2013.08.29 03:00:00.214,1.33397,1.33399,2.25,1.13
2013.08.29 03:00:00.756,1.33397,1.33399,1.50,2.25
2013.08.29 03:00:01.303,1.33397,1.33401,5.59,1.23
2013.08.29 03:00:01.842,1.33398,1.33401,3.25,1.80
2013.08.29 03:00:02.203,1.33398,1.334,1.50,1.00
2013.08.29 03:00:03.644,1.33397,1.33399,1.31,1.00
2013.08.29 03:00:04.189,1.33397,1.334,1.00,4.00
2013.08.29 03:00:04.325,1.33396,1.33398,2.25,1.00
2013.08.29 03:00:05.952,1.33396,1.33397,1.00,1.00
2013.08.29 03:00:06.862,1.33395,1.33397,2.44,1.00
2013.08.29 03:00:08.544,1.33394,1.33396,1.88,1.10
2013.08.29 03:00:08.605,1.3339,1.33394,10.32,9.01
2013.08.29 03:00:09.023,1.33387,1.33389,3.00,1.00
2013.08.29 03:00:09.564,1.33387,1.33392,7.88,4.69
2013.08.29 03:00:10.046,1.33387,1.33389,4.50,4.00
2013.08.29 03:00:10.584,1.33387,1.33389,4.80,1.50
2013.08.29 03:00:11.133,1.33387,1.3339,2.10,5.44
2013.08.29 03:00:11.852,1.33387,1.33389,1.73,1.00
2013.08.29 03:00:12.392,1.33387,1.33389,1.88,1.00
2013.08.29 03:00:12.873,1.33387,1.33389,4.99,1.00
2013.08.29 03:00:13.393,1.33388,1.33392,4.05,2.44
2013.08.29 03:00:20.504,1.33388,1.33389,1.28,1.00
2013.08.29 03:00:20.624,1.33387,1.33389,1.80,2.10
2013.08.29 03:00:21.163,1.33386,1.3339,2.18,11.74
2013.08.29 03:00:21.744,1.33386,1.33389,2.18,1.35
2013.08.29 03:00:22.823,1.33386,1.33389,2.18,4.73
2013.08.29 03:00:23.940,1.33386,1.33389,2.03,6.23
2013.08.29 03:00:24.643,1.33386,1.33389,2.18,6.23
2013.08.29 03:00:25.747,1.33386,1.33389,2.18,6.23
2013.08.29 03:00:26.253,1.33386,1.33389,1.80,5.82
2013.08.29 03:00:26.554,1.33382,1.33384,1.00,1.69
2013.08.29 03:00:26.673,1.33381,1.33382,2.03,3.98
2013.08.29 03:00:27.033,1.33381,1.33383,1.50,1.32
2013.08.29 03:00:27.093,1.33381,1.33382,1.13,2.25
2013.08.29 03:00:27.635,1.33378,1.33381,1.28,4.32
2013.08.29 03:00:28.173,1.3338,1.33384,3.53,1.68
2013.08.29 03:00:28.293,1.3338,1.33383,1.95,1.25
2013.08.29 03:00:28.413,1.33382,1.33386,2.95,2.44
2013.08.29 03:00:29.072,1.33383,1.33387,2.84,1.88
2013.08.29 03:00:29.313,1.33383,1.33385,1.00,1.00
2013.08.29 03:00:29.865,1.33382,1.33385,1.20,1.50
2013.08.29 03:00:30.372,1.33382,1.33384,2.70,1.00
2013.08.29 03:00:30.913,1.33381,1.33384,1.32,1.00
2013.08.29 03:00:31.453,1.33381,1.33384,1.50,1.57
2013.08.29 03:00:31.633,1.33379,1.33382,3.00,1.88
2013.08.29 03:00:34.182,1.33378,1.33381,2.63,1.00
2013.08.29 03:00:34.723,1.33376,1.3338,5.44,4.73
2013.08.29 03:00:35.642,1.33376,1.3338,5.89,3.60
2013.08.29 03:00:36.573,1.33379,1.33381,1.50,5.07
2013.08.29 03:00:36.874,1.33382,1.33384,3.38,1.50
2013.08.29 03:00:37.412,1.33381,1.33384,1.20,1.38
2013.08.29 03:00:37.713,1.33379,1.33382,2.63,2.50
2013.08.29 03:00:37.773,1.33377,1.33381,4.17,2.63
2013.08.29 03:00:39.452,1.33377,1.3338,2.29,1.50
2013.08.29 03:00:39.992,1.33377,1.3338,1.28,3.38
2013.08.29 03:00:40.172,1.33376,1.3338,2.74,3.38
2013.08.29 03:00:41.502,1.33376,1.3338,2.29,3.75
2013.08.29 03:00:44.547,1.33376,1.33378,2.32,1.13
2013.08.29 03:00:45.064,1.33376,1.33377,1.00,1.50
2013.08.29 03:00:45.622,1.33375,1.33377,1.00,1.50
2013.08.29 03:00:46.262,1.33376,1.33378,1.13,1.50
2013.08.29 03:00:46.802,1.33376,1.3338,1.13,6.19
2013.08.29 03:00:57.212,1.33376,1.3338,1.13,2.82
2013.08.29 03:01:03.073,1.33376,1.3338,1.13,7.53
2013.08.29 03:01:03.432,1.33375,1.33377,1.00,1.00
2013.08.29 03:01:10.413,1.33375,1.33377,2.25,1.88
2013.08.29 03:01:16.222,1.33375,1.33377,1.00,1.50
2013.08.29 03:01:18.982,1.33375,1.33377,3.00,1.88
2013.08.29 03:01:20.369,1.33375,1.33377,4.00,1.50
2013.08.29 03:01:21.583,1.33375,1.33377,2.63,1.88
2013.08.29 03:01:25.362,1.33375,1.33377,3.63,1.00
2013.08.29 03:01:26.712,1.33375,1.33377,13.88,1.38
2013.08.29 03:01:28.442,1.33375,1.33377,14.88,1.00
2013.08.29 03:01:28.772,1.33375,1.33377,14.88,1.00
2013.08.29 03:01:29.782,1.33375,1.33377,3.75,1.38
2013.08.29 03:01:30.382,1.33375,1.33378,1.50,2.25
2013.08.29 03:01:30.943,1.33376,1.33378,1.00,1.88
2013.08.29 03:01:31.482,1.33375,1.33378,1.50,2.25
2013.08.29 03:01:32.222,1.33376,1.33378,1.00,1.88
2013.08.29 03:01:34.162,1.33375,1.33378,1.50,2.25
2013.08.29 03:01:34.673,1.33375,1.33377,1.50,1.13
2013.08.29 03:01:36.915,1.33374,1.33377,2.07,1.13
2013.08.29 03:01:37.702,1.33375,1.33377,1.00,1.88
2013.08.29 03:01:37.776,1.33373,1.33376,2.88,10.35
2013.08.29 03:01:38.024,1.33373,1.33374,1.50,1.13
2013.08.29 03:01:38.265,1.33374,1.33376,5.63,3.38
2013.08.29 03:01:38.383,1.33375,1.33377,4.13,1.25
2013.08.29 03:01:41.763,1.33375,1.33376,1.50,1.00
2013.08.29 03:01:41.823,1.33373,1.33376,1.88,1.00
2013.08.29 03:01:42.362,1.33373,1.33377,1.88,3.19
2013.08.29 03:01:43.142,1.33374,1.33377,1.00,1.88
2013.08.29 03:01:43.672,1.33373,1.33377,2.07,1.88
2013.08.29 03:01:44.652,1.33374,1.33377,1.00,1.88
2013.08.29 03:01:45.173,1.33375,1.33377,1.00,1.88
2013.08.29 03:01:48.104,1.33375,1.33376,1.00,1.00
2013.08.29 03:01:48.344,1.33373,1.33376,3.57,1.00
2013.08.29 03:01:49.832,1.33374,1.33377,1.00,3.00
2013.08.29 03:01:52.362,1.33374,1.33377,1.38,1.50
2013.08.29 03:01:58.656,1.33373,1.33376,3.94,1.00
2013.08.29 03:01:58.833,1.33373,1.33376,3.94,1.00
2013.08.29 03:02:00.094,1.33373,1.33375,3.19,1.50
2013.08.29 03:02:00.705,1.33373,1.33376,3.00,1.00
2013.08.29 03:02:01.763,1.33374,1.33377,1.00,3.19
2013.08.29 03:02:02.354,1.33373,1.33376,4.13,1.00
2013.08.29 03:02:04.033,1.33373,1.33376,4.50,1.00
2013.08.29 03:02:04.095,1.33374,1.33376,1.13,1.00
2013.08.29 03:02:04.642,1.33374,1.33377,1.38,1.69
2013.08.29 03:02:05.243,1.33373,1.33375,4.88,1.00
2013.08.29 03:02:05.364,1.33373,1.33375,1.88,11.50
2013.08.29 03:02:05.902,1.33373,1.33375,1.20,1.50
2013.08.29 03:02:06.483,1.33373,1.33377,1.20,2.44
2013.08.29 03:02:06.542,1.33373,1.33375,1.20,1.00
2013.08.29 03:02:11.013,1.33375,1.33377,1.50,2.82
2013.08.29 03:02:11.553,1.33375,1.33377,2.25,1.25
2013.08.29 03:02:12.962,1.33376,1.33377,1.00,1.25
2013.08.29 03:02:13.553,1.33375,1.33377,2.25,1.00
2013.08.29 03:02:16.343,1.33375,1.33378,2.25,5.55
2013.08.29 03:02:16.882,1.33376,1.33378,1.00,4.05
2013.08.29 03:02:19.082,1.33375,1.33378,1.50,5.55
2013.08.29 03:02:19.603,1.33374,1.33377,1.50,1.13
2013.08.29 03:02:21.242,1.33373,1.33375,1.39,7.75
2013.08.29 03:02:21.782,1.3337,1.33373,2.40,1.00
2013.08.29 03:02:22.322,1.3337,1.33374,2.40,7.32
2013.08.29 03:02:22.684,1.33374,1.33377,3.00,2.44
2013.08.29 03:02:23.222,1.33374,1.33377,1.50,3.19
2013.08.29 03:02:25.423,1.33374,1.33375,1.50,1.65
2013.08.29 03:02:25.962,1.33372,1.33374,1.02,1.00
2013.08.29 03:02:26.464,1.33373,1.33375,1.00,4.84
2013.08.29 03:02:27.002,1.33374,1.33375,1.00,1.25
2013.08.29 03:02:31.233,1.33371,1.33374,1.65,1.00
2013.08.29 03:02:31.592,1.33372,1.33374,1.00,1.00
2013.08.29 03:02:33.154,1.33372,1.33375,1.95,7.02
2013.08.29 03:02:38.623,1.33374,1.33375,1.13,1.50
2013.08.29 03:02:38.982,1.33375,1.33378,1.50,10.23
2013.08.29 03:02:42.642,1.33374,1.33377,1.00,1.63
2013.08.29 03:02:46.232,1.33374,1.33377,1.50,4.69
2013.08.29 03:02:46.864,1.33375,1.33377,1.50,1.69
2013.08.29 03:02:55.375,1.33376,1.33378,1.00,4.13
2013.08.29 03:02:55.912,1.33377,1.33379,2.25,2.07
2013.08.29 03:02:56.572,1.33378,1.33379,1.00,1.50
2013.08.29 03:02:59.712,1.33378,1.33379,1.50,1.13
2013.08.29 03:03:06.092,1.33378,1.3338,1.00,4.90
2013.08.29 03:03:08.014,1.33378,1.3338,1.00,4.90
2013.08.29 03:03:08.562,1.33378,1.3338,1.00,3.78
2013.08.29 03:03:13.973,1.33378,1.3338,1.00,3.78
2013.08.29 03:03:14.582,1.33378,1.3338,1.00,3.78
2013.08.29 03:03:16.713,1.33378,1.3338,1.00,3.59
2013.08.29 03:03:17.215,1.33378,1.3338,1.50,4.64
2013.08.29 03:03:17.853,1.33378,1.33379,1.50,1.00
2013.08.29 03:03:18.862,1.33377,1.33379,4.35,1.00
2013.08.29 03:03:19.662,1.33377,1.3338,2.85,1.62
2013.08.29 03:03:20.182,1.33377,1.33379,1.50,1.00
2013.08.29 03:03:21.153,1.33377,1.3338,1.00,9.33
2013.08.29 03:03:30.163,1.33378,1.3338,1.00,1.53
2013.08.29 03:03:30.703,1.33378,1.3338,1.50,2.28
2013.08.29 03:03:34.814,1.33377,1.3338,2.63,3.78
2013.08.29 03:03:35.353,1.33377,1.33379,1.88,1.00
2013.08.29 03:03:36.942,1.33377,1.3338,1.88,6.03
2013.08.29 03:03:39.932,1.33377,1.3338,3.00,1.03
2013.08.29 03:03:40.472,1.33379,1.33381,1.00,1.71
2013.08.29 03:03:54.662,1.33377,1.3338,1.32,3.21
2013.08.29 03:04:30.312,1.33377,1.3338,1.25,2.63
2013.08.29 03:04:33.865,1.33376,1.33379,1.69,2.13
2013.08.29 03:04:34.404,1.33378,1.33379,1.00,1.88
2013.08.29 03:04:34.763,1.33376,1.33378,1.32,2.88
2013.08.29 03:04:37.262,1.33376,1.33378,1.00,1.50
2013.08.29 03:04:45.423,1.33375,1.33378,5.25,2.07
2013.08.29 03:04:45.963,1.33374,1.33377,2.25,6.00
2013.08.29 03:04:50.093,1.33375,1.33377,1.00,4.50
2013.08.29 03:04:51.553,1.33374,1.33377,2.25,5.25
2013.08.29 03:04:52.332,1.33375,1.33378,1.00,8.44
2013.08.29 03:04:52.842,1.33374,1.33378,3.00,8.44
2013.08.29 03:04:56.093,1.33374,1.33375,1.50,2.25
2013.08.29 03:04:56.274,1.33371,1.33374,2.07,2.13
2013.08.29 03:04:57.703,1.33371,1.33373,2.82,1.50
2013.08.29 03:04:58.683,1.33371,1.33373,2.82,4.75
2013.08.29 03:04:59.228,1.33371,1.33373,1.32,1.50
2013.08.29 03:04:59.413,1.33371,1.33372,1.50,1.50
2013.08.29 03:05:00.133,1.3337,1.33372,2.44,1.00
2013.08.29 03:05:00.642,1.33371,1.33372,1.00,1.50
2013.08.29 03:05:01.182,1.3337,1.33372,2.44,1.00
2013.08.29 03:05:03.002,1.33371,1.33372,1.00,1.50
2013.08.29 03:05:05.302,1.33371,1.33373,1.00,1.50
2013.08.29 03:05:08.612,1.33373,1.33374,1.00,1.00
2013.08.29 03:05:09.152,1.33371,1.33374,3.57,9.38
2013.08.29 03:05:09.392,1.33373,1.33374,1.00,4.13
2013.08.29 03:05:09.512,1.33371,1.33374,3.57,9.38
2013.08.29 03:05:13.045,1.33371,1.33373,2.44,1.50
2013.08.29 03:05:16.682,1.3337,1.33373,2.07,1.50
2013.08.29 03:05:17.283,1.33369,1.33371,3.94,3.75
2013.08.29 03:05:19.983,1.33368,1.33371,11.82,4.00
2013.08.29 03:05:20.533,1.33369,1.33371,2.10,4.92
2013.08.29 03:05:24.583,1.33369,1.33371,1.13,3.75
2013.08.29 03:05:25.813,1.33369,1.33373,1.88,2.37
2013.08.29 03:05:26.552,1.33368,1.33371,5.82,1.00
2013.08.29 03:05:27.953,1.33368,1.33371,4.32,7.75
2013.08.29 03:05:28.484,1.33368,1.33369,1.00,1.69
2013.08.29 03:05:28.843,1.33362,1.33368,2.25,1.38
2013.08.29 03:05:29.625,1.33365,1.33368,1.00,1.38
2013.08.29 03:05:29.683,1.33365,1.33368,1.00,2.63
2013.08.29 03:05:30.102,1.33364,1.33368,1.25,4.13
2013.08.29 03:05:30.343,1.33365,1.33368,1.00,4.13
2013.08.29 03:05:30.523,1.33365,1.33368,1.00,4.13
2013.08.29 03:05:31.613,1.33365,1.33368,1.00,3.75
2013.08.29 03:05:32.170,1.33364,1.33368,1.69,3.75
2013.08.29 03:05:33.014,1.33364,1.33366,1.69,1.00
2013.08.29 03:05:34.013,1.33363,1.33365,1.00,1.00
2013.08.29 03:05:36.442,1.33362,1.33365,1.25,4.88
2013.08.29 03:05:38.763,1.33362,1.33365,1.25,3.38
2013.08.29 03:05:39.064,1.33358,1.33361,2.63,2.50
2013.08.29 03:05:39.363,1.33359,1.33361,2.25,1.88
2013.08.29 03:05:39.483,1.33361,1.33364,1.50,4.13
2013.08.29 03:05:39.664,1.33363,1.33365,1.00,1.69
2013.08.29 03:05:40.261,1.33363,1.33366,1.50,1.38
2013.08.29 03:05:43.283,1.33363,1.33366,1.38,3.00
2013.08.29 03:05:43.343,1.33363,1.33366,1.38,1.50
2013.08.29 03:05:43.883,1.33366,1.33368,1.00,1.38
2013.08.29 03:05:45.184,1.33366,1.33369,1.00,4.32
2013.08.29 03:05:53.955,1.33364,1.33369,4.69,4.32
2013.08.29 03:05:54.483,1.33366,1.33369,1.00,2.82
2013.08.29 03:06:05.895,1.33366,1.33369,1.00,4.88
2013.08.29 03:06:06.825,1.33365,1.33368,1.88,1.38
2013.08.29 03:06:07.364,1.33365,1.33367,1.00,1.88
2013.08.29 03:06:07.723,1.33363,1.33366,1.50,1.63
2013.08.29 03:06:08.262,1.33363,1.33366,1.00,2.44
2013.08.29 03:06:09.944,1.33365,1.33367,1.00,3.57
2013.08.29 03:06:10.247,1.33366,1.33369,1.00,2.93
2013.08.29 03:06:13.353,1.33367,1.33369,1.50,1.13
2013.08.29 03:06:13.713,1.33366,1.33367,2.25,1.13
2013.08.29 03:06:21.243,1.33365,1.33366,2.15,1.00
2013.08.29 03:06:21.483,1.33363,1.33365,3.75,1.50
2013.08.29 03:06:21.603,1.33363,1.33364,1.88,1.50
2013.08.29 03:06:22.162,1.3336,1.33362,1.00,1.50
2013.08.29 03:06:22.230,1.33361,1.33362,1.00,1.50
2013.08.29 03:06:22.773,1.33361,1.33364,2.25,3.94
2013.08.29 03:06:23.922,1.33361,1.33364,2.25,2.07
2013.08.29 03:06:26.023,1.33361,1.33363,1.00,1.00
2013.08.29 03:06:26.563,1.33361,1.33362,1.00,1.50
2013.08.29 03:06:27.103,1.33361,1.33363,1.00,1.50
2013.08.29 03:06:28.186,1.33361,1.33362,1.00,1.13
2013.08.29 03:06:33.013,1.33361,1.33363,1.00,2.63
2013.08.29 03:06:38.144,1.33361,1.33362,1.00,1.00
2013.08.29 03:06:42.253,1.3336,1.33362,3.00,1.38
2013.08.29 03:06:51.115,1.33359,1.33362,1.50,6.00
2013.08.29 03:06:51.177,1.33359,1.3336,1.50,1.50
2013.08.29 03:06:51.713,1.33358,1.33359,3.19,1.00
2013.08.29 03:06:52.546,1.33359,1.3336,1.00,10.50
2013.08.29 03:06:52.855,1.33352,1.33359,1.50,1.38
2013.08.29 03:06:52.974,1.33356,1.33359,1.50,1.88
2013.08.29 03:06:56.353,1.33355,1.33358,1.69,1.88
2013.08.29 03:06:56.653,1.33353,1.33355,1.69,2.48
2013.08.29 03:06:57.073,1.33354,1.33357,1.00,3.75
2013.08.29 03:06:57.253,1.33356,1.33357,1.00,1.50
2013.08.29 03:06:59.803,1.33356,1.33358,1.50,2.25
2013.08.29 03:07:02.303,1.33357,1.33358,1.00,3.00
2013.08.29 03:07:03.483,1.33356,1.33358,1.50,3.00
2013.08.29 03:07:49.274,1.33356,1.33359,1.00,2.00
2013.08.29 03:07:49.576,1.33352,1.33355,2.07,9.98
2013.08.29 03:07:50.124,1.33351,1.33353,1.00,2.35
2013.08.29 03:07:50.365,1.33352,1.33354,1.13,2.25
2013.08.29 03:07:50.603,1.33354,1.33356,1.00,1.30
2013.08.29 03:07:51.523,1.33353,1.33355,1.00,4.51
2013.08.29 03:07:51.824,1.33351,1.33355,1.00,26.67
2013.08.29 03:07:52.853,1.33351,1.33354,1.00,9.67
2013.08.29 03:07:55.233,1.33351,1.33352,1.00,1.00
2013.08.29 03:07:59.043,1.33351,1.33353,1.00,1.13
2013.08.29 03:07:59.593,1.33351,1.33352,1.00,1.00
2013.08.29 03:08:00.363,1.3335,1.33353,1.00,1.88
2013.08.29 03:08:02.153,1.33351,1.33352,1.00,1.50
2013.08.29 03:08:09.063,1.3335,1.33353,2.25,1.88
2013.08.29 03:08:14.253,1.3335,1.33352,2.25,1.38
2013.08.29 03:08:14.373,1.33348,1.3335,3.75,1.38
2013.08.29 03:08:14.553,1.33346,1.33348,3.57,1.13
2013.08.29 03:08:15.035,1.33345,1.33347,5.07,1.00
2013.08.29 03:08:15.335,1.33346,1.33349,1.00,1.13
2013.08.29 03:08:23.033,1.33346,1.33349,1.00,1.88
2013.08.29 03:08:34.593,1.33346,1.33349,1.00,3.42
2013.08.29 03:08:34.654,1.33346,1.33348,1.00,2.29
2013.08.29 03:08:34.894,1.33335,1.33343,3.00,1.50
2013.08.29 03:08:35.445,1.3334,1.33342,3.25,1.50
2013.08.29 03:08:36.123,1.33342,1.33345,1.13,6.19
2013.08.29 03:08:36.183,1.33342,1.33345,1.13,3.57
2013.08.29 03:08:36.712,1.33343,1.33345,1.00,2.44
2013.08.29 03:08:37.384,1.33343,1.33344,1.00,1.00
2013.08.29 03:08:37.443,1.33341,1.33343,3.38,1.13
2013.08.29 03:08:37.983,1.3334,1.33343,2.82,2.63
2013.08.29 03:08:38.464,1.33342,1.33343,1.00,1.88
2013.08.29 03:08:38.838,1.33344,1.33346,1.50,3.23
2013.08.29 03:08:39.563,1.33345,1.33346,1.00,2.85
2013.08.29 03:08:40.103,1.33343,1.33346,2.63,3.23
2013.08.29 03:08:42.735,1.33345,1.33346,1.50,3.23
2013.08.29 03:08:43.033,1.33345,1.33347,3.75,2.44
2013.08.29 03:08:43.094,1.33346,1.33348,1.00,2.82
2013.08.29 03:08:47.073,1.33345,1.33347,10.13,1.88
2013.08.29 03:08:47.723,1.33345,1.33347,4.51,1.50
2013.08.29 03:08:48.283,1.33346,1.33348,2.13,1.25
2013.08.29 03:08:55.993,1.33346,1.33348,2.13,1.25
2013.08.29 03:08:57.203,1.33347,1.33349,5.88,4.92
2013.08.29 03:08:57.903,1.33347,1.33348,5.63,1.00
2013.08.29 03:09:07.463,1.33345,1.33348,4.32,1.38
2013.08.29 03:09:07.972,1.33346,1.33347,1.50,1.50
2013.08.29 03:09:08.733,1.33346,1.33349,1.00,7.73
2013.08.29 03:09:10.556,1.33346,1.33347,1.50,1.50
2013.08.29 03:09:11.093,1.33346,1.33347,1.00,2.25
2013.08.29 03:09:13.077,1.33345,1.33346,2.44,2.10
2013.08.29 03:09:13.433,1.33344,1.33347,1.50,7.17
2013.08.29 03:09:14.635,1.33345,1.33347,1.00,5.67
2013.08.29 03:09:15.653,1.33344,1.33347,1.50,5.67
2013.08.29 03:09:16.173,1.33345,1.33347,1.50,4.92
2013.08.29 03:09:21.123,1.33345,1.33347,4.00,4.17
2013.08.29 03:09:35.154,1.33345,1.33347,3.75,5.48
2013.08.29 03:09:44.909,1.33345,1.33347,4.00,5.10
2013.08.29 03:09:56.143,1.33346,1.33348,1.00,2.44
2013.08.29 03:09:56.683,1.33346,1.33349,5.50,6.60
2013.08.29 03:09:58.993,1.33345,1.33347,10.88,1.00
2013.08.29 03:10:03.593,1.33346,1.33347,1.50,1.13
2013.08.29 03:10:07.563,1.33346,1.33348,1.00,2.25
2013.08.29 03:10:09.024,1.33346,1.33347,3.75,1.00
2013.08.29 03:10:09.443,1.33346,1.33348,1.13,1.00
2013.08.29 03:10:09.684,1.33346,1.3335,1.88,5.44
2013.08.29 03:10:10.240,1.33347,1.33349,1.00,1.00
2013.08.29 03:10:10.754,1.33346,1.33349,1.88,1.00
2013.08.29 03:10:16.943,1.33347,1.33349,1.00,5.07
2013.08.29 03:10:17.486,1.33346,1.33348,1.00,2.25
2013.08.29 03:10:18.023,1.33345,1.33347,1.00,2.85
2013.08.29 03:10:18.563,1.33345,1.33346,1.00,1.00
2013.08.29 03:10:20.074,1.33345,1.33347,4.00,1.13
2013.08.29 03:10:20.254,1.33346,1.33349,5.50,3.57
2013.08.29 03:10:25.254,1.33346,1.33348,1.00,1.88
2013.08.29 03:10:26.805,1.33346,1.33349,1.00,3.19
2013.08.29 03:10:27.512,1.33346,1.33348,1.50,2.25
2013.08.29 03:10:28.043,1.33346,1.33349,1.00,7.69
2013.08.29 03:10:28.464,1.33348,1.3335,1.00,4.50
2013.08.29 03:10:28.763,1.33349,1.33352,2.50,10.13
2013.08.29 03:10:29.286,1.33349,1.33351,3.75,2.44
2013.08.29 03:10:33.555,1.3335,1.33352,1.50,12.00
2013.08.29 03:10:33.795,1.33349,1.33351,1.50,2.25
2013.08.29 03:10:33.916,1.33348,1.3335,1.69,2.63
2013.08.29 03:10:40.743,1.33347,1.3335,1.50,1.88
2013.08.29 03:10:41.963,1.33348,1.3335,2.25,1.13
2013.08.29 03:10:43.080,1.33349,1.3335,1.00,1.00
2013.08.29 03:10:46.044,1.33348,1.3335,1.50,1.00
2013.08.29 03:11:02.853,1.33348,1.33349,1.00,1.00
2013.08.29 03:11:03.186,1.33346,1.33349,2.82,1.00
2013.08.29 03:11:03.723,1.33346,1.33347,1.13,1.00
2013.08.29 03:11:04.445,1.33344,1.33347,1.50,4.50
2013.08.29 03:11:04.806,1.3334,1.33343,1.50,4.75
2013.08.29 03:11:05.343,1.33339,1.33341,1.69,1.00
2013.08.29 03:11:05.584,1.33338,1.3334,6.00,2.63
2013.08.29 03:11:06.125,1.33332,1.33339,1.88,1.00
2013.08.29 03:11:08.684,1.33337,1.33339,1.00,1.50
2013.08.29 03:11:09.813,1.33336,1.33339,2.82,1.38
2013.08.29 03:11:12.874,1.33337,1.33339,1.00,4.88
2013.08.29 03:11:20.093,1.33336,1.33339,2.82,4.86
2013.08.29 03:11:32.673,1.33337,1.3334,2.25,6.19
2013.08.29 03:11:33.233,1.33338,1.3334,1.50,2.44
2013.08.29 03:11:57.473,1.33339,1.3334,1.00,2.25
2013.08.29 03:12:01.144,1.33339,1.33341,2.25,2.63
2013.08.29 03:12:01.703,1.33339,1.3334,1.00,1.00
2013.08.29 03:12:05.053,1.3334,1.33341,1.50,1.00
2013.08.29 03:12:06.285,1.33339,1.3334,1.50,1.00
2013.08.29 03:12:07.829,1.3334,1.33341,1.50,1.13
2013.08.29 03:12:08.373,1.3334,1.33341,1.00,4.88
2013.08.29 03:12:08.854,1.33338,1.3334,1.00,5.10
2013.08.29 03:12:09.413,1.33337,1.33338,1.50,1.00
2013.08.29 03:12:10.163,1.33336,1.33338,2.44,1.13
2013.08.29 03:12:10.703,1.33337,1.33338,1.50,1.13
2013.08.29 03:12:15.406,1.33338,1.3334,1.00,6.75
2013.08.29 03:12:15.975,1.33338,1.3334,1.00,6.38
2013.08.29 03:12:16.433,1.33338,1.3334,1.00,5.63
2013.08.29 03:12:16.614,1.33337,1.33338,1.50,1.00
2013.08.29 03:12:17.153,1.33336,1.33338,1.88,1.00
2013.08.29 03:12:24.234,1.33336,1.33337,1.13,1.00
2013.08.29 03:12:24.799,1.33335,1.33337,1.13,1.00
2013.08.29 03:12:25.844,1.33335,1.33336,1.00,1.00
2013.08.29 03:12:26.353,1.33329,1.33335,1.13,1.00
2013.08.29 03:12:26.873,1.33334,1.33336,1.88,1.00
2013.08.29 03:12:27.385,1.33334,1.33337,1.50,1.88
2013.08.29 03:12:28.973,1.33333,1.33336,3.57,1.00
2013.08.29 03:12:29.514,1.33333,1.33337,4.50,3.94
2013.08.29 03:12:31.773,1.33333,1.33335,3.00,1.00
2013.08.29 03:12:36.044,1.33334,1.33335,1.00,1.00
2013.08.29 03:12:38.964,1.33335,1.33337,1.00,2.07
2013.08.29 03:12:39.083,1.33335,1.33337,1.50,1.69
2013.08.29 03:12:52.925,1.33334,1.33337,2.63,1.00
2013.08.29 03:12:55.823,1.33335,1.33337,1.00,1.32
2013.08.29 03:13:09.145,1.33334,1.33337,1.88,2.25
2013.08.29 03:13:10.333,1.33335,1.33337,1.00,1.50
2013.08.29 03:13:10.873,1.33336,1.33339,1.00,4.32
2013.08.29 03:13:16.705,1.33335,1.33339,6.38,5.44
2013.08.29 03:13:17.522,1.33335,1.33339,6.38,4.69
2013.08.29 03:13:22.304,1.33335,1.33338,6.38,1.00
2013.08.29 03:13:22.843,1.33335,1.33337,1.00,2.25
2013.08.29 03:13:28.621,1.33335,1.33337,1.00,3.00
2013.08.29 03:13:28.805,1.33333,1.33335,2.25,1.00
2013.08.29 03:13:30.774,1.33335,1.33337,1.00,3.04
2013.08.29 03:13:31.696,1.33334,1.33337,1.13,3.79
2013.08.29 03:13:42.593,1.33334,1.33337,1.38,3.60
2013.08.29 03:13:48.133,1.33336,1.33339,1.00,5.82
2013.08.29 03:13:48.657,1.33338,1.3334,1.00,1.88
2013.08.29 03:13:50.134,1.33339,1.33341,1.00,3.38
2013.08.29 03:13:50.654,1.3334,1.33342,1.00,2.07
2013.08.29 03:13:53.193,1.33339,1.33341,1.00,3.63
2013.08.29 03:13:53.314,1.33337,1.33339,1.69,1.00
2013.08.29 03:13:56.525,1.33336,1.33339,1.32,1.00
2013.08.29 03:13:57.495,1.33336,1.33338,1.32,1.00
2013.08.29 03:13:58.054,1.33335,1.33337,2.63,1.00
2013.08.29 03:14:01.934,1.33335,1.33338,3.38,1.50
2013.08.29 03:14:02.694,1.33335,1.33339,3.38,1.25
2013.08.29 03:15:01.634,1.33337,1.33339,1.00,1.00
2013.08.29 03:15:02.174,1.33336,1.3334,1.32,1.13
2013.08.29 03:15:06.314,1.33337,1.3334,1.88,1.00
2013.08.29 03:15:06.494,1.33336,1.3334,5.44,1.13
2013.08.29 03:15:07.464,1.33336,1.3334,2.44,1.88
2013.08.29 03:15:32.444,1.33336,1.3334,4.69,3.00
2013.08.29 03:15:32.984,1.33336,1.33337,1.00,1.00
2013.08.29 03:15:33.525,1.33335,1.33337,5.07,1.00
2013.08.29 03:15:37.384,1.33336,1.33337,1.00,1.00
2013.08.29 03:15:41.514,1.33335,1.33337,4.69,1.00
2013.08.29 03:15:44.933,1.33336,1.33337,1.00,1.00
2013.08.29 03:15:48.974,1.33335,1.33337,2.63,1.00
2013.08.29 03:15:49.948,1.33336,1.33337,1.00,1.00
2013.08.29 03:15:58.773,1.33335,1.33337,2.25,1.00
2013.08.29 03:16:03.264,1.33335,1.33337,4.13,1.00
2013.08.29 03:16:03.766,1.33337,1.33338,1.00,1.13
2013.08.29 03:16:06.225,1.33336,1.33337,1.32,1.00
2013.08.29 03:16:06.764,1.33336,1.33338,1.00,1.13
2013.08.29 03:16:11.507,1.33336,1.33337,1.25,1.00
2013.08.29 03:16:15.304,1.33335,1.33337,2.25,1.00
2013.08.29 03:16:18.544,1.33336,1.3334,1.38,5.07
2013.08.29 03:16:19.084,1.33336,1.3334,2.72,2.07
2013.08.29 03:16:23.254,1.33338,1.33341,1.50,2.82
2013.08.29 03:16:26.263,1.3334,1.33341,1.00,2.07
2013.08.29 03:16:28.565,1.3334,1.33342,17.25,4.60
2013.08.29 03:16:28.684,1.3334,1.33342,4.50,4.50
2013.08.29 03:16:28.745,1.3334,1.33343,6.25,1.25
2013.08.29 03:16:28.984,1.3334,1.33341,4.50,1.00
2013.08.29 03:16:29.105,1.3334,1.33342,3.00,4.88
2013.08.29 03:16:29.675,1.3334,1.33342,1.13,7.88
2013.08.29 03:16:31.044,1.3334,1.33342,2.63,7.13
2013.08.29 03:16:36.333,1.33339,1.33342,3.75,4.13
2013.08.29 03:16:37.029,1.3334,1.33342,1.50,5.25
2013.08.29 03:16:39.415,1.33341,1.33342,1.00,3.38
2013.08.29 03:16:44.214,1.3334,1.33342,3.38,3.38
2013.08.29 03:16:49.535,1.33341,1.33343,1.00,1.05
2013.08.29 03:16:49.835,1.33346,1.33347,1.00,2.25
2013.08.29 03:16:50.384,1.33346,1.33348,1.13,1.00
2013.08.29 03:17:00.506,1.33348,1.33349,1.00,1.00
2013.08.29 03:17:01.044,1.33349,1.3335,1.00,1.50
2013.08.29 03:17:02.054,1.33349,1.3335,1.00,3.00
2013.08.29 03:17:05.529,1.33349,1.3335,1.00,3.00
2013.08.29 03:17:08.064,1.33349,1.3335,1.00,1.50
2013.08.29 03:17:09.109,1.33348,1.3335,1.88,3.25
2013.08.29 03:17:10.134,1.33348,1.3335,1.88,4.02
2013.08.29 03:17:10.824,1.33348,1.33349,1.88,1.00
2013.08.29 03:17:11.484,1.33348,1.3335,1.13,3.27
2013.08.29 03:17:12.025,1.33349,1.3335,1.30,1.50
2013.08.29 03:17:21.604,1.33349,1.33351,1.30,1.50
2013.08.29 03:17:23.714,1.33349,1.3335,1.30,1.00
2013.08.29 03:17:27.044,1.3335,1.33353,5.93,4.32
2013.08.29 03:17:27.285,1.33349,1.3335,1.88,2.63
2013.08.29 03:17:27.404,1.33348,1.3335,1.50,3.38
2013.08.29 03:17:27.584,1.33348,1.3335,1.13,3.00
2013.08.29 03:17:28.784,1.33347,1.33348,1.73,1.00
2013.08.29 03:17:29.144,1.33347,1.33348,1.73,1.50
2013.08.29 03:17:29.675,1.33347,1.33348,1.73,1.00
2013.08.29 03:17:34.864,1.33347,1.33348,1.30,1.13
2013.08.29 03:17:36.393,1.33347,1.33349,3.83,1.88
2013.08.29 03:17:40.645,1.33348,1.3335,1.35,2.25
2013.08.29 03:17:41.240,1.33349,1.33351,1.10,2.63
2013.08.29 03:17:50.184,1.33348,1.3335,3.00,3.38
2013.08.29 03:17:51.824,1.33348,1.3335,3.00,2.63
2013.08.29 03:17:52.882,1.33348,1.33352,2.25,6.75
2013.08.29 03:17:53.439,1.33348,1.33351,3.75,2.63
2013.08.29 03:18:02.735,1.33349,1.33351,2.13,1.50
2013.08.29 03:18:03.346,1.33349,1.33351,1.13,1.88
2013.08.29 03:18:05.444,1.3335,1.33352,2.88,5.63
2013.08.29 03:18:05.987,1.3335,1.33352,3.75,4.50
2013.08.29 03:18:11.244,1.3335,1.33352,6.25,4.69
2013.08.29 03:18:12.264,1.3335,1.33352,4.50,4.50
2013.08.29 03:18:20.444,1.3335,1.33351,1.00,1.00
2013.08.29 03:18:21.004,1.3335,1.33352,1.00,6.38
2013.08.29 03:18:21.565,1.3335,1.33351,1.00,1.00
2013.08.29 03:18:23.965,1.3335,1.33352,1.00,3.75
2013.08.29 03:18:24.504,1.33348,1.33351,4.69,1.00
2013.08.29 03:18:30.584,1.33348,1.33352,4.69,6.38
2013.08.29 03:18:31.104,1.33348,1.33351,4.69,1.00
2013.08.29 03:18:34.234,1.33348,1.3335,3.75,1.00
2013.08.29 03:18:34.595,1.33349,1.33354,11.50,2.63
2013.08.29 03:18:35.075,1.33352,1.33354,1.13,1.13
2013.08.29 03:18:35.626,1.33352,1.33354,1.13,1.38
2013.08.29 03:18:43.544,1.33351,1.33353,4.88,1.38
2013.08.29 03:18:43.784,1.3335,1.33352,13.35,4.13
2013.08.29 03:18:46.274,1.33348,1.3335,4.69,3.38
2013.08.29 03:18:48.004,1.33349,1.3335,1.69,4.13
2013.08.29 03:18:50.784,1.3335,1.33352,1.00,1.00
2013.08.29 03:19:02.124,1.33349,1.33352,3.57,1.88
2013.08.29 03:19:06.124,1.3335,1.33352,1.00,1.50
2013.08.29 03:19:08.075,1.33349,1.33352,4.13,1.88
2013.08.29 03:19:12.144,1.3335,1.33352,1.00,1.00
2013.08.29 03:19:24.584,1.3335,1.33352,2.25,1.38
2013.08.29 03:19:25.125,1.33351,1.33352,1.00,1.00
2013.08.29 03:19:25.735,1.3335,1.33352,4.50,1.38
2013.08.29 03:19:44.725,1.33351,1.33352,1.00,1.00
2013.08.29 03:19:45.285,1.3335,1.33352,4.50,1.38
2013.08.29 03:19:50.215,1.33349,1.33352,2.82,1.38
2013.08.29 03:19:50.874,1.3335,1.33353,1.00,2.44
2013.08.29 03:19:53.644,1.33349,1.33353,2.82,1.69
2013.08.29 03:19:56.705,1.33349,1.33352,1.13,6.38
2013.08.29 03:19:57.244,1.3335,1.33352,1.50,5.25
2013.08.29 03:20:05.443,1.33349,1.33352,1.88,3.38
2013.08.29 03:20:06.454,1.3335,1.33352,1.50,4.35
2013.08.29 03:20:19.434,1.3335,1.33352,4.00,2.85
2013.08.29 03:20:20.054,1.3335,1.33352,2.25,2.85
2013.08.29 03:20:24.543,1.33349,1.33352,1.88,1.88
2013.08.29 03:20:25.134,1.3335,1.33352,1.00,2.85
2013.08.29 03:20:33.094,1.3335,1.33352,4.00,2.85
2013.08.29 03:20:35.824,1.3335,1.33352,3.75,2.85
2013.08.29 03:20:40.034,1.3335,1.33352,4.00,2.85
2013.08.29 03:20:44.084,1.3335,1.33352,3.75,2.85
2013.08.29 03:20:50.464,1.3335,1.33352,4.00,1.35
2013.08.29 03:20:52.250,1.3335,1.33352,3.75,1.35
2013.08.29 03:20:54.204,1.3335,1.33352,4.00,1.35
2013.08.29 03:20:59.874,1.3335,1.33353,2.25,2.48
2013.08.29 03:21:00.518,1.3335,1.33352,4.00,1.35
2013.08.29 03:21:04.006,1.3335,1.33352,3.75,1.35
2013.08.29 03:21:05.479,1.3335,1.33352,4.00,1.35
2013.08.29 03:21:17.375,1.3335,1.33353,4.00,1.13
2013.08.29 03:21:20.094,1.3335,1.33352,2.25,1.35
2013.08.29 03:21:20.787,1.3335,1.33352,3.75,3.45
2013.08.29 03:21:22.243,1.3335,1.33352,1.50,4.20
2013.08.29 03:21:24.174,1.3335,1.33352,4.00,3.45
2013.08.29 03:21:24.761,1.3335,1.33352,4.00,3.45
2013.08.29 03:21:29.364,1.3335,1.33352,3.75,3.83
2013.08.29 03:21:29.866,1.3335,1.33352,3.75,4.58
2013.08.29 03:21:31.565,1.33349,1.3335,3.38,2.25
2013.08.29 03:21:33.682,1.33349,1.33352,3.38,6.68
2013.08.29 03:21:43.974,1.33349,1.3335,3.38,2.25
2013.08.29 03:21:47.134,1.33349,1.33352,4.13,5.93
2013.08.29 03:22:03.934,1.33349,1.3335,3.75,1.88
2013.08.29 03:22:04.474,1.33349,1.33352,6.75,2.85
2013.08.29 03:22:08.144,1.33349,1.3335,4.50,2.48
2013.08.29 03:22:18.629,1.3335,1.33352,1.50,1.50
2013.08.29 03:22:19.171,1.3335,1.33352,4.00,1.13
2013.08.29 03:22:20.625,1.3335,1.33353,7.00,3.04
2013.08.29 03:22:20.745,1.33351,1.33353,2.25,1.69
2013.08.29 03:22:21.526,1.33352,1.33354,5.50,3.60
2013.08.29 03:22:21.706,1.33352,1.3336,2.70,5.85
2013.08.29 03:22:21.766,1.33353,1.33354,1.50,1.13
2013.08.29 03:22:22.006,1.33354,1.33359,18.63,6.19
2013.08.29 03:22:22.545,1.33356,1.33358,1.50,3.04
2013.08.29 03:22:22.726,1.33355,1.33358,10.50,3.42
2013.08.29 03:22:22.787,1.33356,1.33358,1.50,3.04
2013.08.29 03:22:23.158,1.33354,1.33357,1.13,5.25
2013.08.29 03:22:23.227,1.33353,1.33354,3.00,1.00
2013.08.29 03:22:23.346,1.33351,1.33352,1.00,4.50
2013.08.29 03:22:23.585,1.3335,1.33352,3.00,6.19
2013.08.29 03:22:24.094,1.33349,1.33351,1.00,3.23
2013.08.29 03:22:27.516,1.33348,1.3335,2.63,3.98
2013.08.29 03:22:28.045,1.33347,1.3335,2.44,6.23
2013.08.29 03:22:28.815,1.33347,1.3335,2.07,5.48
2013.08.29 03:22:30.436,1.33349,1.33351,1.00,5.10
2013.08.29 03:22:35.357,1.3335,1.33351,4.50,4.73
2013.08.29 03:22:35.475,1.3335,1.33353,5.25,2.44
2013.08.29 03:22:36.010,1.33351,1.33353,1.00,2.44
2013.08.29 03:22:37.155,1.33351,1.33353,1.00,4.54
2013.08.29 03:22:37.215,1.33349,1.33351,1.00,1.38
2013.08.29 03:22:39.264,1.33348,1.3335,1.69,1.00
2013.08.29 03:22:39.804,1.33347,1.33349,2.07,1.73
2013.08.29 03:22:55.255,1.33347,1.33349,1.32,1.73
2013.08.29 03:23:11.310,1.33347,1.33349,3.19,1.35
2013.08.29 03:23:14.749,1.33347,1.3335,3.19,1.50
2013.08.29 03:23:32.184,1.33347,1.33351,1.69,3.38
2013.08.29 03:23:33.924,1.33346,1.33348,4.32,1.50
2013.08.29 03:23:34.430,1.33346,1.33348,1.00,2.25
2013.08.29 03:23:38.064,1.33345,1.33348,5.63,2.25
2013.08.29 03:23:43.084,1.33346,1.33348,1.00,1.50
2013.08.29 03:23:46.546,1.33346,1.33347,1.00,2.10
2013.08.29 03:23:50.945,1.33347,1.3335,1.00,3.94
2013.08.29 03:23:51.067,1.33347,1.3335,1.00,3.19
2013.08.29 03:23:53.604,1.33347,1.33351,1.00,4.17
2013.08.29 03:23:54.144,1.33345,1.33348,5.25,1.50
2013.08.29 03:23:55.144,1.33345,1.33348,4.50,1.50
2013.08.29 03:23:57.769,1.33345,1.33348,4.13,3.60
2013.08.29 03:23:58.437,1.33346,1.33348,1.00,4.73
2013.08.29 03:24:01.294,1.33344,1.33346,4.32,5.63
2013.08.29 03:24:01.595,1.33341,1.33343,1.00,1.88
2013.08.29 03:24:01.715,1.33341,1.33342,2.63,1.13
2013.08.29 03:24:02.135,1.33341,1.33344,2.25,1.69
2013.08.29 03:24:02.254,1.33342,1.33346,8.25,4.50
2013.08.29 03:24:02.735,1.33346,1.33348,1.00,2.63
2013.08.29 03:24:03.644,1.33346,1.33348,1.00,1.80
2013.08.29 03:24:07.515,1.33345,1.33348,6.57,1.50
2013.08.29 03:24:10.213,1.33346,1.33348,1.00,1.50
2013.08.29 03:24:13.574,1.33345,1.33348,4.88,1.50
2013.08.29 03:24:16.696,1.33345,1.33346,3.38,1.00
2013.08.29 03:24:17.474,1.33346,1.33348,1.00,2.63
2013.08.29 03:24:18.004,1.33346,1.33348,1.00,1.50
2013.08.29 03:24:18.544,1.33346,1.33348,1.50,2.25
2013.08.29 03:24:20.474,1.33346,1.33349,1.00,6.49
2013.08.29 03:24:22.424,1.33346,1.33348,1.00,2.25
2013.08.29 03:24:29.415,1.33346,1.33349,1.00,6.68
2013.08.29 03:24:29.954,1.33346,1.33348,1.50,2.07
2013.08.29 03:24:42.464,1.33346,1.33348,1.50,3.00
2013.08.29 03:24:44.034,1.33346,1.33348,1.00,3.38
2013.08.29 03:24:47.414,1.33345,1.33348,5.25,3.38
2013.08.29 03:24:50.994,1.33346,1.33348,1.00,5.48
2013.08.29 03:24:54.004,1.33346,1.33348,1.00,5.48
2013.08.29 03:25:07.954,1.33346,1.33347,1.50,1.50
2013.08.29 03:25:08.494,1.33345,1.33347,3.19,1.88
2013.08.29 03:25:08.854,1.33344,1.33346,3.94,1.50
2013.08.29 03:25:09.034,1.33342,1.33345,2.44,3.30
2013.08.29 03:25:09.575,1.33343,1.33345,1.32,3.60
2013.08.29 03:25:10.114,1.33344,1.33345,1.00,1.30
2013.08.29 03:25:12.664,1.33343,1.33345,1.69,1.30
2013.08.29 03:25:13.184,1.33344,1.33345,1.50,1.30
2013.08.29 03:25:13.704,1.33345,1.33347,1.50,1.88
2013.08.29 03:25:19.524,1.33344,1.33347,2.25,2.63
2013.08.29 03:25:20.967,1.33345,1.33347,1.50,2.63
2013.08.29 03:25:21.504,1.33345,1.33347,1.50,2.25
2013.08.29 03:25:26.124,1.33344,1.33346,1.13,2.85
2013.08.29 03:25:26.365,1.33342,1.33345,5.07,6.98
2013.08.29 03:25:26.604,1.33342,1.33344,1.00,6.42
2013.08.29 03:25:26.964,1.33341,1.33342,1.50,1.00
2013.08.29 03:25:27.085,1.33341,1.33342,1.50,2.85
2013.08.29 03:25:27.624,1.33341,1.33343,1.00,1.88
2013.08.29 03:25:27.805,1.33341,1.33345,5.50,5.85
2013.08.29 03:25:27.924,1.33343,1.33345,1.00,6.23
2013.08.29 03:25:28.045,1.33342,1.33344,1.50,3.19
2013.08.29 03:25:28.225,1.33343,1.33345,1.00,9.38
2013.08.29 03:25:28.344,1.33342,1.33344,1.50,2.07
2013.08.29 03:25:28.584,1.3334,1.33343,9.00,3.98
2013.08.29 03:25:29.124,1.33341,1.33342,1.69,1.30
2013.08.29 03:25:29.664,1.33342,1.33344,2.25,1.13
2013.08.29 03:25:30.205,1.33343,1.33345,1.00,8.74
2013.08.29 03:25:30.505,1.33341,1.33343,2.25,2.48
2013.08.29 03:25:31.257,1.3334,1.33342,2.63,2.48
2013.08.29 03:25:31.615,1.33339,1.33342,4.13,3.23
2013.08.29 03:25:32.384,1.3334,1.33342,1.00,3.23
2013.08.29 03:25:35.154,1.3334,1.33342,2.50,2.85
2013.08.29 03:25:35.694,1.33341,1.33342,1.50,2.48
2013.08.29 03:25:36.495,1.3334,1.33342,4.00,2.85
2013.08.29 03:25:37.094,1.3334,1.33342,3.00,3.23
2013.08.29 03:25:38.884,1.33339,1.33341,3.00,2.48
2013.08.29 03:25:42.815,1.3334,1.33341,1.00,2.48
2013.08.29 03:25:50.416,1.3334,1.33343,9.63,4.13
2013.08.29 03:25:50.536,1.33343,1.33346,7.50,10.50
2013.08.29 03:25:50.775,1.33346,1.33349,2.50,1.25
2013.08.29 03:25:51.014,1.33347,1.33349,1.50,3.20
2013.08.29 03:25:55.564,1.33346,1.33348,1.00,1.13
2013.08.29 03:26:09.755,1.33345,1.33348,4.88,2.25
2013.08.29 03:26:10.309,1.33345,1.33348,3.00,2.63
2013.08.29 03:26:20.914,1.33346,1.33348,1.50,1.88
2013.08.29 03:26:21.335,1.33346,1.33349,1.00,1.32
2013.08.29 03:26:22.134,1.33346,1.33348,1.00,1.88
2013.08.29 03:26:26.194,1.33346,1.33348,1.00,2.25
2013.08.29 03:26:26.557,1.33345,1.33348,1.50,3.38
2013.08.29 03:26:29.294,1.33345,1.33348,1.50,3.38
2013.08.29 03:26:29.414,1.33345,1.33348,1.50,3.38
2013.08.29 03:26:34.644,1.33346,1.33348,1.00,3.00
2013.08.29 03:26:35.584,1.33346,1.33348,1.50,2.63
2013.08.29 03:26:36.124,1.33347,1.33349,1.00,2.25
2013.08.29 03:26:38.152,1.33346,1.33348,1.00,1.50
2013.08.29 03:26:38.684,1.33346,1.33348,1.50,1.88
2013.08.29 03:26:41.489,1.33345,1.33346,3.00,1.00
2013.08.29 03:26:41.795,1.33342,1.33344,1.00,3.76
2013.08.29 03:26:42.514,1.33343,1.33344,1.00,1.50
2013.08.29 03:26:42.815,1.33344,1.33348,15.25,9.41
2013.08.29 03:26:43.054,1.33346,1.33348,1.50,6.81
2013.08.29 03:26:44.394,1.33344,1.33346,5.25,1.50
2013.08.29 03:26:44.455,1.33344,1.33347,2.25,3.19
2013.08.29 03:26:44.635,1.33345,1.33347,3.25,2.25
2013.08.29 03:26:45.175,1.33346,1.33348,1.50,8.31
2013.08.29 03:26:48.125,1.33346,1.33349,1.00,4.69
2013.08.29 03:26:48.664,1.33347,1.33348,1.50,1.88
2013.08.29 03:26:49.554,1.33346,1.33348,5.63,1.88
2013.08.29 03:26:49.734,1.33347,1.33349,1.00,1.00
2013.08.29 03:26:49.974,1.33349,1.33351,1.50,1.25
2013.08.29 03:26:50.535,1.3335,1.33352,1.50,1.69
2013.08.29 03:26:51.594,1.3335,1.33352,1.88,1.00
2013.08.29 03:26:53.658,1.3335,1.33353,2.25,4.32
2013.08.29 03:26:54.355,1.3335,1.33352,1.50,3.63
2013.08.29 03:26:55.485,1.33351,1.33353,1.38,3.19
2013.08.29 03:26:58.134,1.33351,1.33353,2.25,2.82
2013.08.29 03:27:05.905,1.33351,1.33353,1.50,3.25
2013.08.29 03:27:06.444,1.3335,1.33353,3.75,2.63
2013.08.29 03:27:06.925,1.33352,1.33353,1.00,1.50
2013.08.29 03:27:09.495,1.33352,1.33353,1.00,1.00
2013.08.29 03:27:09.854,1.33352,1.33354,2.63,5.82
2013.08.29 03:27:10.814,1.33352,1.33354,2.25,5.07
2013.08.29 03:27:10.994,1.33352,1.33353,4.50,1.50
2013.08.29 03:27:11.475,1.33352,1.33353,4.50,2.25
2013.08.29 03:27:12.015,1.33352,1.33354,4.13,6.94
2013.08.29 03:27:14.515,1.33352,1.33355,10.38,9.38
2013.08.29 03:27:14.575,1.33354,1.33355,4.88,4.88
2013.08.29 03:27:14.636,1.33355,1.33356,3.75,1.00
2013.08.29 03:27:14.695,1.33356,1.33359,7.38,1.00
2013.08.29 03:27:14.755,1.33358,1.3336,1.13,1.69
2013.08.29 03:27:14.815,1.33359,1.33361,1.00,6.75
2013.08.29 03:27:15.116,1.33362,1.33367,12.76,1.50
2013.08.29 03:27:15.236,1.33366,1.33368,4.75,1.13
2013.08.29 03:27:15.415,1.33368,1.33371,3.63,2.82
2013.08.29 03:27:15.596,1.3337,1.33372,1.00,1.19
2013.08.29 03:27:15.835,1.33369,1.33372,1.50,1.57
2013.08.29 03:27:17.296,1.33368,1.33371,1.75,1.25
2013.08.29 03:27:24.645,1.3337,1.33372,4.50,1.69
2013.08.29 03:27:29.132,1.3337,1.33373,4.50,3.38
2013.08.29 03:27:41.245,1.33371,1.33372,1.00,1.88
2013.08.29 03:27:46.024,1.3337,1.33372,4.88,1.88
2013.08.29 03:27:53.146,1.33369,1.33372,5.25,1.75
2013.08.29 03:27:55.284,1.33369,1.33372,5.25,1.75
2013.08.29 03:27:56.646,1.3337,1.33372,1.50,1.50
2013.08.29 03:27:57.245,1.33369,1.33371,4.50,2.13
2013.08.29 03:27:58.235,1.3337,1.33371,1.00,1.00
2013.08.29 03:28:12.215,1.33369,1.33371,4.50,1.38
2013.08.29 03:28:13.068,1.3337,1.33376,15.63,6.98
2013.08.29 03:28:13.387,1.33376,1.33379,7.13,1.69
2013.08.29 03:28:13.445,1.33378,1.33382,12.76,1.10
2013.08.29 03:28:13.506,1.3338,1.33383,14.13,3.75
2013.08.29 03:28:13.686,1.33384,1.33387,6.38,1.00
2013.08.29 03:28:14.047,1.33386,1.33389,6.01,1.50
2013.08.29 03:28:14.346,1.33386,1.33389,7.13,4.50
2013.08.29 03:28:14.465,1.33386,1.33389,7.76,1.50
2013.08.29 03:28:15.005,1.33386,1.3339,10.01,1.10
2013.08.29 03:28:15.725,1.33387,1.3339,2.88,1.00
2013.08.29 03:28:49.245,1.33387,1.33392,10.13,3.27
2013.08.29 03:28:49.786,1.33387,1.33392,9.94,2.52
2013.08.29 03:28:50.158,1.33388,1.33392,5.45,1.32
2013.08.29 03:28:50.286,1.33391,1.33394,6.00,1.50
2013.08.29 03:28:50.826,1.3339,1.33392,3.38,1.00
2013.08.29 03:28:51.005,1.3339,1.33391,3.75,1.00
2013.08.29 03:28:51.605,1.3339,1.33393,1.50,1.25
2013.08.29 03:29:08.284,1.3339,1.33394,1.88,4.93
2013.08.29 03:29:14.787,1.33391,1.33394,1.00,4.86
2013.08.29 03:29:16.144,1.3339,1.33394,3.75,4.86
2013.08.29 03:29:18.141,1.3339,1.33394,4.00,4.86
2013.08.29 03:29:18.665,1.3339,1.33393,6.00,2.85
2013.08.29 03:29:45.185,1.33392,1.33393,1.00,2.85
2013.08.29 03:29:45.744,1.3339,1.33393,5.25,1.00
2013.08.29 03:29:58.735,1.3339,1.33392,4.88,1.00
2013.08.29 03:29:59.096,1.3339,1.33393,3.75,2.44
2013.08.29 03:30:03.865,1.3339,1.33392,6.00,1.00
2013.08.29 03:30:17.225,1.3339,1.33393,6.19,1.50
2013.08.29 03:30:19.726,1.33391,1.33393,1.00,1.50
2013.08.29 03:30:22.234,1.33391,1.33392,1.13,1.00
2013.08.29 03:30:28.334,1.3339,1.33392,6.75,1.00
2013.08.29 03:30:29.924,1.3339,1.33393,5.63,1.50
2013.08.29 03:30:32.336,1.3339,1.33392,5.63,1.00
2013.08.29 03:30:36.177,1.3339,1.33392,5.63,1.00
2013.08.29 03:30:37.291,1.3339,1.33392,5.63,1.00
2013.08.29 03:30:37.902,1.3339,1.33392,5.63,1.00
2013.08.29 03:30:38.569,1.3339,1.33393,5.63,1.50
2013.08.29 03:30:40.425,1.3339,1.33392,3.75,1.00
2013.08.29 03:30:40.965,1.3339,1.33392,4.50,1.00
2013.08.29 03:30:46.675,1.3339,1.33392,5.25,1.00
2013.08.29 03:30:47.590,1.3339,1.33393,7.50,1.50
2013.08.29 03:30:48.135,1.3339,1.33393,5.25,1.50
2013.08.29 03:30:48.765,1.3339,1.33393,7.50,1.00
2013.08.29 03:30:50.678,1.3339,1.33392,6.56,1.00
2013.08.29 03:30:58.745,1.3339,1.33392,3.57,1.00
2013.08.29 03:30:59.264,1.3339,1.33392,3.57,1.00
2013.08.29 03:31:02.615,1.3339,1.33391,2.63,2.63
2013.08.29 03:31:02.735,1.33385,1.3339,6.75,17.85
2013.08.29 03:31:03.096,1.33382,1.33384,1.13,2.13
2013.08.29 03:31:03.275,1.3338,1.33382,10.50,2.13
2013.08.29 03:31:03.335,1.3338,1.33382,12.75,2.13
2013.08.29 03:31:03.816,1.3338,1.33383,4.88,1.13
2013.08.29 03:31:05.254,1.3338,1.33383,4.13,1.50
2013.08.29 03:31:07.295,1.3338,1.33383,5.88,1.00
2013.08.29 03:31:07.834,1.3338,1.33383,5.63,1.00
2013.08.29 03:31:08.374,1.33381,1.33383,1.00,1.00
2013.08.29 03:31:12.275,1.33382,1.33383,1.00,1.00
2013.08.29 03:31:12.824,1.33381,1.33383,1.00,1.00
2013.08.29 03:31:17.157,1.33382,1.33383,1.00,1.00
2013.08.29 03:31:17.810,1.33381,1.33383,1.00,1.00
2013.08.29 03:31:18.585,1.33381,1.33383,2.13,1.00
2013.08.29 03:31:25.097,1.33382,1.33384,1.00,1.88
2013.08.29 03:31:29.285,1.33382,1.33383,1.00,1.00
2013.08.29 03:31:32.475,1.33382,1.33384,2.13,1.88
2013.08.29 03:31:33.014,1.33382,1.33384,3.25,1.13
2013.08.29 03:31:36.534,1.33382,1.33385,3.25,5.25
2013.08.29 03:31:37.015,1.33382,1.33384,1.13,1.50
2013.08.29 03:31:37.748,1.33381,1.33383,3.75,1.00
2013.08.29 03:31:42.195,1.33381,1.33383,2.25,1.00
2013.08.29 03:31:42.675,1.33382,1.33384,2.25,1.13
2013.08.29 03:31:44.547,1.33382,1.33383,1.13,1.00
2013.08.29 03:31:47.867,1.33381,1.33383,1.88,1.50
2013.08.29 03:31:48.404,1.33381,1.33383,2.63,1.00
2013.08.29 03:31:50.445,1.33381,1.33383,2.63,1.13
2013.08.29 03:31:50.985,1.33381,1.33383,3.38,1.13
2013.08.29 03:32:13.025,1.33383,1.33384,1.00,1.13
2013.08.29 03:32:14.905,1.33383,1.33384,1.00,1.13
2013.08.29 03:32:19.189,1.33384,1.33385,1.00,5.63
2013.08.29 03:32:35.165,1.33383,1.33384,1.50,1.13
2013.08.29 03:32:39.165,1.33384,1.33385,1.00,5.63
2013.08.29 03:32:39.345,1.33381,1.33384,3.75,1.88
2013.08.29 03:32:39.885,1.33381,1.33383,2.63,1.00
2013.08.29 03:32:41.468,1.33381,1.33383,2.25,1.00
2013.08.29 03:32:42.145,1.33381,1.33383,2.50,1.00
2013.08.29 03:32:42.205,1.33381,1.33384,3.38,1.88
2013.08.29 03:32:46.387,1.33382,1.33383,1.00,1.88
2013.08.29 03:32:47.048,1.33381,1.33383,1.88,3.38
2013.08.29 03:32:50.436,1.3338,1.33382,1.69,1.00
2013.08.29 03:32:54.275,1.33379,1.33382,4.32,1.00
2013.08.29 03:32:55.075,1.33379,1.33382,5.44,1.00
2013.08.29 03:32:57.196,1.33379,1.33383,3.19,3.38
2013.08.29 03:32:57.715,1.33379,1.33382,5.44,1.00
2013.08.29 03:32:58.255,1.33382,1.33383,1.13,1.00
2013.08.29 03:33:00.277,1.33382,1.33384,1.13,2.63
2013.08.29 03:33:03.565,1.33382,1.33383,1.00,2.07
2013.08.29 03:33:03.625,1.3338,1.33382,4.88,1.00
2013.08.29 03:33:04.164,1.3338,1.33382,2.69,1.00
2013.08.29 03:33:06.041,1.33382,1.33383,1.00,1.00
2013.08.29 03:33:06.552,1.33382,1.33383,1.13,1.00
2013.08.29 03:33:09.354,1.33382,1.33384,1.13,1.13
2013.08.29 03:33:11.755,1.33382,1.33383,1.13,1.00
2013.08.29 03:33:16.270,1.33382,1.33384,1.00,1.88
2013.08.29 03:33:25.942,1.33382,1.33383,1.00,1.00
2013.08.29 03:33:32.295,1.33382,1.33384,1.00,1.88
2013.08.29 03:33:40.155,1.3338,1.33383,4.50,1.00
2013.08.29 03:33:40.335,1.3338,1.33382,2.25,1.00
2013.08.29 03:33:40.900,1.3338,1.33383,5.25,1.88
2013.08.29 03:33:44.877,1.33381,1.33382,1.88,1.00
2013.08.29 03:33:45.418,1.33381,1.33383,1.88,1.88
2013.08.29 03:33:46.355,1.33381,1.33382,1.50,1.00
2013.08.29 03:33:48.295,1.33381,1.33383,1.50,2.25
2013.08.29 03:33:55.875,1.33382,1.33383,1.00,1.00
2013.08.29 03:34:01.227,1.33382,1.33384,1.00,1.50
2013.08.29 03:34:01.406,1.3338,1.33381,5.25,1.50
2013.08.29 03:34:01.765,1.33381,1.33384,3.63,1.88
2013.08.29 03:34:23.227,1.3338,1.33383,11.44,1.13
2013.08.29 03:34:26.065,1.3338,1.33383,8.13,1.00
2013.08.29 03:34:36.075,1.33382,1.33384,1.00,2.63
2013.08.29 03:34:54.591,1.33382,1.33383,1.00,1.00
2013.08.29 03:34:58.645,1.33381,1.33382,1.88,1.00
2013.08.29 03:34:59.185,1.3338,1.33382,3.00,1.00
2013.08.29 03:35:00.095,1.3338,1.33382,2.63,1.00
2013.08.29 03:35:05.195,1.33379,1.33381,3.00,1.00
2013.08.29 03:35:10.045,1.33379,1.33381,2.25,1.50
2013.08.29 03:35:15.125,1.33379,1.33382,3.00,1.69
2013.08.29 03:35:27.625,1.3338,1.33383,2.25,4.32
2013.08.29 03:35:29.155,1.3338,1.33383,3.38,3.57
2013.08.29 03:35:30.136,1.3338,1.33382,1.88,1.00
2013.08.29 03:35:34.965,1.3338,1.33383,1.88,4.32
2013.08.29 03:35:39.095,1.3338,1.33383,2.63,3.57
2013.08.29 03:35:48.976,1.3338,1.33384,4.88,3.94
2013.08.29 03:35:49.277,1.33385,1.33388,21.38,4.50
2013.08.29 03:35:49.337,1.33386,1.33388,6.24,4.50
2013.08.29 03:35:49.397,1.33385,1.33387,7.32,1.38
2013.08.29 03:35:49.456,1.33385,1.33388,4.50,4.69
2013.08.29 03:35:49.576,1.33384,1.33385,1.13,15.00
2013.08.29 03:35:49.696,1.33381,1.33383,3.94,3.38
2013.08.29 03:35:50.206,1.3338,1.33383,6.75,3.38
2013.08.29 03:35:51.576,1.3338,1.33382,6.75,1.00
2013.08.29 03:35:53.135,1.3338,1.33382,7.50,1.00
2013.08.29 03:36:03.145,1.3338,1.33383,3.38,3.94
2013.08.29 03:36:05.517,1.3338,1.33383,5.50,2.25
2013.08.29 03:36:06.058,1.3338,1.33384,25.88,1.19
2013.08.29 03:36:06.245,1.3338,1.33385,26.07,2.07
2013.08.29 03:36:08.125,1.33383,1.33385,1.00,1.88
2013.08.29 03:36:09.170,1.33383,1.33386,4.50,4.92
2013.08.29 03:36:09.478,1.33386,1.33388,2.13,2.44
2013.08.29 03:36:10.325,1.33385,1.33388,2.63,1.69
2013.08.29 03:36:10.846,1.33385,1.33387,1.13,1.00
2013.08.29 03:36:11.446,1.33385,1.33388,1.13,3.19
2013.08.29 03:36:18.286,1.33385,1.33388,2.44,1.88
2013.08.29 03:36:18.346,1.33384,1.33386,3.38,6.00
2013.08.29 03:36:18.705,1.33382,1.33384,1.13,3.25
2013.08.29 03:36:19.215,1.33382,1.33383,1.00,1.50
2013.08.29 03:36:47.975,1.33381,1.33383,3.00,1.00
2013.08.29 03:36:53.605,1.33382,1.33384,2.25,3.75
2013.08.29 03:36:53.666,1.33383,1.33386,3.38,6.19
2013.08.29 03:36:54.026,1.33385,1.33388,6.95,1.13
2013.08.29 03:36:54.566,1.33385,1.33388,7.13,1.88
2013.08.29 03:36:56.246,1.33385,1.33388,5.69,2.63
2013.08.29 03:36:57.705,1.33385,1.33387,4.94,1.00
2013.08.29 03:37:03.398,1.33385,1.33388,3.94,3.75
2013.08.29 03:37:16.335,1.33385,1.33388,11.44,3.75
2013.08.29 03:37:16.456,1.33384,1.33386,6.38,1.00
2013.08.29 03:37:16.755,1.33382,1.33384,4.88,1.13
2013.08.29 03:37:16.815,1.33382,1.33384,4.88,1.13
2013.08.29 03:37:17.356,1.33382,1.33384,1.88,4.00
2013.08.29 03:37:19.295,1.33382,1.33384,4.50,1.13
2013.08.29 03:37:19.536,1.33384,1.33386,5.33,1.88
2013.08.29 03:37:19.656,1.33384,1.33388,10.95,3.57
2013.08.29 03:37:20.195,1.33385,1.33388,5.88,1.69
2013.08.29 03:37:57.521,1.33386,1.33388,1.50,1.38
2013.08.29 03:37:58.305,1.33386,1.33388,1.00,1.50
2013.08.29 03:37:58.855,1.33386,1.33388,1.88,1.13
2013.08.29 03:38:15.036,1.33387,1.3339,3.38,4.50
2013.08.29 03:38:15.575,1.33387,1.33391,3.38,5.07
2013.08.29 03:38:31.995,1.33389,1.33391,1.00,2.25
2013.08.29 03:38:32.506,1.33389,1.33391,1.38,1.88
2013.08.29 03:38:33.046,1.33389,1.33392,2.63,2.25
2013.08.29 03:38:33.106,1.33389,1.33393,7.13,4.69
2013.08.29 03:38:33.635,1.33389,1.33393,7.13,2.82
2013.08.29 03:38:35.197,1.33389,1.33393,6.75,2.63
2013.08.29 03:38:35.769,1.33389,1.33391,1.88,1.50
2013.08.29 03:39:35.675,1.33388,1.33392,3.75,1.38
2013.08.29 03:39:51.686,1.3339,1.33393,1.00,1.69
2013.08.29 03:39:52.226,1.33389,1.33391,1.88,1.00
2013.08.29 03:41:57.285,1.33387,1.33392,2.07,2.25
2013.08.29 03:42:06.656,1.33387,1.33392,1.32,3.00
2013.08.29 03:42:07.495,1.33387,1.33392,1.13,3.19
2013.08.29 03:42:18.236,1.33387,1.33392,1.32,1.50
2013.08.29 03:42:21.045,1.33386,1.33392,5.44,1.69
2013.08.29 03:42:27.275,1.33387,1.33392,2.07,1.50
2013.08.29 03:42:47.825,1.33387,1.33392,1.69,1.38
2013.08.29 03:42:48.006,1.33389,1.33394,4.19,3.57
2013.08.29 03:42:48.248,1.3339,1.33394,3.25,2.82
2013.08.29 03:42:56.376,1.33391,1.33394,1.00,2.63
2013.08.29 03:42:56.618,1.3339,1.33392,1.00,1.13
2013.08.29 03:42:59.646,1.33388,1.33391,2.44,1.00
2013.08.29 03:42:59.949,1.33388,1.33391,1.88,1.13
2013.08.29 03:43:11.127,1.33387,1.3339,4.32,1.00
2013.08.29 03:43:11.187,1.33387,1.3339,4.32,1.50
2013.08.29 03:43:13.972,1.33387,1.3339,3.94,1.50
2013.08.29 03:43:15.175,1.33389,1.33391,1.00,1.13
2013.08.29 03:43:19.367,1.33388,1.33391,1.00,1.13
2013.08.29 03:43:24.229,1.33388,1.33391,1.25,1.13
2013.08.29 03:43:24.785,1.33389,1.33392,1.00,1.63
2013.08.29 03:43:25.436,1.33388,1.33391,1.00,1.13
2013.08.29 03:43:29.805,1.33389,1.33392,1.00,1.63
2013.08.29 03:43:35.338,1.33387,1.33391,3.75,1.13
2013.08.29 03:43:44.269,1.33389,1.33392,1.00,1.63
2013.08.29 03:43:44.326,1.33387,1.33391,3.75,1.13
2013.08.29 03:43:46.186,1.33387,1.3339,3.75,1.50
2013.08.29 03:43:46.798,1.33387,1.33391,3.75,1.13
2013.08.29 03:43:48.446,1.33389,1.33391,1.00,1.13
2013.08.29 03:44:34.159,1.33391,1.33394,1.00,6.64
2013.08.29 03:44:34.696,1.3339,1.33393,2.25,1.88
2013.08.29 03:44:51.897,1.33389,1.33392,1.00,1.38
2013.08.29 03:44:53.156,1.33387,1.33391,3.57,1.13
2013.08.29 03:44:53.658,1.33387,1.33391,7.88,1.38
2013.08.29 03:44:54.121,1.33387,1.33389,6.00,1.68
2013.08.29 03:44:54.426,1.33385,1.33387,1.00,3.19
2013.08.29 03:44:54.607,1.33384,1.33386,1.00,1.00
2013.08.29 03:44:54.908,1.33384,1.33388,2.63,3.57
2013.08.29 03:44:54.967,1.33385,1.33388,2.88,1.50
2013.08.29 03:44:55.388,1.33386,1.3339,2.13,4.68
2013.08.29 03:45:03.166,1.33388,1.3339,1.50,1.00
2013.08.29 03:45:03.806,1.33388,1.33391,1.00,1.88
2013.08.29 03:45:06.206,1.33388,1.33396,1.50,1.88
2013.08.29 03:45:14.141,1.33389,1.33391,1.00,1.88
2013.08.29 03:45:17.188,1.33388,1.33391,1.50,1.38
2013.08.29 03:45:17.249,1.33387,1.33391,1.25,2.05
2013.08.29 03:45:17.369,1.33385,1.33389,10.88,3.75
2013.08.29 03:45:17.907,1.33385,1.33388,1.00,1.69
2013.08.29 03:45:19.036,1.33382,1.33387,1.00,1.00
2013.08.29 03:45:19.636,1.33385,1.33388,2.25,1.69
2013.08.29 03:45:25.686,1.33386,1.33388,1.00,1.25
2013.08.29 03:45:27.006,1.33386,1.33388,1.00,2.07
2013.08.29 03:45:28.026,1.33386,1.33389,1.00,1.25
2013.08.29 03:45:30.656,1.33386,1.33389,1.00,1.25
2013.08.29 03:45:33.136,1.33387,1.33388,1.00,1.88
2013.08.29 03:45:37.016,1.33386,1.33389,5.50,1.25
2013.08.29 03:45:42.816,1.33386,1.33388,1.00,1.88
2013.08.29 03:45:51.106,1.33386,1.33389,1.00,1.32
2013.08.29 03:45:52.892,1.33386,1.33388,1.00,1.00
2013.08.29 03:45:53.601,1.33386,1.33389,1.00,1.32
2013.08.29 03:45:54.197,1.33386,1.33388,1.00,1.00
2013.08.29 03:45:56.056,1.33386,1.33389,1.00,1.32
2013.08.29 03:45:57.566,1.33386,1.33388,1.00,1.00
2013.08.29 03:46:03.226,1.33386,1.33389,1.00,1.50
2013.08.29 03:46:09.426,1.33386,1.33388,1.00,1.00
2013.08.29 03:46:19.356,1.33386,1.33388,1.00,1.38
2013.08.29 03:46:23.915,1.33386,1.33388,1.00,1.69
2013.08.29 03:46:30.688,1.33385,1.33388,3.75,2.44
2013.08.29 03:46:31.227,1.33385,1.33388,4.75,1.50
2013.08.29 03:46:34.965,1.33385,1.33387,4.75,1.00
2013.08.29 03:46:36.086,1.33386,1.33388,1.00,1.25
2013.08.29 03:46:48.926,1.33386,1.33388,1.00,1.38
2013.08.29 03:46:50.236,1.33386,1.33388,1.00,1.00
2013.08.29 03:46:52.555,1.33386,1.3339,1.00,6.04
2013.08.29 03:46:56.597,1.33386,1.3339,5.50,5.48
2013.08.29 03:46:57.715,1.33386,1.3339,5.50,6.04
2013.08.29 03:47:09.806,1.33386,1.33388,1.50,1.00
2013.08.29 03:47:31.646,1.33386,1.3339,1.00,5.25
2013.08.29 03:47:33.556,1.33386,1.33389,1.00,1.00
2013.08.29 03:47:44.126,1.33386,1.33388,1.00,2.25
2013.08.29 03:47:44.187,1.33379,1.33387,1.50,4.51
2013.08.29 03:47:44.368,1.33382,1.33385,5.63,7.50
2013.08.29 03:47:44.547,1.33376,1.33384,11.25,2.63
2013.08.29 03:47:44.668,1.33382,1.33386,6.00,1.69
2013.08.29 03:47:44.786,1.33382,1.33386,6.95,1.25
2013.08.29 03:47:45.331,1.33383,1.33387,4.00,2.82
2013.08.29 03:47:47.347,1.33385,1.33387,4.75,1.13
2013.08.29 03:47:47.947,1.33386,1.33388,1.00,1.32
2013.08.29 03:47:50.126,1.33386,1.33388,1.00,2.07
2013.08.29 03:47:52.967,1.33386,1.33389,1.00,2.07
2013.08.29 03:48:00.227,1.33386,1.33388,1.50,1.50
2013.08.29 03:48:06.136,1.33385,1.33388,2.25,1.00
2013.08.29 03:48:06.728,1.33385,1.33388,4.75,1.50
2013.08.29 03:48:08.186,1.33385,1.33387,3.00,1.00
2013.08.29 03:48:08.771,1.33385,1.33387,1.00,1.38
2013.08.29 03:48:22.775,1.33385,1.33388,4.88,2.07
2013.08.29 03:48:22.958,1.33385,1.33388,7.88,1.69
2013.08.29 03:48:23.018,1.33385,1.3339,9.82,3.57
2013.08.29 03:48:38.226,1.33388,1.33391,1.00,1.63
2013.08.29 03:49:13.177,1.33388,1.33391,1.00,1.25
2013.08.29 03:49:23.047,1.33387,1.33391,1.13,1.25
2013.08.29 03:49:47.186,1.33386,1.33391,2.07,1.38
2013.08.29 03:50:10.276,1.33386,1.33391,1.63,4.13
2013.08.29 03:50:11.507,1.33386,1.33391,1.88,4.32
2013.08.29 03:50:14.796,1.33386,1.33391,2.07,3.57
2013.08.29 03:50:15.516,1.33386,1.33391,2.07,2.82
2013.08.29 03:50:18.417,1.33385,1.33388,8.07,1.00
2013.08.29 03:50:18.719,1.33382,1.33385,3.75,5.25
2013.08.29 03:50:18.838,1.33382,1.33384,6.75,1.88
2013.08.29 03:50:18.957,1.33383,1.33386,1.50,2.44
2013.08.29 03:50:19.078,1.33384,1.33386,1.88,1.00
2013.08.29 03:50:19.439,1.33385,1.33388,4.32,2.25
2013.08.29 03:50:24.777,1.33388,1.33389,1.00,1.00
2013.08.29 03:50:31.167,1.33388,1.3339,1.00,3.75
2013.08.29 03:50:34.607,1.33388,1.33389,1.00,1.00
2013.08.29 03:50:37.688,1.33388,1.3339,1.00,3.75
2013.08.29 03:50:44.147,1.33386,1.33389,1.32,1.00
2013.08.29 03:50:44.207,1.33386,1.33387,1.32,1.50
2013.08.29 03:50:44.387,1.33385,1.33386,1.50,1.13
2013.08.29 03:50:44.747,1.33373,1.33381,1.88,2.44
2013.08.29 03:50:45.255,1.33377,1.3338,2.88,1.00
2013.08.29 03:50:56.867,1.33378,1.33381,1.00,2.44
2013.08.29 03:51:03.906,1.33378,1.33381,1.65,1.50
2013.08.29 03:51:04.446,1.33379,1.33382,3.38,1.32
2013.08.29 03:51:09.877,1.33382,1.33384,1.00,2.52
2013.08.29 03:51:10.236,1.33385,1.33389,11.63,1.25
2013.08.29 03:51:10.777,1.33385,1.33389,11.63,1.63
2013.08.29 03:51:13.377,1.33386,1.33389,2.25,1.25
2013.08.29 03:51:16.907,1.33388,1.3339,1.00,1.69
2013.08.29 03:51:24.107,1.33386,1.3339,2.07,7.13
2013.08.29 03:51:24.289,1.33385,1.33386,1.69,1.00
2013.08.29 03:51:24.349,1.33383,1.33386,1.32,4.88
2013.08.29 03:51:24.767,1.33382,1.33384,1.13,3.45
2013.08.29 03:51:25.437,1.3338,1.33383,2.07,1.50
2013.08.29 03:51:28.087,1.33381,1.33383,1.50,1.88
2013.08.29 03:51:28.447,1.33384,1.33386,3.00,1.50
2013.08.29 03:51:28.868,1.33385,1.33389,1.50,5.44
2013.08.29 03:51:28.927,1.33386,1.33389,1.50,3.00
2013.08.29 03:51:29.107,1.33388,1.33391,1.13,3.19
2013.08.29 03:51:32.120,1.33388,1.3339,1.13,2.07
2013.08.29 03:51:32.298,1.33385,1.33388,1.50,7.88
2013.08.29 03:51:33.827,1.33384,1.33385,1.00,6.00
2013.08.29 03:51:34.127,1.33382,1.33384,1.00,1.88
2013.08.29 03:51:36.027,1.33381,1.33384,1.50,1.88
2013.08.29 03:51:37.287,1.33381,1.33383,1.00,1.50
2013.08.29 03:51:37.799,1.3338,1.33383,1.13,2.25
2013.08.29 03:51:55.886,1.3338,1.33382,1.00,1.00
2013.08.29 03:52:00.456,1.3338,1.33383,1.46,2.82
2013.08.29 03:52:06.267,1.3338,1.33382,1.46,1.00
2013.08.29 03:52:15.467,1.3338,1.33383,1.46,2.82
2013.08.29 03:52:15.989,1.3338,1.33382,1.46,1.00
2013.08.29 03:52:19.417,1.3338,1.33383,3.52,1.63
2013.08.29 03:52:19.477,1.33381,1.33384,2.88,2.63
2013.08.29 03:52:25.728,1.33381,1.33384,1.50,3.00
2013.08.29 03:52:25.789,1.3338,1.33382,13.67,1.00
2013.08.29 03:52:46.297,1.3338,1.33383,1.50,6.94
2013.08.29 03:53:06.480,1.33381,1.33383,1.32,1.50
2013.08.29 03:53:06.599,1.33382,1.33384,3.63,2.25
2013.08.29 03:53:06.958,1.33384,1.33386,5.32,3.38
2013.08.29 03:53:07.077,1.33384,1.33387,5.32,2.82
2013.08.29 03:53:07.437,1.33384,1.33388,4.70,3.00
2013.08.29 03:53:07.557,1.33385,1.3339,3.57,2.82
2013.08.29 03:53:08.547,1.33385,1.33388,2.63,1.13
2013.08.29 03:53:08.607,1.33385,1.33386,1.00,1.00
2013.08.29 03:53:08.978,1.33382,1.33385,4.32,3.63
2013.08.29 03:53:09.518,1.33381,1.33384,2.18,1.00
2013.08.29 03:53:09.637,1.33382,1.33384,1.43,1.00
2013.08.29 03:53:10.177,1.33379,1.33382,3.49,1.00
2013.08.29 03:53:14.997,1.33379,1.33382,1.24,1.00
2013.08.29 03:53:15.529,1.33379,1.33381,4.47,1.00
2013.08.29 03:53:16.207,1.33379,1.33383,3.79,2.44
2013.08.29 03:53:30.078,1.3338,1.33383,3.23,2.07
2013.08.29 03:53:34.107,1.3338,1.33382,2.48,1.00
2013.08.29 03:53:34.648,1.3338,1.33381,1.73,1.00
2013.08.29 03:53:35.977,1.3338,1.33382,1.73,1.00
2013.08.29 03:53:40.257,1.3338,1.33383,1.73,2.07
2013.08.29 03:53:42.197,1.3338,1.33382,2.25,1.00
2013.08.29 03:53:44.207,1.3338,1.33382,2.25,1.00
2013.08.29 03:53:46.707,1.3338,1.33383,2.25,2.07
2013.08.29 03:53:50.187,1.3338,1.33382,1.69,1.00
2013.08.29 03:54:17.307,1.3338,1.33383,4.13,2.07
2013.08.29 03:54:17.958,1.3338,1.33383,6.63,1.32
2013.08.29 03:54:18.616,1.3338,1.33383,4.13,1.32
2013.08.29 03:54:23.176,1.33381,1.33384,1.00,6.57
2013.08.29 03:54:24.767,1.3338,1.33383,3.75,1.25
2013.08.29 03:54:27.667,1.3338,1.33382,2.25,1.00
2013.08.29 03:54:29.227,1.3338,1.33383,2.25,2.44
2013.08.29 03:54:33.407,1.33381,1.33383,1.00,1.25
2013.08.29 03:54:35.277,1.33381,1.33383,1.00,1.25
2013.08.29 03:54:35.908,1.3338,1.33383,3.00,1.69
2013.08.29 03:54:40.527,1.33381,1.33383,1.00,1.25
2013.08.29 03:54:41.497,1.33381,1.33383,1.00,1.25
2013.08.29 03:54:47.347,1.33381,1.33383,1.00,1.25
2013.08.29 03:54:48.167,1.33381,1.33383,1.00,1.25
2013.08.29 03:54:57.218,1.3338,1.33383,2.25,1.69
2013.08.29 03:55:04.407,1.3338,1.33382,1.00,1.00
2013.08.29 03:55:09.239,1.33379,1.33382,1.50,1.00
2013.08.29 03:55:10.949,1.3338,1.33382,1.00,1.00
2013.08.29 03:55:12.107,1.3338,1.33383,1.50,2.44
2013.08.29 03:55:16.067,1.33381,1.33383,1.00,1.69
2013.08.29 03:55:16.739,1.3338,1.33383,1.50,1.69
2013.08.29 03:55:18.247,1.33379,1.33383,1.50,2.44
2013.08.29 03:55:18.797,1.33379,1.33382,1.50,1.00
2013.08.29 03:55:23.014,1.3338,1.33383,1.00,2.82
2013.08.29 03:55:23.667,1.33379,1.33383,1.50,2.82
2013.08.29 03:55:24.197,1.33379,1.33382,1.50,1.00
2013.08.29 03:55:24.500,1.33379,1.3338,1.50,5.25
2013.08.29 03:55:24.802,1.3337,1.33377,3.00,2.63
2013.08.29 03:55:25.048,1.33376,1.3338,5.67,5.44
2013.08.29 03:55:45.468,1.33379,1.3338,1.00,2.63
2013.08.29 03:55:46.127,1.33377,1.33379,2.07,1.00
2013.08.29 03:55:50.200,1.33379,1.3338,1.00,4.13
2013.08.29 03:56:05.428,1.33377,1.33379,1.88,1.00
2013.08.29 03:56:06.877,1.33377,1.3338,1.50,3.57
2013.08.29 03:56:22.787,1.33377,1.33379,1.00,1.00
2013.08.29 03:56:23.627,1.33377,1.33379,1.00,1.50
2013.08.29 03:56:23.748,1.33374,1.33377,3.38,10.51
2013.08.29 03:56:23.808,1.33375,1.33377,1.69,7.51
2013.08.29 03:56:23.928,1.33373,1.33375,3.00,14.07
2013.08.29 03:56:24.048,1.33367,1.33373,5.12,1.13
2013.08.29 03:56:24.653,1.3337,1.33372,1.88,2.13
2013.08.29 03:56:26.648,1.3337,1.33372,1.88,1.13
2013.08.29 03:56:27.127,1.33372,1.33374,1.00,1.13
2013.08.29 03:56:32.817,1.33373,1.33375,1.00,7.69
2013.08.29 03:56:33.058,1.33374,1.33377,1.88,2.07
2013.08.29 03:56:33.179,1.33375,1.33378,2.25,4.50
2013.08.29 03:56:33.717,1.33377,1.3338,1.13,4.32
2013.08.29 03:56:35.577,1.33377,1.33378,1.00,1.00
2013.08.29 03:56:36.292,1.33377,1.33379,1.00,1.32
2013.08.29 03:56:38.658,1.33377,1.33378,1.00,1.50
2013.08.29 03:56:40.307,1.33377,1.3338,1.13,8.63
2013.08.29 03:56:40.979,1.33377,1.3338,1.13,8.82
2013.08.29 03:56:46.388,1.33377,1.3338,1.13,7.88
2013.08.29 03:57:08.847,1.33377,1.33379,1.13,1.00
2013.08.29 03:57:09.368,1.33377,1.33378,1.00,1.00
2013.08.29 03:57:11.887,1.33377,1.3338,1.00,9.19
2013.08.29 03:57:13.424,1.33377,1.3338,1.38,6.94
2013.08.29 03:57:13.728,1.33377,1.33381,3.94,1.88
2013.08.29 03:57:14.267,1.33377,1.33381,1.13,6.19
2013.08.29 03:57:24.000,1.33377,1.33381,1.13,4.69
2013.08.29 03:58:19.420,1.33376,1.3338,1.63,1.50
2013.08.29 03:58:22.229,1.33376,1.33381,1.63,4.32
2013.08.29 03:58:22.761,1.33376,1.3338,1.63,1.50
2013.08.29 03:58:29.352,1.33375,1.33379,3.37,1.13
2013.08.29 03:58:29.770,1.33375,1.33376,1.00,1.13
2013.08.29 03:58:30.272,1.33374,1.33376,1.50,1.13
2013.08.29 03:58:31.220,1.33374,1.33375,1.50,2.25
2013.08.29 03:58:39.490,1.33373,1.33375,2.63,1.13
2013.08.29 03:58:44.580,1.33373,1.33374,1.11,3.00
2013.08.29 03:58:44.760,1.33372,1.33373,1.00,1.50
2013.08.29 03:58:48.630,1.3337,1.33372,1.32,1.00
2013.08.29 03:58:49.131,1.33372,1.33373,1.00,1.50
2013.08.29 03:58:56.044,1.3337,1.33372,2.63,1.00
2013.08.29 03:59:03.841,1.33364,1.33372,2.23,1.38
2013.08.29 03:59:03.902,1.33369,1.33371,2.04,1.38
2013.08.29 03:59:04.201,1.3337,1.33373,2.50,2.25
2013.08.29 03:59:04.380,1.3337,1.33372,1.50,1.00
2013.08.29 03:59:04.969,1.33372,1.33374,1.00,4.32
2013.08.29 03:59:05.037,1.3337,1.33373,1.50,2.50
2013.08.29 03:59:14.802,1.3337,1.33373,1.13,3.07
2013.08.29 03:59:19.887,1.33371,1.33373,1.00,2.07
2013.08.29 03:59:20.520,1.33371,1.33373,1.00,2.07
2013.08.29 03:59:20.642,1.33367,1.33371,1.63,2.25
2013.08.29 03:59:20.702,1.33367,1.33371,2.07,1.50
2013.08.29 03:59:21.060,1.33367,1.3337,2.44,1.88
2013.08.29 03:59:31.569,1.33368,1.3337,1.00,1.13
2013.08.29 03:59:31.692,1.33369,1.33372,4.00,2.63
2013.08.29 03:59:31.991,1.33372,1.33374,1.00,3.57
2013.08.29 03:59:34.250,1.33371,1.33373,1.00,5.82
2013.08.29 03:59:34.311,1.33368,1.33371,2.07,1.50
2013.08.29 03:59:34.965,1.33368,1.3337,1.00,1.13
2013.08.29 03:59:37.610,1.33368,1.3337,1.00,1.50
2013.08.29 03:59:37.790,1.33361,1.33368,3.75,1.13
2013.08.29 03:59:37.970,1.33366,1.3337,2.63,7.32
2013.08.29 03:59:38.330,1.33369,1.33371,1.38,1.00
2013.08.29 03:59:38.941,1.33369,1.33371,1.00,1.13
