2018.12.17 01:00:00.484,1.13045,1.1305,4.20,1.62
2018.12.17 01:00:00.809,1.13047,1.13051,4.20,1.50
2018.12.17 01:00:01.128,1.13048,1.13053,1.97,2.19
2018.12.17 01:00:01.664,1.13048,1.13053,1.20,1.25
2018.12.17 01:00:02.013,1.13051,1.13056,2.25,2.44
2018.12.17 01:00:02.323,1.13056,1.1306,1.50,1.25
2018.12.17 01:00:02.375,1.13056,1.13061,2.00,1.37
2018.12.17 01:00:02.532,1.13059,1.13062,1.00,1.75
2018.12.17 01:00:02.637,1.13058,1.13063,1.50,3.25
2018.12.17 01:00:04.568,1.13057,1.13062,2.70,1.25
2018.12.17 01:00:04.673,1.13058,1.13062,1.22,2.81
2018.12.17 01:00:04.835,1.13057,1.13061,1.95,1.00
2018.12.17 01:00:05.852,1.13056,1.13062,7.35,2.62
2018.12.17 01:00:07.044,1.13056,1.13062,7.35,1.50
2018.12.17 01:00:10.225,1.13058,1.13061,1.10,1.00
2018.12.17 01:00:10.741,1.13057,1.13062,1.95,1.00
2018.12.17 01:00:13.070,1.13058,1.13062,1.00,1.00
2018.12.17 01:00:13.281,1.13055,1.13061,2.85,3.37
2018.12.17 01:00:13.830,1.13056,1.13061,2.35,1.87
2018.12.17 01:00:14.370,1.13057,1.13061,1.22,1.87
2018.12.17 01:00:14.578,1.13056,1.13062,2.32,4.12
2018.12.17 01:00:15.105,1.13057,1.13061,1.00,1.87
2018.12.17 01:00:16.040,1.13057,1.1306,1.00,1.00
2018.12.17 01:00:16.938,1.13055,1.1306,9.57,1.00
2018.12.17 01:00:16.990,1.13055,1.13062,6.57,2.70
2018.12.17 01:00:18.928,1.13057,1.13061,1.00,1.00
2018.12.17 01:00:19.465,1.13055,1.13061,5.85,1.00
2018.12.17 01:00:20.615,1.13056,1.13062,1.60,3.64
2018.12.17 01:00:20.830,1.13055,1.13061,5.47,1.75
2018.12.17 01:00:21.334,1.13055,1.13061,3.85,1.00
2018.12.17 01:00:21.866,1.13055,1.13062,13.35,3.00
2018.12.17 01:00:22.381,1.13057,1.13061,1.10,1.12
2018.12.17 01:00:23.095,1.13055,1.13062,8.85,3.45
2018.12.17 01:00:23.612,1.13056,1.13062,1.95,1.50
2018.12.17 01:00:26.919,1.13055,1.13062,9.10,3.08
2018.12.17 01:00:27.723,1.13056,1.13063,1.10,6.81
2018.12.17 01:00:28.092,1.13057,1.13061,1.00,2.48
2018.12.17 01:00:28.310,1.13055,1.13061,5.70,1.50
2018.12.17 01:00:29.195,1.13055,1.13059,4.12,1.00
2018.12.17 01:00:29.698,1.13055,1.1306,7.95,1.12
2018.12.17 01:00:30.424,1.13055,1.13061,6.10,1.88
2018.12.17 01:00:30.945,1.13055,1.13061,6.37,4.94
2018.12.17 01:00:31.459,1.13056,1.13061,1.50,2.55
2018.12.17 01:00:32.258,1.13055,1.1306,9.82,1.12
2018.12.17 01:00:33.234,1.13057,1.13061,1.00,1.50
2018.12.17 01:00:33.654,1.13055,1.13061,3.45,2.00
2018.12.17 01:00:33.809,1.13057,1.13061,1.00,1.50
2018.12.17 01:00:34.341,1.13056,1.13061,1.10,2.00
2018.12.17 01:00:37.510,1.13056,1.13061,3.22,2.00
2018.12.17 01:00:38.193,1.13056,1.13061,1.95,1.50
2018.12.17 01:00:38.816,1.13057,1.13061,1.00,1.50
2018.12.17 01:00:41.411,1.13056,1.13061,1.57,1.50
2018.12.17 01:00:43.486,1.13057,1.13064,2.12,3.47
2018.12.17 01:00:43.747,1.13059,1.13065,2.14,1.12
2018.12.17 01:00:43.854,1.1306,1.13064,2.29,1.00
2018.12.17 01:00:44.610,1.13061,1.13066,1.00,3.12
2018.12.17 01:00:45.154,1.1306,1.13066,1.95,3.12
2018.12.17 01:00:46.060,1.1306,1.13063,1.10,1.50
2018.12.17 01:00:47.438,1.1306,1.13064,1.01,3.37
2018.12.17 01:00:48.038,1.1306,1.13065,1.01,3.00
2018.12.17 01:00:49.284,1.1306,1.13065,3.04,1.50
2018.12.17 01:00:50.430,1.13061,1.13064,1.00,1.62
2018.12.17 01:00:50.818,1.13061,1.13065,1.00,2.62
2018.12.17 01:00:52.411,1.1306,1.13066,2.70,4.25
2018.12.17 01:00:53.860,1.13061,1.13065,1.00,1.12
2018.12.17 01:00:54.377,1.1306,1.13065,2.25,3.00
2018.12.17 01:00:54.481,1.1306,1.13063,2.25,1.50
2018.12.17 01:00:55.079,1.13061,1.13063,1.00,1.50
2018.12.17 01:00:55.616,1.1306,1.13063,1.50,1.50
2018.12.17 01:00:56.239,1.1306,1.13065,1.50,2.75
2018.12.17 01:00:56.880,1.13061,1.13064,1.00,1.00
2018.12.17 01:00:57.389,1.1306,1.13064,1.57,1.00
2018.12.17 01:00:59.215,1.13059,1.13064,3.82,1.00
2018.12.17 01:01:00.042,1.13059,1.13064,6.07,2.00
2018.12.17 01:01:00.556,1.1306,1.13064,1.00,1.00
2018.12.17 01:01:02.058,1.13059,1.13064,4.57,1.00
2018.12.17 01:01:02.574,1.13059,1.13064,4.57,2.37
2018.12.17 01:01:03.085,1.13059,1.13064,3.82,1.87
2018.12.17 01:01:03.396,1.13061,1.13066,5.47,2.25
2018.12.17 01:01:03.903,1.13061,1.13066,2.32,3.50
2018.12.17 01:01:04.419,1.13062,1.13066,1.50,2.25
2018.12.17 01:01:06.020,1.13061,1.13066,2.32,3.50
2018.12.17 01:01:06.586,1.13063,1.13066,1.00,3.50
2018.12.17 01:01:07.116,1.13062,1.13065,1.50,1.50
2018.12.17 01:01:07.781,1.13061,1.13065,1.20,1.50
2018.12.17 01:01:08.467,1.13062,1.13065,1.00,1.50
2018.12.17 01:01:09.311,1.13061,1.13066,1.57,3.50
2018.12.17 01:01:09.836,1.13063,1.13066,1.00,3.50
2018.12.17 01:01:10.147,1.13062,1.13066,1.57,2.75
2018.12.17 01:01:10.649,1.13062,1.13066,1.57,1.50
2018.12.17 01:01:11.162,1.13063,1.13066,1.00,1.50
2018.12.17 01:01:11.897,1.13062,1.13066,1.10,1.50
2018.12.17 01:01:12.070,1.13064,1.13066,1.00,1.50
2018.12.17 01:01:12.451,1.13062,1.13066,1.00,1.50
2018.12.17 01:01:13.094,1.13062,1.13067,1.57,2.25
2018.12.17 01:01:13.659,1.13062,1.13067,1.97,4.12
2018.12.17 01:01:14.841,1.13062,1.13067,3.45,1.12
2018.12.17 01:01:15.532,1.13061,1.13066,6.60,1.00
2018.12.17 01:01:16.076,1.13061,1.13066,2.32,1.00
2018.12.17 01:01:16.181,1.13063,1.13066,1.00,1.10
2018.12.17 01:01:16.556,1.13061,1.13066,3.64,1.00
2018.12.17 01:01:17.102,1.13062,1.13066,1.00,1.00
2018.12.17 01:01:18.789,1.13061,1.13066,4.57,1.00
2018.12.17 01:01:19.344,1.13062,1.13067,1.50,1.50
2018.12.17 01:01:20.277,1.13064,1.13067,1.00,1.00
2018.12.17 01:01:20.485,1.13062,1.13067,2.70,1.00
2018.12.17 01:01:21.029,1.13063,1.13067,1.00,1.00
2018.12.17 01:01:21.655,1.13062,1.13067,1.10,1.00
2018.12.17 01:01:22.419,1.13064,1.13067,1.00,1.00
2018.12.17 01:01:22.936,1.13062,1.13067,1.95,1.00
2018.12.17 01:01:23.039,1.13064,1.13067,1.00,1.00
2018.12.17 01:01:23.586,1.13062,1.13067,1.95,1.57
2018.12.17 01:01:25.274,1.13062,1.13066,1.00,1.00
2018.12.17 01:01:25.795,1.13062,1.13067,3.47,1.00
2018.12.17 01:01:26.304,1.13062,1.13067,1.00,1.12
2018.12.17 01:01:27.344,1.13062,1.13067,1.00,2.37
2018.12.17 01:01:28.578,1.13061,1.13067,3.45,3.50
2018.12.17 01:01:28.838,1.13063,1.13066,1.00,1.50
2018.12.17 01:01:28.970,1.13061,1.13067,3.07,3.50
2018.12.17 01:01:29.497,1.13062,1.13066,1.10,1.50
2018.12.17 01:01:29.653,1.13064,1.13066,1.00,2.62
2018.12.17 01:01:30.169,1.13061,1.13066,5.47,1.50
2018.12.17 01:01:30.685,1.13062,1.13067,1.22,4.31
2018.12.17 01:01:31.444,1.13064,1.13067,1.00,2.44
2018.12.17 01:01:31.768,1.13061,1.13067,5.70,2.44
2018.12.17 01:01:31.983,1.13064,1.13067,1.00,2.44
2018.12.17 01:01:32.138,1.13062,1.13067,1.57,2.44
2018.12.17 01:01:32.654,1.13063,1.13067,1.50,3.56
2018.12.17 01:01:35.440,1.13064,1.13067,1.00,1.25
2018.12.17 01:01:35.988,1.13063,1.13067,1.50,1.25
2018.12.17 01:01:36.550,1.13065,1.13067,1.00,1.69
2018.12.17 01:01:36.653,1.13062,1.13067,1.22,1.25
2018.12.17 01:01:37.564,1.13065,1.1307,5.25,3.20
2018.12.17 01:01:37.671,1.13066,1.13071,1.50,1.50
2018.12.17 01:01:37.725,1.13069,1.13071,1.50,1.00
2018.12.17 01:01:38.101,1.13067,1.13073,7.57,2.00
2018.12.17 01:01:38.814,1.13066,1.13072,4.95,1.00
2018.12.17 01:01:39.341,1.13067,1.13072,4.50,1.20
2018.12.17 01:01:39.981,1.13066,1.13072,5.32,1.00
2018.12.17 01:01:40.210,1.13068,1.13072,1.50,1.00
2018.12.17 01:01:40.263,1.13068,1.13075,1.95,2.70
2018.12.17 01:01:40.318,1.13068,1.13073,1.10,1.87
2018.12.17 01:01:40.862,1.13069,1.13073,1.50,1.57
2018.12.17 01:01:41.535,1.13068,1.13073,1.00,1.20
2018.12.17 01:01:42.153,1.13069,1.13073,1.00,1.20
2018.12.17 01:01:42.694,1.13068,1.13073,1.50,1.00
2018.12.17 01:01:43.268,1.13067,1.13073,4.20,1.00
2018.12.17 01:01:44.176,1.13068,1.13073,1.00,1.00
2018.12.17 01:01:44.699,1.13067,1.13073,4.20,1.00
2018.12.17 01:01:45.329,1.13067,1.13073,5.07,1.00
2018.12.17 01:01:47.003,1.13069,1.13073,1.00,1.50
2018.12.17 01:01:47.523,1.13068,1.13074,3.82,1.00
2018.12.17 01:01:48.062,1.13069,1.13074,1.20,1.00
2018.12.17 01:01:48.383,1.13071,1.13075,1.50,1.50
2018.12.17 01:01:48.904,1.13072,1.13076,1.00,1.50
2018.12.17 01:01:50.097,1.13071,1.13076,1.95,1.50
2018.12.17 01:01:50.460,1.13075,1.13079,1.00,3.45
2018.12.17 01:01:50.645,1.13072,1.13077,1.00,1.10
2018.12.17 01:01:51.305,1.13071,1.13077,4.20,1.00
2018.12.17 01:01:51.841,1.13072,1.13077,1.12,1.10
2018.12.17 01:01:53.216,1.13071,1.13077,4.20,1.00
2018.12.17 01:01:53.268,1.13071,1.13075,4.20,1.00
2018.12.17 01:01:53.580,1.13073,1.13075,1.87,1.00
2018.12.17 01:01:54.680,1.13072,1.13075,1.10,1.00
2018.12.17 01:01:55.253,1.13073,1.13075,1.00,1.00
2018.12.17 01:01:55.759,1.13072,1.13075,1.00,1.00
2018.12.17 01:01:56.072,1.13074,1.13075,1.00,1.00
2018.12.17 01:01:56.340,1.13071,1.13075,5.32,1.00
2018.12.17 01:01:56.807,1.13073,1.13075,1.00,1.00
2018.12.17 01:01:57.104,1.13071,1.13075,7.20,1.00
2018.12.17 01:01:57.157,1.13073,1.13075,1.00,1.00
2018.12.17 01:01:57.805,1.13071,1.13075,3.00,1.00
2018.12.17 01:01:57.909,1.13073,1.13075,1.00,1.00
2018.12.17 01:01:58.436,1.13072,1.13075,3.75,1.00
2018.12.17 01:01:58.749,1.13074,1.13075,1.00,1.00
2018.12.17 01:01:59.070,1.13072,1.13075,5.25,1.00
2018.12.17 01:01:59.596,1.13071,1.13075,5.70,1.00
2018.12.17 01:01:59.700,1.13074,1.13075,1.00,1.00
2018.12.17 01:01:59.804,1.13071,1.13075,6.45,1.00
2018.12.17 01:02:00.211,1.13073,1.13075,1.00,1.00
2018.12.17 01:02:00.791,1.13072,1.13075,1.87,1.00
2018.12.17 01:02:01.299,1.13071,1.13075,3.45,1.00
2018.12.17 01:02:01.847,1.13072,1.13075,1.00,1.00
2018.12.17 01:02:02.392,1.13073,1.13075,1.00,1.00
2018.12.17 01:02:02.914,1.13072,1.13075,2.25,1.00
2018.12.17 01:02:03.504,1.13073,1.13075,1.00,1.12
2018.12.17 01:02:04.546,1.13072,1.13075,1.00,1.00
2018.12.17 01:02:05.090,1.13071,1.13075,4.20,1.00
2018.12.17 01:02:07.396,1.13071,1.13075,2.82,1.12
2018.12.17 01:02:08.342,1.13074,1.13075,1.00,1.12
2018.12.17 01:02:08.823,1.13072,1.13075,1.00,1.12
2018.12.17 01:02:09.583,1.13074,1.13075,1.50,2.25
2018.12.17 01:02:10.071,1.13072,1.13075,1.50,1.12
2018.12.17 01:02:10.671,1.13071,1.13075,1.95,1.00
2018.12.17 01:02:11.704,1.13072,1.13075,1.12,1.12
2018.12.17 01:02:14.049,1.13073,1.13075,1.50,1.12
2018.12.17 01:02:14.571,1.13074,1.13075,1.00,1.12
2018.12.17 01:02:15.642,1.13073,1.13075,1.00,1.12
2018.12.17 01:02:16.249,1.13074,1.13076,1.00,3.00
2018.12.17 01:02:16.508,1.13073,1.13075,1.10,1.00
2018.12.17 01:02:17.019,1.13074,1.13075,1.00,1.00
2018.12.17 01:02:17.174,1.13072,1.13075,1.00,1.00
2018.12.17 01:02:17.691,1.13073,1.13075,1.00,1.12
2018.12.17 01:02:18.745,1.13072,1.13075,1.95,1.12
2018.12.17 01:02:19.308,1.13074,1.13076,1.00,3.37
2018.12.17 01:02:19.514,1.13073,1.13075,1.00,1.12
2018.12.17 01:02:19.643,1.13071,1.13075,2.70,1.12
2018.12.17 01:02:19.696,1.13073,1.13075,1.00,1.50
2018.12.17 01:02:20.109,1.13071,1.13075,3.82,2.75
2018.12.17 01:02:20.161,1.13073,1.13075,1.00,2.37
2018.12.17 01:02:20.213,1.13071,1.13075,1.50,2.37
2018.12.17 01:02:20.266,1.13073,1.13075,1.00,2.37
2018.12.17 01:02:20.782,1.13072,1.13074,1.00,1.50
2018.12.17 01:02:20.886,1.13071,1.13074,3.75,1.62
2018.12.17 01:02:21.094,1.13073,1.13074,1.00,1.50
2018.12.17 01:02:21.624,1.13071,1.13074,4.57,1.62
2018.12.17 01:02:22.236,1.13071,1.13075,1.95,2.37
2018.12.17 01:02:22.769,1.13073,1.13075,1.00,3.50
2018.12.17 01:02:23.080,1.1307,1.13075,5.37,2.75
2018.12.17 01:02:23.932,1.1307,1.13074,3.75,1.12
2018.12.17 01:02:24.072,1.13069,1.13072,1.87,1.00
2018.12.17 01:02:25.054,1.13067,1.13072,3.45,1.12
2018.12.17 01:02:26.019,1.13067,1.13071,1.50,1.00
2018.12.17 01:02:26.593,1.13067,1.13071,2.75,1.00
2018.12.17 01:02:27.230,1.13069,1.13071,1.00,1.00
2018.12.17 01:02:28.004,1.13068,1.13071,1.00,1.00
2018.12.17 01:02:29.989,1.13067,1.1307,3.57,1.00
2018.12.17 01:02:30.096,1.13065,1.13068,3.47,1.00
2018.12.17 01:02:30.202,1.13064,1.13068,5.14,1.00
2018.12.17 01:02:30.255,1.13065,1.13068,1.22,1.00
2018.12.17 01:02:30.360,1.13063,1.13067,1.12,1.50
2018.12.17 01:02:30.465,1.1306,1.13063,1.12,1.00
2018.12.17 01:02:30.647,1.13059,1.13065,4.91,2.32
2018.12.17 01:02:30.762,1.13059,1.13064,3.00,1.62
2018.12.17 01:02:31.069,1.1306,1.13065,1.12,1.20
2018.12.17 01:02:31.660,1.1306,1.13064,2.37,1.00
2018.12.17 01:02:31.818,1.13059,1.13064,2.70,1.00
2018.12.17 01:02:32.080,1.13061,1.13064,2.62,1.00
2018.12.17 01:02:33.041,1.13061,1.13065,1.50,1.00
2018.12.17 01:02:33.570,1.13062,1.13066,1.50,1.69
2018.12.17 01:02:35.301,1.13061,1.13066,1.57,1.20
2018.12.17 01:02:35.872,1.1306,1.13065,1.50,1.00
2018.12.17 01:02:36.467,1.13059,1.13065,2.70,1.12
2018.12.17 01:02:36.776,1.13061,1.13065,1.00,1.57
2018.12.17 01:02:37.309,1.1306,1.13065,1.12,1.00
2018.12.17 01:02:37.885,1.13059,1.13064,1.00,1.00
2018.12.17 01:02:38.211,1.1306,1.13064,1.62,1.00
2018.12.17 01:02:38.264,1.13061,1.13066,1.10,1.57
2018.12.17 01:02:38.815,1.13061,1.13066,1.10,2.75
2018.12.17 01:02:39.195,1.1306,1.13066,3.45,2.00
2018.12.17 01:02:39.744,1.13061,1.13066,1.57,2.00
2018.12.17 01:02:42.084,1.13062,1.13066,1.00,2.19
2018.12.17 01:02:42.397,1.13062,1.13067,1.00,2.44
2018.12.17 01:02:42.989,1.13061,1.13067,3.26,2.44
2018.12.17 01:02:43.499,1.13061,1.13067,1.50,4.07
2018.12.17 01:02:44.015,1.13061,1.13064,1.12,1.00
2018.12.17 01:02:44.067,1.13059,1.13064,2.25,1.87
2018.12.17 01:02:44.404,1.13058,1.13063,1.20,6.95
2018.12.17 01:02:46.229,1.13057,1.13062,1.95,1.10
2018.12.17 01:02:47.019,1.13057,1.13063,3.95,3.85
2018.12.17 01:02:47.570,1.13057,1.13063,2.75,5.32
2018.12.17 01:02:48.083,1.13057,1.13062,2.75,1.00
2018.12.17 01:02:49.150,1.13057,1.13063,4.25,2.32
2018.12.17 01:02:50.683,1.13058,1.13063,1.62,1.76
2018.12.17 01:02:52.572,1.13059,1.13064,1.00,2.70
2018.12.17 01:02:53.115,1.13059,1.13064,1.97,1.31
2018.12.17 01:02:53.633,1.13059,1.13065,1.20,5.62
2018.12.17 01:02:54.172,1.1306,1.13063,1.00,1.50
2018.12.17 01:02:58.072,1.13058,1.13064,4.51,2.25
2018.12.17 01:03:01.049,1.13059,1.13064,1.70,2.89
2018.12.17 01:03:02.615,1.13059,1.13063,2.07,1.00
2018.12.17 01:03:02.944,1.13059,1.13062,1.00,4.14
2018.12.17 01:03:03.100,1.13057,1.13061,1.87,4.91
2018.12.17 01:03:03.153,1.13054,1.1306,5.17,2.19
2018.12.17 01:03:03.207,1.13057,1.13059,1.00,1.50
2018.12.17 01:03:03.312,1.13055,1.13058,1.12,1.00
2018.12.17 01:03:03.679,1.13053,1.13056,1.50,1.00
2018.12.17 01:03:03.786,1.13051,1.13056,1.50,2.25
2018.12.17 01:03:04.315,1.13051,1.13055,2.25,1.25
2018.12.17 01:03:04.961,1.13051,1.13055,3.37,2.91
2018.12.17 01:03:05.482,1.13051,1.13055,1.50,1.76
2018.12.17 01:03:07.046,1.13051,1.13055,1.50,1.91
2018.12.17 01:03:07.475,1.13052,1.13056,1.50,1.76
2018.12.17 01:03:07.995,1.13051,1.13057,4.50,4.22
2018.12.17 01:03:08.822,1.13052,1.13057,1.00,1.35
2018.12.17 01:03:09.604,1.13051,1.13057,3.45,1.50
2018.12.17 01:03:10.220,1.13052,1.13057,1.00,2.22
2018.12.17 01:03:10.431,1.13053,1.13059,1.12,4.85
2018.12.17 01:03:10.536,1.13056,1.13059,1.87,1.00
2018.12.17 01:03:10.640,1.13056,1.13061,2.62,1.00
2018.12.17 01:03:11.147,1.13057,1.13062,1.00,1.94
2018.12.17 01:03:11.671,1.13057,1.13062,1.00,1.00
2018.12.17 01:03:12.191,1.13058,1.13062,1.00,1.50
2018.12.17 01:03:12.833,1.13057,1.13063,1.20,3.85
2018.12.17 01:03:13.187,1.13059,1.13064,1.00,2.10
2018.12.17 01:03:13.370,1.13062,1.13067,1.00,1.00
2018.12.17 01:03:13.906,1.13061,1.13066,3.82,1.95
2018.12.17 01:03:14.333,1.13063,1.13067,1.00,3.75
2018.12.17 01:03:15.331,1.13064,1.13067,1.00,2.75
2018.12.17 01:03:15.486,1.13062,1.13067,1.50,2.75
2018.12.17 01:03:16.115,1.13063,1.13067,1.00,2.75
2018.12.17 01:03:16.720,1.13061,1.13067,2.32,2.00
2018.12.17 01:03:16.876,1.13064,1.13067,1.00,2.07
2018.12.17 01:03:16.928,1.13062,1.13067,1.95,2.07
2018.12.17 01:03:17.429,1.13062,1.13067,1.97,2.00
2018.12.17 01:03:18.116,1.13064,1.13066,1.00,1.87
2018.12.17 01:03:18.548,1.13061,1.13066,1.95,1.00
2018.12.17 01:03:18.652,1.13063,1.13066,1.00,1.00
2018.12.17 01:03:19.241,1.13063,1.13067,1.00,1.12
2018.12.17 01:03:19.782,1.13064,1.13067,1.50,1.31
2018.12.17 01:03:20.320,1.13064,1.13066,1.00,1.62
2018.12.17 01:03:20.528,1.13062,1.13066,3.07,1.62
2018.12.17 01:03:21.068,1.13063,1.13066,1.50,1.62
2018.12.17 01:03:21.611,1.13063,1.13067,1.00,2.91
2018.12.17 01:03:22.745,1.13062,1.13067,3.00,2.00
2018.12.17 01:03:22.797,1.13064,1.13067,1.00,2.37
2018.12.17 01:03:23.399,1.13063,1.13067,1.10,2.00
2018.12.17 01:03:24.742,1.13064,1.13067,1.00,2.00
2018.12.17 01:03:24.795,1.13064,1.13068,1.00,1.50
2018.12.17 01:03:25.314,1.13064,1.13068,1.00,2.25
2018.12.17 01:03:26.490,1.13063,1.13068,2.25,1.98
2018.12.17 01:03:26.866,1.13065,1.13068,1.00,3.01
2018.12.17 01:03:27.519,1.13064,1.13068,1.00,3.69
2018.12.17 01:03:27.777,1.13062,1.13068,2.14,5.00
2018.12.17 01:03:27.829,1.13064,1.13068,1.00,4.25
2018.12.17 01:03:30.051,1.13063,1.13068,2.25,3.69
2018.12.17 01:03:30.489,1.13065,1.13068,1.50,2.06
2018.12.17 01:03:30.931,1.13063,1.13068,1.00,2.77
2018.12.17 01:03:31.036,1.13066,1.13068,1.00,2.19
2018.12.17 01:03:31.192,1.13064,1.13068,1.50,2.19
2018.12.17 01:03:33.214,1.13063,1.13068,1.87,1.75
2018.12.17 01:03:33.784,1.13065,1.13068,1.00,1.75
2018.12.17 01:03:34.442,1.13064,1.13068,1.50,1.54
2018.12.17 01:03:34.976,1.13063,1.13067,1.87,1.00
2018.12.17 01:03:38.063,1.13064,1.13068,1.00,2.07
2018.12.17 01:03:38.612,1.13063,1.13068,1.57,2.07
2018.12.17 01:03:40.461,1.13063,1.13066,1.12,1.00
2018.12.17 01:03:41.031,1.13063,1.13067,1.12,1.87
2018.12.17 01:03:41.559,1.13063,1.13068,1.12,2.70
2018.12.17 01:03:42.268,1.13063,1.13068,1.87,3.20
2018.12.17 01:03:43.640,1.13062,1.13068,3.22,2.70
2018.12.17 01:03:44.713,1.13062,1.13067,2.00,1.31
2018.12.17 01:03:45.028,1.13066,1.13069,1.00,1.69
2018.12.17 01:03:45.138,1.13064,1.13069,1.57,2.25
2018.12.17 01:03:46.093,1.13063,1.13066,1.87,1.00
2018.12.17 01:03:46.793,1.13064,1.13066,1.00,1.00
2018.12.17 01:03:47.056,1.13068,1.13071,1.00,2.44
2018.12.17 01:03:47.279,1.13066,1.13071,1.20,1.12
2018.12.17 01:03:47.697,1.13066,1.1307,1.10,1.62
2018.12.17 01:03:48.206,1.13067,1.1307,1.00,2.00
2018.12.17 01:03:49.061,1.13066,1.13069,3.82,1.00
2018.12.17 01:03:50.135,1.13065,1.13069,2.70,1.00
2018.12.17 01:03:50.642,1.13065,1.13069,2.35,1.50
2018.12.17 01:03:51.236,1.13065,1.13069,1.57,1.50
2018.12.17 01:03:51.652,1.13066,1.13069,1.22,1.50
2018.12.17 01:03:52.188,1.13066,1.13068,2.72,1.50
2018.12.17 01:03:52.717,1.13066,1.13069,1.87,1.00
2018.12.17 01:03:54.238,1.13066,1.1307,1.57,1.00
2018.12.17 01:03:54.561,1.13069,1.1307,1.00,1.00
2018.12.17 01:03:54.666,1.13067,1.1307,1.20,1.87
2018.12.17 01:03:55.269,1.13066,1.1307,2.85,1.62
2018.12.17 01:03:56.041,1.13066,1.13071,2.47,2.00
2018.12.17 01:03:57.742,1.13067,1.13071,1.00,1.25
2018.12.17 01:04:00.094,1.13066,1.13071,3.45,1.25
2018.12.17 01:04:00.632,1.13067,1.13071,1.10,1.00
2018.12.17 01:04:01.834,1.13066,1.13071,4.39,1.00
2018.12.17 01:04:02.404,1.13066,1.13071,3.64,1.62
2018.12.17 01:04:03.563,1.13068,1.1307,1.00,1.12
2018.12.17 01:04:03.615,1.13066,1.1307,2.51,1.00
2018.12.17 01:04:04.217,1.13067,1.1307,1.00,1.87
2018.12.17 01:04:04.324,1.13065,1.13068,1.22,4.25
2018.12.17 01:04:04.431,1.13062,1.13065,1.20,1.62
2018.12.17 01:04:04.636,1.1306,1.13064,1.20,1.50
2018.12.17 01:04:07.684,1.13061,1.13065,1.00,2.94
2018.12.17 01:04:09.326,1.13061,1.13066,1.95,4.32
2018.12.17 01:04:09.586,1.13062,1.13065,2.00,1.50
2018.12.17 01:04:09.742,1.13061,1.13066,1.10,5.00
2018.12.17 01:04:10.778,1.1306,1.13065,3.26,1.12
2018.12.17 01:04:11.329,1.13061,1.13066,1.00,4.25
2018.12.17 01:04:12.091,1.13062,1.13066,2.25,3.37
2018.12.17 01:04:15.817,1.13061,1.13066,2.32,1.00
2018.12.17 01:04:17.231,1.13062,1.13066,1.50,1.00
2018.12.17 01:04:18.754,1.13062,1.13067,1.00,2.25
2018.12.17 01:04:19.307,1.13062,1.13066,1.10,1.12
2018.12.17 01:04:21.471,1.13061,1.13065,1.00,1.12
2018.12.17 01:04:22.014,1.1306,1.13065,1.87,1.87
2018.12.17 01:04:22.645,1.13061,1.13065,1.00,1.12
2018.12.17 01:04:23.192,1.1306,1.13065,2.62,1.12
2018.12.17 01:04:24.826,1.1306,1.13065,3.87,1.87
2018.12.17 01:04:25.347,1.1306,1.13064,2.25,1.00
2018.12.17 01:04:26.538,1.13061,1.13064,1.00,1.50
2018.12.17 01:04:27.658,1.13062,1.13064,1.00,2.62
2018.12.17 01:04:28.175,1.13061,1.13064,1.57,1.50
2018.12.17 01:04:28.704,1.13061,1.13063,1.20,1.00
2018.12.17 01:04:29.087,1.1306,1.13066,3.60,4.32
2018.12.17 01:04:30.328,1.1306,1.13066,4.20,4.25
2018.12.17 01:04:30.517,1.13062,1.13066,1.00,3.50
2018.12.17 01:04:31.132,1.13061,1.13066,1.00,4.25
2018.12.17 01:04:31.692,1.1306,1.13066,4.57,5.62
2018.12.17 01:04:32.676,1.1306,1.13066,2.89,4.25
2018.12.17 01:04:34.512,1.1306,1.13065,1.97,1.50
2018.12.17 01:04:35.117,1.13059,1.13065,4.54,1.20
2018.12.17 01:04:35.743,1.1306,1.13065,1.70,1.50
2018.12.17 01:04:36.723,1.13061,1.13064,1.00,1.00
2018.12.17 01:04:37.275,1.1306,1.13065,2.07,1.50
2018.12.17 01:04:39.069,1.1306,1.13065,1.10,2.00
2018.12.17 01:04:40.333,1.13058,1.13063,3.04,2.19
2018.12.17 01:04:40.495,1.13056,1.13061,4.82,3.75
2018.12.17 01:04:40.603,1.13055,1.13059,1.50,2.37
2018.12.17 01:04:40.917,1.13054,1.13056,2.25,1.00
2018.12.17 01:04:41.074,1.13054,1.13058,2.62,1.00
2018.12.17 01:04:41.487,1.13052,1.13057,3.45,2.62
2018.12.17 01:04:42.032,1.13052,1.13057,1.85,1.00
2018.12.17 01:04:42.558,1.13051,1.13057,5.22,1.50
2018.12.17 01:04:43.129,1.13051,1.13056,7.10,1.00
2018.12.17 01:04:44.034,1.13052,1.13056,2.16,1.00
2018.12.17 01:04:44.427,1.13051,1.13058,6.85,2.25
2018.12.17 01:04:44.987,1.13053,1.13058,1.01,2.25
2018.12.17 01:04:46.000,1.13054,1.13058,2.94,1.00
2018.12.17 01:04:46.168,1.13058,1.13062,1.00,1.50
2018.12.17 01:04:46.378,1.13056,1.13061,3.26,2.25
2018.12.17 01:04:46.922,1.13056,1.13061,5.95,1.50
2018.12.17 01:04:47.464,1.13057,1.13062,1.01,1.12
2018.12.17 01:04:48.071,1.13057,1.13063,3.04,1.57
2018.12.17 01:04:48.572,1.13057,1.13063,2.14,1.00
2018.12.17 01:04:49.078,1.13057,1.13063,2.16,1.00
2018.12.17 01:04:50.222,1.13057,1.13064,2.91,4.50
2018.12.17 01:04:50.733,1.13057,1.13063,2.89,1.00
2018.12.17 01:04:51.265,1.13057,1.13064,2.89,3.82
2018.12.17 01:04:51.817,1.13058,1.13064,1.20,5.72
2018.12.17 01:04:52.715,1.13057,1.13062,2.16,1.00
2018.12.17 01:04:53.265,1.13057,1.13062,2.14,1.00
2018.12.17 01:04:56.243,1.13057,1.13062,2.16,1.00
2018.12.17 01:04:57.844,1.13057,1.13062,2.14,1.00
2018.12.17 01:04:58.334,1.13058,1.13063,1.25,1.00
2018.12.17 01:04:58.565,1.13057,1.13063,3.64,2.00
2018.12.17 01:04:59.089,1.13057,1.13063,1.76,1.00
2018.12.17 01:04:59.651,1.13057,1.13063,3.79,1.57
2018.12.17 01:05:00.447,1.13057,1.13062,3.04,1.00
2018.12.17 01:05:05.963,1.13057,1.13063,1.39,5.37
2018.12.17 01:05:06.483,1.13057,1.13063,1.39,4.12
2018.12.17 01:05:07.027,1.13058,1.13063,1.00,3.75
2018.12.17 01:05:07.531,1.13058,1.13063,1.00,5.37
2018.12.17 01:05:09.347,1.13058,1.13062,1.00,1.62
2018.12.17 01:05:11.156,1.13058,1.13062,1.00,1.87
2018.12.17 01:05:11.415,1.13057,1.1306,1.20,1.00
2018.12.17 01:05:12.051,1.13055,1.1306,4.60,1.50
2018.12.17 01:05:12.585,1.13056,1.1306,2.70,1.12
2018.12.17 01:05:13.105,1.13056,1.1306,1.97,1.12
2018.12.17 01:05:13.650,1.13055,1.1306,4.35,3.87
2018.12.17 01:05:14.200,1.13055,1.1306,2.72,1.12
2018.12.17 01:05:15.344,1.13056,1.13059,1.10,1.00
2018.12.17 01:05:15.604,1.13056,1.13061,1.00,1.00
2018.12.17 01:05:16.115,1.13055,1.1306,1.97,1.00
2018.12.17 01:05:17.644,1.13055,1.13061,1.97,3.00
2018.12.17 01:05:18.163,1.13055,1.1306,3.60,1.00
2018.12.17 01:05:18.676,1.13055,1.13061,2.70,4.12
2018.12.17 01:05:19.263,1.13056,1.13062,1.69,2.32
2018.12.17 01:05:19.316,1.13058,1.13062,1.50,1.00
2018.12.17 01:05:19.623,1.13057,1.13062,4.20,1.00
2018.12.17 01:05:20.291,1.13057,1.13063,3.82,1.87
2018.12.17 01:05:20.838,1.13057,1.13063,1.57,3.50
2018.12.17 01:05:21.465,1.13056,1.13062,1.95,3.31
2018.12.17 01:05:21.724,1.13056,1.13063,3.45,3.26
2018.12.17 01:05:22.285,1.13056,1.13063,5.29,3.47
2018.12.17 01:05:22.814,1.13056,1.13063,3.64,3.07
2018.12.17 01:05:22.866,1.13059,1.13063,1.00,2.32
2018.12.17 01:05:23.022,1.13057,1.13063,2.32,2.25
2018.12.17 01:05:23.075,1.13059,1.13063,1.00,2.25
2018.12.17 01:05:23.127,1.13057,1.13063,1.25,2.32
2018.12.17 01:05:23.284,1.13056,1.13061,5.16,1.00
2018.12.17 01:05:23.338,1.13056,1.13063,4.39,2.32
2018.12.17 01:05:24.031,1.13056,1.13063,4.22,2.62
2018.12.17 01:05:25.001,1.13056,1.13063,5.10,4.60
2018.12.17 01:05:25.593,1.13057,1.13063,1.10,6.00
2018.12.17 01:05:26.621,1.13057,1.13062,1.10,1.00
2018.12.17 01:05:27.167,1.13057,1.13063,1.95,1.50
2018.12.17 01:05:27.692,1.13057,1.13063,3.97,1.12
2018.12.17 01:05:29.951,1.1306,1.13063,1.50,1.50
2018.12.17 01:05:30.364,1.13058,1.13063,3.45,1.50
2018.12.17 01:05:31.353,1.13058,1.13063,1.22,2.62
2018.12.17 01:05:31.906,1.13057,1.13063,4.35,4.25
2018.12.17 01:05:35.391,1.1306,1.13064,2.75,2.70
2018.12.17 01:05:35.552,1.13059,1.13063,4.20,1.00
2018.12.17 01:05:36.111,1.1306,1.13064,1.10,3.12
2018.12.17 01:05:37.048,1.1306,1.13064,1.10,2.25
2018.12.17 01:05:37.571,1.13061,1.13064,1.50,1.87
2018.12.17 01:05:38.182,1.1306,1.13064,1.20,1.12
2018.12.17 01:05:38.697,1.1306,1.13064,3.82,3.12
2018.12.17 01:05:38.853,1.13061,1.13063,1.22,1.00
2018.12.17 01:05:39.565,1.1306,1.13064,4.22,2.37
2018.12.17 01:05:42.378,1.1306,1.13063,2.70,1.50
2018.12.17 01:05:43.899,1.13062,1.13063,1.00,1.50
2018.12.17 01:05:44.448,1.13061,1.13064,1.22,2.25
2018.12.17 01:05:44.792,1.1306,1.13065,1.20,4.62
2018.12.17 01:05:45.316,1.13059,1.13063,6.60,1.00
2018.12.17 01:05:46.669,1.13059,1.13063,5.10,2.00
2018.12.17 01:05:47.277,1.13061,1.13063,1.00,2.00
2018.12.17 01:05:48.068,1.13061,1.13063,1.00,1.12
2018.12.17 01:05:51.912,1.1306,1.13063,1.10,1.00
2018.12.17 01:05:52.066,1.1306,1.13062,1.95,1.00
2018.12.17 01:05:52.595,1.1306,1.13062,1.10,1.00
2018.12.17 01:05:54.040,1.1306,1.13062,1.20,1.00
2018.12.17 01:05:54.574,1.13061,1.13062,1.10,1.00
2018.12.17 01:05:55.108,1.1306,1.13062,1.95,1.00
2018.12.17 01:05:58.345,1.1306,1.13064,2.85,1.00
2018.12.17 01:05:58.558,1.1306,1.13062,1.20,15.37
2018.12.17 01:05:59.093,1.1306,1.13062,2.72,1.00
2018.12.17 01:06:00.848,1.1306,1.13064,4.22,2.62
2018.12.17 01:06:01.011,1.13063,1.13065,1.00,1.00
2018.12.17 01:06:01.552,1.13061,1.13064,5.45,1.00
2018.12.17 01:06:02.086,1.13061,1.13066,3.95,2.75
2018.12.17 01:06:04.587,1.13061,1.13064,3.95,1.50
2018.12.17 01:06:07.030,1.13061,1.13064,3.95,1.00
2018.12.17 01:06:07.538,1.13062,1.13064,1.10,1.50
2018.12.17 01:06:08.163,1.13061,1.13064,3.95,1.00
2018.12.17 01:06:09.280,1.13065,1.13067,4.10,1.12
2018.12.17 01:06:09.333,1.13066,1.13068,1.00,1.50
2018.12.17 01:06:09.597,1.13067,1.13071,4.35,1.00
2018.12.17 01:06:09.756,1.13068,1.13073,1.00,3.00
2018.12.17 01:06:10.275,1.13068,1.13073,1.97,2.25
2018.12.17 01:06:11.096,1.13068,1.13073,1.95,1.00
2018.12.17 01:06:11.603,1.13068,1.13073,3.60,1.50
2018.12.17 01:06:12.122,1.13068,1.13073,1.50,1.25
2018.12.17 01:06:12.331,1.13066,1.13072,1.22,1.50
2018.12.17 01:06:14.221,1.13065,1.13071,3.47,1.12
2018.12.17 01:06:14.851,1.13065,1.13071,1.95,1.12
2018.12.17 01:06:15.382,1.13065,1.13071,2.32,2.75
2018.12.17 01:06:15.955,1.13065,1.13069,1.20,1.00
2018.12.17 01:06:16.204,1.13061,1.13067,1.97,3.19
2018.12.17 01:06:16.842,1.13061,1.13067,3.07,3.19
2018.12.17 01:06:17.344,1.13062,1.13067,1.00,3.19
2018.12.17 01:06:19.141,1.13061,1.13067,1.10,2.44
2018.12.17 01:06:19.692,1.13061,1.13066,1.20,1.00
2018.12.17 01:06:20.326,1.13061,1.13066,1.22,1.00
2018.12.17 01:06:22.032,1.13061,1.13065,2.35,1.62
2018.12.17 01:06:22.083,1.13061,1.13066,2.35,1.12
2018.12.17 01:06:23.348,1.13061,1.13066,2.72,2.37
2018.12.17 01:06:24.441,1.13061,1.13066,2.25,2.00
2018.12.17 01:06:24.970,1.13062,1.13064,1.12,1.00
2018.12.17 01:06:25.907,1.13061,1.13065,1.76,2.00
2018.12.17 01:06:26.464,1.13061,1.13065,2.14,1.00
2018.12.17 01:06:27.860,1.13062,1.13065,1.50,1.00
2018.12.17 01:06:30.075,1.13064,1.13066,1.00,2.00
2018.12.17 01:06:30.529,1.13062,1.13066,1.10,2.00
2018.12.17 01:06:32.336,1.13062,1.13066,1.10,1.12
2018.12.17 01:06:32.850,1.13061,1.13066,4.39,1.50
2018.12.17 01:06:33.361,1.13061,1.13066,1.97,1.00
2018.12.17 01:06:43.146,1.13061,1.13067,4.22,4.01
2018.12.17 01:06:48.253,1.13061,1.13067,4.60,3.70
2018.12.17 01:06:48.721,1.13064,1.13068,1.00,2.14
2018.12.17 01:06:49.045,1.13062,1.13067,1.10,1.50
2018.12.17 01:06:49.851,1.13062,1.13066,1.00,1.00
2018.12.17 01:06:50.390,1.13061,1.13067,3.82,3.75
2018.12.17 01:06:51.102,1.13062,1.13066,1.50,1.00
2018.12.17 01:06:51.711,1.13062,1.13066,1.97,1.00
2018.12.17 01:06:52.245,1.13061,1.13067,9.60,2.25
2018.12.17 01:06:52.862,1.13062,1.13066,1.22,1.00
2018.12.17 01:06:53.397,1.13062,1.13067,3.75,3.50
2018.12.17 01:06:54.293,1.13061,1.13067,9.07,3.00
2018.12.17 01:06:56.362,1.13061,1.13066,9.07,1.00
2018.12.17 01:06:58.804,1.13062,1.13066,1.10,1.00
2018.12.17 01:07:00.215,1.13063,1.13066,1.50,1.12
2018.12.17 01:07:00.780,1.13061,1.13067,9.07,3.50
2018.12.17 01:07:01.102,1.13061,1.13067,9.22,2.75
2018.12.17 01:07:01.205,1.13061,1.13067,8.32,2.00
2018.12.17 01:07:01.678,1.13063,1.13067,1.00,1.50
2018.12.17 01:07:02.339,1.13061,1.13067,8.35,1.50
2018.12.17 01:07:02.858,1.13061,1.13067,8.32,4.62
2018.12.17 01:07:03.361,1.13062,1.13066,2.25,1.12
2018.12.17 01:07:04.146,1.13062,1.13065,1.00,1.00
2018.12.17 01:07:06.973,1.13063,1.13065,1.00,1.00
2018.12.17 01:07:07.490,1.13062,1.13065,2.25,1.00
2018.12.17 01:07:09.843,1.13061,1.13066,6.82,1.50
2018.12.17 01:07:15.677,1.13062,1.13067,1.41,3.50
2018.12.17 01:07:15.834,1.13063,1.13068,7.22,1.00
2018.12.17 01:07:16.381,1.13064,1.13068,2.35,1.00
2018.12.17 01:07:19.224,1.13064,1.13069,2.72,1.50
2018.12.17 01:07:21.865,1.13066,1.1307,1.00,5.87
2018.12.17 01:07:22.603,1.13067,1.13069,1.00,1.25
2018.12.17 01:07:22.967,1.13065,1.1307,2.32,2.25
2018.12.17 01:07:24.328,1.13066,1.1307,1.00,4.12
2018.12.17 01:07:25.772,1.13065,1.1307,1.57,2.25
2018.12.17 01:07:26.040,1.13066,1.1307,1.00,1.00
2018.12.17 01:07:28.775,1.13065,1.13069,1.00,1.00
2018.12.17 01:07:31.890,1.13066,1.13069,1.00,1.00
2018.12.17 01:07:35.679,1.13064,1.13069,2.70,1.75
2018.12.17 01:07:35.835,1.13062,1.13067,2.82,1.81
2018.12.17 01:07:35.943,1.1306,1.13065,3.07,1.00
2018.12.17 01:07:36.049,1.13062,1.13064,1.00,1.00
2018.12.17 01:07:36.102,1.1306,1.13065,1.39,2.00
2018.12.17 01:07:36.155,1.13063,1.13065,1.00,2.00
2018.12.17 01:07:36.381,1.13061,1.13064,1.00,1.00
2018.12.17 01:07:36.898,1.1306,1.13065,3.64,2.00
2018.12.17 01:07:37.487,1.13061,1.13064,1.00,1.00
2018.12.17 01:07:41.117,1.13063,1.13065,1.00,1.00
2018.12.17 01:07:43.089,1.13063,1.13065,1.00,1.50
2018.12.17 01:07:44.199,1.13062,1.13065,1.20,1.00
2018.12.17 01:07:44.728,1.13063,1.13065,1.00,1.00
2018.12.17 01:07:45.235,1.13064,1.13066,1.00,1.00
2018.12.17 01:07:45.650,1.13063,1.13065,1.50,1.62
2018.12.17 01:07:49.151,1.13063,1.13065,1.00,1.12
2018.12.17 01:07:51.369,1.13063,1.13065,1.00,1.62
2018.12.17 01:07:52.088,1.13063,1.13065,1.00,1.00
2018.12.17 01:07:53.244,1.13062,1.13065,1.00,1.00
2018.12.17 01:07:54.447,1.13061,1.13066,4.42,2.00
2018.12.17 01:07:55.467,1.13062,1.13065,1.00,1.00
2018.12.17 01:07:57.634,1.13061,1.13066,4.80,2.00
2018.12.17 01:07:58.250,1.13062,1.13065,1.00,1.00
2018.12.17 01:08:01.808,1.13063,1.13065,1.00,1.00
2018.12.17 01:08:02.479,1.13061,1.13066,6.66,2.00
2018.12.17 01:08:02.988,1.13061,1.13066,5.29,2.00
2018.12.17 01:08:03.539,1.13062,1.13066,1.10,2.00
2018.12.17 01:08:04.399,1.13061,1.13066,4.76,2.75
2018.12.17 01:08:04.879,1.13063,1.13066,1.00,2.00
2018.12.17 01:08:05.811,1.13062,1.13066,1.20,1.00
2018.12.17 01:08:06.534,1.13062,1.13067,2.72,3.69
2018.12.17 01:08:07.078,1.13063,1.13065,1.10,2.00
2018.12.17 01:08:07.651,1.13062,1.13065,1.00,1.62
2018.12.17 01:08:08.912,1.13062,1.13065,1.00,1.87
2018.12.17 01:08:09.498,1.13061,1.13065,1.76,1.00
2018.12.17 01:08:10.089,1.13061,1.13064,1.76,1.00
2018.12.17 01:08:10.884,1.1306,1.13064,1.57,2.25
2018.12.17 01:08:11.263,1.13059,1.13062,1.00,1.00
2018.12.17 01:08:11.625,1.13059,1.13064,1.00,4.57
2018.12.17 01:08:11.677,1.13059,1.13061,1.00,1.00
2018.12.17 01:08:13.222,1.13058,1.13062,3.35,1.00
2018.12.17 01:08:13.446,1.13055,1.1306,1.57,5.06
2018.12.17 01:08:13.657,1.13054,1.13058,1.50,3.00
2018.12.17 01:08:13.961,1.13054,1.1306,1.50,7.76
2018.12.17 01:08:14.013,1.13054,1.13058,2.25,1.00
2018.12.17 01:08:14.515,1.13054,1.13059,2.25,2.25
2018.12.17 01:08:15.087,1.13055,1.13059,1.00,2.25
2018.12.17 01:08:15.605,1.13054,1.1306,4.14,1.25
2018.12.17 01:08:15.962,1.13056,1.13062,1.50,3.82
2018.12.17 01:08:16.119,1.13058,1.13062,1.00,4.12
2018.12.17 01:08:16.786,1.13057,1.13061,1.50,1.00
2018.12.17 01:08:17.546,1.13057,1.13062,1.10,3.82
2018.12.17 01:08:18.181,1.13058,1.13062,1.00,1.87
2018.12.17 01:08:18.703,1.13057,1.13062,1.95,1.57
2018.12.17 01:08:21.905,1.13058,1.13062,1.00,1.12
2018.12.17 01:08:22.994,1.13059,1.13063,1.00,2.26
2018.12.17 01:08:23.112,1.13057,1.13063,1.57,5.56
2018.12.17 01:08:23.672,1.13057,1.13061,3.75,1.00
2018.12.17 01:08:26.041,1.13057,1.13063,1.50,6.95
2018.12.17 01:08:29.713,1.13056,1.13063,4.39,5.82
2018.12.17 01:08:31.035,1.13057,1.13062,1.00,3.00
2018.12.17 01:08:31.587,1.13056,1.13063,4.39,6.57
2018.12.17 01:08:32.493,1.13057,1.13063,1.00,6.20
2018.12.17 01:08:33.036,1.13056,1.13063,4.39,6.20
2018.12.17 01:08:33.559,1.13057,1.13062,1.00,1.12
2018.12.17 01:08:40.293,1.13056,1.13062,4.01,1.72
2018.12.17 01:08:44.517,1.13056,1.13058,2.25,1.00
2018.12.17 01:08:44.574,1.13056,1.1306,1.87,2.25
2018.12.17 01:08:44.769,1.13057,1.13058,1.50,1.50
2018.12.17 01:08:45.539,1.13057,1.13059,1.50,1.00
2018.12.17 01:08:45.860,1.13058,1.1306,1.50,1.10
2018.12.17 01:08:45.964,1.13056,1.1306,6.64,1.00
2018.12.17 01:08:46.391,1.13058,1.13061,1.00,2.25
2018.12.17 01:08:46.915,1.13058,1.13062,1.57,1.00
2018.12.17 01:08:47.429,1.13058,1.13061,1.00,1.00
2018.12.17 01:08:47.950,1.13058,1.13062,1.00,3.00
2018.12.17 01:08:48.499,1.13059,1.13062,1.00,1.00
2018.12.17 01:08:49.114,1.13059,1.13063,1.00,1.50
2018.12.17 01:08:51.202,1.13057,1.13063,2.14,2.25
2018.12.17 01:08:51.360,1.1306,1.13063,1.50,1.00
2018.12.17 01:08:51.517,1.1306,1.13065,1.50,1.87
2018.12.17 01:08:51.761,1.13059,1.13065,4.01,2.00
2018.12.17 01:08:52.078,1.13061,1.13064,1.00,1.00
2018.12.17 01:08:52.609,1.1306,1.13065,1.50,1.70
2018.12.17 01:08:53.152,1.1306,1.13065,2.85,1.00
2018.12.17 01:08:54.024,1.1306,1.13065,2.85,1.00
2018.12.17 01:08:54.544,1.13061,1.13065,1.50,1.00
2018.12.17 01:08:54.992,1.13062,1.13065,1.60,2.00
2018.12.17 01:08:55.098,1.13061,1.13066,3.61,1.12
2018.12.17 01:08:55.604,1.13063,1.13067,2.25,2.37
2018.12.17 01:08:57.602,1.13063,1.13067,1.10,1.00
2018.12.17 01:08:58.877,1.13063,1.13066,1.00,1.00
2018.12.17 01:08:59.428,1.13062,1.13066,2.32,1.50
2018.12.17 01:08:59.990,1.13063,1.13066,1.00,1.00
2018.12.17 01:09:00.153,1.13063,1.13066,1.00,1.50
2018.12.17 01:09:00.709,1.13062,1.13066,3.45,1.50
2018.12.17 01:09:01.229,1.13062,1.13065,1.00,1.00
2018.12.17 01:09:01.767,1.13061,1.13065,3.10,1.50
2018.12.17 01:09:01.819,1.1306,1.13065,4.39,1.00
2018.12.17 01:09:02.028,1.13062,1.13066,1.00,2.00
2018.12.17 01:09:02.538,1.13061,1.13066,3.07,1.12
2018.12.17 01:09:03.758,1.13062,1.13066,1.10,1.50
2018.12.17 01:09:04.445,1.13062,1.13066,1.57,2.37
2018.12.17 01:09:05.090,1.13062,1.13064,1.50,1.00
2018.12.17 01:09:05.735,1.13062,1.13067,1.57,2.75
2018.12.17 01:09:06.244,1.13062,1.13066,1.57,1.00
2018.12.17 01:09:06.752,1.13062,1.13067,1.57,2.00
2018.12.17 01:09:07.320,1.13062,1.13066,1.95,1.00
2018.12.17 01:09:07.861,1.13062,1.13067,1.00,2.75
2018.12.17 01:09:08.502,1.13064,1.13067,1.00,2.75
2018.12.17 01:09:08.640,1.13062,1.13067,1.57,3.50
2018.12.17 01:09:08.951,1.13062,1.13066,1.20,1.00
2018.12.17 01:09:10.195,1.13061,1.13067,5.51,2.37
2018.12.17 01:09:10.563,1.13063,1.13066,1.00,1.00
2018.12.17 01:09:11.100,1.13062,1.13067,1.57,2.37
2018.12.17 01:09:14.895,1.13062,1.13066,1.57,1.62
2018.12.17 01:09:15.492,1.13063,1.13065,1.00,1.00
2018.12.17 01:09:16.025,1.13062,1.13066,1.57,2.00
2018.12.17 01:09:16.846,1.13063,1.13066,1.00,2.00
2018.12.17 01:09:17.352,1.13064,1.13066,1.00,1.00
2018.12.17 01:09:18.412,1.13062,1.13066,2.32,1.00
2018.12.17 01:09:18.980,1.13063,1.13066,1.00,1.00
2018.12.17 01:09:21.063,1.13062,1.13066,1.95,1.00
2018.12.17 01:09:21.600,1.13062,1.13066,1.10,2.00
2018.12.17 01:09:22.433,1.13063,1.13065,1.00,1.00
2018.12.17 01:09:22.962,1.13062,1.13065,1.95,1.00
2018.12.17 01:09:25.044,1.13062,1.13066,1.57,1.00
2018.12.17 01:09:27.087,1.13062,1.13067,1.10,2.00
2018.12.17 01:09:29.657,1.13062,1.13067,1.57,1.00
2018.12.17 01:09:30.158,1.13063,1.13066,1.00,1.00
2018.12.17 01:09:31.445,1.13062,1.13066,2.32,1.00
2018.12.17 01:09:31.992,1.13062,1.13065,1.00,1.00
2018.12.17 01:09:33.334,1.13062,1.13067,1.00,3.69
2018.12.17 01:09:35.890,1.13062,1.13067,1.22,2.75
2018.12.17 01:09:36.363,1.13061,1.13067,2.92,5.17
2018.12.17 01:09:36.881,1.13062,1.13067,1.10,2.75
2018.12.17 01:09:37.519,1.13062,1.13065,1.20,1.00
2018.12.17 01:09:39.849,1.13061,1.13065,1.76,1.00
2018.12.17 01:09:39.954,1.1306,1.13064,2.70,1.62
2018.12.17 01:09:40.743,1.13059,1.13064,2.32,2.75
2018.12.17 01:09:41.437,1.13059,1.13064,2.89,1.12
2018.12.17 01:09:42.001,1.1306,1.13064,1.00,1.50
2018.12.17 01:09:42.980,1.13059,1.13062,3.82,1.00
2018.12.17 01:09:43.596,1.13059,1.13063,5.62,2.25
2018.12.17 01:09:44.123,1.13059,1.13063,6.85,2.25
2018.12.17 01:09:44.844,1.1306,1.13064,1.00,1.39
2018.12.17 01:09:45.366,1.13059,1.13065,6.70,2.44
2018.12.17 01:09:46.042,1.1306,1.13065,3.26,4.44
2018.12.17 01:09:46.713,1.1306,1.13065,1.01,1.12
2018.12.17 01:09:48.135,1.1306,1.13066,1.69,6.86
2018.12.17 01:09:48.647,1.1306,1.13065,3.07,1.00
2018.12.17 01:09:49.279,1.1306,1.13066,2.85,7.61
2018.12.17 01:09:49.801,1.1306,1.13066,1.20,6.79
2018.12.17 01:09:50.320,1.13061,1.13065,1.00,1.50
2018.12.17 01:09:51.068,1.13061,1.13066,1.00,6.60
2018.12.17 01:09:51.397,1.13061,1.13064,1.00,1.00
2018.12.17 01:09:52.084,1.13059,1.13062,6.76,1.00
2018.12.17 01:09:53.467,1.1306,1.13063,2.32,1.00
2018.12.17 01:10:01.002,1.13061,1.13063,2.14,1.00
2018.12.17 01:10:01.055,1.13062,1.13065,1.50,1.87
2018.12.17 01:10:01.672,1.13063,1.13065,1.00,1.00
2018.12.17 01:10:02.185,1.13061,1.13065,7.70,1.00
2018.12.17 01:10:05.598,1.13062,1.13065,4.47,1.00
2018.12.17 01:10:05.652,1.13065,1.13067,1.00,1.50
2018.12.17 01:10:05.914,1.13068,1.1307,1.50,1.00
2018.12.17 01:10:06.021,1.13065,1.13067,1.57,9.00
2018.12.17 01:10:06.745,1.13065,1.13068,2.10,9.00
2018.12.17 01:10:06.797,1.13066,1.13068,1.20,1.87
2018.12.17 01:10:08.724,1.13065,1.13068,2.10,2.00
2018.12.17 01:10:09.461,1.13065,1.13068,1.39,2.00
2018.12.17 01:10:12.661,1.13065,1.13068,2.89,1.12
2018.12.17 01:10:21.088,1.13065,1.1307,1.76,2.25
2018.12.17 01:10:22.511,1.13066,1.1307,1.00,4.12
2018.12.17 01:10:23.699,1.13065,1.1307,2.14,1.87
2018.12.17 01:10:31.072,1.13065,1.13069,3.64,1.00
2018.12.17 01:10:31.732,1.13066,1.13069,1.10,1.00
2018.12.17 01:10:32.246,1.13064,1.13068,7.60,1.00
2018.12.17 01:10:32.843,1.13065,1.13068,2.91,1.00
2018.12.17 01:10:34.038,1.13065,1.13069,2.91,1.12
2018.12.17 01:10:34.582,1.13065,1.1307,1.95,1.00
2018.12.17 01:10:35.227,1.13066,1.1307,1.00,1.50
2018.12.17 01:10:35.858,1.13066,1.1307,1.22,2.62
2018.12.17 01:10:38.742,1.13066,1.1307,1.20,2.62
2018.12.17 01:10:40.095,1.13066,1.13068,1.00,1.00
2018.12.17 01:10:41.500,1.13065,1.13068,1.95,1.00
2018.12.17 01:10:42.037,1.13065,1.13069,1.95,1.12
2018.12.17 01:10:42.793,1.13065,1.13071,2.70,5.22
2018.12.17 01:10:44.665,1.13066,1.1307,1.00,1.87
2018.12.17 01:10:45.040,1.13066,1.13069,1.00,1.62
2018.12.17 01:10:45.548,1.13065,1.13069,4.20,2.00
2018.12.17 01:10:45.874,1.13066,1.13069,1.22,2.00
2018.12.17 01:10:46.416,1.13066,1.13069,1.22,1.00
2018.12.17 01:10:47.083,1.13066,1.13069,1.20,1.00
2018.12.17 01:10:48.958,1.13065,1.13068,5.10,1.00
2018.12.17 01:10:50.092,1.13066,1.1307,2.32,1.50
2018.12.17 01:10:51.082,1.13066,1.13068,1.57,1.00
2018.12.17 01:10:56.075,1.13065,1.13068,8.14,1.62
2018.12.17 01:10:56.850,1.13066,1.13068,1.20,1.00
2018.12.17 01:11:00.542,1.13068,1.13069,1.00,1.50
2018.12.17 01:11:00.595,1.13066,1.13068,4.01,1.00
2018.12.17 01:11:01.073,1.13066,1.1307,1.01,1.12
2018.12.17 01:11:01.605,1.13066,1.13071,2.89,4.87
2018.12.17 01:11:02.117,1.13066,1.13071,3.79,6.00
2018.12.17 01:11:02.623,1.13066,1.13071,3.79,6.87
2018.12.17 01:11:04.922,1.13068,1.13071,1.10,2.75
2018.12.17 01:11:05.027,1.13068,1.13072,1.57,1.50
2018.12.17 01:11:05.186,1.13067,1.13071,1.10,1.62
2018.12.17 01:11:05.427,1.13067,1.13072,1.10,2.25
2018.12.17 01:11:07.396,1.13067,1.13072,1.10,3.12
2018.12.17 01:11:07.787,1.13069,1.13071,1.00,1.50
2018.12.17 01:11:08.308,1.13067,1.13072,2.72,2.00
2018.12.17 01:11:09.194,1.13067,1.13072,3.07,2.00
2018.12.17 01:11:09.736,1.13067,1.13072,3.85,2.00
2018.12.17 01:11:10.295,1.13067,1.13071,1.00,1.00
2018.12.17 01:11:10.801,1.13065,1.13071,5.10,1.00
2018.12.17 01:11:13.780,1.13066,1.13071,2.10,2.85
2018.12.17 01:11:18.359,1.13067,1.13071,2.06,1.75
2018.12.17 01:11:18.973,1.13067,1.13072,1.57,2.25
2018.12.17 01:11:20.725,1.13067,1.13071,3.07,1.81
2018.12.17 01:11:21.400,1.13068,1.13071,1.00,1.81
2018.12.17 01:11:21.943,1.13067,1.13071,4.01,1.62
2018.12.17 01:11:22.253,1.13068,1.13071,2.87,2.00
2018.12.17 01:11:22.820,1.13073,1.13075,1.00,1.95
2018.12.17 01:11:22.874,1.13074,1.13076,1.50,3.75
2018.12.17 01:11:22.981,1.13077,1.13079,1.00,3.37
2018.12.17 01:11:23.139,1.13075,1.13079,1.10,3.00
2018.12.17 01:11:23.193,1.13073,1.13076,4.22,1.50
2018.12.17 01:11:23.466,1.13072,1.13075,1.79,1.62
2018.12.17 01:11:23.570,1.1307,1.13073,4.45,1.00
2018.12.17 01:11:24.110,1.1307,1.13072,1.35,1.00
2018.12.17 01:11:26.047,1.13071,1.13073,2.50,1.00
2018.12.17 01:11:26.566,1.13072,1.13074,1.25,1.00
2018.12.17 01:11:30.611,1.13071,1.13074,3.26,1.00
2018.12.17 01:11:31.141,1.13071,1.13074,3.29,1.00
2018.12.17 01:11:31.914,1.13071,1.13074,3.26,1.00
2018.12.17 01:11:32.137,1.13072,1.13074,1.22,1.00
2018.12.17 01:11:35.151,1.13071,1.13074,2.51,1.00
2018.12.17 01:11:39.878,1.13071,1.13072,1.12,1.50
2018.12.17 01:11:40.408,1.1307,1.13072,2.70,1.00
2018.12.17 01:11:52.538,1.1307,1.13074,3.26,1.50
2018.12.17 01:11:53.067,1.13071,1.13074,1.20,1.50
2018.12.17 01:11:56.575,1.13071,1.13072,1.00,1.00
2018.12.17 01:11:56.860,1.13069,1.13072,2.74,1.00
2018.12.17 01:11:57.377,1.1307,1.13072,1.00,1.00
2018.12.17 01:12:00.232,1.13069,1.13072,1.01,1.00
2018.12.17 01:12:00.339,1.13071,1.13074,1.69,1.10
2018.12.17 01:12:00.653,1.13075,1.13079,1.50,1.00
2018.12.17 01:12:00.812,1.13075,1.13078,2.62,1.50
2018.12.17 01:12:01.350,1.13076,1.13078,1.00,1.50
2018.12.17 01:12:01.990,1.13075,1.13078,2.70,1.50
2018.12.17 01:12:02.754,1.13076,1.13078,1.00,1.50
2018.12.17 01:12:03.430,1.13075,1.13078,2.62,1.62
2018.12.17 01:12:05.083,1.13076,1.13078,1.00,1.50
2018.12.17 01:12:05.601,1.13075,1.13078,3.82,1.50
2018.12.17 01:12:08.574,1.13074,1.13078,4.57,1.50
2018.12.17 01:12:09.783,1.13076,1.13078,1.00,2.75
2018.12.17 01:12:09.837,1.13074,1.13078,5.32,2.75
2018.12.17 01:12:10.381,1.13075,1.13078,1.57,1.50
2018.12.17 01:12:12.960,1.13072,1.13076,3.66,1.00
2018.12.17 01:12:13.099,1.13072,1.13074,1.20,1.00
2018.12.17 01:12:13.416,1.1307,1.13072,1.50,1.12
2018.12.17 01:12:14.425,1.13069,1.13072,1.50,1.00
2018.12.17 01:12:16.235,1.1307,1.13072,1.50,1.00
2018.12.17 01:12:16.897,1.1307,1.13072,3.87,1.00
2018.12.17 01:12:17.826,1.1307,1.13073,4.25,1.50
2018.12.17 01:12:18.490,1.1307,1.13074,4.25,2.25
2018.12.17 01:12:19.216,1.13071,1.13073,4.87,1.12
2018.12.17 01:12:29.503,1.13073,1.13075,3.87,1.72
2018.12.17 01:12:29.919,1.13074,1.13077,1.50,1.87
2018.12.17 01:12:30.127,1.13073,1.13075,3.75,1.00
2018.12.17 01:12:30.180,1.13074,1.13077,1.50,1.12
2018.12.17 01:12:31.102,1.13073,1.13077,1.12,1.00
2018.12.17 01:12:31.618,1.13072,1.13078,1.57,6.22
2018.12.17 01:12:32.134,1.13072,1.13077,2.32,3.04
2018.12.17 01:12:32.394,1.13074,1.13078,1.00,5.85
2018.12.17 01:12:32.766,1.13077,1.1308,2.25,1.00
2018.12.17 01:12:33.288,1.13076,1.1308,1.69,1.50
2018.12.17 01:12:37.728,1.13077,1.1308,1.00,1.00
2018.12.17 01:12:38.655,1.13077,1.13081,1.50,2.25
2018.12.17 01:12:39.190,1.13077,1.13082,1.50,6.67
2018.12.17 01:12:39.831,1.13077,1.13082,1.50,4.97
2018.12.17 01:12:40.343,1.13076,1.13081,2.70,1.00
2018.12.17 01:12:42.471,1.13075,1.13082,6.39,6.07
2018.12.17 01:12:43.042,1.13076,1.13082,1.60,6.45
2018.12.17 01:12:43.346,1.13075,1.13081,2.89,2.25
2018.12.17 01:12:43.928,1.13075,1.1308,3.07,1.00
2018.12.17 01:12:44.766,1.13076,1.1308,1.12,2.25
2018.12.17 01:12:47.514,1.13076,1.13081,1.10,1.00
2018.12.17 01:12:47.925,1.13077,1.13082,1.22,1.00
2018.12.17 01:12:49.264,1.13077,1.13082,1.50,1.00
2018.12.17 01:12:50.890,1.13079,1.13083,1.00,1.69
2018.12.17 01:12:51.404,1.13078,1.13083,1.10,2.25
2018.12.17 01:12:57.067,1.13079,1.13083,1.50,2.25
2018.12.17 01:12:58.638,1.13078,1.13084,3.07,3.94
2018.12.17 01:12:59.732,1.13079,1.13084,1.00,3.94
2018.12.17 01:13:08.188,1.13078,1.13084,2.32,3.94
2018.12.17 01:13:08.502,1.13077,1.13082,1.20,1.95
2018.12.17 01:13:08.831,1.13076,1.13079,1.00,1.00
2018.12.17 01:13:09.041,1.13075,1.13081,1.50,7.05
2018.12.17 01:13:09.640,1.13075,1.1308,1.50,1.50
2018.12.17 01:13:09.853,1.13076,1.13077,1.87,1.00
2018.12.17 01:13:10.395,1.13075,1.13078,1.00,1.00
2018.12.17 01:13:11.182,1.13075,1.13079,1.62,2.85
2018.12.17 01:13:11.708,1.13075,1.13078,1.00,1.00
2018.12.17 01:13:12.188,1.13075,1.13077,1.00,1.00
2018.12.17 01:13:12.293,1.13075,1.13079,1.00,2.29
2018.12.17 01:13:12.931,1.13076,1.13078,1.00,1.00
2018.12.17 01:13:14.063,1.13075,1.13079,1.50,2.85
2018.12.17 01:13:14.620,1.13075,1.13078,1.00,1.00
2018.12.17 01:13:15.280,1.13076,1.13078,1.00,1.50
2018.12.17 01:13:15.814,1.13074,1.13077,1.00,1.00
2018.12.17 01:13:22.280,1.13074,1.13078,1.00,1.87
2018.12.17 01:13:24.248,1.13074,1.13077,1.00,1.00
2018.12.17 01:13:24.757,1.13074,1.13078,1.00,2.25
2018.12.17 01:13:26.038,1.13075,1.13078,3.75,2.62
2018.12.17 01:13:31.089,1.13074,1.13078,4.50,2.10
2018.12.17 01:13:32.069,1.13075,1.13078,3.75,1.35
2018.12.17 01:13:35.682,1.13074,1.13078,5.25,1.35
2018.12.17 01:13:37.405,1.13074,1.1308,3.26,3.60
2018.12.17 01:13:37.457,1.13076,1.1308,1.50,1.50
2018.12.17 01:13:37.765,1.13075,1.13077,1.50,1.00
2018.12.17 01:13:37.869,1.13074,1.13077,1.50,1.00
2018.12.17 01:13:38.406,1.13073,1.13078,1.50,3.30
2018.12.17 01:13:39.593,1.13074,1.13077,1.00,1.00
2018.12.17 01:13:40.120,1.13073,1.13078,2.75,2.47
2018.12.17 01:13:40.279,1.13074,1.13076,1.50,1.00
2018.12.17 01:13:40.419,1.13074,1.13078,1.12,5.47
2018.12.17 01:13:40.529,1.13071,1.13077,1.20,3.25
2018.12.17 01:13:40.970,1.13069,1.13076,7.20,4.67
2018.12.17 01:13:41.553,1.13071,1.13075,1.00,1.00
2018.12.17 01:13:41.865,1.13072,1.13077,1.00,2.55
2018.12.17 01:13:42.098,1.13071,1.13075,2.14,1.00
2018.12.17 01:13:42.502,1.13071,1.13077,2.89,3.60
2018.12.17 01:13:43.051,1.13072,1.13077,3.45,2.55
2018.12.17 01:13:44.372,1.13072,1.13076,1.00,1.00
2018.12.17 01:13:44.883,1.13073,1.13077,1.00,1.80
2018.12.17 01:13:46.507,1.13072,1.13077,2.25,1.30
2018.12.17 01:13:46.610,1.13072,1.13075,1.50,1.00
2018.12.17 01:13:46.922,1.13071,1.13077,2.81,4.42
2018.12.17 01:13:47.436,1.13072,1.13077,1.00,2.47
2018.12.17 01:13:47.954,1.13072,1.13076,1.00,1.00
2018.12.17 01:13:48.382,1.13074,1.13077,1.00,1.72
2018.12.17 01:13:49.482,1.13072,1.13077,1.20,1.20
2018.12.17 01:13:50.085,1.13071,1.13077,8.14,1.72
2018.12.17 01:13:50.344,1.1307,1.13075,2.45,1.00
2018.12.17 01:13:50.883,1.1307,1.13074,1.12,1.00
2018.12.17 01:13:54.895,1.1307,1.13075,1.12,1.50
2018.12.17 01:13:55.417,1.13071,1.13076,3.94,3.30
2018.12.17 01:13:55.732,1.13076,1.1308,2.06,1.50
2018.12.17 01:13:56.239,1.13076,1.13079,2.44,1.00
2018.12.17 01:13:56.785,1.13076,1.13081,1.31,3.72
2018.12.17 01:13:57.430,1.13077,1.1308,1.00,1.87
2018.12.17 01:13:58.061,1.13076,1.1308,3.26,1.00
2018.12.17 01:13:58.608,1.13077,1.1308,1.10,1.00
2018.12.17 01:14:00.330,1.13076,1.13081,3.64,2.25
2018.12.17 01:14:01.044,1.13076,1.13081,2.89,2.37
2018.12.17 01:14:01.570,1.13076,1.13081,4.01,2.25
2018.12.17 01:14:02.072,1.13076,1.13081,2.89,2.75
2018.12.17 01:14:02.871,1.13078,1.1308,1.00,1.00
2018.12.17 01:14:02.923,1.13076,1.1308,4.76,1.00
2018.12.17 01:14:03.723,1.13076,1.1308,4.79,1.00
2018.12.17 01:14:04.834,1.13076,1.13081,6.29,3.00
2018.12.17 01:14:05.347,1.13076,1.13081,5.81,2.62
2018.12.17 01:14:06.031,1.13077,1.13081,1.00,1.12
2018.12.17 01:14:07.843,1.13077,1.13082,5.26,2.92
2018.12.17 01:14:10.685,1.13077,1.13082,4.39,3.00
2018.12.17 01:14:11.322,1.13077,1.13081,1.31,1.00
2018.12.17 01:14:11.843,1.13078,1.13081,1.50,1.12
2018.12.17 01:14:13.054,1.13078,1.1308,1.00,1.00
2018.12.17 01:14:15.272,1.13077,1.1308,6.37,1.00
2018.12.17 01:14:15.902,1.13077,1.13081,2.62,1.50
2018.12.17 01:14:17.470,1.13078,1.13081,1.00,1.87
2018.12.17 01:14:18.353,1.13077,1.13081,1.87,1.00
2018.12.17 01:14:18.509,1.13079,1.13082,1.00,4.25
2018.12.17 01:14:19.050,1.13079,1.13082,1.50,1.00
2018.12.17 01:14:19.709,1.13079,1.13082,1.00,1.00
2018.12.17 01:14:20.264,1.1308,1.13083,1.50,1.00
2018.12.17 01:14:20.317,1.13082,1.13083,1.00,1.00
2018.12.17 01:14:20.904,1.13081,1.13084,1.50,3.37
2018.12.17 01:14:21.449,1.1308,1.13084,3.26,1.50
2018.12.17 01:14:21.849,1.13082,1.13084,1.00,3.37
2018.12.17 01:14:22.057,1.13081,1.13084,1.00,1.50
2018.12.17 01:14:22.110,1.13083,1.13084,1.50,1.50
2018.12.17 01:14:23.040,1.13082,1.13084,1.00,1.12
2018.12.17 01:14:23.401,1.13083,1.13085,1.00,7.87
2018.12.17 01:14:23.453,1.13082,1.13084,1.00,1.00
2018.12.17 01:14:23.961,1.13081,1.13084,1.25,1.00
2018.12.17 01:14:24.674,1.13082,1.13084,1.00,3.00
2018.12.17 01:14:26.040,1.13083,1.13085,1.00,5.62
2018.12.17 01:14:26.315,1.1308,1.13085,1.69,5.62
2018.12.17 01:14:27.975,1.13083,1.13085,1.00,6.37
2018.12.17 01:14:28.602,1.13083,1.13084,1.00,1.50
2018.12.17 01:14:29.526,1.1308,1.13084,1.69,1.50
2018.12.17 01:14:31.675,1.13079,1.13083,1.95,1.12
2018.12.17 01:14:32.347,1.13081,1.13083,1.00,1.12
2018.12.17 01:14:32.451,1.13079,1.13083,1.12,1.12
2018.12.17 01:14:32.973,1.13078,1.13082,6.39,1.00
2018.12.17 01:14:33.569,1.13078,1.13083,6.57,1.72
2018.12.17 01:14:33.725,1.13078,1.1308,5.82,1.00
2018.12.17 01:14:33.851,1.13079,1.13083,1.87,2.85
2018.12.17 01:14:34.379,1.13079,1.13083,2.62,3.35
2018.12.17 01:14:36.118,1.13079,1.13083,1.12,3.97
2018.12.17 01:14:37.438,1.13078,1.13081,2.37,1.50
2018.12.17 01:14:37.645,1.13078,1.13083,1.81,2.17
2018.12.17 01:14:37.749,1.13078,1.13081,2.56,1.00
2018.12.17 01:14:37.830,1.13079,1.13083,1.12,3.22
2018.12.17 01:14:37.882,1.13078,1.13081,2.19,1.50
2018.12.17 01:14:37.986,1.13076,1.13081,3.26,5.10
2018.12.17 01:14:38.502,1.13077,1.13081,1.87,1.00
2018.12.17 01:14:38.991,1.1308,1.13081,1.00,1.00
2018.12.17 01:14:39.567,1.13078,1.13082,2.00,1.00
2018.12.17 01:14:44.705,1.13078,1.13083,3.50,4.35
2018.12.17 01:14:46.748,1.13079,1.13082,1.12,1.00
2018.12.17 01:14:47.680,1.13079,1.13083,1.12,3.45
2018.12.17 01:14:53.958,1.1308,1.13083,1.00,2.17
2018.12.17 01:14:54.276,1.13078,1.13081,1.50,1.00
2018.12.17 01:14:54.793,1.13079,1.13082,1.87,1.50
2018.12.17 01:14:55.190,1.13077,1.13081,2.51,1.00
2018.12.17 01:14:55.723,1.13078,1.13081,1.00,1.00
2018.12.17 01:14:56.270,1.13077,1.13082,1.01,1.00
2018.12.17 01:14:56.824,1.13077,1.13081,2.44,1.00
2018.12.17 01:14:57.484,1.13077,1.13082,1.69,2.25
2018.12.17 01:14:59.185,1.13077,1.13081,1.00,1.00
2018.12.17 01:14:59.768,1.13076,1.1308,2.51,1.00
2018.12.17 01:15:00.558,1.13075,1.13079,1.10,2.25
2018.12.17 01:15:00.732,1.13072,1.13074,5.85,1.00
2018.12.17 01:15:00.785,1.1307,1.13074,3.00,1.50
2018.12.17 01:15:00.889,1.13068,1.1307,2.07,1.00
2018.12.17 01:15:00.997,1.13065,1.13069,1.27,1.00
2018.12.17 01:15:01.217,1.13063,1.13067,1.10,1.25
2018.12.17 01:15:01.752,1.13061,1.13066,1.62,2.25
2018.12.17 01:15:02.539,1.13061,1.13066,1.62,3.47
2018.12.17 01:15:03.095,1.13062,1.13066,1.00,1.50
2018.12.17 01:15:03.625,1.13062,1.13065,1.00,1.50
2018.12.17 01:15:04.128,1.13062,1.13066,1.00,1.00
2018.12.17 01:15:04.860,1.13064,1.13068,1.50,4.69
2018.12.17 01:15:05.067,1.13063,1.13068,1.10,4.39
2018.12.17 01:15:05.616,1.13062,1.13067,1.12,1.00
2018.12.17 01:15:07.440,1.13064,1.13067,1.00,1.00
2018.12.17 01:15:07.492,1.13062,1.13068,1.00,1.76
2018.12.17 01:15:07.648,1.13064,1.13068,1.00,2.25
2018.12.17 01:15:08.170,1.13063,1.13068,1.00,1.22
2018.12.17 01:15:08.702,1.13063,1.13068,1.00,1.69
2018.12.17 01:15:09.078,1.13062,1.13066,2.32,1.00
2018.12.17 01:15:09.596,1.13062,1.13067,1.00,1.69
2018.12.17 01:15:10.111,1.13062,1.13065,1.10,1.00
2018.12.17 01:15:11.286,1.13062,1.13067,1.00,4.26
2018.12.17 01:15:14.127,1.13062,1.13065,1.00,1.50
2018.12.17 01:15:14.628,1.13062,1.13066,1.00,2.32
2018.12.17 01:15:16.004,1.13062,1.13067,1.00,1.50
2018.12.17 01:15:17.979,1.13062,1.13066,1.12,1.00
2018.12.17 01:15:18.553,1.13062,1.13067,1.12,1.00
2018.12.17 01:15:22.513,1.13062,1.13068,1.10,2.85
2018.12.17 01:15:22.840,1.13062,1.13066,1.12,1.00
2018.12.17 01:15:23.368,1.13062,1.13067,1.12,2.10
2018.12.17 01:15:24.304,1.13062,1.13065,1.00,1.00
2018.12.17 01:15:24.511,1.13062,1.13067,1.00,2.85
2018.12.17 01:15:27.454,1.13062,1.13066,1.00,1.00
2018.12.17 01:15:31.383,1.13062,1.13067,1.00,2.10
2018.12.17 01:15:32.191,1.13062,1.13066,1.10,1.00
2018.12.17 01:15:32.696,1.13062,1.13067,1.50,1.35
2018.12.17 01:15:33.732,1.13062,1.13066,1.00,1.00
2018.12.17 01:15:34.438,1.13062,1.13067,1.00,2.10
2018.12.17 01:15:34.491,1.13062,1.13065,1.00,1.00
2018.12.17 01:15:38.706,1.13062,1.13066,1.87,1.00
2018.12.17 01:15:39.022,1.13065,1.13068,1.00,2.25
2018.12.17 01:15:39.561,1.13064,1.13068,1.31,1.00
2018.12.17 01:15:42.793,1.13063,1.13068,4.42,1.95
2018.12.17 01:15:43.103,1.13063,1.13066,1.50,1.00
2018.12.17 01:15:44.632,1.13063,1.13065,1.57,1.00
2018.12.17 01:15:48.140,1.13063,1.13066,1.50,1.00
2018.12.17 01:15:52.302,1.13062,1.13066,1.31,1.00
2018.12.17 01:15:53.297,1.13062,1.13065,1.31,1.00
2018.12.17 01:15:54.138,1.13062,1.13066,1.31,1.00
2018.12.17 01:15:54.661,1.13063,1.13066,2.47,1.50
2018.12.17 01:15:57.686,1.13063,1.13067,1.72,1.50
2018.12.17 01:15:57.999,1.13068,1.13071,1.50,1.00
2018.12.17 01:15:58.190,1.13066,1.13071,4.62,1.00
2018.12.17 01:15:58.886,1.13066,1.1307,4.62,1.00
2018.12.17 01:15:59.391,1.13066,1.13071,1.62,1.00
2018.12.17 01:15:59.940,1.13066,1.13072,1.62,2.14
2018.12.17 01:16:00.437,1.13066,1.1307,2.56,1.00
2018.12.17 01:16:00.969,1.13066,1.13071,2.26,1.50
2018.12.17 01:16:06.488,1.13066,1.1307,7.51,1.00
2018.12.17 01:16:07.316,1.13067,1.13072,3.07,3.00
2018.12.17 01:16:08.077,1.13067,1.13071,3.00,1.00
2018.12.17 01:16:08.606,1.13068,1.13071,1.00,1.00
2018.12.17 01:16:09.134,1.13067,1.13071,4.95,1.00
2018.12.17 01:16:09.693,1.13068,1.13072,1.00,1.00
2018.12.17 01:16:10.008,1.1307,1.13074,2.00,2.16
2018.12.17 01:16:10.167,1.13072,1.13076,1.00,3.69
2018.12.17 01:16:10.324,1.13073,1.13076,1.50,2.75
2018.12.17 01:16:10.466,1.13072,1.13076,1.10,2.75
2018.12.17 01:16:10.882,1.13074,1.13076,1.35,1.00
2018.12.17 01:16:11.795,1.13074,1.13078,8.22,1.12
2018.12.17 01:16:11.923,1.13076,1.13079,1.10,1.87
2018.12.17 01:16:13.086,1.13076,1.1308,3.75,3.87
2018.12.17 01:16:13.607,1.13075,1.1308,11.55,3.12
2018.12.17 01:16:14.010,1.13077,1.1308,1.00,3.87
2018.12.17 01:16:15.926,1.13077,1.1308,4.50,1.50
2018.12.17 01:16:16.961,1.13077,1.1308,3.47,1.50
2018.12.17 01:16:17.511,1.13077,1.13081,2.32,1.00
2018.12.17 01:16:20.072,1.13077,1.13081,3.82,2.00
2018.12.17 01:16:22.788,1.13077,1.13081,1.95,1.12
2018.12.17 01:16:23.297,1.13077,1.13082,2.70,4.50
2018.12.17 01:16:23.949,1.13077,1.13082,1.57,5.00
2018.12.17 01:16:24.924,1.13077,1.13082,2.89,1.12
2018.12.17 01:16:28.008,1.13078,1.13082,1.50,3.19
2018.12.17 01:16:28.322,1.13077,1.13081,2.17,1.62
2018.12.17 01:16:30.096,1.13076,1.1308,3.07,1.00
2018.12.17 01:16:39.062,1.13076,1.1308,2.97,1.00
2018.12.17 01:16:40.350,1.13076,1.13082,2.10,5.67
2018.12.17 01:16:40.898,1.13077,1.13081,1.00,2.25
2018.12.17 01:16:41.400,1.13076,1.13081,2.85,1.12
2018.12.17 01:16:42.007,1.13077,1.13081,1.00,2.25
2018.12.17 01:16:42.534,1.13076,1.13081,1.00,2.62
2018.12.17 01:16:42.845,1.13075,1.1308,2.92,2.00
2018.12.17 01:16:43.401,1.13075,1.1308,6.30,1.00
2018.12.17 01:16:43.983,1.13077,1.1308,1.00,1.87
2018.12.17 01:16:44.489,1.13076,1.1308,1.50,1.62
2018.12.17 01:16:45.293,1.13076,1.13081,1.50,1.87
2018.12.17 01:16:46.136,1.13076,1.13081,1.50,2.35
2018.12.17 01:16:46.679,1.13075,1.13081,5.67,1.87
2018.12.17 01:16:48.818,1.13077,1.13082,1.00,7.51
2018.12.17 01:16:52.491,1.13076,1.13082,4.50,6.57
2018.12.17 01:16:54.276,1.13077,1.13082,1.00,5.07
2018.12.17 01:16:54.940,1.13076,1.13082,3.00,5.82
2018.12.17 01:16:55.524,1.13077,1.13082,1.00,5.82
2018.12.17 01:16:56.243,1.13076,1.13082,4.50,5.82
2018.12.17 01:16:56.859,1.13077,1.13081,1.00,1.50
2018.12.17 01:16:59.590,1.13076,1.13081,2.62,1.00
2018.12.17 01:17:00.763,1.13077,1.13081,1.00,3.37
2018.12.17 01:17:04.628,1.13077,1.13081,1.00,1.00
2018.12.17 01:17:05.190,1.13076,1.13081,3.37,1.00
2018.12.17 01:17:07.625,1.13077,1.13081,1.00,1.50
2018.12.17 01:17:08.969,1.13077,1.13082,1.00,1.50
2018.12.17 01:17:12.807,1.13078,1.13082,1.00,3.37
2018.12.17 01:17:13.820,1.13077,1.13083,4.66,3.07
2018.12.17 01:17:13.925,1.1308,1.13083,1.00,1.87
2018.12.17 01:17:14.464,1.13079,1.13082,1.50,1.50
2018.12.17 01:17:15.134,1.13079,1.13081,1.50,1.62
2018.12.17 01:17:17.379,1.13079,1.13082,1.50,2.75
2018.12.17 01:17:18.150,1.13078,1.13083,2.70,2.32
2018.12.17 01:17:18.512,1.13079,1.13083,2.50,1.00
2018.12.17 01:17:19.035,1.1308,1.13084,1.25,3.37
2018.12.17 01:17:19.345,1.13078,1.13083,4.22,1.62
2018.12.17 01:17:19.856,1.13079,1.13083,1.25,3.75
2018.12.17 01:17:20.401,1.13079,1.13083,1.00,1.00
2018.12.17 01:17:21.174,1.13081,1.13083,1.00,1.00
2018.12.17 01:17:21.226,1.13078,1.13083,4.54,1.00
2018.12.17 01:17:22.189,1.13079,1.13083,1.00,1.50
2018.12.17 01:17:22.720,1.13079,1.13083,1.00,3.57
2018.12.17 01:17:24.142,1.13079,1.13083,1.00,1.00
2018.12.17 01:17:25.053,1.13077,1.13083,6.45,5.44
2018.12.17 01:17:25.554,1.13078,1.13084,1.87,6.11
2018.12.17 01:17:26.525,1.13078,1.13083,1.95,1.00
2018.12.17 01:17:27.306,1.13079,1.13083,1.00,1.00
2018.12.17 01:17:27.901,1.13079,1.13083,1.00,2.75
2018.12.17 01:17:28.546,1.13078,1.13082,3.00,1.00
2018.12.17 01:17:29.123,1.13079,1.13082,1.00,1.87
2018.12.17 01:17:29.666,1.13078,1.13082,1.87,1.00
2018.12.17 01:17:30.122,1.1308,1.13082,1.50,1.00
2018.12.17 01:17:30.174,1.13078,1.13082,1.87,1.00
2018.12.17 01:17:33.092,1.1308,1.13082,1.00,1.00
2018.12.17 01:17:33.145,1.13078,1.13082,2.62,1.00
2018.12.17 01:17:35.040,1.13079,1.13082,1.50,1.00
2018.12.17 01:17:35.322,1.13077,1.13081,1.87,1.12
2018.12.17 01:17:36.533,1.13077,1.13082,4.12,7.05
2018.12.17 01:17:37.324,1.13077,1.13081,4.12,1.10
2018.12.17 01:17:38.252,1.13077,1.13082,1.12,5.47
2018.12.17 01:17:38.785,1.13077,1.13081,2.62,1.00
2018.12.17 01:17:38.839,1.1308,1.13082,1.00,1.00
2018.12.17 01:17:39.048,1.13078,1.13083,7.35,1.12
2018.12.17 01:17:39.264,1.13081,1.13084,1.00,4.32
2018.12.17 01:17:39.316,1.13079,1.13084,1.00,4.32
2018.12.17 01:17:40.404,1.13079,1.13082,1.00,1.00
2018.12.17 01:17:40.992,1.13078,1.13082,6.97,1.00
2018.12.17 01:17:41.894,1.13079,1.13082,1.00,1.00
2018.12.17 01:17:44.137,1.13079,1.13083,1.69,2.32
2018.12.17 01:17:44.608,1.13078,1.13081,2.37,1.50
2018.12.17 01:17:45.735,1.13079,1.13082,1.12,1.87
2018.12.17 01:17:46.250,1.13079,1.13082,3.62,1.87
2018.12.17 01:17:48.407,1.13079,1.13083,3.25,1.50
2018.12.17 01:17:48.615,1.13078,1.13082,1.12,2.06
2018.12.17 01:17:52.544,1.13077,1.13081,4.44,1.00
2018.12.17 01:17:53.250,1.13077,1.1308,2.75,1.00
2018.12.17 01:17:53.787,1.13077,1.13081,1.50,3.82
2018.12.17 01:17:54.656,1.13077,1.1308,3.00,1.00
2018.12.17 01:17:58.778,1.13077,1.13079,1.25,1.00
2018.12.17 01:17:58.881,1.13077,1.13081,1.25,3.45
2018.12.17 01:17:59.036,1.13077,1.13079,1.69,1.00
2018.12.17 01:17:59.088,1.13077,1.13081,1.25,3.37
2018.12.17 01:17:59.242,1.13076,1.13079,9.94,1.00
2018.12.17 01:17:59.295,1.13077,1.13081,1.25,1.95
2018.12.17 01:18:00.529,1.13077,1.13079,2.25,1.00
2018.12.17 01:18:00.582,1.13077,1.13081,2.25,3.00
2018.12.17 01:18:03.338,1.13077,1.1308,3.00,1.50
2018.12.17 01:18:03.901,1.13076,1.13081,6.00,1.87
2018.12.17 01:18:04.348,1.13077,1.13079,1.00,1.50
2018.12.17 01:18:04.606,1.13077,1.13081,1.00,1.00
2018.12.17 01:18:05.240,1.13077,1.1308,1.00,1.00
2018.12.17 01:18:05.794,1.13076,1.13081,7.57,1.87
2018.12.17 01:18:06.301,1.13077,1.13081,2.25,3.00
2018.12.17 01:18:07.261,1.13077,1.1308,1.50,1.00
2018.12.17 01:18:07.925,1.13076,1.13081,5.32,5.07
2018.12.17 01:18:08.692,1.13077,1.1308,1.10,1.50
2018.12.17 01:18:09.693,1.13076,1.13082,7.39,6.50
2018.12.17 01:18:10.201,1.13077,1.1308,2.25,1.00
2018.12.17 01:18:12.461,1.13076,1.13081,5.44,2.62
2018.12.17 01:18:12.964,1.13077,1.1308,1.00,1.00
2018.12.17 01:18:18.128,1.13077,1.13081,1.50,5.25
2018.12.17 01:18:18.546,1.13077,1.13079,1.00,1.00
2018.12.17 01:18:19.121,1.13077,1.1308,1.00,1.12
2018.12.17 01:18:20.877,1.13076,1.1308,4.69,1.00
2018.12.17 01:18:21.698,1.13077,1.1308,1.50,1.00
2018.12.17 01:18:23.255,1.13076,1.13081,5.51,4.20
2018.12.17 01:18:24.547,1.13077,1.13079,1.00,1.50
2018.12.17 01:18:24.754,1.13077,1.13081,1.00,3.37
2018.12.17 01:18:24.908,1.13077,1.13079,1.00,1.00
2018.12.17 01:18:25.012,1.13077,1.13081,1.00,3.37
2018.12.17 01:18:25.644,1.13077,1.13081,1.50,4.62
2018.12.17 01:18:27.043,1.13077,1.13081,1.50,3.37
2018.12.17 01:18:29.077,1.13076,1.13081,5.14,2.70
2018.12.17 01:18:30.090,1.13076,1.1308,5.56,1.00
2018.12.17 01:18:30.639,1.13076,1.13081,4.50,2.25
2018.12.17 01:18:31.535,1.13077,1.13081,1.00,6.00
2018.12.17 01:18:35.060,1.13077,1.13082,1.25,10.61
2018.12.17 01:18:35.597,1.13077,1.13081,2.50,1.50
2018.12.17 01:18:36.586,1.13076,1.13081,5.87,4.37
2018.12.17 01:18:37.102,1.13075,1.13079,2.19,1.50
2018.12.17 01:18:41.517,1.13075,1.13078,2.94,1.00
2018.12.17 01:18:42.116,1.13075,1.13079,2.94,4.35
2018.12.17 01:18:43.287,1.13075,1.13078,2.19,1.00
2018.12.17 01:18:50.479,1.13074,1.13078,8.47,1.00
2018.12.17 01:18:51.754,1.13075,1.13078,1.00,1.00
2018.12.17 01:18:52.375,1.13074,1.13078,4.87,1.12
2018.12.17 01:18:54.635,1.13074,1.13077,4.50,1.00
2018.12.17 01:18:55.151,1.13073,1.13076,2.75,1.00
2018.12.17 01:18:55.307,1.13072,1.13076,3.37,1.50
2018.12.17 01:18:56.089,1.13072,1.13075,1.50,1.50
2018.12.17 01:18:58.088,1.13072,1.13077,1.00,14.11
2018.12.17 01:19:02.039,1.13072,1.13077,1.00,4.61
2018.12.17 01:19:06.082,1.13073,1.13076,2.62,1.00
2018.12.17 01:19:10.921,1.13073,1.13077,1.50,4.24
2018.12.17 01:19:11.533,1.13073,1.13076,1.50,1.00
2018.12.17 01:19:11.910,1.13073,1.13074,1.50,1.00
2018.12.17 01:19:24.953,1.13073,1.13077,1.00,1.95
2018.12.17 01:19:25.739,1.13073,1.13077,1.62,1.10
2018.12.17 01:19:31.327,1.13073,1.13078,2.75,9.64
2018.12.17 01:19:31.832,1.13073,1.13077,4.10,2.25
2018.12.17 01:19:32.372,1.13073,1.13078,2.79,6.07
2018.12.17 01:19:32.895,1.13075,1.13078,1.00,6.95
2018.12.17 01:19:35.884,1.13075,1.13076,1.00,1.00
2018.12.17 01:19:38.542,1.13074,1.13076,2.25,1.00
2018.12.17 01:19:47.189,1.13073,1.13076,1.35,1.00
2018.12.17 01:19:51.028,1.13074,1.13076,1.00,1.00
2018.12.17 01:20:04.684,1.13073,1.13076,1.00,1.00
2018.12.17 01:20:05.769,1.13073,1.13076,2.00,1.00
2018.12.17 01:20:06.967,1.13073,1.13076,1.12,1.00
2018.12.17 01:20:14.031,1.13073,1.13076,2.37,1.00
2018.12.17 01:20:17.041,1.13074,1.13076,1.62,1.00
2018.12.17 01:20:20.428,1.13073,1.13076,3.50,1.00
2018.12.17 01:20:24.037,1.13073,1.13076,2.25,1.00
2018.12.17 01:20:24.951,1.13073,1.13077,3.00,1.50
2018.12.17 01:20:32.881,1.13073,1.13077,5.00,2.62
2018.12.17 01:20:40.028,1.13073,1.13078,3.12,4.80
2018.12.17 01:20:41.808,1.13073,1.13077,3.12,1.00
2018.12.17 01:20:45.958,1.13073,1.13078,2.75,7.80
2018.12.17 01:20:47.531,1.13074,1.13077,1.00,1.00
2018.12.17 01:20:48.226,1.13074,1.13078,1.00,3.60
2018.12.17 01:20:49.241,1.13074,1.13077,1.00,1.00
2018.12.17 01:20:49.800,1.13074,1.13078,1.00,3.60
2018.12.17 01:20:53.131,1.13074,1.13077,1.00,1.00
2018.12.17 01:20:54.552,1.13074,1.13078,1.00,3.22
2018.12.17 01:20:55.817,1.13074,1.13077,1.00,1.00
2018.12.17 01:20:56.481,1.13074,1.13078,1.00,3.30
2018.12.17 01:21:00.375,1.13074,1.13077,1.00,1.00
2018.12.17 01:21:01.363,1.13074,1.13078,1.00,3.30
2018.12.17 01:21:01.978,1.13074,1.13078,2.62,4.92
2018.12.17 01:21:02.990,1.13074,1.13078,1.00,3.67
2018.12.17 01:21:04.060,1.13073,1.13077,3.50,1.00
2018.12.17 01:21:09.023,1.13074,1.13078,1.12,1.50
2018.12.17 01:21:13.091,1.13073,1.13077,2.75,1.50
2018.12.17 01:21:15.086,1.13073,1.13078,2.00,6.60
2018.12.17 01:21:22.079,1.13073,1.13074,3.37,1.00
2018.12.17 01:21:22.353,1.13069,1.13071,6.26,1.00
2018.12.17 01:21:22.875,1.13069,1.13071,1.12,4.00
2018.12.17 01:21:23.227,1.13067,1.13068,5.25,1.25
2018.12.17 01:21:23.394,1.13066,1.13068,1.50,1.25
2018.12.17 01:21:23.500,1.13064,1.13067,3.00,1.25
2018.12.17 01:21:23.663,1.13062,1.13064,1.50,1.31
2018.12.17 01:21:23.948,1.13061,1.13063,1.00,1.25
2018.12.17 01:21:24.001,1.13059,1.13062,4.95,1.25
2018.12.17 01:21:24.536,1.13059,1.13061,1.00,1.35
2018.12.17 01:21:25.561,1.13059,1.13063,1.00,5.60
2018.12.17 01:21:25.769,1.1306,1.13064,3.75,3.32
2018.12.17 01:21:25.873,1.13062,1.13065,1.00,5.87
2018.12.17 01:21:25.979,1.13062,1.13067,1.00,9.70
2018.12.17 01:21:26.156,1.13064,1.13068,1.00,6.70
2018.12.17 01:21:26.719,1.13063,1.13068,1.50,4.75
2018.12.17 01:21:27.690,1.13065,1.13068,1.00,5.12
2018.12.17 01:21:31.566,1.13064,1.13067,1.00,1.75
2018.12.17 01:21:32.083,1.13063,1.13068,2.37,1.25
2018.12.17 01:21:32.649,1.13063,1.13068,1.62,5.20
2018.12.17 01:21:36.143,1.13062,1.13067,2.37,6.75
2018.12.17 01:21:36.457,1.13062,1.13065,1.62,2.12
2018.12.17 01:21:37.142,1.13061,1.13065,1.12,2.12
2018.12.17 01:21:38.285,1.1306,1.13064,3.75,1.69
2018.12.17 01:21:38.800,1.1306,1.13064,2.25,3.25
2018.12.17 01:21:40.147,1.13059,1.13062,2.75,2.50
2018.12.17 01:21:42.770,1.13059,1.13063,1.12,7.97
2018.12.17 01:21:44.138,1.13057,1.13061,3.12,1.25
2018.12.17 01:21:44.677,1.13058,1.13062,1.00,1.75
2018.12.17 01:21:45.851,1.13058,1.13062,3.50,1.69
2018.12.17 01:21:46.420,1.13059,1.13062,1.50,1.25
2018.12.17 01:21:47.072,1.13059,1.13062,1.50,1.69
2018.12.17 01:21:48.258,1.13059,1.13062,1.50,2.57
2018.12.17 01:21:48.551,1.13057,1.13061,3.45,5.69
2018.12.17 01:21:48.604,1.13058,1.13061,1.62,4.94
2018.12.17 01:21:48.657,1.13057,1.1306,1.00,3.25
2018.12.17 01:21:49.213,1.13058,1.13061,1.50,1.75
2018.12.17 01:21:50.285,1.13058,1.13061,1.62,2.12
2018.12.17 01:21:51.468,1.13058,1.13062,1.62,3.10
2018.12.17 01:21:52.565,1.13059,1.13062,1.50,2.35
2018.12.17 01:21:53.683,1.13059,1.13062,1.50,1.25
2018.12.17 01:21:54.189,1.13058,1.13062,1.50,7.00
2018.12.17 01:21:55.260,1.13057,1.13061,2.25,3.25
2018.12.17 01:21:55.415,1.13058,1.13061,1.62,4.00
2018.12.17 01:21:55.966,1.13058,1.13061,1.62,2.44
2018.12.17 01:21:56.397,1.13057,1.1306,1.00,1.75
2018.12.17 01:21:56.449,1.13058,1.13061,1.50,1.69
2018.12.17 01:22:00.148,1.13058,1.13061,1.50,1.25
2018.12.17 01:22:00.675,1.13056,1.1306,4.62,5.89
2018.12.17 01:22:03.440,1.13057,1.13061,2.00,1.35
2018.12.17 01:22:03.596,1.13059,1.13063,1.50,1.00
2018.12.17 01:22:03.649,1.1306,1.13065,1.00,11.17
2018.12.17 01:22:04.156,1.1306,1.13064,2.25,1.00
2018.12.17 01:22:04.674,1.13061,1.13066,6.00,5.57
2018.12.17 01:22:04.779,1.13063,1.13066,1.00,1.87
2018.12.17 01:22:05.303,1.13062,1.13067,4.00,2.62
2018.12.17 01:22:07.546,1.13064,1.13067,1.50,1.00
2018.12.17 01:22:07.652,1.13066,1.13069,1.00,1.87
2018.12.17 01:22:08.169,1.13065,1.13069,2.51,1.00
2018.12.17 01:22:09.564,1.13065,1.1307,1.69,1.50
2018.12.17 01:22:10.116,1.13065,1.13069,3.94,1.00
2018.12.17 01:22:10.619,1.13065,1.1307,1.69,2.62
2018.12.17 01:22:12.595,1.13065,1.13069,4.31,1.00
2018.12.17 01:22:13.156,1.13065,1.1307,2.06,2.25
2018.12.17 01:22:13.788,1.13066,1.13071,4.37,5.50
2018.12.17 01:22:14.124,1.13067,1.13072,1.00,7.39
2018.12.17 01:22:14.876,1.13067,1.13071,2.25,3.00
2018.12.17 01:22:29.474,1.13066,1.13067,1.95,2.25
2018.12.17 01:22:29.579,1.13064,1.13068,2.25,1.87
2018.12.17 01:22:30.168,1.13065,1.13068,3.75,1.50
2018.12.17 01:22:33.107,1.13066,1.13068,1.00,1.00
2018.12.17 01:22:33.710,1.13066,1.13069,1.00,1.87
2018.12.17 01:22:34.430,1.13064,1.1307,15.30,7.85
2018.12.17 01:22:45.218,1.13066,1.1307,1.75,4.62
2018.12.17 01:22:45.758,1.13067,1.1307,1.69,1.25
2018.12.17 01:22:46.630,1.13067,1.1307,2.14,1.25
2018.12.17 01:22:56.029,1.13067,1.13071,1.39,3.00
2018.12.17 01:23:00.418,1.13067,1.13071,2.16,3.00
2018.12.17 01:23:02.911,1.13068,1.1307,1.10,1.25
2018.12.17 01:23:07.407,1.13068,1.1307,1.10,1.31
2018.12.17 01:23:08.463,1.13067,1.1307,1.39,1.25
2018.12.17 01:23:08.977,1.13068,1.1307,1.00,1.25
2018.12.17 01:23:09.638,1.13067,1.1307,2.14,1.25
2018.12.17 01:23:14.830,1.13068,1.13071,1.00,5.25
2018.12.17 01:23:16.625,1.13067,1.13071,2.14,3.00
2018.12.17 01:23:16.883,1.13068,1.13072,5.51,2.25
2018.12.17 01:23:17.429,1.13068,1.13072,7.16,2.85
2018.12.17 01:23:18.033,1.13068,1.13071,6.79,1.00
2018.12.17 01:23:19.851,1.13068,1.13071,5.51,1.00
2018.12.17 01:23:21.192,1.13069,1.13072,1.60,3.35
2018.12.17 01:23:21.908,1.13069,1.13071,1.57,1.12
2018.12.17 01:23:23.201,1.13068,1.13072,4.39,3.35
2018.12.17 01:23:27.337,1.13069,1.13071,1.00,1.87
2018.12.17 01:23:33.611,1.13068,1.13072,3.64,2.60
2018.12.17 01:23:46.028,1.13069,1.13071,1.00,1.12
2018.12.17 01:23:59.147,1.13069,1.13071,5.70,1.00
2018.12.17 01:23:59.305,1.13071,1.13074,1.00,1.12
2018.12.17 01:24:14.922,1.1307,1.13072,1.50,3.87
2018.12.17 01:24:14.975,1.13068,1.13072,4.12,5.37
2018.12.17 01:24:15.509,1.13068,1.13071,2.87,1.80
2018.12.17 01:24:17.802,1.13068,1.13071,1.25,1.30
2018.12.17 01:24:19.917,1.13068,1.13071,2.50,1.80
2018.12.17 01:24:20.442,1.13068,1.13071,1.75,1.35
2018.12.17 01:24:30.349,1.13066,1.13069,5.29,1.00
2018.12.17 01:24:30.612,1.13065,1.1307,2.14,1.87
2018.12.17 01:24:31.128,1.13066,1.1307,1.50,1.00
2018.12.17 01:24:31.691,1.13065,1.1307,2.89,1.50
2018.12.17 01:24:32.569,1.13065,1.1307,8.91,1.50
2018.12.17 01:24:35.611,1.13065,1.1307,7.39,2.25
2018.12.17 01:24:39.979,1.13065,1.13069,2.89,1.00
2018.12.17 01:24:40.676,1.13065,1.1307,1.39,2.62
2018.12.17 01:24:42.412,1.13067,1.13071,1.00,3.80
2018.12.17 01:24:43.043,1.13068,1.13071,2.17,1.00
2018.12.17 01:24:49.160,1.13068,1.13071,4.01,1.62
2018.12.17 01:24:49.795,1.13067,1.13071,13.45,1.00
2018.12.17 01:24:52.307,1.13067,1.13072,11.82,1.30
2018.12.17 01:24:52.942,1.13068,1.13072,1.76,1.80
2018.12.17 01:24:53.284,1.1307,1.13073,1.69,5.30
2018.12.17 01:24:53.814,1.13069,1.13072,1.00,2.10
2018.12.17 01:24:55.058,1.13069,1.13071,1.00,1.00
2018.12.17 01:24:55.672,1.13069,1.13072,1.00,3.60
2018.12.17 01:24:56.243,1.13069,1.13071,1.00,1.00
2018.12.17 01:24:58.079,1.13068,1.13072,2.25,3.37
2018.12.17 01:24:58.653,1.13069,1.13072,1.00,3.37
2018.12.17 01:24:58.825,1.13067,1.13072,5.14,3.00
2018.12.17 01:24:59.543,1.13067,1.13072,3.64,3.50
2018.12.17 01:25:00.102,1.13068,1.13071,1.00,1.12
2018.12.17 01:25:00.833,1.13067,1.13072,4.01,4.32
2018.12.17 01:25:04.066,1.13067,1.13072,4.01,3.82
2018.12.17 01:25:04.825,1.13067,1.13071,5.14,1.00
2018.12.17 01:25:05.677,1.13068,1.13071,1.00,1.00
2018.12.17 01:25:06.379,1.13067,1.13072,5.81,1.87
2018.12.17 01:25:08.391,1.13067,1.13072,4.31,3.62
2018.12.17 01:25:09.151,1.13068,1.13072,1.12,4.37
2018.12.17 01:25:09.743,1.13067,1.13071,5.89,1.69
2018.12.17 01:25:13.186,1.13069,1.13071,1.12,1.69
2018.12.17 01:25:13.317,1.13069,1.13073,4.50,5.06
2018.12.17 01:25:13.853,1.1307,1.13073,1.20,1.87
2018.12.17 01:25:15.051,1.1307,1.13074,1.20,2.81
2018.12.17 01:25:18.195,1.1307,1.13073,1.20,1.00
2018.12.17 01:25:19.304,1.1307,1.13074,1.20,2.06
2018.12.17 01:25:20.084,1.1307,1.13073,1.95,1.00
2018.12.17 01:25:20.785,1.1307,1.13074,1.20,2.06
2018.12.17 01:25:21.332,1.1307,1.13073,1.20,1.00
2018.12.17 01:25:22.028,1.1307,1.13074,1.20,3.79
2018.12.17 01:25:22.551,1.13069,1.13074,5.92,4.54
2018.12.17 01:25:23.188,1.1307,1.13074,1.00,4.16
2018.12.17 01:25:24.088,1.1307,1.13074,1.25,1.81
2018.12.17 01:25:24.741,1.13071,1.13074,1.00,2.56
2018.12.17 01:25:25.413,1.13071,1.13074,1.50,2.06
2018.12.17 01:25:28.190,1.1307,1.13074,1.50,1.00
2018.12.17 01:25:28.737,1.1307,1.13073,1.50,1.00
2018.12.17 01:25:30.013,1.1307,1.13074,1.00,1.12
2018.12.17 01:25:34.217,1.1307,1.13074,4.69,1.50
2018.12.17 01:25:34.321,1.13071,1.13074,2.00,1.62
2018.12.17 01:25:34.425,1.13072,1.13075,2.62,1.87
2018.12.17 01:25:39.288,1.13071,1.13074,1.72,1.12
2018.12.17 01:25:39.825,1.13071,1.13075,1.00,1.31
2018.12.17 01:25:40.467,1.13072,1.13075,1.50,1.25
2018.12.17 01:25:41.741,1.13071,1.13076,1.20,11.47
2018.12.17 01:25:42.707,1.1307,1.13075,12.86,1.91
2018.12.17 01:25:43.264,1.1307,1.13075,9.86,3.91
2018.12.17 01:25:44.169,1.13071,1.13075,1.00,5.41
2018.12.17 01:25:45.324,1.13071,1.13075,3.37,2.29
2018.12.17 01:25:47.175,1.13072,1.13075,2.25,1.31
2018.12.17 01:25:51.241,1.13072,1.13075,1.00,1.37
2018.12.17 01:25:54.332,1.13071,1.13074,4.01,1.25
2018.12.17 01:25:57.941,1.13071,1.13073,1.25,1.00
2018.12.17 01:25:58.789,1.1307,1.13074,4.00,2.44
2018.12.17 01:26:00.539,1.13071,1.13073,1.25,1.00
2018.12.17 01:26:01.194,1.1307,1.13074,2.50,2.44
2018.12.17 01:26:04.510,1.13071,1.13073,1.25,1.00
2018.12.17 01:26:05.934,1.1307,1.13074,1.75,2.44
2018.12.17 01:26:06.487,1.13071,1.13073,1.25,1.00
2018.12.17 01:26:08.190,1.1307,1.13074,1.75,2.44
2018.12.17 01:26:10.521,1.13071,1.13073,1.25,1.00
2018.12.17 01:26:11.056,1.13071,1.13074,1.69,3.94
2018.12.17 01:26:13.373,1.13072,1.13075,1.00,1.75
2018.12.17 01:26:14.323,1.13071,1.13074,4.12,1.25
2018.12.17 01:26:16.517,1.13072,1.13075,3.75,4.87
2018.12.17 01:26:20.658,1.13071,1.13074,2.25,1.69
2018.12.17 01:26:23.535,1.1307,1.13075,4.95,5.25
2018.12.17 01:26:24.194,1.13071,1.13075,1.00,5.62
2018.12.17 01:26:28.786,1.13071,1.13075,1.60,4.31
2018.12.17 01:26:29.322,1.13071,1.13075,4.95,1.31
2018.12.17 01:26:30.703,1.13072,1.13075,1.00,1.69
2018.12.17 01:26:31.375,1.13071,1.13075,6.07,1.31
2018.12.17 01:26:33.014,1.13071,1.13075,6.20,1.31
2018.12.17 01:26:34.918,1.13072,1.13074,4.12,1.25
2018.12.17 01:26:35.971,1.13072,1.13075,4.62,2.50
2018.12.17 01:26:37.361,1.13071,1.13075,5.29,2.12
2018.12.17 01:26:38.508,1.13071,1.13075,6.00,3.62
2018.12.17 01:26:39.423,1.13072,1.13074,1.50,1.31
2018.12.17 01:26:40.533,1.13071,1.13074,3.00,2.06
2018.12.17 01:26:47.162,1.13071,1.13074,2.37,1.31
2018.12.17 01:26:48.358,1.13071,1.13074,2.25,1.31
2018.12.17 01:26:58.238,1.13071,1.13074,2.75,2.06
2018.12.17 01:27:00.121,1.13071,1.13075,1.50,4.50
2018.12.17 01:27:03.490,1.13072,1.13075,1.00,6.00
2018.12.17 01:27:04.609,1.13071,1.13075,2.25,7.12
2018.12.17 01:27:08.303,1.13071,1.13074,2.06,1.75
2018.12.17 01:27:09.159,1.13071,1.13075,1.25,7.56
2018.12.17 01:27:11.475,1.13071,1.13076,7.91,4.00
2018.12.17 01:27:11.992,1.13072,1.13075,1.12,2.50
2018.12.17 01:27:12.899,1.13073,1.13076,1.00,4.37
2018.12.17 01:27:25.712,1.13075,1.13077,1.50,1.00
2018.12.17 01:27:25.816,1.13074,1.1308,13.49,9.22
2018.12.17 01:27:27.396,1.13075,1.13079,1.25,1.31
2018.12.17 01:27:28.646,1.13075,1.1308,1.69,7.10
2018.12.17 01:27:29.986,1.13075,1.1308,3.32,4.29
2018.12.17 01:27:30.143,1.13078,1.13081,1.69,2.37
2018.12.17 01:27:30.248,1.13078,1.13082,4.94,1.00
2018.12.17 01:27:30.846,1.13078,1.13082,3.51,1.00
2018.12.17 01:27:31.941,1.13077,1.1308,2.35,1.25
2018.12.17 01:27:32.046,1.13076,1.1308,1.50,1.72
2018.12.17 01:27:32.565,1.13076,1.1308,4.22,2.62
2018.12.17 01:27:41.532,1.13076,1.1308,3.19,1.00
2018.12.17 01:27:43.775,1.13076,1.1308,3.29,2.25
2018.12.17 01:27:44.192,1.13075,1.1308,2.70,3.87
2018.12.17 01:27:44.726,1.13075,1.1308,3.51,4.81
2018.12.17 01:27:45.276,1.13075,1.1308,2.70,2.62
2018.12.17 01:27:47.133,1.13075,1.1308,4.26,5.81
2018.12.17 01:27:47.673,1.13075,1.1308,3.45,5.62
2018.12.17 01:27:48.181,1.13075,1.13079,2.51,1.00
2018.12.17 01:27:49.797,1.13075,1.1308,2.51,3.37
2018.12.17 01:27:52.224,1.13076,1.13079,1.00,1.00
2018.12.17 01:28:00.185,1.13076,1.13078,1.00,1.00
2018.12.17 01:28:00.788,1.13076,1.13079,1.00,1.87
2018.12.17 01:28:01.331,1.13075,1.13079,3.26,1.50
2018.12.17 01:28:09.442,1.13075,1.1308,2.14,5.81
2018.12.17 01:28:11.025,1.13076,1.13079,1.00,1.00
2018.12.17 01:28:11.553,1.13075,1.1308,3.07,4.44
2018.12.17 01:28:12.258,1.13075,1.1308,3.82,6.56
2018.12.17 01:28:16.486,1.13075,1.13079,3.07,1.00
2018.12.17 01:28:17.991,1.13075,1.1308,3.07,5.56
2018.12.17 01:28:18.510,1.13075,1.13078,2.32,1.50
2018.12.17 01:28:19.015,1.13075,1.1308,4.21,11.06
2018.12.17 01:28:24.956,1.13077,1.1308,1.01,2.25
2018.12.17 01:28:25.009,1.13078,1.13082,1.00,2.81
2018.12.17 01:28:25.064,1.13077,1.1308,3.45,3.00
2018.12.17 01:28:28.646,1.13076,1.13079,4.60,1.00
2018.12.17 01:28:28.960,1.13078,1.13081,3.79,3.37
2018.12.17 01:28:30.322,1.13079,1.1308,1.25,1.00
2018.12.17 01:28:30.909,1.13079,1.13084,5.32,7.32
2018.12.17 01:28:31.015,1.1308,1.13084,1.85,4.06
2018.12.17 01:28:31.684,1.1308,1.13084,1.57,2.37
2018.12.17 01:28:33.786,1.1308,1.13084,1.82,2.94
2018.12.17 01:28:34.317,1.1308,1.13084,1.76,4.25
2018.12.17 01:28:35.127,1.1308,1.13082,1.20,1.00
2018.12.17 01:28:37.462,1.1308,1.13084,1.57,2.75
2018.12.17 01:28:41.219,1.1308,1.13084,1.10,1.50
2018.12.17 01:28:41.840,1.1308,1.13084,2.47,1.12
2018.12.17 01:28:44.234,1.1308,1.13084,1.57,1.50
2018.12.17 01:28:45.183,1.1308,1.13084,2.51,3.12
2018.12.17 01:28:54.039,1.1308,1.13083,1.95,2.75
2018.12.17 01:29:05.146,1.1308,1.13083,1.45,2.00
2018.12.17 01:29:06.544,1.13079,1.13083,8.16,2.00
2018.12.17 01:29:13.587,1.1308,1.13083,1.45,2.00
2018.12.17 01:29:14.105,1.13079,1.13083,8.51,2.19
2018.12.17 01:29:18.933,1.13079,1.13084,7.54,3.00
2018.12.17 01:29:23.872,1.1308,1.13084,1.72,1.37
2018.12.17 01:29:24.436,1.13081,1.13084,1.22,2.87
2018.12.17 01:29:26.367,1.13079,1.13084,7.14,1.37
2018.12.17 01:29:27.428,1.1308,1.13084,3.22,2.87
2018.12.17 01:29:28.356,1.1308,1.13084,2.51,2.50
2018.12.17 01:29:29.073,1.1308,1.13084,1.76,1.31
2018.12.17 01:29:30.597,1.13079,1.13084,8.45,7.74
2018.12.17 01:29:30.651,1.13079,1.13081,1.57,1.00
2018.12.17 01:29:30.868,1.1308,1.13084,3.00,3.87
2018.12.17 01:29:31.418,1.13081,1.13084,1.25,1.31
2018.12.17 01:29:31.983,1.13081,1.13085,1.00,4.12
2018.12.17 01:29:36.909,1.13081,1.13084,1.25,1.25
2018.12.17 01:29:40.193,1.1308,1.13085,1.25,7.10
2018.12.17 01:29:41.464,1.1308,1.13085,1.69,4.87
2018.12.17 01:29:49.524,1.1308,1.13084,2.95,1.25
2018.12.17 01:29:50.354,1.1308,1.13083,1.57,1.00
2018.12.17 01:29:50.871,1.1308,1.13084,1.69,1.00
2018.12.17 01:29:53.378,1.1308,1.13085,3.72,4.12
2018.12.17 01:29:53.906,1.1308,1.13084,3.85,1.00
2018.12.17 01:29:59.309,1.1308,1.13084,7.57,1.12
2018.12.17 01:30:00.815,1.1308,1.13084,2.39,2.06
2018.12.17 01:30:01.524,1.1308,1.13084,2.32,2.81
2018.12.17 01:30:12.858,1.1308,1.13084,2.39,2.44
2018.12.17 01:30:13.272,1.13083,1.13085,1.25,4.25
2018.12.17 01:30:13.325,1.13083,1.13086,5.19,1.87
2018.12.17 01:30:13.417,1.13084,1.13088,3.06,4.95
2018.12.17 01:30:13.913,1.13085,1.13089,2.85,1.50
2018.12.17 01:30:14.462,1.13085,1.13089,4.35,2.37
2018.12.17 01:30:14.784,1.13085,1.13089,3.45,1.62
2018.12.17 01:30:15.497,1.13085,1.13089,3.47,1.62
2018.12.17 01:30:16.075,1.13085,1.13089,2.70,1.62
2018.12.17 01:30:19.254,1.13085,1.13089,1.20,1.12
2018.12.17 01:30:23.826,1.13085,1.13088,5.44,1.00
2018.12.17 01:30:36.635,1.13085,1.13088,5.72,1.00
2018.12.17 01:30:37.211,1.13085,1.13088,5.70,1.00
2018.12.17 01:30:45.777,1.13085,1.1309,1.00,8.56
2018.12.17 01:30:47.014,1.13085,1.13088,4.50,1.00
2018.12.17 01:30:52.563,1.13085,1.13089,1.25,3.56
2018.12.17 01:30:55.168,1.13085,1.13088,2.62,1.00
2018.12.17 01:30:55.857,1.13084,1.13087,1.00,1.12
2018.12.17 01:31:00.074,1.13083,1.13087,3.45,1.00
2018.12.17 01:31:01.049,1.13083,1.13087,3.82,1.00
2018.12.17 01:31:02.110,1.13083,1.13086,4.57,1.00
2018.12.17 01:31:02.630,1.13084,1.13086,1.50,1.00
2018.12.17 01:31:03.423,1.13084,1.13087,1.10,1.00
2018.12.17 01:31:06.197,1.13084,1.13087,1.20,1.00
2018.12.17 01:31:07.714,1.13084,1.13088,1.10,3.87
2018.12.17 01:31:09.960,1.13084,1.13087,1.22,1.00
2018.12.17 01:31:10.821,1.13084,1.13087,1.20,1.00
2018.12.17 01:31:10.976,1.13084,1.13086,1.10,1.00
2018.12.17 01:31:15.353,1.13083,1.13087,8.16,1.00
2018.12.17 01:31:16.680,1.13083,1.13088,9.29,2.25
2018.12.17 01:31:19.923,1.13084,1.13086,1.01,1.00
2018.12.17 01:31:20.808,1.13085,1.13088,3.75,1.87
2018.12.17 01:31:21.313,1.13084,1.13089,4.76,1.31
2018.12.17 01:31:21.756,1.13083,1.13088,7.60,2.37
2018.12.17 01:31:24.265,1.13083,1.13088,8.47,2.62
2018.12.17 01:31:24.926,1.13084,1.13087,1.57,1.00
2018.12.17 01:31:25.459,1.13084,1.13088,1.25,3.56
2018.12.17 01:31:26.140,1.13083,1.13087,5.72,1.00
2018.12.17 01:31:28.626,1.13084,1.13087,1.82,1.87
2018.12.17 01:31:28.782,1.13084,1.13089,4.76,2.06
2018.12.17 01:31:30.059,1.13085,1.13089,1.00,3.56
2018.12.17 01:31:30.216,1.13085,1.13087,1.00,1.00
2018.12.17 01:31:30.807,1.13085,1.13087,1.00,1.87
2018.12.17 01:31:34.846,1.13085,1.13088,1.00,3.56
2018.12.17 01:31:39.027,1.13085,1.13087,1.00,1.50
2018.12.17 01:31:39.577,1.13084,1.13087,2.25,1.50
2018.12.17 01:31:48.882,1.13084,1.13087,1.20,1.00
2018.12.17 01:31:49.486,1.13084,1.13088,1.10,2.62
2018.12.17 01:31:50.067,1.13083,1.13086,1.95,3.94
2018.12.17 01:31:50.557,1.13082,1.13084,3.87,1.00
2018.12.17 01:31:51.039,1.13081,1.13084,3.37,1.00
2018.12.17 01:31:51.568,1.13081,1.13085,2.81,1.87
2018.12.17 01:31:52.630,1.13081,1.13084,2.62,1.00
2018.12.17 01:31:53.180,1.13081,1.13085,2.62,1.87
2018.12.17 01:31:59.039,1.13081,1.13084,2.75,1.00
2018.12.17 01:32:01.486,1.13081,1.13085,1.12,2.29
2018.12.17 01:32:03.699,1.13081,1.13084,1.00,1.00
2018.12.17 01:32:04.229,1.13081,1.13085,1.00,5.44
2018.12.17 01:32:04.385,1.13078,1.13081,4.72,1.00
2018.12.17 01:32:04.490,1.13079,1.13083,3.19,2.85
2018.12.17 01:32:05.297,1.13079,1.13084,2.14,1.69
2018.12.17 01:32:05.944,1.1308,1.13084,1.00,2.62
2018.12.17 01:32:06.268,1.13083,1.13085,1.75,1.50
2018.12.17 01:32:06.323,1.13083,1.13087,8.72,1.00
2018.12.17 01:32:06.430,1.13084,1.13089,3.51,2.85
2018.12.17 01:32:06.586,1.13085,1.13087,1.00,1.00
2018.12.17 01:32:07.111,1.13084,1.13088,1.10,3.12
2018.12.17 01:32:17.065,1.13083,1.13087,9.70,1.00
2018.12.17 01:32:17.726,1.13085,1.13087,1.25,2.00
2018.12.17 01:32:17.779,1.13085,1.13088,1.25,1.87
2018.12.17 01:32:17.883,1.13085,1.1309,4.41,2.85
2018.12.17 01:32:18.434,1.13085,1.13089,3.47,3.00
2018.12.17 01:32:22.076,1.13085,1.13089,1.22,3.87
2018.12.17 01:32:23.292,1.13085,1.13089,1.22,1.50
2018.12.17 01:32:24.335,1.13085,1.13089,1.20,3.75
2018.12.17 01:32:24.846,1.13085,1.13089,1.57,4.25
2018.12.17 01:32:28.065,1.13085,1.13088,1.57,1.62
2018.12.17 01:32:29.038,1.13085,1.13088,1.01,1.50
2018.12.17 01:32:30.172,1.13085,1.13088,1.82,1.00
2018.12.17 01:32:30.725,1.13085,1.13088,1.76,1.00
2018.12.17 01:32:31.282,1.13085,1.13088,2.20,1.00
2018.12.17 01:32:31.890,1.13085,1.13088,2.14,1.00
2018.12.17 01:32:32.683,1.13085,1.13088,4.64,1.00
2018.12.17 01:32:33.210,1.13085,1.13089,6.16,3.00
2018.12.17 01:32:33.869,1.13085,1.13089,4.28,3.00
2018.12.17 01:32:34.404,1.13085,1.13089,3.16,1.87
2018.12.17 01:32:38.356,1.13085,1.13089,1.00,1.50
2018.12.17 01:32:39.023,1.13085,1.13089,1.39,3.69
2018.12.17 01:32:43.040,1.13085,1.13088,1.25,1.00
2018.12.17 01:32:44.384,1.13085,1.13089,1.00,1.12
2018.12.17 01:32:45.466,1.13085,1.1309,1.00,6.11
2018.12.17 01:32:45.835,1.13085,1.13089,1.00,1.00
2018.12.17 01:32:46.778,1.13085,1.1309,1.25,6.30
2018.12.17 01:32:47.057,1.13085,1.13088,1.50,1.00
2018.12.17 01:32:54.237,1.13085,1.13089,1.50,2.62
2018.12.17 01:33:00.043,1.13085,1.13089,1.50,2.75
2018.12.17 01:33:05.702,1.13085,1.13089,1.00,1.12
2018.12.17 01:33:11.761,1.13085,1.13087,1.87,1.00
2018.12.17 01:33:13.470,1.13085,1.13088,1.00,2.25
2018.12.17 01:33:19.279,1.13084,1.13088,3.07,1.00
2018.12.17 01:33:22.666,1.13085,1.13088,1.00,1.50
2018.12.17 01:33:23.567,1.13084,1.13088,2.89,1.00
2018.12.17 01:33:27.041,1.13084,1.13088,4.41,1.87
2018.12.17 01:33:37.280,1.13084,1.13088,3.07,1.00
2018.12.17 01:33:40.201,1.13084,1.13088,6.14,1.00
2018.12.17 01:33:45.873,1.13084,1.13088,2.89,1.00
2018.12.17 01:33:46.424,1.13085,1.13088,1.20,1.00
2018.12.17 01:33:50.344,1.13085,1.13089,1.20,1.12
2018.12.17 01:33:53.537,1.13085,1.13087,1.50,1.00
2018.12.17 01:33:54.250,1.13084,1.13087,5.14,1.00
2018.12.17 01:33:55.384,1.13085,1.13087,1.00,1.00
2018.12.17 01:33:56.960,1.13084,1.13087,5.32,1.00
2018.12.17 01:33:58.092,1.13084,1.13086,5.32,1.00
2018.12.17 01:33:59.787,1.13084,1.13087,5.32,1.00
2018.12.17 01:34:00.289,1.13085,1.13088,1.00,2.00
2018.12.17 01:34:00.800,1.13085,1.13089,2.69,2.25
2018.12.17 01:34:02.506,1.13085,1.13088,1.00,1.00
2018.12.17 01:34:03.260,1.13084,1.1309,6.82,5.37
2018.12.17 01:34:04.927,1.13084,1.13088,5.70,1.00
2018.12.17 01:34:05.627,1.13084,1.13088,5.76,1.00
2018.12.17 01:34:07.000,1.13084,1.13089,8.32,1.50
2018.12.17 01:34:07.538,1.13084,1.13087,10.70,1.00
2018.12.17 01:34:10.069,1.13085,1.13088,7.32,1.00
2018.12.17 01:34:11.167,1.13085,1.13089,3.45,1.12
2018.12.17 01:34:12.349,1.13086,1.13089,1.25,3.37
2018.12.17 01:34:15.859,1.13085,1.13089,6.51,1.00
2018.12.17 01:34:16.436,1.13085,1.1309,5.01,7.54
2018.12.17 01:34:18.037,1.13085,1.1309,4.26,5.04
2018.12.17 01:34:19.636,1.13085,1.1309,4.26,4.54
2018.12.17 01:34:20.772,1.13085,1.13089,5.01,1.00
2018.12.17 01:34:21.487,1.13085,1.13089,4.64,1.00
2018.12.17 01:34:22.541,1.13085,1.1309,5.14,2.19
2018.12.17 01:34:23.071,1.13086,1.1309,1.69,3.94
2018.12.17 01:34:24.039,1.13086,1.1309,1.69,4.06
2018.12.17 01:34:25.760,1.13085,1.1309,9.26,3.69
2018.12.17 01:34:26.263,1.13085,1.1309,4.45,4.12
2018.12.17 01:34:37.917,1.13085,1.13088,6.64,1.00
2018.12.17 01:34:41.192,1.13085,1.13089,4.01,1.00
2018.12.17 01:34:41.732,1.13085,1.13089,4.82,1.25
2018.12.17 01:34:42.397,1.13085,1.1309,5.57,4.50
2018.12.17 01:34:47.180,1.13086,1.13089,1.25,1.81
2018.12.17 01:34:56.303,1.13085,1.13089,3.26,1.00
2018.12.17 01:35:04.280,1.13086,1.13089,1.00,1.62
2018.12.17 01:35:10.152,1.13086,1.13089,1.25,3.00
2018.12.17 01:35:10.993,1.13085,1.13089,5.70,3.00
2018.12.17 01:35:12.602,1.13084,1.13087,8.29,1.00
2018.12.17 01:35:13.119,1.13084,1.13089,8.16,2.75
2018.12.17 01:35:14.273,1.13085,1.13089,3.22,2.00
2018.12.17 01:35:15.005,1.13085,1.13089,2.76,2.10
2018.12.17 01:35:15.774,1.13086,1.13089,1.25,3.60
2018.12.17 01:35:16.351,1.13086,1.13089,1.25,4.91
2018.12.17 01:35:17.196,1.13086,1.13089,1.25,2.44
2018.12.17 01:35:17.738,1.13086,1.13089,1.25,2.44
2018.12.17 01:35:18.539,1.13086,1.13089,1.25,2.44
2018.12.17 01:35:19.053,1.13086,1.13089,1.00,1.69
2018.12.17 01:35:25.298,1.13085,1.13089,1.57,1.25
2018.12.17 01:35:27.041,1.13085,1.13089,2.25,2.94
2018.12.17 01:35:29.182,1.13085,1.13089,1.00,2.06
2018.12.17 01:35:30.230,1.13085,1.13088,1.00,1.00
2018.12.17 01:35:30.857,1.13085,1.13089,1.10,1.69
2018.12.17 01:35:32.260,1.13085,1.13088,1.57,1.00
2018.12.17 01:35:32.774,1.13085,1.13089,1.57,1.69
2018.12.17 01:35:39.380,1.13085,1.13088,1.50,1.00
2018.12.17 01:35:39.908,1.13085,1.13089,2.32,3.41
2018.12.17 01:35:43.490,1.13085,1.13089,1.10,2.41
2018.12.17 01:35:44.268,1.13085,1.13089,1.00,2.66
2018.12.17 01:35:45.542,1.13085,1.13089,1.00,3.54
2018.12.17 01:35:48.838,1.13085,1.13086,2.25,1.25
2018.12.17 01:35:49.150,1.13082,1.13084,1.95,1.00
2018.12.17 01:35:50.637,1.13081,1.13084,3.07,2.10
2018.12.17 01:35:56.789,1.13081,1.13083,2.25,1.25
2018.12.17 01:36:02.379,1.1308,1.13083,4.76,1.69
2018.12.17 01:36:02.953,1.1308,1.13083,4.01,1.25
2018.12.17 01:36:03.456,1.1308,1.13084,2.82,6.56
2018.12.17 01:36:04.209,1.1308,1.13083,2.07,1.00
2018.12.17 01:36:04.742,1.1308,1.13084,2.82,5.81
2018.12.17 01:36:09.790,1.1308,1.13083,5.07,1.00
2018.12.17 01:36:10.303,1.1308,1.13084,4.32,2.47
2018.12.17 01:36:10.988,1.1308,1.13084,6.82,4.91
2018.12.17 01:36:11.536,1.1308,1.13084,6.45,3.79
2018.12.17 01:36:12.071,1.1308,1.13084,6.45,3.04
2018.12.17 01:36:12.612,1.1308,1.13084,3.82,2.66
2018.12.17 01:36:13.175,1.13081,1.13084,1.25,2.29
2018.12.17 01:36:13.919,1.13081,1.13084,1.25,2.29
2018.12.17 01:36:14.472,1.1308,1.13084,4.57,2.66
2018.12.17 01:36:15.287,1.1308,1.13084,6.82,2.66
2018.12.17 01:36:20.194,1.13081,1.13084,1.75,3.04
2018.12.17 01:36:23.303,1.13081,1.13084,1.50,1.25
2018.12.17 01:36:23.821,1.13081,1.13085,2.94,7.22
2018.12.17 01:36:27.019,1.13081,1.13084,2.75,1.25
2018.12.17 01:36:28.863,1.13081,1.13085,1.50,7.79
2018.12.17 01:36:30.909,1.13081,1.13083,1.50,1.00
2018.12.17 01:36:32.280,1.13081,1.13084,1.50,2.06
2018.12.17 01:36:33.047,1.13081,1.13083,2.00,1.50
2018.12.17 01:36:34.243,1.13081,1.13083,1.87,1.62
2018.12.17 01:36:34.867,1.13081,1.13084,2.00,1.31
2018.12.17 01:37:01.020,1.13081,1.13083,1.50,1.00
2018.12.17 01:37:01.769,1.13081,1.13084,1.50,3.19
2018.12.17 01:37:02.781,1.13081,1.13083,1.50,1.00
2018.12.17 01:37:03.462,1.13081,1.13085,1.50,13.16
2018.12.17 01:37:05.142,1.13081,1.13083,2.00,1.87
2018.12.17 01:37:09.849,1.13081,1.13083,1.00,1.00
2018.12.17 01:37:12.619,1.13081,1.13083,1.00,2.00
2018.12.17 01:37:13.279,1.1308,1.13082,2.25,1.00
2018.12.17 01:37:13.829,1.1308,1.13083,1.50,1.50
2018.12.17 01:37:15.017,1.1308,1.13082,1.69,1.62
2018.12.17 01:37:17.084,1.1308,1.13082,1.87,1.00
2018.12.17 01:37:17.985,1.1308,1.13084,1.50,3.12
2018.12.17 01:37:18.955,1.1308,1.13084,1.50,2.62
2018.12.17 01:37:22.102,1.1308,1.13083,1.50,1.00
2018.12.17 01:37:24.477,1.1308,1.13084,1.50,3.56
2018.12.17 01:37:25.559,1.1308,1.13084,1.50,2.69
2018.12.17 01:37:26.508,1.1308,1.13084,2.25,2.62
2018.12.17 01:37:27.029,1.1308,1.13084,1.50,3.12
2018.12.17 01:37:29.864,1.1308,1.13084,1.50,1.31
2018.12.17 01:37:30.400,1.1308,1.13083,1.50,1.00
2018.12.17 01:37:30.996,1.1308,1.13084,2.25,4.87
2018.12.17 01:37:31.697,1.1308,1.13084,2.25,5.69
2018.12.17 01:37:32.293,1.1308,1.13084,1.50,2.62
2018.12.17 01:37:32.809,1.1308,1.13084,1.50,3.29
2018.12.17 01:37:34.436,1.1308,1.13083,2.25,1.62
2018.12.17 01:37:35.075,1.1308,1.13084,1.50,4.48
2018.12.17 01:37:37.042,1.1308,1.13084,1.50,2.29
2018.12.17 01:37:37.860,1.1308,1.13084,1.50,4.74
2018.12.17 01:37:38.377,1.1308,1.13083,6.26,1.80
2018.12.17 01:37:38.431,1.1308,1.13084,7.14,1.69
2018.12.17 01:37:38.995,1.1308,1.13084,1.95,2.56
2018.12.17 01:37:44.149,1.1308,1.13084,1.50,2.44
2018.12.17 01:37:47.480,1.1308,1.13083,6.00,1.00
2018.12.17 01:37:48.039,1.1308,1.13083,6.00,1.12
2018.12.17 01:37:49.417,1.1308,1.13084,1.50,1.69
2018.12.17 01:37:51.918,1.1308,1.13083,3.07,1.00
2018.12.17 01:37:52.434,1.1308,1.13084,5.70,4.31
2018.12.17 01:37:57.453,1.1308,1.13084,1.75,2.47
2018.12.17 01:37:57.965,1.13081,1.13084,3.87,3.79
2018.12.17 01:37:58.792,1.1308,1.13084,2.89,2.66
2018.12.17 01:37:59.338,1.1308,1.13084,2.20,2.10
2018.12.17 01:37:59.853,1.1308,1.13084,1.76,1.16
2018.12.17 01:38:00.373,1.1308,1.13084,1.82,2.47
2018.12.17 01:38:00.986,1.1308,1.13084,2.51,1.05
2018.12.17 01:38:01.569,1.1308,1.13084,2.57,2.10
2018.12.17 01:38:02.173,1.1308,1.13084,2.51,1.16
2018.12.17 01:38:04.820,1.13079,1.13084,1.57,7.98
2018.12.17 01:38:07.120,1.1308,1.13084,3.31,1.25
2018.12.17 01:38:08.112,1.1308,1.13085,1.76,9.60
2018.12.17 01:38:08.664,1.1308,1.13084,4.82,2.81
2018.12.17 01:38:10.843,1.13081,1.13084,1.00,1.81
2018.12.17 01:38:12.038,1.13081,1.13085,1.00,9.44
2018.12.17 01:38:15.093,1.1308,1.13085,4.39,8.06
2018.12.17 01:38:15.609,1.1308,1.13084,1.10,5.97
2018.12.17 01:38:16.149,1.13081,1.13084,1.00,4.85
2018.12.17 01:38:16.697,1.1308,1.13083,1.20,1.00
2018.12.17 01:38:17.845,1.1308,1.13083,1.57,1.62
2018.12.17 01:38:19.298,1.1308,1.13084,1.10,2.37
2018.12.17 01:38:19.840,1.13081,1.13084,1.69,3.35
2018.12.17 01:38:21.074,1.13081,1.13084,1.01,2.29
2018.12.17 01:38:21.177,1.13079,1.13083,5.70,1.00
2018.12.17 01:38:21.711,1.13079,1.13084,4.20,3.60
2018.12.17 01:38:23.600,1.13079,1.13083,7.20,1.00
2018.12.17 01:38:24.264,1.13079,1.13084,4.20,4.91
2018.12.17 01:38:25.683,1.13079,1.13084,3.45,4.85
2018.12.17 01:38:26.374,1.1308,1.13083,1.50,1.00
2018.12.17 01:38:28.668,1.1308,1.13084,4.81,2.85
2018.12.17 01:38:29.294,1.1308,1.13083,1.50,1.12
2018.12.17 01:38:30.077,1.13079,1.13084,3.82,7.10
2018.12.17 01:38:31.411,1.1308,1.13084,1.50,6.97
2018.12.17 01:38:32.144,1.1308,1.13083,1.50,1.00
2018.12.17 01:38:32.668,1.13079,1.13084,3.82,6.41
2018.12.17 01:38:33.191,1.1308,1.13083,4.69,1.12
2018.12.17 01:38:36.536,1.1308,1.13085,3.12,7.07
2018.12.17 01:38:36.743,1.13079,1.13084,8.32,1.31
2018.12.17 01:38:37.266,1.13079,1.13083,5.62,1.00
2018.12.17 01:38:37.777,1.13079,1.13084,4.22,6.44
2018.12.17 01:38:39.297,1.13079,1.13084,3.10,5.16
2018.12.17 01:38:39.843,1.13079,1.13084,4.57,5.37
2018.12.17 01:38:40.567,1.1308,1.13083,1.50,1.25
2018.12.17 01:38:41.230,1.13079,1.13083,7.57,1.50
2018.12.17 01:38:41.995,1.13079,1.13084,4.76,2.25
2018.12.17 01:38:42.179,1.13081,1.13084,1.31,1.31
2018.12.17 01:38:42.336,1.13079,1.13083,3.07,1.00
2018.12.17 01:38:47.458,1.13078,1.13081,3.85,3.19
2018.12.17 01:38:47.666,1.13078,1.13083,3.82,1.16
2018.12.17 01:38:48.415,1.13078,1.13083,3.95,1.54
2018.12.17 01:38:55.585,1.13078,1.13083,5.89,1.91
2018.12.17 01:38:59.801,1.13078,1.13083,5.57,2.10
2018.12.17 01:39:00.395,1.13078,1.13083,4.20,1.35
2018.12.17 01:39:02.352,1.13078,1.13083,3.94,2.54
2018.12.17 01:39:02.883,1.13079,1.13083,1.00,2.47
2018.12.17 01:39:03.420,1.1308,1.13083,1.12,1.12
2018.12.17 01:39:07.874,1.13079,1.13084,7.64,1.50
2018.12.17 01:39:18.130,1.13081,1.13084,1.00,1.00
2018.12.17 01:39:38.614,1.1308,1.13084,2.44,7.92
2018.12.17 01:39:39.155,1.1308,1.13084,2.25,4.35
2018.12.17 01:39:39.725,1.1308,1.13083,2.25,1.00
2018.12.17 01:39:40.254,1.1308,1.13084,1.69,4.31
2018.12.17 01:39:40.852,1.13079,1.13084,6.45,3.00
2018.12.17 01:39:43.537,1.13079,1.13084,7.94,5.44
2018.12.17 01:39:44.202,1.13079,1.13084,4.12,3.00
2018.12.17 01:39:46.917,1.13079,1.13084,7.94,3.19
2018.12.17 01:39:47.500,1.13079,1.13084,4.31,3.00
2018.12.17 01:39:48.397,1.1308,1.13084,1.00,2.62
2018.12.17 01:39:56.564,1.1308,1.13084,2.25,6.91
2018.12.17 01:39:58.316,1.1308,1.13084,1.00,3.79
2018.12.17 01:39:58.818,1.1308,1.13084,1.00,4.60
2018.12.17 01:39:59.323,1.13079,1.13083,3.00,1.25
2018.12.17 01:39:59.858,1.13079,1.13083,3.57,1.50
2018.12.17 01:40:00.396,1.13079,1.13083,2.70,1.50
2018.12.17 01:40:01.496,1.1308,1.13083,1.00,1.00
2018.12.17 01:40:02.092,1.1308,1.13084,1.60,1.87
2018.12.17 01:40:05.791,1.1308,1.13084,1.95,1.12
2018.12.17 01:40:06.364,1.1308,1.13083,1.12,1.00
2018.12.17 01:40:13.280,1.13079,1.13084,5.70,1.50
2018.12.17 01:40:13.792,1.13079,1.13084,6.51,1.69
2018.12.17 01:40:14.777,1.13079,1.13084,9.45,1.50
2018.12.17 01:40:15.316,1.1308,1.13083,1.12,1.31
2018.12.17 01:40:27.092,1.13079,1.13084,7.32,5.10
2018.12.17 01:40:28.650,1.1308,1.13083,1.25,2.00
2018.12.17 01:40:29.837,1.13079,1.13084,4.45,4.29
2018.12.17 01:40:30.401,1.13079,1.13084,3.26,3.60
2018.12.17 01:40:31.217,1.13079,1.13084,2.51,4.47
2018.12.17 01:40:46.072,1.13079,1.13083,2.66,1.25
2018.12.17 01:40:49.296,1.13079,1.13083,1.31,1.25
2018.12.17 01:40:51.048,1.13079,1.13083,2.66,1.25
2018.12.17 01:40:53.749,1.13079,1.13084,4.72,1.69
2018.12.17 01:40:54.369,1.13079,1.13084,4.72,1.75
2018.12.17 01:40:54.937,1.13079,1.13084,3.79,1.69
2018.12.17 01:40:55.653,1.1308,1.13084,1.95,2.56
2018.12.17 01:41:01.116,1.13079,1.13083,6.07,1.50
2018.12.17 01:41:02.156,1.1308,1.13083,1.00,1.00
2018.12.17 01:41:02.675,1.13079,1.13084,2.89,9.38
2018.12.17 01:41:03.311,1.13079,1.13084,2.95,7.13
2018.12.17 01:41:03.854,1.13079,1.13083,3.82,2.06
2018.12.17 01:41:04.902,1.13079,1.13083,3.82,1.75
2018.12.17 01:41:05.437,1.13079,1.13083,1.57,1.25
2018.12.17 01:41:10.088,1.13079,1.13083,4.01,1.25
2018.12.17 01:41:10.626,1.13079,1.13083,3.37,2.06
2018.12.17 01:41:18.303,1.13079,1.13083,4.50,5.86
2018.12.17 01:41:21.064,1.13079,1.13083,4.01,1.69
2018.12.17 01:41:24.675,1.13079,1.13083,4.01,1.25
2018.12.17 01:41:25.222,1.1308,1.13083,1.00,1.87
2018.12.17 01:41:30.119,1.13079,1.13084,4.20,6.49
2018.12.17 01:41:32.732,1.13079,1.13084,4.39,12.61
2018.12.17 01:41:35.888,1.13079,1.13084,3.45,9.99
2018.12.17 01:41:41.132,1.13079,1.13083,4.39,1.38
2018.12.17 01:41:41.686,1.13079,1.13083,4.20,3.00
2018.12.17 01:41:43.695,1.13079,1.13082,4.20,1.00
2018.12.17 01:41:44.034,1.13078,1.1308,1.00,1.25
2018.12.17 01:41:47.567,1.13077,1.1308,1.50,6.63
2018.12.17 01:41:48.756,1.13077,1.13079,1.00,1.75
2018.12.17 01:41:51.156,1.13077,1.13079,1.50,1.00
2018.12.17 01:41:53.607,1.13077,1.13079,1.00,1.69
2018.12.17 01:41:54.072,1.13076,1.13079,3.00,1.25
2018.12.17 01:41:59.001,1.13078,1.13079,1.00,1.25
2018.12.17 01:41:59.559,1.13078,1.13079,1.00,1.00
2018.12.17 01:41:59.612,1.13078,1.1308,1.50,1.00
2018.12.17 01:41:59.664,1.13078,1.13082,1.50,1.69
2018.12.17 01:41:59.875,1.1308,1.13082,1.00,1.00
2018.12.17 01:42:00.412,1.13079,1.13083,2.70,1.00
2018.12.17 01:42:05.902,1.13079,1.13082,1.12,1.00
2018.12.17 01:42:06.417,1.13079,1.13083,1.12,1.50
2018.12.17 01:42:09.295,1.13079,1.13083,2.95,2.25
2018.12.17 01:42:09.810,1.13079,1.13083,1.57,1.12
2018.12.17 01:42:10.341,1.13079,1.13082,4.57,1.12
2018.12.17 01:42:11.511,1.1308,1.13082,1.20,1.00
2018.12.17 01:42:12.030,1.13079,1.13082,1.01,1.00
2018.12.17 01:42:12.542,1.13079,1.13082,4.54,1.00
2018.12.17 01:42:16.752,1.13079,1.13083,1.76,1.50
2018.12.17 01:42:17.599,1.13079,1.13083,4.54,1.50
2018.12.17 01:42:18.192,1.13079,1.13083,2.32,1.12
2018.12.17 01:42:18.501,1.1308,1.13083,1.60,2.25
2018.12.17 01:42:18.553,1.13079,1.13083,4.57,2.25
2018.12.17 01:42:19.100,1.1308,1.13083,1.20,2.06
2018.12.17 01:42:20.133,1.13079,1.13083,2.85,1.62
2018.12.17 01:42:21.350,1.13079,1.13083,1.72,1.50
2018.12.17 01:42:22.598,1.1308,1.13083,1.60,2.62
2018.12.17 01:42:22.650,1.13079,1.13083,1.20,1.12
2018.12.17 01:42:23.624,1.13079,1.13083,2.95,1.00
2018.12.17 01:42:25.256,1.13079,1.13082,6.85,1.00
2018.12.17 01:42:25.591,1.1308,1.13084,4.14,1.12
2018.12.17 01:42:26.145,1.1308,1.13084,2.89,1.87
2018.12.17 01:42:31.533,1.1308,1.13083,3.26,1.00
2018.12.17 01:42:33.391,1.1308,1.13083,3.60,1.00
2018.12.17 01:42:34.072,1.13081,1.13084,1.10,1.00
2018.12.17 01:42:34.637,1.13081,1.13084,1.62,1.50
2018.12.17 01:42:34.838,1.1308,1.13084,4.95,1.12
2018.12.17 01:42:35.564,1.1308,1.13084,5.39,1.87
2018.12.17 01:42:35.718,1.13083,1.13085,1.50,1.00
2018.12.17 01:42:35.939,1.13084,1.13087,1.50,1.50
2018.12.17 01:42:36.489,1.13083,1.13087,3.45,3.37
2018.12.17 01:42:37.102,1.13083,1.13087,2.95,1.12
2018.12.17 01:42:40.751,1.13085,1.13088,1.00,4.62
2018.12.17 01:42:41.446,1.13085,1.13088,2.10,4.62
2018.12.17 01:42:44.014,1.13084,1.13088,1.20,3.12
2018.12.17 01:42:48.338,1.13084,1.13085,1.00,1.00
2018.12.17 01:42:48.443,1.13081,1.13085,1.95,2.50
2018.12.17 01:42:48.690,1.13084,1.13088,1.57,2.94
2018.12.17 01:42:49.290,1.13085,1.13087,1.50,1.00
2018.12.17 01:42:49.812,1.13084,1.13088,6.79,1.87
2018.12.17 01:42:50.468,1.13085,1.13088,1.95,3.87
2018.12.17 01:42:50.993,1.13084,1.13088,2.70,3.12
2018.12.17 01:42:51.585,1.13084,1.13088,2.10,3.12
2018.12.17 01:42:52.465,1.13084,1.13088,2.89,4.25
2018.12.17 01:42:53.008,1.13085,1.13088,1.00,3.12
2018.12.17 01:42:53.525,1.13084,1.13088,2.70,3.12
2018.12.17 01:42:55.328,1.13084,1.13088,3.79,3.12
2018.12.17 01:42:56.850,1.13084,1.13086,1.20,1.00
2018.12.17 01:42:57.370,1.13084,1.13086,2.29,1.00
2018.12.17 01:42:58.041,1.13084,1.13086,1.00,1.12
2018.12.17 01:42:58.677,1.13085,1.13087,1.20,2.75
2018.12.17 01:42:59.185,1.13084,1.13087,1.60,1.50
2018.12.17 01:42:59.938,1.13084,1.13087,2.70,1.50
2018.12.17 01:43:01.203,1.13085,1.13087,1.00,1.00
2018.12.17 01:43:01.716,1.13083,1.13087,5.35,1.50
2018.12.17 01:43:02.103,1.13085,1.13087,2.10,1.50
2018.12.17 01:43:02.869,1.13085,1.13087,1.00,1.00
2018.12.17 01:43:05.813,1.13084,1.13088,2.89,2.94
2018.12.17 01:43:06.334,1.13085,1.13088,1.95,4.44
2018.12.17 01:43:07.056,1.13084,1.13087,2.89,1.00
2018.12.17 01:43:07.780,1.13085,1.13087,1.00,1.00
2018.12.17 01:43:08.571,1.13084,1.13087,2.89,1.50
2018.12.17 01:43:09.099,1.13084,1.13087,3.79,1.50
2018.12.17 01:43:09.685,1.13084,1.13087,2.89,1.50
2018.12.17 01:43:10.201,1.13084,1.13087,3.79,1.12
2018.12.17 01:43:10.737,1.13084,1.13087,1.39,1.12
2018.12.17 01:43:16.932,1.13084,1.13088,3.60,3.50
2018.12.17 01:43:17.642,1.13085,1.13087,1.60,1.00
2018.12.17 01:43:17.695,1.13084,1.13087,1.95,1.00
2018.12.17 01:43:19.262,1.13084,1.13087,5.10,1.00
2018.12.17 01:43:19.374,1.13084,1.13085,4.20,1.00
2018.12.17 01:43:19.428,1.13083,1.13085,1.20,1.75
2018.12.17 01:43:19.484,1.13081,1.13084,2.14,1.25
2018.12.17 01:43:20.027,1.13082,1.13084,1.00,1.69
2018.12.17 01:43:21.651,1.13082,1.13085,1.12,3.94
2018.12.17 01:43:22.200,1.13081,1.13084,3.57,1.00
2018.12.17 01:43:22.740,1.13081,1.13084,4.57,3.19
2018.12.17 01:43:25.168,1.13082,1.13085,1.20,1.25
2018.12.17 01:43:25.273,1.13084,1.13085,1.20,1.00
2018.12.17 01:43:25.327,1.13084,1.13087,2.70,1.50
2018.12.17 01:43:26.123,1.13084,1.13087,1.95,1.62
2018.12.17 01:43:27.283,1.13084,1.13087,2.07,1.00
2018.12.17 01:43:28.383,1.13083,1.13088,4.16,4.06
2018.12.17 01:43:29.494,1.13084,1.13088,1.10,3.56
2018.12.17 01:43:30.413,1.13084,1.13088,1.20,5.94
2018.12.17 01:43:32.807,1.13084,1.13087,1.39,1.62
2018.12.17 01:43:33.927,1.13084,1.13088,3.45,4.25
2018.12.17 01:43:34.134,1.13085,1.13088,1.60,1.50
2018.12.17 01:43:34.934,1.13084,1.13088,2.14,4.31
2018.12.17 01:43:35.481,1.13085,1.13088,1.20,2.25
2018.12.17 01:43:36.130,1.13086,1.13088,1.00,1.00
2018.12.17 01:43:36.236,1.13084,1.13089,5.70,6.31
2018.12.17 01:43:36.445,1.13086,1.13088,1.00,1.12
2018.12.17 01:43:36.497,1.13084,1.13089,5.14,6.12
2018.12.17 01:43:36.821,1.13085,1.13089,1.60,4.87
2018.12.17 01:43:37.340,1.13085,1.13088,2.85,1.00
2018.12.17 01:43:37.395,1.13084,1.13088,4.20,1.50
2018.12.17 01:43:37.935,1.13084,1.13087,2.70,1.00
2018.12.17 01:43:40.761,1.13084,1.13088,3.60,2.75
2018.12.17 01:43:41.488,1.13084,1.13088,5.10,1.87
2018.12.17 01:43:42.170,1.13086,1.13088,1.00,2.62
2018.12.17 01:43:42.682,1.13085,1.13089,1.20,3.19
2018.12.17 01:43:43.210,1.13085,1.13089,2.70,3.25
2018.12.17 01:43:43.730,1.13086,1.13088,1.00,1.69
2018.12.17 01:43:43.834,1.13084,1.13088,3.07,1.50
2018.12.17 01:43:44.714,1.13085,1.13088,1.00,2.25
2018.12.17 01:43:45.683,1.13084,1.13088,3.82,1.50
2018.12.17 01:43:46.213,1.13084,1.13088,4.16,1.50
2018.12.17 01:43:46.740,1.13084,1.13088,4.01,1.50
2018.12.17 01:43:47.271,1.13085,1.13088,1.00,2.25
2018.12.17 01:43:47.864,1.13084,1.13088,1.76,1.50
2018.12.17 01:43:48.227,1.13086,1.13088,1.00,1.00
2018.12.17 01:43:48.330,1.13084,1.13088,1.76,2.44
2018.12.17 01:43:48.878,1.13084,1.13087,1.76,1.00
2018.12.17 01:43:49.410,1.13085,1.13087,1.50,1.62
2018.12.17 01:43:49.595,1.13085,1.13089,5.70,1.00
2018.12.17 01:43:49.649,1.13088,1.1309,2.25,1.00
2018.12.17 01:43:49.704,1.1309,1.13093,1.00,4.01
2018.12.17 01:43:49.861,1.13091,1.13095,1.25,6.22
2018.12.17 01:43:50.394,1.1309,1.13094,2.14,1.00
2018.12.17 01:43:50.938,1.1309,1.13094,3.79,1.00
2018.12.17 01:43:51.473,1.1309,1.13094,1.95,1.50
2018.12.17 01:43:51.995,1.1309,1.13094,2.29,1.50
2018.12.17 01:43:52.889,1.1309,1.13094,4.01,1.00
2018.12.17 01:43:53.338,1.13092,1.13094,1.20,1.00
2018.12.17 01:43:53.671,1.1309,1.13094,5.32,1.00
2018.12.17 01:43:54.791,1.13091,1.13095,1.00,3.44
2018.12.17 01:43:55.353,1.1309,1.13094,3.64,1.25
2018.12.17 01:44:00.406,1.1309,1.13094,6.04,1.31
2018.12.17 01:44:01.179,1.13091,1.13095,1.60,8.81
2018.12.17 01:44:01.271,1.1309,1.13095,2.89,8.06
2018.12.17 01:44:02.285,1.13091,1.13094,1.20,1.87
2018.12.17 01:44:02.802,1.1309,1.13094,2.44,1.25
2018.12.17 01:44:04.208,1.1309,1.13094,4.54,1.25
2018.12.17 01:44:04.761,1.13091,1.13094,1.60,1.25
2018.12.17 01:44:05.394,1.1309,1.13095,3.64,7.69
2018.12.17 01:44:06.128,1.1309,1.13095,3.79,7.69
2018.12.17 01:44:07.288,1.1309,1.13094,2.44,1.25
2018.12.17 01:44:09.387,1.13091,1.13094,1.60,1.25
2018.12.17 01:44:10.811,1.1309,1.13094,2.89,1.25
2018.12.17 01:44:16.280,1.13091,1.13094,1.00,2.25
2018.12.17 01:44:17.234,1.1309,1.13092,1.50,2.44
2018.12.17 01:44:17.345,1.13087,1.1309,1.10,2.25
2018.12.17 01:44:17.909,1.13086,1.13089,2.85,1.50
2018.12.17 01:44:18.378,1.13085,1.13088,2.10,2.00
2018.12.17 01:44:18.483,1.13084,1.13088,5.89,2.00
2018.12.17 01:44:19.029,1.13085,1.13088,1.10,1.50
2018.12.17 01:44:19.573,1.13084,1.13089,3.82,2.75
2018.12.17 01:44:20.116,1.13084,1.13089,5.69,6.87
2018.12.17 01:44:20.700,1.13084,1.13089,5.85,2.25
2018.12.17 01:44:21.381,1.13086,1.13089,1.00,1.12
2018.12.17 01:44:21.919,1.13085,1.13088,1.20,1.00
2018.12.17 01:44:22.428,1.13084,1.13089,3.97,2.25
2018.12.17 01:44:23.369,1.13084,1.13086,1.00,1.00
2018.12.17 01:44:24.568,1.13083,1.13086,1.39,1.00
2018.12.17 01:44:25.084,1.13083,1.13086,2.10,1.00
2018.12.17 01:44:25.327,1.13083,1.13088,2.10,3.19
2018.12.17 01:44:26.006,1.13084,1.13089,4.72,6.94
2018.12.17 01:44:26.058,1.13084,1.13087,6.04,1.00
2018.12.17 01:44:26.589,1.13084,1.13087,3.45,1.50
2018.12.17 01:44:27.195,1.13085,1.13087,1.50,1.00
2018.12.17 01:44:27.714,1.13085,1.13088,1.95,1.00
2018.12.17 01:44:28.261,1.13085,1.13087,1.50,1.00
2018.12.17 01:44:28.468,1.13084,1.13089,4.54,3.00
2018.12.17 01:44:29.006,1.13084,1.13089,3.45,4.69
2018.12.17 01:44:29.523,1.13084,1.13089,5.14,4.75
2018.12.17 01:44:30.024,1.13084,1.13089,5.89,4.69
2018.12.17 01:44:30.531,1.13085,1.13089,1.00,3.56
2018.12.17 01:44:31.891,1.13085,1.13088,2.70,1.00
2018.12.17 01:44:32.892,1.13085,1.13089,1.20,3.75
2018.12.17 01:44:35.512,1.13085,1.13088,1.95,1.00
2018.12.17 01:44:36.036,1.13085,1.13089,1.20,1.00
2018.12.17 01:44:41.419,1.13085,1.13088,3.75,1.00
2018.12.17 01:44:41.957,1.13085,1.13089,5.25,2.25
2018.12.17 01:44:42.525,1.13085,1.13088,6.45,1.00
2018.12.17 01:44:43.048,1.13085,1.13089,3.75,2.32
2018.12.17 01:44:43.862,1.13084,1.13089,9.26,2.25
2018.12.17 01:44:45.510,1.13085,1.13088,1.50,1.00
2018.12.17 01:44:46.056,1.13085,1.13089,1.50,2.25
2018.12.17 01:44:46.580,1.13084,1.13089,9.26,1.00
2018.12.17 01:44:47.418,1.13085,1.13089,1.20,1.00
2018.12.17 01:44:50.660,1.13087,1.13089,1.50,1.25
2018.12.17 01:44:50.765,1.13085,1.1309,2.32,6.37
2018.12.17 01:44:51.274,1.13085,1.13088,4.20,1.00
2018.12.17 01:44:51.813,1.13085,1.13089,3.75,1.00
2018.12.17 01:44:52.407,1.13085,1.1309,4.20,10.54
2018.12.17 01:44:52.912,1.13085,1.13089,4.95,1.00
2018.12.17 01:44:56.761,1.13083,1.13087,6.22,1.69
2018.12.17 01:44:57.103,1.13084,1.13089,6.14,5.06
2018.12.17 01:44:57.209,1.13087,1.13089,1.50,1.69
2018.12.17 01:44:58.091,1.13085,1.13089,8.92,1.69
2018.12.17 01:45:01.282,1.13085,1.13088,4.39,1.00
2018.12.17 01:45:05.501,1.13084,1.13089,5.39,2.62
2018.12.17 01:45:05.604,1.13085,1.13087,1.25,1.00
2018.12.17 01:45:05.798,1.13085,1.13089,3.94,2.44
2018.12.17 01:45:07.054,1.13086,1.13089,1.50,4.50
2018.12.17 01:45:08.666,1.13088,1.13091,1.50,1.50
2018.12.17 01:45:09.185,1.13088,1.13092,2.85,1.50
2018.12.17 01:45:10.176,1.13087,1.13089,1.95,3.19
2018.12.17 01:45:10.334,1.13085,1.13089,3.19,1.50
2018.12.17 01:45:10.387,1.13087,1.1309,1.00,6.00
2018.12.17 01:45:10.928,1.13086,1.13089,4.26,1.00
2018.12.17 01:45:12.852,1.13087,1.1309,4.69,6.19
2018.12.17 01:45:14.230,1.13087,1.13091,1.20,6.75
2018.12.17 01:45:14.749,1.13087,1.13091,2.32,1.00
2018.12.17 01:45:14.855,1.13087,1.13092,6.36,2.44
2018.12.17 01:45:15.489,1.13088,1.13091,1.87,1.00
2018.12.17 01:45:16.387,1.13087,1.13092,5.74,2.62
2018.12.17 01:45:17.097,1.13087,1.13092,6.04,1.12
2018.12.17 01:45:18.042,1.13088,1.13092,2.10,2.62
2018.12.17 01:45:18.147,1.13087,1.13091,3.82,1.50
2018.12.17 01:45:18.672,1.13088,1.13092,1.00,2.25
2018.12.17 01:45:19.183,1.13087,1.13092,3.82,2.81
2018.12.17 01:45:20.194,1.13087,1.13091,2.14,1.00
2018.12.17 01:45:20.898,1.13088,1.13091,1.10,1.50
2018.12.17 01:45:21.403,1.13088,1.13092,1.50,1.12
2018.12.17 01:45:22.516,1.13088,1.13093,1.94,3.56
2018.12.17 01:45:23.052,1.13087,1.13092,8.17,1.50
2018.12.17 01:45:23.635,1.13088,1.13092,1.69,2.06
2018.12.17 01:45:34.302,1.13088,1.13091,2.14,1.00
2018.12.17 01:45:35.074,1.13089,1.13091,1.39,1.00
2018.12.17 01:45:35.596,1.13089,1.13092,1.00,1.25
2018.12.17 01:45:35.953,1.13087,1.13092,4.20,2.06
2018.12.17 01:45:36.787,1.13088,1.13092,3.14,1.50
2018.12.17 01:45:37.301,1.13088,1.13093,4.07,1.50
2018.12.17 01:45:37.818,1.13088,1.13092,4.82,1.00
2018.12.17 01:45:41.643,1.13089,1.13092,2.14,1.12
2018.12.17 01:45:42.192,1.13088,1.13093,2.95,3.95
2018.12.17 01:45:42.710,1.13089,1.13092,1.00,1.12
2018.12.17 01:45:43.245,1.13088,1.13092,2.89,1.00
2018.12.17 01:45:43.922,1.13089,1.13092,1.95,1.87
2018.12.17 01:45:45.048,1.13088,1.13093,4.32,2.25
2018.12.17 01:45:45.736,1.13088,1.13092,5.07,1.00
2018.12.17 01:45:46.253,1.13088,1.13093,9.95,3.00
2018.12.17 01:45:47.714,1.13089,1.13093,1.75,1.12
2018.12.17 01:45:48.252,1.13089,1.13093,2.81,3.94
2018.12.17 01:45:48.788,1.13089,1.13093,1.25,3.50
2018.12.17 01:45:49.515,1.13089,1.13093,1.31,2.62
2018.12.17 01:45:51.040,1.13089,1.13093,2.64,2.25
2018.12.17 01:45:52.279,1.13089,1.13092,2.64,1.00
2018.12.17 01:45:54.660,1.13089,1.13093,4.32,3.19
2018.12.17 01:45:55.174,1.13089,1.13093,2.44,3.00
2018.12.17 01:46:00.201,1.13089,1.13092,5.51,1.00
2018.12.17 01:46:00.460,1.1309,1.13094,1.31,1.12
2018.12.17 01:46:02.174,1.1309,1.13093,1.31,1.00
2018.12.17 01:46:03.474,1.13089,1.13094,5.20,1.50
2018.12.17 01:46:07.089,1.1309,1.13094,2.81,1.62
2018.12.17 01:46:24.871,1.1309,1.13094,3.82,2.44
2018.12.17 01:46:29.194,1.1309,1.13094,6.01,1.50
2018.12.17 01:46:31.279,1.1309,1.13093,7.32,1.00
2018.12.17 01:46:31.890,1.1309,1.13093,7.20,1.00
2018.12.17 01:46:32.500,1.13091,1.13093,1.00,1.00
2018.12.17 01:46:33.080,1.13091,1.13094,1.00,2.81
2018.12.17 01:46:33.597,1.1309,1.13094,6.94,1.12
2018.12.17 01:46:34.201,1.13091,1.13094,1.00,1.12
2018.12.17 01:46:34.718,1.13095,1.13097,1.00,1.20
2018.12.17 01:46:35.244,1.13095,1.13098,1.50,1.31
2018.12.17 01:46:35.778,1.13094,1.13098,2.14,1.25
2018.12.17 01:46:36.319,1.13095,1.13098,1.00,1.25
2018.12.17 01:46:36.837,1.13094,1.13099,2.89,3.94
2018.12.17 01:46:37.352,1.13094,1.13098,2.89,2.37
2018.12.17 01:46:38.244,1.13094,1.13097,1.25,1.62
2018.12.17 01:46:39.374,1.13094,1.13097,1.69,1.50
2018.12.17 01:46:42.932,1.13094,1.13098,3.04,2.94
2018.12.17 01:46:46.378,1.13094,1.13098,1.25,1.62
2018.12.17 01:46:47.151,1.13095,1.13097,1.00,1.12
2018.12.17 01:46:47.715,1.13094,1.13097,3.19,1.00
2018.12.17 01:46:49.806,1.13094,1.13098,1.39,1.69
2018.12.17 01:46:50.332,1.13094,1.13098,1.39,2.94
2018.12.17 01:46:51.304,1.13094,1.13099,1.69,4.31
2018.12.17 01:46:51.825,1.13094,1.13098,2.32,1.75
2018.12.17 01:46:52.363,1.13094,1.13098,2.14,1.00
2018.12.17 01:46:53.213,1.13094,1.13099,2.14,3.19
2018.12.17 01:46:54.002,1.13094,1.13099,3.64,2.31
2018.12.17 01:46:54.729,1.13094,1.13098,7.76,1.75
2018.12.17 01:46:55.241,1.13095,1.13099,2.14,3.12
2018.12.17 01:46:55.765,1.13095,1.13099,2.51,2.62
2018.12.17 01:46:56.288,1.13096,1.13099,1.00,2.25
2018.12.17 01:46:59.532,1.13096,1.13099,1.00,1.37
2018.12.17 01:46:59.584,1.13096,1.13099,1.00,1.31
2018.12.17 01:46:59.894,1.13096,1.13099,1.00,2.12
2018.12.17 01:47:00.154,1.13096,1.13099,1.00,1.69
2018.12.17 01:47:00.443,1.13099,1.13101,1.00,1.00
2018.12.17 01:47:00.812,1.13098,1.13099,1.00,1.00
2018.12.17 01:47:01.084,1.13096,1.131,1.95,3.75
2018.12.17 01:47:01.657,1.13097,1.131,1.50,6.37
2018.12.17 01:47:02.177,1.13098,1.131,1.00,4.44
2018.12.17 01:47:02.722,1.13097,1.13099,1.50,1.50
2018.12.17 01:47:02.878,1.13095,1.13099,4.20,1.31
2018.12.17 01:47:03.033,1.13097,1.131,1.00,6.12
2018.12.17 01:47:03.553,1.13097,1.131,1.00,4.12
2018.12.17 01:47:04.060,1.13096,1.131,1.12,2.44
2018.12.17 01:47:04.576,1.13097,1.131,1.00,2.94
2018.12.17 01:47:05.112,1.13096,1.13099,2.25,1.37
2018.12.17 01:47:05.635,1.13097,1.13099,1.50,1.50
2018.12.17 01:47:06.152,1.13096,1.131,2.25,5.81
2018.12.17 01:47:14.500,1.13096,1.131,1.95,1.88
2018.12.17 01:47:15.054,1.13096,1.13099,1.95,1.00
2018.12.17 01:47:15.571,1.13097,1.13099,1.00,1.00
2018.12.17 01:47:16.099,1.13096,1.131,1.00,4.75
2018.12.17 01:47:19.908,1.13096,1.131,3.00,4.31
2018.12.17 01:47:20.568,1.13095,1.131,7.07,5.31
2018.12.17 01:47:21.567,1.13096,1.13099,1.25,1.81
2018.12.17 01:47:22.444,1.13096,1.131,1.00,3.64
2018.12.17 01:47:23.041,1.13096,1.13099,1.00,1.25
2018.12.17 01:47:27.556,1.13096,1.131,1.12,3.83
2018.12.17 01:47:28.526,1.13096,1.131,1.12,3.25
2018.12.17 01:47:30.280,1.13096,1.131,1.87,4.13
2018.12.17 01:47:30.385,1.13098,1.13101,1.00,8.62
2018.12.17 01:47:30.894,1.13099,1.131,1.00,1.25
2018.12.17 01:47:31.416,1.13098,1.131,1.50,1.00
2018.12.17 01:47:33.201,1.13099,1.13103,3.37,4.69
2018.12.17 01:47:33.359,1.13101,1.13104,1.00,6.31
2018.12.17 01:47:33.539,1.13098,1.13102,2.25,2.50
2018.12.17 01:47:37.514,1.131,1.13103,1.25,3.37
2018.12.17 01:47:37.671,1.13101,1.13105,1.87,5.06
2018.12.17 01:47:37.776,1.13099,1.13104,5.10,7.50
2018.12.17 01:47:38.140,1.13099,1.13101,1.00,1.25
2018.12.17 01:47:38.620,1.13097,1.13101,4.50,5.12
2018.12.17 01:47:39.792,1.13098,1.13101,1.00,3.62
2018.12.17 01:47:40.310,1.13097,1.131,1.00,1.87
2018.12.17 01:47:41.035,1.13097,1.13101,2.25,3.62
2018.12.17 01:47:41.087,1.13097,1.13101,3.37,3.00
2018.12.17 01:47:41.142,1.13099,1.13102,1.00,3.50
2018.12.17 01:47:41.670,1.13098,1.13101,1.50,4.38
2018.12.17 01:47:42.192,1.13099,1.13101,1.00,4.00
2018.12.17 01:47:42.455,1.13097,1.13101,4.69,2.87
2018.12.17 01:47:42.989,1.13098,1.13101,1.00,4.00
2018.12.17 01:47:43.549,1.13097,1.131,3.75,3.00
2018.12.17 01:47:44.097,1.13098,1.13101,1.00,7.12
2018.12.17 01:47:44.579,1.13096,1.131,4.87,1.87
2018.12.17 01:47:45.681,1.13096,1.13099,3.82,1.25
2018.12.17 01:47:46.189,1.13096,1.131,4.95,5.62
2018.12.17 01:47:46.869,1.13098,1.13101,1.50,3.62
2018.12.17 01:47:46.989,1.13098,1.13102,3.56,2.25
2018.12.17 01:47:47.043,1.13099,1.13103,6.25,3.00
2018.12.17 01:47:47.310,1.13097,1.13102,7.54,3.56
2018.12.17 01:47:47.825,1.13097,1.13102,6.94,6.56
2018.12.17 01:47:48.452,1.13098,1.13101,1.00,1.00
2018.12.17 01:47:50.867,1.13099,1.13102,1.00,3.00
2018.12.17 01:47:51.390,1.13098,1.13102,1.50,3.62
2018.12.17 01:47:51.877,1.131,1.13102,3.56,1.00
2018.12.17 01:47:52.398,1.131,1.13104,1.50,2.94
2018.12.17 01:47:54.474,1.13101,1.13105,1.25,10.91
2018.12.17 01:48:00.236,1.13104,1.13106,1.00,3.37
2018.12.17 01:48:00.363,1.13104,1.13108,2.06,1.87
2018.12.17 01:48:01.289,1.13104,1.13108,1.20,2.00
2018.12.17 01:48:01.675,1.13102,1.13106,5.32,3.37
2018.12.17 01:48:02.038,1.13101,1.13104,1.95,1.00
2018.12.17 01:48:02.216,1.13102,1.13106,1.50,5.44
2018.12.17 01:48:02.374,1.13104,1.13106,1.00,1.87
2018.12.17 01:48:02.428,1.13102,1.13105,1.50,1.00
2018.12.17 01:48:02.976,1.13102,1.13104,1.00,1.75
2018.12.17 01:48:03.394,1.13102,1.13106,1.39,3.94
2018.12.17 01:48:03.932,1.13101,1.13105,1.69,1.12
2018.12.17 01:48:04.836,1.13104,1.13106,1.00,4.50
2018.12.17 01:48:05.003,1.13105,1.13109,1.25,2.62
2018.12.17 01:48:05.527,1.13105,1.13108,1.00,1.50
2018.12.17 01:48:05.630,1.13105,1.13106,1.00,1.69
2018.12.17 01:48:05.684,1.13102,1.13104,1.50,1.00
2018.12.17 01:48:05.791,1.131,1.13105,1.50,3.37
2018.12.17 01:48:05.898,1.131,1.13103,1.50,1.00
2018.12.17 01:48:06.426,1.13099,1.13103,1.39,2.81
2018.12.17 01:48:06.739,1.13099,1.13102,1.25,2.75
2018.12.17 01:48:07.488,1.13099,1.13102,1.25,2.25
2018.12.17 01:48:08.097,1.13099,1.13101,1.25,1.12
2018.12.17 01:48:08.154,1.13097,1.131,1.00,2.44
2018.12.17 01:48:08.260,1.13095,1.131,2.51,5.12
2018.12.17 01:48:08.676,1.13097,1.131,1.00,1.87
2018.12.17 01:48:08.795,1.13095,1.131,5.51,1.95
2018.12.17 01:48:09.313,1.13096,1.13099,1.25,4.31
2018.12.17 01:48:10.558,1.13097,1.13099,1.00,1.12
2018.12.17 01:48:11.088,1.13096,1.13099,1.00,2.25
2018.12.17 01:48:13.558,1.13096,1.13098,1.12,1.00
2018.12.17 01:48:15.808,1.13096,1.13099,1.00,1.25
2018.12.17 01:48:16.329,1.13095,1.131,1.57,10.92
2018.12.17 01:48:17.861,1.13094,1.13098,2.94,8.35
2018.12.17 01:48:18.021,1.1309,1.13094,1.87,4.39
2018.12.17 01:48:18.528,1.1309,1.13093,1.69,1.00
2018.12.17 01:48:19.273,1.13089,1.13093,3.56,1.00
2018.12.17 01:48:19.774,1.13089,1.13093,5.12,1.00
2018.12.17 01:48:20.966,1.13089,1.13093,3.45,1.00
2018.12.17 01:48:23.829,1.13089,1.13093,5.76,1.00
2018.12.17 01:48:24.345,1.13089,1.13093,2.44,1.00
2018.12.17 01:48:24.874,1.13089,1.13093,4.45,1.00
2018.12.17 01:48:25.392,1.13089,1.13093,5.14,1.00
2018.12.17 01:48:25.914,1.13089,1.13093,5.25,1.25
2018.12.17 01:48:27.202,1.1309,1.13093,1.37,1.00
2018.12.17 01:48:27.566,1.13088,1.13091,2.50,1.50
2018.12.17 01:48:27.747,1.13085,1.13088,1.31,1.00
2018.12.17 01:48:43.039,1.13087,1.13088,1.50,1.00
2018.12.17 01:48:46.219,1.13086,1.13089,1.69,1.75
2018.12.17 01:48:58.783,1.13085,1.13089,1.75,1.31
2018.12.17 01:48:59.302,1.13085,1.13088,1.69,1.50
2018.12.17 01:49:00.213,1.13087,1.13088,1.25,1.50
2018.12.17 01:49:00.268,1.13087,1.1309,3.69,1.25
2018.12.17 01:49:00.582,1.13089,1.13092,1.69,2.25
2018.12.17 01:49:01.173,1.13089,1.13093,4.39,2.25
2018.12.17 01:49:04.872,1.1309,1.13093,1.50,1.25
2018.12.17 01:49:05.406,1.13089,1.13093,1.69,1.50
2018.12.17 01:49:05.606,1.13091,1.13093,1.00,1.50
2018.12.17 01:49:09.112,1.13091,1.13092,1.12,1.00
2018.12.17 01:49:09.813,1.13091,1.13093,1.50,1.87
2018.12.17 01:49:11.088,1.13091,1.13093,1.12,2.37
2018.12.17 01:49:14.037,1.13092,1.13094,1.00,3.00
2018.12.17 01:49:14.091,1.13091,1.13093,1.50,1.62
2018.12.17 01:49:15.729,1.13092,1.13094,1.00,1.50
2018.12.17 01:49:16.957,1.13092,1.13093,1.00,1.00
2018.12.17 01:49:18.534,1.13092,1.13095,1.00,5.37
2018.12.17 01:49:20.106,1.1309,1.13091,4.95,1.50
2018.12.17 01:49:20.264,1.1308,1.13081,1.25,2.25
2018.12.17 01:49:20.454,1.13078,1.1308,1.12,2.00
2018.12.17 01:49:20.974,1.13078,1.1308,1.50,1.31
2018.12.17 01:49:22.281,1.13079,1.13081,1.00,1.50
2018.12.17 01:49:23.722,1.13079,1.13082,1.00,3.37
2018.12.17 01:49:24.412,1.13079,1.13081,1.00,1.00
2018.12.17 01:49:24.940,1.13079,1.13082,1.00,3.00
2018.12.17 01:49:25.672,1.13079,1.13081,1.00,1.00
2018.12.17 01:49:26.220,1.13079,1.13082,1.00,3.75
2018.12.17 01:49:26.602,1.13081,1.13084,1.00,2.12
2018.12.17 01:49:27.123,1.13081,1.13084,1.00,2.25
2018.12.17 01:49:29.861,1.13081,1.13085,1.00,5.06
2018.12.17 01:49:30.378,1.13081,1.13084,1.25,1.25
2018.12.17 01:49:35.239,1.13081,1.13083,1.25,1.00
2018.12.17 01:49:35.763,1.1308,1.13084,1.00,1.50
2018.12.17 01:49:42.491,1.1308,1.13084,4.06,1.87
2018.12.17 01:49:44.879,1.13082,1.13085,1.88,1.12
2018.12.17 01:49:45.353,1.13081,1.13084,1.00,2.12
2018.12.17 01:49:45.882,1.1308,1.13085,2.44,2.94
2018.12.17 01:49:46.410,1.1308,1.13085,2.06,3.19
2018.12.17 01:49:47.234,1.13081,1.13085,1.25,1.12
2018.12.17 01:49:47.597,1.13083,1.13085,1.00,1.69
2018.12.17 01:49:47.651,1.13081,1.13085,1.00,1.69
2018.12.17 01:49:48.158,1.13081,1.13084,1.20,1.00
2018.12.17 01:49:50.176,1.13083,1.13084,1.00,1.00
2018.12.17 01:49:50.308,1.13081,1.13084,1.50,1.00
2018.12.17 01:49:51.886,1.13081,1.13085,1.50,3.00
2018.12.17 01:49:52.434,1.13081,1.13084,1.50,1.00
2018.12.17 01:49:53.643,1.13082,1.13084,1.00,3.37
2018.12.17 01:49:56.778,1.13081,1.13084,1.50,2.25
2018.12.17 01:49:57.148,1.13081,1.13083,1.12,1.81
2018.12.17 01:49:57.835,1.13081,1.13083,1.12,1.12
2018.12.17 01:50:00.134,1.1308,1.13084,2.75,3.56
2018.12.17 01:50:00.447,1.13084,1.13086,2.19,1.50
2018.12.17 01:50:00.892,1.13083,1.13085,1.95,2.56
2018.12.17 01:50:01.101,1.13081,1.13085,1.50,5.75
2018.12.17 01:50:03.134,1.13081,1.13083,2.32,1.00
2018.12.17 01:50:03.982,1.1308,1.13081,1.00,1.00
2018.12.17 01:50:04.489,1.1308,1.13081,1.25,1.50
2018.12.17 01:50:04.992,1.1308,1.13082,1.00,2.06
2018.12.17 01:50:07.173,1.1308,1.13083,1.00,2.25
2018.12.17 01:50:07.742,1.1308,1.13083,1.12,4.62
2018.12.17 01:50:08.827,1.13079,1.13081,2.81,1.00
2018.12.17 01:50:09.043,1.1308,1.13082,1.12,2.44
2018.12.17 01:50:09.254,1.13079,1.1308,1.12,1.00
2018.12.17 01:50:09.360,1.13079,1.13083,1.50,6.62
2018.12.17 01:50:09.976,1.13079,1.13081,2.00,1.69
2018.12.17 01:50:10.493,1.13078,1.13081,1.50,3.25
2018.12.17 01:50:11.036,1.13079,1.13081,1.50,1.25
2018.12.17 01:50:11.527,1.13078,1.1308,1.95,1.25
2018.12.17 01:50:11.738,1.13078,1.13081,4.75,1.20
2018.12.17 01:50:12.515,1.13078,1.13081,1.50,1.25
2018.12.17 01:50:12.776,1.1308,1.13083,1.00,9.32
2018.12.17 01:50:13.411,1.1308,1.13081,1.00,1.00
2018.12.17 01:50:13.671,1.13078,1.13081,1.00,2.50
2018.12.17 01:50:13.873,1.13079,1.13081,1.25,3.75
2018.12.17 01:50:13.925,1.13078,1.1308,1.69,1.00
2018.12.17 01:50:14.450,1.13078,1.13081,1.50,2.62
2018.12.17 01:50:15.243,1.13078,1.13081,1.50,3.89
2018.12.17 01:50:15.758,1.13078,1.13081,1.00,6.07
2018.12.17 01:50:16.481,1.13078,1.13081,1.50,3.89
2018.12.17 01:50:16.989,1.13078,1.13081,1.50,3.07
2018.12.17 01:50:17.613,1.13079,1.13081,1.69,1.12
2018.12.17 01:50:18.193,1.13078,1.13081,1.00,6.44
2018.12.17 01:50:18.724,1.13077,1.13081,1.69,3.06
2018.12.17 01:50:19.324,1.13076,1.1308,2.00,3.56
2018.12.17 01:50:20.795,1.13076,1.1308,2.45,1.12
2018.12.17 01:50:22.350,1.13076,1.1308,2.00,3.25
2018.12.17 01:50:22.866,1.13076,1.1308,1.50,2.81
2018.12.17 01:50:23.405,1.13076,1.1308,1.50,4.00
2018.12.17 01:50:26.388,1.13076,1.1308,3.20,1.50
2018.12.17 01:50:27.442,1.13076,1.1308,1.50,5.87
2018.12.17 01:50:32.996,1.13076,1.13078,2.75,1.00
2018.12.17 01:50:33.537,1.13076,1.13079,2.00,2.44
2018.12.17 01:50:34.813,1.13076,1.13079,2.44,1.69
2018.12.17 01:50:35.474,1.13076,1.13079,3.00,2.12
2018.12.17 01:50:43.955,1.13077,1.13079,1.00,1.00
2018.12.17 01:50:44.498,1.13076,1.13079,3.57,1.75
2018.12.17 01:50:45.860,1.13076,1.13079,3.20,1.50
2018.12.17 01:50:46.235,1.13076,1.13081,5.49,3.56
2018.12.17 01:50:48.447,1.13076,1.1308,3.12,1.31
2018.12.17 01:50:48.965,1.13076,1.13079,3.50,1.00
2018.12.17 01:50:49.546,1.13076,1.1308,3.95,2.25
2018.12.17 01:50:50.206,1.13076,1.13079,4.10,1.00
2018.12.17 01:51:01.141,1.13076,1.1308,4.25,4.78
2018.12.17 01:51:10.750,1.13078,1.1308,1.00,1.78
2018.12.17 01:51:11.041,1.1308,1.13082,1.25,2.25
2018.12.17 01:51:11.405,1.13079,1.13082,2.25,2.50
2018.12.17 01:51:11.564,1.1308,1.13082,1.25,1.50
2018.12.17 01:51:12.162,1.13079,1.13082,1.00,1.69
2018.12.17 01:51:12.403,1.13079,1.13082,1.00,2.50
2018.12.17 01:51:12.559,1.13079,1.13082,1.00,4.35
2018.12.17 01:51:12.612,1.13079,1.1308,1.00,1.00
2018.12.17 01:51:12.820,1.13077,1.13081,1.50,5.94
2018.12.17 01:51:13.366,1.13078,1.13081,2.95,1.50
2018.12.17 01:51:13.885,1.13079,1.1308,1.50,1.00
2018.12.17 01:51:14.416,1.13078,1.1308,1.69,1.00
2018.12.17 01:51:20.239,1.13077,1.1308,2.25,1.12
2018.12.17 01:51:21.192,1.13078,1.1308,1.00,1.12
2018.12.17 01:51:22.198,1.13079,1.1308,1.50,1.00
2018.12.17 01:51:22.918,1.1308,1.13081,1.50,1.00
2018.12.17 01:51:24.907,1.13079,1.1308,1.00,1.00
2018.12.17 01:51:25.426,1.13079,1.13081,1.00,1.25
2018.12.17 01:51:26.074,1.1308,1.13081,1.25,1.00
2018.12.17 01:51:26.579,1.13079,1.13081,1.00,1.25
2018.12.17 01:51:27.098,1.13079,1.13081,1.00,1.00
2018.12.17 01:51:27.631,1.1308,1.13081,1.00,1.00
2018.12.17 01:51:28.234,1.13079,1.13081,3.19,1.00
2018.12.17 01:51:29.854,1.13079,1.13081,3.19,1.00
2018.12.17 01:51:30.676,1.1308,1.13081,1.00,1.00
2018.12.17 01:51:31.235,1.13079,1.1308,1.00,1.00
2018.12.17 01:51:31.754,1.13079,1.13081,1.00,1.25
2018.12.17 01:51:32.476,1.1308,1.13081,1.00,1.50
2018.12.17 01:51:33.090,1.13079,1.13081,2.25,1.00
2018.12.17 01:51:34.522,1.1308,1.13081,1.00,1.50
2018.12.17 01:51:35.065,1.13079,1.13081,2.44,1.00
2018.12.17 01:51:36.401,1.13079,1.1308,1.00,1.00
2018.12.17 01:51:36.867,1.13079,1.13082,1.00,1.50
2018.12.17 01:51:36.919,1.13079,1.1308,1.00,1.00
2018.12.17 01:51:38.234,1.1308,1.13081,1.25,1.00
2018.12.17 01:51:38.941,1.13079,1.1308,1.00,1.00
2018.12.17 01:51:39.150,1.13079,1.13082,1.50,1.50
2018.12.17 01:51:39.268,1.1308,1.13083,1.50,2.00
2018.12.17 01:51:39.322,1.13081,1.13084,1.25,1.69
2018.12.17 01:51:39.583,1.13083,1.13084,1.00,1.00
2018.12.17 01:51:40.093,1.13082,1.13085,3.64,1.00
2018.12.17 01:51:40.623,1.13083,1.13085,1.00,1.00
2018.12.17 01:51:42.346,1.13082,1.13086,4.39,3.12
2018.12.17 01:51:42.944,1.13083,1.13085,1.00,1.00
2018.12.17 01:51:43.050,1.1308,1.13084,5.66,1.50
2018.12.17 01:51:43.102,1.1308,1.13083,2.51,1.62
2018.12.17 01:51:43.789,1.1308,1.13083,1.25,1.87
2018.12.17 01:51:56.623,1.1308,1.13082,1.25,1.00
2018.12.17 01:51:59.899,1.13081,1.13082,1.00,1.12
2018.12.17 01:52:00.428,1.13079,1.13083,4.45,2.00
2018.12.17 01:52:01.049,1.1308,1.13083,1.25,1.12
2018.12.17 01:52:01.796,1.13081,1.13083,1.00,1.00
2018.12.17 01:52:02.160,1.1308,1.13082,1.25,1.62
2018.12.17 01:52:03.413,1.1308,1.13083,1.25,1.12
2018.12.17 01:52:04.684,1.13079,1.1308,1.50,1.00
2018.12.17 01:52:04.789,1.13076,1.13079,1.31,1.16
2018.12.17 01:52:06.990,1.13076,1.13078,1.69,1.00
2018.12.17 01:52:08.315,1.13076,1.13079,1.31,1.54
2018.12.17 01:52:12.547,1.13075,1.1308,7.20,4.35
2018.12.17 01:52:12.600,1.13079,1.1308,1.25,1.00
2018.12.17 01:52:12.654,1.13079,1.13082,1.50,1.00
2018.12.17 01:52:13.226,1.1308,1.13083,1.00,2.44
2018.12.17 01:52:14.301,1.1308,1.13082,1.00,1.00
2018.12.17 01:52:14.821,1.13079,1.13082,2.44,1.87
2018.12.17 01:52:15.348,1.1308,1.13082,1.00,1.00
2018.12.17 01:52:16.314,1.13079,1.13082,3.64,1.00
2018.12.17 01:52:16.927,1.1308,1.13082,1.00,1.00
2018.12.17 01:52:17.450,1.13079,1.13083,2.89,2.00
2018.12.17 01:52:17.503,1.13078,1.13081,3.07,2.00
2018.12.17 01:52:18.027,1.13077,1.1308,1.87,1.75
2018.12.17 01:52:23.159,1.13076,1.1308,4.69,4.75
2018.12.17 01:52:24.041,1.13076,1.13079,1.69,1.75
2018.12.17 01:52:27.878,1.13076,1.13079,1.69,1.16
2018.12.17 01:52:31.202,1.13076,1.1308,2.06,4.87
2018.12.17 01:52:34.039,1.13076,1.1308,1.00,1.69
2018.12.17 01:52:35.852,1.13076,1.1308,1.50,1.81
2018.12.17 01:52:44.902,1.13075,1.13079,7.16,4.00
2018.12.17 01:52:45.418,1.13075,1.13079,5.44,3.62
2018.12.17 01:52:46.895,1.13076,1.13079,1.00,4.37
2018.12.17 01:52:47.439,1.13075,1.13079,5.06,2.87
2018.12.17 01:52:48.937,1.13076,1.13079,1.00,4.37
2018.12.17 01:52:49.462,1.13075,1.13079,3.94,2.12
2018.12.17 01:52:50.056,1.13076,1.13079,1.00,3.62
2018.12.17 01:52:50.570,1.13075,1.13079,4.31,2.12
2018.12.17 01:52:51.973,1.13076,1.13079,1.25,1.75
2018.12.17 01:52:52.506,1.13075,1.13079,4.12,1.31
2018.12.17 01:52:53.275,1.13076,1.13079,1.00,2.81
2018.12.17 01:52:53.803,1.13075,1.13079,4.12,1.31
2018.12.17 01:52:54.761,1.13076,1.13079,1.00,2.06
2018.12.17 01:52:55.310,1.13075,1.13079,4.50,1.81
2018.12.17 01:52:55.861,1.13076,1.13079,1.00,3.31
2018.12.17 01:52:56.451,1.13075,1.13079,4.50,1.81
2018.12.17 01:52:57.374,1.13076,1.13079,1.00,3.31
2018.12.17 01:52:57.898,1.13075,1.13079,4.50,1.81
2018.12.17 01:52:58.513,1.13075,1.13079,4.50,1.69
2018.12.17 01:52:59.049,1.13076,1.1308,3.75,6.47
2018.12.17 01:53:00.685,1.13076,1.1308,3.75,4.91
2018.12.17 01:53:01.198,1.13076,1.1308,4.50,6.54
2018.12.17 01:53:10.317,1.13076,1.1308,4.50,6.41
2018.12.17 01:53:11.043,1.13076,1.13079,5.25,1.00
2018.12.17 01:53:11.556,1.13076,1.1308,4.50,6.41
2018.12.17 01:53:12.322,1.13076,1.13079,4.50,1.00
2018.12.17 01:53:12.989,1.13077,1.1308,1.00,2.87
2018.12.17 01:53:13.621,1.13076,1.1308,3.94,8.50
2018.12.17 01:53:21.169,1.13077,1.1308,1.00,3.62
2018.12.17 01:53:23.447,1.13076,1.1308,9.19,4.37
2018.12.17 01:53:24.477,1.13077,1.1308,1.00,3.62
2018.12.17 01:53:25.017,1.13076,1.1308,9.19,4.00
2018.12.17 01:53:25.579,1.13077,1.1308,1.00,4.75
2018.12.17 01:53:26.750,1.13076,1.1308,8.66,2.50
2018.12.17 01:53:27.513,1.13077,1.1308,1.00,2.50
2018.12.17 01:53:28.079,1.13076,1.1308,7.50,1.25
2018.12.17 01:53:28.697,1.13077,1.1308,1.50,3.94
2018.12.17 01:53:29.222,1.13076,1.1308,5.25,1.69
2018.12.17 01:53:29.787,1.13077,1.1308,1.00,1.69
2018.12.17 01:53:30.673,1.13076,1.1308,5.25,1.25
2018.12.17 01:53:31.199,1.13077,1.1308,1.00,1.54
2018.12.17 01:53:31.714,1.13076,1.1308,3.75,4.91
2018.12.17 01:53:32.256,1.13077,1.13079,1.50,1.00
2018.12.17 01:53:32.927,1.13076,1.13079,5.25,1.50
2018.12.17 01:53:34.233,1.13077,1.13079,1.00,1.00
2018.12.17 01:53:34.747,1.13077,1.1308,1.00,3.19
2018.12.17 01:53:35.336,1.13076,1.1308,3.75,4.31
2018.12.17 01:53:36.820,1.13077,1.13079,1.50,1.00
2018.12.17 01:53:37.922,1.13076,1.13079,5.25,1.50
2018.12.17 01:53:38.424,1.13076,1.1308,3.00,4.31
2018.12.17 01:53:39.505,1.13076,1.13079,4.87,1.00
2018.12.17 01:53:40.539,1.13076,1.1308,3.75,5.06
2018.12.17 01:53:41.434,1.13076,1.13079,4.50,1.00
2018.12.17 01:53:41.949,1.13076,1.1308,3.00,6.75
2018.12.17 01:53:42.857,1.13076,1.13079,4.50,1.00
2018.12.17 01:53:43.377,1.13076,1.1308,3.00,6.19
2018.12.17 01:53:44.278,1.13076,1.13079,4.50,1.00
2018.12.17 01:53:44.789,1.13076,1.1308,3.00,3.94
2018.12.17 01:53:45.453,1.13076,1.13079,4.50,1.00
2018.12.17 01:53:46.017,1.13076,1.1308,3.75,2.81
2018.12.17 01:53:47.519,1.13076,1.13079,5.25,1.00
2018.12.17 01:53:48.082,1.13076,1.1308,3.75,3.94
2018.12.17 01:53:49.144,1.13076,1.13079,5.25,1.00
2018.12.17 01:53:49.695,1.13076,1.1308,3.75,3.94
2018.12.17 01:53:50.258,1.13076,1.13079,5.25,1.00
2018.12.17 01:53:50.770,1.13076,1.1308,2.25,3.56
2018.12.17 01:53:51.296,1.13076,1.13079,3.75,1.00
2018.12.17 01:53:51.858,1.13076,1.1308,2.25,3.56
2018.12.17 01:53:52.547,1.13076,1.13079,3.75,1.00
2018.12.17 01:53:54.908,1.13076,1.1308,3.75,4.69
2018.12.17 01:53:55.501,1.13076,1.13079,4.50,1.00
2018.12.17 01:53:56.013,1.13076,1.1308,5.25,7.72
2018.12.17 01:53:56.760,1.13076,1.13079,4.50,1.00
2018.12.17 01:53:57.273,1.13076,1.1308,3.75,4.91
2018.12.17 01:53:58.122,1.13076,1.13079,5.25,1.00
2018.12.17 01:53:58.652,1.13076,1.1308,3.75,4.91
2018.12.17 01:54:00.229,1.13076,1.13079,4.50,1.00
2018.12.17 01:54:00.282,1.13078,1.1308,1.50,1.00
2018.12.17 01:54:00.572,1.13079,1.13082,4.69,3.75
2018.12.17 01:54:01.092,1.13079,1.13082,1.50,2.87
2018.12.17 01:54:01.631,1.1308,1.13082,1.00,1.25
2018.12.17 01:54:02.145,1.1308,1.13082,1.00,6.00
2018.12.17 01:54:02.893,1.13078,1.13081,1.12,3.94
2018.12.17 01:54:03.149,1.13076,1.1308,3.75,4.69
2018.12.17 01:54:04.090,1.13076,1.13079,1.50,1.00
2018.12.17 01:54:04.508,1.13074,1.13079,6.19,5.44
2018.12.17 01:54:04.929,1.13075,1.13077,1.50,1.50
2018.12.17 01:54:05.087,1.13072,1.13075,1.12,1.05
2018.12.17 01:54:05.297,1.13073,1.13076,7.06,1.00
2018.12.17 01:54:05.566,1.13072,1.13076,1.57,4.75
2018.12.17 01:54:05.774,1.1307,1.13075,2.62,7.80
2018.12.17 01:54:06.282,1.13069,1.13074,7.01,2.25
2018.12.17 01:54:06.335,1.13071,1.13074,1.69,1.69
2018.12.17 01:54:07.525,1.13071,1.13073,1.50,1.00
2018.12.17 01:54:07.630,1.13071,1.13075,1.50,6.19
2018.12.17 01:54:07.684,1.13073,1.13075,1.69,1.00
2018.12.17 01:54:07.859,1.13073,1.13077,5.50,1.00
2018.12.17 01:54:08.699,1.13072,1.13075,1.95,1.25
2018.12.17 01:54:09.805,1.13072,1.13074,1.00,1.00
2018.12.17 01:54:10.651,1.13072,1.13075,1.00,4.39
2018.12.17 01:54:10.904,1.13069,1.13074,6.94,3.00
2018.12.17 01:54:11.437,1.13069,1.13073,5.14,1.72
2018.12.17 01:54:11.853,1.13071,1.13074,1.50,2.14
2018.12.17 01:54:11.958,1.13069,1.13074,7.76,3.64
2018.12.17 01:54:12.491,1.1307,1.13074,1.50,4.38
2018.12.17 01:54:13.009,1.1307,1.13074,1.50,3.62
2018.12.17 01:54:13.541,1.1307,1.13074,1.50,4.12
2018.12.17 01:54:14.058,1.1307,1.13073,1.50,1.00
2018.12.17 01:54:14.592,1.13069,1.13074,1.69,3.37
2018.12.17 01:54:15.143,1.13069,1.13074,2.62,2.50
2018.12.17 01:54:15.686,1.13069,1.13074,1.69,1.69
2018.12.17 01:54:16.793,1.13069,1.13074,1.69,3.25
2018.12.17 01:54:17.309,1.13069,1.13074,3.56,2.81
2018.12.17 01:54:17.936,1.13069,1.13074,2.44,5.13
2018.12.17 01:54:19.394,1.13069,1.13074,1.69,2.06
2018.12.17 01:54:20.113,1.13069,1.13074,2.44,4.19
2018.12.17 01:54:20.644,1.13069,1.13074,2.44,3.19
2018.12.17 01:54:21.153,1.13069,1.13074,2.44,3.75
2018.12.17 01:54:21.742,1.13069,1.13074,2.44,3.37
2018.12.17 01:54:22.295,1.1307,1.13074,1.50,4.12
2018.12.17 01:54:22.900,1.1307,1.13074,1.50,4.94
2018.12.17 01:54:23.003,1.1307,1.13074,1.50,4.50
2018.12.17 01:54:23.560,1.1307,1.13074,1.50,5.31
2018.12.17 01:54:24.066,1.13069,1.13074,2.44,3.00
2018.12.17 01:54:25.023,1.13069,1.13073,1.69,1.00
2018.12.17 01:54:25.619,1.13069,1.13074,1.69,3.37
2018.12.17 01:54:26.425,1.13069,1.13074,1.69,7.00
2018.12.17 01:54:26.933,1.13069,1.13074,1.25,2.44
2018.12.17 01:54:27.495,1.1307,1.13074,1.50,2.81
2018.12.17 01:54:28.403,1.13069,1.13074,2.81,3.19
2018.12.17 01:54:28.946,1.13069,1.13074,1.25,3.25
2018.12.17 01:54:30.293,1.1307,1.13074,1.50,6.14
2018.12.17 01:54:31.308,1.13069,1.13074,1.50,3.81
2018.12.17 01:54:31.853,1.13069,1.13073,2.44,1.50
2018.12.17 01:54:32.379,1.13069,1.13073,1.50,1.25
2018.12.17 01:54:33.513,1.13069,1.13073,1.50,1.25
2018.12.17 01:54:34.088,1.13068,1.13072,5.44,1.12
2018.12.17 01:54:34.192,1.13069,1.13072,1.25,1.25
2018.12.17 01:54:34.244,1.13068,1.13072,3.94,1.12
2018.12.17 01:54:35.203,1.13069,1.13072,1.00,2.44
2018.12.17 01:54:35.743,1.13068,1.13072,3.75,1.69
2018.12.17 01:54:36.304,1.13069,1.13072,1.00,3.94
2018.12.17 01:54:36.879,1.13068,1.13072,4.39,1.87
2018.12.17 01:54:37.809,1.13069,1.13072,1.69,4.19
2018.12.17 01:54:39.000,1.13068,1.13071,5.14,1.25
2018.12.17 01:54:40.322,1.13068,1.13072,5.14,1.87
2018.12.17 01:54:40.975,1.13069,1.13072,1.50,3.37
2018.12.17 01:54:44.481,1.13069,1.13072,1.00,1.50
2018.12.17 01:54:45.494,1.13069,1.13072,1.00,1.12
2018.12.17 01:54:46.417,1.13069,1.13072,1.00,1.50
2018.12.17 01:54:46.924,1.13069,1.13072,1.00,1.50
2018.12.17 01:54:49.343,1.13069,1.13072,1.00,1.94
2018.12.17 01:54:49.844,1.13069,1.13072,1.00,2.25
2018.12.17 01:54:50.375,1.13069,1.13072,1.00,3.06
2018.12.17 01:54:55.212,1.13068,1.13071,1.39,1.25
2018.12.17 01:54:57.153,1.13067,1.13069,2.25,1.00
2018.12.17 01:54:57.468,1.13065,1.13068,3.64,1.25
2018.12.17 01:54:57.975,1.13065,1.13069,2.51,3.22
2018.12.17 01:54:58.493,1.13065,1.13068,2.14,1.12
2018.12.17 01:55:00.289,1.13064,1.13069,8.51,5.41
2018.12.17 01:55:00.342,1.13066,1.1307,4.31,3.37
2018.12.17 01:55:00.670,1.13067,1.13071,7.82,1.00
2018.12.17 01:55:01.189,1.13068,1.13071,2.50,1.00
2018.12.17 01:55:01.531,1.13066,1.1307,1.69,2.56
2018.12.17 01:55:02.052,1.13065,1.1307,3.32,12.97
2018.12.17 01:55:02.585,1.13065,1.1307,1.76,11.60
2018.12.17 01:55:06.271,1.13065,1.13069,2.14,2.62
2018.12.17 01:55:06.874,1.13065,1.13069,2.14,3.62
2018.12.17 01:55:11.978,1.13065,1.13069,2.14,1.00
2018.12.17 01:55:13.865,1.13065,1.13068,1.95,1.00
2018.12.17 01:55:14.388,1.13065,1.13069,4.20,1.25
2018.12.17 01:55:15.354,1.13066,1.13069,1.00,2.44
2018.12.17 01:55:16.960,1.13065,1.13069,4.95,1.69
2018.12.17 01:55:17.486,1.13066,1.13069,1.00,2.44
2018.12.17 01:55:18.703,1.13066,1.1307,2.10,5.81
2018.12.17 01:55:19.070,1.13068,1.1307,2.39,1.00
2018.12.17 01:55:19.610,1.13068,1.1307,2.89,1.00
2018.12.17 01:55:20.125,1.13068,1.13072,2.89,6.56
2018.12.17 01:55:20.647,1.13068,1.1307,3.26,1.00
2018.12.17 01:55:21.182,1.13068,1.13072,3.94,3.87
2018.12.17 01:55:21.716,1.13067,1.13072,9.82,8.62
2018.12.17 01:55:22.132,1.13068,1.13071,2.50,1.00
2018.12.17 01:55:22.710,1.13068,1.13071,2.32,2.25
2018.12.17 01:55:23.230,1.13068,1.13071,2.62,5.31
2018.12.17 01:55:23.745,1.13067,1.1307,3.26,1.50
2018.12.17 01:55:24.213,1.13069,1.13071,1.25,4.12
2018.12.17 01:55:24.361,1.13067,1.1307,3.82,2.25
2018.12.17 01:55:24.465,1.13068,1.1307,1.75,2.44
2018.12.17 01:55:24.518,1.13067,1.1307,4.76,2.44
2018.12.17 01:55:25.037,1.13068,1.1307,1.50,1.50
2018.12.17 01:55:25.834,1.13067,1.1307,6.82,1.69
2018.12.17 01:55:26.601,1.13069,1.13071,1.25,4.12
2018.12.17 01:55:28.302,1.13067,1.1307,4.39,1.50
2018.12.17 01:55:28.783,1.13069,1.13071,1.00,1.69
2018.12.17 01:55:29.406,1.13068,1.13071,2.25,1.25
2018.12.17 01:55:30.089,1.13069,1.13071,1.00,1.00
2018.12.17 01:55:30.603,1.13068,1.13071,1.50,1.00
2018.12.17 01:55:31.122,1.13069,1.1307,1.69,1.00
2018.12.17 01:55:31.433,1.13067,1.1307,4.50,2.25
2018.12.17 01:55:31.853,1.13069,1.1307,1.00,1.00
2018.12.17 01:55:32.369,1.13068,1.1307,2.44,1.00
2018.12.17 01:55:32.944,1.13069,1.1307,1.25,1.25
2018.12.17 01:55:33.486,1.13068,1.1307,2.44,1.25
2018.12.17 01:55:34.072,1.13069,1.1307,1.69,1.25
2018.12.17 01:55:34.649,1.13068,1.1307,2.44,1.00
2018.12.17 01:55:35.389,1.13069,1.1307,1.25,1.25
2018.12.17 01:55:36.214,1.13068,1.1307,3.19,1.00
2018.12.17 01:55:37.352,1.13068,1.13071,1.00,4.69
2018.12.17 01:55:38.124,1.13068,1.1307,1.00,1.00
2018.12.17 01:55:38.631,1.13068,1.13071,1.00,4.31
2018.12.17 01:55:39.196,1.13068,1.1307,1.00,1.00
2018.12.17 01:55:39.726,1.13068,1.1307,1.00,1.75
2018.12.17 01:55:40.238,1.13068,1.13071,1.00,4.94
2018.12.17 01:55:40.756,1.13068,1.13071,1.00,3.75
2018.12.17 01:55:41.270,1.13068,1.13071,1.50,6.50
2018.12.17 01:55:45.884,1.13069,1.13071,2.25,3.00
2018.12.17 01:55:46.221,1.13067,1.13069,4.31,1.00
2018.12.17 01:55:46.693,1.13068,1.1307,2.37,1.50
2018.12.17 01:55:47.196,1.13067,1.13069,7.20,1.00
2018.12.17 01:55:47.611,1.13068,1.1307,2.50,1.12
2018.12.17 01:55:48.284,1.13068,1.13069,2.44,1.00
2018.12.17 01:55:49.524,1.13068,1.1307,2.95,1.12
2018.12.17 01:55:50.223,1.13068,1.13069,1.00,1.00
2018.12.17 01:55:50.740,1.13068,1.1307,4.19,1.87
2018.12.17 01:55:51.327,1.13068,1.13069,1.69,1.00
2018.12.17 01:55:52.187,1.13069,1.1307,1.50,1.87
2018.12.17 01:55:52.705,1.13068,1.1307,2.44,1.12
2018.12.17 01:55:53.570,1.13069,1.1307,1.25,1.50
2018.12.17 01:55:54.137,1.13068,1.1307,1.12,1.12
2018.12.17 01:55:54.706,1.13069,1.1307,1.25,1.25
2018.12.17 01:55:55.359,1.13068,1.1307,1.69,1.00
2018.12.17 01:55:56.196,1.13069,1.1307,1.25,1.25
2018.12.17 01:55:56.711,1.13068,1.1307,1.25,1.00
2018.12.17 01:55:57.509,1.13069,1.1307,1.25,1.00
2018.12.17 01:55:57.767,1.13067,1.1307,4.57,1.00
2018.12.17 01:55:58.360,1.13068,1.1307,1.00,1.00
2018.12.17 01:55:58.912,1.13069,1.1307,1.00,1.00
2018.12.17 01:56:00.314,1.1307,1.13072,1.00,2.94
2018.12.17 01:56:00.366,1.13068,1.13071,3.07,2.25
2018.12.17 01:56:00.895,1.13068,1.1307,1.00,1.25
2018.12.17 01:56:01.366,1.13066,1.1307,4.31,4.22
2018.12.17 01:56:02.453,1.13066,1.1307,1.00,5.29
2018.12.17 01:56:05.574,1.13066,1.13069,4.50,1.00
2018.12.17 01:56:06.513,1.13066,1.1307,3.75,2.44
2018.12.17 01:56:10.472,1.13066,1.13069,4.50,1.00
2018.12.17 01:56:11.133,1.13066,1.1307,3.75,3.19
2018.12.17 01:56:11.635,1.13066,1.13069,4.50,1.00
2018.12.17 01:56:12.495,1.13068,1.13071,1.25,8.00
2018.12.17 01:56:13.013,1.13068,1.13072,2.62,11.65
2018.12.17 01:56:13.514,1.13067,1.13072,7.87,7.00
2018.12.17 01:56:13.935,1.13069,1.13071,1.25,1.00
2018.12.17 01:56:14.197,1.13067,1.13072,6.37,7.22
2018.12.17 01:56:14.713,1.13068,1.13071,2.62,1.25
2018.12.17 01:56:15.237,1.13067,1.13071,7.31,1.00
2018.12.17 01:56:15.394,1.13068,1.13071,2.50,1.12
2018.12.17 01:56:15.861,1.13068,1.13071,1.69,2.50
2018.12.17 01:56:16.185,1.13068,1.13071,1.50,3.19
2018.12.17 01:56:17.428,1.13069,1.13071,1.25,1.50
2018.12.17 01:56:17.584,1.13068,1.13071,3.37,2.44
2018.12.17 01:56:18.103,1.13067,1.13071,5.06,1.50
2018.12.17 01:56:18.569,1.13068,1.13071,1.75,1.12
2018.12.17 01:56:18.685,1.13067,1.13071,5.25,1.31
2018.12.17 01:56:19.297,1.13068,1.13071,1.00,2.06
2018.12.17 01:56:19.822,1.13067,1.13071,5.25,1.31
2018.12.17 01:56:21.323,1.13068,1.13071,1.00,1.31
2018.12.17 01:56:21.833,1.13068,1.13071,3.44,1.50
2018.12.17 01:56:22.427,1.13068,1.13071,1.25,1.00
2018.12.17 01:56:22.947,1.13069,1.13071,1.25,1.25
2018.12.17 01:56:23.483,1.13068,1.13071,1.25,1.69
2018.12.17 01:56:36.318,1.13068,1.13071,1.00,2.31
2018.12.17 01:56:36.951,1.13068,1.13071,1.25,2.06
2018.12.17 01:56:42.838,1.13068,1.13071,2.44,2.12
2018.12.17 01:56:43.352,1.13068,1.13071,1.25,2.06
2018.12.17 01:56:43.965,1.13068,1.13071,1.25,2.12
2018.12.17 01:56:44.502,1.13068,1.13071,1.25,2.06
2018.12.17 01:56:47.444,1.13068,1.13072,1.25,6.00
2018.12.17 01:56:47.970,1.13067,1.13071,6.25,1.00
2018.12.17 01:57:01.129,1.13068,1.13071,1.50,1.75
2018.12.17 01:57:01.711,1.13069,1.13071,1.00,1.00
2018.12.17 01:57:04.355,1.13068,1.13071,1.50,2.44
2018.12.17 01:57:04.469,1.13066,1.13069,6.38,1.50
2018.12.17 01:57:05.583,1.13066,1.13069,4.50,3.87
2018.12.17 01:57:10.971,1.13066,1.13069,1.00,1.35
2018.12.17 01:57:14.938,1.13068,1.1307,1.50,1.87
2018.12.17 01:57:16.099,1.13068,1.13071,1.50,1.91
2018.12.17 01:57:19.065,1.13068,1.13071,1.50,2.22
2018.12.17 01:57:20.398,1.13068,1.13071,1.50,2.47
2018.12.17 01:57:21.198,1.13069,1.13071,1.00,1.25
2018.12.17 01:57:21.722,1.13069,1.13071,1.50,3.44
2018.12.17 01:57:22.151,1.13067,1.13068,4.50,1.69
2018.12.17 01:57:22.309,1.13065,1.13067,2.25,1.69
2018.12.17 01:57:22.822,1.13065,1.13067,2.25,1.60
2018.12.17 01:57:23.342,1.13064,1.13067,4.50,4.50
2018.12.17 01:57:23.891,1.13065,1.13067,1.00,2.81
2018.12.17 01:57:24.841,1.13065,1.13066,1.00,1.00
2018.12.17 01:57:25.357,1.13065,1.13067,1.00,2.44
2018.12.17 01:57:25.976,1.13065,1.13066,1.00,1.00
2018.12.17 01:57:26.493,1.13065,1.13067,1.00,2.44
2018.12.17 01:57:28.526,1.13065,1.13066,4.50,1.00
2018.12.17 01:57:29.055,1.13065,1.13067,4.50,1.54
2018.12.17 01:57:35.752,1.13066,1.13068,1.00,5.14
2018.12.17 01:57:35.805,1.13065,1.13067,4.50,1.25
2018.12.17 01:57:36.323,1.13066,1.13067,1.00,1.31
2018.12.17 01:57:36.840,1.13065,1.13067,4.50,1.31
2018.12.17 01:57:39.866,1.13066,1.13067,1.00,1.25
2018.12.17 01:57:40.382,1.13065,1.13067,3.75,1.25
2018.12.17 01:57:41.338,1.13066,1.13068,1.00,5.44
2018.12.17 01:57:41.495,1.13065,1.13068,4.50,2.44
2018.12.17 01:57:42.018,1.13066,1.13068,1.00,1.54
2018.12.17 01:57:42.829,1.13065,1.13068,3.00,1.91
2018.12.17 01:57:43.380,1.13066,1.13068,1.50,2.66
2018.12.17 01:57:43.591,1.13068,1.1307,1.00,2.44
2018.12.17 01:57:44.305,1.13068,1.1307,1.00,1.25
2018.12.17 01:57:44.462,1.13066,1.1307,6.00,3.44
2018.12.17 01:57:44.568,1.13066,1.13068,3.75,1.56
2018.12.17 01:57:45.705,1.13065,1.13068,1.00,1.75
2018.12.17 01:58:06.407,1.13065,1.13068,1.00,3.04
2018.12.17 01:58:10.949,1.13065,1.13068,1.00,6.44
2018.12.17 01:58:11.500,1.13065,1.13068,1.00,4.12
2018.12.17 01:58:12.702,1.13065,1.13068,1.50,7.56
2018.12.17 01:58:14.434,1.13065,1.13068,1.00,3.00
2018.12.17 01:58:16.074,1.13065,1.13068,1.00,3.81
2018.12.17 01:58:21.438,1.13066,1.13068,1.50,1.00
2018.12.17 01:58:23.779,1.13066,1.13067,1.00,1.00
2018.12.17 01:58:24.243,1.13066,1.13069,1.00,7.76
2018.12.17 01:58:24.754,1.13066,1.13068,1.50,1.50
2018.12.17 01:58:27.254,1.13065,1.13068,1.00,1.50
2018.12.17 01:58:28.299,1.13065,1.13067,1.50,1.00
2018.12.17 01:58:33.184,1.13065,1.13068,4.50,3.41
2018.12.17 01:58:50.080,1.13066,1.13068,1.00,2.81
2018.12.17 01:58:51.217,1.13065,1.13068,5.25,4.31
2018.12.17 01:58:54.743,1.13067,1.13069,1.00,2.06
2018.12.17 01:58:55.288,1.13066,1.13068,1.00,1.00
2018.12.17 01:58:55.843,1.13066,1.13069,1.00,4.12
2018.12.17 01:58:56.877,1.13066,1.13068,1.00,1.00
2018.12.17 01:58:58.231,1.13066,1.13069,1.50,4.12
2018.12.17 01:59:00.291,1.13065,1.13068,1.50,1.31
2018.12.17 01:59:00.823,1.13064,1.13068,5.14,4.72
2018.12.17 01:59:01.139,1.13066,1.13068,1.00,2.94
2018.12.17 01:59:02.815,1.13065,1.13068,1.00,2.37
2018.12.17 01:59:03.337,1.13065,1.13068,2.25,2.51
2018.12.17 01:59:05.114,1.13065,1.13067,1.00,1.00
2018.12.17 01:59:07.433,1.13064,1.13066,1.00,1.00
2018.12.17 01:59:07.953,1.13064,1.13067,1.00,1.00
2018.12.17 01:59:08.558,1.13065,1.13067,1.00,1.00
2018.12.17 01:59:08.611,1.13064,1.13067,1.00,1.00
2018.12.17 01:59:09.127,1.13065,1.13067,1.00,1.00
2018.12.17 01:59:11.138,1.13065,1.13067,1.00,1.05
2018.12.17 01:59:11.663,1.13065,1.13068,1.00,4.32
2018.12.17 01:59:12.448,1.13064,1.13067,1.50,2.85
2018.12.17 01:59:13.176,1.13063,1.13067,1.25,2.40
2018.12.17 01:59:13.779,1.13064,1.13068,1.00,10.70
2018.12.17 01:59:14.293,1.13065,1.13067,1.00,1.69
2018.12.17 01:59:14.811,1.13064,1.13067,1.00,1.05
2018.12.17 01:59:15.152,1.13066,1.13068,1.00,7.50
2018.12.17 01:59:15.310,1.13064,1.13068,1.00,6.25
2018.12.17 01:59:16.853,1.13065,1.13068,1.00,5.52
2018.12.17 01:59:17.389,1.13064,1.13068,1.00,6.65
2018.12.17 01:59:17.903,1.13065,1.13067,1.00,1.35
2018.12.17 01:59:18.588,1.13062,1.13065,1.00,1.50
2018.12.17 01:59:19.110,1.13062,1.13064,1.00,1.25
2018.12.17 01:59:19.162,1.13061,1.13064,2.25,1.50
2018.12.17 01:59:19.279,1.13062,1.13065,1.00,1.69
2018.12.17 01:59:19.900,1.13061,1.13065,1.50,4.80
2018.12.17 01:59:20.411,1.13061,1.13065,3.19,5.99
2018.12.17 01:59:20.929,1.13061,1.13064,2.25,1.00
2018.12.17 01:59:21.153,1.13063,1.13064,1.00,1.00
2018.12.17 01:59:21.725,1.13061,1.13064,3.19,1.25
2018.12.17 01:59:22.240,1.13062,1.13064,1.00,1.00
2018.12.17 01:59:22.806,1.13062,1.13065,1.50,3.37
2018.12.17 01:59:23.475,1.13063,1.13065,1.00,5.10
2018.12.17 01:59:23.630,1.13061,1.13065,3.19,6.66
2018.12.17 01:59:24.164,1.13062,1.13065,1.50,3.19
2018.12.17 01:59:24.708,1.13063,1.13065,1.00,1.12
2018.12.17 01:59:25.225,1.13062,1.13065,1.00,1.25
2018.12.17 01:59:25.801,1.13063,1.13065,1.00,1.69
2018.12.17 01:59:26.322,1.13064,1.13066,1.50,1.65
2018.12.17 01:59:26.853,1.13064,1.13067,1.69,1.50
2018.12.17 01:59:27.374,1.13065,1.13067,1.00,1.50
2018.12.17 01:59:34.092,1.13066,1.1307,8.50,4.42
2018.12.17 01:59:34.197,1.1307,1.13071,1.00,1.00
2018.12.17 01:59:34.250,1.1307,1.13073,1.00,2.62
2018.12.17 01:59:36.601,1.1307,1.13074,1.00,4.39
2018.12.17 01:59:37.145,1.1307,1.13073,3.94,1.25
2018.12.17 01:59:37.663,1.1307,1.13074,1.00,9.24
2018.12.17 01:59:38.205,1.1307,1.13073,1.00,1.00
2018.12.17 01:59:39.815,1.13069,1.13073,1.12,2.25
2018.12.17 01:59:40.354,1.1307,1.13073,1.00,1.50
2018.12.17 01:59:41.551,1.13072,1.13075,4.75,5.61
2018.12.17 01:59:41.656,1.13073,1.13076,1.69,1.12
2018.12.17 01:59:42.340,1.13074,1.13077,2.44,2.75
2018.12.17 01:59:42.853,1.13075,1.13077,1.00,1.00
2018.12.17 01:59:43.429,1.13075,1.13078,1.00,1.50
2018.12.17 01:59:44.825,1.13075,1.13079,1.00,4.20
2018.12.17 01:59:45.552,1.13075,1.13078,1.00,1.00
2018.12.17 01:59:46.217,1.13075,1.13079,1.00,4.12
2018.12.17 01:59:46.843,1.13075,1.13078,1.00,1.00
2018.12.17 01:59:47.358,1.13075,1.13079,1.00,4.12
2018.12.17 01:59:47.923,1.13075,1.13078,1.00,1.00
2018.12.17 01:59:58.421,1.13071,1.13072,1.00,2.25
2018.12.17 01:59:58.528,1.13069,1.13073,1.50,4.25
2018.12.17 01:59:59.053,1.13069,1.13071,1.00,1.00
