2013.11.25 17:00:01.074,1.35019,1.35025,1.00,4.13
2013.11.25 17:00:03.028,1.35019,1.35021,7.50,1.88
2013.11.25 17:00:05.569,1.35019,1.3502,2.70,1.00
2013.11.25 17:00:06.131,1.35018,1.3502,7.73,1.20
2013.11.25 17:00:06.647,1.35019,1.35021,3.60,3.15
2013.11.25 17:00:07.916,1.35017,1.35019,6.19,3.75
2013.11.25 17:00:08.219,1.35014,1.35016,1.35,1.00
2013.11.25 17:00:08.622,1.35014,1.35016,1.50,3.00
2013.11.25 17:00:08.673,1.35013,1.35015,2.25,12.68
2013.11.25 17:00:08.774,1.35011,1.35013,4.32,1.00
2013.11.25 17:00:09.293,1.35011,1.35012,1.50,1.00
2013.11.25 17:00:10.184,1.35011,1.35013,3.00,1.13
2013.11.25 17:00:10.706,1.35011,1.35013,1.15,1.13
2013.11.25 17:00:11.815,1.35011,1.35014,3.00,1.38
2013.11.25 17:00:12.228,1.35011,1.35012,1.00,1.00
2013.11.25 17:00:12.481,1.35006,1.35008,2.55,4.13
2013.11.25 17:00:12.633,1.35006,1.35008,1.00,3.00
2013.11.25 17:00:12.936,1.35004,1.35008,2.03,1.50
2013.11.25 17:00:13.445,1.35005,1.35007,1.20,1.38
2013.11.25 17:00:14.358,1.35006,1.35007,1.00,2.25
2013.11.25 17:00:15.992,1.35006,1.35009,1.00,7.13
2013.11.25 17:00:16.452,1.35004,1.35007,6.00,3.38
2013.11.25 17:00:17.222,1.35006,1.35008,1.00,1.13
2013.11.25 17:00:17.738,1.35007,1.35009,1.00,3.23
2013.11.25 17:00:19.501,1.35007,1.35009,1.00,2.85
2013.11.25 17:00:20.090,1.35007,1.35008,1.00,1.00
2013.11.25 17:00:20.632,1.35007,1.35009,1.00,2.85
2013.11.25 17:00:21.165,1.35008,1.3501,1.00,6.45
2013.11.25 17:00:21.700,1.35007,1.3501,1.00,9.30
2013.11.25 17:00:23.302,1.35006,1.35009,3.38,3.10
2013.11.25 17:00:25.540,1.35007,1.35008,1.13,1.00
2013.11.25 17:00:26.560,1.35006,1.35008,1.00,1.88
2013.11.25 17:00:28.061,1.35006,1.35008,1.00,1.50
2013.11.25 17:00:29.678,1.35008,1.35011,5.63,10.20
2013.11.25 17:00:29.981,1.35011,1.35014,4.38,1.13
2013.11.25 17:00:30.486,1.35013,1.35014,1.00,1.13
2013.11.25 17:00:30.975,1.35014,1.35016,1.00,6.53
2013.11.25 17:00:31.502,1.35015,1.35017,3.25,4.35
2013.11.25 17:00:32.752,1.35015,1.35016,4.50,2.25
2013.11.25 17:00:33.005,1.35013,1.35014,1.00,2.70
2013.11.25 17:00:33.541,1.35012,1.35013,2.63,1.00
2013.11.25 17:00:36.794,1.35012,1.35014,2.63,1.50
2013.11.25 17:00:37.297,1.35012,1.35015,2.63,6.53
2013.11.25 17:00:40.732,1.35012,1.35015,2.63,2.40
2013.11.25 17:00:42.329,1.35012,1.35015,2.03,2.25
2013.11.25 17:00:46.467,1.35013,1.35015,1.00,1.50
2013.11.25 17:00:46.982,1.35013,1.35015,3.90,1.00
2013.11.25 17:00:48.685,1.35014,1.35017,1.00,1.50
2013.11.25 17:00:58.545,1.35014,1.35016,1.20,4.13
2013.11.25 17:01:00.097,1.35015,1.35016,1.00,2.25
2013.11.25 17:01:00.601,1.35014,1.35016,1.20,3.38
2013.11.25 17:01:06.314,1.35015,1.35017,1.00,3.38
2013.11.25 17:01:08.955,1.35014,1.35016,1.20,3.38
2013.11.25 17:01:09.479,1.35014,1.35016,1.00,3.00
2013.11.25 17:01:12.499,1.35014,1.35016,1.20,4.13
2013.11.25 17:01:13.320,1.35016,1.35018,5.13,2.78
2013.11.25 17:01:13.371,1.35016,1.35018,4.88,3.53
2013.11.25 17:01:14.192,1.35015,1.35018,7.88,4.65
2013.11.25 17:01:14.494,1.35013,1.35014,1.13,4.35
2013.11.25 17:01:14.798,1.35011,1.35013,1.50,6.98
2013.11.25 17:01:14.848,1.35011,1.35012,3.00,3.75
2013.11.25 17:01:14.950,1.35011,1.35012,3.00,3.83
2013.11.25 17:01:15.455,1.35012,1.35013,2.07,3.00
2013.11.25 17:01:18.900,1.35011,1.35013,8.10,3.00
2013.11.25 17:01:19.441,1.35012,1.35013,1.32,3.00
2013.11.25 17:01:21.151,1.35012,1.35014,4.09,4.13
2013.11.25 17:01:22.400,1.35014,1.35016,2.10,3.75
2013.11.25 17:01:22.501,1.35015,1.35017,7.35,5.78
2013.11.25 17:01:22.602,1.35017,1.3502,6.25,6.75
2013.11.25 17:01:22.955,1.35019,1.3502,4.20,1.35
2013.11.25 17:01:23.460,1.35018,1.3502,3.00,3.38
2013.11.25 17:01:23.923,1.35017,1.35019,1.32,2.25
2013.11.25 17:01:28.374,1.35017,1.35019,1.65,1.00
2013.11.25 17:01:28.879,1.35019,1.35021,1.00,1.13
2013.11.25 17:01:29.453,1.35018,1.35021,4.28,1.13
2013.11.25 17:01:29.970,1.35018,1.3502,1.28,1.13
2013.11.25 17:01:30.890,1.35017,1.3502,7.84,3.60
2013.11.25 17:01:31.092,1.35015,1.35018,3.83,3.27
2013.11.25 17:01:31.621,1.35015,1.35018,1.00,4.09
2013.11.25 17:01:31.722,1.35014,1.35016,7.30,1.00
2013.11.25 17:01:33.676,1.35014,1.35015,2.40,5.25
2013.11.25 17:01:34.180,1.35014,1.35016,1.20,4.13
2013.11.25 17:01:34.519,1.35013,1.35014,1.50,3.00
2013.11.25 17:01:34.822,1.3501,1.35013,9.75,3.08
2013.11.25 17:01:34.872,1.3501,1.35013,4.00,4.50
2013.11.25 17:01:34.973,1.35009,1.3501,1.00,9.38
2013.11.25 17:01:35.226,1.35007,1.3501,3.00,11.59
2013.11.25 17:01:35.730,1.35006,1.35008,2.40,2.80
2013.11.25 17:01:36.789,1.35006,1.35009,3.15,2.10
2013.11.25 17:01:36.890,1.35008,1.35009,2.25,1.00
2013.11.25 17:01:37.193,1.35009,1.35011,3.25,1.00
2013.11.25 17:01:37.344,1.3501,1.35012,1.00,1.28
2013.11.25 17:01:37.895,1.35009,1.35012,3.00,1.00
2013.11.25 17:01:38.709,1.35009,1.35011,1.00,5.25
2013.11.25 17:01:39.222,1.35008,1.35009,2.78,1.00
2013.11.25 17:01:41.165,1.35008,1.3501,4.28,2.96
2013.11.25 17:01:41.674,1.35008,1.3501,3.15,3.33
2013.11.25 17:01:42.199,1.35006,1.35008,5.29,1.00
2013.11.25 17:01:42.603,1.35006,1.35008,3.19,1.00
2013.11.25 17:01:43.157,1.35005,1.35007,5.59,1.00
2013.11.25 17:01:44.110,1.35005,1.35007,8.22,3.00
2013.11.25 17:01:46.933,1.35005,1.35007,5.59,1.00
2013.11.25 17:01:48.375,1.35006,1.35007,2.25,1.00
2013.11.25 17:01:49.379,1.35006,1.35008,3.00,1.00
2013.11.25 17:01:49.906,1.35007,1.35008,2.63,1.00
2013.11.25 17:01:50.208,1.35007,1.3501,3.38,3.18
2013.11.25 17:01:50.737,1.35008,1.35011,4.50,4.58
2013.11.25 17:01:51.554,1.35009,1.35011,4.50,3.68
2013.11.25 17:01:51.655,1.35008,1.35011,4.88,2.40
2013.11.25 17:01:51.807,1.35009,1.35011,1.00,1.13
2013.11.25 17:01:52.109,1.3501,1.35013,1.20,2.40
2013.11.25 17:01:52.160,1.35011,1.35013,1.00,1.65
2013.11.25 17:01:52.670,1.35012,1.35014,3.00,1.88
2013.11.25 17:01:53.549,1.35011,1.35014,2.70,3.38
2013.11.25 17:01:54.772,1.35011,1.35013,1.13,1.15
2013.11.25 17:01:55.479,1.35012,1.35013,1.00,3.00
2013.11.25 17:01:55.581,1.35013,1.35015,1.50,9.32
2013.11.25 17:01:56.662,1.35013,1.35015,3.38,2.25
2013.11.25 17:01:57.871,1.35012,1.35013,1.50,1.00
2013.11.25 17:01:57.972,1.3501,1.35013,20.78,4.35
2013.11.25 17:01:58.024,1.3501,1.35012,10.20,1.80
2013.11.25 17:01:58.428,1.35012,1.35014,1.00,3.00
2013.11.25 17:01:58.529,1.35012,1.35014,1.00,1.13
2013.11.25 17:01:58.983,1.35011,1.35012,2.25,1.00
2013.11.25 17:01:59.287,1.35009,1.35011,2.63,2.48
2013.11.25 17:01:59.591,1.3501,1.35012,5.85,1.50
2013.11.25 17:02:00.910,1.3501,1.35012,1.20,1.50
2013.11.25 17:02:01.508,1.3501,1.35013,1.50,4.13
2013.11.25 17:02:01.712,1.35009,1.35012,1.28,1.50
2013.11.25 17:02:01.813,1.35007,1.35009,3.00,2.48
2013.11.25 17:02:02.317,1.35008,1.3501,1.20,2.85
2013.11.25 17:02:03.351,1.35009,1.3501,1.00,2.85
2013.11.25 17:02:03.910,1.35007,1.3501,2.78,3.60
2013.11.25 17:02:04.111,1.35009,1.35012,1.00,6.53
2013.11.25 17:02:04.414,1.35012,1.35013,1.00,2.25
2013.11.25 17:02:04.940,1.35012,1.35013,1.00,2.25
2013.11.25 17:02:06.310,1.35012,1.35013,1.00,1.13
2013.11.25 17:02:06.820,1.35012,1.35014,1.13,3.38
2013.11.25 17:02:07.325,1.35012,1.35015,3.53,10.88
2013.11.25 17:02:08.331,1.35013,1.35015,1.00,10.13
2013.11.25 17:02:08.634,1.35015,1.35016,4.50,1.00
2013.11.25 17:02:09.138,1.35015,1.35017,9.15,1.13
2013.11.25 17:02:10.218,1.35016,1.35017,1.00,2.63
2013.11.25 17:02:16.060,1.35015,1.35017,6.15,1.13
2013.11.25 17:02:16.363,1.35016,1.35018,1.00,3.38
2013.11.25 17:02:16.666,1.35018,1.3502,2.25,2.44
2013.11.25 17:02:16.970,1.35018,1.3502,3.00,4.69
2013.11.25 17:02:17.496,1.35017,1.3502,2.40,4.32
2013.11.25 17:02:18.957,1.35018,1.3502,5.55,1.50
2013.11.25 17:02:19.469,1.3502,1.35022,5.25,1.00
2013.11.25 17:02:20.488,1.3502,1.35022,1.00,3.00
2013.11.25 17:02:20.994,1.3502,1.35022,4.50,1.38
2013.11.25 17:02:21.298,1.35022,1.35024,3.90,1.50
2013.11.25 17:02:21.918,1.35022,1.35023,3.15,1.88
2013.11.25 17:02:22.542,1.35022,1.35024,2.25,1.00
2013.11.25 17:02:23.045,1.35022,1.35023,2.40,1.88
2013.11.25 17:02:24.821,1.35022,1.35024,4.84,1.00
2013.11.25 17:02:25.124,1.35025,1.35027,3.00,1.88
2013.11.25 17:02:25.633,1.35026,1.35028,1.00,5.89
2013.11.25 17:02:30.458,1.35027,1.35029,1.50,4.13
2013.11.25 17:02:30.761,1.35029,1.35031,5.25,1.13
2013.11.25 17:02:30.812,1.3503,1.35031,4.50,1.88
2013.11.25 17:02:31.014,1.35028,1.3503,4.28,1.50
2013.11.25 17:02:31.518,1.35027,1.35029,1.00,1.38
2013.11.25 17:02:31.618,1.35026,1.35028,2.78,1.13
2013.11.25 17:02:32.550,1.35027,1.35028,2.25,1.13
2013.11.25 17:02:33.358,1.35027,1.35029,2.25,1.38
2013.11.25 17:02:33.661,1.35027,1.35029,1.32,1.00
2013.11.25 17:02:33.768,1.35031,1.35033,1.05,8.71
2013.11.25 17:02:33.820,1.35033,1.35035,1.50,9.90
2013.11.25 17:02:33.921,1.35035,1.35036,2.63,1.00
2013.11.25 17:02:34.430,1.35035,1.35036,7.13,1.00
2013.11.25 17:02:34.980,1.35036,1.35038,2.63,1.20
2013.11.25 17:02:35.741,1.35035,1.35037,7.88,1.00
2013.11.25 17:02:36.769,1.35035,1.35037,9.00,1.00
2013.11.25 17:02:37.577,1.35036,1.35037,2.25,1.00
2013.11.25 17:02:38.091,1.35036,1.35038,3.00,2.03
2013.11.25 17:02:43.438,1.35036,1.35037,2.25,1.00
2013.11.25 17:02:43.959,1.35035,1.35037,8.25,1.38
2013.11.25 17:02:44.501,1.35035,1.35037,8.25,1.00
2013.11.25 17:02:45.006,1.35035,1.35037,5.25,1.38
2013.11.25 17:02:45.419,1.35032,1.35035,10.54,6.75
2013.11.25 17:02:45.571,1.3503,1.35033,1.50,5.26
2013.11.25 17:02:45.672,1.35026,1.3503,2.25,24.85
2013.11.25 17:02:45.823,1.35027,1.3503,3.00,15.30
2013.11.25 17:02:45.924,1.35026,1.35029,2.40,4.13
2013.11.25 17:02:46.305,1.35026,1.35029,3.15,5.48
2013.11.25 17:02:46.456,1.35028,1.35029,2.40,1.13
2013.11.25 17:02:47.012,1.35028,1.3503,1.20,1.50
2013.11.25 17:02:48.658,1.35027,1.35029,2.59,1.00
2013.11.25 17:02:49.899,1.35027,1.3503,3.34,2.25
2013.11.25 17:02:56.208,1.35029,1.35031,1.50,3.23
2013.11.25 17:02:56.410,1.35032,1.35035,2.22,5.10
2013.11.25 17:02:56.986,1.35032,1.35035,2.97,4.73
2013.11.25 17:02:57.501,1.35032,1.35034,2.22,1.00
2013.11.25 17:03:00.317,1.35032,1.35035,3.34,2.25
2013.11.25 17:03:01.919,1.35032,1.35035,3.19,1.65
2013.11.25 17:03:12.388,1.35034,1.35035,1.13,1.65
2013.11.25 17:03:12.702,1.35035,1.35037,5.45,2.10
2013.11.25 17:03:13.260,1.35035,1.35037,7.50,3.00
2013.11.25 17:03:13.399,1.35036,1.35038,7.50,1.20
2013.11.25 17:03:14.023,1.35037,1.35038,2.25,1.20
2013.11.25 17:03:31.911,1.35036,1.35038,1.50,1.00
2013.11.25 17:03:32.420,1.35036,1.35037,2.63,1.00
2013.11.25 17:03:34.210,1.35035,1.35037,8.25,1.00
2013.11.25 17:03:36.620,1.35036,1.35037,3.38,1.00
2013.11.25 17:03:37.209,1.35036,1.35038,4.13,1.50
2013.11.25 17:03:37.710,1.35036,1.35038,3.38,1.00
2013.11.25 17:03:38.227,1.35036,1.35037,2.63,1.00
2013.11.25 17:03:40.507,1.35036,1.35038,3.38,1.50
2013.11.25 17:03:44.188,1.35035,1.35038,3.75,8.63
2013.11.25 17:03:44.240,1.35034,1.35036,2.03,1.13
2013.11.25 17:03:44.744,1.35033,1.35036,2.25,1.65
2013.11.25 17:03:45.272,1.35033,1.35035,1.88,9.38
2013.11.25 17:03:45.323,1.3503,1.35032,1.00,6.38
2013.11.25 17:03:45.678,1.35027,1.35029,1.00,1.08
2013.11.25 17:03:45.981,1.35029,1.3503,1.13,2.93
2013.11.25 17:03:46.031,1.35029,1.35031,4.50,1.13
2013.11.25 17:03:46.384,1.35032,1.35033,1.65,1.00
2013.11.25 17:03:47.149,1.35032,1.35035,2.78,1.88
2013.11.25 17:03:48.398,1.3503,1.35033,11.18,1.50
2013.11.25 17:03:48.652,1.35032,1.35036,2.03,7.50
2013.11.25 17:03:48.702,1.3503,1.35035,13.43,3.38
2013.11.25 17:03:48.803,1.35032,1.35034,1.13,3.15
2013.11.25 17:03:48.855,1.3503,1.35033,9.38,3.08
2013.11.25 17:03:49.158,1.35028,1.3503,4.95,1.00
2013.11.25 17:03:49.477,1.35027,1.3503,2.73,2.63
2013.11.25 17:03:50.189,1.35027,1.35029,1.88,1.50
2013.11.25 17:03:50.794,1.35027,1.3503,4.13,2.78
2013.11.25 17:03:51.096,1.3503,1.35031,5.25,1.00
2013.11.25 17:03:51.600,1.35031,1.35033,1.13,1.50
2013.11.25 17:03:52.759,1.3503,1.35031,2.25,1.50
2013.11.25 17:03:53.263,1.3503,1.35031,1.00,2.25
2013.11.25 17:03:54.271,1.3503,1.35032,1.50,3.75
2013.11.25 17:03:55.265,1.3503,1.35031,1.00,1.00
2013.11.25 17:03:55.787,1.35029,1.35031,2.03,1.00
2013.11.25 17:04:00.361,1.3503,1.35032,1.50,3.75
2013.11.25 17:04:02.286,1.3503,1.35031,1.00,1.00
2013.11.25 17:04:05.049,1.3503,1.35032,1.50,3.00
2013.11.25 17:04:05.695,1.3503,1.35031,1.00,1.00
2013.11.25 17:04:10.571,1.35029,1.35031,4.95,1.08
2013.11.25 17:04:19.079,1.35028,1.3503,5.52,4.58
2013.11.25 17:04:19.331,1.35026,1.35029,5.03,4.50
2013.11.25 17:04:22.616,1.35026,1.35028,1.65,3.00
2013.11.25 17:04:28.530,1.35028,1.3503,1.00,12.15
2013.11.25 17:04:29.046,1.35029,1.3503,2.25,4.95
2013.11.25 17:04:33.165,1.35029,1.3503,2.25,4.20
2013.11.25 17:04:33.266,1.3503,1.35031,6.00,1.28
2013.11.25 17:04:33.417,1.35031,1.35033,3.38,1.00
2013.11.25 17:04:33.945,1.35031,1.35033,3.38,1.13
2013.11.25 17:04:34.471,1.35032,1.35033,1.00,1.00
2013.11.25 17:04:34.975,1.35033,1.35034,2.03,1.99
2013.11.25 17:04:35.329,1.35034,1.35036,3.00,1.00
2013.11.25 17:04:35.833,1.35035,1.35037,1.00,3.90
2013.11.25 17:04:36.353,1.35035,1.35036,1.00,2.25
2013.11.25 17:04:36.881,1.35035,1.35037,1.00,5.40
2013.11.25 17:04:39.340,1.35035,1.35036,1.00,2.25
2013.11.25 17:04:39.872,1.35035,1.35037,1.00,5.40
2013.11.25 17:04:40.431,1.35035,1.35036,1.00,2.25
2013.11.25 17:04:40.582,1.35032,1.35035,3.53,1.13
2013.11.25 17:04:41.101,1.35032,1.35034,2.78,1.00
2013.11.25 17:04:43.647,1.35032,1.35035,3.53,1.88
2013.11.25 17:04:47.263,1.35034,1.35035,1.00,1.13
2013.11.25 17:04:47.783,1.35034,1.35036,3.38,1.00
2013.11.25 17:04:49.250,1.35035,1.35037,1.00,3.90
2013.11.25 17:04:49.956,1.35035,1.35037,1.00,5.63
2013.11.25 17:04:50.158,1.35033,1.35035,4.28,1.88
2013.11.25 17:04:51.835,1.35033,1.35035,2.03,10.35
2013.11.25 17:04:52.341,1.35031,1.35033,1.88,3.00
2013.11.25 17:04:53.396,1.3503,1.35032,9.15,1.00
2013.11.25 17:04:55.254,1.35032,1.35033,2.78,1.00
2013.11.25 17:04:57.994,1.35031,1.35032,1.00,2.25
2013.11.25 17:05:01.019,1.35031,1.35033,4.28,1.00
2013.11.25 17:05:02.102,1.35031,1.35033,3.00,1.00
2013.11.25 17:05:04.675,1.35029,1.35031,7.50,1.88
2013.11.25 17:05:05.080,1.35028,1.3503,1.88,11.78
2013.11.25 17:05:05.383,1.35026,1.35029,4.28,4.75
2013.11.25 17:05:07.010,1.35025,1.35027,9.00,2.80
2013.11.25 17:05:07.061,1.35025,1.35026,9.38,1.17
2013.11.25 17:05:07.212,1.35022,1.35025,1.28,11.13
2013.11.25 17:05:07.719,1.35022,1.35023,1.13,3.75
2013.11.25 17:05:08.273,1.35022,1.35023,1.00,3.75
2013.11.25 17:05:09.135,1.35021,1.35024,3.38,1.65
2013.11.25 17:05:09.656,1.35022,1.35024,1.50,3.90
2013.11.25 17:05:10.288,1.35021,1.35023,7.13,1.00
2013.11.25 17:05:10.820,1.35022,1.35025,1.50,7.88
2013.11.25 17:05:11.481,1.35022,1.35024,1.00,2.25
2013.11.25 17:05:12.021,1.35023,1.35025,1.88,6.38
2013.11.25 17:05:13.489,1.35022,1.35024,1.00,2.25
2013.11.25 17:05:14.079,1.35024,1.35025,1.13,5.63
2013.11.25 17:05:15.772,1.35024,1.35025,1.13,8.25
2013.11.25 17:05:20.239,1.35024,1.35025,1.00,6.00
2013.11.25 17:05:20.441,1.35025,1.35027,1.13,3.15
2013.11.25 17:05:20.954,1.35026,1.35028,3.38,1.13
2013.11.25 17:05:24.408,1.35026,1.35028,1.00,3.60
2013.11.25 17:05:24.559,1.35025,1.35026,1.10,4.80
2013.11.25 17:05:24.711,1.35023,1.35025,5.25,1.63
2013.11.25 17:05:25.015,1.3502,1.35023,3.75,3.30
2013.11.25 17:05:25.471,1.35017,1.3502,3.53,6.26
2013.11.25 17:05:25.774,1.35019,1.3502,1.00,9.38
2013.11.25 17:05:25.976,1.3502,1.35023,7.13,3.90
2013.11.25 17:05:26.648,1.35021,1.35023,4.13,1.20
2013.11.25 17:05:29.581,1.35022,1.35024,1.00,4.50
2013.11.25 17:05:32.077,1.35023,1.35024,2.25,1.00
2013.11.25 17:05:32.590,1.35023,1.35025,2.25,2.03
2013.11.25 17:05:35.712,1.35024,1.35026,3.25,6.98
2013.11.25 17:05:37.839,1.35024,1.35026,4.00,2.25
2013.11.25 17:05:38.392,1.35025,1.35027,10.35,2.78
2013.11.25 17:05:38.443,1.35026,1.35028,2.82,1.00
2013.11.25 17:05:38.763,1.35029,1.35033,5.13,3.00
2013.11.25 17:05:39.457,1.35031,1.35034,3.63,5.03
2013.11.25 17:05:39.508,1.35032,1.35034,3.63,2.78
2013.11.25 17:05:40.012,1.35032,1.35033,1.13,2.25
2013.11.25 17:05:40.520,1.35032,1.35034,1.13,5.78
2013.11.25 17:05:42.397,1.35032,1.35034,3.38,3.53
2013.11.25 17:05:42.549,1.35031,1.35033,3.38,1.13
2013.11.25 17:05:45.732,1.3503,1.35032,10.13,1.50
2013.11.25 17:05:45.984,1.35027,1.35029,2.25,4.50
2013.11.25 17:05:46.489,1.35028,1.3503,1.13,6.90
2013.11.25 17:05:46.992,1.35028,1.3503,1.00,7.28
2013.11.25 17:05:47.496,1.35025,1.35028,13.50,3.38
2013.11.25 17:05:58.986,1.35025,1.35028,6.34,3.00
2013.11.25 17:05:59.478,1.35026,1.35027,1.20,2.25
2013.11.25 17:05:59.786,1.35024,1.35027,8.33,2.25
2013.11.25 17:06:00.314,1.35023,1.35025,3.00,7.50
2013.11.25 17:06:00.889,1.35025,1.35027,1.00,3.75
2013.11.25 17:06:01.649,1.35024,1.35025,1.20,15.38
2013.11.25 17:06:01.951,1.35021,1.35024,2.03,3.00
2013.11.25 17:06:02.103,1.35023,1.35025,1.00,14.85
2013.11.25 17:06:02.409,1.35021,1.35024,1.65,3.00
2013.11.25 17:06:02.687,1.35021,1.35023,2.40,3.75
2013.11.25 17:06:04.058,1.35022,1.35024,1.20,3.75
2013.11.25 17:06:05.006,1.35023,1.35025,1.00,7.50
2013.11.25 17:06:05.510,1.35024,1.35026,2.40,3.00
2013.11.25 17:06:07.628,1.35025,1.35027,1.00,3.38
2013.11.25 17:06:10.736,1.35025,1.35026,1.00,2.25
2013.11.25 17:06:11.240,1.35024,1.35026,2.40,3.00
2013.11.25 17:06:12.637,1.35024,1.35025,1.65,3.00
2013.11.25 17:06:14.383,1.35025,1.35026,1.50,2.25
2013.11.25 17:06:14.685,1.35027,1.35029,1.84,4.50
2013.11.25 17:06:19.688,1.35027,1.35029,4.24,4.50
2013.11.25 17:06:20.192,1.35027,1.3503,5.03,7.13
2013.11.25 17:06:20.729,1.35027,1.35029,1.00,3.25
2013.11.25 17:06:22.888,1.35027,1.35029,1.15,3.00
2013.11.25 17:06:23.450,1.35027,1.35029,1.00,4.75
2013.11.25 17:06:34.295,1.35028,1.35031,1.00,3.90
2013.11.25 17:06:34.599,1.3503,1.35034,7.28,4.13
2013.11.25 17:06:35.006,1.35032,1.35033,2.25,1.00
2013.11.25 17:06:35.542,1.35031,1.35033,5.40,1.00
2013.11.25 17:06:36.082,1.35028,1.35031,1.50,15.57
2013.11.25 17:06:36.183,1.35027,1.3503,3.30,11.33
2013.11.25 17:06:41.965,1.35026,1.35028,1.13,2.25
2013.11.25 17:06:44.775,1.35025,1.35027,8.48,3.25
2013.11.25 17:06:45.380,1.35027,1.35029,1.58,5.25
2013.11.25 17:06:45.929,1.35027,1.35029,1.20,4.50
2013.11.25 17:06:49.078,1.35026,1.35028,1.88,4.00
2013.11.25 17:06:50.252,1.35027,1.35029,1.84,3.75
2013.11.25 17:06:50.554,1.35028,1.35029,1.32,1.50
2013.11.25 17:06:54.298,1.35028,1.3503,1.69,11.25
2013.11.25 17:06:56.456,1.35028,1.35029,1.32,1.50
2013.11.25 17:06:58.990,1.35027,1.35029,1.25,5.25
2013.11.25 17:07:02.879,1.35028,1.35029,1.20,4.50
2013.11.25 17:07:03.389,1.35028,1.35029,1.20,4.50
2013.11.25 17:07:10.297,1.35027,1.35029,1.32,4.50
2013.11.25 17:07:12.368,1.35028,1.35029,1.20,4.50
2013.11.25 17:07:13.093,1.35027,1.35029,1.47,5.50
2013.11.25 17:07:13.194,1.35029,1.3503,2.33,3.00
2013.11.25 17:07:13.698,1.35027,1.3503,6.00,5.78
2013.11.25 17:07:16.722,1.35029,1.3503,1.00,11.63
2013.11.25 17:07:20.989,1.35029,1.3503,1.00,9.38
2013.11.25 17:07:28.169,1.35028,1.3503,5.63,1.00
2013.11.25 17:07:28.220,1.3503,1.35032,7.02,2.33
2013.11.25 17:07:28.321,1.35031,1.35033,2.44,1.00
2013.11.25 17:07:28.876,1.3503,1.35033,15.68,4.88
2013.11.25 17:07:29.186,1.35029,1.35031,1.88,3.75
2013.11.25 17:07:29.718,1.35028,1.3503,3.00,5.03
2013.11.25 17:07:34.391,1.35028,1.35029,3.00,2.25
2013.11.25 17:07:39.273,1.35029,1.3503,3.57,1.00
2013.11.25 17:07:42.843,1.35028,1.35031,1.13,1.00
2013.11.25 17:07:44.879,1.3503,1.35033,3.38,3.53
2013.11.25 17:07:45.407,1.35029,1.35031,5.22,1.00
2013.11.25 17:07:45.929,1.3503,1.35033,9.53,1.13
2013.11.25 17:07:47.336,1.3503,1.35033,2.78,6.38
2013.11.25 17:07:47.789,1.35029,1.35031,6.34,1.00
2013.11.25 17:07:48.293,1.35029,1.35032,5.59,2.25
2013.11.25 17:07:48.538,1.35029,1.35034,1.84,2.40
2013.11.25 17:07:48.641,1.35029,1.35032,5.59,2.25
2013.11.25 17:07:55.613,1.35029,1.35032,4.84,2.25
2013.11.25 17:07:56.498,1.35029,1.35031,2.22,2.25
2013.11.25 17:07:57.012,1.35029,1.35032,4.84,2.25
2013.11.25 17:07:57.516,1.35029,1.3503,2.07,1.50
2013.11.25 17:07:57.617,1.3503,1.35032,2.70,2.33
2013.11.25 17:07:58.154,1.3503,1.35033,8.59,3.75
2013.11.25 17:07:58.538,1.3503,1.35031,1.69,2.25
2013.11.25 17:07:58.840,1.35028,1.3503,1.69,8.63
2013.11.25 17:07:58.991,1.35027,1.35029,3.34,3.75
2013.11.25 17:07:59.509,1.35027,1.35028,1.47,3.00
2013.11.25 17:08:00.014,1.35027,1.35029,1.84,4.50
2013.11.25 17:08:02.031,1.35027,1.35028,1.32,2.25
2013.11.25 17:08:02.299,1.35027,1.35029,1.32,4.65
2013.11.25 17:08:06.510,1.35027,1.35028,4.95,2.25
2013.11.25 17:08:07.712,1.35027,1.35029,5.59,1.00
2013.11.25 17:08:08.216,1.35028,1.35029,1.13,2.25
2013.11.25 17:08:09.669,1.35027,1.35029,5.25,1.00
2013.11.25 17:08:10.022,1.35029,1.35031,6.00,1.65
2013.11.25 17:08:10.072,1.3503,1.35031,3.00,1.00
2013.11.25 17:08:10.808,1.3503,1.35032,1.50,3.38
2013.11.25 17:08:11.420,1.3503,1.35032,7.47,1.00
2013.11.25 17:08:18.148,1.3503,1.35032,5.81,1.00
2013.11.25 17:08:18.652,1.3503,1.35031,1.32,3.00
2013.11.25 17:08:20.359,1.3503,1.35032,6.57,1.28
2013.11.25 17:08:20.560,1.35029,1.35032,4.35,1.95
2013.11.25 17:08:22.326,1.35029,1.35031,3.25,1.50
2013.11.25 17:08:32.952,1.35029,1.35031,1.00,5.25
2013.11.25 17:08:33.054,1.35029,1.35041,8.86,1.88
2013.11.25 17:08:33.306,1.35039,1.35041,13.28,1.50
2013.11.25 17:08:33.357,1.35041,1.35044,5.13,3.75
2013.11.25 17:08:33.409,1.35043,1.3505,4.50,9.53
2013.11.25 17:08:33.915,1.35043,1.35045,1.20,2.25
2013.11.25 17:08:34.085,1.35041,1.35043,3.98,1.00
2013.11.25 17:08:34.665,1.35041,1.35044,3.75,1.00
2013.11.25 17:08:44.173,1.35042,1.35045,1.65,1.50
2013.11.25 17:08:46.062,1.35042,1.35044,1.65,1.00
2013.11.25 17:08:53.443,1.35041,1.35044,4.09,1.00
2013.11.25 17:08:58.412,1.35043,1.35045,1.08,1.50
2013.11.25 17:08:58.715,1.3505,1.35053,1.88,6.75
2013.11.25 17:08:58.766,1.35051,1.35054,4.88,3.15
2013.11.25 17:08:59.278,1.35052,1.35054,1.69,1.15
2013.11.25 17:08:59.795,1.35052,1.35054,1.09,1.00
2013.11.25 17:09:00.311,1.35052,1.35054,1.09,1.00
2013.11.25 17:09:03.545,1.35052,1.35054,1.09,1.00
2013.11.25 17:09:08.374,1.35052,1.35054,2.59,1.00
2013.11.25 17:09:09.095,1.35052,1.35054,2.03,1.00
2013.11.25 17:09:10.473,1.35052,1.35055,2.78,1.13
2013.11.25 17:09:17.281,1.35054,1.35056,1.50,2.03
2013.11.25 17:09:17.611,1.35058,1.3506,2.07,12.00
2013.11.25 17:09:18.116,1.3506,1.35062,4.13,3.00
2013.11.25 17:09:18.484,1.35059,1.35061,4.28,1.00
2013.11.25 17:09:19.268,1.3506,1.35061,4.88,1.00
2013.11.25 17:09:22.141,1.35061,1.35064,2.10,3.38
2013.11.25 17:09:22.444,1.35062,1.35065,8.59,5.25
2013.11.25 17:09:22.697,1.35064,1.35066,1.00,2.25
2013.11.25 17:09:23.420,1.35062,1.35065,6.34,1.00
2013.11.25 17:09:23.471,1.35062,1.35065,6.34,1.00
2013.11.25 17:09:23.572,1.35064,1.35066,1.00,2.25
2013.11.25 17:09:23.875,1.35062,1.35065,1.13,6.53
2013.11.25 17:09:25.993,1.35061,1.35064,9.94,1.00
2013.11.25 17:09:26.971,1.3506,1.35062,7.13,1.13
2013.11.25 17:09:27.174,1.35061,1.35064,6.34,2.25
2013.11.25 17:09:27.376,1.35061,1.35063,4.09,3.00
2013.11.25 17:09:27.881,1.35061,1.35063,3.38,1.00
2013.11.25 17:09:30.181,1.3506,1.35062,10.69,1.00
2013.11.25 17:09:30.535,1.3506,1.35061,10.02,1.20
2013.11.25 17:09:30.636,1.3506,1.35061,4.43,2.33
2013.11.25 17:09:30.737,1.35061,1.35063,1.13,1.00
2013.11.25 17:09:31.241,1.35062,1.35063,1.00,1.00
2013.11.25 17:09:38.951,1.35061,1.35063,5.48,1.05
2013.11.25 17:10:00.450,1.35062,1.35063,1.00,1.05
2013.11.25 17:10:03.833,1.35063,1.35065,1.50,6.83
2013.11.25 17:10:08.803,1.35062,1.35064,1.65,1.30
2013.11.25 17:10:16.945,1.35061,1.35063,3.38,1.05
2013.11.25 17:10:22.510,1.35061,1.35063,2.25,1.05
2013.11.25 17:10:22.662,1.35063,1.35065,1.00,3.00
2013.11.25 17:10:22.713,1.35064,1.35066,1.00,3.15
2013.11.25 17:10:23.214,1.35065,1.35066,1.00,2.40
2013.11.25 17:10:25.120,1.35064,1.35066,1.00,1.65
2013.11.25 17:10:25.675,1.35064,1.35066,1.00,2.40
2013.11.25 17:10:26.215,1.35064,1.35066,1.00,1.65
2013.11.25 17:10:43.249,1.35062,1.35065,2.22,1.00
2013.11.25 17:10:44.600,1.35063,1.35065,1.65,1.00
2013.11.25 17:10:48.024,1.35064,1.35066,1.13,1.00
2013.11.25 17:10:48.688,1.35063,1.35065,1.65,1.00
2013.11.25 17:10:50.091,1.35064,1.35066,1.13,1.00
2013.11.25 17:10:50.790,1.35064,1.35066,1.13,1.00
2013.11.25 17:10:51.973,1.35064,1.35066,1.13,1.50
2013.11.25 17:10:52.563,1.35065,1.35067,1.13,1.65
2013.11.25 17:10:52.664,1.35066,1.35069,1.00,6.98
2013.11.25 17:10:53.069,1.35068,1.35075,3.86,3.38
2013.11.25 17:10:53.198,1.35071,1.35074,1.88,6.15
2013.11.25 17:10:53.708,1.35072,1.35073,1.00,1.20
2013.11.25 17:10:57.062,1.35071,1.35074,3.53,1.00
2013.11.25 17:11:02.110,1.35071,1.35073,2.03,1.00
2013.11.25 17:11:05.531,1.35071,1.35073,2.03,1.00
2013.11.25 17:11:05.985,1.35071,1.35073,1.13,1.00
2013.11.25 17:11:06.500,1.35071,1.35074,1.13,2.03
2013.11.25 17:11:06.651,1.35072,1.35075,2.85,4.13
2013.11.25 17:11:06.904,1.35075,1.35077,2.25,1.50
2013.11.25 17:11:07.056,1.35073,1.35076,3.38,1.00
2013.11.25 17:11:07.106,1.35073,1.35074,1.88,1.00
2013.11.25 17:11:07.258,1.35072,1.35074,3.15,1.00
2013.11.25 17:11:09.573,1.35072,1.35074,2.40,1.00
2013.11.25 17:11:10.685,1.35072,1.35074,2.03,1.00
2013.11.25 17:11:13.089,1.35072,1.35075,1.65,1.00
2013.11.25 17:11:15.559,1.35072,1.35074,2.03,1.00
2013.11.25 17:11:19.817,1.35071,1.35073,2.03,1.00
2013.11.25 17:11:32.231,1.35073,1.35075,1.00,2.25
2013.11.25 17:11:33.892,1.35072,1.35074,2.22,1.00
2013.11.25 17:11:34.196,1.35068,1.3507,5.25,3.30
2013.11.25 17:11:34.247,1.35067,1.35069,1.88,2.20
2013.11.25 17:11:34.348,1.35066,1.35068,1.00,2.33
2013.11.25 17:11:34.449,1.35065,1.35068,1.13,2.78
2013.11.25 17:11:34.958,1.35065,1.35067,1.13,2.40
2013.11.25 17:11:35.524,1.35064,1.35065,1.05,1.00
2013.11.25 17:11:36.535,1.35064,1.35066,2.13,2.63
2013.11.25 17:11:36.636,1.35063,1.35064,1.20,1.00
2013.11.25 17:11:37.630,1.35062,1.35064,1.00,1.00
2013.11.25 17:11:38.134,1.35061,1.35063,1.28,1.00
2013.11.25 17:11:38.641,1.35061,1.35064,2.03,1.00
2013.11.25 17:11:38.944,1.35061,1.35064,3.45,1.00
2013.11.25 17:11:43.539,1.35061,1.35064,4.35,1.38
2013.11.25 17:11:49.732,1.35062,1.35065,1.15,1.88
2013.11.25 17:11:54.710,1.35062,1.35064,1.15,1.00
2013.11.25 17:12:03.520,1.35063,1.35065,1.20,1.50
2013.11.25 17:12:13.309,1.35062,1.35065,2.25,1.65
2013.11.25 17:12:13.824,1.35062,1.35064,1.50,1.00
2013.11.25 17:12:24.896,1.35061,1.35064,2.03,1.13
2013.11.25 17:12:26.981,1.3506,1.35062,10.50,1.88
2013.11.25 17:12:27.233,1.35061,1.35064,2.03,1.88
2013.11.25 17:12:29.579,1.35061,1.35063,2.03,1.00
2013.11.25 17:12:51.916,1.35062,1.35064,1.00,1.88
2013.11.25 17:12:53.331,1.35061,1.35063,1.65,1.50
2013.11.25 17:12:53.992,1.35062,1.35064,1.00,2.03
2013.11.25 17:12:54.965,1.35062,1.35064,1.00,1.65
2013.11.25 17:12:57.600,1.35063,1.35064,1.00,1.65
2013.11.25 17:12:57.769,1.35061,1.35063,1.13,3.00
2013.11.25 17:12:58.071,1.35061,1.35063,1.13,1.65
2013.11.25 17:12:58.273,1.35061,1.35064,1.13,1.65
2013.11.25 17:12:59.122,1.35061,1.35064,1.50,2.03
2013.11.25 17:12:59.701,1.35062,1.35064,1.00,2.03
2013.11.25 17:13:01.892,1.35061,1.35064,2.25,2.78
2013.11.25 17:13:04.550,1.35061,1.35062,1.00,1.13
2013.11.25 17:13:04.853,1.35058,1.35061,2.25,2.63
2013.11.25 17:13:04.954,1.35057,1.35059,1.13,4.66
2013.11.25 17:13:05.055,1.35055,1.35059,13.13,11.11
2013.11.25 17:13:05.367,1.35054,1.35056,3.01,2.63
2013.11.25 17:13:05.569,1.35051,1.35054,2.78,1.00
2013.11.25 17:13:06.073,1.35051,1.35054,2.63,1.20
2013.11.25 17:13:06.623,1.35051,1.35053,1.88,1.00
2013.11.25 17:13:07.506,1.35051,1.35054,2.63,1.20
2013.11.25 17:13:08.110,1.35051,1.35054,2.63,2.40
2013.11.25 17:13:15.160,1.35052,1.35053,1.00,1.00
2013.11.25 17:13:16.302,1.35052,1.35054,1.00,1.65
2013.11.25 17:13:16.845,1.35053,1.35054,1.00,1.65
2013.11.25 17:13:17.299,1.35051,1.35053,1.00,1.00
2013.11.25 17:13:22.456,1.35049,1.35052,1.13,2.88
2013.11.25 17:13:22.760,1.35043,1.35045,4.73,1.10
2013.11.25 17:13:23.264,1.35042,1.35044,1.13,1.20
2013.11.25 17:13:23.668,1.35043,1.35045,1.00,3.38
2013.11.25 17:13:29.267,1.35042,1.35044,1.13,1.65
2013.11.25 17:13:31.621,1.35042,1.35043,1.13,1.00
2013.11.25 17:13:36.597,1.3504,1.35042,6.83,1.10
2013.11.25 17:13:48.520,1.35042,1.35043,2.63,1.00
2013.11.25 17:13:51.186,1.35043,1.35044,2.25,3.00
2013.11.25 17:13:53.691,1.35044,1.35046,2.48,3.38
2013.11.25 17:13:53.843,1.35046,1.35048,1.58,2.55
2013.11.25 17:13:53.894,1.35048,1.3505,1.13,6.15
2013.11.25 17:13:54.052,1.35048,1.3505,1.00,7.15
2013.11.25 17:13:54.578,1.35047,1.35049,1.00,1.50
2013.11.25 17:13:55.116,1.35045,1.35047,3.38,2.25
2013.11.25 17:13:55.834,1.35046,1.35047,1.00,2.25
2013.11.25 17:14:01.627,1.35045,1.35046,1.50,1.00
2013.11.25 17:14:03.721,1.35045,1.35046,3.00,2.25
2013.11.25 17:14:04.024,1.35046,1.35051,10.69,3.83
2013.11.25 17:14:04.175,1.35049,1.35051,1.88,2.25
2013.11.25 17:14:04.710,1.35049,1.35051,1.88,1.65
2013.11.25 17:14:05.463,1.35049,1.35051,2.63,1.20
2013.11.25 17:14:06.876,1.3505,1.35052,1.00,3.53
2013.11.25 17:14:11.160,1.35048,1.35051,1.00,2.78
2013.11.25 17:14:11.261,1.35046,1.35049,2.25,1.50
2013.11.25 17:14:11.765,1.35045,1.35047,4.28,1.13
2013.11.25 17:14:14.148,1.35045,1.35047,3.90,1.00
2013.11.25 17:14:16.863,1.35045,1.35046,3.15,1.00
2013.11.25 17:14:25.692,1.35045,1.35047,2.03,1.50
2013.11.25 17:14:26.196,1.35045,1.35046,3.53,1.00
2013.11.25 17:14:40.701,1.35046,1.35047,1.00,1.50
2013.11.25 17:14:40.842,1.3505,1.35052,6.30,2.25
2013.11.25 17:14:40.894,1.35053,1.35056,2.63,1.13
2013.11.25 17:14:40.995,1.35052,1.35055,2.03,1.50
2013.11.25 17:14:41.499,1.35054,1.35056,1.00,1.38
2013.11.25 17:14:42.042,1.35055,1.35056,1.00,1.00
2013.11.25 17:14:42.786,1.35053,1.35055,1.65,1.13
2013.11.25 17:14:43.095,1.35052,1.35055,6.57,1.38
2013.11.25 17:14:46.037,1.35052,1.35053,1.00,1.13
2013.11.25 17:14:46.653,1.35051,1.35053,2.03,1.13
2013.11.25 17:14:47.795,1.35051,1.35053,1.13,1.28
2013.11.25 17:15:02.725,1.35052,1.35054,1.00,2.48
2013.11.25 17:15:08.614,1.35052,1.35054,1.50,2.03
2013.11.25 17:15:43.847,1.35053,1.35055,1.00,4.73
2013.11.25 17:15:46.707,1.35054,1.35056,1.00,7.13
2013.11.25 17:15:46.809,1.35053,1.35056,1.50,4.13
2013.11.25 17:15:47.797,1.35054,1.35056,1.00,4.73
2013.11.25 17:15:54.077,1.35055,1.35057,1.00,1.08
2013.11.25 17:15:54.178,1.35057,1.35059,4.00,1.13
2013.11.25 17:15:54.430,1.3507,1.35076,4.35,2.63
2013.11.25 17:15:54.935,1.35073,1.35074,1.50,1.00
2013.11.25 17:15:55.360,1.3507,1.35073,3.38,6.00
2013.11.25 17:15:55.411,1.3507,1.35071,1.88,5.25
2013.11.25 17:15:55.512,1.35067,1.35068,1.00,5.33
2013.11.25 17:15:55.815,1.35069,1.3507,2.44,5.63
2013.11.25 17:15:56.722,1.35068,1.35071,6.53,1.00
2013.11.25 17:15:57.025,1.35066,1.35068,2.25,1.15
2013.11.25 17:15:57.532,1.35065,1.35066,1.50,1.00
2013.11.25 17:15:58.088,1.35065,1.35067,3.38,3.15
2013.11.25 17:15:58.391,1.35067,1.35069,1.00,3.15
2013.11.25 17:15:58.795,1.35068,1.35069,2.25,1.20
2013.11.25 17:15:59.306,1.35067,1.35069,2.25,1.58
2013.11.25 17:16:00.300,1.35067,1.35069,1.00,1.20
2013.11.25 17:16:00.603,1.35069,1.3507,1.73,2.25
2013.11.25 17:16:00.704,1.3507,1.35072,2.10,4.13
2013.11.25 17:16:01.208,1.3507,1.35073,5.85,2.48
2013.11.25 17:16:02.118,1.35071,1.35074,2.85,5.78
2013.11.25 17:16:02.643,1.35071,1.35073,2.85,1.28
2013.11.25 17:16:03.155,1.3507,1.35073,5.10,2.03
2013.11.25 17:16:03.660,1.3507,1.35071,2.25,1.00
2013.11.25 17:16:04.014,1.35068,1.3507,2.25,5.63
2013.11.25 17:16:04.316,1.35068,1.3507,1.88,5.63
2013.11.25 17:16:04.838,1.35068,1.35069,1.13,3.00
2013.11.25 17:16:07.429,1.35068,1.3507,1.50,5.63
2013.11.25 17:16:08.337,1.35068,1.3507,2.25,5.25
2013.11.25 17:16:08.860,1.3507,1.35072,1.50,4.28
2013.11.25 17:16:11.167,1.35068,1.35071,1.88,3.38
2013.11.25 17:16:11.570,1.35067,1.3507,3.38,5.03
2013.11.25 17:16:13.717,1.35067,1.3507,2.25,5.03
2013.11.25 17:16:14.260,1.35068,1.3507,1.00,5.40
2013.11.25 17:16:14.764,1.35067,1.35069,1.00,1.58
2013.11.25 17:16:16.539,1.35067,1.35069,1.00,3.15
2013.11.25 17:16:16.791,1.35068,1.3507,3.75,1.13
2013.11.25 17:16:17.354,1.35069,1.3507,1.50,1.13
2013.11.25 17:16:17.808,1.3507,1.35072,6.90,1.13
2013.11.25 17:16:18.312,1.35071,1.35074,1.88,1.58
2013.11.25 17:16:20.167,1.35071,1.35074,1.50,1.58
2013.11.25 17:16:22.705,1.35071,1.35074,1.92,1.58
2013.11.25 17:16:22.756,1.35072,1.35074,1.50,1.58
2013.11.25 17:16:23.161,1.35072,1.35075,3.08,1.00
2013.11.25 17:16:23.262,1.35072,1.35075,2.40,1.13
2013.11.25 17:16:23.805,1.35072,1.35074,1.65,1.00
2013.11.25 17:16:29.571,1.35073,1.35078,1.50,2.93
2013.11.25 17:16:29.773,1.35076,1.35077,2.63,2.63
2013.11.25 17:16:30.025,1.35075,1.35077,10.84,1.13
2013.11.25 17:16:30.227,1.35074,1.35076,1.50,1.00
2013.11.25 17:16:30.530,1.35072,1.35075,5.97,1.38
2013.11.25 17:16:30.631,1.35073,1.35075,3.23,1.13
2013.11.25 17:16:30.681,1.35074,1.35077,4.30,1.50
2013.11.25 17:16:30.782,1.35076,1.35077,1.43,2.63
2013.11.25 17:16:31.085,1.35077,1.35079,3.94,1.38
2013.11.25 17:16:31.589,1.35077,1.35079,2.07,4.13
2013.11.25 17:16:31.992,1.35074,1.35077,5.59,1.00
2013.11.25 17:16:37.144,1.35074,1.35077,1.00,3.75
2013.11.25 17:16:38.693,1.35074,1.35077,1.00,3.75
2013.11.25 17:16:39.147,1.35075,1.35078,1.64,3.45
2013.11.25 17:16:39.399,1.35077,1.3508,4.82,3.83
2013.11.25 17:16:39.450,1.3508,1.35081,2.25,3.00
2013.11.25 17:16:39.854,1.35081,1.35083,2.07,4.65
2013.11.25 17:16:43.716,1.3508,1.35083,5.07,1.58
2013.11.25 17:16:44.069,1.35078,1.3508,3.42,1.88
2013.11.25 17:16:44.775,1.35079,1.35081,4.57,1.13
2013.11.25 17:16:44.876,1.3508,1.35081,1.00,1.20
2013.11.25 17:16:51.115,1.35079,1.35081,2.22,1.38
2013.11.25 17:16:51.797,1.3508,1.35081,1.50,1.13
2013.11.25 17:16:51.965,1.35078,1.35081,3.94,3.38
2013.11.25 17:16:52.508,1.35079,1.35081,1.65,3.38
2013.11.25 17:16:53.045,1.35079,1.3508,1.00,5.25
2013.11.25 17:16:58.476,1.35078,1.35079,2.81,2.25
2013.11.25 17:16:58.577,1.35076,1.35079,1.50,5.03
2013.11.25 17:16:58.679,1.35074,1.35077,8.07,2.50
2013.11.25 17:16:58.729,1.35076,1.35078,1.57,3.75
2013.11.25 17:16:59.133,1.35078,1.3508,1.69,7.13
2013.11.25 17:16:59.184,1.35079,1.3508,1.13,5.63
2013.11.25 17:16:59.387,1.35079,1.35081,1.88,2.03
2013.11.25 17:17:00.943,1.3508,1.35082,1.00,3.90
2013.11.25 17:17:02.480,1.3508,1.35082,1.00,4.50
2013.11.25 17:17:03.167,1.3508,1.35082,1.00,4.88
2013.11.25 17:17:03.871,1.3508,1.35082,1.00,4.50
2013.11.25 17:17:05.006,1.35081,1.35082,1.00,3.00
2013.11.25 17:17:05.516,1.3508,1.35082,1.50,3.75
2013.11.25 17:17:06.927,1.3508,1.35083,8.67,3.90
2013.11.25 17:17:07.230,1.35085,1.3509,4.13,3.00
2013.11.25 17:17:13.466,1.35083,1.35085,2.07,1.00
2013.11.25 17:17:14.264,1.35084,1.35087,2.32,5.03
2013.11.25 17:17:17.458,1.35085,1.35086,1.00,4.28
2013.11.25 17:17:18.210,1.35084,1.35086,1.32,4.28
2013.11.25 17:17:18.886,1.35085,1.35086,1.00,4.28
2013.11.25 17:17:19.624,1.35083,1.35085,2.44,1.00
2013.11.25 17:17:21.102,1.35084,1.35086,1.00,4.13
2013.11.25 17:17:21.655,1.35083,1.35085,1.88,1.15
2013.11.25 17:17:24.452,1.35084,1.35086,2.32,6.23
2013.11.25 17:17:31.466,1.35083,1.35085,1.50,8.40
2013.11.25 17:17:31.818,1.35081,1.35083,1.00,2.25
2013.11.25 17:17:32.459,1.35082,1.35084,1.00,1.20
2013.11.25 17:17:32.725,1.35081,1.35083,1.00,2.25
2013.11.25 17:17:35.594,1.35081,1.35083,1.00,2.25
2013.11.25 17:17:37.202,1.35082,1.35083,1.32,2.25
2013.11.25 17:17:39.121,1.35081,1.35083,1.00,2.25
2013.11.25 17:17:41.173,1.35082,1.35083,1.32,2.25
2013.11.25 17:17:42.140,1.35082,1.35084,1.32,3.75
2013.11.25 17:17:42.544,1.35084,1.35086,1.00,4.13
2013.11.25 17:17:43.124,1.35085,1.35086,1.00,3.00
2013.11.25 17:17:43.772,1.35083,1.35085,2.22,4.50
2013.11.25 17:17:48.591,1.35083,1.35085,2.82,3.15
2013.11.25 17:17:49.095,1.35084,1.35086,1.00,3.00
2013.11.25 17:17:52.512,1.35084,1.35085,1.32,1.00
2013.11.25 17:17:52.815,1.35086,1.35087,1.00,1.28
2013.11.25 17:17:53.341,1.35085,1.35087,1.69,3.90
2013.11.25 17:17:54.559,1.35084,1.35086,2.07,3.75
2013.11.25 17:17:58.614,1.35084,1.35086,1.69,5.63
2013.11.25 17:17:59.807,1.35084,1.35086,3.19,2.63
2013.11.25 17:18:00.310,1.35082,1.35084,4.88,1.28
2013.11.25 17:18:00.613,1.35082,1.35083,2.44,2.25
2013.11.25 17:18:06.029,1.3508,1.35082,1.00,3.90
2013.11.25 17:18:06.281,1.35076,1.35078,2.63,2.33
2013.11.25 17:18:06.993,1.35075,1.35076,9.75,2.25
2013.11.25 17:18:07.735,1.35075,1.35076,1.13,2.25
2013.11.25 17:18:13.113,1.35075,1.35077,1.50,5.40
2013.11.25 17:18:13.618,1.35074,1.35077,6.19,4.65
2013.11.25 17:18:15.063,1.35076,1.35077,1.13,3.90
2013.11.25 17:18:17.298,1.35076,1.35081,1.00,7.13
2013.11.25 17:18:17.844,1.35079,1.35081,3.00,1.35
2013.11.25 17:18:17.946,1.3508,1.35082,1.00,3.90
2013.11.25 17:18:19.535,1.35081,1.35082,1.00,1.50
2013.11.25 17:18:22.307,1.3508,1.35082,6.38,1.15
2013.11.25 17:18:24.883,1.35079,1.3508,3.00,2.25
2013.11.25 17:18:25.567,1.35079,1.3508,2.63,4.50
2013.11.25 17:18:26.073,1.35079,1.35081,4.88,1.20
2013.11.25 17:18:26.578,1.3508,1.35083,1.50,4.88
2013.11.25 17:18:35.281,1.3508,1.35082,1.50,1.50
2013.11.25 17:18:38.566,1.3508,1.35082,1.88,1.50
2013.11.25 17:18:39.094,1.35078,1.3508,1.50,3.83
2013.11.25 17:18:39.629,1.35077,1.35078,1.50,3.00
2013.11.25 17:18:40.234,1.35076,1.35078,6.00,5.25
2013.11.25 17:18:40.763,1.35076,1.35078,4.88,4.50
2013.11.25 17:18:42.033,1.35078,1.35079,1.50,2.25
2013.11.25 17:18:42.538,1.35079,1.35081,1.13,4.65
2013.11.25 17:18:43.457,1.35079,1.35081,1.88,4.50
2013.11.25 17:18:52.054,1.35079,1.35081,1.88,4.50
2013.11.25 17:19:00.848,1.35079,1.3508,1.13,2.25
2013.11.25 17:19:07.170,1.35079,1.35081,1.50,4.88
2013.11.25 17:19:11.866,1.35079,1.3508,1.13,4.50
2013.11.25 17:19:14.184,1.35079,1.35081,1.50,4.88
2013.11.25 17:19:15.792,1.35079,1.35081,1.50,3.38
2013.11.25 17:19:20.231,1.35079,1.3508,1.00,1.00
2013.11.25 17:19:20.739,1.35078,1.35079,1.20,2.25
2013.11.25 17:19:21.265,1.35078,1.3508,1.00,5.59
2013.11.25 17:19:23.655,1.35077,1.35079,5.63,1.00
2013.11.25 17:19:24.159,1.35078,1.35079,4.50,1.00
2013.11.25 17:19:24.663,1.35079,1.3508,1.00,1.20
2013.11.25 17:19:31.575,1.35079,1.35081,1.50,3.94
2013.11.25 17:19:36.013,1.35079,1.3508,1.00,3.00
2013.11.25 17:19:36.678,1.35078,1.3508,5.40,1.00
2013.11.25 17:19:37.183,1.35078,1.35079,1.00,2.25
2013.11.25 17:19:37.937,1.35077,1.35079,3.38,2.25
2013.11.25 17:19:42.390,1.35077,1.35078,3.00,2.25
2013.11.25 17:19:43.125,1.35077,1.35079,3.00,3.00
2013.11.25 17:19:43.629,1.35077,1.35078,3.00,2.25
2013.11.25 17:19:45.150,1.35076,1.35078,2.25,2.25
2013.11.25 17:19:45.252,1.35074,1.35078,4.28,8.40
2013.11.25 17:19:45.706,1.35074,1.35076,6.00,6.00
2013.11.25 17:19:46.061,1.35072,1.35074,1.20,2.25
2013.11.25 17:19:46.162,1.35072,1.35074,1.00,1.50
2013.11.25 17:19:46.666,1.35071,1.35073,3.38,3.75
2013.11.25 17:19:49.155,1.3507,1.35073,3.38,5.78
2013.11.25 17:19:49.407,1.35068,1.35071,2.78,7.88
2013.11.25 17:19:53.310,1.35068,1.35069,2.40,1.00
2013.11.25 17:19:53.411,1.35068,1.35069,2.25,1.88
2013.11.25 17:19:53.613,1.35064,1.35066,12.75,7.28
2013.11.25 17:19:53.765,1.35061,1.35064,3.53,3.25
2013.11.25 17:19:54.269,1.3506,1.35063,5.25,8.26
2013.11.25 17:19:54.773,1.35058,1.3506,1.88,4.50
2013.11.25 17:19:56.700,1.35058,1.35059,2.63,2.25
2013.11.25 17:19:57.528,1.35058,1.3506,2.63,6.00
2013.11.25 17:19:58.036,1.35059,1.3506,1.00,3.38
2013.11.25 17:19:58.719,1.35059,1.35061,1.00,2.97
2013.11.25 17:20:02.352,1.35058,1.35061,3.75,5.84
2013.11.25 17:20:02.870,1.35058,1.35059,1.50,3.75
2013.11.25 17:20:02.972,1.35058,1.35059,1.50,3.38
2013.11.25 17:20:03.478,1.35057,1.35059,1.50,3.15
2013.11.25 17:20:03.579,1.35055,1.35057,7.35,3.53
2013.11.25 17:20:04.083,1.35053,1.35055,2.78,5.25
2013.11.25 17:20:04.437,1.35052,1.35055,2.63,6.15
2013.11.25 17:20:08.040,1.35051,1.35054,1.50,1.28
2013.11.25 17:20:08.242,1.3505,1.35053,3.45,1.20
2013.11.25 17:20:08.746,1.35051,1.35053,1.00,1.28
2013.11.25 17:20:11.958,1.35049,1.35052,1.50,2.33
2013.11.25 17:20:12.496,1.3505,1.35052,1.00,7.73
2013.11.25 17:20:13.017,1.35049,1.35052,1.50,7.88
2013.11.25 17:20:13.543,1.35049,1.35052,1.50,6.35
2013.11.25 17:20:14.049,1.3505,1.35052,1.00,4.09
2013.11.25 17:20:15.837,1.35049,1.35052,3.75,4.10
2013.11.25 17:20:16.593,1.35049,1.35051,1.00,7.13
2013.11.25 17:20:17.096,1.35048,1.3505,2.78,5.25
2013.11.25 17:20:17.757,1.35049,1.3505,1.00,1.00
2013.11.25 17:20:19.134,1.35049,1.35051,1.00,5.25
2013.11.25 17:20:20.606,1.35049,1.35051,1.00,7.50
2013.11.25 17:20:21.688,1.35049,1.35051,1.00,5.25
2013.11.25 17:20:21.991,1.35043,1.35048,3.00,12.23
2013.11.25 17:20:22.143,1.3504,1.35044,12.60,4.20
2013.11.25 17:20:22.651,1.35042,1.35044,1.13,3.15
2013.11.25 17:20:23.155,1.35042,1.35044,6.32,1.00
2013.11.25 17:20:23.524,1.35048,1.3505,3.98,6.38
2013.11.25 17:20:23.625,1.3505,1.35052,5.63,1.15
2013.11.25 17:20:23.777,1.3505,1.35053,11.13,1.50
2013.11.25 17:20:24.180,1.35051,1.35055,3.00,1.28
2013.11.25 17:20:26.839,1.35054,1.35055,1.00,1.28
2013.11.25 17:20:27.142,1.35056,1.35058,2.86,1.00
2013.11.25 17:20:27.511,1.35058,1.35059,1.00,2.40
2013.11.25 17:20:28.015,1.35057,1.35059,2.25,2.25
2013.11.25 17:20:28.582,1.35058,1.3506,1.00,5.25
2013.11.25 17:20:31.566,1.35059,1.35061,1.00,2.67
2013.11.25 17:20:32.078,1.35059,1.3506,1.13,5.25
2013.11.25 17:20:32.890,1.35059,1.35061,1.00,2.67
2013.11.25 17:20:33.408,1.35059,1.35061,1.00,4.50
2013.11.25 17:20:39.946,1.35059,1.3506,2.25,5.25
2013.11.25 17:20:43.713,1.35058,1.3506,5.63,7.50
2013.11.25 17:20:44.221,1.35059,1.3506,1.13,5.25
2013.11.25 17:20:44.746,1.35058,1.3506,4.88,7.50
2013.11.25 17:20:46.036,1.35058,1.35061,6.00,1.84
2013.11.25 17:20:48.714,1.35058,1.35059,1.00,4.50
2013.11.25 17:20:48.820,1.35055,1.35058,2.40,6.00
2013.11.25 17:20:49.327,1.35053,1.35055,1.65,5.25
2013.11.25 17:20:51.672,1.35053,1.35054,1.20,4.73
2013.11.25 17:20:52.076,1.35052,1.35053,2.25,1.13
2013.11.25 17:20:52.189,1.3505,1.35053,5.25,3.75
2013.11.25 17:20:52.715,1.3505,1.35052,1.50,4.09
2013.11.25 17:20:53.259,1.35049,1.3505,1.00,4.50
2013.11.25 17:20:54.753,1.35047,1.3505,2.03,7.50
2013.11.25 17:20:54.904,1.35046,1.35047,1.13,2.25
2013.11.25 17:20:55.409,1.35046,1.35048,1.88,1.13
2013.11.25 17:20:55.931,1.35046,1.35049,1.13,2.97
2013.11.25 17:20:56.438,1.35047,1.35048,1.00,1.00
2013.11.25 17:20:57.886,1.35047,1.35049,1.00,1.20
2013.11.25 17:20:58.198,1.35048,1.3505,1.00,6.38
2013.11.25 17:20:59.713,1.35049,1.3505,1.13,1.00
2013.11.25 17:21:00.123,1.35048,1.3505,8.82,1.13
2013.11.25 17:21:04.555,1.3505,1.35051,1.13,1.88
2013.11.25 17:21:05.224,1.35048,1.3505,4.28,5.63
2013.11.25 17:21:06.984,1.35049,1.3505,1.88,5.25
2013.11.25 17:21:08.789,1.35048,1.3505,3.53,7.50
2013.11.25 17:21:10.219,1.35049,1.3505,1.88,1.00
2013.11.25 17:21:18.707,1.35049,1.35051,3.38,3.00
2013.11.25 17:21:25.690,1.35049,1.35051,3.00,2.25
2013.11.25 17:21:26.202,1.3505,1.35052,2.25,3.00
2013.11.25 17:21:27.026,1.3505,1.35051,2.25,2.25
2013.11.25 17:21:30.680,1.35049,1.35051,7.50,1.13
2013.11.25 17:21:31.192,1.35048,1.3505,3.00,8.13
2013.11.25 17:21:36.531,1.35048,1.3505,4.50,9.00
2013.11.25 17:21:37.036,1.35047,1.35049,1.50,4.65
2013.11.25 17:21:37.338,1.35046,1.35047,1.00,1.50
2013.11.25 17:21:37.439,1.35044,1.35046,7.69,2.25
2013.11.25 17:21:38.044,1.35043,1.35045,6.23,2.13
2013.11.25 17:21:40.085,1.35045,1.35046,1.13,2.25
2013.11.25 17:21:40.590,1.35045,1.35047,5.63,1.58
2013.11.25 17:21:44.556,1.35045,1.35047,1.13,3.53
2013.11.25 17:21:45.089,1.35045,1.35047,1.13,5.03
2013.11.25 17:21:45.926,1.35044,1.35046,1.00,5.25
2013.11.25 17:21:46.434,1.35044,1.35046,1.38,3.38
2013.11.25 17:21:46.954,1.35045,1.35047,3.38,3.53
2013.11.25 17:21:49.616,1.35046,1.35048,1.50,4.69
2013.11.25 17:21:49.935,1.3505,1.35052,10.50,1.88
2013.11.25 17:21:50.189,1.3505,1.35059,8.63,2.25
2013.11.25 17:21:50.291,1.35059,1.3506,1.50,2.25
2013.11.25 17:21:50.594,1.3506,1.35061,1.88,2.25
2013.11.25 17:21:50.745,1.3506,1.35062,2.63,3.08
2013.11.25 17:21:51.881,1.3506,1.35061,2.63,2.25
2013.11.25 17:21:53.570,1.3506,1.35062,2.63,3.83
2013.11.25 17:21:58.659,1.35061,1.35062,1.00,2.33
2013.11.25 17:21:59.176,1.35061,1.35063,3.00,2.44
2013.11.25 17:22:00.427,1.3506,1.35062,7.65,1.00
2013.11.25 17:22:00.960,1.35061,1.35063,3.75,1.69
2013.11.25 17:22:02.261,1.35061,1.35062,1.50,1.00
2013.11.25 17:22:03.144,1.3506,1.35062,9.53,1.00
2013.11.25 17:22:04.721,1.35061,1.35062,1.50,1.00
2013.11.25 17:22:05.231,1.3506,1.35062,3.15,3.25
2013.11.25 17:22:07.104,1.35061,1.35063,1.50,3.00
2013.11.25 17:22:07.308,1.35062,1.35063,1.50,1.00
2013.11.25 17:22:08.013,1.35062,1.35064,1.50,2.22
2013.11.25 17:22:10.073,1.35062,1.35063,1.50,1.00
2013.11.25 17:22:16.662,1.35061,1.35062,1.50,2.25
2013.11.25 17:22:16.763,1.35061,1.35062,1.00,3.94
2013.11.25 17:22:16.865,1.35056,1.35061,4.88,18.32
2013.11.25 17:22:16.916,1.35057,1.35058,4.13,1.30
2013.11.25 17:22:16.967,1.35052,1.35056,11.70,11.58
2013.11.25 17:22:17.371,1.35052,1.35054,8.88,1.32
2013.11.25 17:22:17.472,1.35052,1.35054,7.88,3.75
2013.11.25 17:22:17.674,1.35054,1.35058,1.50,2.25
2013.11.25 17:22:17.775,1.35058,1.35059,2.78,2.25
2013.11.25 17:22:17.875,1.35055,1.35059,4.88,8.25
2013.11.25 17:22:18.184,1.35053,1.35056,2.03,7.13
2013.11.25 17:22:19.355,1.35053,1.35055,1.13,6.75
2013.11.25 17:22:20.669,1.35053,1.35055,1.28,4.50
2013.11.25 17:22:21.276,1.35055,1.35056,1.50,1.00
2013.11.25 17:22:21.327,1.35055,1.35057,3.75,2.44
2013.11.25 17:22:21.479,1.35055,1.35057,3.23,1.32
2013.11.25 17:22:21.832,1.35056,1.35058,1.28,1.00
2013.11.25 17:22:23.229,1.35057,1.35058,1.00,1.20
2013.11.25 17:22:23.734,1.35058,1.3506,2.07,2.85
2013.11.25 17:22:23.835,1.35059,1.35061,1.50,2.70
2013.11.25 17:22:23.886,1.35059,1.35061,1.73,1.00
2013.11.25 17:22:24.412,1.3506,1.35061,1.88,1.20
2013.11.25 17:22:25.685,1.3506,1.35062,2.88,2.25
2013.11.25 17:22:27.664,1.3506,1.35061,2.25,3.15
2013.11.25 17:22:29.374,1.35055,1.3506,12.60,20.63
2013.11.25 17:22:29.424,1.35056,1.35057,1.00,2.25
2013.11.25 17:22:29.477,1.35053,1.35056,1.13,4.50
2013.11.25 17:22:29.679,1.35052,1.35054,1.88,1.00
2013.11.25 17:22:32.267,1.35051,1.35054,1.50,1.15
2013.11.25 17:22:34.784,1.35053,1.35055,1.00,4.54
2013.11.25 17:22:34.886,1.35053,1.35055,1.00,2.82
2013.11.25 17:22:35.509,1.35054,1.35055,1.00,2.07
2013.11.25 17:22:36.380,1.35054,1.35057,1.00,2.97
2013.11.25 17:22:47.722,1.35054,1.35057,1.38,1.15
2013.11.25 17:22:48.227,1.35056,1.35057,1.00,1.00
2013.11.25 17:23:04.314,1.35055,1.35057,1.00,1.15
2013.11.25 17:23:04.826,1.35055,1.35058,1.00,3.34
2013.11.25 17:23:05.433,1.35055,1.35057,1.13,1.00
2013.11.25 17:23:05.956,1.35055,1.35057,1.13,1.15
2013.11.25 17:23:10.351,1.35056,1.35057,1.13,1.00
2013.11.25 17:23:27.176,1.35055,1.35058,1.13,6.38
2013.11.25 17:23:34.647,1.35056,1.3506,1.50,26.25
2013.11.25 17:23:34.953,1.35058,1.35063,7.35,7.50
2013.11.25 17:23:35.054,1.35057,1.35061,3.53,2.25
2013.11.25 17:23:35.458,1.35061,1.35065,9.45,1.20
2013.11.25 17:23:35.509,1.35061,1.35064,1.95,1.00
2013.11.25 17:23:35.609,1.35062,1.35065,3.75,1.20
2013.11.25 17:23:36.133,1.35062,1.35064,2.25,1.00
2013.11.25 17:23:38.750,1.35063,1.35065,1.00,8.97
2013.11.25 17:23:46.306,1.35063,1.35064,1.00,2.25
2013.11.25 17:23:46.823,1.35063,1.35065,1.38,6.90
2013.11.25 17:23:48.407,1.35063,1.35065,1.13,6.90
2013.11.25 17:23:48.915,1.35062,1.35064,1.38,3.00
2013.11.25 17:23:49.559,1.35062,1.35064,1.00,2.25
2013.11.25 17:23:50.154,1.35062,1.35064,1.38,3.00
2013.11.25 17:23:57.300,1.35062,1.35064,1.00,3.00
2013.11.25 17:23:57.996,1.35062,1.35063,1.00,2.25
2013.11.25 17:23:58.098,1.3506,1.35062,6.38,1.00
2013.11.25 17:23:58.249,1.35058,1.3506,1.20,14.63
2013.11.25 17:23:58.754,1.35059,1.3506,5.44,1.00
2013.11.25 17:23:59.258,1.35059,1.35061,4.13,1.00
2013.11.25 17:24:01.029,1.3506,1.35062,1.50,3.08
2013.11.25 17:24:01.081,1.35061,1.35062,2.25,3.08
2013.11.25 17:24:01.669,1.35061,1.35063,4.88,1.50
2013.11.25 17:24:02.554,1.35061,1.35062,2.63,1.00
2013.11.25 17:24:07.502,1.3506,1.35061,3.53,1.00
2013.11.25 17:24:07.706,1.35059,1.3506,3.00,6.83
2013.11.25 17:24:07.757,1.35059,1.3506,3.00,4.58
2013.11.25 17:24:08.111,1.3506,1.35062,1.38,3.90
2013.11.25 17:24:08.574,1.35061,1.35062,2.63,1.20
2013.11.25 17:24:09.210,1.3506,1.35062,4.13,2.40
2013.11.25 17:24:09.578,1.35059,1.35061,3.94,3.00
2013.11.25 17:24:10.079,1.35058,1.3506,4.13,5.50
2013.11.25 17:24:10.904,1.35059,1.35061,1.38,2.25
2013.11.25 17:24:11.697,1.35058,1.35061,10.50,3.25
2013.11.25 17:24:12.154,1.3506,1.35062,1.50,2.25
2013.11.25 17:24:13.387,1.3506,1.35061,1.05,2.44
2013.11.25 17:24:13.438,1.35058,1.3506,1.50,3.00
2013.11.25 17:24:13.539,1.35057,1.35058,1.00,1.50
2013.11.25 17:24:13.944,1.35053,1.35058,2.63,8.03
2013.11.25 17:24:14.101,1.35053,1.35055,1.88,1.00
2013.11.25 17:24:14.253,1.35054,1.35058,4.13,2.63
2013.11.25 17:24:14.455,1.35054,1.35057,1.88,3.75
2013.11.25 17:24:14.506,1.35053,1.35056,5.25,1.88
2013.11.25 17:24:15.081,1.35054,1.35055,1.00,2.25
2013.11.25 17:24:29.124,1.35053,1.35055,4.73,2.50
2013.11.25 17:24:33.654,1.35053,1.35054,1.13,1.50
2013.11.25 17:24:34.397,1.35052,1.35053,3.38,1.00
2013.11.25 17:24:34.447,1.35049,1.35053,8.85,1.50
2013.11.25 17:24:34.599,1.35048,1.35049,1.50,2.33
2013.11.25 17:24:34.700,1.35045,1.35049,1.13,3.53
2013.11.25 17:24:34.751,1.35044,1.35049,7.35,4.50
2013.11.25 17:24:35.255,1.35044,1.35047,3.38,1.65
2013.11.25 17:24:35.708,1.35046,1.35048,1.73,1.00
2013.11.25 17:24:36.013,1.35049,1.3505,1.00,1.00
2013.11.25 17:24:36.713,1.35049,1.3505,1.00,1.50
2013.11.25 17:24:37.425,1.35048,1.3505,5.78,3.00
2013.11.25 17:24:37.786,1.35049,1.35051,1.38,1.50
2013.11.25 17:24:39.023,1.3505,1.35051,2.85,1.50
2013.11.25 17:24:39.326,1.35052,1.35055,3.79,2.63
2013.11.25 17:24:39.830,1.35053,1.35055,2.78,3.25
2013.11.25 17:24:40.263,1.35054,1.35055,3.23,1.50
2013.11.25 17:24:40.717,1.35054,1.35056,1.13,1.88
2013.11.25 17:24:41.240,1.35053,1.35055,1.65,2.25
2013.11.25 17:24:50.504,1.35054,1.3506,4.50,27.75
2013.11.25 17:24:50.605,1.35052,1.35056,2.63,7.65
2013.11.25 17:24:51.134,1.35052,1.35055,3.00,1.50
2013.11.25 17:24:53.348,1.35053,1.35055,2.48,1.50
2013.11.25 17:24:53.601,1.35056,1.35059,2.10,5.63
2013.11.25 17:24:55.391,1.35057,1.35058,3.94,1.00
2013.11.25 17:24:55.694,1.35058,1.3506,1.50,3.75
2013.11.25 17:24:56.097,1.35059,1.35061,4.17,5.78
2013.11.25 17:24:56.551,1.3506,1.35063,7.88,4.13
2013.11.25 17:25:00.366,1.35059,1.35062,7.13,1.00
2013.11.25 17:25:02.239,1.3506,1.35062,4.65,1.00
2013.11.25 17:25:03.944,1.3506,1.35063,2.78,4.50
2013.11.25 17:25:04.247,1.35057,1.35059,2.63,1.50
2013.11.25 17:25:04.399,1.35057,1.35058,2.63,1.50
2013.11.25 17:25:09.312,1.35055,1.35059,11.48,1.13
2013.11.25 17:25:09.665,1.35057,1.35058,2.03,1.00
2013.11.25 17:25:10.168,1.35057,1.35058,3.53,1.00
2013.11.25 17:25:11.289,1.35057,1.35059,1.58,1.10
2013.11.25 17:25:11.878,1.35056,1.35058,3.60,4.50
2013.11.25 17:25:12.633,1.35056,1.35058,1.73,4.00
2013.11.25 17:25:15.694,1.35056,1.35058,2.10,3.00
2013.11.25 17:25:21.016,1.35056,1.35057,2.48,2.25
2013.11.25 17:25:30.158,1.35055,1.35057,4.65,2.25
2013.11.25 17:25:40.335,1.35054,1.35057,5.03,2.25
2013.11.25 17:25:40.757,1.35057,1.35058,1.92,1.28
2013.11.25 17:25:41.110,1.35057,1.35059,4.92,1.00
2013.11.25 17:25:41.463,1.35057,1.35059,3.79,4.28
2013.11.25 17:25:41.967,1.35057,1.35058,2.48,1.00
2013.11.25 17:25:42.483,1.35056,1.35058,3.75,3.25
2013.11.25 17:25:45.499,1.35057,1.35059,3.60,1.65
2013.11.25 17:25:45.751,1.35058,1.35061,2.18,2.25
2013.11.25 17:25:46.294,1.35059,1.3506,1.00,4.50
2013.11.25 17:25:46.799,1.3506,1.35063,6.15,3.00
2013.11.25 17:25:47.455,1.35061,1.35063,1.50,1.00
2013.11.25 17:25:47.757,1.35061,1.35062,1.88,1.00
2013.11.25 17:25:50.374,1.3506,1.35062,5.25,1.00
2013.11.25 17:25:53.098,1.35061,1.35062,1.13,1.00
2013.11.25 17:25:54.548,1.3506,1.35062,5.63,1.00
2013.11.25 17:25:56.766,1.35061,1.35062,1.00,1.00
2013.11.25 17:25:58.645,1.35059,1.35062,3.75,1.00
2013.11.25 17:26:04.519,1.3506,1.35062,4.35,1.20
2013.11.25 17:26:05.063,1.35061,1.35062,1.00,1.20
2013.11.25 17:26:07.735,1.3506,1.35062,3.98,1.20
2013.11.25 17:26:08.289,1.35059,1.35061,2.25,1.00
2013.11.25 17:26:11.016,1.3506,1.35062,4.35,1.20
2013.11.25 17:26:11.528,1.3506,1.35061,3.75,1.00
2013.11.25 17:26:13.075,1.3506,1.35061,3.75,1.00
2013.11.25 17:26:14.046,1.3506,1.35062,3.38,1.65
2013.11.25 17:26:15.520,1.35061,1.35062,1.13,1.50
2013.11.25 17:26:16.075,1.35061,1.35063,2.03,1.00
2013.11.25 17:26:16.328,1.35062,1.35065,3.38,5.63
2013.11.25 17:26:16.731,1.35062,1.35064,6.15,1.50
2013.11.25 17:26:17.234,1.35063,1.35064,2.25,1.50
2013.11.25 17:26:17.285,1.35061,1.35064,3.38,4.88
2013.11.25 17:26:17.789,1.35061,1.35063,3.75,1.00
2013.11.25 17:26:18.324,1.35061,1.35063,3.75,1.00
2013.11.25 17:26:18.778,1.35059,1.35062,7.32,4.58
2013.11.25 17:26:18.828,1.3506,1.35061,2.63,1.50
2013.11.25 17:26:19.332,1.35058,1.35061,1.58,1.00
2013.11.25 17:26:21.740,1.35057,1.35061,3.15,1.88
2013.11.25 17:26:22.278,1.35056,1.35059,9.60,1.00
2013.11.25 17:26:22.782,1.35056,1.35059,6.00,2.25
2013.11.25 17:26:22.883,1.35056,1.35059,3.15,2.25
2013.11.25 17:26:23.360,1.35056,1.35059,3.53,2.25
2013.11.25 17:26:23.512,1.35055,1.35057,2.63,4.50
2013.11.25 17:26:23.665,1.35054,1.35055,2.03,4.50
2013.11.25 17:26:24.201,1.35052,1.35055,2.85,4.50
2013.11.25 17:26:25.218,1.35052,1.35054,1.65,1.00
2013.11.25 17:26:25.952,1.35052,1.35054,2.03,1.00
2013.11.25 17:26:26.687,1.35052,1.35054,2.78,1.00
2013.11.25 17:26:27.296,1.35052,1.35054,5.03,1.00
2013.11.25 17:26:28.587,1.35052,1.35054,5.03,1.00
2013.11.25 17:26:33.673,1.35052,1.35053,2.03,2.25
2013.11.25 17:26:34.178,1.35051,1.35052,1.00,2.25
2013.11.25 17:26:39.662,1.35049,1.35052,3.53,3.25
2013.11.25 17:26:43.383,1.3505,1.35052,1.00,2.25
2013.11.25 17:26:43.585,1.35047,1.35049,3.53,3.38
2013.11.25 17:26:43.636,1.35046,1.35049,3.75,4.28
2013.11.25 17:26:43.737,1.35045,1.35046,4.28,1.13
2013.11.25 17:26:45.822,1.35045,1.35047,3.38,1.00
2013.11.25 17:26:45.872,1.35045,1.35048,8.93,1.00
2013.11.25 17:26:46.074,1.35048,1.3505,4.50,3.38
2013.11.25 17:26:46.578,1.35049,1.35051,3.75,2.03
2013.11.25 17:26:47.105,1.3505,1.35051,1.50,1.20
2013.11.25 17:26:49.389,1.3505,1.35052,4.73,1.00
2013.11.25 17:26:49.909,1.35051,1.35052,1.65,1.00
2013.11.25 17:26:50.630,1.3505,1.35052,8.63,1.38
2013.11.25 17:26:50.932,1.35051,1.35053,2.63,1.00
2013.11.25 17:26:51.589,1.35051,1.35052,2.48,1.00
2013.11.25 17:26:56.419,1.35049,1.35051,3.38,1.08
2013.11.25 17:26:56.570,1.35047,1.35049,1.00,1.00
2013.11.25 17:26:57.075,1.35046,1.35048,2.03,1.00
2013.11.25 17:26:58.186,1.35046,1.35047,1.20,1.00
2013.11.25 17:26:59.963,1.35045,1.35047,2.85,1.50
2013.11.25 17:27:01.137,1.35045,1.35047,2.48,2.25
2013.11.25 17:27:03.456,1.35045,1.35047,2.48,1.13
2013.11.25 17:27:09.757,1.35046,1.35049,3.23,3.75
2013.11.25 17:27:09.807,1.35047,1.35049,1.45,3.75
2013.11.25 17:27:09.858,1.35049,1.35052,4.50,2.40
2013.11.25 17:27:09.909,1.3505,1.35052,2.25,2.40
2013.11.25 17:27:10.010,1.35049,1.3505,2.82,6.00
2013.11.25 17:27:14.407,1.35047,1.35049,2.03,1.00
2013.11.25 17:27:14.911,1.35046,1.35048,2.40,1.00
2013.11.25 17:27:15.415,1.35045,1.35048,4.13,1.50
2013.11.25 17:27:15.976,1.35045,1.35048,3.75,3.00
2013.11.25 17:27:18.149,1.35047,1.35048,2.25,1.13
2013.11.25 17:27:18.401,1.35048,1.3505,1.00,3.15
2013.11.25 17:27:18.905,1.35048,1.3505,4.88,2.78
2013.11.25 17:27:19.409,1.35049,1.3505,2.25,2.33
2013.11.25 17:27:19.711,1.35051,1.35054,4.00,2.78
2013.11.25 17:27:19.914,1.35053,1.35054,1.00,1.20
2013.11.25 17:27:20.444,1.35054,1.35055,2.25,2.25
2013.11.25 17:27:20.948,1.35054,1.35056,6.75,1.13
2013.11.25 17:27:21.453,1.35055,1.35057,6.00,1.20
2013.11.25 17:27:21.807,1.35054,1.35055,3.75,1.50
2013.11.25 17:27:25.180,1.35053,1.35055,2.78,1.00
2013.11.25 17:27:27.704,1.35054,1.35055,2.25,1.50
2013.11.25 17:27:31.214,1.35053,1.35055,5.03,1.00
2013.11.25 17:27:33.169,1.35054,1.35056,3.25,1.00
2013.11.25 17:27:33.899,1.35054,1.35057,5.25,2.03
2013.11.25 17:27:34.404,1.35055,1.35057,9.00,1.65
2013.11.25 17:27:35.717,1.35056,1.35058,5.85,1.13
2013.11.25 17:27:35.768,1.35057,1.35058,2.10,1.88
2013.11.25 17:27:36.226,1.35058,1.35061,4.51,5.25
2013.11.25 17:27:36.529,1.3506,1.35063,11.10,3.75
2013.11.25 17:27:36.832,1.35063,1.35065,1.50,2.63
2013.11.25 17:27:37.350,1.35064,1.35065,3.00,1.00
2013.11.25 17:27:38.163,1.35063,1.35065,5.25,1.50
2013.11.25 17:27:40.393,1.35064,1.35067,3.25,4.28
2013.11.25 17:27:44.381,1.35066,1.35067,3.00,1.88
2013.11.25 17:27:44.432,1.35067,1.3507,3.25,8.48
2013.11.25 17:27:44.837,1.35069,1.3507,2.25,1.65
2013.11.25 17:27:45.704,1.35068,1.3507,3.38,2.40
2013.11.25 17:27:45.906,1.35067,1.35069,3.75,1.08
2013.11.25 17:27:46.410,1.35067,1.35069,4.50,1.15
2013.11.25 17:27:49.259,1.35066,1.35068,6.00,1.20
2013.11.25 17:27:49.613,1.35065,1.35068,9.73,3.90
2013.11.25 17:27:49.959,1.35065,1.35067,1.50,5.25
2013.11.25 17:27:50.647,1.35065,1.35067,2.25,3.75
2013.11.25 17:27:51.519,1.35065,1.35068,3.00,1.65
2013.11.25 17:27:52.024,1.35066,1.35068,1.84,1.00
2013.11.25 17:27:52.561,1.35066,1.35069,2.59,1.50
2013.11.25 17:27:53.065,1.35067,1.35068,1.32,1.00
2013.11.25 17:27:53.569,1.35067,1.35069,5.44,1.00
2013.11.25 17:27:53.771,1.35068,1.3507,1.77,1.58
2013.11.25 17:27:54.274,1.35069,1.35071,1.00,3.94
2013.11.25 17:27:55.703,1.35069,1.35071,1.00,3.94
2013.11.25 17:27:57.035,1.35068,1.3507,3.38,2.65
2013.11.25 17:27:57.589,1.35069,1.35071,1.00,3.94
2013.11.25 17:27:57.892,1.35071,1.35074,4.69,3.83
2013.11.25 17:27:58.005,1.35071,1.35073,5.29,1.50
2013.11.25 17:27:59.123,1.35072,1.35073,2.25,1.00
2013.11.25 17:28:04.009,1.35072,1.35074,2.25,1.13
2013.11.25 17:28:04.675,1.35072,1.35073,2.25,1.00
2013.11.25 17:28:07.867,1.35073,1.35074,2.25,1.00
2013.11.25 17:28:09.804,1.35072,1.35073,3.38,1.00
2013.11.25 17:28:10.337,1.35073,1.35074,2.25,1.00
2013.11.25 17:28:10.842,1.35072,1.35074,1.88,4.28
2013.11.25 17:28:16.708,1.35071,1.35073,5.40,1.00
2013.11.25 17:28:17.162,1.35069,1.35071,2.82,5.73
2013.11.25 17:28:17.766,1.3507,1.35072,10.28,1.00
2013.11.25 17:28:18.270,1.35071,1.35074,3.83,3.83
2013.11.25 17:28:18.623,1.35071,1.35073,2.63,1.00
2013.11.25 17:28:19.309,1.35072,1.35074,1.58,2.25
2013.11.25 17:28:19.814,1.35073,1.35075,1.00,10.13
2013.11.25 17:28:20.596,1.35074,1.35075,1.00,10.13
2013.11.25 17:28:22.100,1.35072,1.35074,2.40,1.00
2013.11.25 17:28:23.991,1.35074,1.35075,3.38,1.88
2013.11.25 17:28:24.507,1.35074,1.35076,5.25,1.20
2013.11.25 17:28:39.395,1.35074,1.35075,1.65,5.25
2013.11.25 17:28:40.111,1.35074,1.35076,2.65,1.00
2013.11.25 17:28:42.535,1.35074,1.35075,1.65,5.25
2013.11.25 17:28:43.036,1.35074,1.35082,1.00,3.38
2013.11.25 17:28:44.353,1.35074,1.35075,4.13,3.00
2013.11.25 17:28:46.843,1.35074,1.35076,1.00,2.40
2013.11.25 17:28:47.347,1.35074,1.35075,3.90,1.00
2013.11.25 17:28:49.154,1.35075,1.35076,2.25,1.13
2013.11.25 17:28:49.827,1.35074,1.35075,4.28,1.00
2013.11.25 17:28:51.302,1.35075,1.35076,2.25,1.00
2013.11.25 17:28:52.425,1.35075,1.35076,4.50,1.00
2013.11.25 17:28:57.742,1.35074,1.35076,4.28,1.00
2013.11.25 17:29:05.738,1.35075,1.35076,4.50,1.50
2013.11.25 17:29:08.339,1.35074,1.35076,4.13,1.50
2013.11.25 17:29:10.354,1.35075,1.35076,1.00,1.00
2013.11.25 17:29:12.332,1.35075,1.35077,1.00,4.65
2013.11.25 17:29:12.845,1.35075,1.35076,4.50,1.00
2013.11.25 17:29:13.366,1.35074,1.35076,4.13,1.00
2013.11.25 17:29:18.462,1.35073,1.35075,2.14,4.06
2013.11.25 17:29:18.615,1.35069,1.35074,1.00,9.98
2013.11.25 17:29:18.918,1.35066,1.35068,1.50,1.13
2013.11.25 17:29:19.752,1.35065,1.35067,2.40,2.25
2013.11.25 17:29:20.246,1.35064,1.35066,3.75,2.07
2013.11.25 17:29:23.340,1.35065,1.35066,1.00,1.32
2013.11.25 17:29:26.306,1.35064,1.35065,1.00,1.13
2013.11.25 17:29:26.407,1.35063,1.35065,1.65,1.13
2013.11.25 17:29:30.255,1.35062,1.35065,4.88,1.65
2013.11.25 17:29:31.536,1.35063,1.35065,1.00,2.40
2013.11.25 17:29:38.225,1.35063,1.35065,3.03,2.63
2013.11.25 17:29:38.276,1.35061,1.35064,4.13,3.00
2013.11.25 17:29:38.327,1.35059,1.35062,1.00,6.82
2013.11.25 17:29:38.479,1.35059,1.3506,1.00,6.45
2013.11.25 17:29:38.582,1.35057,1.3506,1.88,14.71
2013.11.25 17:29:38.986,1.35058,1.3506,3.75,7.65
2013.11.25 17:29:39.894,1.35058,1.35059,1.50,1.00
2013.11.25 17:29:40.398,1.35056,1.35059,1.75,1.50
2013.11.25 17:29:40.912,1.35057,1.35059,3.38,1.00
2013.11.25 17:29:41.445,1.35057,1.35059,3.00,1.15
2013.11.25 17:29:45.476,1.35057,1.35059,3.38,2.40
2013.11.25 17:29:47.112,1.35057,1.35059,1.00,6.75
2013.11.25 17:30:01.866,1.35056,1.35059,1.88,5.40
2013.11.25 17:30:02.370,1.35057,1.35059,1.00,4.65
2013.11.25 17:30:03.022,1.35056,1.35059,1.88,6.53
2013.11.25 17:30:03.274,1.35057,1.35059,1.00,5.63
2013.11.25 17:30:04.129,1.35058,1.3506,2.13,12.32
2013.11.25 17:30:13.765,1.35056,1.3506,1.50,5.63
2013.11.25 17:30:14.076,1.35059,1.35062,7.50,1.00
2013.11.25 17:30:14.126,1.35059,1.35062,6.75,5.63
2013.11.25 17:30:14.581,1.35061,1.35063,2.88,2.25
2013.11.25 17:30:14.632,1.35062,1.35063,1.00,1.00
2013.11.25 17:30:14.784,1.35063,1.35065,3.25,4.88
2013.11.25 17:30:15.441,1.35062,1.35065,4.50,5.03
2013.11.25 17:30:15.916,1.35064,1.35065,3.00,3.00
2013.11.25 17:30:16.449,1.35064,1.35066,6.75,1.47
2013.11.25 17:30:19.407,1.35065,1.35067,9.75,1.00
2013.11.25 17:30:19.508,1.35066,1.35068,5.25,3.90
2013.11.25 17:30:19.962,1.35068,1.3507,4.00,4.65
2013.11.25 17:30:20.500,1.35067,1.35069,3.38,1.15
2013.11.25 17:30:23.714,1.35068,1.3507,4.50,5.85
2013.11.25 17:30:28.920,1.35069,1.3507,2.25,5.40
2013.11.25 17:30:33.075,1.35068,1.35069,4.50,1.50
2013.11.25 17:30:33.580,1.35067,1.35069,5.25,2.40
2013.11.25 17:30:36.097,1.35068,1.35069,1.50,2.25
2013.11.25 17:30:36.783,1.35067,1.35068,2.25,1.00
2013.11.25 17:30:38.733,1.35067,1.35068,3.00,1.00
2013.11.25 17:30:39.767,1.35068,1.35069,1.00,1.50
2013.11.25 17:30:40.493,1.35067,1.35068,1.00,1.00
2013.11.25 17:30:44.794,1.35068,1.35069,1.00,3.75
2013.11.25 17:30:45.298,1.35068,1.35069,1.50,2.25
2013.11.25 17:30:53.787,1.35067,1.35068,3.00,1.00
2013.11.25 17:30:54.391,1.35068,1.3507,1.00,13.28
2013.11.25 17:31:04.922,1.35068,1.35069,1.50,2.25
2013.11.25 17:31:05.449,1.35068,1.3507,1.00,15.53
2013.11.25 17:31:08.237,1.35068,1.35069,3.00,2.25
2013.11.25 17:31:08.642,1.35071,1.35073,3.90,1.88
2013.11.25 17:31:09.147,1.35072,1.35074,2.25,1.50
2013.11.25 17:31:09.651,1.35073,1.35074,1.50,1.00
2013.11.25 17:31:10.902,1.35074,1.35075,1.00,5.40
2013.11.25 17:31:11.692,1.35073,1.35075,3.75,4.28
2013.11.25 17:31:11.793,1.35073,1.35074,2.11,1.00
2013.11.25 17:31:12.296,1.35074,1.35075,1.50,1.88
2013.11.25 17:31:13.585,1.35073,1.35074,2.40,2.25
2013.11.25 17:31:14.605,1.35072,1.35074,1.50,3.75
2013.11.25 17:31:14.706,1.35068,1.35071,6.53,7.88
2013.11.25 17:31:15.209,1.35068,1.35069,5.63,1.00
2013.11.25 17:31:17.475,1.35067,1.35068,2.63,1.00
2013.11.25 17:31:18.056,1.35067,1.35068,1.50,1.50
2013.11.25 17:31:19.097,1.35067,1.35069,4.88,3.00
2013.11.25 17:31:19.148,1.35068,1.35075,2.25,15.38
2013.11.25 17:31:19.371,1.35076,1.35083,23.11,1.50
2013.11.25 17:31:19.472,1.35082,1.35084,2.33,1.50
2013.11.25 17:31:20.957,1.35083,1.3509,3.90,3.75
2013.11.25 17:31:21.487,1.35082,1.35084,1.00,2.13
2013.11.25 17:31:21.998,1.35083,1.35084,3.90,1.13
2013.11.25 17:31:22.502,1.35081,1.35084,4.35,4.51
2013.11.25 17:31:23.163,1.35081,1.35084,4.35,4.51
2013.11.25 17:31:23.667,1.35082,1.35083,1.50,1.13
2013.11.25 17:31:25.509,1.35083,1.35085,7.65,1.00
2013.11.25 17:31:25.559,1.35084,1.35085,3.75,1.50
2013.11.25 17:31:27.749,1.35084,1.35087,5.50,3.90
2013.11.25 17:31:31.057,1.35085,1.35086,1.00,1.88
2013.11.25 17:31:31.597,1.35085,1.35086,2.25,1.13
2013.11.25 17:31:33.199,1.35086,1.35087,3.75,1.88
2013.11.25 17:31:33.452,1.35087,1.35089,4.75,4.65
2013.11.25 17:31:33.755,1.35093,1.35095,1.35,4.50
2013.11.25 17:31:34.058,1.35091,1.35094,3.23,3.83
2013.11.25 17:31:34.280,1.35087,1.35091,3.00,14.40
2013.11.25 17:31:34.381,1.35089,1.35091,10.88,3.00
2013.11.25 17:31:34.886,1.35088,1.3509,4.20,10.20
2013.11.25 17:31:35.390,1.35088,1.35089,3.38,1.50
2013.11.25 17:31:35.926,1.35088,1.35089,1.13,1.50
2013.11.25 17:31:36.533,1.35088,1.35089,1.13,1.50
2013.11.25 17:31:37.288,1.35087,1.35089,2.63,4.50
2013.11.25 17:31:37.691,1.35085,1.35088,8.25,5.25
2013.11.25 17:31:37.944,1.35082,1.35085,9.53,8.67
2013.11.25 17:31:37.995,1.35079,1.35082,5.25,2.88
2013.11.25 17:31:38.097,1.35079,1.35081,4.50,3.63
2013.11.25 17:31:38.356,1.3508,1.35083,9.26,2.63
2013.11.25 17:31:38.458,1.35082,1.35084,1.88,5.10
2013.11.25 17:31:38.610,1.35083,1.35085,3.08,2.33
2013.11.25 17:31:39.122,1.35084,1.35085,4.28,2.25
2013.11.25 17:31:41.316,1.35085,1.35086,1.00,1.50
2013.11.25 17:31:43.788,1.35085,1.35086,2.25,1.00
2013.11.25 17:31:50.391,1.35085,1.35087,7.50,3.00
2013.11.25 17:31:50.915,1.35085,1.35087,1.50,5.25
2013.11.25 17:31:51.428,1.35086,1.35087,1.50,4.13
2013.11.25 17:31:52.911,1.35085,1.35087,2.25,5.63
2013.11.25 17:31:53.415,1.35085,1.35087,3.00,6.38
2013.11.25 17:31:53.965,1.35085,1.35087,3.00,5.25
2013.11.25 17:31:55.212,1.35085,1.35087,3.00,5.25
2013.11.25 17:31:55.747,1.35085,1.35086,2.25,2.63
2013.11.25 17:31:59.202,1.35085,1.35086,2.25,1.13
2013.11.25 17:31:59.872,1.35085,1.35087,2.65,4.13
2013.11.25 17:32:01.043,1.35086,1.35087,1.50,4.13
2013.11.25 17:32:01.903,1.35085,1.35087,1.65,4.13
2013.11.25 17:32:03.391,1.35084,1.35086,2.63,1.00
2013.11.25 17:32:03.896,1.35084,1.35086,2.25,2.50
2013.11.25 17:32:05.282,1.35085,1.35086,2.40,4.88
2013.11.25 17:32:05.803,1.35083,1.35086,4.33,7.13
2013.11.25 17:32:06.867,1.35081,1.35083,3.98,2.63
2013.11.25 17:32:07.430,1.35076,1.35078,3.00,1.00
2013.11.25 17:32:07.983,1.35077,1.35078,3.00,1.13
2013.11.25 17:32:09.653,1.35077,1.35079,3.98,4.58
2013.11.25 17:32:09.805,1.35081,1.35082,3.00,1.00
2013.11.25 17:32:10.108,1.35079,1.3508,2.25,4.13
2013.11.25 17:32:10.209,1.35077,1.35079,1.50,1.65
2013.11.25 17:32:12.485,1.35076,1.35078,2.25,1.00
2013.11.25 17:32:23.139,1.35077,1.35078,1.50,2.25
2013.11.25 17:32:23.643,1.35078,1.35079,1.00,3.90
2013.11.25 17:32:25.518,1.35078,1.35079,1.00,2.78
2013.11.25 17:32:26.022,1.35077,1.35079,3.75,2.40
2013.11.25 17:32:26.388,1.35078,1.3508,2.25,10.88
2013.11.25 17:32:26.945,1.35078,1.35079,3.00,2.40
2013.11.25 17:32:27.474,1.35077,1.35079,2.25,2.03
2013.11.25 17:32:28.928,1.35077,1.35078,1.50,1.00
2013.11.25 17:32:29.476,1.35076,1.35078,2.25,3.00
2013.11.25 17:32:30.213,1.35076,1.35078,2.25,2.63
2013.11.25 17:32:32.066,1.35077,1.35079,3.00,5.25
2013.11.25 17:32:32.575,1.35077,1.35078,2.25,1.00
2013.11.25 17:32:34.180,1.35076,1.35078,2.40,1.00
2013.11.25 17:32:36.918,1.35076,1.35078,2.03,1.13
2013.11.25 17:32:40.133,1.35077,1.35078,1.50,1.00
2013.11.25 17:33:08.041,1.35076,1.35077,3.15,1.00
2013.11.25 17:33:08.565,1.35075,1.35077,1.50,2.63
2013.11.25 17:33:10.036,1.35075,1.35077,2.25,2.63
2013.11.25 17:33:10.339,1.3507,1.35074,8.85,9.38
2013.11.25 17:33:10.390,1.35071,1.35072,1.50,11.18
2013.11.25 17:33:10.693,1.35067,1.35071,1.88,14.59
2013.11.25 17:33:11.124,1.35067,1.35068,4.88,1.50
2013.11.25 17:33:15.602,1.35068,1.35069,2.25,2.93
2013.11.25 17:33:19.242,1.35067,1.35068,4.50,1.50
2013.11.25 17:33:20.013,1.35068,1.35069,2.25,2.93
2013.11.25 17:33:20.534,1.35067,1.35068,4.50,1.50
2013.11.25 17:33:22.961,1.35068,1.35069,2.25,2.18
2013.11.25 17:33:23.472,1.35069,1.35071,3.00,1.88
2013.11.25 17:33:23.774,1.35071,1.35073,1.20,3.00
2013.11.25 17:33:24.098,1.35072,1.35074,2.40,3.75
2013.11.25 17:33:24.351,1.35074,1.35078,6.82,3.98
2013.11.25 17:33:24.401,1.35076,1.35078,1.32,7.05
2013.11.25 17:33:24.502,1.35077,1.35079,2.25,1.28
2013.11.25 17:33:24.604,1.35077,1.35079,1.00,3.15
2013.11.25 17:33:25.007,1.35077,1.35079,7.58,1.58
2013.11.25 17:33:25.210,1.35079,1.35081,4.88,3.15
2013.11.25 17:33:25.311,1.35081,1.35082,1.39,5.25
2013.11.25 17:33:25.513,1.35082,1.35084,1.00,3.75
2013.11.25 17:33:25.715,1.3508,1.35082,10.13,2.13
2013.11.25 17:33:25.766,1.3508,1.35081,3.75,1.88
2013.11.25 17:33:25.971,1.35079,1.3508,3.45,4.88
2013.11.25 17:33:26.493,1.35079,1.35081,6.53,1.88
2013.11.25 17:33:26.846,1.35081,1.35082,2.25,1.13
2013.11.25 17:33:27.199,1.35083,1.35084,1.50,1.50
2013.11.25 17:33:27.704,1.35082,1.35084,3.15,1.00
2013.11.25 17:33:33.711,1.35083,1.35084,2.63,1.00
2013.11.25 17:33:34.225,1.35084,1.35085,3.90,1.50
2013.11.25 17:33:42.328,1.35084,1.35085,1.65,1.13
2013.11.25 17:33:42.480,1.35081,1.35084,4.88,2.70
2013.11.25 17:33:42.581,1.35082,1.35084,1.88,1.00
2013.11.25 17:33:42.683,1.35084,1.35086,4.00,1.13
2013.11.25 17:33:43.187,1.35085,1.35087,3.00,1.65
2013.11.25 17:33:43.715,1.35086,1.35087,1.50,1.28
2013.11.25 17:33:44.221,1.35086,1.35087,1.50,1.28
2013.11.25 17:33:44.744,1.35085,1.35087,1.44,2.40
2013.11.25 17:33:45.264,1.35086,1.35087,1.44,1.20
2013.11.25 17:33:46.994,1.35086,1.35087,1.50,1.28
2013.11.25 17:33:47.197,1.35084,1.35085,1.00,2.25
2013.11.25 17:33:47.449,1.35084,1.35085,1.00,9.00
2013.11.25 17:33:47.651,1.35077,1.35079,5.03,2.25
2013.11.25 17:33:48.107,1.35075,1.35078,8.40,6.38
2013.11.25 17:33:48.611,1.35076,1.35077,2.25,1.13
2013.11.25 17:33:50.526,1.35075,1.35077,6.90,1.88
2013.11.25 17:33:52.192,1.35075,1.35076,6.15,1.50
2013.11.25 17:33:52.698,1.35074,1.35076,2.25,3.75
2013.11.25 17:33:53.227,1.35075,1.35076,2.25,3.38
2013.11.25 17:33:53.734,1.35075,1.35076,2.25,3.38
2013.11.25 17:33:56.146,1.35074,1.35075,2.25,13.50
2013.11.25 17:33:56.196,1.3507,1.35074,1.53,9.00
2013.11.25 17:33:56.615,1.35067,1.35069,3.00,18.15
2013.11.25 17:33:56.665,1.35066,1.35069,3.00,1.65
2013.11.25 17:33:57.181,1.35065,1.35066,3.75,2.25
2013.11.25 17:33:57.686,1.35065,1.35066,4.50,1.13
2013.11.25 17:33:59.253,1.35064,1.35066,1.48,1.58
2013.11.25 17:33:59.757,1.35064,1.35066,1.00,1.65
2013.11.25 17:34:00.538,1.35065,1.35066,4.50,2.25
2013.11.25 17:34:01.658,1.35065,1.35067,6.25,1.65
2013.11.25 17:34:03.270,1.35065,1.35066,5.25,1.88
2013.11.25 17:34:03.948,1.35065,1.35067,5.25,1.28
2013.11.25 17:34:04.151,1.35064,1.35066,3.00,2.25
2013.11.25 17:34:05.045,1.35065,1.35066,2.25,2.25
2013.11.25 17:34:06.491,1.35064,1.35065,1.00,2.25
2013.11.25 17:34:07.005,1.35064,1.35065,1.00,1.50
2013.11.25 17:34:08.724,1.35064,1.35065,2.25,2.25
2013.11.25 17:34:09.127,1.35059,1.35061,1.20,1.38
2013.11.25 17:34:09.178,1.35058,1.3506,3.75,1.00
2013.11.25 17:34:09.582,1.35056,1.35058,2.29,1.00
2013.11.25 17:34:09.683,1.35058,1.3506,1.00,6.15
2013.11.25 17:34:09.986,1.3506,1.35061,3.00,2.40
2013.11.25 17:34:10.490,1.3506,1.35061,4.50,3.15
2013.11.25 17:34:10.994,1.3506,1.35062,5.50,2.63
2013.11.25 17:34:11.582,1.35061,1.35063,3.60,4.50
2013.11.25 17:34:11.683,1.35062,1.35063,5.18,1.50
2013.11.25 17:34:12.136,1.35059,1.35064,2.25,1.88
2013.11.25 17:34:12.187,1.35059,1.35062,2.18,3.75
2013.11.25 17:34:12.238,1.35058,1.3506,2.25,3.75
2013.11.25 17:34:12.741,1.35057,1.35058,3.00,1.50
2013.11.25 17:34:13.296,1.35056,1.35058,3.00,3.75
2013.11.25 17:34:13.799,1.35057,1.35058,2.25,3.75
2013.11.25 17:34:15.391,1.35057,1.3506,4.50,17.12
2013.11.25 17:34:15.744,1.35063,1.35065,2.25,1.50
2013.11.25 17:34:15.901,1.3506,1.35065,16.88,4.50
2013.11.25 17:34:16.002,1.35063,1.35066,7.28,2.25
2013.11.25 17:34:16.506,1.35064,1.35066,2.25,1.00
2013.11.25 17:34:22.776,1.35063,1.35065,2.78,3.00
2013.11.25 17:34:26.197,1.35063,1.35065,1.00,5.40
2013.11.25 17:34:27.107,1.35062,1.35064,1.50,2.25
2013.11.25 17:34:27.348,1.3506,1.35064,9.18,1.50
2013.11.25 17:34:27.399,1.35061,1.35062,5.33,1.50
2013.11.25 17:34:27.500,1.35058,1.35061,1.13,10.94
2013.11.25 17:34:28.004,1.35057,1.35059,2.70,3.08
2013.11.25 17:34:28.256,1.35057,1.35058,1.00,1.50
2013.11.25 17:34:28.760,1.35056,1.35057,1.88,1.00
2013.11.25 17:34:29.812,1.35057,1.35058,1.00,1.50
2013.11.25 17:34:30.637,1.35057,1.35058,1.00,2.25
2013.11.25 17:34:33.167,1.35055,1.35057,2.03,1.00
2013.11.25 17:34:34.999,1.35055,1.35057,2.40,1.50
2013.11.25 17:34:35.503,1.35055,1.35056,1.20,3.00
2013.11.25 17:34:36.037,1.35054,1.35055,1.13,4.50
2013.11.25 17:34:36.358,1.35053,1.35055,2.03,6.00
2013.11.25 17:34:48.174,1.35054,1.35055,1.00,5.25
2013.11.25 17:34:49.728,1.35054,1.35056,3.25,3.38
2013.11.25 17:34:49.881,1.35055,1.35058,7.43,7.32
2013.11.25 17:34:50.135,1.35058,1.35061,4.50,6.83
2013.11.25 17:34:50.642,1.35057,1.35059,3.53,1.20
2013.11.25 17:34:51.147,1.35055,1.35058,6.90,4.13
2013.11.25 17:34:51.664,1.35055,1.35057,1.50,2.63
2013.11.25 17:34:52.189,1.35055,1.35056,1.00,1.00
2013.11.25 17:35:01.823,1.35056,1.35058,2.25,2.03
2013.11.25 17:35:02.075,1.35057,1.35061,15.01,3.00
2013.11.25 17:35:02.177,1.3506,1.35062,3.53,1.00
2013.11.25 17:35:02.581,1.35059,1.35061,3.75,4.50
2013.11.25 17:35:02.884,1.35051,1.35053,1.20,3.75
2013.11.25 17:35:03.066,1.35051,1.35053,1.65,3.75
2013.11.25 17:35:05.136,1.35051,1.35053,1.65,3.00
2013.11.25 17:35:06.550,1.35053,1.35054,1.10,1.13
2013.11.25 17:35:06.651,1.35054,1.35056,1.00,1.88
2013.11.25 17:35:06.803,1.35055,1.35058,1.00,1.50
2013.11.25 17:35:06.954,1.35056,1.35062,16.13,1.50
2013.11.25 17:35:07.055,1.3506,1.35063,1.15,1.88
2013.11.25 17:35:07.358,1.35063,1.35065,3.00,8.03
2013.11.25 17:35:07.660,1.35063,1.35065,3.90,3.75
2013.11.25 17:35:07.862,1.35064,1.35066,3.75,1.50
2013.11.25 17:35:08.416,1.35064,1.35068,7.50,4.65
2013.11.25 17:35:08.943,1.35064,1.35066,5.25,1.50
2013.11.25 17:35:10.287,1.35065,1.35066,6.00,1.50
2013.11.25 17:35:10.590,1.35066,1.3507,9.46,3.75
2013.11.25 17:35:10.692,1.35068,1.3507,7.20,1.50
2013.11.25 17:35:10.793,1.3507,1.35073,8.63,5.03
2013.11.25 17:35:11.199,1.35072,1.35074,3.25,1.50
2013.11.25 17:35:16.391,1.35073,1.35075,1.00,6.15
2013.11.25 17:35:17.980,1.35073,1.35075,1.00,6.15
2013.11.25 17:35:18.642,1.35073,1.35075,1.00,5.03
2013.11.25 17:35:18.844,1.35072,1.35074,2.25,1.88
2013.11.25 17:35:19.146,1.35068,1.35071,3.15,3.63
2013.11.25 17:35:19.550,1.35068,1.35069,2.40,1.00
2013.11.25 17:35:20.628,1.35068,1.3507,1.00,3.98
2013.11.25 17:35:21.134,1.35069,1.3507,2.25,1.00
2013.11.25 17:35:21.288,1.35069,1.3507,2.25,1.00
2013.11.25 17:35:21.439,1.3507,1.35072,1.00,2.78
2013.11.25 17:35:23.119,1.3507,1.35071,2.25,2.25
2013.11.25 17:35:23.623,1.35068,1.3507,3.15,4.75
2013.11.25 17:35:23.911,1.35069,1.35071,3.25,1.88
2013.11.25 17:35:24.456,1.3507,1.35072,1.00,3.15
2013.11.25 17:35:26.361,1.35071,1.35072,1.00,1.65
2013.11.25 17:35:27.783,1.35071,1.35073,2.25,3.15
2013.11.25 17:35:28.086,1.35069,1.35072,3.00,2.13
2013.11.25 17:35:28.137,1.35069,1.3507,2.25,1.88
2013.11.25 17:35:28.339,1.35066,1.35069,2.63,1.00
2013.11.25 17:35:29.297,1.35065,1.35068,3.53,1.38
2013.11.25 17:35:29.348,1.35064,1.35066,5.40,1.00
2013.11.25 17:35:29.550,1.35065,1.35066,1.00,1.50
2013.11.25 17:35:32.089,1.35063,1.35066,5.03,2.50
2013.11.25 17:35:34.348,1.35065,1.35071,10.60,3.75
2013.11.25 17:35:34.399,1.35068,1.3507,5.18,11.55
2013.11.25 17:35:34.501,1.35069,1.3507,4.35,2.25
2013.11.25 17:35:34.703,1.3507,1.35071,3.00,2.63
2013.11.25 17:35:35.230,1.35068,1.3507,2.25,6.63
2013.11.25 17:35:35.775,1.35068,1.3507,2.25,6.00
2013.11.25 17:35:36.351,1.35069,1.3507,1.00,5.63
2013.11.25 17:35:36.856,1.35069,1.35071,3.25,2.90
2013.11.25 17:35:38.370,1.35068,1.35069,3.00,1.00
2013.11.25 17:35:39.322,1.35068,1.3507,3.00,5.25
2013.11.25 17:35:43.609,1.35069,1.3507,1.00,4.50
2013.11.25 17:35:48.737,1.35067,1.35069,4.35,1.00
2013.11.25 17:35:51.811,1.35067,1.35069,4.35,1.00
2013.11.25 17:35:56.588,1.35068,1.35069,2.25,1.00
2013.11.25 17:36:00.329,1.35068,1.35069,2.25,1.00
2013.11.25 17:36:00.887,1.35068,1.35071,1.00,4.77
2013.11.25 17:36:01.952,1.35067,1.35069,4.35,1.00
2013.11.25 17:36:03.665,1.35069,1.35071,3.16,6.12
2013.11.25 17:36:03.867,1.35069,1.3507,3.15,3.38
2013.11.25 17:36:04.321,1.35067,1.35068,1.00,1.00
2013.11.25 17:36:06.979,1.35067,1.35068,1.00,2.63
2013.11.25 17:36:07.525,1.35064,1.35067,1.50,7.23
2013.11.25 17:36:08.415,1.35065,1.35066,1.20,3.75
2013.11.25 17:36:08.467,1.35066,1.35068,1.88,1.88
2013.11.25 17:36:08.568,1.35068,1.3507,1.00,4.88
2013.11.25 17:36:08.821,1.35067,1.3507,1.95,6.08
2013.11.25 17:36:09.658,1.35066,1.35068,3.53,1.88
2013.11.25 17:36:09.709,1.35066,1.35069,3.53,6.75
2013.11.25 17:36:11.255,1.35068,1.3507,3.53,8.63
2013.11.25 17:36:11.558,1.3507,1.35071,6.00,1.13
2013.11.25 17:36:15.054,1.35069,1.35071,3.38,3.38
2013.11.25 17:36:20.812,1.35068,1.3507,3.00,5.55
2013.11.25 17:36:21.316,1.35068,1.35071,2.55,3.83
2013.11.25 17:36:21.367,1.35065,1.35071,6.60,4.28
2013.11.25 17:36:21.870,1.35068,1.35069,1.30,3.00
2013.11.25 17:36:23.622,1.35068,1.3507,3.23,7.05
2013.11.25 17:36:24.135,1.35068,1.35069,1.30,1.20
2013.11.25 17:36:27.231,1.35069,1.3507,2.25,1.00
2013.11.25 17:36:27.483,1.35071,1.35073,4.66,1.13
2013.11.25 17:36:27.997,1.35071,1.35073,3.38,1.00
2013.11.25 17:36:29.408,1.35071,1.35073,3.38,2.13
2013.11.25 17:36:35.330,1.3507,1.35072,9.53,1.88
2013.11.25 17:36:36.173,1.35071,1.35072,1.88,1.13
2013.11.25 17:36:39.926,1.35071,1.35073,2.25,4.13
2013.11.25 17:36:41.307,1.35071,1.35072,1.13,2.25
2013.11.25 17:36:41.854,1.35072,1.35073,1.13,3.75
2013.11.25 17:36:42.005,1.35071,1.35073,1.13,5.25
2013.11.25 17:36:42.258,1.35071,1.35072,1.50,2.25
2013.11.25 17:36:42.765,1.35071,1.35073,1.50,3.38
2013.11.25 17:36:43.305,1.35071,1.35072,1.50,2.25
2013.11.25 17:36:43.908,1.35071,1.35072,1.88,2.25
2013.11.25 17:36:44.265,1.35069,1.35072,6.00,5.50
2013.11.25 17:36:44.467,1.35069,1.3507,5.63,3.00
2013.11.25 17:36:44.770,1.3507,1.35073,8.25,2.03
2013.11.25 17:36:45.072,1.35071,1.35073,3.15,1.13
2013.11.25 17:36:45.173,1.35072,1.35074,3.25,2.25
2013.11.25 17:36:45.627,1.35073,1.35075,1.00,5.97
2013.11.25 17:36:48.660,1.35072,1.35075,1.50,7.88
2013.11.25 17:36:48.861,1.35068,1.3507,4.95,6.83
2013.11.25 17:36:49.394,1.35068,1.35069,1.13,2.25
2013.11.25 17:36:49.445,1.35068,1.35069,11.48,1.00
2013.11.25 17:36:49.749,1.35071,1.35073,3.15,1.00
2013.11.25 17:36:49.849,1.35072,1.35074,1.00,1.13
2013.11.25 17:36:51.416,1.35071,1.35073,1.65,1.38
2013.11.25 17:36:51.719,1.35069,1.3507,1.00,11.25
2013.11.25 17:36:56.319,1.35069,1.35071,1.50,6.15
2013.11.25 17:36:56.823,1.35068,1.3507,1.00,17.03
2013.11.25 17:37:00.836,1.35068,1.35069,1.50,3.00
2013.11.25 17:37:01.524,1.35068,1.3507,2.50,13.28
2013.11.25 17:37:02.118,1.35068,1.35069,1.88,3.00
2013.11.25 17:37:03.903,1.35068,1.3507,2.13,13.28
2013.11.25 17:37:11.802,1.35068,1.35069,1.00,3.75
2013.11.25 17:37:17.274,1.35068,1.35072,6.83,7.20
2013.11.25 17:37:17.325,1.35069,1.35071,3.00,1.13
2013.11.25 17:37:18.013,1.3507,1.35071,4.65,1.00
2013.11.25 17:37:18.524,1.35069,1.35071,2.25,2.13
2013.11.25 17:37:19.536,1.35069,1.3507,3.75,1.00
2013.11.25 17:37:20.450,1.35068,1.3507,4.65,5.25
2013.11.25 17:37:23.545,1.35068,1.35069,3.90,1.00
2013.11.25 17:37:32.663,1.35068,1.35069,1.50,3.00
2013.11.25 17:37:35.679,1.35068,1.35069,3.75,2.25
2013.11.25 17:37:37.113,1.35068,1.3507,4.00,1.13
2013.11.25 17:37:37.315,1.3507,1.35071,4.50,1.20
2013.11.25 17:37:37.670,1.35068,1.3507,3.83,3.75
2013.11.25 17:37:38.124,1.35068,1.35069,3.75,2.25
2013.11.25 17:37:44.024,1.35068,1.3507,1.00,12.30
2013.11.25 17:37:47.467,1.35068,1.35069,1.50,2.93
2013.11.25 17:37:59.897,1.35068,1.3507,4.75,4.13
2013.11.25 17:38:01.215,1.35069,1.35071,1.38,3.00
2013.11.25 17:38:01.368,1.3507,1.35073,7.88,4.50
2013.11.25 17:38:01.973,1.35071,1.35073,2.63,4.88
2013.11.25 17:38:02.537,1.35071,1.35073,4.88,2.25
2013.11.25 17:38:08.296,1.3507,1.35072,11.03,1.00
2013.11.25 17:38:08.599,1.35068,1.3507,2.48,12.75
2013.11.25 17:38:09.219,1.35068,1.35069,1.00,1.50
2013.11.25 17:38:10.276,1.35068,1.35069,1.00,2.25
2013.11.25 17:38:11.489,1.35069,1.35071,3.08,1.20
2013.11.25 17:38:12.005,1.35069,1.3507,1.00,1.00
2013.11.25 17:38:12.316,1.3507,1.35072,2.63,3.75
2013.11.25 17:38:12.820,1.35069,1.35071,5.78,6.75
2013.11.25 17:38:13.398,1.35068,1.35069,2.25,1.00
2013.11.25 17:38:16.933,1.35068,1.3507,4.38,6.90
2013.11.25 17:38:17.387,1.3507,1.35072,6.15,3.38
2013.11.25 17:38:17.891,1.35071,1.35072,2.25,1.13
2013.11.25 17:38:19.682,1.35071,1.35073,3.75,1.00
2013.11.25 17:38:19.935,1.35072,1.35074,3.53,2.25
2013.11.25 17:38:20.438,1.35073,1.35074,2.25,1.00
2013.11.25 17:38:20.942,1.35073,1.35075,3.00,3.75
2013.11.25 17:38:24.185,1.35072,1.35074,4.28,1.00
2013.11.25 17:38:24.438,1.35074,1.35077,2.40,5.63
2013.11.25 17:38:28.187,1.35074,1.35076,5.78,1.00
2013.11.25 17:38:30.205,1.35074,1.35076,3.53,1.38
2013.11.25 17:38:31.350,1.35074,1.35076,5.78,1.00
2013.11.25 17:38:32.159,1.35075,1.35076,4.50,1.00
2013.11.25 17:38:33.816,1.35074,1.35076,4.28,1.38
2013.11.25 17:38:35.581,1.35074,1.35076,3.53,1.13
2013.11.25 17:38:35.884,1.35077,1.35081,8.51,7.13
2013.11.25 17:38:36.187,1.35085,1.35087,2.40,4.13
2013.11.25 17:38:36.238,1.35085,1.35087,3.00,1.65
2013.11.25 17:38:38.008,1.35084,1.35086,3.38,1.00
2013.11.25 17:38:38.515,1.35083,1.35085,6.34,1.00
2013.11.25 17:38:38.807,1.35083,1.35086,8.52,2.25
2013.11.25 17:38:43.623,1.35085,1.35087,8.40,1.00
2013.11.25 17:38:43.775,1.35087,1.35089,2.25,4.65
2013.11.25 17:38:43.926,1.35088,1.35089,3.38,4.50
2013.11.25 17:38:44.481,1.35089,1.3509,2.25,7.50
2013.11.25 17:38:47.269,1.35088,1.35089,4.13,1.00
2013.11.25 17:38:47.773,1.35086,1.35089,1.65,3.75
2013.11.25 17:38:48.686,1.35086,1.35089,1.65,4.13
2013.11.25 17:38:50.076,1.35086,1.35089,1.65,4.13
2013.11.25 17:38:54.162,1.35086,1.35089,1.50,5.03
2013.11.25 17:38:54.671,1.35087,1.35089,1.00,3.53
2013.11.25 17:38:55.694,1.35086,1.35088,1.13,1.00
2013.11.25 17:38:57.229,1.35086,1.35087,1.13,1.13
2013.11.25 17:38:57.751,1.35085,1.35088,3.34,2.25
2013.11.25 17:38:58.653,1.35085,1.35088,2.97,2.25
2013.11.25 17:39:05.558,1.35085,1.35087,2.40,1.00
2013.11.25 17:39:06.523,1.35085,1.35086,1.50,1.00
2013.11.25 17:39:07.028,1.35084,1.35086,2.13,3.00
2013.11.25 17:39:07.578,1.35084,1.35085,1.13,2.25
2013.11.25 17:39:08.083,1.35084,1.35086,1.13,4.50
2013.11.25 17:39:09.445,1.35083,1.35085,2.40,1.00
2013.11.25 17:39:09.984,1.35083,1.35085,2.40,5.63
2013.11.25 17:39:10.035,1.35082,1.35084,3.75,1.15
2013.11.25 17:39:10.341,1.3508,1.35083,1.13,8.03
2013.11.25 17:39:10.594,1.35083,1.35084,1.00,2.25
2013.11.25 17:39:11.098,1.35082,1.35084,6.53,1.00
2013.11.25 17:39:11.612,1.35082,1.35084,7.65,1.00
2013.11.25 17:39:12.337,1.35083,1.35085,3.75,1.00
2013.11.25 17:39:25.301,1.35083,1.35086,2.25,3.15
2013.11.25 17:39:25.604,1.35086,1.35089,12.16,2.63
2013.11.25 17:39:25.705,1.35086,1.35088,6.08,1.20
2013.11.25 17:39:25.856,1.35085,1.35087,1.00,3.40
2013.11.25 17:39:26.059,1.35083,1.35086,4.28,7.00
2013.11.25 17:39:26.565,1.35084,1.35085,1.00,4.50
2013.11.25 17:39:37.667,1.35084,1.35086,1.13,4.50
2013.11.25 17:39:38.233,1.35084,1.35085,1.13,4.50
2013.11.25 17:39:39.195,1.35084,1.35086,1.13,4.50
2013.11.25 17:39:39.707,1.35084,1.35085,1.13,4.50
2013.11.25 17:39:40.213,1.35085,1.35086,1.13,2.25
2013.11.25 17:39:41.118,1.35085,1.35087,1.13,6.15
2013.11.25 17:39:41.806,1.35085,1.35087,1.88,3.90
2013.11.25 17:39:42.109,1.35088,1.3509,5.33,1.58
2013.11.25 17:39:42.412,1.35088,1.3509,3.45,3.45
2013.11.25 17:39:42.946,1.35088,1.3509,4.50,4.88
2013.11.25 17:39:43.521,1.35088,1.35089,3.38,1.65
2013.11.25 17:39:46.031,1.35088,1.3509,4.50,4.50
2013.11.25 17:39:46.541,1.35088,1.35089,4.50,1.20
2013.11.25 17:39:47.085,1.35087,1.35089,1.00,2.40
2013.11.25 17:39:47.444,1.35088,1.35089,4.35,1.00
2013.11.25 17:39:47.545,1.3509,1.35092,6.40,1.50
2013.11.25 17:39:48.050,1.35092,1.35094,1.00,4.28
2013.11.25 17:39:48.431,1.35092,1.35094,1.00,1.28
2013.11.25 17:39:48.944,1.35091,1.35094,3.38,2.03
2013.11.25 17:39:49.524,1.35091,1.35093,2.63,1.00
2013.11.25 17:39:50.527,1.35092,1.35094,1.00,2.03
2013.11.25 17:39:51.212,1.35091,1.35094,2.63,2.03
2013.11.25 17:39:51.263,1.35091,1.35094,2.25,2.40
2013.11.25 17:39:51.465,1.35087,1.35089,3.38,1.00
2013.11.25 17:39:53.159,1.35088,1.3509,1.00,5.78
2013.11.25 17:39:53.260,1.35089,1.35091,8.63,1.20
2013.11.25 17:39:53.513,1.35092,1.35094,3.00,1.00
2013.11.25 17:39:54.044,1.35092,1.35095,2.25,1.65
2013.11.25 17:39:54.762,1.35093,1.35095,1.00,1.28
2013.11.25 17:39:55.369,1.35094,1.35096,1.00,1.00
2013.11.25 17:39:56.576,1.35094,1.35096,1.00,2.03
2013.11.25 17:39:57.232,1.35094,1.35102,1.00,6.23
2013.11.25 17:39:57.737,1.35094,1.35096,1.00,1.28
2013.11.25 17:40:00.559,1.35094,1.35096,1.00,2.63
2013.11.25 17:40:08.616,1.35094,1.35095,1.00,5.40
2013.11.25 17:40:09.128,1.35094,1.35096,1.00,4.13
2013.11.25 17:40:16.648,1.35094,1.35095,1.00,4.50
2013.11.25 17:40:17.408,1.35092,1.35094,1.88,2.25
2013.11.25 17:40:22.084,1.35092,1.35095,2.88,4.50
2013.11.25 17:40:24.546,1.35092,1.35094,1.88,2.25
2013.11.25 17:40:27.876,1.35092,1.35094,1.28,2.25
2013.11.25 17:40:28.972,1.35092,1.35094,1.80,2.33
2013.11.25 17:40:31.541,1.35092,1.35094,1.13,2.25
2013.11.25 17:40:32.113,1.35092,1.35094,1.13,2.40
2013.11.25 17:40:32.622,1.35092,1.35095,6.75,4.50
2013.11.25 17:40:34.240,1.35092,1.35095,4.50,4.50
2013.11.25 17:40:41.592,1.35092,1.35094,2.63,2.25
2013.11.25 17:40:41.693,1.35094,1.35097,1.00,4.69
2013.11.25 17:40:53.718,1.35093,1.35095,3.38,1.00
2013.11.25 17:41:00.334,1.35094,1.35095,2.25,1.00
2013.11.25 17:41:03.199,1.35094,1.35096,2.25,1.28
2013.11.25 17:41:10.295,1.35094,1.35096,2.25,1.28
2013.11.25 17:41:16.501,1.35095,1.35097,2.25,2.63
2013.11.25 17:41:21.987,1.35093,1.35096,2.25,3.15
2013.11.25 17:41:22.642,1.35094,1.35097,2.25,5.03
2013.11.25 17:41:36.031,1.35094,1.35096,2.25,1.50
2013.11.25 17:41:40.386,1.35094,1.35096,5.25,1.28
2013.11.25 17:41:42.462,1.35094,1.35095,3.00,1.00
2013.11.25 17:41:43.026,1.35094,1.35095,1.00,1.00
2013.11.25 17:41:46.373,1.35095,1.35097,5.50,2.40
2013.11.25 17:41:46.895,1.35095,1.35096,4.50,1.13
2013.11.25 17:41:51.671,1.35094,1.35096,1.50,2.13
2013.11.25 17:41:59.188,1.35095,1.35096,4.50,1.13
2013.11.25 17:42:00.230,1.35095,1.35096,5.25,1.13
2013.11.25 17:42:04.855,1.35095,1.35096,1.00,1.13
2013.11.25 17:42:11.093,1.35095,1.35096,5.63,1.88
2013.11.25 17:42:11.603,1.35094,1.35095,1.00,6.75
2013.11.25 17:42:12.661,1.35094,1.35096,1.00,1.88
2013.11.25 17:42:13.171,1.35095,1.35096,1.00,3.38
2013.11.25 17:42:22.475,1.35096,1.35097,1.00,3.90
2013.11.25 17:42:22.829,1.35096,1.35099,4.13,3.98
2013.11.25 17:42:23.031,1.35097,1.35098,2.25,1.95
2013.11.25 17:42:23.560,1.35097,1.35099,2.63,2.25
2013.11.25 17:42:31.481,1.35097,1.35098,3.12,1.13
2013.11.25 17:42:34.946,1.35097,1.35098,1.06,1.13
2013.11.25 17:42:35.249,1.35101,1.35104,2.63,1.88
2013.11.25 17:42:35.501,1.35103,1.35105,3.00,1.65
2013.11.25 17:42:36.006,1.35104,1.35106,1.00,4.88
2013.11.25 17:42:38.944,1.35105,1.35106,1.20,4.13
2013.11.25 17:42:41.612,1.35105,1.35107,1.00,2.48
2013.11.25 17:42:50.208,1.35105,1.35106,1.20,1.00
2013.11.25 17:42:50.876,1.35105,1.35107,1.00,3.38
2013.11.25 17:42:56.636,1.35105,1.35106,4.50,1.00
2013.11.25 17:42:57.182,1.35104,1.35106,3.80,1.00
2013.11.25 17:43:00.114,1.35105,1.35106,1.00,3.00
2013.11.25 17:43:00.618,1.35103,1.35105,1.20,4.50
2013.11.25 17:43:01.124,1.35103,1.35105,1.20,3.75
2013.11.25 17:43:01.175,1.35104,1.35106,1.00,1.50
2013.11.25 17:43:01.680,1.35105,1.35106,1.00,1.13
2013.11.25 17:43:02.391,1.35103,1.35105,1.10,3.63
2013.11.25 17:43:03.048,1.35105,1.35106,5.25,1.13
2013.11.25 17:43:22.007,1.35105,1.35107,7.50,1.13
2013.11.25 17:43:27.807,1.35105,1.35106,5.45,1.00
2013.11.25 17:43:41.233,1.35105,1.35107,6.45,1.28
2013.11.25 17:43:41.751,1.35105,1.35108,6.58,3.53
2013.11.25 17:43:42.054,1.35112,1.35121,5.40,3.38
2013.11.25 17:43:42.459,1.35112,1.35116,6.70,5.33
2013.11.25 17:43:42.560,1.35109,1.35113,6.75,9.23
2013.11.25 17:43:43.080,1.35108,1.3511,2.25,8.18
2013.11.25 17:43:43.872,1.35108,1.3511,1.13,11.68
2013.11.25 17:43:44.074,1.35105,1.35108,1.28,3.08
2013.11.25 17:43:46.109,1.35105,1.35108,1.38,4.28
2013.11.25 17:43:46.613,1.35107,1.35108,1.00,1.88
2013.11.25 17:43:47.883,1.35106,1.35108,1.13,2.40
2013.11.25 17:43:48.416,1.35104,1.35107,3.00,1.65
2013.11.25 17:43:54.222,1.35106,1.35108,1.13,2.03
2013.11.25 17:43:57.666,1.35106,1.35109,1.00,9.00
2013.11.25 17:43:59.961,1.35108,1.3511,1.38,20.91
2013.11.25 17:44:00.062,1.35108,1.3511,1.00,12.28
2013.11.25 17:44:00.611,1.35106,1.35108,1.88,2.25
2013.11.25 17:44:09.751,1.35106,1.35108,1.00,3.38
2013.11.25 17:44:10.256,1.35106,1.35108,1.50,2.63
2013.11.25 17:44:13.866,1.35106,1.35108,1.50,2.63
2013.11.25 17:44:17.261,1.35108,1.3511,1.28,18.28
2013.11.25 17:44:17.568,1.35107,1.35109,3.38,4.65
2013.11.25 17:44:18.482,1.35107,1.35108,1.13,1.13
2013.11.25 17:44:19.505,1.35106,1.35108,2.25,2.63
2013.11.25 17:44:21.920,1.35106,1.35108,1.88,3.38
2013.11.25 17:44:22.428,1.35107,1.35108,1.13,2.63
2013.11.25 17:44:22.934,1.35106,1.35108,1.88,3.38
2013.11.25 17:44:23.438,1.35106,1.35108,3.01,2.63
2013.11.25 17:44:24.685,1.35105,1.35108,6.00,3.38
2013.11.25 17:44:26.083,1.35106,1.35108,1.88,3.38
2013.11.25 17:44:28.871,1.35107,1.35108,1.13,2.63
2013.11.25 17:44:31.369,1.35103,1.35107,2.85,1.75
2013.11.25 17:44:31.420,1.35103,1.35106,7.35,7.51
2013.11.25 17:44:31.471,1.351,1.35105,6.00,15.86
2013.11.25 17:44:31.573,1.35099,1.35102,1.13,9.90
2013.11.25 17:44:31.876,1.35101,1.35105,7.05,9.75
2013.11.25 17:44:31.927,1.35101,1.35105,7.13,9.75
2013.11.25 17:44:32.470,1.35101,1.35104,9.00,1.00
2013.11.25 17:44:35.280,1.35101,1.35103,2.63,1.00
2013.11.25 17:44:35.330,1.35099,1.35102,3.75,10.50
2013.11.25 17:44:35.633,1.35099,1.351,3.75,7.50
2013.11.25 17:44:35.734,1.35098,1.351,1.00,9.00
2013.11.25 17:44:36.238,1.35098,1.35099,3.15,1.00
2013.11.25 17:44:37.599,1.35097,1.35099,1.73,4.13
2013.11.25 17:44:37.650,1.35096,1.35098,1.09,4.13
2013.11.25 17:44:37.751,1.35094,1.35097,4.13,3.78
2013.11.25 17:44:38.255,1.35095,1.35097,1.13,1.65
2013.11.25 17:44:38.759,1.35095,1.35097,1.13,2.40
2013.11.25 17:44:39.599,1.35095,1.35097,1.13,1.65
2013.11.25 17:44:39.700,1.35096,1.35098,1.00,2.25
2013.11.25 17:44:40.506,1.35099,1.35103,3.00,4.51
2013.11.25 17:44:40.607,1.35099,1.35103,13.28,2.40
2013.11.25 17:44:40.659,1.35101,1.35104,3.75,2.40
2013.11.25 17:44:42.616,1.35101,1.35104,1.88,2.25
2013.11.25 17:44:42.954,1.35101,1.35103,1.88,2.25
2013.11.25 17:44:43.106,1.35103,1.35105,1.00,11.40
2013.11.25 17:44:43.647,1.35101,1.35104,6.15,2.25
2013.11.25 17:44:44.847,1.35101,1.35104,3.53,2.25
2013.11.25 17:44:45.663,1.35101,1.35104,3.53,2.25
2013.11.25 17:44:46.167,1.35101,1.35103,2.25,2.25
2013.11.25 17:44:46.218,1.35103,1.35104,1.00,2.25
2013.11.25 17:44:46.722,1.35101,1.35103,2.78,2.25
2013.11.25 17:44:47.226,1.35103,1.35104,1.00,2.25
2013.11.25 17:44:48.135,1.35103,1.35105,1.00,10.65
2013.11.25 17:44:48.673,1.35103,1.35104,1.00,2.25
2013.11.25 17:44:49.188,1.35103,1.35105,1.00,10.65
2013.11.25 17:44:49.692,1.35104,1.35105,1.00,9.15
2013.11.25 17:44:56.599,1.35102,1.35104,4.13,1.00
2013.11.25 17:44:57.868,1.35103,1.35104,1.00,1.00
2013.11.25 17:44:58.072,1.35104,1.35105,1.00,1.00
2013.11.25 17:44:58.425,1.35105,1.35108,1.00,3.53
2013.11.25 17:44:58.677,1.35106,1.3511,4.88,13.03
2013.11.25 17:44:58.930,1.35109,1.35112,10.43,1.50
2013.11.25 17:44:59.132,1.35111,1.35114,6.68,2.63
2013.11.25 17:44:59.434,1.35113,1.35117,7.06,3.75
2013.11.25 17:44:59.787,1.35116,1.35118,3.38,1.13
2013.11.25 17:45:00.296,1.35116,1.35118,1.00,3.38
2013.11.25 17:45:00.901,1.35116,1.35119,2.63,9.64
2013.11.25 17:45:02.452,1.35116,1.35118,3.38,1.28
2013.11.25 17:45:03.734,1.35116,1.35118,5.25,1.88
2013.11.25 17:45:04.582,1.35116,1.35118,3.38,2.03
2013.11.25 17:45:06.349,1.35115,1.35117,9.57,1.28
2013.11.25 17:45:06.853,1.35115,1.35116,1.88,1.00
2013.11.25 17:45:07.985,1.35115,1.35117,1.00,2.78
2013.11.25 17:45:08.996,1.35114,1.35116,7.69,2.13
2013.11.25 17:45:09.198,1.35114,1.35115,3.57,5.25
2013.11.25 17:45:09.299,1.35109,1.35114,7.13,10.14
2013.11.25 17:45:09.400,1.35109,1.35112,7.50,3.01
2013.11.25 17:45:09.501,1.3511,1.35112,10.50,1.28
2013.11.25 17:45:09.609,1.35108,1.35112,1.00,17.40
2013.11.25 17:45:09.761,1.3511,1.35112,13.80,1.00
2013.11.25 17:45:10.264,1.3511,1.35113,19.13,1.00
2013.11.25 17:45:10.825,1.35111,1.35114,8.73,3.15
2013.11.25 17:45:11.328,1.35111,1.35113,1.00,4.13
2013.11.25 17:45:12.651,1.35111,1.35112,1.00,2.85
2013.11.25 17:45:12.752,1.35109,1.35111,2.25,5.40
2013.11.25 17:45:13.106,1.3511,1.35111,2.25,2.40
2013.11.25 17:45:13.611,1.3511,1.35112,9.38,1.00
2013.11.25 17:45:14.115,1.3511,1.35111,3.38,1.00
2013.11.25 17:45:18.490,1.35109,1.35111,7.50,5.78
2013.11.25 17:45:19.453,1.35109,1.35111,6.53,1.00
2013.11.25 17:45:21.251,1.3511,1.35112,3.25,3.75
2013.11.25 17:45:25.271,1.3511,1.35111,5.63,3.00
2013.11.25 17:45:27.584,1.3511,1.35112,9.38,2.25
2013.11.25 17:45:28.088,1.3511,1.35113,11.25,4.28
2013.11.25 17:45:35.068,1.35111,1.35112,1.00,1.00
2013.11.25 17:45:35.436,1.35109,1.35111,5.40,3.25
2013.11.25 17:45:35.959,1.35108,1.35109,2.25,1.50
2013.11.25 17:45:36.539,1.35108,1.3511,2.25,2.63
2013.11.25 17:45:37.041,1.35108,1.3511,3.25,2.63
2013.11.25 17:45:37.752,1.35108,1.3511,1.00,10.88
2013.11.25 17:45:38.256,1.35108,1.35109,1.00,2.40
2013.11.25 17:45:39.172,1.35108,1.3511,5.78,12.00
2013.11.25 17:45:39.676,1.35109,1.35111,2.03,5.50
2013.11.25 17:45:40.535,1.3511,1.35112,2.50,1.88
2013.11.25 17:45:41.039,1.35109,1.35111,2.03,7.50
2013.11.25 17:45:41.341,1.35108,1.35109,3.38,2.25
2013.11.25 17:45:41.566,1.35105,1.35108,8.63,4.00
2013.11.25 17:45:42.405,1.35104,1.35106,6.15,3.57
2013.11.25 17:45:42.910,1.35104,1.35105,1.20,1.00
2013.11.25 17:45:44.821,1.35103,1.35105,5.25,3.38
2013.11.25 17:45:45.326,1.35103,1.35104,1.00,3.00
2013.11.25 17:45:50.767,1.35102,1.35104,1.20,3.75
2013.11.25 17:45:52.575,1.35103,1.35104,1.00,3.75
2013.11.25 17:45:53.895,1.35103,1.35105,1.00,8.07
2013.11.25 17:45:58.519,1.35103,1.35104,1.00,3.00
2013.11.25 17:46:09.140,1.35102,1.35104,1.50,3.90
2013.11.25 17:46:09.654,1.35101,1.35103,1.00,3.00
2013.11.25 17:46:10.588,1.351,1.35103,4.28,1.50
2013.11.25 17:46:11.076,1.351,1.35102,3.90,1.88
2013.11.25 17:46:11.378,1.35098,1.351,1.43,4.08
2013.11.25 17:46:11.884,1.35097,1.35099,1.00,1.00
2013.11.25 17:46:12.388,1.35097,1.35098,1.13,2.40
2013.11.25 17:46:14.750,1.35097,1.35099,1.00,3.75
2013.11.25 17:46:17.169,1.35097,1.35098,1.13,1.65
2013.11.25 17:46:19.610,1.35097,1.35099,1.00,5.25
2013.11.25 17:46:20.013,1.35099,1.351,4.35,8.40
2013.11.25 17:46:20.114,1.351,1.35101,3.00,1.50
2013.11.25 17:46:20.266,1.35101,1.35102,1.00,1.00
2013.11.25 17:46:20.770,1.35104,1.35107,4.13,2.44
2013.11.25 17:46:20.921,1.35107,1.35109,1.88,1.00
2013.11.25 17:46:21.123,1.35107,1.3511,6.16,3.75
2013.11.25 17:46:21.630,1.35107,1.3511,6.91,3.82
2013.11.25 17:46:28.201,1.35109,1.35111,1.00,2.03
2013.11.25 17:46:28.504,1.3511,1.35112,8.25,1.25
2013.11.25 17:46:29.128,1.3511,1.35112,1.88,1.00
2013.11.25 17:46:29.789,1.3511,1.35112,1.50,1.13
2013.11.25 17:46:29.991,1.35108,1.3511,2.63,6.83
2013.11.25 17:46:30.495,1.35107,1.3511,3.15,3.25
2013.11.25 17:46:40.309,1.35106,1.35109,3.38,2.65
2013.11.25 17:46:40.562,1.35106,1.35108,1.50,3.00
2013.11.25 17:46:41.519,1.35105,1.35107,6.90,1.50
2013.11.25 17:46:53.361,1.35105,1.35107,1.65,1.88
2013.11.25 17:46:53.869,1.35105,1.35107,1.28,2.25
2013.11.25 17:46:55.780,1.35106,1.35108,1.00,4.13
2013.11.25 17:47:00.769,1.35105,1.35108,1.13,3.90
2013.11.25 17:47:01.628,1.35105,1.35107,1.50,1.00
2013.11.25 17:47:03.307,1.35105,1.35108,1.50,2.40
2013.11.25 17:47:04.343,1.35108,1.35109,1.13,1.00
2013.11.25 17:47:04.870,1.35107,1.35109,1.65,1.50
2013.11.25 17:47:06.238,1.35107,1.3511,1.38,9.00
2013.11.25 17:47:06.753,1.35107,1.3511,2.66,4.88
2013.11.25 17:47:07.264,1.35108,1.35109,1.13,1.13
2013.11.25 17:47:09.312,1.35108,1.35111,1.53,4.88
2013.11.25 17:47:09.413,1.3511,1.35111,1.00,1.13
2013.11.25 17:47:09.465,1.3511,1.35114,2.51,3.57
2013.11.25 17:47:09.566,1.35112,1.35114,2.63,2.44
2013.11.25 17:47:09.819,1.35113,1.35115,3.25,9.53
2013.11.25 17:47:10.323,1.35113,1.35115,2.25,9.53
2013.11.25 17:47:11.960,1.35113,1.35115,1.00,1.28
2013.11.25 17:47:12.393,1.35111,1.35113,2.40,1.00
2013.11.25 17:47:12.545,1.35111,1.35113,1.28,1.50
2013.11.25 17:47:13.049,1.3511,1.35112,1.28,1.50
2013.11.25 17:47:16.173,1.35111,1.35113,1.38,2.78
2013.11.25 17:47:16.711,1.35111,1.35113,1.38,1.20
2013.11.25 17:47:17.249,1.35111,1.35114,1.38,2.82
2013.11.25 17:47:19.789,1.35111,1.35113,1.13,1.20
2013.11.25 17:47:22.875,1.3511,1.35112,1.50,1.00
2013.11.25 17:47:23.127,1.35108,1.3511,3.38,1.88
2013.11.25 17:47:23.329,1.35107,1.35108,3.53,1.00
2013.11.25 17:47:23.934,1.35106,1.35108,1.13,2.63
2013.11.25 17:47:24.236,1.35104,1.35106,5.25,1.00
2013.11.25 17:47:24.998,1.35104,1.35106,5.63,1.00
2013.11.25 17:47:26.005,1.35104,1.35107,6.20,2.03
2013.11.25 17:47:44.467,1.35105,1.35107,5.82,2.25
2013.11.25 17:47:45.341,1.35105,1.35107,1.32,6.00
2013.11.25 17:47:47.527,1.35105,1.35106,5.82,1.00
2013.11.25 17:47:48.847,1.35105,1.35108,2.82,3.90
2013.11.25 17:47:50.046,1.35106,1.35108,1.00,2.03
2013.11.25 17:48:01.887,1.35106,1.35108,1.84,1.13
2013.11.25 17:48:02.240,1.35108,1.3511,3.15,4.13
2013.11.25 17:48:02.442,1.35109,1.35114,6.00,4.58
2013.11.25 17:48:02.744,1.35111,1.3512,8.33,7.50
2013.11.25 17:48:04.635,1.35111,1.35114,6.45,4.50
2013.11.25 17:48:04.837,1.35112,1.35115,5.52,6.57
2013.11.25 17:48:05.357,1.35113,1.35116,5.59,2.44
2013.11.25 17:48:05.901,1.35113,1.35116,5.07,2.82
2013.11.25 17:48:06.536,1.35113,1.35115,4.92,1.00
2013.11.25 17:48:08.473,1.35113,1.35115,1.20,3.75
2013.11.25 17:48:08.980,1.35111,1.35114,5.07,2.25
2013.11.25 17:48:11.378,1.35111,1.35114,2.82,2.78
2013.11.25 17:48:11.897,1.35111,1.35114,1.47,2.63
2013.11.25 17:48:12.049,1.35113,1.35115,1.00,3.00
2013.11.25 17:48:12.558,1.35113,1.35115,1.00,2.63
2013.11.25 17:48:13.073,1.35114,1.35116,1.00,4.32
2013.11.25 17:48:15.697,1.35113,1.35115,1.15,1.00
2013.11.25 17:48:16.436,1.35113,1.35115,1.20,1.00
2013.11.25 17:48:18.757,1.35113,1.35116,3.40,3.38
2013.11.25 17:48:19.440,1.35114,1.35116,1.00,4.13
2013.11.25 17:48:20.946,1.35114,1.35116,3.15,2.63
2013.11.25 17:48:21.484,1.35114,1.35116,3.97,1.50
2013.11.25 17:48:29.226,1.35114,1.35116,4.09,2.25
2013.11.25 17:48:30.295,1.35114,1.35116,4.34,1.50
2013.11.25 17:48:33.279,1.35115,1.35116,7.88,1.00
2013.11.25 17:48:33.582,1.35119,1.35121,8.63,3.75
2013.11.25 17:48:33.834,1.3512,1.35121,3.08,1.10
2013.11.25 17:48:34.338,1.35122,1.35123,2.25,1.00
2013.11.25 17:48:34.863,1.35122,1.35124,2.25,1.00
2013.11.25 17:48:35.266,1.35123,1.35127,8.07,3.08
2013.11.25 17:48:35.367,1.35125,1.35128,5.40,2.63
2013.11.25 17:48:35.871,1.35125,1.35128,12.53,1.88
2013.11.25 17:48:37.073,1.35125,1.35128,12.78,3.38
2013.11.25 17:48:40.376,1.35126,1.35128,1.88,3.75
2013.11.25 17:48:44.342,1.35127,1.35128,2.44,3.75
2013.11.25 17:48:44.494,1.35128,1.35131,2.95,12.68
2013.11.25 17:48:44.797,1.35131,1.35141,1.13,8.63
2013.11.25 17:48:45.000,1.35133,1.35137,4.50,3.00
2013.11.25 17:48:45.051,1.35136,1.35137,1.00,3.00
2013.11.25 17:48:45.303,1.35134,1.35137,8.63,3.25
2013.11.25 17:48:45.614,1.35127,1.35131,1.88,15.48
2013.11.25 17:48:45.716,1.35126,1.35128,3.23,1.50
2013.11.25 17:48:45.817,1.35127,1.35129,12.75,1.00
2013.11.25 17:48:45.867,1.35128,1.35132,10.50,1.28
2013.11.25 17:48:46.120,1.35126,1.35129,4.05,1.13
2013.11.25 17:48:46.271,1.35125,1.35128,3.90,4.13
2013.11.25 17:48:53.796,1.35126,1.35128,1.00,2.63
2013.11.25 17:48:55.343,1.35126,1.35127,1.50,2.78
2013.11.25 17:48:55.880,1.35123,1.35126,1.28,2.88
2013.11.25 17:48:56.032,1.35122,1.35124,1.00,5.63
2013.11.25 17:48:56.083,1.35121,1.35123,2.85,3.94
2013.11.25 17:48:56.435,1.35121,1.35122,1.88,1.00
2013.11.25 17:48:56.486,1.35119,1.35122,1.58,2.20
2013.11.25 17:48:56.638,1.35119,1.3512,1.50,1.00
2013.11.25 17:48:57.142,1.35119,1.3512,1.50,7.88
2013.11.25 17:48:57.545,1.3512,1.35123,6.23,1.28
2013.11.25 17:48:59.278,1.35121,1.35123,1.00,1.20
2013.11.25 17:48:59.781,1.35121,1.35123,1.65,1.00
2013.11.25 17:49:00.333,1.35121,1.35123,1.65,1.00
2013.11.25 17:49:02.446,1.35121,1.35123,2.03,1.00
2013.11.25 17:49:03.023,1.35121,1.35124,2.40,1.50
2013.11.25 17:49:04.177,1.35121,1.35124,2.59,2.25
2013.11.25 17:49:05.652,1.35121,1.35124,4.65,1.00
2013.11.25 17:49:06.196,1.35122,1.35125,1.50,6.53
2013.11.25 17:49:10.478,1.35124,1.35125,1.00,3.90
2013.11.25 17:49:11.168,1.35122,1.35124,1.13,1.00
2013.11.25 17:49:11.686,1.35123,1.35124,1.00,1.00
2013.11.25 17:49:14.315,1.35123,1.35124,1.00,1.00
2013.11.25 17:49:14.416,1.35121,1.35122,1.13,1.50
2013.11.25 17:49:14.467,1.35118,1.35122,2.63,4.38
2013.11.25 17:49:14.971,1.3512,1.35121,3.00,1.00
2013.11.25 17:49:15.274,1.35121,1.35123,1.00,1.20
2013.11.25 17:49:17.573,1.35122,1.35124,1.38,1.50
2013.11.25 17:49:18.279,1.35122,1.35124,1.25,2.78
2013.11.25 17:49:19.142,1.35122,1.35124,1.50,1.13
2013.11.25 17:49:19.857,1.35122,1.35123,1.00,1.00
2013.11.25 17:49:31.088,1.35122,1.35124,1.50,1.13
2013.11.25 17:49:35.021,1.35122,1.35123,1.50,1.00
2013.11.25 17:49:38.230,1.35122,1.35124,1.50,1.13
2013.11.25 17:49:42.285,1.3512,1.35124,6.94,3.38
2013.11.25 17:49:42.487,1.35119,1.3512,1.32,2.25
2013.11.25 17:49:42.992,1.35119,1.3512,1.00,3.75
2013.11.25 17:49:43.514,1.35119,1.3512,1.00,1.50
2013.11.25 17:49:44.634,1.35117,1.35119,2.03,1.00
2013.11.25 17:49:52.195,1.35116,1.35119,4.73,4.65
2013.11.25 17:49:52.905,1.35116,1.35119,4.73,2.40
2013.11.25 17:49:54.996,1.35118,1.3512,2.88,15.00
2013.11.25 17:50:00.913,1.35116,1.35119,4.73,4.65
2013.11.25 17:50:01.544,1.35118,1.35119,1.69,2.78
2013.11.25 17:50:01.751,1.35119,1.35121,4.35,2.85
2013.11.25 17:50:02.117,1.35121,1.35124,1.00,1.15
2013.11.25 17:50:02.269,1.35122,1.35124,1.20,1.00
2013.11.25 17:50:02.661,1.35123,1.35125,1.00,15.38
2013.11.25 17:50:09.475,1.35124,1.35126,1.00,3.90
2013.11.25 17:50:10.555,1.35125,1.35126,1.00,2.03
2013.11.25 17:50:13.626,1.35125,1.35127,2.50,3.75
2013.11.25 17:50:17.198,1.35125,1.35127,3.75,6.15
2013.11.25 17:50:33.097,1.35126,1.35127,1.00,1.88
2013.11.25 17:50:35.217,1.35125,1.35127,2.33,2.25
2013.11.25 17:50:35.722,1.35126,1.35127,1.00,1.88
2013.11.25 17:50:36.851,1.35124,1.35126,1.20,1.00
2013.11.25 17:50:39.819,1.35125,1.35126,3.00,1.13
2013.11.25 17:50:41.752,1.35125,1.35126,5.25,1.13
2013.11.25 17:50:42.267,1.35126,1.35127,2.40,1.88
2013.11.25 17:50:49.669,1.35126,1.35128,2.65,2.25
2013.11.25 17:50:49.720,1.35127,1.35128,1.50,2.63
2013.11.25 17:50:49.770,1.35127,1.35128,1.50,1.88
2013.11.25 17:50:49.871,1.35129,1.3513,2.85,2.25
2013.11.25 17:50:49.923,1.35129,1.35132,8.18,1.13
2013.11.25 17:50:50.024,1.3513,1.35134,10.96,2.25
2013.11.25 17:50:50.480,1.35132,1.35135,4.53,3.00
2013.11.25 17:50:51.005,1.35132,1.35135,3.08,4.88
2013.11.25 17:50:52.955,1.35133,1.35135,1.00,3.38
2013.11.25 17:50:53.457,1.35134,1.35136,1.65,4.50
2013.11.25 17:51:00.452,1.35126,1.35135,5.25,10.83
2013.11.25 17:51:00.604,1.35133,1.35134,1.20,2.63
2013.11.25 17:51:00.755,1.35134,1.35137,3.75,2.78
2013.11.25 17:51:00.806,1.35134,1.35137,5.25,2.63
2013.11.25 17:51:02.268,1.35135,1.35138,4.84,4.88
2013.11.25 17:51:02.470,1.35137,1.35139,2.50,4.13
2013.11.25 17:51:03.699,1.35137,1.35139,5.25,2.25
2013.11.25 17:51:04.860,1.35137,1.35139,5.25,2.25
2013.11.25 17:51:06.760,1.35138,1.35139,1.00,2.25
2013.11.25 17:51:09.096,1.35137,1.35139,5.25,2.25
2013.11.25 17:51:12.010,1.35138,1.35139,2.25,2.25
2013.11.25 17:51:12.520,1.35137,1.35139,5.25,2.25
2013.11.25 17:51:14.131,1.35137,1.35139,5.33,1.50
2013.11.25 17:51:14.640,1.35137,1.35139,5.25,1.50
2013.11.25 17:51:15.252,1.35137,1.35139,5.33,1.50
2013.11.25 17:51:18.117,1.35139,1.3514,2.85,4.88
2013.11.25 17:51:18.623,1.35139,1.35142,7.32,4.65
2013.11.25 17:51:21.697,1.35138,1.3514,1.20,1.00
2013.11.25 17:51:21.798,1.35138,1.35139,1.65,1.00
2013.11.25 17:51:22.761,1.35138,1.3514,1.00,3.38
2013.11.25 17:51:23.070,1.3514,1.35142,6.75,1.00
2013.11.25 17:51:23.574,1.3514,1.35142,2.25,3.38
2013.11.25 17:51:24.078,1.3514,1.35142,5.25,1.13
2013.11.25 17:51:24.230,1.35141,1.35143,5.28,1.00
2013.11.25 17:51:24.281,1.35141,1.3515,5.65,14.78
2013.11.25 17:51:24.684,1.35145,1.35152,7.50,1.20
2013.11.25 17:51:25.289,1.35145,1.35147,7.50,1.58
2013.11.25 17:51:26.007,1.35144,1.35145,2.25,1.00
2013.11.25 17:51:30.503,1.35145,1.35148,3.75,3.38
2013.11.25 17:51:30.957,1.35144,1.35146,3.00,2.25
2013.11.25 17:51:51.528,1.35144,1.35145,1.65,4.88
2013.11.25 17:51:55.737,1.35143,1.35145,4.50,1.00
2013.11.25 17:51:56.241,1.35144,1.35146,3.40,2.63
2013.11.25 17:51:58.735,1.35145,1.35146,1.00,2.63
2013.11.25 17:51:59.805,1.35145,1.35146,5.25,1.13
2013.11.25 17:52:00.307,1.35146,1.35148,3.15,2.63
2013.11.25 17:52:00.610,1.35148,1.3515,6.00,1.20
2013.11.25 17:52:01.164,1.35147,1.35148,2.25,1.13
2013.11.25 17:52:01.953,1.35147,1.35149,3.82,2.63
2013.11.25 17:52:02.461,1.35147,1.35148,5.25,1.00
2013.11.25 17:52:07.560,1.35148,1.3515,3.25,5.03
2013.11.25 17:52:07.762,1.35147,1.35149,4.13,3.00
2013.11.25 17:52:08.266,1.35147,1.35148,2.25,1.00
2013.11.25 17:52:10.174,1.35147,1.35149,5.25,1.13
2013.11.25 17:52:11.495,1.35147,1.35148,4.50,1.00
2013.11.25 17:52:13.183,1.35147,1.35149,2.50,3.38
2013.11.25 17:52:13.872,1.35147,1.35148,2.25,1.00
2013.11.25 17:52:14.276,1.35148,1.35157,11.63,4.50
2013.11.25 17:52:14.378,1.35151,1.35161,2.85,1.50
2013.11.25 17:52:14.580,1.35153,1.35155,4.85,4.50
2013.11.25 17:52:14.985,1.35155,1.35157,2.65,1.00
2013.11.25 17:52:15.036,1.35155,1.35158,5.28,1.88
2013.11.25 17:52:16.170,1.35156,1.35158,2.50,1.00
2013.11.25 17:52:16.221,1.35156,1.35159,3.75,2.78
2013.11.25 17:52:16.725,1.35157,1.35159,3.25,4.88
2013.11.25 17:52:17.246,1.35157,1.35165,6.90,4.50
2013.11.25 17:52:17.765,1.35158,1.3516,3.60,2.25
2013.11.25 17:52:19.585,1.35159,1.35161,7.66,2.63
2013.11.25 17:52:19.686,1.35161,1.35164,4.48,3.27
2013.11.25 17:52:20.141,1.35162,1.3517,7.65,7.50
2013.11.25 17:52:20.650,1.35162,1.35165,10.50,7.13
2013.11.25 17:52:21.161,1.35162,1.35164,1.50,2.10
2013.11.25 17:52:22.246,1.35162,1.35165,1.50,4.73
2013.11.25 17:52:22.752,1.35162,1.35164,6.40,1.00
2013.11.25 17:52:24.896,1.3516,1.35166,3.53,5.85
2013.11.25 17:52:24.997,1.35166,1.35169,8.44,2.25
2013.11.25 17:52:25.048,1.35167,1.35169,3.90,3.00
2013.11.25 17:52:25.552,1.35169,1.35171,2.50,8.10
2013.11.25 17:52:26.056,1.35168,1.3517,4.65,1.00
2013.11.25 17:52:26.807,1.35165,1.35169,23.48,4.50
2013.11.25 17:52:27.141,1.35161,1.35162,1.50,4.35
2013.11.25 17:52:27.242,1.35161,1.35162,1.50,3.60
2013.11.25 17:52:27.445,1.35161,1.35163,2.50,1.13
2013.11.25 17:52:28.682,1.35161,1.35163,2.25,1.00
2013.11.25 17:52:29.192,1.35159,1.35161,4.50,2.70
2013.11.25 17:52:29.498,1.35158,1.3516,1.00,7.58
2013.11.25 17:52:29.952,1.35159,1.35161,4.88,1.20
2013.11.25 17:52:30.053,1.3516,1.35165,4.90,3.90
2013.11.25 17:52:30.704,1.3516,1.35163,6.25,3.00
2013.11.25 17:52:30.806,1.35161,1.35164,4.10,1.10
2013.11.25 17:52:31.219,1.35161,1.35163,1.00,2.25
2013.11.25 17:52:31.339,1.35159,1.35161,2.25,4.50
2013.11.25 17:52:31.806,1.35158,1.35159,1.50,1.00
2013.11.25 17:52:32.310,1.35157,1.35158,2.40,1.00
2013.11.25 17:52:32.715,1.35155,1.35157,4.65,2.25
2013.11.25 17:52:32.816,1.35155,1.35156,3.75,2.63
2013.11.25 17:52:33.320,1.35155,1.35156,1.50,1.00
2013.11.25 17:52:34.795,1.35153,1.35156,3.15,3.00
2013.11.25 17:52:34.946,1.35152,1.35154,1.50,4.00
2013.11.25 17:52:35.249,1.35154,1.35157,7.88,1.65
2013.11.25 17:52:35.401,1.35156,1.35157,2.25,1.28
2013.11.25 17:52:35.942,1.35157,1.35159,6.00,4.35
2013.11.25 17:52:36.698,1.35157,1.35159,5.25,2.78
2013.11.25 17:52:46.001,1.35159,1.35161,11.63,1.20
2013.11.25 17:52:46.153,1.35162,1.35164,3.00,1.28
2013.11.25 17:52:46.657,1.35163,1.35165,5.40,1.13
2013.11.25 17:52:47.669,1.35164,1.35166,8.25,2.25
2013.11.25 17:52:48.279,1.35165,1.35167,10.50,2.03
2013.11.25 17:52:48.783,1.35165,1.35166,2.25,1.88
2013.11.25 17:52:49.907,1.35164,1.35165,4.50,1.13
2013.11.25 17:52:53.573,1.35164,1.35167,4.00,6.53
2013.11.25 17:52:56.558,1.35163,1.35165,2.33,1.00
2013.11.25 17:52:56.915,1.35163,1.35164,3.75,1.00
2013.11.25 17:52:58.087,1.35164,1.35166,1.00,3.15
2013.11.25 17:52:58.653,1.35164,1.35166,2.25,3.90
2013.11.25 17:52:59.161,1.35164,1.35166,7.50,1.28
2013.11.25 17:53:00.408,1.35164,1.35165,5.25,1.13
2013.11.25 17:53:01.521,1.35164,1.35166,6.25,1.28
2013.11.25 17:53:02.053,1.35164,1.35165,3.75,1.88
2013.11.25 17:53:02.574,1.35163,1.35165,6.00,1.88
2013.11.25 17:53:03.004,1.35164,1.35166,1.00,2.78
2013.11.25 17:53:03.832,1.35159,1.35164,7.50,3.25
2013.11.25 17:53:04.034,1.35157,1.35159,6.53,2.69
2013.11.25 17:53:05.903,1.35156,1.35158,4.50,1.00
2013.11.25 17:53:06.818,1.35158,1.35159,2.25,1.50
2013.11.25 17:53:11.827,1.35157,1.35159,3.38,5.40
2013.11.25 17:53:13.709,1.35156,1.35158,2.25,3.40
2013.11.25 17:53:14.213,1.35156,1.35157,1.88,3.00
2013.11.25 17:53:15.485,1.35155,1.35157,4.88,3.25
2013.11.25 17:53:16.247,1.35156,1.35158,1.50,3.90
2013.11.25 17:53:16.499,1.35154,1.35156,1.50,7.50
2013.11.25 17:53:17.003,1.35153,1.35154,1.50,3.75
2013.11.25 17:53:17.508,1.35152,1.35154,3.90,3.75
2013.11.25 17:53:24.607,1.35152,1.35154,2.78,1.00
2013.11.25 17:53:27.282,1.35152,1.35156,7.65,5.78
2013.11.25 17:53:27.792,1.35152,1.35154,6.92,1.00
2013.11.25 17:53:31.593,1.35152,1.35156,8.04,1.65
2013.11.25 17:53:32.304,1.35153,1.35154,2.27,1.00
2013.11.25 17:53:33.661,1.35152,1.35154,8.40,1.00
2013.11.25 17:53:34.572,1.35152,1.35154,5.40,1.00
2013.11.25 17:53:37.720,1.35152,1.35154,6.15,1.00
2013.11.25 17:53:42.373,1.35152,1.35153,2.40,1.00
2013.11.25 17:53:42.911,1.35152,1.35154,3.15,3.00
2013.11.25 17:53:43.415,1.35152,1.35153,2.40,1.00
2013.11.25 17:53:43.919,1.35151,1.35153,1.00,1.15
2013.11.25 17:53:44.020,1.3515,1.35151,1.13,2.25
2013.11.25 17:53:44.898,1.35148,1.3515,6.15,11.35
2013.11.25 17:53:44.949,1.35147,1.35149,3.00,5.25
2013.11.25 17:53:45.461,1.35145,1.35148,5.03,4.69
2013.11.25 17:53:46.098,1.35144,1.35146,3.75,3.25
2013.11.25 17:53:46.502,1.35143,1.35145,1.88,5.40
2013.11.25 17:53:47.439,1.35142,1.35144,4.88,1.00
2013.11.25 17:53:49.610,1.35143,1.35144,2.63,1.00
2013.11.25 17:53:53.536,1.35143,1.35146,2.82,3.53
2013.11.25 17:53:55.016,1.35144,1.35145,3.19,1.00
2013.11.25 17:53:56.241,1.35143,1.35145,2.03,1.00
2013.11.25 17:53:58.180,1.35144,1.35145,2.44,1.00
2013.11.25 17:53:58.484,1.35147,1.35149,3.82,2.63
2013.11.25 17:53:58.787,1.35148,1.35151,5.97,3.00
2013.11.25 17:53:59.140,1.3515,1.35152,2.22,3.38
2013.11.25 17:54:00.441,1.3515,1.35151,1.84,1.00
2013.11.25 17:54:03.342,1.35149,1.35151,3.75,2.85
2013.11.25 17:54:03.443,1.35148,1.3515,5.10,6.23
2013.11.25 17:54:03.545,1.35146,1.35147,1.65,3.00
2013.11.25 17:54:06.614,1.35145,1.35147,1.65,4.88
2013.11.25 17:54:08.026,1.35145,1.35147,1.00,6.38
2013.11.25 17:54:10.271,1.35145,1.35147,1.00,3.38
2013.11.25 17:54:12.801,1.35145,1.35146,1.00,1.00
2013.11.25 17:54:13.356,1.35144,1.35145,2.40,1.00
2013.11.25 17:54:13.910,1.35145,1.35146,8.25,1.13
2013.11.25 17:54:14.414,1.35145,1.35147,9.00,2.25
2013.11.25 17:54:15.221,1.35145,1.35146,9.00,1.00
2013.11.25 17:54:15.762,1.35145,1.35147,9.00,1.13
2013.11.25 17:54:17.018,1.35145,1.35146,9.00,1.00
2013.11.25 17:54:17.321,1.35146,1.35149,3.45,4.88
2013.11.25 17:54:17.422,1.35147,1.35149,5.03,1.00
2013.11.25 17:54:17.624,1.35149,1.3515,3.38,1.00
2013.11.25 17:54:17.877,1.35152,1.35154,1.69,2.70
2013.11.25 17:54:17.928,1.35153,1.35154,1.00,1.00
2013.11.25 17:54:18.331,1.35153,1.35157,6.90,2.40
2013.11.25 17:54:18.836,1.35154,1.35157,3.00,3.53
2013.11.25 17:54:20.935,1.35154,1.35157,4.50,3.53
2013.11.25 17:54:20.985,1.35155,1.35158,6.08,1.35
2013.11.25 17:54:21.087,1.35155,1.35158,11.03,1.50
2013.11.25 17:54:21.188,1.35157,1.35159,1.88,2.78
2013.11.25 17:54:21.491,1.35159,1.35161,1.00,1.38
2013.11.25 17:54:22.031,1.35159,1.3516,2.25,1.13
2013.11.25 17:54:22.334,1.35157,1.35159,2.63,4.80
2013.11.25 17:54:22.856,1.35156,1.35157,1.00,1.00
2013.11.25 17:54:23.357,1.35155,1.35157,2.25,1.50
2013.11.25 17:54:23.888,1.35155,1.35156,1.50,1.00
2013.11.25 17:54:24.504,1.35155,1.35157,1.50,1.50
2013.11.25 17:54:30.881,1.35155,1.35156,1.50,1.00
2013.11.25 17:54:31.287,1.35151,1.35155,4.47,1.00
2013.11.25 17:54:32.014,1.35151,1.35154,6.27,1.58
2013.11.25 17:54:32.066,1.35151,1.35152,5.82,1.00
2013.11.25 17:54:32.570,1.3515,1.35153,12.64,1.08
2013.11.25 17:54:33.093,1.3515,1.35153,12.72,1.00
2013.11.25 17:54:33.835,1.35151,1.35154,3.72,1.50
2013.11.25 17:54:50.169,1.35151,1.35154,1.58,1.50
2013.11.25 17:54:51.509,1.3515,1.35154,9.38,3.75
2013.11.25 17:54:51.610,1.3515,1.35152,2.63,1.20
2013.11.25 17:54:52.468,1.35151,1.35152,1.00,1.65
2013.11.25 17:54:55.216,1.35151,1.35152,1.58,1.10
2013.11.25 17:54:55.670,1.35152,1.35153,1.50,1.00
2013.11.25 17:54:55.771,1.35153,1.35155,1.38,4.09
2013.11.25 17:54:56.301,1.35155,1.35158,2.25,1.15
2013.11.25 17:54:58.630,1.35156,1.35158,1.00,1.84
2013.11.25 17:54:58.731,1.35158,1.35159,1.50,6.15
2013.11.25 17:54:59.235,1.35157,1.35159,1.50,3.90
2013.11.25 17:55:09.936,1.35158,1.35159,1.00,1.65
2013.11.25 17:55:10.240,1.3516,1.35163,4.75,2.40
2013.11.25 17:55:10.393,1.35158,1.3516,1.20,6.23
2013.11.25 17:55:10.848,1.35157,1.35158,1.00,1.00
2013.11.25 17:55:11.353,1.35157,1.3516,1.00,9.00
2013.11.25 17:55:11.508,1.35155,1.35157,4.65,1.00
2013.11.25 17:55:15.762,1.35155,1.35158,4.28,1.50
2013.11.25 17:55:22.006,1.35157,1.35158,1.00,1.13
2013.11.25 17:55:22.308,1.35158,1.35161,3.75,3.75
2013.11.25 17:55:22.610,1.35161,1.35163,3.75,1.28
2013.11.25 17:55:22.915,1.35162,1.35165,6.03,1.13
2013.11.25 17:55:23.454,1.35162,1.35165,5.40,1.00
2013.11.25 17:55:27.472,1.35163,1.35165,4.50,1.00
2013.11.25 17:55:33.288,1.35163,1.35165,4.50,1.13
2013.11.25 17:55:33.792,1.35163,1.35165,1.50,1.13
2013.11.25 17:55:34.997,1.35163,1.35165,2.25,1.00
2013.11.25 17:55:36.011,1.35163,1.35164,1.50,1.00
2013.11.25 17:55:36.843,1.35163,1.35165,2.25,1.88
2013.11.25 17:55:37.392,1.35163,1.35165,4.50,1.13
2013.11.25 17:55:39.387,1.35162,1.35165,1.65,4.50
2013.11.25 17:55:39.905,1.35161,1.35164,2.78,1.00
2013.11.25 17:55:40.822,1.35161,1.35165,4.28,3.19
2013.11.25 17:55:41.126,1.35161,1.35163,2.25,4.60
2013.11.25 17:55:41.432,1.35159,1.3516,1.00,4.88
2013.11.25 17:55:41.887,1.35157,1.35159,1.00,1.20
2013.11.25 17:55:42.140,1.35155,1.35157,2.70,1.50
2013.11.25 17:55:42.452,1.35154,1.35156,1.50,3.75
2013.11.25 17:55:42.959,1.35154,1.35155,1.00,4.58
2013.11.25 17:55:43.482,1.35153,1.35155,1.50,5.40
2013.11.25 17:55:44.028,1.35153,1.35154,1.00,1.00
2013.11.25 17:55:44.535,1.35153,1.35155,1.50,5.40
2013.11.25 17:55:45.061,1.35153,1.35154,1.00,3.75
2013.11.25 17:55:47.823,1.35152,1.35154,1.13,4.50
2013.11.25 17:55:49.305,1.35152,1.35153,1.13,2.25
2013.11.25 17:55:49.457,1.35153,1.35155,1.50,7.65
2013.11.25 17:55:49.960,1.35154,1.35155,2.25,3.15
2013.11.25 17:55:50.498,1.35153,1.35154,3.00,1.50
2013.11.25 17:55:51.018,1.35153,1.35155,3.00,3.90
2013.11.25 17:55:51.713,1.35152,1.35154,4.13,1.50
2013.11.25 17:55:56.189,1.35151,1.35153,3.45,1.08
2013.11.25 17:55:56.493,1.35147,1.3515,7.58,2.58
2013.11.25 17:55:56.694,1.35146,1.35148,6.38,1.20
2013.11.25 17:55:57.198,1.35145,1.35147,1.88,2.40
2013.11.25 17:56:01.193,1.35146,1.35147,1.13,1.20
2013.11.25 17:56:03.222,1.35147,1.35148,3.75,3.00
2013.11.25 17:56:03.726,1.35147,1.3515,1.00,4.28
2013.11.25 17:56:04.279,1.35147,1.35149,1.00,2.40
2013.11.25 17:56:07.224,1.35147,1.35149,2.40,1.00
2013.11.25 17:56:07.376,1.35149,1.35152,2.25,4.69
2013.11.25 17:56:07.527,1.35151,1.35152,1.00,3.38
2013.11.25 17:56:11.888,1.35151,1.35153,2.25,1.88
2013.11.25 17:56:12.404,1.35151,1.35153,3.00,2.25
2013.11.25 17:56:12.926,1.35151,1.35153,3.00,2.25
2013.11.25 17:56:14.540,1.35152,1.35154,2.25,1.88
2013.11.25 17:56:14.843,1.35153,1.35156,4.50,1.50
2013.11.25 17:56:15.347,1.35155,1.35157,1.50,3.53
2013.11.25 17:56:17.550,1.35154,1.35157,1.50,3.15
2013.11.25 17:56:19.590,1.35155,1.35157,1.00,3.15
2013.11.25 17:56:25.322,1.35154,1.35157,1.13,2.40
2013.11.25 17:56:27.054,1.35155,1.35157,1.00,3.15
2013.11.25 17:56:30.389,1.35156,1.35157,1.10,1.20
2013.11.25 17:56:30.440,1.35157,1.35159,4.68,2.25
2013.11.25 17:56:30.743,1.3516,1.35161,2.33,1.00
2013.11.25 17:56:31.292,1.3516,1.35164,5.03,8.22
2013.11.25 17:56:34.154,1.3516,1.35162,4.65,1.00
2013.11.25 17:56:34.681,1.35161,1.35163,2.25,2.63
2013.11.25 17:56:38.773,1.35161,1.35163,2.25,2.63
2013.11.25 17:56:39.985,1.35161,1.35163,2.25,2.63
2013.11.25 17:56:55.850,1.35161,1.35163,2.25,2.63
2013.11.25 17:57:04.224,1.35162,1.35163,2.25,1.20
2013.11.25 17:57:04.476,1.35163,1.35166,3.90,1.88
2013.11.25 17:57:04.627,1.35163,1.35165,3.40,1.50
2013.11.25 17:57:05.148,1.35163,1.35165,4.65,1.50
2013.11.25 17:57:05.660,1.35163,1.35165,2.25,1.00
2013.11.25 17:57:06.187,1.35162,1.35164,3.00,1.00
2013.11.25 17:57:06.339,1.35161,1.35163,7.28,1.00
2013.11.25 17:57:15.570,1.3516,1.35163,5.03,1.00
2013.11.25 17:57:16.237,1.3516,1.35162,3.75,1.38
2013.11.25 17:57:16.440,1.3516,1.35163,8.03,1.50
2013.11.25 17:57:16.970,1.3516,1.35162,2.78,1.00
2013.11.25 17:57:20.207,1.3516,1.35163,3.53,1.00
2013.11.25 17:57:34.018,1.35161,1.35164,1.13,3.90
2013.11.25 17:57:39.189,1.35162,1.35165,1.00,4.65
2013.11.25 17:57:40.479,1.35164,1.35168,2.50,6.00
2013.11.25 17:57:40.631,1.35166,1.35168,9.60,2.25
2013.11.25 17:57:41.187,1.35166,1.35168,3.15,2.25
2013.11.25 17:57:41.692,1.35166,1.35168,8.78,1.00
2013.11.25 17:57:41.793,1.35168,1.3517,4.00,5.40
2013.11.25 17:57:42.603,1.35168,1.3517,3.75,2.40
2013.11.25 17:57:45.719,1.35169,1.3517,1.00,1.20
2013.11.25 17:57:46.758,1.35168,1.3517,3.75,1.65
2013.11.25 17:57:48.919,1.35168,1.3517,1.50,6.90
2013.11.25 17:57:52.931,1.35166,1.35168,1.65,4.35
2013.11.25 17:57:53.234,1.35164,1.35166,1.20,4.13
2013.11.25 17:57:53.487,1.35163,1.35165,1.50,5.63
2013.11.25 17:57:53.996,1.35163,1.35164,2.25,1.00
2013.11.25 17:57:58.743,1.35163,1.35166,2.33,3.83
2013.11.25 17:58:01.051,1.35163,1.35164,2.25,1.00
2013.11.25 17:58:01.555,1.35164,1.35168,14.26,2.18
2013.11.25 17:58:02.071,1.35165,1.35167,8.40,1.50
2013.11.25 17:58:02.374,1.35167,1.35172,16.13,3.60
2013.11.25 17:58:02.424,1.35169,1.35171,6.38,1.13
2013.11.25 17:58:02.929,1.35169,1.35172,8.78,1.00
2013.11.25 17:58:12.265,1.35169,1.35171,3.00,1.00
2013.11.25 17:58:14.488,1.35169,1.3517,1.00,1.00
2013.11.25 17:58:14.640,1.35162,1.35166,3.00,10.43
2013.11.25 17:58:14.691,1.35162,1.35164,2.25,2.25
2013.11.25 17:58:14.993,1.3516,1.35163,5.25,4.09
2013.11.25 17:58:15.497,1.3516,1.35162,1.13,3.23
2013.11.25 17:58:28.028,1.3516,1.35162,6.75,1.30
2013.11.25 17:58:30.307,1.3516,1.35161,5.25,1.00
2013.11.25 17:58:30.953,1.3516,1.35162,5.25,1.88
2013.11.25 17:58:33.263,1.35161,1.35163,1.00,5.63
2013.11.25 17:58:34.027,1.3516,1.35162,4.50,1.50
2013.11.25 17:58:34.128,1.35159,1.35161,1.00,3.00
2013.11.25 17:58:34.229,1.35158,1.35159,4.13,1.65
2013.11.25 17:58:34.683,1.35159,1.35161,3.38,1.65
2013.11.25 17:58:35.694,1.35159,1.3516,3.38,1.00
2013.11.25 17:58:36.279,1.3516,1.35162,2.25,2.25
2013.11.25 17:58:36.380,1.3516,1.35162,3.00,2.85
2013.11.25 17:58:39.077,1.35161,1.35162,1.00,2.10
2013.11.25 17:58:42.382,1.3516,1.35162,4.50,1.73
2013.11.25 17:58:42.886,1.3516,1.35164,2.50,4.50
2013.11.25 17:58:44.617,1.35162,1.35163,1.00,1.20
2013.11.25 17:58:48.792,1.3516,1.35163,10.28,1.00
2013.11.25 17:58:52.277,1.35162,1.35164,1.00,2.63
2013.11.25 17:58:53.449,1.35162,1.35164,1.00,1.13
2013.11.25 17:58:54.287,1.35162,1.35165,1.00,4.28
2013.11.25 17:58:54.799,1.35162,1.35165,1.00,1.50
2013.11.25 17:58:55.354,1.35161,1.35165,1.88,2.33
2013.11.25 17:58:55.607,1.35161,1.35164,1.38,2.40
2013.11.25 17:58:56.130,1.35161,1.35165,2.13,6.90
2013.11.25 17:58:58.969,1.35162,1.35164,1.13,1.20
2013.11.25 17:59:01.491,1.35162,1.35164,1.00,2.40
2013.11.25 17:59:03.933,1.35162,1.35164,1.00,1.28
2013.11.25 17:59:06.109,1.35161,1.35164,1.88,2.03
2013.11.25 17:59:07.576,1.35161,1.35165,2.13,7.88
2013.11.25 17:59:08.403,1.35157,1.35163,8.25,5.25
2013.11.25 17:59:08.504,1.35156,1.35159,4.50,4.28
2013.11.25 17:59:08.555,1.35156,1.35158,4.50,2.26
2013.11.25 17:59:08.606,1.35154,1.35158,3.45,6.58
2013.11.25 17:59:08.807,1.35154,1.35158,2.63,3.83
2013.11.25 17:59:09.110,1.35157,1.35161,4.28,2.40
2013.11.25 17:59:09.363,1.35155,1.35158,15.00,4.20
2013.11.25 17:59:10.473,1.35153,1.35156,1.13,3.08
2013.11.25 17:59:10.977,1.35152,1.35155,2.63,2.40
2013.11.25 17:59:11.581,1.35152,1.35155,1.88,4.65
2013.11.25 17:59:12.335,1.35152,1.35156,4.13,3.38
2013.11.25 17:59:14.030,1.35152,1.35156,4.50,4.35
2013.11.25 17:59:14.366,1.35152,1.35156,3.75,6.60
2013.11.25 17:59:14.809,1.35153,1.35156,1.00,7.20
2013.11.25 17:59:15.885,1.35151,1.35153,6.00,1.50
2013.11.25 17:59:15.986,1.35151,1.35152,4.88,1.50
2013.11.25 17:59:16.087,1.35148,1.35151,2.63,7.88
2013.11.25 17:59:20.085,1.35148,1.3515,3.75,3.90
2013.11.25 17:59:20.597,1.35148,1.3515,1.50,8.03
2013.11.25 17:59:21.115,1.35148,1.3515,2.50,7.88
2013.11.25 17:59:23.935,1.35148,1.3515,2.25,9.15
2013.11.25 17:59:24.463,1.35148,1.3515,4.75,3.75
2013.11.25 17:59:24.967,1.35148,1.3515,4.50,4.65
2013.11.25 17:59:30.025,1.35147,1.35148,3.00,1.00
2013.11.25 17:59:30.428,1.35145,1.35147,6.34,3.25
2013.11.25 17:59:30.882,1.35147,1.35148,1.00,5.44
2013.11.25 17:59:31.185,1.35148,1.35151,6.63,1.50
2013.11.25 17:59:31.337,1.35151,1.35152,1.00,4.50
2013.11.25 17:59:31.840,1.35151,1.35153,1.00,7.28
2013.11.25 17:59:32.354,1.35151,1.35153,1.00,7.28
2013.11.25 17:59:33.986,1.35151,1.35153,1.00,3.90
2013.11.25 17:59:38.246,1.35151,1.35153,1.00,1.20
2013.11.25 17:59:42.570,1.35151,1.35153,1.38,1.65
2013.11.25 17:59:46.672,1.3515,1.35155,4.13,11.29
2013.11.25 17:59:47.212,1.3515,1.35152,3.38,1.50
2013.11.25 17:59:47.716,1.35152,1.35153,1.00,1.65
2013.11.25 17:59:49.503,1.35151,1.35153,1.13,1.65
2013.11.25 17:59:51.727,1.35151,1.35154,1.38,4.13
2013.11.25 17:59:57.344,1.3515,1.35153,2.63,3.90
2013.11.25 17:59:57.445,1.3515,1.35151,1.13,2.25
2013.11.25 17:59:57.748,1.35145,1.35147,7.50,1.00
2013.11.25 17:59:57.799,1.35145,1.35146,4.50,3.00
2013.11.25 17:59:58.304,1.35143,1.35145,2.25,1.00
2013.11.25 17:59:58.657,1.35144,1.35146,1.50,1.00
2013.11.25 17:59:58.707,1.35141,1.35145,3.75,7.35
2013.11.25 17:59:58.758,1.35139,1.35143,5.25,4.88
2013.11.25 17:59:58.910,1.35136,1.35139,1.05,5.37
2013.11.25 17:59:58.961,1.35136,1.35138,1.88,2.25
2013.11.25 17:59:59.062,1.35137,1.3514,1.50,11.03
2013.11.25 17:59:59.165,1.3514,1.35141,1.00,2.63
2013.11.25 17:59:59.266,1.3514,1.35142,1.88,3.53
2013.11.25 17:59:59.468,1.3514,1.35142,1.38,2.25
2013.11.25 17:59:59.770,1.3514,1.35142,4.50,1.20
