2010.12.09 06:00:00.322,1.33056,1.33067,2.10,1.50
2010.12.09 06:00:00.866,1.33057,1.33067,4.40,1.50
2010.12.09 06:00:01.668,1.33056,1.33071,1.10,17.10
2010.12.09 06:00:01.811,1.3306,1.3307,3.80,3.00
2010.12.09 06:00:02.401,1.33062,1.33072,1.70,1.50
2010.12.09 06:00:08.238,1.3307,1.33083,1.70,3.80
2010.12.09 06:00:08.899,1.3307,1.3308,1.70,3.80
2010.12.09 06:00:09.011,1.33068,1.3308,3.80,3.80
2010.12.09 06:00:09.132,1.33069,1.33081,1.70,2.30
2010.12.09 06:00:09.673,1.33069,1.33082,2.50,1.50
2010.12.09 06:00:09.790,1.3307,1.33082,1.70,1.50
2010.12.09 06:00:10.569,1.3307,1.33083,1.70,4.20
2010.12.09 06:00:11.524,1.3307,1.33082,1.70,2.30
2010.12.09 06:00:16.979,1.3307,1.33082,1.70,1.50
2010.12.09 06:00:18.375,1.3307,1.33083,3.70,2.70
2010.12.09 06:00:19.365,1.33077,1.33084,1.40,6.00
2010.12.09 06:00:20.036,1.33077,1.33089,1.40,6.00
2010.12.09 06:00:20.184,1.33076,1.33088,1.50,2.70
2010.12.09 06:00:20.410,1.33074,1.33088,3.00,3.40
2010.12.09 06:00:22.199,1.33075,1.33088,1.50,3.40
2010.12.09 06:00:27.642,1.33076,1.33088,1.20,3.00
2010.12.09 06:00:27.767,1.33077,1.3309,4.40,3.00
2010.12.09 06:00:28.848,1.33078,1.3309,3.20,3.00
2010.12.09 06:00:29.423,1.33078,1.3309,3.20,2.30
2010.12.09 06:00:30.425,1.33078,1.3309,3.20,2.30
2010.12.09 06:00:38.099,1.3308,1.33093,1.70,4.20
2010.12.09 06:00:53.240,1.3308,1.33091,1.70,1.50
2010.12.09 06:00:59.668,1.33079,1.33091,1.70,2.30
2010.12.09 06:01:05.882,1.33079,1.33092,1.70,2.30
2010.12.09 06:01:06.764,1.33081,1.33092,1.70,2.30
2010.12.09 06:01:06.885,1.33081,1.33094,6.60,1.50
2010.12.09 06:01:08.774,1.33079,1.33092,1.70,2.30
2010.12.09 06:01:10.118,1.33079,1.33091,1.70,3.00
2010.12.09 06:01:10.784,1.33078,1.33089,2.30,1.90
2010.12.09 06:01:11.119,1.33075,1.33088,2.50,1.20
2010.12.09 06:01:11.675,1.33075,1.33087,2.50,1.50
2010.12.09 06:01:40.726,1.33075,1.33085,2.30,2.30
2010.12.09 06:01:40.845,1.3307,1.33083,1.50,4.90
2010.12.09 06:01:41.180,1.3307,1.33082,1.50,1.50
2010.12.09 06:01:53.330,1.33071,1.33083,1.70,4.20
2010.12.09 06:01:54.380,1.33069,1.33083,2.50,4.20
2010.12.09 06:02:02.879,1.33069,1.33082,1.70,1.50
2010.12.09 06:02:16.279,1.33068,1.3308,2.50,2.30
2010.12.09 06:02:18.304,1.33068,1.33078,1.50,1.90
2010.12.09 06:02:18.648,1.33061,1.33074,3.00,1.20
2010.12.09 06:02:18.763,1.33061,1.33074,1.50,4.90
2010.12.09 06:02:18.880,1.3306,1.33073,2.50,1.90
2010.12.09 06:02:19.608,1.33059,1.3307,2.50,1.50
2010.12.09 06:02:27.234,1.33058,1.33068,1.50,1.20
2010.12.09 06:02:27.471,1.33055,1.33068,1.50,1.20
2010.12.09 06:02:29.539,1.33055,1.33065,1.50,1.50
2010.12.09 06:02:37.678,1.33055,1.33063,1.50,1.50
2010.12.09 06:02:38.480,1.3305,1.33062,1.70,1.50
2010.12.09 06:02:38.606,1.33052,1.33064,1.40,1.50
2010.12.09 06:02:40.100,1.33052,1.33064,1.40,1.50
2010.12.09 06:02:46.683,1.3305,1.33061,2.30,1.50
2010.12.09 06:02:47.189,1.3305,1.33061,3.00,1.50
2010.12.09 06:02:47.309,1.33051,1.33064,2.90,2.30
2010.12.09 06:02:48.464,1.3305,1.33064,3.00,6.80
2010.12.09 06:02:50.008,1.33051,1.33063,1.70,2.70
2010.12.09 06:02:56.300,1.3305,1.3306,2.50,1.50
2010.12.09 06:02:56.927,1.33047,1.3306,2.30,5.30
2010.12.09 06:02:59.305,1.33045,1.33058,2.30,1.20
2010.12.09 06:03:00.103,1.33045,1.33054,1.50,1.50
2010.12.09 06:03:01.482,1.33045,1.33055,1.50,1.50
2010.12.09 06:03:02.411,1.33045,1.33056,2.30,1.50
2010.12.09 06:03:02.536,1.33047,1.3306,4.40,2.30
2010.12.09 06:03:03.248,1.3305,1.33063,2.30,2.70
2010.12.09 06:03:04.240,1.33052,1.33063,1.40,2.30
2010.12.09 06:03:04.361,1.33053,1.33066,1.70,1.50
2010.12.09 06:03:05.379,1.33052,1.33066,2.90,1.50
2010.12.09 06:03:19.004,1.33053,1.33067,1.50,3.00
2010.12.09 06:03:25.789,1.33053,1.33064,1.50,4.50
2010.12.09 06:03:26.009,1.33051,1.33063,1.50,1.20
2010.12.09 06:03:27.355,1.33051,1.33063,1.70,3.40
2010.12.09 06:03:29.425,1.33053,1.33064,1.70,4.50
2010.12.09 06:04:07.212,1.33052,1.33063,2.30,1.20
2010.12.09 06:04:07.875,1.33054,1.33063,1.50,1.20
2010.12.09 06:04:08.979,1.33054,1.33065,1.70,7.50
2010.12.09 06:04:09.538,1.33058,1.33066,2.50,1.50
2010.12.09 06:04:09.675,1.33059,1.33071,1.50,2.30
2010.12.09 06:04:11.738,1.3306,1.33073,2.50,4.90
2010.12.09 06:04:20.602,1.33062,1.33073,1.20,3.80
2010.12.09 06:04:21.183,1.33063,1.33076,1.80,2.30
2010.12.09 06:04:23.620,1.33063,1.33078,1.70,3.40
2010.12.09 06:04:28.227,1.33065,1.33078,1.50,3.40
2010.12.09 06:04:28.373,1.33065,1.33078,1.50,1.90
2010.12.09 06:04:28.601,1.33063,1.33078,3.20,3.40
2010.12.09 06:05:16.291,1.33063,1.33074,4.50,4.90
2010.12.09 06:05:16.414,1.33061,1.33074,3.00,4.90
2010.12.09 06:05:18.156,1.33062,1.33073,3.20,1.90
2010.12.09 06:05:18.382,1.33062,1.33076,3.60,2.70
2010.12.09 06:05:28.240,1.33066,1.33077,1.50,2.30
2010.12.09 06:05:28.465,1.33063,1.33074,1.50,4.90
2010.12.09 06:05:29.025,1.33061,1.33074,3.20,4.90
2010.12.09 06:05:30.132,1.33061,1.33073,3.20,2.70
2010.12.09 06:05:30.361,1.33061,1.33071,2.50,1.50
2010.12.09 06:05:31.611,1.33059,1.33069,1.50,1.20
2010.12.09 06:05:31.960,1.3306,1.33071,1.50,1.50
2010.12.09 06:05:32.696,1.33058,1.33069,2.30,1.20
2010.12.09 06:05:34.467,1.33056,1.33065,3.00,1.50
2010.12.09 06:05:39.357,1.33057,1.33068,4.70,1.20
2010.12.09 06:05:43.032,1.33058,1.33068,3.20,1.20
2010.12.09 06:05:49.287,1.33058,1.33068,1.70,1.20
2010.12.09 06:05:50.140,1.33058,1.33068,1.70,1.30
2010.12.09 06:05:50.518,1.33058,1.33068,1.70,1.20
2010.12.09 06:05:53.291,1.33056,1.33068,3.00,2.30
2010.12.09 06:05:55.788,1.33053,1.33065,2.50,1.50
2010.12.09 06:05:56.919,1.33053,1.33063,1.70,1.20
2010.12.09 06:06:02.781,1.33054,1.33063,1.50,1.20
2010.12.09 06:06:13.420,1.33054,1.33064,2.30,1.90
2010.12.09 06:06:13.643,1.33055,1.33068,2.50,1.90
2010.12.09 06:06:13.760,1.33057,1.33068,2.50,1.20
2010.12.09 06:06:14.625,1.33058,1.3307,1.50,1.50
2010.12.09 06:06:16.879,1.33059,1.3307,1.70,1.50
2010.12.09 06:06:19.856,1.33059,1.3307,2.50,1.50
2010.12.09 06:06:20.191,1.33067,1.33074,1.40,4.50
2010.12.09 06:06:20.310,1.33062,1.33075,1.40,1.60
2010.12.09 06:06:21.128,1.33064,1.33075,2.90,1.50
2010.12.09 06:06:25.009,1.33065,1.33077,1.50,1.50
2010.12.09 06:06:25.858,1.33062,1.33077,2.10,1.50
2010.12.09 06:06:29.130,1.33062,1.33076,1.40,2.30
2010.12.09 06:06:29.604,1.33063,1.33076,1.50,1.50
2010.12.09 06:06:38.196,1.33061,1.33076,4.40,3.00
2010.12.09 06:06:52.850,1.33061,1.33075,2.90,1.50
2010.12.09 06:06:55.737,1.33063,1.33076,1.50,3.00
2010.12.09 06:06:55.962,1.33063,1.33076,1.50,1.50
2010.12.09 06:06:56.697,1.33066,1.33076,1.50,1.50
2010.12.09 06:07:17.829,1.33065,1.33076,1.50,2.30
2010.12.09 06:07:20.083,1.33065,1.33076,1.50,2.30
2010.12.09 06:07:20.202,1.33067,1.33076,2.90,2.30
2010.12.09 06:07:22.652,1.33067,1.33073,5.30,1.50
2010.12.09 06:07:22.880,1.33065,1.33073,1.50,1.90
2010.12.09 06:07:24.251,1.33064,1.33076,3.00,1.50
2010.12.09 06:07:31.630,1.33064,1.33076,3.00,2.30
2010.12.09 06:07:32.376,1.33066,1.33076,1.50,1.50
2010.12.09 06:07:40.190,1.33062,1.33076,5.10,2.30
2010.12.09 06:07:41.149,1.33062,1.33075,4.50,1.50
2010.12.09 06:07:44.954,1.33066,1.33076,1.50,1.50
2010.12.09 06:08:00.518,1.33066,1.33076,1.50,1.50
2010.12.09 06:08:00.740,1.33068,1.3308,3.40,3.80
2010.12.09 06:08:02.123,1.33073,1.33081,1.40,2.30
2010.12.09 06:08:02.355,1.33073,1.33083,1.40,2.30
2010.12.09 06:08:03.522,1.33077,1.33089,6.60,1.50
2010.12.09 06:08:03.751,1.33078,1.33091,1.40,3.00
2010.12.09 06:08:03.983,1.33078,1.33091,1.40,2.30
2010.12.09 06:08:04.655,1.33078,1.33091,2.90,2.30
2010.12.09 06:08:05.639,1.33084,1.33094,1.70,1.50
2010.12.09 06:08:05.870,1.33086,1.33096,1.50,1.50
2010.12.09 06:08:15.953,1.33088,1.331,1.20,5.30
2010.12.09 06:08:16.510,1.33088,1.33101,1.20,3.80
2010.12.09 06:08:18.350,1.33089,1.33101,1.40,3.80
2010.12.09 06:08:20.068,1.33093,1.33104,1.40,2.30
2010.12.09 06:08:20.849,1.33092,1.33105,3.60,1.50
2010.12.09 06:08:34.358,1.33092,1.33105,3.60,1.50
2010.12.09 06:08:40.712,1.33092,1.33103,3.60,1.50
2010.12.09 06:08:40.863,1.33087,1.331,2.90,2.30
2010.12.09 06:08:43.190,1.33087,1.331,6.60,1.50
2010.12.09 06:08:47.970,1.33087,1.33098,5.30,1.20
2010.12.09 06:08:48.516,1.33084,1.33098,2.50,1.20
2010.12.09 06:08:52.764,1.33085,1.33096,1.70,1.50
2010.12.09 06:08:53.368,1.33087,1.33096,2.10,1.50
2010.12.09 06:08:53.567,1.33089,1.33101,2.50,1.50
2010.12.09 06:09:00.265,1.33092,1.33101,1.40,1.50
2010.12.09 06:09:00.294,1.33093,1.33104,1.70,1.50
2010.12.09 06:09:00.851,1.33091,1.33103,3.00,1.20
2010.12.09 06:09:01.632,1.3309,1.33101,1.70,1.50
2010.12.09 06:09:27.737,1.33087,1.33098,6.00,1.20
2010.12.09 06:09:30.999,1.33085,1.33096,1.70,1.50
2010.12.09 06:09:37.682,1.33083,1.33094,2.30,1.20
2010.12.09 06:09:37.911,1.33084,1.33097,1.70,1.50
2010.12.09 06:09:38.029,1.33084,1.33094,1.70,1.50
2010.12.09 06:09:38.754,1.33084,1.33096,2.50,1.50
2010.12.09 06:09:45.998,1.33085,1.33098,1.50,1.90
2010.12.09 06:09:50.272,1.33082,1.33098,5.90,1.90
2010.12.09 06:09:57.488,1.33087,1.331,8.10,1.50
2010.12.09 06:09:58.401,1.33087,1.33099,5.30,1.20
2010.12.09 06:09:58.633,1.33088,1.331,2.10,1.50
2010.12.09 06:09:59.180,1.33091,1.33101,1.70,4.20
2010.12.09 06:09:59.297,1.33093,1.33105,2.10,2.30
2010.12.09 06:10:00.281,1.33097,1.33105,1.50,1.50
2010.12.09 06:10:09.141,1.33093,1.33104,1.20,1.50
2010.12.09 06:10:09.267,1.3309,1.33103,1.50,3.00
2010.12.09 06:10:09.380,1.33089,1.331,1.70,1.50
2010.12.09 06:10:10.546,1.33087,1.33099,3.80,1.20
2010.12.09 06:10:10.666,1.33087,1.33099,2.30,1.90
2010.12.09 06:10:14.035,1.33088,1.33096,1.50,1.50
2010.12.09 06:10:15.155,1.33088,1.33099,1.40,1.50
2010.12.09 06:10:17.443,1.33088,1.33101,1.40,3.80
2010.12.09 06:10:17.570,1.33093,1.33103,2.10,1.50
2010.12.09 06:10:17.791,1.33093,1.33105,2.10,2.30
2010.12.09 06:10:38.580,1.33093,1.33105,1.70,1.20
2010.12.09 06:10:38.911,1.33089,1.33103,2.50,2.30
2010.12.09 06:10:39.574,1.33089,1.33101,1.70,1.50
2010.12.09 06:10:39.799,1.33089,1.33101,1.70,3.00
2010.12.09 06:10:44.779,1.33093,1.33103,1.40,1.50
2010.12.09 06:10:44.891,1.33093,1.33105,1.40,1.50
2010.12.09 06:10:45.012,1.33093,1.33106,1.40,2.30
2010.12.09 06:10:46.540,1.33093,1.33104,2.10,4.50
2010.12.09 06:10:47.241,1.33092,1.33101,3.00,1.50
2010.12.09 06:10:57.749,1.33091,1.33101,3.20,1.50
2010.12.09 06:11:18.874,1.33091,1.33101,1.70,1.50
2010.12.09 06:11:22.601,1.33091,1.33099,1.70,1.20
2010.12.09 06:11:23.318,1.33092,1.33101,1.40,1.50
2010.12.09 06:11:26.504,1.33092,1.33104,1.40,3.00
2010.12.09 06:11:30.113,1.33092,1.33101,2.10,3.80
2010.12.09 06:11:30.239,1.3309,1.33101,1.50,3.80
2010.12.09 06:11:36.928,1.33089,1.33101,1.70,3.80
2010.12.09 06:11:40.208,1.33089,1.33101,1.70,3.80
2010.12.09 06:12:13.679,1.33087,1.331,4.40,1.50
2010.12.09 06:12:25.261,1.33087,1.33095,1.50,1.50
2010.12.09 06:12:25.394,1.33084,1.33093,2.50,4.90
2010.12.09 06:12:25.511,1.33079,1.33093,6.60,4.90
2010.12.09 06:12:26.070,1.33081,1.33091,1.50,2.30
2010.12.09 06:12:29.301,1.33081,1.33091,1.90,2.30
2010.12.09 06:12:29.854,1.33082,1.33091,1.40,2.30
2010.12.09 06:12:29.975,1.33083,1.33094,1.70,2.30
2010.12.09 06:12:30.201,1.33082,1.33094,2.10,2.30
2010.12.09 06:12:34.535,1.33085,1.33094,1.70,2.30
2010.12.09 06:12:34.666,1.33087,1.33099,2.90,1.50
2010.12.09 06:12:36.311,1.33087,1.33099,2.90,1.50
2010.12.09 06:12:49.379,1.33087,1.33101,3.60,3.80
2010.12.09 06:12:49.712,1.33092,1.33102,1.40,1.50
2010.12.09 06:12:50.323,1.33092,1.33104,1.40,3.80
2010.12.09 06:12:50.659,1.33092,1.33104,1.40,3.80
2010.12.09 06:12:52.721,1.3309,1.33103,2.50,1.20
2010.12.09 06:12:53.528,1.3309,1.33101,2.50,1.50
2010.12.09 06:12:59.531,1.3309,1.33101,1.70,2.30
2010.12.09 06:13:06.409,1.33089,1.33101,3.20,2.30
2010.12.09 06:13:24.180,1.3309,1.33101,2.30,1.50
2010.12.09 06:13:31.939,1.33091,1.33101,1.50,1.50
2010.12.09 06:13:36.221,1.33091,1.33101,2.30,1.50
2010.12.09 06:13:37.561,1.33092,1.33104,1.20,1.50
2010.12.09 06:13:39.114,1.33094,1.33104,1.70,1.50
2010.12.09 06:13:39.853,1.33099,1.33109,1.50,1.80
2010.12.09 06:13:57.998,1.33089,1.33102,3.80,1.50
2010.12.09 06:14:05.436,1.33089,1.33101,3.00,1.50
2010.12.09 06:14:07.870,1.33089,1.33101,3.00,2.30
2010.12.09 06:14:40.223,1.33087,1.33101,5.90,3.00
2010.12.09 06:14:41.103,1.33085,1.33099,3.00,1.20
2010.12.09 06:14:41.222,1.33084,1.33096,2.30,1.70
2010.12.09 06:14:41.342,1.33074,1.33087,2.30,1.70
2010.12.09 06:14:42.556,1.33073,1.33085,2.30,2.40
2010.12.09 06:14:43.002,1.33072,1.33085,3.80,2.40
2010.12.09 06:14:45.532,1.33072,1.33085,4.50,1.50
2010.12.09 06:14:46.133,1.33077,1.33085,1.50,1.50
2010.12.09 06:14:46.297,1.33078,1.33091,1.50,1.50
2010.12.09 06:14:46.412,1.33078,1.33091,2.30,3.00
2010.12.09 06:14:49.785,1.3308,1.33091,1.50,3.00
2010.12.09 06:14:51.110,1.33079,1.33091,2.30,3.00
2010.12.09 06:14:52.923,1.3308,1.33091,1.50,3.00
2010.12.09 06:14:57.583,1.33079,1.33091,3.00,3.00
2010.12.09 06:14:57.704,1.33078,1.33089,1.50,1.20
2010.12.09 06:14:58.296,1.33078,1.33087,1.50,1.50
2010.12.09 06:14:58.422,1.33074,1.33087,3.80,1.50
2010.12.09 06:14:58.654,1.33077,1.33087,2.70,1.50
2010.12.09 06:14:58.771,1.33077,1.33088,2.70,2.30
2010.12.09 06:15:00.571,1.33077,1.33089,2.70,1.50
2010.12.09 06:15:01.620,1.33077,1.33085,2.30,1.50
2010.12.09 06:15:02.062,1.33074,1.33085,1.50,1.50
2010.12.09 06:15:03.833,1.33074,1.33085,3.00,1.50
2010.12.09 06:15:03.965,1.33077,1.33089,2.90,1.50
2010.12.09 06:15:09.602,1.33073,1.33088,1.50,1.20
2010.12.09 06:15:09.725,1.33073,1.33085,1.50,1.50
2010.12.09 06:15:14.933,1.33072,1.33085,5.30,1.50
2010.12.09 06:15:15.289,1.33083,1.33089,1.50,1.50
2010.12.09 06:15:15.875,1.33082,1.33092,6.40,1.50
2010.12.09 06:15:16.019,1.33084,1.33096,1.50,1.50
2010.12.09 06:15:19.551,1.33084,1.33094,1.50,1.50
2010.12.09 06:15:22.835,1.33084,1.33097,2.30,1.50
2010.12.09 06:15:24.402,1.33084,1.33097,4.00,1.50
2010.12.09 06:15:24.522,1.33086,1.33097,1.20,1.50
2010.12.09 06:16:13.670,1.33087,1.33099,2.90,1.50
2010.12.09 06:16:25.588,1.33087,1.33099,2.90,1.50
2010.12.09 06:16:46.980,1.33087,1.33101,5.10,3.00
2010.12.09 06:16:48.468,1.33087,1.331,3.60,2.40
2010.12.09 06:16:50.494,1.33087,1.33096,1.50,1.70
2010.12.09 06:16:50.614,1.33085,1.33096,1.50,1.70
2010.12.09 06:16:50.731,1.33082,1.33096,2.90,1.70
2010.12.09 06:17:15.333,1.33084,1.33096,2.70,3.00
2010.12.09 06:17:15.561,1.33087,1.33099,1.20,2.30
2010.12.09 06:17:15.781,1.3309,1.33099,1.50,1.50
2010.12.09 06:17:22.316,1.3309,1.331,1.50,1.50
2010.12.09 06:17:22.548,1.3309,1.33099,1.50,2.30
2010.12.09 06:17:22.888,1.33086,1.33099,2.30,2.30
2010.12.09 06:17:23.754,1.33084,1.33097,3.80,1.50
2010.12.09 06:17:23.875,1.33086,1.33091,3.80,3.80
2010.12.09 06:17:24.442,1.33082,1.33092,1.50,3.80
2010.12.09 06:17:24.570,1.33078,1.33093,2.30,7.50
2010.12.09 06:17:25.228,1.33078,1.33089,2.30,2.30
2010.12.09 06:17:29.903,1.33077,1.33086,1.50,2.30
2010.12.09 06:17:30.021,1.33066,1.33077,2.30,2.30
2010.12.09 06:17:30.926,1.33064,1.33077,2.30,2.30
2010.12.09 06:17:31.051,1.33064,1.33075,2.30,1.70
2010.12.09 06:17:32.799,1.33067,1.3308,1.50,2.30
2010.12.09 06:17:35.143,1.33069,1.33081,2.70,1.50
2010.12.09 06:17:35.261,1.33071,1.33081,1.50,1.50
2010.12.09 06:17:35.381,1.33071,1.33084,1.50,2.30
2010.12.09 06:17:36.084,1.3307,1.33084,4.20,2.30
2010.12.09 06:17:38.660,1.33071,1.33085,2.70,3.00
2010.12.09 06:17:43.401,1.33072,1.33085,1.50,2.30
2010.12.09 06:17:56.920,1.33071,1.33085,2.30,2.30
2010.12.09 06:17:58.177,1.33068,1.33073,2.50,3.80
2010.12.09 06:17:58.418,1.33061,1.33073,2.30,4.20
2010.12.09 06:17:58.538,1.3306,1.33072,2.30,1.20
2010.12.09 06:17:59.236,1.3306,1.33071,1.50,1.50
2010.12.09 06:18:00.902,1.33058,1.33069,1.50,1.50
2010.12.09 06:18:04.038,1.33057,1.33069,4.00,1.50
2010.12.09 06:18:07.280,1.33059,1.33069,1.50,1.50
2010.12.09 06:18:07.391,1.33059,1.33071,2.30,1.50
2010.12.09 06:18:08.246,1.33059,1.33072,3.00,2.70
2010.12.09 06:18:27.881,1.33059,1.33071,3.00,1.20
2010.12.09 06:18:32.491,1.33059,1.33072,3.00,2.70
2010.12.09 06:18:36.563,1.3306,1.33071,2.30,1.20
2010.12.09 06:18:37.428,1.3306,1.33067,1.50,1.20
2010.12.09 06:18:37.590,1.3305,1.33064,1.40,1.50
2010.12.09 06:18:37.811,1.33052,1.33064,1.50,1.50
2010.12.09 06:18:38.875,1.33055,1.33066,1.50,1.90
2010.12.09 06:18:39.217,1.33053,1.33066,1.50,1.90
2010.12.09 06:18:41.236,1.33053,1.33064,1.50,1.50
2010.12.09 06:18:44.685,1.33051,1.33061,1.50,4.20
2010.12.09 06:18:45.343,1.33046,1.33057,1.50,1.20
2010.12.09 06:18:45.466,1.33044,1.33057,3.00,1.20
2010.12.09 06:18:48.694,1.33046,1.33058,1.50,2.30
2010.12.09 06:19:00.250,1.33047,1.33059,1.60,1.50
2010.12.09 06:19:03.440,1.33047,1.33059,1.50,1.50
2010.12.09 06:19:04.364,1.33047,1.33057,1.50,1.20
2010.12.09 06:19:04.708,1.33044,1.33056,2.30,1.20
2010.12.09 06:19:11.832,1.33043,1.33055,1.50,1.50
2010.12.09 06:19:12.399,1.33043,1.33053,1.50,1.50
2010.12.09 06:19:12.739,1.3304,1.33051,2.30,1.20
2010.12.09 06:19:15.700,1.33036,1.33043,1.50,4.50
2010.12.09 06:19:15.814,1.33035,1.33043,1.50,3.80
2010.12.09 06:19:16.152,1.33035,1.33045,2.30,2.30
2010.12.09 06:19:18.411,1.33035,1.33047,2.30,1.90
2010.12.09 06:19:19.233,1.33033,1.33044,1.50,1.50
2010.12.09 06:19:23.544,1.33032,1.33044,1.20,3.00
2010.12.09 06:19:25.341,1.3303,1.33042,10.40,1.50
2010.12.09 06:19:25.456,1.3303,1.33041,8.90,1.50
2010.12.09 06:19:33.025,1.3303,1.3304,6.80,2.30
2010.12.09 06:19:33.254,1.33031,1.33044,1.40,1.50
2010.12.09 06:19:35.072,1.33032,1.33044,1.20,1.50
2010.12.09 06:19:37.753,1.33032,1.33045,1.90,2.30
2010.12.09 06:19:39.291,1.33033,1.33045,1.20,2.30
2010.12.09 06:19:39.517,1.33034,1.33045,2.30,1.50
2010.12.09 06:19:40.142,1.33036,1.33048,1.50,1.50
2010.12.09 06:19:40.485,1.33035,1.3304,1.30,1.50
2010.12.09 06:19:40.603,1.33031,1.3304,3.00,1.50
2010.12.09 06:19:43.571,1.33032,1.33041,1.70,1.50
2010.12.09 06:19:43.791,1.33033,1.33041,1.70,1.50
2010.12.09 06:19:44.287,1.33033,1.33044,1.70,2.30
2010.12.09 06:19:49.200,1.33033,1.33045,1.50,1.50
2010.12.09 06:19:49.968,1.33032,1.33045,3.40,3.00
2010.12.09 06:19:51.203,1.33032,1.33045,2.70,2.30
2010.12.09 06:19:54.206,1.33034,1.33045,1.50,2.30
2010.12.09 06:19:54.882,1.33044,1.33055,1.50,6.40
2010.12.09 06:19:55.082,1.33044,1.3305,1.50,1.50
2010.12.09 06:19:55.200,1.33037,1.3305,2.70,1.50
2010.12.09 06:19:58.626,1.33036,1.33048,1.50,1.20
2010.12.09 06:19:59.190,1.33033,1.33048,3.20,1.20
2010.12.09 06:20:02.123,1.33036,1.33047,1.50,1.50
2010.12.09 06:20:03.371,1.33041,1.3305,1.50,3.80
2010.12.09 06:20:03.492,1.33041,1.33054,1.50,3.80
2010.12.09 06:20:03.622,1.33041,1.33054,1.50,1.50
2010.12.09 06:20:04.245,1.33043,1.33055,1.90,2.70
2010.12.09 06:20:06.873,1.33047,1.33055,1.90,1.90
2010.12.09 06:20:10.734,1.33047,1.33055,1.50,2.70
2010.12.09 06:20:10.858,1.33043,1.33055,1.50,3.00
2010.12.09 06:20:11.301,1.33043,1.33054,2.10,1.50
2010.12.09 06:20:22.431,1.33043,1.33053,1.50,5.30
2010.12.09 06:20:22.546,1.33043,1.33051,1.50,1.50
2010.12.09 06:20:22.668,1.33042,1.33051,1.50,1.50
2010.12.09 06:20:23.236,1.3304,1.33051,1.50,1.50
2010.12.09 06:20:24.853,1.3304,1.33051,1.50,3.00
2010.12.09 06:20:25.491,1.33036,1.3305,1.50,4.20
2010.12.09 06:20:30.021,1.33036,1.3305,1.50,4.20
2010.12.09 06:20:30.673,1.33038,1.33051,1.90,2.30
2010.12.09 06:20:30.795,1.33038,1.33051,1.90,2.30
2010.12.09 06:20:31.507,1.33038,1.33051,1.50,3.80
2010.12.09 06:20:32.193,1.33036,1.3305,1.50,6.40
2010.12.09 06:20:32.322,1.33036,1.33048,1.50,1.50
2010.12.09 06:20:34.651,1.33034,1.33048,1.50,1.50
2010.12.09 06:20:35.090,1.33034,1.33048,1.50,2.30
2010.12.09 06:20:38.024,1.33034,1.33045,1.50,2.00
2010.12.09 06:20:40.784,1.33034,1.33044,1.50,1.20
2010.12.09 06:20:40.907,1.33031,1.33041,1.50,1.50
2010.12.09 06:20:42.201,1.33031,1.33042,1.50,1.50
2010.12.09 06:20:59.607,1.33034,1.33045,1.50,2.30
2010.12.09 06:21:02.760,1.33034,1.33046,3.00,2.30
2010.12.09 06:21:04.332,1.33036,1.33046,1.50,2.30
2010.12.09 06:21:04.893,1.33036,1.33046,1.50,1.50
2010.12.09 06:21:05.783,1.33036,1.33045,1.50,1.90
2010.12.09 06:21:14.598,1.33033,1.33045,1.50,2.70
2010.12.09 06:21:15.262,1.33033,1.33046,1.50,1.50
2010.12.09 06:21:19.803,1.33035,1.33046,1.70,1.50
2010.12.09 06:21:20.033,1.33037,1.3305,1.40,2.30
2010.12.09 06:21:22.231,1.33037,1.3305,3.60,2.30
2010.12.09 06:21:33.032,1.33038,1.3305,1.70,3.80
2010.12.09 06:21:33.363,1.33037,1.33048,1.50,1.20
2010.12.09 06:21:37.229,1.33038,1.33049,1.50,1.50
2010.12.09 06:21:37.453,1.33037,1.33049,2.70,1.50
2010.12.09 06:21:40.051,1.33038,1.3305,3.20,2.30
2010.12.09 06:21:45.914,1.33037,1.33049,5.10,1.50
2010.12.09 06:21:48.301,1.33037,1.33047,2.30,1.50
2010.12.09 06:21:48.632,1.33037,1.33049,2.10,3.00
2010.12.09 06:21:49.240,1.33038,1.3305,2.50,2.30
2010.12.09 06:21:49.573,1.33037,1.33048,2.30,1.20
2010.12.09 06:21:49.691,1.33035,1.33046,1.50,1.50
2010.12.09 06:21:50.462,1.33033,1.33046,1.50,1.50
2010.12.09 06:21:52.931,1.33033,1.3304,1.50,1.50
2010.12.09 06:21:53.076,1.33032,1.3304,1.20,1.50
2010.12.09 06:21:53.195,1.33034,1.33042,2.70,3.00
2010.12.09 06:21:53.721,1.33036,1.33042,1.50,1.50
2010.12.09 06:21:54.491,1.33034,1.33045,1.50,2.30
2010.12.09 06:21:55.198,1.33032,1.33043,1.40,4.50
2010.12.09 06:21:55.329,1.33031,1.33041,1.50,1.20
2010.12.09 06:21:55.554,1.33026,1.3304,1.50,4.50
2010.12.09 06:21:58.106,1.33028,1.33041,2.30,2.30
2010.12.09 06:21:59.603,1.33027,1.3304,3.80,4.90
2010.12.09 06:22:00.064,1.33023,1.33038,3.80,1.90
2010.12.09 06:22:00.640,1.33023,1.33035,1.50,1.70
2010.12.09 06:22:00.784,1.33022,1.33031,1.20,1.50
2010.12.09 06:22:00.901,1.33022,1.33035,2.90,4.20
2010.12.09 06:22:01.231,1.33022,1.33035,1.40,2.70
2010.12.09 06:22:01.991,1.33021,1.33035,2.50,2.80
2010.12.09 06:22:02.210,1.33021,1.33034,3.00,1.50
2010.12.09 06:22:09.983,1.33021,1.33031,3.00,1.50
2010.12.09 06:22:10.552,1.3302,1.33028,1.70,5.30
2010.12.09 06:22:10.686,1.33021,1.33034,1.20,2.30
2010.12.09 06:22:13.413,1.33021,1.33034,2.70,1.80
2010.12.09 06:22:13.532,1.33021,1.33034,2.70,1.50
2010.12.09 06:22:15.315,1.33021,1.33034,2.30,1.90
2010.12.09 06:22:15.982,1.3302,1.33031,2.30,1.50
2010.12.09 06:22:16.834,1.3302,1.3303,1.50,1.50
2010.12.09 06:22:17.835,1.33017,1.33026,2.30,1.20
2010.12.09 06:22:17.957,1.33011,1.33023,1.50,1.20
2010.12.09 06:22:18.606,1.33009,1.33021,2.30,1.50
2010.12.09 06:22:18.732,1.33004,1.33017,2.30,1.20
2010.12.09 06:22:19.773,1.33002,1.33008,3.80,1.50
2010.12.09 06:22:20.483,1.33,1.33012,1.50,3.80
2010.12.09 06:22:20.640,1.32998,1.3301,1.70,2.30
2010.12.09 06:22:21.131,1.32999,1.33011,1.50,1.50
2010.12.09 06:22:21.258,1.33,1.33013,4.40,1.50
2010.12.09 06:22:21.813,1.33002,1.33013,1.50,1.50
2010.12.09 06:22:22.884,1.33002,1.33014,1.50,2.50
2010.12.09 06:22:23.221,1.33,1.33014,1.90,2.70
2010.12.09 06:22:24.316,1.32999,1.33006,4.20,1.50
2010.12.09 06:22:24.653,1.32992,1.33001,1.50,3.80
2010.12.09 06:22:25.892,1.32992,1.33,1.50,3.80
2010.12.09 06:22:31.132,1.32989,1.33,1.50,3.80
2010.12.09 06:22:31.834,1.32991,1.33,1.50,3.80
2010.12.09 06:22:36.631,1.32989,1.33,3.00,4.50
2010.12.09 06:22:37.814,1.32987,1.32995,3.20,1.20
2010.12.09 06:22:38.609,1.32984,1.32993,2.70,1.50
2010.12.09 06:22:38.744,1.3298,1.32992,2.30,4.70
2010.12.09 06:22:41.404,1.32979,1.32992,2.30,5.10
2010.12.09 06:22:41.527,1.32979,1.3299,2.30,2.90
2010.12.09 06:22:41.756,1.32979,1.32987,1.70,4.50
2010.12.09 06:22:44.033,1.32977,1.3299,3.20,1.50
2010.12.09 06:22:44.592,1.32978,1.3299,1.70,1.50
2010.12.09 06:22:45.388,1.32978,1.32989,2.50,1.50
2010.12.09 06:22:48.264,1.32978,1.32989,1.50,13.10
2010.12.09 06:22:48.822,1.32976,1.32989,1.20,5.50
2010.12.09 06:22:48.944,1.32978,1.32989,1.50,1.50
2010.12.09 06:22:49.558,1.32978,1.32989,1.50,1.50
2010.12.09 06:22:50.117,1.32977,1.32989,4.70,1.50
2010.12.09 06:22:50.236,1.32977,1.3299,4.00,4.50
2010.12.09 06:22:50.912,1.32977,1.3299,3.80,1.60
2010.12.09 06:22:52.338,1.32976,1.32987,1.50,1.40
2010.12.09 06:22:53.011,1.32974,1.32985,2.30,3.10
2010.12.09 06:22:57.095,1.32977,1.32985,1.50,2.40
2010.12.09 06:22:58.094,1.32974,1.32985,3.00,2.40
2010.12.09 06:23:01.246,1.32971,1.3298,3.00,3.80
2010.12.09 06:23:01.362,1.32972,1.32985,1.20,3.00
2010.12.09 06:23:04.563,1.32971,1.3298,3.00,3.80
2010.12.09 06:23:05.510,1.32971,1.32979,1.50,3.80
2010.12.09 06:23:05.622,1.3297,1.32979,2.30,3.80
2010.12.09 06:23:06.991,1.32971,1.32979,2.30,4.20
2010.12.09 06:23:07.104,1.32971,1.32979,2.30,4.50
2010.12.09 06:23:07.652,1.32969,1.32974,1.50,3.80
2010.12.09 06:23:07.769,1.32969,1.32979,2.30,3.80
2010.12.09 06:23:10.767,1.32968,1.32978,1.50,1.40
2010.12.09 06:23:16.360,1.32965,1.32978,10.50,5.10
2010.12.09 06:23:19.311,1.32965,1.32976,9.00,3.80
2010.12.09 06:23:20.412,1.32968,1.32978,1.50,1.20
2010.12.09 06:23:23.020,1.32967,1.32975,1.50,1.70
2010.12.09 06:23:23.899,1.32962,1.32973,2.30,2.10
2010.12.09 06:23:24.121,1.32965,1.32973,5.20,2.10
2010.12.09 06:23:24.768,1.32965,1.32971,5.20,4.00
2010.12.09 06:23:29.231,1.32962,1.32971,1.50,4.00
2010.12.09 06:23:30.022,1.32961,1.32971,2.30,4.70
2010.12.09 06:23:30.900,1.3296,1.32971,1.50,4.70
2010.12.09 06:23:32.289,1.3296,1.3297,1.50,1.70
2010.12.09 06:23:32.512,1.32958,1.3297,1.50,1.70
2010.12.09 06:23:33.407,1.32958,1.32965,1.50,1.10
2010.12.09 06:23:33.987,1.32958,1.32965,1.50,2.50
2010.12.09 06:23:34.119,1.32955,1.32966,1.50,2.30
2010.12.09 06:23:35.352,1.32953,1.32966,1.50,1.50
2010.12.09 06:23:35.692,1.32952,1.32966,2.70,1.50
2010.12.09 06:23:38.095,1.32951,1.3296,2.30,1.50
2010.12.09 06:23:38.230,1.32953,1.3296,1.50,1.70
2010.12.09 06:23:39.111,1.32952,1.3296,1.50,1.70
2010.12.09 06:23:40.145,1.32952,1.32961,2.10,3.80
2010.12.09 06:23:41.337,1.32952,1.32964,3.00,1.40
2010.12.09 06:23:41.573,1.32945,1.32958,2.30,4.20
2010.12.09 06:23:43.432,1.32945,1.32954,2.30,2.50
2010.12.09 06:23:43.658,1.32939,1.3295,2.30,1.50
2010.12.09 06:23:44.265,1.32936,1.32948,2.30,4.40
2010.12.09 06:23:45.202,1.32933,1.32948,3.80,1.20
2010.12.09 06:23:45.443,1.32937,1.32952,2.90,1.50
2010.12.09 06:23:45.565,1.32937,1.3295,4.20,2.30
2010.12.09 06:23:46.152,1.32938,1.3295,1.50,2.30
2010.12.09 06:23:48.063,1.32937,1.32948,1.50,1.40
2010.12.09 06:23:48.849,1.32934,1.32944,1.50,2.10
2010.12.09 06:23:48.967,1.32931,1.3294,1.50,1.70
2010.12.09 06:23:49.082,1.32929,1.3294,3.40,1.70
2010.12.09 06:23:50.295,1.32929,1.32941,2.40,5.50
2010.12.09 06:23:50.416,1.32929,1.32941,4.10,6.00
2010.12.09 06:23:52.872,1.32937,1.32944,1.20,1.50
2010.12.09 06:23:52.984,1.32937,1.32948,1.20,1.50
2010.12.09 06:23:53.717,1.32937,1.32949,3.40,1.50
2010.12.09 06:23:56.714,1.32937,1.32951,3.60,7.70
2010.12.09 06:23:58.481,1.32942,1.32951,1.40,6.00
2010.12.09 06:23:59.634,1.32941,1.32953,1.20,1.50
2010.12.09 06:24:02.605,1.3294,1.32953,2.30,2.10
2010.12.09 06:24:03.492,1.32942,1.32953,1.40,1.50
2010.12.09 06:24:04.124,1.32946,1.32953,1.20,1.50
2010.12.09 06:24:04.250,1.32947,1.32961,2.30,7.00
2010.12.09 06:24:04.472,1.32948,1.32961,1.50,7.00
2010.12.09 06:24:04.804,1.32949,1.32963,2.90,3.80
2010.12.09 06:24:05.436,1.3295,1.32964,3.20,1.50
2010.12.09 06:24:05.991,1.32952,1.32964,1.50,1.50
2010.12.09 06:24:08.918,1.32952,1.32961,1.50,3.80
2010.12.09 06:24:09.089,1.3295,1.32961,2.30,6.60
2010.12.09 06:24:09.206,1.32947,1.32961,2.30,5.70
2010.12.09 06:24:09.432,1.32947,1.32961,4.50,4.50
2010.12.09 06:24:10.093,1.3295,1.32962,1.50,1.70
2010.12.09 06:24:10.443,1.32951,1.32963,1.50,2.50
2010.12.09 06:24:10.892,1.32954,1.32965,1.50,2.50
2010.12.09 06:24:15.746,1.32952,1.32966,1.50,2.30
2010.12.09 06:24:17.463,1.32952,1.32964,1.50,1.70
2010.12.09 06:24:17.804,1.3295,1.32961,3.00,3.80
2010.12.09 06:24:19.209,1.3295,1.32961,3.00,4.00
2010.12.09 06:24:19.325,1.32949,1.32961,2.30,4.70
2010.12.09 06:24:21.673,1.32949,1.32961,1.50,4.70
2010.12.09 06:24:31.463,1.32949,1.32961,1.50,7.00
2010.12.09 06:24:32.543,1.32948,1.32961,2.50,7.00
2010.12.09 06:24:35.282,1.32948,1.32961,3.20,5.50
2010.12.09 06:24:35.396,1.32948,1.32961,3.20,5.30
2010.12.09 06:24:35.512,1.32947,1.32961,5.50,7.00
2010.12.09 06:24:44.722,1.32944,1.32958,4.50,5.50
2010.12.09 06:24:57.331,1.32944,1.32954,1.50,3.00
2010.12.09 06:24:57.494,1.32938,1.32948,3.00,4.00
2010.12.09 06:24:59.311,1.32936,1.32946,3.00,1.50
2010.12.09 06:25:02.076,1.32936,1.32948,1.50,1.50
2010.12.09 06:25:03.303,1.32936,1.32951,1.50,2.30
2010.12.09 06:25:04.875,1.32937,1.3295,2.30,1.70
2010.12.09 06:25:12.903,1.32936,1.32946,1.50,2.30
2010.12.09 06:25:14.290,1.32936,1.3295,2.30,2.30
2010.12.09 06:25:22.184,1.32938,1.32951,3.00,7.00
2010.12.09 06:25:22.314,1.32939,1.32951,2.10,3.00
2010.12.09 06:25:22.934,1.32939,1.32953,5.50,2.30
2010.12.09 06:25:27.936,1.32942,1.32954,1.50,2.30
2010.12.09 06:25:28.164,1.3294,1.32954,3.00,1.70
2010.12.09 06:25:29.075,1.32939,1.32951,3.00,3.80
2010.12.09 06:25:29.199,1.32941,1.32951,1.50,3.80
2010.12.09 06:25:32.901,1.32941,1.32951,1.50,5.50
2010.12.09 06:25:37.947,1.32941,1.32951,1.70,5.30
2010.12.09 06:25:38.975,1.32941,1.32954,1.70,2.30
2010.12.09 06:25:39.643,1.32946,1.32956,2.30,1.70
2010.12.09 06:25:39.769,1.32949,1.32957,1.20,1.70
2010.12.09 06:25:40.338,1.32949,1.32962,2.10,1.50
2010.12.09 06:25:40.456,1.3295,1.32964,1.50,2.30
2010.12.09 06:26:00.109,1.32949,1.3296,4.00,1.50
2010.12.09 06:26:00.223,1.32949,1.32964,4.00,3.80
2010.12.09 06:26:01.906,1.32952,1.32964,1.50,1.50
2010.12.09 06:26:06.054,1.32952,1.3296,1.50,3.80
2010.12.09 06:26:06.176,1.32949,1.3296,1.50,4.50
2010.12.09 06:26:07.527,1.32949,1.32959,1.50,3.80
2010.12.09 06:26:09.987,1.32947,1.32959,5.50,3.80
2010.12.09 06:26:11.131,1.32947,1.32959,5.50,4.50
2010.12.09 06:26:11.669,1.32947,1.32959,5.50,4.50
2010.12.09 06:26:19.207,1.32945,1.32956,2.30,4.00
2010.12.09 06:26:21.248,1.32946,1.32958,1.70,2.30
2010.12.09 06:26:22.321,1.32947,1.32959,3.20,6.00
2010.12.09 06:26:27.583,1.32946,1.32959,1.50,6.20
2010.12.09 06:26:28.373,1.32943,1.32956,2.50,4.70
2010.12.09 06:26:28.975,1.32943,1.32956,2.30,5.30
2010.12.09 06:26:29.099,1.32943,1.32955,1.50,1.80
2010.12.09 06:26:30.504,1.32944,1.32955,1.20,3.20
2010.12.09 06:26:30.842,1.32944,1.32959,1.40,6.90
2010.12.09 06:26:30.962,1.32944,1.32959,3.20,7.80
2010.12.09 06:26:31.573,1.32947,1.32957,1.50,2.30
2010.12.09 06:26:32.863,1.32947,1.32957,2.50,2.30
2010.12.09 06:26:33.324,1.32944,1.32955,3.40,1.50
2010.12.09 06:26:37.273,1.32944,1.32955,2.30,1.50
2010.12.09 06:26:37.403,1.32945,1.32956,1.70,6.00
2010.12.09 06:26:38.076,1.32946,1.32959,1.70,5.30
2010.12.09 06:26:38.201,1.32948,1.32959,1.50,4.50
2010.12.09 06:26:39.583,1.3295,1.32964,2.50,3.00
2010.12.09 06:26:40.525,1.3295,1.32964,4.70,3.00
2010.12.09 06:26:48.797,1.32947,1.32961,5.30,4.50
2010.12.09 06:26:48.914,1.32947,1.32961,5.30,4.50
2010.12.09 06:26:52.149,1.32947,1.3296,3.80,1.70
2010.12.09 06:26:52.816,1.32946,1.32958,3.20,4.50
2010.12.09 06:26:53.569,1.32948,1.32961,2.50,5.30
2010.12.09 06:26:55.737,1.3295,1.32961,1.50,4.70
2010.12.09 06:26:56.733,1.32947,1.32961,6.20,5.50
2010.12.09 06:26:59.002,1.32948,1.32961,1.70,5.50
2010.12.09 06:26:59.223,1.3295,1.32964,1.70,1.50
2010.12.09 06:27:00.489,1.32951,1.32964,1.70,1.50
2010.12.09 06:27:01.486,1.32951,1.32964,2.50,1.50
2010.12.09 06:27:01.956,1.32953,1.32966,1.50,1.50
2010.12.09 06:27:06.331,1.32951,1.32967,3.20,2.30
2010.12.09 06:27:07.567,1.32951,1.32966,3.20,4.50
2010.12.09 06:27:07.687,1.32953,1.32966,1.50,4.50
2010.12.09 06:27:08.021,1.32951,1.32966,3.20,4.50
2010.12.09 06:27:08.245,1.32953,1.32966,1.50,4.50
2010.12.09 06:27:09.971,1.32956,1.32966,1.50,3.80
2010.12.09 06:27:10.302,1.32961,1.32968,2.30,6.00
2010.12.09 06:27:10.995,1.32966,1.32974,1.70,4.50
2010.12.09 06:27:11.115,1.32967,1.32978,1.70,1.50
2010.12.09 06:27:12.250,1.32967,1.32978,3.20,1.50
2010.12.09 06:27:13.592,1.32967,1.32978,3.20,2.30
2010.12.09 06:27:15.674,1.32967,1.32977,3.00,3.00
2010.12.09 06:27:16.473,1.32955,1.32968,2.30,3.80
2010.12.09 06:27:24.791,1.32953,1.32966,3.00,1.50
2010.12.09 06:27:25.234,1.32953,1.32964,1.50,1.50
2010.12.09 06:27:26.857,1.32953,1.32963,1.50,3.00
2010.12.09 06:27:26.980,1.3295,1.32959,1.50,1.50
2010.12.09 06:27:27.532,1.32947,1.32959,2.30,1.50
2010.12.09 06:27:28.304,1.32947,1.32959,3.00,1.50
2010.12.09 06:27:28.881,1.32949,1.32963,3.20,2.30
2010.12.09 06:27:34.889,1.3295,1.32963,2.30,2.30
2010.12.09 06:27:35.234,1.3295,1.32964,3.20,2.30
2010.12.09 06:27:35.358,1.32955,1.32964,1.50,2.30
2010.12.09 06:27:35.694,1.32953,1.32964,1.50,2.30
2010.12.09 06:27:40.842,1.32949,1.32963,1.90,4.50
2010.12.09 06:27:41.426,1.32947,1.32959,1.50,1.50
2010.12.09 06:27:44.892,1.32947,1.32959,4.00,1.50
2010.12.09 06:28:23.316,1.32944,1.32955,1.90,1.50
2010.12.09 06:28:47.449,1.32943,1.32953,1.50,1.50
2010.12.09 06:28:47.580,1.32936,1.32949,1.50,6.90
2010.12.09 06:28:49.667,1.32939,1.32949,1.40,1.50
2010.12.09 06:28:49.794,1.32939,1.32953,2.90,3.10
2010.12.09 06:28:49.919,1.32939,1.32953,2.90,2.30
2010.12.09 06:28:50.863,1.32942,1.32954,1.50,1.50
2010.12.09 06:29:07.545,1.32942,1.32952,1.50,1.50
2010.12.09 06:29:07.772,1.32939,1.32952,2.40,1.50
2010.12.09 06:29:08.873,1.32939,1.3295,1.50,1.50
2010.12.09 06:29:11.682,1.32935,1.32949,1.50,4.50
2010.12.09 06:29:15.821,1.32935,1.32947,2.30,1.70
2010.12.09 06:29:21.713,1.32935,1.32946,1.50,1.70
2010.12.09 06:29:22.377,1.32933,1.32941,1.50,1.50
2010.12.09 06:29:22.519,1.32931,1.32941,1.50,1.50
2010.12.09 06:29:24.776,1.32931,1.32942,2.30,3.80
2010.12.09 06:29:24.897,1.32929,1.32945,6.50,2.50
2010.12.09 06:29:27.053,1.32933,1.32945,1.50,2.30
2010.12.09 06:29:27.393,1.32937,1.32949,1.50,1.50
2010.12.09 06:29:29.804,1.32937,1.32949,1.50,5.50
2010.12.09 06:29:32.775,1.32934,1.32946,1.50,2.80
2010.12.09 06:29:33.882,1.32932,1.32945,3.80,1.50
2010.12.09 06:29:34.430,1.32932,1.32944,2.30,1.50
2010.12.09 06:29:34.764,1.32932,1.32943,2.30,1.70
2010.12.09 06:29:37.166,1.32929,1.32941,2.40,1.70
2010.12.09 06:29:37.286,1.32926,1.32939,1.50,1.70
2010.12.09 06:29:37.970,1.32924,1.32937,1.50,2.50
2010.12.09 06:29:38.541,1.32924,1.32937,1.50,2.50
2010.12.09 06:29:49.929,1.32924,1.32937,1.50,2.50
2010.12.09 06:29:52.550,1.32923,1.32937,1.50,3.20
2010.12.09 06:30:01.616,1.32923,1.32934,2.30,1.50
2010.12.09 06:30:01.839,1.32923,1.32934,1.50,1.50
2010.12.09 06:30:02.078,1.32923,1.32934,2.30,1.50
2010.12.09 06:30:03.809,1.32925,1.32935,1.50,1.50
2010.12.09 06:30:03.936,1.32922,1.32935,1.50,2.30
2010.12.09 06:30:05.074,1.32924,1.32935,1.50,2.30
2010.12.09 06:30:05.631,1.32922,1.32935,1.50,2.30
2010.12.09 06:30:06.748,1.32924,1.32935,1.50,2.30
2010.12.09 06:30:07.391,1.32925,1.32935,1.50,1.50
2010.12.09 06:30:08.800,1.32924,1.32935,1.50,2.30
2010.12.09 06:30:09.367,1.32924,1.32935,1.50,2.30
2010.12.09 06:30:10.411,1.32927,1.32937,1.50,1.50
2010.12.09 06:30:11.002,1.32925,1.32939,1.70,1.50
2010.12.09 06:30:11.784,1.32925,1.32939,1.50,1.50
2010.12.09 06:30:13.363,1.32923,1.32935,1.50,1.70
2010.12.09 06:30:18.175,1.3292,1.32931,3.00,1.50
2010.12.09 06:30:20.064,1.3292,1.32931,3.80,1.70
2010.12.09 06:30:20.291,1.3292,1.32931,2.30,1.50
2010.12.09 06:30:20.949,1.32922,1.32931,1.50,1.70
2010.12.09 06:30:21.102,1.32926,1.32939,5.50,3.20
2010.12.09 06:30:22.050,1.32926,1.32939,6.20,3.00
2010.12.09 06:30:29.424,1.32926,1.32935,2.50,7.50
2010.12.09 06:30:31.981,1.32934,1.32939,1.20,10.50
2010.12.09 06:30:32.639,1.32934,1.32945,5.30,2.00
2010.12.09 06:30:32.802,1.32936,1.32945,3.00,1.40
2010.12.09 06:30:41.983,1.32932,1.32944,1.50,1.50
2010.12.09 06:30:44.439,1.32932,1.32944,2.30,1.50
2010.12.09 06:30:45.781,1.32932,1.32944,1.50,1.50
2010.12.09 06:30:45.926,1.32932,1.32944,2.30,1.50
2010.12.09 06:30:46.882,1.32932,1.32944,2.30,1.50
2010.12.09 06:30:47.483,1.32934,1.32944,3.00,1.50
2010.12.09 06:30:47.612,1.32937,1.32949,1.50,3.00
2010.12.09 06:30:48.484,1.32937,1.32944,1.50,1.50
2010.12.09 06:30:48.628,1.32934,1.32944,1.50,1.50
2010.12.09 06:30:49.621,1.32934,1.32944,2.30,1.50
2010.12.09 06:30:50.856,1.3293,1.32944,1.50,1.70
2010.12.09 06:30:52.289,1.32934,1.32944,1.20,3.00
2010.12.09 06:30:52.866,1.32935,1.32944,2.30,1.50
2010.12.09 06:30:52.986,1.32937,1.32948,1.50,2.30
2010.12.09 06:30:53.872,1.32937,1.32949,1.50,1.70
2010.12.09 06:31:01.426,1.32937,1.32949,4.20,1.70
2010.12.09 06:31:02.406,1.32937,1.32949,3.40,1.70
2010.12.09 06:31:05.220,1.32937,1.32949,2.70,1.70
2010.12.09 06:31:06.094,1.32937,1.32949,1.90,1.70
2010.12.09 06:31:07.662,1.32937,1.32949,2.70,1.70
2010.12.09 06:31:08.508,1.32947,1.32959,1.40,3.00
2010.12.09 06:31:09.342,1.32947,1.3296,3.60,2.50
2010.12.09 06:31:09.575,1.32947,1.32961,3.60,4.70
2010.12.09 06:31:12.780,1.32947,1.32961,2.90,4.70
2010.12.09 06:31:15.545,1.32947,1.32959,2.50,1.20
2010.12.09 06:31:15.663,1.32947,1.32958,1.50,1.40
2010.12.09 06:31:15.895,1.32945,1.32957,1.50,2.90
2010.12.09 06:31:16.513,1.32944,1.32955,1.50,1.50
2010.12.09 06:31:16.849,1.32944,1.32957,1.50,2.50
2010.12.09 06:31:17.401,1.32945,1.32957,1.50,2.50
2010.12.09 06:31:18.643,1.32947,1.32958,2.90,1.50
2010.12.09 06:31:18.761,1.32948,1.32961,1.50,1.70
2010.12.09 06:31:19.629,1.32947,1.32961,6.60,1.70
2010.12.09 06:31:20.292,1.32948,1.32961,1.70,1.70
2010.12.09 06:31:26.748,1.32947,1.32961,6.60,1.70
2010.12.09 06:31:32.197,1.32948,1.3296,1.70,2.30
2010.12.09 06:31:32.310,1.32947,1.3296,3.60,2.30
2010.12.09 06:31:33.350,1.32947,1.32958,3.20,1.50
2010.12.09 06:31:34.255,1.32939,1.32952,1.50,2.50
2010.12.09 06:31:40.721,1.32939,1.32952,1.50,4.10
2010.12.09 06:31:45.883,1.32937,1.3295,3.40,4.70
2010.12.09 06:31:47.118,1.32934,1.32947,1.50,2.50
2010.12.09 06:31:49.041,1.32933,1.32947,1.50,3.00
2010.12.09 06:31:52.659,1.32933,1.32945,1.50,1.50
2010.12.09 06:31:52.886,1.32931,1.32942,1.50,1.50
2010.12.09 06:31:53.111,1.32927,1.32941,4.90,2.30
2010.12.09 06:31:53.809,1.32929,1.32941,1.50,1.50
2010.12.09 06:31:57.763,1.32929,1.3294,1.50,1.50
2010.12.09 06:31:58.211,1.3293,1.32942,1.70,2.30
2010.12.09 06:31:58.539,1.32931,1.32945,1.40,2.40
2010.12.09 06:32:00.586,1.32935,1.32945,1.50,2.30
2010.12.09 06:32:01.320,1.32931,1.32943,1.50,4.20
2010.12.09 06:32:02.434,1.32935,1.32946,1.50,3.00
2010.12.09 06:32:05.431,1.32937,1.32949,1.20,3.00
2010.12.09 06:32:23.490,1.32937,1.3295,2.70,2.50
2010.12.09 06:32:25.295,1.32937,1.32949,2.30,2.90
2010.12.09 06:32:33.010,1.32935,1.32947,1.50,2.50
2010.12.09 06:32:45.895,1.32939,1.3295,1.20,4.50
2010.12.09 06:32:46.016,1.32939,1.32951,1.20,2.70
2010.12.09 06:32:46.132,1.3294,1.32951,1.50,2.70
2010.12.09 06:32:46.252,1.3294,1.32954,2.30,3.00
2010.12.09 06:32:50.469,1.32942,1.32946,1.90,1.90
2010.12.09 06:32:50.706,1.32942,1.32946,8.00,1.90
2010.12.09 06:32:50.935,1.32947,1.32953,1.50,2.70
2010.12.09 06:32:51.163,1.32945,1.32953,3.00,2.70
2010.12.09 06:32:51.941,1.32944,1.32953,1.50,2.70
2010.12.09 06:32:55.604,1.32944,1.32955,2.30,3.40
2010.12.09 06:32:56.505,1.32948,1.3296,1.50,6.20
2010.12.09 06:32:57.765,1.32952,1.3296,1.20,4.70
2010.12.09 06:32:58.006,1.32953,1.32962,1.50,5.30
2010.12.09 06:32:58.121,1.32947,1.32951,23.00,1.90
2010.12.09 06:32:58.803,1.32949,1.32962,8.50,4.00
2010.12.09 06:32:58.926,1.3295,1.32956,2.30,3.80
2010.12.09 06:32:59.151,1.32942,1.32946,34.20,1.90
2010.12.09 06:33:02.117,1.32941,1.32951,1.50,4.00
2010.12.09 06:33:04.313,1.32947,1.32951,7.00,1.90
2010.12.09 06:33:08.899,1.32947,1.32951,4.00,3.80
2010.12.09 06:33:12.311,1.3295,1.32961,1.50,10.00
2010.12.09 06:33:15.315,1.3295,1.3296,3.00,4.00
2010.12.09 06:33:16.643,1.32952,1.32964,1.20,2.30
2010.12.09 06:33:16.766,1.32952,1.32956,1.20,3.80
2010.12.09 06:33:18.419,1.32952,1.32964,1.20,2.30
2010.12.09 06:33:23.642,1.32952,1.32964,1.90,2.30
2010.12.09 06:33:27.374,1.32955,1.32964,1.50,2.30
2010.12.09 06:33:27.600,1.32958,1.32968,1.20,2.30
2010.12.09 06:33:28.232,1.3296,1.3297,1.50,5.30
2010.12.09 06:33:29.461,1.32959,1.32971,1.50,3.20
2010.12.09 06:33:29.691,1.32961,1.32971,1.50,1.70
2010.12.09 06:33:30.491,1.32963,1.32971,2.30,1.70
2010.12.09 06:33:31.245,1.32961,1.32971,1.50,3.20
2010.12.09 06:33:38.683,1.3296,1.32971,1.50,3.20
2010.12.09 06:33:39.486,1.32961,1.32971,1.50,3.20
2010.12.09 06:33:40.830,1.32963,1.32971,1.50,3.20
2010.12.09 06:33:46.971,1.32964,1.32974,4.00,2.30
2010.12.09 06:33:47.084,1.32964,1.32977,2.30,3.20
2010.12.09 06:33:47.212,1.32966,1.32978,1.50,1.70
2010.12.09 06:33:47.821,1.32969,1.32978,1.50,1.70
2010.12.09 06:33:49.346,1.3297,1.3298,1.50,1.70
2010.12.09 06:33:50.570,1.32979,1.32991,1.50,1.70
2010.12.09 06:33:54.910,1.32979,1.32991,3.00,1.70
2010.12.09 06:34:01.313,1.32977,1.32989,1.50,2.50
2010.12.09 06:34:01.436,1.32977,1.32985,1.50,1.50
2010.12.09 06:34:01.552,1.32975,1.32985,1.50,1.50
2010.12.09 06:34:02.447,1.32973,1.32985,2.30,1.50
2010.12.09 06:34:02.812,1.32971,1.32982,1.50,4.00
2010.12.09 06:34:03.041,1.32971,1.32981,2.30,2.50
2010.12.09 06:34:04.740,1.3297,1.32981,2.30,2.50
2010.12.09 06:34:08.720,1.3297,1.32981,2.30,2.50
2010.12.09 06:34:08.832,1.32969,1.32981,2.30,3.20
2010.12.09 06:34:08.941,1.32969,1.32979,2.30,4.70
2010.12.09 06:34:09.625,1.32966,1.32979,2.30,5.50
2010.12.09 06:34:11.186,1.32967,1.32977,2.30,2.30
2010.12.09 06:34:12.332,1.3297,1.32981,1.50,1.50
2010.12.09 06:34:12.454,1.32968,1.32981,1.50,1.70
2010.12.09 06:34:21.723,1.32967,1.32977,2.30,1.70
2010.12.09 06:34:22.071,1.3296,1.32972,2.30,5.50
2010.12.09 06:34:23.180,1.32957,1.32969,1.50,1.70
2010.12.09 06:34:33.637,1.32956,1.32969,3.20,5.30
2010.12.09 06:34:45.221,1.32954,1.32965,2.30,1.50
2010.12.09 06:35:09.290,1.32954,1.32965,1.50,1.70
2010.12.09 06:35:09.403,1.3295,1.32962,2.30,4.00
2010.12.09 06:35:09.525,1.32949,1.32962,4.20,5.50
2010.12.09 06:35:10.056,1.3295,1.32962,1.50,7.00
2010.12.09 06:35:13.271,1.32953,1.32962,1.70,5.30
2010.12.09 06:35:13.396,1.32954,1.32964,1.50,1.50
2010.12.09 06:35:34.879,1.32949,1.32964,3.80,1.50
2010.12.09 06:35:35.104,1.32949,1.32961,1.90,1.70
2010.12.09 06:35:35.222,1.32949,1.32962,1.20,7.00
2010.12.09 06:35:36.250,1.32947,1.32959,6.20,2.30
2010.12.09 06:35:36.474,1.32947,1.32954,1.50,1.50
2010.12.09 06:35:37.050,1.32944,1.32958,1.50,1.70
2010.12.09 06:35:37.185,1.32942,1.32956,1.50,2.50
2010.12.09 06:35:37.414,1.32944,1.32957,1.50,2.50
2010.12.09 06:35:43.361,1.32944,1.32952,1.50,3.80
2010.12.09 06:35:43.999,1.32938,1.32952,1.50,6.00
2010.12.09 06:35:44.140,1.32938,1.3295,1.50,1.50
2010.12.09 06:35:47.341,1.32937,1.3295,4.50,2.50
2010.12.09 06:35:48.005,1.32937,1.32951,1.50,2.50
2010.12.09 06:35:48.678,1.32937,1.3295,3.00,3.20
2010.12.09 06:35:49.590,1.32937,1.32947,1.50,1.70
2010.12.09 06:35:52.910,1.32934,1.32947,1.50,1.70
2010.12.09 06:35:54.505,1.32934,1.32947,1.50,2.50
2010.12.09 06:35:54.732,1.32932,1.32947,3.00,2.50
2010.12.09 06:35:55.630,1.32935,1.32947,1.50,2.30
2010.12.09 06:35:56.187,1.32937,1.32948,1.50,1.50
2010.12.09 06:36:00.979,1.32934,1.32948,2.30,1.70
2010.12.09 06:36:02.190,1.32932,1.32946,3.00,1.50
2010.12.09 06:36:13.786,1.3293,1.32942,1.50,5.50
2010.12.09 06:36:14.450,1.3293,1.32942,1.50,5.50
2010.12.09 06:36:15.586,1.3293,1.32942,1.50,6.20
2010.12.09 06:36:17.542,1.3293,1.32942,1.50,6.20
2010.12.09 06:36:47.481,1.32928,1.32941,1.50,1.70
2010.12.09 06:36:53.705,1.32929,1.32942,3.60,4.50
2010.12.09 06:36:53.823,1.32931,1.32942,1.50,4.50
2010.12.09 06:36:55.685,1.32931,1.32946,3.00,4.50
2010.12.09 06:37:13.271,1.32934,1.32946,1.20,3.00
2010.12.09 06:37:14.073,1.32939,1.32945,1.90,2.10
2010.12.09 06:37:14.193,1.32937,1.32945,1.50,2.80
2010.12.09 06:37:14.311,1.32935,1.32945,1.50,2.80
2010.12.09 06:37:15.052,1.32934,1.32945,2.30,2.80
2010.12.09 06:37:15.183,1.32929,1.32942,1.50,4.00
2010.12.09 06:37:15.305,1.32929,1.32942,1.50,6.20
2010.12.09 06:37:16.746,1.32929,1.32942,1.50,6.20
2010.12.09 06:37:17.286,1.32932,1.32942,1.50,5.30
2010.12.09 06:37:17.409,1.32932,1.32944,1.50,1.50
2010.12.09 06:37:26.497,1.32934,1.32944,1.50,1.50
2010.12.09 06:37:29.734,1.32936,1.32949,1.50,1.50
2010.12.09 06:37:29.852,1.32937,1.32947,1.50,1.70
2010.12.09 06:37:32.090,1.32937,1.32949,1.50,3.00
2010.12.09 06:37:32.311,1.32937,1.32947,1.50,1.60
2010.12.09 06:37:33.811,1.32934,1.32945,2.30,2.60
2010.12.09 06:37:34.146,1.32934,1.32945,1.50,3.30
2010.12.09 06:37:35.170,1.32934,1.32949,5.50,1.80
2010.12.09 06:37:35.392,1.32936,1.32949,2.30,1.50
2010.12.09 06:37:35.511,1.32937,1.32949,1.50,1.50
2010.12.09 06:37:36.068,1.32939,1.32948,1.90,4.70
2010.12.09 06:37:36.190,1.32937,1.32948,1.50,4.70
2010.12.09 06:37:36.522,1.32934,1.32948,3.00,6.20
2010.12.09 06:37:39.064,1.32936,1.32947,1.50,1.50
2010.12.09 06:37:39.646,1.32937,1.32947,3.80,1.50
2010.12.09 06:37:39.761,1.32937,1.32949,2.30,1.50
2010.12.09 06:37:39.872,1.32937,1.32951,3.00,8.50
2010.12.09 06:37:40.718,1.32937,1.32951,4.90,5.50
2010.12.09 06:37:42.559,1.32939,1.32951,1.50,5.50
2010.12.09 06:37:45.420,1.32938,1.32951,2.30,6.20
2010.12.09 06:37:46.013,1.32939,1.32951,1.50,5.50
2010.12.09 06:37:51.353,1.32942,1.32951,1.50,5.50
2010.12.09 06:37:51.474,1.32941,1.32951,2.30,5.50
2010.12.09 06:37:55.147,1.3294,1.32951,1.50,3.20
2010.12.09 06:37:59.902,1.32941,1.32951,1.50,3.20
2010.12.09 06:38:02.131,1.32938,1.32951,2.30,3.20
2010.12.09 06:38:02.791,1.32938,1.32951,2.30,3.20
2010.12.09 06:38:03.483,1.32939,1.32951,1.50,2.50
2010.12.09 06:38:05.695,1.32939,1.32951,2.70,3.20
2010.12.09 06:38:07.772,1.32947,1.32951,1.50,1.50
2010.12.09 06:38:07.893,1.32942,1.32951,1.50,1.70
2010.12.09 06:38:08.012,1.32945,1.32951,1.50,1.70
2010.12.09 06:38:08.660,1.32941,1.32951,1.50,3.20
2010.12.09 06:38:12.192,1.32939,1.32952,6.20,4.50
2010.12.09 06:38:14.481,1.32941,1.32953,3.80,1.50
2010.12.09 06:38:17.038,1.32941,1.32952,1.50,3.80
2010.12.09 06:38:19.021,1.3294,1.32951,3.00,2.50
2010.12.09 06:38:20.021,1.3294,1.32951,2.30,2.50
2010.12.09 06:38:21.842,1.32938,1.32951,2.30,3.20
2010.12.09 06:38:30.164,1.32938,1.32949,2.30,4.00
2010.12.09 06:38:30.648,1.32934,1.3294,8.50,1.50
2010.12.09 06:38:30.819,1.32927,1.32939,3.20,1.50
2010.12.09 06:38:31.636,1.32927,1.32939,1.50,1.70
2010.12.09 06:38:32.001,1.32927,1.32935,1.50,1.70
2010.12.09 06:38:32.480,1.32924,1.32935,2.30,1.70
2010.12.09 06:38:32.601,1.32923,1.32934,1.70,3.00
2010.12.09 06:38:37.361,1.32924,1.32934,1.50,3.00
2010.12.09 06:38:37.910,1.32929,1.32939,1.50,1.50
2010.12.09 06:38:38.539,1.32927,1.32939,3.20,1.50
2010.12.09 06:38:40.673,1.32929,1.32939,1.50,1.50
2010.12.09 06:38:53.759,1.32927,1.32937,3.00,4.70
2010.12.09 06:38:55.989,1.32924,1.32932,1.70,5.30
2010.12.09 06:38:56.332,1.3292,1.32931,1.50,2.50
2010.12.09 06:38:56.443,1.3292,1.3293,1.50,1.50
2010.12.09 06:38:57.962,1.32919,1.3293,1.70,2.10
2010.12.09 06:38:58.512,1.3292,1.3293,1.50,2.10
2010.12.09 06:38:58.622,1.3292,1.3293,1.50,1.50
2010.12.09 06:38:58.840,1.32922,1.3293,1.50,1.50
2010.12.09 06:39:09.000,1.32922,1.32931,1.50,2.30
2010.12.09 06:39:09.861,1.32924,1.32931,1.50,2.30
2010.12.09 06:39:12.772,1.32923,1.32931,2.50,2.30
2010.12.09 06:39:12.885,1.32925,1.32934,1.50,1.50
2010.12.09 06:39:13.112,1.32923,1.32934,1.50,1.50
2010.12.09 06:39:14.372,1.32921,1.32934,3.20,1.50
2010.12.09 06:39:14.493,1.32921,1.32935,4.00,6.20
2010.12.09 06:39:15.756,1.32923,1.32932,1.50,3.80
2010.12.09 06:39:19.590,1.32921,1.32932,2.30,5.50
2010.12.09 06:39:25.244,1.32922,1.32934,1.70,1.50
2010.12.09 06:39:25.473,1.32922,1.32934,2.30,1.50
2010.12.09 06:39:26.226,1.32923,1.32935,1.50,5.10
2010.12.09 06:39:26.827,1.32922,1.32935,3.80,5.10
2010.12.09 06:39:29.096,1.32923,1.32932,1.50,4.00
2010.12.09 06:39:33.131,1.32922,1.32932,2.30,6.20
2010.12.09 06:39:55.523,1.32922,1.32932,2.30,2.30
2010.12.09 06:39:59.136,1.32922,1.32932,2.30,2.70
2010.12.09 06:40:03.931,1.32921,1.32932,1.50,2.70
2010.12.09 06:40:06.600,1.3292,1.32932,2.30,2.70
2010.12.09 06:40:07.915,1.3292,1.32932,2.30,2.30
2010.12.09 06:40:13.785,1.3292,1.32932,2.30,2.30
2010.12.09 06:40:15.770,1.32919,1.32932,1.70,3.00
2010.12.09 06:40:17.035,1.32919,1.3293,1.70,1.50
2010.12.09 06:40:27.344,1.32918,1.3293,2.30,5.20
2010.12.09 06:40:29.417,1.32914,1.32925,1.50,1.50
2010.12.09 06:40:29.644,1.32912,1.32925,2.30,1.60
2010.12.09 06:40:30.807,1.32912,1.3292,1.50,1.50
2010.12.09 06:40:31.033,1.32912,1.32923,1.70,2.20
2010.12.09 06:40:32.421,1.32909,1.32924,3.60,1.50
2010.12.09 06:40:32.971,1.32911,1.32924,2.50,1.50
2010.12.09 06:40:34.250,1.32911,1.32924,2.50,1.50
2010.12.09 06:40:39.121,1.32911,1.32923,1.70,4.50
2010.12.09 06:40:40.260,1.32911,1.32924,2.50,1.50
2010.12.09 06:40:47.501,1.32911,1.32924,1.70,1.50
2010.12.09 06:40:48.671,1.32911,1.32924,1.70,1.50
2010.12.09 06:40:52.492,1.32914,1.32926,1.90,3.00
2010.12.09 06:40:52.606,1.32917,1.32929,2.30,1.50
2010.12.09 06:40:54.514,1.32917,1.32929,3.20,1.50
2010.12.09 06:41:02.726,1.32919,1.3293,1.50,2.20
2010.12.09 06:41:02.845,1.3292,1.3293,1.70,2.20
2010.12.09 06:41:02.965,1.32921,1.32933,2.50,2.20
2010.12.09 06:41:03.853,1.32919,1.32932,1.90,2.20
2010.12.09 06:41:05.775,1.3292,1.32935,3.20,6.80
2010.12.09 06:41:17.981,1.32924,1.32935,1.40,5.00
2010.12.09 06:41:18.205,1.32927,1.32935,1.50,3.60
2010.12.09 06:41:19.012,1.32924,1.32935,2.30,3.40
2010.12.09 06:41:26.062,1.32924,1.32937,2.30,1.50
2010.12.09 06:41:27.091,1.32924,1.32936,2.30,1.50
2010.12.09 06:41:27.422,1.3292,1.32932,2.30,1.50
2010.12.09 06:41:32.311,1.32921,1.32933,1.20,6.00
2010.12.09 06:41:32.532,1.32921,1.32932,3.00,1.50
2010.12.09 06:41:33.177,1.32921,1.32933,3.00,5.30
2010.12.09 06:41:33.512,1.32923,1.32933,1.20,5.30
2010.12.09 06:41:33.848,1.32926,1.32936,1.40,2.20
2010.12.09 06:41:34.291,1.32927,1.3294,3.20,3.00
2010.12.09 06:41:35.141,1.32927,1.3294,3.20,2.20
2010.12.09 06:41:35.266,1.32928,1.32942,1.70,3.00
2010.12.09 06:41:37.161,1.32927,1.3294,2.30,4.50
2010.12.09 06:41:37.387,1.32927,1.3294,2.30,1.50
2010.12.09 06:41:39.133,1.32928,1.32942,3.20,1.50
2010.12.09 06:41:40.234,1.3293,1.32944,3.20,1.50
2010.12.09 06:41:40.357,1.32932,1.32944,1.70,1.50
2010.12.09 06:41:41.258,1.3293,1.32946,5.50,3.00
2010.12.09 06:41:41.380,1.32935,1.32946,1.50,2.20
2010.12.09 06:41:50.644,1.32935,1.32946,2.30,1.50
2010.12.09 06:42:21.972,1.32938,1.3295,1.50,1.50
2010.12.09 06:42:22.537,1.32938,1.32952,2.30,3.10
2010.12.09 06:42:24.693,1.32937,1.32947,3.00,3.00
2010.12.09 06:42:25.354,1.32932,1.32943,2.50,5.30
2010.12.09 06:42:25.693,1.32933,1.32945,1.50,2.20
2010.12.09 06:43:00.922,1.32933,1.32948,3.00,2.20
2010.12.09 06:43:08.740,1.32933,1.32948,1.50,2.20
2010.12.09 06:43:21.072,1.32933,1.32946,1.50,1.60
2010.12.09 06:43:27.988,1.32933,1.32948,1.50,3.00
2010.12.09 06:43:28.213,1.3293,1.32942,3.00,1.50
2010.12.09 06:43:28.752,1.3293,1.32942,3.00,1.50
2010.12.09 06:43:28.970,1.32928,1.32942,3.00,2.20
2010.12.09 06:43:29.520,1.32928,1.3294,3.00,2.70
2010.12.09 06:43:33.180,1.32928,1.32935,3.00,1.50
2010.12.09 06:43:33.405,1.32928,1.32935,1.50,1.50
2010.12.09 06:43:34.039,1.32927,1.32935,1.50,2.20
2010.12.09 06:43:34.151,1.32924,1.32935,1.50,1.50
2010.12.09 06:43:34.265,1.32921,1.32932,3.00,1.50
2010.12.09 06:43:34.493,1.32919,1.32932,3.00,2.20
2010.12.09 06:43:36.873,1.32918,1.32932,2.30,1.50
2010.12.09 06:43:43.312,1.32917,1.32928,1.50,3.80
2010.12.09 06:43:44.195,1.32917,1.3293,1.50,2.20
2010.12.09 06:43:47.489,1.3292,1.32931,1.50,4.50
2010.12.09 06:43:47.604,1.3292,1.32931,4.70,4.50
2010.12.09 06:43:47.832,1.32922,1.32936,1.70,2.20
2010.12.09 06:43:48.681,1.32927,1.32939,1.50,3.00
2010.12.09 06:43:58.922,1.32927,1.32939,2.50,3.00
2010.12.09 06:44:02.739,1.32927,1.32938,1.50,1.10
2010.12.09 06:44:03.071,1.32927,1.32937,1.50,1.10
2010.12.09 06:44:03.664,1.32925,1.32935,1.50,1.10
2010.12.09 06:44:03.785,1.32922,1.32935,2.70,1.10
2010.12.09 06:44:03.900,1.32922,1.32935,2.70,1.90
2010.12.09 06:44:09.894,1.32923,1.32937,1.50,1.70
2010.12.09 06:44:17.543,1.32925,1.32937,3.00,1.70
2010.12.09 06:44:17.763,1.32927,1.32939,2.70,3.00
2010.12.09 06:44:18.446,1.32929,1.3294,1.50,2.20
2010.12.09 06:44:19.004,1.3293,1.32941,2.50,2.20
2010.12.09 06:44:36.181,1.32929,1.32942,2.70,2.20
2010.12.09 06:44:36.296,1.32927,1.32938,3.80,1.10
2010.12.09 06:44:36.850,1.32925,1.32938,2.30,4.90
2010.12.09 06:44:38.319,1.32926,1.32937,3.00,1.50
2010.12.09 06:44:38.553,1.32929,1.32944,1.70,3.00
2010.12.09 06:44:42.895,1.32928,1.32936,2.50,1.50
2010.12.09 06:44:43.597,1.32921,1.32933,1.50,4.20
2010.12.09 06:44:43.719,1.32921,1.32933,1.50,7.90
2010.12.09 06:44:44.054,1.32919,1.32933,1.50,7.50
2010.12.09 06:44:51.101,1.32919,1.32931,1.50,1.50
2010.12.09 06:44:52.223,1.32917,1.3293,2.30,4.50
2010.12.09 06:44:52.562,1.32916,1.3293,1.50,6.80
2010.12.09 06:44:52.781,1.32916,1.32929,1.50,3.00
2010.12.09 06:44:55.471,1.32919,1.32934,6.60,1.50
2010.12.09 06:44:55.582,1.3292,1.32934,2.50,1.50
2010.12.09 06:45:11.772,1.32921,1.32934,2.70,3.00
2010.12.09 06:45:13.346,1.32923,1.32934,1.50,1.50
2010.12.09 06:45:13.902,1.32923,1.32935,1.50,1.50
2010.12.09 06:45:14.233,1.32925,1.32935,1.50,1.50
2010.12.09 06:45:14.795,1.32929,1.32936,3.40,1.50
2010.12.09 06:45:14.942,1.3293,1.32944,1.50,1.50
2010.12.09 06:45:22.606,1.32932,1.32943,3.80,2.20
2010.12.09 06:45:22.836,1.32935,1.32949,1.70,3.00
2010.12.09 06:45:26.765,1.32937,1.32949,2.90,3.00
2010.12.09 06:45:35.848,1.32937,1.32949,2.90,1.50
2010.12.09 06:45:36.006,1.32933,1.32945,2.50,1.50
2010.12.09 06:45:36.908,1.32938,1.32944,1.40,22.90
2010.12.09 06:45:37.024,1.32944,1.3295,1.90,6.00
2010.12.09 06:45:37.548,1.32942,1.32949,1.40,1.50
2010.12.09 06:45:37.723,1.32942,1.32956,2.90,2.20
2010.12.09 06:45:38.373,1.32942,1.32956,1.90,2.20
2010.12.09 06:45:38.496,1.32942,1.32956,3.40,2.20
2010.12.09 06:45:41.313,1.32944,1.32956,1.50,2.20
2010.12.09 06:45:42.350,1.32942,1.32957,3.40,3.00
2010.12.09 06:45:42.682,1.32942,1.32955,3.00,1.10
2010.12.09 06:45:43.201,1.32942,1.32955,1.90,2.20
2010.12.09 06:45:45.927,1.32942,1.32955,1.90,3.00
2010.12.09 06:45:47.690,1.32941,1.32955,3.40,3.00
2010.12.09 06:45:47.831,1.32944,1.32955,5.50,2.30
2010.12.09 06:45:47.942,1.32944,1.32958,8.90,2.20
2010.12.09 06:45:49.355,1.32947,1.32958,1.90,2.40
2010.12.09 06:45:49.914,1.32944,1.32955,1.50,1.60
2010.12.09 06:45:50.584,1.32944,1.32954,1.50,2.20
2010.12.09 06:45:52.147,1.32939,1.32951,1.50,2.20
2010.12.09 06:45:53.252,1.32939,1.3295,1.50,1.50
2010.12.09 06:45:53.975,1.32937,1.32946,2.30,1.50
2010.12.09 06:45:54.119,1.3293,1.32942,1.70,5.30
2010.12.09 06:45:54.450,1.32929,1.32942,1.50,4.50
2010.12.09 06:45:56.745,1.32932,1.32942,1.40,4.50
2010.12.09 06:45:57.399,1.32934,1.32946,5.30,1.50
2010.12.09 06:45:57.526,1.32931,1.32942,1.50,3.80
2010.12.09 06:45:59.200,1.32931,1.32942,1.50,6.00
2010.12.09 06:45:59.993,1.32929,1.32941,1.50,1.50
2010.12.09 06:46:00.114,1.32927,1.32941,5.90,2.20
2010.12.09 06:46:03.632,1.32927,1.3294,5.90,1.50
2010.12.09 06:46:06.331,1.32931,1.3294,2.30,1.50
2010.12.09 06:46:06.927,1.32929,1.32942,1.80,12.40
2010.12.09 06:46:07.054,1.32932,1.32944,1.40,1.50
2010.12.09 06:46:07.172,1.32932,1.32945,1.40,2.20
2010.12.09 06:46:07.942,1.32932,1.32945,1.20,2.20
2010.12.09 06:46:19.250,1.32934,1.32946,3.80,1.50
2010.12.09 06:46:19.363,1.32934,1.32946,5.50,1.50
2010.12.09 06:46:19.594,1.32935,1.32947,1.50,1.50
2010.12.09 06:46:19.713,1.32937,1.32947,1.50,2.20
2010.12.09 06:46:19.827,1.32934,1.32947,2.30,2.20
2010.12.09 06:46:29.966,1.32934,1.32946,2.30,2.20
2010.12.09 06:46:35.141,1.32935,1.32947,2.30,1.50
2010.12.09 06:46:35.711,1.32935,1.32949,2.30,3.00
2010.12.09 06:46:38.421,1.32937,1.32948,3.60,2.20
2010.12.09 06:46:46.228,1.32937,1.32948,4.40,2.20
2010.12.09 06:46:46.933,1.32944,1.32954,1.50,3.00
2010.12.09 06:46:50.013,1.32944,1.32956,1.50,3.00
2010.12.09 06:46:59.601,1.32942,1.32956,1.20,3.00
2010.12.09 06:47:00.571,1.32942,1.32956,1.90,4.50
2010.12.09 06:47:09.092,1.32942,1.32956,1.90,2.20
2010.12.09 06:47:21.873,1.32954,1.32958,2.70,4.90
2010.12.09 06:47:21.997,1.32949,1.32958,1.50,1.50
2010.12.09 06:47:22.659,1.32951,1.32963,1.50,1.10
2010.12.09 06:47:22.775,1.32947,1.32961,1.20,1.50
2010.12.09 06:47:22.893,1.32947,1.32953,1.20,1.50
2010.12.09 06:47:23.002,1.32947,1.32961,1.20,1.50
2010.12.09 06:47:23.555,1.32947,1.32952,1.20,1.50
2010.12.09 06:47:23.679,1.32945,1.32958,1.50,2.70
2010.12.09 06:47:23.791,1.32945,1.32958,1.50,3.40
2010.12.09 06:47:27.423,1.3295,1.32958,1.40,3.00
2010.12.09 06:47:27.544,1.32949,1.32958,1.90,1.50
2010.12.09 06:47:28.044,1.32947,1.32958,2.70,1.50
2010.12.09 06:47:28.186,1.3295,1.32962,1.70,2.20
2010.12.09 06:47:35.488,1.32952,1.3296,1.50,1.50
2010.12.09 06:47:36.082,1.32949,1.32963,1.50,2.20
2010.12.09 06:47:40.947,1.32952,1.32964,2.70,1.50
2010.12.09 06:47:41.172,1.32952,1.32965,2.70,2.20
2010.12.09 06:47:41.281,1.32953,1.32965,1.50,2.20
2010.12.09 06:47:42.951,1.32952,1.32966,2.70,1.50
2010.12.09 06:47:53.928,1.32949,1.32961,2.70,1.50
2010.12.09 06:47:54.265,1.3295,1.32961,1.70,1.50
2010.12.09 06:47:57.236,1.32949,1.32962,2.90,4.50
2010.12.09 06:47:57.917,1.32947,1.32962,3.90,5.30
2010.12.09 06:47:59.008,1.32948,1.32961,5.10,1.50
2010.12.09 06:47:59.234,1.32952,1.32963,1.20,1.50
2010.12.09 06:48:01.460,1.3295,1.32964,4.70,2.30
2010.12.09 06:48:07.922,1.32952,1.32964,2.70,3.00
2010.12.09 06:48:17.892,1.32952,1.32964,2.70,1.50
2010.12.09 06:48:19.305,1.32952,1.32967,3.40,3.00
2010.12.09 06:48:19.432,1.32954,1.32968,1.50,2.20
2010.12.09 06:48:20.113,1.3296,1.32968,4.50,1.50
2010.12.09 06:48:20.336,1.3296,1.32974,4.50,2.20
2010.12.09 06:48:20.561,1.3296,1.32971,6.00,1.50
2010.12.09 06:48:24.520,1.3296,1.32973,6.00,2.20
2010.12.09 06:48:30.761,1.32968,1.32973,3.80,2.20
2010.12.09 06:48:30.878,1.32967,1.32978,1.50,2.60
2010.12.09 06:48:30.994,1.32967,1.32975,1.50,1.50
2010.12.09 06:48:31.797,1.32968,1.32975,4.00,1.50
2010.12.09 06:48:32.024,1.32968,1.32977,4.00,2.20
2010.12.09 06:48:39.222,1.32969,1.32978,2.70,2.20
2010.12.09 06:48:39.341,1.32972,1.32981,1.40,1.50
2010.12.09 06:48:39.973,1.32974,1.32981,1.50,1.50
2010.12.09 06:48:40.136,1.3298,1.32991,5.50,1.50
2010.12.09 06:48:40.257,1.3298,1.32992,5.50,2.20
2010.12.09 06:48:42.822,1.32989,1.32997,1.70,6.70
2010.12.09 06:48:42.947,1.3299,1.32996,4.50,1.50
2010.12.09 06:48:43.537,1.33001,1.33006,2.30,4.00
2010.12.09 06:48:43.670,1.33008,1.33018,3.80,2.20
2010.12.09 06:48:43.783,1.33008,1.33015,3.80,1.50
2010.12.09 06:48:44.363,1.33004,1.33019,1.50,3.00
2010.12.09 06:48:46.822,1.33002,1.33015,1.50,2.20
2010.12.09 06:48:48.362,1.33001,1.33015,2.30,3.50
2010.12.09 06:48:49.038,1.33001,1.3301,4.50,1.50
2010.12.09 06:48:49.568,1.33003,1.3301,3.80,1.50
2010.12.09 06:48:49.689,1.32999,1.33014,4.90,3.10
2010.12.09 06:48:50.133,1.33001,1.33014,2.30,3.10
2010.12.09 06:48:50.705,1.33001,1.33014,2.30,3.00
2010.12.09 06:48:52.290,1.33002,1.33016,2.50,1.50
2010.12.09 06:48:52.403,1.33005,1.33016,1.50,1.50
2010.12.09 06:48:52.624,1.33002,1.33017,2.30,2.20
2010.12.09 06:48:53.210,1.32999,1.33011,1.60,2.20
2010.12.09 06:48:53.543,1.32998,1.33011,4.60,2.20
2010.12.09 06:48:54.645,1.32998,1.3301,3.80,3.00
2010.12.09 06:48:55.428,1.32998,1.33006,3.80,1.50
2010.12.09 06:48:55.661,1.32994,1.33006,2.30,2.60
2010.12.09 06:48:56.259,1.32992,1.33005,1.20,1.50
2010.12.09 06:48:56.386,1.32991,1.33003,1.50,1.10
2010.12.09 06:48:56.994,1.32991,1.33001,1.50,1.70
2010.12.09 06:48:57.115,1.32988,1.33001,5.30,2.40
2010.12.09 06:48:58.524,1.32988,1.33001,5.30,2.20
2010.12.09 06:48:58.863,1.3299,1.33001,1.50,2.20
2010.12.09 06:48:59.195,1.32989,1.33002,3.40,4.50
2010.12.09 06:48:59.686,1.32989,1.33002,2.70,3.80
2010.12.09 06:49:06.315,1.32992,1.33005,2.30,3.00
2010.12.09 06:49:07.053,1.32998,1.3301,3.80,2.20
2010.12.09 06:49:07.492,1.32998,1.33009,4.50,1.50
2010.12.09 06:49:12.419,1.32999,1.33009,2.50,1.50
2010.12.09 06:49:12.754,1.33,1.33014,4.70,1.50
2010.12.09 06:49:15.715,1.33,1.33011,3.80,1.50
2010.12.09 06:49:16.052,1.32999,1.3301,1.90,1.50
2010.12.09 06:49:20.747,1.32995,1.33008,1.50,2.60
2010.12.09 06:49:21.192,1.32994,1.33008,2.30,1.90
2010.12.09 06:49:22.527,1.32994,1.33006,2.30,3.00
2010.12.09 06:49:23.229,1.32992,1.33005,2.70,1.50
2010.12.09 06:49:23.343,1.32992,1.33005,2.70,1.50
2010.12.09 06:49:25.321,1.32996,1.33008,1.90,1.50
2010.12.09 06:49:26.054,1.33,1.33011,5.10,1.90
2010.12.09 06:49:31.293,1.33002,1.33016,1.90,3.00
2010.12.09 06:49:48.725,1.33002,1.33014,1.90,1.50
2010.12.09 06:50:13.872,1.33002,1.33014,1.20,1.50
2010.12.09 06:50:14.206,1.33004,1.33018,4.20,1.90
2010.12.09 06:50:15.062,1.33003,1.33016,2.50,1.50
2010.12.09 06:50:15.505,1.33008,1.33016,3.80,1.50
2010.12.09 06:50:15.845,1.33008,1.33019,5.50,1.50
2010.12.09 06:50:16.292,1.33008,1.33019,4.70,1.50
2010.12.09 06:50:16.407,1.33008,1.33018,3.80,1.10
2010.12.09 06:50:16.527,1.33003,1.33012,2.30,3.80
2010.12.09 06:50:17.109,1.33003,1.33012,1.50,4.50
2010.12.09 06:50:17.891,1.33001,1.33012,2.50,6.00
2010.12.09 06:50:19.438,1.33,1.33012,1.50,6.00
2010.12.09 06:50:28.742,1.33,1.33013,2.50,4.50
2010.12.09 06:50:29.278,1.33003,1.33013,1.40,1.50
2010.12.09 06:50:29.398,1.33003,1.33015,1.40,3.00
2010.12.09 06:50:29.994,1.33008,1.33015,6.60,1.50
2010.12.09 06:50:30.113,1.33008,1.33019,6.60,1.50
2010.12.09 06:50:30.334,1.33008,1.33021,7.40,1.50
2010.12.09 06:50:31.273,1.33009,1.33023,1.70,6.00
2010.12.09 06:50:41.220,1.33004,1.3301,11.90,1.90
2010.12.09 06:50:41.341,1.33004,1.3301,1.50,5.30
2010.12.09 06:50:41.843,1.32998,1.33008,1.50,2.20
2010.12.09 06:50:42.009,1.32994,1.33005,1.70,2.20
2010.12.09 06:50:43.622,1.32993,1.33007,2.50,2.20
2010.12.09 06:50:45.219,1.32993,1.33007,2.50,2.20
2010.12.09 06:50:47.773,1.32994,1.33007,1.50,2.60
2010.12.09 06:50:54.715,1.32998,1.33009,1.70,1.50
2010.12.09 06:50:54.947,1.33,1.33014,5.10,1.50
2010.12.09 06:51:01.080,1.33002,1.33014,2.50,1.50
2010.12.09 06:51:01.933,1.33004,1.33016,1.50,1.50
2010.12.09 06:51:04.172,1.33002,1.33014,3.20,1.50
2010.12.09 06:51:04.723,1.33,1.33012,1.50,1.10
2010.12.09 06:51:09.776,1.33002,1.33013,1.40,1.50
2010.12.09 06:51:15.362,1.33,1.33013,5.50,1.50
2010.12.09 06:51:22.743,1.33,1.33013,2.50,1.90
2010.12.09 06:51:22.965,1.33,1.33008,1.50,1.10
2010.12.09 06:51:23.083,1.32994,1.33008,2.30,1.10
2010.12.09 06:51:23.198,1.32994,1.33008,1.50,1.10
2010.12.09 06:51:32.579,1.32997,1.33004,1.40,1.50
2010.12.09 06:51:32.705,1.32995,1.33008,2.50,1.10
2010.12.09 06:51:33.249,1.32995,1.33004,2.50,1.50
2010.12.09 06:51:33.367,1.32994,1.33004,1.70,1.50
2010.12.09 06:51:34.792,1.32994,1.33004,1.70,1.50
2010.12.09 06:51:40.833,1.32988,1.33002,2.50,4.50
2010.12.09 06:51:41.320,1.32988,1.33002,2.50,4.50
2010.12.09 06:51:49.780,1.32987,1.32999,4.20,2.30
2010.12.09 06:51:50.122,1.32981,1.32992,1.50,3.80
2010.12.09 06:51:50.235,1.3298,1.32992,1.50,5.20
2010.12.09 06:51:51.012,1.32978,1.32989,2.50,1.50
2010.12.09 06:51:51.829,1.32976,1.32988,1.50,1.90
2010.12.09 06:51:51.988,1.32976,1.32986,1.50,1.50
2010.12.09 06:51:52.104,1.32974,1.32984,1.50,1.50
2010.12.09 06:51:52.214,1.32971,1.32983,2.30,1.50
2010.12.09 06:51:54.195,1.32963,1.32972,1.50,1.50
2010.12.09 06:51:54.907,1.32966,1.32979,2.40,1.50
2010.12.09 06:51:57.873,1.32966,1.32981,4.70,1.50
2010.12.09 06:52:03.591,1.32966,1.32979,2.30,1.50
2010.12.09 06:52:05.004,1.32966,1.32978,1.50,1.10
2010.12.09 06:52:05.631,1.32964,1.32976,1.50,1.50
2010.12.09 06:52:09.193,1.32964,1.32978,1.50,1.90
2010.12.09 06:52:09.920,1.32964,1.32978,4.20,3.40
2010.12.09 06:52:14.974,1.32965,1.32978,1.50,3.40
2010.12.09 06:52:15.414,1.32966,1.32978,1.10,3.40
2010.12.09 06:52:15.643,1.3297,1.3298,1.70,1.50
2010.12.09 06:52:16.509,1.3297,1.32982,1.70,6.70
2010.12.09 06:52:16.956,1.32972,1.32985,2.90,2.20
2010.12.09 06:52:17.589,1.32977,1.32985,1.40,2.20
2010.12.09 06:52:17.704,1.32978,1.32989,5.50,1.50
2010.12.09 06:52:18.596,1.3298,1.32991,1.50,3.00
2010.12.09 06:52:19.928,1.32982,1.32995,2.10,1.50
2010.12.09 06:52:20.592,1.32983,1.32997,1.70,3.00
2010.12.09 06:52:22.429,1.32985,1.32997,1.50,2.30
2010.12.09 06:52:27.288,1.32985,1.32996,1.50,1.90
2010.12.09 06:52:30.397,1.32985,1.32997,1.50,2.30
2010.12.09 06:52:30.630,1.3298,1.32991,3.00,1.50
2010.12.09 06:52:31.111,1.3298,1.3299,3.00,1.50
2010.12.09 06:52:31.294,1.32971,1.32985,1.50,1.50
2010.12.09 06:52:32.093,1.32972,1.32985,2.70,1.50
2010.12.09 06:52:32.756,1.32971,1.32984,3.00,1.10
2010.12.09 06:52:33.364,1.32971,1.32983,1.50,1.10
2010.12.09 06:52:39.699,1.32969,1.32983,1.50,1.10
2010.12.09 06:52:40.917,1.32968,1.32976,3.80,1.50
2010.12.09 06:52:41.038,1.32963,1.32976,8.50,1.90
2010.12.09 06:52:41.156,1.32968,1.3298,2.30,1.50
2010.12.09 06:52:41.731,1.32967,1.32977,2.70,1.50
2010.12.09 06:52:41.875,1.32967,1.3298,1.20,1.50
2010.12.09 06:52:42.323,1.32969,1.3298,3.40,1.50
2010.12.09 06:52:43.176,1.3297,1.32984,9.20,1.50
2010.12.09 06:52:44.910,1.32972,1.32984,1.40,1.50
2010.12.09 06:52:58.217,1.32967,1.3298,2.70,1.50
2010.12.09 06:52:59.645,1.32967,1.3298,2.30,1.50
2010.12.09 06:53:00.328,1.32966,1.32978,3.00,1.10
2010.12.09 06:53:00.444,1.32964,1.32978,3.00,1.10
2010.12.09 06:53:02.738,1.32964,1.32977,1.50,1.50
2010.12.09 06:53:08.358,1.32961,1.32975,1.50,2.20
2010.12.09 06:53:10.244,1.32956,1.32969,1.50,1.90
2010.12.09 06:53:14.237,1.32957,1.32969,1.20,1.50
2010.12.09 06:53:15.105,1.32961,1.32969,1.50,1.50
2010.12.09 06:53:15.227,1.32961,1.32971,1.50,1.50
2010.12.09 06:53:21.334,1.32961,1.32971,1.50,2.30
2010.12.09 06:53:21.443,1.32958,1.3297,1.50,2.20
2010.12.09 06:53:21.557,1.32956,1.3297,1.50,5.20
2010.12.09 06:53:22.092,1.32957,1.32968,1.50,1.10
2010.12.09 06:53:22.219,1.32953,1.32966,2.30,1.50
2010.12.09 06:53:22.662,1.32953,1.32968,2.30,1.90
2010.12.09 06:53:23.434,1.32953,1.32964,2.30,1.50
2010.12.09 06:53:24.072,1.32944,1.32958,2.40,1.10
2010.12.09 06:53:24.187,1.32943,1.32956,3.40,1.50
2010.12.09 06:53:25.346,1.32946,1.32956,1.40,2.20
2010.12.09 06:53:25.471,1.32944,1.32956,2.70,2.20
2010.12.09 06:53:26.116,1.32943,1.32958,3.00,1.10
2010.12.09 06:53:31.403,1.32945,1.32959,1.40,2.20
2010.12.09 06:53:32.634,1.32949,1.32961,1.20,3.00
2010.12.09 06:53:33.159,1.3295,1.32964,4.50,1.50
2010.12.09 06:53:46.276,1.3295,1.32962,3.80,1.50
2010.12.09 06:53:47.639,1.32949,1.3296,2.50,1.50
2010.12.09 06:53:48.219,1.32951,1.3296,1.50,1.50
2010.12.09 06:53:49.004,1.32951,1.32961,1.70,1.50
2010.12.09 06:53:49.225,1.32953,1.32965,1.40,1.50
2010.12.09 06:53:50.010,1.32953,1.32967,2.90,2.20
2010.12.09 06:53:57.863,1.32953,1.32966,2.10,1.50
2010.12.09 06:54:09.659,1.32952,1.32965,1.40,1.50
2010.12.09 06:54:28.175,1.32953,1.32967,1.70,2.20
2010.12.09 06:54:34.779,1.32955,1.32968,1.50,1.10
2010.12.09 06:54:37.869,1.32957,1.32969,1.50,1.90
2010.12.09 06:54:38.422,1.32957,1.32968,1.50,1.10
2010.12.09 06:54:41.083,1.32955,1.32968,1.50,4.10
2010.12.09 06:54:41.887,1.32953,1.32968,1.70,4.90
2010.12.09 06:54:43.583,1.32955,1.32968,1.50,3.40
2010.12.09 06:54:43.692,1.32955,1.32968,1.50,2.60
2010.12.09 06:54:43.832,1.32955,1.32968,1.50,3.40
2010.12.09 06:54:47.353,1.32953,1.32966,1.70,1.50
2010.12.09 06:54:48.416,1.32953,1.32965,1.70,1.50
2010.12.09 06:54:48.647,1.3295,1.32962,1.50,2.40
2010.12.09 06:54:48.766,1.3295,1.3296,1.50,1.50
2010.12.09 06:54:48.993,1.32943,1.32951,2.30,1.50
2010.12.09 06:54:49.697,1.32938,1.32951,1.50,4.90
2010.12.09 06:54:50.802,1.32937,1.32951,2.30,5.60
2010.12.09 06:54:51.500,1.3294,1.32953,2.30,3.00
2010.12.09 06:54:52.718,1.32941,1.32953,1.50,1.50
2010.12.09 06:54:54.938,1.3294,1.32953,2.50,1.50
2010.12.09 06:54:56.047,1.32942,1.32953,1.70,1.50
2010.12.09 06:54:56.164,1.32942,1.32955,1.70,1.50
2010.12.09 06:54:56.762,1.32943,1.32958,1.70,3.00
2010.12.09 06:54:56.983,1.32944,1.32958,1.70,3.40
2010.12.09 06:54:57.753,1.32946,1.32958,1.20,3.00
2010.12.09 06:54:57.866,1.32947,1.32961,2.90,3.00
2010.12.09 06:54:58.384,1.32949,1.32961,1.70,1.50
2010.12.09 06:54:58.515,1.32952,1.32966,1.40,1.50
2010.12.09 06:55:01.385,1.32952,1.32964,1.50,1.10
2010.12.09 06:55:01.970,1.32951,1.32964,2.30,2.60
2010.12.09 06:55:03.727,1.32951,1.32961,2.30,2.70
2010.12.09 06:55:04.409,1.32946,1.3296,1.60,2.20
2010.12.09 06:55:04.533,1.32945,1.32958,1.70,1.10
2010.12.09 06:55:11.203,1.32944,1.32957,4.50,1.50
2010.12.09 06:55:11.425,1.32944,1.32955,1.50,1.50
2010.12.09 06:55:11.655,1.32942,1.32954,1.50,2.30
2010.12.09 06:55:12.571,1.3294,1.32953,1.70,1.50
2010.12.09 06:55:14.983,1.3294,1.32951,2.50,1.90
2010.12.09 06:55:18.449,1.32944,1.32952,2.30,3.40
2010.12.09 06:55:18.802,1.32949,1.3296,2.90,3.70
2010.12.09 06:55:21.375,1.32948,1.32956,3.80,1.90
2010.12.09 06:55:21.840,1.32948,1.32956,3.80,3.40
2010.12.09 06:55:21.983,1.32944,1.32955,2.70,1.50
2010.12.09 06:55:22.096,1.32942,1.32953,2.70,1.50
2010.12.09 06:55:27.054,1.3294,1.32946,3.00,1.90
2010.12.09 06:55:27.625,1.32937,1.32946,1.50,2.70
2010.12.09 06:55:30.854,1.32937,1.32949,3.60,2.70
2010.12.09 06:55:31.496,1.32937,1.32946,1.50,1.90
2010.12.09 06:55:31.618,1.32935,1.32941,1.50,3.40
2010.12.09 06:55:31.845,1.32931,1.32941,2.70,1.90
2010.12.09 06:55:32.075,1.32934,1.32945,1.90,1.60
2010.12.09 06:55:33.568,1.32934,1.32946,2.70,2.60
2010.12.09 06:55:37.842,1.32934,1.32945,2.70,1.50
2010.12.09 06:55:38.064,1.32932,1.32941,1.50,1.90
2010.12.09 06:55:39.519,1.32928,1.32936,15.20,1.50
2010.12.09 06:55:39.656,1.32922,1.32931,2.30,1.90
2010.12.09 06:55:43.817,1.32924,1.32931,1.50,1.90
2010.12.09 06:55:44.155,1.32924,1.32936,4.40,3.40
2010.12.09 06:55:44.272,1.32925,1.32936,1.70,2.60
2010.12.09 06:55:49.945,1.32924,1.32936,4.40,1.90
2010.12.09 06:55:51.396,1.32927,1.32936,1.70,1.90
2010.12.09 06:55:51.623,1.32931,1.32941,1.50,2.60
2010.12.09 06:55:52.173,1.32929,1.32941,5.10,1.90
2010.12.09 06:55:52.840,1.3293,1.32941,2.50,1.90
2010.12.09 06:55:55.424,1.3293,1.32941,2.30,1.90
2010.12.09 06:55:57.255,1.3293,1.32939,2.30,2.30
2010.12.09 06:55:58.024,1.3292,1.32931,1.50,3.40
2010.12.09 06:55:59.586,1.32924,1.32934,1.90,2.20
2010.12.09 06:55:59.705,1.32924,1.32935,1.90,1.50
2010.12.09 06:55:59.936,1.32924,1.32936,3.40,2.60
2010.12.09 06:56:00.494,1.32924,1.32936,3.40,2.60
2010.12.09 06:56:00.603,1.32924,1.32936,1.90,2.60
2010.12.09 06:56:02.014,1.32924,1.32936,2.70,2.60
2010.12.09 06:56:02.794,1.32924,1.32935,1.90,1.50
2010.12.09 06:56:04.833,1.32924,1.32932,1.90,4.50
2010.12.09 06:56:05.399,1.32922,1.32931,2.30,2.30
2010.12.09 06:56:07.174,1.32922,1.3293,1.50,1.50
2010.12.09 06:56:07.792,1.32919,1.3293,3.80,1.50
2010.12.09 06:56:11.040,1.3291,1.32921,3.00,2.30
2010.12.09 06:56:38.593,1.32912,1.32921,3.00,1.90
2010.12.09 06:56:39.144,1.32914,1.32926,3.20,3.70
2010.12.09 06:56:44.568,1.32914,1.32924,2.70,1.50
2010.12.09 06:56:45.481,1.32914,1.32925,3.00,1.50
2010.12.09 06:56:48.548,1.32912,1.32921,1.50,2.30
2010.12.09 06:56:49.702,1.32911,1.32921,2.30,2.30
2010.12.09 06:56:51.377,1.32914,1.32923,2.50,1.50
2010.12.09 06:56:51.495,1.32914,1.32926,3.20,5.20
2010.12.09 06:56:51.943,1.32914,1.32926,3.80,3.00
2010.12.09 06:56:55.712,1.32919,1.32928,4.50,1.50
2010.12.09 06:56:55.827,1.32919,1.32931,5.30,3.70
2010.12.09 06:56:58.905,1.32924,1.32932,2.50,4.50
2010.12.09 06:56:59.244,1.32925,1.32936,1.50,4.50
2010.12.09 06:56:59.812,1.32929,1.32936,1.90,4.10
2010.12.09 06:56:59.935,1.32929,1.32941,2.30,3.70
2010.12.09 06:57:00.385,1.32929,1.32939,1.90,1.50
2010.12.09 06:57:06.121,1.32925,1.32936,2.30,3.00
2010.12.09 06:57:17.825,1.32924,1.32935,2.30,1.50
2010.12.09 06:57:18.839,1.32925,1.32936,1.70,3.40
2010.12.09 06:57:19.491,1.32924,1.32932,5.30,4.50
2010.12.09 06:57:19.645,1.32924,1.32936,2.30,5.20
2010.12.09 06:57:34.964,1.32924,1.32934,1.90,1.50
2010.12.09 06:57:36.930,1.32924,1.32936,2.30,5.20
2010.12.09 06:57:38.274,1.32923,1.32934,1.50,2.60
2010.12.09 06:57:43.523,1.32922,1.32931,1.50,1.90
2010.12.09 06:57:55.216,1.32921,1.32931,2.70,1.90
2010.12.09 06:58:03.892,1.32919,1.32931,5.30,3.00
2010.12.09 06:58:08.496,1.32919,1.32931,4.50,2.30
2010.12.09 06:58:17.442,1.32924,1.32936,4.50,4.50
2010.12.09 06:58:21.536,1.32924,1.32936,3.40,4.10
2010.12.09 06:58:26.987,1.32929,1.32941,2.70,3.40
2010.12.09 06:58:27.652,1.3293,1.32941,1.20,2.60
2010.12.09 06:58:29.355,1.32929,1.3294,4.20,4.50
2010.12.09 06:58:30.010,1.32925,1.32936,3.40,1.90
2010.12.09 06:58:30.240,1.32929,1.3294,2.70,6.70
2010.12.09 06:58:30.905,1.32929,1.32938,3.40,1.50
2010.12.09 06:58:31.741,1.32925,1.32936,2.70,3.40
2010.12.09 06:58:33.493,1.32925,1.32932,1.90,3.80
2010.12.09 06:58:34.155,1.3292,1.32931,2.70,1.90
2010.12.09 06:58:43.625,1.32921,1.32931,2.30,1.90
2010.12.09 06:58:43.963,1.32924,1.32936,2.70,3.40
2010.12.09 06:58:49.735,1.32924,1.32936,3.80,3.70
2010.12.09 06:58:52.589,1.32924,1.32934,1.90,1.50
2010.12.09 06:58:52.814,1.3292,1.32931,2.30,2.30
2010.12.09 06:58:53.143,1.32923,1.32931,1.50,2.30
2010.12.09 06:58:56.259,1.32921,1.3293,2.30,1.50
2010.12.09 06:58:56.386,1.32919,1.32931,3.80,3.70
2010.12.09 06:58:57.052,1.3292,1.32931,1.50,3.70
2010.12.09 06:58:57.664,1.3292,1.32929,1.50,1.50
2010.12.09 06:58:58.247,1.32914,1.32921,2.70,1.90
2010.12.09 06:58:58.363,1.32914,1.32925,4.50,1.50
2010.12.09 06:59:00.293,1.32915,1.32926,3.80,2.30
2010.12.09 06:59:01.449,1.32917,1.32922,2.70,3.80
2010.12.09 06:59:01.783,1.32917,1.32928,2.70,3.00
2010.12.09 06:59:18.832,1.32914,1.32926,2.70,4.10
2010.12.09 06:59:21.263,1.32913,1.32926,3.00,3.00
2010.12.09 06:59:25.931,1.32913,1.32926,1.50,2.20
2010.12.09 06:59:27.012,1.32913,1.32926,1.50,3.00
2010.12.09 06:59:30.993,1.32915,1.32922,2.30,3.80
2010.12.09 06:59:31.105,1.32915,1.32928,1.50,1.50
2010.12.09 06:59:31.333,1.32913,1.32928,3.80,1.50
2010.12.09 06:59:35.465,1.32913,1.32928,4.70,1.50
2010.12.09 06:59:37.082,1.32915,1.32928,2.30,2.20
2010.12.09 06:59:37.200,1.32919,1.3293,2.50,1.50
2010.12.09 06:59:37.535,1.32919,1.32934,3.60,1.50
2010.12.09 06:59:37.987,1.3292,1.32932,1.50,6.00
2010.12.09 06:59:38.537,1.32917,1.3293,2.30,1.50
2010.12.09 06:59:40.315,1.32919,1.3293,1.70,1.50
2010.12.09 06:59:40.427,1.32919,1.32931,1.70,2.70
2010.12.09 06:59:40.914,1.32919,1.32933,1.70,2.20
2010.12.09 06:59:44.126,1.3292,1.32934,1.70,1.50
2010.12.09 06:59:44.853,1.32923,1.32937,1.50,3.00
2010.12.09 06:59:46.454,1.32922,1.32938,3.00,1.50
2010.12.09 06:59:46.952,1.32922,1.32938,1.50,3.00
2010.12.09 06:59:47.173,1.32922,1.32938,2.30,3.00
2010.12.09 06:59:47.504,1.32926,1.3294,1.50,1.50
2010.12.09 06:59:47.623,1.32924,1.32942,8.10,4.50
2010.12.09 06:59:48.431,1.32927,1.32939,1.70,1.50
2010.12.09 06:59:49.654,1.32927,1.32939,2.50,1.50
2010.12.09 06:59:51.716,1.32927,1.32939,2.50,3.80
2010.12.09 06:59:51.835,1.32925,1.32939,1.50,3.80
2010.12.09 06:59:51.964,1.3292,1.32932,3.40,3.80
2010.12.09 06:59:52.993,1.32923,1.32932,1.50,3.80
2010.12.09 06:59:54.423,1.32922,1.32932,1.50,3.80
2010.12.09 06:59:55.061,1.32922,1.32935,2.50,1.50
2010.12.09 06:59:55.613,1.32922,1.32935,1.50,1.50
2010.12.09 06:59:57.011,1.32922,1.32932,1.50,3.80
2010.12.09 06:59:57.346,1.3292,1.32932,1.50,3.80
