2019.06.19 19:00:00.060,1.1246,1.12465,2560000,2000000
2019.06.19 19:00:00.111,1.12463,1.12467,6640000,1120000
2019.06.19 19:00:00.214,1.12461,1.12467,1000000,6030000
2019.06.19 19:00:00.434,1.12462,1.12467,1250000,1250000
2019.06.19 19:00:00.536,1.12461,1.12467,1810000,1870000
2019.06.19 19:00:00.588,1.12461,1.12464,1200000,1500000
2019.06.19 19:00:00.691,1.12454,1.12455,1000000,1000000
2019.06.19 19:00:00.743,1.12452,1.12455,1500000,1000000
2019.06.19 19:00:00.846,1.12454,1.12456,1250000,2620000
2019.06.19 19:00:00.948,1.12455,1.12458,1250000,3870000
2019.06.19 19:00:01.074,1.12455,1.12456,1500000,1250000
2019.06.19 19:00:01.126,1.1245,1.12452,1500000,2120000
2019.06.19 19:00:01.177,1.12449,1.1245,1000000,6750000
2019.06.19 19:00:01.280,1.12448,1.1245,1000000,1000000
2019.06.19 19:00:01.393,1.12445,1.1245,1620000,1750000
2019.06.19 19:00:01.496,1.12445,1.12451,4890000,4450000
2019.06.19 19:00:01.600,1.12446,1.1245,2000000,1820000
2019.06.19 19:00:01.722,1.12445,1.12449,3190000,1870000
2019.06.19 19:00:01.825,1.12446,1.12448,1000000,1000000
2019.06.19 19:00:02.221,1.12445,1.12449,4780000,2120000
2019.06.19 19:00:02.323,1.12445,1.12448,1120000,1250000
2019.06.19 19:00:02.426,1.12444,1.12448,1250000,1250000
2019.06.19 19:00:02.542,1.12443,1.12448,4620000,1870000
2019.06.19 19:00:02.941,1.12444,1.12448,5810000,1870000
2019.06.19 19:00:03.044,1.12444,1.12449,1990000,4560000
2019.06.19 19:00:03.096,1.12446,1.1245,2430000,1000000
2019.06.19 19:00:03.199,1.12446,1.12449,1000000,1000000
2019.06.19 19:00:03.251,1.12444,1.12447,1500000,1000000
2019.06.19 19:00:03.366,1.12442,1.12446,1370000,1000000
2019.06.19 19:00:03.469,1.12441,1.12447,2940000,3950000
2019.06.19 19:00:03.775,1.12442,1.12447,2370000,2030000
2019.06.19 19:00:03.877,1.12442,1.12447,1510000,1000000
2019.06.19 19:00:04.132,1.12443,1.12447,1810000,1000000
2019.06.19 19:00:04.292,1.1244,1.12442,6000000,3190000
2019.06.19 19:00:04.346,1.12431,1.12435,1250000,2140000
2019.06.19 19:00:04.397,1.12432,1.12435,1370000,4620000
2019.06.19 19:00:04.499,1.12435,1.12439,3000000,1870000
2019.06.19 19:00:04.550,1.12435,1.12439,1690000,1870000
2019.06.19 19:00:04.676,1.12433,1.12437,1500000,4750000
2019.06.19 19:00:04.778,1.12436,1.12439,2140000,2250000
2019.06.19 19:00:04.932,1.12438,1.1244,1250000,1000000
2019.06.19 19:00:05.069,1.12441,1.12444,2550000,1120000
2019.06.19 19:00:05.121,1.12442,1.12446,1570000,1030000
2019.06.19 19:00:05.223,1.1244,1.12441,1250000,4570000
2019.06.19 19:00:05.274,1.12439,1.12442,1250000,5620000
2019.06.19 19:00:05.377,1.12439,1.12442,1250000,3120000
2019.06.19 19:00:05.479,1.12442,1.12444,1250000,1500000
2019.06.19 19:00:05.530,1.12441,1.12446,1500000,2250000
2019.06.19 19:00:05.582,1.12443,1.12447,2370000,1120000
2019.06.19 19:00:05.685,1.12442,1.12446,1500000,1030000
2019.06.19 19:00:05.792,1.12441,1.12446,1500000,5820000
2019.06.19 19:00:05.844,1.12441,1.12447,3500000,4120000
2019.06.19 19:00:05.947,1.12441,1.12447,2810000,3320000
2019.06.19 19:00:06.051,1.12441,1.12447,1690000,2250000
2019.06.19 19:00:06.153,1.12441,1.12446,1000000,3370000
2019.06.19 19:00:06.273,1.12442,1.12448,3980000,1500000
2019.06.19 19:00:06.690,1.12437,1.12438,1120000,1390000
2019.06.19 19:00:06.744,1.12435,1.12438,3870000,1500000
2019.06.19 19:00:06.796,1.12434,1.12438,1500000,1870000
2019.06.19 19:00:06.995,1.12433,1.12439,5060000,2620000
2019.06.19 19:00:07.046,1.12438,1.1244,6270000,1000000
2019.06.19 19:00:07.150,1.12437,1.12442,2250000,2620000
2019.06.19 19:00:07.622,1.12436,1.12442,1310000,7200000
2019.06.19 19:00:07.764,1.12436,1.1244,2620000,3190000
2019.06.19 19:00:07.815,1.12434,1.12439,1310000,1000000
2019.06.19 19:00:07.917,1.12435,1.1244,1350000,3210000
2019.06.19 19:00:07.972,1.12435,1.12441,3190000,4100000
2019.06.19 19:00:08.075,1.12438,1.12441,1250000,1000000
2019.06.19 19:00:08.176,1.12438,1.12443,1990000,2250000
2019.06.19 19:00:08.536,1.12438,1.12444,2640000,1570000
2019.06.19 19:00:09.044,1.12437,1.12443,2120000,5140000
2019.06.19 19:00:09.313,1.12437,1.12443,1250000,9010000
2019.06.19 19:00:09.418,1.12443,1.12445,1500000,2250000
2019.06.19 19:00:09.470,1.12443,1.12447,1720000,1120000
2019.06.19 19:00:10.015,1.12443,1.12448,4170000,1620000
2019.06.19 19:00:10.117,1.12443,1.12448,2860000,1000000
2019.06.19 19:00:10.219,1.12443,1.12448,3490000,1000000
2019.06.19 19:00:10.390,1.12443,1.12448,3560000,2940000
2019.06.19 19:00:10.543,1.12443,1.12448,4310000,1250000
2019.06.19 19:00:10.845,1.12443,1.12447,1000000,1250000
2019.06.19 19:00:10.997,1.12443,1.12448,2060000,1250000
2019.06.19 19:00:11.541,1.12443,1.12447,1000000,1310000
2019.06.19 19:00:11.593,1.12446,1.12449,5620000,1000000
2019.06.19 19:00:11.741,1.12446,1.12451,2000000,2890000
2019.06.19 19:00:11.793,1.12449,1.12451,2620000,3000000
2019.06.19 19:00:11.896,1.12449,1.12452,1000000,2450000
2019.06.19 19:00:11.947,1.12447,1.1245,1250000,4570000
2019.06.19 19:00:11.999,1.12448,1.12453,3000000,1120000
2019.06.19 19:00:12.051,1.12449,1.12453,4500000,1250000
2019.06.19 19:00:12.202,1.12452,1.12454,2440000,1500000
2019.06.19 19:00:12.305,1.12451,1.12454,1250000,2440000
2019.06.19 19:00:12.434,1.12453,1.12457,4190000,1000000
2019.06.19 19:00:12.508,1.12451,1.12456,2250000,1150000
2019.06.19 19:00:12.611,1.12451,1.12456,1250000,2620000
2019.06.19 19:00:12.713,1.1245,1.12454,1500000,3390000
2019.06.19 19:00:12.829,1.12447,1.12452,1620000,4750000
2019.06.19 19:00:12.983,1.12447,1.12452,1250000,1570000
2019.06.19 19:00:13.235,1.1245,1.12453,1500000,1500000
2019.06.19 19:00:13.286,1.12451,1.12455,1000000,3000000
2019.06.19 19:00:13.389,1.12451,1.12457,2060000,6470000
2019.06.19 19:00:13.491,1.12451,1.12455,1120000,2700000
2019.06.19 19:00:13.620,1.1245,1.12454,1240000,1120000
2019.06.19 19:00:13.722,1.12449,1.12454,1000000,2250000
2019.06.19 19:00:13.774,1.12452,1.12456,3820000,1620000
2019.06.19 19:00:13.876,1.12452,1.12458,4560000,1000000
2019.06.19 19:00:14.337,1.12453,1.12459,6130000,1000000
2019.06.19 19:00:14.505,1.12453,1.12458,1120000,2250000
2019.06.19 19:00:14.607,1.12452,1.12457,1000000,3950000
2019.06.19 19:00:14.709,1.12453,1.12458,3450000,1000000
2019.06.19 19:00:14.812,1.12453,1.12458,2620000,1000000
2019.06.19 19:00:15.033,1.12453,1.12458,1000000,1600000
2019.06.19 19:00:15.440,1.12455,1.12459,1600000,2940000
2019.06.19 19:00:15.566,1.12457,1.12462,1120000,1870000
2019.06.19 19:00:15.821,1.12459,1.12462,1000000,1500000
2019.06.19 19:00:15.982,1.12458,1.12463,1000000,1150000
2019.06.19 19:00:16.085,1.12459,1.12463,2250000,1100000
2019.06.19 19:00:16.187,1.12458,1.12463,1000000,1000000
2019.06.19 19:00:16.289,1.12457,1.12461,1750000,1120000
2019.06.19 19:00:16.391,1.12456,1.12461,3750000,1620000
2019.06.19 19:00:16.530,1.12457,1.12463,9570000,2700000
2019.06.19 19:00:16.633,1.12458,1.12462,1000000,1120000
2019.06.19 19:00:16.735,1.12457,1.12463,1250000,4600000
2019.06.19 19:00:16.837,1.12458,1.12463,1690000,1500000
2019.06.19 19:00:17.096,1.12457,1.12462,1500000,2250000
2019.06.19 19:00:17.198,1.12457,1.12463,4440000,1500000
2019.06.19 19:00:17.302,1.12456,1.12461,2250000,2700000
2019.06.19 19:00:17.495,1.12458,1.12461,1250000,1000000
2019.06.19 19:00:17.598,1.12459,1.12461,1000000,4370000
2019.06.19 19:00:17.650,1.1246,1.12463,1000000,1690000
2019.06.19 19:00:17.702,1.12461,1.12465,4190000,3310000
2019.06.19 19:00:17.862,1.12461,1.12465,2870000,1010000
2019.06.19 19:00:17.964,1.12461,1.12466,1500000,2450000
2019.06.19 19:00:18.218,1.12461,1.12466,2190000,2070000
2019.06.19 19:00:18.345,1.1246,1.12464,1310000,4720000
2019.06.19 19:00:18.397,1.12458,1.12463,1120000,3950000
2019.06.19 19:00:18.499,1.12458,1.12463,1690000,1950000
2019.06.19 19:00:18.601,1.12461,1.12463,1000000,1000000
2019.06.19 19:00:18.704,1.12464,1.12466,2870000,2250000
2019.06.19 19:00:18.828,1.12467,1.12469,1500000,2960000
2019.06.19 19:00:18.931,1.1247,1.12471,2250000,1500000
2019.06.19 19:00:18.982,1.12474,1.12475,1690000,1000000
2019.06.19 19:00:19.098,1.12472,1.12475,1250000,6600000
2019.06.19 19:00:19.150,1.12468,1.12471,4500000,1000000
2019.06.19 19:00:19.202,1.12465,1.1247,4620000,1120000
2019.06.19 19:00:19.355,1.12464,1.12469,2750000,3070000
2019.06.19 19:00:19.490,1.12464,1.1247,1750000,12640000
2019.06.19 19:00:19.848,1.12464,1.12468,1120000,3260000
2019.06.19 19:00:19.899,1.12464,1.12467,1500000,1100000
2019.06.19 19:00:19.974,1.12465,1.12468,1120000,1000000
2019.06.19 19:00:20.076,1.12463,1.12468,1870000,1250000
2019.06.19 19:00:20.178,1.12463,1.12468,2370000,1500000
2019.06.19 19:00:20.280,1.12462,1.12468,4120000,3820000
2019.06.19 19:00:20.431,1.12463,1.12467,4120000,1000000
2019.06.19 19:00:20.482,1.12462,1.12466,2120000,1000000
2019.06.19 19:00:20.586,1.12464,1.12467,1370000,1000000
2019.06.19 19:00:20.689,1.12461,1.12468,9120000,5260000
2019.06.19 19:00:20.917,1.12462,1.12466,1000000,1120000
2019.06.19 19:00:20.969,1.12461,1.12464,1000000,2620000
2019.06.19 19:00:21.074,1.12462,1.12466,2620000,1000000
2019.06.19 19:00:21.176,1.12462,1.12467,1500000,4060000
2019.06.19 19:00:21.389,1.12462,1.12464,1000000,1310000
2019.06.19 19:00:21.492,1.12462,1.12467,4760000,1500000
2019.06.19 19:00:21.594,1.12462,1.12467,2500000,1500000
2019.06.19 19:00:21.716,1.12463,1.12467,2120000,1000000
2019.06.19 19:00:21.819,1.12461,1.12464,1120000,1500000
2019.06.19 19:00:21.870,1.1246,1.12465,1310000,3190000
2019.06.19 19:00:22.172,1.1246,1.12466,6620000,3310000
2019.06.19 19:00:22.276,1.12461,1.12464,1000000,1000000
2019.06.19 19:00:22.378,1.1246,1.12464,1250000,1870000
2019.06.19 19:00:22.532,1.12459,1.1246,1500000,1000000
2019.06.19 19:00:22.634,1.12455,1.12461,3870000,3620000
2019.06.19 19:00:23.171,1.12458,1.12461,1870000,1000000
2019.06.19 19:00:23.274,1.12463,1.12464,2700000,1000000
2019.06.19 19:00:23.384,1.12463,1.12466,1310000,1500000
2019.06.19 19:00:23.436,1.12461,1.12462,1500000,1000000
2019.06.19 19:00:23.539,1.12457,1.1246,1120000,1750000
2019.06.19 19:00:23.590,1.12455,1.12457,1000000,2370000
2019.06.19 19:00:23.692,1.12456,1.12458,1000000,1000000
2019.06.19 19:00:23.812,1.12454,1.12456,1000000,1310000
2019.06.19 19:00:23.864,1.12451,1.12452,1000000,1000000
2019.06.19 19:00:23.966,1.12449,1.12451,1120000,1250000
2019.06.19 19:00:24.017,1.12446,1.12451,1120000,1690000
2019.06.19 19:00:24.179,1.12446,1.12451,1750000,1000000
2019.06.19 19:00:24.597,1.12445,1.1245,1310000,3560000
2019.06.19 19:00:24.668,1.12445,1.12448,1120000,3190000
2019.06.19 19:00:24.720,1.12447,1.12451,3190000,1120000
2019.06.19 19:00:24.823,1.12448,1.12451,1000000,1120000
2019.06.19 19:00:24.925,1.12447,1.12451,1000000,1950000
2019.06.19 19:00:25.028,1.12451,1.12453,1560000,1000000
2019.06.19 19:00:25.135,1.12453,1.12454,2740000,1120000
2019.06.19 19:00:25.238,1.1245,1.12452,1000000,3750000
2019.06.19 19:00:25.341,1.12448,1.12452,1120000,1500000
2019.06.19 19:00:25.443,1.12451,1.12454,1500000,1200000
2019.06.19 19:00:25.563,1.12451,1.12455,1000000,2750000
2019.06.19 19:00:25.820,1.12449,1.12454,1120000,5560000
2019.06.19 19:00:25.997,1.1245,1.12455,1000000,4700000
2019.06.19 19:00:26.100,1.1245,1.12454,1120000,3260000
2019.06.19 19:00:26.306,1.12451,1.12456,5620000,1000000
2019.06.19 19:00:26.416,1.12452,1.12455,1000000,2250000
2019.06.19 19:00:26.570,1.12452,1.12457,1120000,1620000
2019.06.19 19:00:26.624,1.12454,1.12458,3560000,1750000
2019.06.19 19:00:26.677,1.12453,1.12457,1120000,1100000
2019.06.19 19:00:26.983,1.12453,1.12456,1000000,1000000
2019.06.19 19:00:28.318,1.12453,1.12457,1120000,3640000
2019.06.19 19:00:28.420,1.12453,1.12457,1120000,3390000
2019.06.19 19:00:28.733,1.12453,1.12457,1000000,1760000
2019.06.19 19:00:29.413,1.12453,1.12457,1000000,2940000
2019.06.19 19:00:29.729,1.12452,1.12455,1000000,3760000
2019.06.19 19:00:29.859,1.12451,1.12456,1750000,4700000
2019.06.19 19:00:29.961,1.12451,1.12456,1250000,5070000
2019.06.19 19:00:30.114,1.12452,1.12458,5060000,2250000
2019.06.19 19:00:30.217,1.12454,1.12457,1000000,2870000
2019.06.19 19:00:30.357,1.12459,1.12462,1000000,1500000
2019.06.19 19:00:30.408,1.12459,1.1246,1120000,1120000
2019.06.19 19:00:30.459,1.12456,1.1246,1310000,3940000
2019.06.19 19:00:31.466,1.12456,1.1246,1000000,3500000
2019.06.19 19:00:31.568,1.12456,1.1246,1250000,1500000
2019.06.19 19:00:31.772,1.12456,1.12459,1000000,1000000
2019.06.19 19:00:31.874,1.12455,1.12459,1750000,5250000
2019.06.19 19:00:32.061,1.12455,1.1246,1750000,5320000
2019.06.19 19:00:32.266,1.12457,1.12461,2620000,2620000
2019.06.19 19:00:32.368,1.12457,1.12461,1000000,5450000
2019.06.19 19:00:32.471,1.12457,1.12462,1500000,7060000
2019.06.19 19:00:32.576,1.12457,1.12461,1000000,2750000
2019.06.19 19:00:32.882,1.12457,1.12461,1000000,1000000
2019.06.19 19:00:32.984,1.12456,1.1246,1250000,1570000
2019.06.19 19:00:34.710,1.12455,1.12459,1120000,3760000
2019.06.19 19:00:34.798,1.12455,1.12457,1000000,1200000
2019.06.19 19:00:34.900,1.12453,1.12456,1000000,1750000
2019.06.19 19:00:35.003,1.12451,1.12452,1120000,1200000
2019.06.19 19:00:35.054,1.12449,1.12453,1810000,1950000
2019.06.19 19:00:35.105,1.12451,1.12454,4810000,1000000
2019.06.19 19:00:35.266,1.12451,1.12454,1000000,1000000
2019.06.19 19:00:35.419,1.12451,1.12455,1250000,1200000
2019.06.19 19:00:35.840,1.1245,1.12455,1690000,9560000
2019.06.19 19:00:35.967,1.12451,1.12454,1000000,1000000
2019.06.19 19:00:37.259,1.12451,1.12454,1000000,1500000
2019.06.19 19:00:37.472,1.12451,1.12455,1250000,1500000
2019.06.19 19:00:37.625,1.1245,1.12455,3560000,4010000
2019.06.19 19:00:37.942,1.12451,1.12455,3190000,1120000
2019.06.19 19:00:38.241,1.12451,1.12454,1000000,1120000
2019.06.19 19:00:38.382,1.12449,1.12453,1000000,3820000
2019.06.19 19:00:38.485,1.1245,1.12453,1000000,1250000
2019.06.19 19:00:38.808,1.12453,1.12455,2620000,2250000
2019.06.19 19:00:38.910,1.12455,1.12458,2620000,1500000
2019.06.19 19:00:39.012,1.12457,1.12458,1000000,1000000
2019.06.19 19:00:39.064,1.12455,1.12459,1690000,6820000
2019.06.19 19:00:39.184,1.12456,1.1246,1690000,1500000
2019.06.19 19:00:40.308,1.12461,1.12462,4950000,1120000
2019.06.19 19:00:40.410,1.1246,1.12462,2250000,2440000
2019.06.19 19:00:40.512,1.1246,1.12464,1870000,4410000
2019.06.19 19:00:40.629,1.12462,1.12464,1000000,1500000
2019.06.19 19:00:40.731,1.12462,1.12465,1000000,3930000
2019.06.19 19:00:40.935,1.12462,1.12465,1250000,1100000
2019.06.19 19:00:41.038,1.12461,1.12465,1250000,3000000
2019.06.19 19:00:41.390,1.12462,1.12465,1000000,1500000
2019.06.19 19:00:42.291,1.12463,1.12465,1000000,1000000
2019.06.19 19:00:42.393,1.12462,1.12465,1000000,1950000
2019.06.19 19:00:42.496,1.12461,1.12464,1500000,1120000
2019.06.19 19:00:42.649,1.12462,1.12463,1000000,1120000
2019.06.19 19:00:42.770,1.12461,1.12463,1000000,1870000
2019.06.19 19:00:42.873,1.12461,1.12465,1310000,1870000
2019.06.19 19:00:42.975,1.12462,1.12465,3560000,1120000
2019.06.19 19:00:43.289,1.12462,1.12464,1120000,1120000
2019.06.19 19:00:43.411,1.12461,1.12464,1120000,1120000
2019.06.19 19:00:43.736,1.1246,1.12464,1120000,3190000
2019.06.19 19:00:44.208,1.12461,1.12464,1000000,1120000
2019.06.19 19:00:44.260,1.12463,1.12466,1120000,1500000
2019.06.19 19:00:44.363,1.12462,1.12465,1000000,2620000
2019.06.19 19:00:44.465,1.12462,1.12464,1000000,1000000
2019.06.19 19:00:44.567,1.12461,1.12465,1250000,3500000
2019.06.19 19:00:44.688,1.12461,1.12465,1000000,1000000
2019.06.19 19:00:44.791,1.12465,1.12467,1950000,2620000
2019.06.19 19:00:44.896,1.12463,1.12465,1690000,1500000
2019.06.19 19:00:44.999,1.12464,1.12466,3000000,1250000
2019.06.19 19:00:45.121,1.12461,1.12464,1000000,4950000
2019.06.19 19:00:45.224,1.12462,1.12464,1250000,1000000
2019.06.19 19:00:45.327,1.12461,1.12464,1000000,4120000
2019.06.19 19:00:45.429,1.12461,1.12463,1000000,1000000
2019.06.19 19:00:45.684,1.1246,1.12463,1000000,3750000
2019.06.19 19:00:45.735,1.12459,1.12461,1000000,3560000
2019.06.19 19:00:45.838,1.12456,1.12458,1000000,1760000
2019.06.19 19:00:45.889,1.12455,1.12457,1000000,2250000
2019.06.19 19:00:46.034,1.12455,1.12458,1120000,1250000
2019.06.19 19:00:46.137,1.12455,1.12459,1000000,2510000
2019.06.19 19:00:46.240,1.12456,1.12458,1000000,1000000
2019.06.19 19:00:46.606,1.12454,1.12458,1000000,9070000
2019.06.19 19:00:47.187,1.12456,1.12458,1000000,1120000
2019.06.19 19:00:48.468,1.12455,1.12458,1000000,3940000
2019.06.19 19:00:48.839,1.12454,1.12456,5000000,3000000
2019.06.19 19:00:48.945,1.1245,1.12452,1000000,1250000
2019.06.19 19:00:49.050,1.1245,1.12453,3370000,2500000
2019.06.19 19:00:49.160,1.1245,1.12452,1000000,1120000
2019.06.19 19:00:49.416,1.12448,1.12452,1250000,8640000
2019.06.19 19:00:49.519,1.12448,1.12451,1000000,7570000
2019.06.19 19:00:49.673,1.12448,1.12451,1000000,3750000
2019.06.19 19:00:50.144,1.12448,1.1245,1000000,3750000
2019.06.19 19:00:50.267,1.12446,1.12448,1000000,1000000
2019.06.19 19:00:50.421,1.12445,1.12448,1000000,5620000
2019.06.19 19:00:50.472,1.12447,1.12449,1000000,1000000
2019.06.19 19:00:50.574,1.12446,1.12448,1000000,3000000
2019.06.19 19:00:50.681,1.12446,1.1245,1250000,1000000
2019.06.19 19:00:50.783,1.12445,1.12449,1000000,7310000
2019.06.19 19:00:50.885,1.12446,1.1245,1690000,1000000
2019.06.19 19:00:50.987,1.12446,1.12449,1120000,1870000
2019.06.19 19:00:51.294,1.12445,1.12447,1000000,3560000
2019.06.19 19:00:51.346,1.12445,1.12449,2810000,6750000
2019.06.19 19:00:51.448,1.12445,1.12448,1750000,5250000
2019.06.19 19:00:51.550,1.12446,1.12448,1000000,1120000
2019.06.19 19:00:51.709,1.12447,1.1245,2440000,1000000
2019.06.19 19:00:52.015,1.12446,1.1245,1690000,1500000
2019.06.19 19:00:53.242,1.12446,1.12448,1000000,1000000
2019.06.19 19:00:53.728,1.12445,1.12448,1000000,4310000
2019.06.19 19:00:54.342,1.12446,1.12449,1120000,1000000
2019.06.19 19:00:54.444,1.12447,1.1245,1310000,1000000
2019.06.19 19:00:54.597,1.12451,1.12453,5810000,1000000
2019.06.19 19:00:54.699,1.12451,1.12455,2620000,1500000
2019.06.19 19:00:54.808,1.12451,1.12456,2620000,4120000
2019.06.19 19:00:55.165,1.12451,1.12456,2870000,5750000
2019.06.19 19:00:55.416,1.12455,1.12457,1250000,1000000
2019.06.19 19:00:55.518,1.12454,1.12457,1000000,1250000
2019.06.19 19:00:55.838,1.12455,1.12457,1500000,1000000
2019.06.19 19:00:55.890,1.12453,1.12457,1500000,3370000
2019.06.19 19:00:56.139,1.12453,1.12457,1120000,6120000
2019.06.19 19:00:56.241,1.12453,1.12457,1000000,6070000
2019.06.19 19:00:56.388,1.12453,1.12458,2440000,5450000
2019.06.19 19:00:56.541,1.12453,1.12457,1000000,2320000
2019.06.19 19:00:57.580,1.12453,1.12456,2000000,1120000
2019.06.19 19:00:57.682,1.12451,1.12455,1370000,8060000
2019.06.19 19:00:57.886,1.12451,1.12456,1690000,8250000
2019.06.19 19:00:58.018,1.12451,1.12453,1000000,6370000
2019.06.19 19:00:58.121,1.12449,1.12451,2120000,1000000
2019.06.19 19:00:58.173,1.12447,1.1245,2190000,1870000
2019.06.19 19:00:58.278,1.12446,1.1245,1310000,1250000
2019.06.19 19:00:58.439,1.12446,1.12449,1000000,1250000
2019.06.19 19:00:58.592,1.12445,1.12449,1870000,8060000
2019.06.19 19:00:59.781,1.12445,1.1245,3040000,5510000
2019.06.19 19:01:00.151,1.12446,1.12451,5390000,1500000
2019.06.19 19:01:00.407,1.12447,1.12451,4560000,1000000
2019.06.19 19:01:00.644,1.12446,1.12451,2250000,5060000
2019.06.19 19:01:00.746,1.1245,1.12452,1500000,5250000
2019.06.19 19:01:00.798,1.12452,1.12455,1120000,5370000
2019.06.19 19:01:00.901,1.12453,1.12456,1250000,1500000
2019.06.19 19:01:01.117,1.12452,1.12455,1500000,1700000
2019.06.19 19:01:01.271,1.12453,1.12456,2810000,2620000
2019.06.19 19:01:01.373,1.12454,1.12456,1250000,1000000
2019.06.19 19:01:01.518,1.12453,1.12457,1370000,4500000
2019.06.19 19:01:01.723,1.12453,1.12457,1870000,6000000
2019.06.19 19:01:01.927,1.12454,1.12457,1000000,1000000
2019.06.19 19:01:02.032,1.12453,1.12457,1000000,4570000
2019.06.19 19:01:02.134,1.12453,1.12456,1000000,4570000
2019.06.19 19:01:02.237,1.12453,1.12455,1120000,2250000
2019.06.19 19:01:02.380,1.12452,1.12455,1620000,3000000
2019.06.19 19:01:02.482,1.1245,1.12453,1000000,12040000
2019.06.19 19:01:02.585,1.1245,1.12453,2930000,2060000
2019.06.19 19:01:03.037,1.1245,1.12452,1000000,1250000
2019.06.19 19:01:03.140,1.1245,1.12453,1000000,1310000
2019.06.19 19:01:04.249,1.1245,1.12454,1120000,2440000
2019.06.19 19:01:04.450,1.1245,1.12453,1000000,2440000
2019.06.19 19:01:05.142,1.12449,1.12452,1120000,3070000
2019.06.19 19:01:05.245,1.12446,1.1245,1310000,5720000
2019.06.19 19:01:05.351,1.12446,1.1245,1310000,4500000
2019.06.19 19:01:06.760,1.12446,1.1245,2940000,1000000
2019.06.19 19:01:06.863,1.12444,1.12448,2000000,2060000
2019.06.19 19:01:06.971,1.12445,1.12448,3870000,1000000
2019.06.19 19:01:07.074,1.12445,1.12448,2250000,1000000
2019.06.19 19:01:07.176,1.12444,1.12448,1500000,2060000
2019.06.19 19:01:07.641,1.12444,1.12446,1000000,1250000
2019.06.19 19:01:07.743,1.12439,1.12442,1000000,3720000
2019.06.19 19:01:07.845,1.1244,1.12443,4500000,1120000
2019.06.19 19:01:07.950,1.12442,1.12444,1120000,1000000
2019.06.19 19:01:08.053,1.12442,1.12446,1560000,1500000
2019.06.19 19:01:08.155,1.12442,1.12446,1000000,1620000
2019.06.19 19:01:08.577,1.12442,1.12446,1000000,1500000
2019.06.19 19:01:08.922,1.12442,1.12446,1000000,3500000
2019.06.19 19:01:10.580,1.12442,1.12446,1310000,1120000
2019.06.19 19:01:11.760,1.12444,1.12447,1250000,2250000
2019.06.19 19:01:11.811,1.12444,1.12448,2890000,3250000
2019.06.19 19:01:11.913,1.12444,1.12448,2560000,2570000
2019.06.19 19:01:12.016,1.12444,1.12448,2060000,2200000
2019.06.19 19:01:14.379,1.12441,1.12444,1000000,1690000
2019.06.19 19:01:14.686,1.12443,1.12445,1000000,1000000
2019.06.19 19:01:14.788,1.12442,1.12446,1250000,2250000
2019.06.19 19:01:15.041,1.12442,1.12444,1500000,1500000
2019.06.19 19:01:15.145,1.1244,1.12442,2620000,1500000
2019.06.19 19:01:15.247,1.12437,1.12439,1000000,1500000
2019.06.19 19:01:15.353,1.12436,1.12439,1000000,2440000
2019.06.19 19:01:15.458,1.12436,1.12438,1000000,1250000
2019.06.19 19:01:15.561,1.12436,1.12439,1120000,1250000
2019.06.19 19:01:15.663,1.12435,1.12437,1000000,1250000
2019.06.19 19:01:15.871,1.12436,1.12439,1950000,1250000
2019.06.19 19:01:15.973,1.12436,1.12439,1250000,4250000
2019.06.19 19:01:16.232,1.12436,1.1244,2370000,2000000
2019.06.19 19:01:16.335,1.12436,1.12439,2810000,1500000
2019.06.19 19:01:19.270,1.12436,1.12439,2060000,4120000
2019.06.19 19:01:19.598,1.12435,1.12439,4440000,4700000
2019.06.19 19:01:19.700,1.12436,1.1244,1370000,2510000
2019.06.19 19:01:20.357,1.12436,1.1244,1370000,5560000
2019.06.19 19:01:21.226,1.12437,1.1244,1370000,2000000
2019.06.19 19:01:22.336,1.12439,1.12442,3000000,3560000
2019.06.19 19:01:22.438,1.12439,1.12443,1500000,2120000
2019.06.19 19:01:22.540,1.12439,1.12443,2750000,1000000
2019.06.19 19:01:22.980,1.12438,1.12442,1000000,1000000
2019.06.19 19:01:23.333,1.12437,1.12439,1000000,2620000
2019.06.19 19:01:23.439,1.12436,1.12438,1120000,1120000
2019.06.19 19:01:23.848,1.12436,1.12439,1000000,1120000
2019.06.19 19:01:23.955,1.12436,1.12441,8200000,3000000
2019.06.19 19:01:24.110,1.12437,1.12441,4570000,1120000
2019.06.19 19:01:24.213,1.12438,1.12442,3000000,2320000
2019.06.19 19:01:24.316,1.12438,1.12442,4250000,1570000
2019.06.19 19:01:24.418,1.12438,1.12442,1000000,1570000
2019.06.19 19:01:24.632,1.1244,1.12443,3200000,5440000
2019.06.19 19:01:24.890,1.12439,1.12444,7050000,3000000
2019.06.19 19:01:25.288,1.12444,1.12445,6000000,1000000
2019.06.19 19:01:25.392,1.12445,1.12448,1500000,1500000
2019.06.19 19:01:25.500,1.12445,1.12448,1500000,1500000
2019.06.19 19:01:25.755,1.12445,1.12448,1000000,1250000
2019.06.19 19:01:26.259,1.12446,1.12448,1000000,1000000
2019.06.19 19:01:26.412,1.12445,1.12448,1500000,1950000
2019.06.19 19:01:26.687,1.12445,1.12449,1120000,1250000
2019.06.19 19:01:27.427,1.12445,1.12448,1000000,1310000
2019.06.19 19:01:27.529,1.12445,1.12448,1500000,1120000
2019.06.19 19:01:27.631,1.12444,1.12445,6370000,1100000
2019.06.19 19:01:27.760,1.1244,1.12444,2440000,1350000
2019.06.19 19:01:27.862,1.1244,1.12444,5440000,2440000
2019.06.19 19:01:27.964,1.12439,1.12444,3560000,7690000
2019.06.19 19:01:28.015,1.12438,1.12439,1000000,4570000
2019.06.19 19:01:28.067,1.12434,1.12438,1120000,5890000
2019.06.19 19:01:29.186,1.12436,1.12441,4850000,6370000
2019.06.19 19:01:29.339,1.12436,1.12438,3000000,1120000
2019.06.19 19:01:29.391,1.12434,1.12438,1870000,6260000
2019.06.19 19:01:29.499,1.12435,1.12438,2250000,1310000
2019.06.19 19:01:29.706,1.12433,1.12434,2250000,1000000
2019.06.19 19:01:29.758,1.1243,1.12433,2250000,3450000
2019.06.19 19:01:29.865,1.1243,1.12432,1120000,1500000
2019.06.19 19:01:29.924,1.12428,1.12431,1120000,1500000
2019.06.19 19:01:30.027,1.12427,1.12431,2620000,1010000
2019.06.19 19:01:30.129,1.12425,1.1243,4910000,2010000
2019.06.19 19:01:30.262,1.12425,1.1243,2500000,3850000
2019.06.19 19:01:30.315,1.12428,1.1243,2120000,1000000
2019.06.19 19:01:30.417,1.12428,1.12431,1620000,9370000
2019.06.19 19:01:30.469,1.12428,1.12432,1500000,2250000
2019.06.19 19:01:30.520,1.12429,1.12432,1000000,1750000
2019.06.19 19:01:30.572,1.12428,1.12431,1000000,1250000
2019.06.19 19:01:30.673,1.12429,1.12432,1750000,1000000
2019.06.19 19:01:30.802,1.12429,1.12433,1250000,1000000
2019.06.19 19:01:30.904,1.12428,1.12432,4120000,4870000
2019.06.19 19:01:31.107,1.12428,1.12431,1500000,3370000
2019.06.19 19:01:31.404,1.12425,1.12426,1500000,10690000
2019.06.19 19:01:31.506,1.12422,1.12424,1000000,1000000
2019.06.19 19:01:31.652,1.1242,1.12421,1120000,1720000
2019.06.19 19:01:31.754,1.12418,1.12421,1950000,4370000
2019.06.19 19:01:31.880,1.12418,1.12421,2250000,3370000
2019.06.19 19:01:31.984,1.12414,1.12417,1000000,3440000
2019.06.19 19:01:32.086,1.12414,1.12417,1000000,2500000
2019.06.19 19:01:32.250,1.12414,1.12417,3120000,1120000
2019.06.19 19:01:32.406,1.12415,1.12418,3350000,1000000
2019.06.19 19:01:32.508,1.12414,1.12417,2620000,1120000
2019.06.19 19:01:32.616,1.12413,1.12417,4810000,2320000
2019.06.19 19:01:32.718,1.12412,1.12416,1010000,4120000
2019.06.19 19:01:32.871,1.12412,1.12415,1000000,1000000
2019.06.19 19:01:32.973,1.12411,1.12416,2060000,1500000
2019.06.19 19:01:33.157,1.12412,1.12416,1690000,1000000
2019.06.19 19:01:33.259,1.12411,1.12416,1690000,1500000
2019.06.19 19:01:33.361,1.12413,1.12417,2760000,4870000
2019.06.19 19:01:33.464,1.12415,1.12417,1000000,1310000
2019.06.19 19:01:33.606,1.12413,1.12415,1000000,2620000
2019.06.19 19:01:33.759,1.12413,1.12417,4870000,1120000
2019.06.19 19:01:33.933,1.12413,1.12416,1000000,1120000
2019.06.19 19:01:34.035,1.12413,1.12417,6370000,1120000
2019.06.19 19:01:34.188,1.12413,1.12417,1500000,4250000
2019.06.19 19:01:34.564,1.12413,1.12417,2250000,5250000
2019.06.19 19:01:34.921,1.12413,1.12416,1500000,4500000
2019.06.19 19:01:34.982,1.12413,1.12415,1120000,2620000
2019.06.19 19:01:35.034,1.12408,1.12412,1870000,6000000
2019.06.19 19:01:35.136,1.12409,1.12412,2070000,1040000
2019.06.19 19:01:35.238,1.12408,1.12412,1100000,6190000
2019.06.19 19:01:35.389,1.12412,1.12414,4720000,1000000
2019.06.19 19:01:35.491,1.12412,1.12415,1750000,1000000
2019.06.19 19:01:35.595,1.12411,1.12415,3560000,4120000
2019.06.19 19:01:35.697,1.12411,1.12414,1000000,4120000
2019.06.19 19:01:35.920,1.12411,1.12415,2440000,4120000
2019.06.19 19:01:36.073,1.12412,1.12416,1350000,2250000
2019.06.19 19:01:36.227,1.12412,1.12416,2310000,1620000
2019.06.19 19:01:36.362,1.12419,1.12421,1760000,2750000
2019.06.19 19:01:36.413,1.12421,1.12425,2060000,1000000
2019.06.19 19:01:36.618,1.12421,1.12425,2870000,1310000
2019.06.19 19:01:36.725,1.1242,1.12423,1000000,8250000
2019.06.19 19:01:37.137,1.12421,1.12424,1310000,2060000
2019.06.19 19:01:40.973,1.1242,1.12425,1870000,5190000
2019.06.19 19:01:41.099,1.12422,1.12426,1000000,4700000
2019.06.19 19:01:41.507,1.12424,1.12428,2820000,2250000
2019.06.19 19:01:41.675,1.12426,1.12429,1000000,2250000
2019.06.19 19:01:41.778,1.12426,1.1243,3560000,2250000
2019.06.19 19:01:42.468,1.12424,1.12427,1120000,1120000
2019.06.19 19:01:42.572,1.12423,1.12427,1000000,1120000
2019.06.19 19:01:42.674,1.12423,1.12428,5620000,1200000
2019.06.19 19:01:42.796,1.12423,1.12426,1120000,1950000
2019.06.19 19:01:42.848,1.12421,1.12426,2120000,3820000
2019.06.19 19:01:42.950,1.12421,1.12426,3620000,3470000
2019.06.19 19:01:43.052,1.12421,1.12426,1790000,1500000
2019.06.19 19:01:43.205,1.12424,1.12426,1750000,1120000
2019.06.19 19:01:43.337,1.12425,1.12427,1000000,1000000
2019.06.19 19:01:43.389,1.12424,1.12429,7390000,1200000
2019.06.19 19:01:43.492,1.12424,1.12428,1250000,1500000
2019.06.19 19:01:43.595,1.12426,1.12429,1560000,1200000
2019.06.19 19:01:43.724,1.12425,1.12431,5010000,12290000
2019.06.19 19:01:43.930,1.12427,1.1243,1250000,1000000
2019.06.19 19:01:43.981,1.12428,1.12432,3450000,2250000
2019.06.19 19:01:44.247,1.12427,1.12432,1310000,2700000
2019.06.19 19:01:44.351,1.12427,1.12432,2440000,2820000
2019.06.19 19:01:44.504,1.12427,1.1243,1250000,3070000
2019.06.19 19:01:44.657,1.12425,1.1243,1250000,4500000
2019.06.19 19:01:44.759,1.12425,1.1243,1500000,9220000
2019.06.19 19:01:45.100,1.12425,1.1243,1120000,5320000
2019.06.19 19:01:45.203,1.12426,1.12431,3390000,1000000
2019.06.19 19:01:45.407,1.12426,1.12431,3310000,1970000
2019.06.19 19:01:45.518,1.12426,1.12428,1000000,1220000
2019.06.19 19:01:45.579,1.12423,1.12427,1120000,1200000
2019.06.19 19:01:45.682,1.12423,1.12426,1120000,1500000
2019.06.19 19:01:45.734,1.12422,1.12423,1250000,1000000
2019.06.19 19:01:45.785,1.1242,1.12422,1120000,1500000
2019.06.19 19:01:45.926,1.12421,1.12424,1000000,1570000
2019.06.19 19:01:46.028,1.12421,1.12425,1310000,1500000
2019.06.19 19:01:46.231,1.12422,1.12425,1000000,1000000
2019.06.19 19:01:46.592,1.12424,1.12428,5310000,2250000
2019.06.19 19:01:46.861,1.12424,1.12428,1690000,4570000
2019.06.19 19:01:47.271,1.12424,1.12427,1000000,2250000
2019.06.19 19:01:48.740,1.12423,1.12427,1870000,1500000
2019.06.19 19:01:49.208,1.12426,1.12428,1500000,3570000
2019.06.19 19:01:49.326,1.12426,1.1243,1310000,1950000
2019.06.19 19:01:49.429,1.12426,1.1243,1750000,1500000
2019.06.19 19:01:49.530,1.12426,1.1243,2190000,1000000
2019.06.19 19:01:49.633,1.12425,1.1243,3750000,7620000
2019.06.19 19:01:49.903,1.12425,1.12429,1810000,4320000
2019.06.19 19:01:49.954,1.12423,1.12427,1500000,3000000
2019.06.19 19:01:50.005,1.12422,1.12425,1250000,4950000
2019.06.19 19:01:50.108,1.12421,1.12425,1810000,4870000
2019.06.19 19:01:51.055,1.12418,1.12421,1250000,2470000
2019.06.19 19:01:51.107,1.12416,1.12421,3000000,4570000
2019.06.19 19:01:51.158,1.12416,1.12418,1870000,1100000
2019.06.19 19:01:51.261,1.12414,1.12417,1120000,1500000
2019.06.19 19:01:51.435,1.12412,1.12417,1000000,7990000
2019.06.19 19:01:53.029,1.12411,1.12414,1000000,5300000
2019.06.19 19:01:53.080,1.12411,1.12414,1000000,1200000
2019.06.19 19:01:53.190,1.1241,1.12414,1870000,2620000
2019.06.19 19:01:53.343,1.12409,1.12414,1310000,5810000
2019.06.19 19:01:53.445,1.12409,1.12414,1750000,5810000
2019.06.19 19:01:53.547,1.12411,1.12415,3750000,4120000
2019.06.19 19:01:53.650,1.12413,1.12415,3000000,1000000
2019.06.19 19:01:53.804,1.12413,1.12416,1000000,1000000
2019.06.19 19:01:54.932,1.12414,1.12416,1500000,1000000
2019.06.19 19:01:55.034,1.12412,1.12416,1000000,1950000
2019.06.19 19:01:55.238,1.12412,1.12417,1100000,1950000
2019.06.19 19:01:55.831,1.12412,1.12416,2750000,1000000
2019.06.19 19:01:55.933,1.1241,1.12413,1000000,2060000
2019.06.19 19:01:56.191,1.12409,1.1241,1000000,1200000
2019.06.19 19:01:56.243,1.12406,1.12409,3050000,1750000
2019.06.19 19:01:56.345,1.12406,1.12411,5820000,1870000
2019.06.19 19:01:56.447,1.12406,1.1241,1250000,1500000
2019.06.19 19:01:56.550,1.1241,1.12412,6370000,1500000
2019.06.19 19:01:56.653,1.1241,1.12412,1250000,2450000
2019.06.19 19:01:56.704,1.12411,1.12415,2200000,3370000
2019.06.19 19:01:56.755,1.12411,1.12416,6250000,1120000
2019.06.19 19:01:56.806,1.12411,1.12413,3370000,1250000
2019.06.19 19:01:56.966,1.1241,1.12412,1870000,1250000
2019.06.19 19:01:57.017,1.12408,1.12411,1000000,1250000
2019.06.19 19:01:57.170,1.12407,1.12411,1500000,2620000
2019.06.19 19:01:57.273,1.12408,1.12411,3750000,1250000
2019.06.19 19:01:57.877,1.12407,1.12411,4120000,4310000
2019.06.19 19:01:58.395,1.12411,1.12413,2620000,1000000
2019.06.19 19:01:58.447,1.12412,1.12415,1000000,3000000
2019.06.19 19:01:59.051,1.12412,1.12416,1120000,1500000
2019.06.19 19:01:59.103,1.1241,1.12413,2070000,3500000
2019.06.19 19:01:59.154,1.12408,1.12412,2440000,1120000
2019.06.19 19:01:59.778,1.12409,1.12413,8510000,1000000
2019.06.19 19:02:00.035,1.12408,1.12412,1120000,4570000
2019.06.19 19:02:00.086,1.1241,1.12413,1100000,5190000
2019.06.19 19:02:00.138,1.12412,1.12415,2250000,1120000
2019.06.19 19:02:00.295,1.12411,1.12415,1250000,1120000
2019.06.19 19:02:00.397,1.12411,1.12416,1690000,3790000
2019.06.19 19:02:00.448,1.12411,1.12416,3310000,5540000
2019.06.19 19:02:00.500,1.12411,1.12416,1250000,3660000
2019.06.19 19:02:00.551,1.12413,1.12416,3000000,3690000
2019.06.19 19:02:00.654,1.12414,1.12418,1570000,1750000
2019.06.19 19:02:00.740,1.12414,1.12416,1120000,1250000
2019.06.19 19:02:00.791,1.12413,1.12415,3000000,1000000
2019.06.19 19:02:00.894,1.12414,1.12417,2440000,1690000
2019.06.19 19:02:00.996,1.12414,1.12417,1000000,1250000
2019.06.19 19:02:01.048,1.12412,1.12417,1000000,9160000
2019.06.19 19:02:01.205,1.12412,1.12417,1620000,7390000
2019.06.19 19:02:01.256,1.12415,1.12417,2370000,1000000
2019.06.19 19:02:01.359,1.12417,1.12419,1000000,3000000
2019.06.19 19:02:01.461,1.12418,1.12421,2250000,1000000
2019.06.19 19:02:01.563,1.12418,1.12421,1500000,1750000
2019.06.19 19:02:01.674,1.12418,1.12423,6370000,2620000
2019.06.19 19:02:01.729,1.12418,1.12421,1000000,1120000
2019.06.19 19:02:01.833,1.12416,1.1242,2120000,1310000
2019.06.19 19:02:03.062,1.12418,1.12422,1100000,4120000
2019.06.19 19:02:03.164,1.12419,1.12421,1000000,1120000
2019.06.19 19:02:03.216,1.12417,1.12421,1000000,3370000
2019.06.19 19:02:03.318,1.12416,1.1242,2810000,6200000
2019.06.19 19:02:03.452,1.12416,1.12421,3450000,3450000
2019.06.19 19:02:03.757,1.12416,1.12421,1570000,3200000
2019.06.19 19:02:03.860,1.12418,1.12422,1120000,1100000
2019.06.19 19:02:04.449,1.12419,1.12422,2250000,1000000
2019.06.19 19:02:04.891,1.12418,1.12422,1870000,1200000
2019.06.19 19:02:04.993,1.12417,1.12421,3370000,2140000
2019.06.19 19:02:05.045,1.12416,1.1242,3690000,1600000
2019.06.19 19:02:05.096,1.12415,1.12419,1870000,2440000
2019.06.19 19:02:05.449,1.12416,1.12419,1120000,1000000
2019.06.19 19:02:05.551,1.12415,1.12419,1120000,5440000
2019.06.19 19:02:05.909,1.12415,1.1242,2440000,4310000
2019.06.19 19:02:06.012,1.12415,1.1242,1690000,4910000
2019.06.19 19:02:06.592,1.12417,1.12421,5320000,1120000
2019.06.19 19:02:06.695,1.12419,1.12423,1760000,1000000
2019.06.19 19:02:06.849,1.12418,1.12423,1000000,5510000
2019.06.19 19:02:07.178,1.12419,1.12424,3600000,3820000
2019.06.19 19:02:07.229,1.12421,1.12424,1300000,1000000
2019.06.19 19:02:07.331,1.12422,1.12426,3750000,1100000
2019.06.19 19:02:07.437,1.12422,1.12424,1250000,1500000
2019.06.19 19:02:07.612,1.12421,1.12426,1500000,5640000
2019.06.19 19:02:07.663,1.12421,1.12425,3690000,4700000
2019.06.19 19:02:07.947,1.12421,1.12425,3190000,1500000
2019.06.19 19:02:08.150,1.12421,1.12424,1000000,1000000
2019.06.19 19:02:08.253,1.12419,1.12422,1000000,4600000
2019.06.19 19:02:08.355,1.12417,1.12422,4440000,3450000
2019.06.19 19:02:08.461,1.12417,1.12422,3000000,4870000
2019.06.19 19:02:08.512,1.12417,1.1242,1250000,1000000
2019.06.19 19:02:08.716,1.12417,1.12422,3000000,7060000
2019.06.19 19:02:08.869,1.12418,1.12422,1810000,1120000
2019.06.19 19:02:09.078,1.12418,1.1242,1000000,1120000
2019.06.19 19:02:09.130,1.12417,1.12418,1520000,1120000
2019.06.19 19:02:09.234,1.12414,1.12416,3000000,2620000
2019.06.19 19:02:09.390,1.12413,1.12414,1500000,1250000
2019.06.19 19:02:09.442,1.12411,1.12414,3000000,1000000
2019.06.19 19:02:09.494,1.12412,1.12415,1760000,1500000
2019.06.19 19:02:09.596,1.12412,1.12416,1620000,1000000
2019.06.19 19:02:09.800,1.12412,1.12417,2510000,1100000
2019.06.19 19:02:10.067,1.12414,1.12417,1000000,1000000
2019.06.19 19:02:10.170,1.12414,1.12418,1000000,1000000
2019.06.19 19:02:10.272,1.12414,1.12419,3000000,1000000
2019.06.19 19:02:10.434,1.12414,1.12418,1000000,1000000
2019.06.19 19:02:10.778,1.12414,1.12417,1000000,1000000
2019.06.19 19:02:10.880,1.12413,1.12418,2560000,2250000
2019.06.19 19:02:10.999,1.12414,1.12418,2620000,1500000
2019.06.19 19:02:11.101,1.12413,1.12418,1120000,2760000
2019.06.19 19:02:11.203,1.12414,1.12418,1500000,1000000
2019.06.19 19:02:11.307,1.12414,1.12418,1500000,2160000
2019.06.19 19:02:11.458,1.12412,1.12417,1600000,7720000
2019.06.19 19:02:11.562,1.12412,1.12417,1000000,8640000
2019.06.19 19:02:11.665,1.12412,1.12417,2250000,7020000
2019.06.19 19:02:12.192,1.12412,1.12417,1500000,3940000
2019.06.19 19:02:12.422,1.12412,1.12417,3120000,1690000
2019.06.19 19:02:12.577,1.12411,1.12416,8440000,4570000
2019.06.19 19:02:12.680,1.12411,1.12414,1000000,3000000
2019.06.19 19:02:12.991,1.12412,1.12415,1870000,1500000
2019.06.19 19:02:13.042,1.12414,1.12417,2070000,1250000
2019.06.19 19:02:13.146,1.12414,1.12417,1000000,1950000
2019.06.19 19:02:13.271,1.12413,1.12418,1120000,5190000
2019.06.19 19:02:13.425,1.12413,1.12418,2620000,1310000
2019.06.19 19:02:13.528,1.12412,1.12417,1000000,3690000
2019.06.19 19:02:13.630,1.12412,1.12417,1000000,5440000
2019.06.19 19:02:13.733,1.12414,1.12419,8620000,1000000
2019.06.19 19:02:13.878,1.12414,1.12417,1500000,1000000
2019.06.19 19:02:13.929,1.12412,1.12417,3500000,1870000
2019.06.19 19:02:14.031,1.12412,1.12416,1370000,1000000
2019.06.19 19:02:14.134,1.12412,1.12416,2060000,1000000
2019.06.19 19:02:14.352,1.12411,1.12414,1500000,2620000
2019.06.19 19:02:14.455,1.12407,1.12408,1000000,1100000
2019.06.19 19:02:14.557,1.12405,1.12408,1390000,1000000
2019.06.19 19:02:14.669,1.12404,1.12407,1000000,1100000
2019.06.19 19:02:14.975,1.12403,1.12407,1870000,1870000
2019.06.19 19:02:15.148,1.12404,1.12407,1000000,1000000
2019.06.19 19:02:15.250,1.12404,1.12408,1870000,1000000
2019.06.19 19:02:15.455,1.12403,1.12407,1000000,4390000
2019.06.19 19:02:15.566,1.12403,1.12408,5250000,2890000
2019.06.19 19:02:15.668,1.12404,1.12408,1570000,1500000
2019.06.19 19:02:15.820,1.12405,1.12408,1950000,1000000
2019.06.19 19:02:15.922,1.12404,1.12409,10520000,2700000
2019.06.19 19:02:16.310,1.12404,1.12408,1870000,1120000
2019.06.19 19:02:16.463,1.12402,1.12407,2620000,5510000
2019.06.19 19:02:16.515,1.12402,1.12405,2250000,2320000
2019.06.19 19:02:16.617,1.12401,1.12404,1000000,3190000
2019.06.19 19:02:16.778,1.12399,1.12403,1120000,3940000
2019.06.19 19:02:16.881,1.124,1.12404,3310000,1000000
2019.06.19 19:02:16.983,1.124,1.12404,2560000,1750000
2019.06.19 19:02:17.544,1.12401,1.12405,1370000,1310000
2019.06.19 19:02:17.748,1.12404,1.12407,4620000,1000000
2019.06.19 19:02:17.876,1.12403,1.12408,4140000,1120000
2019.06.19 19:02:18.545,1.12403,1.12406,1500000,1000000
2019.06.19 19:02:18.653,1.12404,1.12406,1000000,1000000
2019.06.19 19:02:18.755,1.12402,1.12407,1120000,1570000
2019.06.19 19:02:18.806,1.12401,1.12406,6370000,6100000
2019.06.19 19:02:18.909,1.12401,1.12404,1000000,1500000
2019.06.19 19:02:19.023,1.124,1.12405,4690000,1870000
2019.06.19 19:02:19.176,1.124,1.12404,1000000,2440000
2019.06.19 19:02:19.527,1.12399,1.12403,1000000,1250000
2019.06.19 19:02:19.987,1.124,1.12403,1500000,1500000
2019.06.19 19:02:20.089,1.124,1.12404,4690000,1370000
2019.06.19 19:02:20.570,1.12402,1.12406,1570000,2810000
2019.06.19 19:02:20.672,1.12402,1.12407,5000000,4070000
2019.06.19 19:02:20.723,1.12401,1.12404,1250000,4910000
2019.06.19 19:02:20.825,1.124,1.12404,1690000,2120000
2019.06.19 19:02:21.280,1.12402,1.12406,1870000,1250000
2019.06.19 19:02:21.382,1.12401,1.12405,2440000,1500000
2019.06.19 19:02:21.481,1.12403,1.12405,1000000,1000000
2019.06.19 19:02:21.583,1.12402,1.12407,4250000,1310000
2019.06.19 19:02:21.941,1.12401,1.12405,5440000,3820000
2019.06.19 19:02:22.104,1.12403,1.12405,2060000,1000000
2019.06.19 19:02:22.410,1.12401,1.12404,1000000,3070000
2019.06.19 19:02:22.571,1.12401,1.12404,2370000,1120000
2019.06.19 19:02:22.673,1.12402,1.12404,2370000,1000000
2019.06.19 19:02:22.725,1.12402,1.12405,1000000,2060000
2019.06.19 19:02:22.828,1.12403,1.12406,2370000,1500000
2019.06.19 19:02:22.930,1.12403,1.12406,2250000,1500000
2019.06.19 19:02:23.143,1.12403,1.12407,3000000,1870000
2019.06.19 19:02:23.245,1.12402,1.12407,2620000,1690000
2019.06.19 19:02:23.347,1.12403,1.12407,4250000,1000000
2019.06.19 19:02:23.450,1.12402,1.12407,2370000,2140000
2019.06.19 19:02:23.555,1.12402,1.12404,1000000,1310000
2019.06.19 19:02:23.658,1.12399,1.12402,1500000,1690000
2019.06.19 19:02:23.760,1.12399,1.12402,1500000,3250000
2019.06.19 19:02:23.913,1.12399,1.124,2250000,1120000
2019.06.19 19:02:24.031,1.12395,1.12397,1870000,1120000
2019.06.19 19:02:24.235,1.12394,1.12397,1120000,1250000
2019.06.19 19:02:24.601,1.12392,1.12395,1000000,3820000
2019.06.19 19:02:24.813,1.12394,1.12397,3500000,1000000
2019.06.19 19:02:24.865,1.12392,1.12397,3120000,4570000
2019.06.19 19:02:24.917,1.12394,1.12397,1620000,1500000
2019.06.19 19:02:24.969,1.12395,1.12398,3000000,1750000
2019.06.19 19:02:25.020,1.12394,1.12398,2940000,1100000
2019.06.19 19:02:25.122,1.12393,1.12396,1870000,1000000
2019.06.19 19:02:25.243,1.12393,1.12396,1500000,1620000
2019.06.19 19:02:25.346,1.12392,1.12395,1120000,4320000
2019.06.19 19:02:25.398,1.1239,1.12392,1500000,1000000
2019.06.19 19:02:25.450,1.12389,1.12391,3000000,1000000
2019.06.19 19:02:25.503,1.12387,1.1239,2440000,1120000
2019.06.19 19:02:25.622,1.12385,1.12388,2000000,1500000
2019.06.19 19:02:25.725,1.12388,1.12391,1250000,4870000
2019.06.19 19:02:25.827,1.12391,1.12392,1250000,1120000
2019.06.19 19:02:25.879,1.12391,1.12396,4310000,2000000
2019.06.19 19:02:25.931,1.1239,1.12393,1000000,1500000
2019.06.19 19:02:26.039,1.12394,1.12395,3190000,1000000
2019.06.19 19:02:26.142,1.12394,1.12397,1500000,2250000
2019.06.19 19:02:26.245,1.12394,1.12398,3370000,1700000
2019.06.19 19:02:26.510,1.12393,1.12398,3870000,1100000
2019.06.19 19:02:26.665,1.12395,1.12398,1750000,3370000
2019.06.19 19:02:26.784,1.12397,1.12401,4560000,1870000
2019.06.19 19:02:26.890,1.12397,1.12401,3060000,1600000
2019.06.19 19:02:26.941,1.12396,1.12401,2750000,5430000
2019.06.19 19:02:27.399,1.12397,1.12401,1750000,1200000
2019.06.19 19:02:27.999,1.12396,1.12399,3000000,1000000
2019.06.19 19:02:28.132,1.12393,1.12398,3870000,3500000
2019.06.19 19:02:28.338,1.12396,1.12398,1100000,1000000
2019.06.19 19:02:28.440,1.12398,1.12401,1560000,1000000
2019.06.19 19:02:28.612,1.12397,1.12401,3060000,1870000
2019.06.19 19:02:30.026,1.12398,1.12401,2870000,1000000
2019.06.19 19:02:30.146,1.12397,1.12401,2870000,3750000
2019.06.19 19:02:30.714,1.12397,1.12401,1370000,2000000
2019.06.19 19:02:30.829,1.12402,1.12403,1000000,1000000
2019.06.19 19:02:30.881,1.124,1.12403,1120000,1010000
2019.06.19 19:02:30.983,1.12402,1.12405,2540000,1120000
2019.06.19 19:02:31.035,1.12404,1.12407,1260000,1870000
2019.06.19 19:02:31.247,1.12403,1.12405,1870000,1810000
2019.06.19 19:02:31.349,1.124,1.12404,1500000,2060000
2019.06.19 19:02:31.656,1.12403,1.12405,1250000,3820000
2019.06.19 19:02:31.707,1.12403,1.12407,1250000,4950000
2019.06.19 19:02:31.810,1.12404,1.12408,1000000,1000000
2019.06.19 19:02:31.912,1.12404,1.12407,1500000,1250000
2019.06.19 19:02:32.014,1.12403,1.12407,1000000,3000000
2019.06.19 19:02:32.146,1.12403,1.12408,2060000,5950000
2019.06.19 19:02:32.248,1.12403,1.12408,2700000,1570000
2019.06.19 19:02:32.351,1.12407,1.12409,1000000,1000000
2019.06.19 19:02:32.453,1.12406,1.12409,1000000,1000000
2019.06.19 19:02:32.574,1.12405,1.12408,1000000,1570000
2019.06.19 19:02:32.778,1.12405,1.12409,1120000,2250000
2019.06.19 19:02:32.880,1.12404,1.12409,2250000,3820000
2019.06.19 19:02:32.986,1.12407,1.12411,5060000,3820000
2019.06.19 19:02:33.089,1.12407,1.1241,4200000,1000000
2019.06.19 19:02:33.146,1.12405,1.1241,2370000,1000000
2019.06.19 19:02:33.401,1.12403,1.12406,1120000,1220000
2019.06.19 19:02:33.452,1.12401,1.12405,2250000,2560000
2019.06.19 19:02:33.578,1.12401,1.12405,1250000,6750000
2019.06.19 19:02:33.680,1.12402,1.12406,3000000,2250000
2019.06.19 19:02:33.782,1.12401,1.12407,3000000,10010000
2019.06.19 19:02:33.884,1.12402,1.12407,1870000,1000000
2019.06.19 19:02:34.254,1.12402,1.12407,2250000,5500000
2019.06.19 19:02:34.560,1.12402,1.12407,1870000,3940000
2019.06.19 19:02:34.812,1.12402,1.12406,1120000,1870000
2019.06.19 19:02:34.914,1.12406,1.12408,1000000,1870000
2019.06.19 19:02:35.017,1.12408,1.12411,1750000,1000000
2019.06.19 19:02:35.154,1.12408,1.12411,1250000,3870000
2019.06.19 19:02:35.257,1.12408,1.12413,2810000,6500000
2019.06.19 19:02:35.359,1.12407,1.12412,2000000,6640000
2019.06.19 19:02:35.520,1.12407,1.12412,3000000,3940000
2019.06.19 19:02:35.623,1.1241,1.12412,2500000,1500000
2019.06.19 19:02:35.725,1.12411,1.12412,1250000,1000000
2019.06.19 19:02:35.776,1.1241,1.12413,2320000,1250000
2019.06.19 19:02:35.902,1.12412,1.12414,1570000,3500000
2019.06.19 19:02:35.955,1.12412,1.12415,1120000,1120000
2019.06.19 19:02:36.006,1.12413,1.12415,1120000,1250000
2019.06.19 19:02:36.057,1.12412,1.12415,1870000,1100000
2019.06.19 19:02:36.109,1.12411,1.12413,1870000,1500000
2019.06.19 19:02:36.211,1.1241,1.12412,1000000,1250000
2019.06.19 19:02:36.321,1.12409,1.12411,4570000,1250000
2019.06.19 19:02:36.373,1.12407,1.12411,2700000,1940000
2019.06.19 19:02:36.475,1.12407,1.12411,2950000,1690000
2019.06.19 19:02:36.576,1.12406,1.12411,2890000,5510000
2019.06.19 19:02:37.091,1.12407,1.12411,1200000,1310000
2019.06.19 19:02:37.143,1.12409,1.12411,1000000,1500000
2019.06.19 19:02:37.246,1.12408,1.12413,1120000,7510000
2019.06.19 19:02:37.382,1.12411,1.12413,1000000,1250000
2019.06.19 19:02:37.484,1.1241,1.12413,1000000,1000000
2019.06.19 19:02:37.909,1.12413,1.12418,5370000,5060000
2019.06.19 19:02:38.064,1.12414,1.12419,6950000,1000000
2019.06.19 19:02:38.220,1.12414,1.12418,2370000,1310000
2019.06.19 19:02:38.271,1.12413,1.12418,1500000,4750000
2019.06.19 19:02:39.379,1.12416,1.12419,4570000,1500000
2019.06.19 19:02:39.483,1.12419,1.12421,1250000,1000000
2019.06.19 19:02:39.792,1.12421,1.12422,1000000,1000000
2019.06.19 19:02:39.894,1.12417,1.1242,1000000,2440000
2019.06.19 19:02:40.003,1.12418,1.12421,1120000,2250000
2019.06.19 19:02:40.116,1.12418,1.12423,3500000,1500000
2019.06.19 19:02:40.323,1.1242,1.12423,4320000,1000000
2019.06.19 19:02:40.451,1.12419,1.12424,2100000,3810000
2019.06.19 19:02:40.553,1.12419,1.12424,2170000,3260000
2019.06.19 19:02:40.656,1.12423,1.12425,1120000,1500000
2019.06.19 19:02:40.707,1.12424,1.12427,1100000,1500000
2019.06.19 19:02:40.843,1.12425,1.12428,2370000,1000000
2019.06.19 19:02:40.945,1.12425,1.12428,1110000,1250000
2019.06.19 19:02:40.997,1.12424,1.12428,2620000,1310000
2019.06.19 19:02:41.454,1.12426,1.12429,4200000,1250000
2019.06.19 19:02:41.557,1.12426,1.1243,1500000,2440000
2019.06.19 19:02:41.683,1.12426,1.12429,4500000,1690000
2019.06.19 19:02:41.786,1.12424,1.12427,1000000,1000000
2019.06.19 19:02:41.888,1.12422,1.12426,1500000,4940000
2019.06.19 19:02:41.940,1.12421,1.12424,1120000,1690000
2019.06.19 19:02:42.048,1.12423,1.12427,1500000,1000000
2019.06.19 19:02:42.150,1.12424,1.12428,1140000,1000000
2019.06.19 19:02:42.253,1.12422,1.12424,2190000,4200000
2019.06.19 19:02:42.355,1.12419,1.12421,1690000,1000000
2019.06.19 19:02:42.454,1.12417,1.12422,3250000,1000000
2019.06.19 19:02:42.657,1.12416,1.12422,1370000,7390000
2019.06.19 19:02:43.492,1.12417,1.12422,7450000,1100000
2019.06.19 19:02:44.066,1.12417,1.12422,6250000,4620000
2019.06.19 19:02:44.900,1.1242,1.12423,1950000,1500000
2019.06.19 19:02:45.002,1.12419,1.12424,3200000,2250000
2019.06.19 19:02:45.338,1.12418,1.12422,3000000,2940000
2019.06.19 19:02:45.542,1.12418,1.12422,1620000,1600000
2019.06.19 19:02:45.707,1.12417,1.12421,1500000,1310000
2019.06.19 19:02:45.811,1.12416,1.12417,1000000,3000000
2019.06.19 19:02:45.965,1.12414,1.12417,1000000,1500000
2019.06.19 19:02:46.017,1.12413,1.12415,4140000,1250000
2019.06.19 19:02:46.208,1.12411,1.12414,1870000,1120000
2019.06.19 19:02:46.415,1.1241,1.12413,1000000,2250000
2019.06.19 19:02:46.529,1.1241,1.12413,1000000,1940000
2019.06.19 19:02:46.631,1.12409,1.12413,1120000,1250000
2019.06.19 19:02:47.300,1.1241,1.12414,1520000,2500000
2019.06.19 19:02:47.403,1.12412,1.12415,3120000,2620000
2019.06.19 19:02:47.506,1.12415,1.12417,2820000,1250000
2019.06.19 19:02:47.557,1.12414,1.12419,3870000,5120000
2019.06.19 19:02:47.667,1.12414,1.12418,1120000,3190000
2019.06.19 19:02:48.023,1.12415,1.12419,1050000,1750000
2019.06.19 19:02:48.464,1.12415,1.12418,2620000,1500000
2019.06.19 19:02:48.566,1.12414,1.12418,1000000,1760000
2019.06.19 19:02:50.086,1.12413,1.12416,1200000,1000000
2019.06.19 19:02:50.189,1.12413,1.12417,1500000,1500000
2019.06.19 19:02:50.292,1.12414,1.12418,2620000,1250000
2019.06.19 19:02:50.613,1.12415,1.12419,1700000,1690000
2019.06.19 19:02:50.970,1.12413,1.12415,2000000,6370000
2019.06.19 19:02:51.094,1.12408,1.1241,1000000,1250000
2019.06.19 19:02:51.145,1.12407,1.12411,4250000,2060000
2019.06.19 19:02:51.197,1.12407,1.12411,1500000,2060000
2019.06.19 19:02:51.461,1.12409,1.12412,1750000,1000000
2019.06.19 19:02:51.716,1.12408,1.12412,2620000,2190000
2019.06.19 19:02:51.990,1.12409,1.12411,1000000,1120000
2019.06.19 19:02:52.092,1.12409,1.12412,3370000,1120000
2019.06.19 19:02:52.195,1.12408,1.12412,2750000,1500000
2019.06.19 19:02:52.298,1.12408,1.12412,1500000,1750000
2019.06.19 19:02:52.401,1.12407,1.12409,3370000,1250000
2019.06.19 19:02:52.519,1.12404,1.12405,1120000,1250000
2019.06.19 19:02:52.571,1.12401,1.12403,1000000,1250000
2019.06.19 19:02:52.625,1.12398,1.12403,1250000,5060000
2019.06.19 19:02:52.727,1.12398,1.12403,1000000,6850000
2019.06.19 19:02:52.779,1.124,1.12404,4500000,1500000
2019.06.19 19:02:52.994,1.124,1.12403,1000000,3750000
2019.06.19 19:02:53.098,1.124,1.12404,4120000,1500000
2019.06.19 19:02:53.202,1.124,1.12404,3120000,1620000
2019.06.19 19:02:53.825,1.124,1.12404,1870000,1750000
2019.06.19 19:02:53.928,1.12402,1.12405,1200000,1620000
2019.06.19 19:02:54.091,1.12405,1.12407,2620000,1120000
2019.06.19 19:02:54.195,1.12406,1.12408,1000000,1750000
2019.06.19 19:02:54.351,1.12404,1.12408,1870000,1500000
2019.06.19 19:02:54.454,1.12404,1.12408,5370000,1690000
2019.06.19 19:02:54.754,1.12404,1.12408,1870000,2250000
2019.06.19 19:02:54.958,1.12406,1.12408,1120000,1000000
2019.06.19 19:02:55.413,1.12406,1.12409,3000000,1000000
2019.06.19 19:02:55.516,1.12406,1.12409,2370000,1000000
2019.06.19 19:02:55.879,1.12406,1.12409,2250000,1000000
2019.06.19 19:02:55.981,1.12409,1.1241,1000000,1000000
2019.06.19 19:02:56.032,1.1241,1.12413,2320000,2000000
2019.06.19 19:02:57.683,1.12412,1.12414,1000000,1500000
2019.06.19 19:02:57.734,1.12412,1.12415,2620000,2000000
2019.06.19 19:02:57.786,1.12414,1.12416,1500000,1500000
2019.06.19 19:02:57.924,1.12415,1.12418,1000000,2690000
2019.06.19 19:02:58.181,1.12416,1.12417,1000000,1250000
2019.06.19 19:02:58.346,1.12415,1.12418,2620000,2760000
2019.06.19 19:02:58.927,1.12415,1.12418,1000000,1950000
2019.06.19 19:02:59.030,1.12415,1.12416,1000000,1500000
2019.06.19 19:02:59.083,1.12413,1.12416,3940000,1570000
2019.06.19 19:02:59.185,1.12413,1.12417,1000000,1870000
2019.06.19 19:02:59.295,1.12414,1.12417,3750000,1000000
2019.06.19 19:03:00.359,1.12414,1.12418,3370000,1000000
2019.06.19 19:03:00.581,1.12414,1.12416,1000000,1000000
2019.06.19 19:03:00.836,1.12414,1.12418,2620000,1000000
2019.06.19 19:03:01.098,1.12414,1.12418,2370000,1570000
2019.06.19 19:03:01.560,1.12413,1.12415,1000000,5140000
2019.06.19 19:03:01.612,1.12407,1.1241,3370000,2000000
2019.06.19 19:03:01.715,1.12406,1.12409,1000000,2810000
2019.06.19 19:03:01.870,1.12406,1.1241,6190000,1500000
2019.06.19 19:03:02.093,1.12406,1.12409,1000000,1120000
2019.06.19 19:03:02.398,1.12406,1.12408,1000000,1250000
2019.06.19 19:03:02.449,1.12404,1.12406,1000000,1600000
2019.06.19 19:03:02.603,1.12407,1.12408,1000000,1120000
2019.06.19 19:03:02.705,1.12405,1.12408,1000000,1000000
2019.06.19 19:03:02.756,1.12404,1.12406,1000000,1500000
2019.06.19 19:03:02.909,1.124,1.12401,2060000,1500000
2019.06.19 19:03:02.961,1.12399,1.12402,3620000,1000000
2019.06.19 19:03:03.063,1.12398,1.12399,1500000,1000000
2019.06.19 19:03:03.114,1.12396,1.12399,2250000,3560000
2019.06.19 19:03:03.683,1.12398,1.12401,2560000,1000000
2019.06.19 19:03:03.845,1.12398,1.12401,1120000,1100000
2019.06.19 19:03:03.999,1.12397,1.124,2060000,3940000
2019.06.19 19:03:04.102,1.12398,1.124,1310000,1000000
2019.06.19 19:03:04.204,1.12397,1.12401,1620000,3560000
2019.06.19 19:03:04.330,1.12397,1.12402,4440000,3940000
2019.06.19 19:03:05.120,1.12397,1.124,1000000,3370000
2019.06.19 19:03:05.223,1.12395,1.12397,1000000,3160000
2019.06.19 19:03:05.275,1.12394,1.12397,1000000,1000000
2019.06.19 19:03:05.377,1.12393,1.12396,1690000,1500000
2019.06.19 19:03:05.523,1.12394,1.12397,1120000,1000000
2019.06.19 19:03:05.626,1.12394,1.12398,1870000,1100000
2019.06.19 19:03:06.291,1.12395,1.12399,3570000,2200000
2019.06.19 19:03:06.394,1.12395,1.12399,1120000,2410000
2019.06.19 19:03:06.572,1.12395,1.12399,1870000,1000000
2019.06.19 19:03:07.293,1.12396,1.12399,1870000,1250000
2019.06.19 19:03:07.344,1.12395,1.12399,1000000,1090000
2019.06.19 19:03:07.449,1.12396,1.124,1890000,6250000
2019.06.19 19:03:07.501,1.12398,1.12402,5440000,1000000
2019.06.19 19:03:07.679,1.12398,1.12401,1120000,1000000
2019.06.19 19:03:07.781,1.12398,1.12402,3560000,1000000
2019.06.19 19:03:08.040,1.12399,1.12402,2810000,1500000
2019.06.19 19:03:08.380,1.12401,1.12402,3560000,1120000
2019.06.19 19:03:08.483,1.12402,1.12403,1000000,1690000
2019.06.19 19:03:08.585,1.124,1.12402,3750000,4760000
2019.06.19 19:03:08.764,1.12398,1.12401,2440000,1000000
2019.06.19 19:03:08.867,1.12398,1.12401,2940000,1000000
2019.06.19 19:03:08.918,1.12396,1.12398,1000000,2940000
2019.06.19 19:03:09.021,1.12392,1.12393,2180000,1300000
2019.06.19 19:03:09.150,1.1239,1.12391,3750000,2060000
2019.06.19 19:03:09.254,1.12387,1.12389,5930000,2690000
2019.06.19 19:03:09.305,1.12386,1.12387,1120000,1120000
2019.06.19 19:03:09.424,1.12384,1.12388,3000000,1500000
2019.06.19 19:03:09.526,1.12386,1.12388,4870000,1570000
2019.06.19 19:03:09.628,1.12383,1.12387,1120000,4470000
2019.06.19 19:03:09.781,1.12383,1.12388,2620000,2890000
2019.06.19 19:03:09.888,1.12384,1.12388,2250000,1500000
2019.06.19 19:03:10.041,1.12384,1.12388,1000000,1570000
2019.06.19 19:03:10.389,1.12384,1.12388,2370000,1100000
2019.06.19 19:03:10.549,1.12384,1.12388,1120000,1000000
2019.06.19 19:03:11.263,1.12386,1.12389,9000000,1690000
2019.06.19 19:03:11.365,1.12387,1.12388,1000000,1500000
2019.06.19 19:03:11.416,1.12386,1.12388,1000000,1500000
2019.06.19 19:03:11.636,1.12386,1.12389,1500000,1570000
2019.06.19 19:03:11.739,1.12386,1.1239,4260000,1950000
2019.06.19 19:03:11.791,1.12392,1.12393,1690000,2250000
2019.06.19 19:03:11.894,1.12392,1.12394,5080000,1000000
2019.06.19 19:03:12.005,1.12391,1.12394,2640000,1270000
2019.06.19 19:03:12.108,1.12389,1.12391,1000000,2820000
2019.06.19 19:03:12.212,1.12388,1.12392,4370000,2320000
2019.06.19 19:03:12.264,1.12389,1.12392,2120000,1500000
2019.06.19 19:03:12.820,1.12386,1.12387,2620000,6340000
2019.06.19 19:03:12.923,1.12385,1.12386,1250000,1000000
2019.06.19 19:03:13.030,1.12385,1.12386,1500000,1000000
2019.06.19 19:03:13.132,1.12385,1.12387,1000000,2620000
2019.06.19 19:03:13.234,1.12385,1.12388,1000000,1090000
2019.06.19 19:03:13.336,1.12384,1.12387,1500000,2190000
2019.06.19 19:03:13.498,1.12387,1.12389,1870000,1000000
2019.06.19 19:03:13.702,1.12386,1.12387,1870000,1310000
2019.06.19 19:03:13.753,1.12384,1.12386,1000000,1200000
2019.06.19 19:03:13.902,1.12383,1.12385,1000000,1110000
2019.06.19 19:03:14.109,1.12385,1.12387,1690000,2470000
2019.06.19 19:03:14.212,1.12385,1.12388,2620000,1000000
2019.06.19 19:03:14.358,1.12384,1.12388,1500000,1200000
2019.06.19 19:03:14.510,1.12384,1.12387,1000000,1100000
2019.06.19 19:03:14.612,1.12384,1.12388,1500000,1200000
2019.06.19 19:03:14.897,1.12386,1.12388,1000000,1350000
2019.06.19 19:03:15.102,1.12388,1.1239,3990000,1000000
2019.06.19 19:03:15.336,1.12386,1.1239,1650000,2200000
2019.06.19 19:03:15.440,1.12385,1.12388,1000000,1200000
2019.06.19 19:03:15.543,1.12385,1.12387,2250000,1000000
2019.06.19 19:03:15.809,1.12385,1.12388,1120000,1080000
2019.06.19 19:03:16.019,1.12385,1.12386,1000000,1110000
2019.06.19 19:03:16.122,1.12383,1.12386,3190000,1700000
2019.06.19 19:03:16.249,1.12383,1.12385,1000000,1600000
2019.06.19 19:03:16.353,1.12384,1.12388,3000000,1970000
2019.06.19 19:03:16.455,1.12384,1.12387,1000000,1950000
2019.06.19 19:03:16.557,1.12384,1.12388,2250000,1970000
2019.06.19 19:03:16.719,1.12384,1.12387,1000000,1010000
2019.06.19 19:03:16.828,1.12384,1.12388,1870000,1390000
2019.06.19 19:03:17.493,1.12384,1.12387,1000000,1390000
2019.06.19 19:03:17.733,1.12383,1.12384,3370000,1100000
2019.06.19 19:03:17.850,1.12382,1.12385,8020000,1000000
2019.06.19 19:03:17.952,1.12382,1.12384,2300000,1000000
2019.06.19 19:03:18.183,1.12382,1.12384,1000000,1000000
2019.06.19 19:03:18.730,1.12383,1.12385,6000000,1500000
2019.06.19 19:03:18.832,1.12383,1.12386,1690000,1500000
2019.06.19 19:03:18.966,1.12383,1.12385,1000000,2250000
2019.06.19 19:03:19.018,1.12384,1.12387,1000000,1570000
2019.06.19 19:03:19.121,1.12384,1.12388,2250000,1000000
2019.06.19 19:03:19.461,1.12386,1.12389,9370000,1120000
2019.06.19 19:03:19.564,1.12388,1.12391,1000000,1500000
2019.06.19 19:03:19.667,1.12388,1.1239,1500000,1500000
2019.06.19 19:03:19.769,1.12388,1.12391,2810000,1500000
2019.06.19 19:03:19.964,1.12387,1.12388,1000000,1570000
2019.06.19 19:03:20.015,1.12384,1.12386,1690000,1900000
2019.06.19 19:03:20.118,1.12381,1.12382,1120000,1870000
2019.06.19 19:03:20.169,1.12379,1.1238,1000000,1250000
2019.06.19 19:03:20.271,1.12377,1.1238,1000000,1000000
2019.06.19 19:03:20.588,1.12376,1.12379,1000000,1250000
2019.06.19 19:03:20.753,1.12376,1.12378,3370000,1750000
2019.06.19 19:03:20.855,1.12376,1.1238,3000000,2910000
2019.06.19 19:03:20.906,1.12376,1.12377,1120000,1950000
2019.06.19 19:03:20.958,1.12373,1.12377,1370000,1500000
2019.06.19 19:03:21.125,1.12372,1.12375,3390000,2250000
2019.06.19 19:03:21.228,1.12374,1.12375,3750000,1000000
2019.06.19 19:03:21.332,1.12374,1.12376,2060000,1000000
2019.06.19 19:03:21.384,1.12372,1.12374,1250000,1120000
2019.06.19 19:03:21.501,1.12372,1.12373,1870000,1250000
2019.06.19 19:03:21.606,1.12371,1.12374,3750000,1250000
2019.06.19 19:03:21.709,1.12371,1.12373,1010000,1250000
2019.06.19 19:03:21.813,1.1237,1.12373,2250000,1750000
2019.06.19 19:03:21.955,1.12368,1.1237,2120000,3640000
2019.06.19 19:03:22.007,1.12366,1.12369,1140000,1000000
2019.06.19 19:03:22.110,1.12366,1.12369,1000000,1640000
2019.06.19 19:03:22.213,1.12365,1.12369,10500000,1250000
2019.06.19 19:03:22.318,1.12365,1.12367,1500000,1250000
2019.06.19 19:03:22.421,1.12365,1.12369,1690000,3190000
2019.06.19 19:03:22.473,1.12367,1.12369,1250000,1600000
2019.06.19 19:03:22.577,1.12365,1.12369,5550000,3190000
2019.06.19 19:03:22.687,1.12365,1.12367,1120000,1870000
2019.06.19 19:03:22.738,1.1237,1.12372,1500000,1000000
2019.06.19 19:03:22.790,1.1237,1.12374,5060000,3370000
2019.06.19 19:03:22.841,1.12371,1.12374,1250000,1220000
2019.06.19 19:03:22.943,1.12374,1.12377,2620000,1870000
2019.06.19 19:03:23.055,1.12373,1.12376,1500000,1250000
2019.06.19 19:03:23.107,1.12375,1.12378,2650000,1500000
2019.06.19 19:03:23.159,1.12375,1.12378,4870000,1500000
2019.06.19 19:03:23.587,1.12378,1.1238,1500000,1000000
2019.06.19 19:03:23.638,1.12378,1.12382,4690000,1000000
2019.06.19 19:03:23.740,1.12378,1.12382,5120000,1000000
2019.06.19 19:03:23.842,1.12378,1.12382,1310000,1100000
2019.06.19 19:03:24.002,1.12378,1.12381,1250000,1570000
2019.06.19 19:03:24.054,1.12381,1.12383,1500000,1000000
2019.06.19 19:03:24.156,1.12381,1.12383,1000000,1500000
2019.06.19 19:03:24.207,1.1238,1.12382,1000000,1200000
2019.06.19 19:03:24.540,1.12378,1.12382,2870000,1120000
2019.06.19 19:03:24.680,1.12377,1.1238,1000000,1700000
2019.06.19 19:03:24.782,1.12377,1.12381,3940000,1000000
2019.06.19 19:03:24.885,1.12376,1.12377,1500000,1500000
2019.06.19 19:03:24.936,1.12374,1.12376,1250000,3750000
2019.06.19 19:03:25.039,1.12372,1.12377,1000000,3690000
2019.06.19 19:03:25.154,1.12375,1.12378,1120000,1500000
2019.06.19 19:03:25.307,1.12377,1.12379,3750000,1500000
2019.06.19 19:03:25.360,1.12378,1.12382,2370000,2250000
2019.06.19 19:03:25.411,1.1238,1.12382,1000000,1500000
2019.06.19 19:03:25.521,1.1238,1.12383,1500000,1500000
2019.06.19 19:03:25.625,1.1238,1.12383,1620000,1500000
2019.06.19 19:03:25.729,1.1238,1.12383,1120000,1500000
2019.06.19 19:03:26.089,1.12381,1.12384,3370000,1000000
2019.06.19 19:03:26.193,1.12378,1.12382,2250000,1950000
2019.06.19 19:03:26.296,1.12383,1.12387,4060000,1000000
2019.06.19 19:03:26.437,1.12383,1.12386,2120000,1100000
2019.06.19 19:03:26.591,1.12384,1.12387,1250000,1000000
2019.06.19 19:03:26.694,1.12384,1.12388,1000000,1100000
2019.06.19 19:03:26.808,1.12384,1.12387,1500000,1000000
2019.06.19 19:03:26.923,1.12384,1.12387,1250000,1000000
2019.06.19 19:03:27.026,1.12384,1.12387,1250000,1000000
2019.06.19 19:03:27.128,1.12383,1.12387,4250000,1890000
2019.06.19 19:03:27.272,1.12383,1.12387,1250000,1600000
2019.06.19 19:03:27.426,1.12383,1.12386,3190000,1500000
2019.06.19 19:03:27.529,1.12383,1.12387,2060000,1500000
2019.06.19 19:03:27.929,1.12383,1.12387,6370000,1500000
2019.06.19 19:03:28.498,1.12383,1.12386,1500000,1970000
2019.06.19 19:03:28.646,1.12383,1.12386,1500000,1000000
2019.06.19 19:03:28.748,1.12383,1.12385,1000000,1100000
2019.06.19 19:03:29.100,1.12383,1.12385,1500000,3010000
2019.06.19 19:03:29.255,1.12382,1.12385,2810000,1790000
2019.06.19 19:03:29.356,1.12382,1.12385,1690000,1690000
2019.06.19 19:03:29.472,1.12382,1.12384,1420000,1690000
2019.06.19 19:03:30.367,1.12383,1.12385,3190000,3690000
2019.06.19 19:03:30.431,1.12385,1.12388,1570000,1000000
2019.06.19 19:03:30.485,1.12383,1.12384,1120000,2890000
2019.06.19 19:03:30.587,1.12379,1.1238,1870000,1760000
2019.06.19 19:03:30.639,1.12377,1.12379,1000000,1000000
2019.06.19 19:03:30.854,1.12377,1.1238,2820000,1000000
2019.06.19 19:03:31.058,1.12377,1.12379,1000000,1000000
2019.06.19 19:03:31.161,1.12376,1.12379,3020000,1500000
2019.06.19 19:03:31.296,1.12376,1.12378,1000000,2250000
2019.06.19 19:03:31.398,1.12376,1.12379,3370000,2440000
2019.06.19 19:03:31.694,1.12376,1.12379,3370000,2190000
2019.06.19 19:03:32.077,1.12378,1.1238,7870000,1000000
2019.06.19 19:03:32.242,1.12383,1.12386,4390000,1500000
2019.06.19 19:03:32.344,1.12383,1.12384,1000000,1120000
2019.06.19 19:03:32.446,1.12382,1.12385,3600000,1500000
2019.06.19 19:03:32.548,1.12383,1.12384,1000000,1120000
2019.06.19 19:03:32.655,1.12383,1.12385,3370000,1500000
2019.06.19 19:03:32.821,1.12384,1.12386,6190000,1500000
2019.06.19 19:03:32.923,1.12384,1.12386,2250000,1500000
2019.06.19 19:03:33.175,1.12385,1.12387,3000000,1000000
2019.06.19 19:03:33.226,1.12386,1.12388,2250000,1000000
2019.06.19 19:03:33.534,1.12385,1.12388,4120000,1000000
2019.06.19 19:03:33.695,1.12386,1.12388,1120000,3310000
2019.06.19 19:03:33.797,1.12386,1.12389,2640000,1000000
2019.06.19 19:03:34.112,1.12386,1.1239,4170000,1690000
2019.06.19 19:03:34.215,1.12386,1.12389,1200000,2250000
2019.06.19 19:03:34.677,1.12386,1.1239,2460000,1120000
2019.06.19 19:03:34.779,1.12387,1.1239,2210000,1000000
2019.06.19 19:03:35.434,1.12387,1.12389,1400000,1000000
2019.06.19 19:03:35.536,1.12387,1.12389,1250000,1000000
2019.06.19 19:03:36.059,1.12385,1.12388,3120000,1500000
2019.06.19 19:03:36.111,1.12384,1.12385,1000000,1120000
2019.06.19 19:03:36.279,1.12383,1.12384,1000000,1500000
2019.06.19 19:03:36.390,1.12382,1.12385,1250000,1500000
2019.06.19 19:03:36.926,1.12382,1.12385,7690000,1500000
2019.06.19 19:03:37.439,1.12382,1.12385,4540000,1500000
2019.06.19 19:03:37.644,1.12382,1.12386,4640000,1500000
2019.06.19 19:03:37.752,1.12382,1.12384,1000000,1500000
2019.06.19 19:03:37.804,1.12381,1.12383,1500000,1100000
2019.06.19 19:03:38.440,1.12381,1.12384,6260000,1000000
2019.06.19 19:03:38.542,1.12381,1.12383,1000000,1000000
2019.06.19 19:03:39.609,1.12382,1.12384,4000000,1000000
2019.06.19 19:03:39.727,1.12384,1.12386,3000000,1500000
2019.06.19 19:03:40.135,1.12383,1.12386,10950000,1000000
2019.06.19 19:03:40.253,1.12383,1.12384,1870000,1000000
2019.06.19 19:03:40.356,1.12382,1.12386,7760000,1050000
2019.06.19 19:03:40.458,1.1238,1.12381,1120000,4570000
2019.06.19 19:03:40.612,1.12382,1.12384,1390000,1000000
2019.06.19 19:03:40.714,1.12384,1.12386,2250000,1500000
2019.06.19 19:03:40.918,1.12384,1.12387,6190000,1500000
2019.06.19 19:03:41.125,1.12387,1.12389,4420000,1000000
2019.06.19 19:03:41.227,1.12386,1.12388,1000000,1000000
2019.06.19 19:03:41.382,1.12385,1.12387,1000000,1000000
2019.06.19 19:03:41.543,1.12384,1.12386,1000000,1500000
2019.06.19 19:03:41.648,1.12385,1.12387,1000000,1000000
2019.06.19 19:03:42.908,1.12387,1.12389,3000000,1500000
2019.06.19 19:03:43.011,1.12387,1.1239,2440000,1500000
2019.06.19 19:03:43.216,1.12388,1.12391,7200000,1500000
2019.06.19 19:03:43.320,1.12388,1.12391,1760000,1500000
2019.06.19 19:03:43.423,1.12388,1.1239,3000000,1500000
2019.06.19 19:03:43.728,1.12388,1.1239,2560000,1120000
2019.06.19 19:03:43.830,1.12386,1.12388,2620000,1000000
2019.06.19 19:03:44.140,1.12385,1.12387,1000000,1500000
2019.06.19 19:03:44.265,1.12386,1.12388,1000000,1500000
2019.06.19 19:03:44.316,1.12387,1.1239,1250000,1000000
2019.06.19 19:03:44.368,1.12387,1.12388,1000000,1000000
2019.06.19 19:03:44.470,1.12386,1.12387,1120000,1120000
2019.06.19 19:03:44.572,1.12384,1.12387,4310000,1000000
2019.06.19 19:03:44.624,1.12383,1.12385,1000000,1000000
2019.06.19 19:03:44.830,1.12384,1.12387,1570000,1000000
2019.06.19 19:03:45.227,1.12383,1.12386,4690000,1500000
2019.06.19 19:03:45.337,1.12383,1.12385,1250000,1000000
2019.06.19 19:03:45.440,1.12382,1.12384,1250000,1500000
2019.06.19 19:03:45.644,1.12382,1.12386,3260000,1700000
2019.06.19 19:03:45.981,1.12384,1.12386,1690000,1000000
2019.06.19 19:03:46.480,1.12384,1.12385,1000000,1000000
2019.06.19 19:03:46.591,1.12382,1.12384,2620000,1000000
2019.06.19 19:03:47.085,1.12383,1.12385,7440000,1000000
2019.06.19 19:03:47.187,1.12383,1.12385,3190000,2500000
2019.06.19 19:03:47.602,1.12383,1.12385,2440000,1000000
2019.06.19 19:03:50.670,1.12384,1.12387,7410000,1000000
2019.06.19 19:03:50.874,1.12388,1.1239,3000000,1000000
2019.06.19 19:03:50.926,1.12386,1.12388,1500000,1050000
2019.06.19 19:03:51.035,1.12385,1.12388,4250000,1690000
2019.06.19 19:03:51.138,1.12384,1.12386,1870000,1000000
2019.06.19 19:03:51.502,1.12384,1.12387,3750000,1000000
2019.06.19 19:03:51.605,1.12385,1.12387,1870000,1000000
2019.06.19 19:03:51.956,1.12384,1.12387,2620000,1000000
2019.06.19 19:03:52.730,1.1238,1.12381,1120000,4050000
2019.06.19 19:03:52.832,1.12371,1.12372,1870000,1800000
2019.06.19 19:03:52.943,1.1237,1.12371,1500000,1050000
2019.06.19 19:03:53.046,1.12372,1.12374,1000000,1000000
2019.06.19 19:03:53.148,1.12372,1.12373,1000000,1000000
2019.06.19 19:03:53.250,1.12372,1.12374,1690000,1000000
2019.06.19 19:03:53.601,1.1237,1.12372,1120000,1000000
2019.06.19 19:03:54.047,1.12369,1.12372,1870000,1000000
2019.06.19 19:03:54.328,1.12369,1.12373,3750000,1000000
2019.06.19 19:03:54.472,1.12371,1.12375,9090000,1000000
2019.06.19 19:03:54.626,1.12371,1.12374,2000000,1000000
2019.06.19 19:03:55.623,1.12368,1.12369,1870000,1120000
2019.06.19 19:03:55.744,1.12365,1.12368,2750000,1000000
2019.06.19 19:03:55.798,1.12368,1.12369,2620000,1000000
2019.06.19 19:03:55.850,1.12368,1.12371,4500000,1000000
2019.06.19 19:03:56.003,1.12367,1.12369,1500000,1000000
2019.06.19 19:03:56.105,1.12366,1.12369,2620000,1000000
2019.06.19 19:03:57.244,1.12366,1.12369,4500000,1000000
2019.06.19 19:03:57.431,1.12365,1.12367,3000000,1250000
2019.06.19 19:03:57.482,1.12363,1.12367,3450000,1120000
2019.06.19 19:03:57.584,1.12364,1.12367,2250000,1000000
2019.06.19 19:03:57.636,1.12366,1.12369,12070000,1000000
2019.06.19 19:03:57.738,1.12366,1.12369,1120000,1000000
2019.06.19 19:03:57.856,1.12366,1.12369,1500000,1000000
2019.06.19 19:03:57.958,1.12366,1.1237,1250000,1000000
2019.06.19 19:03:58.318,1.12366,1.1237,2870000,1000000
2019.06.19 19:03:58.371,1.12365,1.12367,1500000,1500000
2019.06.19 19:03:58.476,1.12363,1.12364,1000000,1000000
2019.06.19 19:03:58.527,1.12361,1.12363,1000000,1050000
2019.06.19 19:03:58.702,1.12362,1.12365,2190000,1500000
2019.06.19 19:03:58.805,1.1236,1.12363,1000000,1000000
2019.06.19 19:03:58.907,1.1236,1.12363,1000000,3240000
2019.06.19 19:03:59.121,1.12361,1.12365,1690000,4370000
2019.06.19 19:03:59.274,1.12363,1.12366,3560000,1000000
2019.06.19 19:03:59.432,1.12365,1.12367,4250000,1870000
2019.06.19 19:03:59.547,1.12369,1.12371,1500000,1000000
2019.06.19 19:03:59.650,1.1237,1.12373,2440000,1000000
2019.06.19 19:03:59.905,1.1237,1.12372,1000000,1000000
2019.06.19 19:04:00.013,1.1237,1.12373,1120000,1000000
2019.06.19 19:04:00.323,1.12371,1.12374,5190000,2180000
2019.06.19 19:04:00.430,1.1237,1.12373,1000000,1000000
2019.06.19 19:04:00.637,1.1237,1.12374,8620000,1000000
2019.06.19 19:04:00.981,1.1237,1.12373,4870000,1000000
2019.06.19 19:04:01.083,1.1237,1.12374,6370000,1000000
2019.06.19 19:04:01.335,1.12372,1.12374,3000000,2820000
2019.06.19 19:04:01.386,1.12374,1.12377,2000000,1000000
2019.06.19 19:04:01.489,1.12371,1.12373,1000000,2450000
2019.06.19 19:04:01.592,1.1237,1.12373,1870000,2310000
2019.06.19 19:04:01.705,1.12373,1.12376,3940000,1000000
2019.06.19 19:04:01.808,1.12374,1.12377,4560000,1000000
2019.06.19 19:04:01.910,1.12374,1.12377,1870000,1000000
2019.06.19 19:04:02.133,1.12374,1.12376,1120000,1000000
2019.06.19 19:04:02.236,1.12371,1.12374,1870000,3750000
2019.06.19 19:04:02.389,1.12371,1.12373,1000000,1500000
2019.06.19 19:04:02.522,1.12371,1.12374,4870000,1000000
2019.06.19 19:04:03.268,1.12371,1.12374,5000000,1000000
2019.06.19 19:04:03.421,1.1237,1.12371,2250000,1310000
2019.06.19 19:04:03.525,1.12368,1.1237,3370000,1000000
2019.06.19 19:04:03.642,1.12368,1.12369,1000000,1000000
2019.06.19 19:04:03.796,1.12368,1.1237,1250000,1000000
2019.06.19 19:04:04.076,1.12366,1.12368,1000000,1760000
2019.06.19 19:04:04.746,1.12366,1.12369,2250000,1000000
2019.06.19 19:04:04.921,1.12366,1.1237,3190000,1000000
2019.06.19 19:04:05.129,1.12364,1.12367,1000000,1800000
2019.06.19 19:04:05.247,1.12363,1.12365,1000000,2810000
2019.06.19 19:04:05.299,1.12361,1.12365,1250000,4120000
2019.06.19 19:04:05.402,1.12361,1.12362,1000000,1250000
2019.06.19 19:04:05.504,1.12361,1.12363,1500000,1250000
2019.06.19 19:04:05.606,1.1236,1.12363,1500000,1000000
2019.06.19 19:04:05.817,1.1236,1.12363,4120000,1000000
2019.06.19 19:04:06.216,1.12359,1.12361,1500000,1250000
2019.06.19 19:04:06.267,1.12358,1.12362,9450000,2440000
2019.06.19 19:04:06.369,1.12357,1.12362,8370000,1600000
2019.06.19 19:04:06.542,1.12356,1.1236,1250000,2920000
2019.06.19 19:04:06.849,1.12357,1.12361,4310000,1750000
2019.06.19 19:04:06.959,1.12365,1.12368,1310000,1500000
2019.06.19 19:04:07.065,1.12364,1.12367,1870000,1240000
2019.06.19 19:04:07.219,1.12363,1.12366,1000000,1700000
2019.06.19 19:04:07.356,1.12363,1.12367,1500000,1700000
2019.06.19 19:04:07.458,1.12363,1.12368,4500000,2450000
2019.06.19 19:04:07.509,1.12367,1.12369,1120000,1000000
2019.06.19 19:04:07.614,1.12365,1.12368,2250000,1000000
2019.06.19 19:04:07.781,1.12368,1.12372,3150000,1690000
2019.06.19 19:04:07.832,1.12368,1.12371,1310000,1000000
2019.06.19 19:04:07.935,1.12365,1.12369,2250000,3120000
2019.06.19 19:04:08.037,1.12365,1.12369,2620000,1500000
2019.06.19 19:04:08.253,1.12366,1.12369,1420000,1000000
2019.06.19 19:04:08.355,1.12369,1.12371,1000000,1120000
2019.06.19 19:04:08.406,1.12369,1.12373,3560000,1950000
2019.06.19 19:04:08.509,1.1237,1.12374,2250000,1100000
2019.06.19 19:04:08.616,1.1237,1.12373,1000000,1100000
2019.06.19 19:04:09.351,1.1237,1.12372,1000000,1000000
2019.06.19 19:04:09.707,1.12369,1.12372,1000000,1120000
2019.06.19 19:04:09.923,1.12366,1.12368,1000000,2940000
2019.06.19 19:04:09.986,1.12363,1.12368,1500000,2810000
2019.06.19 19:04:10.088,1.12362,1.12366,5060000,2620000
2019.06.19 19:04:10.190,1.12361,1.12366,7440000,1810000
2019.06.19 19:04:10.294,1.12363,1.12368,3940000,1720000
2019.06.19 19:04:10.396,1.12363,1.12367,1000000,2820000
2019.06.19 19:04:10.497,1.12363,1.12368,1000000,2070000
2019.06.19 19:04:10.701,1.12364,1.12367,1500000,1500000
2019.06.19 19:04:10.820,1.12364,1.12369,4690000,1870000
2019.06.19 19:04:10.872,1.12366,1.1237,2810000,1000000
2019.06.19 19:04:11.077,1.12368,1.12372,3250000,1000000
2019.06.19 19:04:11.179,1.12368,1.12373,3310000,1310000
2019.06.19 19:04:11.287,1.12367,1.12371,5310000,1000000
2019.06.19 19:04:11.492,1.12365,1.12367,1120000,2560000
2019.06.19 19:04:11.544,1.12363,1.12366,1250000,1000000
2019.06.19 19:04:11.692,1.12364,1.12367,1120000,1120000
2019.06.19 19:04:11.799,1.12368,1.12369,3370000,1000000
2019.06.19 19:04:11.854,1.12367,1.12371,1120000,2020000
2019.06.19 19:04:11.956,1.12366,1.12371,5190000,4760000
2019.06.19 19:04:12.103,1.12367,1.1237,1120000,1000000
2019.06.19 19:04:12.256,1.12367,1.1237,2940000,1870000
2019.06.19 19:04:12.358,1.12365,1.12368,3000000,1000000
2019.06.19 19:04:12.623,1.12365,1.12367,1000000,1000000
2019.06.19 19:04:12.725,1.12365,1.12368,1870000,1000000
2019.06.19 19:04:12.982,1.12362,1.12364,1120000,2920000
2019.06.19 19:04:13.119,1.12359,1.12364,5060000,1500000
2019.06.19 19:04:13.226,1.1236,1.12364,1690000,3370000
2019.06.19 19:04:13.278,1.12362,1.12365,1310000,1620000
2019.06.19 19:04:13.380,1.12364,1.12367,2120000,1000000
2019.06.19 19:04:13.431,1.12364,1.12368,3940000,1000000
2019.06.19 19:04:13.560,1.12361,1.12363,1000000,1120000
2019.06.19 19:04:13.662,1.1236,1.12362,1000000,1500000
2019.06.19 19:04:13.714,1.12359,1.12363,2250000,1000000
2019.06.19 19:04:14.140,1.12359,1.12364,3750000,2250000
2019.06.19 19:04:14.192,1.1236,1.12365,5510000,1810000
2019.06.19 19:04:14.294,1.1236,1.12363,3120000,1250000
2019.06.19 19:04:14.397,1.12359,1.12363,3950000,1000000
2019.06.19 19:04:14.538,1.12359,1.12363,3870000,1000000
2019.06.19 19:04:14.744,1.12359,1.12363,1000000,2370000
2019.06.19 19:04:14.846,1.12359,1.12363,1000000,2250000
2019.06.19 19:04:15.222,1.12359,1.12362,1500000,1500000
2019.06.19 19:04:15.324,1.12359,1.12362,2060000,1000000
2019.06.19 19:04:16.634,1.12359,1.12362,1620000,1000000
2019.06.19 19:04:16.686,1.12359,1.12363,3370000,1000000
2019.06.19 19:04:17.159,1.1236,1.12363,3750000,1000000
2019.06.19 19:04:17.211,1.12362,1.12365,5770000,1000000
2019.06.19 19:04:17.326,1.12361,1.12364,2190000,2440000
2019.06.19 19:04:17.429,1.12361,1.12364,1250000,1500000
2019.06.19 19:04:17.532,1.1236,1.12364,6500000,1000000
2019.06.19 19:04:18.787,1.1236,1.12363,2370000,1000000
2019.06.19 19:04:19.095,1.1236,1.12364,5450000,1000000
2019.06.19 19:04:19.478,1.12357,1.12358,1000000,1050000
2019.06.19 19:04:19.529,1.12355,1.12358,1000000,2620000
2019.06.19 19:04:19.710,1.12355,1.12359,2620000,1000000
2019.06.19 19:04:19.813,1.12356,1.12359,1000000,1000000
2019.06.19 19:04:20.410,1.12356,1.1236,3940000,1000000
2019.06.19 19:04:20.461,1.12357,1.1236,2440000,1500000
2019.06.19 19:04:20.639,1.12355,1.12357,2250000,1250000
2019.06.19 19:04:20.741,1.12355,1.12358,2320000,1000000
2019.06.19 19:04:20.844,1.12354,1.12356,1000000,1250000
2019.06.19 19:04:20.946,1.12353,1.12356,1500000,3000000
2019.06.19 19:04:21.056,1.12355,1.12358,1750000,1000000
2019.06.19 19:04:21.108,1.12355,1.12358,1000000,1120000
2019.06.19 19:04:21.159,1.12356,1.1236,2320000,4120000
2019.06.19 19:04:21.261,1.12355,1.12357,3370000,1120000
2019.06.19 19:04:21.371,1.12355,1.12357,1500000,1250000
2019.06.19 19:04:21.473,1.12354,1.12358,6370000,1000000
2019.06.19 19:04:21.524,1.12353,1.12355,1250000,2370000
2019.06.19 19:04:21.626,1.12352,1.12355,3560000,3190000
2019.06.19 19:04:21.858,1.12354,1.12356,1500000,1000000
2019.06.19 19:04:21.960,1.12355,1.12358,3370000,1120000
2019.06.19 19:04:22.113,1.12354,1.12357,1500000,1620000
2019.06.19 19:04:22.419,1.12354,1.12358,5250000,1620000
2019.06.19 19:04:22.853,1.12354,1.12356,1000000,1620000
2019.06.19 19:04:22.958,1.12353,1.12355,1120000,1500000
2019.06.19 19:04:23.062,1.12351,1.12353,3000000,1500000
2019.06.19 19:04:23.215,1.12351,1.12353,3870000,1500000
2019.06.19 19:04:23.267,1.12347,1.12351,1690000,6870000
2019.06.19 19:04:23.369,1.12347,1.12351,1690000,3370000
2019.06.19 19:04:23.420,1.12348,1.12352,5690000,1500000
2019.06.19 19:04:23.972,1.12348,1.1235,1500000,1500000
2019.06.19 19:04:24.024,1.12346,1.12349,1500000,1310000
2019.06.19 19:04:24.197,1.12345,1.1235,1000000,5810000
2019.06.19 19:04:24.403,1.12347,1.1235,1000000,1000000
2019.06.19 19:04:24.505,1.12347,1.12351,5810000,1120000
2019.06.19 19:04:24.608,1.12347,1.1235,1000000,1120000
2019.06.19 19:04:24.727,1.1235,1.12353,1500000,2440000
2019.06.19 19:04:24.829,1.12351,1.12355,2060000,3570000
2019.06.19 19:04:25.087,1.12353,1.12356,1500000,2750000
2019.06.19 19:04:25.139,1.12352,1.12356,1310000,4800000
2019.06.19 19:04:25.292,1.12352,1.12356,5870000,3000000
2019.06.19 19:04:25.445,1.12351,1.12354,1500000,3970000
2019.06.19 19:04:25.597,1.12349,1.12353,5250000,5000000
2019.06.19 19:04:25.700,1.12349,1.12353,4250000,2750000
2019.06.19 19:04:25.803,1.12347,1.12349,1000000,1690000
2019.06.19 19:04:25.905,1.12346,1.1235,2620000,1690000
2019.06.19 19:04:26.118,1.12348,1.12351,2620000,3690000
2019.06.19 19:04:26.221,1.12351,1.12352,1500000,1000000
2019.06.19 19:04:26.323,1.12351,1.12353,1000000,1000000
2019.06.19 19:04:26.426,1.12351,1.12355,5810000,1120000
2019.06.19 19:04:26.586,1.12352,1.12356,2250000,1000000
2019.06.19 19:04:26.688,1.12353,1.12358,4690000,3750000
2019.06.19 19:04:26.790,1.12355,1.12359,6000000,1000000
2019.06.19 19:04:26.953,1.12356,1.12358,1000000,1000000
2019.06.19 19:04:27.010,1.12354,1.12357,1000000,2550000
2019.06.19 19:04:27.113,1.12354,1.12359,2620000,3820000
2019.06.19 19:04:27.164,1.12358,1.12362,1250000,1000000
2019.06.19 19:04:27.215,1.12358,1.12363,5250000,1120000
2019.06.19 19:04:27.319,1.12358,1.12363,5000000,1200000
2019.06.19 19:04:27.425,1.12358,1.12363,2620000,1570000
2019.06.19 19:04:27.742,1.12358,1.12362,1000000,1200000
2019.06.19 19:04:27.886,1.12359,1.12363,2250000,1000000
2019.06.19 19:04:28.142,1.12358,1.12363,5370000,1950000
2019.06.19 19:04:28.402,1.12358,1.12363,2620000,1200000
2019.06.19 19:04:28.852,1.12359,1.12363,3000000,1000000
2019.06.19 19:04:29.234,1.12359,1.12364,3310000,5290000
2019.06.19 19:04:29.375,1.12359,1.12363,1120000,4760000
2019.06.19 19:04:29.477,1.12362,1.12365,1870000,1870000
2019.06.19 19:04:29.579,1.12364,1.12367,1500000,1950000
2019.06.19 19:04:29.681,1.12364,1.12366,1000000,1200000
2019.06.19 19:04:29.969,1.12364,1.12367,1120000,1000000
2019.06.19 19:04:30.123,1.12364,1.12368,4870000,1200000
2019.06.19 19:04:30.712,1.12362,1.12365,4620000,1570000
2019.06.19 19:04:30.815,1.1236,1.12365,4120000,3000000
2019.06.19 19:04:31.310,1.1236,1.12363,1000000,1800000
2019.06.19 19:04:31.763,1.1236,1.12364,1120000,3260000
2019.06.19 19:04:32.208,1.12362,1.12367,7690000,2440000
2019.06.19 19:04:32.311,1.12365,1.12368,1500000,2370000
2019.06.19 19:04:32.465,1.12364,1.12368,1620000,1000000
2019.06.19 19:04:32.673,1.12365,1.12369,2750000,1690000
2019.06.19 19:04:32.725,1.12364,1.12366,1000000,4120000
2019.06.19 19:04:32.828,1.12359,1.12363,3120000,1620000
2019.06.19 19:04:32.880,1.12359,1.12363,4250000,1120000
2019.06.19 19:04:33.240,1.12358,1.12361,2750000,1500000
2019.06.19 19:04:33.447,1.1236,1.12362,2250000,1000000
2019.06.19 19:04:33.550,1.12359,1.12363,1500000,1000000
2019.06.19 19:04:34.048,1.12358,1.12362,2000000,1950000
2019.06.19 19:04:34.259,1.12358,1.12362,1000000,1500000
2019.06.19 19:04:34.719,1.12358,1.12361,1000000,1500000
2019.06.19 19:04:34.901,1.12358,1.12359,1500000,1000000
2019.06.19 19:04:34.952,1.12355,1.12359,1120000,4010000
2019.06.19 19:04:35.453,1.12354,1.12357,1000000,2640000
2019.06.19 19:04:35.556,1.12352,1.12355,1120000,1500000
2019.06.19 19:04:36.120,1.12353,1.12358,6870000,1500000
2019.06.19 19:04:36.171,1.12355,1.12358,3870000,1000000
2019.06.19 19:04:36.459,1.12354,1.12356,1120000,2000000
2019.06.19 19:04:36.561,1.12354,1.12357,2250000,2000000
2019.06.19 19:04:37.120,1.12354,1.12356,1120000,1000000
2019.06.19 19:04:37.222,1.12354,1.12357,2620000,1000000
2019.06.19 19:04:37.324,1.12353,1.12357,1500000,3370000
2019.06.19 19:04:37.528,1.12356,1.12358,1000000,1500000
2019.06.19 19:04:37.665,1.12356,1.1236,1120000,4090000
2019.06.19 19:04:37.767,1.12357,1.1236,3440000,1120000
2019.06.19 19:04:38.232,1.12357,1.1236,1000000,1120000
2019.06.19 19:04:38.924,1.12355,1.12359,1000000,2440000
2019.06.19 19:04:39.133,1.12356,1.1236,2140000,1000000
2019.06.19 19:04:39.235,1.12355,1.1236,2440000,3940000
2019.06.19 19:04:39.672,1.12355,1.12359,1000000,2060000
2019.06.19 19:04:39.776,1.12356,1.1236,4370000,1250000
2019.06.19 19:04:40.170,1.12357,1.1236,4120000,1000000
2019.06.19 19:04:40.272,1.12371,1.12373,1000000,1250000
2019.06.19 19:04:40.375,1.12371,1.12373,1250000,1000000
2019.06.19 19:04:40.477,1.12371,1.12374,1870000,1000000
2019.06.19 19:04:40.605,1.1237,1.12374,2250000,2440000
2019.06.19 19:04:40.707,1.1237,1.12373,1000000,1250000
2019.06.19 19:04:41.415,1.12371,1.12374,1000000,1500000
2019.06.19 19:04:41.517,1.12368,1.12372,4250000,1250000
2019.06.19 19:04:41.628,1.12367,1.1237,2810000,1250000
2019.06.19 19:04:41.730,1.12365,1.12368,1500000,1400000
2019.06.19 19:04:41.832,1.12362,1.12365,1000000,4950000
2019.06.19 19:04:41.935,1.12361,1.12365,2560000,1000000
2019.06.19 19:04:42.214,1.12362,1.12365,1120000,1120000
2019.06.19 19:04:42.317,1.12364,1.12367,1870000,1000000
2019.06.19 19:04:42.421,1.12365,1.12368,3190000,1500000
2019.06.19 19:04:42.524,1.12366,1.1237,4060000,1050000
2019.06.19 19:04:42.633,1.12366,1.12369,2190000,2060000
2019.06.19 19:04:42.838,1.12366,1.12369,1310000,1690000
2019.06.19 19:04:43.933,1.12367,1.12371,5060000,1000000
2019.06.19 19:04:44.037,1.12366,1.1237,1250000,5810000
2019.06.19 19:04:44.321,1.12367,1.1237,4370000,1000000
2019.06.19 19:04:44.525,1.12366,1.1237,2870000,3940000
2019.06.19 19:04:45.967,1.12364,1.12368,2370000,1390000
2019.06.19 19:04:46.420,1.12364,1.12368,1500000,1000000
2019.06.19 19:04:47.013,1.12364,1.12368,2370000,1000000
2019.06.19 19:04:47.497,1.12364,1.12368,2620000,1000000
2019.06.19 19:04:48.858,1.12364,1.12368,1000000,2120000
2019.06.19 19:04:48.960,1.12364,1.12368,2440000,1250000
2019.06.19 19:04:49.757,1.12365,1.12368,2060000,1100000
2019.06.19 19:04:49.875,1.12369,1.12371,1000000,1120000
2019.06.19 19:04:49.979,1.12369,1.12373,1870000,1870000
2019.06.19 19:04:50.235,1.12368,1.12372,1870000,5070000
2019.06.19 19:04:51.010,1.12368,1.12372,2250000,4500000
2019.06.19 19:04:51.928,1.12367,1.12369,4500000,1570000
2019.06.19 19:04:52.032,1.12365,1.12367,1870000,1870000
2019.06.19 19:04:52.253,1.12364,1.12368,5640000,1500000
2019.06.19 19:04:52.872,1.12363,1.12367,1870000,7250000
2019.06.19 19:04:53.022,1.12359,1.12362,4870000,1310000
2019.06.19 19:04:53.125,1.12359,1.12361,1250000,1000000
2019.06.19 19:04:53.176,1.12356,1.1236,4120000,5100000
2019.06.19 19:04:53.278,1.12357,1.12361,5060000,1000000
2019.06.19 19:04:53.384,1.12357,1.12361,3120000,1000000
2019.06.19 19:04:53.436,1.12356,1.12358,1000000,1050000
2019.06.19 19:04:53.540,1.12353,1.12357,1000000,4360000
2019.06.19 19:04:53.643,1.12353,1.12357,2250000,2320000
2019.06.19 19:04:53.747,1.12353,1.12356,1000000,1500000
2019.06.19 19:04:54.019,1.12352,1.12357,1500000,5560000
2019.06.19 19:04:54.378,1.12352,1.12356,1870000,2250000
2019.06.19 19:04:54.481,1.12353,1.12357,4620000,1000000
2019.06.19 19:04:54.583,1.12352,1.12356,5060000,3000000
2019.06.19 19:04:54.791,1.12364,1.12365,1100000,1870000
2019.06.19 19:04:54.893,1.12357,1.1236,5320000,1690000
2019.06.19 19:04:54.995,1.12356,1.12359,1000000,1250000
2019.06.19 19:04:55.253,1.12356,1.12358,4870000,1250000
2019.06.19 19:04:55.355,1.12354,1.12358,4250000,2370000
2019.06.19 19:04:55.508,1.12354,1.12358,2250000,1500000
2019.06.19 19:04:55.559,1.12354,1.12356,1000000,1500000
2019.06.19 19:04:55.610,1.12351,1.12356,2840000,4270000
2019.06.19 19:04:55.762,1.12349,1.12353,3000000,1250000
2019.06.19 19:04:55.865,1.12347,1.12351,1000000,5820000
2019.06.19 19:04:55.916,1.12347,1.12353,3000000,5510000
2019.06.19 19:04:56.018,1.12348,1.12352,1250000,1950000
2019.06.19 19:04:56.131,1.12348,1.12353,2440000,1200000
2019.06.19 19:04:56.235,1.1235,1.12354,2750000,1000000
2019.06.19 19:04:56.440,1.12351,1.12355,4610000,1000000
2019.06.19 19:04:56.564,1.12353,1.12357,1870000,1120000
2019.06.19 19:04:56.666,1.12352,1.12356,1310000,1500000
2019.06.19 19:04:56.717,1.12351,1.12355,1690000,1500000
2019.06.19 19:04:56.821,1.1235,1.12354,3000000,3000000
2019.06.19 19:04:56.872,1.12349,1.1235,2250000,1250000
2019.06.19 19:04:56.975,1.12347,1.1235,1500000,1100000
2019.06.19 19:04:57.077,1.12345,1.12348,1000000,1890000
2019.06.19 19:04:57.342,1.12346,1.1235,1250000,5270000
2019.06.19 19:04:57.444,1.12347,1.12351,1500000,1000000
2019.06.19 19:04:57.546,1.12347,1.12352,4250000,1500000
2019.06.19 19:04:57.649,1.1235,1.12352,1000000,2560000
2019.06.19 19:04:57.790,1.1235,1.12355,4440000,2300000
2019.06.19 19:04:57.996,1.12351,1.12355,1120000,1800000
2019.06.19 19:04:58.100,1.12352,1.12356,1500000,2000000
2019.06.19 19:04:58.213,1.12354,1.12358,1250000,1550000
2019.06.19 19:04:58.416,1.1235,1.12351,2250000,1500000
2019.06.19 19:04:58.468,1.12345,1.12348,1690000,1250000
2019.06.19 19:04:58.574,1.12345,1.12349,1120000,2920000
2019.06.19 19:04:58.676,1.12344,1.12349,1690000,4690000
2019.06.19 19:04:58.728,1.12346,1.1235,5500000,1250000
2019.06.19 19:04:59.034,1.12346,1.12348,1000000,3560000
2019.06.19 19:04:59.151,1.1235,1.12351,1500000,1500000
2019.06.19 19:04:59.255,1.1235,1.12353,6200000,1250000
2019.06.19 19:04:59.308,1.12348,1.12353,3820000,1690000
2019.06.19 19:04:59.359,1.12348,1.12352,1250000,1870000
2019.06.19 19:04:59.517,1.12351,1.12355,3940000,1120000
2019.06.19 19:04:59.619,1.1235,1.12354,1250000,1550000
2019.06.19 19:04:59.823,1.12353,1.12355,4120000,1620000
2019.06.19 19:04:59.875,1.12355,1.12357,1000000,1250000
2019.06.19 19:04:59.996,1.12354,1.12359,6070000,1800000
2019.06.19 19:05:00.098,1.12354,1.12358,1000000,1050000
2019.06.19 19:05:00.150,1.12353,1.12356,1500000,2560000
2019.06.19 19:05:00.253,1.12353,1.12358,2750000,1620000
2019.06.19 19:05:00.794,1.12356,1.12358,9500000,1250000
2019.06.19 19:05:00.846,1.12361,1.12364,1000000,1010000
2019.06.19 19:05:00.897,1.1236,1.12363,3750000,2370000
2019.06.19 19:05:00.999,1.1236,1.12362,1500000,1300000
2019.06.19 19:05:01.051,1.12359,1.12363,1750000,1000000
2019.06.19 19:05:01.102,1.12359,1.12362,1250000,1000000
2019.06.19 19:05:01.209,1.1236,1.12363,4500000,1120000
2019.06.19 19:05:01.311,1.12359,1.12363,1000000,1420000
2019.06.19 19:05:01.413,1.12359,1.12363,2370000,1000000
2019.06.19 19:05:01.527,1.12358,1.12363,2620000,2590000
2019.06.19 19:05:02.170,1.12358,1.12363,1120000,1990000
2019.06.19 19:05:02.273,1.12359,1.12364,2750000,1120000
2019.06.19 19:05:02.376,1.12358,1.12363,1620000,1510000
2019.06.19 19:05:02.479,1.12358,1.12364,6120000,1890000
2019.06.19 19:05:03.256,1.12364,1.12368,1120000,1000000
2019.06.19 19:05:03.672,1.12363,1.12367,3120000,1000000
2019.06.19 19:05:03.776,1.12359,1.1236,1870000,1000000
2019.06.19 19:05:03.879,1.12352,1.12355,1000000,5000000
2019.06.19 19:05:04.030,1.1235,1.12355,1820000,7300000
2019.06.19 19:05:04.095,1.12351,1.12353,2000000,1120000
2019.06.19 19:05:04.198,1.12343,1.12346,4620000,1500000
2019.06.19 19:05:04.312,1.12339,1.12341,1120000,1000000
2019.06.19 19:05:04.415,1.12338,1.12341,1120000,1000000
2019.06.19 19:05:04.466,1.12342,1.12344,1500000,1500000
2019.06.19 19:05:04.517,1.12341,1.12344,1250000,2250000
2019.06.19 19:05:04.685,1.12341,1.12345,1150000,1000000
2019.06.19 19:05:04.737,1.12342,1.12345,1150000,2750000
2019.06.19 19:05:04.788,1.12342,1.12345,2060000,1120000
2019.06.19 19:05:04.892,1.12339,1.12343,1000000,2310000
2019.06.19 19:05:05.017,1.12344,1.12346,2250000,1120000
2019.06.19 19:05:05.119,1.12346,1.12348,1250000,1000000
2019.06.19 19:05:05.222,1.12346,1.1235,1250000,1200000
2019.06.19 19:05:05.324,1.12346,1.12351,1250000,2640000
2019.06.19 19:05:05.690,1.12348,1.12352,2450000,1120000
2019.06.19 19:05:05.793,1.12347,1.12349,1000000,1120000
2019.06.19 19:05:05.914,1.12345,1.12349,1000000,2560000
2019.06.19 19:05:06.019,1.12342,1.12343,1000000,1570000
2019.06.19 19:05:06.079,1.12342,1.12345,3000000,1000000
2019.06.19 19:05:06.184,1.12341,1.12344,1000000,1000000
2019.06.19 19:05:06.236,1.12339,1.12343,1620000,1200000
2019.06.19 19:05:06.289,1.12339,1.12344,4120000,1200000
2019.06.19 19:05:06.584,1.12338,1.12344,2620000,5250000
2019.06.19 19:05:06.789,1.12341,1.12345,3120000,1310000
2019.06.19 19:05:06.950,1.12343,1.12348,3750000,1120000
2019.06.19 19:05:07.054,1.12345,1.12349,2620000,1000000
2019.06.19 19:05:07.156,1.12344,1.12349,1120000,2060000
2019.06.19 19:05:07.259,1.12346,1.12351,3070000,1690000
2019.06.19 19:05:07.393,1.12348,1.12352,2870000,1500000
2019.06.19 19:05:07.495,1.12347,1.12352,1370000,3070000
2019.06.19 19:05:08.101,1.12349,1.12353,2370000,1570000
2019.06.19 19:05:08.204,1.12349,1.12353,4750000,1100000
2019.06.19 19:05:08.317,1.12348,1.12352,4370000,1000000
2019.06.19 19:05:08.572,1.12347,1.12352,4120000,3870000
2019.06.19 19:05:08.684,1.12349,1.12352,1000000,1570000
2019.06.19 19:05:08.786,1.12349,1.12354,3120000,3370000
2019.06.19 19:05:09.257,1.12347,1.12349,3370000,1000000
2019.06.19 19:05:09.311,1.12344,1.12349,3120000,1810000
2019.06.19 19:05:09.788,1.12344,1.12347,1000000,1600000
2019.06.19 19:05:09.839,1.12342,1.12346,1250000,2250000
2019.06.19 19:05:09.890,1.12344,1.12347,1620000,1120000
2019.06.19 19:05:09.942,1.12344,1.1235,2750000,2000000
2019.06.19 19:05:10.091,1.12348,1.1235,1000000,1000000
2019.06.19 19:05:10.193,1.12348,1.12351,2060000,1000000
2019.06.19 19:05:10.345,1.12348,1.1235,1120000,1000000
2019.06.19 19:05:11.290,1.12348,1.12353,8240000,4370000
2019.06.19 19:05:11.392,1.12349,1.12352,1750000,1000000
2019.06.19 19:05:11.494,1.12348,1.12352,2500000,1500000
2019.06.19 19:05:11.671,1.12349,1.12353,2560000,1000000
2019.06.19 19:05:11.775,1.12348,1.12352,2120000,1250000
2019.06.19 19:05:11.878,1.12347,1.12351,2370000,2190000
2019.06.19 19:05:12.582,1.12345,1.12351,6370000,2440000
2019.06.19 19:05:12.893,1.12345,1.12351,6370000,2910000
2019.06.19 19:05:12.996,1.12345,1.1235,2060000,2440000
2019.06.19 19:05:13.149,1.12345,1.12349,1000000,2060000
2019.06.19 19:05:13.253,1.12347,1.12351,2560000,1500000
2019.06.19 19:05:13.406,1.12347,1.12351,1810000,1750000
2019.06.19 19:05:13.764,1.12346,1.1235,1250000,6820000
2019.06.19 19:05:13.866,1.12346,1.1235,1500000,1000000
2019.06.19 19:05:15.015,1.12342,1.12343,1870000,4310000
2019.06.19 19:05:15.166,1.12336,1.12339,2250000,1200000
2019.06.19 19:05:15.273,1.12334,1.12336,1000000,1260000
2019.06.19 19:05:15.436,1.12333,1.12338,1000000,6250000
2019.06.19 19:05:15.540,1.12336,1.1234,1000000,3500000
2019.06.19 19:05:15.643,1.12336,1.1234,4870000,1000000
2019.06.19 19:05:15.745,1.12337,1.12339,3120000,1250000
2019.06.19 19:05:15.863,1.12335,1.1234,3120000,1940000
2019.06.19 19:05:15.965,1.12334,1.12339,1500000,2820000
2019.06.19 19:05:16.067,1.12334,1.12339,2250000,1760000
2019.06.19 19:05:16.169,1.12335,1.1234,3420000,1000000
2019.06.19 19:05:16.280,1.12338,1.12341,2960000,2320000
2019.06.19 19:05:16.332,1.12339,1.12344,3750000,1220000
2019.06.19 19:05:16.435,1.12339,1.12344,7500000,1500000
2019.06.19 19:05:16.538,1.12342,1.12343,1120000,1250000
2019.06.19 19:05:16.590,1.12342,1.12347,4010000,2560000
2019.06.19 19:05:17.197,1.12342,1.12347,2060000,1690000
2019.06.19 19:05:17.359,1.12343,1.12347,1500000,1750000
2019.06.19 19:05:17.462,1.12345,1.12348,1510000,1620000
2019.06.19 19:05:17.513,1.12344,1.12348,1120000,1250000
2019.06.19 19:05:17.697,1.12341,1.12346,2370000,3870000
2019.06.19 19:05:17.901,1.12341,1.12346,2460000,2940000
2019.06.19 19:05:18.003,1.12341,1.12345,1150000,1500000
2019.06.19 19:05:18.183,1.1234,1.12345,1150000,2620000
2019.06.19 19:05:18.564,1.1234,1.12344,1000000,2620000
2019.06.19 19:05:18.666,1.1234,1.12345,2620000,2620000
2019.06.19 19:05:19.020,1.1234,1.12344,1000000,1200000
2019.06.19 19:05:19.122,1.1234,1.12345,1120000,1200000
2019.06.19 19:05:19.174,1.12343,1.12346,3560000,1000000
2019.06.19 19:05:19.277,1.12345,1.12348,1500000,6370000
2019.06.19 19:05:19.402,1.12345,1.12349,1500000,7640000
2019.06.19 19:05:19.454,1.12346,1.12352,3750000,3190000
2019.06.19 19:05:19.557,1.12347,1.12352,2620000,1100000
2019.06.19 19:05:20.598,1.12346,1.12349,1000000,1120000
2019.06.19 19:05:20.703,1.12343,1.12344,1000000,1870000
2019.06.19 19:05:20.755,1.1234,1.12344,6250000,3070000
2019.06.19 19:05:20.857,1.12341,1.12343,1000000,4500000
2019.06.19 19:05:20.947,1.12341,1.12346,2440000,7140000
2019.06.19 19:05:20.999,1.1234,1.12344,3870000,2750000
2019.06.19 19:05:21.053,1.1234,1.12345,2620000,2060000
2019.06.19 19:05:21.154,1.1234,1.12344,1120000,4320000
2019.06.19 19:05:21.329,1.1234,1.12345,1500000,5510000
2019.06.19 19:05:21.380,1.12343,1.12345,1120000,2720000
2019.06.19 19:05:21.483,1.12343,1.12349,2810000,2700000
2019.06.19 19:05:21.586,1.12343,1.12349,3370000,2720000
2019.06.19 19:05:21.976,1.12344,1.12349,3800000,2070000
2019.06.19 19:05:22.620,1.12344,1.12346,3000000,2470000
2019.06.19 19:05:22.722,1.12334,1.12336,3300000,2500000
2019.06.19 19:05:22.824,1.12331,1.12334,2000000,1120000
2019.06.19 19:05:22.928,1.12332,1.12335,1500000,1120000
2019.06.19 19:05:23.031,1.12332,1.12336,2440000,1200000
2019.06.19 19:05:23.133,1.12331,1.12336,1650000,3390000
2019.06.19 19:05:23.743,1.12331,1.12336,2250000,2640000
2019.06.19 19:05:23.947,1.12331,1.12335,1140000,2640000
2019.06.19 19:05:24.158,1.1233,1.12332,2000000,3190000
2019.06.19 19:05:24.261,1.12329,1.12331,2250000,1000000
2019.06.19 19:05:24.386,1.1233,1.12332,1690000,1000000
2019.06.19 19:05:24.489,1.1233,1.12334,1870000,1000000
2019.06.19 19:05:24.591,1.1233,1.12335,6870000,5690000
2019.06.19 19:05:25.078,1.12331,1.12335,1800000,2060000
2019.06.19 19:05:25.180,1.12332,1.12335,1000000,1000000
2019.06.19 19:05:25.282,1.12331,1.12335,2250000,4310000
2019.06.19 19:05:25.950,1.12332,1.12335,1000000,1000000
2019.06.19 19:05:26.075,1.12331,1.12337,9750000,3640000
2019.06.19 19:05:26.128,1.12334,1.12338,3370000,3000000
2019.06.19 19:05:26.232,1.12334,1.12339,1500000,2950000
2019.06.19 19:05:26.386,1.12333,1.12336,3000000,1690000
2019.06.19 19:05:26.686,1.12331,1.12335,4460000,2940000
2019.06.19 19:05:26.788,1.12331,1.12335,3500000,1250000
2019.06.19 19:05:27.601,1.12336,1.12337,5250000,3820000
2019.06.19 19:05:27.703,1.12338,1.12341,2440000,1100000
2019.06.19 19:05:28.112,1.12341,1.12342,2250000,1000000
2019.06.19 19:05:28.215,1.12341,1.12342,1000000,1500000
2019.06.19 19:05:28.318,1.1234,1.12343,1500000,2060000
2019.06.19 19:05:28.446,1.12341,1.12344,2250000,2290000
2019.06.19 19:05:28.548,1.12341,1.12343,4120000,1000000
2019.06.19 19:05:28.650,1.12341,1.12344,3370000,1000000
2019.06.19 19:05:28.912,1.12342,1.12345,6750000,1000000
2019.06.19 19:05:29.014,1.12343,1.12346,2210000,1000000
2019.06.19 19:05:29.370,1.12343,1.12347,5870000,1950000
2019.06.19 19:05:29.550,1.12344,1.12348,1120000,7350000
2019.06.19 19:05:30.185,1.12346,1.1235,5640000,2060000
2019.06.19 19:05:30.288,1.12347,1.12349,1500000,1000000
2019.06.19 19:05:30.391,1.12347,1.1235,3000000,2250000
2019.06.19 19:05:30.550,1.12348,1.12352,2250000,2450000
2019.06.19 19:05:30.652,1.12348,1.12352,4870000,1500000
2019.06.19 19:05:30.805,1.12348,1.12352,1370000,4540000
2019.06.19 19:05:30.857,1.1235,1.12353,3000000,1120000
2019.06.19 19:05:30.959,1.12351,1.12354,1000000,2510000
2019.06.19 19:05:31.064,1.12352,1.12354,1000000,2100000
2019.06.19 19:05:31.116,1.1235,1.12353,1000000,8910000
2019.06.19 19:05:31.217,1.12352,1.12354,1000000,1120000
2019.06.19 19:05:31.490,1.12353,1.12355,1000000,1000000
2019.06.19 19:05:31.542,1.12355,1.12357,1500000,1200000
2019.06.19 19:05:31.645,1.12355,1.12357,1000000,3820000
2019.06.19 19:05:31.697,1.12356,1.12359,1870000,1100000
2019.06.19 19:05:31.800,1.12358,1.1236,1500000,5100000
2019.06.19 19:05:31.904,1.12362,1.12364,1120000,1120000
2019.06.19 19:05:32.007,1.12361,1.12365,3750000,3950000
2019.06.19 19:05:32.160,1.12361,1.12364,1000000,4890000
2019.06.19 19:05:32.707,1.12362,1.12364,2250000,3470000
2019.06.19 19:05:32.760,1.12365,1.12369,3370000,3560000
2019.06.19 19:05:32.879,1.12366,1.12369,1620000,1500000
2019.06.19 19:05:32.982,1.12365,1.12369,1870000,4320000
2019.06.19 19:05:33.033,1.12364,1.12366,1000000,5320000
2019.06.19 19:05:33.136,1.12363,1.12366,2850000,1500000
2019.06.19 19:05:33.247,1.12362,1.12366,3100000,1760000
2019.06.19 19:05:33.348,1.12363,1.12365,1390000,1000000
2019.06.19 19:05:33.451,1.12365,1.12369,2470000,1500000
2019.06.19 19:05:33.502,1.12366,1.12369,1000000,3260000
2019.06.19 19:05:33.650,1.12363,1.12366,2060000,3820000
2019.06.19 19:05:33.754,1.12362,1.12366,1500000,1200000
2019.06.19 19:05:33.857,1.12362,1.12366,4150000,1000000
2019.06.19 19:05:34.012,1.12361,1.12365,1000000,2320000
2019.06.19 19:05:34.114,1.12362,1.12367,1120000,4760000
2019.06.19 19:05:34.165,1.12363,1.12367,1500000,2450000
2019.06.19 19:05:34.267,1.12363,1.12367,1120000,1200000
2019.06.19 19:05:34.525,1.12363,1.12367,1500000,2820000
2019.06.19 19:05:34.630,1.12363,1.12366,1000000,2820000
2019.06.19 19:05:34.733,1.12365,1.12367,1000000,1500000
2019.06.19 19:05:34.784,1.12365,1.12369,1500000,1500000
2019.06.19 19:05:34.924,1.12365,1.12369,1000000,1200000
2019.06.19 19:05:35.027,1.12364,1.12369,3000000,5320000
2019.06.19 19:05:35.079,1.12365,1.12369,2250000,1600000
2019.06.19 19:05:35.453,1.12364,1.12367,1080000,3450000
2019.06.19 19:05:35.556,1.12364,1.12369,8130000,1200000
2019.06.19 19:05:35.658,1.12363,1.12367,2500000,3220000
2019.06.19 19:05:35.761,1.12362,1.12365,5250000,2470000
2019.06.19 19:05:35.812,1.1236,1.12364,1000000,1200000
2019.06.19 19:05:35.942,1.1236,1.12363,1000000,1100000
2019.06.19 19:05:36.044,1.12359,1.12364,3750000,5700000
2019.06.19 19:05:36.249,1.12359,1.12362,3210000,3220000
2019.06.19 19:05:36.352,1.12357,1.1236,1000000,3070000
2019.06.19 19:05:36.502,1.12358,1.12361,1260000,1500000
2019.06.19 19:05:36.604,1.12357,1.12359,1000000,1200000
2019.06.19 19:05:36.706,1.12356,1.12359,1500000,1010000
2019.06.19 19:05:36.987,1.12356,1.12357,1000000,1690000
2019.06.19 19:05:37.089,1.12353,1.12357,3250000,1000000
2019.06.19 19:05:37.191,1.12352,1.12356,1250000,3070000
2019.06.19 19:05:37.342,1.12353,1.12356,1000000,1570000
2019.06.19 19:05:37.444,1.12353,1.12357,1620000,3950000
2019.06.19 19:05:37.547,1.12353,1.12356,1370000,1000000
2019.06.19 19:05:37.598,1.12352,1.12358,10620000,5290000
2019.06.19 19:05:37.700,1.12353,1.12357,2250000,3220000
2019.06.19 19:05:37.907,1.12356,1.12358,1120000,1000000
2019.06.19 19:05:38.010,1.12358,1.1236,2270000,1200000
2019.06.19 19:05:38.114,1.12357,1.1236,1500000,2390000
2019.06.19 19:05:38.217,1.12357,1.1236,4250000,3450000
2019.06.19 19:05:38.529,1.12357,1.1236,1500000,3070000
2019.06.19 19:05:38.936,1.12358,1.1236,1870000,1000000
2019.06.19 19:05:39.045,1.12359,1.12361,2060000,1100000
2019.06.19 19:05:39.096,1.12361,1.12364,1870000,1100000
2019.06.19 19:05:39.300,1.1236,1.12364,1120000,2320000
2019.06.19 19:05:39.762,1.12358,1.12362,5250000,2470000
2019.06.19 19:05:39.864,1.12358,1.12361,1250000,1000000
2019.06.19 19:05:39.966,1.12358,1.1236,1120000,1000000
2019.06.19 19:05:40.124,1.12357,1.1236,2250000,1100000
2019.06.19 19:05:40.230,1.12357,1.1236,1100000,1700000
2019.06.19 19:05:40.332,1.12357,1.12361,3790000,2320000
2019.06.19 19:05:40.447,1.12358,1.12361,2210000,1600000
2019.06.19 19:05:40.653,1.12358,1.12361,2940000,1120000
2019.06.19 19:05:40.776,1.12357,1.12361,4440000,2320000
2019.06.19 19:05:40.929,1.12358,1.12361,6340000,1000000
2019.06.19 19:05:41.031,1.12357,1.1236,3370000,1870000
2019.06.19 19:05:41.573,1.12358,1.12361,1310000,1950000
2019.06.19 19:05:41.675,1.12362,1.12364,2620000,1100000
2019.06.19 19:05:42.252,1.1236,1.12361,1690000,1200000
2019.06.19 19:05:42.334,1.12357,1.12361,3190000,1570000
2019.06.19 19:05:42.386,1.12356,1.12359,1620000,1700000
2019.06.19 19:05:42.489,1.12355,1.12358,1120000,2850000
2019.06.19 19:05:42.592,1.12354,1.12358,2620000,4510000
2019.06.19 19:05:42.793,1.12354,1.12356,1000000,4140000
2019.06.19 19:05:42.846,1.12352,1.12355,1000000,2700000
2019.06.19 19:05:42.950,1.12352,1.12356,1250000,2470000
2019.06.19 19:05:43.052,1.12354,1.12358,4120000,3410000
2019.06.19 19:05:43.262,1.12354,1.12357,1000000,2700000
2019.06.19 19:05:43.570,1.12356,1.12359,1120000,1950000
2019.06.19 19:05:43.672,1.12361,1.12364,4870000,1000000
2019.06.19 19:05:43.842,1.12361,1.12362,1000000,1000000
2019.06.19 19:05:43.944,1.12361,1.12363,2250000,1000000
2019.06.19 19:05:44.189,1.12361,1.12362,1000000,1000000
2019.06.19 19:05:44.339,1.1236,1.12362,1000000,1500000
2019.06.19 19:05:44.658,1.1236,1.12364,1870000,2320000
2019.06.19 19:05:44.761,1.12362,1.12364,1000000,1000000
2019.06.19 19:05:44.899,1.12362,1.12365,2620000,1000000
2019.06.19 19:05:45.104,1.12363,1.12366,2290000,1000000
2019.06.19 19:05:45.335,1.12363,1.12366,2660000,1000000
2019.06.19 19:05:45.387,1.12363,1.12367,1000000,3190000
2019.06.19 19:05:45.544,1.12362,1.12364,1000000,2620000
2019.06.19 19:05:45.689,1.12361,1.12364,6500000,1000000
2019.06.19 19:05:45.741,1.12359,1.12363,1000000,2060000
2019.06.19 19:05:45.844,1.12359,1.12363,1500000,2870000
2019.06.19 19:05:45.895,1.12362,1.12364,3450000,1120000
2019.06.19 19:05:45.999,1.12361,1.12363,1000000,1000000
2019.06.19 19:05:46.155,1.12361,1.12362,1500000,1000000
2019.06.19 19:05:46.412,1.12359,1.12363,3000000,1870000
2019.06.19 19:05:46.976,1.1236,1.12363,1120000,1810000
2019.06.19 19:05:47.078,1.12361,1.12364,1000000,6370000
2019.06.19 19:05:47.237,1.12361,1.12366,2620000,7950000
2019.06.19 19:05:47.339,1.12361,1.12364,1120000,4120000
2019.06.19 19:05:47.696,1.12359,1.1236,1000000,1500000
2019.06.19 19:05:47.812,1.12358,1.1236,2000000,1120000
2019.06.19 19:05:47.864,1.12356,1.12361,3190000,1690000
2019.06.19 19:05:48.715,1.12356,1.1236,1000000,1310000
2019.06.19 19:05:48.818,1.12356,1.12361,3190000,1310000
2019.06.19 19:05:49.052,1.12357,1.12361,1690000,2370000
2019.06.19 19:05:49.155,1.12359,1.12362,4440000,1000000
2019.06.19 19:05:49.409,1.12358,1.12361,1310000,1000000
2019.06.19 19:05:49.723,1.12356,1.1236,1500000,4690000
2019.06.19 19:05:50.443,1.12356,1.12361,2440000,3190000
2019.06.19 19:05:50.596,1.12356,1.1236,1000000,6190000
2019.06.19 19:05:50.897,1.12356,1.12361,2440000,3190000
2019.06.19 19:05:51.213,1.12356,1.1236,1000000,6310000
2019.06.19 19:05:51.540,1.12356,1.12361,2060000,5560000
2019.06.19 19:05:51.801,1.12357,1.12362,3250000,3120000
2019.06.19 19:05:52.414,1.12357,1.12361,1310000,1500000
2019.06.19 19:05:54.294,1.12357,1.12362,3190000,1120000
2019.06.19 19:05:55.042,1.12359,1.12362,1690000,1120000
2019.06.19 19:05:55.157,1.1236,1.12362,1690000,1000000
2019.06.19 19:05:55.208,1.12362,1.12365,1870000,1500000
2019.06.19 19:05:55.576,1.12362,1.12366,1690000,1500000
2019.06.19 19:05:56.336,1.12361,1.12365,1500000,3190000
2019.06.19 19:05:56.438,1.12361,1.12364,1000000,1690000
2019.06.19 19:05:57.463,1.1236,1.12363,1500000,1010000
2019.06.19 19:05:57.515,1.12358,1.12362,1250000,2000000
2019.06.19 19:05:57.617,1.12358,1.12363,1500000,5640000
2019.06.19 19:05:58.004,1.12359,1.12363,1500000,1500000
2019.06.19 19:05:58.563,1.12359,1.12363,1500000,1500000
2019.06.19 19:05:58.843,1.12359,1.12362,1500000,2000000
2019.06.19 19:05:58.895,1.12358,1.1236,3000000,1100000
2019.06.19 19:05:59.131,1.12357,1.12359,1000000,2370000
2019.06.19 19:05:59.182,1.12356,1.12359,1120000,1500000
2019.06.19 19:05:59.488,1.12356,1.12361,3560000,7760000
2019.06.19 19:05:59.591,1.12356,1.12359,1500000,1000000
2019.06.19 19:06:00.124,1.12357,1.1236,3450000,1000000
2019.06.19 19:06:00.345,1.12355,1.12359,1000000,1950000
2019.06.19 19:06:01.710,1.12352,1.12356,3310000,2290000
2019.06.19 19:06:01.812,1.12351,1.12354,1500000,1850000
2019.06.19 19:06:01.866,1.12351,1.12354,1870000,1000000
2019.06.19 19:06:01.917,1.12349,1.12354,5620000,2250000
2019.06.19 19:06:02.148,1.12349,1.12353,1000000,2250000
2019.06.19 19:06:02.506,1.12348,1.1235,1310000,1350000
2019.06.19 19:06:02.609,1.12348,1.12352,4750000,3120000
2019.06.19 19:06:02.742,1.12348,1.12353,3370000,4250000
2019.06.19 19:06:05.210,1.1235,1.12353,1000000,1500000
2019.06.19 19:06:05.261,1.12351,1.12355,4270000,1500000
2019.06.19 19:06:05.363,1.1235,1.12354,3870000,3000000
2019.06.19 19:06:05.466,1.12346,1.12349,3750000,1790000
2019.06.19 19:06:05.568,1.12344,1.12349,3000000,2450000
2019.06.19 19:06:05.830,1.12344,1.12349,1120000,1870000
2019.06.19 19:06:05.932,1.12345,1.12348,1000000,1000000
2019.06.19 19:06:06.368,1.12346,1.1235,4120000,1810000
2019.06.19 19:06:07.115,1.12346,1.1235,3750000,1310000
2019.06.19 19:06:07.216,1.12346,1.12349,1000000,1310000
2019.06.19 19:06:07.779,1.12345,1.12348,1120000,1620000
2019.06.19 19:06:07.928,1.12342,1.12346,3750000,2690000
2019.06.19 19:06:08.030,1.12342,1.12346,3250000,1310000
2019.06.19 19:06:10.273,1.12342,1.12346,4750000,1750000
2019.06.19 19:06:10.324,1.12345,1.12346,3000000,1000000
2019.06.19 19:06:10.375,1.12346,1.12348,1120000,1870000
2019.06.19 19:06:10.482,1.12347,1.1235,1870000,1120000
2019.06.19 19:06:10.638,1.12349,1.12351,1750000,1000000
2019.06.19 19:06:10.799,1.12351,1.12355,1000000,1760000
2019.06.19 19:06:10.953,1.12351,1.12355,1690000,2500000
2019.06.19 19:06:11.155,1.12351,1.12355,1000000,1120000
2019.06.19 19:06:11.309,1.12353,1.12356,3000000,1000000
2019.06.19 19:06:11.414,1.12354,1.12357,1000000,1000000
2019.06.19 19:06:11.572,1.12355,1.1236,5860000,1500000
2019.06.19 19:06:11.674,1.12354,1.12358,3000000,8470000
2019.06.19 19:06:11.776,1.12354,1.12358,1500000,1870000
2019.06.19 19:06:11.983,1.12355,1.1236,2620000,3820000
2019.06.19 19:06:12.144,1.12356,1.12361,4620000,2620000
2019.06.19 19:06:12.430,1.12356,1.12361,3120000,1220000
2019.06.19 19:06:12.532,1.12356,1.12361,1870000,1950000
2019.06.19 19:06:12.838,1.12357,1.12361,1870000,1000000
2019.06.19 19:06:12.944,1.12356,1.12361,1870000,1950000
2019.06.19 19:06:13.199,1.12357,1.12361,2620000,1000000
2019.06.19 19:06:13.301,1.12356,1.12361,1870000,2320000
2019.06.19 19:06:13.674,1.12361,1.12363,2000000,1000000
2019.06.19 19:06:13.726,1.12361,1.12364,1500000,2540000
2019.06.19 19:06:13.828,1.12361,1.12365,1120000,2560000
2019.06.19 19:06:14.616,1.12362,1.12365,1000000,3250000
2019.06.19 19:06:14.718,1.12365,1.12369,1000000,2000000
2019.06.19 19:06:14.871,1.12365,1.1237,3820000,3760000
2019.06.19 19:06:15.076,1.12365,1.1237,3070000,2890000
2019.06.19 19:06:15.177,1.12365,1.12369,1000000,2440000
2019.06.19 19:06:15.281,1.12365,1.1237,3820000,2440000
2019.06.19 19:06:16.074,1.12367,1.12371,1100000,6120000
2019.06.19 19:06:16.221,1.12367,1.12371,1250000,1870000
2019.06.19 19:06:16.527,1.12368,1.12371,1500000,1120000
2019.06.19 19:06:16.662,1.12367,1.12371,2440000,1950000
2019.06.19 19:06:16.766,1.12369,1.12372,2250000,1000000
2019.06.19 19:06:16.818,1.1237,1.12373,1000000,1120000
2019.06.19 19:06:16.922,1.12371,1.12374,1800000,2250000
2019.06.19 19:06:17.191,1.12369,1.12373,1500000,1370000
2019.06.19 19:06:17.294,1.12369,1.12374,3000000,2250000
2019.06.19 19:06:17.396,1.12369,1.12373,1120000,2250000
2019.06.19 19:06:17.565,1.12369,1.12375,1120000,6820000
2019.06.19 19:06:17.769,1.12372,1.12376,2170000,1000000
2019.06.19 19:06:17.871,1.12371,1.12376,1800000,7870000
2019.06.19 19:06:18.187,1.12372,1.12375,1000000,1000000
2019.06.19 19:06:18.297,1.12371,1.12376,2550000,8320000
2019.06.19 19:06:18.450,1.12371,1.12375,1500000,5060000
2019.06.19 19:06:18.598,1.12371,1.12373,1120000,1690000
2019.06.19 19:06:18.650,1.12368,1.12372,1500000,3620000
2019.06.19 19:06:18.752,1.12368,1.12371,1000000,3700000
2019.06.19 19:06:18.854,1.12368,1.12371,1000000,1950000
2019.06.19 19:06:20.029,1.12368,1.12369,1330000,1570000
2019.06.19 19:06:20.131,1.12363,1.12366,1710000,2320000
2019.06.19 19:06:20.182,1.12363,1.12367,3950000,1500000
2019.06.19 19:06:20.348,1.12363,1.12367,2250000,1120000
2019.06.19 19:06:20.399,1.12362,1.12365,1000000,1310000
2019.06.19 19:06:20.505,1.12361,1.12363,2620000,1250000
2019.06.19 19:06:20.708,1.12362,1.12364,2440000,3570000
2019.06.19 19:06:20.810,1.12363,1.12368,3690000,1320000
2019.06.19 19:06:20.912,1.12363,1.12368,3500000,2320000
2019.06.19 19:06:21.540,1.12366,1.12369,4870000,1500000
2019.06.19 19:06:21.642,1.12366,1.1237,1760000,1500000
2019.06.19 19:06:21.779,1.12366,1.1237,1910000,1500000
2019.06.19 19:06:21.881,1.12366,1.1237,1760000,1500000
2019.06.19 19:06:22.545,1.12368,1.1237,1310000,1000000
2019.06.19 19:06:22.596,1.12368,1.12372,5810000,1000000
2019.06.19 19:06:22.700,1.12368,1.12371,1120000,1000000
2019.06.19 19:06:22.846,1.12367,1.1237,2250000,2250000
2019.06.19 19:06:23.152,1.12368,1.12371,2060000,1000000
2019.06.19 19:06:23.311,1.12371,1.12375,1100000,2190000
2019.06.19 19:06:23.363,1.12371,1.12376,2770000,5560000
2019.06.19 19:06:24.410,1.12372,1.12376,2660000,1500000
2019.06.19 19:06:25.064,1.12372,1.12376,1250000,1120000
2019.06.19 19:06:25.166,1.12373,1.12377,1370000,2750000
2019.06.19 19:06:25.315,1.12372,1.12375,2460000,1310000
2019.06.19 19:06:25.418,1.12372,1.12375,1580000,1690000
2019.06.19 19:06:25.521,1.12372,1.12376,2620000,1890000
2019.06.19 19:06:26.086,1.12372,1.12375,1250000,1690000
2019.06.19 19:06:27.032,1.12372,1.12374,1500000,1250000
2019.06.19 19:06:27.141,1.1237,1.12372,1000000,2440000
2019.06.19 19:06:27.610,1.12369,1.1237,1000000,1500000
2019.06.19 19:06:27.729,1.12366,1.12371,2090000,5560000
2019.06.19 19:06:27.832,1.12369,1.12373,5640000,1120000
2019.06.19 19:06:27.935,1.12369,1.12373,1000000,3260000
2019.06.19 19:06:28.038,1.1237,1.12373,1000000,1000000
2019.06.19 19:06:28.212,1.12369,1.12373,1000000,1390000
2019.06.19 19:06:28.316,1.12369,1.12372,1000000,1870000
2019.06.19 19:06:28.418,1.12369,1.12373,4120000,1120000
2019.06.19 19:06:28.673,1.12372,1.12374,1500000,1700000
2019.06.19 19:06:28.784,1.12374,1.12377,2500000,1870000
2019.06.19 19:06:28.939,1.12373,1.12378,1120000,5820000
2019.06.19 19:06:29.042,1.12373,1.12375,1870000,2370000
2019.06.19 19:06:29.152,1.12372,1.12374,2250000,1620000
2019.06.19 19:06:29.254,1.12371,1.12374,2250000,1750000
2019.06.19 19:06:29.867,1.1237,1.12373,1000000,2500000
2019.06.19 19:06:29.918,1.12368,1.12373,1120000,4100000
2019.06.19 19:06:29.969,1.12368,1.12371,1250000,1000000
2019.06.19 19:06:30.151,1.12369,1.1237,1000000,1000000
2019.06.19 19:06:30.253,1.12368,1.1237,1120000,1250000
2019.06.19 19:06:30.356,1.12366,1.12369,1870000,1390000
2019.06.19 19:06:31.088,1.12365,1.12369,6370000,1000000
2019.06.19 19:06:31.195,1.12364,1.12369,5750000,7140000
2019.06.19 19:06:32.012,1.12364,1.12367,2250000,2000000
2019.06.19 19:06:32.063,1.12363,1.12367,1500000,3000000
2019.06.19 19:06:32.115,1.12364,1.12365,1500000,1500000
2019.06.19 19:06:32.219,1.12363,1.12364,3750000,1000000
2019.06.19 19:06:32.271,1.12361,1.12362,1120000,1500000
2019.06.19 19:06:32.373,1.12358,1.12363,1870000,2560000
2019.06.19 19:06:32.526,1.1236,1.12363,3750000,1000000
2019.06.19 19:06:32.629,1.12361,1.12364,1310000,2060000
2019.06.19 19:06:32.738,1.1236,1.12363,1120000,1000000
2019.06.19 19:06:33.645,1.12359,1.12364,5000000,5700000
2019.06.19 19:06:33.747,1.12359,1.12362,1000000,5750000
2019.06.19 19:06:34.166,1.12359,1.12364,5750000,2940000
2019.06.19 19:06:34.461,1.12359,1.12361,1000000,1000000
2019.06.19 19:06:34.622,1.12357,1.12361,3120000,1000000
2019.06.19 19:06:34.676,1.12356,1.12361,1310000,5810000
2019.06.19 19:06:34.778,1.12357,1.12361,1310000,1000000
2019.06.19 19:06:36.192,1.12358,1.12361,1690000,1000000
2019.06.19 19:06:36.294,1.12357,1.12361,1690000,1000000
2019.06.19 19:06:36.557,1.12357,1.12361,1810000,1500000
2019.06.19 19:06:36.760,1.12357,1.12361,1310000,1000000
2019.06.19 19:06:37.005,1.12356,1.12362,5250000,6190000
2019.06.19 19:06:37.107,1.12357,1.12362,5250000,1500000
2019.06.19 19:06:37.943,1.12356,1.12361,1310000,7460000
2019.06.19 19:06:38.097,1.12356,1.12357,1310000,2770000
2019.06.19 19:06:38.223,1.12354,1.12355,1000000,1000000
2019.06.19 19:06:38.275,1.12352,1.12355,1200000,1000000
2019.06.19 19:06:38.581,1.12352,1.12356,1250000,1000000
2019.06.19 19:06:38.771,1.12353,1.12357,1500000,3000000
2019.06.19 19:06:38.881,1.12356,1.12359,2450000,3750000
2019.06.19 19:06:38.986,1.12356,1.1236,1760000,3000000
2019.06.19 19:06:39.197,1.12355,1.12359,1120000,2060000
2019.06.19 19:06:39.249,1.12354,1.12358,1620000,2620000
2019.06.19 19:06:39.608,1.12353,1.12355,1500000,3000000
2019.06.19 19:06:39.713,1.12352,1.12355,2620000,1000000
2019.06.19 19:06:39.815,1.12351,1.12355,1570000,1760000
2019.06.19 19:06:40.577,1.12352,1.12356,1310000,1000000
2019.06.19 19:06:41.681,1.12353,1.12357,2940000,1000000
2019.06.19 19:06:42.177,1.12353,1.12357,1870000,3120000
2019.06.19 19:06:42.384,1.12352,1.12357,3250000,3820000
2019.06.19 19:06:42.436,1.12352,1.12356,1500000,3870000
2019.06.19 19:06:42.488,1.12352,1.12355,2810000,1250000
2019.06.19 19:06:42.796,1.12352,1.12354,1120000,1250000
2019.06.19 19:06:42.909,1.12352,1.12355,2140000,1250000
2019.06.19 19:06:43.115,1.12352,1.12354,1000000,1250000
2019.06.19 19:06:43.399,1.12352,1.12356,5520000,1690000
2019.06.19 19:06:43.733,1.12352,1.12356,1520000,4120000
2019.06.19 19:06:43.835,1.12352,1.12356,1120000,4120000
2019.06.19 19:06:43.937,1.12352,1.12356,1120000,5120000
2019.06.19 19:06:44.900,1.1235,1.12353,2250000,1450000
2019.06.19 19:06:45.003,1.12348,1.12351,1520000,1250000
2019.06.19 19:06:45.105,1.12348,1.12351,1000000,1250000
2019.06.19 19:06:45.275,1.12347,1.12349,1120000,1250000
2019.06.19 19:06:45.378,1.12345,1.12347,2000000,1250000
2019.06.19 19:06:45.429,1.12343,1.12347,1000000,3190000
2019.06.19 19:06:45.531,1.12341,1.12343,1500000,2850000
2019.06.19 19:06:45.686,1.12341,1.12343,1500000,1690000
2019.06.19 19:06:45.738,1.12342,1.12346,1390000,4120000
2019.06.19 19:06:45.841,1.12343,1.12346,1600000,1000000
2019.06.19 19:06:45.893,1.12341,1.12343,1500000,1250000
2019.06.19 19:06:45.996,1.12337,1.12342,1870000,6710000
2019.06.19 19:06:46.113,1.12337,1.12342,2370000,8250000
2019.06.19 19:06:46.215,1.12338,1.12343,1120000,2510000
2019.06.19 19:06:46.520,1.1234,1.12344,6120000,1120000
2019.06.19 19:06:46.669,1.12343,1.12346,1870000,1870000
2019.06.19 19:06:47.354,1.12342,1.12347,2620000,6820000
2019.06.19 19:06:48.579,1.12342,1.12343,2250000,2700000
2019.06.19 19:06:48.695,1.12339,1.12342,1000000,2620000
2019.06.19 19:06:49.326,1.12341,1.12343,1000000,2620000
2019.06.19 19:06:49.378,1.12341,1.12346,1800000,4250000
2019.06.19 19:06:49.685,1.12343,1.12346,1600000,1000000
2019.06.19 19:06:49.788,1.12343,1.12346,1000000,1000000
2019.06.19 19:06:49.890,1.12343,1.12346,1000000,2370000
2019.06.19 19:06:49.992,1.12343,1.12347,1870000,1620000
2019.06.19 19:06:50.933,1.12343,1.12347,1500000,1500000
2019.06.19 19:06:51.919,1.12344,1.12347,3750000,1000000
2019.06.19 19:06:52.537,1.12342,1.12343,1120000,1500000
2019.06.19 19:06:52.640,1.12339,1.12343,3950000,2250000
2019.06.19 19:06:52.996,1.12337,1.12338,1000000,4690000
2019.06.19 19:06:53.099,1.12333,1.12335,4060000,3220000
2019.06.19 19:06:53.218,1.12332,1.12333,1500000,1500000
2019.06.19 19:06:53.272,1.12331,1.12334,5630000,1250000
2019.06.19 19:06:53.376,1.12328,1.12332,2000000,1120000
2019.06.19 19:06:53.478,1.12329,1.12333,1620000,1500000
2019.06.19 19:06:53.689,1.12328,1.12333,5000000,4250000
2019.06.19 19:06:53.792,1.12328,1.12333,3000000,2060000
2019.06.19 19:06:53.995,1.12328,1.12333,3120000,2440000
2019.06.19 19:06:54.290,1.12327,1.1233,1500000,1370000
2019.06.19 19:06:54.396,1.12329,1.1233,1000000,1500000
2019.06.19 19:06:54.448,1.12329,1.12332,1500000,1000000
2019.06.19 19:06:54.550,1.12328,1.12331,1000000,2620000
2019.06.19 19:06:54.654,1.12326,1.12329,1120000,2810000
2019.06.19 19:06:54.817,1.12326,1.12329,2620000,1690000
2019.06.19 19:06:54.971,1.12324,1.12328,4370000,1750000
2019.06.19 19:06:55.022,1.12325,1.12328,5250000,1870000
2019.06.19 19:06:55.169,1.12328,1.12329,3000000,1120000
2019.06.19 19:06:55.274,1.12329,1.12331,1000000,3550000
2019.06.19 19:06:55.377,1.12329,1.12333,2370000,1000000
2019.06.19 19:06:55.570,1.12331,1.12333,3120000,1000000
2019.06.19 19:06:55.674,1.12328,1.12333,1500000,3560000
2019.06.19 19:06:55.777,1.12329,1.12332,1000000,1000000
2019.06.19 19:06:55.879,1.12329,1.12333,1000000,1690000
2019.06.19 19:06:55.992,1.12329,1.12332,1000000,1250000
2019.06.19 19:06:56.044,1.1233,1.12332,2470000,1000000
2019.06.19 19:06:56.096,1.12331,1.12334,1000000,1500000
2019.06.19 19:06:56.148,1.12333,1.12335,1000000,1120000
2019.06.19 19:06:56.250,1.12334,1.12336,1250000,3100000
2019.06.19 19:06:56.398,1.12335,1.12338,1500000,1690000
2019.06.19 19:06:56.604,1.12335,1.12337,1000000,1000000
2019.06.19 19:06:56.655,1.12332,1.12333,1870000,1690000
2019.06.19 19:06:56.707,1.12328,1.12331,3370000,2770000
2019.06.19 19:06:56.825,1.12326,1.12328,1000000,1690000
2019.06.19 19:06:57.031,1.12326,1.12329,2250000,1500000
2019.06.19 19:06:57.083,1.12328,1.12329,1500000,1100000
2019.06.19 19:06:57.212,1.12327,1.12332,3100000,5070000
2019.06.19 19:06:57.316,1.12326,1.12329,1000000,1310000
2019.06.19 19:06:57.419,1.12324,1.12329,2370000,1300000
2019.06.19 19:06:57.545,1.12323,1.12329,3120000,5900000
2019.06.19 19:06:57.647,1.12322,1.12325,1000000,4160000
2019.06.19 19:06:57.749,1.12322,1.12324,1120000,1000000
2019.06.19 19:06:57.904,1.1232,1.12324,2250000,1910000
2019.06.19 19:06:58.043,1.1232,1.12326,2400000,7800000
2019.06.19 19:06:58.095,1.12321,1.12325,2060000,1750000
2019.06.19 19:06:58.201,1.12323,1.12326,1500000,5320000
2019.06.19 19:06:58.252,1.12324,1.12328,1120000,1050000
2019.06.19 19:06:58.354,1.12321,1.12324,1000000,2790000
2019.06.19 19:06:58.469,1.12317,1.12321,2210000,2970000
2019.06.19 19:06:58.571,1.1232,1.12323,3500000,1000000
2019.06.19 19:06:58.678,1.12322,1.12324,1690000,2750000
2019.06.19 19:06:58.780,1.12321,1.12324,1000000,4250000
2019.06.19 19:06:58.883,1.12322,1.12326,2290000,1000000
2019.06.19 19:06:58.986,1.12321,1.12323,2620000,5620000
2019.06.19 19:06:59.037,1.12323,1.12324,1500000,1250000
2019.06.19 19:06:59.088,1.12325,1.12329,1870000,2810000
2019.06.19 19:06:59.199,1.12328,1.12329,1500000,1000000
2019.06.19 19:06:59.251,1.12328,1.12333,1810000,4010000
2019.06.19 19:06:59.303,1.12329,1.12333,1810000,1500000
2019.06.19 19:06:59.406,1.12328,1.12333,2630000,1200000
2019.06.19 19:06:59.457,1.12328,1.12333,1120000,3820000
2019.06.19 19:06:59.559,1.12329,1.12334,2370000,1760000
2019.06.19 19:06:59.660,1.1233,1.12334,2370000,1220000
2019.06.19 19:06:59.762,1.12335,1.12337,1870000,1120000
2019.06.19 19:06:59.865,1.12333,1.12338,3120000,1420000
2019.06.19 19:07:00.240,1.12338,1.12339,2620000,1120000
2019.06.19 19:07:00.292,1.12338,1.12342,3750000,1100000
2019.06.19 19:07:00.394,1.12338,1.1234,1120000,2140000
2019.06.19 19:07:00.511,1.12338,1.12343,3750000,2550000
2019.06.19 19:07:00.563,1.12338,1.12341,1000000,1000000
2019.06.19 19:07:00.668,1.12338,1.12344,6870000,4410000
2019.06.19 19:07:00.770,1.12338,1.12342,3000000,5050000
2019.06.19 19:07:00.882,1.12337,1.1234,1620000,1500000
2019.06.19 19:07:01.137,1.12338,1.1234,1120000,1000000
2019.06.19 19:07:01.189,1.12338,1.12342,1120000,3260000
2019.06.19 19:07:01.295,1.12339,1.12342,1120000,1540000
2019.06.19 19:07:01.397,1.1234,1.12342,1120000,1000000
2019.06.19 19:07:01.696,1.12338,1.12342,1870000,4200000
2019.06.19 19:07:01.849,1.12338,1.12341,1690000,1120000
2019.06.19 19:07:03.029,1.12339,1.12342,1620000,1000000
2019.06.19 19:07:03.668,1.12338,1.12342,2750000,1990000
2019.06.19 19:07:03.866,1.12338,1.12342,1500000,1150000
2019.06.19 19:07:03.969,1.12339,1.12342,1120000,1200000
2019.06.19 19:07:04.021,1.12342,1.12343,1500000,1100000
2019.06.19 19:07:04.072,1.12343,1.12344,1000000,1000000
2019.06.19 19:07:04.123,1.12343,1.12348,3870000,3300000
2019.06.19 19:07:04.261,1.12345,1.12348,2620000,1500000
2019.06.19 19:07:04.414,1.12345,1.12347,1000000,1870000
2019.06.19 19:07:04.516,1.12344,1.12349,7620000,1100000
2019.06.19 19:07:04.618,1.12344,1.12348,1120000,2250000
2019.06.19 19:07:04.837,1.12344,1.12349,8370000,1700000
2019.06.19 19:07:05.318,1.12345,1.12347,1000000,1870000
2019.06.19 19:07:05.420,1.12344,1.12348,2620000,2300000
2019.06.19 19:07:05.830,1.12344,1.12348,2250000,1800000
2019.06.19 19:07:06.475,1.12344,1.12348,2250000,4570000
2019.06.19 19:07:06.578,1.12346,1.12348,1120000,2060000
2019.06.19 19:07:06.682,1.12347,1.12351,1870000,1010000
2019.06.19 19:07:06.735,1.12346,1.12349,2250000,4790000
2019.06.19 19:07:06.850,1.12346,1.12349,1120000,1390000
2019.06.19 19:07:07.438,1.12346,1.12349,1870000,4320000
2019.06.19 19:07:07.678,1.12348,1.12349,1000000,1500000
2019.06.19 19:07:07.781,1.12347,1.12351,2660000,2320000
2019.06.19 19:07:07.938,1.12347,1.12351,2060000,1200000
2019.06.19 19:07:08.040,1.12347,1.1235,1000000,3070000
2019.06.19 19:07:08.141,1.12347,1.12351,3190000,1950000
2019.06.19 19:07:08.345,1.12347,1.1235,1000000,1500000
2019.06.19 19:07:08.604,1.12347,1.12351,5060000,1120000
2019.06.19 19:07:08.746,1.12347,1.1235,1000000,1870000
2019.06.19 19:07:09.001,1.12347,1.12351,1500000,4950000
2019.06.19 19:07:09.159,1.12347,1.12351,4060000,3120000
2019.06.19 19:07:09.210,1.12346,1.12349,1000000,2910000
2019.06.19 19:07:09.312,1.12345,1.1235,5620000,5410000
2019.06.19 19:07:09.414,1.12346,1.12349,3000000,2320000
2019.06.19 19:07:09.516,1.12346,1.1235,4870000,1570000
2019.06.19 19:07:09.568,1.12348,1.1235,2250000,1120000
2019.06.19 19:07:09.799,1.12348,1.12353,2000000,6560000
2019.06.19 19:07:09.901,1.12349,1.12353,1870000,1950000
2019.06.19 19:07:10.003,1.12349,1.12354,7250000,3100000
2019.06.19 19:07:10.122,1.12348,1.1235,3120000,1870000
2019.06.19 19:07:10.224,1.12344,1.12347,1000000,1950000
2019.06.19 19:07:10.328,1.12344,1.12349,4120000,1790000
2019.06.19 19:07:10.381,1.12346,1.12349,1620000,1750000
2019.06.19 19:07:10.482,1.12347,1.12351,1000000,1390000
2019.06.19 19:07:10.585,1.12347,1.12352,1120000,6160000
2019.06.19 19:07:11.053,1.12348,1.12353,2370000,2540000
2019.06.19 19:07:11.295,1.12348,1.12352,1120000,1010000
2019.06.19 19:07:11.396,1.12348,1.12353,1620000,1350000
2019.06.19 19:07:11.815,1.12349,1.12353,1120000,1100000
2019.06.19 19:07:11.969,1.12349,1.12353,1120000,1100000
2019.06.19 19:07:12.175,1.12349,1.12353,3000000,1100000
2019.06.19 19:07:12.521,1.12348,1.12352,1000000,4410000
2019.06.19 19:07:12.660,1.12348,1.12353,1870000,2160000
2019.06.19 19:07:12.917,1.12348,1.12352,1000000,4410000
2019.06.19 19:07:13.069,1.12348,1.12353,2250000,2160000
2019.06.19 19:07:13.172,1.12348,1.1235,1500000,1720000
2019.06.19 19:07:13.326,1.12346,1.1235,4120000,1600000
2019.06.19 19:07:13.583,1.12347,1.1235,2620000,3410000
2019.06.19 19:07:13.686,1.12347,1.12351,1000000,4790000
2019.06.19 19:07:13.852,1.12349,1.12352,1120000,3000000
2019.06.19 19:07:13.954,1.1235,1.12353,1500000,1940000
2019.06.19 19:07:14.006,1.12349,1.12353,2250000,4950000
2019.06.19 19:07:14.108,1.12348,1.12352,1500000,2290000
2019.06.19 19:07:14.210,1.12348,1.12353,4500000,2540000
2019.06.19 19:07:14.312,1.12348,1.12353,3750000,3640000
2019.06.19 19:07:14.419,1.12349,1.12353,3870000,1220000
2019.06.19 19:07:14.522,1.12348,1.12353,3870000,2260000
2019.06.19 19:07:14.879,1.12349,1.12353,2370000,1100000
2019.06.19 19:07:14.981,1.12349,1.12353,2250000,1000000
2019.06.19 19:07:15.082,1.12348,1.12353,2250000,3260000
2019.06.19 19:07:15.184,1.12348,1.12353,2250000,3290000
2019.06.19 19:07:15.287,1.12348,1.1235,1120000,2470000
2019.06.19 19:07:15.340,1.12347,1.12349,1000000,2250000
2019.06.19 19:07:15.444,1.12346,1.1235,4120000,1890000
2019.06.19 19:07:15.675,1.12346,1.12349,1000000,2190000
2019.06.19 19:07:15.777,1.12345,1.12348,3750000,1450000
2019.06.19 19:07:15.881,1.12344,1.12347,1000000,1390000
2019.06.19 19:07:15.983,1.12343,1.12348,3000000,3760000
2019.06.19 19:07:16.247,1.12344,1.12348,2620000,1100000
2019.06.19 19:07:16.349,1.12344,1.12347,1000000,1120000
2019.06.19 19:07:16.504,1.12344,1.12347,1000000,1600000
2019.06.19 19:07:16.611,1.12344,1.12348,3370000,1600000
2019.06.19 19:07:16.718,1.12344,1.12348,2620000,1760000
2019.06.19 19:07:16.770,1.12347,1.12349,1000000,2700000
2019.06.19 19:07:16.872,1.12348,1.12352,1120000,1010000
2019.06.19 19:07:17.131,1.12348,1.12351,1000000,1010000
2019.06.19 19:07:17.234,1.12351,1.12353,1120000,1000000
2019.06.19 19:07:17.339,1.12351,1.12354,1870000,1250000
2019.06.19 19:07:17.441,1.1235,1.12354,1500000,3510000
2019.06.19 19:07:17.743,1.12352,1.12355,1870000,1100000
2019.06.19 19:07:17.846,1.12353,1.12358,2250000,5200000
2019.06.19 19:07:18.024,1.12353,1.12357,1500000,1500000
2019.06.19 19:07:18.126,1.12352,1.12355,2620000,1850000
2019.06.19 19:07:18.229,1.12351,1.12354,1000000,4760000
2019.06.19 19:07:18.331,1.12351,1.12353,1000000,1250000
2019.06.19 19:07:18.448,1.12351,1.12354,1000000,3910000
2019.06.19 19:07:18.499,1.12353,1.12356,1120000,1000000
2019.06.19 19:07:18.652,1.12353,1.12357,6120000,1220000
2019.06.19 19:07:18.754,1.12353,1.12357,3000000,1760000
2019.06.19 19:07:18.856,1.12353,1.12357,3000000,1100000
2019.06.19 19:07:18.990,1.12353,1.12356,1000000,1600000
2019.06.19 19:07:19.208,1.12352,1.12357,4690000,5890000
2019.06.19 19:07:19.311,1.12352,1.12354,1000000,1350000
2019.06.19 19:07:19.413,1.12351,1.12354,1120000,2570000
2019.06.19 19:07:19.552,1.12352,1.12356,3310000,1950000
2019.06.19 19:07:19.707,1.12352,1.12357,4870000,2140000
2019.06.19 19:07:19.913,1.12352,1.12355,1500000,1220000
2019.06.19 19:07:20.016,1.12351,1.12354,1000000,1010000
2019.06.19 19:07:20.127,1.12351,1.12355,4120000,1760000
2019.06.19 19:07:20.281,1.12352,1.12357,3000000,1010000
2019.06.19 19:07:20.384,1.12353,1.12357,4620000,1950000
2019.06.19 19:07:20.487,1.12353,1.12357,1870000,2140000
2019.06.19 19:07:21.142,1.12352,1.12356,1000000,4140000
2019.06.19 19:07:21.244,1.12353,1.12357,3000000,3570000
2019.06.19 19:07:21.567,1.12354,1.12357,1120000,1100000
2019.06.19 19:07:21.670,1.12356,1.12359,2250000,4750000
2019.06.19 19:07:21.844,1.12357,1.1236,1610000,5140000
2019.06.19 19:07:21.946,1.12356,1.1236,5370000,2720000
2019.06.19 19:07:22.048,1.12355,1.12359,1120000,4260000
2019.06.19 19:07:22.203,1.12355,1.12358,1000000,6220000
2019.06.19 19:07:22.310,1.12355,1.12359,2620000,4700000
2019.06.19 19:07:22.412,1.12356,1.12358,1500000,1250000
2019.06.19 19:07:22.515,1.12356,1.12359,1870000,2060000
2019.06.19 19:07:22.617,1.12357,1.12362,5020000,2570000
2019.06.19 19:07:22.719,1.12357,1.12362,7250000,2950000
2019.06.19 19:07:22.854,1.12356,1.12359,1000000,4010000
2019.06.19 19:07:22.956,1.12356,1.12361,1870000,3820000
2019.06.19 19:07:23.736,1.12357,1.12361,1000000,1390000
2019.06.19 19:07:23.920,1.12356,1.12359,3750000,1250000
2019.06.19 19:07:24.045,1.12352,1.12356,4120000,3190000
2019.06.19 19:07:24.097,1.12352,1.12354,1000000,5060000
2019.06.19 19:07:24.199,1.12352,1.12355,1690000,2440000
2019.06.19 19:07:24.359,1.12351,1.12354,2370000,1370000
2019.06.19 19:07:24.461,1.12351,1.12354,6000000,1250000
2019.06.19 19:07:24.615,1.12351,1.12355,3370000,2500000
2019.06.19 19:07:24.758,1.12352,1.12355,1000000,5500000
2019.06.19 19:07:24.823,1.12353,1.12357,1120000,1250000
2019.06.19 19:07:25.450,1.12352,1.12354,1000000,1200000
2019.06.19 19:07:25.570,1.12351,1.12355,2550000,1250000
2019.06.19 19:07:25.827,1.12352,1.12356,1620000,3310000
2019.06.19 19:07:25.929,1.12352,1.12355,1870000,1000000
2019.06.19 19:07:26.646,1.12351,1.12354,1000000,1250000
2019.06.19 19:07:26.749,1.12352,1.12357,8260000,3370000
2019.06.19 19:07:26.853,1.12352,1.12357,3870000,7200000
2019.06.19 19:07:27.662,1.12354,1.12357,1120000,1370000
2019.06.19 19:07:27.815,1.12353,1.12357,1500000,1890000
2019.06.19 19:07:27.930,1.12353,1.12356,1000000,2560000
2019.06.19 19:07:28.032,1.12353,1.12357,1120000,2190000
2019.06.19 19:07:28.135,1.12356,1.12357,1000000,1250000
2019.06.19 19:07:28.253,1.12357,1.12359,3000000,2510000
2019.06.19 19:07:28.307,1.12358,1.12363,3120000,4890000
2019.06.19 19:07:28.410,1.1236,1.12363,1000000,1100000
2019.06.19 19:07:28.512,1.1236,1.12363,1000000,2500000
2019.06.19 19:07:28.862,1.1236,1.12364,2620000,2600000
2019.06.19 19:07:28.965,1.12359,1.12363,3370000,6790000
2019.06.19 19:07:29.124,1.12357,1.1236,1620000,3350000
2019.06.19 19:07:29.226,1.12357,1.12361,2250000,2250000
2019.06.19 19:07:29.379,1.12357,1.12362,2620000,2510000
2019.06.19 19:07:29.750,1.12357,1.12361,1000000,2510000
2019.06.19 19:07:30.068,1.12358,1.12361,1000000,1000000
2019.06.19 19:07:30.170,1.12357,1.12362,2620000,1570000
2019.06.19 19:07:30.283,1.12357,1.12361,1000000,4140000
2019.06.19 19:07:30.401,1.12358,1.12364,10620000,6370000
2019.06.19 19:07:30.453,1.12359,1.12364,1870000,12100000
2019.06.19 19:07:30.555,1.1236,1.12364,1870000,2320000
2019.06.19 19:07:31.165,1.12359,1.12362,1000000,2620000
2019.06.19 19:07:31.268,1.12358,1.12361,1000000,1250000
2019.06.19 19:07:31.415,1.12357,1.12362,2620000,9070000
2019.06.19 19:07:31.518,1.12359,1.12363,2250000,1000000
2019.06.19 19:07:31.622,1.1236,1.12363,1120000,4070000
2019.06.19 19:07:31.724,1.1236,1.12364,1870000,4200000
2019.06.19 19:07:31.862,1.12359,1.12364,3000000,2510000
2019.06.19 19:07:32.167,1.12361,1.12364,1500000,1250000
2019.06.19 19:07:32.306,1.12365,1.12368,2620000,1500000
2019.06.19 19:07:32.357,1.12364,1.12368,1120000,1570000
2019.06.19 19:07:32.617,1.12363,1.12368,3370000,2060000
2019.06.19 19:07:33.058,1.12363,1.12368,3000000,2540000
2019.06.19 19:07:33.160,1.12367,1.12368,1500000,1000000
2019.06.19 19:07:33.212,1.12367,1.1237,1120000,1000000
2019.06.19 19:07:33.828,1.12367,1.1237,2370000,1120000
2019.06.19 19:07:34.243,1.12367,1.12371,1870000,1120000
2019.06.19 19:07:34.402,1.12368,1.12372,2620000,2810000
2019.06.19 19:07:34.506,1.12366,1.1237,1000000,4760000
2019.06.19 19:07:34.609,1.12367,1.12371,4690000,1250000
2019.06.19 19:07:34.748,1.12367,1.1237,1050000,3500000
2019.06.19 19:07:34.956,1.12366,1.1237,1420000,4010000
2019.06.19 19:07:35.161,1.12367,1.1237,1500000,1950000
2019.06.19 19:07:35.286,1.12367,1.12372,1500000,1390000
2019.06.19 19:07:35.599,1.12367,1.12372,1000000,6040000
2019.06.19 19:07:35.702,1.12367,1.12372,3000000,1950000
2019.06.19 19:07:35.825,1.12367,1.1237,1870000,1000000
2019.06.19 19:07:35.928,1.12367,1.12371,1870000,2440000
2019.06.19 19:07:36.082,1.12367,1.1237,1000000,1120000
2019.06.19 19:07:36.185,1.12367,1.12371,1870000,1000000
2019.06.19 19:07:36.288,1.12367,1.1237,1000000,2260000
2019.06.19 19:07:36.411,1.12367,1.1237,3000000,1000000
2019.06.19 19:07:36.515,1.12365,1.12369,1000000,3200000
2019.06.19 19:07:36.617,1.12365,1.12368,1120000,1620000
2019.06.19 19:07:36.770,1.12364,1.12368,1120000,3690000
2019.06.19 19:07:38.277,1.12365,1.12369,1500000,3190000
2019.06.19 19:07:38.379,1.12367,1.12372,3870000,1310000
2019.06.19 19:07:38.513,1.12369,1.12372,1500000,1100000
2019.06.19 19:07:38.716,1.12368,1.12372,1000000,1760000
2019.06.19 19:07:38.821,1.12368,1.12373,3370000,5290000
2019.06.19 19:07:39.195,1.12368,1.12373,2250000,2140000
2019.06.19 19:07:39.348,1.12369,1.12373,1120000,1310000
2019.06.19 19:07:39.480,1.12371,1.12376,1400000,3390000
2019.06.19 19:07:39.582,1.1237,1.12372,1120000,1370000
2019.06.19 19:07:39.686,1.12368,1.12372,2230000,3510000
2019.06.19 19:07:39.789,1.12368,1.12371,1000000,1690000
2019.06.19 19:07:39.891,1.12367,1.1237,1500000,1010000
2019.06.19 19:07:39.994,1.12366,1.12371,1120000,4890000
2019.06.19 19:07:41.044,1.12366,1.12368,1000000,1700000
2019.06.19 19:07:41.095,1.12364,1.12368,1000000,3190000
2019.06.19 19:07:41.768,1.12366,1.12369,1000000,3560000
2019.06.19 19:07:41.819,1.12367,1.12371,2620000,2320000
2019.06.19 19:07:42.126,1.12366,1.1237,2320000,2260000
2019.06.19 19:07:42.178,1.12366,1.12368,1000000,1100000
2019.06.19 19:07:42.322,1.12365,1.12368,1000000,1120000
2019.06.19 19:07:42.424,1.12371,1.12373,1500000,2940000
2019.06.19 19:07:42.577,1.1237,1.12372,4070000,2810000
2019.06.19 19:07:42.679,1.12369,1.12371,1120000,1620000
2019.06.19 19:07:42.760,1.12368,1.12371,1120000,1000000
2019.06.19 19:07:42.862,1.12367,1.12371,1120000,1390000
2019.06.19 19:07:42.964,1.12367,1.12372,1000000,1310000
2019.06.19 19:07:43.218,1.12368,1.12372,1870000,1370000
2019.06.19 19:07:44.323,1.12369,1.12373,1120000,4870000
2019.06.19 19:07:44.478,1.1237,1.12373,1870000,1000000
2019.06.19 19:07:44.630,1.1237,1.12372,1000000,1000000
2019.06.19 19:07:44.737,1.12368,1.12369,1500000,1000000
2019.06.19 19:07:44.839,1.12368,1.12371,1120000,1250000
2019.06.19 19:07:45.953,1.12369,1.12372,1620000,4370000
2019.06.19 19:07:46.004,1.1237,1.12374,1600000,1750000
2019.06.19 19:07:46.107,1.12369,1.12374,3750000,2560000
2019.06.19 19:07:46.330,1.12369,1.12373,1120000,2370000
2019.06.19 19:07:46.432,1.12369,1.12373,4950000,2250000
2019.06.19 19:07:46.991,1.12369,1.12372,1500000,2250000
2019.06.19 19:07:47.538,1.12369,1.12371,1500000,1000000
2019.06.19 19:07:47.677,1.12369,1.12373,3120000,1120000
2019.06.19 19:07:48.205,1.12368,1.12372,3870000,1000000
2019.06.19 19:07:49.479,1.12368,1.12372,1120000,1250000
2019.06.19 19:07:49.530,1.1237,1.12373,1000000,1250000
2019.06.19 19:07:49.632,1.12371,1.12374,3750000,4810000
2019.06.19 19:07:49.734,1.12371,1.12376,3120000,7060000
2019.06.19 19:07:50.098,1.12371,1.12373,1000000,1250000
2019.06.19 19:07:50.200,1.12371,1.12374,1500000,4060000
2019.06.19 19:07:50.302,1.12372,1.12376,1720000,3000000
2019.06.19 19:07:50.420,1.12371,1.12377,4810000,7160000
2019.06.19 19:07:50.951,1.12373,1.12376,1120000,1000000
2019.06.19 19:07:51.583,1.12375,1.12378,5940000,4120000
2019.06.19 19:07:51.635,1.12376,1.12378,3750000,2250000
2019.06.19 19:07:51.745,1.12376,1.12379,2250000,1250000
2019.06.19 19:07:51.900,1.12375,1.12379,4120000,1120000
2019.06.19 19:07:52.295,1.12375,1.12378,1000000,1810000
2019.06.19 19:07:52.397,1.12375,1.12378,3000000,1500000
2019.06.19 19:07:52.502,1.12374,1.12378,3370000,1250000
2019.06.19 19:07:52.604,1.12374,1.12377,1500000,1000000
2019.06.19 19:07:53.869,1.12374,1.12378,2620000,1250000
2019.06.19 19:07:56.039,1.12374,1.12378,1000000,2500000
2019.06.19 19:07:56.192,1.12374,1.12377,1500000,1000000
2019.06.19 19:07:56.244,1.12374,1.12375,1000000,1000000
2019.06.19 19:07:56.401,1.12374,1.12376,1000000,1000000
2019.06.19 19:07:57.232,1.12372,1.12375,1000000,1000000
2019.06.19 19:07:57.335,1.12372,1.12376,1500000,4440000
2019.06.19 19:07:57.438,1.12373,1.12377,1120000,2190000
2019.06.19 19:07:57.810,1.12373,1.12377,1870000,2810000
2019.06.19 19:07:58.116,1.12372,1.12375,1000000,2190000
2019.06.19 19:07:59.396,1.12372,1.12375,1000000,1480000
2019.06.19 19:07:59.499,1.12372,1.12375,1000000,2070000
2019.06.19 19:07:59.773,1.12378,1.12379,3750000,1000000
2019.06.19 19:07:59.875,1.12383,1.12384,4120000,3000000
2019.06.19 19:08:00.027,1.12382,1.12385,1650000,1120000
2019.06.19 19:08:00.129,1.12385,1.12387,3270000,1000000
2019.06.19 19:08:00.231,1.12387,1.12389,2810000,1000000
2019.06.19 19:08:00.334,1.12385,1.12388,1500000,3370000
2019.06.19 19:08:00.448,1.12386,1.12389,1000000,4700000
2019.06.19 19:08:00.550,1.12388,1.12391,2720000,1000000
2019.06.19 19:08:00.653,1.12388,1.1239,1250000,1000000
2019.06.19 19:08:00.916,1.12386,1.12391,1370000,5820000
2019.06.19 19:08:01.494,1.12388,1.12391,1250000,1120000
2019.06.19 19:08:01.609,1.12387,1.12392,6120000,1200000
2019.06.19 19:08:01.711,1.12386,1.1239,2810000,1450000
2019.06.19 19:08:01.967,1.12386,1.12389,1000000,1370000
2019.06.19 19:08:02.186,1.12386,1.1239,2360000,3700000
2019.06.19 19:08:02.764,1.12386,1.12389,1000000,2500000
2019.06.19 19:08:02.866,1.12386,1.1239,4310000,2500000
2019.06.19 19:08:03.672,1.12386,1.12389,1500000,1250000
2019.06.19 19:08:04.780,1.12386,1.1239,1310000,1370000
2019.06.19 19:08:05.180,1.12386,1.12389,1000000,1750000
2019.06.19 19:08:05.282,1.12386,1.1239,2060000,1750000
2019.06.19 19:08:06.919,1.12388,1.12393,3950000,3560000
2019.06.19 19:08:07.021,1.12388,1.12393,4250000,4810000
2019.06.19 19:08:07.123,1.12387,1.12391,1310000,2320000
2019.06.19 19:08:07.227,1.12387,1.12392,1870000,6120000
2019.06.19 19:08:08.505,1.12388,1.1239,1000000,3370000
2019.06.19 19:08:08.609,1.12387,1.12391,1250000,1500000
2019.06.19 19:08:09.556,1.12386,1.12392,6000000,4690000
2019.06.19 19:08:09.658,1.12386,1.12389,1120000,1690000
2019.06.19 19:08:09.761,1.12381,1.12384,1870000,2540000
2019.06.19 19:08:09.887,1.12381,1.12384,2620000,1690000
2019.06.19 19:08:10.353,1.12381,1.12384,1000000,3750000
2019.06.19 19:08:10.467,1.12381,1.12385,1870000,2440000
2019.06.19 19:08:10.569,1.12384,1.12388,1000000,1690000
2019.06.19 19:08:10.885,1.12385,1.12388,1870000,1250000
2019.06.19 19:08:10.937,1.12386,1.1239,6370000,3940000
2019.06.19 19:08:11.040,1.12386,1.1239,6870000,1250000
2019.06.19 19:08:11.294,1.12386,1.1239,2620000,2060000
2019.06.19 19:08:11.694,1.12387,1.12391,2090000,1000000
2019.06.19 19:08:11.797,1.12388,1.12392,1000000,3000000
2019.06.19 19:08:12.000,1.12388,1.12392,1000000,3250000
2019.06.19 19:08:12.102,1.12388,1.12391,1000000,3070000
2019.06.19 19:08:12.204,1.12388,1.12391,2100000,1000000
2019.06.19 19:08:12.990,1.12388,1.12391,2470000,1000000
2019.06.19 19:08:13.092,1.12388,1.12391,2470000,1000000
2019.06.19 19:08:13.304,1.12388,1.12391,1120000,1500000
2019.06.19 19:08:14.094,1.12388,1.1239,1000000,2250000
2019.06.19 19:08:14.197,1.12386,1.12389,3750000,1370000
2019.06.19 19:08:14.299,1.12386,1.12388,1500000,1250000
2019.06.19 19:08:15.117,1.12385,1.12388,4120000,2440000
2019.06.19 19:08:15.220,1.12383,1.12387,1120000,1750000
2019.06.19 19:08:15.375,1.12383,1.12388,5070000,2810000
2019.06.19 19:08:15.527,1.12383,1.12388,2070000,2870000
2019.06.19 19:08:15.731,1.12384,1.12388,1620000,1750000
2019.06.19 19:08:15.890,1.12384,1.12388,1620000,1250000
2019.06.19 19:08:16.168,1.12385,1.12389,8070000,1750000
2019.06.19 19:08:16.322,1.12385,1.12389,1120000,4370000
2019.06.19 19:08:18.800,1.12389,1.1239,1120000,1000000
2019.06.19 19:08:18.852,1.12389,1.12392,2850000,1250000
2019.06.19 19:08:19.102,1.12389,1.12392,4500000,1000000
2019.06.19 19:08:19.668,1.12388,1.12392,2250000,2250000
2019.06.19 19:08:19.792,1.12389,1.12392,3000000,1000000
2019.06.19 19:08:19.897,1.12388,1.12392,2250000,2250000
2019.06.19 19:08:20.358,1.12389,1.12392,2250000,1000000
2019.06.19 19:08:21.695,1.12389,1.12391,1000000,1000000
2019.06.19 19:08:22.165,1.12389,1.12392,3000000,1000000
2019.06.19 19:08:22.267,1.12389,1.12392,3500000,1500000
2019.06.19 19:08:22.471,1.12388,1.12392,2750000,3190000
2019.06.19 19:08:22.523,1.12387,1.12389,1000000,1500000
2019.06.19 19:08:23.483,1.12386,1.12389,1000000,2440000
2019.06.19 19:08:23.609,1.12386,1.1239,5620000,2440000
2019.06.19 19:08:23.818,1.12387,1.1239,6370000,1000000
2019.06.19 19:08:23.987,1.12386,1.1239,4870000,1250000
2019.06.19 19:08:24.409,1.12386,1.12388,1000000,1690000
2019.06.19 19:08:25.031,1.12386,1.1239,6120000,1250000
2019.06.19 19:08:25.133,1.12387,1.12389,1870000,1000000
2019.06.19 19:08:25.655,1.12387,1.12388,1000000,1000000
2019.06.19 19:08:25.814,1.12386,1.12388,1000000,1250000
2019.06.19 19:08:26.863,1.12383,1.12386,1000000,6700000
2019.06.19 19:08:27.022,1.12383,1.12385,1000000,1000000
2019.06.19 19:08:27.175,1.12382,1.12386,2500000,2060000
2019.06.19 19:08:28.853,1.12381,1.12383,1000000,3560000
2019.06.19 19:08:28.904,1.12381,1.12384,1870000,1370000
2019.06.19 19:08:29.018,1.12381,1.12385,3110000,4120000
2019.06.19 19:08:29.224,1.12382,1.12386,2810000,3500000
2019.06.19 19:08:29.842,1.12383,1.12385,1000000,1000000
2019.06.19 19:08:30.217,1.12382,1.12386,5640000,1870000
2019.06.19 19:08:31.542,1.12382,1.12386,1000000,3750000
2019.06.19 19:08:31.594,1.12384,1.12387,1000000,1500000
2019.06.19 19:08:32.582,1.12383,1.12387,2620000,3370000
2019.06.19 19:08:32.709,1.12384,1.12387,6750000,1500000
2019.06.19 19:08:32.811,1.12382,1.12384,1500000,1250000
2019.06.19 19:08:33.493,1.12381,1.12386,7000000,2500000
2019.06.19 19:08:33.645,1.12383,1.12385,1000000,1000000
2019.06.19 19:08:33.776,1.12381,1.12385,1000000,2440000
2019.06.19 19:08:33.878,1.12381,1.12386,5440000,1690000
2019.06.19 19:08:34.348,1.12381,1.12385,1000000,1690000
2019.06.19 19:08:34.467,1.12381,1.12386,5440000,1690000
2019.06.19 19:08:34.569,1.12381,1.12385,1000000,5440000
2019.06.19 19:08:34.874,1.1238,1.12382,1500000,5500000
2019.06.19 19:08:34.926,1.12378,1.12381,2250000,1640000
2019.06.19 19:08:35.028,1.12377,1.12381,4500000,1750000
2019.06.19 19:08:35.153,1.12376,1.12379,1000000,1870000
2019.06.19 19:08:35.358,1.12377,1.12381,2250000,1120000
2019.06.19 19:08:35.511,1.12377,1.12382,6750000,3370000
2019.06.19 19:08:35.733,1.12379,1.12382,7120000,1000000
2019.06.19 19:08:36.575,1.12378,1.12382,5620000,1000000
2019.06.19 19:08:36.728,1.12378,1.12381,1120000,1500000
2019.06.19 19:08:37.494,1.12377,1.12381,1870000,2440000
2019.06.19 19:08:40.378,1.12378,1.12381,1500000,1500000
2019.06.19 19:08:40.481,1.12377,1.12381,1500000,5440000
2019.06.19 19:08:41.058,1.12376,1.12377,2620000,3560000
2019.06.19 19:08:41.110,1.12375,1.12377,2620000,1010000
2019.06.19 19:08:41.213,1.12374,1.12376,1120000,1000000
2019.06.19 19:08:41.265,1.12372,1.12374,1500000,2440000
2019.06.19 19:08:41.417,1.12372,1.12375,1000000,1000000
2019.06.19 19:08:41.519,1.12372,1.12376,4500000,1690000
2019.06.19 19:08:42.200,1.12371,1.12376,2000000,6000000
2019.06.19 19:08:43.156,1.12372,1.12376,1120000,1500000
2019.06.19 19:08:43.259,1.12371,1.12373,1500000,1000000
2019.06.19 19:08:43.361,1.1237,1.12373,1500000,1000000
2019.06.19 19:08:43.498,1.1237,1.12372,2620000,1000000
2019.06.19 19:08:43.902,1.12369,1.12372,2620000,2620000
2019.06.19 19:08:44.110,1.1237,1.12372,2620000,1000000
2019.06.19 19:08:44.593,1.12369,1.12372,2620000,1500000
2019.06.19 19:08:46.165,1.12369,1.12373,1120000,1500000
2019.06.19 19:08:48.080,1.12369,1.12372,2620000,3000000
2019.06.19 19:08:48.182,1.12368,1.12372,1000000,1870000
2019.06.19 19:08:48.949,1.12367,1.1237,1000000,7060000
2019.06.19 19:08:49.052,1.12367,1.12371,6000000,1000000
2019.06.19 19:08:49.209,1.12367,1.1237,1000000,1120000
2019.06.19 19:08:49.311,1.12369,1.1237,1000000,1000000
2019.06.19 19:08:49.414,1.12366,1.1237,8140000,1000000
2019.06.19 19:08:49.567,1.12366,1.12369,1500000,1120000
2019.06.19 19:08:50.309,1.12365,1.12369,1000000,1310000
2019.06.19 19:08:50.412,1.12364,1.12367,1500000,1000000
2019.06.19 19:08:50.567,1.12363,1.12367,2250000,3560000
2019.06.19 19:08:51.206,1.12363,1.12366,1500000,1310000
2019.06.19 19:08:51.310,1.1236,1.12363,1000000,4690000
2019.06.19 19:08:51.563,1.12359,1.1236,2250000,1250000
2019.06.19 19:08:51.716,1.12359,1.12361,1500000,1120000
2019.06.19 19:08:51.872,1.1236,1.12363,1000000,2000000
2019.06.19 19:08:51.924,1.12359,1.12364,3190000,3750000
2019.06.19 19:08:52.027,1.1236,1.12363,2750000,1250000
2019.06.19 19:08:52.130,1.12356,1.12359,1000000,3120000
2019.06.19 19:08:52.264,1.12358,1.12361,1400000,1120000
2019.06.19 19:08:52.368,1.12358,1.12362,4250000,1870000
2019.06.19 19:08:52.574,1.12357,1.1236,1000000,5940000
2019.06.19 19:08:52.731,1.12356,1.12359,1000000,1310000
2019.06.19 19:08:52.834,1.12355,1.12359,3750000,2810000
2019.06.19 19:08:53.161,1.12356,1.12359,2250000,2250000
2019.06.19 19:08:53.325,1.12356,1.1236,5250000,3000000
2019.06.19 19:08:53.429,1.12356,1.1236,6370000,1310000
2019.06.19 19:08:53.582,1.12356,1.12361,2060000,3750000
2019.06.19 19:08:53.633,1.12358,1.12361,2620000,1000000
2019.06.19 19:08:54.149,1.12357,1.12358,1000000,1100000
2019.06.19 19:08:54.252,1.12358,1.1236,1000000,2250000
2019.06.19 19:08:54.368,1.12358,1.12363,4120000,2620000
2019.06.19 19:08:54.471,1.12359,1.12363,7120000,1000000
2019.06.19 19:08:54.574,1.12361,1.12363,3370000,3310000
2019.06.19 19:08:54.676,1.12361,1.12365,2500000,4810000
2019.06.19 19:08:54.792,1.12362,1.12365,1120000,1870000
2019.06.19 19:08:55.212,1.12362,1.12366,3750000,3000000
2019.06.19 19:08:55.360,1.12366,1.12369,1400000,1870000
2019.06.19 19:08:55.515,1.12365,1.12367,1000000,2750000
2019.06.19 19:08:55.617,1.12366,1.12368,1000000,1120000
2019.06.19 19:08:55.719,1.12366,1.1237,4020000,2440000
2019.06.19 19:08:55.899,1.12368,1.1237,1050000,1000000
2019.06.19 19:08:55.950,1.12368,1.12372,2810000,1000000
2019.06.19 19:08:56.457,1.12368,1.12371,1000000,1120000
2019.06.19 19:08:56.630,1.12367,1.12372,3560000,6690000
2019.06.19 19:08:56.834,1.12367,1.12369,2250000,1120000
2019.06.19 19:08:57.355,1.12367,1.12371,4500000,1000000
2019.06.19 19:08:57.625,1.12366,1.12371,4620000,2750000
2019.06.19 19:08:57.727,1.12366,1.12371,3000000,2750000
2019.06.19 19:08:58.486,1.12366,1.1237,1000000,5000000
2019.06.19 19:08:58.771,1.12366,1.12371,3370000,3500000
2019.06.19 19:08:59.482,1.12366,1.1237,7870000,1810000
2019.06.19 19:08:59.852,1.12368,1.12371,3370000,3000000
2019.06.19 19:09:00.107,1.12368,1.12372,2370000,4370000
2019.06.19 19:09:00.210,1.12368,1.12372,2370000,1870000
2019.06.19 19:09:00.364,1.12367,1.1237,1000000,6120000
2019.06.19 19:09:00.581,1.12366,1.12369,1000000,3120000
2019.06.19 19:09:01.511,1.12367,1.12371,5750000,1000000
2019.06.19 19:09:03.191,1.12368,1.12371,1500000,2620000
2019.06.19 19:09:03.242,1.1237,1.12371,1500000,1000000
2019.06.19 19:09:03.294,1.1237,1.12373,1120000,1500000
2019.06.19 19:09:03.461,1.1237,1.12373,2370000,1120000
2019.06.19 19:09:03.665,1.12368,1.1237,3750000,2500000
2019.06.19 19:09:03.767,1.12364,1.12369,3370000,2890000
2019.06.19 19:09:04.190,1.12365,1.12369,1000000,1250000
2019.06.19 19:09:04.292,1.12366,1.12369,1250000,1250000
2019.06.19 19:09:05.147,1.12364,1.12366,1750000,3370000
2019.06.19 19:09:05.198,1.12361,1.12365,1120000,4060000
2019.06.19 19:09:05.301,1.12361,1.12364,1120000,1570000
2019.06.19 19:09:05.516,1.12364,1.12365,2250000,3000000
2019.06.19 19:09:05.574,1.12364,1.12369,5620000,2060000
2019.06.19 19:09:05.676,1.12364,1.12368,4310000,1500000
2019.06.19 19:09:06.021,1.12365,1.12368,1000000,1250000
2019.06.19 19:09:06.138,1.12366,1.12371,6000000,1500000
2019.06.19 19:09:06.291,1.12366,1.1237,1000000,1000000
2019.06.19 19:09:06.443,1.12366,1.12371,3750000,1000000
2019.06.19 19:09:06.731,1.12369,1.12372,1120000,1000000
2019.06.19 19:09:07.185,1.12367,1.1237,2000000,1500000
2019.06.19 19:09:07.288,1.12366,1.12369,1000000,1310000
2019.06.19 19:09:07.392,1.12366,1.12371,1620000,3000000
2019.06.19 19:09:07.540,1.12366,1.12371,1870000,2620000
2019.06.19 19:09:07.743,1.12366,1.1237,1000000,2250000
2019.06.19 19:09:07.998,1.12366,1.12372,7310000,6500000
2019.06.19 19:09:08.383,1.12366,1.12372,7060000,4620000
2019.06.19 19:09:08.970,1.12365,1.12369,2250000,5750000
2019.06.19 19:09:09.072,1.12365,1.1237,6110000,2440000
2019.06.19 19:09:09.277,1.12365,1.12369,1000000,1690000
2019.06.19 19:09:09.379,1.12365,1.1237,6560000,2440000
2019.06.19 19:09:09.858,1.12365,1.12369,1000000,1690000
2019.06.19 19:09:10.012,1.12366,1.12369,1000000,2250000
2019.06.19 19:09:11.021,1.12366,1.1237,6940000,2250000
2019.06.19 19:09:11.122,1.12365,1.1237,6940000,7310000
2019.06.19 19:09:11.566,1.12365,1.1237,4710000,9640000
2019.06.19 19:09:12.066,1.12365,1.1237,4610000,5890000
2019.06.19 19:09:12.736,1.12367,1.1237,1750000,3370000
2019.06.19 19:09:12.838,1.12367,1.12372,5370000,3560000
2019.06.19 19:09:13.001,1.12368,1.12372,5370000,1000000
2019.06.19 19:09:13.159,1.12367,1.12372,5370000,3560000
2019.06.19 19:09:14.021,1.12368,1.12372,5370000,3370000
2019.06.19 19:09:14.124,1.12369,1.12371,2750000,1120000
2019.06.19 19:09:14.428,1.12368,1.12372,5370000,1000000
2019.06.19 19:09:15.427,1.12367,1.12372,2870000,5370000
2019.06.19 19:09:15.531,1.12367,1.12372,4120000,6870000
2019.06.19 19:09:15.858,1.12368,1.12372,3870000,1000000
2019.06.19 19:09:16.889,1.12369,1.12372,1000000,1000000
2019.06.19 19:09:16.940,1.12369,1.12373,1870000,1000000
2019.06.19 19:09:17.983,1.12369,1.12372,1000000,1120000
2019.06.19 19:09:18.122,1.12368,1.12373,1870000,7620000
2019.06.19 19:09:18.256,1.12369,1.12372,3000000,1000000
2019.06.19 19:09:18.307,1.12369,1.12371,3620000,1000000
2019.06.19 19:09:18.358,1.12367,1.12371,3370000,1570000
2019.06.19 19:09:18.919,1.12367,1.12371,3750000,4250000
2019.06.19 19:09:19.303,1.12367,1.12371,6000000,3370000
2019.06.19 19:09:20.822,1.12367,1.12371,5310000,2620000
2019.06.19 19:09:20.873,1.12367,1.12372,9070000,1120000
2019.06.19 19:09:21.203,1.12367,1.12371,9000000,1000000
2019.06.19 19:09:21.457,1.12367,1.12371,2440000,1000000
2019.06.19 19:09:22.732,1.12367,1.1237,1000000,1000000
2019.06.19 19:09:22.854,1.12366,1.1237,5060000,1120000
2019.06.19 19:09:23.057,1.12365,1.12369,1000000,9690000
2019.06.19 19:09:23.199,1.12365,1.1237,2140000,6690000
2019.06.19 19:09:23.335,1.12365,1.1237,2940000,5810000
2019.06.19 19:09:23.704,1.12365,1.12368,1000000,2060000
2019.06.19 19:09:24.765,1.12366,1.12368,1000000,1000000
2019.06.19 19:09:24.819,1.12366,1.12371,2620000,4690000
2019.06.19 19:09:25.073,1.12367,1.12371,1120000,2500000
2019.06.19 19:09:25.222,1.12369,1.12372,2620000,1500000
2019.06.19 19:09:25.326,1.12373,1.12375,1250000,3750000
2019.06.19 19:09:25.428,1.12374,1.12375,1120000,1000000
2019.06.19 19:09:25.608,1.12373,1.12375,1250000,5250000
2019.06.19 19:09:25.660,1.12375,1.1238,3370000,5250000
2019.06.19 19:09:25.711,1.12376,1.12379,1250000,1000000
2019.06.19 19:09:25.765,1.12375,1.1238,1690000,6560000
2019.06.19 19:09:25.867,1.12376,1.1238,2060000,4120000
2019.06.19 19:09:26.327,1.12377,1.12381,2250000,5940000
2019.06.19 19:09:26.429,1.12378,1.12382,5620000,2250000
2019.06.19 19:09:26.531,1.12377,1.1238,1250000,1500000
2019.06.19 19:09:28.375,1.12375,1.12379,1690000,11250000
2019.06.19 19:09:30.843,1.12376,1.12378,1500000,2440000
2019.06.19 19:09:30.895,1.12374,1.12378,3370000,4690000
2019.06.19 19:09:31.037,1.12374,1.12377,1500000,1500000
2019.06.19 19:09:31.189,1.12374,1.12378,3370000,2060000
2019.06.19 19:09:31.419,1.12375,1.12379,5370000,1500000
2019.06.19 19:09:31.724,1.12376,1.12379,1120000,2620000
2019.06.19 19:09:31.868,1.12375,1.12379,4620000,2370000
2019.06.19 19:09:32.242,1.12375,1.1238,1750000,16120001
2019.06.19 19:09:32.698,1.12378,1.12381,1500000,3370000
2019.06.19 19:09:32.750,1.12379,1.12383,4120000,1000000
2019.06.19 19:09:32.853,1.12379,1.12381,1500000,1000000
2019.06.19 19:09:33.006,1.12379,1.12381,2370000,1000000
2019.06.19 19:09:33.107,1.12377,1.12381,2000000,1120000
2019.06.19 19:09:33.562,1.12376,1.12379,1120000,4060000
2019.06.19 19:09:33.613,1.12375,1.12378,1000000,1870000
2019.06.19 19:09:33.739,1.12374,1.12375,1000000,4760000
2019.06.19 19:09:33.841,1.12373,1.12374,1000000,1500000
2019.06.19 19:09:33.945,1.1237,1.12372,1870000,1870000
2019.06.19 19:09:34.060,1.12369,1.12371,1120000,1500000
2019.06.19 19:09:34.163,1.12369,1.12374,4370000,5250000
2019.06.19 19:09:34.265,1.12369,1.12374,2810000,1870000
2019.06.19 19:09:34.468,1.12369,1.12374,4810000,1870000
2019.06.19 19:09:34.628,1.12371,1.12373,1000000,1500000
2019.06.19 19:09:34.730,1.1237,1.12373,1000000,1100000
2019.06.19 19:09:34.832,1.12372,1.12374,1000000,1120000
2019.06.19 19:09:34.884,1.1237,1.12374,1250000,1500000
2019.06.19 19:09:35.012,1.12369,1.12373,1000000,8000000
2019.06.19 19:09:35.217,1.12369,1.12371,1000000,1000000
2019.06.19 19:09:35.320,1.12367,1.12371,2250000,5620000
2019.06.19 19:09:35.425,1.12368,1.12371,1000000,1120000
2019.06.19 19:09:35.783,1.12368,1.12372,5620000,1690000
2019.06.19 19:09:36.056,1.12369,1.12371,1000000,1120000
2019.06.19 19:09:36.313,1.12371,1.12373,4060000,1000000
2019.06.19 19:09:36.425,1.12372,1.12375,1620000,2250000
2019.06.19 19:09:36.527,1.12371,1.12374,1250000,5060000
2019.06.19 19:09:36.783,1.12373,1.12376,1120000,1000000
2019.06.19 19:09:36.885,1.12372,1.12377,6120000,4500000
2019.06.19 19:09:36.989,1.12373,1.12377,1810000,1250000
2019.06.19 19:09:37.244,1.12373,1.12377,1250000,1250000
2019.06.19 19:09:37.447,1.12374,1.12378,1000000,3750000
2019.06.19 19:09:37.550,1.12374,1.12377,1500000,1000000
2019.06.19 19:09:37.835,1.12374,1.12378,1120000,3370000
2019.06.19 19:09:37.939,1.12376,1.12379,1500000,1500000
2019.06.19 19:09:38.042,1.12376,1.1238,5440000,3000000
2019.06.19 19:09:38.145,1.12377,1.1238,1000000,1500000
2019.06.19 19:09:38.420,1.12378,1.12382,2440000,1870000
2019.06.19 19:09:38.523,1.12379,1.12382,1000000,1120000
2019.06.19 19:09:38.691,1.12382,1.12384,6000000,3250000
2019.06.19 19:09:38.794,1.12385,1.12387,2440000,1500000
2019.06.19 19:09:38.896,1.12384,1.12386,1000000,1200000
2019.06.19 19:09:38.948,1.12382,1.12384,1000000,1120000
2019.06.19 19:09:39.065,1.12381,1.12384,6190000,1250000
2019.06.19 19:09:39.886,1.12383,1.12385,1120000,1500000
2019.06.19 19:09:39.994,1.12383,1.12386,1000000,1620000
2019.06.19 19:09:40.249,1.12383,1.12386,1000000,1120000
2019.06.19 19:09:40.521,1.12381,1.12384,1500000,1120000
2019.06.19 19:09:40.623,1.12381,1.12386,3100000,3690000
2019.06.19 19:09:40.674,1.12382,1.12387,2620000,5000000
2019.06.19 19:09:41.159,1.12382,1.12387,3870000,5750000
2019.06.19 19:09:41.447,1.12382,1.12387,3370000,5750000
2019.06.19 19:09:41.550,1.12382,1.12386,1000000,3120000
2019.06.19 19:09:42.363,1.12381,1.12384,1250000,2940000
2019.06.19 19:09:42.496,1.1238,1.12384,1690000,4120000
2019.06.19 19:09:42.649,1.12382,1.12385,1120000,1870000
2019.06.19 19:09:42.702,1.12383,1.12388,2250000,4510000
2019.06.19 19:09:42.856,1.12385,1.12388,4500000,1000000
2019.06.19 19:09:42.959,1.12385,1.1239,3010000,6310000
2019.06.19 19:09:43.063,1.12387,1.12391,3810000,1000000
2019.06.19 19:09:43.166,1.12384,1.12387,1000000,2620000
2019.06.19 19:09:44.144,1.12384,1.12388,1120000,3370000
2019.06.19 19:09:44.310,1.12385,1.12389,1500000,3940000
2019.06.19 19:09:44.415,1.12387,1.12391,3250000,1000000
2019.06.19 19:09:44.619,1.12386,1.1239,1250000,2620000
2019.06.19 19:09:44.731,1.12386,1.12389,3070000,1000000
2019.06.19 19:09:44.834,1.12384,1.12388,4870000,3000000
2019.06.19 19:09:45.248,1.12383,1.12386,1000000,3000000
2019.06.19 19:09:46.485,1.12383,1.12387,2620000,1120000
2019.06.19 19:09:47.310,1.12384,1.12388,1200000,3000000
2019.06.19 19:09:47.412,1.12384,1.12387,1000000,2250000
2019.06.19 19:09:47.535,1.12383,1.12387,1120000,4500000
2019.06.19 19:09:47.637,1.12384,1.12387,1120000,1000000
2019.06.19 19:09:47.940,1.12383,1.12387,1500000,1120000
2019.06.19 19:09:48.178,1.12381,1.12383,1000000,3940000
2019.06.19 19:09:48.281,1.12379,1.12381,3000000,1870000
2019.06.19 19:09:48.332,1.12377,1.1238,2060000,1250000
2019.06.19 19:09:48.542,1.12376,1.12379,1500000,2500000
2019.06.19 19:09:48.644,1.12376,1.1238,5810000,3250000
2019.06.19 19:09:50.910,1.12376,1.12379,1000000,1750000
2019.06.19 19:09:51.048,1.12376,1.1238,2060000,1750000
2019.06.19 19:09:51.411,1.12376,1.1238,5190000,4370000
2019.06.19 19:09:51.615,1.12376,1.12379,2750000,1750000
2019.06.19 19:09:51.728,1.12373,1.12376,6120000,2060000
2019.06.19 19:09:51.780,1.12371,1.12375,2810000,4870000
2019.06.19 19:09:52.209,1.12371,1.12374,1000000,1120000
2019.06.19 19:09:52.312,1.1237,1.12373,1120000,1000000
2019.06.19 19:09:52.643,1.12371,1.12374,1120000,3120000
2019.06.19 19:09:52.746,1.12369,1.12371,1690000,1000000
2019.06.19 19:09:52.848,1.12368,1.12371,1870000,1870000
2019.06.19 19:09:53.001,1.12369,1.12371,1870000,1000000
2019.06.19 19:09:54.257,1.12369,1.1237,1000000,1000000
2019.06.19 19:09:55.188,1.12369,1.12371,1690000,1000000
2019.06.19 19:09:55.822,1.12368,1.1237,1690000,2620000
2019.06.19 19:09:56.112,1.12368,1.12372,1000000,6940000
2019.06.19 19:09:56.166,1.12371,1.12373,2250000,2750000
2019.06.19 19:09:56.268,1.12371,1.12375,2060000,3500000
2019.06.19 19:09:56.371,1.12371,1.12374,1000000,5000000
2019.06.19 19:09:56.519,1.12373,1.12375,1250000,1500000
2019.06.19 19:09:56.622,1.12375,1.12377,2060000,1000000
2019.06.19 19:09:56.725,1.12375,1.12378,1000000,1000000
2019.06.19 19:09:56.959,1.12374,1.12376,1000000,1000000
2019.06.19 19:09:57.350,1.12373,1.12375,1000000,1870000
2019.06.19 19:09:57.401,1.12369,1.12374,1500000,4690000
2019.06.19 19:09:57.508,1.12369,1.12372,1120000,1000000
2019.06.19 19:09:57.610,1.12368,1.12371,1120000,3750000
2019.06.19 19:09:58.045,1.12369,1.12371,1000000,1120000
2019.06.19 19:09:58.198,1.12368,1.12371,1250000,3370000
2019.06.19 19:09:58.391,1.12368,1.1237,1000000,1000000
2019.06.19 19:09:59.536,1.12369,1.12371,1690000,1120000
2019.06.19 19:09:59.693,1.12368,1.12371,2440000,3370000
2019.06.19 19:10:00.101,1.12368,1.1237,1000000,2620000
2019.06.19 19:10:00.314,1.12366,1.1237,1120000,2060000
2019.06.19 19:10:00.468,1.12368,1.12371,1250000,1120000
2019.06.19 19:10:00.571,1.1237,1.12372,1000000,1000000
2019.06.19 19:10:00.737,1.12376,1.12378,1120000,3500000
2019.06.19 19:10:00.789,1.12377,1.1238,1390000,1500000
2019.06.19 19:10:02.109,1.12377,1.12379,1000000,1870000
2019.06.19 19:10:02.160,1.12375,1.12377,1000000,1870000
2019.06.19 19:10:02.313,1.12374,1.12377,1000000,3370000
2019.06.19 19:10:02.674,1.12374,1.12379,4120000,4120000
2019.06.19 19:10:02.777,1.12377,1.1238,2890000,1000000
2019.06.19 19:10:03.447,1.12376,1.12378,1000000,1000000
2019.06.19 19:10:03.550,1.12375,1.12378,1250000,2250000
2019.06.19 19:10:03.653,1.12375,1.1238,7320000,1500000
2019.06.19 19:10:03.705,1.12377,1.1238,3690000,2620000
2019.06.19 19:10:03.808,1.12376,1.12379,1000000,4500000
2019.06.19 19:10:03.913,1.12376,1.12379,1000000,1500000
2019.06.19 19:10:04.015,1.12375,1.12379,1120000,2250000
2019.06.19 19:10:05.520,1.12375,1.1238,3560000,3370000
2019.06.19 19:10:05.622,1.12376,1.12381,5250000,1500000
2019.06.19 19:10:05.724,1.12376,1.12381,2120000,8450000
2019.06.19 19:10:07.640,1.12377,1.12379,1000000,1120000
2019.06.19 19:10:07.691,1.12373,1.12376,1120000,2060000
2019.06.19 19:10:07.793,1.12373,1.12376,2120000,2370000
2019.06.19 19:10:07.896,1.12373,1.12376,1120000,3120000
2019.06.19 19:10:07.999,1.12373,1.12378,4440000,3870000
2019.06.19 19:10:08.202,1.12376,1.1238,2640000,1120000
2019.06.19 19:10:08.304,1.12377,1.12381,5500000,1500000
2019.06.19 19:10:09.351,1.12379,1.12383,6190000,1870000
2019.06.19 19:10:09.402,1.12381,1.12383,1870000,1500000
2019.06.19 19:10:09.505,1.12381,1.12383,1000000,1620000
2019.06.19 19:10:09.557,1.12381,1.12385,4760000,1870000
2019.06.19 19:10:09.681,1.12381,1.12386,1200000,4500000
2019.06.19 19:10:09.784,1.12381,1.12384,1120000,1700000
2019.06.19 19:10:09.887,1.1238,1.12383,2250000,1870000
2019.06.19 19:10:10.347,1.12382,1.12385,3820000,1500000
2019.06.19 19:10:10.547,1.12382,1.12386,1500000,1120000
2019.06.19 19:10:10.649,1.12382,1.12385,1000000,1000000
2019.06.19 19:10:10.751,1.1238,1.12383,1000000,1000000
2019.06.19 19:10:12.700,1.12377,1.12378,1120000,4120000
2019.06.19 19:10:12.752,1.12375,1.12378,1500000,2750000
2019.06.19 19:10:14.740,1.12375,1.12377,1000000,1500000
2019.06.19 19:10:14.792,1.1237,1.12373,1120000,6000000
2019.06.19 19:10:15.270,1.1237,1.12373,1120000,1000000
2019.06.19 19:10:15.372,1.12369,1.12373,1120000,1000000
2019.06.19 19:10:20.722,1.12368,1.1237,1250000,1500000
2019.06.19 19:10:20.828,1.12368,1.1237,1250000,1120000
2019.06.19 19:10:20.982,1.12368,1.12371,1000000,1120000
2019.06.19 19:10:21.085,1.12368,1.12372,1870000,3570000
2019.06.19 19:10:21.187,1.12368,1.12372,1000000,4760000
2019.06.19 19:10:21.356,1.12369,1.12372,1000000,1000000
2019.06.19 19:10:21.457,1.12368,1.12372,1000000,4120000
2019.06.19 19:10:21.559,1.12369,1.12372,1000000,1000000
2019.06.19 19:10:21.662,1.12369,1.12371,1000000,1500000
2019.06.19 19:10:24.649,1.12368,1.12369,1000000,1120000
2019.06.19 19:10:24.762,1.12366,1.12369,1000000,3000000
2019.06.19 19:10:25.219,1.12367,1.12371,1000000,2750000
2019.06.19 19:10:25.325,1.12369,1.12372,1000000,1500000
2019.06.19 19:10:25.478,1.12369,1.12372,1000000,3120000
2019.06.19 19:10:26.116,1.12369,1.12371,1000000,1500000
2019.06.19 19:10:26.269,1.12369,1.12372,1120000,1500000
2019.06.19 19:10:26.471,1.12369,1.12371,1000000,1500000
2019.06.19 19:10:26.575,1.12366,1.12368,1000000,2000000
2019.06.19 19:10:26.677,1.12366,1.12369,1870000,1620000
2019.06.19 19:10:26.782,1.12366,1.12368,1000000,1500000
2019.06.19 19:10:26.986,1.12367,1.12369,1200000,1120000
2019.06.19 19:10:27.638,1.12366,1.12368,1000000,1500000
2019.06.19 19:10:28.309,1.12365,1.12368,1120000,1620000
2019.06.19 19:10:28.411,1.1236,1.12362,1000000,3190000
2019.06.19 19:10:28.463,1.12358,1.12362,1120000,3560000
2019.06.19 19:10:28.565,1.12358,1.12361,1000000,2060000
2019.06.19 19:10:28.616,1.12357,1.12359,1000000,3190000
2019.06.19 19:10:28.720,1.12357,1.12359,1000000,1250000
2019.06.19 19:10:28.924,1.12357,1.1236,1500000,1500000
2019.06.19 19:10:29.027,1.12357,1.1236,1250000,6870000
2019.06.19 19:10:29.164,1.12357,1.12361,1250000,7620000
2019.06.19 19:10:29.419,1.12357,1.1236,1310000,1500000
2019.06.19 19:10:29.530,1.12356,1.12358,1000000,1000000
2019.06.19 19:10:29.634,1.12355,1.12358,1000000,1690000
2019.06.19 19:10:30.181,1.12355,1.12359,1120000,2440000
2019.06.19 19:10:30.285,1.12358,1.1236,1000000,1000000
2019.06.19 19:10:30.568,1.12357,1.12361,3370000,2620000
2019.06.19 19:10:30.824,1.12357,1.12361,5120000,1870000
2019.06.19 19:10:30.927,1.12356,1.12358,1000000,1000000
2019.06.19 19:10:31.029,1.12355,1.12357,1000000,3120000
2019.06.19 19:10:31.150,1.12355,1.12359,1420000,4060000
2019.06.19 19:10:31.709,1.12355,1.12357,1120000,2000000
2019.06.19 19:10:31.811,1.12355,1.12357,1120000,1120000
2019.06.19 19:10:32.193,1.12354,1.12358,1500000,5000000
2019.06.19 19:10:32.329,1.12356,1.12358,1000000,1120000
2019.06.19 19:10:32.482,1.12355,1.12359,1310000,4870000
2019.06.19 19:10:32.711,1.12356,1.12358,1000000,2810000
2019.06.19 19:10:32.858,1.12356,1.1236,2120000,3190000
2019.06.19 19:10:32.961,1.12355,1.12358,1000000,3200000
2019.06.19 19:10:33.268,1.12357,1.1236,1310000,1500000
2019.06.19 19:10:33.375,1.12356,1.1236,1250000,8320000
2019.06.19 19:10:33.478,1.12357,1.1236,2810000,1000000
2019.06.19 19:10:33.580,1.12356,1.1236,2810000,4120000
2019.06.19 19:10:33.801,1.12356,1.12359,1000000,3370000
2019.06.19 19:10:34.290,1.12356,1.12359,3120000,1120000
2019.06.19 19:10:35.220,1.12355,1.12359,1870000,4810000
2019.06.19 19:10:35.889,1.12356,1.1236,1690000,1000000
2019.06.19 19:10:35.992,1.12357,1.12359,1000000,1000000
2019.06.19 19:10:36.373,1.12357,1.1236,1870000,1420000
2019.06.19 19:10:36.823,1.12356,1.12361,4440000,3490000
2019.06.19 19:10:36.942,1.12357,1.12361,2060000,1500000
2019.06.19 19:10:37.830,1.12357,1.1236,1000000,1500000
2019.06.19 19:10:38.229,1.12357,1.12359,1000000,1000000
2019.06.19 19:10:38.372,1.12354,1.12357,1000000,4120000
2019.06.19 19:10:38.882,1.12355,1.12358,1000000,1750000
2019.06.19 19:10:38.984,1.12354,1.12358,1000000,6560000
2019.06.19 19:10:39.087,1.12354,1.12358,1500000,3500000
2019.06.19 19:10:39.273,1.12354,1.12359,4500000,5000000
2019.06.19 19:10:39.375,1.12356,1.12359,1000000,1000000
2019.06.19 19:10:40.302,1.12356,1.1236,2620000,1310000
2019.06.19 19:10:40.859,1.12357,1.12359,1000000,1000000
2019.06.19 19:10:40.961,1.12355,1.1236,1120000,11250000
2019.06.19 19:10:41.083,1.12357,1.1236,1000000,1120000
2019.06.19 19:10:41.237,1.12357,1.12361,1500000,4010000
2019.06.19 19:10:41.289,1.1236,1.12362,1870000,2620000
2019.06.19 19:10:41.392,1.12361,1.12364,1000000,1120000
2019.06.19 19:10:41.549,1.12362,1.12365,1120000,1000000
2019.06.19 19:10:41.753,1.12362,1.12364,1000000,3750000
2019.06.19 19:10:41.855,1.12361,1.12363,1000000,2250000
2019.06.19 19:10:42.067,1.12362,1.12364,1000000,1120000
2019.06.19 19:10:43.179,1.12359,1.12362,1000000,3370000
2019.06.19 19:10:43.282,1.12359,1.12363,1000000,3370000
2019.06.19 19:10:45.140,1.12359,1.12361,1000000,3000000
2019.06.19 19:10:45.243,1.12358,1.1236,1000000,1000000
2019.06.19 19:10:45.609,1.12357,1.1236,1000000,2620000
2019.06.19 19:10:45.865,1.12356,1.12359,1000000,2620000
2019.06.19 19:10:46.100,1.12356,1.1236,3370000,1690000
2019.06.19 19:10:46.202,1.12356,1.12359,1000000,1250000
2019.06.19 19:10:47.430,1.12355,1.12358,1500000,4500000
2019.06.19 19:10:47.875,1.12356,1.12358,1120000,1000000
2019.06.19 19:10:47.978,1.12355,1.12356,1000000,1120000
2019.06.19 19:10:48.126,1.12356,1.12357,1000000,1000000
2019.06.19 19:10:48.228,1.12354,1.12356,1000000,5000000
2019.06.19 19:10:49.757,1.12359,1.1236,5250000,1000000
2019.06.19 19:10:49.808,1.12359,1.12361,1000000,2620000
2019.06.19 19:10:49.961,1.1236,1.12362,1120000,1870000
2019.06.19 19:10:50.064,1.12359,1.12363,3000000,4690000
2019.06.19 19:10:50.166,1.1236,1.12362,1000000,1000000
2019.06.19 19:10:50.268,1.1236,1.12363,2620000,1500000
2019.06.19 19:10:50.434,1.1236,1.12363,2750000,1000000
2019.06.19 19:10:50.538,1.12358,1.12361,1620000,1000000
2019.06.19 19:10:52.171,1.12358,1.12361,1250000,2750000
2019.06.19 19:10:52.273,1.12359,1.12362,1000000,2120000
2019.06.19 19:10:52.409,1.12359,1.12362,1000000,3370000
2019.06.19 19:10:53.316,1.12359,1.1236,2250000,1000000
2019.06.19 19:10:53.418,1.12355,1.12357,1000000,4310000
2019.06.19 19:10:56.370,1.12357,1.12359,4120000,1500000
2019.06.19 19:10:56.472,1.12357,1.12359,1000000,2250000
2019.06.19 19:10:57.280,1.12356,1.12359,1000000,6940000
2019.06.19 19:10:58.262,1.12357,1.12359,1000000,1000000
2019.06.19 19:10:59.064,1.12356,1.12359,1000000,2060000
2019.06.19 19:10:59.501,1.12356,1.1236,1120000,2810000
2019.06.19 19:10:59.603,1.12356,1.12359,1000000,2440000
2019.06.19 19:10:59.993,1.12356,1.1236,1870000,3560000
2019.06.19 19:11:00.095,1.12356,1.12359,1000000,1690000
2019.06.19 19:11:03.371,1.12357,1.12359,1870000,1000000
2019.06.19 19:11:04.549,1.12356,1.12359,1000000,1250000
2019.06.19 19:11:04.958,1.12356,1.12358,1000000,1250000
2019.06.19 19:11:05.344,1.12355,1.12359,1000000,4370000
2019.06.19 19:11:05.503,1.12355,1.12358,1120000,2250000
2019.06.19 19:11:08.921,1.12355,1.12359,3370000,3000000
2019.06.19 19:11:09.054,1.12357,1.12361,1870000,5190000
2019.06.19 19:11:09.158,1.1236,1.12361,1500000,1000000
2019.06.19 19:11:09.210,1.1236,1.12363,3000000,1000000
2019.06.19 19:11:09.313,1.12359,1.12361,1000000,2440000
2019.06.19 19:11:09.415,1.12359,1.12362,1500000,1500000
2019.06.19 19:11:11.605,1.12359,1.12361,1000000,1000000
2019.06.19 19:11:11.708,1.12358,1.1236,1000000,1120000
2019.06.19 19:11:12.538,1.12356,1.1236,1000000,6310000
2019.06.19 19:11:13.072,1.12356,1.1236,2370000,5560000
2019.06.19 19:11:13.124,1.12356,1.12357,1000000,1120000
2019.06.19 19:11:13.896,1.12355,1.12358,1120000,1810000
2019.06.19 19:11:14.970,1.12356,1.12359,2250000,1690000
2019.06.19 19:11:16.373,1.12358,1.1236,1000000,5140000
2019.06.19 19:11:16.475,1.12359,1.12362,1500000,1750000
2019.06.19 19:11:17.233,1.12361,1.12363,2250000,1750000
2019.06.19 19:11:17.344,1.1236,1.12362,1000000,2250000
2019.06.19 19:11:18.565,1.12359,1.12362,1500000,5440000
2019.06.19 19:11:18.671,1.1236,1.12362,1120000,1870000
2019.06.19 19:11:18.961,1.12359,1.12361,1000000,2620000
2019.06.19 19:11:19.063,1.12354,1.12355,1120000,7760000
2019.06.19 19:11:19.150,1.12353,1.12354,1500000,1690000
2019.06.19 19:11:19.201,1.12351,1.12353,1000000,2500000
2019.06.19 19:11:19.303,1.1235,1.12352,1000000,4560000
2019.06.19 19:11:19.405,1.1235,1.12353,1000000,3250000
2019.06.19 19:11:19.707,1.1235,1.12352,2250000,1750000
2019.06.19 19:11:19.810,1.12348,1.1235,1000000,1000000
2019.06.19 19:11:19.913,1.12347,1.12349,1000000,1310000
2019.06.19 19:11:20.016,1.12347,1.12348,1000000,1120000
2019.06.19 19:11:20.175,1.12347,1.12349,1000000,1000000
2019.06.19 19:11:20.912,1.12346,1.12348,1000000,2060000
2019.06.19 19:11:21.106,1.12346,1.12349,1500000,2060000
2019.06.19 19:11:21.352,1.12345,1.12347,1000000,2820000
2019.06.19 19:11:21.455,1.12344,1.12348,1120000,1500000
2019.06.19 19:11:22.169,1.12345,1.12347,1000000,1000000
2019.06.19 19:11:22.272,1.12344,1.12348,1120000,2250000
2019.06.19 19:11:22.886,1.12344,1.12348,2000000,2250000
2019.06.19 19:11:22.989,1.12347,1.12348,1500000,1120000
2019.06.19 19:11:24.099,1.12347,1.12349,1120000,1000000
2019.06.19 19:11:24.303,1.12346,1.12348,1000000,2370000
2019.06.19 19:11:24.607,1.12346,1.12348,1000000,2250000
2019.06.19 19:11:24.710,1.12346,1.12348,1000000,1620000
2019.06.19 19:11:24.865,1.12344,1.12348,2250000,9000000
2019.06.19 19:11:25.251,1.12344,1.12347,1000000,4950000
2019.06.19 19:11:26.518,1.12347,1.12348,1120000,1000000
2019.06.19 19:11:27.142,1.12345,1.12349,1000000,8720000
2019.06.19 19:11:27.256,1.12346,1.12349,1000000,1600000
2019.06.19 19:11:27.359,1.12349,1.12352,1500000,1690000
2019.06.19 19:11:27.461,1.12351,1.12354,1000000,2250000
2019.06.19 19:11:27.573,1.12352,1.12355,3940000,1000000
2019.06.19 19:11:27.675,1.12351,1.12355,1690000,4120000
2019.06.19 19:11:27.879,1.12352,1.12355,1690000,1000000
2019.06.19 19:11:27.981,1.12351,1.12354,1500000,2250000
2019.06.19 19:11:28.172,1.12352,1.12354,1000000,1000000
2019.06.19 19:11:28.275,1.12351,1.12354,1000000,1870000
2019.06.19 19:11:29.143,1.12352,1.12356,1120000,6250000
2019.06.19 19:11:29.259,1.12352,1.12356,1250000,5810000
2019.06.19 19:11:29.361,1.12353,1.12354,1000000,1000000
2019.06.19 19:11:29.462,1.12352,1.12355,1250000,1250000
2019.06.19 19:11:29.666,1.12352,1.12354,1500000,1250000
2019.06.19 19:11:30.720,1.12352,1.12353,1000000,1690000
2019.06.19 19:11:31.472,1.12352,1.12354,1000000,1250000
2019.06.19 19:11:32.981,1.12352,1.12353,1000000,1250000
2019.06.19 19:11:33.367,1.12351,1.12353,1000000,2440000
2019.06.19 19:11:34.140,1.12352,1.12353,1000000,1250000
2019.06.19 19:11:34.242,1.12347,1.1235,1570000,1000000
2019.06.19 19:11:34.294,1.12347,1.1235,1000000,1500000
2019.06.19 19:11:34.659,1.12346,1.1235,1500000,4570000
2019.06.19 19:11:34.812,1.12346,1.1235,1500000,5070000
2019.06.19 19:11:34.914,1.12347,1.12351,1870000,2750000
2019.06.19 19:11:35.075,1.12347,1.12351,2620000,4870000
2019.06.19 19:11:35.408,1.12348,1.12351,2620000,1000000
2019.06.19 19:11:35.511,1.12347,1.12351,1870000,2620000
2019.06.19 19:11:36.004,1.12347,1.1235,1120000,1000000
2019.06.19 19:11:36.107,1.12347,1.1235,1120000,3500000
2019.06.19 19:11:36.818,1.12347,1.12351,2370000,2250000
2019.06.19 19:11:36.920,1.12347,1.12351,1500000,2620000
2019.06.19 19:11:37.049,1.12347,1.12349,1000000,1120000
2019.06.19 19:11:37.152,1.12345,1.12348,1120000,5940000
2019.06.19 19:11:37.254,1.12345,1.12348,1000000,2060000
2019.06.19 19:11:37.583,1.12345,1.12348,3120000,4000000
2019.06.19 19:11:37.686,1.12343,1.12345,1000000,1000000
2019.06.19 19:11:37.737,1.12342,1.12344,1000000,2620000
2019.06.19 19:11:37.788,1.12341,1.12345,1500000,2940000
2019.06.19 19:11:37.947,1.12341,1.12345,1000000,1690000
2019.06.19 19:11:39.170,1.12341,1.12345,1870000,4790000
2019.06.19 19:11:39.271,1.12341,1.12345,1870000,5810000
2019.06.19 19:11:39.965,1.12346,1.12347,1000000,4950000
2019.06.19 19:11:40.016,1.12347,1.12348,4500000,1120000
2019.06.19 19:11:40.119,1.12346,1.12348,1000000,3940000
2019.06.19 19:11:40.638,1.12348,1.1235,5250000,1000000
2019.06.19 19:11:40.800,1.12347,1.12351,1690000,6410000
2019.06.19 19:11:40.903,1.12346,1.1235,2000000,3200000
2019.06.19 19:11:41.006,1.12346,1.1235,1120000,2060000
2019.06.19 19:11:41.059,1.12348,1.12351,10950000,1500000
2019.06.19 19:11:41.220,1.12347,1.1235,1000000,1120000
2019.06.19 19:11:41.474,1.12347,1.12351,1870000,1310000
2019.06.19 19:11:41.627,1.12348,1.12352,1870000,2250000
2019.06.19 19:11:42.205,1.12349,1.12353,3000000,1000000
2019.06.19 19:11:42.309,1.12349,1.12352,1000000,1120000
2019.06.19 19:11:42.836,1.12349,1.12352,1000000,2000000
2019.06.19 19:11:42.970,1.12349,1.12354,11470000,3760000
2019.06.19 19:11:43.072,1.12349,1.12353,2620000,1870000
2019.06.19 19:11:43.453,1.12351,1.12354,1870000,1310000
2019.06.19 19:11:43.761,1.12349,1.12352,1870000,1390000
2019.06.19 19:11:43.863,1.12348,1.12352,3500000,2660000
2019.06.19 19:11:43.915,1.12347,1.12351,3260000,3560000
2019.06.19 19:11:44.018,1.12347,1.1235,1620000,1000000
2019.06.19 19:11:44.120,1.12346,1.1235,1000000,7060000
2019.06.19 19:11:44.323,1.12346,1.12351,5510000,7540000
2019.06.19 19:11:44.473,1.12346,1.1235,1000000,6760000
2019.06.19 19:11:44.626,1.12346,1.12351,5060000,6760000
2019.06.19 19:11:44.728,1.12346,1.1235,1000000,9010000
2019.06.19 19:11:45.036,1.12347,1.12351,2890000,1000000
2019.06.19 19:11:45.336,1.12348,1.1235,1000000,1000000
2019.06.19 19:11:45.438,1.12348,1.12351,1000000,1000000
2019.06.19 19:11:45.540,1.12348,1.12352,1000000,3000000
2019.06.19 19:11:45.690,1.12349,1.12354,8250000,2320000
2019.06.19 19:11:45.792,1.12349,1.12353,2250000,2700000
2019.06.19 19:11:45.894,1.12349,1.12353,2250000,5100000
2019.06.19 19:11:46.098,1.12349,1.12353,1570000,3820000
2019.06.19 19:11:46.615,1.12349,1.12353,2370000,2700000
2019.06.19 19:11:47.425,1.12351,1.12354,7120000,1750000
2019.06.19 19:11:47.539,1.12351,1.12355,4550000,1310000
2019.06.19 19:11:48.359,1.12352,1.12355,1000000,2320000
2019.06.19 19:11:48.816,1.12351,1.12356,5190000,8140000
2019.06.19 19:11:48.918,1.12353,1.12355,1120000,1000000
2019.06.19 19:11:50.089,1.12351,1.12355,3750000,3560000
2019.06.19 19:11:50.191,1.12351,1.12354,1120000,5140000
2019.06.19 19:11:51.132,1.1235,1.12353,1500000,5120000
2019.06.19 19:11:51.183,1.1235,1.12351,2440000,1120000
2019.06.19 19:11:51.329,1.12348,1.12351,3500000,1690000
2019.06.19 19:11:51.997,1.12346,1.1235,1000000,3560000
2019.06.19 19:11:52.099,1.12346,1.1235,1200000,5640000
2019.06.19 19:11:52.252,1.12348,1.1235,1870000,1000000
2019.06.19 19:11:52.354,1.12346,1.1235,1870000,6690000
2019.06.19 19:11:52.500,1.12347,1.12349,1000000,1120000
2019.06.19 19:11:52.551,1.12344,1.12347,1500000,4870000
2019.06.19 19:11:52.653,1.12344,1.12348,1120000,1870000
2019.06.19 19:11:53.112,1.12343,1.12345,1000000,1500000
2019.06.19 19:11:53.216,1.12345,1.12348,4000000,2000000
2019.06.19 19:11:53.268,1.12346,1.12349,1570000,3000000
2019.06.19 19:11:53.320,1.1235,1.12351,3560000,2250000
2019.06.19 19:11:53.400,1.12351,1.12353,1870000,1500000
2019.06.19 19:11:53.453,1.12351,1.12354,1500000,3120000
2019.06.19 19:11:53.991,1.12353,1.12355,1500000,1000000
2019.06.19 19:11:54.148,1.12352,1.12355,1500000,1500000
2019.06.19 19:11:54.395,1.12352,1.12354,1000000,1000000
2019.06.19 19:11:54.549,1.1235,1.12354,4870000,1000000
2019.06.19 19:11:54.601,1.1235,1.12352,1120000,1000000
2019.06.19 19:11:55.235,1.1235,1.12353,2320000,1000000
2019.06.19 19:11:55.337,1.12351,1.12353,1000000,1370000
2019.06.19 19:11:55.492,1.12351,1.12354,1120000,1820000
2019.06.19 19:11:56.122,1.12351,1.12355,1310000,4120000
2019.06.19 19:11:56.440,1.1235,1.12354,3070000,3450000
2019.06.19 19:11:56.542,1.1235,1.12354,4600000,1250000
2019.06.19 19:11:56.607,1.12349,1.12354,4600000,5320000
2019.06.19 19:11:56.710,1.1235,1.12354,4870000,1000000
2019.06.19 19:11:56.813,1.12349,1.12353,3370000,2060000
2019.06.19 19:11:57.927,1.12349,1.12354,6000000,4390000
2019.06.19 19:11:58.034,1.12349,1.12353,1000000,3260000
2019.06.19 19:11:58.187,1.12349,1.12354,3750000,2890000
2019.06.19 19:11:59.157,1.12351,1.12354,1000000,1620000
2019.06.19 19:11:59.259,1.12351,1.12355,1200000,4060000
2019.06.19 19:11:59.361,1.12351,1.12355,2250000,6560000
2019.06.19 19:11:59.463,1.12351,1.12353,1000000,3190000
2019.06.19 19:11:59.564,1.12351,1.12354,1500000,1690000
2019.06.19 19:11:59.666,1.12352,1.12354,2250000,1000000
2019.06.19 19:12:00.506,1.12351,1.12354,2250000,1690000
2019.06.19 19:12:02.218,1.12351,1.12354,1000000,2560000
2019.06.19 19:12:03.258,1.1235,1.12354,3000000,6620000
2019.06.19 19:12:03.360,1.12349,1.12353,1000000,6750000
2019.06.19 19:12:03.538,1.1235,1.12354,2510000,1870000
2019.06.19 19:12:03.640,1.12354,1.12356,2620000,1500000
2019.06.19 19:12:03.744,1.12354,1.12358,4620000,3370000
2019.06.19 19:12:04.052,1.12354,1.12358,3870000,5000000
2019.06.19 19:12:04.542,1.12354,1.12358,2370000,1870000
2019.06.19 19:12:04.745,1.12354,1.12358,1870000,3750000
2019.06.19 19:12:06.201,1.12353,1.12355,1500000,1000000
2019.06.19 19:12:06.354,1.12352,1.12354,1000000,1500000
2019.06.19 19:12:06.458,1.12351,1.12354,1000000,4760000
2019.06.19 19:12:06.561,1.1235,1.12354,1870000,1000000
2019.06.19 19:12:07.027,1.1235,1.12353,1000000,1120000
2019.06.19 19:12:07.182,1.1235,1.12352,1000000,1120000
2019.06.19 19:12:08.002,1.12349,1.12352,1500000,2620000
2019.06.19 19:12:08.138,1.12348,1.1235,1000000,2810000
2019.06.19 19:12:08.241,1.12346,1.12349,1120000,5310000
2019.06.19 19:12:08.344,1.12346,1.12349,1120000,1310000
2019.06.19 19:12:08.520,1.12346,1.12348,1000000,1690000
2019.06.19 19:12:08.621,1.12344,1.12347,1120000,1100000
2019.06.19 19:12:08.723,1.12344,1.12346,1870000,1120000
2019.06.19 19:12:08.826,1.12342,1.12345,2250000,1870000
2019.06.19 19:12:08.929,1.12341,1.12344,1100000,1310000
2019.06.19 19:12:09.228,1.1234,1.12344,1000000,5060000
2019.06.19 19:12:09.330,1.12341,1.12344,2440000,1690000
2019.06.19 19:12:09.433,1.12341,1.12345,1370000,2190000
2019.06.19 19:12:09.536,1.12341,1.12346,8950000,2810000
2019.06.19 19:12:10.060,1.12343,1.12346,3000000,1000000
2019.06.19 19:12:10.162,1.12342,1.12346,2440000,4120000
2019.06.19 19:12:10.422,1.12341,1.12345,1000000,5940000
2019.06.19 19:12:10.737,1.12341,1.12345,1500000,3190000
2019.06.19 19:12:10.890,1.12341,1.12344,1000000,1690000
2019.06.19 19:12:10.992,1.12341,1.12345,4500000,1250000
2019.06.19 19:12:11.433,1.12341,1.12344,1000000,2060000
2019.06.19 19:12:11.535,1.12341,1.12345,1000000,2540000
2019.06.19 19:12:11.637,1.12341,1.12345,1000000,4310000
2019.06.19 19:12:12.119,1.12341,1.12344,2250000,2510000
2019.06.19 19:12:12.272,1.1234,1.12345,3820000,7600000
2019.06.19 19:12:12.920,1.12341,1.12345,1120000,7440000
2019.06.19 19:12:13.949,1.12341,1.12345,3370000,1310000
2019.06.19 19:12:14.434,1.12341,1.12344,1000000,1310000
2019.06.19 19:12:15.226,1.12341,1.12346,1390000,9560000
2019.06.19 19:12:15.335,1.12343,1.12345,1000000,1000000
2019.06.19 19:12:15.439,1.12345,1.12347,4390000,3000000
2019.06.19 19:12:15.545,1.12347,1.12348,4310000,3750000
2019.06.19 19:12:15.596,1.12348,1.12351,1500000,4250000
2019.06.19 19:12:15.699,1.12349,1.12353,1250000,1870000
2019.06.19 19:12:15.801,1.12349,1.12353,1250000,2250000
2019.06.19 19:12:15.908,1.1235,1.12354,5510000,1000000
2019.06.19 19:12:15.960,1.12354,1.12356,1250000,3370000
2019.06.19 19:12:16.062,1.12353,1.12356,1120000,1250000
2019.06.19 19:12:16.165,1.12353,1.12355,1000000,1250000
2019.06.19 19:12:16.217,1.12352,1.12353,1000000,1310000
2019.06.19 19:12:16.338,1.12351,1.12353,1500000,1690000
2019.06.19 19:12:17.549,1.12353,1.12356,2260000,1500000
2019.06.19 19:12:17.735,1.12353,1.12357,2870000,4060000
2019.06.19 19:12:17.787,1.12355,1.12358,1870000,1000000
2019.06.19 19:12:18.769,1.12356,1.1236,3820000,7310000
2019.06.19 19:12:18.922,1.12356,1.1236,1310000,4000000
2019.06.19 19:12:19.368,1.12358,1.1236,1310000,1000000
2019.06.19 19:12:19.471,1.1236,1.12363,3970000,1000000
2019.06.19 19:12:19.522,1.12361,1.12364,3820000,1000000
2019.06.19 19:12:19.652,1.1236,1.12364,6370000,1250000
2019.06.19 19:12:19.755,1.1236,1.12363,1000000,2320000
2019.06.19 19:12:19.857,1.1236,1.12364,5320000,2320000
2019.06.19 19:12:20.365,1.12358,1.12361,1000000,8250000
2019.06.19 19:12:20.467,1.12357,1.12361,5260000,1870000
2019.06.19 19:12:20.962,1.12356,1.1236,4700000,7140000
2019.06.19 19:12:21.065,1.12355,1.12359,1870000,2440000
2019.06.19 19:12:21.198,1.12355,1.12359,1100000,5570000
2019.06.19 19:12:21.973,1.12356,1.1236,6370000,1250000
2019.06.19 19:12:22.025,1.12359,1.12361,1950000,1500000
2019.06.19 19:12:22.128,1.1236,1.12363,1310000,1000000
2019.06.19 19:12:23.119,1.12359,1.12364,3450000,7190000
2019.06.19 19:12:23.231,1.12359,1.12363,1000000,6060000
2019.06.19 19:12:23.664,1.1236,1.12362,1000000,1690000
2019.06.19 19:12:24.242,1.12359,1.12361,2250000,1500000
2019.06.19 19:12:24.344,1.12358,1.12361,6220000,1500000
2019.06.19 19:12:24.446,1.12359,1.12362,1000000,1000000
2019.06.19 19:12:24.596,1.12359,1.12364,5100000,1310000
2019.06.19 19:12:24.700,1.12359,1.12364,4350000,2870000
2019.06.19 19:12:25.293,1.12361,1.12363,1200000,1000000
2019.06.19 19:12:25.408,1.12358,1.12362,1500000,7750000
2019.06.19 19:12:25.512,1.12358,1.1236,2620000,2250000
2019.06.19 19:12:25.616,1.12357,1.12358,1000000,1000000
2019.06.19 19:12:25.761,1.12355,1.12358,1000000,1870000
2019.06.19 19:12:27.548,1.12356,1.12359,1570000,1310000
2019.06.19 19:12:27.650,1.12357,1.1236,1000000,1870000
2019.06.19 19:12:28.864,1.12357,1.12361,3450000,1310000
2019.06.19 19:12:29.527,1.12357,1.12361,5720000,1690000
2019.06.19 19:12:29.681,1.1236,1.12361,1000000,1500000
2019.06.19 19:12:29.784,1.12361,1.12364,1000000,2440000
2019.06.19 19:12:30.423,1.12362,1.12366,3450000,1500000
2019.06.19 19:12:30.526,1.12362,1.12366,3690000,1000000
2019.06.19 19:12:31.797,1.12365,1.12367,4500000,1000000
2019.06.19 19:12:31.901,1.12366,1.1237,7650000,4310000
2019.06.19 19:12:32.046,1.12367,1.1237,3450000,1120000
2019.06.19 19:12:32.201,1.12368,1.12371,2820000,1000000
2019.06.19 19:12:32.303,1.12367,1.12371,3760000,4500000
2019.06.19 19:12:34.085,1.12366,1.1237,2450000,2940000
2019.06.19 19:12:34.187,1.12366,1.12369,1120000,2440000
2019.06.19 19:12:34.314,1.12366,1.1237,4950000,2440000
2019.06.19 19:12:35.246,1.12365,1.12366,1500000,1500000
2019.06.19 19:12:35.297,1.12363,1.12366,1410000,3870000
2019.06.19 19:12:35.399,1.12363,1.12366,1000000,2370000
2019.06.19 19:12:36.127,1.12363,1.12367,7950000,1870000
2019.06.19 19:12:36.469,1.12365,1.12367,2250000,1000000
2019.06.19 19:12:36.572,1.12366,1.12368,1000000,2440000
2019.06.19 19:12:36.624,1.12364,1.12368,2320000,5460000
2019.06.19 19:12:36.783,1.12364,1.12368,3570000,1870000
2019.06.19 19:12:36.886,1.12364,1.12367,1350000,1120000
2019.06.19 19:12:36.937,1.12364,1.12368,1500000,2250000
2019.06.19 19:12:37.090,1.12364,1.12368,2000000,1370000
2019.06.19 19:12:37.191,1.12363,1.12367,1120000,5560000
2019.06.19 19:12:37.243,1.12363,1.12365,1000000,2060000
2019.06.19 19:12:37.397,1.12361,1.12366,6390000,2810000
2019.06.19 19:12:38.149,1.12362,1.12366,3390000,1120000
2019.06.19 19:12:38.715,1.12363,1.12367,8700000,1870000
2019.06.19 19:12:38.868,1.12362,1.12366,1250000,2250000
2019.06.19 19:12:39.072,1.12361,1.12364,1500000,1250000
2019.06.19 19:12:39.174,1.1236,1.12364,6070000,1310000
2019.06.19 19:12:39.276,1.12359,1.12363,1000000,8440000
2019.06.19 19:12:39.595,1.12363,1.12364,1000000,1000000
2019.06.19 19:12:39.646,1.12363,1.12366,1010000,1000000
2019.06.19 19:12:40.228,1.12362,1.12364,1000000,1000000
2019.06.19 19:12:40.535,1.1236,1.12363,2620000,1750000
2019.06.19 19:12:40.682,1.12357,1.12361,1200000,2440000
2019.06.19 19:12:40.784,1.12358,1.1236,1000000,1690000
2019.06.19 19:12:40.938,1.12359,1.12362,2620000,1500000
2019.06.19 19:12:41.054,1.12359,1.12363,1570000,1750000
2019.06.19 19:12:41.990,1.12359,1.12362,1000000,1370000
2019.06.19 19:12:42.092,1.12358,1.12361,1500000,2560000
2019.06.19 19:12:42.203,1.12357,1.1236,1000000,1310000
2019.06.19 19:12:42.306,1.12357,1.12361,1500000,1310000
2019.06.19 19:12:43.036,1.12358,1.12361,2700000,1000000
2019.06.19 19:12:43.138,1.12357,1.12361,4950000,1870000
2019.06.19 19:12:43.395,1.12358,1.12361,4500000,1000000
2019.06.19 19:12:43.761,1.12358,1.12361,1750000,1000000
2019.06.19 19:12:43.915,1.12358,1.12361,3000000,1000000
2019.06.19 19:12:44.464,1.12358,1.12362,4570000,2810000
2019.06.19 19:12:44.589,1.12359,1.12362,1000000,1000000
2019.06.19 19:12:44.641,1.12361,1.12363,3200000,2440000
2019.06.19 19:12:44.739,1.12361,1.12364,3000000,1310000
2019.06.19 19:12:44.841,1.12361,1.12363,2250000,1000000
2019.06.19 19:12:44.943,1.12361,1.12364,2320000,1000000
2019.06.19 19:12:44.994,1.12359,1.12363,4570000,2060000
2019.06.19 19:12:45.745,1.12359,1.12363,4970000,1120000
2019.06.19 19:12:45.939,1.12358,1.12361,1120000,4690000
2019.06.19 19:12:46.042,1.12357,1.1236,1120000,3370000
2019.06.19 19:12:46.343,1.12354,1.12357,5000000,2370000
2019.06.19 19:12:46.394,1.12353,1.12356,2320000,2620000
2019.06.19 19:12:47.362,1.12355,1.12357,3820000,1000000
2019.06.19 19:12:47.465,1.12357,1.12361,3820000,1000000
2019.06.19 19:12:47.567,1.12357,1.12361,2250000,2250000
2019.06.19 19:12:47.669,1.12358,1.12361,2250000,1000000
2019.06.19 19:12:47.793,1.12357,1.12361,1870000,2250000
2019.06.19 19:12:47.900,1.12357,1.12361,2620000,4000000
2019.06.19 19:12:48.289,1.12357,1.12361,1870000,2440000
2019.06.19 19:12:48.579,1.12358,1.12361,2250000,1000000
2019.06.19 19:12:48.681,1.12357,1.12361,1000000,2440000
2019.06.19 19:12:48.930,1.12358,1.12362,4200000,1000000
2019.06.19 19:12:49.032,1.12359,1.12363,1100000,2870000
2019.06.19 19:12:49.194,1.12361,1.12364,2320000,1250000
2019.06.19 19:12:49.943,1.12359,1.12362,1500000,2370000
2019.06.19 19:12:50.045,1.12359,1.12363,9570000,2620000
2019.06.19 19:12:50.157,1.12358,1.12362,1000000,3000000
2019.06.19 19:12:50.259,1.12358,1.12361,1000000,1870000
2019.06.19 19:12:50.568,1.12357,1.12362,3450000,2560000
2019.06.19 19:12:51.132,1.12359,1.12363,3870000,1000000
2019.06.19 19:12:51.337,1.12361,1.12364,4570000,1000000
2019.06.19 19:12:51.439,1.1236,1.12364,1500000,2440000
2019.06.19 19:12:51.712,1.12361,1.12364,1500000,1000000
2019.06.19 19:12:51.814,1.1236,1.12364,1500000,2440000
2019.06.19 19:12:51.918,1.12363,1.12366,2700000,4000000
2019.06.19 19:12:52.067,1.12364,1.12368,1620000,1000000
2019.06.19 19:12:52.222,1.12363,1.12366,1000000,4690000
2019.06.19 19:12:52.324,1.12362,1.12366,1690000,1000000
2019.06.19 19:12:52.528,1.12363,1.12366,1120000,1000000
2019.06.19 19:12:53.101,1.12362,1.12366,1520000,2940000
2019.06.19 19:12:53.203,1.12362,1.12366,4010000,2250000
2019.06.19 19:12:53.305,1.12362,1.12366,5650000,1690000
2019.06.19 19:12:53.407,1.12361,1.12365,3370000,1870000
2019.06.19 19:12:53.615,1.12362,1.12366,6400000,1000000
2019.06.19 19:12:53.768,1.12363,1.12366,1900000,1500000
2019.06.19 19:12:53.870,1.12362,1.12365,1000000,1120000
2019.06.19 19:12:55.182,1.12362,1.12365,1000000,2120000
2019.06.19 19:12:55.374,1.12362,1.12366,1000000,4000000
2019.06.19 19:12:55.577,1.12363,1.12367,1000000,3310000
2019.06.19 19:12:55.680,1.12363,1.12366,6810000,1000000
2019.06.19 19:12:55.783,1.12364,1.12366,1100000,1000000
2019.06.19 19:12:55.910,1.12368,1.1237,1870000,1000000
2019.06.19 19:12:56.012,1.12368,1.12371,2140000,1870000
2019.06.19 19:12:56.369,1.12369,1.12373,1700000,1870000
2019.06.19 19:12:56.472,1.12369,1.12373,1000000,3250000
2019.06.19 19:12:56.778,1.12369,1.12374,3070000,2120000
2019.06.19 19:12:56.983,1.12369,1.12373,1200000,2060000
2019.06.19 19:12:57.456,1.12366,1.12368,1000000,3500000
2019.06.19 19:12:57.508,1.12364,1.12366,1120000,1500000
2019.06.19 19:12:57.611,1.12362,1.12365,1000000,1120000
2019.06.19 19:12:57.808,1.12361,1.12365,1000000,3940000
2019.06.19 19:12:57.910,1.12362,1.12365,1100000,1120000
2019.06.19 19:12:58.063,1.12363,1.12365,1000000,1000000
2019.06.19 19:12:58.114,1.12361,1.12365,1500000,1310000
2019.06.19 19:12:58.229,1.12361,1.12365,6200000,1310000
2019.06.19 19:12:58.331,1.12361,1.12365,1870000,3190000
2019.06.19 19:12:58.484,1.12363,1.12365,1120000,1000000
2019.06.19 19:12:58.598,1.12361,1.12365,2440000,2120000
2019.06.19 19:12:58.700,1.12361,1.12364,2000000,1250000
2019.06.19 19:12:58.802,1.12361,1.12364,1500000,1250000
2019.06.19 19:12:58.956,1.12361,1.12363,1000000,1250000
2019.06.19 19:12:59.111,1.1236,1.12364,2250000,4370000
2019.06.19 19:12:59.213,1.1236,1.12362,1000000,1120000
2019.06.19 19:12:59.315,1.12358,1.12361,1500000,2250000
2019.06.19 19:12:59.439,1.12358,1.12361,1120000,1870000
2019.06.19 19:12:59.541,1.12358,1.12361,1100000,3870000
2019.06.19 19:12:59.783,1.12359,1.12363,1000000,4060000
2019.06.19 19:12:59.885,1.12363,1.12364,2700000,1000000
2019.06.19 19:12:59.988,1.12365,1.12367,1000000,1000000
2019.06.19 19:13:00.147,1.12365,1.12368,1000000,2370000
2019.06.19 19:13:00.249,1.12366,1.1237,3370000,2810000
2019.06.19 19:13:00.405,1.12368,1.12371,2190000,1500000
2019.06.19 19:13:00.507,1.12368,1.12371,1500000,1500000
2019.06.19 19:13:01.885,1.12367,1.12368,1000000,1120000
2019.06.19 19:13:01.994,1.12365,1.12369,1000000,4500000
2019.06.19 19:13:02.530,1.12365,1.1237,6750000,6000000
2019.06.19 19:13:02.631,1.12365,1.12369,1000000,6750000
2019.06.19 19:13:02.904,1.12367,1.12369,1000000,1250000
2019.06.19 19:13:03.008,1.12369,1.12372,3000000,1000000
2019.06.19 19:13:03.111,1.12368,1.12371,1000000,1500000
2019.06.19 19:13:03.214,1.12369,1.12371,1000000,1000000
2019.06.19 19:13:03.329,1.12368,1.12372,3820000,1870000
2019.06.19 19:13:03.433,1.12369,1.12372,4120000,1000000
2019.06.19 19:13:03.535,1.12368,1.12371,1000000,4440000
2019.06.19 19:13:03.637,1.12369,1.12372,1870000,1120000
2019.06.19 19:13:03.761,1.12368,1.12371,4000000,1500000
2019.06.19 19:13:03.864,1.12369,1.12371,2250000,1000000
2019.06.19 19:13:04.358,1.12369,1.12372,5320000,1000000
2019.06.19 19:13:05.114,1.12371,1.12372,2250000,1000000
2019.06.19 19:13:05.217,1.12371,1.12374,2700000,1000000
2019.06.19 19:13:05.520,1.12371,1.12375,1610000,6370000
2019.06.19 19:13:05.622,1.12371,1.12375,1150000,3370000
2019.06.19 19:13:06.023,1.12371,1.12375,1150000,2250000
2019.06.19 19:13:06.179,1.12373,1.12376,1600000,3000000
2019.06.19 19:13:06.281,1.12373,1.12377,1120000,2620000
2019.06.19 19:13:06.332,1.12373,1.12375,2250000,1000000
2019.06.19 19:13:06.435,1.12371,1.12375,3120000,2810000
2019.06.19 19:13:06.621,1.12372,1.12374,1120000,1000000
2019.06.19 19:13:06.723,1.12371,1.12373,1000000,1310000
2019.06.19 19:13:06.824,1.12371,1.12374,1120000,1310000
2019.06.19 19:13:06.982,1.12372,1.12375,1650000,1120000
2019.06.19 19:13:07.033,1.12374,1.12375,1200000,1000000
2019.06.19 19:13:07.187,1.12374,1.12377,2250000,1310000
2019.06.19 19:13:07.239,1.12377,1.12378,4120000,2250000
2019.06.19 19:13:07.342,1.12377,1.1238,2700000,1500000
2019.06.19 19:13:08.186,1.12377,1.12381,4460000,1000000
2019.06.19 19:13:08.653,1.12377,1.1238,1570000,1000000
2019.06.19 19:13:08.940,1.12377,1.12379,1000000,1000000
2019.06.19 19:13:09.086,1.12375,1.12378,1000000,3320000
2019.06.19 19:13:09.138,1.12372,1.12373,1000000,2060000
2019.06.19 19:13:09.240,1.12372,1.12374,4200000,1000000
2019.06.19 19:13:09.343,1.12372,1.12374,1970000,1000000
2019.06.19 19:13:09.481,1.12372,1.12374,1500000,1000000
2019.06.19 19:13:09.583,1.12372,1.12375,1500000,1500000
2019.06.19 19:13:09.685,1.12373,1.12375,1000000,1120000
2019.06.19 19:13:10.170,1.12374,1.12377,3470000,1000000
2019.06.19 19:13:10.275,1.12373,1.12378,1500000,8440000
2019.06.19 19:13:10.402,1.12373,1.12377,2620000,1120000
2019.06.19 19:13:10.453,1.12372,1.12374,1000000,2440000
2019.06.19 19:13:10.504,1.1237,1.12373,1500000,1500000
2019.06.19 19:13:10.607,1.12369,1.12373,4200000,2810000
2019.06.19 19:13:10.709,1.1237,1.12373,2620000,1000000
2019.06.19 19:13:10.831,1.12369,1.12372,1950000,1000000
2019.06.19 19:13:10.985,1.12369,1.12373,3370000,1000000
2019.06.19 19:13:11.087,1.12369,1.12372,1000000,1000000
2019.06.19 19:13:11.705,1.12371,1.12374,1600000,1000000
2019.06.19 19:13:11.833,1.12373,1.12375,2000000,1000000
2019.06.19 19:13:11.885,1.12373,1.12377,1950000,1870000
2019.06.19 19:13:11.988,1.12373,1.12376,1000000,2620000
2019.06.19 19:13:12.090,1.12373,1.12377,1570000,1870000
2019.06.19 19:13:12.192,1.12374,1.12377,1000000,1000000
2019.06.19 19:13:12.301,1.12373,1.12377,1000000,2620000
2019.06.19 19:13:12.995,1.12374,1.12377,1000000,1000000
2019.06.19 19:13:13.237,1.12373,1.12377,1000000,2620000
2019.06.19 19:13:14.260,1.12373,1.12376,1000000,2620000
2019.06.19 19:13:14.413,1.12374,1.12376,1000000,1000000
2019.06.19 19:13:14.779,1.12373,1.12376,1000000,2620000
2019.06.19 19:13:15.191,1.12373,1.12377,1950000,1870000
2019.06.19 19:13:15.243,1.12372,1.12374,1000000,1120000
2019.06.19 19:13:15.370,1.12367,1.12369,1000000,1950000
2019.06.19 19:13:15.473,1.12365,1.12368,3750000,1250000
2019.06.19 19:13:15.524,1.12364,1.12368,2250000,1310000
2019.06.19 19:13:16.178,1.12363,1.12364,3070000,1500000
2019.06.19 19:13:16.230,1.1236,1.12363,3870000,1500000
2019.06.19 19:13:16.325,1.12358,1.1236,1000000,2120000
2019.06.19 19:13:16.429,1.12358,1.1236,1000000,1870000
2019.06.19 19:13:18.795,1.12358,1.12362,3510000,1000000
2019.06.19 19:13:20.514,1.12361,1.12362,3000000,1000000
2019.06.19 19:13:20.629,1.12366,1.12368,1250000,1000000
2019.06.19 19:13:20.681,1.12366,1.12368,1000000,2060000
2019.06.19 19:13:20.784,1.12366,1.12369,1000000,1250000
2019.06.19 19:13:21.115,1.12367,1.1237,2170000,1120000
2019.06.19 19:13:21.167,1.12367,1.12371,2470000,1620000
2019.06.19 19:13:21.219,1.12366,1.12371,2840000,3690000
2019.06.19 19:13:21.322,1.12366,1.1237,1000000,2810000
2019.06.19 19:13:21.586,1.12366,1.12371,4390000,2060000
2019.06.19 19:13:22.054,1.12366,1.1237,1000000,4310000
2019.06.19 19:13:22.612,1.12368,1.12372,6070000,1500000
2019.06.19 19:13:22.715,1.12368,1.12371,1000000,5620000
2019.06.19 19:13:22.827,1.12367,1.1237,1100000,1000000
2019.06.19 19:13:23.241,1.12368,1.12371,2700000,1000000
2019.06.19 19:13:23.395,1.12366,1.12369,1000000,3310000
2019.06.19 19:13:23.497,1.12366,1.1237,1420000,2940000
2019.06.19 19:13:23.778,1.12366,1.12368,1000000,1810000
2019.06.19 19:13:24.448,1.12366,1.12368,1000000,1250000
2019.06.19 19:13:24.550,1.12366,1.12369,1500000,1690000
2019.06.19 19:13:24.764,1.12367,1.12371,2890000,1000000
2019.06.19 19:13:24.868,1.12366,1.12369,1000000,3190000
2019.06.19 19:13:24.919,1.12366,1.12371,3640000,2810000
2019.06.19 19:13:25.021,1.12366,1.12371,2620000,6690000
2019.06.19 19:13:25.174,1.12368,1.12371,1000000,1000000
2019.06.19 19:13:25.282,1.12368,1.12372,1870000,1000000
2019.06.19 19:13:25.385,1.12369,1.12372,1000000,1500000
2019.06.19 19:13:26.559,1.12368,1.12372,1000000,1120000
2019.06.19 19:13:26.922,1.12367,1.12371,1120000,5750000
2019.06.19 19:13:27.441,1.12367,1.1237,3000000,1870000
2019.06.19 19:13:27.596,1.12368,1.12371,7620000,1000000
2019.06.19 19:13:28.101,1.12369,1.12372,1100000,1120000
2019.06.19 19:13:28.305,1.12368,1.12373,3570000,2620000
2019.06.19 19:13:28.518,1.12365,1.1237,2620000,7500000
2019.06.19 19:13:28.775,1.12366,1.12371,3370000,2250000
2019.06.19 19:13:28.878,1.12366,1.1237,2590000,1370000
2019.06.19 19:13:29.042,1.12366,1.12369,1000000,2120000
2019.06.19 19:13:29.144,1.12365,1.12368,4120000,1620000
2019.06.19 19:13:29.195,1.12364,1.12367,1500000,1690000
2019.06.19 19:13:30.314,1.12365,1.12368,2250000,5000000
2019.06.19 19:13:30.417,1.12366,1.1237,1120000,4440000
2019.06.19 19:13:30.519,1.12366,1.12369,1000000,2060000
2019.06.19 19:13:30.732,1.12364,1.12367,1000000,2560000
2019.06.19 19:13:30.834,1.12363,1.12368,3450000,4120000
2019.06.19 19:13:30.936,1.12363,1.12368,2320000,3700000
2019.06.19 19:13:31.374,1.12364,1.12369,2820000,2620000
2019.06.19 19:13:31.425,1.12366,1.1237,3750000,2940000
2019.06.19 19:13:31.529,1.12366,1.12369,1120000,8620000
2019.06.19 19:13:31.632,1.12366,1.1237,1000000,8700000
2019.06.19 19:13:32.333,1.12366,1.12369,1000000,4690000
2019.06.19 19:13:32.479,1.12367,1.1237,3070000,1000000
2019.06.19 19:13:32.582,1.12368,1.12373,2470000,4060000
2019.06.19 19:13:32.684,1.12368,1.12373,2250000,3190000
2019.06.19 19:13:33.099,1.12368,1.12372,1000000,2440000
2019.06.19 19:13:33.577,1.12367,1.12371,1500000,5560000
2019.06.19 19:13:33.683,1.12367,1.12369,1000000,1000000
2019.06.19 19:13:34.741,1.12366,1.12369,3000000,2060000
2019.06.19 19:13:35.097,1.12366,1.12368,1000000,1310000
2019.06.19 19:13:35.199,1.12366,1.1237,5000000,1310000
2019.06.19 19:13:35.689,1.12367,1.1237,5750000,1000000
2019.06.19 19:13:36.983,1.12365,1.12368,1870000,1000000
2019.06.19 19:13:37.086,1.12364,1.12368,7570000,1120000
2019.06.19 19:13:37.188,1.12363,1.12367,1000000,2370000
2019.06.19 19:13:37.291,1.12364,1.12367,1500000,1000000
2019.06.19 19:13:37.911,1.12363,1.12367,1500000,1500000
2019.06.19 19:13:38.023,1.12363,1.12364,1870000,1120000
2019.06.19 19:13:38.075,1.12359,1.12363,1000000,5000000
2019.06.19 19:13:38.177,1.1236,1.12364,1570000,4000000
2019.06.19 19:13:38.290,1.1236,1.12362,1000000,2120000
2019.06.19 19:13:38.342,1.1236,1.12364,3820000,1370000
2019.06.19 19:13:38.394,1.1236,1.12362,2620000,1560000
2019.06.19 19:13:38.447,1.12359,1.12361,4120000,1000000
2019.06.19 19:13:38.550,1.12357,1.1236,1000000,2690000
2019.06.19 19:13:38.655,1.12357,1.1236,1000000,1570000
2019.06.19 19:13:38.757,1.12357,1.1236,1000000,2560000
2019.06.19 19:13:38.859,1.12361,1.12363,5820000,1000000
2019.06.19 19:13:38.910,1.12361,1.12364,3000000,1000000
2019.06.19 19:13:39.071,1.12361,1.12364,4220000,1000000
2019.06.19 19:13:39.173,1.12361,1.12362,1870000,1250000
2019.06.19 19:13:39.224,1.12359,1.12362,1870000,1000000
2019.06.19 19:13:39.688,1.12359,1.12362,3870000,1000000
2019.06.19 19:13:40.207,1.12359,1.1236,1000000,1000000
2019.06.19 19:13:40.336,1.12354,1.12356,2500000,1120000
2019.06.19 19:13:40.441,1.12355,1.12358,2320000,1500000
2019.06.19 19:13:40.544,1.12356,1.12359,3000000,1620000
2019.06.19 19:13:40.703,1.12356,1.12359,1500000,3000000
2019.06.19 19:13:41.776,1.12355,1.12359,1120000,1870000
2019.06.19 19:13:41.879,1.12354,1.12359,4010000,1910000
2019.06.19 19:13:42.025,1.12356,1.12359,1000000,2870000
2019.06.19 19:13:42.127,1.12358,1.1236,2750000,1120000
2019.06.19 19:13:42.229,1.12357,1.12361,1870000,2870000
2019.06.19 19:13:42.331,1.12356,1.12361,2060000,4690000
2019.06.19 19:13:42.480,1.12355,1.12359,1000000,2000000
2019.06.19 19:13:42.582,1.12354,1.12359,1120000,4660000
2019.06.19 19:13:42.977,1.12356,1.1236,1120000,3940000
2019.06.19 19:13:43.079,1.12357,1.12361,2370000,1000000
2019.06.19 19:13:43.407,1.12357,1.12361,1870000,1000000
2019.06.19 19:13:43.530,1.12356,1.12361,1120000,5440000
2019.06.19 19:13:44.139,1.12356,1.12361,1200000,5640000
2019.06.19 19:13:44.242,1.12355,1.12358,1870000,1120000
2019.06.19 19:13:44.345,1.12354,1.12357,1000000,2520000
2019.06.19 19:13:44.450,1.12353,1.12357,4870000,2620000
2019.06.19 19:13:44.502,1.12356,1.12358,1100000,1870000
2019.06.19 19:13:44.656,1.12357,1.12359,1000000,6000000
2019.06.19 19:13:44.868,1.12358,1.1236,2620000,1000000
2019.06.19 19:13:44.970,1.12357,1.1236,3450000,1000000
2019.06.19 19:13:45.282,1.12356,1.1236,1420000,1010000
2019.06.19 19:13:45.446,1.12356,1.12361,3470000,4440000
2019.06.19 19:13:45.548,1.12357,1.12361,6190000,1000000
2019.06.19 19:13:45.650,1.12356,1.1236,1000000,2060000
2019.06.19 19:13:45.752,1.12356,1.12359,1000000,2810000
2019.06.19 19:13:46.089,1.12356,1.12359,1050000,5540000
2019.06.19 19:13:46.247,1.12357,1.12362,2700000,4870000
2019.06.19 19:13:46.452,1.12357,1.1236,1000000,2890000
2019.06.19 19:13:46.743,1.12357,1.1236,1000000,4540000
2019.06.19 19:13:47.514,1.12357,1.1236,1000000,2810000
2019.06.19 19:13:48.129,1.12357,1.12358,1500000,1000000
2019.06.19 19:13:48.180,1.12355,1.12358,1870000,1100000
2019.06.19 19:13:48.925,1.12355,1.12359,1970000,3620000
2019.06.19 19:13:49.063,1.12356,1.1236,3070000,1010000
2019.06.19 19:13:50.284,1.12359,1.12361,1710000,1000000
2019.06.19 19:13:50.387,1.12359,1.12362,1870000,1000000
2019.06.19 19:13:50.489,1.12358,1.12362,2620000,2060000
2019.06.19 19:13:50.792,1.12359,1.12362,4120000,1000000
2019.06.19 19:13:50.894,1.12358,1.12362,1120000,2440000
2019.06.19 19:13:51.098,1.12358,1.12363,2820000,6040000
2019.06.19 19:13:51.400,1.1236,1.12362,1120000,1000000
2019.06.19 19:13:51.554,1.12359,1.12362,1120000,3000000
2019.06.19 19:13:52.337,1.12358,1.12362,1870000,6260000
2019.06.19 19:13:52.489,1.12359,1.12362,1200000,1000000
2019.06.19 19:13:52.694,1.12361,1.12364,2350000,4310000
2019.06.19 19:13:52.796,1.12361,1.12364,1000000,1250000
2019.06.19 19:13:53.108,1.12359,1.12363,1500000,1200000
2019.06.19 19:13:53.363,1.12359,1.12362,1000000,1000000
2019.06.19 19:13:54.529,1.12362,1.12364,3570000,1000000
2019.06.19 19:13:54.633,1.12366,1.12369,7370000,1100000
2019.06.19 19:13:54.743,1.12366,1.1237,2890000,2700000
2019.06.19 19:13:54.846,1.12367,1.1237,3640000,1000000
2019.06.19 19:13:54.948,1.12366,1.1237,3640000,2700000
2019.06.19 19:13:55.245,1.12366,1.12369,1000000,2440000
2019.06.19 19:13:55.398,1.12366,1.1237,2250000,5060000
2019.06.19 19:13:55.500,1.12366,1.12369,2250000,11640000
2019.06.19 19:13:55.602,1.12366,1.12369,2250000,8890000
2019.06.19 19:13:55.706,1.12366,1.1237,4870000,6190000
2019.06.19 19:13:55.809,1.12367,1.1237,7120000,1000000
2019.06.19 19:13:56.092,1.12366,1.1237,5620000,6190000
2019.06.19 19:13:56.255,1.12366,1.12369,1000000,5810000
2019.06.19 19:13:56.374,1.12367,1.12369,1000000,1000000
2019.06.19 19:13:56.492,1.12366,1.12369,1000000,4310000
2019.06.19 19:13:56.625,1.12367,1.12369,1000000,1000000
2019.06.19 19:13:56.890,1.12367,1.1237,3000000,1000000
2019.06.19 19:13:56.992,1.12368,1.1237,2620000,1000000
2019.06.19 19:13:57.043,1.12369,1.12372,1200000,3940000
2019.06.19 19:13:57.193,1.12372,1.12374,2250000,1500000
2019.06.19 19:13:57.310,1.12372,1.12375,2620000,1000000
2019.06.19 19:13:57.413,1.12372,1.12374,1000000,4120000
2019.06.19 19:13:57.496,1.12372,1.12377,2120000,5820000
2019.06.19 19:13:57.600,1.12373,1.12377,1120000,1870000
2019.06.19 19:13:57.702,1.12374,1.12377,1000000,1120000
2019.06.19 19:13:57.754,1.12376,1.1238,1750000,1870000
2019.06.19 19:13:57.908,1.12377,1.12379,1050000,1000000
2019.06.19 19:13:58.010,1.12375,1.12378,1120000,1120000
2019.06.19 19:13:58.112,1.12374,1.12378,2620000,1000000
2019.06.19 19:13:58.214,1.12373,1.12378,2620000,2890000
2019.06.19 19:13:58.433,1.12373,1.12377,1000000,3640000
2019.06.19 19:13:59.362,1.12373,1.12375,1500000,1690000
2019.06.19 19:13:59.465,1.12371,1.12374,1000000,2060000
2019.06.19 19:13:59.719,1.1237,1.12375,7950000,6350000
2019.06.19 19:13:59.822,1.12372,1.12375,1000000,1000000
2019.06.19 19:13:59.873,1.12372,1.12377,2320000,3560000
2019.06.19 19:14:00.026,1.12372,1.12377,1870000,4890000
2019.06.19 19:14:00.128,1.12374,1.12377,4500000,1000000
2019.06.19 19:14:00.382,1.12372,1.12375,1500000,4390000
2019.06.19 19:14:00.639,1.12373,1.12376,3190000,1000000
2019.06.19 19:14:00.741,1.12372,1.12377,5850000,4390000
2019.06.19 19:14:01.222,1.12373,1.12376,1200000,1000000
2019.06.19 19:14:01.350,1.12372,1.12377,4220000,4760000
2019.06.19 19:14:01.471,1.12373,1.12377,5000000,1000000
2019.06.19 19:14:01.573,1.12373,1.12377,3500000,1750000
2019.06.19 19:14:02.529,1.12373,1.12377,2250000,2500000
2019.06.19 19:14:03.213,1.12374,1.12378,2250000,1690000
2019.06.19 19:14:03.317,1.12376,1.12379,3000000,4690000
2019.06.19 19:14:03.419,1.12377,1.1238,11250000,1000000
2019.06.19 19:14:03.523,1.12376,1.12379,4120000,2440000
2019.06.19 19:14:03.626,1.12376,1.1238,10570000,2440000
2019.06.19 19:14:03.729,1.12377,1.12378,1000000,1000000
2019.06.19 19:14:03.831,1.12376,1.12378,1000000,3560000
2019.06.19 19:14:04.008,1.12376,1.12379,1500000,2440000
2019.06.19 19:14:05.518,1.12376,1.1238,4120000,2060000
2019.06.19 19:14:05.622,1.12377,1.12379,1000000,1000000
2019.06.19 19:14:05.829,1.12376,1.1238,6370000,1250000
2019.06.19 19:14:05.932,1.12376,1.12379,1000000,1690000
2019.06.19 19:14:06.169,1.12376,1.1238,4120000,1250000
2019.06.19 19:14:06.470,1.12376,1.12379,1000000,1690000
2019.06.19 19:14:06.981,1.12376,1.12378,1500000,1500000
2019.06.19 19:14:07.032,1.12372,1.12375,2510000,1690000
2019.06.19 19:14:07.140,1.12371,1.12373,1000000,1250000
2019.06.19 19:14:07.537,1.12371,1.12375,3190000,1250000
2019.06.19 19:14:07.639,1.12371,1.12376,4630000,4510000
2019.06.19 19:14:07.769,1.12371,1.12375,2910000,1390000
2019.06.19 19:14:08.556,1.12371,1.12374,1000000,1390000
2019.06.19 19:14:08.658,1.12371,1.12375,4570000,1390000
2019.06.19 19:14:08.766,1.12373,1.12376,2440000,1500000
2019.06.19 19:14:08.869,1.12373,1.12376,1000000,1970000
2019.06.19 19:14:09.367,1.12373,1.12377,1120000,3790000
2019.06.19 19:14:09.672,1.12372,1.12377,1120000,8760000
2019.06.19 19:14:10.100,1.12375,1.12378,2620000,2870000
2019.06.19 19:14:10.212,1.12375,1.12379,1120000,6700000
2019.06.19 19:14:10.569,1.12375,1.12378,1000000,2320000
2019.06.19 19:14:10.855,1.12374,1.12378,2000000,2440000
2019.06.19 19:14:11.580,1.12374,1.12379,6200000,2810000
2019.06.19 19:14:11.842,1.12374,1.12379,3870000,5200000
2019.06.19 19:14:12.956,1.12374,1.12379,2620000,5570000
2019.06.19 19:14:13.058,1.12374,1.12378,1000000,4820000
2019.06.19 19:14:13.161,1.12374,1.12378,3500000,2440000
2019.06.19 19:14:14.573,1.12374,1.12378,1870000,1690000
2019.06.19 19:14:15.066,1.12376,1.12379,1120000,5750000
2019.06.19 19:14:15.184,1.12377,1.1238,1200000,1120000
2019.06.19 19:14:15.287,1.12375,1.12379,1570000,1200000
2019.06.19 19:14:15.389,1.12375,1.12379,6120000,1000000
2019.06.19 19:14:15.491,1.12374,1.12379,6120000,1200000
2019.06.19 19:14:15.769,1.12374,1.12378,2070000,3450000
2019.06.19 19:14:15.821,1.12373,1.12375,1870000,4500000
2019.06.19 19:14:15.872,1.12371,1.12375,3370000,5060000
2019.06.19 19:14:15.974,1.12372,1.12375,1500000,4810000
2019.06.19 19:14:16.207,1.12371,1.12376,4440000,7510000
2019.06.19 19:14:16.513,1.1237,1.12375,2250000,11200000
2019.06.19 19:14:16.681,1.12368,1.1237,1120000,1500000
2019.06.19 19:14:16.783,1.12368,1.12371,3000000,1120000
2019.06.19 19:14:16.886,1.12368,1.12372,3000000,4310000
2019.06.19 19:14:16.989,1.12367,1.12369,1000000,1200000
2019.06.19 19:14:17.096,1.12366,1.12369,1120000,2510000
2019.06.19 19:14:17.147,1.12366,1.12371,6510000,2640000
2019.06.19 19:14:17.250,1.12366,1.12371,2440000,2510000
2019.06.19 19:14:17.444,1.12366,1.1237,1000000,2060000
2019.06.19 19:14:17.599,1.12367,1.1237,1000000,1120000
2019.06.19 19:14:17.703,1.12366,1.1237,1000000,3640000
2019.06.19 19:14:17.962,1.12365,1.12367,1000000,5140000
2019.06.19 19:14:18.065,1.12367,1.1237,3750000,1870000
2019.06.19 19:14:18.540,1.12368,1.12371,1120000,2440000
2019.06.19 19:14:18.642,1.12368,1.12372,1870000,2140000
2019.06.19 19:14:19.160,1.12369,1.12372,2250000,1200000
2019.06.19 19:14:19.211,1.12371,1.12373,1120000,1000000
2019.06.19 19:14:19.365,1.1237,1.12373,2620000,2620000
2019.06.19 19:14:19.504,1.12369,1.12374,5370000,2890000
2019.06.19 19:14:19.606,1.12372,1.12374,2620000,1000000
2019.06.19 19:14:19.760,1.1237,1.12374,4620000,2250000
2019.06.19 19:14:19.916,1.12371,1.12374,2620000,1250000
2019.06.19 19:14:20.018,1.12372,1.12375,3450000,1000000
2019.06.19 19:14:20.273,1.12371,1.12374,1000000,2570000
2019.06.19 19:14:20.378,1.1237,1.12373,1120000,6200000
2019.06.19 19:14:20.480,1.12369,1.12373,1870000,3390000
2019.06.19 19:14:21.112,1.1237,1.12374,2370000,5870000
2019.06.19 19:14:21.553,1.12372,1.12375,6070000,1000000
2019.06.19 19:14:21.656,1.12371,1.12374,1070000,1310000
2019.06.19 19:14:21.758,1.12371,1.12375,2700000,1350000
2019.06.19 19:14:21.860,1.12371,1.12375,3450000,2510000
2019.06.19 19:14:22.214,1.12373,1.12375,2320000,1000000
2019.06.19 19:14:22.316,1.12371,1.12375,4950000,1390000
2019.06.19 19:14:22.418,1.1237,1.12374,1120000,7600000
2019.06.19 19:14:22.873,1.12371,1.12375,3370000,1310000
2019.06.19 19:14:22.924,1.12372,1.12375,1120000,5000000
2019.06.19 19:14:23.027,1.12372,1.12377,5370000,9450000
2019.06.19 19:14:23.427,1.12373,1.12377,1000000,3640000
2019.06.19 19:14:24.048,1.12374,1.12377,1000000,1500000
2019.06.19 19:14:24.499,1.12376,1.12379,2820000,2620000
2019.06.19 19:14:24.602,1.12376,1.1238,1000000,4060000
2019.06.19 19:14:24.706,1.12377,1.12382,6520000,2140000
2019.06.19 19:14:24.860,1.12378,1.12381,1400000,1000000
2019.06.19 19:14:25.007,1.12376,1.1238,1690000,2220000
2019.06.19 19:14:25.111,1.12376,1.12379,1000000,1850000
2019.06.19 19:14:25.562,1.12376,1.12379,1870000,1000000
2019.06.19 19:14:25.971,1.12377,1.1238,1570000,1500000
2019.06.19 19:14:26.119,1.12377,1.12381,2720000,3950000
2019.06.19 19:14:26.447,1.12377,1.12381,1900000,2070000
2019.06.19 19:14:26.549,1.12377,1.12381,1900000,1620000
2019.06.19 19:14:26.685,1.12378,1.12382,1570000,1100000
2019.06.19 19:14:26.838,1.12378,1.12382,1000000,2120000
2019.06.19 19:14:27.672,1.12378,1.12381,1000000,2500000
2019.06.19 19:14:27.774,1.12378,1.12382,5620000,1120000
2019.06.19 19:14:28.414,1.12378,1.12382,1500000,6660000
2019.06.19 19:14:28.651,1.12378,1.1238,1000000,4310000
2019.06.19 19:14:28.783,1.12376,1.1238,1050000,6640000
2019.06.19 19:14:28.885,1.12376,1.12381,1120000,4540000
2019.06.19 19:14:28.936,1.12376,1.12381,1120000,3640000
2019.06.19 19:14:29.088,1.12376,1.12381,1520000,3640000
2019.06.19 19:14:29.744,1.12377,1.12381,2400000,1500000
2019.06.19 19:14:29.846,1.12377,1.12381,2400000,1500000
2019.06.19 19:14:30.294,1.1238,1.12381,1500000,1870000
2019.06.19 19:14:30.345,1.12379,1.12382,3000000,1870000
2019.06.19 19:14:30.448,1.12379,1.12383,2620000,2620000
2019.06.19 19:14:30.864,1.12379,1.12382,1000000,2620000
2019.06.19 19:14:31.330,1.12378,1.1238,3750000,2440000
2019.06.19 19:14:31.432,1.12375,1.12379,1500000,2060000
2019.06.19 19:14:31.484,1.12377,1.12379,1000000,1000000
2019.06.19 19:14:31.601,1.1238,1.12381,1500000,3000000
2019.06.19 19:14:31.653,1.12381,1.12382,1000000,1500000
2019.06.19 19:14:31.756,1.1238,1.12384,3560000,3660000
2019.06.19 19:14:31.859,1.1238,1.12384,1620000,3070000
2019.06.19 19:14:31.973,1.1238,1.12385,2810000,6470000
2019.06.19 19:14:32.125,1.1238,1.12384,1120000,1870000
2019.06.19 19:14:32.227,1.1238,1.12384,1870000,3070000
2019.06.19 19:14:32.346,1.1238,1.12384,1120000,2950000
2019.06.19 19:14:32.708,1.1238,1.12385,2250000,4450000
2019.06.19 19:14:32.810,1.12381,1.12385,3570000,1250000
2019.06.19 19:14:32.934,1.12381,1.12385,4870000,1690000
2019.06.19 19:14:33.037,1.12382,1.12385,1870000,1220000
2019.06.19 19:14:33.139,1.12381,1.12384,1000000,1690000
2019.06.19 19:14:33.241,1.12381,1.12384,1000000,3660000
2019.06.19 19:14:33.343,1.12381,1.12385,1500000,4410000
2019.06.19 19:14:34.130,1.12381,1.12385,4120000,1250000
2019.06.19 19:14:34.283,1.12382,1.12385,1500000,1000000
2019.06.19 19:14:34.387,1.12383,1.12385,1000000,2250000
2019.06.19 19:14:34.438,1.12383,1.12388,4950000,7910000
2019.06.19 19:14:34.745,1.12384,1.12387,1000000,1390000
2019.06.19 19:14:35.020,1.12385,1.12388,1620000,2620000
2019.06.19 19:14:35.072,1.12387,1.1239,1310000,1310000
2019.06.19 19:14:35.174,1.12388,1.12391,3620000,1000000
2019.06.19 19:14:35.276,1.12387,1.1239,1120000,4120000
2019.06.19 19:14:35.439,1.12387,1.12389,1000000,3370000
2019.06.19 19:14:35.491,1.1239,1.12391,1120000,1000000
2019.06.19 19:14:35.542,1.12392,1.12394,2820000,1000000
2019.06.19 19:14:35.645,1.1239,1.12394,2620000,4010000
2019.06.19 19:14:36.198,1.12388,1.1239,2620000,4250000
2019.06.19 19:14:36.249,1.12385,1.12389,1000000,5350000
2019.06.19 19:14:36.723,1.12386,1.1239,4870000,2060000
2019.06.19 19:14:37.324,1.12386,1.12389,1000000,1250000
2019.06.19 19:14:37.426,1.12386,1.1239,4500000,1250000
2019.06.19 19:14:37.919,1.12386,1.12387,1000000,1000000
2019.06.19 19:14:38.035,1.12384,1.12387,1000000,1790000
2019.06.19 19:14:38.138,1.12383,1.12387,1000000,2950000
2019.06.19 19:14:38.398,1.12383,1.12388,1500000,5950000
2019.06.19 19:14:38.657,1.12386,1.1239,5820000,1690000
2019.06.19 19:14:38.760,1.12386,1.12389,1200000,6290000
2019.06.19 19:14:38.863,1.12388,1.12391,1000000,1350000
2019.06.19 19:14:39.016,1.12388,1.12392,1000000,5890000
2019.06.19 19:14:39.162,1.12388,1.12392,1500000,3010000
2019.06.19 19:14:39.264,1.12391,1.12393,1000000,1690000
2019.06.19 19:14:39.317,1.12391,1.12394,1000000,1760000
2019.06.19 19:14:39.419,1.12391,1.12395,2620000,4010000
2019.06.19 19:14:39.774,1.12391,1.12395,2250000,3290000
2019.06.19 19:14:40.002,1.12392,1.12396,2090000,2000000
2019.06.19 19:14:40.054,1.12395,1.12398,3820000,1000000
2019.06.19 19:14:40.794,1.12396,1.124,5070000,1690000
2019.06.19 19:14:40.896,1.12397,1.124,1000000,1500000
2019.06.19 19:14:41.183,1.12396,1.12399,4500000,1120000
2019.06.19 19:14:41.285,1.12395,1.12398,1500000,1620000
2019.06.19 19:14:41.387,1.12395,1.12399,5020000,1500000
2019.06.19 19:14:41.495,1.12392,1.12395,1050000,1760000
2019.06.19 19:14:41.931,1.12392,1.12395,1050000,4140000
2019.06.19 19:14:42.033,1.12393,1.12396,1400000,5720000
2019.06.19 19:14:42.084,1.12393,1.12398,4120000,5910000
2019.06.19 19:14:42.955,1.12395,1.12398,1870000,1500000
2019.06.19 19:14:43.106,1.12396,1.12399,1000000,2140000
2019.06.19 19:14:43.310,1.12395,1.12399,1870000,7390000
2019.06.19 19:14:43.413,1.12394,1.12398,2250000,1220000
2019.06.19 19:14:43.561,1.12393,1.12398,6070000,8850000
2019.06.19 19:14:43.714,1.12393,1.12398,5620000,5510000
2019.06.19 19:14:44.193,1.12393,1.12398,8320000,6100000
2019.06.19 19:14:44.298,1.12393,1.12397,2250000,1500000
2019.06.19 19:14:44.451,1.12393,1.12395,1000000,1500000
2019.06.19 19:14:44.555,1.1239,1.12395,5570000,12100000
2019.06.19 19:14:44.714,1.12391,1.12394,1000000,1010000
2019.06.19 19:14:44.766,1.12393,1.12395,1000000,2250000
2019.06.19 19:14:44.818,1.12393,1.12396,1000000,2320000
2019.06.19 19:14:44.920,1.12393,1.12398,7500000,2320000
2019.06.19 19:14:45.238,1.12393,1.12394,1000000,1500000
2019.06.19 19:14:45.341,1.12393,1.12395,1000000,1250000
2019.06.19 19:14:45.443,1.12393,1.12396,1500000,2510000
2019.06.19 19:14:45.603,1.12394,1.12397,1000000,1120000
2019.06.19 19:14:45.705,1.12394,1.12398,1500000,1200000
2019.06.19 19:14:45.807,1.12394,1.12398,2370000,2250000
2019.06.19 19:14:46.377,1.12394,1.12398,2370000,3870000
2019.06.19 19:14:46.530,1.12394,1.12398,1000000,2750000
2019.06.19 19:14:46.683,1.12393,1.12395,1690000,1120000
2019.06.19 19:14:46.790,1.1239,1.12394,3120000,2190000
2019.06.19 19:14:46.893,1.12389,1.12393,1120000,2250000
2019.06.19 19:14:47.096,1.12389,1.12393,2750000,1500000
2019.06.19 19:14:47.282,1.12387,1.1239,1000000,4450000
2019.06.19 19:14:47.384,1.12387,1.12389,1000000,1100000
2019.06.19 19:14:48.464,1.12386,1.12389,1000000,3260000
2019.06.19 19:14:49.361,1.12388,1.1239,2620000,1000000
2019.06.19 19:14:49.413,1.12389,1.12392,1570000,2250000
2019.06.19 19:14:49.516,1.1239,1.12394,1100000,2700000
2019.06.19 19:14:49.568,1.12392,1.12395,4500000,1000000
2019.06.19 19:14:49.754,1.12391,1.12394,1120000,5640000
2019.06.19 19:14:49.856,1.12391,1.12395,3750000,5640000
2019.06.19 19:14:50.120,1.12393,1.12395,1000000,1500000
2019.06.19 19:14:50.245,1.12393,1.12396,2060000,1500000
2019.06.19 19:14:50.347,1.12394,1.12397,2250000,1120000
2019.06.19 19:14:50.450,1.12395,1.12399,1500000,7450000
2019.06.19 19:14:50.562,1.12395,1.12399,1000000,3700000
2019.06.19 19:14:50.665,1.12394,1.12399,4620000,10850000
2019.06.19 19:14:50.768,1.12395,1.12398,3500000,1250000
2019.06.19 19:14:50.871,1.12394,1.12399,5250000,5200000
2019.06.19 19:14:51.129,1.12394,1.12399,3500000,5200000
2019.06.19 19:14:51.698,1.12393,1.12395,1310000,1200000
2019.06.19 19:14:51.801,1.12391,1.12396,6220000,5510000
2019.06.19 19:14:51.853,1.12393,1.12396,1870000,1500000
2019.06.19 19:14:51.956,1.12393,1.12398,7350000,1950000
2019.06.19 19:14:52.061,1.12397,1.12398,1000000,1500000
2019.06.19 19:14:52.112,1.12396,1.124,1120000,4810000
2019.06.19 19:14:52.367,1.12396,1.12399,1000000,3450000
2019.06.19 19:14:52.501,1.12395,1.124,1050000,6070000
2019.06.19 19:14:52.603,1.12395,1.12399,1000000,2570000
2019.06.19 19:14:52.705,1.12395,1.124,2620000,5570000
2019.06.19 19:14:52.858,1.12397,1.124,1500000,1120000
2019.06.19 19:14:52.972,1.12396,1.12399,1000000,4140000
2019.06.19 19:14:53.074,1.12397,1.124,2250000,1120000
2019.06.19 19:14:53.278,1.12396,1.124,1120000,3260000
2019.06.19 19:14:53.481,1.124,1.12401,1500000,1000000
2019.06.19 19:14:53.583,1.12401,1.12404,1000000,1120000
2019.06.19 19:14:53.685,1.124,1.12405,4310000,3760000
2019.06.19 19:14:53.787,1.12401,1.12405,4690000,1100000
2019.06.19 19:14:53.944,1.124,1.12403,3000000,1600000
2019.06.19 19:14:54.202,1.12399,1.12403,2000000,1390000
2019.06.19 19:14:54.527,1.12398,1.12403,1120000,6070000
2019.06.19 19:14:54.629,1.12399,1.12402,1000000,1790000
2019.06.19 19:14:54.731,1.12398,1.12402,1000000,8130000
2019.06.19 19:14:54.934,1.12398,1.12402,1000000,4940000
2019.06.19 19:14:55.215,1.12399,1.12404,4500000,1760000
2019.06.19 19:14:55.317,1.124,1.12404,6500000,1120000
2019.06.19 19:14:55.419,1.12399,1.12403,1120000,1010000
2019.06.19 19:14:56.021,1.12398,1.12402,1120000,4820000
2019.06.19 19:14:56.216,1.12398,1.12402,3750000,1690000
2019.06.19 19:14:56.734,1.12398,1.12401,2250000,1250000
2019.06.19 19:14:56.836,1.12396,1.124,3260000,5950000
2019.06.19 19:14:56.938,1.12397,1.124,1400000,1570000
2019.06.19 19:14:57.091,1.12397,1.124,1050000,1570000
2019.06.19 19:14:57.653,1.12396,1.124,4420000,1310000
2019.06.19 19:14:57.806,1.12397,1.124,4050000,1000000
2019.06.19 19:14:58.010,1.12397,1.12402,3220000,3260000
2019.06.19 19:14:58.118,1.12398,1.12402,1870000,1000000
2019.06.19 19:14:58.222,1.12397,1.12402,2370000,4390000
2019.06.19 19:14:58.324,1.12398,1.12402,3870000,1000000
2019.06.19 19:14:58.427,1.12398,1.12402,3000000,1690000
2019.06.19 19:14:58.950,1.12397,1.12401,3750000,2570000
2019.06.19 19:14:59.052,1.12397,1.124,1500000,1120000
2019.06.19 19:14:59.209,1.12395,1.124,2620000,4200000
2019.06.19 19:14:59.261,1.12395,1.12399,1620000,2070000
2019.06.19 19:14:59.364,1.12394,1.12399,5100000,4570000
2019.06.19 19:14:59.466,1.12394,1.12399,1870000,8140000
2019.06.19 19:14:59.517,1.12397,1.124,5320000,2250000
2019.06.19 19:15:00.583,1.12396,1.12401,2810000,2890000
2019.06.19 19:15:00.686,1.12396,1.124,1500000,2140000
2019.06.19 19:15:00.788,1.12396,1.12399,1000000,2140000
2019.06.19 19:15:01.108,1.12396,1.124,1500000,2810000
2019.06.19 19:15:01.951,1.12396,1.124,2370000,1100000
2019.06.19 19:15:02.154,1.12396,1.124,1050000,1310000
2019.06.19 19:15:02.661,1.12395,1.12399,1000000,10970000
2019.06.19 19:15:02.762,1.12395,1.124,1050000,7600000
2019.06.19 19:15:03.278,1.12395,1.12397,4120000,1010000
2019.06.19 19:15:03.403,1.12392,1.12394,1120000,1950000
2019.06.19 19:15:03.454,1.1239,1.12395,3370000,1950000
2019.06.19 19:15:03.556,1.1239,1.12395,3450000,3220000
2019.06.19 19:15:03.607,1.12391,1.12393,1000000,1350000
2019.06.19 19:15:03.658,1.12391,1.12395,6640000,1350000
2019.06.19 19:15:03.970,1.12391,1.12394,1120000,5450000
2019.06.19 19:15:04.073,1.12392,1.12396,1390000,1200000
2019.06.19 19:15:04.228,1.12394,1.12397,2320000,1000000
2019.06.19 19:15:04.331,1.12394,1.12398,1200000,3570000
2019.06.19 19:15:04.444,1.12395,1.12399,5750000,1370000
2019.06.19 19:15:04.546,1.12395,1.12399,1000000,1200000
2019.06.19 19:15:04.649,1.12393,1.12395,2620000,2560000
2019.06.19 19:15:04.700,1.12391,1.12395,1500000,3260000
2019.06.19 19:15:04.989,1.1239,1.12392,1500000,3070000
2019.06.19 19:15:05.092,1.12387,1.12389,1000000,1570000
2019.06.19 19:15:05.253,1.12388,1.1239,1500000,1000000
2019.06.19 19:15:05.406,1.12388,1.12392,1250000,1200000
2019.06.19 19:15:05.610,1.12388,1.12391,2250000,1000000
2019.06.19 19:15:05.718,1.12387,1.1239,2560000,1310000
2019.06.19 19:15:05.770,1.12385,1.12389,1120000,4010000
2019.06.19 19:15:05.821,1.12386,1.12388,1000000,1250000
2019.06.19 19:15:05.924,1.12384,1.12386,1690000,1000000
2019.06.19 19:15:06.026,1.12383,1.12386,1000000,1870000
2019.06.19 19:15:06.239,1.12381,1.12384,1000000,2060000
2019.06.19 19:15:06.342,1.12381,1.12385,1500000,4140000
2019.06.19 19:15:06.495,1.12382,1.12386,1000000,4120000
2019.06.19 19:15:06.652,1.12381,1.12385,1500000,1310000
2019.06.19 19:15:06.754,1.12381,1.12384,1120000,1000000
2019.06.19 19:15:06.908,1.12382,1.12384,1000000,1500000
2019.06.19 19:15:06.959,1.12382,1.12386,2320000,3690000
2019.06.19 19:15:07.170,1.12385,1.12387,2620000,3500000
2019.06.19 19:15:07.221,1.12386,1.12389,2250000,1370000
2019.06.19 19:15:07.323,1.12386,1.1239,4310000,1350000
2019.06.19 19:15:07.426,1.12385,1.12388,4120000,1100000
2019.06.19 19:15:07.528,1.12384,1.12387,3750000,1000000
2019.06.19 19:15:07.741,1.12382,1.12387,1500000,3640000
2019.06.19 19:15:07.843,1.12384,1.12387,1570000,1000000
2019.06.19 19:15:08.048,1.12382,1.12386,1820000,1690000
2019.06.19 19:15:08.200,1.12381,1.12384,1120000,1250000
2019.06.19 19:15:08.302,1.12379,1.12384,1870000,2640000
2019.06.19 19:15:08.456,1.12379,1.12384,2070000,3120000
2019.06.19 19:15:08.560,1.1238,1.12384,1120000,1310000
2019.06.19 19:15:09.753,1.12379,1.12383,1000000,1700000
2019.06.19 19:15:10.197,1.12379,1.12382,1500000,1000000
2019.06.19 19:15:10.291,1.12377,1.12381,2090000,3100000
2019.06.19 19:15:10.393,1.12377,1.12382,2200000,2500000
2019.06.19 19:15:10.649,1.12377,1.12381,3620000,2060000
2019.06.19 19:15:11.319,1.12377,1.12381,3750000,2190000
2019.06.19 19:15:11.421,1.12377,1.12381,3820000,1250000
2019.06.19 19:15:12.868,1.12377,1.1238,2640000,1690000
2019.06.19 19:15:12.970,1.12377,1.1238,2060000,1250000
2019.06.19 19:15:13.072,1.12378,1.12381,4870000,1000000
2019.06.19 19:15:13.175,1.12377,1.12381,4950000,1250000
2019.06.19 19:15:14.337,1.12379,1.12381,1750000,3750000
2019.06.19 19:15:14.441,1.12382,1.12383,1500000,3000000
2019.06.19 19:15:14.548,1.12383,1.12386,2060000,3750000
2019.06.19 19:15:14.651,1.12383,1.12387,4690000,4500000
2019.06.19 19:15:15.192,1.12382,1.12387,1500000,6260000
2019.06.19 19:15:15.323,1.12383,1.12387,4500000,1500000
2019.06.19 19:15:15.425,1.12382,1.12384,2620000,1500000
2019.06.19 19:15:15.550,1.12381,1.12385,2170000,4690000
2019.06.19 19:15:15.652,1.12383,1.12385,1000000,1000000
2019.06.19 19:15:15.754,1.12382,1.12386,1120000,2750000
2019.06.19 19:15:15.941,1.12382,1.12384,1000000,2750000
2019.06.19 19:15:16.146,1.12382,1.12384,1000000,1100000
2019.06.19 19:15:16.248,1.12381,1.12383,1500000,2810000
2019.06.19 19:15:16.351,1.12382,1.12383,1120000,1500000
2019.06.19 19:15:16.454,1.12387,1.12388,1000000,1000000
2019.06.19 19:15:16.607,1.12387,1.12389,1500000,1220000
2019.06.19 19:15:16.865,1.12388,1.12389,1000000,1100000
2019.06.19 19:15:17.567,1.12389,1.12391,1000000,3000000
2019.06.19 19:15:17.669,1.12388,1.1239,1000000,3450000
2019.06.19 19:15:17.771,1.12385,1.12388,1000000,9000000
2019.06.19 19:15:19.503,1.12384,1.12386,1500000,1570000
2019.06.19 19:15:19.605,1.12383,1.12386,1500000,1120000
2019.06.19 19:15:20.599,1.12384,1.12386,1500000,3940000
2019.06.19 19:15:20.702,1.12387,1.12388,1000000,1120000
2019.06.19 19:15:20.905,1.12386,1.12388,1000000,1000000
2019.06.19 19:15:21.124,1.12385,1.12387,1500000,1000000
2019.06.19 19:15:23.163,1.12386,1.12388,1000000,1820000
2019.06.19 19:15:23.377,1.12385,1.12388,1000000,9010000
2019.06.19 19:15:25.323,1.12385,1.12388,1000000,4200000
2019.06.19 19:15:25.526,1.12385,1.12387,1000000,4220000
2019.06.19 19:15:25.628,1.12384,1.12387,1000000,3940000
2019.06.19 19:15:26.921,1.12384,1.12385,1000000,2250000
2019.06.19 19:15:27.023,1.12381,1.12382,1000000,1000000
2019.06.19 19:15:27.154,1.12382,1.12383,1000000,1000000
2019.06.19 19:15:29.702,1.12381,1.12383,1000000,1690000
2019.06.19 19:15:30.249,1.12383,1.12384,1000000,2250000
2019.06.19 19:15:30.302,1.12384,1.12386,1500000,1000000
2019.06.19 19:15:30.404,1.12386,1.12387,1120000,2250000
2019.06.19 19:15:30.538,1.12385,1.12388,1000000,2060000
2019.06.19 19:15:30.640,1.12386,1.12388,1000000,1690000
2019.06.19 19:15:31.561,1.12386,1.12388,1000000,5000000
2019.06.19 19:15:31.612,1.12388,1.1239,1120000,3750000
2019.06.19 19:15:31.714,1.12389,1.12391,1000000,1000000
2019.06.19 19:15:31.873,1.12388,1.12391,1100000,1000000
2019.06.19 19:15:32.127,1.12388,1.12391,1570000,2750000
2019.06.19 19:15:32.539,1.12387,1.12391,3120000,5060000
2019.06.19 19:15:32.641,1.12378,1.12381,1500000,5100000
2019.06.19 19:15:32.758,1.12378,1.12381,1500000,1870000
2019.06.19 19:15:32.809,1.12378,1.12379,1000000,3370000
2019.06.19 19:15:32.912,1.12375,1.12378,1620000,5060000
2019.06.19 19:15:32.963,1.12377,1.12378,1120000,1000000
2019.06.19 19:15:33.335,1.12376,1.12378,1500000,2250000
2019.06.19 19:15:33.977,1.12375,1.12376,1120000,1950000
2019.06.19 19:15:34.079,1.12373,1.12375,1000000,2850000
2019.06.19 19:15:34.130,1.12373,1.12375,1000000,1120000
2019.06.19 19:15:35.109,1.12372,1.12375,1000000,1000000
2019.06.19 19:15:35.212,1.12373,1.12375,1000000,2620000
2019.06.19 19:15:35.264,1.12375,1.12376,1100000,1120000
2019.06.19 19:15:35.592,1.12374,1.12376,1500000,1870000
2019.06.19 19:15:35.695,1.12373,1.12375,1000000,1000000
2019.06.19 19:15:35.950,1.12372,1.12375,1000000,6000000
2019.06.19 19:15:36.178,1.12374,1.12375,1000000,3750000
2019.06.19 19:15:36.280,1.12374,1.12376,1000000,3750000
2019.06.19 19:15:36.686,1.12375,1.12377,3120000,7120000
2019.06.19 19:15:38.251,1.12375,1.12378,1000000,6750000
2019.06.19 19:15:41.561,1.12377,1.12378,1000000,1000000
2019.06.19 19:15:41.663,1.12376,1.12378,1000000,3940000
2019.06.19 19:15:41.773,1.12376,1.12378,1500000,4440000
2019.06.19 19:15:41.978,1.12376,1.12378,1000000,2890000
2019.06.19 19:15:43.300,1.12374,1.12376,1870000,2260000
2019.06.19 19:15:43.410,1.12372,1.12375,1000000,6220000
2019.06.19 19:15:43.615,1.12372,1.12375,1870000,3370000
2019.06.19 19:15:43.790,1.12369,1.12372,3750000,2250000
2019.06.19 19:15:43.842,1.12369,1.12371,3940000,1500000
2019.06.19 19:15:43.893,1.12367,1.12369,1000000,1500000
2019.06.19 19:15:43.995,1.12366,1.12368,1000000,3750000
2019.06.19 19:15:44.111,1.12365,1.12368,1500000,5760000
2019.06.19 19:15:44.214,1.12363,1.12367,1000000,1120000
2019.06.19 19:15:44.419,1.12366,1.12367,1000000,2250000
2019.06.19 19:15:44.788,1.12367,1.12369,1000000,1120000
2019.06.19 19:15:44.934,1.12366,1.12369,1000000,4500000
2019.06.19 19:15:45.529,1.12365,1.12368,4440000,1100000
2019.06.19 19:15:45.631,1.12362,1.12365,1500000,3370000
2019.06.19 19:15:45.835,1.12361,1.12363,1120000,2450000
2019.06.19 19:15:45.947,1.12361,1.12363,1500000,1570000
2019.06.19 19:15:46.202,1.12362,1.12365,1000000,3250000
2019.06.19 19:15:46.305,1.12363,1.12366,1000000,3750000
2019.06.19 19:15:46.415,1.12363,1.12366,1000000,5370000
2019.06.19 19:15:46.568,1.12363,1.12364,1000000,1000000
2019.06.19 19:15:46.620,1.12355,1.12357,1120000,1000000
2019.06.19 19:15:46.671,1.12354,1.12356,1500000,1500000
2019.06.19 19:15:46.829,1.12353,1.12355,2720000,2060000
2019.06.19 19:15:46.932,1.12352,1.12356,2250000,2810000
2019.06.19 19:15:47.085,1.12352,1.12356,1120000,3250000
2019.06.19 19:15:47.187,1.12352,1.12356,1120000,3940000
2019.06.19 19:15:47.292,1.12354,1.12357,1950000,1000000
2019.06.19 19:15:47.396,1.12353,1.12357,3450000,3370000
2019.06.19 19:15:47.498,1.12353,1.12356,1100000,3370000
2019.06.19 19:15:47.946,1.12353,1.12355,1140000,3370000
2019.06.19 19:15:48.050,1.12351,1.12354,1250000,3370000
2019.06.19 19:15:48.152,1.12352,1.12354,3000000,1120000
2019.06.19 19:15:48.255,1.12352,1.12353,1000000,1120000
2019.06.19 19:15:48.414,1.12352,1.12356,3260000,1120000
2019.06.19 19:15:48.516,1.1235,1.12352,2500000,6820000
2019.06.19 19:15:48.568,1.12344,1.12347,5250000,1120000
2019.06.19 19:15:48.620,1.12343,1.12345,3000000,1000000
2019.06.19 19:15:48.771,1.12341,1.12344,4120000,2160000
2019.06.19 19:15:48.874,1.12341,1.12343,1200000,1250000
2019.06.19 19:15:49.166,1.1234,1.12343,1100000,1120000
2019.06.19 19:15:49.269,1.12338,1.1234,11850000,2300000
2019.06.19 19:15:49.320,1.12335,1.12337,1120000,1690000
2019.06.19 19:15:49.480,1.12332,1.12334,5700000,2560000
2019.06.19 19:15:49.584,1.12331,1.12335,5470000,1250000
2019.06.19 19:15:49.636,1.12331,1.12335,2810000,1120000
2019.06.19 19:15:49.738,1.12331,1.12335,2500000,1120000
2019.06.19 19:15:49.953,1.12331,1.12335,4870000,1500000
2019.06.19 19:15:50.055,1.12331,1.12335,3190000,1000000
2019.06.19 19:15:50.207,1.12332,1.12334,1310000,1000000
2019.06.19 19:15:50.526,1.12331,1.12334,1310000,4310000
2019.06.19 19:15:50.980,1.12333,1.12335,1120000,1120000
2019.06.19 19:15:51.032,1.12334,1.12337,2320000,1000000
2019.06.19 19:15:51.135,1.12335,1.12338,4120000,1000000
2019.06.19 19:15:51.187,1.12333,1.12338,1310000,3670000
2019.06.19 19:15:51.289,1.12334,1.12338,1310000,1000000
2019.06.19 19:15:51.724,1.12335,1.12338,2140000,1000000
2019.06.19 19:15:51.827,1.12338,1.12339,2620000,1500000
2019.06.19 19:15:51.878,1.12338,1.12342,3410000,2550000
2019.06.19 19:15:51.985,1.12339,1.12342,1310000,1570000
2019.06.19 19:15:52.087,1.1234,1.12344,10310000,1000000
2019.06.19 19:15:52.190,1.1234,1.12343,3000000,1000000
2019.06.19 19:15:52.293,1.12339,1.12341,1000000,2440000
2019.06.19 19:15:52.446,1.12336,1.1234,2890000,1870000
2019.06.19 19:15:52.551,1.1234,1.12341,1250000,1000000
2019.06.19 19:15:52.602,1.12341,1.12344,2810000,1100000
2019.06.19 19:15:52.806,1.12339,1.12343,4120000,1500000
2019.06.19 19:15:52.975,1.12339,1.12343,4910000,1000000
2019.06.19 19:15:53.491,1.12338,1.12342,2320000,3070000
2019.06.19 19:15:53.875,1.12338,1.12342,3200000,3070000
2019.06.19 19:15:54.685,1.12341,1.12344,4250000,2950000
2019.06.19 19:15:54.787,1.12338,1.12341,1000000,2250000
2019.06.19 19:15:54.892,1.12338,1.12341,1000000,2370000
2019.06.19 19:15:55.436,1.12338,1.12342,1120000,1000000
2019.06.19 19:15:55.940,1.12337,1.12339,1000000,1000000
2019.06.19 19:15:56.043,1.12334,1.12335,1120000,4310000
2019.06.19 19:15:56.095,1.12331,1.12334,1120000,3000000
2019.06.19 19:15:56.146,1.12331,1.12336,2140000,1690000
2019.06.19 19:15:56.665,1.12331,1.12334,1000000,2140000
2019.06.19 19:15:56.870,1.1233,1.12334,1870000,3750000
2019.06.19 19:15:56.974,1.12328,1.12331,1810000,1000000
2019.06.19 19:15:57.027,1.12327,1.12331,1810000,2620000
2019.06.19 19:15:57.961,1.12326,1.12328,2120000,2060000
2019.06.19 19:15:58.012,1.12323,1.12326,1250000,2120000
2019.06.19 19:15:58.158,1.12324,1.12328,4910000,1500000
2019.06.19 19:15:58.261,1.12324,1.12327,1000000,10220000
2019.06.19 19:15:58.364,1.12323,1.12327,2810000,1500000
2019.06.19 19:15:58.630,1.12322,1.12327,1690000,4390000
2019.06.19 19:15:58.732,1.12322,1.12326,1500000,4310000
2019.06.19 19:15:58.834,1.12323,1.12326,1000000,1100000
2019.06.19 19:15:58.936,1.12323,1.12327,2060000,1870000
2019.06.19 19:15:58.988,1.12325,1.12328,4760000,1120000
2019.06.19 19:15:59.090,1.12325,1.12329,1120000,3660000
2019.06.19 19:15:59.302,1.12327,1.12329,1870000,1000000
2019.06.19 19:15:59.405,1.12327,1.1233,1250000,1000000
2019.06.19 19:15:59.508,1.12326,1.1233,2060000,1120000
2019.06.19 19:15:59.619,1.12326,1.12329,1120000,3000000
2019.06.19 19:15:59.721,1.12327,1.1233,1390000,1100000
2019.06.19 19:15:59.827,1.12325,1.12327,1570000,2560000
2019.06.19 19:15:59.878,1.12323,1.12326,1000000,3070000
2019.06.19 19:16:00.035,1.12321,1.12322,1000000,1310000
2019.06.19 19:16:00.087,1.12317,1.12322,1100000,1870000
2019.06.19 19:16:00.138,1.12319,1.12323,5520000,1000000
2019.06.19 19:16:00.240,1.12321,1.12324,2550000,1000000
2019.06.19 19:16:00.351,1.12321,1.12324,3050000,1200000
2019.06.19 19:16:00.454,1.12324,1.12326,1120000,1500000
2019.06.19 19:16:00.557,1.12325,1.1233,3020000,2620000
2019.06.19 19:16:00.770,1.12326,1.12329,1000000,1570000
2019.06.19 19:16:00.874,1.12324,1.12328,1570000,2500000
2019.06.19 19:16:00.976,1.12322,1.12327,2250000,6510000
2019.06.19 19:16:01.027,1.12322,1.12324,1000000,1690000
2019.06.19 19:16:01.130,1.12319,1.12324,3370000,2950000
2019.06.19 19:16:01.283,1.12319,1.12324,6390000,2060000
2019.06.19 19:16:01.385,1.12318,1.12322,1750000,1690000
2019.06.19 19:16:01.436,1.1232,1.12323,3070000,1000000
2019.06.19 19:16:01.596,1.12321,1.12324,3970000,3620000
2019.06.19 19:16:01.647,1.12322,1.12326,1770000,1310000
2019.06.19 19:16:01.750,1.12323,1.12327,2370000,1250000
2019.06.19 19:16:01.956,1.12322,1.12324,1500000,1120000
2019.06.19 19:16:02.064,1.1232,1.12322,1200000,1500000
2019.06.19 19:16:02.168,1.12314,1.12318,1000000,4390000
2019.06.19 19:16:02.270,1.12314,1.12318,1000000,1810000
2019.06.19 19:16:02.372,1.12314,1.12318,1600000,2060000
2019.06.19 19:16:02.522,1.12312,1.12314,1000000,1100000
2019.06.19 19:16:02.625,1.12311,1.12314,1000000,1310000
2019.06.19 19:16:02.937,1.12309,1.12313,1080000,1200000
2019.06.19 19:16:03.040,1.12307,1.1231,1480000,2640000
2019.06.19 19:16:03.143,1.12306,1.12308,1000000,1250000
2019.06.19 19:16:03.297,1.12304,1.12305,1100000,1310000
2019.06.19 19:16:03.419,1.12302,1.12304,1120000,3190000
2019.06.19 19:16:03.521,1.12303,1.12307,2150000,1000000
2019.06.19 19:16:03.652,1.12303,1.12308,2160000,1500000
2019.06.19 19:16:03.754,1.12307,1.1231,4500000,1120000
2019.06.19 19:16:03.857,1.12308,1.12311,1120000,1000000
2019.06.19 19:16:03.968,1.12309,1.12314,4510000,1690000
2019.06.19 19:16:04.070,1.12308,1.12309,1870000,1870000
2019.06.19 19:16:04.121,1.12306,1.12309,3790000,1250000
2019.06.19 19:16:04.228,1.12306,1.12309,1950000,1250000
2019.06.19 19:16:04.329,1.12305,1.12309,4700000,1000000
2019.06.19 19:16:04.482,1.12303,1.12308,2370000,3570000
2019.06.19 19:16:04.686,1.12303,1.12307,1200000,1120000
2019.06.19 19:16:04.797,1.12303,1.12308,4350000,2750000
2019.06.19 19:16:05.000,1.12303,1.12307,1200000,1870000
2019.06.19 19:16:05.290,1.12303,1.12308,5290000,2370000
2019.06.19 19:16:05.393,1.12305,1.12308,2450000,1000000
2019.06.19 19:16:05.495,1.12305,1.12308,1100000,1000000
2019.06.19 19:16:05.841,1.12305,1.12308,1500000,1000000
2019.06.19 19:16:05.892,1.12303,1.12307,1120000,1620000
2019.06.19 19:16:05.995,1.12302,1.12306,1390000,1620000
2019.06.19 19:16:06.097,1.12303,1.12306,1200000,1000000
2019.06.19 19:16:06.199,1.12303,1.12307,1500000,2190000
2019.06.19 19:16:06.703,1.12303,1.12307,2820000,1500000
2019.06.19 19:16:06.806,1.12302,1.12305,1500000,2370000
2019.06.19 19:16:06.913,1.12296,1.123,1120000,3910000
2019.06.19 19:16:06.965,1.12296,1.12299,2820000,1500000
2019.06.19 19:16:07.067,1.12294,1.12298,2020000,1520000
2019.06.19 19:16:07.233,1.12303,1.12305,1120000,1700000
2019.06.19 19:16:07.285,1.12305,1.12309,4390000,3500000
2019.06.19 19:16:07.387,1.12305,1.12309,1250000,3000000
2019.06.19 19:16:07.490,1.12305,1.1231,1760000,3560000
2019.06.19 19:16:07.541,1.12307,1.12309,1250000,1000000
2019.06.19 19:16:07.645,1.12304,1.12307,1500000,1500000
2019.06.19 19:16:07.749,1.12303,1.12306,1500000,1500000
2019.06.19 19:16:07.800,1.12302,1.12307,2260000,1870000
2019.06.19 19:16:08.137,1.12302,1.12307,5070000,2370000
2019.06.19 19:16:08.341,1.12303,1.12307,4510000,1000000
2019.06.19 19:16:08.495,1.12302,1.12307,3010000,1870000
2019.06.19 19:16:08.598,1.12303,1.12307,3010000,1000000
2019.06.19 19:16:08.701,1.12302,1.12307,2640000,1870000
2019.06.19 19:16:08.822,1.12306,1.12309,1350000,3370000
2019.06.19 19:16:08.925,1.12305,1.12308,1250000,4620000
2019.06.19 19:16:08.977,1.12306,1.1231,2810000,1500000
2019.06.19 19:16:09.080,1.12307,1.1231,1310000,1000000
2019.06.19 19:16:09.292,1.12304,1.12309,4700000,2000000
2019.06.19 19:16:09.343,1.12304,1.12309,2260000,1500000
2019.06.19 19:16:09.446,1.12305,1.12309,2290000,1000000
2019.06.19 19:16:09.601,1.12304,1.12309,2260000,1000000
2019.06.19 19:16:09.790,1.12303,1.12309,6200000,6070000
2019.06.19 19:16:09.841,1.12305,1.12309,1310000,2000000
2019.06.19 19:16:09.943,1.12305,1.1231,2660000,4890000
2019.06.19 19:16:10.147,1.12305,1.1231,3010000,1690000
2019.06.19 19:16:10.291,1.12306,1.12309,1000000,1500000
2019.06.19 19:16:10.444,1.12307,1.12311,2970000,1000000
2019.06.19 19:16:10.547,1.12308,1.12311,1250000,1000000
2019.06.19 19:16:10.649,1.12307,1.12312,3320000,2750000
2019.06.19 19:16:10.700,1.12307,1.12312,3320000,2250000
2019.06.19 19:16:11.100,1.12308,1.12312,5760000,1000000
2019.06.19 19:16:11.151,1.12309,1.12312,1570000,1000000
2019.06.19 19:16:11.254,1.12308,1.12312,2120000,4620000
2019.06.19 19:16:11.382,1.12309,1.12312,1000000,1700000
2019.06.19 19:16:11.484,1.1231,1.12314,2640000,1000000
2019.06.19 19:16:11.586,1.1231,1.12313,4200000,1000000
2019.06.19 19:16:11.638,1.12308,1.12313,2890000,6220000
2019.06.19 19:16:11.690,1.12308,1.12312,2160000,2000000
2019.06.19 19:16:11.799,1.12308,1.12312,1850000,1000000
2019.06.19 19:16:12.351,1.1231,1.12314,6140000,1000000
2019.06.19 19:16:12.454,1.12309,1.12314,2440000,3760000
2019.06.19 19:16:12.556,1.12309,1.12314,3260000,1000000
2019.06.19 19:16:12.691,1.12312,1.12314,1250000,1500000
2019.06.19 19:16:12.743,1.12312,1.12316,1750000,1120000
2019.06.19 19:16:12.846,1.12312,1.12316,1010000,1950000
2019.06.19 19:16:12.948,1.12313,1.12317,4010000,1000000
2019.06.19 19:16:13.106,1.12312,1.12317,2510000,1500000
2019.06.19 19:16:13.208,1.12312,1.12316,1250000,2620000
2019.06.19 19:16:13.312,1.12311,1.12315,1120000,3450000
2019.06.19 19:16:13.363,1.12313,1.12315,1010000,1000000
2019.06.19 19:16:13.465,1.12316,1.12319,2450000,1120000
2019.06.19 19:16:13.582,1.12316,1.1232,1010000,6200000
2019.06.19 19:16:13.686,1.12318,1.1232,1120000,1000000
2019.06.19 19:16:13.738,1.12314,1.12318,1000000,4870000
2019.06.19 19:16:13.891,1.12316,1.12318,1000000,1000000
2019.06.19 19:16:13.992,1.12314,1.12316,1120000,1870000
2019.06.19 19:16:14.060,1.12312,1.12317,2140000,1120000
2019.06.19 19:16:14.163,1.12312,1.12316,1000000,1500000
2019.06.19 19:16:14.668,1.12311,1.12316,1950000,3000000
2019.06.19 19:16:14.770,1.12312,1.12316,1200000,1000000
2019.06.19 19:16:14.872,1.12311,1.12317,5260000,3070000
2019.06.19 19:16:14.974,1.12311,1.12316,1100000,3120000
2019.06.19 19:16:15.077,1.12309,1.12315,6420000,6410000
2019.06.19 19:16:15.180,1.1231,1.12314,1000000,1000000
2019.06.19 19:16:15.283,1.12311,1.12316,1200000,3750000
2019.06.19 19:16:15.386,1.12311,1.12316,1100000,6100000
2019.06.19 19:16:15.488,1.12311,1.12317,5660000,4500000
2019.06.19 19:16:15.694,1.12311,1.12316,1570000,3120000
2019.06.19 19:16:15.797,1.12311,1.12316,1200000,2620000
2019.06.19 19:16:15.901,1.12312,1.12316,1200000,1000000
2019.06.19 19:16:16.320,1.12311,1.12316,2820000,2250000
2019.06.19 19:16:16.423,1.12312,1.12316,2820000,1000000
2019.06.19 19:16:16.525,1.12311,1.12316,1600000,2750000
2019.06.19 19:16:17.197,1.12312,1.12315,1870000,1000000
2019.06.19 19:16:17.302,1.12312,1.12315,1870000,1500000
2019.06.19 19:16:17.501,1.12312,1.12316,3070000,1500000
2019.06.19 19:16:17.553,1.12311,1.12316,1000000,4570000
2019.06.19 19:16:18.271,1.1231,1.12315,1000000,8820000
2019.06.19 19:16:18.424,1.1231,1.12315,1750000,6570000
2019.06.19 19:16:18.526,1.1231,1.12313,1120000,1000000
2019.06.19 19:16:18.700,1.12311,1.12314,1810000,1000000
2019.06.19 19:16:18.803,1.12312,1.12315,1250000,1000000
2019.06.19 19:16:18.855,1.12316,1.12317,1500000,1000000
2019.06.19 19:16:18.957,1.12316,1.12319,1120000,1120000
2019.06.19 19:16:19.170,1.12315,1.12318,1000000,3870000
2019.06.19 19:16:19.232,1.12313,1.12317,3190000,3000000
2019.06.19 19:16:19.335,1.12312,1.12314,1500000,1870000
2019.06.19 19:16:19.386,1.1231,1.12314,1500000,2810000
2019.06.19 19:16:20.541,1.12308,1.12313,3560000,3820000
2019.06.19 19:16:20.592,1.12308,1.12309,1000000,1200000
2019.06.19 19:16:20.694,1.12307,1.12311,2620000,1870000
2019.06.19 19:16:20.808,1.12307,1.12312,3890000,2250000
2019.06.19 19:16:20.912,1.12309,1.12312,2310000,1000000
2019.06.19 19:16:21.065,1.12309,1.12313,3970000,1000000
2019.06.19 19:16:21.272,1.12311,1.12313,1000000,1000000
2019.06.19 19:16:21.375,1.12309,1.12313,1570000,1500000
2019.06.19 19:16:21.478,1.12308,1.12312,2510000,4250000
2019.06.19 19:16:21.529,1.12307,1.1231,1310000,1000000
2019.06.19 19:16:21.699,1.12307,1.12311,1570000,2700000
2019.06.19 19:16:21.802,1.12308,1.12312,2870000,1870000
2019.06.19 19:16:22.107,1.1231,1.12313,1970000,2500000
2019.06.19 19:16:22.278,1.1231,1.12313,1500000,2810000
2019.06.19 19:16:23.116,1.1231,1.12313,1620000,2060000
2019.06.19 19:16:23.221,1.12308,1.1231,4950000,1120000
2019.06.19 19:16:23.324,1.12308,1.1231,1250000,1100000
2019.06.19 19:16:23.427,1.12309,1.12312,2060000,1000000
2019.06.19 19:16:23.631,1.1231,1.12315,5140000,2620000
2019.06.19 19:16:23.733,1.1231,1.12314,1120000,4060000
2019.06.19 19:16:23.881,1.12314,1.12315,1690000,1000000
2019.06.19 19:16:23.934,1.12312,1.12315,1500000,2620000
2019.06.19 19:16:24.037,1.12312,1.12314,1000000,2320000
2019.06.19 19:16:24.154,1.12316,1.12317,1250000,1000000
2019.06.19 19:16:24.256,1.12315,1.12319,6390000,1000000
2019.06.19 19:16:24.307,1.12314,1.12319,2890000,4310000
2019.06.19 19:16:24.409,1.12315,1.12319,2700000,1000000
2019.06.19 19:16:24.511,1.12314,1.12319,6450000,3000000
2019.06.19 19:16:24.633,1.12314,1.12317,1120000,2250000
2019.06.19 19:16:24.890,1.12314,1.12318,2140000,1000000
2019.06.19 19:16:25.027,1.12316,1.1232,2210000,3370000
2019.06.19 19:16:25.284,1.12317,1.1232,1250000,1120000
2019.06.19 19:16:25.444,1.12318,1.12322,4390000,1870000
2019.06.19 19:16:25.547,1.12318,1.12322,1600000,1120000
2019.06.19 19:16:25.763,1.12319,1.12322,2890000,1000000
2019.06.19 19:16:25.867,1.12318,1.12322,1010000,1500000
2019.06.19 19:16:26.007,1.12318,1.12322,1850000,1500000
2019.06.19 19:16:26.111,1.12318,1.12322,1010000,1500000
2019.06.19 19:16:26.572,1.12318,1.12322,1000000,1870000
2019.06.19 19:16:26.710,1.12319,1.12323,2140000,1000000
2019.06.19 19:16:26.812,1.12319,1.12322,1100000,1500000
2019.06.19 19:16:27.019,1.1232,1.12324,2250000,3690000
2019.06.19 19:16:27.121,1.12319,1.12324,6390000,4500000
2019.06.19 19:16:27.258,1.12321,1.12324,1870000,1000000
2019.06.19 19:16:27.359,1.12321,1.12324,1870000,1500000
2019.06.19 19:16:27.655,1.1232,1.12324,1870000,6640000
2019.06.19 19:16:27.804,1.12323,1.12325,1500000,1000000
2019.06.19 19:16:27.958,1.12322,1.12324,1500000,1120000
2019.06.19 19:16:28.068,1.1232,1.12323,1500000,1250000
2019.06.19 19:16:28.120,1.12321,1.12324,2700000,1000000
2019.06.19 19:16:28.541,1.12319,1.12323,1000000,2820000
2019.06.19 19:16:28.746,1.12319,1.12323,2820000,1100000
2019.06.19 19:16:29.185,1.1232,1.12324,1600000,2560000
2019.06.19 19:16:29.288,1.1232,1.12324,1120000,4600000
2019.06.19 19:16:29.442,1.1232,1.12325,3610000,5260000
2019.06.19 19:16:29.623,1.1232,1.12325,3560000,4510000
2019.06.19 19:16:29.768,1.1232,1.12325,3560000,4510000
2019.06.19 19:16:30.115,1.12321,1.12325,1550000,2700000
2019.06.19 19:16:30.166,1.12323,1.12324,1500000,1120000
2019.06.19 19:16:30.269,1.1232,1.12323,1000000,1100000
2019.06.19 19:16:30.628,1.12319,1.12323,2250000,1500000
2019.06.19 19:16:31.036,1.1232,1.12323,3370000,1000000
2019.06.19 19:16:31.163,1.12319,1.12323,1120000,1310000
2019.06.19 19:16:31.316,1.12319,1.12323,1620000,1000000
2019.06.19 19:16:31.419,1.12319,1.12323,1200000,1200000
2019.06.19 19:16:31.559,1.12317,1.12321,1690000,5640000
2019.06.19 19:16:31.678,1.12317,1.1232,1870000,1600000
2019.06.19 19:16:31.729,1.12316,1.1232,1200000,1690000
2019.06.19 19:16:31.780,1.12317,1.1232,1120000,3200000
2019.06.19 19:16:31.883,1.12317,1.1232,2940000,1120000
2019.06.19 19:16:31.985,1.12316,1.1232,2940000,2700000
2019.06.19 19:16:32.529,1.12316,1.1232,2860000,2720000
2019.06.19 19:16:32.632,1.12317,1.12321,1100000,3950000
2019.06.19 19:16:32.683,1.12316,1.1232,1250000,3450000
2019.06.19 19:16:32.735,1.12317,1.12321,1000000,1500000
2019.06.19 19:16:32.843,1.12317,1.12322,2700000,1870000
2019.06.19 19:16:32.945,1.12318,1.12321,1000000,1000000
2019.06.19 19:16:33.047,1.12319,1.12322,2250000,1000000
2019.06.19 19:16:33.200,1.1232,1.12324,3000000,1120000
2019.06.19 19:16:33.319,1.1232,1.12325,4000000,3070000
2019.06.19 19:16:33.429,1.1232,1.12324,3390000,2700000
2019.06.19 19:16:33.531,1.12322,1.12325,3390000,1120000
2019.06.19 19:16:33.634,1.12322,1.12326,2120000,4250000
2019.06.19 19:16:33.742,1.12322,1.12326,2950000,3070000
2019.06.19 19:16:33.896,1.12321,1.12325,4000000,2140000
2019.06.19 19:16:34.186,1.12321,1.12324,1500000,1500000
2019.06.19 19:16:34.238,1.12325,1.12326,1690000,1000000
2019.06.19 19:16:34.290,1.12326,1.12329,1120000,1120000
2019.06.19 19:16:34.393,1.12327,1.1233,3250000,1120000
2019.06.19 19:16:34.599,1.12326,1.1233,4310000,3200000
2019.06.19 19:16:36.058,1.12331,1.12332,4010000,1000000
2019.06.19 19:16:36.160,1.1233,1.12333,1120000,2940000
2019.06.19 19:16:36.211,1.12329,1.12333,4620000,2070000
2019.06.19 19:16:36.313,1.12328,1.12333,4390000,2440000
2019.06.19 19:16:36.429,1.12328,1.12333,5570000,1870000
2019.06.19 19:16:36.532,1.12329,1.12333,1120000,1000000
2019.06.19 19:16:36.635,1.12331,1.12334,2620000,1000000
2019.06.19 19:16:37.879,1.1233,1.12334,1980000,2060000
2019.06.19 19:16:37.981,1.12329,1.12332,1000000,1620000
2019.06.19 19:16:38.083,1.12328,1.12332,1200000,3820000
2019.06.19 19:16:38.713,1.12328,1.12332,1500000,3120000
2019.06.19 19:16:38.907,1.1233,1.12334,3010000,2870000
2019.06.19 19:16:39.620,1.1233,1.12333,1120000,1100000
2019.06.19 19:16:39.825,1.1233,1.12334,1000000,2640000
2019.06.19 19:16:40.274,1.1233,1.12334,1100000,1570000
2019.06.19 19:16:41.283,1.1233,1.12334,1600000,1890000
2019.06.19 19:16:41.983,1.1233,1.12333,2620000,1000000
2019.06.19 19:16:42.085,1.12328,1.12332,1500000,2370000
2019.06.19 19:16:45.053,1.12331,1.12333,1500000,1000000
2019.06.19 19:16:45.105,1.12331,1.12334,1130000,1120000
2019.06.19 19:16:46.294,1.12331,1.12334,1000000,1620000
2019.06.19 19:16:46.396,1.1233,1.12335,2810000,2640000
2019.06.19 19:16:46.593,1.12333,1.12337,1500000,2370000
2019.06.19 19:16:46.695,1.12336,1.12339,1310000,2140000
2019.06.19 19:16:46.797,1.12336,1.12339,1250000,1350000
2019.06.19 19:16:47.138,1.12334,1.12338,1500000,4600000
2019.06.19 19:16:47.241,1.12333,1.12337,3000000,3100000
2019.06.19 19:16:47.344,1.12332,1.12337,2620000,6070000
2019.06.19 19:16:47.499,1.12333,1.12336,2000000,1100000
2019.06.19 19:16:48.248,1.12334,1.12338,3410000,3870000
2019.06.19 19:16:48.350,1.12335,1.12339,1870000,1690000
2019.06.19 19:16:48.452,1.12335,1.12339,1120000,1350000
2019.06.19 19:16:48.554,1.12334,1.12338,1000000,5820000
2019.06.19 19:16:48.614,1.12334,1.12338,1000000,5320000
2019.06.19 19:16:48.818,1.12334,1.12338,1120000,2820000
2019.06.19 19:16:49.005,1.12334,1.12338,5750000,1500000
2019.06.19 19:16:49.107,1.12334,1.12338,5450000,1100000
2019.06.19 19:16:49.319,1.12333,1.12338,3760000,1870000
2019.06.19 19:16:50.716,1.12333,1.12336,1000000,1870000
2019.06.19 19:16:50.819,1.12333,1.12337,1120000,1870000
2019.06.19 19:16:53.378,1.12333,1.12337,1620000,1570000
2019.06.19 19:16:53.843,1.12332,1.12335,3730000,1570000
2019.06.19 19:16:53.895,1.12329,1.12332,1000000,1570000
2019.06.19 19:16:54.600,1.12328,1.12332,1000000,4950000
2019.06.19 19:16:55.311,1.12329,1.12332,1000000,1000000
2019.06.19 19:16:55.414,1.1233,1.12334,1600000,2190000
2019.06.19 19:16:55.465,1.12331,1.12335,2060000,1200000
2019.06.19 19:16:55.632,1.12331,1.12335,2840000,1200000
2019.06.19 19:16:56.535,1.12332,1.12335,1150000,1500000
2019.06.19 19:16:56.638,1.12331,1.12333,1000000,1000000
2019.06.19 19:16:56.793,1.12328,1.12333,1870000,6970000
2019.06.19 19:16:58.015,1.12329,1.12332,1000000,1200000
2019.06.19 19:16:58.167,1.12329,1.12331,1000000,1600000
2019.06.19 19:16:58.270,1.12327,1.1233,4310000,1700000
2019.06.19 19:16:58.321,1.12326,1.1233,4310000,3220000
2019.06.19 19:16:58.438,1.12326,1.12329,1000000,1950000
2019.06.19 19:16:58.690,1.12326,1.12327,1870000,1120000
2019.06.19 19:16:58.742,1.12323,1.12327,1500000,2700000
2019.06.19 19:16:58.844,1.12322,1.12324,1000000,1500000
2019.06.19 19:16:58.948,1.12323,1.12325,1310000,1620000
2019.06.19 19:16:59.050,1.12321,1.12324,2440000,2320000
2019.06.19 19:16:59.271,1.1232,1.12324,2440000,2320000
2019.06.19 19:16:59.638,1.1232,1.12323,4000000,1000000
2019.06.19 19:16:59.770,1.1232,1.12322,1690000,1200000
2019.06.19 19:16:59.873,1.12319,1.12323,1500000,4500000
2019.06.19 19:17:00.144,1.12319,1.12323,1620000,4500000
2019.06.19 19:17:00.246,1.1232,1.12323,4500000,2810000
2019.06.19 19:17:00.531,1.1232,1.12324,1120000,5060000
2019.06.19 19:17:00.780,1.1232,1.12324,1120000,6410000
2019.06.19 19:17:02.355,1.12324,1.12325,1310000,2250000
2019.06.19 19:17:02.406,1.12326,1.12328,1120000,1000000
2019.06.19 19:17:02.509,1.12326,1.12329,2250000,1000000
2019.06.19 19:17:02.611,1.12324,1.12328,1000000,2000000
2019.06.19 19:17:02.736,1.12324,1.12328,4810000,2000000
2019.06.19 19:17:02.838,1.12324,1.12328,3310000,1000000
2019.06.19 19:17:04.148,1.12327,1.1233,8290000,1500000
2019.06.19 19:17:04.251,1.12327,1.1233,1010000,1000000
2019.06.19 19:17:04.353,1.12326,1.1233,1240000,5320000
2019.06.19 19:17:04.513,1.12326,1.12329,1120000,2250000
2019.06.19 19:17:04.742,1.12325,1.12329,1000000,4390000
2019.06.19 19:17:04.844,1.12325,1.12329,1120000,4890000
2019.06.19 19:17:05.858,1.12326,1.12329,1500000,1950000
2019.06.19 19:17:06.011,1.12327,1.1233,4510000,1000000
2019.06.19 19:17:06.113,1.12326,1.1233,2740000,4200000
2019.06.19 19:17:06.452,1.12326,1.12329,1000000,3070000
2019.06.19 19:17:06.657,1.12326,1.1233,4310000,1000000
2019.06.19 19:17:06.760,1.12326,1.12329,1500000,1100000
2019.06.19 19:17:07.280,1.12325,1.1233,3560000,7410000
2019.06.19 19:17:08.444,1.12325,1.1233,2810000,4390000
2019.06.19 19:17:08.833,1.12326,1.1233,4310000,1000000
2019.06.19 19:17:09.299,1.12326,1.12329,1000000,1000000
2019.06.19 19:17:09.760,1.12325,1.12327,1000000,1950000
2019.06.19 19:17:09.936,1.12323,1.12326,1000000,2250000
2019.06.19 19:17:10.038,1.12323,1.12327,1120000,2250000
2019.06.19 19:17:11.464,1.12323,1.12326,3120000,1500000
2019.06.19 19:17:11.710,1.12323,1.12326,4120000,1500000
2019.06.19 19:17:11.863,1.12323,1.12327,1500000,2250000
2019.06.19 19:17:11.967,1.12324,1.12328,2100000,4750000
2019.06.19 19:17:12.069,1.12324,1.12327,1000000,1500000
2019.06.19 19:17:12.171,1.1232,1.12322,1000000,5620000
2019.06.19 19:17:12.234,1.12318,1.1232,1000000,1720000
2019.06.19 19:17:12.285,1.12317,1.1232,1500000,1000000
2019.06.19 19:17:12.436,1.12316,1.12321,6690000,3260000
2019.06.19 19:17:12.538,1.12317,1.12321,8940000,1120000
2019.06.19 19:17:13.264,1.12317,1.1232,1000000,1500000
2019.06.19 19:17:13.461,1.12316,1.1232,2250000,1250000
2019.06.19 19:17:14.608,1.12316,1.1232,3000000,4440000
2019.06.19 19:17:14.711,1.12316,1.1232,1620000,9040000
2019.06.19 19:17:14.864,1.12316,1.12319,1870000,5510000
2019.06.19 19:17:15.077,1.12317,1.12319,1870000,1000000
2019.06.19 19:17:15.179,1.12316,1.12319,1870000,5890000
2019.06.19 19:17:15.892,1.12315,1.12318,2620000,4820000
2019.06.19 19:17:15.995,1.12316,1.12318,2250000,2060000
2019.06.19 19:17:16.097,1.12316,1.12318,1870000,1500000
2019.06.19 19:17:16.199,1.12316,1.12319,1500000,2250000
2019.06.19 19:17:16.332,1.12316,1.1232,2440000,5820000
2019.06.19 19:17:16.435,1.12316,1.12319,1500000,2250000
2019.06.19 19:17:16.537,1.12315,1.12317,1500000,1750000
2019.06.19 19:17:16.639,1.12315,1.12317,1500000,1250000
2019.06.19 19:17:16.748,1.12315,1.12319,5250000,5190000
2019.06.19 19:17:17.146,1.12316,1.12319,1570000,5190000
2019.06.19 19:17:17.301,1.12316,1.12318,1000000,1000000
2019.06.19 19:17:17.404,1.12315,1.12318,1000000,1120000
2019.06.19 19:17:18.070,1.12314,1.12318,2250000,6640000
2019.06.19 19:17:18.172,1.12315,1.12317,2250000,1000000
2019.06.19 19:17:18.275,1.12315,1.12318,3120000,2500000
2019.06.19 19:17:18.390,1.12317,1.12319,1250000,1500000
2019.06.19 19:17:19.351,1.12317,1.12318,1000000,1000000
2019.06.19 19:17:19.454,1.12317,1.12319,1250000,1000000
2019.06.19 19:17:19.607,1.12316,1.1232,3670000,1690000
2019.06.19 19:17:19.809,1.12317,1.1232,3000000,1000000
2019.06.19 19:17:20.080,1.12316,1.1232,3000000,8060000
2019.06.19 19:17:20.770,1.12316,1.1232,2120000,7140000
2019.06.19 19:17:23.489,1.12318,1.1232,1560000,1000000
2019.06.19 19:17:24.165,1.12319,1.12321,1100000,1120000
2019.06.19 19:17:24.319,1.12318,1.12321,1250000,3070000
2019.06.19 19:17:24.622,1.12318,1.12321,1370000,2450000
2019.06.19 19:17:24.723,1.12318,1.12321,1370000,1950000
2019.06.19 19:17:25.794,1.12319,1.12321,1250000,2250000
2019.06.19 19:17:25.935,1.1232,1.12321,1690000,1000000
2019.06.19 19:17:27.734,1.12319,1.12323,3200000,4120000
2019.06.19 19:17:27.786,1.12322,1.12323,1570000,2620000
2019.06.19 19:17:27.910,1.12325,1.12327,1250000,3370000
2019.06.19 19:17:27.965,1.12326,1.1233,3190000,1000000
2019.06.19 19:17:28.511,1.12327,1.12329,1500000,1000000
2019.06.19 19:17:28.790,1.12326,1.12329,1120000,1000000
2019.06.19 19:17:28.892,1.12325,1.12329,2000000,3750000
2019.06.19 19:17:29.036,1.12325,1.12329,4120000,3500000
2019.06.19 19:17:29.567,1.12327,1.12329,1000000,1000000
2019.06.19 19:17:29.669,1.12326,1.1233,4690000,1120000
2019.06.19 19:17:29.774,1.12327,1.1233,4690000,1000000
2019.06.19 19:17:31.590,1.12327,1.12329,1000000,1000000
2019.06.19 19:17:31.642,1.12325,1.12327,1500000,1870000
2019.06.19 19:17:31.749,1.12323,1.12326,1000000,1500000
2019.06.19 19:17:31.800,1.12323,1.12325,1250000,2250000
2019.06.19 19:17:31.902,1.12323,1.12326,2620000,1000000
2019.06.19 19:17:32.055,1.12323,1.12327,3450000,1870000
2019.06.19 19:17:32.194,1.12324,1.12328,2700000,4500000
2019.06.19 19:17:32.246,1.12326,1.12328,1000000,5250000
2019.06.19 19:17:32.349,1.12327,1.1233,2840000,1500000
2019.06.19 19:17:32.452,1.12327,1.1233,3560000,1500000
2019.06.19 19:17:32.916,1.1233,1.12332,1500000,1500000
2019.06.19 19:17:32.967,1.1233,1.12334,1720000,2440000
2019.06.19 19:17:33.069,1.12331,1.12334,2820000,1000000
2019.06.19 19:17:33.241,1.12331,1.12334,4120000,1000000
2019.06.19 19:17:33.394,1.1233,1.12334,1120000,4200000
2019.06.19 19:17:34.401,1.1233,1.12334,1120000,2070000
2019.06.19 19:17:35.315,1.1233,1.12335,6260000,1620000
2019.06.19 19:17:35.699,1.1233,1.12334,1500000,3200000
2019.06.19 19:17:35.919,1.1233,1.12334,3750000,1620000
2019.06.19 19:17:35.971,1.12329,1.12332,3000000,1700000
2019.06.19 19:17:36.022,1.1233,1.12333,4690000,2620000
2019.06.19 19:17:36.277,1.12329,1.12333,1500000,7200000
2019.06.19 19:17:37.294,1.1233,1.12333,1500000,1000000
2019.06.19 19:17:37.397,1.1233,1.12333,1120000,1000000
2019.06.19 19:17:37.552,1.12329,1.12334,3620000,4570000
2019.06.19 19:17:37.793,1.1233,1.12333,1000000,1000000
2019.06.19 19:17:38.041,1.12329,1.12334,3120000,5320000
2019.06.19 19:17:38.196,1.12331,1.12334,2750000,1500000
2019.06.19 19:17:40.372,1.12335,1.12336,3940000,1000000
2019.06.19 19:17:40.424,1.12335,1.12338,1120000,5120000
2019.06.19 19:17:40.526,1.12335,1.12339,2000000,3750000
2019.06.19 19:17:40.679,1.12334,1.12337,2500000,7220000
2019.06.19 19:17:40.788,1.12333,1.12337,4260000,1000000
2019.06.19 19:17:40.889,1.12332,1.12336,1690000,3750000
2019.06.19 19:17:42.334,1.12332,1.12337,1690000,5640000
2019.06.19 19:17:42.487,1.12334,1.12338,6320000,1500000
2019.06.19 19:17:43.325,1.12333,1.12335,1250000,2250000
2019.06.19 19:17:43.462,1.12331,1.12334,1500000,1000000
2019.06.19 19:17:43.564,1.1233,1.12334,1200000,2320000
2019.06.19 19:17:43.666,1.12329,1.12333,1620000,8070000
2019.06.19 19:17:43.768,1.1233,1.12333,1120000,3000000
2019.06.19 19:17:43.981,1.1233,1.12332,2370000,1500000
2019.06.19 19:17:44.033,1.12328,1.12331,1250000,2700000
2019.06.19 19:17:44.086,1.1233,1.12333,1250000,3940000
2019.06.19 19:17:44.137,1.1233,1.12334,3750000,1120000
2019.06.19 19:17:44.348,1.12331,1.12336,8160000,2250000
2019.06.19 19:17:44.450,1.12332,1.12336,2200000,1950000
2019.06.19 19:17:45.601,1.12336,1.12337,1250000,1000000
2019.06.19 19:17:45.652,1.12336,1.12338,1200000,1000000
2019.06.19 19:17:45.754,1.12335,1.12339,4690000,4250000
2019.06.19 19:17:46.139,1.12336,1.12338,2560000,1000000
2019.06.19 19:17:46.191,1.12333,1.12337,2370000,4950000
2019.06.19 19:17:46.293,1.12333,1.12336,1370000,1000000
2019.06.19 19:17:46.401,1.12332,1.12336,2500000,6370000
2019.06.19 19:17:46.452,1.12335,1.12338,1600000,3370000
2019.06.19 19:17:46.554,1.12334,1.12337,1000000,3750000
2019.06.19 19:17:47.520,1.12333,1.12337,1870000,2250000
2019.06.19 19:17:47.891,1.12334,1.12337,1570000,1500000
2019.06.19 19:17:47.993,1.12334,1.12338,4690000,3120000
2019.06.19 19:17:49.055,1.12334,1.12338,2000000,1500000
2019.06.19 19:17:49.157,1.12333,1.12336,1000000,3750000
2019.06.19 19:17:49.316,1.12334,1.12337,4620000,1000000
2019.06.19 19:17:49.417,1.12333,1.12337,1870000,3750000
2019.06.19 19:17:49.875,1.12333,1.12337,1500000,5070000
2019.06.19 19:17:50.047,1.12334,1.12338,1500000,2250000
2019.06.19 19:17:50.150,1.12335,1.12339,3560000,6000000
2019.06.19 19:17:50.355,1.12335,1.12339,2370000,3120000
2019.06.19 19:17:50.556,1.12336,1.12339,4950000,1120000
2019.06.19 19:17:51.094,1.12335,1.12339,2370000,3500000
2019.06.19 19:17:51.239,1.12335,1.12339,1870000,1570000
2019.06.19 19:17:52.046,1.12335,1.12338,1120000,1500000
2019.06.19 19:17:52.148,1.12336,1.12338,4120000,1000000
2019.06.19 19:17:52.251,1.12335,1.12338,1870000,1500000
2019.06.19 19:17:52.353,1.12336,1.12338,4870000,1500000
2019.06.19 19:17:52.484,1.12335,1.12339,2250000,1570000
2019.06.19 19:17:52.953,1.12338,1.1234,2440000,1000000
2019.06.19 19:17:53.081,1.1234,1.12343,2950000,1870000
2019.06.19 19:17:53.183,1.12341,1.12343,1000000,1000000
2019.06.19 19:17:53.285,1.1234,1.12344,2370000,3070000
2019.06.19 19:17:53.540,1.12342,1.12344,3670000,1000000
2019.06.19 19:17:53.685,1.12342,1.12344,2420000,2250000
2019.06.19 19:17:54.143,1.12342,1.12346,5500000,1000000
2019.06.19 19:17:54.417,1.12345,1.12347,5870000,2120000
2019.06.19 19:17:54.469,1.12346,1.12349,1910000,1120000
2019.06.19 19:17:54.520,1.12346,1.1235,4690000,1500000
2019.06.19 19:17:54.622,1.12347,1.1235,2060000,1000000
2019.06.19 19:17:54.934,1.12348,1.1235,2060000,1000000
2019.06.19 19:17:54.985,1.12345,1.12349,5940000,2350000
2019.06.19 19:17:55.037,1.12344,1.12348,1120000,8440000
2019.06.19 19:17:55.141,1.12344,1.12348,1500000,6940000
2019.06.19 19:17:55.245,1.12345,1.12348,1600000,1500000
2019.06.19 19:17:55.297,1.12346,1.12349,2250000,1000000
2019.06.19 19:17:55.399,1.12347,1.1235,3760000,1000000
2019.06.19 19:17:55.501,1.12346,1.1235,3760000,1500000
2019.06.19 19:17:55.835,1.12343,1.12345,3220000,1500000
2019.06.19 19:17:55.937,1.12338,1.1234,1500000,1690000
2019.06.19 19:17:56.042,1.12336,1.12339,5370000,1690000
2019.06.19 19:17:56.207,1.12335,1.12338,1500000,1500000
2019.06.19 19:17:56.360,1.12335,1.12338,1120000,2250000
2019.06.19 19:17:56.513,1.12336,1.12338,1120000,1000000
2019.06.19 19:17:57.211,1.12334,1.12335,1120000,1000000
2019.06.19 19:17:57.323,1.12332,1.12335,5190000,1100000
2019.06.19 19:17:57.425,1.12331,1.12335,5190000,1000000
2019.06.19 19:17:57.527,1.12331,1.12334,1120000,2000000
2019.06.19 19:17:57.814,1.12331,1.12335,3310000,1500000
2019.06.19 19:17:57.916,1.12332,1.12335,1120000,1000000
2019.06.19 19:17:57.967,1.12333,1.12336,3370000,2000000
2019.06.19 19:17:58.069,1.12333,1.12335,1870000,1500000
2019.06.19 19:17:58.486,1.12332,1.12335,2370000,1870000
2019.06.19 19:17:58.589,1.12329,1.12331,2560000,3370000
2019.06.19 19:17:58.640,1.12328,1.12331,5560000,1120000
2019.06.19 19:17:58.806,1.12328,1.1233,2000000,1500000
2019.06.19 19:17:58.858,1.12329,1.12331,1000000,2620000
2019.06.19 19:17:58.910,1.12331,1.12334,1310000,1310000
2019.06.19 19:17:59.679,1.12332,1.12334,1000000,1000000
2019.06.19 19:17:59.992,1.12331,1.12335,2940000,3000000
2019.06.19 19:18:00.552,1.12331,1.12333,1000000,2250000
2019.06.19 19:18:02.005,1.12328,1.12331,1250000,4570000
2019.06.19 19:18:02.113,1.12327,1.1233,1690000,3450000
2019.06.19 19:18:02.316,1.12328,1.1233,1310000,1000000
2019.06.19 19:18:02.657,1.12327,1.1233,1310000,3000000
2019.06.19 19:18:03.097,1.12328,1.1233,1310000,1000000
2019.06.19 19:18:03.392,1.12327,1.1233,1000000,3000000
2019.06.19 19:18:05.085,1.12327,1.12331,4390000,2750000
2019.06.19 19:18:06.245,1.12327,1.12331,3560000,2250000
2019.06.19 19:18:07.445,1.12328,1.12331,4310000,1000000
2019.06.19 19:18:07.623,1.12328,1.12332,2370000,4700000
2019.06.19 19:18:08.600,1.12328,1.12332,1560000,1870000
2019.06.19 19:18:09.175,1.12329,1.12332,1940000,1000000
2019.06.19 19:18:09.277,1.12328,1.12332,3060000,3070000
2019.06.19 19:18:14.118,1.12324,1.12325,1000000,7120000
2019.06.19 19:18:14.220,1.1232,1.12321,1310000,1000000
2019.06.19 19:18:14.362,1.12318,1.12321,3940000,4220000
2019.06.19 19:18:14.466,1.12318,1.1232,1000000,1000000
2019.06.19 19:18:14.884,1.12317,1.12319,1000000,1500000
2019.06.19 19:18:14.936,1.12316,1.12317,1000000,1000000
2019.06.19 19:18:15.038,1.12316,1.12319,2810000,1000000
2019.06.19 19:18:15.140,1.12315,1.12319,1870000,2440000
2019.06.19 19:18:16.068,1.12316,1.12319,1120000,2250000
2019.06.19 19:18:16.170,1.12317,1.12321,5140000,1000000
2019.06.19 19:18:16.323,1.12317,1.12318,1000000,1000000
2019.06.19 19:18:16.473,1.12312,1.12316,2000000,4310000
2019.06.19 19:18:16.575,1.12313,1.12314,1570000,1000000
2019.06.19 19:18:16.677,1.1231,1.12312,2500000,1120000
2019.06.19 19:18:16.779,1.12309,1.12311,1000000,1000000
2019.06.19 19:18:16.916,1.12307,1.12311,1250000,1120000
2019.06.19 19:18:17.018,1.12306,1.12311,3250000,5620000
2019.06.19 19:18:17.171,1.12308,1.12311,1100000,2250000
2019.06.19 19:18:17.286,1.12309,1.12311,1100000,1500000
2019.06.19 19:18:17.338,1.12309,1.12313,3070000,1500000
2019.06.19 19:18:17.593,1.12309,1.12311,1750000,1000000
2019.06.19 19:18:17.695,1.12308,1.1231,1250000,1000000
2019.06.19 19:18:17.835,1.12307,1.12308,1000000,1120000
2019.06.19 19:18:17.886,1.12304,1.12307,1760000,3000000
2019.06.19 19:18:18.092,1.12304,1.12308,1870000,1870000
2019.06.19 19:18:18.297,1.12305,1.12308,1120000,1000000
2019.06.19 19:18:18.423,1.12306,1.1231,1930000,2940000
2019.06.19 19:18:18.526,1.12307,1.1231,1120000,1120000
2019.06.19 19:18:18.629,1.12307,1.12311,1310000,1870000
2019.06.19 19:18:19.216,1.12308,1.12311,3940000,1000000
2019.06.19 19:18:19.369,1.12307,1.12311,1870000,1500000
2019.06.19 19:18:19.672,1.12309,1.12313,7330000,1000000
2019.06.19 19:18:19.775,1.12311,1.12314,4320000,1000000
2019.06.19 19:18:19.878,1.12311,1.12314,1200000,1000000
2019.06.19 19:18:20.302,1.12312,1.12315,3010000,1000000
2019.06.19 19:18:20.404,1.12312,1.12315,2510000,1000000
2019.06.19 19:18:20.557,1.1231,1.12314,1500000,4500000
2019.06.19 19:18:20.666,1.12306,1.1231,1500000,2810000
2019.06.19 19:18:20.768,1.12306,1.12308,1120000,1250000
2019.06.19 19:18:20.871,1.12304,1.12309,3560000,3690000
2019.06.19 19:18:21.082,1.12306,1.12309,1250000,1310000
2019.06.19 19:18:21.339,1.12304,1.12306,3390000,3750000
2019.06.19 19:18:21.454,1.12299,1.12302,1000000,2200000
2019.06.19 19:18:21.556,1.12299,1.12301,1000000,1250000
2019.06.19 19:18:21.658,1.12298,1.12302,2700000,4870000
2019.06.19 19:18:21.709,1.12298,1.123,1500000,1000000
2019.06.19 19:18:21.826,1.12299,1.12301,1250000,1120000
2019.06.19 19:18:21.878,1.12299,1.12303,2320000,3750000
2019.06.19 19:18:21.980,1.12299,1.12302,1000000,1120000
2019.06.19 19:18:22.619,1.12299,1.12303,1870000,1000000
2019.06.19 19:18:22.887,1.12299,1.12302,1120000,1120000
2019.06.19 19:18:23.328,1.12299,1.12303,5370000,1620000
2019.06.19 19:18:23.762,1.12299,1.12303,2000000,4500000
2019.06.19 19:18:23.914,1.12299,1.12303,1870000,5820000
2019.06.19 19:18:24.623,1.12299,1.12303,1000000,3370000
2019.06.19 19:18:24.725,1.12298,1.12302,2250000,3000000
2019.06.19 19:18:24.810,1.12298,1.12301,1250000,4500000
2019.06.19 19:18:24.863,1.12298,1.12303,6820000,1120000
2019.06.19 19:18:24.966,1.12299,1.12301,1250000,1000000
2019.06.19 19:18:25.018,1.12299,1.12303,3370000,1120000
2019.06.19 19:18:25.120,1.12299,1.12302,1000000,1120000
2019.06.19 19:18:25.419,1.12299,1.12303,3370000,1120000
2019.06.19 19:18:26.162,1.12299,1.12303,5000000,1870000
2019.06.19 19:18:26.214,1.123,1.12303,2250000,3120000
2019.06.19 19:18:26.317,1.12299,1.12303,3000000,3000000
2019.06.19 19:18:26.472,1.12299,1.12303,5320000,1500000
2019.06.19 19:18:26.574,1.12299,1.12302,1870000,1500000
2019.06.19 19:18:26.719,1.12299,1.12301,1000000,2250000
2019.06.19 19:18:26.987,1.123,1.12302,3370000,1000000
2019.06.19 19:18:27.089,1.12299,1.12303,1500000,2620000
2019.06.19 19:18:27.201,1.12299,1.12303,5370000,6120000
2019.06.19 19:18:27.303,1.12301,1.12302,1000000,1120000
2019.06.19 19:18:27.407,1.12299,1.12302,1000000,2750000
2019.06.19 19:18:27.458,1.12302,1.12303,1000000,1000000
2019.06.19 19:18:27.570,1.12301,1.12304,3390000,1000000
2019.06.19 19:18:27.672,1.123,1.12302,1000000,1000000
2019.06.19 19:18:28.556,1.12299,1.12301,3970000,1000000
2019.06.19 19:18:28.658,1.12299,1.12303,1220000,6940000
2019.06.19 19:18:28.786,1.12299,1.12303,1720000,5100000
2019.06.19 19:18:29.360,1.12299,1.12302,1870000,2840000
2019.06.19 19:18:29.475,1.12299,1.12302,4290000,1000000
2019.06.19 19:18:30.240,1.12299,1.12302,1120000,1500000
2019.06.19 19:18:30.827,1.123,1.12302,1870000,1000000
2019.06.19 19:18:31.519,1.12299,1.12302,1120000,1120000
2019.06.19 19:18:31.784,1.12299,1.12302,1120000,1500000
2019.06.19 19:18:31.886,1.12299,1.12302,1120000,1120000
2019.06.19 19:18:32.081,1.12302,1.12303,2250000,1000000
2019.06.19 19:18:32.184,1.123,1.12302,1000000,1120000
2019.06.19 19:18:32.320,1.12298,1.12301,1000000,7120000
2019.06.19 19:18:32.422,1.12299,1.123,1120000,2250000
2019.06.19 19:18:32.524,1.12299,1.12303,3600000,1870000
2019.06.19 19:18:32.626,1.12299,1.12303,4200000,1870000
2019.06.19 19:18:32.740,1.12301,1.12304,10140000,1000000
2019.06.19 19:18:32.791,1.12299,1.12303,3000000,7800000
2019.06.19 19:18:32.893,1.12299,1.12302,2320000,1500000
2019.06.19 19:18:33.761,1.12298,1.123,1250000,3370000
2019.06.19 19:18:33.863,1.12297,1.123,1350000,1690000
2019.06.19 19:18:34.791,1.12296,1.12301,5700000,4750000
2019.06.19 19:18:34.893,1.12297,1.12301,1350000,2750000
2019.06.19 19:18:35.003,1.12298,1.12302,6640000,1000000
2019.06.19 19:18:35.105,1.12297,1.12302,6660000,4120000
2019.06.19 19:18:35.207,1.12297,1.12301,1510000,4870000
2019.06.19 19:18:35.436,1.12297,1.12301,2140000,2250000
2019.06.19 19:18:35.833,1.12297,1.123,1220000,2250000
2019.06.19 19:18:35.935,1.12297,1.123,1000000,2250000
2019.06.19 19:18:36.078,1.12298,1.12302,4540000,1000000
2019.06.19 19:18:36.180,1.12301,1.12304,1390000,1250000
2019.06.19 19:18:37.166,1.12304,1.12306,1250000,4120000
2019.06.19 19:18:37.218,1.12304,1.12308,2440000,1310000
2019.06.19 19:18:37.269,1.12303,1.12305,1500000,1500000
2019.06.19 19:18:37.371,1.12301,1.12304,1000000,6120000
2019.06.19 19:18:37.473,1.12301,1.12304,1000000,3370000
2019.06.19 19:18:37.794,1.12301,1.12305,4010000,2620000
2019.06.19 19:18:38.451,1.123,1.12305,3260000,4690000
2019.06.19 19:18:38.593,1.123,1.12304,4950000,2440000
2019.06.19 19:18:38.695,1.123,1.12304,2560000,1120000
2019.06.19 19:18:39.151,1.123,1.12304,1000000,1250000
2019.06.19 19:18:39.365,1.12298,1.123,1000000,3200000
2019.06.19 19:18:39.468,1.12297,1.123,1500000,1120000
2019.06.19 19:18:39.570,1.12295,1.123,3820000,8120000
2019.06.19 19:18:41.465,1.12297,1.123,2250000,1000000
2019.06.19 19:18:41.819,1.12298,1.12301,2250000,2000000
2019.06.19 19:18:41.921,1.123,1.12303,1120000,2560000
2019.06.19 19:18:42.024,1.12301,1.12304,1120000,1000000
2019.06.19 19:18:42.127,1.123,1.12303,1000000,3000000
2019.06.19 19:18:42.819,1.123,1.12305,8260000,2750000
2019.06.19 19:18:42.989,1.12302,1.12305,2640000,1000000
2019.06.19 19:18:43.092,1.12304,1.12307,1100000,2370000
2019.06.19 19:18:43.195,1.12306,1.1231,4600000,1250000
2019.06.19 19:18:44.018,1.12307,1.1231,4310000,1000000
2019.06.19 19:18:44.250,1.12306,1.12309,1310000,2440000
2019.06.19 19:18:46.271,1.12309,1.1231,1250000,1870000
2019.06.19 19:18:46.322,1.12309,1.12312,1000000,4320000
2019.06.19 19:18:46.441,1.1231,1.12314,2940000,5500000
2019.06.19 19:18:46.544,1.12309,1.12314,3200000,4870000
2019.06.19 19:18:47.356,1.12312,1.12315,3310000,1000000
2019.06.19 19:18:47.460,1.12314,1.12316,3200000,3000000
2019.06.19 19:18:47.586,1.12313,1.12318,1570000,6000000
2019.06.19 19:18:47.689,1.12314,1.12316,1120000,1000000
2019.06.19 19:18:47.944,1.12312,1.12317,7390000,3450000
2019.06.19 19:18:48.018,1.12314,1.12317,6070000,1120000
2019.06.19 19:18:48.453,1.12315,1.12317,5250000,1000000
2019.06.19 19:18:49.605,1.12313,1.12317,6950000,4120000
2019.06.19 19:18:50.744,1.12315,1.12317,6120000,1000000
2019.06.19 19:18:50.948,1.12315,1.12317,4950000,1000000
2019.06.19 19:18:51.852,1.12314,1.12317,4500000,1500000
2019.06.19 19:18:52.357,1.12313,1.12314,1000000,2250000
2019.06.19 19:18:52.467,1.1231,1.12311,3750000,3370000
2019.06.19 19:18:52.569,1.12309,1.12312,3820000,1000000
2019.06.19 19:18:52.672,1.1231,1.12312,4870000,1000000
2019.06.19 19:18:52.824,1.1231,1.12311,1120000,1000000
2019.06.19 19:18:53.295,1.12309,1.12312,4870000,1000000
2019.06.19 19:18:54.624,1.1231,1.12312,1500000,1120000
2019.06.19 19:18:54.675,1.12312,1.12314,3950000,1000000
2019.06.19 19:18:54.726,1.12312,1.12314,2060000,1000000
2019.06.19 19:18:55.385,1.1231,1.12313,1500000,1690000
2019.06.19 19:18:55.488,1.1231,1.12311,3560000,1000000
2019.06.19 19:18:55.625,1.1231,1.12311,2250000,1120000
2019.06.19 19:18:56.494,1.12309,1.12311,2250000,1120000
2019.06.19 19:18:56.852,1.1231,1.12312,1690000,1000000
2019.06.19 19:18:56.955,1.12309,1.12312,1500000,1690000
2019.06.19 19:18:57.056,1.12309,1.12311,1120000,1690000
2019.06.19 19:18:57.210,1.12309,1.1231,3190000,1500000
2019.06.19 19:18:57.262,1.12307,1.1231,3860000,2320000
2019.06.19 19:18:57.364,1.1231,1.12311,2740000,1250000
2019.06.19 19:18:57.471,1.12311,1.12315,12190000,1500000
2019.06.19 19:18:57.574,1.12315,1.12316,2810000,1000000
2019.06.19 19:18:57.676,1.12316,1.1232,11910000,1500000
2019.06.19 19:18:57.793,1.12317,1.1232,6790000,1000000
2019.06.19 19:18:57.905,1.12316,1.1232,5810000,3750000
2019.06.19 19:18:58.159,1.12316,1.12319,1570000,1500000
2019.06.19 19:18:58.211,1.12316,1.12317,2250000,1500000
2019.06.19 19:18:58.313,1.12314,1.12317,2250000,3000000
2019.06.19 19:18:59.097,1.12315,1.12318,4120000,1000000
2019.06.19 19:18:59.149,1.12317,1.12319,2060000,1000000
2019.06.19 19:18:59.522,1.12315,1.12317,2250000,8500000
2019.06.19 19:18:59.624,1.12314,1.12317,2250000,3950000
2019.06.19 19:18:59.944,1.12316,1.12317,2250000,1000000
2019.06.19 19:19:00.046,1.12316,1.1232,9260000,1500000
2019.06.19 19:19:00.148,1.12317,1.1232,5440000,1000000
2019.06.19 19:19:03.949,1.12316,1.1232,9310000,1870000
2019.06.19 19:19:04.060,1.12315,1.12317,3500000,2060000
2019.06.19 19:19:04.112,1.12316,1.12319,2450000,1500000
2019.06.19 19:19:04.214,1.12316,1.1232,13910000,1000000
2019.06.19 19:19:06.133,1.12317,1.12319,1120000,1000000
2019.06.19 19:19:06.244,1.12316,1.1232,7760000,1000000
2019.06.19 19:19:06.907,1.12317,1.1232,7760000,1000000
2019.06.19 19:19:07.009,1.12316,1.1232,8510000,1000000
2019.06.19 19:19:07.262,1.12316,1.1232,9010000,1000000
2019.06.19 19:19:09.176,1.12316,1.1232,8510000,2250000
2019.06.19 19:19:09.380,1.12316,1.1232,7910000,1000000
2019.06.19 19:19:09.482,1.12316,1.1232,9640000,1500000
2019.06.19 19:19:10.203,1.12316,1.12319,1000000,1500000
2019.06.19 19:19:10.306,1.12315,1.12319,3450000,1690000
2019.06.19 19:19:10.526,1.12316,1.12319,1120000,1000000
2019.06.19 19:19:10.939,1.12316,1.1232,8140000,1000000
2019.06.19 19:19:11.159,1.12318,1.1232,7760000,1000000
2019.06.19 19:19:11.210,1.12316,1.1232,4410000,5620000
2019.06.19 19:19:11.319,1.12317,1.12319,1000000,1000000
2019.06.19 19:19:11.422,1.12316,1.12319,1570000,1500000
2019.06.19 19:19:12.966,1.12316,1.1232,10010000,3750000
2019.06.19 19:19:13.068,1.12316,1.1232,6310000,1500000
2019.06.19 19:19:13.214,1.12316,1.1232,6310000,2000000
2019.06.19 19:19:14.324,1.12317,1.1232,4690000,1000000
2019.06.19 19:19:14.914,1.12316,1.1232,3190000,2250000
2019.06.19 19:19:15.168,1.12318,1.1232,3560000,1000000
2019.06.19 19:19:15.879,1.12316,1.1232,1310000,4120000
2019.06.19 19:19:16.141,1.12317,1.1232,1100000,1500000
2019.06.19 19:19:16.244,1.12317,1.12321,3260000,1500000
2019.06.19 19:19:17.585,1.12319,1.12321,1690000,1000000
2019.06.19 19:19:17.720,1.12319,1.12321,2190000,1000000
2019.06.19 19:19:17.772,1.12316,1.1232,2940000,4870000
2019.06.19 19:19:19.270,1.1231,1.12312,1250000,1000000
2019.06.19 19:19:19.372,1.12308,1.1231,6200000,1690000
2019.06.19 19:19:19.484,1.12307,1.12309,3950000,2440000
2019.06.19 19:19:19.587,1.12305,1.12309,8200000,2560000
2019.06.19 19:19:19.690,1.12305,1.12309,5150000,1120000
2019.06.19 19:19:19.793,1.12305,1.12309,5700000,1120000
2019.06.19 19:19:19.895,1.12305,1.12308,1870000,1500000
2019.06.19 19:19:20.393,1.12305,1.12309,5320000,1120000
2019.06.19 19:19:20.496,1.12305,1.12308,1120000,1120000
2019.06.19 19:19:22.003,1.12305,1.12309,4760000,1050000
2019.06.19 19:19:23.330,1.12305,1.12309,9010000,2170000
2019.06.19 19:19:23.381,1.12307,1.12309,4700000,1000000
2019.06.19 19:19:23.738,1.12307,1.12309,2620000,1000000
2019.06.19 19:19:24.050,1.12306,1.12309,2250000,4870000
2019.06.19 19:19:24.152,1.12306,1.12309,2250000,5000000
2019.06.19 19:19:24.947,1.12306,1.1231,6200000,1500000
2019.06.19 19:19:25.049,1.12307,1.1231,4790000,1000000
2019.06.19 19:19:25.420,1.12308,1.12311,7320000,3750000
2019.06.19 19:19:25.577,1.12307,1.12308,1000000,1000000
2019.06.19 19:19:25.686,1.12307,1.12309,1120000,1000000
2019.06.19 19:19:26.460,1.12306,1.1231,4690000,1050000
2019.06.19 19:19:26.562,1.12306,1.12309,1120000,1500000
2019.06.19 19:19:26.794,1.12306,1.1231,5510000,3000000
2019.06.19 19:19:27.104,1.12306,1.12309,1500000,2250000
2019.06.19 19:19:27.344,1.12306,1.1231,4310000,5000000
2019.06.19 19:19:27.845,1.12306,1.1231,2510000,3000000
2019.06.19 19:19:28.260,1.12307,1.1231,5510000,1000000
2019.06.19 19:19:28.710,1.12306,1.1231,4760000,2250000
2019.06.19 19:19:28.892,1.12306,1.1231,3450000,2500000
2019.06.19 19:19:29.173,1.12306,1.1231,2810000,2440000
2019.06.19 19:19:29.283,1.12306,1.12308,2440000,2440000
2019.06.19 19:19:29.387,1.12303,1.12305,1120000,1500000
2019.06.19 19:19:29.489,1.12303,1.12305,1000000,1500000
2019.06.19 19:19:29.592,1.12303,1.12306,3370000,1500000
2019.06.19 19:19:29.837,1.12303,1.12306,3370000,1120000
2019.06.19 19:19:30.197,1.12304,1.12306,1870000,1000000
2019.06.19 19:19:30.422,1.12304,1.12307,6370000,1000000
2019.06.19 19:19:30.524,1.12302,1.12306,2620000,3640000
2019.06.19 19:19:30.575,1.12302,1.12305,1620000,1570000
2019.06.19 19:19:30.728,1.12305,1.12306,1870000,1000000
2019.06.19 19:19:30.779,1.12304,1.12307,2620000,1100000
2019.06.19 19:19:31.098,1.12304,1.12306,1000000,1500000
2019.06.19 19:19:31.200,1.12304,1.12307,2620000,1000000
2019.06.19 19:19:31.980,1.12305,1.12307,3750000,1000000
2019.06.19 19:19:32.190,1.12305,1.12307,4500000,1000000
2019.06.19 19:19:33.049,1.12306,1.1231,5740000,2250000
2019.06.19 19:19:33.151,1.12307,1.1231,4160000,1000000
2019.06.19 19:19:33.620,1.12308,1.1231,1120000,1120000
2019.06.19 19:19:33.742,1.12309,1.1231,1000000,1000000
2019.06.19 19:19:33.794,1.12308,1.12312,2620000,1950000
2019.06.19 19:19:33.897,1.12308,1.12312,4620000,1500000
2019.06.19 19:19:34.745,1.12308,1.12312,8000000,3750000
2019.06.19 19:19:34.899,1.12309,1.12312,1000000,2620000
2019.06.19 19:19:35.126,1.12308,1.12312,5000000,2920000
2019.06.19 19:19:36.532,1.12308,1.12312,5090000,1200000
2019.06.19 19:19:36.635,1.12307,1.1231,1010000,3000000
2019.06.19 19:19:36.687,1.12307,1.12311,6660000,3000000
2019.06.19 19:19:36.864,1.12308,1.12311,2060000,1000000
2019.06.19 19:19:36.916,1.1231,1.12312,2570000,1000000
2019.06.19 19:19:37.328,1.12311,1.12313,1250000,2250000
2019.06.19 19:19:37.381,1.12308,1.12312,4270000,3000000
2019.06.19 19:19:37.585,1.12308,1.12312,3270000,4500000
2019.06.19 19:19:37.637,1.12308,1.12311,1370000,3750000
2019.06.19 19:19:37.877,1.12307,1.12311,2870000,3940000
2019.06.19 19:19:37.979,1.12308,1.12311,3620000,1000000
2019.06.19 19:19:38.183,1.12307,1.12311,4370000,3190000
2019.06.19 19:19:40.277,1.12306,1.12307,1000000,1100000
2019.06.19 19:19:40.379,1.12302,1.12304,1000000,2470000
2019.06.19 19:19:40.481,1.12302,1.12303,1000000,1000000
2019.06.19 19:19:40.563,1.123,1.12303,2620000,3370000
2019.06.19 19:19:40.666,1.123,1.12302,1120000,1310000
2019.06.19 19:19:40.769,1.12301,1.12303,2560000,1000000
2019.06.19 19:19:41.081,1.12303,1.12305,1390000,1000000
2019.06.19 19:19:41.387,1.12302,1.12305,1310000,1120000
2019.06.19 19:19:41.506,1.12301,1.12305,2810000,2250000
2019.06.19 19:19:41.557,1.12301,1.12303,1000000,3000000
2019.06.19 19:19:41.813,1.12302,1.12303,1000000,1000000
2019.06.19 19:19:41.915,1.12302,1.12305,4440000,1000000
2019.06.19 19:19:42.136,1.12301,1.12305,7060000,2250000
2019.06.19 19:19:42.289,1.12301,1.12305,5060000,1500000
2019.06.19 19:19:42.678,1.12302,1.12303,1000000,1000000
2019.06.19 19:19:42.793,1.12302,1.12304,1000000,1000000
2019.06.19 19:19:42.896,1.12301,1.12304,1000000,1500000
2019.06.19 19:19:43.202,1.12302,1.12305,1760000,1000000
2019.06.19 19:19:43.254,1.123,1.12304,1000000,7010000
2019.06.19 19:19:43.403,1.123,1.12303,1470000,3120000
2019.06.19 19:19:43.505,1.123,1.12303,1870000,1000000
2019.06.19 19:19:43.607,1.123,1.12303,1870000,2500000
2019.06.19 19:19:43.812,1.123,1.12304,2140000,4820000
2019.06.19 19:19:44.908,1.12301,1.12303,1000000,1500000
2019.06.19 19:19:45.011,1.123,1.12304,1500000,6560000
2019.06.19 19:19:45.118,1.12301,1.12304,1000000,1500000
2019.06.19 19:19:45.373,1.12301,1.12305,3560000,4570000
2019.06.19 19:19:45.476,1.12301,1.12304,1500000,2250000
2019.06.19 19:19:45.582,1.12301,1.12303,1010000,2250000
2019.06.19 19:19:45.685,1.12301,1.12304,2700000,1500000
2019.06.19 19:19:46.092,1.12302,1.12304,1870000,1500000
2019.06.19 19:19:47.187,1.12302,1.12304,2370000,1000000
2019.06.19 19:19:48.362,1.12304,1.12306,7440000,1120000
2019.06.19 19:19:48.414,1.12305,1.12308,1500000,1690000
2019.06.19 19:19:48.809,1.12304,1.12306,1000000,3750000
2019.06.19 19:19:49.071,1.12303,1.12306,2620000,4690000
2019.06.19 19:19:49.173,1.12304,1.12306,2370000,1870000
2019.06.19 19:19:49.224,1.12304,1.12308,7530000,1250000
2019.06.19 19:19:49.482,1.12305,1.12308,3870000,1000000
2019.06.19 19:19:49.586,1.12305,1.12309,5070000,1500000
2019.06.19 19:19:50.225,1.12308,1.12309,1000000,1000000
2019.06.19 19:19:50.329,1.12311,1.12312,1120000,1250000
2019.06.19 19:19:50.440,1.12309,1.12312,1120000,2620000
2019.06.19 19:19:52.002,1.1231,1.12312,1500000,1000000
2019.06.19 19:19:52.972,1.12309,1.12313,7620000,1000000
2019.06.19 19:19:54.282,1.12311,1.12313,4250000,1000000
2019.06.19 19:19:54.633,1.12311,1.12313,4120000,1000000
2019.06.19 19:19:55.074,1.12312,1.12314,2000000,1000000
2019.06.19 19:19:55.228,1.12315,1.12316,3370000,1690000
2019.06.19 19:19:55.331,1.12314,1.12316,1120000,1120000
2019.06.19 19:19:55.433,1.12315,1.12316,4780000,1250000
2019.06.19 19:19:55.484,1.12312,1.12315,2370000,3250000
2019.06.19 19:19:55.636,1.12312,1.12313,1000000,1000000
2019.06.19 19:19:55.891,1.1231,1.12314,5620000,2440000
2019.06.19 19:19:55.993,1.1231,1.12313,1500000,2440000
2019.06.19 19:19:56.095,1.1231,1.12314,3750000,1250000
2019.06.19 19:19:56.300,1.1231,1.12314,8000000,1690000
2019.06.19 19:19:57.340,1.12311,1.12314,3120000,1870000
2019.06.19 19:19:57.442,1.12312,1.12315,2250000,1000000
2019.06.19 19:19:57.562,1.12313,1.12316,8620000,1500000
2019.06.19 19:19:57.665,1.12313,1.12315,1000000,1000000
2019.06.19 19:19:57.871,1.12312,1.12315,1120000,2700000
2019.06.19 19:19:59.009,1.12313,1.12316,3200000,1100000
2019.06.19 19:19:59.111,1.12313,1.12314,1000000,1000000
2019.06.19 19:19:59.214,1.12312,1.12314,2000000,1000000
2019.06.19 19:19:59.316,1.12311,1.12314,2370000,1500000
2019.06.19 19:19:59.469,1.12312,1.12314,2000000,1000000
2019.06.19 19:19:59.641,1.12311,1.12314,1000000,4010000
2019.06.19 19:19:59.744,1.12314,1.12316,3950000,1690000
2019.06.19 19:19:59.846,1.12314,1.12317,1620000,3640000
2019.06.19 19:20:00.068,1.12315,1.12317,1620000,1000000
2019.06.19 19:20:00.170,1.12314,1.12317,2750000,3190000
2019.06.19 19:20:00.273,1.12315,1.12317,2750000,1000000
2019.06.19 19:20:00.375,1.12315,1.12318,3750000,1000000
2019.06.19 19:20:00.496,1.12316,1.12319,1120000,2440000
2019.06.19 19:20:00.984,1.12317,1.12319,1120000,1000000
2019.06.19 19:20:01.085,1.12316,1.12319,1120000,2440000
2019.06.19 19:20:01.441,1.12317,1.12319,1000000,1000000
2019.06.19 19:20:01.558,1.12316,1.12319,1000000,2440000
2019.06.19 19:20:01.609,1.12314,1.12315,1000000,5740000
2019.06.19 19:20:01.711,1.12311,1.12312,1310000,1000000
2019.06.19 19:20:01.814,1.1231,1.12311,1500000,1000000
2019.06.19 19:20:01.925,1.12308,1.1231,1120000,1000000
2019.06.19 19:20:02.027,1.12307,1.1231,2250000,1500000
2019.06.19 19:20:02.515,1.12307,1.12309,4620000,1500000
2019.06.19 19:20:02.668,1.12306,1.12309,2000000,3190000
2019.06.19 19:20:02.821,1.12306,1.12308,1000000,1000000
2019.06.19 19:20:03.025,1.12306,1.12309,3500000,1000000
2019.06.19 19:20:03.127,1.12305,1.12308,1870000,3450000
2019.06.19 19:20:04.049,1.12306,1.12308,1500000,1000000
2019.06.19 19:20:04.593,1.12306,1.12309,1120000,1870000
2019.06.19 19:20:04.696,1.12304,1.12307,4120000,5950000
2019.06.19 19:20:04.798,1.12305,1.12307,2750000,1000000
2019.06.19 19:20:05.219,1.12304,1.12308,5000000,3190000
2019.06.19 19:20:05.578,1.12304,1.12308,5370000,5500000
2019.06.19 19:20:05.690,1.12303,1.12305,1500000,1000000
2019.06.19 19:20:05.741,1.12301,1.12304,1870000,3640000
2019.06.19 19:20:05.844,1.123,1.12304,2110000,1000000
2019.06.19 19:20:06.371,1.123,1.12304,1440000,1500000
2019.06.19 19:20:06.473,1.12299,1.12304,1500000,7390000
2019.06.19 19:20:06.626,1.123,1.12302,1120000,1000000
2019.06.19 19:20:06.762,1.12299,1.12301,3000000,2620000
2019.06.19 19:20:06.814,1.12297,1.123,5620000,1000000
2019.06.19 19:20:06.916,1.12296,1.123,2620000,5060000
2019.06.19 19:20:07.018,1.12297,1.12299,1000000,1500000
2019.06.19 19:20:07.175,1.12297,1.123,4870000,1000000
2019.06.19 19:20:07.278,1.12296,1.123,2750000,5060000
2019.06.19 19:20:07.687,1.12297,1.12299,1500000,1000000
2019.06.19 19:20:07.789,1.12297,1.12298,1000000,1000000
2019.06.19 19:20:07.891,1.12296,1.12298,1000000,3940000
2019.06.19 19:20:08.044,1.12296,1.12299,1000000,3190000
2019.06.19 19:20:08.270,1.12297,1.12299,1500000,1000000
2019.06.19 19:20:08.551,1.12296,1.123,5450000,5510000
2019.06.19 19:20:08.706,1.12297,1.12299,1120000,1000000
2019.06.19 19:20:09.396,1.12296,1.12298,1870000,1000000
2019.06.19 19:20:09.448,1.12295,1.12298,2620000,1000000
2019.06.19 19:20:09.500,1.12293,1.12295,2250000,1010000
2019.06.19 19:20:09.603,1.12295,1.12296,1000000,1310000
2019.06.19 19:20:09.767,1.12294,1.12295,1000000,3750000
2019.06.19 19:20:09.869,1.12292,1.12295,3450000,1000000
2019.06.19 19:20:09.971,1.1229,1.12295,4200000,7310000
2019.06.19 19:20:10.213,1.1229,1.12293,2000000,1870000
2019.06.19 19:20:10.317,1.12288,1.1229,1050000,1470000
2019.06.19 19:20:10.419,1.12288,1.12291,1410000,1310000
2019.06.19 19:20:10.522,1.12288,1.12291,1490000,1910000
2019.06.19 19:20:10.639,1.1229,1.12294,7920000,1120000
2019.06.19 19:20:10.743,1.1229,1.12294,1500000,1120000
2019.06.19 19:20:11.128,1.1229,1.12293,1000000,1120000
2019.06.19 19:20:11.383,1.1229,1.12294,2060000,1870000
2019.06.19 19:20:11.485,1.12289,1.12294,3370000,7390000
2019.06.19 19:20:11.922,1.12289,1.12292,1310000,1250000
2019.06.19 19:20:12.024,1.12288,1.12292,4440000,1000000
2019.06.19 19:20:12.127,1.12287,1.12291,1000000,2810000
2019.06.19 19:20:12.948,1.12287,1.1229,1000000,3560000
2019.06.19 19:20:13.051,1.12286,1.1229,1500000,6620000
2019.06.19 19:20:13.159,1.12286,1.12289,1000000,2620000
2019.06.19 19:20:13.475,1.12287,1.1229,2070000,1000000
2019.06.19 19:20:13.832,1.12287,1.12291,1310000,1870000
2019.06.19 19:20:16.103,1.12288,1.12291,1690000,1000000
2019.06.19 19:20:17.001,1.12288,1.12292,1200000,4070000
2019.06.19 19:20:17.164,1.12288,1.12291,1750000,1500000
2019.06.19 19:20:17.318,1.12288,1.12289,2250000,1000000
2019.06.19 19:20:17.369,1.12285,1.12288,2620000,1120000
2019.06.19 19:20:17.471,1.12284,1.12288,1250000,4500000
2019.06.19 19:20:17.828,1.12286,1.12289,3000000,1120000
2019.06.19 19:20:17.930,1.12285,1.12289,1000000,3560000
2019.06.19 19:20:18.312,1.12285,1.12288,1000000,2250000
2019.06.19 19:20:18.415,1.12285,1.12289,1500000,4500000
2019.06.19 19:20:18.832,1.12284,1.12287,1000000,4540000
2019.06.19 19:20:18.934,1.12285,1.12288,1950000,1000000
2019.06.19 19:20:19.242,1.12285,1.12287,1000000,1500000
2019.06.19 19:20:19.382,1.12284,1.12288,1000000,2620000
2019.06.19 19:20:19.882,1.12286,1.12288,1000000,1000000
2019.06.19 19:20:21.480,1.12285,1.12288,1000000,1000000
2019.06.19 19:20:21.913,1.12287,1.12289,1200000,1000000
2019.06.19 19:20:22.046,1.12286,1.12289,1000000,5250000
2019.06.19 19:20:24.583,1.12285,1.12288,1500000,1760000
2019.06.19 19:20:24.842,1.12285,1.12287,1000000,2470000
2019.06.19 19:20:25.238,1.12285,1.12289,3750000,2470000
2019.06.19 19:20:25.768,1.12285,1.12289,1000000,5660000
2019.06.19 19:20:26.027,1.12281,1.12283,1000000,1950000
2019.06.19 19:20:26.131,1.12278,1.12281,1500000,9200000
2019.06.19 19:20:26.298,1.12278,1.12282,1250000,1000000
2019.06.19 19:20:26.400,1.12278,1.12282,1250000,2720000
2019.06.19 19:20:26.647,1.12279,1.12283,2810000,2250000
2019.06.19 19:20:26.802,1.12279,1.12282,1000000,1310000
2019.06.19 19:20:26.903,1.12279,1.12283,3820000,1100000
2019.06.19 19:20:27.005,1.1228,1.12283,2810000,1370000
2019.06.19 19:20:27.225,1.12281,1.12282,1000000,1250000
2019.06.19 19:20:27.328,1.1228,1.12282,1120000,1000000
2019.06.19 19:20:27.606,1.12278,1.1228,1120000,1120000
2019.06.19 19:20:27.709,1.12276,1.1228,1120000,4070000
2019.06.19 19:20:27.913,1.12278,1.12281,1570000,2440000
2019.06.19 19:20:28.600,1.12278,1.12282,1120000,5390000
2019.06.19 19:20:28.859,1.12279,1.12283,2320000,1000000
2019.06.19 19:20:28.962,1.12279,1.12282,1370000,1100000
2019.06.19 19:20:30.412,1.12278,1.1228,1000000,1500000
2019.06.19 19:20:30.514,1.12277,1.1228,4120000,1120000
2019.06.19 19:20:31.271,1.12277,1.12281,2510000,4450000
2019.06.19 19:20:32.032,1.12277,1.1228,1000000,2350000
2019.06.19 19:20:32.134,1.12275,1.12279,1000000,5360000
2019.06.19 19:20:33.171,1.12274,1.12277,3000000,2510000
2019.06.19 19:20:33.273,1.12273,1.12275,1000000,7370000
2019.06.19 19:20:33.399,1.12273,1.12275,1500000,1120000
2019.06.19 19:20:33.501,1.12271,1.12275,1000000,9260000
2019.06.19 19:20:33.603,1.12271,1.12276,2620000,4390000
2019.06.19 19:20:33.837,1.12271,1.12275,1000000,7010000
2019.06.19 19:20:33.939,1.12271,1.12275,2000000,5890000
2019.06.19 19:20:34.041,1.12274,1.12276,1090000,1690000
2019.06.19 19:20:34.416,1.12274,1.12277,1000000,1250000
2019.06.19 19:20:34.518,1.12275,1.12277,1000000,3940000
2019.06.19 19:20:34.717,1.12277,1.12279,4200000,1500000
2019.06.19 19:20:34.819,1.12275,1.12279,1870000,6700000
2019.06.19 19:20:35.563,1.12276,1.12279,1120000,3490000
2019.06.19 19:20:35.927,1.12276,1.12279,1000000,4690000
2019.06.19 19:20:36.695,1.12276,1.1228,5480000,4640000
2019.06.19 19:20:36.899,1.12276,1.12279,1500000,4410000
2019.06.19 19:20:37.001,1.12276,1.12279,1500000,2060000
2019.06.19 19:20:37.407,1.12275,1.12279,2000000,4050000
2019.06.19 19:20:37.988,1.12275,1.12279,1500000,3490000
2019.06.19 19:20:38.090,1.12277,1.12279,2000000,1500000
2019.06.19 19:20:38.497,1.12275,1.12279,1500000,7860000
2019.06.19 19:20:38.926,1.12275,1.12279,1000000,7940000
2019.06.19 19:20:39.278,1.12275,1.12279,1000000,7190000
2019.06.19 19:20:39.601,1.12276,1.12279,1500000,1250000
2019.06.19 19:20:40.726,1.12277,1.12279,1000000,5440000
2019.06.19 19:20:40.829,1.12278,1.1228,1500000,3000000
2019.06.19 19:20:40.931,1.12278,1.1228,1000000,4000000
2019.06.19 19:20:41.479,1.12282,1.12283,4870000,1000000
2019.06.19 19:20:41.582,1.12279,1.12281,1000000,1870000
2019.06.19 19:20:41.688,1.12278,1.12279,1000000,1000000
2019.06.19 19:20:41.790,1.12275,1.12278,1500000,3890000
2019.06.19 19:20:41.894,1.12275,1.12276,4120000,1250000
2019.06.19 19:20:41.945,1.12273,1.12275,1120000,1250000
2019.06.19 19:20:42.037,1.12272,1.12275,1500000,1570000
2019.06.19 19:20:42.545,1.12271,1.12274,1000000,3010000
2019.06.19 19:20:42.657,1.1227,1.12274,1870000,7250000
2019.06.19 19:20:42.709,1.1227,1.12273,1620000,3060000
2019.06.19 19:20:42.811,1.12266,1.12269,1500000,10290000
2019.06.19 19:20:42.913,1.12266,1.12269,2250000,3640000
2019.06.19 19:20:43.024,1.12266,1.12268,1480000,1250000
2019.06.19 19:20:44.177,1.12264,1.12265,1500000,2060000
2019.06.19 19:20:44.297,1.12263,1.12264,2620000,1500000
2019.06.19 19:20:44.349,1.1226,1.12264,3870000,4000000
2019.06.19 19:20:44.503,1.1226,1.12264,1000000,5890000
2019.06.19 19:20:44.657,1.12261,1.12264,1500000,1250000
2019.06.19 19:20:45.066,1.12262,1.12265,1180000,1750000
2019.06.19 19:20:45.169,1.1226,1.12263,1000000,7040000
2019.06.19 19:20:45.295,1.12261,1.12262,2320000,1000000
2019.06.19 19:20:45.397,1.1226,1.12263,1480000,4500000
2019.06.19 19:20:45.499,1.12259,1.12264,4120000,5790000
2019.06.19 19:20:45.601,1.1226,1.12264,4120000,1940000
2019.06.19 19:20:45.740,1.1226,1.12264,4120000,1250000
2019.06.19 19:20:45.894,1.12259,1.12262,1000000,2120000
2019.06.19 19:20:45.997,1.12259,1.12263,2250000,2120000
2019.06.19 19:20:49.861,1.12261,1.12263,1000000,1250000
2019.06.19 19:20:51.013,1.12259,1.12263,1000000,10410000
2019.06.19 19:20:51.376,1.12257,1.12261,1500000,6200000
2019.06.19 19:20:51.478,1.1226,1.12262,4320000,1250000
2019.06.19 19:20:51.580,1.1226,1.12263,1870000,1250000
2019.06.19 19:20:52.132,1.1226,1.12263,2820000,1250000
2019.06.19 19:20:52.235,1.12259,1.12262,5890000,1000000
2019.06.19 19:20:52.574,1.1226,1.12263,2620000,4470000
2019.06.19 19:20:52.625,1.12262,1.12266,1120000,2620000
2019.06.19 19:20:52.727,1.12262,1.12266,2350000,1250000
2019.06.19 19:20:52.829,1.12262,1.12266,1870000,1250000
2019.06.19 19:20:53.093,1.12263,1.12266,2250000,1000000
2019.06.19 19:20:53.195,1.12264,1.12267,1700000,2870000
2019.06.19 19:20:53.246,1.12266,1.12268,1000000,1500000
2019.06.19 19:20:53.495,1.12264,1.12268,2320000,3890000
2019.06.19 19:20:55.301,1.12265,1.12267,1000000,1250000
2019.06.19 19:20:55.352,1.12263,1.12264,2250000,1010000
2019.06.19 19:20:55.403,1.12261,1.12264,5750000,1250000
2019.06.19 19:20:55.517,1.12259,1.12264,5820000,1310000
2019.06.19 19:20:55.775,1.12259,1.12262,1000000,1310000
2019.06.19 19:20:56.380,1.1226,1.12262,1000000,1000000
2019.06.19 19:20:56.482,1.12259,1.12262,1000000,6260000
2019.06.19 19:20:56.635,1.12264,1.12265,3070000,1500000
2019.06.19 19:20:56.688,1.12264,1.12267,4250000,1500000
2019.06.19 19:20:56.799,1.12264,1.12267,1000000,1690000
2019.06.19 19:20:57.689,1.12261,1.12263,1000000,1870000
2019.06.19 19:20:57.893,1.1226,1.12263,1500000,2620000
2019.06.19 19:20:58.545,1.12264,1.12265,1120000,1500000
2019.06.19 19:20:58.664,1.12264,1.12266,1500000,1000000
2019.06.19 19:20:58.919,1.12264,1.12267,1000000,2440000
2019.06.19 19:20:59.149,1.12263,1.12266,1000000,5070000
2019.06.19 19:20:59.251,1.12263,1.12266,2750000,1120000
2019.06.19 19:20:59.455,1.1226,1.12262,4530000,2810000
2019.06.19 19:20:59.506,1.12257,1.1226,1840000,2820000
2019.06.19 19:20:59.630,1.12254,1.12259,2860000,7390000
2019.06.19 19:20:59.732,1.12257,1.12259,1320000,1000000
2019.06.19 19:20:59.783,1.12255,1.12259,1120000,7010000
2019.06.19 19:21:00.221,1.12257,1.1226,2370000,1500000
2019.06.19 19:21:00.374,1.12257,1.1226,1870000,1500000
2019.06.19 19:21:00.782,1.12256,1.1226,1120000,1500000
2019.06.19 19:21:00.885,1.12256,1.1226,4250000,1000000
2019.06.19 19:21:01.514,1.12255,1.12259,1200000,3640000
2019.06.19 19:21:01.616,1.12255,1.12258,1500000,1250000
2019.06.19 19:21:01.760,1.12254,1.12258,3870000,4180000
2019.06.19 19:21:02.292,1.12254,1.12257,1120000,2060000
2019.06.19 19:21:02.445,1.12254,1.12257,1120000,2540000
2019.06.19 19:21:02.547,1.12254,1.12257,1120000,4760000
2019.06.19 19:21:02.769,1.12255,1.12257,1000000,1500000
2019.06.19 19:21:02.922,1.12254,1.12257,1000000,5140000
2019.06.19 19:21:06.210,1.12253,1.12257,1000000,7040000
2019.06.19 19:21:06.324,1.12252,1.12254,2000000,4690000
2019.06.19 19:21:06.375,1.12253,1.12256,3000000,1310000
2019.06.19 19:21:06.480,1.12254,1.12258,3300000,1390000
2019.06.19 19:21:06.582,1.12254,1.12258,3490000,3140000
2019.06.19 19:21:06.699,1.12254,1.12258,1610000,2700000
2019.06.19 19:21:06.751,1.12256,1.12258,1480000,1500000
2019.06.19 19:21:06.802,1.12256,1.1226,1120000,3940000
2019.06.19 19:21:07.056,1.12257,1.1226,1120000,1000000
2019.06.19 19:21:07.173,1.12256,1.1226,1120000,4390000
2019.06.19 19:21:07.483,1.12259,1.12261,1500000,1000000
2019.06.19 19:21:07.535,1.12258,1.12262,1310000,2560000
2019.06.19 19:21:07.699,1.12258,1.12261,2440000,1200000
2019.06.19 19:21:07.801,1.12257,1.1226,1120000,1000000
2019.06.19 19:21:07.903,1.12256,1.12261,6560000,5890000
2019.06.19 19:21:08.168,1.12256,1.1226,1000000,7010000
2019.06.19 19:21:08.572,1.12259,1.12261,1000000,3940000
2019.06.19 19:21:08.675,1.12259,1.12261,1000000,1750000
2019.06.19 19:21:08.781,1.12258,1.12262,3940000,2120000
2019.06.19 19:21:08.883,1.12258,1.12262,5000000,1250000
2019.06.19 19:21:08.986,1.12257,1.1226,1500000,1870000
2019.06.19 19:21:09.766,1.12258,1.12261,1250000,2440000
2019.06.19 19:21:10.436,1.12258,1.12261,1000000,2440000
2019.06.19 19:21:11.138,1.12258,1.12261,1250000,2060000
2019.06.19 19:21:11.241,1.12257,1.1226,1690000,3560000
2019.06.19 19:21:11.906,1.12259,1.12261,1000000,1370000
2019.06.19 19:21:12.008,1.12258,1.12261,1750000,1750000
2019.06.19 19:21:12.160,1.12258,1.12261,1500000,3260000
2019.06.19 19:21:12.343,1.1226,1.12261,1000000,1000000
2019.06.19 19:21:12.445,1.1226,1.12263,2250000,1120000
2019.06.19 19:21:13.474,1.12259,1.12263,3370000,1870000
2019.06.19 19:21:13.527,1.12258,1.12261,1120000,4760000
2019.06.19 19:21:13.629,1.12257,1.12259,1120000,2010000
2019.06.19 19:21:13.731,1.12258,1.12262,2450000,3250000
2019.06.19 19:21:13.835,1.12259,1.12263,2370000,1250000
2019.06.19 19:21:13.937,1.1226,1.12263,2370000,1250000
2019.06.19 19:21:14.039,1.12261,1.12263,1120000,1250000
2019.06.19 19:21:14.091,1.1226,1.12263,3120000,1570000
2019.06.19 19:21:14.246,1.1226,1.12263,1500000,4260000
2019.06.19 19:21:14.348,1.1226,1.12263,1500000,3070000
2019.06.19 19:21:14.495,1.12261,1.12263,2000000,1250000
2019.06.19 19:21:14.597,1.1226,1.12263,1500000,1570000
2019.06.19 19:21:14.960,1.12262,1.12263,1120000,3000000
2019.06.19 19:21:15.062,1.12263,1.12267,3220000,3370000
2019.06.19 19:21:15.165,1.12263,1.12267,1000000,5160000
2019.06.19 19:21:15.566,1.12263,1.12266,3940000,1410000
2019.06.19 19:21:15.668,1.12262,1.12266,3370000,1250000
2019.06.19 19:21:15.772,1.12263,1.12266,1000000,1250000
2019.06.19 19:21:15.872,1.12264,1.12268,2640000,1750000
2019.06.19 19:21:16.619,1.12264,1.12268,2620000,2500000
2019.06.19 19:21:17.810,1.12267,1.1227,12070000,1250000
2019.06.19 19:21:17.915,1.12268,1.12272,5060000,2320000
2019.06.19 19:21:18.017,1.12268,1.12272,6320000,1570000
2019.06.19 19:21:18.144,1.12268,1.12272,7010000,1570000
2019.06.19 19:21:18.276,1.12268,1.12272,6700000,1000000
2019.06.19 19:21:18.468,1.12267,1.12272,5200000,3750000
2019.06.19 19:21:18.570,1.12268,1.12271,1250000,1100000
2019.06.19 19:21:19.808,1.12269,1.12272,2500000,2250000
2019.06.19 19:21:19.932,1.12268,1.12272,3620000,2890000
2019.06.19 19:21:21.410,1.12267,1.1227,1000000,2330000
2019.06.19 19:21:21.512,1.12266,1.1227,1000000,2140000
2019.06.19 19:21:21.890,1.12266,1.1227,1000000,1890000
2019.06.19 19:21:22.145,1.12266,1.1227,1000000,2140000
2019.06.19 19:21:22.344,1.12267,1.1227,2250000,1000000
2019.06.19 19:21:22.447,1.12266,1.1227,1120000,1100000
2019.06.19 19:21:22.812,1.12266,1.1227,1620000,1120000
2019.06.19 19:21:24.150,1.12266,1.1227,1500000,2640000
2019.06.19 19:21:24.251,1.12267,1.1227,2250000,2000000
2019.06.19 19:21:24.354,1.12268,1.1227,1000000,2120000
2019.06.19 19:21:24.456,1.12267,1.1227,1000000,4950000
2019.06.19 19:21:26.144,1.12265,1.12266,1120000,2810000
2019.06.19 19:21:26.246,1.12261,1.12263,1000000,2940000
2019.06.19 19:21:26.494,1.12261,1.12264,1120000,4370000
2019.06.19 19:21:27.510,1.12262,1.12266,4820000,2510000
2019.06.19 19:21:29.024,1.12262,1.12264,1120000,1000000
2019.06.19 19:21:29.526,1.12261,1.12265,1120000,5160000
2019.06.19 19:21:29.933,1.12263,1.12265,1120000,1120000
2019.06.19 19:21:30.048,1.12264,1.12267,1500000,3190000
2019.06.19 19:21:30.895,1.12264,1.12268,2250000,1690000
2019.06.19 19:21:31.103,1.12264,1.12268,2750000,2060000
2019.06.19 19:21:31.257,1.12264,1.12268,2750000,2120000
2019.06.19 19:21:31.545,1.12265,1.12269,1120000,2620000
2019.06.19 19:21:31.648,1.12267,1.1227,5000000,1000000
2019.06.19 19:21:32.385,1.12267,1.1227,2620000,1000000
2019.06.19 19:21:32.655,1.12265,1.12268,1000000,4040000
2019.06.19 19:21:32.757,1.12265,1.12268,1000000,2440000
2019.06.19 19:21:33.346,1.12265,1.12269,3370000,1690000
2019.06.19 19:21:33.840,1.12263,1.12266,1500000,4850000
2019.06.19 19:21:33.942,1.12263,1.12267,4200000,3450000
2019.06.19 19:21:34.044,1.12263,1.12267,2250000,5750000
2019.06.19 19:21:34.161,1.12263,1.12268,4500000,6140000
2019.06.19 19:21:35.717,1.12264,1.12268,1120000,2500000
2019.06.19 19:21:35.870,1.12266,1.12269,1500000,1750000
2019.06.19 19:21:36.021,1.12265,1.12269,1500000,7640000
2019.06.19 19:21:37.593,1.12266,1.1227,7620000,1250000
2019.06.19 19:21:38.583,1.12266,1.12269,1500000,3320000
2019.06.19 19:21:38.731,1.12269,1.12272,1000000,3390000
2019.06.19 19:21:39.574,1.12268,1.12272,1000000,9660000
2019.06.19 19:21:39.705,1.12268,1.12272,3570000,7010000
2019.06.19 19:21:39.967,1.12269,1.12272,2370000,1000000
2019.06.19 19:21:40.281,1.12268,1.12272,3120000,2890000
2019.06.19 19:21:40.747,1.12269,1.12272,3500000,1000000
2019.06.19 19:21:40.872,1.12269,1.12273,1120000,2870000
2019.06.19 19:21:41.813,1.12269,1.12273,2370000,5870000
2019.06.19 19:21:43.852,1.12269,1.12273,1870000,1750000
2019.06.19 19:21:44.929,1.12269,1.12273,2370000,1940000
2019.06.19 19:21:45.898,1.12269,1.12273,3000000,1750000
2019.06.19 19:21:47.536,1.12271,1.12274,2000000,4410000
2019.06.19 19:21:47.587,1.12271,1.12275,4050000,5720000
2019.06.19 19:21:47.689,1.12271,1.12274,1000000,1870000
2019.06.19 19:21:48.203,1.12272,1.12275,8450000,1000000
2019.06.19 19:21:48.469,1.12271,1.12274,1120000,1870000
2019.06.19 19:21:49.131,1.12268,1.12271,4810000,1120000
2019.06.19 19:21:49.233,1.12267,1.1227,1500000,1570000
2019.06.19 19:21:49.336,1.12266,1.12268,1870000,1000000
2019.06.19 19:21:49.443,1.12264,1.12268,2620000,2890000
2019.06.19 19:21:52.520,1.12264,1.12267,5060000,2310000
2019.06.19 19:21:52.572,1.12262,1.12264,1000000,4130000
2019.06.19 19:21:52.674,1.1226,1.12263,1000000,2440000
2019.06.19 19:21:55.138,1.12259,1.12263,1000000,4640000
2019.06.19 19:21:55.982,1.1226,1.12263,1000000,3450000
2019.06.19 19:21:56.035,1.12262,1.12264,1000000,1000000
2019.06.19 19:21:56.244,1.12261,1.12264,1500000,1760000
2019.06.19 19:21:56.346,1.1226,1.12264,1500000,3940000
2019.06.19 19:22:01.399,1.1226,1.12263,1000000,1810000
2019.06.19 19:22:01.501,1.12261,1.12265,2370000,2440000
2019.06.19 19:22:01.648,1.12262,1.12265,1000000,2700000
2019.06.19 19:22:01.750,1.12262,1.12266,1500000,4190000
2019.06.19 19:22:01.853,1.12262,1.12266,4500000,3940000
2019.06.19 19:22:03.540,1.12262,1.12265,1000000,1500000
2019.06.19 19:22:03.642,1.12262,1.12266,5810000,1500000
2019.06.19 19:22:03.744,1.12262,1.12265,1000000,1500000
2019.06.19 19:22:03.896,1.12262,1.12266,5810000,1500000
2019.06.19 19:22:04.240,1.12262,1.12265,1000000,1500000
2019.06.19 19:22:04.360,1.12262,1.12266,3940000,1500000
2019.06.19 19:22:04.608,1.12262,1.12265,1000000,2250000
2019.06.19 19:22:04.788,1.12262,1.12266,3940000,1500000
2019.06.19 19:22:05.025,1.12262,1.12265,1500000,2250000
2019.06.19 19:22:05.158,1.12263,1.12265,1000000,1000000
2019.06.19 19:22:05.738,1.12261,1.12265,2370000,3000000
2019.06.19 19:22:05.881,1.1226,1.12264,1000000,3940000
2019.06.19 19:22:06.036,1.1226,1.12263,1000000,2440000
2019.06.19 19:22:06.302,1.1226,1.12264,1950000,2890000
2019.06.19 19:22:06.463,1.1226,1.12263,1000000,1390000
2019.06.19 19:22:06.565,1.12258,1.12262,1690000,9970000
2019.06.19 19:22:06.905,1.12258,1.12261,2440000,4690000
2019.06.19 19:22:07.007,1.12255,1.12259,2000000,2500000
2019.06.19 19:22:07.715,1.12255,1.12258,3940000,1000000
2019.06.19 19:22:07.820,1.12255,1.12257,1000000,1000000
2019.06.19 19:22:07.922,1.12254,1.12257,1620000,1690000
2019.06.19 19:22:08.024,1.12253,1.12255,1000000,1120000
2019.06.19 19:22:08.152,1.12251,1.12253,1980000,3000000
2019.06.19 19:22:08.203,1.1225,1.12253,1980000,1200000
2019.06.19 19:22:08.306,1.1225,1.12253,3740000,1100000
2019.06.19 19:22:08.408,1.12251,1.12254,2620000,1310000
2019.06.19 19:22:08.523,1.12251,1.12255,1120000,2250000
2019.06.19 19:22:08.847,1.12253,1.12255,1000000,1690000
2019.06.19 19:22:08.991,1.12254,1.12257,3000000,1000000
2019.06.19 19:22:09.196,1.12254,1.12258,1600000,2510000
2019.06.19 19:22:09.299,1.12254,1.12258,1870000,5880000
2019.06.19 19:22:10.220,1.12255,1.12259,3170000,1690000
2019.06.19 19:22:10.578,1.12255,1.12259,6370000,1690000
2019.06.19 19:22:10.680,1.12255,1.12259,1500000,9690000
2019.06.19 19:22:10.732,1.12257,1.12261,5000000,6440000
2019.06.19 19:22:10.834,1.12258,1.12261,2320000,1500000
2019.06.19 19:22:11.143,1.12258,1.1226,5370000,1000000
2019.06.19 19:22:11.245,1.12257,1.1226,1620000,1000000
2019.06.19 19:22:11.605,1.12256,1.1226,2560000,6370000
2019.06.19 19:22:11.758,1.12256,1.12261,7450000,1870000
2019.06.19 19:22:11.860,1.12256,1.1226,2120000,7690000
2019.06.19 19:22:12.187,1.12257,1.1226,2120000,1000000
2019.06.19 19:22:12.432,1.12255,1.12259,3870000,5450000
2019.06.19 19:22:12.535,1.12254,1.12259,5450000,3940000
2019.06.19 19:22:12.800,1.12254,1.12258,1440000,2060000
2019.06.19 19:22:13.270,1.12254,1.12258,2440000,2440000
2019.06.19 19:22:13.999,1.12254,1.12257,1000000,5810000
2019.06.19 19:22:14.366,1.12254,1.12258,3190000,5810000
2019.06.19 19:22:14.482,1.12255,1.12258,2060000,1000000
2019.06.19 19:22:14.628,1.12254,1.12258,1310000,2510000
2019.06.19 19:22:14.890,1.12254,1.12258,1310000,3010000
2019.06.19 19:22:16.668,1.12254,1.12258,3500000,1000000
2019.06.19 19:22:17.959,1.12255,1.12259,2370000,1310000
2019.06.19 19:22:18.579,1.12257,1.12259,1000000,4690000
2019.06.19 19:22:21.023,1.12256,1.12259,1000000,2250000
2019.06.19 19:22:23.113,1.12256,1.12259,4120000,4070000
2019.06.19 19:22:23.215,1.12254,1.12257,1120000,2060000
2019.06.19 19:22:23.506,1.12255,1.12258,3120000,1000000
2019.06.19 19:22:23.968,1.12254,1.12258,2750000,2620000
2019.06.19 19:22:24.932,1.12254,1.12256,1000000,1200000
2019.06.19 19:22:25.085,1.12252,1.12256,7410000,1000000
2019.06.19 19:22:25.245,1.12253,1.12257,3260000,1000000
2019.06.19 19:22:25.348,1.12256,1.12258,1120000,1250000
2019.06.19 19:22:25.979,1.12257,1.12259,1620000,1000000
2019.06.19 19:22:26.082,1.12255,1.12256,1000000,1690000
2019.06.19 19:22:26.187,1.12254,1.12257,3250000,1000000
2019.06.19 19:22:26.245,1.12255,1.12258,1870000,1250000
2019.06.19 19:22:28.098,1.12254,1.12255,4870000,1000000
2019.06.19 19:22:28.149,1.1225,1.12253,1000000,1350000
2019.06.19 19:22:28.251,1.12251,1.12253,1950000,1000000
2019.06.19 19:22:28.879,1.1225,1.12254,3950000,1120000
2019.06.19 19:22:29.140,1.1225,1.12254,2700000,1000000
2019.06.19 19:22:29.293,1.12247,1.12251,9370000,6010000
2019.06.19 19:22:29.396,1.12246,1.12249,2000000,1000000
2019.06.19 19:22:29.627,1.12244,1.12248,1870000,4810000
2019.06.19 19:22:29.678,1.12243,1.12244,19350000,7570000
2019.06.19 19:22:29.729,1.12236,1.1224,1500000,4600000
2019.06.19 19:22:29.839,1.12233,1.12235,2870000,47250000
2019.06.19 19:22:29.941,1.12232,1.12234,3000000,1250000
2019.06.19 19:22:30.095,1.1223,1.12233,1000000,1570000
2019.06.19 19:22:30.443,1.12227,1.12228,1870000,3370000
2019.06.19 19:22:30.545,1.12221,1.12225,9120000,1910000
2019.06.19 19:22:30.598,1.12213,1.12216,2750000,1100000
2019.06.19 19:22:30.649,1.12212,1.12215,1870000,1500000
2019.06.19 19:22:30.700,1.12213,1.12215,5970000,1250000
2019.06.19 19:22:30.754,1.1221,1.12212,1200000,1250000
2019.06.19 19:22:30.826,1.12208,1.1221,1610000,1100000
2019.06.19 19:22:30.930,1.12201,1.12205,1530000,1570000
2019.06.19 19:22:31.034,1.12204,1.12206,4690000,1500000
2019.06.19 19:22:31.169,1.12207,1.12209,1250000,2250000
2019.06.19 19:22:31.235,1.12212,1.12214,1620000,3000000
2019.06.19 19:22:31.286,1.12213,1.12215,1000000,1120000
2019.06.19 19:22:31.338,1.12212,1.12217,1000000,3950000
2019.06.19 19:22:31.439,1.12211,1.12212,1500000,1000000
2019.06.19 19:22:31.490,1.12209,1.12212,1120000,1250000
2019.06.19 19:22:31.592,1.12211,1.12216,10910000,1000000
2019.06.19 19:22:31.644,1.12212,1.12216,7410000,2000000
2019.06.19 19:22:31.903,1.12214,1.12219,2790000,1870000
2019.06.19 19:22:31.955,1.12216,1.12219,3140000,1000000
2019.06.19 19:22:32.058,1.12217,1.12219,1250000,1100000
2019.06.19 19:22:32.110,1.12218,1.12222,1690000,2520000
2019.06.19 19:22:32.226,1.12217,1.12222,1500000,4420000
2019.06.19 19:22:32.329,1.12218,1.12223,3220000,2520000
2019.06.19 19:22:32.380,1.12222,1.12224,3750000,1000000
2019.06.19 19:22:32.534,1.12222,1.12225,1120000,4200000
2019.06.19 19:22:32.645,1.12222,1.12227,1120000,2020000
2019.06.19 19:22:32.747,1.12222,1.12227,1120000,2800000
2019.06.19 19:22:33.386,1.12223,1.12228,1870000,3400000
2019.06.19 19:22:33.438,1.12226,1.12229,2820000,2000000
2019.06.19 19:22:33.489,1.12227,1.12231,1500000,4810000
2019.06.19 19:22:33.540,1.12228,1.12232,1870000,2000000
2019.06.19 19:22:34.482,1.12228,1.12233,1100000,2250000
2019.06.19 19:22:34.794,1.12231,1.12234,2820000,1250000
2019.06.19 19:22:34.915,1.12233,1.12238,2350000,3190000
2019.06.19 19:22:34.966,1.12234,1.12238,1100000,3570000
2019.06.19 19:22:35.068,1.12234,1.12239,2370000,3670000
2019.06.19 19:22:35.429,1.12236,1.1224,5620000,1200000
2019.06.19 19:22:35.531,1.12238,1.12243,5220000,2700000
2019.06.19 19:22:35.633,1.12239,1.12244,2570000,7250000
2019.06.19 19:22:35.744,1.12241,1.12244,1250000,2370000
2019.06.19 19:22:35.898,1.1224,1.12242,1000000,1370000
2019.06.19 19:22:36.000,1.12239,1.12242,2250000,1600000
2019.06.19 19:22:36.102,1.12238,1.12243,2320000,1560000
2019.06.19 19:22:36.211,1.12238,1.12242,1000000,3540000
2019.06.19 19:22:36.313,1.12237,1.12241,1650000,2770000
2019.06.19 19:22:36.727,1.12237,1.12242,3370000,1490000
2019.06.19 19:22:36.880,1.12238,1.12243,1200000,1100000
2019.06.19 19:22:36.982,1.12238,1.12243,2470000,1090000
2019.06.19 19:22:37.084,1.12238,1.12243,1200000,1010000
2019.06.19 19:22:37.187,1.12238,1.12243,1200000,1350000
2019.06.19 19:22:37.352,1.1224,1.12244,1570000,1250000
2019.06.19 19:22:37.456,1.12241,1.12245,1500000,1750000
2019.06.19 19:22:37.659,1.1224,1.12246,2700000,4450000
2019.06.19 19:22:37.937,1.1224,1.12245,1000000,7070000
2019.06.19 19:22:38.040,1.12243,1.12246,1950000,4500000
2019.06.19 19:22:38.143,1.12244,1.12249,4950000,1790000
2019.06.19 19:22:38.245,1.12244,1.12249,2700000,1250000
2019.06.19 19:22:38.390,1.12243,1.12246,1750000,2070000
2019.06.19 19:22:38.442,1.12241,1.12246,4700000,2060000
2019.06.19 19:22:38.545,1.12241,1.12245,1000000,1790000
2019.06.19 19:22:38.647,1.12241,1.12246,5320000,3290000
2019.06.19 19:22:38.748,1.1224,1.12245,1000000,3450000
2019.06.19 19:22:38.984,1.12243,1.12249,2070000,3490000
2019.06.19 19:22:39.188,1.12243,1.12249,1700000,6550000
2019.06.19 19:22:39.393,1.12245,1.1225,4700000,1100000
2019.06.19 19:22:39.820,1.12244,1.1225,1950000,3860000
2019.06.19 19:22:41.522,1.12245,1.12249,1120000,1000000
2019.06.19 19:22:41.652,1.12243,1.12247,1500000,1750000
2019.06.19 19:22:41.756,1.12244,1.12248,1000000,1750000
2019.06.19 19:22:41.807,1.12245,1.1225,3070000,1500000
2019.06.19 19:22:41.911,1.12246,1.12251,1970000,5250000
2019.06.19 19:22:42.062,1.12247,1.12251,4000000,1250000
2019.06.19 19:22:42.114,1.12244,1.12249,1000000,2360000
2019.06.19 19:22:42.369,1.12244,1.12248,1000000,3040000
2019.06.19 19:22:42.790,1.12244,1.12247,1000000,1620000
2019.06.19 19:22:42.892,1.12244,1.12248,1120000,1500000
2019.06.19 19:22:43.096,1.12243,1.12248,1120000,1100000
2019.06.19 19:22:43.218,1.12243,1.12248,1600000,1200000
2019.06.19 19:22:43.320,1.12243,1.12247,1500000,1970000
2019.06.19 19:22:43.422,1.12241,1.12245,3370000,2620000
2019.06.19 19:22:43.525,1.12241,1.12245,8640000,1750000
2019.06.19 19:22:44.240,1.12239,1.12243,1360000,4510000
2019.06.19 19:22:44.342,1.12238,1.12241,1370000,4010000
2019.06.19 19:22:44.444,1.12237,1.12241,1370000,1310000
2019.06.19 19:22:45.554,1.12237,1.12239,1870000,1250000
2019.06.19 19:22:45.607,1.12234,1.12239,1500000,2990000
2019.06.19 19:22:45.709,1.12234,1.1224,2450000,2140000
2019.06.19 19:22:45.761,1.12237,1.12241,9100000,1250000
2019.06.19 19:22:47.244,1.12238,1.12241,5500000,1000000
2019.06.19 19:22:47.993,1.12237,1.1224,1250000,4690000
2019.06.19 19:22:50.553,1.12237,1.12242,7120000,2650000
2019.06.19 19:22:51.590,1.12239,1.12242,3370000,1250000
2019.06.19 19:22:51.744,1.12238,1.12242,1690000,1500000
2019.06.19 19:22:52.360,1.12242,1.12243,1950000,1000000
2019.06.19 19:22:52.463,1.12238,1.12241,1000000,2470000
2019.06.19 19:22:52.625,1.12237,1.12241,1250000,2440000
2019.06.19 19:22:53.359,1.12238,1.12242,1870000,1310000
2019.06.19 19:22:53.463,1.12239,1.12242,1250000,1150000
2019.06.19 19:22:53.668,1.12238,1.12242,1250000,3130000
2019.06.19 19:22:53.769,1.12237,1.12242,3000000,7430000
2019.06.19 19:22:53.897,1.12239,1.12243,2370000,1690000
2019.06.19 19:22:53.999,1.12239,1.12244,1620000,2890000
2019.06.19 19:22:55.279,1.1224,1.12243,1120000,1100000
2019.06.19 19:22:55.922,1.1224,1.12244,1500000,2060000
2019.06.19 19:22:56.076,1.1224,1.12244,1000000,8500000
2019.06.19 19:22:56.179,1.1224,1.12243,1500000,1200000
2019.06.19 19:22:56.285,1.12239,1.12242,1100000,1870000
2019.06.19 19:22:56.337,1.12237,1.1224,1500000,2250000
2019.06.19 19:22:56.440,1.12236,1.12239,2620000,2640000
2019.06.19 19:22:56.542,1.12236,1.12239,1120000,2440000
2019.06.19 19:22:56.724,1.12236,1.1224,3000000,2620000
2019.06.19 19:22:56.830,1.12239,1.12243,1120000,1250000
2019.06.19 19:22:57.146,1.12239,1.12243,4600000,1120000
2019.06.19 19:22:57.248,1.12239,1.12243,1870000,1120000
2019.06.19 19:22:57.352,1.12237,1.1224,1500000,5770000
2019.06.19 19:22:57.463,1.12238,1.1224,1000000,1120000
2019.06.19 19:22:57.514,1.12236,1.12239,1000000,2890000
2019.06.19 19:22:57.566,1.12237,1.12239,1000000,1370000
2019.06.19 19:22:57.668,1.12237,1.12241,1120000,1750000
2019.06.19 19:22:57.916,1.12237,1.12242,2620000,2970000
2019.06.19 19:22:58.072,1.12238,1.12242,3120000,1010000
2019.06.19 19:22:58.510,1.12237,1.12242,1870000,4470000
2019.06.19 19:22:58.929,1.12239,1.12243,2750000,1690000
2019.06.19 19:22:59.133,1.12238,1.12242,1870000,1010000
2019.06.19 19:22:59.185,1.12238,1.12241,2500000,1100000
2019.06.19 19:22:59.284,1.12237,1.12242,3820000,2440000
2019.06.19 19:22:59.387,1.12237,1.12242,3000000,5260000
2019.06.19 19:22:59.489,1.12237,1.12241,1000000,5160000
2019.06.19 19:22:59.592,1.12237,1.12241,1500000,1100000
2019.06.19 19:22:59.847,1.12237,1.12242,3000000,2510000
2019.06.19 19:23:00.000,1.12237,1.12242,1500000,3290000
2019.06.19 19:23:00.101,1.12237,1.12242,1500000,2510000
2019.06.19 19:23:00.416,1.12237,1.1224,1310000,2140000
2019.06.19 19:23:00.518,1.12237,1.12242,3120000,2320000
2019.06.19 19:23:00.620,1.12237,1.12242,3120000,2350000
2019.06.19 19:23:00.725,1.12237,1.12242,1870000,1950000
2019.06.19 19:23:00.975,1.12237,1.12242,1870000,2850000
2019.06.19 19:23:01.079,1.1224,1.12244,1000000,5890000
2019.06.19 19:23:01.248,1.12239,1.12244,1620000,3820000
2019.06.19 19:23:02.113,1.12244,1.12245,3000000,1000000
2019.06.19 19:23:02.165,1.12244,1.12246,3000000,2120000
2019.06.19 19:23:02.270,1.12244,1.12248,1120000,3450000
2019.06.19 19:23:02.582,1.12244,1.12247,1000000,4070000
2019.06.19 19:23:02.684,1.12243,1.12247,1870000,1850000
2019.06.19 19:23:02.825,1.12243,1.12247,1870000,1010000
2019.06.19 19:23:03.232,1.12244,1.12247,1000000,2140000
2019.06.19 19:23:03.342,1.12244,1.12248,2820000,4010000
2019.06.19 19:23:03.597,1.12244,1.12248,4870000,1500000
2019.06.19 19:23:03.905,1.12243,1.12247,3000000,2940000
2019.06.19 19:23:03.956,1.12243,1.12245,1500000,1000000
2019.06.19 19:23:04.059,1.12242,1.12245,1000000,2140000
2019.06.19 19:23:04.522,1.12242,1.12245,1000000,3010000
2019.06.19 19:23:04.625,1.12242,1.12247,3150000,2570000
2019.06.19 19:23:04.727,1.12242,1.12247,1500000,2950000
2019.06.19 19:23:04.931,1.12244,1.12247,1500000,1000000
2019.06.19 19:23:05.040,1.12248,1.1225,4500000,2190000
2019.06.19 19:23:05.143,1.12249,1.12251,2250000,1500000
2019.06.19 19:23:05.194,1.12249,1.12253,1000000,1200000
2019.06.19 19:23:05.400,1.12249,1.12253,1000000,2160000
2019.06.19 19:23:05.592,1.12249,1.12253,1620000,2250000
2019.06.19 19:23:05.694,1.12248,1.12251,1000000,1100000
2019.06.19 19:23:05.898,1.12248,1.12252,1000000,2890000
2019.06.19 19:23:06.106,1.12249,1.12253,2250000,1000000
2019.06.19 19:23:06.209,1.1225,1.12254,5750000,1250000
2019.06.19 19:23:07.777,1.12251,1.12255,4120000,2160000
2019.06.19 19:23:08.172,1.12255,1.12256,1870000,1570000
2019.06.19 19:23:08.223,1.12257,1.12258,1000000,1500000
2019.06.19 19:23:08.275,1.12257,1.1226,2250000,2250000
2019.06.19 19:23:08.326,1.12258,1.1226,1500000,1250000
2019.06.19 19:23:08.377,1.12257,1.1226,2370000,2320000
2019.06.19 19:23:08.479,1.12257,1.12258,1500000,1950000
2019.06.19 19:23:08.632,1.12255,1.12258,1120000,1350000
2019.06.19 19:23:08.734,1.12254,1.12258,1120000,1000000
2019.06.19 19:23:08.865,1.12253,1.12257,1000000,5510000
2019.06.19 19:23:09.129,1.12254,1.12256,1000000,1000000
2019.06.19 19:23:09.231,1.12253,1.12257,1500000,2510000
2019.06.19 19:23:09.434,1.12254,1.12257,1000000,1000000
2019.06.19 19:23:09.837,1.12253,1.12257,1120000,4010000
2019.06.19 19:23:09.939,1.12253,1.12257,1120000,3410000
2019.06.19 19:23:10.041,1.12253,1.12258,2000000,5060000
2019.06.19 19:23:10.092,1.12256,1.12258,1500000,1000000
2019.06.19 19:23:10.144,1.12257,1.1226,2700000,1500000
2019.06.19 19:23:10.334,1.12258,1.12261,2000000,1000000
2019.06.19 19:23:10.858,1.12258,1.12261,1000000,1500000
2019.06.19 19:23:13.418,1.12258,1.12261,1250000,1200000
2019.06.19 19:23:13.652,1.12258,1.12261,1250000,1970000
2019.06.19 19:23:13.754,1.12258,1.12261,1000000,1000000
2019.06.19 19:23:13.908,1.12257,1.12261,1000000,8140000
2019.06.19 19:23:13.985,1.12258,1.12261,1000000,2970000
2019.06.19 19:23:14.037,1.12258,1.12262,2440000,1100000
2019.06.19 19:23:14.140,1.12257,1.12262,5190000,6390000
2019.06.19 19:23:14.242,1.12258,1.12262,5000000,2870000
2019.06.19 19:23:14.402,1.12258,1.12262,1500000,5570000
2019.06.19 19:23:14.504,1.12261,1.12263,1000000,1000000
2019.06.19 19:23:14.606,1.12265,1.12266,2250000,1000000
2019.06.19 19:23:14.658,1.12267,1.12269,4120000,1000000
2019.06.19 19:23:14.935,1.12266,1.12268,1000000,3450000
2019.06.19 19:23:15.037,1.12266,1.12269,1500000,2250000
2019.06.19 19:23:15.140,1.12266,1.12268,1000000,2440000
2019.06.19 19:23:15.260,1.12266,1.12269,1000000,2440000
2019.06.19 19:23:15.312,1.12267,1.1227,1120000,1450000
2019.06.19 19:23:16.140,1.12266,1.1227,1310000,4970000
2019.06.19 19:23:16.242,1.12266,1.1227,2560000,5220000
2019.06.19 19:23:16.395,1.12267,1.1227,2370000,1250000
2019.06.19 19:23:16.489,1.12267,1.12271,6190000,1350000
2019.06.19 19:23:16.592,1.12268,1.12272,1500000,1690000
2019.06.19 19:23:16.644,1.12268,1.1227,1120000,1000000
2019.06.19 19:23:16.746,1.12266,1.12268,1000000,4950000
2019.06.19 19:23:17.127,1.12266,1.12268,2250000,1250000
2019.06.19 19:23:18.145,1.12266,1.12268,1000000,3660000
2019.06.19 19:23:18.196,1.12266,1.1227,1500000,3660000
2019.06.19 19:23:20.133,1.12266,1.1227,1500000,2510000
2019.06.19 19:23:20.288,1.12266,1.1227,2000000,2510000
2019.06.19 19:23:20.441,1.12267,1.1227,2370000,1690000
2019.06.19 19:23:20.550,1.12267,1.12271,5750000,2440000
2019.06.19 19:23:20.652,1.12266,1.12269,1000000,3940000
2019.06.19 19:23:20.754,1.12266,1.1227,3750000,3190000
2019.06.19 19:23:20.856,1.12267,1.1227,5250000,1000000
2019.06.19 19:23:20.957,1.12267,1.12269,1000000,1000000
2019.06.19 19:23:24.626,1.12267,1.12268,1000000,1000000
2019.06.19 19:23:24.818,1.12267,1.12269,1870000,1000000
2019.06.19 19:23:28.209,1.12267,1.1227,1500000,2250000
2019.06.19 19:23:28.311,1.12268,1.1227,1870000,1000000
2019.06.19 19:23:28.566,1.12267,1.1227,4120000,3000000
2019.06.19 19:23:28.731,1.12268,1.1227,1870000,1000000
2019.06.19 19:23:28.833,1.12267,1.1227,1120000,2250000
2019.06.19 19:23:29.321,1.12266,1.12267,1690000,1200000
2019.06.19 19:23:29.426,1.12266,1.12268,1000000,1000000
2019.06.19 19:23:30.229,1.12267,1.1227,3870000,2250000
2019.06.19 19:23:30.394,1.12269,1.1227,1500000,1000000
2019.06.19 19:23:30.496,1.12268,1.12271,3260000,1500000
2019.06.19 19:23:30.701,1.12267,1.12271,2660000,1870000
2019.06.19 19:23:30.803,1.12267,1.12271,3940000,4200000
2019.06.19 19:23:30.956,1.12268,1.12271,6940000,1000000
2019.06.19 19:23:31.109,1.12267,1.12271,4390000,2700000
2019.06.19 19:23:31.468,1.12267,1.12269,1120000,1950000
2019.06.19 19:23:31.834,1.12269,1.12271,3570000,2620000
2019.06.19 19:23:31.939,1.12272,1.12273,1500000,1250000
2019.06.19 19:23:31.990,1.1227,1.12273,2870000,1000000
2019.06.19 19:23:32.118,1.12269,1.12272,2060000,1500000
2019.06.19 19:23:32.619,1.12268,1.12271,2440000,1500000
2019.06.19 19:23:32.823,1.12269,1.12272,2470000,1750000
2019.06.19 19:23:32.925,1.12269,1.12272,1120000,1250000
2019.06.19 19:23:33.053,1.12268,1.12272,3620000,4500000
2019.06.19 19:23:33.259,1.12268,1.12272,3620000,6470000
2019.06.19 19:23:33.631,1.12268,1.1227,1000000,2250000
2019.06.19 19:23:33.734,1.12267,1.1227,4120000,1500000
2019.06.19 19:23:33.838,1.12268,1.1227,1000000,1500000
2019.06.19 19:23:33.940,1.12267,1.1227,1000000,1570000
2019.06.19 19:23:34.103,1.12267,1.12271,1310000,3070000
2019.06.19 19:23:34.664,1.12267,1.12271,1910000,1100000
2019.06.19 19:23:35.206,1.12267,1.12271,2810000,2320000
2019.06.19 19:23:35.476,1.12268,1.12271,4310000,1000000
2019.06.19 19:23:35.607,1.12267,1.12271,2510000,2320000
2019.06.19 19:23:35.864,1.12268,1.12271,6260000,1000000
2019.06.19 19:23:36.201,1.12267,1.12271,2260000,1500000
2019.06.19 19:23:36.303,1.12268,1.12271,5190000,1000000
2019.06.19 19:23:37.275,1.12267,1.12271,2940000,1500000
2019.06.19 19:23:37.428,1.12268,1.1227,1100000,1000000
2019.06.19 19:23:38.010,1.1227,1.12273,1200000,3940000
2019.06.19 19:23:38.061,1.12271,1.12275,3690000,3070000
2019.06.19 19:23:38.206,1.12272,1.12275,4060000,1000000
2019.06.19 19:23:38.309,1.12273,1.12275,3310000,1500000
2019.06.19 19:23:38.462,1.12271,1.12273,1120000,2700000
2019.06.19 19:23:38.564,1.12272,1.12274,1000000,1100000
2019.06.19 19:23:39.786,1.12271,1.12275,1120000,4410000
2019.06.19 19:23:40.384,1.12274,1.12276,1870000,1620000
2019.06.19 19:23:40.437,1.12276,1.12279,1870000,1250000
2019.06.19 19:23:40.543,1.12275,1.12277,1500000,1010000
2019.06.19 19:23:40.646,1.12275,1.12279,3870000,1870000
2019.06.19 19:23:40.977,1.12276,1.12279,1500000,2440000
2019.06.19 19:23:41.080,1.12278,1.12279,3000000,1000000
2019.06.19 19:23:41.183,1.12277,1.12279,1500000,1000000
2019.06.19 19:23:41.455,1.12277,1.1228,1500000,1310000
2019.06.19 19:23:41.668,1.12277,1.1228,2440000,1370000
2019.06.19 19:23:41.806,1.12277,1.1228,1500000,1310000
2019.06.19 19:23:41.909,1.1228,1.12282,1690000,1000000
2019.06.19 19:23:42.051,1.12279,1.12281,2360000,1000000
2019.06.19 19:23:42.153,1.12278,1.1228,1000000,5060000
2019.06.19 19:23:42.255,1.12278,1.12281,3300000,4370000
2019.06.19 19:23:42.476,1.12278,1.1228,1000000,5060000
2019.06.19 19:23:42.584,1.12278,1.1228,2370000,1000000
2019.06.19 19:23:42.688,1.12276,1.12278,2620000,1600000
2019.06.19 19:23:42.739,1.12275,1.12277,1120000,2250000
2019.06.19 19:23:42.940,1.12274,1.12277,1870000,4500000
2019.06.19 19:23:43.515,1.12275,1.12276,1500000,1500000
2019.06.19 19:23:43.630,1.12274,1.12276,1120000,1500000
2019.06.19 19:23:43.783,1.12273,1.12275,1000000,2440000
2019.06.19 19:23:43.885,1.12272,1.12275,6940000,2440000
2019.06.19 19:23:44.023,1.12273,1.12274,1500000,1000000
2019.06.19 19:23:44.124,1.12271,1.12274,1500000,3250000
2019.06.19 19:23:44.227,1.12271,1.12275,1690000,4750000
2019.06.19 19:23:44.614,1.12273,1.12276,4870000,1000000
2019.06.19 19:23:44.766,1.12274,1.12276,3870000,1000000
2019.06.19 19:23:44.868,1.12272,1.12276,3120000,5950000
2019.06.19 19:23:46.634,1.12272,1.12274,1330000,1000000
2019.06.19 19:23:46.738,1.12272,1.12275,3000000,2250000
2019.06.19 19:23:46.840,1.12273,1.12275,3750000,1500000
2019.06.19 19:23:46.942,1.12272,1.12275,1500000,4500000
2019.06.19 19:23:47.095,1.12271,1.12274,1120000,4010000
2019.06.19 19:23:49.321,1.12272,1.12273,1000000,1000000
2019.06.19 19:23:49.373,1.1227,1.12272,2120000,2140000
2019.06.19 19:23:49.908,1.12271,1.12273,2620000,1000000
2019.06.19 19:23:50.900,1.12271,1.12274,1120000,3560000
2019.06.19 19:23:51.104,1.12272,1.12274,1120000,1000000
2019.06.19 19:23:51.372,1.12271,1.12274,1120000,2890000
2019.06.19 19:23:52.282,1.12272,1.12274,1120000,1570000
2019.06.19 19:23:52.384,1.12271,1.12274,2370000,4010000
2019.06.19 19:23:52.797,1.12272,1.12274,3870000,1000000
2019.06.19 19:23:52.953,1.12272,1.12274,2620000,1500000
2019.06.19 19:23:53.262,1.12271,1.12274,1120000,2440000
2019.06.19 19:23:53.415,1.12272,1.12274,1000000,1000000
2019.06.19 19:23:53.790,1.12271,1.12274,1000000,2440000
2019.06.19 19:23:53.994,1.12271,1.12274,1500000,3290000
2019.06.19 19:23:54.170,1.12275,1.12277,2250000,3750000
2019.06.19 19:23:54.222,1.12275,1.12278,1120000,4120000
2019.06.19 19:23:54.324,1.12275,1.12277,1000000,3820000
2019.06.19 19:23:54.527,1.12275,1.12278,1870000,3070000
2019.06.19 19:23:54.789,1.12276,1.12278,1120000,1000000
2019.06.19 19:23:54.987,1.12275,1.12278,1120000,3000000
2019.06.19 19:23:55.271,1.12276,1.12278,1500000,1000000
2019.06.19 19:23:55.483,1.12275,1.12278,3000000,3070000
2019.06.19 19:23:56.028,1.12276,1.12278,1500000,1500000
2019.06.19 19:23:56.337,1.12277,1.12278,2250000,1000000
2019.06.19 19:23:56.477,1.12279,1.12282,1750000,2440000
2019.06.19 19:23:57.090,1.12278,1.12281,2370000,1500000
2019.06.19 19:23:57.579,1.12278,1.1228,3120000,1000000
2019.06.19 19:23:57.732,1.1228,1.12281,1050000,1500000
2019.06.19 19:23:57.834,1.12279,1.12282,1000000,3000000
2019.06.19 19:23:57.937,1.12279,1.12281,1000000,1000000
2019.06.19 19:23:58.441,1.12279,1.1228,1000000,3000000
2019.06.19 19:23:58.687,1.12279,1.12282,5940000,2250000
2019.06.19 19:23:58.790,1.12278,1.12279,1000000,1500000
2019.06.19 19:23:58.892,1.12275,1.12278,4250000,2060000
2019.06.19 19:23:59.125,1.12275,1.12278,2000000,3120000
2019.06.19 19:24:00.163,1.12275,1.12278,1500000,2060000
2019.06.19 19:24:00.265,1.12275,1.12278,1000000,2140000
2019.06.19 19:24:00.371,1.12276,1.12279,3950000,1250000
2019.06.19 19:24:00.422,1.12278,1.12279,2320000,1000000
2019.06.19 19:24:00.525,1.12277,1.12279,1870000,3750000
2019.06.19 19:24:00.865,1.12278,1.12279,1870000,1000000
2019.06.19 19:24:01.171,1.12277,1.12279,1870000,1500000
2019.06.19 19:24:01.338,1.12278,1.1228,2080000,1000000
2019.06.19 19:24:01.390,1.12279,1.12282,4700000,1500000
2019.06.19 19:24:01.543,1.1228,1.12282,5620000,1000000
2019.06.19 19:24:01.645,1.12279,1.12281,1250000,1500000
2019.06.19 19:24:01.854,1.1228,1.12282,4720000,1000000
2019.06.19 19:24:01.956,1.12279,1.12282,6370000,1500000
2019.06.19 19:24:03.052,1.1228,1.12282,4120000,1000000
2019.06.19 19:24:03.155,1.12279,1.12281,1000000,1500000
2019.06.19 19:24:03.366,1.1228,1.12281,1250000,1000000
2019.06.19 19:24:03.469,1.12279,1.12281,1250000,1500000
2019.06.19 19:24:05.163,1.12278,1.12281,3370000,1100000
2019.06.19 19:24:05.397,1.12279,1.12283,8820000,3190000
2019.06.19 19:24:05.959,1.12279,1.12283,3750000,4690000
2019.06.19 19:24:06.779,1.12279,1.12283,3870000,2440000
2019.06.19 19:24:07.009,1.1228,1.12282,1000000,1500000
2019.06.19 19:24:07.061,1.12282,1.12283,3000000,3370000
2019.06.19 19:24:07.114,1.12282,1.12284,1120000,3750000
2019.06.19 19:24:07.664,1.12283,1.12285,5250000,3000000
2019.06.19 19:24:07.716,1.12286,1.12287,1200000,1500000
2019.06.19 19:24:08.385,1.12285,1.12288,4690000,1120000
2019.06.19 19:24:08.487,1.12284,1.12286,1690000,1000000
2019.06.19 19:24:08.589,1.12285,1.12287,1000000,1250000
2019.06.19 19:24:08.700,1.12285,1.12289,1870000,1250000
2019.06.19 19:24:09.106,1.12285,1.1229,8070000,9000000
2019.06.19 19:24:09.212,1.12289,1.1229,1570000,2440000
2019.06.19 19:24:09.309,1.12288,1.12291,6120000,1000000
2019.06.19 19:24:09.360,1.12289,1.1229,1000000,1250000
2019.06.19 19:24:09.463,1.12289,1.12291,1500000,2250000
2019.06.19 19:24:09.565,1.12288,1.12291,2370000,2250000
2019.06.19 19:24:09.708,1.12287,1.1229,3000000,3070000
2019.06.19 19:24:09.810,1.12288,1.12292,1600000,6620000
2019.06.19 19:24:09.912,1.12288,1.12292,2620000,10370000
2019.06.19 19:24:10.015,1.12288,1.12292,4870000,3940000
2019.06.19 19:24:10.118,1.12289,1.12292,1250000,1000000
2019.06.19 19:24:10.250,1.12289,1.12292,2120000,1000000
2019.06.19 19:24:10.353,1.12288,1.12292,5870000,4500000
2019.06.19 19:24:11.173,1.12289,1.12292,1690000,1000000
2019.06.19 19:24:11.341,1.12288,1.12293,3750000,6820000
2019.06.19 19:24:11.620,1.12289,1.12292,1310000,1870000
2019.06.19 19:24:12.949,1.12289,1.12291,1120000,1870000
2019.06.19 19:24:13.051,1.12288,1.12291,1120000,4870000
2019.06.19 19:24:13.225,1.1229,1.12291,1120000,1000000
2019.06.19 19:24:13.458,1.12292,1.12294,3070000,3000000
2019.06.19 19:24:13.560,1.12289,1.1229,1000000,6190000
2019.06.19 19:24:13.612,1.1229,1.12293,2700000,1000000
2019.06.19 19:24:13.716,1.12289,1.12292,1200000,1690000
2019.06.19 19:24:13.822,1.12288,1.1229,1500000,3940000
2019.06.19 19:24:13.925,1.12287,1.12289,1000000,1000000
2019.06.19 19:24:14.027,1.12286,1.12289,4200000,1000000
2019.06.19 19:24:14.193,1.12285,1.12287,3120000,1250000
2019.06.19 19:24:14.251,1.12285,1.12288,1870000,2250000
2019.06.19 19:24:14.556,1.12286,1.12288,2620000,1000000
2019.06.19 19:24:14.708,1.12285,1.12289,5450000,1000000
2019.06.19 19:24:15.089,1.12285,1.12286,1000000,2250000
2019.06.19 19:24:15.193,1.12283,1.12285,1000000,1000000
2019.06.19 19:24:15.324,1.12282,1.12285,2250000,1870000
2019.06.19 19:24:15.426,1.12283,1.12285,1500000,1000000
2019.06.19 19:24:15.592,1.12282,1.12285,1000000,1870000
2019.06.19 19:24:15.694,1.12282,1.12284,1000000,1870000
2019.06.19 19:24:16.282,1.12282,1.12285,1500000,3940000
2019.06.19 19:24:16.384,1.12282,1.12286,1120000,3940000
2019.06.19 19:24:16.486,1.12283,1.12286,1870000,1000000
2019.06.19 19:24:16.679,1.12282,1.12286,1120000,3940000
2019.06.19 19:24:16.781,1.1228,1.12283,1000000,5620000
2019.06.19 19:24:16.934,1.1228,1.12282,1000000,4750000
2019.06.19 19:24:17.036,1.1228,1.12283,1200000,4750000
2019.06.19 19:24:18.211,1.1228,1.12283,3120000,2620000
2019.06.19 19:24:18.346,1.12279,1.12282,1570000,1000000
2019.06.19 19:24:18.449,1.12279,1.1228,2250000,1000000
2019.06.19 19:24:18.552,1.12279,1.12281,1000000,1000000
2019.06.19 19:24:18.654,1.12279,1.12282,3070000,1000000
2019.06.19 19:24:18.768,1.12279,1.12281,1000000,1000000
2019.06.19 19:24:18.872,1.12278,1.12282,7950000,1000000
2019.06.19 19:24:19.078,1.12279,1.12282,4950000,1000000
2019.06.19 19:24:19.281,1.12278,1.12282,3820000,3940000
2019.06.19 19:24:19.407,1.12279,1.12282,1500000,3370000
2019.06.19 19:24:19.511,1.12281,1.12284,2450000,3190000
2019.06.19 19:24:19.613,1.12282,1.12284,1700000,1000000
2019.06.19 19:24:19.774,1.1228,1.12283,2620000,1310000
2019.06.19 19:24:19.877,1.1228,1.12282,4170000,1250000
2019.06.19 19:24:20.030,1.12278,1.12282,4620000,3310000
2019.06.19 19:24:20.132,1.12278,1.12282,4770000,3310000
2019.06.19 19:24:20.540,1.12278,1.12282,3870000,3310000
2019.06.19 19:24:20.964,1.12278,1.12282,3500000,2440000
2019.06.19 19:24:23.413,1.12279,1.12282,3500000,1000000
2019.06.19 19:24:23.515,1.12278,1.12282,2000000,4690000
2019.06.19 19:24:23.930,1.12279,1.12282,2000000,1000000
2019.06.19 19:24:24.032,1.12279,1.12282,2000000,1000000
2019.06.19 19:24:24.425,1.12279,1.12281,1050000,1000000
2019.06.19 19:24:24.529,1.12276,1.1228,1090000,4310000
2019.06.19 19:24:24.632,1.12276,1.1228,2620000,4310000
2019.06.19 19:24:24.683,1.12279,1.1228,1000000,1120000
2019.06.19 19:24:24.791,1.12279,1.12282,2370000,5620000
2019.06.19 19:24:24.894,1.1228,1.12282,1120000,1120000
2019.06.19 19:24:24.996,1.12279,1.12282,1120000,2250000
2019.06.19 19:24:25.298,1.1228,1.12282,1870000,1000000
2019.06.19 19:24:25.450,1.12279,1.12282,2250000,2250000
2019.06.19 19:24:25.568,1.12279,1.12282,2370000,2250000
2019.06.19 19:24:25.670,1.1228,1.12282,1700000,1000000
2019.06.19 19:24:25.774,1.12279,1.12282,1870000,2250000
2019.06.19 19:24:26.262,1.12277,1.1228,2990000,5750000
2019.06.19 19:24:26.401,1.12276,1.12278,3450000,1120000
2019.06.19 19:24:26.452,1.12274,1.12278,1200000,11120000
2019.06.19 19:24:26.806,1.12274,1.12277,1000000,6620000
2019.06.19 19:24:26.911,1.12274,1.12276,1570000,1500000
2019.06.19 19:24:27.013,1.12273,1.12276,3070000,1000000
2019.06.19 19:24:27.383,1.12274,1.12276,1000000,2250000
2019.06.19 19:24:27.435,1.12275,1.12278,1120000,1870000
2019.06.19 19:24:28.775,1.12275,1.12277,1000000,1000000
2019.06.19 19:24:28.877,1.12275,1.12277,1600000,1000000
2019.06.19 19:24:28.979,1.12274,1.12277,3470000,4120000
2019.06.19 19:24:29.081,1.12274,1.12277,1120000,1690000
2019.06.19 19:24:29.304,1.12275,1.12277,1120000,1000000
2019.06.19 19:24:29.803,1.12276,1.12278,1100000,1000000
2019.06.19 19:24:29.890,1.12279,1.1228,1000000,1000000
2019.06.19 19:24:29.993,1.12278,1.12282,2640000,1310000
2019.06.19 19:24:30.095,1.12279,1.12281,1200000,1000000
2019.06.19 19:24:30.197,1.1228,1.12282,1600000,1500000
2019.06.19 19:24:30.248,1.12281,1.12283,1120000,1000000
2019.06.19 19:24:30.387,1.12282,1.12284,2070000,1000000
2019.06.19 19:24:30.695,1.1228,1.12284,1100000,3440000
2019.06.19 19:24:31.368,1.1228,1.12285,6220000,3440000
2019.06.19 19:24:31.902,1.1228,1.12285,6220000,3940000
2019.06.19 19:24:32.183,1.12281,1.12285,8100000,1000000
2019.06.19 19:24:32.285,1.12285,1.12286,1120000,2440000
2019.06.19 19:24:32.391,1.12285,1.12288,2700000,2440000
2019.06.19 19:24:34.810,1.12286,1.12289,1700000,1500000
2019.06.19 19:24:34.914,1.12288,1.1229,1570000,4500000
2019.06.19 19:24:35.016,1.12291,1.12292,1500000,1250000
2019.06.19 19:24:35.179,1.12289,1.12292,3260000,1310000
2019.06.19 19:24:35.281,1.12288,1.12291,3120000,1690000
2019.06.19 19:24:35.384,1.12288,1.12292,2620000,3060000
2019.06.19 19:24:36.606,1.12288,1.12291,1000000,2690000
2019.06.19 19:24:36.708,1.12288,1.12292,1870000,1940000
2019.06.19 19:24:37.485,1.12291,1.12293,4320000,1500000
2019.06.19 19:24:37.642,1.12291,1.12294,1870000,3940000
2019.06.19 19:24:37.694,1.12287,1.1229,2750000,1120000
2019.06.19 19:24:37.948,1.12285,1.12289,2320000,3190000
2019.06.19 19:24:38.321,1.12285,1.12288,4120000,1000000
2019.06.19 19:24:38.424,1.12284,1.12288,5700000,1690000
2019.06.19 19:24:38.595,1.12282,1.12286,3570000,3370000
2019.06.19 19:24:38.698,1.12281,1.12285,3870000,4750000
2019.06.19 19:24:38.800,1.12281,1.12285,3950000,2250000
2019.06.19 19:24:39.145,1.12281,1.12285,6200000,1620000
2019.06.19 19:24:39.248,1.12285,1.12286,1000000,1000000
2019.06.19 19:24:39.300,1.12283,1.12285,1120000,1870000
2019.06.19 19:24:39.465,1.12283,1.12286,1500000,4060000
2019.06.19 19:24:39.618,1.12283,1.12285,1000000,1250000
2019.06.19 19:24:39.771,1.12282,1.12285,1000000,3370000
2019.06.19 19:24:40.352,1.12282,1.12285,1000000,3120000
2019.06.19 19:24:40.943,1.12282,1.12285,1500000,3120000
2019.06.19 19:24:41.470,1.12281,1.12283,1500000,4120000
2019.06.19 19:24:41.635,1.12281,1.12284,1120000,1000000
2019.06.19 19:24:44.182,1.12282,1.12285,1950000,2810000
2019.06.19 19:24:44.284,1.12283,1.12286,1950000,2060000
2019.06.19 19:24:44.488,1.12285,1.12286,1950000,1000000
2019.06.19 19:24:44.604,1.12286,1.1229,3200000,2250000
2019.06.19 19:24:44.706,1.12286,1.12288,1500000,1500000
2019.06.19 19:24:44.808,1.12287,1.12289,3070000,1000000
2019.06.19 19:24:44.910,1.12286,1.12289,3820000,1500000
2019.06.19 19:24:45.028,1.12287,1.12289,4200000,1500000
2019.06.19 19:24:45.334,1.12286,1.12289,4570000,1500000
2019.06.19 19:24:46.468,1.12287,1.12289,3070000,1000000
2019.06.19 19:24:46.570,1.12286,1.12289,3820000,1500000
2019.06.19 19:24:46.723,1.12286,1.12288,1200000,1500000
2019.06.19 19:24:46.875,1.12285,1.12289,3570000,1500000
2019.06.19 19:24:47.281,1.12286,1.12289,1600000,2810000
2019.06.19 19:24:47.333,1.12287,1.1229,1000000,4370000
2019.06.19 19:24:47.507,1.12288,1.12292,2750000,1250000
2019.06.19 19:24:48.214,1.1229,1.12293,4320000,1500000
2019.06.19 19:24:48.317,1.1229,1.12292,1500000,1000000
2019.06.19 19:24:48.419,1.12288,1.12291,1120000,3750000
2019.06.19 19:24:48.521,1.12289,1.12292,4140000,1000000
2019.06.19 19:24:48.831,1.12289,1.12292,2320000,1000000
2019.06.19 19:24:48.933,1.12288,1.12292,1250000,4500000
2019.06.19 19:24:49.584,1.12289,1.12291,1000000,1000000
2019.06.19 19:24:49.738,1.12288,1.12292,5640000,1500000
2019.06.19 19:24:50.688,1.12289,1.12291,1870000,1000000
2019.06.19 19:24:50.791,1.12288,1.1229,1500000,1000000
2019.06.19 19:24:50.842,1.12286,1.1229,2250000,7500000
2019.06.19 19:24:50.945,1.12286,1.1229,4320000,3560000
2019.06.19 19:24:51.113,1.12285,1.12287,1000000,1870000
2019.06.19 19:24:52.044,1.12286,1.12288,2370000,1000000
2019.06.19 19:24:52.146,1.12285,1.12288,1620000,6940000
2019.06.19 19:24:52.288,1.12286,1.12288,1620000,1000000
2019.06.19 19:24:52.692,1.12285,1.12286,1870000,1120000
2019.06.19 19:24:52.744,1.12283,1.12285,2620000,1500000
2019.06.19 19:24:52.882,1.12282,1.12285,1120000,1500000
2019.06.19 19:24:53.533,1.12282,1.12284,1000000,1000000
2019.06.19 19:24:53.821,1.12283,1.12284,1000000,1000000
2019.06.19 19:24:53.923,1.12282,1.12285,1000000,1310000
2019.06.19 19:24:54.739,1.12281,1.12284,4250000,2250000
2019.06.19 19:24:54.842,1.12285,1.12286,1690000,2250000
2019.06.19 19:24:54.945,1.12287,1.12289,2370000,1120000
2019.06.19 19:24:54.996,1.12287,1.1229,2890000,1120000
2019.06.19 19:24:55.254,1.1229,1.12291,2250000,1000000
2019.06.19 19:24:55.357,1.12289,1.12292,1310000,4870000
2019.06.19 19:24:55.512,1.12288,1.12292,1690000,4870000
2019.06.19 19:24:55.775,1.12289,1.12292,1690000,1000000
2019.06.19 19:24:55.877,1.12288,1.12291,1500000,4120000
2019.06.19 19:24:56.082,1.12287,1.12291,3190000,3750000
2019.06.19 19:24:56.234,1.12287,1.12291,5910000,1000000
2019.06.19 19:24:56.383,1.12288,1.1229,3820000,1000000
2019.06.19 19:24:56.485,1.12287,1.1229,3260000,1250000
2019.06.19 19:24:56.588,1.12287,1.12289,2250000,1500000
2019.06.19 19:25:00.273,1.12288,1.12291,3310000,2250000
2019.06.19 19:25:00.376,1.12288,1.12291,1250000,6000000
2019.06.19 19:25:00.499,1.12287,1.1229,1870000,3370000
2019.06.19 19:25:00.602,1.12287,1.12289,1500000,1000000
2019.06.19 19:25:01.532,1.12286,1.12289,1500000,3190000
2019.06.19 19:25:01.840,1.12287,1.12289,1500000,1500000
2019.06.19 19:25:01.942,1.12287,1.1229,1120000,3190000
2019.06.19 19:25:02.212,1.12287,1.12289,1000000,3940000
2019.06.19 19:25:02.313,1.12287,1.1229,2620000,2440000
2019.06.19 19:25:02.517,1.12286,1.1229,5370000,1690000
2019.06.19 19:25:02.653,1.12289,1.1229,1500000,1000000
2019.06.19 19:25:02.756,1.12289,1.12291,5060000,1000000
2019.06.19 19:25:02.858,1.12288,1.12291,3110000,1250000
2019.06.19 19:25:03.063,1.1229,1.12291,1000000,1500000
2019.06.19 19:25:04.120,1.12289,1.12291,1250000,3000000
2019.06.19 19:25:05.040,1.1229,1.12292,6750000,1000000
2019.06.19 19:25:05.162,1.12289,1.12292,1620000,2250000
2019.06.19 19:25:05.265,1.12289,1.12292,1310000,1500000
2019.06.19 19:25:05.849,1.12289,1.12292,1000000,6620000
2019.06.19 19:25:06.052,1.12289,1.12293,4890000,5620000
2019.06.19 19:25:06.838,1.12289,1.12293,2140000,3750000
2019.06.19 19:25:08.200,1.12289,1.12292,1000000,5250000
2019.06.19 19:25:08.302,1.1229,1.12293,1690000,1000000
2019.06.19 19:25:08.488,1.1229,1.12292,1000000,1000000
2019.06.19 19:25:09.237,1.1229,1.12293,2440000,1000000
2019.06.19 19:25:09.428,1.12289,1.12293,1690000,3370000
2019.06.19 19:25:09.529,1.1229,1.12293,4760000,1000000
2019.06.19 19:25:09.669,1.12289,1.12292,1000000,3860000
2019.06.19 19:25:09.827,1.12289,1.12291,1000000,5360000
2019.06.19 19:25:09.928,1.12289,1.12292,1000000,3860000
2019.06.19 19:25:10.268,1.12289,1.12292,1000000,3860000
2019.06.19 19:25:11.300,1.1229,1.12293,1570000,1250000
2019.06.19 19:25:11.405,1.12289,1.12293,2140000,5050000
2019.06.19 19:25:12.277,1.12289,1.12291,1500000,1500000
2019.06.19 19:25:12.380,1.12288,1.1229,1500000,2250000
2019.06.19 19:25:13.440,1.12288,1.12291,2250000,1870000
2019.06.19 19:25:17.284,1.1229,1.12292,3450000,1000000
2019.06.19 19:25:17.469,1.12289,1.12293,10570000,1500000
2019.06.19 19:25:17.904,1.12288,1.12293,9820000,6750000
2019.06.19 19:25:18.005,1.12289,1.12292,2060000,1000000
2019.06.19 19:25:19.141,1.12289,1.12291,1000000,1000000
2019.06.19 19:25:19.243,1.12289,1.1229,1000000,1000000
2019.06.19 19:25:19.294,1.12288,1.12292,5890000,3000000
2019.06.19 19:25:19.345,1.12289,1.12291,2370000,1000000
2019.06.19 19:25:19.447,1.12288,1.12291,1000000,3000000
2019.06.19 19:25:19.690,1.12289,1.1229,1120000,1000000
2019.06.19 19:25:19.919,1.12288,1.12291,2370000,2620000
2019.06.19 19:25:20.816,1.12289,1.12291,3120000,1000000
2019.06.19 19:25:21.047,1.12288,1.12291,1000000,1870000
2019.06.19 19:25:21.149,1.12289,1.12291,1000000,1500000
2019.06.19 19:25:21.681,1.12289,1.12292,5560000,1870000
2019.06.19 19:25:21.884,1.1229,1.12293,3870000,1000000
2019.06.19 19:25:22.062,1.12291,1.12295,3120000,1250000
2019.06.19 19:25:22.114,1.12294,1.12296,6870000,3000000
2019.06.19 19:25:22.166,1.12296,1.12299,1500000,4870000
2019.06.19 19:25:22.218,1.12297,1.123,5190000,2370000
2019.06.19 19:25:22.320,1.12296,1.12301,7120000,5820000
2019.06.19 19:25:22.428,1.123,1.12302,4630000,2570000
2019.06.19 19:25:22.479,1.12301,1.12304,1000000,1000000
2019.06.19 19:25:23.143,1.123,1.12304,1870000,3190000
2019.06.19 19:25:23.194,1.12303,1.12305,2250000,2440000
2019.06.19 19:25:23.296,1.12305,1.12307,1250000,1120000
2019.06.19 19:25:23.401,1.12305,1.12308,1870000,1120000
2019.06.19 19:25:23.808,1.12306,1.12308,1500000,1000000
2019.06.19 19:25:23.943,1.12304,1.12308,5000000,3450000
2019.06.19 19:25:24.046,1.12306,1.12309,2370000,1000000
2019.06.19 19:25:24.725,1.12305,1.12309,3120000,3000000
2019.06.19 19:25:24.827,1.12307,1.12309,3870000,1000000
2019.06.19 19:25:25.031,1.12306,1.12309,3630000,1000000
2019.06.19 19:25:25.423,1.12305,1.12308,3750000,1500000
2019.06.19 19:25:25.575,1.12306,1.12309,4380000,1000000
2019.06.19 19:25:25.728,1.12305,1.12309,3630000,5440000
2019.06.19 19:25:25.954,1.12305,1.12309,1630000,4310000
2019.06.19 19:25:26.057,1.12306,1.12309,1700000,1000000
2019.06.19 19:25:26.211,1.12306,1.12308,1000000,1000000
2019.06.19 19:25:26.406,1.12305,1.12308,2250000,4870000
2019.06.19 19:25:26.509,1.12305,1.12307,1000000,5750000
2019.06.19 19:25:26.612,1.12304,1.12307,2250000,3750000
2019.06.19 19:25:26.806,1.12304,1.12306,1000000,3750000
2019.06.19 19:25:26.909,1.12304,1.12307,2620000,2250000
2019.06.19 19:25:27.365,1.12311,1.12312,3000000,1500000
2019.06.19 19:25:27.417,1.12311,1.12314,2370000,1690000
2019.06.19 19:25:27.724,1.1231,1.12314,4250000,2620000
2019.06.19 19:25:27.826,1.12311,1.12314,2750000,1500000
2019.06.19 19:25:27.877,1.1231,1.12312,3870000,3370000
2019.06.19 19:25:28.031,1.12309,1.12311,1950000,2250000
2019.06.19 19:25:28.943,1.12309,1.12313,3370000,4760000
2019.06.19 19:25:29.046,1.12311,1.12313,1120000,1500000
2019.06.19 19:25:29.235,1.12312,1.12314,1620000,1000000
2019.06.19 19:25:29.337,1.12312,1.12314,1120000,1500000
2019.06.19 19:25:30.696,1.12312,1.12313,1500000,1000000
2019.06.19 19:25:30.799,1.12311,1.12314,2620000,2250000
2019.06.19 19:25:31.119,1.12312,1.12315,4620000,1000000
2019.06.19 19:25:32.011,1.12312,1.12315,3370000,1250000
2019.06.19 19:25:32.113,1.12311,1.12313,2250000,1000000
2019.06.19 19:25:32.215,1.1231,1.12313,1870000,2810000
2019.06.19 19:25:32.349,1.12311,1.12313,1870000,1000000
2019.06.19 19:25:32.452,1.12312,1.12314,1620000,1000000
2019.06.19 19:25:32.555,1.12311,1.12314,1620000,1000000
2019.06.19 19:25:32.906,1.12311,1.12315,1120000,2120000
2019.06.19 19:25:33.401,1.12314,1.12315,2620000,1000000
2019.06.19 19:25:33.453,1.12316,1.12318,1000000,3000000
2019.06.19 19:25:33.504,1.12317,1.1232,2060000,1500000
2019.06.19 19:25:33.606,1.12317,1.1232,1250000,1500000
2019.06.19 19:25:33.759,1.12318,1.1232,4060000,1000000
2019.06.19 19:25:33.931,1.12317,1.1232,3310000,1500000
2019.06.19 19:25:34.033,1.12317,1.12318,1120000,1000000
2019.06.19 19:25:34.135,1.12316,1.12319,2370000,2250000
2019.06.19 19:25:35.151,1.12317,1.12319,1500000,1570000
2019.06.19 19:25:35.257,1.12318,1.12319,1500000,1500000
2019.06.19 19:25:35.360,1.12318,1.1232,1310000,1500000
2019.06.19 19:25:35.464,1.1232,1.12321,1500000,1250000
2019.06.19 19:25:35.566,1.12319,1.12322,1650000,1690000
2019.06.19 19:25:35.668,1.12319,1.12321,1550000,1500000
2019.06.19 19:25:35.827,1.12317,1.12319,1000000,2190000
2019.06.19 19:25:35.929,1.12316,1.12319,1500000,7620000
2019.06.19 19:25:36.255,1.12318,1.12319,1000000,1000000
2019.06.19 19:25:36.356,1.12316,1.12319,1000000,6120000
2019.06.19 19:25:36.568,1.12316,1.12319,1000000,4870000
2019.06.19 19:25:36.670,1.12317,1.12319,1000000,1000000
2019.06.19 19:25:37.095,1.12316,1.12319,2250000,1250000
2019.06.19 19:25:37.610,1.12317,1.12318,1120000,1000000
2019.06.19 19:25:37.734,1.12314,1.12316,1400000,3000000
2019.06.19 19:25:37.837,1.12315,1.12318,2370000,1000000
2019.06.19 19:25:38.346,1.12316,1.12318,1000000,1310000
2019.06.19 19:25:38.449,1.12315,1.12318,1620000,5000000
2019.06.19 19:25:38.552,1.12315,1.12319,1500000,1500000
2019.06.19 19:25:38.654,1.12316,1.1232,2940000,3620000
2019.06.19 19:25:39.201,1.12316,1.12319,1500000,1120000
2019.06.19 19:25:39.914,1.12316,1.12318,1500000,1870000
2019.06.19 19:25:42.172,1.12316,1.12317,1000000,1310000
2019.06.19 19:25:42.224,1.12314,1.12316,2550000,1000000
2019.06.19 19:25:42.327,1.12312,1.12315,1000000,1870000
2019.06.19 19:25:42.637,1.12311,1.12314,1120000,1250000
2019.06.19 19:25:42.740,1.12311,1.12315,1120000,3560000
2019.06.19 19:25:42.842,1.12312,1.12315,1870000,1000000
2019.06.19 19:25:43.637,1.12313,1.12316,4440000,1500000
2019.06.19 19:25:43.689,1.12316,1.12318,1500000,1870000
2019.06.19 19:25:43.744,1.12316,1.1232,3190000,2620000
2019.06.19 19:25:43.896,1.12316,1.1232,4690000,3570000
2019.06.19 19:25:44.208,1.12316,1.1232,7250000,1250000
2019.06.19 19:25:44.875,1.1232,1.12321,4500000,1000000
2019.06.19 19:25:44.927,1.1232,1.12323,1000000,4500000
2019.06.19 19:25:45.242,1.1232,1.12322,1500000,1500000
2019.06.19 19:25:45.345,1.1232,1.12323,3750000,1000000
2019.06.19 19:25:45.447,1.12319,1.12323,6120000,1120000
2019.06.19 19:25:45.550,1.12319,1.12323,3750000,1870000
2019.06.19 19:25:45.677,1.1232,1.12323,4500000,1000000
2019.06.19 19:25:45.779,1.12319,1.12323,1500000,1870000
2019.06.19 19:25:45.882,1.12319,1.12322,1000000,5320000
2019.06.19 19:25:46.669,1.12319,1.12323,2250000,2320000
2019.06.19 19:25:46.720,1.12317,1.12321,6310000,4350000
2019.06.19 19:25:46.824,1.12317,1.1232,5000000,1870000
2019.06.19 19:25:47.823,1.12316,1.12319,5940000,1100000
2019.06.19 19:25:48.254,1.12317,1.1232,4810000,1000000
2019.06.19 19:25:48.559,1.12316,1.1232,5940000,1690000
2019.06.19 19:25:48.712,1.12316,1.12319,5000000,1500000
2019.06.19 19:25:49.074,1.12319,1.12321,4060000,1000000
2019.06.19 19:25:49.177,1.12321,1.12324,2000000,1120000
2019.06.19 19:25:49.332,1.12318,1.12321,2500000,12220000
2019.06.19 19:25:49.384,1.12319,1.12323,3120000,7390000
2019.06.19 19:25:49.639,1.1232,1.12323,1000000,1000000
2019.06.19 19:25:50.117,1.1232,1.12321,1500000,1120000
2019.06.19 19:25:50.219,1.12319,1.12322,3400000,1000000
2019.06.19 19:25:50.379,1.12321,1.12323,3000000,1000000
2019.06.19 19:25:50.481,1.12322,1.12324,1000000,1000000
2019.06.19 19:25:51.012,1.12321,1.12325,1120000,5500000
2019.06.19 19:25:51.114,1.12322,1.12325,3120000,1500000
2019.06.19 19:25:51.471,1.12321,1.12325,3120000,4120000
2019.06.19 19:25:52.244,1.12321,1.12325,5000000,3870000
2019.06.19 19:25:52.408,1.12323,1.12325,3000000,1500000
2019.06.19 19:25:52.459,1.12325,1.12326,3370000,3370000
2019.06.19 19:25:52.511,1.12325,1.12328,1870000,3820000
2019.06.19 19:25:52.664,1.12324,1.12327,4500000,3940000
2019.06.19 19:25:52.774,1.12324,1.12326,1010000,2620000
2019.06.19 19:25:53.233,1.12323,1.12326,2320000,1000000
2019.06.19 19:25:53.336,1.1232,1.12321,2250000,2320000
2019.06.19 19:25:53.387,1.12317,1.12321,3750000,3390000
2019.06.19 19:25:53.540,1.12319,1.12321,2140000,1000000
2019.06.19 19:25:53.719,1.12319,1.12321,1600000,2620000
2019.06.19 19:25:53.822,1.1232,1.12322,1100000,1250000
2019.06.19 19:25:53.924,1.12319,1.12323,3770000,2700000
2019.06.19 19:25:54.288,1.1232,1.12323,1000000,1000000
2019.06.19 19:25:54.340,1.1232,1.12324,3220000,1620000
2019.06.19 19:25:54.607,1.1232,1.12324,2750000,1000000
2019.06.19 19:25:54.810,1.12321,1.12324,1000000,1000000
2019.06.19 19:25:54.862,1.12323,1.12326,5700000,4120000
2019.06.19 19:25:54.964,1.12324,1.12328,1000000,3000000
2019.06.19 19:25:55.073,1.12325,1.12329,7620000,2250000
2019.06.19 19:25:55.125,1.12325,1.12328,1720000,1000000
2019.06.19 19:25:55.228,1.12324,1.12328,1500000,2810000
2019.06.19 19:25:55.329,1.12325,1.12328,1000000,1120000
2019.06.19 19:25:55.539,1.12324,1.12328,1000000,3450000
2019.06.19 19:25:55.898,1.12325,1.12328,2250000,1000000
2019.06.19 19:25:55.999,1.12324,1.12328,1000000,3370000
2019.06.19 19:25:56.279,1.12325,1.12328,1500000,1000000
2019.06.19 19:25:56.943,1.12326,1.12328,1500000,1000000
2019.06.19 19:25:57.640,1.12324,1.12328,1000000,4870000
2019.06.19 19:25:58.180,1.12325,1.12329,3500000,1000000
2019.06.19 19:25:58.654,1.12325,1.12328,2370000,3750000
2019.06.19 19:25:58.806,1.12325,1.12328,2250000,3000000
2019.06.19 19:25:59.090,1.12324,1.12328,1000000,3750000
2019.06.19 19:25:59.143,1.12329,1.1233,6000000,2060000
2019.06.19 19:25:59.195,1.12331,1.12334,4350000,2810000
2019.06.19 19:25:59.379,1.12331,1.12335,4620000,2250000
2019.06.19 19:25:59.482,1.12332,1.12335,7630000,1000000
2019.06.19 19:26:00.137,1.12331,1.12334,2000000,2620000
2019.06.19 19:26:00.239,1.1233,1.12333,1500000,1000000
2019.06.19 19:26:00.359,1.12329,1.12333,1120000,2440000
2019.06.19 19:26:00.564,1.12328,1.12331,1500000,1240000
2019.06.19 19:26:00.666,1.12326,1.12331,5560000,5210000
2019.06.19 19:26:00.992,1.12326,1.1233,4120000,5810000
2019.06.19 19:26:01.094,1.12326,1.12329,1000000,2890000
2019.06.19 19:26:01.572,1.12326,1.12329,1000000,5450000
2019.06.19 19:26:01.675,1.12332,1.12335,6750000,1500000
2019.06.19 19:26:01.980,1.12334,1.12336,3370000,3750000
2019.06.19 19:26:02.094,1.12333,1.12336,1050000,1000000
2019.06.19 19:26:02.299,1.12333,1.12335,1500000,1000000
2019.06.19 19:26:02.952,1.12332,1.12334,1500000,1000000
2019.06.19 19:26:03.004,1.1233,1.12334,1120000,1570000
2019.06.19 19:26:03.152,1.1233,1.12333,1500000,1500000
2019.06.19 19:26:05.167,1.12327,1.12328,1870000,8620000
2019.06.19 19:26:05.292,1.12325,1.12326,3750000,1000000
2019.06.19 19:26:05.344,1.12323,1.12326,3750000,2250000
2019.06.19 19:26:05.446,1.12323,1.12326,1250000,1100000
2019.06.19 19:26:05.497,1.12323,1.12327,6370000,1700000
2019.06.19 19:26:05.760,1.12321,1.12323,1500000,1000000
2019.06.19 19:26:05.812,1.12318,1.12323,2620000,4010000
2019.06.19 19:26:06.170,1.12319,1.12323,3120000,1000000
2019.06.19 19:26:06.432,1.12318,1.12322,2270000,2440000
2019.06.19 19:26:06.534,1.12318,1.12322,2270000,2440000
2019.06.19 19:26:06.737,1.12319,1.1232,2740000,1500000
2019.06.19 19:26:06.858,1.12316,1.1232,4810000,1050000
2019.06.19 19:26:07.412,1.12315,1.1232,5190000,3860000
2019.06.19 19:26:07.757,1.12316,1.1232,5190000,1000000
2019.06.19 19:26:08.203,1.12315,1.1232,4440000,4610000
2019.06.19 19:26:08.461,1.12315,1.12319,2060000,4220000
2019.06.19 19:26:08.588,1.12315,1.1232,10060000,1900000
2019.06.19 19:26:08.896,1.12315,1.12317,1520000,1520000
2019.06.19 19:26:08.998,1.12315,1.12318,1120000,1120000
2019.06.19 19:26:09.100,1.12314,1.12318,1000000,4200000
2019.06.19 19:26:09.951,1.12313,1.12318,3120000,7310000
2019.06.19 19:26:10.358,1.12313,1.12318,2940000,7440000
2019.06.19 19:26:10.582,1.12314,1.12318,3000000,1000000
2019.06.19 19:26:10.685,1.12315,1.12318,1000000,1000000
2019.06.19 19:26:10.787,1.12314,1.12318,1100000,3000000
2019.06.19 19:26:10.889,1.12315,1.12318,1000000,1000000
2019.06.19 19:26:11.021,1.12314,1.12318,1500000,2250000
2019.06.19 19:26:11.527,1.12315,1.12318,2250000,1000000
2019.06.19 19:26:11.680,1.12314,1.12318,1570000,2250000
2019.06.19 19:26:11.849,1.12315,1.12318,1120000,1000000
2019.06.19 19:26:11.951,1.12314,1.12318,2370000,2250000
2019.06.19 19:26:12.054,1.12312,1.12315,1250000,2320000
2019.06.19 19:26:12.270,1.12313,1.12316,3560000,1000000
2019.06.19 19:26:12.637,1.12313,1.12317,1500000,1000000
2019.06.19 19:26:13.889,1.12314,1.12317,2440000,1000000
2019.06.19 19:26:13.991,1.12314,1.12317,2160000,1000000
2019.06.19 19:26:14.306,1.12314,1.12315,1000000,1000000
2019.06.19 19:26:14.358,1.12311,1.12315,1250000,2620000
2019.06.19 19:26:14.673,1.12313,1.12316,2620000,1000000
2019.06.19 19:26:14.775,1.12312,1.12316,1810000,2250000
2019.06.19 19:26:14.877,1.12312,1.12316,4390000,1000000
2019.06.19 19:26:15.049,1.12313,1.12316,2620000,1000000
2019.06.19 19:26:15.252,1.12313,1.12317,4350000,1000000
2019.06.19 19:26:15.354,1.12312,1.12315,1370000,1120000
2019.06.19 19:26:15.465,1.12313,1.12316,6970000,1000000
2019.06.19 19:26:15.567,1.12312,1.12315,2060000,1870000
2019.06.19 19:26:16.266,1.12312,1.12314,5190000,1000000
2019.06.19 19:26:16.317,1.1231,1.12313,3190000,4120000
2019.06.19 19:26:16.368,1.12308,1.12311,2440000,3370000
2019.06.19 19:26:16.489,1.12309,1.12313,1870000,1500000
2019.06.19 19:26:17.463,1.1231,1.12313,3070000,1000000
2019.06.19 19:26:18.033,1.12309,1.12314,2000000,5060000
2019.06.19 19:26:18.136,1.1231,1.12314,2750000,1000000
2019.06.19 19:26:18.393,1.12309,1.12314,2000000,5810000
2019.06.19 19:26:18.445,1.12309,1.12314,2000000,5460000
2019.06.19 19:26:18.496,1.12309,1.12314,1500000,5810000
2019.06.19 19:26:18.599,1.12309,1.12313,2250000,5620000
2019.06.19 19:26:19.182,1.12309,1.12312,1120000,1870000
2019.06.19 19:26:20.747,1.1231,1.12312,1120000,1000000
2019.06.19 19:26:20.848,1.12309,1.12312,1120000,3370000
2019.06.19 19:26:21.093,1.1231,1.12313,2370000,1000000
2019.06.19 19:26:21.291,1.12309,1.12313,1620000,3000000
2019.06.19 19:26:23.017,1.12309,1.12312,3370000,2250000
2019.06.19 19:26:23.274,1.12311,1.12313,1000000,1500000
2019.06.19 19:26:23.325,1.12311,1.12314,1100000,2620000
2019.06.19 19:26:23.377,1.12313,1.12315,3010000,1500000
2019.06.19 19:26:23.503,1.12313,1.12316,2620000,1870000
2019.06.19 19:26:23.917,1.12313,1.12315,1500000,1870000
2019.06.19 19:26:25.955,1.12313,1.12316,3510000,1120000
2019.06.19 19:26:26.459,1.12314,1.12317,1260000,1500000
2019.06.19 19:26:26.511,1.12314,1.12317,1100000,3370000
2019.06.19 19:26:26.613,1.12314,1.12318,2700000,2250000
2019.06.19 19:26:27.281,1.12305,1.12306,3750000,1000000
2019.06.19 19:26:27.332,1.12302,1.12304,1310000,2250000
2019.06.19 19:26:27.392,1.12302,1.12304,4060000,2620000
2019.06.19 19:26:27.494,1.12299,1.12304,7440000,4120000
2019.06.19 19:26:27.601,1.123,1.12304,10440000,1500000
2019.06.19 19:26:27.867,1.12301,1.12304,3560000,1000000
2019.06.19 19:26:27.970,1.12299,1.12303,2250000,3750000
2019.06.19 19:26:28.072,1.12298,1.12302,2620000,5550000
2019.06.19 19:26:28.231,1.12298,1.12301,2250000,1050000
2019.06.19 19:26:28.617,1.12297,1.12301,1690000,5620000
2019.06.19 19:26:28.718,1.12298,1.12301,1690000,1000000
2019.06.19 19:26:28.820,1.12297,1.12301,1690000,6370000
2019.06.19 19:26:29.723,1.12298,1.12302,2500000,2250000
2019.06.19 19:26:29.874,1.12297,1.12302,2500000,9750000
2019.06.19 19:26:29.976,1.12297,1.12302,1690000,9190000
2019.06.19 19:26:30.344,1.12299,1.12303,5070000,3750000
2019.06.19 19:26:30.694,1.12299,1.12301,1000000,2250000
2019.06.19 19:26:30.745,1.12297,1.12301,1810000,4050000
2019.06.19 19:26:30.899,1.12296,1.123,1500000,3190000
2019.06.19 19:26:31.611,1.12297,1.123,4500000,1000000
2019.06.19 19:26:31.860,1.12296,1.12299,1000000,3940000
2019.06.19 19:26:32.063,1.12297,1.12299,1000000,1000000
2019.06.19 19:26:32.177,1.12296,1.12299,1000000,3940000
2019.06.19 19:26:32.289,1.12297,1.12299,1000000,1000000
2019.06.19 19:26:33.355,1.12298,1.123,1000000,1870000
2019.06.19 19:26:33.407,1.12298,1.12301,2510000,1870000
2019.06.19 19:26:33.509,1.12299,1.12302,2950000,1000000
2019.06.19 19:26:34.620,1.12298,1.12302,2200000,1870000
2019.06.19 19:26:34.723,1.12297,1.123,1000000,2250000
2019.06.19 19:26:34.869,1.12296,1.123,2070000,5360000
2019.06.19 19:26:34.923,1.12299,1.12301,3000000,1000000
2019.06.19 19:26:35.078,1.12299,1.12302,3000000,1120000
2019.06.19 19:26:35.180,1.12299,1.12302,1250000,1120000
2019.06.19 19:26:35.381,1.12298,1.12302,1250000,4500000
2019.06.19 19:26:36.321,1.12299,1.12302,2510000,1000000
2019.06.19 19:26:36.447,1.12298,1.12302,1760000,4120000
2019.06.19 19:26:36.602,1.12299,1.12302,2510000,1000000
2019.06.19 19:26:38.759,1.12301,1.12303,8320000,1000000
2019.06.19 19:26:38.862,1.123,1.12303,3570000,2060000
2019.06.19 19:26:38.974,1.12298,1.12302,5060000,3750000
2019.06.19 19:26:39.178,1.12298,1.12301,1870000,1500000
2019.06.19 19:26:39.488,1.12297,1.12302,7540000,2810000
2019.06.19 19:26:39.597,1.12297,1.12301,3400000,3490000
2019.06.19 19:26:39.698,1.12297,1.12301,3300000,1690000
2019.06.19 19:26:42.146,1.12296,1.123,1810000,6620000
2019.06.19 19:26:47.250,1.12296,1.12299,3620000,1690000
2019.06.19 19:26:56.354,1.12298,1.12301,5640000,2440000
2019.06.19 19:26:56.460,1.12299,1.123,2250000,1100000
2019.06.19 19:26:56.590,1.12298,1.12301,2740000,2550000
2019.06.19 19:26:56.743,1.12297,1.12301,5810000,3000000
2019.06.19 19:26:57.042,1.12298,1.12301,1690000,1000000
2019.06.19 19:26:57.348,1.12297,1.12301,1250000,3450000
2019.06.19 19:26:57.452,1.12296,1.123,2250000,5890000
2019.06.19 19:26:57.620,1.12296,1.12299,1000000,6940000
2019.06.19 19:26:57.722,1.12296,1.123,1870000,4690000
2019.06.19 19:26:58.213,1.12297,1.12301,6010000,2320000
2019.06.19 19:26:58.315,1.12297,1.123,1620000,3000000
2019.06.19 19:26:58.590,1.12296,1.123,4250000,7390000
2019.06.19 19:26:58.757,1.12297,1.123,2370000,1000000
2019.06.19 19:26:59.872,1.12297,1.123,2370000,1970000
2019.06.19 19:27:00.480,1.12296,1.123,2370000,6560000
2019.06.19 19:27:00.582,1.12296,1.12299,1000000,4690000
2019.06.19 19:27:03.126,1.12297,1.12299,1000000,1000000
2019.06.19 19:27:05.706,1.12297,1.123,5370000,2250000
2019.06.19 19:27:05.809,1.12297,1.123,1120000,1500000
2019.06.19 19:27:05.861,1.12299,1.12301,1570000,1500000
2019.06.19 19:27:06.051,1.12299,1.123,1000000,1000000
2019.06.19 19:27:06.305,1.12298,1.12301,1500000,4690000
2019.06.19 19:27:06.407,1.12299,1.12301,1000000,1500000
2019.06.19 19:27:06.956,1.12298,1.12301,1250000,2320000
2019.06.19 19:27:07.058,1.12299,1.12301,3940000,1000000
2019.06.19 19:27:07.972,1.12298,1.12301,2810000,3000000
2019.06.19 19:27:08.902,1.12299,1.12301,1310000,1500000
2019.06.19 19:27:09.005,1.123,1.12302,1310000,1000000
2019.06.19 19:27:09.107,1.12299,1.12302,1310000,1000000
2019.06.19 19:27:12.612,1.12298,1.123,2000000,1500000
2019.06.19 19:27:12.714,1.12297,1.123,1000000,1500000
2019.06.19 19:27:12.843,1.12297,1.12301,3940000,1500000
2019.06.19 19:27:13.779,1.12297,1.123,1500000,1500000
2019.06.19 19:27:13.881,1.12298,1.123,1500000,1000000
2019.06.19 19:27:14.019,1.12297,1.123,1500000,1690000
2019.06.19 19:27:14.133,1.12297,1.12301,2620000,1690000
2019.06.19 19:27:16.480,1.12299,1.12301,1870000,4060000
2019.06.19 19:27:16.582,1.123,1.12302,1250000,1000000
2019.06.19 19:27:16.712,1.12299,1.12302,1250000,1000000
2019.06.19 19:27:16.967,1.12299,1.12302,1250000,1500000
2019.06.19 19:27:17.816,1.12298,1.12302,5120000,3370000
2019.06.19 19:27:17.992,1.12299,1.12301,1250000,1500000
2019.06.19 19:27:18.094,1.12299,1.12302,5060000,1250000
2019.06.19 19:27:19.528,1.12299,1.12302,3250000,1000000
2019.06.19 19:27:19.856,1.12298,1.12302,1000000,8700000
2019.06.19 19:27:19.958,1.12299,1.12303,2320000,3640000
2019.06.19 19:27:20.061,1.12304,1.12305,1000000,1000000
2019.06.19 19:27:20.112,1.12304,1.12307,1500000,1120000
2019.06.19 19:27:20.223,1.12306,1.12308,1500000,3000000
2019.06.19 19:27:20.325,1.12307,1.12309,1120000,1000000
2019.06.19 19:27:20.427,1.12308,1.1231,1000000,3000000
2019.06.19 19:27:20.541,1.12308,1.12311,1600000,3250000
2019.06.19 19:27:20.643,1.12307,1.1231,1000000,2810000
2019.06.19 19:27:20.745,1.12307,1.1231,1000000,7140000
2019.06.19 19:27:21.321,1.12308,1.1231,1000000,2820000
2019.06.19 19:27:21.474,1.12308,1.12312,1890000,3500000
2019.06.19 19:27:21.627,1.12308,1.12312,1120000,3370000
2019.06.19 19:27:22.094,1.12307,1.12311,1500000,7340000
2019.06.19 19:27:22.196,1.12307,1.12311,1100000,7340000
2019.06.19 19:27:23.442,1.12308,1.12312,9010000,1000000
2019.06.19 19:27:26.273,1.12308,1.1231,1120000,2200000
2019.06.19 19:27:26.847,1.12307,1.12311,1950000,4640000
2019.06.19 19:27:27.249,1.12309,1.12312,1720000,2250000
2019.06.19 19:27:28.171,1.12308,1.12311,2060000,2250000
2019.06.19 19:27:28.273,1.12308,1.1231,2620000,3000000
2019.06.19 19:27:28.731,1.12306,1.12308,1000000,5160000
2019.06.19 19:27:28.783,1.12305,1.12307,1000000,4840000
2019.06.19 19:27:28.834,1.12304,1.12306,1040000,1870000
2019.06.19 19:27:28.936,1.12303,1.12305,1500000,1000000
2019.06.19 19:27:29.075,1.12303,1.12306,1120000,1100000
2019.06.19 19:27:29.179,1.12303,1.12306,6450000,1870000
2019.06.19 19:27:29.384,1.12303,1.12306,2700000,2770000
2019.06.19 19:27:29.630,1.12304,1.12306,1050000,2120000
2019.06.19 19:27:29.733,1.12305,1.12309,1000000,3940000
2019.06.19 19:27:29.836,1.12305,1.12308,1120000,6520000
2019.06.19 19:27:29.939,1.12307,1.12309,1120000,1000000
2019.06.19 19:27:30.042,1.12304,1.12307,2370000,1200000
2019.06.19 19:27:30.185,1.12302,1.12304,1140000,3960000
2019.06.19 19:27:30.288,1.12302,1.12305,2370000,1690000
2019.06.19 19:27:30.491,1.12301,1.12305,2370000,6340000
2019.06.19 19:27:30.606,1.12302,1.12305,2370000,1500000
2019.06.19 19:27:30.708,1.12301,1.12305,3120000,7390000
2019.06.19 19:27:30.810,1.12302,1.12305,1500000,1000000
2019.06.19 19:27:30.912,1.12301,1.12305,1500000,7760000
2019.06.19 19:27:31.064,1.12302,1.12305,1870000,1000000
2019.06.19 19:27:31.232,1.12302,1.12304,1120000,1000000
2019.06.19 19:27:32.087,1.12303,1.12305,3870000,1000000
2019.06.19 19:27:32.463,1.12303,1.12305,2620000,1000000
2019.06.19 19:27:32.924,1.12302,1.12305,1870000,2250000
2019.06.19 19:27:33.026,1.12303,1.12306,12010000,1000000
2019.06.19 19:27:33.128,1.12302,1.12306,9760000,3000000
2019.06.19 19:27:33.434,1.12302,1.12304,4050000,1500000
2019.06.19 19:27:33.960,1.12301,1.12304,1620000,6750000
2019.06.19 19:27:34.182,1.12301,1.12305,2700000,7840000
2019.06.19 19:27:34.283,1.12301,1.12305,2620000,7260000
2019.06.19 19:27:34.385,1.12301,1.12306,7140000,6560000
2019.06.19 19:27:34.497,1.12301,1.12305,2620000,7260000
2019.06.19 19:27:34.786,1.12301,1.12305,1950000,7840000
2019.06.19 19:27:36.068,1.12302,1.12305,1000000,1000000
2019.06.19 19:27:36.170,1.12303,1.12306,4010000,1000000
2019.06.19 19:27:40.177,1.12303,1.12305,2060000,1000000
2019.06.19 19:27:41.180,1.12302,1.12305,2060000,1690000
2019.06.19 19:27:42.347,1.12302,1.12304,1500000,1690000
2019.06.19 19:27:44.367,1.12302,1.12304,3120000,2440000
2019.06.19 19:27:44.800,1.12303,1.12305,1120000,1500000
2019.06.19 19:27:44.958,1.12303,1.12306,2620000,1690000
2019.06.19 19:27:45.699,1.12303,1.12306,2270000,4000000
2019.06.19 19:27:46.213,1.12305,1.12308,1620000,1870000
2019.06.19 19:27:46.328,1.12305,1.12308,1220000,4520000
2019.06.19 19:27:46.431,1.12306,1.12309,2000000,1250000
2019.06.19 19:27:48.717,1.12307,1.12309,1000000,1500000
2019.06.19 19:27:48.820,1.12308,1.1231,1000000,1000000
2019.06.19 19:27:48.948,1.12307,1.12311,2060000,4500000
2019.06.19 19:27:49.255,1.12307,1.1231,1120000,6070000
2019.06.19 19:27:49.413,1.12308,1.1231,1120000,1500000
2019.06.19 19:27:49.517,1.12309,1.12311,1310000,1000000
2019.06.19 19:27:49.619,1.12308,1.12312,5620000,6370000
2019.06.19 19:27:50.598,1.12308,1.12311,2120000,3370000
2019.06.19 19:27:50.650,1.12306,1.12309,1870000,1690000
2019.06.19 19:27:51.085,1.12306,1.1231,4250000,1950000
2019.06.19 19:27:51.187,1.12306,1.12309,1120000,2320000
2019.06.19 19:27:51.289,1.12307,1.1231,1120000,1000000
2019.06.19 19:27:51.391,1.12308,1.12311,4760000,1120000
2019.06.19 19:27:52.306,1.12307,1.12311,3190000,2620000
2019.06.19 19:27:52.408,1.12307,1.12311,6690000,2620000
2019.06.19 19:27:52.510,1.12308,1.12311,6690000,1000000
2019.06.19 19:27:52.662,1.12307,1.12311,4440000,3370000
2019.06.19 19:27:53.018,1.12308,1.12311,8370000,1000000
2019.06.19 19:27:53.492,1.12307,1.12311,4250000,3560000
2019.06.19 19:27:53.746,1.12308,1.1231,1500000,1000000
2019.06.19 19:27:54.280,1.1231,1.12312,5120000,1000000
2019.06.19 19:27:54.433,1.12309,1.12312,2870000,2020000
2019.06.19 19:27:54.537,1.12308,1.12312,2500000,6520000
2019.06.19 19:27:54.689,1.12308,1.12312,4300000,4270000
2019.06.19 19:27:54.792,1.12309,1.12312,6920000,1000000
2019.06.19 19:27:54.894,1.1231,1.12312,4500000,1000000
2019.06.19 19:27:55.101,1.12309,1.12312,2440000,3520000
2019.06.19 19:27:55.203,1.12309,1.12312,1690000,1700000
2019.06.19 19:27:55.305,1.12309,1.12312,2190000,1000000
2019.06.19 19:27:55.411,1.12308,1.12311,2500000,3150000
2019.06.19 19:27:55.578,1.12308,1.12311,1200000,1690000
2019.06.19 19:27:55.681,1.12307,1.12311,2660000,4520000
2019.06.19 19:27:55.784,1.12307,1.1231,3120000,1000000
2019.06.19 19:27:55.886,1.12306,1.12309,5620000,1270000
2019.06.19 19:27:56.038,1.12305,1.12309,5620000,5020000
2019.06.19 19:27:56.092,1.12305,1.12308,1620000,3750000
2019.06.19 19:27:58.122,1.12304,1.12308,4320000,4570000
2019.06.19 19:27:58.275,1.12305,1.12307,1120000,1000000
2019.06.19 19:27:59.819,1.12303,1.12306,1000000,2850000
2019.06.19 19:27:59.921,1.12304,1.12307,2620000,1870000
2019.06.19 19:28:01.505,1.12304,1.12308,2620000,1000000
2019.06.19 19:28:02.483,1.12304,1.12307,1000000,3000000
2019.06.19 19:28:02.959,1.12304,1.12308,2620000,1000000
2019.06.19 19:28:03.836,1.12304,1.12307,1000000,1500000
2019.06.19 19:28:04.906,1.12306,1.12309,5070000,1500000
2019.06.19 19:28:05.009,1.12307,1.1231,1000000,1500000
2019.06.19 19:28:08.242,1.12307,1.12308,1000000,1000000
2019.06.19 19:28:08.384,1.12307,1.12309,4120000,1000000
2019.06.19 19:28:09.987,1.12307,1.12308,1000000,1000000
2019.06.19 19:28:10.262,1.12305,1.12308,1870000,1250000
2019.06.19 19:28:10.365,1.12304,1.12306,1120000,4570000
2019.06.19 19:28:10.552,1.12303,1.12306,1100000,1000000
2019.06.19 19:28:11.858,1.12304,1.12307,2000000,2850000
2019.06.19 19:28:11.960,1.12307,1.12309,1120000,1000000
2019.06.19 19:28:12.427,1.12306,1.12309,2370000,1700000
2019.06.19 19:28:12.478,1.12305,1.12309,2370000,1250000
2019.06.19 19:28:12.869,1.12307,1.12309,1120000,1000000
2019.06.19 19:28:13.504,1.12307,1.1231,1870000,1000000
2019.06.19 19:28:15.462,1.1231,1.12311,3070000,1000000
2019.06.19 19:28:15.565,1.12307,1.1231,1120000,4320000
2019.06.19 19:28:15.617,1.12307,1.1231,3370000,2060000
2019.06.19 19:28:18.083,1.12307,1.12309,1870000,1120000
2019.06.19 19:28:18.134,1.12305,1.12307,2620000,6870000
2019.06.19 19:28:18.291,1.12303,1.12305,1120000,1500000
2019.06.19 19:28:18.974,1.12302,1.12305,4620000,1870000
2019.06.19 19:28:20.268,1.123,1.12301,2620000,4270000
2019.06.19 19:28:20.370,1.12297,1.123,3940000,1000000
2019.06.19 19:28:20.500,1.12297,1.12301,1200000,5190000
2019.06.19 19:28:20.603,1.12297,1.12301,1310000,1500000
2019.06.19 19:28:21.147,1.12297,1.12301,2190000,3000000
2019.06.19 19:28:21.249,1.12298,1.12301,3690000,1000000
2019.06.19 19:28:21.351,1.12297,1.12301,2940000,3000000
2019.06.19 19:28:22.128,1.12297,1.12301,1690000,2620000
2019.06.19 19:28:26.872,1.12298,1.12301,2060000,1000000
2019.06.19 19:28:27.103,1.12297,1.12302,10200000,2250000
2019.06.19 19:28:29.663,1.12298,1.12302,10200000,1500000
2019.06.19 19:28:29.715,1.12302,1.12304,1120000,1250000
2019.06.19 19:28:29.819,1.12303,1.12306,4870000,1870000
2019.06.19 19:28:29.921,1.12304,1.12306,2060000,1500000
2019.06.19 19:28:30.024,1.12302,1.12305,1290000,4570000
2019.06.19 19:28:30.187,1.12303,1.12305,2040000,1000000
2019.06.19 19:28:30.422,1.12302,1.12305,1290000,3750000
2019.06.19 19:28:31.605,1.12303,1.12305,2040000,1000000
2019.06.19 19:28:31.708,1.12302,1.12305,2790000,6070000
2019.06.19 19:28:32.777,1.123,1.12304,3730000,5660000
2019.06.19 19:28:32.879,1.123,1.12303,1000000,1640000
2019.06.19 19:28:33.413,1.12299,1.12302,1000000,3820000
2019.06.19 19:28:33.518,1.12298,1.12301,9310000,2250000
2019.06.19 19:28:33.646,1.12296,1.123,5560000,3140000
2019.06.19 19:28:33.749,1.12296,1.12299,1120000,2440000
2019.06.19 19:28:34.669,1.12297,1.12299,1690000,1700000
2019.06.19 19:28:34.771,1.12296,1.12299,1250000,2440000
2019.06.19 19:28:34.968,1.12297,1.12299,1500000,1000000
2019.06.19 19:28:35.222,1.12296,1.12299,1000000,7010000
2019.06.19 19:28:35.542,1.12297,1.12299,1000000,1000000
2019.06.19 19:28:35.775,1.12296,1.123,3120000,7010000
2019.06.19 19:28:36.816,1.12297,1.123,4430000,1500000
2019.06.19 19:28:37.270,1.12297,1.12299,1620000,1000000
2019.06.19 19:28:37.372,1.12296,1.12299,1100000,3190000
2019.06.19 19:28:37.525,1.12296,1.12299,1120000,3190000
2019.06.19 19:28:38.856,1.12297,1.12299,1000000,1000000
2019.06.19 19:28:40.295,1.12297,1.12299,2750000,1500000
2019.06.19 19:28:42.150,1.12297,1.12299,1690000,1000000
2019.06.19 19:28:43.208,1.12295,1.12297,3000000,1500000
2019.06.19 19:28:43.331,1.12295,1.12298,3370000,1000000
2019.06.19 19:28:44.507,1.12294,1.12296,1000000,2720000
2019.06.19 19:28:44.609,1.12294,1.12296,1000000,1500000
2019.06.19 19:28:44.711,1.12295,1.12297,1950000,1000000
2019.06.19 19:28:45.828,1.12293,1.12297,1500000,3640000
2019.06.19 19:28:46.608,1.12293,1.12297,4700000,6260000
2019.06.19 19:28:46.711,1.12294,1.12296,1100000,1000000
2019.06.19 19:28:47.605,1.12295,1.12298,1720000,1000000
2019.06.19 19:28:47.657,1.12295,1.12299,1870000,5210000
2019.06.19 19:28:47.759,1.12296,1.12299,3370000,1270000
2019.06.19 19:28:48.217,1.12298,1.123,1620000,6370000
2019.06.19 19:28:48.320,1.12301,1.12304,2350000,1250000
2019.06.19 19:28:48.371,1.12303,1.12305,1100000,2250000
2019.06.19 19:28:48.423,1.12304,1.12306,1690000,1000000
2019.06.19 19:28:48.525,1.12305,1.12308,3820000,1000000
2019.06.19 19:28:48.639,1.12306,1.12309,3870000,1570000
2019.06.19 19:28:48.690,1.12305,1.12307,1000000,6970000
2019.06.19 19:28:48.793,1.12305,1.12306,2620000,1500000
2019.06.19 19:28:48.946,1.12304,1.12307,3120000,1000000
2019.06.19 19:28:49.145,1.12304,1.12305,1000000,1000000
2019.06.19 19:28:49.197,1.123,1.12305,1870000,4720000
2019.06.19 19:28:49.248,1.12302,1.12305,1120000,2250000
2019.06.19 19:28:49.351,1.12302,1.12306,1000000,6700000
2019.06.19 19:28:49.504,1.12304,1.12307,4250000,1000000
2019.06.19 19:28:49.812,1.12303,1.12306,1870000,1690000
2019.06.19 19:28:52.680,1.12301,1.12303,1000000,5910000
2019.06.19 19:28:52.782,1.12297,1.12301,1000000,5510000
2019.06.19 19:28:52.933,1.12297,1.12301,4870000,2390000
2019.06.19 19:28:53.036,1.12297,1.12301,2620000,1690000
2019.06.19 19:28:54.058,1.123,1.12301,2060000,1500000
2019.06.19 19:28:54.109,1.12301,1.12303,4820000,1000000
2019.06.19 19:28:54.247,1.12299,1.12301,1000000,1200000
2019.06.19 19:28:54.349,1.12298,1.12301,1000000,2450000
2019.06.19 19:28:54.451,1.12298,1.12301,1000000,1720000
2019.06.19 19:28:57.019,1.12299,1.12301,1000000,1000000
2019.06.19 19:28:57.172,1.12298,1.12301,1250000,3260000
2019.06.19 19:28:59.526,1.12297,1.12301,4690000,4500000
2019.06.19 19:28:59.628,1.12296,1.12299,1620000,2140000
2019.06.19 19:28:59.816,1.12295,1.12298,3000000,1760000
2019.06.19 19:28:59.970,1.12294,1.12298,3820000,1760000
2019.06.19 19:29:00.072,1.12294,1.12298,1500000,1350000
2019.06.19 19:29:00.233,1.12294,1.12297,1000000,1390000
2019.06.19 19:29:00.337,1.12294,1.12298,3750000,1310000
2019.06.19 19:29:00.930,1.12294,1.12298,4250000,1950000
2019.06.19 19:29:02.340,1.12296,1.12297,1120000,1000000
2019.06.19 19:29:02.470,1.12295,1.12298,1000000,1250000
2019.06.19 19:29:03.876,1.12294,1.12298,1870000,8290000
2019.06.19 19:29:04.358,1.12295,1.12298,4120000,1000000
2019.06.19 19:29:04.714,1.12294,1.12298,1120000,4540000
2019.06.19 19:29:04.868,1.12294,1.12298,1120000,4710000
2019.06.19 19:29:05.680,1.12293,1.12296,1000000,2600000
2019.06.19 19:29:05.782,1.12292,1.12297,2620000,9260000
2019.06.19 19:29:05.891,1.12293,1.12297,2620000,2440000
2019.06.19 19:29:06.250,1.12293,1.12296,2250000,1200000
2019.06.19 19:29:06.354,1.12291,1.12296,2810000,10010000
2019.06.19 19:29:06.456,1.12292,1.12297,4870000,3260000
2019.06.19 19:29:06.558,1.12293,1.12297,3370000,1500000
2019.06.19 19:29:06.711,1.12293,1.12296,1310000,1000000
2019.06.19 19:29:08.604,1.12293,1.12295,1000000,1000000
2019.06.19 19:29:08.714,1.12293,1.12296,1870000,1000000
2019.06.19 19:29:08.869,1.12293,1.12295,1000000,1000000
2019.06.19 19:29:08.971,1.12292,1.12295,1000000,1500000
2019.06.19 19:29:09.073,1.12292,1.12296,6370000,4270000
2019.06.19 19:29:09.175,1.12293,1.12296,2620000,1500000
2019.06.19 19:29:10.253,1.12292,1.12295,1620000,4500000
2019.06.19 19:29:10.508,1.12292,1.12296,1200000,5640000
2019.06.19 19:29:11.584,1.12293,1.12295,1000000,1870000
2019.06.19 19:29:11.951,1.12293,1.12296,1870000,1100000
2019.06.19 19:29:12.053,1.12292,1.12294,1000000,1000000
2019.06.19 19:29:12.343,1.12293,1.12295,1000000,1000000
2019.06.19 19:29:12.496,1.12292,1.12296,1500000,1750000
2019.06.19 19:29:12.599,1.12292,1.12296,5000000,1750000
2019.06.19 19:29:13.117,1.12291,1.12295,1120000,7140000
2019.06.19 19:29:13.220,1.12293,1.12295,1000000,1000000
2019.06.19 19:29:13.368,1.12292,1.12296,1950000,4540000
2019.06.19 19:29:13.472,1.12292,1.12296,1000000,3260000
2019.06.19 19:29:13.676,1.12292,1.12296,2250000,3040000
2019.06.19 19:29:15.553,1.12291,1.12293,1000000,3760000
2019.06.19 19:29:15.656,1.12291,1.12293,1000000,2440000
2019.06.19 19:29:15.759,1.12291,1.12294,1000000,1690000
2019.06.19 19:29:15.934,1.12292,1.12296,4890000,1000000
2019.06.19 19:29:16.037,1.12292,1.12296,3000000,2140000
2019.06.19 19:29:16.538,1.12292,1.12295,1000000,1000000
2019.06.19 19:29:16.859,1.12292,1.12295,1000000,1350000
2019.06.19 19:29:16.960,1.12291,1.12295,1000000,8510000
2019.06.19 19:29:17.068,1.12292,1.12295,2250000,1000000
2019.06.19 19:29:17.170,1.12292,1.12295,1000000,1370000
2019.06.19 19:29:17.272,1.12292,1.12295,1000000,2320000
2019.06.19 19:29:17.902,1.12291,1.12295,1120000,5290000
2019.06.19 19:29:19.797,1.12291,1.12294,1000000,2060000
2019.06.19 19:29:19.900,1.1229,1.12294,2370000,9200000
2019.06.19 19:29:21.583,1.1229,1.12294,1100000,7700000
2019.06.19 19:29:21.685,1.12292,1.12295,1100000,1000000
2019.06.19 19:29:21.788,1.12292,1.12296,2250000,2810000
2019.06.19 19:29:22.690,1.12292,1.12295,1000000,3260000
2019.06.19 19:29:23.155,1.12294,1.12296,1000000,4870000
2019.06.19 19:29:23.293,1.12296,1.123,3500000,3870000
2019.06.19 19:29:23.398,1.12299,1.12301,2440000,1000000
2019.06.19 19:29:23.500,1.123,1.12302,1610000,1500000
2019.06.19 19:29:23.645,1.12301,1.12303,1620000,3940000
2019.06.19 19:29:23.750,1.12301,1.12304,1000000,9310000
2019.06.19 19:29:23.853,1.12301,1.12303,1000000,3290000
2019.06.19 19:29:23.956,1.12299,1.12303,1870000,5670000
2019.06.19 19:29:24.120,1.12299,1.12303,3370000,3520000
2019.06.19 19:29:24.223,1.12299,1.12303,2120000,2020000
2019.06.19 19:29:25.955,1.12299,1.12303,2250000,3190000
2019.06.19 19:29:26.057,1.12299,1.12303,2500000,3250000
2019.06.19 19:29:26.209,1.12299,1.12302,1310000,4270000
2019.06.19 19:29:26.333,1.12298,1.12302,1250000,3000000
2019.06.19 19:29:26.693,1.12298,1.12302,1750000,2400000
2019.06.19 19:29:28.709,1.12299,1.12302,4370000,1120000
2019.06.19 19:29:28.811,1.12299,1.12303,4570000,3320000
2019.06.19 19:29:28.863,1.12299,1.12302,1250000,3320000
2019.06.19 19:29:29.182,1.12299,1.12302,1370000,1200000
2019.06.19 19:29:30.318,1.12297,1.123,1000000,1950000
2019.06.19 19:29:30.970,1.12297,1.12302,5350000,4570000
2019.06.19 19:29:31.253,1.12297,1.12302,3820000,4370000
2019.06.19 19:29:32.710,1.12297,1.12301,1310000,1870000
2019.06.19 19:29:32.813,1.12298,1.12301,1310000,1000000
2019.06.19 19:29:36.037,1.12297,1.123,1000000,2570000
2019.06.19 19:29:36.139,1.12297,1.123,1000000,1120000
2019.06.19 19:29:37.052,1.12297,1.123,2370000,1120000
2019.06.19 19:29:37.343,1.12297,1.123,3870000,2750000
2019.06.19 19:29:37.672,1.12297,1.123,2750000,1000000
2019.06.19 19:29:38.657,1.12296,1.123,2370000,5140000
2019.06.19 19:29:39.073,1.12295,1.12298,1870000,2760000
2019.06.19 19:29:39.175,1.12294,1.12298,1870000,4540000
2019.06.19 19:29:39.227,1.12294,1.12296,1000000,3940000
2019.06.19 19:29:39.647,1.12293,1.12296,1000000,1100000
2019.06.19 19:29:39.802,1.12292,1.12296,2620000,8140000
2019.06.19 19:29:40.238,1.12292,1.12295,1000000,2700000
2019.06.19 19:29:40.979,1.12294,1.12297,2250000,3560000
2019.06.19 19:29:41.082,1.12295,1.12298,3370000,1500000
2019.06.19 19:29:41.424,1.12294,1.12298,1870000,2510000
2019.06.19 19:29:42.057,1.12295,1.12298,2620000,1000000
2019.06.19 19:29:42.280,1.12294,1.12298,1870000,2510000
2019.06.19 19:29:43.219,1.12295,1.12298,2620000,1000000
2019.06.19 19:29:43.321,1.12294,1.12298,1870000,1760000
2019.06.19 19:29:43.423,1.12295,1.12298,2620000,1000000
2019.06.19 19:29:43.525,1.12294,1.12298,1870000,1690000
2019.06.19 19:29:43.701,1.12294,1.12297,1000000,1760000
2019.06.19 19:29:43.803,1.12296,1.12299,4620000,1000000
2019.06.19 19:29:43.954,1.12298,1.12302,3190000,1870000
2019.06.19 19:29:44.107,1.12298,1.12302,2810000,1820000
2019.06.19 19:29:44.209,1.12298,1.12302,4310000,1120000
2019.06.19 19:29:44.310,1.12298,1.12301,1000000,1870000
2019.06.19 19:29:44.905,1.12298,1.12301,1700000,1870000
2019.06.19 19:29:45.544,1.12297,1.12299,5000000,1690000
2019.06.19 19:29:45.619,1.12295,1.12299,4250000,5000000
2019.06.19 19:29:45.721,1.12295,1.12298,1870000,1870000
2019.06.19 19:29:46.551,1.12294,1.12297,1000000,3500000
2019.06.19 19:29:47.678,1.12294,1.12297,1000000,5440000
2019.06.19 19:29:47.963,1.12295,1.12297,1500000,1000000
2019.06.19 19:29:48.376,1.12294,1.12297,1000000,6190000
2019.06.19 19:29:48.989,1.12293,1.12295,1000000,1300000
2019.06.19 19:29:49.092,1.12292,1.12295,1000000,3560000
2019.06.19 19:29:49.194,1.12293,1.12295,1500000,1000000
2019.06.19 19:29:49.527,1.12292,1.12295,1000000,3560000
2019.06.19 19:29:49.629,1.12293,1.12295,1500000,1000000
2019.06.19 19:29:49.759,1.12292,1.12294,1000000,1250000
2019.06.19 19:29:49.861,1.12291,1.12293,1500000,1120000
2019.06.19 19:29:51.065,1.12289,1.12293,1120000,4760000
2019.06.19 19:29:51.961,1.1229,1.12295,5450000,1690000
2019.06.19 19:29:52.013,1.12292,1.12295,3370000,1500000
2019.06.19 19:29:52.116,1.12293,1.12296,2450000,1000000
2019.06.19 19:29:54.401,1.12292,1.12295,1620000,1000000
2019.06.19 19:29:54.503,1.12291,1.12294,1000000,3600000
2019.06.19 19:29:54.768,1.1229,1.12293,1120000,2510000
2019.06.19 19:29:54.922,1.1229,1.12294,3070000,1760000
2019.06.19 19:29:55.024,1.1229,1.12293,1000000,4010000
2019.06.19 19:29:55.126,1.1229,1.12294,4570000,3260000
2019.06.19 19:29:55.334,1.1229,1.12293,1000000,1100000
2019.06.19 19:29:55.775,1.1229,1.12295,6950000,2440000
2019.06.19 19:29:55.900,1.12292,1.12294,1120000,1000000
2019.06.19 19:29:56.056,1.12291,1.12295,1620000,3070000
2019.06.19 19:29:56.209,1.12292,1.12295,1990000,1000000
2019.06.19 19:29:56.311,1.12291,1.12295,1620000,2250000
2019.06.19 19:29:56.413,1.12292,1.12295,2370000,1000000
2019.06.19 19:29:56.793,1.12291,1.12295,1620000,2250000
2019.06.19 19:29:57.099,1.12293,1.12295,1000000,2250000
2019.06.19 19:29:57.150,1.12293,1.12296,1120000,2320000
2019.06.19 19:29:57.379,1.12292,1.12296,3940000,2020000
2019.06.19 19:29:57.483,1.12291,1.12295,1000000,2320000
2019.06.19 19:29:57.610,1.12291,1.12295,1000000,3700000
2019.06.19 19:29:57.761,1.12291,1.12295,1990000,3320000
2019.06.19 19:29:58.483,1.1229,1.12293,1120000,3070000
2019.06.19 19:29:58.586,1.1229,1.12292,1000000,2620000
2019.06.19 19:29:58.741,1.1229,1.12294,1500000,3370000
2019.06.19 19:30:00.625,1.1229,1.12294,3560000,5950000
2019.06.19 19:30:00.769,1.1229,1.12294,1810000,2250000
2019.06.19 19:30:00.872,1.1229,1.12294,2620000,2250000
2019.06.19 19:30:00.974,1.1229,1.12292,1000000,1100000
2019.06.19 19:30:01.077,1.12289,1.12293,1870000,4970000
2019.06.19 19:30:01.214,1.1229,1.12292,1000000,1000000
2019.06.19 19:30:02.803,1.1229,1.12294,2810000,1500000
2019.06.19 19:30:03.247,1.1229,1.12293,1500000,2400000
2019.06.19 19:30:04.251,1.12289,1.12293,1620000,5220000
2019.06.19 19:30:05.146,1.12289,1.12294,3370000,7770000
2019.06.19 19:30:05.319,1.12291,1.12294,1390000,2810000
2019.06.19 19:30:05.371,1.12292,1.12296,3560000,1000000
2019.06.19 19:30:05.473,1.12293,1.12297,2060000,6900000
2019.06.19 19:30:05.525,1.12295,1.12297,1120000,1000000
2019.06.19 19:30:06.042,1.12294,1.12296,2250000,1500000
2019.06.19 19:30:06.210,1.12292,1.12296,1000000,1000000
2019.06.19 19:30:06.312,1.12292,1.12295,1000000,3070000
2019.06.19 19:30:06.413,1.12292,1.12296,1500000,1100000
2019.06.19 19:30:06.878,1.12292,1.12295,1000000,1100000
2019.06.19 19:30:07.409,1.12295,1.12297,3000000,1000000
2019.06.19 19:30:07.512,1.12295,1.12298,1000000,4400000
2019.06.19 19:30:07.614,1.12295,1.123,3870000,3500000
2019.06.19 19:30:08.205,1.12299,1.12301,1950000,1500000
2019.06.19 19:30:08.308,1.123,1.12303,1810000,4500000
2019.06.19 19:30:09.456,1.12299,1.12303,1500000,8510000
2019.06.19 19:30:09.558,1.123,1.12303,1500000,1500000
2019.06.19 19:30:09.722,1.123,1.12303,2450000,2250000
2019.06.19 19:30:09.900,1.12299,1.12303,1700000,4950000
2019.06.19 19:30:10.690,1.123,1.12303,2250000,1000000
2019.06.19 19:30:10.839,1.12299,1.12303,1120000,6070000
2019.06.19 19:30:11.043,1.12298,1.12301,1000000,1350000
2019.06.19 19:30:11.145,1.12296,1.12299,4500000,4620000
2019.06.19 19:30:11.813,1.12295,1.12299,1870000,4620000
2019.06.19 19:30:12.910,1.12294,1.12296,1500000,2700000
2019.06.19 19:30:13.061,1.12292,1.12295,1310000,1620000
2019.06.19 19:30:13.173,1.12292,1.12295,1870000,1120000
2019.06.19 19:30:13.992,1.12292,1.12293,1870000,1120000
2019.06.19 19:30:14.043,1.12289,1.12292,1120000,5810000
2019.06.19 19:30:14.145,1.12287,1.1229,1300000,3610000
2019.06.19 19:30:14.280,1.12285,1.1229,2620000,5320000
2019.06.19 19:30:14.382,1.12285,1.1229,3620000,5470000
2019.06.19 19:30:15.245,1.12284,1.12288,1500000,4160000
2019.06.19 19:30:15.413,1.12285,1.12288,1500000,1500000
2019.06.19 19:30:15.859,1.12285,1.12288,1000000,1950000
2019.06.19 19:30:15.970,1.12285,1.12289,5060000,1200000
2019.06.19 19:30:16.134,1.12288,1.1229,1870000,1120000
2019.06.19 19:30:16.237,1.12289,1.12291,1000000,1000000
2019.06.19 19:30:16.340,1.12288,1.12291,1000000,3960000
2019.06.19 19:30:16.502,1.12288,1.1229,1000000,1690000
2019.06.19 19:30:16.604,1.12287,1.1229,1000000,3510000
2019.06.19 19:30:16.757,1.12287,1.1229,1000000,4650000
2019.06.19 19:30:16.956,1.12289,1.12292,1500000,2100000
2019.06.19 19:30:17.008,1.12291,1.12294,4200000,1000000
2019.06.19 19:30:17.161,1.12291,1.12293,1000000,1000000
2019.06.19 19:30:17.263,1.1229,1.12293,1000000,3070000
2019.06.19 19:30:17.647,1.12291,1.12294,3370000,1200000
2019.06.19 19:30:18.074,1.12292,1.12294,1870000,1870000
2019.06.19 19:30:18.177,1.12292,1.12295,1000000,9840000
2019.06.19 19:30:18.336,1.12292,1.12295,1000000,1570000
2019.06.19 19:30:18.439,1.12291,1.12295,2250000,6020000
2019.06.19 19:30:18.490,1.12291,1.12293,1000000,4820000
2019.06.19 19:30:19.676,1.12291,1.12294,1000000,1000000
2019.06.19 19:30:21.497,1.1229,1.12293,3060000,3200000
2019.06.19 19:30:21.600,1.1229,1.12291,2440000,1100000
2019.06.19 19:30:21.652,1.12287,1.12291,2250000,9340000
2019.06.19 19:30:21.704,1.12289,1.12291,1000000,2250000
2019.06.19 19:30:21.836,1.12288,1.12291,3940000,3450000
2019.06.19 19:30:21.989,1.12288,1.12291,1690000,4350000
2019.06.19 19:30:22.323,1.12288,1.12291,2440000,1000000
2019.06.19 19:30:22.441,1.12287,1.12291,2440000,8400000
2019.06.19 19:30:22.577,1.12288,1.12291,4690000,1000000
2019.06.19 19:30:22.772,1.12287,1.12291,2440000,6450000
2019.06.19 19:30:24.754,1.12288,1.1229,1120000,1000000
2019.06.19 19:30:25.352,1.12287,1.12291,5120000,3000000
2019.06.19 19:30:26.384,1.12288,1.12291,8310000,1000000
2019.06.19 19:30:26.580,1.12287,1.12291,7940000,5250000
2019.06.19 19:30:27.823,1.12288,1.12289,1000000,1000000
2019.06.19 19:30:27.875,1.12286,1.12288,3000000,1950000
2019.06.19 19:30:28.021,1.12284,1.12288,1500000,6700000
2019.06.19 19:30:28.620,1.12286,1.12289,5620000,1500000
2019.06.19 19:30:28.722,1.12286,1.12288,1000000,1120000
2019.06.19 19:30:29.229,1.12285,1.12289,3370000,5440000
2019.06.19 19:30:29.310,1.12285,1.12289,4250000,3000000
2019.06.19 19:30:29.412,1.12285,1.12288,2250000,3450000
2019.06.19 19:30:29.667,1.12285,1.12289,4500000,7190000
2019.06.19 19:30:29.819,1.12285,1.12289,3750000,7790000
2019.06.19 19:30:30.125,1.12285,1.12289,3750000,8690000
2019.06.19 19:30:30.930,1.12285,1.12288,3370000,2430000
2019.06.19 19:30:30.981,1.12284,1.12288,4620000,4270000
2019.06.19 19:30:31.083,1.12283,1.12285,1000000,3300000
2019.06.19 19:30:31.134,1.12282,1.12285,1000000,2250000
2019.06.19 19:30:32.349,1.12281,1.12285,1000000,5770000
2019.06.19 19:30:34.610,1.12284,1.12286,1120000,1000000
2019.06.19 19:30:35.062,1.12283,1.12286,1000000,3370000
2019.06.19 19:30:35.165,1.12283,1.12286,1000000,3220000
2019.06.19 19:30:35.308,1.12283,1.12286,1000000,2620000
2019.06.19 19:30:39.671,1.12284,1.12285,1500000,1000000
2019.06.19 19:30:39.823,1.12283,1.12285,1000000,1500000
2019.06.19 19:30:39.925,1.12284,1.12285,1000000,1000000
2019.06.19 19:30:40.027,1.12283,1.12285,1000000,1500000
2019.06.19 19:30:40.280,1.12284,1.12285,1000000,1000000
2019.06.19 19:30:40.483,1.12283,1.12285,1000000,2250000
2019.06.19 19:30:41.048,1.12283,1.12287,4570000,2700000
2019.06.19 19:30:41.152,1.12284,1.12287,4120000,1000000
2019.06.19 19:30:42.563,1.12283,1.12287,9310000,4570000
2019.06.19 19:30:42.824,1.12283,1.12285,1000000,2320000
2019.06.19 19:30:42.927,1.12283,1.12285,2250000,1720000
2019.06.19 19:30:43.029,1.12283,1.12285,1000000,1120000
2019.06.19 19:30:43.131,1.12283,1.12286,2620000,3750000
2019.06.19 19:30:43.183,1.12285,1.12286,1000000,1870000
2019.06.19 19:30:43.234,1.12286,1.12288,1870000,1500000
2019.06.19 19:30:43.349,1.12286,1.1229,1810000,2770000
2019.06.19 19:30:43.451,1.12287,1.1229,2940000,1000000
2019.06.19 19:30:43.553,1.12286,1.1229,1810000,2770000
2019.06.19 19:30:44.158,1.12287,1.1229,2250000,1000000
2019.06.19 19:30:44.260,1.12288,1.1229,1690000,1250000
2019.06.19 19:30:44.655,1.12287,1.1229,1500000,3750000
2019.06.19 19:30:45.188,1.12288,1.1229,1500000,1000000
2019.06.19 19:30:46.082,1.12287,1.1229,1310000,1500000
2019.06.19 19:30:47.678,1.12289,1.12292,5440000,1500000
2019.06.19 19:30:47.781,1.12288,1.1229,1000000,2250000
2019.06.19 19:30:47.925,1.12288,1.12291,2870000,1870000
2019.06.19 19:30:49.176,1.12288,1.12291,1500000,4250000
2019.06.19 19:30:49.330,1.12288,1.1229,1310000,1500000
2019.06.19 19:30:49.432,1.12289,1.1229,1310000,1000000
2019.06.19 19:30:49.534,1.12288,1.12291,4310000,1500000
2019.06.19 19:30:49.792,1.12289,1.1229,1310000,1000000
2019.06.19 19:30:49.895,1.12288,1.12291,4310000,1500000
2019.06.19 19:30:50.342,1.12289,1.12292,4560000,2250000
2019.06.19 19:30:50.459,1.12288,1.12292,1500000,10240000
2019.06.19 19:30:50.561,1.12289,1.12291,1250000,1500000
2019.06.19 19:30:50.713,1.12288,1.12291,1690000,1950000
2019.06.19 19:30:50.816,1.12286,1.12289,2250000,2250000
2019.06.19 19:30:50.948,1.12285,1.12289,1870000,3070000
2019.06.19 19:30:51.051,1.12286,1.12288,1000000,1500000
2019.06.19 19:30:52.019,1.12286,1.12289,1870000,1200000
2019.06.19 19:30:52.866,1.12285,1.12287,1000000,5400000
2019.06.19 19:30:52.969,1.12282,1.12285,1250000,4720000
2019.06.19 19:30:53.020,1.12282,1.12286,5500000,4120000
2019.06.19 19:30:53.475,1.12282,1.12284,1000000,2250000
2019.06.19 19:30:53.577,1.12282,1.12285,1250000,1000000
2019.06.19 19:30:53.680,1.1228,1.12282,1000000,9820000
2019.06.19 19:30:53.817,1.1228,1.12282,1120000,1500000
2019.06.19 19:30:53.922,1.12278,1.1228,1690000,1570000
2019.06.19 19:30:54.025,1.12277,1.1228,3310000,1500000
2019.06.19 19:30:54.127,1.12277,1.12281,1570000,5640000
2019.06.19 19:30:55.077,1.12277,1.12281,1500000,4760000
2019.06.19 19:30:55.231,1.12278,1.12281,1500000,1500000
2019.06.19 19:30:55.435,1.12278,1.12281,1000000,2850000
2019.06.19 19:30:55.705,1.12278,1.12282,2620000,1870000
2019.06.19 19:30:56.281,1.12279,1.12282,5620000,1000000
2019.06.19 19:30:56.499,1.12278,1.12282,4120000,3070000
2019.06.19 19:30:56.702,1.12278,1.12282,4120000,5050000
2019.06.19 19:30:57.240,1.1228,1.12282,1120000,1000000
2019.06.19 19:30:57.342,1.1228,1.12284,6120000,1500000
2019.06.19 19:30:57.743,1.1228,1.12284,1870000,3070000
2019.06.19 19:30:57.897,1.12279,1.12283,1000000,10390000
2019.06.19 19:30:58.068,1.1228,1.12284,8370000,1000000
2019.06.19 19:30:58.862,1.12279,1.12284,9000000,3820000
2019.06.19 19:30:59.030,1.1228,1.12282,1000000,1000000
2019.06.19 19:30:59.744,1.12279,1.12281,1120000,3000000
2019.06.19 19:30:59.846,1.12276,1.12279,1500000,3940000
2019.06.19 19:31:00.056,1.12275,1.12278,1000000,1000000
2019.06.19 19:31:00.160,1.12275,1.12279,2810000,1000000
2019.06.19 19:31:00.839,1.12275,1.12278,1120000,1100000
2019.06.19 19:31:01.300,1.12275,1.12279,3690000,2470000
2019.06.19 19:31:01.454,1.12275,1.12279,3120000,1870000
2019.06.19 19:31:02.717,1.12274,1.12276,1120000,1570000
2019.06.19 19:31:02.820,1.12273,1.12276,1000000,1100000
2019.06.19 19:31:03.040,1.12274,1.12277,5700000,2000000
2019.06.19 19:31:03.142,1.12275,1.12278,2620000,1950000
2019.06.19 19:31:03.399,1.12275,1.12276,1000000,2250000
2019.06.19 19:31:03.501,1.12273,1.12276,1000000,1000000
2019.06.19 19:31:03.630,1.12272,1.12276,1000000,4500000
2019.06.19 19:31:03.758,1.12273,1.12276,3000000,1000000
2019.06.19 19:31:03.875,1.12273,1.12275,1000000,1000000
2019.06.19 19:31:04.010,1.12272,1.12275,2810000,1500000
2019.06.19 19:31:05.176,1.12271,1.12276,3750000,10650000
2019.06.19 19:31:05.431,1.12273,1.12276,4120000,1000000
2019.06.19 19:31:05.560,1.12276,1.12279,3370000,1000000
2019.06.19 19:31:05.662,1.12275,1.12279,3370000,1500000
2019.06.19 19:31:05.764,1.12275,1.12278,2250000,1500000
2019.06.19 19:31:05.866,1.12278,1.1228,11140000,1500000
2019.06.19 19:31:06.001,1.12276,1.12279,2810000,1570000
2019.06.19 19:31:06.203,1.12278,1.12279,1000000,1000000
2019.06.19 19:31:06.306,1.12278,1.1228,1000000,2620000
2019.06.19 19:31:06.711,1.12279,1.12282,1120000,1000000
2019.06.19 19:31:06.762,1.1228,1.12284,3570000,3570000
2019.06.19 19:31:06.864,1.12282,1.12285,3120000,2370000
2019.06.19 19:31:06.973,1.12282,1.12285,1000000,1700000
2019.06.19 19:31:07.228,1.12282,1.12285,1000000,4570000
2019.06.19 19:31:08.167,1.12281,1.12283,1000000,3520000
2019.06.19 19:31:08.269,1.1228,1.12284,4120000,1200000
2019.06.19 19:31:08.974,1.1228,1.12283,1000000,1000000
2019.06.19 19:31:10.977,1.1228,1.12283,1620000,1000000
2019.06.19 19:31:11.420,1.12279,1.12282,1000000,2700000
2019.06.19 19:31:11.522,1.1228,1.12283,1000000,2620000
2019.06.19 19:31:11.635,1.12282,1.12285,1570000,1870000
2019.06.19 19:31:11.738,1.12283,1.12286,1120000,3070000
2019.06.19 19:31:11.841,1.12284,1.12286,1120000,1000000
2019.06.19 19:31:11.943,1.12283,1.12286,3370000,2850000
2019.06.19 19:31:12.045,1.12283,1.12286,1120000,1500000
2019.06.19 19:31:12.565,1.12282,1.12286,2250000,4200000
2019.06.19 19:31:13.741,1.12285,1.12287,2320000,3000000
2019.06.19 19:31:13.843,1.12285,1.12289,1700000,3450000
2019.06.19 19:31:15.802,1.12285,1.12289,1570000,4200000
2019.06.19 19:31:16.262,1.12286,1.1229,2060000,3370000
2019.06.19 19:31:16.442,1.12287,1.12288,1000000,1000000
2019.06.19 19:31:16.545,1.12286,1.12289,4570000,1100000
2019.06.19 19:31:16.698,1.12285,1.12287,1000000,1500000
2019.06.19 19:31:17.111,1.12284,1.12286,1000000,2000000
2019.06.19 19:31:17.853,1.12284,1.12287,1000000,2000000
2019.06.19 19:31:18.299,1.12284,1.12288,3370000,5750000
2019.06.19 19:31:20.391,1.12284,1.12287,1000000,2000000
2019.06.19 19:31:20.511,1.12284,1.12288,1120000,1500000
2019.06.19 19:31:24.536,1.12287,1.12289,1000000,1200000
2019.06.19 19:31:24.642,1.12289,1.12292,2560000,1000000
2019.06.19 19:31:25.060,1.12288,1.1229,1250000,1500000
2019.06.19 19:31:25.213,1.12288,1.1229,2560000,1120000
2019.06.19 19:31:25.366,1.12288,1.1229,1120000,2750000
2019.06.19 19:31:25.418,1.12289,1.12292,2810000,2000000
2019.06.19 19:31:25.580,1.12288,1.12291,2440000,1000000
2019.06.19 19:31:26.988,1.12289,1.12292,5370000,1500000
2019.06.19 19:31:27.935,1.12289,1.12293,4690000,2250000
2019.06.19 19:31:28.812,1.12288,1.1229,1000000,1500000
2019.06.19 19:31:28.864,1.12287,1.12291,3560000,5700000
2019.06.19 19:31:28.915,1.12287,1.12289,2250000,1500000
2019.06.19 19:31:29.028,1.12286,1.12289,2750000,2440000
2019.06.19 19:31:29.131,1.12287,1.12289,5370000,1000000
2019.06.19 19:31:29.234,1.12286,1.12289,3120000,2440000
2019.06.19 19:31:29.336,1.12285,1.12288,1000000,1950000
2019.06.19 19:31:30.071,1.12285,1.12287,1000000,2320000
2019.06.19 19:31:31.443,1.12284,1.12288,1870000,3450000
2019.06.19 19:31:31.830,1.12285,1.12288,1500000,1120000
2019.06.19 19:31:32.439,1.12284,1.12288,1120000,5320000
2019.06.19 19:31:32.541,1.12285,1.12289,1870000,1000000
2019.06.19 19:31:33.147,1.12285,1.12289,3600000,3000000
2019.06.19 19:31:33.342,1.12288,1.1229,5190000,1000000
2019.06.19 19:31:33.444,1.12287,1.1229,1310000,1100000
2019.06.19 19:31:33.547,1.12286,1.1229,1310000,6120000
2019.06.19 19:31:34.157,1.12287,1.1229,1310000,1100000
2019.06.19 19:31:34.260,1.12286,1.1229,1310000,6120000
2019.06.19 19:31:34.871,1.12286,1.1229,4810000,5000000
2019.06.19 19:31:34.973,1.12286,1.12289,1500000,1500000
2019.06.19 19:31:35.177,1.12286,1.12289,2250000,1600000
2019.06.19 19:31:36.984,1.12285,1.12289,1870000,3560000
2019.06.19 19:31:37.093,1.12286,1.12289,1870000,1000000
2019.06.19 19:31:37.246,1.12286,1.12288,1000000,1500000
2019.06.19 19:31:37.383,1.12286,1.12289,2620000,1500000
2019.06.19 19:31:37.798,1.12286,1.12288,1000000,1000000
2019.06.19 19:31:38.020,1.12285,1.12288,1120000,2810000
2019.06.19 19:31:38.254,1.12286,1.12289,6120000,1000000
2019.06.19 19:31:38.747,1.12285,1.12288,1120000,4310000
2019.06.19 19:31:39.738,1.12286,1.12288,1000000,1000000
2019.06.19 19:31:40.697,1.12285,1.12287,1120000,2250000
2019.06.19 19:31:41.264,1.12284,1.12288,3500000,4200000
2019.06.19 19:31:41.681,1.12284,1.12286,1000000,1000000
2019.06.19 19:31:41.783,1.12284,1.12285,1000000,1000000
2019.06.19 19:31:42.393,1.12285,1.12288,1100000,1720000
2019.06.19 19:31:44.232,1.12284,1.12288,1500000,7720000
2019.06.19 19:31:44.334,1.12283,1.12286,3000000,4270000
2019.06.19 19:31:44.440,1.12283,1.12285,2060000,3000000
2019.06.19 19:31:44.542,1.1228,1.12285,4310000,8390000
2019.06.19 19:31:44.746,1.12281,1.12284,1000000,1270000
2019.06.19 19:31:44.875,1.1228,1.12285,2810000,10640000
2019.06.19 19:31:46.765,1.12281,1.12284,1000000,1100000
2019.06.19 19:31:47.239,1.12281,1.12285,2810000,1100000
2019.06.19 19:31:48.007,1.12282,1.12284,1000000,2250000
2019.06.19 19:31:48.108,1.12281,1.12285,1310000,3070000
2019.06.19 19:31:48.980,1.12282,1.12285,2810000,1000000
2019.06.19 19:31:49.141,1.12281,1.12285,1310000,3070000
2019.06.19 19:31:49.357,1.12282,1.12286,3190000,5250000
2019.06.19 19:31:49.469,1.12282,1.12286,2250000,5720000
2019.06.19 19:31:49.572,1.12281,1.12283,1000000,5020000
2019.06.19 19:31:50.053,1.12281,1.12284,7870000,1000000
2019.06.19 19:31:50.155,1.12281,1.12283,1000000,1120000
2019.06.19 19:31:51.093,1.12281,1.12284,2250000,1000000
2019.06.19 19:31:51.196,1.12283,1.12284,1120000,1000000
2019.06.19 19:31:51.298,1.12282,1.12284,1870000,1000000
2019.06.19 19:31:51.885,1.12281,1.12284,2620000,1100000
2019.06.19 19:31:52.026,1.12282,1.12285,2440000,1110000
2019.06.19 19:31:52.129,1.12284,1.12286,1760000,2480000
2019.06.19 19:31:52.233,1.12288,1.1229,5890000,1500000
2019.06.19 19:31:52.336,1.12287,1.12291,5250000,6190000
2019.06.19 19:31:52.539,1.12288,1.12291,1370000,1870000
2019.06.19 19:31:52.692,1.12287,1.12291,1690000,5700000
2019.06.19 19:31:52.986,1.12288,1.12291,1310000,1500000
2019.06.19 19:31:53.088,1.12287,1.12291,1310000,7200000
2019.06.19 19:31:53.368,1.12288,1.12291,1310000,1500000
2019.06.19 19:31:53.647,1.12287,1.12291,1310000,6450000
2019.06.19 19:31:53.909,1.12288,1.1229,1000000,1500000
2019.06.19 19:31:54.029,1.12285,1.12289,4320000,3390000
2019.06.19 19:31:56.009,1.12287,1.1229,1690000,2250000
2019.06.19 19:31:56.200,1.12287,1.12292,6750000,6070000
2019.06.19 19:31:56.251,1.12287,1.1229,1250000,5320000
2019.06.19 19:31:56.825,1.12288,1.1229,1250000,1000000
2019.06.19 19:31:56.877,1.12289,1.12292,5500000,1000000
2019.06.19 19:31:58.791,1.12288,1.12291,4000000,1000000
2019.06.19 19:31:58.894,1.12287,1.12291,2200000,4950000
2019.06.19 19:32:00.152,1.12288,1.12291,4940000,1000000
2019.06.19 19:32:00.295,1.12288,1.12291,1250000,1100000
2019.06.19 19:32:01.544,1.12288,1.12292,2060000,1000000
2019.06.19 19:32:01.596,1.12288,1.12291,1750000,1000000
2019.06.19 19:32:02.255,1.12287,1.12291,2120000,5060000
2019.06.19 19:32:03.768,1.12287,1.12291,3560000,10070000
2019.06.19 19:32:05.044,1.12289,1.12291,1560000,1000000
2019.06.19 19:32:05.146,1.12288,1.12291,1500000,2250000
2019.06.19 19:32:05.249,1.12289,1.12291,1250000,1000000
2019.06.19 19:32:05.352,1.12286,1.12287,3000000,3450000
2019.06.19 19:32:05.462,1.12283,1.12286,1000000,2440000
2019.06.19 19:32:05.514,1.12285,1.12287,3370000,1250000
2019.06.19 19:32:05.617,1.12287,1.12288,2320000,1500000
2019.06.19 19:32:05.669,1.12287,1.1229,2810000,1500000
2019.06.19 19:32:05.873,1.12288,1.12291,3870000,1000000
2019.06.19 19:32:06.014,1.12288,1.12292,4060000,1000000
2019.06.19 19:32:06.318,1.12287,1.12291,1310000,4200000
2019.06.19 19:32:06.420,1.12287,1.12291,3690000,2250000
2019.06.19 19:32:09.190,1.12287,1.12289,1000000,1000000
2019.06.19 19:32:10.134,1.12287,1.1229,3370000,1250000
2019.06.19 19:32:10.256,1.12285,1.12289,1870000,13460000
2019.06.19 19:32:10.741,1.12287,1.12289,1500000,1000000
2019.06.19 19:32:11.318,1.12286,1.12289,1120000,3190000
2019.06.19 19:32:11.762,1.12286,1.12289,2000000,3940000
2019.06.19 19:32:11.872,1.12285,1.12289,2250000,4750000
2019.06.19 19:32:12.388,1.12286,1.12288,1120000,1250000
2019.06.19 19:32:14.024,1.12286,1.12289,1120000,1250000
2019.06.19 19:32:14.127,1.12287,1.1229,1950000,1000000
2019.06.19 19:32:14.383,1.12287,1.12289,1000000,1120000
2019.06.19 19:32:15.748,1.12289,1.12291,1120000,1120000
2019.06.19 19:32:15.851,1.12289,1.12293,1880000,3000000
2019.06.19 19:32:15.953,1.1229,1.12293,1000000,6440000
2019.06.19 19:32:16.073,1.12292,1.12296,2140000,6320000
2019.06.19 19:32:16.176,1.12292,1.12295,1000000,9320000
2019.06.19 19:32:16.386,1.12292,1.12296,2140000,5570000
2019.06.19 19:32:17.393,1.12293,1.12295,1000000,1250000
2019.06.19 19:32:18.157,1.12293,1.12296,2440000,1250000
2019.06.19 19:32:18.539,1.12295,1.12296,1000000,1000000
2019.06.19 19:32:18.642,1.12296,1.12299,1500000,1000000
2019.06.19 19:32:18.766,1.12298,1.12299,1000000,1500000
2019.06.19 19:32:18.868,1.12297,1.12301,5000000,8960000
2019.06.19 19:32:18.970,1.12297,1.12301,2620000,11590000
2019.06.19 19:32:19.412,1.12298,1.12301,1120000,1000000
2019.06.19 19:32:19.616,1.12298,1.12302,3000000,2620000
2019.06.19 19:32:19.732,1.12298,1.12302,3970000,6810000
2019.06.19 19:32:19.986,1.12298,1.12302,6000000,3250000
2019.06.19 19:32:20.250,1.12299,1.12303,1500000,5890000
2019.06.19 19:32:20.352,1.123,1.12303,1500000,1000000
2019.06.19 19:32:20.454,1.12299,1.12303,2250000,9560000
2019.06.19 19:32:20.805,1.12299,1.12304,6370000,3640000
2019.06.19 19:32:21.039,1.123,1.12303,1000000,1000000
2019.06.19 19:32:21.141,1.12299,1.12304,6370000,3640000
2019.06.19 19:32:21.509,1.12299,1.12301,1120000,1000000
2019.06.19 19:32:21.614,1.12298,1.123,1500000,2250000
2019.06.19 19:32:21.717,1.12298,1.12299,1500000,4570000
2019.06.19 19:32:21.820,1.12296,1.12299,1500000,2500000
2019.06.19 19:32:21.941,1.12296,1.12299,1500000,2440000
2019.06.19 19:32:22.043,1.12296,1.123,9450000,2660000
2019.06.19 19:32:22.146,1.12296,1.12299,1000000,1500000
2019.06.19 19:32:22.300,1.12296,1.123,3940000,1500000
2019.06.19 19:32:23.048,1.12297,1.123,1120000,1000000
2019.06.19 19:32:23.158,1.12296,1.123,1120000,5250000
2019.06.19 19:32:23.260,1.12297,1.123,1000000,1000000
2019.06.19 19:32:23.362,1.12298,1.12301,1570000,1120000
2019.06.19 19:32:25.534,1.12297,1.12302,9570000,2250000
2019.06.19 19:32:25.994,1.12298,1.12301,1120000,1000000
2019.06.19 19:32:26.546,1.12299,1.12301,1120000,5370000
2019.06.19 19:32:26.648,1.123,1.12303,2700000,1120000
2019.06.19 19:32:26.750,1.123,1.12302,2100000,1570000
2019.06.19 19:32:26.852,1.12298,1.12302,3970000,6500000
2019.06.19 19:32:27.002,1.12298,1.12301,1500000,4870000
2019.06.19 19:32:27.104,1.12298,1.12302,7570000,4120000
2019.06.19 19:32:27.206,1.12298,1.12301,1000000,4870000
2019.06.19 19:32:27.853,1.12302,1.12303,1950000,1000000
2019.06.19 19:32:27.955,1.12301,1.12304,2250000,1500000
2019.06.19 19:32:28.288,1.12301,1.12303,1000000,1500000
2019.06.19 19:32:28.390,1.12301,1.12304,4120000,1000000
2019.06.19 19:32:28.656,1.123,1.12303,2620000,2250000
2019.06.19 19:32:28.800,1.12299,1.12302,1000000,1500000
2019.06.19 19:32:28.903,1.12298,1.12302,5550000,3000000
2019.06.19 19:32:29.006,1.12299,1.12302,8470000,1000000
2019.06.19 19:32:29.596,1.12299,1.12302,1200000,1120000
2019.06.19 19:32:29.647,1.12301,1.12303,2550000,1000000
2019.06.19 19:32:29.749,1.12301,1.12304,4950000,1000000
2019.06.19 19:32:29.851,1.123,1.12304,4950000,1500000
2019.06.19 19:32:29.953,1.123,1.12303,1500000,2250000
2019.06.19 19:32:30.330,1.12303,1.12305,1200000,1000000
2019.06.19 19:32:30.433,1.12304,1.12307,2140000,1000000
2019.06.19 19:32:31.065,1.12303,1.12308,10200000,4200000
2019.06.19 19:32:31.187,1.12303,1.12307,1000000,3750000
2019.06.19 19:32:31.491,1.12303,1.12308,7200000,3000000
2019.06.19 19:32:31.661,1.12303,1.12307,1120000,3000000
2019.06.19 19:32:32.151,1.12303,1.12307,3950000,2250000
2019.06.19 19:32:32.253,1.12303,1.12307,6070000,3000000
2019.06.19 19:32:32.405,1.12307,1.1231,1600000,1500000
2019.06.19 19:32:32.456,1.12307,1.12311,3000000,1000000
2019.06.19 19:32:32.660,1.12306,1.12311,3070000,5250000
2019.06.19 19:32:32.902,1.12306,1.12311,3120000,5320000
2019.06.19 19:32:33.099,1.12307,1.12311,3120000,1000000
2019.06.19 19:32:33.201,1.12308,1.12311,1500000,1500000
2019.06.19 19:32:33.304,1.12309,1.12311,2250000,1000000
2019.06.19 19:32:33.417,1.1231,1.12312,1400000,1000000
2019.06.19 19:32:33.519,1.12308,1.12312,1400000,8320000
2019.06.19 19:32:37.905,1.12309,1.12312,1520000,8750000
2019.06.19 19:32:38.014,1.1231,1.12313,3190000,1120000
2019.06.19 19:32:38.603,1.1231,1.12312,3000000,1000000
2019.06.19 19:32:38.706,1.12309,1.12312,4870000,1000000
2019.06.19 19:32:38.860,1.12309,1.12311,1120000,1500000
2019.06.19 19:32:38.963,1.12309,1.12312,1420000,1500000
2019.06.19 19:32:39.065,1.12308,1.12312,1420000,6370000
2019.06.19 19:32:39.182,1.12309,1.12311,1120000,1000000
2019.06.19 19:32:39.502,1.12311,1.12314,2890000,1500000
2019.06.19 19:32:39.554,1.12312,1.12314,1310000,1000000
2019.06.19 19:32:39.655,1.12313,1.12315,1500000,1000000
2019.06.19 19:32:39.898,1.12311,1.12315,1000000,1760000
2019.06.19 19:32:40.051,1.12311,1.12314,2370000,1690000
2019.06.19 19:32:40.154,1.12311,1.12315,4500000,1870000
2019.06.19 19:32:40.256,1.12312,1.12315,2620000,1500000
2019.06.19 19:32:41.515,1.12312,1.12315,1500000,1000000
2019.06.19 19:32:41.903,1.12312,1.12315,2250000,1000000
2019.06.19 19:32:42.058,1.12312,1.12316,4310000,1000000
2019.06.19 19:32:42.161,1.12314,1.12317,6450000,2250000
2019.06.19 19:32:42.263,1.12314,1.12316,1120000,1000000
2019.06.19 19:32:42.380,1.12314,1.12318,1100000,1500000
2019.06.19 19:32:42.533,1.12314,1.12317,6750000,1500000
2019.06.19 19:32:44.334,1.12314,1.12316,1000000,1000000
2019.06.19 19:32:45.177,1.12314,1.12317,4120000,1500000
2019.06.19 19:32:45.768,1.12314,1.12316,1120000,1950000
2019.06.19 19:32:46.022,1.12314,1.12317,3000000,1500000
2019.06.19 19:32:47.581,1.12313,1.12316,2440000,4120000
2019.06.19 19:32:47.695,1.12312,1.12315,1870000,1620000
2019.06.19 19:32:47.747,1.12311,1.12315,1690000,3750000
2019.06.19 19:32:47.899,1.12312,1.12315,1000000,1000000
2019.06.19 19:32:48.052,1.12311,1.12315,1000000,6450000
2019.06.19 19:32:48.633,1.12311,1.12315,1500000,2620000
2019.06.19 19:32:48.736,1.12311,1.12315,1000000,4390000
2019.06.19 19:32:48.871,1.12312,1.12316,4820000,1250000
2019.06.19 19:32:48.923,1.12311,1.12313,2270000,1000000
2019.06.19 19:32:49.025,1.1231,1.12313,2650000,1500000
2019.06.19 19:32:49.127,1.1231,1.12313,2650000,1500000
2019.06.19 19:32:49.774,1.12311,1.12313,1600000,1500000
2019.06.19 19:32:49.910,1.12314,1.12316,1570000,1000000
2019.06.19 19:32:50.065,1.12314,1.12315,1500000,1000000
2019.06.19 19:32:50.167,1.12314,1.12316,1500000,1000000
2019.06.19 19:32:50.428,1.12314,1.12315,1500000,1000000
2019.06.19 19:32:50.479,1.12314,1.12317,3370000,1000000
2019.06.19 19:32:51.280,1.12314,1.12316,1000000,1000000
2019.06.19 19:32:51.382,1.12314,1.12317,3370000,1000000
2019.06.19 19:32:51.491,1.12314,1.12316,1120000,1000000
2019.06.19 19:32:51.644,1.12314,1.12317,6370000,1000000
2019.06.19 19:32:52.548,1.12314,1.12317,1100000,1000000
2019.06.19 19:32:52.905,1.12313,1.12317,2250000,3500000
2019.06.19 19:32:53.142,1.12313,1.12317,2620000,1870000
2019.06.19 19:32:53.752,1.12316,1.12317,2250000,1100000
2019.06.19 19:32:53.804,1.12316,1.12319,1000000,3070000
2019.06.19 19:32:54.061,1.12316,1.1232,3370000,1000000
2019.06.19 19:32:54.274,1.12316,1.12319,1000000,1000000
2019.06.19 19:32:54.376,1.12317,1.12321,2700000,1690000
2019.06.19 19:32:54.478,1.12318,1.12321,1120000,1000000
2019.06.19 19:32:54.580,1.12319,1.12322,4320000,1000000
2019.06.19 19:32:54.720,1.12318,1.12322,3950000,2250000
2019.06.19 19:32:54.823,1.12319,1.12322,3120000,1000000
2019.06.19 19:32:54.926,1.12322,1.12323,1870000,1000000
2019.06.19 19:32:54.977,1.12322,1.12324,1100000,1000000
2019.06.19 19:32:55.029,1.12322,1.12326,1310000,1120000
2019.06.19 19:32:55.948,1.12321,1.12324,1000000,1120000
2019.06.19 19:32:56.203,1.1232,1.12321,1500000,1690000
2019.06.19 19:32:56.254,1.12318,1.12321,2440000,5590000
2019.06.19 19:32:56.376,1.12318,1.1232,1490000,1200000
2019.06.19 19:32:56.448,1.12316,1.12318,1500000,1500000
2019.06.19 19:32:56.550,1.12315,1.12319,6220000,1120000
2019.06.19 19:32:56.884,1.12314,1.12317,1500000,1000000
2019.06.19 19:32:56.986,1.12312,1.12316,2810000,2620000
2019.06.19 19:32:57.205,1.12313,1.12315,1000000,1000000
2019.06.19 19:32:57.307,1.12312,1.12316,1250000,3000000
2019.06.19 19:32:57.902,1.12313,1.12316,2320000,3260000
2019.06.19 19:32:58.004,1.12313,1.12318,1500000,4760000
2019.06.19 19:32:58.106,1.12314,1.12318,3000000,1000000
2019.06.19 19:32:58.217,1.12313,1.12318,1500000,4760000
2019.06.19 19:32:58.319,1.12316,1.12319,3100000,1000000
2019.06.19 19:32:58.421,1.12316,1.12319,1870000,1000000
2019.06.19 19:32:58.575,1.12315,1.12319,1120000,1500000
2019.06.19 19:32:58.831,1.12315,1.12319,1000000,1500000
2019.06.19 19:33:00.883,1.12313,1.12317,1690000,6090000
2019.06.19 19:33:00.990,1.12313,1.12316,2560000,1500000
2019.06.19 19:33:02.230,1.12312,1.12316,6190000,3120000
2019.06.19 19:33:02.333,1.12312,1.12316,3940000,2250000
2019.06.19 19:33:02.916,1.12312,1.12316,2190000,2250000
2019.06.19 19:33:03.907,1.12311,1.12316,8260000,2700000
2019.06.19 19:33:04.897,1.12314,1.12316,4120000,1000000
2019.06.19 19:33:05.033,1.12315,1.12316,3000000,1000000
2019.06.19 19:33:05.086,1.12316,1.12319,3070000,1310000
2019.06.19 19:33:05.193,1.12316,1.1232,3070000,1760000
2019.06.19 19:33:06.447,1.12316,1.12321,5070000,2560000
2019.06.19 19:33:06.549,1.12318,1.12321,2070000,3000000
2019.06.19 19:33:06.651,1.12318,1.12321,1950000,3000000
2019.06.19 19:33:07.013,1.12317,1.12321,1950000,5140000
2019.06.19 19:33:08.221,1.12319,1.12321,1000000,1000000
2019.06.19 19:33:09.393,1.12319,1.12322,6190000,1000000
2019.06.19 19:33:10.131,1.12319,1.12321,1000000,1000000
2019.06.19 19:33:10.232,1.12318,1.12321,1000000,1000000
2019.06.19 19:33:10.420,1.12318,1.12322,6260000,1000000
2019.06.19 19:33:10.678,1.12318,1.12321,2250000,1000000
2019.06.19 19:33:10.964,1.12318,1.12322,6260000,1000000
2019.06.19 19:33:11.233,1.12318,1.12321,1000000,1000000
2019.06.19 19:33:11.532,1.12318,1.12322,6640000,1000000
2019.06.19 19:33:11.634,1.12319,1.12322,5060000,1000000
2019.06.19 19:33:11.737,1.1232,1.12323,1500000,2250000
2019.06.19 19:33:12.157,1.12321,1.12323,1500000,1000000
2019.06.19 19:33:12.259,1.1232,1.12324,4120000,3000000
2019.06.19 19:33:12.653,1.12321,1.12324,4120000,1000000
2019.06.19 19:33:12.755,1.12321,1.12323,1000000,1500000
2019.06.19 19:33:12.922,1.12322,1.12325,2370000,1000000
2019.06.19 19:33:13.816,1.12322,1.12325,2250000,1000000
2019.06.19 19:33:15.630,1.12323,1.12326,5190000,1000000
2019.06.19 19:33:15.783,1.12323,1.12326,4120000,3000000
2019.06.19 19:33:16.845,1.12323,1.12327,3750000,3000000
2019.06.19 19:33:17.447,1.12323,1.12327,3370000,3850000
2019.06.19 19:33:17.811,1.12325,1.12327,3000000,1000000
2019.06.19 19:33:17.915,1.12324,1.12326,2620000,2890000
2019.06.19 19:33:18.025,1.12324,1.12326,1370000,2700000
2019.06.19 19:33:18.130,1.12324,1.12326,1500000,2250000
2019.06.19 19:33:18.232,1.12324,1.12327,1000000,3000000
2019.06.19 19:33:18.555,1.12325,1.12327,1000000,1000000
2019.06.19 19:33:18.949,1.12329,1.1233,3000000,3000000
2019.06.19 19:33:19.000,1.12329,1.12333,7050000,4620000
2019.06.19 19:33:19.146,1.12329,1.12333,2470000,5000000
2019.06.19 19:33:19.299,1.12329,1.12331,1120000,6120000
2019.06.19 19:33:19.401,1.12329,1.12332,3000000,5370000
2019.06.19 19:33:19.581,1.12329,1.12331,1500000,4620000
2019.06.19 19:33:19.683,1.12329,1.12332,2620000,4620000
2019.06.19 19:33:20.123,1.12329,1.12332,1870000,2250000
2019.06.19 19:33:20.745,1.12332,1.12333,1100000,1000000
2019.06.19 19:33:20.886,1.12333,1.12336,2370000,1570000
2019.06.19 19:33:21.141,1.12332,1.12335,1120000,1870000
2019.06.19 19:33:21.516,1.12332,1.12334,1000000,1120000
2019.06.19 19:33:21.636,1.12332,1.12335,3000000,1120000
2019.06.19 19:33:21.985,1.12331,1.12334,1000000,5820000
2019.06.19 19:33:22.189,1.12331,1.12335,2620000,3570000
2019.06.19 19:33:22.388,1.12331,1.12335,3120000,3570000
2019.06.19 19:33:22.637,1.12331,1.12335,3120000,2320000
2019.06.19 19:33:22.739,1.12332,1.12335,6120000,1600000
2019.06.19 19:33:22.842,1.12332,1.12334,1120000,1000000
2019.06.19 19:33:23.468,1.12331,1.12335,1870000,1720000
2019.06.19 19:33:24.907,1.12332,1.12336,2250000,1000000
2019.06.19 19:33:25.030,1.12331,1.12334,1000000,3450000
2019.06.19 19:33:26.199,1.12331,1.12335,6370000,1500000
2019.06.19 19:33:26.301,1.12332,1.12336,3950000,1120000
2019.06.19 19:33:29.318,1.12332,1.12336,8440000,1000000
2019.06.19 19:33:29.739,1.12332,1.12336,4810000,1000000
2019.06.19 19:33:30.670,1.12333,1.12336,2250000,1310000
2019.06.19 19:33:30.892,1.12333,1.12336,3000000,2540000
2019.06.19 19:33:30.994,1.12333,1.12336,3000000,2810000
2019.06.19 19:33:31.923,1.12334,1.12336,1500000,1000000
2019.06.19 19:33:32.025,1.12334,1.12337,3000000,1950000
2019.06.19 19:33:34.852,1.12333,1.12337,3750000,3700000
2019.06.19 19:33:35.057,1.12334,1.12337,6370000,1100000
2019.06.19 19:33:35.304,1.12334,1.12337,4620000,1100000
2019.06.19 19:33:35.413,1.12335,1.12337,2620000,1120000
2019.06.19 19:33:35.550,1.12336,1.12339,5250000,1000000
2019.06.19 19:33:35.605,1.12334,1.12337,1000000,6920000
2019.06.19 19:33:35.707,1.12334,1.12336,1500000,1500000
2019.06.19 19:33:36.536,1.12334,1.12335,1500000,1000000
2019.06.19 19:33:36.653,1.12332,1.12335,4870000,1120000
2019.06.19 19:33:36.985,1.12331,1.12334,1000000,5450000
2019.06.19 19:33:37.036,1.1233,1.12331,1000000,4270000
2019.06.19 19:33:37.140,1.12326,1.12329,1500000,3750000
2019.06.19 19:33:37.243,1.12325,1.12329,1500000,9260000
2019.06.19 19:33:37.408,1.12324,1.12328,1120000,2140000
2019.06.19 19:33:37.809,1.12324,1.12327,2250000,1500000
2019.06.19 19:33:37.938,1.12324,1.12328,4870000,1100000
2019.06.19 19:33:38.040,1.12324,1.12328,3370000,1650000
2019.06.19 19:33:39.833,1.12325,1.12328,2250000,1000000
2019.06.19 19:33:41.733,1.12326,1.12328,3000000,1000000
2019.06.19 19:33:41.785,1.12324,1.12326,1000000,4420000
2019.06.19 19:33:41.888,1.12323,1.12327,2620000,3700000
2019.06.19 19:33:41.991,1.12323,1.12327,3370000,1500000
2019.06.19 19:33:42.093,1.12323,1.12326,1000000,4870000
2019.06.19 19:33:42.238,1.12326,1.12327,1500000,3000000
2019.06.19 19:33:42.340,1.12328,1.12331,1120000,1000000
2019.06.19 19:33:42.442,1.12326,1.1233,1250000,9600000
2019.06.19 19:33:42.544,1.12326,1.1233,5370000,3370000
2019.06.19 19:33:44.142,1.12325,1.12329,3000000,2400000
2019.06.19 19:33:44.489,1.12326,1.12329,1120000,1500000
2019.06.19 19:33:44.591,1.12329,1.12331,2620000,1000000
2019.06.19 19:33:44.911,1.1233,1.12332,2250000,1870000
2019.06.19 19:33:45.014,1.12331,1.12334,4140000,1620000
2019.06.19 19:33:45.117,1.1233,1.12334,3310000,5470000
2019.06.19 19:33:45.585,1.1233,1.12334,5560000,2620000
2019.06.19 19:33:45.688,1.1233,1.12334,4310000,1500000
2019.06.19 19:33:45.997,1.12329,1.12333,2250000,7400000
2019.06.19 19:33:46.101,1.12327,1.12329,4250000,1500000
2019.06.19 19:33:46.153,1.12325,1.12329,3950000,2820000
2019.06.19 19:33:46.587,1.12324,1.12328,3400000,2770000
2019.06.19 19:33:46.900,1.12324,1.12328,1500000,5020000
2019.06.19 19:33:47.155,1.12324,1.12328,1500000,5520000
2019.06.19 19:33:47.591,1.12324,1.12326,1250000,2770000
2019.06.19 19:33:47.693,1.12322,1.12324,1500000,2250000
2019.06.19 19:33:47.811,1.12322,1.12324,1500000,1620000
2019.06.19 19:33:47.913,1.12322,1.12323,1000000,1100000
2019.06.19 19:33:48.015,1.1232,1.12323,1000000,3150000
2019.06.19 19:33:48.229,1.1232,1.12325,7870000,3150000
2019.06.19 19:33:48.357,1.1232,1.12324,1000000,5170000
2019.06.19 19:33:48.459,1.1232,1.12325,6370000,2950000
2019.06.19 19:33:48.618,1.1232,1.12324,1870000,4350000
2019.06.19 19:33:48.720,1.1232,1.12324,2810000,1000000
2019.06.19 19:33:49.488,1.1232,1.12324,2810000,1720000
2019.06.19 19:33:49.590,1.1232,1.12324,1310000,1120000
2019.06.19 19:33:50.280,1.12318,1.12321,2620000,10420000
2019.06.19 19:33:50.383,1.12318,1.12321,1750000,1000000
2019.06.19 19:33:50.486,1.12317,1.12321,1690000,3300000
2019.06.19 19:33:50.541,1.12317,1.12321,1310000,2700000
2019.06.19 19:33:50.894,1.12317,1.12321,1310000,3600000
2019.06.19 19:33:50.997,1.12317,1.12321,1500000,4200000
2019.06.19 19:33:52.000,1.12317,1.12321,2940000,1100000
2019.06.19 19:33:52.103,1.12317,1.12321,5440000,2250000
2019.06.19 19:33:52.261,1.12317,1.12321,3250000,1600000
2019.06.19 19:33:52.466,1.12319,1.12322,4690000,1000000
2019.06.19 19:33:52.728,1.12321,1.12323,2000000,1000000
2019.06.19 19:33:52.830,1.12323,1.12324,1000000,1000000
2019.06.19 19:33:52.932,1.12323,1.12325,1000000,1000000
2019.06.19 19:33:53.138,1.12325,1.12328,4660000,1000000
2019.06.19 19:33:53.240,1.12325,1.12328,1000000,1950000
2019.06.19 19:33:53.342,1.12325,1.12328,1900000,1870000
2019.06.19 19:33:53.444,1.12326,1.12329,3500000,1000000
2019.06.19 19:33:53.644,1.12327,1.12328,1000000,3000000
2019.06.19 19:33:53.695,1.12329,1.12331,1600000,1500000
2019.06.19 19:33:53.746,1.12329,1.12332,1870000,1000000
2019.06.19 19:33:53.848,1.12329,1.12331,1000000,1000000
2019.06.19 19:33:54.311,1.12328,1.12332,1120000,7950000
2019.06.19 19:33:54.413,1.12329,1.12333,2850000,1220000
2019.06.19 19:33:54.824,1.12328,1.12333,1800000,10350000
2019.06.19 19:33:56.233,1.12328,1.12332,1950000,6450000
2019.06.19 19:33:56.336,1.12327,1.12331,1000000,9450000
2019.06.19 19:33:57.417,1.12328,1.12331,1000000,1000000
2019.06.19 19:33:57.797,1.12327,1.12331,1000000,6820000
2019.06.19 19:33:57.910,1.12328,1.12331,1000000,1000000
2019.06.19 19:33:58.263,1.12325,1.12328,2700000,3950000
2019.06.19 19:33:58.315,1.12325,1.12327,2620000,2250000
2019.06.19 19:33:58.425,1.12323,1.12327,1050000,4220000
2019.06.19 19:33:58.527,1.12322,1.12326,1000000,2320000
2019.06.19 19:33:58.629,1.12322,1.12326,2370000,3750000
2019.06.19 19:33:58.745,1.12323,1.12326,2370000,1000000
2019.06.19 19:33:58.892,1.12322,1.12326,1620000,2250000
2019.06.19 19:33:59.271,1.12321,1.12325,6120000,1100000
2019.06.19 19:33:59.374,1.1232,1.12324,1100000,1950000
2019.06.19 19:33:59.589,1.12322,1.12325,1870000,1000000
2019.06.19 19:33:59.691,1.12322,1.12326,1000000,2700000
2019.06.19 19:34:00.729,1.12323,1.12326,2250000,1000000
2019.06.19 19:34:01.153,1.12325,1.12327,1120000,3000000
2019.06.19 19:34:01.304,1.12326,1.12329,1000000,2250000
2019.06.19 19:34:02.309,1.12326,1.12329,1000000,1000000
2019.06.19 19:34:06.158,1.12326,1.1233,3370000,1000000
2019.06.19 19:34:06.260,1.12326,1.12329,1000000,1000000
2019.06.19 19:34:06.616,1.12326,1.1233,3450000,1950000
2019.06.19 19:34:06.833,1.12326,1.1233,1120000,1220000
2019.06.19 19:34:06.937,1.12327,1.12331,4390000,1000000
2019.06.19 19:34:07.165,1.12326,1.12331,5060000,4200000
2019.06.19 19:34:07.390,1.12327,1.12331,9560000,1000000
2019.06.19 19:34:07.492,1.12327,1.1233,1000000,1000000
2019.06.19 19:34:08.386,1.12327,1.1233,1000000,1500000
2019.06.19 19:34:08.489,1.12326,1.1233,2370000,4500000
2019.06.19 19:34:10.549,1.12326,1.1233,2620000,2250000
2019.06.19 19:34:10.908,1.12326,1.12329,1620000,3000000
2019.06.19 19:34:14.817,1.12326,1.12328,4250000,1500000
2019.06.19 19:34:14.868,1.12324,1.12328,5020000,1870000
2019.06.19 19:34:15.186,1.12323,1.12326,4750000,1000000
2019.06.19 19:34:15.288,1.12322,1.12325,1250000,1870000
2019.06.19 19:34:16.353,1.12324,1.12326,1000000,1000000
2019.06.19 19:34:17.131,1.12323,1.12327,3240000,1870000
2019.06.19 19:34:17.450,1.12323,1.12327,3310000,1600000
2019.06.19 19:34:17.915,1.12323,1.12326,1120000,1120000
2019.06.19 19:34:18.540,1.12323,1.12326,1870000,3220000
2019.06.19 19:34:19.696,1.12324,1.12328,4250000,1870000
2019.06.19 19:34:21.166,1.12324,1.12328,3200000,1100000
2019.06.19 19:34:22.128,1.12323,1.12328,2820000,10800000
2019.06.19 19:34:22.334,1.12323,1.12327,2440000,5020000
2019.06.19 19:34:22.437,1.12323,1.12325,3010000,1000000
2019.06.19 19:34:22.489,1.12321,1.12325,2260000,6150000
2019.06.19 19:34:22.695,1.12322,1.12326,1870000,5250000
2019.06.19 19:34:23.009,1.12323,1.12326,1500000,5250000
2019.06.19 19:34:23.409,1.12322,1.12326,4120000,7500000
2019.06.19 19:34:24.462,1.12321,1.12325,2560000,1870000
2019.06.19 19:34:25.012,1.12322,1.12325,1810000,1000000
2019.06.19 19:34:25.114,1.12321,1.12325,1810000,5320000
2019.06.19 19:34:25.217,1.12322,1.12326,2000000,5620000
2019.06.19 19:34:26.819,1.12323,1.12326,3500000,1120000
2019.06.19 19:34:27.181,1.12325,1.12326,1870000,1000000
2019.06.19 19:34:27.283,1.12328,1.1233,1000000,3370000
2019.06.19 19:34:27.389,1.12329,1.12332,6560000,1000000
2019.06.19 19:34:27.491,1.12328,1.12332,2070000,5250000
2019.06.19 19:34:27.594,1.12328,1.12332,2070000,5120000
2019.06.19 19:34:28.349,1.12328,1.12332,1200000,7000000
2019.06.19 19:34:32.070,1.12329,1.12332,1620000,1250000
2019.06.19 19:34:33.824,1.12328,1.12332,5750000,6370000
2019.06.19 19:34:34.185,1.12329,1.12331,1000000,1120000
2019.06.19 19:34:35.290,1.12328,1.12332,7320000,4120000
2019.06.19 19:34:35.393,1.12329,1.12332,7700000,1000000
2019.06.19 19:34:35.496,1.12328,1.12331,2620000,5620000
2019.06.19 19:34:35.966,1.12329,1.12332,6120000,1000000
2019.06.19 19:34:37.713,1.12328,1.12332,4250000,4120000
2019.06.19 19:34:37.815,1.1233,1.12333,1100000,1100000
2019.06.19 19:34:37.917,1.1233,1.12334,1310000,1600000
2019.06.19 19:34:38.082,1.12331,1.12334,2190000,1600000
2019.06.19 19:34:38.184,1.1233,1.12334,2440000,2100000
2019.06.19 19:34:38.235,1.1233,1.12334,1690000,1500000
2019.06.19 19:34:38.345,1.1233,1.12334,2560000,1000000
2019.06.19 19:34:38.447,1.12329,1.12334,3390000,3000000
2019.06.19 19:34:38.578,1.1233,1.12334,3200000,1000000
2019.06.19 19:34:38.732,1.12329,1.12334,3200000,4390000
2019.06.19 19:34:38.833,1.1233,1.12334,3570000,1000000
2019.06.19 19:34:39.611,1.1233,1.12334,2070000,1000000
2019.06.19 19:34:39.940,1.12329,1.12334,2070000,7010000
2019.06.19 19:34:40.214,1.1233,1.12334,2070000,1000000
2019.06.19 19:34:40.318,1.12329,1.12334,2070000,5510000
2019.06.19 19:34:40.458,1.1233,1.12334,2000000,1000000
2019.06.19 19:34:40.561,1.12329,1.12334,2070000,5440000
2019.06.19 19:34:40.714,1.1233,1.12333,1120000,1500000
2019.06.19 19:34:41.641,1.12329,1.12333,1120000,6710000
2019.06.19 19:34:42.932,1.1233,1.12334,5370000,2250000
2019.06.19 19:34:43.295,1.12329,1.12334,3870000,7010000
2019.06.19 19:34:43.436,1.12331,1.12334,1200000,1000000
2019.06.19 19:34:43.552,1.12332,1.12335,1000000,6200000
2019.06.19 19:34:44.551,1.12332,1.12337,5750000,6570000
2019.06.19 19:34:46.476,1.12332,1.12337,5750000,7200000
2019.06.19 19:34:47.169,1.12332,1.12334,1000000,1000000
2019.06.19 19:34:47.220,1.1233,1.12334,3120000,1120000
2019.06.19 19:34:48.218,1.12329,1.12333,1000000,3750000
2019.06.19 19:34:48.320,1.1233,1.12333,1000000,1200000
2019.06.19 19:34:52.875,1.12329,1.12333,1870000,2250000
2019.06.19 19:34:53.027,1.12329,1.12332,1000000,6000000
2019.06.19 19:34:55.085,1.12329,1.12333,1870000,2250000
2019.06.19 19:34:55.220,1.1233,1.12333,1870000,1000000
2019.06.19 19:34:55.390,1.12329,1.12333,3370000,5250000
2019.06.19 19:34:55.491,1.1233,1.12333,3820000,1000000
2019.06.19 19:34:55.594,1.12329,1.12333,4700000,1120000
2019.06.19 19:34:55.696,1.12328,1.12331,1120000,5700000
2019.06.19 19:34:55.799,1.12329,1.12333,2370000,1500000
2019.06.19 19:34:55.936,1.1233,1.12333,3120000,1000000
2019.06.19 19:34:56.089,1.12329,1.12333,3120000,6000000
2019.06.19 19:34:56.661,1.1233,1.12333,3120000,1000000
2019.06.19 19:34:56.807,1.12329,1.12333,3120000,7200000
2019.06.19 19:34:56.999,1.12329,1.12333,1870000,6820000
2019.06.19 19:34:58.009,1.1233,1.12333,1870000,1000000
2019.06.19 19:34:58.249,1.12329,1.12333,1870000,6820000
2019.06.19 19:34:59.050,1.1233,1.12333,1120000,1000000
2019.06.19 19:34:59.188,1.12329,1.12333,1120000,4950000
2019.06.19 19:34:59.566,1.1233,1.12333,1120000,1500000
2019.06.19 19:34:59.698,1.12329,1.12333,1120000,5320000
2019.06.19 19:35:00.159,1.1233,1.12333,1120000,1500000
2019.06.19 19:35:00.313,1.12329,1.12333,1120000,5320000
2019.06.19 19:35:00.441,1.12332,1.12336,6100000,9310000
2019.06.19 19:35:00.544,1.12333,1.12336,1500000,1100000
2019.06.19 19:35:02.392,1.12335,1.12337,1620000,1500000
2019.06.19 19:35:03.502,1.12335,1.12338,5370000,1000000
2019.06.19 19:35:04.002,1.12336,1.12338,1600000,1000000
2019.06.19 19:35:04.105,1.12337,1.12338,2250000,1000000
2019.06.19 19:35:04.207,1.12336,1.12338,2370000,1690000
2019.06.19 19:35:04.309,1.12335,1.12337,1000000,3450000
2019.06.19 19:35:04.442,1.12334,1.12337,3000000,1000000
2019.06.19 19:35:04.544,1.12333,1.12337,6010000,1100000
2019.06.19 19:35:05.459,1.12332,1.12337,3120000,8140000
2019.06.19 19:35:05.564,1.12333,1.12337,1420000,3600000
2019.06.19 19:35:05.666,1.12333,1.12337,1420000,2320000
2019.06.19 19:35:05.971,1.12334,1.12337,1420000,1000000
2019.06.19 19:35:06.334,1.12333,1.12337,1950000,2700000
2019.06.19 19:35:06.445,1.12332,1.12337,3570000,7720000
2019.06.19 19:35:06.547,1.12332,1.12337,5370000,5700000
2019.06.19 19:35:06.649,1.12333,1.12337,6120000,1500000
2019.06.19 19:35:06.859,1.12332,1.12337,5370000,4950000
2019.06.19 19:35:07.107,1.12333,1.12337,5370000,1000000
2019.06.19 19:35:07.210,1.12333,1.12337,2670000,3470000
2019.06.19 19:35:07.528,1.12333,1.12337,3200000,1950000
2019.06.19 19:35:07.857,1.12333,1.12337,2670000,2720000
2019.06.19 19:35:07.959,1.12334,1.12337,1120000,1500000
2019.06.19 19:35:09.170,1.12333,1.12336,1500000,5170000
2019.06.19 19:35:09.273,1.12332,1.12334,3120000,1500000
2019.06.19 19:35:09.325,1.1233,1.12334,3120000,1000000
2019.06.19 19:35:09.505,1.1233,1.12333,3200000,1500000
2019.06.19 19:35:10.011,1.1233,1.12334,2720000,3000000
2019.06.19 19:35:10.113,1.1233,1.12334,3750000,2850000
2019.06.19 19:35:10.304,1.1233,1.12334,3750000,2440000
2019.06.19 19:35:10.407,1.1233,1.12333,1500000,2250000
2019.06.19 19:35:11.029,1.1233,1.12333,1620000,1000000
2019.06.19 19:35:14.904,1.12331,1.12333,1000000,1120000
2019.06.19 19:35:15.006,1.12331,1.12334,1000000,1600000
2019.06.19 19:35:15.423,1.12331,1.12334,2370000,1500000
2019.06.19 19:35:15.529,1.12331,1.12334,2250000,1000000
2019.06.19 19:35:15.706,1.1233,1.12333,1120000,2700000
2019.06.19 19:35:18.140,1.12329,1.12333,1870000,4570000
2019.06.19 19:35:18.879,1.1233,1.12333,2620000,1000000
2019.06.19 19:35:19.029,1.12329,1.12333,1870000,1100000
2019.06.19 19:35:19.132,1.1233,1.12333,1000000,1100000
2019.06.19 19:35:23.052,1.12333,1.12334,1120000,1500000
2019.06.19 19:35:23.193,1.12334,1.12337,2620000,1000000
2019.06.19 19:35:23.530,1.12333,1.12336,1120000,2700000
2019.06.19 19:35:23.704,1.12331,1.12335,2810000,1250000
2019.06.19 19:35:24.130,1.1233,1.12333,1500000,4200000
2019.06.19 19:35:24.573,1.12331,1.12334,1500000,2620000
2019.06.19 19:35:24.676,1.12333,1.12336,1870000,1000000
2019.06.19 19:35:24.815,1.12334,1.12336,1000000,1120000
2019.06.19 19:35:24.917,1.12333,1.12337,1500000,9070000
2019.06.19 19:35:25.019,1.12333,1.12337,1500000,9100000
2019.06.19 19:35:26.118,1.12333,1.12337,1500000,9070000
2019.06.19 19:35:26.442,1.12332,1.12335,2070000,1500000
2019.06.19 19:35:26.544,1.12331,1.12335,6120000,3000000
2019.06.19 19:35:26.646,1.1233,1.12334,1310000,3000000
2019.06.19 19:35:26.748,1.12329,1.12333,2250000,13250000
2019.06.19 19:35:26.901,1.12329,1.12333,1000000,7500000
2019.06.19 19:35:27.206,1.12329,1.12333,1120000,8000000
2019.06.19 19:35:27.281,1.12329,1.12333,1120000,7870000
2019.06.19 19:35:28.208,1.1233,1.12334,7810000,1000000
2019.06.19 19:35:28.310,1.12329,1.12334,6310000,7200000
2019.06.19 19:35:29.025,1.1233,1.12333,1120000,1000000
2019.06.19 19:35:29.228,1.12329,1.12333,1120000,9070000
2019.06.19 19:35:29.360,1.12329,1.12333,1120000,9950000
2019.06.19 19:35:30.092,1.12329,1.12333,1500000,3750000
2019.06.19 19:35:30.194,1.12329,1.12333,2250000,3870000
2019.06.19 19:35:30.295,1.12329,1.12333,1500000,3750000
2019.06.19 19:35:30.461,1.12329,1.12333,1500000,3870000
2019.06.19 19:35:31.241,1.12331,1.12334,1000000,7740000
2019.06.19 19:35:31.292,1.12333,1.12335,2250000,1500000
2019.06.19 19:35:31.343,1.12333,1.12336,4200000,2750000
2019.06.19 19:35:31.446,1.12333,1.12337,1870000,5250000
2019.06.19 19:35:31.664,1.12334,1.12337,2920000,1000000
2019.06.19 19:35:32.344,1.12333,1.12337,2170000,3750000
2019.06.19 19:35:33.862,1.12332,1.12334,1000000,2320000
2019.06.19 19:35:33.964,1.1233,1.12334,1120000,1870000
2019.06.19 19:35:34.200,1.12329,1.12333,4060000,3940000
2019.06.19 19:35:35.729,1.1233,1.12333,2190000,1000000
2019.06.19 19:35:35.840,1.12329,1.12333,1750000,7390000
2019.06.19 19:35:35.968,1.1233,1.12333,1750000,1000000
2019.06.19 19:35:36.585,1.12329,1.12333,1750000,5060000
2019.06.19 19:35:38.353,1.12332,1.12334,3260000,1120000
2019.06.19 19:35:38.458,1.12333,1.12335,1120000,1500000
2019.06.19 19:35:38.561,1.12332,1.12336,3500000,3870000
2019.06.19 19:35:39.115,1.12331,1.12335,5620000,2700000
2019.06.19 19:35:39.217,1.1233,1.12334,1250000,5070000
2019.06.19 19:35:39.319,1.1233,1.12334,1760000,3070000
2019.06.19 19:35:39.577,1.1233,1.12335,5620000,2700000
2019.06.19 19:35:39.679,1.1233,1.12334,1500000,3500000
2019.06.19 19:35:40.980,1.1233,1.12334,1500000,1120000
2019.06.19 19:35:41.639,1.1233,1.12334,1000000,3200000
2019.06.19 19:35:41.742,1.1233,1.12335,7140000,1200000
2019.06.19 19:35:42.035,1.1233,1.12335,9070000,1120000
2019.06.19 19:35:42.189,1.1233,1.12334,1000000,1870000
2019.06.19 19:35:42.291,1.12329,1.12335,7570000,11490000
2019.06.19 19:35:42.443,1.1233,1.12334,1000000,3000000
2019.06.19 19:35:44.067,1.1233,1.12333,2750000,1000000
2019.06.19 19:35:44.447,1.12329,1.12333,1500000,6000000
2019.06.19 19:35:44.590,1.1233,1.12333,2000000,1000000
2019.06.19 19:35:45.307,1.1233,1.12333,1000000,1000000
2019.06.19 19:35:45.409,1.12331,1.12333,1000000,1000000
2019.06.19 19:35:45.958,1.1233,1.12333,1000000,1000000
2019.06.19 19:35:46.060,1.12332,1.12335,4440000,1870000
2019.06.19 19:35:46.165,1.12334,1.12336,2750000,1000000
2019.06.19 19:35:46.216,1.12334,1.12337,4120000,3000000
2019.06.19 19:35:46.554,1.12333,1.12337,1500000,8890000
2019.06.19 19:35:47.080,1.12334,1.12337,3190000,1000000
2019.06.19 19:35:48.625,1.12335,1.12338,1120000,1000000
2019.06.19 19:35:48.728,1.12335,1.1234,6000000,1870000
2019.06.19 19:35:48.988,1.12336,1.1234,4060000,1000000
2019.06.19 19:35:49.124,1.12335,1.12339,1870000,1950000
2019.06.19 19:35:49.226,1.12334,1.12339,1870000,6820000
2019.06.19 19:35:49.328,1.12335,1.12339,4120000,1000000
2019.06.19 19:35:49.647,1.12334,1.12339,1870000,6450000
2019.06.19 19:35:49.750,1.12335,1.12339,1870000,1000000
2019.06.19 19:35:51.140,1.12335,1.12339,1120000,5000000
2019.06.19 19:35:51.293,1.12335,1.12339,1000000,1870000
2019.06.19 19:35:52.133,1.12336,1.12339,1870000,1000000
2019.06.19 19:35:53.581,1.12335,1.12339,1120000,3940000
2019.06.19 19:35:54.127,1.12336,1.12339,1120000,1150000
2019.06.19 19:35:54.735,1.12336,1.1234,1310000,3750000
2019.06.19 19:35:54.838,1.12337,1.12341,3000000,1000000
2019.06.19 19:35:56.452,1.12337,1.12339,1000000,1000000
2019.06.19 19:35:56.814,1.12337,1.1234,2060000,1000000
2019.06.19 19:35:58.353,1.12338,1.12341,4440000,1000000
2019.06.19 19:35:58.454,1.12337,1.12341,4440000,3370000
2019.06.19 19:36:00.352,1.12338,1.12341,4060000,1000000
2019.06.19 19:36:01.351,1.12338,1.12341,2060000,1000000
2019.06.19 19:36:03.723,1.1234,1.12341,1500000,1500000
2019.06.19 19:36:03.825,1.12339,1.12342,3000000,4870000
2019.06.19 19:36:06.212,1.12338,1.12342,2250000,3750000
2019.06.19 19:36:06.710,1.12341,1.12342,1870000,1500000
2019.06.19 19:36:06.761,1.1234,1.12344,2620000,4120000
2019.06.19 19:36:07.045,1.1234,1.12343,1000000,5320000
2019.06.19 19:36:07.147,1.1234,1.12344,2620000,4570000
2019.06.19 19:36:07.463,1.1234,1.12343,1000000,6070000
2019.06.19 19:36:07.565,1.1234,1.12344,2620000,5320000
2019.06.19 19:36:07.839,1.12341,1.12344,2620000,1000000
2019.06.19 19:36:07.941,1.12342,1.12345,1310000,1000000
2019.06.19 19:36:08.617,1.12343,1.12346,1650000,1000000
2019.06.19 19:36:08.938,1.12342,1.12346,3410000,1120000
2019.06.19 19:36:09.041,1.1234,1.12344,1500000,3450000
2019.06.19 19:36:09.296,1.12341,1.12344,2250000,1000000
2019.06.19 19:36:09.629,1.1234,1.12344,5250000,5770000
2019.06.19 19:36:09.998,1.1234,1.12344,6120000,5400000
2019.06.19 19:36:10.491,1.1234,1.12341,1000000,1270000
2019.06.19 19:36:10.542,1.12338,1.12341,1690000,1100000
2019.06.19 19:36:10.688,1.12337,1.12341,3190000,3000000
2019.06.19 19:36:10.840,1.12337,1.12341,3390000,3000000
2019.06.19 19:36:11.984,1.12336,1.12339,2370000,1500000
2019.06.19 19:36:14.779,1.12338,1.1234,2260000,1000000
2019.06.19 19:36:14.902,1.12338,1.12341,5620000,1000000
2019.06.19 19:36:16.789,1.12336,1.12339,1500000,1200000
2019.06.19 19:36:16.892,1.12336,1.12338,1000000,1500000
2019.06.19 19:36:18.008,1.12336,1.12337,1000000,1000000
2019.06.19 19:36:18.060,1.12333,1.12337,2620000,5320000
2019.06.19 19:36:20.087,1.12335,1.12337,1120000,1120000
2019.06.19 19:36:20.189,1.12338,1.12341,2250000,3750000
2019.06.19 19:36:20.769,1.12339,1.12341,3940000,1000000
2019.06.19 19:36:20.871,1.12338,1.12341,2060000,2250000
2019.06.19 19:36:22.482,1.12338,1.12342,1690000,5620000
2019.06.19 19:36:22.608,1.12339,1.12342,1690000,1000000
2019.06.19 19:36:22.914,1.12338,1.12341,1810000,1690000
2019.06.19 19:36:23.999,1.12338,1.12342,6370000,1250000
2019.06.19 19:36:25.069,1.12338,1.12341,1810000,1250000
2019.06.19 19:36:32.474,1.1234,1.12343,2400000,1690000
2019.06.19 19:36:32.629,1.12338,1.12342,9120000,1870000
2019.06.19 19:36:32.733,1.12337,1.1234,3000000,2250000
2019.06.19 19:36:32.835,1.12337,1.12339,1500000,1000000
2019.06.19 19:36:32.936,1.12336,1.1234,6370000,4690000
2019.06.19 19:36:33.174,1.12336,1.12339,1500000,4690000
2019.06.19 19:36:33.327,1.12337,1.1234,5560000,1000000
2019.06.19 19:36:33.429,1.12338,1.12341,4820000,1500000
2019.06.19 19:36:34.752,1.12338,1.12342,12450000,1120000
2019.06.19 19:36:36.214,1.12338,1.12341,3560000,2750000
2019.06.19 19:36:36.489,1.12338,1.12341,1310000,2250000
2019.06.19 19:36:39.124,1.12338,1.12342,2060000,4950000
2019.06.19 19:36:39.226,1.12339,1.12342,1120000,1500000
2019.06.19 19:36:40.237,1.12338,1.12342,1120000,7950000
2019.06.19 19:36:40.375,1.12337,1.1234,1500000,5250000
2019.06.19 19:36:40.478,1.12337,1.1234,2250000,5000000
2019.06.19 19:36:40.581,1.12337,1.12339,3370000,2750000
2019.06.19 19:36:40.717,1.12336,1.12337,3370000,1250000
2019.06.19 19:36:40.768,1.12334,1.12337,6370000,1500000
2019.06.19 19:36:40.870,1.12332,1.12337,7870000,6370000
2019.06.19 19:36:41.168,1.12333,1.12337,5060000,1000000
2019.06.19 19:36:41.270,1.12332,1.12337,4870000,5140000
2019.06.19 19:36:41.567,1.12333,1.12337,4870000,1000000
2019.06.19 19:36:42.151,1.12332,1.12337,4870000,5140000
2019.06.19 19:36:42.400,1.12333,1.12337,3750000,3070000
2019.06.19 19:36:42.503,1.12334,1.12338,1000000,6000000
2019.06.19 19:36:42.605,1.12335,1.12338,2370000,1000000
2019.06.19 19:36:42.707,1.12334,1.12338,2370000,5250000
2019.06.19 19:36:44.184,1.12335,1.12338,1000000,1000000
2019.06.19 19:36:44.287,1.12336,1.12339,2000000,1000000
2019.06.19 19:36:49.381,1.12334,1.12337,1870000,3950000
2019.06.19 19:36:49.483,1.12333,1.12337,2440000,5890000
2019.06.19 19:36:49.604,1.12333,1.12336,1000000,3370000
2019.06.19 19:36:49.928,1.12334,1.12336,1000000,1000000
2019.06.19 19:36:50.918,1.12333,1.12337,3870000,3070000
2019.06.19 19:36:51.287,1.12333,1.12337,1600000,8660000
2019.06.19 19:36:51.743,1.12334,1.12337,3750000,1120000
2019.06.19 19:36:52.620,1.12334,1.12338,1870000,3820000
2019.06.19 19:36:53.126,1.12335,1.12338,1870000,1000000
2019.06.19 19:36:53.734,1.12334,1.12338,2000000,3200000
2019.06.19 19:36:54.250,1.12334,1.12338,3500000,3370000
2019.06.19 19:36:54.353,1.12334,1.12336,2250000,3000000
2019.06.19 19:36:55.395,1.12335,1.12336,2250000,1000000
2019.06.19 19:36:55.498,1.12335,1.12338,2370000,1000000
2019.06.19 19:36:56.048,1.12335,1.12338,1500000,1000000
2019.06.19 19:36:56.224,1.12336,1.12339,3870000,1000000
2019.06.19 19:36:57.006,1.12337,1.12339,1000000,1250000
2019.06.19 19:36:57.213,1.12337,1.1234,3870000,1250000
2019.06.19 19:36:57.366,1.12336,1.1234,5940000,2140000
2019.06.19 19:36:57.785,1.12336,1.12339,1120000,2190000
2019.06.19 19:36:58.192,1.12336,1.12339,1120000,1690000
2019.06.19 19:36:58.387,1.12336,1.12339,1620000,1690000
2019.06.19 19:36:58.676,1.12338,1.1234,1000000,1120000
2019.06.19 19:36:58.778,1.12338,1.12341,2810000,1000000
2019.06.19 19:36:58.949,1.12338,1.12342,6750000,1500000
2019.06.19 19:36:59.806,1.12339,1.12342,7500000,1000000
2019.06.19 19:36:59.957,1.12338,1.12342,6750000,1500000
2019.06.19 19:37:00.708,1.12339,1.12342,3250000,1500000
2019.06.19 19:37:00.992,1.12339,1.12342,1870000,1870000
2019.06.19 19:37:03.718,1.12339,1.12341,1000000,2620000
2019.06.19 19:37:03.821,1.12338,1.12339,1000000,1200000
2019.06.19 19:37:03.873,1.12337,1.12339,1120000,1000000
2019.06.19 19:37:04.493,1.12338,1.1234,1120000,7690000
2019.06.19 19:37:04.595,1.12338,1.12341,1000000,7160000
2019.06.19 19:37:05.357,1.12339,1.12341,1000000,2070000
2019.06.19 19:37:05.579,1.12339,1.12342,1870000,1000000
2019.06.19 19:37:07.510,1.12339,1.12341,1500000,4200000
2019.06.19 19:37:10.805,1.12339,1.12342,2000000,3450000
2019.06.19 19:37:10.959,1.12339,1.12342,1070000,1000000
2019.06.19 19:37:11.075,1.12338,1.12341,4620000,1100000
2019.06.19 19:37:12.016,1.12338,1.12341,1500000,1000000
2019.06.19 19:37:14.849,1.12337,1.12339,1000000,2620000
2019.06.19 19:37:14.951,1.12334,1.12337,1120000,3000000
2019.06.19 19:37:15.074,1.12333,1.12337,2750000,9070000
2019.06.19 19:37:15.595,1.12334,1.12337,1000000,1500000
2019.06.19 19:37:15.851,1.12333,1.12337,1000000,6640000
2019.06.19 19:37:16.000,1.12333,1.12337,1000000,7140000
2019.06.19 19:37:16.408,1.12334,1.12337,2000000,1750000
2019.06.19 19:37:16.519,1.12334,1.12337,1000000,1010000
2019.06.19 19:37:16.622,1.12334,1.12338,8000000,2060000
2019.06.19 19:37:18.779,1.12335,1.12338,1100000,1000000
2019.06.19 19:37:18.882,1.12335,1.12339,1870000,1500000
2019.06.19 19:37:20.497,1.12336,1.12338,1200000,1000000
2019.06.19 19:37:21.144,1.12332,1.12333,1870000,2250000
2019.06.19 19:37:21.196,1.1233,1.12333,3370000,3640000
2019.06.19 19:37:21.299,1.12328,1.12331,1000000,4890000
2019.06.19 19:37:21.402,1.12328,1.12331,1870000,1000000
2019.06.19 19:37:21.539,1.12328,1.12332,4570000,1000000
2019.06.19 19:37:22.198,1.12328,1.12331,1250000,2250000
2019.06.19 19:37:26.001,1.12328,1.12331,1000000,1010000
2019.06.19 19:37:26.759,1.1233,1.12333,4700000,1500000
2019.06.19 19:37:26.900,1.12332,1.12335,3220000,2250000
2019.06.19 19:37:27.053,1.12332,1.12335,2250000,3750000
2019.06.19 19:37:27.446,1.12332,1.12336,1120000,3750000
2019.06.19 19:37:27.548,1.12332,1.12335,1000000,3750000
2019.06.19 19:37:27.821,1.12332,1.12336,1120000,3750000
2019.06.19 19:37:27.999,1.12332,1.12336,4600000,2250000
2019.06.19 19:37:28.255,1.12331,1.12336,6200000,4120000
2019.06.19 19:37:28.357,1.12331,1.12336,6570000,3250000
2019.06.19 19:37:30.149,1.12331,1.12336,4200000,4750000
2019.06.19 19:37:30.395,1.12334,1.12336,1100000,1000000
2019.06.19 19:37:34.746,1.12335,1.12337,1620000,1000000
2019.06.19 19:37:34.798,1.12337,1.12341,7620000,1000000
2019.06.19 19:37:34.900,1.12339,1.12342,8370000,1000000
2019.06.19 19:37:35.002,1.12338,1.12342,1870000,3940000
2019.06.19 19:37:35.315,1.12339,1.12343,5450000,1010000
2019.06.19 19:37:36.861,1.12333,1.12334,1500000,3560000
2019.06.19 19:37:36.913,1.1233,1.12332,1500000,1500000
2019.06.19 19:37:37.016,1.12329,1.12333,4120000,2310000
2019.06.19 19:37:37.119,1.12329,1.12332,3000000,1500000
2019.06.19 19:37:37.252,1.12328,1.12331,1690000,2140000
2019.06.19 19:37:38.180,1.12328,1.12331,4440000,1000000
2019.06.19 19:37:38.383,1.12327,1.12329,1000000,1000000
2019.06.19 19:37:39.593,1.12326,1.12328,1120000,1120000
2019.06.19 19:37:40.224,1.12327,1.12329,2450000,1000000
2019.06.19 19:37:42.699,1.12327,1.1233,2170000,3190000
2019.06.19 19:37:42.852,1.12327,1.12329,1000000,2250000
2019.06.19 19:37:42.954,1.12327,1.1233,1120000,2250000
2019.06.19 19:37:43.380,1.12327,1.12329,1000000,2620000
2019.06.19 19:37:43.482,1.12326,1.12329,2370000,3000000
2019.06.19 19:37:46.550,1.12325,1.12328,1500000,1120000
2019.06.19 19:37:46.744,1.12324,1.12328,1500000,5810000
2019.06.19 19:37:48.109,1.12325,1.12328,1870000,1000000
2019.06.19 19:37:48.244,1.12325,1.12328,3370000,1500000
2019.06.19 19:37:48.346,1.12325,1.12328,1870000,1000000
2019.06.19 19:37:48.987,1.12324,1.12328,1870000,7390000
2019.06.19 19:37:49.127,1.12325,1.12328,2620000,1000000
2019.06.19 19:37:49.419,1.12324,1.12328,1870000,4390000
2019.06.19 19:37:49.642,1.12324,1.12328,3120000,4760000
2019.06.19 19:37:49.926,1.12325,1.12328,3120000,1000000
2019.06.19 19:37:50.238,1.12325,1.12328,1870000,1000000
2019.06.19 19:37:50.868,1.12324,1.12328,2620000,5140000
2019.06.19 19:37:53.213,1.12322,1.12324,2000000,3370000
2019.06.19 19:37:53.353,1.12321,1.12324,4250000,1250000
2019.06.19 19:37:53.456,1.12319,1.12322,1310000,3410000
2019.06.19 19:37:53.507,1.12319,1.12322,2440000,1120000
2019.06.19 19:37:53.609,1.12318,1.12322,2940000,2000000
2019.06.19 19:37:54.673,1.12318,1.12322,3940000,3500000
2019.06.19 19:37:57.001,1.12318,1.12322,1750000,2000000
2019.06.19 19:37:57.467,1.12319,1.12322,1000000,2060000
2019.06.19 19:37:57.570,1.12319,1.12323,3750000,1950000
2019.06.19 19:37:57.783,1.12318,1.12322,11250000,1250000
2019.06.19 19:37:57.987,1.12319,1.12322,1820000,1000000
2019.06.19 19:37:58.139,1.12318,1.12322,3560000,1220000
2019.06.19 19:37:58.241,1.12318,1.12321,1500000,1120000
2019.06.19 19:37:58.677,1.12319,1.12321,1000000,2250000
2019.06.19 19:37:58.780,1.12318,1.12322,3190000,1500000
2019.06.19 19:37:58.983,1.12318,1.12322,4440000,1500000
2019.06.19 19:37:59.625,1.12318,1.12322,2940000,1220000
2019.06.19 19:38:00.097,1.12318,1.12322,1810000,1500000
2019.06.19 19:38:00.199,1.12319,1.12322,1810000,1000000
2019.06.19 19:38:00.301,1.12318,1.12322,3390000,2700000
2019.06.19 19:38:05.826,1.12318,1.12322,2140000,1570000
2019.06.19 19:38:06.777,1.12318,1.12321,1120000,1200000
2019.06.19 19:38:06.880,1.12319,1.12321,1000000,1120000
2019.06.19 19:38:07.459,1.1232,1.12322,1620000,4500000
2019.06.19 19:38:07.510,1.1232,1.12323,4200000,5620000
2019.06.19 19:38:07.739,1.12321,1.12323,1100000,1000000
2019.06.19 19:38:07.841,1.12321,1.12324,1120000,1500000
2019.06.19 19:38:07.944,1.12321,1.12323,1000000,1120000
2019.06.19 19:38:08.046,1.12321,1.12324,1520000,1120000
2019.06.19 19:38:08.300,1.12321,1.12323,1000000,1120000
2019.06.19 19:38:08.437,1.12321,1.12324,1520000,1120000
2019.06.19 19:38:08.711,1.1232,1.12323,1870000,3370000
2019.06.19 19:38:08.864,1.1232,1.12324,4120000,4500000
2019.06.19 19:38:08.966,1.12321,1.12324,1870000,1000000
2019.06.19 19:38:09.134,1.1232,1.12324,1870000,4200000
2019.06.19 19:38:09.305,1.1232,1.12324,1120000,8010000
2019.06.19 19:38:10.042,1.12322,1.12324,1000000,1000000
2019.06.19 19:38:10.094,1.1232,1.12323,2250000,3750000
2019.06.19 19:38:10.683,1.1232,1.12322,1120000,1000000
2019.06.19 19:38:11.082,1.1232,1.12323,1500000,1000000
2019.06.19 19:38:11.404,1.1232,1.12322,2250000,1120000
2019.06.19 19:38:11.694,1.12321,1.12323,2250000,2250000
2019.06.19 19:38:11.746,1.12322,1.12325,1120000,3940000
2019.06.19 19:38:11.910,1.12322,1.12325,1120000,5310000
2019.06.19 19:38:12.014,1.12321,1.12324,1120000,6490000
2019.06.19 19:38:12.065,1.12324,1.12325,2250000,1000000
2019.06.19 19:38:12.117,1.12325,1.12328,4700000,1000000
2019.06.19 19:38:12.168,1.12327,1.12328,3070000,1500000
2019.06.19 19:38:12.270,1.12328,1.12331,1500000,1010000
2019.06.19 19:38:12.377,1.12329,1.12332,1120000,1000000
2019.06.19 19:38:12.581,1.12328,1.12333,7440000,4010000
2019.06.19 19:38:13.701,1.12328,1.12332,2000000,2440000
2019.06.19 19:38:13.970,1.12329,1.12331,1000000,1250000
2019.06.19 19:38:14.720,1.12328,1.12332,1750000,4000000
2019.06.19 19:38:15.439,1.12329,1.12332,3750000,3250000
2019.06.19 19:38:16.537,1.12331,1.12333,1920000,1000000
2019.06.19 19:38:16.588,1.12331,1.12334,4120000,1000000
2019.06.19 19:38:16.690,1.12333,1.12335,1120000,1000000
2019.06.19 19:38:16.845,1.12333,1.12334,1000000,1000000
2019.06.19 19:38:16.962,1.12333,1.12337,4620000,1120000
2019.06.19 19:38:17.065,1.12334,1.12337,2750000,2250000
2019.06.19 19:38:17.891,1.12334,1.12338,8750000,3820000
2019.06.19 19:38:18.258,1.12333,1.12336,4120000,3560000
2019.06.19 19:38:18.767,1.12334,1.12337,6500000,1000000
2019.06.19 19:38:18.870,1.12334,1.12337,3000000,1000000
2019.06.19 19:38:19.288,1.12334,1.12337,2750000,1000000
2019.06.19 19:38:20.088,1.12332,1.12334,2620000,1870000
2019.06.19 19:38:20.190,1.1233,1.12334,6690000,3370000
2019.06.19 19:38:20.242,1.1233,1.12332,2370000,1250000
2019.06.19 19:38:20.368,1.12329,1.12331,1500000,1000000
2019.06.19 19:38:28.658,1.12326,1.12328,1500000,2620000
2019.06.19 19:38:28.778,1.12326,1.12329,1120000,3820000
2019.06.19 19:38:28.881,1.12326,1.1233,4250000,1620000
2019.06.19 19:38:28.982,1.12326,1.1233,3500000,1500000
2019.06.19 19:38:31.510,1.12326,1.1233,2620000,1000000
2019.06.19 19:38:31.613,1.12327,1.1233,1500000,1870000
2019.06.19 19:38:34.257,1.12327,1.1233,2000000,1870000
2019.06.19 19:38:34.778,1.12326,1.12329,1120000,1870000
2019.06.19 19:38:40.142,1.12325,1.12329,1870000,6190000
2019.06.19 19:38:40.194,1.12325,1.12329,2620000,6690000
2019.06.19 19:38:41.009,1.12325,1.12329,1870000,8390000
2019.06.19 19:38:41.111,1.12325,1.12329,1000000,6060000
2019.06.19 19:38:46.153,1.12328,1.12329,1120000,1000000
2019.06.19 19:38:46.255,1.12328,1.12331,1620000,1000000
2019.06.19 19:38:47.040,1.12327,1.12331,2370000,6000000
2019.06.19 19:38:47.143,1.12328,1.12331,2370000,1000000
2019.06.19 19:38:47.432,1.12328,1.12331,1620000,2870000
2019.06.19 19:38:47.534,1.12328,1.12331,1810000,3370000
2019.06.19 19:38:47.894,1.12329,1.12331,2560000,1000000
2019.06.19 19:38:48.386,1.12328,1.12331,1810000,1870000
2019.06.19 19:38:51.681,1.12328,1.12331,1620000,3620000
2019.06.19 19:38:52.390,1.12328,1.12331,1870000,2620000
2019.06.19 19:38:54.378,1.12329,1.12331,1370000,1500000
2019.06.19 19:38:54.502,1.12329,1.12332,3120000,2250000
2019.06.19 19:38:54.604,1.12328,1.12332,1620000,3640000
2019.06.19 19:38:55.482,1.12328,1.12332,2810000,5700000
2019.06.19 19:38:55.889,1.1233,1.12332,1500000,1000000
2019.06.19 19:38:55.941,1.12328,1.12332,1000000,2510000
2019.06.19 19:38:56.094,1.12328,1.12331,1120000,4120000
2019.06.19 19:38:56.196,1.12328,1.12332,2560000,3500000
2019.06.19 19:38:56.298,1.12328,1.12332,2560000,3450000
2019.06.19 19:38:56.349,1.1233,1.12332,1310000,1000000
2019.06.19 19:38:56.517,1.12329,1.12331,1000000,1500000
2019.06.19 19:38:56.619,1.12329,1.12332,3940000,1000000
2019.06.19 19:38:56.773,1.12332,1.12333,2250000,1500000
2019.06.19 19:38:56.876,1.12332,1.12334,2250000,1500000
2019.06.19 19:38:57.239,1.12331,1.12334,1500000,2250000
2019.06.19 19:38:57.341,1.12332,1.12334,1000000,1570000
2019.06.19 19:38:57.443,1.12332,1.12335,2620000,1200000
2019.06.19 19:38:57.678,1.12332,1.12334,1000000,1950000
2019.06.19 19:38:57.781,1.12332,1.12335,1120000,2070000
2019.06.19 19:38:57.884,1.12333,1.12336,1870000,1000000
2019.06.19 19:38:58.029,1.12335,1.12336,1000000,1000000
2019.06.19 19:38:58.080,1.12336,1.12339,1870000,1500000
2019.06.19 19:38:58.184,1.12336,1.12339,1120000,1000000
2019.06.19 19:38:58.287,1.12336,1.1234,4250000,2000000
2019.06.19 19:38:58.389,1.12336,1.12339,1120000,2250000
2019.06.19 19:38:58.513,1.12336,1.1234,2250000,4500000
2019.06.19 19:38:58.565,1.12338,1.12343,7250000,3450000
2019.06.19 19:38:58.718,1.12339,1.12342,1500000,1000000
2019.06.19 19:38:58.821,1.12338,1.12342,1500000,3820000
2019.06.19 19:38:59.051,1.12338,1.12343,7620000,2750000
2019.06.19 19:38:59.643,1.1234,1.12343,3870000,1000000
2019.06.19 19:38:59.745,1.12339,1.12343,3870000,4120000
2019.06.19 19:39:00.009,1.12339,1.12342,1000000,3370000
2019.06.19 19:39:00.150,1.12338,1.1234,1120000,3000000
2019.06.19 19:39:00.253,1.12338,1.12342,5810000,1870000
2019.06.19 19:39:00.871,1.12339,1.12343,3120000,1000000
2019.06.19 19:39:01.228,1.12338,1.1234,1500000,2250000
2019.06.19 19:39:01.330,1.12333,1.12334,2250000,1500000
2019.06.19 19:39:01.383,1.12329,1.12332,3690000,1570000
2019.06.19 19:39:01.438,1.12327,1.12331,2940000,4120000
2019.06.19 19:39:03.681,1.12328,1.12331,5940000,1500000
2019.06.19 19:39:04.699,1.12328,1.12332,6000000,1500000
2019.06.19 19:39:08.666,1.12328,1.1233,1500000,1500000
2019.06.19 19:39:08.792,1.12327,1.1233,1000000,4500000
2019.06.19 19:39:09.082,1.12328,1.1233,1500000,1000000
2019.06.19 19:39:09.134,1.12327,1.12328,1120000,1000000
2019.06.19 19:39:09.259,1.12326,1.12327,1500000,1120000
2019.06.19 19:39:09.311,1.12324,1.12326,1120000,1000000
2019.06.19 19:39:09.413,1.12323,1.12326,1120000,1870000
2019.06.19 19:39:10.178,1.12323,1.12326,1120000,3200000
2019.06.19 19:39:10.824,1.12324,1.12327,1500000,1120000
2019.06.19 19:39:10.926,1.12325,1.12328,2620000,1000000
2019.06.19 19:39:11.060,1.12324,1.12328,2170000,2810000
2019.06.19 19:39:11.351,1.12325,1.12328,4120000,1000000
2019.06.19 19:39:11.480,1.12324,1.12328,1870000,1760000
2019.06.19 19:39:11.951,1.12324,1.12328,3120000,1760000
2019.06.19 19:39:12.269,1.12325,1.12328,5370000,1000000
2019.06.19 19:39:12.377,1.12324,1.12328,3120000,1760000
2019.06.19 19:39:12.979,1.12325,1.12328,4170000,1000000
2019.06.19 19:39:13.081,1.12324,1.12328,3120000,2890000
2019.06.19 19:39:15.864,1.12325,1.12327,1120000,1000000
2019.06.19 19:39:16.001,1.12324,1.12328,4250000,4500000
2019.06.19 19:39:16.153,1.12325,1.12328,5000000,1000000
2019.06.19 19:39:16.306,1.12324,1.12328,3500000,1870000
2019.06.19 19:39:17.143,1.12323,1.12328,3870000,6640000
2019.06.19 19:39:18.612,1.12324,1.12328,3500000,1000000
2019.06.19 19:39:19.542,1.12323,1.12328,3870000,8890000
2019.06.19 19:39:20.473,1.12324,1.12328,6120000,1000000
2019.06.19 19:39:20.574,1.12323,1.12328,3120000,8890000
2019.06.19 19:39:21.050,1.12323,1.12327,1870000,9390000
2019.06.19 19:39:21.225,1.12323,1.12328,5370000,8060000
2019.06.19 19:39:21.332,1.12324,1.12328,7620000,1000000
2019.06.19 19:39:21.744,1.12323,1.12327,1120000,9560000
2019.06.19 19:39:22.291,1.12322,1.12324,1000000,5700000
2019.06.19 19:39:22.393,1.12321,1.12324,1000000,2940000
2019.06.19 19:39:22.495,1.12321,1.12324,1000000,2060000
2019.06.19 19:39:22.863,1.12321,1.12323,1000000,4690000
2019.06.19 19:39:23.066,1.12321,1.12324,1000000,2810000
2019.06.19 19:39:24.567,1.12321,1.12324,1800000,1310000
2019.06.19 19:39:24.677,1.12321,1.12322,1690000,1120000
2019.06.19 19:39:24.741,1.12318,1.12321,1690000,2250000
2019.06.19 19:39:24.843,1.12321,1.12322,1000000,1000000
2019.06.19 19:39:24.895,1.12321,1.12324,1120000,1120000
2019.06.19 19:39:24.997,1.12321,1.12323,1000000,1870000
2019.06.19 19:39:25.119,1.12321,1.12324,1500000,1870000
2019.06.19 19:39:25.271,1.12321,1.12323,1000000,1500000
2019.06.19 19:39:25.373,1.12321,1.12324,1120000,1870000
2019.06.19 19:39:25.475,1.12321,1.12323,1000000,1500000
2019.06.19 19:39:25.621,1.12321,1.12324,1500000,1500000
2019.06.19 19:39:26.503,1.12321,1.12323,1000000,1000000
2019.06.19 19:39:26.634,1.12321,1.12324,1120000,1000000
2019.06.19 19:39:27.368,1.12321,1.12323,1000000,1000000
2019.06.19 19:39:27.817,1.12321,1.12324,1120000,1000000
2019.06.19 19:39:29.294,1.12321,1.12323,1000000,1000000
2019.06.19 19:39:29.396,1.12321,1.12324,1120000,1000000
2019.06.19 19:39:31.125,1.12321,1.12323,1000000,1000000
2019.06.19 19:39:31.364,1.12321,1.12324,1000000,1000000
2019.06.19 19:39:31.465,1.12321,1.12323,1000000,1000000
2019.06.19 19:39:31.916,1.12321,1.12324,1000000,1000000
2019.06.19 19:39:32.125,1.12321,1.12323,1000000,1000000
2019.06.19 19:39:32.258,1.12322,1.12324,1000000,1000000
2019.06.19 19:39:35.319,1.12322,1.12323,1000000,1000000
2019.06.19 19:39:35.425,1.12322,1.12324,1120000,1000000
2019.06.19 19:39:37.089,1.12322,1.12323,1000000,1000000
2019.06.19 19:39:38.863,1.12324,1.12326,1500000,1000000
2019.06.19 19:39:38.965,1.12324,1.12328,3120000,1380000
2019.06.19 19:39:39.864,1.12323,1.12325,1000000,1750000
2019.06.19 19:39:39.915,1.12322,1.12326,6190000,4350000
2019.06.19 19:39:40.017,1.12322,1.12325,1500000,1500000
2019.06.19 19:39:40.119,1.12322,1.12326,6940000,1000000
2019.06.19 19:39:40.439,1.12322,1.12325,1000000,2440000
2019.06.19 19:39:40.603,1.12321,1.12326,5440000,10010000
2019.06.19 19:39:40.745,1.12322,1.12326,4500000,2620000
2019.06.19 19:39:40.950,1.12322,1.12325,1000000,4870000
2019.06.19 19:39:42.460,1.12322,1.12326,1870000,6690000
2019.06.19 19:39:43.349,1.12322,1.12326,1000000,3940000
2019.06.19 19:39:43.841,1.12323,1.12326,1000000,1000000
2019.06.19 19:39:43.942,1.12322,1.12326,1000000,3190000
2019.06.19 19:39:44.047,1.12322,1.12326,2250000,3690000
2019.06.19 19:39:44.150,1.12322,1.12326,1000000,3190000
2019.06.19 19:39:44.414,1.12322,1.12327,7310000,3290000
2019.06.19 19:39:46.609,1.12322,1.12327,8060000,1310000
2019.06.19 19:39:46.762,1.12322,1.12327,8060000,1810000
2019.06.19 19:39:47.286,1.12322,1.12327,8060000,2440000
2019.06.19 19:39:47.388,1.12322,1.12327,8560000,1690000
2019.06.19 19:39:47.547,1.12321,1.12322,1870000,2620000
2019.06.19 19:39:47.659,1.12316,1.12317,1000000,2620000
2019.06.19 19:39:47.762,1.12314,1.12318,1500000,6190000
2019.06.19 19:39:47.813,1.12314,1.12317,2620000,2440000
2019.06.19 19:39:47.915,1.12313,1.12315,1120000,1000000
2019.06.19 19:39:48.030,1.12312,1.12314,1120000,1310000
2019.06.19 19:39:48.136,1.12311,1.12314,1120000,1000000
2019.06.19 19:39:48.563,1.1231,1.12314,1870000,4570000
2019.06.19 19:39:48.954,1.1231,1.12314,2370000,2620000
2019.06.19 19:39:49.055,1.12311,1.12314,1620000,1000000
2019.06.19 19:39:49.107,1.12312,1.12315,1870000,1000000
2019.06.19 19:39:49.260,1.12313,1.12315,1000000,1120000
2019.06.19 19:39:49.363,1.12313,1.12316,1870000,1120000
2019.06.19 19:39:49.864,1.12311,1.12314,1500000,1600000
2019.06.19 19:39:49.966,1.12311,1.12313,1120000,1120000
2019.06.19 19:39:59.220,1.1231,1.12314,2370000,1250000
2019.06.19 19:40:00.265,1.1231,1.12314,1870000,1870000
2019.06.19 19:40:00.975,1.1231,1.12313,1870000,1000000
2019.06.19 19:40:01.128,1.1231,1.12312,1000000,1000000
2019.06.19 19:40:01.286,1.1231,1.12313,3000000,1000000
2019.06.19 19:40:01.491,1.12309,1.12313,2250000,1500000
2019.06.19 19:40:02.199,1.1231,1.12313,2250000,1000000
2019.06.19 19:40:02.341,1.12311,1.12314,2400000,1000000
2019.06.19 19:40:02.547,1.1231,1.12314,2000000,1120000
2019.06.19 19:40:04.358,1.1231,1.12313,3050000,1500000
2019.06.19 19:40:04.986,1.12309,1.12313,3050000,4120000
2019.06.19 19:40:05.088,1.1231,1.12313,6500000,1000000
2019.06.19 19:40:05.189,1.12309,1.12313,4250000,4120000
2019.06.19 19:40:05.402,1.12309,1.12313,3000000,3000000
2019.06.19 19:40:05.691,1.1231,1.12313,5250000,1000000
2019.06.19 19:40:05.816,1.12309,1.12313,2250000,3370000
2019.06.19 19:40:06.021,1.12312,1.12314,1500000,1000000
2019.06.19 19:40:06.076,1.12313,1.12315,1100000,1000000
2019.06.19 19:40:06.262,1.12313,1.12314,1000000,1000000
2019.06.19 19:40:06.364,1.12313,1.12315,1120000,1000000
2019.06.19 19:40:06.546,1.12312,1.12315,1120000,1000000
2019.06.19 19:40:06.690,1.12309,1.12313,3120000,6510000
2019.06.19 19:40:06.793,1.12309,1.12312,1000000,2510000
2019.06.19 19:40:10.596,1.12308,1.12312,1120000,4690000
2019.06.19 19:40:10.750,1.12309,1.12312,1120000,1000000
2019.06.19 19:40:10.853,1.12308,1.12312,1120000,3940000
2019.06.19 19:40:11.514,1.12309,1.12312,1120000,1000000
2019.06.19 19:40:11.628,1.12308,1.12312,1120000,5060000
2019.06.19 19:40:11.838,1.12309,1.12312,2370000,1000000
2019.06.19 19:40:13.568,1.12309,1.12312,2370000,4440000
2019.06.19 19:40:13.671,1.12309,1.12314,3870000,12140000
2019.06.19 19:40:14.646,1.1231,1.12314,1120000,6260000
2019.06.19 19:40:14.748,1.12311,1.12313,1000000,1000000
2019.06.19 19:40:14.954,1.1231,1.12314,1120000,5440000
2019.06.19 19:40:15.111,1.12311,1.12313,1620000,1000000
2019.06.19 19:40:15.218,1.1231,1.12312,1870000,1000000
2019.06.19 19:40:15.898,1.12309,1.12313,3120000,4310000
2019.06.19 19:40:16.120,1.1231,1.12313,4120000,1000000
2019.06.19 19:40:16.222,1.12309,1.12313,1870000,3640000
2019.06.19 19:40:17.164,1.12309,1.12313,3120000,3640000
2019.06.19 19:40:17.290,1.1231,1.12313,6500000,1000000
2019.06.19 19:40:18.202,1.1231,1.12313,3300000,1000000
2019.06.19 19:40:18.740,1.1231,1.12313,2650000,1000000
2019.06.19 19:40:18.842,1.1231,1.12313,2620000,1500000
2019.06.19 19:40:18.986,1.1231,1.12312,2250000,1000000
2019.06.19 19:40:20.118,1.12309,1.12312,1000000,3940000
2019.06.19 19:40:26.860,1.12309,1.12313,3000000,1250000
2019.06.19 19:40:27.737,1.1231,1.12313,1120000,1870000
2019.06.19 19:40:27.992,1.12311,1.12313,3500000,1000000
2019.06.19 19:40:28.043,1.12309,1.12312,1120000,5320000
2019.06.19 19:40:29.061,1.1231,1.12312,1120000,1570000
2019.06.19 19:40:29.164,1.12309,1.12314,3450000,7790000
2019.06.19 19:40:29.380,1.12309,1.12313,1000000,13010000
2019.06.19 19:40:29.482,1.12309,1.12314,3750000,8510000
2019.06.19 19:40:30.142,1.12309,1.12314,4250000,10010000
2019.06.19 19:40:30.244,1.1231,1.12313,1120000,1000000
2019.06.19 19:40:30.683,1.12309,1.12314,4250000,11140000
2019.06.19 19:40:31.181,1.12309,1.12314,3750000,11510000
2019.06.19 19:40:31.283,1.1231,1.12314,3750000,1000000
2019.06.19 19:40:31.549,1.1231,1.12313,1000000,1500000
2019.06.19 19:40:31.906,1.12309,1.12314,3000000,9260000
2019.06.19 19:40:32.402,1.1231,1.12313,1000000,1500000
2019.06.19 19:40:32.645,1.1231,1.12314,3070000,1200000
2019.06.19 19:40:32.923,1.12309,1.12314,3000000,4760000
2019.06.19 19:40:33.503,1.1231,1.12313,1500000,1500000
2019.06.19 19:40:33.605,1.12309,1.12314,3730000,9260000
2019.06.19 19:40:33.736,1.1231,1.12314,3730000,1000000
2019.06.19 19:40:33.877,1.12309,1.12314,3730000,9260000
2019.06.19 19:40:34.109,1.1231,1.12313,1000000,1000000
2019.06.19 19:40:34.220,1.12309,1.12314,3730000,10010000
2019.06.19 19:40:34.325,1.12309,1.12314,4230000,9640000
2019.06.19 19:40:34.564,1.1231,1.12314,4230000,1000000
2019.06.19 19:40:35.298,1.12309,1.12314,4230000,9640000
2019.06.19 19:40:35.400,1.12309,1.12314,4980000,10510000
2019.06.19 19:40:35.967,1.12311,1.12314,4640000,1500000
2019.06.19 19:40:36.070,1.12311,1.12314,1120000,1760000
2019.06.19 19:40:36.219,1.12312,1.12314,1000000,4690000
2019.06.19 19:40:36.396,1.12312,1.12315,1000000,2440000
2019.06.19 19:40:36.600,1.12313,1.12316,1930000,2250000
2019.06.19 19:40:36.943,1.12313,1.12318,6500000,4570000
2019.06.19 19:40:37.148,1.12314,1.12317,1870000,1000000
2019.06.19 19:40:39.098,1.12313,1.12318,6200000,5060000
2019.06.19 19:40:39.534,1.12317,1.12318,1870000,3750000
2019.06.19 19:40:39.636,1.12317,1.12321,2190000,2250000
2019.06.19 19:40:39.738,1.1232,1.12322,3200000,2250000
2019.06.19 19:40:39.847,1.12321,1.12322,1570000,4310000
2019.06.19 19:40:39.949,1.12324,1.12327,4570000,1000000
2019.06.19 19:40:45.740,1.12323,1.12328,6870000,3940000
2019.06.19 19:40:49.264,1.12324,1.12328,9500000,1500000
2019.06.19 19:40:49.369,1.12323,1.12328,5750000,5510000
2019.06.19 19:40:49.420,1.12322,1.12324,1500000,3190000
2019.06.19 19:40:49.727,1.12322,1.12325,2620000,3450000
2019.06.19 19:40:49.838,1.12323,1.12325,1000000,1000000
2019.06.19 19:40:50.297,1.12322,1.12325,1000000,6070000
2019.06.19 19:40:50.399,1.12322,1.12326,1000000,6260000
2019.06.19 19:40:50.577,1.12323,1.12326,1000000,2000000
2019.06.19 19:40:50.680,1.12323,1.12327,1000000,1120000
2019.06.19 19:40:50.782,1.12323,1.12328,5370000,1200000
2019.06.19 19:40:50.884,1.12323,1.12328,5370000,2200000
2019.06.19 19:40:51.041,1.12323,1.12326,1000000,4200000
2019.06.19 19:40:51.143,1.12323,1.12327,1870000,4570000
2019.06.19 19:40:51.847,1.12322,1.12325,1310000,7540000
2019.06.19 19:40:51.972,1.12321,1.12325,1310000,4750000
2019.06.19 19:40:52.125,1.12323,1.12325,1120000,1500000
2019.06.19 19:40:52.176,1.12323,1.12327,1000000,3070000
2019.06.19 19:40:52.480,1.12323,1.12327,1000000,5910000
2019.06.19 19:40:56.147,1.12323,1.12325,1500000,1000000
2019.06.19 19:40:56.249,1.1232,1.12323,1000000,4640000
2019.06.19 19:40:56.412,1.12318,1.1232,1000000,1600000
2019.06.19 19:40:56.464,1.12317,1.1232,1500000,1120000
2019.06.19 19:40:56.667,1.12318,1.12321,2190000,1000000
2019.06.19 19:40:56.854,1.12318,1.12321,1000000,2750000
2019.06.19 19:40:57.220,1.12318,1.12321,1250000,2250000
2019.06.19 19:40:57.850,1.1232,1.12321,1000000,1000000
2019.06.19 19:40:57.952,1.12322,1.12325,1000000,2810000
2019.06.19 19:40:58.115,1.12322,1.12325,1000000,2260000
2019.06.19 19:40:58.217,1.12322,1.12325,1000000,3450000
2019.06.19 19:40:58.318,1.12322,1.12325,1000000,3950000
2019.06.19 19:40:58.421,1.12323,1.12324,1000000,1000000
2019.06.19 19:40:58.524,1.12322,1.12325,1500000,2700000
2019.06.19 19:40:58.627,1.12322,1.12325,1500000,3200000
2019.06.19 19:40:58.776,1.12322,1.12325,1000000,2140000
2019.06.19 19:40:58.882,1.12323,1.12324,1000000,1000000
2019.06.19 19:40:59.033,1.12322,1.12325,1870000,1760000
2019.06.19 19:40:59.147,1.12323,1.12327,1870000,1500000
2019.06.19 19:40:59.441,1.12324,1.12327,1120000,1000000
2019.06.19 19:41:00.034,1.12323,1.12327,1120000,4010000
2019.06.19 19:41:04.655,1.12322,1.12323,1000000,1390000
2019.06.19 19:41:04.706,1.12319,1.12322,1500000,4250000
2019.06.19 19:41:04.811,1.12318,1.12321,1500000,1120000
2019.06.19 19:41:07.451,1.12319,1.12322,4620000,1120000
2019.06.19 19:41:08.162,1.12319,1.12321,1250000,1500000
2019.06.19 19:41:08.616,1.12319,1.12322,2370000,3000000
2019.06.19 19:41:08.718,1.12318,1.12321,1000000,2510000
2019.06.19 19:41:09.125,1.12319,1.12321,1000000,2620000
2019.06.19 19:41:09.218,1.1232,1.12323,2020000,1870000
2019.06.19 19:41:09.321,1.1232,1.12323,1420000,2250000
2019.06.19 19:41:11.404,1.12321,1.12324,1120000,3000000
2019.06.19 19:41:13.297,1.12321,1.12323,1000000,3000000
2019.06.19 19:41:13.399,1.12321,1.12324,1120000,2250000
2019.06.19 19:41:13.615,1.12323,1.12326,2370000,1000000
2019.06.19 19:41:13.717,1.12323,1.12327,5750000,1500000
2019.06.19 19:41:13.871,1.12322,1.12323,1000000,3000000
2019.06.19 19:41:14.017,1.1232,1.12323,1000000,6760000
2019.06.19 19:41:14.120,1.12321,1.12325,4120000,1000000
2019.06.19 19:41:15.332,1.12321,1.12324,1000000,1500000
2019.06.19 19:41:15.434,1.12321,1.12325,2220000,1000000
2019.06.19 19:41:16.023,1.12321,1.12324,1000000,2250000
2019.06.19 19:41:16.126,1.12321,1.12325,1850000,1500000
2019.06.19 19:41:16.466,1.12319,1.12323,1870000,7200000
2019.06.19 19:41:16.568,1.12318,1.12323,5720000,7410000
2019.06.19 19:41:20.233,1.12318,1.12321,1000000,3070000
2019.06.19 19:41:20.335,1.12319,1.12322,2620000,1000000
2019.06.19 19:41:20.482,1.12318,1.12322,2620000,2700000
2019.06.19 19:41:21.017,1.12319,1.12322,1870000,1000000
2019.06.19 19:41:21.194,1.12318,1.12323,5370000,4010000
2019.06.19 19:41:21.297,1.12322,1.12325,2820000,1500000
2019.06.19 19:41:21.400,1.12323,1.12326,2560000,1870000
2019.06.19 19:41:21.611,1.12323,1.12326,1500000,1200000
2019.06.19 19:41:21.713,1.12324,1.12326,1000000,1000000
2019.06.19 19:41:21.908,1.12323,1.12327,3690000,1200000
2019.06.19 19:41:23.958,1.12323,1.12327,3500000,1950000
2019.06.19 19:41:25.248,1.12325,1.12327,2000000,1000000
2019.06.19 19:41:26.344,1.12325,1.1233,10700000,3070000
2019.06.19 19:41:26.447,1.12326,1.1233,2000000,1250000
2019.06.19 19:41:26.678,1.12327,1.1233,2000000,1000000
2019.06.19 19:41:26.781,1.12328,1.1233,1120000,1000000
2019.06.19 19:41:26.885,1.12328,1.12332,3310000,1000000
2019.06.19 19:41:32.372,1.12328,1.12332,2060000,1120000
2019.06.19 19:41:33.348,1.12332,1.12333,4310000,2250000
2019.06.19 19:41:33.450,1.12333,1.12336,1000000,4500000
2019.06.19 19:41:33.552,1.12333,1.12337,1120000,5320000
2019.06.19 19:41:33.724,1.12333,1.12335,1500000,3000000
2019.06.19 19:41:33.775,1.12333,1.12338,7500000,2250000
2019.06.19 19:41:34.208,1.12333,1.12334,1000000,1000000
2019.06.19 19:41:34.311,1.12329,1.12331,1120000,1950000
2019.06.19 19:41:34.413,1.12328,1.12331,1870000,6820000
2019.06.19 19:41:34.566,1.12328,1.12332,1000000,6000000
2019.06.19 19:41:34.668,1.12328,1.12331,1000000,6820000
2019.06.19 19:41:35.171,1.12327,1.1233,3750000,1120000
2019.06.19 19:41:35.375,1.12326,1.12331,6940000,11820000
2019.06.19 19:41:35.506,1.12327,1.12331,5060000,3100000
2019.06.19 19:41:35.608,1.12327,1.12331,1690000,1870000
2019.06.19 19:41:36.052,1.12329,1.12331,1000000,1000000
2019.06.19 19:41:36.687,1.12326,1.1233,2500000,8190000
2019.06.19 19:41:36.909,1.12326,1.1233,2500000,4690000
2019.06.19 19:41:37.140,1.12326,1.1233,3250000,4440000
2019.06.19 19:41:37.349,1.12324,1.12325,1000000,1870000
2019.06.19 19:41:37.400,1.12322,1.12325,1500000,1000000
2019.06.19 19:41:37.597,1.12321,1.12325,1120000,1390000
2019.06.19 19:41:39.188,1.12323,1.12326,2250000,1000000
2019.06.19 19:41:39.290,1.12322,1.12326,1000000,7570000
2019.06.19 19:41:41.126,1.12323,1.12326,1870000,1000000
2019.06.19 19:41:42.422,1.12322,1.12326,4870000,4500000
2019.06.19 19:41:42.526,1.1232,1.12323,1120000,5750000
2019.06.19 19:41:42.628,1.12318,1.12322,1000000,4700000
2019.06.19 19:41:42.680,1.12317,1.12322,3000000,7910000
2019.06.19 19:41:42.781,1.12317,1.12322,4250000,7720000
2019.06.19 19:41:44.283,1.1232,1.12322,4500000,1000000
2019.06.19 19:41:44.385,1.1232,1.12322,2250000,1000000
2019.06.19 19:41:44.487,1.12319,1.12322,2250000,1000000
2019.06.19 19:41:44.613,1.1232,1.12322,2250000,1000000
2019.06.19 19:41:44.715,1.12326,1.12328,2510000,1500000
2019.06.19 19:41:44.767,1.12328,1.1233,2820000,1500000
2019.06.19 19:41:44.818,1.12328,1.12331,1690000,2320000
2019.06.19 19:41:44.971,1.12329,1.12333,2060000,1500000
2019.06.19 19:41:45.087,1.12329,1.12333,2000000,3370000
2019.06.19 19:41:45.189,1.1233,1.12333,3500000,1000000
2019.06.19 19:41:46.210,1.12329,1.12333,5370000,6750000
2019.06.19 19:41:46.688,1.12333,1.12334,1500000,1500000
2019.06.19 19:41:46.791,1.12336,1.12338,1250000,6450000
2019.06.19 19:41:46.939,1.12338,1.12341,4440000,1000000
2019.06.19 19:41:47.048,1.12337,1.12341,3500000,1500000
2019.06.19 19:41:48.358,1.12336,1.1234,1000000,3450000
2019.06.19 19:41:48.459,1.12337,1.1234,1000000,1000000
2019.06.19 19:41:48.844,1.12336,1.1234,1000000,4200000
2019.06.19 19:41:48.980,1.12337,1.1234,1000000,1000000
2019.06.19 19:41:49.614,1.12336,1.1234,2250000,4570000
2019.06.19 19:41:49.666,1.12334,1.12335,1120000,2250000
2019.06.19 19:41:49.804,1.12332,1.12334,5870000,1100000
2019.06.19 19:41:49.857,1.1233,1.12334,4000000,2440000
2019.06.19 19:41:50.007,1.1233,1.12334,1200000,2510000
2019.06.19 19:41:50.062,1.12332,1.12335,4220000,1500000
2019.06.19 19:41:50.164,1.12332,1.12336,1120000,3000000
2019.06.19 19:41:51.663,1.12332,1.12337,7010000,1870000
2019.06.19 19:41:51.766,1.12334,1.12337,1690000,1000000
2019.06.19 19:41:52.318,1.12333,1.12337,1760000,1950000
2019.06.19 19:41:53.204,1.12334,1.12337,1500000,1000000
2019.06.19 19:41:53.777,1.12333,1.12338,4760000,3750000
2019.06.19 19:41:53.880,1.12333,1.12337,1000000,2250000
2019.06.19 19:41:53.988,1.12333,1.12338,4690000,1570000
2019.06.19 19:41:57.148,1.12332,1.12335,2250000,2510000
2019.06.19 19:41:57.491,1.12332,1.12336,1000000,1120000
2019.06.19 19:41:57.593,1.12333,1.12337,4500000,2250000
2019.06.19 19:41:57.774,1.12333,1.12336,1000000,2250000
2019.06.19 19:41:59.067,1.12333,1.12337,3620000,3100000
2019.06.19 19:41:59.525,1.12333,1.12336,1250000,2700000
2019.06.19 19:41:59.628,1.12331,1.12334,2250000,3500000
2019.06.19 19:41:59.767,1.12331,1.12333,1120000,2250000
2019.06.19 19:41:59.920,1.12329,1.12332,1000000,1000000
2019.06.19 19:42:00.022,1.12328,1.12333,4390000,1870000
2019.06.19 19:42:00.496,1.12328,1.12331,1000000,3370000
2019.06.19 19:42:00.716,1.12328,1.12332,1500000,1870000
2019.06.19 19:42:01.944,1.12328,1.12332,1500000,1500000
2019.06.19 19:42:03.327,1.12328,1.12332,1000000,2320000
2019.06.19 19:42:03.430,1.12329,1.12332,1500000,1500000
2019.06.19 19:42:03.731,1.12329,1.12333,5140000,2700000
2019.06.19 19:42:06.377,1.12328,1.12333,6190000,6450000
2019.06.19 19:42:06.478,1.12329,1.12333,7690000,1000000
2019.06.19 19:42:06.580,1.12328,1.12332,1000000,6450000
2019.06.19 19:42:06.839,1.12329,1.12333,6690000,1000000
2019.06.19 19:42:07.070,1.12328,1.12333,5190000,4200000
2019.06.19 19:42:07.343,1.12329,1.12333,6690000,1000000
2019.06.19 19:42:07.569,1.12328,1.12333,5190000,3450000
2019.06.19 19:42:07.678,1.12329,1.12333,5190000,1000000
2019.06.19 19:42:08.409,1.12328,1.12333,5190000,4200000
2019.06.19 19:42:08.857,1.12329,1.12333,5190000,1000000
2019.06.19 19:42:09.684,1.12328,1.12332,1120000,1100000
2019.06.19 19:42:09.787,1.12328,1.12331,1000000,1300000
2019.06.19 19:42:09.991,1.12328,1.12332,1120000,1000000
2019.06.19 19:42:10.093,1.12328,1.12331,1000000,3070000
2019.06.19 19:42:10.264,1.12328,1.12332,1120000,3070000
2019.06.19 19:42:10.367,1.12328,1.12331,1310000,1720000
2019.06.19 19:42:10.656,1.12328,1.1233,1000000,1000000
2019.06.19 19:42:11.704,1.12327,1.1233,1120000,1000000
2019.06.19 19:42:11.830,1.12327,1.1233,2870000,1000000
2019.06.19 19:42:12.242,1.12326,1.12329,2440000,3000000
2019.06.19 19:42:12.345,1.12327,1.12329,1500000,2250000
2019.06.19 19:42:12.447,1.12328,1.12332,8620000,1720000
2019.06.19 19:42:12.549,1.12328,1.12332,5560000,1500000
2019.06.19 19:42:13.435,1.12327,1.12332,3250000,6450000
2019.06.19 19:42:13.633,1.12327,1.1233,1750000,1000000
2019.06.19 19:42:14.572,1.12327,1.1233,1000000,5620000
2019.06.19 19:42:14.733,1.12328,1.1233,1000000,1500000
2019.06.19 19:42:14.836,1.12326,1.12328,1220000,1120000
2019.06.19 19:42:14.939,1.12321,1.12324,1000000,5000000
2019.06.19 19:42:14.990,1.1232,1.12322,1500000,1650000
2019.06.19 19:42:15.042,1.12319,1.12322,3640000,1310000
2019.06.19 19:42:15.507,1.1232,1.12322,1690000,2250000
2019.06.19 19:42:15.610,1.12323,1.12324,1120000,3000000
2019.06.19 19:42:15.662,1.12324,1.12326,1690000,1000000
2019.06.19 19:42:15.866,1.12322,1.12326,2500000,4120000
2019.06.19 19:42:16.090,1.12322,1.12326,1500000,4120000
2019.06.19 19:42:16.192,1.12323,1.12326,1000000,1000000
2019.06.19 19:42:16.303,1.12323,1.12327,5140000,1000000
2019.06.19 19:42:16.405,1.12322,1.12327,3640000,4120000
2019.06.19 19:42:16.507,1.12323,1.12327,1250000,7870000
2019.06.19 19:42:16.558,1.12324,1.12328,5700000,1100000
2019.06.19 19:42:16.686,1.12323,1.12327,2060000,7870000
2019.06.19 19:42:16.940,1.12324,1.12327,1310000,1000000
2019.06.19 19:42:17.183,1.12323,1.12326,1250000,1570000
2019.06.19 19:42:18.961,1.12323,1.12327,2250000,3820000
2019.06.19 19:42:20.939,1.12325,1.12328,6000000,1120000
2019.06.19 19:42:21.041,1.12327,1.12329,1000000,1000000
2019.06.19 19:42:22.696,1.12327,1.1233,1120000,2250000
2019.06.19 19:42:22.800,1.12328,1.1233,1870000,1500000
2019.06.19 19:42:23.005,1.12328,1.12332,4500000,1500000
2019.06.19 19:42:23.151,1.12329,1.12332,3370000,1000000
2019.06.19 19:42:23.916,1.12328,1.12332,2120000,3000000
2019.06.19 19:42:24.131,1.12329,1.12332,2620000,1000000
2019.06.19 19:42:24.339,1.12328,1.12332,2620000,3000000
2019.06.19 19:42:24.818,1.12329,1.12332,3370000,1000000
2019.06.19 19:42:24.953,1.12328,1.12331,1310000,4500000
2019.06.19 19:42:25.056,1.12332,1.12334,1200000,2250000
2019.06.19 19:42:25.158,1.12332,1.12335,1000000,1000000
2019.06.19 19:42:25.260,1.12332,1.12334,1000000,3000000
2019.06.19 19:42:25.682,1.12331,1.12334,1250000,3370000
2019.06.19 19:42:26.462,1.12333,1.12335,1000000,3500000
2019.06.19 19:42:26.564,1.12333,1.12338,6450000,4720000
2019.06.19 19:42:26.666,1.12333,1.12337,1370000,4720000
2019.06.19 19:42:27.913,1.12334,1.12338,4020000,1120000
2019.06.19 19:42:29.121,1.12335,1.12337,1250000,1000000
2019.06.19 19:42:29.222,1.12334,1.12338,4750000,2620000
2019.06.19 19:42:29.610,1.12332,1.12334,4390000,1040000
2019.06.19 19:42:29.661,1.1233,1.12333,2060000,1050000
2019.06.19 19:42:29.800,1.12328,1.12332,1250000,9370000
2019.06.19 19:42:29.902,1.12329,1.12332,1690000,1000000
2019.06.19 19:42:30.004,1.12328,1.12332,1250000,8620000
2019.06.19 19:42:30.260,1.12328,1.12329,1870000,5250000
2019.06.19 19:42:30.312,1.12325,1.12329,1500000,3120000
2019.06.19 19:42:30.419,1.12325,1.12328,1250000,2000000
2019.06.19 19:42:32.601,1.12325,1.12327,1000000,1500000
2019.06.19 19:42:33.144,1.12327,1.12328,1250000,1000000
2019.06.19 19:42:33.247,1.12328,1.12331,3970000,1000000
2019.06.19 19:42:33.398,1.12328,1.12331,1000000,1000000
2019.06.19 19:42:33.823,1.12327,1.12328,1500000,1000000
2019.06.19 19:42:33.925,1.12326,1.12328,1000000,2250000
2019.06.19 19:42:34.155,1.12325,1.12329,3560000,3000000
2019.06.19 19:42:34.257,1.12326,1.12328,1000000,1000000
2019.06.19 19:42:34.399,1.12326,1.12327,1000000,1000000
2019.06.19 19:42:35.316,1.12326,1.12328,2250000,1000000
2019.06.19 19:42:37.486,1.12326,1.12327,1000000,1000000
2019.06.19 19:42:38.561,1.12325,1.12327,1000000,3000000
2019.06.19 19:42:39.493,1.12326,1.12328,1000000,3000000
2019.06.19 19:42:39.595,1.12329,1.1233,1250000,1000000
2019.06.19 19:42:40.151,1.12328,1.1233,1250000,1200000
2019.06.19 19:42:40.253,1.12329,1.1233,1250000,1000000
2019.06.19 19:42:41.034,1.12328,1.1233,1250000,1120000
2019.06.19 19:42:45.459,1.12327,1.12329,1000000,9300000
2019.06.19 19:42:45.784,1.12328,1.1233,1250000,1350000
2019.06.19 19:42:48.696,1.12329,1.12332,2120000,1500000
2019.06.19 19:42:48.747,1.12329,1.12334,3720000,5250000
2019.06.19 19:42:48.849,1.1233,1.12333,1690000,1000000
2019.06.19 19:42:48.966,1.12329,1.12333,1250000,8320000
2019.06.19 19:42:49.281,1.1233,1.12333,1250000,1000000
2019.06.19 19:42:51.900,1.1233,1.12332,1000000,2620000
2019.06.19 19:42:52.153,1.12332,1.12333,1000000,1500000
2019.06.19 19:42:52.305,1.12332,1.12334,1250000,1000000
2019.06.19 19:42:52.406,1.12331,1.12335,3060000,7500000
2019.06.19 19:42:52.840,1.12332,1.12335,3060000,1000000
2019.06.19 19:42:53.117,1.12331,1.12335,3060000,6000000
2019.06.19 19:42:54.118,1.12332,1.12334,1250000,1000000
2019.06.19 19:42:55.678,1.12333,1.12335,1000000,3370000
2019.06.19 19:42:55.957,1.12333,1.12336,1000000,1420000
2019.06.19 19:42:56.316,1.12333,1.12336,1000000,11470000
2019.06.19 19:42:56.528,1.12333,1.12337,2060000,11470000
2019.06.19 19:42:56.875,1.12333,1.12336,1000000,12220000
2019.06.19 19:42:58.820,1.12333,1.12337,2440000,9600000
2019.06.19 19:43:00.321,1.12335,1.12337,1120000,1500000
2019.06.19 19:43:00.396,1.12336,1.12339,3070000,1870000
2019.06.19 19:43:00.499,1.12336,1.1234,1500000,4120000
2019.06.19 19:43:00.652,1.12336,1.12339,1000000,1120000
2019.06.19 19:43:01.340,1.12335,1.12339,1250000,3000000
2019.06.19 19:43:02.073,1.12337,1.12339,1690000,1500000
2019.06.19 19:43:02.303,1.1233,1.12331,1000000,2620000
2019.06.19 19:43:02.409,1.12329,1.12331,1500000,1300000
2019.06.19 19:43:02.511,1.12329,1.1233,1000000,1300000
2019.06.19 19:43:02.613,1.12327,1.1233,1000000,3120000
2019.06.19 19:43:03.479,1.12326,1.12328,1000000,1920000
2019.06.19 19:43:03.581,1.12327,1.12329,1250000,3370000
2019.06.19 19:43:03.683,1.12329,1.1233,1000000,1500000
2019.06.19 19:43:03.836,1.12328,1.12331,1000000,3000000
2019.06.19 19:43:05.176,1.12328,1.12332,1570000,1000000
2019.06.19 19:43:05.691,1.12327,1.12331,1250000,7570000
2019.06.19 19:43:06.201,1.12327,1.12329,1250000,1000000
2019.06.19 19:43:06.304,1.12325,1.12329,2440000,9440000
2019.06.19 19:43:07.824,1.12326,1.12328,1000000,1160000
2019.06.19 19:43:08.010,1.12326,1.12329,3940000,1250000
2019.06.19 19:43:08.515,1.12325,1.12328,1000000,6170000
2019.06.19 19:43:08.689,1.12324,1.12326,1000000,1550000
2019.06.19 19:43:08.741,1.12324,1.12326,1000000,1000000
2019.06.19 19:43:10.480,1.12325,1.12328,1570000,1500000
2019.06.19 19:43:10.594,1.12326,1.12328,1000000,1000000
2019.06.19 19:43:10.746,1.12326,1.12329,1250000,1000000
2019.06.19 19:43:10.797,1.12325,1.12328,1370000,4120000
2019.06.19 19:43:10.899,1.12326,1.12328,1370000,1000000
2019.06.19 19:43:11.130,1.12325,1.12328,1370000,3450000
2019.06.19 19:43:11.830,1.12326,1.12328,1370000,1000000
2019.06.19 19:43:12.709,1.12325,1.12328,1370000,3070000
2019.06.19 19:43:16.083,1.12324,1.12326,1250000,2550000
2019.06.19 19:43:16.235,1.12323,1.12327,1750000,5250000
2019.06.19 19:43:16.339,1.12324,1.12327,1750000,1000000
2019.06.19 19:43:16.441,1.12323,1.12326,1250000,1350000
2019.06.19 19:43:16.709,1.12323,1.12325,1000000,1000000
2019.06.19 19:43:16.811,1.12323,1.12326,3190000,1000000
2019.06.19 19:43:16.912,1.12323,1.12326,3660000,1000000
2019.06.19 19:43:17.303,1.12321,1.12326,4750000,6820000
2019.06.19 19:43:17.406,1.12322,1.12326,6070000,5250000
2019.06.19 19:43:18.029,1.12325,1.12327,4220000,1000000
2019.06.19 19:43:18.131,1.12326,1.12328,1120000,1000000
2019.06.19 19:43:18.233,1.12325,1.12328,1200000,1500000
2019.06.19 19:43:18.569,1.12326,1.12329,3560000,2250000
2019.06.19 19:43:18.684,1.12327,1.1233,3690000,1500000
2019.06.19 19:43:18.791,1.12326,1.12329,1500000,5620000
2019.06.19 19:43:18.893,1.12326,1.12329,1370000,3370000
2019.06.19 19:43:19.250,1.12326,1.12329,1120000,7200000
2019.06.19 19:43:19.504,1.12326,1.12327,3190000,2250000
2019.06.19 19:43:19.556,1.12323,1.12327,1690000,3750000
2019.06.19 19:43:20.641,1.12323,1.12327,4510000,2700000
2019.06.19 19:43:21.413,1.12322,1.12325,1100000,5000000
2019.06.19 19:43:21.469,1.12321,1.12323,1500000,3070000
2019.06.19 19:43:21.573,1.12322,1.12324,2570000,2250000
2019.06.19 19:43:21.625,1.12322,1.12326,1600000,2250000
2019.06.19 19:43:21.783,1.12323,1.12326,1500000,1500000
2019.06.19 19:43:22.452,1.12324,1.12327,5070000,2250000
2019.06.19 19:43:22.504,1.12326,1.12327,1000000,1000000
2019.06.19 19:43:22.606,1.12326,1.1233,3390000,1870000
2019.06.19 19:43:25.857,1.12326,1.1233,3450000,4120000
2019.06.19 19:43:27.928,1.12326,1.1233,2190000,1300000
2019.06.19 19:43:29.408,1.12327,1.1233,2190000,1500000
2019.06.19 19:43:29.618,1.12325,1.12328,1750000,11720000
2019.06.19 19:43:29.670,1.12323,1.12328,3620000,8170000
2019.06.19 19:43:29.772,1.12324,1.12327,1250000,2620000
2019.06.19 19:43:33.267,1.12324,1.12326,1000000,1500000
2019.06.19 19:43:33.420,1.12323,1.12326,1500000,2250000
2019.06.19 19:43:33.744,1.12322,1.12327,6070000,4620000
2019.06.19 19:43:34.484,1.12323,1.12327,2560000,1870000
2019.06.19 19:43:36.930,1.12323,1.12327,3640000,1950000
2019.06.19 19:43:37.589,1.12322,1.12324,1000000,3370000
2019.06.19 19:43:37.691,1.12321,1.12324,3560000,3070000
2019.06.19 19:43:37.818,1.12321,1.12323,1120000,2620000
2019.06.19 19:43:38.103,1.12322,1.12324,1000000,3600000
2019.06.19 19:43:38.205,1.12322,1.12325,2700000,3000000
2019.06.19 19:43:38.307,1.12322,1.12324,1000000,3370000
2019.06.19 19:43:38.439,1.12322,1.12325,1000000,2620000
2019.06.19 19:43:38.692,1.12322,1.12327,6760000,2620000
2019.06.19 19:43:40.177,1.12322,1.12324,1000000,1000000
2019.06.19 19:43:40.291,1.12322,1.12325,1000000,1000000
2019.06.19 19:43:40.394,1.12324,1.12327,1570000,1250000
2019.06.19 19:43:40.496,1.12325,1.12328,2620000,1000000
2019.06.19 19:43:40.598,1.12324,1.12328,4120000,3940000
2019.06.19 19:43:40.838,1.12325,1.12328,2620000,1120000
2019.06.19 19:43:42.277,1.12326,1.12328,1500000,1000000
2019.06.19 19:43:42.380,1.12327,1.1233,1690000,1000000
2019.06.19 19:43:42.482,1.12328,1.1233,1690000,1000000
2019.06.19 19:43:43.593,1.12331,1.12333,3660000,1000000
2019.06.19 19:43:43.697,1.1233,1.12333,3940000,3560000
2019.06.19 19:43:44.132,1.12332,1.12334,1500000,1500000
2019.06.19 19:43:44.183,1.12333,1.12335,1570000,1000000
2019.06.19 19:43:44.336,1.12332,1.12335,1870000,1120000
2019.06.19 19:43:44.438,1.12332,1.12334,1000000,1120000
2019.06.19 19:43:45.376,1.12331,1.12334,1250000,1870000
2019.06.19 19:43:46.101,1.12332,1.12334,1690000,1000000
2019.06.19 19:43:47.237,1.12332,1.12333,1000000,1000000
2019.06.19 19:43:48.535,1.1233,1.12332,1000000,1000000
2019.06.19 19:43:48.637,1.1233,1.12333,2700000,1870000
2019.06.19 19:43:49.039,1.12329,1.12333,2170000,4120000
2019.06.19 19:43:49.599,1.12328,1.12332,1870000,6000000
2019.06.19 19:43:49.803,1.12328,1.1233,1000000,2620000
2019.06.19 19:43:50.185,1.12328,1.12331,1000000,2620000
2019.06.19 19:43:50.388,1.12328,1.12332,1500000,3750000
2019.06.19 19:43:50.642,1.12329,1.12332,1870000,1000000
2019.06.19 19:43:50.912,1.12328,1.12332,1870000,3370000
2019.06.19 19:43:51.282,1.12329,1.12332,1870000,1000000
2019.06.19 19:43:51.842,1.12329,1.12333,4500000,8500000
2019.06.19 19:43:52.121,1.12331,1.12333,2250000,1000000
2019.06.19 19:43:52.422,1.1233,1.12333,1000000,2810000
2019.06.19 19:43:54.989,1.12331,1.12333,1000000,2250000
2019.06.19 19:43:55.092,1.12331,1.12334,1000000,3000000
2019.06.19 19:43:55.296,1.12331,1.12335,1000000,3190000
2019.06.19 19:43:55.440,1.12332,1.12335,1500000,1000000
2019.06.19 19:43:55.594,1.12331,1.12335,1100000,6450000
2019.06.19 19:43:55.956,1.12333,1.12335,1000000,3000000
2019.06.19 19:43:56.058,1.12333,1.12336,1760000,7870000
2019.06.19 19:43:56.211,1.12333,1.12335,1000000,4500000
2019.06.19 19:43:56.802,1.12333,1.12337,3700000,1570000
2019.06.19 19:43:57.256,1.12334,1.12337,4450000,1000000
2019.06.19 19:43:57.359,1.12333,1.12337,3700000,1570000
2019.06.19 19:43:57.613,1.12332,1.12336,4870000,2620000
2019.06.19 19:43:57.795,1.12332,1.12334,1000000,2620000
2019.06.19 19:44:00.490,1.12333,1.12334,1000000,1000000
2019.06.19 19:44:00.542,1.12333,1.12336,2810000,1500000
2019.06.19 19:44:00.696,1.12334,1.12336,1870000,1000000
2019.06.19 19:44:04.168,1.12332,1.12337,3760000,7620000
2019.06.19 19:44:04.272,1.12331,1.12334,3290000,1690000
2019.06.19 19:44:04.444,1.12329,1.12332,3000000,2250000
2019.06.19 19:44:04.546,1.12329,1.12331,1120000,3000000
2019.06.19 19:44:04.597,1.12327,1.12329,6370000,6750000
2019.06.19 19:44:04.649,1.12326,1.12327,1200000,1500000
2019.06.19 19:44:04.804,1.12323,1.12327,2700000,9970000
2019.06.19 19:44:04.907,1.12326,1.12328,1260000,1120000
2019.06.19 19:44:04.959,1.12327,1.12329,2510000,1500000
2019.06.19 19:44:05.010,1.12325,1.12329,1390000,8250000
2019.06.19 19:44:05.112,1.12326,1.12329,2250000,1870000
2019.06.19 19:44:05.230,1.12325,1.12329,1000000,8810000
2019.06.19 19:44:05.383,1.12326,1.12329,1000000,1500000
2019.06.19 19:44:05.485,1.12325,1.12329,1000000,8440000
2019.06.19 19:44:05.587,1.12328,1.12331,3970000,2620000
2019.06.19 19:44:05.707,1.12329,1.12332,2060000,2250000
2019.06.19 19:44:06.587,1.12327,1.12328,1000000,1120000
2019.06.19 19:44:06.639,1.12325,1.12327,1000000,2920000
2019.06.19 19:44:06.741,1.12324,1.12327,1000000,2250000
2019.06.19 19:44:07.071,1.12324,1.12328,3000000,1000000
2019.06.19 19:44:07.174,1.12325,1.12328,1050000,4000000
2019.06.19 19:44:07.277,1.12325,1.12328,1400000,3250000
2019.06.19 19:44:07.404,1.12325,1.12329,4410000,2500000
2019.06.19 19:44:10.675,1.12324,1.12328,3300000,1690000
2019.06.19 19:44:10.777,1.12323,1.12326,1000000,1500000
2019.06.19 19:44:11.941,1.12323,1.12327,5620000,3000000
2019.06.19 19:44:12.094,1.12324,1.12328,6120000,1000000
2019.06.19 19:44:12.203,1.12323,1.12328,3950000,3370000
2019.06.19 19:44:12.399,1.12323,1.12327,1000000,6750000
2019.06.19 19:44:13.230,1.12323,1.12327,1120000,2250000
2019.06.19 19:44:13.542,1.12325,1.12328,1500000,2720000
2019.06.19 19:44:13.644,1.12328,1.12331,2070000,1000000
2019.06.19 19:44:14.662,1.12328,1.12331,1200000,1000000
2019.06.19 19:44:16.135,1.12327,1.12331,2320000,4870000
2019.06.19 19:44:16.238,1.12324,1.12327,2070000,1000000
2019.06.19 19:44:16.340,1.12323,1.12327,2320000,1000000
2019.06.19 19:44:16.555,1.12323,1.12327,2720000,1500000
2019.06.19 19:44:16.656,1.12323,1.12327,2250000,1500000
2019.06.19 19:44:17.149,1.12322,1.12327,3070000,3370000
2019.06.19 19:44:17.302,1.12323,1.12326,1120000,1000000
2019.06.19 19:44:17.407,1.12322,1.12327,3820000,5250000
2019.06.19 19:44:17.661,1.12323,1.12327,3450000,1000000
2019.06.19 19:44:17.919,1.12323,1.12326,1000000,3000000
2019.06.19 19:44:18.183,1.12324,1.12326,1100000,1000000
2019.06.19 19:44:18.388,1.12323,1.12326,1000000,3070000
2019.06.19 19:44:18.917,1.12324,1.12326,1500000,1000000
2019.06.19 19:44:19.605,1.12325,1.12326,1000000,1000000
2019.06.19 19:44:19.938,1.12323,1.12326,1000000,3220000
2019.06.19 19:44:20.041,1.12322,1.12326,6620000,2250000
2019.06.19 19:44:20.270,1.12323,1.12326,1120000,1000000
2019.06.19 19:44:23.134,1.12323,1.12326,1620000,1500000
2019.06.19 19:44:24.183,1.12323,1.12326,1500000,1500000
2019.06.19 19:44:24.292,1.12321,1.12322,1000000,1500000
2019.06.19 19:44:24.344,1.12319,1.12322,2250000,2250000
2019.06.19 19:44:27.109,1.1232,1.12323,4200000,3190000
2019.06.19 19:44:27.211,1.12321,1.12323,1500000,1000000
2019.06.19 19:44:27.263,1.1232,1.12322,1620000,1500000
2019.06.19 19:44:27.314,1.1232,1.12322,6070000,1000000
2019.06.19 19:44:27.474,1.12319,1.12322,4570000,1000000
2019.06.19 19:44:27.750,1.12319,1.12321,1000000,1000000
2019.06.19 19:44:27.893,1.12319,1.12322,4570000,1000000
2019.06.19 19:44:28.319,1.12319,1.12322,3850000,1000000
2019.06.19 19:44:28.543,1.12319,1.12323,9950000,1500000
2019.06.19 19:44:29.142,1.12318,1.12321,1120000,2250000
2019.06.19 19:44:30.123,1.12317,1.12321,4310000,5250000
2019.06.19 19:44:30.226,1.12316,1.12319,4250000,2250000
2019.06.19 19:44:30.346,1.12315,1.12319,6390000,3300000
2019.06.19 19:44:30.651,1.12317,1.12319,1200000,1500000
2019.06.19 19:44:30.770,1.12318,1.12321,1100000,1000000
2019.06.19 19:44:30.924,1.12317,1.12321,1560000,2250000
2019.06.19 19:44:31.026,1.12318,1.12321,2500000,2620000
2019.06.19 19:44:31.077,1.12318,1.12321,2250000,4310000
2019.06.19 19:44:31.369,1.12319,1.12321,3500000,1000000
2019.06.19 19:44:31.471,1.12318,1.1232,2620000,1000000
2019.06.19 19:44:31.847,1.12318,1.12319,1000000,1000000
2019.06.19 19:44:31.948,1.12318,1.1232,2620000,1000000
2019.06.19 19:44:32.806,1.12318,1.12321,2140000,1000000
2019.06.19 19:44:32.932,1.12317,1.12321,1890000,4120000
2019.06.19 19:44:33.622,1.12315,1.12319,3370000,3370000
2019.06.19 19:44:33.673,1.12315,1.12317,1500000,1570000
2019.06.19 19:44:33.775,1.12313,1.12317,3450000,1200000
2019.06.19 19:44:33.851,1.12315,1.12317,3000000,1500000
2019.06.19 19:44:33.902,1.12315,1.12319,3070000,2740000
2019.06.19 19:44:34.005,1.12315,1.12319,2250000,4620000
2019.06.19 19:44:34.172,1.12316,1.12318,1000000,1000000
2019.06.19 19:44:34.325,1.12316,1.12319,3070000,1000000
2019.06.19 19:44:34.875,1.12316,1.12319,3950000,1000000
2019.06.19 19:44:35.156,1.12316,1.12319,8100000,1000000
2019.06.19 19:44:35.832,1.12315,1.12318,3020000,2810000
2019.06.19 19:44:39.494,1.12317,1.12319,5070000,1000000
2019.06.19 19:44:39.546,1.12317,1.12321,2100000,5620000
2019.06.19 19:44:39.650,1.12319,1.12321,1000000,1000000
2019.06.19 19:44:39.752,1.12318,1.12322,1870000,4120000
2019.06.19 19:44:40.656,1.12319,1.12322,3370000,1000000
2019.06.19 19:44:40.818,1.12318,1.12322,2620000,2620000
2019.06.19 19:44:41.263,1.12319,1.12323,4350000,1000000
2019.06.19 19:44:41.860,1.12318,1.12323,5850000,4570000
2019.06.19 19:44:42.014,1.12319,1.12322,1950000,1000000
2019.06.19 19:44:42.137,1.12318,1.12322,1950000,5140000
2019.06.19 19:44:42.845,1.1232,1.12322,1200000,1500000
2019.06.19 19:44:42.947,1.1232,1.12323,1150000,1310000
2019.06.19 19:44:43.050,1.12318,1.12321,1000000,1800000
2019.06.19 19:44:43.716,1.12317,1.1232,1000000,1870000
2019.06.19 19:44:43.871,1.12317,1.12321,1000000,1870000
2019.06.19 19:44:44.178,1.12317,1.1232,1000000,2620000
2019.06.19 19:44:44.279,1.12317,1.12321,3750000,2620000
2019.06.19 19:44:48.905,1.12318,1.12322,9010000,1120000
2019.06.19 19:44:49.638,1.12318,1.12322,2060000,3940000
2019.06.19 19:44:50.203,1.12319,1.12323,6950000,1000000
2019.06.19 19:44:50.346,1.12318,1.12323,6200000,2440000
2019.06.19 19:44:50.448,1.1232,1.12323,1150000,2620000
2019.06.19 19:44:50.764,1.12318,1.12322,2700000,1950000
2019.06.19 19:44:50.866,1.12317,1.12321,3140000,1570000
2019.06.19 19:44:51.711,1.12318,1.12321,3890000,1000000
2019.06.19 19:44:51.813,1.12317,1.1232,1250000,1100000
2019.06.19 19:44:54.151,1.12318,1.12321,2390000,1000000
2019.06.19 19:45:01.190,1.12316,1.12318,1000000,1000000
2019.06.19 19:45:01.293,1.12315,1.12319,3640000,1000000
2019.06.19 19:45:01.395,1.12315,1.12319,3290000,1050000
2019.06.19 19:45:01.799,1.12315,1.12319,3400000,1870000
2019.06.19 19:45:02.048,1.12315,1.12318,6570000,1120000
2019.06.19 19:45:02.150,1.12312,1.12316,1950000,3000000
2019.06.19 19:45:02.252,1.12313,1.12315,1000000,1000000
2019.06.19 19:45:02.354,1.12313,1.12316,1500000,1000000
2019.06.19 19:45:02.405,1.12312,1.12314,1000000,3000000
2019.06.19 19:45:02.507,1.12312,1.12315,1500000,2250000
2019.06.19 19:45:02.620,1.12312,1.12313,1500000,1120000
2019.06.19 19:45:02.671,1.12309,1.12313,2620000,11860000
2019.06.19 19:45:02.773,1.12309,1.12312,1120000,1990000
2019.06.19 19:45:02.874,1.12309,1.12313,3000000,1500000
2019.06.19 19:45:03.209,1.12309,1.12312,3000000,1120000
2019.06.19 19:45:03.311,1.12309,1.12313,7120000,1870000
2019.06.19 19:45:03.624,1.12309,1.12313,5000000,1120000
2019.06.19 19:45:04.416,1.12311,1.12313,2620000,1500000
2019.06.19 19:45:04.518,1.12311,1.12314,1500000,2250000
2019.06.19 19:45:04.904,1.12311,1.12315,2250000,2620000
2019.06.19 19:45:05.176,1.12312,1.12314,1000000,1000000
2019.06.19 19:45:05.329,1.12312,1.12315,1120000,4500000
2019.06.19 19:45:05.431,1.12313,1.12315,1120000,1000000
2019.06.19 19:45:05.756,1.12312,1.12315,1000000,3450000
2019.06.19 19:45:06.311,1.12313,1.12315,1000000,1000000
2019.06.19 19:45:06.692,1.12312,1.12315,1000000,3450000
2019.06.19 19:45:06.845,1.12314,1.12317,5440000,1000000
2019.06.19 19:45:06.947,1.12315,1.12317,1250000,2250000
2019.06.19 19:45:07.051,1.12315,1.12318,3000000,3190000
2019.06.19 19:45:07.375,1.12315,1.12317,1120000,3490000
2019.06.19 19:45:07.579,1.12316,1.12317,1120000,1000000
2019.06.19 19:45:07.739,1.12318,1.1232,1500000,4570000
2019.06.19 19:45:07.791,1.12321,1.12323,1610000,1000000
2019.06.19 19:45:07.894,1.1232,1.12323,3500000,1870000
2019.06.19 19:45:08.428,1.12321,1.12323,3370000,1000000
2019.06.19 19:45:08.530,1.1232,1.12323,2440000,2810000
2019.06.19 19:45:08.796,1.1232,1.12323,2560000,3000000
2019.06.19 19:45:08.898,1.1232,1.12323,1150000,2440000
2019.06.19 19:45:09.816,1.12321,1.12323,1150000,1000000
2019.06.19 19:45:09.918,1.1232,1.12323,1150000,3190000
2019.06.19 19:45:11.121,1.12321,1.12323,1250000,1000000
2019.06.19 19:45:11.223,1.12322,1.12327,1700000,8440000
2019.06.19 19:45:11.332,1.12322,1.12327,1120000,10890000
2019.06.19 19:45:11.540,1.12323,1.12325,1500000,1120000
2019.06.19 19:45:11.591,1.12321,1.12324,3190000,1120000
2019.06.19 19:45:11.715,1.1232,1.12323,1000000,1870000
2019.06.19 19:45:11.818,1.1232,1.12323,1000000,6950000
2019.06.19 19:45:11.919,1.12321,1.12325,4440000,1120000
2019.06.19 19:45:12.157,1.12322,1.12325,1870000,2620000
2019.06.19 19:45:12.259,1.12323,1.12326,1250000,1000000
2019.06.19 19:45:14.092,1.12323,1.12327,1690000,1500000
2019.06.19 19:45:14.200,1.12322,1.12323,1000000,4120000
2019.06.19 19:45:14.305,1.12321,1.12322,1870000,1000000
2019.06.19 19:45:14.356,1.12319,1.12323,3310000,4870000
2019.06.19 19:45:14.553,1.1232,1.12323,5640000,1000000
2019.06.19 19:45:14.859,1.12319,1.12321,2500000,3370000
2019.06.19 19:45:14.961,1.12319,1.12322,1120000,1870000
2019.06.19 19:45:15.378,1.12318,1.12319,1000000,3370000
2019.06.19 19:45:15.481,1.12314,1.12317,1870000,1760000
2019.06.19 19:45:15.630,1.12313,1.12316,1000000,2250000
2019.06.19 19:45:18.389,1.12313,1.12316,4000000,2250000
2019.06.19 19:45:18.491,1.12313,1.12316,4310000,2250000
2019.06.19 19:45:19.864,1.12313,1.12317,2700000,2250000
2019.06.19 19:45:19.966,1.12314,1.12317,1870000,1000000
2019.06.19 19:45:20.360,1.12313,1.12317,2620000,3000000
2019.06.19 19:45:22.589,1.12313,1.12314,2810000,1000000
2019.06.19 19:45:22.641,1.12311,1.12313,1000000,1000000
2019.06.19 19:45:22.744,1.12311,1.12315,4570000,1000000
2019.06.19 19:45:23.050,1.12311,1.12314,1000000,1000000
2019.06.19 19:45:23.156,1.12312,1.12315,2700000,1000000
2019.06.19 19:45:28.257,1.12312,1.12314,1000000,1000000
2019.06.19 19:45:28.359,1.12312,1.12315,1870000,1000000
2019.06.19 19:45:28.647,1.12312,1.12314,1000000,1000000
2019.06.19 19:45:28.970,1.1231,1.12312,1000000,1950000
2019.06.19 19:45:29.124,1.12308,1.12311,1000000,6000000
2019.06.19 19:45:29.574,1.12309,1.12311,3000000,1000000
2019.06.19 19:45:30.010,1.12308,1.12311,1500000,3750000
2019.06.19 19:45:31.319,1.12309,1.12311,2250000,1000000
2019.06.19 19:45:31.421,1.12308,1.12311,1000000,3750000
2019.06.19 19:45:31.523,1.12309,1.12311,2320000,1000000
2019.06.19 19:45:31.574,1.12305,1.12307,3000000,3950000
2019.06.19 19:45:31.689,1.12305,1.12307,1120000,1500000
2019.06.19 19:45:31.792,1.12305,1.12307,1120000,3810000
2019.06.19 19:45:32.398,1.12305,1.12307,2120000,1000000
2019.06.19 19:45:32.501,1.12305,1.12307,1000000,1000000
2019.06.19 19:45:32.938,1.12304,1.12306,1000000,2440000
2019.06.19 19:45:33.042,1.12303,1.12307,1870000,7550000
2019.06.19 19:45:33.145,1.12303,1.12307,2620000,5250000
2019.06.19 19:45:33.247,1.12304,1.12307,3370000,1500000
2019.06.19 19:45:33.455,1.12304,1.12306,1500000,1870000
2019.06.19 19:45:33.557,1.12303,1.12306,1500000,3000000
2019.06.19 19:45:33.748,1.12302,1.12304,2500000,3000000
2019.06.19 19:45:33.909,1.12302,1.12304,1250000,1050000
2019.06.19 19:45:34.012,1.12302,1.12304,1000000,2550000
2019.06.19 19:45:34.115,1.12302,1.12305,2890000,1870000
2019.06.19 19:45:34.682,1.12304,1.12306,1750000,3000000
2019.06.19 19:45:34.734,1.12304,1.12307,1200000,6940000
2019.06.19 19:45:34.812,1.12304,1.12307,2120000,6750000
2019.06.19 19:45:34.863,1.12304,1.12307,1120000,7620000
2019.06.19 19:45:35.029,1.12304,1.12308,3370000,6870000
2019.06.19 19:45:35.499,1.12306,1.12308,1500000,1000000
2019.06.19 19:45:35.601,1.12306,1.12309,4500000,1000000
2019.06.19 19:45:36.880,1.12306,1.12308,1000000,1000000
2019.06.19 19:45:37.097,1.12306,1.12309,2620000,1000000
2019.06.19 19:45:37.199,1.12306,1.12308,1000000,1000000
2019.06.19 19:45:37.283,1.12306,1.1231,4760000,2620000
2019.06.19 19:45:37.335,1.12308,1.12309,1000000,2250000
2019.06.19 19:45:37.491,1.12308,1.1231,1870000,1000000
2019.06.19 19:45:37.594,1.12307,1.1231,2620000,2620000
2019.06.19 19:45:37.871,1.12307,1.12309,1000000,2620000
2019.06.19 19:45:37.973,1.12308,1.1231,1000000,1000000
2019.06.19 19:45:39.017,1.1231,1.12312,2370000,1000000
2019.06.19 19:45:39.127,1.12309,1.12312,1500000,4190000
2019.06.19 19:45:39.230,1.12309,1.12312,2560000,1500000
2019.06.19 19:45:39.332,1.12311,1.12313,1870000,2000000
2019.06.19 19:45:39.485,1.1231,1.12314,5940000,5060000
2019.06.19 19:45:39.587,1.12313,1.12314,3000000,3370000
2019.06.19 19:45:39.680,1.12314,1.12316,1100000,4190000
2019.06.19 19:45:39.782,1.12314,1.12317,5700000,1000000
2019.06.19 19:45:39.884,1.12313,1.12317,5700000,5320000
2019.06.19 19:45:40.325,1.12314,1.12317,1500000,1120000
2019.06.19 19:45:40.377,1.12316,1.12317,1000000,1500000
2019.06.19 19:45:40.429,1.12317,1.12321,1760000,4620000
2019.06.19 19:45:40.582,1.12317,1.1232,2250000,4550000
2019.06.19 19:45:40.704,1.12318,1.12322,3310000,2250000
2019.06.19 19:45:40.806,1.12319,1.12322,3310000,1000000
2019.06.19 19:45:41.010,1.1232,1.12323,3450000,3190000
2019.06.19 19:45:41.128,1.12321,1.12323,1120000,2250000
2019.06.19 19:45:41.232,1.12319,1.12322,1500000,1250000
2019.06.19 19:45:41.436,1.12318,1.12322,1870000,5620000
2019.06.19 19:45:41.611,1.12319,1.12322,2620000,1000000
2019.06.19 19:45:42.232,1.12318,1.12322,1870000,3750000
2019.06.19 19:45:43.151,1.12318,1.12321,1570000,6000000
2019.06.19 19:45:43.254,1.12319,1.12322,8500000,1000000
2019.06.19 19:45:43.356,1.12318,1.12322,7000000,3750000
2019.06.19 19:45:44.191,1.12319,1.12322,5500000,1000000
2019.06.19 19:45:44.295,1.12318,1.12321,1250000,3750000
2019.06.19 19:45:44.346,1.12321,1.12323,7010000,2250000
2019.06.19 19:45:44.449,1.12319,1.12323,5320000,5500000
2019.06.19 19:45:44.552,1.12319,1.12323,4500000,5620000
2019.06.19 19:45:44.674,1.12319,1.12323,4250000,4940000
2019.06.19 19:45:44.776,1.12319,1.12322,2370000,1570000
2019.06.19 19:45:49.254,1.12317,1.12321,2120000,5350000
2019.06.19 19:45:49.357,1.12317,1.12321,2500000,2170000
2019.06.19 19:45:51.851,1.12318,1.1232,1250000,1500000
2019.06.19 19:45:51.952,1.12318,1.12319,1000000,1500000
2019.06.19 19:45:52.767,1.12317,1.12321,1750000,4120000
2019.06.19 19:45:52.869,1.12317,1.12321,1560000,5560000
2019.06.19 19:45:52.972,1.12319,1.1232,1250000,1000000
2019.06.19 19:45:53.089,1.12317,1.12321,1310000,5370000
2019.06.19 19:45:53.437,1.12318,1.12321,2120000,1120000
2019.06.19 19:45:53.539,1.12317,1.12321,1310000,5370000
2019.06.19 19:45:54.173,1.12317,1.12321,1750000,5000000
2019.06.19 19:45:54.682,1.12317,1.12319,1000000,2820000
2019.06.19 19:45:54.733,1.12314,1.12317,1000000,5140000
2019.06.19 19:45:54.837,1.12314,1.12317,2250000,1000000
2019.06.19 19:45:54.939,1.12313,1.12317,1500000,5620000
2019.06.19 19:45:55.280,1.12314,1.12317,3750000,1000000
2019.06.19 19:45:55.382,1.12313,1.12317,1500000,6370000
2019.06.19 19:45:55.433,1.12313,1.12314,1500000,2250000
2019.06.19 19:45:55.545,1.1231,1.12313,1500000,1100000
2019.06.19 19:45:55.647,1.12312,1.12314,4320000,1000000
2019.06.19 19:45:55.750,1.12312,1.12316,3370000,2620000
2019.06.19 19:45:56.160,1.12313,1.12316,6000000,1000000
2019.06.19 19:45:56.603,1.12312,1.12316,3000000,3750000
2019.06.19 19:45:56.747,1.12313,1.12316,3620000,1000000
2019.06.19 19:45:56.799,1.12314,1.12317,1250000,3000000
2019.06.19 19:45:56.901,1.12314,1.12317,1000000,3620000
2019.06.19 19:45:57.002,1.12314,1.12318,4760000,3000000
2019.06.19 19:45:57.353,1.12314,1.12317,2250000,3000000
2019.06.19 19:45:57.679,1.12314,1.12318,5890000,3000000
2019.06.19 19:45:57.781,1.12314,1.12317,1000000,3000000
2019.06.19 19:45:58.450,1.12313,1.12315,1120000,2550000
2019.06.19 19:45:58.555,1.12312,1.12314,3190000,1050000
2019.06.19 19:45:58.606,1.1231,1.12314,3190000,2620000
2019.06.19 19:45:58.888,1.1231,1.12314,1710000,1500000
2019.06.19 19:45:58.991,1.1231,1.12314,1310000,1000000
2019.06.19 19:45:59.371,1.1231,1.12314,2160000,1100000
2019.06.19 19:45:59.472,1.1231,1.12314,2510000,3070000
2019.06.19 19:46:00.130,1.12309,1.12312,1000000,3670000
2019.06.19 19:46:00.313,1.12308,1.12311,1000000,4500000
2019.06.19 19:46:00.416,1.12309,1.12311,1000000,1000000
2019.06.19 19:46:00.647,1.12308,1.12311,1100000,4500000
2019.06.19 19:46:01.442,1.12309,1.12312,2250000,1000000
2019.06.19 19:46:02.293,1.12308,1.12312,1870000,3750000
2019.06.19 19:46:02.678,1.1231,1.12311,1000000,1000000
2019.06.19 19:46:02.889,1.12308,1.12312,3560000,3190000
2019.06.19 19:46:04.684,1.12309,1.12312,1120000,1500000
2019.06.19 19:46:05.402,1.1231,1.12313,3120000,1000000
2019.06.19 19:46:05.506,1.1231,1.12313,1000000,4570000
2019.06.19 19:46:05.609,1.1231,1.12314,1870000,1690000
2019.06.19 19:46:05.710,1.1231,1.12314,1520000,1250000
2019.06.19 19:46:05.812,1.1231,1.12314,1120000,1000000
2019.06.19 19:46:07.184,1.1231,1.12314,1600000,1000000
2019.06.19 19:46:08.684,1.1231,1.12314,1200000,1400000
2019.06.19 19:46:08.736,1.12312,1.12315,1000000,2750000
2019.06.19 19:46:08.838,1.12312,1.12316,4200000,2000000
2019.06.19 19:46:09.498,1.12312,1.12315,1500000,6500000
2019.06.19 19:46:09.649,1.12312,1.12316,4120000,6500000
2019.06.19 19:46:09.852,1.12312,1.12316,4620000,3870000
2019.06.19 19:46:12.063,1.12313,1.12317,3370000,1500000
2019.06.19 19:46:12.488,1.12313,1.12316,1000000,3000000
2019.06.19 19:46:12.763,1.12313,1.12317,2620000,2250000
2019.06.19 19:46:13.129,1.12313,1.12316,1000000,3000000
2019.06.19 19:46:13.237,1.12313,1.12317,1120000,2810000
2019.06.19 19:46:14.515,1.12313,1.12317,1870000,6690000
2019.06.19 19:46:14.618,1.12313,1.12316,1000000,7990000
2019.06.19 19:46:14.775,1.12313,1.12317,1870000,4240000
2019.06.19 19:46:15.000,1.12313,1.12317,4120000,4340000
2019.06.19 19:46:15.184,1.12313,1.12317,4120000,4340000
2019.06.19 19:46:17.136,1.12313,1.12317,1870000,7760000
2019.06.19 19:46:17.238,1.12315,1.12317,1120000,1000000
2019.06.19 19:46:17.340,1.12316,1.1232,2370000,1000000
2019.06.19 19:46:18.288,1.12316,1.1232,2250000,1000000
2019.06.19 19:46:19.162,1.12315,1.12318,4120000,1500000
2019.06.19 19:46:19.265,1.12314,1.12316,1000000,1000000
2019.06.19 19:46:19.367,1.12314,1.12317,3750000,1000000
2019.06.19 19:46:19.808,1.12314,1.12316,1000000,1000000
2019.06.19 19:46:19.996,1.12314,1.12317,4120000,1000000
2019.06.19 19:46:20.148,1.12314,1.12316,1000000,1000000
2019.06.19 19:46:20.269,1.12312,1.12313,1500000,4500000
2019.06.19 19:46:20.321,1.1231,1.12312,1500000,1120000
2019.06.19 19:46:21.023,1.12309,1.12312,2240000,1120000
2019.06.19 19:46:21.234,1.12309,1.12311,1500000,1870000
2019.06.19 19:46:21.785,1.12307,1.12308,1000000,1500000
2019.06.19 19:46:21.887,1.12306,1.12307,1000000,1000000
2019.06.19 19:46:22.273,1.12305,1.12307,1000000,2250000
2019.06.19 19:46:25.752,1.12307,1.12309,1500000,2250000
2019.06.19 19:46:25.945,1.12308,1.12309,1000000,1000000
2019.06.19 19:46:26.621,1.12308,1.1231,1870000,1000000
2019.06.19 19:46:26.824,1.12308,1.12309,1000000,1000000
2019.06.19 19:46:27.067,1.12308,1.1231,1870000,1000000
2019.06.19 19:46:27.169,1.12307,1.1231,1120000,3000000
2019.06.19 19:46:27.272,1.12307,1.12311,1950000,4200000
2019.06.19 19:46:27.868,1.12308,1.12312,5560000,1000000
2019.06.19 19:46:28.223,1.12308,1.12311,1620000,1500000
2019.06.19 19:46:33.568,1.12308,1.12311,1870000,3750000
2019.06.19 19:46:33.827,1.12306,1.1231,2810000,6620000
2019.06.19 19:46:34.444,1.12306,1.1231,1500000,5620000
2019.06.19 19:46:34.547,1.12309,1.12311,1120000,3000000
2019.06.19 19:46:34.649,1.12309,1.12312,1200000,2500000
2019.06.19 19:46:35.174,1.1231,1.12313,5060000,3940000
2019.06.19 19:46:35.327,1.1231,1.12313,1150000,4610000
2019.06.19 19:46:35.447,1.12311,1.12314,1750000,1120000
2019.06.19 19:46:35.551,1.12311,1.12314,1000000,1120000
2019.06.19 19:46:35.653,1.1231,1.12313,1500000,4140000
2019.06.19 19:46:35.907,1.12311,1.12314,1500000,1120000
2019.06.19 19:46:36.009,1.1231,1.12314,1400000,4890000
2019.06.19 19:46:36.212,1.1231,1.12314,1000000,11260000
2019.06.19 19:46:36.315,1.1231,1.12314,1400000,8290000
2019.06.19 19:46:40.338,1.12312,1.12316,3370000,4570000
2019.06.19 19:46:40.542,1.12313,1.12315,1000000,3000000
2019.06.19 19:46:40.678,1.12313,1.12316,1500000,2620000
2019.06.19 19:46:40.787,1.12313,1.12315,1000000,4870000
2019.06.19 19:46:40.913,1.12313,1.12316,1500000,3370000
2019.06.19 19:46:41.066,1.12313,1.12315,1500000,4870000
2019.06.19 19:46:41.169,1.12313,1.12316,1500000,3500000
2019.06.19 19:46:41.962,1.12313,1.12317,3560000,4940000
2019.06.19 19:46:43.421,1.12314,1.12318,8370000,2000000
2019.06.19 19:46:45.158,1.12314,1.12316,2250000,1500000
2019.06.19 19:46:45.262,1.12311,1.12314,1400000,2440000
2019.06.19 19:46:46.367,1.12311,1.12313,1000000,1250000
2019.06.19 19:46:48.962,1.1231,1.12313,1870000,1500000
2019.06.19 19:46:52.595,1.12311,1.12313,1120000,1500000
2019.06.19 19:46:53.842,1.1231,1.12312,1000000,1120000
2019.06.19 19:46:53.945,1.12309,1.12313,1310000,6620000
2019.06.19 19:46:54.047,1.1231,1.12313,3190000,2190000
2019.06.19 19:46:54.800,1.1231,1.12313,1120000,1120000
2019.06.19 19:46:55.234,1.1231,1.12312,1000000,2320000
2019.06.19 19:46:56.104,1.12309,1.12313,1120000,6690000
2019.06.19 19:46:56.410,1.1231,1.12312,1000000,1870000
2019.06.19 19:46:56.511,1.12309,1.12313,4870000,3870000
2019.06.19 19:46:56.804,1.12309,1.12313,3370000,1500000
2019.06.19 19:46:56.906,1.12309,1.12313,1870000,5810000
2019.06.19 19:46:57.008,1.12309,1.12312,1000000,8060000
2019.06.19 19:46:57.363,1.1231,1.12313,1500000,1120000
2019.06.19 19:46:57.464,1.1231,1.12312,1000000,1120000
2019.06.19 19:46:57.566,1.1231,1.12313,1500000,1120000
2019.06.19 19:46:58.384,1.1231,1.12312,1000000,2250000
2019.06.19 19:46:58.897,1.1231,1.12313,3000000,2620000
2019.06.19 19:47:01.801,1.12311,1.12313,1000000,1000000
2019.06.19 19:47:01.923,1.12312,1.12315,3000000,1000000
2019.06.19 19:47:04.916,1.1231,1.12313,1000000,4340000
2019.06.19 19:47:05.019,1.12309,1.12312,1000000,3500000
2019.06.19 19:47:07.134,1.12309,1.12313,3260000,2450000
2019.06.19 19:47:08.090,1.1231,1.12313,1000000,6950000
2019.06.19 19:47:08.192,1.1231,1.12313,3120000,1500000
2019.06.19 19:47:08.360,1.12311,1.12313,5370000,1000000
2019.06.19 19:47:08.566,1.1231,1.12313,4620000,1000000
2019.06.19 19:47:09.120,1.1231,1.12313,3370000,1000000
2019.06.19 19:47:10.769,1.1231,1.12313,1200000,4810000
2019.06.19 19:47:11.115,1.1231,1.12313,2370000,1760000
2019.06.19 19:47:11.233,1.12309,1.12313,4010000,3070000
2019.06.19 19:47:12.169,1.12309,1.12313,5260000,1570000
2019.06.19 19:47:12.650,1.1231,1.12313,2060000,2250000
2019.06.19 19:47:12.874,1.12311,1.12314,1520000,1000000
2019.06.19 19:47:13.376,1.1231,1.12312,1000000,5810000
2019.06.19 19:47:13.645,1.1231,1.12313,1500000,2250000
2019.06.19 19:47:13.748,1.12311,1.12313,2250000,1000000
2019.06.19 19:47:13.952,1.1231,1.12313,1120000,2250000
2019.06.19 19:47:14.054,1.1231,1.12313,1120000,3250000
2019.06.19 19:47:14.206,1.1231,1.12313,1120000,2250000
2019.06.19 19:47:14.461,1.12311,1.12313,1120000,1250000
2019.06.19 19:47:14.563,1.1231,1.12312,1000000,5500000
2019.06.19 19:47:16.460,1.12312,1.12314,2590000,1000000
2019.06.19 19:47:16.563,1.12311,1.12314,4090000,2060000
2019.06.19 19:47:17.515,1.12312,1.12314,2960000,1000000
2019.06.19 19:47:17.899,1.12311,1.12314,2210000,1250000
2019.06.19 19:47:24.237,1.1231,1.12311,1000000,2440000
2019.06.19 19:47:24.340,1.12303,1.12305,4500000,1750000
2019.06.19 19:47:24.442,1.123,1.12303,2250000,1940000
2019.06.19 19:47:24.547,1.123,1.12302,1120000,1500000
2019.06.19 19:47:24.649,1.12299,1.12302,1870000,1500000
2019.06.19 19:47:24.700,1.12298,1.12302,1120000,7200000
2019.06.19 19:47:25.586,1.12298,1.12302,5560000,5440000
2019.06.19 19:47:26.519,1.12298,1.12302,1310000,3560000
2019.06.19 19:47:26.830,1.12299,1.12303,5070000,3070000
2019.06.19 19:47:26.932,1.123,1.12303,5640000,1000000
2019.06.19 19:47:27.035,1.12301,1.12302,1000000,1000000
2019.06.19 19:47:27.086,1.12299,1.12302,2250000,1500000
2019.06.19 19:47:27.210,1.12298,1.12303,9820000,5810000
2019.06.19 19:47:27.313,1.12298,1.12302,4640000,1500000
2019.06.19 19:47:27.415,1.12299,1.12301,1000000,1500000
2019.06.19 19:47:27.517,1.12298,1.12302,4120000,1500000
2019.06.19 19:47:27.641,1.12299,1.12302,1120000,1000000
2019.06.19 19:47:28.047,1.12298,1.12302,1120000,2250000
2019.06.19 19:47:28.441,1.12299,1.12302,1870000,1000000
2019.06.19 19:47:28.963,1.12298,1.12302,1120000,2250000
2019.06.19 19:47:29.966,1.12299,1.12302,4120000,1000000
2019.06.19 19:47:30.068,1.12298,1.12302,1120000,3000000
2019.06.19 19:47:32.406,1.12298,1.12302,1120000,3120000
2019.06.19 19:47:33.820,1.12298,1.12302,1120000,3750000
2019.06.19 19:47:33.973,1.12298,1.12299,5810000,1120000
2019.06.19 19:47:34.025,1.12293,1.12298,3750000,10260000
2019.06.19 19:47:34.127,1.12293,1.12298,7250000,5440000
2019.06.19 19:47:34.421,1.12293,1.12295,1870000,2620000
2019.06.19 19:47:34.524,1.12293,1.12297,3000000,3870000
2019.06.19 19:47:35.687,1.12295,1.12297,1870000,1000000
2019.06.19 19:47:35.918,1.12294,1.12297,1870000,2620000
2019.06.19 19:47:36.021,1.12297,1.12299,1520000,1120000
2019.06.19 19:47:36.149,1.12297,1.12301,4190000,3750000
2019.06.19 19:47:36.253,1.12298,1.12301,4940000,1000000
2019.06.19 19:47:36.354,1.12297,1.12301,4190000,3750000
2019.06.19 19:47:36.843,1.12298,1.12301,1500000,1000000
2019.06.19 19:47:36.945,1.12301,1.12302,1120000,1000000
2019.06.19 19:47:37.074,1.123,1.12303,4120000,1870000
2019.06.19 19:47:37.176,1.12299,1.12302,1620000,1000000
2019.06.19 19:47:38.110,1.12299,1.12302,1120000,1500000
2019.06.19 19:47:38.910,1.123,1.12302,1870000,1000000
2019.06.19 19:47:39.012,1.12299,1.12302,1500000,3000000
2019.06.19 19:47:40.270,1.123,1.12302,2250000,1000000
2019.06.19 19:47:41.329,1.12299,1.12302,1500000,1870000
2019.06.19 19:47:41.507,1.123,1.12302,2250000,1000000
2019.06.19 19:47:41.886,1.12299,1.12302,1500000,1500000
2019.06.19 19:47:42.312,1.12301,1.12302,3370000,1000000
2019.06.19 19:47:42.768,1.123,1.12302,3370000,1500000
2019.06.19 19:47:43.992,1.12301,1.12303,1120000,1000000
2019.06.19 19:47:44.095,1.12301,1.12302,2250000,1000000
2019.06.19 19:47:44.198,1.123,1.12302,2250000,3000000
2019.06.19 19:47:44.302,1.12301,1.12302,2250000,1000000
2019.06.19 19:47:44.416,1.12301,1.12303,1500000,1000000
2019.06.19 19:47:44.725,1.123,1.12303,1500000,3000000
2019.06.19 19:47:45.089,1.12299,1.12301,1120000,1000000
2019.06.19 19:47:45.203,1.12298,1.12301,3190000,1870000
2019.06.19 19:47:45.357,1.12298,1.12301,1120000,4620000
2019.06.19 19:47:46.201,1.12298,1.12302,3750000,4440000
2019.06.19 19:47:46.405,1.12298,1.12301,1000000,5190000
2019.06.19 19:47:46.508,1.12298,1.12302,5250000,4440000
2019.06.19 19:47:46.609,1.12298,1.12302,5750000,4690000
2019.06.19 19:47:46.711,1.12299,1.12301,2620000,1000000
2019.06.19 19:47:46.929,1.12298,1.12302,4500000,4690000
2019.06.19 19:47:47.237,1.12299,1.12301,1000000,1000000
2019.06.19 19:47:47.538,1.12298,1.12302,6000000,5440000
2019.06.19 19:47:47.640,1.12299,1.12301,1500000,1000000
2019.06.19 19:47:47.742,1.12298,1.12302,6000000,6940000
2019.06.19 19:47:48.075,1.12298,1.12301,1250000,1000000
2019.06.19 19:47:50.390,1.12299,1.12301,2060000,1000000
2019.06.19 19:47:50.492,1.12298,1.12301,1310000,1000000
2019.06.19 19:47:52.213,1.12297,1.12298,1000000,1000000
2019.06.19 19:47:52.264,1.12295,1.12298,3870000,2620000
2019.06.19 19:47:54.006,1.12297,1.12298,1000000,1000000
2019.06.19 19:47:54.108,1.12298,1.123,1310000,1000000
2019.06.19 19:47:54.313,1.12297,1.123,1120000,3750000
2019.06.19 19:47:55.018,1.12297,1.12301,3940000,3750000
2019.06.19 19:47:55.120,1.12298,1.12301,2060000,1000000
2019.06.19 19:47:55.323,1.12297,1.12302,10310000,3750000
2019.06.19 19:47:55.748,1.12297,1.123,1000000,4500000
2019.06.19 19:47:56.572,1.12298,1.123,1500000,1000000
2019.06.19 19:47:57.568,1.12297,1.12301,1690000,3820000
2019.06.19 19:48:01.461,1.12298,1.12301,5810000,1000000
2019.06.19 19:48:01.954,1.12298,1.123,1000000,1000000
2019.06.19 19:48:02.615,1.12298,1.123,2870000,1000000
2019.06.19 19:48:02.718,1.12298,1.123,1250000,1000000
2019.06.19 19:48:03.232,1.12299,1.123,1250000,1000000
2019.06.19 19:48:03.765,1.12298,1.123,1690000,1500000
2019.06.19 19:48:07.291,1.12299,1.123,1250000,1000000
2019.06.19 19:48:08.184,1.12298,1.123,1250000,2250000
2019.06.19 19:48:09.394,1.123,1.12302,1250000,4120000
2019.06.19 19:48:09.522,1.12301,1.12303,3940000,1000000
2019.06.19 19:48:09.573,1.123,1.12303,4000000,3000000
2019.06.19 19:48:09.676,1.12299,1.12301,1120000,3060000
2019.06.19 19:48:09.778,1.12299,1.12301,1120000,1870000
2019.06.19 19:48:09.893,1.123,1.12301,1120000,1000000
2019.06.19 19:48:10.068,1.12299,1.12301,1120000,1870000
2019.06.19 19:48:11.288,1.12298,1.123,1370000,1500000
2019.06.19 19:48:12.241,1.12299,1.12301,1310000,1000000
2019.06.19 19:48:12.343,1.12298,1.12302,1500000,1500000
2019.06.19 19:48:12.596,1.12299,1.12302,6000000,1000000
2019.06.19 19:48:14.041,1.123,1.12302,4500000,1000000
2019.06.19 19:48:14.650,1.12299,1.123,1000000,1000000
2019.06.19 19:48:14.753,1.12298,1.12299,2250000,1000000
2019.06.19 19:48:14.898,1.12297,1.123,8820000,1000000
2019.06.19 19:48:15.000,1.12296,1.123,4700000,3940000
2019.06.19 19:48:15.102,1.12297,1.12299,3000000,1000000
2019.06.19 19:48:15.204,1.12296,1.123,8070000,3940000
2019.06.19 19:48:16.220,1.12297,1.12299,1120000,1000000
2019.06.19 19:48:16.430,1.12296,1.12298,2620000,1690000
2019.06.19 19:48:17.153,1.12295,1.12297,2980000,1000000
2019.06.19 19:48:17.306,1.12294,1.12297,2250000,1500000
2019.06.19 19:48:17.597,1.12295,1.12297,2320000,1000000
2019.06.19 19:48:17.699,1.12294,1.12297,3820000,1500000
2019.06.19 19:48:18.660,1.12295,1.12297,3000000,1000000
2019.06.19 19:48:18.762,1.12294,1.12297,5320000,1500000
2019.06.19 19:48:22.195,1.12294,1.12297,2750000,3750000
2019.06.19 19:48:22.510,1.12294,1.12297,2250000,3940000
2019.06.19 19:48:24.443,1.12296,1.12297,1120000,1000000
2019.06.19 19:48:24.546,1.12296,1.12299,1620000,4500000
2019.06.19 19:48:24.711,1.12298,1.12301,4410000,1000000
2019.06.19 19:48:25.091,1.12297,1.123,2060000,1500000
2019.06.19 19:48:25.194,1.12297,1.123,3070000,1000000
2019.06.19 19:48:25.320,1.12298,1.123,1820000,1000000
2019.06.19 19:48:25.422,1.12298,1.123,1250000,1000000
2019.06.19 19:48:26.198,1.12297,1.12301,2010000,3370000
2019.06.19 19:48:26.299,1.12298,1.12301,5760000,1000000
2019.06.19 19:48:27.457,1.12297,1.12301,3510000,4120000
2019.06.19 19:48:27.970,1.12298,1.12301,5760000,1000000
2019.06.19 19:48:28.072,1.12297,1.12301,2010000,4870000
2019.06.19 19:48:28.273,1.12299,1.12301,1500000,1500000
2019.06.19 19:48:28.326,1.123,1.12302,1200000,1000000
2019.06.19 19:48:28.530,1.12299,1.12303,6950000,1000000
2019.06.19 19:48:29.622,1.123,1.12301,1000000,1000000
2019.06.19 19:48:29.724,1.12299,1.12302,3750000,1000000
2019.06.19 19:48:31.446,1.123,1.12303,5820000,1000000
2019.06.19 19:48:31.600,1.12299,1.12302,1120000,2250000
2019.06.19 19:48:33.070,1.123,1.12302,1870000,1000000
2019.06.19 19:48:34.169,1.12299,1.12303,8450000,1000000
2019.06.19 19:48:36.410,1.12302,1.12303,1000000,1000000
2019.06.19 19:48:36.528,1.12302,1.12306,9560000,1000000
2019.06.19 19:48:36.630,1.12303,1.12305,2440000,1000000
2019.06.19 19:48:37.323,1.12302,1.12306,5620000,4310000
2019.06.19 19:48:37.477,1.12303,1.12306,2750000,1000000
2019.06.19 19:48:37.800,1.12302,1.12306,2560000,4120000
2019.06.19 19:48:39.157,1.12303,1.12306,2750000,1000000
2019.06.19 19:48:39.261,1.12304,1.12307,1250000,1500000
2019.06.19 19:48:39.364,1.12305,1.12307,1310000,1000000
2019.06.19 19:48:39.579,1.12304,1.12307,4690000,1000000
2019.06.19 19:48:39.681,1.12305,1.12307,3940000,1000000
2019.06.19 19:48:39.862,1.12304,1.12307,1690000,1000000
2019.06.19 19:48:40.067,1.12305,1.12307,1120000,1000000
2019.06.19 19:48:41.120,1.12304,1.12307,1870000,1250000
2019.06.19 19:48:41.324,1.12304,1.12305,2620000,1000000
2019.06.19 19:48:41.375,1.12301,1.12304,3570000,3260000
2019.06.19 19:48:41.793,1.12301,1.12305,2070000,3750000
2019.06.19 19:48:41.895,1.12302,1.12305,2250000,1000000
2019.06.19 19:48:42.257,1.12303,1.12305,2250000,1000000
2019.06.19 19:48:42.359,1.12304,1.12307,1870000,1000000
2019.06.19 19:48:43.131,1.12306,1.12308,1500000,1000000
2019.06.19 19:48:43.234,1.12306,1.12309,5200000,1120000
2019.06.19 19:48:43.625,1.12305,1.12309,1520000,2250000
2019.06.19 19:48:43.728,1.12306,1.12308,1400000,1000000
2019.06.19 19:48:43.840,1.12305,1.12309,3770000,1500000
2019.06.19 19:48:44.773,1.12304,1.12308,4120000,3000000
2019.06.19 19:48:45.363,1.12304,1.12307,1000000,3000000
2019.06.19 19:48:46.846,1.12305,1.12307,1000000,1000000
2019.06.19 19:48:47.446,1.12305,1.12307,1500000,1000000
2019.06.19 19:48:48.181,1.12304,1.12307,2250000,6000000
2019.06.19 19:48:48.328,1.12303,1.12307,4500000,3750000
2019.06.19 19:48:48.431,1.12303,1.12307,3870000,5700000
2019.06.19 19:48:48.535,1.12304,1.12307,4870000,1500000
2019.06.19 19:48:49.931,1.12303,1.12307,4500000,6370000
2019.06.19 19:48:50.033,1.12303,1.12307,7620000,6370000
2019.06.19 19:48:50.186,1.12303,1.12307,5250000,6370000
2019.06.19 19:48:51.062,1.12304,1.12306,1000000,1000000
2019.06.19 19:48:51.165,1.123,1.12303,2370000,3690000
2019.06.19 19:48:51.267,1.123,1.12302,2750000,1000000
2019.06.19 19:48:51.369,1.12298,1.12302,2750000,4950000
2019.06.19 19:48:52.210,1.12298,1.123,1000000,1500000
2019.06.19 19:48:52.312,1.12298,1.12301,1310000,1000000
2019.06.19 19:48:52.616,1.12297,1.12301,3560000,7200000
2019.06.19 19:48:52.717,1.12298,1.12301,4500000,1000000
2019.06.19 19:48:52.819,1.12297,1.123,1000000,5250000
2019.06.19 19:48:53.311,1.12298,1.12301,2810000,1000000
2019.06.19 19:48:53.413,1.12297,1.123,4310000,1000000
2019.06.19 19:48:53.516,1.12296,1.123,2060000,3070000
2019.06.19 19:48:54.087,1.12297,1.12299,1000000,1000000
2019.06.19 19:48:54.216,1.12296,1.123,2440000,3070000
2019.06.19 19:48:54.267,1.12298,1.12301,4690000,1500000
2019.06.19 19:48:56.979,1.12297,1.12301,6190000,3000000
2019.06.19 19:48:57.571,1.12297,1.123,1250000,2250000
2019.06.19 19:48:57.793,1.12298,1.12301,3000000,1120000
2019.06.19 19:48:57.947,1.12298,1.123,1000000,1000000
2019.06.19 19:48:58.190,1.12298,1.12301,1250000,1500000
2019.06.19 19:48:59.357,1.12299,1.12301,1250000,1000000
2019.06.19 19:48:59.459,1.123,1.12303,1570000,4690000
2019.06.19 19:48:59.638,1.12299,1.12303,2510000,5810000
2019.06.19 19:48:59.842,1.12299,1.12302,1000000,6190000
2019.06.19 19:48:59.944,1.12299,1.12303,3190000,5440000
2019.06.19 19:49:00.686,1.123,1.12303,5810000,1000000
2019.06.19 19:49:00.800,1.12299,1.12303,3560000,5810000
2019.06.19 19:49:01.117,1.123,1.12303,1690000,1500000
2019.06.19 19:49:01.294,1.12299,1.12303,2160000,5440000
2019.06.19 19:49:01.686,1.123,1.12303,2830000,1000000
2019.06.19 19:49:02.129,1.12299,1.12301,1250000,1500000
2019.06.19 19:49:02.231,1.12298,1.123,1000000,7870000
2019.06.19 19:49:02.392,1.123,1.12302,3870000,1000000
2019.06.19 19:49:02.713,1.12299,1.123,1000000,1250000
2019.06.19 19:49:03.713,1.12294,1.12296,1500000,3940000
2019.06.19 19:49:03.917,1.12293,1.12296,1500000,5440000
2019.06.19 19:49:04.019,1.12293,1.12296,1500000,4750000
2019.06.19 19:49:04.136,1.12293,1.12296,2000000,1500000
2019.06.19 19:49:04.188,1.12292,1.12294,1500000,4760000
2019.06.19 19:49:04.292,1.12291,1.12293,1500000,10570000
2019.06.19 19:49:04.396,1.12293,1.12295,1250000,1000000
2019.06.19 19:49:08.651,1.12293,1.12294,1000000,1120000
2019.06.19 19:49:08.703,1.12291,1.12293,1000000,5140000
2019.06.19 19:49:08.839,1.12291,1.12292,1120000,1500000
2019.06.19 19:49:08.942,1.1229,1.12292,1500000,8060000
2019.06.19 19:49:09.043,1.12291,1.12292,1120000,1000000
2019.06.19 19:49:10.862,1.1229,1.12292,2620000,1000000
2019.06.19 19:49:10.966,1.12286,1.12288,1000000,4120000
2019.06.19 19:49:11.884,1.12287,1.12289,1000000,1000000
2019.06.19 19:49:13.173,1.12286,1.12288,1500000,4120000
2019.06.19 19:49:13.546,1.12286,1.12288,1000000,2620000
2019.06.19 19:49:14.039,1.12286,1.12288,1000000,8750000
2019.06.19 19:49:15.048,1.12287,1.12289,1000000,1870000
2019.06.19 19:49:16.209,1.12281,1.12283,1000000,1500000
2019.06.19 19:49:16.383,1.12279,1.12281,1120000,3750000
2019.06.19 19:49:16.537,1.12282,1.12283,2920000,1120000
2019.06.19 19:49:16.683,1.12282,1.12283,1050000,1120000
2019.06.19 19:49:16.785,1.12282,1.12284,1250000,1120000
2019.06.19 19:49:17.327,1.12281,1.12282,1000000,1000000
2019.06.19 19:49:18.507,1.12279,1.12282,1000000,5750000
2019.06.19 19:49:18.761,1.12279,1.12281,1000000,3000000
2019.06.19 19:49:19.121,1.12278,1.12279,1250000,2620000
2019.06.19 19:49:19.225,1.12277,1.12279,1000000,3000000
2019.06.19 19:49:19.312,1.12276,1.12278,1500000,4570000
2019.06.19 19:49:20.189,1.12277,1.12278,1120000,1000000
2019.06.19 19:49:23.015,1.12278,1.12279,1500000,1000000
2019.06.19 19:49:23.117,1.12276,1.12278,1500000,5250000
2019.06.19 19:49:23.853,1.12275,1.12276,1500000,4010000
2019.06.19 19:49:23.956,1.12272,1.12273,1120000,1120000
2019.06.19 19:49:24.058,1.1227,1.12272,1000000,2440000
2019.06.19 19:49:24.171,1.12269,1.12271,3570000,1500000
2019.06.19 19:49:24.324,1.12268,1.12271,3760000,2620000
2019.06.19 19:49:24.477,1.12268,1.1227,1500000,2620000
2019.06.19 19:49:25.070,1.12269,1.12271,1120000,1250000
2019.06.19 19:49:25.273,1.12269,1.12271,1120000,1750000
2019.06.19 19:49:25.434,1.12269,1.12271,1120000,1250000
2019.06.19 19:49:26.065,1.12269,1.12271,1000000,1690000
2019.06.19 19:49:26.472,1.12271,1.12273,1500000,4690000
2019.06.19 19:49:27.360,1.12269,1.12271,1000000,3820000
2019.06.19 19:49:27.462,1.12269,1.12271,1000000,2440000
2019.06.19 19:49:27.989,1.12268,1.12271,3310000,5620000
2019.06.19 19:49:28.106,1.12266,1.12268,2500000,2250000
2019.06.19 19:49:28.208,1.12265,1.12267,1000000,6000000
2019.06.19 19:49:29.502,1.12268,1.12269,1000000,1500000
2019.06.19 19:49:29.613,1.12272,1.12273,1500000,1000000
2019.06.19 19:49:29.719,1.12273,1.12274,1000000,2250000
2019.06.19 19:49:30.395,1.12274,1.12275,1500000,1500000
2019.06.19 19:49:31.351,1.12273,1.12275,1000000,7570000
2019.06.19 19:49:31.511,1.12273,1.12275,1980000,8700000
2019.06.19 19:49:33.788,1.12276,1.12277,1120000,1000000
2019.06.19 19:49:33.945,1.12276,1.12277,1000000,1000000
2019.06.19 19:49:37.531,1.12277,1.12278,1500000,1000000
2019.06.19 19:49:37.640,1.12276,1.12278,1000000,5890000
2019.06.19 19:49:37.743,1.12277,1.12279,1690000,4220000
2019.06.19 19:49:37.944,1.12277,1.12278,1000000,3000000
2019.06.19 19:49:38.781,1.12277,1.12279,1690000,4220000
2019.06.19 19:49:38.949,1.12277,1.12278,1000000,1500000
2019.06.19 19:49:40.108,1.12278,1.12279,1690000,1000000
2019.06.19 19:49:40.526,1.12277,1.12279,1250000,4220000
2019.06.19 19:49:41.174,1.1228,1.12282,1120000,3370000
2019.06.19 19:49:41.276,1.1228,1.12282,1000000,3620000
2019.06.19 19:49:44.587,1.1228,1.12282,1120000,1500000
2019.06.19 19:49:45.270,1.1228,1.12282,1120000,2250000
2019.06.19 19:49:46.755,1.1228,1.12282,1620000,2890000
2019.06.19 19:49:46.870,1.1228,1.12282,1120000,3820000
2019.06.19 19:49:47.801,1.1228,1.12282,1000000,3190000
2019.06.19 19:49:47.903,1.12282,1.12283,2700000,1000000
2019.06.19 19:49:48.092,1.12282,1.12284,1000000,8070000
2019.06.19 19:49:49.990,1.12283,1.12285,1000000,3470000
2019.06.19 19:49:50.092,1.12283,1.12285,1000000,2320000
2019.06.19 19:49:50.194,1.12284,1.12285,1000000,1500000
2019.06.19 19:49:50.948,1.12285,1.12286,1000000,1000000
2019.06.19 19:49:51.180,1.12284,1.12285,1500000,1870000
2019.06.19 19:49:51.282,1.12285,1.12286,1000000,1000000
2019.06.19 19:49:51.551,1.12284,1.12286,1120000,5700000
2019.06.19 19:49:53.221,1.12282,1.12284,1500000,8320000
2019.06.19 19:49:53.527,1.12282,1.12284,1500000,10570000
2019.06.19 19:49:53.741,1.12283,1.12284,1120000,1000000
2019.06.19 19:49:54.535,1.12285,1.12286,1000000,1250000
2019.06.19 19:49:54.814,1.12286,1.12287,1120000,1500000
2019.06.19 19:49:54.865,1.12287,1.12288,1000000,1000000
2019.06.19 19:49:55.351,1.12288,1.12289,1500000,1000000
2019.06.19 19:49:55.455,1.12287,1.12289,1000000,1950000
2019.06.19 19:49:56.893,1.12288,1.12289,1500000,1000000
2019.06.19 19:49:57.119,1.12285,1.12287,1500000,8510000
2019.06.19 19:49:57.221,1.12285,1.12287,1000000,1690000
2019.06.19 19:49:58.259,1.12286,1.12287,1500000,1000000
2019.06.19 19:50:00.405,1.12285,1.12287,1000000,3190000
2019.06.19 19:50:00.836,1.12286,1.12287,1500000,1000000
2019.06.19 19:50:00.938,1.12285,1.12287,1620000,5440000
2019.06.19 19:50:01.140,1.12286,1.12287,1500000,1500000
2019.06.19 19:50:01.207,1.12287,1.12288,1000000,1500000
2019.06.19 19:50:01.485,1.12288,1.12289,1500000,1000000
2019.06.19 19:50:01.711,1.12287,1.12289,1000000,1950000
2019.06.19 19:50:03.999,1.12288,1.12289,1120000,1000000
2019.06.19 19:50:06.280,1.12291,1.12292,2620000,2620000
2019.06.19 19:50:06.382,1.12292,1.12294,1000000,3820000
2019.06.19 19:50:06.558,1.12292,1.12293,1000000,1250000
2019.06.19 19:50:06.762,1.12291,1.12293,1000000,3750000
2019.06.19 19:50:06.914,1.12292,1.12293,1000000,1000000
2019.06.19 19:50:07.157,1.12293,1.12294,1500000,1000000
2019.06.19 19:50:07.463,1.12292,1.12294,1000000,3000000
2019.06.19 19:50:07.629,1.12293,1.12294,1500000,1000000
2019.06.19 19:50:07.885,1.12293,1.12295,1000000,5320000
2019.06.19 19:50:08.954,1.12295,1.12296,1000000,1500000
2019.06.19 19:50:09.158,1.12294,1.12296,1000000,3000000
2019.06.19 19:50:10.013,1.12295,1.12296,1500000,1000000
2019.06.19 19:50:10.147,1.12294,1.12296,1000000,3000000
2019.06.19 19:50:10.711,1.12295,1.12296,1500000,1000000
2019.06.19 19:50:10.831,1.12294,1.12295,1000000,2250000
2019.06.19 19:50:10.934,1.12295,1.12296,2250000,1000000
2019.06.19 19:50:12.216,1.12294,1.12295,1000000,1500000
2019.06.19 19:50:12.372,1.12292,1.12293,1870000,3000000
2019.06.19 19:50:12.475,1.12289,1.12291,1000000,1690000
2019.06.19 19:50:12.579,1.12289,1.1229,1000000,1000000
2019.06.19 19:50:12.810,1.12291,1.12292,1500000,1000000
2019.06.19 19:50:13.408,1.12289,1.12291,1620000,1870000
2019.06.19 19:50:13.510,1.12288,1.1229,1500000,3750000
2019.06.19 19:50:14.546,1.12289,1.1229,1120000,1000000
2019.06.19 19:50:16.235,1.12287,1.12288,1500000,2250000
2019.06.19 19:50:16.440,1.12285,1.12288,1000000,7820000
2019.06.19 19:50:17.160,1.12288,1.12289,1000000,1500000
2019.06.19 19:50:17.211,1.12288,1.1229,1500000,6000000
2019.06.19 19:50:17.352,1.12289,1.1229,1000000,1000000
2019.06.19 19:50:17.454,1.1229,1.12291,1500000,1000000
2019.06.19 19:50:18.450,1.12291,1.12292,1000000,1000000
2019.06.19 19:50:20.007,1.1229,1.12292,1000000,1690000
2019.06.19 19:50:20.296,1.12291,1.12292,2250000,1000000
2019.06.19 19:50:20.449,1.1229,1.12292,1620000,1690000
2019.06.19 19:50:21.992,1.12291,1.12292,1000000,1000000
2019.06.19 19:50:22.094,1.1229,1.12291,1120000,3560000
2019.06.19 19:50:22.305,1.12291,1.12292,1000000,1000000
2019.06.19 19:50:22.408,1.1229,1.12291,1120000,6560000
2019.06.19 19:50:23.624,1.1229,1.12292,1000000,4310000
2019.06.19 19:50:23.928,1.1229,1.12292,1000000,3810000
2019.06.19 19:50:24.030,1.1229,1.12292,1000000,3560000
2019.06.19 19:50:25.120,1.1229,1.12292,1000000,5210000
2019.06.19 19:50:25.937,1.1229,1.12292,1000000,4260000
2019.06.19 19:50:26.049,1.1229,1.12292,1000000,4010000
2019.06.19 19:50:26.211,1.1229,1.12292,1000000,3440000
2019.06.19 19:50:26.317,1.1229,1.12292,1000000,2440000
2019.06.19 19:50:27.823,1.12288,1.12289,1120000,1250000
2019.06.19 19:50:27.874,1.12286,1.12288,1000000,1570000
2019.06.19 19:50:27.976,1.12285,1.12287,2750000,7120000
2019.06.19 19:50:28.078,1.12284,1.12286,1620000,1500000
2019.06.19 19:50:28.196,1.12283,1.12285,1500000,2250000
2019.06.19 19:50:28.748,1.12283,1.12285,1500000,1500000
2019.06.19 19:50:29.157,1.12284,1.12285,1120000,1000000
2019.06.19 19:50:29.451,1.12282,1.12284,1000000,2540000
2019.06.19 19:50:29.654,1.12282,1.12284,1000000,3370000
2019.06.19 19:50:30.130,1.12281,1.12284,1690000,6560000
2019.06.19 19:50:30.232,1.12281,1.12283,1120000,3560000
2019.06.19 19:50:30.371,1.12282,1.12283,1000000,1870000
2019.06.19 19:50:30.626,1.12281,1.12283,1000000,5810000
2019.06.19 19:50:31.746,1.1228,1.12281,3370000,3000000
2019.06.19 19:50:31.849,1.12278,1.12279,1000000,4870000
2019.06.19 19:50:31.951,1.12277,1.12279,1000000,6000000
2019.06.19 19:50:32.361,1.12278,1.1228,1000000,1000000
2019.06.19 19:50:37.546,1.12279,1.1228,1000000,4500000
2019.06.19 19:50:37.649,1.12281,1.12283,1000000,4870000
2019.06.19 19:50:37.863,1.12281,1.12282,1000000,1120000
2019.06.19 19:50:39.771,1.12282,1.12283,1120000,2250000
2019.06.19 19:50:40.045,1.1228,1.12283,2000000,5560000
2019.06.19 19:50:40.148,1.1228,1.12283,1500000,3560000
2019.06.19 19:50:40.251,1.12281,1.12283,1500000,1000000
2019.06.19 19:50:40.388,1.1228,1.12283,1500000,3190000
2019.06.19 19:50:41.975,1.12279,1.12281,2000000,5890000
2019.06.19 19:50:42.077,1.12277,1.1228,3000000,8250000
2019.06.19 19:50:42.180,1.12278,1.1228,1500000,1120000
2019.06.19 19:50:44.108,1.12281,1.12282,1120000,4870000
2019.06.19 19:50:44.210,1.12283,1.12285,1000000,1000000
2019.06.19 19:50:44.892,1.12282,1.12285,1000000,4570000
2019.06.19 19:50:45.011,1.12281,1.12284,1250000,4060000
2019.06.19 19:50:45.113,1.1228,1.12282,2500000,9260000
2019.06.19 19:50:45.216,1.1228,1.12281,1000000,1120000
2019.06.19 19:50:45.823,1.12279,1.12281,1000000,3750000
2019.06.19 19:50:46.224,1.12281,1.12283,1500000,1870000
2019.06.19 19:50:46.373,1.12283,1.12284,1000000,1000000
2019.06.19 19:50:46.475,1.12283,1.12285,1000000,1000000
2019.06.19 19:50:46.849,1.12284,1.12285,1000000,1000000
2019.06.19 19:50:47.079,1.12283,1.12285,1000000,5250000
2019.06.19 19:50:47.457,1.12284,1.12285,1000000,1000000
2019.06.19 19:50:47.611,1.12283,1.12285,1000000,4570000
2019.06.19 19:50:47.890,1.12284,1.12285,1000000,1500000
2019.06.19 19:50:47.992,1.12283,1.12285,1000000,2250000
2019.06.19 19:50:48.094,1.12282,1.12284,1750000,1570000
2019.06.19 19:50:48.304,1.12283,1.12284,1120000,1000000
2019.06.19 19:50:48.407,1.12284,1.12285,1120000,1000000
2019.06.19 19:50:49.362,1.12281,1.12283,2250000,2250000
2019.06.19 19:50:49.517,1.12281,1.12284,1000000,4250000
2019.06.19 19:50:49.791,1.12282,1.12285,1500000,6450000
2019.06.19 19:50:49.894,1.12283,1.12285,1500000,1000000
2019.06.19 19:50:50.446,1.12284,1.12287,2250000,2250000
2019.06.19 19:50:50.679,1.12285,1.12287,1500000,1000000
2019.06.19 19:50:50.838,1.12284,1.12287,1500000,2250000
2019.06.19 19:50:51.497,1.12284,1.12286,1000000,3750000
2019.06.19 19:50:51.600,1.12284,1.12287,1500000,2250000
2019.06.19 19:50:52.034,1.12284,1.12286,1000000,5250000
2019.06.19 19:50:52.280,1.12284,1.12287,1870000,3750000
2019.06.19 19:50:52.729,1.12285,1.12287,1870000,1000000
2019.06.19 19:50:53.011,1.12287,1.12288,1000000,1500000
2019.06.19 19:50:53.220,1.12286,1.12288,1000000,2250000
2019.06.19 19:50:53.971,1.12287,1.12288,1000000,1000000
2019.06.19 19:50:54.724,1.12287,1.12289,2250000,1000000
2019.06.19 19:50:54.826,1.12286,1.12289,1500000,6000000
2019.06.19 19:50:54.928,1.12285,1.12286,1000000,3000000
2019.06.19 19:50:55.031,1.12284,1.12285,1500000,1000000
2019.06.19 19:50:55.637,1.12283,1.12285,1500000,2250000
2019.06.19 19:50:55.762,1.12281,1.12284,1120000,6820000
2019.06.19 19:50:55.916,1.12282,1.12284,1120000,1000000
2019.06.19 19:50:56.673,1.12283,1.12285,2370000,1500000
2019.06.19 19:50:56.724,1.12284,1.12286,1120000,1000000
2019.06.19 19:50:58.216,1.12283,1.12286,1500000,1010000
2019.06.19 19:50:58.541,1.12284,1.12286,1500000,1000000
2019.06.19 19:50:58.811,1.12283,1.12286,1000000,1950000
2019.06.19 19:51:00.773,1.12285,1.12288,4810000,1000000
2019.06.19 19:51:00.926,1.12287,1.12288,2810000,1500000
2019.06.19 19:51:01.030,1.12287,1.12288,1120000,2250000
2019.06.19 19:51:01.133,1.12286,1.12288,1000000,2440000
2019.06.19 19:51:01.336,1.12285,1.12288,1000000,3750000
2019.06.19 19:51:01.832,1.12285,1.12286,1000000,1100000
2019.06.19 19:51:01.935,1.12284,1.12285,1250000,1000000
2019.06.19 19:51:02.190,1.12283,1.12285,1000000,5320000
2019.06.19 19:51:02.348,1.12284,1.12285,1000000,1000000
2019.06.19 19:51:03.110,1.12283,1.12285,1000000,3750000
2019.06.19 19:51:03.315,1.12282,1.12285,1000000,9450000
2019.06.19 19:51:03.708,1.12283,1.12284,1500000,1000000
2019.06.19 19:51:03.810,1.12282,1.12284,1250000,1000000
2019.06.19 19:51:03.912,1.12281,1.12285,3250000,6260000
2019.06.19 19:51:04.013,1.12282,1.12285,5500000,1000000
2019.06.19 19:51:04.264,1.12281,1.12285,3250000,6260000
2019.06.19 19:51:04.534,1.12282,1.12284,3190000,1000000
2019.06.19 19:51:06.453,1.12281,1.12284,1690000,4310000
2019.06.19 19:51:07.490,1.12281,1.12284,1250000,9290000
2019.06.19 19:51:11.204,1.12281,1.12284,2060000,1310000
2019.06.19 19:51:22.072,1.12281,1.12285,3620000,7410000
2019.06.19 19:51:23.286,1.12282,1.12285,5310000,3120000
2019.06.19 19:51:24.558,1.12284,1.12286,2370000,2250000
2019.06.19 19:51:24.662,1.12285,1.12287,1000000,4690000
2019.06.19 19:51:24.716,1.12287,1.12288,4690000,1000000
2019.06.19 19:51:33.354,1.12286,1.12287,1000000,1500000
2019.06.19 19:51:33.457,1.12285,1.12286,1000000,1000000
2019.06.19 19:51:33.559,1.12285,1.12287,1500000,1000000
2019.06.19 19:51:33.725,1.12284,1.12287,1500000,2620000
2019.06.19 19:51:34.290,1.12284,1.12286,1000000,3000000
2019.06.19 19:51:34.445,1.12284,1.12287,1500000,1500000
2019.06.19 19:51:34.598,1.12284,1.12286,1000000,2250000
2019.06.19 19:51:36.630,1.12284,1.12287,2620000,1200000
2019.06.19 19:51:36.797,1.12285,1.12287,3370000,1000000
2019.06.19 19:51:37.098,1.12285,1.12286,1000000,1000000
2019.06.19 19:51:37.200,1.12284,1.12287,2620000,1950000
2019.06.19 19:51:37.669,1.12284,1.12286,1000000,4950000
2019.06.19 19:51:39.124,1.12284,1.12287,2620000,1950000
2019.06.19 19:51:40.737,1.12284,1.12286,1500000,2250000
2019.06.19 19:51:41.847,1.12283,1.12286,2000000,3000000
2019.06.19 19:51:41.949,1.12281,1.12283,5250000,1100000
2019.06.19 19:51:42.002,1.1228,1.12283,6750000,2250000
2019.06.19 19:51:42.105,1.12281,1.12283,6750000,1000000
2019.06.19 19:51:42.210,1.1228,1.12283,3370000,1500000
2019.06.19 19:51:42.318,1.1228,1.12282,1000000,1000000
2019.06.19 19:51:42.420,1.12279,1.12282,1870000,2250000
2019.06.19 19:51:43.474,1.12279,1.12281,1000000,1000000
2019.06.19 19:51:44.309,1.1228,1.12281,1000000,1000000
2019.06.19 19:51:44.462,1.12279,1.12281,1000000,1500000
2019.06.19 19:51:44.570,1.12278,1.1228,1000000,4570000
2019.06.19 19:51:44.677,1.12278,1.12279,1000000,2700000
2019.06.19 19:51:47.407,1.12278,1.1228,1500000,2250000
2019.06.19 19:51:49.475,1.12277,1.12278,1000000,2250000
2019.06.19 19:51:50.198,1.12276,1.12278,1000000,1570000
2019.06.19 19:51:51.652,1.12277,1.12278,1000000,1500000
2019.06.19 19:51:51.754,1.12278,1.12279,2250000,1000000
2019.06.19 19:51:51.856,1.12276,1.12278,1000000,8470000
2019.06.19 19:51:52.386,1.12277,1.12279,1870000,1000000
2019.06.19 19:51:52.716,1.12277,1.12278,1000000,1200000
2019.06.19 19:51:53.353,1.12275,1.12277,1500000,5700000
2019.06.19 19:51:54.607,1.12277,1.12278,1000000,1570000
2019.06.19 19:51:54.710,1.12277,1.12278,1000000,1500000
2019.06.19 19:51:54.813,1.12277,1.12279,2250000,2500000
2019.06.19 19:51:55.791,1.12277,1.12278,1500000,1500000
2019.06.19 19:52:00.245,1.12276,1.12278,1000000,3000000
2019.06.19 19:52:00.378,1.12276,1.12277,1500000,1570000
2019.06.19 19:52:01.108,1.12275,1.12277,1000000,4570000
2019.06.19 19:52:01.365,1.12274,1.12276,1000000,5070000
2019.06.19 19:52:01.584,1.12273,1.12275,1500000,12640000
2019.06.19 19:52:01.687,1.12273,1.12275,1120000,9760000
2019.06.19 19:52:02.095,1.12273,1.12275,1500000,9260000
2019.06.19 19:52:02.432,1.12274,1.12275,1120000,1100000
2019.06.19 19:52:03.113,1.12277,1.12278,1120000,2290000
2019.06.19 19:52:03.220,1.12276,1.12277,2250000,1100000
2019.06.19 19:52:03.322,1.12274,1.12275,1120000,5890000
2019.06.19 19:52:05.134,1.12273,1.12275,1500000,3820000
2019.06.19 19:52:05.351,1.12271,1.12273,1000000,7950000
2019.06.19 19:52:05.454,1.1227,1.12272,1000000,4690000
2019.06.19 19:52:06.909,1.12271,1.12272,1120000,1100000
2019.06.19 19:52:07.720,1.12271,1.12273,1000000,5320000
2019.06.19 19:52:09.321,1.12271,1.12274,1000000,4870000
2019.06.19 19:52:09.423,1.12272,1.12274,1000000,1500000
2019.06.19 19:52:09.607,1.12271,1.12274,1000000,7200000
2019.06.19 19:52:10.031,1.12271,1.12274,1000000,7220000
2019.06.19 19:52:10.244,1.12271,1.12274,1000000,9070000
2019.06.19 19:52:10.349,1.12272,1.12274,1000000,1500000
2019.06.19 19:52:11.126,1.12271,1.12274,2250000,2700000
2019.06.19 19:52:11.343,1.12266,1.12268,1000000,5140000
2019.06.19 19:52:11.394,1.12265,1.12267,2500000,2250000
2019.06.19 19:52:11.599,1.12265,1.12267,1500000,2120000
2019.06.19 19:52:12.302,1.12266,1.12268,1120000,1250000
2019.06.19 19:52:12.851,1.12267,1.12268,1000000,1570000
2019.06.19 19:52:15.267,1.12261,1.12262,1120000,1000000
2019.06.19 19:52:15.370,1.12256,1.12259,1500000,2510000
2019.06.19 19:52:16.826,1.12256,1.12258,1000000,5640000
2019.06.19 19:52:17.206,1.12256,1.12257,1000000,1690000
2019.06.19 19:52:17.257,1.12255,1.12256,1120000,1200000
2019.06.19 19:52:17.749,1.12254,1.12256,1000000,4200000
2019.06.19 19:52:17.851,1.12255,1.12256,1000000,1000000
2019.06.19 19:52:18.069,1.12256,1.12258,1000000,3750000
2019.06.19 19:52:18.653,1.12255,1.12258,1000000,12640000
2019.06.19 19:52:18.759,1.12256,1.12258,1500000,1500000
2019.06.19 19:52:19.363,1.12256,1.12258,1000000,1500000
2019.06.19 19:52:21.418,1.12257,1.12259,1000000,7870000
2019.06.19 19:52:21.470,1.12258,1.12261,6000000,3000000
2019.06.19 19:52:21.572,1.12258,1.1226,1500000,4950000
2019.06.19 19:52:23.827,1.12257,1.1226,3690000,1500000
2019.06.19 19:52:23.930,1.12257,1.1226,2750000,7350000
2019.06.19 19:52:24.033,1.12257,1.1226,2940000,1200000
2019.06.19 19:52:24.398,1.12258,1.1226,2940000,1000000
2019.06.19 19:52:24.704,1.12257,1.1226,7440000,1500000
2019.06.19 19:52:26.295,1.12256,1.1226,3310000,4950000
2019.06.19 19:52:26.520,1.12257,1.1226,3310000,1000000
2019.06.19 19:52:26.703,1.12256,1.1226,4810000,6820000
2019.06.19 19:52:27.242,1.12257,1.1226,3690000,1000000
2019.06.19 19:52:27.428,1.12256,1.1226,5940000,5700000
2019.06.19 19:52:27.730,1.1226,1.12261,3750000,1000000
2019.06.19 19:52:27.850,1.12261,1.12262,1000000,1000000
2019.06.19 19:52:30.384,1.1226,1.12262,1000000,2440000
2019.06.19 19:52:31.709,1.12259,1.12262,1000000,9940000
2019.06.19 19:52:31.811,1.1226,1.12262,1000000,1690000
2019.06.19 19:52:32.015,1.1226,1.12262,1000000,1250000
2019.06.19 19:52:32.251,1.12259,1.12262,1000000,8760000
2019.06.19 19:52:32.410,1.12259,1.12262,1000000,10570000
2019.06.19 19:52:32.563,1.1226,1.12262,1000000,1000000
2019.06.19 19:52:32.665,1.12259,1.12262,1000000,10390000
2019.06.19 19:52:32.767,1.1226,1.12262,1000000,5310000
2019.06.19 19:52:32.919,1.1226,1.12262,1000000,2810000
2019.06.19 19:52:33.678,1.12259,1.12262,1000000,7760000
2019.06.19 19:52:34.052,1.1226,1.12262,1000000,1000000
2019.06.19 19:52:34.154,1.12259,1.12261,3000000,7120000
2019.06.19 19:52:34.504,1.1226,1.12262,1000000,5440000
2019.06.19 19:52:34.608,1.12259,1.12262,1500000,5850000
2019.06.19 19:52:34.712,1.12259,1.12262,2000000,1570000
2019.06.19 19:52:34.825,1.1226,1.12262,2000000,1000000
2019.06.19 19:52:34.886,1.12258,1.12262,2750000,8510000
2019.06.19 19:52:34.988,1.12259,1.12262,2750000,1000000
2019.06.19 19:52:35.272,1.12258,1.12262,3500000,8700000
2019.06.19 19:52:35.543,1.12258,1.1226,1250000,5700000
2019.06.19 19:52:35.645,1.12257,1.12259,1000000,2060000
2019.06.19 19:52:37.152,1.12256,1.1226,4690000,8950000
2019.06.19 19:52:37.254,1.12258,1.1226,3940000,1000000
2019.06.19 19:52:37.356,1.12257,1.1226,3940000,1690000
2019.06.19 19:52:37.458,1.12258,1.1226,5440000,1000000
2019.06.19 19:52:37.596,1.12257,1.1226,5440000,2440000
2019.06.19 19:52:38.213,1.12257,1.1226,9250000,3190000
2019.06.19 19:52:38.896,1.12257,1.12259,2310000,1250000
2019.06.19 19:52:39.587,1.12258,1.1226,1370000,1120000
2019.06.19 19:52:39.639,1.12259,1.12261,2060000,1000000
2019.06.19 19:52:39.741,1.12261,1.12263,1500000,1000000
2019.06.19 19:52:41.914,1.12265,1.12266,6000000,1120000
2019.06.19 19:52:41.965,1.12266,1.12268,2620000,1000000
2019.06.19 19:52:42.068,1.12267,1.12268,1120000,1000000
2019.06.19 19:52:43.384,1.12267,1.1227,2190000,6450000
2019.06.19 19:52:43.538,1.12266,1.12269,1870000,3750000
2019.06.19 19:52:43.754,1.12267,1.12269,1500000,1000000
2019.06.19 19:52:44.651,1.12266,1.12269,2250000,1500000
2019.06.19 19:52:45.389,1.12265,1.12269,8060000,1100000
2019.06.19 19:52:45.493,1.12266,1.12269,7120000,1000000
2019.06.19 19:52:45.595,1.12265,1.12268,1000000,5390000
2019.06.19 19:52:45.697,1.12265,1.12268,1000000,1690000
2019.06.19 19:52:46.738,1.12265,1.12268,2620000,2870000
2019.06.19 19:52:46.840,1.12265,1.12268,1870000,1310000
2019.06.19 19:52:46.944,1.12265,1.12268,1870000,1790000
2019.06.19 19:52:47.046,1.12265,1.12268,1120000,1250000
2019.06.19 19:52:47.495,1.12266,1.12269,1500000,1000000
2019.06.19 19:52:47.597,1.12268,1.12269,1000000,1000000
2019.06.19 19:52:47.827,1.12269,1.12271,2320000,1000000
2019.06.19 19:52:49.206,1.1227,1.12271,1000000,2250000
2019.06.19 19:52:49.308,1.1227,1.12272,1120000,2910000
2019.06.19 19:52:50.248,1.12269,1.12271,1500000,1950000
2019.06.19 19:52:50.371,1.12269,1.1227,2060000,1000000
2019.06.19 19:52:52.224,1.12267,1.1227,2440000,1250000
2019.06.19 19:52:52.356,1.12266,1.12268,1000000,5950000
2019.06.19 19:52:52.508,1.12266,1.1227,3190000,5950000
2019.06.19 19:52:53.098,1.12267,1.12269,1000000,1250000
2019.06.19 19:52:53.200,1.12266,1.1227,3190000,7100000
2019.06.19 19:52:53.630,1.12266,1.12268,1000000,4760000
2019.06.19 19:52:53.761,1.12265,1.12266,1000000,1000000
2019.06.19 19:52:53.863,1.12264,1.12266,1000000,3370000
2019.06.19 19:52:53.966,1.12265,1.12266,1000000,1000000
2019.06.19 19:52:54.068,1.12264,1.12267,1120000,3450000
2019.06.19 19:52:54.170,1.12265,1.12267,1870000,1000000
2019.06.19 19:52:54.282,1.12264,1.12267,1120000,3370000
2019.06.19 19:52:54.334,1.12264,1.12266,1000000,3370000
2019.06.19 19:52:54.487,1.12264,1.12267,3370000,3000000
2019.06.19 19:52:55.628,1.12263,1.12267,2510000,3820000
2019.06.19 19:52:55.680,1.12263,1.12265,2750000,1200000
2019.06.19 19:52:55.782,1.12262,1.12264,3000000,1500000
2019.06.19 19:52:55.886,1.12261,1.12264,1000000,4390000
2019.06.19 19:52:56.250,1.12261,1.12265,6370000,2890000
2019.06.19 19:52:57.230,1.12262,1.12265,3370000,1620000
2019.06.19 19:52:57.332,1.12263,1.12266,2190000,1500000
2019.06.19 19:52:57.455,1.12263,1.12266,2440000,1500000
2019.06.19 19:52:59.299,1.12264,1.12266,1120000,3000000
2019.06.19 19:52:59.401,1.12265,1.12266,1120000,1000000
2019.06.19 19:52:59.515,1.12264,1.12266,1870000,1000000
2019.06.19 19:53:01.146,1.12263,1.12266,1120000,13950000
2019.06.19 19:53:01.311,1.12264,1.12266,1120000,1000000
2019.06.19 19:53:01.565,1.12263,1.12266,1120000,7500000
2019.06.19 19:53:01.866,1.12267,1.12268,6000000,1000000
2019.06.19 19:53:01.918,1.12268,1.12269,1000000,1000000
2019.06.19 19:53:02.021,1.12268,1.1227,1870000,1570000
2019.06.19 19:53:02.183,1.12269,1.12271,1810000,1000000
2019.06.19 19:53:02.284,1.12267,1.12271,2620000,4570000
2019.06.19 19:53:02.718,1.12268,1.12271,3370000,1500000
2019.06.19 19:53:03.445,1.12267,1.12271,1750000,4200000
2019.06.19 19:53:04.261,1.12267,1.12271,2120000,3850000
2019.06.19 19:53:05.357,1.12267,1.12271,5870000,3370000
2019.06.19 19:53:05.459,1.12268,1.12271,9510000,1000000
2019.06.19 19:53:05.571,1.12266,1.12268,1120000,3570000
2019.06.19 19:53:05.673,1.12265,1.12268,1000000,4500000
2019.06.19 19:53:06.661,1.12266,1.12268,1000000,3370000
2019.06.19 19:53:07.779,1.12265,1.12268,1000000,2060000
2019.06.19 19:53:08.344,1.12266,1.12268,2250000,1000000
2019.06.19 19:53:08.802,1.12265,1.12268,1500000,3070000
2019.06.19 19:53:08.925,1.12266,1.12268,1500000,1000000
2019.06.19 19:53:09.079,1.12266,1.12268,2560000,1000000
2019.06.19 19:53:09.130,1.12264,1.12268,2560000,3000000
2019.06.19 19:53:09.233,1.12264,1.12268,2620000,3570000
2019.06.19 19:53:10.411,1.12264,1.12269,5480000,7760000
2019.06.19 19:53:10.546,1.12265,1.12269,7730000,1500000
2019.06.19 19:53:10.648,1.12264,1.12268,1000000,7760000
2019.06.19 19:53:10.699,1.12263,1.12266,1000000,8160000
2019.06.19 19:53:10.807,1.12264,1.12265,1000000,1000000
2019.06.19 19:53:10.910,1.12264,1.12266,1120000,1120000
2019.06.19 19:53:11.449,1.12264,1.12268,8470000,4120000
2019.06.19 19:53:11.551,1.12266,1.12269,4120000,1000000
2019.06.19 19:53:11.653,1.12265,1.12269,1870000,6640000
2019.06.19 19:53:12.165,1.12265,1.12269,3120000,5140000
2019.06.19 19:53:12.267,1.12266,1.12268,1000000,1000000
2019.06.19 19:53:12.456,1.12265,1.12268,1120000,1690000
2019.06.19 19:53:12.609,1.12265,1.12267,1000000,1000000
2019.06.19 19:53:12.886,1.12265,1.12268,1870000,1250000
2019.06.19 19:53:13.562,1.12265,1.12268,2370000,1250000
2019.06.19 19:53:15.027,1.12264,1.12268,2620000,3700000
2019.06.19 19:53:15.394,1.12266,1.12268,1000000,3070000
2019.06.19 19:53:15.496,1.12266,1.12269,1120000,4570000
2019.06.19 19:53:15.836,1.12267,1.12269,3750000,1000000
2019.06.19 19:53:16.091,1.12266,1.12269,1000000,3000000
2019.06.19 19:53:18.117,1.12268,1.12269,1000000,1000000
2019.06.19 19:53:18.219,1.12268,1.1227,1690000,1000000
2019.06.19 19:53:18.384,1.12267,1.1227,1690000,1100000
2019.06.19 19:53:18.638,1.12268,1.12271,2060000,1000000
2019.06.19 19:53:18.750,1.12269,1.12271,1250000,1000000
2019.06.19 19:53:19.768,1.12269,1.12272,1310000,1000000
2019.06.19 19:53:19.870,1.12269,1.12271,1690000,2250000
2019.06.19 19:53:20.680,1.12269,1.1227,1250000,1000000
2019.06.19 19:53:21.006,1.12269,1.12273,5190000,3750000
2019.06.19 19:53:21.111,1.1227,1.12274,1120000,9940000
2019.06.19 19:53:21.162,1.12272,1.12274,1000000,1000000
2019.06.19 19:53:21.265,1.12273,1.12277,4820000,3450000
2019.06.19 19:53:21.387,1.12274,1.12277,3450000,1000000
2019.06.19 19:53:21.489,1.12273,1.12277,5620000,3000000
2019.06.19 19:53:21.698,1.12273,1.12276,1500000,3000000
2019.06.19 19:53:21.940,1.12274,1.12276,1000000,1100000
2019.06.19 19:53:22.141,1.12273,1.12277,4500000,4600000
2019.06.19 19:53:22.562,1.12274,1.12276,2250000,1100000
2019.06.19 19:53:22.667,1.12273,1.12277,4500000,4220000
2019.06.19 19:53:22.807,1.12274,1.12276,1000000,1100000
2019.06.19 19:53:22.909,1.12274,1.12277,1870000,1500000
2019.06.19 19:53:23.174,1.12274,1.12276,1000000,3000000
2019.06.19 19:53:23.280,1.12275,1.12276,1000000,1000000
2019.06.19 19:53:23.390,1.12274,1.12276,1000000,3000000
2019.06.19 19:53:24.192,1.12275,1.12276,1000000,1000000
2019.06.19 19:53:24.400,1.12274,1.12276,1000000,4870000
2019.06.19 19:53:24.452,1.12276,1.12278,1120000,1000000
2019.06.19 19:53:24.608,1.12276,1.12279,1870000,1000000
2019.06.19 19:53:24.711,1.12275,1.12279,8370000,1250000
2019.06.19 19:53:26.933,1.12275,1.12278,2370000,1750000
2019.06.19 19:53:27.201,1.12275,1.12278,4810000,1690000
2019.06.19 19:53:27.305,1.12275,1.12278,2370000,1750000
2019.06.19 19:53:27.541,1.12275,1.12277,1120000,1690000
2019.06.19 19:53:27.718,1.12273,1.12275,2500000,2700000
2019.06.19 19:53:27.771,1.12271,1.12275,1750000,8290000
2019.06.19 19:53:27.925,1.12272,1.12275,1250000,1500000
2019.06.19 19:53:28.028,1.12273,1.12276,1310000,1100000
2019.06.19 19:53:29.691,1.12272,1.12277,3620000,7570000
2019.06.19 19:53:29.948,1.12273,1.12277,1870000,1000000
2019.06.19 19:53:30.107,1.12273,1.12277,2620000,3470000
2019.06.19 19:53:30.209,1.12274,1.12278,3370000,3450000
2019.06.19 19:53:30.350,1.12274,1.12277,1000000,2250000
2019.06.19 19:53:30.452,1.12273,1.12276,1000000,4220000
2019.06.19 19:53:32.500,1.12273,1.12277,3940000,5720000
2019.06.19 19:53:33.866,1.12273,1.12276,1120000,4790000
2019.06.19 19:53:33.972,1.12272,1.12276,4120000,3470000
2019.06.19 19:53:34.597,1.12274,1.12276,1690000,1000000
2019.06.19 19:53:34.700,1.12275,1.12276,1870000,1000000
2019.06.19 19:53:34.802,1.12274,1.12277,5000000,1500000
2019.06.19 19:53:36.602,1.12274,1.12278,2750000,5870000
2019.06.19 19:53:36.733,1.12275,1.12278,1000000,2950000
2019.06.19 19:53:39.635,1.12277,1.12279,1310000,1000000
2019.06.19 19:53:39.764,1.12278,1.1228,1250000,1000000
2019.06.19 19:53:40.222,1.12278,1.12281,3000000,1100000
2019.06.19 19:53:40.364,1.12278,1.12281,1500000,1220000
2019.06.19 19:53:41.151,1.12278,1.12281,1000000,1870000
2019.06.19 19:53:44.556,1.12278,1.12282,2700000,3450000
2019.06.19 19:53:45.812,1.12278,1.1228,1000000,1500000
2019.06.19 19:53:45.914,1.12277,1.12279,1500000,1500000
2019.06.19 19:53:46.616,1.12278,1.1228,2620000,1500000
2019.06.19 19:53:46.718,1.12277,1.12281,4620000,6070000
2019.06.19 19:53:47.639,1.12277,1.12281,5370000,8100000
2019.06.19 19:53:51.036,1.1228,1.12281,4870000,1000000
2019.06.19 19:53:51.087,1.1228,1.12282,1000000,2320000
2019.06.19 19:53:51.138,1.1228,1.12284,1120000,3820000
2019.06.19 19:53:51.190,1.12283,1.12285,5370000,1000000
2019.06.19 19:53:52.448,1.12282,1.12283,1120000,1200000
2019.06.19 19:53:52.579,1.12281,1.12283,1500000,1000000
2019.06.19 19:53:53.206,1.12282,1.12284,3000000,1500000
2019.06.19 19:53:53.309,1.12284,1.12286,2370000,1500000
2019.06.19 19:53:54.804,1.12284,1.12287,2370000,1500000
2019.06.19 19:53:54.965,1.12285,1.12288,3120000,3190000
2019.06.19 19:53:56.039,1.12285,1.12288,1500000,2440000
2019.06.19 19:53:56.592,1.12285,1.12287,1000000,2440000
2019.06.19 19:53:59.043,1.12285,1.12288,2620000,1690000
2019.06.19 19:54:03.902,1.12287,1.12288,1500000,1500000
2019.06.19 19:54:04.004,1.12287,1.12289,1500000,1000000
2019.06.19 19:54:04.875,1.12286,1.12289,1500000,2250000
2019.06.19 19:54:07.325,1.12286,1.12288,1500000,1000000
2019.06.19 19:54:07.429,1.12285,1.12288,1000000,1010000
2019.06.19 19:54:07.684,1.12286,1.12288,2250000,1000000
2019.06.19 19:54:07.804,1.12285,1.12289,5620000,1250000
2019.06.19 19:54:07.906,1.12286,1.12288,1000000,1000000
2019.06.19 19:54:09.393,1.12288,1.12291,1750000,2320000
2019.06.19 19:54:09.497,1.12288,1.12291,1000000,3750000
2019.06.19 19:54:09.853,1.12288,1.12292,3750000,1100000
2019.06.19 19:54:10.058,1.12289,1.12291,1000000,1000000
2019.06.19 19:54:10.613,1.12289,1.12292,1120000,1000000
2019.06.19 19:54:10.771,1.12288,1.12292,1870000,1570000
2019.06.19 19:54:10.873,1.12287,1.1229,1250000,1570000
2019.06.19 19:54:11.027,1.12288,1.1229,1870000,2250000
2019.06.19 19:54:11.129,1.12287,1.12291,3370000,7870000
2019.06.19 19:54:12.800,1.12287,1.12291,3870000,4570000
2019.06.19 19:54:12.903,1.12286,1.12289,4120000,1000000
2019.06.19 19:54:13.106,1.12285,1.12289,1870000,6070000
2019.06.19 19:54:13.269,1.12285,1.1229,8440000,11540000
2019.06.19 19:54:13.422,1.12286,1.12289,1000000,4570000
2019.06.19 19:54:13.523,1.12286,1.1229,3940000,1100000
2019.06.19 19:54:14.218,1.12288,1.1229,1000000,2250000
2019.06.19 19:54:14.320,1.12288,1.12291,1120000,1500000
2019.06.19 19:54:15.290,1.12288,1.12292,3870000,4220000
2019.06.19 19:54:17.412,1.1229,1.12292,1120000,1690000
2019.06.19 19:54:17.514,1.12289,1.12292,1120000,3450000
2019.06.19 19:54:17.671,1.1229,1.12292,2250000,1000000
2019.06.19 19:54:17.774,1.12289,1.12292,1500000,3750000
2019.06.19 19:54:18.118,1.1229,1.12292,3000000,1000000
2019.06.19 19:54:18.220,1.1229,1.12291,1000000,1500000
2019.06.19 19:54:18.321,1.1229,1.12292,3370000,1000000
2019.06.19 19:54:18.423,1.1229,1.12291,1000000,1500000
2019.06.19 19:54:19.102,1.1229,1.12292,3750000,1000000
2019.06.19 19:54:20.077,1.12289,1.12292,3750000,2250000
2019.06.19 19:54:20.230,1.12289,1.1229,1000000,2250000
2019.06.19 19:54:20.282,1.12287,1.1229,3560000,2320000
2019.06.19 19:54:20.385,1.12286,1.1229,3190000,2250000
2019.06.19 19:54:20.756,1.12288,1.1229,1870000,1000000
2019.06.19 19:54:25.190,1.12287,1.1229,1500000,1570000
2019.06.19 19:54:26.341,1.12286,1.1229,2440000,4200000
2019.06.19 19:54:26.491,1.12289,1.12292,4510000,1500000
2019.06.19 19:54:30.469,1.12288,1.12291,2440000,3000000
2019.06.19 19:54:31.620,1.12288,1.12292,3750000,1000000
2019.06.19 19:54:33.460,1.12289,1.12291,1000000,1000000
2019.06.19 19:54:35.460,1.12289,1.12292,2250000,1120000
2019.06.19 19:54:36.764,1.1229,1.12292,1500000,1500000
2019.06.19 19:54:36.866,1.12291,1.12292,1000000,1000000
2019.06.19 19:54:37.676,1.12292,1.12294,1000000,1120000
2019.06.19 19:54:37.727,1.12293,1.12296,3450000,1000000
2019.06.19 19:54:37.829,1.12294,1.12296,3000000,1000000
2019.06.19 19:54:38.259,1.12293,1.12297,5060000,1000000
2019.06.19 19:54:38.790,1.12293,1.12296,1000000,1000000
2019.06.19 19:54:39.321,1.12292,1.12295,4310000,1600000
2019.06.19 19:54:39.423,1.12292,1.12295,2810000,1120000
2019.06.19 19:54:40.926,1.12294,1.12296,3000000,1000000
2019.06.19 19:54:41.130,1.12292,1.12296,3370000,3750000
2019.06.19 19:54:41.232,1.12291,1.12294,4270000,1950000
2019.06.19 19:54:44.339,1.12292,1.12293,1500000,1000000
2019.06.19 19:54:44.442,1.12292,1.12295,3000000,1000000
2019.06.19 19:54:44.605,1.12292,1.12296,1870000,5700000
2019.06.19 19:54:44.707,1.12292,1.12296,1120000,6220000
2019.06.19 19:54:44.998,1.12292,1.12296,1120000,5700000
2019.06.19 19:54:47.744,1.12293,1.12296,1500000,1000000
2019.06.19 19:54:47.892,1.12292,1.12296,1000000,4570000
2019.06.19 19:54:48.044,1.12293,1.12296,1500000,1000000
2019.06.19 19:54:48.539,1.12292,1.12296,1870000,3370000
2019.06.19 19:54:48.641,1.12293,1.12296,1500000,1000000
2019.06.19 19:54:49.509,1.12293,1.12296,1000000,2000000
2019.06.19 19:54:49.613,1.12293,1.12297,3000000,1570000
2019.06.19 19:54:50.666,1.12293,1.12296,1000000,1500000
2019.06.19 19:54:51.803,1.12294,1.12296,2250000,1000000
2019.06.19 19:54:51.956,1.12292,1.12296,1500000,4200000
2019.06.19 19:54:52.495,1.12293,1.12296,1000000,1000000
2019.06.19 19:54:52.872,1.12293,1.12297,2250000,1000000
2019.06.19 19:54:52.974,1.12292,1.12297,3000000,4570000
2019.06.19 19:54:53.290,1.12292,1.12296,1000000,10570000
2019.06.19 19:54:54.029,1.12293,1.12296,1000000,1570000
2019.06.19 19:54:54.239,1.12292,1.12297,3360000,6100000
2019.06.19 19:54:54.878,1.12293,1.12297,2850000,1570000
2019.06.19 19:54:54.980,1.12292,1.12297,2600000,6100000
2019.06.19 19:54:55.129,1.12294,1.12296,1000000,1000000
2019.06.19 19:54:55.670,1.12293,1.12297,1860000,1100000
2019.06.19 19:54:55.852,1.12292,1.12297,4230000,10600000
2019.06.19 19:54:56.256,1.12293,1.12297,1500000,1100000
2019.06.19 19:54:56.464,1.12295,1.12298,5370000,1000000
2019.06.19 19:54:56.566,1.12294,1.12298,3120000,4390000
2019.06.19 19:54:56.719,1.12295,1.12297,1120000,1000000
2019.06.19 19:54:57.473,1.12293,1.12296,3120000,2140000
2019.06.19 19:54:57.858,1.12291,1.12293,1000000,1120000
2019.06.19 19:54:57.972,1.12289,1.12293,3750000,2170000
2019.06.19 19:54:58.329,1.12288,1.1229,1000000,5770000
2019.06.19 19:54:58.461,1.12286,1.12289,1120000,2440000
2019.06.19 19:54:58.716,1.12284,1.12287,1120000,7610000
2019.06.19 19:54:58.818,1.12284,1.12286,1000000,1570000
2019.06.19 19:54:59.915,1.12285,1.12289,11070000,3000000
2019.06.19 19:55:00.068,1.12285,1.12289,7570000,3750000
2019.06.19 19:55:00.170,1.12286,1.1229,12290000,1870000
2019.06.19 19:55:00.273,1.12287,1.1229,1000000,1500000
2019.06.19 19:55:00.376,1.12289,1.12291,1000000,1000000
2019.06.19 19:55:00.684,1.12289,1.12292,2440000,1000000
2019.06.19 19:55:00.786,1.1229,1.12293,5440000,1000000
2019.06.19 19:55:00.891,1.12289,1.12293,2440000,1000000
2019.06.19 19:55:00.995,1.12289,1.12293,1120000,5050000
2019.06.19 19:55:01.098,1.1229,1.12294,10120000,1690000
2019.06.19 19:55:01.201,1.1229,1.12293,2250000,2890000
2019.06.19 19:55:01.618,1.12291,1.12293,1000000,1570000
2019.06.19 19:55:02.772,1.1229,1.12293,1000000,1000000
2019.06.19 19:55:02.874,1.12288,1.12292,3000000,8300000
2019.06.19 19:55:03.794,1.12288,1.12291,1870000,1500000
2019.06.19 19:55:03.897,1.12287,1.12291,8350000,2920000
2019.06.19 19:55:04.100,1.12287,1.12291,1570000,3260000
2019.06.19 19:55:05.774,1.12288,1.12292,2250000,1000000
2019.06.19 19:55:06.613,1.1229,1.12293,1870000,4690000
2019.06.19 19:55:06.717,1.12289,1.12293,3940000,1610000
2019.06.19 19:55:06.978,1.12289,1.12292,4310000,1000000
2019.06.19 19:55:07.080,1.12287,1.12291,2620000,4050000
2019.06.19 19:55:07.182,1.12287,1.1229,1000000,5550000
2019.06.19 19:55:07.284,1.12287,1.12291,2620000,3300000
2019.06.19 19:55:07.615,1.12287,1.1229,1000000,4050000
2019.06.19 19:55:07.717,1.12287,1.12291,1870000,1800000
2019.06.19 19:55:08.616,1.12287,1.1229,1000000,4420000
2019.06.19 19:55:08.927,1.12287,1.12291,2250000,2920000
2019.06.19 19:55:09.163,1.12287,1.1229,1000000,5920000
2019.06.19 19:55:10.295,1.12287,1.1229,1000000,5020000
2019.06.19 19:55:10.422,1.12287,1.12291,2250000,2770000
2019.06.19 19:55:10.889,1.12287,1.12291,2250000,4120000
2019.06.19 19:55:11.422,1.12287,1.12291,2250000,3770000
2019.06.19 19:55:11.992,1.12287,1.12289,1120000,3900000
2019.06.19 19:55:12.126,1.12287,1.12289,1500000,1000000
2019.06.19 19:55:12.675,1.12287,1.12289,1500000,1500000
2019.06.19 19:55:12.726,1.12286,1.1229,3310000,1500000
2019.06.19 19:55:13.099,1.12286,1.1229,5060000,1000000
2019.06.19 19:55:13.550,1.12287,1.1229,2250000,1000000
2019.06.19 19:55:13.868,1.12287,1.12289,1000000,1690000
2019.06.19 19:55:14.365,1.12287,1.1229,3010000,1500000
2019.06.19 19:55:14.906,1.12286,1.1229,4510000,3070000
2019.06.19 19:55:15.122,1.12287,1.12289,1000000,4500000
2019.06.19 19:55:15.181,1.12287,1.12291,1500000,2250000
2019.06.19 19:55:15.283,1.12289,1.12291,1000000,1000000
2019.06.19 19:55:17.785,1.1229,1.12292,1120000,1250000
2019.06.19 19:55:17.887,1.1229,1.12294,4970000,4120000
2019.06.19 19:55:18.011,1.1229,1.12294,4120000,9120000
2019.06.19 19:55:18.283,1.1229,1.12294,4870000,2250000
2019.06.19 19:55:18.425,1.12289,1.12292,1120000,1250000
2019.06.19 19:55:18.528,1.12288,1.12292,1120000,3670000
2019.06.19 19:55:18.842,1.1229,1.12294,4950000,5440000
2019.06.19 19:55:18.944,1.12291,1.12294,2250000,3000000
2019.06.19 19:55:19.046,1.12292,1.12294,2620000,1000000
2019.06.19 19:55:19.849,1.12291,1.12293,1870000,1500000
2019.06.19 19:55:19.951,1.12289,1.12293,1000000,7110000
2019.06.19 19:55:20.164,1.1229,1.12294,7120000,1250000
2019.06.19 19:55:20.278,1.1229,1.12293,2620000,1250000
2019.06.19 19:55:20.430,1.1229,1.12294,9370000,1610000
2019.06.19 19:55:20.532,1.1229,1.12293,1000000,1120000
2019.06.19 19:55:21.283,1.12289,1.12293,2000000,1950000
2019.06.19 19:55:21.387,1.12289,1.12293,7320000,2210000
2019.06.19 19:55:21.539,1.12289,1.12293,2820000,1240000
2019.06.19 19:55:21.882,1.12289,1.12293,3750000,5300000
2019.06.19 19:55:22.035,1.12289,1.12293,4120000,5740000
2019.06.19 19:55:22.461,1.1229,1.12294,3820000,1690000
2019.06.19 19:55:22.564,1.1229,1.12294,2070000,2510000
2019.06.19 19:55:22.705,1.1229,1.12294,1200000,3260000
2019.06.19 19:55:23.040,1.12289,1.12292,1000000,3450000
2019.06.19 19:55:23.142,1.12289,1.12291,1000000,1000000
2019.06.19 19:55:23.400,1.12288,1.12291,1000000,4050000
2019.06.19 19:55:26.984,1.12289,1.12292,3500000,2250000
2019.06.19 19:55:27.036,1.1229,1.12294,9070000,1250000
2019.06.19 19:55:27.610,1.1229,1.12294,6120000,3370000
2019.06.19 19:55:27.820,1.1229,1.12294,3370000,1690000
2019.06.19 19:55:28.927,1.12292,1.12294,3000000,1000000
2019.06.19 19:55:29.029,1.12291,1.12295,3340000,2810000
2019.06.19 19:55:29.408,1.12291,1.12294,1000000,6370000
2019.06.19 19:55:29.511,1.12291,1.12293,1000000,2250000
2019.06.19 19:55:31.701,1.12289,1.12292,1000000,1120000
2019.06.19 19:55:31.803,1.12288,1.12291,1000000,2300000
2019.06.19 19:55:32.705,1.12288,1.12291,1870000,1120000
2019.06.19 19:55:34.186,1.12289,1.12292,2320000,3190000
2019.06.19 19:55:34.333,1.1229,1.12293,3940000,1000000
2019.06.19 19:55:34.486,1.12289,1.12293,1760000,3000000
2019.06.19 19:55:35.050,1.12288,1.12293,5970000,7070000
2019.06.19 19:55:35.152,1.12288,1.12292,1000000,5250000
2019.06.19 19:55:35.692,1.12288,1.12291,1000000,3750000
2019.06.19 19:55:36.868,1.12289,1.12291,1120000,1000000
2019.06.19 19:55:37.139,1.12287,1.12289,1500000,5320000
2019.06.19 19:55:37.190,1.12286,1.12289,1970000,2620000
2019.06.19 19:55:37.333,1.12286,1.12287,1000000,2170000
2019.06.19 19:55:37.436,1.12285,1.12287,3190000,1000000
2019.06.19 19:55:37.537,1.12284,1.12287,1500000,1500000
2019.06.19 19:55:37.814,1.12284,1.12286,1000000,1500000
2019.06.19 19:55:37.917,1.12282,1.12286,1000000,2320000
2019.06.19 19:55:43.103,1.12282,1.12285,2250000,2620000
2019.06.19 19:55:43.259,1.12281,1.12286,1690000,6570000
2019.06.19 19:55:44.676,1.12282,1.12285,1000000,5620000
2019.06.19 19:55:45.056,1.12282,1.12286,2060000,4120000
2019.06.19 19:55:45.332,1.12281,1.12285,1500000,7700000
2019.06.19 19:55:45.434,1.12281,1.12286,3560000,6200000
2019.06.19 19:55:45.582,1.12281,1.12286,4810000,5820000
2019.06.19 19:55:46.852,1.12281,1.12284,1000000,1500000
2019.06.19 19:55:48.123,1.12282,1.12283,1000000,1000000
2019.06.19 19:55:48.226,1.12282,1.12284,2060000,1000000
2019.06.19 19:55:51.439,1.1228,1.12284,4500000,7870000
2019.06.19 19:55:51.542,1.12282,1.12285,7320000,1000000
2019.06.19 19:55:51.644,1.12281,1.12285,5820000,5250000
2019.06.19 19:55:52.303,1.12282,1.12285,7320000,1000000
2019.06.19 19:55:53.000,1.12281,1.12285,5070000,4500000
2019.06.19 19:55:53.131,1.12283,1.12286,14660000,1000000
2019.06.19 19:55:53.233,1.12282,1.12285,1500000,3000000
2019.06.19 19:55:53.438,1.12281,1.12286,8890000,4310000
2019.06.19 19:55:53.540,1.12281,1.12285,1000000,6560000
2019.06.19 19:55:54.175,1.12281,1.12286,8510000,3560000
2019.06.19 19:55:54.766,1.12282,1.12286,8160000,1870000
2019.06.19 19:55:54.868,1.12281,1.12286,8140000,9790000
2019.06.19 19:55:54.971,1.12282,1.12285,1000000,2620000
2019.06.19 19:55:55.073,1.12282,1.12286,7390000,1000000
2019.06.19 19:55:55.188,1.12282,1.12285,1000000,2320000
2019.06.19 19:55:55.301,1.12282,1.12286,8140000,1200000
2019.06.19 19:55:55.617,1.12282,1.12285,1000000,3000000
2019.06.19 19:55:55.781,1.12282,1.12286,8510000,1000000
2019.06.19 19:55:56.186,1.12281,1.12286,10760000,5060000
2019.06.19 19:55:56.627,1.12282,1.12284,1000000,1000000
2019.06.19 19:55:56.730,1.12283,1.12285,1500000,1000000
2019.06.19 19:55:57.533,1.12282,1.12285,3370000,2250000
2019.06.19 19:55:57.636,1.12281,1.12285,1120000,8060000
2019.06.19 19:56:01.900,1.12281,1.12283,1000000,1000000
2019.06.19 19:56:02.103,1.12281,1.12284,2250000,3190000
2019.06.19 19:56:03.349,1.12281,1.12285,2250000,7310000
2019.06.19 19:56:03.451,1.12282,1.12285,4120000,6750000
2019.06.19 19:56:07.007,1.12283,1.12287,5700000,3120000
2019.06.19 19:56:08.070,1.12282,1.12287,7870000,7390000
2019.06.19 19:56:08.602,1.12282,1.12286,1000000,8140000
2019.06.19 19:56:09.308,1.12282,1.12287,9450000,7310000
2019.06.19 19:56:09.410,1.12282,1.12286,1000000,8060000
2019.06.19 19:56:09.877,1.12282,1.12287,7570000,8810000
2019.06.19 19:56:10.111,1.12283,1.12286,1000000,2250000
2019.06.19 19:56:10.242,1.12282,1.12286,2250000,5810000
2019.06.19 19:56:11.606,1.12283,1.12286,1000000,1000000
2019.06.19 19:56:13.905,1.12283,1.12286,1620000,1000000
2019.06.19 19:56:15.828,1.12283,1.12286,1570000,1000000
2019.06.19 19:56:16.481,1.12282,1.12286,5640000,2700000
2019.06.19 19:56:16.583,1.12282,1.12285,1120000,5560000
2019.06.19 19:56:17.408,1.12282,1.12285,1310000,2810000
2019.06.19 19:56:17.524,1.12282,1.12285,2060000,3310000
2019.06.19 19:56:17.626,1.12282,1.12285,1000000,1870000
2019.06.19 19:56:18.720,1.12281,1.12284,1000000,8620000
2019.06.19 19:56:18.851,1.12281,1.12285,1760000,6820000
2019.06.19 19:56:20.061,1.12282,1.12283,1000000,1250000
2019.06.19 19:56:20.112,1.1228,1.12283,1000000,2320000
2019.06.19 19:56:20.252,1.12279,1.12282,1000000,3940000
2019.06.19 19:56:20.354,1.12278,1.12282,3370000,4120000
2019.06.19 19:56:20.457,1.12278,1.12281,1000000,6370000
2019.06.19 19:56:21.127,1.12277,1.1228,1000000,1620000
2019.06.19 19:56:21.239,1.12276,1.1228,1500000,3000000
2019.06.19 19:56:21.495,1.12277,1.1228,6370000,1000000
2019.06.19 19:56:21.843,1.12276,1.1228,3370000,3560000
2019.06.19 19:56:22.046,1.12276,1.12279,1000000,3640000
2019.06.19 19:56:22.268,1.12277,1.1228,4870000,1000000
2019.06.19 19:56:22.370,1.12276,1.1228,3370000,5140000
2019.06.19 19:56:22.472,1.12276,1.1228,3820000,5260000
2019.06.19 19:56:24.053,1.12276,1.12279,1000000,8000000
2019.06.19 19:56:24.155,1.12276,1.1228,6000000,4250000
2019.06.19 19:56:24.531,1.12276,1.12279,1000000,11640000
2019.06.19 19:56:24.633,1.12276,1.1228,5320000,10510000
2019.06.19 19:56:25.867,1.12276,1.12279,1000000,7890000
2019.06.19 19:56:25.968,1.12276,1.1228,3000000,5640000
2019.06.19 19:56:27.142,1.12276,1.12279,1000000,8640000
2019.06.19 19:56:27.243,1.12276,1.1228,3000000,4810000
2019.06.19 19:56:27.827,1.12276,1.12279,1000000,7890000
2019.06.19 19:56:27.878,1.12278,1.1228,6000000,1000000
2019.06.19 19:56:28.180,1.12278,1.12279,1000000,1000000
2019.06.19 19:56:28.341,1.12277,1.12279,1000000,2620000
2019.06.19 19:56:30.438,1.12278,1.1228,1500000,1000000
2019.06.19 19:56:30.540,1.12279,1.12281,1120000,1000000
2019.06.19 19:56:31.202,1.12281,1.12282,2250000,1500000
2019.06.19 19:56:31.354,1.12281,1.12284,1870000,1500000
2019.06.19 19:56:31.456,1.12282,1.12284,1950000,1250000
2019.06.19 19:56:35.597,1.1228,1.12282,1000000,2620000
2019.06.19 19:56:35.868,1.12279,1.12282,1000000,3490000
2019.06.19 19:56:36.279,1.1228,1.12282,1000000,1000000
2019.06.19 19:56:36.439,1.12279,1.12283,3820000,3110000
2019.06.19 19:56:37.133,1.1228,1.12282,1000000,1000000
2019.06.19 19:56:37.237,1.12278,1.12282,4120000,3000000
2019.06.19 19:56:38.836,1.12278,1.12282,5100000,1120000
2019.06.19 19:56:39.221,1.1228,1.12282,1570000,2250000
2019.06.19 19:56:39.324,1.12281,1.12283,1000000,4120000
2019.06.19 19:56:39.502,1.12281,1.12283,1000000,1000000
2019.06.19 19:56:40.134,1.12281,1.12284,3000000,3750000
2019.06.19 19:56:40.799,1.12281,1.12283,1000000,1500000
2019.06.19 19:56:41.236,1.12281,1.12284,6820000,1000000
2019.06.19 19:56:41.773,1.12281,1.12283,1000000,1500000
2019.06.19 19:56:43.941,1.1228,1.12284,2250000,5440000
2019.06.19 19:56:44.043,1.12281,1.12284,2250000,1500000
2019.06.19 19:56:44.469,1.12281,1.12284,2750000,3000000
2019.06.19 19:56:46.964,1.12281,1.12284,1870000,1500000
2019.06.19 19:56:47.067,1.12283,1.12285,2620000,1000000
2019.06.19 19:56:49.469,1.12282,1.12285,1500000,2620000
2019.06.19 19:56:49.572,1.12282,1.12286,8810000,1120000
2019.06.19 19:56:49.962,1.12282,1.12286,8190000,1120000
2019.06.19 19:56:51.102,1.12282,1.12286,7760000,1570000
2019.06.19 19:56:51.255,1.12285,1.12286,2620000,1000000
2019.06.19 19:56:51.396,1.12287,1.1229,6940000,2620000
2019.06.19 19:56:51.651,1.12287,1.12291,9560000,1120000
2019.06.19 19:56:52.816,1.12286,1.12289,1120000,5550000
2019.06.19 19:56:53.491,1.12286,1.1229,5940000,1000000
2019.06.19 19:56:53.594,1.12284,1.12287,1870000,2160000
2019.06.19 19:56:53.697,1.12283,1.12287,4500000,2310000
2019.06.19 19:56:53.813,1.12283,1.12287,3750000,1120000
2019.06.19 19:56:54.150,1.12283,1.12286,1000000,3370000
2019.06.19 19:56:55.222,1.12282,1.12287,7320000,11360000
2019.06.19 19:56:55.865,1.12282,1.12287,7200000,11360000
2019.06.19 19:56:58.216,1.12282,1.12287,6570000,11360000
2019.06.19 19:56:59.536,1.12282,1.12287,6450000,12110000
2019.06.19 19:57:01.177,1.12282,1.12285,1120000,8060000
2019.06.19 19:57:02.223,1.12282,1.12286,2810000,2190000
2019.06.19 19:57:05.395,1.12282,1.12286,3180000,1250000
2019.06.19 19:57:09.326,1.12282,1.12285,1500000,2060000
2019.06.19 19:57:09.428,1.12281,1.12286,3930000,9450000
2019.06.19 19:57:09.747,1.12282,1.12286,3550000,1810000
2019.06.19 19:57:12.340,1.12283,1.12286,4530000,1870000
2019.06.19 19:57:14.191,1.12282,1.12286,3910000,3640000
2019.06.19 19:57:15.685,1.12281,1.12284,5220000,2850000
2019.06.19 19:57:15.787,1.1228,1.12284,6650000,1250000
2019.06.19 19:57:16.728,1.1228,1.12284,7050000,3940000
2019.06.19 19:57:17.153,1.1228,1.12283,3940000,1500000
2019.06.19 19:57:17.267,1.1228,1.12282,1120000,1000000
2019.06.19 19:57:18.159,1.12279,1.12283,7410000,1000000
2019.06.19 19:57:18.261,1.12278,1.12282,4200000,6820000
2019.06.19 19:57:18.461,1.12279,1.12282,1570000,1000000
2019.06.19 19:57:18.655,1.12279,1.12282,2820000,1000000
2019.06.19 19:57:19.369,1.1228,1.12282,1120000,1000000
2019.06.19 19:57:20.156,1.12279,1.12281,1000000,1500000
2019.06.19 19:57:22.251,1.12279,1.12282,4200000,1000000
2019.06.19 19:57:22.894,1.12281,1.12283,1010000,1500000
2019.06.19 19:57:22.997,1.12282,1.12284,1500000,1000000
2019.06.19 19:57:23.100,1.12282,1.12285,1250000,1250000
2019.06.19 19:57:24.619,1.12285,1.12286,4950000,1500000
2019.06.19 19:57:24.671,1.12286,1.12288,1500000,1250000
2019.06.19 19:57:24.773,1.12287,1.12289,1500000,1000000
2019.06.19 19:57:24.930,1.12287,1.12291,5810000,1000000
2019.06.19 19:57:25.033,1.12291,1.12292,7200000,1120000
2019.06.19 19:57:25.084,1.12292,1.12295,4200000,1000000
2019.06.19 19:57:25.136,1.12291,1.12293,1500000,8060000
2019.06.19 19:57:25.238,1.12292,1.12294,1500000,1000000
2019.06.19 19:57:25.392,1.12291,1.12294,2620000,1100000
2019.06.19 19:57:25.494,1.1229,1.12293,5250000,1310000
2019.06.19 19:57:25.619,1.12291,1.12293,5250000,1000000
2019.06.19 19:57:25.671,1.12291,1.12295,5890000,5120000
2019.06.19 19:57:27.233,1.12293,1.12296,7820000,1000000
2019.06.19 19:57:27.336,1.12292,1.12296,4070000,3260000
2019.06.19 19:57:28.096,1.12293,1.12296,4820000,1000000
2019.06.19 19:57:28.467,1.12296,1.12297,4120000,3000000
2019.06.19 19:57:28.591,1.12298,1.123,2200000,1000000
2019.06.19 19:57:28.697,1.123,1.12301,1000000,1500000
2019.06.19 19:57:28.803,1.123,1.12302,1120000,1500000
2019.06.19 19:57:28.929,1.123,1.12302,3000000,1000000
2019.06.19 19:57:29.031,1.123,1.12302,3000000,2250000
2019.06.19 19:57:29.902,1.12302,1.12303,4200000,1000000
2019.06.19 19:57:30.004,1.12303,1.12306,3310000,1000000
2019.06.19 19:57:30.056,1.12306,1.12307,1390000,3750000
2019.06.19 19:57:30.224,1.12304,1.12305,1000000,1000000
2019.06.19 19:57:30.653,1.12304,1.12306,6190000,1000000
2019.06.19 19:57:30.755,1.12304,1.12305,1000000,1000000
2019.06.19 19:57:31.092,1.12303,1.12304,1250000,1500000
2019.06.19 19:57:31.144,1.12302,1.12304,1500000,3000000
2019.06.19 19:57:31.246,1.12302,1.12305,2620000,3750000
2019.06.19 19:57:31.348,1.12303,1.12305,3560000,1000000
2019.06.19 19:57:31.481,1.12303,1.12304,1000000,1000000
2019.06.19 19:57:31.634,1.12302,1.12304,1250000,3000000
2019.06.19 19:57:31.787,1.123,1.12302,2810000,1500000
2019.06.19 19:57:31.960,1.123,1.12301,1500000,1000000
2019.06.19 19:57:32.062,1.12299,1.12301,1000000,2620000
2019.06.19 19:57:33.684,1.12297,1.12299,1000000,2250000
2019.06.19 19:57:33.889,1.12297,1.12301,5640000,3370000
2019.06.19 19:57:34.196,1.12298,1.12299,1000000,1000000
2019.06.19 19:57:34.300,1.12296,1.12297,1000000,1000000
2019.06.19 19:57:34.353,1.12294,1.12296,1690000,1870000
2019.06.19 19:57:34.507,1.12294,1.12295,1000000,1000000
2019.06.19 19:57:34.711,1.12294,1.12296,1250000,1000000
2019.06.19 19:57:34.814,1.12294,1.12295,1000000,1000000
2019.06.19 19:57:35.448,1.12294,1.12296,3940000,1000000
2019.06.19 19:57:35.602,1.12294,1.12295,1000000,1000000
2019.06.19 19:57:35.711,1.12293,1.12295,2120000,1500000
2019.06.19 19:57:35.813,1.12294,1.12295,1000000,1000000
2019.06.19 19:57:36.335,1.12293,1.12295,1750000,1500000
2019.06.19 19:57:36.853,1.12294,1.12295,1500000,1000000
2019.06.19 19:57:37.320,1.12292,1.12294,1000000,4500000
2019.06.19 19:57:37.509,1.12293,1.12295,2250000,1000000
2019.06.19 19:57:38.261,1.12293,1.12294,1000000,1500000
2019.06.19 19:57:38.540,1.12294,1.12296,2060000,1000000
2019.06.19 19:57:39.962,1.12295,1.12297,1120000,1500000
2019.06.19 19:57:40.064,1.12297,1.123,1120000,3000000
2019.06.19 19:57:40.233,1.12298,1.123,1120000,1000000
2019.06.19 19:57:41.405,1.12299,1.12301,5510000,1000000
2019.06.19 19:57:41.558,1.12299,1.123,1000000,1000000
2019.06.19 19:57:42.475,1.12298,1.123,1500000,1000000
2019.06.19 19:57:43.121,1.12298,1.12301,3190000,1000000
2019.06.19 19:57:43.224,1.12299,1.12301,1570000,1000000
2019.06.19 19:57:43.334,1.12299,1.12302,1870000,1500000
2019.06.19 19:57:43.436,1.123,1.12302,4200000,1500000
2019.06.19 19:57:43.550,1.123,1.12301,1000000,1000000
2019.06.19 19:57:43.653,1.123,1.12302,1950000,1000000
2019.06.19 19:57:44.335,1.123,1.12301,1000000,1000000
2019.06.19 19:57:44.668,1.123,1.12302,1950000,1000000
2019.06.19 19:57:44.825,1.123,1.12301,1000000,1000000
2019.06.19 19:57:45.079,1.123,1.12302,1950000,1000000
2019.06.19 19:57:45.974,1.12299,1.12301,1000000,3000000
2019.06.19 19:57:46.165,1.12299,1.12302,2250000,2250000
2019.06.19 19:57:46.267,1.123,1.12302,4500000,1000000
2019.06.19 19:57:46.369,1.12299,1.12301,3000000,2250000
2019.06.19 19:57:46.518,1.12298,1.123,6120000,1120000
2019.06.19 19:57:46.570,1.12299,1.12301,1120000,1500000
2019.06.19 19:57:46.827,1.12297,1.123,2940000,2370000
2019.06.19 19:57:46.943,1.12298,1.123,3940000,2370000
2019.06.19 19:57:48.056,1.123,1.12302,1690000,2250000
2019.06.19 19:57:48.141,1.12302,1.12303,1500000,1500000
2019.06.19 19:57:48.192,1.12302,1.12304,1120000,1000000
2019.06.19 19:57:49.144,1.12303,1.12305,1870000,1000000
2019.06.19 19:57:50.697,1.12303,1.12305,1810000,1000000
2019.06.19 19:57:50.799,1.12304,1.12306,1200000,3750000
2019.06.19 19:57:52.150,1.12304,1.12305,1120000,1500000
2019.06.19 19:57:52.202,1.12301,1.12303,1620000,2250000
2019.06.19 19:57:52.319,1.12301,1.12303,1000000,1500000
2019.06.19 19:57:52.379,1.12301,1.12304,2700000,1000000
2019.06.19 19:57:52.780,1.12301,1.12303,1000000,1500000
2019.06.19 19:57:53.734,1.12301,1.12304,1870000,1000000
2019.06.19 19:57:54.859,1.12305,1.12306,5320000,1500000
2019.06.19 19:57:54.969,1.12307,1.12309,1950000,3500000
2019.06.19 19:57:55.071,1.12309,1.12311,6690000,1000000
2019.06.19 19:57:55.174,1.12306,1.12308,1570000,1500000
2019.06.19 19:57:55.225,1.12305,1.12307,1000000,1500000
2019.06.19 19:57:55.336,1.12305,1.12306,1000000,1000000
2019.06.19 19:57:57.262,1.12305,1.12308,3950000,1000000
2019.06.19 19:57:57.374,1.12305,1.12306,1000000,1000000
2019.06.19 19:57:58.321,1.12305,1.12307,1120000,1500000
2019.06.19 19:57:58.634,1.12305,1.12306,1000000,1000000
2019.06.19 19:57:58.737,1.12305,1.12307,1870000,1120000
2019.06.19 19:57:59.691,1.12308,1.12309,2700000,1000000
2019.06.19 19:57:59.917,1.12307,1.12309,1620000,1500000
2019.06.19 19:58:00.079,1.12306,1.12307,1000000,1500000
2019.06.19 19:58:00.181,1.12305,1.12306,1000000,1000000
2019.06.19 19:58:02.381,1.12305,1.12307,2310000,1000000
2019.06.19 19:58:02.490,1.12303,1.12304,1000000,1000000
2019.06.19 19:58:02.541,1.12304,1.12306,3940000,1000000
2019.06.19 19:58:02.752,1.12304,1.12305,1500000,1000000
2019.06.19 19:58:02.855,1.12304,1.12306,1500000,1000000
2019.06.19 19:58:03.110,1.12304,1.12305,1000000,1000000
2019.06.19 19:58:03.219,1.12304,1.12306,5140000,1000000
2019.06.19 19:58:03.322,1.12304,1.12305,1250000,1000000
2019.06.19 19:58:03.547,1.12303,1.12305,1750000,1870000
2019.06.19 19:58:03.681,1.12304,1.12305,1500000,1000000
2019.06.19 19:58:03.797,1.12304,1.12306,2890000,1000000
2019.06.19 19:58:03.899,1.12304,1.12306,5200000,1000000
2019.06.19 19:58:04.185,1.12304,1.12306,1690000,1000000
2019.06.19 19:58:04.757,1.12305,1.12307,1000000,2750000
2019.06.19 19:58:05.186,1.12304,1.12306,9560000,2000000
2019.06.19 19:58:08.173,1.12301,1.12303,1120000,2370000
2019.06.19 19:58:08.276,1.12299,1.12302,6750000,1000000
2019.06.19 19:58:08.488,1.12299,1.12301,1120000,1500000
2019.06.19 19:58:08.990,1.12299,1.12302,1870000,1000000
2019.06.19 19:58:10.350,1.12299,1.12301,2620000,1500000
2019.06.19 19:58:10.401,1.12297,1.12299,1000000,1500000
2019.06.19 19:58:10.504,1.12295,1.12296,1500000,1500000
2019.06.19 19:58:10.631,1.12294,1.12296,1000000,1500000
2019.06.19 19:58:11.020,1.12293,1.12296,1250000,2250000
2019.06.19 19:58:11.788,1.12294,1.12296,1000000,1000000
2019.06.19 19:58:11.896,1.12293,1.12296,1000000,3000000
2019.06.19 19:58:12.336,1.12294,1.12296,1500000,1120000
2019.06.19 19:58:13.526,1.12294,1.12297,2580000,1500000
2019.06.19 19:58:13.655,1.12296,1.12298,5950000,1810000
2019.06.19 19:58:13.759,1.12296,1.12297,1000000,1250000
2019.06.19 19:58:13.871,1.12295,1.12296,1000000,2250000
2019.06.19 19:58:13.973,1.12295,1.12296,1000000,1000000
2019.06.19 19:58:14.564,1.12293,1.12295,2500000,1500000
2019.06.19 19:58:14.666,1.12293,1.12295,1950000,1500000
2019.06.19 19:58:14.773,1.12293,1.12296,3750000,2250000
2019.06.19 19:58:15.024,1.12293,1.12297,1120000,2250000
2019.06.19 19:58:15.126,1.12294,1.12297,1000000,3000000
2019.06.19 19:58:15.365,1.12296,1.12299,7510000,1250000
2019.06.19 19:58:15.467,1.12296,1.12299,4010000,1250000
2019.06.19 19:58:16.406,1.12296,1.12298,1000000,2440000
2019.06.19 19:58:16.508,1.12296,1.12299,3260000,1690000
2019.06.19 19:58:17.130,1.12296,1.12298,2440000,1000000
2019.06.19 19:58:17.181,1.12294,1.12297,3820000,2250000
2019.06.19 19:58:17.283,1.12295,1.12297,5510000,1500000
2019.06.19 19:58:17.385,1.12296,1.12299,5720000,1000000
2019.06.19 19:58:17.494,1.12296,1.123,14260000,1500000
2019.06.19 19:58:17.829,1.12298,1.123,1570000,1500000
2019.06.19 19:58:17.945,1.12298,1.12301,3370000,3120000
2019.06.19 19:58:18.098,1.12298,1.123,1000000,1620000
2019.06.19 19:58:18.149,1.12297,1.12298,1120000,1000000
2019.06.19 19:58:18.253,1.12296,1.12297,1000000,1120000
2019.06.19 19:58:18.718,1.12294,1.12297,2620000,1500000
2019.06.19 19:58:20.459,1.12294,1.12296,1250000,2000000
2019.06.19 19:58:24.373,1.12295,1.12298,2320000,1810000
2019.06.19 19:58:24.476,1.12296,1.12298,1000000,1870000
2019.06.19 19:58:24.591,1.12297,1.12299,1870000,1000000
2019.06.19 19:58:24.795,1.12298,1.123,1000000,3000000
2019.06.19 19:58:24.898,1.12299,1.12302,3820000,1500000
2019.06.19 19:58:25.073,1.12299,1.12301,1120000,2750000
2019.06.19 19:58:25.228,1.12298,1.12299,1690000,1500000
2019.06.19 19:58:25.279,1.12297,1.12298,1000000,1000000
2019.06.19 19:58:26.315,1.12298,1.12299,1100000,1000000
2019.06.19 19:58:26.428,1.12298,1.12301,9260000,2250000
2019.06.19 19:58:26.530,1.12298,1.123,2810000,2250000
2019.06.19 19:58:26.632,1.12297,1.12299,1000000,1500000
2019.06.19 19:58:27.878,1.12297,1.123,4010000,1500000
2019.06.19 19:58:28.353,1.12297,1.12299,1000000,2000000
2019.06.19 19:58:28.459,1.12298,1.12301,7870000,1500000
2019.06.19 19:58:30.260,1.12298,1.12301,4310000,1500000
2019.06.19 19:58:31.185,1.12298,1.123,1310000,1620000
2019.06.19 19:58:31.289,1.12296,1.12298,2250000,1000000
2019.06.19 19:58:31.444,1.12297,1.12298,1500000,1000000
2019.06.19 19:58:31.570,1.12296,1.12297,1500000,1000000
2019.06.19 19:58:31.672,1.12295,1.12296,1000000,1000000
2019.06.19 19:58:32.510,1.12295,1.12297,2320000,1000000
2019.06.19 19:58:34.372,1.12295,1.12297,2900000,2250000
2019.06.19 19:58:34.475,1.12296,1.12298,1090000,1000000
2019.06.19 19:58:34.999,1.12296,1.12299,3750000,1500000
2019.06.19 19:58:35.914,1.12297,1.12299,1950000,1000000
2019.06.19 19:58:36.117,1.12296,1.12299,1200000,4120000
2019.06.19 19:58:36.780,1.12297,1.12299,3450000,1000000
2019.06.19 19:58:37.059,1.12296,1.12299,1120000,4950000
2019.06.19 19:58:38.451,1.12296,1.12298,2250000,1000000
2019.06.19 19:58:38.502,1.12294,1.12296,1000000,4470000
2019.06.19 19:58:38.657,1.12295,1.12297,1000000,1000000
2019.06.19 19:58:38.766,1.12295,1.12296,1000000,1000000
2019.06.19 19:58:38.818,1.12295,1.12298,3070000,1000000
2019.06.19 19:58:38.921,1.12295,1.12297,1000000,1000000
2019.06.19 19:58:39.368,1.12294,1.12295,1250000,2250000
2019.06.19 19:58:39.470,1.12295,1.12297,1120000,1500000
2019.06.19 19:58:39.978,1.12295,1.12297,1120000,1500000
2019.06.19 19:58:40.441,1.12295,1.12297,2450000,1120000
2019.06.19 19:58:41.877,1.12295,1.12296,2440000,1000000
2019.06.19 19:58:42.295,1.12295,1.12297,1120000,1000000
2019.06.19 19:58:45.123,1.12295,1.12296,1690000,1000000
2019.06.19 19:58:45.449,1.12295,1.12297,2700000,1000000
2019.06.19 19:58:49.354,1.12295,1.12296,1000000,1000000
2019.06.19 19:58:49.457,1.12295,1.12297,4500000,1000000
2019.06.19 19:58:49.629,1.12295,1.12296,1000000,1000000
2019.06.19 19:58:49.782,1.12295,1.12297,1870000,1000000
2019.06.19 19:58:51.452,1.12294,1.12296,4430000,1120000
2019.06.19 19:58:51.554,1.12293,1.12294,1500000,1500000
2019.06.19 19:58:51.711,1.12294,1.12295,1250000,1120000
2019.06.19 19:58:51.813,1.12294,1.12296,4930000,1500000
2019.06.19 19:58:52.017,1.12294,1.12296,3010000,1120000
2019.06.19 19:58:53.743,1.12294,1.12296,1560000,1500000
2019.06.19 19:58:53.845,1.12294,1.12297,4120000,1500000
2019.06.19 19:58:53.947,1.12294,1.12295,1000000,1120000
2019.06.19 19:58:54.386,1.12295,1.12297,1870000,1500000
2019.06.19 19:58:54.699,1.12299,1.12301,2500000,1120000
2019.06.19 19:58:54.751,1.123,1.12302,1310000,1500000
2019.06.19 19:58:54.853,1.12302,1.12304,3200000,1000000
2019.06.19 19:58:54.957,1.12304,1.12307,1100000,2250000
2019.06.19 19:58:55.069,1.12304,1.12307,1870000,3940000
2019.06.19 19:58:55.429,1.12302,1.12303,1870000,2440000
2019.06.19 19:58:55.531,1.12301,1.12302,1000000,1000000
2019.06.19 19:58:55.684,1.12301,1.12303,4500000,1000000
2019.06.19 19:58:55.786,1.12301,1.12302,1000000,1000000
2019.06.19 19:58:55.997,1.123,1.12301,1000000,2250000
2019.06.19 19:58:56.099,1.123,1.12302,1500000,1000000
2019.06.19 19:58:56.546,1.123,1.12301,1000000,1500000
2019.06.19 19:58:56.871,1.12301,1.12302,3370000,1000000
2019.06.19 19:58:57.050,1.12302,1.12303,1200000,1000000
2019.06.19 19:58:57.153,1.12301,1.12303,1120000,1250000
2019.06.19 19:58:57.256,1.12302,1.12303,1120000,1000000
2019.06.19 19:58:57.363,1.123,1.12302,1000000,1250000
2019.06.19 19:58:58.309,1.123,1.12302,1620000,1000000
2019.06.19 19:59:02.707,1.12301,1.12303,1200000,1000000
2019.06.19 19:59:02.811,1.12301,1.12302,1000000,1120000
2019.06.19 19:59:02.914,1.123,1.12303,5060000,2750000
2019.06.19 19:59:03.936,1.12301,1.12302,1000000,1120000
2019.06.19 19:59:04.217,1.123,1.12302,1000000,2750000
2019.06.19 19:59:05.734,1.123,1.12302,2370000,1870000
2019.06.19 19:59:05.836,1.123,1.12302,1000000,1870000
2019.06.19 19:59:05.938,1.123,1.12303,5890000,1870000
2019.06.19 19:59:06.150,1.12301,1.12302,1000000,1000000
2019.06.19 19:59:07.325,1.12299,1.12302,1000000,2150000
2019.06.19 19:59:07.736,1.12299,1.12302,1520000,2000000
2019.06.19 19:59:07.889,1.12299,1.123,1000000,1000000
2019.06.19 19:59:07.991,1.12299,1.12301,4310000,1000000
2019.06.19 19:59:08.924,1.12299,1.123,1000000,1500000
2019.06.19 19:59:09.056,1.12299,1.12303,7140000,1500000
2019.06.19 19:59:10.107,1.12299,1.12301,1250000,1000000
2019.06.19 19:59:10.159,1.12297,1.12299,1120000,2370000
2019.06.19 19:59:10.420,1.12297,1.123,1870000,2000000
2019.06.19 19:59:10.523,1.12299,1.12301,1200000,1500000
2019.06.19 19:59:10.630,1.12298,1.123,1000000,1500000
2019.06.19 19:59:10.794,1.12298,1.12301,2440000,1500000
2019.06.19 19:59:13.731,1.12298,1.123,1000000,1000000
2019.06.19 19:59:13.873,1.12298,1.12299,1000000,1500000
2019.06.19 19:59:13.975,1.12298,1.12301,3370000,2250000
2019.06.19 19:59:14.930,1.12297,1.12298,1000000,1200000
2019.06.19 19:59:15.032,1.12296,1.12298,2320000,2440000
2019.06.19 19:59:17.423,1.12296,1.123,5000000,3690000
2019.06.19 19:59:18.272,1.12299,1.12301,2140000,1000000
2019.06.19 19:59:20.090,1.12298,1.12299,1000000,1500000
2019.06.19 19:59:20.191,1.12299,1.12301,1690000,1000000
2019.06.19 19:59:27.366,1.12296,1.12297,1120000,4270000
2019.06.19 19:59:27.418,1.12293,1.12295,3660000,1120000
2019.06.19 19:59:27.470,1.1229,1.12291,1000000,2250000
2019.06.19 19:59:27.608,1.12288,1.12291,1200000,4700000
2019.06.19 19:59:29.547,1.12288,1.12292,4070000,2750000
2019.06.19 19:59:31.245,1.12288,1.12292,3370000,4320000
2019.06.19 19:59:31.347,1.1229,1.12292,1690000,1000000
2019.06.19 19:59:32.332,1.1229,1.12292,1750000,1000000
2019.06.19 19:59:32.385,1.1229,1.12293,2700000,1000000
2019.06.19 19:59:32.934,1.1229,1.12294,3750000,5830000
2019.06.19 19:59:33.036,1.12289,1.12293,1000000,2620000
2019.06.19 19:59:33.139,1.12291,1.12294,3750000,1000000
2019.06.19 19:59:33.275,1.1229,1.12293,1000000,6940000
2019.06.19 19:59:33.834,1.1229,1.12292,1000000,3370000
2019.06.19 19:59:34.205,1.12287,1.1229,1690000,5450000
2019.06.19 19:59:34.307,1.12287,1.1229,2440000,1500000
2019.06.19 19:59:36.277,1.12288,1.12291,1000000,2750000
2019.06.19 19:59:36.535,1.12288,1.1229,1000000,1000000
2019.06.19 19:59:37.786,1.12287,1.1229,1000000,3900000
2019.06.19 19:59:38.019,1.12288,1.1229,1500000,1000000
2019.06.19 19:59:38.362,1.12287,1.1229,1000000,3750000
2019.06.19 19:59:39.166,1.12287,1.12291,1870000,6370000
2019.06.19 19:59:39.532,1.12287,1.1229,1000000,7500000
2019.06.19 19:59:39.634,1.12287,1.12291,3190000,3750000
2019.06.19 19:59:40.700,1.12287,1.12289,3000000,2250000
2019.06.19 19:59:40.802,1.12286,1.12289,6000000,1250000
2019.06.19 19:59:40.903,1.12285,1.12288,1000000,6440000
2019.06.19 19:59:41.146,1.12285,1.12287,1500000,3440000
2019.06.19 19:59:41.248,1.12284,1.12287,1000000,5370000
2019.06.19 19:59:41.979,1.12285,1.12286,1500000,1120000
2019.06.19 19:59:42.030,1.12283,1.12286,2250000,1000000
2019.06.19 19:59:42.500,1.12283,1.12285,1500000,1120000
2019.06.19 19:59:42.622,1.12282,1.12285,2890000,3750000
2019.06.19 19:59:43.344,1.12282,1.12284,1000000,1000000
2019.06.19 19:59:44.623,1.12281,1.12284,1000000,3070000
2019.06.19 19:59:45.022,1.12282,1.12286,3890000,1000000
2019.06.19 19:59:45.442,1.12282,1.12286,2810000,4220000
2019.06.19 19:59:45.780,1.12282,1.12285,1690000,1000000
2019.06.19 19:59:46.221,1.12282,1.12285,1000000,2000000
2019.06.19 19:59:46.331,1.12282,1.12286,2060000,5170000
2019.06.19 19:59:46.971,1.12282,1.12285,1000000,6670000
2019.06.19 19:59:47.124,1.12282,1.12286,2060000,5100000
2019.06.19 19:59:47.277,1.12282,1.12285,1250000,4970000
2019.06.19 19:59:47.493,1.12282,1.12286,6370000,2720000
2019.06.19 19:59:47.753,1.12282,1.12285,1000000,4970000
2019.06.19 19:59:47.926,1.12282,1.12286,3560000,2720000
2019.06.19 19:59:48.088,1.12283,1.12286,3190000,1130000
2019.06.19 19:59:48.805,1.12283,1.12285,1000000,1130000
2019.06.19 19:59:49.003,1.12283,1.12286,2440000,1970000
2019.06.19 19:59:49.106,1.12284,1.12287,6260000,1970000
2019.06.19 19:59:49.209,1.12284,1.12288,2250000,3750000
2019.06.19 19:59:50.572,1.12287,1.12289,5320000,1500000
2019.06.19 19:59:50.675,1.12287,1.12291,1250000,2810000
2019.06.19 19:59:50.828,1.12287,1.12291,1250000,2620000
2019.06.19 19:59:52.430,1.12289,1.12292,6820000,1000000
2019.06.19 19:59:52.773,1.1229,1.12292,1120000,1000000
2019.06.19 19:59:52.984,1.12289,1.12292,1120000,3000000
2019.06.19 19:59:54.292,1.12292,1.12294,4990000,2250000
2019.06.19 19:59:54.395,1.12292,1.12296,2810000,1500000
2019.06.19 19:59:54.506,1.12293,1.12295,1000000,1570000
2019.06.19 19:59:54.960,1.12292,1.12296,1690000,2250000
2019.06.19 19:59:55.223,1.12293,1.12295,1000000,1000000
2019.06.19 19:59:55.426,1.12293,1.12296,3190000,1000000
2019.06.19 19:59:55.885,1.12293,1.12295,1000000,1000000
2019.06.19 19:59:56.152,1.12292,1.12296,1250000,2620000
2019.06.19 19:59:56.685,1.12292,1.12295,1000000,3820000
2019.06.19 19:59:57.320,1.12291,1.12294,5250000,2250000
2019.06.19 19:59:57.422,1.12291,1.12293,1570000,1000000
2019.06.19 19:59:57.806,1.12291,1.12292,1000000,1000000
2019.06.19 19:59:57.938,1.1229,1.12292,1000000,1250000
2019.06.19 19:59:58.040,1.1229,1.12293,1000000,1690000
2019.06.19 19:59:58.490,1.12291,1.12293,3370000,1000000
2019.06.19 19:59:59.351,1.1229,1.12292,3370000,1000000
2019.06.19 19:59:59.480,1.12289,1.1229,1100000,1000000
2019.06.19 19:59:59.582,1.12288,1.1229,1570000,1500000
2019.06.19 19:59:59.888,1.12288,1.12291,2440000,1500000
