2017.03.29 18:00:00.132,1.07551,1.07553,1.50,3.75
2017.03.29 18:00:00.841,1.0755,1.07552,1.12,3.75
2017.03.29 18:00:01.580,1.07547,1.07549,1.00,3.75
2017.03.29 18:00:02.336,1.07546,1.07549,4.50,3.75
2017.03.29 18:00:02.844,1.07547,1.07549,1.00,3.75
2017.03.29 18:00:03.371,1.07546,1.07549,5.62,3.75
2017.03.29 18:00:06.273,1.07547,1.07549,1.00,3.75
2017.03.29 18:00:06.779,1.07548,1.0755,2.25,3.75
2017.03.29 18:00:07.299,1.07549,1.07551,1.50,3.75
2017.03.29 18:00:07.820,1.07547,1.07549,1.50,3.75
2017.03.29 18:00:08.331,1.07547,1.07549,1.00,3.75
2017.03.29 18:00:09.385,1.07547,1.0755,3.56,3.75
2017.03.29 18:00:09.892,1.07547,1.07549,1.50,3.75
2017.03.29 18:00:10.437,1.07546,1.07549,3.00,3.75
2017.03.29 18:00:13.171,1.07545,1.07548,1.12,3.75
2017.03.29 18:00:13.272,1.07544,1.07547,4.87,3.75
2017.03.29 18:00:14.328,1.07544,1.07548,5.62,3.75
2017.03.29 18:00:14.634,1.07544,1.07546,2.62,3.75
2017.03.29 18:00:15.149,1.07544,1.07546,4.12,3.75
2017.03.29 18:00:16.404,1.07549,1.0755,1.00,4.80
2017.03.29 18:00:16.455,1.0755,1.07551,1.00,4.80
2017.03.29 18:00:16.684,1.07549,1.0755,3.00,3.75
2017.03.29 18:00:17.190,1.07549,1.07551,1.50,3.75
2017.03.29 18:00:18.978,1.0755,1.07552,1.00,3.75
2017.03.29 18:00:20.187,1.0755,1.07552,1.12,4.75
2017.03.29 18:00:20.933,1.07551,1.07552,1.00,4.50
2017.03.29 18:00:21.348,1.07548,1.0755,1.87,3.75
2017.03.29 18:00:21.399,1.07548,1.0755,1.87,3.75
2017.03.29 18:00:21.903,1.07547,1.07549,5.62,3.75
2017.03.29 18:00:22.106,1.07549,1.0755,1.00,3.75
2017.03.29 18:00:22.158,1.07549,1.07551,6.75,3.75
2017.03.29 18:00:22.664,1.0755,1.07552,1.50,3.75
2017.03.29 18:00:24.471,1.07551,1.07552,1.00,3.75
2017.03.29 18:00:26.990,1.07551,1.07552,1.00,3.75
2017.03.29 18:00:31.345,1.0755,1.07552,3.00,3.75
2017.03.29 18:00:35.001,1.0755,1.07552,1.12,3.75
2017.03.29 18:00:39.193,1.07549,1.07551,1.50,3.75
2017.03.29 18:00:39.345,1.07546,1.07549,4.69,3.75
2017.03.29 18:00:39.396,1.07546,1.07548,3.56,3.75
2017.03.29 18:00:39.499,1.07545,1.07547,1.50,3.75
2017.03.29 18:00:40.596,1.07545,1.07548,1.00,3.75
2017.03.29 18:00:41.673,1.07544,1.07546,2.47,3.75
2017.03.29 18:00:44.296,1.07543,1.07546,1.50,3.75
2017.03.29 18:00:44.802,1.07542,1.07546,1.00,4.50
2017.03.29 18:00:45.304,1.07541,1.07546,3.00,4.50
2017.03.29 18:00:46.072,1.07541,1.07544,2.10,3.75
2017.03.29 18:00:47.644,1.07542,1.07544,1.50,3.75
2017.03.29 18:00:48.277,1.07544,1.07545,1.00,3.75
2017.03.29 18:00:48.799,1.07544,1.07546,3.00,3.75
2017.03.29 18:00:50.917,1.07544,1.07546,7.50,3.75
2017.03.29 18:00:54.310,1.07545,1.07546,1.00,3.75
2017.03.29 18:00:58.281,1.07544,1.07546,3.97,3.75
2017.03.29 18:01:03.479,1.07543,1.07545,5.10,3.75
2017.03.29 18:01:04.899,1.07544,1.07547,1.50,3.75
2017.03.29 18:01:06.021,1.07544,1.07547,4.72,3.75
2017.03.29 18:01:06.529,1.07544,1.07548,4.22,4.50
2017.03.29 18:01:07.126,1.07544,1.07548,4.82,4.50
2017.03.29 18:01:08.016,1.07544,1.07547,7.45,3.75
2017.03.29 18:01:08.067,1.07547,1.07548,2.62,3.75
2017.03.29 18:01:08.119,1.07548,1.0755,1.00,1.00
2017.03.29 18:01:08.664,1.07546,1.0755,3.15,4.50
2017.03.29 18:01:09.169,1.07548,1.0755,1.50,3.75
2017.03.29 18:01:11.333,1.07549,1.0755,1.00,3.75
2017.03.29 18:01:11.435,1.07549,1.07552,3.75,1.00
2017.03.29 18:01:11.637,1.07547,1.07552,2.25,1.87
2017.03.29 18:01:12.492,1.07547,1.07551,1.87,1.00
2017.03.29 18:01:12.796,1.07547,1.07549,1.50,3.75
2017.03.29 18:01:13.408,1.07546,1.07549,1.72,3.75
2017.03.29 18:01:22.822,1.07546,1.07549,1.82,3.75
2017.03.29 18:01:23.606,1.07546,1.07549,1.35,3.75
2017.03.29 18:01:24.608,1.07546,1.07549,2.47,3.75
2017.03.29 18:01:29.475,1.07546,1.07549,1.12,3.75
2017.03.29 18:01:29.779,1.07544,1.07547,1.12,1.50
2017.03.29 18:01:30.336,1.07544,1.07549,2.35,6.37
2017.03.29 18:01:30.842,1.07544,1.07549,5.20,4.12
2017.03.29 18:01:31.391,1.07544,1.07549,4.22,4.87
2017.03.29 18:01:31.695,1.07544,1.07547,2.25,1.00
2017.03.29 18:01:32.808,1.07545,1.07547,1.12,1.00
2017.03.29 18:01:33.313,1.07545,1.07547,1.22,1.00
2017.03.29 18:01:33.937,1.07545,1.07549,1.35,3.75
2017.03.29 18:01:34.692,1.07545,1.07549,1.12,3.75
2017.03.29 18:01:35.596,1.07545,1.07549,2.57,3.75
2017.03.29 18:01:36.102,1.07547,1.0755,1.00,3.00
2017.03.29 18:01:36.269,1.07548,1.07553,4.87,1.37
2017.03.29 18:01:36.378,1.07549,1.07554,1.12,1.50
2017.03.29 18:01:36.980,1.07549,1.07553,1.12,1.00
2017.03.29 18:01:38.283,1.07548,1.07553,12.79,1.37
2017.03.29 18:01:38.721,1.07548,1.07554,10.35,2.62
2017.03.29 18:01:39.248,1.07549,1.07554,2.20,1.50
2017.03.29 18:01:39.784,1.07549,1.07554,1.72,2.25
2017.03.29 18:01:40.239,1.07548,1.07551,5.62,2.25
2017.03.29 18:01:40.391,1.07546,1.07551,1.12,4.87
2017.03.29 18:01:41.442,1.07546,1.07551,2.85,4.50
2017.03.29 18:01:47.135,1.07547,1.0755,1.50,1.00
2017.03.29 18:01:47.186,1.07547,1.07552,1.69,1.65
2017.03.29 18:01:47.439,1.07546,1.07552,7.12,2.62
2017.03.29 18:01:47.996,1.07546,1.07551,4.12,1.00
2017.03.29 18:01:48.566,1.07546,1.07551,3.97,1.00
2017.03.29 18:01:49.072,1.07547,1.07552,1.12,4.87
2017.03.29 18:01:53.414,1.07548,1.07552,4.12,1.50
2017.03.29 18:01:56.498,1.0755,1.07553,1.00,1.50
2017.03.29 18:01:56.751,1.07548,1.07554,8.10,6.00
2017.03.29 18:01:57.727,1.07548,1.07552,1.50,1.37
2017.03.29 18:01:57.972,1.07548,1.07554,6.94,3.75
2017.03.29 18:01:58.523,1.07548,1.07554,5.10,3.75
2017.03.29 18:01:58.828,1.07554,1.07555,3.00,1.87
2017.03.29 18:01:58.879,1.07554,1.07555,1.50,1.87
2017.03.29 18:01:58.930,1.07561,1.07563,1.37,14.06
2017.03.29 18:01:59.032,1.07562,1.07564,1.87,1.00
2017.03.29 18:01:59.134,1.07562,1.07566,1.50,1.87
2017.03.29 18:01:59.556,1.07564,1.07567,1.00,3.00
2017.03.29 18:01:59.860,1.07566,1.07568,1.12,4.50
2017.03.29 18:02:00.096,1.07566,1.07569,2.40,4.12
2017.03.29 18:02:03.697,1.07568,1.0757,3.00,1.00
2017.03.29 18:02:03.799,1.07569,1.07573,1.00,1.50
2017.03.29 18:02:06.983,1.07569,1.07573,1.35,1.37
2017.03.29 18:02:09.405,1.07569,1.07571,1.12,1.50
2017.03.29 18:02:09.456,1.07568,1.07571,1.87,5.62
2017.03.29 18:02:09.558,1.07567,1.07571,1.00,4.12
2017.03.29 18:02:10.245,1.07567,1.07571,1.00,2.62
2017.03.29 18:02:10.750,1.07567,1.07571,1.00,4.87
2017.03.29 18:02:11.267,1.07566,1.0757,1.00,1.37
2017.03.29 18:02:12.601,1.07565,1.07567,3.37,1.00
2017.03.29 18:02:12.904,1.07562,1.07567,6.22,2.25
2017.03.29 18:02:13.445,1.07562,1.07567,3.60,2.25
2017.03.29 18:02:13.687,1.07561,1.07563,5.85,1.00
2017.03.29 18:02:14.039,1.07559,1.07563,4.12,1.50
2017.03.29 18:02:14.343,1.07562,1.07565,1.50,1.50
2017.03.29 18:02:14.647,1.07565,1.07568,1.87,2.10
2017.03.29 18:02:14.698,1.07565,1.07569,1.87,2.25
2017.03.29 18:02:17.425,1.07566,1.07569,1.00,1.50
2017.03.29 18:02:17.969,1.07567,1.07572,2.25,2.62
2017.03.29 18:02:18.194,1.07566,1.07571,5.25,1.87
2017.03.29 18:02:18.722,1.07566,1.07571,4.50,1.87
2017.03.29 18:02:20.856,1.07566,1.07569,1.50,1.00
2017.03.29 18:02:22.487,1.07567,1.07569,1.12,1.00
2017.03.29 18:02:22.791,1.07569,1.07572,3.75,1.12
2017.03.29 18:02:22.844,1.0757,1.07573,2.25,1.00
2017.03.29 18:02:24.356,1.0757,1.07573,5.25,1.00
2017.03.29 18:02:25.192,1.07569,1.07573,5.25,2.62
2017.03.29 18:02:25.648,1.0757,1.07573,2.25,1.50
2017.03.29 18:02:26.154,1.0757,1.07573,1.87,1.12
2017.03.29 18:02:26.476,1.07568,1.07569,2.25,1.00
2017.03.29 18:02:26.527,1.07567,1.07569,1.12,1.12
2017.03.29 18:02:27.081,1.07566,1.07569,3.75,1.12
2017.03.29 18:02:28.062,1.07566,1.0757,5.85,1.00
2017.03.29 18:02:28.113,1.07569,1.07571,1.37,3.00
2017.03.29 18:02:28.215,1.07569,1.07573,3.15,2.25
2017.03.29 18:02:30.856,1.07569,1.07573,5.62,1.12
2017.03.29 18:02:31.458,1.07569,1.07573,2.62,1.12
2017.03.29 18:02:33.106,1.07571,1.07573,1.00,1.00
2017.03.29 18:02:33.642,1.07569,1.07573,5.25,1.00
2017.03.29 18:02:38.626,1.07571,1.07573,1.00,1.00
2017.03.29 18:02:39.675,1.07571,1.07574,1.50,1.87
2017.03.29 18:02:40.182,1.07572,1.07573,1.00,1.00
2017.03.29 18:02:41.497,1.07572,1.07574,1.50,1.50
2017.03.29 18:02:42.155,1.07571,1.07574,1.12,1.50
2017.03.29 18:02:42.690,1.07569,1.07573,1.12,1.12
2017.03.29 18:02:43.449,1.07568,1.07572,9.00,1.00
2017.03.29 18:02:43.955,1.07569,1.07572,2.62,1.00
2017.03.29 18:02:45.203,1.07568,1.0757,1.00,1.00
2017.03.29 18:02:46.089,1.07568,1.07571,2.25,1.12
2017.03.29 18:02:46.241,1.0757,1.07573,1.00,2.62
2017.03.29 18:02:46.343,1.0757,1.07571,1.12,1.00
2017.03.29 18:02:46.895,1.07569,1.07571,1.87,1.00
2017.03.29 18:02:47.417,1.07568,1.07571,1.87,1.00
2017.03.29 18:02:48.365,1.07568,1.0757,1.12,1.00
2017.03.29 18:02:49.007,1.07569,1.0757,1.00,1.00
2017.03.29 18:02:49.638,1.07568,1.0757,1.50,1.00
2017.03.29 18:02:49.941,1.0757,1.07572,1.12,1.00
2017.03.29 18:02:50.448,1.07569,1.07573,1.12,1.12
2017.03.29 18:02:54.055,1.0757,1.07573,1.00,1.12
2017.03.29 18:02:54.577,1.07569,1.07572,3.37,1.00
2017.03.29 18:02:56.056,1.07569,1.07573,4.12,1.00
2017.03.29 18:02:57.364,1.07571,1.07573,1.00,1.00
2017.03.29 18:02:57.836,1.07569,1.07571,1.87,1.00
2017.03.29 18:02:57.938,1.07567,1.07569,1.12,1.00
2017.03.29 18:03:06.480,1.07566,1.0757,4.50,1.00
2017.03.29 18:03:06.734,1.07568,1.07572,1.25,1.12
2017.03.29 18:03:07.334,1.07568,1.07571,1.25,1.00
2017.03.29 18:03:07.715,1.07569,1.07572,1.87,1.00
2017.03.29 18:03:08.230,1.07569,1.07573,3.37,1.50
2017.03.29 18:03:09.521,1.0757,1.07571,1.12,1.00
2017.03.29 18:03:20.148,1.0757,1.07571,1.00,1.12
2017.03.29 18:03:20.427,1.07567,1.07569,1.50,1.00
2017.03.29 18:03:42.624,1.07566,1.07569,1.87,1.00
2017.03.29 18:03:42.676,1.07565,1.07567,3.52,1.00
2017.03.29 18:03:42.878,1.07564,1.07565,1.12,1.12
2017.03.29 18:03:43.414,1.07562,1.07564,1.31,1.00
2017.03.29 18:03:43.815,1.07561,1.07564,1.31,1.50
2017.03.29 18:03:45.765,1.07561,1.07563,1.31,1.00
2017.03.29 18:03:49.045,1.07561,1.07564,1.31,1.00
2017.03.29 18:03:50.848,1.0756,1.07564,4.69,1.00
2017.03.29 18:03:51.360,1.0756,1.07564,3.19,1.00
2017.03.29 18:03:54.385,1.07559,1.07561,12.94,1.00
2017.03.29 18:03:54.691,1.0756,1.07562,1.00,1.12
2017.03.29 18:03:55.197,1.07559,1.07563,4.50,3.00
2017.03.29 18:03:55.299,1.0756,1.07563,4.12,1.00
2017.03.29 18:03:57.902,1.07561,1.07564,1.37,1.50
2017.03.29 18:03:58.209,1.07564,1.07568,1.87,1.50
2017.03.29 18:03:59.454,1.07564,1.07567,3.75,1.12
2017.03.29 18:03:59.806,1.07564,1.07565,1.12,1.00
2017.03.29 18:04:00.110,1.07564,1.07567,1.50,2.62
2017.03.29 18:04:00.659,1.07564,1.07566,1.00,1.00
2017.03.29 18:04:01.590,1.07566,1.07568,1.00,1.00
2017.03.29 18:04:10.922,1.07566,1.0757,1.87,1.87
2017.03.29 18:04:11.669,1.07566,1.0757,1.87,1.87
2017.03.29 18:04:12.733,1.07566,1.0757,1.50,1.50
2017.03.29 18:04:13.318,1.07567,1.0757,1.12,1.00
2017.03.29 18:04:13.833,1.07567,1.07571,1.37,2.62
2017.03.29 18:04:14.365,1.07567,1.07571,1.12,3.00
2017.03.29 18:04:41.526,1.07567,1.0757,1.12,1.00
2017.03.29 18:04:42.454,1.07568,1.0757,1.00,1.00
2017.03.29 18:04:43.005,1.07568,1.07571,1.00,3.75
2017.03.29 18:04:46.407,1.07568,1.0757,1.00,1.00
2017.03.29 18:04:52.878,1.07568,1.07571,1.00,3.00
2017.03.29 18:04:52.981,1.0757,1.07572,1.37,4.50
2017.03.29 18:04:53.085,1.0757,1.07573,6.37,1.00
2017.03.29 18:04:53.187,1.07571,1.07576,1.12,3.00
2017.03.29 18:05:22.784,1.07572,1.07575,1.00,1.12
2017.03.29 18:05:27.526,1.07572,1.07576,1.12,4.50
2017.03.29 18:05:30.170,1.07572,1.07576,1.00,3.00
2017.03.29 18:05:31.989,1.07572,1.07576,1.00,2.62
2017.03.29 18:05:33.955,1.07572,1.07576,1.00,5.25
2017.03.29 18:05:35.639,1.07574,1.07577,6.97,6.37
2017.03.29 18:05:35.792,1.07577,1.07579,4.50,1.00
2017.03.29 18:05:35.944,1.0758,1.07582,1.37,2.62
2017.03.29 18:05:36.180,1.07579,1.07583,3.37,1.50
2017.03.29 18:05:36.685,1.07579,1.07584,3.37,2.25
2017.03.29 18:05:36.959,1.07578,1.07582,4.87,3.37
2017.03.29 18:05:37.364,1.07576,1.07581,1.31,1.87
2017.03.29 18:05:37.714,1.07572,1.07576,5.40,1.00
2017.03.29 18:05:37.765,1.07574,1.07579,3.37,4.12
2017.03.29 18:05:38.975,1.07574,1.07578,1.37,1.00
2017.03.29 18:05:39.557,1.07575,1.07579,1.12,1.12
2017.03.29 18:05:41.426,1.07574,1.07579,2.62,1.87
2017.03.29 18:05:45.015,1.07574,1.07578,1.50,4.87
2017.03.29 18:05:45.117,1.07572,1.07575,1.50,1.12
2017.03.29 18:05:45.690,1.07571,1.07576,3.19,1.87
2017.03.29 18:05:48.569,1.0757,1.07575,2.81,1.87
2017.03.29 18:05:49.322,1.07569,1.07573,2.06,1.00
2017.03.29 18:05:51.685,1.07569,1.07573,1.69,1.37
2017.03.29 18:05:51.838,1.07566,1.07571,6.75,1.12
2017.03.29 18:05:52.559,1.07565,1.0757,7.50,1.00
2017.03.29 18:05:52.817,1.07565,1.0757,9.00,1.00
2017.03.29 18:05:58.280,1.07565,1.0757,6.19,1.12
2017.03.29 18:05:58.862,1.07565,1.0757,7.69,1.00
2017.03.29 18:06:01.727,1.07565,1.0757,3.19,1.87
2017.03.29 18:06:02.032,1.07564,1.07566,1.00,1.37
2017.03.29 18:06:02.181,1.07562,1.07565,1.00,1.87
2017.03.29 18:06:02.709,1.0756,1.07564,6.19,1.00
2017.03.29 18:06:04.681,1.0756,1.07565,6.19,1.50
2017.03.29 18:06:09.553,1.0756,1.07565,7.69,1.12
2017.03.29 18:06:12.207,1.0756,1.07564,7.31,1.00
2017.03.29 18:06:22.808,1.0756,1.07565,8.06,1.12
2017.03.29 18:06:24.455,1.07561,1.07566,1.37,3.37
2017.03.29 18:06:24.908,1.07565,1.07567,1.87,4.50
2017.03.29 18:06:25.060,1.07565,1.07569,2.62,1.87
2017.03.29 18:06:25.586,1.07566,1.0757,3.37,1.87
2017.03.29 18:06:26.130,1.07567,1.07571,4.12,1.50
2017.03.29 18:06:26.433,1.07567,1.07572,1.12,3.75
2017.03.29 18:06:26.978,1.07567,1.07571,1.37,1.50
2017.03.29 18:06:27.959,1.07567,1.07571,1.12,1.87
2017.03.29 18:06:29.420,1.07567,1.07571,1.37,1.50
2017.03.29 18:06:30.156,1.07566,1.07571,1.37,1.12
2017.03.29 18:06:38.353,1.07566,1.0757,1.87,1.00
2017.03.29 18:07:07.729,1.07565,1.0757,6.56,2.62
2017.03.29 18:07:08.427,1.07565,1.0757,7.31,2.25
2017.03.29 18:07:19.448,1.07567,1.07571,1.87,1.87
2017.03.29 18:07:42.956,1.07566,1.0757,3.37,1.00
2017.03.29 18:07:44.369,1.07566,1.07571,3.37,1.87
2017.03.29 18:07:48.119,1.07566,1.07571,3.75,1.50
2017.03.29 18:07:55.995,1.07566,1.07571,3.00,1.37
2017.03.29 18:07:58.047,1.07567,1.07571,1.00,1.37
2017.03.29 18:07:58.579,1.07567,1.07571,1.50,1.00
2017.03.29 18:07:59.193,1.07567,1.0757,1.00,1.00
2017.03.29 18:07:59.738,1.07566,1.0757,3.00,1.00
2017.03.29 18:08:01.035,1.07566,1.07569,2.62,1.00
2017.03.29 18:08:01.829,1.07566,1.0757,2.62,1.00
2017.03.29 18:08:07.350,1.07567,1.0757,1.37,1.00
2017.03.29 18:08:15.683,1.07567,1.07569,1.12,1.00
2017.03.29 18:08:16.982,1.07566,1.07569,3.37,1.00
2017.03.29 18:08:17.537,1.07566,1.07569,2.81,1.00
2017.03.29 18:08:19.200,1.07566,1.07569,1.12,1.12
2017.03.29 18:08:19.857,1.07565,1.07566,1.00,1.00
2017.03.29 18:08:20.198,1.07563,1.07564,1.00,1.00
2017.03.29 18:08:20.725,1.07563,1.07565,1.00,1.12
2017.03.29 18:08:21.237,1.07564,1.07565,1.00,1.00
2017.03.29 18:08:41.309,1.07564,1.07566,3.37,1.12
2017.03.29 18:08:41.411,1.07564,1.07569,13.12,1.50
2017.03.29 18:08:46.607,1.07564,1.07566,3.37,1.00
2017.03.29 18:08:53.182,1.07563,1.07565,1.00,1.12
2017.03.29 18:08:53.689,1.07563,1.07566,1.00,6.00
2017.03.29 18:08:54.504,1.07564,1.07565,1.00,1.00
2017.03.29 18:08:55.117,1.07563,1.07565,1.12,1.00
2017.03.29 18:08:57.392,1.07564,1.07565,1.00,1.00
2017.03.29 18:08:58.940,1.07561,1.07565,4.87,1.00
2017.03.29 18:09:03.681,1.07561,1.07565,1.37,1.00
2017.03.29 18:09:04.200,1.07562,1.07565,1.37,1.00
2017.03.29 18:09:06.557,1.07561,1.07565,2.62,1.00
2017.03.29 18:09:12.930,1.07562,1.07565,1.37,1.00
2017.03.29 18:09:13.627,1.07561,1.07565,1.87,1.00
2017.03.29 18:09:14.154,1.0756,1.07565,4.50,1.87
2017.03.29 18:09:14.767,1.07561,1.07565,1.37,1.50
2017.03.29 18:09:15.080,1.07564,1.07566,1.00,1.12
2017.03.29 18:09:15.586,1.07562,1.07565,1.37,1.00
2017.03.29 18:09:16.264,1.07565,1.07566,1.12,1.87
2017.03.29 18:09:16.518,1.07565,1.07568,1.37,1.00
2017.03.29 18:09:18.289,1.07565,1.07568,1.50,1.50
2017.03.29 18:09:18.796,1.07566,1.07568,1.12,1.00
2017.03.29 18:09:18.941,1.07567,1.07569,1.37,1.00
2017.03.29 18:09:19.451,1.07567,1.07569,1.00,1.00
2017.03.29 18:09:19.953,1.07565,1.07569,1.37,1.12
2017.03.29 18:09:37.438,1.07564,1.07569,4.50,2.50
2017.03.29 18:09:41.374,1.07564,1.07567,1.87,1.12
2017.03.29 18:09:41.554,1.07561,1.07565,1.50,1.87
2017.03.29 18:09:42.087,1.07561,1.07565,1.00,2.62
2017.03.29 18:09:42.734,1.0756,1.07565,5.62,2.62
2017.03.29 18:09:43.636,1.0756,1.07563,3.75,1.00
2017.03.29 18:09:44.177,1.07559,1.07563,1.00,1.87
2017.03.29 18:09:44.738,1.07559,1.07563,1.50,1.87
2017.03.29 18:09:45.773,1.07559,1.07563,1.50,1.00
2017.03.29 18:09:46.288,1.07559,1.07563,1.00,1.37
2017.03.29 18:09:47.668,1.07559,1.07563,1.00,1.87
2017.03.29 18:09:48.183,1.07559,1.07563,1.00,1.87
2017.03.29 18:09:56.152,1.07559,1.07563,3.00,1.00
2017.03.29 18:09:56.680,1.0756,1.07565,1.87,3.75
2017.03.29 18:09:58.085,1.0756,1.07563,1.00,1.00
2017.03.29 18:09:58.592,1.07559,1.07564,2.62,2.62
2017.03.29 18:09:59.098,1.07559,1.07564,5.25,1.12
2017.03.29 18:09:59.626,1.07557,1.07561,2.25,2.62
2017.03.29 18:10:00.034,1.07555,1.0756,5.55,1.00
2017.03.29 18:10:00.237,1.07555,1.0756,1.87,4.12
2017.03.29 18:10:00.440,1.07555,1.0756,1.00,2.62
2017.03.29 18:10:00.946,1.07555,1.0756,1.87,1.87
2017.03.29 18:10:02.974,1.07554,1.07559,4.12,1.12
2017.03.29 18:10:03.410,1.07553,1.07556,4.12,1.87
2017.03.29 18:10:03.512,1.07552,1.07555,1.00,1.37
2017.03.29 18:10:03.614,1.0755,1.07555,3.37,2.25
2017.03.29 18:10:04.699,1.07549,1.07555,8.06,4.12
2017.03.29 18:10:08.066,1.07549,1.07553,2.62,1.00
2017.03.29 18:10:08.776,1.07549,1.07554,3.37,1.87
2017.03.29 18:10:12.077,1.07549,1.07554,3.00,2.62
2017.03.29 18:10:13.168,1.07549,1.07554,4.12,2.62
2017.03.29 18:10:14.696,1.0755,1.07554,1.00,1.87
2017.03.29 18:10:15.242,1.07549,1.07554,2.62,2.62
2017.03.29 18:10:22.652,1.0755,1.07554,1.50,1.12
2017.03.29 18:10:27.296,1.07554,1.07555,1.00,1.50
2017.03.29 18:10:27.347,1.07555,1.07556,1.00,1.87
2017.03.29 18:10:27.450,1.07556,1.07558,1.12,1.00
2017.03.29 18:10:27.620,1.07557,1.0756,1.00,1.50
2017.03.29 18:10:27.671,1.07555,1.0756,2.62,1.87
2017.03.29 18:10:28.268,1.07555,1.0756,2.62,1.87
2017.03.29 18:10:29.752,1.07554,1.07559,4.87,1.12
2017.03.29 18:10:30.376,1.07556,1.07559,1.00,1.50
2017.03.29 18:10:31.127,1.07556,1.07559,1.00,1.50
2017.03.29 18:10:32.769,1.07556,1.07559,1.00,2.25
2017.03.29 18:10:35.445,1.07554,1.07558,2.25,1.87
2017.03.29 18:10:35.794,1.07551,1.07555,1.00,1.37
2017.03.29 18:10:36.355,1.0755,1.07555,3.37,1.37
2017.03.29 18:10:39.474,1.0755,1.07553,1.50,1.12
2017.03.29 18:10:40.078,1.0755,1.07554,1.00,2.62
2017.03.29 18:10:40.604,1.07551,1.07555,1.00,5.25
2017.03.29 18:10:41.466,1.07551,1.07555,1.12,1.50
2017.03.29 18:10:41.993,1.07551,1.07555,1.00,1.37
2017.03.29 18:10:42.494,1.07551,1.07555,1.00,1.00
2017.03.29 18:10:53.259,1.07551,1.07555,1.00,1.37
2017.03.29 18:10:53.680,1.0755,1.07554,2.25,6.75
2017.03.29 18:10:53.833,1.0755,1.07554,1.00,4.50
2017.03.29 18:10:54.350,1.07551,1.07555,1.00,3.00
2017.03.29 18:10:54.858,1.07551,1.07555,1.00,2.25
2017.03.29 18:10:57.797,1.07551,1.07556,1.00,3.37
2017.03.29 18:10:59.641,1.07553,1.07556,6.75,1.00
2017.03.29 18:10:59.845,1.07555,1.07559,1.00,2.62
2017.03.29 18:11:00.202,1.07558,1.07561,1.00,4.87
2017.03.29 18:11:00.671,1.07559,1.07561,1.00,1.50
2017.03.29 18:11:00.823,1.0756,1.07564,1.00,6.75
2017.03.29 18:11:00.924,1.0756,1.07564,1.00,2.25
2017.03.29 18:11:01.430,1.07561,1.07565,1.00,3.75
2017.03.29 18:11:03.811,1.07562,1.07565,1.00,1.00
2017.03.29 18:11:05.218,1.07562,1.07566,1.00,4.12
2017.03.29 18:11:05.751,1.07562,1.07566,1.00,1.87
2017.03.29 18:11:07.701,1.07562,1.07566,1.12,1.50
2017.03.29 18:11:08.228,1.07563,1.07566,1.00,1.00
2017.03.29 18:11:08.818,1.07562,1.07566,1.00,1.87
2017.03.29 18:11:08.869,1.07561,1.07564,3.45,1.00
2017.03.29 18:11:09.381,1.0756,1.07564,1.20,4.50
2017.03.29 18:11:09.887,1.07561,1.07565,1.00,1.50
2017.03.29 18:11:14.773,1.07561,1.07564,1.00,1.12
2017.03.29 18:11:15.076,1.07561,1.07563,1.00,1.37
2017.03.29 18:11:15.582,1.07559,1.07563,1.50,1.37
2017.03.29 18:11:19.464,1.07559,1.07563,2.25,1.12
2017.03.29 18:11:21.244,1.07559,1.07563,2.25,1.37
2017.03.29 18:11:22.114,1.07559,1.07563,1.50,1.00
2017.03.29 18:11:23.082,1.07559,1.07563,2.25,1.37
2017.03.29 18:11:24.401,1.07559,1.07563,1.50,1.12
2017.03.29 18:11:28.405,1.07561,1.07564,1.00,1.00
2017.03.29 18:11:28.935,1.07561,1.07565,1.00,3.00
2017.03.29 18:11:47.912,1.07561,1.07564,1.00,1.00
2017.03.29 18:11:49.996,1.07561,1.07565,1.00,3.00
2017.03.29 18:12:11.548,1.07561,1.07566,1.87,2.62
2017.03.29 18:12:17.360,1.07561,1.07567,1.50,10.69
2017.03.29 18:12:17.909,1.07562,1.07566,1.00,3.00
2017.03.29 18:12:27.546,1.07561,1.07566,1.00,9.37
2017.03.29 18:12:40.146,1.07561,1.07563,1.00,1.00
2017.03.29 18:12:40.198,1.07559,1.07563,5.70,5.25
2017.03.29 18:12:40.403,1.07557,1.07562,1.00,3.37
2017.03.29 18:12:40.961,1.07558,1.07562,1.00,4.12
2017.03.29 18:12:41.014,1.0756,1.07562,1.12,1.00
2017.03.29 18:12:41.116,1.0756,1.07564,1.12,1.87
2017.03.29 18:12:41.562,1.0756,1.07564,1.00,5.62
2017.03.29 18:12:42.195,1.0756,1.07563,1.00,1.00
2017.03.29 18:12:42.745,1.07561,1.07564,1.00,2.25
2017.03.29 18:12:43.251,1.07561,1.07565,1.00,1.50
2017.03.29 18:12:53.443,1.07561,1.07565,1.00,4.50
2017.03.29 18:12:53.997,1.07561,1.07565,1.00,9.37
2017.03.29 18:12:54.591,1.0756,1.07565,1.50,9.00
2017.03.29 18:12:56.227,1.07561,1.07565,1.12,5.25
2017.03.29 18:12:56.746,1.07561,1.07566,1.12,6.19
2017.03.29 18:13:01.702,1.07562,1.07566,1.00,4.50
2017.03.29 18:13:02.250,1.07561,1.07566,2.62,4.50
2017.03.29 18:13:13.089,1.07561,1.07564,1.50,1.12
2017.03.29 18:13:13.409,1.07559,1.07561,1.00,1.87
2017.03.29 18:13:13.707,1.07557,1.07561,1.12,1.87
2017.03.29 18:13:15.085,1.07557,1.0756,1.00,1.00
2017.03.29 18:13:15.591,1.07556,1.07559,1.00,1.12
2017.03.29 18:13:23.180,1.07555,1.07558,1.00,1.50
2017.03.29 18:13:23.333,1.07553,1.07557,2.62,1.12
2017.03.29 18:13:24.182,1.07554,1.07558,1.00,3.00
2017.03.29 18:13:24.733,1.07554,1.07557,1.00,1.87
2017.03.29 18:13:28.086,1.07552,1.07557,2.70,6.37
2017.03.29 18:13:28.594,1.07552,1.07556,1.12,1.50
2017.03.29 18:13:29.733,1.07552,1.07556,1.00,1.87
2017.03.29 18:13:32.349,1.07552,1.07556,1.00,3.37
2017.03.29 18:13:44.095,1.07552,1.07556,1.00,1.87
2017.03.29 18:13:44.756,1.07552,1.07556,1.00,1.87
2017.03.29 18:13:51.871,1.07555,1.07556,1.00,1.00
2017.03.29 18:13:51.973,1.07556,1.07558,1.00,1.00
2017.03.29 18:13:52.075,1.07556,1.0756,1.12,1.50
2017.03.29 18:13:54.084,1.07556,1.07559,1.12,1.00
2017.03.29 18:14:05.173,1.07556,1.07561,1.00,4.87
2017.03.29 18:14:05.985,1.07557,1.07561,1.00,4.87
2017.03.29 18:14:06.524,1.07557,1.07561,1.00,5.62
2017.03.29 18:14:08.357,1.07556,1.0756,1.50,1.12
2017.03.29 18:14:10.037,1.07557,1.0756,1.00,1.87
2017.03.29 18:14:12.179,1.07556,1.0756,1.50,1.87
2017.03.29 18:14:14.194,1.07557,1.0756,1.00,1.12
2017.03.29 18:14:15.230,1.07557,1.07561,1.00,3.37
2017.03.29 18:14:15.775,1.07557,1.0756,1.00,1.87
2017.03.29 18:14:16.111,1.07555,1.07556,1.20,1.00
2017.03.29 18:14:16.314,1.07551,1.07556,1.50,3.75
2017.03.29 18:14:16.669,1.07551,1.07554,1.00,1.00
2017.03.29 18:14:17.179,1.0755,1.07554,2.62,1.00
2017.03.29 18:14:17.860,1.0755,1.07555,2.62,1.00
2017.03.29 18:14:21.195,1.07551,1.07556,1.00,3.37
2017.03.29 18:14:21.954,1.07551,1.07556,1.00,6.37
2017.03.29 18:14:22.455,1.0755,1.07556,4.20,4.12
2017.03.29 18:14:24.555,1.0755,1.07551,1.95,1.12
2017.03.29 18:14:24.708,1.07549,1.07554,1.87,3.75
2017.03.29 18:14:25.577,1.07551,1.07554,1.00,1.12
2017.03.29 18:14:27.710,1.0755,1.07555,1.50,1.87
2017.03.29 18:14:40.473,1.0755,1.07555,3.53,4.12
2017.03.29 18:14:41.107,1.0755,1.07555,3.75,1.87
2017.03.29 18:14:42.527,1.07551,1.07555,1.00,1.87
2017.03.29 18:14:46.136,1.0755,1.07555,1.12,1.87
2017.03.29 18:14:54.217,1.0755,1.07555,1.50,2.62
2017.03.29 18:14:54.775,1.0755,1.07555,1.50,2.62
2017.03.29 18:15:18.933,1.07551,1.07555,2.25,1.37
2017.03.29 18:15:19.339,1.07552,1.07556,1.12,1.00
2017.03.29 18:15:19.845,1.07551,1.07556,4.50,2.62
2017.03.29 18:15:22.405,1.07551,1.07555,2.62,1.00
2017.03.29 18:15:24.387,1.0755,1.07552,3.45,1.00
2017.03.29 18:15:24.540,1.07548,1.0755,2.25,1.12
2017.03.29 18:15:24.692,1.07545,1.0755,5.62,1.12
2017.03.29 18:15:26.686,1.07545,1.07549,1.87,1.00
2017.03.29 18:15:26.787,1.07545,1.07549,1.00,4.12
2017.03.29 18:15:27.298,1.07544,1.07549,3.75,1.87
2017.03.29 18:15:32.933,1.07544,1.07549,6.52,1.00
2017.03.29 18:15:34.057,1.07545,1.07549,2.40,1.37
2017.03.29 18:15:34.665,1.07544,1.07549,4.87,1.37
2017.03.29 18:15:35.183,1.07544,1.07549,5.40,1.00
2017.03.29 18:15:35.806,1.07544,1.07549,7.27,1.00
2017.03.29 18:15:47.359,1.07544,1.07549,2.62,1.37
2017.03.29 18:15:47.874,1.07544,1.07549,4.05,1.12
2017.03.29 18:15:49.795,1.07545,1.07549,1.00,1.00
2017.03.29 18:15:50.428,1.07544,1.07548,1.87,1.12
2017.03.29 18:15:50.964,1.07544,1.07549,3.75,1.12
2017.03.29 18:15:51.815,1.07544,1.07549,4.80,1.37
2017.03.29 18:16:07.930,1.07545,1.0755,1.00,4.12
2017.03.29 18:16:08.236,1.07549,1.07554,7.50,2.62
2017.03.29 18:16:08.742,1.0755,1.07554,1.00,1.87
2017.03.29 18:16:11.088,1.0755,1.07554,1.00,1.37
2017.03.29 18:16:11.682,1.0755,1.07554,1.00,1.12
2017.03.29 18:16:25.347,1.0755,1.07555,6.75,1.12
2017.03.29 18:16:25.863,1.07551,1.07556,1.00,1.12
2017.03.29 18:16:26.429,1.0755,1.07555,4.50,1.37
2017.03.29 18:16:34.703,1.07551,1.07556,1.00,1.87
2017.03.29 18:16:42.670,1.0755,1.07555,3.75,1.12
2017.03.29 18:16:57.131,1.07553,1.07555,1.00,1.00
2017.03.29 18:16:57.284,1.07554,1.07559,1.87,4.87
2017.03.29 18:16:57.739,1.07553,1.07556,1.00,1.12
2017.03.29 18:16:57.928,1.07551,1.07556,6.75,1.12
2017.03.29 18:16:59.126,1.07552,1.07556,1.00,1.00
2017.03.29 18:17:00.011,1.07552,1.07557,1.00,4.87
2017.03.29 18:17:05.191,1.07551,1.07556,5.62,1.00
2017.03.29 18:17:05.903,1.07551,1.07557,4.87,4.87
2017.03.29 18:17:06.436,1.07551,1.07556,5.62,1.12
2017.03.29 18:17:14.013,1.07551,1.07557,5.62,3.75
2017.03.29 18:17:14.393,1.07551,1.07556,3.37,4.87
2017.03.29 18:17:14.705,1.07549,1.07552,1.00,1.12
2017.03.29 18:17:14.756,1.07547,1.07552,5.25,1.12
2017.03.29 18:17:15.263,1.07546,1.07551,3.75,1.50
2017.03.29 18:17:15.769,1.07545,1.0755,4.87,1.00
2017.03.29 18:17:20.656,1.07545,1.0755,3.37,1.12
2017.03.29 18:17:25.545,1.07544,1.07549,5.25,1.00
2017.03.29 18:17:26.050,1.07544,1.0755,4.12,3.75
2017.03.29 18:17:26.598,1.07544,1.0755,9.75,3.00
2017.03.29 18:17:31.765,1.07545,1.0755,1.00,5.25
2017.03.29 18:17:32.272,1.07545,1.0755,1.12,2.25
2017.03.29 18:17:38.709,1.07546,1.0755,1.50,2.25
2017.03.29 18:17:39.229,1.07546,1.07552,4.87,4.50
2017.03.29 18:17:41.079,1.07545,1.0755,2.25,2.25
2017.03.29 18:17:41.649,1.07545,1.0755,1.87,1.50
2017.03.29 18:17:57.550,1.07545,1.07549,1.00,1.37
2017.03.29 18:17:57.904,1.07545,1.0755,1.12,5.25
2017.03.29 18:18:01.835,1.07546,1.0755,1.00,1.12
2017.03.29 18:18:03.254,1.07547,1.0755,1.00,1.12
2017.03.29 18:18:04.617,1.07546,1.0755,1.00,1.50
2017.03.29 18:18:06.537,1.07545,1.0755,3.75,1.50
2017.03.29 18:18:09.550,1.07546,1.0755,1.00,1.50
2017.03.29 18:18:10.056,1.07547,1.0755,1.00,1.00
2017.03.29 18:18:10.562,1.07546,1.0755,1.12,1.00
2017.03.29 18:18:14.528,1.07546,1.07551,1.12,1.12
2017.03.29 18:18:15.045,1.07546,1.0755,1.00,1.87
2017.03.29 18:18:19.826,1.07545,1.0755,1.37,7.49
2017.03.29 18:18:19.877,1.07544,1.0755,2.62,10.12
2017.03.29 18:18:20.383,1.07544,1.07549,1.87,3.00
2017.03.29 18:18:21.179,1.07544,1.07549,1.50,5.62
2017.03.29 18:18:25.311,1.07544,1.07548,1.12,1.50
2017.03.29 18:18:34.113,1.07544,1.07549,1.87,3.75
2017.03.29 18:18:35.184,1.07545,1.07549,1.00,1.37
2017.03.29 18:18:38.800,1.07544,1.07548,1.50,8.16
2017.03.29 18:18:38.983,1.07541,1.07546,2.25,2.25
2017.03.29 18:18:40.098,1.0754,1.07543,1.12,3.37
2017.03.29 18:18:40.358,1.07538,1.07541,1.00,1.12
2017.03.29 18:18:40.510,1.07536,1.07541,1.87,2.62
2017.03.29 18:18:45.976,1.07535,1.07539,2.62,3.75
2017.03.29 18:18:46.483,1.07535,1.07539,2.62,2.62
2017.03.29 18:18:47.279,1.07535,1.0754,1.87,3.00
2017.03.29 18:18:47.780,1.07535,1.07539,1.37,1.00
2017.03.29 18:18:48.288,1.07536,1.0754,1.87,1.87
2017.03.29 18:18:48.732,1.07539,1.0754,1.12,1.00
2017.03.29 18:18:48.884,1.0754,1.07544,2.62,1.50
2017.03.29 18:18:52.401,1.07541,1.07546,1.12,5.25
2017.03.29 18:18:53.132,1.07541,1.07546,3.37,5.25
2017.03.29 18:18:53.183,1.07543,1.07546,1.37,2.62
2017.03.29 18:18:53.436,1.07544,1.07548,2.62,1.00
2017.03.29 18:18:53.988,1.07544,1.07549,3.37,2.62
2017.03.29 18:18:54.791,1.07544,1.07549,3.00,2.62
2017.03.29 18:18:54.843,1.07543,1.07547,1.87,1.12
2017.03.29 18:18:55.147,1.07542,1.07547,2.62,8.25
2017.03.29 18:18:55.657,1.07541,1.07546,1.12,2.62
2017.03.29 18:19:05.914,1.07539,1.07542,1.12,1.12
2017.03.29 18:19:06.169,1.07537,1.07542,1.12,3.37
2017.03.29 18:19:07.663,1.07537,1.07539,1.12,2.25
2017.03.29 18:19:07.969,1.07533,1.07538,1.37,1.12
2017.03.29 18:19:11.155,1.07534,1.07539,7.50,2.62
2017.03.29 18:19:11.669,1.07535,1.0754,2.25,3.00
2017.03.29 18:19:23.619,1.07535,1.07539,1.87,1.12
2017.03.29 18:19:23.923,1.07534,1.07538,1.00,1.87
2017.03.29 18:19:24.429,1.07532,1.07537,5.62,1.12
2017.03.29 18:19:30.632,1.07531,1.07537,6.00,6.37
2017.03.29 18:19:34.289,1.07531,1.07536,3.00,5.62
2017.03.29 18:19:34.795,1.07531,1.07536,1.50,3.75
2017.03.29 18:19:35.517,1.0753,1.07535,7.12,1.12
2017.03.29 18:19:36.037,1.07531,1.07535,1.00,2.62
2017.03.29 18:19:38.450,1.0753,1.07535,1.50,2.62
2017.03.29 18:19:38.980,1.07531,1.07535,1.00,2.62
2017.03.29 18:19:46.571,1.07531,1.07536,1.21,4.31
2017.03.29 18:19:50.864,1.07532,1.07536,1.58,4.31
2017.03.29 18:19:51.385,1.0753,1.07534,1.58,1.12
2017.03.29 18:19:51.437,1.0753,1.07534,2.25,1.12
2017.03.29 18:19:59.367,1.0753,1.07536,2.33,5.62
2017.03.29 18:20:01.672,1.0753,1.07536,4.21,6.00
2017.03.29 18:20:03.265,1.0753,1.07536,6.46,3.00
2017.03.29 18:20:03.913,1.0753,1.07536,4.96,3.00
2017.03.29 18:20:05.119,1.0753,1.07536,6.46,3.00
2017.03.29 18:20:08.066,1.0753,1.07536,4.58,4.50
2017.03.29 18:20:08.218,1.0753,1.07536,9.08,1.50
2017.03.29 18:20:10.856,1.0753,1.07536,7.96,1.50
2017.03.29 18:20:11.437,1.0753,1.07536,5.62,1.50
2017.03.29 18:20:13.993,1.07533,1.07537,2.25,6.75
2017.03.29 18:20:14.258,1.07536,1.0754,1.00,4.12
2017.03.29 18:20:30.148,1.07534,1.07539,11.62,1.00
2017.03.29 18:20:30.654,1.07534,1.07539,1.50,2.62
2017.03.29 18:20:36.544,1.07534,1.07539,3.37,1.50
2017.03.29 18:20:38.692,1.07534,1.07539,2.62,1.87
2017.03.29 18:20:42.957,1.07533,1.07538,9.38,1.87
2017.03.29 18:20:43.362,1.07534,1.07539,1.87,2.25
2017.03.29 18:20:49.751,1.07535,1.0754,1.37,3.75
2017.03.29 18:20:50.787,1.07534,1.0754,11.62,3.75
2017.03.29 18:20:51.372,1.07534,1.0754,12.37,3.75
2017.03.29 18:20:57.697,1.07535,1.0754,1.12,6.37
2017.03.29 18:20:57.850,1.07535,1.0754,2.25,1.87
2017.03.29 18:21:01.500,1.07537,1.0754,1.50,1.87
2017.03.29 18:21:03.416,1.07539,1.07541,3.37,1.12
2017.03.29 18:21:03.568,1.0754,1.07545,2.25,3.00
2017.03.29 18:21:03.670,1.0754,1.07545,3.00,2.25
2017.03.29 18:21:03.772,1.07537,1.07539,6.37,1.37
2017.03.29 18:21:03.976,1.07535,1.07539,2.47,3.75
2017.03.29 18:21:04.027,1.07535,1.07538,2.10,1.12
2017.03.29 18:21:04.527,1.07534,1.07538,4.50,1.12
2017.03.29 18:21:23.708,1.07533,1.07538,4.12,4.87
2017.03.29 18:21:24.228,1.07534,1.07538,1.00,1.87
2017.03.29 18:21:25.476,1.07533,1.07538,3.37,2.62
2017.03.29 18:21:26.022,1.07533,1.07537,1.87,1.50
2017.03.29 18:21:27.735,1.07534,1.07538,1.87,4.50
2017.03.29 18:21:27.939,1.07533,1.07538,3.37,3.75
2017.03.29 18:21:30.237,1.07533,1.07538,1.87,6.00
2017.03.29 18:21:31.975,1.07533,1.07537,1.87,1.00
2017.03.29 18:21:32.478,1.07534,1.07538,1.12,4.50
2017.03.29 18:21:33.897,1.07533,1.07537,1.87,1.12
2017.03.29 18:21:35.096,1.07533,1.07537,1.87,1.50
2017.03.29 18:21:36.318,1.07533,1.07537,1.12,2.62
2017.03.29 18:21:43.532,1.07535,1.07537,1.12,1.00
2017.03.29 18:21:43.870,1.07536,1.0754,1.87,1.00
2017.03.29 18:21:46.014,1.07536,1.0754,1.12,1.87
2017.03.29 18:21:48.126,1.07537,1.0754,1.00,1.12
2017.03.29 18:21:48.754,1.07537,1.0754,3.37,1.00
2017.03.29 18:21:49.260,1.07539,1.07543,1.12,1.87
2017.03.29 18:21:49.514,1.07541,1.07543,1.12,1.00
2017.03.29 18:21:50.027,1.07541,1.07544,1.87,1.00
2017.03.29 18:21:51.771,1.07541,1.07544,1.87,1.00
2017.03.29 18:21:52.362,1.07541,1.07544,1.50,1.00
2017.03.29 18:21:53.132,1.07541,1.07544,1.00,2.62
2017.03.29 18:21:53.678,1.0754,1.07544,1.87,1.00
2017.03.29 18:22:06.451,1.07541,1.07545,1.12,1.12
2017.03.29 18:22:08.867,1.07541,1.07544,1.00,4.87
2017.03.29 18:22:09.071,1.07538,1.07542,1.87,2.62
2017.03.29 18:22:09.610,1.07539,1.07542,1.00,1.12
2017.03.29 18:22:09.965,1.07539,1.07544,6.00,7.87
2017.03.29 18:22:10.468,1.0754,1.07544,1.50,1.12
2017.03.29 18:22:11.088,1.0754,1.07544,1.50,1.50
2017.03.29 18:22:11.599,1.07541,1.07544,1.00,1.50
2017.03.29 18:22:16.368,1.07541,1.07544,1.37,1.00
2017.03.29 18:22:16.904,1.07541,1.07545,1.87,1.12
2017.03.29 18:22:29.576,1.0754,1.07544,3.00,1.00
2017.03.29 18:22:30.619,1.07539,1.07544,5.17,2.25
2017.03.29 18:22:31.193,1.07539,1.07544,5.92,3.00
2017.03.29 18:22:34.209,1.07539,1.07544,7.50,3.00
2017.03.29 18:22:34.715,1.07539,1.07543,4.42,1.12
2017.03.29 18:22:34.918,1.07537,1.07542,2.25,3.37
2017.03.29 18:22:35.645,1.07536,1.07542,8.55,3.37
2017.03.29 18:22:37.142,1.07536,1.07541,6.30,1.50
2017.03.29 18:22:41.191,1.07536,1.0754,4.05,1.87
2017.03.29 18:22:44.403,1.07535,1.0754,1.42,3.37
2017.03.29 18:22:46.079,1.07534,1.0754,10.80,3.37
2017.03.29 18:22:47.138,1.07534,1.07539,10.80,1.00
2017.03.29 18:22:47.737,1.07535,1.0754,3.56,3.00
2017.03.29 18:22:50.481,1.07535,1.0754,2.25,2.25
2017.03.29 18:22:50.533,1.07535,1.07538,1.12,1.12
2017.03.29 18:22:50.685,1.07532,1.07536,4.12,1.61
2017.03.29 18:22:58.861,1.07531,1.07536,4.42,2.36
2017.03.29 18:23:02.001,1.07531,1.07536,3.00,3.00
2017.03.29 18:23:04.381,1.07531,1.07535,3.30,1.12
2017.03.29 18:23:05.189,1.07531,1.07535,2.55,1.12
2017.03.29 18:23:07.218,1.07531,1.07535,2.92,1.12
2017.03.29 18:23:07.754,1.07532,1.07536,2.55,1.12
2017.03.29 18:23:12.983,1.07535,1.07537,1.12,1.12
2017.03.29 18:23:13.236,1.07535,1.07541,3.37,3.37
2017.03.29 18:23:13.876,1.07535,1.0754,3.00,1.00
2017.03.29 18:23:14.414,1.07535,1.0754,8.25,1.00
2017.03.29 18:23:15.053,1.07535,1.0754,8.25,1.00
2017.03.29 18:23:15.711,1.07536,1.0754,1.50,1.00
2017.03.29 18:23:18.518,1.07536,1.07539,1.87,1.00
2017.03.29 18:23:27.958,1.07534,1.07537,6.37,1.50
2017.03.29 18:23:28.161,1.07532,1.07536,2.25,1.87
2017.03.29 18:23:28.667,1.07532,1.07536,2.62,1.87
2017.03.29 18:23:44.354,1.07532,1.07537,3.75,2.25
2017.03.29 18:23:44.984,1.07532,1.07536,3.75,1.00
2017.03.29 18:23:46.566,1.07532,1.07536,1.12,3.37
2017.03.29 18:23:46.821,1.07531,1.07534,1.12,1.00
2017.03.29 18:23:46.973,1.07529,1.07533,9.00,1.00
2017.03.29 18:23:47.075,1.07529,1.07531,4.12,1.00
2017.03.29 18:23:47.126,1.07529,1.07533,4.12,5.34
2017.03.29 18:23:47.648,1.07529,1.07533,1.12,1.50
2017.03.29 18:23:48.176,1.07529,1.07533,1.50,4.59
2017.03.29 18:23:50.052,1.07531,1.07534,1.87,2.62
2017.03.29 18:23:50.154,1.07531,1.07533,2.62,1.00
2017.03.29 18:23:50.610,1.07531,1.07534,1.87,1.87
2017.03.29 18:23:50.661,1.07531,1.07534,2.25,1.00
2017.03.29 18:23:51.168,1.07529,1.07533,4.12,4.41
2017.03.29 18:23:51.335,1.07529,1.07532,9.94,1.00
2017.03.29 18:23:51.700,1.07529,1.07532,8.62,1.50
2017.03.29 18:23:51.953,1.07529,1.07531,5.25,1.00
2017.03.29 18:23:52.257,1.0753,1.07532,1.37,1.00
2017.03.29 18:23:52.308,1.0753,1.07534,2.62,1.00
2017.03.29 18:23:52.359,1.0753,1.07532,7.87,1.00
2017.03.29 18:23:52.511,1.07529,1.07531,6.00,1.50
2017.03.29 18:23:52.664,1.0753,1.07533,1.12,1.00
2017.03.29 18:23:53.197,1.0753,1.07533,2.25,1.00
2017.03.29 18:23:53.443,1.07529,1.07531,7.12,1.00
2017.03.29 18:23:53.596,1.07528,1.07531,2.62,1.50
2017.03.29 18:23:54.102,1.07527,1.0753,3.00,1.00
2017.03.29 18:23:55.925,1.07527,1.0753,3.00,1.00
2017.03.29 18:23:57.580,1.07527,1.0753,4.12,1.50
2017.03.29 18:23:59.471,1.07527,1.0753,3.75,2.25
2017.03.29 18:23:59.977,1.07526,1.07529,3.37,2.25
2017.03.29 18:24:00.521,1.07526,1.07529,2.25,2.25
2017.03.29 18:24:06.621,1.07523,1.07525,14.47,1.00
2017.03.29 18:24:06.723,1.07521,1.07523,1.50,1.00
2017.03.29 18:24:06.965,1.0752,1.07522,1.12,1.87
2017.03.29 18:24:07.281,1.07514,1.07516,3.37,1.12
2017.03.29 18:24:07.332,1.07513,1.07514,1.00,1.50
2017.03.29 18:24:07.637,1.07511,1.07514,6.00,1.50
2017.03.29 18:24:11.431,1.07511,1.07514,4.05,1.00
2017.03.29 18:24:11.978,1.07511,1.07514,4.50,1.00
2017.03.29 18:24:13.736,1.07512,1.07514,1.87,1.00
2017.03.29 18:24:13.989,1.07511,1.07514,5.62,1.50
2017.03.29 18:24:16.348,1.0751,1.07512,3.30,3.60
2017.03.29 18:24:16.653,1.07499,1.075,5.62,1.50
2017.03.29 18:24:16.885,1.07499,1.07504,4.50,3.75
2017.03.29 18:24:17.241,1.07498,1.07501,6.75,1.00
2017.03.29 18:24:17.393,1.07496,1.075,1.50,1.87
2017.03.29 18:24:17.904,1.07495,1.07498,1.50,1.12
2017.03.29 18:24:19.147,1.07495,1.07499,1.00,5.25
2017.03.29 18:24:19.199,1.07495,1.07497,1.00,1.12
2017.03.29 18:24:19.705,1.07494,1.07497,2.25,1.00
2017.03.29 18:24:20.245,1.07494,1.07498,1.87,3.37
2017.03.29 18:24:20.755,1.07496,1.07499,1.00,1.00
2017.03.29 18:24:21.059,1.07498,1.07503,9.19,1.50
2017.03.29 18:24:21.580,1.07499,1.07503,4.87,1.50
2017.03.29 18:24:24.253,1.07497,1.07499,1.50,1.00
2017.03.29 18:24:24.659,1.07496,1.07498,2.25,1.50
2017.03.29 18:24:25.250,1.07495,1.07498,1.00,3.37
2017.03.29 18:24:25.762,1.07495,1.07497,1.00,1.50
2017.03.29 18:24:26.272,1.07495,1.07498,1.50,1.50
2017.03.29 18:24:26.860,1.07495,1.07497,1.50,1.50
2017.03.29 18:24:27.777,1.07495,1.07498,1.50,1.00
2017.03.29 18:24:28.283,1.07496,1.07497,1.12,1.50
2017.03.29 18:24:28.638,1.07498,1.07499,1.50,1.50
2017.03.29 18:24:28.858,1.07499,1.07503,1.69,3.37
2017.03.29 18:24:29.364,1.07499,1.07503,5.44,2.62
2017.03.29 18:24:30.015,1.07499,1.07502,5.81,1.00
2017.03.29 18:24:30.563,1.07499,1.07503,5.06,2.25
2017.03.29 18:24:31.653,1.07499,1.07503,4.69,2.25
2017.03.29 18:24:32.863,1.07499,1.07502,4.69,1.00
2017.03.29 18:24:33.389,1.07499,1.07503,3.94,2.25
2017.03.29 18:24:34.164,1.07499,1.07503,5.44,2.25
2017.03.29 18:24:37.781,1.07499,1.07503,7.16,2.25
2017.03.29 18:24:38.192,1.07498,1.075,1.54,1.00
2017.03.29 18:24:38.294,1.07497,1.07499,3.75,1.50
2017.03.29 18:24:38.753,1.07498,1.07502,6.37,2.62
2017.03.29 18:24:38.804,1.07499,1.07502,3.56,1.12
2017.03.29 18:24:39.057,1.07499,1.07504,3.19,1.87
2017.03.29 18:24:39.606,1.075,1.07503,1.12,1.00
2017.03.29 18:24:40.380,1.07501,1.07503,1.00,1.00
2017.03.29 18:24:42.071,1.075,1.07503,2.25,1.00
2017.03.29 18:24:45.792,1.07499,1.07502,1.12,1.12
2017.03.29 18:24:46.325,1.07499,1.07503,1.87,1.87
2017.03.29 18:24:49.453,1.075,1.07503,1.00,2.25
2017.03.29 18:24:50.063,1.07499,1.07503,3.19,2.25
2017.03.29 18:24:52.903,1.07499,1.07503,5.81,1.50
2017.03.29 18:25:01.218,1.07501,1.07503,2.85,1.00
2017.03.29 18:25:01.285,1.07503,1.07504,2.62,1.00
2017.03.29 18:25:01.486,1.07503,1.07506,1.12,1.12
2017.03.29 18:25:01.537,1.07503,1.07504,1.00,1.00
2017.03.29 18:25:02.227,1.07501,1.07504,5.25,1.50
2017.03.29 18:25:03.259,1.07503,1.07505,2.25,2.25
2017.03.29 18:25:05.075,1.07502,1.07505,2.62,1.00
2017.03.29 18:25:08.273,1.07503,1.07507,2.25,1.50
2017.03.29 18:25:08.803,1.07503,1.07507,4.31,1.00
2017.03.29 18:25:09.647,1.07503,1.07507,6.00,1.87
2017.03.29 18:25:10.174,1.07503,1.07507,5.44,2.62
2017.03.29 18:25:11.475,1.07503,1.07507,1.19,2.62
2017.03.29 18:25:11.750,1.07501,1.07505,7.12,1.50
2017.03.29 18:25:11.801,1.07503,1.07506,1.50,1.00
2017.03.29 18:25:12.324,1.07503,1.07507,3.94,2.62
2017.03.29 18:25:16.903,1.07502,1.07506,5.06,1.00
2017.03.29 18:25:17.433,1.07504,1.07507,1.00,3.00
2017.03.29 18:25:17.944,1.07503,1.07507,7.87,3.37
2017.03.29 18:25:18.446,1.07503,1.07507,4.69,3.37
2017.03.29 18:25:19.847,1.07503,1.07505,1.31,1.00
2017.03.29 18:25:19.949,1.07502,1.07505,1.00,1.87
2017.03.29 18:25:22.708,1.07501,1.07505,4.87,1.00
2017.03.29 18:25:22.760,1.07501,1.07503,3.00,1.00
2017.03.29 18:25:23.303,1.075,1.07503,4.87,1.00
2017.03.29 18:25:23.821,1.075,1.07502,1.87,1.00
2017.03.29 18:25:24.333,1.07498,1.07502,3.00,1.37
2017.03.29 18:25:24.647,1.07494,1.07498,9.75,1.50
2017.03.29 18:25:24.698,1.07494,1.07498,11.62,1.50
2017.03.29 18:25:25.817,1.07496,1.07499,2.62,1.00
2017.03.29 18:25:26.324,1.07496,1.075,5.25,2.62
2017.03.29 18:25:26.829,1.07499,1.075,1.00,1.00
2017.03.29 18:25:26.987,1.07499,1.07502,1.25,2.62
2017.03.29 18:25:28.276,1.07497,1.07501,3.94,1.00
2017.03.29 18:25:28.833,1.07499,1.07502,1.25,2.25
2017.03.29 18:25:32.188,1.07496,1.07499,6.00,1.00
2017.03.29 18:25:32.719,1.07496,1.07499,1.87,1.00
2017.03.29 18:25:33.706,1.07496,1.075,1.12,1.50
2017.03.29 18:25:34.354,1.07496,1.07499,1.00,1.00
2017.03.29 18:25:34.680,1.07499,1.07502,1.25,1.87
2017.03.29 18:25:34.996,1.07492,1.07494,1.00,1.00
2017.03.29 18:25:35.504,1.07491,1.07495,5.62,1.50
2017.03.29 18:25:36.027,1.07491,1.07495,4.87,1.50
2017.03.29 18:25:36.432,1.07494,1.07495,1.00,1.00
2017.03.29 18:25:36.638,1.07494,1.07497,1.00,3.00
2017.03.29 18:25:39.908,1.07493,1.07498,11.25,1.50
2017.03.29 18:25:41.152,1.07493,1.07498,17.06,1.50
2017.03.29 18:25:41.632,1.07495,1.07498,1.00,1.00
2017.03.29 18:25:44.570,1.07495,1.07497,1.12,1.00
2017.03.29 18:25:46.436,1.07495,1.07499,2.25,1.50
2017.03.29 18:25:46.962,1.07495,1.07498,2.62,1.00
2017.03.29 18:25:47.573,1.07495,1.07499,2.62,1.87
2017.03.29 18:25:48.283,1.07494,1.07498,8.62,1.50
2017.03.29 18:25:52.078,1.07497,1.07498,2.10,1.00
2017.03.29 18:25:52.129,1.07498,1.075,1.50,1.87
2017.03.29 18:25:52.332,1.07498,1.07503,7.13,3.37
2017.03.29 18:25:52.383,1.075,1.07503,1.00,3.37
2017.03.29 18:25:55.065,1.07499,1.07504,3.37,4.50
2017.03.29 18:25:55.581,1.075,1.07504,1.00,3.37
2017.03.29 18:26:00.636,1.075,1.07504,2.77,2.25
2017.03.29 18:26:01.041,1.07502,1.07504,1.00,1.00
2017.03.29 18:26:01.510,1.07502,1.07506,1.00,3.75
2017.03.29 18:26:02.030,1.07501,1.07506,5.62,2.62
2017.03.29 18:26:02.484,1.07504,1.07507,1.00,2.62
2017.03.29 18:26:02.996,1.07505,1.07507,1.00,1.12
2017.03.29 18:26:03.199,1.07503,1.07506,1.00,1.12
2017.03.29 18:26:03.301,1.07501,1.07505,4.12,1.12
2017.03.29 18:26:05.507,1.075,1.07504,1.00,1.87
2017.03.29 18:26:05.793,1.07499,1.07502,3.00,1.12
2017.03.29 18:26:06.299,1.07499,1.07502,2.25,1.37
2017.03.29 18:26:06.401,1.07497,1.07502,6.75,1.37
2017.03.29 18:26:06.755,1.07499,1.07503,5.62,1.87
2017.03.29 18:26:07.261,1.07501,1.07504,1.87,1.00
2017.03.29 18:26:07.312,1.07501,1.07506,3.37,1.12
2017.03.29 18:26:07.823,1.07502,1.07507,1.12,2.62
2017.03.29 18:26:10.419,1.07503,1.07507,4.12,2.62
2017.03.29 18:26:10.959,1.07504,1.07507,1.12,1.00
2017.03.29 18:26:18.381,1.07504,1.07509,2.25,3.00
2017.03.29 18:26:22.733,1.07504,1.07509,3.75,2.62
2017.03.29 18:26:23.291,1.07504,1.07509,5.25,2.62
2017.03.29 18:26:23.795,1.07505,1.07509,1.12,1.00
2017.03.29 18:26:25.574,1.07505,1.07509,2.02,1.00
2017.03.29 18:26:26.187,1.07505,1.07508,1.27,2.25
2017.03.29 18:26:26.699,1.07505,1.07508,1.00,2.62
2017.03.29 18:26:29.404,1.07505,1.07507,1.00,1.00
2017.03.29 18:26:32.513,1.07505,1.07508,1.00,3.37
2017.03.29 18:26:37.602,1.07504,1.07508,3.00,2.25
2017.03.29 18:26:38.123,1.07504,1.07508,4.50,2.25
2017.03.29 18:26:39.648,1.07505,1.0751,1.12,4.12
2017.03.29 18:26:41.055,1.07504,1.07509,1.50,3.00
2017.03.29 18:26:41.106,1.07504,1.07507,1.50,1.00
2017.03.29 18:26:44.953,1.07504,1.07508,2.25,2.25
2017.03.29 18:26:46.108,1.07504,1.07507,4.87,1.00
2017.03.29 18:26:53.147,1.07504,1.07505,2.44,1.00
2017.03.29 18:26:53.198,1.075,1.07504,3.37,1.12
2017.03.29 18:26:53.300,1.07499,1.075,5.25,1.12
2017.03.29 18:26:53.708,1.07495,1.07499,2.62,1.00
2017.03.29 18:26:54.264,1.07495,1.07499,2.62,2.25
2017.03.29 18:26:59.365,1.07494,1.07499,4.12,1.12
2017.03.29 18:26:59.875,1.07494,1.07498,1.00,2.62
2017.03.29 18:27:00.878,1.07493,1.07498,7.12,2.62
2017.03.29 18:27:01.395,1.07494,1.07498,1.00,2.62
2017.03.29 18:27:02.583,1.07494,1.07498,3.07,1.12
2017.03.29 18:27:02.736,1.07495,1.075,1.00,6.19
2017.03.29 18:27:03.170,1.07497,1.07501,2.62,1.50
2017.03.29 18:27:03.692,1.07496,1.075,1.00,1.50
2017.03.29 18:27:09.378,1.07497,1.075,1.00,1.12
2017.03.29 18:27:10.004,1.075,1.07502,1.00,5.25
2017.03.29 18:27:10.669,1.07499,1.07501,1.50,1.00
2017.03.29 18:27:10.720,1.07497,1.07501,1.50,2.62
2017.03.29 18:27:11.602,1.07498,1.07501,1.00,3.19
2017.03.29 18:27:12.433,1.075,1.07501,1.00,1.00
2017.03.29 18:27:12.585,1.07501,1.07503,1.00,1.12
2017.03.29 18:27:12.774,1.07501,1.07505,1.50,4.12
2017.03.29 18:27:13.327,1.07501,1.07504,1.50,1.00
2017.03.29 18:27:13.869,1.07501,1.07505,1.50,4.12
2017.03.29 18:27:16.474,1.07501,1.07504,1.00,1.00
2017.03.29 18:27:16.979,1.075,1.07504,1.87,2.25
2017.03.29 18:27:17.835,1.075,1.07505,1.12,4.12
2017.03.29 18:27:19.861,1.07502,1.07505,1.50,1.00
2017.03.29 18:27:28.129,1.07503,1.07505,1.00,1.50
2017.03.29 18:27:28.637,1.07503,1.07506,1.50,2.25
2017.03.29 18:27:33.562,1.07505,1.07506,1.00,2.25
2017.03.29 18:27:33.613,1.07506,1.07508,1.00,2.25
2017.03.29 18:27:34.119,1.07506,1.07507,1.00,1.00
2017.03.29 18:27:35.010,1.07504,1.07507,3.75,1.00
2017.03.29 18:27:35.111,1.07505,1.07509,1.50,1.50
2017.03.29 18:27:36.173,1.07505,1.07509,1.00,1.37
2017.03.29 18:27:36.763,1.07505,1.07509,1.00,2.62
2017.03.29 18:27:52.236,1.07504,1.07509,1.50,1.87
2017.03.29 18:27:52.775,1.07505,1.07509,1.00,1.12
2017.03.29 18:27:54.457,1.07505,1.07506,1.00,1.12
2017.03.29 18:27:54.609,1.07501,1.07506,6.00,1.12
2017.03.29 18:27:55.115,1.07501,1.07506,4.50,2.62
2017.03.29 18:27:56.405,1.07501,1.07505,3.00,2.62
2017.03.29 18:27:59.452,1.075,1.07504,4.50,1.00
2017.03.29 18:27:59.705,1.075,1.07501,1.00,1.50
2017.03.29 18:27:59.807,1.07496,1.075,1.87,1.00
2017.03.29 18:28:00.313,1.07496,1.075,1.00,1.00
2017.03.29 18:28:05.305,1.07496,1.07498,1.00,1.12
2017.03.29 18:28:05.407,1.07494,1.07498,1.50,1.00
2017.03.29 18:28:06.171,1.07494,1.07499,1.50,5.62
2017.03.29 18:28:09.565,1.07494,1.07499,1.87,5.62
2017.03.29 18:28:15.189,1.07494,1.07497,1.00,1.87
2017.03.29 18:28:18.042,1.07494,1.07496,1.00,1.12
2017.03.29 18:28:18.093,1.07492,1.07496,1.12,4.87
2017.03.29 18:28:18.377,1.07494,1.07497,1.12,2.25
2017.03.29 18:28:18.478,1.07495,1.07499,1.00,4.50
2017.03.29 18:28:24.551,1.07494,1.07498,1.50,1.50
2017.03.29 18:28:26.715,1.07493,1.07498,7.50,1.87
2017.03.29 18:28:26.817,1.07492,1.07496,1.12,1.50
2017.03.29 18:28:27.355,1.07492,1.07495,1.12,1.00
2017.03.29 18:28:29.254,1.07493,1.07495,1.50,1.00
2017.03.29 18:28:29.305,1.07493,1.07497,10.88,1.50
2017.03.29 18:28:29.881,1.07494,1.07498,1.00,2.25
2017.03.29 18:28:41.893,1.07495,1.07498,2.25,1.00
2017.03.29 18:28:43.710,1.07494,1.07498,6.00,1.00
2017.03.29 18:28:44.872,1.07494,1.07497,1.00,1.37
2017.03.29 18:28:45.381,1.07493,1.07497,4.50,1.00
2017.03.29 18:28:48.097,1.07494,1.07498,1.50,1.50
2017.03.29 18:28:55.243,1.07497,1.07499,1.00,1.50
2017.03.29 18:28:55.548,1.075,1.07505,1.12,6.00
2017.03.29 18:28:55.598,1.075,1.07504,1.00,1.12
2017.03.29 18:28:56.157,1.075,1.07503,3.52,1.50
2017.03.29 18:28:56.259,1.07499,1.07501,1.50,1.12
2017.03.29 18:28:56.420,1.07498,1.07501,5.02,1.87
2017.03.29 18:28:56.623,1.07498,1.07499,1.95,1.12
2017.03.29 18:28:56.674,1.07496,1.07499,1.50,1.12
2017.03.29 18:28:56.981,1.07499,1.07501,4.12,1.50
2017.03.29 18:28:57.134,1.07501,1.07502,1.00,1.00
2017.03.29 18:28:57.235,1.07501,1.07504,1.87,1.50
2017.03.29 18:28:57.590,1.07501,1.07506,1.87,4.12
2017.03.29 18:28:58.074,1.07501,1.07505,1.00,3.00
2017.03.29 18:29:03.339,1.07501,1.07503,1.00,1.00
2017.03.29 18:29:03.812,1.075,1.07503,1.00,8.25
2017.03.29 18:29:03.965,1.07498,1.07501,3.00,1.87
2017.03.29 18:29:04.067,1.07499,1.07503,1.00,1.50
2017.03.29 18:29:04.671,1.075,1.07504,1.12,1.87
2017.03.29 18:29:06.298,1.075,1.07504,2.25,1.50
2017.03.29 18:29:06.830,1.07501,1.07503,1.37,1.00
2017.03.29 18:29:07.184,1.075,1.07504,2.25,1.00
2017.03.29 18:29:23.166,1.075,1.07504,1.50,1.00
2017.03.29 18:29:25.250,1.075,1.07505,5.62,2.62
2017.03.29 18:29:25.757,1.07501,1.07504,1.87,1.00
2017.03.29 18:29:30.822,1.07501,1.07505,2.25,3.37
2017.03.29 18:29:41.556,1.075,1.07502,7.12,1.00
2017.03.29 18:29:41.658,1.07498,1.07501,1.69,1.12
2017.03.29 18:29:42.164,1.07498,1.07501,2.44,1.00
2017.03.29 18:29:42.708,1.07498,1.07503,1.69,5.62
2017.03.29 18:29:43.144,1.075,1.07504,1.50,4.50
2017.03.29 18:29:43.706,1.07499,1.07504,9.56,2.25
2017.03.29 18:29:44.263,1.07501,1.07504,1.50,2.25
2017.03.29 18:29:44.416,1.07501,1.07506,1.50,6.37
2017.03.29 18:29:47.884,1.07501,1.07504,1.87,1.00
2017.03.29 18:29:48.424,1.07501,1.07505,1.87,1.50
2017.03.29 18:29:57.316,1.07501,1.07506,7.12,2.25
2017.03.29 18:29:57.879,1.07502,1.07506,2.44,1.87
2017.03.29 18:30:00.101,1.07502,1.07505,2.06,1.00
2017.03.29 18:30:00.608,1.07502,1.07506,3.94,1.00
2017.03.29 18:30:01.136,1.07502,1.07507,3.94,2.02
2017.03.29 18:30:02.048,1.07502,1.07506,2.44,2.25
2017.03.29 18:30:04.229,1.07502,1.07507,4.69,2.02
2017.03.29 18:30:04.895,1.07502,1.07506,2.06,1.12
2017.03.29 18:30:12.037,1.07503,1.07507,1.00,2.40
2017.03.29 18:30:12.566,1.07502,1.07507,7.31,2.02
2017.03.29 18:30:14.217,1.07503,1.07507,1.00,2.02
2017.03.29 18:30:14.942,1.07502,1.07507,7.31,2.02
2017.03.29 18:30:26.735,1.07502,1.07507,4.69,2.02
2017.03.29 18:30:28.575,1.07502,1.07507,2.06,2.62
2017.03.29 18:30:36.735,1.07502,1.07507,2.81,4.27
2017.03.29 18:30:38.745,1.07502,1.07507,5.44,2.77
2017.03.29 18:30:39.527,1.07502,1.07506,3.19,1.00
2017.03.29 18:30:41.861,1.07502,1.07507,2.81,3.52
2017.03.29 18:30:52.178,1.07502,1.07506,1.00,1.50
2017.03.29 18:31:03.443,1.07502,1.07507,1.00,3.90
2017.03.29 18:31:07.225,1.07505,1.07508,1.12,3.75
2017.03.29 18:31:07.326,1.07504,1.07509,3.75,2.62
2017.03.29 18:31:07.885,1.07505,1.0751,1.50,1.87
2017.03.29 18:31:15.677,1.07506,1.0751,1.00,1.50
2017.03.29 18:31:18.735,1.07505,1.0751,3.00,1.00
2017.03.29 18:31:20.297,1.07505,1.07508,1.00,1.12
2017.03.29 18:31:20.753,1.07503,1.07508,4.12,5.25
2017.03.29 18:31:20.805,1.07505,1.07509,1.12,2.25
2017.03.29 18:31:20.856,1.07505,1.0751,1.87,10.87
2017.03.29 18:31:23.670,1.07505,1.0751,1.50,4.65
2017.03.29 18:31:24.816,1.07506,1.0751,1.50,1.87
2017.03.29 18:31:59.060,1.07507,1.0751,1.00,1.50
2017.03.29 18:32:04.497,1.07506,1.0751,1.00,1.12
2017.03.29 18:32:04.625,1.07506,1.0751,1.00,3.37
2017.03.29 18:32:04.882,1.07502,1.07506,1.12,5.62
2017.03.29 18:32:05.035,1.07501,1.07504,1.12,6.56
2017.03.29 18:32:05.187,1.07499,1.07503,1.00,2.62
2017.03.29 18:32:05.693,1.07499,1.07504,1.87,3.75
2017.03.29 18:32:07.715,1.075,1.07505,1.87,3.52
2017.03.29 18:32:07.817,1.07501,1.07505,1.37,1.27
2017.03.29 18:32:07.919,1.07503,1.07507,1.00,4.12
2017.03.29 18:32:08.425,1.07502,1.07506,1.00,1.00
2017.03.29 18:32:12.109,1.07501,1.07506,3.56,1.87
2017.03.29 18:32:14.228,1.07502,1.07507,1.12,4.87
2017.03.29 18:32:17.326,1.07502,1.07506,1.00,1.50
2017.03.29 18:32:17.841,1.07502,1.07507,1.00,5.62
2017.03.29 18:32:20.737,1.07501,1.07506,3.75,3.37
2017.03.29 18:32:20.838,1.075,1.07506,4.87,7.69
2017.03.29 18:32:23.141,1.07505,1.07507,3.10,6.19
2017.03.29 18:32:23.192,1.07502,1.07505,2.44,1.00
2017.03.29 18:32:23.243,1.07504,1.07506,1.19,1.00
2017.03.29 18:32:23.446,1.07517,1.07519,1.00,1.00
2017.03.29 18:32:23.547,1.07517,1.07521,1.00,7.50
2017.03.29 18:32:24.151,1.07517,1.07522,6.30,1.87
2017.03.29 18:32:24.677,1.07517,1.07522,3.37,1.37
2017.03.29 18:32:27.335,1.07517,1.0752,1.05,1.00
2017.03.29 18:32:29.450,1.07517,1.07521,1.05,1.12
2017.03.29 18:32:32.629,1.07517,1.07521,3.75,1.00
2017.03.29 18:32:33.156,1.07518,1.07522,1.00,2.62
2017.03.29 18:32:35.894,1.0752,1.07524,2.62,1.00
2017.03.29 18:32:36.047,1.07521,1.07526,1.50,4.12
2017.03.29 18:32:39.011,1.07521,1.07526,3.00,3.37
2017.03.29 18:32:39.223,1.0752,1.07522,6.00,1.00
2017.03.29 18:32:39.376,1.07519,1.07521,1.00,1.00
2017.03.29 18:32:39.528,1.07517,1.07522,3.00,2.62
2017.03.29 18:32:42.001,1.07518,1.07522,1.50,3.37
2017.03.29 18:32:42.509,1.07518,1.07522,1.37,1.00
2017.03.29 18:32:43.033,1.07518,1.07522,1.00,1.12
2017.03.29 18:32:43.571,1.07518,1.07522,3.94,1.12
2017.03.29 18:32:46.334,1.07518,1.07523,6.71,1.87
2017.03.29 18:32:49.872,1.07519,1.07524,4.69,3.00
2017.03.29 18:32:50.444,1.0752,1.07524,1.50,2.25
2017.03.29 18:32:56.203,1.07521,1.07524,1.00,1.12
2017.03.29 18:32:56.732,1.07521,1.07525,3.94,1.87
2017.03.29 18:32:58.060,1.07521,1.07525,1.50,1.87
2017.03.29 18:33:02.641,1.07521,1.07525,6.56,1.00
2017.03.29 18:33:03.147,1.0752,1.07525,2.25,1.87
2017.03.29 18:33:10.735,1.0752,1.07525,5.81,1.87
2017.03.29 18:33:12.735,1.0752,1.07525,4.69,1.87
2017.03.29 18:33:18.623,1.0752,1.07525,5.06,1.87
2017.03.29 18:33:20.074,1.0752,1.07525,6.75,1.87
2017.03.29 18:33:30.741,1.0752,1.07524,3.19,1.37
2017.03.29 18:33:31.734,1.0752,1.07524,1.31,1.12
2017.03.29 18:33:35.655,1.07519,1.0752,4.12,1.12
2017.03.29 18:33:36.062,1.07517,1.0752,1.50,1.12
2017.03.29 18:33:36.569,1.07516,1.0752,3.37,1.12
2017.03.29 18:33:37.613,1.07516,1.07521,1.87,1.12
2017.03.29 18:33:38.368,1.07516,1.07521,2.06,1.37
2017.03.29 18:33:39.451,1.07517,1.0752,1.00,1.12
2017.03.29 18:33:40.051,1.07516,1.0752,3.56,1.12
2017.03.29 18:33:40.558,1.07517,1.0752,1.50,1.00
2017.03.29 18:33:44.366,1.07517,1.07521,1.50,1.50
2017.03.29 18:33:46.275,1.07519,1.07521,1.00,1.00
2017.03.29 18:33:46.606,1.07521,1.07522,1.50,1.00
2017.03.29 18:33:46.657,1.07522,1.07525,1.00,2.25
2017.03.29 18:33:47.539,1.07521,1.07524,3.00,1.00
2017.03.29 18:33:47.641,1.07519,1.07523,1.50,2.62
2017.03.29 18:33:48.096,1.07521,1.07524,1.00,2.25
2017.03.29 18:33:48.349,1.07519,1.07524,5.25,2.25
2017.03.29 18:33:48.653,1.07521,1.07524,1.00,2.25
2017.03.29 18:33:49.193,1.07522,1.07525,1.00,1.20
2017.03.29 18:33:49.395,1.07522,1.07527,1.00,18.45
2017.03.29 18:33:49.910,1.07523,1.07527,1.00,7.20
2017.03.29 18:33:51.099,1.07524,1.07527,1.00,1.12
2017.03.29 18:33:51.409,1.07526,1.07529,1.00,2.62
2017.03.29 18:33:51.511,1.07526,1.0753,1.87,4.12
2017.03.29 18:33:52.057,1.07526,1.0753,1.00,5.62
2017.03.29 18:33:55.645,1.07526,1.0753,1.12,1.00
2017.03.29 18:33:57.787,1.07527,1.07531,2.25,1.00
2017.03.29 18:33:58.406,1.07527,1.07532,3.56,13.69
2017.03.29 18:33:58.926,1.07531,1.07532,1.00,2.25
2017.03.29 18:33:59.131,1.07533,1.07536,1.12,1.00
2017.03.29 18:33:59.284,1.07534,1.07538,4.87,3.94
2017.03.29 18:33:59.809,1.07533,1.07538,4.87,4.12
2017.03.29 18:33:59.861,1.07533,1.07537,3.75,2.62
2017.03.29 18:34:00.368,1.07533,1.07538,1.87,1.31
2017.03.29 18:34:01.085,1.07533,1.07537,2.25,2.34
2017.03.29 18:34:04.606,1.07533,1.07536,1.00,2.85
2017.03.29 18:34:04.657,1.07532,1.07533,2.62,1.12
2017.03.29 18:34:04.760,1.07529,1.07533,3.75,1.31
2017.03.29 18:34:05.269,1.07529,1.07534,4.31,2.25
2017.03.29 18:34:05.371,1.07531,1.07534,1.00,1.00
2017.03.29 18:34:06.029,1.07532,1.07535,1.00,1.37
2017.03.29 18:34:07.810,1.07531,1.07534,1.50,2.06
2017.03.29 18:34:07.962,1.07529,1.07534,3.00,4.31
2017.03.29 18:34:08.064,1.07531,1.07533,1.00,1.25
2017.03.29 18:34:08.267,1.07531,1.07535,1.12,1.12
2017.03.29 18:34:08.774,1.07532,1.07536,1.50,1.87
2017.03.29 18:34:09.605,1.07532,1.07535,1.00,2.62
2017.03.29 18:34:09.757,1.0753,1.07535,1.50,10.50
2017.03.29 18:34:10.440,1.07529,1.07534,5.25,1.00
2017.03.29 18:34:14.228,1.07529,1.07533,3.00,2.62
2017.03.29 18:34:14.943,1.0753,1.07534,1.00,2.25
2017.03.29 18:34:15.299,1.07528,1.07532,5.44,1.12
2017.03.29 18:34:15.738,1.0753,1.07534,1.00,6.37
2017.03.29 18:34:16.315,1.0753,1.07534,1.00,2.25
2017.03.29 18:34:20.019,1.0753,1.07532,1.00,1.00
2017.03.29 18:34:20.222,1.07528,1.07532,1.87,1.50
2017.03.29 18:34:27.164,1.07527,1.07531,2.81,1.00
2017.03.29 18:34:27.733,1.07526,1.07531,4.12,1.87
2017.03.29 18:34:36.252,1.07527,1.07532,1.50,4.12
2017.03.29 18:34:36.563,1.07529,1.07531,1.00,1.37
2017.03.29 18:34:36.767,1.07527,1.07532,1.31,4.97
2017.03.29 18:34:36.870,1.07529,1.07532,1.00,4.22
2017.03.29 18:34:37.492,1.07528,1.07532,1.00,4.12
2017.03.29 18:34:37.948,1.07526,1.07531,6.75,1.12
2017.03.29 18:34:38.855,1.07526,1.07529,6.00,1.00
2017.03.29 18:34:39.160,1.07523,1.07526,1.12,1.00
2017.03.29 18:34:39.740,1.07522,1.07526,2.25,1.00
2017.03.29 18:34:40.094,1.07524,1.07527,2.62,1.00
2017.03.29 18:34:40.398,1.07526,1.0753,1.12,1.00
2017.03.29 18:34:40.854,1.07527,1.07531,2.62,1.87
2017.03.29 18:34:41.379,1.07527,1.07532,1.00,4.12
2017.03.29 18:34:42.050,1.07527,1.07531,1.50,1.00
2017.03.29 18:34:42.581,1.07526,1.07531,6.00,1.87
2017.03.29 18:34:45.029,1.07526,1.07531,6.00,1.50
2017.03.29 18:34:45.390,1.07528,1.07533,3.75,4.50
2017.03.29 18:34:46.286,1.07528,1.07533,6.75,1.87
2017.03.29 18:34:47.289,1.07528,1.07533,9.75,1.12
2017.03.29 18:34:47.806,1.07529,1.07533,1.12,1.50
2017.03.29 18:34:48.327,1.07529,1.07535,6.37,4.50
2017.03.29 18:34:48.429,1.07529,1.07533,1.87,3.37
2017.03.29 18:34:48.937,1.07528,1.07532,1.12,1.00
2017.03.29 18:34:51.790,1.07528,1.07533,3.37,1.87
2017.03.29 18:34:52.294,1.07529,1.07533,1.00,1.12
2017.03.29 18:34:54.044,1.07529,1.07533,1.00,2.62
2017.03.29 18:34:54.551,1.07528,1.07533,5.62,1.37
2017.03.29 18:34:56.579,1.07528,1.07532,1.00,3.84
2017.03.29 18:34:57.244,1.07527,1.07532,3.37,3.84
2017.03.29 18:34:59.685,1.07526,1.07531,2.25,1.12
2017.03.29 18:35:03.056,1.07528,1.07532,3.37,5.72
2017.03.29 18:35:05.054,1.0753,1.07533,3.37,1.00
2017.03.29 18:35:05.256,1.0753,1.07535,9.00,1.12
2017.03.29 18:35:07.448,1.07532,1.07536,1.12,1.12
2017.03.29 18:35:08.306,1.07531,1.07536,3.75,2.62
2017.03.29 18:35:09.847,1.07532,1.07537,1.12,6.34
2017.03.29 18:35:10.050,1.07534,1.07537,1.00,1.12
2017.03.29 18:35:10.557,1.07533,1.07538,4.50,1.12
2017.03.29 18:35:11.176,1.07533,1.07538,5.25,1.12
2017.03.29 18:35:11.859,1.07533,1.07538,2.62,1.87
2017.03.29 18:35:11.961,1.07532,1.07537,2.25,3.84
2017.03.29 18:35:12.496,1.07531,1.07536,5.62,1.37
2017.03.29 18:35:13.909,1.07531,1.07536,5.25,2.62
2017.03.29 18:35:16.493,1.07531,1.07536,3.75,3.97
2017.03.29 18:35:17.068,1.0753,1.07534,1.50,1.00
2017.03.29 18:35:18.587,1.0753,1.07535,2.62,1.87
2017.03.29 18:35:21.956,1.0753,1.07534,1.50,1.00
2017.03.29 18:35:22.214,1.0753,1.07532,1.00,1.00
2017.03.29 18:35:22.729,1.07529,1.07532,1.00,1.00
2017.03.29 18:35:32.674,1.07529,1.07533,3.37,1.00
2017.03.29 18:35:32.979,1.07531,1.07533,1.87,1.00
2017.03.29 18:35:33.500,1.07531,1.07534,1.87,1.00
2017.03.29 18:35:34.056,1.0753,1.07534,1.12,1.50
2017.03.29 18:35:35.490,1.07531,1.07534,3.37,1.00
2017.03.29 18:35:35.844,1.07531,1.07536,1.50,5.62
2017.03.29 18:35:37.430,1.07531,1.07536,1.50,8.62
2017.03.29 18:35:40.128,1.07531,1.07536,1.87,3.37
2017.03.29 18:35:44.220,1.07531,1.07536,1.00,6.37
2017.03.29 18:35:44.751,1.0753,1.07535,7.12,1.37
2017.03.29 18:35:45.356,1.07531,1.07534,1.00,4.12
2017.03.29 18:35:45.458,1.07528,1.07534,11.62,7.12
2017.03.29 18:35:46.536,1.07529,1.07533,1.00,1.87
2017.03.29 18:35:47.077,1.07528,1.07533,12.75,1.87
2017.03.29 18:35:47.723,1.07529,1.07533,1.00,1.12
2017.03.29 18:35:48.249,1.07528,1.07533,12.00,1.12
2017.03.29 18:35:50.864,1.07528,1.07533,16.12,1.87
2017.03.29 18:35:51.404,1.07528,1.07532,15.37,1.00
2017.03.29 18:35:52.065,1.07528,1.07532,15.00,1.00
2017.03.29 18:35:58.767,1.0753,1.07532,1.00,1.00
2017.03.29 18:35:58.970,1.07532,1.07535,4.12,1.00
2017.03.29 18:35:59.510,1.07532,1.07536,4.12,1.00
2017.03.29 18:36:00.541,1.07532,1.07537,1.50,2.25
2017.03.29 18:36:01.270,1.07532,1.07536,2.25,1.00
2017.03.29 18:36:05.888,1.07531,1.07533,6.00,1.00
2017.03.29 18:36:05.990,1.0753,1.07532,1.00,1.00
2017.03.29 18:36:06.511,1.07529,1.07533,2.62,1.00
2017.03.29 18:36:09.087,1.07529,1.07532,3.00,1.00
2017.03.29 18:36:10.296,1.0753,1.07532,1.00,1.00
2017.03.29 18:36:11.368,1.0753,1.07533,1.00,1.12
2017.03.29 18:36:13.319,1.0753,1.07532,1.00,1.00
2017.03.29 18:36:13.919,1.0753,1.07534,1.00,6.90
2017.03.29 18:36:14.447,1.07529,1.07533,5.85,2.72
2017.03.29 18:36:15.410,1.07529,1.07532,5.47,1.12
2017.03.29 18:36:15.932,1.07529,1.07533,1.12,2.25
2017.03.29 18:36:16.134,1.07531,1.07532,1.00,1.00
2017.03.29 18:36:16.185,1.07532,1.07535,1.00,1.87
2017.03.29 18:36:16.490,1.07529,1.07534,2.85,3.56
2017.03.29 18:36:16.693,1.07531,1.07534,1.00,1.50
2017.03.29 18:36:17.149,1.07529,1.07532,3.60,1.00
2017.03.29 18:36:17.404,1.07528,1.07532,2.47,1.00
2017.03.29 18:36:19.142,1.07528,1.07531,1.50,1.50
2017.03.29 18:36:19.739,1.07527,1.07532,3.00,3.84
2017.03.29 18:36:24.355,1.07527,1.07531,1.50,1.00
2017.03.29 18:36:25.567,1.07527,1.07531,3.37,1.00
2017.03.29 18:36:29.151,1.07527,1.07531,4.12,1.50
2017.03.29 18:36:33.547,1.07527,1.07532,3.75,7.69
2017.03.29 18:36:34.092,1.07527,1.07531,3.75,1.00
2017.03.29 18:36:36.554,1.07526,1.07531,7.50,1.87
2017.03.29 18:36:37.111,1.07526,1.0753,6.22,1.00
2017.03.29 18:36:38.993,1.07526,1.07531,1.87,3.56
2017.03.29 18:36:39.499,1.07526,1.0753,3.00,1.00
2017.03.29 18:36:39.836,1.07527,1.07532,4.87,1.12
2017.03.29 18:36:39.938,1.0753,1.07533,1.00,2.77
2017.03.29 18:36:40.242,1.07533,1.07536,1.00,2.62
2017.03.29 18:36:40.711,1.07533,1.07539,3.60,4.87
2017.03.29 18:36:41.217,1.07534,1.07539,3.97,2.62
2017.03.29 18:36:41.600,1.07534,1.07537,1.72,1.00
2017.03.29 18:36:42.139,1.07532,1.07537,6.00,1.87
2017.03.29 18:36:42.669,1.07532,1.07537,5.62,1.87
2017.03.29 18:36:45.255,1.07532,1.07537,3.97,2.62
2017.03.29 18:36:45.761,1.07532,1.07536,3.97,1.50
2017.03.29 18:36:47.667,1.07532,1.07535,4.72,1.00
2017.03.29 18:36:48.197,1.07532,1.07536,3.97,1.00
2017.03.29 18:36:50.605,1.07532,1.07535,1.35,1.12
2017.03.29 18:36:51.112,1.07532,1.07536,2.47,1.50
2017.03.29 18:36:52.682,1.07532,1.07537,2.85,4.87
2017.03.29 18:36:56.155,1.07532,1.07536,1.87,1.00
2017.03.29 18:36:56.459,1.07527,1.07532,7.50,1.50
2017.03.29 18:36:56.763,1.07529,1.07534,5.62,1.50
2017.03.29 18:36:57.497,1.07529,1.07533,3.75,1.37
2017.03.29 18:36:58.003,1.07528,1.07533,1.12,1.87
2017.03.29 18:36:58.371,1.07527,1.0753,9.00,1.00
2017.03.29 18:37:01.105,1.07527,1.0753,7.12,1.00
2017.03.29 18:37:01.472,1.07526,1.07528,1.50,1.50
2017.03.29 18:37:01.624,1.07523,1.07526,5.25,1.00
2017.03.29 18:37:02.131,1.07524,1.07526,1.00,1.50
2017.03.29 18:37:02.659,1.07524,1.07527,1.00,1.50
2017.03.29 18:37:03.548,1.07524,1.07526,1.12,1.00
2017.03.29 18:37:04.377,1.07525,1.07529,1.87,1.50
2017.03.29 18:37:04.883,1.07525,1.0753,7.50,3.37
2017.03.29 18:37:05.191,1.07525,1.07528,6.00,1.00
2017.03.29 18:37:05.394,1.07525,1.0753,6.00,1.87
2017.03.29 18:37:06.710,1.07525,1.07529,6.00,1.00
2017.03.29 18:37:07.219,1.07525,1.0753,5.62,1.12
2017.03.29 18:37:12.918,1.0753,1.07531,1.00,1.12
2017.03.29 18:37:12.996,1.0753,1.07533,3.75,1.12
2017.03.29 18:37:13.098,1.07531,1.07535,1.37,2.62
2017.03.29 18:37:13.744,1.07531,1.07535,1.00,1.00
2017.03.29 18:37:16.387,1.07529,1.07533,15.94,1.00
2017.03.29 18:37:16.938,1.07529,1.07533,9.94,1.50
2017.03.29 18:37:17.845,1.07529,1.07531,2.25,1.00
2017.03.29 18:37:18.888,1.07528,1.07531,2.25,1.00
2017.03.29 18:37:22.443,1.07528,1.07532,2.62,2.25
2017.03.29 18:37:22.971,1.07529,1.07532,1.00,1.00
2017.03.29 18:37:23.504,1.07529,1.07533,1.00,1.00
2017.03.29 18:37:23.826,1.07528,1.07531,4.12,1.00
2017.03.29 18:37:23.979,1.07529,1.07533,1.25,1.00
2017.03.29 18:37:24.498,1.07529,1.07532,1.12,1.50
2017.03.29 18:37:26.049,1.07528,1.07532,1.87,1.87
2017.03.29 18:37:26.152,1.07528,1.0753,1.00,1.00
2017.03.29 18:37:28.913,1.07529,1.07531,3.00,1.00
2017.03.29 18:37:29.167,1.0753,1.07533,2.62,1.12
2017.03.29 18:37:29.674,1.07529,1.07532,4.50,1.00
2017.03.29 18:37:29.826,1.07528,1.07532,3.75,1.87
2017.03.29 18:37:30.080,1.07528,1.07531,6.37,1.00
2017.03.29 18:37:30.944,1.07529,1.07531,1.87,1.00
2017.03.29 18:37:39.733,1.07529,1.07532,1.00,2.62
2017.03.29 18:37:40.037,1.07528,1.0753,1.50,1.00
2017.03.29 18:37:40.933,1.07529,1.0753,1.00,1.00
2017.03.29 18:37:40.984,1.07528,1.07532,6.37,1.00
2017.03.29 18:37:41.512,1.07529,1.07533,2.25,1.50
2017.03.29 18:37:42.171,1.07529,1.07533,1.12,1.87
2017.03.29 18:37:43.749,1.07529,1.07531,1.00,1.00
2017.03.29 18:37:44.265,1.07527,1.0753,2.25,1.00
2017.03.29 18:37:44.994,1.07527,1.07529,1.12,1.00
2017.03.29 18:37:51.222,1.07526,1.07529,3.00,1.50
2017.03.29 18:37:55.603,1.07525,1.07527,3.37,1.00
2017.03.29 18:37:55.806,1.07523,1.07526,2.25,1.00
2017.03.29 18:37:56.312,1.07523,1.07527,1.12,2.72
2017.03.29 18:37:56.363,1.07523,1.07525,1.12,1.00
2017.03.29 18:37:57.033,1.07522,1.07525,2.25,1.00
2017.03.29 18:38:00.361,1.07525,1.07527,1.00,1.50
2017.03.29 18:38:00.665,1.07527,1.07529,1.00,3.00
2017.03.29 18:38:00.767,1.07529,1.0753,1.00,1.00
2017.03.29 18:38:00.919,1.0753,1.07532,1.00,5.44
2017.03.29 18:38:00.970,1.07531,1.07532,1.00,9.19
2017.03.29 18:38:01.021,1.07529,1.07532,2.62,9.19
2017.03.29 18:38:01.173,1.07529,1.0753,1.50,1.00
2017.03.29 18:38:02.498,1.07529,1.07532,1.50,10.97
2017.03.29 18:38:04.402,1.07529,1.0753,1.00,1.00
2017.03.29 18:38:07.513,1.07529,1.07531,1.00,1.12
2017.03.29 18:38:08.116,1.07529,1.07532,1.00,8.06
2017.03.29 18:38:08.865,1.07529,1.0753,1.00,1.00
2017.03.29 18:38:10.019,1.07529,1.07532,1.00,4.50
2017.03.29 18:38:11.117,1.07529,1.07531,1.00,1.00
2017.03.29 18:38:13.887,1.07529,1.07532,1.87,4.69
2017.03.29 18:38:14.066,1.07531,1.07532,1.00,1.50
2017.03.29 18:38:14.117,1.07532,1.07535,1.00,1.00
2017.03.29 18:38:14.219,1.07531,1.07532,1.00,1.00
2017.03.29 18:38:14.725,1.07531,1.07533,1.00,1.00
2017.03.29 18:38:15.252,1.0753,1.07532,1.00,1.00
2017.03.29 18:38:15.556,1.0753,1.07534,1.50,6.37
2017.03.29 18:38:16.715,1.07533,1.07535,1.00,6.37
2017.03.29 18:38:16.867,1.07534,1.07536,1.00,2.25
2017.03.29 18:38:18.840,1.07534,1.07537,1.50,7.12
2017.03.29 18:38:29.600,1.07536,1.07538,1.00,5.77
2017.03.29 18:38:29.853,1.07537,1.07539,1.00,1.00
2017.03.29 18:38:29.904,1.07539,1.0754,1.00,3.00
2017.03.29 18:38:30.411,1.07538,1.07539,1.00,1.00
2017.03.29 18:38:35.377,1.07538,1.0754,1.00,1.12
2017.03.29 18:38:35.428,1.07537,1.07539,1.87,1.12
2017.03.29 18:38:35.631,1.07538,1.0754,1.00,7.12
2017.03.29 18:38:37.684,1.07537,1.07539,1.50,1.00
2017.03.29 18:38:38.902,1.07538,1.07539,1.00,1.00
2017.03.29 18:38:39.619,1.07539,1.0754,1.00,1.87
2017.03.29 18:38:41.647,1.07538,1.07539,2.25,1.00
2017.03.29 18:38:44.159,1.07539,1.0754,1.00,1.87
2017.03.29 18:38:44.751,1.07538,1.07539,1.50,1.00
2017.03.29 18:38:45.300,1.07539,1.0754,1.00,1.87
2017.03.29 18:38:46.166,1.07539,1.0754,1.00,1.12
2017.03.29 18:38:46.217,1.07539,1.07541,1.00,1.87
2017.03.29 18:38:49.398,1.07541,1.07542,1.00,1.00
2017.03.29 18:38:49.904,1.0754,1.07542,1.00,3.00
2017.03.29 18:38:50.447,1.07539,1.07541,1.00,1.00
2017.03.29 18:38:50.968,1.07539,1.07542,1.00,3.75
2017.03.29 18:38:56.006,1.07539,1.07541,1.00,1.00
2017.03.29 18:38:56.887,1.07539,1.07542,1.00,3.37
2017.03.29 18:38:57.191,1.07534,1.07536,1.50,1.00
2017.03.29 18:38:57.808,1.07534,1.07537,1.50,2.62
2017.03.29 18:38:58.336,1.07534,1.07536,1.50,1.00
2017.03.29 18:39:05.507,1.07533,1.07536,1.50,2.62
2017.03.29 18:39:06.039,1.07534,1.07535,1.00,1.00
2017.03.29 18:39:06.566,1.07533,1.07534,1.00,1.00
2017.03.29 18:39:07.023,1.07531,1.07533,1.00,1.00
2017.03.29 18:39:07.125,1.07533,1.07535,1.12,6.00
2017.03.29 18:39:07.277,1.07533,1.07537,1.87,4.97
2017.03.29 18:39:07.815,1.07533,1.07537,1.00,4.65
2017.03.29 18:39:08.734,1.07534,1.07537,1.00,5.12
2017.03.29 18:39:11.132,1.07536,1.07537,1.00,3.47
2017.03.29 18:39:11.235,1.07537,1.07539,1.87,1.00
2017.03.29 18:39:11.487,1.07535,1.07538,1.50,2.62
2017.03.29 18:39:12.013,1.07535,1.07537,1.00,1.50
2017.03.29 18:39:12.549,1.07536,1.07538,1.12,1.87
2017.03.29 18:39:13.442,1.07536,1.07537,1.00,1.00
2017.03.29 18:39:13.982,1.07536,1.07538,1.00,1.87
2017.03.29 18:39:14.488,1.07536,1.07539,1.00,3.37
2017.03.29 18:39:15.103,1.07537,1.07539,1.00,2.62
2017.03.29 18:39:15.205,1.07536,1.07537,1.00,1.00
2017.03.29 18:39:15.711,1.07536,1.07538,1.50,1.00
2017.03.29 18:39:16.216,1.07535,1.07538,1.50,1.00
2017.03.29 18:39:16.642,1.07537,1.07538,1.00,1.00
2017.03.29 18:39:16.693,1.07535,1.07538,1.50,1.00
2017.03.29 18:39:16.800,1.07536,1.07538,1.00,1.87
2017.03.29 18:39:17.332,1.07535,1.07538,1.50,1.00
2017.03.29 18:39:17.433,1.07537,1.07538,1.00,1.00
2017.03.29 18:39:17.939,1.07536,1.07538,1.00,1.00
2017.03.29 18:39:18.468,1.07537,1.07538,1.00,1.00
2017.03.29 18:39:18.721,1.07535,1.07538,1.00,1.00
2017.03.29 18:39:18.822,1.07537,1.07538,1.00,1.00
2017.03.29 18:39:19.163,1.07535,1.07538,1.50,1.00
2017.03.29 18:39:19.315,1.07537,1.07538,1.00,1.00
2017.03.29 18:39:19.366,1.07535,1.07538,1.50,1.00
2017.03.29 18:39:19.882,1.07536,1.07538,1.00,1.00
2017.03.29 18:39:20.389,1.07537,1.07538,1.00,1.00
2017.03.29 18:39:20.600,1.07535,1.07538,1.50,1.00
2017.03.29 18:39:21.055,1.07537,1.07538,1.00,1.00
2017.03.29 18:39:21.106,1.07535,1.07538,1.20,1.00
2017.03.29 18:39:21.321,1.07537,1.07538,1.00,1.00
2017.03.29 18:39:21.827,1.07536,1.07538,1.00,1.00
2017.03.29 18:39:24.402,1.07536,1.07539,1.12,2.25
2017.03.29 18:39:24.980,1.07536,1.07537,1.50,1.00
2017.03.29 18:39:26.028,1.07535,1.07537,1.00,1.00
2017.03.29 18:39:26.332,1.0754,1.07542,1.00,7.59
2017.03.29 18:39:27.729,1.07539,1.07542,1.16,1.00
2017.03.29 18:39:33.813,1.07539,1.07541,1.87,1.12
2017.03.29 18:39:34.474,1.07539,1.07541,1.87,2.12
2017.03.29 18:39:36.213,1.0754,1.07541,1.00,1.00
2017.03.29 18:39:39.066,1.0754,1.07541,1.12,1.87
2017.03.29 18:39:42.342,1.07539,1.07541,1.87,1.50
2017.03.29 18:39:46.041,1.0754,1.07542,1.37,10.22
2017.03.29 18:39:46.202,1.07542,1.07543,1.00,1.00
2017.03.29 18:39:46.709,1.07541,1.07543,1.00,1.50
2017.03.29 18:39:47.849,1.0754,1.07542,2.25,1.00
2017.03.29 18:39:48.357,1.07539,1.07541,1.00,1.50
2017.03.29 18:39:51.269,1.07538,1.0754,1.00,1.00
2017.03.29 18:39:51.797,1.07538,1.07541,1.00,5.62
2017.03.29 18:39:54.223,1.07539,1.07541,1.00,2.25
2017.03.29 18:39:55.823,1.07541,1.07542,1.00,6.09
2017.03.29 18:39:56.369,1.0754,1.07543,1.12,1.87
2017.03.29 18:39:56.916,1.07539,1.07542,2.77,1.00
2017.03.29 18:39:58.718,1.0754,1.07543,1.87,1.87
2017.03.29 18:39:59.226,1.0754,1.07542,1.87,1.00
2017.03.29 18:40:04.483,1.0754,1.07542,1.87,1.12
2017.03.29 18:40:05.218,1.0754,1.07543,1.87,1.50
2017.03.29 18:40:05.555,1.07543,1.07544,1.00,1.00
2017.03.29 18:40:08.840,1.07543,1.07545,1.12,1.87
2017.03.29 18:40:09.710,1.07541,1.07544,3.94,1.50
2017.03.29 18:40:10.252,1.07543,1.07544,1.00,1.00
2017.03.29 18:40:10.781,1.07543,1.07545,1.00,1.00
2017.03.29 18:40:11.977,1.07542,1.07544,1.00,1.37
2017.03.29 18:40:12.129,1.0754,1.07542,1.00,1.87
2017.03.29 18:40:16.392,1.0754,1.07541,1.00,1.00
2017.03.29 18:40:17.033,1.07539,1.07541,1.50,1.00
2017.03.29 18:40:17.540,1.07539,1.07542,1.50,3.75
2017.03.29 18:40:18.544,1.07539,1.07541,1.50,1.00
2017.03.29 18:40:19.060,1.07539,1.07542,1.50,2.25
2017.03.29 18:40:22.408,1.0754,1.07542,1.00,2.25
2017.03.29 18:40:23.890,1.07541,1.07543,1.00,6.75
2017.03.29 18:40:23.992,1.0754,1.07544,1.87,4.69
2017.03.29 18:40:27.637,1.07541,1.07543,1.12,1.00
2017.03.29 18:40:30.326,1.07541,1.07542,1.00,1.00
2017.03.29 18:40:31.291,1.07539,1.07542,2.62,1.00
2017.03.29 18:40:31.393,1.07542,1.07543,1.00,1.50
2017.03.29 18:40:31.996,1.07541,1.07544,1.87,1.50
2017.03.29 18:40:32.750,1.07542,1.07545,1.12,1.12
2017.03.29 18:40:38.354,1.07542,1.07545,1.87,1.00
2017.03.29 18:40:38.869,1.07542,1.07545,1.87,1.00
2017.03.29 18:40:39.391,1.07542,1.07546,1.87,3.56
2017.03.29 18:40:44.563,1.07542,1.07545,1.87,1.00
2017.03.29 18:40:45.079,1.07542,1.07545,1.87,1.00
2017.03.29 18:40:45.638,1.07542,1.07545,1.87,1.00
2017.03.29 18:40:46.280,1.07542,1.07545,1.87,1.00
2017.03.29 18:40:49.055,1.07542,1.07546,3.00,1.87
2017.03.29 18:40:50.289,1.07542,1.07546,4.12,2.06
2017.03.29 18:40:51.439,1.07542,1.07546,1.87,1.87
2017.03.29 18:40:52.192,1.07542,1.07546,3.37,1.87
2017.03.29 18:40:54.836,1.07542,1.07546,1.87,2.06
2017.03.29 18:40:59.031,1.07542,1.07546,3.37,2.06
2017.03.29 18:41:03.845,1.07542,1.07546,1.37,3.56
2017.03.29 18:41:05.112,1.07542,1.07546,2.62,2.44
2017.03.29 18:41:06.520,1.07542,1.07546,1.37,2.44
2017.03.29 18:41:08.027,1.07543,1.07546,1.37,3.56
2017.03.29 18:41:08.538,1.07543,1.07546,1.00,3.56
2017.03.29 18:41:09.614,1.07543,1.07546,1.37,1.69
2017.03.29 18:41:10.143,1.07543,1.07546,1.12,3.56
2017.03.29 18:41:24.552,1.07543,1.07545,1.12,1.00
2017.03.29 18:41:30.773,1.07546,1.07547,13.87,2.81
2017.03.29 18:41:31.093,1.07552,1.07554,1.87,1.50
2017.03.29 18:41:31.398,1.07554,1.07556,1.00,1.25
2017.03.29 18:41:34.065,1.07556,1.07558,2.85,11.34
2017.03.29 18:41:34.320,1.07562,1.07563,1.00,4.12
2017.03.29 18:41:34.523,1.0756,1.07562,1.87,3.75
2017.03.29 18:41:35.138,1.0756,1.07561,1.00,1.00
2017.03.29 18:41:35.643,1.07559,1.0756,1.00,3.75
2017.03.29 18:41:36.222,1.07557,1.0756,1.87,1.50
2017.03.29 18:41:36.761,1.07557,1.07559,1.12,3.00
2017.03.29 18:41:37.611,1.07559,1.0756,1.00,3.75
2017.03.29 18:41:38.118,1.07559,1.0756,1.00,1.00
2017.03.29 18:41:38.424,1.07559,1.0756,4.50,1.00
2017.03.29 18:41:38.526,1.07562,1.07564,1.00,1.50
2017.03.29 18:41:39.032,1.07562,1.07563,1.00,1.00
2017.03.29 18:41:39.792,1.0756,1.07562,1.00,2.62
2017.03.29 18:41:39.893,1.07558,1.07561,1.87,1.12
2017.03.29 18:41:40.490,1.07558,1.0756,1.87,1.00
2017.03.29 18:41:45.080,1.07558,1.07562,1.87,4.50
2017.03.29 18:41:45.656,1.07558,1.07561,1.87,1.00
2017.03.29 18:41:51.863,1.07557,1.07561,1.50,1.50
2017.03.29 18:41:51.916,1.07558,1.07561,2.62,4.12
2017.03.29 18:41:52.170,1.07561,1.07564,2.25,2.62
2017.03.29 18:41:52.676,1.07561,1.07564,2.62,1.00
2017.03.29 18:41:54.560,1.07562,1.07566,1.12,1.87
2017.03.29 18:42:06.643,1.07562,1.07564,1.12,1.22
2017.03.29 18:42:06.795,1.07558,1.07561,1.12,1.00
2017.03.29 18:42:11.059,1.07558,1.0756,1.12,1.00
2017.03.29 18:42:21.016,1.07558,1.07561,1.87,1.00
2017.03.29 18:42:21.536,1.07558,1.07561,1.87,1.00
2017.03.29 18:42:22.083,1.07558,1.07561,1.12,1.00
2017.03.29 18:42:32.228,1.07558,1.07561,1.87,2.25
2017.03.29 18:42:32.431,1.0756,1.07564,4.31,1.00
2017.03.29 18:42:33.223,1.0756,1.07565,6.19,1.87
2017.03.29 18:42:34.807,1.0756,1.07565,4.46,1.00
2017.03.29 18:42:37.329,1.07563,1.07565,1.87,1.00
2017.03.29 18:42:37.431,1.07563,1.07567,3.56,8.62
2017.03.29 18:42:40.172,1.07564,1.07567,7.31,7.87
2017.03.29 18:42:40.326,1.07565,1.0757,3.19,1.87
2017.03.29 18:42:40.872,1.07566,1.0757,1.00,1.87
2017.03.29 18:42:41.400,1.07565,1.0757,4.50,2.25
2017.03.29 18:42:41.929,1.07566,1.0757,1.00,2.62
2017.03.29 18:42:42.646,1.07566,1.0757,1.50,1.00
2017.03.29 18:42:43.176,1.07566,1.07569,1.00,1.12
2017.03.29 18:42:43.843,1.07565,1.0757,8.25,2.62
2017.03.29 18:42:44.678,1.07566,1.07571,2.25,3.37
2017.03.29 18:42:45.219,1.07566,1.0757,2.25,1.00
2017.03.29 18:42:48.472,1.07569,1.07571,1.00,1.50
2017.03.29 18:42:48.776,1.07572,1.07574,1.12,1.00
2017.03.29 18:42:49.289,1.07572,1.07576,1.12,2.62
2017.03.29 18:42:49.830,1.07572,1.07576,3.00,1.00
2017.03.29 18:42:55.182,1.07573,1.07576,1.12,1.37
2017.03.29 18:42:55.689,1.07572,1.07577,1.50,11.64
2017.03.29 18:43:00.012,1.07572,1.07576,1.50,1.99
2017.03.29 18:43:01.729,1.07571,1.07575,4.50,1.00
2017.03.29 18:43:02.102,1.07571,1.07574,4.50,2.62
2017.03.29 18:43:02.255,1.07569,1.07572,1.12,1.12
2017.03.29 18:43:02.838,1.07568,1.07572,10.12,1.87
2017.03.29 18:43:02.889,1.0757,1.07573,2.62,1.00
2017.03.29 18:43:03.093,1.07569,1.07572,1.50,1.50
2017.03.29 18:43:04.129,1.07569,1.07573,1.50,1.50
2017.03.29 18:43:04.720,1.07569,1.07573,3.00,1.00
2017.03.29 18:43:06.357,1.07569,1.07572,2.62,1.50
2017.03.29 18:43:08.744,1.07567,1.07572,4.87,1.50
2017.03.29 18:43:09.453,1.07567,1.07571,4.87,1.00
2017.03.29 18:43:11.165,1.07567,1.07571,6.15,1.00
2017.03.29 18:43:13.462,1.07568,1.07571,1.00,1.00
2017.03.29 18:43:14.095,1.07567,1.07571,6.34,1.00
2017.03.29 18:43:30.188,1.07569,1.07572,1.00,3.49
2017.03.29 18:43:33.817,1.0757,1.07572,1.00,1.61
2017.03.29 18:43:36.495,1.0757,1.07571,1.00,1.00
2017.03.29 18:43:37.001,1.0757,1.07572,1.00,1.12
2017.03.29 18:43:37.768,1.07569,1.07571,1.00,1.00
2017.03.29 18:43:38.377,1.0757,1.07572,1.00,1.12
2017.03.29 18:43:55.462,1.07569,1.07572,1.50,2.34
2017.03.29 18:43:56.020,1.0757,1.07572,1.00,2.34
2017.03.29 18:44:03.786,1.07568,1.07572,1.12,2.34
2017.03.29 18:44:03.837,1.0757,1.07572,1.00,2.34
2017.03.29 18:44:06.673,1.07569,1.07572,1.00,2.72
2017.03.29 18:44:07.209,1.0757,1.07572,1.00,2.72
2017.03.29 18:44:37.148,1.07571,1.07573,1.12,2.72
2017.03.29 18:44:37.250,1.07573,1.07575,1.00,1.87
2017.03.29 18:44:37.765,1.07574,1.07575,1.50,1.00
2017.03.29 18:44:39.361,1.07573,1.07576,1.50,2.25
2017.03.29 18:44:39.463,1.07575,1.07577,1.50,5.62
2017.03.29 18:44:44.397,1.07575,1.07576,1.00,1.00
2017.03.29 18:44:50.370,1.07574,1.07576,1.50,1.00
2017.03.29 18:44:53.518,1.07575,1.07576,1.00,1.00
2017.03.29 18:45:00.173,1.07572,1.07574,5.62,2.34
2017.03.29 18:45:00.376,1.0757,1.07572,1.87,1.50
2017.03.29 18:45:00.681,1.0757,1.07574,2.06,3.75
2017.03.29 18:45:00.935,1.0757,1.07572,1.50,1.00
2017.03.29 18:45:01.391,1.07572,1.07574,1.00,4.50
2017.03.29 18:45:01.919,1.07573,1.07575,1.00,1.87
2017.03.29 18:45:02.224,1.07575,1.07577,1.00,3.00
2017.03.29 18:45:04.179,1.07577,1.07579,1.00,6.15
2017.03.29 18:45:04.281,1.07578,1.0758,1.00,2.62
2017.03.29 18:45:04.485,1.07576,1.07578,1.12,2.34
2017.03.29 18:45:04.537,1.07575,1.07577,4.50,2.34
2017.03.29 18:45:06.112,1.07576,1.07577,1.00,2.34
2017.03.29 18:45:06.671,1.07577,1.07578,1.00,1.00
2017.03.29 18:45:08.096,1.07575,1.07577,1.87,1.00
2017.03.29 18:45:22.168,1.07576,1.07577,1.00,3.09
2017.03.29 18:45:22.270,1.07575,1.07578,4.69,1.00
2017.03.29 18:45:22.822,1.07575,1.07577,2.81,1.00
2017.03.29 18:45:23.513,1.07574,1.07577,5.62,1.50
2017.03.29 18:45:26.870,1.07575,1.07577,1.00,1.50
2017.03.29 18:45:30.975,1.07573,1.07576,2.77,1.00
2017.03.29 18:45:31.508,1.07573,1.07577,6.37,2.62
2017.03.29 18:45:32.042,1.07574,1.07577,3.37,1.00
2017.03.29 18:46:01.110,1.07573,1.07574,1.50,1.00
2017.03.29 18:46:01.313,1.07572,1.07576,3.75,3.00
2017.03.29 18:46:01.819,1.07573,1.07576,1.12,1.00
2017.03.29 18:46:03.160,1.07573,1.07577,3.75,1.10
2017.03.29 18:46:20.915,1.07575,1.07577,1.00,1.00
2017.03.29 18:46:22.206,1.07574,1.07577,1.00,1.87
2017.03.29 18:46:22.708,1.07574,1.07577,1.00,1.12
2017.03.29 18:46:29.692,1.07572,1.07576,4.12,4.12
2017.03.29 18:46:29.794,1.07571,1.07576,5.44,1.12
2017.03.29 18:46:33.083,1.07572,1.07575,1.50,1.50
2017.03.29 18:46:34.638,1.07572,1.07576,1.87,1.99
2017.03.29 18:46:35.672,1.07572,1.07576,5.62,2.62
2017.03.29 18:46:36.178,1.07573,1.07577,1.87,1.00
2017.03.29 18:46:42.160,1.07573,1.07576,1.12,1.00
2017.03.29 18:46:49.785,1.07573,1.07578,1.12,9.96
2017.03.29 18:46:50.330,1.07573,1.07576,1.12,1.00
2017.03.29 18:46:53.721,1.07572,1.07574,4.50,1.00
2017.03.29 18:46:53.772,1.07571,1.07576,3.75,4.12
2017.03.29 18:46:54.275,1.07572,1.07575,1.00,1.00
2017.03.29 18:46:54.690,1.07572,1.07577,1.50,6.00
2017.03.29 18:46:54.741,1.07572,1.07575,1.00,1.00
2017.03.29 18:46:54.893,1.07573,1.07577,1.12,2.25
2017.03.29 18:47:10.985,1.07572,1.07575,4.87,2.25
2017.03.29 18:47:11.239,1.07568,1.07572,4.69,1.00
2017.03.29 18:47:16.715,1.07568,1.07569,3.19,1.00
2017.03.29 18:47:16.968,1.07564,1.07567,1.37,1.12
2017.03.29 18:47:17.070,1.07563,1.07567,4.31,1.12
2017.03.29 18:47:22.727,1.07563,1.07565,3.19,1.00
2017.03.29 18:47:22.981,1.07563,1.07567,1.34,3.31
2017.03.29 18:47:23.489,1.07564,1.07567,1.69,1.00
2017.03.29 18:47:26.157,1.07564,1.07567,1.31,1.00
2017.03.29 18:47:28.925,1.07564,1.07567,1.31,1.00
2017.03.29 18:47:29.441,1.07564,1.07567,1.87,1.00
2017.03.29 18:47:44.887,1.07564,1.07566,1.12,1.00
2017.03.29 18:47:45.393,1.07563,1.07566,1.00,1.00
2017.03.29 18:48:00.897,1.07562,1.07566,1.69,1.15
2017.03.29 18:48:01.856,1.07561,1.07563,3.37,1.03
2017.03.29 18:48:02.044,1.07558,1.07562,4.87,1.00
2017.03.29 18:48:02.146,1.07558,1.07562,3.00,1.00
2017.03.29 18:48:02.836,1.07557,1.07561,3.94,4.87
2017.03.29 18:48:03.038,1.07558,1.07562,2.25,1.87
2017.03.29 18:48:05.046,1.07562,1.07563,1.12,1.00
2017.03.29 18:48:05.149,1.07562,1.07566,6.19,1.50
2017.03.29 18:48:05.694,1.07562,1.07566,8.81,1.00
2017.03.29 18:48:06.384,1.07562,1.07567,13.46,1.00
2017.03.29 18:48:31.953,1.07563,1.07567,1.87,1.00
2017.03.29 18:48:41.523,1.07563,1.07566,1.00,1.87
2017.03.29 18:48:41.871,1.0756,1.07561,1.25,1.00
2017.03.29 18:48:41.933,1.07558,1.07562,1.25,1.37
2017.03.29 18:48:48.197,1.07557,1.0756,1.12,4.12
2017.03.29 18:48:48.248,1.07557,1.07559,1.12,1.37
2017.03.29 18:48:48.332,1.07555,1.07558,1.00,1.12
2017.03.29 18:48:48.863,1.07554,1.07558,5.44,1.12
2017.03.29 18:48:50.244,1.07556,1.07558,1.00,1.00
2017.03.29 18:48:50.447,1.07556,1.0756,1.50,1.12
2017.03.29 18:48:51.229,1.07556,1.0756,3.19,1.37
2017.03.29 18:48:52.330,1.07556,1.0756,3.94,1.12
2017.03.29 18:48:58.190,1.07556,1.07561,6.19,1.87
2017.03.29 18:48:58.848,1.07556,1.0756,4.31,1.00
2017.03.29 18:49:01.460,1.07556,1.07561,4.69,6.75
2017.03.29 18:49:02.458,1.07557,1.07561,5.25,1.00
2017.03.29 18:49:02.967,1.07558,1.07562,1.87,1.00
2017.03.29 18:49:03.606,1.07561,1.07562,1.12,1.00
2017.03.29 18:49:03.758,1.07561,1.07565,1.62,2.62
2017.03.29 18:49:04.193,1.07563,1.07567,1.50,3.37
2017.03.29 18:49:15.849,1.07563,1.07565,1.87,1.00
2017.03.29 18:49:15.950,1.07563,1.07567,1.87,1.00
2017.03.29 18:49:25.046,1.07564,1.07567,1.00,1.00
2017.03.29 18:49:26.071,1.07563,1.07567,2.62,1.00
2017.03.29 18:49:32.759,1.07563,1.07567,1.87,1.00
2017.03.29 18:49:35.052,1.07563,1.07567,2.62,1.00
2017.03.29 18:49:35.576,1.07563,1.07567,2.62,1.00
2017.03.29 18:49:36.116,1.07563,1.07567,1.87,1.00
2017.03.29 18:49:37.701,1.07564,1.07567,1.00,1.50
2017.03.29 18:49:38.270,1.07565,1.07567,1.00,1.50
2017.03.29 18:49:44.529,1.07564,1.07567,1.12,1.50
2017.03.29 18:49:46.125,1.07563,1.07567,2.81,1.50
2017.03.29 18:49:48.097,1.07561,1.07563,3.15,1.37
2017.03.29 18:49:48.292,1.07558,1.07562,3.19,1.20
2017.03.29 18:49:48.799,1.07558,1.07561,1.00,1.12
2017.03.29 18:49:50.933,1.07557,1.07559,2.44,1.00
2017.03.29 18:49:51.035,1.07555,1.07559,3.75,1.00
2017.03.29 18:49:51.541,1.07555,1.07558,1.25,1.87
2017.03.29 18:49:52.195,1.07555,1.07558,2.06,1.87
2017.03.29 18:49:52.246,1.07556,1.0756,1.50,1.00
2017.03.29 18:49:57.578,1.07558,1.0756,1.12,1.00
2017.03.29 18:49:57.731,1.07559,1.07563,4.50,1.39
2017.03.29 18:49:57.934,1.07558,1.07562,1.69,1.12
2017.03.29 18:50:17.166,1.07558,1.07561,1.12,1.00
2017.03.29 18:50:17.217,1.0756,1.07562,1.00,1.00
2017.03.29 18:50:17.369,1.07557,1.07561,1.50,3.37
2017.03.29 18:50:17.916,1.07556,1.0756,2.62,1.50
2017.03.29 18:50:18.338,1.07555,1.07558,1.69,1.00
2017.03.29 18:50:20.635,1.07555,1.0756,1.12,5.81
2017.03.29 18:50:21.142,1.07556,1.07559,1.12,1.00
2017.03.29 18:50:22.554,1.07556,1.0756,1.12,1.00
2017.03.29 18:50:24.800,1.07557,1.0756,1.00,1.00
2017.03.29 18:50:25.430,1.07555,1.07559,4.69,1.12
2017.03.29 18:50:25.583,1.07553,1.07557,3.00,1.00
2017.03.29 18:50:28.657,1.07553,1.07557,2.62,1.00
2017.03.29 18:50:30.145,1.07553,1.07557,2.62,1.00
2017.03.29 18:50:30.902,1.07554,1.07557,1.00,1.00
2017.03.29 18:50:31.409,1.07555,1.07557,1.00,1.00
2017.03.29 18:50:44.353,1.07554,1.07558,4.87,1.69
2017.03.29 18:50:44.923,1.07554,1.07558,2.62,1.00
2017.03.29 18:50:45.473,1.07554,1.07557,2.62,1.00
2017.03.29 18:50:48.415,1.07553,1.07557,2.81,1.50
2017.03.29 18:50:49.918,1.07553,1.07557,2.06,1.50
2017.03.29 18:50:50.575,1.07554,1.07556,1.12,1.00
2017.03.29 18:50:51.144,1.07554,1.07557,1.00,1.50
2017.03.29 18:50:52.410,1.07553,1.07557,3.00,1.50
2017.03.29 18:50:52.912,1.07554,1.07557,1.12,1.50
2017.03.29 18:50:55.478,1.07556,1.07557,1.00,1.50
2017.03.29 18:50:55.580,1.07556,1.07559,1.12,1.50
2017.03.29 18:50:56.701,1.07557,1.0756,1.00,1.57
2017.03.29 18:50:59.217,1.07556,1.07558,1.31,1.00
2017.03.29 18:50:59.543,1.07554,1.07557,1.00,1.50
2017.03.29 18:51:00.046,1.07553,1.07556,1.87,1.00
2017.03.29 18:51:01.407,1.07554,1.07557,1.00,1.00
2017.03.29 18:51:02.377,1.07554,1.07556,1.00,1.00
2017.03.29 18:51:02.895,1.07554,1.07557,1.00,1.50
2017.03.29 18:51:14.538,1.07553,1.07557,1.12,4.12
2017.03.29 18:51:15.075,1.07554,1.07557,1.00,1.00
2017.03.29 18:51:15.782,1.07554,1.07556,1.00,1.00
2017.03.29 18:51:16.353,1.07554,1.07557,1.00,1.50
2017.03.29 18:51:22.258,1.07554,1.07557,1.00,1.87
2017.03.29 18:51:22.309,1.07552,1.07557,6.37,5.62
2017.03.29 18:51:22.816,1.07552,1.07555,1.50,1.00
2017.03.29 18:51:23.334,1.07552,1.07556,1.00,1.57
2017.03.29 18:51:25.509,1.07552,1.07555,1.50,1.00
2017.03.29 18:51:27.311,1.07552,1.07556,1.87,1.10
2017.03.29 18:51:28.539,1.07552,1.07556,4.12,1.00
2017.03.29 18:51:29.566,1.07553,1.07555,1.00,1.00
2017.03.29 18:51:30.903,1.07553,1.07557,1.00,1.87
2017.03.29 18:51:32.022,1.07553,1.07555,2.62,1.00
2017.03.29 18:51:32.124,1.07554,1.07557,1.00,1.50
2017.03.29 18:51:32.581,1.07552,1.07555,1.87,1.12
2017.03.29 18:51:33.088,1.07552,1.07554,1.12,1.00
2017.03.29 18:51:33.303,1.07552,1.07556,1.50,4.57
2017.03.29 18:51:33.405,1.07554,1.07556,1.00,1.00
2017.03.29 18:51:34.064,1.07554,1.07557,1.00,1.00
2017.03.29 18:51:41.285,1.07556,1.07559,1.12,3.37
2017.03.29 18:51:41.611,1.07559,1.07562,1.00,1.00
2017.03.29 18:51:44.486,1.07559,1.07563,2.25,9.09
2017.03.29 18:51:44.795,1.0756,1.07563,3.00,8.34
2017.03.29 18:51:50.030,1.0756,1.07563,1.37,10.44
2017.03.29 18:51:50.576,1.0756,1.07563,1.00,8.34
2017.03.29 18:51:53.797,1.07561,1.07564,1.50,3.97
2017.03.29 18:51:54.332,1.07561,1.07565,1.12,2.47
2017.03.29 18:51:55.154,1.0756,1.07565,3.37,2.10
2017.03.29 18:51:55.793,1.07561,1.07566,1.50,6.97
2017.03.29 18:51:57.636,1.07563,1.07566,1.12,2.92
2017.03.29 18:51:58.143,1.07563,1.07566,1.87,1.00
2017.03.29 18:51:58.754,1.07563,1.07567,1.87,1.00
2017.03.29 18:51:59.740,1.07564,1.07567,1.00,1.00
2017.03.29 18:52:02.446,1.07563,1.07567,1.50,4.87
2017.03.29 18:52:02.751,1.07561,1.07563,1.00,1.00
2017.03.29 18:52:03.258,1.0756,1.07563,1.50,1.87
2017.03.29 18:52:20.412,1.0756,1.07562,1.00,5.62
2017.03.29 18:52:20.565,1.07558,1.07561,1.50,1.00
2017.03.29 18:52:22.176,1.07557,1.07561,3.00,1.00
2017.03.29 18:52:23.552,1.07558,1.07561,1.00,1.00
2017.03.29 18:52:24.083,1.07558,1.0756,1.00,1.00
2017.03.29 18:52:25.383,1.07558,1.07562,1.00,2.66
2017.03.29 18:52:26.272,1.07558,1.07562,2.62,1.99
2017.03.29 18:52:26.884,1.07558,1.07562,1.87,3.00
2017.03.29 18:52:42.847,1.07558,1.07562,2.62,1.00
2017.03.29 18:52:44.815,1.07558,1.07562,3.00,1.00
2017.03.29 18:52:49.696,1.07558,1.07562,2.25,1.00
2017.03.29 18:52:55.425,1.07558,1.07562,2.25,1.50
2017.03.29 18:52:57.466,1.07559,1.07562,1.00,1.72
2017.03.29 18:53:00.252,1.07558,1.07562,2.25,2.25
2017.03.29 18:53:00.706,1.07558,1.0756,1.12,1.50
2017.03.29 18:53:01.063,1.07558,1.07562,1.12,3.75
2017.03.29 18:53:01.608,1.07559,1.07562,1.50,1.00
2017.03.29 18:53:23.867,1.07559,1.07563,1.69,9.00
2017.03.29 18:53:23.918,1.07559,1.0756,1.25,1.12
2017.03.29 18:53:24.020,1.07557,1.07559,1.50,1.12
2017.03.29 18:53:24.551,1.07557,1.07559,1.00,1.12
2017.03.29 18:53:25.097,1.07558,1.0756,1.00,1.50
2017.03.29 18:53:25.401,1.07556,1.07559,3.19,1.12
2017.03.29 18:53:25.452,1.07555,1.07557,1.69,1.00
2017.03.29 18:53:25.963,1.07555,1.07557,1.00,1.12
2017.03.29 18:53:44.503,1.07554,1.07557,2.62,1.12
2017.03.29 18:53:49.987,1.07555,1.07557,1.50,1.00
2017.03.29 18:53:55.004,1.07554,1.07557,3.00,1.00
2017.03.29 18:53:55.507,1.07555,1.07558,1.00,5.94
2017.03.29 18:53:56.088,1.07554,1.07558,1.50,5.34
2017.03.29 18:53:56.504,1.07556,1.07558,1.00,2.72
2017.03.29 18:53:58.292,1.07555,1.07558,1.50,2.62
2017.03.29 18:54:09.023,1.07555,1.07556,1.50,1.00
2017.03.29 18:54:09.327,1.07546,1.07549,3.00,4.50
2017.03.29 18:54:10.238,1.07546,1.07548,1.50,3.75
2017.03.29 18:54:10.492,1.07545,1.07546,1.00,3.75
2017.03.29 18:54:10.645,1.07544,1.07546,1.12,3.75
2017.03.29 18:54:10.949,1.07545,1.07546,1.00,3.75
2017.03.29 18:54:11.414,1.07545,1.07546,1.50,3.75
2017.03.29 18:54:16.438,1.07544,1.07545,1.87,3.75
2017.03.29 18:54:17.591,1.07544,1.07546,1.00,3.75
2017.03.29 18:54:18.333,1.07544,1.07545,1.00,3.75
2017.03.29 18:54:23.050,1.07543,1.07545,3.37,3.75
2017.03.29 18:54:23.780,1.07542,1.07544,3.00,3.75
2017.03.29 18:54:24.022,1.0754,1.07541,1.50,3.75
2017.03.29 18:54:24.124,1.07543,1.07544,1.12,6.75
2017.03.29 18:54:24.277,1.07543,1.07545,1.12,1.00
2017.03.29 18:54:33.314,1.07542,1.07544,1.50,1.00
2017.03.29 18:54:33.872,1.07541,1.07544,2.62,1.00
2017.03.29 18:54:34.396,1.07542,1.07544,1.00,1.00
2017.03.29 18:54:36.097,1.07542,1.07545,1.00,1.12
2017.03.29 18:54:36.602,1.07541,1.07545,3.00,2.25
2017.03.29 18:54:37.972,1.07541,1.07545,3.00,2.25
2017.03.29 18:54:38.526,1.07542,1.07545,1.00,1.87
2017.03.29 18:54:39.916,1.07542,1.07545,1.00,1.00
2017.03.29 18:54:40.953,1.07543,1.07545,1.00,1.00
2017.03.29 18:54:41.454,1.07542,1.07545,1.50,1.00
2017.03.29 18:54:49.190,1.07542,1.07546,1.00,4.50
2017.03.29 18:54:52.344,1.07543,1.07546,1.12,5.25
2017.03.29 18:54:52.850,1.07544,1.07546,1.50,5.25
2017.03.29 18:55:00.216,1.07546,1.07547,1.00,4.50
2017.03.29 18:55:00.318,1.07546,1.07549,1.87,3.75
2017.03.29 18:55:00.884,1.07547,1.07549,1.87,3.75
2017.03.29 18:55:01.239,1.07547,1.07548,1.00,4.87
2017.03.29 18:55:01.341,1.07545,1.07546,1.00,3.75
2017.03.29 18:55:01.442,1.07543,1.07546,3.75,3.75
2017.03.29 18:55:01.964,1.07544,1.07546,1.00,3.75
2017.03.29 18:55:02.503,1.07544,1.07545,1.00,3.75
2017.03.29 18:55:15.190,1.07547,1.07548,1.00,7.12
2017.03.29 18:55:15.241,1.07547,1.07548,1.00,6.00
2017.03.29 18:55:15.750,1.07546,1.07548,3.00,3.75
2017.03.29 18:55:16.299,1.07546,1.07549,1.00,1.50
2017.03.29 18:55:17.064,1.07546,1.0755,1.50,7.87
2017.03.29 18:55:17.224,1.07548,1.0755,1.00,4.50
2017.03.29 18:55:17.746,1.07548,1.07551,1.00,1.00
2017.03.29 18:55:18.267,1.07548,1.07552,1.87,1.87
2017.03.29 18:55:18.774,1.07549,1.07552,1.00,1.00
2017.03.29 18:55:19.962,1.07549,1.07553,1.00,3.56
2017.03.29 18:55:26.434,1.07548,1.07553,3.75,6.94
2017.03.29 18:55:26.738,1.0755,1.07553,1.50,2.81
2017.03.29 18:55:41.390,1.0755,1.07552,1.00,1.12
2017.03.29 18:55:41.972,1.07549,1.07552,1.00,1.87
2017.03.29 18:55:42.706,1.07549,1.07552,1.00,1.12
2017.03.29 18:55:45.111,1.07548,1.07553,2.25,7.97
2017.03.29 18:55:45.826,1.07548,1.07551,2.62,1.12
2017.03.29 18:55:47.434,1.07547,1.0755,2.25,1.12
2017.03.29 18:55:47.738,1.07549,1.07551,1.00,1.87
2017.03.29 18:55:49.483,1.07549,1.07552,1.50,3.37
2017.03.29 18:55:53.484,1.07549,1.07551,1.50,1.00
2017.03.29 18:55:53.863,1.07549,1.0755,1.00,3.75
2017.03.29 18:55:56.465,1.07547,1.07549,1.87,3.75
2017.03.29 18:55:58.135,1.07547,1.07548,1.00,5.25
2017.03.29 18:55:58.186,1.07545,1.07546,1.87,4.50
2017.03.29 18:55:59.692,1.07544,1.07546,1.50,3.75
2017.03.29 18:55:59.795,1.07543,1.07545,1.87,3.75
2017.03.29 18:56:00.397,1.07542,1.07544,1.87,3.75
2017.03.29 18:56:01.511,1.07543,1.07544,1.00,3.75
2017.03.29 18:56:02.787,1.07542,1.07544,1.50,3.75
2017.03.29 18:56:03.332,1.07542,1.07543,1.50,3.75
2017.03.29 18:56:03.908,1.07542,1.07545,1.87,3.75
2017.03.29 18:56:04.545,1.07543,1.07545,1.00,3.75
2017.03.29 18:56:05.720,1.07542,1.07545,1.12,3.75
2017.03.29 18:56:06.228,1.07543,1.07545,1.00,4.87
2017.03.29 18:56:09.908,1.07542,1.07543,1.00,5.62
2017.03.29 18:56:09.960,1.0754,1.07541,1.12,1.50
2017.03.29 18:56:10.011,1.07537,1.07539,2.62,3.75
2017.03.29 18:56:10.518,1.07536,1.07538,3.00,3.75
2017.03.29 18:56:11.037,1.07536,1.07538,2.25,3.75
2017.03.29 18:56:12.185,1.07537,1.07538,1.00,3.75
2017.03.29 18:56:12.691,1.07537,1.07538,1.00,3.00
2017.03.29 18:56:13.274,1.07536,1.07538,2.25,3.00
2017.03.29 18:56:13.992,1.07537,1.07539,1.00,1.00
2017.03.29 18:56:14.346,1.07534,1.07536,6.75,1.37
2017.03.29 18:56:14.448,1.07532,1.07535,1.00,1.12
2017.03.29 18:56:16.737,1.07533,1.07536,1.00,8.06
2017.03.29 18:56:17.289,1.07533,1.07537,2.62,3.56
2017.03.29 18:56:17.340,1.07535,1.07538,1.50,4.69
2017.03.29 18:56:17.849,1.07536,1.07538,1.12,1.25
2017.03.29 18:56:17.951,1.07537,1.0754,1.12,1.87
2017.03.29 18:56:18.459,1.07538,1.0754,1.00,1.12
2017.03.29 18:56:18.996,1.07537,1.0754,1.00,1.12
2017.03.29 18:56:23.178,1.07537,1.07541,1.50,4.69
2017.03.29 18:56:23.685,1.07537,1.0754,1.00,1.31
2017.03.29 18:56:24.191,1.07538,1.0754,1.87,1.25
2017.03.29 18:56:24.719,1.07538,1.07542,1.12,7.69
2017.03.29 18:56:25.441,1.07538,1.0754,1.12,1.00
2017.03.29 18:56:25.695,1.07535,1.07538,3.00,2.06
2017.03.29 18:56:25.797,1.07534,1.07537,1.00,1.25
2017.03.29 18:56:26.309,1.07533,1.07536,1.00,1.00
2017.03.29 18:56:26.855,1.07533,1.07535,1.00,1.00
2017.03.29 18:56:29.464,1.07532,1.07535,1.00,1.12
2017.03.29 18:56:30.675,1.07532,1.07534,1.50,1.00
2017.03.29 18:56:31.181,1.07532,1.07535,1.00,1.12
2017.03.29 18:56:37.891,1.07532,1.07536,1.00,7.12
2017.03.29 18:56:38.436,1.07532,1.07536,4.12,1.00
2017.03.29 18:56:40.285,1.07532,1.07536,3.37,1.00
2017.03.29 18:56:40.892,1.07532,1.07535,3.37,1.00
2017.03.29 18:56:44.274,1.07532,1.07536,4.87,1.12
2017.03.29 18:56:44.426,1.07534,1.07537,1.00,1.00
2017.03.29 18:56:46.561,1.07534,1.07535,1.00,1.00
2017.03.29 18:56:47.099,1.07533,1.07535,1.00,1.12
2017.03.29 18:56:48.467,1.07533,1.07536,1.00,2.62
2017.03.29 18:56:50.412,1.07533,1.07536,1.00,5.62
2017.03.29 18:56:50.513,1.07533,1.07536,1.00,5.25
2017.03.29 18:56:51.034,1.07533,1.07537,1.00,4.31
2017.03.29 18:56:51.885,1.07533,1.07536,1.00,1.00
2017.03.29 18:56:52.390,1.07534,1.07537,1.00,1.50
2017.03.29 18:56:52.903,1.07534,1.07538,1.12,2.62
2017.03.29 18:56:52.954,1.07536,1.07538,1.00,1.87
2017.03.29 18:56:53.112,1.07536,1.0754,1.50,2.25
2017.03.29 18:56:53.617,1.07536,1.07541,1.87,5.06
2017.03.29 18:56:54.163,1.07536,1.07541,2.62,6.56
2017.03.29 18:56:55.326,1.07539,1.07541,1.00,2.06
2017.03.29 18:56:55.631,1.07539,1.07543,1.50,2.81
2017.03.29 18:56:55.682,1.07539,1.07543,1.12,2.81
2017.03.29 18:56:56.481,1.07539,1.07543,1.12,2.06
2017.03.29 18:56:58.018,1.07537,1.07542,7.50,1.12
2017.03.29 18:57:02.421,1.07541,1.07543,1.12,2.06
2017.03.29 18:57:02.952,1.07542,1.07544,1.50,1.00
2017.03.29 18:57:03.470,1.07542,1.07545,1.87,1.25
2017.03.29 18:57:04.205,1.07542,1.07546,1.00,5.81
2017.03.29 18:57:05.094,1.07543,1.07546,1.00,1.12
2017.03.29 18:57:05.651,1.07541,1.07546,3.37,2.62
2017.03.29 18:57:06.160,1.07541,1.07546,3.37,2.62
2017.03.29 18:57:06.897,1.07542,1.07546,1.50,1.12
2017.03.29 18:57:07.418,1.07543,1.07546,1.00,6.37
2017.03.29 18:57:07.924,1.07542,1.07545,1.87,2.25
2017.03.29 18:57:11.265,1.07544,1.07546,1.00,1.00
2017.03.29 18:57:11.412,1.07544,1.07548,1.00,1.12
2017.03.29 18:57:17.539,1.07544,1.07547,1.50,1.12
2017.03.29 18:57:18.089,1.07543,1.07546,1.00,1.87
2017.03.29 18:57:19.748,1.07543,1.07546,1.00,1.37
2017.03.29 18:57:27.045,1.07543,1.07547,1.00,3.75
2017.03.29 18:57:27.524,1.07542,1.07544,1.50,1.37
2017.03.29 18:57:28.030,1.07541,1.07544,1.00,1.00
2017.03.29 18:57:28.911,1.0754,1.07545,1.00,7.87
2017.03.29 18:57:29.217,1.0754,1.07544,1.00,6.00
2017.03.29 18:57:29.723,1.07539,1.07543,1.50,1.12
2017.03.29 18:57:30.077,1.07538,1.07541,1.50,1.12
2017.03.29 18:57:30.179,1.07537,1.07541,1.12,2.62
2017.03.29 18:57:32.205,1.07537,1.07541,1.00,7.12
2017.03.29 18:57:32.540,1.07538,1.07541,1.00,6.75
2017.03.29 18:57:33.045,1.07538,1.0754,1.50,1.00
2017.03.29 18:57:34.476,1.07538,1.07541,1.50,1.12
2017.03.29 18:57:36.102,1.07538,1.07541,1.87,3.00
2017.03.29 18:57:36.609,1.07538,1.07541,1.00,3.37
2017.03.29 18:57:37.336,1.07537,1.07541,1.50,4.12
2017.03.29 18:57:38.170,1.07538,1.07541,1.00,4.12
2017.03.29 18:57:38.678,1.07539,1.07542,1.00,1.00
2017.03.29 18:57:40.186,1.07539,1.07543,1.00,2.81
2017.03.29 18:57:41.396,1.07538,1.07543,3.00,3.56
2017.03.29 18:57:41.774,1.07537,1.07542,2.25,4.87
2017.03.29 18:57:42.311,1.07539,1.07542,1.00,1.00
2017.03.29 18:57:44.437,1.07539,1.07543,1.00,4.69
2017.03.29 18:57:44.809,1.07542,1.07544,1.00,1.12
2017.03.29 18:57:44.912,1.07542,1.07546,1.12,1.50
2017.03.29 18:57:45.419,1.07543,1.07546,1.50,1.12
2017.03.29 18:57:48.224,1.07543,1.07547,2.25,4.50
2017.03.29 18:57:48.758,1.07544,1.07548,1.00,2.81
2017.03.29 18:57:48.860,1.07543,1.07547,1.00,1.87
2017.03.29 18:57:49.198,1.07542,1.07545,1.00,2.81
2017.03.29 18:57:49.299,1.07542,1.07545,1.00,1.72
2017.03.29 18:57:49.850,1.07542,1.07546,3.00,1.12
2017.03.29 18:57:50.591,1.07542,1.07547,2.25,4.12
2017.03.29 18:57:51.504,1.07542,1.07546,2.25,1.45
2017.03.29 18:57:53.317,1.07542,1.07547,1.87,2.62
2017.03.29 18:57:53.823,1.07542,1.07547,1.50,2.62
2017.03.29 18:57:54.598,1.07543,1.07547,1.00,3.37
2017.03.29 18:57:54.701,1.07544,1.07548,1.00,1.50
2017.03.29 18:57:54.929,1.07546,1.07549,1.00,3.37
2017.03.29 18:57:55.453,1.07546,1.07549,1.00,1.87
2017.03.29 18:57:55.960,1.07545,1.07548,1.00,2.06
2017.03.29 18:57:57.247,1.07545,1.07549,1.00,4.12
2017.03.29 18:57:57.771,1.07546,1.07549,1.00,2.62
2017.03.29 18:57:58.276,1.07545,1.07549,1.50,1.87
2017.03.29 18:57:58.790,1.07544,1.07549,2.62,6.94
2017.03.29 18:57:59.425,1.07544,1.07549,2.62,6.00
2017.03.29 18:57:59.948,1.07545,1.07549,1.00,4.50
2017.03.29 18:58:01.032,1.07544,1.07547,3.75,1.87
2017.03.29 18:58:01.747,1.07546,1.07549,1.00,5.25
2017.03.29 18:58:02.404,1.07545,1.07549,3.00,1.00
2017.03.29 18:58:04.558,1.07545,1.07549,6.37,1.50
2017.03.29 18:58:05.995,1.07545,1.07548,5.62,1.00
2017.03.29 18:58:06.299,1.07542,1.07546,5.62,2.44
2017.03.29 18:58:06.801,1.07543,1.07545,1.12,2.25
2017.03.29 18:58:07.329,1.07541,1.07544,1.00,1.87
2017.03.29 18:58:08.062,1.0754,1.07544,2.62,4.72
2017.03.29 18:58:08.367,1.07538,1.07541,1.50,1.50
2017.03.29 18:58:08.570,1.07537,1.07541,1.50,5.62
2017.03.29 18:58:10.693,1.07537,1.07542,3.75,6.75
2017.03.29 18:58:10.896,1.07538,1.07543,3.00,3.00
2017.03.29 18:58:11.250,1.07539,1.07541,1.50,1.00
2017.03.29 18:58:12.249,1.07539,1.07543,1.50,5.62
2017.03.29 18:58:12.452,1.0754,1.07544,3.75,2.25
2017.03.29 18:58:12.994,1.07541,1.07545,1.50,6.28
2017.03.29 18:58:13.521,1.07542,1.07545,1.00,2.53
2017.03.29 18:58:14.247,1.07542,1.07544,1.00,2.25
2017.03.29 18:58:14.349,1.0754,1.07544,2.62,2.25
2017.03.29 18:58:14.855,1.07541,1.07544,1.50,2.25
2017.03.29 18:58:15.809,1.07541,1.07545,1.50,5.25
2017.03.29 18:58:16.315,1.07541,1.07546,3.00,3.75
2017.03.29 18:58:17.161,1.07541,1.07546,4.50,2.62
2017.03.29 18:58:17.741,1.07542,1.07546,4.50,3.37
2017.03.29 18:58:18.298,1.07542,1.07547,3.00,8.06
2017.03.29 18:58:32.719,1.07542,1.07545,2.25,1.50
2017.03.29 18:58:39.060,1.07542,1.07546,3.00,1.50
2017.03.29 18:58:39.162,1.07543,1.07547,1.37,1.87
2017.03.29 18:58:39.674,1.07543,1.07547,1.50,1.12
2017.03.29 18:58:40.464,1.07543,1.07546,2.25,1.00
2017.03.29 18:58:48.356,1.07544,1.07547,1.00,1.37
2017.03.29 18:58:51.755,1.07543,1.07547,1.00,1.37
2017.03.29 18:58:52.068,1.07544,1.07548,1.50,3.56
2017.03.29 18:58:52.574,1.07545,1.07548,1.00,1.12
2017.03.29 18:58:53.378,1.07544,1.07548,1.87,1.31
2017.03.29 18:58:54.189,1.07545,1.07548,1.00,1.00
2017.03.29 18:58:54.241,1.07547,1.07548,4.12,1.00
2017.03.29 18:58:54.345,1.0755,1.07551,2.62,3.00
2017.03.29 18:58:54.396,1.07554,1.07556,6.75,6.75
2017.03.29 18:58:54.447,1.07556,1.07558,1.00,5.62
2017.03.29 18:58:54.549,1.07557,1.07559,1.00,2.25
2017.03.29 18:58:55.073,1.07557,1.07561,1.50,4.12
2017.03.29 18:58:56.245,1.07557,1.07559,1.00,1.87
2017.03.29 18:58:56.449,1.07553,1.07557,3.37,1.37
2017.03.29 18:58:57.863,1.07554,1.07559,1.00,7.50
2017.03.29 18:58:58.384,1.07555,1.07559,1.00,8.25
2017.03.29 18:58:59.134,1.07555,1.07559,1.00,8.25
2017.03.29 18:59:00.098,1.07556,1.07559,1.12,1.00
2017.03.29 18:59:00.453,1.07554,1.07559,2.25,3.37
2017.03.29 18:59:00.958,1.07554,1.07557,1.00,1.00
2017.03.29 18:59:01.775,1.07554,1.07558,1.50,1.00
2017.03.29 18:59:02.010,1.07554,1.07556,2.25,2.25
2017.03.29 18:59:02.547,1.07554,1.07556,3.00,2.25
2017.03.29 18:59:02.899,1.07555,1.07558,1.12,2.25
2017.03.29 18:59:03.223,1.07554,1.07556,3.75,3.75
2017.03.29 18:59:03.679,1.07552,1.07554,2.62,1.50
2017.03.29 18:59:04.185,1.07552,1.07553,1.50,1.50
2017.03.29 18:59:05.141,1.0755,1.07553,3.00,3.75
2017.03.29 18:59:05.659,1.07551,1.07552,1.00,1.50
2017.03.29 18:59:06.203,1.07549,1.07551,4.87,1.50
2017.03.29 18:59:06.304,1.07549,1.07553,4.87,1.00
2017.03.29 18:59:06.568,1.07551,1.07556,1.87,3.75
2017.03.29 18:59:07.086,1.07551,1.07556,1.50,4.87
2017.03.29 18:59:07.693,1.07552,1.07556,1.12,1.00
2017.03.29 18:59:07.845,1.07554,1.07556,1.00,1.50
2017.03.29 18:59:08.049,1.07554,1.07558,1.37,1.87
2017.03.29 18:59:08.554,1.07554,1.07558,3.75,1.87
2017.03.29 18:59:10.312,1.07553,1.07558,5.62,2.62
2017.03.29 18:59:10.770,1.07553,1.07557,4.87,3.00
2017.03.29 18:59:11.005,1.07553,1.07558,2.62,4.12
2017.03.29 18:59:11.462,1.07553,1.07557,4.12,1.87
2017.03.29 18:59:11.969,1.07553,1.07558,4.50,3.37
2017.03.29 18:59:12.274,1.07553,1.07556,1.00,1.87
2017.03.29 18:59:12.786,1.07553,1.07557,1.00,1.37
2017.03.29 18:59:14.727,1.07553,1.07557,1.12,1.00
2017.03.29 18:59:15.074,1.07556,1.07558,4.12,1.00
2017.03.29 18:59:15.580,1.07557,1.07559,1.00,1.00
2017.03.29 18:59:16.122,1.07557,1.07561,2.25,1.00
2017.03.29 18:59:18.633,1.07557,1.0756,1.00,1.00
2017.03.29 18:59:19.157,1.07557,1.07561,1.12,1.50
2017.03.29 18:59:25.074,1.07557,1.07562,1.87,4.87
2017.03.29 18:59:25.580,1.07558,1.07561,1.00,1.00
2017.03.29 18:59:26.345,1.07558,1.07562,1.87,1.00
2017.03.29 18:59:26.961,1.07558,1.07563,1.87,4.87
2017.03.29 18:59:28.695,1.07558,1.07563,2.62,5.62
2017.03.29 18:59:32.166,1.07558,1.07561,1.00,1.00
2017.03.29 18:59:33.787,1.07557,1.07561,1.12,2.25
2017.03.29 18:59:35.836,1.07558,1.07561,1.12,1.50
2017.03.29 18:59:36.399,1.0756,1.07562,1.00,3.25
2017.03.29 18:59:36.665,1.07558,1.07561,1.12,1.00
2017.03.29 18:59:37.171,1.07558,1.0756,1.12,3.37
2017.03.29 18:59:37.222,1.07557,1.07559,1.12,3.25
2017.03.29 18:59:37.323,1.07556,1.0756,1.50,4.87
2017.03.29 18:59:37.425,1.07556,1.07558,1.25,1.00
2017.03.29 18:59:37.526,1.07556,1.0756,1.12,4.12
2017.03.29 18:59:38.066,1.07556,1.07559,1.00,3.47
2017.03.29 18:59:38.269,1.07555,1.0756,1.37,3.75
2017.03.29 18:59:38.774,1.07557,1.07561,1.00,1.00
2017.03.29 18:59:40.297,1.07557,1.07562,1.50,6.00
2017.03.29 18:59:40.702,1.07557,1.07559,1.50,1.37
2017.03.29 18:59:40.906,1.07555,1.07558,1.00,1.12
2017.03.29 18:59:41.818,1.07555,1.07557,1.00,1.00
2017.03.29 18:59:43.195,1.07558,1.07559,1.00,3.09
2017.03.29 18:59:43.247,1.07559,1.0756,1.00,3.37
2017.03.29 18:59:43.601,1.07559,1.07562,1.50,1.50
2017.03.29 18:59:43.753,1.07562,1.07564,1.00,14.62
2017.03.29 18:59:44.057,1.0756,1.07563,1.00,4.12
2017.03.29 18:59:44.399,1.07562,1.07564,1.00,1.87
2017.03.29 18:59:44.450,1.07563,1.07565,1.00,1.87
2017.03.29 18:59:44.754,1.07564,1.07567,1.50,3.00
2017.03.29 18:59:45.263,1.07565,1.07567,1.00,1.00
2017.03.29 18:59:45.416,1.07567,1.07568,1.00,1.00
2017.03.29 18:59:45.467,1.07567,1.07569,1.00,2.25
2017.03.29 18:59:45.671,1.07566,1.07567,1.50,1.00
2017.03.29 18:59:45.988,1.07568,1.07569,1.00,1.00
2017.03.29 18:59:46.495,1.07567,1.07569,1.00,1.00
2017.03.29 18:59:46.799,1.07565,1.07567,1.00,1.00
2017.03.29 18:59:47.220,1.07568,1.07569,1.00,1.12
2017.03.29 18:59:47.321,1.07566,1.07569,3.00,1.37
2017.03.29 18:59:47.474,1.07568,1.07569,1.50,1.00
2017.03.29 18:59:47.777,1.07565,1.07567,2.25,1.00
2017.03.29 18:59:48.311,1.07564,1.07567,1.50,1.00
2017.03.29 18:59:49.158,1.07565,1.07567,1.50,2.25
2017.03.29 18:59:49.663,1.07565,1.07566,1.50,1.00
2017.03.29 18:59:50.169,1.07565,1.07568,1.50,4.12
2017.03.29 18:59:51.117,1.07567,1.07569,1.00,9.28
2017.03.29 18:59:51.371,1.07576,1.07581,1.69,2.62
2017.03.29 18:59:51.878,1.07577,1.07581,1.00,2.62
2017.03.29 18:59:52.348,1.0758,1.07582,1.00,1.00
2017.03.29 18:59:52.551,1.07578,1.07582,1.31,1.50
2017.03.29 18:59:53.057,1.07579,1.07582,1.00,1.00
2017.03.29 18:59:53.567,1.07579,1.07583,1.50,7.87
2017.03.29 18:59:53.835,1.0758,1.07584,1.87,1.50
2017.03.29 18:59:54.189,1.07583,1.07584,1.00,1.50
2017.03.29 18:59:54.291,1.07581,1.07583,2.06,1.12
2017.03.29 18:59:54.392,1.07579,1.07583,3.37,1.12
2017.03.29 18:59:54.940,1.07579,1.07582,1.00,1.12
2017.03.29 18:59:55.471,1.07579,1.07581,1.00,1.00
2017.03.29 18:59:55.977,1.07579,1.07582,1.00,2.62
2017.03.29 18:59:58.269,1.07579,1.07583,1.25,1.87
2017.03.29 18:59:58.422,1.07579,1.07583,1.25,1.50
2017.03.29 18:59:59.934,1.07578,1.07583,1.12,1.50
