2020.11.16 17:00:00.091,1.18436,1.18439,10.84,1.50
2020.11.16 17:00:00.294,1.18438,1.18439,0.37,10.72
2020.11.16 17:00:01.255,1.18436,1.1844,12.91,9.78
2020.11.16 17:00:01.561,1.18436,1.18439,12.16,0.75
2020.11.16 17:00:02.184,1.18436,1.18438,7.09,1.12
2020.11.16 17:00:02.286,1.18435,1.18438,12.16,1.12
2020.11.16 17:00:03.270,1.1843,1.18432,4.69,0.75
2020.11.16 17:00:03.422,1.18428,1.1843,2.32,0.75
2020.11.16 17:00:03.525,1.18428,1.18431,0.75,3.94
2020.11.16 17:00:03.880,1.18428,1.1843,0.75,7.91
2020.11.16 17:00:04.396,1.18427,1.1843,3.37,7.91
2020.11.16 17:00:04.497,1.18428,1.18431,0.75,12.97
2020.11.16 17:00:04.598,1.18427,1.1843,10.84,0.75
2020.11.16 17:00:06.613,1.18426,1.18429,3.37,0.75
2020.11.16 17:00:06.714,1.18427,1.18429,0.75,0.75
2020.11.16 17:00:06.816,1.18426,1.18429,13.47,0.75
2020.11.16 17:00:07.171,1.18426,1.18428,7.09,2.25
2020.11.16 17:00:07.272,1.18425,1.18428,11.04,0.75
2020.11.16 17:00:09.265,1.18426,1.18427,0.76,6.00
2020.11.16 17:00:09.369,1.18425,1.18428,0.76,3.00
2020.11.16 17:00:10.388,1.18426,1.18429,0.75,10.53
2020.11.16 17:00:10.749,1.18426,1.18428,0.37,0.75
2020.11.16 17:00:11.477,1.18426,1.18427,3.76,0.75
2020.11.16 17:00:13.410,1.18427,1.18429,0.75,9.41
2020.11.16 17:00:14.535,1.18426,1.18429,13.09,2.25
2020.11.16 17:00:17.297,1.18427,1.18429,7.09,2.25
2020.11.16 17:00:17.599,1.18426,1.18429,15.38,2.25
2020.11.16 17:00:17.701,1.18427,1.18429,0.37,2.25
2020.11.16 17:00:27.882,1.18426,1.18429,13.84,1.50
2020.11.16 17:00:28.568,1.18427,1.18429,0.37,1.50
2020.11.16 17:00:29.491,1.18426,1.18429,11.97,2.25
2020.11.16 17:00:30.482,1.18426,1.18428,0.37,0.75
2020.11.16 17:00:30.584,1.18425,1.18428,12.91,0.75
2020.11.16 17:00:35.103,1.18425,1.18427,1.51,0.75
2020.11.16 17:00:35.484,1.18425,1.18426,7.84,5.65
2020.11.16 17:00:35.586,1.18423,1.18426,2.25,1.50
2020.11.16 17:00:35.840,1.18422,1.18424,1.50,0.75
2020.11.16 17:00:36.221,1.18423,1.18426,1.57,9.78
2020.11.16 17:00:36.324,1.18424,1.18426,1.69,0.75
2020.11.16 17:00:36.426,1.18426,1.18428,4.87,0.75
2020.11.16 17:00:36.528,1.18427,1.18429,0.75,0.75
2020.11.16 17:00:36.781,1.18426,1.18429,10.84,4.69
2020.11.16 17:00:36.882,1.18425,1.18427,0.75,0.75
2020.11.16 17:00:38.010,1.18426,1.18428,0.75,8.28
2020.11.16 17:00:38.111,1.18426,1.18429,11.41,1.87
2020.11.16 17:00:38.999,1.18427,1.18429,0.75,1.50
2020.11.16 17:00:40.328,1.18426,1.18429,10.66,2.25
2020.11.16 17:00:41.012,1.18427,1.18429,0.37,2.25
2020.11.16 17:00:42.700,1.18426,1.18429,7.47,3.75
2020.11.16 17:00:42.802,1.18425,1.18427,0.75,1.50
2020.11.16 17:00:42.854,1.18423,1.18425,7.54,0.75
2020.11.16 17:00:43.059,1.18423,1.18426,7.09,12.22
2020.11.16 17:00:43.162,1.18422,1.18424,8.22,0.75
2020.11.16 17:00:43.265,1.18421,1.18423,8.03,0.75
2020.11.16 17:00:44.009,1.18422,1.18424,0.75,1.12
2020.11.16 17:00:44.212,1.18422,1.18425,9.34,1.87
2020.11.16 17:00:45.738,1.18423,1.18425,0.10,1.50
2020.11.16 17:00:46.171,1.18422,1.18425,9.16,1.50
2020.11.16 17:00:51.712,1.18419,1.18421,10.09,12.71
2020.11.16 17:00:51.814,1.18418,1.18421,1.12,1.12
2020.11.16 17:00:53.643,1.18417,1.18419,9.34,0.75
2020.11.16 17:00:53.745,1.18417,1.1842,7.09,9.59
2020.11.16 17:00:53.846,1.18416,1.18417,13.28,1.50
2020.11.16 17:00:53.948,1.18416,1.18419,1.69,10.16
2020.11.16 17:00:54.049,1.18417,1.18419,1.12,1.50
2020.11.16 17:00:54.827,1.18416,1.18419,10.47,1.50
2020.11.16 17:00:54.929,1.18415,1.18418,14.11,1.50
2020.11.16 17:00:55.132,1.18416,1.18418,0.10,1.50
2020.11.16 17:00:56.180,1.18416,1.18417,10.66,1.50
2020.11.16 17:00:56.616,1.18417,1.18419,0.75,9.03
2020.11.16 17:00:57.579,1.18417,1.1842,1.12,1.31
2020.11.16 17:00:57.681,1.18417,1.18418,7.50,0.37
2020.11.16 17:00:58.004,1.18417,1.1842,1.12,9.22
2020.11.16 17:00:58.105,1.18417,1.18419,1.12,0.75
2020.11.16 17:01:05.101,1.18418,1.1842,0.37,1.12
2020.11.16 17:01:06.236,1.18417,1.18419,9.61,0.75
2020.11.16 17:01:06.671,1.18418,1.1842,0.10,1.12
2020.11.16 17:01:09.883,1.18417,1.18419,9.04,0.75
2020.11.16 17:01:10.972,1.18418,1.1842,0.37,0.75
2020.11.16 17:01:12.569,1.18417,1.18419,0.37,3.37
2020.11.16 17:01:12.621,1.18414,1.18416,3.82,0.75
2020.11.16 17:01:12.722,1.18415,1.18417,1.50,0.37
2020.11.16 17:01:12.876,1.18414,1.18417,2.25,1.50
2020.11.16 17:01:14.213,1.18415,1.18417,0.10,1.50
2020.11.16 17:01:14.417,1.18415,1.18416,9.42,1.50
2020.11.16 17:01:15.034,1.18416,1.18417,0.82,3.37
2020.11.16 17:01:15.136,1.18416,1.18418,4.95,8.28
2020.11.16 17:01:15.237,1.18417,1.18419,1.12,0.75
2020.11.16 17:01:24.100,1.18418,1.1842,0.10,9.41
2020.11.16 17:01:24.202,1.18417,1.18419,0.45,0.75
2020.11.16 17:01:24.354,1.18418,1.1842,0.10,1.50
2020.11.16 17:01:26.377,1.18417,1.18419,7.84,0.75
2020.11.16 17:01:27.240,1.18416,1.18419,10.84,1.50
2020.11.16 17:01:29.841,1.18417,1.18419,0.37,1.50
2020.11.16 17:01:30.829,1.18416,1.18419,4.50,1.50
2020.11.16 17:01:31.769,1.18417,1.18419,0.75,0.75
2020.11.16 17:01:33.324,1.18418,1.1842,0.75,0.75
2020.11.16 17:01:34.133,1.18421,1.18423,0.37,3.75
2020.11.16 17:01:34.184,1.18423,1.18425,0.82,0.56
2020.11.16 17:01:34.286,1.18424,1.18426,2.32,0.94
2020.11.16 17:01:34.337,1.18428,1.18431,0.10,0.19
2020.11.16 17:01:34.439,1.18427,1.1843,14.22,8.84
2020.11.16 17:01:34.540,1.18429,1.18431,0.82,1.69
2020.11.16 17:01:37.939,1.1843,1.18431,0.82,11.66
2020.11.16 17:01:38.747,1.1843,1.18432,0.10,10.91
2020.11.16 17:01:39.008,1.18429,1.18432,0.82,10.91
2020.11.16 17:01:40.097,1.1843,1.18432,0.10,7.91
2020.11.16 17:01:40.199,1.1843,1.18433,0.10,3.37
2020.11.16 17:01:40.351,1.18432,1.18434,0.75,11.28
2020.11.16 17:01:40.655,1.18431,1.18433,7.09,3.75
2020.11.16 17:01:40.757,1.18429,1.18433,14.97,2.25
2020.11.16 17:01:40.870,1.1843,1.18433,0.75,2.25
2020.11.16 17:01:41.086,1.18429,1.18431,7.09,1.50
2020.11.16 17:01:41.187,1.18428,1.18431,1.50,1.50
2020.11.16 17:01:41.594,1.18427,1.18431,3.00,12.78
2020.11.16 17:01:41.696,1.18427,1.1843,1.69,0.75
2020.11.16 17:01:43.076,1.18428,1.1843,0.75,0.75
2020.11.16 17:01:45.321,1.18428,1.18431,0.75,10.16
2020.11.16 17:01:45.631,1.18428,1.1843,0.75,0.75
2020.11.16 17:01:46.903,1.18427,1.1843,0.75,2.44
2020.11.16 17:01:47.005,1.18427,1.18429,0.75,0.75
2020.11.16 17:01:47.107,1.18427,1.1843,0.75,11.28
2020.11.16 17:01:53.096,1.18428,1.1843,0.10,10.91
2020.11.16 17:02:11.319,1.18431,1.18433,0.82,1.87
2020.11.16 17:02:12.470,1.18431,1.18434,2.32,1.12
2020.11.16 17:02:13.188,1.18432,1.18434,0.10,0.75
2020.11.16 17:02:13.289,1.18432,1.18435,1.20,2.62
2020.11.16 17:02:17.501,1.18433,1.18436,5.32,9.78
2020.11.16 17:02:17.602,1.18434,1.18436,0.75,1.50
2020.11.16 17:02:18.082,1.18434,1.18437,1.57,10.53
2020.11.16 17:02:18.689,1.18435,1.18437,0.75,0.75
2020.11.16 17:02:19.100,1.18434,1.18437,2.32,1.50
2020.11.16 17:02:19.201,1.18434,1.18436,0.10,0.75
2020.11.16 17:02:20.376,1.18433,1.18435,7.47,0.75
2020.11.16 17:02:20.478,1.18432,1.18434,3.10,0.75
2020.11.16 17:02:20.580,1.18431,1.18433,9.42,0.75
2020.11.16 17:02:20.683,1.18431,1.18434,2.70,8.66
2020.11.16 17:02:20.785,1.18433,1.18434,0.82,10.16
2020.11.16 17:02:20.886,1.18431,1.18433,7.09,0.75
2020.11.16 17:02:21.190,1.1843,1.18432,7.92,0.75
2020.11.16 17:02:25.109,1.18429,1.18431,0.75,1.50
2020.11.16 17:02:26.499,1.18428,1.18431,11.22,1.50
2020.11.16 17:02:28.136,1.1843,1.18431,0.10,0.37
2020.11.16 17:02:28.186,1.18428,1.18431,10.47,1.50
2020.11.16 17:02:30.092,1.1843,1.18431,0.10,0.75
2020.11.16 17:02:30.772,1.1843,1.18432,0.75,1.12
2020.11.16 17:02:31.077,1.18429,1.18431,2.32,0.75
2020.11.16 17:02:39.149,1.18428,1.18431,3.45,1.50
2020.11.16 17:02:39.411,1.18428,1.1843,10.73,3.00
2020.11.16 17:02:39.513,1.18427,1.18429,7.09,4.12
2020.11.16 17:02:39.614,1.18426,1.18429,0.45,3.37
2020.11.16 17:02:40.177,1.18424,1.18426,0.82,1.87
2020.11.16 17:02:40.380,1.18423,1.18426,9.34,1.50
2020.11.16 17:02:40.482,1.18423,1.18425,1.50,0.75
2020.11.16 17:02:50.176,1.18423,1.18426,8.97,1.87
2020.11.16 17:02:52.222,1.18425,1.18427,0.94,0.75
2020.11.16 17:02:52.273,1.18428,1.18429,1.50,10.23
2020.11.16 17:02:52.462,1.18427,1.1843,10.84,1.50
2020.11.16 17:02:53.380,1.18427,1.18429,7.09,3.00
2020.11.16 17:02:55.498,1.18427,1.1843,2.62,1.12
2020.11.16 17:02:57.305,1.18427,1.18429,0.37,0.75
2020.11.16 17:03:00.437,1.18428,1.1843,0.75,1.12
2020.11.16 17:03:01.847,1.18429,1.1843,8.97,1.12
2020.11.16 17:03:03.038,1.18428,1.1843,8.97,1.12
2020.11.16 17:03:04.892,1.18427,1.1843,9.72,0.75
2020.11.16 17:03:04.994,1.18427,1.18429,1.12,1.12
2020.11.16 17:03:05.912,1.18426,1.18429,1.12,1.87
2020.11.16 17:03:05.963,1.18424,1.18426,7.84,1.50
2020.11.16 17:03:06.064,1.18424,1.18425,9.37,2.25
2020.11.16 17:03:20.134,1.18424,1.18426,1.69,0.75
2020.11.16 17:03:20.235,1.18425,1.18427,0.75,0.75
2020.11.16 17:03:22.880,1.18427,1.18429,0.75,8.28
2020.11.16 17:03:22.981,1.18427,1.1843,0.75,1.87
2020.11.16 17:03:24.042,1.18426,1.18429,10.84,2.25
2020.11.16 17:03:24.909,1.18426,1.18428,0.75,0.37
2020.11.16 17:03:25.130,1.18425,1.18428,12.34,1.12
2020.11.16 17:03:40.509,1.18424,1.18428,11.59,2.25
2020.11.16 17:03:45.428,1.18425,1.18428,0.75,5.25
2020.11.16 17:03:46.443,1.18426,1.18429,3.00,1.50
2020.11.16 17:03:46.545,1.18428,1.18429,2.63,8.28
2020.11.16 17:03:46.646,1.18427,1.18431,3.01,4.31
2020.11.16 17:03:46.748,1.18426,1.18429,10.09,0.75
2020.11.16 17:03:50.798,1.18426,1.18428,14.97,10.16
2020.11.16 17:03:51.942,1.18425,1.18428,13.47,1.12
2020.11.16 17:03:52.146,1.18425,1.18427,0.75,0.75
2020.11.16 17:03:52.248,1.18424,1.18427,1.50,3.00
2020.11.16 17:03:57.428,1.18424,1.18426,0.75,0.75
2020.11.16 17:03:58.326,1.18423,1.18426,10.47,1.50
2020.11.16 17:04:00.175,1.18423,1.18427,11.22,10.91
2020.11.16 17:04:00.638,1.18423,1.18426,9.72,1.50
2020.11.16 17:04:02.142,1.18423,1.18427,10.47,10.91
2020.11.16 17:04:02.496,1.18423,1.18426,10.47,0.75
2020.11.16 17:04:05.893,1.18424,1.18427,0.75,10.16
2020.11.16 17:04:05.994,1.18424,1.18426,0.75,0.75
2020.11.16 17:04:06.096,1.18424,1.18427,0.75,10.16
2020.11.16 17:04:07.007,1.18424,1.18426,0.75,0.75
2020.11.16 17:04:09.974,1.18424,1.18427,0.75,4.12
2020.11.16 17:04:14.177,1.18426,1.18428,2.25,8.28
2020.11.16 17:04:14.279,1.18427,1.18429,1.12,0.75
2020.11.16 17:04:14.963,1.18427,1.1843,1.12,2.81
2020.11.16 17:04:15.064,1.18426,1.18429,7.09,4.50
2020.11.16 17:04:15.186,1.18425,1.18429,11.97,12.41
2020.11.16 17:04:16.001,1.18427,1.18429,0.75,1.50
2020.11.16 17:04:16.588,1.18427,1.1843,0.75,2.62
2020.11.16 17:04:19.109,1.18427,1.18429,0.75,4.50
2020.11.16 17:04:19.212,1.18426,1.18427,9.34,0.37
2020.11.16 17:04:24.465,1.18425,1.18428,1.50,1.87
2020.11.16 17:04:26.748,1.18426,1.18428,0.75,1.12
2020.11.16 17:04:27.901,1.18426,1.18429,0.75,1.50
2020.11.16 17:04:28.002,1.18426,1.18428,0.75,0.37
2020.11.16 17:04:29.050,1.18426,1.18429,0.75,12.03
2020.11.16 17:04:33.657,1.18427,1.1843,1.12,11.09
2020.11.16 17:04:39.070,1.18428,1.1843,0.37,10.91
2020.11.16 17:04:40.138,1.18427,1.1843,0.75,13.34
2020.11.16 17:04:42.114,1.18426,1.18429,8.97,1.12
2020.11.16 17:04:43.779,1.18426,1.18428,0.75,0.37
2020.11.16 17:04:44.752,1.18426,1.18429,0.75,12.41
2020.11.16 17:04:48.123,1.18427,1.18429,0.75,8.28
2020.11.16 17:04:51.655,1.18427,1.1843,0.75,14.09
2020.11.16 17:04:52.057,1.18427,1.18429,0.75,1.50
2020.11.16 17:04:52.725,1.18426,1.18429,11.59,4.50
2020.11.16 17:04:53.754,1.18426,1.18428,1.50,0.37
2020.11.16 17:04:53.906,1.18427,1.1843,5.25,9.78
2020.11.16 17:04:54.008,1.18428,1.1843,0.75,0.75
2020.11.16 17:04:55.111,1.18427,1.18429,8.59,2.25
2020.11.16 17:04:55.213,1.18426,1.18428,0.75,1.12
2020.11.16 17:04:56.649,1.18427,1.18429,0.75,7.91
2020.11.16 17:04:56.751,1.18427,1.1843,9.34,1.50
2020.11.16 17:05:02.178,1.1843,1.18432,0.75,3.37
2020.11.16 17:05:11.405,1.18429,1.18431,1.50,0.19
2020.11.16 17:05:11.558,1.18428,1.18431,2.62,0.75
2020.11.16 17:05:12.339,1.18428,1.1843,6.82,0.75
2020.11.16 17:05:15.608,1.18428,1.18431,1.12,6.19
2020.11.16 17:05:15.883,1.18428,1.1843,1.12,0.75
2020.11.16 17:05:16.035,1.18428,1.18431,1.12,2.25
2020.11.16 17:05:17.890,1.18428,1.1843,1.87,0.75
2020.11.16 17:05:18.093,1.18428,1.18431,2.62,1.50
2020.11.16 17:05:24.392,1.18428,1.1843,1.87,0.75
2020.11.16 17:05:24.496,1.18428,1.18431,2.62,1.69
2020.11.16 17:05:25.927,1.18429,1.18431,0.75,0.75
2020.11.16 17:05:27.073,1.1843,1.18432,0.75,0.75
2020.11.16 17:05:27.564,1.18429,1.18431,1.50,0.75
2020.11.16 17:05:30.953,1.18428,1.18431,2.62,0.75
2020.11.16 17:05:31.054,1.18426,1.18429,1.20,1.50
2020.11.16 17:05:31.257,1.18427,1.18429,0.75,0.75
2020.11.16 17:05:32.858,1.18426,1.18429,1.12,1.50
2020.11.16 17:05:33.991,1.18428,1.18429,1.12,0.75
2020.11.16 17:05:34.157,1.18426,1.18429,1.12,0.75
2020.11.16 17:05:43.457,1.18425,1.18427,0.75,0.75
2020.11.16 17:05:45.330,1.18427,1.18428,0.75,3.37
2020.11.16 17:05:45.431,1.18426,1.18429,1.12,2.25
2020.11.16 17:05:45.533,1.18427,1.18429,0.37,0.75
2020.11.16 17:05:45.634,1.18425,1.18429,3.07,1.87
2020.11.16 17:05:45.735,1.18425,1.18428,0.75,1.12
2020.11.16 17:05:45.837,1.18425,1.18427,0.75,0.75
2020.11.16 17:05:50.484,1.18422,1.18424,2.70,0.75
2020.11.16 17:05:50.585,1.1842,1.18422,7.50,2.25
2020.11.16 17:05:50.687,1.18419,1.18422,0.75,2.62
2020.11.16 17:05:50.789,1.1842,1.18423,0.75,0.75
2020.11.16 17:05:52.360,1.18421,1.18423,0.75,0.75
2020.11.16 17:05:52.411,1.18422,1.18425,1.50,1.12
2020.11.16 17:05:52.512,1.18422,1.18426,1.87,3.56
2020.11.16 17:05:52.816,1.18421,1.18424,2.62,0.75
2020.11.16 17:05:55.029,1.18421,1.18423,0.37,0.75
2020.11.16 17:05:55.130,1.1842,1.18423,1.50,0.75
2020.11.16 17:05:56.189,1.18422,1.18423,0.75,3.00
2020.11.16 17:05:56.290,1.18422,1.18425,0.75,0.75
2020.11.16 17:05:56.442,1.18421,1.18424,1.87,0.75
2020.11.16 17:05:56.543,1.18422,1.18424,0.37,0.75
2020.11.16 17:05:56.644,1.18422,1.18425,1.12,1.50
2020.11.16 17:06:00.198,1.18423,1.18426,0.75,1.50
2020.11.16 17:06:00.697,1.18424,1.18427,0.75,4.31
2020.11.16 17:06:04.681,1.18424,1.18428,0.75,4.69
2020.11.16 17:06:05.284,1.18425,1.18428,0.75,1.50
2020.11.16 17:06:08.066,1.18426,1.18429,0.75,1.50
2020.11.16 17:06:08.168,1.18426,1.18428,0.37,0.75
2020.11.16 17:06:08.269,1.18425,1.18428,1.50,1.12
2020.11.16 17:06:12.424,1.18426,1.18428,0.75,0.37
2020.11.16 17:06:15.652,1.18426,1.18427,1.50,3.37
2020.11.16 17:06:18.148,1.18426,1.18428,0.75,0.37
2020.11.16 17:06:18.250,1.18426,1.18427,1.50,1.12
2020.11.16 17:06:22.582,1.18426,1.18428,0.75,0.75
2020.11.16 17:06:43.784,1.18422,1.18424,1.95,0.75
2020.11.16 17:06:43.886,1.18424,1.18426,0.75,3.37
2020.11.16 17:06:44.299,1.18425,1.18426,0.75,12.97
2020.11.16 17:06:45.658,1.18424,1.18427,0.77,2.25
2020.11.16 17:06:47.908,1.18423,1.18426,8.97,2.44
2020.11.16 17:06:47.959,1.18421,1.18423,2.32,0.75
2020.11.16 17:06:48.162,1.18421,1.18424,2.62,0.75
2020.11.16 17:06:49.183,1.18422,1.18424,1.50,0.75
2020.11.16 17:06:49.723,1.18421,1.18424,0.75,0.75
2020.11.16 17:06:51.864,1.18422,1.18424,0.75,0.75
2020.11.16 17:06:53.287,1.18421,1.18424,8.22,0.75
2020.11.16 17:06:53.389,1.18421,1.18423,0.75,0.37
2020.11.16 17:06:53.491,1.18421,1.18424,7.84,0.75
2020.11.16 17:06:55.181,1.1842,1.18423,9.72,1.12
2020.11.16 17:07:03.146,1.18419,1.18421,7.47,1.69
2020.11.16 17:07:03.197,1.18416,1.18418,0.37,1.87
2020.11.16 17:07:03.299,1.18415,1.18418,15.53,1.50
2020.11.16 17:07:04.725,1.18414,1.18418,12.16,1.87
2020.11.16 17:07:04.828,1.18414,1.18417,1.31,3.75
2020.11.16 17:07:04.930,1.18411,1.18413,1.50,0.75
2020.11.16 17:07:05.286,1.1841,1.18413,8.97,1.87
2020.11.16 17:07:06.049,1.18411,1.18413,10.46,13.57
2020.11.16 17:07:06.201,1.1841,1.18413,10.47,1.50
2020.11.16 17:07:06.306,1.18411,1.18413,0.19,1.50
2020.11.16 17:07:06.459,1.1841,1.18413,1.12,1.50
2020.11.16 17:07:09.400,1.18411,1.18413,1.12,1.50
2020.11.16 17:07:09.502,1.18413,1.18415,0.75,9.78
2020.11.16 17:07:09.604,1.18411,1.18413,8.22,0.75
2020.11.16 17:07:10.705,1.1841,1.18413,9.16,0.75
2020.11.16 17:07:23.757,1.1841,1.18412,9.16,12.41
2020.11.16 17:07:24.520,1.1841,1.18413,0.75,11.47
2020.11.16 17:07:35.938,1.18409,1.18412,8.41,0.75
2020.11.16 17:07:36.090,1.18411,1.18413,2.44,8.66
2020.11.16 17:07:36.141,1.18418,1.18419,3.00,6.19
2020.11.16 17:07:36.192,1.18421,1.18423,0.75,1.12
2020.11.16 17:07:36.294,1.18418,1.1842,1.50,3.07
2020.11.16 17:07:36.345,1.18416,1.18418,7.09,1.87
2020.11.16 17:07:36.396,1.18415,1.18417,2.25,1.87
2020.11.16 17:07:36.497,1.18415,1.18418,0.19,1.12
2020.11.16 17:07:37.213,1.18414,1.18418,9.53,1.12
2020.11.16 17:07:37.314,1.18415,1.18418,0.75,1.87
2020.11.16 17:07:37.702,1.18414,1.18417,1.87,2.25
2020.11.16 17:07:37.804,1.18414,1.18416,0.75,0.75
2020.11.16 17:07:37.905,1.18413,1.18416,1.12,1.50
2020.11.16 17:07:38.006,1.18411,1.18413,7.84,1.50
2020.11.16 17:07:38.108,1.1841,1.18413,7.84,1.50
2020.11.16 17:07:39.623,1.18411,1.18413,7.09,1.50
2020.11.16 17:07:39.833,1.1841,1.18413,8.59,1.50
2020.11.16 17:07:40.568,1.18411,1.18413,0.75,0.75
2020.11.16 17:07:40.771,1.18411,1.18412,9.16,2.25
2020.11.16 17:07:41.921,1.18411,1.18413,0.75,0.75
2020.11.16 17:07:43.775,1.18411,1.18412,0.94,2.25
2020.11.16 17:07:48.575,1.1841,1.18412,0.75,0.75
2020.11.16 17:07:48.677,1.18408,1.18411,0.75,1.69
2020.11.16 17:07:48.778,1.18409,1.18412,0.75,5.25
2020.11.16 17:07:51.156,1.18408,1.1841,7.84,1.69
2020.11.16 17:07:52.525,1.18409,1.18411,10.84,2.25
2020.11.16 17:07:52.750,1.1841,1.18411,2.25,1.50
2020.11.16 17:07:55.063,1.18408,1.18411,7.84,3.56
2020.11.16 17:07:55.165,1.18408,1.1841,0.75,7.91
2020.11.16 17:07:55.267,1.18406,1.18409,10.09,0.75
2020.11.16 17:07:55.873,1.18405,1.18407,0.37,0.75
2020.11.16 17:07:56.796,1.18404,1.18407,7.84,1.50
2020.11.16 17:07:57.664,1.18406,1.18407,7.09,1.87
2020.11.16 17:07:57.766,1.18404,1.18407,11.41,0.75
2020.11.16 17:07:58.098,1.18405,1.18408,7.84,0.75
2020.11.16 17:07:59.135,1.18406,1.18408,0.37,0.75
2020.11.16 17:08:00.471,1.18405,1.18408,8.59,12.78
2020.11.16 17:08:06.958,1.18406,1.18408,9.34,13.53
2020.11.16 17:08:09.442,1.18406,1.18409,0.37,10.53
2020.11.16 17:08:10.175,1.18406,1.18408,0.37,0.75
2020.11.16 17:08:10.276,1.18406,1.18409,0.37,11.28
2020.11.16 17:08:11.238,1.18406,1.18408,0.75,0.37
2020.11.16 17:08:12.299,1.18406,1.18409,1.12,10.53
2020.11.16 17:08:12.694,1.18406,1.18408,0.37,0.75
2020.11.16 17:08:12.796,1.18406,1.18409,8.22,11.28
2020.11.16 17:08:15.080,1.18405,1.18409,9.34,11.66
2020.11.16 17:08:15.182,1.18406,1.18407,8.59,8.66
2020.11.16 17:08:17.205,1.18406,1.18408,0.37,2.25
2020.11.16 17:08:18.081,1.18405,1.18408,8.22,13.72
2020.11.16 17:08:18.183,1.18404,1.18407,0.75,2.25
2020.11.16 17:08:18.336,1.18405,1.18406,0.19,10.16
2020.11.16 17:08:18.437,1.18403,1.18406,9.79,0.75
2020.11.16 17:08:19.797,1.18402,1.18404,0.75,2.25
2020.11.16 17:08:19.899,1.184,1.18403,8.41,0.75
2020.11.16 17:08:20.358,1.184,1.18402,7.09,0.75
2020.11.16 17:08:20.461,1.18398,1.18401,0.37,12.22
2020.11.16 17:08:20.664,1.18398,1.184,0.75,7.91
2020.11.16 17:08:20.816,1.18397,1.184,1.12,9.41
2020.11.16 17:08:22.992,1.18396,1.18399,8.22,3.75
2020.11.16 17:08:24.464,1.18397,1.184,1.12,12.41
2020.11.16 17:08:25.393,1.18396,1.18399,1.87,1.12
2020.11.16 17:08:25.596,1.18396,1.18398,0.75,0.75
2020.11.16 17:08:27.039,1.18395,1.18398,0.75,10.16
2020.11.16 17:08:31.709,1.18396,1.18399,1.50,1.87
2020.11.16 17:08:32.999,1.18395,1.18399,0.94,11.28
2020.11.16 17:08:33.307,1.18397,1.18399,0.75,9.03
2020.11.16 17:08:38.130,1.18399,1.18401,1.50,9.03
2020.11.16 17:08:38.231,1.18399,1.18403,8.97,10.34
2020.11.16 17:08:38.435,1.18401,1.18402,1.50,5.44
2020.11.16 17:08:38.536,1.18399,1.18402,1.95,0.75
2020.11.16 17:08:56.104,1.184,1.18403,3.00,7.91
2020.11.16 17:08:56.256,1.18401,1.18404,0.75,10.53
2020.11.16 17:08:56.358,1.18404,1.18406,3.37,7.91
2020.11.16 17:08:56.409,1.18407,1.18409,0.75,8.28
2020.11.16 17:08:56.561,1.18407,1.1841,7.84,9.37
2020.11.16 17:08:58.254,1.18409,1.18411,4.50,0.37
2020.11.16 17:08:58.457,1.18408,1.18411,10.73,0.75
2020.11.16 17:09:02.797,1.18407,1.1841,7.84,0.75
2020.11.16 17:09:02.899,1.18407,1.18411,1.50,12.59
2020.11.16 17:09:04.530,1.18408,1.18411,7.09,2.81
2020.11.16 17:09:04.631,1.18407,1.18411,9.53,1.87
2020.11.16 17:09:07.011,1.18408,1.18411,0.75,1.87
2020.11.16 17:09:07.113,1.18408,1.18412,4.12,9.78
2020.11.16 17:09:07.265,1.18409,1.18412,7.09,1.87
2020.11.16 17:09:07.909,1.1841,1.18412,7.09,1.50
2020.11.16 17:09:08.013,1.18409,1.18412,7.09,1.50
2020.11.16 17:09:09.667,1.18408,1.18412,11.11,1.50
2020.11.16 17:09:09.922,1.18409,1.18412,7.09,1.50
2020.11.16 17:09:10.148,1.18408,1.18412,11.11,1.50
2020.11.16 17:09:10.301,1.18409,1.18412,0.75,1.50
2020.11.16 17:09:18.909,1.18407,1.1841,9.42,0.75
2020.11.16 17:09:24.423,1.18406,1.18409,9.34,0.75
2020.11.16 17:09:24.625,1.18408,1.1841,1.50,7.91
2020.11.16 17:09:24.727,1.18408,1.18411,5.25,8.66
2020.11.16 17:09:25.202,1.18409,1.18411,7.09,0.75
2020.11.16 17:09:25.435,1.18409,1.18413,8.59,14.28
2020.11.16 17:09:26.857,1.18409,1.18412,0.75,8.66
2020.11.16 17:09:31.968,1.18408,1.18411,3.37,0.75
2020.11.16 17:09:32.494,1.18407,1.1841,8.59,8.66
2020.11.16 17:09:35.710,1.18408,1.18411,1.50,9.78
2020.11.16 17:09:35.812,1.18409,1.18411,7.84,0.75
2020.11.16 17:09:37.300,1.18409,1.18412,10.28,0.75
2020.11.16 17:09:37.401,1.1841,1.18412,10.09,12.78
2020.11.16 17:09:37.503,1.1841,1.18411,10.09,7.91
2020.11.16 17:09:37.655,1.18409,1.18411,8.59,0.75
2020.11.16 17:09:37.858,1.18408,1.18411,8.59,0.75
2020.11.16 17:09:37.960,1.18407,1.1841,0.75,10.53
2020.11.16 17:09:39.857,1.18407,1.18409,7.09,0.75
2020.11.16 17:09:40.023,1.18406,1.18408,0.37,0.75
2020.11.16 17:09:40.125,1.18405,1.18408,9.53,1.12
2020.11.16 17:09:41.071,1.18406,1.18408,7.09,0.75
2020.11.16 17:09:41.244,1.18405,1.18408,2.44,0.75
2020.11.16 17:09:42.070,1.18404,1.18406,8.14,3.00
2020.11.16 17:09:42.172,1.18403,1.18406,2.32,14.28
2020.11.16 17:09:42.427,1.18402,1.18406,9.04,13.91
2020.11.16 17:09:42.529,1.18403,1.18406,0.75,13.16
2020.11.16 17:09:44.159,1.18403,1.18407,8.59,11.47
2020.11.16 17:09:49.075,1.18404,1.18407,0.75,9.78
2020.11.16 17:09:54.015,1.18405,1.18407,7.09,1.12
2020.11.16 17:09:54.524,1.18404,1.18407,9.34,1.12
2020.11.16 17:10:00.826,1.18406,1.18409,0.75,9.03
2020.11.16 17:10:00.929,1.18406,1.18408,0.75,1.12
2020.11.16 17:10:03.406,1.18405,1.18407,0.37,0.75
2020.11.16 17:10:03.508,1.18404,1.18407,9.72,0.75
2020.11.16 17:10:04.947,1.18405,1.18408,0.75,1.87
2020.11.16 17:10:12.099,1.18406,1.18409,3.00,10.16
2020.11.16 17:10:12.352,1.18407,1.18409,0.75,9.41
2020.11.16 17:10:13.707,1.18407,1.1841,9.34,1.50
2020.11.16 17:10:20.771,1.184,1.18402,1.50,1.50
2020.11.16 17:10:20.872,1.18399,1.18401,1.50,0.75
2020.11.16 17:10:21.075,1.18398,1.18401,10.47,0.94
2020.11.16 17:10:21.380,1.18398,1.184,0.75,0.37
2020.11.16 17:10:21.684,1.18398,1.18401,0.75,9.97
2020.11.16 17:10:22.253,1.18397,1.184,1.12,2.62
2020.11.16 17:10:22.557,1.18396,1.18399,1.50,1.87
2020.11.16 17:10:24.495,1.18397,1.184,0.75,1.12
2020.11.16 17:10:25.095,1.18397,1.18399,12.16,2.25
2020.11.16 17:10:27.248,1.18396,1.18399,9.34,0.75
2020.11.16 17:10:27.351,1.18397,1.184,7.84,1.69
2020.11.16 17:10:33.166,1.18396,1.18399,10.09,0.75
2020.11.16 17:10:34.150,1.18397,1.184,0.75,12.97
2020.11.16 17:10:35.940,1.18396,1.184,9.72,9.97
2020.11.16 17:10:36.148,1.18397,1.184,0.75,1.31
2020.11.16 17:10:37.250,1.18397,1.18399,0.75,0.37
2020.11.16 17:10:37.504,1.18396,1.18399,10.47,1.12
2020.11.16 17:10:39.681,1.18396,1.18398,8.59,1.12
2020.11.16 17:10:41.407,1.18396,1.18399,0.75,3.00
2020.11.16 17:10:42.113,1.18396,1.18398,0.75,0.75
2020.11.16 17:10:46.925,1.18396,1.18399,2.25,0.75
2020.11.16 17:10:47.255,1.18397,1.18399,0.75,0.75
2020.11.16 17:10:47.558,1.18399,1.18401,8.62,0.75
2020.11.16 17:10:47.609,1.18403,1.18405,1.50,0.75
2020.11.16 17:10:47.711,1.18404,1.18406,1.50,0.19
2020.11.16 17:10:47.813,1.18405,1.18407,1.87,0.56
2020.11.16 17:10:48.218,1.18406,1.18407,7.84,0.75
2020.11.16 17:10:48.319,1.18405,1.18407,0.75,0.19
2020.11.16 17:10:48.724,1.18405,1.18408,0.75,0.94
2020.11.16 17:10:49.355,1.18404,1.18407,10.28,0.75
2020.11.16 17:10:51.257,1.18404,1.18406,7.09,2.81
2020.11.16 17:10:51.358,1.18403,1.18406,1.50,9.78
2020.11.16 17:10:52.353,1.18402,1.18405,11.59,0.75
2020.11.16 17:10:52.555,1.18402,1.18404,8.22,0.75
2020.11.16 17:10:52.657,1.18401,1.18404,8.59,1.87
2020.11.16 17:10:52.759,1.184,1.18404,9.34,14.47
2020.11.16 17:10:52.962,1.184,1.18403,2.25,7.91
2020.11.16 17:10:53.165,1.184,1.18404,1.69,14.28
2020.11.16 17:10:53.365,1.184,1.18403,0.94,0.75
2020.11.16 17:10:53.467,1.18399,1.18403,12.53,10.53
2020.11.16 17:10:55.795,1.18399,1.18402,8.03,0.75
2020.11.16 17:10:56.422,1.18399,1.18401,12.16,1.50
2020.11.16 17:10:56.523,1.18398,1.18401,12.16,0.75
2020.11.16 17:10:57.261,1.18398,1.184,0.75,0.75
2020.11.16 17:10:57.363,1.18397,1.184,2.25,8.66
2020.11.16 17:10:58.117,1.18398,1.184,7.09,0.75
2020.11.16 17:10:58.219,1.18397,1.184,10.84,0.75
2020.11.16 17:10:59.268,1.18396,1.18399,0.37,8.66
2020.11.16 17:10:59.369,1.18395,1.18397,11.03,0.75
2020.11.16 17:10:59.470,1.18395,1.18398,10.36,0.75
2020.11.16 17:10:59.976,1.18395,1.18397,1.69,0.75
2020.11.16 17:11:01.305,1.18394,1.18397,11.97,0.75
2020.11.16 17:11:01.407,1.18395,1.18397,0.75,0.75
2020.11.16 17:11:01.559,1.18394,1.18397,10.09,0.75
2020.11.16 17:11:03.340,1.18393,1.18395,7.09,3.19
2020.11.16 17:11:03.391,1.18391,1.18393,1.50,0.75
2020.11.16 17:11:04.549,1.18391,1.18394,10.66,0.75
2020.11.16 17:11:04.702,1.18392,1.18395,3.37,8.66
2020.11.16 17:11:05.772,1.18392,1.18393,1.12,1.50
2020.11.16 17:11:08.428,1.1839,1.18393,10.66,0.75
2020.11.16 17:11:08.530,1.1839,1.18392,7.09,4.39
2020.11.16 17:11:08.632,1.18388,1.18391,0.75,8.66
2020.11.16 17:11:13.712,1.18389,1.18391,7.09,0.75
2020.11.16 17:11:18.447,1.18389,1.18392,8.03,1.50
2020.11.16 17:11:19.570,1.18389,1.18391,7.09,0.75
2020.11.16 17:11:19.671,1.18388,1.18391,9.72,0.75
2020.11.16 17:11:19.773,1.18387,1.1839,8.59,3.56
2020.11.16 17:11:19.824,1.18386,1.18388,7.47,0.75
2020.11.16 17:11:19.926,1.18387,1.1839,2.62,9.03
2020.11.16 17:11:20.799,1.18388,1.1839,7.09,0.75
2020.11.16 17:11:20.900,1.18387,1.1839,10.09,0.75
2020.11.16 17:11:23.419,1.18388,1.1839,0.75,0.75
2020.11.16 17:11:31.110,1.18387,1.1839,9.34,0.75
2020.11.16 17:11:32.637,1.18388,1.1839,0.75,0.75
2020.11.16 17:11:36.314,1.18387,1.1839,1.87,8.66
2020.11.16 17:11:37.864,1.18388,1.1839,0.75,0.75
2020.11.16 17:11:39.947,1.18389,1.18391,0.75,8.66
2020.11.16 17:11:44.116,1.18389,1.1839,9.91,0.75
2020.11.16 17:11:49.795,1.18391,1.18392,0.94,9.78
2020.11.16 17:11:51.092,1.18389,1.18393,9.16,10.91
2020.11.16 17:11:52.424,1.1839,1.18393,1.69,10.53
2020.11.16 17:11:52.677,1.18389,1.18392,9.72,0.75
2020.11.16 17:11:53.832,1.18388,1.18391,11.22,0.75
2020.11.16 17:11:56.578,1.18389,1.18392,3.00,9.41
2020.11.16 17:11:58.699,1.1839,1.18393,2.25,9.78
2020.11.16 17:12:01.604,1.18391,1.18393,0.75,7.91
2020.11.16 17:12:01.705,1.18391,1.18392,12.34,0.75
2020.11.16 17:12:12.359,1.18388,1.18391,2.32,2.25
2020.11.16 17:12:12.461,1.18388,1.18392,9.34,4.12
2020.11.16 17:12:15.436,1.18388,1.1839,9.72,0.75
2020.11.16 17:12:15.537,1.18388,1.18392,9.72,10.91
2020.11.16 17:12:17.241,1.18389,1.18392,0.75,2.25
2020.11.16 17:12:25.575,1.1839,1.18393,0.75,11.28
2020.11.16 17:12:25.677,1.1839,1.18391,10.09,0.75
2020.11.16 17:12:30.524,1.18389,1.18391,7.47,0.75
2020.11.16 17:12:30.980,1.18389,1.18392,7.84,9.78
2020.11.16 17:12:33.203,1.1839,1.18392,1.14,0.75
2020.11.16 17:12:33.255,1.18393,1.18395,1.50,7.91
2020.11.16 17:12:33.356,1.18394,1.18397,0.75,9.19
2020.11.16 17:12:33.612,1.18395,1.18397,0.75,0.94
2020.11.16 17:12:33.663,1.18398,1.184,1.50,7.91
2020.11.16 17:12:33.815,1.18398,1.18401,1.50,0.94
2020.11.16 17:12:34.018,1.18398,1.184,1.50,0.75
2020.11.16 17:12:34.119,1.18398,1.18401,1.50,8.84
2020.11.16 17:12:34.676,1.18399,1.18401,0.75,0.19
2020.11.16 17:12:35.233,1.18399,1.18402,0.75,9.97
2020.11.16 17:12:36.027,1.18399,1.18401,0.75,7.91
2020.11.16 17:12:36.204,1.18399,1.18402,0.75,10.34
2020.11.16 17:12:37.119,1.18399,1.18401,0.75,0.75
2020.11.16 17:12:37.221,1.18399,1.18402,0.75,1.50
2020.11.16 17:12:40.213,1.18399,1.18401,0.75,0.75
2020.11.16 17:12:40.315,1.18399,1.18402,0.75,9.41
2020.11.16 17:12:43.365,1.18399,1.18401,0.75,7.91
2020.11.16 17:12:43.466,1.18399,1.18402,0.75,10.16
2020.11.16 17:12:46.464,1.18399,1.18401,0.75,7.91
2020.11.16 17:12:46.566,1.184,1.18401,0.75,10.16
2020.11.16 17:12:49.536,1.18399,1.18401,0.75,0.75
2020.11.16 17:12:49.688,1.18399,1.18402,0.75,10.53
2020.11.16 17:12:52.681,1.18399,1.18401,0.75,8.66
2020.11.16 17:12:52.782,1.18399,1.18402,0.75,10.53
2020.11.16 17:12:55.772,1.18399,1.18401,0.75,0.75
2020.11.16 17:12:55.873,1.18399,1.18402,0.75,10.16
2020.11.16 17:12:56.274,1.18398,1.18401,3.37,2.25
2020.11.16 17:12:56.376,1.18395,1.18397,0.75,0.75
2020.11.16 17:12:56.478,1.18394,1.18397,9.72,0.75
2020.11.16 17:13:03.207,1.18396,1.18398,2.25,8.66
2020.11.16 17:13:03.258,1.18398,1.18399,3.00,8.66
2020.11.16 17:13:03.360,1.18398,1.18401,0.75,4.69
2020.11.16 17:13:03.714,1.18398,1.184,0.75,7.91
2020.11.16 17:13:03.969,1.18398,1.18401,0.75,10.16
2020.11.16 17:13:06.271,1.18398,1.18402,3.00,10.53
2020.11.16 17:13:08.970,1.18401,1.18403,0.75,8.66
2020.11.16 17:13:09.071,1.18399,1.18403,12.53,1.87
2020.11.16 17:13:09.335,1.18399,1.18402,1.50,1.50
2020.11.16 17:13:09.765,1.18399,1.184,12.34,0.75
2020.11.16 17:13:09.866,1.18397,1.184,0.75,2.25
2020.11.16 17:13:09.968,1.18398,1.18401,0.75,8.66
2020.11.16 17:13:10.447,1.18399,1.18401,1.50,0.75
2020.11.16 17:13:17.401,1.184,1.18402,3.00,7.91
2020.11.16 17:13:17.503,1.18401,1.18403,0.75,1.87
2020.11.16 17:13:17.554,1.18399,1.18402,3.75,0.75
2020.11.16 17:13:18.290,1.18398,1.18401,8.59,0.75
2020.11.16 17:13:20.408,1.184,1.18401,0.75,3.00
2020.11.16 17:13:20.560,1.18399,1.18402,0.75,1.50
2020.11.16 17:13:25.002,1.184,1.18402,0.75,0.75
2020.11.16 17:13:25.641,1.184,1.18403,0.75,1.50
2020.11.16 17:13:25.742,1.18402,1.18404,1.01,9.03
2020.11.16 17:13:25.793,1.18404,1.18406,0.75,7.91
2020.11.16 17:13:25.895,1.18403,1.18405,0.75,0.37
2020.11.16 17:13:25.997,1.18402,1.18406,2.62,10.91
2020.11.16 17:13:26.098,1.18402,1.18405,0.75,3.45
2020.11.16 17:13:26.760,1.18402,1.18404,0.75,7.91
2020.11.16 17:13:26.811,1.184,1.18404,2.25,7.91
2020.11.16 17:13:27.825,1.18402,1.18404,0.75,0.75
2020.11.16 17:13:30.459,1.18401,1.18404,0.75,10.16
2020.11.16 17:13:33.198,1.184,1.18403,1.50,0.75
2020.11.16 17:13:34.441,1.18402,1.18404,0.75,8.28
2020.11.16 17:13:34.543,1.18402,1.18405,4.12,7.91
2020.11.16 17:13:35.228,1.18404,1.18406,0.75,9.78
2020.11.16 17:13:35.330,1.18404,1.18407,1.50,1.50
2020.11.16 17:13:37.599,1.18403,1.18406,1.50,2.06
2020.11.16 17:13:38.007,1.18401,1.18403,7.84,1.50
2020.11.16 17:13:38.110,1.184,1.18403,0.75,2.62
2020.11.16 17:13:38.571,1.18399,1.18402,7.84,1.50
2020.11.16 17:13:49.128,1.18399,1.18403,8.59,11.28
2020.11.16 17:13:51.443,1.18399,1.18402,10.09,0.75
2020.11.16 17:14:01.066,1.184,1.18403,0.75,10.91
2020.11.16 17:14:02.290,1.18401,1.18403,1.50,7.91
2020.11.16 17:14:02.341,1.18403,1.18405,1.50,0.37
2020.11.16 17:14:02.443,1.18403,1.18406,1.50,9.78
2020.11.16 17:14:06.589,1.18403,1.18407,9.34,9.22
2020.11.16 17:14:08.240,1.18403,1.18406,2.62,0.75
2020.11.16 17:14:08.341,1.18401,1.18403,7.09,0.75
2020.11.16 17:14:08.443,1.184,1.18403,0.75,1.12
2020.11.16 17:14:09.890,1.18399,1.18402,1.87,0.75
2020.11.16 17:14:12.859,1.184,1.18403,1.50,3.37
2020.11.16 17:14:12.962,1.18403,1.18405,1.50,7.91
2020.11.16 17:14:13.064,1.18403,1.18406,2.25,0.75
2020.11.16 17:14:14.152,1.18404,1.18406,0.75,0.75
2020.11.16 17:14:15.872,1.18404,1.18407,1.50,9.41
2020.11.16 17:14:21.772,1.18406,1.18407,1.50,9.78
2020.11.16 17:14:22.204,1.18404,1.18407,0.75,9.41
2020.11.16 17:14:22.356,1.18403,1.18406,8.97,8.66
2020.11.16 17:14:23.093,1.18403,1.18405,0.75,0.75
2020.11.16 17:14:23.195,1.18402,1.18405,0.75,9.59
2020.11.16 17:14:23.297,1.184,1.18403,9.72,0.75
2020.11.16 17:14:23.689,1.18403,1.18406,0.75,3.94
2020.11.16 17:14:23.841,1.18403,1.18405,1.50,0.75
2020.11.16 17:14:23.942,1.18402,1.18405,9.72,1.50
2020.11.16 17:14:24.043,1.18403,1.18405,1.50,0.75
2020.11.16 17:14:24.196,1.18402,1.18404,12.34,10.53
2020.11.16 17:14:24.298,1.18401,1.18402,10.66,1.50
2020.11.16 17:14:24.399,1.184,1.18402,9.91,0.75
2020.11.16 17:14:31.747,1.18399,1.18402,7.47,0.75
2020.11.16 17:14:31.849,1.18398,1.184,1.12,0.75
2020.11.16 17:14:35.635,1.18399,1.184,2.62,1.12
2020.11.16 17:14:37.233,1.184,1.18402,0.75,0.37
2020.11.16 17:14:37.335,1.18399,1.18402,16.09,1.50
2020.11.16 17:14:37.710,1.184,1.18402,7.09,1.50
2020.11.16 17:14:37.815,1.184,1.18401,13.09,1.50
2020.11.16 17:14:43.159,1.18398,1.18401,11.22,0.75
2020.11.16 17:14:45.628,1.18399,1.18402,0.75,1.95
2020.11.16 17:14:47.162,1.18399,1.18401,0.75,0.75
2020.11.16 17:14:49.679,1.18398,1.18401,10.47,0.82
2020.11.16 17:14:58.473,1.18399,1.18402,1.50,8.73
2020.11.16 17:14:58.574,1.18399,1.18403,3.00,11.36
2020.11.16 17:14:59.162,1.18399,1.18402,1.50,0.10
2020.11.16 17:15:02.014,1.184,1.18402,3.37,9.48
2020.11.16 17:15:02.707,1.184,1.18403,3.00,12.41
2020.11.16 17:15:02.809,1.18401,1.18403,0.75,7.91
2020.11.16 17:15:02.910,1.184,1.18403,9.79,3.07
2020.11.16 17:15:05.411,1.18399,1.18403,11.59,3.07
2020.11.16 17:15:06.127,1.18401,1.18402,0.19,3.82
2020.11.16 17:15:11.677,1.18402,1.18404,0.75,8.28
2020.11.16 17:15:11.778,1.18403,1.18406,0.75,11.36
2020.11.16 17:15:12.517,1.18405,1.18408,4.50,8.66
2020.11.16 17:15:12.619,1.18406,1.18408,0.75,1.57
2020.11.16 17:15:12.721,1.18406,1.18409,9.34,2.51
2020.11.16 17:15:14.776,1.18405,1.18409,13.84,3.26
2020.11.16 17:15:14.878,1.18406,1.18409,0.75,2.51
2020.11.16 17:15:15.840,1.18406,1.1841,12.72,13.04
2020.11.16 17:15:15.941,1.18408,1.18409,0.75,11.36
2020.11.16 17:15:19.326,1.18408,1.1841,0.19,3.07
2020.11.16 17:15:19.428,1.18408,1.18411,0.75,11.17
2020.11.16 17:15:23.027,1.18406,1.18408,7.47,0.10
2020.11.16 17:15:24.077,1.18405,1.18408,10.28,0.10
2020.11.16 17:15:24.188,1.18405,1.18409,10.28,10.98
2020.11.16 17:15:27.255,1.18406,1.18409,0.75,3.07
2020.11.16 17:15:27.357,1.18407,1.1841,0.75,11.17
2020.11.16 17:15:28.207,1.18407,1.18409,0.75,0.10
2020.11.16 17:15:28.748,1.18406,1.18408,1.12,0.10
2020.11.16 17:15:28.951,1.18406,1.18409,1.12,11.36
2020.11.16 17:15:32.894,1.18407,1.18409,0.75,9.48
2020.11.16 17:15:34.782,1.18406,1.18409,8.97,1.57
2020.11.16 17:15:36.811,1.18406,1.18408,0.37,0.10
2020.11.16 17:15:36.914,1.18405,1.18408,10.84,0.10
2020.11.16 17:15:39.208,1.18406,1.18408,0.75,0.75
2020.11.16 17:15:40.672,1.18406,1.18409,1.12,1.57
2020.11.16 17:15:40.773,1.18405,1.18408,10.84,0.45
2020.11.16 17:15:41.181,1.18406,1.18408,0.75,0.45
2020.11.16 17:15:42.060,1.18406,1.18409,0.75,2.32
2020.11.16 17:15:46.527,1.18406,1.18408,7.84,0.10
2020.11.16 17:16:00.051,1.18406,1.18409,0.75,10.98
2020.11.16 17:16:00.442,1.18406,1.18408,0.75,0.37
2020.11.16 17:16:01.356,1.18406,1.18407,9.72,0.75
2020.11.16 17:16:05.154,1.18404,1.18406,7.84,0.94
2020.11.16 17:16:05.255,1.18401,1.18403,0.75,0.75
2020.11.16 17:16:09.423,1.184,1.18403,8.03,1.12
2020.11.16 17:16:10.747,1.18401,1.18404,6.56,9.03
2020.11.16 17:16:10.849,1.18403,1.18406,0.75,8.66
2020.11.16 17:16:12.835,1.18404,1.18406,0.75,0.75
2020.11.16 17:16:15.668,1.18403,1.18406,10.09,0.75
2020.11.16 17:16:20.093,1.18402,1.18404,7.09,0.75
2020.11.16 17:16:20.196,1.18401,1.18404,0.75,10.16
2020.11.16 17:16:20.348,1.18401,1.18403,0.75,1.12
2020.11.16 17:16:22.369,1.18401,1.18405,0.75,15.97
2020.11.16 17:16:24.207,1.18401,1.18404,8.59,0.75
2020.11.16 17:16:24.411,1.184,1.18404,10.28,10.16
2020.11.16 17:16:24.885,1.18402,1.18404,0.75,8.66
2020.11.16 17:16:24.987,1.18402,1.18405,1.50,9.59
2020.11.16 17:16:25.569,1.18404,1.18406,3.00,14.36
2020.11.16 17:16:25.620,1.18406,1.18408,2.25,7.91
2020.11.16 17:16:25.772,1.18407,1.18409,0.75,0.56
2020.11.16 17:16:26.811,1.18406,1.18409,8.97,1.12
2020.11.16 17:16:31.179,1.18406,1.1841,3.00,9.59
2020.11.16 17:16:31.280,1.18407,1.1841,0.75,9.59
2020.11.16 17:16:31.516,1.18407,1.18409,0.75,7.91
2020.11.16 17:16:31.639,1.18407,1.1841,0.75,9.59
2020.11.16 17:16:32.207,1.18407,1.18409,0.75,0.37
2020.11.16 17:16:32.667,1.18408,1.1841,0.75,8.28
2020.11.16 17:16:33.125,1.18409,1.18411,2.25,7.91
2020.11.16 17:16:33.176,1.18412,1.18413,1.50,4.50
2020.11.16 17:16:33.277,1.1841,1.18413,1.50,0.75
2020.11.16 17:16:35.240,1.1841,1.18412,1.50,7.91
2020.11.16 17:16:35.343,1.1841,1.18413,1.50,1.12
2020.11.16 17:16:44.800,1.18411,1.18413,0.75,0.75
2020.11.16 17:16:44.902,1.18412,1.18413,1.50,8.66
2020.11.16 17:16:46.418,1.18413,1.18414,1.50,9.03
2020.11.16 17:16:47.120,1.18411,1.18414,0.75,2.62
2020.11.16 17:16:47.222,1.18411,1.18413,0.75,0.37
2020.11.16 17:16:49.030,1.1841,1.18413,2.25,0.37
2020.11.16 17:16:49.236,1.1841,1.18414,8.59,10.53
2020.11.16 17:16:50.079,1.1841,1.18413,1.50,0.75
2020.11.16 17:16:57.247,1.1841,1.18412,0.75,0.75
2020.11.16 17:16:58.803,1.18409,1.18412,1.50,0.75
2020.11.16 17:16:58.904,1.1841,1.18413,0.75,10.16
2020.11.16 17:17:02.048,1.18411,1.18414,1.50,10.34
2020.11.16 17:17:02.150,1.18408,1.1841,7.84,0.94
2020.11.16 17:17:02.202,1.18406,1.18409,13.87,2.25
2020.11.16 17:17:02.304,1.18405,1.18408,3.00,0.37
2020.11.16 17:17:02.609,1.18406,1.18408,7.09,1.12
2020.11.16 17:17:02.794,1.18405,1.18408,2.25,1.12
2020.11.16 17:17:03.087,1.18405,1.18407,2.25,0.75
2020.11.16 17:17:03.492,1.18406,1.18407,1.50,9.03
2020.11.16 17:17:14.008,1.18406,1.18408,0.75,0.37
2020.11.16 17:17:16.527,1.18407,1.18409,1.50,0.37
2020.11.16 17:17:16.629,1.18409,1.18412,0.75,8.47
2020.11.16 17:17:17.752,1.18409,1.18413,0.75,3.56
2020.11.16 17:17:18.948,1.18409,1.18412,1.50,0.37
2020.11.16 17:17:19.150,1.18408,1.18411,13.47,0.75
2020.11.16 17:17:19.252,1.18409,1.18411,0.75,4.69
2020.11.16 17:17:19.455,1.18409,1.1841,8.97,3.19
2020.11.16 17:17:19.708,1.18408,1.18412,9.34,15.97
2020.11.16 17:17:19.810,1.18409,1.18412,0.75,10.34
2020.11.16 17:17:20.164,1.1841,1.18413,0.75,1.20
2020.11.16 17:17:22.669,1.18411,1.18413,1.50,0.37
2020.11.16 17:17:22.771,1.18412,1.18414,0.75,9.59
2020.11.16 17:17:23.989,1.18411,1.18414,8.59,1.01
2020.11.16 17:17:26.301,1.18411,1.18413,0.75,0.37
2020.11.16 17:17:30.343,1.1841,1.18413,2.62,9.03
2020.11.16 17:17:45.058,1.18411,1.18413,2.25,0.37
2020.11.16 17:17:45.159,1.18412,1.18415,1.50,1.31
2020.11.16 17:17:45.261,1.18411,1.18414,3.00,1.50
2020.11.16 17:17:46.431,1.18411,1.18413,8.59,0.37
2020.11.16 17:17:48.514,1.1841,1.18412,0.37,0.75
2020.11.16 17:17:49.568,1.18409,1.18412,2.25,9.41
2020.11.16 17:17:50.876,1.1841,1.18412,0.75,7.91
2020.11.16 17:17:50.978,1.1841,1.18413,0.75,10.53
2020.11.16 17:17:55.279,1.18409,1.18412,9.34,0.75
2020.11.16 17:17:55.838,1.18408,1.18411,1.50,10.91
2020.11.16 17:17:57.511,1.18409,1.18411,0.75,0.75
2020.11.16 17:17:57.613,1.18409,1.18412,1.50,8.28
2020.11.16 17:17:59.365,1.18409,1.18413,10.09,9.03
2020.11.16 17:18:02.284,1.1841,1.18411,9.34,0.75
2020.11.16 17:18:02.385,1.18409,1.18411,0.75,0.75
2020.11.16 17:18:04.337,1.18409,1.18412,1.50,9.41
2020.11.16 17:18:06.597,1.1841,1.18412,2.25,13.23
2020.11.16 17:18:06.800,1.1841,1.18413,8.59,1.87
2020.11.16 17:18:07.376,1.18411,1.18413,0.75,1.12
2020.11.16 17:18:10.238,1.18412,1.18413,0.75,2.32
2020.11.16 17:18:11.058,1.18412,1.18414,0.75,0.75
2020.11.16 17:18:11.161,1.18414,1.18416,0.75,0.10
2020.11.16 17:18:12.388,1.18412,1.18414,1.12,1.57
2020.11.16 17:18:12.439,1.1841,1.18413,4.57,1.20
2020.11.16 17:18:13.707,1.18409,1.18412,10.28,0.37
2020.11.16 17:18:15.729,1.1841,1.18412,0.75,0.45
2020.11.16 17:18:16.286,1.18409,1.1841,9.72,0.75
2020.11.16 17:18:16.600,1.18409,1.18412,0.75,10.61
2020.11.16 17:18:16.964,1.18409,1.18411,0.75,9.41
2020.11.16 17:18:17.117,1.18409,1.18412,0.75,9.86
2020.11.16 17:18:17.330,1.1841,1.18412,0.75,8.73
2020.11.16 17:18:17.432,1.1841,1.18413,0.94,10.61
2020.11.16 17:18:18.825,1.18411,1.18414,0.75,9.86
2020.11.16 17:18:18.926,1.18411,1.18413,9.53,10.23
2020.11.16 17:18:19.627,1.18412,1.18413,0.75,1.57
2020.11.16 17:18:20.440,1.18411,1.18413,0.75,0.10
2020.11.16 17:18:29.010,1.1841,1.18413,7.84,0.82
2020.11.16 17:18:35.138,1.18411,1.18413,0.75,1.20
2020.11.16 17:18:39.595,1.18412,1.18414,3.37,11.17
2020.11.16 17:18:39.697,1.18412,1.18415,1.50,7.91
2020.11.16 17:18:39.799,1.18413,1.18416,1.50,8.66
2020.11.16 17:18:39.900,1.18414,1.18416,0.75,7.91
2020.11.16 17:18:40.002,1.18414,1.18417,0.75,12.11
2020.11.16 17:18:40.247,1.18415,1.18417,0.75,0.75
2020.11.16 17:18:40.754,1.18414,1.18417,1.50,1.57
2020.11.16 17:18:41.147,1.18416,1.18417,0.75,10.61
2020.11.16 17:18:41.678,1.18415,1.18418,0.75,1.87
2020.11.16 17:18:50.306,1.18413,1.18415,8.22,0.94
2020.11.16 17:18:50.407,1.18412,1.18415,1.87,2.06
2020.11.16 17:18:51.929,1.18412,1.18413,11.22,0.75
2020.11.16 17:18:51.981,1.18414,1.18415,0.75,8.66
2020.11.16 17:18:52.083,1.18413,1.18416,1.50,1.50
2020.11.16 17:18:53.216,1.18414,1.18416,0.75,0.75
2020.11.16 17:18:53.318,1.18413,1.18416,1.12,10.16
2020.11.16 17:19:01.379,1.18414,1.18416,0.75,0.75
2020.11.16 17:19:02.027,1.18414,1.18417,8.59,0.75
2020.11.16 17:19:04.428,1.18414,1.18416,0.75,7.91
2020.11.16 17:19:04.620,1.18414,1.18417,0.75,9.41
2020.11.16 17:19:11.459,1.18414,1.18416,0.75,0.75
2020.11.16 17:19:11.561,1.18413,1.18416,2.62,2.25
2020.11.16 17:19:11.662,1.18413,1.18415,0.75,1.31
2020.11.16 17:19:11.764,1.18413,1.18416,0.75,4.50
2020.11.16 17:19:12.798,1.18415,1.18417,0.75,0.75
2020.11.16 17:19:12.900,1.18415,1.18418,0.94,1.87
2020.11.16 17:19:14.964,1.18414,1.18417,12.34,0.75
2020.11.16 17:19:15.066,1.18413,1.18415,7.50,2.62
2020.11.16 17:19:15.167,1.18413,1.18416,0.75,9.78
2020.11.16 17:19:17.348,1.18415,1.18417,0.94,8.28
2020.11.16 17:19:17.449,1.18415,1.18418,0.94,1.50
2020.11.16 17:19:24.174,1.18414,1.18418,10.66,3.00
2020.11.16 17:19:25.544,1.18415,1.18418,0.94,1.87
2020.11.16 17:19:27.004,1.18416,1.18418,0.75,0.75
2020.11.16 17:19:27.105,1.18417,1.1842,1.12,2.81
2020.11.16 17:19:27.298,1.18418,1.1842,0.75,1.12
2020.11.16 17:19:28.704,1.18417,1.18419,8.22,1.50
2020.11.16 17:19:28.806,1.18416,1.18418,7.09,1.12
2020.11.16 17:19:28.907,1.18415,1.18418,8.03,1.12
2020.11.16 17:19:29.197,1.18416,1.18419,0.75,2.62
2020.11.16 17:19:31.107,1.18416,1.18418,0.75,0.75
2020.11.16 17:19:36.470,1.18415,1.18418,9.16,1.50
2020.11.16 17:19:38.786,1.18415,1.18417,0.75,0.75
2020.11.16 17:19:39.463,1.18415,1.18418,0.75,10.53
2020.11.16 17:19:39.909,1.18414,1.18418,15.34,2.62
2020.11.16 17:19:40.684,1.18415,1.18416,9.34,0.75
2020.11.16 17:19:44.607,1.18415,1.18418,1.50,2.62
2020.11.16 17:19:44.810,1.18416,1.18419,1.87,1.50
2020.11.16 17:19:50.596,1.18416,1.1842,1.87,14.09
2020.11.16 17:19:59.316,1.18419,1.1842,1.50,0.75
2020.11.16 17:19:59.419,1.18419,1.18421,0.75,0.75
2020.11.16 17:20:01.179,1.18419,1.18422,0.75,2.25
2020.11.16 17:20:02.617,1.1842,1.18422,1.50,0.37
2020.11.16 17:20:02.719,1.1842,1.18423,0.75,0.75
2020.11.16 17:20:02.821,1.1842,1.18422,0.75,0.75
2020.11.16 17:20:14.241,1.18422,1.18424,0.75,10.91
2020.11.16 17:20:14.342,1.18421,1.18423,7.09,1.12
2020.11.16 17:20:14.444,1.1842,1.18423,7.09,1.12
2020.11.16 17:20:14.545,1.1842,1.18422,0.75,0.75
2020.11.16 17:20:15.108,1.18421,1.18422,0.75,3.37
2020.11.16 17:20:16.686,1.1842,1.18422,0.75,0.75
2020.11.16 17:20:20.197,1.18419,1.18421,0.37,0.75
2020.11.16 17:20:23.177,1.1842,1.18421,0.75,0.75
2020.11.16 17:20:23.404,1.18419,1.18421,0.37,0.75
2020.11.16 17:20:24.068,1.1842,1.18422,0.75,1.50
2020.11.16 17:20:40.573,1.1842,1.18423,1.50,2.25
2020.11.16 17:20:56.649,1.18421,1.18423,0.75,0.37
2020.11.16 17:20:56.751,1.18421,1.18423,8.59,3.37
2020.11.16 17:20:58.076,1.1842,1.18423,1.50,0.37
2020.11.16 17:21:05.713,1.1842,1.18424,1.50,1.50
2020.11.16 17:21:05.814,1.1842,1.18423,8.59,1.12
2020.11.16 17:21:08.849,1.1842,1.18422,0.75,1.50
2020.11.16 17:21:10.990,1.18421,1.18423,0.75,1.87
2020.11.16 17:21:17.808,1.1842,1.18422,0.37,0.75
2020.11.16 17:21:29.427,1.18418,1.18421,7.09,2.25
2020.11.16 17:21:29.479,1.18417,1.18419,0.75,1.50
2020.11.16 17:21:30.721,1.18417,1.18418,1.50,10.53
2020.11.16 17:21:30.827,1.18416,1.18418,1.12,0.37
2020.11.16 17:21:37.774,1.18416,1.18419,8.22,1.50
2020.11.16 17:21:44.423,1.18416,1.18418,0.75,0.37
2020.11.16 17:21:46.912,1.18416,1.18419,0.75,0.75
2020.11.16 17:21:52.556,1.18416,1.18418,7.84,0.37
2020.11.16 17:22:03.856,1.18416,1.18419,1.12,8.66
2020.11.16 17:22:03.958,1.18419,1.18421,1.50,0.75
2020.11.16 17:22:04.059,1.18419,1.18422,1.50,2.81
2020.11.16 17:22:05.730,1.1842,1.18422,0.75,0.94
2020.11.16 17:22:08.936,1.18419,1.18421,1.12,5.89
2020.11.16 17:22:08.987,1.18416,1.18418,0.75,0.75
2020.11.16 17:22:19.504,1.18414,1.18416,1.12,2.25
2020.11.16 17:22:19.555,1.18412,1.18414,1.12,1.12
2020.11.16 17:22:20.214,1.18411,1.18413,10.28,2.25
2020.11.16 17:22:24.215,1.1841,1.18413,0.94,1.12
2020.11.16 17:22:28.668,1.18411,1.18413,0.94,0.75
2020.11.16 17:22:29.655,1.18412,1.18414,0.75,0.75
2020.11.16 17:22:31.092,1.18411,1.18414,1.12,0.75
2020.11.16 17:22:31.194,1.18411,1.18413,0.75,1.12
2020.11.16 17:22:56.583,1.18411,1.18412,0.75,0.75
2020.11.16 17:22:56.634,1.18411,1.18412,0.75,0.75
2020.11.16 17:22:56.684,1.18411,1.18412,0.75,0.75
2020.11.16 17:22:56.931,1.18411,1.18412,0.75,0.75
2020.11.16 17:22:57.016,1.18411,1.18412,0.75,0.75
2020.11.16 17:22:57.067,1.18411,1.18412,0.75,0.75
2020.11.16 17:22:57.261,1.18411,1.18412,3.56,9.78
2020.11.16 17:22:57.424,1.18411,1.18413,0.75,9.78
2020.11.16 17:23:03.861,1.18413,1.18415,1.50,0.75
2020.11.16 17:23:03.963,1.18414,1.18416,1.50,0.82
2020.11.16 17:23:09.625,1.18414,1.18417,8.59,9.78
2020.11.16 17:23:14.802,1.18414,1.18416,1.50,0.75
2020.11.16 17:23:16.588,1.18413,1.18415,9.72,0.75
2020.11.16 17:23:17.594,1.18413,1.18414,0.75,0.75
2020.11.16 17:23:17.646,1.18413,1.18416,0.75,12.03
2020.11.16 17:23:18.156,1.18412,1.18414,7.84,1.50
2020.11.16 17:23:18.258,1.18411,1.18414,3.00,1.50
2020.11.16 17:23:24.135,1.18412,1.18414,4.69,1.12
2020.11.16 17:23:24.236,1.18413,1.18416,0.75,0.75
2020.11.16 17:23:27.211,1.18415,1.18417,0.75,9.78
2020.11.16 17:23:27.262,1.18417,1.1842,1.87,2.25
2020.11.16 17:23:27.366,1.18418,1.1842,2.25,7.91
2020.11.16 17:23:27.418,1.1842,1.18422,0.75,0.26
2020.11.16 17:23:27.521,1.18421,1.18423,0.75,0.75
2020.11.16 17:23:27.623,1.1842,1.18423,2.06,1.12
2020.11.16 17:23:28.274,1.18421,1.18423,0.75,0.37
2020.11.16 17:23:28.579,1.18421,1.18424,0.75,9.78
2020.11.16 17:23:29.013,1.18422,1.18425,4.69,9.78
2020.11.16 17:23:29.115,1.18423,1.18426,2.06,3.75
2020.11.16 17:23:29.419,1.18424,1.18427,0.75,1.12
2020.11.16 17:23:46.585,1.18422,1.18424,8.22,2.25
2020.11.16 17:23:56.531,1.18423,1.18425,0.75,9.41
2020.11.16 17:23:58.608,1.18422,1.18423,10.47,1.12
2020.11.16 17:24:00.118,1.18421,1.18423,7.84,1.12
2020.11.16 17:24:09.320,1.18421,1.18424,0.75,10.16
2020.11.16 17:24:10.003,1.18421,1.18423,0.75,0.75
2020.11.16 17:24:28.013,1.1842,1.18423,0.75,1.50
2020.11.16 17:24:38.328,1.18422,1.18425,0.75,10.16
2020.11.16 17:24:38.786,1.18421,1.18424,1.12,9.78
2020.11.16 17:24:39.806,1.18421,1.18423,0.75,0.37
2020.11.16 17:24:42.777,1.1842,1.18423,5.44,0.37
2020.11.16 17:24:44.828,1.18421,1.18423,0.75,0.37
2020.11.16 17:24:46.068,1.1842,1.18424,15.91,10.91
2020.11.16 17:24:47.359,1.18421,1.18424,0.75,10.91
2020.11.16 17:24:54.402,1.18421,1.18423,0.75,0.37
2020.11.16 17:24:55.085,1.18422,1.18424,0.75,8.28
2020.11.16 17:24:55.338,1.18423,1.18425,1.50,8.66
2020.11.16 17:24:55.440,1.18423,1.18426,4.87,7.91
2020.11.16 17:24:55.541,1.18423,1.18427,12.91,10.91
2020.11.16 17:24:56.932,1.18425,1.18426,0.10,0.75
2020.11.16 17:25:00.185,1.18424,1.18426,0.82,7.91
2020.11.16 17:25:00.993,1.18424,1.18427,1.50,11.28
2020.11.16 17:25:01.847,1.18425,1.18427,0.10,9.78
2020.11.16 17:25:02.920,1.18425,1.18428,0.82,10.16
2020.11.16 17:25:03.071,1.18425,1.18427,0.75,0.75
2020.11.16 17:25:08.447,1.18425,1.18428,0.75,10.16
2020.11.16 17:25:10.462,1.18425,1.18427,1.50,7.91
2020.11.16 17:25:12.168,1.18425,1.18428,1.50,10.16
2020.11.16 17:25:18.065,1.18425,1.18426,9.72,0.75
2020.11.16 17:25:20.658,1.18424,1.18426,0.37,2.62
2020.11.16 17:25:20.709,1.18422,1.18424,0.75,1.50
2020.11.16 17:25:20.811,1.18423,1.18425,2.06,7.91
2020.11.16 17:25:20.912,1.18424,1.18426,1.50,0.75
2020.11.16 17:25:21.566,1.18424,1.18427,9.34,1.87
2020.11.16 17:25:26.801,1.18424,1.18426,0.94,0.75
2020.11.16 17:25:31.319,1.18422,1.18425,8.97,1.50
2020.11.16 17:25:31.880,1.18423,1.18426,0.75,14.66
2020.11.16 17:25:46.353,1.18425,1.18426,3.00,10.91
2020.11.16 17:25:46.405,1.18425,1.18428,0.19,14.36
2020.11.16 17:25:46.507,1.18424,1.18428,2.81,14.28
2020.11.16 17:25:46.760,1.18424,1.18427,9.91,7.91
2020.11.16 17:25:47.453,1.18425,1.18427,0.19,7.91
2020.11.16 17:25:47.554,1.18425,1.18428,7.28,11.28
2020.11.16 17:25:48.246,1.18424,1.18428,9.53,12.03
2020.11.16 17:25:48.758,1.18425,1.18426,2.44,7.91
2020.11.16 17:25:48.965,1.18424,1.18428,2.44,14.28
2020.11.16 17:25:49.067,1.18424,1.18427,2.44,0.75
2020.11.16 17:25:54.297,1.18423,1.18426,8.22,3.00
2020.11.16 17:25:54.399,1.18422,1.18424,0.75,1.50
2020.11.16 17:26:01.897,1.18421,1.18424,6.94,0.75
2020.11.16 17:26:04.688,1.18422,1.18425,1.50,9.41
2020.11.16 17:26:04.906,1.18422,1.18424,0.37,0.75
2020.11.16 17:26:05.938,1.18421,1.18424,3.94,0.75
2020.11.16 17:26:22.836,1.18422,1.18424,0.75,7.91
2020.11.16 17:26:22.937,1.18422,1.18425,0.75,11.66
2020.11.16 17:26:24.908,1.18422,1.18424,0.75,7.91
2020.11.16 17:26:25.559,1.18421,1.18423,0.75,1.50
2020.11.16 17:26:33.307,1.1842,1.18423,3.94,0.75
2020.11.16 17:26:37.174,1.18421,1.18423,7.84,1.87
2020.11.16 17:26:37.294,1.1842,1.18423,8.59,1.87
2020.11.16 17:26:40.237,1.18421,1.18423,9.34,15.41
2020.11.16 17:26:40.462,1.1842,1.18423,8.59,1.87
2020.11.16 17:26:43.337,1.18421,1.18423,0.75,1.50
2020.11.16 17:26:43.488,1.1842,1.18423,8.59,1.50
2020.11.16 17:26:46.075,1.18421,1.18423,8.59,15.41
2020.11.16 17:26:49.638,1.1842,1.18423,8.59,1.87
2020.11.16 17:26:52.615,1.18421,1.18423,0.75,1.87
2020.11.16 17:26:52.717,1.1842,1.18423,8.22,1.87
2020.11.16 17:27:07.267,1.1842,1.18422,0.75,7.91
2020.11.16 17:27:07.615,1.1842,1.18423,0.75,10.91
2020.11.16 17:27:07.719,1.1842,1.18422,0.75,7.91
2020.11.16 17:27:07.821,1.18421,1.18422,0.75,10.16
2020.11.16 17:27:08.019,1.1842,1.18422,0.75,7.91
2020.11.16 17:27:08.564,1.1842,1.18423,0.75,10.16
2020.11.16 17:27:28.737,1.18421,1.18423,0.37,0.75
2020.11.16 17:27:28.838,1.1842,1.18423,8.59,1.12
2020.11.16 17:27:33.504,1.1842,1.18423,1.87,9.03
2020.11.16 17:27:34.000,1.18419,1.18422,9.34,2.25
2020.11.16 17:27:48.465,1.18419,1.18421,0.75,0.75
2020.11.16 17:27:54.210,1.18419,1.18422,1.50,3.37
2020.11.16 17:28:34.397,1.18419,1.18423,8.59,13.98
2020.11.16 17:28:34.915,1.1842,1.18421,1.50,0.75
2020.11.16 17:28:43.216,1.18419,1.18423,2.25,11.28
2020.11.16 17:28:43.318,1.18421,1.18422,3.56,0.75
2020.11.16 17:28:46.869,1.18421,1.18424,0.75,11.28
2020.11.16 17:28:46.971,1.1842,1.18423,1.50,8.66
2020.11.16 17:28:51.892,1.1842,1.18424,1.50,12.41
2020.11.16 17:28:57.056,1.1842,1.18423,8.59,1.12
2020.11.16 17:29:08.138,1.18421,1.18423,0.37,1.50
2020.11.16 17:29:09.150,1.1842,1.18423,5.44,1.50
2020.11.16 17:29:16.374,1.18421,1.18423,0.75,8.66
2020.11.16 17:29:18.362,1.18422,1.18423,0.75,12.41
2020.11.16 17:29:19.108,1.1842,1.18423,8.59,1.12
2020.11.16 17:29:22.164,1.18421,1.18423,0.75,0.37
2020.11.16 17:29:22.541,1.18421,1.18424,0.75,3.37
2020.11.16 17:29:23.886,1.1842,1.18423,1.50,1.12
2020.11.16 17:29:26.272,1.18421,1.18424,1.50,9.78
2020.11.16 17:29:30.260,1.1842,1.18423,0.75,9.41
2020.11.16 17:29:36.188,1.1842,1.18422,0.75,7.91
2020.11.16 17:29:36.547,1.1842,1.18423,0.75,9.78
2020.11.16 17:29:44.994,1.1842,1.18421,0.75,1.87
2020.11.16 17:29:45.095,1.18418,1.1842,0.75,1.12
2020.11.16 17:29:46.077,1.18418,1.18421,0.75,14.66
2020.11.16 17:29:46.214,1.18418,1.1842,0.75,7.91
2020.11.16 17:29:47.057,1.18418,1.18421,0.75,6.75
2020.11.16 17:29:47.161,1.18418,1.1842,0.75,7.91
2020.11.16 17:29:47.544,1.18417,1.1842,3.75,7.91
2020.11.16 17:29:55.140,1.18416,1.18418,0.94,0.75
2020.11.16 17:29:55.242,1.18417,1.1842,0.75,11.66
2020.11.16 17:29:55.536,1.18417,1.18419,1.12,0.75
2020.11.16 17:29:56.277,1.18416,1.18418,8.59,0.75
2020.11.16 17:30:00.299,1.18416,1.18419,0.75,10.53
2020.11.16 17:30:00.400,1.18416,1.18418,0.75,0.37
2020.11.16 17:30:01.241,1.18415,1.18417,2.06,0.75
2020.11.16 17:30:02.635,1.18414,1.18415,12.72,4.12
2020.11.16 17:30:02.737,1.18413,1.18415,0.75,0.75
2020.11.16 17:30:02.838,1.18412,1.18415,0.75,2.25
2020.11.16 17:30:02.940,1.18412,1.18414,0.75,1.12
2020.11.16 17:30:03.296,1.18412,1.18415,2.25,9.41
2020.11.16 17:30:03.397,1.18412,1.18414,0.75,0.75
2020.11.16 17:30:04.276,1.18414,1.18415,1.50,10.53
2020.11.16 17:30:04.635,1.18411,1.18413,7.84,0.75
2020.11.16 17:30:04.990,1.18411,1.18412,0.94,1.87
2020.11.16 17:30:06.536,1.1841,1.18411,2.03,9.78
2020.11.16 17:30:17.273,1.1841,1.18412,0.75,0.37
2020.11.16 17:30:17.425,1.18411,1.18413,0.75,1.12
2020.11.16 17:30:18.183,1.1841,1.18412,0.94,0.75
2020.11.16 17:30:18.436,1.18409,1.18411,0.19,0.75
2020.11.16 17:30:21.369,1.18408,1.18411,1.31,0.75
2020.11.16 17:30:23.453,1.18409,1.18411,2.06,0.75
2020.11.16 17:30:25.169,1.18408,1.18411,2.06,1.50
2020.11.16 17:30:27.286,1.18408,1.1841,13.28,1.50
2020.11.16 17:30:27.388,1.18407,1.18409,8.22,0.75
2020.11.16 17:30:28.149,1.18405,1.18407,10.36,0.75
2020.11.16 17:30:28.251,1.18405,1.18408,11.78,1.50
2020.11.16 17:30:28.352,1.18404,1.18408,12.23,1.50
2020.11.16 17:30:28.504,1.18406,1.18408,1.69,10.91
2020.11.16 17:30:31.799,1.18406,1.18409,0.75,9.03
2020.11.16 17:30:37.311,1.18405,1.18409,4.69,0.75
2020.11.16 17:30:39.928,1.18405,1.18408,6.19,0.75
2020.11.16 17:30:41.019,1.18405,1.18409,4.31,1.12
2020.11.16 17:30:41.272,1.18407,1.1841,1.50,13.16
2020.11.16 17:30:43.429,1.18408,1.1841,0.37,0.75
2020.11.16 17:30:45.061,1.18408,1.18409,8.06,0.75
2020.11.16 17:30:46.944,1.18408,1.1841,0.37,0.75
2020.11.16 17:30:48.082,1.18407,1.1841,7.69,0.75
2020.11.16 17:30:48.439,1.18408,1.18411,0.75,1.50
2020.11.16 17:30:58.747,1.18407,1.1841,0.75,1.50
2020.11.16 17:31:03.762,1.18408,1.1841,2.44,7.91
2020.11.16 17:31:03.914,1.18409,1.1841,9.91,0.75
2020.11.16 17:31:18.199,1.18408,1.1841,0.75,0.75
2020.11.16 17:31:18.405,1.18407,1.1841,1.50,2.25
2020.11.16 17:31:18.557,1.18408,1.1841,3.19,1.50
2020.11.16 17:31:18.659,1.18408,1.18411,0.75,1.50
2020.11.16 17:31:46.641,1.18412,1.18415,0.75,4.12
2020.11.16 17:31:47.096,1.18412,1.18414,1.12,7.91
2020.11.16 17:31:47.197,1.18412,1.18415,1.12,2.62
2020.11.16 17:31:47.827,1.18411,1.18415,3.00,10.53
2020.11.16 17:31:47.928,1.18413,1.18414,0.75,10.53
2020.11.16 17:31:49.153,1.18411,1.18414,7.84,2.25
2020.11.16 17:31:49.255,1.18412,1.18414,0.75,8.66
2020.11.16 17:31:49.846,1.18411,1.18414,1.50,9.41
2020.11.16 17:31:50.151,1.18412,1.18414,0.75,8.66
2020.11.16 17:31:50.303,1.18411,1.18414,0.75,9.41
2020.11.16 17:31:50.405,1.18412,1.18414,0.37,1.50
2020.11.16 17:31:50.506,1.18411,1.18413,10.09,3.00
2020.11.16 17:31:52.815,1.1841,1.18413,1.12,1.50
2020.11.16 17:31:54.319,1.1841,1.18412,0.37,1.50
2020.11.16 17:31:54.420,1.18409,1.18411,1.12,7.91
2020.11.16 17:31:54.522,1.18409,1.18412,1.12,10.91
2020.11.16 17:31:54.718,1.18409,1.18411,1.12,7.91
2020.11.16 17:31:56.036,1.1841,1.18412,0.75,8.66
2020.11.16 17:31:56.239,1.18408,1.18412,11.41,9.41
2020.11.16 17:31:56.869,1.1841,1.18411,0.75,8.66
2020.11.16 17:32:00.575,1.18411,1.18414,2.25,10.61
2020.11.16 17:32:00.676,1.18411,1.18415,10.84,2.25
2020.11.16 17:32:01.102,1.18412,1.18415,0.37,1.50
2020.11.16 17:32:04.159,1.18411,1.18414,8.22,1.50
2020.11.16 17:32:04.261,1.1841,1.18413,10.47,1.50
2020.11.16 17:32:04.363,1.18412,1.18414,0.75,7.91
2020.11.16 17:32:04.464,1.18412,1.18415,0.75,9.41
2020.11.16 17:32:09.518,1.18411,1.18414,3.00,0.75
2020.11.16 17:32:09.772,1.18412,1.18415,0.75,10.91
2020.11.16 17:32:14.278,1.18413,1.18415,0.75,0.75
2020.11.16 17:32:14.624,1.18412,1.18415,9.72,0.75
2020.11.16 17:32:23.841,1.18413,1.18415,0.75,0.75
2020.11.16 17:32:25.748,1.18412,1.18415,2.62,8.66
2020.11.16 17:32:25.952,1.18413,1.18415,0.75,8.66
2020.11.16 17:32:26.054,1.18412,1.18415,1.12,9.41
2020.11.16 17:32:26.511,1.18413,1.18416,0.75,12.03
2020.11.16 17:32:42.641,1.18414,1.18416,2.25,7.91
2020.11.16 17:32:42.742,1.18414,1.18417,1.50,1.50
2020.11.16 17:32:44.257,1.18414,1.18415,2.81,8.66
2020.11.16 17:32:46.698,1.18415,1.18418,0.94,2.25
2020.11.16 17:32:46.800,1.18414,1.18417,2.44,0.75
2020.11.16 17:32:47.304,1.18413,1.18416,12.53,0.75
2020.11.16 17:32:53.916,1.18414,1.18416,7.09,0.75
2020.11.16 17:32:54.979,1.18413,1.18416,10.28,0.75
2020.11.16 17:32:56.657,1.18414,1.18416,0.75,0.75
2020.11.16 17:33:07.836,1.18415,1.18417,0.75,0.37
2020.11.16 17:33:08.039,1.18416,1.18418,3.00,7.91
2020.11.16 17:33:08.140,1.18417,1.18419,1.12,8.66
2020.11.16 17:33:12.013,1.18419,1.18421,4.39,8.28
2020.11.16 17:33:12.064,1.18422,1.18424,1.87,0.75
2020.11.16 17:33:12.166,1.18423,1.18425,0.75,1.12
2020.11.16 17:33:12.267,1.18423,1.18426,1.50,1.87
2020.11.16 17:33:12.623,1.18424,1.18426,0.75,1.87
2020.11.16 17:33:13.027,1.18422,1.18424,7.84,1.50
2020.11.16 17:33:13.129,1.18423,1.18426,2.25,10.23
2020.11.16 17:33:18.399,1.18424,1.18426,0.19,1.50
2020.11.16 17:33:20.467,1.18423,1.18426,10.28,1.50
2020.11.16 17:33:30.516,1.18424,1.18426,0.75,1.50
2020.11.16 17:33:36.067,1.18424,1.18427,0.94,2.25
2020.11.16 17:33:50.887,1.18425,1.18428,0.19,13.91
2020.11.16 17:33:51.040,1.18425,1.18429,1.31,11.66
2020.11.16 17:33:51.199,1.18426,1.18428,0.37,1.50
2020.11.16 17:33:51.250,1.18424,1.18427,11.03,0.75
2020.11.16 17:33:56.199,1.18424,1.18428,8.78,13.16
2020.11.16 17:34:01.034,1.18424,1.18427,9.53,0.75
2020.11.16 17:34:14.385,1.18425,1.18427,0.19,0.75
2020.11.16 17:34:14.487,1.18425,1.18428,0.94,2.62
2020.11.16 17:34:16.601,1.18427,1.18429,0.75,0.75
2020.11.16 17:34:16.703,1.18428,1.1843,1.69,7.91
2020.11.16 17:34:16.754,1.1843,1.18431,0.75,12.03
2020.11.16 17:34:19.390,1.1843,1.18432,0.75,0.75
2020.11.16 17:34:20.209,1.18432,1.18434,2.25,8.28
2020.11.16 17:34:20.260,1.18433,1.18436,2.25,7.91
2020.11.16 17:34:20.361,1.18434,1.18436,9.34,12.03
2020.11.16 17:34:21.768,1.18434,1.18437,0.75,11.28
2020.11.16 17:34:25.207,1.18435,1.18438,0.94,11.28
2020.11.16 17:34:33.167,1.18436,1.18438,0.75,9.03
2020.11.16 17:34:35.573,1.18435,1.18437,0.37,1.50
2020.11.16 17:34:35.675,1.1843,1.18432,12.94,0.75
2020.11.16 17:34:35.777,1.18431,1.18433,7.84,1.87
2020.11.16 17:34:50.318,1.18431,1.18434,1.50,10.91
2020.11.16 17:34:50.420,1.18432,1.18435,1.50,12.41
2020.11.16 17:34:50.522,1.18432,1.18434,0.75,1.50
2020.11.16 17:34:51.290,1.18433,1.18435,2.44,8.28
2020.11.16 17:34:51.392,1.18435,1.18436,1.50,9.78
2020.11.16 17:34:52.051,1.18435,1.18437,0.75,1.87
2020.11.16 17:34:55.933,1.18436,1.18438,0.75,1.87
2020.11.16 17:34:58.365,1.18438,1.1844,0.75,8.66
2020.11.16 17:34:58.468,1.18437,1.18439,0.75,1.87
2020.11.16 17:35:00.296,1.18436,1.18439,1.12,10.16
2020.11.16 17:35:00.586,1.18436,1.18438,0.75,0.37
2020.11.16 17:35:11.663,1.1844,1.18442,0.19,1.50
2020.11.16 17:35:11.765,1.18439,1.18442,1.50,9.78
2020.11.16 17:35:11.967,1.18439,1.18441,3.00,11.28
2020.11.16 17:35:12.179,1.18439,1.18442,1.50,11.28
2020.11.16 17:35:12.504,1.18439,1.18441,1.50,7.91
2020.11.16 17:35:12.773,1.1844,1.18442,0.75,8.66
2020.11.16 17:35:12.874,1.18439,1.18442,9.53,0.75
2020.11.16 17:35:13.894,1.1844,1.18442,0.75,0.75
2020.11.16 17:35:15.593,1.1844,1.18443,0.75,11.66
2020.11.16 17:35:16.483,1.18439,1.18441,7.84,1.50
2020.11.16 17:35:17.040,1.18439,1.18442,1.50,1.50
2020.11.16 17:35:19.445,1.1844,1.18442,0.75,7.91
2020.11.16 17:35:19.548,1.18441,1.18442,0.75,14.66
2020.11.16 17:35:22.838,1.18438,1.1844,1.12,1.50
2020.11.16 17:35:22.940,1.18436,1.18439,2.44,0.75
2020.11.16 17:35:30.342,1.18436,1.1844,1.50,12.41
2020.11.16 17:35:30.549,1.18436,1.18439,1.50,1.50
2020.11.16 17:35:35.933,1.18436,1.18438,1.50,0.75
2020.11.16 17:35:36.549,1.18436,1.18439,0.75,10.91
2020.11.16 17:35:36.814,1.18436,1.18438,0.75,1.12
2020.11.16 17:35:39.077,1.18436,1.18439,1.50,2.25
2020.11.16 17:35:40.297,1.18436,1.18438,1.50,0.37
2020.11.16 17:35:41.449,1.18438,1.1844,0.75,0.75
2020.11.16 17:35:41.551,1.18439,1.18442,1.50,10.16
2020.11.16 17:35:42.319,1.18439,1.18441,1.50,0.37
2020.11.16 17:35:42.421,1.18438,1.1844,7.09,1.50
2020.11.16 17:35:42.573,1.18439,1.1844,8.59,7.91
2020.11.16 17:35:42.827,1.1844,1.18441,0.75,11.66
2020.11.16 17:35:44.511,1.18439,1.18441,0.75,7.91
2020.11.16 17:35:44.762,1.18439,1.18442,0.75,1.50
2020.11.16 17:35:45.099,1.1844,1.18442,0.75,0.75
2020.11.16 17:35:47.389,1.18439,1.18442,5.44,0.75
2020.11.16 17:35:51.310,1.18438,1.1844,0.75,2.25
2020.11.16 17:35:51.412,1.18436,1.18438,0.75,0.75
2020.11.16 17:35:51.463,1.18437,1.1844,1.50,9.78
2020.11.16 17:35:51.878,1.18437,1.18439,0.75,1.12
2020.11.16 17:35:52.081,1.18437,1.1844,2.25,8.28
2020.11.16 17:35:52.183,1.18438,1.18441,1.50,0.75
2020.11.16 17:35:54.470,1.18439,1.18441,1.50,10.91
2020.11.16 17:35:56.351,1.1844,1.18441,0.75,8.66
2020.11.16 17:35:58.958,1.18439,1.1844,2.25,0.75
2020.11.16 17:36:00.743,1.18438,1.1844,8.59,0.75
2020.11.16 17:36:01.047,1.18437,1.18439,1.12,1.87
2020.11.16 17:36:01.149,1.18437,1.1844,3.56,8.66
2020.11.16 17:36:01.251,1.18439,1.1844,1.50,0.75
2020.11.16 17:36:01.729,1.18438,1.18442,1.50,10.53
2020.11.16 17:36:04.110,1.18437,1.1844,8.97,0.75
2020.11.16 17:36:04.212,1.18437,1.18441,2.44,10.91
2020.11.16 17:36:05.217,1.18437,1.1844,1.87,7.91
2020.11.16 17:36:05.999,1.18437,1.18441,1.87,9.41
2020.11.16 17:36:09.395,1.18437,1.1844,1.50,7.91
2020.11.16 17:36:11.081,1.18437,1.18441,1.50,17.28
2020.11.16 17:36:13.847,1.18438,1.18441,0.75,11.28
2020.11.16 17:36:13.999,1.18439,1.18441,9.72,10.61
2020.11.16 17:36:17.377,1.18439,1.1844,2.44,7.91
2020.11.16 17:36:17.705,1.18438,1.18442,2.44,10.53
2020.11.16 17:36:18.091,1.18438,1.18441,2.44,7.91
2020.11.16 17:36:18.192,1.18438,1.18442,9.53,10.53
2020.11.16 17:36:18.469,1.18439,1.18442,0.75,9.41
2020.11.16 17:36:19.485,1.18438,1.18441,7.84,0.75
2020.11.16 17:36:19.637,1.18438,1.18442,0.75,10.91
2020.11.16 17:36:23.520,1.18441,1.18442,5.44,12.41
2020.11.16 17:36:23.571,1.18442,1.18444,0.75,1.20
2020.11.16 17:36:23.623,1.1844,1.18443,8.22,1.50
2020.11.16 17:36:23.980,1.18439,1.18442,2.25,0.75
2020.11.16 17:36:29.110,1.1844,1.18443,6.94,9.03
2020.11.16 17:36:29.213,1.18441,1.18443,2.44,0.37
2020.11.16 17:36:29.314,1.18441,1.18444,1.50,3.37
2020.11.16 17:36:29.416,1.1844,1.18442,9.53,5.62
2020.11.16 17:36:30.256,1.18439,1.18442,2.44,7.91
2020.11.16 17:36:30.570,1.1844,1.18442,2.44,13.53
2020.11.16 17:36:32.365,1.18439,1.18442,2.44,7.91
2020.11.16 17:36:33.407,1.18439,1.18443,2.44,13.53
2020.11.16 17:36:34.178,1.18439,1.18442,1.69,7.91
2020.11.16 17:36:35.005,1.18439,1.18443,2.44,10.53
2020.11.16 17:36:35.756,1.18439,1.18442,2.44,7.91
2020.11.16 17:36:37.179,1.18439,1.18443,2.44,11.28
2020.11.16 17:36:37.284,1.18439,1.18442,2.44,7.91
2020.11.16 17:36:37.833,1.18439,1.18443,2.44,11.28
2020.11.16 17:36:38.352,1.1844,1.18443,0.94,1.87
2020.11.16 17:36:40.250,1.1844,1.18442,0.75,0.75
2020.11.16 17:36:47.780,1.18439,1.18442,1.69,1.50
2020.11.16 17:36:50.404,1.18439,1.18441,0.75,0.75
2020.11.16 17:37:03.177,1.18438,1.18441,2.06,0.75
2020.11.16 17:37:08.481,1.18436,1.18439,8.67,1.50
2020.11.16 17:37:08.633,1.18436,1.18438,0.37,0.75
2020.11.16 17:37:09.688,1.18435,1.18438,1.12,1.12
2020.11.16 17:37:16.369,1.18436,1.18438,0.37,8.66
2020.11.16 17:37:17.338,1.18435,1.18438,1.87,1.87
2020.11.16 17:37:20.891,1.18433,1.18435,0.37,0.75
2020.11.16 17:37:20.993,1.18433,1.18434,1.12,3.00
2020.11.16 17:37:21.095,1.18433,1.18435,0.75,9.41
2020.11.16 17:37:21.753,1.18431,1.18433,1.50,0.75
2020.11.16 17:37:21.855,1.1843,1.18433,2.06,8.66
2020.11.16 17:37:22.985,1.1843,1.18432,0.94,0.75
2020.11.16 17:37:23.434,1.18429,1.18431,0.75,1.50
2020.11.16 17:37:36.407,1.18429,1.1843,8.78,0.75
2020.11.16 17:37:38.199,1.18428,1.1843,1.12,2.25
2020.11.16 17:37:38.250,1.18425,1.18428,9.53,2.25
2020.11.16 17:37:40.272,1.18426,1.18428,1.50,8.66
2020.11.16 17:37:41.261,1.18427,1.18429,0.75,0.37
2020.11.16 17:37:41.363,1.18427,1.1843,1.12,10.53
2020.11.16 17:37:41.515,1.18427,1.18429,1.12,0.75
2020.11.16 17:37:44.306,1.18428,1.1843,0.75,9.78
2020.11.16 17:37:44.460,1.18427,1.1843,4.31,0.37
2020.11.16 17:37:44.789,1.18429,1.18431,0.75,13.16
2020.11.16 17:37:48.355,1.18431,1.18433,0.75,9.78
2020.11.16 17:37:48.457,1.18429,1.18433,10.28,3.75
2020.11.16 17:37:48.558,1.18429,1.18432,1.69,8.66
2020.11.16 17:37:49.604,1.18429,1.18431,0.94,7.91
2020.11.16 17:37:49.706,1.18429,1.18432,0.94,10.91
2020.11.16 17:37:52.907,1.18429,1.18431,0.75,0.37
2020.11.16 17:37:53.797,1.18429,1.18432,0.75,10.16
2020.11.16 17:37:54.145,1.1843,1.18432,0.19,7.91
2020.11.16 17:37:54.247,1.18431,1.18433,0.75,3.00
2020.11.16 17:37:54.299,1.18429,1.18432,0.94,3.00
2020.11.16 17:37:57.163,1.18431,1.18432,3.94,9.41
2020.11.16 17:37:57.555,1.18432,1.18434,0.75,0.75
2020.11.16 17:38:01.902,1.1843,1.18433,1.50,0.75
2020.11.16 17:38:02.055,1.18431,1.18433,0.37,1.50
2020.11.16 17:38:03.225,1.1843,1.18433,10.66,0.75
2020.11.16 17:38:15.201,1.18431,1.18433,0.75,0.75
2020.11.16 17:38:21.178,1.18431,1.18434,3.56,9.41
2020.11.16 17:38:21.281,1.18432,1.18435,5.81,9.41
2020.11.16 17:38:23.277,1.18431,1.18435,5.06,10.16
2020.11.16 17:38:23.379,1.18432,1.18433,0.19,4.50
2020.11.16 17:38:23.531,1.18431,1.18433,0.19,0.75
2020.11.16 17:38:25.100,1.1843,1.18433,2.62,1.50
2020.11.16 17:38:25.726,1.18429,1.18432,5.44,0.75
2020.11.16 17:38:25.878,1.18429,1.1843,0.75,1.50
2020.11.16 17:38:35.421,1.18429,1.18431,0.19,0.75
2020.11.16 17:38:38.531,1.18428,1.18431,1.69,8.66
2020.11.16 17:38:39.083,1.1843,1.18432,2.06,5.62
2020.11.16 17:38:39.186,1.18429,1.18431,3.94,0.75
2020.11.16 17:38:40.389,1.18429,1.18432,3.19,0.75
2020.11.16 17:38:40.599,1.18429,1.18431,1.69,0.75
2020.11.16 17:38:41.030,1.18428,1.18431,3.56,0.75
2020.11.16 17:38:41.878,1.18427,1.18431,5.44,10.16
2020.11.16 17:38:46.972,1.18428,1.18431,0.75,10.16
2020.11.16 17:38:57.524,1.18431,1.18433,0.94,0.75
2020.11.16 17:38:57.628,1.18431,1.18434,2.06,4.87
2020.11.16 17:38:58.320,1.18431,1.18435,9.53,14.28
2020.11.16 17:38:58.716,1.18432,1.18435,0.37,13.53
2020.11.16 17:38:58.886,1.18432,1.18434,0.37,0.75
2020.11.16 17:38:59.005,1.18432,1.18435,1.12,13.53
2020.11.16 17:38:59.117,1.18433,1.18435,2.25,8.66
2020.11.16 17:39:06.758,1.18433,1.18436,2.06,1.12
2020.11.16 17:39:44.817,1.18432,1.18436,2.25,10.16
2020.11.16 17:39:44.919,1.18431,1.18434,0.75,13.91
2020.11.16 17:39:45.021,1.1843,1.18433,0.75,8.28
2020.11.16 17:39:46.020,1.18429,1.18432,3.94,0.75
2020.11.16 17:39:49.162,1.1843,1.18432,0.37,0.75
2020.11.16 17:40:00.832,1.18427,1.1843,9.79,1.50
2020.11.16 17:40:00.933,1.18424,1.18426,14.97,0.75
2020.11.16 17:40:01.035,1.18424,1.18425,3.56,9.41
2020.11.16 17:40:05.547,1.18423,1.18425,0.75,0.75
2020.11.16 17:40:06.621,1.18422,1.18425,2.06,0.75
2020.11.16 17:40:06.828,1.18422,1.18424,0.37,1.50
2020.11.16 17:40:06.980,1.18422,1.18425,1.31,10.91
2020.11.16 17:40:07.267,1.18422,1.18424,0.37,7.91
2020.11.16 17:40:07.626,1.18422,1.18425,0.37,10.91
2020.11.16 17:40:09.237,1.18422,1.18424,0.37,0.75
2020.11.16 17:40:09.338,1.18422,1.18425,0.37,12.41
2020.11.16 17:40:13.472,1.18422,1.18424,0.37,0.75
2020.11.16 17:40:19.566,1.18421,1.18424,0.75,10.91
2020.11.16 17:40:19.668,1.1842,1.18422,0.37,0.75
2020.11.16 17:40:19.770,1.18418,1.18421,3.19,0.75
2020.11.16 17:40:19.872,1.18417,1.1842,11.22,0.75
2020.11.16 17:40:33.928,1.18419,1.18421,3.00,8.66
2020.11.16 17:40:34.030,1.1842,1.18422,0.19,1.87
2020.11.16 17:40:34.132,1.18419,1.18421,0.94,0.75
2020.11.16 17:40:34.233,1.18418,1.18421,1.31,10.16
2020.11.16 17:40:39.859,1.18418,1.1842,0.94,0.75
2020.11.16 17:40:41.123,1.18419,1.18421,0.19,9.41
2020.11.16 17:40:46.402,1.18418,1.18421,1.69,9.41
2020.11.16 17:40:50.847,1.18417,1.1842,3.19,0.75
2020.11.16 17:40:51.151,1.18418,1.1842,1.69,0.75
2020.11.16 17:40:53.336,1.18418,1.18421,0.94,10.16
2020.11.16 17:40:55.780,1.18418,1.1842,0.94,7.91
2020.11.16 17:40:57.194,1.18418,1.18421,0.94,10.16
2020.11.16 17:40:58.863,1.18418,1.1842,0.94,7.91
2020.11.16 17:40:59.378,1.18418,1.18421,2.44,9.41
2020.11.16 17:41:03.886,1.18418,1.1842,0.19,0.75
2020.11.16 17:41:05.126,1.18418,1.18419,2.81,0.75
2020.11.16 17:41:10.562,1.18418,1.1842,0.75,0.75
2020.11.16 17:41:11.856,1.18418,1.18421,1.69,10.16
2020.11.16 17:41:15.748,1.1842,1.18422,0.19,8.66
2020.11.16 17:41:15.850,1.18421,1.18424,0.94,1.12
2020.11.16 17:41:20.544,1.18422,1.18424,0.56,0.75
2020.11.16 17:41:27.625,1.18419,1.18421,7.47,0.75
2020.11.16 17:41:27.727,1.18418,1.18421,2.62,10.16
2020.11.16 17:41:33.414,1.18417,1.1842,8.59,0.75
2020.11.16 17:41:38.302,1.18418,1.1842,4.31,13.91
2020.11.16 17:41:40.506,1.18418,1.18419,3.94,0.75
2020.11.16 17:41:43.199,1.18418,1.1842,0.75,0.75
2020.11.16 17:41:47.443,1.18418,1.18421,3.19,4.50
2020.11.16 17:42:13.074,1.1842,1.18422,0.19,10.53
2020.11.16 17:42:13.176,1.18419,1.18422,1.12,9.41
2020.11.16 17:42:14.851,1.18418,1.18422,10.28,10.91
2020.11.16 17:42:17.201,1.18418,1.18421,1.50,7.91
2020.11.16 17:42:17.628,1.18419,1.18421,1.50,15.41
2020.11.16 17:42:18.474,1.18418,1.18421,1.50,7.91
2020.11.16 17:42:18.698,1.18418,1.18422,2.25,14.66
2020.11.16 17:42:24.708,1.18419,1.1842,10.28,0.75
2020.11.16 17:42:24.759,1.18421,1.18423,1.50,0.37
2020.11.16 17:42:24.810,1.18422,1.18425,0.75,5.70
2020.11.16 17:42:24.912,1.18421,1.18425,10.09,10.16
2020.11.16 17:42:25.316,1.18422,1.18425,0.75,2.25
2020.11.16 17:42:26.223,1.18422,1.18426,2.81,10.16
2020.11.16 17:42:27.007,1.18424,1.18426,3.00,7.91
2020.11.16 17:42:27.109,1.18426,1.18428,1.50,10.53
2020.11.16 17:42:27.211,1.18426,1.18429,1.12,8.66
2020.11.16 17:42:29.927,1.18425,1.18427,3.19,0.75
2020.11.16 17:42:30.029,1.18424,1.18427,1.69,2.25
2020.11.16 17:42:30.132,1.18424,1.18426,0.19,0.75
2020.11.16 17:42:31.068,1.18425,1.18427,0.19,2.25
2020.11.16 17:42:31.170,1.18425,1.18426,8.03,10.16
2020.11.16 17:42:32.547,1.18425,1.18427,0.19,0.75
2020.11.16 17:42:32.699,1.18424,1.18427,8.78,2.25
2020.11.16 17:42:32.801,1.18425,1.18427,0.19,2.25
2020.11.16 17:42:33.105,1.18425,1.18428,0.19,9.41
2020.11.16 17:42:34.751,1.18426,1.18429,1.50,9.03
2020.11.16 17:42:36.241,1.18425,1.18428,13.28,1.50
2020.11.16 17:42:38.999,1.18425,1.18427,0.75,0.75
2020.11.16 17:42:39.101,1.18424,1.18427,1.69,13.16
2020.11.16 17:42:39.203,1.18424,1.18426,1.31,0.75
2020.11.16 17:42:41.029,1.18425,1.18427,0.19,9.78
2020.11.16 17:42:41.181,1.18424,1.18427,8.03,1.50
2020.11.16 17:42:41.283,1.18425,1.18427,0.19,1.50
2020.11.16 17:42:41.385,1.18424,1.18427,8.03,1.50
2020.11.16 17:42:41.487,1.18425,1.18427,0.19,1.50
2020.11.16 17:42:41.588,1.18424,1.18427,0.94,1.50
2020.11.16 17:42:43.939,1.18425,1.18427,0.19,8.66
2020.11.16 17:42:44.040,1.18426,1.18428,0.75,8.28
2020.11.16 17:42:44.142,1.18426,1.18428,0.94,15.78
2020.11.16 17:42:44.243,1.18426,1.18428,0.94,7.91
2020.11.16 17:42:44.345,1.18426,1.18429,0.94,13.53
2020.11.16 17:42:57.923,1.18427,1.18429,2.62,11.28
2020.11.16 17:43:00.722,1.18431,1.18433,0.75,3.07
2020.11.16 17:43:00.774,1.18429,1.1843,3.56,8.66
2020.11.16 17:43:00.877,1.18429,1.18431,7.28,1.50
2020.11.16 17:43:01.232,1.1843,1.18433,0.94,10.16
2020.11.16 17:43:01.923,1.1843,1.18432,0.19,0.75
2020.11.16 17:43:05.278,1.18431,1.18433,0.75,9.41
2020.11.16 17:43:05.380,1.1843,1.18433,1.50,5.25
2020.11.16 17:43:15.243,1.18429,1.18432,9.53,0.75
2020.11.16 17:43:18.886,1.1843,1.18433,0.75,11.28
2020.11.16 17:43:19.140,1.18429,1.18433,3.56,11.28
2020.11.16 17:43:19.680,1.18429,1.18431,0.75,0.75
2020.11.16 17:43:19.783,1.18428,1.18431,2.62,1.50
2020.11.16 17:43:19.885,1.18428,1.1843,7.09,0.75
2020.11.16 17:43:19.987,1.18427,1.1843,2.25,0.75
2020.11.16 17:43:22.744,1.18427,1.18429,1.12,0.37
2020.11.16 17:43:22.795,1.18419,1.18422,4.50,0.75
2020.11.16 17:43:22.846,1.18417,1.1842,2.70,0.75
2020.11.16 17:43:22.947,1.18418,1.1842,3.56,10.53
2020.11.16 17:43:23.923,1.18417,1.1842,10.09,0.75
2020.11.16 17:43:24.024,1.18417,1.18419,0.75,0.75
2020.11.16 17:43:24.328,1.18416,1.18417,1.50,6.19
2020.11.16 17:43:24.379,1.18414,1.18418,11.78,3.00
2020.11.16 17:43:24.481,1.18416,1.18419,0.94,2.62
2020.11.16 17:43:24.583,1.18416,1.18417,0.94,2.25
2020.11.16 17:43:25.233,1.18416,1.18418,0.94,8.66
2020.11.16 17:43:32.230,1.18414,1.18416,0.75,1.50
2020.11.16 17:43:32.332,1.18414,1.18415,2.25,0.75
2020.11.16 17:43:32.788,1.18412,1.18415,12.34,0.75
2020.11.16 17:43:32.889,1.18412,1.18416,8.03,11.66
2020.11.16 17:43:33.222,1.18414,1.18416,0.19,0.75
2020.11.16 17:43:33.476,1.18413,1.18416,10.84,1.50
2020.11.16 17:43:33.577,1.18414,1.18416,8.59,1.50
2020.11.16 17:43:34.239,1.18416,1.18418,0.75,0.75
2020.11.16 17:43:34.341,1.18416,1.18419,0.75,10.16
2020.11.16 17:43:34.690,1.18415,1.18418,0.94,2.25
2020.11.16 17:43:35.208,1.18416,1.18418,0.94,8.66
2020.11.16 17:43:36.930,1.18416,1.18419,1.50,2.25
2020.11.16 17:43:37.133,1.18417,1.18419,0.75,7.91
2020.11.16 17:43:37.235,1.18416,1.1842,10.66,10.16
2020.11.16 17:43:37.337,1.18417,1.1842,7.84,5.25
2020.11.16 17:43:42.652,1.1842,1.18422,0.94,0.82
2020.11.16 17:43:42.906,1.18421,1.18422,0.56,12.41
2020.11.16 17:43:43.236,1.1842,1.18422,0.19,0.75
2020.11.16 17:43:43.337,1.1842,1.18423,0.94,13.16
2020.11.16 17:43:44.209,1.1842,1.18422,0.19,0.75
2020.11.16 17:43:45.047,1.1842,1.18423,0.94,13.16
2020.11.16 17:43:45.149,1.18418,1.18421,7.47,3.75
2020.11.16 17:43:45.760,1.18418,1.1842,0.37,0.75
2020.11.16 17:43:45.862,1.18418,1.18421,0.37,5.25
2020.11.16 17:43:46.169,1.18417,1.18421,9.91,13.16
2020.11.16 17:43:51.153,1.18417,1.18418,7.84,1.50
2020.11.16 17:43:56.272,1.18415,1.18418,3.94,0.75
2020.11.16 17:43:56.374,1.18416,1.18418,0.75,7.91
2020.11.16 17:43:56.477,1.18416,1.18419,1.50,9.41
2020.11.16 17:43:58.603,1.18416,1.1842,10.09,13.91
2020.11.16 17:44:00.474,1.18417,1.18418,10.09,7.91
2020.11.16 17:44:00.594,1.18416,1.1842,10.09,13.16
2020.11.16 17:44:00.701,1.18417,1.1842,7.09,13.16
2020.11.16 17:44:00.810,1.18416,1.1842,10.09,13.16
2020.11.16 17:44:02.157,1.18417,1.1842,9.91,1.50
2020.11.16 17:44:02.359,1.18421,1.18423,0.75,2.32
2020.11.16 17:44:05.473,1.1842,1.18422,7.09,4.50
2020.11.16 17:44:05.524,1.18418,1.18421,0.10,5.25
2020.11.16 17:44:05.625,1.18417,1.1842,1.12,0.75
2020.11.16 17:44:09.676,1.18418,1.1842,0.37,0.75
2020.11.16 17:44:10.695,1.18417,1.1842,1.12,0.75
2020.11.16 17:44:14.055,1.18418,1.18421,0.75,13.16
2020.11.16 17:44:14.168,1.18418,1.1842,0.75,0.75
2020.11.16 17:44:17.030,1.18419,1.18421,2.25,7.91
2020.11.16 17:44:17.577,1.18421,1.18422,3.56,9.03
2020.11.16 17:44:17.628,1.18422,1.18424,0.94,1.12
2020.11.16 17:44:18.602,1.1842,1.18422,7.28,0.75
2020.11.16 17:44:18.704,1.1842,1.18423,0.75,8.66
2020.11.16 17:44:20.326,1.18422,1.18423,1.69,0.75
2020.11.16 17:44:20.818,1.18421,1.18425,11.03,2.25
2020.11.16 17:44:20.919,1.18422,1.18425,0.75,2.25
2020.11.16 17:44:24.642,1.18422,1.18424,0.37,0.75
2020.11.16 17:44:28.542,1.18424,1.18425,2.62,8.66
2020.11.16 17:44:31.911,1.18422,1.18426,12.53,2.25
2020.11.16 17:44:32.770,1.18423,1.18426,0.37,2.25
2020.11.16 17:44:35.591,1.18423,1.18425,0.37,0.75
2020.11.16 17:44:35.693,1.18422,1.18425,0.37,6.00
2020.11.16 17:44:35.795,1.18421,1.18424,0.75,0.75
2020.11.16 17:44:35.947,1.1842,1.18424,11.41,1.50
2020.11.16 17:44:37.705,1.18422,1.18423,7.47,0.75
2020.11.16 17:44:44.309,1.1842,1.18422,7.09,0.75
2020.11.16 17:44:44.410,1.1842,1.18423,2.44,10.16
2020.11.16 17:44:44.512,1.18421,1.18423,0.75,0.75
2020.11.16 17:44:52.502,1.18422,1.18425,1.87,0.75
2020.11.16 17:44:52.928,1.18424,1.18426,2.25,8.66
2020.11.16 17:44:53.030,1.18425,1.18428,0.75,13.16
2020.11.16 17:44:53.131,1.18426,1.18429,1.50,9.41
2020.11.16 17:44:53.233,1.18423,1.18426,1.12,2.25
2020.11.16 17:44:53.638,1.18424,1.18426,7.09,1.50
2020.11.16 17:44:53.841,1.18423,1.18426,1.31,10.16
2020.11.16 17:44:54.434,1.18423,1.18425,0.19,0.75
2020.11.16 17:44:56.339,1.18425,1.18428,2.06,4.87
2020.11.16 17:44:56.491,1.18423,1.18426,10.09,0.75
2020.11.16 17:44:56.593,1.18424,1.18425,0.37,0.75
2020.11.16 17:44:58.283,1.18422,1.18425,11.03,0.75
2020.11.16 17:44:58.733,1.18423,1.18425,7.09,0.75
2020.11.16 17:44:58.885,1.18422,1.18425,10.66,0.75
2020.11.16 17:45:04.003,1.18423,1.18425,0.19,0.75
2020.11.16 17:45:04.982,1.18424,1.18426,3.19,8.66
2020.11.16 17:45:05.084,1.18423,1.18426,6.19,8.66
2020.11.16 17:45:10.712,1.18422,1.18425,13.84,0.75
2020.11.16 17:45:10.915,1.18422,1.18424,0.37,7.91
2020.11.16 17:45:11.017,1.18421,1.18424,1.12,9.41
2020.11.16 17:45:12.872,1.18422,1.18424,0.19,0.75
2020.11.16 17:45:13.726,1.18422,1.18425,0.19,2.25
2020.11.16 17:45:15.599,1.18423,1.18426,7.84,2.25
2020.11.16 17:45:18.745,1.18424,1.18426,0.19,8.66
2020.11.16 17:45:18.954,1.18424,1.18427,8.03,9.41
2020.11.16 17:45:19.316,1.18425,1.18427,7.09,1.50
2020.11.16 17:45:19.503,1.18425,1.18426,8.03,1.50
2020.11.16 17:45:20.067,1.18425,1.18427,7.09,1.50
2020.11.16 17:45:20.168,1.18424,1.18427,0.56,2.25
2020.11.16 17:45:22.799,1.18423,1.18425,7.66,0.75
2020.11.16 17:45:22.900,1.18421,1.18425,10.73,6.00
2020.11.16 17:45:23.153,1.18422,1.18425,7.09,9.41
2020.11.16 17:45:30.813,1.18422,1.18423,9.91,1.50
2020.11.16 17:45:30.914,1.18421,1.18424,2.44,0.75
2020.11.16 17:45:31.347,1.18421,1.18425,10.28,10.91
2020.11.16 17:45:31.646,1.18422,1.18425,0.94,10.91
2020.11.16 17:45:36.925,1.18423,1.18426,1.69,10.91
2020.11.16 17:45:37.078,1.18423,1.18425,9.53,0.75
2020.11.16 17:45:38.044,1.18422,1.18425,3.56,0.75
2020.11.16 17:45:39.205,1.18421,1.18425,6.94,9.41
2020.11.16 17:45:39.336,1.18421,1.18424,3.19,0.75
2020.11.16 17:45:40.885,1.1842,1.18422,9.34,0.75
2020.11.16 17:45:41.089,1.1842,1.18421,7.84,2.25
2020.11.16 17:45:42.248,1.1842,1.18422,0.19,2.25
2020.11.16 17:45:45.391,1.18418,1.18421,11.41,0.75
2020.11.16 17:45:45.493,1.18418,1.1842,7.47,0.75
2020.11.16 17:45:46.537,1.18417,1.1842,2.81,0.75
2020.11.16 17:45:49.459,1.18417,1.18419,3.94,10.16
2020.11.16 17:45:50.106,1.18414,1.18417,10.36,0.75
2020.11.16 17:45:50.593,1.18415,1.18417,2.62,0.75
2020.11.16 17:45:50.695,1.18415,1.18418,5.81,7.91
2020.11.16 17:45:50.797,1.18416,1.18419,1.50,9.41
2020.11.16 17:45:52.118,1.18418,1.18419,0.94,10.91
2020.11.16 17:45:52.219,1.18417,1.1842,0.94,10.16
2020.11.16 17:45:53.665,1.1841,1.18412,0.26,0.75
2020.11.16 17:45:53.767,1.18409,1.18411,0.75,1.50
2020.11.16 17:45:53.920,1.18408,1.1841,1.12,0.75
2020.11.16 17:45:54.073,1.18407,1.1841,0.56,10.16
2020.11.16 17:45:54.176,1.18406,1.1841,8.78,11.28
2020.11.16 17:45:54.279,1.18406,1.18409,0.19,10.16
2020.11.16 17:45:54.532,1.18406,1.18408,0.19,7.91
2020.11.16 17:45:54.684,1.18406,1.18409,0.19,10.16
2020.11.16 17:45:54.786,1.18405,1.18407,0.19,2.25
2020.11.16 17:45:59.062,1.18404,1.18406,7.09,0.75
2020.11.16 17:45:59.164,1.18403,1.18406,1.50,1.50
2020.11.16 17:45:59.555,1.18404,1.18406,3.19,7.91
2020.11.16 17:45:59.657,1.18405,1.18407,2.44,7.91
2020.11.16 17:45:59.758,1.18405,1.18408,2.44,0.75
2020.11.16 17:46:00.633,1.18405,1.18409,9.53,10.16
2020.11.16 17:46:02.038,1.18406,1.18409,0.75,9.41
2020.11.16 17:46:07.912,1.18405,1.18408,3.56,1.50
2020.11.16 17:46:09.017,1.18406,1.18408,0.37,9.41
2020.11.16 17:46:09.390,1.18405,1.18409,5.06,10.53
2020.11.16 17:46:10.151,1.18406,1.18409,0.37,10.16
2020.11.16 17:46:12.582,1.18402,1.18404,0.75,0.75
2020.11.16 17:46:12.684,1.18401,1.18403,1.12,1.50
2020.11.16 17:46:12.786,1.184,1.18403,10.69,9.41
2020.11.16 17:46:13.156,1.18401,1.18403,0.37,1.50
2020.11.16 17:46:13.466,1.18401,1.18404,1.12,2.25
2020.11.16 17:46:15.702,1.18402,1.18404,0.75,9.41
2020.11.16 17:46:15.753,1.18405,1.18407,0.75,1.95
2020.11.16 17:46:15.906,1.18406,1.1841,3.00,10.34
2020.11.16 17:46:16.007,1.18408,1.1841,0.75,0.19
2020.11.16 17:46:16.109,1.18409,1.18411,0.75,8.28
2020.11.16 17:46:16.211,1.1841,1.18412,0.75,9.41
2020.11.16 17:46:18.099,1.18409,1.18412,0.75,10.16
2020.11.16 17:46:18.201,1.18409,1.18411,0.75,7.91
2020.11.16 17:46:19.116,1.18409,1.18412,0.75,9.41
2020.11.16 17:46:19.320,1.18412,1.18414,0.75,0.75
2020.11.16 17:46:19.473,1.18412,1.18415,0.75,9.78
2020.11.16 17:46:19.953,1.18412,1.18414,0.75,7.91
2020.11.16 17:46:20.158,1.18412,1.18415,0.75,9.78
2020.11.16 17:46:20.410,1.18412,1.18414,0.75,7.91
2020.11.16 17:46:20.562,1.18412,1.18415,0.75,10.16
2020.11.16 17:46:22.214,1.18412,1.18414,0.75,0.75
2020.11.16 17:46:22.265,1.1841,1.18414,2.81,0.75
2020.11.16 17:46:22.366,1.1841,1.18413,0.75,0.75
2020.11.16 17:46:22.468,1.1841,1.18414,2.81,1.50
2020.11.16 17:46:23.273,1.18412,1.18414,0.75,1.50
2020.11.16 17:46:23.375,1.18411,1.18413,0.75,7.91
2020.11.16 17:46:23.427,1.18409,1.18412,7.84,1.50
2020.11.16 17:46:23.580,1.18409,1.18413,0.75,13.16
2020.11.16 17:46:23.733,1.18409,1.18412,0.75,0.75
2020.11.16 17:46:25.020,1.18408,1.18412,11.03,9.41
2020.11.16 17:46:25.122,1.18408,1.18411,7.09,1.50
2020.11.16 17:46:25.225,1.18407,1.18411,2.44,9.41
2020.11.16 17:46:28.674,1.18407,1.1841,8.78,0.75
2020.11.16 17:46:29.279,1.18405,1.18407,7.28,1.50
2020.11.16 17:46:32.153,1.18404,1.18407,0.56,1.50
2020.11.16 17:46:33.958,1.18405,1.18408,2.44,9.41
2020.11.16 17:46:34.061,1.18406,1.18408,3.94,8.66
2020.11.16 17:46:34.757,1.18406,1.18409,3.00,0.75
2020.11.16 17:46:36.029,1.18406,1.1841,3.00,10.16
2020.11.16 17:46:38.871,1.18406,1.18409,0.37,1.50
2020.11.16 17:46:40.803,1.18407,1.1841,1.50,9.41
2020.11.16 17:46:46.562,1.18406,1.1841,4.50,9.41
2020.11.16 17:46:47.629,1.18407,1.1841,0.37,9.41
2020.11.16 17:46:49.680,1.18407,1.18408,4.12,0.75
2020.11.16 17:46:54.353,1.18406,1.18409,3.00,1.50
2020.11.16 17:46:55.490,1.18407,1.18409,0.37,1.50
2020.11.16 17:47:01.067,1.18406,1.18409,4.50,0.75
2020.11.16 17:47:01.393,1.18407,1.18409,2.25,0.75
2020.11.16 17:47:01.530,1.18408,1.1841,1.50,1.12
2020.11.16 17:47:05.839,1.18407,1.1841,5.44,0.75
2020.11.16 17:47:07.465,1.18406,1.1841,2.62,2.25
2020.11.16 17:47:07.983,1.18407,1.1841,7.09,1.50
2020.11.16 17:47:08.085,1.18409,1.18411,0.75,9.78
2020.11.16 17:47:08.238,1.18408,1.18411,2.25,1.50
2020.11.16 17:47:10.075,1.18407,1.1841,10.28,0.75
2020.11.16 17:47:11.909,1.18407,1.18409,1.87,0.75
2020.11.16 17:47:14.346,1.18408,1.18409,1.87,9.41
2020.11.16 17:47:15.279,1.18407,1.18409,0.37,0.75
2020.11.16 17:47:15.330,1.18405,1.18409,13.43,1.50
2020.11.16 17:47:15.431,1.18406,1.18409,2.25,1.50
2020.11.16 17:47:15.688,1.18406,1.18408,1.50,0.75
2020.11.16 17:47:15.789,1.18406,1.18409,1.50,9.41
2020.11.16 17:47:17.766,1.18407,1.1841,3.37,10.16
2020.11.16 17:47:18.019,1.18408,1.1841,0.75,0.75
2020.11.16 17:47:18.270,1.18408,1.18411,2.25,9.78
2020.11.16 17:47:19.980,1.18409,1.18411,0.75,1.50
2020.11.16 17:47:20.388,1.18409,1.1841,3.19,1.50
2020.11.16 17:47:20.590,1.18407,1.1841,4.69,0.75
2020.11.16 17:47:22.853,1.18408,1.1841,1.69,0.75
2020.11.16 17:47:23.219,1.18407,1.1841,13.28,0.75
2020.11.16 17:47:27.675,1.18408,1.1841,1.50,1.50
2020.11.16 17:47:27.778,1.18408,1.18411,1.50,1.50
2020.11.16 17:47:28.010,1.18407,1.18411,13.66,1.50
2020.11.16 17:47:28.841,1.18407,1.1841,11.03,0.75
2020.11.16 17:47:33.979,1.18408,1.1841,0.75,1.50
2020.11.16 17:47:34.081,1.18407,1.1841,1.87,1.50
2020.11.16 17:47:39.649,1.18406,1.18409,1.50,0.75
2020.11.16 17:47:40.662,1.18407,1.18409,0.37,0.75
2020.11.16 17:47:40.883,1.18408,1.18409,0.37,1.50
2020.11.16 17:47:40.984,1.18408,1.1841,1.50,0.75
2020.11.16 17:47:42.167,1.18407,1.1841,2.25,0.75
2020.11.16 17:47:42.270,1.18405,1.18408,9.16,1.50
2020.11.16 17:47:42.372,1.18405,1.18407,0.37,0.75
2020.11.16 17:47:42.525,1.18406,1.18407,0.37,9.41
2020.11.16 17:47:43.250,1.18405,1.18407,8.22,0.75
2020.11.16 17:47:43.352,1.18405,1.18408,0.94,10.53
2020.11.16 17:47:44.236,1.18405,1.18407,1.12,0.75
2020.11.16 17:47:44.438,1.18405,1.18408,1.87,9.41
2020.11.16 17:47:45.236,1.18405,1.18407,8.22,0.75
2020.11.16 17:47:45.337,1.18405,1.18408,0.75,9.78
2020.11.16 17:47:46.226,1.18405,1.18407,0.75,0.75
2020.11.16 17:47:46.428,1.18405,1.18408,1.12,9.41
2020.11.16 17:47:47.250,1.18405,1.18407,1.12,0.75
2020.11.16 17:47:47.353,1.18405,1.18408,0.75,9.78
2020.11.16 17:47:48.215,1.18405,1.18407,0.75,1.50
2020.11.16 17:47:51.238,1.18405,1.18408,3.37,0.75
2020.11.16 17:47:52.046,1.18405,1.18407,0.75,1.50
2020.11.16 17:47:52.097,1.18402,1.18406,3.19,10.16
2020.11.16 17:47:52.198,1.18403,1.18406,0.75,10.16
2020.11.16 17:47:52.350,1.18403,1.18405,0.75,7.91
2020.11.16 17:47:53.194,1.18402,1.18405,2.81,0.75
2020.11.16 17:47:58.020,1.18403,1.18406,2.25,7.91
2020.11.16 17:48:00.646,1.18403,1.18407,0.75,15.03
2020.11.16 17:48:00.747,1.18403,1.18406,0.75,7.91
2020.11.16 17:48:00.907,1.18406,1.18408,0.75,1.87
2020.11.16 17:48:01.009,1.18405,1.18408,2.81,0.75
2020.11.16 17:48:01.111,1.18404,1.18406,7.09,1.50
2020.11.16 17:48:01.212,1.18405,1.18407,0.75,8.66
2020.11.16 17:48:01.314,1.18406,1.18408,0.75,8.66
2020.11.16 17:48:01.568,1.18406,1.18409,1.12,8.66
2020.11.16 17:48:02.568,1.18407,1.18409,0.37,0.75
2020.11.16 17:48:03.521,1.18408,1.1841,3.19,0.75
2020.11.16 17:48:03.572,1.1841,1.18412,2.44,0.75
2020.11.16 17:48:03.724,1.18409,1.18412,2.81,0.75
2020.11.16 17:48:03.826,1.18408,1.18411,9.16,0.75
2020.11.16 17:48:03.927,1.18409,1.18411,3.00,0.75
2020.11.16 17:48:04.231,1.18411,1.18413,1.50,9.03
2020.11.16 17:48:05.098,1.1841,1.18413,8.78,0.75
2020.11.16 17:48:05.952,1.18411,1.18414,1.50,9.78
2020.11.16 17:48:06.414,1.18409,1.18411,10.09,1.50
2020.11.16 17:48:08.459,1.18411,1.18413,0.75,9.03
2020.11.16 17:48:16.267,1.18411,1.18414,0.75,9.41
2020.11.16 17:48:18.908,1.18412,1.18414,0.75,0.75
2020.11.16 17:48:19.009,1.18413,1.18415,2.06,7.91
2020.11.16 17:48:19.060,1.18416,1.18417,3.37,9.41
2020.11.16 17:48:19.112,1.18417,1.18419,0.37,0.75
2020.11.16 17:48:20.205,1.18417,1.1842,1.87,9.78
2020.11.16 17:48:20.408,1.18419,1.18421,1.50,0.75
2020.11.16 17:48:20.510,1.18419,1.1842,0.75,1.50
2020.11.16 17:48:20.611,1.18417,1.1842,2.25,0.75
2020.11.16 17:48:24.003,1.18419,1.1842,0.75,10.53
2020.11.16 17:48:24.475,1.18417,1.1842,2.62,1.50
2020.11.16 17:48:30.947,1.1842,1.18422,2.25,7.91
2020.11.16 17:48:31.150,1.18421,1.18423,1.50,7.91
2020.11.16 17:48:31.302,1.18421,1.18424,1.50,1.50
2020.11.16 17:48:31.505,1.18423,1.18425,0.75,10.34
2020.11.16 17:48:32.240,1.18424,1.18426,1.12,12.97
2020.11.16 17:48:32.392,1.18424,1.18427,0.75,11.28
2020.11.16 17:48:32.494,1.18427,1.18429,0.75,7.91
2020.11.16 17:48:32.596,1.18428,1.1843,0.75,8.66
2020.11.16 17:48:36.776,1.18427,1.18429,0.37,0.75
2020.11.16 17:48:48.677,1.18428,1.1843,0.75,0.37
2020.11.16 17:48:51.692,1.18427,1.18429,0.37,0.75
2020.11.16 17:48:54.998,1.18427,1.1843,7.84,10.53
2020.11.16 17:49:00.909,1.18429,1.18432,1.76,1.50
2020.11.16 17:49:03.519,1.1843,1.18432,4.50,7.91
2020.11.16 17:49:03.621,1.1843,1.18433,9.34,0.75
2020.11.16 17:49:03.723,1.1843,1.18431,0.75,0.75
2020.11.16 17:49:07.435,1.18428,1.18432,11.86,1.87
2020.11.16 17:49:07.687,1.18428,1.18431,1.95,0.75
2020.11.16 17:49:08.518,1.18427,1.1843,8.59,0.75
2020.11.16 17:49:19.458,1.18428,1.1843,0.10,8.66
2020.11.16 17:49:21.044,1.18428,1.18431,0.75,9.41
2020.11.16 17:49:21.146,1.18427,1.18431,9.98,1.50
2020.11.16 17:49:21.298,1.18427,1.1843,8.22,0.75
2020.11.16 17:49:23.296,1.18427,1.18429,0.75,7.91
2020.11.16 17:49:23.845,1.18427,1.1843,1.12,8.66
2020.11.16 17:49:24.754,1.18428,1.1843,0.10,8.66
2020.11.16 17:49:25.007,1.18428,1.18431,0.82,10.16
2020.11.16 17:49:29.838,1.18429,1.18431,0.10,7.91
2020.11.16 17:49:29.939,1.18429,1.18432,1.50,8.66
2020.11.16 17:49:30.040,1.18429,1.18431,1.50,0.75
2020.11.16 17:49:30.802,1.18428,1.18431,8.29,0.75
2020.11.16 17:49:36.694,1.18429,1.18432,0.75,10.16
2020.11.16 17:49:36.896,1.18428,1.18432,8.67,10.91
2020.11.16 17:49:37.954,1.18428,1.18431,8.29,1.50
2020.11.16 17:49:38.258,1.18428,1.1843,0.75,7.91
2020.11.16 17:49:38.360,1.18428,1.18431,0.75,11.09
2020.11.16 17:49:38.766,1.18427,1.18431,14.67,8.66
2020.11.16 17:49:42.575,1.18427,1.1843,10.54,7.91
2020.11.16 17:49:44.369,1.18426,1.18429,7.84,4.69
2020.11.16 17:49:44.470,1.18426,1.18428,0.75,9.03
2020.11.16 17:49:44.673,1.18426,1.18429,0.75,9.41
2020.11.16 17:49:53.367,1.18423,1.18425,2.32,0.75
2020.11.16 17:49:53.469,1.18423,1.18426,1.95,8.66
2020.11.16 17:49:54.056,1.18424,1.18426,1.01,7.91
2020.11.16 17:49:54.569,1.18423,1.18426,1.95,0.75
2020.11.16 17:50:13.233,1.18424,1.18426,0.10,0.75
2020.11.16 17:50:13.851,1.18426,1.18428,0.82,1.12
2020.11.16 17:50:13.953,1.18426,1.18429,0.82,9.41
2020.11.16 17:50:18.293,1.18427,1.18429,0.82,7.91
2020.11.16 17:50:18.395,1.18428,1.1843,0.10,7.91
2020.11.16 17:50:18.497,1.18428,1.18431,0.10,11.28
2020.11.16 17:50:19.433,1.18427,1.18431,9.04,3.75
2020.11.16 17:50:21.478,1.18427,1.1843,1.95,7.91
2020.11.16 17:50:21.579,1.18427,1.18431,1.95,10.91
2020.11.16 17:50:22.059,1.18427,1.1843,1.20,7.91
2020.11.16 17:50:22.161,1.18426,1.18429,1.57,0.75
2020.11.16 17:50:22.263,1.18425,1.18427,7.09,2.25
2020.11.16 17:50:22.365,1.18424,1.18427,1.57,10.16
2020.11.16 17:50:27.852,1.18423,1.18427,1.57,13.53
2020.11.16 17:50:35.742,1.18423,1.18426,7.47,1.50
2020.11.16 17:50:36.846,1.18422,1.18424,3.37,0.75
2020.11.16 17:50:39.958,1.18424,1.18425,0.75,9.41
2020.11.16 17:50:43.413,1.18423,1.18424,0.75,0.75
2020.11.16 17:50:43.969,1.18423,1.18425,0.75,0.75
2020.11.16 17:50:50.849,1.18423,1.18424,0.75,0.75
2020.11.16 17:50:51.047,1.18422,1.18424,8.97,0.75
2020.11.16 17:50:51.159,1.18423,1.18424,0.75,0.75
2020.11.16 17:50:51.210,1.18421,1.18423,7.09,1.50
2020.11.16 17:50:51.312,1.1842,1.18422,0.94,0.75
2020.11.16 17:50:55.342,1.18421,1.18423,1.95,1.12
2020.11.16 17:50:55.444,1.18422,1.18424,1.87,1.12
2020.11.16 17:50:56.141,1.1842,1.18423,8.97,0.75
2020.11.16 17:50:56.243,1.1842,1.18422,0.75,0.75
2020.11.16 17:51:00.212,1.18419,1.1842,0.75,1.50
2020.11.16 17:51:00.315,1.18417,1.18418,8.22,3.00
2020.11.16 17:51:00.417,1.18416,1.18418,0.75,0.75
2020.11.16 17:51:00.673,1.18417,1.18419,0.75,0.75
2020.11.16 17:51:00.776,1.18416,1.18419,1.12,1.50
2020.11.16 17:51:00.981,1.18417,1.18419,0.82,0.75
2020.11.16 17:51:01.084,1.18418,1.1842,0.75,14.28
2020.11.16 17:51:07.137,1.18419,1.18421,0.75,0.75
2020.11.16 17:51:08.948,1.18419,1.1842,0.75,0.75
2020.11.16 17:51:12.169,1.18417,1.18421,2.70,1.50
2020.11.16 17:51:20.375,1.18416,1.1842,10.47,2.44
2020.11.16 17:51:20.527,1.18417,1.1842,0.75,9.41
2020.11.16 17:51:21.229,1.18416,1.18418,0.75,0.75
2020.11.16 17:51:21.331,1.18414,1.18417,7.84,2.25
2020.11.16 17:51:21.432,1.18413,1.18417,3.00,10.16
2020.11.16 17:51:21.533,1.18413,1.18416,3.00,0.75
2020.11.16 17:51:23.508,1.18414,1.18417,0.75,10.91
2020.11.16 17:51:24.640,1.18415,1.18417,0.94,8.66
2020.11.16 17:51:24.741,1.18416,1.18419,1.50,1.12
2020.11.16 17:51:24.843,1.18417,1.1842,0.75,10.16
2020.11.16 17:51:30.723,1.18415,1.18418,8.59,2.25
2020.11.16 17:51:30.825,1.18414,1.18415,3.00,1.50
2020.11.16 17:51:32.729,1.18414,1.18416,0.75,0.75
2020.11.16 17:51:33.889,1.18413,1.18416,8.59,0.75
2020.11.16 17:51:38.492,1.18414,1.18416,0.75,0.75
2020.11.16 17:51:41.065,1.18413,1.18416,8.97,1.50
2020.11.16 17:51:57.800,1.18413,1.18415,0.75,7.91
2020.11.16 17:51:57.901,1.18413,1.18416,0.75,10.91
2020.11.16 17:51:58.476,1.18413,1.18415,0.75,0.75
2020.11.16 17:52:02.572,1.18413,1.18416,0.75,10.16
2020.11.16 17:52:03.416,1.18414,1.18416,0.75,2.25
2020.11.16 17:52:03.720,1.18417,1.18418,2.25,9.41
2020.11.16 17:52:03.770,1.18418,1.18421,1.50,2.62
2020.11.16 17:52:05.187,1.18418,1.18422,1.50,12.98
2020.11.16 17:52:05.951,1.18419,1.18422,1.50,3.38
2020.11.16 17:52:09.681,1.18423,1.18425,0.75,3.45
2020.11.16 17:52:09.833,1.18423,1.18426,1.50,1.50
2020.11.16 17:52:10.838,1.18423,1.18425,1.50,7.91
2020.11.16 17:52:11.042,1.18423,1.18426,0.75,10.16
2020.11.16 17:52:11.689,1.18423,1.18425,3.00,11.10
2020.11.16 17:52:13.180,1.18422,1.18424,1.50,1.50
2020.11.16 17:52:13.282,1.1842,1.18423,8.22,0.75
2020.11.16 17:52:17.427,1.1842,1.18422,0.75,0.75
2020.11.16 17:52:19.250,1.18419,1.18422,7.09,2.25
2020.11.16 17:52:19.352,1.18417,1.1842,8.59,0.75
2020.11.16 17:52:20.817,1.18417,1.18419,0.75,7.91
2020.11.16 17:52:20.923,1.18417,1.1842,0.75,1.12
2020.11.16 17:52:32.226,1.18418,1.1842,3.37,10.16
2020.11.16 17:52:33.846,1.18417,1.1842,1.50,0.75
2020.11.16 17:52:36.454,1.18418,1.1842,0.75,0.75
2020.11.16 17:52:38.054,1.18417,1.1842,1.50,0.75
2020.11.16 17:52:38.156,1.18416,1.18418,0.75,0.75
2020.11.16 17:52:38.257,1.18415,1.18417,0.75,0.75
2020.11.16 17:52:38.510,1.18415,1.18418,0.75,12.03
2020.11.16 17:52:38.612,1.18414,1.18416,3.00,0.75
2020.11.16 17:52:51.731,1.18415,1.18417,1.69,8.66
2020.11.16 17:52:51.833,1.18415,1.18418,2.25,0.75
2020.11.16 17:52:51.934,1.18415,1.18417,1.50,0.75
2020.11.16 17:52:52.237,1.18414,1.18417,1.50,1.50
2020.11.16 17:52:52.338,1.18414,1.18416,0.75,0.75
2020.11.16 17:52:53.303,1.18413,1.18416,1.50,1.50
2020.11.16 17:52:59.954,1.18413,1.18415,8.59,0.75
2020.11.16 17:53:02.347,1.18412,1.18414,11.67,0.75
2020.11.16 17:53:04.409,1.18413,1.18415,1.50,0.37
2020.11.16 17:53:04.956,1.18413,1.18416,2.25,8.28
2020.11.16 17:53:05.058,1.18413,1.18415,9.34,0.75
2020.11.16 17:53:05.235,1.18414,1.18416,0.75,1.12
2020.11.16 17:53:05.387,1.18413,1.18416,10.47,0.75
2020.11.16 17:53:05.489,1.18414,1.18416,7.09,1.50
2020.11.16 17:53:06.225,1.18414,1.18417,7.09,2.62
2020.11.16 17:53:06.327,1.18413,1.18415,8.78,0.75
2020.11.16 17:53:07.071,1.18414,1.18416,7.84,0.37
2020.11.16 17:53:07.316,1.18413,1.18415,1.12,0.75
2020.11.16 17:53:07.569,1.18414,1.18416,1.50,0.37
2020.11.16 17:53:09.248,1.18413,1.18415,1.50,0.75
2020.11.16 17:53:11.347,1.18415,1.18416,0.75,9.03
2020.11.16 17:53:12.217,1.18413,1.18415,9.72,0.75
2020.11.16 17:53:12.976,1.18414,1.18416,0.75,0.37
2020.11.16 17:53:13.078,1.18414,1.18415,11.03,1.12
2020.11.16 17:53:13.331,1.18414,1.18416,0.75,0.37
2020.11.16 17:53:13.432,1.18413,1.18415,11.03,0.75
2020.11.16 17:53:15.468,1.18414,1.18415,11.03,0.37
2020.11.16 17:53:16.889,1.18416,1.18418,0.75,7.91
2020.11.16 17:53:16.990,1.18416,1.18419,0.75,1.12
2020.11.16 17:53:17.395,1.18418,1.18419,0.75,9.78
2020.11.16 17:53:21.476,1.18416,1.18418,2.25,0.75
2020.11.16 17:53:42.164,1.18417,1.18419,0.37,0.75
2020.11.16 17:53:53.453,1.18416,1.18419,3.00,0.75
2020.11.16 17:54:03.036,1.18417,1.18419,0.75,0.75
2020.11.16 17:54:03.137,1.18416,1.18419,9.72,0.75
2020.11.16 17:54:20.080,1.18416,1.18418,0.75,0.75
2020.11.16 17:54:20.182,1.18415,1.18417,0.10,1.12
2020.11.16 17:54:20.992,1.18416,1.18418,2.32,1.12
2020.11.16 17:54:23.919,1.18418,1.18419,1.12,10.34
2020.11.16 17:54:25.109,1.18417,1.18419,1.12,0.75
2020.11.16 17:54:25.211,1.18415,1.18417,7.84,0.75
2020.11.16 17:54:25.313,1.18414,1.18417,1.65,8.66
2020.11.16 17:54:26.974,1.18415,1.18417,1.01,0.37
2020.11.16 17:54:27.076,1.18415,1.18418,1.01,0.37
2020.11.16 17:54:27.837,1.18416,1.18418,0.75,8.28
2020.11.16 17:54:27.938,1.18415,1.18418,1.01,0.37
2020.11.16 17:54:28.040,1.18415,1.18419,8.11,4.12
2020.11.16 17:54:28.886,1.18415,1.18418,8.11,7.91
2020.11.16 17:54:28.987,1.18415,1.18419,1.01,12.03
2020.11.16 17:54:29.419,1.18415,1.18418,8.11,7.91
2020.11.16 17:54:29.520,1.18415,1.18419,8.11,12.03
2020.11.16 17:54:30.169,1.18416,1.18419,0.10,11.66
2020.11.16 17:54:31.357,1.18416,1.18418,0.10,8.66
2020.11.16 17:54:31.458,1.18415,1.18417,0.10,0.75
2020.11.16 17:54:32.618,1.18414,1.18417,7.17,1.87
2020.11.16 17:54:32.720,1.18414,1.18415,9.79,1.50
2020.11.16 17:54:32.771,1.18412,1.18415,11.97,1.50
2020.11.16 17:54:35.854,1.18411,1.18415,14.29,2.25
2020.11.16 17:54:37.114,1.18412,1.18415,0.75,10.91
2020.11.16 17:54:37.215,1.18411,1.18415,10.92,3.00
2020.11.16 17:54:39.342,1.18412,1.18415,0.45,10.16
2020.11.16 17:54:39.494,1.18414,1.18416,2.35,15.59
2020.11.16 17:54:39.647,1.18415,1.18417,0.10,1.87
2020.11.16 17:54:40.776,1.18414,1.18417,0.26,1.50
2020.11.16 17:54:42.975,1.18415,1.18418,0.82,2.62
2020.11.16 17:54:43.129,1.18415,1.18419,10.54,9.41
2020.11.16 17:54:43.333,1.18417,1.18419,0.75,9.41
2020.11.16 17:54:43.444,1.18416,1.18419,7.09,1.50
2020.11.16 17:54:43.965,1.18415,1.18419,9.79,1.50
2020.11.16 17:54:46.024,1.18415,1.18418,0.10,1.87
2020.11.16 17:54:46.127,1.18413,1.18415,0.10,1.50
2020.11.16 17:54:46.230,1.18412,1.18415,1.12,2.44
2020.11.16 17:54:49.514,1.18413,1.18415,0.75,1.50
2020.11.16 17:54:49.666,1.18412,1.18415,8.29,1.50
2020.11.16 17:54:52.614,1.18413,1.18415,0.75,1.50
2020.11.16 17:54:52.773,1.18412,1.18415,9.04,1.50
2020.11.16 17:54:55.715,1.18413,1.18415,0.75,1.50
2020.11.16 17:54:55.866,1.18412,1.18415,9.42,1.50
2020.11.16 17:54:57.457,1.18413,1.18415,0.75,0.75
2020.11.16 17:54:58.461,1.18412,1.18415,11.29,0.75
2020.11.16 17:54:58.837,1.18414,1.18416,0.75,1.12
2020.11.16 17:54:58.939,1.18413,1.18415,7.09,0.75
2020.11.16 17:54:59.611,1.18413,1.18416,7.92,1.50
2020.11.16 17:55:04.087,1.18412,1.18416,10.92,10.16
2020.11.16 17:55:04.863,1.18412,1.18415,8.97,5.44
2020.11.16 17:55:05.117,1.18411,1.18413,7.47,1.50
2020.11.16 17:55:19.329,1.18408,1.1841,1.20,1.50
2020.11.16 17:55:19.431,1.18407,1.1841,1.87,9.41
2020.11.16 17:55:19.533,1.18406,1.18409,0.82,1.50
2020.11.16 17:55:29.824,1.18407,1.18409,0.37,8.66
2020.11.16 17:55:29.925,1.18406,1.18409,1.87,0.75
2020.11.16 17:55:39.851,1.18406,1.18407,8.59,2.25
2020.11.16 17:55:39.952,1.18404,1.18407,1.76,0.75
2020.11.16 17:55:40.792,1.18405,1.18408,2.32,9.41
2020.11.16 17:55:40.995,1.18406,1.18409,0.75,1.12
2020.11.16 17:55:44.641,1.18405,1.18407,7.09,2.25
2020.11.16 17:55:44.692,1.18404,1.18406,9.49,10.91
2020.11.16 17:55:44.794,1.18403,1.18406,0.82,0.75
2020.11.16 17:55:44.895,1.18403,1.18404,1.20,9.41
2020.11.16 17:55:47.378,1.18403,1.18405,0.10,1.50
2020.11.16 17:55:47.480,1.18402,1.18405,1.87,1.50
2020.11.16 17:55:47.581,1.18403,1.18405,0.10,1.50
2020.11.16 17:55:47.817,1.18402,1.18405,8.22,1.50
2020.11.16 17:55:58.651,1.18403,1.18405,0.10,0.75
2020.11.16 17:56:01.408,1.18402,1.18405,9.42,0.75
2020.11.16 17:56:05.731,1.18402,1.18404,0.37,0.75
2020.11.16 17:56:06.682,1.18401,1.18404,10.17,0.75
2020.11.16 17:56:07.746,1.18402,1.18404,0.37,0.75
2020.11.16 17:56:13.391,1.18406,1.18408,0.82,0.82
2020.11.16 17:56:13.493,1.18406,1.18409,9.61,0.75
2020.11.16 17:56:13.595,1.18408,1.18409,0.82,1.87
2020.11.16 17:56:13.979,1.18407,1.18409,0.26,0.75
2020.11.16 17:56:19.511,1.18408,1.1841,0.75,1.50
2020.11.16 17:56:26.791,1.18407,1.1841,9.04,1.50
2020.11.16 17:56:27.718,1.18408,1.1841,0.10,1.50
2020.11.16 17:56:29.150,1.18407,1.1841,8.29,1.50
2020.11.16 17:56:32.069,1.18411,1.18413,0.10,2.32
2020.11.16 17:56:32.121,1.18409,1.18411,1.87,8.66
2020.11.16 17:56:32.671,1.18409,1.1841,7.09,1.50
2020.11.16 17:56:32.774,1.18407,1.1841,2.51,0.75
2020.11.16 17:56:33.179,1.18408,1.1841,0.75,0.75
2020.11.16 17:56:33.695,1.18407,1.1841,9.98,0.75
2020.11.16 17:56:35.413,1.18408,1.1841,7.09,0.75
2020.11.16 17:56:35.976,1.18409,1.1841,8.67,1.50
2020.11.16 17:56:36.077,1.18409,1.18411,0.75,0.75
2020.11.16 17:56:38.020,1.18411,1.18413,0.75,1.12
2020.11.16 17:56:41.162,1.18411,1.18414,2.32,2.25
2020.11.16 17:56:41.336,1.18412,1.18414,0.10,1.50
2020.11.16 17:56:50.605,1.18415,1.18417,0.75,1.31
2020.11.16 17:56:50.707,1.18416,1.18419,1.12,10.53
2020.11.16 17:56:53.434,1.18417,1.18418,11.29,0.94
2020.11.16 17:56:53.536,1.18417,1.18418,11.29,0.94
2020.11.16 17:56:53.637,1.18417,1.18419,7.09,0.94
2020.11.16 17:56:56.437,1.18416,1.18419,12.04,0.94
2020.11.16 17:56:56.996,1.18417,1.18419,7.09,0.94
2020.11.16 17:56:58.979,1.18416,1.18419,10.84,0.94
2020.11.16 17:57:01.532,1.18415,1.18418,9.42,0.75
2020.11.16 17:57:01.634,1.18416,1.18419,0.75,9.78
2020.11.16 17:57:01.837,1.18414,1.18417,11.29,0.75
2020.11.16 17:57:01.938,1.18414,1.18416,7.17,0.75
2020.11.16 17:57:02.343,1.18414,1.18417,0.75,9.41
2020.11.16 17:57:02.445,1.18414,1.18416,7.92,0.75
2020.11.16 17:57:02.546,1.18414,1.18417,0.82,1.50
2020.11.16 17:57:03.357,1.18414,1.18416,0.10,0.75
2020.11.16 17:57:04.641,1.18414,1.18417,1.57,1.50
2020.11.16 17:57:04.742,1.18415,1.18417,1.95,7.91
2020.11.16 17:57:04.844,1.18415,1.18418,8.67,1.12
2020.11.16 17:57:05.249,1.18415,1.18417,7.17,1.50
2020.11.16 17:57:06.240,1.18414,1.18416,7.92,0.75
2020.11.16 17:57:07.332,1.18413,1.18416,9.98,0.75
2020.11.16 17:57:07.434,1.18412,1.18414,8.29,0.75
2020.11.16 17:57:07.636,1.18411,1.18414,10.73,0.75
2020.11.16 17:57:11.905,1.18412,1.18414,7.09,0.75
2020.11.16 17:57:12.130,1.18411,1.18414,11.11,0.75
2020.11.16 17:57:12.525,1.18412,1.18414,0.10,0.75
2020.11.16 17:57:12.627,1.18413,1.18415,0.82,0.75
2020.11.16 17:57:13.086,1.18414,1.18417,2.70,2.25
2020.11.16 17:57:13.187,1.18414,1.18416,8.67,0.75
2020.11.16 17:57:13.389,1.18414,1.18417,9.42,1.50
2020.11.16 17:57:17.197,1.18415,1.18417,0.10,0.75
2020.11.16 17:57:17.299,1.18414,1.18416,7.09,0.75
2020.11.16 17:57:17.402,1.18413,1.18416,9.42,0.75
2020.11.16 17:57:17.878,1.18413,1.18414,7.47,2.44
2020.11.16 17:57:20.695,1.18413,1.18415,0.10,1.50
2020.11.16 17:57:24.545,1.18415,1.18417,0.82,0.37
2020.11.16 17:57:24.647,1.18416,1.18418,0.10,1.50
2020.11.16 17:57:24.850,1.18415,1.18418,8.22,0.75
2020.11.16 17:57:24.951,1.18415,1.18417,7.09,0.75
2020.11.16 17:57:25.052,1.18414,1.18417,9.42,0.75
2020.11.16 17:57:25.154,1.18416,1.18418,0.10,1.50
2020.11.16 17:57:25.487,1.18415,1.18418,7.84,1.50
2020.11.16 17:57:26.307,1.18414,1.18417,10.73,0.75
2020.11.16 17:57:27.257,1.18415,1.18418,1.57,2.25
2020.11.16 17:57:27.358,1.18416,1.18418,0.75,1.50
2020.11.16 17:57:27.460,1.18414,1.18417,15.23,0.75
2020.11.16 17:57:27.892,1.18415,1.18417,7.09,0.75
2020.11.16 17:57:28.356,1.18414,1.18417,13.73,0.75
2020.11.16 17:57:28.461,1.18415,1.18417,7.09,0.75
2020.11.16 17:57:30.131,1.18414,1.18417,13.54,0.75
2020.11.16 17:57:32.472,1.18415,1.18417,7.09,0.10
2020.11.16 17:57:32.674,1.18415,1.18418,7.84,1.57
2020.11.16 17:57:32.776,1.18415,1.18417,8.59,0.10
2020.11.16 17:57:32.878,1.18415,1.18418,12.34,0.82
2020.11.16 17:57:34.524,1.18415,1.18417,7.09,0.75
2020.11.16 17:57:34.625,1.18414,1.18417,8.97,0.75
2020.11.16 17:57:46.250,1.18414,1.18416,8.67,0.75
2020.11.16 17:57:50.364,1.18415,1.18418,0.82,10.16
2020.11.16 17:57:50.567,1.18416,1.18418,0.10,1.12
2020.11.16 17:57:52.894,1.18417,1.18419,0.10,1.50
2020.11.16 17:57:56.670,1.1842,1.18422,1.69,1.95
2020.11.16 17:57:56.771,1.18421,1.18423,0.82,8.66
2020.11.16 17:57:57.025,1.18421,1.18424,7.92,2.25
2020.11.16 17:57:58.105,1.18422,1.18424,0.10,1.50
2020.11.16 17:57:58.906,1.18418,1.18421,1.87,0.75
2020.11.16 17:57:59.009,1.18418,1.18421,9.61,0.75
2020.11.16 17:57:59.430,1.18419,1.18421,7.09,1.50
2020.11.16 17:57:59.787,1.18418,1.18421,8.86,1.50
2020.11.16 17:58:00.109,1.18419,1.18421,7.09,0.75
2020.11.16 17:58:00.211,1.18418,1.1842,7.36,0.75
2020.11.16 17:58:02.206,1.18419,1.18421,8.85,12.78
2020.11.16 17:58:03.511,1.18418,1.18421,8.86,1.50
2020.11.16 17:58:03.641,1.18419,1.18421,7.09,1.50
2020.11.16 17:58:04.204,1.18419,1.18422,7.92,3.00
2020.11.16 17:58:04.305,1.1842,1.18422,0.75,0.75
2020.11.16 17:58:04.407,1.18421,1.18423,7.09,1.50
2020.11.16 17:58:04.509,1.1842,1.18423,8.86,1.50
2020.11.16 17:58:05.293,1.18421,1.18424,2.70,1.50
2020.11.16 17:58:05.598,1.18422,1.18424,7.09,1.50
2020.11.16 17:58:05.750,1.18421,1.18424,12.04,1.50
2020.11.16 17:58:05.876,1.18422,1.18424,7.09,1.50
2020.11.16 17:58:07.782,1.18421,1.18424,10.17,1.50
2020.11.16 17:58:09.290,1.18422,1.18424,0.37,1.50
2020.11.16 17:58:13.391,1.18421,1.18424,9.72,1.50
2020.11.16 17:58:23.802,1.18421,1.18423,0.75,0.75
2020.11.16 17:58:23.903,1.18421,1.18424,0.82,1.50
2020.11.16 17:58:29.392,1.1842,1.18422,0.45,1.50
2020.11.16 17:58:29.494,1.18419,1.18421,0.75,0.75
2020.11.16 17:58:29.595,1.18418,1.18421,0.75,1.50
2020.11.16 17:58:32.667,1.18419,1.18422,1.20,12.78
2020.11.16 17:58:32.718,1.18426,1.18428,0.10,0.94
2020.11.16 17:58:32.820,1.18426,1.18429,1.57,1.69
2020.11.16 17:58:32.922,1.18427,1.18429,0.75,0.19
2020.11.16 17:58:42.159,1.18428,1.18429,9.42,0.19
2020.11.16 17:58:44.762,1.18427,1.1843,8.29,2.44
2020.11.16 17:58:47.579,1.18427,1.18429,0.82,0.19
2020.11.16 17:59:04.086,1.18426,1.18428,0.75,7.01
2020.11.16 17:59:04.187,1.18423,1.18426,7.84,0.82
2020.11.16 17:59:09.046,1.18423,1.18425,0.75,0.37
2020.11.16 17:59:09.249,1.18423,1.18426,0.75,5.81
2020.11.16 17:59:12.334,1.18423,1.18425,0.75,0.10
2020.11.16 17:59:13.450,1.18423,1.18426,0.75,0.82
2020.11.16 17:59:13.710,1.18424,1.18426,0.75,0.10
2020.11.16 17:59:13.912,1.18424,1.18427,11.78,0.82
2020.11.16 17:59:13.963,1.18426,1.18428,0.75,0.10
2020.11.16 17:59:14.065,1.18426,1.18429,0.75,4.12
2020.11.16 17:59:25.925,1.18426,1.18428,1.50,0.10
2020.11.16 17:59:28.021,1.18427,1.1843,1.50,12.78
2020.11.16 17:59:28.883,1.18427,1.18429,0.75,7.91
2020.11.16 17:59:30.874,1.18426,1.18428,0.75,6.00
2020.11.16 17:59:30.976,1.18425,1.18427,1.12,7.98
2020.11.16 17:59:32.269,1.18426,1.18428,0.75,1.20
2020.11.16 17:59:32.372,1.18424,1.18426,6.82,2.35
2020.11.16 17:59:32.475,1.18425,1.18427,1.50,1.50
2020.11.16 17:59:33.945,1.18424,1.18426,1.12,0.82
2020.11.16 17:59:37.577,1.18423,1.18425,8.22,0.10
2020.11.16 17:59:37.678,1.18423,1.18426,1.50,15.97
2020.11.16 17:59:37.780,1.18423,1.18425,1.50,0.37
2020.11.16 17:59:39.061,1.18422,1.18424,0.37,0.75
2020.11.16 17:59:39.163,1.18422,1.18423,0.75,2.25
2020.11.16 17:59:39.902,1.1842,1.18422,8.22,0.82
2020.11.16 17:59:40.004,1.18418,1.1842,2.62,0.10
2020.11.16 17:59:47.732,1.18417,1.1842,8.59,0.82
2020.11.16 17:59:47.834,1.18417,1.18419,0.75,0.10
2020.11.16 17:59:56.664,1.18417,1.1842,1.69,0.82
2020.11.16 17:59:56.918,1.18418,1.1842,0.75,0.82
2020.11.16 17:59:57.528,1.18417,1.1842,11.41,0.82
