2019.04.30 22:00:00.128,1.12148,1.12158,820000,370000
2019.04.30 22:00:00.283,1.12148,1.12159,1120000,370000
2019.04.30 22:00:00.386,1.12148,1.1216,100000,370000
2019.04.30 22:00:00.489,1.12148,1.12159,370000,370000
2019.04.30 22:00:00.640,1.12148,1.1216,1570000,370000
2019.04.30 22:00:00.743,1.12148,1.12159,100000,370000
2019.04.30 22:00:00.846,1.12148,1.12155,100000,370000
2019.04.30 22:00:00.948,1.12148,1.12157,820000,370000
2019.04.30 22:00:01.050,1.12148,1.12156,100000,370000
2019.04.30 22:00:01.155,1.12148,1.12156,760000,370000
2019.04.30 22:00:01.257,1.12148,1.12154,100000,370000
2019.04.30 22:00:01.867,1.12148,1.12153,1200000,370000
2019.04.30 22:00:03.221,1.12146,1.12153,450000,560000
2019.04.30 22:00:03.323,1.12147,1.12153,820000,180000
2019.04.30 22:00:03.425,1.12147,1.12152,450000,180000
2019.04.30 22:00:03.476,1.12147,1.1215,750000,180000
2019.04.30 22:00:03.578,1.12143,1.12147,750000,190000
2019.04.30 22:00:03.681,1.12142,1.12147,820000,570000
2019.04.30 22:00:03.889,1.12142,1.12146,1200000,190000
2019.04.30 22:00:04.017,1.12142,1.12145,820000,190000
2019.04.30 22:00:04.170,1.12142,1.12146,1200000,190000
2019.04.30 22:00:04.436,1.12142,1.12145,100000,190000
2019.04.30 22:00:04.537,1.12142,1.12146,1200000,190000
2019.04.30 22:00:04.991,1.12144,1.12146,450000,2250000
2019.04.30 22:00:05.202,1.12145,1.12146,1200000,750000
2019.04.30 22:00:05.348,1.12144,1.12146,750000,2250000
2019.04.30 22:00:05.500,1.12145,1.12146,820000,750000
2019.04.30 22:00:05.957,1.12144,1.12146,750000,2250000
2019.04.30 22:00:06.110,1.12144,1.12147,750000,2250000
2019.04.30 22:00:06.416,1.12144,1.12146,100000,2250000
2019.04.30 22:00:06.544,1.12145,1.12146,100000,750000
2019.04.30 22:00:06.646,1.12144,1.12147,1200000,2250000
2019.04.30 22:00:07.363,1.12144,1.12146,100000,2250000
2019.04.30 22:00:07.465,1.12145,1.12147,100000,750000
2019.04.30 22:00:07.517,1.12144,1.12149,820000,2250000
2019.04.30 22:00:07.619,1.12144,1.12147,820000,2250000
2019.04.30 22:00:08.664,1.12144,1.12148,1200000,3000000
2019.04.30 22:00:08.766,1.12144,1.12147,100000,2250000
2019.04.30 22:00:09.155,1.12145,1.12148,450000,1500000
2019.04.30 22:00:09.257,1.12145,1.12147,750000,1500000
2019.04.30 22:00:09.858,1.12145,1.12148,1200000,1500000
2019.04.30 22:00:13.303,1.12144,1.12149,750000,2250000
2019.04.30 22:00:13.509,1.12145,1.12148,750000,750000
2019.04.30 22:00:13.611,1.12144,1.12149,1500000,3000000
2019.04.30 22:00:14.484,1.12143,1.12149,750000,370000
2019.04.30 22:00:14.586,1.12142,1.12149,1500000,2050000
2019.04.30 22:00:14.728,1.12143,1.12149,750000,370000
2019.04.30 22:00:14.882,1.12142,1.1215,4310000,550000
2019.04.30 22:00:14.984,1.12142,1.12149,750000,370000
2019.04.30 22:00:15.086,1.12142,1.1215,4390000,370000
2019.04.30 22:00:15.239,1.12142,1.12149,750000,370000
2019.04.30 22:00:15.341,1.12142,1.1215,3560000,180000
2019.04.30 22:00:15.445,1.12142,1.12149,190000,180000
2019.04.30 22:00:15.599,1.1214,1.12149,560000,1320000
2019.04.30 22:00:15.703,1.12141,1.12149,560000,570000
2019.04.30 22:00:15.806,1.1214,1.12149,560000,1320000
2019.04.30 22:00:16.256,1.1214,1.12148,1500000,2070000
2019.04.30 22:00:16.358,1.1214,1.12149,3560000,570000
2019.04.30 22:00:16.460,1.1214,1.12148,750000,570000
2019.04.30 22:00:17.099,1.1214,1.12147,190000,190000
2019.04.30 22:00:17.446,1.12141,1.12147,190000,370000
2019.04.30 22:00:17.644,1.1214,1.12147,190000,1690000
2019.04.30 22:00:17.746,1.12141,1.12147,190000,750000
2019.04.30 22:00:18.407,1.12141,1.12149,2440000,1120000
2019.04.30 22:00:18.561,1.1214,1.12149,190000,6000000
2019.04.30 22:00:18.663,1.12141,1.12149,190000,1120000
2019.04.30 22:00:18.923,1.12142,1.12149,190000,750000
2019.04.30 22:00:22.703,1.12141,1.12149,190000,1120000
2019.04.30 22:00:26.009,1.12142,1.12149,940000,370000
2019.04.30 22:00:29.450,1.12141,1.12149,190000,370000
2019.04.30 22:00:29.552,1.12141,1.12148,370000,940000
2019.04.30 22:00:29.655,1.1214,1.12149,190000,3190000
2019.04.30 22:00:30.597,1.12141,1.12149,1310000,3190000
2019.04.30 22:00:31.107,1.1214,1.12149,190000,3940000
2019.04.30 22:00:31.934,1.12141,1.12149,940000,2250000
2019.04.30 22:00:32.577,1.1214,1.12149,190000,3940000
2019.04.30 22:00:32.861,1.12141,1.12149,1310000,3190000
2019.04.30 22:00:32.963,1.1214,1.12149,190000,3190000
2019.04.30 22:00:34.000,1.12151,1.12152,1500000,750000
2019.04.30 22:00:34.080,1.12154,1.12156,1120000,750000
2019.04.30 22:00:34.184,1.1215,1.12158,5250000,1500000
2019.04.30 22:00:34.490,1.12151,1.12157,370000,750000
2019.04.30 22:00:34.592,1.1215,1.12158,3000000,2250000
2019.04.30 22:00:35.010,1.12151,1.12157,2250000,750000
2019.04.30 22:00:35.132,1.1215,1.12158,3000000,1500000
2019.04.30 22:00:35.185,1.1215,1.12153,750000,350000
2019.04.30 22:00:35.287,1.12148,1.12155,750000,1500000
2019.04.30 22:00:36.179,1.12149,1.12155,1500000,750000
2019.04.30 22:00:36.304,1.12148,1.12155,750000,3000000
2019.04.30 22:00:36.470,1.12149,1.12154,750000,750000
2019.04.30 22:00:37.132,1.12148,1.12155,750000,3750000
2019.04.30 22:00:37.684,1.12149,1.12155,1500000,750000
2019.04.30 22:00:38.280,1.1215,1.12156,750000,1500000
2019.04.30 22:00:38.382,1.1215,1.12157,2620000,1500000
2019.04.30 22:00:38.499,1.12151,1.12156,740000,750000
2019.04.30 22:00:38.601,1.1215,1.12157,2620000,1500000
2019.04.30 22:00:38.829,1.12151,1.12156,750000,750000
2019.04.30 22:00:39.043,1.1215,1.12157,3370000,1500000
2019.04.30 22:00:39.144,1.12151,1.12156,2250000,750000
2019.04.30 22:00:39.660,1.1215,1.12157,3740000,1500000
2019.04.30 22:00:40.662,1.12149,1.12157,2620000,3000000
2019.04.30 22:00:40.765,1.1215,1.12156,2250000,750000
2019.04.30 22:00:40.868,1.12149,1.12157,3740000,2250000
2019.04.30 22:00:41.191,1.1215,1.12156,2250000,750000
2019.04.30 22:00:41.892,1.12149,1.12156,1120000,1500000
2019.04.30 22:00:42.205,1.1215,1.12155,750000,750000
2019.04.30 22:00:42.307,1.12149,1.12156,1120000,1500000
2019.04.30 22:00:43.611,1.12149,1.12157,2620000,1500000
2019.04.30 22:00:44.634,1.1215,1.12156,750000,750000
2019.04.30 22:00:44.736,1.12149,1.12157,2620000,2250000
2019.04.30 22:00:45.353,1.1215,1.12156,1500000,1500000
2019.04.30 22:00:46.815,1.12149,1.12157,3000000,2250000
2019.04.30 22:00:47.315,1.1215,1.12156,1500000,1500000
2019.04.30 22:00:49.043,1.12149,1.12157,3000000,2250000
2019.04.30 22:00:49.145,1.1215,1.12156,370000,750000
2019.04.30 22:00:49.462,1.12149,1.12157,3000000,2250000
2019.04.30 22:00:50.673,1.1215,1.12156,1500000,1500000
2019.04.30 22:00:51.539,1.12149,1.12157,2620000,3000000
2019.04.30 22:00:51.777,1.12148,1.12153,1500000,810000
2019.04.30 22:00:51.889,1.12148,1.12156,3370000,3000000
2019.04.30 22:00:53.785,1.12148,1.12154,750000,1560000
2019.04.30 22:00:53.888,1.12148,1.12156,5620000,1500000
2019.04.30 22:00:54.092,1.12149,1.12155,750000,810000
2019.04.30 22:00:54.529,1.12149,1.12156,3000000,750000
2019.04.30 22:00:55.079,1.12149,1.12155,370000,1560000
2019.04.30 22:00:55.231,1.12149,1.12156,3000000,750000
2019.04.30 22:00:57.117,1.12149,1.12155,750000,1500000
2019.04.30 22:00:57.219,1.12149,1.12156,3000000,750000
2019.04.30 22:00:57.374,1.12149,1.12155,370000,1500000
2019.04.30 22:00:57.477,1.12149,1.12156,2620000,750000
2019.04.30 22:00:57.982,1.1215,1.12155,2250000,750000
2019.04.30 22:00:58.937,1.12149,1.12155,190000,750000
2019.04.30 22:01:00.555,1.12148,1.12155,570000,2250000
2019.04.30 22:01:02.111,1.12149,1.12155,2070000,1500000
2019.04.30 22:01:02.791,1.12148,1.12155,570000,2250000
2019.04.30 22:01:03.232,1.12149,1.12155,2070000,1500000
2019.04.30 22:01:03.884,1.12148,1.12155,570000,2250000
2019.04.30 22:01:05.576,1.12149,1.12155,2070000,1500000
2019.04.30 22:01:05.732,1.12148,1.12155,570000,2250000
2019.04.30 22:01:09.159,1.12149,1.12155,2070000,1500000
2019.04.30 22:01:09.540,1.12148,1.12155,2440000,2250000
2019.04.30 22:01:09.660,1.12149,1.12154,1500000,1500000
2019.04.30 22:01:10.615,1.12148,1.12155,2440000,2250000
2019.04.30 22:01:13.163,1.12149,1.12154,1500000,1500000
2019.04.30 22:01:13.665,1.12148,1.12155,2440000,2250000
2019.04.30 22:01:14.331,1.12151,1.12154,190000,750000
2019.04.30 22:01:14.383,1.1215,1.12156,2440000,1500000
2019.04.30 22:01:14.485,1.12149,1.12156,2070000,2250000
2019.04.30 22:01:14.587,1.1215,1.12155,1500000,1500000
2019.04.30 22:01:14.833,1.12149,1.12156,2070000,2250000
2019.04.30 22:01:15.435,1.1215,1.12155,570000,750000
2019.04.30 22:01:15.872,1.12153,1.12156,190000,750000
2019.04.30 22:01:15.974,1.12153,1.12159,2820000,750000
2019.04.30 22:01:16.076,1.12154,1.12158,750000,750000
2019.04.30 22:01:16.364,1.12153,1.12159,2070000,2250000
2019.04.30 22:01:16.589,1.12154,1.12159,2820000,750000
2019.04.30 22:01:16.848,1.12153,1.12159,190000,750000
2019.04.30 22:01:17.001,1.12153,1.12158,190000,2250000
2019.04.30 22:01:24.537,1.12154,1.12158,190000,750000
2019.04.30 22:01:27.942,1.12153,1.12158,190000,1500000
2019.04.30 22:01:33.826,1.12153,1.1216,3000000,750000
2019.04.30 22:01:34.734,1.12153,1.12159,1690000,2250000
2019.04.30 22:01:43.744,1.12154,1.12159,2440000,750000
2019.04.30 22:01:45.242,1.12153,1.1216,3940000,1870000
2019.04.30 22:01:45.606,1.12155,1.1216,210000,3000000
2019.04.30 22:01:45.709,1.12154,1.1216,210000,3740000
2019.04.30 22:01:54.537,1.12153,1.1216,2250000,3940000
2019.04.30 22:01:55.977,1.12154,1.12159,1500000,1500000
2019.04.30 22:01:56.350,1.12153,1.1216,3000000,3190000
2019.04.30 22:01:58.432,1.12154,1.12159,2250000,1500000
2019.04.30 22:01:59.577,1.12153,1.1216,3000000,3190000
2019.04.30 22:02:05.731,1.12154,1.12159,2250000,750000
2019.04.30 22:02:06.517,1.12154,1.12158,370000,750000
2019.04.30 22:02:12.985,1.12153,1.12159,370000,2440000
2019.04.30 22:02:21.568,1.12154,1.12159,370000,750000
2019.04.30 22:02:21.897,1.12153,1.12159,370000,2440000
2019.04.30 22:02:27.321,1.12154,1.12159,370000,750000
2019.04.30 22:02:27.489,1.12153,1.12159,370000,2440000
2019.04.30 22:02:27.741,1.12154,1.12159,370000,750000
2019.04.30 22:02:28.785,1.12153,1.12159,370000,2440000
2019.04.30 22:02:37.144,1.12154,1.12159,1120000,750000
2019.04.30 22:02:37.556,1.12153,1.12159,1120000,2440000
2019.04.30 22:02:49.311,1.12154,1.12159,370000,750000
2019.04.30 22:02:53.929,1.12153,1.12159,1120000,1500000
2019.04.30 22:03:01.731,1.12153,1.12158,750000,1500000
2019.04.30 22:03:08.527,1.12153,1.12157,750000,2250000
2019.04.30 22:03:09.627,1.12153,1.12158,750000,1500000
2019.04.30 22:03:11.577,1.12153,1.12157,750000,2250000
2019.04.30 22:03:16.677,1.12153,1.12158,750000,1500000
2019.04.30 22:03:17.783,1.12153,1.12157,750000,2250000
2019.04.30 22:03:23.576,1.12153,1.12158,750000,750000
2019.04.30 22:03:54.496,1.12153,1.12157,750000,2250000
2019.04.30 22:03:55.649,1.12155,1.12159,2250000,750000
2019.04.30 22:03:57.119,1.12153,1.12159,4500000,2250000
2019.04.30 22:04:00.655,1.12153,1.12158,750000,1500000
2019.04.30 22:04:05.577,1.12153,1.12159,2620000,1500000
2019.04.30 22:04:07.594,1.12153,1.12158,750000,2250000
2019.04.30 22:04:09.515,1.12153,1.12159,2620000,1500000
2019.04.30 22:04:24.495,1.12153,1.12158,2250000,2250000
2019.04.30 22:04:24.751,1.12154,1.12158,2250000,750000
2019.04.30 22:04:26.870,1.12154,1.12159,3000000,750000
2019.04.30 22:04:30.182,1.12153,1.12159,3000000,1500000
2019.04.30 22:04:38.703,1.12153,1.12158,2250000,2250000
2019.04.30 22:04:41.577,1.12153,1.12159,3000000,1500000
2019.04.30 22:04:44.054,1.12153,1.12158,2250000,2250000
2019.04.30 22:04:44.577,1.12153,1.12159,3750000,1500000
2019.04.30 22:04:52.409,1.12154,1.12159,3750000,750000
2019.04.30 22:04:52.564,1.12153,1.12159,3750000,1500000
2019.04.30 22:04:53.200,1.12154,1.12159,3750000,750000
2019.04.30 22:04:58.512,1.12153,1.12159,2250000,1500000
2019.04.30 22:05:00.371,1.12152,1.12158,750000,3000000
2019.04.30 22:05:00.472,1.12152,1.12159,2440000,2250000
2019.04.30 22:05:04.053,1.12152,1.12158,940000,2250000
2019.04.30 22:05:04.672,1.12152,1.12159,2620000,2250000
2019.04.30 22:05:05.877,1.12152,1.12158,940000,2250000
2019.04.30 22:05:07.989,1.12152,1.12159,2620000,3000000
2019.04.30 22:05:11.562,1.12153,1.12158,750000,750000
2019.04.30 22:05:14.437,1.12152,1.12159,2250000,1500000
2019.04.30 22:05:17.944,1.12153,1.12158,750000,750000
2019.04.30 22:05:19.996,1.12153,1.12159,2250000,750000
2019.04.30 22:05:20.210,1.12153,1.12158,750000,750000
2019.04.30 22:05:29.453,1.12153,1.12159,2250000,750000
2019.04.30 22:05:34.230,1.12152,1.12159,2250000,4500000
2019.04.30 22:05:37.565,1.12154,1.1216,1500000,140000
2019.04.30 22:05:37.769,1.12154,1.12159,370000,140000
2019.04.30 22:05:38.634,1.12153,1.12159,370000,2250000
2019.04.30 22:05:38.738,1.12153,1.1216,3750000,750000
2019.04.30 22:05:38.867,1.12153,1.12159,750000,750000
2019.04.30 22:05:39.073,1.12153,1.12158,750000,3000000
2019.04.30 22:05:40.666,1.12153,1.12159,4500000,750000
2019.04.30 22:06:19.076,1.12153,1.12158,1000000,1000000
2019.04.30 22:06:20.576,1.12153,1.12159,2620000,1000000
2019.04.30 22:06:38.348,1.12153,1.12158,1000000,1000000
2019.04.30 22:06:39.108,1.12153,1.12159,1870000,1000000
2019.04.30 22:06:44.989,1.12153,1.12158,1000000,1000000
2019.04.30 22:06:50.552,1.12153,1.12159,1870000,1000000
2019.04.30 22:07:04.917,1.12152,1.12159,1000000,1000000
2019.04.30 22:07:14.577,1.12153,1.12159,3000000,1000000
2019.04.30 22:07:20.572,1.12152,1.12159,1000000,1000000
2019.04.30 22:07:51.950,1.12152,1.1216,3000000,1870000
2019.04.30 22:07:52.959,1.12153,1.12159,2250000,1000000
2019.04.30 22:07:53.453,1.12152,1.1216,3000000,1870000
2019.04.30 22:07:54.111,1.12153,1.1216,1870000,1500000
2019.04.30 22:07:59.086,1.12155,1.12159,1000000,1000000
2019.04.30 22:07:59.517,1.12154,1.12161,3370000,1500000
2019.04.30 22:07:59.987,1.12154,1.1216,1000000,1500000
2019.04.30 22:08:00.310,1.12157,1.12163,3500000,1000000
2019.04.30 22:08:00.766,1.12156,1.12163,2500000,2440000
2019.04.30 22:08:00.991,1.12157,1.12163,3250000,1000000
2019.04.30 22:08:01.443,1.12156,1.12163,2690000,2620000
2019.04.30 22:08:06.878,1.12156,1.12162,1120000,4940000
2019.04.30 22:08:08.577,1.12156,1.12163,1940000,3370000
2019.04.30 22:08:09.489,1.12157,1.12162,1250000,1000000
2019.04.30 22:08:09.686,1.12156,1.12163,1750000,3940000
2019.04.30 22:08:12.836,1.12157,1.12163,3250000,1000000
2019.04.30 22:08:16.636,1.12156,1.12163,2500000,3940000
2019.04.30 22:08:20.193,1.12157,1.12163,2500000,1000000
2019.04.30 22:08:24.094,1.12156,1.12163,4370000,3940000
2019.04.30 22:08:24.493,1.12157,1.12162,1690000,1500000
2019.04.30 22:08:26.577,1.12156,1.12163,3250000,4690000
2019.04.30 22:08:26.782,1.12157,1.12162,1690000,1500000
2019.04.30 22:08:33.850,1.12155,1.12161,1310000,1000000
2019.04.30 22:08:33.952,1.12155,1.12159,1000000,1000000
2019.04.30 22:08:36.098,1.12154,1.1216,1500000,2250000
2019.04.30 22:08:36.251,1.12155,1.1216,1000000,1000000
2019.04.30 22:08:38.726,1.12156,1.12162,2750000,1500000
2019.04.30 22:08:38.777,1.12156,1.12163,5060000,2250000
2019.04.30 22:08:38.880,1.12157,1.12162,1000000,1000000
2019.04.30 22:08:39.004,1.12157,1.12163,2060000,1000000
2019.04.30 22:08:39.106,1.12157,1.12162,1000000,1500000
2019.04.30 22:08:39.231,1.12157,1.12163,4310000,1000000
2019.04.30 22:08:39.333,1.12156,1.12163,4310000,1500000
2019.04.30 22:08:47.966,1.12157,1.12163,2060000,1000000
2019.04.30 22:08:48.468,1.12156,1.12163,2060000,3750000
2019.04.30 22:08:51.320,1.12157,1.12161,2620000,1000000
2019.04.30 22:08:52.321,1.12156,1.12162,1000000,3190000
2019.04.30 22:08:52.423,1.12157,1.12162,1500000,3000000
2019.04.30 22:08:52.525,1.12157,1.12163,2250000,1000000
2019.04.30 22:08:52.628,1.12157,1.12162,1000000,3000000
2019.04.30 22:08:52.817,1.12157,1.12163,2250000,1000000
2019.04.30 22:08:52.966,1.12156,1.12163,1500000,5440000
2019.04.30 22:08:53.068,1.12157,1.12162,1000000,2250000
2019.04.30 22:08:54.162,1.12157,1.12163,1500000,1000000
2019.04.30 22:08:54.273,1.12156,1.12163,1500000,5810000
2019.04.30 22:08:54.375,1.12157,1.12163,3690000,1000000
2019.04.30 22:08:58.071,1.12156,1.12163,2810000,1000000
2019.04.30 22:09:04.365,1.12156,1.12161,1000000,1000000
2019.04.30 22:09:04.467,1.12155,1.12161,1000000,2250000
2019.04.30 22:09:05.154,1.12154,1.1216,1500000,2250000
2019.04.30 22:09:09.234,1.12154,1.12159,1000000,1000000
2019.04.30 22:09:09.342,1.12153,1.1216,3940000,2250000
2019.04.30 22:09:17.009,1.12153,1.12159,1000000,1500000
2019.04.30 22:09:18.532,1.12153,1.1216,3940000,1500000
2019.04.30 22:09:18.810,1.12153,1.12159,1500000,1500000
2019.04.30 22:09:18.912,1.12153,1.1216,3940000,1500000
2019.04.30 22:09:24.373,1.12153,1.12159,1000000,1000000
2019.04.30 22:09:24.479,1.12153,1.12158,1000000,1000000
2019.04.30 22:09:24.881,1.12153,1.12159,1120000,1500000
2019.04.30 22:09:25.760,1.12155,1.1216,1000000,2250000
2019.04.30 22:09:25.812,1.12155,1.12162,2060000,1500000
2019.04.30 22:09:25.914,1.12156,1.12162,3370000,2250000
2019.04.30 22:09:26.016,1.12156,1.12161,1310000,1000000
2019.04.30 22:09:26.118,1.12156,1.12161,1560000,1000000
2019.04.30 22:09:27.265,1.12155,1.12161,1560000,1000000
2019.04.30 22:09:27.367,1.12154,1.12161,2310000,1500000
2019.04.30 22:09:29.188,1.12154,1.12159,1250000,1000000
2019.04.30 22:09:29.392,1.12154,1.12158,1000000,1000000
2019.04.30 22:09:30.843,1.12154,1.12159,1690000,1000000
2019.04.30 22:09:45.178,1.12153,1.12159,1000000,1500000
2019.04.30 22:09:47.556,1.12154,1.12159,1000000,1000000
2019.04.30 22:09:53.576,1.12153,1.12159,1000000,1870000
2019.04.30 22:09:54.051,1.12153,1.1216,3370000,1870000
2019.04.30 22:09:54.157,1.12153,1.12159,1250000,1870000
2019.04.30 22:09:56.526,1.12154,1.12159,1870000,1000000
2019.04.30 22:10:05.505,1.12154,1.12158,1000000,1000000
2019.04.30 22:10:05.903,1.12154,1.12159,1870000,1000000
2019.04.30 22:10:06.453,1.12154,1.12158,1000000,1000000
2019.04.30 22:10:06.890,1.12154,1.12159,1870000,1000000
2019.04.30 22:10:08.527,1.12153,1.12159,1120000,1000000
2019.04.30 22:10:16.926,1.12152,1.1216,2940000,3190000
2019.04.30 22:10:35.996,1.12154,1.1216,1370000,1750000
2019.04.30 22:10:36.099,1.12154,1.12159,1750000,1870000
2019.04.30 22:10:36.201,1.12152,1.12159,1750000,3370000
2019.04.30 22:10:36.922,1.12152,1.12159,2810000,4120000
2019.04.30 22:10:50.552,1.12153,1.12158,1000000,1690000
2019.04.30 22:10:56.526,1.12153,1.12159,1310000,1250000
2019.04.30 22:11:06.081,1.12152,1.12158,1000000,5120000
2019.04.30 22:11:06.213,1.12152,1.12159,2810000,4000000
2019.04.30 22:11:11.527,1.12152,1.12158,1000000,3250000
2019.04.30 22:11:14.889,1.12151,1.12155,1250000,1000000
2019.04.30 22:11:14.992,1.12148,1.12154,1690000,3120000
2019.04.30 22:11:15.094,1.12148,1.12154,2440000,1120000
2019.04.30 22:11:15.582,1.12147,1.12153,1000000,4810000
2019.04.30 22:11:15.864,1.12147,1.12154,2440000,3310000
2019.04.30 22:11:16.132,1.12147,1.12153,1000000,4060000
2019.04.30 22:11:16.234,1.12147,1.12154,2440000,3310000
2019.04.30 22:11:16.588,1.12147,1.12153,1000000,4060000
2019.04.30 22:11:17.169,1.12147,1.12154,2440000,4810000
2019.04.30 22:11:20.184,1.12147,1.12154,2440000,2060000
2019.04.30 22:11:20.579,1.12147,1.12151,1000000,2440000
2019.04.30 22:11:20.684,1.12147,1.1215,1690000,1000000
2019.04.30 22:11:20.788,1.12147,1.12149,1000000,1000000
2019.04.30 22:11:21.214,1.12145,1.1215,1000000,3000000
2019.04.30 22:11:21.316,1.12146,1.12149,1000000,1000000
2019.04.30 22:11:21.452,1.12145,1.12149,1500000,5250000
2019.04.30 22:11:22.009,1.12144,1.12149,1000000,2440000
2019.04.30 22:11:22.113,1.12144,1.1215,2250000,2440000
2019.04.30 22:11:24.474,1.12144,1.12149,1000000,2440000
2019.04.30 22:11:26.557,1.12144,1.12148,1000000,1000000
2019.04.30 22:11:26.818,1.12143,1.12149,3940000,2620000
2019.04.30 22:11:26.961,1.12143,1.12148,2250000,3370000
2019.04.30 22:11:28.206,1.12143,1.12149,3940000,1120000
2019.04.30 22:11:32.578,1.12143,1.12148,1000000,3000000
2019.04.30 22:11:33.887,1.12143,1.12149,2440000,1000000
2019.04.30 22:11:36.640,1.12143,1.12148,1000000,1000000
2019.04.30 22:11:37.895,1.12142,1.12148,1000000,4690000
2019.04.30 22:11:40.354,1.12143,1.12148,1000000,1000000
2019.04.30 22:11:46.789,1.12143,1.12149,3940000,1000000
2019.04.30 22:11:53.138,1.12143,1.12148,2250000,1000000
2019.04.30 22:11:53.240,1.12142,1.12148,1000000,2440000
2019.04.30 22:11:56.580,1.12143,1.12147,1000000,1000000
2019.04.30 22:11:56.831,1.12142,1.12148,1000000,2440000
2019.04.30 22:11:56.933,1.12142,1.12149,3190000,3190000
2019.04.30 22:11:59.526,1.12143,1.12148,1000000,1000000
2019.04.30 22:11:59.807,1.12142,1.12149,2440000,2440000
2019.04.30 22:12:05.991,1.12143,1.12149,3190000,1500000
2019.04.30 22:12:07.097,1.12143,1.12148,1000000,3750000
2019.04.30 22:12:07.257,1.12142,1.12149,3940000,3190000
2019.04.30 22:12:11.526,1.12143,1.12148,1000000,1000000
2019.04.30 22:12:17.578,1.12142,1.12149,3940000,3190000
2019.04.30 22:12:20.577,1.12143,1.12148,2250000,1000000
2019.04.30 22:12:21.685,1.12142,1.12149,3940000,5440000
2019.04.30 22:12:21.964,1.12142,1.12149,3690000,4690000
2019.04.30 22:12:22.153,1.12142,1.12149,1690000,6940000
2019.04.30 22:12:24.495,1.12142,1.12148,1500000,6190000
2019.04.30 22:12:26.527,1.12143,1.12148,1500000,1000000
2019.04.30 22:12:26.628,1.12143,1.12149,4500000,1000000
2019.04.30 22:12:27.296,1.12142,1.12147,1000000,6750000
2019.04.30 22:12:27.397,1.12142,1.12148,1000000,2250000
2019.04.30 22:12:27.577,1.12142,1.12149,3000000,2250000
2019.04.30 22:12:35.621,1.12142,1.12149,1500000,2680000
2019.04.30 22:12:35.900,1.12142,1.12149,1120000,4180000
2019.04.30 22:12:37.603,1.12143,1.12148,3000000,1500000
2019.04.30 22:12:37.803,1.12142,1.12149,3000000,2680000
2019.04.30 22:12:39.538,1.12143,1.12148,1000000,2570000
2019.04.30 22:12:41.547,1.12142,1.12149,1500000,4180000
2019.04.30 22:12:44.450,1.12142,1.12149,1500000,4500000
2019.04.30 22:12:45.496,1.12142,1.12148,1000000,3000000
2019.04.30 22:12:45.597,1.12142,1.12149,1500000,3000000
2019.04.30 22:12:45.839,1.12143,1.1215,5000000,1000000
2019.04.30 22:12:45.941,1.12144,1.12148,1000000,1000000
2019.04.30 22:12:45.994,1.12146,1.12151,4500000,1000000
2019.04.30 22:12:46.382,1.12146,1.1215,1500000,1000000
2019.04.30 22:12:48.919,1.12146,1.12149,1000000,1500000
2019.04.30 22:12:49.418,1.12146,1.1215,1500000,1000000
2019.04.30 22:12:51.939,1.12146,1.12151,1500000,2250000
2019.04.30 22:12:54.538,1.12146,1.1215,1000000,2250000
2019.04.30 22:12:56.578,1.12146,1.12151,1500000,2250000
2019.04.30 22:12:57.783,1.12145,1.12149,1000000,2250000
2019.04.30 22:12:58.235,1.12144,1.1215,1690000,6930000
2019.04.30 22:12:59.920,1.12146,1.12151,2440000,1000000
2019.04.30 22:13:00.371,1.12146,1.1215,1000000,1000000
2019.04.30 22:13:02.577,1.12146,1.12151,1690000,1000000
2019.04.30 22:13:05.577,1.12146,1.1215,1000000,1000000
2019.04.30 22:13:08.009,1.12145,1.1215,1690000,1000000
2019.04.30 22:13:08.235,1.12145,1.12149,1000000,2250000
2019.04.30 22:13:08.458,1.12144,1.1215,1690000,8430000
2019.04.30 22:13:11.776,1.12146,1.12151,2440000,1000000
2019.04.30 22:13:12.223,1.12146,1.1215,1000000,1000000
2019.04.30 22:13:12.330,1.12146,1.12151,2440000,1000000
2019.04.30 22:13:18.256,1.12146,1.12151,2500000,1000000
2019.04.30 22:13:26.889,1.12146,1.12151,1500000,2250000
2019.04.30 22:13:32.905,1.12146,1.12151,3250000,3000000
2019.04.30 22:13:38.404,1.12147,1.12149,1000000,1000000
2019.04.30 22:13:38.506,1.12146,1.12151,1750000,1000000
2019.04.30 22:13:44.411,1.12147,1.12149,1000000,1000000
2019.04.30 22:13:44.513,1.12146,1.12151,1690000,1000000
2019.04.30 22:13:44.615,1.12146,1.1215,1000000,3000000
2019.04.30 22:13:44.939,1.12146,1.12151,1690000,1000000
2019.04.30 22:13:47.577,1.12146,1.1215,1000000,3000000
2019.04.30 22:13:48.400,1.12145,1.12149,1000000,3750000
2019.04.30 22:13:48.503,1.12145,1.12148,1000000,1500000
2019.04.30 22:13:48.604,1.12144,1.12149,1000000,3000000
2019.04.30 22:13:50.521,1.12145,1.12148,1000000,1000000
2019.04.30 22:13:53.580,1.12144,1.12149,2440000,1820000
2019.04.30 22:13:58.480,1.12144,1.12148,1000000,1500000
2019.04.30 22:13:58.683,1.12144,1.12149,2440000,1000000
2019.04.30 22:13:59.526,1.12143,1.12149,1690000,2250000
2019.04.30 22:14:02.577,1.12144,1.12148,1000000,1000000
2019.04.30 22:14:08.578,1.12143,1.12149,1690000,1500000
2019.04.30 22:14:08.679,1.12143,1.12148,1000000,1500000
2019.04.30 22:14:08.781,1.12143,1.12149,1690000,1500000
2019.04.30 22:14:12.151,1.12143,1.12148,1000000,1000000
2019.04.30 22:14:12.294,1.12143,1.12147,1000000,3000000
2019.04.30 22:14:12.615,1.12143,1.12148,1000000,1000000
2019.04.30 22:14:14.577,1.12143,1.12147,1000000,3000000
2019.04.30 22:14:17.577,1.12143,1.12148,1000000,1000000
2019.04.30 22:14:19.854,1.12143,1.12149,2440000,1500000
2019.04.30 22:14:44.939,1.12143,1.12148,1000000,1000000
2019.04.30 22:14:50.565,1.12143,1.12147,1000000,1500000
2019.04.30 22:14:51.727,1.12144,1.12147,1000000,1000000
2019.04.30 22:14:51.865,1.12144,1.12148,1500000,1000000
2019.04.30 22:14:54.489,1.12144,1.12147,1000000,1000000
2019.04.30 22:14:54.590,1.12144,1.12148,1500000,1000000
2019.04.30 22:14:56.576,1.12143,1.12147,1000000,3000000
2019.04.30 22:14:57.015,1.12143,1.12148,1000000,1000000
2019.04.30 22:15:01.470,1.12143,1.12147,1000000,4070000
2019.04.30 22:15:01.889,1.12143,1.12148,1000000,1820000
2019.04.30 22:15:05.527,1.12144,1.12148,1500000,1000000
2019.04.30 22:15:07.471,1.12144,1.12147,1000000,1000000
2019.04.30 22:15:10.664,1.12144,1.12148,1500000,1000000
2019.04.30 22:15:11.527,1.12143,1.12148,1000000,2250000
2019.04.30 22:15:14.402,1.12143,1.12147,1000000,3750000
2019.04.30 22:15:14.554,1.12143,1.12148,1000000,1500000
2019.04.30 22:15:20.527,1.12144,1.12148,1000000,1000000
2019.04.30 22:15:20.709,1.12144,1.12147,1000000,1000000
2019.04.30 22:15:21.039,1.12144,1.12148,1000000,1000000
2019.04.30 22:15:23.527,1.12143,1.12148,1000000,1500000
2019.04.30 22:15:23.628,1.12143,1.12147,1000000,3750000
2019.04.30 22:15:24.495,1.12143,1.12148,1000000,1500000
2019.04.30 22:15:30.645,1.12143,1.12147,1000000,4070000
2019.04.30 22:15:30.696,1.12143,1.12149,4500000,2570000
2019.04.30 22:15:30.800,1.12143,1.12148,1500000,3320000
2019.04.30 22:15:32.598,1.12143,1.12149,4500000,1820000
2019.04.30 22:15:38.577,1.12143,1.12148,1500000,4070000
2019.04.30 22:15:39.491,1.12143,1.12149,3190000,2570000
2019.04.30 22:15:44.444,1.12143,1.12148,1000000,1820000
2019.04.30 22:15:44.546,1.12144,1.12147,1000000,1000000
2019.04.30 22:15:44.859,1.12144,1.12148,1000000,1000000
2019.04.30 22:15:56.527,1.12143,1.12148,1000000,1070000
2019.04.30 22:16:09.552,1.12143,1.12147,1000000,2570000
2019.04.30 22:16:09.653,1.12142,1.12148,1000000,5120000
2019.04.30 22:16:13.374,1.12143,1.12147,1000000,3320000
2019.04.30 22:16:13.527,1.12142,1.12148,1500000,2120000
2019.04.30 22:16:13.632,1.12142,1.12149,6940000,2120000
2019.04.30 22:16:13.734,1.12143,1.12148,3750000,1070000
2019.04.30 22:16:14.184,1.12142,1.12148,2250000,2120000
2019.04.30 22:16:14.622,1.12143,1.12147,1000000,1070000
2019.04.30 22:16:17.578,1.12142,1.12148,2250000,2120000
2019.04.30 22:16:24.524,1.12142,1.12148,2250000,2010000
2019.04.30 22:16:38.759,1.12143,1.12148,3000000,1000000
2019.04.30 22:16:44.569,1.12142,1.12149,4500000,2570000
2019.04.30 22:16:49.461,1.1214,1.12144,1250000,2250000
2019.04.30 22:16:49.564,1.12139,1.12144,1250000,1650000
2019.04.30 22:16:49.665,1.1214,1.12143,1000000,1000000
2019.04.30 22:16:49.933,1.12139,1.12144,1250000,2400000
2019.04.30 22:16:55.379,1.12139,1.12143,1000000,1500000
2019.04.30 22:16:55.712,1.12139,1.12144,1690000,1000000
2019.04.30 22:16:57.717,1.12139,1.12143,1000000,2250000
2019.04.30 22:16:57.994,1.12139,1.12144,2440000,1500000
2019.04.30 22:17:00.332,1.12139,1.12143,1500000,1500000
2019.04.30 22:17:02.427,1.12139,1.12144,1690000,2400000
2019.04.30 22:17:02.534,1.12139,1.12143,1000000,1500000
2019.04.30 22:17:02.814,1.12139,1.12144,1690000,1000000
2019.04.30 22:17:11.527,1.12138,1.12144,1690000,4870000
2019.04.30 22:17:17.328,1.12139,1.12144,1690000,1000000
2019.04.30 22:17:20.577,1.12139,1.12143,1000000,3750000
2019.04.30 22:17:44.885,1.12138,1.12143,1500000,2770000
2019.04.30 22:17:44.987,1.12139,1.12143,1500000,1000000
2019.04.30 22:17:45.089,1.12139,1.12142,1000000,1000000
2019.04.30 22:17:45.195,1.12139,1.12143,1500000,1000000
2019.04.30 22:17:53.237,1.12139,1.12142,1000000,1500000
2019.04.30 22:17:54.513,1.12139,1.12143,1500000,1000000
2019.04.30 22:17:56.526,1.1214,1.12143,1500000,1000000
2019.04.30 22:17:59.526,1.12138,1.12143,1500000,2020000
2019.04.30 22:18:00.072,1.12139,1.12142,1000000,1000000
2019.04.30 22:18:02.578,1.12139,1.12143,1500000,1000000
2019.04.30 22:18:14.527,1.12138,1.12143,1500000,2770000
2019.04.30 22:18:17.380,1.12138,1.12144,1120000,2770000
2019.04.30 22:18:17.482,1.12138,1.12143,1500000,3520000
2019.04.30 22:18:23.633,1.12139,1.12142,1000000,1000000
2019.04.30 22:18:24.995,1.12138,1.12142,1000000,2620000
2019.04.30 22:18:27.495,1.12141,1.12142,1000000,1000000
2019.04.30 22:18:28.158,1.12141,1.12145,3620000,1000000
2019.04.30 22:18:28.261,1.12141,1.12146,2810000,1000000
2019.04.30 22:18:28.660,1.12141,1.12145,1500000,1000000
2019.04.30 22:18:28.869,1.12141,1.12146,1250000,1000000
2019.04.30 22:18:32.527,1.12142,1.12147,3440000,1000000
2019.04.30 22:18:36.448,1.12143,1.12146,1250000,1000000
2019.04.30 22:18:40.886,1.12143,1.12148,1500000,1200000
2019.04.30 22:18:40.988,1.12143,1.12149,3940000,2450000
2019.04.30 22:18:41.140,1.12143,1.12148,1500000,1200000
2019.04.30 22:18:44.527,1.12144,1.12148,1500000,1000000
2019.04.30 22:18:50.527,1.12145,1.12148,1500000,1000000
2019.04.30 22:18:54.538,1.12145,1.12147,1000000,1000000
2019.04.30 22:18:55.434,1.12143,1.12147,3390000,3150000
2019.04.30 22:18:55.536,1.12145,1.12146,2250000,1000000
2019.04.30 22:18:55.587,1.12145,1.12148,2440000,1000000
2019.04.30 22:18:59.226,1.12144,1.12148,2440000,1000000
2019.04.30 22:19:02.274,1.12144,1.12147,1500000,1000000
2019.04.30 22:19:03.778,1.12144,1.12146,1000000,1000000
2019.04.30 22:19:05.577,1.12145,1.12146,1000000,1000000
2019.04.30 22:19:08.527,1.12144,1.12146,1000000,1000000
2019.04.30 22:19:09.488,1.12144,1.12147,1000000,1000000
2019.04.30 22:19:20.689,1.12144,1.12147,1250000,1000000
2019.04.30 22:19:23.527,1.12145,1.12147,1750000,1000000
2019.04.30 22:19:32.555,1.12143,1.12147,3620000,1000000
2019.04.30 22:19:32.658,1.12141,1.12146,2350000,1890000
2019.04.30 22:19:32.760,1.12141,1.12145,1500000,1000000
2019.04.30 22:19:32.862,1.12141,1.12144,1000000,1000000
2019.04.30 22:19:33.066,1.12141,1.12145,1500000,1000000
2019.04.30 22:19:33.172,1.12141,1.12144,1000000,1000000
2019.04.30 22:19:33.732,1.1214,1.12144,1000000,1000000
2019.04.30 22:19:33.835,1.1214,1.12143,1000000,1190000
2019.04.30 22:19:33.937,1.1214,1.12145,2170000,1000000
2019.04.30 22:19:34.039,1.1214,1.12145,1490000,1000000
2019.04.30 22:19:34.395,1.1214,1.12146,3520000,1000000
2019.04.30 22:19:34.498,1.1214,1.12144,1100000,1170000
2019.04.30 22:19:34.601,1.1214,1.12145,1100000,1000000
2019.04.30 22:19:34.754,1.1214,1.12144,1500000,1000000
2019.04.30 22:19:35.212,1.1214,1.12143,1000000,1000000
2019.04.30 22:19:35.695,1.1214,1.12144,1500000,1000000
2019.04.30 22:19:38.582,1.1214,1.12143,1000000,1000000
2019.04.30 22:19:40.663,1.1214,1.12144,1500000,1000000
2019.04.30 22:19:44.546,1.1214,1.12143,1000000,1500000
2019.04.30 22:19:46.377,1.1214,1.12144,1500000,1000000
2019.04.30 22:19:50.392,1.12139,1.12144,2250000,1810000
2019.04.30 22:19:54.751,1.12139,1.12143,1500000,1810000
2019.04.30 22:19:54.873,1.12139,1.12144,2250000,1810000
2019.04.30 22:19:56.579,1.12139,1.12143,1500000,1810000
2019.04.30 22:19:57.988,1.12139,1.12144,1500000,1810000
2019.04.30 22:19:59.577,1.12142,1.12145,1480000,1000000
2019.04.30 22:19:59.704,1.12144,1.12146,1000000,1120000
2019.04.30 22:19:59.807,1.12144,1.12147,1500000,1250000
2019.04.30 22:20:02.770,1.12144,1.12146,1000000,1250000
2019.04.30 22:20:02.931,1.12144,1.12147,1500000,1250000
2019.04.30 22:20:05.187,1.12144,1.12146,1000000,1000000
2019.04.30 22:20:05.289,1.12144,1.12145,1000000,1000000
2019.04.30 22:20:05.398,1.12144,1.12146,1500000,1000000
2019.04.30 22:20:08.527,1.12142,1.12146,1690000,1000000
2019.04.30 22:20:13.327,1.12143,1.12146,1690000,1000000
2019.04.30 22:20:17.527,1.12142,1.12146,1690000,1000000
2019.04.30 22:20:24.495,1.12142,1.12145,1000000,1000000
2019.04.30 22:20:25.267,1.12142,1.12146,1690000,1000000
2019.04.30 22:20:32.526,1.12143,1.12146,1690000,1000000
2019.04.30 22:20:35.527,1.12142,1.12146,1690000,1000000
2019.04.30 22:20:38.526,1.12143,1.12146,1690000,1000000
2019.04.30 22:20:41.114,1.1214,1.12144,1000000,1500000
2019.04.30 22:20:41.369,1.1214,1.12143,1000000,1000000
2019.04.30 22:20:41.568,1.1214,1.12144,1000000,1000000
2019.04.30 22:20:42.016,1.1214,1.12143,1000000,1000000
2019.04.30 22:20:44.814,1.1214,1.12142,1000000,1000000
2019.04.30 22:20:44.954,1.1214,1.12143,2250000,1000000
2019.04.30 22:20:46.026,1.12139,1.12143,2250000,1690000
2019.04.30 22:20:46.286,1.12139,1.12144,2560000,1250000
2019.04.30 22:20:50.526,1.1214,1.12144,2620000,1000000
2019.04.30 22:20:55.371,1.1214,1.12144,2000000,1000000
2019.04.30 22:20:59.541,1.12139,1.12143,1870000,1170000
2019.04.30 22:21:02.564,1.12139,1.12144,3000000,1000000
2019.04.30 22:21:02.665,1.12139,1.12142,1000000,1500000
2019.04.30 22:21:02.767,1.12139,1.12144,3000000,1000000
2019.04.30 22:21:02.970,1.12139,1.12142,1000000,1500000
2019.04.30 22:21:03.692,1.12139,1.12143,1000000,1000000
2019.04.30 22:21:04.639,1.12139,1.12142,1000000,1500000
2019.04.30 22:21:05.277,1.12139,1.12143,1000000,1000000
2019.04.30 22:21:06.667,1.12139,1.12144,3000000,1000000
2019.04.30 22:21:06.768,1.12139,1.12143,1000000,1000000
2019.04.30 22:21:07.427,1.12139,1.12144,3000000,1000000
2019.04.30 22:21:07.529,1.12139,1.12143,1000000,1000000
2019.04.30 22:21:07.630,1.12139,1.12142,1000000,1500000
2019.04.30 22:21:07.732,1.12139,1.12143,1000000,1000000
2019.04.30 22:21:07.834,1.12139,1.12144,3000000,1000000
2019.04.30 22:21:07.935,1.12139,1.12143,1000000,1000000
2019.04.30 22:21:08.037,1.12139,1.12144,3000000,1000000
2019.04.30 22:21:08.147,1.1214,1.12146,7000000,1000000
2019.04.30 22:21:08.249,1.12141,1.12146,3620000,1000000
2019.04.30 22:21:18.159,1.12141,1.12144,1000000,1000000
2019.04.30 22:21:18.507,1.12141,1.12145,1250000,1000000
2019.04.30 22:21:47.577,1.12141,1.12146,1690000,1000000
2019.04.30 22:21:56.618,1.12141,1.12145,1000000,1630000
2019.04.30 22:21:56.795,1.12138,1.1214,1500000,1630000
2019.04.30 22:21:56.846,1.12138,1.12143,1000000,1170000
2019.04.30 22:21:56.949,1.12139,1.12144,2250000,1000000
2019.04.30 22:21:57.101,1.12139,1.12143,1000000,1000000
2019.04.30 22:21:57.259,1.12139,1.12144,2250000,1000000
2019.04.30 22:21:58.852,1.12139,1.12143,1000000,1000000
2019.04.30 22:22:00.108,1.12139,1.12144,1500000,1000000
2019.04.30 22:22:00.263,1.12139,1.12143,1000000,1000000
2019.04.30 22:22:00.391,1.12139,1.12144,1500000,1000000
2019.04.30 22:22:12.049,1.12139,1.12143,1000000,1170000
2019.04.30 22:22:12.697,1.12139,1.12144,3000000,1000000
2019.04.30 22:22:14.527,1.1214,1.12144,3000000,1000000
2019.04.30 22:22:15.294,1.1214,1.12143,1000000,1000000
2019.04.30 22:22:15.396,1.12139,1.12143,2250000,1500000
2019.04.30 22:22:19.228,1.1214,1.12144,2250000,1000000
2019.04.30 22:22:19.381,1.1214,1.12143,1500000,1000000
2019.04.30 22:22:19.483,1.1214,1.12144,2250000,1000000
2019.04.30 22:22:19.755,1.1214,1.12143,1500000,1000000
2019.04.30 22:22:19.908,1.12141,1.12146,1420000,2630000
2019.04.30 22:22:20.010,1.12143,1.12146,1000000,1170000
2019.04.30 22:22:20.112,1.12143,1.12147,1000000,1170000
2019.04.30 22:22:22.558,1.12141,1.12145,2500000,1000000
2019.04.30 22:22:22.661,1.1214,1.12144,1690000,1000000
2019.04.30 22:22:22.764,1.1214,1.12143,1000000,1000000
2019.04.30 22:22:22.887,1.1214,1.12144,1690000,1000000
2019.04.30 22:22:23.742,1.1214,1.12143,1000000,1000000
2019.04.30 22:22:24.206,1.1214,1.12142,1000000,1000000
2019.04.30 22:22:24.539,1.1214,1.12143,1000000,1000000
2019.04.30 22:22:26.760,1.12139,1.12143,1000000,1000000
2019.04.30 22:22:27.270,1.12139,1.12142,1000000,1000000
2019.04.30 22:22:30.162,1.12139,1.12143,1000000,1000000
2019.04.30 22:22:37.664,1.12139,1.12144,2440000,1000000
2019.04.30 22:22:37.766,1.12139,1.12143,1000000,1000000
2019.04.30 22:22:38.120,1.12139,1.12142,1000000,1000000
2019.04.30 22:22:38.577,1.12139,1.12143,1000000,1000000
2019.04.30 22:22:43.608,1.12139,1.12144,1690000,1000000
2019.04.30 22:22:43.721,1.12139,1.12143,1000000,1000000
2019.04.30 22:22:44.265,1.12139,1.12144,1690000,1000000
2019.04.30 22:22:44.367,1.12139,1.12142,1000000,1170000
2019.04.30 22:22:44.468,1.12139,1.12143,1000000,1000000
2019.04.30 22:22:48.113,1.12139,1.12144,1690000,1000000
2019.04.30 22:22:52.303,1.12139,1.12143,1000000,1000000
2019.04.30 22:22:56.540,1.1214,1.12142,1000000,1000000
2019.04.30 22:22:59.166,1.1214,1.12143,1000000,1000000
2019.04.30 22:23:02.538,1.12141,1.12143,1000000,1000000
2019.04.30 22:23:04.926,1.1214,1.12143,1000000,1000000
2019.04.30 22:23:13.154,1.1214,1.12144,1250000,1000000
2019.04.30 22:23:20.527,1.12141,1.12145,4750000,1000000
2019.04.30 22:23:23.527,1.1214,1.12144,1500000,1000000
2019.04.30 22:23:28.900,1.1214,1.12143,1000000,1000000
2019.04.30 22:23:29.149,1.1214,1.12144,1500000,1000000
2019.04.30 22:23:29.577,1.12141,1.12143,1000000,1000000
2019.04.30 22:23:31.327,1.12139,1.12143,1000000,1000000
2019.04.30 22:23:31.539,1.12139,1.12144,1500000,1000000
2019.04.30 22:23:33.308,1.12139,1.12143,1000000,1000000
2019.04.30 22:23:35.551,1.12139,1.12144,1500000,1000000
2019.04.30 22:23:38.578,1.12139,1.12143,1000000,1000000
2019.04.30 22:23:43.015,1.12139,1.12144,1500000,1000000
2019.04.30 22:23:44.718,1.12139,1.12143,1000000,1000000
2019.04.30 22:23:48.572,1.12139,1.12144,1500000,1000000
2019.04.30 22:23:48.712,1.12139,1.12143,1000000,1000000
2019.04.30 22:23:49.026,1.1214,1.12143,1000000,1000000
2019.04.30 22:23:49.363,1.1214,1.12144,1500000,1000000
2019.04.30 22:23:52.657,1.1214,1.12143,1000000,1000000
2019.04.30 22:23:54.492,1.1214,1.12144,2250000,1000000
2019.04.30 22:24:02.527,1.12141,1.12144,1870000,1000000
2019.04.30 22:24:07.936,1.1214,1.12144,2620000,1000000
2019.04.30 22:24:09.494,1.1214,1.12143,2250000,1000000
2019.04.30 22:24:09.614,1.1214,1.12144,2620000,1000000
2019.04.30 22:24:17.534,1.1214,1.12143,2250000,1000000
2019.04.30 22:24:19.977,1.1214,1.12144,2620000,1000000
2019.04.30 22:24:26.577,1.1214,1.12143,2250000,1000000
2019.04.30 22:24:28.572,1.1214,1.12144,2620000,1000000
2019.04.30 22:24:32.527,1.12141,1.12144,2620000,1000000
2019.04.30 22:24:32.669,1.12141,1.12143,2250000,1000000
2019.04.30 22:24:38.527,1.1214,1.12143,2250000,1000000
2019.04.30 22:24:40.651,1.1214,1.12144,3000000,1000000
2019.04.30 22:24:44.527,1.12141,1.12144,3000000,1000000
2019.04.30 22:24:46.613,1.12141,1.12143,1000000,1000000
2019.04.30 22:24:47.576,1.1214,1.12143,1000000,1000000
2019.04.30 22:24:53.568,1.1214,1.12144,2250000,1000000
2019.04.30 22:24:56.709,1.1214,1.12143,1000000,1000000
2019.04.30 22:24:56.810,1.1214,1.12144,2250000,1000000
2019.04.30 22:24:59.537,1.1214,1.12143,1000000,1000000
2019.04.30 22:24:59.661,1.1214,1.12144,2250000,1000000
2019.04.30 22:25:10.160,1.1214,1.12143,1500000,1000000
2019.04.30 22:25:14.535,1.12141,1.12143,1000000,1000000
2019.04.30 22:25:15.964,1.12141,1.12144,2440000,1000000
2019.04.30 22:25:20.526,1.1214,1.12144,2440000,1000000
2019.04.30 22:25:23.685,1.12142,1.12145,1500000,1000000
2019.04.30 22:25:23.737,1.12142,1.12147,3940000,1000000
2019.04.30 22:25:23.841,1.12142,1.12147,1250000,1250000
2019.04.30 22:25:23.892,1.12142,1.12148,4310000,1410000
2019.04.30 22:25:24.045,1.12142,1.12147,1000000,1410000
2019.04.30 22:25:25.711,1.12143,1.12148,1500000,1250000
2019.04.30 22:25:26.287,1.12142,1.12144,1250000,1000000
2019.04.30 22:25:26.340,1.1214,1.12144,1250000,1500000
2019.04.30 22:25:26.648,1.1214,1.12143,1000000,1000000
2019.04.30 22:25:29.557,1.12141,1.12143,1000000,1000000
2019.04.30 22:25:32.529,1.1214,1.12143,1000000,1000000
2019.04.30 22:25:41.527,1.12141,1.12143,1000000,1000000
2019.04.30 22:25:44.527,1.1214,1.12143,1500000,1000000
2019.04.30 22:25:51.544,1.1214,1.12144,1120000,1000000
2019.04.30 22:25:56.527,1.12141,1.12144,1870000,1000000
2019.04.30 22:26:02.570,1.1214,1.12143,1500000,1000000
2019.04.30 22:26:03.765,1.12144,1.12146,4870000,1000000
2019.04.30 22:26:03.849,1.12143,1.12145,1870000,1060000
2019.04.30 22:26:03.900,1.1215,1.12151,4500000,1500000
2019.04.30 22:26:03.953,1.12149,1.12153,1000000,1810000
2019.04.30 22:26:04.055,1.12149,1.12154,1500000,1060000
2019.04.30 22:26:04.561,1.12149,1.12153,1000000,1000000
2019.04.30 22:26:04.791,1.12149,1.12152,1000000,1000000
2019.04.30 22:26:04.894,1.12149,1.12153,1000000,1000000
2019.04.30 22:26:05.308,1.12149,1.12152,1000000,1000000
2019.04.30 22:26:05.410,1.12149,1.12153,1000000,1000000
2019.04.30 22:26:11.537,1.1215,1.12153,1000000,1000000
2019.04.30 22:26:23.527,1.12149,1.12153,1000000,1500000
2019.04.30 22:26:23.743,1.12149,1.12154,1500000,1000000
2019.04.30 22:26:25.781,1.12149,1.12152,1500000,1000000
2019.04.30 22:26:25.883,1.12148,1.12151,1000000,1000000
2019.04.30 22:26:26.188,1.12146,1.1215,2500000,3750000
2019.04.30 22:26:26.291,1.12145,1.12148,1000000,1000000
2019.04.30 22:26:26.796,1.12145,1.12149,1690000,1000000
2019.04.30 22:26:29.577,1.12145,1.12148,1000000,1000000
2019.04.30 22:26:33.692,1.12145,1.12149,1690000,1000000
2019.04.30 22:26:39.541,1.12145,1.12148,1000000,1000000
2019.04.30 22:26:39.642,1.12145,1.12149,1250000,1000000
2019.04.30 22:26:44.791,1.12149,1.1215,1000000,1000000
2019.04.30 22:26:44.895,1.1215,1.12154,4000000,1250000
2019.04.30 22:26:44.946,1.1215,1.12152,1250000,1000000
2019.04.30 22:26:45.049,1.12148,1.12152,1750000,1000000
2019.04.30 22:26:46.571,1.12147,1.12151,1690000,1000000
2019.04.30 22:26:50.531,1.12148,1.12151,1690000,1000000
2019.04.30 22:26:56.526,1.12147,1.12151,1690000,1000000
2019.04.30 22:26:59.552,1.12148,1.12151,1690000,1000000
2019.04.30 22:27:02.526,1.12147,1.12151,1250000,1000000
2019.04.30 22:27:08.527,1.12148,1.12151,2440000,1000000
2019.04.30 22:27:11.527,1.12147,1.12151,1250000,1000000
2019.04.30 22:27:18.077,1.12146,1.12149,1000000,1000000
2019.04.30 22:27:18.179,1.12145,1.12149,1500000,1000000
2019.04.30 22:27:18.282,1.12145,1.12148,1500000,1000000
2019.04.30 22:27:18.384,1.12145,1.12147,1000000,1000000
2019.04.30 22:27:18.539,1.12145,1.12148,1500000,1000000
2019.04.30 22:27:19.716,1.12144,1.12148,1500000,1690000
2019.04.30 22:27:22.402,1.12144,1.12149,1500000,1250000
2019.04.30 22:27:23.812,1.12144,1.1215,2810000,1250000
2019.04.30 22:27:24.496,1.12144,1.12149,1500000,1250000
2019.04.30 22:27:26.542,1.12144,1.1215,2810000,1250000
2019.04.30 22:27:29.558,1.12145,1.1215,4310000,1000000
2019.04.30 22:27:32.527,1.12144,1.1215,3560000,1250000
2019.04.30 22:27:50.578,1.12144,1.12149,1500000,1250000
2019.04.30 22:27:53.577,1.12144,1.1215,1310000,1250000
2019.04.30 22:27:54.532,1.12144,1.12148,1500000,1250000
2019.04.30 22:27:56.527,1.12145,1.12148,1500000,1000000
2019.04.30 22:27:57.498,1.12145,1.12149,1500000,1000000
2019.04.30 22:27:58.573,1.12145,1.1215,3940000,1000000
2019.04.30 22:27:58.676,1.12145,1.12148,1000000,1000000
2019.04.30 22:27:58.779,1.12145,1.1215,5890000,1000000
2019.04.30 22:27:58.882,1.12145,1.12149,1500000,1000000
2019.04.30 22:28:02.577,1.12145,1.12148,1000000,1000000
2019.04.30 22:28:03.302,1.12145,1.12147,1000000,1000000
2019.04.30 22:28:03.455,1.12145,1.12148,1000000,1000000
2019.04.30 22:28:03.557,1.12145,1.12149,1690000,1000000
2019.04.30 22:28:08.533,1.12144,1.12149,2440000,1500000
2019.04.30 22:28:10.182,1.12144,1.12148,1000000,1500000
2019.04.30 22:28:54.393,1.12144,1.12149,1690000,1000000
2019.04.30 22:28:54.494,1.12144,1.12148,1000000,1500000
2019.04.30 22:28:54.848,1.12144,1.12149,1690000,1000000
2019.04.30 22:29:02.527,1.12145,1.12149,2440000,1000000
2019.04.30 22:29:05.530,1.12144,1.12149,2250000,1500000
2019.04.30 22:29:21.018,1.12144,1.12148,1000000,1000000
2019.04.30 22:29:22.111,1.12143,1.12148,1750000,1690000
2019.04.30 22:29:24.887,1.12145,1.12147,1690000,1000000
2019.04.30 22:29:29.554,1.12144,1.12148,1250000,1000000
2019.04.30 22:29:38.527,1.12145,1.12147,1250000,1000000
2019.04.30 22:29:44.527,1.12144,1.12148,1250000,1000000
2019.04.30 22:29:59.527,1.12145,1.12148,1250000,1000000
2019.04.30 22:30:01.852,1.12144,1.12149,2270000,1000000
2019.04.30 22:30:03.148,1.12144,1.12148,1000000,1000000
2019.04.30 22:30:03.525,1.12144,1.12149,1690000,1000000
2019.04.30 22:30:07.776,1.12144,1.12149,1750000,1000000
2019.04.30 22:30:08.142,1.12145,1.12149,2500000,1000000
2019.04.30 22:30:11.526,1.12144,1.12149,2490000,1000000
2019.04.30 22:30:16.369,1.12144,1.12147,1000000,1500000
2019.04.30 22:30:16.471,1.12144,1.12149,1750000,1000000
2019.04.30 22:30:22.750,1.12145,1.12148,2440000,1000000
2019.04.30 22:30:24.529,1.12145,1.12147,1000000,1000000
2019.04.30 22:30:26.527,1.12144,1.12147,1000000,3000000
2019.04.30 22:30:27.250,1.12144,1.12148,1500000,1010000
2019.04.30 22:30:27.352,1.12144,1.1215,4560000,1000000
2019.04.30 22:30:27.506,1.12144,1.12148,1500000,1000000
2019.04.30 22:30:29.838,1.12144,1.12149,2440000,1000000
2019.04.30 22:30:30.073,1.12144,1.12148,1500000,1000000
2019.04.30 22:30:30.197,1.12144,1.12147,1000000,3000000
2019.04.30 22:30:30.308,1.12144,1.12148,1500000,1000000
2019.04.30 22:30:39.539,1.12144,1.12147,1000000,3010000
2019.04.30 22:30:41.577,1.12144,1.12148,1500000,1010000
2019.04.30 22:30:43.327,1.12144,1.12149,2440000,1010000
2019.04.30 22:30:43.553,1.12144,1.12148,1000000,1010000
2019.04.30 22:30:49.349,1.12145,1.12149,1690000,1000000
2019.04.30 22:30:49.624,1.12145,1.12148,1000000,1000000
2019.04.30 22:30:50.272,1.12145,1.12149,1690000,1000000
2019.04.30 22:30:51.530,1.12145,1.12148,1000000,1000000
2019.04.30 22:30:51.685,1.12145,1.12149,1690000,1000000
2019.04.30 22:30:52.787,1.12145,1.12148,1000000,1000000
2019.04.30 22:30:52.889,1.12145,1.12149,1080000,1000000
2019.04.30 22:30:52.995,1.12145,1.1215,3810000,1010000
2019.04.30 22:30:53.149,1.12145,1.12149,1080000,1000000
2019.04.30 22:30:53.490,1.12145,1.12148,1000000,1000000
2019.04.30 22:30:53.592,1.12145,1.1215,9440000,1000000
2019.04.30 22:30:53.847,1.12145,1.12148,1000000,1000000
2019.04.30 22:30:53.948,1.12145,1.1215,3440000,1000000
2019.04.30 22:30:54.205,1.12145,1.12147,1000000,1010000
2019.04.30 22:30:54.257,1.12145,1.1215,3440000,1000000
2019.04.30 22:30:55.084,1.12145,1.12148,1000000,1000000
2019.04.30 22:30:57.213,1.12144,1.12148,1000000,1010000
2019.04.30 22:30:57.467,1.12144,1.12147,1000000,3010000
2019.04.30 22:30:57.640,1.12144,1.12148,1500000,1010000
2019.04.30 22:31:14.655,1.12144,1.12149,2250000,1730000
2019.04.30 22:31:14.758,1.1215,1.12153,4500000,1000000
2019.04.30 22:31:14.860,1.1215,1.12152,1000000,1000000
2019.04.30 22:31:14.963,1.1215,1.12153,3750000,1000000
2019.04.30 22:31:15.262,1.1215,1.12152,1000000,1000000
2019.04.30 22:31:16.158,1.1215,1.12153,2250000,1000000
2019.04.30 22:31:16.312,1.12148,1.12153,2250000,1000000
2019.04.30 22:31:16.465,1.12149,1.12153,2250000,1000000
2019.04.30 22:31:17.168,1.12149,1.12152,1000000,1000000
2019.04.30 22:31:19.202,1.12146,1.1215,2250000,4870000
2019.04.30 22:31:19.304,1.12146,1.12148,1000000,1500000
2019.04.30 22:31:19.443,1.12145,1.12148,1500000,3000000
2019.04.30 22:31:19.546,1.12144,1.12148,1000000,1840000
2019.04.30 22:31:24.489,1.12144,1.12148,1000000,2640000
2019.04.30 22:31:25.245,1.12144,1.12149,4690000,1650000
2019.04.30 22:31:26.577,1.12144,1.12148,1000000,3900000
2019.04.30 22:31:32.578,1.12144,1.12149,4690000,1650000
2019.04.30 22:31:46.754,1.12145,1.12148,1000000,1000000
2019.04.30 22:31:50.527,1.12144,1.12148,1000000,1200000
2019.04.30 22:31:54.628,1.12144,1.12147,1000000,1650000
2019.04.30 22:31:56.577,1.12144,1.12148,1000000,1200000
2019.04.30 22:31:59.527,1.12145,1.12148,1000000,1000000
2019.04.30 22:32:06.119,1.12145,1.12149,2440000,1000000
2019.04.30 22:32:08.526,1.12144,1.12149,1690000,1200000
2019.04.30 22:32:22.823,1.12144,1.12148,1000000,1650000
2019.04.30 22:32:22.996,1.12144,1.12146,1000000,1200000
2019.04.30 22:32:23.098,1.12144,1.12148,1500000,1200000
2019.04.30 22:32:23.755,1.12142,1.12146,1120000,1000000
2019.04.30 22:32:23.859,1.1214,1.12144,2250000,1890000
2019.04.30 22:32:23.998,1.1214,1.12144,1000000,1090000
2019.04.30 22:32:25.089,1.1214,1.12145,4500000,1090000
2019.04.30 22:32:26.352,1.12143,1.12148,4500000,1090000
2019.04.30 22:32:26.454,1.12144,1.12149,2440000,1000000
2019.04.30 22:32:27.573,1.12144,1.12148,1500000,1000000
2019.04.30 22:32:28.041,1.12144,1.12149,3190000,1000000
2019.04.30 22:32:29.155,1.12144,1.12148,1500000,1000000
2019.04.30 22:32:29.257,1.12144,1.12149,3190000,1000000
2019.04.30 22:33:02.571,1.12145,1.12149,2440000,1000000
2019.04.30 22:33:11.527,1.12144,1.12149,2440000,1000000
2019.04.30 22:33:20.526,1.12145,1.12149,2440000,1000000
2019.04.30 22:33:21.026,1.12145,1.12148,1000000,1000000
2019.04.30 22:33:22.372,1.12144,1.12148,1500000,1000000
2019.04.30 22:33:22.500,1.12144,1.12149,3940000,1000000
2019.04.30 22:33:22.989,1.12144,1.12148,1500000,1000000
2019.04.30 22:33:23.712,1.12144,1.12149,4690000,1000000
2019.04.30 22:33:26.404,1.12144,1.12148,1500000,1000000
2019.04.30 22:33:26.578,1.12144,1.12149,3750000,1000000
2019.04.30 22:33:29.527,1.12145,1.12149,4500000,1000000
2019.04.30 22:33:36.633,1.12145,1.12148,1500000,1000000
2019.04.30 22:33:41.527,1.12144,1.12148,1500000,1000000
2019.04.30 22:33:45.668,1.12144,1.12149,3000000,1000000
2019.04.30 22:34:05.527,1.12145,1.12149,3750000,1000000
2019.04.30 22:34:06.994,1.12145,1.12148,1000000,1000000
2019.04.30 22:34:09.494,1.12145,1.12149,3000000,1000000
2019.04.30 22:34:10.904,1.12145,1.12148,1000000,1000000
2019.04.30 22:34:11.526,1.12144,1.12148,1000000,1000000
2019.04.30 22:34:13.097,1.12144,1.12149,3750000,1000000
2019.04.30 22:34:16.893,1.12144,1.12148,1000000,1000000
2019.04.30 22:34:17.213,1.12144,1.12149,3750000,1000000
2019.04.30 22:34:19.812,1.12144,1.12148,1000000,1000000
2019.04.30 22:34:22.993,1.12144,1.12149,3750000,1000000
2019.04.30 22:34:23.096,1.12145,1.12148,1000000,1000000
2019.04.30 22:34:26.137,1.12144,1.12149,1870000,1200000
2019.04.30 22:34:27.195,1.12145,1.12149,1870000,1250000
2019.04.30 22:34:36.674,1.12145,1.1215,6190000,1000000
2019.04.30 22:34:38.427,1.12145,1.12149,1500000,1000000
2019.04.30 22:34:38.534,1.12145,1.1215,6190000,1000000
2019.04.30 22:34:50.901,1.12145,1.12149,1500000,1250000
2019.04.30 22:34:52.191,1.12145,1.1215,5250000,1250000
2019.04.30 22:35:05.526,1.12146,1.1215,1500000,1000000
2019.04.30 22:35:12.017,1.12145,1.1215,3000000,1250000
2019.04.30 22:35:12.119,1.12145,1.1215,4000000,1250000
2019.04.30 22:35:17.526,1.12146,1.1215,3250000,1000000
2019.04.30 22:35:20.527,1.12145,1.12149,1250000,1250000
2019.04.30 22:35:41.527,1.12146,1.1215,2870000,1000000
2019.04.30 22:35:44.557,1.12145,1.12149,1250000,1250000
2019.04.30 22:36:02.527,1.12146,1.12149,1250000,1000000
2019.04.30 22:36:05.527,1.12145,1.12149,1250000,1090000
2019.04.30 22:36:14.526,1.12146,1.12149,1500000,1000000
2019.04.30 22:36:17.162,1.12146,1.12149,1500000,1000000
2019.04.30 22:36:17.527,1.12145,1.12149,1500000,1270000
2019.04.30 22:36:33.911,1.12145,1.12149,1500000,1000000
2019.04.30 22:36:34.115,1.12145,1.1215,1500000,1000000
2019.04.30 22:36:35.578,1.12145,1.12149,1000000,1000000
2019.04.30 22:36:41.577,1.12145,1.1215,1500000,1000000
2019.04.30 22:36:56.898,1.12145,1.12148,1000000,1200000
2019.04.30 22:37:00.847,1.12145,1.12149,1500000,1000000
2019.04.30 22:37:02.557,1.12145,1.1215,1500000,1000000
2019.04.30 22:37:08.880,1.12145,1.12149,1000000,1000000
2019.04.30 22:37:14.129,1.12145,1.1215,3750000,1000000
2019.04.30 22:37:17.577,1.12145,1.12149,1500000,1000000
2019.04.30 22:37:20.577,1.12145,1.1215,3750000,1000000
2019.04.30 22:37:26.564,1.12146,1.12149,1500000,1000000
2019.04.30 22:37:29.576,1.12146,1.1215,4500000,1000000
2019.04.30 22:37:35.526,1.12145,1.1215,3750000,1000000
2019.04.30 22:37:46.929,1.12145,1.12149,2250000,1000000
2019.04.30 22:37:47.081,1.12145,1.12148,1500000,1000000
2019.04.30 22:37:47.527,1.12146,1.12148,1500000,1000000
2019.04.30 22:37:52.274,1.12144,1.12149,2250000,2900000
2019.04.30 22:37:53.208,1.12144,1.1215,4500000,1130000
2019.04.30 22:37:53.327,1.12144,1.12149,1000000,1700000
2019.04.30 22:38:06.619,1.12144,1.12148,1000000,1700000
2019.04.30 22:38:26.561,1.12145,1.12149,2250000,1280000
2019.04.30 22:38:35.528,1.12144,1.12149,1500000,2780000
2019.04.30 22:38:35.807,1.12144,1.1215,5250000,1280000
2019.04.30 22:38:36.832,1.12144,1.12149,2250000,2030000
2019.04.30 22:38:36.989,1.12144,1.12148,1000000,3650000
2019.04.30 22:38:37.127,1.12144,1.12149,1500000,1400000
2019.04.30 22:38:44.527,1.12145,1.12149,2250000,1000000
2019.04.30 22:38:44.724,1.12145,1.12148,1000000,1000000
2019.04.30 22:38:46.953,1.12145,1.12149,2250000,1000000
2019.04.30 22:38:47.526,1.12144,1.12149,1500000,1400000
2019.04.30 22:38:59.527,1.12145,1.12149,2250000,1000000
2019.04.30 22:39:02.528,1.12144,1.12149,1500000,1280000
2019.04.30 22:39:11.564,1.12145,1.12149,2250000,1000000
2019.04.30 22:39:17.528,1.12144,1.12149,1500000,1280000
2019.04.30 22:39:32.526,1.12145,1.12149,2250000,1000000
2019.04.30 22:39:35.526,1.12144,1.12149,2250000,3130000
2019.04.30 22:39:35.822,1.12147,1.1215,1000000,1310000
2019.04.30 22:39:35.925,1.12147,1.12151,1000000,4370000
2019.04.30 22:39:36.034,1.12148,1.12152,1250000,2060000
2019.04.30 22:39:36.239,1.1215,1.12154,2810000,1000000
2019.04.30 22:39:40.958,1.12149,1.12154,1690000,1310000
2019.04.30 22:39:44.624,1.12149,1.12153,1000000,4310000
2019.04.30 22:39:50.527,1.1215,1.12153,1000000,1000000
2019.04.30 22:39:56.541,1.12149,1.12154,1690000,1310000
2019.04.30 22:40:03.625,1.12149,1.12154,1250000,1750000
2019.04.30 22:40:10.272,1.1215,1.12154,1750000,1120000
2019.04.30 22:40:31.232,1.1215,1.12154,1690000,1120000
2019.04.30 22:40:33.327,1.12147,1.12151,4500000,5000000
2019.04.30 22:40:33.430,1.12147,1.12149,1250000,1690000
2019.04.30 22:40:33.532,1.12146,1.12149,1500000,1170000
2019.04.30 22:40:34.808,1.12146,1.1215,2060000,1000000
2019.04.30 22:40:35.027,1.12146,1.12149,1000000,1000000
2019.04.30 22:40:35.903,1.12146,1.12148,1000000,1000000
2019.04.30 22:40:37.505,1.12146,1.12149,1000000,1000000
2019.04.30 22:40:37.835,1.12146,1.1215,2060000,1000000
2019.04.30 22:40:38.526,1.12145,1.1215,2060000,1000000
2019.04.30 22:40:40.530,1.12145,1.12148,1000000,1500000
2019.04.30 22:40:40.632,1.12145,1.12149,1500000,1000000
2019.04.30 22:40:40.745,1.12145,1.1215,2060000,1000000
2019.04.30 22:40:47.077,1.12145,1.12149,1000000,1270000
2019.04.30 22:40:53.595,1.12145,1.12148,1000000,1500000
2019.04.30 22:40:54.542,1.12145,1.12149,1500000,1000000
2019.04.30 22:40:55.712,1.12145,1.12148,1000000,1270000
2019.04.30 22:40:56.527,1.12146,1.12148,1000000,1000000
2019.04.30 22:40:59.527,1.12145,1.12148,1000000,1270000
2019.04.30 22:41:08.526,1.12146,1.12148,1000000,1000000
2019.04.30 22:41:09.540,1.12146,1.12149,1500000,1000000
2019.04.30 22:41:13.442,1.12145,1.12149,1500000,1000000
2019.04.30 22:41:13.544,1.12145,1.1215,1690000,1000000
2019.04.30 22:41:13.826,1.12145,1.12149,1000000,1500000
2019.04.30 22:41:16.432,1.12145,1.1215,1690000,1000000
2019.04.30 22:41:16.534,1.12145,1.12148,1000000,1500000
2019.04.30 22:41:16.635,1.12145,1.12149,1500000,1000000
2019.04.30 22:41:16.958,1.12145,1.12148,1000000,1500000
2019.04.30 22:41:20.181,1.12145,1.12149,1500000,1000000
2019.04.30 22:41:20.575,1.12145,1.12148,1000000,1500000
2019.04.30 22:41:23.208,1.12145,1.12149,1000000,1500000
2019.04.30 22:41:23.361,1.12147,1.12151,6000000,3940000
2019.04.30 22:41:23.498,1.12149,1.12153,1500000,1120000
2019.04.30 22:41:23.602,1.1215,1.12154,1500000,1690000
2019.04.30 22:41:24.016,1.1215,1.12155,6000000,2440000
2019.04.30 22:41:24.204,1.1215,1.12154,1500000,2440000
2019.04.30 22:41:29.526,1.12151,1.12155,4000000,1000000
2019.04.30 22:41:31.058,1.1215,1.12155,5500000,2440000
2019.04.30 22:41:31.162,1.1215,1.12156,6370000,3250000
2019.04.30 22:41:31.317,1.12154,1.12156,1120000,1000000
2019.04.30 22:41:31.368,1.12154,1.12159,3190000,1500000
2019.04.30 22:41:31.573,1.12154,1.12158,1000000,4120000
2019.04.30 22:41:31.891,1.12154,1.12159,2440000,1870000
2019.04.30 22:41:34.807,1.12154,1.12158,1000000,1440000
2019.04.30 22:41:36.310,1.12154,1.12159,1690000,1090000
2019.04.30 22:41:42.876,1.12154,1.12158,1000000,4050000
2019.04.30 22:41:42.977,1.12154,1.12159,1690000,1800000
2019.04.30 22:41:48.010,1.12154,1.12158,1000000,1900000
2019.04.30 22:41:50.166,1.12154,1.12158,1000000,4090000
2019.04.30 22:41:50.527,1.12154,1.12159,2440000,1840000
2019.04.30 22:41:58.653,1.12154,1.12158,1000000,1900000
2019.04.30 22:42:00.013,1.12154,1.12159,1690000,1840000
2019.04.30 22:42:02.534,1.12155,1.12159,2440000,1000000
2019.04.30 22:42:02.762,1.12155,1.12158,1000000,1000000
2019.04.30 22:42:03.425,1.12155,1.12159,3190000,1000000
2019.04.30 22:42:08.298,1.12155,1.12158,1000000,1090000
2019.04.30 22:42:13.048,1.12154,1.12158,1000000,1840000
2019.04.30 22:42:13.554,1.12154,1.12159,1690000,1840000
2019.04.30 22:42:14.312,1.12154,1.12157,1500000,1900000
2019.04.30 22:42:15.200,1.12154,1.12158,1000000,1050000
2019.04.30 22:42:19.398,1.12154,1.12158,1500000,1400000
2019.04.30 22:42:21.710,1.12154,1.12158,1000000,1090000
2019.04.30 22:42:23.528,1.12155,1.12158,1000000,1000000
2019.04.30 22:42:24.491,1.12155,1.12159,2440000,1000000
2019.04.30 22:42:29.528,1.12154,1.12159,1690000,1090000
2019.04.30 22:42:31.391,1.12154,1.12158,1000000,1050000
2019.04.30 22:42:33.968,1.12154,1.12159,2250000,1090000
2019.04.30 22:42:41.909,1.12155,1.12159,1000000,1000000
2019.04.30 22:42:42.011,1.12155,1.12158,1500000,1690000
2019.04.30 22:42:42.632,1.12155,1.12159,1500000,1000000
2019.04.30 22:42:44.624,1.12155,1.12157,1000000,1840000
2019.04.30 22:42:44.745,1.12155,1.12158,1000000,1840000
2019.04.30 22:42:45.556,1.12155,1.12159,1500000,1500000
2019.04.30 22:42:47.635,1.12155,1.12158,1000000,1840000
2019.04.30 22:42:50.578,1.12155,1.12159,1500000,1500000
2019.04.30 22:42:55.985,1.12155,1.1216,5810000,1500000
2019.04.30 22:42:56.253,1.12155,1.12159,1000000,1500000
2019.04.30 22:42:56.526,1.12156,1.12159,1000000,1000000
2019.04.30 22:42:56.729,1.12155,1.12159,1000000,1000000
2019.04.30 22:43:04.220,1.12155,1.1216,2810000,1000000
2019.04.30 22:43:05.527,1.12156,1.1216,3190000,1000000
2019.04.30 22:43:05.578,1.12154,1.1216,2440000,1270000
2019.04.30 22:43:06.275,1.12154,1.12159,1000000,1650000
2019.04.30 22:43:06.735,1.12155,1.1216,3190000,1000000
2019.04.30 22:43:08.606,1.12155,1.12159,1000000,1000000
2019.04.30 22:43:11.091,1.12155,1.1216,3190000,1000000
2019.04.30 22:43:20.545,1.12156,1.12159,1000000,1000000
2019.04.30 22:43:20.596,1.12154,1.12159,1000000,3190000
2019.04.30 22:43:21.599,1.12155,1.12159,1000000,1000000
2019.04.30 22:43:24.241,1.12155,1.1216,2440000,1000000
2019.04.30 22:43:39.287,1.12155,1.12159,1500000,1000000
2019.04.30 22:43:41.578,1.12155,1.12158,1000000,1000000
2019.04.30 22:43:41.691,1.12155,1.12159,2250000,1000000
2019.04.30 22:43:42.023,1.12154,1.12159,1690000,1500000
2019.04.30 22:43:50.355,1.12154,1.12158,1000000,3750000
2019.04.30 22:43:50.577,1.12154,1.12159,1690000,1500000
2019.04.30 22:44:08.577,1.12154,1.12158,1000000,3750000
2019.04.30 22:44:14.577,1.12154,1.12159,1690000,1500000
2019.04.30 22:44:23.425,1.12155,1.12159,1500000,1000000
2019.04.30 22:44:29.485,1.12155,1.12158,1000000,1000000
2019.04.30 22:44:29.586,1.12155,1.12159,1500000,1000000
2019.04.30 22:44:30.212,1.12155,1.12158,1000000,1000000
2019.04.30 22:44:32.454,1.12154,1.12159,1500000,1690000
2019.04.30 22:44:35.412,1.12154,1.12158,1000000,1690000
2019.04.30 22:44:35.514,1.12154,1.12159,1500000,1690000
2019.04.30 22:44:39.005,1.12154,1.12158,1000000,1690000
2019.04.30 22:44:39.513,1.12154,1.12159,1500000,1250000
2019.04.30 22:44:43.544,1.12155,1.12159,1000000,1750000
2019.04.30 22:44:46.593,1.12155,1.12159,1250000,1690000
2019.04.30 22:44:50.358,1.12154,1.12159,1250000,3000000
2019.04.30 22:44:50.460,1.12154,1.12158,1000000,3750000
2019.04.30 22:44:51.018,1.12154,1.12159,1690000,2500000
2019.04.30 22:44:53.277,1.12154,1.12159,3940000,1000000
2019.04.30 22:44:53.531,1.12154,1.12158,1000000,2250000
2019.04.30 22:44:53.633,1.12154,1.12159,3940000,1000000
2019.04.30 22:44:53.735,1.12154,1.12158,1000000,1000000
2019.04.30 22:44:55.596,1.12154,1.12159,3190000,1000000
2019.04.30 22:44:56.543,1.12153,1.12159,3190000,2060000
2019.04.30 22:44:59.834,1.12153,1.12156,8250000,1250000
2019.04.30 22:44:59.986,1.12144,1.12145,1000000,1310000
2019.04.30 22:45:00.090,1.12143,1.12144,2440000,2170000
2019.04.30 22:45:00.143,1.12138,1.12141,5620000,3190000
2019.04.30 22:45:00.195,1.12137,1.12139,1120000,1200000
2019.04.30 22:45:00.305,1.12134,1.12138,1690000,1000000
2019.04.30 22:45:00.356,1.12133,1.12135,1690000,1900000
2019.04.30 22:45:00.408,1.12133,1.12134,1000000,1200000
2019.04.30 22:45:00.510,1.1213,1.12133,1500000,1400000
2019.04.30 22:45:00.561,1.1213,1.12131,1000000,1310000
2019.04.30 22:45:00.663,1.12127,1.12131,1500000,2150000
2019.04.30 22:45:00.765,1.12127,1.12131,1000000,1250000
2019.04.30 22:45:00.867,1.12128,1.12132,3560000,1090000
2019.04.30 22:45:00.969,1.12128,1.12132,1500000,1750000
2019.04.30 22:45:01.194,1.12128,1.12131,1500000,1450000
2019.04.30 22:45:01.297,1.12128,1.12132,1870000,1450000
2019.04.30 22:45:01.450,1.12128,1.12133,2030000,1450000
2019.04.30 22:45:01.557,1.12131,1.12133,1250000,1000000
2019.04.30 22:45:01.660,1.12129,1.12134,1250000,1750000
2019.04.30 22:45:01.762,1.12129,1.12134,1250000,1450000
2019.04.30 22:45:01.915,1.12129,1.12134,1250000,1450000
2019.04.30 22:45:01.996,1.12128,1.12134,3190000,2440000
2019.04.30 22:45:02.100,1.12128,1.12133,1690000,1950000
2019.04.30 22:45:02.152,1.12127,1.12129,1000000,1120000
2019.04.30 22:45:02.256,1.12123,1.12128,1000000,4950000
2019.04.30 22:45:02.359,1.12123,1.12129,1500000,4900000
2019.04.30 22:45:02.510,1.12126,1.1213,1000000,2440000
2019.04.30 22:45:02.612,1.12127,1.12132,1690000,3390000
2019.04.30 22:45:02.714,1.12128,1.12134,2680000,1890000
2019.04.30 22:45:02.816,1.12128,1.12133,1250000,1890000
2019.04.30 22:45:02.918,1.1213,1.12135,1120000,2310000
2019.04.30 22:45:03.021,1.12132,1.12137,1000000,3820000
2019.04.30 22:45:03.124,1.12133,1.12138,3250000,2270000
2019.04.30 22:45:03.736,1.12134,1.12138,1500000,1250000
2019.04.30 22:45:04.691,1.12134,1.12139,1000000,2690000
2019.04.30 22:45:04.799,1.12135,1.1214,1760000,1440000
2019.04.30 22:45:04.902,1.12134,1.1214,1500000,4560000
2019.04.30 22:45:05.055,1.12138,1.12141,2740000,1000000
2019.04.30 22:45:05.157,1.12139,1.12143,1250000,1440000
2019.04.30 22:45:05.314,1.12139,1.12145,6250000,1440000
2019.04.30 22:45:05.418,1.12136,1.1214,1250000,2090000
2019.04.30 22:45:05.565,1.12133,1.12139,1000000,3910000
2019.04.30 22:45:05.668,1.12134,1.1214,2440000,1040000
2019.04.30 22:45:05.873,1.12133,1.1214,1700000,2690000
2019.04.30 22:45:06.029,1.12133,1.12139,1250000,2510000
2019.04.30 22:45:06.605,1.12133,1.12139,1690000,1880000
2019.04.30 22:45:06.776,1.12133,1.12139,2440000,1690000
2019.04.30 22:45:06.979,1.12133,1.12138,1000000,1830000
2019.04.30 22:45:07.031,1.12132,1.12134,1250000,1190000
2019.04.30 22:45:07.133,1.12128,1.12133,2620000,1880000
2019.04.30 22:45:07.240,1.12124,1.12129,1750000,1250000
2019.04.30 22:45:07.445,1.12123,1.12128,1250000,2690000
2019.04.30 22:45:07.727,1.12123,1.12127,1500000,1690000
2019.04.30 22:45:07.830,1.12123,1.12127,1500000,2810000
2019.04.30 22:45:08.088,1.12123,1.12127,1000000,2810000
2019.04.30 22:45:08.238,1.12127,1.12132,1690000,2690000
2019.04.30 22:45:08.341,1.12128,1.12134,1250000,1440000
2019.04.30 22:45:08.443,1.12128,1.12134,1750000,1690000
2019.04.30 22:45:10.167,1.12129,1.12135,5440000,2000000
2019.04.30 22:45:10.288,1.12132,1.12136,1000000,2680000
2019.04.30 22:45:10.340,1.12133,1.12139,1370000,1440000
2019.04.30 22:45:10.442,1.12133,1.12139,3560000,1440000
2019.04.30 22:45:10.696,1.12132,1.12138,1000000,4500000
2019.04.30 22:45:10.748,1.12133,1.12136,2620000,1000000
2019.04.30 22:45:10.845,1.12131,1.12135,1000000,1250000
2019.04.30 22:45:10.948,1.12129,1.12134,1000000,4010000
2019.04.30 22:45:11.153,1.12129,1.12135,1000000,3750000
2019.04.30 22:45:11.255,1.1213,1.12134,1120000,1190000
2019.04.30 22:45:11.868,1.12129,1.12135,4690000,3250000
2019.04.30 22:45:12.021,1.12129,1.12134,1250000,6310000
2019.04.30 22:45:12.222,1.12132,1.12134,1250000,1500000
2019.04.30 22:45:12.274,1.12133,1.12139,3190000,1440000
2019.04.30 22:45:12.378,1.12133,1.12138,1000000,5250000
2019.04.30 22:45:12.480,1.12133,1.12139,3190000,2250000
2019.04.30 22:45:13.484,1.12134,1.1214,5120000,1310000
2019.04.30 22:45:13.586,1.12135,1.1214,1120000,1560000
2019.04.30 22:45:16.006,1.12136,1.12142,3750000,1940000
2019.04.30 22:45:16.210,1.12137,1.12142,2250000,1880000
2019.04.30 22:45:16.313,1.12138,1.12144,4690000,1440000
2019.04.30 22:45:16.405,1.12138,1.12142,1250000,1190000
2019.04.30 22:45:16.508,1.12136,1.1214,1500000,1690000
2019.04.30 22:45:17.238,1.12134,1.12139,2250000,2440000
2019.04.30 22:45:17.803,1.12134,1.1214,8440000,1190000
2019.04.30 22:45:18.219,1.12134,1.1214,8500000,1080000
2019.04.30 22:45:18.443,1.12133,1.12138,1000000,2760000
2019.04.30 22:45:18.718,1.12133,1.12139,2440000,2760000
2019.04.30 22:45:18.820,1.12134,1.12138,1000000,1080000
2019.04.30 22:45:19.079,1.12132,1.12138,2440000,1690000
2019.04.30 22:45:19.181,1.12132,1.12137,1000000,1640000
2019.04.30 22:45:19.385,1.12131,1.12136,1000000,4010000
2019.04.30 22:45:19.487,1.12131,1.12135,2250000,1190000
2019.04.30 22:45:19.538,1.12131,1.12135,2250000,1000000
2019.04.30 22:45:19.727,1.12131,1.12134,1000000,1000000
2019.04.30 22:45:19.830,1.12129,1.12133,1000000,1190000
2019.04.30 22:45:19.934,1.12129,1.12134,3000000,1190000
2019.04.30 22:45:20.139,1.12129,1.12134,3000000,1190000
2019.04.30 22:45:20.304,1.12129,1.12134,1000000,2440000
2019.04.30 22:45:20.407,1.12132,1.12137,2250000,3440000
2019.04.30 22:45:20.509,1.12133,1.12138,2250000,2580000
2019.04.30 22:45:21.285,1.12133,1.12139,3110000,1500000
2019.04.30 22:45:21.387,1.12133,1.12139,3750000,1880000
2019.04.30 22:45:21.789,1.12133,1.12138,1500000,1450000
2019.04.30 22:45:21.891,1.12133,1.12139,3150000,2250000
2019.04.30 22:45:23.152,1.12132,1.12135,1500000,1500000
2019.04.30 22:45:23.254,1.12129,1.12135,4310000,1270000
2019.04.30 22:45:23.356,1.12129,1.12134,1500000,1000000
2019.04.30 22:45:23.568,1.12129,1.12133,1000000,1190000
2019.04.30 22:45:27.104,1.12129,1.12135,7150000,1190000
2019.04.30 22:45:27.260,1.12131,1.12134,1150000,1000000
2019.04.30 22:45:27.392,1.12132,1.12137,2250000,1500000
2019.04.30 22:45:27.494,1.12133,1.12139,1690000,1690000
2019.04.30 22:45:28.150,1.12133,1.12139,5440000,1640000
2019.04.30 22:45:28.253,1.12132,1.12139,4090000,2630000
2019.04.30 22:45:29.546,1.12131,1.12137,1000000,4130000
2019.04.30 22:45:29.648,1.12131,1.12138,3940000,5630000
2019.04.30 22:45:29.953,1.12132,1.12137,1000000,2390000
2019.04.30 22:45:30.005,1.12133,1.12137,1000000,1440000
2019.04.30 22:45:30.438,1.12133,1.12137,1000000,1000000
2019.04.30 22:45:30.540,1.12133,1.12137,1000000,1440000
2019.04.30 22:45:30.642,1.12133,1.12137,1500000,3330000
2019.04.30 22:45:33.296,1.12134,1.12137,1000000,1000000
2019.04.30 22:45:33.833,1.12133,1.12137,1000000,3700000
2019.04.30 22:45:33.987,1.12132,1.12135,4690000,1000000
2019.04.30 22:45:34.038,1.1213,1.12135,3190000,1290000
2019.04.30 22:45:34.140,1.12129,1.12134,1500000,1190000
2019.04.30 22:45:34.243,1.12129,1.12133,2360000,1690000
2019.04.30 22:45:34.662,1.12129,1.12134,3750000,1190000
2019.04.30 22:45:36.123,1.12129,1.12133,2250000,1270000
2019.04.30 22:45:36.527,1.12128,1.12134,3860000,1880000
2019.04.30 22:45:38.137,1.12128,1.12132,1000000,1190000
2019.04.30 22:45:38.242,1.12128,1.12133,1050000,1190000
2019.04.30 22:45:38.396,1.12128,1.12132,1500000,1190000
2019.04.30 22:45:38.556,1.12127,1.12132,1000000,1830000
2019.04.30 22:45:38.659,1.12127,1.12131,1000000,1080000
2019.04.30 22:45:39.542,1.12127,1.1213,1000000,1690000
2019.04.30 22:45:40.482,1.12127,1.12132,1000000,1080000
2019.04.30 22:45:40.533,1.12127,1.12133,2250000,4500000
2019.04.30 22:45:40.701,1.12129,1.12133,1000000,1890000
2019.04.30 22:45:40.907,1.12129,1.12133,1500000,1190000
2019.04.30 22:45:41.009,1.12127,1.12133,2440000,3000000
2019.04.30 22:45:41.111,1.12127,1.12132,1250000,2580000
2019.04.30 22:45:41.246,1.12127,1.12131,1000000,3890000
2019.04.30 22:45:41.397,1.12127,1.12132,1250000,1640000
2019.04.30 22:45:41.707,1.12127,1.12131,1000000,3890000
2019.04.30 22:45:41.863,1.12125,1.1213,1250000,3190000
2019.04.30 22:45:41.914,1.12124,1.1213,3000000,3060000
2019.04.30 22:45:41.965,1.12125,1.12129,1250000,1080000
2019.04.30 22:45:42.666,1.12124,1.1213,6250000,1190000
2019.04.30 22:45:42.768,1.12124,1.12129,2440000,1190000
2019.04.30 22:45:44.379,1.12122,1.12125,1000000,1500000
2019.04.30 22:45:44.481,1.12121,1.12125,1940000,1250000
2019.04.30 22:45:44.584,1.12121,1.12125,1500000,5690000
2019.04.30 22:45:44.686,1.12121,1.12128,4120000,7560000
2019.04.30 22:45:44.801,1.12122,1.12125,1250000,2250000
2019.04.30 22:45:44.853,1.12119,1.12125,4940000,3940000
2019.04.30 22:45:44.905,1.12119,1.12123,1750000,3000000
2019.04.30 22:45:45.062,1.12117,1.12118,2250000,1000000
2019.04.30 22:45:45.166,1.12111,1.12114,1750000,2250000
2019.04.30 22:45:45.425,1.12106,1.12112,1000000,6920000
2019.04.30 22:45:45.528,1.12107,1.12113,2620000,4440000
2019.04.30 22:45:45.923,1.12108,1.12112,1000000,3190000
2019.04.30 22:45:46.043,1.12107,1.12113,1120000,1750000
2019.04.30 22:45:46.333,1.12108,1.12112,1000000,1250000
2019.04.30 22:45:46.594,1.12107,1.12113,1060000,1440000
2019.04.30 22:45:46.799,1.12108,1.12114,1250000,1000000
2019.04.30 22:45:46.851,1.12112,1.12114,1000000,1000000
2019.04.30 22:45:46.954,1.12113,1.12116,1000000,1690000
2019.04.30 22:45:47.057,1.12115,1.12118,2250000,1190000
2019.04.30 22:45:47.160,1.12114,1.12119,2250000,1250000
2019.04.30 22:45:47.567,1.12113,1.12119,3190000,1440000
2019.04.30 22:45:47.669,1.12113,1.12119,2850000,1440000
2019.04.30 22:45:47.720,1.12113,1.12119,3490000,1440000
2019.04.30 22:45:48.139,1.12114,1.12119,1500000,2120000
2019.04.30 22:45:48.241,1.12114,1.1212,5380000,1940000
2019.04.30 22:45:48.344,1.12116,1.1212,3370000,1690000
2019.04.30 22:45:48.503,1.12119,1.12122,1000000,1190000
2019.04.30 22:45:48.555,1.12119,1.12124,1310000,1440000
2019.04.30 22:45:48.911,1.12118,1.12125,2810000,4560000
2019.04.30 22:45:49.384,1.12117,1.12123,2820000,4750000
2019.04.30 22:45:49.535,1.12114,1.12121,5050000,2560000
2019.04.30 22:45:49.586,1.12114,1.1212,1690000,2250000
2019.04.30 22:45:50.056,1.12115,1.12121,8510000,1940000
2019.04.30 22:45:50.161,1.12114,1.1212,3940000,1560000
2019.04.30 22:45:50.264,1.12113,1.1212,2500000,5250000
2019.04.30 22:45:50.367,1.12114,1.12119,1690000,2440000
2019.04.30 22:45:50.470,1.12114,1.12118,1000000,1190000
2019.04.30 22:45:50.670,1.12114,1.12119,2430000,1000000
2019.04.30 22:45:51.083,1.12114,1.12119,1310000,1190000
2019.04.30 22:45:51.198,1.12114,1.12119,1690000,1190000
2019.04.30 22:45:52.284,1.12113,1.12119,1690000,1830000
2019.04.30 22:45:52.389,1.12113,1.12118,1000000,1250000
2019.04.30 22:45:52.847,1.12113,1.12118,1120000,2250000
2019.04.30 22:45:52.950,1.12113,1.12118,1000000,1080000
2019.04.30 22:45:53.478,1.12113,1.12119,2440000,1080000
2019.04.30 22:45:53.580,1.12113,1.12119,1690000,2630000
2019.04.30 22:45:53.825,1.12113,1.12119,1500000,2690000
2019.04.30 22:45:54.181,1.12113,1.12119,1690000,1880000
2019.04.30 22:45:54.576,1.12113,1.12118,1000000,3700000
2019.04.30 22:45:54.678,1.12114,1.12118,1000000,1000000
2019.04.30 22:45:54.781,1.12113,1.12118,1120000,1880000
2019.04.30 22:45:55.801,1.12113,1.12118,1000000,1440000
2019.04.30 22:45:55.904,1.12113,1.12118,1000000,1870000
2019.04.30 22:45:56.006,1.12117,1.1212,8250000,1250000
2019.04.30 22:45:56.109,1.12117,1.1212,1000000,2120000
2019.04.30 22:45:56.272,1.12117,1.12123,1000000,1940000
2019.04.30 22:45:56.528,1.12116,1.1212,2440000,1190000
2019.04.30 22:45:56.630,1.12113,1.1212,2060000,4940000
2019.04.30 22:45:56.770,1.12117,1.12121,1050000,1190000
2019.04.30 22:45:56.873,1.12116,1.12121,1250000,1190000
2019.04.30 22:45:56.976,1.12116,1.12121,1250000,1120000
2019.04.30 22:45:57.078,1.12116,1.12121,1370000,1190000
2019.04.30 22:45:57.180,1.12116,1.12121,1000000,1880000
2019.04.30 22:45:57.294,1.12117,1.12124,4690000,1500000
2019.04.30 22:45:57.447,1.12117,1.12123,1000000,3000000
2019.04.30 22:45:57.499,1.12117,1.1212,1500000,1870000
2019.04.30 22:45:57.601,1.12114,1.12119,2620000,1690000
2019.04.30 22:45:57.703,1.12114,1.12118,1000000,2440000
2019.04.30 22:45:57.813,1.12113,1.12119,1870000,3000000
2019.04.30 22:45:58.220,1.12114,1.12118,1000000,2440000
2019.04.30 22:45:58.322,1.12113,1.12119,2060000,2810000
2019.04.30 22:45:58.427,1.12113,1.12119,2810000,2810000
2019.04.30 22:45:59.541,1.12113,1.12118,1000000,2810000
2019.04.30 22:45:59.642,1.12113,1.12119,2810000,2810000
2019.04.30 22:46:00.014,1.12114,1.12118,1500000,2620000
2019.04.30 22:46:00.152,1.12114,1.12119,4690000,1190000
2019.04.30 22:46:00.255,1.12113,1.12119,1310000,1190000
2019.04.30 22:46:01.757,1.12114,1.12119,1000000,1440000
2019.04.30 22:46:01.859,1.12113,1.12119,1250000,3940000
2019.04.30 22:46:02.355,1.12114,1.12118,1000000,1190000
2019.04.30 22:46:02.520,1.12113,1.12119,1690000,1190000
2019.04.30 22:46:05.499,1.12114,1.12118,1000000,1190000
2019.04.30 22:46:05.997,1.12114,1.12119,3190000,1190000
2019.04.30 22:46:06.154,1.12117,1.12121,7500000,2390000
2019.04.30 22:46:06.207,1.12119,1.12122,2250000,1000000
2019.04.30 22:46:06.311,1.12121,1.12125,1000000,1440000
2019.04.30 22:46:06.460,1.12122,1.12127,3190000,2620000
2019.04.30 22:46:06.511,1.12123,1.12129,2620000,1440000
2019.04.30 22:46:07.056,1.12123,1.12129,4120000,1830000
2019.04.30 22:46:07.514,1.12124,1.12128,1000000,1440000
2019.04.30 22:46:07.723,1.12124,1.12129,1120000,1440000
2019.04.30 22:46:08.029,1.12124,1.1213,3000000,4940000
2019.04.30 22:46:08.243,1.12125,1.12131,2250000,3380000
2019.04.30 22:46:08.345,1.12126,1.1213,1000000,1190000
2019.04.30 22:46:08.447,1.12125,1.12131,1870000,1880000
2019.04.30 22:46:08.549,1.12126,1.1213,1000000,1190000
2019.04.30 22:46:08.770,1.12127,1.12132,2250000,1690000
2019.04.30 22:46:08.873,1.12127,1.12132,1500000,1310000
2019.04.30 22:46:09.601,1.12127,1.12131,1000000,1250000
2019.04.30 22:46:09.703,1.12124,1.1213,1250000,4190000
2019.04.30 22:46:09.852,1.12123,1.1213,4340000,2630000
2019.04.30 22:46:09.903,1.12124,1.12128,1000000,2440000
2019.04.30 22:46:10.005,1.12123,1.12129,1500000,3380000
2019.04.30 22:46:10.794,1.12123,1.12129,1500000,2580000
2019.04.30 22:46:12.148,1.12123,1.12128,1000000,2630000
2019.04.30 22:46:12.199,1.12123,1.12129,2250000,2580000
2019.04.30 22:46:12.721,1.12123,1.12129,1060000,2630000
2019.04.30 22:46:14.409,1.12123,1.12129,1060000,3190000
2019.04.30 22:46:15.076,1.12124,1.12129,1540000,1500000
2019.04.30 22:46:16.564,1.12123,1.1213,5110000,1880000
2019.04.30 22:46:19.731,1.12123,1.12129,1000000,3380000
2019.04.30 22:46:20.763,1.12123,1.1213,4920000,3060000
2019.04.30 22:46:20.865,1.12124,1.12129,2250000,1080000
2019.04.30 22:46:21.018,1.12125,1.12129,2250000,1560000
2019.04.30 22:46:21.133,1.12127,1.12132,3750000,2640000
2019.04.30 22:46:21.286,1.12126,1.12131,1500000,5690000
2019.04.30 22:46:21.389,1.12126,1.12131,1000000,1080000
2019.04.30 22:46:21.542,1.12125,1.12131,2250000,1830000
2019.04.30 22:46:23.577,1.12125,1.12131,2250000,1880000
2019.04.30 22:46:24.642,1.12125,1.1213,1500000,4130000
2019.04.30 22:46:25.450,1.12125,1.12131,3000000,1880000
2019.04.30 22:46:25.552,1.12125,1.12131,3000000,1080000
2019.04.30 22:46:26.498,1.12126,1.12131,3750000,1000000
2019.04.30 22:46:27.425,1.12125,1.12131,3000000,1080000
2019.04.30 22:46:27.527,1.12124,1.12129,1000000,4130000
2019.04.30 22:46:27.578,1.12124,1.12129,1500000,1830000
2019.04.30 22:46:27.680,1.12123,1.12128,1000000,4130000
2019.04.30 22:46:27.732,1.12123,1.12129,2250000,4080000
2019.04.30 22:46:27.986,1.12124,1.12128,1000000,2250000
2019.04.30 22:46:28.247,1.12123,1.12129,1500000,5580000
2019.04.30 22:46:30.177,1.12123,1.12129,3000000,2500000
2019.04.30 22:46:30.433,1.12126,1.12129,1500000,1750000
2019.04.30 22:46:30.536,1.12128,1.12133,1000000,1940000
2019.04.30 22:46:33.233,1.12129,1.12133,1000000,1250000
2019.04.30 22:46:33.336,1.12129,1.12133,1500000,1440000
2019.04.30 22:46:35.446,1.12128,1.12134,2440000,1440000
2019.04.30 22:46:35.497,1.12127,1.12132,1000000,4940000
2019.04.30 22:46:37.495,1.12127,1.12134,3190000,4560000
2019.04.30 22:46:38.333,1.12128,1.12133,1500000,1440000
2019.04.30 22:46:38.435,1.12128,1.12132,1000000,2640000
2019.04.30 22:46:38.546,1.12127,1.12133,1500000,3440000
2019.04.30 22:46:39.404,1.12127,1.12132,1000000,4560000
2019.04.30 22:46:39.556,1.12127,1.12133,1270000,4940000
2019.04.30 22:46:41.166,1.12128,1.12132,1000000,3020000
2019.04.30 22:46:41.577,1.12127,1.12133,1000000,5310000
2019.04.30 22:46:41.876,1.12128,1.12134,1140000,1440000
2019.04.30 22:46:42.972,1.12129,1.12134,2710000,1880000
2019.04.30 22:46:44.088,1.12129,1.12134,1690000,1080000
2019.04.30 22:46:44.725,1.1213,1.12134,1690000,1000000
2019.04.30 22:46:45.246,1.1213,1.12132,1000000,1000000
2019.04.30 22:46:45.348,1.1213,1.12134,3190000,1000000
2019.04.30 22:46:45.450,1.12128,1.12133,1000000,3520000
2019.04.30 22:46:45.702,1.12129,1.12132,1000000,1580000
2019.04.30 22:46:46.550,1.12129,1.12132,1000000,1450000
2019.04.30 22:46:47.026,1.12128,1.12133,1500000,1940000
2019.04.30 22:46:47.077,1.12128,1.12131,1750000,2190000
2019.04.30 22:46:47.181,1.12123,1.12129,1270000,5450000
2019.04.30 22:46:47.234,1.12123,1.12129,2250000,3560000
2019.04.30 22:46:47.415,1.12124,1.12128,1000000,1000000
2019.04.30 22:46:47.517,1.12123,1.12129,2250000,2810000
2019.04.30 22:46:48.332,1.12123,1.12128,1500000,1080000
2019.04.30 22:46:49.266,1.12124,1.12127,1000000,1000000
2019.04.30 22:46:49.419,1.12123,1.12128,1000000,2200000
2019.04.30 22:46:49.521,1.12123,1.12129,1500000,2250000
2019.04.30 22:46:49.872,1.12124,1.12128,1000000,1080000
2019.04.30 22:46:53.356,1.12123,1.12129,2250000,4130000
2019.04.30 22:46:54.595,1.12125,1.1213,3190000,1830000
2019.04.30 22:46:54.697,1.12126,1.1213,2250000,1000000
2019.04.30 22:46:54.749,1.12128,1.12131,1800000,1000000
2019.04.30 22:46:54.867,1.12128,1.12132,1500000,2580000
2019.04.30 22:46:54.969,1.12129,1.12132,1000000,1190000
2019.04.30 22:46:55.071,1.12128,1.12133,1500000,1080000
2019.04.30 22:46:56.820,1.12127,1.12133,1500000,5690000
2019.04.30 22:46:59.457,1.12129,1.12132,1000000,1170000
2019.04.30 22:46:59.563,1.12128,1.12133,1000000,2610000
2019.04.30 22:47:00.281,1.12128,1.12133,1000000,4170000
2019.04.30 22:47:00.385,1.12129,1.12134,3000000,1370000
2019.04.30 22:47:00.489,1.12129,1.12134,1500000,2250000
2019.04.30 22:47:00.592,1.12129,1.12133,1000000,1170000
2019.04.30 22:47:00.695,1.12129,1.12132,1000000,1000000
2019.04.30 22:47:00.848,1.12127,1.12133,1000000,4110000
2019.04.30 22:47:01.102,1.12129,1.12132,1000000,1000000
2019.04.30 22:47:01.803,1.12128,1.12133,1000000,1170000
2019.04.30 22:47:03.243,1.12128,1.12132,1000000,2380000
2019.04.30 22:47:03.397,1.12127,1.12133,1000000,3310000
2019.04.30 22:47:03.500,1.12128,1.12132,1000000,2380000
2019.04.30 22:47:03.657,1.12128,1.12133,1000000,1170000
2019.04.30 22:47:04.338,1.12128,1.12132,1000000,2380000
2019.04.30 22:47:04.800,1.12128,1.12133,1000000,1170000
2019.04.30 22:47:05.945,1.12128,1.12132,1000000,2380000
2019.04.30 22:47:06.047,1.12129,1.12132,1000000,2250000
2019.04.30 22:47:06.230,1.12128,1.12133,1000000,1630000
2019.04.30 22:47:08.062,1.12128,1.12134,3000000,2380000
2019.04.30 22:47:08.266,1.12129,1.12134,3000000,1000000
2019.04.30 22:47:08.690,1.12128,1.12133,1500000,4290000
2019.04.30 22:47:08.793,1.12128,1.12133,1000000,3920000
2019.04.30 22:47:08.946,1.1213,1.12135,2820000,1060000
2019.04.30 22:47:09.048,1.1213,1.12134,1500000,1060000
2019.04.30 22:47:09.966,1.1213,1.12135,2820000,1060000
2019.04.30 22:47:10.846,1.12131,1.12135,1250000,1250000
2019.04.30 22:47:11.101,1.12132,1.12137,1500000,1000000
2019.04.30 22:47:11.203,1.12132,1.12138,2600000,2620000
2019.04.30 22:47:11.306,1.12133,1.12137,2250000,1060000
2019.04.30 22:47:12.912,1.12132,1.12138,2250000,2500000
2019.04.30 22:47:14.830,1.12133,1.12137,1000000,1410000
2019.04.30 22:47:14.980,1.12133,1.12138,1000000,1810000
2019.04.30 22:47:19.942,1.12133,1.12138,1500000,2410000
2019.04.30 22:47:20.577,1.12134,1.12137,1000000,1160000
2019.04.30 22:47:20.857,1.12133,1.12138,1000000,2410000
2019.04.30 22:47:21.112,1.12132,1.12134,1500000,3870000
2019.04.30 22:47:21.215,1.12127,1.12132,1000000,1160000
2019.04.30 22:47:21.356,1.12128,1.12134,5060000,1240000
2019.04.30 22:47:21.509,1.12129,1.12133,1000000,1000000
2019.04.30 22:47:21.611,1.12128,1.12134,3190000,1870000
2019.04.30 22:47:22.575,1.12129,1.12133,1000000,1000000
2019.04.30 22:47:26.527,1.12128,1.12134,3190000,1620000
2019.04.30 22:47:29.483,1.12129,1.12133,1000000,1160000
2019.04.30 22:47:32.302,1.12129,1.12133,1090000,1160000
2019.04.30 22:47:39.973,1.12128,1.12134,1210000,1160000
2019.04.30 22:47:40.116,1.12128,1.12133,1000000,1660000
2019.04.30 22:47:40.370,1.12128,1.12133,1500000,1660000
2019.04.30 22:47:41.288,1.12128,1.12133,1000000,2370000
2019.04.30 22:47:41.390,1.12128,1.12133,1000000,2780000
2019.04.30 22:47:41.795,1.12129,1.12132,1000000,1160000
2019.04.30 22:47:44.802,1.12128,1.12133,1000000,1870000
2019.04.30 22:47:48.524,1.12128,1.12134,1870000,2600000
2019.04.30 22:47:48.626,1.12128,1.12134,1050000,1850000
2019.04.30 22:47:49.498,1.12128,1.12134,1500000,1850000
2019.04.30 22:47:49.600,1.12129,1.12133,1000000,1160000
2019.04.30 22:47:53.091,1.12128,1.12134,1500000,2960000
2019.04.30 22:47:53.929,1.12129,1.12134,1500000,1150000
2019.04.30 22:47:54.421,1.12131,1.12135,4250000,2250000
2019.04.30 22:47:54.523,1.12131,1.12136,2650000,1150000
2019.04.30 22:47:54.626,1.1213,1.12136,2250000,4800000
2019.04.30 22:47:54.768,1.1213,1.12135,1500000,2550000
2019.04.30 22:47:54.870,1.1213,1.12134,1000000,1400000
2019.04.30 22:47:54.921,1.1213,1.12136,4500000,1800000
2019.04.30 22:47:55.475,1.12131,1.12135,2250000,1000000
2019.04.30 22:47:55.577,1.12131,1.12133,1000000,1000000
2019.04.30 22:47:55.628,1.12129,1.12133,1000000,3300000
2019.04.30 22:47:55.756,1.12129,1.12134,1500000,1050000
2019.04.30 22:47:57.543,1.12129,1.12135,2250000,2440000
2019.04.30 22:47:59.605,1.12129,1.12134,1500000,3190000
2019.04.30 22:47:59.707,1.12129,1.12135,4500000,3190000
2019.04.30 22:48:00.333,1.12132,1.12135,1000000,1500000
2019.04.30 22:48:00.437,1.12134,1.12136,1000000,1000000
2019.04.30 22:48:00.539,1.12128,1.12132,1500000,3150000
2019.04.30 22:48:00.642,1.12128,1.12131,1500000,1610000
2019.04.30 22:48:00.693,1.12128,1.12131,5950000,1000000
2019.04.30 22:48:00.795,1.12125,1.12129,3190000,1860000
2019.04.30 22:48:00.950,1.12123,1.12128,1000000,4090000
2019.04.30 22:48:01.052,1.12123,1.12129,4200000,1840000
2019.04.30 22:48:01.154,1.12123,1.12129,4200000,2440000
2019.04.30 22:48:01.686,1.12123,1.12128,1000000,1400000
2019.04.30 22:48:01.903,1.12123,1.12129,4870000,1400000
2019.04.30 22:48:02.243,1.12123,1.12128,1000000,1400000
2019.04.30 22:48:03.217,1.12123,1.12129,4120000,1400000
2019.04.30 22:48:03.624,1.12122,1.12129,5510000,10460000
2019.04.30 22:48:03.726,1.12122,1.12129,4010000,5960000
2019.04.30 22:48:04.582,1.12123,1.12129,4570000,1900000
2019.04.30 22:48:04.684,1.12123,1.12129,4120000,1400000
2019.04.30 22:48:07.064,1.12122,1.12129,3820000,7520000
2019.04.30 22:48:07.697,1.12123,1.12127,1000000,1400000
2019.04.30 22:48:08.935,1.12123,1.12128,1960000,1400000
2019.04.30 22:48:10.193,1.12123,1.12127,1000000,1400000
2019.04.30 22:48:11.350,1.12123,1.12128,1590000,1400000
2019.04.30 22:48:14.949,1.12123,1.12128,1460000,1400000
2019.04.30 22:48:17.044,1.12123,1.12128,1960000,2390000
2019.04.30 22:48:17.564,1.12123,1.12128,1090000,1640000
2019.04.30 22:48:24.542,1.12123,1.12129,4870000,1390000
2019.04.30 22:48:26.083,1.12123,1.12129,5320000,1390000
2019.04.30 22:48:27.786,1.12123,1.12128,1090000,1050000
2019.04.30 22:48:28.884,1.12122,1.12126,3000000,5390000
2019.04.30 22:48:28.987,1.12122,1.12124,1090000,2250000
2019.04.30 22:48:29.084,1.1212,1.12124,1500000,1000000
2019.04.30 22:48:30.748,1.1212,1.12125,6750000,1250000
2019.04.30 22:48:30.851,1.1212,1.12124,1000000,4460000
2019.04.30 22:48:30.953,1.12121,1.12125,2250000,1640000
2019.04.30 22:48:31.108,1.12122,1.12127,3750000,1140000
2019.04.30 22:48:32.429,1.12122,1.12126,1000000,3110000
2019.04.30 22:48:32.532,1.12122,1.12127,2250000,1140000
2019.04.30 22:48:32.830,1.12124,1.12128,3450000,1000000
2019.04.30 22:48:32.933,1.12123,1.12128,1500000,1830000
2019.04.30 22:48:33.275,1.12122,1.12129,6000000,8270000
2019.04.30 22:48:48.056,1.12123,1.12128,1000000,2580000
2019.04.30 22:48:51.059,1.12123,1.12129,5440000,1830000
2019.04.30 22:48:52.716,1.12123,1.12129,3520000,1120000
2019.04.30 22:48:52.818,1.12126,1.12128,1000000,1690000
2019.04.30 22:48:52.921,1.12128,1.12129,2250000,1000000
2019.04.30 22:48:52.972,1.12129,1.12131,1000000,1000000
2019.04.30 22:48:53.103,1.12129,1.12133,1700000,1000000
2019.04.30 22:48:53.205,1.12128,1.12133,2770000,3000000
2019.04.30 22:48:53.358,1.12128,1.12133,2770000,2390000
2019.04.30 22:48:54.252,1.12128,1.12133,6190000,1140000
2019.04.30 22:48:54.445,1.12127,1.12132,1000000,3710000
2019.04.30 22:48:56.743,1.12128,1.12134,3250000,1640000
2019.04.30 22:49:00.450,1.1213,1.12135,1690000,1140000
2019.04.30 22:49:02.968,1.1213,1.12134,2250000,1600000
2019.04.30 22:49:04.067,1.1213,1.12134,2500000,1600000
2019.04.30 22:49:04.201,1.1213,1.12134,2440000,1600000
2019.04.30 22:49:06.200,1.1213,1.12133,1000000,1500000
2019.04.30 22:49:06.873,1.12129,1.12134,1690000,2350000
2019.04.30 22:49:09.543,1.1213,1.12133,1000000,1000000
2019.04.30 22:49:11.577,1.1213,1.12134,1690000,1000000
2019.04.30 22:49:13.561,1.12129,1.12132,1000000,1500000
2019.04.30 22:49:13.663,1.12129,1.12133,1500000,1000000
2019.04.30 22:49:13.765,1.12129,1.12134,1690000,1000000
2019.04.30 22:49:15.419,1.12129,1.12133,1000000,2350000
2019.04.30 22:49:16.447,1.12129,1.12132,1000000,1000000
2019.04.30 22:49:17.005,1.12129,1.12133,2250000,1000000
2019.04.30 22:49:17.532,1.12129,1.12132,1000000,1000000
2019.04.30 22:49:17.634,1.12128,1.12132,1000000,1500000
2019.04.30 22:49:18.064,1.12128,1.12131,1000000,1000000
2019.04.30 22:49:20.172,1.12126,1.12129,1500000,1500000
2019.04.30 22:49:20.573,1.12126,1.12128,1000000,3000000
2019.04.30 22:49:20.737,1.12126,1.12129,1500000,1000000
2019.04.30 22:49:22.385,1.12125,1.12129,1500000,3100000
2019.04.30 22:49:22.749,1.12125,1.12128,1500000,1000000
2019.04.30 22:49:23.564,1.12126,1.12128,1000000,1000000
2019.04.30 22:49:29.527,1.12125,1.12128,1000000,1500000
2019.04.30 22:49:31.006,1.12125,1.12129,1000000,1000000
2019.04.30 22:49:31.108,1.12124,1.12129,1500000,1000000
2019.04.30 22:49:37.038,1.12125,1.1213,3000000,1000000
2019.04.30 22:49:37.141,1.12125,1.12129,1000000,3100000
2019.04.30 22:49:37.324,1.12125,1.1213,2250000,2350000
2019.04.30 22:49:53.526,1.12126,1.1213,1500000,1000000
2019.04.30 22:49:54.506,1.12126,1.12129,1000000,1000000
2019.04.30 22:49:56.526,1.12125,1.12129,1000000,2350000
2019.04.30 22:49:56.645,1.12125,1.1213,1500000,1600000
2019.04.30 22:49:56.978,1.12125,1.12128,1500000,1140000
2019.04.30 22:50:00.021,1.12124,1.12129,1500000,2250000
2019.04.30 22:50:00.134,1.12124,1.12129,1460000,3000000
2019.04.30 22:50:00.235,1.12124,1.1213,3510000,1600000
2019.04.30 22:50:00.338,1.12125,1.1213,2440000,3230000
2019.04.30 22:50:00.440,1.12125,1.12129,1000000,2560000
2019.04.30 22:50:00.543,1.12125,1.12129,1000000,1250000
2019.04.30 22:50:00.747,1.12125,1.12129,1000000,1750000
2019.04.30 22:50:00.899,1.12125,1.1213,1000000,2640000
2019.04.30 22:50:01.071,1.12125,1.12129,1000000,4890000
2019.04.30 22:50:01.978,1.12126,1.12129,1000000,1390000
2019.04.30 22:50:03.724,1.12125,1.12129,1000000,4890000
2019.04.30 22:50:04.979,1.12125,1.12131,5440000,5640000
2019.04.30 22:50:08.527,1.12126,1.1213,1000000,1040000
2019.04.30 22:50:11.053,1.12125,1.12131,4690000,3390000
2019.04.30 22:50:11.105,1.12125,1.1213,1750000,3250000
2019.04.30 22:50:11.256,1.12124,1.12129,1500000,5500000
2019.04.30 22:50:11.852,1.12125,1.12128,1000000,1250000
2019.04.30 22:50:13.521,1.12124,1.12129,1500000,2250000
2019.04.30 22:50:14.490,1.12124,1.1213,6190000,3750000
2019.04.30 22:50:14.882,1.12125,1.12129,2250000,1000000
2019.04.30 22:50:15.062,1.12124,1.1213,6190000,3750000
2019.04.30 22:50:16.480,1.12125,1.12129,1000000,1000000
2019.04.30 22:50:16.642,1.12124,1.1213,4690000,3750000
2019.04.30 22:50:16.935,1.12124,1.12129,1500000,2350000
2019.04.30 22:50:17.047,1.12125,1.12128,1000000,1000000
2019.04.30 22:50:17.164,1.12124,1.12129,1500000,2350000
2019.04.30 22:50:18.139,1.12124,1.1213,4690000,2250000
2019.04.30 22:50:20.382,1.12123,1.12128,1500000,2350000
2019.04.30 22:50:20.485,1.12123,1.12128,1500000,1140000
2019.04.30 22:50:20.849,1.12123,1.12127,1000000,3100000
2019.04.30 22:50:20.952,1.12123,1.12128,1500000,1140000
2019.04.30 22:50:21.490,1.12122,1.12126,1000000,1790000
2019.04.30 22:50:21.594,1.12122,1.12125,1000000,1000000
2019.04.30 22:50:21.748,1.1212,1.12124,1000000,3330000
2019.04.30 22:50:21.851,1.1212,1.12125,4120000,2010000
2019.04.30 22:50:22.208,1.12121,1.12124,1000000,1140000
2019.04.30 22:50:22.311,1.1212,1.12125,4120000,1640000
2019.04.30 22:50:23.738,1.1212,1.12124,1000000,1140000
2019.04.30 22:50:23.840,1.1212,1.12123,1000000,2350000
2019.04.30 22:50:24.052,1.12119,1.12124,2250000,3140000
2019.04.30 22:50:24.244,1.1212,1.12123,1000000,2350000
2019.04.30 22:50:25.126,1.1212,1.12124,4500000,1000000
2019.04.30 22:50:25.714,1.1212,1.12123,1000000,1000000
2019.04.30 22:50:26.247,1.12118,1.12124,4500000,6510000
2019.04.30 22:50:30.216,1.12119,1.12124,3000000,1640000
2019.04.30 22:50:33.560,1.12119,1.12124,3000000,1000000
2019.04.30 22:50:38.686,1.1212,1.12125,3000000,1000000
2019.04.30 22:50:38.799,1.12121,1.12125,3000000,1000000
2019.04.30 22:50:38.901,1.1212,1.12125,4500000,2250000
2019.04.30 22:50:39.305,1.1212,1.12124,1000000,1500000
2019.04.30 22:50:39.491,1.1212,1.12125,3750000,1000000
2019.04.30 22:50:43.119,1.12119,1.12125,5250000,4500000
2019.04.30 22:50:43.373,1.1212,1.12124,2620000,1000000
2019.04.30 22:50:43.475,1.12119,1.12125,7250000,2620000
2019.04.30 22:50:44.013,1.12119,1.12124,1120000,2010000
2019.04.30 22:50:44.121,1.12119,1.12123,1000000,2010000
2019.04.30 22:50:44.224,1.12119,1.12124,1870000,1870000
2019.04.30 22:50:44.505,1.1212,1.12124,4500000,1000000
2019.04.30 22:50:44.731,1.12119,1.12124,2250000,4120000
2019.04.30 22:50:48.557,1.12121,1.12124,1500000,1000000
2019.04.30 22:50:48.711,1.1212,1.12125,4500000,1690000
2019.04.30 22:50:50.414,1.12121,1.12125,1000000,1140000
2019.04.30 22:50:50.517,1.12121,1.12126,1690000,3560000
2019.04.30 22:50:50.621,1.12122,1.12127,1910000,2200000
2019.04.30 22:50:50.724,1.12123,1.12127,1000000,3140000
2019.04.30 22:50:50.882,1.12123,1.12128,1000000,2580000
2019.04.30 22:50:52.063,1.12123,1.12128,1500000,1640000
2019.04.30 22:50:52.521,1.12122,1.12128,3750000,5950000
2019.04.30 22:50:52.623,1.12122,1.12127,1000000,3330000
2019.04.30 22:50:54.588,1.12122,1.12128,2250000,5200000
2019.04.30 22:50:55.700,1.12123,1.12128,3750000,2580000
2019.04.30 22:50:56.360,1.12122,1.12127,1000000,4450000
2019.04.30 22:50:56.411,1.12122,1.12127,1000000,2580000
2019.04.30 22:50:56.513,1.12122,1.12128,2250000,4080000
2019.04.30 22:50:57.873,1.12122,1.12127,1000000,4450000
2019.04.30 22:50:58.028,1.12122,1.12128,3940000,4700000
2019.04.30 22:50:58.226,1.12123,1.12127,1250000,2600000
2019.04.30 22:50:59.116,1.12122,1.12128,4690000,4700000
2019.04.30 22:51:01.139,1.12123,1.12127,1000000,2350000
2019.04.30 22:51:04.006,1.12122,1.12128,3750000,3700000
2019.04.30 22:51:04.137,1.12123,1.12127,1000000,2350000
2019.04.30 22:51:09.541,1.12123,1.12127,1000000,1640000
2019.04.30 22:51:11.546,1.12123,1.12128,3000000,1640000
2019.04.30 22:51:12.294,1.12122,1.12125,2440000,1120000
2019.04.30 22:51:12.397,1.12121,1.12124,1870000,1000000
2019.04.30 22:51:12.502,1.12119,1.12124,2250000,1640000
2019.04.30 22:51:12.656,1.1212,1.12123,1000000,1140000
2019.04.30 22:51:12.758,1.12119,1.12124,1500000,1640000
2019.04.30 22:51:14.964,1.12119,1.12123,1000000,1600000
2019.04.30 22:51:18.749,1.12119,1.12124,3750000,1130000
2019.04.30 22:51:21.401,1.12119,1.12122,1000000,1130000
2019.04.30 22:51:21.503,1.12118,1.12122,1000000,2570000
2019.04.30 22:51:22.550,1.12118,1.12122,1000000,1600000
2019.04.30 22:51:22.805,1.12119,1.12122,1500000,1000000
2019.04.30 22:51:23.017,1.12116,1.12121,1000000,3320000
2019.04.30 22:51:23.070,1.12116,1.12121,4120000,2440000
2019.04.30 22:51:23.174,1.12117,1.12121,3190000,1630000
2019.04.30 22:51:23.226,1.12118,1.12122,3750000,1130000
2019.04.30 22:51:23.329,1.12117,1.12121,1000000,2950000
2019.04.30 22:51:23.748,1.12117,1.12122,1500000,1820000
2019.04.30 22:51:30.528,1.12117,1.12121,1000000,2570000
2019.04.30 22:51:30.727,1.12118,1.12122,1000000,1790000
2019.04.30 22:51:30.829,1.12118,1.12123,2250000,1380000
2019.04.30 22:51:32.006,1.12118,1.12123,2250000,1310000
2019.04.30 22:51:35.526,1.12118,1.12122,1000000,2060000
2019.04.30 22:51:35.628,1.12118,1.12122,1000000,1820000
2019.04.30 22:51:37.122,1.12119,1.12123,1000000,1130000
2019.04.30 22:51:37.224,1.12118,1.12124,3190000,2200000
2019.04.30 22:51:37.579,1.12119,1.12124,6190000,1130000
2019.04.30 22:51:37.681,1.12118,1.12123,1000000,2200000
2019.04.30 22:51:38.601,1.12118,1.12123,1000000,2570000
2019.04.30 22:51:39.396,1.12119,1.12123,1000000,1630000
2019.04.30 22:51:39.498,1.12119,1.12124,1120000,1130000
2019.04.30 22:51:49.962,1.12119,1.12125,2440000,3880000
2019.04.30 22:51:51.474,1.12119,1.12125,2440000,3880000
2019.04.30 22:51:53.638,1.1212,1.12124,1000000,1130000
2019.04.30 22:51:54.060,1.12119,1.12125,2440000,3130000
2019.04.30 22:51:58.915,1.12119,1.12124,1000000,1630000
2019.04.30 22:51:58.966,1.12119,1.12123,1000000,1130000
2019.04.30 22:51:59.068,1.12119,1.12124,1690000,1600000
2019.04.30 22:51:59.171,1.12119,1.12123,1000000,3850000
2019.04.30 22:51:59.406,1.12119,1.12124,1690000,1600000
2019.04.30 22:52:00.562,1.12119,1.12123,1000000,1130000
2019.04.30 22:52:08.104,1.12118,1.12124,1690000,2760000
2019.04.30 22:52:10.683,1.12119,1.12123,1000000,1130000
2019.04.30 22:52:12.133,1.12118,1.12124,1250000,3510000
2019.04.30 22:52:14.527,1.12119,1.12123,1000000,3100000
2019.04.30 22:52:24.505,1.12119,1.12123,1000000,1630000
2019.04.30 22:52:24.672,1.12119,1.12123,1000000,3850000
2019.04.30 22:52:29.527,1.12118,1.12124,1310000,7380000
2019.04.30 22:52:34.075,1.12119,1.12125,2440000,1600000
2019.04.30 22:52:34.228,1.12119,1.12124,1000000,1130000
2019.04.30 22:52:34.411,1.12119,1.12125,2440000,1130000
2019.04.30 22:52:37.629,1.12119,1.12125,4370000,1120000
2019.04.30 22:52:37.892,1.12119,1.12123,1000000,2350000
2019.04.30 22:52:38.079,1.12119,1.12124,2440000,1600000
2019.04.30 22:52:38.836,1.12119,1.12123,1000000,1600000
2019.04.30 22:52:43.930,1.12119,1.12123,1000000,1130000
2019.04.30 22:52:46.517,1.12119,1.12125,4370000,1130000
2019.04.30 22:52:46.922,1.12119,1.12125,3190000,2350000
2019.04.30 22:52:47.880,1.12119,1.12124,1250000,1130000
2019.04.30 22:52:48.158,1.12121,1.12125,1250000,1000000
2019.04.30 22:52:49.960,1.12121,1.12126,1870000,1130000
2019.04.30 22:52:50.104,1.12124,1.12127,1000000,1130000
2019.04.30 22:52:50.156,1.12124,1.12129,1310000,1130000
2019.04.30 22:52:50.308,1.12124,1.12128,1000000,1130000
2019.04.30 22:52:50.666,1.12123,1.12129,2810000,4630000
2019.04.30 22:52:51.522,1.12123,1.12128,1500000,4630000
2019.04.30 22:52:53.368,1.12124,1.12127,1000000,3100000
2019.04.30 22:52:53.516,1.12124,1.12128,3000000,1130000
2019.04.30 22:52:57.947,1.12124,1.12127,1000000,2350000
2019.04.30 22:53:00.176,1.12123,1.12128,1120000,4630000
2019.04.30 22:53:00.278,1.12123,1.12129,1250000,4260000
2019.04.30 22:53:00.595,1.12124,1.12128,1000000,1130000
2019.04.30 22:53:00.748,1.12123,1.12129,2440000,4260000
2019.04.30 22:53:02.146,1.12124,1.12128,1500000,1000000
2019.04.30 22:53:02.249,1.12124,1.12129,1310000,1600000
2019.04.30 22:53:02.401,1.12124,1.12128,1500000,2350000
2019.04.30 22:53:02.504,1.12124,1.12129,1690000,2350000
2019.04.30 22:53:02.606,1.12124,1.12128,1000000,1600000
2019.04.30 22:53:04.245,1.12124,1.12127,1500000,1130000
2019.04.30 22:53:04.364,1.12121,1.12126,1500000,1600000
2019.04.30 22:53:04.517,1.12122,1.12125,1000000,1000000
2019.04.30 22:53:04.620,1.12121,1.12126,1500000,1600000
2019.04.30 22:53:04.672,1.12123,1.12128,1500000,1380000
2019.04.30 22:53:04.775,1.12124,1.12128,1000000,1130000
2019.04.30 22:53:08.526,1.12124,1.12129,3000000,1000000
2019.04.30 22:53:09.947,1.12123,1.12129,2250000,4310000
2019.04.30 22:53:10.713,1.12123,1.12129,2620000,4070000
2019.04.30 22:53:33.175,1.12123,1.12128,1000000,2380000
2019.04.30 22:53:33.460,1.12124,1.12127,1000000,1130000
2019.04.30 22:53:35.693,1.12123,1.12128,1000000,1130000
2019.04.30 22:53:35.795,1.12123,1.12128,3370000,1130000
2019.04.30 22:53:35.897,1.12122,1.12127,2620000,1790000
2019.04.30 22:53:36.007,1.12119,1.12124,1120000,3480000
2019.04.30 22:53:36.110,1.12119,1.12123,1500000,1630000
2019.04.30 22:53:38.135,1.12119,1.12124,1120000,1630000
2019.04.30 22:53:39.521,1.1212,1.12123,1000000,1000000
2019.04.30 22:53:39.714,1.12119,1.12124,3370000,1130000
2019.04.30 22:53:42.474,1.1212,1.12123,1000000,1000000
2019.04.30 22:53:42.678,1.12119,1.12124,3370000,1130000
2019.04.30 22:53:47.094,1.1212,1.12123,1000000,1000000
2019.04.30 22:53:47.196,1.12118,1.12124,3560000,4070000
2019.04.30 22:53:48.175,1.12118,1.12124,1870000,4070000
2019.04.30 22:53:48.628,1.12118,1.12123,2250000,6320000
2019.04.30 22:53:49.557,1.12118,1.12124,1870000,4070000
2019.04.30 22:53:50.599,1.12118,1.12124,1750000,4260000
2019.04.30 22:53:58.905,1.12118,1.12124,2560000,3510000
2019.04.30 22:54:01.584,1.12118,1.12124,1810000,4010000
2019.04.30 22:54:01.934,1.12118,1.12124,1310000,3510000
2019.04.30 22:54:04.189,1.12117,1.12121,1750000,5760000
2019.04.30 22:54:04.452,1.12117,1.12121,1250000,3630000
2019.04.30 22:54:04.908,1.12117,1.12121,2870000,1130000
2019.04.30 22:54:06.894,1.12118,1.12122,1000000,2010000
2019.04.30 22:54:06.945,1.12119,1.12124,3560000,1600000
2019.04.30 22:54:08.001,1.12119,1.12123,1000000,1870000
2019.04.30 22:54:08.130,1.12118,1.12124,2810000,3130000
2019.04.30 22:54:10.487,1.12118,1.12124,2190000,2380000
2019.04.30 22:54:13.692,1.12119,1.12123,1120000,1130000
2019.04.30 22:54:15.269,1.12119,1.12123,1000000,1130000
2019.04.30 22:54:18.501,1.12118,1.12121,1250000,1120000
2019.04.30 22:54:28.787,1.12117,1.12121,2500000,8730000
2019.04.30 22:54:41.460,1.12117,1.12119,1250000,3370000
2019.04.30 22:54:41.565,1.12118,1.12121,1250000,1000000
2019.04.30 22:54:41.713,1.12117,1.12121,1750000,1600000
2019.04.30 22:54:42.667,1.12117,1.1212,1250000,1130000
2019.04.30 22:54:42.770,1.12116,1.1212,2500000,4980000
2019.04.30 22:54:48.737,1.12115,1.1212,3750000,2060000
2019.04.30 22:54:53.594,1.12117,1.12121,3000000,1000000
2019.04.30 22:54:59.453,1.12118,1.12121,1120000,1000000
2019.04.30 22:54:59.555,1.12117,1.12122,2000000,3290000
2019.04.30 22:55:01.180,1.12117,1.12122,1870000,2910000
2019.04.30 22:55:01.993,1.12117,1.12123,3370000,4410000
2019.04.30 22:55:04.483,1.12117,1.12122,1000000,3660000
2019.04.30 22:55:04.606,1.12117,1.12123,3370000,3740000
2019.04.30 22:55:04.779,1.12117,1.12123,2620000,4450000
2019.04.30 22:55:05.472,1.12117,1.12123,1870000,3700000
2019.04.30 22:55:09.928,1.12119,1.12123,1870000,2350000
2019.04.30 22:55:11.066,1.12118,1.12124,1000000,4880000
2019.04.30 22:55:24.002,1.12119,1.12125,5060000,1130000
2019.04.30 22:55:24.249,1.12119,1.12125,5560000,1130000
2019.04.30 22:55:28.130,1.12121,1.12126,4620000,4070000
2019.04.30 22:55:28.181,1.12123,1.12127,7120000,1000000
2019.04.30 22:55:28.284,1.12123,1.12128,2620000,2350000
2019.04.30 22:55:30.668,1.12123,1.12127,1000000,6100000
2019.04.30 22:55:30.873,1.12123,1.12128,1000000,3850000
2019.04.30 22:55:33.235,1.12123,1.12127,1000000,6480000
2019.04.30 22:55:33.455,1.12123,1.12128,1000000,4230000
2019.04.30 22:55:35.544,1.12124,1.12128,1500000,2250000
2019.04.30 22:55:37.462,1.12124,1.12127,1000000,2250000
2019.04.30 22:55:38.422,1.12124,1.12128,1500000,2250000
2019.04.30 22:55:38.578,1.12123,1.12128,1000000,4230000
2019.04.30 22:55:47.527,1.12124,1.12128,1500000,1000000
2019.04.30 22:55:50.527,1.12123,1.12128,1000000,2730000
2019.04.30 22:55:56.169,1.12123,1.12127,1000000,5730000
2019.04.30 22:55:59.319,1.12123,1.12127,1000000,6980000
2019.04.30 22:56:01.116,1.12125,1.12127,1000000,1000000
2019.04.30 22:56:10.313,1.12123,1.12127,1000000,4230000
2019.04.30 22:56:24.542,1.12124,1.12128,1500000,2250000
2019.04.30 22:56:25.988,1.12123,1.12128,1000000,3480000
2019.04.30 22:56:30.342,1.12124,1.12128,1500000,2250000
2019.04.30 22:56:32.577,1.12123,1.12128,1000000,4120000
2019.04.30 22:56:35.526,1.12124,1.12128,1500000,1000000
2019.04.30 22:56:39.478,1.12124,1.12127,1000000,1500000
2019.04.30 22:56:47.528,1.12123,1.12128,2250000,1600000
2019.04.30 22:56:47.807,1.12124,1.12127,1000000,1000000
2019.04.30 22:56:51.246,1.12124,1.12128,3750000,1000000
2019.04.30 22:56:51.348,1.12123,1.12128,2560000,2730000
2019.04.30 22:56:54.598,1.12123,1.12127,1000000,3100000
2019.04.30 22:56:54.776,1.12123,1.12128,1500000,1130000
2019.04.30 22:56:56.526,1.12124,1.12127,1000000,1000000
2019.04.30 22:57:02.526,1.12123,1.12128,1500000,1130000
2019.04.30 22:57:08.161,1.12123,1.12127,1000000,3100000
2019.04.30 22:57:08.341,1.12123,1.12128,3000000,2350000
2019.04.30 22:57:11.119,1.12123,1.12127,1000000,1220000
2019.04.30 22:57:13.381,1.12123,1.12126,1000000,2720000
2019.04.30 22:57:15.478,1.12122,1.12127,3370000,1380000
2019.04.30 22:57:18.837,1.12121,1.12126,1000000,5250000
2019.04.30 22:57:25.047,1.12122,1.12128,8060000,2160000
2019.04.30 22:57:25.150,1.12122,1.12127,1000000,3280000
2019.04.30 22:57:25.669,1.12123,1.12127,1500000,1000000
2019.04.30 22:57:26.228,1.12122,1.12127,1000000,3280000
2019.04.30 22:57:29.577,1.12123,1.12127,3000000,1000000
2019.04.30 22:57:30.733,1.12123,1.12126,1000000,1000000
2019.04.30 22:57:32.578,1.12122,1.12126,1000000,5530000
2019.04.30 22:57:34.782,1.12122,1.12127,1000000,2910000
2019.04.30 22:57:39.470,1.12123,1.12127,1500000,1000000
2019.04.30 22:57:46.497,1.12122,1.12126,1000000,1500000
2019.04.30 22:57:46.807,1.12122,1.12125,1000000,3190000
2019.04.30 22:57:46.957,1.12122,1.12126,1000000,1250000
2019.04.30 22:57:48.159,1.12122,1.12127,5250000,1250000
2019.04.30 22:57:48.261,1.12122,1.12126,1000000,1250000
2019.04.30 22:57:48.450,1.1212,1.12125,1120000,1000000
2019.04.30 22:57:48.553,1.12118,1.12124,3000000,6560000
2019.04.30 22:57:49.536,1.12119,1.12124,9260000,1000000
2019.04.30 22:57:50.987,1.12118,1.12124,5830000,1120000
2019.04.30 22:57:54.360,1.12118,1.12124,8830000,3870000
2019.04.30 22:57:55.990,1.12118,1.12123,4200000,1000000
2019.04.30 22:57:56.137,1.12118,1.12122,1000000,1120000
2019.04.30 22:57:56.290,1.12118,1.12123,4120000,1500000
2019.04.30 22:57:56.442,1.12117,1.12123,2620000,6560000
2019.04.30 22:57:56.936,1.12117,1.12123,3370000,5930000
2019.04.30 22:57:58.231,1.12117,1.12123,2620000,6560000
2019.04.30 22:57:58.333,1.12118,1.12123,5620000,1000000
2019.04.30 22:58:04.791,1.12117,1.12123,2060000,3940000
2019.04.30 22:58:04.892,1.12118,1.12123,2060000,1000000
2019.04.30 22:58:05.924,1.12117,1.12123,2060000,3940000
2019.04.30 22:58:08.577,1.12118,1.12123,6560000,1000000
2019.04.30 22:58:09.506,1.12117,1.12123,4310000,7310000
2019.04.30 22:58:15.071,1.12118,1.12123,1690000,1120000
2019.04.30 22:58:15.327,1.12118,1.12122,1000000,1870000
2019.04.30 22:58:15.429,1.12118,1.12123,5440000,2620000
2019.04.30 22:58:15.633,1.12118,1.12122,1000000,3750000
2019.04.30 22:58:17.930,1.12118,1.12123,4310000,1500000
2019.04.30 22:58:18.032,1.12118,1.12122,1000000,1000000
2019.04.30 22:58:18.185,1.12118,1.12123,2060000,1000000
2019.04.30 22:58:18.287,1.12118,1.12123,5190000,1120000
2019.04.30 22:58:19.889,1.12116,1.12121,1000000,5620000
2019.04.30 22:58:19.992,1.12115,1.1212,1690000,5250000
2019.04.30 22:58:20.094,1.12114,1.12119,3750000,2440000
2019.04.30 22:58:20.600,1.12114,1.12118,1250000,1000000
2019.04.30 22:58:21.594,1.12114,1.12119,5510000,1000000
2019.04.30 22:58:21.744,1.12113,1.12118,1000000,2440000
2019.04.30 22:58:21.846,1.12114,1.12118,2250000,1000000
2019.04.30 22:58:21.954,1.12114,1.12117,1000000,1000000
2019.04.30 22:58:22.071,1.12113,1.12118,1000000,2810000
2019.04.30 22:58:27.785,1.12113,1.12119,5140000,2440000
2019.04.30 22:58:34.207,1.12113,1.12118,4100000,3750000
2019.04.30 22:58:34.308,1.12113,1.12117,1000000,6000000
2019.04.30 22:58:35.577,1.12113,1.12118,1100000,1000000
2019.04.30 22:58:39.544,1.12113,1.12118,1970000,3000000
2019.04.30 22:58:41.224,1.12113,1.12119,8360000,1000000
2019.04.30 22:58:41.275,1.12113,1.12116,1000000,1500000
2019.04.30 22:58:41.377,1.12113,1.12118,2980000,2250000
2019.04.30 22:58:42.224,1.12113,1.12118,4600000,4120000
2019.04.30 22:58:45.643,1.12113,1.12119,7310000,2810000
2019.04.30 22:58:47.527,1.12114,1.12118,1000000,1000000
2019.04.30 22:58:47.629,1.12113,1.12119,6560000,2060000
2019.04.30 22:58:56.527,1.12114,1.12118,1000000,1000000
2019.04.30 22:58:56.628,1.12113,1.12119,3560000,1310000
2019.04.30 22:58:59.464,1.12115,1.12119,2560000,3190000
2019.04.30 22:58:59.566,1.12114,1.12118,2620000,1000000
2019.04.30 22:58:59.718,1.12113,1.12119,4810000,4310000
2019.04.30 22:59:01.450,1.12113,1.12119,4310000,4310000
2019.04.30 22:59:05.596,1.12114,1.12119,3940000,1000000
2019.04.30 22:59:06.800,1.12113,1.12119,3940000,3940000
2019.04.30 22:59:14.157,1.12114,1.12119,6190000,1500000
2019.04.30 22:59:15.024,1.12113,1.12119,3940000,5440000
2019.04.30 22:59:16.565,1.12114,1.12118,2250000,1000000
2019.04.30 22:59:17.395,1.12114,1.12119,6190000,1500000
2019.04.30 22:59:17.693,1.12113,1.12119,3940000,5440000
2019.04.30 22:59:20.526,1.12114,1.12118,1000000,1000000
2019.04.30 22:59:23.526,1.12113,1.12119,3190000,4690000
2019.04.30 22:59:24.160,1.12114,1.12119,5440000,1500000
2019.04.30 22:59:44.072,1.12113,1.12119,2440000,5440000
2019.04.30 22:59:44.194,1.12112,1.12117,1690000,6250000
2019.04.30 22:59:50.215,1.12112,1.12116,1250000,2440000
2019.04.30 22:59:50.418,1.12112,1.12115,1000000,1250000
2019.04.30 22:59:51.154,1.12112,1.12116,1250000,1690000
2019.04.30 22:59:56.578,1.12112,1.12115,1000000,1690000
2019.04.30 22:59:57.988,1.12111,1.12116,1250000,4750000
2019.04.30 22:59:58.781,1.12111,1.12114,1000000,2250000
2019.04.30 22:59:58.883,1.1211,1.12114,1000000,1500000
2019.04.30 22:59:58.986,1.12111,1.12113,1000000,1000000
2019.04.30 22:59:59.266,1.1211,1.12114,1500000,1500000
