2018.07.19 20:00:00.145,1.16363,1.16367,1.87,7.57
2018.07.19 20:00:00.536,1.16363,1.16366,1.50,5.84
2018.07.19 20:00:00.696,1.16367,1.16371,3.37,1.57
2018.07.19 20:00:00.870,1.16369,1.16372,1.37,1.20
2018.07.19 20:00:01.437,1.16369,1.16372,1.75,3.45
2018.07.19 20:00:02.554,1.1637,1.16371,1.00,2.10
2018.07.19 20:00:02.607,1.16368,1.1637,1.12,3.56
2018.07.19 20:00:03.110,1.16368,1.1637,1.00,5.06
2018.07.19 20:00:04.173,1.16366,1.16369,1.62,1.54
2018.07.19 20:00:04.596,1.16364,1.16367,2.44,8.55
2018.07.19 20:00:04.725,1.16363,1.16366,1.50,6.22
2018.07.19 20:00:05.343,1.16362,1.16366,2.62,3.60
2018.07.19 20:00:05.860,1.16365,1.16369,1.62,9.41
2018.07.19 20:00:07.118,1.16363,1.16366,1.31,2.25
2018.07.19 20:00:07.275,1.16362,1.16366,1.87,7.09
2018.07.19 20:00:07.535,1.16364,1.16367,2.81,1.84
2018.07.19 20:00:08.209,1.16364,1.16368,1.87,7.16
2018.07.19 20:00:08.731,1.16364,1.16367,3.37,1.50
2018.07.19 20:00:09.319,1.16364,1.16368,1.37,3.97
2018.07.19 20:00:09.872,1.16365,1.16368,1.00,4.72
2018.07.19 20:00:13.261,1.16363,1.16365,1.37,3.00
2018.07.19 20:00:13.995,1.16362,1.16365,1.12,1.50
2018.07.19 20:00:14.819,1.16363,1.16364,1.00,2.40
2018.07.19 20:00:15.337,1.16361,1.16365,3.37,5.85
2018.07.19 20:00:15.898,1.16361,1.16364,4.12,1.00
2018.07.19 20:00:16.478,1.16361,1.16365,3.37,6.04
2018.07.19 20:00:18.817,1.16361,1.16364,4.12,1.00
2018.07.19 20:00:20.490,1.16361,1.16365,1.87,4.54
2018.07.19 20:00:24.764,1.16361,1.16364,2.62,1.00
2018.07.19 20:00:26.029,1.16361,1.16365,1.87,3.97
2018.07.19 20:00:30.824,1.16359,1.16361,1.00,1.87
2018.07.19 20:00:31.139,1.16343,1.16345,1.69,1.12
2018.07.19 20:00:31.307,1.16339,1.16343,2.25,1.00
2018.07.19 20:00:32.325,1.16338,1.16344,3.45,2.81
2018.07.19 20:00:32.853,1.16341,1.16344,1.00,3.56
2018.07.19 20:00:33.375,1.1634,1.16344,1.75,4.57
2018.07.19 20:00:33.894,1.1634,1.16343,1.75,1.00
2018.07.19 20:00:34.395,1.1634,1.16344,1.75,5.62
2018.07.19 20:00:34.602,1.16339,1.16342,1.00,3.19
2018.07.19 20:00:35.575,1.16337,1.16339,1.50,1.00
2018.07.19 20:00:36.126,1.16335,1.16339,2.06,2.44
2018.07.19 20:00:36.627,1.16336,1.1634,1.69,5.62
2018.07.19 20:00:36.933,1.16336,1.1634,1.69,1.87
2018.07.19 20:00:39.074,1.16336,1.1634,2.44,3.07
2018.07.19 20:00:39.301,1.16334,1.16335,1.50,6.75
2018.07.19 20:00:39.410,1.16328,1.16332,2.44,1.87
2018.07.19 20:00:39.466,1.16327,1.16331,3.19,2.62
2018.07.19 20:00:39.737,1.16327,1.16331,1.10,1.69
2018.07.19 20:00:40.262,1.16325,1.16329,1.87,2.25
2018.07.19 20:00:40.855,1.16325,1.1633,1.47,4.68
2018.07.19 20:00:41.397,1.16325,1.16329,1.12,4.30
2018.07.19 20:00:42.865,1.16327,1.1633,1.87,1.95
2018.07.19 20:00:43.404,1.16325,1.16329,1.31,4.69
2018.07.19 20:00:46.875,1.16327,1.1633,1.87,1.42
2018.07.19 20:00:47.297,1.16328,1.16332,2.06,1.12
2018.07.19 20:00:47.835,1.16327,1.16333,6.56,3.19
2018.07.19 20:00:48.382,1.16327,1.16333,11.89,2.25
2018.07.19 20:00:48.693,1.16329,1.16333,1.69,3.56
2018.07.19 20:00:50.101,1.16329,1.16334,1.37,6.19
2018.07.19 20:00:51.303,1.16332,1.16334,3.75,2.92
2018.07.19 20:00:51.658,1.16347,1.16349,1.00,1.50
2018.07.19 20:00:52.195,1.16345,1.1635,1.87,8.25
2018.07.19 20:00:53.097,1.16345,1.16349,2.81,1.50
2018.07.19 20:00:53.568,1.16349,1.1635,18.56,1.42
2018.07.19 20:00:53.682,1.1635,1.16355,2.62,4.57
2018.07.19 20:00:53.790,1.1635,1.16353,1.75,1.00
2018.07.19 20:00:54.206,1.16348,1.16351,1.12,1.50
2018.07.19 20:00:54.260,1.16348,1.16351,1.87,1.00
2018.07.19 20:00:54.415,1.16349,1.16354,3.00,3.67
2018.07.19 20:00:55.192,1.16348,1.1635,1.12,1.00
2018.07.19 20:00:56.013,1.16346,1.1635,1.87,4.12
2018.07.19 20:00:56.663,1.16346,1.16349,1.12,1.00
2018.07.19 20:00:57.190,1.16346,1.16348,1.12,1.00
2018.07.19 20:01:00.253,1.16346,1.16349,1.25,2.44
2018.07.19 20:01:01.272,1.16346,1.16349,1.12,3.75
2018.07.19 20:01:03.921,1.16346,1.16349,1.37,1.31
2018.07.19 20:01:05.864,1.16345,1.16349,1.00,1.00
2018.07.19 20:01:06.574,1.16345,1.16349,1.00,1.50
2018.07.19 20:01:07.154,1.16343,1.16345,2.62,1.50
2018.07.19 20:01:07.349,1.1634,1.16344,1.50,1.12
2018.07.19 20:01:08.133,1.16339,1.16343,1.95,1.50
2018.07.19 20:01:08.635,1.16339,1.16344,1.50,7.12
2018.07.19 20:01:12.120,1.16339,1.16342,1.00,1.12
2018.07.19 20:01:12.950,1.16338,1.16343,1.00,12.82
2018.07.19 20:01:13.191,1.16337,1.1634,1.50,6.19
2018.07.19 20:01:13.244,1.16335,1.16338,1.10,1.00
2018.07.19 20:01:13.297,1.16333,1.16337,1.45,8.44
2018.07.19 20:01:13.467,1.16332,1.16335,2.62,1.12
2018.07.19 20:01:13.951,1.16335,1.16336,1.25,1.00
2018.07.19 20:01:14.058,1.16334,1.16339,1.12,4.12
2018.07.19 20:01:14.243,1.16333,1.16336,2.25,1.00
2018.07.19 20:01:14.356,1.16332,1.16336,2.70,1.50
2018.07.19 20:01:14.462,1.16331,1.16334,1.95,1.00
2018.07.19 20:01:14.810,1.16333,1.16335,1.12,1.12
2018.07.19 20:01:14.861,1.16333,1.16337,2.70,1.87
2018.07.19 20:01:15.391,1.16334,1.16338,1.00,3.37
2018.07.19 20:01:15.923,1.16334,1.16338,1.10,2.62
2018.07.19 20:01:17.373,1.16334,1.16338,1.47,3.00
2018.07.19 20:01:18.793,1.16333,1.16338,8.32,1.87
2018.07.19 20:01:20.602,1.16334,1.16339,1.20,3.00
2018.07.19 20:01:21.929,1.16333,1.16334,3.37,3.19
2018.07.19 20:01:22.034,1.16328,1.16331,1.20,1.50
2018.07.19 20:01:22.548,1.16329,1.16332,1.12,4.31
2018.07.19 20:01:23.102,1.16329,1.16332,1.12,5.06
2018.07.19 20:01:24.346,1.16329,1.16332,1.12,3.19
2018.07.19 20:01:24.658,1.16327,1.1633,1.87,1.00
2018.07.19 20:01:25.210,1.16327,1.16331,1.00,2.81
2018.07.19 20:01:27.109,1.16327,1.1633,3.94,1.00
2018.07.19 20:01:27.547,1.16326,1.1633,1.10,10.69
2018.07.19 20:01:28.054,1.16325,1.16329,1.87,1.00
2018.07.19 20:01:28.557,1.16325,1.16329,1.87,1.12
2018.07.19 20:01:29.485,1.16324,1.16327,3.00,1.00
2018.07.19 20:01:29.852,1.16324,1.16329,4.50,1.00
2018.07.19 20:01:35.396,1.16323,1.16325,1.00,1.50
2018.07.19 20:01:35.690,1.16324,1.16328,3.37,1.12
2018.07.19 20:01:36.471,1.16324,1.16328,1.00,2.81
2018.07.19 20:01:37.573,1.16322,1.16325,2.32,1.12
2018.07.19 20:01:38.094,1.16323,1.16326,1.87,1.50
2018.07.19 20:01:39.055,1.16323,1.16326,1.37,1.50
2018.07.19 20:01:39.618,1.16323,1.16327,1.62,1.87
2018.07.19 20:01:39.934,1.1632,1.16324,1.20,4.20
2018.07.19 20:01:40.977,1.16319,1.16324,2.70,6.17
2018.07.19 20:01:42.010,1.16319,1.16324,2.70,3.92
2018.07.19 20:01:42.731,1.16319,1.16323,3.45,1.00
2018.07.19 20:01:43.315,1.16321,1.16323,1.00,1.00
2018.07.19 20:01:43.865,1.16323,1.16325,1.12,3.37
2018.07.19 20:01:43.982,1.16323,1.16328,1.47,1.50
2018.07.19 20:01:44.495,1.16323,1.16328,2.14,1.69
2018.07.19 20:01:45.242,1.16324,1.16329,1.25,5.51
2018.07.19 20:01:46.300,1.16324,1.16328,1.69,1.00
2018.07.19 20:01:48.970,1.16324,1.16328,3.64,1.12
2018.07.19 20:01:52.452,1.16328,1.16329,1.12,3.75
2018.07.19 20:01:52.505,1.1633,1.16334,1.37,3.56
2018.07.19 20:01:52.558,1.1633,1.16333,1.00,3.75
2018.07.19 20:01:52.716,1.16331,1.16333,1.00,1.20
2018.07.19 20:01:53.444,1.1633,1.16334,4.95,1.50
2018.07.19 20:01:53.978,1.16331,1.16333,1.00,1.00
2018.07.19 20:01:55.448,1.1633,1.16334,4.95,1.12
2018.07.19 20:01:56.925,1.16331,1.16333,1.00,1.00
2018.07.19 20:01:57.601,1.1633,1.16334,4.95,1.12
2018.07.19 20:01:58.755,1.16331,1.16333,1.00,1.00
2018.07.19 20:01:59.428,1.16331,1.16335,3.19,1.57
2018.07.19 20:02:01.790,1.16332,1.16335,1.20,1.87
2018.07.19 20:02:02.166,1.16335,1.16336,1.50,1.50
2018.07.19 20:02:02.276,1.16334,1.16339,3.82,2.70
2018.07.19 20:02:03.488,1.16334,1.16339,4.20,3.56
2018.07.19 20:02:08.919,1.16335,1.16338,1.00,2.44
2018.07.19 20:02:11.834,1.16334,1.16338,3.37,1.50
2018.07.19 20:02:15.052,1.16334,1.16339,2.25,4.57
2018.07.19 20:02:15.210,1.16335,1.16336,1.12,4.12
2018.07.19 20:02:15.265,1.16331,1.16335,1.95,4.12
2018.07.19 20:02:16.832,1.16332,1.16335,1.00,5.25
2018.07.19 20:02:18.191,1.16331,1.16334,1.50,2.62
2018.07.19 20:02:22.227,1.16334,1.16335,1.00,2.70
2018.07.19 20:02:22.280,1.16334,1.16339,2.81,6.64
2018.07.19 20:02:22.588,1.16336,1.16339,3.37,1.39
2018.07.19 20:02:22.900,1.1634,1.16343,1.12,1.69
2018.07.19 20:02:23.509,1.1634,1.16342,1.31,1.25
2018.07.19 20:02:24.725,1.1634,1.16343,1.50,2.06
2018.07.19 20:02:27.201,1.16337,1.1634,1.57,2.32
2018.07.19 20:02:27.626,1.16339,1.16341,1.87,1.35
2018.07.19 20:02:27.678,1.16339,1.16342,2.44,1.25
2018.07.19 20:02:28.448,1.16337,1.16339,4.35,1.00
2018.07.19 20:02:28.984,1.16336,1.16341,2.51,3.37
2018.07.19 20:02:29.522,1.16339,1.16342,1.25,1.76
2018.07.19 20:02:30.031,1.16339,1.16343,1.19,1.31
2018.07.19 20:02:30.593,1.1634,1.16344,2.62,1.12
2018.07.19 20:02:31.362,1.16339,1.16344,2.51,2.62
2018.07.19 20:02:32.204,1.16341,1.16343,1.00,1.10
2018.07.19 20:02:32.727,1.16342,1.16345,1.12,2.70
2018.07.19 20:02:33.836,1.16341,1.16345,1.00,4.42
2018.07.19 20:03:02.391,1.16338,1.16339,1.10,1.12
2018.07.19 20:03:02.445,1.16337,1.16339,1.10,1.00
2018.07.19 20:03:02.499,1.16335,1.16337,1.45,1.87
2018.07.19 20:03:02.608,1.16334,1.16336,3.75,1.00
2018.07.19 20:03:02.662,1.16335,1.16339,1.87,1.87
2018.07.19 20:03:10.035,1.16335,1.16339,4.20,2.81
2018.07.19 20:03:11.749,1.16335,1.16339,3.07,2.06
2018.07.19 20:03:12.403,1.16335,1.16338,4.20,1.00
2018.07.19 20:03:14.377,1.16335,1.1634,3.45,5.14
2018.07.19 20:03:18.473,1.16335,1.16338,3.45,1.25
2018.07.19 20:03:20.155,1.16335,1.16339,1.20,1.31
2018.07.19 20:03:25.502,1.16336,1.16339,2.25,2.06
2018.07.19 20:03:26.308,1.16336,1.16339,2.25,1.12
2018.07.19 20:03:26.538,1.16338,1.16342,2.62,3.00
2018.07.19 20:03:26.641,1.1634,1.16343,1.12,1.12
2018.07.19 20:03:26.950,1.16345,1.16348,1.95,1.31
2018.07.19 20:03:27.170,1.16344,1.16347,2.89,1.69
2018.07.19 20:03:28.313,1.16344,1.16348,1.00,3.56
2018.07.19 20:03:28.810,1.16345,1.16349,2.44,3.56
2018.07.19 20:03:29.736,1.16346,1.16349,1.37,4.12
2018.07.19 20:03:32.763,1.16346,1.16349,2.25,2.25
2018.07.19 20:03:33.593,1.16345,1.16349,1.95,1.87
2018.07.19 20:03:36.771,1.16346,1.16349,2.25,1.50
2018.07.19 20:03:57.602,1.16344,1.1635,4.57,5.06
2018.07.19 20:04:00.592,1.16344,1.16349,4.57,1.07
2018.07.19 20:04:02.998,1.16344,1.16349,4.20,2.14
2018.07.19 20:04:12.715,1.16344,1.16349,3.82,6.64
2018.07.19 20:04:14.551,1.16344,1.16348,4.39,1.01
2018.07.19 20:04:16.229,1.16345,1.16348,2.62,1.10
2018.07.19 20:04:51.667,1.16344,1.16348,4.39,1.95
2018.07.19 20:04:52.273,1.16344,1.16348,4.39,2.89
2018.07.19 20:04:55.526,1.16342,1.16345,4.20,1.00
2018.07.19 20:04:55.706,1.1634,1.16343,2.32,1.87
2018.07.19 20:04:56.239,1.1634,1.16342,2.14,1.00
2018.07.19 20:05:01.910,1.1634,1.16342,3.07,1.00
2018.07.19 20:05:02.276,1.16341,1.16344,2.51,1.87
2018.07.19 20:05:02.608,1.16342,1.16345,4.01,1.00
2018.07.19 20:05:02.969,1.16344,1.16348,2.25,3.00
2018.07.19 20:05:03.021,1.16344,1.16347,4.57,1.00
2018.07.19 20:05:03.523,1.16344,1.16348,2.89,1.87
2018.07.19 20:05:04.141,1.16344,1.16347,3.82,1.00
2018.07.19 20:05:04.684,1.16346,1.16348,1.12,1.12
2018.07.19 20:05:12.714,1.16344,1.16348,3.07,1.12
2018.07.19 20:05:13.022,1.16346,1.16349,1.31,1.20
2018.07.19 20:05:19.869,1.16347,1.1635,1.01,3.82
2018.07.19 20:05:20.321,1.1635,1.16354,1.75,4.57
2018.07.19 20:05:20.373,1.1635,1.16354,1.37,1.57
2018.07.19 20:05:27.156,1.1635,1.16353,1.01,1.25
2018.07.19 20:05:30.827,1.16349,1.16354,1.20,4.50
2018.07.19 20:05:31.377,1.16349,1.16353,1.95,1.00
2018.07.19 20:05:32.064,1.16349,1.16354,1.20,2.25
2018.07.19 20:05:32.726,1.16349,1.16353,1.95,1.00
2018.07.19 20:05:47.716,1.1635,1.16354,1.37,2.81
2018.07.19 20:05:53.529,1.1635,1.16354,1.37,3.94
2018.07.19 20:05:59.334,1.1635,1.16352,1.62,1.00
2018.07.19 20:06:04.597,1.16348,1.16351,2.32,1.12
2018.07.19 20:06:04.756,1.16347,1.16349,1.57,1.12
2018.07.19 20:06:06.889,1.16346,1.1635,1.95,5.44
2018.07.19 20:06:07.555,1.16346,1.16349,1.12,2.25
2018.07.19 20:06:08.091,1.16347,1.16348,1.00,1.25
2018.07.19 20:06:08.752,1.16346,1.16349,1.12,1.87
2018.07.19 20:06:09.212,1.16345,1.16349,2.70,1.87
2018.07.19 20:06:28.399,1.16345,1.16349,1.95,3.75
2018.07.19 20:06:32.827,1.16344,1.16349,8.33,2.81
2018.07.19 20:06:32.932,1.16345,1.16348,1.10,1.50
2018.07.19 20:06:38.178,1.16348,1.1635,1.00,3.75
2018.07.19 20:06:38.580,1.1635,1.16353,1.39,4.12
2018.07.19 20:06:39.514,1.1635,1.16353,2.32,1.00
2018.07.19 20:06:40.154,1.1635,1.16352,2.06,1.00
2018.07.19 20:06:40.701,1.16349,1.16353,2.70,1.87
2018.07.19 20:06:41.568,1.16349,1.16352,4.39,1.00
2018.07.19 20:06:44.591,1.16351,1.16353,1.00,1.87
2018.07.19 20:06:45.630,1.16351,1.16353,1.00,2.50
2018.07.19 20:06:46.221,1.16349,1.16353,2.89,2.25
2018.07.19 20:06:47.378,1.16349,1.16352,5.14,1.00
2018.07.19 20:06:47.922,1.16349,1.16353,5.14,2.25
2018.07.19 20:06:51.783,1.1635,1.16353,1.47,2.25
2018.07.19 20:06:56.163,1.16349,1.16353,3.64,2.25
2018.07.19 20:06:59.469,1.16349,1.16353,3.45,2.50
2018.07.19 20:07:00.357,1.16349,1.16353,2.70,2.25
2018.07.19 20:07:33.347,1.16349,1.16354,1.57,3.82
2018.07.19 20:07:38.155,1.1635,1.16352,1.57,1.00
2018.07.19 20:07:40.793,1.16352,1.16355,3.00,3.75
2018.07.19 20:07:41.429,1.16352,1.16356,2.32,4.50
2018.07.19 20:07:42.509,1.16352,1.16356,5.70,4.87
2018.07.19 20:07:48.259,1.16353,1.16356,1.87,4.12
2018.07.19 20:07:49.264,1.16351,1.16354,1.47,1.12
2018.07.19 20:07:51.547,1.1635,1.16354,1.95,6.19
2018.07.19 20:07:59.576,1.1635,1.16353,1.29,1.25
2018.07.19 20:07:59.629,1.1635,1.16354,1.10,4.50
2018.07.19 20:08:00.156,1.1635,1.16353,1.76,1.25
2018.07.19 20:08:00.665,1.1635,1.16354,1.10,4.12
2018.07.19 20:08:02.041,1.1635,1.16353,3.19,2.44
2018.07.19 20:08:02.143,1.1635,1.16353,2.51,1.50
2018.07.19 20:08:02.648,1.1635,1.16354,1.01,8.89
2018.07.19 20:08:03.701,1.1635,1.16353,3.26,1.69
2018.07.19 20:08:04.300,1.1635,1.16353,1.57,1.00
2018.07.19 20:08:06.718,1.1635,1.16354,1.10,5.62
2018.07.19 20:08:07.523,1.1635,1.16353,1.57,1.00
2018.07.19 20:08:08.280,1.1635,1.16354,1.01,7.31
2018.07.19 20:08:12.203,1.16356,1.16357,2.85,1.87
2018.07.19 20:08:12.440,1.1636,1.16363,1.50,1.20
2018.07.19 20:08:13.083,1.1636,1.16363,1.69,4.58
2018.07.19 20:08:13.616,1.16359,1.16362,1.25,1.12
2018.07.19 20:08:14.120,1.16359,1.16362,1.19,5.06
2018.07.19 20:08:14.867,1.16359,1.16361,1.25,1.12
2018.07.19 20:08:15.311,1.16357,1.1636,4.42,3.75
2018.07.19 20:08:15.859,1.16356,1.1636,1.01,3.64
2018.07.19 20:08:16.388,1.16356,1.16359,1.50,2.14
2018.07.19 20:08:16.909,1.16355,1.16358,1.50,1.00
2018.07.19 20:08:17.515,1.16355,1.16359,1.31,1.76
2018.07.19 20:08:20.726,1.16355,1.16359,1.31,1.57
2018.07.19 20:08:23.082,1.16355,1.16359,2.06,4.01
2018.07.19 20:08:23.980,1.16356,1.16359,1.50,1.10
2018.07.19 20:08:29.187,1.16357,1.1636,1.00,2.06
2018.07.19 20:08:30.274,1.16356,1.16359,2.81,1.25
2018.07.19 20:08:30.804,1.16357,1.1636,1.87,1.76
2018.07.19 20:08:31.745,1.16356,1.1636,2.06,4.84
2018.07.19 20:08:33.138,1.16357,1.1636,5.25,2.02
2018.07.19 20:08:33.470,1.16359,1.16362,1.25,1.69
2018.07.19 20:08:34.260,1.16359,1.16361,1.19,1.25
2018.07.19 20:08:34.793,1.16359,1.16362,1.00,1.00
2018.07.19 20:08:35.447,1.16359,1.16362,1.19,1.25
2018.07.19 20:08:44.512,1.16358,1.16362,3.19,1.12
2018.07.19 20:08:45.597,1.16356,1.16359,2.32,1.87
2018.07.19 20:08:46.115,1.16355,1.16358,1.69,1.31
2018.07.19 20:08:49.682,1.16353,1.16359,6.26,8.14
2018.07.19 20:08:52.885,1.16353,1.16358,4.31,3.64
2018.07.19 20:09:00.934,1.16354,1.16359,7.12,2.51
2018.07.19 20:09:01.632,1.16355,1.16358,2.06,1.25
2018.07.19 20:09:02.942,1.16355,1.16358,2.06,1.00
2018.07.19 20:09:04.586,1.16355,1.16358,1.62,1.12
2018.07.19 20:09:32.021,1.16357,1.1636,1.31,3.64
2018.07.19 20:09:32.286,1.16358,1.16362,1.76,4.39
2018.07.19 20:09:32.990,1.16358,1.16362,1.57,3.45
2018.07.19 20:09:33.715,1.16359,1.16362,1.50,5.32
2018.07.19 20:09:34.241,1.16358,1.16362,2.89,3.82
2018.07.19 20:09:35.808,1.16359,1.16362,1.25,3.26
2018.07.19 20:09:36.618,1.16358,1.16362,2.89,3.07
2018.07.19 20:09:37.368,1.16358,1.16362,3.26,2.70
2018.07.19 20:09:45.943,1.16356,1.16361,7.42,5.89
2018.07.19 20:09:46.638,1.16356,1.1636,3.45,1.39
2018.07.19 20:09:47.325,1.16357,1.1636,1.12,4.01
2018.07.19 20:10:04.379,1.16355,1.16358,2.14,1.25
2018.07.19 20:10:04.696,1.16355,1.16358,1.76,1.25
2018.07.19 20:10:04.799,1.16357,1.16359,2.81,1.12
2018.07.19 20:10:04.903,1.16358,1.16362,1.31,3.19
2018.07.19 20:10:05.432,1.16358,1.16361,1.69,1.31
2018.07.19 20:10:06.097,1.16358,1.16362,2.06,2.81
2018.07.19 20:10:11.424,1.16359,1.16361,1.31,1.25
2018.07.19 20:10:12.876,1.16359,1.16362,1.12,2.06
2018.07.19 20:10:14.997,1.16358,1.16361,2.81,1.25
2018.07.19 20:10:15.513,1.16358,1.16362,2.81,2.06
2018.07.19 20:10:16.215,1.16358,1.16361,2.81,1.25
2018.07.19 20:10:17.441,1.16358,1.16362,2.81,2.06
2018.07.19 20:10:24.814,1.16359,1.16361,1.31,1.25
2018.07.19 20:10:30.393,1.16359,1.16362,1.12,2.81
2018.07.19 20:10:32.534,1.16358,1.16361,2.06,1.25
2018.07.19 20:10:32.866,1.16359,1.16364,4.69,6.82
2018.07.19 20:10:34.042,1.1636,1.16364,1.57,4.95
2018.07.19 20:10:34.350,1.16364,1.16365,1.00,3.00
2018.07.19 20:10:34.405,1.16364,1.16366,1.19,1.00
2018.07.19 20:10:35.032,1.16363,1.16366,3.94,1.00
2018.07.19 20:10:35.537,1.16363,1.16367,2.63,1.87
2018.07.19 20:10:36.283,1.16363,1.16368,2.81,3.07
2018.07.19 20:10:36.840,1.16364,1.16367,1.31,1.37
2018.07.19 20:10:38.395,1.16363,1.16367,4.31,1.50
2018.07.19 20:10:38.896,1.16364,1.16367,1.31,1.50
2018.07.19 20:10:39.485,1.16363,1.16367,4.50,1.50
2018.07.19 20:10:40.018,1.16364,1.16368,2.51,3.26
2018.07.19 20:10:40.639,1.16365,1.16368,1.19,3.26
2018.07.19 20:10:40.774,1.1637,1.16373,1.00,3.00
2018.07.19 20:10:41.316,1.16371,1.16374,1.00,3.64
2018.07.19 20:10:41.836,1.1637,1.16373,1.50,1.12
2018.07.19 20:10:44.921,1.16369,1.16373,3.00,3.75
2018.07.19 20:10:45.441,1.16367,1.16371,1.39,1.39
2018.07.19 20:10:45.646,1.16369,1.16373,1.12,3.64
2018.07.19 20:10:46.347,1.16369,1.16373,1.12,2.14
2018.07.19 20:10:46.873,1.16368,1.16373,3.37,2.32
2018.07.19 20:10:47.508,1.16369,1.16373,1.00,2.32
2018.07.19 20:10:48.032,1.16368,1.16372,2.62,1.37
2018.07.19 20:10:51.370,1.16368,1.16371,2.25,1.00
2018.07.19 20:10:53.697,1.16368,1.16372,4.12,1.00
2018.07.19 20:10:54.397,1.16368,1.16371,1.12,1.00
2018.07.19 20:10:54.732,1.16366,1.16369,1.95,1.12
2018.07.19 20:10:55.372,1.16366,1.1637,1.95,4.57
2018.07.19 20:10:55.900,1.16366,1.1637,1.57,3.82
2018.07.19 20:10:58.442,1.16365,1.16368,2.44,1.25
2018.07.19 20:10:59.061,1.16366,1.16369,1.57,3.56
2018.07.19 20:11:06.397,1.16369,1.1637,1.00,1.50
2018.07.19 20:11:06.513,1.16375,1.16376,2.62,1.00
2018.07.19 20:11:06.568,1.16376,1.16379,1.00,1.50
2018.07.19 20:11:06.722,1.16378,1.16379,1.50,2.25
2018.07.19 20:11:06.877,1.16376,1.16381,2.32,3.75
2018.07.19 20:11:07.397,1.16375,1.1638,1.95,5.51
2018.07.19 20:11:08.530,1.16375,1.16379,2.14,2.51
2018.07.19 20:11:11.644,1.16374,1.16378,2.32,1.10
2018.07.19 20:11:12.529,1.16372,1.16375,1.47,1.00
2018.07.19 20:11:12.590,1.1637,1.16374,4.57,2.25
2018.07.19 20:11:12.845,1.16373,1.16376,1.69,1.55
2018.07.19 20:11:12.951,1.16374,1.16378,3.56,2.32
2018.07.19 20:11:13.493,1.16374,1.16379,2.62,1.95
2018.07.19 20:11:14.456,1.16374,1.16379,3.75,2.32
2018.07.19 20:11:17.619,1.16374,1.16378,4.31,1.00
2018.07.19 20:11:19.303,1.16374,1.16379,4.87,3.45
2018.07.19 20:11:19.903,1.16376,1.16379,1.00,3.45
2018.07.19 20:11:20.882,1.16375,1.16379,2.44,3.00
2018.07.19 20:11:21.405,1.16375,1.16379,3.19,3.00
2018.07.19 20:11:26.135,1.16375,1.16379,3.64,3.00
2018.07.19 20:11:26.694,1.16375,1.16379,4.39,3.00
2018.07.19 20:11:35.488,1.16377,1.16379,1.57,2.25
2018.07.19 20:11:37.017,1.16379,1.16382,1.69,1.25
2018.07.19 20:11:37.280,1.16378,1.16383,3.07,3.94
2018.07.19 20:11:38.085,1.16379,1.16382,1.00,1.31
2018.07.19 20:11:38.472,1.16382,1.16384,1.31,3.07
2018.07.19 20:11:39.002,1.16383,1.16385,1.00,1.50
2018.07.19 20:11:39.681,1.16381,1.16385,1.57,2.10
2018.07.19 20:11:40.306,1.16381,1.16384,1.00,2.14
2018.07.19 20:11:40.824,1.1638,1.16383,2.25,1.37
2018.07.19 20:11:41.406,1.1638,1.16384,1.87,2.14
2018.07.19 20:11:42.062,1.1638,1.16384,1.87,4.39
2018.07.19 20:11:42.600,1.1638,1.16384,1.87,2.33
2018.07.19 20:11:46.675,1.1638,1.16383,1.87,1.00
2018.07.19 20:11:46.942,1.16381,1.16385,1.00,3.08
2018.07.19 20:11:47.621,1.16381,1.16385,1.19,5.06
2018.07.19 20:11:48.153,1.16381,1.16384,1.69,1.00
2018.07.19 20:11:51.443,1.16382,1.16386,1.87,8.02
2018.07.19 20:11:51.949,1.16382,1.16385,1.12,1.20
2018.07.19 20:11:57.041,1.16382,1.16385,1.00,7.88
2018.07.19 20:11:57.095,1.1638,1.16384,1.12,2.81
2018.07.19 20:12:00.041,1.1638,1.16384,1.87,2.06
2018.07.19 20:12:02.989,1.16382,1.16386,1.00,4.57
2018.07.19 20:12:03.524,1.16382,1.16385,1.37,1.25
2018.07.19 20:12:04.881,1.16382,1.16385,1.00,1.65
2018.07.19 20:12:05.745,1.16381,1.16385,3.07,1.39
2018.07.19 20:12:07.094,1.16382,1.16385,1.00,1.39
2018.07.19 20:12:10.394,1.16382,1.16385,1.50,2.06
2018.07.19 20:12:10.917,1.16382,1.16385,1.50,1.69
2018.07.19 20:12:14.072,1.16381,1.16385,3.82,2.81
2018.07.19 20:12:14.512,1.16381,1.16385,2.25,9.86
2018.07.19 20:12:15.474,1.16381,1.16385,2.25,6.71
2018.07.19 20:12:16.083,1.16381,1.16384,1.50,1.01
2018.07.19 20:12:20.782,1.16381,1.16385,2.25,1.58
2018.07.19 20:12:21.364,1.16381,1.16385,2.25,4.84
2018.07.19 20:12:21.481,1.16383,1.16386,4.12,2.32
2018.07.19 20:12:21.888,1.16383,1.16387,1.95,4.76
2018.07.19 20:12:23.064,1.16383,1.16386,2.62,1.00
2018.07.19 20:12:24.867,1.16383,1.16387,2.14,5.44
2018.07.19 20:12:25.170,1.16384,1.16388,4.57,1.50
2018.07.19 20:12:25.753,1.16385,1.16389,1.20,4.95
2018.07.19 20:12:26.262,1.16385,1.16388,1.20,1.00
2018.07.19 20:12:27.297,1.16385,1.16389,1.20,4.95
2018.07.19 20:12:27.802,1.16386,1.16389,1.50,2.62
2018.07.19 20:12:27.958,1.16387,1.16391,1.87,3.75
2018.07.19 20:12:28.061,1.16387,1.16391,2.32,5.32
2018.07.19 20:12:28.165,1.16388,1.16391,2.44,2.62
2018.07.19 20:12:28.708,1.16388,1.16391,1.76,1.12
2018.07.19 20:12:29.127,1.16388,1.16391,2.32,3.82
2018.07.19 20:12:29.238,1.16389,1.16391,2.06,2.06
2018.07.19 20:12:30.061,1.16389,1.16391,1.57,1.25
2018.07.19 20:12:30.577,1.16391,1.16392,1.00,3.94
2018.07.19 20:12:31.119,1.1639,1.16391,1.10,1.69
2018.07.19 20:12:32.282,1.16389,1.16391,1.95,1.25
2018.07.19 20:12:32.780,1.16389,1.16392,4.76,1.00
2018.07.19 20:12:33.290,1.1639,1.16394,1.10,3.37
2018.07.19 20:12:35.423,1.1639,1.16394,1.20,3.39
2018.07.19 20:12:35.978,1.1639,1.16393,1.95,1.00
2018.07.19 20:12:36.642,1.1639,1.16394,1.95,1.87
2018.07.19 20:12:37.555,1.1639,1.16394,1.57,1.87
2018.07.19 20:12:56.387,1.16391,1.16395,2.62,3.01
2018.07.19 20:13:03.949,1.16391,1.16395,3.26,3.58
2018.07.19 20:13:06.531,1.16395,1.16396,2.06,2.62
2018.07.19 20:13:06.584,1.16395,1.16398,1.95,1.00
2018.07.19 20:13:06.637,1.16397,1.164,1.00,6.37
2018.07.19 20:13:08.086,1.16396,1.164,1.95,4.69
2018.07.19 20:13:21.210,1.16396,1.164,1.47,3.94
2018.07.19 20:13:26.260,1.16396,1.16399,1.10,2.81
2018.07.19 20:13:35.827,1.16396,1.164,1.20,4.20
2018.07.19 20:13:37.111,1.16396,1.164,1.10,4.20
2018.07.19 20:13:37.645,1.16396,1.164,1.95,5.70
2018.07.19 20:13:41.896,1.16395,1.16399,2.25,1.00
2018.07.19 20:13:42.242,1.16391,1.16395,4.01,1.87
2018.07.19 20:13:44.559,1.16391,1.16395,1.57,2.81
2018.07.19 20:13:45.846,1.16391,1.16395,1.57,3.19
2018.07.19 20:13:47.716,1.16391,1.16394,1.57,1.00
2018.07.19 20:13:48.931,1.16403,1.16404,1.50,1.00
2018.07.19 20:13:48.987,1.16404,1.16406,4.87,4.12
2018.07.19 20:13:49.209,1.16403,1.16404,1.00,1.12
2018.07.19 20:13:49.714,1.16403,1.16405,1.00,3.94
2018.07.19 20:13:50.248,1.16402,1.16405,4.12,4.87
2018.07.19 20:13:50.728,1.16402,1.16404,4.12,1.31
2018.07.19 20:13:51.267,1.16401,1.16405,2.32,6.75
2018.07.19 20:13:51.780,1.16401,1.16404,1.57,1.19
2018.07.19 20:13:52.318,1.16401,1.16403,1.31,2.06
2018.07.19 20:13:52.849,1.164,1.16404,4.39,4.69
2018.07.19 20:13:53.514,1.164,1.16404,4.01,4.31
2018.07.19 20:13:54.093,1.16401,1.16403,1.25,1.19
2018.07.19 20:13:54.809,1.164,1.16404,1.95,2.06
2018.07.19 20:13:56.267,1.164,1.16403,3.26,1.69
2018.07.19 20:13:56.819,1.164,1.16404,2.32,2.06
2018.07.19 20:13:59.856,1.16399,1.16402,1.10,2.74
2018.07.19 20:13:59.964,1.16398,1.16402,3.07,1.31
2018.07.19 20:14:00.490,1.164,1.16403,2.25,2.25
2018.07.19 20:14:02.513,1.16401,1.16402,1.00,1.50
2018.07.19 20:14:03.483,1.16399,1.16403,2.32,2.62
2018.07.19 20:14:11.847,1.164,1.16403,3.07,1.00
2018.07.19 20:14:12.393,1.164,1.16403,3.07,1.12
2018.07.19 20:14:15.839,1.16399,1.16403,2.32,6.15
2018.07.19 20:14:15.892,1.16401,1.16403,1.12,3.71
2018.07.19 20:14:18.097,1.16401,1.16403,1.25,3.94
2018.07.19 20:14:18.366,1.164,1.16404,1.12,2.62
2018.07.19 20:14:19.124,1.16401,1.16403,1.00,1.00
2018.07.19 20:14:19.674,1.164,1.16404,1.20,3.00
2018.07.19 20:14:21.106,1.16401,1.16403,1.00,1.50
2018.07.19 20:14:21.608,1.16401,1.16403,1.50,1.50
2018.07.19 20:14:22.369,1.164,1.16404,1.95,3.07
2018.07.19 20:14:23.408,1.164,1.16404,1.87,3.07
2018.07.19 20:14:23.616,1.164,1.16404,1.00,3.26
2018.07.19 20:14:25.156,1.16401,1.16404,2.25,1.50
2018.07.19 20:14:26.552,1.16402,1.16404,1.00,1.00
2018.07.19 20:14:27.057,1.16401,1.16404,3.19,1.50
2018.07.19 20:14:30.151,1.16402,1.16405,1.75,1.10
2018.07.19 20:14:30.679,1.16402,1.16406,2.25,6.30
2018.07.19 20:14:32.117,1.16402,1.16405,2.25,3.75
2018.07.19 20:14:35.184,1.16403,1.16404,1.12,1.00
2018.07.19 20:14:36.624,1.16402,1.16405,3.00,2.85
2018.07.19 20:14:37.533,1.16402,1.16405,3.37,3.22
2018.07.19 20:14:46.935,1.16401,1.16405,1.87,1.91
2018.07.19 20:14:49.139,1.16401,1.16404,4.31,1.25
2018.07.19 20:14:49.679,1.16404,1.16405,3.94,1.12
2018.07.19 20:14:49.784,1.16406,1.16409,1.37,2.62
2018.07.19 20:14:50.324,1.16406,1.1641,1.00,9.07
2018.07.19 20:14:50.994,1.16406,1.16409,1.00,2.25
2018.07.19 20:14:52.249,1.16406,1.16409,1.50,1.00
2018.07.19 20:14:52.763,1.16406,1.1641,1.50,11.70
2018.07.19 20:14:52.867,1.16405,1.16409,1.57,6.45
2018.07.19 20:14:53.384,1.16404,1.16408,1.12,1.50
2018.07.19 20:14:56.464,1.16402,1.16405,2.70,1.95
2018.07.19 20:14:56.515,1.16402,1.16404,1.12,1.12
2018.07.19 20:14:57.336,1.164,1.16404,2.89,2.14
2018.07.19 20:14:58.189,1.16402,1.16405,1.00,7.01
2018.07.19 20:15:00.895,1.16401,1.16404,1.69,2.06
2018.07.19 20:15:01.457,1.164,1.16404,3.56,1.31
2018.07.19 20:15:02.105,1.16401,1.16404,2.06,2.81
2018.07.19 20:15:12.338,1.16401,1.16403,1.00,2.06
2018.07.19 20:15:14.948,1.164,1.16403,2.25,1.31
2018.07.19 20:15:15.457,1.16401,1.16403,1.50,1.62
2018.07.19 20:15:32.565,1.16401,1.16403,1.50,1.20
2018.07.19 20:15:34.292,1.16401,1.16403,1.50,1.62
2018.07.19 20:15:38.612,1.16402,1.16405,6.37,1.27
2018.07.19 20:15:38.666,1.16403,1.16406,1.87,1.00
2018.07.19 20:15:39.767,1.16404,1.16407,1.50,1.12
2018.07.19 20:15:45.600,1.16403,1.16406,4.31,1.12
2018.07.19 20:15:45.653,1.16403,1.16405,1.12,3.67
2018.07.19 20:15:45.762,1.16402,1.16403,2.25,1.00
2018.07.19 20:15:45.879,1.164,1.16404,1.50,6.00
2018.07.19 20:15:47.868,1.164,1.16404,1.87,2.62
2018.07.19 20:15:50.602,1.16401,1.16404,1.25,4.31
2018.07.19 20:15:51.715,1.164,1.16404,1.95,2.32
2018.07.19 20:15:56.713,1.164,1.16404,2.25,4.01
2018.07.19 20:16:04.338,1.16397,1.16401,2.62,3.45
2018.07.19 20:16:05.048,1.16397,1.16401,2.06,2.25
2018.07.19 20:16:05.847,1.16397,1.16401,1.00,4.20
2018.07.19 20:16:06.389,1.16397,1.164,1.00,3.37
2018.07.19 20:16:07.623,1.16397,1.164,1.00,2.25
2018.07.19 20:16:08.841,1.16397,1.164,1.25,1.10
2018.07.19 20:16:09.343,1.16398,1.164,1.00,1.00
2018.07.19 20:16:09.777,1.16399,1.16403,1.50,1.57
2018.07.19 20:16:11.378,1.16401,1.16403,1.00,1.12
2018.07.19 20:16:15.973,1.16399,1.16403,2.62,1.12
2018.07.19 20:16:16.973,1.164,1.16403,1.00,1.87
2018.07.19 20:16:20.802,1.16399,1.16403,3.00,1.12
2018.07.19 20:16:28.084,1.16399,1.16404,4.12,4.20
2018.07.19 20:16:30.841,1.16401,1.16405,1.00,14.32
2018.07.19 20:16:31.310,1.16399,1.16404,4.87,3.82
2018.07.19 20:16:40.870,1.16399,1.164,1.00,1.00
2018.07.19 20:16:41.388,1.164,1.16403,1.37,1.00
2018.07.19 20:16:42.872,1.164,1.16404,1.12,5.70
2018.07.19 20:16:43.562,1.164,1.16403,1.12,1.00
2018.07.19 20:16:46.774,1.164,1.16404,1.12,4.20
2018.07.19 20:16:55.407,1.164,1.16404,1.12,4.20
2018.07.19 20:17:01.925,1.164,1.16404,2.25,3.07
2018.07.19 20:17:03.770,1.164,1.16404,1.87,3.45
2018.07.19 20:17:05.298,1.164,1.16404,2.25,6.45
2018.07.19 20:17:09.040,1.164,1.16404,2.29,1.95
2018.07.19 20:17:13.580,1.164,1.16404,1.91,4.01
2018.07.19 20:17:14.103,1.16401,1.16404,1.50,3.82
2018.07.19 20:17:14.882,1.16402,1.16405,1.00,7.20
2018.07.19 20:17:14.939,1.16404,1.16406,3.37,1.10
2018.07.19 20:17:15.065,1.16404,1.16408,3.19,1.00
2018.07.19 20:17:15.809,1.16404,1.16408,3.75,2.62
2018.07.19 20:17:21.783,1.16404,1.16409,4.12,4.39
2018.07.19 20:17:36.323,1.16405,1.16409,3.37,5.29
2018.07.19 20:17:37.229,1.16406,1.1641,1.12,14.89
2018.07.19 20:17:50.713,1.1641,1.16411,1.12,1.00
2018.07.19 20:17:50.873,1.1641,1.16414,2.70,1.20
2018.07.19 20:17:51.254,1.1641,1.16414,3.56,1.87
2018.07.19 20:17:54.781,1.16414,1.16415,5.70,2.25
2018.07.19 20:17:54.886,1.16415,1.16419,2.44,2.25
2018.07.19 20:17:55.383,1.16413,1.16416,2.55,1.00
2018.07.19 20:17:55.592,1.16414,1.16418,2.44,1.00
2018.07.19 20:17:56.097,1.16415,1.16419,3.00,5.89
2018.07.19 20:17:56.734,1.16415,1.16419,3.00,6.82
2018.07.19 20:17:57.471,1.16414,1.16418,4.87,1.12
2018.07.19 20:17:58.410,1.16414,1.16417,4.31,1.00
2018.07.19 20:17:58.996,1.16414,1.16419,2.81,10.95
2018.07.19 20:18:00.190,1.16415,1.16419,3.37,1.87
2018.07.19 20:18:02.128,1.16419,1.1642,1.00,3.07
2018.07.19 20:18:02.237,1.16419,1.16422,1.95,2.25
2018.07.19 20:18:02.865,1.16419,1.16422,2.29,1.87
2018.07.19 20:18:04.020,1.1642,1.16421,1.00,1.00
2018.07.19 20:18:05.186,1.16419,1.16421,2.44,1.50
2018.07.19 20:18:05.293,1.16417,1.1642,1.20,1.20
2018.07.19 20:18:07.191,1.16417,1.1642,1.00,1.46
2018.07.19 20:18:10.541,1.16416,1.16419,2.06,1.31
2018.07.19 20:18:14.015,1.16416,1.16419,1.50,2.06
2018.07.19 20:18:14.571,1.16416,1.16419,2.44,5.06
2018.07.19 20:18:15.408,1.16416,1.16419,1.57,2.25
2018.07.19 20:18:21.380,1.16416,1.16419,1.69,3.56
2018.07.19 20:18:21.894,1.16415,1.16419,4.50,1.31
2018.07.19 20:18:22.567,1.16415,1.16419,3.56,1.31
2018.07.19 20:18:23.085,1.16415,1.1642,3.56,4.57
2018.07.19 20:18:24.596,1.16416,1.16419,1.50,1.07
2018.07.19 20:18:25.104,1.16416,1.16419,1.50,1.20
2018.07.19 20:18:32.250,1.16419,1.1642,1.12,1.20
2018.07.19 20:18:32.358,1.16419,1.16423,1.50,4.95
2018.07.19 20:18:32.868,1.16419,1.16423,1.00,2.14
2018.07.19 20:18:33.861,1.16418,1.16421,2.25,3.15
2018.07.19 20:18:33.914,1.16417,1.1642,3.94,1.87
2018.07.19 20:18:34.416,1.16418,1.16421,1.25,3.26
2018.07.19 20:18:35.141,1.16417,1.1642,2.51,1.50
2018.07.19 20:18:35.692,1.16418,1.1642,1.25,1.69
2018.07.19 20:18:37.688,1.16418,1.1642,1.31,1.76
2018.07.19 20:18:38.817,1.16416,1.16419,2.62,1.12
2018.07.19 20:18:40.798,1.16416,1.1642,4.50,3.37
2018.07.19 20:18:41.974,1.16417,1.16421,1.00,2.32
2018.07.19 20:18:42.642,1.16417,1.1642,1.50,1.50
2018.07.19 20:18:44.187,1.16417,1.16421,1.37,1.47
2018.07.19 20:18:46.373,1.16416,1.16419,1.47,1.37
2018.07.19 20:18:47.005,1.16416,1.16419,1.00,1.50
2018.07.19 20:18:47.619,1.16419,1.16422,1.50,1.95
2018.07.19 20:18:48.641,1.16419,1.16422,2.25,3.26
2018.07.19 20:18:49.667,1.16417,1.1642,1.50,2.06
2018.07.19 20:18:49.946,1.16417,1.1642,1.00,5.44
2018.07.19 20:18:50.672,1.16418,1.16419,1.00,1.12
2018.07.19 20:18:51.215,1.16418,1.16422,1.87,2.14
2018.07.19 20:18:52.082,1.16419,1.16423,1.50,3.26
2018.07.19 20:18:53.332,1.1642,1.16424,1.87,5.32
2018.07.19 20:18:59.141,1.16424,1.16425,1.69,3.82
2018.07.19 20:18:59.340,1.16424,1.16426,1.12,1.12
2018.07.19 20:18:59.500,1.16423,1.16424,1.00,1.12
2018.07.19 20:18:59.605,1.16422,1.16424,1.57,1.12
2018.07.19 20:19:01.626,1.1642,1.16425,5.06,4.01
2018.07.19 20:19:02.262,1.16421,1.16425,1.31,6.45
2018.07.19 20:19:02.417,1.1642,1.16425,3.94,3.26
2018.07.19 20:19:02.521,1.16421,1.16425,1.31,5.70
2018.07.19 20:19:02.885,1.16421,1.16425,1.12,4.72
2018.07.19 20:19:04.008,1.16421,1.16425,1.31,4.76
2018.07.19 20:19:04.606,1.1642,1.16425,4.69,5.14
2018.07.19 20:19:06.148,1.1642,1.16424,2.25,1.25
2018.07.19 20:19:06.758,1.1642,1.16424,2.25,1.31
2018.07.19 20:19:07.590,1.1642,1.16425,2.44,7.76
2018.07.19 20:19:08.104,1.1642,1.16423,1.00,1.76
2018.07.19 20:19:09.905,1.16419,1.16423,2.51,3.26
2018.07.19 20:19:10.019,1.16416,1.1642,6.26,1.25
2018.07.19 20:19:16.867,1.16417,1.1642,1.31,1.69
2018.07.19 20:19:19.308,1.16416,1.1642,2.89,1.69
2018.07.19 20:19:20.795,1.16417,1.16421,1.12,1.12
2018.07.19 20:19:20.848,1.16419,1.16422,2.62,1.57
2018.07.19 20:19:21.423,1.16421,1.16424,1.00,4.76
2018.07.19 20:19:22.539,1.16419,1.16422,3.37,1.00
2018.07.19 20:19:24.635,1.1642,1.16422,1.00,1.19
2018.07.19 20:19:25.162,1.1642,1.16423,1.00,1.56
2018.07.19 20:19:28.164,1.16419,1.16424,3.00,6.64
2018.07.19 20:19:30.091,1.1642,1.16424,1.00,6.64
2018.07.19 20:19:30.809,1.16422,1.16425,2.25,5.32
2018.07.19 20:19:30.917,1.16423,1.16428,7.20,4.27
2018.07.19 20:19:31.023,1.16422,1.16426,2.32,5.06
2018.07.19 20:19:31.747,1.16421,1.16425,1.50,2.89
2018.07.19 20:19:39.015,1.16421,1.16425,2.62,5.51
2018.07.19 20:19:40.176,1.16424,1.16425,2.62,1.57
2018.07.19 20:19:40.438,1.16424,1.16427,1.12,1.31
2018.07.19 20:19:42.395,1.16424,1.16428,1.00,5.70
2018.07.19 20:19:45.602,1.16424,1.16428,1.50,2.14
2018.07.19 20:19:46.117,1.16424,1.16427,1.00,1.69
2018.07.19 20:19:46.390,1.16422,1.16425,1.87,2.51
2018.07.19 20:19:47.011,1.16424,1.16426,1.50,1.52
2018.07.19 20:19:47.555,1.16423,1.16426,2.25,1.01
2018.07.19 20:19:47.995,1.16422,1.16426,1.20,3.45
2018.07.19 20:19:48.554,1.1642,1.16425,5.06,2.51
2018.07.19 20:19:48.916,1.16422,1.16425,3.00,1.95
2018.07.19 20:19:48.969,1.16424,1.16427,1.12,3.07
2018.07.19 20:19:49.021,1.16424,1.16428,1.12,3.82
2018.07.19 20:19:49.679,1.16424,1.16428,1.87,2.06
2018.07.19 20:19:51.898,1.16424,1.16429,2.81,4.01
2018.07.19 20:19:52.666,1.16424,1.16429,1.87,3.64
2018.07.19 20:19:54.882,1.16424,1.16428,1.87,1.31
2018.07.19 20:19:56.087,1.16424,1.16427,2.62,1.00
2018.07.19 20:19:56.778,1.16424,1.16428,1.87,1.31
2018.07.19 20:19:57.304,1.16424,1.16428,1.87,1.31
2018.07.19 20:19:59.890,1.16427,1.1643,3.37,3.07
2018.07.19 20:20:00.004,1.16428,1.16433,4.87,1.47
2018.07.19 20:20:00.737,1.16429,1.16432,2.06,1.19
2018.07.19 20:20:01.240,1.16429,1.16433,2.06,1.69
2018.07.19 20:20:01.757,1.16429,1.16434,1.12,8.51
2018.07.19 20:20:02.300,1.16429,1.16434,1.95,3.82
2018.07.19 20:20:02.815,1.16429,1.16433,1.12,2.89
2018.07.19 20:20:03.147,1.16429,1.16432,1.00,1.50
2018.07.19 20:20:04.477,1.16428,1.1643,1.00,2.44
2018.07.19 20:20:04.788,1.16427,1.16429,1.69,2.44
2018.07.19 20:20:05.433,1.16426,1.16429,3.56,2.51
2018.07.19 20:20:06.319,1.16426,1.16429,1.50,2.81
2018.07.19 20:20:07.127,1.16426,1.1643,2.44,10.76
2018.07.19 20:20:09.129,1.16429,1.16432,1.69,1.20
2018.07.19 20:20:09.182,1.1643,1.16434,1.50,3.82
2018.07.19 20:20:17.822,1.16427,1.1643,4.87,2.32
2018.07.19 20:20:18.413,1.16426,1.1643,1.37,5.14
2018.07.19 20:20:19.008,1.16426,1.1643,2.06,2.89
2018.07.19 20:20:19.132,1.16428,1.1643,2.06,1.20
2018.07.19 20:20:19.187,1.16429,1.16431,1.00,1.20
2018.07.19 20:20:19.240,1.1643,1.16432,1.00,1.20
2018.07.19 20:20:20.089,1.16429,1.16433,1.69,1.57
2018.07.19 20:20:20.142,1.16429,1.16433,1.69,1.10
2018.07.19 20:20:20.659,1.1643,1.16433,1.37,1.39
2018.07.19 20:20:21.033,1.16429,1.16433,1.12,6.64
2018.07.19 20:20:23.040,1.16429,1.16432,1.00,1.20
2018.07.19 20:20:23.998,1.16429,1.16431,1.00,1.01
2018.07.19 20:20:24.581,1.16428,1.16432,1.50,1.39
2018.07.19 20:20:25.105,1.16429,1.16431,1.12,1.12
2018.07.19 20:20:25.843,1.1643,1.16433,1.37,3.82
2018.07.19 20:20:26.389,1.1643,1.16433,1.50,2.70
2018.07.19 20:20:28.414,1.1643,1.16433,1.87,3.00
2018.07.19 20:20:28.945,1.1643,1.16433,1.37,1.20
2018.07.19 20:20:29.721,1.1643,1.16434,1.12,7.20
2018.07.19 20:20:30.524,1.1643,1.16433,1.12,1.00
2018.07.19 20:20:31.840,1.1643,1.16433,1.37,1.00
2018.07.19 20:20:32.551,1.1643,1.16434,1.37,6.07
2018.07.19 20:20:33.099,1.1643,1.16433,1.00,1.50
2018.07.19 20:20:38.871,1.1643,1.16434,1.87,6.45
2018.07.19 20:20:39.191,1.16434,1.16437,2.25,1.12
2018.07.19 20:20:40.056,1.16433,1.16438,1.87,4.57
2018.07.19 20:20:41.049,1.16433,1.16437,1.87,2.14
2018.07.19 20:20:41.622,1.16435,1.16437,1.12,2.70
2018.07.19 20:20:42.136,1.16434,1.16437,1.50,1.95
2018.07.19 20:20:45.710,1.16434,1.16437,1.69,2.14
2018.07.19 20:20:51.655,1.16431,1.16435,3.94,2.44
2018.07.19 20:20:55.129,1.16431,1.16435,2.62,4.76
2018.07.19 20:20:55.661,1.16433,1.16435,1.00,6.26
2018.07.19 20:20:56.223,1.16431,1.16435,3.00,3.49
2018.07.19 20:20:58.145,1.16433,1.16435,1.00,3.67
2018.07.19 20:20:59.868,1.16433,1.16436,1.87,1.52
2018.07.19 20:21:00.076,1.16434,1.16437,1.50,1.12
2018.07.19 20:21:00.696,1.16434,1.16437,2.44,1.39
2018.07.19 20:21:01.504,1.16433,1.16437,2.06,2.14
2018.07.19 20:21:08.625,1.16438,1.16439,1.00,1.10
2018.07.19 20:21:08.734,1.1644,1.16443,1.50,4.39
2018.07.19 20:21:08.978,1.16439,1.16442,1.00,2.89
2018.07.19 20:21:09.410,1.16437,1.1644,1.87,1.20
2018.07.19 20:21:09.976,1.16437,1.16441,2.25,1.07
2018.07.19 20:21:10.481,1.16437,1.16441,1.87,2.32
2018.07.19 20:21:11.714,1.16438,1.16441,1.00,3.07
2018.07.19 20:21:22.674,1.16439,1.16441,1.00,1.07
2018.07.19 20:21:23.367,1.16439,1.16442,1.87,3.45
2018.07.19 20:21:24.723,1.16439,1.16442,1.87,1.10
2018.07.19 20:21:26.019,1.16439,1.16443,1.87,6.07
2018.07.19 20:21:33.035,1.16439,1.16443,1.87,6.45
2018.07.19 20:21:34.701,1.16439,1.16443,1.87,6.45
2018.07.19 20:21:35.225,1.16439,1.16443,1.87,6.45
2018.07.19 20:21:36.390,1.16439,1.16441,1.87,1.00
2018.07.19 20:21:39.694,1.16439,1.16442,1.50,4.39
2018.07.19 20:21:41.153,1.16439,1.16441,1.00,1.57
2018.07.19 20:21:41.765,1.16438,1.16441,1.00,2.51
2018.07.19 20:21:54.740,1.16438,1.16441,1.00,1.76
2018.07.19 20:22:00.171,1.16436,1.16439,2.62,1.69
2018.07.19 20:22:01.228,1.16436,1.16439,1.00,4.01
2018.07.19 20:22:01.774,1.16436,1.16439,1.00,3.26
2018.07.19 20:22:03.645,1.16435,1.16439,1.00,3.26
2018.07.19 20:22:03.988,1.16439,1.16442,1.69,2.25
2018.07.19 20:22:04.990,1.16439,1.16443,3.19,1.10
2018.07.19 20:22:06.029,1.16439,1.16443,3.19,1.20
2018.07.19 20:22:11.372,1.16439,1.16443,4.69,1.07
2018.07.19 20:22:12.085,1.16439,1.16443,6.56,1.00
2018.07.19 20:22:12.591,1.16439,1.16444,2.44,3.45
2018.07.19 20:22:13.031,1.16439,1.16443,4.69,1.07
2018.07.19 20:22:18.427,1.16439,1.16442,1.12,1.12
2018.07.19 20:22:18.743,1.16436,1.16438,1.00,1.69
2018.07.19 20:22:19.365,1.16436,1.16438,1.00,1.69
2018.07.19 20:22:20.302,1.16435,1.16438,1.87,1.50
2018.07.19 20:22:22.273,1.16435,1.16438,2.81,1.69
2018.07.19 20:22:22.405,1.16434,1.16437,1.69,2.14
2018.07.19 20:22:22.510,1.16435,1.16438,1.12,2.51
2018.07.19 20:22:27.399,1.16435,1.16438,1.50,1.19
2018.07.19 20:22:28.058,1.16435,1.16439,1.50,7.01
2018.07.19 20:22:28.632,1.16435,1.16439,1.50,6.07
2018.07.19 20:22:29.144,1.16435,1.16438,1.50,1.00
2018.07.19 20:22:29.857,1.16435,1.16439,1.37,5.70
2018.07.19 20:22:32.434,1.16435,1.16438,1.50,1.00
2018.07.19 20:22:32.955,1.16436,1.16439,1.00,3.45
2018.07.19 20:22:33.470,1.16436,1.16439,1.00,3.64
2018.07.19 20:22:36.920,1.16436,1.16439,1.87,1.12
2018.07.19 20:22:37.425,1.16437,1.1644,1.00,4.95
2018.07.19 20:22:38.034,1.16437,1.16439,1.12,1.12
2018.07.19 20:22:42.438,1.16437,1.1644,1.00,1.95
2018.07.19 20:22:44.589,1.16437,1.16441,2.25,1.57
2018.07.19 20:22:45.128,1.16439,1.16441,1.00,1.10
2018.07.19 20:22:49.863,1.16437,1.1644,2.25,1.25
2018.07.19 20:22:50.492,1.16436,1.1644,4.31,2.32
2018.07.19 20:22:51.500,1.16437,1.1644,1.87,2.70
2018.07.19 20:22:52.236,1.16437,1.1644,3.00,1.95
2018.07.19 20:22:56.609,1.16439,1.16442,1.12,2.70
2018.07.19 20:22:57.626,1.16438,1.16442,5.89,1.10
2018.07.19 20:23:00.670,1.16439,1.16443,2.06,7.20
2018.07.19 20:23:01.182,1.16437,1.16441,2.44,5.36
2018.07.19 20:23:02.357,1.16438,1.1644,1.50,1.20
2018.07.19 20:23:02.411,1.16438,1.16442,1.50,1.57
2018.07.19 20:23:12.971,1.16439,1.16443,1.50,1.70
2018.07.19 20:23:17.348,1.16439,1.16443,1.50,1.01
2018.07.19 20:23:17.966,1.16439,1.16443,1.50,1.29
2018.07.19 20:23:18.644,1.16439,1.16444,1.87,3.64
2018.07.19 20:23:21.661,1.16439,1.16443,1.12,1.39
2018.07.19 20:23:22.176,1.16439,1.16444,1.12,2.14
2018.07.19 20:23:22.695,1.16439,1.16443,2.44,1.01
2018.07.19 20:23:27.348,1.16441,1.16444,1.12,1.57
2018.07.19 20:23:27.878,1.16441,1.16444,1.12,6.64
2018.07.19 20:23:32.460,1.16441,1.16444,1.00,5.33
2018.07.19 20:23:36.672,1.16441,1.16444,1.00,5.14
2018.07.19 20:23:37.422,1.16441,1.16445,1.00,6.27
2018.07.19 20:23:42.232,1.16441,1.16444,1.12,1.29
2018.07.19 20:23:42.991,1.16441,1.16444,1.12,2.89
2018.07.19 20:23:50.311,1.16441,1.16445,1.12,8.89
2018.07.19 20:23:55.166,1.16441,1.16445,1.12,8.89
2018.07.19 20:23:58.334,1.16441,1.16445,1.87,8.52
2018.07.19 20:24:00.658,1.16442,1.16445,1.00,5.14
2018.07.19 20:24:00.876,1.16441,1.16443,1.00,1.19
2018.07.19 20:24:01.433,1.16441,1.16443,1.00,1.25
2018.07.19 20:24:01.997,1.16441,1.16443,1.00,1.62
2018.07.19 20:24:07.885,1.16441,1.16443,1.12,1.00
2018.07.19 20:24:09.412,1.16441,1.16442,1.12,1.00
2018.07.19 20:24:17.390,1.16441,1.16443,1.12,1.12
2018.07.19 20:24:18.022,1.16441,1.16443,1.12,1.39
2018.07.19 20:24:18.569,1.16441,1.16443,1.12,1.39
2018.07.19 20:24:19.289,1.16441,1.16443,1.12,1.62
2018.07.19 20:24:24.845,1.16439,1.16443,4.12,1.87
2018.07.19 20:24:27.479,1.1644,1.16443,2.25,2.51
2018.07.19 20:24:28.031,1.1644,1.16443,1.50,3.07
2018.07.19 20:24:32.891,1.16439,1.16443,4.01,2.89
2018.07.19 20:24:33.403,1.16439,1.16443,2.32,2.51
2018.07.19 20:24:37.390,1.1644,1.16442,1.50,1.00
2018.07.19 20:24:42.428,1.16439,1.16443,3.00,2.06
2018.07.19 20:24:47.355,1.16439,1.16443,3.37,1.50
2018.07.19 20:24:52.427,1.16439,1.16443,3.07,4.95
2018.07.19 20:24:57.695,1.16439,1.16443,3.07,2.89
2018.07.19 20:24:57.886,1.16439,1.16443,1.20,2.89
2018.07.19 20:25:03.169,1.16439,1.16442,2.25,1.00
2018.07.19 20:25:08.960,1.1644,1.16443,1.00,4.01
2018.07.19 20:25:09.643,1.16439,1.16443,1.87,4.76
2018.07.19 20:25:24.171,1.16439,1.16443,1.75,2.81
2018.07.19 20:25:27.397,1.16441,1.16444,2.62,1.20
2018.07.19 20:25:27.917,1.16442,1.16444,1.00,1.00
2018.07.19 20:25:28.459,1.16441,1.16445,3.56,2.25
2018.07.19 20:25:29.053,1.16442,1.16446,1.25,8.17
2018.07.19 20:25:31.440,1.16441,1.16446,3.64,4.57
2018.07.19 20:25:32.084,1.16442,1.16446,1.25,6.82
2018.07.19 20:25:32.454,1.16444,1.16447,2.25,1.57
2018.07.19 20:25:33.032,1.16443,1.16447,5.25,1.00
2018.07.19 20:25:36.674,1.16444,1.16448,2.62,1.95
2018.07.19 20:25:37.401,1.16448,1.16449,1.00,2.70
2018.07.19 20:25:37.454,1.16449,1.16451,1.87,1.37
2018.07.19 20:25:37.506,1.16449,1.16452,1.87,1.00
2018.07.19 20:25:38.040,1.16449,1.16453,1.87,1.95
2018.07.19 20:25:39.646,1.16449,1.16453,1.50,3.64
2018.07.19 20:25:42.403,1.16451,1.16454,1.12,1.95
2018.07.19 20:25:43.413,1.16451,1.16455,1.30,2.51
2018.07.19 20:25:44.104,1.16451,1.16455,1.37,3.45
2018.07.19 20:25:45.895,1.1645,1.16455,4.69,2.14
2018.07.19 20:25:47.012,1.16451,1.16454,1.12,2.89
2018.07.19 20:25:52.407,1.16452,1.16455,1.50,1.95
2018.07.19 20:25:52.461,1.16451,1.16456,2.62,2.52
2018.07.19 20:25:52.725,1.16454,1.16457,1.00,3.82
2018.07.19 20:25:53.322,1.16454,1.16457,3.94,1.31
2018.07.19 20:25:59.682,1.16454,1.16458,1.37,2.51
2018.07.19 20:26:04.002,1.16454,1.16455,1.00,2.06
2018.07.19 20:26:04.455,1.16453,1.16458,6.19,2.89
2018.07.19 20:26:12.424,1.16455,1.16459,3.00,4.95
2018.07.19 20:26:15.929,1.16455,1.16459,1.50,1.39
2018.07.19 20:26:23.784,1.16456,1.16459,2.44,1.00
2018.07.19 20:26:24.967,1.16456,1.16461,2.44,2.14
2018.07.19 20:26:25.515,1.16458,1.16461,2.25,1.87
2018.07.19 20:26:25.828,1.16459,1.16462,1.85,1.12
2018.07.19 20:26:30.628,1.16459,1.16463,1.12,3.07
2018.07.19 20:26:31.193,1.16459,1.16462,1.12,1.00
2018.07.19 20:26:32.421,1.1646,1.16464,3.56,1.20
2018.07.19 20:26:32.944,1.16461,1.16463,1.00,1.69
2018.07.19 20:26:37.472,1.16462,1.16465,1.37,7.95
2018.07.19 20:26:42.203,1.1646,1.16463,1.76,1.62
2018.07.19 20:26:44.130,1.16462,1.16463,1.00,1.00
2018.07.19 20:26:45.089,1.16463,1.16465,1.50,1.20
2018.07.19 20:26:45.194,1.16464,1.16467,1.00,1.50
2018.07.19 20:26:47.953,1.16464,1.16468,1.69,2.62
2018.07.19 20:26:49.536,1.16464,1.16468,2.06,2.62
2018.07.19 20:26:50.908,1.16464,1.16468,2.06,1.87
2018.07.19 20:26:54.692,1.16464,1.16468,1.31,1.69
2018.07.19 20:26:57.430,1.16464,1.16468,1.00,1.10
2018.07.19 20:27:00.122,1.16464,1.16468,1.50,1.39
2018.07.19 20:27:01.229,1.16464,1.16468,2.25,2.32
2018.07.19 20:27:01.539,1.16463,1.16467,1.37,3.45
2018.07.19 20:27:02.093,1.16463,1.16467,1.50,3.82
2018.07.19 20:27:03.340,1.16462,1.16467,6.00,2.32
2018.07.19 20:27:03.656,1.16463,1.16467,2.33,1.25
2018.07.19 20:27:13.822,1.16464,1.16469,2.06,5.51
2018.07.19 20:27:14.401,1.16466,1.16469,1.00,2.89
2018.07.19 20:27:15.399,1.16463,1.16467,3.45,1.20
2018.07.19 20:27:15.706,1.16464,1.16467,1.00,1.57
2018.07.19 20:27:16.779,1.16463,1.16467,1.75,1.20
2018.07.19 20:27:17.374,1.16463,1.16467,2.51,2.14
2018.07.19 20:27:17.891,1.16463,1.16467,1.85,1.39
2018.07.19 20:27:22.442,1.16465,1.16469,1.69,7.39
2018.07.19 20:27:23.421,1.16465,1.16468,1.69,1.26
2018.07.19 20:27:26.101,1.16464,1.16469,3.56,4.76
2018.07.19 20:27:26.633,1.16464,1.16469,6.04,1.87
2018.07.19 20:27:42.375,1.16466,1.16469,1.00,2.51
2018.07.19 20:27:43.172,1.16466,1.16468,1.00,1.29
2018.07.19 20:27:43.837,1.16465,1.16468,1.50,1.76
2018.07.19 20:27:47.736,1.16465,1.16468,2.44,1.76
2018.07.19 20:27:49.357,1.16465,1.16468,1.50,1.76
2018.07.19 20:27:51.672,1.16465,1.16468,1.69,1.29
2018.07.19 20:27:53.116,1.16464,1.16468,2.14,1.01
2018.07.19 20:27:53.813,1.16464,1.16468,1.20,1.29
2018.07.19 20:28:00.643,1.16464,1.16468,1.00,2.89
2018.07.19 20:28:02.238,1.16464,1.16468,1.00,2.89
2018.07.19 20:28:03.366,1.16465,1.16468,1.25,1.39
2018.07.19 20:28:04.362,1.16464,1.16468,1.31,1.39
2018.07.19 20:28:07.292,1.16465,1.16469,1.62,1.95
2018.07.19 20:28:07.344,1.16465,1.16469,1.62,2.02
2018.07.19 20:28:07.849,1.16464,1.16468,2.51,4.01
2018.07.19 20:28:07.901,1.16463,1.16468,5.44,4.39
2018.07.19 20:28:10.643,1.16464,1.16468,1.31,4.39
2018.07.19 20:28:11.361,1.16464,1.16468,2.06,1.00
2018.07.19 20:28:12.737,1.16463,1.16466,3.26,1.00
2018.07.19 20:28:12.842,1.16461,1.16465,6.00,4.95
2018.07.19 20:28:12.998,1.16461,1.16463,2.81,1.00
2018.07.19 20:28:22.351,1.16461,1.16465,1.50,2.89
2018.07.19 20:28:45.861,1.16461,1.16465,3.00,4.39
2018.07.19 20:28:46.034,1.16463,1.16467,3.00,2.70
2018.07.19 20:28:47.374,1.16463,1.16467,1.50,1.57
2018.07.19 20:28:47.945,1.16463,1.16467,1.50,1.57
2018.07.19 20:28:48.501,1.16463,1.16467,2.62,1.50
2018.07.19 20:28:52.307,1.16465,1.16468,1.69,1.20
2018.07.19 20:28:52.826,1.16465,1.16468,1.25,1.00
2018.07.19 20:28:57.414,1.16465,1.16468,1.49,1.00
2018.07.19 20:29:00.204,1.16466,1.16468,1.37,1.00
2018.07.19 20:29:08.535,1.16466,1.16469,4.16,1.20
2018.07.19 20:29:09.056,1.16465,1.1647,8.63,5.51
2018.07.19 20:29:09.777,1.16466,1.16469,1.87,1.10
2018.07.19 20:29:10.532,1.16466,1.1647,1.50,6.07
2018.07.19 20:29:29.233,1.16465,1.16468,1.95,3.00
2018.07.19 20:29:30.184,1.16464,1.16468,1.69,2.89
2018.07.19 20:29:30.520,1.16463,1.16466,2.62,1.00
2018.07.19 20:29:31.074,1.16463,1.16468,3.07,4.01
2018.07.19 20:29:32.527,1.16463,1.16466,2.06,2.14
2018.07.19 20:29:32.681,1.16463,1.16468,1.50,7.01
2018.07.19 20:29:34.607,1.16462,1.16466,5.74,1.39
2018.07.19 20:29:36.142,1.16463,1.16468,1.50,7.57
2018.07.19 20:29:36.500,1.16463,1.16466,2.06,1.19
2018.07.19 20:29:36.760,1.16463,1.16467,1.50,2.06
2018.07.19 20:29:38.492,1.16464,1.16467,1.12,2.81
2018.07.19 20:29:39.101,1.16463,1.16467,2.25,3.37
2018.07.19 20:29:40.702,1.16463,1.16469,4.87,7.76
2018.07.19 20:29:41.442,1.16464,1.16469,4.31,1.57
2018.07.19 20:29:41.545,1.16466,1.16469,7.73,1.00
2018.07.19 20:29:41.853,1.16468,1.16472,1.37,6.56
2018.07.19 20:29:42.911,1.16468,1.1647,1.00,1.25
2018.07.19 20:29:43.515,1.16467,1.16472,8.32,5.89
2018.07.19 20:29:44.049,1.16468,1.16472,5.25,1.87
2018.07.19 20:29:44.595,1.16468,1.16473,5.62,3.45
2018.07.19 20:29:46.167,1.16468,1.16472,7.95,1.00
2018.07.19 20:29:47.327,1.16469,1.16473,1.12,1.12
2018.07.19 20:29:47.851,1.16469,1.16472,1.12,1.00
2018.07.19 20:29:48.152,1.16472,1.16473,1.12,1.25
2018.07.19 20:29:48.380,1.16474,1.16476,2.62,1.12
2018.07.19 20:29:48.486,1.16474,1.16478,2.32,4.95
2018.07.19 20:29:49.044,1.16474,1.16477,2.32,1.00
2018.07.19 20:29:49.702,1.16474,1.16478,1.10,2.89
2018.07.19 20:29:50.321,1.16474,1.16478,1.76,3.64
2018.07.19 20:29:50.853,1.16474,1.16478,1.10,1.20
2018.07.19 20:29:52.332,1.16474,1.16479,4.58,1.12
2018.07.19 20:29:53.421,1.16474,1.16479,10.84,1.12
2018.07.19 20:29:53.959,1.16475,1.1648,9.64,1.20
2018.07.19 20:29:56.659,1.16478,1.16481,1.00,3.07
2018.07.19 20:29:57.192,1.16478,1.16481,1.00,1.31
2018.07.19 20:29:58.262,1.16478,1.16482,1.00,2.32
2018.07.19 20:29:58.578,1.16476,1.16479,1.00,2.51
2018.07.19 20:29:58.979,1.16474,1.16477,1.37,1.00
2018.07.19 20:29:59.605,1.16474,1.16478,1.37,3.26
2018.07.19 20:30:00.187,1.16473,1.16478,4.31,2.44
2018.07.19 20:30:00.827,1.16473,1.16478,2.19,1.25
2018.07.19 20:30:01.412,1.16473,1.16477,3.37,1.00
2018.07.19 20:30:01.954,1.16473,1.16478,1.87,2.62
2018.07.19 20:30:02.275,1.16473,1.16477,3.00,1.62
2018.07.19 20:30:04.585,1.16473,1.16478,1.07,3.82
2018.07.19 20:30:04.688,1.16473,1.16477,2.44,1.69
2018.07.19 20:30:05.064,1.16473,1.16478,1.12,3.75
2018.07.19 20:30:05.599,1.16473,1.16477,2.62,1.00
2018.07.19 20:30:06.168,1.16473,1.16478,1.12,3.75
2018.07.19 20:30:06.274,1.16473,1.16477,2.81,1.69
2018.07.19 20:30:06.907,1.16473,1.16477,1.00,2.06
2018.07.19 20:30:07.223,1.16471,1.16474,2.51,3.56
2018.07.19 20:30:07.565,1.16468,1.16472,1.00,1.37
2018.07.19 20:30:08.699,1.16468,1.16472,1.37,1.69
2018.07.19 20:30:09.228,1.16468,1.16472,2.06,3.19
2018.07.19 20:30:10.108,1.16468,1.16472,1.37,1.25
2018.07.19 20:30:10.901,1.16467,1.16471,1.50,2.02
2018.07.19 20:30:11.008,1.16465,1.16468,1.00,1.00
2018.07.19 20:30:11.996,1.16464,1.16467,1.50,1.50
2018.07.19 20:30:12.543,1.16464,1.16468,1.12,3.37
2018.07.19 20:30:26.265,1.16463,1.16468,1.50,2.25
2018.07.19 20:30:26.881,1.16462,1.16467,10.21,1.00
2018.07.19 20:30:27.872,1.16462,1.16467,6.54,1.31
2018.07.19 20:30:31.882,1.16462,1.16467,6.54,1.31
2018.07.19 20:30:32.340,1.16464,1.16468,2.81,1.00
2018.07.19 20:30:32.954,1.16464,1.16469,2.70,5.62
2018.07.19 20:30:33.862,1.16464,1.16469,2.70,5.62
2018.07.19 20:30:37.344,1.16466,1.16469,1.00,2.25
2018.07.19 20:30:42.504,1.16465,1.16469,1.50,4.31
2018.07.19 20:30:43.048,1.16465,1.16469,1.50,2.44
2018.07.19 20:30:52.477,1.16465,1.1647,3.37,2.44
2018.07.19 20:30:52.531,1.16466,1.16471,3.00,1.87
2018.07.19 20:30:53.064,1.16468,1.16472,1.12,2.44
2018.07.19 20:31:01.718,1.16468,1.16473,1.50,2.25
2018.07.19 20:31:02.354,1.16469,1.16474,2.44,3.45
2018.07.19 20:31:02.879,1.16468,1.16474,5.81,7.39
2018.07.19 20:31:03.408,1.16468,1.16473,5.81,1.25
2018.07.19 20:31:03.647,1.16469,1.16474,3.19,3.45
2018.07.19 20:31:08.803,1.16469,1.16474,6.00,7.69
2018.07.19 20:31:10.808,1.16469,1.16474,3.00,3.94
2018.07.19 20:31:13.885,1.16469,1.16474,3.75,4.69
2018.07.19 20:31:17.256,1.16469,1.16474,2.06,4.87
2018.07.19 20:31:18.237,1.1647,1.16473,1.31,1.00
2018.07.19 20:31:21.297,1.1647,1.16474,1.12,2.25
2018.07.19 20:31:22.450,1.1647,1.16474,5.25,1.00
2018.07.19 20:31:22.607,1.16474,1.16479,1.35,4.50
2018.07.19 20:31:23.155,1.16473,1.16479,6.97,1.50
2018.07.19 20:31:24.041,1.16475,1.16479,1.37,1.00
2018.07.19 20:31:28.303,1.16477,1.16481,2.25,1.12
2018.07.19 20:31:28.823,1.16476,1.16482,1.87,3.37
2018.07.19 20:31:29.349,1.16477,1.16481,5.81,1.00
2018.07.19 20:31:29.454,1.16478,1.16483,1.00,6.00
2018.07.19 20:31:30.766,1.16478,1.16482,1.00,1.00
2018.07.19 20:31:31.312,1.16481,1.16484,1.00,3.37
2018.07.19 20:31:31.621,1.16478,1.16483,2.62,2.25
2018.07.19 20:31:32.191,1.16478,1.16484,5.81,1.12
2018.07.19 20:31:33.074,1.16479,1.16485,3.56,7.12
2018.07.19 20:31:33.605,1.1648,1.16484,1.12,1.50
2018.07.19 20:31:34.175,1.16479,1.16483,3.56,1.00
2018.07.19 20:31:34.731,1.16479,1.16484,2.81,1.00
2018.07.19 20:31:35.398,1.16479,1.16484,2.81,2.62
2018.07.19 20:31:36.062,1.16479,1.16482,5.63,2.25
2018.07.19 20:31:36.265,1.16478,1.16482,4.50,2.25
2018.07.19 20:31:38.071,1.16478,1.16481,2.62,1.00
2018.07.19 20:31:45.072,1.16476,1.1648,14.18,1.00
2018.07.19 20:31:47.066,1.16477,1.16482,4.54,3.75
2018.07.19 20:31:50.329,1.16476,1.16481,10.57,1.87
2018.07.19 20:31:50.487,1.16476,1.16478,1.00,1.00
2018.07.19 20:31:51.225,1.16475,1.16479,3.94,1.50
2018.07.19 20:31:51.748,1.16474,1.16479,1.19,2.62
2018.07.19 20:31:52.471,1.16474,1.16479,1.81,2.62
2018.07.19 20:31:53.235,1.16474,1.16479,3.19,3.56
2018.07.19 20:31:54.653,1.16474,1.16479,1.56,2.06
2018.07.19 20:31:57.120,1.16474,1.16479,3.19,3.56
2018.07.19 20:31:58.160,1.16474,1.16479,4.13,3.82
2018.07.19 20:32:01.076,1.16474,1.16479,3.56,3.82
2018.07.19 20:32:03.269,1.16474,1.16478,1.69,1.00
2018.07.19 20:32:05.741,1.16474,1.16478,1.87,1.25
2018.07.19 20:32:06.673,1.16474,1.16477,1.25,1.00
2018.07.19 20:32:07.919,1.16474,1.16478,1.62,1.50
2018.07.19 20:32:09.006,1.16474,1.16477,2.06,1.00
2018.07.19 20:32:09.655,1.16474,1.16478,1.25,1.50
2018.07.19 20:32:10.241,1.16472,1.16477,6.56,1.00
2018.07.19 20:32:10.503,1.16469,1.16474,3.19,3.82
2018.07.19 20:32:11.255,1.16469,1.16473,3.56,1.00
2018.07.19 20:32:11.967,1.16469,1.16473,3.56,1.00
2018.07.19 20:32:12.696,1.16468,1.16473,1.87,1.69
2018.07.19 20:32:12.750,1.16468,1.16471,1.50,1.00
2018.07.19 20:32:13.064,1.16469,1.16471,6.56,1.00
2018.07.19 20:32:13.116,1.16469,1.16474,5.81,3.37
2018.07.19 20:32:15.124,1.16469,1.16473,5.44,1.00
2018.07.19 20:32:19.721,1.16469,1.16475,2.81,9.56
2018.07.19 20:32:20.511,1.1647,1.16474,1.12,1.87
2018.07.19 20:32:28.812,1.16469,1.16473,4.50,1.50
2018.07.19 20:32:30.542,1.16469,1.16474,2.81,4.50
2018.07.19 20:32:31.089,1.16469,1.16473,1.62,1.00
2018.07.19 20:32:31.639,1.16469,1.16474,1.69,5.62
2018.07.19 20:32:32.192,1.16469,1.16473,1.69,1.00
2018.07.19 20:32:35.849,1.16476,1.16478,1.60,8.32
2018.07.19 20:32:35.903,1.16477,1.1648,3.75,2.44
2018.07.19 20:32:36.115,1.16478,1.16483,1.69,2.25
2018.07.19 20:32:36.219,1.16477,1.16479,3.45,1.00
2018.07.19 20:32:36.504,1.1648,1.16483,1.00,3.19
2018.07.19 20:32:37.800,1.1648,1.16482,1.25,1.00
2018.07.19 20:32:38.314,1.16478,1.16483,6.94,1.50
2018.07.19 20:32:39.430,1.1648,1.16484,1.25,1.69
2018.07.19 20:32:42.488,1.16479,1.16484,3.94,2.51
2018.07.19 20:32:43.253,1.16479,1.16484,3.94,2.14
2018.07.19 20:32:44.032,1.16479,1.16484,6.37,4.31
2018.07.19 20:32:44.727,1.16479,1.16483,4.31,1.00
2018.07.19 20:32:45.318,1.16479,1.16484,4.31,2.06
2018.07.19 20:32:47.350,1.1648,1.16483,3.00,1.00
2018.07.19 20:32:47.876,1.16479,1.16483,5.06,1.87
2018.07.19 20:32:48.445,1.16479,1.16484,2.44,2.62
2018.07.19 20:32:48.949,1.16479,1.16483,3.19,1.00
2018.07.19 20:32:49.453,1.16479,1.16484,3.94,2.62
2018.07.19 20:32:52.495,1.1648,1.16483,2.25,1.00
2018.07.19 20:32:53.789,1.1648,1.16484,1.69,1.31
2018.07.19 20:33:00.232,1.16479,1.16483,2.42,1.00
2018.07.19 20:33:00.734,1.16479,1.16484,1.67,3.75
2018.07.19 20:33:02.396,1.16479,1.16484,2.80,1.37
2018.07.19 20:33:02.606,1.16478,1.16481,1.90,1.12
2018.07.19 20:33:02.831,1.16474,1.16478,2.80,1.00
2018.07.19 20:33:03.679,1.16475,1.16479,1.00,1.50
2018.07.19 20:33:04.189,1.16475,1.16478,1.00,1.00
2018.07.19 20:33:04.722,1.16475,1.16479,1.00,1.50
2018.07.19 20:33:05.345,1.16475,1.16478,1.00,1.00
2018.07.19 20:33:05.938,1.16475,1.16479,2.06,1.00
2018.07.19 20:33:06.472,1.16475,1.1648,1.00,1.12
2018.07.19 20:33:14.708,1.16475,1.16479,1.50,1.00
2018.07.19 20:33:15.759,1.16475,1.16478,1.50,1.00
2018.07.19 20:33:17.709,1.16475,1.16479,1.50,1.00
2018.07.19 20:33:19.709,1.16475,1.16478,1.50,1.00
2018.07.19 20:33:20.457,1.16477,1.16478,1.00,1.00
2018.07.19 20:33:21.245,1.16476,1.16478,1.00,1.00
2018.07.19 20:33:21.544,1.16476,1.1648,1.37,1.00
2018.07.19 20:33:22.493,1.16475,1.16481,8.51,1.87
2018.07.19 20:33:24.288,1.16477,1.16481,3.00,1.87
2018.07.19 20:33:24.497,1.16477,1.16482,2.62,2.25
2018.07.19 20:33:25.129,1.16477,1.16481,4.95,1.00
2018.07.19 20:33:25.785,1.16477,1.16482,3.64,2.25
2018.07.19 20:33:30.422,1.16477,1.16482,4.01,2.62
2018.07.19 20:33:31.165,1.16476,1.1648,1.20,2.81
2018.07.19 20:33:31.673,1.16475,1.1648,1.87,3.56
2018.07.19 20:33:33.328,1.16475,1.1648,1.87,4.31
2018.07.19 20:33:36.126,1.16475,1.1648,1.87,4.87
2018.07.19 20:33:39.672,1.16474,1.1648,1.95,2.62
2018.07.19 20:33:41.136,1.16476,1.1648,1.00,4.31
2018.07.19 20:33:41.292,1.16476,1.16481,1.95,10.69
2018.07.19 20:33:42.064,1.16477,1.16482,2.02,5.06
2018.07.19 20:33:42.175,1.16475,1.16479,1.46,3.19
2018.07.19 20:33:42.279,1.16473,1.16478,3.76,2.06
2018.07.19 20:33:42.840,1.16473,1.16477,2.55,1.00
2018.07.19 20:33:43.400,1.16473,1.16478,2.32,1.25
2018.07.19 20:33:48.253,1.16473,1.16477,3.07,1.00
2018.07.19 20:33:50.966,1.16473,1.16477,1.30,2.81
2018.07.19 20:33:51.498,1.16474,1.16478,1.31,6.19
2018.07.19 20:33:52.019,1.16473,1.16478,3.82,3.75
2018.07.19 20:33:52.529,1.16474,1.16478,1.31,4.69
2018.07.19 20:33:57.400,1.16473,1.16478,4.01,3.19
2018.07.19 20:33:59.056,1.16477,1.16478,1.87,1.25
2018.07.19 20:33:59.298,1.16477,1.16482,1.45,3.00
2018.07.19 20:33:59.351,1.16478,1.16483,3.07,5.81
2018.07.19 20:33:59.962,1.16478,1.16483,3.07,2.62
2018.07.19 20:34:00.487,1.16478,1.16483,1.87,4.50
2018.07.19 20:34:01.135,1.16478,1.16481,1.87,1.00
2018.07.19 20:34:02.700,1.16477,1.16481,1.57,2.06
2018.07.19 20:34:02.803,1.16477,1.16481,5.62,1.00
2018.07.19 20:34:03.062,1.16472,1.16477,8.01,1.12
2018.07.19 20:34:03.579,1.16473,1.16477,1.00,1.12
2018.07.19 20:34:04.285,1.16472,1.16476,3.75,1.00
2018.07.19 20:34:04.689,1.16476,1.16481,1.00,13.69
2018.07.19 20:34:06.824,1.16477,1.1648,1.50,1.00
2018.07.19 20:34:07.153,1.16478,1.16482,1.87,1.25
2018.07.19 20:34:09.055,1.16477,1.16482,6.79,1.87
2018.07.19 20:34:13.230,1.16478,1.16482,1.87,2.06
2018.07.19 20:34:13.753,1.16478,1.16482,1.87,2.62
2018.07.19 20:34:21.206,1.16477,1.16481,1.69,2.25
2018.07.19 20:34:21.460,1.16476,1.16479,1.65,2.62
2018.07.19 20:34:21.977,1.16473,1.16479,9.13,1.31
2018.07.19 20:34:22.530,1.16473,1.16479,9.81,2.81
2018.07.19 20:34:23.180,1.16473,1.1648,5.12,3.56
2018.07.19 20:34:28.590,1.16474,1.16479,1.87,4.87
2018.07.19 20:34:29.101,1.16474,1.16479,2.42,5.62
2018.07.19 20:34:30.233,1.16474,1.16478,3.17,1.00
2018.07.19 20:34:30.393,1.16474,1.16479,1.00,5.62
2018.07.19 20:34:31.115,1.16474,1.16478,1.00,1.00
2018.07.19 20:34:31.842,1.16473,1.16476,2.68,1.00
2018.07.19 20:34:32.441,1.16472,1.16477,5.32,1.00
2018.07.19 20:34:33.002,1.16473,1.16477,1.76,1.00
2018.07.19 20:34:34.297,1.16473,1.16478,2.14,3.56
2018.07.19 20:34:35.077,1.16473,1.16478,2.14,1.12
2018.07.19 20:34:35.600,1.16475,1.16478,1.07,1.50
2018.07.19 20:34:37.164,1.16474,1.16479,3.64,3.37
2018.07.19 20:34:37.770,1.16474,1.16479,3.64,5.06
2018.07.19 20:34:38.378,1.16474,1.16479,3.64,2.81
2018.07.19 20:34:39.621,1.16474,1.16479,4.57,5.06
2018.07.19 20:34:40.143,1.16474,1.16479,1.95,4.31
2018.07.19 20:34:40.830,1.16474,1.16479,2.14,4.31
2018.07.19 20:34:40.934,1.16477,1.16481,3.07,1.00
2018.07.19 20:34:41.435,1.16478,1.16482,1.95,1.69
2018.07.19 20:34:41.942,1.16478,1.16481,1.20,1.00
2018.07.19 20:34:42.572,1.16478,1.16482,1.20,2.25
2018.07.19 20:34:44.577,1.16478,1.16483,1.20,3.37
2018.07.19 20:34:46.655,1.16478,1.16482,1.20,1.50
2018.07.19 20:34:48.554,1.16478,1.16483,1.20,3.37
2018.07.19 20:34:49.290,1.16478,1.16482,1.95,1.50
2018.07.19 20:34:51.162,1.16477,1.16481,2.70,2.06
2018.07.19 20:34:51.625,1.16476,1.16481,1.57,1.12
2018.07.19 20:34:53.670,1.16476,1.16481,2.51,3.56
2018.07.19 20:34:59.495,1.16478,1.16482,1.10,2.44
2018.07.19 20:34:59.998,1.16478,1.16482,1.07,2.06
2018.07.19 20:35:00.567,1.16478,1.16481,1.07,1.69
2018.07.19 20:35:01.416,1.16477,1.16482,7.57,2.81
2018.07.19 20:35:02.124,1.16477,1.16482,5.14,2.81
2018.07.19 20:35:02.642,1.16477,1.16481,1.57,4.50
2018.07.19 20:35:02.972,1.16477,1.16481,2.32,1.12
2018.07.19 20:35:03.545,1.16478,1.16482,2.32,1.00
2018.07.19 20:35:04.112,1.16479,1.16483,1.85,2.25
2018.07.19 20:35:04.627,1.16479,1.16483,1.45,1.69
2018.07.19 20:35:04.784,1.16479,1.16484,3.45,8.62
2018.07.19 20:35:05.093,1.16479,1.16483,2.32,2.25
2018.07.19 20:35:05.601,1.16479,1.16483,1.07,3.19
2018.07.19 20:35:08.582,1.16479,1.16483,1.39,1.50
2018.07.19 20:35:09.210,1.16479,1.16484,1.70,2.25
2018.07.19 20:35:09.934,1.16479,1.16483,1.76,1.00
2018.07.19 20:35:10.464,1.16479,1.16484,3.26,3.00
2018.07.19 20:35:11.831,1.16479,1.16483,3.26,1.00
2018.07.19 20:35:13.599,1.16479,1.16484,3.04,6.00
2018.07.19 20:35:14.146,1.1648,1.16484,1.57,3.75
2018.07.19 20:35:14.795,1.1648,1.16484,1.76,4.31
2018.07.19 20:35:15.549,1.1648,1.16484,3.45,1.25
2018.07.19 20:35:15.758,1.1648,1.16486,3.45,1.12
2018.07.19 20:35:16.014,1.16481,1.16484,1.45,1.00
2018.07.19 20:35:17.141,1.16481,1.16485,1.76,2.62
2018.07.19 20:35:28.160,1.16481,1.16484,1.07,1.00
2018.07.19 20:35:32.122,1.1648,1.16484,2.14,1.12
2018.07.19 20:35:33.565,1.1648,1.16484,4.95,1.50
2018.07.19 20:35:33.759,1.1648,1.16484,3.45,1.00
2018.07.19 20:35:37.789,1.1648,1.16484,1.76,4.69
2018.07.19 20:35:43.546,1.1648,1.16483,1.10,1.00
2018.07.19 20:35:44.144,1.1648,1.16485,1.10,9.94
2018.07.19 20:35:44.962,1.1648,1.16484,1.76,2.81
2018.07.19 20:35:45.876,1.1648,1.16485,1.10,9.00
2018.07.19 20:36:03.041,1.1648,1.16485,1.20,6.82
2018.07.19 20:36:03.975,1.1648,1.16484,1.20,1.00
2018.07.19 20:36:06.536,1.1648,1.16485,1.20,7.20
2018.07.19 20:36:07.097,1.1648,1.16484,1.57,1.00
2018.07.19 20:36:08.732,1.16479,1.16483,3.64,1.00
2018.07.19 20:36:09.233,1.16479,1.16484,2.89,5.62
2018.07.19 20:36:13.764,1.16479,1.16483,2.51,1.12
2018.07.19 20:36:18.072,1.16479,1.16481,2.14,1.50
2018.07.19 20:36:18.584,1.16479,1.16482,1.07,1.00
2018.07.19 20:36:20.940,1.16478,1.16482,2.70,1.00
2018.07.19 20:36:23.178,1.16478,1.16482,1.57,1.12
2018.07.19 20:36:23.835,1.16478,1.16481,2.32,1.00
2018.07.19 20:36:24.621,1.16478,1.16482,2.70,2.62
2018.07.19 20:36:25.949,1.16478,1.16481,1.57,2.25
2018.07.19 20:36:26.476,1.16479,1.1648,1.00,1.50
2018.07.19 20:36:27.558,1.16478,1.16481,2.70,3.00
2018.07.19 20:36:28.017,1.16479,1.16483,2.51,1.12
2018.07.19 20:36:28.228,1.16478,1.16483,2.51,1.19
2018.07.19 20:36:28.788,1.16479,1.16481,1.25,1.25
2018.07.19 20:36:30.307,1.16478,1.16481,3.82,1.00
2018.07.19 20:36:30.925,1.16479,1.16481,1.00,1.50
2018.07.19 20:36:31.448,1.16478,1.16481,3.26,1.00
2018.07.19 20:36:35.518,1.16478,1.16483,8.32,1.25
2018.07.19 20:36:36.036,1.16479,1.16484,1.39,4.31
2018.07.19 20:36:36.625,1.16479,1.16484,3.64,6.56
2018.07.19 20:36:36.985,1.16478,1.16483,3.45,1.87
2018.07.19 20:36:37.516,1.16478,1.16481,2.32,1.00
2018.07.19 20:36:48.553,1.16478,1.16482,2.32,1.00
2018.07.19 20:36:49.057,1.16478,1.16483,1.20,4.12
2018.07.19 20:36:49.587,1.16478,1.16483,1.57,4.12
2018.07.19 20:36:57.501,1.16478,1.16483,2.70,1.87
2018.07.19 20:36:58.014,1.16478,1.16483,2.70,1.87
2018.07.19 20:36:58.602,1.16479,1.16482,1.07,2.06
2018.07.19 20:36:59.537,1.16479,1.16481,1.07,1.00
2018.07.19 20:36:59.855,1.16474,1.16479,6.07,2.62
2018.07.19 20:36:59.962,1.16475,1.16478,1.20,3.22
2018.07.19 20:37:00.494,1.16474,1.16478,4.39,2.44
2018.07.19 20:37:01.128,1.16474,1.16479,2.70,6.94
2018.07.19 20:37:01.422,1.16474,1.16479,1.10,9.00
2018.07.19 20:37:02.090,1.16474,1.16477,1.10,1.00
2018.07.19 20:37:02.798,1.16474,1.16478,1.10,2.25
2018.07.19 20:37:03.363,1.16473,1.16477,4.20,1.00
2018.07.19 20:37:04.545,1.16473,1.16477,3.82,1.00
2018.07.19 20:37:04.820,1.16471,1.16474,3.82,1.00
2018.07.19 20:37:05.521,1.16471,1.16474,1.76,1.69
2018.07.19 20:37:06.067,1.16471,1.16475,1.07,4.91
2018.07.19 20:37:06.674,1.16471,1.16475,4.20,2.62
2018.07.19 20:37:07.029,1.16472,1.16475,5.32,1.00
2018.07.19 20:37:07.259,1.16472,1.16477,5.32,1.12
2018.07.19 20:37:07.856,1.16472,1.16476,4.20,1.00
2018.07.19 20:37:08.615,1.16472,1.16476,2.70,1.00
2018.07.19 20:37:10.880,1.16472,1.16477,2.70,1.12
2018.07.19 20:37:11.776,1.16472,1.16476,2.70,1.00
2018.07.19 20:37:14.173,1.16473,1.16477,1.57,1.12
2018.07.19 20:37:14.934,1.16473,1.16476,1.57,1.00
2018.07.19 20:37:15.590,1.16473,1.16477,1.57,1.12
2018.07.19 20:37:20.738,1.16473,1.16478,1.95,7.31
2018.07.19 20:37:21.076,1.16472,1.16478,3.26,7.69
2018.07.19 20:37:22.173,1.16472,1.16476,1.95,1.12
2018.07.19 20:37:22.644,1.16473,1.16476,1.07,1.00
2018.07.19 20:37:23.453,1.16473,1.16478,2.70,7.69
2018.07.19 20:37:30.715,1.16471,1.16476,2.14,6.56
2018.07.19 20:37:31.060,1.1647,1.16473,1.95,1.00
2018.07.19 20:37:31.578,1.1647,1.16474,1.20,1.50
2018.07.19 20:37:32.169,1.16471,1.16474,1.07,3.75
2018.07.19 20:37:35.551,1.16469,1.16474,3.26,2.89
2018.07.19 20:37:36.080,1.16469,1.16473,3.64,1.31
2018.07.19 20:37:36.612,1.16469,1.16474,1.95,3.56
2018.07.19 20:37:38.736,1.1647,1.16474,1.10,4.69
2018.07.19 20:37:40.762,1.16469,1.16474,2.32,3.00
2018.07.19 20:37:41.912,1.1647,1.16474,1.01,4.69
2018.07.19 20:37:42.220,1.16469,1.16474,3.07,4.12
2018.07.19 20:37:48.600,1.16473,1.16475,1.87,1.50
2018.07.19 20:37:49.110,1.16474,1.16477,1.25,1.69
2018.07.19 20:37:49.462,1.16474,1.16479,4.20,6.75
2018.07.19 20:37:50.042,1.16474,1.16479,3.45,3.37
2018.07.19 20:37:50.632,1.16474,1.16479,4.19,2.62
2018.07.19 20:37:51.674,1.16474,1.16478,4.37,1.00
2018.07.19 20:37:55.063,1.16474,1.16479,3.82,2.62
2018.07.19 20:38:02.395,1.16475,1.16479,1.76,5.81
2018.07.19 20:38:02.932,1.16474,1.16479,3.64,3.56
2018.07.19 20:38:05.696,1.16475,1.16479,2.14,4.31
2018.07.19 20:38:06.677,1.16475,1.16479,1.47,2.06
2018.07.19 20:38:08.733,1.16474,1.16479,3.45,2.06
2018.07.19 20:38:09.444,1.16474,1.16479,4.39,2.06
2018.07.19 20:38:10.297,1.16475,1.16479,1.76,2.81
2018.07.19 20:38:11.068,1.16474,1.16479,4.39,2.06
2018.07.19 20:38:12.546,1.16474,1.16479,2.51,2.44
2018.07.19 20:38:13.080,1.16474,1.16479,3.26,3.56
2018.07.19 20:38:13.873,1.16474,1.16478,1.20,1.00
2018.07.19 20:38:17.155,1.16473,1.16477,4.01,1.00
2018.07.19 20:38:17.833,1.16473,1.16477,3.45,1.00
2018.07.19 20:38:18.521,1.16474,1.16477,1.00,3.00
2018.07.19 20:38:19.186,1.16473,1.16478,2.89,3.75
2018.07.19 20:38:20.232,1.16472,1.16475,3.07,2.62
2018.07.19 20:38:20.339,1.16471,1.16473,1.00,1.00
2018.07.19 20:38:20.869,1.1647,1.16473,2.62,1.00
2018.07.19 20:38:21.576,1.1647,1.16473,1.69,2.81
2018.07.19 20:38:22.204,1.1647,1.16474,1.87,9.19
2018.07.19 20:38:22.900,1.1647,1.16473,2.62,2.25
2018.07.19 20:38:30.306,1.1647,1.16474,1.87,6.19
2018.07.19 20:38:30.822,1.1647,1.16473,2.62,1.00
2018.07.19 20:38:40.295,1.16469,1.16474,3.45,3.37
2018.07.19 20:38:49.658,1.16469,1.16474,2.70,6.37
2018.07.19 20:38:50.726,1.16469,1.16474,2.70,1.50
2018.07.19 20:38:52.186,1.1647,1.16473,1.87,1.00
2018.07.19 20:38:53.753,1.16469,1.16474,2.70,2.25
2018.07.19 20:38:58.621,1.16469,1.16473,2.32,1.00
2018.07.19 20:38:59.412,1.16469,1.16474,2.32,2.62
2018.07.19 20:39:00.225,1.16469,1.16474,2.70,2.62
2018.07.19 20:39:03.857,1.16468,1.1647,1.20,4.12
2018.07.19 20:39:03.963,1.16463,1.16468,2.70,1.00
2018.07.19 20:39:04.487,1.16464,1.16467,1.20,1.00
2018.07.19 20:39:07.201,1.16463,1.16468,1.20,4.12
2018.07.19 20:39:07.809,1.16463,1.16467,1.07,1.00
2018.07.19 20:39:11.245,1.16463,1.16468,1.07,4.12
2018.07.19 20:39:11.413,1.16462,1.16467,5.32,1.12
2018.07.19 20:39:11.946,1.16462,1.16467,2.33,3.37
2018.07.19 20:39:12.296,1.16461,1.16465,1.95,1.37
2018.07.19 20:39:12.804,1.16461,1.16465,1.10,1.87
2018.07.19 20:39:13.879,1.16461,1.16465,1.10,2.25
2018.07.19 20:39:14.385,1.16459,1.16465,2.32,6.56
2018.07.19 20:39:14.909,1.16458,1.16464,6.26,1.87
2018.07.19 20:39:15.682,1.16459,1.16464,1.47,2.25
2018.07.19 20:39:16.107,1.16459,1.16463,1.07,1.50
2018.07.19 20:39:16.727,1.16458,1.16463,1.95,3.00
2018.07.19 20:39:17.387,1.16459,1.16463,1.01,1.00
2018.07.19 20:39:17.932,1.16459,1.16462,1.01,1.00
2018.07.19 20:39:18.571,1.16458,1.16463,1.37,3.00
2018.07.19 20:39:19.067,1.16456,1.16459,4.57,1.00
2018.07.19 20:39:19.178,1.16454,1.16459,3.82,3.00
2018.07.19 20:39:19.728,1.16455,1.16458,1.57,1.00
2018.07.19 20:39:20.363,1.16454,1.16459,5.14,1.87
2018.07.19 20:39:21.093,1.16455,1.16458,1.10,1.00
2018.07.19 20:39:21.627,1.16455,1.16459,1.10,1.95
2018.07.19 20:39:22.382,1.16455,1.16458,1.10,1.00
2018.07.19 20:39:23.286,1.16454,1.16455,1.57,3.94
2018.07.19 20:39:23.341,1.16448,1.16453,3.00,2.25
2018.07.19 20:39:23.519,1.16448,1.16453,1.57,3.75
2018.07.19 20:39:23.625,1.16448,1.16453,2.70,4.50
2018.07.19 20:39:24.265,1.16448,1.16452,1.07,1.37
2018.07.19 20:39:24.888,1.16447,1.16452,8.32,1.12
2018.07.19 20:39:27.598,1.16447,1.16451,5.51,1.00
2018.07.19 20:39:28.152,1.16447,1.16452,5.51,1.12
2018.07.19 20:39:33.732,1.16447,1.16452,4.95,1.87
2018.07.19 20:39:34.298,1.16447,1.16451,7.58,1.12
2018.07.19 20:39:35.556,1.16447,1.16452,6.45,3.56
2018.07.19 20:39:36.674,1.16447,1.16452,6.45,4.31
2018.07.19 20:39:42.328,1.16446,1.16449,6.37,1.31
2018.07.19 20:39:42.386,1.16447,1.16451,1.50,1.12
2018.07.19 20:39:42.927,1.16447,1.16452,1.25,1.87
2018.07.19 20:39:44.377,1.16447,1.16451,2.32,1.50
2018.07.19 20:39:45.434,1.16447,1.16452,2.32,1.87
2018.07.19 20:39:46.068,1.16446,1.16453,9.45,1.87
2018.07.19 20:39:50.818,1.16447,1.16452,3.82,1.00
2018.07.19 20:39:51.431,1.16447,1.16453,3.26,4.12
2018.07.19 20:39:58.497,1.16448,1.16452,1.87,1.50
2018.07.19 20:40:00.868,1.16448,1.16453,1.87,4.12
2018.07.19 20:40:01.392,1.16448,1.16452,1.87,1.00
2018.07.19 20:40:01.992,1.16447,1.16453,4.12,4.12
2018.07.19 20:40:02.531,1.16447,1.16452,6.00,1.12
2018.07.19 20:40:03.087,1.16448,1.16452,1.00,1.00
2018.07.19 20:40:03.688,1.16448,1.16453,1.00,3.19
2018.07.19 20:40:05.073,1.16448,1.16452,1.00,1.00
2018.07.19 20:40:05.696,1.16451,1.16455,3.37,1.87
2018.07.19 20:40:05.837,1.16452,1.16457,1.87,3.56
2018.07.19 20:40:09.711,1.16453,1.16458,1.00,6.00
2018.07.19 20:40:10.125,1.16453,1.16458,1.00,6.94
2018.07.19 20:40:11.349,1.16452,1.16457,4.57,1.87
2018.07.19 20:40:14.974,1.16454,1.16455,1.00,1.00
2018.07.19 20:40:15.133,1.16448,1.16451,2.25,1.00
2018.07.19 20:40:15.239,1.16449,1.16453,6.37,1.12
2018.07.19 20:40:15.293,1.1645,1.16452,1.78,1.30
2018.07.19 20:40:15.347,1.1645,1.16454,1.03,1.00
2018.07.19 20:40:15.402,1.16448,1.16454,1.50,4.50
2018.07.19 20:40:15.568,1.16447,1.16453,7.57,1.87
2018.07.19 20:40:16.788,1.16447,1.16453,4.39,2.44
2018.07.19 20:40:24.285,1.16448,1.16452,2.89,1.31
2018.07.19 20:40:24.814,1.16448,1.16453,1.95,5.25
2018.07.19 20:40:31.373,1.16448,1.16451,1.57,1.00
2018.07.19 20:40:31.925,1.16448,1.16452,1.57,1.12
2018.07.19 20:40:33.557,1.16447,1.16451,2.70,2.25
2018.07.19 20:40:35.846,1.16447,1.16451,1.00,2.25
2018.07.19 20:40:36.727,1.16447,1.16452,1.00,2.62
2018.07.19 20:40:38.389,1.16447,1.16451,1.00,1.50
2018.07.19 20:40:40.424,1.16447,1.16452,1.00,3.56
2018.07.19 20:40:43.017,1.16446,1.16449,1.12,1.00
2018.07.19 20:40:43.070,1.16447,1.16451,1.87,1.25
2018.07.19 20:40:43.234,1.16446,1.16449,1.03,1.87
2018.07.19 20:40:43.778,1.16444,1.16449,2.25,1.87
2018.07.19 20:40:44.471,1.16444,1.16448,1.31,1.00
2018.07.19 20:40:45.125,1.16445,1.16449,1.00,1.50
2018.07.19 20:40:46.771,1.16445,1.16448,1.25,1.00
2018.07.19 20:40:47.301,1.16445,1.16449,1.00,1.50
2018.07.19 20:40:48.171,1.16445,1.16448,1.00,1.50
2018.07.19 20:40:48.702,1.16444,1.16449,2.62,5.47
2018.07.19 20:40:49.211,1.16444,1.16448,1.87,1.00
2018.07.19 20:40:51.936,1.16443,1.16447,1.00,1.37
2018.07.19 20:40:53.766,1.16443,1.16448,1.00,5.62
2018.07.19 20:40:54.680,1.16443,1.16447,1.00,1.50
2018.07.19 20:40:55.962,1.16443,1.16448,1.00,5.25
2018.07.19 20:40:56.529,1.16447,1.16449,1.00,1.50
2018.07.19 20:40:56.689,1.16448,1.16452,1.00,1.00
2018.07.19 20:40:57.684,1.16448,1.16451,1.00,1.00
2018.07.19 20:40:59.261,1.16448,1.16452,2.25,1.00
2018.07.19 20:41:03.056,1.16448,1.16451,1.87,1.00
2018.07.19 20:41:03.597,1.16448,1.16452,1.87,1.00
2018.07.19 20:41:03.933,1.16443,1.16448,5.89,1.87
2018.07.19 20:41:04.040,1.16442,1.16448,3.37,4.12
2018.07.19 20:41:04.776,1.16442,1.16448,3.56,3.56
2018.07.19 20:41:05.375,1.16442,1.16447,4.87,1.87
2018.07.19 20:41:05.918,1.16442,1.16447,6.75,2.06
2018.07.19 20:41:06.679,1.16442,1.16448,4.87,4.69
2018.07.19 20:41:07.414,1.16442,1.16447,6.56,2.06
2018.07.19 20:41:08.118,1.16442,1.16448,3.37,4.69
2018.07.19 20:41:09.092,1.16442,1.16448,3.00,4.12
2018.07.19 20:41:19.265,1.16442,1.16448,3.94,7.31
2018.07.19 20:41:19.685,1.16444,1.16447,1.50,1.00
2018.07.19 20:41:20.518,1.16443,1.16448,2.62,1.50
2018.07.19 20:41:20.831,1.16442,1.16447,4.12,1.37
2018.07.19 20:41:21.365,1.16442,1.16447,5.25,3.04
2018.07.19 20:41:29.169,1.16442,1.16447,1.69,1.31
2018.07.19 20:41:31.782,1.16443,1.16447,1.12,2.25
2018.07.19 20:41:33.738,1.16443,1.16447,1.50,2.62
2018.07.19 20:41:36.806,1.16443,1.16447,1.50,5.25
2018.07.19 20:41:39.958,1.16442,1.16447,7.50,4.87
2018.07.19 20:41:48.841,1.16444,1.16448,1.00,1.00
2018.07.19 20:41:50.642,1.16444,1.16448,1.87,1.12
2018.07.19 20:41:54.219,1.16444,1.16449,3.37,2.62
2018.07.19 20:42:00.198,1.16443,1.16448,2.70,3.94
2018.07.19 20:42:00.725,1.16443,1.16447,1.10,1.12
2018.07.19 20:42:01.246,1.16442,1.16448,5.32,1.12
2018.07.19 20:42:01.791,1.16442,1.16447,6.45,1.00
2018.07.19 20:42:03.666,1.16442,1.16448,6.26,1.00
2018.07.19 20:42:06.678,1.16443,1.16447,1.57,1.50
2018.07.19 20:42:09.725,1.16443,1.16448,1.95,1.12
2018.07.19 20:42:12.672,1.16443,1.16447,1.47,1.00
2018.07.19 20:42:13.669,1.16443,1.16448,3.26,1.12
2018.07.19 20:42:14.675,1.16444,1.16447,1.12,1.00
2018.07.19 20:42:15.304,1.16444,1.16448,1.12,1.87
2018.07.19 20:42:16.088,1.16443,1.16448,3.82,2.62
2018.07.19 20:42:17.132,1.16444,1.16448,1.12,3.37
2018.07.19 20:42:18.501,1.16443,1.16448,2.32,2.25
2018.07.19 20:42:18.954,1.16442,1.16446,1.87,1.00
2018.07.19 20:42:19.647,1.16441,1.16445,6.45,1.00
2018.07.19 20:42:20.068,1.1644,1.16445,1.20,1.12
2018.07.19 20:42:20.865,1.16439,1.16444,2.70,2.25
2018.07.19 20:42:21.431,1.16439,1.16444,1.12,1.12
2018.07.19 20:42:24.676,1.16439,1.16443,1.37,1.12
2018.07.19 20:42:25.834,1.1644,1.16444,1.00,2.25
2018.07.19 20:42:26.420,1.1644,1.16444,5.62,1.00
2018.07.19 20:42:26.476,1.16442,1.16447,3.37,2.25
2018.07.19 20:42:28.576,1.16442,1.16444,1.95,1.00
2018.07.19 20:42:28.771,1.16439,1.16444,1.25,1.00
2018.07.19 20:42:29.384,1.16441,1.16445,2.62,1.62
2018.07.19 20:42:29.931,1.16438,1.16444,3.00,3.75
2018.07.19 20:42:30.543,1.16438,1.16444,1.37,2.06
2018.07.19 20:42:31.559,1.16438,1.16443,1.50,1.50
2018.07.19 20:42:34.289,1.16438,1.16444,1.00,2.25
2018.07.19 20:42:34.992,1.16438,1.16443,1.50,2.06
2018.07.19 20:42:35.420,1.16442,1.16446,1.87,1.87
2018.07.19 20:42:35.989,1.16442,1.16446,1.87,1.00
2018.07.19 20:42:36.509,1.16442,1.16447,1.87,4.87
2018.07.19 20:42:37.086,1.16443,1.16446,1.00,2.25
2018.07.19 20:42:39.780,1.16442,1.16446,3.37,2.25
2018.07.19 20:42:40.487,1.16443,1.16448,2.32,2.25
2018.07.19 20:42:41.019,1.16443,1.16448,1.69,1.37
2018.07.19 20:42:41.797,1.16443,1.16447,1.00,2.06
2018.07.19 20:42:47.678,1.16442,1.16449,4.57,5.44
2018.07.19 20:42:48.435,1.16443,1.16449,3.07,6.37
2018.07.19 20:42:51.277,1.16443,1.16448,2.89,1.00
2018.07.19 20:43:05.041,1.16443,1.16449,3.94,3.00
2018.07.19 20:43:07.055,1.16444,1.16448,1.37,1.00
2018.07.19 20:43:14.414,1.16443,1.16449,3.56,2.44
2018.07.19 20:43:18.755,1.16443,1.16448,6.75,1.00
2018.07.19 20:43:21.631,1.16443,1.16449,4.12,3.19
2018.07.19 20:43:23.795,1.16444,1.1645,1.50,5.62
2018.07.19 20:43:24.006,1.16447,1.1645,1.50,1.00
2018.07.19 20:43:24.404,1.16447,1.16452,1.00,3.37
2018.07.19 20:43:40.170,1.16447,1.16452,4.12,1.12
2018.07.19 20:43:43.751,1.16451,1.16455,1.69,3.19
2018.07.19 20:43:44.436,1.16452,1.16457,4.05,2.81
2018.07.19 20:43:44.969,1.16453,1.16457,1.00,1.87
2018.07.19 20:43:45.491,1.16452,1.16457,4.87,1.12
2018.07.19 20:43:46.099,1.16452,1.16456,3.37,1.00
2018.07.19 20:43:46.317,1.16452,1.16457,2.62,1.50
2018.07.19 20:43:46.867,1.16452,1.16457,3.75,1.12
2018.07.19 20:43:48.809,1.16452,1.16456,3.37,1.00
2018.07.19 20:43:51.677,1.16452,1.16457,4.20,1.00
2018.07.19 20:43:54.014,1.16452,1.16456,3.45,1.50
2018.07.19 20:43:54.281,1.16449,1.16452,1.95,1.50
2018.07.19 20:43:55.011,1.16447,1.16451,2.14,1.00
2018.07.19 20:43:55.512,1.16447,1.16452,2.32,1.50
2018.07.19 20:43:56.014,1.16447,1.16451,2.32,1.00
2018.07.19 20:43:58.473,1.16446,1.16452,7.46,1.50
2018.07.19 20:43:58.795,1.16444,1.16449,2.70,3.75
2018.07.19 20:44:01.449,1.16445,1.16449,1.20,2.25
2018.07.19 20:44:06.957,1.16446,1.16449,2.62,1.00
2018.07.19 20:44:07.022,1.16446,1.16451,1.87,6.00
2018.07.19 20:44:07.232,1.16446,1.16448,2.32,1.00
2018.07.19 20:44:08.472,1.16444,1.16448,1.20,1.50
2018.07.19 20:44:09.058,1.16443,1.16448,4.20,2.06
2018.07.19 20:44:12.897,1.16443,1.16448,3.45,1.12
2018.07.19 20:44:16.908,1.16446,1.1645,4.12,2.62
2018.07.19 20:44:17.412,1.16446,1.1645,6.07,1.50
2018.07.19 20:44:17.916,1.16446,1.16451,4.57,4.12
2018.07.19 20:44:18.752,1.16446,1.1645,8.32,1.00
2018.07.19 20:44:19.499,1.16446,1.16451,5.32,2.62
2018.07.19 20:44:20.826,1.16447,1.1645,1.10,1.00
2018.07.19 20:44:21.435,1.16447,1.16451,1.10,3.00
2018.07.19 20:44:24.169,1.16447,1.1645,2.32,1.00
2018.07.19 20:44:24.888,1.16447,1.16451,2.32,3.00
2018.07.19 20:44:26.224,1.16447,1.1645,1.10,1.00
2018.07.19 20:44:33.072,1.16447,1.16451,1.57,1.50
2018.07.19 20:44:33.652,1.16447,1.1645,1.50,1.00
2018.07.19 20:44:52.446,1.16446,1.16449,1.20,3.75
2018.07.19 20:44:52.499,1.16444,1.16449,3.07,3.75
2018.07.19 20:44:53.366,1.16447,1.16451,1.12,4.12
2018.07.19 20:44:53.877,1.16447,1.16451,1.01,3.00
2018.07.19 20:45:00.234,1.16448,1.1645,1.00,1.00
2018.07.19 20:45:00.894,1.16447,1.16449,1.10,1.00
2018.07.19 20:45:00.947,1.16445,1.16449,1.00,3.00
2018.07.19 20:45:01.548,1.16445,1.16448,1.00,1.00
2018.07.19 20:45:02.205,1.16444,1.16449,2.70,3.75
2018.07.19 20:45:02.740,1.16444,1.16449,3.45,1.12
2018.07.19 20:45:03.813,1.16444,1.16449,2.70,1.50
2018.07.19 20:45:04.516,1.16444,1.16448,2.70,1.00
2018.07.19 20:45:05.020,1.16445,1.16449,1.45,1.50
2018.07.19 20:45:05.995,1.16445,1.16448,1.45,1.00
2018.07.19 20:45:06.680,1.16445,1.16449,1.20,1.50
2018.07.19 20:45:07.373,1.16445,1.16448,1.20,1.00
2018.07.19 20:45:09.676,1.16445,1.16449,1.20,2.25
2018.07.19 20:45:11.872,1.16445,1.16449,1.45,1.50
2018.07.19 20:45:17.718,1.16445,1.16449,2.32,1.50
2018.07.19 20:45:18.426,1.16445,1.16448,1.45,1.00
2018.07.19 20:45:18.929,1.16444,1.16449,3.07,2.62
2018.07.19 20:45:28.894,1.16443,1.16447,4.20,1.00
2018.07.19 20:45:33.740,1.16443,1.16446,1.20,1.00
2018.07.19 20:45:36.712,1.16443,1.16447,1.95,1.87
2018.07.19 20:45:38.348,1.16443,1.16446,1.45,1.00
2018.07.19 20:45:39.788,1.16443,1.16447,1.95,1.00
2018.07.19 20:45:45.541,1.16443,1.16448,1.95,2.06
2018.07.19 20:45:46.105,1.16442,1.16448,8.14,2.81
2018.07.19 20:45:48.202,1.16442,1.16448,5.70,2.06
2018.07.19 20:45:48.870,1.16442,1.16448,9.34,2.06
2018.07.19 20:45:49.486,1.16443,1.16447,1.57,1.00
2018.07.19 20:45:51.121,1.16442,1.16446,7.95,1.00
2018.07.19 20:45:51.657,1.16443,1.16447,1.57,1.50
2018.07.19 20:45:52.006,1.16438,1.16442,1.45,1.87
2018.07.19 20:45:52.212,1.16437,1.16442,2.32,2.25
2018.07.19 20:45:52.904,1.16438,1.16443,3.07,6.37
2018.07.19 20:45:56.390,1.16439,1.16441,1.23,1.00
2018.07.19 20:45:59.377,1.16438,1.16443,3.74,3.37
2018.07.19 20:45:59.670,1.16437,1.16442,7.65,1.00
2018.07.19 20:46:10.995,1.16438,1.16441,1.01,1.00
2018.07.19 20:46:11.624,1.16437,1.16442,5.14,2.62
2018.07.19 20:46:12.266,1.16438,1.16441,1.01,1.00
2018.07.19 20:46:13.222,1.16437,1.16442,5.14,2.62
2018.07.19 20:46:14.070,1.16438,1.16441,1.01,1.00
2018.07.19 20:46:14.683,1.16437,1.16442,3.64,2.62
2018.07.19 20:46:15.385,1.16437,1.16441,5.89,1.00
2018.07.19 20:46:16.048,1.16437,1.16442,5.14,2.62
2018.07.19 20:46:19.918,1.16438,1.16441,1.01,1.00
2018.07.19 20:46:21.143,1.16438,1.16441,1.32,1.00
2018.07.19 20:46:23.688,1.16438,1.16442,1.07,2.62
2018.07.19 20:46:24.844,1.16438,1.16442,1.01,1.87
2018.07.19 20:46:33.049,1.16438,1.16442,2.32,1.00
2018.07.19 20:46:40.630,1.16437,1.16441,2.89,1.00
2018.07.19 20:46:40.786,1.16438,1.16442,1.07,1.00
2018.07.19 20:46:49.503,1.16438,1.16441,1.07,1.00
2018.07.19 20:46:50.170,1.16438,1.16442,1.07,1.00
2018.07.19 20:46:51.022,1.16438,1.16441,1.07,1.00
2018.07.19 20:46:51.750,1.16438,1.16442,1.07,1.00
2018.07.19 20:46:53.140,1.16438,1.16441,1.07,1.00
2018.07.19 20:46:54.471,1.16438,1.16442,1.07,1.00
2018.07.19 20:46:55.693,1.16438,1.16441,1.32,1.00
2018.07.19 20:46:56.356,1.16438,1.16442,1.07,1.12
2018.07.19 20:46:56.915,1.16438,1.16441,1.10,1.00
2018.07.19 20:46:57.680,1.16438,1.16443,1.07,4.31
2018.07.19 20:46:58.317,1.16438,1.16443,1.10,4.31
2018.07.19 20:47:03.008,1.16438,1.16443,1.45,4.12
2018.07.19 20:47:03.776,1.16438,1.16443,1.45,4.31
2018.07.19 20:47:04.798,1.16438,1.16443,1.45,5.25
2018.07.19 20:47:06.467,1.16438,1.16441,1.45,1.00
2018.07.19 20:47:06.875,1.16436,1.16439,4.20,1.00
2018.07.19 20:47:07.383,1.16437,1.1644,1.95,1.00
2018.07.19 20:47:09.574,1.16436,1.16439,1.95,1.00
2018.07.19 20:47:10.378,1.16436,1.1644,1.45,1.00
2018.07.19 20:47:12.032,1.16436,1.1644,1.45,1.00
2018.07.19 20:47:12.627,1.16436,1.1644,1.45,1.00
2018.07.19 20:47:13.776,1.16432,1.16434,2.25,1.00
2018.07.19 20:47:13.934,1.1643,1.16433,1.57,1.00
2018.07.19 20:47:14.449,1.1643,1.16433,1.07,1.00
2018.07.19 20:47:18.951,1.16429,1.16434,4.20,3.00
2018.07.19 20:47:19.536,1.16428,1.16431,1.45,1.00
2018.07.19 20:47:20.104,1.16428,1.16432,1.57,1.50
2018.07.19 20:47:20.208,1.16427,1.16432,5.02,1.50
2018.07.19 20:47:21.295,1.16427,1.16431,5.77,1.00
2018.07.19 20:47:22.148,1.16428,1.16432,1.20,1.50
2018.07.19 20:47:22.757,1.16427,1.16431,3.45,1.00
2018.07.19 20:47:23.741,1.16427,1.16432,2.70,1.50
2018.07.19 20:47:24.728,1.16427,1.16431,4.95,1.00
2018.07.19 20:47:25.041,1.16431,1.16435,2.99,3.56
2018.07.19 20:47:25.351,1.16437,1.1644,2.32,1.19
2018.07.19 20:47:26.108,1.16437,1.1644,3.07,1.00
2018.07.19 20:47:26.646,1.16436,1.16438,2.40,4.50
2018.07.19 20:47:26.960,1.16428,1.16433,2.40,4.87
2018.07.19 20:47:27.064,1.16428,1.16431,4.20,1.00
2018.07.19 20:47:27.707,1.16428,1.16432,2.70,1.00
2018.07.19 20:47:28.627,1.16428,1.16431,2.32,1.00
2018.07.19 20:47:32.342,1.16425,1.16426,3.45,1.00
2018.07.19 20:47:32.396,1.16421,1.16422,1.95,1.00
2018.07.19 20:47:32.450,1.16418,1.16419,1.50,1.00
2018.07.19 20:47:32.785,1.16413,1.16415,1.07,1.00
2018.07.19 20:47:32.897,1.16414,1.16417,1.00,1.00
2018.07.19 20:47:32.949,1.16416,1.16419,2.62,1.69
2018.07.19 20:47:33.183,1.16418,1.16423,1.12,2.81
2018.07.19 20:47:33.684,1.16418,1.16423,1.00,2.62
2018.07.19 20:47:34.287,1.16418,1.16422,3.00,1.00
2018.07.19 20:47:35.008,1.16418,1.16423,3.00,3.00
2018.07.19 20:47:35.212,1.16418,1.16421,3.00,1.00
2018.07.19 20:47:35.716,1.16418,1.16421,1.82,1.50
2018.07.19 20:47:37.617,1.16418,1.16422,1.82,1.00
2018.07.19 20:47:38.926,1.16422,1.16425,2.25,3.37
2018.07.19 20:47:38.980,1.16423,1.16426,1.87,1.87
2018.07.19 20:47:39.107,1.16423,1.16426,1.45,1.00
2018.07.19 20:47:39.737,1.16423,1.16427,1.45,1.00
2018.07.19 20:47:40.327,1.16423,1.16427,2.70,1.87
2018.07.19 20:47:41.143,1.16424,1.16427,1.07,1.87
2018.07.19 20:47:41.850,1.16424,1.16426,1.07,1.00
2018.07.19 20:47:42.369,1.16423,1.16427,2.32,1.87
2018.07.19 20:47:45.679,1.16423,1.16426,2.32,1.00
2018.07.19 20:47:46.324,1.16423,1.16427,2.32,1.50
2018.07.19 20:47:48.692,1.16422,1.16426,1.58,1.87
2018.07.19 20:47:49.064,1.16422,1.16427,3.45,2.62
2018.07.19 20:47:49.636,1.16424,1.16427,1.07,3.37
2018.07.19 20:47:51.918,1.16423,1.16426,2.70,1.00
2018.07.19 20:48:01.500,1.16423,1.16427,2.70,1.50
2018.07.19 20:48:11.937,1.16423,1.16426,2.32,1.25
2018.07.19 20:48:16.425,1.16423,1.16427,3.07,1.69
2018.07.19 20:48:17.052,1.16423,1.16426,2.32,1.00
2018.07.19 20:48:17.592,1.16423,1.16427,2.32,1.50
2018.07.19 20:48:39.630,1.16424,1.16426,1.07,1.00
2018.07.19 20:48:42.044,1.16422,1.16426,6.45,1.00
2018.07.19 20:48:58.002,1.16422,1.16427,5.14,1.87
2018.07.19 20:49:03.787,1.16423,1.16426,1.47,1.00
2018.07.19 20:49:06.628,1.16423,1.16427,1.47,2.62
2018.07.19 20:49:07.329,1.16423,1.16427,1.95,1.50
2018.07.19 20:49:14.519,1.16423,1.16427,2.32,1.50
2018.07.19 20:49:18.795,1.16423,1.16427,2.32,1.50
2018.07.19 20:49:19.537,1.16423,1.16426,2.32,1.00
2018.07.19 20:49:20.232,1.16423,1.16427,1.10,3.00
2018.07.19 20:49:26.946,1.16422,1.16425,1.10,3.75
2018.07.19 20:49:27.286,1.16419,1.16423,1.20,2.25
2018.07.19 20:49:27.838,1.16419,1.16422,1.00,1.00
2018.07.19 20:49:28.499,1.16419,1.16423,1.00,3.00
2018.07.19 20:49:29.016,1.16418,1.16422,1.10,1.00
2018.07.19 20:49:30.666,1.16418,1.16422,1.47,2.25
2018.07.19 20:49:32.162,1.16417,1.16422,5.77,1.50
2018.07.19 20:49:32.714,1.16417,1.16422,3.90,3.19
2018.07.19 20:49:33.316,1.16417,1.16422,3.52,1.69
2018.07.19 20:49:34.163,1.16417,1.16421,1.95,1.50
2018.07.19 20:49:34.220,1.16416,1.16417,1.65,1.00
2018.07.19 20:49:34.274,1.16414,1.16417,1.37,2.25
2018.07.19 20:49:34.327,1.16412,1.16417,2.32,1.87
2018.07.19 20:49:35.652,1.16412,1.16417,1.57,3.37
2018.07.19 20:49:36.159,1.16412,1.16417,1.57,3.37
2018.07.19 20:49:37.791,1.16412,1.16416,1.57,1.00
2018.07.19 20:49:38.481,1.16412,1.16417,1.57,3.37
2018.07.19 20:49:39.416,1.16413,1.16416,1.10,1.00
2018.07.19 20:49:40.083,1.16413,1.16417,1.10,4.87
2018.07.19 20:49:40.726,1.16412,1.16417,1.57,3.37
2018.07.19 20:49:43.380,1.16412,1.16416,1.57,1.00
2018.07.19 20:49:44.953,1.16413,1.16416,1.00,1.25
2018.07.19 20:49:45.463,1.16412,1.16416,1.57,1.50
2018.07.19 20:49:46.320,1.16416,1.1642,1.50,1.87
2018.07.19 20:49:46.649,1.16423,1.16427,1.12,2.25
2018.07.19 20:49:47.168,1.16422,1.16426,2.25,1.00
2018.07.19 20:49:49.186,1.16423,1.16427,1.12,3.00
2018.07.19 20:49:49.864,1.16422,1.16426,1.87,1.00
2018.07.19 20:49:50.964,1.16422,1.16427,1.87,1.00
2018.07.19 20:49:57.099,1.16422,1.16426,1.12,1.00
2018.07.19 20:49:58.562,1.16422,1.16426,1.69,1.25
2018.07.19 20:49:59.222,1.16422,1.16427,1.50,1.12
2018.07.19 20:50:00.138,1.16423,1.16426,1.37,1.00
2018.07.19 20:50:00.243,1.16422,1.16425,1.00,1.87
2018.07.19 20:50:00.403,1.16421,1.16428,3.37,3.75
2018.07.19 20:50:00.832,1.16425,1.16429,1.87,1.50
2018.07.19 20:50:01.143,1.16431,1.16435,1.12,1.50
2018.07.19 20:50:01.475,1.16432,1.16436,1.95,1.50
2018.07.19 20:50:01.579,1.16432,1.16438,4.01,3.56
2018.07.19 20:50:01.685,1.16432,1.16437,2.89,2.44
2018.07.19 20:50:01.883,1.16432,1.16436,1.50,1.37
2018.07.19 20:50:03.010,1.16429,1.16434,5.51,1.25
2018.07.19 20:50:03.166,1.16428,1.16432,1.95,1.69
2018.07.19 20:50:03.322,1.16428,1.16432,1.50,1.69
2018.07.19 20:50:12.911,1.16428,1.16432,1.37,1.87
2018.07.19 20:50:13.569,1.1643,1.16434,1.87,1.57
2018.07.19 20:50:13.623,1.16431,1.16435,5.25,1.20
2018.07.19 20:50:13.676,1.16431,1.16437,5.70,3.00
2018.07.19 20:50:14.666,1.1643,1.16437,4.69,3.94
2018.07.19 20:50:15.283,1.16431,1.16437,2.25,3.19
2018.07.19 20:50:15.811,1.16432,1.16437,1.37,1.50
2018.07.19 20:50:16.744,1.16432,1.16437,2.62,2.62
2018.07.19 20:50:24.087,1.1643,1.16432,2.32,1.50
2018.07.19 20:50:32.960,1.16428,1.16432,1.87,1.50
2018.07.19 20:50:33.153,1.16431,1.16434,1.12,1.50
2018.07.19 20:50:41.251,1.1643,1.16434,4.69,1.50
2018.07.19 20:50:41.896,1.16431,1.16434,1.69,3.94
2018.07.19 20:50:44.927,1.1643,1.16434,2.62,1.50
2018.07.19 20:50:45.506,1.1643,1.16435,3.00,6.19
2018.07.19 20:50:45.659,1.1643,1.16435,1.87,4.31
2018.07.19 20:50:47.126,1.16431,1.16434,1.00,1.50
2018.07.19 20:50:48.411,1.1643,1.16435,1.87,4.31
2018.07.19 20:50:54.477,1.16431,1.16435,1.00,6.37
2018.07.19 20:50:56.836,1.1643,1.16435,2.62,3.37
2018.07.19 20:50:57.671,1.16431,1.16435,1.00,4.12
2018.07.19 20:50:58.251,1.1643,1.16435,2.62,3.37
2018.07.19 20:50:58.860,1.16431,1.16435,1.00,5.62
2018.07.19 20:51:06.630,1.1643,1.16434,3.00,1.50
2018.07.19 20:51:19.386,1.16432,1.16436,1.00,4.87
2018.07.19 20:51:19.439,1.16431,1.16437,5.25,3.37
2018.07.19 20:51:22.202,1.16431,1.16436,1.87,2.81
2018.07.19 20:51:22.829,1.1643,1.16436,6.56,2.81
2018.07.19 20:51:23.664,1.1643,1.16436,5.81,3.19
2018.07.19 20:51:27.029,1.16432,1.16438,6.00,3.00
2018.07.19 20:51:27.687,1.16432,1.16437,5.44,1.50
2018.07.19 20:51:32.266,1.16433,1.16437,2.81,2.06
2018.07.19 20:51:59.695,1.16433,1.16437,1.50,4.12
2018.07.19 20:51:59.750,1.16431,1.16435,2.89,1.62
2018.07.19 20:52:00.257,1.16431,1.16436,1.20,4.69
2018.07.19 20:52:01.549,1.16431,1.16436,2.44,6.56
2018.07.19 20:52:03.863,1.16431,1.16436,1.69,3.94
2018.07.19 20:52:06.636,1.1643,1.16436,3.26,2.81
2018.07.19 20:52:11.173,1.16432,1.16436,1.10,3.19
2018.07.19 20:52:12.047,1.16429,1.16435,5.89,2.81
2018.07.19 20:52:12.577,1.1643,1.16435,1.10,3.56
2018.07.19 20:52:13.269,1.1643,1.16435,1.20,3.56
2018.07.19 20:52:14.229,1.1643,1.16435,2.14,5.06
2018.07.19 20:52:15.549,1.1643,1.16435,1.47,1.69
2018.07.19 20:52:16.090,1.1643,1.16435,2.14,4.31
2018.07.19 20:52:16.707,1.1643,1.16435,2.14,4.69
2018.07.19 20:52:19.596,1.16432,1.16436,1.87,3.00
2018.07.19 20:52:19.910,1.16429,1.16433,7.57,1.50
2018.07.19 20:52:20.591,1.1643,1.16434,1.10,1.87
2018.07.19 20:52:21.093,1.1643,1.16434,3.07,1.87
2018.07.19 20:52:22.298,1.16431,1.16435,1.00,3.75
2018.07.19 20:52:22.824,1.16431,1.16434,1.00,1.00
2018.07.19 20:52:27.489,1.16431,1.16435,1.00,2.25
2018.07.19 20:52:36.648,1.16431,1.16436,1.00,2.62
2018.07.19 20:52:43.901,1.16433,1.16437,1.00,1.50
2018.07.19 20:52:46.679,1.16433,1.16438,1.20,2.62
2018.07.19 20:52:48.625,1.16433,1.16438,1.95,2.62
2018.07.19 20:52:49.193,1.16432,1.16437,4.76,1.50
2018.07.19 20:52:49.403,1.16431,1.16436,3.64,2.06
2018.07.19 20:52:50.037,1.16432,1.16436,1.25,2.06
2018.07.19 20:52:50.589,1.1643,1.16435,2.62,3.94
2018.07.19 20:52:54.887,1.16429,1.16435,10.39,3.19
2018.07.19 20:52:55.014,1.16429,1.16434,6.56,1.62
2018.07.19 20:52:55.122,1.16427,1.16428,2.02,1.12
2018.07.19 20:52:55.227,1.16424,1.16429,1.37,2.81
2018.07.19 20:53:01.413,1.16424,1.16428,1.50,2.06
2018.07.19 20:53:03.060,1.16424,1.16428,1.37,1.12
2018.07.19 20:53:10.420,1.16423,1.16428,2.81,2.81
2018.07.19 20:53:10.990,1.16422,1.16428,7.01,2.06
2018.07.19 20:53:11.650,1.16423,1.16428,1.69,2.81
2018.07.19 20:53:12.223,1.16422,1.16428,7.39,2.06
2018.07.19 20:53:16.718,1.16423,1.16427,2.62,1.25
2018.07.19 20:53:18.521,1.16423,1.16428,2.62,4.31
2018.07.19 20:53:24.634,1.16423,1.16427,2.81,1.25
2018.07.19 20:53:30.726,1.16423,1.16428,2.62,4.31
2018.07.19 20:53:31.526,1.16423,1.16428,1.37,1.69
2018.07.19 20:53:39.772,1.16423,1.16427,1.62,1.25
2018.07.19 20:53:40.504,1.16423,1.16428,1.37,1.25
2018.07.19 20:53:41.042,1.16423,1.16427,1.62,1.25
2018.07.19 20:53:42.038,1.16423,1.16428,1.37,1.25
2018.07.19 20:53:42.815,1.16423,1.16427,1.12,1.25
2018.07.19 20:53:47.285,1.16423,1.16427,1.37,1.25
2018.07.19 20:53:52.320,1.16423,1.16426,1.50,1.00
2018.07.19 20:53:53.038,1.16424,1.16427,1.10,1.00
2018.07.19 20:53:53.762,1.16424,1.16426,1.10,1.00
2018.07.19 20:53:55.057,1.16424,1.16427,1.10,1.00
2018.07.19 20:54:00.138,1.16423,1.16428,4.57,1.00
2018.07.19 20:54:00.897,1.16423,1.16427,5.32,1.00
2018.07.19 20:54:02.781,1.16423,1.16428,2.32,1.00
2018.07.19 20:54:03.345,1.16423,1.16427,2.25,1.00
2018.07.19 20:54:03.996,1.16423,1.16428,2.25,1.50
2018.07.19 20:54:10.348,1.16423,1.16427,1.87,1.00
2018.07.19 20:54:12.228,1.16423,1.16428,1.37,1.00
2018.07.19 20:54:13.541,1.16423,1.16427,1.50,1.00
2018.07.19 20:54:15.554,1.16423,1.16427,2.62,1.00
2018.07.19 20:54:16.104,1.16423,1.16428,1.87,1.12
2018.07.19 20:54:21.678,1.16423,1.16427,6.07,1.00
2018.07.19 20:54:22.326,1.16423,1.16428,3.82,1.87
2018.07.19 20:54:37.894,1.16424,1.16425,1.00,1.50
2018.07.19 20:54:38.105,1.16418,1.16422,1.00,8.92
2018.07.19 20:54:38.833,1.16418,1.16423,1.10,1.12
2018.07.19 20:54:39.492,1.16418,1.16422,3.07,1.00
2018.07.19 20:54:40.500,1.16418,1.16422,3.45,1.00
2018.07.19 20:54:44.507,1.16418,1.16423,2.32,1.00
2018.07.19 20:54:45.053,1.16418,1.16422,7.57,1.00
2018.07.19 20:54:45.853,1.16418,1.16423,5.32,1.00
2018.07.19 20:54:47.063,1.16419,1.16424,4.50,2.62
2018.07.19 20:54:50.613,1.16419,1.16423,1.57,1.00
2018.07.19 20:54:54.605,1.16419,1.16423,1.57,1.00
2018.07.19 20:54:57.645,1.16419,1.16422,5.32,1.00
2018.07.19 20:55:00.074,1.1642,1.16425,1.07,1.31
2018.07.19 20:55:00.640,1.16419,1.16425,1.82,5.44
2018.07.19 20:55:01.423,1.16419,1.16425,1.45,7.50
2018.07.19 20:55:02.873,1.1642,1.16424,1.07,2.06
2018.07.19 20:55:03.419,1.16418,1.16423,3.26,1.19
2018.07.19 20:55:04.041,1.16418,1.16424,1.12,1.56
2018.07.19 20:55:04.751,1.16418,1.16424,2.06,1.56
2018.07.19 20:55:05.407,1.16417,1.16423,2.32,3.19
2018.07.19 20:55:05.978,1.16416,1.16423,2.81,4.12
2018.07.19 20:55:06.631,1.16416,1.16423,1.87,2.44
2018.07.19 20:55:06.735,1.16416,1.1642,1.69,1.62
2018.07.19 20:55:07.047,1.16412,1.16419,4.39,1.69
2018.07.19 20:55:07.939,1.16413,1.1642,3.19,4.69
2018.07.19 20:55:08.502,1.16413,1.16419,1.50,1.62
2018.07.19 20:55:09.078,1.16413,1.1642,1.87,1.69
2018.07.19 20:55:09.730,1.16413,1.1642,2.81,3.19
2018.07.19 20:55:10.387,1.16413,1.1642,1.87,2.44
2018.07.19 20:55:11.550,1.16413,1.16421,5.62,7.16
2018.07.19 20:55:12.659,1.16416,1.16422,2.62,1.31
2018.07.19 20:55:12.960,1.16418,1.16423,2.51,2.06
2018.07.19 20:55:13.508,1.16418,1.16423,1.07,3.56
2018.07.19 20:55:17.141,1.16418,1.16423,1.07,1.69
2018.07.19 20:55:23.287,1.16419,1.16425,2.14,6.19
2018.07.19 20:55:23.635,1.16418,1.16423,3.64,1.69
2018.07.19 20:55:24.241,1.16418,1.16422,1.10,1.56
2018.07.19 20:55:32.711,1.16415,1.1642,1.57,1.87
2018.07.19 20:55:33.420,1.16414,1.16419,3.45,1.25
2018.07.19 20:55:35.417,1.16413,1.16419,3.64,1.56
2018.07.19 20:55:36.049,1.16414,1.16418,1.76,1.31
2018.07.19 20:55:36.393,1.16414,1.16421,1.70,5.06
2018.07.19 20:55:37.041,1.16415,1.16421,1.95,5.06
2018.07.19 20:55:37.727,1.16416,1.1642,1.50,3.56
2018.07.19 20:55:38.371,1.16415,1.16421,1.95,3.19
2018.07.19 20:55:39.308,1.16415,1.1642,1.45,1.31
2018.07.19 20:55:39.857,1.16415,1.1642,1.20,1.31
2018.07.19 20:55:40.417,1.16415,1.1642,1.07,2.81
2018.07.19 20:55:44.519,1.16415,1.16421,1.95,3.19
2018.07.19 20:55:44.702,1.16415,1.16421,2.32,3.19
2018.07.19 20:55:44.805,1.16414,1.16421,2.70,9.37
2018.07.19 20:55:45.330,1.16415,1.1642,1.95,2.81
2018.07.19 20:55:48.017,1.16416,1.1642,1.00,1.31
2018.07.19 20:55:48.567,1.16416,1.1642,1.00,1.87
2018.07.19 20:55:49.323,1.16415,1.1642,1.95,3.19
2018.07.19 20:55:54.483,1.16414,1.1642,2.70,1.19
2018.07.19 20:55:57.495,1.16414,1.1642,1.95,5.06
2018.07.19 20:55:59.836,1.16414,1.1642,2.32,6.19
2018.07.19 20:56:01.172,1.16414,1.16419,1.07,2.81
2018.07.19 20:56:01.722,1.16414,1.16419,1.95,2.62
2018.07.19 20:56:02.576,1.16416,1.16419,1.00,2.81
2018.07.19 20:56:07.574,1.16415,1.16419,1.10,1.31
2018.07.19 20:56:08.233,1.16416,1.16419,1.00,1.19
2018.07.19 20:56:08.743,1.16415,1.1642,1.10,3.19
2018.07.19 20:56:09.744,1.16416,1.1642,1.00,3.56
2018.07.19 20:56:10.795,1.16415,1.1642,1.00,3.56
2018.07.19 20:56:12.094,1.1641,1.16415,2.02,2.25
2018.07.19 20:56:12.302,1.1641,1.16415,1.57,1.31
2018.07.19 20:56:12.500,1.1641,1.16416,2.32,1.50
2018.07.19 20:56:13.310,1.16409,1.16416,1.76,1.19
2018.07.19 20:56:14.045,1.1641,1.16416,1.39,2.44
2018.07.19 20:56:14.488,1.16412,1.16417,1.25,3.19
2018.07.19 20:56:14.679,1.16413,1.16419,1.12,3.00
2018.07.19 20:56:15.188,1.16414,1.1642,1.10,3.56
2018.07.19 20:56:20.901,1.16414,1.16419,1.20,1.19
2018.07.19 20:56:21.007,1.16417,1.16423,1.57,2.17
2018.07.19 20:56:21.139,1.16421,1.16424,2.62,1.00
2018.07.19 20:56:21.191,1.16421,1.16426,3.07,2.62
2018.07.19 20:56:21.245,1.16421,1.16428,3.07,3.37
2018.07.19 20:56:21.298,1.16421,1.16428,3.71,2.81
2018.07.19 20:56:21.528,1.16417,1.16423,3.00,1.00
2018.07.19 20:56:22.043,1.16418,1.16424,3.26,2.44
2018.07.19 20:56:23.697,1.16419,1.16424,1.47,4.31
2018.07.19 20:56:23.855,1.16417,1.16424,1.45,4.31
2018.07.19 20:56:24.373,1.16417,1.16423,1.76,1.19
2018.07.19 20:56:27.359,1.16417,1.16423,2.89,1.19
2018.07.19 20:56:31.084,1.16418,1.16423,1.57,1.69
2018.07.19 20:56:31.725,1.16418,1.16423,1.57,1.69
2018.07.19 20:56:32.237,1.16418,1.16423,1.57,2.44
2018.07.19 20:56:33.122,1.16414,1.16421,4.39,1.56
2018.07.19 20:56:33.401,1.16414,1.1642,2.89,2.06
2018.07.19 20:56:33.962,1.16413,1.1642,4.39,1.31
2018.07.19 20:56:38.599,1.16414,1.16421,1.39,2.62
2018.07.19 20:56:39.347,1.16415,1.16421,1.57,2.06
2018.07.19 20:56:39.572,1.16414,1.1642,4.39,1.69
2018.07.19 20:56:40.491,1.16415,1.16421,1.76,1.19
2018.07.19 20:56:40.638,1.16415,1.16422,1.07,3.19
2018.07.19 20:56:40.820,1.16414,1.1642,1.95,2.81
2018.07.19 20:56:40.925,1.16413,1.1642,3.64,2.81
2018.07.19 20:56:41.453,1.16414,1.1642,1.39,2.81
2018.07.19 20:56:43.504,1.16414,1.1642,1.39,3.56
2018.07.19 20:56:44.039,1.16414,1.1642,1.01,3.56
2018.07.19 20:56:45.765,1.16413,1.1642,5.14,2.81
2018.07.19 20:56:47.237,1.16414,1.1642,1.87,1.00
2018.07.19 20:56:47.393,1.16414,1.16419,1.31,1.19
2018.07.19 20:56:48.092,1.16413,1.16419,2.25,1.25
2018.07.19 20:56:48.904,1.16413,1.16418,1.37,1.00
2018.07.19 20:56:50.094,1.16412,1.16419,3.94,3.56
2018.07.19 20:56:51.388,1.16413,1.16419,1.56,5.81
2018.07.19 20:56:51.493,1.16412,1.16419,4.87,1.87
2018.07.19 20:56:57.067,1.16413,1.16419,1.31,2.81
2018.07.19 20:57:01.043,1.16412,1.16418,5.62,1.00
2018.07.19 20:57:01.819,1.16412,1.16419,4.87,2.81
2018.07.19 20:57:05.935,1.16412,1.16419,3.94,1.12
2018.07.19 20:57:06.680,1.16414,1.16419,1.62,1.31
2018.07.19 20:57:07.166,1.16412,1.16419,5.62,1.12
2018.07.19 20:57:07.915,1.16412,1.16419,4.87,1.31
2018.07.19 20:57:08.579,1.16412,1.16419,6.75,1.56
2018.07.19 20:57:09.098,1.16412,1.16418,1.12,2.06
2018.07.19 20:57:09.318,1.16413,1.16419,2.06,2.62
2018.07.19 20:57:09.909,1.16413,1.16419,2.44,1.87
2018.07.19 20:57:10.443,1.16415,1.1642,1.50,1.80
2018.07.19 20:57:11.042,1.16415,1.16421,1.50,2.89
2018.07.19 20:57:11.596,1.16413,1.1642,3.94,3.56
2018.07.19 20:57:12.339,1.16413,1.1642,3.19,2.81
2018.07.19 20:57:12.941,1.16413,1.1642,2.81,2.81
2018.07.19 20:57:13.488,1.16413,1.1642,1.31,5.81
2018.07.19 20:57:14.280,1.16413,1.1642,1.31,6.86
2018.07.19 20:57:14.819,1.16413,1.16419,1.12,1.21
2018.07.19 20:57:15.153,1.16411,1.16418,2.06,1.69
2018.07.19 20:57:16.419,1.16411,1.16418,2.06,2.07
2018.07.19 20:57:17.647,1.1641,1.16418,6.26,1.19
2018.07.19 20:57:19.344,1.16411,1.16417,1.50,2.06
2018.07.19 20:57:22.915,1.1641,1.16417,2.14,1.69
2018.07.19 20:57:23.535,1.16409,1.16417,7.95,1.69
2018.07.19 20:57:24.038,1.16409,1.16417,5.70,1.00
2018.07.19 20:57:27.777,1.1641,1.16418,1.25,5.14
2018.07.19 20:57:28.093,1.16409,1.16416,3.19,1.69
2018.07.19 20:57:28.870,1.16409,1.16416,1.25,2.26
2018.07.19 20:57:30.760,1.16409,1.16416,1.25,2.81
2018.07.19 20:57:31.510,1.16409,1.16416,1.19,3.56
2018.07.19 20:57:32.042,1.16409,1.16416,1.69,4.31
2018.07.19 20:57:32.839,1.16411,1.16416,1.00,2.06
2018.07.19 20:57:36.732,1.16408,1.16415,2.44,2.81
2018.07.19 20:57:36.784,1.16408,1.16415,2.44,2.81
2018.07.19 20:57:37.248,1.16408,1.16412,2.44,1.50
2018.07.19 20:57:37.355,1.16408,1.16414,1.87,2.06
2018.07.19 20:57:37.860,1.16408,1.16414,1.50,3.57
2018.07.19 20:57:38.833,1.16408,1.16414,1.50,5.44
2018.07.19 20:57:39.349,1.16407,1.16413,2.62,2.81
2018.07.19 20:57:40.565,1.16411,1.16416,1.31,1.95
2018.07.19 20:57:40.877,1.16408,1.16414,5.62,1.50
2018.07.19 20:57:40.929,1.16408,1.16414,1.00,2.06
2018.07.19 20:57:41.476,1.16407,1.16414,6.19,1.20
2018.07.19 20:57:42.094,1.16407,1.16414,1.69,1.31
2018.07.19 20:57:42.531,1.16407,1.16414,1.25,1.20
2018.07.19 20:57:43.061,1.16407,1.16415,1.19,5.07
2018.07.19 20:57:44.792,1.16407,1.16415,1.25,5.82
2018.07.19 20:57:47.544,1.16407,1.16413,2.25,3.56
2018.07.19 20:57:47.869,1.16407,1.16413,2.44,2.25
2018.07.19 20:57:47.973,1.16407,1.16413,2.44,2.25
2018.07.19 20:57:51.343,1.16406,1.16413,3.19,2.81
2018.07.19 20:57:54.218,1.16406,1.16413,2.44,3.38
2018.07.19 20:57:55.043,1.16406,1.16413,4.69,2.44
2018.07.19 20:57:56.089,1.16406,1.16413,1.69,3.38
2018.07.19 20:57:57.327,1.16406,1.16413,4.12,3.27
2018.07.19 20:57:57.636,1.16413,1.16415,1.50,4.95
2018.07.19 20:57:57.689,1.16432,1.16436,1.00,3.45
2018.07.19 20:57:57.793,1.16433,1.16439,2.25,2.07
2018.07.19 20:57:57.852,1.16433,1.16439,1.50,1.00
2018.07.19 20:57:58.365,1.16437,1.16439,1.00,1.87
2018.07.19 20:57:58.469,1.16432,1.16439,1.50,1.87
2018.07.19 20:57:59.196,1.16432,1.1644,2.06,2.44
2018.07.19 20:57:59.703,1.16431,1.16439,6.11,1.31
2018.07.19 20:58:00.224,1.1643,1.16434,2.32,1.50
2018.07.19 20:58:00.275,1.16428,1.16434,1.69,1.87
2018.07.19 20:58:00.469,1.16426,1.16433,2.32,1.19
2018.07.19 20:58:01.043,1.16426,1.16434,2.06,2.25
2018.07.19 20:58:02.124,1.16427,1.16433,1.56,1.00
2018.07.19 20:58:02.433,1.16417,1.16426,6.19,3.38
2018.07.19 20:58:02.485,1.16418,1.16421,1.19,4.12
2018.07.19 20:58:02.537,1.16418,1.1642,1.00,1.37
2018.07.19 20:58:02.767,1.16413,1.1642,1.81,1.38
2018.07.19 20:58:02.900,1.16412,1.1642,4.31,1.80
2018.07.19 20:58:03.257,1.1642,1.16421,1.50,3.11
2018.07.19 20:58:03.308,1.16422,1.16427,1.09,1.00
2018.07.19 20:58:03.444,1.16429,1.16434,1.12,3.67
2018.07.19 20:58:03.504,1.16435,1.16439,1.12,2.62
2018.07.19 20:58:03.663,1.16434,1.16443,2.06,2.63
2018.07.19 20:58:03.716,1.16434,1.16438,2.25,1.00
2018.07.19 20:58:03.770,1.16434,1.16441,2.26,1.00
2018.07.19 20:58:03.992,1.16436,1.16444,1.37,1.69
2018.07.19 20:58:04.508,1.16434,1.16442,6.37,3.46
2018.07.19 20:58:04.725,1.1643,1.1644,3.45,2.25
2018.07.19 20:58:05.228,1.16434,1.16442,1.95,2.25
2018.07.19 20:58:05.912,1.16433,1.16441,1.87,2.63
2018.07.19 20:58:06.544,1.16433,1.16441,2.25,2.44
2018.07.19 20:58:06.596,1.16433,1.16438,1.87,1.00
2018.07.19 20:58:06.701,1.1643,1.16431,3.00,1.50
2018.07.19 20:58:06.808,1.1643,1.16435,1.00,1.12
2018.07.19 20:58:06.913,1.16431,1.16437,1.00,1.00
2018.07.19 20:58:07.565,1.1643,1.16436,2.25,1.50
2018.07.19 20:58:07.944,1.16429,1.16433,1.57,1.50
2018.07.19 20:58:08.490,1.16426,1.16432,2.44,1.50
2018.07.19 20:58:08.698,1.16424,1.16431,1.37,3.57
2018.07.19 20:58:08.750,1.16424,1.1643,1.00,1.00
2018.07.19 20:58:09.274,1.16423,1.16431,1.50,5.44
2018.07.19 20:58:09.873,1.16423,1.1643,1.44,1.38
2018.07.19 20:58:10.509,1.16423,1.1643,1.50,3.00
2018.07.19 20:58:12.325,1.16423,1.16428,1.12,1.50
2018.07.19 20:58:13.962,1.16422,1.16428,3.94,1.50
2018.07.19 20:58:15.068,1.16423,1.16428,1.00,1.50
2018.07.19 20:58:15.254,1.16425,1.16428,1.00,1.50
2018.07.19 20:58:15.768,1.16424,1.1643,3.75,1.37
2018.07.19 20:58:16.461,1.16423,1.16429,1.66,1.87
2018.07.19 20:58:16.789,1.16426,1.16431,1.00,3.37
2018.07.19 20:58:19.416,1.16426,1.16433,3.19,3.37
2018.07.19 20:58:21.633,1.16427,1.16433,1.00,1.50
2018.07.19 20:58:21.797,1.16427,1.16433,5.25,1.50
2018.07.19 20:58:22.945,1.16428,1.16431,1.31,2.25
2018.07.19 20:58:22.999,1.16426,1.16432,4.12,1.50
2018.07.19 20:58:23.107,1.16427,1.16433,2.25,2.62
2018.07.19 20:58:27.026,1.16427,1.1643,1.95,1.00
2018.07.19 20:58:27.132,1.16422,1.16432,3.19,4.88
2018.07.19 20:58:27.185,1.16423,1.16432,1.00,6.01
2018.07.19 20:58:27.289,1.16421,1.16427,1.57,1.50
2018.07.19 20:58:27.895,1.16418,1.16423,1.37,1.32
2018.07.19 20:58:28.416,1.16417,1.16423,2.44,1.00
2018.07.19 20:58:30.203,1.16417,1.16423,1.87,1.12
2018.07.19 20:58:30.813,1.16417,1.16425,1.31,2.25
2018.07.19 20:58:31.473,1.16419,1.16425,1.50,1.50
2018.07.19 20:58:32.104,1.16417,1.16425,3.56,1.50
2018.07.19 20:58:32.794,1.16419,1.16426,1.69,1.87
2018.07.19 20:58:36.265,1.16418,1.16426,2.06,4.13
2018.07.19 20:58:37.045,1.16418,1.16426,2.81,3.56
2018.07.19 20:58:37.745,1.16417,1.16425,6.19,2.25
2018.07.19 20:58:38.537,1.16419,1.16425,1.19,1.62
2018.07.19 20:58:38.589,1.16419,1.16426,1.00,4.69
2018.07.19 20:58:56.301,1.16416,1.1642,1.50,1.50
2018.07.19 20:58:56.353,1.16416,1.16422,1.13,2.62
2018.07.19 20:58:56.448,1.16419,1.16423,1.50,3.00
2018.07.19 20:58:56.500,1.16419,1.16425,2.06,1.87
2018.07.19 20:58:57.010,1.16419,1.16425,3.19,1.50
2018.07.19 20:58:58.204,1.1642,1.16427,1.50,3.94
2018.07.19 20:58:58.886,1.1642,1.16427,1.50,3.76
2018.07.19 20:59:00.410,1.1642,1.16427,1.50,3.57
2018.07.19 20:59:02.090,1.16418,1.16427,3.75,4.87
2018.07.19 20:59:02.984,1.1642,1.16425,0.75,0.37
2018.07.19 20:59:03.613,1.16418,1.16425,0.37,0.37
2018.07.19 20:59:05.875,1.1642,1.16426,0.37,0.75
2018.07.19 20:59:06.380,1.16419,1.16425,2.25,1.87
2018.07.19 20:59:07.297,1.16421,1.16425,0.37,0.37
2018.07.19 20:59:18.467,1.16421,1.16424,0.37,0.37
2018.07.19 20:59:19.011,1.1642,1.16424,0.37,0.37
2018.07.19 20:59:28.435,1.16419,1.16424,0.37,0.37
2018.07.19 20:59:30.681,1.16416,1.16423,1.12,1.87
2018.07.19 20:59:30.733,1.16414,1.16421,1.87,0.75
2018.07.19 20:59:32.777,1.16415,1.1642,0.37,0.37
2018.07.19 20:59:34.742,1.16414,1.16421,0.37,0.75
2018.07.19 20:59:36.682,1.16414,1.16419,0.37,0.37
2018.07.19 20:59:37.419,1.16414,1.16415,0.37,0.75
2018.07.19 20:59:37.471,1.1641,1.16418,2.07,0.37
2018.07.19 20:59:37.629,1.16409,1.16414,2.62,0.37
2018.07.19 20:59:41.158,1.16409,1.16415,0.37,0.75
2018.07.19 20:59:45.069,1.16407,1.16414,2.62,0.37
2018.07.19 20:59:45.121,1.16409,1.16423,2.25,0.37
2018.07.19 20:59:45.173,1.16409,1.16421,0.37,0.37
2018.07.19 20:59:47.064,1.16411,1.16421,0.75,0.37
2018.07.19 20:59:47.800,1.16409,1.16421,1.12,0.37
2018.07.19 20:59:48.313,1.1641,1.1642,0.37,0.37
2018.07.19 20:59:50.205,1.16411,1.16419,0.37,0.37
2018.07.19 20:59:50.688,1.16413,1.16421,0.37,0.37
2018.07.19 20:59:51.833,1.16414,1.1642,0.37,0.37
2018.07.19 20:59:53.290,1.16415,1.16421,0.37,0.37
2018.07.19 20:59:54.532,1.1641,1.1642,0.37,0.37
2018.07.19 20:59:56.089,1.16411,1.16423,0.37,0.37
2018.07.19 20:59:56.143,1.16414,1.16426,0.37,0.37
2018.07.19 20:59:56.196,1.16418,1.16434,0.37,0.37
2018.07.19 20:59:58.298,1.16418,1.16433,0.37,0.37
2018.07.19 20:59:59.102,1.16419,1.16435,0.37,0.37
2018.07.19 20:59:59.155,1.1642,1.16437,0.37,0.37
2018.07.19 20:59:59.206,1.16418,1.16436,0.37,0.37
2018.07.19 20:59:59.260,1.16413,1.16429,0.37,0.75
2018.07.19 20:59:59.561,1.1641,1.16425,0.37,0.37
2018.07.19 20:59:59.882,1.16412,1.16424,0.37,0.37
