2007.10.11 22:00:05.471,1.41984,1.42,1.20,4.80
2007.10.11 22:00:06.078,1.41987,1.42002,7.20,1.00
2007.10.11 22:00:06.155,1.41991,1.42001,7.50,5.40
2007.10.11 22:00:06.231,1.41987,1.42002,4.20,12.00
2007.10.11 22:00:06.307,1.41986,1.42001,8.40,3.10
2007.10.11 22:00:06.383,1.41983,1.41998,6.60,11.70
2007.10.11 22:00:06.615,1.4198,1.41995,4.80,11.80
2007.10.11 22:00:08.591,1.4198,1.41995,1.20,10.20
2007.10.11 22:00:09.084,1.41979,1.41994,7.80,2.40
2007.10.11 22:00:09.266,1.41982,1.41992,15.00,7.20
2007.10.11 22:00:09.322,1.41984,1.41994,4.80,17.20
2007.10.11 22:00:10.593,1.41983,1.41998,4.20,2.40
2007.10.11 22:00:10.791,1.41984,1.41999,3.60,3.00
2007.10.11 22:00:10.986,1.41985,1.42,18.00,4.80
2007.10.11 22:00:11.515,1.41987,1.42002,8.40,8.40
2007.10.11 22:00:11.709,1.41983,1.42007,8.40,8.40
2007.10.11 22:00:11.779,1.41989,1.42004,7.80,9.60
2007.10.11 22:00:12.043,1.41991,1.42005,16.20,14.40
2007.10.11 22:00:13.366,1.4199,1.42005,21.00,1.00
2007.10.11 22:00:14.587,1.41989,1.42003,1.80,6.60
2007.10.11 22:00:14.679,1.41989,1.42003,2.40,13.20
2007.10.11 22:00:14.956,1.41991,1.42001,8.70,2.40
2007.10.11 22:00:15.051,1.41993,1.42003,4.80,11.10
2007.10.11 22:00:15.234,1.41987,1.42007,5.40,10.80
2007.10.11 22:00:15.396,1.41988,1.42003,4.80,1.00
2007.10.11 22:00:15.607,1.41988,1.42003,7.80,11.70
2007.10.11 22:00:15.791,1.41992,1.42002,7.80,7.20
2007.10.11 22:00:16.162,1.41994,1.42009,4.80,24.70
2007.10.11 22:00:16.522,1.42,1.4202,6.00,1.80
2007.10.11 22:00:16.695,1.42011,1.42026,8.20,2.70
2007.10.11 22:00:16.867,1.42017,1.42027,3.60,2.40
2007.10.11 22:00:18.626,1.42012,1.42026,1.00,6.00
2007.10.11 22:00:19.087,1.42008,1.42018,10.20,1.80
2007.10.11 22:00:19.186,1.42001,1.42011,5.40,1.20
2007.10.11 22:00:19.305,1.41997,1.42007,6.60,5.40
2007.10.11 22:00:19.917,1.4199,1.42005,3.00,3.00
2007.10.11 22:00:20.572,1.41983,1.42008,6.00,1.80
2007.10.11 22:00:24.223,1.41987,1.42002,3.60,4.20
2007.10.11 22:00:24.315,1.41987,1.42002,6.60,3.00
2007.10.11 22:00:24.407,1.41983,1.42003,8.40,7.20
2007.10.11 22:00:24.500,1.41984,1.42004,3.40,1.00
2007.10.11 22:00:25.142,1.41985,1.42005,2.40,18.60
2007.10.11 22:00:25.347,1.41984,1.42004,8.40,7.20
2007.10.11 22:00:25.591,1.41984,1.42004,7.20,3.00
2007.10.11 22:00:27.084,1.41986,1.42001,7.80,3.00
2007.10.11 22:00:28.117,1.41983,1.42003,26.00,2.40
2007.10.11 22:00:28.332,1.41988,1.41998,1.80,3.90
2007.10.11 22:00:28.550,1.41984,1.41999,10.20,12.00
2007.10.11 22:00:28.766,1.41982,1.42002,34.60,2.40
2007.10.11 22:00:28.982,1.41984,1.42004,6.60,11.70
2007.10.11 22:00:29.262,1.41984,1.42004,21.90,2.40
2007.10.11 22:00:32.078,1.41988,1.42003,2.40,6.60
2007.10.11 22:00:32.422,1.41991,1.42001,9.00,15.40
2007.10.11 22:00:38.678,1.4199,1.42,5.40,6.00
2007.10.11 22:00:38.895,1.41985,1.41995,10.40,4.80
2007.10.11 22:00:38.970,1.41974,1.41989,6.90,8.40
2007.10.11 22:00:39.031,1.41964,1.4198,2.40,1.20
2007.10.11 22:00:39.191,1.41964,1.41968,6.00,4.20
2007.10.11 22:00:41.386,1.41958,1.41978,12.00,2.40
2007.10.11 22:00:43.352,1.41966,1.41976,3.60,18.10
2007.10.11 22:00:43.436,1.41963,1.41983,5.40,2.40
2007.10.11 22:00:43.607,1.41967,1.41987,6.00,17.40
2007.10.11 22:00:45.126,1.41975,1.4199,11.60,5.50
2007.10.11 22:00:45.532,1.41977,1.41997,3.00,7.20
2007.10.11 22:00:47.523,1.41988,1.41998,15.00,15.60
2007.10.11 22:00:47.810,1.41994,1.42004,6.00,4.80
2007.10.11 22:00:48.095,1.41995,1.42011,6.00,13.00
2007.10.11 22:00:48.278,1.41993,1.42013,8.40,2.40
2007.10.11 22:00:48.462,1.41994,1.42014,11.40,2.40
2007.10.11 22:00:48.537,1.4199,1.42016,4.80,12.00
2007.10.11 22:00:50.004,1.41997,1.42007,2.40,3.60
2007.10.11 22:00:50.193,1.41995,1.42005,4.20,2.40
2007.10.11 22:00:50.437,1.4199,1.42005,9.60,10.80
2007.10.11 22:00:50.682,1.41986,1.42006,10.80,2.40
2007.10.11 22:00:51.166,1.41991,1.42001,2.40,1.20
2007.10.11 22:00:51.362,1.41989,1.41999,2.40,19.90
2007.10.11 22:00:51.558,1.41988,1.41998,3.60,8.40
2007.10.11 22:00:51.751,1.41987,1.41997,4.80,13.80
2007.10.11 22:00:51.942,1.41984,1.41999,5.40,8.40
2007.10.11 22:00:52.137,1.41983,1.42003,2.40,12.10
2007.10.11 22:00:52.333,1.41989,1.41999,12.60,7.80
2007.10.11 22:00:52.486,1.41986,1.42006,2.40,2.70
2007.10.11 22:00:53.188,1.41988,1.42008,4.80,6.10
2007.10.11 22:00:53.405,1.41987,1.42012,2.40,1.20
2007.10.11 22:00:53.620,1.41986,1.42016,14.40,17.60
2007.10.11 22:00:57.828,1.41988,1.42012,1.00,2.50
2007.10.11 22:01:05.435,1.41984,1.42,10.20,4.80
2007.10.11 22:01:05.577,1.41986,1.42006,21.00,12.60
2007.10.11 22:01:05.775,1.4199,1.4201,32.40,4.80
2007.10.11 22:01:06.116,1.41995,1.4201,4.80,6.88
2007.10.11 22:01:06.735,1.41998,1.42013,22.80,9.00
2007.10.11 22:01:06.780,1.42,1.42015,7.20,5.40
2007.10.11 22:01:06.949,1.42,1.42015,15.00,4.50
2007.10.11 22:01:07.121,1.42004,1.42009,16.80,15.40
2007.10.11 22:01:07.279,1.42002,1.42007,2.40,4.60
2007.10.11 22:01:07.341,1.41998,1.42003,2.40,21.60
2007.10.11 22:01:08.646,1.41992,1.42002,2.40,3.30
2007.10.11 22:01:11.363,1.41992,1.42002,2.40,1.20
2007.10.11 22:01:11.702,1.41991,1.42006,15.00,7.20
2007.10.11 22:01:12.044,1.4199,1.4201,10.20,4.80
2007.10.11 22:01:12.160,1.41991,1.42011,7.20,4.80
2007.10.11 22:01:12.276,1.41993,1.42013,5.40,8.40
2007.10.11 22:01:12.616,1.41994,1.42014,4.80,12.60
2007.10.11 22:01:12.732,1.41999,1.42009,15.00,1.00
2007.10.11 22:01:13.313,1.41991,1.42015,14.40,2.40
2007.10.11 22:01:13.829,1.41992,1.42012,13.20,4.80
2007.10.11 22:01:17.568,1.41999,1.42009,7.20,1.20
2007.10.11 22:01:17.716,1.41995,1.42019,6.60,1.00
2007.10.11 22:01:20.496,1.42008,1.42018,2.40,11.50
2007.10.11 22:01:28.176,1.42015,1.42025,9.60,6.00
2007.10.11 22:01:28.324,1.42014,1.42024,7.80,4.80
2007.10.11 22:01:28.472,1.42004,1.42019,8.40,1.00
2007.10.11 22:01:28.628,1.41993,1.42013,1.20,12.60
2007.10.11 22:01:28.768,1.41987,1.42007,3.00,16.00
2007.10.11 22:01:28.910,1.41984,1.42004,1.20,4.20
2007.10.11 22:01:29.056,1.41983,1.42003,5.40,8.40
2007.10.11 22:01:29.201,1.41981,1.42001,21.60,4.80
2007.10.11 22:01:31.427,1.41979,1.41999,4.80,2.40
2007.10.11 22:01:31.696,1.4198,1.41995,13.20,8.40
2007.10.11 22:01:31.964,1.41981,1.41991,3.00,16.00
2007.10.11 22:01:33.452,1.41984,1.41994,6.00,5.80
2007.10.11 22:01:33.624,1.41985,1.41995,3.00,1.00
2007.10.11 22:01:33.711,1.41988,1.41998,2.40,7.20
2007.10.11 22:01:34.047,1.41989,1.42005,12.00,12.00
2007.10.11 22:01:34.133,1.41988,1.42008,2.40,6.00
2007.10.11 22:01:34.226,1.41986,1.42006,8.40,1.80
2007.10.11 22:01:34.313,1.41979,1.41999,11.40,2.40
2007.10.11 22:01:36.185,1.41972,1.41992,9.60,3.00
2007.10.11 22:01:43.394,1.41969,1.41989,1.20,3.00
2007.10.11 22:01:43.576,1.41974,1.41994,9.00,4.20
2007.10.11 22:01:43.748,1.41976,1.42002,1.20,9.00
2007.10.11 22:01:43.923,1.41981,1.42007,9.00,1.20
2007.10.11 22:01:44.196,1.41981,1.42011,10.20,4.80
2007.10.11 22:01:44.397,1.41983,1.42013,4.80,6.60
2007.10.11 22:01:44.496,1.41987,1.42007,12.60,1.20
2007.10.11 22:01:44.599,1.41984,1.42004,1.20,2.40
2007.10.11 22:01:44.702,1.41986,1.42001,10.20,11.20
2007.10.11 22:01:44.804,1.41984,1.41999,9.60,4.80
2007.10.11 22:01:45.995,1.41988,1.41998,1.00,4.40
2007.10.11 22:01:46.196,1.41985,1.42005,12.60,8.40
2007.10.11 22:01:46.395,1.41988,1.42008,5.40,4.80
2007.10.11 22:01:48.959,1.41989,1.42009,2.40,11.20
2007.10.11 22:01:49.419,1.4199,1.4201,2.40,1.60
2007.10.11 22:01:55.776,1.4199,1.4201,3.00,11.50
2007.10.11 22:01:57.813,1.4199,1.4201,6.00,7.90
2007.10.11 22:01:58.378,1.41988,1.42008,3.00,1.00
2007.10.11 22:01:58.476,1.41993,1.42003,6.00,3.30
2007.10.11 22:01:58.940,1.41994,1.42004,11.40,4.80
2007.10.11 22:01:59.032,1.4199,1.4201,4.40,9.20
2007.10.11 22:02:02.623,1.41969,1.41995,18.30,15.60
2007.10.11 22:02:03.370,1.41967,1.41997,3.60,2.40
2007.10.11 22:02:03.547,1.41966,1.42001,5.40,12.00
2007.10.11 22:02:03.690,1.41975,1.41995,4.80,2.40
2007.10.11 22:02:03.758,1.41982,1.41987,2.40,11.20
2007.10.11 22:02:03.851,1.41978,1.41993,4.80,2.10
2007.10.11 22:02:04.079,1.41978,1.41993,4.80,24.70
2007.10.11 22:02:05.035,1.41974,1.41999,6.00,13.30
2007.10.11 22:02:05.195,1.41978,1.41998,13.20,7.20
2007.10.11 22:02:05.354,1.41985,1.41995,2.40,2.40
2007.10.11 22:02:05.513,1.41988,1.41998,2.40,8.80
2007.10.11 22:02:05.828,1.41996,1.42001,11.40,2.40
2007.10.11 22:02:06.939,1.42002,1.42012,4.80,11.70
2007.10.11 22:02:07.135,1.42006,1.42016,6.60,5.50
2007.10.11 22:02:07.523,1.42002,1.42012,4.80,3.40
2007.10.11 22:02:08.759,1.41995,1.42005,11.00,26.40
2007.10.11 22:02:08.893,1.41986,1.42,2.40,2.40
2007.10.11 22:02:09.027,1.41979,1.41999,6.00,2.40
2007.10.11 22:02:09.180,1.41976,1.41996,22.80,10.20
2007.10.11 22:02:11.416,1.41975,1.41995,8.40,4.20
2007.10.11 22:02:11.717,1.41975,1.41995,10.00,4.80
2007.10.11 22:02:14.014,1.41982,1.41992,20.00,2.40
2007.10.11 22:02:14.882,1.41983,1.41998,3.00,9.90
2007.10.11 22:02:15.158,1.41983,1.41998,21.40,4.80
2007.10.11 22:02:15.435,1.41979,1.42005,4.80,16.30
2007.10.11 22:02:15.909,1.41984,1.41994,36.00,4.80
2007.10.11 22:02:16.113,1.4198,1.4199,3.00,4.80
2007.10.11 22:02:16.347,1.41969,1.41989,3.00,4.80
2007.10.11 22:02:17.098,1.41963,1.41989,1.20,18.10
2007.10.11 22:02:17.330,1.41966,1.4199,40.50,3.60
2007.10.11 22:02:42.954,1.41971,1.41995,2.40,11.40
2007.10.11 22:02:43.069,1.41974,1.42,3.60,3.20
2007.10.11 22:02:43.186,1.41983,1.41998,22.20,10.20
2007.10.11 22:02:43.411,1.41979,1.42003,1.20,4.80
2007.10.11 22:02:43.529,1.41982,1.42002,8.00,28.30
2007.10.11 22:02:43.645,1.41982,1.41998,6.60,8.70
2007.10.11 22:02:45.637,1.4198,1.41996,3.60,6.90
2007.10.11 22:02:47.135,1.41977,1.41997,15.90,11.20
2007.10.11 22:02:47.243,1.41973,1.41998,7.20,3.00
2007.10.11 22:02:47.351,1.41974,1.41999,2.40,2.10
2007.10.11 22:02:48.418,1.41977,1.42002,10.20,12.00
2007.10.11 22:02:48.822,1.4198,1.42005,11.40,4.80
2007.10.11 22:02:48.925,1.4198,1.42005,7.20,12.70
2007.10.11 22:02:49.030,1.4198,1.42,1.00,7.20
2007.10.11 22:02:49.291,1.41976,1.41996,12.60,7.80
2007.10.11 22:02:55.177,1.41972,1.41996,16.20,1.20
2007.10.11 22:03:08.593,1.41999,1.42015,11.40,3.00
2007.10.11 22:03:08.741,1.41996,1.42011,7.80,8.40
2007.10.11 22:03:14.477,1.41988,1.42008,6.60,5.30
2007.10.11 22:03:17.133,1.41986,1.42001,3.00,16.00
2007.10.11 22:03:17.470,1.41983,1.41998,7.80,6.60
2007.10.11 22:03:20.185,1.41981,1.41996,4.80,1.67
2007.10.11 22:03:20.555,1.41982,1.41992,1.20,2.40
2007.10.11 22:03:20.743,1.41983,1.41993,6.00,13.20
2007.10.11 22:03:20.931,1.41976,1.41996,1.20,18.10
2007.10.11 22:03:21.131,1.41975,1.41995,4.30,4.80
2007.10.11 22:03:21.330,1.41977,1.41992,10.20,4.80
2007.10.11 22:03:21.951,1.41978,1.41993,4.80,1.00
2007.10.11 22:03:23.729,1.41979,1.41995,1.80,4.80
2007.10.11 22:03:24.417,1.41982,1.41997,9.00,6.40
2007.10.11 22:03:24.819,1.41984,1.41998,4.80,9.00
2007.10.11 22:03:24.922,1.41991,1.41996,4.80,7.20
2007.10.11 22:03:25.028,1.41992,1.41997,2.40,22.20
2007.10.11 22:03:25.132,1.4199,1.42,3.60,4.80
2007.10.11 22:03:25.318,1.41985,1.42001,5.40,6.60
2007.10.11 22:03:26.848,1.41984,1.41999,2.40,10.00
2007.10.11 22:03:27.005,1.41978,1.42004,10.80,16.80
2007.10.11 22:03:27.161,1.4198,1.42,8.40,6.90
2007.10.11 22:03:36.684,1.41976,1.41996,2.40,7.80
2007.10.11 22:03:36.807,1.41973,1.41989,2.40,9.00
2007.10.11 22:03:37.057,1.41966,1.4198,2.40,18.40
2007.10.11 22:03:37.171,1.41962,1.41978,5.40,8.40
2007.10.11 22:03:38.275,1.41964,1.41984,6.00,8.40
2007.10.11 22:03:38.473,1.41971,1.41991,7.20,1.00
2007.10.11 22:03:38.669,1.41974,1.41994,4.80,7.20
2007.10.11 22:03:38.865,1.4198,1.41995,9.00,3.00
2007.10.11 22:03:39.061,1.4198,1.41996,5.40,10.50
2007.10.11 22:03:39.202,1.41979,1.41999,4.80,11.80
2007.10.11 22:03:39.491,1.4198,1.41995,4.80,9.00
2007.10.11 22:03:39.635,1.41981,1.41996,2.40,9.00
2007.10.11 22:03:39.779,1.41982,1.41998,2.40,2.40
2007.10.11 22:03:39.934,1.41987,1.41997,16.00,4.80
2007.10.11 22:03:40.079,1.41988,1.41998,7.20,7.80
2007.10.11 22:03:41.587,1.41987,1.42002,10.80,3.00
2007.10.11 22:03:42.477,1.41988,1.42003,14.40,24.60
2007.10.11 22:03:42.724,1.41989,1.42004,4.80,15.00
2007.10.11 22:03:45.488,1.41988,1.42003,7.20,12.60
2007.10.11 22:03:46.198,1.41986,1.42001,1.80,8.40
2007.10.11 22:03:46.432,1.41986,1.42001,7.20,5.20
2007.10.11 22:03:46.773,1.41984,1.41999,4.20,6.10
2007.10.11 22:03:47.196,1.41987,1.41997,2.40,3.60
2007.10.11 22:03:47.500,1.4199,1.42,6.00,2.40
2007.10.11 22:03:47.553,1.41996,1.42006,3.00,9.00
2007.10.11 22:03:47.713,1.42001,1.42017,1.00,4.80
2007.10.11 22:03:47.912,1.42003,1.42017,3.00,3.00
2007.10.11 22:03:49.089,1.41997,1.42013,7.20,3.00
2007.10.11 22:03:49.219,1.41991,1.42007,2.40,9.00
2007.10.11 22:03:49.352,1.4199,1.42,2.40,8.40
2007.10.11 22:03:49.484,1.41985,1.42001,11.40,4.80
2007.10.11 22:03:49.552,1.41985,1.42,6.00,10.50
2007.10.11 22:03:49.841,1.41985,1.42001,14.40,2.40
2007.10.11 22:03:50.543,1.41987,1.42002,6.00,6.60
2007.10.11 22:03:50.779,1.41983,1.42008,2.40,13.00
2007.10.11 22:03:51.017,1.41987,1.42007,5.40,11.40
2007.10.11 22:03:51.596,1.41987,1.42007,2.40,2.10
2007.10.11 22:03:51.742,1.41992,1.41997,18.90,2.40
2007.10.11 22:03:51.902,1.4199,1.41995,10.80,7.50
2007.10.11 22:03:52.152,1.41979,1.42004,9.00,15.40
2007.10.11 22:03:54.133,1.4198,1.42,3.00,4.80
2007.10.11 22:03:55.157,1.41977,1.41997,4.80,4.80
2007.10.11 22:03:55.321,1.41976,1.41991,11.40,10.80
2007.10.11 22:03:55.485,1.41975,1.4199,6.10,1.80
2007.10.11 22:03:55.648,1.41972,1.41992,2.40,12.40
2007.10.11 22:03:55.810,1.41971,1.41991,6.60,6.60
2007.10.11 22:03:56.029,1.41973,1.41993,4.60,6.00
2007.10.11 22:03:56.465,1.41971,1.41991,1.80,1.00
2007.10.11 22:03:57.221,1.4197,1.4199,16.60,3.60
2007.10.11 22:04:01.070,1.41984,1.42,7.20,1.20
2007.10.11 22:04:01.218,1.41986,1.42001,2.40,1.80
2007.10.11 22:04:01.366,1.41993,1.42003,4.80,16.80
2007.10.11 22:04:01.513,1.41997,1.42007,6.60,5.40
2007.10.11 22:04:01.662,1.42,1.4201,1.00,8.40
2007.10.11 22:04:01.953,1.41999,1.42014,22.80,9.00
2007.10.11 22:04:02.054,1.41995,1.4202,2.40,9.00
2007.10.11 22:04:02.166,1.41997,1.42017,9.60,1.80
2007.10.11 22:04:04.477,1.42003,1.42008,16.80,30.00
2007.10.11 22:04:07.610,1.41994,1.42014,18.30,16.30
2007.10.11 22:04:07.884,1.41995,1.4201,16.80,17.80
2007.10.11 22:04:08.030,1.41994,1.42009,62.40,6.10
2007.10.11 22:04:08.125,1.4199,1.4201,2.40,23.20
2007.10.11 22:04:10.227,1.41989,1.42009,17.40,1.00
2007.10.11 22:04:19.222,1.4199,1.4201,2.40,6.60
2007.10.11 22:04:23.492,1.4199,1.4201,26.80,2.40
2007.10.11 22:04:25.082,1.41988,1.42008,5.40,13.20
2007.10.11 22:04:25.254,1.41988,1.42008,2.40,13.40
2007.10.11 22:04:25.342,1.41992,1.42006,13.20,15.60
2007.10.11 22:04:25.430,1.41996,1.42012,2.40,12.70
2007.10.11 22:04:25.519,1.42,1.4202,9.00,4.80
2007.10.11 22:04:25.773,1.42004,1.4202,1.20,4.80
2007.10.11 22:04:26.065,1.41999,1.42015,12.60,4.80
2007.10.11 22:04:26.846,1.41995,1.42009,2.40,1.10
2007.10.11 22:04:28.414,1.41998,1.42002,9.00,2.40
2007.10.11 22:04:29.458,1.41992,1.42007,9.60,4.20
2007.10.11 22:04:30.443,1.41992,1.42008,6.00,4.80
2007.10.11 22:04:30.922,1.41994,1.42009,4.80,12.10
2007.10.11 22:04:31.429,1.41995,1.4201,15.90,3.30
2007.10.11 22:04:31.956,1.41994,1.42009,1.00,7.20
2007.10.11 22:04:32.082,1.41995,1.42005,11.40,2.40
2007.10.11 22:04:32.330,1.41993,1.42008,16.00,7.80
2007.10.11 22:04:32.453,1.41993,1.42008,28.20,2.40
2007.10.11 22:04:36.371,1.41993,1.42008,4.80,1.00
2007.10.11 22:04:36.984,1.41991,1.42006,2.40,1.20
2007.10.11 22:04:37.851,1.41992,1.42007,16.00,4.80
2007.10.11 22:04:38.395,1.41991,1.42006,18.00,4.80
2007.10.11 22:04:39.299,1.4199,1.42005,2.40,6.00
2007.10.11 22:04:39.846,1.41989,1.42004,4.80,8.70
2007.10.11 22:04:40.114,1.4198,1.4201,4.80,13.50
2007.10.11 22:04:40.876,1.41984,1.42,9.00,4.80
2007.10.11 22:04:41.154,1.41979,1.41994,23.40,2.40
2007.10.11 22:04:41.332,1.41975,1.41985,1.00,5.60
2007.10.11 22:04:41.541,1.41973,1.41983,7.20,3.20
2007.10.11 22:04:41.739,1.41973,1.41989,6.00,16.30
2007.10.11 22:04:42.738,1.41977,1.41992,5.40,6.00
2007.10.11 22:04:43.032,1.41981,1.41997,14.40,1.20
2007.10.11 22:04:43.643,1.41982,1.41998,4.80,2.40
2007.10.11 22:04:44.082,1.41983,1.41999,16.20,2.40
2007.10.11 22:04:44.183,1.41985,1.42,4.80,15.00
2007.10.11 22:04:44.400,1.41984,1.42004,7.80,2.40
2007.10.11 22:04:44.406,1.41985,1.42005,6.00,17.40
2007.10.11 22:04:47.974,1.41985,1.42005,15.70,4.80
2007.10.11 22:04:48.119,1.41988,1.42008,10.80,9.90
2007.10.11 22:04:48.269,1.41988,1.42008,4.80,2.40
2007.10.11 22:04:48.418,1.41992,1.42007,33.00,2.40
2007.10.11 22:04:50.118,1.41993,1.42009,3.00,4.80
2007.10.11 22:04:50.249,1.41995,1.4201,6.00,1.30
2007.10.11 22:04:50.316,1.41994,1.42014,2.40,2.40
2007.10.11 22:04:52.170,1.41995,1.42015,7.80,6.10
2007.10.11 22:04:52.390,1.41996,1.42016,21.90,14.80
2007.10.11 22:04:53.246,1.42002,1.42007,8.40,4.80
2007.10.11 22:04:55.630,1.41993,1.42013,3.00,12.00
2007.10.11 22:04:55.850,1.41994,1.42009,6.00,8.70
2007.10.11 22:04:56.070,1.41993,1.42008,1.20,2.40
2007.10.11 22:04:56.262,1.41986,1.42011,7.20,5.40
2007.10.11 22:04:56.446,1.41985,1.42005,1.00,2.40
2007.10.11 22:04:56.630,1.4198,1.42005,2.40,8.50
2007.10.11 22:04:56.813,1.4198,1.42005,4.80,2.40
2007.10.11 22:04:56.997,1.41978,1.42004,2.40,1.00
2007.10.11 22:05:05.538,1.41977,1.42007,5.40,2.40
2007.10.11 22:05:05.685,1.41979,1.42009,1.00,9.60
2007.10.11 22:05:06.063,1.41988,1.42008,10.80,6.00
2007.10.11 22:05:11.403,1.4199,1.42015,2.40,2.40
2007.10.11 22:05:18.747,1.41995,1.4202,2.40,2.10
2007.10.11 22:05:27.474,1.42,1.42024,7.20,1.00
2007.10.11 22:05:28.251,1.41999,1.42025,5.40,8.40
2007.10.11 22:05:28.613,1.41993,1.42017,2.40,2.40
2007.10.11 22:05:28.755,1.41984,1.42014,15.00,12.30
2007.10.11 22:05:29.554,1.41979,1.42009,15.00,7.20
2007.10.11 22:05:29.830,1.41978,1.42008,14.40,2.40
2007.10.11 22:05:33.594,1.41978,1.42008,3.60,4.80
2007.10.11 22:05:33.690,1.41976,1.42006,7.20,12.70
2007.10.11 22:05:43.417,1.41968,1.41998,6.00,13.20
2007.10.11 22:05:44.156,1.41962,1.41996,2.50,11.10
2007.10.11 22:05:44.311,1.41965,1.41995,21.90,2.40
2007.10.11 22:05:44.447,1.41971,1.41997,2.40,2.70
2007.10.11 22:05:44.861,1.41978,1.41994,8.40,5.70
2007.10.11 22:05:44.980,1.41977,1.41997,9.00,3.30
2007.10.11 22:05:45.009,1.41982,1.41996,16.20,2.40
2007.10.11 22:05:45.098,1.41983,1.41999,6.00,4.20
2007.10.11 22:05:55.827,1.41987,1.42002,9.60,6.60
2007.10.11 22:05:56.083,1.41988,1.42003,10.80,3.30
2007.10.11 22:05:56.340,1.41992,1.42002,13.80,3.60
2007.10.11 22:05:56.535,1.41991,1.42006,6.00,6.60
2007.10.11 22:05:56.712,1.41989,1.42009,5.40,9.10
2007.10.11 22:06:03.360,1.41973,1.41993,5.40,6.10
2007.10.11 22:06:03.784,1.41979,1.41994,2.40,1.20
2007.10.11 22:06:04.816,1.4198,1.42,7.20,4.40
2007.10.11 22:06:20.204,1.41981,1.42001,12.00,1.20
2007.10.11 22:06:20.332,1.4198,1.42005,3.00,3.00
2007.10.11 22:06:20.460,1.41981,1.42006,4.80,3.40
2007.10.11 22:06:20.588,1.41981,1.42001,17.40,13.80
2007.10.11 22:06:27.980,1.41975,1.41995,4.80,5.40
2007.10.11 22:06:28.455,1.4197,1.4198,24.40,19.80
2007.10.11 22:06:28.596,1.41964,1.41974,4.80,9.60
2007.10.11 22:06:28.735,1.41967,1.41977,17.40,1.00
2007.10.11 22:06:29.011,1.41969,1.41979,2.40,2.90
2007.10.11 22:06:29.150,1.4197,1.4198,17.60,1.20
2007.10.11 22:06:29.292,1.41966,1.41986,2.40,24.00
2007.10.11 22:06:30.216,1.41963,1.41983,6.00,2.40
2007.10.11 22:06:30.316,1.41964,1.41978,10.20,2.70
2007.10.11 22:06:30.416,1.41966,1.41976,7.20,4.80
2007.10.11 22:06:30.515,1.41964,1.41974,11.00,26.40
2007.10.11 22:06:30.615,1.41966,1.41976,15.00,7.50
2007.10.11 22:06:30.716,1.41965,1.4198,4.80,2.40
2007.10.11 22:06:30.804,1.41969,1.41983,2.40,11.20
2007.10.11 22:06:30.902,1.41972,1.41988,27.00,7.80
2007.10.11 22:06:30.989,1.41973,1.41989,5.40,11.40
2007.10.11 22:06:31.077,1.41974,1.41994,20.60,2.40
2007.10.11 22:06:31.250,1.41979,1.41994,7.20,1.00
2007.10.11 22:06:31.338,1.41985,1.41999,8.70,7.80
2007.10.11 22:06:31.424,1.41992,1.42006,8.40,4.20
2007.10.11 22:06:34.612,1.41994,1.42014,2.40,10.20
2007.10.11 22:06:34.925,1.41994,1.42009,8.40,2.40
2007.10.11 22:06:36.521,1.41984,1.4201,11.60,8.40
2007.10.11 22:06:37.351,1.41979,1.42005,4.80,17.80
2007.10.11 22:06:39.850,1.41976,1.42,1.00,1.80
2007.10.11 22:06:40.168,1.41975,1.41999,7.20,9.60
2007.10.11 22:06:40.295,1.41974,1.41999,8.40,10.80
2007.10.11 22:06:40.522,1.41972,1.42002,16.20,2.40
2007.10.11 22:06:49.048,1.4197,1.42006,4.80,2.40
2007.10.11 22:06:49.344,1.41969,1.42004,3.00,4.80
2007.10.11 22:06:49.615,1.41968,1.42003,5.50,6.40
2007.10.11 22:06:49.719,1.41973,1.41998,10.60,5.80
2007.10.11 22:06:49.822,1.41976,1.41996,3.00,2.40
2007.10.11 22:06:49.926,1.41973,1.41998,13.20,3.00
2007.10.11 22:06:50.384,1.41977,1.41992,6.60,8.80
2007.10.11 22:06:54.330,1.41972,1.41992,6.60,4.80
2007.10.11 22:06:54.553,1.41973,1.41988,1.20,9.30
2007.10.11 22:06:54.663,1.41973,1.41988,3.60,4.80
2007.10.11 22:06:54.798,1.41972,1.41988,1.00,3.60
2007.10.11 22:07:01.134,1.4199,1.4201,4.80,13.30
2007.10.11 22:07:01.666,1.4199,1.42005,16.50,2.40
2007.10.11 22:07:01.726,1.41989,1.42004,4.60,6.00
2007.10.11 22:07:01.785,1.41983,1.42003,22.80,2.40
2007.10.11 22:07:01.981,1.41974,1.41994,27.00,7.80
2007.10.11 22:07:04.613,1.41964,1.41984,1.00,4.80
2007.10.11 22:07:05.129,1.41963,1.41977,13.20,10.00
2007.10.11 22:07:05.389,1.41968,1.41978,3.60,6.80
2007.10.11 22:07:05.694,1.4197,1.41984,20.40,1.20
2007.10.11 22:07:08.021,1.41976,1.41992,7.20,1.00
2007.10.11 22:07:08.299,1.41984,1.41994,14.40,17.40
2007.10.11 22:07:08.488,1.41988,1.41998,6.60,4.80
2007.10.11 22:07:08.678,1.41996,1.42001,3.60,2.40
2007.10.11 22:07:08.866,1.41999,1.42009,7.80,8.40
2007.10.11 22:07:08.963,1.42003,1.42017,2.40,1.00
2007.10.11 22:07:18.022,1.42003,1.42023,17.40,4.80
2007.10.11 22:07:25.329,1.41997,1.42017,14.40,7.20
2007.10.11 22:07:25.732,1.41993,1.42009,3.60,3.00
2007.10.11 22:07:25.898,1.41987,1.42007,9.70,4.20
2007.10.11 22:07:57.084,1.41982,1.42002,3.00,9.20
2007.10.11 22:07:57.185,1.41977,1.42002,5.40,15.00
2007.10.11 22:07:57.285,1.41982,1.41992,5.40,2.40
2007.10.11 22:07:57.384,1.41978,1.41988,10.20,8.40
2007.10.11 22:07:57.580,1.41975,1.4199,3.00,11.50
2007.10.11 22:07:57.711,1.41973,1.41989,7.80,8.40
2007.10.11 22:08:02.356,1.41977,1.41983,10.20,2.40
2007.10.11 22:08:08.729,1.41971,1.41985,1.00,18.70
2007.10.11 22:08:08.958,1.41969,1.41984,2.40,2.70
2007.10.11 22:08:09.186,1.4197,1.4198,18.60,4.80
2007.10.11 22:08:18.690,1.41964,1.41984,3.60,3.00
2007.10.11 22:08:18.774,1.41966,1.41986,2.40,24.00
2007.10.11 22:08:20.288,1.41971,1.41986,2.40,6.00
2007.10.11 22:08:22.574,1.41971,1.41996,2.40,5.70
2007.10.11 22:08:22.729,1.41976,1.42001,10.80,8.00
2007.10.11 22:08:22.887,1.41982,1.42012,17.40,1.00
2007.10.11 22:08:26.448,1.42,1.42014,10.20,8.50
2007.10.11 22:08:33.365,1.41996,1.42026,21.70,4.20
2007.10.11 22:08:33.702,1.41996,1.42021,2.40,10.20
2007.10.11 22:08:37.082,1.41996,1.42012,3.60,12.00
2007.10.11 22:08:37.528,1.41987,1.42012,10.20,11.50
2007.10.11 22:08:37.574,1.41988,1.42008,2.40,9.10
2007.10.11 22:08:37.618,1.41987,1.42007,1.00,2.40
2007.10.11 22:08:37.663,1.41984,1.42004,6.00,9.60
2007.10.11 22:08:39.145,1.41981,1.42005,8.40,5.40
2007.10.11 22:08:39.822,1.41979,1.41999,1.20,11.40
2007.10.11 22:08:40.161,1.41978,1.41992,4.80,4.80
2007.10.11 22:08:40.296,1.41978,1.41992,3.00,9.00
2007.10.11 22:08:40.502,1.41981,1.41991,6.00,2.40
2007.10.11 22:08:40.698,1.41981,1.41997,1.20,1.00
2007.10.11 22:08:40.765,1.41991,1.41997,1.20,19.50
2007.10.11 22:08:40.832,1.41988,1.42003,6.00,3.30
2007.10.11 22:08:40.902,1.41992,1.42002,3.00,9.00
2007.10.11 22:08:41.032,1.41991,1.42001,4.80,3.70
2007.10.11 22:08:41.102,1.41993,1.41998,13.80,8.40
2007.10.11 22:08:41.266,1.4199,1.41995,5.40,6.00
2007.10.11 22:08:42.365,1.41986,1.41996,10.20,3.00
2007.10.11 22:08:43.754,1.41982,1.41997,7.90,4.80
2007.10.11 22:08:43.910,1.41982,1.41992,1.80,3.00
2007.10.11 22:08:44.094,1.41971,1.41991,2.40,2.40
2007.10.11 22:08:48.068,1.41962,1.41982,12.00,4.20
2007.10.11 22:08:48.417,1.41954,1.41974,3.00,7.00
2007.10.11 22:08:48.566,1.4195,1.4197,5.40,10.90
2007.10.11 22:08:48.701,1.4196,1.4197,3.00,4.80
2007.10.11 22:08:48.838,1.41968,1.41978,10.20,4.80
2007.10.11 22:08:48.974,1.41972,1.41987,5.40,7.20
2007.10.11 22:08:49.373,1.41976,1.41992,4.80,14.20
2007.10.11 22:08:49.509,1.41981,1.41995,3.00,8.40
2007.10.11 22:08:49.704,1.41981,1.41997,2.40,6.00
2007.10.11 22:08:49.900,1.4198,1.42,10.50,9.00
2007.10.11 22:08:50.226,1.4198,1.42,3.60,3.00
2007.10.11 22:08:52.950,1.41982,1.42002,19.20,4.80
2007.10.11 22:08:53.144,1.41984,1.42004,5.40,9.60
2007.10.11 22:08:53.244,1.41985,1.42005,6.60,3.60
2007.10.11 22:08:53.406,1.4199,1.42005,9.00,11.70
2007.10.11 22:08:55.106,1.4199,1.42006,4.80,16.30
2007.10.11 22:08:58.035,1.41992,1.42007,1.20,2.40
2007.10.11 22:08:58.572,1.41992,1.42008,2.40,20.80
2007.10.11 22:09:04.304,1.41999,1.42014,1.20,7.20
2007.10.11 22:09:09.943,1.41996,1.42012,5.40,10.20
2007.10.11 22:09:10.056,1.41994,1.42014,1.00,2.40
2007.10.11 22:09:10.234,1.41992,1.42012,4.90,4.80
2007.10.11 22:09:10.255,1.41994,1.42014,8.50,7.80
2007.10.11 22:09:10.494,1.41991,1.42015,4.80,3.40
2007.10.11 22:09:28.008,1.41994,1.42014,6.00,19.40
2007.10.11 22:09:28.218,1.41994,1.42014,5.40,11.20
2007.10.11 22:09:28.438,1.41998,1.42008,2.40,16.20
2007.10.11 22:09:28.654,1.41994,1.42009,3.00,6.00
2007.10.11 22:09:28.870,1.41993,1.42008,6.00,3.00
2007.10.11 22:09:29.087,1.41991,1.42011,6.00,1.80
2007.10.11 22:09:29.191,1.41987,1.42012,4.80,1.20
2007.10.11 22:09:31.641,1.41983,1.42013,7.20,6.00
2007.10.11 22:09:32.150,1.41984,1.42009,7.20,6.10
2007.10.11 22:09:32.664,1.41983,1.42008,3.00,8.70
2007.10.11 22:09:32.752,1.41987,1.42007,10.60,7.80
2007.10.11 22:09:32.840,1.41991,1.42006,2.40,3.60
2007.10.11 22:09:34.295,1.41991,1.42006,1.20,2.40
2007.10.11 22:09:34.605,1.41991,1.42006,5.40,11.40
2007.10.11 22:09:36.716,1.41981,1.42011,8.40,10.60
2007.10.11 22:09:36.871,1.41982,1.42006,11.40,1.80
2007.10.11 22:09:36.952,1.41977,1.42003,7.20,3.00
2007.10.11 22:09:36.999,1.41977,1.42001,3.00,6.40
2007.10.11 22:09:38.472,1.41977,1.42001,4.80,14.40
2007.10.11 22:09:38.739,1.41979,1.42003,1.00,12.90
2007.10.11 22:09:38.867,1.41985,1.42009,1.00,2.40
2007.10.11 22:09:39.367,1.41989,1.42019,2.40,6.00
2007.10.11 22:09:39.508,1.42,1.42024,38.40,13.20
2007.10.11 22:09:39.634,1.42003,1.42027,2.40,3.30
2007.10.11 22:09:39.762,1.42002,1.42022,22.80,7.20
2007.10.11 22:09:40.188,1.41999,1.42014,2.40,1.20
2007.10.11 22:09:40.786,1.41993,1.42008,1.20,20.40
2007.10.11 22:09:41.088,1.41987,1.42007,4.80,9.40
2007.10.11 22:09:41.186,1.41986,1.42006,7.80,9.60
2007.10.11 22:09:41.835,1.41987,1.42007,2.40,5.40
2007.10.11 22:09:42.224,1.41988,1.42008,11.40,13.80
2007.10.11 22:09:42.320,1.41987,1.42012,7.80,8.40
2007.10.11 22:09:42.459,1.41984,1.42014,7.80,4.80
2007.10.11 22:09:44.828,1.41983,1.42013,11.40,9.60
2007.10.11 22:09:45.106,1.41982,1.42012,1.20,10.20
2007.10.11 22:09:46.349,1.41984,1.42008,12.60,9.60
2007.10.11 22:09:46.902,1.41986,1.42006,3.00,15.00
2007.10.11 22:09:47.336,1.41982,1.42012,11.40,2.40
2007.10.11 22:09:48.184,1.41981,1.42011,7.20,12.00
2007.10.11 22:09:48.864,1.41978,1.42008,2.40,10.20
2007.10.11 22:09:49.699,1.41977,1.42007,2.40,10.80
2007.10.11 22:09:49.838,1.41976,1.42006,3.00,9.00
2007.10.11 22:09:49.980,1.41974,1.41999,9.00,2.40
2007.10.11 22:09:50.260,1.41968,1.41993,13.60,2.40
2007.10.11 22:09:50.464,1.41973,1.41989,12.00,6.30
2007.10.11 22:09:52.024,1.41975,1.42,3.00,5.40
2007.10.11 22:09:52.532,1.41983,1.42008,3.00,11.20
2007.10.11 22:09:52.735,1.41984,1.42014,6.00,6.60
2007.10.11 22:09:52.939,1.41991,1.42011,7.20,2.40
2007.10.11 22:09:53.144,1.41992,1.42012,6.00,13.20
2007.10.11 22:09:53.347,1.42,1.42004,2.50,13.30
2007.10.11 22:09:53.551,1.42001,1.42005,9.00,4.80
2007.10.11 22:09:53.671,1.41996,1.42006,10.20,4.80
2007.10.11 22:09:53.792,1.41989,1.42005,25.30,7.20
2007.10.11 22:09:53.912,1.41988,1.41998,14.60,2.40
2007.10.11 22:09:54.034,1.41984,1.41999,24.60,4.20
2007.10.11 22:09:55.477,1.41981,1.42005,6.60,2.40
2007.10.11 22:09:55.624,1.41988,1.42003,2.40,6.10
2007.10.11 22:09:55.960,1.41997,1.42001,27.60,4.80
2007.10.11 22:09:56.203,1.41998,1.42003,3.60,2.40
2007.10.11 22:09:56.300,1.41994,1.42009,2.40,4.60
2007.10.11 22:09:56.383,1.42,1.4201,13.00,2.40
2007.10.11 22:09:56.467,1.42003,1.42013,7.20,4.80
2007.10.11 22:09:56.550,1.41998,1.42018,4.80,3.60
2007.10.11 22:09:56.641,1.41993,1.42019,4.20,8.40
2007.10.11 22:09:56.814,1.41993,1.42013,4.80,1.00
2007.10.11 22:09:57.456,1.41984,1.42014,8.40,10.80
2007.10.11 22:09:58.036,1.41984,1.42014,3.00,2.40
2007.10.11 22:09:58.144,1.41988,1.42013,2.40,7.80
2007.10.11 22:09:58.252,1.41989,1.42014,6.00,1.00
2007.10.11 22:09:58.359,1.4199,1.42015,12.60,10.20
2007.10.11 22:09:58.466,1.41991,1.42016,13.60,2.40
2007.10.11 22:09:58.754,1.41991,1.42016,7.80,11.70
2007.10.11 22:09:59.383,1.41991,1.42016,1.00,11.60
2007.10.11 22:09:59.699,1.41995,1.4201,2.40,20.80
2007.10.11 22:09:59.783,1.41999,1.42004,16.20,2.40
2007.10.11 22:10:02.075,1.41991,1.42011,10.80,6.60
2007.10.11 22:10:07.084,1.41991,1.42011,2.40,6.00
2007.10.11 22:10:07.240,1.42,1.42005,18.30,10.20
2007.10.11 22:10:07.299,1.41994,1.42014,2.40,1.80
2007.10.11 22:10:07.975,1.41996,1.42011,4.80,2.40
2007.10.11 22:10:08.425,1.41995,1.4201,2.40,5.40
2007.10.11 22:10:08.559,1.41991,1.42006,10.20,4.80
2007.10.11 22:10:08.850,1.41991,1.41996,12.60,12.40
2007.10.11 22:10:08.942,1.41987,1.41992,19.80,4.80
2007.10.11 22:10:08.983,1.41981,1.41991,2.40,9.00
2007.10.11 22:10:09.031,1.41977,1.41992,2.40,6.00
2007.10.11 22:10:09.122,1.41977,1.41992,2.40,15.60
2007.10.11 22:10:09.355,1.41982,1.41987,3.00,9.60
2007.10.11 22:10:10.399,1.41972,1.41998,10.80,3.30
2007.10.11 22:10:11.056,1.41977,1.41992,11.40,5.70
2007.10.11 22:10:11.200,1.41982,1.41987,7.20,14.10
2007.10.11 22:10:11.394,1.41982,1.41987,1.80,2.40
2007.10.11 22:10:11.591,1.41976,1.41991,3.60,10.20
2007.10.11 22:10:12.359,1.41964,1.41999,9.10,4.80
2007.10.11 22:10:12.744,1.41977,1.41992,1.20,10.20
2007.10.11 22:10:13.086,1.41984,1.41989,6.00,6.00
2007.10.11 22:10:13.430,1.41988,1.41993,3.60,3.40
2007.10.11 22:10:13.599,1.41988,1.41998,4.80,5.40
2007.10.11 22:10:13.678,1.4198,1.42006,22.80,9.00
2007.10.11 22:10:13.896,1.4199,1.41995,13.20,1.00
2007.10.11 22:10:16.359,1.41986,1.42001,6.60,11.70
2007.10.11 22:10:18.727,1.41987,1.42002,10.20,2.40
2007.10.11 22:10:18.947,1.41992,1.41997,4.80,3.70
2007.10.11 22:10:19.847,1.41988,1.42003,20.50,9.00
2007.10.11 22:10:19.970,1.41989,1.41999,7.80,8.40
2007.10.11 22:10:20.096,1.41982,1.42002,2.40,7.20
2007.10.11 22:10:20.337,1.4198,1.42,6.60,2.40
2007.10.11 22:10:20.463,1.41977,1.42002,8.40,10.20
2007.10.11 22:10:20.588,1.41983,1.41993,4.80,12.60
2007.10.11 22:10:20.718,1.41981,1.41996,7.50,2.40
2007.10.11 22:10:23.171,1.41982,1.41998,6.00,4.20
2007.10.11 22:10:23.888,1.41983,1.41998,2.40,10.20
2007.10.11 22:10:24.044,1.41985,1.41995,26.10,1.80
2007.10.11 22:10:24.435,1.4198,1.41996,8.40,4.80
2007.10.11 22:10:24.675,1.41971,1.41997,2.40,8.60
2007.10.11 22:10:24.914,1.41969,1.41989,8.40,1.20
2007.10.11 22:10:25.155,1.41966,1.41986,3.60,3.20
2007.10.11 22:10:25.411,1.41978,1.41983,16.60,3.60
2007.10.11 22:10:25.667,1.41975,1.41995,3.00,13.80
2007.10.11 22:10:25.923,1.41978,1.41998,1.20,7.60
2007.10.11 22:10:26.180,1.41979,1.41999,7.20,7.20
2007.10.11 22:10:26.384,1.41983,1.41998,6.00,9.60
2007.10.11 22:10:26.587,1.41984,1.41994,1.20,4.50
2007.10.11 22:10:26.706,1.4198,1.41996,2.40,1.80
2007.10.11 22:10:26.791,1.4198,1.41995,2.40,4.20
2007.10.11 22:10:26.996,1.41981,1.41991,1.00,11.60
2007.10.11 22:10:27.435,1.41982,1.41987,1.00,4.80
2007.10.11 22:10:27.910,1.41975,1.41995,7.20,14.20
2007.10.11 22:10:28.057,1.41981,1.41991,7.80,3.00
2007.10.11 22:10:28.499,1.41983,1.41993,11.40,2.50
2007.10.11 22:10:28.561,1.41982,1.41998,3.00,4.80
2007.10.11 22:10:28.806,1.41984,1.42,19.20,5.40
2007.10.11 22:10:28.865,1.41986,1.42001,1.00,2.40
2007.10.11 22:10:28.928,1.41983,1.42003,3.00,4.80
2007.10.11 22:10:28.988,1.41988,1.41998,2.40,2.40
2007.10.11 22:10:29.048,1.41989,1.41994,6.60,10.20
2007.10.11 22:10:29.107,1.4199,1.41995,6.60,11.50
2007.10.11 22:10:29.282,1.4199,1.41995,3.00,11.50
2007.10.11 22:10:29.756,1.41988,1.41998,1.00,2.40
2007.10.11 22:10:30.720,1.41984,1.41999,8.40,8.40
2007.10.11 22:10:30.940,1.41987,1.41992,7.80,2.40
2007.10.11 22:10:31.279,1.41983,1.41988,21.00,1.00
2007.10.11 22:10:31.619,1.41981,1.41985,10.20,8.50
2007.10.11 22:10:31.959,1.41976,1.41991,1.00,2.70
2007.10.11 22:10:32.083,1.41977,1.41992,7.20,4.80
2007.10.11 22:10:32.207,1.41978,1.41993,4.80,2.40
2007.10.11 22:10:32.331,1.41985,1.41995,6.00,1.00
2007.10.11 22:10:32.456,1.41981,1.42001,6.00,5.80
2007.10.11 22:10:32.579,1.41984,1.42004,4.80,11.40
2007.10.11 22:10:33.984,1.41983,1.42008,15.60,9.60
2007.10.11 22:10:34.124,1.41984,1.42009,2.40,8.70
2007.10.11 22:10:34.263,1.41988,1.42008,2.40,9.10
2007.10.11 22:10:34.540,1.4199,1.4201,23.50,4.20
2007.10.11 22:10:34.680,1.4199,1.4201,7.80,3.00
2007.10.11 22:10:34.819,1.4199,1.42005,15.00,15.60
2007.10.11 22:10:34.958,1.41985,1.42005,4.80,8.80
2007.10.11 22:10:35.111,1.41984,1.41999,10.20,3.60
2007.10.11 22:10:35.315,1.41983,1.41998,2.40,1.20
2007.10.11 22:10:35.520,1.41981,1.41997,10.80,3.30
2007.10.11 22:10:35.723,1.41984,1.41999,8.30,8.40
2007.10.11 22:10:35.928,1.41983,1.42003,18.00,4.80
2007.10.11 22:10:36.687,1.41985,1.42011,4.20,1.00
2007.10.11 22:10:36.742,1.41993,1.42013,5.60,2.40
2007.10.11 22:10:36.951,1.42002,1.42017,4.80,7.80
2007.10.11 22:10:37.159,1.42007,1.42017,9.60,10.20
2007.10.11 22:10:37.839,1.41999,1.42015,2.40,4.80
2007.10.11 22:10:38.192,1.41993,1.42013,9.60,4.80
2007.10.11 22:10:38.294,1.41988,1.42008,4.80,1.20
2007.10.11 22:10:38.423,1.41985,1.42005,12.60,3.60
2007.10.11 22:10:38.498,1.41985,1.42005,4.20,2.70
2007.10.11 22:10:38.647,1.41986,1.42001,9.00,2.40
2007.10.11 22:10:38.723,1.41987,1.41997,8.40,6.90
2007.10.11 22:10:38.822,1.41983,1.41998,9.00,3.00
2007.10.11 22:10:38.860,1.41982,1.41996,1.00,1.00
2007.10.11 22:10:38.880,1.4198,1.41995,4.80,2.40
2007.10.11 22:10:38.938,1.41979,1.41995,9.70,1.00
2007.10.11 22:10:39.068,1.4198,1.41994,14.60,1.20
2007.10.11 22:10:39.146,1.41981,1.41996,15.00,3.00
2007.10.11 22:10:39.165,1.41983,1.41999,18.60,8.40
2007.10.11 22:10:39.564,1.41981,1.42007,14.40,7.90
2007.10.11 22:10:41.628,1.41988,1.42004,3.60,5.40
2007.10.11 22:10:44.711,1.41985,1.4201,22.90,10.20
2007.10.11 22:10:44.815,1.41983,1.42013,2.40,7.20
2007.10.11 22:10:44.921,1.41981,1.42011,8.40,17.40
2007.10.11 22:10:45.133,1.41992,1.41997,1.00,8.80
2007.10.11 22:10:45.689,1.41976,1.42011,11.40,13.90
2007.10.11 22:10:46.263,1.41978,1.42008,8.40,7.80
2007.10.11 22:10:46.400,1.41983,1.42007,5.40,9.90
2007.10.11 22:10:46.671,1.41983,1.42008,5.40,6.10
2007.10.11 22:10:48.559,1.41987,1.42007,1.20,1.00
2007.10.11 22:10:49.112,1.41986,1.42011,13.20,1.00
2007.10.11 22:10:49.565,1.41986,1.42011,9.00,4.80
2007.10.11 22:10:49.770,1.41984,1.42009,7.80,9.60
2007.10.11 22:10:49.974,1.41983,1.42008,9.00,2.40
2007.10.11 22:10:50.179,1.41982,1.42007,1.00,15.20
2007.10.11 22:10:55.154,1.41976,1.42011,2.40,7.20
2007.10.11 22:10:57.838,1.41975,1.4201,6.00,3.00
2007.10.11 22:10:58.235,1.41972,1.42012,2.40,12.60
2007.10.11 22:10:58.435,1.41973,1.42008,13.80,7.80
2007.10.11 22:10:58.635,1.41984,1.41994,13.20,6.00
2007.10.11 22:10:58.835,1.41972,1.42002,3.60,10.50
2007.10.11 22:10:59.024,1.41971,1.42001,5.40,4.80
2007.10.11 22:10:59.122,1.41972,1.42002,7.80,4.80
2007.10.11 22:10:59.686,1.41978,1.41998,3.00,8.40
2007.10.11 22:10:59.878,1.4198,1.42,3.00,6.00
2007.10.11 22:11:09.772,1.41979,1.42005,13.20,2.40
2007.10.11 22:11:09.959,1.41983,1.42008,2.40,11.40
2007.10.11 22:11:10.056,1.4199,1.4201,10.20,4.80
2007.10.11 22:11:10.244,1.41991,1.42016,1.00,2.40
2007.10.11 22:11:27.915,1.41992,1.42017,6.00,13.00
2007.10.11 22:11:28.311,1.41994,1.42019,5.40,6.10
2007.10.11 22:11:28.627,1.42003,1.42017,10.50,9.00
2007.10.11 22:11:28.784,1.42007,1.42021,6.00,4.80
2007.10.11 22:11:29.143,1.42003,1.42023,5.40,2.40
2007.10.11 22:11:29.823,1.41997,1.42017,18.00,1.20
2007.10.11 22:11:30.007,1.41992,1.42012,7.80,7.20
2007.10.11 22:11:30.191,1.41987,1.42011,3.00,22.90
2007.10.11 22:11:30.375,1.41985,1.42009,8.40,7.80
2007.10.11 22:11:30.741,1.41986,1.42001,3.00,8.80
2007.10.11 22:11:33.183,1.41978,1.41998,5.10,8.10
2007.10.11 22:11:33.373,1.41976,1.41986,4.80,18.10
2007.10.11 22:11:33.591,1.41973,1.41983,9.00,5.20
2007.10.11 22:11:34.971,1.41974,1.4199,6.00,2.40
2007.10.11 22:11:35.147,1.41979,1.41995,20.40,2.40
2007.10.11 22:11:47.665,1.4198,1.42,6.00,1.20
2007.10.11 22:11:47.922,1.41982,1.42002,2.40,5.40
2007.10.11 22:11:48.051,1.41985,1.42001,7.60,2.40
2007.10.11 22:11:48.178,1.41988,1.42004,5.40,4.50
2007.10.11 22:11:48.308,1.4199,1.42004,3.90,14.10
2007.10.11 22:11:51.183,1.41995,1.42005,22.80,1.20
2007.10.11 22:11:51.318,1.41996,1.42006,2.40,9.00
2007.10.11 22:11:51.405,1.41997,1.42007,3.60,2.40
2007.10.11 22:11:51.453,1.41994,1.42004,0.75,4.80
2007.10.11 22:11:51.635,1.41993,1.42003,8.40,2.40
2007.10.11 22:11:51.723,1.4199,1.42,3.00,5.40
2007.10.11 22:11:51.815,1.41987,1.41997,7.20,4.80
2007.10.11 22:12:03.239,1.41982,1.42012,10.80,3.00
2007.10.11 22:12:04.471,1.41979,1.42009,7.20,1.00
2007.10.11 22:12:05.181,1.41981,1.42001,1.00,8.40
2007.10.11 22:12:05.842,1.41979,1.41999,14.40,1.00
2007.10.11 22:12:06.046,1.41983,1.41998,4.80,6.60
2007.10.11 22:12:06.235,1.41989,1.41999,22.90,16.20
2007.10.11 22:12:06.800,1.41992,1.42007,4.80,12.00
2007.10.11 22:12:07.204,1.41993,1.42008,28.20,3.00
2007.10.11 22:12:07.418,1.41989,1.42003,1.00,8.40
2007.10.11 22:12:07.659,1.41986,1.41996,9.00,3.00
2007.10.11 22:12:08.560,1.41981,1.41991,1.20,2.40
2007.10.11 22:12:08.879,1.41981,1.41991,6.00,4.80
2007.10.11 22:12:08.958,1.41983,1.41993,15.00,4.20
2007.10.11 22:12:09.024,1.41987,1.41997,7.80,6.40
2007.10.11 22:12:11.944,1.41985,1.42005,1.20,1.80
2007.10.11 22:12:12.172,1.41985,1.42005,5.40,6.00
2007.10.11 22:12:12.587,1.4198,1.4201,5.40,7.30
2007.10.11 22:12:13.116,1.41978,1.42008,16.00,5.40
2007.10.11 22:12:13.271,1.41976,1.42006,2.50,13.80
2007.10.11 22:12:27.669,1.4198,1.42,4.80,12.00
2007.10.11 22:12:31.173,1.41971,1.42001,7.80,7.60
2007.10.11 22:12:31.951,1.4197,1.4199,4.80,9.00
2007.10.11 22:12:32.048,1.41967,1.41987,7.20,8.80
2007.10.11 22:12:35.626,1.41965,1.41995,3.00,10.80
2007.10.11 22:12:38.076,1.41976,1.41992,16.80,7.80
2007.10.11 22:12:38.524,1.4198,1.41996,1.00,1.00
2007.10.11 22:12:38.745,1.41979,1.41999,4.80,12.00
2007.10.11 22:12:38.810,1.41981,1.42001,2.40,15.60
2007.10.11 22:12:38.955,1.41982,1.42002,8.80,22.30
2007.10.11 22:12:41.979,1.41978,1.42008,4.80,3.10
2007.10.11 22:12:42.519,1.41978,1.42008,3.60,9.70
2007.10.11 22:12:42.707,1.41978,1.42008,6.40,5.40
2007.10.11 22:12:48.347,1.41981,1.42011,4.80,1.20
2007.10.11 22:12:50.981,1.41987,1.42007,6.00,4.20
2007.10.11 22:12:54.703,1.4199,1.42006,8.40,11.50
2007.10.11 22:13:05.456,1.41988,1.42018,12.00,4.80
2007.10.11 22:13:10.973,1.41988,1.42004,4.80,5.40
2007.10.11 22:13:19.567,1.41974,1.42004,7.50,6.00
2007.10.11 22:13:20.392,1.41971,1.42001,2.40,4.20
2007.10.11 22:13:20.937,1.41976,1.41991,13.60,15.40
2007.10.11 22:13:21.340,1.41968,1.41998,24.00,4.80
2007.10.11 22:13:21.581,1.41974,1.41999,12.60,5.10
2007.10.11 22:13:21.747,1.41984,1.41999,1.00,14.50
2007.10.11 22:13:21.908,1.41989,1.42004,6.00,4.80
2007.10.11 22:13:22.607,1.41998,1.42003,5.40,14.40
2007.10.11 22:13:22.878,1.41995,1.4201,4.80,10.20
2007.10.11 22:13:23.112,1.41997,1.42012,10.20,4.80
2007.10.11 22:13:23.237,1.42003,1.42013,16.20,2.40
2007.10.11 22:13:23.356,1.42005,1.4202,2.40,3.60
2007.10.11 22:13:23.548,1.42005,1.42021,2.40,11.40
2007.10.11 22:13:24.795,1.41993,1.42023,9.60,1.00
2007.10.11 22:13:25.072,1.41989,1.42013,2.40,1.80
2007.10.11 22:13:25.160,1.41985,1.42009,1.00,22.50
2007.10.11 22:13:25.250,1.41977,1.42007,1.00,8.80
2007.10.11 22:13:27.371,1.41977,1.42007,9.00,5.40
2007.10.11 22:13:27.823,1.41975,1.42005,10.50,6.40
2007.10.11 22:13:27.924,1.41976,1.42006,7.20,15.00
2007.10.11 22:13:28.024,1.41979,1.42005,1.20,2.40
2007.10.11 22:13:38.114,1.41979,1.42009,12.60,2.40
2007.10.11 22:13:38.546,1.41983,1.42008,1.00,4.80
2007.10.11 22:13:38.654,1.41984,1.4201,2.40,7.00
2007.10.11 22:13:38.765,1.41985,1.4201,6.60,8.40
2007.10.11 22:13:42.127,1.41984,1.42014,13.80,3.00
2007.10.11 22:13:42.268,1.41983,1.42013,2.40,23.20
2007.10.11 22:13:42.407,1.41982,1.42012,10.20,4.20
2007.10.11 22:13:42.548,1.41982,1.42012,15.00,3.00
2007.10.11 22:13:42.688,1.41983,1.42008,2.40,10.20
2007.10.11 22:13:42.830,1.41978,1.42003,6.00,6.60
2007.10.11 22:13:42.970,1.41968,1.41998,10.20,3.60
2007.10.11 22:13:43.250,1.41964,1.41994,9.60,4.20
2007.10.11 22:13:43.659,1.41969,1.41995,8.40,2.20
2007.10.11 22:13:43.865,1.41973,1.41997,2.40,1.00
2007.10.11 22:13:44.070,1.41978,1.41998,4.80,3.60
2007.10.11 22:13:47.476,1.4198,1.41996,1.20,2.40
2007.10.11 22:13:47.788,1.41979,1.41989,7.20,10.30
2007.10.11 22:13:47.858,1.41974,1.41984,9.00,6.40
2007.10.11 22:13:47.930,1.41968,1.41988,14.40,7.90
2007.10.11 22:13:49.131,1.41967,1.41987,2.40,10.30
2007.10.11 22:13:49.813,1.41969,1.41989,24.60,2.40
2007.10.11 22:13:50.010,1.41972,1.41992,4.20,2.40
2007.10.11 22:13:50.136,1.41977,1.41991,7.80,12.00
2007.10.11 22:13:50.251,1.41978,1.41993,6.00,5.10
2007.10.11 22:13:50.372,1.41979,1.41994,6.00,1.20
2007.10.11 22:13:50.472,1.41984,1.41989,9.60,4.80
2007.10.11 22:13:50.585,1.41982,1.41987,24.00,1.00
2007.10.11 22:13:50.783,1.41978,1.41988,5.40,8.40
2007.10.11 22:13:53.620,1.41973,1.41988,4.20,8.40
2007.10.11 22:13:53.875,1.41973,1.41988,2.40,12.70
2007.10.11 22:13:54.130,1.4197,1.4199,7.80,4.25
2007.10.11 22:13:54.230,1.41977,1.41987,6.00,15.40
2007.10.11 22:13:54.433,1.41978,1.41993,7.80,4.80
2007.10.11 22:13:59.297,1.4198,1.41996,10.80,8.00
2007.10.11 22:14:02.430,1.4196,1.41986,6.00,1.00
2007.10.11 22:14:07.303,1.41966,1.4199,3.60,8.40
2007.10.11 22:14:07.686,1.41972,1.41997,6.00,13.30
2007.10.11 22:14:07.940,1.41982,1.41997,2.40,6.90
2007.10.11 22:14:08.335,1.41983,1.42003,4.80,7.20
2007.10.11 22:14:22.247,1.41986,1.42002,2.40,9.00
2007.10.11 22:14:22.697,1.41987,1.42003,3.60,4.80
2007.10.11 22:14:23.842,1.41985,1.42005,2.40,7.80
2007.10.11 22:14:30.736,1.41989,1.42004,3.00,4.80
2007.10.11 22:14:30.880,1.41988,1.42008,7.20,10.30
2007.10.11 22:14:30.958,1.4199,1.4201,19.20,10.20
2007.10.11 22:14:30.989,1.4199,1.4201,6.00,2.40
2007.10.11 22:14:31.068,1.41985,1.4201,1.00,4.80
2007.10.11 22:14:31.136,1.4198,1.42004,14.40,2.40
2007.10.11 22:14:34.422,1.41971,1.41995,2.40,4.80
2007.10.11 22:14:34.598,1.41962,1.41986,21.60,4.80
2007.10.11 22:14:34.775,1.4196,1.4198,5.40,12.00
2007.10.11 22:14:34.847,1.41962,1.41982,17.40,4.80
2007.10.11 22:14:34.926,1.41969,1.41983,9.00,4.80
2007.10.11 22:14:35.340,1.41972,1.41988,6.60,7.20
2007.10.11 22:14:35.696,1.41976,1.4199,2.40,8.70
2007.10.11 22:14:35.777,1.41976,1.42002,2.40,3.60
2007.10.11 22:14:37.435,1.4198,1.42006,26.00,2.40
2007.10.11 22:14:38.114,1.41987,1.42013,17.40,13.80
2007.10.11 22:14:38.266,1.41997,1.42013,2.40,4.80
2007.10.11 22:14:38.794,1.42005,1.42019,2.40,15.00
2007.10.11 22:14:38.918,1.42013,1.42028,9.00,13.00
2007.10.11 22:14:39.032,1.4202,1.42035,3.00,1.80
2007.10.11 22:14:39.114,1.42021,1.42035,24.60,4.80
2007.10.11 22:14:39.143,1.42007,1.42032,6.00,2.40
2007.10.11 22:14:39.170,1.41998,1.42024,7.80,14.70
2007.10.11 22:14:42.582,1.41995,1.42021,4.80,14.40
2007.10.11 22:14:43.174,1.41995,1.42021,15.00,4.80
2007.10.11 22:14:43.454,1.41996,1.42016,9.60,1.20
2007.10.11 22:14:43.597,1.41997,1.42013,3.00,10.60
2007.10.11 22:14:43.888,1.41993,1.42009,1.80,2.40
2007.10.11 22:14:44.004,1.41987,1.42007,2.40,3.40
2007.10.11 22:14:44.118,1.41985,1.42005,13.20,1.00
2007.10.11 22:14:46.337,1.41986,1.42001,22.20,9.60
2007.10.11 22:14:54.287,1.41982,1.42002,3.00,3.28
2007.10.11 22:14:58.821,1.41982,1.42007,3.60,10.20
2007.10.11 22:14:59.228,1.41983,1.42009,6.00,10.20
2007.10.11 22:14:59.451,1.41988,1.42008,4.80,7.80
2007.10.11 22:15:34.521,1.42005,1.42029,9.60,3.00
2007.10.11 22:15:43.278,1.42013,1.42038,1.20,7.60
2007.10.11 22:15:50.887,1.42012,1.42036,10.80,6.00
2007.10.11 22:15:51.086,1.42,1.42024,10.80,9.40
2007.10.11 22:15:51.729,1.41992,1.42016,7.20,4.80
2007.10.11 22:15:51.954,1.41996,1.42016,2.40,2.50
2007.10.11 22:15:52.172,1.42001,1.42021,3.00,1.90
2007.10.11 22:15:52.391,1.42008,1.42023,3.00,2.80
2007.10.11 22:15:52.605,1.42013,1.42023,1.80,7.80
2007.10.11 22:16:02.505,1.41997,1.42017,7.80,8.00
2007.10.11 22:16:02.821,1.42008,1.42023,8.40,3.00
2007.10.11 22:16:03.150,1.42016,1.42031,2.40,6.00
2007.10.11 22:16:03.654,1.42012,1.42042,1.00,2.40
2007.10.11 22:16:03.815,1.42011,1.42041,11.00,4.80
2007.10.11 22:16:04.135,1.42011,1.42036,7.20,8.80
2007.10.11 22:16:04.221,1.42004,1.42034,2.40,4.80
2007.10.11 22:16:29.973,1.42001,1.42031,4.20,6.00
2007.10.11 22:16:30.096,1.42001,1.42031,4.80,11.40
2007.10.11 22:16:30.193,1.42002,1.42032,7.80,7.20
2007.10.11 22:16:31.011,1.42003,1.42037,6.60,4.80
2007.10.11 22:16:33.235,1.42008,1.42038,1.70,1.20
2007.10.11 22:16:33.974,1.42009,1.42039,7.20,14.20
2007.10.11 22:16:34.093,1.42011,1.42041,13.80,3.00
2007.10.11 22:16:34.414,1.42016,1.42041,6.00,9.40
2007.10.11 22:16:50.467,1.42018,1.42048,9.00,13.30
2007.10.11 22:16:51.199,1.42019,1.42049,12.60,2.40
2007.10.11 22:16:51.444,1.42016,1.42042,1.00,4.80
2007.10.11 22:16:51.659,1.42012,1.42038,6.00,9.00
2007.10.11 22:16:51.870,1.42007,1.42033,4.80,6.00
2007.10.11 22:16:52.085,1.42005,1.42035,13.90,7.80
2007.10.11 22:16:52.299,1.42007,1.42037,4.80,7.20
2007.10.11 22:16:54.759,1.42009,1.42039,7.20,5.40
2007.10.11 22:16:55.062,1.42012,1.42042,2.40,4.50
2007.10.11 22:16:55.213,1.42016,1.42041,4.80,2.10
2007.10.11 22:16:55.368,1.42018,1.42043,4.20,3.60
2007.10.11 22:16:55.526,1.42023,1.42038,4.80,4.80
2007.10.11 22:16:55.681,1.4202,1.42035,2.40,12.00
2007.10.11 22:16:55.747,1.42018,1.42032,1.80,4.80
2007.10.11 22:17:11.589,1.42018,1.42038,1.20,1.80
2007.10.11 22:17:11.825,1.42014,1.42039,7.80,2.40
2007.10.11 22:17:11.847,1.42014,1.42039,8.40,2.40
2007.10.11 22:17:11.885,1.42014,1.42039,4.80,9.00
2007.10.11 22:17:12.161,1.42009,1.42039,3.00,1.00
2007.10.11 22:17:13.687,1.42007,1.42037,10.20,4.20
2007.10.11 22:17:14.287,1.42005,1.4203,6.00,2.40
2007.10.11 22:17:14.559,1.42005,1.42019,10.00,2.40
2007.10.11 22:17:14.698,1.42,1.4201,5.40,9.00
2007.10.11 22:17:17.961,1.41994,1.42004,3.60,13.30
2007.10.11 22:17:18.109,1.41989,1.42009,16.20,3.60
2007.10.11 22:17:18.256,1.41995,1.42015,1.80,7.80
2007.10.11 22:17:18.593,1.41994,1.42024,6.00,15.00
2007.10.11 22:17:18.771,1.41999,1.42024,1.20,2.10
2007.10.11 22:17:18.946,1.42004,1.42024,1.20,11.50
2007.10.11 22:17:19.126,1.42005,1.42025,7.20,5.40
2007.10.11 22:17:19.303,1.42008,1.42023,6.00,22.00
2007.10.11 22:17:20.535,1.42008,1.42023,10.80,2.40
2007.10.11 22:17:20.765,1.42013,1.42023,7.20,4.80
2007.10.11 22:17:21.038,1.42018,1.42028,16.50,2.40
2007.10.11 22:17:21.131,1.42025,1.42035,21.40,4.80
2007.10.11 22:17:21.177,1.42024,1.42044,2.40,8.40
2007.10.11 22:17:27.487,1.42017,1.42047,6.70,3.90
2007.10.11 22:17:27.631,1.42019,1.42039,6.00,8.40
2007.10.11 22:17:27.774,1.42016,1.42036,8.40,1.20
2007.10.11 22:17:28.835,1.42012,1.42032,14.40,1.00
2007.10.11 22:17:29.207,1.42012,1.42032,2.10,8.40
2007.10.11 22:17:29.391,1.42014,1.42029,5.40,12.30
2007.10.11 22:17:29.670,1.42013,1.42028,5.40,7.20
2007.10.11 22:17:29.762,1.42014,1.42024,1.20,3.00
2007.10.11 22:17:29.854,1.42011,1.42026,18.60,4.80
2007.10.11 22:17:29.947,1.4201,1.4203,3.00,1.20
2007.10.11 22:18:06.230,1.42017,1.42037,6.00,59.60
2007.10.11 22:18:09.450,1.42012,1.42032,9.00,2.40
2007.10.11 22:18:09.630,1.42005,1.4203,35.40,7.30
2007.10.11 22:18:09.992,1.41997,1.42022,6.00,6.60
2007.10.11 22:18:10.308,1.41996,1.42011,4.80,23.50
2007.10.11 22:18:10.433,1.41992,1.42007,2.40,6.60
2007.10.11 22:18:10.554,1.41992,1.42007,3.00,14.50
2007.10.11 22:18:10.674,1.41996,1.42006,15.40,7.30
2007.10.11 22:18:12.428,1.42,1.4201,12.60,2.40
2007.10.11 22:18:12.456,1.41999,1.42019,2.40,7.80
2007.10.11 22:18:12.571,1.42003,1.42023,26.40,1.80
2007.10.11 22:18:12.628,1.42004,1.42024,10.20,4.80
2007.10.11 22:18:12.677,1.42004,1.42024,2.40,1.00
2007.10.11 22:18:12.728,1.42001,1.42026,6.00,6.00
2007.10.11 22:18:12.841,1.42004,1.42028,4.80,7.30
2007.10.11 22:18:15.910,1.42001,1.42031,3.60,1.00
2007.10.11 22:18:16.041,1.42004,1.4203,6.60,3.00
2007.10.11 22:18:16.074,1.42001,1.42027,38.40,13.20
2007.10.11 22:18:16.091,1.41999,1.42019,12.60,3.10
2007.10.11 22:18:16.158,1.41991,1.42011,10.20,2.40
2007.10.11 22:18:16.177,1.41983,1.42003,1.00,10.50
2007.10.11 22:18:20.742,1.41981,1.42001,6.00,2.40
2007.10.11 22:18:21.018,1.41986,1.4201,17.40,3.00
2007.10.11 22:18:21.114,1.4199,1.42016,18.60,2.40
2007.10.11 22:18:21.209,1.41995,1.42019,11.40,2.40
2007.10.11 22:18:22.944,1.41998,1.42018,3.00,2.40
2007.10.11 22:18:23.137,1.41992,1.42022,8.70,27.00
2007.10.11 22:18:23.364,1.41992,1.42017,24.00,9.00
2007.10.11 22:18:23.593,1.41989,1.42014,4.20,8.10
2007.10.11 22:18:23.802,1.41985,1.4201,5.40,12.00
2007.10.11 22:18:25.257,1.41986,1.42006,15.70,4.80
2007.10.11 22:18:25.790,1.41985,1.42005,2.40,2.40
2007.10.11 22:18:25.914,1.41988,1.42008,14.40,2.40
2007.10.11 22:18:26.038,1.41992,1.42007,5.40,7.80
2007.10.11 22:18:26.161,1.41991,1.42011,8.40,1.00
2007.10.11 22:18:26.966,1.41987,1.42017,2.40,1.20
2007.10.11 22:18:31.559,1.41986,1.42016,42.00,1.00
2007.10.11 22:18:31.655,1.41988,1.42013,8.40,1.00
2007.10.11 22:18:32.155,1.4199,1.4201,6.40,1.20
2007.10.11 22:18:32.177,1.41992,1.42012,18.00,2.40
2007.10.11 22:18:32.220,1.41994,1.42014,2.40,1.00
2007.10.11 22:18:32.358,1.41997,1.42017,11.10,7.20
2007.10.11 22:18:33.232,1.41993,1.42023,14.50,4.80
2007.10.11 22:18:35.935,1.41992,1.42022,5.40,1.80
2007.10.11 22:18:36.666,1.41991,1.42021,6.00,22.00
2007.10.11 22:18:36.757,1.41996,1.42022,4.20,5.10
2007.10.11 22:18:37.312,1.42,1.4203,17.40,4.80
2007.10.11 22:18:37.942,1.42015,1.42035,4.80,2.40
2007.10.11 22:18:38.110,1.42024,1.4204,7.80,4.80
2007.10.11 22:18:39.754,1.42024,1.42039,4.80,6.60
2007.10.11 22:18:39.850,1.4202,1.42036,6.00,10.50
2007.10.11 22:18:47.761,1.42013,1.42033,6.60,3.60
2007.10.11 22:18:47.844,1.42007,1.42027,11.40,2.40
2007.10.11 22:18:47.880,1.42004,1.42024,2.40,1.20
2007.10.11 22:18:47.939,1.42001,1.42021,9.00,4.80
2007.10.11 22:18:49.062,1.42002,1.42017,6.60,2.40
2007.10.11 22:18:49.241,1.41998,1.42018,3.60,13.30
2007.10.11 22:18:49.409,1.41994,1.42014,11.40,2.40
2007.10.11 22:18:50.878,1.41991,1.42011,25.80,12.00
2007.10.11 22:18:51.078,1.41989,1.42009,4.80,3.60
2007.10.11 22:18:51.277,1.41987,1.42007,6.00,10.80
2007.10.11 22:18:51.475,1.41986,1.42006,4.20,9.20
2007.10.11 22:18:51.504,1.41984,1.42004,2.40,14.40
2007.10.11 22:18:51.695,1.4198,1.42004,7.80,16.80
2007.10.11 22:19:01.868,1.41985,1.42005,4.80,4.80
2007.10.11 22:19:02.152,1.41987,1.42012,3.00,1.90
2007.10.11 22:19:02.368,1.41991,1.42016,2.40,4.80
2007.10.11 22:19:02.472,1.41995,1.4202,1.80,2.70
2007.10.11 22:19:02.580,1.41997,1.42022,3.60,2.40
2007.10.11 22:19:02.688,1.42001,1.42026,22.80,2.40
2007.10.11 22:19:08.179,1.42,1.4203,11.10,7.20
2007.10.11 22:19:11.459,1.41999,1.42029,9.00,6.00
2007.10.11 22:19:11.983,1.41995,1.42025,1.00,15.20
2007.10.11 22:19:12.716,1.41991,1.42021,3.60,3.00
2007.10.11 22:19:13.000,1.41989,1.42019,7.20,1.20
2007.10.11 22:19:13.144,1.41989,1.42019,3.60,14.60
2007.10.11 22:19:13.441,1.41997,1.42017,2.40,1.00
2007.10.11 22:19:13.603,1.41999,1.42024,13.20,3.00
2007.10.11 22:19:13.928,1.42003,1.42028,6.60,26.80
2007.10.11 22:19:15.308,1.42002,1.42032,2.40,10.20
2007.10.11 22:19:15.942,1.42003,1.42033,3.60,3.40
2007.10.11 22:19:16.091,1.42005,1.42031,2.40,9.30
2007.10.11 22:19:16.311,1.42004,1.4203,6.00,4.20
2007.10.11 22:19:16.530,1.42004,1.42024,9.00,3.30
2007.10.11 22:19:16.674,1.42003,1.42023,1.00,7.20
2007.10.11 22:19:16.818,1.41999,1.42019,19.80,5.40
2007.10.11 22:19:16.960,1.41992,1.42012,11.40,2.40
2007.10.11 22:19:17.103,1.41984,1.42004,1.20,2.40
2007.10.11 22:19:17.386,1.41979,1.41999,4.80,7.10
2007.10.11 22:19:17.548,1.41982,1.42002,4.80,6.00
2007.10.11 22:19:17.689,1.41988,1.42008,7.80,12.00
2007.10.11 22:19:19.782,1.41989,1.42015,7.20,4.80
2007.10.11 22:19:20.559,1.41994,1.42014,11.40,2.40
2007.10.11 22:19:20.898,1.41993,1.42018,14.40,4.80
2007.10.11 22:19:21.124,1.41991,1.42016,6.60,8.40
2007.10.11 22:19:21.367,1.41987,1.42017,13.20,1.00
2007.10.11 22:19:22.200,1.41989,1.42019,1.00,10.00
2007.10.11 22:19:22.256,1.41996,1.42021,5.40,4.80
2007.10.11 22:19:22.706,1.42,1.42025,4.80,5.40
2007.10.11 22:19:22.762,1.42007,1.42027,3.00,3.00
2007.10.11 22:19:22.832,1.42012,1.42032,6.00,1.20
2007.10.11 22:19:22.889,1.42015,1.42035,11.40,4.80
2007.10.11 22:19:24.544,1.42018,1.42038,4.80,1.20
2007.10.11 22:19:24.704,1.42018,1.42038,1.80,7.80
2007.10.11 22:19:24.864,1.42017,1.42037,6.00,1.80
2007.10.11 22:19:25.024,1.42017,1.42037,7.20,1.00
2007.10.11 22:19:25.195,1.42019,1.42039,8.40,4.80
2007.10.11 22:19:25.290,1.4202,1.42046,2.40,10.20
2007.10.11 22:19:27.932,1.4202,1.4205,5.40,3.60
2007.10.11 22:19:28.255,1.42018,1.42048,4.80,4.80
2007.10.11 22:19:28.592,1.42015,1.42045,3.00,4.20
2007.10.11 22:19:28.919,1.42016,1.4204,7.20,1.00
2007.10.11 22:19:29.241,1.42011,1.42041,4.80,7.20
2007.10.11 22:19:29.337,1.42005,1.42035,7.80,16.80
2007.10.11 22:19:29.451,1.41999,1.42029,6.00,2.40
2007.10.11 22:19:29.552,1.42,1.4202,7.20,9.60
2007.10.11 22:19:29.648,1.42,1.42015,20.60,2.40
2007.10.11 22:19:29.744,1.41994,1.42018,2.40,10.20
2007.10.11 22:19:29.931,1.41997,1.42007,2.40,17.50
2007.10.11 22:19:30.027,1.41995,1.42005,20.40,6.30
2007.10.11 22:19:30.122,1.41994,1.42004,7.80,18.60
2007.10.11 22:19:30.301,1.41986,1.42016,2.40,11.10
2007.10.11 22:19:30.787,1.41991,1.42016,5.40,7.30
2007.10.11 22:19:31.393,1.41995,1.4202,8.40,7.80
2007.10.11 22:19:31.536,1.41996,1.42021,6.00,7.90
2007.10.11 22:19:41.681,1.41994,1.42024,5.40,6.60
2007.10.11 22:19:43.240,1.41995,1.4202,6.00,6.60
2007.10.11 22:19:45.989,1.4199,1.4202,1.80,4.80
2007.10.11 22:19:46.299,1.4199,1.42015,2.40,1.80
2007.10.11 22:19:46.347,1.4199,1.4201,8.40,4.80
2007.10.11 22:19:46.394,1.41986,1.42006,3.00,9.40
2007.10.11 22:19:46.441,1.41983,1.42003,3.60,3.20
2007.10.11 22:20:02.745,1.41991,1.42021,7.20,5.40
2007.10.11 22:20:04.433,1.41985,1.42015,8.40,7.80
2007.10.11 22:20:04.794,1.41978,1.42008,1.20,3.00
2007.10.11 22:20:04.881,1.4198,1.42004,8.40,4.80
2007.10.11 22:20:04.969,1.41987,1.42013,7.20,3.00
2007.10.11 22:20:11.109,1.41999,1.42019,14.40,17.60
2007.10.11 22:20:11.539,1.42009,1.42029,7.30,2.40
2007.10.11 22:20:11.966,1.42018,1.42038,4.80,2.40
2007.10.11 22:20:12.182,1.42027,1.42033,1.20,8.40
2007.10.11 22:20:12.256,1.42023,1.42028,12.60,3.10
2007.10.11 22:20:12.374,1.42013,1.42023,2.40,2.10
2007.10.11 22:20:12.435,1.42007,1.42023,3.00,1.00
2007.10.11 22:21:22.260,1.42023,1.42043,7.20,8.80
2007.10.11 22:21:31.653,1.42015,1.42035,8.40,7.20
2007.10.11 22:21:31.709,1.42007,1.42027,6.90,3.00
2007.10.11 22:21:31.764,1.42004,1.42024,4.40,4.80
2007.10.11 22:21:31.873,1.42003,1.42023,1.20,2.40
2007.10.11 22:21:31.929,1.42005,1.42025,5.40,17.80
2007.10.11 22:21:41.513,1.42013,1.42033,7.80,9.60
2007.10.11 22:21:44.469,1.42026,1.42041,12.60,3.00
2007.10.11 22:21:44.760,1.42029,1.42049,57.30,1.00
2007.10.11 22:21:45.189,1.42027,1.42047,1.20,10.20
2007.10.11 22:21:45.633,1.42022,1.42042,8.80,22.30
2007.10.11 22:21:45.788,1.42014,1.42038,3.60,11.80
2007.10.11 22:21:47.850,1.42008,1.42038,8.40,34.20
2007.10.11 22:21:52.898,1.42006,1.42036,4.80,12.60
2007.10.11 22:21:53.157,1.42005,1.42035,2.40,12.60
2007.10.11 22:21:53.221,1.42005,1.42035,22.80,10.20
2007.10.11 22:21:53.284,1.42009,1.42029,6.60,3.00
2007.10.11 22:21:53.489,1.4201,1.42025,10.80,3.00
2007.10.11 22:21:53.572,1.42004,1.42024,1.80,2.40
2007.10.11 22:21:53.859,1.41995,1.42025,7.20,6.00
2007.10.11 22:21:54.147,1.41993,1.42023,10.80,13.00
2007.10.11 22:21:54.436,1.41985,1.42021,1.80,8.40
2007.10.11 22:21:54.725,1.41983,1.42013,5.40,13.80
2007.10.11 22:21:55.012,1.41981,1.42011,11.40,4.80
2007.10.11 22:21:55.300,1.41983,1.42013,1.00,4.80
2007.10.11 22:21:55.586,1.41993,1.42013,5.40,7.20
2007.10.11 22:21:56.010,1.41998,1.42018,4.80,8.40
2007.10.11 22:21:56.208,1.42006,1.42016,10.20,4.80
2007.10.11 22:21:56.276,1.42003,1.42023,3.60,22.80
2007.10.11 22:21:56.344,1.42006,1.42021,1.00,9.30
2007.10.11 22:21:56.476,1.42008,1.42023,2.40,6.00
2007.10.11 22:21:56.544,1.42009,1.42024,22.90,16.20
2007.10.11 22:21:56.802,1.42008,1.42028,24.00,7.20
2007.10.11 22:21:56.940,1.42013,1.42023,8.80,22.30
2007.10.11 22:22:04.018,1.42036,1.42056,4.80,28.00
2007.10.11 22:22:04.358,1.42028,1.42053,13.80,9.70
2007.10.11 22:22:04.593,1.42022,1.42047,2.40,6.60
2007.10.11 22:22:04.830,1.4202,1.4204,6.00,2.40
2007.10.11 22:22:05.066,1.42017,1.42037,6.00,4.80
2007.10.11 22:22:05.534,1.4202,1.4203,1.00,4.80
2007.10.11 22:22:05.646,1.42018,1.42028,10.80,1.20
2007.10.11 22:22:05.686,1.42012,1.42032,10.20,4.80
2007.10.11 22:22:05.722,1.42011,1.42031,14.40,4.20
2007.10.11 22:22:05.780,1.42011,1.42031,2.40,3.00
2007.10.11 22:22:05.858,1.42017,1.42027,4.80,1.80
2007.10.11 22:22:05.898,1.42019,1.42029,19.80,2.40
2007.10.11 22:22:05.938,1.42022,1.42032,21.80,1.00
2007.10.11 22:22:16.603,1.42017,1.42037,6.00,10.50
2007.10.11 22:22:16.841,1.42019,1.42035,12.00,4.80
2007.10.11 22:22:17.066,1.4202,1.4203,2.40,10.80
2007.10.11 22:22:17.174,1.42016,1.42026,8.40,7.20
2007.10.11 22:22:17.230,1.42011,1.42031,4.80,1.20
2007.10.11 22:22:17.287,1.42009,1.42029,2.40,21.60
2007.10.11 22:22:17.346,1.42011,1.42031,20.40,6.00
2007.10.11 22:22:17.403,1.42011,1.42031,3.00,2.20
2007.10.11 22:22:17.517,1.42009,1.42029,10.80,2.40
2007.10.11 22:22:17.573,1.42005,1.4203,2.40,4.80
2007.10.11 22:22:17.629,1.42001,1.42031,5.40,10.80
2007.10.11 22:22:31.871,1.41996,1.42026,9.00,1.00
2007.10.11 22:22:32.125,1.41994,1.42024,4.80,7.20
2007.10.11 22:22:32.718,1.41994,1.42019,4.80,7.20
2007.10.11 22:22:32.878,1.41995,1.42015,1.50,8.40
2007.10.11 22:22:33.038,1.41992,1.42012,1.00,17.50
2007.10.11 22:22:33.692,1.4199,1.42005,10.20,1.00
2007.10.11 22:22:34.034,1.41983,1.42009,2.40,2.70
2007.10.11 22:22:34.374,1.4199,1.4201,11.40,2.40
2007.10.11 22:22:34.542,1.41989,1.42019,4.20,4.20
2007.10.11 22:22:34.710,1.41993,1.42023,1.20,6.00
2007.10.11 22:22:35.042,1.42,1.42025,2.40,6.00
2007.10.11 22:22:35.210,1.42004,1.4203,1.00,7.20
2007.10.11 22:22:35.378,1.42003,1.42033,4.80,7.20
2007.10.11 22:22:35.594,1.42009,1.42029,6.00,8.40
2007.10.11 22:22:35.810,1.42013,1.42028,4.80,4.80
2007.10.11 22:22:36.026,1.42021,1.42027,23.50,4.20
2007.10.11 22:22:36.242,1.42016,1.42036,9.00,4.80
2007.10.11 22:22:36.610,1.42021,1.42031,14.40,2.40
2007.10.11 22:22:38.732,1.42018,1.42033,3.00,6.00
2007.10.11 22:22:38.954,1.42013,1.42033,5.40,12.00
2007.10.11 22:22:39.172,1.42011,1.42031,2.40,2.40
2007.10.11 22:22:43.017,1.42008,1.42028,2.40,1.00
2007.10.11 22:22:43.104,1.42007,1.42022,7.80,3.00
2007.10.11 22:22:44.318,1.42007,1.42022,3.90,14.10
2007.10.11 22:22:44.627,1.42006,1.42021,16.00,4.80
2007.10.11 22:22:44.880,1.42011,1.42016,6.60,4.20
2007.10.11 22:22:46.389,1.42006,1.42021,9.30,1.20
2007.10.11 22:22:46.741,1.42007,1.42017,7.20,4.80
2007.10.11 22:22:46.862,1.42002,1.42022,6.00,9.60
2007.10.11 22:23:07.109,1.4201,1.4203,2.40,11.20
2007.10.11 22:23:07.145,1.42011,1.42031,4.90,5.40
2007.10.11 22:23:07.409,1.42016,1.42026,10.00,2.40
2007.10.11 22:23:14.145,1.42015,1.4203,9.00,20.50
2007.10.11 22:23:14.317,1.42016,1.42031,10.20,4.80
2007.10.11 22:23:14.405,1.42019,1.42034,8.40,6.00
2007.10.11 22:23:14.678,1.42025,1.42039,1.00,3.60
2007.10.11 22:23:14.767,1.42033,1.42039,3.00,1.90
2007.10.11 22:23:14.947,1.42034,1.42048,2.40,6.00
2007.10.11 22:23:17.200,1.42036,1.42052,11.60,2.40
2007.10.11 22:23:19.681,1.42037,1.42047,5.40,12.30
2007.10.11 22:23:31.637,1.4203,1.42046,7.20,5.40
2007.10.11 22:23:32.041,1.42027,1.42042,1.20,11.40
2007.10.11 22:23:32.145,1.42021,1.42041,15.00,4.80
2007.10.11 22:23:34.469,1.4202,1.4204,10.20,1.80
2007.10.11 22:23:34.607,1.42023,1.42037,1.20,8.60
2007.10.11 22:23:34.694,1.42025,1.42035,8.40,4.80
2007.10.11 22:23:35.035,1.42021,1.42031,19.20,9.00
2007.10.11 22:23:36.202,1.42014,1.42028,2.40,12.40
2007.10.11 22:23:36.527,1.42007,1.42017,7.20,9.60
2007.10.11 22:23:36.607,1.42001,1.42021,12.00,10.20
2007.10.11 22:23:36.717,1.42006,1.42026,3.60,4.80
2007.10.11 22:23:36.924,1.42014,1.42034,3.00,8.40
2007.10.11 22:23:41.560,1.42022,1.42037,1.80,4.80
2007.10.11 22:23:41.803,1.42024,1.42039,5.40,21.00
2007.10.11 22:23:42.288,1.42019,1.42039,1.00,2.40
2007.10.11 22:23:51.221,1.42016,1.42036,6.00,2.40
2007.10.11 22:23:51.465,1.42015,1.42031,2.40,2.40
2007.10.11 22:24:04.776,1.4204,1.42044,8.40,1.00
2007.10.11 22:24:10.829,1.42041,1.42046,3.00,8.40
2007.10.11 22:24:15.532,1.42027,1.42037,6.00,13.30
2007.10.11 22:24:17.701,1.42005,1.42015,8.40,7.80
2007.10.11 22:24:18.934,1.41991,1.42001,7.20,4.80
2007.10.11 22:24:27.888,1.41986,1.42002,2.40,7.20
2007.10.11 22:24:36.317,1.41994,1.42004,6.00,4.80
2007.10.11 22:24:36.547,1.41988,1.42022,3.60,7.20
2007.10.11 22:24:43.343,1.42002,1.42022,8.40,5.40
2007.10.11 22:24:54.983,1.42012,1.42018,3.60,12.10
2007.10.11 22:24:55.730,1.42012,1.42022,9.00,3.00
2007.10.11 22:25:15.567,1.42015,1.42035,1.00,16.40
2007.10.11 22:25:15.763,1.42022,1.42037,11.40,3.00
2007.10.11 22:25:15.864,1.42018,1.42032,2.40,8.40
2007.10.11 22:25:15.965,1.42003,1.42018,2.40,13.00
2007.10.11 22:25:33.181,1.41994,1.42008,4.20,2.40
2007.10.11 22:25:45.820,1.41994,1.42008,1.00,16.10
2007.10.11 22:25:45.866,1.41998,1.42014,8.50,1.00
2007.10.11 22:25:45.899,1.41999,1.42025,15.20,3.00
2007.10.11 22:25:45.944,1.42007,1.42032,7.20,1.00
2007.10.11 22:25:47.144,1.42012,1.42038,24.30,3.30
2007.10.11 22:26:00.515,1.42017,1.42041,7.80,9.00
2007.10.11 22:26:02.034,1.42011,1.42046,2.40,7.90
2007.10.11 22:26:02.351,1.42017,1.42037,1.20,5.40
2007.10.11 22:26:02.468,1.42024,1.42034,6.60,1.00
2007.10.11 22:26:02.584,1.42023,1.42038,7.80,2.40
2007.10.11 22:26:03.528,1.42017,1.42047,8.40,9.10
2007.10.11 22:26:03.806,1.4202,1.42045,6.60,2.40
2007.10.11 22:26:04.088,1.4202,1.42045,7.20,6.00
2007.10.11 22:26:04.474,1.42019,1.42044,11.40,3.00
2007.10.11 22:26:04.505,1.42021,1.42046,7.80,4.80
2007.10.11 22:26:04.557,1.42022,1.42047,2.40,1.80
2007.10.11 22:26:04.583,1.42024,1.42048,7.80,16.80
2007.10.11 22:26:06.428,1.42021,1.42051,2.40,2.40
2007.10.11 22:26:06.526,1.42027,1.42047,9.60,7.20
2007.10.11 22:26:06.622,1.42026,1.42046,15.00,7.80
2007.10.11 22:26:06.718,1.42028,1.42048,6.60,7.50
2007.10.11 22:26:06.815,1.4203,1.4205,2.40,1.20
2007.10.11 22:26:06.911,1.42033,1.42057,1.00,36.00
2007.10.11 22:26:07.099,1.42039,1.42063,1.80,2.40
2007.10.11 22:26:07.195,1.4204,1.42066,2.40,11.40
2007.10.11 22:26:07.505,1.42032,1.42062,38.40,13.20
2007.10.11 22:26:08.540,1.42027,1.42057,6.00,4.20
2007.10.11 22:26:09.152,1.42023,1.42053,2.40,9.00
2007.10.11 22:26:09.565,1.42025,1.42045,7.80,4.80
2007.10.11 22:26:09.668,1.42025,1.4204,4.80,4.80
2007.10.11 22:26:09.771,1.42021,1.42041,2.40,5.40
2007.10.11 22:26:09.876,1.42017,1.42042,17.40,6.00
2007.10.11 22:26:09.980,1.42022,1.42037,12.60,2.40
2007.10.11 22:26:10.084,1.42022,1.42037,2.40,6.10
2007.10.11 22:26:10.188,1.4202,1.4204,2.40,15.00
2007.10.11 22:26:10.292,1.4202,1.4204,6.60,3.00
2007.10.11 22:26:40.196,1.42016,1.42042,13.20,3.00
2007.10.11 22:26:42.853,1.42018,1.42042,10.20,2.40
2007.10.11 22:26:43.177,1.42017,1.42041,16.20,2.40
2007.10.11 22:26:43.605,1.42014,1.4204,8.40,5.40
2007.10.11 22:26:43.929,1.42012,1.42032,7.20,20.50
2007.10.11 22:26:44.096,1.42007,1.42021,2.40,1.00
2007.10.11 22:26:49.440,1.42006,1.4202,2.40,2.40
2007.10.11 22:26:49.528,1.4201,1.4203,6.60,7.20
2007.10.11 22:26:49.616,1.42013,1.42039,3.60,9.70
2007.10.11 22:26:49.705,1.42015,1.4204,7.20,8.80
2007.10.11 22:26:49.793,1.42013,1.42038,2.40,6.10
2007.10.11 22:26:52.628,1.42011,1.42036,1.00,7.20
2007.10.11 22:26:52.774,1.42011,1.42036,4.80,4.40
2007.10.11 22:26:52.923,1.42013,1.42038,9.00,20.50
2007.10.11 22:26:53.069,1.42012,1.42042,11.60,5.50
2007.10.11 22:26:53.493,1.42014,1.42044,4.80,12.60
2007.10.11 22:26:53.640,1.42012,1.42042,4.90,4.80
2007.10.11 22:26:53.788,1.42013,1.42038,4.20,1.00
2007.10.11 22:26:54.032,1.42014,1.42034,6.60,4.80
2007.10.11 22:26:54.275,1.42015,1.4203,4.80,3.60
2007.10.11 22:26:54.517,1.42011,1.42031,10.80,9.90
2007.10.11 22:26:54.765,1.42011,1.42031,2.40,2.40
2007.10.11 22:27:00.574,1.42002,1.42026,6.40,2.40
2007.10.11 22:27:00.938,1.42007,1.42027,7.80,4.80
2007.10.11 22:27:01.161,1.42007,1.42032,21.00,13.80
2007.10.11 22:27:02.790,1.42009,1.42034,14.40,2.40
2007.10.11 22:27:02.896,1.42012,1.42032,18.60,6.00
2007.10.11 22:27:03.014,1.42014,1.42034,9.00,9.40
2007.10.11 22:27:03.122,1.42012,1.42032,6.00,13.30
2007.10.11 22:27:03.230,1.42008,1.42028,4.80,6.50
2007.10.11 22:27:03.391,1.42004,1.42024,9.70,4.20
2007.10.11 22:27:03.557,1.42,1.42025,2.40,2.40
2007.10.11 22:27:03.717,1.42007,1.42022,2.40,11.40
2007.10.11 22:27:03.885,1.42008,1.42023,1.00,2.40
2007.10.11 22:27:04.592,1.42009,1.42029,9.00,1.00
2007.10.11 22:27:05.055,1.42017,1.42027,4.80,7.80
2007.10.11 22:27:05.935,1.42018,1.42033,2.40,7.80
2007.10.11 22:27:07.942,1.42013,1.42038,11.40,1.00
2007.10.11 22:27:08.578,1.42011,1.42036,11.40,4.80
2007.10.11 22:27:08.678,1.42008,1.42033,7.20,1.00
2007.10.11 22:27:09.066,1.42008,1.42028,6.00,4.80
2007.10.11 22:27:09.166,1.4201,1.42025,7.80,2.40
2007.10.11 22:27:09.266,1.4201,1.42025,4.80,7.20
2007.10.11 22:27:09.474,1.42008,1.42028,4.80,3.00
2007.10.11 22:27:09.735,1.42009,1.42024,8.40,7.80
2007.10.11 22:27:15.434,1.42008,1.42023,6.00,4.80
2007.10.11 22:27:16.114,1.42007,1.42022,5.40,7.30
2007.10.11 22:27:16.342,1.42007,1.42027,3.00,1.00
2007.10.11 22:27:16.570,1.42014,1.42024,15.00,3.00
2007.10.11 22:27:16.958,1.42012,1.42027,5.40,2.40
2007.10.11 22:27:17.122,1.42013,1.42028,9.00,11.70
2007.10.11 22:27:17.286,1.42016,1.42026,9.00,26.50
2007.10.11 22:27:17.608,1.42012,1.42027,2.40,1.00
2007.10.11 22:27:18.310,1.42006,1.42031,3.30,11.80
2007.10.11 22:27:18.849,1.42009,1.42025,2.40,10.20
2007.10.11 22:27:18.894,1.42007,1.42027,12.60,1.80
2007.10.11 22:27:19.035,1.42007,1.42027,3.60,10.20
2007.10.11 22:27:19.109,1.42008,1.42028,6.60,4.80
2007.10.11 22:27:19.148,1.42007,1.42027,7.80,6.10
2007.10.11 22:27:19.841,1.42003,1.42029,14.50,3.60
2007.10.11 22:27:21.392,1.42006,1.42031,4.50,4.80
2007.10.11 22:27:21.549,1.42005,1.42035,6.00,2.40
2007.10.11 22:27:21.902,1.42009,1.42035,4.80,12.60
2007.10.11 22:27:23.004,1.42011,1.42036,4.20,9.70
2007.10.11 22:27:23.074,1.42011,1.42031,3.60,7.20
2007.10.11 22:27:23.244,1.42003,1.42023,16.20,6.60
2007.10.11 22:27:23.400,1.41997,1.42021,8.40,9.30
2007.10.11 22:27:23.457,1.42002,1.42027,4.80,8.40
2007.10.11 22:27:25.217,1.42006,1.42031,3.60,14.80
2007.10.11 22:27:25.558,1.42011,1.42027,5.40,6.10
2007.10.11 22:27:25.898,1.42013,1.42028,6.60,7.20
2007.10.11 22:27:28.514,1.42009,1.42034,2.40,16.30
2007.10.11 22:27:28.756,1.42012,1.42032,4.80,10.80
2007.10.11 22:27:29.001,1.42011,1.42031,9.00,6.10
2007.10.11 22:27:29.146,1.42012,1.42027,22.20,4.80
2007.10.11 22:27:29.292,1.42011,1.42031,2.40,15.60
2007.10.11 22:27:29.442,1.42012,1.42032,2.40,1.00
2007.10.11 22:27:29.585,1.42011,1.42036,2.40,2.40
2007.10.11 22:27:30.938,1.4201,1.42035,4.80,3.60
2007.10.11 22:27:31.142,1.42008,1.42033,6.00,3.00
2007.10.11 22:27:31.745,1.4201,1.4203,11.40,4.80
2007.10.11 22:27:31.881,1.42004,1.42034,4.80,7.10
2007.10.11 22:27:32.018,1.42008,1.42028,2.40,6.00
2007.10.11 22:27:32.157,1.42013,1.42023,8.40,2.40
2007.10.11 22:27:32.293,1.42015,1.42025,4.80,6.00
2007.10.11 22:27:33.217,1.42012,1.42037,2.40,8.70
2007.10.11 22:27:33.553,1.4202,1.4204,3.00,10.00
2007.10.11 22:27:33.774,1.42025,1.42045,2.40,13.90
2007.10.11 22:27:33.944,1.42028,1.42048,6.00,3.00
2007.10.11 22:27:33.984,1.42022,1.42047,3.60,11.40
2007.10.11 22:27:34.101,1.4202,1.4204,6.00,2.40
2007.10.11 22:27:34.141,1.42016,1.42036,8.40,2.70
2007.10.11 22:27:35.134,1.42013,1.42037,10.20,2.40
2007.10.11 22:27:35.470,1.42014,1.42034,18.60,4.80
2007.10.11 22:27:35.650,1.42011,1.42031,8.40,11.20
2007.10.11 22:27:35.830,1.42009,1.42029,2.40,23.20
2007.10.11 22:27:36.186,1.42004,1.42024,20.00,2.40
2007.10.11 22:27:36.365,1.42004,1.42024,9.00,7.80
2007.10.11 22:27:36.585,1.42003,1.42027,6.00,4.80
2007.10.11 22:27:36.668,1.42005,1.42031,3.60,12.00
2007.10.11 22:27:36.753,1.4201,1.42035,6.60,4.80
2007.10.11 22:27:36.878,1.42015,1.42035,1.00,4.80
2007.10.11 22:27:36.922,1.42014,1.42039,9.00,6.00
2007.10.11 22:27:41.966,1.42013,1.42039,7.20,7.80
2007.10.11 22:27:42.026,1.42016,1.42036,12.00,2.40
2007.10.11 22:27:42.166,1.42017,1.42037,6.60,4.80
2007.10.11 22:27:42.366,1.42018,1.42038,3.60,5.40
2007.10.11 22:27:42.566,1.42021,1.42036,11.40,7.90
2007.10.11 22:27:42.766,1.42017,1.42037,7.20,8.80
2007.10.11 22:27:42.966,1.42013,1.42033,4.80,6.20
2007.10.11 22:27:43.109,1.42007,1.42031,10.60,2.40
2007.10.11 22:27:43.266,1.42009,1.42029,2.40,24.70
2007.10.11 22:27:43.410,1.42012,1.42026,20.40,1.00
2007.10.11 22:27:43.694,1.42015,1.42025,1.00,22.50
2007.10.11 22:27:43.838,1.42012,1.42032,4.80,2.40
2007.10.11 22:27:43.982,1.42011,1.42036,6.00,9.60
2007.10.11 22:27:44.126,1.42017,1.42037,9.00,1.90
2007.10.11 22:27:44.410,1.4202,1.4204,6.00,3.40
2007.10.11 22:27:44.554,1.42022,1.42037,11.40,3.00
2007.10.11 22:27:44.698,1.42019,1.42034,2.40,3.00
2007.10.11 22:27:44.842,1.42013,1.42033,4.80,1.20
2007.10.11 22:27:44.986,1.42012,1.42032,5.20,12.60
2007.10.11 22:27:45.354,1.42013,1.42028,8.40,2.50
2007.10.11 22:27:45.578,1.42015,1.42025,18.00,6.00
2007.10.11 22:27:45.802,1.42014,1.42024,4.80,1.20
2007.10.11 22:27:46.026,1.42008,1.42028,6.60,3.00
2007.10.11 22:27:46.253,1.4201,1.42025,6.00,1.00
2007.10.11 22:27:47.807,1.42014,1.42018,5.40,9.00
2007.10.11 22:27:52.176,1.42006,1.42031,13.80,7.20
2007.10.11 22:27:53.117,1.42008,1.42033,6.60,2.40
2007.10.11 22:27:53.710,1.42012,1.42032,7.20,9.90
2007.10.11 22:27:54.500,1.4201,1.42035,3.00,4.80
2007.10.11 22:27:54.785,1.42012,1.42032,7.20,1.20
2007.10.11 22:27:55.070,1.42012,1.42027,4.80,7.20
2007.10.11 22:27:55.354,1.42004,1.42024,4.80,3.60
2007.10.11 22:27:55.638,1.42006,1.42016,8.40,2.40
2007.10.11 22:27:55.866,1.42003,1.42018,7.80,3.00
2007.10.11 22:27:56.094,1.42005,1.42015,5.40,6.00
2007.10.11 22:28:22.991,1.42008,1.42018,2.40,1.00
2007.10.11 22:28:23.283,1.42007,1.42027,6.00,16.30
2007.10.11 22:28:23.432,1.42009,1.42029,10.20,5.40
2007.10.11 22:28:28.134,1.42009,1.42034,7.80,2.40
2007.10.11 22:28:28.589,1.42014,1.42039,7.80,6.40
2007.10.11 22:28:29.689,1.42019,1.42043,2.40,8.40
2007.10.11 22:28:30.154,1.4202,1.42046,1.80,2.80
2007.10.11 22:28:30.368,1.42016,1.4204,2.40,5.20
2007.10.11 22:28:30.509,1.42015,1.42035,15.00,3.00
2007.10.11 22:28:31.600,1.42019,1.42029,7.80,1.20
2007.10.11 22:28:31.630,1.42012,1.42032,57.30,1.00
2007.10.11 22:28:31.835,1.42011,1.42031,10.80,2.40
2007.10.11 22:28:31.940,1.42004,1.42028,30.00,2.40
2007.10.11 22:28:32.087,1.41997,1.42023,6.00,4.20
2007.10.11 22:28:34.055,1.41994,1.42018,16.20,2.40
2007.10.11 22:28:34.477,1.42,1.42016,6.60,12.60
2007.10.11 22:28:34.617,1.41999,1.42019,11.40,10.60
2007.10.11 22:28:34.757,1.42008,1.42018,6.00,2.50
2007.10.11 22:28:51.441,1.42012,1.42022,1.80,15.60
2007.10.11 22:28:51.860,1.42015,1.42025,6.60,3.00
2007.10.11 22:28:51.888,1.42011,1.42026,5.40,1.80
2007.10.11 22:28:52.004,1.42005,1.42025,1.20,6.00
2007.10.11 22:28:52.122,1.42003,1.42023,7.80,4.80
2007.10.11 22:29:08.277,1.41997,1.42021,10.80,2.40
2007.10.11 22:29:08.466,1.41999,1.42019,4.80,1.90
2007.10.11 22:29:08.851,1.41995,1.4202,4.80,2.90
2007.10.11 22:29:08.963,1.41997,1.42022,3.00,9.60
2007.10.11 22:29:09.266,1.41998,1.42023,15.00,3.00
2007.10.11 22:29:11.097,1.41999,1.42029,7.80,4.80
2007.10.11 22:29:11.553,1.42001,1.42031,1.80,2.40
2007.10.11 22:29:11.745,1.42005,1.4203,4.80,7.20
2007.10.11 22:29:12.029,1.42006,1.42031,2.40,3.30
2007.10.11 22:29:12.124,1.42007,1.42032,2.40,1.80
2007.10.11 22:29:12.220,1.42007,1.42032,3.60,8.80
2007.10.11 22:29:12.317,1.42016,1.42026,5.40,6.00
2007.10.11 22:29:12.427,1.42018,1.42028,9.00,1.20
2007.10.11 22:29:16.760,1.42018,1.42028,6.90,1.20
2007.10.11 22:29:17.043,1.42009,1.42034,2.40,7.20
2007.10.11 22:29:19.490,1.42007,1.42031,1.80,16.50
2007.10.11 22:29:20.879,1.42004,1.42029,1.20,6.30
2007.10.11 22:29:26.363,1.42005,1.42029,1.90,7.20
2007.10.11 22:29:33.281,1.42008,1.42034,2.40,24.00
2007.10.11 22:29:33.417,1.42015,1.42041,2.40,1.00
2007.10.11 22:29:34.857,1.42025,1.42035,4.20,1.00
2007.10.11 22:29:35.255,1.4202,1.4203,3.00,8.40
2007.10.11 22:29:35.460,1.4201,1.4203,6.00,2.40
2007.10.11 22:29:35.585,1.42004,1.42028,2.40,1.20
2007.10.11 22:29:35.861,1.42,1.42024,4.80,3.00
2007.10.11 22:29:36.832,1.41994,1.42019,6.00,8.40
2007.10.11 22:29:36.928,1.4199,1.42016,4.80,6.20
2007.10.11 22:29:37.048,1.41993,1.42008,10.20,9.10
2007.10.11 22:29:37.168,1.41996,1.42006,6.00,16.20
2007.10.11 22:29:37.287,1.41998,1.42008,8.40,10.80
2007.10.11 22:29:37.770,1.42,1.4201,6.60,3.90
2007.10.11 22:29:37.996,1.41996,1.42016,2.40,6.60
2007.10.11 22:29:39.249,1.41995,1.4202,2.40,9.00
2007.10.11 22:29:39.600,1.41996,1.42021,15.00,4.80
2007.10.11 22:29:39.729,1.42002,1.42017,4.80,1.20
2007.10.11 22:29:39.983,1.42,1.4202,5.40,2.40
2007.10.11 22:29:40.111,1.42,1.42015,6.00,4.80
2007.10.11 22:29:40.239,1.42,1.4201,2.40,13.00
2007.10.11 22:29:40.367,1.41996,1.42002,1.20,4.80
2007.10.11 22:29:40.496,1.41985,1.41999,8.40,16.30
2007.10.11 22:29:40.673,1.4198,1.41996,6.60,4.80
2007.10.11 22:29:41.024,1.41982,1.41998,2.40,6.00
2007.10.11 22:29:41.200,1.41987,1.42001,14.60,1.20
2007.10.11 22:29:41.374,1.4199,1.42006,11.40,3.10
2007.10.11 22:29:45.640,1.41987,1.42017,33.00,2.40
2007.10.11 22:29:45.911,1.41987,1.42017,6.00,6.80
2007.10.11 22:29:46.099,1.41991,1.42015,4.80,6.60
2007.10.11 22:29:49.275,1.41987,1.42017,4.80,4.80
2007.10.11 22:29:49.479,1.41993,1.42013,9.60,11.70
2007.10.11 22:29:49.695,1.41997,1.42012,6.80,4.80
2007.10.11 22:29:49.835,1.42002,1.42012,9.00,26.50
2007.10.11 22:29:49.977,1.42004,1.42014,14.40,13.30
2007.10.11 22:29:50.121,1.42005,1.42015,1.00,8.40
2007.10.11 22:29:51.124,1.42004,1.42014,10.20,1.00
2007.10.11 22:29:51.461,1.41998,1.42018,7.80,1.00
2007.10.11 22:29:51.628,1.41999,1.42014,7.80,3.60
2007.10.11 22:29:51.781,1.42,1.4201,14.40,2.40
2007.10.11 22:29:51.956,1.41999,1.42009,5.40,12.70
2007.10.11 22:29:52.119,1.41993,1.42018,5.40,4.50
2007.10.11 22:29:52.284,1.41993,1.42018,4.80,5.60
2007.10.11 22:29:52.448,1.4199,1.42015,6.00,1.80
2007.10.11 22:29:52.612,1.41991,1.42011,8.40,6.90
2007.10.11 22:29:52.779,1.41996,1.42006,2.40,9.00
2007.10.11 22:29:52.948,1.41987,1.42012,2.40,8.70
2007.10.11 22:29:53.116,1.41993,1.42007,4.80,13.20
2007.10.11 22:30:02.522,1.42018,1.42038,6.00,6.60
2007.10.11 22:30:03.881,1.42021,1.42031,1.00,5.60
2007.10.11 22:30:03.988,1.4202,1.4203,4.80,7.80
2007.10.11 22:30:04.096,1.42019,1.42029,7.80,11.70
2007.10.11 22:30:04.312,1.42016,1.42032,4.80,1.20
2007.10.11 22:30:04.423,1.42014,1.42034,2.40,3.60
2007.10.11 22:30:04.533,1.42009,1.42039,1.20,5.40
2007.10.11 22:30:05.544,1.42009,1.42039,2.40,3.00
2007.10.11 22:30:05.745,1.42011,1.42041,6.00,3.00
2007.10.11 22:30:06.104,1.42014,1.42034,10.20,4.80
2007.10.11 22:30:06.429,1.42018,1.42028,2.40,13.00
2007.10.11 22:30:06.880,1.42008,1.42034,2.40,1.00
2007.10.11 22:30:06.982,1.42007,1.42017,20.60,2.40
2007.10.11 22:30:07.084,1.41994,1.42004,5.40,6.00
2007.10.11 22:30:07.284,1.41989,1.41999,7.80,11.70
2007.10.11 22:30:07.384,1.41994,1.42004,4.80,11.70
2007.10.11 22:30:07.682,1.42001,1.42011,7.20,9.30
2007.10.11 22:30:07.798,1.42007,1.42017,4.80,1.20
2007.10.11 22:30:07.958,1.42011,1.42021,15.00,1.00
2007.10.11 22:30:08.235,1.42004,1.4203,3.60,13.30
2007.10.11 22:30:08.788,1.42006,1.42031,1.00,8.40
2007.10.11 22:30:09.527,1.42016,1.42026,6.00,2.40
2007.10.11 22:30:09.733,1.4201,1.4204,9.00,2.40
2007.10.11 22:30:09.823,1.42017,1.42037,6.60,8.40
2007.10.11 22:30:09.970,1.42016,1.42036,2.40,3.30
2007.10.11 22:30:10.091,1.4201,1.42034,11.60,2.40
2007.10.11 22:30:10.129,1.42005,1.4203,12.00,4.80
2007.10.11 22:30:11.443,1.42004,1.42028,2.40,10.20
2007.10.11 22:30:13.180,1.42003,1.42033,16.20,6.60
2007.10.11 22:30:19.359,1.42009,1.42029,3.60,14.60
2007.10.11 22:30:20.284,1.42008,1.42032,6.00,2.40
2007.10.11 22:30:22.159,1.42009,1.42034,27.00,7.80
2007.10.11 22:30:22.570,1.42013,1.42037,4.80,7.20
2007.10.11 22:30:22.811,1.42014,1.42039,5.20,2.40
2007.10.11 22:30:23.051,1.42015,1.42039,10.50,9.00
2007.10.11 22:30:23.838,1.42018,1.42042,4.80,3.20
2007.10.11 22:30:25.585,1.42018,1.42048,3.00,1.00
2007.10.11 22:30:27.245,1.42021,1.42051,12.00,8.40
2007.10.11 22:30:27.820,1.42021,1.42045,2.40,3.30
2007.10.11 22:30:28.172,1.42016,1.42042,7.80,2.40
2007.10.11 22:30:28.259,1.42013,1.42039,2.40,6.00
2007.10.11 22:30:28.348,1.42013,1.42037,14.40,2.40
2007.10.11 22:30:28.436,1.42008,1.42034,1.20,5.40
2007.10.11 22:30:29.336,1.42007,1.42033,10.20,10.50
2007.10.11 22:30:29.525,1.42007,1.42031,10.20,4.80
2007.10.11 22:30:29.712,1.42004,1.42028,13.80,1.00
2007.10.11 22:30:29.900,1.42,1.4203,6.00,4.20
2007.10.11 22:30:30.100,1.42007,1.42022,2.40,8.10
2007.10.11 22:30:30.288,1.42003,1.42023,7.80,6.00
2007.10.11 22:30:30.631,1.42001,1.42026,7.20,1.00
2007.10.11 22:30:34.734,1.42003,1.42028,5.40,2.40
2007.10.11 22:30:35.477,1.42012,1.42022,6.80,4.80
2007.10.11 22:30:36.098,1.42005,1.4203,2.40,4.50
2007.10.11 22:30:36.688,1.42002,1.42032,7.50,2.40
2007.10.11 22:30:38.059,1.42004,1.42029,8.40,4.30
2007.10.11 22:30:42.624,1.42005,1.42025,4.80,7.20
2007.10.11 22:30:45.390,1.42001,1.42031,7.20,11.70
2007.10.11 22:30:48.319,1.41999,1.42029,6.00,5.40
2007.10.11 22:30:50.466,1.42,1.42025,4.80,3.00
2007.10.11 22:30:50.889,1.41998,1.42028,2.40,1.00
2007.10.11 22:30:51.199,1.42007,1.42017,2.40,2.40
2007.10.11 22:30:52.840,1.42,1.42025,5.40,11.40
2007.10.11 22:30:54.265,1.42,1.4203,18.00,2.40
2007.10.11 22:30:54.388,1.42002,1.42032,4.80,5.40
2007.10.11 22:31:00.908,1.42003,1.42033,1.20,10.20
2007.10.11 22:31:04.617,1.42001,1.42031,5.40,7.20
2007.10.11 22:31:04.976,1.41997,1.42027,12.60,4.80
2007.10.11 22:31:06.327,1.41992,1.42022,7.80,2.40
2007.10.11 22:31:06.533,1.41992,1.42022,6.60,3.60
2007.10.11 22:31:06.636,1.41995,1.4202,3.00,9.90
2007.10.11 22:31:06.743,1.41994,1.42019,1.20,8.50
2007.10.11 22:31:06.848,1.41992,1.42017,5.40,12.30
2007.10.11 22:31:06.954,1.4199,1.42015,6.00,2.70
2007.10.11 22:31:09.044,1.41985,1.4202,19.40,5.40
2007.10.11 22:31:09.188,1.41999,1.42009,8.40,4.20
2007.10.11 22:31:09.332,1.42001,1.42011,2.50,13.80
2007.10.11 22:31:09.476,1.41999,1.42014,14.40,4.80
2007.10.11 22:31:09.620,1.42,1.4201,3.00,6.00
2007.10.11 22:31:09.898,1.42001,1.42011,17.10,1.90
2007.10.11 22:31:10.166,1.41997,1.42017,6.60,10.20
2007.10.11 22:31:10.435,1.42002,1.42022,7.20,6.60
2007.10.11 22:31:10.706,1.42003,1.42023,6.00,10.30
2007.10.11 22:31:11.884,1.42001,1.42026,10.20,13.20
2007.10.11 22:31:12.232,1.42001,1.42026,8.40,4.80
2007.10.11 22:31:12.465,1.42002,1.42026,16.20,2.40
2007.10.11 22:31:14.528,1.42004,1.42028,5.40,4.50
2007.10.11 22:31:15.248,1.42004,1.42034,1.20,3.90
2007.10.11 22:31:15.984,1.42008,1.42038,2.40,7.00
2007.10.11 22:31:16.156,1.4201,1.42036,12.30,3.00
2007.10.11 22:31:16.400,1.42005,1.42031,9.60,1.00
2007.10.11 22:31:17.452,1.42002,1.42026,4.80,2.20
2007.10.11 22:31:17.918,1.42001,1.42026,9.00,2.40
2007.10.11 22:31:18.932,1.42,1.42024,3.60,13.60
2007.10.11 22:31:20.127,1.42001,1.42026,3.60,2.50
2007.10.11 22:31:20.282,1.42003,1.42028,7.80,16.80
2007.10.11 22:31:20.426,1.42007,1.42027,24.00,6.00
2007.10.11 22:31:23.282,1.42005,1.4203,4.80,11.70
2007.10.11 22:31:24.412,1.42,1.4203,7.80,7.60
2007.10.11 22:31:24.764,1.41999,1.42023,4.80,7.20
2007.10.11 22:31:24.860,1.41995,1.42019,5.40,6.10
2007.10.11 22:31:24.956,1.41992,1.42016,24.60,10.80
2007.10.11 22:31:25.052,1.41991,1.42015,2.40,13.20
2007.10.11 22:31:25.148,1.41991,1.42021,6.60,2.40
2007.10.11 22:31:25.244,1.41994,1.42024,12.60,4.80
2007.10.11 22:31:25.530,1.41999,1.42023,4.80,11.40
2007.10.11 22:31:26.956,1.41995,1.42025,4.80,10.80
2007.10.11 22:31:27.539,1.41994,1.42024,6.60,12.60
2007.10.11 22:31:27.860,1.41994,1.42019,2.40,12.60
2007.10.11 22:31:28.019,1.41992,1.42017,2.40,6.00
2007.10.11 22:31:28.179,1.41994,1.42014,2.40,2.40
2007.10.11 22:31:28.374,1.41994,1.42014,4.80,4.80
2007.10.11 22:31:28.512,1.41997,1.42017,2.40,18.60
2007.10.11 22:31:31.099,1.41999,1.42024,24.00,8.40
2007.10.11 22:31:31.490,1.42003,1.42028,4.20,18.30
2007.10.11 22:31:31.686,1.42009,1.42024,9.00,14.10
2007.10.11 22:31:32.332,1.42005,1.42025,10.80,10.90
2007.10.11 22:31:32.803,1.42001,1.42021,9.00,4.80
2007.10.11 22:31:33.020,1.41994,1.42024,3.60,2.40
2007.10.11 22:31:33.330,1.41993,1.42023,7.80,3.00
2007.10.11 22:31:33.643,1.41997,1.42017,8.40,2.20
2007.10.11 22:31:33.927,1.41993,1.42013,2.40,1.00
2007.10.11 22:31:34.108,1.41987,1.42012,2.40,20.20
2007.10.11 22:31:34.288,1.41987,1.42007,2.50,1.80
2007.10.11 22:31:34.468,1.41987,1.42007,14.40,1.00
2007.10.11 22:31:34.647,1.4199,1.42006,2.40,12.00
2007.10.11 22:31:34.830,1.41988,1.42012,13.30,6.00
2007.10.11 22:31:35.080,1.41991,1.42016,1.20,7.20
2007.10.11 22:31:35.315,1.41997,1.42017,21.60,2.40
2007.10.11 22:31:36.216,1.41996,1.42016,14.40,13.60
2007.10.11 22:31:36.412,1.4199,1.4201,15.60,7.80
2007.10.11 22:31:36.608,1.41983,1.42013,20.40,6.00
2007.10.11 22:31:36.802,1.4199,1.4201,16.00,5.40
2007.10.11 22:31:43.044,1.41995,1.42015,3.00,7.80
2007.10.11 22:31:43.200,1.42,1.4202,6.00,6.00
2007.10.11 22:31:43.328,1.42003,1.42023,4.20,10.30
2007.10.11 22:31:43.584,1.41996,1.42026,7.80,6.60
2007.10.11 22:31:43.968,1.41993,1.42023,7.80,3.00
2007.10.11 22:31:44.096,1.41994,1.42019,4.20,2.40
2007.10.11 22:31:44.357,1.4199,1.4202,5.40,8.80
2007.10.11 22:31:44.620,1.41995,1.4202,8.40,2.40
2007.10.11 22:31:44.880,1.42,1.4202,13.80,3.60
2007.10.11 22:31:45.140,1.41999,1.42023,1.20,19.10
2007.10.11 22:31:45.364,1.41998,1.42028,3.00,1.20
2007.10.11 22:31:45.602,1.41998,1.42028,9.00,3.00
2007.10.11 22:31:45.830,1.42005,1.4202,2.40,4.80
2007.10.11 22:31:46.283,1.42004,1.42019,24.00,3.00
2007.10.11 22:31:46.402,1.42007,1.42017,6.60,2.40
2007.10.11 22:31:46.527,1.42001,1.42026,2.40,1.20
2007.10.11 22:31:46.646,1.42004,1.42024,11.40,15.00
2007.10.11 22:31:46.766,1.42003,1.42028,19.20,5.40
2007.10.11 22:31:46.886,1.42002,1.42027,4.80,7.20
2007.10.11 22:31:47.503,1.41997,1.42027,3.00,4.80
2007.10.11 22:31:49.105,1.41996,1.42026,8.40,5.40
2007.10.11 22:31:49.136,1.41995,1.42025,12.60,10.20
2007.10.11 22:31:49.194,1.41993,1.42023,3.00,7.20
2007.10.11 22:31:49.222,1.41991,1.42021,7.20,1.80
2007.10.11 22:31:49.314,1.41991,1.42016,1.00,7.20
2007.10.11 22:31:49.400,1.4199,1.42015,5.40,2.40
2007.10.11 22:31:51.602,1.41985,1.4202,2.40,8.60
2007.10.11 22:31:51.754,1.41988,1.42018,5.40,6.60
2007.10.11 22:31:54.317,1.41992,1.42017,5.20,4.50
2007.10.11 22:31:54.521,1.41996,1.42016,11.00,1.80
2007.10.11 22:31:54.755,1.41998,1.42018,1.20,17.80
2007.10.11 22:32:10.490,1.42022,1.42052,6.00,6.60
2007.10.11 22:32:11.348,1.42011,1.42036,9.60,1.00
2007.10.11 22:32:24.432,1.42015,1.42035,4.80,10.80
2007.10.11 22:32:26.871,1.42029,1.42054,7.80,11.40
2007.10.11 22:32:39.567,1.42046,1.42066,9.60,3.00
2007.10.11 22:32:41.100,1.42046,1.42066,6.00,2.40
2007.10.11 22:32:41.782,1.42041,1.42061,7.80,6.00
2007.10.11 22:32:41.950,1.42036,1.42056,2.40,6.00
2007.10.11 22:32:42.048,1.42028,1.42048,6.60,7.20
2007.10.11 22:32:42.779,1.42018,1.42043,1.00,2.40
2007.10.11 22:32:53.857,1.42016,1.42036,2.40,3.60
2007.10.11 22:33:00.418,1.42008,1.42028,1.20,4.20
2007.10.11 22:33:00.938,1.42004,1.42024,14.60,1.20
2007.10.11 22:33:01.199,1.41998,1.42028,4.80,10.80
2007.10.11 22:33:01.293,1.41997,1.42027,10.20,4.80
2007.10.11 22:33:17.073,1.42003,1.42023,16.20,2.60
2007.10.11 22:33:17.419,1.41998,1.42028,2.40,11.40
2007.10.11 22:33:17.522,1.41998,1.42022,9.60,10.80
2007.10.11 22:33:17.629,1.41994,1.4202,4.20,4.80
2007.10.11 22:33:17.636,1.41996,1.4202,12.60,2.40
2007.10.11 22:33:32.876,1.42003,1.42023,6.00,3.00
2007.10.11 22:33:34.743,1.42007,1.42027,11.60,2.40
2007.10.11 22:33:38.733,1.42008,1.42028,1.00,7.80
2007.10.11 22:33:42.304,1.42007,1.42027,7.80,4.80
2007.10.11 22:33:42.577,1.42005,1.42029,5.20,7.20
2007.10.11 22:33:42.752,1.42009,1.42029,4.80,11.40
2007.10.11 22:33:42.914,1.42012,1.42032,7.20,7.00
2007.10.11 22:33:43.077,1.42014,1.4203,9.00,4.80
2007.10.11 22:33:48.692,1.42012,1.42026,16.20,1.80
2007.10.11 22:33:49.057,1.4201,1.42024,2.40,1.10
2007.10.11 22:33:49.090,1.42005,1.42025,12.60,2.40
2007.10.11 22:33:52.862,1.42004,1.42024,9.00,6.40
2007.10.11 22:33:52.937,1.42,1.42025,6.70,4.80
2007.10.11 22:33:53.116,1.42002,1.42022,3.00,1.00
2007.10.11 22:33:53.224,1.42004,1.4202,11.40,13.80
2007.10.11 22:33:53.314,1.42004,1.42019,1.20,5.40
2007.10.11 22:33:55.857,1.42002,1.42018,6.30,2.40
2007.10.11 22:34:05.383,1.42017,1.42031,19.80,6.10
2007.10.11 22:34:05.538,1.42012,1.42022,1.00,4.80
2007.10.11 22:34:07.725,1.42004,1.42019,10.20,6.00
2007.10.11 22:34:07.830,1.42,1.42015,35.40,2.40
2007.10.11 22:34:09.077,1.41999,1.42014,2.40,21.40
2007.10.11 22:34:09.451,1.42001,1.42016,8.40,6.00
2007.10.11 22:34:09.527,1.41999,1.42019,2.40,4.20
2007.10.11 22:34:09.612,1.42001,1.42021,15.60,7.20
2007.10.11 22:34:09.972,1.42001,1.42021,13.80,10.80
2007.10.11 22:34:10.173,1.41995,1.42025,2.40,1.00
2007.10.11 22:34:11.946,1.41995,1.42025,4.80,6.00
2007.10.11 22:34:12.246,1.41997,1.42021,1.00,8.40
2007.10.11 22:34:12.346,1.41998,1.42018,3.00,2.40
2007.10.11 22:34:12.644,1.41994,1.42014,22.80,16.60
2007.10.11 22:34:12.856,1.41996,1.42012,15.60,9.00
2007.10.11 22:34:20.325,1.42001,1.42005,7.30,2.40
2007.10.11 22:34:23.131,1.42002,1.42006,6.00,10.50
2007.10.11 22:34:30.542,1.41987,1.42023,4.80,7.20
2007.10.11 22:34:36.469,1.41998,1.42013,2.40,21.40
2007.10.11 22:34:36.723,1.41999,1.42014,9.70,4.20
2007.10.11 22:34:36.917,1.41995,1.42015,2.40,2.70
2007.10.11 22:34:37.110,1.41994,1.42014,2.40,2.40
2007.10.11 22:34:38.714,1.41987,1.42022,2.40,12.40
2007.10.11 22:34:41.882,1.41996,1.42021,11.60,8.40
2007.10.11 22:34:42.014,1.41998,1.42024,1.00,8.40
2007.10.11 22:34:42.146,1.41999,1.42023,1.80,22.90
2007.10.11 22:34:42.278,1.41994,1.42024,6.60,4.80
2007.10.11 22:34:42.411,1.41991,1.42021,3.60,13.60
2007.10.11 22:34:45.703,1.41991,1.42021,4.80,8.90
2007.10.11 22:34:45.957,1.41995,1.42019,1.80,2.70
2007.10.11 22:34:46.166,1.41998,1.42018,2.40,1.60
2007.10.11 22:34:46.379,1.41999,1.42019,2.20,2.50
2007.10.11 22:34:46.589,1.42003,1.42019,1.80,9.00
2007.10.11 22:34:46.736,1.42002,1.42022,22.80,16.60
2007.10.11 22:34:50.268,1.41995,1.4203,9.60,10.80
2007.10.11 22:34:50.432,1.42004,1.42024,5.40,15.40
2007.10.11 22:34:50.668,1.42007,1.42022,11.40,9.70
2007.10.11 22:34:51.081,1.42005,1.42025,1.20,10.20
2007.10.11 22:34:51.180,1.42007,1.42027,12.60,2.40
2007.10.11 22:34:52.604,1.42015,1.42021,4.80,4.20
2007.10.11 22:35:08.825,1.41994,1.4202,6.00,9.00
2007.10.11 22:35:09.886,1.41991,1.42016,7.20,4.80
2007.10.11 22:35:10.111,1.41993,1.42008,2.40,6.60
2007.10.11 22:35:10.220,1.41989,1.42009,5.40,11.40
2007.10.11 22:35:10.344,1.41999,1.42004,20.20,2.40
2007.10.11 22:35:10.572,1.42002,1.42007,7.20,5.80
2007.10.11 22:35:11.698,1.41999,1.42019,4.80,7.20
2007.10.11 22:35:12.302,1.42003,1.42018,4.20,10.20
2007.10.11 22:35:12.506,1.42003,1.42018,1.00,9.60
2007.10.11 22:35:12.801,1.42004,1.42019,3.60,2.40
2007.10.11 22:35:13.094,1.42002,1.42017,7.80,4.80
2007.10.11 22:35:13.742,1.41988,1.42028,2.40,1.00
2007.10.11 22:35:13.798,1.41982,1.42028,1.20,5.40
2007.10.11 22:35:13.912,1.41984,1.42024,4.80,4.80
2007.10.11 22:35:14.089,1.41992,1.42012,7.80,2.40
2007.10.11 22:35:14.149,1.41983,1.42018,2.40,2.40
2007.10.11 22:35:14.493,1.41994,1.42004,7.20,29.60
2007.10.11 22:35:14.693,1.41988,1.42008,1.20,15.40
2007.10.11 22:35:16.494,1.41987,1.42012,6.00,1.00
2007.10.11 22:35:16.686,1.41994,1.42009,3.60,10.20
2007.10.11 22:35:16.882,1.41998,1.42013,5.40,2.40
2007.10.11 22:35:17.078,1.41992,1.42022,2.40,12.60
2007.10.11 22:35:17.341,1.42006,1.42011,20.50,8.40
2007.10.11 22:35:17.606,1.42001,1.42016,1.20,16.50
2007.10.11 22:35:17.869,1.41996,1.42016,12.60,1.80
2007.10.11 22:35:18.285,1.42,1.4201,10.80,3.30
2007.10.11 22:35:18.385,1.41999,1.42009,2.40,1.60
2007.10.11 22:35:18.482,1.42,1.42005,7.80,7.80
2007.10.11 22:35:18.625,1.41996,1.42006,25.80,12.00
2007.10.11 22:35:18.662,1.41995,1.42005,1.00,2.40
2007.10.11 22:35:18.694,1.41996,1.42006,4.20,2.40
2007.10.11 22:35:18.726,1.41995,1.4201,1.20,12.70
2007.10.11 22:35:22.020,1.41994,1.42008,4.80,1.00
2007.10.11 22:35:23.550,1.41992,1.42007,9.00,11.70
2007.10.11 22:35:24.122,1.41993,1.42003,10.50,1.00
2007.10.11 22:35:24.157,1.41993,1.41999,10.20,9.10
2007.10.11 22:35:24.326,1.4199,1.42,24.00,1.00
2007.10.11 22:35:24.359,1.41987,1.42007,4.20,11.40
2007.10.11 22:35:24.542,1.41987,1.42012,7.80,1.00
2007.10.11 22:35:26.449,1.41994,1.42014,17.40,2.40
2007.10.11 22:35:26.625,1.42004,1.42014,4.80,8.40
2007.10.11 22:35:26.800,1.42007,1.42021,23.40,2.40
2007.10.11 22:35:26.902,1.42014,1.42028,14.40,17.40
2007.10.11 22:35:26.946,1.42014,1.42029,13.60,15.40
2007.10.11 22:35:29.050,1.42009,1.42023,21.00,13.80
2007.10.11 22:35:29.455,1.42007,1.42017,3.00,10.50
2007.10.11 22:35:29.522,1.42004,1.42014,2.10,7.80
2007.10.11 22:35:29.770,1.41998,1.42018,5.40,15.10
2007.10.11 22:35:29.970,1.42,1.4202,3.00,4.80
2007.10.11 22:35:29.992,1.42003,1.42018,4.80,7.20
2007.10.11 22:35:30.146,1.42001,1.42015,4.80,14.40
2007.10.11 22:35:31.957,1.41998,1.42012,5.40,11.40
2007.10.11 22:35:32.802,1.41994,1.42009,6.60,11.70
2007.10.11 22:35:33.052,1.41992,1.42002,17.40,21.60
2007.10.11 22:35:33.177,1.41991,1.42001,17.40,4.80
2007.10.11 22:35:33.305,1.41989,1.42004,3.60,10.50
2007.10.11 22:35:33.433,1.41992,1.42002,10.80,2.40
2007.10.11 22:35:33.558,1.41991,1.42006,4.80,2.40
2007.10.11 22:35:33.682,1.41993,1.42008,15.00,1.20
2007.10.11 22:35:33.767,1.41992,1.42007,5.40,2.40
2007.10.11 22:35:35.766,1.41991,1.42005,1.80,1.00
2007.10.11 22:35:36.307,1.4199,1.42005,6.00,9.40
2007.10.11 22:35:36.858,1.41989,1.42003,6.60,2.40
2007.10.11 22:35:37.374,1.4199,1.42005,1.20,2.40
2007.10.11 22:35:37.498,1.41991,1.42006,2.40,27.60
2007.10.11 22:35:37.738,1.41993,1.42008,7.80,4.80
2007.10.11 22:35:37.861,1.41991,1.42011,12.00,6.00
2007.10.11 22:35:37.986,1.41993,1.42013,7.80,8.40
2007.10.11 22:35:38.385,1.41993,1.42007,5.40,12.40
2007.10.11 22:35:38.526,1.4199,1.42005,21.90,9.00
2007.10.11 22:35:39.534,1.41987,1.42002,11.40,5.70
2007.10.11 22:35:39.630,1.41985,1.42,1.00,16.80
2007.10.11 22:35:39.824,1.41986,1.41996,3.60,7.20
2007.10.11 22:35:40.022,1.41988,1.41998,14.40,9.00
2007.10.11 22:35:40.122,1.41992,1.41996,2.40,6.60
2007.10.11 22:35:40.220,1.41994,1.41999,6.00,6.00
2007.10.11 22:35:40.379,1.41991,1.42006,7.20,4.80
2007.10.11 22:35:40.525,1.41992,1.42007,3.60,4.80
2007.10.11 22:35:41.105,1.41995,1.4201,24.40,19.80
2007.10.11 22:35:41.252,1.41996,1.42011,12.00,6.00
2007.10.11 22:35:41.450,1.41995,1.42015,9.00,4.80
2007.10.11 22:35:42.754,1.41996,1.42016,7.80,8.40
2007.10.11 22:35:42.916,1.41998,1.42013,4.80,7.20
2007.10.11 22:35:43.079,1.41996,1.42011,7.20,5.40
2007.10.11 22:35:43.242,1.41994,1.42014,7.20,10.30
2007.10.11 22:35:43.401,1.41994,1.42014,2.40,7.20
2007.10.11 22:35:43.618,1.41994,1.42014,2.44,1.00
2007.10.11 22:35:43.834,1.41997,1.42007,26.40,21.00
2007.10.11 22:35:44.914,1.41993,1.42009,22.80,9.00
2007.10.11 22:35:45.058,1.41989,1.42005,6.00,2.40
2007.10.11 22:35:45.134,1.41992,1.42002,1.00,6.60
2007.10.11 22:35:45.207,1.41986,1.42006,10.80,5.40
2007.10.11 22:35:45.439,1.41989,1.42003,7.20,4.20
2007.10.11 22:35:46.216,1.41987,1.42003,9.00,6.00
2007.10.11 22:35:46.756,1.41984,1.41999,1.20,10.20
2007.10.11 22:35:46.924,1.4198,1.41996,9.10,4.80
2007.10.11 22:35:48.626,1.41979,1.41999,2.40,6.70
2007.10.11 22:35:48.766,1.41988,1.42003,11.40,2.40
2007.10.11 22:35:49.054,1.41998,1.42003,12.60,2.40
2007.10.11 22:35:49.196,1.41995,1.42009,10.20,4.80
2007.10.11 22:35:49.320,1.41996,1.42011,15.70,4.80
2007.10.11 22:35:49.444,1.41997,1.42007,12.00,9.30
2007.10.11 22:35:49.566,1.41994,1.42009,6.00,28.20
2007.10.11 22:35:50.910,1.41996,1.42012,3.00,6.00
2007.10.11 22:35:51.026,1.42003,1.42008,3.00,7.20
2007.10.11 22:35:51.142,1.42003,1.42013,15.00,8.40
2007.10.11 22:35:51.378,1.42007,1.42012,1.80,7.20
2007.10.11 22:35:51.614,1.42008,1.42013,15.00,2.40
2007.10.11 22:35:52.082,1.42004,1.42014,9.20,2.40
2007.10.11 22:35:52.318,1.42002,1.42012,1.00,11.10
2007.10.11 22:35:52.486,1.42001,1.42011,5.40,22.80
2007.10.11 22:35:52.653,1.41995,1.42015,2.40,9.40
2007.10.11 22:35:52.822,1.41998,1.42013,6.60,7.20
2007.10.11 22:35:52.999,1.42002,1.42012,7.80,14.40
2007.10.11 22:35:53.167,1.42004,1.42014,2.40,12.70
2007.10.11 22:35:54.862,1.42005,1.4202,18.00,7.20
2007.10.11 22:35:55.034,1.42011,1.42016,10.80,7.80
2007.10.11 22:35:55.120,1.4201,1.42015,20.40,6.30
2007.10.11 22:35:55.289,1.42001,1.42021,5.40,8.40
2007.10.11 22:35:55.376,1.41999,1.42019,19.80,6.00
2007.10.11 22:35:55.463,1.41997,1.42017,4.80,11.40
2007.10.11 22:35:55.561,1.41995,1.42015,7.80,3.00
2007.10.11 22:35:55.649,1.41996,1.42011,4.80,2.40
2007.10.11 22:35:55.733,1.41995,1.4201,6.00,4.80
2007.10.11 22:35:55.869,1.41995,1.4201,6.00,4.20
2007.10.11 22:35:56.004,1.41996,1.42011,21.00,4.20
2007.10.11 22:35:56.273,1.41994,1.42014,12.60,4.80
2007.10.11 22:35:56.409,1.41998,1.42013,7.20,26.80
2007.10.11 22:35:56.544,1.41999,1.42014,8.40,7.90
2007.10.11 22:35:56.681,1.42,1.42015,3.00,16.00
2007.10.11 22:35:56.929,1.42003,1.42013,6.00,2.40
2007.10.11 22:36:01.208,1.41995,1.42009,24.00,9.00
2007.10.11 22:36:01.449,1.41995,1.42015,3.00,11.70
2007.10.11 22:36:01.993,1.41999,1.42019,2.40,1.00
2007.10.11 22:36:02.093,1.42,1.4202,2.40,15.00
2007.10.11 22:36:02.192,1.42004,1.42019,4.80,1.20
2007.10.11 22:36:02.292,1.41998,1.42023,2.40,15.40
2007.10.11 22:36:02.392,1.41998,1.42023,2.40,2.40
2007.10.11 22:36:02.488,1.42,1.4202,12.60,3.00
2007.10.11 22:36:02.573,1.42005,1.42015,5.40,3.00
2007.10.11 22:36:02.768,1.42004,1.42019,22.20,1.00
2007.10.11 22:36:03.979,1.42002,1.42018,20.40,2.40
2007.10.11 22:36:04.247,1.42,1.42016,10.20,21.70
2007.10.11 22:36:04.328,1.41992,1.42016,11.40,4.80
2007.10.11 22:36:04.395,1.41989,1.42009,8.40,6.00
2007.10.11 22:36:04.529,1.41982,1.42002,4.80,1.00
2007.10.11 22:36:04.593,1.41984,1.41994,4.80,2.40
2007.10.11 22:36:04.997,1.41987,1.41997,6.60,8.40
2007.10.11 22:36:08.007,1.41989,1.42005,6.60,4.20
2007.10.11 22:36:08.097,1.41989,1.42014,22.80,3.00
2007.10.11 22:36:13.881,1.41996,1.42011,6.00,2.40
2007.10.11 22:36:14.063,1.41998,1.42013,9.60,4.20
2007.10.11 22:36:17.719,1.41999,1.42015,1.00,7.20
2007.10.11 22:36:18.213,1.42006,1.42011,8.40,3.10
2007.10.11 22:36:41.043,1.42003,1.42018,5.40,15.10
2007.10.11 22:36:41.311,1.42003,1.42023,7.80,16.80
2007.10.11 22:36:41.493,1.42008,1.42028,3.00,9.90
2007.10.11 22:36:41.532,1.42015,1.42029,11.60,8.40
2007.10.11 22:36:41.648,1.42017,1.42031,5.40,16.40
2007.10.11 22:36:41.687,1.42011,1.42025,11.40,1.90
2007.10.11 22:36:43.357,1.42002,1.42026,19.80,4.80
2007.10.11 22:36:43.524,1.42001,1.42021,3.00,4.80
2007.10.11 22:36:43.863,1.42001,1.42021,5.00,7.20
2007.10.11 22:36:44.213,1.42005,1.42021,1.00,7.20
2007.10.11 22:36:44.554,1.42008,1.42023,3.60,2.40
2007.10.11 22:36:45.097,1.42008,1.42023,1.00,12.40
2007.10.11 22:36:45.185,1.42015,1.4202,16.50,2.40
2007.10.11 22:36:45.801,1.42008,1.42023,2.40,2.40
2007.10.11 22:36:46.054,1.42008,1.42018,17.10,1.90
2007.10.11 22:36:46.148,1.42006,1.42016,4.80,7.20
2007.10.11 22:36:46.236,1.41999,1.42014,8.40,6.00
2007.10.11 22:36:47.414,1.41996,1.42011,2.40,5.40
2007.10.11 22:36:47.530,1.42,1.42005,7.80,9.60
2007.10.11 22:36:47.792,1.41999,1.42003,9.20,6.00
2007.10.11 22:37:04.295,1.41993,1.42007,15.00,2.40
2007.10.11 22:37:05.947,1.41991,1.42007,7.20,29.60
2007.10.11 22:37:09.375,1.41993,1.42008,3.60,4.80
2007.10.11 22:37:10.111,1.41992,1.42012,10.20,3.00
2007.10.11 22:37:10.354,1.41997,1.42011,4.80,9.70
2007.10.11 22:37:10.759,1.41996,1.42012,2.40,15.60
2007.10.11 22:37:10.875,1.41995,1.42015,8.40,1.80
2007.10.11 22:37:10.992,1.41997,1.42017,6.60,4.20
2007.10.11 22:37:11.220,1.42001,1.42016,4.80,7.20
2007.10.11 22:37:11.416,1.42003,1.42018,6.00,8.40
2007.10.11 22:37:11.708,1.42001,1.42021,21.00,13.80
2007.10.11 22:37:11.807,1.42002,1.42022,4.90,2.40
2007.10.11 22:37:12.004,1.42003,1.42023,4.80,6.10
2007.10.11 22:37:12.199,1.42001,1.42021,9.00,4.80
2007.10.11 22:37:12.300,1.42002,1.42017,13.80,7.20
2007.10.11 22:37:12.575,1.41999,1.42014,6.00,3.00
2007.10.11 22:37:12.851,1.41998,1.42013,9.60,6.00
2007.10.11 22:37:13.129,1.42,1.4201,4.20,18.30
2007.10.11 22:37:13.385,1.41998,1.42008,6.60,15.40
2007.10.11 22:37:13.641,1.41998,1.42008,12.00,10.80
2007.10.11 22:37:13.897,1.41998,1.42008,9.90,6.00
2007.10.11 22:37:14.152,1.41987,1.42017,2.40,7.90
2007.10.11 22:37:14.407,1.41997,1.42002,4.80,2.40
2007.10.11 22:37:14.470,1.41996,1.42001,26.80,2.40
2007.10.11 22:37:14.533,1.41996,1.42001,7.80,4.80
2007.10.11 22:37:14.725,1.41997,1.42002,4.80,12.60
2007.10.11 22:37:14.789,1.42,1.42005,7.80,1.80
2007.10.11 22:37:14.853,1.42004,1.42008,3.00,16.90
2007.10.11 22:37:15.097,1.42006,1.4201,6.00,2.40
2007.10.11 22:37:15.161,1.42007,1.42012,1.00,2.40
2007.10.11 22:37:15.225,1.42004,1.42018,6.00,2.40
2007.10.11 22:37:15.289,1.42004,1.42019,7.20,4.80
2007.10.11 22:37:15.352,1.42008,1.42018,1.20,3.00
2007.10.11 22:37:15.636,1.42003,1.42027,7.50,4.80
2007.10.11 22:37:17.467,1.42007,1.42021,13.20,1.00
2007.10.11 22:37:17.869,1.42005,1.4202,13.60,2.40
2007.10.11 22:37:18.002,1.42005,1.42015,1.80,8.40
2007.10.11 22:37:18.139,1.42006,1.42011,4.80,2.40
2007.10.11 22:37:18.274,1.41997,1.42013,17.40,2.40
2007.10.11 22:37:18.410,1.41992,1.42012,9.60,4.80
2007.10.11 22:37:18.559,1.41991,1.42011,9.20,6.00
2007.10.11 22:37:18.694,1.41989,1.42009,12.60,4.80
2007.10.11 22:37:19.175,1.41991,1.42005,3.60,18.00
2007.10.11 22:37:21.785,1.41989,1.42009,2.40,1.20
2007.10.11 22:37:22.011,1.41991,1.42006,6.60,6.00
2007.10.11 22:37:22.137,1.41988,1.42008,2.40,2.40
2007.10.11 22:37:22.259,1.41989,1.42009,8.80,22.30
2007.10.11 22:37:22.385,1.41991,1.42006,1.00,2.80
2007.10.11 22:37:22.455,1.4199,1.42005,6.00,10.50
2007.10.11 22:37:22.507,1.41985,1.42,9.60,1.20
2007.10.11 22:37:22.633,1.4198,1.41995,1.80,8.80
2007.10.11 22:37:22.756,1.41977,1.41993,6.60,2.40
2007.10.11 22:37:22.880,1.4198,1.41995,1.00,10.50
2007.10.11 22:37:25.280,1.41983,1.41998,8.40,6.00
2007.10.11 22:37:25.462,1.41983,1.42003,6.60,12.60
2007.10.11 22:37:25.486,1.41986,1.42006,6.00,1.00
2007.10.11 22:37:27.877,1.4199,1.4201,8.40,2.40
2007.10.11 22:37:29.079,1.41998,1.42012,8.40,2.40
2007.10.11 22:37:29.767,1.41997,1.42017,10.20,8.50
2007.10.11 22:37:29.871,1.42001,1.42016,7.20,6.00
2007.10.11 22:37:29.966,1.42002,1.42017,17.10,1.90
2007.10.11 22:37:30.296,1.42003,1.42018,1.00,7.20
2007.10.11 22:37:32.839,1.42006,1.42016,13.20,2.40
2007.10.11 22:37:33.909,1.42003,1.42017,5.40,6.10
2007.10.11 22:37:35.695,1.42001,1.42015,3.00,3.00
2007.10.11 22:37:36.125,1.42,1.42015,2.40,1.00
2007.10.11 22:37:38.799,1.42001,1.42016,2.40,2.40
2007.10.11 22:37:39.956,1.42001,1.42017,7.20,4.70
2007.10.11 22:37:44.384,1.42003,1.42017,2.40,2.40
2007.10.11 22:37:44.725,1.42005,1.42015,10.80,4.80
2007.10.11 22:37:45.297,1.42005,1.42015,7.20,4.80
2007.10.11 22:37:45.374,1.41999,1.42019,5.40,3.00
2007.10.11 22:37:45.474,1.41998,1.42018,8.40,12.60
2007.10.11 22:37:45.872,1.41998,1.42018,12.60,17.70
2007.10.11 22:37:45.951,1.41999,1.42019,4.80,4.80
2007.10.11 22:37:46.095,1.42004,1.42019,3.00,9.40
2007.10.11 22:37:46.484,1.42004,1.42019,3.00,4.80
2007.10.11 22:37:46.809,1.4201,1.42016,4.20,12.00
2007.10.11 22:37:47.003,1.42005,1.42015,11.60,4.80
2007.10.11 22:37:47.088,1.42004,1.42014,11.40,1.00
2007.10.11 22:37:47.186,1.41999,1.42019,9.00,2.40
2007.10.11 22:37:47.375,1.41995,1.4202,26.40,13.50
2007.10.11 22:37:47.551,1.41999,1.42014,7.20,26.80
2007.10.11 22:37:47.727,1.41997,1.42013,7.20,1.00
2007.10.11 22:37:48.825,1.41995,1.42011,1.80,4.80
2007.10.11 22:37:49.021,1.41999,1.42009,18.60,3.30
2007.10.11 22:37:49.216,1.41999,1.42013,5.40,9.40
2007.10.11 22:37:49.515,1.42001,1.42011,2.40,22.20
2007.10.11 22:37:50.116,1.41997,1.42017,6.00,3.10
2007.10.11 22:37:50.416,1.41998,1.42018,11.40,1.00
2007.10.11 22:37:50.714,1.41996,1.42016,5.80,3.60
2007.10.11 22:37:50.764,1.41995,1.42015,6.60,3.00
2007.10.11 22:37:50.883,1.41991,1.42017,9.00,20.50
2007.10.11 22:37:50.992,1.41995,1.42015,6.00,2.70
2007.10.11 22:37:51.205,1.41994,1.42019,2.40,3.00
2007.10.11 22:37:51.302,1.41996,1.42021,2.40,1.00
2007.10.11 22:37:51.320,1.42,1.42025,4.80,5.60
2007.10.11 22:37:51.431,1.42006,1.42026,6.00,2.40
2007.10.11 22:37:51.502,1.42009,1.42029,5.40,21.00
2007.10.11 22:37:51.636,1.42013,1.42033,8.40,8.40
2007.10.11 22:37:51.755,1.42016,1.42036,5.40,2.70
2007.10.11 22:37:53.897,1.42018,1.42038,1.20,5.40
2007.10.11 22:38:04.538,1.42017,1.42033,2.40,6.60
2007.10.11 22:38:04.669,1.42011,1.42026,3.00,6.90
2007.10.11 22:38:05.655,1.42004,1.42019,2.40,15.60
2007.10.11 22:38:05.995,1.41998,1.42013,1.80,6.30
2007.10.11 22:38:06.137,1.41993,1.42013,7.80,9.00
2007.10.11 22:38:06.281,1.41998,1.42008,10.20,9.10
2007.10.11 22:38:06.425,1.41997,1.42012,5.40,9.60
2007.10.11 22:38:06.709,1.41994,1.42014,24.30,4.00
2007.10.11 22:38:07.038,1.41998,1.42013,27.60,4.80
2007.10.11 22:38:09.547,1.41999,1.42014,7.20,4.80
2007.10.11 22:38:09.655,1.42,1.42015,9.60,1.80
2007.10.11 22:38:09.815,1.42001,1.42017,2.40,1.20
2007.10.11 22:38:10.180,1.42001,1.42016,2.40,12.40
2007.10.11 22:38:10.238,1.42007,1.42011,7.20,5.40
2007.10.11 22:38:10.527,1.42008,1.42012,4.80,4.80
2007.10.11 22:38:13.197,1.42008,1.42012,9.00,4.80
2007.10.11 22:38:16.006,1.42001,1.42017,9.40,4.80
2007.10.11 22:38:16.191,1.42001,1.42016,1.20,3.00
2007.10.11 22:38:16.553,1.42003,1.42017,1.00,6.60
2007.10.11 22:38:16.737,1.42001,1.42016,2.40,6.90
2007.10.11 22:38:16.922,1.41995,1.42021,6.00,4.80
2007.10.11 22:38:17.019,1.41994,1.42019,20.40,6.30
2007.10.11 22:38:25.648,1.41995,1.42015,16.00,5.40
2007.10.11 22:38:31.925,1.41994,1.42014,13.60,2.40
2007.10.11 22:38:33.122,1.41989,1.42014,5.40,2.40
2007.10.11 22:38:33.559,1.41988,1.42013,1.80,14.00
2007.10.11 22:38:33.699,1.41988,1.42008,6.60,7.20
2007.10.11 22:38:33.807,1.4198,1.42005,17.40,4.80
2007.10.11 22:38:33.915,1.4198,1.41995,13.80,7.20
2007.10.11 22:38:33.970,1.41979,1.41994,2.40,12.00
2007.10.11 22:38:34.027,1.41982,1.41997,7.20,4.80
2007.10.11 22:38:34.761,1.4199,1.42,6.60,4.80
2007.10.11 22:38:35.133,1.41995,1.42005,7.80,4.80
2007.10.11 22:38:35.208,1.41993,1.42013,3.00,2.40
2007.10.11 22:38:35.307,1.41996,1.42016,2.40,1.20
2007.10.11 22:38:36.901,1.41997,1.42021,10.20,2.40
2007.10.11 22:38:37.209,1.41997,1.42023,2.40,13.30
2007.10.11 22:38:37.518,1.41999,1.42023,12.00,1.90
2007.10.11 22:38:39.233,1.42007,1.42017,7.80,1.00
2007.10.11 22:38:39.283,1.41997,1.42021,4.80,1.80
2007.10.11 22:38:39.349,1.41994,1.4202,2.40,8.40
2007.10.11 22:38:41.431,1.41991,1.42016,11.40,1.00
2007.10.11 22:38:43.278,1.41992,1.42012,6.70,4.80
2007.10.11 22:38:43.597,1.41989,1.42015,13.80,4.80
2007.10.11 22:38:44.279,1.41988,1.42018,3.00,9.60
2007.10.11 22:38:44.594,1.41989,1.42019,8.40,17.80
2007.10.11 22:38:44.910,1.41987,1.42017,9.00,2.40
2007.10.11 22:38:44.946,1.41986,1.42016,4.50,4.80
2007.10.11 22:38:45.024,1.41987,1.42007,2.40,8.40
2007.10.11 22:38:45.141,1.41984,1.42004,1.00,11.60
2007.10.11 22:38:45.167,1.41982,1.42002,3.00,10.20
2007.10.11 22:38:45.280,1.41984,1.41999,4.80,3.60
2007.10.11 22:38:45.326,1.41985,1.42,3.00,7.90
2007.10.11 22:38:45.353,1.41981,1.42001,14.80,3.00
2007.10.11 22:38:45.683,1.4198,1.42,20.20,2.40
2007.10.11 22:39:00.249,1.41977,1.42001,7.20,7.80
2007.10.11 22:39:00.293,1.41975,1.42,4.80,6.00
2007.10.11 22:39:04.927,1.41975,1.42001,1.80,5.50
2007.10.11 22:39:05.473,1.41978,1.42003,8.70,2.40
2007.10.11 22:39:09.198,1.41982,1.42007,46.80,4.80
2007.10.11 22:39:09.425,1.41989,1.42013,4.80,12.60
2007.10.11 22:39:09.544,1.41995,1.42019,8.40,7.20
2007.10.11 22:39:14.577,1.41997,1.42022,9.60,4.80
2007.10.11 22:39:14.734,1.42001,1.42011,9.60,1.00
2007.10.11 22:39:19.376,1.41983,1.42009,5.40,9.00
2007.10.11 22:39:19.656,1.41969,1.41993,9.60,3.00
2007.10.11 22:39:19.879,1.41963,1.41987,13.20,15.60
2007.10.11 22:39:21.026,1.41966,1.41996,9.00,1.20
2007.10.11 22:39:21.205,1.41974,1.42,7.80,2.40
2007.10.11 22:39:21.337,1.41984,1.42004,8.40,1.00
2007.10.11 22:39:21.434,1.41987,1.42007,6.00,10.50
2007.10.11 22:39:21.619,1.41987,1.42007,8.50,1.00
2007.10.11 22:39:21.655,1.41986,1.42006,8.40,4.20
2007.10.11 22:39:21.763,1.41991,1.42005,4.80,11.40
2007.10.11 22:39:22.818,1.41994,1.42004,10.20,4.20
2007.10.11 22:39:26.641,1.41996,1.42006,9.20,5.30
2007.10.11 22:39:28.685,1.41997,1.42007,7.80,12.00
2007.10.11 22:39:29.112,1.41998,1.42008,20.40,6.00
2007.10.11 22:39:29.196,1.41996,1.42006,9.00,1.20
2007.10.11 22:39:29.278,1.41993,1.42013,7.80,6.10
2007.10.11 22:39:32.872,1.41998,1.42024,3.00,4.80
2007.10.11 22:39:39.498,1.4201,1.42034,10.20,2.40
2007.10.11 22:39:39.904,1.42022,1.42032,9.60,3.00
2007.10.11 22:39:42.423,1.42009,1.42035,2.40,9.30
2007.10.11 22:39:43.082,1.42002,1.42027,6.00,2.40
2007.10.11 22:39:43.424,1.41994,1.4202,13.20,5.90
2007.10.11 22:39:43.524,1.41988,1.42012,6.00,2.40
2007.10.11 22:39:43.624,1.41982,1.42008,9.00,10.20
2007.10.11 22:39:43.724,1.41975,1.42005,2.40,9.40
2007.10.11 22:39:43.823,1.41974,1.42004,10.20,5.20
2007.10.11 22:39:45.612,1.41981,1.41996,6.60,4.20
2007.10.11 22:39:47.146,1.41976,1.42006,4.80,10.60
2007.10.11 22:39:47.416,1.41981,1.42006,4.80,6.60
2007.10.11 22:39:47.700,1.41986,1.42011,13.80,6.40
2007.10.11 22:39:47.842,1.41992,1.42012,4.80,4.80
2007.10.11 22:39:47.987,1.41998,1.42013,11.40,7.50
2007.10.11 22:39:48.131,1.42002,1.42012,10.20,2.40
2007.10.11 22:39:48.433,1.42003,1.42018,7.20,4.80
2007.10.11 22:39:51.220,1.42002,1.42027,3.00,1.00
2007.10.11 22:39:51.838,1.42005,1.42029,23.40,4.20
2007.10.11 22:40:00.591,1.42005,1.42029,2.40,11.40
2007.10.11 22:40:00.720,1.42002,1.42022,2.40,2.40
2007.10.11 22:40:01.041,1.42004,1.42014,2.40,1.00
2007.10.11 22:40:07.123,1.41998,1.42018,6.00,3.00
2007.10.11 22:40:11.299,1.41996,1.42021,3.00,1.80
2007.10.11 22:40:11.966,1.41997,1.42022,8.40,2.70
2007.10.11 22:40:16.691,1.42006,1.42016,7.20,3.20
2007.10.11 22:40:16.955,1.41999,1.42023,9.00,13.20
2007.10.11 22:40:28.407,1.41994,1.4202,11.40,2.40
2007.10.11 22:40:28.523,1.41989,1.42015,3.00,8.80
2007.10.11 22:40:28.639,1.41989,1.41999,12.00,3.00
2007.10.11 22:40:28.988,1.41985,1.41995,6.00,8.20
2007.10.11 22:40:29.216,1.4199,1.42,6.60,7.20
2007.10.11 22:40:29.332,1.41994,1.42004,1.00,11.70
2007.10.11 22:40:29.446,1.41995,1.42005,3.00,4.80
2007.10.11 22:40:29.663,1.41991,1.42011,13.20,1.00
2007.10.11 22:40:30.691,1.41993,1.42013,8.40,7.80
2007.10.11 22:40:32.841,1.42001,1.42011,7.20,11.50
2007.10.11 22:40:34.927,1.42005,1.42015,15.60,9.00
2007.10.11 22:40:38.294,1.42004,1.42024,5.40,1.20
2007.10.11 22:40:38.434,1.42009,1.42025,5.40,6.60
2007.10.11 22:40:38.698,1.4201,1.4203,21.60,6.00
2007.10.11 22:40:40.445,1.42013,1.42037,4.80,7.20
2007.10.11 22:40:40.737,1.42015,1.42035,2.40,10.20
2007.10.11 22:40:42.460,1.42011,1.42031,6.40,10.20
2007.10.11 22:40:42.876,1.42007,1.42027,7.80,7.78
2007.10.11 22:40:43.092,1.42001,1.42021,6.00,10.80
2007.10.11 22:40:45.400,1.41997,1.42017,8.40,6.00
2007.10.11 22:40:45.451,1.41993,1.42013,7.20,3.60
2007.10.11 22:40:45.496,1.4199,1.4201,9.70,7.80
2007.10.11 22:40:45.615,1.4199,1.4201,2.40,6.90
2007.10.11 22:40:53.796,1.41991,1.42011,2.40,1.00
2007.10.11 22:40:54.450,1.4199,1.4201,3.00,1.90
2007.10.11 22:40:54.557,1.41986,1.42006,9.00,3.60
2007.10.11 22:40:54.646,1.41982,1.42006,1.80,2.40
2007.10.11 22:41:14.110,1.41977,1.42001,26.10,1.80
2007.10.11 22:41:14.210,1.41975,1.42,3.00,17.10
2007.10.11 22:41:14.404,1.41971,1.42001,4.80,13.60
2007.10.11 22:41:14.494,1.41973,1.42003,3.60,10.50
2007.10.11 22:41:17.387,1.41971,1.42006,3.00,6.90
2007.10.11 22:41:17.594,1.41973,1.42008,8.40,4.80
2007.10.11 22:41:17.803,1.41977,1.42007,24.60,2.40
2007.10.11 22:41:18.359,1.41975,1.42005,5.40,4.50
2007.10.11 22:41:18.527,1.41977,1.42002,6.00,8.70
2007.10.11 22:41:18.561,1.41976,1.42001,2.40,6.10
2007.10.11 22:41:18.707,1.41974,1.42004,1.00,7.20
2007.10.11 22:41:18.743,1.41976,1.42006,2.40,9.30
2007.10.11 22:41:18.779,1.41977,1.42007,30.00,2.40
2007.10.11 22:41:18.847,1.41978,1.42008,3.00,2.40
2007.10.11 22:41:18.883,1.41978,1.42003,12.60,2.40
2007.10.11 22:41:19.070,1.41978,1.41998,4.80,18.10
2007.10.11 22:41:19.134,1.41976,1.41996,1.00,7.80
2007.10.11 22:41:19.214,1.41973,1.41997,19.80,5.80
2007.10.11 22:41:30.010,1.4197,1.41994,7.80,2.40
2007.10.11 22:41:30.554,1.41965,1.41989,8.40,7.20
2007.10.11 22:41:31.099,1.41958,1.41984,1.80,16.50
2007.10.11 22:41:31.459,1.41962,1.41982,6.60,1.00
2007.10.11 22:41:31.783,1.41975,1.41985,18.00,2.40
2007.10.11 22:41:31.820,1.41977,1.41997,7.20,6.00
2007.10.11 22:41:31.859,1.41978,1.42002,4.80,2.40
2007.10.11 22:41:31.895,1.41979,1.42004,8.40,3.60
2007.10.11 22:41:31.963,1.41978,1.42003,4.80,4.80
2007.10.11 22:41:31.999,1.41977,1.42001,3.00,6.40
2007.10.11 22:41:32.032,1.41976,1.42,9.00,26.40
2007.10.11 22:41:35.299,1.41971,1.41997,6.90,7.20
2007.10.11 22:41:35.415,1.41972,1.41996,24.00,9.00
2007.10.11 22:41:35.643,1.41974,1.41994,1.00,8.40
2007.10.11 22:41:35.759,1.41972,1.41996,1.00,16.10
2007.10.11 22:41:35.875,1.41971,1.41997,6.00,6.60
2007.10.11 22:41:35.991,1.41975,1.41995,11.40,4.90
2007.10.11 22:41:36.219,1.41969,1.42004,5.40,6.60
2007.10.11 22:41:36.516,1.41973,1.42003,24.00,3.00
2007.10.11 22:41:36.817,1.41977,1.42002,3.60,7.90
2007.10.11 22:41:37.119,1.41977,1.42007,4.80,17.50
2007.10.11 22:41:37.630,1.41982,1.42007,3.00,2.80
2007.10.11 22:41:37.679,1.41985,1.4201,9.60,22.00
2007.10.11 22:41:37.771,1.41989,1.42009,5.40,2.10
2007.10.11 22:41:37.817,1.41986,1.42011,5.40,2.40
2007.10.11 22:41:37.866,1.41985,1.4201,6.60,3.00
2007.10.11 22:41:37.913,1.41983,1.42003,7.80,22.80
2007.10.11 22:41:38.097,1.41978,1.41998,2.40,1.00
2007.10.11 22:41:38.289,1.41978,1.41988,4.80,3.00
2007.10.11 22:41:38.427,1.41974,1.41984,2.40,1.00
2007.10.11 22:41:42.818,1.41973,1.41983,4.80,9.60
2007.10.11 22:41:43.231,1.41975,1.41989,10.20,2.40
2007.10.11 22:41:43.634,1.41978,1.42004,3.60,3.90
2007.10.11 22:41:43.737,1.41998,1.42008,8.40,6.00
2007.10.11 22:41:44.041,1.42005,1.4201,16.20,0.50
2007.10.11 22:41:44.146,1.41999,1.42009,16.80,7.80
2007.10.11 22:41:44.249,1.41994,1.42004,4.80,7.20
2007.10.11 22:41:44.513,1.41985,1.4201,1.00,4.80
2007.10.11 22:41:44.751,1.41981,1.42011,9.20,6.00
2007.10.11 22:41:45.041,1.41985,1.42005,10.20,4.80
2007.10.11 22:41:45.307,1.41987,1.42003,2.40,16.90
2007.10.11 22:41:45.587,1.41985,1.42,4.80,2.40
2007.10.11 22:41:45.798,1.41981,1.42001,2.40,4.80
2007.10.11 22:41:45.995,1.41983,1.41997,6.30,2.40
2007.10.11 22:41:46.091,1.41979,1.41999,2.40,8.80
2007.10.11 22:41:46.185,1.4198,1.41995,7.20,1.20
2007.10.11 22:41:46.489,1.41981,1.41995,6.60,8.40
2007.10.11 22:41:47.731,1.41982,1.41992,3.60,2.40
2007.10.11 22:41:48.211,1.4198,1.4199,1.80,8.40
2007.10.11 22:41:48.457,1.41978,1.41993,2.40,6.00
2007.10.11 22:41:48.567,1.41979,1.41994,14.00,2.40
2007.10.11 22:41:48.780,1.41978,1.42003,1.20,15.40
2007.10.11 22:41:49.531,1.41977,1.42007,28.80,19.80
2007.10.11 22:41:50.226,1.41974,1.42009,3.00,10.20
2007.10.11 22:41:50.478,1.41973,1.42008,6.00,5.20
2007.10.11 22:41:50.821,1.41974,1.42004,14.60,1.20
2007.10.11 22:41:51.182,1.41973,1.42003,2.40,15.00
2007.10.11 22:41:51.628,1.41984,1.41989,1.00,4.80
2007.10.11 22:41:51.866,1.41981,1.41986,4.80,6.60
2007.10.11 22:41:52.183,1.41981,1.41986,20.40,1.00
2007.10.11 22:41:52.401,1.41985,1.4199,2.40,7.20
2007.10.11 22:41:55.138,1.41989,1.41994,21.00,1.00
2007.10.11 22:41:55.358,1.4199,1.41995,13.20,8.40
2007.10.11 22:41:55.642,1.4199,1.41995,2.40,13.60
2007.10.11 22:41:55.926,1.41987,1.41997,1.20,5.40
2007.10.11 22:42:02.189,1.41985,1.41995,14.40,11.40
2007.10.11 22:42:02.361,1.41976,1.42001,4.80,9.00
2007.10.11 22:42:02.917,1.41976,1.42001,12.10,2.40
2007.10.11 22:42:03.563,1.41976,1.42001,8.40,6.90
2007.10.11 22:42:03.797,1.41987,1.41991,7.20,1.80
2007.10.11 22:42:04.254,1.41978,1.42003,4.80,1.20
2007.10.11 22:42:04.495,1.41987,1.41997,3.00,17.40
2007.10.11 22:42:04.733,1.41986,1.41996,18.00,1.20
2007.10.11 22:42:04.974,1.41978,1.42003,6.60,8.40
2007.10.11 22:42:06.845,1.41976,1.4201,5.40,2.40
2007.10.11 22:42:07.785,1.41992,1.41997,4.80,5.40
2007.10.11 22:42:08.078,1.41986,1.42006,19.80,2.40
2007.10.11 22:42:08.203,1.41996,1.42001,6.60,3.00
2007.10.11 22:42:08.366,1.41997,1.42002,3.00,16.00
2007.10.11 22:42:08.423,1.41998,1.42003,3.00,16.00
2007.10.11 22:42:08.478,1.41997,1.42007,11.40,6.00
2007.10.11 22:42:09.416,1.41995,1.42005,3.00,1.20
2007.10.11 22:42:09.610,1.41994,1.42004,11.40,3.00
2007.10.11 22:42:09.710,1.41991,1.42001,10.00,2.40
2007.10.11 22:42:09.861,1.41987,1.42003,1.80,4.20
2007.10.11 22:42:10.980,1.41987,1.41997,7.20,14.20
2007.10.11 22:42:11.149,1.41984,1.41994,13.80,5.40
2007.10.11 22:42:11.565,1.41983,1.41993,7.80,4.90
2007.10.11 22:42:11.772,1.41982,1.41992,5.40,10.80
2007.10.11 22:42:11.978,1.41976,1.41996,9.60,9.00
2007.10.11 22:42:13.065,1.41967,1.42007,1.00,2.40
2007.10.11 22:42:13.957,1.41976,1.42,21.00,13.80
2007.10.11 22:42:14.043,1.41974,1.42,2.40,18.60
2007.10.11 22:42:14.128,1.41973,1.41999,5.40,6.60
2007.10.11 22:42:14.370,1.41972,1.41998,2.40,3.30
2007.10.11 22:42:15.043,1.4197,1.42,1.20,7.20
2007.10.11 22:42:15.453,1.41971,1.42001,7.80,4.80
2007.10.11 22:42:17.776,1.4197,1.42,6.00,13.20
2007.10.11 22:42:23.712,1.41977,1.41987,4.10,4.80
2007.10.11 22:42:23.965,1.41965,1.41995,13.60,4.80
2007.10.11 22:42:24.300,1.41966,1.41986,5.40,2.40
2007.10.11 22:42:25.588,1.41959,1.41993,7.20,1.00
2007.10.11 22:42:25.705,1.41972,1.41992,13.60,2.40
2007.10.11 22:42:25.883,1.41978,1.41992,20.40,3.00
2007.10.11 22:42:28.213,1.41983,1.41993,12.60,4.80
2007.10.11 22:42:29.048,1.41983,1.41993,2.40,8.40
2007.10.11 22:42:29.443,1.41976,1.41996,16.00,5.40
2007.10.11 22:42:29.593,1.41973,1.41993,2.40,1.20
2007.10.11 22:42:29.727,1.4197,1.4199,10.20,4.80
2007.10.11 22:42:29.864,1.41969,1.41989,12.60,10.20
2007.10.11 22:42:30.265,1.41974,1.41984,5.40,11.40
2007.10.11 22:42:30.473,1.41972,1.41982,2.40,1.20
2007.10.11 22:42:31.629,1.41971,1.41981,1.20,4.80
2007.10.11 22:42:31.927,1.41972,1.41982,11.40,7.80
2007.10.11 22:42:32.227,1.41974,1.41984,1.20,1.80
2007.10.11 22:42:34.052,1.4197,1.4199,4.80,8.10
2007.10.11 22:42:34.321,1.41974,1.41989,11.40,7.80
2007.10.11 22:42:36.358,1.41979,1.41989,6.80,1.00
2007.10.11 22:42:36.992,1.41983,1.41988,1.00,14.70
2007.10.11 22:42:40.030,1.41988,1.41993,1.20,4.80
2007.10.11 22:42:40.324,1.41989,1.41994,21.40,2.40
2007.10.11 22:42:40.472,1.4199,1.41995,2.40,6.00
2007.10.11 22:42:40.619,1.41991,1.41996,5.40,2.40
2007.10.11 22:42:40.766,1.41991,1.41997,18.30,9.10
2007.10.11 22:42:40.928,1.41991,1.41995,2.40,18.60
2007.10.11 22:42:43.560,1.41984,1.42,4.80,11.70
2007.10.11 22:42:43.961,1.41983,1.41998,9.60,1.80
2007.10.11 22:42:47.832,1.41979,1.41999,12.00,8.40
2007.10.11 22:42:48.828,1.41982,1.41992,2.40,6.00
2007.10.11 22:42:48.879,1.41969,1.42003,6.00,22.00
2007.10.11 22:42:49.008,1.41977,1.41991,9.60,4.80
2007.10.11 22:42:49.540,1.41974,1.41994,10.80,6.00
2007.10.11 22:42:49.684,1.41976,1.41991,13.20,4.80
2007.10.11 22:42:49.968,1.41983,1.41993,7.20,6.30
2007.10.11 22:42:50.112,1.41991,1.42001,6.00,14.20
2007.10.11 22:42:50.256,1.42004,1.42008,8.40,5.40
2007.10.11 22:42:50.400,1.42008,1.42013,5.40,4.80
2007.10.11 22:42:50.544,1.42004,1.4201,8.40,5.40
2007.10.11 22:42:50.688,1.41999,1.42004,3.60,2.40
2007.10.11 22:42:50.992,1.4199,1.42,3.00,12.00
2007.10.11 22:42:51.296,1.41984,1.41999,1.00,3.00
2007.10.11 22:42:51.600,1.41982,1.41992,5.40,10.90
2007.10.11 22:42:51.760,1.4198,1.4199,4.80,4.80
2007.10.11 22:42:51.920,1.41978,1.41988,4.80,8.40
2007.10.11 22:42:52.081,1.41972,1.41992,2.40,6.00
2007.10.11 22:42:53.008,1.41974,1.41989,3.00,6.90
2007.10.11 22:42:53.092,1.41973,1.41988,4.80,7.20
2007.10.11 22:42:53.257,1.41967,1.41992,3.60,7.90
2007.10.11 22:42:53.708,1.41978,1.41983,1.20,6.00
2007.10.11 22:42:53.975,1.41979,1.41984,9.00,3.00
2007.10.11 22:42:55.172,1.41979,1.41989,2.40,2.70
2007.10.11 22:42:55.377,1.41973,1.41998,4.80,14.40
2007.10.11 22:42:55.579,1.41974,1.41999,22.80,2.40
2007.10.11 22:42:55.784,1.41986,1.41991,7.20,8.80
2007.10.11 22:42:55.900,1.41985,1.41995,7.20,5.40
2007.10.11 22:42:56.015,1.4198,1.42001,30.00,2.50
2007.10.11 22:42:56.136,1.41987,1.41997,8.20,7.20
2007.10.11 22:42:56.253,1.41986,1.41997,1.20,8.80
2007.10.11 22:42:56.367,1.41985,1.41995,18.00,1.20
2007.10.11 22:43:04.534,1.41974,1.42004,7.20,7.40
2007.10.11 22:43:05.327,1.41975,1.41999,29.40,3.00
2007.10.11 22:43:11.458,1.41973,1.41997,4.10,4.80
2007.10.11 22:43:11.980,1.4197,1.4199,2.40,21.40
2007.10.11 22:43:12.277,1.41972,1.41982,4.80,9.00
2007.10.11 22:43:18.094,1.41963,1.41989,4.80,4.80
2007.10.11 22:43:24.245,1.41973,1.41983,6.00,8.40
2007.10.11 22:43:29.567,1.4197,1.41994,2.40,15.00
2007.10.11 22:43:29.851,1.41975,1.42005,4.80,12.10
2007.10.11 22:43:30.130,1.41987,1.42017,12.00,4.80
2007.10.11 22:43:30.892,1.42005,1.42015,12.10,2.40
2007.10.11 22:43:32.413,1.41994,1.42024,10.20,3.10
2007.10.11 22:43:41.324,1.41992,1.42018,6.60,13.20
2007.10.11 22:43:43.014,1.41992,1.42007,3.00,6.00
2007.10.11 22:43:48.036,1.4198,1.4201,24.00,3.00
2007.10.11 22:43:48.331,1.41978,1.42008,6.60,13.60
2007.10.11 22:43:48.486,1.41981,1.42011,3.00,3.00
2007.10.11 22:43:48.646,1.41988,1.42013,2.40,7.80
2007.10.11 22:43:48.804,1.41995,1.42015,21.90,2.40
2007.10.11 22:44:06.176,1.42027,1.42047,4.80,4.30
2007.10.11 22:44:06.260,1.42023,1.42043,8.40,5.40
2007.10.11 22:44:06.560,1.42017,1.42042,2.40,12.40
2007.10.11 22:44:06.880,1.42013,1.42038,4.80,5.30
2007.10.11 22:44:11.536,1.42008,1.42038,7.80,4.80
2007.10.11 22:44:11.655,1.42005,1.42035,9.00,2.40
2007.10.11 22:44:11.978,1.42005,1.42035,4.80,11.40
2007.10.11 22:44:12.098,1.42004,1.42034,2.40,8.40
2007.10.11 22:44:12.218,1.42002,1.42032,20.50,8.40
2007.10.11 22:44:13.914,1.42001,1.42031,2.25,4.80
2007.10.11 22:44:14.062,1.42003,1.42028,4.80,7.20
2007.10.11 22:44:14.210,1.42003,1.42028,19.20,3.30
2007.10.11 22:44:14.358,1.42004,1.42029,11.40,13.20
2007.10.11 22:44:14.506,1.42003,1.42033,11.40,2.40
2007.10.11 22:44:14.561,1.42004,1.42029,3.60,10.30
2007.10.11 22:44:14.670,1.42005,1.42025,7.80,18.60
2007.10.11 22:44:14.726,1.42004,1.42024,7.20,1.20
2007.10.11 22:44:14.782,1.42003,1.42023,7.30,1.00
2007.10.11 22:44:14.839,1.42003,1.42023,7.20,6.78
2007.10.11 22:44:15.004,1.41999,1.42023,3.60,18.10
2007.10.11 22:44:15.062,1.41997,1.42022,18.30,12.00
2007.10.11 22:44:15.121,1.41998,1.42018,4.50,4.80
2007.10.11 22:44:15.212,1.41995,1.42021,6.60,4.80
2007.10.11 22:44:15.337,1.41996,1.42022,7.80,4.80
2007.10.11 22:44:15.820,1.42003,1.42019,11.40,8.40
2007.10.11 22:44:16.317,1.42009,1.42019,4.80,7.20
2007.10.11 22:44:17.022,1.42014,1.42024,2.40,6.00
2007.10.11 22:44:17.302,1.42019,1.42029,4.80,7.20
2007.10.11 22:44:19.392,1.42028,1.42038,1.00,10.50
2007.10.11 22:44:19.637,1.42034,1.42044,3.00,14.50
2007.10.11 22:44:19.892,1.42031,1.42051,6.60,19.30
2007.10.11 22:44:24.124,1.42024,1.42044,36.00,13.80
2007.10.11 22:44:24.281,1.42014,1.42039,8.40,4.80
2007.10.11 22:44:24.416,1.42007,1.42032,22.80,2.40
2007.10.11 22:44:24.558,1.42004,1.42028,16.20,2.40
2007.10.11 22:44:25.948,1.41997,1.42027,3.60,4.80
2007.10.11 22:44:26.289,1.41994,1.42024,5.40,9.00
2007.10.11 22:44:26.632,1.41993,1.42018,4.80,2.40
2007.10.11 22:44:27.719,1.41989,1.42019,13.80,4.80
2007.10.11 22:44:27.789,1.4199,1.42015,8.40,3.00
2007.10.11 22:44:28.057,1.4199,1.42015,13.20,4.20
2007.10.11 22:44:28.311,1.41993,1.42013,7.50,2.40
2007.10.11 22:44:28.570,1.41994,1.42014,7.20,2.40
2007.10.11 22:44:29.006,1.41993,1.42018,3.60,4.20
2007.10.11 22:44:29.186,1.41997,1.42017,2.40,11.50
2007.10.11 22:44:29.214,1.41996,1.42021,2.40,4.80
2007.10.11 22:44:29.241,1.41997,1.42017,9.20,2.40
2007.10.11 22:44:29.293,1.41996,1.42016,10.20,4.80
2007.10.11 22:44:29.537,1.41995,1.42015,5.40,7.30
2007.10.11 22:44:29.642,1.41995,1.42015,2.20,1.00
2007.10.11 22:44:29.862,1.42001,1.42011,7.80,4.80
2007.10.11 22:44:32.546,1.42002,1.42012,6.00,10.20
2007.10.11 22:44:33.489,1.41997,1.42007,8.40,5.40
2007.10.11 22:44:33.797,1.41986,1.41996,7.20,7.30
2007.10.11 22:44:34.383,1.41978,1.41982,4.80,11.40
2007.10.11 22:44:34.456,1.41973,1.41977,6.60,1.00
2007.10.11 22:44:34.786,1.41975,1.41991,13.80,7.20
2007.10.11 22:44:39.467,1.41982,1.42002,2.40,5.40
2007.10.11 22:44:39.643,1.4199,1.4201,4.80,8.10
2007.10.11 22:44:45.780,1.41994,1.42014,2.40,1.00
2007.10.11 22:44:45.903,1.41998,1.42012,3.60,2.40
2007.10.11 22:44:46.063,1.42001,1.42011,3.00,6.60
2007.10.11 22:44:47.300,1.4199,1.4202,2.40,4.80
2007.10.11 22:44:49.101,1.41998,1.42008,3.60,2.40
2007.10.11 22:44:49.130,1.42,1.4201,2.40,6.90
2007.10.11 22:44:49.261,1.41999,1.42009,6.60,4.80
2007.10.11 22:44:51.493,1.41994,1.42014,5.40,17.80
2007.10.11 22:44:51.729,1.41991,1.42016,7.20,12.00
2007.10.11 22:44:51.964,1.41993,1.42018,3.00,2.40
2007.10.11 22:44:52.086,1.41992,1.42017,11.60,4.80
2007.10.11 22:44:56.302,1.4199,1.4202,1.20,2.40
2007.10.11 22:44:56.643,1.41994,1.42019,10.20,12.00
2007.10.11 22:44:56.997,1.41994,1.42019,4.80,17.20
2007.10.11 22:44:57.058,1.41999,1.42009,7.20,1.20
2007.10.11 22:44:57.178,1.41992,1.42007,12.60,4.80
2007.10.11 22:44:57.238,1.41984,1.41999,7.20,16.80
2007.10.11 22:44:57.297,1.41974,1.41989,2.50,13.80
2007.10.11 22:44:57.363,1.41967,1.41987,4.80,6.88
2007.10.11 22:45:01.872,1.41975,1.41999,1.00,4.20
2007.10.11 22:45:02.418,1.41967,1.41997,1.80,6.00
2007.10.11 22:45:02.487,1.41965,1.4199,2.40,6.00
2007.10.11 22:45:02.543,1.41963,1.41988,11.40,4.80
2007.10.11 22:45:02.716,1.4196,1.41985,4.80,7.20
2007.10.11 22:45:04.700,1.41958,1.41978,2.40,4.00
2007.10.11 22:45:04.969,1.41954,1.41974,3.00,9.90
2007.10.11 22:45:05.237,1.41951,1.41971,4.80,1.00
2007.10.11 22:45:05.505,1.41951,1.41971,13.80,10.80
2007.10.11 22:45:05.773,1.41953,1.41968,8.40,3.00
2007.10.11 22:45:09.749,1.41953,1.41973,2.40,6.00
2007.10.11 22:45:15.809,1.41961,1.41971,6.00,9.40
2007.10.11 22:45:17.633,1.41961,1.41976,15.00,15.60
2007.10.11 22:45:18.096,1.41964,1.41974,3.00,2.70
2007.10.11 22:45:18.192,1.4196,1.4198,4.80,6.00
2007.10.11 22:45:18.287,1.41958,1.41978,6.00,11.50
2007.10.11 22:45:18.348,1.4196,1.4198,2.40,11.20
2007.10.11 22:45:18.660,1.41961,1.41981,15.70,4.80
2007.10.11 22:45:18.743,1.41959,1.41984,7.50,2.40
2007.10.11 22:45:18.852,1.4196,1.41985,4.30,4.80
2007.10.11 22:45:18.948,1.41959,1.41989,4.80,1.20
2007.10.11 22:45:19.044,1.4196,1.4199,10.80,3.00
2007.10.11 22:45:19.385,1.41959,1.41989,7.20,4.80
2007.10.11 22:45:20.061,1.41958,1.41988,4.80,6.60
2007.10.11 22:45:20.388,1.41958,1.41988,15.00,1.00
2007.10.11 22:45:20.597,1.41961,1.41986,3.00,13.00
2007.10.11 22:45:20.793,1.41963,1.41983,24.00,2.40
2007.10.11 22:45:20.990,1.41961,1.41981,7.20,1.20
2007.10.11 22:45:21.201,1.41968,1.41978,13.20,4.80
2007.10.11 22:45:21.404,1.41966,1.41986,1.00,10.20
2007.10.11 22:45:21.693,1.41969,1.41994,6.00,7.20
2007.10.11 22:45:21.834,1.41973,1.42003,2.40,3.30
2007.10.11 22:45:21.981,1.41981,1.42001,9.60,5.00
2007.10.11 22:45:22.121,1.41975,1.42,4.30,4.80
2007.10.11 22:45:22.260,1.41968,1.41993,8.40,17.80
2007.10.11 22:45:22.400,1.41961,1.41986,21.00,1.90
2007.10.11 22:45:22.543,1.41955,1.41985,4.80,1.00
2007.10.11 22:45:22.628,1.41957,1.41977,8.50,1.00
2007.10.11 22:45:22.710,1.41956,1.41976,16.20,4.80
2007.10.11 22:45:22.815,1.41956,1.41976,1.00,16.80
2007.10.11 22:45:23.422,1.41953,1.41979,2.40,7.00
2007.10.11 22:45:24.422,1.41957,1.41977,2.40,15.00
2007.10.11 22:45:25.534,1.41958,1.41978,18.60,1.20
2007.10.11 22:45:26.529,1.41963,1.41983,3.60,3.00
2007.10.11 22:45:26.819,1.41971,1.41985,1.00,4.80
2007.10.11 22:45:27.665,1.41972,1.41987,2.40,7.80
2007.10.11 22:45:27.773,1.41976,1.41986,8.40,2.40
2007.10.11 22:45:27.983,1.41974,1.41989,8.40,6.00
2007.10.11 22:45:28.093,1.41975,1.41985,28.20,1.80
2007.10.11 22:45:28.200,1.41971,1.41985,6.00,5.40
2007.10.11 22:45:28.461,1.41969,1.41985,2.40,4.80
2007.10.11 22:45:28.529,1.4197,1.4198,9.00,2.40
2007.10.11 22:45:28.761,1.41967,1.41977,42.00,14.40
2007.10.11 22:45:28.829,1.41966,1.41976,7.20,15.00
2007.10.11 22:45:29.029,1.41963,1.41978,1.20,2.40
2007.10.11 22:45:29.095,1.41964,1.41979,3.00,4.20
2007.10.11 22:45:29.627,1.41966,1.41981,3.00,17.40
2007.10.11 22:45:29.895,1.41965,1.41985,12.00,1.20
2007.10.11 22:45:30.164,1.41967,1.41987,2.40,3.00
2007.10.11 22:45:30.837,1.41967,1.41987,8.40,1.60
2007.10.11 22:45:31.010,1.41965,1.41985,1.20,13.60
2007.10.11 22:45:31.189,1.41961,1.41986,14.40,2.40
2007.10.11 22:45:31.497,1.41957,1.41987,6.00,2.40
2007.10.11 22:45:32.981,1.41955,1.41985,1.00,4.80
2007.10.11 22:45:33.217,1.41954,1.41984,4.80,2.40
2007.10.11 22:45:33.452,1.41953,1.41983,4.80,13.20
2007.10.11 22:45:33.571,1.41958,1.41978,6.00,6.00
2007.10.11 22:45:33.679,1.41959,1.41979,3.60,2.40
2007.10.11 22:45:34.420,1.4196,1.4198,2.40,10.60
2007.10.11 22:45:34.667,1.4196,1.4198,2.40,1.80
2007.10.11 22:45:36.306,1.41964,1.41979,2.40,10.30
2007.10.11 22:45:36.455,1.41963,1.41979,6.00,4.80
2007.10.11 22:45:36.604,1.41965,1.41975,7.20,7.80
2007.10.11 22:45:37.740,1.41964,1.41979,6.00,1.00
2007.10.11 22:45:38.001,1.41966,1.41981,4.80,2.40
2007.10.11 22:45:38.260,1.4197,1.4198,4.80,1.20
2007.10.11 22:45:38.521,1.41966,1.41986,2.40,7.20
2007.10.11 22:45:38.617,1.41965,1.41985,6.60,6.00
2007.10.11 22:45:38.713,1.41963,1.41983,6.00,6.40
2007.10.11 22:45:38.808,1.41956,1.41976,5.40,15.00
2007.10.11 22:45:38.903,1.41949,1.41969,2.40,4.80
2007.10.11 22:45:39.000,1.41943,1.41959,3.60,3.30
2007.10.11 22:45:39.507,1.41942,1.41958,3.60,8.80
2007.10.11 22:45:39.791,1.41947,1.41963,6.60,4.20
2007.10.11 22:45:41.165,1.41954,1.4197,2.40,8.10
2007.10.11 22:45:41.343,1.41961,1.41976,5.40,2.40
2007.10.11 22:45:41.523,1.41962,1.41982,19.80,2.40
2007.10.11 22:45:43.261,1.41963,1.41983,9.60,11.70
2007.10.11 22:45:43.319,1.41964,1.41978,1.00,8.40
2007.10.11 22:45:43.663,1.41962,1.41978,4.20,5.80
2007.10.11 22:45:43.783,1.41959,1.41979,2.40,6.00
2007.10.11 22:45:43.832,1.41958,1.41978,5.10,1.00
2007.10.11 22:45:43.879,1.41959,1.41979,19.80,17.40
2007.10.11 22:45:44.184,1.41956,1.41982,2.40,3.30
2007.10.11 22:45:46.905,1.41955,1.41985,4.80,1.00
2007.10.11 22:45:47.365,1.41959,1.41984,2.40,10.60
2007.10.11 22:45:47.677,1.41967,1.41977,2.40,4.00
2007.10.11 22:45:47.987,1.41966,1.4198,11.40,33.10
2007.10.11 22:45:48.338,1.41966,1.41981,22.00,2.70
2007.10.11 22:45:48.519,1.41964,1.41984,12.60,4.80
2007.10.11 22:45:48.697,1.4196,1.41985,3.60,3.00
2007.10.11 22:45:48.871,1.41953,1.41988,1.20,15.40
2007.10.11 22:45:49.049,1.41952,1.41982,7.20,2.40
2007.10.11 22:45:49.173,1.41951,1.41981,4.80,7.20
2007.10.11 22:45:49.946,1.41951,1.41981,1.20,10.80
2007.10.11 22:45:50.011,1.41954,1.41984,24.60,3.00
2007.10.11 22:45:50.192,1.4196,1.41985,13.80,3.00
2007.10.11 22:45:50.726,1.41962,1.41987,2.40,6.00
2007.10.11 22:45:51.037,1.41963,1.41988,15.00,20.40
2007.10.11 22:45:51.716,1.41962,1.41987,7.80,2.40
2007.10.11 22:45:52.057,1.41958,1.41988,4.80,7.20
2007.10.11 22:45:52.165,1.41959,1.41984,4.80,9.40
2007.10.11 22:45:52.272,1.41955,1.41985,1.00,6.40
2007.10.11 22:45:52.489,1.41961,1.41976,6.00,15.40
2007.10.11 22:45:52.597,1.41957,1.41982,4.20,9.00
2007.10.11 22:45:52.705,1.41967,1.41977,7.20,12.60
2007.10.11 22:45:52.813,1.41968,1.41978,15.00,9.00
2007.10.11 22:45:53.028,1.41968,1.41978,7.20,8.80
2007.10.11 22:45:53.240,1.41964,1.41979,3.00,9.40
2007.10.11 22:45:53.293,1.41959,1.41979,14.20,3.00
2007.10.11 22:45:53.455,1.41956,1.41981,6.90,8.40
2007.10.11 22:45:53.511,1.41953,1.41983,5.40,4.80
2007.10.11 22:45:53.619,1.4196,1.4198,6.00,2.40
2007.10.11 22:45:53.783,1.41965,1.4198,6.00,22.00
2007.10.11 22:45:55.693,1.41965,1.41985,7.80,1.00
2007.10.11 22:45:55.937,1.4197,1.4198,2.40,1.20
2007.10.11 22:45:57.493,1.41969,1.41984,2.40,7.80
2007.10.11 22:45:57.541,1.41967,1.41982,1.00,14.70
2007.10.11 22:45:57.637,1.41963,1.41983,4.20,2.40
2007.10.11 22:45:57.685,1.41961,1.41981,9.00,1.90
2007.10.11 22:46:03.826,1.41962,1.41978,2.40,13.00
2007.10.11 22:46:08.594,1.41966,1.41971,4.80,8.50
2007.10.11 22:46:11.248,1.4196,1.41975,1.20,1.00
2007.10.11 22:46:11.605,1.41959,1.41974,4.20,12.00
2007.10.11 22:46:11.966,1.41958,1.41973,2.40,3.30
2007.10.11 22:46:12.145,1.41954,1.41974,2.40,1.00
2007.10.11 22:46:12.462,1.41953,1.41973,2.40,6.00
2007.10.11 22:46:12.778,1.4195,1.41975,6.60,4.80
2007.10.11 22:46:13.093,1.41952,1.41977,2.40,7.20
2007.10.11 22:46:13.474,1.41957,1.41972,15.00,2.40
2007.10.11 22:46:13.810,1.41959,1.41974,6.00,6.60
2007.10.11 22:46:15.558,1.4196,1.41975,6.00,6.00
2007.10.11 22:46:15.734,1.41961,1.41976,7.20,8.80
2007.10.11 22:46:15.890,1.41963,1.41973,2.40,6.10
2007.10.11 22:46:16.200,1.41962,1.41972,2.40,12.00
2007.10.11 22:46:16.357,1.41956,1.41976,2.40,10.60
2007.10.11 22:46:16.859,1.41959,1.41974,13.20,5.90
2007.10.11 22:46:16.890,1.41965,1.4197,1.00,6.00
2007.10.11 22:46:17.068,1.41968,1.41973,2.40,3.30
2007.10.11 22:46:17.110,1.4197,1.41975,6.00,9.00
2007.10.11 22:46:17.351,1.41965,1.41981,4.80,5.20
2007.10.11 22:46:17.692,1.41969,1.41973,6.00,10.80
2007.10.11 22:46:19.306,1.4196,1.41976,8.40,9.60
2007.10.11 22:46:19.454,1.41962,1.41966,2.40,2.70
2007.10.11 22:46:19.748,1.41957,1.41963,12.60,9.60
2007.10.11 22:46:19.977,1.41944,1.41964,6.80,4.80
2007.10.11 22:46:20.204,1.41942,1.41956,13.20,15.60
2007.10.11 22:46:20.435,1.4194,1.4195,10.20,4.80
2007.10.11 22:46:21.228,1.41932,1.41946,1.00,4.80
2007.10.11 22:46:21.399,1.41923,1.41949,2.40,12.60
2007.10.11 22:46:21.745,1.41931,1.41951,38.40,4.80
2007.10.11 22:46:21.915,1.41935,1.41959,8.40,5.10
2007.10.11 22:46:22.046,1.41942,1.41967,6.60,3.00
2007.10.11 22:46:22.303,1.41948,1.41974,22.80,3.00
2007.10.11 22:46:22.689,1.41958,1.41973,11.40,4.80
2007.10.11 22:46:23.169,1.41965,1.41975,7.20,9.00
2007.10.11 22:46:24.016,1.41963,1.41978,24.00,1.00
2007.10.11 22:46:24.553,1.41963,1.41978,2.40,8.70
2007.10.11 22:46:24.822,1.41967,1.41972,1.20,3.00
2007.10.11 22:46:25.346,1.41961,1.41976,4.80,9.60
2007.10.11 22:46:29.488,1.41959,1.41974,2.40,8.40
2007.10.11 22:46:29.949,1.41955,1.4197,3.00,8.40
2007.10.11 22:46:30.801,1.41953,1.41968,12.30,3.00
2007.10.11 22:46:31.304,1.41954,1.41964,9.00,6.00
2007.10.11 22:46:31.556,1.41954,1.41964,7.80,9.00
2007.10.11 22:46:31.735,1.41957,1.41963,3.60,4.80
2007.10.11 22:46:31.892,1.41954,1.41969,2.40,17.80
2007.10.11 22:46:32.024,1.41955,1.4197,4.80,16.60
2007.10.11 22:46:32.068,1.41956,1.41976,2.40,6.50
2007.10.11 22:46:32.112,1.4196,1.4198,21.60,4.80
2007.10.11 22:46:32.270,1.41963,1.41983,6.00,2.40
2007.10.11 22:46:32.589,1.41967,1.41987,8.40,6.00
2007.10.11 22:46:32.899,1.41976,1.41986,1.00,8.40
2007.10.11 22:46:35.758,1.41973,1.41993,7.80,1.00
2007.10.11 22:46:36.182,1.41974,1.41994,17.40,4.80
2007.10.11 22:46:36.378,1.41975,1.4199,6.90,4.80
2007.10.11 22:46:36.585,1.41976,1.41986,3.60,2.40
2007.10.11 22:46:36.781,1.41973,1.41983,10.80,9.70
2007.10.11 22:46:36.977,1.41972,1.41982,2.40,3.00
2007.10.11 22:46:37.175,1.41977,1.41982,9.00,1.80
2007.10.11 22:46:37.353,1.41979,1.41994,4.20,4.00
2007.10.11 22:46:37.707,1.41986,1.42006,2.40,9.30
2007.10.11 22:46:37.782,1.4199,1.42005,6.60,8.40
2007.10.11 22:46:37.897,1.41985,1.41995,14.40,2.40
2007.10.11 22:46:38.881,1.41976,1.41986,1.80,2.40
2007.10.11 22:46:39.121,1.41968,1.41978,15.00,20.40
2007.10.11 22:46:39.321,1.41961,1.41971,7.80,6.60
2007.10.11 22:46:39.732,1.41959,1.41965,1.80,6.00
2007.10.11 22:46:39.934,1.41958,1.41963,3.00,12.00
2007.10.11 22:46:40.148,1.41953,1.41968,3.60,8.80
2007.10.11 22:46:40.345,1.41953,1.41968,6.60,1.00
2007.10.11 22:46:40.387,1.41952,1.41972,16.20,2.40
2007.10.11 22:46:40.476,1.41956,1.41971,1.00,3.00
2007.10.11 22:46:40.678,1.41954,1.41974,7.20,6.60
2007.10.11 22:46:40.693,1.41952,1.41977,17.10,1.90
2007.10.11 22:46:44.373,1.41954,1.41979,3.60,3.00
2007.10.11 22:46:44.554,1.41958,1.41978,6.00,4.80
2007.10.11 22:46:44.734,1.41964,1.41979,4.80,4.80
2007.10.11 22:46:44.913,1.41969,1.41984,4.80,28.00
2007.10.11 22:46:45.081,1.41977,1.41982,39.00,7.80
2007.10.11 22:46:45.249,1.41976,1.41986,13.80,1.00
2007.10.11 22:46:45.417,1.41977,1.41987,5.40,11.20
2007.10.11 22:46:45.585,1.41977,1.41987,4.80,7.80
2007.10.11 22:46:45.753,1.41971,1.41991,9.00,15.10
2007.10.11 22:46:45.921,1.41968,1.41994,9.60,3.00
2007.10.11 22:47:18.764,1.41955,1.41981,5.40,9.00
2007.10.11 22:47:35.483,1.41949,1.41974,9.00,15.40
2007.10.11 22:47:35.866,1.41947,1.41962,1.20,4.80
2007.10.11 22:47:36.445,1.41941,1.41961,7.80,4.80
2007.10.11 22:47:36.623,1.4195,1.41966,9.90,6.00
2007.10.11 22:47:36.880,1.41962,1.41972,20.40,6.30
2007.10.11 22:47:43.155,1.41972,1.41982,7.80,9.00
2007.10.11 22:47:43.409,1.4198,1.4199,1.20,7.60
2007.10.11 22:47:43.412,1.41979,1.41999,2.40,6.00
2007.10.11 22:47:46.961,1.41973,1.41993,1.80,3.00
2007.10.11 22:47:47.241,1.41969,1.41989,4.20,1.00
2007.10.11 22:47:47.522,1.41964,1.41988,3.00,1.00
2007.10.11 22:47:47.662,1.41964,1.41989,2.40,3.60
2007.10.11 22:47:47.805,1.41966,1.41991,1.00,6.00
2007.10.11 22:47:48.004,1.4197,1.4199,3.60,9.00
2007.10.11 22:48:03.207,1.41956,1.41982,5.40,4.80
2007.10.11 22:48:20.719,1.41952,1.41982,2.40,2.40
2007.10.11 22:48:21.059,1.4195,1.41975,6.60,2.40
2007.10.11 22:48:21.399,1.41943,1.41973,9.00,1.80
2007.10.11 22:48:21.599,1.41946,1.41976,4.80,4.80
2007.10.11 22:48:21.799,1.41955,1.41981,15.00,3.00
2007.10.11 22:48:21.898,1.41963,1.41983,9.60,6.00
2007.10.11 22:48:21.999,1.41964,1.41984,2.40,9.00
2007.10.11 22:48:22.099,1.41964,1.41984,4.80,9.80
2007.10.11 22:48:22.203,1.41968,1.41988,7.80,9.00
2007.10.11 22:48:39.371,1.41975,1.41995,2.40,1.80
2007.10.11 22:48:39.679,1.41984,1.42004,1.80,3.60
2007.10.11 22:48:43.066,1.41985,1.42015,32.40,4.80
2007.10.11 22:48:43.538,1.41984,1.42014,6.00,30.00
2007.10.11 22:48:43.753,1.41984,1.42008,9.30,4.80
2007.10.11 22:48:43.970,1.41977,1.42007,2.40,2.50
2007.10.11 22:48:49.259,1.41972,1.42002,7.80,1.50
2007.10.11 22:48:49.375,1.41966,1.41996,10.80,9.70
2007.10.11 22:48:52.071,1.41961,1.41991,13.60,15.40
2007.10.11 22:48:52.251,1.41958,1.41988,5.40,11.40
2007.10.11 22:49:09.902,1.41957,1.41987,8.40,1.00
2007.10.11 22:49:15.219,1.4197,1.4198,17.20,8.80
2007.10.11 22:49:16.216,1.4196,1.4199,7.80,9.60
2007.10.11 22:49:16.850,1.4196,1.4199,2.40,12.70
2007.10.11 22:49:17.069,1.41961,1.41986,8.40,5.40
2007.10.11 22:49:20.124,1.41957,1.41987,6.00,3.90
2007.10.11 22:49:20.404,1.41955,1.41985,7.80,8.40
2007.10.11 22:49:20.545,1.41956,1.41981,4.80,3.60
2007.10.11 22:49:20.684,1.41957,1.41982,7.20,7.80
2007.10.11 22:49:20.752,1.41958,1.41983,2.40,25.60
2007.10.11 22:49:28.417,1.4196,1.4199,3.00,12.40
2007.10.11 22:49:28.881,1.41966,1.41991,12.00,4.80
2007.10.11 22:49:29.121,1.41968,1.41992,2.40,3.00
2007.10.11 22:49:29.361,1.41968,1.41994,3.00,9.60
2007.10.11 22:49:29.600,1.41966,1.41996,4.80,28.00
2007.10.11 22:49:30.363,1.41964,1.41994,1.20,34.40
2007.10.11 22:49:30.588,1.41965,1.4199,2.40,2.90
2007.10.11 22:49:32.465,1.41961,1.41991,3.00,9.40
2007.10.11 22:49:32.560,1.41964,1.41994,20.40,9.00
2007.10.11 22:49:32.658,1.41972,1.42002,1.00,2.40
2007.10.11 22:49:38.528,1.41977,1.42007,5.40,2.40
2007.10.11 22:49:39.185,1.41976,1.42006,4.80,4.30
2007.10.11 22:49:39.624,1.41972,1.42002,4.80,7.20
2007.10.11 22:49:39.709,1.4197,1.41995,8.40,2.40
2007.10.11 22:49:39.793,1.41969,1.41994,2.40,2.40
2007.10.11 22:49:39.877,1.41968,1.41992,2.40,2.40
2007.10.11 22:49:40.043,1.41966,1.41991,4.80,8.80
2007.10.11 22:49:43.325,1.41961,1.41991,1.20,4.80
2007.10.11 22:49:43.561,1.41968,1.41988,4.80,1.00
2007.10.11 22:49:43.843,1.41977,1.41987,5.40,2.40
2007.10.11 22:49:44.265,1.41981,1.41991,18.30,10.20
2007.10.11 22:49:44.326,1.4198,1.41995,8.40,2.40
2007.10.11 22:49:46.341,1.41981,1.41991,5.40,11.40
2007.10.11 22:49:46.541,1.41977,1.41987,9.00,14.10
2007.10.11 22:49:46.640,1.41975,1.41985,4.80,3.00
2007.10.11 22:49:46.741,1.41969,1.41989,2.40,6.00
2007.10.11 22:49:47.000,1.41976,1.41986,7.80,3.00
2007.10.11 22:49:48.617,1.41964,1.41998,2.40,15.60
2007.10.11 22:49:48.848,1.41962,1.41997,31.20,5.40
2007.10.11 22:49:49.085,1.41961,1.41986,0.75,4.80
2007.10.11 22:49:49.317,1.41954,1.41974,2.40,10.20
2007.10.11 22:49:49.509,1.41952,1.41972,12.40,6.60
2007.10.11 22:49:51.031,1.41951,1.41981,12.30,3.00
2007.10.11 22:49:51.357,1.41956,1.41986,3.00,9.00
2007.10.11 22:49:51.729,1.41961,1.41985,21.40,4.80
2007.10.11 22:49:51.856,1.41962,1.41987,13.20,4.80
2007.10.11 22:49:52.075,1.4196,1.4199,4.80,8.40
2007.10.11 22:49:52.622,1.41961,1.41991,13.20,4.80
2007.10.11 22:49:52.727,1.41967,1.41987,24.60,4.20
2007.10.11 22:49:52.828,1.41969,1.41989,1.00,4.80
2007.10.11 22:49:55.749,1.4197,1.4199,1.80,2.40
2007.10.11 22:49:55.986,1.41976,1.41986,1.00,4.80
2007.10.11 22:49:56.692,1.41973,1.41988,11.40,4.80
2007.10.11 22:49:56.881,1.41972,1.41987,10.20,4.80
2007.10.11 22:49:57.066,1.41965,1.4199,10.20,4.80
2007.10.11 22:49:57.089,1.41962,1.41987,5.40,4.80
2007.10.11 22:49:57.517,1.41954,1.4199,3.00,7.20
2007.10.11 22:50:05.068,1.41955,1.41985,6.60,7.80
2007.10.11 22:50:05.546,1.41957,1.41987,5.40,15.10
2007.10.11 22:50:05.641,1.4196,1.41985,24.40,19.80
2007.10.11 22:50:05.731,1.41961,1.41986,4.80,4.80
2007.10.11 22:50:05.763,1.4196,1.41985,19.20,5.40
2007.10.11 22:50:05.861,1.41961,1.41986,4.80,6.00
2007.10.11 22:50:07.922,1.41956,1.41986,8.40,7.90
2007.10.11 22:50:08.125,1.41955,1.41985,3.00,7.80
2007.10.11 22:50:08.741,1.41961,1.41976,11.40,3.00
2007.10.11 22:50:09.155,1.41956,1.41981,6.60,2.40
2007.10.11 22:50:09.368,1.41963,1.41978,2.40,6.00
2007.10.11 22:50:10.538,1.41961,1.41981,10.20,15.60
2007.10.11 22:50:10.737,1.41963,1.41983,2.40,10.50
2007.10.11 22:50:10.998,1.41963,1.41978,6.00,5.70
2007.10.11 22:50:11.318,1.41957,1.41982,2.40,2.40
2007.10.11 22:50:11.382,1.41957,1.41982,3.60,3.40
2007.10.11 22:50:11.445,1.4196,1.41976,5.40,7.20
2007.10.11 22:50:11.590,1.41961,1.41977,6.60,4.80
2007.10.11 22:50:11.780,1.41962,1.41978,2.40,1.00
2007.10.11 22:50:11.911,1.41962,1.41978,1.20,2.40
2007.10.11 22:50:12.248,1.41961,1.41977,6.60,4.80
2007.10.11 22:50:13.330,1.41954,1.41984,11.40,1.80
2007.10.11 22:50:14.184,1.41959,1.41983,7.20,2.10
2007.10.11 22:50:15.231,1.41964,1.41974,8.40,5.40
2007.10.11 22:50:15.674,1.41964,1.41974,6.00,72.60
2007.10.11 22:50:15.745,1.41963,1.41973,2.40,8.40
2007.10.11 22:50:15.892,1.4196,1.4198,3.00,1.00
2007.10.11 22:50:16.682,1.41956,1.41986,20.60,2.40
2007.10.11 22:50:16.893,1.41952,1.41982,6.00,6.60
2007.10.11 22:50:17.103,1.41949,1.41973,18.60,3.00
2007.10.11 22:50:17.315,1.41946,1.4197,6.00,2.40
2007.10.11 22:50:18.150,1.41944,1.41974,3.00,2.40
2007.10.11 22:50:18.630,1.41953,1.41973,18.00,2.40
2007.10.11 22:50:18.951,1.41956,1.41976,4.80,9.60
2007.10.11 22:50:19.113,1.41965,1.41975,2.40,6.00
2007.10.11 22:50:19.274,1.41968,1.41973,16.00,5.40
2007.10.11 22:50:19.442,1.41964,1.41974,1.00,2.40
2007.10.11 22:50:19.601,1.41961,1.41971,4.20,9.00
2007.10.11 22:50:19.896,1.41954,1.41974,4.80,2.40
2007.10.11 22:50:20.190,1.41953,1.41973,1.80,4.00
2007.10.11 22:50:20.482,1.41953,1.41978,23.50,4.20
2007.10.11 22:50:21.729,1.41953,1.41983,10.80,18.00
2007.10.11 22:50:22.053,1.4196,1.41985,7.20,12.70
2007.10.11 22:50:22.377,1.41961,1.41986,6.00,5.40
2007.10.11 22:50:23.485,1.41962,1.41987,22.80,3.00
2007.10.11 22:50:23.773,1.41965,1.41989,6.00,9.10
2007.10.11 22:50:24.107,1.41968,1.41988,7.20,5.40
2007.10.11 22:50:24.442,1.41968,1.41988,7.20,9.30
2007.10.11 22:50:24.781,1.41966,1.4199,12.00,2.40
2007.10.11 22:50:24.942,1.41962,1.41988,2.40,5.40
2007.10.11 22:50:25.102,1.41959,1.41985,4.80,15.00
2007.10.11 22:50:25.261,1.41962,1.41977,3.60,4.80
2007.10.11 22:50:25.424,1.41958,1.41982,18.60,3.30
2007.10.11 22:50:25.585,1.41962,1.41982,2.40,13.00
2007.10.11 22:50:25.745,1.41962,1.41988,11.40,6.00
2007.10.11 22:50:25.960,1.41964,1.4199,17.40,2.40
2007.10.11 22:50:26.146,1.41976,1.41982,2.40,13.00
2007.10.11 22:50:26.340,1.41977,1.41991,11.40,2.40
2007.10.11 22:50:27.561,1.41972,1.42008,7.20,9.60
2007.10.11 22:50:27.698,1.41988,1.41998,7.80,2.40
2007.10.11 22:50:28.070,1.41973,1.42003,2.40,12.60
2007.10.11 22:50:28.298,1.41969,1.41999,20.20,2.40
2007.10.11 22:50:28.764,1.41963,1.41998,2.40,1.20
2007.10.11 22:50:28.825,1.41961,1.41996,8.00,1.00
2007.10.11 22:50:29.809,1.41963,1.41993,4.90,5.40
2007.10.11 22:50:30.630,1.41966,1.41991,18.00,4.80
2007.10.11 22:50:30.870,1.41965,1.4199,18.60,9.60
2007.10.11 22:50:31.593,1.41964,1.41994,4.80,1.20
2007.10.11 22:50:31.928,1.41969,1.41989,13.80,3.00
2007.10.11 22:50:36.306,1.41962,1.41992,5.40,11.40
2007.10.11 22:50:36.784,1.41962,1.41987,4.20,6.10
2007.10.11 22:50:36.944,1.41961,1.41981,10.80,9.40
2007.10.11 22:50:37.103,1.41963,1.41978,8.40,3.10
2007.10.11 22:50:37.344,1.41961,1.41981,4.80,13.20
2007.10.11 22:50:38.646,1.41957,1.41987,10.80,8.40
2007.10.11 22:50:49.596,1.41969,1.41984,6.00,5.70
2007.10.11 22:50:53.108,1.41973,1.41983,13.50,8.70
2007.10.11 22:51:07.486,1.41979,1.41999,4.80,5.20
2007.10.11 22:51:14.568,1.41983,1.41993,2.40,4.80
2007.10.11 22:51:14.669,1.41982,1.41987,6.60,1.20
2007.10.11 22:51:14.806,1.41974,1.41989,4.80,8.40
2007.10.11 22:51:14.889,1.41973,1.41988,3.00,8.80
2007.10.11 22:51:15.794,1.41967,1.41997,22.80,16.60
2007.10.11 22:51:16.499,1.41969,1.41999,4.80,3.00
2007.10.11 22:51:16.814,1.41973,1.41998,3.60,3.90
2007.10.11 22:51:17.129,1.41974,1.41999,10.20,2.40
2007.10.11 22:51:17.277,1.41974,1.41999,12.60,5.10
2007.10.11 22:51:19.774,1.41971,1.42001,6.00,6.00
2007.10.11 22:51:20.089,1.41973,1.41998,20.40,9.40
2007.10.11 22:51:20.250,1.41974,1.41994,15.00,4.20
2007.10.11 22:51:20.408,1.41974,1.41994,6.00,8.70
2007.10.11 22:51:20.568,1.41977,1.41997,6.00,7.90
2007.10.11 22:51:20.726,1.41989,1.41999,8.40,4.80
2007.10.11 22:51:22.063,1.41995,1.42005,9.60,14.50
2007.10.11 22:51:22.310,1.41998,1.42008,22.80,2.40
2007.10.11 22:51:22.562,1.41996,1.42006,8.40,4.80
2007.10.11 22:51:22.619,1.41988,1.42008,10.20,2.40
2007.10.11 22:51:24.487,1.41984,1.42004,6.60,5.40
2007.10.11 22:51:24.898,1.41979,1.41999,3.20,5.40
2007.10.11 22:51:24.981,1.41974,1.42,3.00,12.40
2007.10.11 22:51:25.069,1.41975,1.41999,6.60,2.40
2007.10.11 22:51:26.757,1.41972,1.42002,5.40,6.00
2007.10.11 22:51:27.365,1.4197,1.42,6.60,3.00
2007.10.11 22:51:27.670,1.41969,1.41994,5.40,16.40
2007.10.11 22:51:27.834,1.41966,1.41991,7.80,10.90
2007.10.11 22:51:27.999,1.41968,1.41983,7.20,14.10
2007.10.11 22:51:28.165,1.41964,1.41984,8.40,6.90
2007.10.11 22:51:28.332,1.41967,1.41982,1.20,4.80
2007.10.11 22:51:29.739,1.41961,1.41991,9.60,4.80
2007.10.11 22:51:30.674,1.41963,1.41993,4.80,3.60
2007.10.11 22:51:30.788,1.41967,1.41991,7.20,5.40
2007.10.11 22:51:30.917,1.41967,1.41987,9.60,6.60
2007.10.11 22:51:31.033,1.41966,1.41986,2.40,1.80
2007.10.11 22:51:31.148,1.41963,1.41983,3.00,10.20
2007.10.11 22:51:31.260,1.41957,1.41977,10.20,4.80
2007.10.11 22:51:31.425,1.41955,1.41975,2.40,12.70
2007.10.11 22:51:31.591,1.41957,1.41977,2.40,8.70
2007.10.11 22:51:31.759,1.4196,1.4198,3.00,9.40
2007.10.11 22:51:31.928,1.41961,1.41981,10.20,7.20
2007.10.11 22:51:32.097,1.41968,1.41982,13.40,3.00
2007.10.11 22:51:32.262,1.41964,1.4199,29.70,2.40
2007.10.11 22:51:32.306,1.41966,1.41991,1.20,2.70
2007.10.11 22:51:48.099,1.41965,1.41995,5.40,16.40
2007.10.11 22:51:48.203,1.41966,1.41996,3.10,6.30
2007.10.11 22:51:48.652,1.41969,1.41994,4.80,4.80
2007.10.11 22:51:48.704,1.41973,1.41993,2.40,1.20
2007.10.11 22:51:48.888,1.41972,1.41992,21.60,15.60
2007.10.11 22:51:50.043,1.41971,1.41991,3.00,4.80
2007.10.11 22:51:50.402,1.41971,1.41991,10.20,5.50
2007.10.11 22:51:50.593,1.41973,1.41993,3.00,9.60
2007.10.11 22:51:50.774,1.41969,1.41994,4.80,5.50
2007.10.11 22:51:50.882,1.41966,1.41996,15.00,4.80
2007.10.11 22:52:02.361,1.41967,1.41997,3.00,14.50
2007.10.11 22:52:03.021,1.41967,1.41997,7.80,4.80
2007.10.11 22:52:03.487,1.41971,1.41996,1.80,4.80
2007.10.11 22:52:03.724,1.41973,1.41993,10.20,11.70
2007.10.11 22:52:11.463,1.41972,1.41992,4.80,3.00
2007.10.11 22:52:11.753,1.41978,1.41993,6.00,1.00
2007.10.11 22:52:11.895,1.41986,1.42001,3.60,7.90
2007.10.11 22:52:13.124,1.41998,1.42008,2.40,4.80
2007.10.11 22:52:13.252,1.42002,1.42012,2.40,9.30
2007.10.11 22:52:13.555,1.41992,1.42012,3.60,3.20
2007.10.11 22:52:23.785,1.41987,1.42007,5.40,3.60
2007.10.11 22:52:24.013,1.4198,1.42004,16.50,3.00
2007.10.11 22:52:24.353,1.41979,1.41999,18.40,1.00
2007.10.11 22:52:24.693,1.41975,1.42001,42.00,14.40
2007.10.11 22:52:25.033,1.41972,1.42002,20.70,4.80
2007.10.11 22:52:25.293,1.41973,1.41999,4.20,13.80
2007.10.11 22:52:25.804,1.41971,1.41996,10.20,6.60
2007.10.11 22:52:26.067,1.41975,1.4199,5.40,2.40
2007.10.11 22:52:26.313,1.4197,1.41985,8.40,1.00
2007.10.11 22:52:27.585,1.41959,1.41989,36.00,1.80
2007.10.11 22:52:27.957,1.41958,1.41988,2.40,3.70
2007.10.11 22:52:28.209,1.4196,1.4199,4.80,11.80
2007.10.11 22:52:28.337,1.41963,1.41989,3.60,3.20
2007.10.11 22:52:28.464,1.41964,1.41994,12.60,17.70
2007.10.11 22:52:28.665,1.41967,1.41993,2.40,1.00
2007.10.11 22:52:29.503,1.41969,1.41999,5.10,1.00
2007.10.11 22:52:29.842,1.41974,1.41994,3.60,10.20
2007.10.11 22:52:31.021,1.4198,1.4199,7.20,7.80
2007.10.11 22:52:31.196,1.41981,1.41991,1.00,8.40
2007.10.11 22:52:31.533,1.41984,1.41994,7.20,4.80
2007.10.11 22:52:32.825,1.41987,1.41997,8.40,8.40
2007.10.11 22:52:33.069,1.41987,1.41997,1.20,2.70
2007.10.11 22:52:33.207,1.41985,1.42,10.20,11.50
2007.10.11 22:52:33.309,1.41982,1.42002,20.40,2.40
2007.10.11 22:52:33.406,1.41981,1.42001,6.00,10.80
2007.10.11 22:53:16.899,1.4199,1.4201,6.00,8.40
2007.10.11 22:53:17.371,1.41988,1.42008,9.00,2.40
2007.10.11 22:53:17.451,1.41986,1.42011,8.40,9.40
2007.10.11 22:53:17.531,1.41983,1.42008,5.40,10.80
2007.10.11 22:53:22.227,1.41979,1.42009,6.60,5.20
2007.10.11 22:53:22.473,1.4198,1.42004,32.40,4.80
2007.10.11 22:53:22.723,1.41984,1.41994,7.20,7.80
2007.10.11 22:53:51.898,1.41979,1.41995,6.60,7.20
2007.10.11 22:53:52.041,1.4198,1.41984,6.00,1.80
2007.10.11 22:53:52.184,1.41975,1.41979,3.00,9.40
2007.10.11 22:53:53.238,1.41966,1.41986,4.80,2.40
2007.10.11 22:53:54.448,1.41972,1.41982,7.30,2.40
2007.10.11 22:53:54.477,1.41976,1.41982,6.00,5.40
2007.10.11 22:53:54.572,1.41972,1.41987,12.60,4.80
2007.10.11 22:53:54.746,1.41977,1.41987,11.40,2.40
2007.10.11 22:53:54.798,1.4198,1.4199,3.00,7.20
2007.10.11 22:53:56.371,1.41986,1.41996,11.20,12.60
2007.10.11 22:53:56.695,1.41994,1.42004,4.80,7.70
2007.10.11 22:53:56.779,1.41993,1.42013,3.00,6.00
2007.10.11 22:54:04.847,1.41987,1.42007,7.20,4.80
2007.10.11 22:54:05.260,1.41984,1.42004,7.80,16.80
2007.10.11 22:54:05.400,1.41988,1.41998,2.40,6.00
2007.10.11 22:54:05.812,1.41989,1.41999,3.60,5.40
2007.10.11 22:54:05.876,1.41985,1.42005,6.00,2.40
2007.10.11 22:54:05.940,1.41987,1.42007,1.80,7.80
2007.10.11 22:54:07.533,1.41985,1.42005,12.60,5.50
2007.10.11 22:54:07.884,1.41984,1.42004,4.80,11.40
2007.10.11 22:54:07.948,1.41983,1.41993,7.80,9.00
2007.10.11 22:54:09.654,1.41977,1.41987,5.40,13.20
2007.10.11 22:54:09.989,1.41969,1.41989,1.00,2.40
2007.10.11 22:54:12.437,1.41975,1.41995,2.40,3.00
2007.10.11 22:54:12.789,1.41985,1.41995,9.90,3.30
2007.10.11 22:54:13.130,1.4199,1.41996,6.40,1.20
2007.10.11 22:54:13.350,1.41994,1.41998,15.60,1.00
2007.10.11 22:54:14.782,1.41992,1.42002,4.80,4.80
2007.10.11 22:54:14.896,1.41989,1.42005,2.40,11.20
2007.10.11 22:54:15.028,1.41989,1.42004,4.80,9.60
2007.10.11 22:54:15.141,1.41986,1.42002,3.00,2.50
2007.10.11 22:54:17.251,1.41984,1.41994,13.60,15.40
2007.10.11 22:54:17.509,1.41982,1.41992,2.40,4.20
2007.10.11 22:54:17.607,1.41984,1.41989,6.60,7.20
2007.10.11 22:54:17.719,1.41985,1.4199,1.20,1.00
2007.10.11 22:54:21.183,1.41984,1.41994,9.00,5.40
2007.10.11 22:54:21.283,1.41984,1.41999,5.40,2.40
2007.10.11 22:54:21.382,1.41983,1.42003,5.40,15.00
2007.10.11 22:54:21.483,1.41984,1.42004,4.80,4.20
2007.10.11 22:54:28.260,1.41985,1.42005,3.60,3.00
2007.10.11 22:54:28.288,1.41991,1.42005,20.50,9.00
2007.10.11 22:54:28.340,1.41994,1.4201,12.00,3.00
2007.10.11 22:54:28.415,1.42001,1.42011,30.00,2.50
2007.10.11 22:54:30.058,1.42004,1.42014,4.80,1.80
2007.10.11 22:54:30.572,1.42005,1.42015,10.80,8.40
2007.10.11 22:54:30.720,1.41999,1.42019,1.20,1.80
2007.10.11 22:54:30.794,1.42002,1.42022,2.40,2.40
2007.10.11 22:54:35.143,1.42004,1.42024,2.40,8.40
2007.10.11 22:54:35.460,1.42001,1.42025,5.40,9.60
2007.10.11 22:54:35.664,1.41996,1.42021,2.40,6.00
2007.10.11 22:54:35.883,1.41992,1.42017,6.00,5.40
2007.10.11 22:54:35.991,1.41987,1.42012,6.00,7.90
2007.10.11 22:54:36.043,1.41984,1.42009,8.40,3.00
2007.10.11 22:54:43.728,1.41981,1.42011,19.40,5.40
2007.10.11 22:54:43.970,1.41981,1.42011,8.40,10.20
2007.10.11 22:54:44.214,1.41981,1.42011,12.60,2.40
2007.10.11 22:54:44.459,1.41986,1.42006,4.80,2.40
2007.10.11 22:54:45.035,1.41988,1.42008,3.60,3.20
2007.10.11 22:54:50.095,1.41988,1.42008,18.00,6.00
2007.10.11 22:55:00.790,1.41975,1.41985,8.40,6.00
2007.10.11 22:55:01.594,1.41974,1.41984,5.40,3.00
2007.10.11 22:55:02.272,1.41974,1.41984,2.40,10.20
2007.10.11 22:55:09.516,1.41977,1.41987,1.20,18.10
2007.10.11 22:55:10.348,1.41975,1.41995,1.00,8.70
2007.10.11 22:55:10.516,1.4198,1.42,6.60,4.80
2007.10.11 22:55:11.111,1.41987,1.41997,19.40,5.40
2007.10.11 22:55:11.214,1.41983,1.42003,5.40,7.20
2007.10.11 22:55:13.985,1.41981,1.42001,7.20,12.70
2007.10.11 22:55:15.497,1.41987,1.41997,2.40,2.40
2007.10.11 22:55:17.765,1.41988,1.41998,4.80,2.70
2007.10.11 22:55:17.986,1.41987,1.42003,7.20,4.80
2007.10.11 22:55:18.077,1.41987,1.42001,28.60,7.20
2007.10.11 22:55:18.152,1.41982,1.42002,1.80,2.40
2007.10.11 22:55:23.064,1.41981,1.42001,8.40,9.30
2007.10.11 22:55:23.500,1.41981,1.42001,4.80,1.80
2007.10.11 22:55:23.574,1.41982,1.42006,3.60,4.20
2007.10.11 22:55:23.651,1.41987,1.42013,3.60,7.80
2007.10.11 22:55:23.755,1.41987,1.42017,12.20,2.40
2007.10.11 22:55:25.598,1.41983,1.42013,10.80,3.00
2007.10.11 22:55:25.903,1.41976,1.42006,4.80,8.40
2007.10.11 22:55:26.010,1.41977,1.41997,3.60,3.20
2007.10.11 22:55:32.332,1.41979,1.41989,7.20,4.80
2007.10.11 22:55:33.133,1.41974,1.41994,10.20,5.40
2007.10.11 22:55:33.642,1.41975,1.41995,4.80,7.20
2007.10.11 22:55:37.628,1.41977,1.41997,6.60,1.00
2007.10.11 22:55:37.895,1.41979,1.41999,8.40,1.00
2007.10.11 22:55:38.075,1.41977,1.42002,10.80,3.00
2007.10.11 22:55:38.247,1.41975,1.42,6.00,4.80
2007.10.11 22:55:42.285,1.41967,1.41997,1.80,2.40
2007.10.11 22:55:42.564,1.41958,1.41988,2.40,2.50
2007.10.11 22:55:43.031,1.41953,1.41983,20.00,2.40
2007.10.11 22:55:43.073,1.41953,1.41979,2.40,2.40
2007.10.11 22:55:43.131,1.41956,1.4198,10.20,1.00
2007.10.11 22:55:43.176,1.4196,1.4198,18.90,2.40
2007.10.11 22:55:46.502,1.41959,1.41989,2.40,9.00
2007.10.11 22:55:46.794,1.41966,1.41986,5.40,6.00
2007.10.11 22:55:47.017,1.41972,1.41982,12.60,3.10
2007.10.11 22:55:48.339,1.41972,1.41982,3.00,7.80
2007.10.11 22:55:48.559,1.41972,1.41987,1.00,1.80
2007.10.11 22:55:50.160,1.41972,1.41992,8.40,4.20
2007.10.11 22:55:50.563,1.41975,1.41995,3.00,11.40
2007.10.11 22:55:50.614,1.41972,1.41998,5.40,2.40
2007.10.11 22:55:50.661,1.41973,1.41998,6.90,1.20
2007.10.11 22:55:50.710,1.41973,1.41998,2.40,6.00
2007.10.11 22:55:50.756,1.41972,1.42002,17.60,1.20
2007.10.11 22:55:51.110,1.41975,1.42005,4.80,11.70
2007.10.11 22:55:51.228,1.41976,1.42006,2.40,6.00
2007.10.11 22:55:51.419,1.41979,1.42009,11.40,3.10
2007.10.11 22:55:51.553,1.41987,1.42007,2.40,1.60
2007.10.11 22:55:51.894,1.41987,1.42007,2.40,6.60
2007.10.11 22:55:52.233,1.41984,1.42009,24.00,3.00
2007.10.11 22:55:52.667,1.41982,1.42007,6.60,4.80
2007.10.11 22:55:52.708,1.41977,1.42007,7.80,2.40
2007.10.11 22:56:05.416,1.42023,1.42033,6.00,5.70
2007.10.11 22:56:08.803,1.42019,1.42034,22.20,3.00
2007.10.11 22:56:08.981,1.42016,1.42031,11.40,3.00
2007.10.11 22:56:09.157,1.42011,1.42031,16.80,6.00
2007.10.11 22:56:09.333,1.42006,1.42026,6.60,6.00
2007.10.11 22:56:10.177,1.42001,1.42021,18.00,2.40
2007.10.11 22:56:10.461,1.41998,1.42018,18.60,4.80
2007.10.11 22:56:14.126,1.42,1.42015,4.80,4.80
2007.10.11 22:56:17.092,1.41997,1.42017,6.00,1.90
2007.10.11 22:56:17.618,1.41998,1.42018,6.00,7.90
2007.10.11 22:56:18.201,1.42001,1.42016,3.60,2.40
2007.10.11 22:56:18.459,1.42002,1.42012,1.20,2.80
2007.10.11 22:56:18.642,1.42004,1.42014,1.60,9.00
2007.10.11 22:56:18.813,1.41999,1.42019,9.60,5.40
2007.10.11 22:56:18.977,1.42,1.4202,16.40,2.40
2007.10.11 22:56:25.038,1.41996,1.42026,5.40,2.70
2007.10.11 22:56:25.249,1.41997,1.42027,4.90,5.40
2007.10.11 22:56:25.357,1.41998,1.42024,10.60,2.40
2007.10.11 22:56:25.569,1.42006,1.42016,2.40,6.10
2007.10.11 22:56:25.676,1.42008,1.42018,14.20,3.00
2007.10.11 22:56:25.783,1.42007,1.42022,4.90,5.40
2007.10.11 22:56:25.904,1.4201,1.42025,13.30,3.00
2007.10.11 22:56:26.010,1.42012,1.42032,24.60,6.00
2007.10.11 22:56:26.679,1.42014,1.42034,7.20,3.00
2007.10.11 22:56:28.763,1.42014,1.42034,2.40,3.00
2007.10.11 22:56:29.077,1.42014,1.42034,12.60,2.40
2007.10.11 22:56:29.377,1.42011,1.42031,7.80,9.00
2007.10.11 22:56:29.677,1.42008,1.42032,4.80,8.20
2007.10.11 22:56:29.753,1.42003,1.42028,2.40,4.80
2007.10.11 22:56:30.096,1.41999,1.42029,7.20,10.30
2007.10.11 22:56:30.244,1.41998,1.42028,2.40,1.00
2007.10.11 22:56:30.393,1.42002,1.42026,1.80,4.80
2007.10.11 22:56:30.804,1.42001,1.42031,12.60,3.10
2007.10.11 22:56:31.479,1.42002,1.42032,8.70,2.40
2007.10.11 22:56:31.821,1.42004,1.4203,6.00,4.80
2007.10.11 22:56:31.989,1.42005,1.42029,1.00,8.40
2007.10.11 22:56:32.155,1.42001,1.42031,7.80,14.70
2007.10.11 22:56:33.305,1.41999,1.42029,3.90,4.80
2007.10.11 22:56:33.432,1.41998,1.42028,4.90,5.40
2007.10.11 22:56:33.476,1.42,1.42025,9.00,2.40
2007.10.11 22:56:33.575,1.42,1.42025,6.00,2.40
2007.10.11 22:56:33.619,1.42002,1.42027,15.00,1.80
2007.10.11 22:56:33.960,1.42005,1.4203,13.80,2.40
2007.10.11 22:56:35.426,1.42007,1.42037,12.00,6.60
2007.10.11 22:56:35.656,1.42015,1.4204,6.60,4.80
2007.10.11 22:56:35.732,1.42021,1.42046,9.00,4.80
2007.10.11 22:56:35.947,1.42018,1.42043,2.40,6.40
2007.10.11 22:56:39.536,1.4201,1.42035,9.60,1.00
2007.10.11 22:56:39.743,1.42007,1.42027,2.40,6.10
2007.10.11 22:56:40.608,1.41999,1.42029,6.60,10.20
2007.10.11 22:56:40.929,1.42003,1.42023,4.80,9.80
2007.10.11 22:56:41.249,1.42005,1.42015,13.20,4.80
2007.10.11 22:56:41.567,1.42005,1.42015,2.40,2.40
2007.10.11 22:56:41.766,1.42006,1.42011,2.40,2.40
2007.10.11 22:56:41.969,1.42001,1.42015,3.00,12.90
2007.10.11 22:56:42.165,1.42001,1.42021,12.00,6.90
2007.10.11 22:56:42.557,1.41997,1.42027,3.00,4.80
2007.10.11 22:56:42.741,1.42003,1.42028,2.40,3.00
2007.10.11 22:56:42.924,1.42005,1.42029,22.20,1.00
2007.10.11 22:56:43.105,1.42002,1.42032,2.40,3.00
2007.10.11 22:56:43.290,1.42004,1.42028,4.80,3.60
2007.10.11 22:56:43.476,1.42003,1.42028,8.40,2.40
2007.10.11 22:56:44.160,1.42007,1.42027,1.00,2.40
2007.10.11 22:56:48.004,1.42008,1.42034,21.40,6.00
2007.10.11 22:56:48.325,1.42015,1.42035,4.80,3.60
2007.10.11 22:56:48.505,1.42022,1.42032,4.80,4.80
2007.10.11 22:56:49.037,1.42021,1.42031,23.40,6.00
2007.10.11 22:56:49.217,1.42015,1.42025,4.80,7.80
2007.10.11 22:56:49.397,1.42002,1.42022,2.40,3.00
2007.10.11 22:56:49.473,1.41997,1.42017,22.20,4.80
2007.10.11 22:56:49.621,1.41993,1.42013,1.00,3.60
2007.10.11 22:56:49.698,1.41989,1.42014,9.00,19.20
2007.10.11 22:56:49.845,1.41993,1.42013,9.00,13.30
2007.10.11 22:56:51.265,1.41999,1.42009,2.40,8.40
2007.10.11 22:56:51.464,1.42001,1.42011,4.80,6.00
2007.10.11 22:56:51.669,1.42002,1.42012,2.40,9.60
2007.10.11 22:56:51.873,1.41997,1.42017,5.40,6.60
2007.10.11 22:56:52.277,1.42,1.42015,1.20,1.00
2007.10.11 22:56:53.001,1.42001,1.42011,7.80,2.40
2007.10.11 22:56:53.265,1.42002,1.42007,3.00,9.00
2007.10.11 22:56:53.529,1.42,1.42005,2.40,15.60
2007.10.11 22:56:53.669,1.41996,1.42006,8.40,2.70
2007.10.11 22:56:53.809,1.41988,1.42003,1.00,4.80
2007.10.11 22:56:54.493,1.41976,1.42001,16.20,4.80
2007.10.11 22:56:54.734,1.41975,1.41995,10.20,5.40
2007.10.11 22:57:06.918,1.41971,1.41985,18.00,3.00
2007.10.11 22:57:08.241,1.41982,1.41992,3.00,2.40
2007.10.11 22:57:08.701,1.41987,1.41997,4.80,28.00
2007.10.11 22:57:08.856,1.41988,1.41998,2.40,12.10
2007.10.11 22:57:09.023,1.41981,1.42001,7.20,22.00
2007.10.11 22:57:12.788,1.41978,1.42004,4.20,12.70
2007.10.11 22:57:16.176,1.41979,1.42005,5.40,1.20
2007.10.11 22:57:20.925,1.41981,1.42005,6.60,10.30
2007.10.11 22:57:21.602,1.41984,1.4201,5.40,3.00
2007.10.11 22:57:21.940,1.41991,1.42011,12.60,3.10
2007.10.11 22:57:22.009,1.41998,1.42008,3.00,8.70
2007.10.11 22:57:22.050,1.42001,1.42011,10.20,2.40
2007.10.11 22:57:22.146,1.42001,1.42016,7.80,4.80
2007.10.11 22:57:22.214,1.42004,1.4202,7.80,10.90
2007.10.11 22:57:22.282,1.42006,1.42022,11.40,1.20
2007.10.11 22:57:22.396,1.41999,1.42019,6.00,2.40
2007.10.11 22:57:23.922,1.41991,1.42017,1.20,2.80
2007.10.11 22:57:24.548,1.41988,1.42012,6.60,5.40
2007.10.11 22:57:24.627,1.41986,1.42012,4.80,1.00
2007.10.11 22:57:24.714,1.41995,1.41999,13.20,9.00
2007.10.11 22:57:24.942,1.4199,1.41995,2.40,1.00
2007.10.11 22:57:25.087,1.41987,1.41992,6.60,3.90
2007.10.11 22:57:30.870,1.41983,1.41993,13.20,1.00
2007.10.11 22:57:33.102,1.41982,1.41992,3.60,9.00
2007.10.11 22:57:36.844,1.41981,1.41991,15.60,9.10
2007.10.11 22:57:37.033,1.41984,1.41994,1.20,8.60
2007.10.11 22:57:37.287,1.41983,1.41998,12.60,1.20
2007.10.11 22:57:37.405,1.41985,1.42005,6.10,1.80
2007.10.11 22:57:37.497,1.41983,1.42007,3.00,12.00
2007.10.11 22:57:40.414,1.41983,1.42009,19.80,2.40
2007.10.11 22:57:40.610,1.41982,1.42006,2.40,11.10
2007.10.11 22:57:40.707,1.41982,1.42002,2.40,14.40
2007.10.11 22:57:40.924,1.41982,1.41992,16.20,4.80
2007.10.11 22:57:41.140,1.41977,1.41982,1.00,6.00
2007.10.11 22:57:42.096,1.41967,1.41977,2.40,11.20
2007.10.11 22:57:42.416,1.41965,1.41975,9.60,10.80
2007.10.11 22:57:42.736,1.41967,1.41987,6.00,1.20
2007.10.11 22:57:43.245,1.41972,1.41996,3.60,3.00
2007.10.11 22:57:43.729,1.4198,1.42,4.80,7.20
2007.10.11 22:57:43.872,1.41986,1.42001,1.80,3.00
2007.10.11 22:57:45.706,1.41985,1.42005,7.80,2.40
2007.10.11 22:57:45.866,1.41986,1.42006,4.80,3.70
2007.10.11 22:57:46.025,1.41987,1.42007,20.40,1.20
2007.10.11 22:57:46.186,1.41988,1.42008,6.00,8.20
2007.10.11 22:57:46.343,1.41988,1.42008,4.80,5.40
2007.10.11 22:57:46.518,1.41984,1.4201,4.80,4.80
2007.10.11 22:57:46.738,1.41982,1.42008,15.00,7.20
2007.10.11 22:57:47.110,1.4198,1.42004,6.60,7.20
2007.10.11 22:58:03.676,1.41993,1.42003,6.00,5.80
2007.10.11 22:58:03.775,1.41983,1.42009,10.80,3.30
2007.10.11 22:58:04.678,1.41988,1.41998,2.40,2.40
2007.10.11 22:58:05.360,1.41985,1.41995,3.60,2.40
2007.10.11 22:58:05.529,1.41976,1.42001,7.80,8.40
2007.10.11 22:58:06.654,1.41975,1.42,2.40,3.00
2007.10.11 22:58:06.931,1.41977,1.42002,3.00,11.50
2007.10.11 22:58:07.126,1.41987,1.41997,9.00,11.70
2007.10.11 22:58:07.323,1.41982,1.42007,4.80,8.40
2007.10.11 22:58:08.682,1.41991,1.42001,15.00,13.20
2007.10.11 22:58:08.944,1.41995,1.42005,4.20,5.10
2007.10.11 22:58:09.212,1.41999,1.42009,7.20,4.80
2007.10.11 22:58:09.480,1.41998,1.42008,21.60,4.20
2007.10.11 22:58:12.376,1.4199,1.42,2.40,3.00
2007.10.11 22:58:14.250,1.41984,1.41994,18.00,6.00
2007.10.11 22:58:14.590,1.41976,1.41996,3.00,7.20
2007.10.11 22:58:14.929,1.41971,1.42001,2.40,11.50
2007.10.11 22:58:15.344,1.41977,1.41997,7.80,4.80
2007.10.11 22:58:23.376,1.41977,1.41997,8.40,2.70
2007.10.11 22:58:23.462,1.41977,1.41997,2.40,1.00
2007.10.11 22:58:23.590,1.41977,1.41997,6.00,6.00
2007.10.11 22:58:23.627,1.41975,1.41995,15.00,1.00
2007.10.11 22:58:25.632,1.41978,1.41988,2.40,7.80
2007.10.11 22:58:28.894,1.41977,1.41987,6.00,4.20
2007.10.11 22:58:30.336,1.41977,1.41987,6.60,8.70
2007.10.11 22:58:30.612,1.41977,1.41987,10.80,16.20
2007.10.11 22:58:30.880,1.41978,1.41988,6.60,5.40
2007.10.11 22:58:30.946,1.41974,1.41994,2.40,5.70
2007.10.11 22:58:31.030,1.41974,1.41994,2.40,3.00
2007.10.11 22:58:32.043,1.41971,1.41996,6.00,9.90
2007.10.11 22:58:32.198,1.41974,1.41999,2.40,6.00
2007.10.11 22:58:32.362,1.41982,1.41992,2.40,2.40
2007.10.11 22:58:32.832,1.41983,1.41993,7.50,4.80
2007.10.11 22:58:33.068,1.41976,1.41996,1.20,7.20
2007.10.11 22:58:34.727,1.4197,1.4199,16.20,2.40
2007.10.11 22:58:34.971,1.41966,1.41986,5.40,6.00
2007.10.11 22:58:35.456,1.41968,1.41988,7.00,6.00
2007.10.11 22:58:35.700,1.4197,1.4199,2.40,10.20
2007.10.11 22:58:36.016,1.4197,1.4199,2.40,8.20
2007.10.11 22:58:36.092,1.41969,1.41989,12.30,3.00
2007.10.11 22:58:36.168,1.41969,1.41989,11.40,3.00
2007.10.11 22:58:36.244,1.41971,1.41991,4.80,4.80
2007.10.11 22:58:36.391,1.41975,1.41995,10.80,4.80
2007.10.11 22:58:40.514,1.41979,1.41999,1.00,9.60
2007.10.11 22:58:41.595,1.4198,1.42005,2.40,3.60
2007.10.11 22:58:45.372,1.41979,1.42004,9.60,20.70
2007.10.11 22:58:45.872,1.41979,1.41999,7.20,4.20
2007.10.11 22:58:46.276,1.41975,1.41995,1.20,2.40
2007.10.11 22:58:46.680,1.41976,1.41991,21.00,1.80
2007.10.11 22:58:46.884,1.41982,1.41987,26.40,13.50
2007.10.11 22:58:48.608,1.41978,1.41993,6.00,4.80
2007.10.11 22:58:48.746,1.41978,1.41993,26.40,21.00
2007.10.11 22:58:48.832,1.41979,1.41994,12.60,2.40
2007.10.11 22:58:48.966,1.41976,1.42001,7.80,9.00
2007.10.11 22:58:56.909,1.41977,1.42003,4.80,7.20
2007.10.11 22:59:02.744,1.41967,1.41983,7.80,3.60
2007.10.11 22:59:03.038,1.41973,1.41988,6.00,9.00
2007.10.11 22:59:03.102,1.41974,1.41994,11.40,1.20
2007.10.11 22:59:03.128,1.41975,1.41995,2.40,4.60
2007.10.11 22:59:03.158,1.41975,1.41995,10.80,6.00
2007.10.11 22:59:03.234,1.41974,1.41994,2.40,4.60
2007.10.11 22:59:03.325,1.41967,1.41992,27.60,2.40
2007.10.11 22:59:03.352,1.41966,1.41991,9.00,1.80
2007.10.11 22:59:07.713,1.41966,1.41991,4.80,6.00
2007.10.11 22:59:07.877,1.41973,1.41988,5.20,4.50
2007.10.11 22:59:08.200,1.41973,1.41993,9.10,3.00
2007.10.11 22:59:08.500,1.41981,1.41996,3.00,4.80
2007.10.11 22:59:08.719,1.41986,1.42001,18.60,4.20
2007.10.11 22:59:08.908,1.41991,1.42011,23.40,3.00
2007.10.11 22:59:09.152,1.41998,1.42018,24.00,3.00
2007.10.11 22:59:09.410,1.42001,1.42021,8.40,2.40
2007.10.11 22:59:15.249,1.41997,1.42023,4.80,12.70
2007.10.11 22:59:15.334,1.41992,1.42018,23.70,2.40
2007.10.11 22:59:15.420,1.4199,1.42014,10.90,4.20
2007.10.11 22:59:15.483,1.41988,1.42014,10.20,1.80
2007.10.11 22:59:15.589,1.41985,1.42015,15.00,12.30
2007.10.11 22:59:17.793,1.41991,1.42006,5.40,2.40
2007.10.11 22:59:18.668,1.41981,1.42011,3.60,3.90
2007.10.11 22:59:19.201,1.4198,1.42004,2.40,4.20
2007.10.11 22:59:19.299,1.41977,1.42003,4.20,18.30
2007.10.11 22:59:19.558,1.41978,1.42002,1.20,8.60
2007.10.11 22:59:19.736,1.41979,1.42003,4.80,9.00
2007.10.11 22:59:19.946,1.41982,1.42002,7.80,9.60
2007.10.11 22:59:21.161,1.41982,1.42008,7.20,1.20
2007.10.11 22:59:21.495,1.41982,1.42008,26.40,21.00
2007.10.11 22:59:21.646,1.41988,1.42003,1.00,12.70
2007.10.11 22:59:21.794,1.41984,1.42004,11.40,6.40
2007.10.11 22:59:21.941,1.4198,1.42,2.40,8.40
2007.10.11 22:59:22.266,1.41981,1.41996,5.40,4.80
2007.10.11 22:59:22.428,1.41979,1.41995,2.40,1.60
2007.10.11 22:59:22.594,1.41978,1.41998,4.80,10.20
2007.10.11 22:59:22.758,1.41978,1.42003,6.00,9.40
2007.10.11 22:59:27.525,1.41981,1.42007,13.80,6.00
2007.10.11 22:59:27.808,1.41985,1.4201,4.80,7.20
2007.10.11 22:59:28.247,1.41989,1.42009,9.00,4.80
2007.10.11 22:59:28.405,1.4199,1.42005,7.20,4.90
2007.10.11 22:59:28.712,1.41986,1.41996,7.20,2.10
2007.10.11 22:59:28.869,1.41978,1.41988,4.80,11.00
2007.10.11 22:59:29.011,1.41964,1.41984,2.40,1.20
2007.10.11 22:59:29.183,1.41962,1.41978,22.20,10.20
2007.10.11 22:59:31.752,1.41968,1.41983,6.00,4.20
2007.10.11 22:59:31.893,1.41973,1.41989,10.80,9.90
2007.10.11 22:59:32.174,1.41978,1.41998,2.40,13.20
2007.10.11 22:59:32.455,1.41982,1.42002,1.00,4.80
2007.10.11 22:59:39.461,1.41983,1.42009,2.40,7.00
2007.10.11 22:59:40.089,1.41987,1.42013,3.00,4.80
2007.10.11 22:59:40.834,1.41988,1.42014,2.40,6.60
2007.10.11 22:59:43.221,1.41989,1.42013,3.60,6.00
2007.10.11 22:59:43.516,1.41991,1.42011,2.40,13.20
2007.10.11 22:59:43.717,1.4199,1.4201,4.20,9.00
2007.10.11 22:59:43.916,1.41987,1.42007,2.40,3.30
2007.10.11 22:59:44.103,1.41982,1.42006,7.20,6.00
2007.10.11 22:59:44.315,1.4198,1.42,22.80,2.40
2007.10.11 22:59:44.516,1.41973,1.41998,40.50,3.60
2007.10.11 22:59:44.715,1.41969,1.41999,7.20,9.60
2007.10.11 22:59:45.017,1.41974,1.41994,4.20,21.60
2007.10.11 22:59:45.318,1.41978,1.41998,3.00,4.80
2007.10.11 22:59:45.620,1.41984,1.41999,22.20,3.00
2007.10.11 22:59:45.920,1.41984,1.42004,12.60,9.00
2007.10.11 22:59:46.397,1.41988,1.42003,9.00,8.50
2007.10.11 22:59:46.534,1.41987,1.42002,2.40,4.80
2007.10.11 22:59:46.601,1.41985,1.42,9.00,6.88
2007.10.11 22:59:46.731,1.41981,1.41996,3.00,6.00
2007.10.11 22:59:47.073,1.4198,1.4199,3.00,9.40
2007.10.11 22:59:47.412,1.41976,1.41991,7.20,4.80
2007.10.11 22:59:50.642,1.41975,1.4199,5.40,21.00
2007.10.11 22:59:50.949,1.41975,1.4199,5.40,4.50
2007.10.11 22:59:51.029,1.41969,1.41994,2.40,14.00
2007.10.11 22:59:51.058,1.41969,1.41994,15.00,7.20
2007.10.11 22:59:51.105,1.41967,1.41993,11.40,2.40
