2018.10.22 12:00:00.061,1.14955,1.14956,1.00,1.00
2018.10.22 12:00:00.246,1.14952,1.14955,5.06,2.62
2018.10.22 12:00:00.883,1.14953,1.14956,1.25,1.95
2018.10.22 12:00:01.407,1.14953,1.14956,1.00,3.07
2018.10.22 12:00:01.654,1.14953,1.14954,1.00,1.00
2018.10.22 12:00:02.169,1.14953,1.14955,1.25,1.00
2018.10.22 12:00:02.488,1.14957,1.14959,1.00,1.20
2018.10.22 12:00:02.805,1.14958,1.1496,7.39,1.00
2018.10.22 12:00:03.316,1.14957,1.1496,12.26,3.00
2018.10.22 12:00:03.837,1.14957,1.1496,5.66,6.07
2018.10.22 12:00:04.361,1.14957,1.14959,6.79,1.00
2018.10.22 12:00:04.906,1.14957,1.1496,2.29,3.45
2018.10.22 12:00:05.414,1.14958,1.14961,1.50,3.37
2018.10.22 12:00:05.940,1.14958,1.1496,1.50,1.57
2018.10.22 12:00:08.716,1.14958,1.14959,1.00,1.00
2018.10.22 12:00:09.284,1.14956,1.14959,4.87,1.00
2018.10.22 12:00:09.814,1.14956,1.1496,4.69,3.82
2018.10.22 12:00:10.604,1.14957,1.14959,1.00,1.00
2018.10.22 12:00:10.862,1.14956,1.14957,1.50,3.04
2018.10.22 12:00:10.915,1.14957,1.1496,2.62,5.51
2018.10.22 12:00:11.458,1.14956,1.14959,2.44,1.12
2018.10.22 12:00:12.427,1.14956,1.14959,3.19,2.25
2018.10.22 12:00:14.584,1.14957,1.14959,2.44,1.00
2018.10.22 12:00:15.109,1.14959,1.14961,2.62,2.50
2018.10.22 12:00:16.350,1.14959,1.14961,1.87,1.00
2018.10.22 12:00:17.915,1.14961,1.14962,1.50,3.45
2018.10.22 12:00:18.022,1.14963,1.14964,3.07,4.50
2018.10.22 12:00:18.077,1.14964,1.14966,1.69,1.20
2018.10.22 12:00:18.599,1.14964,1.14966,2.89,1.00
2018.10.22 12:00:19.124,1.14964,1.14966,1.39,1.00
2018.10.22 12:00:19.646,1.14964,1.14966,5.51,1.00
2018.10.22 12:00:20.152,1.14964,1.14966,4.76,1.00
2018.10.22 12:00:21.602,1.14964,1.14966,1.76,1.00
2018.10.22 12:00:22.145,1.14964,1.14966,1.01,1.00
2018.10.22 12:00:22.706,1.14964,1.14967,2.32,3.64
2018.10.22 12:00:22.810,1.14964,1.14967,1.39,1.20
2018.10.22 12:00:23.332,1.14964,1.14966,1.39,1.50
2018.10.22 12:00:23.871,1.14964,1.14965,2.14,1.00
2018.10.22 12:00:25.085,1.14964,1.14966,1.01,1.50
2018.10.22 12:00:26.581,1.14963,1.14966,2.62,1.69
2018.10.22 12:00:27.177,1.14963,1.14965,1.10,1.50
2018.10.22 12:00:28.717,1.14962,1.14965,4.01,1.39
2018.10.22 12:00:29.254,1.14962,1.14964,1.00,1.20
2018.10.22 12:00:30.130,1.14961,1.14964,7.50,1.00
2018.10.22 12:00:30.817,1.14962,1.14965,2.89,4.20
2018.10.22 12:00:31.362,1.14962,1.14965,1.12,1.69
2018.10.22 12:00:32.370,1.14961,1.14965,6.45,1.25
2018.10.22 12:00:32.884,1.14961,1.14964,3.75,1.00
2018.10.22 12:00:34.185,1.1496,1.14964,3.64,3.45
2018.10.22 12:00:34.998,1.1496,1.14963,1.76,4.95
2018.10.22 12:00:35.590,1.1496,1.14961,1.50,2.85
2018.10.22 12:00:35.645,1.14957,1.1496,5.66,1.00
2018.10.22 12:00:36.639,1.14957,1.14959,2.47,1.00
2018.10.22 12:00:37.141,1.14956,1.14959,1.50,3.45
2018.10.22 12:00:37.642,1.14955,1.14959,3.15,4.57
2018.10.22 12:00:38.161,1.14954,1.14959,3.11,6.07
2018.10.22 12:00:38.422,1.14954,1.14957,2.51,1.69
2018.10.22 12:00:38.965,1.14953,1.14954,3.52,1.00
2018.10.22 12:00:39.071,1.14951,1.14954,2.25,3.07
2018.10.22 12:00:39.602,1.14951,1.14953,1.00,1.00
2018.10.22 12:00:39.972,1.14949,1.14952,3.00,2.25
2018.10.22 12:00:41.300,1.1495,1.14952,1.50,1.00
2018.10.22 12:00:44.548,1.14948,1.14951,3.19,1.00
2018.10.22 12:00:44.826,1.14947,1.14949,1.00,1.50
2018.10.22 12:00:44.985,1.14948,1.14951,1.69,7.20
2018.10.22 12:00:45.038,1.14947,1.1495,2.32,1.19
2018.10.22 12:00:45.355,1.14948,1.1495,1.50,1.50
2018.10.22 12:00:45.622,1.14955,1.14958,3.19,3.00
2018.10.22 12:00:46.138,1.14955,1.14958,1.69,1.20
2018.10.22 12:00:47.143,1.14955,1.14959,1.69,5.32
2018.10.22 12:00:48.395,1.14955,1.14958,2.44,1.00
2018.10.22 12:00:48.905,1.14955,1.14959,1.69,6.07
2018.10.22 12:00:49.177,1.14959,1.14961,4.31,19.50
2018.10.22 12:00:49.339,1.14961,1.14963,2.10,1.00
2018.10.22 12:00:49.706,1.1496,1.14963,5.55,1.25
2018.10.22 12:00:50.243,1.14961,1.14963,1.00,1.00
2018.10.22 12:00:51.452,1.14963,1.14965,1.19,9.45
2018.10.22 12:00:51.557,1.14963,1.14966,2.89,3.75
2018.10.22 12:00:52.335,1.14964,1.14965,1.00,1.00
2018.10.22 12:00:52.854,1.14963,1.14966,1.76,2.25
2018.10.22 12:00:53.292,1.14962,1.14964,1.95,1.00
2018.10.22 12:00:53.809,1.14961,1.14964,1.25,3.19
2018.10.22 12:00:54.459,1.14961,1.14963,1.25,1.25
2018.10.22 12:00:54.962,1.14961,1.14964,1.25,3.94
2018.10.22 12:00:55.500,1.1496,1.14963,1.19,2.25
2018.10.22 12:00:56.019,1.1496,1.14963,1.19,1.69
2018.10.22 12:00:56.258,1.14964,1.14967,1.31,2.25
2018.10.22 12:00:56.832,1.14964,1.14966,2.06,1.00
2018.10.22 12:00:57.365,1.14964,1.14967,1.31,1.00
2018.10.22 12:00:58.097,1.14963,1.14966,3.75,3.00
2018.10.22 12:00:58.153,1.14963,1.14965,1.00,2.44
2018.10.22 12:00:58.690,1.14964,1.14966,1.12,2.62
2018.10.22 12:00:59.228,1.14964,1.14967,1.91,1.50
2018.10.22 12:00:59.335,1.14964,1.14965,1.12,1.00
2018.10.22 12:00:59.862,1.14961,1.14965,4.31,12.45
2018.10.22 12:01:00.397,1.14964,1.14965,1.31,3.00
2018.10.22 12:01:00.452,1.14965,1.14967,2.51,1.00
2018.10.22 12:01:00.506,1.14965,1.14968,1.01,2.70
2018.10.22 12:01:00.891,1.14964,1.14967,2.29,2.44
2018.10.22 12:01:01.208,1.14961,1.14964,1.62,1.50
2018.10.22 12:01:01.314,1.1496,1.14963,2.62,1.50
2018.10.22 12:01:01.478,1.14959,1.14961,1.31,1.00
2018.10.22 12:01:02.423,1.14958,1.14961,3.45,4.91
2018.10.22 12:01:02.742,1.14953,1.14955,3.19,1.57
2018.10.22 12:01:02.849,1.14953,1.14956,2.25,2.70
2018.10.22 12:01:03.022,1.14954,1.14958,1.31,3.07
2018.10.22 12:01:03.281,1.14953,1.14956,3.49,1.95
2018.10.22 12:01:04.353,1.14953,1.14954,2.62,1.00
2018.10.22 12:01:04.459,1.14951,1.14954,1.12,2.70
2018.10.22 12:01:05.081,1.1495,1.14953,3.00,1.00
2018.10.22 12:01:05.706,1.1495,1.14954,3.00,6.45
2018.10.22 12:01:05.974,1.14953,1.14954,1.12,2.25
2018.10.22 12:01:06.292,1.1496,1.14963,1.00,1.95
2018.10.22 12:01:06.878,1.1496,1.14963,1.20,2.14
2018.10.22 12:01:07.402,1.1496,1.14964,4.20,6.45
2018.10.22 12:01:08.778,1.1496,1.14964,3.67,3.07
2018.10.22 12:01:09.088,1.14963,1.14965,1.35,1.20
2018.10.22 12:01:09.145,1.14965,1.14969,1.00,9.26
2018.10.22 12:01:09.527,1.14964,1.14966,1.35,1.00
2018.10.22 12:01:09.683,1.14965,1.14968,2.62,1.00
2018.10.22 12:01:10.630,1.14965,1.14968,3.00,3.94
2018.10.22 12:01:11.164,1.14964,1.14967,1.25,2.14
2018.10.22 12:01:11.676,1.14963,1.14967,6.26,1.87
2018.10.22 12:01:12.652,1.14966,1.14968,1.50,2.70
2018.10.22 12:01:12.915,1.14971,1.14974,1.72,2.70
2018.10.22 12:01:14.180,1.14971,1.14974,2.32,4.39
2018.10.22 12:01:14.707,1.14971,1.14974,1.39,3.45
2018.10.22 12:01:15.352,1.14972,1.14974,2.25,1.00
2018.10.22 12:01:15.441,1.14974,1.14975,2.25,1.00
2018.10.22 12:01:15.496,1.14975,1.14978,1.25,4.95
2018.10.22 12:01:15.603,1.14975,1.14976,1.00,1.69
2018.10.22 12:01:16.072,1.14973,1.14976,1.25,1.25
2018.10.22 12:01:16.320,1.14974,1.14977,1.69,1.00
2018.10.22 12:01:16.478,1.14977,1.1498,1.10,2.70
2018.10.22 12:01:16.988,1.14977,1.14979,1.12,1.20
2018.10.22 12:01:17.092,1.14975,1.14978,2.70,3.45
2018.10.22 12:01:17.507,1.14974,1.14977,1.20,1.39
2018.10.22 12:01:18.058,1.14973,1.14977,1.76,2.14
2018.10.22 12:01:18.644,1.14975,1.14979,1.39,3.82
2018.10.22 12:01:19.164,1.14975,1.14979,1.57,10.95
2018.10.22 12:01:20.762,1.14974,1.14975,1.39,1.00
2018.10.22 12:01:20.815,1.14972,1.14974,4.01,1.00
2018.10.22 12:01:21.316,1.14972,1.14975,3.00,1.50
2018.10.22 12:01:23.354,1.14974,1.14977,1.00,1.69
2018.10.22 12:01:23.717,1.14975,1.14979,3.56,4.01
2018.10.22 12:01:24.229,1.14977,1.14979,1.00,1.00
2018.10.22 12:01:24.336,1.14979,1.14982,2.32,1.00
2018.10.22 12:01:24.847,1.1498,1.14983,1.00,1.12
2018.10.22 12:01:25.201,1.14981,1.14984,3.82,1.00
2018.10.22 12:01:25.308,1.1498,1.14983,1.57,1.50
2018.10.22 12:01:25.847,1.1498,1.14983,1.69,4.69
2018.10.22 12:01:26.383,1.1498,1.14983,1.00,2.25
2018.10.22 12:01:26.916,1.14979,1.14983,6.07,1.50
2018.10.22 12:01:27.421,1.1498,1.14983,1.00,1.50
2018.10.22 12:01:28.211,1.14981,1.14983,1.50,1.00
2018.10.22 12:01:28.713,1.14981,1.14984,1.39,4.20
2018.10.22 12:01:33.087,1.1498,1.14983,2.32,1.00
2018.10.22 12:01:33.140,1.14979,1.1498,3.07,1.87
2018.10.22 12:01:33.246,1.14975,1.14979,9.45,1.39
2018.10.22 12:01:33.743,1.14975,1.14976,1.25,1.00
2018.10.22 12:01:33.848,1.14975,1.14978,1.69,3.45
2018.10.22 12:01:34.299,1.14974,1.14977,1.00,5.44
2018.10.22 12:01:34.673,1.14973,1.14974,1.00,2.62
2018.10.22 12:01:34.780,1.1497,1.14973,1.69,1.00
2018.10.22 12:01:35.475,1.14971,1.14973,1.00,1.50
2018.10.22 12:01:36.937,1.14971,1.14974,1.39,3.07
2018.10.22 12:01:37.261,1.14972,1.14976,1.69,8.70
2018.10.22 12:01:37.971,1.14973,1.14976,1.00,1.00
2018.10.22 12:01:38.699,1.14973,1.14977,3.19,6.26
2018.10.22 12:01:38.861,1.14976,1.14978,2.25,1.45
2018.10.22 12:01:38.982,1.14976,1.14979,4.69,1.20
2018.10.22 12:01:39.506,1.14978,1.1498,1.50,1.00
2018.10.22 12:01:39.805,1.14977,1.14978,1.12,1.25
2018.10.22 12:01:39.909,1.14975,1.14978,2.51,1.20
2018.10.22 12:01:40.660,1.14975,1.14976,1.50,1.50
2018.10.22 12:01:40.714,1.14973,1.14976,2.89,3.00
2018.10.22 12:01:40.820,1.14972,1.14974,1.95,1.00
2018.10.22 12:01:41.141,1.14978,1.1498,2.62,3.75
2018.10.22 12:01:41.377,1.1498,1.14984,3.37,5.32
2018.10.22 12:01:41.483,1.14981,1.14984,3.97,1.20
2018.10.22 12:01:41.642,1.14982,1.14986,3.07,2.25
2018.10.22 12:01:42.159,1.14983,1.14986,2.70,1.95
2018.10.22 12:01:42.677,1.14982,1.14986,3.75,3.45
2018.10.22 12:01:43.225,1.14982,1.14986,2.32,1.95
2018.10.22 12:01:43.382,1.14985,1.14987,1.69,1.20
2018.10.22 12:01:43.541,1.14985,1.14989,3.94,1.39
2018.10.22 12:01:44.180,1.14985,1.14989,2.62,2.89
2018.10.22 12:01:44.908,1.14985,1.14987,2.44,1.25
2018.10.22 12:01:45.374,1.14985,1.14989,1.69,4.20
2018.10.22 12:01:45.911,1.14984,1.14985,1.50,1.50
2018.10.22 12:01:46.173,1.14976,1.14979,1.25,6.75
2018.10.22 12:01:46.432,1.14974,1.14978,3.26,1.00
2018.10.22 12:01:46.969,1.14975,1.14978,1.00,1.50
2018.10.22 12:01:54.909,1.14978,1.1498,6.37,12.08
2018.10.22 12:01:55.070,1.1498,1.14981,3.64,1.00
2018.10.22 12:01:55.175,1.14978,1.1498,4.01,5.99
2018.10.22 12:01:55.280,1.14975,1.14978,2.32,1.00
2018.10.22 12:01:55.829,1.14975,1.14978,1.20,2.70
2018.10.22 12:01:56.997,1.14974,1.14975,1.20,1.00
2018.10.22 12:01:57.156,1.14971,1.14973,1.00,2.25
2018.10.22 12:01:57.534,1.14972,1.14975,1.20,3.45
2018.10.22 12:01:58.052,1.14972,1.14975,2.14,1.95
2018.10.22 12:01:58.566,1.1497,1.14974,5.32,2.62
2018.10.22 12:01:58.850,1.14974,1.14976,1.00,4.57
2018.10.22 12:01:58.956,1.14975,1.14977,1.00,1.50
2018.10.22 12:01:59.501,1.14974,1.14977,2.81,1.00
2018.10.22 12:02:00.037,1.14974,1.14977,3.56,1.45
2018.10.22 12:02:00.544,1.14972,1.14975,3.45,1.39
2018.10.22 12:02:01.483,1.14973,1.14975,4.87,1.00
2018.10.22 12:02:01.750,1.14971,1.14974,1.12,2.70
2018.10.22 12:02:02.285,1.1497,1.14973,1.50,1.00
2018.10.22 12:02:02.493,1.14973,1.14974,1.69,1.20
2018.10.22 12:02:02.545,1.14974,1.14977,1.10,3.45
2018.10.22 12:02:03.097,1.14974,1.14977,7.61,1.69
2018.10.22 12:02:04.390,1.14974,1.14978,2.92,4.39
2018.10.22 12:02:04.921,1.14974,1.14977,2.92,1.00
2018.10.22 12:02:05.430,1.14974,1.14978,1.57,4.39
2018.10.22 12:02:05.537,1.14974,1.14975,1.00,1.00
2018.10.22 12:02:05.750,1.14974,1.14977,2.32,2.25
2018.10.22 12:02:06.289,1.14975,1.14977,1.31,1.00
2018.10.22 12:02:08.398,1.14975,1.14978,2.81,1.69
2018.10.22 12:02:08.573,1.14979,1.1498,1.50,20.25
2018.10.22 12:02:08.732,1.1498,1.14982,1.12,1.00
2018.10.22 12:02:09.329,1.14979,1.14983,4.24,1.25
2018.10.22 12:02:10.897,1.14981,1.14984,1.87,2.62
2018.10.22 12:02:10.951,1.14982,1.14985,3.94,3.45
2018.10.22 12:02:11.163,1.14983,1.14987,9.82,1.25
2018.10.22 12:02:11.217,1.14982,1.14984,2.32,1.00
2018.10.22 12:02:11.450,1.1498,1.14984,2.44,4.39
2018.10.22 12:02:11.712,1.14982,1.14984,1.00,4.39
2018.10.22 12:02:12.122,1.1498,1.14982,1.20,1.00
2018.10.22 12:02:13.082,1.14981,1.14983,1.37,1.95
2018.10.22 12:02:13.136,1.14985,1.14986,1.87,1.00
2018.10.22 12:02:13.241,1.14985,1.14988,1.12,2.44
2018.10.22 12:02:13.348,1.14983,1.14985,3.19,4.75
2018.10.22 12:02:13.457,1.14981,1.14984,3.45,4.95
2018.10.22 12:02:14.304,1.14981,1.14984,3.82,1.00
2018.10.22 12:02:15.207,1.14981,1.14984,4.12,1.00
2018.10.22 12:02:15.415,1.14979,1.14983,6.45,6.19
2018.10.22 12:02:15.731,1.14984,1.14988,1.50,1.95
2018.10.22 12:02:16.871,1.14985,1.14988,1.00,1.50
2018.10.22 12:02:17.292,1.14984,1.14986,1.00,1.00
2018.10.22 12:02:17.503,1.14982,1.14985,1.12,4.69
2018.10.22 12:02:17.557,1.14984,1.14985,1.87,3.19
2018.10.22 12:02:17.717,1.14987,1.1499,1.30,8.32
2018.10.22 12:02:17.953,1.14985,1.14989,3.26,4.39
2018.10.22 12:02:18.471,1.14985,1.14989,4.01,1.25
2018.10.22 12:02:19.454,1.14988,1.1499,1.00,8.14
2018.10.22 12:02:19.560,1.1499,1.14991,1.50,2.32
2018.10.22 12:02:19.665,1.1499,1.14993,1.20,1.39
2018.10.22 12:02:20.360,1.1499,1.14994,4.95,3.94
2018.10.22 12:02:20.947,1.1499,1.14994,2.44,9.26
2018.10.22 12:02:21.476,1.1499,1.14994,1.00,3.26
2018.10.22 12:02:21.785,1.14979,1.1498,1.50,1.50
2018.10.22 12:02:22.103,1.14975,1.14977,3.94,1.00
2018.10.22 12:02:22.209,1.14975,1.14979,1.50,4.95
2018.10.22 12:02:22.924,1.14974,1.14977,4.39,1.20
2018.10.22 12:02:26.228,1.14973,1.14976,3.26,3.75
2018.10.22 12:02:26.287,1.14973,1.14974,1.20,4.50
2018.10.22 12:02:26.595,1.14966,1.14969,2.06,3.19
2018.10.22 12:02:27.305,1.14966,1.14968,1.31,1.25
2018.10.22 12:02:27.896,1.14965,1.14969,4.39,3.94
2018.10.22 12:02:28.444,1.14965,1.14969,1.31,6.64
2018.10.22 12:02:28.549,1.14965,1.14967,1.10,1.00
2018.10.22 12:02:29.069,1.14966,1.14967,3.19,1.00
2018.10.22 12:02:29.237,1.1497,1.14972,1.00,2.25
2018.10.22 12:02:29.770,1.1497,1.14972,1.47,1.25
2018.10.22 12:02:30.310,1.1497,1.14973,1.01,2.44
2018.10.22 12:02:30.864,1.1497,1.14972,1.37,1.25
2018.10.22 12:02:30.968,1.1497,1.14974,2.51,5.44
2018.10.22 12:02:31.609,1.1497,1.14971,1.25,1.00
2018.10.22 12:02:31.661,1.14966,1.14968,1.76,1.00
2018.10.22 12:02:32.197,1.14966,1.14969,3.26,1.00
2018.10.22 12:02:32.930,1.14966,1.14968,2.06,1.25
2018.10.22 12:02:33.703,1.14966,1.14968,4.76,1.00
2018.10.22 12:02:34.543,1.14966,1.1497,2.06,6.07
2018.10.22 12:02:35.142,1.14966,1.14969,2.06,1.00
2018.10.22 12:02:35.904,1.14969,1.14971,1.00,3.64
2018.10.22 12:02:35.956,1.1497,1.14973,1.25,2.32
2018.10.22 12:02:36.462,1.1497,1.14973,1.39,1.10
2018.10.22 12:02:36.984,1.1497,1.14974,3.26,5.25
2018.10.22 12:02:37.040,1.14972,1.14974,1.76,1.50
2018.10.22 12:02:37.262,1.14972,1.14976,4.20,2.25
2018.10.22 12:02:37.316,1.14974,1.14976,1.00,1.00
2018.10.22 12:02:37.685,1.14973,1.14978,11.70,3.94
2018.10.22 12:02:37.985,1.14976,1.14978,1.00,2.25
2018.10.22 12:02:38.039,1.14977,1.1498,1.95,1.10
2018.10.22 12:02:40.474,1.14979,1.1498,3.94,1.00
2018.10.22 12:02:40.528,1.1498,1.14982,2.70,1.50
2018.10.22 12:02:41.090,1.14979,1.14981,1.95,1.00
2018.10.22 12:02:42.131,1.14978,1.1498,2.25,1.00
2018.10.22 12:02:42.299,1.14981,1.14984,3.37,3.45
2018.10.22 12:02:42.828,1.14981,1.14984,3.82,1.87
2018.10.22 12:02:43.176,1.14986,1.14987,2.25,1.00
2018.10.22 12:02:44.035,1.14986,1.14989,3.82,1.69
2018.10.22 12:02:44.557,1.14987,1.1499,1.57,1.00
2018.10.22 12:02:45.173,1.14988,1.1499,1.25,1.00
2018.10.22 12:02:45.740,1.14987,1.1499,1.95,1.00
2018.10.22 12:02:46.176,1.1499,1.14992,2.62,6.82
2018.10.22 12:02:46.782,1.1499,1.14992,1.12,1.00
2018.10.22 12:02:47.880,1.1499,1.14992,2.32,1.00
2018.10.22 12:02:48.487,1.14993,1.14995,6.75,7.01
2018.10.22 12:02:48.649,1.14995,1.14997,6.82,1.00
2018.10.22 12:02:49.175,1.14995,1.14997,2.89,1.00
2018.10.22 12:02:49.899,1.14996,1.14997,1.25,1.25
2018.10.22 12:02:50.420,1.14995,1.14998,4.95,2.25
2018.10.22 12:02:51.956,1.14995,1.14998,3.64,1.00
2018.10.22 12:02:52.508,1.14995,1.14998,2.14,1.00
2018.10.22 12:02:53.520,1.14998,1.15,1.00,2.25
2018.10.22 12:02:53.826,1.15001,1.15003,3.45,1.87
2018.10.22 12:02:54.145,1.14998,1.15,1.69,1.50
2018.10.22 12:02:54.458,1.14995,1.14997,6.07,1.00
2018.10.22 12:02:54.615,1.14996,1.14999,1.57,2.44
2018.10.22 12:02:55.080,1.14999,1.15001,1.50,2.32
2018.10.22 12:02:55.469,1.15,1.15003,7.01,1.50
2018.10.22 12:02:57.082,1.14999,1.15002,6.45,1.00
2018.10.22 12:02:57.496,1.15001,1.15004,1.87,2.25
2018.10.22 12:02:57.549,1.15004,1.15005,2.25,1.57
2018.10.22 12:02:57.603,1.15005,1.15007,1.50,4.12
2018.10.22 12:02:57.775,1.15001,1.15003,1.95,1.50
2018.10.22 12:02:58.301,1.14998,1.15,1.37,4.12
2018.10.22 12:02:58.413,1.14997,1.14999,1.39,1.50
2018.10.22 12:02:58.934,1.15,1.15002,3.25,5.25
2018.10.22 12:02:59.040,1.15002,1.15004,2.47,1.01
2018.10.22 12:02:59.166,1.15004,1.15005,1.00,3.07
2018.10.22 12:02:59.290,1.15005,1.15007,2.14,1.00
2018.10.22 12:02:59.819,1.15005,1.15006,1.12,1.00
2018.10.22 12:03:00.359,1.15004,1.15007,2.89,1.00
2018.10.22 12:03:00.938,1.15005,1.15007,1.10,1.00
2018.10.22 12:03:01.346,1.15004,1.15005,2.14,1.00
2018.10.22 12:03:01.398,1.15002,1.15004,3.75,1.50
2018.10.22 12:03:01.890,1.15,1.15001,1.10,1.00
2018.10.22 12:03:02.207,1.15001,1.15003,1.76,1.50
2018.10.22 12:03:03.176,1.14999,1.15001,3.64,1.00
2018.10.22 12:03:03.281,1.14996,1.14998,4.20,1.50
2018.10.22 12:03:03.386,1.14998,1.14999,1.50,1.10
2018.10.22 12:03:03.538,1.15002,1.15003,6.19,1.12
2018.10.22 12:03:03.592,1.15002,1.15005,6.07,1.00
2018.10.22 12:03:04.562,1.15001,1.15002,1.95,1.50
2018.10.22 12:03:05.083,1.15,1.15002,3.07,1.00
2018.10.22 12:03:05.555,1.15003,1.15004,1.69,2.25
2018.10.22 12:03:05.712,1.15004,1.15007,2.70,2.06
2018.10.22 12:03:05.767,1.15002,1.15005,7.20,1.50
2018.10.22 12:03:06.078,1.15001,1.15003,1.95,1.00
2018.10.22 12:03:06.573,1.15001,1.15004,3.26,1.69
2018.10.22 12:03:06.678,1.15001,1.15004,6.82,1.69
2018.10.22 12:03:06.941,1.15005,1.15008,1.69,3.19
2018.10.22 12:03:07.469,1.15004,1.15007,3.07,1.00
2018.10.22 12:03:08.603,1.15006,1.15007,1.00,1.00
2018.10.22 12:03:08.972,1.15003,1.15004,1.12,1.50
2018.10.22 12:03:09.026,1.15002,1.15003,1.12,1.50
2018.10.22 12:03:09.579,1.15,1.15003,3.64,1.69
2018.10.22 12:03:09.633,1.14999,1.15001,2.70,1.00
2018.10.22 12:03:10.121,1.14999,1.15001,1.20,1.69
2018.10.22 12:03:10.229,1.14997,1.14999,2.32,1.00
2018.10.22 12:03:10.541,1.14999,1.15002,1.57,3.26
2018.10.22 12:03:10.749,1.14997,1.15,3.26,1.50
2018.10.22 12:03:11.289,1.14997,1.15,1.95,1.69
2018.10.22 12:03:11.448,1.14995,1.14997,1.95,1.87
2018.10.22 12:03:11.555,1.14994,1.14996,1.95,1.00
2018.10.22 12:03:12.145,1.14994,1.14996,2.70,1.00
2018.10.22 12:03:12.668,1.14994,1.14996,3.45,1.00
2018.10.22 12:03:13.070,1.14993,1.14995,5.70,1.00
2018.10.22 12:03:13.125,1.14994,1.14996,1.57,1.00
2018.10.22 12:03:13.634,1.14994,1.14996,1.57,1.00
2018.10.22 12:03:14.644,1.14994,1.14996,4.76,1.25
2018.10.22 12:03:14.751,1.14992,1.14993,1.50,1.50
2018.10.22 12:03:14.881,1.1499,1.14993,1.20,1.50
2018.10.22 12:03:14.939,1.14989,1.14992,4.20,1.00
2018.10.22 12:03:15.472,1.14989,1.14991,2.70,1.00
2018.10.22 12:03:15.786,1.14988,1.14989,1.95,1.50
2018.10.22 12:03:15.971,1.14986,1.14988,1.00,1.12
2018.10.22 12:03:17.419,1.14986,1.14987,1.00,1.00
2018.10.22 12:03:17.523,1.14984,1.14985,4.87,1.10
2018.10.22 12:03:17.635,1.14971,1.1498,4.57,1.50
2018.10.22 12:03:17.696,1.14954,1.14956,1.37,2.62
2018.10.22 12:03:17.958,1.14939,1.1494,5.51,1.12
2018.10.22 12:03:18.208,1.14935,1.14936,8.32,1.12
2018.10.22 12:03:18.433,1.14933,1.14934,1.00,1.01
2018.10.22 12:03:18.579,1.1493,1.14933,9.37,1.50
2018.10.22 12:03:18.840,1.1493,1.14933,27.75,1.00
2018.10.22 12:03:19.040,1.14929,1.1493,2.06,1.12
2018.10.22 12:03:19.252,1.14924,1.14928,1.39,1.57
2018.10.22 12:03:19.305,1.14923,1.14928,46.16,1.57
2018.10.22 12:03:19.493,1.14925,1.14927,1.00,1.01
2018.10.22 12:03:19.764,1.14923,1.14926,1.27,1.00
2018.10.22 12:03:20.290,1.14923,1.14926,2.02,1.00
2018.10.22 12:03:20.765,1.14926,1.14929,2.62,1.57
2018.10.22 12:03:20.870,1.14928,1.1493,2.81,1.10
2018.10.22 12:03:20.979,1.1493,1.14932,1.50,3.82
2018.10.22 12:03:21.198,1.14928,1.14931,2.51,1.00
2018.10.22 12:03:21.311,1.14925,1.14929,4.31,1.57
2018.10.22 12:03:21.728,1.14924,1.14928,1.57,1.45
2018.10.22 12:03:21.974,1.14921,1.14923,1.00,1.10
2018.10.22 12:03:22.026,1.14919,1.14923,3.00,1.10
2018.10.22 12:03:22.546,1.14919,1.14923,2.51,1.20
2018.10.22 12:03:23.078,1.14919,1.14923,1.87,1.85
2018.10.22 12:03:23.283,1.14921,1.14922,1.00,1.00
2018.10.22 12:03:23.444,1.14922,1.14926,1.25,1.46
2018.10.22 12:03:23.967,1.14921,1.14923,2.25,1.10
2018.10.22 12:03:24.506,1.1492,1.14923,1.57,1.20
2018.10.22 12:03:25.121,1.14919,1.1492,4.99,2.25
2018.10.22 12:03:25.283,1.14914,1.14916,1.69,1.45
2018.10.22 12:03:25.789,1.14915,1.14918,1.25,2.25
2018.10.22 12:03:25.842,1.14916,1.14919,1.50,1.47
2018.10.22 12:03:25.895,1.14918,1.14921,1.00,1.12
2018.10.22 12:03:26.412,1.14905,1.14906,1.87,1.00
2018.10.22 12:03:26.595,1.14907,1.1491,4.69,1.01
2018.10.22 12:03:26.794,1.14908,1.14911,1.29,1.20
2018.10.22 12:03:26.956,1.14906,1.14911,2.89,3.45
2018.10.22 12:03:27.064,1.14905,1.14909,1.95,1.82
2018.10.22 12:03:27.508,1.14903,1.14905,3.82,2.42
2018.10.22 12:03:27.614,1.14902,1.14903,1.00,1.00
2018.10.22 12:03:27.765,1.14899,1.14903,3.45,2.51
2018.10.22 12:03:28.313,1.149,1.14902,1.50,1.69
2018.10.22 12:03:28.544,1.14902,1.14904,1.00,1.07
2018.10.22 12:03:28.947,1.14904,1.14905,1.50,1.25
2018.10.22 12:03:29.327,1.14905,1.14908,1.00,1.12
2018.10.22 12:03:29.381,1.14907,1.1491,1.50,1.45
2018.10.22 12:03:29.434,1.14908,1.14911,1.20,1.00
2018.10.22 12:03:29.642,1.1491,1.14912,1.00,1.54
2018.10.22 12:03:30.187,1.14909,1.14913,2.89,1.37
2018.10.22 12:03:30.506,1.14917,1.14919,1.50,1.31
2018.10.22 12:03:30.819,1.14915,1.14919,1.39,1.95
2018.10.22 12:03:30.872,1.14914,1.14919,3.82,4.76
2018.10.22 12:03:31.083,1.14918,1.14919,1.00,1.31
2018.10.22 12:03:31.237,1.14919,1.14922,1.95,1.31
2018.10.22 12:03:31.605,1.14917,1.14919,1.45,7.31
2018.10.22 12:03:31.914,1.14914,1.1492,4.01,5.89
2018.10.22 12:03:32.177,1.14917,1.14918,1.57,1.25
2018.10.22 12:03:32.231,1.14918,1.1492,2.25,1.15
2018.10.22 12:03:32.285,1.14919,1.14922,2.70,2.29
2018.10.22 12:03:32.339,1.1492,1.14923,1.95,3.64
2018.10.22 12:03:32.987,1.1492,1.14924,1.45,2.89
2018.10.22 12:03:33.473,1.14923,1.14924,1.00,1.00
2018.10.22 12:03:33.526,1.14924,1.14927,1.50,1.54
2018.10.22 12:03:34.075,1.1492,1.14924,1.10,2.81
2018.10.22 12:03:34.235,1.1492,1.14924,5.70,1.31
2018.10.22 12:03:34.346,1.14923,1.14927,1.00,5.21
2018.10.22 12:03:34.745,1.14922,1.14924,1.10,2.81
2018.10.22 12:03:35.269,1.1492,1.14924,3.45,2.81
2018.10.22 12:03:35.788,1.14918,1.1492,8.32,1.00
2018.10.22 12:03:35.948,1.14915,1.14919,7.20,2.44
2018.10.22 12:03:36.006,1.14915,1.14919,1.95,4.30
2018.10.22 12:03:36.061,1.14915,1.14918,2.89,1.12
2018.10.22 12:03:36.586,1.14914,1.14918,1.20,1.31
2018.10.22 12:03:36.890,1.14912,1.14916,3.45,1.12
2018.10.22 12:03:36.944,1.14913,1.14918,1.76,4.76
2018.10.22 12:03:37.421,1.14915,1.14918,2.51,1.47
2018.10.22 12:03:37.956,1.14914,1.14917,1.45,2.25
2018.10.22 12:03:38.116,1.14916,1.14919,1.20,2.02
2018.10.22 12:03:38.559,1.14914,1.14918,1.20,2.06
2018.10.22 12:03:39.098,1.14914,1.14918,1.39,1.87
2018.10.22 12:03:39.617,1.14915,1.14918,1.20,2.25
2018.10.22 12:03:40.092,1.14913,1.14917,4.20,3.94
2018.10.22 12:03:40.410,1.14914,1.14919,4.76,4.57
2018.10.22 12:03:40.929,1.14915,1.14919,1.70,1.57
2018.10.22 12:03:41.101,1.14918,1.14922,3.64,1.12
2018.10.22 12:03:41.154,1.14917,1.14921,6.26,2.25
2018.10.22 12:03:41.322,1.14916,1.14919,1.95,1.12
2018.10.22 12:03:41.427,1.14915,1.14917,1.45,1.00
2018.10.22 12:03:41.638,1.14916,1.14919,1.76,1.12
2018.10.22 12:03:41.745,1.14918,1.1492,1.00,1.00
2018.10.22 12:03:42.083,1.14912,1.14916,2.70,2.44
2018.10.22 12:03:42.399,1.14914,1.14917,1.95,1.00
2018.10.22 12:03:42.873,1.14912,1.14917,3.64,1.50
2018.10.22 12:03:43.084,1.14915,1.14918,1.10,4.20
2018.10.22 12:03:43.651,1.14913,1.14918,3.45,4.31
2018.10.22 12:03:44.016,1.1491,1.14913,1.95,1.50
2018.10.22 12:03:44.249,1.14911,1.14914,2.32,1.20
2018.10.22 12:03:44.357,1.14913,1.14917,2.25,4.01
2018.10.22 12:03:44.680,1.14909,1.14915,6.82,4.95
2018.10.22 12:03:44.895,1.14909,1.14914,2.14,7.50
2018.10.22 12:03:45.050,1.14911,1.14915,3.56,1.31
2018.10.22 12:03:45.102,1.14912,1.14916,1.20,2.25
2018.10.22 12:03:45.207,1.14911,1.14914,1.20,1.20
2018.10.22 12:03:46.378,1.14911,1.14914,1.00,3.75
2018.10.22 12:03:46.591,1.14908,1.14911,4.20,1.12
2018.10.22 12:03:46.957,1.14907,1.14911,1.95,4.39
2018.10.22 12:03:47.260,1.14904,1.14905,1.10,1.50
2018.10.22 12:03:47.365,1.14905,1.14907,1.20,1.00
2018.10.22 12:03:47.917,1.14903,1.14907,3.64,1.25
2018.10.22 12:03:48.177,1.14901,1.14902,1.00,1.35
2018.10.22 12:03:48.337,1.14898,1.149,1.12,1.87
2018.10.22 12:03:48.581,1.149,1.14902,1.00,1.76
2018.10.22 12:03:49.080,1.14898,1.14901,1.69,1.12
2018.10.22 12:03:49.134,1.14898,1.14899,1.25,1.00
2018.10.22 12:03:49.240,1.14896,1.14899,1.69,1.37
2018.10.22 12:03:49.400,1.14893,1.14895,1.57,1.87
2018.10.22 12:03:49.522,1.14892,1.14895,1.20,2.70
2018.10.22 12:03:49.575,1.14896,1.14898,1.00,2.14
2018.10.22 12:03:50.124,1.14894,1.14898,3.26,1.20
2018.10.22 12:03:50.521,1.14893,1.14894,1.69,1.12
2018.10.22 12:03:50.681,1.14889,1.14891,2.25,3.00
2018.10.22 12:03:50.735,1.14886,1.14891,2.32,3.30
2018.10.22 12:03:51.002,1.14882,1.14885,1.50,2.70
2018.10.22 12:03:51.058,1.1488,1.14885,1.57,3.63
2018.10.22 12:03:51.114,1.14882,1.14884,1.19,1.57
2018.10.22 12:03:51.328,1.1488,1.14884,2.25,1.01
2018.10.22 12:03:51.765,1.14882,1.14885,1.95,2.44
2018.10.22 12:03:51.869,1.14884,1.14887,1.00,1.45
2018.10.22 12:03:52.400,1.14885,1.14888,1.00,1.69
2018.10.22 12:03:52.911,1.14884,1.14888,2.14,2.89
2018.10.22 12:03:53.016,1.14883,1.14888,4.01,2.00
2018.10.22 12:03:53.347,1.14888,1.14893,3.64,2.25
2018.10.22 12:03:53.504,1.1489,1.14892,1.27,1.00
2018.10.22 12:03:53.557,1.14889,1.14894,1.39,3.07
2018.10.22 12:03:53.928,1.14888,1.1489,7.57,4.25
2018.10.22 12:03:53.981,1.14885,1.14888,3.45,1.50
2018.10.22 12:03:54.293,1.14888,1.14892,1.50,4.09
2018.10.22 12:03:54.468,1.1489,1.14895,1.10,8.14
2018.10.22 12:03:54.675,1.1489,1.14892,1.00,1.75
2018.10.22 12:03:55.364,1.14891,1.14894,1.29,1.47
2018.10.22 12:03:55.856,1.14894,1.14897,1.25,1.57
2018.10.22 12:03:56.226,1.14895,1.14899,1.00,2.32
2018.10.22 12:03:56.758,1.14895,1.14897,1.76,1.00
2018.10.22 12:03:57.837,1.14895,1.14899,2.89,1.75
2018.10.22 12:03:57.890,1.14896,1.149,1.25,4.20
2018.10.22 12:03:57.944,1.14898,1.149,1.00,1.00
2018.10.22 12:03:58.122,1.14902,1.14907,8.32,1.69
2018.10.22 12:03:58.228,1.149,1.14902,2.25,2.25
2018.10.22 12:03:58.442,1.14895,1.14899,6.45,1.20
2018.10.22 12:03:58.971,1.14896,1.14901,1.57,4.76
2018.10.22 12:03:59.382,1.14895,1.14899,2.89,1.95
2018.10.22 12:03:59.907,1.14895,1.14899,2.70,2.62
2018.10.22 12:04:00.721,1.14896,1.14898,1.00,1.47
2018.10.22 12:04:00.990,1.14898,1.149,2.44,1.20
2018.10.22 12:04:01.043,1.14899,1.14902,2.33,5.06
2018.10.22 12:04:01.582,1.14899,1.14903,1.20,1.75
2018.10.22 12:04:02.212,1.14899,1.14902,1.20,2.25
2018.10.22 12:04:02.380,1.14895,1.14899,4.39,2.25
2018.10.22 12:04:02.593,1.14897,1.149,1.10,5.70
2018.10.22 12:04:02.908,1.14895,1.149,2.51,5.51
2018.10.22 12:04:03.678,1.14896,1.14897,1.10,1.00
2018.10.22 12:04:04.182,1.14894,1.14897,1.20,1.95
2018.10.22 12:04:04.997,1.14894,1.14896,2.20,1.00
2018.10.22 12:04:05.356,1.14892,1.14895,2.44,3.00
2018.10.22 12:04:05.831,1.1489,1.14894,2.44,1.95
2018.10.22 12:04:06.187,1.14891,1.14894,1.87,1.50
2018.10.22 12:04:06.401,1.14894,1.14899,4.12,3.00
2018.10.22 12:04:06.909,1.14894,1.14898,1.70,2.32
2018.10.22 12:04:07.399,1.14895,1.14898,7.69,1.00
2018.10.22 12:04:08.233,1.14895,1.14898,7.95,1.50
2018.10.22 12:04:08.425,1.14894,1.14897,1.00,1.12
2018.10.22 12:04:08.480,1.14893,1.14897,1.01,3.75
2018.10.22 12:04:08.956,1.14895,1.14898,3.94,1.50
2018.10.22 12:04:09.248,1.14895,1.149,8.39,4.50
2018.10.22 12:04:09.353,1.14895,1.149,4.39,5.51
2018.10.22 12:04:09.457,1.14895,1.149,9.26,6.64
2018.10.22 12:04:09.815,1.14898,1.14901,11.29,1.00
2018.10.22 12:04:09.921,1.14896,1.14899,1.00,3.19
2018.10.22 12:04:09.973,1.14897,1.14901,4.87,2.62
2018.10.22 12:04:10.186,1.14899,1.14904,3.37,2.25
2018.10.22 12:04:10.397,1.14899,1.14903,5.14,1.75
2018.10.22 12:04:10.898,1.14899,1.14903,1.39,1.75
2018.10.22 12:04:11.418,1.14899,1.14903,7.01,1.75
2018.10.22 12:04:11.736,1.14903,1.14907,5.14,2.51
2018.10.22 12:04:12.107,1.14899,1.14904,4.39,2.00
2018.10.22 12:04:12.680,1.14899,1.14903,1.95,2.25
2018.10.22 12:04:13.183,1.14898,1.14903,4.20,3.19
2018.10.22 12:04:13.999,1.14897,1.14899,1.95,2.25
2018.10.22 12:04:14.106,1.14895,1.14897,1.50,1.50
2018.10.22 12:04:14.667,1.14893,1.14897,7.39,1.50
2018.10.22 12:04:15.391,1.14895,1.14899,5.14,1.90
2018.10.22 12:04:15.919,1.14895,1.14898,1.20,2.70
2018.10.22 12:04:16.717,1.14896,1.14897,1.00,1.00
2018.10.22 12:04:17.035,1.14897,1.14899,1.95,1.00
2018.10.22 12:04:17.092,1.14899,1.14901,2.25,2.89
2018.10.22 12:04:17.419,1.14901,1.14902,1.20,1.00
2018.10.22 12:04:17.783,1.14901,1.14904,2.25,2.44
2018.10.22 12:04:17.933,1.14903,1.14906,2.14,1.20
2018.10.22 12:04:18.256,1.14901,1.14904,2.89,3.45
2018.10.22 12:04:19.163,1.149,1.14904,5.89,4.20
2018.10.22 12:04:19.634,1.14902,1.14905,1.95,2.70
2018.10.22 12:04:19.998,1.14905,1.14907,1.00,10.20
2018.10.22 12:04:20.402,1.14903,1.14904,1.00,2.25
2018.10.22 12:04:20.942,1.14901,1.14904,1.50,3.45
2018.10.22 12:04:21.845,1.14901,1.14903,1.50,1.00
2018.10.22 12:04:24.548,1.14899,1.149,1.00,1.50
2018.10.22 12:04:24.852,1.14901,1.14904,1.10,2.25
2018.10.22 12:04:25.229,1.14904,1.14905,1.39,1.50
2018.10.22 12:04:25.759,1.14903,1.14906,1.00,3.15
2018.10.22 12:04:26.080,1.14901,1.14904,2.25,2.00
2018.10.22 12:04:28.319,1.149,1.14902,3.45,1.50
2018.10.22 12:04:28.429,1.14898,1.149,1.00,10.18
2018.10.22 12:04:28.540,1.14896,1.14897,1.95,1.00
2018.10.22 12:04:29.504,1.14897,1.149,1.01,4.57
2018.10.22 12:04:29.661,1.14899,1.14902,3.94,1.85
2018.10.22 12:04:30.929,1.14898,1.149,1.95,1.69
2018.10.22 12:04:30.982,1.14896,1.149,3.82,2.70
2018.10.22 12:04:31.523,1.14897,1.14899,1.00,2.32
2018.10.22 12:04:31.630,1.14896,1.14897,1.50,1.00
2018.10.22 12:04:31.851,1.14893,1.14895,1.19,4.87
2018.10.22 12:04:31.905,1.14889,1.14891,2.89,11.62
2018.10.22 12:04:32.207,1.14886,1.14889,2.14,1.50
2018.10.22 12:04:32.896,1.14888,1.14889,1.10,1.00
2018.10.22 12:04:33.200,1.1489,1.14892,1.00,1.50
2018.10.22 12:04:33.752,1.14891,1.14892,1.20,1.00
2018.10.22 12:04:33.963,1.14893,1.14894,1.00,1.50
2018.10.22 12:04:34.070,1.14893,1.14896,1.95,1.47
2018.10.22 12:04:35.172,1.14895,1.14897,1.00,1.57
2018.10.22 12:04:35.698,1.14894,1.14897,5.89,1.20
2018.10.22 12:04:36.456,1.14895,1.14896,1.00,1.00
2018.10.22 12:04:37.033,1.14896,1.14898,1.00,2.32
2018.10.22 12:04:38.047,1.14896,1.14899,1.00,1.12
2018.10.22 12:04:39.803,1.14896,1.14898,2.25,1.87
2018.10.22 12:04:40.274,1.1489,1.14892,3.30,4.50
2018.10.22 12:04:40.399,1.14887,1.14888,1.20,1.00
2018.10.22 12:04:40.453,1.14888,1.14889,1.25,3.37
2018.10.22 12:04:40.558,1.14887,1.1489,1.20,5.32
2018.10.22 12:04:40.612,1.1489,1.14891,1.12,6.82
2018.10.22 12:04:40.718,1.14895,1.14897,1.00,2.32
2018.10.22 12:04:41.258,1.14893,1.14894,1.95,2.62
2018.10.22 12:04:41.315,1.14891,1.14894,1.69,1.12
2018.10.22 12:04:41.370,1.14894,1.14895,1.00,1.10
2018.10.22 12:04:41.476,1.14895,1.14897,3.00,1.20
2018.10.22 12:04:41.993,1.14895,1.14898,1.00,1.87
2018.10.22 12:04:43.033,1.14895,1.14898,1.20,3.26
2018.10.22 12:04:43.486,1.14896,1.14899,1.25,2.62
2018.10.22 12:04:43.982,1.14898,1.14899,1.25,1.00
2018.10.22 12:04:44.088,1.149,1.14903,1.25,2.32
2018.10.22 12:04:44.362,1.14898,1.149,3.37,1.00
2018.10.22 12:04:44.680,1.149,1.14903,1.00,1.72
2018.10.22 12:04:45.224,1.149,1.14903,1.10,1.50
2018.10.22 12:04:45.583,1.14897,1.14899,1.00,1.50
2018.10.22 12:04:46.101,1.14896,1.149,1.00,4.20
2018.10.22 12:04:46.413,1.14899,1.14901,4.57,1.00
2018.10.22 12:04:46.465,1.14901,1.14903,1.50,1.12
2018.10.22 12:04:46.774,1.149,1.14903,1.10,2.62
2018.10.22 12:04:47.298,1.14899,1.14903,3.64,1.75
2018.10.22 12:04:47.354,1.14899,1.149,1.50,3.75
2018.10.22 12:04:47.461,1.14897,1.14899,1.20,1.00
2018.10.22 12:04:48.045,1.14896,1.14899,1.39,1.10
2018.10.22 12:04:48.668,1.14898,1.14899,1.50,2.25
2018.10.22 12:04:48.824,1.149,1.14903,2.51,1.00
2018.10.22 12:04:49.669,1.149,1.14902,1.76,1.00
2018.10.22 12:04:49.723,1.149,1.14904,2.14,2.70
2018.10.22 12:04:50.242,1.149,1.14904,1.76,2.44
2018.10.22 12:04:50.573,1.149,1.14902,1.20,2.25
2018.10.22 12:04:50.686,1.14898,1.14901,1.50,1.25
2018.10.22 12:04:50.897,1.14898,1.14899,1.50,1.00
2018.10.22 12:04:51.113,1.14897,1.14901,1.50,9.82
2018.10.22 12:04:51.166,1.149,1.14902,1.25,4.39
2018.10.22 12:04:51.491,1.14903,1.14904,1.10,1.25
2018.10.22 12:04:51.690,1.14904,1.14907,1.12,1.76
2018.10.22 12:04:51.899,1.14904,1.14908,2.32,1.20
2018.10.22 12:04:51.953,1.14904,1.14905,1.10,3.00
2018.10.22 12:04:52.113,1.14902,1.14903,1.00,1.00
2018.10.22 12:04:52.311,1.14904,1.14905,4.95,1.00
2018.10.22 12:04:52.850,1.14904,1.14906,1.10,1.69
2018.10.22 12:04:53.375,1.14903,1.14907,6.07,1.50
2018.10.22 12:04:53.726,1.14906,1.14907,1.00,1.00
2018.10.22 12:04:54.016,1.14904,1.14907,3.82,1.00
2018.10.22 12:04:54.381,1.14906,1.14908,1.00,1.00
2018.10.22 12:04:54.885,1.14905,1.14908,1.01,1.00
2018.10.22 12:04:55.691,1.14905,1.14908,2.14,1.00
2018.10.22 12:04:56.015,1.14915,1.14917,1.10,1.00
2018.10.22 12:04:56.400,1.14913,1.14917,3.26,1.50
2018.10.22 12:04:56.508,1.14915,1.14918,1.25,2.25
2018.10.22 12:04:57.053,1.14914,1.14915,1.10,1.50
2018.10.22 12:04:57.105,1.14912,1.14915,1.57,4.12
2018.10.22 12:04:57.211,1.14911,1.14913,1.25,1.25
2018.10.22 12:04:57.721,1.1491,1.14913,2.25,1.25
2018.10.22 12:04:58.052,1.14913,1.14915,1.10,3.94
2018.10.22 12:04:58.580,1.1491,1.14914,4.57,1.87
2018.10.22 12:04:59.794,1.1491,1.14913,2.70,1.25
2018.10.22 12:05:00.317,1.1491,1.14912,1.20,1.25
2018.10.22 12:05:00.668,1.14908,1.1491,1.95,3.19
2018.10.22 12:05:00.830,1.14905,1.14908,3.45,1.69
2018.10.22 12:05:01.288,1.14909,1.14911,2.32,1.00
2018.10.22 12:05:01.447,1.1491,1.14913,3.07,3.00
2018.10.22 12:05:02.042,1.1491,1.14912,1.20,1.00
2018.10.22 12:05:02.579,1.14909,1.14912,1.95,1.50
2018.10.22 12:05:02.787,1.14908,1.14911,2.70,5.25
2018.10.22 12:05:02.892,1.14906,1.14909,1.95,9.10
2018.10.22 12:05:02.944,1.14904,1.14905,1.20,1.00
2018.10.22 12:05:03.186,1.14901,1.14903,1.00,1.69
2018.10.22 12:05:03.705,1.149,1.14902,2.70,1.00
2018.10.22 12:05:04.032,1.14897,1.14898,6.82,1.50
2018.10.22 12:05:04.138,1.14894,1.14896,3.37,1.00
2018.10.22 12:05:04.686,1.14894,1.14897,1.20,3.19
2018.10.22 12:05:04.744,1.14893,1.14895,1.95,1.69
2018.10.22 12:05:04.797,1.14892,1.14895,3.45,1.69
2018.10.22 12:05:05.329,1.14892,1.14895,1.95,1.00
2018.10.22 12:05:05.870,1.14892,1.14895,2.32,1.00
2018.10.22 12:05:06.057,1.14895,1.14896,1.12,1.95
2018.10.22 12:05:06.218,1.14898,1.14901,3.37,1.95
2018.10.22 12:05:06.273,1.14899,1.149,1.20,1.00
2018.10.22 12:05:06.377,1.14898,1.14902,3.07,1.69
2018.10.22 12:05:06.531,1.14899,1.14903,1.95,3.64
2018.10.22 12:05:06.844,1.14897,1.149,1.20,1.25
2018.10.22 12:05:07.159,1.14897,1.14898,1.95,1.00
2018.10.22 12:05:07.212,1.14896,1.14898,1.95,1.00
2018.10.22 12:05:07.375,1.14898,1.149,1.20,2.25
2018.10.22 12:05:07.534,1.14898,1.14902,2.32,2.25
2018.10.22 12:05:07.796,1.14898,1.149,3.07,1.00
2018.10.22 12:05:08.316,1.14896,1.149,4.61,1.69
2018.10.22 12:05:08.527,1.14896,1.149,1.10,3.94
2018.10.22 12:05:09.219,1.14898,1.149,1.00,1.50
2018.10.22 12:05:09.481,1.14898,1.14902,4.20,3.00
2018.10.22 12:05:09.654,1.14898,1.149,2.70,1.25
2018.10.22 12:05:09.708,1.14895,1.14899,7.57,1.00
2018.10.22 12:05:09.815,1.14894,1.14898,5.70,1.00
2018.10.22 12:05:10.442,1.14894,1.14897,3.08,1.00
2018.10.22 12:05:10.600,1.14894,1.14895,1.39,2.06
2018.10.22 12:05:10.717,1.1489,1.14892,1.87,1.00
2018.10.22 12:05:11.269,1.14889,1.14891,2.51,1.00
2018.10.22 12:05:11.786,1.14889,1.14892,4.01,2.25
2018.10.22 12:05:11.976,1.1489,1.14892,3.07,1.25
2018.10.22 12:05:12.084,1.14888,1.1489,1.20,1.00
2018.10.22 12:05:12.137,1.14887,1.14888,4.57,1.25
2018.10.22 12:05:12.293,1.14885,1.14888,1.12,1.69
2018.10.22 12:05:12.838,1.14884,1.14888,4.76,1.25
2018.10.22 12:05:12.891,1.14884,1.14886,4.39,1.00
2018.10.22 12:05:13.334,1.14885,1.14888,2.25,3.19
2018.10.22 12:05:13.649,1.14884,1.14886,1.57,1.00
2018.10.22 12:05:14.180,1.14883,1.14886,3.64,1.00
2018.10.22 12:05:14.339,1.14882,1.14886,2.14,1.95
2018.10.22 12:05:14.447,1.14885,1.14887,1.50,1.50
2018.10.22 12:05:14.775,1.14886,1.14887,2.32,1.00
2018.10.22 12:05:14.828,1.14885,1.14887,1.00,1.00
2018.10.22 12:05:15.043,1.14885,1.14888,3.82,1.50
2018.10.22 12:05:15.149,1.14883,1.14887,6.11,1.50
2018.10.22 12:05:16.421,1.14886,1.14888,1.00,1.20
2018.10.22 12:05:16.474,1.14884,1.14888,5.33,1.45
2018.10.22 12:05:16.630,1.14886,1.14888,1.00,1.00
2018.10.22 12:05:16.888,1.14884,1.14888,10.75,1.00
2018.10.22 12:05:17.377,1.14883,1.14884,2.70,2.44
2018.10.22 12:05:17.710,1.14878,1.1488,1.50,2.89
2018.10.22 12:05:18.029,1.14877,1.14879,1.50,1.20
2018.10.22 12:05:18.192,1.14875,1.14878,2.44,1.50
2018.10.22 12:05:18.291,1.14877,1.14879,1.00,1.20
2018.10.22 12:05:18.345,1.14879,1.14881,1.25,1.57
2018.10.22 12:05:18.398,1.14879,1.14882,2.51,2.25
2018.10.22 12:05:19.053,1.14878,1.14881,3.64,1.00
2018.10.22 12:05:19.572,1.14879,1.14881,1.20,1.00
2018.10.22 12:05:20.216,1.14878,1.1488,3.04,1.00
2018.10.22 12:05:20.733,1.1488,1.14881,1.00,1.00
2018.10.22 12:05:21.253,1.14878,1.14881,4.39,1.00
2018.10.22 12:05:21.781,1.14878,1.14882,10.95,1.50
2018.10.22 12:05:22.360,1.14879,1.14883,2.89,3.00
2018.10.22 12:05:22.776,1.1488,1.14883,1.39,1.00
2018.10.22 12:05:23.322,1.14881,1.14884,1.10,3.07
2018.10.22 12:05:23.867,1.14882,1.14883,1.00,1.00
2018.10.22 12:05:23.978,1.14885,1.14888,1.95,3.26
2018.10.22 12:05:24.495,1.14886,1.14888,1.10,1.00
2018.10.22 12:05:25.122,1.14885,1.14888,1.20,2.70
2018.10.22 12:05:25.342,1.14882,1.14884,3.82,1.25
2018.10.22 12:05:25.883,1.14882,1.14886,1.20,1.12
2018.10.22 12:05:26.436,1.14884,1.14887,1.00,2.25
2018.10.22 12:05:26.754,1.14881,1.14884,1.69,3.00
2018.10.22 12:05:26.930,1.1488,1.14883,2.92,1.00
2018.10.22 12:05:27.149,1.14882,1.14883,3.00,1.00
2018.10.22 12:05:27.257,1.14881,1.14885,2.14,3.75
2018.10.22 12:05:27.311,1.14881,1.14883,1.39,1.00
2018.10.22 12:05:27.554,1.1488,1.14883,1.10,1.00
2018.10.22 12:05:28.132,1.1488,1.14883,2.70,1.00
2018.10.22 12:05:28.237,1.14884,1.14885,1.50,2.62
2018.10.22 12:05:28.374,1.14884,1.14887,1.57,1.00
2018.10.22 12:05:28.482,1.14882,1.14884,6.26,1.00
2018.10.22 12:05:28.641,1.1488,1.14884,5.32,2.62
2018.10.22 12:05:29.199,1.1488,1.14883,3.45,1.50
2018.10.22 12:05:29.469,1.14878,1.14882,5.70,3.00
2018.10.22 12:05:29.576,1.14876,1.14879,2.44,2.25
2018.10.22 12:05:30.086,1.14874,1.14879,6.86,6.19
2018.10.22 12:05:30.674,1.14874,1.14878,4.24,1.39
2018.10.22 12:05:30.994,1.14873,1.14877,2.89,5.51
2018.10.22 12:05:31.424,1.14877,1.14878,1.00,1.87
2018.10.22 12:05:31.477,1.14877,1.1488,1.69,1.50
2018.10.22 12:05:32.032,1.14877,1.14882,1.10,7.57
2018.10.22 12:05:32.599,1.14877,1.14881,2.51,1.50
2018.10.22 12:05:33.026,1.1488,1.14883,1.25,2.51
2018.10.22 12:05:33.343,1.14884,1.14888,3.30,1.87
2018.10.22 12:05:33.500,1.14886,1.14889,1.50,4.20
2018.10.22 12:05:34.177,1.14886,1.14888,1.00,1.00
2018.10.22 12:05:34.691,1.14886,1.1489,1.00,4.57
2018.10.22 12:05:34.795,1.14888,1.1489,3.75,1.00
2018.10.22 12:05:35.121,1.1489,1.14892,1.10,1.12
2018.10.22 12:05:35.811,1.14888,1.1489,1.80,1.12
2018.10.22 12:05:36.350,1.14888,1.14889,1.10,1.00
2018.10.22 12:05:36.404,1.14886,1.14889,1.10,1.00
2018.10.22 12:05:36.976,1.14886,1.14888,4.42,1.25
2018.10.22 12:05:37.086,1.14887,1.1489,1.00,1.50
2018.10.22 12:05:37.580,1.14887,1.14889,1.00,2.25
2018.10.22 12:05:37.794,1.14887,1.1489,3.49,1.87
2018.10.22 12:05:37.901,1.14886,1.14888,4.50,1.00
2018.10.22 12:05:38.238,1.14885,1.14888,1.95,1.00
2018.10.22 12:05:38.601,1.14888,1.1489,1.00,5.25
2018.10.22 12:05:38.907,1.14891,1.14893,2.47,1.00
2018.10.22 12:05:40.213,1.1489,1.14892,1.20,1.25
2018.10.22 12:05:40.420,1.14886,1.14889,1.19,1.69
2018.10.22 12:05:40.788,1.14884,1.14887,5.89,1.00
2018.10.22 12:05:41.196,1.14887,1.14889,1.76,4.22
2018.10.22 12:05:41.315,1.14889,1.14891,1.25,1.78
2018.10.22 12:05:41.368,1.14889,1.14892,1.64,1.50
2018.10.22 12:05:41.427,1.14888,1.14889,1.31,1.00
2018.10.22 12:05:41.586,1.14885,1.14889,5.14,3.94
2018.10.22 12:05:42.115,1.14887,1.14889,1.25,1.69
2018.10.22 12:05:42.658,1.14885,1.14888,2.44,2.81
2018.10.22 12:05:43.296,1.14885,1.14887,1.87,2.44
2018.10.22 12:05:43.350,1.14882,1.14884,3.26,1.00
2018.10.22 12:05:43.458,1.14885,1.14887,2.70,1.00
2018.10.22 12:05:43.722,1.14887,1.14888,1.00,2.25
2018.10.22 12:05:43.776,1.14887,1.1489,3.60,2.89
2018.10.22 12:05:43.987,1.1489,1.14891,1.00,1.69
2018.10.22 12:05:44.039,1.1489,1.14892,1.10,1.69
2018.10.22 12:05:44.675,1.14887,1.1489,6.64,1.00
2018.10.22 12:05:44.779,1.14887,1.14889,1.01,1.00
2018.10.22 12:05:44.936,1.14887,1.1489,1.01,3.37
2018.10.22 12:05:45.145,1.14889,1.1489,1.00,1.00
2018.10.22 12:05:45.416,1.14889,1.14892,1.69,1.12
2018.10.22 12:05:45.523,1.14888,1.1489,1.10,1.69
2018.10.22 12:05:45.996,1.14885,1.14888,3.45,1.50
2018.10.22 12:05:46.050,1.14885,1.14887,2.33,1.00
2018.10.22 12:05:46.584,1.14884,1.14886,4.42,1.25
2018.10.22 12:05:47.057,1.14885,1.14888,6.82,1.00
2018.10.22 12:05:47.578,1.14885,1.14887,4.01,1.00
2018.10.22 12:05:48.059,1.14888,1.1489,4.75,3.37
2018.10.22 12:05:48.166,1.1489,1.14891,1.95,1.50
2018.10.22 12:05:48.324,1.1489,1.14893,1.10,1.50
2018.10.22 12:05:48.862,1.1489,1.14892,1.00,1.00
2018.10.22 12:05:49.513,1.14889,1.14892,7.76,1.00
2018.10.22 12:05:49.618,1.14889,1.14892,4.39,1.00
2018.10.22 12:05:50.741,1.14889,1.14892,2.51,1.00
2018.10.22 12:05:51.056,1.14892,1.14893,1.00,1.69
2018.10.22 12:05:51.117,1.14895,1.14896,1.00,3.00
2018.10.22 12:05:51.174,1.14895,1.14898,2.62,3.82
2018.10.22 12:05:51.450,1.14892,1.14895,2.51,1.69
2018.10.22 12:05:52.147,1.14892,1.14895,5.51,1.69
2018.10.22 12:05:52.671,1.14892,1.14893,3.07,1.00
2018.10.22 12:05:53.210,1.14891,1.14894,1.50,2.25
2018.10.22 12:05:53.551,1.14897,1.14899,1.00,3.19
2018.10.22 12:05:54.184,1.14898,1.149,1.10,2.44
2018.10.22 12:05:55.153,1.14898,1.14899,1.00,1.50
2018.10.22 12:05:55.263,1.14896,1.14899,1.69,2.25
2018.10.22 12:05:55.775,1.14896,1.14899,1.25,3.07
2018.10.22 12:05:56.312,1.14897,1.14899,1.00,3.19
2018.10.22 12:05:56.526,1.14899,1.149,1.00,3.64
2018.10.22 12:05:56.634,1.14901,1.14902,1.00,1.00
2018.10.22 12:05:56.987,1.14899,1.14901,4.95,1.00
2018.10.22 12:05:57.146,1.14897,1.14899,1.00,1.50
2018.10.22 12:05:57.725,1.14897,1.14899,4.50,1.00
2018.10.22 12:05:57.832,1.149,1.14901,1.12,3.56
2018.10.22 12:05:57.939,1.14902,1.14904,1.00,1.50
2018.10.22 12:05:57.993,1.14901,1.14904,2.89,2.44
2018.10.22 12:05:58.297,1.14896,1.14899,1.76,1.50
2018.10.22 12:05:59.176,1.14896,1.14899,2.89,2.25
2018.10.22 12:05:59.696,1.14896,1.14899,1.39,1.69
2018.10.22 12:06:00.237,1.14897,1.14899,1.00,1.10
2018.10.22 12:06:01.120,1.14897,1.149,2.25,1.69
2018.10.22 12:06:01.385,1.14896,1.14898,2.51,1.00
2018.10.22 12:06:01.568,1.14897,1.14901,2.62,2.51
2018.10.22 12:06:01.728,1.14898,1.14902,1.76,2.25
2018.10.22 12:06:02.685,1.14899,1.14901,2.14,1.00
2018.10.22 12:06:02.739,1.14901,1.14902,1.50,1.76
2018.10.22 12:06:03.005,1.14904,1.14907,2.32,1.50
2018.10.22 12:06:04.623,1.14907,1.14908,1.00,1.69
2018.10.22 12:06:04.677,1.14908,1.14909,1.12,1.95
2018.10.22 12:06:04.783,1.1491,1.14911,1.00,1.00
2018.10.22 12:06:04.951,1.14907,1.14909,1.12,8.06
2018.10.22 12:06:06.310,1.14908,1.1491,1.25,2.51
2018.10.22 12:06:06.467,1.14909,1.14912,1.00,4.01
2018.10.22 12:06:06.989,1.1491,1.14912,1.00,1.39
2018.10.22 12:06:07.677,1.14909,1.14912,1.95,1.10
2018.10.22 12:06:08.032,1.14913,1.14914,1.00,1.20
2018.10.22 12:06:08.139,1.14914,1.14916,1.00,2.78
2018.10.22 12:06:08.352,1.14912,1.14914,1.20,1.00
2018.10.22 12:06:08.857,1.14911,1.14915,3.19,5.32
2018.10.22 12:06:09.374,1.14911,1.14915,4.20,4.39
2018.10.22 12:06:10.268,1.14912,1.14914,1.00,1.00
2018.10.22 12:06:10.848,1.14912,1.14915,1.00,2.62
2018.10.22 12:06:11.160,1.14917,1.14919,1.00,1.69
2018.10.22 12:06:11.679,1.14916,1.14918,1.00,1.12
2018.10.22 12:06:12.417,1.14915,1.14919,1.50,5.32
2018.10.22 12:06:13.212,1.14916,1.14919,1.00,4.57
2018.10.22 12:06:13.739,1.14915,1.14919,1.50,7.20
2018.10.22 12:06:14.152,1.14913,1.14915,1.76,4.12
2018.10.22 12:06:14.699,1.14915,1.14917,1.00,1.01
2018.10.22 12:06:14.856,1.14916,1.14919,2.25,2.51
2018.10.22 12:06:15.135,1.14915,1.14917,1.69,1.00
2018.10.22 12:06:15.348,1.14911,1.14914,1.25,1.00
2018.10.22 12:06:15.455,1.14915,1.14917,1.50,1.99
2018.10.22 12:06:16.001,1.14913,1.14917,4.39,1.20
2018.10.22 12:06:16.157,1.14914,1.14918,1.25,4.95
2018.10.22 12:06:16.702,1.14915,1.14918,1.69,1.12
2018.10.22 12:06:17.070,1.14916,1.1492,1.50,4.95
2018.10.22 12:06:18.188,1.14916,1.1492,1.95,6.82
2018.10.22 12:06:18.292,1.14919,1.1492,1.00,2.25
2018.10.22 12:06:18.397,1.1492,1.14923,2.44,1.00
2018.10.22 12:06:18.502,1.14918,1.1492,1.39,5.25
2018.10.22 12:06:18.606,1.14917,1.1492,1.50,10.20
2018.10.22 12:06:18.967,1.14919,1.14922,3.19,2.25
2018.10.22 12:06:19.234,1.1492,1.14924,1.50,3.82
2018.10.22 12:06:19.790,1.1492,1.14923,1.00,1.00
2018.10.22 12:06:20.468,1.1492,1.14923,1.69,2.62
2018.10.22 12:06:20.660,1.14918,1.14922,1.76,1.50
2018.10.22 12:06:20.714,1.1492,1.14923,2.25,1.95
2018.10.22 12:06:21.076,1.14913,1.14914,1.35,1.00
2018.10.22 12:06:21.275,1.14907,1.14908,2.81,1.00
2018.10.22 12:06:21.849,1.1491,1.14911,1.50,3.07
2018.10.22 12:06:22.010,1.14911,1.14912,1.00,1.00
2018.10.22 12:06:22.275,1.14907,1.14909,2.32,1.00
2018.10.22 12:06:22.329,1.14906,1.14909,1.20,1.10
2018.10.22 12:06:23.078,1.14906,1.14909,1.50,1.95
2018.10.22 12:06:24.412,1.14907,1.14909,1.00,3.45
2018.10.22 12:06:24.580,1.14908,1.14911,1.00,1.50
2018.10.22 12:06:24.684,1.1491,1.14912,1.00,2.32
2018.10.22 12:06:25.222,1.14911,1.14913,1.00,3.07
2018.10.22 12:06:25.752,1.14908,1.1491,1.20,2.25
2018.10.22 12:06:25.859,1.14906,1.14908,1.50,1.00
2018.10.22 12:06:26.144,1.14908,1.1491,3.94,1.10
2018.10.22 12:06:26.661,1.14906,1.1491,4.39,6.56
2018.10.22 12:06:26.713,1.14905,1.14909,4.76,1.50
2018.10.22 12:06:27.224,1.14906,1.14909,1.00,1.00
2018.10.22 12:06:28.048,1.14908,1.1491,1.00,5.70
2018.10.22 12:06:28.102,1.14907,1.1491,2.44,1.95
2018.10.22 12:06:28.624,1.14905,1.14909,5.14,4.50
2018.10.22 12:06:29.282,1.14905,1.14908,1.12,2.25
2018.10.22 12:06:29.336,1.14903,1.14905,2.25,3.19
2018.10.22 12:06:29.867,1.14905,1.14906,5.25,1.00
2018.10.22 12:06:29.921,1.14905,1.14909,1.69,2.70
2018.10.22 12:06:30.504,1.14905,1.14907,1.00,1.00
2018.10.22 12:06:30.557,1.14903,1.14906,4.42,1.50
2018.10.22 12:06:30.661,1.14905,1.14907,1.00,2.32
2018.10.22 12:06:31.027,1.14904,1.14905,1.00,1.00
2018.10.22 12:06:31.080,1.14902,1.14905,3.37,1.00
2018.10.22 12:06:31.197,1.14906,1.14908,1.00,1.50
2018.10.22 12:06:31.515,1.14907,1.1491,1.20,2.32
2018.10.22 12:06:31.571,1.14906,1.14908,4.31,1.00
2018.10.22 12:06:31.898,1.14907,1.14911,1.50,1.95
2018.10.22 12:06:32.314,1.1491,1.14912,1.25,1.50
2018.10.22 12:06:32.677,1.14908,1.14912,3.19,1.57
2018.10.22 12:06:33.210,1.14908,1.14911,1.95,1.95
2018.10.22 12:06:33.368,1.14911,1.14913,1.00,2.70
2018.10.22 12:06:33.553,1.14912,1.14916,2.14,2.14
2018.10.22 12:06:34.077,1.14914,1.14916,2.25,1.50
2018.10.22 12:06:35.216,1.14913,1.14915,1.50,1.25
2018.10.22 12:06:35.526,1.14914,1.14918,1.20,3.45
2018.10.22 12:06:36.173,1.14915,1.14917,1.00,1.00
2018.10.22 12:06:36.383,1.14916,1.14919,1.12,2.44
2018.10.22 12:06:36.539,1.14918,1.14919,1.00,2.14
2018.10.22 12:06:36.764,1.14921,1.14924,1.00,4.76
2018.10.22 12:06:37.343,1.1492,1.14922,1.50,1.25
2018.10.22 12:06:37.465,1.14917,1.1492,1.95,6.75
2018.10.22 12:06:37.518,1.14916,1.14919,3.37,1.25
2018.10.22 12:06:37.675,1.14918,1.1492,1.25,2.62
2018.10.22 12:06:37.987,1.14921,1.14923,1.00,3.26
2018.10.22 12:06:38.088,1.14919,1.14921,1.00,1.87
2018.10.22 12:06:38.142,1.14917,1.1492,3.64,1.95
2018.10.22 12:06:38.670,1.14917,1.14919,2.44,1.00
2018.10.22 12:06:39.458,1.14917,1.14919,2.66,1.00
2018.10.22 12:06:39.987,1.14917,1.1492,2.62,1.50
2018.10.22 12:06:40.230,1.14915,1.14919,5.85,1.39
2018.10.22 12:06:40.282,1.14919,1.14922,1.00,4.95
2018.10.22 12:06:40.335,1.1492,1.14922,2.25,3.07
2018.10.22 12:06:41.426,1.14921,1.14923,1.00,1.95
2018.10.22 12:06:41.490,1.14922,1.14924,1.50,5.32
2018.10.22 12:06:41.823,1.14924,1.14926,1.69,4.95
2018.10.22 12:06:42.482,1.14924,1.14928,1.69,3.71
2018.10.22 12:06:42.816,1.14923,1.14925,1.87,1.50
2018.10.22 12:06:43.185,1.14922,1.14923,1.50,1.00
2018.10.22 12:06:43.709,1.1492,1.14921,1.00,2.25
2018.10.22 12:06:43.816,1.14916,1.14919,8.32,1.00
2018.10.22 12:06:44.346,1.14917,1.14918,1.00,1.25
2018.10.22 12:06:44.556,1.14917,1.14921,1.00,8.89
2018.10.22 12:06:45.108,1.14916,1.14919,1.87,1.87
2018.10.22 12:06:45.686,1.14915,1.14918,1.57,2.25
2018.10.22 12:06:46.790,1.14914,1.14918,4.20,1.00
2018.10.22 12:06:46.843,1.14917,1.14919,1.00,16.76
2018.10.22 12:06:47.007,1.14919,1.14921,2.06,1.50
2018.10.22 12:06:47.115,1.1492,1.14923,1.12,2.44
2018.10.22 12:06:47.486,1.14918,1.14919,6.30,1.00
2018.10.22 12:06:47.593,1.14907,1.1491,2.06,4.50
2018.10.22 12:06:47.962,1.14907,1.14908,1.00,1.00
2018.10.22 12:06:48.396,1.1491,1.14911,1.12,8.14
2018.10.22 12:06:48.504,1.1491,1.14913,3.86,1.00
2018.10.22 12:06:49.005,1.1491,1.14913,1.20,2.70
2018.10.22 12:06:49.507,1.14911,1.14913,1.12,1.00
2018.10.22 12:06:50.025,1.14911,1.14914,1.00,1.25
2018.10.22 12:06:51.817,1.14913,1.14915,3.37,1.00
2018.10.22 12:06:52.148,1.14919,1.1492,3.00,7.57
2018.10.22 12:06:52.202,1.1492,1.14921,1.00,1.00
2018.10.22 12:06:52.365,1.1492,1.14923,1.25,1.50
2018.10.22 12:06:52.921,1.1492,1.14922,1.00,1.69
2018.10.22 12:06:53.442,1.14919,1.14922,1.95,1.50
2018.10.22 12:06:53.975,1.14919,1.14922,1.95,1.69
2018.10.22 12:06:54.495,1.1492,1.14923,1.00,1.00
2018.10.22 12:06:55.238,1.1492,1.14922,1.00,1.00
2018.10.22 12:06:55.345,1.14918,1.14919,1.00,1.00
2018.10.22 12:06:55.398,1.14917,1.14918,1.50,5.44
2018.10.22 12:06:55.923,1.14915,1.14917,2.32,1.00
2018.10.22 12:06:56.375,1.14917,1.14919,1.00,1.00
2018.10.22 12:06:56.481,1.14918,1.14922,6.11,3.19
2018.10.22 12:06:57.030,1.14916,1.14919,5.74,1.50
2018.10.22 12:06:57.543,1.14917,1.1492,1.20,1.25
2018.10.22 12:06:58.071,1.14918,1.14921,1.10,4.76
2018.10.22 12:06:58.620,1.14917,1.14918,1.00,1.00
2018.10.22 12:06:58.673,1.14915,1.14918,3.45,1.00
2018.10.22 12:06:58.778,1.14917,1.14918,1.00,1.00
2018.10.22 12:06:59.307,1.14917,1.14919,1.00,3.00
2018.10.22 12:06:59.740,1.14919,1.1492,1.00,6.75
2018.10.22 12:06:59.793,1.14919,1.14922,1.57,1.00
2018.10.22 12:07:00.344,1.14918,1.14922,5.51,1.50
2018.10.22 12:07:00.878,1.14919,1.14922,2.25,1.00
2018.10.22 12:07:01.418,1.1492,1.14922,1.00,1.00
2018.10.22 12:07:01.938,1.14921,1.14922,1.00,1.50
2018.10.22 12:07:02.442,1.14921,1.14923,1.00,5.32
2018.10.22 12:07:02.494,1.1492,1.14921,1.00,1.00
2018.10.22 12:07:03.253,1.14921,1.14923,1.00,3.07
2018.10.22 12:07:03.701,1.14919,1.14922,1.87,3.75
2018.10.22 12:07:03.761,1.14918,1.14919,1.00,1.50
2018.10.22 12:07:04.287,1.14917,1.14919,1.00,3.19
2018.10.22 12:07:04.458,1.14915,1.14919,1.69,5.89
2018.10.22 12:07:04.512,1.14915,1.14916,1.25,2.25
2018.10.22 12:07:04.619,1.14912,1.14914,2.62,3.00
2018.10.22 12:07:05.162,1.14912,1.14915,1.12,1.00
2018.10.22 12:07:05.423,1.1491,1.14912,4.95,2.50
2018.10.22 12:07:05.692,1.14907,1.14908,1.00,1.00
2018.10.22 12:07:06.242,1.14907,1.14909,1.50,3.64
2018.10.22 12:07:06.920,1.14909,1.1491,1.00,4.20
2018.10.22 12:07:07.026,1.14907,1.1491,1.95,4.20
2018.10.22 12:07:07.235,1.14905,1.14909,5.06,2.32
2018.10.22 12:07:07.290,1.14907,1.1491,1.00,1.95
2018.10.22 12:07:07.904,1.14907,1.14911,1.00,3.26
2018.10.22 12:07:08.218,1.14909,1.14912,2.25,1.00
2018.10.22 12:07:08.732,1.1491,1.14913,2.25,1.00
2018.10.22 12:07:09.278,1.1491,1.14912,1.50,1.00
2018.10.22 12:07:09.715,1.14912,1.14914,1.00,1.95
2018.10.22 12:07:11.893,1.14911,1.14914,1.50,1.95
2018.10.22 12:07:12.579,1.14911,1.14913,1.00,2.25
2018.10.22 12:07:13.220,1.1491,1.14913,2.25,4.50
2018.10.22 12:07:16.850,1.14911,1.14913,1.00,1.20
2018.10.22 12:07:18.118,1.1491,1.14913,2.14,1.39
2018.10.22 12:07:19.260,1.14911,1.14913,1.25,1.20
2018.10.22 12:07:19.424,1.14912,1.14914,1.69,1.20
2018.10.22 12:07:19.530,1.14916,1.14917,1.00,1.50
2018.10.22 12:07:20.062,1.14915,1.14917,1.00,1.00
2018.10.22 12:07:20.168,1.14915,1.14919,1.00,3.45
2018.10.22 12:07:20.275,1.14915,1.14917,1.00,2.25
2018.10.22 12:07:20.768,1.14914,1.14915,1.72,1.00
2018.10.22 12:07:21.290,1.14912,1.14914,1.00,1.50
2018.10.22 12:07:21.604,1.14914,1.14916,1.50,2.70
2018.10.22 12:07:22.123,1.14916,1.14917,1.00,1.50
2018.10.22 12:07:22.395,1.14914,1.14918,4.87,2.70
2018.10.22 12:07:24.208,1.14918,1.1492,1.00,3.64
2018.10.22 12:07:24.314,1.14919,1.14922,1.50,1.50
2018.10.22 12:07:25.340,1.14919,1.14922,1.00,2.14
2018.10.22 12:07:25.392,1.14917,1.14919,2.92,1.00
2018.10.22 12:07:26.615,1.14919,1.14921,4.12,1.12
2018.10.22 12:07:26.779,1.14916,1.14919,1.95,2.70
2018.10.22 12:07:27.319,1.14915,1.14919,1.87,5.70
2018.10.22 12:07:27.425,1.14915,1.14917,1.87,2.25
2018.10.22 12:07:27.695,1.1491,1.14913,1.87,3.75
2018.10.22 12:07:29.331,1.14908,1.14911,1.95,10.87
2018.10.22 12:07:29.644,1.14902,1.14905,5.32,1.50
2018.10.22 12:07:29.994,1.14902,1.14903,1.12,1.00
2018.10.22 12:07:30.256,1.14903,1.14905,1.00,4.69
2018.10.22 12:07:30.369,1.14901,1.14903,1.47,1.00
2018.10.22 12:07:32.731,1.149,1.14905,4.31,7.95
2018.10.22 12:07:33.283,1.149,1.14903,2.25,1.00
2018.10.22 12:07:33.647,1.14899,1.14901,1.57,1.00
2018.10.22 12:07:33.856,1.149,1.14903,1.87,1.00
2018.10.22 12:07:34.068,1.14904,1.14905,1.00,2.44
2018.10.22 12:07:34.175,1.14905,1.14907,1.00,1.00
2018.10.22 12:07:34.334,1.14904,1.14906,2.14,1.00
2018.10.22 12:07:34.472,1.14905,1.14907,1.00,1.20
2018.10.22 12:07:35.043,1.14905,1.14908,1.69,1.00
2018.10.22 12:07:36.074,1.14905,1.14908,1.62,1.00
2018.10.22 12:07:36.604,1.14905,1.14909,3.00,2.89
2018.10.22 12:07:37.335,1.14905,1.14909,1.31,1.95
2018.10.22 12:07:38.196,1.14905,1.14908,1.25,2.25
2018.10.22 12:07:38.717,1.14905,1.14909,1.69,4.01
2018.10.22 12:07:39.864,1.14905,1.14909,3.64,2.89
2018.10.22 12:07:40.443,1.14905,1.14908,4.76,3.00
2018.10.22 12:07:44.719,1.14907,1.1491,3.19,3.00
2018.10.22 12:07:44.772,1.14907,1.14909,1.10,2.25
2018.10.22 12:07:45.295,1.14906,1.14908,1.87,1.00
2018.10.22 12:07:47.575,1.14906,1.14908,1.00,1.00
2018.10.22 12:07:51.370,1.14903,1.14905,2.95,3.56
2018.10.22 12:07:51.534,1.149,1.14903,3.37,1.00
2018.10.22 12:07:51.748,1.14902,1.14905,4.31,1.95
2018.10.22 12:07:52.273,1.14901,1.14904,1.57,3.45
2018.10.22 12:07:54.020,1.149,1.14901,1.10,1.91
2018.10.22 12:07:54.074,1.14898,1.149,1.00,12.30
2018.10.22 12:07:54.248,1.14895,1.14898,1.69,1.00
2018.10.22 12:07:54.565,1.14896,1.14899,1.50,1.00
2018.10.22 12:07:55.087,1.14897,1.149,1.57,2.14
2018.10.22 12:07:55.403,1.14896,1.14898,1.00,1.00
2018.10.22 12:07:55.967,1.14895,1.14898,3.45,1.00
2018.10.22 12:07:56.133,1.14895,1.149,4.76,5.14
2018.10.22 12:07:56.447,1.14895,1.14898,3.30,1.20
2018.10.22 12:07:56.500,1.14895,1.14898,1.10,7.36
2018.10.22 12:07:57.018,1.14894,1.14898,2.70,1.12
2018.10.22 12:07:57.124,1.14895,1.14899,3.45,2.14
2018.10.22 12:07:57.648,1.14894,1.14898,7.01,1.12
2018.10.22 12:07:58.987,1.14894,1.14898,1.57,4.01
2018.10.22 12:07:59.303,1.14897,1.14899,3.75,1.00
2018.10.22 12:07:59.464,1.14895,1.14898,1.10,1.12
2018.10.22 12:08:00.004,1.14895,1.14899,1.50,4.20
2018.10.22 12:08:00.514,1.14894,1.14898,6.07,2.25
2018.10.22 12:08:01.083,1.14895,1.14899,1.12,4.39
2018.10.22 12:08:01.853,1.14896,1.149,1.12,2.32
2018.10.22 12:08:02.019,1.14894,1.14897,8.14,1.00
2018.10.22 12:08:02.532,1.14895,1.14898,2.25,1.25
2018.10.22 12:08:04.198,1.149,1.14901,1.50,7.12
2018.10.22 12:08:04.305,1.149,1.14904,2.62,4.01
2018.10.22 12:08:04.842,1.14901,1.14905,2.25,3.82
2018.10.22 12:08:05.544,1.149,1.14904,7.01,1.00
2018.10.22 12:08:06.352,1.149,1.14904,5.32,1.50
2018.10.22 12:08:07.877,1.149,1.14903,3.37,1.00
2018.10.22 12:08:08.393,1.149,1.14904,5.32,1.20
2018.10.22 12:08:09.352,1.149,1.14904,4.57,1.20
2018.10.22 12:08:10.000,1.149,1.14904,7.20,1.00
2018.10.22 12:08:10.512,1.14901,1.14904,1.00,2.25
2018.10.22 12:08:11.026,1.14902,1.14904,1.00,2.25
2018.10.22 12:08:11.191,1.14904,1.14906,1.00,2.32
2018.10.22 12:08:11.247,1.14905,1.14907,4.50,1.00
2018.10.22 12:08:11.362,1.14905,1.14909,9.26,1.69
2018.10.22 12:08:11.415,1.14908,1.14909,1.50,1.00
2018.10.22 12:08:11.467,1.14908,1.14911,2.44,2.25
2018.10.22 12:08:11.630,1.14909,1.14912,1.95,1.87
2018.10.22 12:08:11.797,1.14908,1.14912,2.62,3.82
2018.10.22 12:08:11.851,1.14906,1.1491,4.12,4.39
2018.10.22 12:08:12.166,1.14905,1.14908,5.89,1.10
2018.10.22 12:08:12.562,1.14909,1.14911,1.00,1.80
2018.10.22 12:08:12.668,1.14909,1.14912,1.50,1.87
2018.10.22 12:08:12.929,1.14908,1.1491,1.57,1.00
2018.10.22 12:08:13.033,1.14906,1.14909,3.82,1.20
2018.10.22 12:08:13.228,1.14907,1.14911,4.39,1.00
2018.10.22 12:08:13.702,1.14906,1.1491,1.57,2.44
2018.10.22 12:08:14.058,1.14908,1.14911,2.25,1.45
2018.10.22 12:08:14.733,1.14908,1.14911,1.20,1.20
2018.10.22 12:08:15.131,1.14907,1.1491,1.00,6.82
2018.10.22 12:08:15.651,1.14906,1.14909,1.00,1.69
2018.10.22 12:08:16.162,1.14906,1.14909,1.00,2.89
2018.10.22 12:08:16.704,1.14906,1.14909,1.00,2.89
2018.10.22 12:08:17.417,1.14906,1.14909,1.00,3.64
2018.10.22 12:08:17.990,1.14906,1.14909,1.00,4.39
2018.10.22 12:08:18.665,1.14906,1.14909,1.00,1.95
2018.10.22 12:08:20.627,1.14906,1.14909,1.00,2.51
2018.10.22 12:08:21.140,1.14906,1.14909,1.00,3.26
2018.10.22 12:08:21.673,1.14905,1.14908,4.12,1.25
2018.10.22 12:08:22.266,1.14903,1.14905,1.87,2.25
2018.10.22 12:08:22.319,1.14901,1.14904,2.70,1.20
2018.10.22 12:08:22.543,1.14904,1.14905,1.00,1.20
2018.10.22 12:08:22.753,1.14904,1.14907,1.00,3.94
2018.10.22 12:08:23.297,1.14902,1.14906,2.81,3.64
2018.10.22 12:08:23.350,1.14902,1.14904,1.25,1.50
2018.10.22 12:08:23.896,1.14902,1.14905,1.00,2.25
2018.10.22 12:08:24.286,1.14904,1.14907,1.00,3.64
2018.10.22 12:08:24.676,1.14902,1.14905,6.67,1.00
2018.10.22 12:08:25.220,1.14903,1.14906,1.95,1.20
2018.10.22 12:08:25.911,1.14902,1.14905,2.25,1.00
2018.10.22 12:08:26.430,1.14901,1.14905,3.00,1.20
2018.10.22 12:08:26.959,1.14902,1.14905,1.00,2.25
2018.10.22 12:08:27.502,1.14901,1.14906,4.57,14.14
2018.10.22 12:08:30.297,1.14902,1.14905,1.00,2.44
2018.10.22 12:08:31.882,1.14901,1.14905,2.70,5.89
2018.10.22 12:08:32.413,1.149,1.14904,2.32,3.00
2018.10.22 12:08:34.229,1.149,1.14904,3.56,2.14
2018.10.22 12:08:34.557,1.14897,1.149,3.56,5.51
2018.10.22 12:08:34.717,1.14899,1.14902,2.14,1.57
2018.10.22 12:08:35.307,1.14898,1.14902,1.50,1.39
2018.10.22 12:08:35.414,1.14898,1.14899,1.00,1.00
2018.10.22 12:08:35.653,1.14899,1.14901,2.25,1.00
2018.10.22 12:08:35.706,1.14899,1.14903,5.14,3.38
2018.10.22 12:08:35.863,1.14898,1.14901,2.32,1.25
2018.10.22 12:08:36.018,1.14896,1.149,4.20,3.00
2018.10.22 12:08:36.563,1.14896,1.14899,4.20,1.00
2018.10.22 12:08:36.669,1.14897,1.14901,1.12,4.01
2018.10.22 12:08:37.017,1.14898,1.14899,1.00,1.00
2018.10.22 12:08:37.074,1.14896,1.14899,2.25,2.62
2018.10.22 12:08:37.576,1.14895,1.14899,1.50,4.57
2018.10.22 12:08:37.970,1.14894,1.14898,5.89,2.70
2018.10.22 12:08:38.288,1.14893,1.14895,1.31,1.95
2018.10.22 12:08:38.614,1.14891,1.14894,1.39,3.00
2018.10.22 12:08:39.121,1.14889,1.14894,8.14,8.14
2018.10.22 12:08:39.854,1.14894,1.14895,2.25,6.82
2018.10.22 12:08:40.009,1.14896,1.14898,4.91,1.00
2018.10.22 12:08:40.531,1.14895,1.14899,1.50,5.32
2018.10.22 12:08:41.830,1.14895,1.14898,1.00,1.00
2018.10.22 12:08:42.302,1.14894,1.14896,1.50,1.00
2018.10.22 12:08:42.825,1.14894,1.14897,2.25,1.50
2018.10.22 12:08:43.349,1.14895,1.14898,2.14,1.95
2018.10.22 12:08:44.238,1.14895,1.14898,1.25,4.95
2018.10.22 12:08:44.780,1.14895,1.14898,1.25,4.20
2018.10.22 12:08:45.318,1.14894,1.14897,1.25,1.45
2018.10.22 12:08:45.499,1.14891,1.14894,2.14,1.00
2018.10.22 12:08:46.021,1.1489,1.14893,1.00,1.00
2018.10.22 12:08:46.569,1.1489,1.14894,1.00,3.64
2018.10.22 12:08:47.440,1.14895,1.14896,1.00,1.50
2018.10.22 12:08:47.494,1.14895,1.14897,1.00,1.00
2018.10.22 12:08:48.015,1.14895,1.14898,1.00,1.50
2018.10.22 12:08:49.328,1.14896,1.14898,1.00,1.00
2018.10.22 12:08:49.381,1.14898,1.14899,12.56,3.45
2018.10.22 12:08:49.643,1.14899,1.14903,8.89,1.12
2018.10.22 12:08:50.158,1.149,1.14903,1.00,5.89
2018.10.22 12:08:51.184,1.14901,1.14904,1.31,8.70
2018.10.22 12:08:51.236,1.14901,1.14904,2.81,3.82
2018.10.22 12:08:51.289,1.14905,1.14906,1.12,2.25
2018.10.22 12:08:51.402,1.14904,1.14907,1.25,3.45
2018.10.22 12:08:51.965,1.14904,1.14908,1.39,1.69
2018.10.22 12:08:52.329,1.14906,1.14909,1.00,3.00
2018.10.22 12:08:52.844,1.14907,1.14909,1.00,1.00
2018.10.22 12:08:53.004,1.14905,1.14909,1.57,4.12
2018.10.22 12:08:53.987,1.14909,1.1491,8.62,7.20
2018.10.22 12:08:54.197,1.14914,1.14917,1.00,3.64
2018.10.22 12:08:54.759,1.14914,1.14917,2.25,1.00
2018.10.22 12:08:55.705,1.14914,1.14918,3.45,3.00
2018.10.22 12:08:55.862,1.14914,1.14915,1.95,1.50
2018.10.22 12:08:56.022,1.14913,1.14917,4.20,3.64
2018.10.22 12:08:56.128,1.14915,1.14918,1.37,6.45
2018.10.22 12:08:56.685,1.14914,1.14918,1.47,5.70
2018.10.22 12:08:56.738,1.14913,1.14916,4.76,1.00
2018.10.22 12:08:57.578,1.14914,1.14917,1.20,1.39
2018.10.22 12:08:58.109,1.14915,1.14918,1.57,1.20
2018.10.22 12:08:59.054,1.14915,1.14918,1.20,2.70
2018.10.22 12:08:59.995,1.14914,1.14917,4.01,1.12
2018.10.22 12:09:00.099,1.14913,1.14915,1.10,2.44
2018.10.22 12:09:00.334,1.14909,1.14914,4.76,3.82
2018.10.22 12:09:00.857,1.14909,1.14914,5.32,2.51
2018.10.22 12:09:01.342,1.14909,1.14911,1.00,1.00
2018.10.22 12:09:01.448,1.14906,1.1491,1.87,11.14
2018.10.22 12:09:01.655,1.14905,1.14908,1.50,1.00
2018.10.22 12:09:02.182,1.14903,1.14908,7.01,3.45
2018.10.22 12:09:02.496,1.14903,1.14908,6.26,4.39
2018.10.22 12:09:03.002,1.14904,1.14907,1.50,2.62
2018.10.22 12:09:03.522,1.14903,1.14907,3.82,1.76
2018.10.22 12:09:03.775,1.14903,1.14905,1.87,1.00
2018.10.22 12:09:03.881,1.149,1.14902,1.95,1.00
2018.10.22 12:09:04.952,1.14899,1.14902,2.25,1.50
2018.10.22 12:09:06.329,1.149,1.14902,1.00,1.00
2018.10.22 12:09:06.878,1.149,1.14903,1.00,3.82
2018.10.22 12:09:08.993,1.149,1.14903,1.00,5.32
2018.10.22 12:09:09.646,1.14898,1.14902,2.14,1.39
2018.10.22 12:09:09.750,1.14896,1.14899,3.82,3.94
2018.10.22 12:09:09.802,1.14895,1.14899,2.70,3.19
2018.10.22 12:09:09.855,1.14898,1.14899,1.50,2.25
2018.10.22 12:09:10.076,1.149,1.14902,1.00,1.12
2018.10.22 12:09:10.130,1.14898,1.14899,1.95,1.00
2018.10.22 12:09:10.237,1.14896,1.14899,1.57,1.20
2018.10.22 12:09:11.398,1.14896,1.14898,1.10,1.00
2018.10.22 12:09:11.900,1.14896,1.14899,1.10,3.45
2018.10.22 12:09:12.262,1.14894,1.14899,9.64,3.45
2018.10.22 12:09:12.442,1.14895,1.14899,5.44,4.01
2018.10.22 12:09:12.958,1.14895,1.14898,4.69,1.00
2018.10.22 12:09:13.684,1.14894,1.14897,3.00,1.00
2018.10.22 12:09:14.804,1.14895,1.14897,1.00,1.25
2018.10.22 12:09:15.134,1.14889,1.14891,1.00,24.30
2018.10.22 12:09:15.239,1.14886,1.14889,1.25,4.20
2018.10.22 12:09:15.345,1.14888,1.1489,1.50,2.14
2018.10.22 12:09:15.787,1.14887,1.14891,3.94,2.70
2018.10.22 12:09:16.298,1.14887,1.1489,1.31,2.25
2018.10.22 12:09:16.764,1.14886,1.14889,2.06,2.70
2018.10.22 12:09:17.272,1.14885,1.14887,1.50,2.25
2018.10.22 12:09:17.434,1.14884,1.14886,1.00,2.70
2018.10.22 12:09:17.749,1.14885,1.14888,1.00,4.39
2018.10.22 12:09:18.465,1.14885,1.14887,1.00,1.00
2018.10.22 12:09:18.956,1.14887,1.14889,1.50,1.57
2018.10.22 12:09:19.061,1.14889,1.14892,1.12,1.50
2018.10.22 12:09:19.270,1.14887,1.14889,1.25,1.00
2018.10.22 12:09:19.646,1.1488,1.14881,1.87,1.00
2018.10.22 12:09:19.856,1.14873,1.14876,1.00,3.07
2018.10.22 12:09:19.973,1.14875,1.14877,1.00,3.45
2018.10.22 12:09:20.205,1.14873,1.14877,7.57,1.00
2018.10.22 12:09:20.790,1.14874,1.14878,3.19,1.95
2018.10.22 12:09:21.049,1.14877,1.1488,1.00,3.07
2018.10.22 12:09:21.361,1.14875,1.14879,1.10,2.70
2018.10.22 12:09:21.913,1.14876,1.14879,1.50,1.95
2018.10.22 12:09:22.424,1.14875,1.14879,2.74,5.14
2018.10.22 12:09:24.479,1.14876,1.14879,1.00,3.64
2018.10.22 12:09:24.779,1.14879,1.14883,2.06,2.32
2018.10.22 12:09:24.992,1.1488,1.14884,5.66,2.70
2018.10.22 12:09:25.500,1.14881,1.14886,2.62,8.51
2018.10.22 12:09:25.606,1.14883,1.14886,2.62,2.70
2018.10.22 12:09:25.935,1.14885,1.14887,1.00,1.20
2018.10.22 12:09:26.437,1.14883,1.14886,1.24,2.70
2018.10.22 12:09:26.544,1.14885,1.14887,1.00,1.76
2018.10.22 12:09:26.651,1.14885,1.14888,1.00,4.76
2018.10.22 12:09:28.077,1.14884,1.14887,2.32,1.20
2018.10.22 12:09:28.183,1.14882,1.14885,1.95,5.25
2018.10.22 12:09:28.237,1.14881,1.14884,1.05,1.50
2018.10.22 12:09:28.398,1.14884,1.14885,1.50,2.14
2018.10.22 12:09:28.452,1.14885,1.14887,1.00,1.19
2018.10.22 12:09:28.506,1.14885,1.14888,1.00,4.39
2018.10.22 12:09:29.041,1.14883,1.14888,5.17,2.89
2018.10.22 12:09:29.559,1.14884,1.14888,4.20,1.50
2018.10.22 12:09:30.063,1.14884,1.14887,1.00,1.00
2018.10.22 12:09:30.615,1.14885,1.14888,1.00,3.64
2018.10.22 12:09:30.929,1.14883,1.14888,11.36,4.20
2018.10.22 12:09:31.446,1.14883,1.14888,4.24,4.39
2018.10.22 12:09:32.048,1.14883,1.14888,4.80,5.89
2018.10.22 12:09:32.628,1.14884,1.14888,1.00,2.70
2018.10.22 12:09:33.079,1.14887,1.14889,2.25,2.70
2018.10.22 12:09:33.137,1.14888,1.1489,1.00,1.20
2018.10.22 12:09:33.193,1.14886,1.14888,1.00,1.00
2018.10.22 12:09:33.813,1.14885,1.14887,1.87,1.00
2018.10.22 12:09:35.116,1.14888,1.14889,1.00,1.00
2018.10.22 12:09:35.429,1.14886,1.14889,2.85,1.69
2018.10.22 12:09:35.720,1.14889,1.14892,3.82,1.50
2018.10.22 12:09:37.193,1.1489,1.14892,1.00,1.69
2018.10.22 12:09:37.993,1.14889,1.14892,3.86,1.00
2018.10.22 12:09:38.495,1.1489,1.14892,1.00,1.00
2018.10.22 12:09:39.255,1.14893,1.14894,2.06,1.95
2018.10.22 12:09:39.309,1.14894,1.14896,1.12,1.69
2018.10.22 12:09:39.828,1.14894,1.14897,1.50,1.00
2018.10.22 12:09:40.337,1.14894,1.14897,5.25,1.00
2018.10.22 12:09:40.709,1.14897,1.14898,2.62,1.00
2018.10.22 12:09:40.813,1.14897,1.14901,4.87,3.64
2018.10.22 12:09:40.952,1.149,1.14902,1.25,1.95
2018.10.22 12:09:41.475,1.14901,1.14903,1.00,1.50
2018.10.22 12:09:41.992,1.14901,1.14902,1.00,1.00
2018.10.22 12:09:42.508,1.14901,1.14904,1.00,7.57
2018.10.22 12:09:42.744,1.14899,1.14904,7.05,6.82
2018.10.22 12:09:44.413,1.14898,1.14902,4.76,1.69
2018.10.22 12:09:44.520,1.14896,1.14899,1.50,3.00
2018.10.22 12:09:45.022,1.14897,1.149,1.00,1.00
2018.10.22 12:09:46.198,1.14897,1.149,1.47,2.14
2018.10.22 12:09:46.710,1.14897,1.149,1.10,2.14
2018.10.22 12:09:46.870,1.149,1.14902,1.50,1.95
2018.10.22 12:09:47.405,1.149,1.14903,1.00,7.39
2018.10.22 12:09:48.378,1.14898,1.14902,6.07,1.19
2018.10.22 12:09:48.780,1.14897,1.14899,2.32,2.44
2018.10.22 12:09:48.888,1.14896,1.14897,3.00,1.00
2018.10.22 12:09:48.994,1.14894,1.14898,2.62,2.51
2018.10.22 12:09:49.499,1.14898,1.149,1.00,6.82
2018.10.22 12:09:49.566,1.14899,1.14901,1.87,1.20
2018.10.22 12:09:50.164,1.149,1.14902,1.00,1.00
2018.10.22 12:09:51.427,1.149,1.14904,3.94,4.20
2018.10.22 12:09:51.948,1.14901,1.14904,1.12,1.50
2018.10.22 12:09:52.769,1.149,1.14903,1.00,1.00
2018.10.22 12:09:53.349,1.14901,1.14904,1.25,1.00
2018.10.22 12:09:56.027,1.14902,1.14904,1.12,1.00
2018.10.22 12:09:56.134,1.14904,1.14906,3.07,1.00
2018.10.22 12:09:56.238,1.14905,1.14908,1.31,2.25
2018.10.22 12:09:56.739,1.14904,1.14908,5.14,1.50
2018.10.22 12:09:57.278,1.14903,1.14907,4.05,4.12
2018.10.22 12:09:57.790,1.14904,1.14907,1.50,1.87
2018.10.22 12:09:57.900,1.14904,1.14905,1.00,1.00
2018.10.22 12:09:58.005,1.149,1.14903,2.25,3.00
2018.10.22 12:09:58.518,1.149,1.14903,2.70,1.00
2018.10.22 12:09:58.676,1.14899,1.14903,1.50,4.95
2018.10.22 12:09:59.206,1.14899,1.14903,1.20,2.70
2018.10.22 12:10:00.702,1.14899,1.14903,2.14,3.64
2018.10.22 12:10:00.830,1.14903,1.14904,1.00,2.44
2018.10.22 12:10:01.091,1.14903,1.14907,1.76,1.87
2018.10.22 12:10:01.264,1.14903,1.14904,1.10,1.00
2018.10.22 12:10:01.371,1.149,1.14902,1.00,1.00
2018.10.22 12:10:01.955,1.14899,1.14902,7.24,1.00
2018.10.22 12:10:02.465,1.149,1.14902,1.00,1.00
2018.10.22 12:10:04.309,1.149,1.14903,3.75,1.00
2018.10.22 12:10:04.819,1.149,1.14904,4.57,3.00
2018.10.22 12:10:04.924,1.14903,1.14906,1.91,4.57
2018.10.22 12:10:05.305,1.14902,1.14904,2.92,1.00
2018.10.22 12:10:05.781,1.14902,1.14906,1.80,3.07
2018.10.22 12:10:06.331,1.14902,1.14905,1.80,1.20
2018.10.22 12:10:06.850,1.14902,1.14904,2.92,1.50
2018.10.22 12:10:07.360,1.14902,1.14906,2.17,1.57
2018.10.22 12:10:08.349,1.14902,1.14906,2.92,2.62
2018.10.22 12:10:08.883,1.14902,1.14906,2.92,1.57
2018.10.22 12:10:09.505,1.14901,1.14904,2.36,1.95
2018.10.22 12:10:10.122,1.149,1.14903,4.39,1.00
2018.10.22 12:10:10.670,1.14899,1.14903,2.89,1.50
2018.10.22 12:10:11.822,1.14899,1.14903,2.89,1.70
2018.10.22 12:10:12.334,1.14899,1.14903,3.64,1.69
2018.10.22 12:10:15.250,1.14898,1.149,1.95,1.50
2018.10.22 12:10:15.356,1.14896,1.14899,2.44,1.50
2018.10.22 12:10:15.960,1.14895,1.14899,4.50,3.45
2018.10.22 12:10:16.566,1.14895,1.14898,3.37,1.50
2018.10.22 12:10:17.367,1.14896,1.14898,1.00,1.00
2018.10.22 12:10:20.325,1.14895,1.14898,4.95,1.00
2018.10.22 12:10:20.878,1.14896,1.14898,1.00,1.00
2018.10.22 12:10:21.373,1.14897,1.149,7.16,4.76
2018.10.22 12:10:21.480,1.14899,1.14901,1.69,7.29
2018.10.22 12:10:21.626,1.14899,1.14903,1.99,4.95
2018.10.22 12:10:22.112,1.14898,1.149,6.11,1.00
2018.10.22 12:10:22.218,1.14897,1.149,2.62,1.00
2018.10.22 12:10:22.931,1.14897,1.149,1.80,1.00
2018.10.22 12:10:23.975,1.14898,1.14901,3.19,1.50
2018.10.22 12:10:24.100,1.149,1.14903,1.00,1.87
2018.10.22 12:10:24.901,1.14901,1.14903,1.50,1.12
2018.10.22 12:10:25.454,1.14901,1.14904,2.32,1.87
2018.10.22 12:10:26.232,1.14902,1.14904,1.01,1.00
2018.10.22 12:10:26.571,1.14909,1.1491,12.75,1.00
2018.10.22 12:10:26.677,1.1491,1.14912,15.56,1.00
2018.10.22 12:10:26.925,1.1491,1.14912,3.07,1.00
2018.10.22 12:10:26.979,1.1491,1.14912,3.82,1.00
2018.10.22 12:10:27.556,1.1491,1.14914,2.44,3.07
2018.10.22 12:10:27.687,1.14912,1.14913,1.00,1.00
2018.10.22 12:10:28.055,1.1491,1.14913,4.20,1.00
2018.10.22 12:10:28.109,1.14909,1.1491,1.00,1.00
2018.10.22 12:10:28.217,1.14907,1.14909,1.01,1.00
2018.10.22 12:10:28.424,1.14912,1.14914,6.00,1.76
2018.10.22 12:10:28.529,1.14914,1.14918,2.25,4.76
2018.10.22 12:10:28.685,1.14916,1.14918,1.00,4.76
2018.10.22 12:10:29.194,1.14916,1.14919,1.50,2.51
2018.10.22 12:10:29.948,1.14917,1.14919,1.00,1.19
2018.10.22 12:10:30.105,1.14918,1.1492,1.00,7.57
2018.10.22 12:10:30.210,1.1492,1.14921,4.31,3.45
2018.10.22 12:10:30.591,1.14926,1.14929,1.25,4.12
2018.10.22 12:10:30.698,1.14924,1.14926,1.76,1.00
2018.10.22 12:10:31.221,1.14925,1.14926,1.25,1.25
2018.10.22 12:10:31.370,1.14921,1.14923,2.25,1.00
2018.10.22 12:10:31.894,1.14921,1.14924,1.20,1.57
2018.10.22 12:10:32.322,1.14923,1.14926,1.00,3.82
2018.10.22 12:10:32.374,1.14922,1.14926,1.03,1.00
2018.10.22 12:10:32.478,1.14922,1.14924,1.20,1.25
2018.10.22 12:10:32.691,1.14917,1.1492,1.39,2.25
2018.10.22 12:10:32.745,1.14917,1.14918,1.10,1.00
2018.10.22 12:10:32.984,1.14915,1.14918,5.17,1.00
2018.10.22 12:10:33.509,1.14916,1.14919,2.25,1.25
2018.10.22 12:10:34.247,1.14918,1.1492,1.00,1.10
2018.10.22 12:10:34.655,1.14916,1.1492,1.50,3.64
2018.10.22 12:10:35.522,1.14916,1.1492,1.00,3.45
2018.10.22 12:10:36.067,1.14917,1.1492,3.67,1.00
2018.10.22 12:10:36.659,1.1492,1.14921,1.00,1.20
2018.10.22 12:10:36.765,1.14921,1.14924,1.12,2.25
2018.10.22 12:10:37.297,1.1492,1.14924,3.82,2.25
2018.10.22 12:10:37.817,1.1492,1.14923,1.95,1.50
2018.10.22 12:10:38.343,1.1492,1.14924,1.95,2.70
2018.10.22 12:10:38.449,1.14918,1.14921,2.70,3.94
2018.10.22 12:10:38.554,1.14916,1.1492,2.32,5.14
2018.10.22 12:10:38.661,1.1492,1.14921,1.50,1.39
2018.10.22 12:10:38.999,1.14917,1.1492,2.06,1.00
2018.10.22 12:10:39.523,1.1492,1.14922,1.50,1.25
2018.10.22 12:10:39.805,1.1492,1.14924,1.20,2.51
2018.10.22 12:10:40.336,1.14921,1.14924,1.00,1.20
2018.10.22 12:10:40.782,1.14922,1.14925,1.00,1.31
2018.10.22 12:10:41.836,1.14923,1.14925,1.12,1.00
2018.10.22 12:10:42.492,1.14925,1.14928,1.00,2.89
2018.10.22 12:10:42.995,1.14924,1.14928,4.76,1.39
2018.10.22 12:10:43.519,1.14925,1.14928,2.70,1.12
2018.10.22 12:10:43.571,1.14924,1.14929,7.20,7.76
2018.10.22 12:10:44.101,1.14924,1.14929,7.01,4.69
2018.10.22 12:10:44.916,1.14923,1.14925,9.45,1.19
2018.10.22 12:10:44.975,1.14919,1.14921,2.32,1.50
2018.10.22 12:10:45.029,1.1492,1.14923,1.50,2.62
2018.10.22 12:10:45.455,1.14922,1.14925,2.25,1.30
2018.10.22 12:10:45.961,1.14922,1.14926,3.26,1.39
2018.10.22 12:10:48.442,1.14923,1.14927,1.25,2.32
2018.10.22 12:10:48.960,1.14924,1.14928,1.50,1.57
2018.10.22 12:10:49.512,1.14924,1.14927,1.95,2.32
2018.10.22 12:10:50.512,1.14923,1.14924,1.95,2.25
2018.10.22 12:10:50.619,1.1492,1.14924,4.39,5.89
2018.10.22 12:10:51.181,1.1492,1.14924,1.25,2.51
2018.10.22 12:10:51.390,1.14918,1.14921,4.01,2.25
2018.10.22 12:10:51.937,1.14917,1.1492,3.82,1.69
2018.10.22 12:10:55.102,1.14917,1.14919,1.00,1.00
2018.10.22 12:10:55.620,1.14916,1.14919,1.50,1.87
2018.10.22 12:10:57.991,1.14916,1.14919,1.00,4.57
2018.10.22 12:10:58.506,1.14916,1.14919,1.00,4.20
2018.10.22 12:10:59.387,1.14916,1.14918,1.00,1.00
2018.10.22 12:10:59.988,1.14916,1.14919,1.00,2.70
2018.10.22 12:11:01.148,1.14915,1.14919,3.07,2.62
2018.10.22 12:11:01.938,1.14916,1.14919,1.00,2.62
2018.10.22 12:11:03.161,1.14919,1.14921,1.50,5.32
2018.10.22 12:11:03.321,1.14919,1.14922,4.20,1.87
2018.10.22 12:11:03.841,1.1492,1.14924,1.69,4.76
2018.10.22 12:11:04.124,1.1492,1.14922,1.39,1.00
2018.10.22 12:11:04.677,1.14921,1.14924,1.25,5.14
2018.10.22 12:11:05.205,1.14921,1.14924,1.12,2.25
2018.10.22 12:11:05.553,1.14923,1.14926,7.20,1.25
2018.10.22 12:11:05.873,1.14922,1.14924,1.00,2.51
2018.10.22 12:11:06.400,1.14921,1.14924,1.57,3.26
2018.10.22 12:11:07.466,1.14921,1.14923,3.00,1.00
2018.10.22 12:11:07.989,1.1492,1.14924,3.64,2.44
2018.10.22 12:11:08.546,1.14921,1.14924,1.69,3.37
2018.10.22 12:11:10.818,1.14922,1.14924,1.50,1.50
2018.10.22 12:11:11.386,1.14925,1.14927,1.87,2.81
2018.10.22 12:11:11.859,1.14923,1.14926,3.45,1.57
2018.10.22 12:11:12.075,1.14924,1.14926,1.19,1.50
2018.10.22 12:11:12.183,1.14925,1.14928,1.25,1.50
2018.10.22 12:11:14.395,1.14925,1.14927,1.69,1.00
2018.10.22 12:11:14.501,1.14926,1.14929,1.00,1.76
2018.10.22 12:11:15.334,1.14926,1.14929,1.00,2.14
2018.10.22 12:11:15.679,1.14928,1.1493,1.69,2.25
2018.10.22 12:11:15.733,1.1493,1.14933,1.00,1.50
2018.10.22 12:11:15.893,1.14929,1.14931,1.80,1.00
2018.10.22 12:11:16.116,1.14927,1.1493,1.10,5.14
2018.10.22 12:11:16.842,1.14927,1.14929,1.10,1.00
2018.10.22 12:11:16.905,1.14924,1.14928,9.26,3.00
2018.10.22 12:11:17.050,1.14926,1.14928,1.00,2.25
2018.10.22 12:11:17.207,1.14927,1.14931,4.95,3.00
2018.10.22 12:11:17.892,1.14927,1.14929,1.95,1.50
2018.10.22 12:11:18.314,1.14928,1.14931,2.25,3.19
2018.10.22 12:11:18.368,1.1493,1.14933,2.25,1.95
2018.10.22 12:11:18.901,1.14928,1.14933,7.99,1.57
2018.10.22 12:11:19.903,1.14928,1.1493,1.57,2.44
2018.10.22 12:11:20.009,1.14926,1.1493,4.76,1.39
2018.10.22 12:11:20.061,1.14926,1.14931,3.64,4.95
2018.10.22 12:11:20.374,1.14926,1.14929,2.32,1.00
2018.10.22 12:11:20.534,1.14928,1.14932,1.25,3.26
2018.10.22 12:11:20.641,1.1493,1.14933,1.00,2.89
2018.10.22 12:11:20.953,1.14927,1.14931,10.22,1.69
2018.10.22 12:11:22.154,1.14929,1.14932,2.25,1.00
2018.10.22 12:11:22.687,1.14929,1.14932,6.07,1.00
2018.10.22 12:11:23.220,1.14929,1.14932,2.47,1.00
2018.10.22 12:11:23.893,1.14929,1.14932,2.92,1.00
2018.10.22 12:11:24.414,1.14929,1.14932,3.30,1.00
2018.10.22 12:11:24.927,1.14929,1.14932,5.92,1.00
2018.10.22 12:11:25.445,1.1493,1.14933,1.95,1.20
2018.10.22 12:11:25.987,1.1493,1.14932,2.32,1.00
2018.10.22 12:11:27.559,1.14928,1.1493,5.55,1.00
2018.10.22 12:11:28.740,1.14927,1.14929,4.57,1.00
2018.10.22 12:11:28.893,1.14928,1.1493,1.20,1.00
2018.10.22 12:11:29.359,1.14926,1.14928,1.95,1.00
2018.10.22 12:11:29.413,1.14925,1.14926,1.00,1.00
2018.10.22 12:11:29.660,1.14926,1.14929,2.44,1.25
2018.10.22 12:11:29.972,1.14929,1.1493,1.35,1.25
2018.10.22 12:11:30.275,1.14931,1.14932,1.00,1.00
2018.10.22 12:11:32.065,1.14931,1.14932,1.10,1.00
2018.10.22 12:11:32.713,1.1493,1.14932,2.32,1.00
2018.10.22 12:11:33.282,1.14931,1.14932,1.10,1.00
2018.10.22 12:11:34.502,1.1493,1.14931,1.95,1.00
2018.10.22 12:11:34.756,1.14926,1.14929,2.92,2.25
2018.10.22 12:11:36.168,1.14926,1.14928,1.95,1.25
2018.10.22 12:11:37.588,1.14924,1.14926,2.70,4.50
2018.10.22 12:11:37.797,1.14924,1.14927,3.11,1.00
2018.10.22 12:11:38.355,1.14924,1.14928,3.86,3.94
2018.10.22 12:11:38.892,1.14925,1.14928,1.10,3.19
2018.10.22 12:11:39.102,1.14925,1.14926,1.20,3.00
2018.10.22 12:11:39.636,1.14925,1.14927,2.25,1.50
2018.10.22 12:11:40.614,1.14928,1.1493,1.42,4.50
2018.10.22 12:11:40.772,1.14927,1.14928,1.12,1.00
2018.10.22 12:11:40.878,1.1493,1.14932,2.47,4.87
2018.10.22 12:11:40.985,1.14929,1.14931,1.00,9.19
2018.10.22 12:11:41.039,1.14927,1.14929,3.26,1.00
2018.10.22 12:11:41.093,1.14928,1.1493,1.00,3.75
2018.10.22 12:11:41.302,1.14929,1.14931,3.75,4.87
2018.10.22 12:11:42.299,1.14929,1.1493,1.00,3.00
2018.10.22 12:11:42.355,1.14927,1.14929,1.87,1.00
2018.10.22 12:11:42.877,1.14926,1.14929,2.55,1.50
2018.10.22 12:11:43.480,1.14927,1.14929,1.00,1.50
2018.10.22 12:11:44.028,1.14926,1.14929,3.67,1.50
2018.10.22 12:11:44.182,1.14926,1.14928,3.67,1.00
2018.10.22 12:11:44.495,1.14929,1.14931,1.12,4.95
2018.10.22 12:11:46.012,1.14928,1.1493,3.45,1.00
2018.10.22 12:11:46.571,1.14928,1.14929,1.10,3.00
2018.10.22 12:11:46.675,1.14926,1.14928,1.87,1.00
2018.10.22 12:11:47.529,1.14926,1.14928,1.76,1.00
2018.10.22 12:11:48.048,1.14926,1.14928,1.39,1.00
2018.10.22 12:11:53.643,1.14926,1.14927,1.57,1.00
2018.10.22 12:11:53.905,1.14923,1.14924,1.00,1.50
2018.10.22 12:11:54.406,1.14922,1.14923,1.00,1.00
2018.10.22 12:11:55.417,1.14921,1.14922,1.87,1.35
2018.10.22 12:11:55.521,1.14919,1.14921,2.25,2.25
2018.10.22 12:11:55.626,1.14918,1.14919,1.57,4.50
2018.10.22 12:11:56.791,1.14918,1.1492,1.12,1.50
2018.10.22 12:11:57.516,1.14918,1.14921,1.31,3.75
2018.10.22 12:11:58.169,1.14918,1.14921,1.76,3.00
2018.10.22 12:11:58.486,1.14921,1.14925,4.91,4.95
2018.10.22 12:11:58.813,1.14926,1.14928,1.12,1.00
2018.10.22 12:11:59.639,1.14926,1.14929,1.57,4.01
2018.10.22 12:11:59.960,1.14929,1.1493,1.95,1.00
2018.10.22 12:12:00.014,1.14927,1.14929,3.07,1.50
2018.10.22 12:12:00.412,1.14926,1.14928,1.87,1.00
2018.10.22 12:12:01.518,1.14926,1.14929,1.00,8.51
2018.10.22 12:12:02.041,1.14926,1.14928,1.00,1.50
2018.10.22 12:12:02.586,1.14925,1.14928,2.25,1.25
2018.10.22 12:12:03.284,1.14925,1.14926,1.12,1.00
2018.10.22 12:12:03.810,1.14924,1.14925,1.12,1.00
2018.10.22 12:12:04.931,1.14922,1.14924,1.87,1.87
2018.10.22 12:12:05.753,1.14923,1.14924,1.00,1.00
2018.10.22 12:12:06.272,1.14923,1.14925,1.00,2.25
2018.10.22 12:12:06.887,1.14923,1.14925,2.25,1.00
2018.10.22 12:12:08.378,1.14924,1.14926,1.00,5.25
2018.10.22 12:12:08.920,1.14925,1.14926,1.12,1.00
2018.10.22 12:12:09.184,1.14926,1.14928,1.00,3.75
2018.10.22 12:12:09.744,1.14926,1.14927,1.00,3.37
2018.10.22 12:12:10.275,1.14924,1.14927,3.00,2.44
2018.10.22 12:12:10.778,1.14926,1.14928,1.10,1.50
2018.10.22 12:12:11.312,1.14925,1.14927,1.50,1.00
2018.10.22 12:12:11.871,1.14925,1.14928,1.50,2.25
2018.10.22 12:12:13.134,1.14925,1.14927,2.25,1.00
2018.10.22 12:12:14.229,1.14926,1.14929,2.32,3.52
2018.10.22 12:12:14.282,1.14928,1.1493,1.69,3.15
2018.10.22 12:12:14.599,1.14931,1.14933,1.50,4.95
2018.10.22 12:12:15.122,1.14932,1.14933,1.00,1.69
2018.10.22 12:12:15.646,1.14931,1.14932,1.12,1.00
2018.10.22 12:12:16.276,1.14931,1.14932,1.12,1.00
2018.10.22 12:12:16.802,1.14931,1.14934,1.87,2.25
2018.10.22 12:12:17.074,1.14931,1.14933,2.25,1.00
2018.10.22 12:12:17.596,1.14931,1.14932,1.12,1.00
2018.10.22 12:12:18.117,1.14931,1.14933,1.12,1.00
2018.10.22 12:12:18.638,1.14931,1.14932,1.87,1.25
2018.10.22 12:12:20.352,1.14931,1.14934,1.50,3.94
2018.10.22 12:12:20.908,1.14931,1.14932,1.50,1.50
2018.10.22 12:12:21.429,1.1493,1.14931,2.25,1.00
2018.10.22 12:12:21.727,1.14931,1.14933,1.50,1.69
2018.10.22 12:12:22.283,1.14931,1.14934,1.69,4.12
2018.10.22 12:12:24.187,1.14931,1.14934,3.00,3.94
2018.10.22 12:12:24.500,1.14934,1.14935,1.12,1.95
2018.10.22 12:12:25.024,1.14932,1.14934,1.50,2.14
2018.10.22 12:12:25.568,1.14932,1.14934,1.12,3.64
2018.10.22 12:12:26.100,1.14932,1.14933,1.12,1.50
2018.10.22 12:12:27.009,1.14931,1.14933,3.45,3.44
2018.10.22 12:12:27.521,1.14931,1.14933,3.82,3.19
2018.10.22 12:12:28.126,1.14932,1.14933,1.00,1.00
2018.10.22 12:12:33.299,1.14931,1.14932,1.00,1.69
2018.10.22 12:12:33.458,1.14929,1.1493,2.32,2.25
2018.10.22 12:12:33.609,1.14928,1.14929,1.87,1.69
2018.10.22 12:12:34.135,1.14926,1.14928,2.25,1.25
2018.10.22 12:12:34.242,1.14927,1.1493,1.75,1.69
2018.10.22 12:12:34.770,1.14928,1.14931,2.25,4.69
2018.10.22 12:12:35.083,1.1493,1.14932,1.50,3.86
2018.10.22 12:12:35.707,1.1493,1.14933,2.25,1.50
2018.10.22 12:12:36.025,1.14931,1.14934,2.44,2.44
2018.10.22 12:12:36.576,1.14931,1.14934,1.75,2.25
2018.10.22 12:12:37.102,1.14933,1.14934,1.50,1.50
2018.10.22 12:12:37.613,1.14932,1.14933,1.00,1.00
2018.10.22 12:12:38.883,1.14931,1.14933,1.12,1.50
2018.10.22 12:12:39.448,1.14931,1.14934,1.57,4.20
2018.10.22 12:12:39.997,1.14931,1.14933,1.57,1.00
2018.10.22 12:12:40.547,1.14931,1.14934,1.10,3.45
2018.10.22 12:12:41.056,1.14931,1.14933,1.57,1.00
2018.10.22 12:12:41.602,1.14932,1.14934,1.87,2.70
2018.10.22 12:12:46.769,1.14932,1.14933,1.12,1.25
2018.10.22 12:12:47.322,1.14931,1.14932,1.87,1.00
2018.10.22 12:12:47.903,1.14931,1.14933,1.12,1.25
2018.10.22 12:12:48.011,1.14932,1.14934,1.50,1.69
2018.10.22 12:12:48.222,1.14933,1.14935,2.25,5.89
2018.10.22 12:12:48.728,1.14933,1.14934,1.50,1.00
2018.10.22 12:12:48.834,1.14932,1.14934,1.87,3.19
2018.10.22 12:12:51.147,1.14932,1.14935,2.70,4.20
2018.10.22 12:12:51.253,1.14934,1.14938,6.82,3.45
2018.10.22 12:12:51.411,1.14937,1.14938,1.00,1.00
2018.10.22 12:12:51.465,1.14939,1.1494,1.12,4.87
2018.10.22 12:12:52.013,1.14938,1.1494,1.00,8.89
2018.10.22 12:12:52.174,1.14937,1.14939,1.00,1.95
2018.10.22 12:12:52.700,1.14936,1.14938,3.07,1.00
2018.10.22 12:12:53.967,1.14939,1.14941,2.25,6.11
2018.10.22 12:12:54.217,1.14943,1.14944,1.50,1.00
2018.10.22 12:12:54.270,1.14944,1.14945,1.00,6.19
2018.10.22 12:12:54.323,1.14943,1.14945,1.50,2.51
2018.10.22 12:12:54.536,1.14943,1.14946,3.00,2.25
2018.10.22 12:12:55.759,1.14943,1.14946,1.50,1.50
2018.10.22 12:12:56.328,1.14943,1.14945,2.20,4.69
2018.10.22 12:12:56.382,1.14941,1.14944,2.25,1.50
2018.10.22 12:12:58.509,1.14942,1.14946,8.66,6.82
2018.10.22 12:12:59.088,1.14943,1.14947,5.25,3.71
2018.10.22 12:12:59.601,1.14944,1.14947,1.12,2.96
2018.10.22 12:12:59.655,1.14941,1.14944,4.20,1.00
2018.10.22 12:13:00.158,1.1494,1.14943,4.50,1.50
2018.10.22 12:13:00.784,1.1494,1.14943,3.00,1.00
2018.10.22 12:13:01.709,1.14942,1.14943,1.00,1.50
2018.10.22 12:13:01.818,1.14942,1.14944,1.12,2.02
2018.10.22 12:13:03.425,1.14941,1.14942,1.95,1.25
2018.10.22 12:13:03.582,1.14941,1.14944,2.62,2.25
2018.10.22 12:13:04.223,1.1494,1.14943,4.50,1.00
2018.10.22 12:13:04.774,1.14941,1.14942,1.00,1.00
2018.10.22 12:13:05.732,1.14938,1.1494,1.95,1.69
2018.10.22 12:13:06.825,1.14938,1.14939,1.00,1.00
2018.10.22 12:13:07.559,1.14938,1.1494,2.85,1.69
2018.10.22 12:13:07.667,1.1494,1.14942,2.62,1.00
2018.10.22 12:13:08.576,1.14941,1.14942,1.00,1.00
2018.10.22 12:13:09.529,1.1494,1.14941,1.50,1.00
2018.10.22 12:13:10.221,1.14941,1.14942,1.12,1.00
2018.10.22 12:13:14.966,1.14938,1.14939,1.12,1.00
2018.10.22 12:13:17.940,1.14937,1.14938,1.00,1.00
2018.10.22 12:13:17.993,1.14936,1.14937,1.57,1.00
2018.10.22 12:13:18.594,1.14936,1.14938,1.50,1.00
2018.10.22 12:13:19.113,1.14936,1.14939,1.50,3.86
2018.10.22 12:13:21.082,1.14936,1.14938,2.25,1.20
2018.10.22 12:13:21.647,1.14937,1.14939,1.12,1.00
2018.10.22 12:13:33.811,1.14937,1.14939,1.00,4.60
2018.10.22 12:13:34.630,1.14936,1.14939,1.50,7.95
2018.10.22 12:13:34.788,1.14933,1.14935,4.20,11.10
2018.10.22 12:13:34.892,1.14932,1.14934,1.12,4.50
2018.10.22 12:13:35.513,1.14931,1.14934,2.62,2.50
2018.10.22 12:13:37.258,1.14931,1.14932,1.00,1.00
2018.10.22 12:13:37.385,1.14928,1.1493,3.00,6.94
2018.10.22 12:13:37.439,1.14927,1.14928,1.00,1.50
2018.10.22 12:13:37.545,1.14923,1.14924,1.69,1.00
2018.10.22 12:13:37.598,1.14922,1.14925,1.57,14.51
2018.10.22 12:13:38.002,1.14926,1.14928,1.00,3.45
2018.10.22 12:13:38.215,1.14923,1.14927,4.99,10.95
2018.10.22 12:13:38.269,1.14923,1.14924,1.00,1.00
2018.10.22 12:13:38.544,1.14924,1.14926,2.25,1.00
2018.10.22 12:13:38.755,1.14921,1.14925,5.62,4.20
2018.10.22 12:13:38.962,1.14921,1.14923,4.50,1.00
2018.10.22 12:13:39.172,1.14921,1.14925,3.75,8.89
2018.10.22 12:13:39.715,1.14923,1.14927,3.75,9.64
2018.10.22 12:13:40.231,1.14923,1.14927,3.00,7.39
2018.10.22 12:13:40.788,1.14924,1.14927,1.00,6.64
2018.10.22 12:13:41.104,1.14925,1.14928,2.25,2.14
2018.10.22 12:13:41.423,1.14918,1.14919,1.50,1.00
2018.10.22 12:13:41.528,1.14919,1.14921,1.50,5.51
2018.10.22 12:13:41.581,1.1492,1.14922,1.31,1.57
2018.10.22 12:13:41.633,1.1492,1.14923,4.01,1.95
2018.10.22 12:13:42.032,1.14918,1.14919,1.50,1.00
2018.10.22 12:13:42.139,1.14916,1.14919,1.20,1.39
2018.10.22 12:13:43.911,1.14916,1.1492,3.45,2.06
2018.10.22 12:13:43.966,1.14918,1.14921,1.75,3.75
2018.10.22 12:13:44.525,1.14919,1.1492,1.00,1.00
2018.10.22 12:13:45.173,1.14919,1.14922,1.95,5.70
2018.10.22 12:13:45.280,1.14922,1.14923,1.00,1.00
2018.10.22 12:13:45.812,1.14921,1.14924,3.00,1.50
2018.10.22 12:13:47.831,1.14922,1.14923,1.00,1.00
2018.10.22 12:13:50.726,1.14921,1.14924,1.75,4.69
2018.10.22 12:13:51.003,1.14919,1.14922,3.00,3.71
2018.10.22 12:13:51.530,1.1492,1.14923,1.76,4.76
2018.10.22 12:13:52.082,1.14921,1.14922,1.00,1.25
2018.10.22 12:13:59.310,1.1492,1.14923,3.82,2.14
2018.10.22 12:13:59.830,1.1492,1.14923,3.07,1.20
2018.10.22 12:14:00.343,1.14921,1.14923,1.95,1.00
2018.10.22 12:14:02.923,1.14922,1.14924,1.12,2.70
2018.10.22 12:14:05.471,1.14922,1.14923,1.12,1.00
2018.10.22 12:14:05.992,1.14922,1.14924,1.12,1.20
2018.10.22 12:14:06.505,1.14922,1.14923,1.12,1.00
2018.10.22 12:14:07.809,1.14922,1.14924,1.12,3.45
2018.10.22 12:14:11.318,1.14923,1.14924,1.00,1.00
2018.10.22 12:14:11.372,1.14925,1.14926,2.25,4.05
2018.10.22 12:14:11.642,1.14932,1.14935,3.07,1.69
2018.10.22 12:14:11.958,1.14931,1.14932,1.00,1.50
2018.10.22 12:14:12.011,1.14929,1.1493,6.00,1.00
2018.10.22 12:14:12.538,1.14929,1.14931,1.87,1.19
2018.10.22 12:14:12.749,1.1493,1.14932,2.25,3.45
2018.10.22 12:14:12.804,1.1493,1.14934,5.32,5.29
2018.10.22 12:14:13.266,1.14932,1.14934,1.00,2.44
2018.10.22 12:14:13.885,1.14931,1.14934,7.95,2.25
2018.10.22 12:14:14.417,1.14931,1.14935,7.20,4.69
2018.10.22 12:14:14.936,1.14931,1.14934,3.45,1.00
2018.10.22 12:14:15.486,1.14931,1.14935,3.45,3.75
2018.10.22 12:14:15.990,1.14931,1.14934,2.70,1.00
2018.10.22 12:14:17.071,1.14932,1.14934,1.00,1.00
2018.10.22 12:14:17.584,1.14933,1.14934,1.00,1.00
2018.10.22 12:14:19.281,1.14931,1.14933,4.20,1.00
2018.10.22 12:14:19.818,1.14931,1.14934,2.62,1.50
2018.10.22 12:14:20.342,1.14932,1.14935,1.00,10.01
2018.10.22 12:14:20.892,1.14932,1.14934,1.00,1.00
2018.10.22 12:14:21.707,1.14931,1.14934,2.44,1.50
2018.10.22 12:14:22.020,1.14941,1.14943,2.32,1.69
2018.10.22 12:14:22.348,1.14937,1.14939,2.51,1.00
2018.10.22 12:14:22.401,1.14938,1.14941,1.50,3.75
2018.10.22 12:14:23.059,1.14939,1.14943,2.44,4.95
2018.10.22 12:14:23.163,1.14941,1.14943,1.00,1.00
2018.10.22 12:14:24.180,1.14941,1.14943,1.95,1.00
2018.10.22 12:14:24.736,1.14941,1.14943,1.50,1.00
2018.10.22 12:14:25.503,1.14942,1.14945,2.06,1.00
2018.10.22 12:14:25.714,1.14942,1.14944,2.51,1.19
2018.10.22 12:14:26.287,1.14941,1.14944,2.32,1.25
2018.10.22 12:14:26.819,1.14941,1.14944,1.57,1.01
2018.10.22 12:14:27.412,1.14941,1.14944,3.82,1.50
2018.10.22 12:14:27.940,1.14941,1.14944,3.45,1.69
2018.10.22 12:14:29.204,1.14941,1.14944,3.45,2.44
2018.10.22 12:14:29.767,1.14941,1.14944,4.20,1.69
2018.10.22 12:14:31.367,1.14941,1.14944,4.42,2.25
2018.10.22 12:14:32.095,1.14941,1.14944,2.89,1.29
2018.10.22 12:14:32.375,1.1494,1.14944,4.57,1.25
2018.10.22 12:14:32.963,1.14941,1.14944,1.50,1.25
2018.10.22 12:14:33.562,1.14942,1.14944,1.00,1.69
2018.10.22 12:14:34.080,1.14942,1.14945,1.00,3.00
2018.10.22 12:14:34.591,1.14942,1.14944,1.00,1.00
2018.10.22 12:14:35.086,1.14944,1.14946,1.00,1.20
2018.10.22 12:14:35.407,1.14946,1.14949,2.89,1.50
2018.10.22 12:14:35.938,1.14946,1.1495,10.80,1.50
2018.10.22 12:14:36.251,1.14946,1.14949,12.11,1.00
2018.10.22 12:14:36.827,1.14945,1.14948,2.51,1.00
2018.10.22 12:14:37.142,1.14943,1.14944,1.57,1.00
2018.10.22 12:14:37.698,1.14942,1.14944,1.57,1.00
2018.10.22 12:14:38.013,1.14946,1.14947,1.30,4.87
2018.10.22 12:14:38.286,1.14946,1.14949,9.04,1.00
2018.10.22 12:14:38.340,1.14947,1.14949,4.20,1.50
2018.10.22 12:14:38.401,1.14949,1.1495,1.00,1.00
2018.10.22 12:14:38.506,1.1495,1.14951,5.62,1.76
2018.10.22 12:14:39.025,1.1495,1.14951,1.00,1.00
2018.10.22 12:14:39.393,1.14948,1.14951,1.12,1.19
2018.10.22 12:14:39.447,1.14948,1.14952,5.81,1.39
2018.10.22 12:14:39.956,1.14949,1.14953,2.70,1.20
2018.10.22 12:14:40.276,1.14948,1.14951,2.32,1.25
2018.10.22 12:14:40.738,1.14948,1.14949,1.00,1.69
2018.10.22 12:14:41.256,1.14946,1.14949,3.75,1.69
2018.10.22 12:14:41.873,1.14946,1.14948,3.00,1.00
2018.10.22 12:14:41.977,1.14945,1.14947,4.76,1.00
2018.10.22 12:14:42.503,1.14946,1.14947,1.00,1.00
2018.10.22 12:14:47.443,1.14945,1.14947,1.87,1.00
2018.10.22 12:14:49.165,1.14944,1.14946,1.95,3.94
2018.10.22 12:14:49.379,1.14943,1.14945,1.12,1.00
2018.10.22 12:14:49.486,1.14941,1.14944,1.31,1.57
2018.10.22 12:14:49.709,1.14943,1.14945,1.35,2.25
2018.10.22 12:14:50.273,1.14944,1.14945,1.00,1.00
2018.10.22 12:14:52.251,1.14943,1.14944,1.00,1.50
2018.10.22 12:14:52.308,1.14942,1.14944,1.12,1.50
2018.10.22 12:14:52.519,1.14941,1.14944,1.95,4.05
2018.10.22 12:14:52.715,1.14937,1.14939,1.20,3.00
2018.10.22 12:14:53.032,1.14938,1.14941,3.19,3.82
2018.10.22 12:14:53.085,1.14937,1.14939,6.26,1.00
2018.10.22 12:14:53.374,1.14936,1.14939,3.86,4.20
2018.10.22 12:14:55.451,1.14936,1.14938,2.36,1.00
2018.10.22 12:14:56.192,1.14937,1.14939,1.00,1.20
2018.10.22 12:14:57.163,1.14937,1.14938,1.00,1.00
2018.10.22 12:14:57.757,1.14936,1.14939,1.00,3.19
2018.10.22 12:14:58.268,1.14935,1.14938,3.07,1.00
2018.10.22 12:14:58.831,1.14937,1.1494,3.67,1.20
2018.10.22 12:14:59.408,1.14938,1.1494,1.00,1.00
2018.10.22 12:15:00.050,1.14937,1.1494,3.37,1.50
2018.10.22 12:15:00.366,1.14934,1.14935,2.14,2.25
2018.10.22 12:15:00.541,1.14931,1.14933,2.06,1.00
2018.10.22 12:15:01.119,1.14931,1.14933,2.25,1.20
2018.10.22 12:15:03.108,1.14932,1.14933,1.00,1.00
2018.10.22 12:15:04.483,1.14931,1.14932,1.00,4.31
2018.10.22 12:15:04.537,1.14929,1.1493,3.26,1.00
2018.10.22 12:15:04.697,1.14927,1.1493,1.69,4.20
2018.10.22 12:15:04.890,1.14927,1.14929,2.25,1.95
2018.10.22 12:15:05.395,1.14927,1.14929,1.00,1.57
2018.10.22 12:15:05.944,1.14926,1.14928,1.50,2.89
2018.10.22 12:15:07.407,1.14928,1.14929,1.50,1.20
2018.10.22 12:15:07.934,1.14928,1.1493,2.25,1.00
2018.10.22 12:15:08.250,1.14926,1.14927,1.00,1.00
2018.10.22 12:15:08.783,1.14925,1.14927,1.50,2.25
2018.10.22 12:15:09.128,1.14924,1.14925,1.00,1.00
2018.10.22 12:15:09.235,1.14922,1.14924,3.75,1.00
2018.10.22 12:15:10.147,1.14923,1.14924,1.00,1.00
2018.10.22 12:15:11.041,1.14924,1.14925,1.00,4.95
2018.10.22 12:15:12.067,1.14924,1.14926,1.69,1.00
2018.10.22 12:15:12.302,1.14922,1.14925,3.22,1.00
2018.10.22 12:15:12.357,1.14921,1.14922,1.00,1.00
2018.10.22 12:15:12.462,1.14918,1.14919,4.69,1.87
2018.10.22 12:15:12.829,1.14916,1.14918,1.87,1.00
2018.10.22 12:15:13.164,1.14919,1.1492,1.00,1.50
2018.10.22 12:15:13.324,1.14917,1.14919,3.37,1.00
2018.10.22 12:15:13.602,1.14915,1.14917,2.70,1.00
2018.10.22 12:15:13.950,1.14914,1.14917,1.50,3.64
2018.10.22 12:15:14.365,1.14916,1.14917,1.00,2.96
2018.10.22 12:15:14.881,1.14915,1.14918,1.50,2.14
2018.10.22 12:15:15.925,1.14915,1.14918,1.00,4.35
2018.10.22 12:15:16.473,1.14916,1.14918,1.00,5.10
2018.10.22 12:15:17.000,1.14916,1.14918,1.50,2.66
2018.10.22 12:15:17.106,1.14917,1.14919,1.87,2.32
2018.10.22 12:15:17.622,1.14916,1.14918,1.00,1.00
2018.10.22 12:15:18.299,1.14916,1.14919,1.69,2.70
2018.10.22 12:15:18.842,1.14916,1.14919,1.00,2.70
2018.10.22 12:15:19.364,1.14916,1.14919,1.00,4.20
2018.10.22 12:15:19.974,1.14916,1.14918,1.00,1.10
2018.10.22 12:15:20.516,1.14915,1.14917,1.50,1.00
2018.10.22 12:15:21.028,1.14914,1.14917,1.69,1.57
2018.10.22 12:15:21.748,1.14915,1.14917,1.00,1.57
2018.10.22 12:15:23.085,1.14914,1.14915,6.19,1.50
2018.10.22 12:15:23.245,1.14912,1.14914,1.00,2.32
2018.10.22 12:15:23.763,1.1491,1.14914,6.68,1.50
2018.10.22 12:15:24.302,1.14911,1.14913,1.25,2.32
2018.10.22 12:15:25.089,1.1491,1.14912,3.19,1.00
2018.10.22 12:15:25.620,1.1491,1.14911,1.00,1.00
2018.10.22 12:15:27.776,1.14908,1.1491,7.39,1.72
2018.10.22 12:15:28.112,1.14903,1.14905,5.33,1.50
2018.10.22 12:15:28.643,1.14905,1.14906,1.00,5.25
2018.10.22 12:15:29.142,1.14901,1.14902,1.95,1.00
2018.10.22 12:15:29.816,1.14901,1.14905,1.87,14.70
2018.10.22 12:15:29.947,1.14903,1.14904,1.50,1.10
2018.10.22 12:15:30.002,1.149,1.14901,4.20,1.00
2018.10.22 12:15:30.056,1.14898,1.149,4.57,4.50
2018.10.22 12:15:30.331,1.14895,1.14897,1.50,2.25
2018.10.22 12:15:30.438,1.14893,1.14896,2.81,1.50
2018.10.22 12:15:30.973,1.14893,1.14895,1.00,6.82
2018.10.22 12:15:31.496,1.14893,1.14894,1.00,1.00
2018.10.22 12:15:32.037,1.14893,1.14895,1.00,4.57
2018.10.22 12:15:32.581,1.14894,1.14896,1.00,1.50
2018.10.22 12:15:33.043,1.14896,1.14897,1.12,2.66
2018.10.22 12:15:33.544,1.14896,1.14898,1.87,1.50
2018.10.22 12:15:34.784,1.14897,1.14898,1.00,5.32
2018.10.22 12:15:34.995,1.14895,1.14898,1.31,3.82
2018.10.22 12:15:35.514,1.14895,1.14897,1.00,1.20
2018.10.22 12:15:36.135,1.14894,1.14896,1.69,1.50
2018.10.22 12:15:36.295,1.1489,1.14893,1.50,2.06
2018.10.22 12:15:36.349,1.1489,1.14891,1.00,1.00
2018.10.22 12:15:36.457,1.14887,1.14889,1.95,1.00
2018.10.22 12:15:36.563,1.14888,1.1489,1.00,4.95
2018.10.22 12:15:37.062,1.1489,1.14891,1.00,1.57
2018.10.22 12:15:37.274,1.14891,1.14893,1.50,1.45
2018.10.22 12:15:37.797,1.14891,1.14893,1.00,2.32
2018.10.22 12:15:38.230,1.14889,1.14893,3.75,4.20
2018.10.22 12:15:38.389,1.14891,1.14893,1.00,3.45
2018.10.22 12:15:39.111,1.14891,1.14892,1.00,1.00
2018.10.22 12:15:39.626,1.1489,1.14892,1.00,1.00
2018.10.22 12:15:40.134,1.14889,1.14892,2.44,1.00
2018.10.22 12:15:40.643,1.1489,1.14892,1.00,1.00
2018.10.22 12:15:41.768,1.1489,1.14893,1.00,2.32
2018.10.22 12:15:42.292,1.1489,1.14893,1.00,2.32
2018.10.22 12:15:43.186,1.1489,1.14893,1.00,2.32
2018.10.22 12:15:43.964,1.14891,1.14894,1.00,3.82
2018.10.22 12:15:44.281,1.1489,1.14892,1.69,1.00
2018.10.22 12:15:47.277,1.14891,1.14892,1.25,1.00
2018.10.22 12:15:48.421,1.14892,1.14893,2.44,1.10
2018.10.22 12:15:48.681,1.14894,1.14895,1.00,4.50
2018.10.22 12:15:48.735,1.14891,1.14895,3.07,7.87
2018.10.22 12:15:49.340,1.14891,1.14893,1.00,1.12
2018.10.22 12:15:50.820,1.14891,1.14893,1.00,1.20
2018.10.22 12:15:51.331,1.14891,1.14893,1.00,1.57
2018.10.22 12:15:52.262,1.14892,1.14895,1.00,10.01
2018.10.22 12:15:52.366,1.14893,1.14895,1.00,1.39
2018.10.22 12:15:52.470,1.14892,1.14894,1.00,1.00
2018.10.22 12:15:52.977,1.14892,1.14895,1.00,2.32
2018.10.22 12:15:53.969,1.14892,1.14895,2.25,1.95
2018.10.22 12:15:54.492,1.14891,1.14895,2.89,2.70
2018.10.22 12:15:55.016,1.14892,1.14895,1.50,1.45
2018.10.22 12:15:55.518,1.14891,1.14894,1.50,1.00
2018.10.22 12:15:55.572,1.1489,1.14892,1.95,1.00
2018.10.22 12:15:55.644,1.14888,1.14891,4.57,2.25
2018.10.22 12:15:55.753,1.14886,1.14887,1.39,1.72
2018.10.22 12:15:55.861,1.1488,1.14881,1.50,1.12
2018.10.22 12:15:56.817,1.14879,1.1488,1.50,1.00
2018.10.22 12:15:57.355,1.14879,1.14881,1.50,3.64
2018.10.22 12:15:57.468,1.14881,1.14883,1.00,4.20
2018.10.22 12:15:57.989,1.1488,1.14882,1.00,1.00
2018.10.22 12:15:59.091,1.14879,1.14882,3.82,1.01
2018.10.22 12:16:00.253,1.14879,1.14883,1.69,7.57
2018.10.22 12:16:00.788,1.14879,1.14882,3.94,1.25
2018.10.22 12:16:01.100,1.14879,1.1488,1.00,1.25
2018.10.22 12:16:01.305,1.14876,1.1488,3.45,2.25
2018.10.22 12:16:01.817,1.14876,1.14879,2.62,1.00
2018.10.22 12:16:02.335,1.14877,1.14879,1.00,1.00
2018.10.22 12:16:02.666,1.14878,1.14881,2.06,3.45
2018.10.22 12:16:05.336,1.14878,1.1488,1.12,1.00
2018.10.22 12:16:06.148,1.14878,1.14881,1.12,2.25
2018.10.22 12:16:06.497,1.1488,1.14882,1.00,2.70
2018.10.22 12:16:06.824,1.14882,1.14884,1.25,1.50
2018.10.22 12:16:07.365,1.14881,1.14884,1.20,1.95
2018.10.22 12:16:07.687,1.14882,1.14885,7.39,1.20
2018.10.22 12:16:08.217,1.14882,1.14884,2.99,1.00
2018.10.22 12:16:08.882,1.14882,1.14885,2.32,1.95
2018.10.22 12:16:09.235,1.14885,1.14886,1.50,1.50
2018.10.22 12:16:09.289,1.14886,1.14888,1.50,1.50
2018.10.22 12:16:09.833,1.14885,1.14888,1.31,2.25
2018.10.22 12:16:09.887,1.14885,1.14886,1.00,1.00
2018.10.22 12:16:10.399,1.14885,1.14887,1.00,3.75
2018.10.22 12:16:13.325,1.14886,1.14887,1.00,1.50
2018.10.22 12:16:13.538,1.14887,1.14889,1.50,1.87
2018.10.22 12:16:14.933,1.14889,1.1489,1.50,1.50
2018.10.22 12:16:15.144,1.14889,1.14892,3.41,1.87
2018.10.22 12:16:15.199,1.14888,1.14889,1.12,1.00
2018.10.22 12:16:15.266,1.14887,1.14888,1.20,1.00
2018.10.22 12:16:15.477,1.14888,1.1489,1.00,3.45
2018.10.22 12:16:15.530,1.14887,1.14889,1.35,2.25
2018.10.22 12:16:16.079,1.14886,1.14889,1.00,5.14
2018.10.22 12:16:18.217,1.14886,1.14887,1.00,1.00
2018.10.22 12:16:19.455,1.14885,1.14888,1.95,2.70
2018.10.22 12:16:20.571,1.14886,1.14888,1.00,1.95
2018.10.22 12:16:21.189,1.14885,1.14888,1.95,1.95
2018.10.22 12:16:22.458,1.14887,1.14888,1.00,1.00
2018.10.22 12:16:22.741,1.14885,1.14887,1.20,1.00
2018.10.22 12:16:23.258,1.14885,1.14888,1.20,5.14
2018.10.22 12:16:26.273,1.14885,1.14887,1.95,1.00
2018.10.22 12:16:26.880,1.14886,1.14888,1.00,1.00
2018.10.22 12:16:27.410,1.14887,1.14888,1.00,1.25
2018.10.22 12:16:28.262,1.14885,1.14888,1.12,1.00
2018.10.22 12:16:28.788,1.14886,1.14888,1.00,1.20
2018.10.22 12:16:29.445,1.14889,1.1489,1.00,3.00
2018.10.22 12:16:29.601,1.14889,1.14892,1.00,3.37
2018.10.22 12:16:30.148,1.14889,1.14891,1.25,1.00
2018.10.22 12:16:30.989,1.14889,1.14892,1.25,1.00
2018.10.22 12:16:35.244,1.14889,1.1489,1.00,2.62
2018.10.22 12:16:35.418,1.14886,1.14888,1.87,1.00
2018.10.22 12:16:35.524,1.14889,1.14891,1.00,5.10
2018.10.22 12:16:35.840,1.14884,1.14886,2.25,1.50
2018.10.22 12:16:36.699,1.14885,1.14887,1.00,1.00
2018.10.22 12:16:39.916,1.14884,1.14886,2.14,1.00
2018.10.22 12:16:40.269,1.14881,1.14883,1.00,1.00
2018.10.22 12:16:40.917,1.14882,1.14884,5.81,1.50
2018.10.22 12:16:41.251,1.14884,1.14885,1.25,1.00
2018.10.22 12:16:41.459,1.14883,1.14887,6.82,3.45
2018.10.22 12:16:42.340,1.14883,1.14886,2.44,3.19
2018.10.22 12:16:42.605,1.14884,1.14888,4.87,3.07
2018.10.22 12:16:43.119,1.14885,1.14887,1.25,1.00
2018.10.22 12:16:43.547,1.14883,1.14885,1.95,1.00
2018.10.22 12:16:43.818,1.14882,1.14885,1.00,3.19
2018.10.22 12:16:43.872,1.14881,1.14882,4.76,2.25
2018.10.22 12:16:44.032,1.14877,1.14881,3.94,5.14
2018.10.22 12:16:44.522,1.14877,1.14879,2.25,1.00
2018.10.22 12:16:44.974,1.14875,1.14878,2.44,3.75
2018.10.22 12:16:45.893,1.14875,1.14878,2.44,4.20
2018.10.22 12:16:46.472,1.14875,1.14878,1.39,5.70
2018.10.22 12:16:47.141,1.14874,1.14877,5.44,1.00
2018.10.22 12:16:47.663,1.14875,1.14878,1.25,2.25
2018.10.22 12:16:48.178,1.14876,1.14878,1.00,3.00
2018.10.22 12:16:50.503,1.14877,1.14879,1.00,3.75
2018.10.22 12:16:51.111,1.14878,1.14879,1.25,1.00
2018.10.22 12:16:51.618,1.14877,1.14879,1.00,1.00
2018.10.22 12:16:52.155,1.14877,1.14878,1.00,1.20
2018.10.22 12:16:52.703,1.14877,1.14879,1.00,3.45
2018.10.22 12:16:53.205,1.14877,1.14878,1.00,1.00
2018.10.22 12:16:53.949,1.14877,1.14879,1.00,1.50
2018.10.22 12:16:54.524,1.14877,1.14879,1.00,2.70
2018.10.22 12:16:55.036,1.14877,1.14879,1.00,2.25
2018.10.22 12:16:55.451,1.14878,1.14881,3.94,6.00
2018.10.22 12:16:55.918,1.14881,1.14882,1.00,1.00
2018.10.22 12:16:56.022,1.14882,1.14884,1.00,1.50
2018.10.22 12:16:56.127,1.14879,1.14882,6.26,1.50
2018.10.22 12:16:56.629,1.1488,1.14881,1.00,1.00
2018.10.22 12:16:57.564,1.14878,1.14879,1.00,2.62
2018.10.22 12:16:57.668,1.14877,1.14878,1.00,1.00
2018.10.22 12:16:58.243,1.14877,1.14879,1.00,1.12
2018.10.22 12:16:58.776,1.14876,1.14878,2.70,1.00
2018.10.22 12:16:58.900,1.14876,1.14878,1.00,1.50
2018.10.22 12:17:00.107,1.14875,1.14878,1.95,1.95
2018.10.22 12:17:00.337,1.14875,1.14876,1.20,1.00
2018.10.22 12:17:00.872,1.14876,1.14877,1.00,1.00
2018.10.22 12:17:00.977,1.14876,1.14878,1.00,1.20
2018.10.22 12:17:01.556,1.14875,1.14878,1.20,1.20
2018.10.22 12:17:03.790,1.14875,1.14878,1.95,3.64
2018.10.22 12:17:04.307,1.14875,1.14878,1.95,3.45
2018.10.22 12:17:05.488,1.14875,1.14877,1.20,1.00
2018.10.22 12:17:06.004,1.14875,1.14878,1.20,2.14
2018.10.22 12:17:06.057,1.14875,1.14877,1.95,1.00
2018.10.22 12:17:13.225,1.14875,1.14877,1.95,1.00
2018.10.22 12:17:17.932,1.14875,1.14878,1.95,1.95
2018.10.22 12:17:18.266,1.14872,1.14874,1.39,1.00
2018.10.22 12:17:18.796,1.14871,1.14875,2.25,10.01
2018.10.22 12:17:19.245,1.14873,1.14876,1.69,1.20
2018.10.22 12:17:19.659,1.14878,1.1488,1.50,2.51
2018.10.22 12:17:19.977,1.14882,1.14884,1.00,1.25
2018.10.22 12:17:20.529,1.14881,1.14884,1.50,1.87
2018.10.22 12:17:21.061,1.14882,1.14884,1.31,1.00
2018.10.22 12:17:21.581,1.14882,1.14885,1.50,2.25
2018.10.22 12:17:22.966,1.14882,1.14885,4.99,1.00
2018.10.22 12:17:23.240,1.14886,1.14889,1.50,2.25
2018.10.22 12:17:23.801,1.14887,1.14889,1.10,2.25
2018.10.22 12:17:24.012,1.14885,1.14888,5.32,1.50
2018.10.22 12:17:24.521,1.14886,1.14888,5.89,1.00
2018.10.22 12:17:25.196,1.14886,1.14889,1.00,1.87
2018.10.22 12:17:25.352,1.14887,1.1489,5.89,1.00
2018.10.22 12:17:25.682,1.14891,1.14893,3.30,3.75
2018.10.22 12:17:25.899,1.14894,1.14896,5.14,1.00
2018.10.22 12:17:26.412,1.14893,1.14895,1.12,1.00
2018.10.22 12:17:26.919,1.14894,1.14896,1.69,1.12
2018.10.22 12:17:27.898,1.14895,1.14897,1.25,3.19
2018.10.22 12:17:28.409,1.14894,1.14897,2.32,1.12
2018.10.22 12:17:28.930,1.14894,1.14897,1.00,1.87
2018.10.22 12:17:30.110,1.14892,1.14895,5.32,5.06
2018.10.22 12:17:30.163,1.14892,1.14894,3.00,1.00
2018.10.22 12:17:30.699,1.14891,1.14893,1.00,1.12
2018.10.22 12:17:31.013,1.14888,1.1489,6.45,1.00
2018.10.22 12:17:31.152,1.14888,1.1489,1.12,1.00
2018.10.22 12:17:32.020,1.14889,1.14891,2.14,1.87
2018.10.22 12:17:32.396,1.14888,1.14889,1.50,1.00
2018.10.22 12:17:32.711,1.14886,1.14888,1.00,1.50
2018.10.22 12:17:33.233,1.14886,1.14888,1.00,1.00
2018.10.22 12:17:35.426,1.14887,1.14889,1.00,1.12
2018.10.22 12:17:37.317,1.14886,1.14889,6.64,1.12
2018.10.22 12:17:37.635,1.1489,1.14893,1.69,2.25
2018.10.22 12:17:38.556,1.14892,1.14893,2.47,1.00
2018.10.22 12:17:38.609,1.14893,1.14895,1.25,3.07
2018.10.22 12:17:38.662,1.14895,1.14896,1.00,3.37
2018.10.22 12:17:38.942,1.14893,1.14894,1.95,1.00
2018.10.22 12:17:39.100,1.14894,1.14896,1.87,1.87
2018.10.22 12:17:40.392,1.14893,1.14896,1.12,5.06
2018.10.22 12:17:40.497,1.14892,1.14893,1.20,1.00
2018.10.22 12:17:41.005,1.14891,1.14893,2.32,1.00
2018.10.22 12:17:42.268,1.14892,1.14894,1.10,1.00
2018.10.22 12:17:42.599,1.14894,1.14895,2.32,1.00
2018.10.22 12:17:43.848,1.14896,1.14897,1.00,3.00
2018.10.22 12:17:44.400,1.14895,1.14897,3.37,1.12
2018.10.22 12:17:44.884,1.14893,1.14895,4.05,3.75
2018.10.22 12:17:44.999,1.14892,1.14894,1.12,3.75
2018.10.22 12:17:45.513,1.14892,1.14894,4.39,1.12
2018.10.22 12:17:45.728,1.14895,1.14896,1.00,1.10
2018.10.22 12:17:46.250,1.14894,1.14896,1.00,1.87
2018.10.22 12:17:47.277,1.14894,1.14895,2.25,2.25
2018.10.22 12:17:47.384,1.14892,1.14895,3.00,4.31
2018.10.22 12:17:47.542,1.14894,1.14895,1.00,2.70
2018.10.22 12:17:48.055,1.14893,1.14896,5.89,2.81
2018.10.22 12:17:48.577,1.14892,1.14896,9.26,1.87
2018.10.22 12:17:49.271,1.14894,1.14897,3.00,6.37
2018.10.22 12:17:49.821,1.14894,1.14896,4.50,1.12
2018.10.22 12:17:50.595,1.14893,1.14897,6.56,7.20
2018.10.22 12:17:51.323,1.14893,1.14894,1.00,1.12
2018.10.22 12:17:51.429,1.14891,1.14893,1.00,1.50
2018.10.22 12:17:54.384,1.1489,1.14892,2.25,1.00
2018.10.22 12:17:54.955,1.14888,1.1489,3.45,1.00
2018.10.22 12:17:55.467,1.14888,1.14891,4.76,1.50
2018.10.22 12:17:56.155,1.14888,1.1489,1.69,1.00
2018.10.22 12:17:56.775,1.14888,1.14891,1.87,2.62
2018.10.22 12:17:58.023,1.14888,1.14891,4.20,1.12
2018.10.22 12:17:58.772,1.14888,1.14891,3.00,1.87
2018.10.22 12:18:00.219,1.14888,1.1489,4.50,1.00
2018.10.22 12:18:01.211,1.14887,1.14889,1.95,4.50
2018.10.22 12:18:01.480,1.14883,1.14886,2.25,1.31
2018.10.22 12:18:01.903,1.14882,1.14884,1.00,1.50
2018.10.22 12:18:02.078,1.1488,1.14883,1.00,2.62
2018.10.22 12:18:02.877,1.1488,1.14882,2.81,1.00
2018.10.22 12:18:03.035,1.1488,1.14884,2.89,5.51
2018.10.22 12:18:03.088,1.1488,1.14884,10.39,8.51
2018.10.22 12:18:03.942,1.1488,1.14883,2.44,3.37
2018.10.22 12:18:04.690,1.1488,1.14883,2.44,4.50
2018.10.22 12:18:05.479,1.14879,1.14882,2.81,4.69
2018.10.22 12:18:05.754,1.14877,1.14881,2.51,4.76
2018.10.22 12:18:05.861,1.1488,1.14882,1.00,2.25
2018.10.22 12:18:06.381,1.14881,1.14884,1.00,4.39
2018.10.22 12:18:06.819,1.14882,1.14885,5.14,3.00
2018.10.22 12:18:06.872,1.14883,1.14885,2.25,1.00
2018.10.22 12:18:07.191,1.14884,1.14888,1.50,4.39
2018.10.22 12:18:07.740,1.14883,1.14887,5.14,1.95
2018.10.22 12:18:08.373,1.14883,1.14887,4.69,1.20
2018.10.22 12:18:09.209,1.14885,1.14887,1.00,1.12
2018.10.22 12:18:10.918,1.14884,1.14886,1.69,1.50
2018.10.22 12:18:11.024,1.14883,1.14884,1.00,1.50
2018.10.22 12:18:11.129,1.14881,1.14884,4.87,2.25
2018.10.22 12:18:11.287,1.14882,1.14884,1.00,1.57
2018.10.22 12:18:11.464,1.14885,1.14888,3.75,4.57
2018.10.22 12:18:12.546,1.14885,1.14888,1.50,3.07
2018.10.22 12:18:13.078,1.14889,1.1489,1.00,1.95
2018.10.22 12:18:13.132,1.14889,1.14891,2.25,4.87
2018.10.22 12:18:13.689,1.14889,1.14892,3.82,1.95
2018.10.22 12:18:14.200,1.1489,1.14892,1.00,2.25
2018.10.22 12:18:14.833,1.14891,1.14892,1.00,1.50
2018.10.22 12:18:15.351,1.1489,1.14893,1.50,3.07
2018.10.22 12:18:15.885,1.1489,1.14892,3.00,1.00
2018.10.22 12:18:16.401,1.14891,1.14893,1.00,1.12
2018.10.22 12:18:16.509,1.14893,1.14894,1.00,1.10
2018.10.22 12:18:17.049,1.14893,1.14895,2.25,1.57
2018.10.22 12:18:17.648,1.14894,1.14896,1.00,3.00
2018.10.22 12:18:21.426,1.14893,1.14896,1.00,3.00
2018.10.22 12:18:22.265,1.14894,1.14896,1.00,4.95
2018.10.22 12:18:25.468,1.14892,1.14896,7.95,4.39
2018.10.22 12:18:29.393,1.14895,1.14897,1.00,2.32
2018.10.22 12:18:30.161,1.14894,1.14895,1.00,3.37
2018.10.22 12:18:30.474,1.14892,1.14894,1.00,2.25
2018.10.22 12:18:33.761,1.14893,1.14895,1.50,1.12
2018.10.22 12:18:34.277,1.14895,1.14897,1.25,2.81
2018.10.22 12:18:34.799,1.14892,1.14895,5.70,2.06
2018.10.22 12:18:35.116,1.14892,1.14894,1.00,1.19
2018.10.22 12:18:35.784,1.14892,1.14894,1.00,1.25
2018.10.22 12:18:36.320,1.14893,1.14895,3.00,1.00
2018.10.22 12:18:37.338,1.14896,1.14897,1.00,1.57
2018.10.22 12:18:38.124,1.14895,1.14897,2.25,1.31
2018.10.22 12:18:39.609,1.14894,1.14895,2.44,1.00
2018.10.22 12:18:39.717,1.14892,1.14895,1.95,5.14
2018.10.22 12:18:41.004,1.14893,1.14895,1.25,1.50
2018.10.22 12:18:41.112,1.14895,1.14896,5.62,1.00
2018.10.22 12:18:41.651,1.14894,1.14896,1.25,1.20
2018.10.22 12:18:43.795,1.14892,1.14893,2.25,1.00
2018.10.22 12:18:44.335,1.14892,1.14893,1.00,1.00
2018.10.22 12:18:47.497,1.14892,1.14894,1.00,2.66
2018.10.22 12:18:48.041,1.14892,1.14894,1.00,3.26
2018.10.22 12:18:48.779,1.14892,1.14894,1.00,2.62
2018.10.22 12:18:50.353,1.14891,1.14894,1.00,3.82
2018.10.22 12:18:50.682,1.14888,1.14889,1.00,1.00
2018.10.22 12:18:50.894,1.1489,1.14892,1.69,1.00
2018.10.22 12:18:51.056,1.14888,1.1489,7.24,1.50
2018.10.22 12:18:51.270,1.14885,1.14888,2.89,1.20
2018.10.22 12:18:51.793,1.14886,1.14889,1.95,2.70
2018.10.22 12:18:52.307,1.14889,1.14891,1.00,4.57
2018.10.22 12:18:52.412,1.1489,1.14892,1.50,1.00
2018.10.22 12:18:52.957,1.14889,1.14891,1.69,1.20
2018.10.22 12:18:53.853,1.14889,1.1489,1.25,1.00
2018.10.22 12:18:54.361,1.14889,1.14891,1.69,2.44
2018.10.22 12:18:54.570,1.14886,1.1489,9.45,1.12
2018.10.22 12:18:55.124,1.14886,1.14889,3.00,1.25
2018.10.22 12:18:55.361,1.14888,1.1489,1.00,2.06
2018.10.22 12:18:55.679,1.1489,1.14892,1.31,1.00
2018.10.22 12:18:56.181,1.14891,1.14893,1.50,1.00
2018.10.22 12:18:57.091,1.14894,1.14895,1.00,3.82
2018.10.22 12:18:57.612,1.14894,1.14896,1.00,1.95
2018.10.22 12:18:57.959,1.14891,1.14893,2.25,2.70
2018.10.22 12:18:58.476,1.14892,1.14893,1.00,1.39
2018.10.22 12:18:59.240,1.14891,1.14892,1.00,1.00
2018.10.22 12:18:59.504,1.14891,1.14894,1.50,2.06
2018.10.22 12:19:00.077,1.14892,1.14894,4.31,1.00
2018.10.22 12:19:00.583,1.14894,1.14895,1.50,1.50
2018.10.22 12:19:01.682,1.14894,1.14896,1.00,2.06
2018.10.22 12:19:02.188,1.14894,1.14897,2.25,2.25
2018.10.22 12:19:04.416,1.14897,1.14898,5.47,1.20
2018.10.22 12:19:04.524,1.14899,1.14901,1.00,2.25
2018.10.22 12:19:04.578,1.14901,1.14902,11.47,1.20
2018.10.22 12:19:04.764,1.14903,1.14904,3.00,1.00
2018.10.22 12:19:04.870,1.14904,1.14906,1.95,1.50
2018.10.22 12:19:05.395,1.14903,1.14906,10.76,1.39
2018.10.22 12:19:05.904,1.14904,1.14906,1.00,1.00
2018.10.22 12:19:06.435,1.14905,1.14907,1.50,1.00
2018.10.22 12:19:08.789,1.14904,1.14906,1.20,1.50
2018.10.22 12:19:08.842,1.14902,1.14904,6.07,1.00
2018.10.22 12:19:08.896,1.14902,1.14904,1.20,1.00
2018.10.22 12:19:10.716,1.14904,1.14906,1.00,3.45
2018.10.22 12:19:11.034,1.14908,1.14909,1.00,1.00
2018.10.22 12:19:11.203,1.14906,1.14909,2.44,2.25
2018.10.22 12:19:11.266,1.14905,1.14907,4.69,1.00
2018.10.22 12:19:11.371,1.14906,1.14909,1.00,3.19
2018.10.22 12:19:12.004,1.14905,1.14909,10.24,1.50
2018.10.22 12:19:12.211,1.14907,1.14909,1.25,1.69
2018.10.22 12:19:12.626,1.14905,1.14908,3.37,1.25
2018.10.22 12:19:13.064,1.14905,1.14908,3.19,2.44
2018.10.22 12:19:13.116,1.14905,1.14908,2.25,1.25
2018.10.22 12:19:14.761,1.14906,1.14908,1.00,1.25
2018.10.22 12:19:15.267,1.14905,1.14909,1.95,2.70
2018.10.22 12:19:15.621,1.14905,1.14908,2.89,2.32
2018.10.22 12:19:16.032,1.14906,1.14909,1.50,1.12
2018.10.22 12:19:16.248,1.14908,1.1491,2.25,1.50
2018.10.22 12:19:17.633,1.14909,1.1491,1.39,1.00
2018.10.22 12:19:17.798,1.14914,1.14916,1.35,1.20
2018.10.22 12:19:18.166,1.14912,1.14913,1.39,1.00
2018.10.22 12:19:18.304,1.1491,1.14913,2.62,1.00
2018.10.22 12:19:18.929,1.14909,1.14911,1.50,1.00
2018.10.22 12:19:19.084,1.14906,1.14909,1.00,1.69
2018.10.22 12:19:19.770,1.14906,1.14909,1.00,1.39
2018.10.22 12:19:20.301,1.14906,1.14909,1.00,2.14
2018.10.22 12:19:20.826,1.14907,1.14909,3.19,1.00
2018.10.22 12:19:20.922,1.14909,1.1491,1.31,1.00
2018.10.22 12:19:20.976,1.1491,1.14912,3.00,1.00
2018.10.22 12:19:21.800,1.1491,1.14913,1.69,3.56
2018.10.22 12:19:22.019,1.1491,1.14913,1.50,2.51
2018.10.22 12:19:22.384,1.14908,1.14911,5.51,3.45
2018.10.22 12:19:22.720,1.14906,1.14908,1.50,1.39
2018.10.22 12:19:23.559,1.1491,1.14911,1.00,1.00
2018.10.22 12:19:23.664,1.1491,1.14913,1.69,1.12
2018.10.22 12:19:25.672,1.14911,1.14914,3.00,3.45
2018.10.22 12:19:27.060,1.1491,1.14914,1.50,2.70
2018.10.22 12:19:27.686,1.14911,1.14914,1.00,4.95
2018.10.22 12:19:28.324,1.1491,1.14914,1.50,3.45
2018.10.22 12:19:29.909,1.14909,1.1491,1.50,1.50
2018.10.22 12:19:30.056,1.14907,1.14909,1.00,1.00
2018.10.22 12:19:30.109,1.14905,1.14909,3.26,1.45
2018.10.22 12:19:30.619,1.14906,1.14909,1.00,3.45
2018.10.22 12:19:30.726,1.14904,1.14908,3.07,3.45
2018.10.22 12:19:31.262,1.14905,1.14908,1.00,4.12
2018.10.22 12:19:31.966,1.14905,1.14908,4.69,3.45
2018.10.22 12:19:32.552,1.14905,1.14908,5.44,3.45
2018.10.22 12:19:37.927,1.14904,1.14908,7.76,3.00
2018.10.22 12:19:38.083,1.14903,1.14905,8.70,1.00
2018.10.22 12:19:38.187,1.14902,1.14904,5.17,3.00
2018.10.22 12:19:39.007,1.14901,1.14903,1.25,1.00
2018.10.22 12:19:39.614,1.149,1.14904,7.01,1.00
2018.10.22 12:19:42.023,1.14903,1.14905,1.19,10.95
2018.10.22 12:19:42.182,1.14904,1.14906,5.14,1.00
2018.10.22 12:19:42.687,1.14903,1.14907,1.72,1.95
2018.10.22 12:19:44.693,1.14903,1.14906,3.86,1.20
2018.10.22 12:19:45.203,1.14904,1.14906,1.50,1.00
2018.10.22 12:19:46.656,1.14903,1.14905,3.22,1.50
2018.10.22 12:19:47.178,1.14902,1.14904,3.00,1.50
2018.10.22 12:19:47.403,1.149,1.14903,1.25,1.00
2018.10.22 12:19:47.990,1.14901,1.14904,1.95,3.45
2018.10.22 12:19:49.616,1.14901,1.14903,1.00,1.00
2018.10.22 12:19:50.343,1.149,1.14904,1.69,4.20
2018.10.22 12:19:52.707,1.149,1.14903,1.69,1.00
2018.10.22 12:19:53.238,1.14901,1.14903,1.00,1.00
2018.10.22 12:19:53.594,1.149,1.14901,1.00,2.06
2018.10.22 12:19:53.701,1.14897,1.14899,1.00,4.20
2018.10.22 12:19:54.234,1.14895,1.14899,2.44,2.89
2018.10.22 12:19:54.774,1.14894,1.14898,7.39,1.50
2018.10.22 12:19:55.034,1.14894,1.14898,2.89,1.00
2018.10.22 12:19:55.910,1.14895,1.14898,1.00,1.00
2018.10.22 12:19:56.428,1.14894,1.14898,2.32,1.00
2018.10.22 12:19:57.221,1.14894,1.14898,6.07,1.69
2018.10.22 12:19:57.746,1.14894,1.14898,8.14,1.00
2018.10.22 12:19:58.286,1.14894,1.14897,2.70,3.00
2018.10.22 12:19:58.831,1.14895,1.14897,1.25,2.25
2018.10.22 12:20:00.289,1.14894,1.14897,1.00,3.82
2018.10.22 12:20:00.486,1.14892,1.14894,3.64,1.50
2018.10.22 12:20:00.747,1.14885,1.14888,1.00,3.45
2018.10.22 12:20:00.976,1.14888,1.1489,1.00,3.45
2018.10.22 12:20:01.188,1.14886,1.14889,3.00,4.69
2018.10.22 12:20:01.241,1.14885,1.14888,1.69,1.45
2018.10.22 12:20:01.779,1.14884,1.14887,5.06,3.19
2018.10.22 12:20:02.303,1.14886,1.14888,1.00,1.20
2018.10.22 12:20:02.981,1.14885,1.14888,1.00,3.45
2018.10.22 12:20:03.501,1.14884,1.14888,4.50,2.70
2018.10.22 12:20:04.002,1.14885,1.14888,1.00,1.95
2018.10.22 12:20:04.322,1.14888,1.14889,1.95,1.00
2018.10.22 12:20:04.510,1.14886,1.14889,1.69,1.00
2018.10.22 12:20:05.344,1.14886,1.1489,9.04,3.45
2018.10.22 12:20:05.522,1.14888,1.1489,1.00,1.00
2018.10.22 12:20:06.058,1.14887,1.1489,2.62,1.00
2018.10.22 12:20:06.560,1.14888,1.1489,2.25,1.00
2018.10.22 12:20:06.892,1.1489,1.14892,1.50,1.20
2018.10.22 12:20:07.537,1.1489,1.14893,1.95,2.70
2018.10.22 12:20:07.910,1.14894,1.14895,1.50,1.95
2018.10.22 12:20:08.508,1.14894,1.14896,1.00,2.25
2018.10.22 12:20:11.749,1.14894,1.14895,1.35,1.00
2018.10.22 12:20:13.178,1.14892,1.14895,2.14,3.45
2018.10.22 12:20:13.389,1.1489,1.14894,1.87,3.82
2018.10.22 12:20:15.274,1.1489,1.14893,5.62,1.00
2018.10.22 12:20:15.672,1.14892,1.14894,1.00,1.50
2018.10.22 12:20:15.982,1.14894,1.14896,1.54,1.00
2018.10.22 12:20:16.621,1.14895,1.14897,1.00,2.25
2018.10.22 12:20:24.624,1.14896,1.14897,1.50,1.50
2018.10.22 12:20:25.144,1.14895,1.14897,1.00,1.95
2018.10.22 12:20:27.221,1.14894,1.14896,3.56,1.50
2018.10.22 12:20:27.738,1.14895,1.14897,1.00,1.95
2018.10.22 12:20:28.167,1.14901,1.14902,2.10,1.95
2018.10.22 12:20:28.277,1.14902,1.14904,1.00,1.50
2018.10.22 12:20:28.383,1.14905,1.14906,1.00,2.51
2018.10.22 12:20:28.439,1.14905,1.14908,5.70,3.07
2018.10.22 12:20:28.715,1.14904,1.14905,1.25,1.50
2018.10.22 12:20:28.820,1.14902,1.14904,1.37,1.20
2018.10.22 12:20:29.137,1.14904,1.14907,1.69,2.51
2018.10.22 12:20:29.371,1.14902,1.14905,1.37,2.70
2018.10.22 12:20:29.685,1.14905,1.14906,1.00,1.50
2018.10.22 12:20:29.739,1.14905,1.14907,1.00,1.95
2018.10.22 12:20:30.267,1.14906,1.14907,1.69,1.00
2018.10.22 12:20:30.916,1.14906,1.14908,1.69,1.00
2018.10.22 12:20:31.472,1.14906,1.14909,1.25,2.25
2018.10.22 12:20:32.011,1.14907,1.1491,1.69,3.19
2018.10.22 12:20:32.724,1.14906,1.1491,6.83,2.70
2018.10.22 12:20:33.296,1.14907,1.1491,1.25,6.64
2018.10.22 12:20:33.806,1.14906,1.1491,4.20,6.64
2018.10.22 12:20:34.215,1.14908,1.1491,1.69,1.00
2018.10.22 12:20:34.512,1.14914,1.14916,1.00,1.20
2018.10.22 12:20:35.209,1.14913,1.14915,4.31,1.00
2018.10.22 12:20:35.736,1.14913,1.14915,2.25,1.00
2018.10.22 12:20:36.248,1.14913,1.14916,2.25,1.00
2018.10.22 12:20:36.570,1.14915,1.14917,1.50,2.32
2018.10.22 12:20:37.109,1.14915,1.14918,2.25,1.00
2018.10.22 12:20:37.422,1.14913,1.14917,6.11,2.62
2018.10.22 12:20:37.483,1.14913,1.14915,1.87,1.00
2018.10.22 12:20:37.811,1.1491,1.14913,2.44,1.00
2018.10.22 12:20:38.334,1.1491,1.14912,1.00,1.00
2018.10.22 12:20:39.726,1.1491,1.14912,1.69,1.00
2018.10.22 12:20:40.254,1.1491,1.14913,3.19,1.00
2018.10.22 12:20:40.708,1.14913,1.14915,3.37,1.45
2018.10.22 12:20:40.762,1.14913,1.14916,5.81,3.56
2018.10.22 12:20:41.296,1.14912,1.14916,10.54,4.20
2018.10.22 12:20:41.816,1.14913,1.14915,1.12,2.25
2018.10.22 12:20:42.620,1.14913,1.14916,4.31,2.44
2018.10.22 12:20:42.673,1.14916,1.14917,1.00,1.20
2018.10.22 12:20:42.727,1.14916,1.14918,1.57,1.00
2018.10.22 12:20:43.254,1.14917,1.14919,1.25,2.70
2018.10.22 12:20:43.411,1.14915,1.14917,3.56,1.95
2018.10.22 12:20:43.962,1.14915,1.14917,1.12,4.01
2018.10.22 12:20:44.327,1.14916,1.14918,1.00,3.45
2018.10.22 12:20:44.846,1.14917,1.14918,1.69,1.00
2018.10.22 12:20:45.499,1.14918,1.1492,3.00,1.87
2018.10.22 12:20:45.820,1.14917,1.1492,1.12,4.01
2018.10.22 12:20:46.364,1.14917,1.1492,1.12,6.08
2018.10.22 12:20:46.677,1.14915,1.14917,8.44,1.50
2018.10.22 12:20:46.989,1.14912,1.14914,3.75,1.00
2018.10.22 12:20:47.535,1.14912,1.14915,4.50,4.50
2018.10.22 12:20:48.060,1.14912,1.14915,5.25,4.95
2018.10.22 12:20:48.572,1.14913,1.14915,2.06,1.20
2018.10.22 12:20:49.095,1.14912,1.14914,2.29,1.00
2018.10.22 12:20:49.614,1.14912,1.14914,1.91,1.20
2018.10.22 12:20:51.605,1.14913,1.14915,1.00,2.70
2018.10.22 12:20:51.941,1.14919,1.1492,1.00,1.00
2018.10.22 12:20:52.450,1.14917,1.1492,3.19,1.20
2018.10.22 12:20:52.751,1.14919,1.14922,4.31,1.95
2018.10.22 12:20:53.276,1.14919,1.14922,5.29,3.00
2018.10.22 12:20:53.432,1.14918,1.1492,2.06,1.50
2018.10.22 12:20:53.971,1.14918,1.14919,1.00,1.00
2018.10.22 12:20:55.459,1.14915,1.14916,3.94,1.50
2018.10.22 12:20:55.632,1.14916,1.14918,1.12,3.17
2018.10.22 12:20:55.944,1.14915,1.14917,1.69,1.00
2018.10.22 12:20:56.325,1.14916,1.14918,2.06,3.07
2018.10.22 12:20:56.622,1.14914,1.14915,1.25,1.00
2018.10.22 12:20:57.130,1.14912,1.14914,2.25,1.00
2018.10.22 12:20:58.813,1.14912,1.14914,2.25,1.95
2018.10.22 12:20:59.332,1.14911,1.14913,1.69,2.25
2018.10.22 12:20:59.779,1.14908,1.14909,1.00,1.00
2018.10.22 12:21:00.306,1.14908,1.1491,1.50,7.20
2018.10.22 12:21:01.004,1.14908,1.14909,1.00,1.00
2018.10.22 12:21:01.972,1.14907,1.14909,3.56,1.50
2018.10.22 12:21:02.506,1.14907,1.1491,2.81,6.45
2018.10.22 12:21:03.030,1.14907,1.14909,3.56,1.50
2018.10.22 12:21:03.578,1.14907,1.1491,3.26,4.57
2018.10.22 12:21:04.138,1.14908,1.1491,1.00,1.00
2018.10.22 12:21:04.442,1.1491,1.14912,1.00,2.62
2018.10.22 12:21:04.964,1.1491,1.14911,1.00,1.50
2018.10.22 12:21:05.495,1.14909,1.14912,3.56,1.00
2018.10.22 12:21:06.361,1.14909,1.14912,2.81,3.45
2018.10.22 12:21:06.711,1.14907,1.14909,3.94,1.95
2018.10.22 12:21:07.332,1.14909,1.14911,3.19,1.50
2018.10.22 12:21:10.129,1.14908,1.1491,1.69,3.00
2018.10.22 12:21:10.648,1.14908,1.14909,1.25,1.00
2018.10.22 12:21:11.209,1.14908,1.1491,1.69,5.14
2018.10.22 12:21:11.742,1.14908,1.14909,1.69,1.00
2018.10.22 12:21:14.743,1.14907,1.14908,2.44,1.00
2018.10.22 12:21:15.265,1.14907,1.14909,2.44,1.50
2018.10.22 12:21:16.573,1.14904,1.14906,7.57,3.04
2018.10.22 12:21:16.886,1.14898,1.14901,1.12,2.25
2018.10.22 12:21:17.341,1.14901,1.14903,1.00,1.45
2018.10.22 12:21:17.393,1.14901,1.14903,1.69,1.00
2018.10.22 12:21:18.477,1.14902,1.14904,1.50,3.00
2018.10.22 12:21:19.009,1.14902,1.14903,1.00,1.00
2018.10.22 12:21:19.527,1.14902,1.14904,1.00,3.00
2018.10.22 12:21:20.182,1.14902,1.14904,1.00,2.14
2018.10.22 12:21:20.757,1.14901,1.14903,1.25,2.25
2018.10.22 12:21:20.810,1.14898,1.149,4.31,2.50
2018.10.22 12:21:21.135,1.14901,1.14902,1.00,1.50
2018.10.22 12:21:21.240,1.14901,1.14904,1.20,2.70
2018.10.22 12:21:21.743,1.14901,1.14904,1.00,3.45
2018.10.22 12:21:22.247,1.149,1.14903,2.89,1.57
2018.10.22 12:21:22.301,1.14898,1.149,2.14,1.50
2018.10.22 12:21:22.406,1.14896,1.14899,2.14,1.50
2018.10.22 12:21:22.949,1.14895,1.14899,1.50,7.20
2018.10.22 12:21:23.455,1.14895,1.14898,1.50,1.00
2018.10.22 12:21:23.986,1.14895,1.14899,1.50,5.89
2018.10.22 12:21:24.518,1.14895,1.14898,2.25,2.70
2018.10.22 12:21:25.095,1.14896,1.14898,1.00,1.00
2018.10.22 12:21:25.262,1.14899,1.149,1.50,4.50
2018.10.22 12:21:25.421,1.14901,1.14903,1.00,1.00
2018.10.22 12:21:25.743,1.14904,1.14905,1.00,1.20
2018.10.22 12:21:26.118,1.14905,1.14907,1.12,2.25
2018.10.22 12:21:26.669,1.14903,1.14906,7.01,1.00
2018.10.22 12:21:27.266,1.14904,1.14906,1.50,1.00
2018.10.22 12:21:27.724,1.14901,1.14904,2.62,1.00
2018.10.22 12:21:28.259,1.14901,1.14904,4.12,1.50
2018.10.22 12:21:28.802,1.14901,1.14904,3.75,1.00
2018.10.22 12:21:29.408,1.14902,1.14904,1.50,1.50
2018.10.22 12:21:30.514,1.14902,1.14905,1.50,2.89
2018.10.22 12:21:31.110,1.14902,1.14904,1.00,1.00
2018.10.22 12:21:31.728,1.14901,1.14905,2.25,7.76
2018.10.22 12:21:32.347,1.14901,1.14904,4.50,1.00
2018.10.22 12:21:32.894,1.14901,1.14905,3.75,9.82
2018.10.22 12:21:33.997,1.14901,1.14904,2.25,1.00
2018.10.22 12:21:34.050,1.14903,1.14905,1.00,3.82
2018.10.22 12:21:34.355,1.14905,1.14907,1.50,2.70
2018.10.22 12:21:37.379,1.14905,1.14908,2.44,2.06
2018.10.22 12:21:37.695,1.14902,1.14905,1.25,5.25
2018.10.22 12:21:38.359,1.14902,1.14905,1.25,12.45
2018.10.22 12:21:38.681,1.14898,1.149,1.25,2.89
2018.10.22 12:21:39.523,1.14898,1.14899,1.50,1.00
2018.10.22 12:21:40.025,1.14897,1.14899,2.32,1.00
2018.10.22 12:21:40.923,1.14897,1.149,1.57,4.20
2018.10.22 12:21:41.238,1.149,1.14903,1.00,1.50
2018.10.22 12:21:42.330,1.14901,1.14903,1.00,1.00
2018.10.22 12:21:42.867,1.14901,1.14904,3.07,3.45
2018.10.22 12:21:43.399,1.14901,1.14904,1.12,1.95
2018.10.22 12:21:44.364,1.14903,1.14904,1.00,1.20
2018.10.22 12:21:44.867,1.14903,1.14905,2.25,4.95
2018.10.22 12:21:45.231,1.14904,1.14907,7.12,5.89
2018.10.22 12:21:45.767,1.14904,1.14906,1.87,1.50
2018.10.22 12:21:45.926,1.14902,1.14904,2.25,2.25
2018.10.22 12:21:47.440,1.14901,1.14903,1.50,1.50
2018.10.22 12:21:47.964,1.14902,1.14903,1.00,2.25
2018.10.22 12:21:48.877,1.14901,1.14903,2.89,2.75
2018.10.22 12:21:48.930,1.14902,1.14904,1.00,5.89
2018.10.22 12:21:49.876,1.14902,1.14903,1.00,1.25
2018.10.22 12:21:50.400,1.14901,1.14903,5.51,1.25
2018.10.22 12:21:50.934,1.14902,1.14904,1.95,2.75
2018.10.22 12:21:51.452,1.14901,1.14903,3.45,1.25
2018.10.22 12:21:52.036,1.14901,1.14903,3.64,1.25
2018.10.22 12:21:52.568,1.14901,1.14903,3.64,1.25
2018.10.22 12:21:53.280,1.14901,1.14904,4.58,2.25
2018.10.22 12:21:53.801,1.14901,1.14903,4.39,1.25
2018.10.22 12:21:54.267,1.14904,1.14905,1.25,2.44
2018.10.22 12:21:54.695,1.14902,1.14904,3.00,1.00
2018.10.22 12:21:55.110,1.14906,1.14907,1.00,1.95
2018.10.22 12:21:55.163,1.14903,1.14904,7.61,1.00
2018.10.22 12:21:55.424,1.14904,1.14906,1.95,3.75
2018.10.22 12:21:55.476,1.14903,1.14904,3.19,1.50
2018.10.22 12:21:56.006,1.14903,1.14905,2.25,3.75
2018.10.22 12:21:56.321,1.14906,1.14907,1.00,1.00
2018.10.22 12:21:56.927,1.14907,1.14908,1.00,1.20
2018.10.22 12:21:57.793,1.14907,1.14909,1.00,1.00
2018.10.22 12:21:58.388,1.14906,1.14908,2.25,1.20
2018.10.22 12:21:58.704,1.14902,1.14904,2.89,1.00
2018.10.22 12:21:59.017,1.14904,1.14906,1.00,1.50
2018.10.22 12:21:59.385,1.14904,1.14907,1.20,3.07
2018.10.22 12:22:00.089,1.14905,1.14907,1.00,2.32
2018.10.22 12:22:00.407,1.14908,1.1491,3.94,1.57
2018.10.22 12:22:00.915,1.14907,1.14909,1.25,3.82
2018.10.22 12:22:01.815,1.14907,1.14908,1.00,1.00
2018.10.22 12:22:02.096,1.14901,1.14902,1.25,1.50
2018.10.22 12:22:02.200,1.149,1.14902,2.62,1.50
2018.10.22 12:22:02.255,1.149,1.14904,4.12,3.82
2018.10.22 12:22:02.758,1.149,1.14903,5.06,1.50
2018.10.22 12:22:03.236,1.14903,1.14904,1.00,2.25
2018.10.22 12:22:03.783,1.14902,1.14904,1.00,1.50
2018.10.22 12:22:04.351,1.14901,1.14904,2.62,2.25
2018.10.22 12:22:05.403,1.14901,1.14903,1.50,1.00
2018.10.22 12:22:05.952,1.14901,1.14904,1.00,4.12
2018.10.22 12:22:09.221,1.14902,1.14905,1.12,5.14
2018.10.22 12:22:09.577,1.14905,1.14907,1.00,1.87
2018.10.22 12:22:09.997,1.14907,1.14909,1.50,1.69
2018.10.22 12:22:13.875,1.14907,1.14909,1.50,2.44
2018.10.22 12:22:14.391,1.14907,1.14909,1.00,1.25
2018.10.22 12:22:15.010,1.14907,1.14909,1.00,2.14
2018.10.22 12:22:15.530,1.14906,1.14909,1.00,2.89
2018.10.22 12:22:16.085,1.14905,1.14909,4.69,2.89
2018.10.22 12:22:16.476,1.14907,1.14909,1.00,1.00
2018.10.22 12:22:17.376,1.1491,1.14911,2.25,1.95
2018.10.22 12:22:17.482,1.14911,1.14914,1.50,2.06
2018.10.22 12:22:18.033,1.14911,1.14914,1.69,4.95
2018.10.22 12:22:18.541,1.14911,1.14914,1.00,4.20
2018.10.22 12:22:19.068,1.1491,1.14914,2.81,4.95
2018.10.22 12:22:19.302,1.1491,1.14912,2.06,1.00
2018.10.22 12:22:19.409,1.14908,1.1491,1.00,3.82
2018.10.22 12:22:19.518,1.14906,1.1491,6.94,5.70
2018.10.22 12:22:19.622,1.14906,1.14909,3.19,2.89
2018.10.22 12:22:20.409,1.14906,1.14909,3.00,2.14
2018.10.22 12:22:20.881,1.14908,1.1491,1.00,3.75
2018.10.22 12:22:21.211,1.1491,1.14913,1.69,2.25
2018.10.22 12:22:24.439,1.14908,1.1491,3.07,2.44
2018.10.22 12:22:24.543,1.14907,1.1491,1.25,9.26
2018.10.22 12:22:25.306,1.14906,1.14908,1.69,1.20
2018.10.22 12:22:25.413,1.14905,1.14908,3.19,4.76
2018.10.22 12:22:25.975,1.14906,1.14908,1.00,1.95
2018.10.22 12:22:29.294,1.14905,1.14909,4.20,3.64
2018.10.22 12:22:30.830,1.14905,1.14907,2.70,1.00
2018.10.22 12:22:31.523,1.14903,1.14905,4.31,1.00
2018.10.22 12:22:31.997,1.14902,1.14904,1.00,1.50
2018.10.22 12:22:35.943,1.14903,1.14904,1.00,1.50
2018.10.22 12:22:36.509,1.14902,1.14903,1.00,1.00
2018.10.22 12:22:37.057,1.14902,1.14904,1.00,1.00
2018.10.22 12:22:37.608,1.14901,1.14904,2.44,1.00
2018.10.22 12:22:38.893,1.14902,1.14905,1.50,4.57
2018.10.22 12:22:38.999,1.14904,1.14906,1.00,3.82
2018.10.22 12:22:39.210,1.14905,1.14908,2.70,1.57
2018.10.22 12:22:39.369,1.14903,1.14905,1.95,3.37
2018.10.22 12:22:39.554,1.14901,1.14905,6.56,8.32
2018.10.22 12:22:39.661,1.14903,1.14904,1.00,1.00
2018.10.22 12:22:39.817,1.14905,1.14907,1.20,1.00
2018.10.22 12:22:40.188,1.14906,1.14909,1.00,3.26
2018.10.22 12:22:41.144,1.14906,1.14909,3.00,2.89
2018.10.22 12:22:41.698,1.14906,1.14909,3.00,2.44
2018.10.22 12:22:43.240,1.14907,1.14909,1.00,1.95
2018.10.22 12:22:43.348,1.14909,1.14911,2.50,2.70
2018.10.22 12:22:43.401,1.1491,1.14912,1.00,3.75
2018.10.22 12:22:44.859,1.1491,1.14913,3.07,1.20
2018.10.22 12:22:44.912,1.14914,1.14915,1.00,2.81
2018.10.22 12:22:45.071,1.14914,1.14917,3.75,1.50
2018.10.22 12:22:45.611,1.14914,1.14917,1.50,1.12
2018.10.22 12:22:46.213,1.14915,1.14918,2.25,2.81
2018.10.22 12:22:46.527,1.14918,1.14919,1.00,1.20
2018.10.22 12:22:46.946,1.14916,1.14919,2.70,1.10
2018.10.22 12:22:48.673,1.14916,1.14918,2.89,1.25
2018.10.22 12:22:48.862,1.14918,1.1492,1.00,3.00
2018.10.22 12:22:49.021,1.14919,1.14923,5.32,2.51
2018.10.22 12:22:49.126,1.14919,1.14921,2.44,1.00
2018.10.22 12:22:49.284,1.14916,1.1492,2.70,4.87
2018.10.22 12:22:49.502,1.14919,1.14921,1.00,1.12
2018.10.22 12:22:50.022,1.14918,1.14921,1.20,1.76
2018.10.22 12:22:50.464,1.14917,1.14918,1.00,2.44
2018.10.22 12:22:50.516,1.14915,1.14918,1.00,1.69
2018.10.22 12:22:51.002,1.14917,1.14919,1.00,1.39
2018.10.22 12:22:51.319,1.1492,1.14921,1.25,1.00
2018.10.22 12:22:51.476,1.1492,1.14923,2.32,2.14
2018.10.22 12:22:52.011,1.1492,1.14922,1.20,1.25
2018.10.22 12:22:52.646,1.14919,1.14922,1.00,1.25
2018.10.22 12:22:53.214,1.14919,1.14921,1.50,1.00
2018.10.22 12:22:53.753,1.14918,1.14921,2.70,1.50
2018.10.22 12:22:54.680,1.1492,1.14921,1.00,1.20
2018.10.22 12:22:54.733,1.1492,1.14923,1.00,5.14
2018.10.22 12:22:55.259,1.14921,1.14923,1.20,1.00
2018.10.22 12:22:56.784,1.1492,1.14923,2.62,1.00
2018.10.22 12:22:57.605,1.14919,1.14923,2.89,4.57
2018.10.22 12:22:58.277,1.14919,1.14923,1.95,4.57
2018.10.22 12:22:58.802,1.14919,1.14922,2.70,1.00
2018.10.22 12:23:00.100,1.14918,1.14919,5.89,1.25
2018.10.22 12:23:00.684,1.14916,1.14919,1.20,2.44
2018.10.22 12:23:01.146,1.14915,1.14917,2.70,1.00
2018.10.22 12:23:01.475,1.14914,1.14916,1.50,1.25
2018.10.22 12:23:02.910,1.14915,1.14916,1.00,1.50
2018.10.22 12:23:04.627,1.14915,1.14917,1.50,1.50
2018.10.22 12:23:05.541,1.14916,1.14917,1.00,1.25
2018.10.22 12:23:06.217,1.14915,1.14917,1.50,1.00
2018.10.22 12:23:06.733,1.14916,1.14917,1.00,1.00
2018.10.22 12:23:10.062,1.14918,1.14919,1.00,1.25
2018.10.22 12:23:10.580,1.14918,1.1492,1.00,3.75
2018.10.22 12:23:13.282,1.14918,1.14919,1.00,2.44
2018.10.22 12:23:13.813,1.1492,1.14922,1.00,2.81
2018.10.22 12:23:14.329,1.1492,1.14922,1.50,1.31
2018.10.22 12:23:16.838,1.14918,1.14919,1.10,3.00
2018.10.22 12:23:16.897,1.14917,1.14919,2.25,3.75
2018.10.22 12:23:17.737,1.14915,1.14918,4.87,1.12
2018.10.22 12:23:18.287,1.14916,1.14918,1.00,2.32
2018.10.22 12:23:18.933,1.14916,1.14917,1.00,2.25
2018.10.22 12:23:19.435,1.14916,1.14918,1.00,1.20
2018.10.22 12:23:20.478,1.14913,1.14914,2.32,1.50
2018.10.22 12:23:20.585,1.14912,1.14914,1.50,2.44
2018.10.22 12:23:21.664,1.14912,1.14914,1.00,6.26
2018.10.22 12:23:21.717,1.1491,1.14914,2.89,7.24
2018.10.22 12:23:22.062,1.14912,1.14914,1.00,1.50
2018.10.22 12:23:23.284,1.14913,1.14914,1.00,1.50
2018.10.22 12:23:23.771,1.14911,1.14914,1.50,4.01
2018.10.22 12:23:24.820,1.1491,1.14912,1.00,1.50
2018.10.22 12:23:24.879,1.14909,1.1491,1.00,12.15
2018.10.22 12:23:24.985,1.14907,1.14909,1.00,1.87
2018.10.22 12:23:25.194,1.14909,1.14911,1.50,2.32
2018.10.22 12:23:25.247,1.14909,1.14911,3.82,1.50
2018.10.22 12:23:26.405,1.14909,1.14911,1.50,5.06
2018.10.22 12:23:26.511,1.14907,1.14909,1.25,1.50
2018.10.22 12:23:27.048,1.14906,1.14909,1.69,3.00
2018.10.22 12:23:27.599,1.14906,1.14909,1.76,3.07
2018.10.22 12:23:28.340,1.14909,1.1491,1.00,1.95
2018.10.22 12:23:28.445,1.1491,1.14912,1.00,2.25
2018.10.22 12:23:28.971,1.1491,1.14912,1.00,2.25
2018.10.22 12:23:29.453,1.14911,1.14913,1.00,1.00
2018.10.22 12:23:31.120,1.14911,1.14913,1.25,1.57
2018.10.22 12:23:32.097,1.1491,1.14912,1.00,1.69
2018.10.22 12:23:33.165,1.1491,1.14912,1.50,1.12
2018.10.22 12:23:35.343,1.1491,1.14913,1.69,3.00
2018.10.22 12:23:35.396,1.14911,1.14913,1.00,1.50
2018.10.22 12:23:36.384,1.14911,1.14913,1.00,3.45
2018.10.22 12:23:36.922,1.1491,1.14913,2.44,1.87
2018.10.22 12:23:37.427,1.1491,1.14912,2.44,1.00
2018.10.22 12:23:38.465,1.14912,1.14914,2.25,1.20
2018.10.22 12:23:38.700,1.14911,1.14913,1.00,2.07
2018.10.22 12:23:40.081,1.14911,1.14913,1.00,1.57
2018.10.22 12:23:40.572,1.14909,1.14911,3.19,2.06
2018.10.22 12:23:40.739,1.1491,1.14912,1.00,2.70
2018.10.22 12:23:41.251,1.14909,1.14912,1.57,1.20
2018.10.22 12:23:41.767,1.14908,1.14911,3.79,1.00
2018.10.22 12:23:43.180,1.1491,1.14911,1.00,1.00
2018.10.22 12:23:43.447,1.14907,1.14909,1.00,3.00
2018.10.22 12:23:43.817,1.14909,1.1491,1.00,1.69
2018.10.22 12:23:44.318,1.14909,1.14912,1.12,3.82
2018.10.22 12:23:45.178,1.14909,1.14912,1.00,6.26
2018.10.22 12:23:45.692,1.1491,1.14912,1.69,1.00
2018.10.22 12:23:47.388,1.14911,1.14912,1.00,1.50
2018.10.22 12:23:51.449,1.14911,1.14914,1.00,2.62
2018.10.22 12:23:51.587,1.14911,1.14912,1.00,1.00
2018.10.22 12:23:52.113,1.1491,1.14913,3.94,2.25
2018.10.22 12:23:52.755,1.14912,1.14914,1.00,3.45
2018.10.22 12:23:53.070,1.14915,1.14916,1.00,1.00
2018.10.22 12:23:53.394,1.14912,1.14914,1.50,4.50
2018.10.22 12:23:53.965,1.14912,1.14913,1.00,1.95
2018.10.22 12:23:59.877,1.14914,1.14917,1.00,7.88
2018.10.22 12:24:01.267,1.14916,1.14917,1.00,1.12
2018.10.22 12:24:03.214,1.14915,1.14918,1.00,8.89
2018.10.22 12:24:04.523,1.14915,1.14917,1.00,1.31
2018.10.22 12:24:05.090,1.14915,1.14917,1.00,1.12
2018.10.22 12:24:05.688,1.14916,1.14918,1.39,1.00
2018.10.22 12:24:07.287,1.14916,1.14919,2.14,3.82
2018.10.22 12:24:07.604,1.14919,1.14921,1.00,1.12
2018.10.22 12:24:07.922,1.14917,1.1492,5.14,1.00
2018.10.22 12:24:08.448,1.14916,1.14919,1.50,2.32
2018.10.22 12:24:08.989,1.14915,1.14918,3.56,1.00
2018.10.22 12:24:09.597,1.14917,1.14919,1.00,3.75
2018.10.22 12:24:10.343,1.14916,1.14919,1.31,3.19
2018.10.22 12:24:10.646,1.14915,1.14917,2.25,1.50
2018.10.22 12:24:12.248,1.14913,1.14915,5.89,1.50
2018.10.22 12:24:12.794,1.14915,1.14917,1.00,1.50
2018.10.22 12:24:13.335,1.14915,1.14917,1.00,1.12
2018.10.22 12:24:14.567,1.14915,1.14917,1.50,3.49
2018.10.22 12:24:15.075,1.14916,1.14917,1.00,2.70
2018.10.22 12:24:15.623,1.14914,1.14916,5.32,1.62
2018.10.22 12:24:16.176,1.14912,1.14914,2.70,2.25
2018.10.22 12:24:16.342,1.14911,1.14913,1.00,1.87
2018.10.22 12:24:16.909,1.1491,1.14913,5.06,1.37
2018.10.22 12:24:17.474,1.14911,1.14913,1.69,1.00
2018.10.22 12:24:17.995,1.14912,1.14914,1.00,3.00
2018.10.22 12:24:19.591,1.14912,1.14914,1.00,4.20
2018.10.22 12:24:20.254,1.14912,1.14915,2.62,7.12
2018.10.22 12:24:20.762,1.14913,1.14915,1.00,3.37
2018.10.22 12:24:21.315,1.14913,1.14915,2.25,1.12
2018.10.22 12:24:21.631,1.14915,1.14917,1.00,4.20
2018.10.22 12:24:22.169,1.14916,1.14917,1.00,1.00
2018.10.22 12:24:22.929,1.14916,1.14918,1.00,2.62
2018.10.22 12:24:28.426,1.14916,1.14919,2.70,3.45
2018.10.22 12:24:28.812,1.14918,1.14919,3.00,1.12
2018.10.22 12:24:29.072,1.14921,1.14923,1.00,1.00
2018.10.22 12:24:29.621,1.14921,1.14924,1.50,2.25
2018.10.22 12:24:30.122,1.14922,1.14925,4.01,1.12
2018.10.22 12:24:30.794,1.14922,1.14926,6.86,7.57
2018.10.22 12:24:31.322,1.14923,1.14926,1.35,2.62
2018.10.22 12:24:31.903,1.14924,1.14926,1.00,2.81
2018.10.22 12:24:32.716,1.14923,1.14926,2.10,1.87
2018.10.22 12:24:32.769,1.14923,1.14925,1.69,1.39
2018.10.22 12:24:33.084,1.14918,1.14919,1.00,1.00
2018.10.22 12:24:33.635,1.14919,1.14922,3.82,1.50
2018.10.22 12:24:34.165,1.14919,1.14922,1.25,2.81
2018.10.22 12:24:34.683,1.1492,1.14922,1.39,1.00
2018.10.22 12:24:35.222,1.14921,1.14922,1.25,1.00
2018.10.22 12:24:35.726,1.14919,1.14922,6.64,1.00
2018.10.22 12:24:36.232,1.1492,1.14922,2.32,1.00
2018.10.22 12:24:37.418,1.14921,1.14924,1.95,6.82
2018.10.22 12:24:38.075,1.14923,1.14925,2.85,3.45
2018.10.22 12:24:38.550,1.14925,1.14926,1.00,1.12
2018.10.22 12:24:39.078,1.14925,1.14927,1.69,1.00
2018.10.22 12:24:39.377,1.1493,1.14932,2.44,1.20
2018.10.22 12:24:39.744,1.14928,1.14931,4.05,1.20
2018.10.22 12:24:39.901,1.1493,1.14931,1.00,2.14
2018.10.22 12:24:39.955,1.14927,1.14929,2.89,1.00
2018.10.22 12:24:40.252,1.14925,1.14929,3.75,6.07
2018.10.22 12:24:40.773,1.14926,1.14927,1.00,2.25
2018.10.22 12:24:41.299,1.14926,1.14928,1.12,3.45
2018.10.22 12:24:41.455,1.14925,1.14927,1.39,3.25
2018.10.22 12:24:41.985,1.14925,1.14927,1.39,1.00
2018.10.22 12:24:42.233,1.14923,1.14925,1.95,3.00
2018.10.22 12:24:42.747,1.14922,1.14924,1.12,1.00
2018.10.22 12:24:43.174,1.14924,1.14925,1.00,1.00
2018.10.22 12:24:43.228,1.14925,1.14928,1.00,3.79
2018.10.22 12:24:43.849,1.14924,1.14927,2.70,2.62
2018.10.22 12:24:44.363,1.14925,1.14926,1.20,1.00
2018.10.22 12:24:47.421,1.14925,1.14927,1.20,1.00
2018.10.22 12:24:51.979,1.14926,1.14928,1.37,2.51
2018.10.22 12:24:52.512,1.14926,1.14928,3.07,1.25
2018.10.22 12:24:52.857,1.14927,1.1493,4.87,1.00
2018.10.22 12:24:53.406,1.14929,1.1493,1.87,1.00
2018.10.22 12:24:54.789,1.14928,1.14929,1.00,3.00
2018.10.22 12:24:54.977,1.14925,1.14928,5.32,1.00
2018.10.22 12:24:55.573,1.14925,1.14928,2.62,3.00
2018.10.22 12:24:56.546,1.14928,1.14929,2.25,1.20
2018.10.22 12:24:56.651,1.1493,1.14932,1.00,3.26
2018.10.22 12:24:58.561,1.14932,1.14934,3.60,2.12
2018.10.22 12:24:58.620,1.14933,1.14935,2.06,6.83
2018.10.22 12:24:59.196,1.14934,1.14935,1.20,1.00
2018.10.22 12:24:59.305,1.14933,1.14937,4.61,3.90
2018.10.22 12:25:00.023,1.14934,1.14937,4.80,2.40
2018.10.22 12:25:00.129,1.14934,1.14936,1.95,1.00
2018.10.22 12:25:00.182,1.14934,1.14937,2.89,2.70
2018.10.22 12:25:00.740,1.14934,1.14935,1.00,1.25
2018.10.22 12:25:00.793,1.14933,1.14935,1.20,3.19
2018.10.22 12:25:00.901,1.14931,1.14934,1.00,2.25
2018.10.22 12:25:02.188,1.14931,1.14934,1.00,4.31
2018.10.22 12:25:02.790,1.14931,1.14934,1.00,4.12
2018.10.22 12:25:03.211,1.14931,1.14933,1.00,1.50
2018.10.22 12:25:03.265,1.14929,1.14931,3.07,1.00
2018.10.22 12:25:03.803,1.14929,1.14931,1.87,1.95
2018.10.22 12:25:04.322,1.14929,1.14931,1.12,1.00
2018.10.22 12:25:05.725,1.14929,1.1493,1.12,1.00
2018.10.22 12:25:05.777,1.14927,1.14928,1.95,1.69
2018.10.22 12:25:06.308,1.14926,1.14928,1.00,3.19
2018.10.22 12:25:06.674,1.14924,1.14928,9.26,3.94
2018.10.22 12:25:07.209,1.14925,1.14928,1.50,3.37
2018.10.22 12:25:07.795,1.14924,1.14928,7.01,2.25
2018.10.22 12:25:08.324,1.14924,1.14928,7.01,1.87
2018.10.22 12:25:08.498,1.14923,1.14924,4.95,1.00
2018.10.22 12:25:08.603,1.14921,1.14924,1.00,7.12
2018.10.22 12:25:08.877,1.14919,1.14923,2.81,7.76
2018.10.22 12:25:09.989,1.14919,1.1492,1.00,2.44
2018.10.22 12:25:10.148,1.14917,1.14919,2.25,6.75
2018.10.22 12:25:10.255,1.14916,1.14917,1.00,1.12
2018.10.22 12:25:10.806,1.14916,1.14918,1.00,1.39
2018.10.22 12:25:11.125,1.14918,1.1492,1.12,1.50
2018.10.22 12:25:11.347,1.14919,1.14922,1.20,6.07
2018.10.22 12:25:11.880,1.14919,1.14921,1.20,1.00
2018.10.22 12:25:12.398,1.14919,1.14922,1.95,2.70
2018.10.22 12:25:13.884,1.1492,1.14922,1.00,2.14
2018.10.22 12:25:14.301,1.14918,1.1492,8.70,4.00
2018.10.22 12:25:14.493,1.14915,1.14917,4.39,1.00
2018.10.22 12:25:15.020,1.14915,1.14918,2.14,1.95
2018.10.22 12:25:15.812,1.14915,1.14917,1.39,1.00
2018.10.22 12:25:16.338,1.14915,1.14918,1.39,4.57
2018.10.22 12:25:17.471,1.14916,1.14918,1.00,1.20
2018.10.22 12:25:18.944,1.14915,1.14918,4.12,1.00
2018.10.22 12:25:19.477,1.14918,1.1492,1.12,2.32
2018.10.22 12:25:19.790,1.14919,1.14922,2.25,1.50
2018.10.22 12:25:20.191,1.14918,1.1492,4.50,1.00
2018.10.22 12:25:20.719,1.14918,1.14921,2.25,2.62
2018.10.22 12:25:21.780,1.14919,1.14922,1.57,1.50
2018.10.22 12:25:22.813,1.1492,1.14922,1.00,1.87
2018.10.22 12:25:24.075,1.1492,1.14922,1.50,1.50
2018.10.22 12:25:24.820,1.14922,1.14924,1.50,1.00
2018.10.22 12:25:25.889,1.14921,1.14924,1.12,4.39
2018.10.22 12:25:26.528,1.14921,1.14924,1.57,3.82
2018.10.22 12:25:27.193,1.14921,1.14924,2.62,2.51
2018.10.22 12:25:29.940,1.14923,1.14924,1.50,1.50
2018.10.22 12:25:29.993,1.14923,1.14925,1.87,1.57
2018.10.22 12:25:30.099,1.14924,1.14927,1.42,1.95
2018.10.22 12:25:33.520,1.14924,1.14926,1.87,1.76
2018.10.22 12:25:33.625,1.14921,1.14923,2.25,1.50
2018.10.22 12:25:34.173,1.1492,1.14922,1.00,1.39
2018.10.22 12:25:37.065,1.14916,1.14918,3.45,1.50
2018.10.22 12:25:37.118,1.14916,1.14917,1.00,3.37
2018.10.22 12:25:37.175,1.14913,1.14915,2.81,4.35
2018.10.22 12:25:37.228,1.14911,1.14915,4.69,8.32
2018.10.22 12:25:37.280,1.14912,1.14913,1.25,1.50
2018.10.22 12:25:37.613,1.14913,1.14916,4.12,3.64
2018.10.22 12:25:37.874,1.14914,1.14916,1.00,3.00
2018.10.22 12:25:37.926,1.14913,1.14915,2.62,1.50
2018.10.22 12:25:38.361,1.1491,1.14914,4.01,2.70
2018.10.22 12:25:38.882,1.1491,1.14913,1.12,1.00
2018.10.22 12:25:39.391,1.14911,1.14914,1.50,3.45
2018.10.22 12:25:39.909,1.1491,1.14913,3.82,3.00
2018.10.22 12:25:40.416,1.14912,1.14915,1.50,1.95
2018.10.22 12:25:40.470,1.14914,1.14916,2.70,2.25
2018.10.22 12:25:41.016,1.14914,1.14917,2.70,2.89
2018.10.22 12:25:43.115,1.14915,1.14917,1.00,1.39
2018.10.22 12:25:43.846,1.14914,1.14917,6.82,2.14
2018.10.22 12:25:44.270,1.14916,1.14918,1.50,1.25
2018.10.22 12:25:46.072,1.14917,1.1492,2.25,1.50
2018.10.22 12:25:47.316,1.14919,1.14921,1.00,5.14
2018.10.22 12:25:48.042,1.1492,1.14921,1.00,1.00
2018.10.22 12:25:48.200,1.1492,1.14923,1.50,1.00
2018.10.22 12:25:48.779,1.1492,1.14922,1.00,1.25
2018.10.22 12:25:49.302,1.1492,1.14924,7.57,1.39
2018.10.22 12:25:49.845,1.1492,1.14924,1.00,14.51
2018.10.22 12:25:50.114,1.14919,1.14921,1.20,1.69
2018.10.22 12:25:50.273,1.14916,1.14919,3.00,1.25
2018.10.22 12:25:50.813,1.14916,1.14919,4.31,2.25
2018.10.22 12:25:51.059,1.14915,1.14918,3.75,1.25
2018.10.22 12:25:51.321,1.14917,1.1492,1.50,9.82
2018.10.22 12:25:51.894,1.14918,1.1492,1.95,1.50
2018.10.22 12:25:52.368,1.14919,1.14922,1.50,1.50
2018.10.22 12:25:53.464,1.14919,1.14923,4.50,4.20
2018.10.22 12:25:55.486,1.1492,1.14922,1.76,1.25
2018.10.22 12:25:56.038,1.1492,1.14923,1.57,2.14
2018.10.22 12:25:58.231,1.1492,1.14923,2.70,3.26
2018.10.22 12:26:01.328,1.14918,1.1492,9.82,1.19
2018.10.22 12:26:01.490,1.14916,1.14918,1.50,1.69
2018.10.22 12:26:01.646,1.14914,1.14917,1.20,2.70
2018.10.22 12:26:01.931,1.14913,1.14915,3.45,1.19
2018.10.22 12:26:02.042,1.14911,1.14914,4.57,2.06
2018.10.22 12:26:02.148,1.1491,1.14913,3.37,1.00
2018.10.22 12:26:02.650,1.1491,1.14912,3.45,1.00
2018.10.22 12:26:02.807,1.14912,1.14913,1.12,1.00
2018.10.22 12:26:02.860,1.14912,1.14915,1.12,2.70
2018.10.22 12:26:04.520,1.14911,1.14915,4.24,1.00
2018.10.22 12:26:05.045,1.14912,1.14915,1.31,1.00
2018.10.22 12:26:05.172,1.14911,1.14913,5.14,1.19
2018.10.22 12:26:05.402,1.1491,1.14913,1.00,3.64
2018.10.22 12:26:06.916,1.14909,1.14912,2.25,1.25
2018.10.22 12:26:07.904,1.14909,1.1491,1.00,2.25
2018.10.22 12:26:08.138,1.14905,1.14909,4.50,4.39
2018.10.22 12:26:08.354,1.14908,1.1491,1.69,1.00
2018.10.22 12:26:09.436,1.14908,1.1491,3.22,1.00
2018.10.22 12:26:09.982,1.14908,1.1491,3.60,1.00
2018.10.22 12:26:10.035,1.14909,1.14912,1.50,3.67
2018.10.22 12:26:10.758,1.1491,1.14912,1.12,1.00
2018.10.22 12:26:12.268,1.14911,1.14913,1.00,1.12
2018.10.22 12:26:12.811,1.1491,1.14913,1.87,1.12
2018.10.22 12:26:13.814,1.14912,1.14914,2.62,2.70
2018.10.22 12:26:14.415,1.14913,1.14915,1.50,1.50
2018.10.22 12:26:16.490,1.14912,1.14913,2.06,1.00
2018.10.22 12:26:18.711,1.14912,1.14914,2.25,1.00
2018.10.22 12:26:19.238,1.14912,1.14915,5.06,1.00
2018.10.22 12:26:19.776,1.14914,1.14916,1.87,1.95
2018.10.22 12:26:20.306,1.14915,1.14917,1.00,1.20
2018.10.22 12:26:20.890,1.14915,1.14916,1.00,3.00
2018.10.22 12:26:20.997,1.14912,1.14915,1.50,3.64
2018.10.22 12:26:22.014,1.14911,1.14913,2.32,1.00
2018.10.22 12:26:23.143,1.1491,1.14913,3.19,1.50
2018.10.22 12:26:23.195,1.14909,1.14911,1.00,1.25
2018.10.22 12:26:23.707,1.1491,1.14912,1.50,1.57
2018.10.22 12:26:24.246,1.14909,1.14912,1.12,2.51
2018.10.22 12:26:24.581,1.14905,1.14907,1.00,3.00
2018.10.22 12:26:24.635,1.14903,1.14907,2.62,4.76
2018.10.22 12:26:25.156,1.14903,1.14906,1.12,1.00
2018.10.22 12:26:26.227,1.149,1.14903,2.70,1.20
2018.10.22 12:26:28.687,1.14899,1.14901,1.20,1.00
2018.10.22 12:26:28.852,1.14896,1.14899,1.95,4.69
2018.10.22 12:26:29.187,1.14898,1.149,1.31,1.20
2018.10.22 12:26:29.526,1.14899,1.14902,2.25,1.00
2018.10.22 12:26:30.054,1.14901,1.14904,1.00,6.64
2018.10.22 12:26:30.737,1.149,1.14903,2.32,1.95
2018.10.22 12:26:31.584,1.149,1.14903,1.87,1.45
2018.10.22 12:26:32.099,1.149,1.14903,1.12,2.89
2018.10.22 12:26:32.626,1.14901,1.14904,1.00,4.39
2018.10.22 12:26:33.842,1.14901,1.14903,1.00,1.00
2018.10.22 12:26:34.370,1.14901,1.14904,1.00,3.19
2018.10.22 12:26:35.565,1.14901,1.14903,1.10,1.00
2018.10.22 12:26:36.167,1.149,1.14904,2.14,2.81
2018.10.22 12:26:36.576,1.149,1.14902,1.87,1.00
2018.10.22 12:26:38.854,1.14901,1.14902,1.00,1.00
2018.10.22 12:26:39.364,1.149,1.14902,2.81,1.00
2018.10.22 12:26:42.578,1.149,1.14902,2.51,1.00
2018.10.22 12:26:43.636,1.14901,1.14903,1.25,1.00
2018.10.22 12:26:43.902,1.14902,1.14905,5.14,1.57
2018.10.22 12:26:44.405,1.14903,1.14905,1.00,1.57
2018.10.22 12:26:44.565,1.14901,1.14903,1.10,1.69
2018.10.22 12:26:47.121,1.14901,1.14902,1.00,1.25
2018.10.22 12:26:47.245,1.14899,1.14902,3.07,1.69
2018.10.22 12:26:47.768,1.149,1.14903,1.50,7.69
2018.10.22 12:26:48.309,1.14898,1.14899,2.70,1.50
2018.10.22 12:26:48.449,1.14896,1.14898,1.00,1.00
2018.10.22 12:26:49.023,1.14895,1.14898,3.26,1.00
2018.10.22 12:26:49.544,1.14896,1.14899,1.00,7.76
2018.10.22 12:26:51.094,1.14896,1.14899,3.26,4.20
2018.10.22 12:26:51.629,1.14896,1.14899,3.82,3.26
2018.10.22 12:26:51.888,1.14898,1.14899,1.00,1.25
2018.10.22 12:26:52.045,1.14899,1.14901,1.50,1.00
2018.10.22 12:26:55.059,1.14896,1.14899,3.64,1.00
2018.10.22 12:26:55.224,1.14897,1.14901,2.32,4.20
2018.10.22 12:26:55.814,1.14898,1.14902,6.07,1.00
2018.10.22 12:26:56.360,1.14899,1.14903,2.51,3.56
2018.10.22 12:26:56.950,1.14899,1.14903,3.82,5.70
2018.10.22 12:26:57.416,1.14901,1.14904,1.76,1.95
2018.10.22 12:26:57.965,1.14902,1.14905,1.57,1.10
2018.10.22 12:26:59.202,1.14903,1.14905,2.70,1.00
2018.10.22 12:26:59.689,1.14904,1.14906,3.94,1.57
2018.10.22 12:27:00.119,1.14907,1.1491,4.12,3.45
2018.10.22 12:27:00.229,1.14909,1.1491,1.00,2.25
2018.10.22 12:27:00.388,1.14907,1.1491,4.57,1.10
2018.10.22 12:27:00.601,1.14905,1.14908,3.00,1.50
2018.10.22 12:27:01.111,1.14904,1.14908,4.39,3.00
2018.10.22 12:27:01.425,1.14903,1.14906,3.26,1.00
2018.10.22 12:27:01.984,1.14903,1.14906,2.51,3.00
2018.10.22 12:27:02.667,1.14903,1.14904,1.00,2.25
2018.10.22 12:27:02.825,1.14901,1.14904,1.87,1.50
2018.10.22 12:27:03.337,1.149,1.14904,4.20,7.69
2018.10.22 12:27:03.674,1.14901,1.14904,1.37,1.20
2018.10.22 12:27:03.850,1.14902,1.14905,1.12,4.50
2018.10.22 12:27:04.544,1.14903,1.14904,1.31,1.00
2018.10.22 12:27:04.820,1.14901,1.14904,2.06,3.00
2018.10.22 12:27:06.346,1.14901,1.14903,1.00,2.25
2018.10.22 12:27:06.920,1.149,1.14903,1.57,2.32
2018.10.22 12:27:07.398,1.14902,1.14905,2.44,3.45
2018.10.22 12:27:07.931,1.14901,1.14903,1.10,1.00
2018.10.22 12:27:08.458,1.14901,1.14904,1.10,4.95
2018.10.22 12:27:10.901,1.149,1.14903,5.89,1.00
2018.10.22 12:27:11.216,1.14904,1.14906,1.00,1.00
2018.10.22 12:27:12.761,1.14903,1.14906,2.14,1.76
2018.10.22 12:27:13.306,1.14904,1.14906,1.00,1.00
2018.10.22 12:27:13.878,1.14905,1.14907,1.00,1.00
2018.10.22 12:27:14.540,1.14904,1.14907,1.50,1.00
2018.10.22 12:27:15.152,1.14905,1.14907,1.00,1.00
2018.10.22 12:27:15.664,1.14904,1.14907,3.56,1.50
2018.10.22 12:27:17.491,1.14905,1.14907,1.00,2.25
2018.10.22 12:27:18.515,1.14904,1.14907,4.31,1.50
2018.10.22 12:27:21.133,1.14905,1.14907,3.19,1.50
2018.10.22 12:27:21.656,1.14905,1.14908,2.62,2.81
2018.10.22 12:27:26.716,1.14905,1.14907,1.12,1.00
2018.10.22 12:27:30.882,1.14905,1.14908,1.69,1.50
2018.10.22 12:27:34.583,1.14906,1.14908,1.00,1.00
2018.10.22 12:27:35.186,1.14906,1.14909,1.00,6.64
2018.10.22 12:27:35.732,1.14906,1.14909,1.50,4.39
2018.10.22 12:27:36.269,1.14906,1.14909,1.50,4.01
2018.10.22 12:27:37.424,1.14906,1.14908,1.00,1.00
2018.10.22 12:27:38.198,1.14906,1.14909,1.00,6.26
2018.10.22 12:27:38.773,1.14907,1.14909,1.00,5.14
2018.10.22 12:27:38.971,1.14915,1.14917,3.00,3.82
2018.10.22 12:27:39.394,1.14918,1.14919,1.50,1.50
2018.10.22 12:27:39.499,1.14919,1.14923,2.62,3.26
2018.10.22 12:27:39.972,1.14919,1.14921,1.00,1.00
2018.10.22 12:27:40.950,1.14919,1.14922,1.00,5.51
2018.10.22 12:27:42.112,1.14919,1.14921,1.00,1.00
2018.10.22 12:27:42.623,1.14919,1.14923,1.57,3.00
2018.10.22 12:27:44.961,1.14919,1.14923,2.70,5.70
2018.10.22 12:27:46.746,1.14919,1.14923,4.20,3.75
2018.10.22 12:27:47.423,1.14921,1.14924,1.00,2.51
2018.10.22 12:27:47.951,1.14921,1.14924,3.75,1.69
2018.10.22 12:27:48.766,1.14921,1.14924,2.25,1.00
2018.10.22 12:27:50.137,1.14921,1.14925,7.57,3.19
2018.10.22 12:27:50.449,1.14923,1.14926,1.00,6.83
2018.10.22 12:27:50.975,1.14923,1.14926,1.00,9.64
2018.10.22 12:27:51.715,1.14922,1.14926,1.20,4.39
2018.10.22 12:27:52.521,1.14922,1.14924,2.14,1.00
2018.10.22 12:27:52.949,1.14922,1.14926,1.12,4.01
2018.10.22 12:27:53.821,1.14925,1.14927,1.00,2.32
2018.10.22 12:27:54.030,1.14926,1.14929,1.50,3.26
2018.10.22 12:27:54.582,1.14926,1.14929,1.50,3.26
2018.10.22 12:27:55.240,1.14926,1.14929,1.57,6.26
2018.10.22 12:27:56.334,1.14926,1.14929,2.51,1.39
2018.10.22 12:27:57.349,1.14928,1.14929,1.50,1.00
2018.10.22 12:27:57.561,1.14931,1.14934,1.12,2.81
2018.10.22 12:27:58.715,1.14934,1.14935,1.00,1.57
2018.10.22 12:27:58.901,1.14935,1.14937,1.87,1.50
2018.10.22 12:27:59.060,1.14933,1.14936,2.32,1.44
2018.10.22 12:27:59.582,1.14932,1.14934,1.00,1.25
2018.10.22 12:28:00.354,1.14933,1.14935,1.12,1.50
2018.10.22 12:28:00.459,1.14933,1.14937,1.20,2.81
2018.10.22 12:28:01.487,1.14933,1.14935,1.95,2.25
2018.10.22 12:28:01.958,1.14935,1.14936,1.50,1.00
2018.10.22 12:28:02.065,1.14936,1.14938,1.00,1.00
2018.10.22 12:28:02.437,1.14934,1.14935,1.39,1.00
2018.10.22 12:28:02.960,1.14933,1.14936,3.64,1.00
2018.10.22 12:28:03.483,1.14933,1.14937,3.64,1.00
2018.10.22 12:28:03.848,1.14933,1.14935,1.12,1.50
2018.10.22 12:28:04.374,1.14933,1.14934,1.12,1.50
2018.10.22 12:28:04.694,1.14936,1.14937,1.00,1.25
2018.10.22 12:28:05.222,1.14937,1.14939,1.00,5.70
2018.10.22 12:28:05.883,1.14936,1.14939,1.50,6.45
2018.10.22 12:28:06.386,1.14936,1.14939,1.50,3.00
2018.10.22 12:28:06.610,1.14938,1.14939,1.00,1.00
2018.10.22 12:28:06.951,1.14941,1.14945,2.51,4.39
2018.10.22 12:28:07.472,1.14941,1.14944,2.81,1.50
2018.10.22 12:28:08.101,1.14941,1.14945,3.64,2.44
2018.10.22 12:28:08.538,1.14941,1.14943,2.81,1.00
2018.10.22 12:28:09.058,1.14941,1.14944,1.31,4.20
2018.10.22 12:28:10.178,1.14942,1.14945,1.00,15.77
2018.10.22 12:28:10.716,1.14942,1.14944,3.75,1.00
2018.10.22 12:28:10.980,1.14943,1.14946,5.25,3.72
2018.10.22 12:28:11.034,1.14945,1.14948,2.70,2.02
2018.10.22 12:28:11.141,1.14945,1.14949,3.56,3.82
2018.10.22 12:28:11.400,1.14947,1.14949,1.00,1.10
2018.10.22 12:28:13.514,1.14946,1.14949,1.87,1.57
2018.10.22 12:28:13.895,1.14948,1.1495,1.00,4.57
2018.10.22 12:28:14.434,1.14947,1.14949,1.00,1.20
2018.10.22 12:28:14.755,1.14951,1.14953,1.00,1.45
2018.10.22 12:28:14.819,1.14951,1.14954,1.50,7.63
2018.10.22 12:28:15.320,1.14951,1.14953,1.00,1.63
2018.10.22 12:28:15.476,1.14949,1.14952,1.76,2.25
2018.10.22 12:28:15.528,1.14949,1.14951,1.00,1.95
2018.10.22 12:28:15.911,1.14951,1.14953,1.00,1.20
2018.10.22 12:28:16.762,1.14951,1.14953,1.00,1.00
2018.10.22 12:28:17.296,1.14951,1.14953,1.00,1.20
2018.10.22 12:28:17.949,1.14951,1.14953,1.00,1.57
2018.10.22 12:28:19.636,1.14952,1.14953,1.00,1.10
2018.10.22 12:28:20.730,1.14952,1.14953,1.50,1.00
2018.10.22 12:28:20.985,1.14959,1.1496,1.00,1.00
2018.10.22 12:28:21.092,1.1496,1.14962,1.87,1.01
2018.10.22 12:28:21.645,1.1496,1.14963,1.50,2.25
2018.10.22 12:28:22.164,1.14961,1.14963,1.00,2.25
2018.10.22 12:28:22.673,1.1496,1.14963,2.25,1.50
2018.10.22 12:28:23.681,1.1496,1.14963,1.95,1.00
2018.10.22 12:28:24.206,1.14962,1.14964,1.00,5.44
2018.10.22 12:28:25.536,1.14963,1.14964,1.00,1.00
2018.10.22 12:28:26.057,1.14962,1.14965,1.00,3.00
2018.10.22 12:28:26.610,1.14961,1.14964,2.89,3.00
2018.10.22 12:28:27.160,1.14961,1.14965,3.64,3.19
2018.10.22 12:28:27.704,1.14961,1.14965,1.20,4.87
2018.10.22 12:28:28.224,1.14962,1.14964,1.00,1.50
2018.10.22 12:28:28.835,1.14961,1.14964,1.00,1.50
2018.10.22 12:28:29.773,1.14961,1.14963,1.00,1.00
2018.10.22 12:28:30.303,1.1496,1.14963,1.95,1.10
2018.10.22 12:28:30.960,1.1496,1.14963,1.20,2.25
2018.10.22 12:28:31.731,1.14961,1.14964,1.10,1.25
2018.10.22 12:28:32.302,1.14961,1.14964,1.20,2.44
2018.10.22 12:28:32.897,1.14961,1.14963,1.95,1.00
2018.10.22 12:28:33.402,1.14961,1.14963,1.95,1.00
2018.10.22 12:28:33.972,1.14961,1.14964,1.57,3.19
2018.10.22 12:28:34.493,1.14961,1.14964,1.20,1.69
2018.10.22 12:28:35.083,1.14961,1.14964,1.10,1.25
2018.10.22 12:28:35.715,1.1496,1.14963,3.26,1.00
2018.10.22 12:28:36.077,1.14959,1.14962,2.89,2.10
2018.10.22 12:28:36.184,1.14958,1.1496,1.00,2.81
2018.10.22 12:28:36.236,1.14957,1.14959,1.57,1.25
2018.10.22 12:28:36.392,1.14956,1.14958,2.32,1.25
2018.10.22 12:28:37.833,1.14956,1.14958,4.95,1.00
2018.10.22 12:28:38.652,1.14956,1.14959,1.45,1.69
2018.10.22 12:28:39.395,1.14956,1.14958,2.70,1.00
2018.10.22 12:28:39.928,1.14957,1.14959,2.32,1.00
2018.10.22 12:28:39.982,1.1496,1.14961,1.00,1.50
2018.10.22 12:28:40.088,1.1496,1.14963,1.95,2.51
2018.10.22 12:28:42.053,1.1496,1.14962,3.75,2.25
2018.10.22 12:28:42.625,1.14958,1.1496,2.70,2.62
2018.10.22 12:28:42.731,1.14957,1.1496,1.00,4.12
2018.10.22 12:28:43.234,1.14956,1.1496,3.45,9.37
2018.10.22 12:28:43.624,1.14956,1.14959,4.20,3.75
2018.10.22 12:28:44.314,1.14956,1.14957,1.10,1.69
2018.10.22 12:28:44.635,1.14949,1.14951,4.39,1.00
2018.10.22 12:28:44.843,1.14953,1.14955,1.00,34.76
2018.10.22 12:28:44.897,1.14956,1.14958,1.60,4.95
2018.10.22 12:28:45.040,1.1496,1.14961,1.12,10.50
2018.10.22 12:28:45.249,1.1496,1.14962,1.57,1.50
2018.10.22 12:28:45.827,1.14959,1.14962,1.95,1.50
2018.10.22 12:28:46.348,1.1496,1.14963,1.10,6.00
2018.10.22 12:28:46.784,1.14958,1.14961,7.95,3.75
2018.10.22 12:28:46.994,1.14956,1.1496,1.95,7.50
2018.10.22 12:28:47.567,1.14956,1.1496,3.07,11.62
2018.10.22 12:28:48.221,1.14957,1.14959,1.00,5.25
2018.10.22 12:28:48.380,1.14955,1.14957,1.10,1.00
2018.10.22 12:28:49.459,1.14954,1.14955,1.20,4.91
2018.10.22 12:28:49.614,1.14949,1.14951,1.10,3.56
2018.10.22 12:28:49.666,1.14949,1.14952,1.10,4.12
2018.10.22 12:28:49.907,1.14948,1.1495,1.39,3.75
2018.10.22 12:28:50.622,1.14948,1.14951,1.57,1.00
2018.10.22 12:28:51.350,1.14948,1.14951,1.20,1.00
2018.10.22 12:28:51.976,1.14948,1.14952,3.64,6.82
2018.10.22 12:28:52.505,1.1495,1.14953,2.51,1.50
2018.10.22 12:28:53.157,1.1495,1.14953,2.89,1.50
2018.10.22 12:28:53.738,1.14951,1.14954,1.95,3.64
2018.10.22 12:28:54.293,1.1495,1.14953,7.01,1.00
2018.10.22 12:28:54.554,1.1495,1.14951,1.95,1.00
2018.10.22 12:28:54.715,1.14945,1.14947,1.12,2.25
2018.10.22 12:28:55.258,1.14945,1.14948,1.00,1.87
2018.10.22 12:28:55.776,1.14945,1.14949,3.07,8.62
2018.10.22 12:28:55.828,1.14945,1.14948,5.70,3.75
2018.10.22 12:28:56.067,1.14945,1.14949,4.57,4.87
2018.10.22 12:28:57.199,1.14948,1.1495,1.69,8.51
2018.10.22 12:28:57.326,1.1495,1.14952,2.25,1.00
2018.10.22 12:28:58.791,1.1495,1.14953,1.12,1.12
2018.10.22 12:28:59.001,1.14949,1.14951,2.14,1.00
2018.10.22 12:28:59.161,1.14947,1.14949,1.00,4.69
2018.10.22 12:29:00.231,1.14947,1.14948,1.00,2.25
2018.10.22 12:29:00.672,1.14945,1.14948,2.89,1.12
2018.10.22 12:29:00.932,1.14944,1.14946,4.95,1.00
2018.10.22 12:29:01.088,1.1494,1.14943,3.94,3.19
2018.10.22 12:29:01.142,1.1494,1.14941,1.25,1.00
2018.10.22 12:29:01.654,1.1494,1.14942,1.00,3.75
2018.10.22 12:29:01.864,1.14938,1.14942,2.44,4.39
2018.10.22 12:29:02.196,1.14936,1.14939,2.32,3.00
2018.10.22 12:29:02.511,1.14933,1.14935,1.20,3.75
2018.10.22 12:29:02.564,1.14933,1.14936,2.70,1.00
2018.10.22 12:29:02.616,1.14935,1.14937,1.00,2.25
2018.10.22 12:29:03.348,1.14935,1.14936,1.00,3.75
2018.10.22 12:29:03.887,1.14934,1.14936,1.00,3.75
2018.10.22 12:29:04.200,1.14935,1.14938,1.20,1.20
2018.10.22 12:29:04.304,1.14939,1.1494,1.00,1.00
2018.10.22 12:29:04.828,1.14938,1.14941,2.14,2.62
2018.10.22 12:29:05.388,1.14939,1.14942,1.95,3.75
2018.10.22 12:29:05.915,1.1494,1.14942,1.00,3.94
2018.10.22 12:29:06.533,1.1494,1.14943,1.12,3.75
2018.10.22 12:29:06.898,1.1494,1.14942,2.32,3.75
2018.10.22 12:29:07.054,1.1494,1.14943,3.07,2.70
2018.10.22 12:29:07.896,1.14941,1.14943,1.00,1.00
2018.10.22 12:29:08.213,1.14944,1.14945,1.50,7.50
2018.10.22 12:29:08.453,1.14941,1.14944,1.00,4.12
2018.10.22 12:29:08.972,1.14942,1.14944,1.50,1.50
2018.10.22 12:29:10.199,1.14941,1.14944,2.70,3.45
2018.10.22 12:29:10.991,1.14942,1.14944,1.00,1.95
2018.10.22 12:29:11.098,1.14944,1.14946,1.50,3.00
2018.10.22 12:29:11.640,1.14945,1.14946,1.00,1.00
2018.10.22 12:29:13.092,1.14944,1.14946,1.00,1.87
2018.10.22 12:29:13.631,1.14945,1.14948,1.00,4.87
2018.10.22 12:29:14.452,1.14945,1.14948,1.00,1.12
2018.10.22 12:29:14.971,1.14946,1.14949,1.50,3.19
2018.10.22 12:29:15.467,1.14948,1.14949,1.00,1.00
2018.10.22 12:29:15.576,1.1495,1.14952,1.95,1.00
2018.10.22 12:29:15.685,1.14949,1.1495,1.00,1.00
2018.10.22 12:29:15.947,1.14949,1.14952,4.50,1.12
2018.10.22 12:29:16.871,1.14948,1.14951,3.00,2.44
2018.10.22 12:29:16.975,1.14945,1.14949,4.95,3.00
2018.10.22 12:29:17.109,1.14945,1.14946,1.00,1.00
2018.10.22 12:29:17.330,1.14943,1.14946,3.94,1.00
2018.10.22 12:29:17.864,1.14943,1.14947,3.64,4.69
2018.10.22 12:29:18.157,1.14945,1.14946,1.00,1.00
2018.10.22 12:29:18.215,1.14945,1.14948,2.25,1.00
2018.10.22 12:29:18.269,1.1495,1.14951,1.00,4.39
2018.10.22 12:29:18.532,1.14947,1.14951,3.82,2.70
2018.10.22 12:29:19.290,1.14946,1.1495,2.32,8.81
2018.10.22 12:29:20.217,1.14946,1.1495,1.50,10.76
2018.10.22 12:29:20.759,1.14946,1.1495,2.70,13.01
2018.10.22 12:29:21.603,1.14949,1.14951,8.44,2.32
2018.10.22 12:29:21.763,1.1495,1.14954,5.70,1.87
2018.10.22 12:29:23.153,1.1495,1.14954,4.20,3.82
2018.10.22 12:29:23.680,1.1495,1.14954,3.00,5.32
2018.10.22 12:29:24.739,1.14949,1.14954,7.39,5.32
2018.10.22 12:29:25.513,1.1495,1.14954,1.00,5.32
2018.10.22 12:29:26.512,1.14951,1.14953,1.00,1.00
2018.10.22 12:29:27.719,1.1495,1.14954,1.50,3.82
2018.10.22 12:29:29.188,1.14951,1.14954,1.00,2.62
2018.10.22 12:29:31.163,1.14952,1.14954,1.00,2.70
2018.10.22 12:29:31.477,1.14954,1.14956,1.00,4.57
2018.10.22 12:29:31.655,1.14955,1.14958,1.50,1.31
2018.10.22 12:29:31.812,1.14954,1.14956,5.25,1.50
2018.10.22 12:29:32.331,1.14954,1.14956,1.00,3.07
2018.10.22 12:29:32.801,1.14955,1.14958,1.00,4.95
2018.10.22 12:29:33.222,1.14954,1.14956,1.50,1.00
2018.10.22 12:29:33.813,1.14953,1.14956,3.00,1.00
2018.10.22 12:29:38.391,1.14953,1.14954,1.00,2.44
2018.10.22 12:29:38.896,1.14952,1.14954,1.00,3.26
2018.10.22 12:29:39.451,1.14951,1.14954,1.00,2.89
2018.10.22 12:29:40.100,1.14953,1.14954,1.00,1.20
2018.10.22 12:29:40.469,1.14955,1.14956,1.00,1.00
2018.10.22 12:29:41.193,1.14955,1.14957,1.00,1.12
2018.10.22 12:29:41.791,1.14955,1.14958,1.00,1.76
2018.10.22 12:29:42.316,1.14955,1.14958,1.50,2.70
2018.10.22 12:29:42.835,1.14955,1.14959,1.50,7.09
2018.10.22 12:29:43.622,1.14955,1.14958,1.00,1.27
2018.10.22 12:29:43.928,1.14958,1.1496,1.50,8.29
2018.10.22 12:29:44.140,1.1496,1.14963,1.25,8.03
2018.10.22 12:29:44.423,1.14958,1.14963,6.07,9.34
2018.10.22 12:29:45.019,1.14958,1.14963,11.70,10.09
2018.10.22 12:29:45.538,1.14958,1.14962,2.70,2.59
2018.10.22 12:29:46.536,1.14958,1.1496,2.25,1.25
2018.10.22 12:29:47.111,1.14959,1.1496,1.00,1.00
2018.10.22 12:29:48.222,1.14958,1.1496,1.50,1.20
2018.10.22 12:29:48.694,1.14956,1.14959,1.50,1.00
2018.10.22 12:29:49.033,1.14958,1.1496,1.00,4.39
2018.10.22 12:29:50.125,1.14958,1.14959,1.12,1.25
2018.10.22 12:29:50.229,1.14956,1.14959,3.07,3.64
2018.10.22 12:29:50.845,1.14956,1.14958,2.25,1.00
2018.10.22 12:29:51.431,1.14956,1.14959,1.50,1.39
2018.10.22 12:29:52.299,1.14956,1.14959,1.50,1.95
2018.10.22 12:29:52.849,1.14957,1.14959,1.00,4.20
2018.10.22 12:29:54.668,1.14956,1.14959,1.00,3.45
2018.10.22 12:29:55.245,1.14955,1.14959,2.25,1.20
2018.10.22 12:29:55.957,1.14955,1.14959,3.37,1.20
2018.10.22 12:29:57.062,1.14956,1.1496,3.37,6.07
2018.10.22 12:29:57.401,1.14958,1.1496,1.50,1.00
2018.10.22 12:29:57.454,1.14959,1.14962,1.50,3.71
2018.10.22 12:29:57.559,1.1496,1.14962,1.00,2.25
2018.10.22 12:29:57.665,1.14959,1.14962,2.32,2.89
2018.10.22 12:29:58.032,1.14961,1.14963,1.00,2.81
2018.10.22 12:29:58.156,1.1496,1.14962,1.20,1.00
2018.10.22 12:29:59.918,1.1496,1.14962,2.62,1.00
2018.10.22 12:30:00.127,1.14961,1.14965,1.00,4.76
2018.10.22 12:30:00.182,1.14963,1.14964,1.00,1.00
2018.10.22 12:30:00.308,1.14961,1.14965,1.20,5.81
2018.10.22 12:30:00.468,1.14961,1.14964,1.20,2.89
2018.10.22 12:30:00.791,1.14962,1.14965,1.00,5.25
2018.10.22 12:30:00.897,1.14962,1.14964,1.00,3.82
2018.10.22 12:30:01.422,1.1496,1.14964,3.64,1.57
2018.10.22 12:30:04.120,1.1496,1.14964,3.45,4.57
2018.10.22 12:30:04.425,1.14962,1.14963,1.00,1.50
2018.10.22 12:30:04.585,1.14964,1.14967,1.45,3.07
2018.10.22 12:30:05.126,1.14965,1.14967,2.70,1.32
2018.10.22 12:30:05.494,1.14963,1.14964,1.95,1.69
2018.10.22 12:30:05.548,1.14961,1.14964,4.50,1.69
2018.10.22 12:30:07.009,1.14964,1.14965,2.25,1.00
2018.10.22 12:30:07.114,1.14965,1.14967,1.25,2.14
2018.10.22 12:30:07.227,1.14963,1.14965,2.39,3.00
2018.10.22 12:30:07.331,1.14961,1.14964,1.00,2.44
2018.10.22 12:30:07.488,1.14962,1.14964,1.00,2.14
2018.10.22 12:30:08.506,1.14964,1.14965,1.00,2.44
2018.10.22 12:30:09.090,1.14963,1.14965,1.50,3.19
2018.10.22 12:30:09.597,1.14962,1.14964,1.00,1.00
2018.10.22 12:30:10.193,1.14963,1.14965,1.00,4.39
2018.10.22 12:30:11.193,1.14962,1.14964,1.00,4.39
2018.10.22 12:30:13.050,1.14961,1.14964,1.20,5.14
2018.10.22 12:30:13.608,1.14961,1.14963,1.20,1.00
2018.10.22 12:30:14.444,1.14961,1.14963,1.00,5.62
2018.10.22 12:30:14.960,1.14961,1.14963,1.50,2.81
2018.10.22 12:30:15.267,1.1496,1.14961,1.00,2.25
2018.10.22 12:30:15.924,1.1496,1.14962,1.00,1.50
2018.10.22 12:30:21.525,1.14961,1.14963,1.00,1.50
2018.10.22 12:30:21.956,1.14964,1.14966,1.10,1.87
2018.10.22 12:30:22.476,1.14965,1.14967,1.10,1.69
2018.10.22 12:30:24.013,1.14965,1.14967,1.50,3.37
2018.10.22 12:30:24.552,1.14964,1.14966,2.25,1.00
2018.10.22 12:30:24.606,1.14963,1.14965,1.00,2.44
2018.10.22 12:30:25.188,1.14964,1.14966,1.00,3.37
2018.10.22 12:30:26.248,1.14964,1.14965,1.00,1.00
2018.10.22 12:30:27.108,1.14964,1.14966,1.00,2.62
2018.10.22 12:30:27.758,1.14963,1.14964,1.00,1.00
2018.10.22 12:30:28.070,1.14961,1.14964,1.25,5.62
2018.10.22 12:30:28.600,1.14961,1.14963,1.00,1.10
2018.10.22 12:30:29.115,1.14961,1.14964,1.50,5.70
2018.10.22 12:30:29.300,1.14963,1.14964,1.50,1.50
2018.10.22 12:30:29.408,1.14965,1.14967,1.00,4.12
2018.10.22 12:30:30.118,1.14964,1.14965,1.10,1.00
2018.10.22 12:30:30.172,1.1496,1.14962,1.87,1.12
2018.10.22 12:30:30.505,1.14959,1.14961,1.50,2.06
2018.10.22 12:30:31.041,1.1496,1.14961,1.00,1.50
2018.10.22 12:30:33.776,1.14958,1.14959,2.25,2.25
2018.10.22 12:30:33.932,1.14955,1.14957,1.57,1.69
2018.10.22 12:30:36.750,1.14955,1.14958,3.19,3.75
2018.10.22 12:30:36.907,1.14959,1.1496,1.00,1.12
2018.10.22 12:30:36.961,1.14959,1.14962,1.00,3.26
2018.10.22 12:30:37.468,1.1496,1.14962,1.50,3.94
2018.10.22 12:30:38.020,1.1496,1.14961,1.00,1.00
2018.10.22 12:30:38.465,1.14957,1.14959,3.25,24.11
2018.10.22 12:30:38.653,1.14948,1.14949,1.50,5.62
2018.10.22 12:30:38.706,1.14949,1.14951,1.00,5.81
2018.10.22 12:30:38.758,1.14948,1.1495,1.57,1.19
2018.10.22 12:30:39.127,1.14949,1.14951,1.00,5.25
2018.10.22 12:30:39.652,1.14949,1.1495,1.00,1.00
2018.10.22 12:30:40.297,1.14948,1.14949,1.20,1.00
2018.10.22 12:30:40.401,1.14946,1.14949,2.25,1.50
2018.10.22 12:30:41.997,1.14946,1.14949,1.57,6.26
2018.10.22 12:30:43.413,1.14947,1.1495,2.44,1.20
2018.10.22 12:30:43.467,1.14946,1.14949,3.00,4.76
2018.10.22 12:30:45.455,1.14945,1.14948,1.50,1.87
2018.10.22 12:30:46.976,1.14944,1.14945,3.75,3.94
2018.10.22 12:30:47.134,1.14943,1.14944,1.50,2.32
2018.10.22 12:30:47.397,1.14944,1.14946,1.50,1.25
2018.10.22 12:30:47.719,1.14944,1.14948,1.87,1.57
2018.10.22 12:30:48.245,1.14945,1.14947,1.50,1.00
2018.10.22 12:30:48.754,1.14945,1.14948,1.50,1.39
2018.10.22 12:30:49.444,1.14944,1.14947,2.89,1.25
2018.10.22 12:30:49.705,1.14943,1.14945,1.00,1.00
2018.10.22 12:30:50.206,1.14943,1.14945,1.50,5.81
2018.10.22 12:30:50.269,1.14942,1.14946,3.94,4.95
2018.10.22 12:30:50.323,1.14944,1.14947,1.50,6.82
2018.10.22 12:30:50.913,1.14942,1.14946,4.57,5.70
2018.10.22 12:30:51.432,1.14943,1.14945,1.00,5.51
2018.10.22 12:30:51.969,1.14942,1.14944,1.00,3.00
2018.10.22 12:30:52.150,1.14943,1.14946,1.10,6.82
2018.10.22 12:30:52.672,1.14944,1.14946,1.50,1.00
2018.10.22 12:30:54.153,1.14945,1.14946,1.00,1.00
2018.10.22 12:30:54.362,1.14945,1.14948,1.10,1.20
2018.10.22 12:30:54.416,1.14947,1.14949,1.50,4.20
2018.10.22 12:30:54.523,1.14947,1.1495,1.07,3.75
2018.10.22 12:30:54.577,1.14946,1.14948,3.00,1.00
2018.10.22 12:30:55.699,1.14946,1.14947,1.00,1.00
2018.10.22 12:30:56.904,1.14945,1.14946,1.00,1.00
2018.10.22 12:30:57.442,1.14944,1.14946,4.01,1.00
2018.10.22 12:30:58.236,1.14944,1.14947,1.50,1.12
2018.10.22 12:30:58.764,1.14945,1.14948,2.25,1.57
2018.10.22 12:31:00.504,1.14945,1.14949,2.44,6.26
2018.10.22 12:31:00.713,1.14947,1.14949,1.00,6.07
2018.10.22 12:31:01.620,1.14948,1.14951,1.25,1.57
2018.10.22 12:31:01.778,1.14946,1.14949,2.81,1.50
2018.10.22 12:31:02.282,1.14946,1.14948,1.00,1.00
2018.10.22 12:31:02.805,1.14945,1.14948,4.12,1.00
2018.10.22 12:31:06.508,1.14946,1.14948,1.00,1.10
2018.10.22 12:31:07.030,1.14946,1.14949,1.00,1.20
2018.10.22 12:31:07.575,1.14946,1.14949,1.00,3.64
2018.10.22 12:31:07.786,1.14948,1.14951,3.19,3.52
2018.10.22 12:31:07.893,1.1495,1.14952,1.00,1.00
2018.10.22 12:31:08.109,1.1495,1.14954,7.39,3.00
2018.10.22 12:31:08.267,1.14953,1.14954,2.44,1.00
2018.10.22 12:31:08.376,1.14954,1.14956,1.00,3.00
2018.10.22 12:31:08.483,1.14956,1.14959,1.00,7.20
2018.10.22 12:31:09.020,1.14957,1.1496,2.06,3.75
2018.10.22 12:31:09.826,1.14956,1.14958,3.94,1.00
2018.10.22 12:31:09.934,1.14951,1.14953,4.69,1.12
2018.10.22 12:31:10.222,1.1495,1.14952,1.00,1.19
2018.10.22 12:31:10.906,1.1495,1.14952,1.50,2.44
2018.10.22 12:31:12.084,1.1495,1.14952,1.69,1.44
2018.10.22 12:31:13.098,1.1495,1.14953,1.20,3.15
2018.10.22 12:31:13.307,1.1495,1.14952,1.00,2.44
2018.10.22 12:31:13.998,1.1495,1.14952,1.00,1.12
2018.10.22 12:31:14.707,1.1495,1.14952,1.00,4.12
2018.10.22 12:31:15.222,1.1495,1.14952,1.00,1.12
2018.10.22 12:31:17.070,1.1495,1.14952,1.00,1.87
2018.10.22 12:31:19.011,1.1495,1.14952,1.00,3.37
2018.10.22 12:31:19.325,1.14946,1.14948,1.25,1.25
2018.10.22 12:31:19.639,1.14947,1.14948,1.00,1.00
2018.10.22 12:31:19.746,1.14947,1.1495,1.00,3.94
2018.10.22 12:31:20.294,1.14947,1.14949,1.00,3.45
2018.10.22 12:31:20.880,1.14946,1.14949,1.69,3.00
2018.10.22 12:31:21.785,1.14946,1.14948,1.12,1.00
2018.10.22 12:31:22.291,1.14946,1.14949,2.62,3.04
2018.10.22 12:31:22.344,1.14945,1.14947,5.62,1.00
2018.10.22 12:31:22.476,1.14944,1.14945,1.12,6.11
2018.10.22 12:31:22.530,1.14942,1.14944,1.20,3.94
2018.10.22 12:31:22.583,1.1494,1.14944,3.19,2.36
2018.10.22 12:31:23.314,1.1494,1.14944,3.64,2.32
2018.10.22 12:31:23.961,1.1494,1.14944,2.89,1.80
2018.10.22 12:31:25.073,1.14939,1.1494,5.32,1.00
2018.10.22 12:31:25.232,1.14937,1.1494,3.19,2.02
2018.10.22 12:31:25.768,1.14937,1.14939,1.00,1.25
2018.10.22 12:31:26.430,1.14937,1.1494,1.00,2.32
2018.10.22 12:31:26.955,1.14936,1.14939,1.00,1.20
2018.10.22 12:31:27.490,1.14935,1.14939,7.50,3.07
2018.10.22 12:31:28.241,1.14936,1.14939,1.00,3.07
2018.10.22 12:31:28.791,1.14936,1.14938,1.00,1.00
2018.10.22 12:31:29.205,1.14939,1.14942,4.87,3.00
2018.10.22 12:31:29.706,1.1494,1.14942,1.50,1.20
2018.10.22 12:31:30.242,1.14939,1.14942,4.76,1.00
2018.10.22 12:31:30.491,1.1494,1.14943,1.50,2.44
2018.10.22 12:31:30.544,1.14939,1.14943,7.76,1.87
2018.10.22 12:31:32.635,1.1494,1.14943,2.25,1.25
2018.10.22 12:31:32.865,1.14942,1.14944,1.00,1.50
2018.10.22 12:31:34.745,1.14941,1.14943,2.25,1.25
2018.10.22 12:31:35.069,1.14935,1.14939,5.14,2.14
2018.10.22 12:31:35.621,1.14936,1.14939,1.00,1.00
2018.10.22 12:31:36.138,1.14935,1.14939,7.76,1.00
2018.10.22 12:31:36.524,1.14937,1.1494,1.00,4.61
2018.10.22 12:31:36.916,1.14934,1.14935,8.25,1.00
2018.10.22 12:31:36.969,1.14933,1.14937,4.12,4.39
2018.10.22 12:31:37.021,1.14933,1.14935,4.12,1.25
2018.10.22 12:31:37.595,1.14931,1.14935,10.95,1.50
2018.10.22 12:31:37.722,1.14931,1.14932,1.95,1.00
2018.10.22 12:31:37.778,1.1493,1.14932,3.00,1.00
2018.10.22 12:31:39.890,1.14929,1.14931,4.39,1.00
2018.10.22 12:31:40.104,1.14927,1.14929,1.95,1.50
2018.10.22 12:31:40.157,1.14927,1.14929,1.00,1.50
2018.10.22 12:31:40.672,1.14927,1.1493,1.69,1.57
2018.10.22 12:31:40.830,1.14927,1.14928,1.50,1.50
2018.10.22 12:31:40.936,1.14925,1.14928,9.07,1.69
2018.10.22 12:31:41.480,1.14926,1.14929,1.00,4.01
2018.10.22 12:31:41.743,1.14926,1.1493,9.00,2.32
2018.10.22 12:31:42.005,1.14926,1.14929,2.25,3.64
2018.10.22 12:31:42.526,1.14924,1.14928,10.01,1.12
2018.10.22 12:31:43.087,1.14924,1.14929,10.39,5.74
2018.10.22 12:31:43.193,1.14923,1.14924,10.57,1.00
2018.10.22 12:31:43.462,1.14918,1.1492,1.00,1.50
2018.10.22 12:31:43.570,1.14919,1.14921,4.00,4.39
2018.10.22 12:31:43.741,1.14918,1.1492,3.75,2.62
2018.10.22 12:31:44.310,1.14918,1.14919,3.75,1.00
2018.10.22 12:31:44.818,1.14916,1.1492,8.14,2.44
2018.10.22 12:31:45.115,1.14917,1.14918,1.87,1.50
2018.10.22 12:31:45.571,1.14915,1.14917,1.20,1.00
2018.10.22 12:31:46.433,1.14916,1.14919,6.94,1.87
2018.10.22 12:31:46.954,1.14915,1.14919,2.62,3.26
2018.10.22 12:31:47.626,1.14915,1.14918,2.25,1.00
2018.10.22 12:31:48.497,1.14914,1.14917,6.37,2.44
2018.10.22 12:31:49.018,1.14915,1.14918,2.14,1.57
2018.10.22 12:31:49.280,1.14917,1.14919,4.00,1.00
2018.10.22 12:31:49.332,1.14916,1.14919,3.94,1.00
2018.10.22 12:31:49.403,1.14918,1.14919,1.00,1.10
2018.10.22 12:31:49.455,1.14916,1.14918,2.44,1.00
2018.10.22 12:31:50.039,1.14916,1.1492,1.50,4.95
2018.10.22 12:31:50.921,1.14916,1.1492,3.00,2.70
2018.10.22 12:31:51.473,1.14916,1.1492,2.70,4.39
2018.10.22 12:31:52.004,1.14919,1.1492,3.75,1.00
2018.10.22 12:31:52.213,1.14916,1.1492,4.50,5.32
2018.10.22 12:31:52.783,1.14916,1.14919,4.50,1.20
2018.10.22 12:31:53.302,1.14915,1.14918,10.87,1.00
2018.10.22 12:31:54.232,1.14919,1.1492,1.25,1.10
2018.10.22 12:31:54.523,1.1492,1.14922,4.69,2.25
2018.10.22 12:31:54.579,1.14918,1.1492,1.31,2.25
2018.10.22 12:31:54.898,1.14917,1.14918,1.00,1.00
2018.10.22 12:31:55.465,1.14917,1.14919,1.50,2.25
2018.10.22 12:31:55.990,1.14916,1.14919,3.94,1.50
2018.10.22 12:31:56.936,1.14918,1.14921,1.69,1.57
2018.10.22 12:31:57.251,1.14916,1.1492,5.14,9.45
2018.10.22 12:31:57.903,1.14916,1.14919,4.50,2.62
2018.10.22 12:31:58.426,1.14917,1.14919,3.94,1.12
2018.10.22 12:31:58.937,1.14916,1.14919,3.00,1.87
2018.10.22 12:32:00.573,1.14918,1.14919,1.69,1.00
2018.10.22 12:32:00.625,1.14918,1.14922,1.69,5.40
2018.10.22 12:32:00.833,1.14918,1.14919,1.00,1.00
2018.10.22 12:32:01.071,1.14916,1.14919,4.01,1.00
2018.10.22 12:32:01.593,1.14917,1.1492,1.00,3.37
2018.10.22 12:32:02.859,1.14917,1.1492,1.00,4.31
2018.10.22 12:32:03.544,1.14917,1.14919,1.00,3.45
2018.10.22 12:32:03.649,1.14915,1.14919,3.75,1.95
2018.10.22 12:32:04.087,1.14917,1.1492,2.25,2.70
2018.10.22 12:32:04.297,1.14915,1.14919,5.70,1.12
2018.10.22 12:32:04.349,1.14917,1.14919,1.00,2.25
2018.10.22 12:32:04.852,1.14919,1.14921,2.06,2.77
2018.10.22 12:32:05.167,1.14916,1.14918,1.00,1.00
2018.10.22 12:32:05.637,1.14914,1.14916,1.95,2.62
2018.10.22 12:32:05.691,1.14912,1.14913,2.25,1.00
2018.10.22 12:32:05.798,1.1491,1.14914,2.44,2.70
2018.10.22 12:32:07.104,1.14912,1.14914,1.69,1.20
2018.10.22 12:32:07.420,1.14915,1.14917,1.25,2.70
2018.10.22 12:32:07.853,1.14916,1.14919,1.69,2.77
2018.10.22 12:32:08.553,1.14916,1.14919,1.69,2.62
2018.10.22 12:32:09.834,1.14918,1.1492,3.94,1.10
2018.10.22 12:32:10.015,1.14915,1.1492,6.82,7.50
2018.10.22 12:32:10.519,1.14916,1.1492,1.69,7.20
2018.10.22 12:32:11.290,1.14918,1.1492,3.19,1.00
2018.10.22 12:32:14.862,1.14919,1.14922,1.69,3.75
2018.10.22 12:32:14.998,1.14918,1.14921,8.32,1.12
2018.10.22 12:32:15.585,1.14919,1.14922,1.50,2.62
2018.10.22 12:32:17.010,1.14919,1.14921,2.25,1.00
2018.10.22 12:32:17.438,1.1492,1.14922,1.19,2.25
2018.10.22 12:32:17.491,1.14919,1.14922,5.70,3.00
2018.10.22 12:32:17.543,1.14921,1.14922,1.00,1.50
2018.10.22 12:32:17.680,1.14919,1.14922,1.50,2.25
2018.10.22 12:32:18.228,1.14919,1.14921,4.50,1.00
2018.10.22 12:32:19.410,1.14919,1.14922,1.50,3.00
2018.10.22 12:32:19.968,1.14919,1.14921,3.00,1.00
2018.10.22 12:32:20.476,1.14919,1.14922,1.50,3.00
2018.10.22 12:32:20.990,1.14919,1.14921,1.50,1.00
2018.10.22 12:32:21.674,1.14919,1.14922,1.31,7.50
2018.10.22 12:32:22.890,1.14918,1.14919,2.32,1.87
2018.10.22 12:32:22.994,1.14916,1.14919,1.25,3.26
2018.10.22 12:32:23.529,1.14916,1.14918,1.25,1.00
2018.10.22 12:32:27.929,1.14915,1.14917,3.75,1.00
2018.10.22 12:32:27.983,1.14913,1.14914,2.32,1.00
2018.10.22 12:32:28.088,1.1491,1.14913,2.44,3.00
2018.10.22 12:32:28.606,1.1491,1.14913,1.69,1.87
2018.10.22 12:32:29.666,1.1491,1.14913,2.14,1.87
2018.10.22 12:32:30.187,1.1491,1.14913,2.14,1.12
2018.10.22 12:32:31.152,1.1491,1.14913,2.14,1.12
2018.10.22 12:32:31.660,1.1491,1.14913,5.14,1.87
2018.10.22 12:32:32.516,1.14911,1.14914,1.10,3.00
2018.10.22 12:32:32.570,1.14913,1.14914,1.00,1.87
2018.10.22 12:32:32.890,1.14905,1.14907,1.01,2.55
2018.10.22 12:32:33.310,1.14906,1.14908,1.95,1.12
2018.10.22 12:32:33.837,1.14906,1.14909,1.69,2.62
2018.10.22 12:32:34.404,1.14906,1.14908,1.00,1.57
2018.10.22 12:32:35.132,1.14906,1.14908,1.10,1.50
2018.10.22 12:32:36.996,1.14905,1.14908,1.50,1.50
2018.10.22 12:32:40.676,1.14904,1.14906,3.19,1.00
2018.10.22 12:32:40.781,1.14902,1.14903,2.25,1.25
2018.10.22 12:32:41.326,1.14901,1.14902,1.50,1.25
2018.10.22 12:32:41.954,1.149,1.14902,1.95,1.25
2018.10.22 12:32:42.110,1.149,1.14904,1.50,4.76
2018.10.22 12:32:42.879,1.14901,1.14903,1.00,1.00
2018.10.22 12:32:43.393,1.149,1.14904,4.20,2.81
2018.10.22 12:32:43.810,1.14902,1.14904,1.00,1.87
2018.10.22 12:32:44.200,1.14901,1.14902,1.57,3.19
2018.10.22 12:32:44.533,1.14893,1.14895,6.91,2.87
2018.10.22 12:32:44.840,1.1489,1.14894,6.45,1.57
2018.10.22 12:32:45.224,1.14893,1.14894,1.50,1.69
2018.10.22 12:32:45.335,1.14894,1.14896,1.95,1.00
2018.10.22 12:32:45.865,1.14892,1.14894,2.25,1.00
2018.10.22 12:32:46.190,1.14894,1.14897,2.25,1.47
2018.10.22 12:32:46.664,1.14893,1.14895,4.20,2.62
2018.10.22 12:32:46.809,1.14892,1.14895,1.20,5.70
2018.10.22 12:32:47.333,1.14891,1.14894,2.70,1.57
2018.10.22 12:32:47.872,1.14892,1.14895,1.50,4.31
2018.10.22 12:32:48.029,1.14891,1.14893,1.50,1.00
2018.10.22 12:32:48.216,1.14889,1.14892,3.45,2.14
2018.10.22 12:32:48.773,1.14889,1.14893,3.45,3.26
2018.10.22 12:32:49.295,1.1489,1.14892,1.57,1.00
2018.10.22 12:32:49.990,1.1489,1.14893,2.32,1.20
2018.10.22 12:32:50.045,1.14893,1.14894,1.00,1.95
2018.10.22 12:32:50.156,1.14894,1.14897,1.00,5.06
2018.10.22 12:32:50.428,1.14894,1.14895,1.00,2.44
2018.10.22 12:32:50.534,1.14892,1.14895,2.25,3.56
2018.10.22 12:32:51.062,1.14892,1.14894,1.50,3.19
2018.10.22 12:32:52.171,1.14891,1.14895,2.25,3.45
2018.10.22 12:32:52.286,1.14893,1.14895,1.87,1.20
2018.10.22 12:32:52.811,1.14893,1.14896,2.62,2.62
2018.10.22 12:32:53.141,1.14895,1.14898,1.00,9.37
2018.10.22 12:32:53.453,1.14894,1.14895,1.25,1.25
2018.10.22 12:32:53.663,1.14894,1.14897,1.95,3.45
2018.10.22 12:32:54.182,1.14894,1.14898,1.00,4.57
2018.10.22 12:32:54.435,1.14894,1.14896,1.39,2.44
2018.10.22 12:32:54.592,1.14894,1.14897,1.87,1.50
2018.10.22 12:32:55.132,1.14895,1.14898,1.00,2.81
2018.10.22 12:32:55.609,1.14897,1.14899,1.00,1.07
2018.10.22 12:32:55.759,1.14898,1.149,1.50,2.81
2018.10.22 12:32:55.812,1.14901,1.14902,1.00,1.00
2018.10.22 12:32:56.129,1.14904,1.14906,3.07,1.25
2018.10.22 12:32:56.350,1.14904,1.14908,1.95,3.94
2018.10.22 12:32:56.836,1.14904,1.14906,1.57,1.00
2018.10.22 12:32:57.226,1.14903,1.14905,1.25,1.19
2018.10.22 12:32:57.332,1.149,1.14904,4.39,6.19
2018.10.22 12:32:57.386,1.14903,1.14904,1.50,1.50
2018.10.22 12:32:57.440,1.14904,1.14906,1.10,3.00
2018.10.22 12:32:58.017,1.14904,1.14907,2.70,1.25
2018.10.22 12:32:58.541,1.14905,1.14908,1.57,2.06
2018.10.22 12:32:58.750,1.14907,1.14909,1.00,6.37
2018.10.22 12:32:59.290,1.14907,1.14908,3.26,1.87
2018.10.22 12:32:59.498,1.14905,1.14907,1.20,1.25
2018.10.22 12:33:00.045,1.14905,1.14907,4.01,1.25
2018.10.22 12:33:00.635,1.14905,1.14907,5.44,1.25
2018.10.22 12:33:00.690,1.14908,1.1491,1.50,2.14
2018.10.22 12:33:00.846,1.14909,1.14913,9.07,3.52
2018.10.22 12:33:01.006,1.14912,1.14913,2.25,1.20
2018.10.22 12:33:01.323,1.1491,1.14912,1.20,1.00
2018.10.22 12:33:01.972,1.1491,1.14913,3.07,1.25
2018.10.22 12:33:02.155,1.14914,1.14916,6.45,1.50
2018.10.22 12:33:02.260,1.14915,1.14917,1.76,1.50
2018.10.22 12:33:02.519,1.14914,1.14915,1.76,1.12
2018.10.22 12:33:02.625,1.14911,1.14913,2.25,1.69
2018.10.22 12:33:02.898,1.14912,1.14915,1.57,1.69
2018.10.22 12:33:03.450,1.14912,1.14913,1.25,1.00
2018.10.22 12:33:03.610,1.14912,1.14915,1.87,4.50
2018.10.22 12:33:03.820,1.14912,1.14913,1.10,2.44
2018.10.22 12:33:04.140,1.14906,1.14908,1.00,1.00
2018.10.22 12:33:05.148,1.14905,1.14908,1.95,1.50
2018.10.22 12:33:06.060,1.14907,1.14908,1.87,1.00
2018.10.22 12:33:06.425,1.14907,1.1491,6.37,2.25
2018.10.22 12:33:06.926,1.14908,1.14909,1.25,1.00
2018.10.22 12:33:07.263,1.14906,1.14908,1.57,1.00
2018.10.22 12:33:07.783,1.14906,1.1491,2.32,5.32
2018.10.22 12:33:07.836,1.14906,1.1491,3.26,8.32
2018.10.22 12:33:08.878,1.14906,1.1491,1.10,3.00
2018.10.22 12:33:09.710,1.14906,1.1491,2.89,7.69
2018.10.22 12:33:10.025,1.14908,1.1491,1.50,1.50
2018.10.22 12:33:10.559,1.14908,1.1491,5.89,1.00
2018.10.22 12:33:11.248,1.14909,1.14911,1.10,5.40
2018.10.22 12:33:11.762,1.14909,1.14912,2.32,9.60
2018.10.22 12:33:12.510,1.14911,1.14913,2.50,14.29
2018.10.22 12:33:12.667,1.14914,1.14915,2.62,1.00
2018.10.22 12:33:13.000,1.14912,1.14915,1.50,2.25
2018.10.22 12:33:14.117,1.14911,1.14914,2.70,2.25
2018.10.22 12:33:14.379,1.1491,1.14915,7.76,4.57
2018.10.22 12:33:14.642,1.1491,1.14913,1.50,1.50
2018.10.22 12:33:14.965,1.14915,1.14917,3.00,1.50
2018.10.22 12:33:15.387,1.14916,1.14919,1.12,3.26
2018.10.22 12:33:15.441,1.14918,1.1492,11.62,1.19
2018.10.22 12:33:15.547,1.14919,1.14922,1.39,1.60
2018.10.22 12:33:16.030,1.14917,1.14919,7.57,1.00
2018.10.22 12:33:16.772,1.14916,1.14918,1.87,1.00
2018.10.22 12:33:17.432,1.14916,1.14919,3.00,1.00
2018.10.22 12:33:17.743,1.14919,1.14923,4.95,3.82
2018.10.22 12:33:18.279,1.1492,1.14923,1.12,3.07
2018.10.22 12:33:18.809,1.1492,1.14922,1.00,1.50
2018.10.22 12:33:19.072,1.14918,1.14922,3.64,3.75
2018.10.22 12:33:19.738,1.14919,1.14922,1.25,6.00
2018.10.22 12:33:19.896,1.14918,1.14922,5.32,5.25
2018.10.22 12:33:20.420,1.14918,1.14922,4.57,3.37
2018.10.22 12:33:20.937,1.14919,1.14922,6.07,12.00
2018.10.22 12:33:22.766,1.14921,1.14923,4.76,2.25
2018.10.22 12:33:22.879,1.14919,1.14922,1.01,2.44
2018.10.22 12:33:22.985,1.14918,1.14919,1.00,3.00
2018.10.22 12:33:23.092,1.14916,1.14918,1.00,3.00
2018.10.22 12:33:23.598,1.14914,1.14918,8.32,1.00
2018.10.22 12:33:24.114,1.14914,1.14918,6.82,1.10
2018.10.22 12:33:24.374,1.14913,1.14914,4.95,1.50
2018.10.22 12:33:24.478,1.14911,1.14913,1.10,2.25
2018.10.22 12:33:25.029,1.1491,1.14912,1.00,1.00
2018.10.22 12:33:25.546,1.14909,1.14912,2.70,1.00
2018.10.22 12:33:26.074,1.1491,1.14912,1.00,1.00
2018.10.22 12:33:26.644,1.14909,1.14912,5.51,1.00
2018.10.22 12:33:27.157,1.14909,1.14913,3.26,2.25
2018.10.22 12:33:27.423,1.14909,1.14911,2.25,1.50
2018.10.22 12:33:27.712,1.14904,1.14907,4.39,1.50
2018.10.22 12:33:28.232,1.14905,1.14907,1.00,1.25
2018.10.22 12:33:28.738,1.14906,1.14908,1.00,1.25
2018.10.22 12:33:29.282,1.14907,1.14909,1.20,3.00
2018.10.22 12:33:29.560,1.14905,1.14908,1.10,3.00
2018.10.22 12:33:30.088,1.14905,1.14908,2.44,1.50
2018.10.22 12:33:30.591,1.14904,1.14907,4.57,1.25
2018.10.22 12:33:30.700,1.14903,1.14905,2.06,1.50
2018.10.22 12:33:31.065,1.14902,1.14904,1.31,1.00
2018.10.22 12:33:32.675,1.14902,1.14904,1.31,1.00
2018.10.22 12:33:33.167,1.14901,1.14904,1.10,3.00
2018.10.22 12:33:34.362,1.14901,1.14903,1.00,1.00
2018.10.22 12:33:34.858,1.14903,1.14905,1.19,6.82
2018.10.22 12:33:35.069,1.14904,1.14906,3.64,1.00
2018.10.22 12:33:35.394,1.14905,1.14907,1.19,3.37
2018.10.22 12:33:38.373,1.14905,1.14908,1.19,4.16
2018.10.22 12:33:39.507,1.14905,1.14908,1.25,7.46
2018.10.22 12:33:40.076,1.14904,1.14908,4.39,3.75
2018.10.22 12:33:40.386,1.14905,1.14908,1.19,3.00
2018.10.22 12:33:40.928,1.14905,1.14908,1.25,9.71
2018.10.22 12:33:41.671,1.14904,1.14907,5.32,1.00
2018.10.22 12:33:42.399,1.14905,1.14908,1.50,3.19
2018.10.22 12:33:44.704,1.14905,1.14908,2.89,2.25
2018.10.22 12:33:45.205,1.14905,1.14909,4.39,7.57
2018.10.22 12:33:45.770,1.14905,1.14908,5.14,1.00
2018.10.22 12:33:46.306,1.14905,1.14909,5.51,8.62
2018.10.22 12:33:46.945,1.14906,1.14909,1.25,6.75
2018.10.22 12:33:47.287,1.14909,1.14911,1.19,2.25
2018.10.22 12:33:49.045,1.14909,1.14912,1.76,1.50
2018.10.22 12:33:50.598,1.14909,1.14912,1.00,1.69
2018.10.22 12:33:50.913,1.14906,1.14909,1.69,2.25
2018.10.22 12:33:52.630,1.14906,1.14909,5.14,2.25
2018.10.22 12:33:52.965,1.14905,1.14907,2.32,1.00
2018.10.22 12:33:53.397,1.14906,1.14909,2.32,1.50
2018.10.22 12:33:55.397,1.14906,1.14908,2.14,1.00
2018.10.22 12:33:55.921,1.14906,1.14909,1.69,2.62
2018.10.22 12:33:59.205,1.14908,1.1491,1.50,1.00
2018.10.22 12:33:59.366,1.14909,1.14911,1.00,4.12
2018.10.22 12:33:59.420,1.14907,1.14909,4.57,1.35
2018.10.22 12:33:59.930,1.14906,1.1491,8.36,3.00
2018.10.22 12:34:00.597,1.14906,1.14909,4.01,1.00
2018.10.22 12:34:01.118,1.14906,1.14908,1.00,1.10
2018.10.22 12:34:01.621,1.14905,1.14908,1.39,1.00
2018.10.22 12:34:02.603,1.14906,1.14908,2.25,1.00
2018.10.22 12:34:05.077,1.14908,1.14909,1.00,1.00
2018.10.22 12:34:05.182,1.14909,1.14911,1.19,1.10
2018.10.22 12:34:05.697,1.14909,1.14911,1.69,1.00
2018.10.22 12:34:06.014,1.1491,1.14912,1.19,1.00
2018.10.22 12:34:06.230,1.14911,1.14914,5.44,1.00
2018.10.22 12:34:06.290,1.14912,1.14916,1.19,7.57
2018.10.22 12:34:06.500,1.1491,1.14913,3.26,1.00
2018.10.22 12:34:07.038,1.1491,1.14913,2.44,2.25
2018.10.22 12:34:07.683,1.1491,1.14914,3.94,6.45
2018.10.22 12:34:08.205,1.1491,1.14914,4.39,6.82
2018.10.22 12:34:10.633,1.1491,1.14914,4.87,8.89
2018.10.22 12:34:11.310,1.1491,1.14914,5.89,5.89
2018.10.22 12:34:11.641,1.14916,1.14918,1.00,2.32
2018.10.22 12:34:12.182,1.14915,1.14918,2.44,2.44
2018.10.22 12:34:12.704,1.14914,1.14916,3.64,1.00
2018.10.22 12:34:12.876,1.14913,1.14914,2.10,1.10
2018.10.22 12:34:12.939,1.14911,1.14912,1.25,1.00
2018.10.22 12:34:12.994,1.14909,1.14911,2.06,1.00
2018.10.22 12:34:13.511,1.14909,1.14911,1.25,1.00
2018.10.22 12:34:13.733,1.14911,1.14913,1.25,1.57
2018.10.22 12:34:14.320,1.14911,1.14914,1.25,3.00
2018.10.22 12:34:16.858,1.14913,1.14915,1.00,2.70
2018.10.22 12:34:17.016,1.14913,1.14916,1.69,2.32
2018.10.22 12:34:17.552,1.14914,1.14915,1.00,1.00
2018.10.22 12:34:18.359,1.14914,1.14916,1.00,5.89
2018.10.22 12:34:18.697,1.14911,1.14914,3.64,1.01
2018.10.22 12:34:19.155,1.14913,1.14915,1.00,5.70
2018.10.22 12:34:19.663,1.14913,1.14915,1.00,3.82
2018.10.22 12:34:20.010,1.14914,1.14916,1.00,2.70
2018.10.22 12:34:20.167,1.14915,1.14918,1.50,5.32
2018.10.22 12:34:20.749,1.14915,1.14917,1.50,1.00
2018.10.22 12:34:21.253,1.14915,1.14918,1.10,1.10
2018.10.22 12:34:24.133,1.14916,1.14918,1.00,1.12
2018.10.22 12:34:24.750,1.14917,1.14919,1.00,4.76
2018.10.22 12:34:25.292,1.14916,1.14919,1.00,1.57
2018.10.22 12:34:25.828,1.14916,1.14919,1.69,4.39
2018.10.22 12:34:26.352,1.14915,1.14919,3.94,6.07
2018.10.22 12:34:26.864,1.14915,1.14919,6.37,6.64
2018.10.22 12:34:27.514,1.14916,1.14919,1.00,4.39
2018.10.22 12:34:27.673,1.14918,1.14921,5.06,1.57
2018.10.22 12:34:27.727,1.1492,1.14922,2.44,1.00
2018.10.22 12:34:27.804,1.1492,1.14923,1.69,5.32
2018.10.22 12:34:28.396,1.1492,1.14922,2.44,1.00
2018.10.22 12:34:28.945,1.1492,1.14923,1.69,3.56
2018.10.22 12:34:29.455,1.1492,1.14922,1.69,1.00
2018.10.22 12:34:29.990,1.1492,1.14923,2.51,1.76
2018.10.22 12:34:30.893,1.14918,1.14919,1.95,5.25
2018.10.22 12:34:30.947,1.14917,1.14919,1.00,6.45
2018.10.22 12:34:37.253,1.14916,1.14918,4.20,4.31
2018.10.22 12:34:39.481,1.14917,1.14919,1.00,2.25
2018.10.22 12:34:39.637,1.14918,1.1492,1.50,4.50
2018.10.22 12:34:40.141,1.14917,1.14919,1.50,1.50
2018.10.22 12:34:40.769,1.14917,1.1492,1.00,6.26
2018.10.22 12:34:41.410,1.14917,1.14919,1.69,2.44
2018.10.22 12:34:42.136,1.14917,1.14919,1.00,2.89
2018.10.22 12:34:42.714,1.14917,1.14919,1.00,1.31
2018.10.22 12:34:43.218,1.14917,1.14919,1.00,2.06
2018.10.22 12:34:43.810,1.14917,1.14919,1.00,2.81
2018.10.22 12:34:46.758,1.14917,1.14919,1.50,3.94
2018.10.22 12:34:47.447,1.14917,1.14919,1.50,3.00
2018.10.22 12:34:56.257,1.14917,1.1492,1.69,3.82
2018.10.22 12:34:56.368,1.1492,1.14921,1.00,1.95
2018.10.22 12:34:56.474,1.1492,1.14922,1.69,3.45
2018.10.22 12:34:56.582,1.14919,1.14921,4.76,3.81
2018.10.22 12:34:56.802,1.14917,1.14919,6.56,3.75
2018.10.22 12:34:58.970,1.14917,1.14919,1.69,2.44
2018.10.22 12:34:59.510,1.14917,1.14919,1.69,2.06
2018.10.22 12:35:00.100,1.14917,1.14919,1.69,3.56
2018.10.22 12:35:00.650,1.14917,1.14919,1.25,2.89
2018.10.22 12:35:01.141,1.14919,1.1492,1.00,2.70
2018.10.22 12:35:01.695,1.14917,1.14919,2.89,2.25
2018.10.22 12:35:01.900,1.14916,1.14918,1.69,1.12
2018.10.22 12:35:02.214,1.14918,1.14919,1.25,3.07
2018.10.22 12:35:02.318,1.14918,1.14921,1.69,4.95
2018.10.22 12:35:02.854,1.14918,1.14921,4.24,5.70
2018.10.22 12:35:03.380,1.14918,1.1492,3.49,1.00
2018.10.22 12:35:04.047,1.14918,1.14921,3.49,3.45
2018.10.22 12:35:05.507,1.14918,1.14922,4.42,6.45
2018.10.22 12:35:06.008,1.14918,1.14922,7.42,7.12
2018.10.22 12:35:06.777,1.1492,1.14923,2.25,6.07
2018.10.22 12:35:07.284,1.1492,1.14923,5.32,1.39
2018.10.22 12:35:08.538,1.1492,1.14923,5.32,1.00
2018.10.22 12:35:11.232,1.1492,1.14923,3.82,1.10
2018.10.22 12:35:13.181,1.14922,1.14924,1.00,2.62
2018.10.22 12:35:13.712,1.14922,1.14924,1.69,4.76
2018.10.22 12:35:22.567,1.14922,1.14924,1.69,1.87
2018.10.22 12:35:23.085,1.14922,1.14923,1.69,1.10
2018.10.22 12:35:26.527,1.14922,1.14924,1.69,3.26
2018.10.22 12:35:27.228,1.14922,1.14924,1.69,9.26
2018.10.22 12:35:27.740,1.14922,1.14924,1.69,3.26
2018.10.22 12:35:28.802,1.14922,1.14924,1.69,2.51
2018.10.22 12:35:29.342,1.14922,1.14924,1.69,4.20
2018.10.22 12:35:29.394,1.1492,1.14921,6.45,1.50
2018.10.22 12:35:29.847,1.1492,1.14923,2.51,1.12
2018.10.22 12:35:31.188,1.14921,1.14922,1.69,1.00
2018.10.22 12:35:31.713,1.14921,1.14923,1.39,1.57
2018.10.22 12:35:32.698,1.14921,1.14924,1.25,2.70
2018.10.22 12:35:33.218,1.14921,1.14924,4.39,3.07
2018.10.22 12:35:33.537,1.14923,1.14925,1.50,3.07
2018.10.22 12:35:33.856,1.14928,1.14931,1.76,1.31
2018.10.22 12:35:34.207,1.14934,1.14935,1.50,1.95
2018.10.22 12:35:34.313,1.14935,1.14938,1.01,4.12
2018.10.22 12:35:34.856,1.14935,1.14938,3.64,4.69
2018.10.22 12:35:34.960,1.14936,1.14938,1.69,1.50
2018.10.22 12:35:35.553,1.14936,1.14939,1.29,4.31
2018.10.22 12:35:36.237,1.14936,1.14937,1.25,1.69
2018.10.22 12:35:36.294,1.14934,1.14936,1.76,2.25
2018.10.22 12:35:36.404,1.14933,1.14936,1.50,9.45
2018.10.22 12:35:36.509,1.14935,1.14938,2.25,3.64
2018.10.22 12:35:36.562,1.14935,1.14938,3.64,3.19
2018.10.22 12:35:36.672,1.14936,1.14938,4.39,1.12
2018.10.22 12:35:37.285,1.14937,1.1494,1.01,2.25
2018.10.22 12:35:37.649,1.14937,1.1494,1.39,4.39
2018.10.22 12:35:37.753,1.14936,1.1494,6.49,2.44
2018.10.22 12:35:37.806,1.1494,1.14941,4.69,1.95
2018.10.22 12:35:37.858,1.14941,1.14943,1.25,1.50
2018.10.22 12:35:38.105,1.14939,1.1494,1.20,1.00
2018.10.22 12:35:38.210,1.14938,1.14939,1.25,1.00
2018.10.22 12:35:38.760,1.14937,1.14939,1.00,1.69
2018.10.22 12:35:39.386,1.14937,1.1494,2.06,4.57
2018.10.22 12:35:40.376,1.14939,1.1494,1.00,1.00
2018.10.22 12:35:40.904,1.14939,1.14941,1.69,1.50
2018.10.22 12:35:41.205,1.1494,1.14943,3.94,2.14
2018.10.22 12:35:41.721,1.14941,1.14943,1.00,1.00
2018.10.22 12:35:43.289,1.14939,1.1494,2.32,2.25
2018.10.22 12:35:43.396,1.14936,1.14938,2.89,1.00
2018.10.22 12:35:43.503,1.14937,1.1494,1.12,1.95
2018.10.22 12:35:43.557,1.1494,1.14941,1.50,3.00
2018.10.22 12:35:43.738,1.1494,1.14943,4.12,1.01
2018.10.22 12:35:44.265,1.14941,1.14943,1.01,1.00
2018.10.22 12:35:45.186,1.14941,1.14944,1.70,1.01
2018.10.22 12:35:45.474,1.14943,1.14945,3.45,1.00
2018.10.22 12:35:45.975,1.14944,1.14946,1.25,1.25
2018.10.22 12:35:48.568,1.14942,1.14944,2.70,1.25
2018.10.22 12:35:48.676,1.14941,1.14944,1.76,1.12
2018.10.22 12:35:49.227,1.14942,1.14944,1.95,1.57
2018.10.22 12:35:50.207,1.14943,1.14945,1.00,2.32
2018.10.22 12:35:50.731,1.14941,1.14945,5.14,1.10
2018.10.22 12:35:51.096,1.14942,1.14946,3.82,2.70
2018.10.22 12:35:52.014,1.14944,1.14946,3.07,1.20
2018.10.22 12:35:52.067,1.14946,1.14949,1.57,2.25
2018.10.22 12:35:52.172,1.14948,1.1495,1.10,1.00
2018.10.22 12:35:52.486,1.14949,1.14952,1.00,1.95
2018.10.22 12:35:52.627,1.14951,1.14953,1.00,1.57
2018.10.22 12:35:53.162,1.14951,1.14954,1.10,4.12
2018.10.22 12:35:53.739,1.1495,1.14951,2.14,1.00
2018.10.22 12:35:53.791,1.14949,1.1495,1.20,1.00
2018.10.22 12:35:53.895,1.14947,1.1495,1.57,1.69
2018.10.22 12:35:54.035,1.14947,1.1495,2.51,6.94
2018.10.22 12:35:54.140,1.14947,1.1495,1.10,3.94
2018.10.22 12:35:54.662,1.14947,1.1495,1.00,2.51
2018.10.22 12:35:55.198,1.14947,1.1495,1.00,2.66
2018.10.22 12:35:55.704,1.14947,1.1495,1.00,2.51
2018.10.22 12:35:56.353,1.14947,1.1495,1.00,1.76
2018.10.22 12:35:56.904,1.14946,1.1495,1.57,4.39
2018.10.22 12:35:57.470,1.14946,1.14949,3.64,1.19
2018.10.22 12:35:58.014,1.14946,1.14949,2.70,1.25
2018.10.22 12:35:58.720,1.14946,1.14949,2.89,1.19
2018.10.22 12:35:59.258,1.14946,1.14949,2.32,1.25
2018.10.22 12:35:59.768,1.14946,1.14949,5.51,1.76
2018.10.22 12:36:00.289,1.14946,1.14949,4.01,1.25
2018.10.22 12:36:01.124,1.14946,1.14949,4.01,1.00
2018.10.22 12:36:01.761,1.14946,1.1495,5.70,1.39
2018.10.22 12:36:02.274,1.14947,1.1495,1.25,3.82
2018.10.22 12:36:02.850,1.14947,1.1495,1.57,4.50
2018.10.22 12:36:03.739,1.14946,1.14949,7.20,1.00
2018.10.22 12:36:03.795,1.14945,1.14946,4.20,1.50
2018.10.22 12:36:03.902,1.14943,1.14946,1.76,3.75
2018.10.22 12:36:04.412,1.14943,1.14946,1.31,2.89
2018.10.22 12:36:04.966,1.14943,1.14945,2.06,1.10
2018.10.22 12:36:05.755,1.14942,1.14944,3.00,1.00
2018.10.22 12:36:06.299,1.14942,1.14944,1.87,1.01
2018.10.22 12:36:11.033,1.14942,1.14944,1.87,1.20
2018.10.22 12:36:11.617,1.14943,1.14945,1.00,11.70
2018.10.22 12:36:12.457,1.14943,1.14945,1.00,8.14
2018.10.22 12:36:15.859,1.14942,1.14944,1.20,1.20
2018.10.22 12:36:19.801,1.14945,1.14946,1.35,17.70
2018.10.22 12:36:20.014,1.14947,1.14948,1.00,1.87
2018.10.22 12:36:20.121,1.1495,1.14951,1.50,6.94
2018.10.22 12:36:20.516,1.14951,1.14953,1.39,1.57
2018.10.22 12:36:21.143,1.1495,1.14952,2.51,1.00
2018.10.22 12:36:21.780,1.1495,1.14953,2.51,1.10
2018.10.22 12:36:22.281,1.1495,1.14954,3.64,5.51
2018.10.22 12:36:22.660,1.1495,1.14952,4.39,1.00
2018.10.22 12:36:23.209,1.14949,1.1495,3.64,1.50
2018.10.22 12:36:23.314,1.14947,1.1495,1.50,1.76
2018.10.22 12:36:23.832,1.14947,1.14949,2.25,1.00
2018.10.22 12:36:25.425,1.14947,1.14949,1.00,1.00
2018.10.22 12:36:29.182,1.14946,1.14948,1.00,1.00
2018.10.22 12:36:30.311,1.14945,1.14949,1.39,2.70
2018.10.22 12:36:30.364,1.14946,1.14949,2.44,1.95
2018.10.22 12:36:30.417,1.14946,1.14949,3.19,2.51
2018.10.22 12:36:30.573,1.14945,1.14946,1.10,1.00
2018.10.22 12:36:30.731,1.14945,1.14948,1.50,1.95
2018.10.22 12:36:31.334,1.14946,1.14949,1.25,2.70
2018.10.22 12:36:31.872,1.14946,1.14949,1.00,4.20
2018.10.22 12:36:32.417,1.14947,1.14949,1.00,2.14
2018.10.22 12:36:33.043,1.14947,1.14948,1.00,1.00
2018.10.22 12:36:33.569,1.14945,1.14948,1.12,3.26
2018.10.22 12:36:33.677,1.14943,1.14946,3.07,2.44
2018.10.22 12:36:33.997,1.14942,1.14944,1.10,1.20
2018.10.22 12:36:36.086,1.14942,1.14943,1.00,1.00
2018.10.22 12:36:36.879,1.14942,1.14944,1.00,3.00
2018.10.22 12:36:37.940,1.14942,1.14943,1.00,1.00
2018.10.22 12:36:38.690,1.14941,1.14943,1.95,1.10
2018.10.22 12:36:39.330,1.14942,1.14944,1.10,1.95
2018.10.22 12:36:39.656,1.14944,1.14947,2.25,4.20
2018.10.22 12:36:40.196,1.14944,1.14947,1.20,1.95
2018.10.22 12:36:40.743,1.14944,1.14947,1.20,1.95
2018.10.22 12:36:41.868,1.14943,1.14945,1.45,1.00
2018.10.22 12:36:41.972,1.14941,1.14944,3.86,2.25
2018.10.22 12:36:42.484,1.14942,1.14945,1.57,2.25
2018.10.22 12:36:42.953,1.14941,1.14943,1.95,1.00
2018.10.22 12:36:43.487,1.14941,1.14943,1.00,1.00
2018.10.22 12:36:44.008,1.14941,1.14944,3.26,1.20
2018.10.22 12:36:44.524,1.14942,1.14945,2.89,4.20
2018.10.22 12:36:45.067,1.14942,1.14944,1.00,1.00
2018.10.22 12:36:45.612,1.14942,1.14945,1.00,3.45
2018.10.22 12:36:46.162,1.14941,1.14945,3.11,5.70
2018.10.22 12:36:46.681,1.14941,1.14944,1.12,1.10
2018.10.22 12:36:48.328,1.1494,1.14943,5.14,1.00
2018.10.22 12:36:48.833,1.1494,1.14944,4.39,1.57
2018.10.22 12:36:50.296,1.14941,1.14944,3.64,1.00
2018.10.22 12:36:51.084,1.14941,1.14945,3.26,6.64
2018.10.22 12:36:51.682,1.14941,1.14945,4.76,7.57
2018.10.22 12:36:54.324,1.14941,1.14945,2.14,4.20
2018.10.22 12:36:54.861,1.14941,1.14944,3.86,2.25
2018.10.22 12:36:56.702,1.14941,1.14944,3.82,2.44
2018.10.22 12:36:57.235,1.14942,1.14944,1.00,1.50
2018.10.22 12:36:58.085,1.14941,1.14944,1.39,1.50
2018.10.22 12:36:58.595,1.14941,1.14944,4.76,1.20
2018.10.22 12:37:01.481,1.14941,1.14944,3.45,1.00
2018.10.22 12:37:03.113,1.14942,1.14944,1.00,1.50
2018.10.22 12:37:03.519,1.14938,1.14939,1.57,1.00
2018.10.22 12:37:03.624,1.14936,1.14938,1.01,1.57
2018.10.22 12:37:03.938,1.14939,1.1494,1.00,2.85
2018.10.22 12:37:04.124,1.1494,1.14942,1.00,1.50
2018.10.22 12:37:04.231,1.14942,1.14944,2.25,1.10
2018.10.22 12:37:04.494,1.14945,1.14948,1.87,3.45
2018.10.22 12:37:04.995,1.14945,1.14947,2.14,1.57
2018.10.22 12:37:05.153,1.14945,1.14949,1.76,2.70
2018.10.22 12:37:06.267,1.14945,1.14948,4.39,1.00
2018.10.22 12:37:06.321,1.14945,1.14948,6.64,1.00
2018.10.22 12:37:08.815,1.14946,1.14949,1.20,1.20
2018.10.22 12:37:09.435,1.14946,1.14948,4.99,1.00
2018.10.22 12:37:09.746,1.14951,1.14955,5.55,4.57
2018.10.22 12:37:09.800,1.14951,1.14955,4.01,5.51
2018.10.22 12:37:09.855,1.14951,1.14954,3.64,1.69
2018.10.22 12:37:10.361,1.1495,1.14953,1.10,2.25
2018.10.22 12:37:10.885,1.14951,1.14954,1.10,1.87
2018.10.22 12:37:11.159,1.14955,1.14957,2.75,9.45
2018.10.22 12:37:11.320,1.14957,1.1496,4.05,4.20
2018.10.22 12:37:11.480,1.14962,1.14963,3.67,1.25
2018.10.22 12:37:11.752,1.14962,1.14965,2.32,3.45
2018.10.22 12:37:12.016,1.14963,1.14967,3.45,1.69
2018.10.22 12:37:12.541,1.14963,1.14966,2.89,1.00
2018.10.22 12:37:12.648,1.14962,1.14965,1.31,4.20
2018.10.22 12:37:13.148,1.1496,1.14964,5.14,1.76
2018.10.22 12:37:13.662,1.14961,1.14964,1.57,1.57
2018.10.22 12:37:14.196,1.1496,1.14964,5.14,3.07
2018.10.22 12:37:15.419,1.1496,1.14964,2.89,1.20
2018.10.22 12:37:15.969,1.1496,1.14963,4.01,1.25
2018.10.22 12:37:16.472,1.14959,1.14962,2.32,2.62
2018.10.22 12:37:16.826,1.14958,1.14959,1.95,1.69
2018.10.22 12:37:16.881,1.14956,1.14959,2.32,2.89
2018.10.22 12:37:16.988,1.14954,1.14956,1.37,5.06
2018.10.22 12:37:17.042,1.14953,1.14955,3.45,3.75
2018.10.22 12:37:17.353,1.14954,1.14957,5.36,1.00
2018.10.22 12:37:17.616,1.14954,1.14955,1.01,1.50
2018.10.22 12:37:17.724,1.14951,1.14954,5.17,1.00
2018.10.22 12:37:17.935,1.14954,1.14957,2.06,1.20
2018.10.22 12:37:18.052,1.14954,1.14958,2.32,4.20
2018.10.22 12:37:19.021,1.14954,1.14958,3.45,5.70
2018.10.22 12:37:19.568,1.14955,1.14958,1.20,2.32
2018.10.22 12:37:20.092,1.14955,1.14958,1.01,1.12
2018.10.22 12:37:20.785,1.14955,1.14959,2.70,1.50
2018.10.22 12:37:21.327,1.14956,1.14959,1.20,1.20
2018.10.22 12:37:22.551,1.14956,1.14959,1.39,2.89
2018.10.22 12:37:23.088,1.14955,1.14959,4.76,1.39
2018.10.22 12:37:23.347,1.14955,1.14959,2.89,2.89
2018.10.22 12:37:24.262,1.14955,1.14958,2.89,1.00
2018.10.22 12:37:24.933,1.14955,1.14958,3.26,1.00
2018.10.22 12:37:25.209,1.14955,1.1496,10.95,5.89
2018.10.22 12:37:25.641,1.14958,1.1496,3.00,1.50
2018.10.22 12:37:25.944,1.14962,1.14965,3.07,5.44
2018.10.22 12:37:26.515,1.14965,1.14966,3.19,2.51
2018.10.22 12:37:26.696,1.14966,1.14968,3.07,1.50
2018.10.22 12:37:27.303,1.14965,1.14968,3.07,1.00
2018.10.22 12:37:27.722,1.14966,1.14969,1.20,5.14
2018.10.22 12:37:28.352,1.14969,1.1497,1.87,1.57
2018.10.22 12:37:28.509,1.14971,1.14973,1.00,1.69
2018.10.22 12:37:29.036,1.14972,1.14974,1.00,1.00
2018.10.22 12:37:29.564,1.14972,1.14975,1.20,1.95
2018.10.22 12:37:30.098,1.14971,1.14974,3.45,1.01
2018.10.22 12:37:30.612,1.14974,1.14976,4.35,3.45
2018.10.22 12:37:31.134,1.14972,1.14975,4.39,1.20
2018.10.22 12:37:31.659,1.14975,1.14976,5.44,2.70
2018.10.22 12:37:31.821,1.14975,1.14978,4.39,1.57
2018.10.22 12:37:32.345,1.14975,1.14977,3.64,1.00
2018.10.22 12:37:32.788,1.14976,1.14978,4.05,1.00
2018.10.22 12:37:33.210,1.14975,1.14978,3.64,1.69
2018.10.22 12:37:33.537,1.14976,1.14979,6.07,1.50
2018.10.22 12:37:33.852,1.14976,1.14977,1.50,1.00
2018.10.22 12:37:34.366,1.14974,1.14977,4.39,1.00
2018.10.22 12:37:34.420,1.14976,1.14978,1.00,3.45
2018.10.22 12:37:34.733,1.14974,1.14976,2.70,1.00
2018.10.22 12:37:35.172,1.14973,1.14975,1.10,3.82
2018.10.22 12:37:35.279,1.14971,1.14974,1.00,2.51
2018.10.22 12:37:35.819,1.14971,1.14973,1.10,1.39
2018.10.22 12:37:36.473,1.14969,1.14973,1.57,3.26
2018.10.22 12:37:36.686,1.14969,1.14971,2.25,1.00
2018.10.22 12:37:37.232,1.1497,1.14973,2.32,1.25
2018.10.22 12:37:38.063,1.14973,1.14975,1.87,1.95
2018.10.22 12:37:38.324,1.14972,1.14973,1.00,1.25
2018.10.22 12:37:38.875,1.14971,1.14973,1.20,1.20
2018.10.22 12:37:39.908,1.14972,1.14973,1.00,1.39
2018.10.22 12:37:40.409,1.14971,1.14973,3.07,1.39
2018.10.22 12:37:40.991,1.14971,1.14974,2.25,2.70
2018.10.22 12:37:41.045,1.14974,1.14975,1.50,2.14
2018.10.22 12:37:41.263,1.14971,1.14974,2.51,1.00
2018.10.22 12:37:41.578,1.14971,1.14972,1.00,1.00
2018.10.22 12:37:42.120,1.14971,1.14973,3.45,1.00
2018.10.22 12:37:42.646,1.14971,1.14973,1.50,1.00
2018.10.22 12:37:44.077,1.1497,1.14973,5.32,1.50
2018.10.22 12:37:44.615,1.14971,1.14973,1.00,1.00
2018.10.22 12:37:45.837,1.14974,1.14975,1.12,1.00
2018.10.22 12:37:45.996,1.14974,1.14977,1.20,1.50
2018.10.22 12:37:46.206,1.14973,1.14975,2.17,3.75
2018.10.22 12:37:46.387,1.1497,1.14973,7.42,1.25
2018.10.22 12:37:48.678,1.1497,1.14971,1.20,1.00
2018.10.22 12:37:48.852,1.14967,1.14969,1.00,3.07
2018.10.22 12:37:48.906,1.14966,1.14969,1.87,3.07
2018.10.22 12:37:49.176,1.14963,1.14966,6.49,1.50
2018.10.22 12:37:49.495,1.14959,1.14962,3.07,2.89
2018.10.22 12:37:50.017,1.14956,1.14959,6.45,1.00
2018.10.22 12:37:50.353,1.14956,1.14957,1.00,1.00
2018.10.22 12:37:50.870,1.14956,1.14958,1.10,1.95
2018.10.22 12:37:51.203,1.14961,1.14963,3.45,3.07
2018.10.22 12:37:51.309,1.14962,1.14966,8.14,8.70
2018.10.22 12:37:51.416,1.14965,1.14967,1.00,3.45
2018.10.22 12:37:51.756,1.14968,1.1497,1.87,3.75
2018.10.22 12:37:52.268,1.14968,1.14971,6.19,1.76
2018.10.22 12:37:52.595,1.14966,1.14969,3.45,1.25
2018.10.22 12:37:53.159,1.14966,1.14969,1.29,1.45
2018.10.22 12:37:53.798,1.14965,1.14968,2.51,1.50
2018.10.22 12:37:54.331,1.14965,1.14967,2.14,1.10
2018.10.22 12:37:55.490,1.14964,1.14966,2.14,1.00
2018.10.22 12:37:57.166,1.14965,1.14969,3.64,2.32
2018.10.22 12:37:57.219,1.14965,1.14967,6.45,1.00
2018.10.22 12:38:01.319,1.14964,1.14966,3.82,1.00
2018.10.22 12:38:01.477,1.14962,1.14964,1.10,1.20
2018.10.22 12:38:01.996,1.14961,1.14964,3.04,1.00
2018.10.22 12:38:02.684,1.14961,1.14963,1.01,1.00
2018.10.22 12:38:02.738,1.14959,1.14961,6.45,2.81
2018.10.22 12:38:02.897,1.14956,1.14958,1.69,3.07
2018.10.22 12:38:03.398,1.14956,1.14958,1.39,1.10
2018.10.22 12:38:03.922,1.14955,1.14957,5.32,1.00
2018.10.22 12:38:04.463,1.14955,1.14957,4.57,1.00
2018.10.22 12:38:05.620,1.14955,1.14959,4.39,3.07
2018.10.22 12:38:06.345,1.14954,1.14957,1.95,1.25
2018.10.22 12:38:06.449,1.14953,1.14957,4.01,1.01
2018.10.22 12:38:07.255,1.14961,1.14962,1.87,2.25
2018.10.22 12:38:07.773,1.1496,1.14963,1.95,2.89
2018.10.22 12:38:14.246,1.1496,1.14963,3.64,1.50
2018.10.22 12:38:14.923,1.14961,1.14963,1.25,1.50
2018.10.22 12:38:15.815,1.1496,1.14963,3.07,1.00
2018.10.22 12:38:17.450,1.14961,1.14964,4.57,1.20
2018.10.22 12:38:17.955,1.14963,1.14965,1.50,1.00
2018.10.22 12:38:18.480,1.14964,1.14966,2.70,1.00
2018.10.22 12:38:18.875,1.14963,1.14964,2.89,1.25
2018.10.22 12:38:19.038,1.1496,1.14964,3.64,4.20
2018.10.22 12:38:19.594,1.1496,1.14964,1.20,2.70
2018.10.22 12:38:19.806,1.14961,1.14963,1.20,1.00
2018.10.22 12:38:19.965,1.14961,1.14965,4.05,4.57
2018.10.22 12:38:20.475,1.1496,1.14965,5.70,8.89
2018.10.22 12:38:21.022,1.1496,1.14965,3.26,6.45
2018.10.22 12:38:21.615,1.1496,1.14963,10.76,1.00
2018.10.22 12:38:23.188,1.1496,1.14964,1.39,2.25
2018.10.22 12:38:23.693,1.14958,1.14959,3.45,1.00
2018.10.22 12:38:23.747,1.14956,1.14959,1.57,1.87
2018.10.22 12:38:24.352,1.14956,1.14958,1.39,1.57
2018.10.22 12:38:24.768,1.14958,1.1496,1.00,3.45
2018.10.22 12:38:24.822,1.14957,1.14959,1.76,1.50
2018.10.22 12:38:25.343,1.14956,1.14959,1.00,2.51
2018.10.22 12:38:25.848,1.14955,1.14959,3.82,3.45
2018.10.22 12:38:26.248,1.14957,1.14959,1.00,3.26
2018.10.22 12:38:26.551,1.14961,1.14963,1.35,1.50
2018.10.22 12:38:31.112,1.1496,1.14963,3.07,1.00
2018.10.22 12:38:31.433,1.14956,1.14958,1.57,2.51
2018.10.22 12:38:32.203,1.14954,1.14958,14.70,1.00
2018.10.22 12:38:32.712,1.14956,1.14958,1.25,1.25
2018.10.22 12:38:33.295,1.14955,1.14958,1.20,1.00
2018.10.22 12:38:34.104,1.14956,1.14958,1.25,1.25
2018.10.22 12:38:34.635,1.14954,1.14956,1.76,3.94
2018.10.22 12:38:34.690,1.14952,1.14956,2.74,3.94
2018.10.22 12:38:35.635,1.14952,1.14955,3.49,1.00
2018.10.22 12:38:36.037,1.14951,1.14953,1.95,1.00
2018.10.22 12:38:36.240,1.14947,1.14949,1.87,3.00
2018.10.22 12:38:36.344,1.14946,1.14947,1.57,1.00
2018.10.22 12:38:36.605,1.14943,1.14946,1.39,2.25
2018.10.22 12:38:36.658,1.14943,1.14944,1.01,2.25
2018.10.22 12:38:36.837,1.14941,1.14944,1.69,5.70
2018.10.22 12:38:37.050,1.14944,1.14945,1.50,1.25
2018.10.22 12:38:37.156,1.14944,1.14948,4.42,2.51
2018.10.22 12:38:37.552,1.14948,1.1495,1.00,3.64
2018.10.22 12:38:37.660,1.14949,1.14952,2.62,3.07
2018.10.22 12:38:38.210,1.14949,1.14953,2.89,1.76
2018.10.22 12:38:38.807,1.14949,1.14952,3.64,1.00
2018.10.22 12:38:39.039,1.1495,1.14953,2.55,1.20
2018.10.22 12:38:39.383,1.14951,1.14954,2.14,2.06
2018.10.22 12:38:39.437,1.14951,1.14954,1.25,1.95
2018.10.22 12:38:39.962,1.1495,1.14954,4.57,4.95
2018.10.22 12:38:40.465,1.14949,1.14952,6.26,1.00
2018.10.22 12:38:40.625,1.14948,1.1495,1.95,1.50
2018.10.22 12:38:41.143,1.14948,1.14951,1.01,1.31
2018.10.22 12:38:41.707,1.1495,1.14953,1.95,3.00
2018.10.22 12:38:42.232,1.14949,1.14953,1.57,6.26
2018.10.22 12:38:42.608,1.1495,1.14953,2.70,4.95
2018.10.22 12:38:43.479,1.1495,1.14953,1.95,1.95
2018.10.22 12:38:47.108,1.14949,1.14951,1.57,1.00
2018.10.22 12:38:47.317,1.14944,1.14948,1.20,2.25
2018.10.22 12:38:47.799,1.14944,1.14945,1.57,2.25
2018.10.22 12:38:48.134,1.14937,1.14938,1.50,2.25
2018.10.22 12:38:48.240,1.14939,1.14942,1.50,5.70
2018.10.22 12:38:48.912,1.14939,1.14943,3.49,1.57
2018.10.22 12:38:49.323,1.1494,1.14944,2.14,2.32
2018.10.22 12:38:50.309,1.14943,1.14945,1.50,1.10
2018.10.22 12:38:50.657,1.1494,1.14944,4.05,4.20
2018.10.22 12:38:51.509,1.1494,1.14943,1.10,1.00
2018.10.22 12:38:52.208,1.14941,1.14943,1.12,1.50
2018.10.22 12:38:53.194,1.14941,1.14945,8.55,1.95
2018.10.22 12:38:53.399,1.14942,1.14943,1.10,1.00
2018.10.22 12:38:53.936,1.1494,1.14944,5.14,1.39
2018.10.22 12:38:54.349,1.1494,1.14944,5.14,4.01
2018.10.22 12:38:54.860,1.1494,1.14945,8.14,10.01
2018.10.22 12:38:55.386,1.1494,1.14944,6.07,1.00
2018.10.22 12:38:56.198,1.14941,1.14945,1.20,10.01
2018.10.22 12:38:56.515,1.14942,1.14946,2.14,3.00
2018.10.22 12:38:57.069,1.14944,1.14947,2.51,4.12
2018.10.22 12:38:57.122,1.14943,1.14945,1.57,1.50
2018.10.22 12:38:57.559,1.14942,1.14945,2.14,1.00
2018.10.22 12:38:58.104,1.14943,1.14946,1.00,4.20
2018.10.22 12:39:01.179,1.14942,1.14946,5.89,1.95
2018.10.22 12:39:01.231,1.14942,1.14946,4.57,2.32
2018.10.22 12:39:01.338,1.14942,1.14945,1.10,3.56
2018.10.22 12:39:03.052,1.14941,1.14945,1.20,3.07
2018.10.22 12:39:03.631,1.1494,1.14945,8.74,8.14
2018.10.22 12:39:04.181,1.1494,1.14944,4.99,4.95
2018.10.22 12:39:05.256,1.14942,1.14944,1.00,2.25
2018.10.22 12:39:08.392,1.14942,1.14945,3.37,1.95
2018.10.22 12:39:08.870,1.14941,1.14944,1.57,3.82
2018.10.22 12:39:10.033,1.14939,1.1494,7.20,3.22
2018.10.22 12:39:10.141,1.14936,1.14938,1.20,1.95
2018.10.22 12:39:10.251,1.14934,1.14938,4.20,3.45
2018.10.22 12:39:10.355,1.14935,1.14938,1.20,1.57
2018.10.22 12:39:11.039,1.14935,1.14938,1.00,1.20
2018.10.22 12:39:11.586,1.14934,1.14938,6.45,1.20
2018.10.22 12:39:12.090,1.14935,1.14938,1.25,1.95
2018.10.22 12:39:12.407,1.1493,1.14932,1.00,6.00
2018.10.22 12:39:12.462,1.14929,1.1493,3.07,5.25
2018.10.22 12:39:12.687,1.14927,1.14929,1.00,1.25
2018.10.22 12:39:13.002,1.14925,1.14927,9.11,1.00
2018.10.22 12:39:13.158,1.14924,1.14925,1.69,1.00
2018.10.22 12:39:13.316,1.14922,1.14923,1.20,1.50
2018.10.22 12:39:13.369,1.1492,1.14923,3.26,2.25
2018.10.22 12:39:14.049,1.1492,1.14922,1.00,1.00
2018.10.22 12:39:14.567,1.1492,1.14923,1.00,3.45
2018.10.22 12:39:15.181,1.1492,1.14922,1.00,1.00
2018.10.22 12:39:16.200,1.14921,1.14923,1.00,1.00
2018.10.22 12:39:16.259,1.14922,1.14925,1.00,6.45
2018.10.22 12:39:16.657,1.14924,1.14926,1.00,3.45
2018.10.22 12:39:17.194,1.14924,1.14927,1.00,3.45
2018.10.22 12:39:18.235,1.14919,1.14921,3.19,5.12
2018.10.22 12:39:18.477,1.14918,1.14922,5.51,1.20
2018.10.22 12:39:18.530,1.14919,1.14922,1.29,1.12
2018.10.22 12:39:19.060,1.14919,1.14922,1.10,1.87
2018.10.22 12:39:19.537,1.1492,1.14923,2.89,3.45
2018.10.22 12:39:20.761,1.1492,1.14923,1.00,5.51
2018.10.22 12:39:21.549,1.14918,1.1492,5.89,1.50
2018.10.22 12:39:21.602,1.14915,1.14918,5.14,1.50
2018.10.22 12:39:22.127,1.14915,1.14917,1.69,1.00
2018.10.22 12:39:22.680,1.14914,1.14916,1.39,1.00
2018.10.22 12:39:23.172,1.14913,1.14915,1.01,1.12
2018.10.22 12:39:23.225,1.1491,1.14913,1.76,3.00
2018.10.22 12:39:23.823,1.1491,1.14912,1.50,1.12
2018.10.22 12:39:25.212,1.14908,1.14909,1.10,1.87
2018.10.22 12:39:25.269,1.14906,1.14908,1.10,1.50
2018.10.22 12:39:25.697,1.14904,1.14907,1.10,1.12
2018.10.22 12:39:26.198,1.14903,1.14904,1.10,2.62
2018.10.22 12:39:26.252,1.14904,1.14906,1.00,3.37
2018.10.22 12:39:26.306,1.14903,1.14904,1.10,1.00
2018.10.22 12:39:26.367,1.14901,1.14905,2.89,3.82
2018.10.22 12:39:26.421,1.14904,1.14905,1.00,1.10
2018.10.22 12:39:26.531,1.14905,1.14907,1.00,2.62
2018.10.22 12:39:27.049,1.14904,1.14908,4.20,4.20
2018.10.22 12:39:27.257,1.14908,1.1491,2.85,11.89
2018.10.22 12:39:27.406,1.14911,1.14914,5.17,3.00
2018.10.22 12:39:27.962,1.1491,1.14913,4.57,2.62
2018.10.22 12:39:28.328,1.14911,1.14913,1.20,1.00
2018.10.22 12:39:28.830,1.1491,1.14912,6.26,2.25
2018.10.22 12:39:29.350,1.1491,1.14914,1.95,3.00
2018.10.22 12:39:29.878,1.14909,1.14912,2.70,1.95
2018.10.22 12:39:32.080,1.1491,1.14914,2.51,4.01
2018.10.22 12:39:32.135,1.1491,1.14914,5.14,2.51
2018.10.22 12:39:32.503,1.14911,1.14914,1.10,4.31
2018.10.22 12:39:32.698,1.14911,1.14914,4.80,3.37
2018.10.22 12:39:33.124,1.14911,1.14914,4.05,3.37
2018.10.22 12:39:33.581,1.14914,1.14915,2.32,1.50
2018.10.22 12:39:33.893,1.14915,1.14917,1.20,1.00
2018.10.22 12:39:34.445,1.14915,1.14918,1.95,5.70
2018.10.22 12:39:34.966,1.14915,1.14918,1.20,2.25
2018.10.22 12:39:35.364,1.14917,1.14919,2.29,1.00
2018.10.22 12:39:35.682,1.14922,1.14925,1.20,9.63
2018.10.22 12:39:36.264,1.1492,1.14922,8.36,1.12
2018.10.22 12:39:36.585,1.1492,1.14922,1.39,1.12
2018.10.22 12:39:37.105,1.1492,1.14924,6.26,2.44
2018.10.22 12:39:37.159,1.14921,1.14924,1.20,2.06
2018.10.22 12:39:37.689,1.14922,1.14924,1.10,1.12
2018.10.22 12:39:38.295,1.14922,1.14925,1.05,1.12
2018.10.22 12:39:38.609,1.14924,1.14926,1.87,1.12
2018.10.22 12:39:38.867,1.14925,1.14928,1.01,1.12
2018.10.22 12:39:39.615,1.14925,1.14928,6.64,1.00
2018.10.22 12:39:39.756,1.14927,1.1493,3.00,1.95
2018.10.22 12:39:41.683,1.14927,1.1493,1.57,2.32
2018.10.22 12:39:44.421,1.14927,1.14929,1.20,1.00
2018.10.22 12:39:44.527,1.14926,1.14928,1.80,1.50
2018.10.22 12:39:45.031,1.14925,1.14927,3.07,1.00
2018.10.22 12:39:45.560,1.14925,1.14927,1.10,2.25
2018.10.22 12:39:46.347,1.14925,1.14928,1.10,2.81
2018.10.22 12:39:46.865,1.14925,1.14927,1.95,1.50
2018.10.22 12:39:47.381,1.14925,1.14927,1.10,1.50
2018.10.22 12:39:47.909,1.14924,1.14926,3.26,1.00
2018.10.22 12:39:48.447,1.14924,1.14927,2.89,1.25
2018.10.22 12:39:49.093,1.14925,1.14927,1.10,1.00
2018.10.22 12:39:49.147,1.14929,1.1493,5.51,3.14
2018.10.22 12:39:49.357,1.14931,1.14933,1.10,1.12
2018.10.22 12:39:49.881,1.1493,1.14933,3.07,3.75
2018.10.22 12:39:49.934,1.14929,1.14931,3.82,1.00
2018.10.22 12:39:50.457,1.14929,1.14932,5.32,1.12
2018.10.22 12:39:50.993,1.14929,1.14932,7.76,1.12
2018.10.22 12:39:51.510,1.1493,1.14932,1.95,1.12
2018.10.22 12:39:52.055,1.14931,1.14933,1.20,1.50
2018.10.22 12:39:53.048,1.14929,1.14932,2.32,5.25
2018.10.22 12:39:53.210,1.1493,1.14933,3.26,2.06
2018.10.22 12:39:54.072,1.14931,1.14933,2.32,1.12
2018.10.22 12:39:54.179,1.14933,1.14935,3.37,3.45
2018.10.22 12:39:54.707,1.14934,1.14937,1.20,3.00
2018.10.22 12:39:55.021,1.14931,1.14934,2.32,1.76
2018.10.22 12:39:55.545,1.14931,1.14933,1.20,1.00
2018.10.22 12:39:56.146,1.1493,1.14934,2.70,3.00
2018.10.22 12:39:57.638,1.1493,1.14934,5.89,5.32
2018.10.22 12:39:57.986,1.1493,1.14933,9.64,1.00
2018.10.22 12:39:59.196,1.14931,1.14934,1.20,2.25
2018.10.22 12:39:59.300,1.14932,1.14935,1.00,6.82
2018.10.22 12:39:59.920,1.14934,1.14936,2.25,2.70
2018.10.22 12:40:00.058,1.14934,1.14937,1.20,1.12
2018.10.22 12:40:00.452,1.14934,1.14935,1.20,1.00
2018.10.22 12:40:00.557,1.14931,1.14934,3.07,1.00
2018.10.22 12:40:01.148,1.14931,1.14935,2.89,3.07
2018.10.22 12:40:01.753,1.14931,1.14934,2.32,4.87
2018.10.22 12:40:02.326,1.14931,1.14934,1.95,1.87
2018.10.22 12:40:02.832,1.14931,1.14934,2.32,2.70
2018.10.22 12:40:03.333,1.14931,1.14933,1.20,1.00
2018.10.22 12:40:03.749,1.1493,1.14932,1.95,1.00
2018.10.22 12:40:04.214,1.14927,1.14929,2.25,6.00
2018.10.22 12:40:04.318,1.14925,1.14927,1.20,1.10
2018.10.22 12:40:05.411,1.14925,1.14928,2.32,2.62
2018.10.22 12:40:05.517,1.14927,1.14928,1.00,1.95
2018.10.22 12:40:05.727,1.14925,1.14928,1.00,1.20
2018.10.22 12:40:06.268,1.14924,1.14928,2.89,7.01
2018.10.22 12:40:06.789,1.14925,1.14927,1.20,2.70
2018.10.22 12:40:07.307,1.14925,1.14927,2.70,1.87
2018.10.22 12:40:07.992,1.14925,1.14927,2.25,1.12
2018.10.22 12:40:08.890,1.14924,1.14927,3.26,1.12
2018.10.22 12:40:09.504,1.14923,1.14924,2.32,1.00
2018.10.22 12:40:09.662,1.14921,1.14923,1.20,1.00
2018.10.22 12:40:10.028,1.14923,1.14925,1.10,1.00
2018.10.22 12:40:10.577,1.14923,1.14926,1.20,5.06
2018.10.22 12:40:11.103,1.14923,1.14925,1.20,1.00
2018.10.22 12:40:11.647,1.14923,1.14926,1.95,2.62
2018.10.22 12:40:13.684,1.14923,1.14925,1.20,1.00
2018.10.22 12:40:14.202,1.14923,1.14926,1.20,4.87
2018.10.22 12:40:15.056,1.14923,1.14925,1.10,1.00
2018.10.22 12:40:15.623,1.14923,1.14926,1.20,5.62
2018.10.22 12:40:15.763,1.14923,1.14924,1.57,1.12
2018.10.22 12:40:16.076,1.14919,1.14921,4.57,1.00
2018.10.22 12:40:16.233,1.14919,1.14922,3.82,1.87
2018.10.22 12:40:16.779,1.1492,1.14922,1.95,1.00
2018.10.22 12:40:16.895,1.14921,1.14924,4.12,7.20
2018.10.22 12:40:16.950,1.14924,1.14926,1.20,1.12
2018.10.22 12:40:17.055,1.14921,1.14924,4.57,4.12
2018.10.22 12:40:17.574,1.14921,1.14923,1.95,1.00
2018.10.22 12:40:18.117,1.14921,1.14924,1.20,5.32
2018.10.22 12:40:19.366,1.14921,1.14924,1.12,4.20
2018.10.22 12:40:19.971,1.14921,1.14923,1.12,1.00
2018.10.22 12:40:20.533,1.14921,1.14924,3.07,3.07
2018.10.22 12:40:20.899,1.14923,1.14925,1.20,1.12
2018.10.22 12:40:22.696,1.14923,1.14924,1.10,1.00
2018.10.22 12:40:23.338,1.14922,1.14925,2.51,2.32
2018.10.22 12:40:23.891,1.14922,1.14924,1.57,1.00
2018.10.22 12:40:23.998,1.14921,1.14923,1.95,1.00
2018.10.22 12:40:24.560,1.14921,1.14924,3.82,1.50
2018.10.22 12:40:24.613,1.14923,1.14924,1.00,1.00
2018.10.22 12:40:24.667,1.14923,1.14926,1.10,3.56
2018.10.22 12:40:25.182,1.14923,1.14925,1.10,2.25
2018.10.22 12:40:26.229,1.14922,1.14925,3.64,1.75
2018.10.22 12:40:29.191,1.14921,1.14922,1.87,1.00
2018.10.22 12:40:29.720,1.14922,1.14925,1.20,4.95
2018.10.22 12:40:30.456,1.14921,1.14923,3.45,1.00
2018.10.22 12:40:30.646,1.1492,1.14922,3.82,1.50
2018.10.22 12:40:31.666,1.14921,1.14922,1.00,1.50
2018.10.22 12:40:32.349,1.1492,1.14922,4.20,1.50
2018.10.22 12:40:32.892,1.14921,1.14922,1.00,1.50
2018.10.22 12:40:33.115,1.14919,1.1492,1.00,1.25
2018.10.22 12:40:33.535,1.1492,1.14921,1.25,1.12
2018.10.22 12:40:34.109,1.14921,1.14922,1.00,1.50
2018.10.22 12:40:34.638,1.14921,1.14923,1.57,2.70
2018.10.22 12:40:36.278,1.1492,1.14923,2.70,3.00
2018.10.22 12:40:36.820,1.1492,1.14923,1.57,3.00
2018.10.22 12:40:37.064,1.14917,1.14919,1.00,2.25
2018.10.22 12:40:37.515,1.14915,1.14918,3.26,5.25
2018.10.22 12:40:38.082,1.14916,1.14919,1.00,5.14
2018.10.22 12:40:38.136,1.14918,1.14919,2.25,2.70
2018.10.22 12:40:38.244,1.1492,1.14923,1.50,8.21
2018.10.22 12:40:38.297,1.1492,1.14921,4.57,1.00
2018.10.22 12:40:38.350,1.14921,1.14923,1.50,1.50
2018.10.22 12:40:38.563,1.1492,1.14922,2.70,1.00
2018.10.22 12:40:39.510,1.14919,1.14921,2.32,1.50
2018.10.22 12:40:39.861,1.14916,1.14919,5.32,3.00
2018.10.22 12:40:40.449,1.14915,1.14918,11.51,1.50
2018.10.22 12:40:41.194,1.14917,1.14919,1.39,1.50
2018.10.22 12:40:41.543,1.1492,1.14921,1.57,1.00
2018.10.22 12:40:42.672,1.14918,1.14921,5.14,1.50
2018.10.22 12:40:43.534,1.14917,1.14919,3.07,2.85
2018.10.22 12:40:43.849,1.14916,1.14917,1.20,1.00
2018.10.22 12:40:45.966,1.14916,1.14917,1.00,1.50
2018.10.22 12:40:46.301,1.14912,1.14913,1.57,1.00
2018.10.22 12:40:47.007,1.14913,1.14916,1.95,2.70
2018.10.22 12:40:47.156,1.14913,1.14916,2.89,1.50
2018.10.22 12:40:47.416,1.14912,1.14916,6.82,4.50
2018.10.22 12:40:47.468,1.14915,1.14916,1.00,1.50
2018.10.22 12:40:47.986,1.14915,1.14917,2.14,1.57
2018.10.22 12:40:51.021,1.14915,1.14917,1.39,1.50
2018.10.22 12:40:55.826,1.14913,1.14915,13.20,3.75
2018.10.22 12:40:56.135,1.14912,1.14913,1.57,1.00
2018.10.22 12:40:56.654,1.14911,1.14914,5.51,2.25
2018.10.22 12:40:57.159,1.14914,1.14916,1.00,1.20
2018.10.22 12:40:57.470,1.14911,1.14914,10.20,2.25
2018.10.22 12:40:57.755,1.14911,1.14914,4.57,1.50
2018.10.22 12:40:58.272,1.14912,1.14914,1.00,2.25
2018.10.22 12:40:58.429,1.14912,1.14915,5.32,3.00
2018.10.22 12:40:58.533,1.14912,1.14915,1.57,6.00
2018.10.22 12:40:59.261,1.14913,1.14915,3.82,1.50
2018.10.22 12:40:59.524,1.14912,1.14914,4.57,1.31
2018.10.22 12:41:01.503,1.14915,1.14916,1.00,2.32
2018.10.22 12:41:02.014,1.14916,1.14917,1.50,1.00
2018.10.22 12:41:02.068,1.14917,1.14919,1.00,1.12
2018.10.22 12:41:02.585,1.14916,1.14919,6.07,2.62
2018.10.22 12:41:03.357,1.14916,1.14918,3.45,1.00
2018.10.22 12:41:03.631,1.14919,1.1492,1.35,4.69
2018.10.22 12:41:03.946,1.14923,1.14924,2.14,3.75
2018.10.22 12:41:04.241,1.1492,1.14924,5.70,5.25
2018.10.22 12:41:04.992,1.1492,1.14922,3.45,2.25
2018.10.22 12:41:05.682,1.1492,1.14923,3.45,1.87
2018.10.22 12:41:06.202,1.1492,1.14922,2.70,1.00
2018.10.22 12:41:07.170,1.14921,1.14923,1.45,2.62
2018.10.22 12:41:07.704,1.14921,1.14924,2.32,5.81
2018.10.22 12:41:08.577,1.14921,1.14924,1.95,5.81
2018.10.22 12:41:09.238,1.14922,1.14924,3.00,4.31
2018.10.22 12:41:10.591,1.14923,1.14925,1.20,2.25
2018.10.22 12:41:11.395,1.14923,1.14925,1.20,2.32
2018.10.22 12:41:15.114,1.14922,1.14924,1.95,1.12
2018.10.22 12:41:15.622,1.14922,1.14925,4.57,4.50
2018.10.22 12:41:15.788,1.14925,1.14926,3.07,1.12
2018.10.22 12:41:15.840,1.14926,1.14929,1.10,6.00
2018.10.22 12:41:16.000,1.14929,1.14931,1.00,14.89
2018.10.22 12:41:16.107,1.1493,1.14933,8.32,2.32
2018.10.22 12:41:16.161,1.14932,1.14934,3.00,6.00
2018.10.22 12:41:16.215,1.14934,1.14936,1.50,2.89
2018.10.22 12:41:16.269,1.14933,1.14934,3.07,1.50
2018.10.22 12:41:16.454,1.14931,1.14934,1.10,3.00
2018.10.22 12:41:16.977,1.1493,1.14934,4.95,5.32
2018.10.22 12:41:18.195,1.14931,1.14934,4.57,1.00
2018.10.22 12:41:18.333,1.14931,1.14935,3.07,9.07
2018.10.22 12:41:19.380,1.1493,1.14933,2.70,3.00
2018.10.22 12:41:19.486,1.14929,1.1493,1.20,1.00
2018.10.22 12:41:19.836,1.14928,1.14929,1.57,1.00
2018.10.22 12:41:20.332,1.14925,1.14927,1.57,1.12
2018.10.22 12:41:20.541,1.14923,1.14925,1.95,2.25
2018.10.22 12:41:21.047,1.14922,1.14925,5.70,2.62
2018.10.22 12:41:21.897,1.14922,1.14924,1.76,2.06
2018.10.22 12:41:22.213,1.14921,1.14922,1.10,1.12
2018.10.22 12:41:26.990,1.14919,1.1492,1.20,2.62
2018.10.22 12:41:27.097,1.14916,1.14919,3.82,2.32
2018.10.22 12:41:27.706,1.14917,1.14918,1.00,3.75
2018.10.22 12:41:28.237,1.14916,1.14918,1.50,1.12
2018.10.22 12:41:28.678,1.14914,1.14917,5.14,1.31
2018.10.22 12:41:29.208,1.14914,1.14917,2.70,1.57
2018.10.22 12:41:30.006,1.14914,1.14916,2.70,3.37
2018.10.22 12:41:30.526,1.14913,1.14915,4.50,3.00
2018.10.22 12:41:31.407,1.14912,1.14913,1.00,1.00
2018.10.22 12:41:31.514,1.1491,1.14912,1.39,4.20
2018.10.22 12:41:32.140,1.1491,1.14912,1.12,2.25
2018.10.22 12:41:32.668,1.1491,1.14912,1.12,4.20
2018.10.22 12:41:32.875,1.14909,1.1491,3.00,1.12
2018.10.22 12:41:33.199,1.14909,1.14912,2.89,4.87
2018.10.22 12:41:33.766,1.1491,1.14912,1.00,1.87
2018.10.22 12:41:37.465,1.14909,1.14913,5.70,7.57
2018.10.22 12:41:37.993,1.1491,1.14913,1.00,5.32
2018.10.22 12:41:38.740,1.1491,1.14912,1.95,1.12
2018.10.22 12:41:40.098,1.1491,1.14912,1.69,4.12
2018.10.22 12:41:42.173,1.14909,1.14912,5.44,4.20
2018.10.22 12:41:42.687,1.14909,1.14913,7.01,7.95
2018.10.22 12:41:43.204,1.1491,1.14911,1.10,1.00
2018.10.22 12:41:46.204,1.1491,1.14912,1.57,1.95
2018.10.22 12:41:47.170,1.1491,1.14911,1.57,1.00
2018.10.22 12:41:48.473,1.14909,1.14912,3.75,5.51
2018.10.22 12:41:49.756,1.1491,1.14911,3.00,1.00
2018.10.22 12:41:49.862,1.14912,1.14913,1.00,1.12
2018.10.22 12:41:50.398,1.14912,1.14914,1.87,4.12
2018.10.22 12:41:51.050,1.14912,1.14913,1.00,1.00
2018.10.22 12:41:51.730,1.14911,1.14913,3.07,1.00
2018.10.22 12:41:52.538,1.1491,1.14912,2.81,1.12
2018.10.22 12:41:52.643,1.14909,1.14912,2.14,4.57
2018.10.22 12:41:53.193,1.1491,1.14912,1.00,3.45
2018.10.22 12:41:53.731,1.14909,1.14912,2.62,11.32
2018.10.22 12:41:54.263,1.14907,1.14908,1.01,1.00
2018.10.22 12:41:54.782,1.14907,1.14909,2.25,1.95
2018.10.22 12:41:57.489,1.14907,1.14909,1.00,1.50
2018.10.22 12:41:57.994,1.14906,1.14909,1.87,1.95
2018.10.22 12:41:58.512,1.14906,1.14909,1.12,4.95
2018.10.22 12:41:59.556,1.14905,1.14908,2.51,4.12
2018.10.22 12:41:59.873,1.14904,1.14906,1.50,2.25
2018.10.22 12:42:00.039,1.14902,1.14905,1.76,1.12
2018.10.22 12:42:00.652,1.14903,1.14905,1.00,1.87
2018.10.22 12:42:02.452,1.14903,1.14904,1.20,1.00
2018.10.22 12:42:03.139,1.14903,1.14905,1.00,1.87
2018.10.22 12:42:04.636,1.14902,1.14904,2.51,1.00
2018.10.22 12:42:05.162,1.14902,1.14905,1.57,1.12
2018.10.22 12:42:05.680,1.14902,1.14904,2.44,2.25
2018.10.22 12:42:08.124,1.14901,1.14904,5.14,1.50
2018.10.22 12:42:08.672,1.14903,1.14904,1.31,1.00
2018.10.22 12:42:09.214,1.14902,1.14904,1.00,2.25
2018.10.22 12:42:10.070,1.14903,1.14904,1.25,1.00
2018.10.22 12:42:10.600,1.14903,1.14906,1.25,4.20
2018.10.22 12:42:11.159,1.14903,1.14904,1.00,1.00
2018.10.22 12:42:13.555,1.14903,1.14906,2.06,2.51
2018.10.22 12:42:13.867,1.14903,1.14906,9.26,1.12
2018.10.22 12:42:15.128,1.14905,1.14907,1.20,1.20
2018.10.22 12:42:17.011,1.14903,1.14906,2.32,2.25
2018.10.22 12:42:17.489,1.14905,1.14907,2.32,1.10
2018.10.22 12:42:18.023,1.14905,1.14908,3.07,4.12
2018.10.22 12:42:18.584,1.14904,1.14908,5.51,1.39
2018.10.22 12:42:18.689,1.14905,1.14908,2.14,3.07
2018.10.22 12:42:19.272,1.14905,1.14909,7.39,7.01
2018.10.22 12:42:19.781,1.14906,1.14909,1.50,2.32
2018.10.22 12:42:20.716,1.14907,1.14909,1.10,3.82
2018.10.22 12:42:21.666,1.14906,1.14909,3.82,1.12
2018.10.22 12:42:22.246,1.14906,1.1491,3.45,13.39
2018.10.22 12:42:24.426,1.14905,1.14909,5.14,2.81
2018.10.22 12:42:24.738,1.14904,1.14907,4.39,1.00
2018.10.22 12:42:25.203,1.14904,1.14907,4.01,1.20
2018.10.22 12:42:25.723,1.14904,1.14906,3.26,1.12
2018.10.22 12:42:26.205,1.14902,1.14906,5.92,7.05
2018.10.22 12:42:26.758,1.14902,1.14906,3.64,1.87
2018.10.22 12:42:27.288,1.14902,1.14906,4.39,3.07
2018.10.22 12:42:28.135,1.14903,1.14906,1.01,1.87
2018.10.22 12:42:29.547,1.14904,1.14906,1.76,1.57
2018.10.22 12:42:29.966,1.14906,1.14907,1.00,1.00
2018.10.22 12:42:30.188,1.14908,1.14909,2.14,1.50
2018.10.22 12:42:30.399,1.14906,1.14909,3.07,1.12
2018.10.22 12:42:30.505,1.14908,1.14909,1.00,1.12
2018.10.22 12:42:31.030,1.14905,1.14908,2.70,1.00
2018.10.22 12:42:31.603,1.14905,1.14908,1.10,1.00
2018.10.22 12:42:32.111,1.14905,1.14908,1.00,1.95
2018.10.22 12:42:32.651,1.14904,1.14907,1.20,3.64
2018.10.22 12:42:33.170,1.14904,1.14907,1.95,2.14
2018.10.22 12:42:37.644,1.14904,1.14907,1.20,3.19
2018.10.22 12:42:39.503,1.14904,1.14908,4.05,6.00
2018.10.22 12:42:40.576,1.14904,1.14907,3.30,1.50
2018.10.22 12:42:40.994,1.14905,1.14907,1.20,2.25
2018.10.22 12:42:43.825,1.14904,1.14908,6.30,3.00
2018.10.22 12:42:46.587,1.14904,1.14907,1.80,1.50
2018.10.22 12:42:49.393,1.14905,1.14907,1.25,1.87
2018.10.22 12:42:49.914,1.14904,1.14907,2.74,1.69
2018.10.22 12:42:50.641,1.14904,1.14907,2.70,2.44
2018.10.22 12:42:52.127,1.14904,1.14906,1.10,1.10
2018.10.22 12:42:53.588,1.14904,1.14907,1.80,3.45
2018.10.22 12:42:54.304,1.14903,1.14907,4.20,6.08
2018.10.22 12:42:54.811,1.14903,1.14906,1.57,1.31
2018.10.22 12:42:55.507,1.14902,1.14903,1.95,4.69
2018.10.22 12:42:56.035,1.14903,1.14905,1.00,5.44
2018.10.22 12:42:56.541,1.14903,1.14905,1.00,2.44
2018.10.22 12:42:57.092,1.14902,1.14905,6.30,2.44
2018.10.22 12:42:57.968,1.14902,1.14905,7.80,1.69
2018.10.22 12:42:58.020,1.14902,1.14905,6.30,1.69
2018.10.22 12:42:58.331,1.14904,1.14905,1.00,1.69
2018.10.22 12:42:58.454,1.14904,1.14906,4.20,1.31
2018.10.22 12:42:58.770,1.14906,1.14908,2.25,1.87
2018.10.22 12:42:58.822,1.14909,1.1491,1.00,6.41
2018.10.22 12:42:59.342,1.14909,1.14911,1.10,2.44
2018.10.22 12:42:59.500,1.1491,1.14912,1.50,2.81
2018.10.22 12:43:00.048,1.14909,1.14913,3.82,2.06
2018.10.22 12:43:00.413,1.14909,1.14911,4.20,1.00
2018.10.22 12:43:00.954,1.14908,1.14912,6.64,2.06
2018.10.22 12:43:01.926,1.14908,1.14909,4.39,2.06
2018.10.22 12:43:02.091,1.14906,1.14909,1.57,9.94
2018.10.22 12:43:02.614,1.14906,1.14908,1.57,2.25
2018.10.22 12:43:03.148,1.14905,1.14909,3.45,15.26
2018.10.22 12:43:03.704,1.14905,1.14907,1.95,1.31
2018.10.22 12:43:04.181,1.14904,1.14907,6.64,1.31
2018.10.22 12:43:04.234,1.14904,1.14907,5.14,1.31
2018.10.22 12:43:04.765,1.14905,1.14907,1.25,3.00
2018.10.22 12:43:05.286,1.14904,1.14907,1.95,3.56
2018.10.22 12:43:05.710,1.14903,1.14905,1.95,1.12
2018.10.22 12:43:06.246,1.14904,1.14906,1.95,1.50
2018.10.22 12:43:07.573,1.14904,1.14906,1.95,1.50
2018.10.22 12:43:08.124,1.14905,1.14906,1.00,3.00
2018.10.22 12:43:12.071,1.14904,1.14906,1.57,1.50
2018.10.22 12:43:14.409,1.14904,1.14906,3.07,1.00
2018.10.22 12:43:14.943,1.14906,1.14907,1.00,1.50
2018.10.22 12:43:15.155,1.14906,1.14909,4.39,1.57
2018.10.22 12:43:15.657,1.14906,1.14909,1.95,1.87
2018.10.22 12:43:16.028,1.14905,1.14909,5.92,3.75
2018.10.22 12:43:16.328,1.14905,1.14909,2.70,7.39
2018.10.22 12:43:16.858,1.14905,1.14909,7.95,3.00
2018.10.22 12:43:17.368,1.14905,1.14909,8.32,2.70
2018.10.22 12:43:18.232,1.14906,1.14908,1.50,1.12
2018.10.22 12:43:20.777,1.14905,1.14909,3.82,4.57
2018.10.22 12:43:20.829,1.14905,1.14909,4.76,5.70
2018.10.22 12:43:20.985,1.14905,1.14909,1.95,7.57
2018.10.22 12:43:21.507,1.14905,1.14907,1.20,1.12
2018.10.22 12:43:22.056,1.14904,1.14905,2.89,2.06
2018.10.22 12:43:22.218,1.14902,1.14904,2.70,1.00
2018.10.22 12:43:22.746,1.14902,1.14905,6.45,1.12
2018.10.22 12:43:23.129,1.14902,1.14904,1.00,3.75
2018.10.22 12:43:23.647,1.14901,1.14904,3.07,4.50
2018.10.22 12:43:24.234,1.14902,1.14904,1.50,1.50
2018.10.22 12:43:25.334,1.14901,1.14904,2.32,4.50
2018.10.22 12:43:27.438,1.14903,1.14904,1.00,1.50
2018.10.22 12:43:27.595,1.14901,1.14904,1.10,3.37
2018.10.22 12:43:28.662,1.14901,1.14903,1.00,1.00
2018.10.22 12:43:29.198,1.14901,1.14904,1.20,3.07
2018.10.22 12:43:31.815,1.149,1.14901,4.39,2.85
2018.10.22 12:43:31.975,1.14891,1.14894,2.51,6.45
2018.10.22 12:43:32.252,1.14896,1.14897,1.57,1.31
2018.10.22 12:43:32.463,1.14896,1.14898,1.20,1.00
2018.10.22 12:43:33.980,1.14896,1.14899,1.12,4.57
2018.10.22 12:43:34.504,1.14896,1.14898,1.12,1.00
2018.10.22 12:43:35.869,1.14896,1.14899,1.12,6.07
2018.10.22 12:43:36.508,1.14894,1.14898,2.89,1.00
2018.10.22 12:43:37.061,1.14895,1.14897,2.32,1.00
2018.10.22 12:43:37.589,1.14896,1.14898,1.76,1.10
2018.10.22 12:43:43.329,1.14896,1.14897,2.32,1.00
2018.10.22 12:43:43.984,1.14896,1.14898,1.10,3.07
2018.10.22 12:43:45.420,1.14895,1.14899,6.26,4.69
2018.10.22 12:43:46.190,1.14895,1.14898,8.14,1.50
2018.10.22 12:43:46.243,1.14898,1.149,1.50,14.51
2018.10.22 12:43:46.542,1.14903,1.14904,1.25,1.00
2018.10.22 12:43:46.699,1.14904,1.14906,1.57,1.50
2018.10.22 12:43:46.907,1.14905,1.14907,6.11,1.00
2018.10.22 12:43:47.091,1.14904,1.14907,2.92,3.00
2018.10.22 12:43:47.455,1.14906,1.14907,1.00,1.00
2018.10.22 12:43:47.963,1.14906,1.14908,1.01,1.00
2018.10.22 12:43:48.505,1.14906,1.14909,1.54,6.82
2018.10.22 12:43:49.049,1.14906,1.14908,2.74,1.50
2018.10.22 12:43:49.570,1.14906,1.14909,2.74,2.70
2018.10.22 12:43:50.099,1.14906,1.14909,1.42,1.00
2018.10.22 12:43:52.163,1.14906,1.14908,2.17,1.00
2018.10.22 12:43:52.717,1.14904,1.14908,2.14,4.57
2018.10.22 12:43:53.235,1.14905,1.14907,1.87,1.00
2018.10.22 12:43:53.744,1.14905,1.14907,3.07,1.00
2018.10.22 12:43:54.798,1.14905,1.14908,3.07,4.39
2018.10.22 12:43:56.820,1.14906,1.14908,1.00,2.14
2018.10.22 12:43:57.353,1.14904,1.14907,5.70,2.44
2018.10.22 12:43:57.872,1.14904,1.14908,1.57,4.20
2018.10.22 12:43:58.243,1.14903,1.14905,1.20,1.69
2018.10.22 12:43:58.559,1.14901,1.14903,1.10,1.20
2018.10.22 12:43:59.440,1.14899,1.14902,5.51,1.69
2018.10.22 12:43:59.811,1.14898,1.149,2.14,1.00
2018.10.22 12:44:00.344,1.14898,1.14901,1.95,1.50
2018.10.22 12:44:01.218,1.14898,1.14902,8.14,1.00
2018.10.22 12:44:01.750,1.14899,1.14902,1.57,1.00
2018.10.22 12:44:02.847,1.14899,1.14903,9.64,3.00
2018.10.22 12:44:03.538,1.149,1.14903,1.95,1.50
2018.10.22 12:44:04.067,1.14901,1.14904,1.61,1.20
2018.10.22 12:44:04.788,1.149,1.14904,3.64,4.76
2018.10.22 12:44:05.308,1.149,1.14903,1.20,1.00
2018.10.22 12:44:07.032,1.14901,1.14903,1.00,1.00
2018.10.22 12:44:07.617,1.14899,1.14903,3.86,4.39
2018.10.22 12:44:08.161,1.149,1.14903,1.10,5.32
2018.10.22 12:44:08.686,1.149,1.14903,2.14,1.50
2018.10.22 12:44:11.073,1.14898,1.14899,2.70,1.00
2018.10.22 12:44:11.181,1.14897,1.14899,1.20,1.00
2018.10.22 12:44:11.330,1.149,1.14902,1.10,1.00
2018.10.22 12:44:12.092,1.14901,1.14902,1.10,1.00
2018.10.22 12:44:12.201,1.14901,1.14905,1.80,9.07
2018.10.22 12:44:12.254,1.14901,1.14903,2.55,1.00
2018.10.22 12:44:12.770,1.14902,1.14904,1.00,1.50
2018.10.22 12:44:13.323,1.14902,1.14905,2.55,1.20
2018.10.22 12:44:14.011,1.14902,1.14906,1.80,6.75
2018.10.22 12:44:14.546,1.14902,1.14904,1.00,1.50
2018.10.22 12:44:14.860,1.14903,1.14906,6.11,1.00
2018.10.22 12:44:15.069,1.14903,1.14907,6.86,5.32
2018.10.22 12:44:15.598,1.14904,1.14907,4.20,1.00
2018.10.22 12:44:16.131,1.14905,1.14909,1.10,5.70
2018.10.22 12:44:16.709,1.14905,1.14908,1.20,1.95
2018.10.22 12:44:18.021,1.14904,1.14908,5.32,2.32
2018.10.22 12:44:18.180,1.14904,1.14908,5.32,4.01
2018.10.22 12:44:18.694,1.14904,1.14908,6.07,3.07
2018.10.22 12:44:20.666,1.14904,1.14908,5.32,1.50
2018.10.22 12:44:24.292,1.14905,1.14907,1.76,1.25
2018.10.22 12:44:24.644,1.14905,1.14909,10.24,4.01
2018.10.22 12:44:25.170,1.14906,1.14908,1.20,1.00
2018.10.22 12:44:25.857,1.14906,1.14909,1.20,2.14
2018.10.22 12:44:26.378,1.14906,1.1491,4.42,1.50
2018.10.22 12:44:27.426,1.14906,1.14909,3.67,1.00
2018.10.22 12:44:28.152,1.14906,1.1491,2.92,3.56
2018.10.22 12:44:28.482,1.14909,1.14911,1.00,1.50
2018.10.22 12:44:28.800,1.1491,1.14913,2.74,1.57
2018.10.22 12:44:29.156,1.14909,1.14911,2.36,2.25
2018.10.22 12:44:29.897,1.1491,1.14913,2.32,2.62
2018.10.22 12:44:29.950,1.14911,1.14914,2.47,5.89
2018.10.22 12:44:30.005,1.14913,1.14914,4.91,3.07
2018.10.22 12:44:30.173,1.14914,1.14918,4.05,1.12
2018.10.22 12:44:30.333,1.14913,1.14916,1.20,1.25
2018.10.22 12:44:30.884,1.14913,1.14915,6.49,1.00
2018.10.22 12:44:31.417,1.14913,1.14916,5.92,1.00
2018.10.22 12:44:31.968,1.14914,1.14917,1.20,1.50
2018.10.22 12:44:32.537,1.14915,1.14917,1.10,1.00
2018.10.22 12:44:33.357,1.14914,1.14916,1.95,1.87
2018.10.22 12:44:33.463,1.14913,1.14916,1.57,1.00
2018.10.22 12:44:33.519,1.14913,1.14914,1.57,1.00
2018.10.22 12:44:33.882,1.14911,1.14914,2.32,1.50
2018.10.22 12:44:34.456,1.14913,1.14915,1.00,1.25
2018.10.22 12:44:35.000,1.14913,1.14915,1.00,3.82
2018.10.22 12:44:35.778,1.14912,1.14913,1.00,1.00
2018.10.22 12:44:36.637,1.14911,1.14914,2.70,2.70
2018.10.22 12:44:37.164,1.1491,1.14913,3.64,3.64
2018.10.22 12:44:37.620,1.14913,1.14914,1.00,2.25
2018.10.22 12:44:40.765,1.14912,1.14914,2.25,1.69
2018.10.22 12:44:40.976,1.1491,1.14913,1.76,2.25
2018.10.22 12:44:44.870,1.14911,1.14913,1.50,1.00
2018.10.22 12:44:45.418,1.14911,1.14914,4.42,1.25
2018.10.22 12:44:45.919,1.14911,1.14914,3.45,1.50
2018.10.22 12:44:46.422,1.1491,1.14914,2.89,4.95
2018.10.22 12:44:46.965,1.14914,1.14915,1.00,4.95
2018.10.22 12:44:47.073,1.14915,1.14916,1.00,1.00
2018.10.22 12:44:47.181,1.14915,1.14918,1.95,1.01
2018.10.22 12:44:48.125,1.14915,1.14917,1.45,1.00
2018.10.22 12:44:48.666,1.14915,1.14917,1.20,1.00
2018.10.22 12:44:48.719,1.14915,1.14919,3.45,5.32
2018.10.22 12:44:48.929,1.14918,1.14919,1.00,1.25
2018.10.22 12:44:49.227,1.1492,1.14922,1.01,1.25
2018.10.22 12:44:49.889,1.1492,1.14923,1.10,1.12
2018.10.22 12:44:52.370,1.1492,1.14923,1.20,1.57
2018.10.22 12:44:53.511,1.14921,1.14924,3.26,3.00
2018.10.22 12:44:53.615,1.14923,1.14925,1.35,2.70
2018.10.22 12:44:53.826,1.14924,1.14928,4.05,3.00
2018.10.22 12:44:54.118,1.14923,1.14925,4.42,1.69
2018.10.22 12:44:54.431,1.14922,1.14923,1.00,1.00
2018.10.22 12:44:55.366,1.14921,1.14923,1.57,1.00
2018.10.22 12:44:55.692,1.14919,1.14921,1.45,5.44
2018.10.22 12:44:55.851,1.1492,1.14923,1.00,5.32
2018.10.22 12:44:56.063,1.14923,1.14924,1.00,2.32
2018.10.22 12:44:56.496,1.14921,1.14923,1.95,3.00
2018.10.22 12:44:57.014,1.14922,1.14924,1.00,2.44
2018.10.22 12:44:57.535,1.14922,1.14925,1.99,1.76
2018.10.22 12:44:58.067,1.14923,1.14924,1.20,1.25
2018.10.22 12:44:58.595,1.14922,1.14924,2.89,1.00
2018.10.22 12:44:59.170,1.14923,1.14924,1.00,1.50
2018.10.22 12:44:59.503,1.14924,1.14926,1.00,1.69
2018.10.22 12:45:00.108,1.14925,1.14926,1.20,1.00
2018.10.22 12:45:00.632,1.14924,1.14928,4.24,1.57
2018.10.22 12:45:00.914,1.14925,1.14929,8.89,2.70
2018.10.22 12:45:01.441,1.14926,1.14929,1.10,1.00
2018.10.22 12:45:02.032,1.14925,1.14927,3.45,2.50
2018.10.22 12:45:02.086,1.14924,1.14925,3.07,3.75
2018.10.22 12:45:02.296,1.14922,1.14924,4.20,1.25
2018.10.22 12:45:02.818,1.14922,1.14924,4.39,1.50
2018.10.22 12:45:03.394,1.14924,1.14926,1.00,4.95
2018.10.22 12:45:03.500,1.14925,1.14927,1.00,1.00
2018.10.22 12:45:03.710,1.14924,1.14925,1.39,1.00
2018.10.22 12:45:05.654,1.14924,1.14927,1.25,1.57
2018.10.22 12:45:06.167,1.14924,1.14926,1.25,1.69
2018.10.22 12:45:06.525,1.14923,1.14924,1.10,1.00
2018.10.22 12:45:07.026,1.14922,1.14923,1.10,1.00
2018.10.22 12:45:07.715,1.14921,1.14924,1.76,1.95
2018.10.22 12:45:08.031,1.1492,1.14921,1.10,1.50
2018.10.22 12:45:08.551,1.1492,1.14922,4.01,1.00
2018.10.22 12:45:09.089,1.1492,1.14922,3.49,1.00
2018.10.22 12:45:09.592,1.14921,1.14923,1.00,2.25
2018.10.22 12:45:10.109,1.14921,1.14924,1.00,2.51
2018.10.22 12:45:10.459,1.14924,1.14925,3.30,2.44
2018.10.22 12:45:10.669,1.14924,1.14927,7.80,1.00
2018.10.22 12:45:10.970,1.14924,1.14927,3.67,1.50
2018.10.22 12:45:11.492,1.14924,1.14927,3.67,1.50
2018.10.22 12:45:11.703,1.14923,1.14924,2.89,2.44
2018.10.22 12:45:11.883,1.1492,1.14923,4.39,1.20
2018.10.22 12:45:12.405,1.14919,1.14921,1.20,1.10
2018.10.22 12:45:12.908,1.14918,1.1492,1.20,1.25
2018.10.22 12:45:13.587,1.14918,1.1492,1.20,1.25
2018.10.22 12:45:14.254,1.14918,1.14921,1.20,1.95
2018.10.22 12:45:14.743,1.14917,1.14918,1.20,1.00
2018.10.22 12:45:14.925,1.14915,1.14918,4.20,1.50
2018.10.22 12:45:15.457,1.14915,1.14917,3.45,1.00
2018.10.22 12:45:16.453,1.14915,1.14916,1.57,1.50
2018.10.22 12:45:16.559,1.14913,1.14916,4.20,2.25
2018.10.22 12:45:16.614,1.14913,1.14914,1.20,1.50
2018.10.22 12:45:16.785,1.14911,1.14913,6.00,1.50
2018.10.22 12:45:17.311,1.1491,1.14912,1.57,1.00
2018.10.22 12:45:17.584,1.14909,1.1491,1.20,1.00
2018.10.22 12:45:17.793,1.14909,1.14912,1.19,1.20
2018.10.22 12:45:18.004,1.14909,1.1491,1.20,1.00
2018.10.22 12:45:18.057,1.14907,1.1491,5.55,1.69
2018.10.22 12:45:18.561,1.14907,1.1491,1.57,1.39
2018.10.22 12:45:18.824,1.14904,1.14907,9.64,1.00
2018.10.22 12:45:19.349,1.14904,1.14908,3.45,1.20
2018.10.22 12:45:19.712,1.14904,1.14905,2.14,3.19
2018.10.22 12:45:19.872,1.14901,1.14903,2.25,3.00
2018.10.22 12:45:20.395,1.14903,1.14904,1.00,2.44
2018.10.22 12:45:20.553,1.14901,1.14903,1.20,1.00
2018.10.22 12:45:20.658,1.149,1.14902,5.74,1.00
2018.10.22 12:45:20.772,1.14901,1.14903,1.57,3.26
2018.10.22 12:45:21.724,1.14901,1.14902,1.57,1.25
2018.10.22 12:45:23.288,1.14899,1.14902,4.05,1.69
2018.10.22 12:45:23.341,1.14898,1.149,2.51,1.50
2018.10.22 12:45:23.395,1.14897,1.149,4.57,2.25
2018.10.22 12:45:23.554,1.14896,1.14898,4.24,1.25
2018.10.22 12:45:23.659,1.14897,1.149,2.14,1.69
2018.10.22 12:45:24.004,1.14899,1.14901,1.50,1.20
2018.10.22 12:45:24.058,1.149,1.14903,2.25,1.57
2018.10.22 12:45:24.620,1.149,1.14902,1.20,1.00
2018.10.22 12:45:24.973,1.14898,1.149,2.51,1.00
2018.10.22 12:45:25.026,1.14898,1.149,3.64,1.00
2018.10.22 12:45:25.500,1.14898,1.14902,1.39,3.82
2018.10.22 12:45:25.867,1.14898,1.149,1.76,1.00
2018.10.22 12:45:26.180,1.14901,1.14904,1.00,1.57
2018.10.22 12:45:26.644,1.14904,1.14905,1.50,1.10
2018.10.22 12:45:26.819,1.14904,1.14907,1.10,1.00
2018.10.22 12:45:27.349,1.14905,1.14908,1.00,1.57
2018.10.22 12:45:27.865,1.14905,1.14907,1.10,1.00
2018.10.22 12:45:28.407,1.14904,1.14907,2.70,2.25
2018.10.22 12:45:28.958,1.14904,1.14908,4.57,2.70
2018.10.22 12:45:29.221,1.14903,1.14904,7.95,9.37
2018.10.22 12:45:29.432,1.14897,1.14899,1.50,3.00
2018.10.22 12:45:29.554,1.14899,1.14901,2.29,2.89
2018.10.22 12:45:29.620,1.149,1.14904,1.57,6.45
2018.10.22 12:45:30.370,1.149,1.14903,2.32,1.00
2018.10.22 12:45:30.949,1.149,1.14904,1.57,3.64
2018.10.22 12:45:31.955,1.149,1.14903,1.57,1.00
2018.10.22 12:45:32.838,1.14899,1.14902,1.57,1.00
2018.10.22 12:45:33.374,1.14899,1.14902,1.57,1.69
2018.10.22 12:45:33.848,1.149,1.14903,1.76,2.32
2018.10.22 12:45:34.336,1.14899,1.14902,2.17,1.00
2018.10.22 12:45:34.857,1.14899,1.14903,1.42,4.20
2018.10.22 12:45:35.389,1.14899,1.14903,3.26,1.50
2018.10.22 12:45:35.909,1.149,1.14902,2.14,1.00
2018.10.22 12:45:36.764,1.149,1.14902,1.39,1.50
2018.10.22 12:45:37.282,1.149,1.14903,1.01,3.00
2018.10.22 12:45:39.178,1.14899,1.149,1.20,3.75
2018.10.22 12:45:39.235,1.14897,1.149,2.17,3.00
2018.10.22 12:45:39.343,1.149,1.14901,1.00,3.00
2018.10.22 12:45:39.929,1.149,1.14902,1.80,1.00
2018.10.22 12:45:40.092,1.14878,1.1488,2.62,1.00
2018.10.22 12:45:40.144,1.14879,1.14881,1.45,3.19
2018.10.22 12:45:40.197,1.14878,1.14879,1.50,1.00
2018.10.22 12:45:40.405,1.14875,1.14876,1.09,2.25
2018.10.22 12:45:40.620,1.14871,1.14873,3.07,1.00
2018.10.22 12:45:40.882,1.14873,1.14876,4.95,5.89
2018.10.22 12:45:41.418,1.14875,1.14876,1.20,1.00
2018.10.22 12:45:41.741,1.14876,1.14878,1.25,1.50
2018.10.22 12:45:42.284,1.14875,1.14877,1.69,1.00
2018.10.22 12:45:42.441,1.14878,1.14879,1.50,1.12
2018.10.22 12:45:42.549,1.14879,1.14881,1.10,1.00
2018.10.22 12:45:43.045,1.1488,1.14882,6.26,1.00
2018.10.22 12:45:43.100,1.14881,1.14884,2.10,1.20
2018.10.22 12:45:43.856,1.14879,1.14883,5.89,1.50
2018.10.22 12:45:44.404,1.1488,1.14884,2.51,4.39
2018.10.22 12:45:45.086,1.14884,1.14885,1.00,2.70
2018.10.22 12:45:45.196,1.14882,1.14883,1.10,1.00
2018.10.22 12:45:45.741,1.14882,1.14884,1.25,2.44
2018.10.22 12:45:45.966,1.14884,1.14885,1.25,1.10
2018.10.22 12:45:46.020,1.14882,1.14885,2.81,8.70
2018.10.22 12:45:46.798,1.14881,1.14884,2.14,1.00
2018.10.22 12:45:47.437,1.14881,1.14883,1.31,1.00
2018.10.22 12:45:47.945,1.14881,1.14884,1.31,1.57
2018.10.22 12:45:48.500,1.14883,1.14885,1.25,3.64
2018.10.22 12:45:48.618,1.14884,1.14886,1.25,2.44
2018.10.22 12:45:49.243,1.14884,1.14887,3.94,1.20
2018.10.22 12:45:49.475,1.14885,1.14888,1.39,1.57
2018.10.22 12:45:50.002,1.14884,1.14888,3.08,1.00
2018.10.22 12:45:50.533,1.14884,1.14889,5.33,4.39
2018.10.22 12:45:51.061,1.14886,1.14889,1.00,3.45
2018.10.22 12:45:51.591,1.14886,1.14888,1.00,1.25
2018.10.22 12:45:52.127,1.14884,1.14889,2.89,1.95
2018.10.22 12:45:52.439,1.1489,1.14891,2.06,1.10
2018.10.22 12:45:52.491,1.1489,1.14893,4.99,1.25
2018.10.22 12:45:53.039,1.1489,1.14894,6.11,3.45
2018.10.22 12:45:53.585,1.1489,1.14894,7.42,3.56
2018.10.22 12:45:54.664,1.14891,1.14894,3.26,2.25
2018.10.22 12:45:55.889,1.14892,1.14895,1.69,4.95
2018.10.22 12:45:55.995,1.14897,1.14898,5.06,1.50
2018.10.22 12:45:56.047,1.149,1.14901,1.30,1.50
2018.10.22 12:45:56.208,1.14901,1.14903,1.25,1.12
2018.10.22 12:45:56.261,1.14901,1.14905,1.39,4.76
2018.10.22 12:45:56.779,1.14901,1.14904,1.57,1.00
2018.10.22 12:45:57.293,1.14901,1.14903,1.20,1.00
2018.10.22 12:45:57.832,1.14901,1.14903,1.20,1.10
2018.10.22 12:45:57.970,1.14899,1.14901,2.14,2.25
2018.10.22 12:45:58.025,1.14899,1.14902,4.95,1.00
2018.10.22 12:45:58.080,1.14899,1.149,1.39,2.25
2018.10.22 12:45:58.240,1.14896,1.149,2.70,2.70
2018.10.22 12:45:58.345,1.14897,1.149,2.14,2.89
2018.10.22 12:45:58.875,1.14896,1.149,3.07,4.95
2018.10.22 12:45:59.247,1.14895,1.14898,1.20,3.64
2018.10.22 12:45:59.406,1.14893,1.14897,1.57,7.39
2018.10.22 12:46:00.042,1.14894,1.14897,1.00,4.01
2018.10.22 12:46:00.147,1.14895,1.14898,2.70,1.01
2018.10.22 12:46:00.697,1.14896,1.14899,1.10,1.69
2018.10.22 12:46:01.015,1.14899,1.14901,1.20,1.69
2018.10.22 12:46:01.207,1.14896,1.14898,1.10,1.00
2018.10.22 12:46:04.483,1.14897,1.14899,1.50,2.70
2018.10.22 12:46:05.013,1.14896,1.14899,1.10,2.44
2018.10.22 12:46:05.533,1.14895,1.14899,1.57,6.64
2018.10.22 12:46:05.693,1.14894,1.14895,1.20,1.25
2018.10.22 12:46:05.940,1.1489,1.14893,2.32,1.00
2018.10.22 12:46:06.518,1.14889,1.14893,6.82,1.00
2018.10.22 12:46:07.073,1.1489,1.14894,1.76,4.76
2018.10.22 12:46:07.543,1.14892,1.14894,2.62,1.50
2018.10.22 12:46:07.648,1.14893,1.14896,1.10,1.00
2018.10.22 12:46:08.284,1.14893,1.14896,1.20,1.95
2018.10.22 12:46:08.821,1.14895,1.14898,1.10,2.70
2018.10.22 12:46:09.397,1.14895,1.14899,1.80,8.70
2018.10.22 12:46:09.611,1.14896,1.14899,2.70,1.00
2018.10.22 12:46:10.119,1.14896,1.14899,1.00,1.57
2018.10.22 12:46:13.964,1.14895,1.14898,3.64,1.00
2018.10.22 12:46:14.537,1.14896,1.14899,1.12,2.51
2018.10.22 12:46:15.544,1.14896,1.14898,1.50,1.00
2018.10.22 12:46:16.082,1.14895,1.14898,1.10,3.00
2018.10.22 12:46:16.399,1.14895,1.14898,9.86,1.00
2018.10.22 12:46:16.946,1.14895,1.14899,7.42,1.95
2018.10.22 12:46:17.156,1.14895,1.14898,2.70,1.50
2018.10.22 12:46:17.965,1.14895,1.14898,1.45,1.10
2018.10.22 12:46:18.630,1.14895,1.14898,1.57,1.00
2018.10.22 12:46:22.068,1.14895,1.14898,2.14,1.76
2018.10.22 12:46:22.121,1.14897,1.14899,2.81,3.26
2018.10.22 12:46:22.434,1.149,1.14902,31.20,1.00
2018.10.22 12:46:22.976,1.14901,1.14904,29.89,8.62
2018.10.22 12:46:23.561,1.14901,1.14904,2.32,6.07
2018.10.22 12:46:24.087,1.14901,1.14904,1.95,3.37
2018.10.22 12:46:24.677,1.14901,1.14904,2.32,4.01
2018.10.22 12:46:25.204,1.14901,1.14904,1.95,3.37
2018.10.22 12:46:25.707,1.14901,1.14904,1.95,4.12
2018.10.22 12:46:28.064,1.149,1.14903,4.76,2.25
2018.10.22 12:46:28.171,1.14899,1.14903,4.76,7.20
2018.10.22 12:46:28.338,1.14895,1.14899,5.36,6.00
2018.10.22 12:46:29.031,1.14895,1.14898,3.30,1.39
2018.10.22 12:46:31.383,1.14894,1.14897,3.82,1.50
2018.10.22 12:46:31.446,1.14893,1.14895,1.01,2.25
2018.10.22 12:46:32.580,1.14892,1.14894,1.76,2.25
2018.10.22 12:46:32.736,1.14892,1.14896,1.95,3.82
2018.10.22 12:46:33.864,1.14892,1.14894,1.42,1.00
2018.10.22 12:46:33.918,1.14891,1.14893,1.12,2.25
2018.10.22 12:46:34.928,1.14894,1.14895,15.04,3.45
2018.10.22 12:46:35.194,1.14899,1.14901,6.26,1.10
2018.10.22 12:46:35.351,1.149,1.14902,1.57,1.00
2018.10.22 12:46:35.613,1.14898,1.14901,5.06,1.20
2018.10.22 12:46:35.723,1.14897,1.14899,1.10,1.00
2018.10.22 12:46:36.877,1.14897,1.14901,1.10,10.39
2018.10.22 12:46:37.405,1.14898,1.14901,8.21,1.10
2018.10.22 12:46:37.708,1.149,1.14902,1.50,3.19
2018.10.22 12:46:38.029,1.14895,1.14898,8.36,1.50
2018.10.22 12:46:38.738,1.14895,1.14896,1.00,1.00
2018.10.22 12:46:38.845,1.14891,1.14895,1.76,6.45
2018.10.22 12:46:39.158,1.14894,1.14895,1.00,1.10
2018.10.22 12:46:39.308,1.14894,1.14897,2.92,1.00
2018.10.22 12:46:39.777,1.14894,1.14895,1.00,1.00
2018.10.22 12:46:39.883,1.14892,1.14895,1.10,9.94
2018.10.22 12:46:40.405,1.14892,1.14894,1.10,1.20
2018.10.22 12:46:40.988,1.14893,1.14895,1.00,2.32
2018.10.22 12:46:41.094,1.14895,1.14897,1.00,4.39
2018.10.22 12:46:41.487,1.14898,1.149,1.00,11.51
2018.10.22 12:46:42.010,1.14899,1.149,1.00,2.44
2018.10.22 12:46:42.663,1.14898,1.149,1.00,1.25
2018.10.22 12:46:43.097,1.14897,1.14899,1.00,1.20
2018.10.22 12:46:43.647,1.14897,1.14899,1.00,1.39
2018.10.22 12:46:44.199,1.14898,1.149,1.00,5.25
2018.10.22 12:46:44.468,1.149,1.14903,1.00,2.51
2018.10.22 12:46:44.996,1.149,1.14903,2.92,1.50
2018.10.22 12:46:45.535,1.14902,1.14904,1.00,3.26
2018.10.22 12:46:45.641,1.14905,1.14907,1.00,5.70
2018.10.22 12:46:46.185,1.14907,1.14908,1.00,1.10
2018.10.22 12:46:47.092,1.1491,1.14911,1.00,4.50
2018.10.22 12:46:47.401,1.14907,1.14909,1.00,1.69
2018.10.22 12:46:47.902,1.14908,1.1491,1.10,1.69
2018.10.22 12:46:48.435,1.14908,1.14911,1.10,2.25
2018.10.22 12:46:48.768,1.1491,1.14913,1.00,4.76
2018.10.22 12:46:48.905,1.14911,1.14914,1.00,4.39
2018.10.22 12:46:49.451,1.14911,1.14914,1.20,5.14
2018.10.22 12:46:49.712,1.14914,1.14915,1.00,3.19
2018.10.22 12:46:49.868,1.14912,1.14914,1.12,2.44
2018.10.22 12:46:50.388,1.14912,1.14914,1.07,2.44
2018.10.22 12:46:50.893,1.14912,1.14914,1.12,7.12
2018.10.22 12:46:51.950,1.14915,1.14916,1.87,2.70
2018.10.22 12:46:52.186,1.14918,1.14919,1.00,1.00
2018.10.22 12:46:52.704,1.14917,1.14918,1.00,2.44
2018.10.22 12:46:53.501,1.14916,1.14918,1.50,2.44
2018.10.22 12:46:54.165,1.14916,1.14918,1.95,1.69
2018.10.22 12:46:54.271,1.14918,1.14921,1.00,3.64
2018.10.22 12:46:54.586,1.14917,1.14919,1.10,1.25
2018.10.22 12:46:54.788,1.14915,1.14918,1.95,1.50
2018.10.22 12:46:55.377,1.14915,1.14917,1.95,1.00
2018.10.22 12:46:55.932,1.14915,1.14918,1.95,1.50
2018.10.22 12:46:56.037,1.14916,1.14919,2.85,6.26
2018.10.22 12:46:56.358,1.14922,1.14924,1.20,1.00
2018.10.22 12:46:56.411,1.14922,1.14926,1.20,2.81
2018.10.22 12:46:56.636,1.14922,1.14925,2.92,1.00
2018.10.22 12:46:57.155,1.14922,1.14925,3.26,1.00
2018.10.22 12:46:57.462,1.14924,1.14927,2.32,1.87
2018.10.22 12:46:57.516,1.14926,1.14928,1.10,2.89
2018.10.22 12:46:58.090,1.14927,1.14929,1.87,1.69
2018.10.22 12:46:58.626,1.14926,1.14928,1.00,2.44
2018.10.22 12:46:58.730,1.14925,1.14928,1.95,3.19
2018.10.22 12:46:58.892,1.14925,1.14926,2.32,1.25
2018.10.22 12:46:58.999,1.14924,1.14927,1.25,2.32
2018.10.22 12:46:59.609,1.14925,1.14927,2.51,1.00
2018.10.22 12:46:59.802,1.14925,1.14929,2.89,3.82
2018.10.22 12:46:59.962,1.14928,1.1493,2.25,3.45
2018.10.22 12:47:00.126,1.14931,1.14933,1.20,1.10
2018.10.22 12:47:00.814,1.14931,1.14932,1.10,1.00
2018.10.22 12:47:00.868,1.14928,1.14932,7.76,2.25
2018.10.22 12:47:00.975,1.14928,1.1493,1.00,1.00
2018.10.22 12:47:01.521,1.14928,1.14929,1.00,1.00
2018.10.22 12:47:02.093,1.14926,1.14929,2.14,1.00
2018.10.22 12:47:02.352,1.14929,1.1493,2.44,3.75
2018.10.22 12:47:02.465,1.14931,1.14933,1.00,2.25
2018.10.22 12:47:02.573,1.14933,1.14934,1.00,1.95
2018.10.22 12:47:03.110,1.14931,1.14933,1.39,1.50
2018.10.22 12:47:03.671,1.14933,1.14935,1.69,1.95
2018.10.22 12:47:04.268,1.14933,1.14935,1.10,1.95
2018.10.22 12:47:04.581,1.14932,1.14934,1.00,1.57
2018.10.22 12:47:04.896,1.14935,1.14936,1.00,1.00
2018.10.22 12:47:04.949,1.14935,1.14937,1.00,2.62
2018.10.22 12:47:05.160,1.14934,1.14935,1.95,1.00
2018.10.22 12:47:05.352,1.14932,1.14935,1.57,1.50
2018.10.22 12:47:06.522,1.14931,1.14933,1.57,1.50
2018.10.22 12:47:06.687,1.14928,1.1493,1.00,3.07
2018.10.22 12:47:07.337,1.14928,1.14931,1.00,5.74
2018.10.22 12:47:07.839,1.14927,1.1493,1.00,9.26
2018.10.22 12:47:08.358,1.14926,1.14929,1.57,1.95
2018.10.22 12:47:09.139,1.14926,1.14929,1.10,1.50
2018.10.22 12:47:09.673,1.14925,1.14928,1.10,1.12
2018.10.22 12:47:12.949,1.14923,1.14925,3.45,1.00
2018.10.22 12:47:13.002,1.14923,1.14924,1.50,2.25
2018.10.22 12:47:13.518,1.14922,1.14924,1.25,3.00
2018.10.22 12:47:13.890,1.14924,1.14926,2.44,2.06
2018.10.22 12:47:14.414,1.1492,1.14922,1.50,1.50
2018.10.22 12:47:14.738,1.14916,1.1492,1.00,10.20
2018.10.22 12:47:15.260,1.14916,1.14919,1.39,2.32
2018.10.22 12:47:15.781,1.14917,1.1492,1.00,2.32
2018.10.22 12:47:16.288,1.14918,1.14921,1.10,3.22
2018.10.22 12:47:17.244,1.14918,1.14921,1.20,5.47
2018.10.22 12:47:17.296,1.14917,1.14919,6.45,1.12
2018.10.22 12:47:17.350,1.14916,1.14918,5.25,1.00
2018.10.22 12:47:18.278,1.14917,1.14919,1.69,1.50
2018.10.22 12:47:18.786,1.14917,1.14919,1.25,1.00
2018.10.22 12:47:19.090,1.14919,1.14921,1.00,1.95
2018.10.22 12:47:19.199,1.14921,1.14923,1.25,2.25
2018.10.22 12:47:19.704,1.14922,1.14925,1.00,7.76
2018.10.22 12:47:20.379,1.14923,1.14925,1.25,2.70
2018.10.22 12:47:20.919,1.14924,1.14926,1.00,1.95
2018.10.22 12:47:22.861,1.14924,1.14926,1.00,1.50
2018.10.22 12:47:23.122,1.14926,1.14928,1.10,2.47
2018.10.22 12:47:23.455,1.14924,1.14926,1.50,2.62
2018.10.22 12:47:24.763,1.14926,1.14928,1.50,1.57
2018.10.22 12:47:25.211,1.14928,1.14929,1.00,1.00
2018.10.22 12:47:25.483,1.14929,1.14931,1.00,1.00
2018.10.22 12:47:25.798,1.14927,1.1493,4.57,1.00
2018.10.22 12:47:26.233,1.14929,1.14931,1.50,1.00
2018.10.22 12:47:26.606,1.1493,1.14933,6.45,1.16
2018.10.22 12:47:26.932,1.14936,1.14938,1.50,3.45
2018.10.22 12:47:27.143,1.14935,1.14939,2.89,1.87
2018.10.22 12:47:28.563,1.14936,1.14939,1.20,1.61
2018.10.22 12:47:28.824,1.14935,1.14939,5.14,3.49
2018.10.22 12:47:29.357,1.14935,1.14939,3.82,4.20
2018.10.22 12:47:29.942,1.14935,1.14939,5.32,5.89
2018.10.22 12:47:30.484,1.14935,1.14938,3.07,1.00
2018.10.22 12:47:31.061,1.14935,1.14939,1.57,7.39
2018.10.22 12:47:31.613,1.14935,1.14938,1.20,1.25
2018.10.22 12:47:31.844,1.14935,1.14939,7.01,7.27
2018.10.22 12:47:31.963,1.14939,1.14942,1.00,3.07
2018.10.22 12:47:32.329,1.14941,1.14943,1.95,1.10
2018.10.22 12:47:34.883,1.14939,1.14941,4.57,1.00
2018.10.22 12:47:34.988,1.14938,1.14941,1.20,1.69
2018.10.22 12:47:35.040,1.14936,1.14939,2.89,1.00
2018.10.22 12:47:35.313,1.14936,1.14939,3.45,1.00
2018.10.22 12:47:35.734,1.14938,1.14941,1.01,4.20
2018.10.22 12:47:36.273,1.14938,1.14942,2.89,5.02
2018.10.22 12:47:37.111,1.14938,1.14941,2.89,1.00
2018.10.22 12:47:37.782,1.14937,1.1494,5.89,1.00
2018.10.22 12:47:38.134,1.14939,1.14941,1.95,5.62
2018.10.22 12:47:38.242,1.1494,1.14942,4.57,1.00
2018.10.22 12:47:38.557,1.14941,1.14944,4.01,1.00
2018.10.22 12:47:38.613,1.14944,1.14945,1.00,3.82
2018.10.22 12:47:38.739,1.14947,1.14949,1.00,1.95
2018.10.22 12:47:38.855,1.14946,1.14948,2.14,1.00
2018.10.22 12:47:39.167,1.14946,1.14949,1.39,4.95
2018.10.22 12:47:39.517,1.14946,1.14947,1.95,1.00
2018.10.22 12:47:39.623,1.14941,1.14944,6.26,1.00
2018.10.22 12:47:40.143,1.14941,1.14944,5.89,1.00
2018.10.22 12:47:40.663,1.14941,1.14944,2.51,1.00
2018.10.22 12:47:42.193,1.14941,1.14943,1.76,1.00
2018.10.22 12:47:42.401,1.1494,1.14942,2.70,1.69
2018.10.22 12:47:42.506,1.14936,1.14939,1.25,1.10
2018.10.22 12:47:43.025,1.14936,1.1494,3.26,1.20
2018.10.22 12:47:43.550,1.14936,1.14939,2.14,1.20
2018.10.22 12:47:44.648,1.14936,1.14939,1.10,1.00
2018.10.22 12:47:45.256,1.14937,1.14939,1.00,1.00
2018.10.22 12:47:45.764,1.14937,1.1494,1.00,6.82
2018.10.22 12:47:46.795,1.14937,1.14939,1.00,1.00
2018.10.22 12:47:47.310,1.14936,1.14938,1.10,1.00
2018.10.22 12:47:47.421,1.14933,1.14936,7.39,1.00
2018.10.22 12:47:47.725,1.14932,1.14934,1.39,1.10
2018.10.22 12:47:48.644,1.14932,1.14934,1.00,2.70
2018.10.22 12:47:49.258,1.14931,1.14934,1.25,1.95
2018.10.22 12:47:49.754,1.14929,1.14931,2.51,1.12
2018.10.22 12:47:51.674,1.14927,1.14929,1.95,2.25
2018.10.22 12:47:52.804,1.14927,1.14929,1.20,2.32
2018.10.22 12:47:53.110,1.14923,1.14924,1.10,10.39
2018.10.22 12:47:53.217,1.14921,1.14924,2.70,10.27
2018.10.22 12:47:53.763,1.14921,1.14924,2.51,3.19
2018.10.22 12:47:54.359,1.1492,1.14921,5.70,1.50
2018.10.22 12:47:54.466,1.14918,1.1492,1.10,1.25
2018.10.22 12:47:55.035,1.14917,1.14921,2.14,3.26
2018.10.22 12:47:55.662,1.14917,1.14921,2.14,2.81
2018.10.22 12:47:56.543,1.14917,1.14921,2.14,1.10
2018.10.22 12:47:57.376,1.14917,1.14919,1.10,2.25
2018.10.22 12:47:57.536,1.14915,1.14918,5.51,1.00
2018.10.22 12:47:57.708,1.14917,1.14919,1.00,1.57
2018.10.22 12:47:58.236,1.14915,1.14917,4.39,1.00
2018.10.22 12:47:58.809,1.14915,1.14917,2.51,2.25
2018.10.22 12:47:59.627,1.14915,1.14917,2.51,1.00
2018.10.22 12:48:00.160,1.14915,1.14917,1.69,2.25
2018.10.22 12:48:00.747,1.14913,1.14915,2.92,1.00
2018.10.22 12:48:01.065,1.14915,1.14917,1.20,1.39
2018.10.22 12:48:01.424,1.14916,1.14918,3.60,1.25
2018.10.22 12:48:01.529,1.1492,1.14923,1.00,4.57
2018.10.22 12:48:02.121,1.14921,1.14923,1.25,1.00
2018.10.22 12:48:03.376,1.14919,1.14923,2.89,4.39
2018.10.22 12:48:03.431,1.14919,1.14922,2.44,1.57
2018.10.22 12:48:03.642,1.1492,1.14923,1.20,1.69
2018.10.22 12:48:04.401,1.1492,1.14923,1.01,1.00
2018.10.22 12:48:04.921,1.1492,1.14924,1.76,4.57
2018.10.22 12:48:05.257,1.14921,1.14924,1.29,3.00
2018.10.22 12:48:05.775,1.14922,1.14924,1.20,1.00
2018.10.22 12:48:06.327,1.14921,1.14924,1.57,1.50
2018.10.22 12:48:06.856,1.14921,1.14924,1.95,1.95
2018.10.22 12:48:08.609,1.14922,1.14926,5.14,2.32
2018.10.22 12:48:08.661,1.14922,1.14926,7.01,2.70
2018.10.22 12:48:09.180,1.14921,1.14924,5.36,1.00
2018.10.22 12:48:09.232,1.14921,1.14924,10.99,1.00
2018.10.22 12:48:09.454,1.14921,1.14924,9.49,1.00
2018.10.22 12:48:10.065,1.14921,1.14923,1.95,2.50
2018.10.22 12:48:10.171,1.1492,1.14921,1.69,1.00
2018.10.22 12:48:10.696,1.14919,1.14922,6.64,1.00
2018.10.22 12:48:11.228,1.14921,1.14923,2.44,1.00
2018.10.22 12:48:14.054,1.1492,1.14923,5.36,1.95
2018.10.22 12:48:14.108,1.14918,1.14919,4.20,1.00
2018.10.22 12:48:14.420,1.1492,1.14924,2.70,1.57
2018.10.22 12:48:14.995,1.1492,1.14924,9.11,1.10
2018.10.22 12:48:15.151,1.14923,1.14925,1.00,1.30
2018.10.22 12:48:15.718,1.14922,1.14926,5.74,3.07
2018.10.22 12:48:16.261,1.14923,1.14926,1.00,1.95
2018.10.22 12:48:16.781,1.14922,1.14926,3.49,1.10
2018.10.22 12:48:17.509,1.14924,1.14926,1.01,1.20
2018.10.22 12:48:18.685,1.14924,1.14926,2.29,1.00
2018.10.22 12:48:19.216,1.14925,1.14927,1.25,1.50
2018.10.22 12:48:21.467,1.14925,1.14926,1.25,1.00
2018.10.22 12:48:22.005,1.14925,1.14927,1.25,3.07
2018.10.22 12:48:22.317,1.14921,1.14924,1.20,1.00
2018.10.22 12:48:22.477,1.14921,1.14925,1.10,3.82
2018.10.22 12:48:23.010,1.14921,1.14924,1.20,1.00
2018.10.22 12:48:23.577,1.14921,1.14925,1.05,4.95
2018.10.22 12:48:24.082,1.1492,1.14924,2.32,3.07
2018.10.22 12:48:24.626,1.1492,1.14923,1.57,1.00
2018.10.22 12:48:26.031,1.1492,1.14923,2.70,2.70
2018.10.22 12:48:26.137,1.14919,1.14923,5.51,2.32
2018.10.22 12:48:27.181,1.1492,1.14924,1.10,7.20
2018.10.22 12:48:28.266,1.14921,1.14924,1.25,2.32
2018.10.22 12:48:29.155,1.14921,1.14922,1.25,1.00
2018.10.22 12:48:29.207,1.14921,1.14924,1.25,2.70
2018.10.22 12:48:30.459,1.1492,1.14924,1.20,6.07
2018.10.22 12:48:31.320,1.1492,1.14921,1.10,1.50
2018.10.22 12:48:31.631,1.14917,1.14919,1.67,2.25
2018.10.22 12:48:33.359,1.14914,1.14918,6.49,1.00
2018.10.22 12:48:33.919,1.14916,1.14919,1.25,3.49
2018.10.22 12:48:34.424,1.14916,1.14919,1.01,3.07
2018.10.22 12:48:35.318,1.14917,1.14918,1.00,1.25
2018.10.22 12:48:35.866,1.14916,1.14919,5.92,1.50
2018.10.22 12:48:38.873,1.14916,1.14918,2.10,1.00
2018.10.22 12:48:39.260,1.14915,1.14918,1.57,1.00
2018.10.22 12:48:39.368,1.14913,1.14915,3.45,3.00
2018.10.22 12:48:39.653,1.14909,1.1491,1.69,1.50
2018.10.22 12:48:39.707,1.14906,1.14909,7.61,1.00
2018.10.22 12:48:40.313,1.14906,1.14909,2.92,1.20
2018.10.22 12:48:40.626,1.14905,1.14908,1.09,3.00
2018.10.22 12:48:41.331,1.14905,1.14908,2.51,1.00
2018.10.22 12:48:41.698,1.14904,1.14908,6.34,1.57
2018.10.22 12:48:42.251,1.14905,1.14907,1.30,1.00
2018.10.22 12:48:42.770,1.14905,1.14908,1.76,3.75
2018.10.22 12:48:43.384,1.14906,1.14909,1.12,1.95
2018.10.22 12:48:45.371,1.14905,1.14908,3.49,1.50
2018.10.22 12:48:45.581,1.14905,1.14906,1.10,1.00
2018.10.22 12:48:46.082,1.14904,1.14907,1.31,1.57
2018.10.22 12:48:46.583,1.14905,1.14908,2.89,1.57
2018.10.22 12:48:47.108,1.14905,1.14909,1.39,5.68
2018.10.22 12:48:47.639,1.14906,1.14909,1.76,3.45
2018.10.22 12:48:49.555,1.14905,1.14909,4.24,1.57
2018.10.22 12:48:49.869,1.14904,1.14907,5.17,3.00
2018.10.22 12:48:50.556,1.14904,1.14907,1.50,3.07
2018.10.22 12:48:51.090,1.14903,1.14907,3.49,2.70
2018.10.22 12:48:51.594,1.14903,1.14904,1.00,2.25
2018.10.22 12:48:51.702,1.14901,1.14904,1.57,4.20
2018.10.22 12:48:52.290,1.14901,1.14904,1.12,4.20
2018.10.22 12:48:52.343,1.149,1.14902,2.32,1.00
2018.10.22 12:48:52.867,1.149,1.14902,1.00,1.50
2018.10.22 12:48:53.757,1.14898,1.14902,9.11,3.07
2018.10.22 12:48:56.141,1.14899,1.14901,1.25,2.25
2018.10.22 12:48:56.537,1.149,1.14904,3.26,3.07
2018.10.22 12:48:57.597,1.14901,1.14904,1.12,1.95
2018.10.22 12:48:58.274,1.149,1.14903,3.71,1.50
2018.10.22 12:49:00.168,1.14901,1.14904,1.87,2.70
2018.10.22 12:49:00.516,1.14899,1.149,1.12,1.00
2018.10.22 12:49:00.628,1.14896,1.14898,1.76,3.00
2018.10.22 12:49:00.733,1.14898,1.14899,3.00,1.50
2018.10.22 12:49:01.069,1.14898,1.149,3.19,4.57
2018.10.22 12:49:01.677,1.14898,1.149,3.94,2.25
2018.10.22 12:49:02.208,1.14899,1.14901,1.95,1.00
2018.10.22 12:49:02.735,1.14899,1.14902,2.70,2.25
2018.10.22 12:49:03.276,1.14899,1.14902,4.95,1.57
2018.10.22 12:49:03.813,1.149,1.14903,1.01,3.00
2018.10.22 12:49:04.527,1.14901,1.14903,1.00,1.50
2018.10.22 12:49:05.136,1.14901,1.14904,1.20,2.14
2018.10.22 12:49:06.481,1.14901,1.14905,1.50,4.50
2018.10.22 12:49:08.077,1.14901,1.14903,1.50,1.00
2018.10.22 12:49:08.614,1.14901,1.14905,1.80,2.51
2018.10.22 12:49:09.354,1.14901,1.14905,4.46,7.50
2018.10.22 12:49:09.902,1.14903,1.14905,1.57,1.00
2018.10.22 12:49:12.011,1.14904,1.14907,1.00,6.82
2018.10.22 12:49:12.523,1.14904,1.14906,1.00,1.00
2018.10.22 12:49:13.621,1.14904,1.14907,1.00,4.57
2018.10.22 12:49:14.171,1.14904,1.14906,1.00,1.00
2018.10.22 12:49:14.690,1.14905,1.14908,2.44,3.64
2018.10.22 12:49:14.849,1.14907,1.1491,1.05,2.92
2018.10.22 12:49:15.362,1.14907,1.14911,5.14,2.36
2018.10.22 12:49:15.895,1.14907,1.14911,10.95,3.00
2018.10.22 12:49:16.446,1.14909,1.14912,1.50,4.27
2018.10.22 12:49:16.706,1.14911,1.14915,5.36,5.51
2018.10.22 12:49:17.249,1.14911,1.14914,4.99,1.00
2018.10.22 12:49:19.450,1.14912,1.14914,1.00,1.00
2018.10.22 12:49:19.610,1.14914,1.14916,1.00,1.10
2018.10.22 12:49:20.387,1.14913,1.14917,1.20,1.10
2018.10.22 12:49:21.240,1.14913,1.14916,1.57,1.00
2018.10.22 12:49:21.953,1.14913,1.14917,1.10,2.70
2018.10.22 12:49:22.295,1.14913,1.14915,1.00,1.69
2018.10.22 12:49:22.507,1.14911,1.14914,1.00,7.20
2018.10.22 12:49:23.035,1.14911,1.14914,1.20,2.70
2018.10.22 12:49:23.557,1.14911,1.14914,2.32,1.20
2018.10.22 12:49:25.960,1.14911,1.14913,6.07,1.00
2018.10.22 12:49:26.486,1.14911,1.14914,4.20,3.45
2018.10.22 12:49:29.319,1.14911,1.14913,1.57,1.00
2018.10.22 12:49:29.734,1.1491,1.14913,2.70,1.50
2018.10.22 12:49:30.125,1.14909,1.1491,1.57,3.00
2018.10.22 12:49:30.387,1.1491,1.14913,1.39,3.45
2018.10.22 12:49:30.937,1.14911,1.14914,2.32,1.00
2018.10.22 12:49:33.621,1.1491,1.14913,5.62,1.00
2018.10.22 12:49:34.160,1.14912,1.14915,3.37,1.27
2018.10.22 12:49:34.633,1.1491,1.14913,5.55,1.00
2018.10.22 12:49:34.772,1.14911,1.14914,3.11,1.25
2018.10.22 12:49:35.318,1.14911,1.14915,4.05,4.76
2018.10.22 12:49:36.279,1.14911,1.14914,7.42,1.00
2018.10.22 12:49:36.829,1.14911,1.14913,2.17,1.00
2018.10.22 12:49:37.634,1.14912,1.14916,1.42,9.82
2018.10.22 12:49:37.687,1.14913,1.14916,1.57,2.70
2018.10.22 12:49:38.350,1.14914,1.14917,3.19,2.02
2018.10.22 12:49:38.673,1.14917,1.14919,1.00,1.00
2018.10.22 12:49:39.239,1.14917,1.14918,1.10,1.00
2018.10.22 12:49:39.759,1.14916,1.14918,2.70,1.00
2018.10.22 12:49:39.969,1.14917,1.1492,1.57,2.25
2018.10.22 12:49:40.460,1.14918,1.1492,1.57,1.00
2018.10.22 12:49:40.843,1.14921,1.14923,3.07,1.00
2018.10.22 12:49:42.598,1.14918,1.14919,3.00,1.00
2018.10.22 12:49:42.651,1.14916,1.14919,5.89,1.50
2018.10.22 12:49:44.782,1.14916,1.14919,2.25,4.01
2018.10.22 12:49:44.985,1.14912,1.14914,1.00,2.25
2018.10.22 12:49:45.038,1.14911,1.14913,3.45,1.00
2018.10.22 12:49:46.486,1.14911,1.14914,1.95,1.00
2018.10.22 12:49:48.137,1.1491,1.14914,2.51,3.64
2018.10.22 12:49:48.628,1.14909,1.1491,2.32,3.00
2018.10.22 12:49:48.787,1.14906,1.14909,1.80,1.50
2018.10.22 12:49:51.512,1.14906,1.14908,1.20,1.00
2018.10.22 12:49:52.111,1.14905,1.14909,7.57,2.25
2018.10.22 12:49:52.847,1.14906,1.14909,1.10,2.77
2018.10.22 12:49:53.382,1.14906,1.14909,2.70,3.00
2018.10.22 12:49:55.223,1.14905,1.14908,13.95,1.00
2018.10.22 12:49:56.676,1.14905,1.14908,1.20,3.00
2018.10.22 12:49:57.190,1.14904,1.14908,7.39,3.45
2018.10.22 12:49:57.717,1.14904,1.14908,2.51,1.57
2018.10.22 12:49:58.181,1.14905,1.14908,8.32,1.00
2018.10.22 12:49:58.706,1.14906,1.14909,5.70,2.70
2018.10.22 12:49:59.854,1.14907,1.1491,4.87,1.10
2018.10.22 12:50:00.222,1.14911,1.14914,2.62,1.39
2018.10.22 12:50:00.555,1.14912,1.14915,2.32,1.50
2018.10.22 12:50:01.056,1.14911,1.14913,3.07,1.00
2018.10.22 12:50:01.706,1.1491,1.14912,4.95,1.50
2018.10.22 12:50:01.869,1.14907,1.14909,2.92,1.00
2018.10.22 12:50:02.391,1.14907,1.1491,1.10,1.69
2018.10.22 12:50:04.472,1.14906,1.1491,6.07,3.94
2018.10.22 12:50:04.735,1.14904,1.14908,7.99,2.25
2018.10.22 12:50:05.302,1.14904,1.14907,5.14,1.00
2018.10.22 12:50:05.822,1.14904,1.14908,7.39,1.50
2018.10.22 12:50:07.480,1.14905,1.14908,4.95,1.00
2018.10.22 12:50:07.990,1.14907,1.14909,1.00,1.00
2018.10.22 12:50:08.436,1.1491,1.14911,1.50,4.42
2018.10.22 12:50:08.653,1.14908,1.1491,1.76,1.50
2018.10.22 12:50:09.031,1.1491,1.14913,3.45,2.25
2018.10.22 12:50:09.345,1.1491,1.14913,1.01,3.94
2018.10.22 12:50:09.580,1.1491,1.14913,1.10,3.00
2018.10.22 12:50:12.633,1.1491,1.14913,1.76,3.19
2018.10.22 12:50:13.197,1.1491,1.14913,1.10,1.50
2018.10.22 12:50:13.724,1.14911,1.14913,1.95,1.00
2018.10.22 12:50:14.263,1.14911,1.14913,1.20,1.57
2018.10.22 12:50:17.336,1.1491,1.14914,1.20,6.26
2018.10.22 12:50:17.860,1.1491,1.14914,7.76,2.06
2018.10.22 12:50:18.366,1.14911,1.14913,1.10,1.50
2018.10.22 12:50:18.906,1.1491,1.14913,6.64,1.00
2018.10.22 12:50:19.427,1.1491,1.14914,5.32,2.25
2018.10.22 12:50:19.976,1.1491,1.14914,3.82,2.51
2018.10.22 12:50:20.288,1.14909,1.14911,2.17,1.00
2018.10.22 12:50:20.444,1.14908,1.1491,1.10,2.32
2018.10.22 12:50:20.961,1.14907,1.14909,2.32,1.00
2018.10.22 12:50:21.514,1.14907,1.1491,1.20,6.94
2018.10.22 12:50:22.019,1.14907,1.14909,1.20,1.00
2018.10.22 12:50:22.534,1.14907,1.1491,1.20,5.44
2018.10.22 12:50:23.053,1.14906,1.14909,3.07,2.70
2018.10.22 12:50:23.558,1.14906,1.14909,4.01,3.00
2018.10.22 12:50:24.224,1.14907,1.14909,1.20,1.25
2018.10.22 12:50:28.845,1.14907,1.1491,3.67,1.50
2018.10.22 12:50:29.356,1.14907,1.1491,1.76,1.50
2018.10.22 12:50:29.888,1.14909,1.1491,1.10,2.25
2018.10.22 12:50:30.396,1.14909,1.14911,1.10,1.76
2018.10.22 12:50:32.327,1.14908,1.14909,1.20,1.50
2018.10.22 12:50:32.433,1.14906,1.14909,3.45,1.00
2018.10.22 12:50:33.375,1.14906,1.14908,1.57,1.00
2018.10.22 12:50:33.530,1.14904,1.14906,6.82,2.95
2018.10.22 12:50:33.584,1.14902,1.14904,1.00,1.50
2018.10.22 12:50:35.417,1.14901,1.14905,1.95,11.51
2018.10.22 12:50:35.695,1.14904,1.14906,1.00,1.39
2018.10.22 12:50:35.804,1.14907,1.14909,1.00,1.20
2018.10.22 12:50:36.504,1.14907,1.1491,1.00,4.20
2018.10.22 12:50:36.557,1.14908,1.1491,1.76,4.95
2018.10.22 12:50:36.661,1.1491,1.14911,1.10,1.25
2018.10.22 12:50:36.818,1.14911,1.14914,2.77,3.64
2018.10.22 12:50:37.421,1.14913,1.14915,1.00,5.14
2018.10.22 12:50:38.431,1.14913,1.14915,1.00,2.62
2018.10.22 12:50:38.484,1.14914,1.14916,1.00,1.95
2018.10.22 12:50:38.591,1.14916,1.14918,3.07,1.00
2018.10.22 12:50:38.799,1.14915,1.14916,1.20,1.25
2018.10.22 12:50:39.319,1.14915,1.14917,1.12,1.31
2018.10.22 12:50:40.804,1.14916,1.14918,1.00,3.56
2018.10.22 12:50:41.175,1.14916,1.14919,1.12,5.70
2018.10.22 12:50:41.280,1.14915,1.14918,1.95,4.88
2018.10.22 12:50:41.791,1.14916,1.14919,1.39,2.14
2018.10.22 12:50:42.322,1.14915,1.14919,3.64,5.14
2018.10.22 12:50:44.771,1.14915,1.14918,7.39,1.20
2018.10.22 12:50:45.321,1.14915,1.14918,2.51,1.12
2018.10.22 12:50:46.505,1.14914,1.14917,3.82,1.31
2018.10.22 12:50:46.828,1.14911,1.14914,6.67,1.76
2018.10.22 12:50:48.098,1.14911,1.14914,6.82,1.25
2018.10.22 12:50:48.603,1.14911,1.14913,3.07,1.00
2018.10.22 12:50:49.214,1.14911,1.14914,4.42,1.69
2018.10.22 12:50:49.569,1.14912,1.14915,1.95,2.89
2018.10.22 12:50:50.381,1.14912,1.14914,4.05,1.00
2018.10.22 12:50:50.609,1.14913,1.14916,3.94,1.20
2018.10.22 12:50:50.715,1.14913,1.14917,9.86,1.20
2018.10.22 12:50:50.768,1.14913,1.14917,7.24,1.20
2018.10.22 12:50:53.318,1.14913,1.14917,8.36,1.01
2018.10.22 12:50:53.733,1.14913,1.14915,1.95,4.69
2018.10.22 12:50:53.839,1.14911,1.14915,2.70,5.44
2018.10.22 12:50:54.389,1.14912,1.14915,2.70,1.00
2018.10.22 12:50:54.440,1.14914,1.14916,1.00,1.69
2018.10.22 12:50:54.836,1.14912,1.14915,1.95,1.69
2018.10.22 12:50:55.337,1.14912,1.14915,1.10,6.94
2018.10.22 12:50:57.302,1.14912,1.14915,2.70,3.19
2018.10.22 12:50:59.339,1.14912,1.14914,1.80,1.00
2018.10.22 12:50:59.946,1.14912,1.14915,1.80,3.19
2018.10.22 12:51:00.450,1.14912,1.14914,2.70,1.00
2018.10.22 12:51:00.961,1.14912,1.14915,1.95,2.44
2018.10.22 12:51:01.066,1.14915,1.14917,1.37,4.95
2018.10.22 12:51:01.249,1.14911,1.14914,8.89,1.50
2018.10.22 12:51:01.787,1.14912,1.14914,1.20,1.00
2018.10.22 12:51:02.289,1.14912,1.14915,1.20,5.89
2018.10.22 12:51:02.867,1.14912,1.14915,1.20,5.14
2018.10.22 12:51:03.410,1.14911,1.14915,5.89,7.01
2018.10.22 12:51:03.950,1.14912,1.14914,1.20,1.00
2018.10.22 12:51:04.487,1.14911,1.14915,13.57,3.94
2018.10.22 12:51:06.394,1.14912,1.14914,3.07,1.00
2018.10.22 12:51:07.660,1.14912,1.14915,4.20,5.25
2018.10.22 12:51:08.203,1.14912,1.14915,2.70,3.75
2018.10.22 12:51:08.926,1.14912,1.14915,4.39,2.70
2018.10.22 12:51:10.018,1.14912,1.14914,2.32,1.00
2018.10.22 12:51:10.635,1.14912,1.14915,1.45,9.26
2018.10.22 12:51:11.180,1.14913,1.14915,2.32,1.10
2018.10.22 12:51:12.330,1.14913,1.14914,1.00,1.00
2018.10.22 12:51:12.946,1.14913,1.14915,1.00,2.44
2018.10.22 12:51:13.566,1.14913,1.14914,1.00,1.00
2018.10.22 12:51:14.322,1.14913,1.14915,1.00,3.94
2018.10.22 12:51:16.897,1.14912,1.14914,1.57,1.00
2018.10.22 12:51:17.782,1.14912,1.14915,2.32,2.44
2018.10.22 12:51:18.303,1.14913,1.14914,1.10,1.00
2018.10.22 12:51:18.874,1.14912,1.14915,2.32,4.20
2018.10.22 12:51:24.377,1.14912,1.14914,2.32,1.00
2018.10.22 12:51:24.882,1.14912,1.14915,1.57,4.20
2018.10.22 12:51:25.849,1.14912,1.14914,1.00,1.25
2018.10.22 12:51:26.490,1.1491,1.14914,18.30,1.00
2018.10.22 12:51:27.872,1.14911,1.14914,1.20,1.95
2018.10.22 12:51:28.383,1.14911,1.14914,3.82,2.25
2018.10.22 12:51:29.840,1.14911,1.14914,1.20,1.20
2018.10.22 12:51:30.389,1.14911,1.14915,4.57,2.25
2018.10.22 12:51:30.925,1.14913,1.14915,1.00,2.25
2018.10.22 12:51:31.362,1.14911,1.14915,5.70,3.07
2018.10.22 12:51:31.885,1.14911,1.14914,9.45,1.00
2018.10.22 12:51:33.145,1.14912,1.14914,1.00,1.00
2018.10.22 12:51:33.683,1.14913,1.14915,1.00,3.00
2018.10.22 12:51:34.483,1.14912,1.14914,4.05,1.00
2018.10.22 12:51:34.998,1.14912,1.14914,3.30,1.00
2018.10.22 12:51:35.528,1.14913,1.14915,1.00,2.25
2018.10.22 12:51:36.057,1.14912,1.14914,3.67,1.00
2018.10.22 12:51:36.566,1.14912,1.14915,1.80,2.25
2018.10.22 12:51:37.155,1.14912,1.14914,1.80,1.00
2018.10.22 12:51:38.189,1.14912,1.14915,1.80,4.50
2018.10.22 12:51:38.705,1.14912,1.14914,2.17,1.00
2018.10.22 12:51:39.323,1.14912,1.14915,2.17,3.00
2018.10.22 12:51:40.029,1.14912,1.14914,2.55,1.00
2018.10.22 12:51:40.564,1.14912,1.14915,2.92,3.45
2018.10.22 12:51:41.080,1.14912,1.14914,1.95,1.00
2018.10.22 12:51:41.678,1.14912,1.14915,2.70,4.50
2018.10.22 12:51:42.224,1.14912,1.14914,1.20,1.00
2018.10.22 12:51:46.082,1.14913,1.14915,2.32,1.10
2018.10.22 12:51:47.232,1.14912,1.14914,5.70,1.00
2018.10.22 12:51:47.949,1.14912,1.14914,2.70,1.00
2018.10.22 12:51:48.711,1.14913,1.14916,3.37,4.01
2018.10.22 12:51:48.818,1.14915,1.14917,1.57,2.44
2018.10.22 12:51:49.344,1.14915,1.14917,4.39,1.00
2018.10.22 12:51:49.857,1.14916,1.14918,1.25,1.12
2018.10.22 12:51:50.376,1.14917,1.1492,1.01,9.07
2018.10.22 12:51:50.974,1.14917,1.14919,1.10,2.89
2018.10.22 12:51:51.358,1.14918,1.1492,2.66,10.39
2018.10.22 12:51:51.465,1.1492,1.14922,1.20,5.70
2018.10.22 12:51:51.622,1.1492,1.14923,2.32,1.87
2018.10.22 12:51:51.885,1.14922,1.14924,1.12,1.00
2018.10.22 12:51:52.460,1.14922,1.14925,1.87,6.45
2018.10.22 12:51:53.062,1.14922,1.14924,1.87,1.50
2018.10.22 12:51:53.636,1.14922,1.14925,1.87,7.39
2018.10.22 12:51:54.147,1.14922,1.14925,1.57,3.26
2018.10.22 12:51:54.662,1.14922,1.14925,1.57,4.01
2018.10.22 12:51:55.164,1.14922,1.14925,1.20,1.50
2018.10.22 12:51:57.365,1.14922,1.14925,3.82,1.57
2018.10.22 12:52:01.384,1.14921,1.14924,3.45,1.50
2018.10.22 12:52:02.988,1.14922,1.14923,1.12,1.00
2018.10.22 12:52:03.303,1.14919,1.1492,1.00,2.85
2018.10.22 12:52:03.357,1.14918,1.1492,1.00,5.25
2018.10.22 12:52:03.586,1.14916,1.14919,1.95,1.87
2018.10.22 12:52:04.376,1.14916,1.14918,1.57,1.00
2018.10.22 12:52:04.921,1.14916,1.14919,2.32,2.62
2018.10.22 12:52:05.077,1.14915,1.14918,6.26,3.45
2018.10.22 12:52:05.611,1.14915,1.14918,7.57,2.70
2018.10.22 12:52:07.590,1.14915,1.14918,1.50,4.01
2018.10.22 12:52:08.403,1.14916,1.14918,1.00,1.25
2018.10.22 12:52:08.951,1.14915,1.14919,2.89,4.80
2018.10.22 12:52:09.458,1.14915,1.14917,2.70,1.00
2018.10.22 12:52:09.974,1.14915,1.14918,3.45,1.25
2018.10.22 12:52:10.141,1.14915,1.14919,1.95,6.82
2018.10.22 12:52:10.689,1.14915,1.14919,2.70,5.25
2018.10.22 12:52:12.395,1.14916,1.14918,1.07,1.25
2018.10.22 12:52:13.857,1.14916,1.14918,1.10,1.01
2018.10.22 12:52:13.961,1.14913,1.14915,5.14,1.00
2018.10.22 12:52:14.521,1.14913,1.14915,1.57,2.25
2018.10.22 12:52:15.051,1.14913,1.14914,1.57,1.00
2018.10.22 12:52:15.229,1.14912,1.14915,2.32,1.50
2018.10.22 12:52:17.583,1.14912,1.14913,5.32,1.00
2018.10.22 12:52:18.198,1.14912,1.14914,1.95,1.50
2018.10.22 12:52:18.725,1.14912,1.14913,2.32,1.00
2018.10.22 12:52:19.367,1.14912,1.14914,2.32,1.50
2018.10.22 12:52:20.374,1.14912,1.14913,2.32,1.00
2018.10.22 12:52:20.720,1.14913,1.14915,1.07,2.25
2018.10.22 12:52:21.273,1.14916,1.14918,1.95,1.50
2018.10.22 12:52:21.822,1.14916,1.14918,1.95,1.00
2018.10.22 12:52:22.269,1.1492,1.14921,1.50,1.20
2018.10.22 12:52:22.322,1.14921,1.14923,2.70,1.50
2018.10.22 12:52:22.873,1.1492,1.14923,8.55,3.00
2018.10.22 12:52:23.505,1.1492,1.14923,2.32,4.19
2018.10.22 12:52:24.006,1.1492,1.14923,3.07,3.94
2018.10.22 12:52:24.889,1.1492,1.14923,1.57,3.94
2018.10.22 12:52:25.533,1.14919,1.14921,3.45,6.75
2018.10.22 12:52:25.639,1.14917,1.1492,1.10,3.56
2018.10.22 12:52:27.379,1.14921,1.14922,1.10,1.69
2018.10.22 12:52:27.432,1.14922,1.14923,1.50,2.32
2018.10.22 12:52:27.645,1.14923,1.14925,1.50,2.89
2018.10.22 12:52:27.937,1.14924,1.14926,4.05,2.25
2018.10.22 12:52:28.461,1.14925,1.14927,1.10,1.00
2018.10.22 12:52:29.105,1.14925,1.14927,1.45,1.00
2018.10.22 12:52:29.705,1.14925,1.14928,1.95,6.45
2018.10.22 12:52:29.962,1.14922,1.14926,1.95,9.07
2018.10.22 12:52:30.068,1.14923,1.14925,1.20,3.19
2018.10.22 12:52:30.647,1.14923,1.14924,1.20,1.50
2018.10.22 12:52:31.285,1.14922,1.14924,1.10,1.12
2018.10.22 12:52:32.502,1.14922,1.14924,1.20,1.12
2018.10.22 12:52:33.344,1.14922,1.14925,1.95,5.44
2018.10.22 12:52:33.658,1.14923,1.14925,3.45,4.50
2018.10.22 12:52:34.088,1.14926,1.14928,1.20,1.95
2018.10.22 12:52:34.760,1.14925,1.14928,4.20,1.87
2018.10.22 12:52:35.304,1.14925,1.14928,5.70,1.12
2018.10.22 12:52:38.044,1.14929,1.1493,1.00,1.00
2018.10.22 12:52:38.097,1.14927,1.14931,2.70,5.54
2018.10.22 12:52:38.628,1.14927,1.14931,2.89,7.39
2018.10.22 12:52:39.809,1.14927,1.14931,4.39,4.01
2018.10.22 12:52:40.068,1.14927,1.1493,4.20,1.00
2018.10.22 12:52:40.171,1.14927,1.14931,3.45,3.67
2018.10.22 12:52:40.679,1.14927,1.14929,3.07,1.69
2018.10.22 12:52:42.319,1.14928,1.14931,1.00,2.92
2018.10.22 12:52:43.260,1.14928,1.14929,1.00,4.69
2018.10.22 12:52:43.314,1.14926,1.14928,1.95,1.00
2018.10.22 12:52:43.387,1.14926,1.14929,1.95,6.00
2018.10.22 12:52:43.444,1.14924,1.14925,3.45,1.00
2018.10.22 12:52:43.820,1.14922,1.14923,1.39,1.00
2018.10.22 12:52:44.154,1.14919,1.14921,1.20,9.56
2018.10.22 12:52:44.206,1.14917,1.1492,2.89,1.50
2018.10.22 12:52:44.416,1.14917,1.14919,1.10,1.50
2018.10.22 12:52:44.963,1.14916,1.14919,5.32,1.50
2018.10.22 12:52:45.447,1.14916,1.14919,5.14,3.00
2018.10.22 12:52:45.770,1.14919,1.1492,3.79,1.57
2018.10.22 12:52:46.032,1.1492,1.14922,1.95,2.32
2018.10.22 12:52:46.429,1.14922,1.14923,1.00,1.12
2018.10.22 12:52:47.022,1.14922,1.14924,1.00,1.50
2018.10.22 12:52:47.330,1.14925,1.14926,1.50,1.20
2018.10.22 12:52:47.386,1.14926,1.14927,2.14,1.12
2018.10.22 12:52:47.916,1.14926,1.14928,4.57,1.00
2018.10.22 12:52:49.660,1.14929,1.14932,1.50,4.76
2018.10.22 12:52:49.719,1.14931,1.14933,1.57,2.44
2018.10.22 12:52:51.599,1.14931,1.14934,2.89,1.57
2018.10.22 12:52:51.755,1.14932,1.14935,1.95,1.12
2018.10.22 12:52:51.808,1.14932,1.14936,2.70,7.39
2018.10.22 12:52:52.329,1.14932,1.14935,1.57,2.62
2018.10.22 12:52:52.836,1.14931,1.14934,3.64,1.10
2018.10.22 12:52:53.152,1.14933,1.14936,1.50,3.82
2018.10.22 12:52:53.703,1.14932,1.14936,6.49,1.57
2018.10.22 12:52:54.020,1.14935,1.14938,1.10,3.75
2018.10.22 12:52:54.194,1.14936,1.14938,1.39,1.00
2018.10.22 12:52:54.769,1.14936,1.14937,1.20,1.00
2018.10.22 12:52:55.302,1.14935,1.14939,5.14,7.95
2018.10.22 12:52:55.770,1.14935,1.14939,4.20,6.45
2018.10.22 12:52:56.570,1.14936,1.14938,1.39,1.31
2018.10.22 12:52:57.083,1.14935,1.14939,2.70,3.64
2018.10.22 12:52:57.303,1.14935,1.14938,4.39,1.31
2018.10.22 12:52:58.075,1.14935,1.14938,2.70,1.31
2018.10.22 12:52:58.626,1.14935,1.14938,2.70,1.31
2018.10.22 12:52:58.877,1.14935,1.14938,2.70,1.31
2018.10.22 12:52:59.505,1.14935,1.14939,3.07,4.01
2018.10.22 12:52:59.679,1.14935,1.14939,5.51,2.32
2018.10.22 12:53:00.195,1.14936,1.14938,2.70,1.00
2018.10.22 12:53:00.552,1.14935,1.14938,3.45,3.19
2018.10.22 12:53:01.069,1.14935,1.14938,3.64,1.20
2018.10.22 12:53:01.604,1.14935,1.14938,4.95,2.25
2018.10.22 12:53:01.706,1.14935,1.14938,5.14,2.44
2018.10.22 12:53:02.242,1.14934,1.14936,1.95,3.00
2018.10.22 12:53:02.408,1.14932,1.14933,1.00,1.00
2018.10.22 12:53:02.668,1.14934,1.14935,1.20,1.50
2018.10.22 12:53:02.772,1.14931,1.14934,7.24,1.00
2018.10.22 12:53:03.282,1.14931,1.14933,1.95,1.00
2018.10.22 12:53:03.804,1.14931,1.14933,3.64,1.00
2018.10.22 12:53:04.342,1.14932,1.14934,1.10,1.00
2018.10.22 12:53:04.859,1.14932,1.14934,1.95,1.00
2018.10.22 12:53:05.502,1.14931,1.14933,1.00,1.31
2018.10.22 12:53:06.014,1.14932,1.14933,1.00,1.57
2018.10.22 12:53:06.602,1.14932,1.14934,2.70,1.00
2018.10.22 12:53:07.299,1.14931,1.14933,2.70,1.00
2018.10.22 12:53:07.818,1.14931,1.14933,2.14,1.00
2018.10.22 12:53:08.339,1.14932,1.14934,1.10,3.00
2018.10.22 12:53:08.847,1.14932,1.14934,1.45,1.00
2018.10.22 12:53:09.003,1.14935,1.14936,2.44,3.45
2018.10.22 12:53:09.109,1.14936,1.14939,5.92,2.62
2018.10.22 12:53:10.220,1.14936,1.1494,14.36,6.37
2018.10.22 12:53:13.017,1.14936,1.14939,4.76,1.50
2018.10.22 12:53:13.171,1.14935,1.14936,7.20,1.00
2018.10.22 12:53:13.225,1.14934,1.14935,1.00,4.01
2018.10.22 12:53:13.745,1.14933,1.14935,1.50,5.25
2018.10.22 12:53:14.408,1.14933,1.14934,1.10,1.00
2018.10.22 12:53:17.246,1.14933,1.14935,4.39,1.50
2018.10.22 12:53:17.351,1.14934,1.14936,2.51,4.95
2018.10.22 12:53:17.670,1.14933,1.14935,1.50,6.00
2018.10.22 12:53:18.224,1.14933,1.14934,1.57,1.00
2018.10.22 12:53:18.730,1.14932,1.14934,2.32,1.00
2018.10.22 12:53:20.335,1.14932,1.14934,1.00,1.50
2018.10.22 12:53:22.798,1.14933,1.14935,1.25,5.32
2018.10.22 12:53:22.852,1.14932,1.14934,2.81,1.00
2018.10.22 12:53:23.357,1.14931,1.14933,5.14,1.00
2018.10.22 12:53:23.897,1.14931,1.14933,3.64,1.00
2018.10.22 12:53:24.434,1.14931,1.14934,2.14,2.89
2018.10.22 12:53:24.749,1.14933,1.14935,1.69,4.50
2018.10.22 12:53:25.282,1.14933,1.14934,1.20,1.00
2018.10.22 12:53:26.019,1.14932,1.14934,1.12,3.00
2018.10.22 12:53:26.721,1.14932,1.14934,2.32,1.50
2018.10.22 12:53:27.244,1.14932,1.14934,1.57,1.50
2018.10.22 12:53:27.746,1.14932,1.14934,1.76,1.50
2018.10.22 12:53:29.468,1.14933,1.14936,3.64,1.00
2018.10.22 12:53:29.522,1.14933,1.14934,1.50,1.00
2018.10.22 12:53:30.109,1.14931,1.14934,11.51,1.00
2018.10.22 12:53:31.400,1.14931,1.14934,2.32,5.81
2018.10.22 12:53:31.706,1.14925,1.14927,1.45,1.31
2018.10.22 12:53:31.759,1.14924,1.14927,1.20,3.56
2018.10.22 12:53:32.261,1.14925,1.14926,1.00,1.00
2018.10.22 12:53:33.077,1.14925,1.14927,1.00,1.69
2018.10.22 12:53:33.944,1.14925,1.14927,1.00,1.69
2018.10.22 12:53:34.416,1.14921,1.14924,2.89,6.07
2018.10.22 12:53:34.787,1.1492,1.14923,1.76,1.00
2018.10.22 12:53:34.841,1.14918,1.14921,4.24,1.57
2018.10.22 12:53:35.107,1.14921,1.14925,4.20,3.07
2018.10.22 12:53:35.658,1.14921,1.14924,1.39,1.57
2018.10.22 12:53:36.983,1.14921,1.14925,8.74,2.51
2018.10.22 12:53:37.496,1.14923,1.14925,1.00,2.25
2018.10.22 12:53:38.351,1.14923,1.14926,5.55,1.69
2018.10.22 12:53:38.405,1.14925,1.14929,7.05,2.14
2018.10.22 12:53:39.146,1.14927,1.14929,1.50,3.00
2018.10.22 12:53:39.766,1.14926,1.14929,4.05,1.00
2018.10.22 12:53:40.300,1.14926,1.1493,10.42,4.57
2018.10.22 12:53:40.934,1.14926,1.14929,6.30,1.00
2018.10.22 12:53:41.739,1.14926,1.1493,8.55,5.32
2018.10.22 12:53:42.065,1.14929,1.14932,6.19,1.45
2018.10.22 12:53:42.119,1.1493,1.14933,1.87,1.09
2018.10.22 12:53:42.527,1.14932,1.14934,2.32,1.10
2018.10.22 12:53:43.209,1.14932,1.14934,1.57,2.51
2018.10.22 12:53:43.314,1.1493,1.14934,5.32,3.83
2018.10.22 12:53:44.305,1.1493,1.14933,6.26,1.44
2018.10.22 12:53:44.460,1.14931,1.14934,1.50,5.14
2018.10.22 12:53:45.100,1.14931,1.14934,2.44,5.70
2018.10.22 12:53:45.736,1.14931,1.14932,1.50,3.00
2018.10.22 12:53:45.884,1.14929,1.14932,1.50,8.32
2018.10.22 12:53:46.144,1.14928,1.14929,3.07,1.00
2018.10.22 12:53:46.689,1.14928,1.1493,1.10,4.39
2018.10.22 12:53:47.207,1.14927,1.14929,1.00,1.00
2018.10.22 12:53:48.554,1.14926,1.14928,2.32,2.44
2018.10.22 12:53:49.066,1.14926,1.14929,3.82,2.25
2018.10.22 12:53:49.807,1.14927,1.14929,1.00,1.50
2018.10.22 12:53:50.833,1.14927,1.1493,1.00,5.70
2018.10.22 12:53:51.175,1.14929,1.14931,1.25,1.00
2018.10.22 12:53:51.696,1.14929,1.14932,3.94,6.07
2018.10.22 12:53:52.008,1.14927,1.14929,1.00,1.69
2018.10.22 12:53:52.525,1.14927,1.14929,1.00,1.00
2018.10.22 12:53:53.750,1.14925,1.14927,2.70,3.45
2018.10.22 12:53:54.296,1.14926,1.14928,1.00,2.70
2018.10.22 12:53:55.437,1.14926,1.14928,1.00,1.95
2018.10.22 12:53:56.131,1.14926,1.14928,1.00,2.70
2018.10.22 12:53:56.681,1.14925,1.14927,2.32,2.14
2018.10.22 12:53:56.735,1.14923,1.14926,6.49,2.44
2018.10.22 12:53:56.788,1.14925,1.14928,1.25,9.07
2018.10.22 12:53:57.312,1.14924,1.14926,1.25,1.00
2018.10.22 12:53:57.633,1.14923,1.14924,1.00,1.00
2018.10.22 12:53:57.790,1.14921,1.14925,5.92,5.32
2018.10.22 12:53:58.542,1.14922,1.14925,1.00,6.82
2018.10.22 12:53:59.098,1.14921,1.14925,4.42,4.57
2018.10.22 12:53:59.621,1.14921,1.14924,5.32,1.00
2018.10.22 12:54:00.124,1.14921,1.14925,1.57,4.20
2018.10.22 12:54:00.640,1.14922,1.14924,1.00,1.69
2018.10.22 12:54:01.342,1.14921,1.14924,2.70,1.00
2018.10.22 12:54:01.496,1.14923,1.14925,1.00,1.00
2018.10.22 12:54:01.998,1.14923,1.14924,1.39,1.25
2018.10.22 12:54:02.592,1.14924,1.14925,1.50,1.10
2018.10.22 12:54:02.645,1.14925,1.14928,1.95,1.95
2018.10.22 12:54:02.801,1.14923,1.14925,1.95,1.00
2018.10.22 12:54:02.854,1.14922,1.14925,3.45,3.00
2018.10.22 12:54:02.906,1.14924,1.14925,1.00,3.00
2018.10.22 12:54:03.429,1.14923,1.14925,1.10,4.39
2018.10.22 12:54:04.264,1.14923,1.14925,1.10,4.39
2018.10.22 12:54:04.804,1.14922,1.14925,2.44,8.51
2018.10.22 12:54:05.151,1.14924,1.14926,1.00,3.82
2018.10.22 12:54:05.255,1.14925,1.14927,1.57,1.50
2018.10.22 12:54:05.413,1.14924,1.14926,3.30,1.00
2018.10.22 12:54:06.132,1.14924,1.14925,1.00,1.00
2018.10.22 12:54:06.653,1.14922,1.14925,1.20,5.14
2018.10.22 12:54:07.324,1.14922,1.14925,1.20,3.83
2018.10.22 12:54:07.835,1.14922,1.14925,1.00,4.76
2018.10.22 12:54:08.165,1.14926,1.14929,5.74,1.50
2018.10.22 12:54:08.477,1.14929,1.14931,1.00,1.00
2018.10.22 12:54:08.869,1.1493,1.14933,2.25,1.57
2018.10.22 12:54:08.976,1.14931,1.14933,1.45,1.50
2018.10.22 12:54:09.082,1.1493,1.14932,1.57,1.69
2018.10.22 12:54:09.450,1.14928,1.1493,1.57,1.20
2018.10.22 12:54:10.024,1.14927,1.1493,1.12,1.76
2018.10.22 12:54:11.125,1.14927,1.1493,2.32,4.20
2018.10.22 12:54:11.828,1.1493,1.14931,3.37,2.70
2018.10.22 12:54:11.882,1.1493,1.14932,6.64,1.00
2018.10.22 12:54:11.990,1.14932,1.14934,1.25,1.00
2018.10.22 12:54:12.536,1.14932,1.14935,3.19,2.32
2018.10.22 12:54:13.865,1.14931,1.14933,3.45,1.50
2018.10.22 12:54:14.461,1.14932,1.14934,1.76,1.20
2018.10.22 12:54:14.977,1.14932,1.14935,1.69,6.07
2018.10.22 12:54:15.664,1.14932,1.14934,1.25,1.00
2018.10.22 12:54:17.045,1.14932,1.14933,1.01,1.00
2018.10.22 12:54:17.406,1.1493,1.14933,3.07,3.19
2018.10.22 12:54:17.936,1.1493,1.14933,2.14,1.50
2018.10.22 12:54:18.041,1.14932,1.14934,2.25,1.00
2018.10.22 12:54:18.213,1.14933,1.14935,2.70,3.07
2018.10.22 12:54:18.888,1.14931,1.14932,4.20,1.00
2018.10.22 12:54:19.438,1.14931,1.14932,1.25,1.00
2018.10.22 12:54:19.978,1.14931,1.14933,2.44,2.25
2018.10.22 12:54:20.323,1.14929,1.1493,1.00,4.20
2018.10.22 12:54:20.377,1.14927,1.14928,1.20,1.00
2018.10.22 12:54:20.429,1.14926,1.14928,3.64,1.57
2018.10.22 12:54:20.491,1.14925,1.14926,2.89,1.50
2018.10.22 12:54:20.666,1.14924,1.14925,1.50,1.10
2018.10.22 12:54:21.088,1.14926,1.14927,1.00,2.70
2018.10.22 12:54:21.360,1.14921,1.14924,5.89,1.00
2018.10.22 12:54:21.877,1.14921,1.14923,2.89,1.00
2018.10.22 12:54:22.146,1.14925,1.14926,1.25,1.20
2018.10.22 12:54:22.198,1.14926,1.14927,1.10,1.00
2018.10.22 12:54:22.564,1.14924,1.14925,1.20,3.75
2018.10.22 12:54:22.670,1.14922,1.14924,1.39,1.50
2018.10.22 12:54:23.020,1.14921,1.14924,3.26,1.50
2018.10.22 12:54:23.562,1.14921,1.14924,9.64,1.50
2018.10.22 12:54:24.083,1.14921,1.14924,2.14,2.44
2018.10.22 12:54:24.586,1.14921,1.14923,3.26,1.25
2018.10.22 12:54:25.125,1.14921,1.14924,1.76,2.44
2018.10.22 12:54:25.675,1.14921,1.14923,1.76,1.00
2018.10.22 12:54:25.939,1.1492,1.14921,4.57,1.00
2018.10.22 12:54:26.044,1.14918,1.1492,1.50,4.87
2018.10.22 12:54:26.098,1.14917,1.14918,2.51,1.00
2018.10.22 12:54:26.369,1.14912,1.14915,2.14,1.50
2018.10.22 12:54:26.577,1.14915,1.14916,1.50,1.50
2018.10.22 12:54:27.110,1.14915,1.14918,1.95,3.07
2018.10.22 12:54:27.658,1.14915,1.14918,1.95,2.25
2018.10.22 12:54:27.975,1.14916,1.14919,4.76,5.62
2018.10.22 12:54:28.036,1.14918,1.1492,1.50,4.95
2018.10.22 12:54:28.090,1.1492,1.14921,2.14,1.50
2018.10.22 12:54:28.609,1.14921,1.14922,1.35,1.87
2018.10.22 12:54:29.138,1.14921,1.14924,1.20,7.20
2018.10.22 12:54:29.611,1.1492,1.14922,2.51,1.50
2018.10.22 12:54:29.665,1.14919,1.1492,1.20,1.00
2018.10.22 12:54:29.717,1.14918,1.1492,1.50,1.00
2018.10.22 12:54:30.289,1.14917,1.1492,5.51,1.50
2018.10.22 12:54:30.842,1.14917,1.14919,1.25,1.00
2018.10.22 12:54:31.365,1.14917,1.14918,1.25,1.00
2018.10.22 12:54:31.616,1.14918,1.1492,1.50,3.00
2018.10.22 12:54:32.175,1.14918,1.1492,2.70,3.19
2018.10.22 12:54:32.711,1.14921,1.14922,1.00,3.00
2018.10.22 12:54:32.818,1.14921,1.14923,1.69,1.00
2018.10.22 12:54:33.343,1.1492,1.14923,2.14,1.69
2018.10.22 12:54:33.875,1.1492,1.14922,4.20,1.76
2018.10.22 12:54:34.083,1.14919,1.1492,1.20,3.00
2018.10.22 12:54:34.313,1.14916,1.14919,3.26,2.70
2018.10.22 12:54:34.666,1.14918,1.14919,1.00,1.95
2018.10.22 12:54:35.190,1.14918,1.1492,1.50,3.82
2018.10.22 12:54:35.748,1.14918,1.14919,1.00,1.00
2018.10.22 12:54:36.270,1.14917,1.14918,1.50,1.00
2018.10.22 12:54:36.792,1.14917,1.14918,1.10,1.00
2018.10.22 12:54:37.316,1.14917,1.14919,1.10,1.95
2018.10.22 12:54:40.079,1.14919,1.1492,1.00,1.58
2018.10.22 12:54:40.602,1.14919,1.14921,2.14,1.10
2018.10.22 12:54:42.783,1.1492,1.14922,1.00,1.10
2018.10.22 12:54:43.301,1.14922,1.14923,1.00,1.50
2018.10.22 12:54:44.058,1.14922,1.14924,1.25,1.50
2018.10.22 12:54:44.576,1.14922,1.14924,1.25,3.26
2018.10.22 12:54:45.083,1.14922,1.14924,1.25,1.76
2018.10.22 12:54:45.611,1.14923,1.14925,1.50,8.32
2018.10.22 12:54:46.137,1.14923,1.14924,1.00,1.00
2018.10.22 12:54:46.190,1.14921,1.14924,3.07,1.32
2018.10.22 12:54:46.565,1.14921,1.14925,4.39,6.82
2018.10.22 12:54:46.978,1.14921,1.14924,2.14,2.14
2018.10.22 12:54:47.835,1.14921,1.14924,2.81,2.32
2018.10.22 12:54:48.350,1.14921,1.14924,2.32,1.95
2018.10.22 12:54:49.061,1.14921,1.14924,2.62,2.70
2018.10.22 12:54:51.040,1.14921,1.14924,1.87,2.51
2018.10.22 12:54:51.557,1.14921,1.14924,2.25,4.39
2018.10.22 12:54:52.157,1.14921,1.14924,1.50,3.64
2018.10.22 12:54:52.980,1.14921,1.14923,1.00,2.44
2018.10.22 12:54:53.487,1.14922,1.14923,1.10,1.00
2018.10.22 12:54:53.966,1.14922,1.14924,1.10,2.14
2018.10.22 12:54:55.017,1.14922,1.14924,1.00,1.19
2018.10.22 12:54:55.565,1.14922,1.14924,1.00,1.69
2018.10.22 12:54:55.721,1.14924,1.14925,1.50,1.20
2018.10.22 12:54:56.394,1.14923,1.14925,2.25,3.25
2018.10.22 12:54:56.559,1.1492,1.14922,1.95,1.39
2018.10.22 12:54:57.521,1.14919,1.14921,1.95,1.00
2018.10.22 12:54:58.050,1.14919,1.14922,1.00,4.39
2018.10.22 12:54:58.665,1.14918,1.14922,2.70,4.01
2018.10.22 12:54:59.204,1.14918,1.14922,4.01,4.76
2018.10.22 12:54:59.979,1.14918,1.14922,3.26,3.45
2018.10.22 12:55:00.204,1.14918,1.14919,1.57,1.00
2018.10.22 12:55:00.516,1.14916,1.14917,1.00,1.00
2018.10.22 12:55:01.120,1.14916,1.14918,1.10,1.95
2018.10.22 12:55:01.747,1.14916,1.14917,1.00,2.25
2018.10.22 12:55:02.059,1.14914,1.14915,1.50,1.00
2018.10.22 12:55:02.695,1.14913,1.14915,2.14,1.00
2018.10.22 12:55:02.906,1.14911,1.14914,1.57,3.37
2018.10.22 12:55:03.391,1.14911,1.14912,1.00,1.00
2018.10.22 12:55:03.547,1.14911,1.14914,1.50,3.82
2018.10.22 12:55:05.493,1.14912,1.14915,1.10,5.36
2018.10.22 12:55:05.918,1.14914,1.14915,1.00,1.57
2018.10.22 12:55:07.965,1.14914,1.14917,4.95,1.69
2018.10.22 12:55:08.533,1.14915,1.14917,1.00,1.50
2018.10.22 12:55:09.007,1.14913,1.14914,1.20,1.00
2018.10.22 12:55:09.552,1.14913,1.14915,1.10,2.70
2018.10.22 12:55:10.058,1.14911,1.14914,6.45,1.10
2018.10.22 12:55:10.383,1.14916,1.14918,1.00,1.00
2018.10.22 12:55:11.438,1.14916,1.14919,1.00,3.64
2018.10.22 12:55:11.857,1.14918,1.1492,1.87,2.70
2018.10.22 12:55:11.913,1.14919,1.14922,1.20,2.32
2018.10.22 12:55:12.126,1.14918,1.1492,4.87,1.00
2018.10.22 12:55:12.182,1.14916,1.14919,2.32,1.00
2018.10.22 12:55:12.540,1.14919,1.1492,1.00,1.10
2018.10.22 12:55:12.592,1.14919,1.14922,4.20,1.50
2018.10.22 12:55:13.144,1.1492,1.14922,1.95,1.50
2018.10.22 12:55:13.647,1.14921,1.14923,1.10,1.20
2018.10.22 12:55:14.284,1.14922,1.14924,3.00,1.50
2018.10.22 12:55:14.600,1.14924,1.14927,2.32,1.10
2018.10.22 12:55:15.105,1.14924,1.14927,1.95,1.00
2018.10.22 12:55:15.650,1.14924,1.14927,3.26,1.10
2018.10.22 12:55:16.244,1.14925,1.14928,1.10,3.00
2018.10.22 12:55:17.441,1.14925,1.14927,1.10,1.00
2018.10.22 12:55:17.971,1.14924,1.14927,3.82,1.00
2018.10.22 12:55:18.283,1.14923,1.14925,2.14,1.00
2018.10.22 12:55:18.828,1.14923,1.14925,2.14,1.00
2018.10.22 12:55:19.343,1.14923,1.14926,3.26,3.75
2018.10.22 12:55:21.096,1.14923,1.14925,1.20,3.00
2018.10.22 12:55:21.228,1.14922,1.14924,1.12,1.50
2018.10.22 12:55:21.984,1.14924,1.14925,1.50,1.00
2018.10.22 12:55:22.039,1.14925,1.14927,1.57,1.50
2018.10.22 12:55:22.573,1.14926,1.14927,1.00,1.00
2018.10.22 12:55:23.092,1.14925,1.14926,1.00,1.50
2018.10.22 12:55:23.334,1.14923,1.14926,3.82,2.44
2018.10.22 12:55:23.853,1.14923,1.14925,1.87,1.00
2018.10.22 12:55:24.838,1.14923,1.14924,1.10,1.00
2018.10.22 12:55:24.943,1.14921,1.14924,3.82,1.00
2018.10.22 12:55:25.053,1.14921,1.14923,4.20,1.00
2018.10.22 12:55:25.573,1.14921,1.14925,2.70,9.07
2018.10.22 12:55:27.098,1.14923,1.14926,1.50,5.32
2018.10.22 12:55:27.286,1.14924,1.14927,2.70,1.12
2018.10.22 12:55:27.835,1.14925,1.14928,1.57,2.25
2018.10.22 12:55:28.540,1.14925,1.14928,1.95,2.70
2018.10.22 12:55:29.189,1.14926,1.14929,1.10,2.25
2018.10.22 12:55:29.249,1.14928,1.1493,3.00,1.95
2018.10.22 12:55:29.913,1.14929,1.1493,1.20,1.00
2018.10.22 12:55:30.435,1.14928,1.14931,1.50,7.99
2018.10.22 12:55:30.969,1.14928,1.1493,1.00,1.00
2018.10.22 12:55:31.285,1.14926,1.14928,1.45,1.00
2018.10.22 12:55:31.821,1.14926,1.14929,1.50,3.82
2018.10.22 12:55:32.564,1.14926,1.14929,1.20,2.70
2018.10.22 12:55:33.072,1.14925,1.14928,4.57,1.57
2018.10.22 12:55:33.588,1.14926,1.14929,5.51,1.20
2018.10.22 12:55:34.136,1.14927,1.14929,1.95,1.00
2018.10.22 12:55:35.556,1.14926,1.14927,1.01,1.50
2018.10.22 12:55:36.029,1.14924,1.14927,2.70,3.00
2018.10.22 12:55:36.575,1.14925,1.14927,1.50,1.50
2018.10.22 12:55:37.341,1.14923,1.14925,2.70,1.00
2018.10.22 12:55:37.446,1.14922,1.14924,1.00,3.00
2018.10.22 12:55:37.971,1.14921,1.14923,1.20,1.00
2018.10.22 12:55:39.537,1.14921,1.14923,1.20,1.00
2018.10.22 12:55:39.642,1.14919,1.1492,8.32,2.10
2018.10.22 12:55:39.799,1.14916,1.14918,1.00,1.00
2018.10.22 12:55:40.351,1.14916,1.14919,3.82,2.25
2018.10.22 12:55:40.882,1.14916,1.14918,1.10,1.00
2018.10.22 12:55:41.820,1.14917,1.14919,3.07,1.00
2018.10.22 12:55:42.316,1.14915,1.14918,1.10,1.12
2018.10.22 12:55:42.855,1.14916,1.14917,1.00,1.10
2018.10.22 12:55:43.389,1.14914,1.14917,4.57,1.50
2018.10.22 12:55:43.495,1.14914,1.14917,1.95,7.64
2018.10.22 12:55:44.006,1.14914,1.14917,1.10,5.33
2018.10.22 12:55:44.519,1.14915,1.14917,1.57,1.95
2018.10.22 12:55:45.066,1.14915,1.14918,1.20,1.50
2018.10.22 12:55:45.443,1.14915,1.14918,1.00,4.26
2018.10.22 12:55:46.292,1.14914,1.14918,3.07,5.14
2018.10.22 12:55:47.121,1.14914,1.14918,3.82,4.82
2018.10.22 12:55:47.447,1.14911,1.14914,3.45,1.50
2018.10.22 12:55:48.013,1.1491,1.14913,3.45,2.70
2018.10.22 12:55:48.544,1.1491,1.14913,6.07,1.50
2018.10.22 12:55:49.483,1.1491,1.14913,2.32,1.12
2018.10.22 12:55:49.985,1.1491,1.14913,1.57,1.12
2018.10.22 12:55:51.085,1.1491,1.14912,1.10,1.00
2018.10.22 12:55:51.617,1.14911,1.14913,3.82,1.50
2018.10.22 12:55:52.167,1.14911,1.14914,2.32,2.89
2018.10.22 12:55:52.272,1.1491,1.14913,1.20,1.50
2018.10.22 12:55:52.789,1.14911,1.14914,1.20,1.00
2018.10.22 12:55:53.421,1.14911,1.14913,1.10,1.00
2018.10.22 12:55:54.274,1.1491,1.14912,2.70,1.00
2018.10.22 12:55:54.797,1.1491,1.14912,1.50,1.00
2018.10.22 12:55:55.668,1.1491,1.14913,6.45,1.57
2018.10.22 12:55:56.336,1.1491,1.14913,2.32,1.50
2018.10.22 12:55:59.512,1.1491,1.14914,1.57,9.45
2018.10.22 12:55:59.810,1.14912,1.14914,2.70,1.10
2018.10.22 12:56:00.130,1.14911,1.14912,1.10,1.00
2018.10.22 12:56:00.289,1.14911,1.14914,1.50,3.45
2018.10.22 12:56:00.803,1.14911,1.14913,1.50,1.00
2018.10.22 12:56:01.715,1.14912,1.14913,1.00,1.00
2018.10.22 12:56:02.249,1.14911,1.14913,1.10,1.50
2018.10.22 12:56:02.823,1.1491,1.14913,5.70,1.69
2018.10.22 12:56:04.515,1.14911,1.14914,3.07,1.87
2018.10.22 12:56:04.883,1.14912,1.14913,1.50,1.00
2018.10.22 12:56:04.990,1.1491,1.14912,1.10,1.00
2018.10.22 12:56:05.616,1.14911,1.14912,1.00,1.00
2018.10.22 12:56:06.800,1.1491,1.14912,2.51,1.00
2018.10.22 12:56:07.283,1.14912,1.14914,2.25,1.01
2018.10.22 12:56:07.800,1.14912,1.14914,2.70,1.00
2018.10.22 12:56:08.347,1.14913,1.14915,7.57,1.00
2018.10.22 12:56:08.872,1.14914,1.14916,1.95,1.00
2018.10.22 12:56:09.405,1.14914,1.14916,1.10,1.00
2018.10.22 12:56:09.948,1.14914,1.14916,2.55,1.00
2018.10.22 12:56:10.466,1.14914,1.14917,4.05,1.50
2018.10.22 12:56:10.992,1.14914,1.14917,5.55,1.50
2018.10.22 12:56:11.308,1.14916,1.14917,1.00,2.89
2018.10.22 12:56:11.520,1.1492,1.14922,3.82,1.27
2018.10.22 12:56:12.083,1.14919,1.14923,3.82,1.69
2018.10.22 12:56:12.647,1.1492,1.14923,1.95,1.76
2018.10.22 12:56:13.174,1.1492,1.14923,2.14,1.00
2018.10.22 12:56:13.734,1.14921,1.14923,1.57,1.00
2018.10.22 12:56:14.521,1.14922,1.14923,1.50,1.00
2018.10.22 12:56:15.030,1.14921,1.14923,1.00,1.50
2018.10.22 12:56:16.700,1.14921,1.14924,1.95,1.20
2018.10.22 12:56:17.245,1.1492,1.14923,4.76,1.50
2018.10.22 12:56:18.134,1.14922,1.14923,1.00,1.00
2018.10.22 12:56:18.680,1.14921,1.14923,1.10,1.00
2018.10.22 12:56:19.204,1.14921,1.14924,2.32,4.69
2018.10.22 12:56:20.307,1.14921,1.14923,1.00,1.00
2018.10.22 12:56:20.968,1.1492,1.14922,1.10,1.00
2018.10.22 12:56:22.022,1.14921,1.14923,1.00,2.25
2018.10.22 12:56:22.673,1.14922,1.14923,1.25,1.00
2018.10.22 12:56:23.178,1.14921,1.14924,3.07,1.50
2018.10.22 12:56:23.706,1.14922,1.14923,1.10,1.50
2018.10.22 12:56:25.039,1.1492,1.14921,4.95,1.72
2018.10.22 12:56:25.205,1.14916,1.14918,1.20,1.00
2018.10.22 12:56:25.728,1.14917,1.14919,1.95,2.25
2018.10.22 12:56:25.885,1.14916,1.14918,1.57,1.00
2018.10.22 12:56:26.437,1.14917,1.14919,1.20,2.32
2018.10.22 12:56:26.971,1.14917,1.14919,1.57,1.00
2018.10.22 12:56:28.291,1.14919,1.14921,1.00,2.70
2018.10.22 12:56:28.837,1.14919,1.14921,1.10,1.50
2018.10.22 12:56:30.247,1.14922,1.14923,2.25,4.95
2018.10.22 12:56:30.575,1.14924,1.14925,1.00,1.00
2018.10.22 12:56:30.899,1.1492,1.14923,1.76,1.87
2018.10.22 12:56:34.982,1.1492,1.14923,2.70,1.95
2018.10.22 12:56:35.039,1.14923,1.14925,1.25,3.07
2018.10.22 12:56:35.177,1.14923,1.14926,6.64,1.57
2018.10.22 12:56:35.698,1.14923,1.14926,1.45,1.25
2018.10.22 12:56:36.228,1.14923,1.14925,5.70,1.00
2018.10.22 12:56:36.487,1.14922,1.14923,1.25,1.00
2018.10.22 12:56:36.745,1.1492,1.14924,4.57,6.07
2018.10.22 12:56:38.232,1.14921,1.14924,1.20,1.95
2018.10.22 12:56:38.760,1.14921,1.14924,1.10,2.25
2018.10.22 12:56:39.311,1.1492,1.14924,1.95,3.45
2018.10.22 12:56:40.494,1.1492,1.14924,1.20,7.20
2018.10.22 12:56:40.548,1.1492,1.14922,1.20,1.00
2018.10.22 12:56:40.843,1.14916,1.14919,1.76,1.50
2018.10.22 12:56:42.488,1.14916,1.14919,4.01,2.70
2018.10.22 12:56:45.227,1.14918,1.1492,2.10,2.70
2018.10.22 12:56:45.333,1.14918,1.14922,7.76,2.89
2018.10.22 12:56:45.490,1.14918,1.1492,11.14,1.50
2018.10.22 12:56:45.646,1.14916,1.14919,2.14,1.50
2018.10.22 12:56:46.442,1.14917,1.14919,1.00,1.50
2018.10.22 12:56:46.981,1.14916,1.14919,1.39,2.25
2018.10.22 12:56:51.407,1.14917,1.14919,1.00,1.00
2018.10.22 12:56:51.775,1.14915,1.14918,3.82,1.50
2018.10.22 12:56:51.879,1.14914,1.14916,7.20,1.00
2018.10.22 12:56:51.932,1.14914,1.14918,8.70,2.70
2018.10.22 12:56:52.465,1.14915,1.14919,6.45,1.12
2018.10.22 12:56:52.888,1.14915,1.14917,5.32,1.00
2018.10.22 12:56:53.436,1.14914,1.14916,1.57,1.00
2018.10.22 12:56:53.755,1.1491,1.14913,4.20,1.50
2018.10.22 12:56:54.274,1.1491,1.14913,9.64,1.50
2018.10.22 12:56:55.288,1.14912,1.14913,1.00,1.00
2018.10.22 12:56:55.816,1.14911,1.14913,3.82,1.00
2018.10.22 12:56:56.345,1.14914,1.14915,3.75,4.39
2018.10.22 12:56:56.401,1.14915,1.14917,2.32,1.00
2018.10.22 12:56:56.925,1.14916,1.14919,5.74,1.50
2018.10.22 12:56:57.442,1.14917,1.14919,3.64,1.69
2018.10.22 12:56:58.133,1.14917,1.14919,2.32,1.00
2018.10.22 12:56:58.391,1.14919,1.14922,1.00,3.82
2018.10.22 12:56:58.445,1.14919,1.14922,1.20,2.25
2018.10.22 12:56:58.860,1.14921,1.14922,1.00,1.57
2018.10.22 12:57:05.034,1.1492,1.14921,1.10,1.00
2018.10.22 12:57:06.166,1.14921,1.14922,1.10,1.69
2018.10.22 12:57:09.038,1.14922,1.14924,2.25,2.14
2018.10.22 12:57:09.353,1.14925,1.14927,1.10,3.49
2018.10.22 12:57:10.122,1.14925,1.14928,6.75,2.59
2018.10.22 12:57:10.278,1.14927,1.14929,1.00,2.02
2018.10.22 12:57:10.435,1.14927,1.1493,1.57,2.89
2018.10.22 12:57:10.720,1.14926,1.14927,14.14,3.37
2018.10.22 12:57:10.776,1.14916,1.1492,1.00,3.60
2018.10.22 12:57:10.897,1.14917,1.14918,1.57,1.69
2018.10.22 12:57:11.208,1.14909,1.14911,2.57,4.12
2018.10.22 12:57:11.321,1.14908,1.14909,1.39,1.50
2018.10.22 12:57:11.530,1.14906,1.14908,1.20,1.25
2018.10.22 12:57:12.056,1.14906,1.14909,1.20,2.14
2018.10.22 12:57:12.639,1.14906,1.14908,3.82,1.00
2018.10.22 12:57:13.188,1.14907,1.14909,1.10,1.20
2018.10.22 12:57:13.846,1.14908,1.1491,1.50,3.45
2018.10.22 12:57:14.367,1.14908,1.14909,1.20,1.25
2018.10.22 12:57:14.843,1.14899,1.149,1.69,3.37
2018.10.22 12:57:15.157,1.149,1.14903,1.50,4.09
2018.10.22 12:57:15.411,1.14902,1.14904,1.10,5.14
2018.10.22 12:57:15.464,1.14901,1.14903,1.12,1.00
2018.10.22 12:57:15.568,1.14902,1.14904,1.10,3.64
2018.10.22 12:57:16.119,1.14901,1.14902,1.31,7.20
2018.10.22 12:57:16.643,1.149,1.14902,3.00,2.50
2018.10.22 12:57:17.161,1.149,1.14902,1.50,4.57
2018.10.22 12:57:17.672,1.14901,1.14903,1.87,2.25
2018.10.22 12:57:18.296,1.14901,1.14904,1.87,3.30
2018.10.22 12:57:18.861,1.14901,1.14903,2.81,1.25
2018.10.22 12:57:19.420,1.14901,1.14904,1.12,1.57
2018.10.22 12:57:19.928,1.14901,1.14903,1.39,1.25
2018.10.22 12:57:20.500,1.14901,1.14904,1.12,2.40
2018.10.22 12:57:20.709,1.14903,1.14905,1.00,3.15
2018.10.22 12:57:21.211,1.14902,1.14904,1.31,1.00
2018.10.22 12:57:21.915,1.14901,1.14903,1.57,2.50
2018.10.22 12:57:22.021,1.14901,1.14905,1.57,6.52
2018.10.22 12:57:22.542,1.14901,1.14904,1.57,1.00
2018.10.22 12:57:23.168,1.14901,1.14904,1.10,3.75
2018.10.22 12:57:24.183,1.14901,1.14902,1.10,1.00
2018.10.22 12:57:25.113,1.14901,1.14904,3.07,3.94
2018.10.22 12:57:25.624,1.14902,1.14904,3.64,1.50
2018.10.22 12:57:25.987,1.14904,1.14906,2.62,1.00
2018.10.22 12:57:26.523,1.14903,1.14905,4.95,1.25
2018.10.22 12:57:27.416,1.14903,1.14904,1.50,1.00
2018.10.22 12:57:27.945,1.14904,1.14907,1.20,6.45
2018.10.22 12:57:28.152,1.14904,1.14907,1.00,3.45
2018.10.22 12:57:28.658,1.14904,1.14906,1.00,1.25
2018.10.22 12:57:29.190,1.14904,1.14907,1.00,4.39
2018.10.22 12:57:30.122,1.14904,1.14906,1.00,1.00
2018.10.22 12:57:31.802,1.14905,1.14907,1.00,1.00
2018.10.22 12:57:33.414,1.14906,1.14908,1.00,2.25
2018.10.22 12:57:33.921,1.14906,1.14908,1.00,1.20
2018.10.22 12:57:34.456,1.14906,1.14908,1.00,1.00
2018.10.22 12:57:37.713,1.14907,1.14909,1.30,1.45
2018.10.22 12:57:37.768,1.14907,1.1491,2.32,3.26
2018.10.22 12:57:38.276,1.14908,1.14911,3.45,1.00
2018.10.22 12:57:38.434,1.1491,1.14911,1.00,1.20
2018.10.22 12:57:38.951,1.14909,1.14912,1.95,2.25
2018.10.22 12:57:39.367,1.14909,1.14913,3.45,1.87
2018.10.22 12:57:39.916,1.14911,1.14914,1.20,1.95
2018.10.22 12:57:40.627,1.14912,1.14914,1.10,1.20
2018.10.22 12:57:41.161,1.14912,1.14915,2.32,1.42
2018.10.22 12:57:43.079,1.14912,1.14914,1.20,1.95
2018.10.22 12:57:43.597,1.1491,1.14914,3.26,3.75
2018.10.22 12:57:44.142,1.14911,1.14914,1.57,1.69
2018.10.22 12:57:44.672,1.14912,1.14914,1.00,1.69
2018.10.22 12:57:45.416,1.14911,1.14914,1.57,1.69
2018.10.22 12:57:46.123,1.14911,1.14913,1.57,1.00
2018.10.22 12:57:46.748,1.14912,1.14913,1.00,1.00
2018.10.22 12:57:47.259,1.14911,1.14912,1.00,1.00
2018.10.22 12:57:48.055,1.14912,1.14914,1.00,4.01
2018.10.22 12:57:48.597,1.14913,1.14915,1.50,1.69
2018.10.22 12:57:48.826,1.14913,1.14917,3.30,6.45
2018.10.22 12:57:49.369,1.14913,1.14916,2.55,1.00
2018.10.22 12:57:49.908,1.14914,1.14917,1.10,2.70
2018.10.22 12:57:50.455,1.14914,1.14917,1.25,5.14
2018.10.22 12:57:51.065,1.14913,1.14917,3.49,6.86
2018.10.22 12:57:51.592,1.14913,1.14917,3.49,4.80
2018.10.22 12:57:52.726,1.14913,1.14917,4.99,4.95
2018.10.22 12:57:56.824,1.14913,1.14917,6.07,8.14
2018.10.22 12:57:57.342,1.14914,1.14916,1.00,2.25
2018.10.22 12:57:58.128,1.14913,1.14914,1.10,2.25
2018.10.22 12:57:58.341,1.14909,1.14911,1.00,1.50
2018.10.22 12:58:03.342,1.14907,1.14908,2.32,1.00
2018.10.22 12:58:03.522,1.14904,1.14906,3.45,2.14
2018.10.22 12:58:04.058,1.14905,1.14907,1.00,1.37
2018.10.22 12:58:04.595,1.14905,1.14908,1.00,5.32
2018.10.22 12:58:05.109,1.14905,1.14908,1.20,2.32
2018.10.22 12:58:05.680,1.14905,1.14908,1.10,1.12
2018.10.22 12:58:06.480,1.14904,1.14907,4.95,1.69
2018.10.22 12:58:06.745,1.14902,1.14905,1.57,2.25
2018.10.22 12:58:06.849,1.14902,1.14904,1.12,1.00
2018.10.22 12:58:07.739,1.14901,1.14903,3.45,1.00
2018.10.22 12:58:08.269,1.14901,1.14904,2.32,2.25
2018.10.22 12:58:08.799,1.14901,1.14903,3.07,1.00
2018.10.22 12:58:09.368,1.14901,1.14904,1.50,2.32
2018.10.22 12:58:10.085,1.14901,1.14903,1.50,1.00
2018.10.22 12:58:10.139,1.149,1.14902,1.76,4.39
2018.10.22 12:58:10.193,1.14898,1.14899,1.87,1.87
2018.10.22 12:58:10.513,1.149,1.14902,1.95,1.31
2018.10.22 12:58:10.823,1.14898,1.14901,2.74,1.50
2018.10.22 12:58:10.981,1.14898,1.14899,2.70,1.50
2018.10.22 12:58:11.087,1.14899,1.14901,2.51,1.10
2018.10.22 12:58:11.420,1.14899,1.14903,4.20,4.35
2018.10.22 12:58:11.927,1.14901,1.14903,1.00,2.59
2018.10.22 12:58:12.448,1.149,1.14903,2.14,1.50
2018.10.22 12:58:12.959,1.149,1.14903,4.01,1.95
2018.10.22 12:58:13.531,1.149,1.14902,4.01,1.00
2018.10.22 12:58:14.053,1.149,1.14902,1.76,1.10
2018.10.22 12:58:14.737,1.149,1.14902,1.76,1.69
2018.10.22 12:58:15.387,1.14899,1.14902,4.95,1.95
2018.10.22 12:58:16.406,1.14899,1.14901,3.82,1.00
2018.10.22 12:58:17.529,1.14899,1.14902,3.82,1.50
2018.10.22 12:58:17.790,1.14897,1.149,5.32,4.50
2018.10.22 12:58:17.954,1.14896,1.14899,1.76,1.95
2018.10.22 12:58:18.506,1.14896,1.14899,1.76,1.20
2018.10.22 12:58:19.736,1.14896,1.14899,2.06,3.07
2018.10.22 12:58:20.239,1.14896,1.14899,1.39,1.95
2018.10.22 12:58:21.214,1.14896,1.14899,1.31,1.57
2018.10.22 12:58:23.049,1.14897,1.14899,1.00,1.57
2018.10.22 12:58:24.448,1.14897,1.14899,1.00,1.95
2018.10.22 12:58:25.608,1.14897,1.14899,1.10,1.95
2018.10.22 12:58:26.787,1.14897,1.14899,1.00,3.26
2018.10.22 12:58:27.347,1.14897,1.14899,1.00,1.57
2018.10.22 12:58:28.071,1.14896,1.14899,3.41,3.07
2018.10.22 12:58:28.579,1.14897,1.14899,1.00,1.57
2018.10.22 12:58:29.350,1.14898,1.14899,1.00,3.07
2018.10.22 12:58:29.974,1.14897,1.14899,1.00,3.82
2018.10.22 12:58:30.837,1.14897,1.14899,1.00,7.20
2018.10.22 12:58:31.211,1.14894,1.14895,1.20,1.50
2018.10.22 12:58:31.317,1.14892,1.14895,2.62,11.32
2018.10.22 12:58:32.227,1.14892,1.14894,1.12,1.00
2018.10.22 12:58:33.082,1.14891,1.14893,5.14,1.00
2018.10.22 12:58:33.661,1.14891,1.14893,1.20,2.25
2018.10.22 12:58:34.177,1.14891,1.14893,1.95,2.25
2018.10.22 12:58:34.512,1.14893,1.14895,1.69,3.86
2018.10.22 12:58:34.565,1.14894,1.14897,3.07,1.50
2018.10.22 12:58:35.083,1.14894,1.14896,2.17,1.00
2018.10.22 12:58:35.611,1.14894,1.14896,2.17,1.00
2018.10.22 12:58:36.155,1.14894,1.14896,2.55,1.50
2018.10.22 12:58:36.495,1.14893,1.14894,1.95,1.00
2018.10.22 12:58:37.061,1.14893,1.14894,1.20,1.50
2018.10.22 12:58:38.212,1.14893,1.14895,1.20,3.82
2018.10.22 12:58:39.433,1.14892,1.14894,1.57,1.00
2018.10.22 12:58:39.980,1.14892,1.14894,1.20,1.50
2018.10.22 12:58:40.936,1.14891,1.14893,1.95,1.00
2018.10.22 12:58:41.765,1.14891,1.14894,6.30,1.50
2018.10.22 12:58:43.912,1.14891,1.14894,1.10,1.69
2018.10.22 12:58:44.442,1.1489,1.14893,2.32,2.32
2018.10.22 12:58:45.136,1.14891,1.14893,1.47,1.57
2018.10.22 12:58:46.269,1.14891,1.14894,1.50,1.01
2018.10.22 12:58:48.087,1.14891,1.14894,1.57,2.62
2018.10.22 12:58:48.608,1.14891,1.14894,1.95,1.69
2018.10.22 12:58:51.781,1.14891,1.14893,3.45,1.25
2018.10.22 12:58:52.436,1.14892,1.14895,1.07,7.54
2018.10.22 12:58:52.981,1.14891,1.14894,4.80,2.81
2018.10.22 12:58:53.568,1.14891,1.14894,3.67,2.81
2018.10.22 12:58:54.400,1.14891,1.14894,7.42,4.31
2018.10.22 12:58:54.841,1.14893,1.14895,5.25,2.32
2018.10.22 12:58:55.087,1.14895,1.14898,1.01,5.14
2018.10.22 12:58:55.194,1.14896,1.14898,1.50,1.95
2018.10.22 12:58:55.515,1.14899,1.149,1.00,4.01
2018.10.22 12:58:55.730,1.14899,1.14902,3.37,5.50
2018.10.22 12:58:56.096,1.14901,1.14902,2.70,0.15
2018.10.22 12:58:56.307,1.14902,1.14904,1.12,1.69
2018.10.22 12:58:57.799,1.14901,1.14904,1.57,2.62
2018.10.22 12:58:58.653,1.14901,1.14904,1.57,1.69
2018.10.22 12:59:00.520,1.149,1.14904,5.14,3.37
2018.10.22 12:59:01.035,1.14901,1.14904,1.57,1.87
2018.10.22 12:59:01.780,1.14901,1.14903,1.57,1.69
2018.10.22 12:59:02.116,1.149,1.14901,1.95,1.10
2018.10.22 12:59:02.642,1.14899,1.149,1.95,1.25
2018.10.22 12:59:03.827,1.14899,1.14901,2.70,1.69
2018.10.22 12:59:03.931,1.149,1.14902,2.51,1.69
2018.10.22 12:59:04.458,1.14901,1.14902,1.57,1.69
2018.10.22 12:59:05.205,1.149,1.14902,5.32,1.00
2018.10.22 12:59:05.417,1.14901,1.14904,1.10,3.94
2018.10.22 12:59:05.956,1.14901,1.14904,1.20,4.76
2018.10.22 12:59:06.761,1.14901,1.14904,1.00,5.89
2018.10.22 12:59:07.302,1.14901,1.14904,2.70,4.01
2018.10.22 12:59:07.835,1.14901,1.14903,4.20,1.00
2018.10.22 12:59:08.493,1.14902,1.14904,4.57,1.50
2018.10.22 12:59:08.598,1.14904,1.14906,2.20,1.76
2018.10.22 12:59:09.104,1.14902,1.14904,3.82,1.69
2018.10.22 12:59:09.156,1.14902,1.14904,1.95,1.25
2018.10.22 12:59:09.503,1.14904,1.14905,1.00,1.69
2018.10.22 12:59:10.110,1.14904,1.14906,1.20,2.06
2018.10.22 12:59:10.269,1.14905,1.14908,1.69,1.57
2018.10.22 12:59:10.655,1.14908,1.14909,2.85,1.01
2018.10.22 12:59:11.201,1.14908,1.1491,1.00,1.69
2018.10.22 12:59:11.563,1.14906,1.14909,2.32,1.50
2018.10.22 12:59:11.671,1.14906,1.14908,1.20,1.20
2018.10.22 12:59:12.175,1.14905,1.14908,2.70,1.20
2018.10.22 12:59:12.719,1.14908,1.1491,1.57,4.20
2018.10.22 12:59:13.257,1.14907,1.1491,1.01,1.69
2018.10.22 12:59:13.570,1.14904,1.14906,1.10,1.95
2018.10.22 12:59:13.887,1.14905,1.14909,7.65,2.51
2018.10.22 12:59:13.939,1.14905,1.14909,5.70,2.14
2018.10.22 12:59:14.801,1.14906,1.14909,1.00,2.14
2018.10.22 12:59:15.053,1.14905,1.14907,3.07,1.00
2018.10.22 12:59:15.168,1.14906,1.14909,1.00,1.39
2018.10.22 12:59:16.335,1.14906,1.14908,1.00,1.50
2018.10.22 12:59:17.194,1.14906,1.14909,1.10,2.06
2018.10.22 12:59:17.856,1.14906,1.14908,1.20,1.01
2018.10.22 12:59:18.321,1.14903,1.14906,3.45,1.10
2018.10.22 12:59:18.887,1.14903,1.14906,2.32,1.00
2018.10.22 12:59:19.433,1.14903,1.14907,2.32,5.32
2018.10.22 12:59:19.745,1.14901,1.14904,8.17,1.57
2018.10.22 12:59:20.741,1.14901,1.14905,1.57,7.39
2018.10.22 12:59:21.526,1.14901,1.14904,3.82,1.00
2018.10.22 12:59:21.868,1.149,1.14902,1.20,1.25
2018.10.22 12:59:22.026,1.14899,1.14904,5.92,11.32
2018.10.22 12:59:22.566,1.149,1.14903,1.57,2.25
2018.10.22 12:59:22.791,1.14899,1.14901,2.70,1.50
2018.10.22 12:59:22.897,1.14899,1.14901,1.95,1.10
2018.10.22 12:59:23.442,1.14899,1.14902,1.20,3.45
2018.10.22 12:59:25.539,1.14899,1.14901,1.20,1.00
2018.10.22 12:59:26.179,1.14898,1.149,4.95,1.00
2018.10.22 12:59:26.286,1.14897,1.14899,1.95,1.20
2018.10.22 12:59:26.821,1.14896,1.14899,1.57,1.31
2018.10.22 12:59:27.667,1.14897,1.149,1.25,7.95
2018.10.22 12:59:28.181,1.14896,1.149,1.95,7.01
2018.10.22 12:59:28.687,1.14896,1.14899,3.07,2.25
2018.10.22 12:59:29.206,1.14896,1.149,1.95,7.01
2018.10.22 12:59:29.754,1.14896,1.14899,4.20,1.20
2018.10.22 12:59:32.046,1.14896,1.14899,2.70,1.00
2018.10.22 12:59:32.931,1.14896,1.149,4.20,7.57
2018.10.22 12:59:33.483,1.14896,1.14899,1.95,1.25
2018.10.22 12:59:35.898,1.14896,1.14898,1.00,1.25
2018.10.22 12:59:36.089,1.14894,1.14895,8.74,1.50
2018.10.22 12:59:36.251,1.14891,1.14893,1.20,1.00
2018.10.22 12:59:36.787,1.1489,1.14893,2.32,1.25
2018.10.22 12:59:36.894,1.14888,1.1489,3.45,5.00
2018.10.22 12:59:37.000,1.14887,1.14888,1.50,1.00
2018.10.22 12:59:37.566,1.14886,1.14888,1.95,1.00
2018.10.22 12:59:38.783,1.14884,1.14885,4.57,1.50
2018.10.22 12:59:38.890,1.14882,1.14883,3.75,7.80
2018.10.22 12:59:39.430,1.14881,1.14884,5.14,8.55
2018.10.22 12:59:39.696,1.14878,1.1488,2.14,1.00
2018.10.22 12:59:39.909,1.14874,1.14878,7.99,5.32
2018.10.22 12:59:41.710,1.14874,1.14877,3.07,1.00
2018.10.22 12:59:41.922,1.14873,1.14875,1.95,1.00
2018.10.22 12:59:42.028,1.14872,1.14874,2.62,1.25
2018.10.22 12:59:42.497,1.14873,1.14876,1.00,7.39
2018.10.22 12:59:43.106,1.14871,1.14874,6.45,1.50
2018.10.22 12:59:43.425,1.14865,1.14868,2.32,2.44
2018.10.22 12:59:43.741,1.14867,1.14869,1.00,1.25
2018.10.22 12:59:44.272,1.14866,1.14868,1.00,3.94
2018.10.22 12:59:44.573,1.14863,1.14866,2.32,4.91
2018.10.22 12:59:44.785,1.14866,1.14869,1.50,2.51
2018.10.22 12:59:45.320,1.14865,1.14868,3.30,2.25
2018.10.22 12:59:45.479,1.14868,1.1487,1.50,4.95
2018.10.22 12:59:45.858,1.14869,1.14872,4.99,1.50
2018.10.22 12:59:46.419,1.14869,1.14871,3.45,1.00
2018.10.22 12:59:46.526,1.14868,1.1487,2.74,1.00
2018.10.22 12:59:46.723,1.14866,1.14868,3.45,1.50
2018.10.22 12:59:46.829,1.14865,1.14867,4.24,1.50
2018.10.22 12:59:47.090,1.14866,1.14869,2.25,7.01
2018.10.22 12:59:47.461,1.14865,1.14867,6.82,1.00
2018.10.22 12:59:47.619,1.14865,1.14868,1.10,2.44
2018.10.22 12:59:47.777,1.14868,1.14869,1.00,1.69
2018.10.22 12:59:47.936,1.14868,1.1487,1.50,1.25
2018.10.22 12:59:48.197,1.14866,1.14868,2.14,1.00
2018.10.22 12:59:48.708,1.14866,1.14868,1.20,1.00
2018.10.22 12:59:49.292,1.14866,1.14868,1.95,1.00
2018.10.22 12:59:50.757,1.14865,1.14867,3.26,1.00
2018.10.22 12:59:53.222,1.14865,1.14868,1.57,3.19
2018.10.22 12:59:53.547,1.14862,1.14863,1.87,1.00
2018.10.22 12:59:53.915,1.14861,1.14863,3.82,1.00
2018.10.22 12:59:56.027,1.14859,1.1486,1.10,3.00
2018.10.22 12:59:56.234,1.14855,1.14857,1.10,1.01
2018.10.22 12:59:56.743,1.14854,1.14857,3.07,1.69
2018.10.22 12:59:57.283,1.14854,1.14857,1.20,1.69
2018.10.22 12:59:57.677,1.14852,1.14853,2.70,1.69
2018.10.22 12:59:57.730,1.14851,1.14853,4.57,1.25
2018.10.22 12:59:57.782,1.14853,1.14854,1.00,1.69
2018.10.22 12:59:57.990,1.14853,1.14855,1.10,2.14
2018.10.22 12:59:58.511,1.14853,1.14856,7.95,4.69
2018.10.22 12:59:58.915,1.14853,1.14857,4.95,1.20
2018.10.22 12:59:59.450,1.14854,1.14857,1.20,1.12
2018.10.22 12:59:59.980,1.14853,1.14858,4.05,10.01
