2009.02.16 11:00:01.849,1.2774,1.2775,1.60,4.20
2009.02.16 11:00:01.959,1.2774,1.2775,1.60,6.60
2009.02.16 11:00:02.129,1.2774,1.2775,1.60,22.60
2009.02.16 11:00:02.289,1.27735,1.2775,1.60,30.60
2009.02.16 11:00:03.419,1.2774,1.2775,2.40,30.60
2009.02.16 11:00:03.639,1.2774,1.2775,2.40,16.20
2009.02.16 11:00:03.868,1.2774,1.2775,1.00,5.00
2009.02.16 11:00:04.148,1.27735,1.2775,18.40,22.60
2009.02.16 11:00:04.378,1.27735,1.2775,1.00,30.60
2009.02.16 11:00:05.058,1.27735,1.2775,1.00,32.20
2009.02.16 11:00:05.518,1.2774,1.2775,2.40,9.80
2009.02.16 11:00:05.858,1.2774,1.2775,2.40,17.80
2009.02.16 11:00:05.978,1.2774,1.2775,2.40,25.80
2009.02.16 11:00:06.198,1.2774,1.2775,4.00,25.80
2009.02.16 11:00:06.758,1.2774,1.2775,4.00,16.20
2009.02.16 11:00:07.327,1.2774,1.2775,4.00,8.20
2009.02.16 11:00:07.717,1.2774,1.2775,4.00,4.20
2009.02.16 11:00:08.407,1.2774,1.2775,12.00,4.20
2009.02.16 11:00:08.567,1.2775,1.27755,2.40,23.20
2009.02.16 11:00:09.147,1.2775,1.27755,2.40,6.00
2009.02.16 11:00:09.427,1.2775,1.2776,2.40,3.40
2009.02.16 11:00:09.547,1.2775,1.2776,4.00,3.40
2009.02.16 11:00:18.445,1.2775,1.2776,4.00,5.00
2009.02.16 11:00:18.675,1.2775,1.27755,4.00,33.60
2009.02.16 11:00:18.845,1.2775,1.27755,1.60,26.60
2009.02.16 11:00:19.305,1.2774,1.2775,4.00,4.20
2009.02.16 11:00:19.804,1.2774,1.2775,4.00,1.00
2009.02.16 11:00:20.244,1.2774,1.2775,4.00,5.00
2009.02.16 11:00:21.484,1.2774,1.2775,4.00,4.20
2009.02.16 11:00:23.273,1.2774,1.2775,4.00,8.20
2009.02.16 11:00:23.393,1.2774,1.2775,4.00,16.20
2009.02.16 11:00:23.684,1.2775,1.27755,6.20,26.00
2009.02.16 11:00:23.974,1.2775,1.2776,4.00,21.90
2009.02.16 11:00:24.134,1.2775,1.2776,4.00,9.80
2009.02.16 11:00:25.683,1.2775,1.2776,4.00,3.40
2009.02.16 11:00:26.403,1.2774,1.2775,4.00,4.20
2009.02.16 11:00:26.833,1.27735,1.2775,4.80,14.60
2009.02.16 11:00:27.172,1.27735,1.2775,1.60,14.60
2009.02.16 11:00:27.652,1.27735,1.2775,1.60,30.60
2009.02.16 11:00:27.942,1.27735,1.2775,3.80,25.80
2009.02.16 11:00:28.232,1.2774,1.27755,1.60,30.40
2009.02.16 11:00:28.632,1.2774,1.27755,1.00,25.60
2009.02.16 11:00:29.012,1.2774,1.27755,1.00,9.60
2009.02.16 11:00:29.872,1.2774,1.2775,1.00,4.80
2009.02.16 11:00:30.102,1.27735,1.2775,1.60,30.60
2009.02.16 11:00:32.452,1.2774,1.2775,2.40,16.20
2009.02.16 11:00:32.741,1.2774,1.2775,2.40,4.20
2009.02.16 11:00:32.961,1.2774,1.2775,4.00,6.60
2009.02.16 11:00:33.355,1.27735,1.2775,10.40,30.60
2009.02.16 11:00:33.591,1.27735,1.2775,1.60,22.60
2009.02.16 11:00:33.811,1.27735,1.2775,1.60,14.60
2009.02.16 11:00:34.021,1.27735,1.2775,1.60,30.60
2009.02.16 11:00:40.799,1.27735,1.2775,1.60,30.40
2009.02.16 11:00:41.029,1.27735,1.2775,3.80,25.60
2009.02.16 11:00:41.139,1.27735,1.2775,14.20,25.60
2009.02.16 11:00:45.098,1.27735,1.2775,10.40,30.60
2009.02.16 11:00:45.438,1.27735,1.2775,1.60,30.40
2009.02.16 11:00:45.718,1.27735,1.2774,10.40,3.20
2009.02.16 11:00:46.188,1.2773,1.2774,1.00,3.20
2009.02.16 11:00:46.478,1.2773,1.2774,1.00,25.60
2009.02.16 11:00:47.757,1.2774,1.27745,4.00,29.20
2009.02.16 11:00:48.278,1.2773,1.27735,16.00,14.40
2009.02.16 11:00:48.548,1.2773,1.27735,1.00,9.60
2009.02.16 11:00:48.837,1.2773,1.27735,1.00,17.60
2009.02.16 11:00:49.178,1.2773,1.27735,1.00,30.40
2009.02.16 11:00:49.857,1.2773,1.27735,1.00,9.60
2009.02.16 11:00:50.157,1.2773,1.27735,1.00,40.80
2009.02.16 11:00:52.856,1.2772,1.2773,2.40,15.80
2009.02.16 11:00:59.684,1.2772,1.2773,2.40,7.80
2009.02.16 11:00:59.855,1.2772,1.27735,2.40,40.80
2009.02.16 11:01:00.095,1.2772,1.27725,3.00,3.20
2009.02.16 11:01:00.455,1.2772,1.27725,1.60,8.00
2009.02.16 11:01:00.794,1.27715,1.2773,8.60,19.20
2009.02.16 11:01:01.184,1.27715,1.2773,8.60,25.60
2009.02.16 11:01:09.712,1.27715,1.2773,2.40,30.60
2009.02.16 11:01:10.052,1.2771,1.27725,11.60,3.20
2009.02.16 11:01:11.902,1.2771,1.27725,13.20,3.20
2009.02.16 11:01:12.861,1.2771,1.27725,11.60,3.20
2009.02.16 11:01:18.860,1.2771,1.2772,11.60,1.00
2009.02.16 11:01:19.090,1.2771,1.2772,7.80,1.00
2009.02.16 11:01:19.270,1.2771,1.2772,7.00,6.60
2009.02.16 11:01:19.440,1.2771,1.2772,3.80,9.80
2009.02.16 11:01:19.620,1.2771,1.2772,2.40,9.80
2009.02.16 11:01:20.240,1.277,1.27715,14.20,11.20
2009.02.16 11:01:20.580,1.27705,1.27715,1.60,16.00
2009.02.16 11:01:21.039,1.2771,1.27725,1.60,31.00
2009.02.16 11:01:21.439,1.2771,1.27725,1.00,25.20
2009.02.16 11:01:21.739,1.2771,1.27725,1.00,25.20
2009.02.16 11:01:21.910,1.27705,1.2771,7.80,1.00
2009.02.16 11:01:22.249,1.277,1.2771,3.40,1.00
2009.02.16 11:01:22.689,1.277,1.2771,2.60,4.20
2009.02.16 11:01:23.909,1.277,1.2772,4.20,70.80
2009.02.16 11:01:24.249,1.27705,1.27715,14.40,20.80
2009.02.16 11:01:24.539,1.27705,1.27715,14.40,8.00
2009.02.16 11:01:24.879,1.27705,1.27725,1.00,42.40
2009.02.16 11:01:24.998,1.27705,1.2772,1.00,25.20
2009.02.16 11:01:26.028,1.27695,1.27715,35.00,14.00
2009.02.16 11:01:26.308,1.277,1.27715,1.80,24.40
2009.02.16 11:01:26.708,1.277,1.27715,1.80,32.40
2009.02.16 11:01:26.888,1.27705,1.27715,1.00,29.60
2009.02.16 11:01:27.398,1.27705,1.27715,1.00,3.20
2009.02.16 11:01:28.408,1.27705,1.2772,1.00,30.40
2009.02.16 11:01:29.237,1.27705,1.27715,1.00,3.20
2009.02.16 11:01:29.408,1.277,1.27715,1.80,14.00
2009.02.16 11:01:29.698,1.277,1.27715,1.00,24.40
2009.02.16 11:01:29.868,1.277,1.27715,1.00,32.40
2009.02.16 11:01:29.978,1.277,1.27715,1.00,40.40
2009.02.16 11:01:30.317,1.277,1.27715,1.80,40.40
2009.02.16 11:01:30.707,1.27705,1.27715,1.00,18.40
2009.02.16 11:01:31.177,1.27705,1.27715,1.00,16.00
2009.02.16 11:01:31.297,1.2769,1.277,54.60,1.00
2009.02.16 11:01:31.577,1.27695,1.277,23.20,4.20
2009.02.16 11:01:31.797,1.277,1.2771,1.00,16.00
2009.02.16 11:01:33.066,1.277,1.2771,1.00,19.20
2009.02.16 11:01:33.356,1.277,1.2771,1.00,19.20
2009.02.16 11:01:34.636,1.27695,1.27705,14.40,3.20
2009.02.16 11:01:34.957,1.27695,1.277,10.40,4.20
2009.02.16 11:01:35.246,1.2769,1.277,2.60,4.20
2009.02.16 11:01:37.006,1.277,1.27705,2.40,18.40
2009.02.16 11:01:37.296,1.277,1.2771,2.60,4.20
2009.02.16 11:01:38.935,1.277,1.27715,6.40,34.00
2009.02.16 11:01:39.045,1.277,1.27715,6.40,25.20
2009.02.16 11:01:39.335,1.27705,1.27715,1.00,22.00
2009.02.16 11:01:39.445,1.27705,1.27715,1.00,16.00
2009.02.16 11:01:39.675,1.27705,1.27715,1.60,16.00
2009.02.16 11:01:40.155,1.27705,1.27715,1.00,16.00
2009.02.16 11:01:42.614,1.277,1.27715,6.40,19.20
2009.02.16 11:02:00.670,1.277,1.2771,2.60,4.20
2009.02.16 11:02:08.508,1.277,1.2771,2.40,4.20
2009.02.16 11:02:15.856,1.277,1.27715,2.40,44.40
2009.02.16 11:02:16.136,1.277,1.27715,6.20,25.20
2009.02.16 11:02:16.376,1.277,1.27715,6.40,25.20
2009.02.16 11:02:20.865,1.277,1.27715,1.00,30.00
2009.02.16 11:02:21.195,1.277,1.2771,1.00,16.00
2009.02.16 11:02:23.435,1.2769,1.27695,10.98,4.80
2009.02.16 11:02:23.604,1.2769,1.27695,8.80,28.80
2009.02.16 11:02:23.994,1.2769,1.27695,1.00,28.80
2009.02.16 11:02:24.145,1.2768,1.2769,2.40,16.00
2009.02.16 11:02:24.484,1.2767,1.2768,16.00,9.20
2009.02.16 11:02:24.764,1.2767,1.2768,8.00,9.20
2009.02.16 11:02:25.124,1.27665,1.2768,12.00,9.20
2009.02.16 11:02:25.575,1.27665,1.2768,4.00,9.20
2009.02.16 11:02:28.443,1.2767,1.2768,4.00,3.20
2009.02.16 11:02:28.613,1.2767,1.27685,6.40,9.20
2009.02.16 11:02:30.273,1.27675,1.2769,1.80,30.60
2009.02.16 11:02:30.703,1.2768,1.2769,1.00,19.20
2009.02.16 11:02:30.973,1.2768,1.27695,1.00,3.20
2009.02.16 11:02:32.893,1.27695,1.277,1.60,14.20
2009.02.16 11:02:33.282,1.277,1.27705,1.00,16.60
2009.02.16 11:02:33.672,1.27705,1.2771,1.00,1.60
2009.02.16 11:02:33.952,1.27705,1.27715,1.00,16.00
2009.02.16 11:02:34.172,1.27705,1.2772,14.40,19.20
2009.02.16 11:02:35.381,1.27705,1.2771,14.40,8.00
2009.02.16 11:02:35.832,1.277,1.27705,8.60,16.00
2009.02.16 11:02:36.232,1.2771,1.27725,1.00,40.20
2009.02.16 11:02:36.631,1.2771,1.2772,1.00,16.00
2009.02.16 11:02:37.081,1.277,1.2772,12.20,19.20
2009.02.16 11:02:37.361,1.2771,1.2772,2.40,6.00
2009.02.16 11:02:37.651,1.2771,1.2772,2.40,3.40
2009.02.16 11:02:37.931,1.277,1.2772,8.80,27.40
2009.02.16 11:02:38.711,1.27705,1.2772,1.00,33.60
2009.02.16 11:02:39.300,1.27705,1.2772,1.00,33.60
2009.02.16 11:02:39.590,1.277,1.27715,6.40,3.20
2009.02.16 11:02:39.761,1.277,1.27715,8.00,3.20
2009.02.16 11:02:40.060,1.27695,1.277,39.50,6.00
2009.02.16 11:02:40.360,1.27695,1.277,1.00,15.60
2009.02.16 11:02:40.800,1.27685,1.277,1.60,17.20
2009.02.16 11:02:41.380,1.2768,1.2769,1.00,16.00
2009.02.16 11:02:43.130,1.2768,1.2769,1.80,16.00
2009.02.16 11:02:43.429,1.27685,1.2769,1.00,16.00
2009.02.16 11:02:43.730,1.2768,1.27695,2.60,39.60
2009.02.16 11:02:43.849,1.2768,1.27695,2.60,50.00
2009.02.16 11:02:44.120,1.2768,1.27695,2.60,51.00
2009.02.16 11:02:44.809,1.2768,1.27695,6.40,35.60
2009.02.16 11:02:45.169,1.2768,1.27695,6.40,25.20
2009.02.16 11:02:46.119,1.27685,1.27695,3.60,25.20
2009.02.16 11:02:46.359,1.27685,1.277,4.00,26.80
2009.02.16 11:02:46.769,1.27685,1.277,30.40,9.20
2009.02.16 11:02:47.129,1.27695,1.2771,1.00,25.20
2009.02.16 11:02:47.429,1.277,1.27715,1.00,25.20
2009.02.16 11:02:47.728,1.27705,1.27715,1.00,19.20
2009.02.16 11:02:47.999,1.27705,1.27715,1.00,25.60
2009.02.16 11:02:48.348,1.27705,1.2771,1.00,8.00
2009.02.16 11:02:48.648,1.277,1.2771,1.00,16.00
2009.02.16 11:02:52.097,1.27695,1.277,3.40,1.00
2009.02.16 11:02:52.257,1.27695,1.277,1.00,1.80
2009.02.16 11:02:52.377,1.2769,1.277,3.40,1.80
2009.02.16 11:02:52.557,1.2769,1.277,2.60,5.80
2009.02.16 11:02:57.886,1.27695,1.27705,4.00,16.00
2009.02.16 11:02:58.236,1.27695,1.277,4.00,4.00
2009.02.16 11:02:58.696,1.277,1.27705,1.00,6.00
2009.02.16 11:02:59.046,1.277,1.2771,1.00,16.00
2009.02.16 11:03:03.385,1.277,1.2771,3.80,16.00
2009.02.16 11:03:03.495,1.277,1.2771,4.00,16.00
2009.02.16 11:03:03.615,1.277,1.2771,6.40,8.00
2009.02.16 11:03:03.795,1.277,1.27715,6.40,25.20
2009.02.16 11:03:04.155,1.277,1.2771,4.20,16.00
2009.02.16 11:03:04.394,1.277,1.2771,1.00,16.00
2009.02.16 11:03:08.953,1.27705,1.27715,1.00,31.20
2009.02.16 11:03:09.183,1.27705,1.27715,1.00,19.20
2009.02.16 11:03:14.142,1.27705,1.27715,1.00,19.20
2009.02.16 11:03:14.192,1.27705,1.27715,7.80,19.20
2009.02.16 11:03:14.312,1.2771,1.27715,2.40,19.20
2009.02.16 11:03:14.482,1.2771,1.27715,2.40,3.20
2009.02.16 11:03:14.592,1.27705,1.27715,10.40,3.20
2009.02.16 11:03:14.872,1.27705,1.27715,1.00,3.20
2009.02.16 11:03:14.992,1.27705,1.27715,1.00,19.20
2009.02.16 11:03:16.501,1.2771,1.27715,2.40,19.20
2009.02.16 11:03:16.722,1.2771,1.27715,2.40,11.20
2009.02.16 11:03:16.841,1.2771,1.27715,2.40,3.20
2009.02.16 11:03:19.261,1.27705,1.27715,1.00,3.20
2009.02.16 11:03:19.441,1.27705,1.27715,1.00,19.20
2009.02.16 11:03:20.590,1.27705,1.27715,1.00,19.20
2009.02.16 11:03:20.811,1.27705,1.27715,1.00,16.00
2009.02.16 11:03:23.450,1.2771,1.27715,2.40,16.00
2009.02.16 11:03:23.740,1.2771,1.27715,2.40,8.00
2009.02.16 11:03:23.860,1.2771,1.2772,2.40,11.20
2009.02.16 11:03:24.150,1.2771,1.2772,2.40,5.00
2009.02.16 11:03:24.730,1.2771,1.2772,2.40,11.20
2009.02.16 11:03:26.319,1.2771,1.2772,2.40,8.00
2009.02.16 11:03:26.489,1.2771,1.2772,2.40,6.40
2009.02.16 11:03:26.839,1.2771,1.27725,2.60,38.00
2009.02.16 11:03:27.009,1.2771,1.2772,2.40,3.40
2009.02.16 11:03:29.228,1.2771,1.2772,2.40,5.00
2009.02.16 11:03:34.377,1.2771,1.2772,2.40,22.60
2009.02.16 11:03:34.767,1.27705,1.2772,14.20,28.80
2009.02.16 11:03:34.997,1.27705,1.27715,14.20,16.00
2009.02.16 11:03:35.167,1.27705,1.27715,14.20,8.00
2009.02.16 11:03:35.497,1.27705,1.27715,1.00,16.00
2009.02.16 11:03:43.575,1.2771,1.27715,2.40,16.00
2009.02.16 11:03:43.805,1.27705,1.2772,18.40,10.80
2009.02.16 11:03:44.265,1.27705,1.2772,4.00,17.20
2009.02.16 11:03:44.565,1.27705,1.2772,4.00,25.20
2009.02.16 11:03:45.145,1.2771,1.2772,6.40,8.00
2009.02.16 11:03:45.645,1.2771,1.2772,2.60,1.80
2009.02.16 11:03:47.014,1.2771,1.2772,2.60,2.80
2009.02.16 11:03:47.254,1.2771,1.2772,2.60,2.00
2009.02.16 11:03:49.174,1.2771,1.27725,2.60,41.00
2009.02.16 11:03:49.404,1.2771,1.27725,6.40,19.20
2009.02.16 11:03:49.703,1.2772,1.27725,6.40,8.00
2009.02.16 11:03:49.984,1.2772,1.2773,3.80,22.00
2009.02.16 11:03:50.214,1.27715,1.2773,1.00,17.60
2009.02.16 11:03:50.563,1.27715,1.2773,1.00,35.20
2009.02.16 11:03:52.203,1.27715,1.2773,1.00,36.80
2009.02.16 11:03:52.543,1.2772,1.2773,2.40,28.80
2009.02.16 11:03:52.913,1.2772,1.2773,2.40,11.20
2009.02.16 11:03:53.133,1.2772,1.2773,2.40,4.80
2009.02.16 11:03:53.363,1.2772,1.2773,6.20,3.20
2009.02.16 11:03:55.422,1.2772,1.2773,2.40,3.20
2009.02.16 11:03:55.832,1.2772,1.27725,2.40,16.00
2009.02.16 11:03:56.062,1.2772,1.27735,6.40,25.80
2009.02.16 11:03:56.242,1.2772,1.2773,3.80,6.00
2009.02.16 11:03:56.582,1.27715,1.2773,19.20,25.20
2009.02.16 11:03:56.692,1.27715,1.2773,1.00,32.00
2009.02.16 11:03:56.872,1.27715,1.2773,1.00,35.20
2009.02.16 11:03:57.212,1.27715,1.2773,8.00,27.20
2009.02.16 11:03:57.552,1.27715,1.2773,1.00,17.60
2009.02.16 11:03:57.841,1.27715,1.2773,1.00,20.80
2009.02.16 11:03:58.202,1.27715,1.2773,1.00,36.80
2009.02.16 11:03:58.781,1.27715,1.2773,18.40,28.80
2009.02.16 11:03:59.071,1.2772,1.2773,2.40,19.20
2009.02.16 11:03:59.411,1.2772,1.2773,2.40,11.20
2009.02.16 11:04:05.879,1.2772,1.2773,2.40,5.00
2009.02.16 11:04:09.829,1.27715,1.2772,17.60,4.00
2009.02.16 11:04:10.068,1.2772,1.27725,2.40,7.20
2009.02.16 11:04:10.238,1.2771,1.2772,2.60,1.80
2009.02.16 11:04:10.559,1.2771,1.2772,8.00,1.60
2009.02.16 11:04:10.788,1.27715,1.2773,1.80,32.00
2009.02.16 11:04:12.558,1.27715,1.2772,1.80,1.00
2009.02.16 11:04:12.828,1.27715,1.2772,1.00,4.20
2009.02.16 11:04:13.058,1.2771,1.2772,10.60,1.80
2009.02.16 11:04:13.218,1.2771,1.2772,2.60,1.80
2009.02.16 11:04:24.115,1.27705,1.2771,20.80,4.20
2009.02.16 11:04:24.385,1.27705,1.2771,8.00,1.80
2009.02.16 11:04:24.625,1.277,1.2771,2.60,1.80
2009.02.16 11:04:38.901,1.27705,1.2771,1.00,1.80
2009.02.16 11:04:39.412,1.27705,1.2771,1.00,1.60
2009.02.16 11:04:39.812,1.27705,1.2772,14.40,25.20
2009.02.16 11:04:41.471,1.27705,1.2772,10.60,30.40
2009.02.16 11:04:41.771,1.27705,1.2772,1.80,30.40
2009.02.16 11:04:43.221,1.27705,1.2772,1.80,32.00
2009.02.16 11:04:44.620,1.27705,1.2772,1.00,32.00
2009.02.16 11:04:45.090,1.27705,1.27715,1.00,3.20
2009.02.16 11:04:45.200,1.27705,1.27715,1.60,3.20
2009.02.16 11:04:46.480,1.27705,1.27715,1.00,3.20
2009.02.16 11:04:48.379,1.27705,1.27715,1.60,3.20
2009.02.16 11:05:09.924,1.27705,1.27715,1.00,3.20
2009.02.16 11:05:10.044,1.27705,1.2771,1.00,4.20
2009.02.16 11:05:13.253,1.277,1.2771,2.60,1.80
2009.02.16 11:05:13.763,1.277,1.27705,2.40,10.00
2009.02.16 11:05:14.253,1.2769,1.277,8.20,4.20
2009.02.16 11:05:15.153,1.2769,1.277,8.20,1.80
2009.02.16 11:05:15.983,1.2769,1.277,15.20,1.80
2009.02.16 11:05:16.162,1.27695,1.2771,2.60,32.00
2009.02.16 11:05:16.543,1.27695,1.2771,2.60,24.00
2009.02.16 11:05:16.712,1.27695,1.2771,2.60,16.00
2009.02.16 11:05:36.418,1.27695,1.27705,1.00,18.80
2009.02.16 11:05:36.708,1.27685,1.277,17.80,14.40
2009.02.16 11:05:36.868,1.2768,1.27695,5.80,14.00
2009.02.16 11:05:37.158,1.2768,1.27695,1.80,14.00
2009.02.16 11:05:37.667,1.2768,1.27695,1.80,24.40
2009.02.16 11:05:38.347,1.2768,1.27695,1.60,24.40
2009.02.16 11:05:39.747,1.2768,1.27695,1.00,24.40
2009.02.16 11:05:39.917,1.2768,1.27695,1.00,9.20
2009.02.16 11:05:41.296,1.2768,1.27695,1.60,9.20
2009.02.16 11:05:41.577,1.2768,1.27695,1.60,24.40
2009.02.16 11:05:42.457,1.27675,1.2769,31.20,3.20
2009.02.16 11:05:42.696,1.27675,1.2769,37.60,3.20
2009.02.16 11:05:42.986,1.27675,1.2769,37.60,9.20
2009.02.16 11:05:43.276,1.27675,1.27685,8.00,9.20
2009.02.16 11:05:43.636,1.2767,1.27685,24.00,9.20
2009.02.16 11:05:44.056,1.2767,1.2768,23.80,6.00
2009.02.16 11:05:44.666,1.27665,1.27675,24.00,3.20
2009.02.16 11:05:45.086,1.2766,1.2767,1.60,8.00
2009.02.16 11:05:45.486,1.27655,1.2767,13.60,19.20
2009.02.16 11:05:45.945,1.27655,1.27665,1.80,4.80
2009.02.16 11:05:46.405,1.2765,1.27665,1.80,24.40
2009.02.16 11:05:46.805,1.2765,1.2766,1.60,16.00
2009.02.16 11:05:47.085,1.27645,1.2765,9.60,1.00
2009.02.16 11:05:47.425,1.27635,1.2765,24.20,14.40
2009.02.16 11:05:47.755,1.27635,1.2765,1.00,14.40
2009.02.16 11:05:48.025,1.27635,1.2765,16.20,14.40
2009.02.16 11:05:48.315,1.27635,1.2764,16.00,14.40
2009.02.16 11:05:48.575,1.27635,1.2764,8.20,11.20
2009.02.16 11:05:48.905,1.27635,1.27645,1.00,8.00
2009.02.16 11:05:49.185,1.27635,1.27645,1.00,16.00
2009.02.16 11:05:49.475,1.27635,1.27645,1.00,8.00
2009.02.16 11:05:49.945,1.27635,1.27645,1.00,3.20
2009.02.16 11:05:50.394,1.2763,1.27645,3.40,40.40
2009.02.16 11:05:51.074,1.27635,1.27645,1.80,26.40
2009.02.16 11:05:51.434,1.27635,1.27645,1.80,10.40
2009.02.16 11:05:51.784,1.27635,1.2765,1.80,32.00
2009.02.16 11:05:52.174,1.2764,1.2765,2.40,19.20
2009.02.16 11:05:52.574,1.2764,1.2765,2.40,5.00
2009.02.16 11:05:54.344,1.27645,1.2765,2.40,1.60
2009.02.16 11:05:54.783,1.27645,1.27655,2.40,14.40
2009.02.16 11:05:55.123,1.2765,1.27655,2.40,4.80
2009.02.16 11:05:55.423,1.2765,1.2766,2.40,9.60
2009.02.16 11:05:55.743,1.2765,1.2766,2.40,4.20
2009.02.16 11:05:57.412,1.2765,1.2766,2.40,1.80
2009.02.16 11:05:58.562,1.2765,1.2766,9.60,1.60
2009.02.16 11:05:58.722,1.2765,1.27665,11.20,25.20
2009.02.16 11:06:00.612,1.2765,1.27665,9.60,25.20
2009.02.16 11:06:00.782,1.27645,1.2765,17.40,1.00
2009.02.16 11:06:01.002,1.27645,1.2765,12.40,4.20
2009.02.16 11:06:01.332,1.2764,1.2765,2.60,1.80
2009.02.16 11:06:03.921,1.27645,1.2765,1.00,1.80
2009.02.16 11:06:04.041,1.2765,1.27655,2.40,16.80
2009.02.16 11:06:04.261,1.2765,1.27655,2.40,22.40
2009.02.16 11:06:04.621,1.2765,1.2766,2.40,8.00
2009.02.16 11:06:04.841,1.2765,1.2766,2.60,1.80
2009.02.16 11:06:05.131,1.27655,1.27665,1.80,16.00
2009.02.16 11:06:05.641,1.27655,1.2767,1.80,32.00
2009.02.16 11:06:06.151,1.2765,1.27655,6.80,3.20
2009.02.16 11:06:06.550,1.27645,1.2765,7.60,1.00
2009.02.16 11:06:06.820,1.2764,1.2765,2.60,1.00
2009.02.16 11:06:07.160,1.2764,1.2765,2.60,1.00
2009.02.16 11:06:07.550,1.2764,1.2765,2.60,1.80
2009.02.16 11:06:07.720,1.2765,1.27655,2.40,19.90
2009.02.16 11:06:08.010,1.2765,1.2766,2.40,11.20
2009.02.16 11:06:08.640,1.2765,1.2766,2.40,5.00
2009.02.16 11:06:18.697,1.27645,1.2766,20.00,5.00
2009.02.16 11:06:19.068,1.27645,1.2766,10.60,17.80
2009.02.16 11:06:19.187,1.27645,1.2766,1.80,25.80
2009.02.16 11:06:20.907,1.27645,1.27655,1.80,3.20
2009.02.16 11:06:21.027,1.2764,1.2765,4.20,4.20
2009.02.16 11:06:21.268,1.2764,1.2765,2.60,1.80
2009.02.16 11:06:27.636,1.2764,1.2765,10.60,1.80
2009.02.16 11:06:27.805,1.27645,1.2765,1.00,1.60
2009.02.16 11:06:28.145,1.27645,1.27655,1.80,18.40
2009.02.16 11:06:28.315,1.27645,1.2766,1.80,32.00
2009.02.16 11:06:34.114,1.27645,1.2766,22.60,16.00
2009.02.16 11:06:34.384,1.2765,1.2766,2.40,1.80
2009.02.16 11:06:35.144,1.27645,1.2765,10.40,4.20
2009.02.16 11:06:35.493,1.27645,1.27655,1.80,10.40
2009.02.16 11:06:35.904,1.27645,1.27655,1.80,16.00
2009.02.16 11:06:36.303,1.27645,1.2766,1.80,32.00
2009.02.16 11:06:36.583,1.2764,1.27645,8.00,4.20
2009.02.16 11:06:36.933,1.2763,1.2764,21.80,4.20
2009.02.16 11:06:37.163,1.2763,1.2764,5.80,4.40
2009.02.16 11:06:37.493,1.2763,1.2764,5.80,1.80
2009.02.16 11:06:39.723,1.2763,1.2764,5.80,1.60
2009.02.16 11:06:39.902,1.2763,1.2764,8.20,1.60
2009.02.16 11:06:40.132,1.2763,1.2764,8.00,1.80
2009.02.16 11:06:40.412,1.2763,1.2764,5.60,1.80
2009.02.16 11:06:40.772,1.2763,1.2764,5.80,1.80
2009.02.16 11:06:41.222,1.27625,1.2763,11.20,4.20
2009.02.16 11:06:42.122,1.2762,1.2763,2.60,4.20
2009.02.16 11:06:42.402,1.2762,1.2763,2.60,1.80
2009.02.16 11:06:43.881,1.27625,1.27635,1.60,16.00
2009.02.16 11:06:44.161,1.27625,1.27635,1.60,8.00
2009.02.16 11:06:44.511,1.27625,1.2764,1.60,36.80
2009.02.16 11:06:45.131,1.2762,1.27635,9.60,9.20
2009.02.16 11:06:45.481,1.2762,1.27635,1.80,40.40
2009.02.16 11:06:45.931,1.2762,1.2763,1.00,20.80
2009.02.16 11:06:46.261,1.27615,1.2763,1.80,30.40
2009.02.16 11:06:46.851,1.27615,1.2763,1.80,32.00
2009.02.16 11:06:56.388,1.27615,1.27625,1.80,8.00
2009.02.16 11:06:56.859,1.27615,1.27625,1.80,16.00
2009.02.16 11:06:57.498,1.27615,1.27625,1.60,16.00
2009.02.16 11:06:57.958,1.27615,1.2762,1.00,4.20
2009.02.16 11:06:58.238,1.2761,1.27625,6.40,44.40
2009.02.16 11:06:58.478,1.27615,1.2762,34.00,1.00
2009.02.16 11:06:58.698,1.27615,1.2762,10.40,5.20
2009.02.16 11:06:58.988,1.2761,1.2762,12.00,5.20
2009.02.16 11:06:59.338,1.2761,1.2762,4.00,4.20
2009.02.16 11:06:59.687,1.2762,1.27625,1.60,44.40
2009.02.16 11:07:00.157,1.27605,1.27615,4.20,4.20
2009.02.16 11:07:00.457,1.2761,1.2762,4.00,25.60
2009.02.16 11:07:00.818,1.2762,1.27625,1.60,25.20
2009.02.16 11:07:01.057,1.2761,1.27625,17.60,25.20
2009.02.16 11:07:01.437,1.27615,1.27625,1.60,22.00
2009.02.16 11:07:01.727,1.27615,1.27625,1.60,16.00
2009.02.16 11:07:02.007,1.27615,1.2763,1.60,32.00
2009.02.16 11:07:03.367,1.2762,1.2763,2.40,32.00
2009.02.16 11:07:03.527,1.2762,1.27625,2.40,16.00
2009.02.16 11:07:03.767,1.2762,1.2763,2.40,5.00
2009.02.16 11:07:06.526,1.2762,1.27625,2.40,6.00
2009.02.16 11:07:06.806,1.27615,1.2762,10.40,4.20
2009.02.16 11:07:07.106,1.2761,1.2762,2.60,4.20
2009.02.16 11:07:07.326,1.2761,1.2762,2.60,1.80
2009.02.16 11:07:08.285,1.2761,1.2762,2.60,5.20
2009.02.16 11:07:08.865,1.2761,1.2762,2.60,4.20
2009.02.16 11:07:10.945,1.2761,1.2762,2.60,1.80
2009.02.16 11:07:11.125,1.2761,1.2762,4.20,1.80
2009.02.16 11:07:11.365,1.27615,1.2762,1.60,1.60
2009.02.16 11:07:11.655,1.27615,1.27625,1.80,8.00
2009.02.16 11:07:12.065,1.2762,1.2763,2.40,27.20
2009.02.16 11:07:12.354,1.2762,1.2763,2.60,4.20
2009.02.16 11:07:12.584,1.2762,1.2763,2.40,6.40
2009.02.16 11:07:12.994,1.27615,1.2763,2.60,22.40
2009.02.16 11:07:13.425,1.27615,1.2763,1.80,30.40
2009.02.16 11:07:13.784,1.2762,1.2763,2.40,8.20
2009.02.16 11:07:14.064,1.2762,1.2763,2.40,1.80
2009.02.16 11:07:14.524,1.2762,1.2763,2.60,1.80
2009.02.16 11:07:15.834,1.27615,1.2762,12.60,1.00
2009.02.16 11:07:16.113,1.2761,1.2762,18.60,1.80
2009.02.16 11:07:16.374,1.2761,1.2762,2.60,1.80
2009.02.16 11:07:16.883,1.27615,1.27625,1.80,11.20
2009.02.16 11:07:17.124,1.276,1.27615,38.20,4.20
2009.02.16 11:07:17.293,1.27605,1.2761,8.00,4.20
2009.02.16 11:07:17.803,1.27595,1.2761,44.60,4.20
2009.02.16 11:07:18.463,1.276,1.2761,2.40,1.80
2009.02.16 11:07:19.553,1.276,1.2761,2.60,1.80
2009.02.16 11:07:20.592,1.276,1.2761,2.40,1.80
2009.02.16 11:07:21.742,1.276,1.2761,2.40,4.20
2009.02.16 11:07:21.853,1.27595,1.2761,1.00,34.20
2009.02.16 11:07:22.592,1.27595,1.2761,3.80,37.20
2009.02.16 11:07:22.942,1.2759,1.276,2.60,6.60
2009.02.16 11:07:23.342,1.27585,1.276,35.20,6.60
2009.02.16 11:07:23.622,1.27585,1.276,27.20,3.40
2009.02.16 11:07:23.952,1.27585,1.276,19.20,5.00
2009.02.16 11:07:24.701,1.27585,1.276,19.00,5.00
2009.02.16 11:07:24.991,1.27585,1.276,15.00,1.80
2009.02.16 11:07:26.611,1.2759,1.276,4.20,1.80
2009.02.16 11:07:27.071,1.276,1.27605,1.00,1.00
2009.02.16 11:07:27.371,1.27595,1.27605,17.00,2.60
2009.02.16 11:07:27.611,1.27595,1.2761,10.60,32.60
2009.02.16 11:07:27.731,1.27595,1.2761,1.00,32.60
2009.02.16 11:07:28.761,1.2759,1.276,2.60,6.60
2009.02.16 11:07:29.840,1.27585,1.276,35.00,1.80
2009.02.16 11:07:30.070,1.27585,1.276,36.80,1.80
2009.02.16 11:07:30.290,1.2759,1.2761,8.80,34.20
2009.02.16 11:07:30.810,1.27595,1.2761,6.60,22.60
2009.02.16 11:07:31.040,1.27595,1.2761,10.20,1.80
2009.02.16 11:07:31.760,1.27595,1.2761,20.60,5.80
2009.02.16 11:07:35.659,1.27605,1.2762,18.60,17.60
2009.02.16 11:07:35.779,1.27595,1.2761,42.20,1.80
2009.02.16 11:07:36.009,1.276,1.2761,2.60,5.80
2009.02.16 11:07:36.239,1.276,1.27615,6.40,24.40
2009.02.16 11:07:36.409,1.276,1.27615,6.40,9.20
2009.02.16 11:07:36.919,1.27595,1.27605,39.20,14.00
2009.02.16 11:07:37.269,1.2759,1.276,2.60,4.20
2009.02.16 11:07:37.878,1.27585,1.276,35.00,1.80
2009.02.16 11:07:38.788,1.2759,1.27605,6.60,20.80
2009.02.16 11:07:39.138,1.2759,1.27605,32.00,10.40
2009.02.16 11:07:39.528,1.276,1.2762,8.00,32.80
2009.02.16 11:07:39.698,1.276,1.2762,29.60,16.00
2009.02.16 11:07:40.268,1.276,1.27615,27.20,3.20
2009.02.16 11:07:40.668,1.27595,1.27615,24.60,24.40
2009.02.16 11:07:41.067,1.27595,1.2761,26.20,6.00
2009.02.16 11:07:41.827,1.27595,1.27615,28.80,19.60
2009.02.16 11:07:42.157,1.27595,1.27615,55.20,9.20
2009.02.16 11:07:44.366,1.2761,1.27615,2.40,9.20
2009.02.16 11:07:44.757,1.2761,1.2762,2.40,9.60
2009.02.16 11:07:45.087,1.2761,1.2762,2.40,25.60
2009.02.16 11:07:45.207,1.2761,1.2762,2.40,9.60
2009.02.16 11:07:48.276,1.2761,1.2762,16.20,6.60
2009.02.16 11:07:48.666,1.27605,1.2762,10.60,33.60
2009.02.16 11:07:49.066,1.276,1.27615,6.40,11.20
2009.02.16 11:07:49.296,1.276,1.27615,6.40,19.20
2009.02.16 11:07:49.645,1.276,1.27615,8.00,19.20
2009.02.16 11:07:49.875,1.276,1.27615,6.40,19.20
2009.02.16 11:07:50.035,1.276,1.27615,8.00,19.20
2009.02.16 11:07:50.595,1.276,1.27615,7.40,19.20
2009.02.16 11:07:50.925,1.276,1.2761,2.60,5.80
2009.02.16 11:07:51.375,1.276,1.2761,2.60,6.40
2009.02.16 11:07:51.665,1.276,1.2761,2.60,5.80
2009.02.16 11:07:51.885,1.2759,1.276,10.60,5.80
2009.02.16 11:07:52.125,1.27585,1.276,36.20,5.80
2009.02.16 11:07:52.575,1.2759,1.27605,8.80,26.40
2009.02.16 11:07:52.915,1.2759,1.2761,8.80,32.00
2009.02.16 11:07:54.124,1.2759,1.2761,10.20,30.40
2009.02.16 11:07:54.294,1.27595,1.2761,10.20,16.20
2009.02.16 11:07:54.794,1.276,1.2761,2.60,6.00
2009.02.16 11:07:59.493,1.276,1.2761,4.20,6.00
2009.02.16 11:08:01.782,1.276,1.2761,4.20,5.80
2009.02.16 11:08:02.062,1.276,1.2761,1.60,16.00
2009.02.16 11:08:02.293,1.27595,1.2761,10.60,32.00
2009.02.16 11:08:02.653,1.27595,1.2761,1.00,32.00
2009.02.16 11:08:03.102,1.27595,1.276,1.00,1.00
2009.02.16 11:08:03.442,1.27595,1.27605,1.00,14.80
2009.02.16 11:08:03.672,1.27585,1.2759,17.00,8.00
2009.02.16 11:08:04.062,1.2757,1.2759,37.60,44.60
2009.02.16 11:08:04.412,1.27575,1.2759,2.60,11.00
2009.02.16 11:08:04.882,1.2757,1.2759,1.00,34.80
2009.02.16 11:08:05.331,1.2757,1.2758,2.40,5.80
2009.02.16 11:08:05.722,1.2757,1.2758,2.40,2.40
2009.02.16 11:08:06.061,1.2757,1.2758,2.40,3.40
2009.02.16 11:08:06.641,1.2757,1.2758,2.40,9.60
2009.02.16 11:08:07.041,1.27565,1.2758,1.80,30.40
2009.02.16 11:08:07.441,1.27565,1.27575,1.80,8.00
2009.02.16 11:08:07.621,1.27565,1.27575,1.80,16.00
2009.02.16 11:08:07.841,1.27565,1.27575,1.80,8.00
2009.02.16 11:08:08.241,1.27565,1.2758,1.80,30.40
2009.02.16 11:08:09.710,1.2756,1.27565,5.00,8.00
2009.02.16 11:08:09.991,1.27565,1.2757,1.00,36.40
2009.02.16 11:08:10.340,1.27565,1.2757,1.00,14.40
2009.02.16 11:08:10.680,1.2756,1.27575,5.80,30.00
2009.02.16 11:08:11.010,1.2756,1.2757,9.60,16.00
2009.02.16 11:08:11.350,1.27565,1.2757,1.80,8.00
2009.02.16 11:08:11.690,1.27565,1.2758,1.80,30.40
2009.02.16 11:08:12.020,1.27565,1.2758,1.80,32.00
2009.02.16 11:08:12.430,1.2756,1.2757,2.60,1.00
2009.02.16 11:08:13.750,1.2757,1.27575,1.60,27.60
2009.02.16 11:08:14.040,1.2757,1.2758,1.60,8.00
2009.02.16 11:08:14.330,1.2757,1.27585,1.80,40.40
2009.02.16 11:08:14.650,1.2757,1.27585,1.80,30.00
2009.02.16 11:08:16.419,1.2757,1.27585,1.80,22.00
2009.02.16 11:08:16.709,1.2757,1.27585,1.80,30.00
2009.02.16 11:08:18.559,1.2757,1.27585,8.20,30.00
2009.02.16 11:08:18.898,1.2758,1.27585,2.40,16.00
2009.02.16 11:08:19.178,1.27575,1.27585,1.00,13.40
2009.02.16 11:08:19.528,1.27575,1.27585,1.00,26.40
2009.02.16 11:08:19.858,1.27575,1.27585,1.00,16.00
2009.02.16 11:08:20.148,1.27575,1.27585,8.20,16.00
2009.02.16 11:08:20.648,1.2758,1.27585,8.00,8.00
2009.02.16 11:08:20.978,1.27585,1.2759,1.80,1.20
2009.02.16 11:08:21.268,1.2758,1.2759,2.60,1.60
2009.02.16 11:08:21.658,1.2758,1.27585,8.00,1.00
2009.02.16 11:08:22.217,1.2759,1.276,2.40,9.60
2009.02.16 11:08:22.618,1.27585,1.27595,4.00,6.00
2009.02.16 11:08:22.968,1.2759,1.27595,4.00,17.20
2009.02.16 11:08:23.477,1.2758,1.2759,2.60,1.00
2009.02.16 11:08:25.177,1.27575,1.2758,7.40,1.00
2009.02.16 11:08:25.477,1.27575,1.2758,3.20,1.00
2009.02.16 11:08:25.867,1.2757,1.2758,2.60,1.00
2009.02.16 11:08:29.096,1.27575,1.2758,12.00,1.00
2009.02.16 11:08:29.516,1.2758,1.2759,2.40,9.80
2009.02.16 11:08:29.916,1.2758,1.2759,2.40,3.40
2009.02.16 11:08:30.195,1.2758,1.2759,2.60,1.00
2009.02.16 11:08:33.345,1.2758,1.2759,4.20,1.00
2009.02.16 11:08:33.575,1.2758,1.2759,28.60,1.00
2009.02.16 11:08:33.745,1.2759,1.276,2.40,40.80
2009.02.16 11:08:34.145,1.2759,1.276,2.40,1.20
2009.02.16 11:08:35.774,1.2759,1.276,2.40,3.40
2009.02.16 11:08:36.184,1.27585,1.2759,13.60,1.00
2009.02.16 11:08:36.464,1.27585,1.27595,3.20,40.40
2009.02.16 11:08:36.804,1.2759,1.27595,2.40,10.40
2009.02.16 11:08:37.144,1.2759,1.276,2.40,9.60
2009.02.16 11:08:38.383,1.2759,1.276,2.40,3.40
2009.02.16 11:08:43.422,1.2759,1.276,4.00,3.40
2009.02.16 11:08:43.482,1.2759,1.276,5.60,3.40
2009.02.16 11:08:43.642,1.2759,1.276,7.20,3.40
2009.02.16 11:08:43.972,1.276,1.27605,1.60,9.70
2009.02.16 11:08:44.193,1.27595,1.27605,3.20,16.20
2009.02.16 11:08:44.372,1.27595,1.27605,3.20,14.60
2009.02.16 11:08:44.542,1.27595,1.276,3.40,1.00
2009.02.16 11:08:44.942,1.276,1.27605,2.40,3.60
2009.02.16 11:08:45.282,1.276,1.27605,6.00,1.50
2009.02.16 11:08:45.672,1.27595,1.2761,1.80,24.20
2009.02.16 11:08:46.022,1.2759,1.276,2.60,1.00
2009.02.16 11:08:48.401,1.2759,1.276,2.40,1.00
2009.02.16 11:08:49.051,1.2759,1.276,2.60,1.00
2009.02.16 11:08:50.091,1.27595,1.276,8.00,1.00
2009.02.16 11:08:50.141,1.27595,1.276,9.60,1.00
2009.02.16 11:08:50.261,1.276,1.27605,2.40,19.60
2009.02.16 11:08:50.432,1.276,1.27605,2.40,10.40
2009.02.16 11:08:50.611,1.276,1.2761,2.40,9.60
2009.02.16 11:08:50.900,1.276,1.2761,4.00,9.60
2009.02.16 11:08:58.799,1.276,1.2761,4.00,17.60
2009.02.16 11:08:59.089,1.276,1.2761,4.00,25.60
2009.02.16 11:08:59.369,1.276,1.2761,4.00,9.60
2009.02.16 11:09:00.838,1.276,1.2761,4.00,17.60
2009.02.16 11:09:01.008,1.276,1.27605,4.00,16.00
2009.02.16 11:09:02.098,1.27595,1.276,11.70,16.20
2009.02.16 11:09:02.158,1.27585,1.276,1.80,30.40
2009.02.16 11:09:02.498,1.27585,1.276,1.00,30.40
2009.02.16 11:09:02.548,1.2758,1.276,23.80,30.40
2009.02.16 11:09:02.938,1.2758,1.276,28.60,30.40
2009.02.16 11:09:03.108,1.2758,1.276,20.60,30.40
2009.02.16 11:09:03.618,1.2758,1.276,12.60,30.40
2009.02.16 11:09:04.197,1.2759,1.276,2.40,30.40
2009.02.16 11:09:04.537,1.2759,1.276,2.40,9.60
2009.02.16 11:09:05.697,1.2759,1.276,4.00,9.60
2009.02.16 11:09:06.047,1.2759,1.276,2.40,9.60
2009.02.16 11:09:08.696,1.27595,1.276,1.20,9.60
2009.02.16 11:09:10.007,1.27595,1.276,1.20,3.40
2009.02.16 11:09:10.666,1.2759,1.27595,2.40,1.80
2009.02.16 11:09:14.085,1.2759,1.276,2.60,1.80
2009.02.16 11:09:15.904,1.27595,1.27605,2.40,47.20
2009.02.16 11:09:16.245,1.27595,1.27605,2.40,14.40
2009.02.16 11:09:16.645,1.27595,1.2761,25.40,12.00
2009.02.16 11:09:17.044,1.27595,1.2761,27.00,20.00
2009.02.16 11:09:17.284,1.27595,1.2761,27.00,28.00
2009.02.16 11:09:17.685,1.27595,1.276,16.80,1.00
2009.02.16 11:09:18.084,1.2759,1.276,2.60,1.00
2009.02.16 11:09:18.834,1.2759,1.276,2.40,3.40
2009.02.16 11:09:21.283,1.2759,1.276,2.40,9.60
2009.02.16 11:09:22.043,1.27595,1.27605,2.40,41.40
2009.02.16 11:09:22.213,1.27595,1.27605,8.20,29.80
2009.02.16 11:09:22.453,1.27595,1.27605,22.20,8.00
2009.02.16 11:09:22.793,1.27595,1.2761,31.00,12.00
2009.02.16 11:09:23.083,1.27595,1.2761,40.60,28.00
2009.02.16 11:09:25.872,1.27605,1.2761,1.60,28.00
2009.02.16 11:09:26.042,1.276,1.2761,3.20,28.00
2009.02.16 11:09:26.263,1.276,1.2761,4.80,20.00
2009.02.16 11:09:26.614,1.276,1.2761,4.80,12.00
2009.02.16 11:09:26.892,1.276,1.2761,4.80,28.00
2009.02.16 11:09:27.232,1.276,1.27605,4.80,1.20
2009.02.16 11:09:27.632,1.27595,1.27605,17.60,25.60
2009.02.16 11:09:28.102,1.2759,1.276,7.20,9.60
2009.02.16 11:09:29.382,1.27595,1.27605,4.80,35.60
2009.02.16 11:09:29.741,1.27595,1.27605,4.80,25.20
2009.02.16 11:09:30.681,1.27595,1.27605,2.40,30.00
2009.02.16 11:09:31.011,1.2759,1.276,6.60,1.00
2009.02.16 11:09:32.521,1.2759,1.276,8.20,1.00
2009.02.16 11:09:33.550,1.2759,1.276,8.00,1.00
2009.02.16 11:09:33.670,1.2759,1.276,8.00,3.40
2009.02.16 11:09:36.310,1.2759,1.276,8.00,1.00
2009.02.16 11:09:36.470,1.27595,1.276,1.60,1.00
2009.02.16 11:09:36.639,1.27595,1.27605,4.00,25.20
2009.02.16 11:09:37.549,1.27595,1.27605,4.00,19.20
2009.02.16 11:09:37.899,1.27595,1.27605,4.00,3.20
2009.02.16 11:09:38.519,1.27595,1.27605,4.00,11.20
2009.02.16 11:09:38.759,1.27595,1.27605,4.00,19.20
2009.02.16 11:09:40.609,1.27595,1.27605,4.80,19.20
2009.02.16 11:09:41.318,1.276,1.27605,5.60,16.00
2009.02.16 11:09:41.738,1.276,1.2761,8.80,9.60
2009.02.16 11:09:45.518,1.2761,1.27615,1.60,20.00
2009.02.16 11:09:45.637,1.27605,1.27615,4.80,19.20
2009.02.16 11:09:45.868,1.27605,1.27615,4.80,11.20
2009.02.16 11:09:46.208,1.27605,1.2762,5.00,30.40
2009.02.16 11:09:46.437,1.27605,1.27615,5.00,8.00
2009.02.16 11:09:46.897,1.27605,1.2762,5.00,30.40
2009.02.16 11:09:50.066,1.27605,1.2762,5.00,22.40
2009.02.16 11:09:50.176,1.27605,1.2762,5.00,14.40
2009.02.16 11:09:52.536,1.27605,1.27615,5.00,8.00
2009.02.16 11:09:52.756,1.27605,1.27615,5.00,16.00
2009.02.16 11:09:57.444,1.2761,1.27615,2.40,16.00
2009.02.16 11:09:57.794,1.2761,1.27615,7.20,8.00
2009.02.16 11:09:58.034,1.2761,1.2762,7.40,16.20
2009.02.16 11:09:58.434,1.2762,1.2763,2.40,27.30
2009.02.16 11:09:58.894,1.2762,1.2763,3.20,19.40
2009.02.16 11:09:59.295,1.27615,1.27625,3.40,16.00
2009.02.16 11:09:59.684,1.27615,1.27625,5.00,16.00
2009.02.16 11:10:00.214,1.27615,1.2762,1.60,8.00
2009.02.16 11:10:00.654,1.2761,1.2762,5.00,16.00
2009.02.16 11:10:02.204,1.2761,1.2762,5.80,16.20
2009.02.16 11:10:02.483,1.2761,1.27615,1.60,16.00
2009.02.16 11:10:03.793,1.27605,1.27615,5.00,16.00
2009.02.16 11:10:04.133,1.2761,1.2762,7.20,25.60
2009.02.16 11:10:04.683,1.2761,1.2762,8.80,25.60
2009.02.16 11:10:06.063,1.2761,1.2762,8.20,25.60
2009.02.16 11:10:06.402,1.2761,1.2762,7.20,25.60
2009.02.16 11:10:09.182,1.2761,1.2762,8.80,25.60
2009.02.16 11:10:10.501,1.27615,1.2762,4.80,16.00
2009.02.16 11:10:10.881,1.27615,1.2762,5.40,16.00
2009.02.16 11:10:12.051,1.27615,1.2762,3.80,16.00
2009.02.16 11:10:12.391,1.27615,1.2762,1.60,16.20
2009.02.16 11:10:12.681,1.2761,1.2762,9.60,16.20
2009.02.16 11:10:14.650,1.2761,1.2762,9.40,19.40
2009.02.16 11:10:20.229,1.2761,1.2762,9.40,16.20
2009.02.16 11:10:20.399,1.2761,1.2762,9.60,16.20
2009.02.16 11:10:20.989,1.2762,1.27625,4.00,23.60
2009.02.16 11:10:21.339,1.2762,1.27625,5.60,16.00
2009.02.16 11:10:21.669,1.27615,1.2762,22.30,8.00
2009.02.16 11:10:22.018,1.2762,1.27635,6.40,37.40
2009.02.16 11:10:22.419,1.2761,1.2762,42.20,8.00
2009.02.16 11:10:22.578,1.27615,1.2762,5.00,16.00
2009.02.16 11:10:23.358,1.27615,1.2762,5.00,15.80
2009.02.16 11:10:24.368,1.27615,1.2762,4.80,15.80
2009.02.16 11:10:24.938,1.27615,1.2762,4.80,16.00
2009.02.16 11:10:25.838,1.2762,1.2763,5.60,24.90
2009.02.16 11:10:26.078,1.2762,1.2763,5.60,25.60
2009.02.16 11:10:26.308,1.2762,1.2763,7.20,25.60
2009.02.16 11:10:26.818,1.27615,1.2762,12.00,8.20
2009.02.16 11:10:27.117,1.2761,1.2762,8.80,16.20
2009.02.16 11:10:27.467,1.27615,1.2762,4.80,16.00
2009.02.16 11:10:28.017,1.27615,1.2762,5.40,16.00
2009.02.16 11:10:33.306,1.27615,1.2762,1.60,25.60
2009.02.16 11:10:33.546,1.2761,1.2762,9.40,25.60
2009.02.16 11:10:37.925,1.2761,1.2762,8.80,25.60
2009.02.16 11:10:47.902,1.2761,1.2762,8.80,22.40
2009.02.16 11:10:48.062,1.2761,1.2762,9.00,16.20
2009.02.16 11:10:48.242,1.27615,1.2762,1.80,8.20
2009.02.16 11:10:48.522,1.27615,1.2762,5.00,1.00
2009.02.16 11:10:48.862,1.27615,1.27625,5.00,16.00
2009.02.16 11:10:49.542,1.27615,1.27625,9.80,16.00
2009.02.16 11:10:51.161,1.27615,1.27625,5.00,16.00
2009.02.16 11:10:52.501,1.2762,1.27625,2.40,16.00
2009.02.16 11:10:52.781,1.2762,1.2763,8.80,19.40
2009.02.16 11:10:53.291,1.2762,1.2763,8.80,25.60
2009.02.16 11:10:58.820,1.2762,1.2763,8.80,9.60
2009.02.16 11:11:00.150,1.2762,1.2763,8.80,3.40
2009.02.16 11:11:01.829,1.2762,1.2763,8.80,3.20
2009.02.16 11:11:02.049,1.27625,1.2763,1.60,3.20
2009.02.16 11:11:02.219,1.27625,1.27635,4.80,25.20
2009.02.16 11:11:03.209,1.27625,1.2763,1.60,1.00
2009.02.16 11:11:03.558,1.2762,1.2763,9.00,1.00
2009.02.16 11:11:03.908,1.2762,1.2763,15.40,1.00
2009.02.16 11:11:04.968,1.27625,1.2764,3.20,42.40
2009.02.16 11:11:05.078,1.27625,1.27635,4.80,26.40
2009.02.16 11:11:05.378,1.27625,1.27635,4.80,16.00
2009.02.16 11:11:05.598,1.27625,1.27635,5.00,8.00
2009.02.16 11:11:05.768,1.27625,1.27645,5.00,46.20
2009.02.16 11:11:08.087,1.27625,1.2764,3.40,30.40
2009.02.16 11:11:08.138,1.27625,1.2764,4.20,30.40
2009.02.16 11:11:08.418,1.27625,1.2764,1.80,30.40
2009.02.16 11:11:09.907,1.2763,1.2764,2.40,30.40
2009.02.16 11:11:10.257,1.2763,1.2764,8.80,1.00
2009.02.16 11:11:13.776,1.2763,1.2764,6.40,3.40
2009.02.16 11:11:13.886,1.27625,1.2764,1.80,14.40
2009.02.16 11:11:13.996,1.27625,1.2764,1.80,22.40
2009.02.16 11:11:14.226,1.27625,1.2764,1.80,30.40
2009.02.16 11:11:14.396,1.27625,1.2764,9.80,30.40
2009.02.16 11:11:14.626,1.2763,1.27635,2.40,8.00
2009.02.16 11:11:15.026,1.2763,1.27635,8.80,16.00
2009.02.16 11:11:15.246,1.2763,1.2764,8.80,1.00
2009.02.16 11:11:15.575,1.2763,1.2764,10.40,1.00
2009.02.16 11:11:16.255,1.2763,1.2764,12.00,1.00
2009.02.16 11:11:16.895,1.2763,1.2764,13.60,1.00
2009.02.16 11:11:18.185,1.2763,1.2764,12.00,1.00
2009.02.16 11:11:18.655,1.2763,1.2764,10.40,1.00
2009.02.16 11:11:19.465,1.2763,1.2764,8.80,1.00
2009.02.16 11:11:20.144,1.2763,1.2764,16.80,1.00
2009.02.16 11:11:20.305,1.27635,1.2764,7.00,1.00
2009.02.16 11:11:20.485,1.2764,1.27645,7.20,4.80
2009.02.16 11:11:20.904,1.2764,1.2765,7.40,1.00
2009.02.16 11:11:21.184,1.2764,1.2765,9.00,1.00
2009.02.16 11:11:22.604,1.2764,1.2765,9.00,5.00
2009.02.16 11:11:22.954,1.2764,1.2765,1.00,24.20
2009.02.16 11:11:23.224,1.27635,1.2765,1.80,30.40
2009.02.16 11:11:23.854,1.2763,1.2765,38.20,30.40
2009.02.16 11:11:24.034,1.2763,1.2765,33.40,30.40
2009.02.16 11:11:36.321,1.2763,1.27635,16.00,1.00
2009.02.16 11:11:36.641,1.2762,1.2763,12.80,1.00
2009.02.16 11:11:36.871,1.2762,1.2763,10.40,1.00
2009.02.16 11:11:38.190,1.2763,1.27635,1.60,3.40
2009.02.16 11:11:38.540,1.27625,1.2764,8.60,16.00
2009.02.16 11:11:38.760,1.27625,1.2764,19.00,16.00
2009.02.16 11:11:39.850,1.2763,1.2764,1.60,16.00
2009.02.16 11:11:40.190,1.2763,1.27645,7.60,19.20
2009.02.16 11:11:40.369,1.2763,1.27645,22.00,19.20
2009.02.16 11:11:40.610,1.2763,1.27645,22.00,3.20
2009.02.16 11:11:41.349,1.2763,1.2765,22.00,30.40
2009.02.16 11:11:41.589,1.2764,1.2765,1.00,30.40
2009.02.16 11:11:41.889,1.27635,1.2765,4.40,25.60
2009.02.16 11:11:42.069,1.2764,1.2765,7.20,1.00
2009.02.16 11:11:43.409,1.2764,1.2765,4.80,1.00
2009.02.16 11:11:43.639,1.27635,1.27645,10.40,4.80
2009.02.16 11:11:43.929,1.27625,1.27645,33.40,18.80
2009.02.16 11:11:44.399,1.27625,1.27645,8.60,40.40
2009.02.16 11:11:44.749,1.27625,1.2764,8.60,8.00
2009.02.16 11:11:44.929,1.27625,1.2764,8.60,16.00
2009.02.16 11:11:46.908,1.27625,1.2764,6.80,16.20
2009.02.16 11:11:47.138,1.2762,1.2764,39.80,21.00
2009.02.16 11:11:47.988,1.2762,1.2764,39.80,5.00
2009.02.16 11:11:51.827,1.2763,1.2764,1.00,5.00
2009.02.16 11:11:52.057,1.2763,1.2764,2.40,1.80
2009.02.16 11:11:52.407,1.2763,1.2764,8.80,1.00
2009.02.16 11:11:57.595,1.2763,1.27645,8.80,4.80
2009.02.16 11:11:57.875,1.2763,1.2765,12.40,48.00
2009.02.16 11:11:57.995,1.2763,1.2765,22.20,30.40
2009.02.16 11:12:06.283,1.2763,1.2765,20.60,30.40
2009.02.16 11:12:07.273,1.2763,1.2765,20.60,32.00
2009.02.16 11:12:11.172,1.2764,1.2765,1.00,32.00
2009.02.16 11:12:11.292,1.2764,1.2765,2.40,17.80
2009.02.16 11:12:11.572,1.2764,1.2765,7.20,1.80
2009.02.16 11:12:13.702,1.2764,1.2765,7.20,1.00
2009.02.16 11:12:16.471,1.2764,1.2765,7.20,1.80
2009.02.16 11:12:17.760,1.2764,1.2765,14.20,1.60
2009.02.16 11:12:18.021,1.27645,1.2765,1.60,1.60
2009.02.16 11:12:18.440,1.27645,1.2766,23.60,19.20
2009.02.16 11:12:18.720,1.27645,1.27665,23.80,30.00
2009.02.16 11:12:20.660,1.27645,1.2766,23.80,8.00
2009.02.16 11:12:20.770,1.27645,1.2766,23.80,16.00
2009.02.16 11:12:22.909,1.27645,1.2766,22.20,16.00
2009.02.16 11:12:23.199,1.27645,1.2766,20.60,16.00
2009.02.16 11:12:24.089,1.2765,1.2766,3.60,16.00
2009.02.16 11:12:24.489,1.2765,1.2766,6.00,16.00
2009.02.16 11:12:24.849,1.2765,1.27665,10.80,25.20
2009.02.16 11:12:36.246,1.2765,1.27665,12.40,25.20
2009.02.16 11:12:36.536,1.2765,1.27665,15.60,25.20
2009.02.16 11:12:40.885,1.2765,1.27665,15.60,19.20
2009.02.16 11:12:41.775,1.2766,1.27665,2.40,16.00
2009.02.16 11:12:42.115,1.2766,1.27675,14.00,37.20
2009.02.16 11:12:42.625,1.2766,1.27675,15.60,21.60
2009.02.16 11:12:42.915,1.2766,1.27675,15.80,10.40
2009.02.16 11:12:43.724,1.2767,1.27675,1.00,10.40
2009.02.16 11:12:43.894,1.2767,1.2768,1.00,22.40
2009.02.16 11:12:44.244,1.2767,1.2768,1.00,14.40
2009.02.16 11:12:45.304,1.27665,1.2767,1.50,3.40
2009.02.16 11:12:45.594,1.2766,1.2767,29.80,3.40
2009.02.16 11:12:45.704,1.2766,1.2767,23.20,3.40
2009.02.16 11:12:45.944,1.2766,1.2767,23.20,4.20
2009.02.16 11:12:46.114,1.2766,1.2767,15.20,4.20
2009.02.16 11:12:46.174,1.2766,1.2767,7.20,4.20
2009.02.16 11:12:48.663,1.2766,1.2767,5.60,4.20
2009.02.16 11:12:48.833,1.2766,1.2767,5.60,1.80
2009.02.16 11:12:52.662,1.2766,1.2767,7.20,1.80
2009.02.16 11:13:04.359,1.2766,1.2767,7.20,1.60
2009.02.16 11:13:04.629,1.2766,1.2767,10.80,1.60
2009.02.16 11:13:04.799,1.2766,1.27675,15.60,9.20
2009.02.16 11:13:05.269,1.2766,1.27675,15.60,17.20
2009.02.16 11:13:05.499,1.2766,1.2767,12.00,1.00
2009.02.16 11:13:05.729,1.2766,1.2767,7.20,3.40
2009.02.16 11:13:06.529,1.2766,1.2767,7.20,5.00
2009.02.16 11:13:07.229,1.2765,1.27665,31.60,3.20
2009.02.16 11:13:07.579,1.2765,1.27665,15.60,19.20
2009.02.16 11:13:07.918,1.2766,1.2767,7.20,5.00
2009.02.16 11:13:17.556,1.2766,1.2767,2.40,5.00
2009.02.16 11:13:21.325,1.2766,1.27665,2.40,1.20
2009.02.16 11:13:57.686,1.2766,1.27665,2.40,2.80
2009.02.16 11:14:01.775,1.2766,1.2767,2.40,9.80
2009.02.16 11:14:02.655,1.2766,1.2767,2.40,10.60
2009.02.16 11:14:04.855,1.2766,1.2767,2.40,16.80
2009.02.16 11:14:04.965,1.2766,1.27665,2.40,1.60
2009.02.16 11:14:05.294,1.27655,1.27665,10.40,6.40
2009.02.16 11:14:05.465,1.2765,1.27665,10.80,6.40
2009.02.16 11:14:07.374,1.2765,1.27665,26.80,6.40
2009.02.16 11:14:07.814,1.2765,1.2766,23.20,1.80
2009.02.16 11:14:08.114,1.2765,1.2766,2.40,7.40
2009.02.16 11:14:12.823,1.2765,1.2766,2.40,6.60
2009.02.16 11:14:20.621,1.2765,1.2766,2.40,7.40
2009.02.16 11:14:20.851,1.2765,1.2766,6.00,3.20
2009.02.16 11:14:21.081,1.2765,1.27665,10.80,8.00
2009.02.16 11:14:25.160,1.2765,1.2766,10.80,1.60
2009.02.16 11:14:25.510,1.2765,1.2766,10.80,3.20
2009.02.16 11:14:25.740,1.2765,1.2766,10.80,3.40
2009.02.16 11:14:25.800,1.2765,1.2766,2.40,6.60
2009.02.16 11:14:28.989,1.2765,1.2766,2.40,5.00
2009.02.16 11:14:29.459,1.2765,1.27665,10.80,8.00
2009.02.16 11:14:30.788,1.2765,1.27665,10.80,24.00
2009.02.16 11:14:31.918,1.2765,1.2766,7.20,1.80
2009.02.16 11:14:32.078,1.2765,1.2766,7.20,3.40
2009.02.16 11:14:32.308,1.2765,1.2766,2.40,8.20
2009.02.16 11:14:33.799,1.2765,1.2766,2.40,9.80
2009.02.16 11:14:34.028,1.27645,1.2765,24.80,1.00
2009.02.16 11:14:34.437,1.2764,1.2765,2.40,5.00
2009.02.16 11:14:34.787,1.2764,1.2765,2.40,8.20
2009.02.16 11:14:35.137,1.2764,1.2765,6.00,3.20
2009.02.16 11:14:35.477,1.2764,1.27655,10.80,24.00
2009.02.16 11:14:36.637,1.2764,1.27655,10.80,22.40
2009.02.16 11:14:36.907,1.27645,1.2765,13.80,1.60
2009.02.16 11:14:37.087,1.2764,1.2765,18.40,6.60
2009.02.16 11:14:37.377,1.2764,1.2765,10.40,6.60
2009.02.16 11:14:37.727,1.2764,1.2765,2.40,6.60
2009.02.16 11:14:38.066,1.2764,1.2765,2.40,8.20
2009.02.16 11:14:47.294,1.2764,1.27645,2.40,1.60
2009.02.16 11:14:47.404,1.27635,1.27645,28.40,1.60
2009.02.16 11:14:47.684,1.2763,1.27645,27.00,3.20
2009.02.16 11:14:47.924,1.2763,1.2764,26.80,1.60
2009.02.16 11:14:48.224,1.2763,1.2764,23.20,1.60
2009.02.16 11:14:48.504,1.2763,1.2764,16.00,4.80
2009.02.16 11:14:48.844,1.27625,1.2764,20.40,4.80
2009.02.16 11:14:53.953,1.27625,1.2764,12.40,12.80
2009.02.16 11:14:54.303,1.27625,1.2764,20.40,4.80
2009.02.16 11:14:54.543,1.27625,1.2764,22.20,4.80
2009.02.16 11:14:54.603,1.2763,1.2764,6.20,1.60
2009.02.16 11:14:55.003,1.2763,1.27645,27.00,4.80
2009.02.16 11:15:02.891,1.2763,1.27635,23.40,1.60
2009.02.16 11:15:03.121,1.2763,1.27635,21.00,1.60
2009.02.16 11:15:03.231,1.2763,1.2764,16.00,4.80
2009.02.16 11:15:03.521,1.27625,1.2764,20.40,4.80
2009.02.16 11:15:04.040,1.2763,1.2764,6.00,3.20
2009.02.16 11:15:04.310,1.2763,1.27645,10.80,18.40
2009.02.16 11:15:04.470,1.27625,1.2764,20.40,4.80
2009.02.16 11:15:05.160,1.2763,1.2764,8.00,3.20
2009.02.16 11:15:05.380,1.2763,1.2764,14.00,1.60
2009.02.16 11:15:05.680,1.2763,1.27645,26.80,8.00
2009.02.16 11:15:06.210,1.2763,1.27645,26.80,4.80
2009.02.16 11:15:06.330,1.2763,1.27645,27.00,4.80
2009.02.16 11:15:10.889,1.2763,1.27645,22.20,4.80
2009.02.16 11:15:27.655,1.2764,1.2765,2.40,6.60
2009.02.16 11:15:32.933,1.2764,1.27645,2.40,1.60
2009.02.16 11:15:33.043,1.27635,1.27645,33.80,1.80
2009.02.16 11:15:33.273,1.27635,1.27645,21.00,5.00
2009.02.16 11:15:33.393,1.2764,1.27645,2.40,3.20
2009.02.16 11:15:33.623,1.2764,1.2765,2.40,6.60
2009.02.16 11:15:40.162,1.2764,1.2765,2.60,6.20
2009.02.16 11:15:42.991,1.2764,1.2765,4.20,5.00
2009.02.16 11:15:45.800,1.2764,1.2765,4.20,3.20
2009.02.16 11:15:46.030,1.2764,1.2765,4.00,1.80
2009.02.16 11:15:46.260,1.2764,1.2765,4.00,5.00
2009.02.16 11:16:00.387,1.2765,1.27655,2.40,4.80
2009.02.16 11:16:00.677,1.2765,1.2766,2.40,1.80
2009.02.16 11:16:01.366,1.2765,1.2766,4.00,1.80
2009.02.16 11:16:02.616,1.2765,1.2766,1.60,1.80
2009.02.16 11:16:02.796,1.2765,1.2766,1.60,8.20
2009.02.16 11:16:02.956,1.2765,1.2766,2.40,22.60
2009.02.16 11:16:03.126,1.2765,1.2766,2.40,16.20
2009.02.16 11:16:03.466,1.2765,1.2766,2.40,8.20
2009.02.16 11:16:03.686,1.2765,1.2766,2.40,2.20
2009.02.16 11:16:04.236,1.2765,1.2766,2.40,1.80
2009.02.16 11:16:04.466,1.2765,1.2766,4.00,1.80
2009.02.16 11:16:15.533,1.2765,1.27665,23.60,1.60
2009.02.16 11:16:15.813,1.2765,1.27665,23.80,1.60
2009.02.16 11:16:16.103,1.2765,1.2767,28.60,9.80
2009.02.16 11:16:20.852,1.2765,1.2767,27.00,11.40
2009.02.16 11:16:39.377,1.2765,1.2767,27.00,27.40
2009.02.16 11:16:42.436,1.2765,1.2766,2.40,1.80
2009.02.16 11:16:42.846,1.2765,1.2766,2.40,3.40
2009.02.16 11:16:43.197,1.2765,1.2766,10.60,3.20
2009.02.16 11:16:43.366,1.2765,1.2766,22.20,1.60
2009.02.16 11:16:43.646,1.2765,1.2767,22.20,30.60
2009.02.16 11:16:43.876,1.2765,1.2767,27.00,30.60
2009.02.16 11:16:45.516,1.2765,1.27665,27.00,1.60
2009.02.16 11:16:45.696,1.2765,1.2766,23.40,1.00
2009.02.16 11:16:45.816,1.2765,1.2766,23.20,1.80
2009.02.16 11:16:46.166,1.2765,1.2766,2.40,1.80
2009.02.16 11:16:50.605,1.27645,1.2766,20.80,9.80
2009.02.16 11:16:50.895,1.2764,1.2766,22.20,11.40
2009.02.16 11:16:51.514,1.2764,1.2766,27.00,11.40
2009.02.16 11:16:54.124,1.27645,1.2766,3.60,6.60
2009.02.16 11:16:54.354,1.2765,1.2766,2.40,5.00
2009.02.16 11:16:54.464,1.2765,1.2766,2.40,1.80
2009.02.16 11:16:56.073,1.27655,1.2766,3.60,1.80
2009.02.16 11:16:56.183,1.27655,1.2766,22.80,1.00
2009.02.16 11:16:56.463,1.27655,1.2766,15.20,4.20
2009.02.16 11:16:56.753,1.2765,1.27665,2.40,22.40
2009.02.16 11:16:57.153,1.2765,1.2767,6.20,36.80
2009.02.16 11:16:57.493,1.2765,1.2767,22.20,36.80
2009.02.16 11:16:57.843,1.2765,1.2767,22.20,33.60
2009.02.16 11:16:58.253,1.2766,1.2767,2.40,1.80
2009.02.16 11:17:00.162,1.2766,1.2767,2.40,1.60
2009.02.16 11:17:00.322,1.2766,1.2767,6.00,1.60
2009.02.16 11:17:00.612,1.2766,1.2768,6.20,36.80
2009.02.16 11:17:00.962,1.2766,1.2767,14.20,1.00
2009.02.16 11:17:01.422,1.2766,1.2767,18.40,1.80
2009.02.16 11:17:01.722,1.2766,1.2767,2.40,1.80
2009.02.16 11:17:11.499,1.2766,1.2767,6.20,1.60
2009.02.16 11:17:11.799,1.2766,1.27675,6.20,16.00
2009.02.16 11:17:12.329,1.2767,1.2768,2.40,21.00
2009.02.16 11:17:12.729,1.2767,1.2768,2.40,1.80
2009.02.16 11:17:13.939,1.27665,1.2768,34.20,1.80
2009.02.16 11:17:14.119,1.27665,1.2768,30.60,9.80
2009.02.16 11:17:14.459,1.27665,1.2768,30.60,11.40
2009.02.16 11:17:14.579,1.27665,1.2768,12.00,22.60
2009.02.16 11:17:14.899,1.2766,1.2767,10.60,1.80
2009.02.16 11:17:15.189,1.2766,1.2767,2.40,1.80
2009.02.16 11:17:18.068,1.27655,1.2766,25.20,1.00
2009.02.16 11:17:18.408,1.27655,1.2766,16.00,4.20
2009.02.16 11:17:18.758,1.2765,1.2766,10.40,4.20
2009.02.16 11:17:19.098,1.2765,1.2766,2.40,1.80
2009.02.16 11:17:20.467,1.2765,1.2766,10.40,1.00
2009.02.16 11:17:20.857,1.2765,1.2766,23.20,4.20
2009.02.16 11:17:21.137,1.2765,1.2766,7.20,4.20
2009.02.16 11:17:21.587,1.2765,1.2766,7.20,1.80
2009.02.16 11:17:23.666,1.2765,1.2766,2.40,1.80
2009.02.16 11:17:33.824,1.2765,1.27665,15.40,17.60
2009.02.16 11:17:34.184,1.2765,1.27665,27.00,12.80
2009.02.16 11:17:34.464,1.2765,1.2767,27.00,30.60
2009.02.16 11:17:34.694,1.2765,1.2767,11.00,30.60
2009.02.16 11:17:36.253,1.2765,1.2767,11.00,36.80
2009.02.16 11:17:36.824,1.2765,1.2767,6.20,36.80
2009.02.16 11:17:38.693,1.27645,1.27665,54.60,8.00
2009.02.16 11:17:38.913,1.27645,1.27665,40.20,9.60
2009.02.16 11:17:39.093,1.27645,1.27665,20.60,23.20
2009.02.16 11:17:39.373,1.27645,1.27665,25.40,23.20
2009.02.16 11:17:39.603,1.27645,1.2766,25.40,1.60
2009.02.16 11:17:39.893,1.27645,1.2766,21.60,8.20
2009.02.16 11:17:40.183,1.2765,1.2766,1.00,9.80
2009.02.16 11:17:40.532,1.2765,1.2766,1.00,17.80
2009.02.16 11:17:40.802,1.2764,1.2766,11.00,27.40
2009.02.16 11:17:41.972,1.2764,1.2766,27.00,11.40
2009.02.16 11:17:44.531,1.2764,1.2766,27.00,20.80
2009.02.16 11:17:44.881,1.2764,1.2766,27.00,36.80
2009.02.16 11:17:45.061,1.2764,1.2765,23.20,1.80
2009.02.16 11:17:45.341,1.2764,1.2765,10.40,1.80
2009.02.16 11:17:45.691,1.2764,1.27655,10.80,19.60
2009.02.16 11:17:45.971,1.2764,1.27655,14.00,9.20
2009.02.16 11:17:46.261,1.2764,1.27655,22.00,9.20
2009.02.16 11:17:48.730,1.2764,1.27655,30.00,9.20
2009.02.16 11:17:48.850,1.27645,1.27655,12.00,9.20
2009.02.16 11:17:49.120,1.27645,1.27655,22.40,9.20
2009.02.16 11:17:49.231,1.27645,1.27655,10.40,11.20
2009.02.16 11:17:49.530,1.27645,1.27655,2.40,11.20
2009.02.16 11:17:49.870,1.27645,1.27655,20.00,9.20
2009.02.16 11:17:50.151,1.27645,1.2765,10.40,1.80
2009.02.16 11:17:50.470,1.2764,1.27655,10.80,9.20
2009.02.16 11:17:50.810,1.2764,1.27655,14.00,17.20
2009.02.16 11:17:51.150,1.2764,1.27655,22.00,9.20
2009.02.16 11:17:51.490,1.27645,1.27655,10.40,17.20
2009.02.16 11:17:51.950,1.27645,1.2765,16.00,4.20
2009.02.16 11:17:52.400,1.27635,1.2764,20.40,1.00
2009.02.16 11:17:52.630,1.27625,1.2764,22.40,9.80
2009.02.16 11:17:52.860,1.2763,1.2764,2.40,1.80
2009.02.16 11:17:53.359,1.2763,1.27645,10.80,16.00
2009.02.16 11:17:53.650,1.2763,1.27645,6.20,16.00
2009.02.16 11:17:53.939,1.2763,1.2765,22.20,36.80
2009.02.16 11:17:54.179,1.2763,1.2765,27.00,36.80
2009.02.16 11:17:58.848,1.2763,1.27645,19.00,8.00
2009.02.16 11:17:59.028,1.2763,1.27645,11.00,16.00
2009.02.16 11:17:59.198,1.2763,1.27645,6.20,16.00
2009.02.16 11:18:00.558,1.2763,1.27645,6.00,16.00
2009.02.16 11:18:00.848,1.2763,1.27645,3.60,19.20
2009.02.16 11:18:01.257,1.2763,1.27645,2.40,22.40
2009.02.16 11:18:01.778,1.2763,1.27645,4.80,34.40
2009.02.16 11:18:02.177,1.27625,1.27645,14.20,34.40
2009.02.16 11:18:02.577,1.2763,1.27645,10.80,16.00
2009.02.16 11:18:02.877,1.2763,1.27645,6.00,16.00
2009.02.16 11:18:03.847,1.2763,1.27645,6.00,25.20
2009.02.16 11:18:04.077,1.27625,1.27645,42.20,30.00
2009.02.16 11:18:04.357,1.27625,1.27645,16.60,31.60
2009.02.16 11:18:04.737,1.27625,1.27645,10.80,42.00
2009.02.16 11:18:06.406,1.27625,1.27645,13.20,42.00
2009.02.16 11:18:06.696,1.27625,1.27645,21.20,42.00
2009.02.16 11:18:06.976,1.2763,1.27645,10.80,25.20
2009.02.16 11:18:07.366,1.2763,1.27645,6.00,25.20
2009.02.16 11:18:07.666,1.2763,1.2764,6.00,6.00
2009.02.16 11:18:08.236,1.27625,1.2763,23.40,4.20
2009.02.16 11:18:08.576,1.2762,1.2763,4.00,1.80
2009.02.16 11:18:08.916,1.2762,1.2764,17.40,33.60
2009.02.16 11:18:09.136,1.2762,1.2764,25.40,33.60
2009.02.16 11:18:09.425,1.2762,1.2764,31.80,32.00
2009.02.16 11:18:09.645,1.2762,1.2764,31.80,25.80
2009.02.16 11:18:10.565,1.27625,1.2764,5.20,20.80
2009.02.16 11:18:11.145,1.27625,1.2764,17.20,19.20
2009.02.16 11:18:11.426,1.27625,1.2764,18.80,19.20
2009.02.16 11:18:12.225,1.27625,1.2764,13.60,25.20
2009.02.16 11:18:12.665,1.2763,1.2764,10.80,16.00
2009.02.16 11:18:12.895,1.27625,1.2764,26.40,9.20
2009.02.16 11:18:13.465,1.2762,1.2764,1.00,25.20
2009.02.16 11:18:13.984,1.2762,1.2763,1.80,8.00
2009.02.16 11:18:14.374,1.2762,1.27635,1.80,31.20
2009.02.16 11:18:19.923,1.2762,1.27635,1.00,26.40
2009.02.16 11:18:20.583,1.2762,1.27635,1.00,16.00
2009.02.16 11:18:21.103,1.27635,1.2764,3.60,20.60
2009.02.16 11:18:21.443,1.2763,1.2764,22.40,14.40
2009.02.16 11:18:21.792,1.2762,1.27635,8.00,24.40
2009.02.16 11:18:22.092,1.27615,1.27635,24.60,24.40
2009.02.16 11:18:22.432,1.27615,1.27635,29.40,18.40
2009.02.16 11:18:22.782,1.27615,1.27635,29.40,26.40
2009.02.16 11:18:23.083,1.27615,1.27635,13.40,34.40
2009.02.16 11:18:23.432,1.27615,1.27635,29.40,18.40
2009.02.16 11:18:23.662,1.2762,1.27635,1.80,18.40
2009.02.16 11:18:23.892,1.2762,1.2764,15.80,32.00
2009.02.16 11:18:27.511,1.2762,1.27635,14.00,30.40
2009.02.16 11:18:27.921,1.2762,1.2763,2.40,1.80
2009.02.16 11:18:28.631,1.2762,1.2763,4.00,22.60
2009.02.16 11:18:28.921,1.2761,1.2763,15.80,22.60
2009.02.16 11:18:29.890,1.2761,1.2763,31.80,22.60
2009.02.16 11:18:30.391,1.2762,1.2763,2.40,1.80
2009.02.16 11:18:34.529,1.27615,1.2763,17.00,6.60
2009.02.16 11:18:34.859,1.2761,1.2762,8.80,4.20
2009.02.16 11:18:35.200,1.2761,1.27625,9.40,18.40
2009.02.16 11:18:35.439,1.2761,1.27625,15.80,26.40
2009.02.16 11:18:35.719,1.27615,1.2763,4.80,25.80
2009.02.16 11:18:36.619,1.27615,1.2763,4.80,27.40
2009.02.16 11:18:37.259,1.2762,1.2763,2.40,22.60
2009.02.16 11:18:37.559,1.2762,1.2763,2.40,5.00
2009.02.16 11:18:37.909,1.2762,1.2763,2.40,1.80
2009.02.16 11:18:39.778,1.2762,1.2763,7.80,1.60
2009.02.16 11:18:40.368,1.2762,1.27635,12.60,16.00
2009.02.16 11:18:40.748,1.2763,1.27645,6.00,30.60
2009.02.16 11:18:41.078,1.2763,1.27645,6.00,25.80
2009.02.16 11:18:42.587,1.2763,1.27645,6.00,41.00
2009.02.16 11:18:43.098,1.2763,1.2764,2.40,6.20
2009.02.16 11:18:43.207,1.2763,1.2764,2.40,1.80
2009.02.16 11:18:57.634,1.2763,1.2764,2.40,5.40
2009.02.16 11:18:58.704,1.2763,1.2764,2.40,7.00
2009.02.16 11:18:59.573,1.2763,1.2764,2.40,1.20
2009.02.16 11:19:00.013,1.2763,1.27645,10.80,25.20
2009.02.16 11:19:00.743,1.2763,1.27645,10.80,17.20
2009.02.16 11:19:01.143,1.2763,1.27645,10.80,9.20
2009.02.16 11:19:01.543,1.2763,1.2765,6.00,35.20
2009.02.16 11:19:03.382,1.2763,1.2765,6.00,36.80
2009.02.16 11:19:03.622,1.2763,1.2765,6.00,43.20
2009.02.16 11:19:03.742,1.2763,1.2764,6.00,4.00
2009.02.16 11:19:03.962,1.2763,1.2764,6.00,4.20
2009.02.16 11:19:04.144,1.2763,1.2764,2.40,5.80
2009.02.16 11:19:04.952,1.2763,1.2764,2.40,1.80
2009.02.16 11:19:11.711,1.27625,1.2764,26.40,6.60
2009.02.16 11:19:11.940,1.2762,1.2764,31.80,22.60
2009.02.16 11:19:12.370,1.2762,1.2764,27.00,22.60
2009.02.16 11:19:15.140,1.2762,1.2764,19.00,22.60
2009.02.16 11:19:15.369,1.2762,1.2764,11.00,22.60
2009.02.16 11:19:15.649,1.2762,1.2764,7.80,24.20
2009.02.16 11:19:16.339,1.2762,1.2763,2.40,4.20
2009.02.16 11:19:16.629,1.2762,1.2763,2.40,5.80
2009.02.16 11:19:17.029,1.27615,1.2763,21.40,2.60
2009.02.16 11:19:17.299,1.27615,1.2763,21.40,4.20
2009.02.16 11:19:18.399,1.27615,1.2763,21.40,20.20
2009.02.16 11:19:19.719,1.27615,1.2763,23.00,20.20
2009.02.16 11:19:19.898,1.27615,1.2763,19.00,20.20
2009.02.16 11:19:20.248,1.27615,1.2763,20.60,20.20
2009.02.16 11:19:22.568,1.2762,1.2763,2.40,20.20
2009.02.16 11:19:22.917,1.2762,1.2763,2.40,19.40
2009.02.16 11:19:23.078,1.2762,1.2763,2.40,17.80
2009.02.16 11:19:30.336,1.2762,1.2763,2.40,17.60
2009.02.16 11:19:30.566,1.2762,1.2763,7.80,17.60
2009.02.16 11:19:30.776,1.2763,1.27635,1.60,16.00
2009.02.16 11:19:31.346,1.2763,1.27635,1.60,8.00
2009.02.16 11:19:31.506,1.2763,1.2764,1.60,27.40
2009.02.16 11:19:33.005,1.2763,1.2764,1.60,11.40
2009.02.16 11:19:35.225,1.27615,1.2764,59.80,13.00
2009.02.16 11:19:35.345,1.2762,1.2764,27.00,14.60
2009.02.16 11:19:36.314,1.2762,1.2764,26.80,20.80
2009.02.16 11:19:36.484,1.2762,1.2763,15.20,1.80
2009.02.16 11:19:36.824,1.2762,1.2763,2.40,1.80
2009.02.16 11:19:47.642,1.2762,1.2763,7.20,1.80
2009.02.16 11:20:03.908,1.2762,1.2763,4.80,1.80
2009.02.16 11:20:04.258,1.2762,1.2763,4.80,4.20
2009.02.16 11:20:04.838,1.27615,1.2763,31.00,4.20
2009.02.16 11:20:06.237,1.2762,1.2763,2.40,4.20
2009.02.16 11:20:06.467,1.2762,1.2763,2.40,1.80
2009.02.16 11:20:10.256,1.27615,1.2763,31.00,4.20
2009.02.16 11:20:11.536,1.2762,1.2763,2.40,3.40
2009.02.16 11:20:11.776,1.2762,1.2763,2.40,1.80
2009.02.16 11:20:12.806,1.2762,1.2763,7.20,1.80
2009.02.16 11:20:19.244,1.2762,1.2763,2.40,1.80
2009.02.16 11:20:23.313,1.2762,1.2763,18.40,1.80
2009.02.16 11:20:29.621,1.2762,1.2763,10.40,9.80
2009.02.16 11:20:29.861,1.2762,1.2763,2.40,17.80
2009.02.16 11:20:34.760,1.2762,1.27625,2.40,8.00
2009.02.16 11:20:34.930,1.2762,1.27625,2.40,16.00
2009.02.16 11:20:41.029,1.2762,1.27625,10.40,8.00
2009.02.16 11:20:41.299,1.2762,1.2763,18.40,17.80
2009.02.16 11:20:43.068,1.27625,1.2763,10.40,8.00
2009.02.16 11:20:43.288,1.27625,1.2763,16.00,2.40
2009.02.16 11:20:43.738,1.27625,1.2763,8.00,9.80
2009.02.16 11:20:44.079,1.2762,1.2763,23.20,17.80
2009.02.16 11:20:44.468,1.2762,1.2763,18.40,17.80
2009.02.16 11:20:45.558,1.27625,1.2763,10.40,9.60
2009.02.16 11:20:45.797,1.27625,1.2763,18.40,1.60
2009.02.16 11:20:46.207,1.27625,1.2763,8.00,9.80
2009.02.16 11:20:46.427,1.2762,1.2763,18.40,17.80
2009.02.16 11:20:47.627,1.2762,1.2763,18.60,17.80
2009.02.16 11:20:48.087,1.27625,1.2763,18.40,1.60
2009.02.16 11:20:48.597,1.2762,1.2763,18.40,17.80
2009.02.16 11:20:50.566,1.27625,1.2763,2.40,16.00
2009.02.16 11:20:50.846,1.27625,1.2763,10.40,8.00
2009.02.16 11:20:51.366,1.27625,1.2763,8.00,9.80
2009.02.16 11:20:51.606,1.2762,1.2763,23.20,17.80
2009.02.16 11:20:51.956,1.2763,1.27635,1.60,12.00
2009.02.16 11:20:52.186,1.2763,1.27635,1.60,16.00
2009.02.16 11:20:53.836,1.2763,1.2764,4.00,17.80
2009.02.16 11:20:56.215,1.2763,1.2764,2.40,17.80
2009.02.16 11:21:02.284,1.27625,1.2764,30.40,24.20
2009.02.16 11:21:02.743,1.27625,1.2764,16.00,24.20
2009.02.16 11:21:03.084,1.2762,1.27635,28.60,16.00
2009.02.16 11:21:20.969,1.2762,1.27635,23.80,16.00
2009.02.16 11:21:25.758,1.2762,1.27635,22.20,16.00
2009.02.16 11:21:32.546,1.2762,1.2763,18.60,8.20
2009.02.16 11:21:32.826,1.2762,1.2763,18.60,16.20
2009.02.16 11:21:38.925,1.2762,1.2763,16.20,16.20
2009.02.16 11:21:39.774,1.2762,1.2763,16.20,18.60
2009.02.16 11:21:42.414,1.2762,1.2763,16.20,17.80
2009.02.16 11:21:42.594,1.2762,1.2763,16.20,16.20
2009.02.16 11:21:44.593,1.2762,1.2763,16.20,17.80
2009.02.16 11:21:52.251,1.2762,1.2763,16.00,22.60
2009.02.16 11:21:52.531,1.27615,1.2763,16.20,24.20
2009.02.16 11:21:52.821,1.27615,1.27625,16.20,8.00
2009.02.16 11:21:53.161,1.27615,1.27625,16.20,16.00
2009.02.16 11:21:56.381,1.27615,1.27625,22.20,16.00
2009.02.16 11:21:56.661,1.27615,1.2763,26.60,24.20
2009.02.16 11:21:56.950,1.27615,1.27625,26.60,8.00
2009.02.16 11:21:57.110,1.27615,1.27625,16.20,16.00
2009.02.16 11:22:01.529,1.27615,1.2763,23.80,17.80
2009.02.16 11:22:01.929,1.2762,1.2763,16.00,17.80
2009.02.16 11:22:03.429,1.2762,1.2763,16.20,17.80
2009.02.16 11:22:08.927,1.2762,1.2763,16.00,17.80
2009.02.16 11:22:12.007,1.27615,1.2763,27.00,17.80
2009.02.16 11:22:12.187,1.27615,1.2763,22.20,17.80
2009.02.16 11:22:14.816,1.27615,1.2763,23.80,17.80
2009.02.16 11:22:19.255,1.27615,1.2763,34.20,17.80
2009.02.16 11:22:22.344,1.27615,1.2763,32.60,17.80
2009.02.16 11:22:44.269,1.27615,1.2763,32.60,16.20
2009.02.16 11:22:44.449,1.27615,1.2763,32.60,17.80
2009.02.16 11:22:51.977,1.27615,1.2763,37.40,17.80
2009.02.16 11:22:52.267,1.27615,1.2763,37.40,20.20
2009.02.16 11:23:00.755,1.27615,1.2763,37.40,21.80
2009.02.16 11:23:01.845,1.2762,1.2763,2.40,21.80
2009.02.16 11:23:03.174,1.2762,1.2763,2.40,20.20
2009.02.16 11:23:12.282,1.2762,1.2763,2.40,12.20
2009.02.16 11:23:15.302,1.2762,1.2763,2.40,10.60
2009.02.16 11:23:16.751,1.27615,1.2763,26.80,10.60
2009.02.16 11:23:17.031,1.27615,1.2763,18.40,18.60
2009.02.16 11:23:17.141,1.27615,1.2763,16.00,28.20
2009.02.16 11:23:17.431,1.27615,1.27625,16.00,16.00
2009.02.16 11:23:33.387,1.27615,1.27625,16.00,20.80
2009.02.16 11:23:33.607,1.27615,1.2762,16.00,1.00
2009.02.16 11:23:33.767,1.27615,1.2762,8.00,1.80
2009.02.16 11:23:33.987,1.2761,1.2762,18.40,1.80
2009.02.16 11:23:43.679,1.2762,1.27625,2.40,9.60
2009.02.16 11:23:44.284,1.2762,1.2763,4.00,16.20
2009.02.16 11:23:44.634,1.2762,1.2763,18.40,16.20
2009.02.16 11:23:46.114,1.2762,1.2763,18.40,17.80
2009.02.16 11:23:46.854,1.2762,1.2763,18.40,1.80
2009.02.16 11:23:47.414,1.2762,1.2763,18.40,17.80
2009.02.16 11:23:47.684,1.2762,1.2763,2.40,17.80
2009.02.16 11:23:49.573,1.27615,1.2763,26.40,30.40
2009.02.16 11:23:49.863,1.27615,1.2763,16.00,39.20
2009.02.16 11:23:50.323,1.27615,1.27625,16.00,8.00
2009.02.16 11:23:50.543,1.27615,1.27625,16.00,16.00
2009.02.16 11:23:56.772,1.2762,1.27625,2.40,16.00
2009.02.16 11:23:56.951,1.2762,1.27625,2.40,8.00
2009.02.16 11:23:57.121,1.2762,1.2763,2.40,18.80
2009.02.16 11:24:03.440,1.2762,1.2763,4.00,18.80
2009.02.16 11:24:03.660,1.2762,1.2763,4.00,16.40
2009.02.16 11:24:04.580,1.2762,1.2763,2.40,16.40
2009.02.16 11:24:05.269,1.2762,1.2763,4.00,16.40
2009.02.16 11:24:05.899,1.2763,1.27635,2.40,12.80
2009.02.16 11:24:06.229,1.2763,1.2764,10.40,8.20
2009.02.16 11:24:06.519,1.2763,1.27645,22.20,16.00
2009.02.16 11:24:06.739,1.27635,1.27645,16.00,16.00
2009.02.16 11:24:07.119,1.27635,1.2765,16.00,29.00
2009.02.16 11:24:07.579,1.27635,1.27645,8.00,12.00
2009.02.16 11:24:08.039,1.2764,1.27645,2.40,9.60
2009.02.16 11:24:08.568,1.2764,1.2765,16.00,29.00
2009.02.16 11:24:08.918,1.27635,1.2765,16.00,29.00
2009.02.16 11:24:09.198,1.27635,1.27645,16.00,16.00
2009.02.16 11:24:18.926,1.27635,1.27645,16.20,16.00
2009.02.16 11:24:19.098,1.27635,1.27645,19.80,16.00
2009.02.16 11:24:19.436,1.27635,1.2764,14.80,4.20
2009.02.16 11:24:19.606,1.27635,1.2764,16.00,4.20
2009.02.16 11:24:19.886,1.27635,1.2764,8.00,8.20
2009.02.16 11:24:20.066,1.2763,1.2764,20.00,4.20
2009.02.16 11:24:20.826,1.2763,1.2764,17.60,4.20
2009.02.16 11:24:21.065,1.2763,1.27635,17.60,1.00
2009.02.16 11:24:21.365,1.2763,1.2764,20.00,2.60
2009.02.16 11:24:21.635,1.2763,1.2764,20.00,4.20
2009.02.16 11:24:25.644,1.2763,1.2764,20.00,16.20
2009.02.16 11:24:33.343,1.2764,1.27645,2.40,25.00
2009.02.16 11:24:33.742,1.27635,1.2764,26.40,4.20
2009.02.16 11:24:34.102,1.2763,1.2764,23.80,16.00
2009.02.16 11:24:36.142,1.27635,1.2764,3.60,16.00
2009.02.16 11:24:36.662,1.2764,1.2765,4.00,17.90
2009.02.16 11:24:37.002,1.27635,1.2764,1.00,16.00
2009.02.16 11:24:37.342,1.2763,1.2764,7.80,15.80
2009.02.16 11:24:37.502,1.2763,1.2764,15.80,15.80
2009.02.16 11:24:37.672,1.2763,1.2764,23.80,15.80
2009.02.16 11:24:46.029,1.2763,1.2764,23.80,16.00
2009.02.16 11:24:54.137,1.2763,1.2764,23.60,16.00
2009.02.16 11:25:24.820,1.2763,1.2764,25.20,16.00
2009.02.16 11:25:24.990,1.27635,1.2764,3.60,16.00
2009.02.16 11:25:25.230,1.2764,1.2765,2.40,19.40
2009.02.16 11:25:25.460,1.2764,1.27645,2.40,16.00
2009.02.16 11:25:26.560,1.2764,1.27645,2.40,15.80
2009.02.16 11:25:27.470,1.2764,1.27645,4.00,15.80
2009.02.16 11:25:30.449,1.2764,1.27645,1.60,15.80
2009.02.16 11:25:30.719,1.27635,1.2764,8.00,8.00
2009.02.16 11:25:30.829,1.2763,1.2764,15.80,16.00
2009.02.16 11:25:31.049,1.2763,1.2764,23.80,16.00
2009.02.16 11:26:29.474,1.2763,1.2764,20.00,16.20
2009.02.16 11:26:30.374,1.2763,1.2764,18.40,16.20
2009.02.16 11:26:30.774,1.2763,1.2764,22.00,16.00
2009.02.16 11:26:30.994,1.2763,1.2764,15.60,8.00
2009.02.16 11:26:47.130,1.2763,1.2764,15.60,8.20
2009.02.16 11:26:47.190,1.2763,1.2764,12.00,8.20
2009.02.16 11:26:47.540,1.2763,1.2764,12.00,11.40
2009.02.16 11:26:48.040,1.2763,1.2764,12.00,12.00
2009.02.16 11:26:49.070,1.2763,1.2764,12.00,11.40
2009.02.16 11:26:49.710,1.2763,1.2764,15.60,8.00
2009.02.16 11:26:49.880,1.2763,1.2764,12.00,11.40
2009.02.16 11:26:50.689,1.2764,1.27645,2.40,17.00
2009.02.16 11:26:50.929,1.2764,1.27645,4.00,8.00
2009.02.16 11:26:51.159,1.2764,1.27645,4.00,16.00
2009.02.16 11:26:51.329,1.27635,1.2764,15.00,8.00
2009.02.16 11:26:51.499,1.27635,1.2764,11.00,16.00
2009.02.16 11:26:51.779,1.27635,1.2764,10.20,16.00
2009.02.16 11:26:52.939,1.27635,1.2764,9.40,16.00
2009.02.16 11:26:54.888,1.27635,1.2764,14.00,16.00
2009.02.16 11:26:55.118,1.27635,1.2764,10.40,16.00
2009.02.16 11:26:55.298,1.2763,1.2764,6.00,16.00
2009.02.16 11:26:55.478,1.2764,1.27645,2.40,18.40
2009.02.16 11:26:55.638,1.27635,1.2764,8.20,8.00
2009.02.16 11:26:55.868,1.27635,1.27645,26.40,3.20
2009.02.16 11:26:56.098,1.27635,1.2764,8.00,8.00
2009.02.16 11:26:56.398,1.27635,1.2764,18.40,8.00
2009.02.16 11:26:56.688,1.2763,1.2764,14.20,16.00
2009.02.16 11:26:57.168,1.2763,1.2764,22.20,16.00
2009.02.16 11:26:57.538,1.2763,1.2764,6.20,16.00
2009.02.16 11:26:58.068,1.2763,1.2764,14.20,16.00
2009.02.16 11:26:58.307,1.27635,1.2764,8.00,8.00
2009.02.16 11:26:58.638,1.2764,1.2765,2.40,32.00
2009.02.16 11:26:58.927,1.27635,1.2764,14.20,8.00
2009.02.16 11:26:59.167,1.2764,1.27645,2.40,16.00
2009.02.16 11:27:00.640,1.27635,1.2764,14.20,8.00
2009.02.16 11:27:00.867,1.27635,1.2764,10.20,16.00
2009.02.16 11:27:00.917,1.2764,1.27645,2.40,16.00
2009.02.16 11:27:01.836,1.27635,1.2764,14.20,8.00
2009.02.16 11:27:02.187,1.27635,1.2764,10.20,16.00
2009.02.16 11:27:04.456,1.27635,1.2764,10.20,8.00
2009.02.16 11:27:04.636,1.2764,1.27645,2.40,16.00
2009.02.16 11:27:06.795,1.2764,1.27645,2.40,8.00
2009.02.16 11:27:07.015,1.2764,1.2765,2.40,16.20
2009.02.16 11:27:14.344,1.2764,1.2765,6.00,16.20
2009.02.16 11:27:14.574,1.2764,1.2765,6.20,16.00
2009.02.16 11:27:14.924,1.2765,1.2766,2.40,28.00
2009.02.16 11:27:15.393,1.2765,1.2766,2.40,19.40
2009.02.16 11:27:16.433,1.27645,1.2766,28.00,25.80
2009.02.16 11:27:16.603,1.2764,1.2765,6.20,16.00
2009.02.16 11:27:17.283,1.2764,1.2765,2.40,16.20
2009.02.16 11:27:17.753,1.2764,1.2765,6.00,16.20
2009.02.16 11:27:17.983,1.2764,1.2765,6.00,16.00
2009.02.16 11:27:25.301,1.2764,1.2765,7.60,16.00
2009.02.16 11:27:58.443,1.2764,1.2765,4.00,16.80
2009.02.16 11:28:26.266,1.2764,1.2765,2.40,16.20
2009.02.16 11:28:29.165,1.2764,1.2765,4.00,16.20
2009.02.16 11:28:33.744,1.2764,1.2765,1.60,19.40
2009.02.16 11:28:34.005,1.27635,1.27645,21.00,8.00
2009.02.16 11:28:34.394,1.27635,1.27645,8.20,16.00
2009.02.16 11:28:34.834,1.27635,1.27645,16.20,16.00
2009.02.16 11:29:06.996,1.27635,1.27645,19.80,16.00
2009.02.16 11:29:07.117,1.2764,1.27645,2.40,8.00
2009.02.16 11:29:07.286,1.2764,1.2765,2.40,19.40
2009.02.16 11:29:07.426,1.27635,1.2765,16.20,27.40
2009.02.16 11:29:07.656,1.27635,1.27645,16.20,8.00
2009.02.16 11:29:07.826,1.27635,1.27645,16.20,16.00
2009.02.16 11:29:10.685,1.2763,1.27635,18.00,1.60
2009.02.16 11:29:10.796,1.27625,1.2763,34.80,1.80
2009.02.16 11:29:11.145,1.27625,1.2763,12.80,1.80
2009.02.16 11:29:11.315,1.2762,1.2763,2.40,16.80
2009.02.16 11:29:11.426,1.2762,1.2763,2.40,16.20
2009.02.16 11:29:11.755,1.2762,1.2763,2.40,19.40
2009.02.16 11:29:12.105,1.2762,1.27625,2.40,16.00
2009.02.16 11:29:15.104,1.2762,1.27625,2.40,8.00
2009.02.16 11:29:15.224,1.2762,1.2763,2.40,17.80
2009.02.16 11:29:15.634,1.2762,1.2763,6.20,17.60
2009.02.16 11:29:15.744,1.2762,1.2763,6.20,16.00
2009.02.16 11:29:15.984,1.27615,1.2762,30.60,1.00
2009.02.16 11:29:16.094,1.27615,1.2762,27.00,1.00
2009.02.16 11:29:16.154,1.27615,1.2762,31.00,1.00
2009.02.16 11:29:17.414,1.27615,1.2762,24.20,1.00
2009.02.16 11:29:17.764,1.2761,1.2762,19.90,8.20
2009.02.16 11:29:17.994,1.2761,1.2762,25.40,16.00
2009.02.16 11:29:18.383,1.27615,1.27625,11.80,8.20
2009.02.16 11:29:18.665,1.27615,1.27625,3.80,8.20
2009.02.16 11:29:19.353,1.2762,1.27625,2.40,8.20
2009.02.16 11:29:19.703,1.2762,1.2763,2.40,9.30
2009.02.16 11:29:19.883,1.27615,1.2762,13.50,1.00
2009.02.16 11:29:20.173,1.2762,1.2763,6.00,4.20
2009.02.16 11:29:20.823,1.2762,1.2763,6.00,16.00
2009.02.16 11:29:22.252,1.2762,1.2763,6.20,16.00
2009.02.16 11:29:24.422,1.2762,1.2763,5.80,16.00
2009.02.16 11:29:25.092,1.2762,1.2763,13.80,8.00
2009.02.16 11:29:25.322,1.2762,1.27635,21.80,16.00
2009.02.16 11:29:25.472,1.2762,1.27635,22.00,16.00
2009.02.16 11:29:29.921,1.2762,1.2763,10.40,8.20
2009.02.16 11:29:30.211,1.2762,1.2763,2.40,16.20
2009.02.16 11:29:59.233,1.2762,1.2763,2.40,17.60
2009.02.16 11:29:59.413,1.27615,1.2763,27.60,19.20
2009.02.16 11:30:00.353,1.2762,1.2763,2.40,16.20
2009.02.16 11:30:06.382,1.2762,1.2763,7.60,16.00
2009.02.16 11:30:06.502,1.2762,1.2763,9.20,16.00
2009.02.16 11:30:06.852,1.2762,1.27635,26.80,16.00
2009.02.16 11:30:09.791,1.2762,1.2763,18.80,8.00
2009.02.16 11:30:09.991,1.2762,1.2763,10.80,16.00
2009.02.16 11:30:11.750,1.2762,1.2763,18.80,8.00
2009.02.16 11:30:11.931,1.2762,1.27635,26.80,16.00
2009.02.16 11:30:15.100,1.27625,1.27635,8.00,8.00
2009.02.16 11:30:15.380,1.27625,1.2764,16.00,21.00
2009.02.16 11:30:16.429,1.27625,1.2764,16.00,22.60
2009.02.16 11:30:22.448,1.2762,1.27635,25.20,16.00
2009.02.16 11:30:29.366,1.2762,1.27635,21.80,20.80
2009.02.16 11:30:29.486,1.2762,1.2763,20.00,1.80
2009.02.16 11:30:29.546,1.2762,1.2763,2.40,17.80
2009.02.16 11:30:36.514,1.27615,1.2763,22.80,20.80
2009.02.16 11:30:37.034,1.2762,1.2763,2.40,17.80
2009.02.16 11:30:37.315,1.2762,1.2763,2.40,17.60
2009.02.16 11:30:37.615,1.27625,1.2763,1.00,8.00
2009.02.16 11:30:37.954,1.27625,1.27635,14.00,16.00
2009.02.16 11:30:39.554,1.27625,1.27635,10.60,16.00
2009.02.16 11:30:39.824,1.2762,1.27635,22.00,16.00
2009.02.16 11:30:40.154,1.27625,1.27635,4.20,16.00
2009.02.16 11:30:40.504,1.27625,1.2764,16.00,25.80
2009.02.16 11:30:40.894,1.2762,1.27635,22.00,16.00
2009.02.16 11:30:49.611,1.2762,1.27635,23.60,16.00
2009.02.16 11:30:50.071,1.2762,1.27635,25.20,16.00
2009.02.16 11:30:50.181,1.2762,1.27635,26.80,16.00
2009.02.16 11:30:51.081,1.2762,1.27635,25.20,16.00
2009.02.16 11:30:52.671,1.2762,1.27635,21.80,20.80
2009.02.16 11:30:52.851,1.2762,1.2763,18.40,8.20
2009.02.16 11:30:53.080,1.2762,1.2763,18.40,16.20
2009.02.16 11:30:53.311,1.2762,1.2763,18.40,17.80
2009.02.16 11:30:59.469,1.2762,1.2763,18.40,19.40
2009.02.16 11:31:00.939,1.2762,1.2763,10.40,19.40
2009.02.16 11:31:01.228,1.2762,1.2763,2.40,19.40
2009.02.16 11:31:02.098,1.2762,1.2763,2.40,17.80
2009.02.16 11:31:05.128,1.2762,1.2763,10.40,17.80
2009.02.16 11:31:05.248,1.2762,1.2763,21.80,17.60
2009.02.16 11:31:05.537,1.2762,1.2763,26.80,8.00
2009.02.16 11:31:05.598,1.2762,1.27635,26.80,17.60
2009.02.16 11:31:14.955,1.2762,1.27635,26.80,16.00
2009.02.16 11:31:17.795,1.27625,1.27635,8.00,8.00
2009.02.16 11:31:18.084,1.27625,1.2764,16.00,22.60
2009.02.16 11:31:19.784,1.27625,1.2764,16.00,21.00
2009.02.16 11:31:27.613,1.2762,1.27635,39.60,16.00
2009.02.16 11:31:38.359,1.27625,1.27635,16.00,16.00
2009.02.16 11:31:55.765,1.27625,1.27635,16.00,8.00
2009.02.16 11:31:55.885,1.27625,1.2764,16.00,21.00
2009.02.16 11:32:00.144,1.27625,1.2763,16.00,1.00
2009.02.16 11:32:00.494,1.27625,1.2763,8.00,4.20
2009.02.16 11:32:00.615,1.2762,1.2763,20.00,4.20
2009.02.16 11:32:01.904,1.2762,1.2763,28.00,4.20
2009.02.16 11:32:02.134,1.27625,1.27635,8.00,31.20
2009.02.16 11:32:02.424,1.27625,1.27635,16.00,26.40
2009.02.16 11:32:02.534,1.27625,1.27635,16.00,16.00
2009.02.16 11:32:02.824,1.27625,1.2764,16.00,21.00
2009.02.16 11:32:04.433,1.27625,1.27635,16.00,8.00
2009.02.16 11:32:04.553,1.27625,1.27635,16.00,16.00
2009.02.16 11:32:05.243,1.27625,1.2763,16.00,1.00
2009.02.16 11:32:05.523,1.27625,1.2763,8.00,4.20
2009.02.16 11:32:05.703,1.2762,1.2763,20.00,4.20
2009.02.16 11:32:06.803,1.2762,1.2763,21.60,4.20
2009.02.16 11:32:07.083,1.27625,1.2763,8.00,1.00
2009.02.16 11:32:07.463,1.27625,1.2763,8.00,8.20
2009.02.16 11:32:07.802,1.2762,1.2763,26.60,19.00
2009.02.16 11:32:07.923,1.2762,1.27635,26.80,16.00
2009.02.16 11:32:08.092,1.27625,1.27635,8.00,16.00
2009.02.16 11:32:08.212,1.27625,1.27635,16.00,16.00
2009.02.16 11:32:23.149,1.27625,1.27635,17.60,16.00
2009.02.16 11:32:23.379,1.27625,1.27635,19.20,16.00
2009.02.16 11:32:23.969,1.2763,1.2764,20.00,16.20
2009.02.16 11:32:24.938,1.2763,1.2764,28.00,16.20
2009.02.16 11:32:25.228,1.2763,1.2764,37.60,16.20
2009.02.16 11:32:26.578,1.2763,1.2764,37.80,16.20
2009.02.16 11:32:26.688,1.27635,1.2764,8.00,16.20
2009.02.16 11:32:27.038,1.27635,1.2764,16.00,8.00
2009.02.16 11:32:27.268,1.27635,1.27645,16.00,16.00
2009.02.16 11:32:27.318,1.27635,1.27645,32.00,16.00
2009.02.16 11:32:27.588,1.27635,1.27645,24.00,16.00
2009.02.16 11:32:27.868,1.27635,1.27645,16.00,16.00
2009.02.16 11:32:31.237,1.2763,1.27645,28.40,16.00
2009.02.16 11:32:31.857,1.2763,1.27645,27.60,16.00
2009.02.16 11:32:32.086,1.2763,1.27645,23.60,16.00
2009.02.16 11:32:35.316,1.2763,1.27645,31.60,16.00
2009.02.16 11:32:35.666,1.2764,1.2765,2.40,17.80
2009.02.16 11:32:35.836,1.27635,1.2765,28.00,25.80
2009.02.16 11:32:36.136,1.27635,1.2765,26.40,25.80
2009.02.16 11:32:36.376,1.27635,1.27645,16.00,8.00
2009.02.16 11:32:36.606,1.27635,1.27645,16.00,16.00
2009.02.16 11:32:37.166,1.2763,1.2764,23.60,16.00
2009.02.16 11:32:39.965,1.2763,1.2764,23.60,8.00
2009.02.16 11:32:40.295,1.27635,1.27645,8.00,16.00
2009.02.16 11:32:40.405,1.27635,1.27645,16.00,16.00
2009.02.16 11:32:46.103,1.2764,1.27645,2.40,16.00
2009.02.16 11:32:46.493,1.2764,1.27645,12.00,8.00
2009.02.16 11:32:46.613,1.2764,1.27645,9.60,8.00
2009.02.16 11:32:47.003,1.2764,1.2765,16.00,35.20
2009.02.16 11:32:47.123,1.27635,1.27645,16.00,16.00
2009.02.16 11:32:53.062,1.2764,1.27645,8.00,8.00
2009.02.16 11:32:53.402,1.2764,1.2765,20.00,16.20
2009.02.16 11:32:53.631,1.2764,1.27645,4.00,16.00
2009.02.16 11:32:54.791,1.2764,1.2765,4.00,16.20
2009.02.16 11:32:55.371,1.2764,1.27645,4.00,16.00
2009.02.16 11:32:57.960,1.2765,1.27655,2.40,30.30
2009.02.16 11:32:58.331,1.2765,1.27655,4.00,12.00
2009.02.16 11:32:58.610,1.2765,1.2766,4.00,19.40
2009.02.16 11:32:58.990,1.27645,1.2766,8.80,27.20
2009.02.16 11:32:59.340,1.2764,1.2765,15.40,8.00
2009.02.16 11:32:59.880,1.2765,1.27655,2.40,8.00
2009.02.16 11:33:00.120,1.2765,1.2766,2.40,11.40
2009.02.16 11:33:00.560,1.27645,1.2766,18.40,25.60
2009.02.16 11:33:00.950,1.27645,1.2766,8.00,27.20
2009.02.16 11:33:01.179,1.2764,1.2765,23.40,16.00
2009.02.16 11:33:01.819,1.2764,1.2765,23.60,8.00
2009.02.16 11:33:02.329,1.2764,1.2765,23.60,16.00
2009.02.16 11:33:04.339,1.2764,1.2765,31.60,16.00
2009.02.16 11:33:04.559,1.2765,1.2766,2.40,25.60
2009.02.16 11:33:04.839,1.2765,1.2766,4.00,25.60
2009.02.16 11:33:05.349,1.2765,1.2766,20.00,16.20
2009.02.16 11:33:06.098,1.2764,1.2765,30.00,4.20
2009.02.16 11:33:06.388,1.2764,1.2765,20.00,4.20
2009.02.16 11:33:06.628,1.2764,1.2765,20.00,16.20
2009.02.16 11:33:07.198,1.2764,1.2765,12.00,16.20
2009.02.16 11:33:07.378,1.2764,1.2765,4.00,16.20
2009.02.16 11:33:11.317,1.2764,1.2765,15.40,16.00
2009.02.16 11:33:11.438,1.2764,1.2765,23.60,16.00
2009.02.16 11:33:11.727,1.2764,1.27655,23.60,16.00
2009.02.16 11:33:12.237,1.2764,1.2765,23.60,8.00
2009.02.16 11:33:12.447,1.2764,1.2765,23.60,16.00
2009.02.16 11:33:13.357,1.2764,1.2765,7.60,16.00
2009.02.16 11:33:15.296,1.2764,1.27655,23.60,16.00
2009.02.16 11:33:15.766,1.27645,1.27655,8.00,16.00
2009.02.16 11:33:16.236,1.2764,1.27655,23.60,16.00
2009.02.16 11:33:17.116,1.2764,1.27655,20.20,20.80
2009.02.16 11:33:17.226,1.2764,1.27655,20.00,37.60
2009.02.16 11:33:17.516,1.2764,1.27655,23.40,29.60
2009.02.16 11:33:17.696,1.2764,1.27655,23.40,19.20
2009.02.16 11:33:19.165,1.2764,1.2765,20.00,3.40
2009.02.16 11:33:22.694,1.2764,1.2765,4.00,19.40
2009.02.16 11:34:06.114,1.2764,1.2765,2.40,19.40
2009.02.16 11:34:06.864,1.2764,1.2765,4.00,19.40
2009.02.16 11:34:21.770,1.2764,1.2765,4.00,28.80
2009.02.16 11:34:21.830,1.2764,1.2765,1.60,33.60
2009.02.16 11:34:22.120,1.27635,1.2765,16.00,35.20
2009.02.16 11:34:22.410,1.2763,1.27645,23.40,19.20
2009.02.16 11:34:27.818,1.2763,1.2764,15.40,8.00
2009.02.16 11:34:27.979,1.2763,1.2764,7.40,16.00
2009.02.16 11:34:29.049,1.27625,1.2763,19.00,1.00
2009.02.16 11:34:29.368,1.2762,1.2763,4.00,16.20
2009.02.16 11:34:30.868,1.2762,1.2763,12.00,16.20
2009.02.16 11:34:31.038,1.2762,1.2763,20.00,16.20
2009.02.16 11:34:31.208,1.2762,1.2763,4.00,16.20
2009.02.16 11:34:39.656,1.2762,1.2763,4.20,16.20
2009.02.16 11:34:40.016,1.27625,1.2763,2.40,16.00
2009.02.16 11:34:40.476,1.2763,1.27635,5.80,16.00
2009.02.16 11:34:40.825,1.2763,1.2764,2.40,16.20
2009.02.16 11:34:41.045,1.2763,1.2764,4.00,16.20
2009.02.16 11:34:41.385,1.2763,1.27635,4.00,8.00
2009.02.16 11:34:41.615,1.2763,1.27635,4.00,16.00
2009.02.16 11:34:45.394,1.2763,1.27635,7.40,16.00
2009.02.16 11:34:45.804,1.2763,1.2764,7.40,16.00
2009.02.16 11:34:50.173,1.2764,1.27645,2.40,16.40
2009.02.16 11:34:50.293,1.2764,1.27645,1.60,16.20
2009.02.16 11:34:50.573,1.2763,1.2764,16.40,16.00
2009.02.16 11:34:50.853,1.2763,1.2764,7.60,16.00
2009.02.16 11:34:51.503,1.2763,1.2764,4.20,16.00
2009.02.16 11:34:51.903,1.2763,1.2764,4.20,16.20
2009.02.16 11:34:53.562,1.2763,1.2764,4.00,16.20
2009.02.16 11:34:59.841,1.2763,1.2764,4.00,19.40
2009.02.16 11:35:00.001,1.2763,1.27635,1.60,3.40
2009.02.16 11:35:00.411,1.27625,1.2763,4.80,16.20
2009.02.16 11:35:00.701,1.2762,1.2763,7.60,16.00
2009.02.16 11:35:05.699,1.2762,1.27635,33.20,16.00
2009.02.16 11:35:05.810,1.27625,1.27635,3.40,16.00
2009.02.16 11:35:05.979,1.2763,1.27635,2.40,16.00
2009.02.16 11:35:06.159,1.2763,1.2764,2.40,16.20
2009.02.16 11:35:06.679,1.2763,1.2764,4.00,16.20
2009.02.16 11:35:09.689,1.2763,1.2764,4.00,17.80
2009.02.16 11:35:09.988,1.2763,1.27635,1.60,8.00
2009.02.16 11:35:10.338,1.27625,1.27635,16.00,16.00
2009.02.16 11:35:10.508,1.2762,1.27635,23.60,16.00
2009.02.16 11:35:11.098,1.27625,1.27635,1.80,16.00
2009.02.16 11:35:11.378,1.2763,1.2764,2.40,16.20
2009.02.16 11:35:11.718,1.2763,1.2764,4.00,16.20
2009.02.16 11:35:15.647,1.2763,1.2764,7.40,16.20
2009.02.16 11:35:15.757,1.27635,1.2764,8.00,8.20
2009.02.16 11:35:15.927,1.27635,1.2764,10.40,8.00
2009.02.16 11:35:16.147,1.27635,1.27645,20.00,19.40
2009.02.16 11:35:16.327,1.27635,1.2764,4.00,16.00
2009.02.16 11:35:18.266,1.27635,1.2764,7.40,16.00
2009.02.16 11:35:18.427,1.2764,1.2765,4.00,21.00
2009.02.16 11:35:18.997,1.27635,1.2764,10.90,16.00
2009.02.16 11:35:25.485,1.27635,1.2764,10.90,8.00
2009.02.16 11:35:25.665,1.2764,1.2765,4.00,19.40
2009.02.16 11:35:31.183,1.2764,1.2765,5.60,19.40
2009.02.16 11:35:31.473,1.2764,1.2765,13.60,19.40
2009.02.16 11:35:31.583,1.2764,1.2765,21.60,16.20
2009.02.16 11:35:31.853,1.27645,1.2765,8.00,16.20
2009.02.16 11:35:32.253,1.2765,1.27655,12.00,16.00
2009.02.16 11:35:32.603,1.2765,1.27655,8.00,3.20
2009.02.16 11:35:33.053,1.27645,1.2765,25.60,8.00
2009.02.16 11:35:33.343,1.27645,1.2765,18.20,16.00
2009.02.16 11:35:41.161,1.27645,1.2765,18.20,16.20
2009.02.16 11:35:41.401,1.2764,1.2765,22.20,16.20
2009.02.16 11:35:41.801,1.2764,1.2765,20.60,16.20
2009.02.16 11:35:43.740,1.2764,1.2765,20.00,16.20
2009.02.16 11:35:49.409,1.2764,1.2765,17.60,16.20
2009.02.16 11:35:49.639,1.2764,1.2765,9.60,16.20
2009.02.16 11:35:49.979,1.2764,1.2765,5.60,19.40
2009.02.16 11:35:50.209,1.2764,1.2765,7.20,19.40
2009.02.16 11:35:55.277,1.2764,1.2765,7.20,19.20
2009.02.16 11:36:08.814,1.2764,1.2765,4.80,19.20
2009.02.16 11:36:09.114,1.2764,1.2765,4.80,20.80
2009.02.16 11:36:09.414,1.2764,1.2765,4.80,22.20
2009.02.16 11:36:11.143,1.2764,1.2765,5.00,22.20
2009.02.16 11:36:11.254,1.27645,1.2765,9.80,22.00
2009.02.16 11:36:11.424,1.27645,1.2765,9.80,17.20
2009.02.16 11:36:11.654,1.27645,1.2765,24.20,9.40
2009.02.16 11:36:11.993,1.27645,1.2766,32.20,19.40
2009.02.16 11:36:12.294,1.2765,1.2766,9.60,19.40
2009.02.16 11:36:12.523,1.2765,1.2766,17.60,19.40
2009.02.16 11:36:19.122,1.27645,1.2765,16.90,8.00
2009.02.16 11:36:19.421,1.2764,1.2765,20.00,16.20
2009.02.16 11:36:21.651,1.27635,1.2764,27.40,1.00
2009.02.16 11:36:22.051,1.27635,1.2764,20.80,4.20
2009.02.16 11:36:22.171,1.2764,1.2765,2.40,21.80
2009.02.16 11:36:22.401,1.27635,1.2764,9.70,8.00
2009.02.16 11:36:22.521,1.2764,1.2765,2.40,19.40
2009.02.16 11:36:24.940,1.2764,1.2765,2.40,19.20
2009.02.16 11:36:26.260,1.2764,1.2765,2.40,16.00
2009.02.16 11:36:29.179,1.2764,1.2765,10.40,16.00
2009.02.16 11:36:29.459,1.2764,1.2765,18.40,16.20
2009.02.16 11:36:30.129,1.2764,1.2765,18.40,4.20
2009.02.16 11:36:33.118,1.2764,1.2765,18.40,1.80
2009.02.16 11:36:34.818,1.27645,1.2765,8.00,1.80
2009.02.16 11:36:35.158,1.27645,1.27655,8.00,23.20
2009.02.16 11:36:35.388,1.27645,1.27655,8.00,19.20
2009.02.16 11:36:36.778,1.27635,1.2764,16.00,4.20
2009.02.16 11:36:37.137,1.2764,1.27645,2.40,16.00
2009.02.16 11:36:37.367,1.2764,1.2765,16.00,5.00
2009.02.16 11:36:37.717,1.27635,1.2765,31.40,16.00
2009.02.16 11:36:38.117,1.27635,1.27645,23.40,16.00
2009.02.16 11:36:40.926,1.27635,1.27645,39.40,16.00
2009.02.16 11:36:41.146,1.2764,1.27645,5.80,16.00
2009.02.16 11:36:41.487,1.2764,1.27655,2.40,34.40
2009.02.16 11:36:41.846,1.2764,1.27645,5.80,8.00
2009.02.16 11:36:42.316,1.2764,1.27645,5.80,16.00
2009.02.16 11:36:44.205,1.2764,1.27645,3.40,16.00
2009.02.16 11:36:44.445,1.27635,1.27645,21.20,16.00
2009.02.16 11:36:50.924,1.27645,1.27655,5.80,26.00
2009.02.16 11:36:51.044,1.27645,1.27655,28.80,23.60
2009.02.16 11:36:51.274,1.27645,1.27655,26.40,23.60
2009.02.16 11:36:51.514,1.27635,1.2765,21.20,16.00
2009.02.16 11:36:51.694,1.27635,1.27645,21.20,8.00
2009.02.16 11:36:52.034,1.27635,1.27645,21.20,16.00
2009.02.16 11:36:58.043,1.27635,1.27645,21.20,14.40
2009.02.16 11:37:02.411,1.2764,1.27645,8.00,14.40
2009.02.16 11:37:02.691,1.27645,1.27655,18.40,17.50
2009.02.16 11:37:03.201,1.2764,1.27655,17.60,28.40
2009.02.16 11:37:03.371,1.2764,1.27655,8.00,32.40
2009.02.16 11:37:03.581,1.27635,1.2765,13.20,6.40
2009.02.16 11:37:04.850,1.27635,1.2764,13.20,1.00
2009.02.16 11:37:05.181,1.27635,1.2764,8.00,4.20
2009.02.16 11:37:05.470,1.2764,1.27645,5.80,6.40
2009.02.16 11:37:05.641,1.2764,1.2765,5.80,14.40
2009.02.16 11:37:05.931,1.2764,1.2765,16.00,5.00
2009.02.16 11:37:06.100,1.27635,1.27645,16.00,14.40
2009.02.16 11:37:08.150,1.2764,1.27645,2.40,14.40
2009.02.16 11:37:08.390,1.2764,1.27645,4.00,8.00
2009.02.16 11:37:08.680,1.2764,1.2765,4.00,14.60
2009.02.16 11:37:09.070,1.2764,1.2765,4.00,16.20
2009.02.16 11:37:09.419,1.2764,1.2765,4.00,16.00
2009.02.16 11:37:09.759,1.2764,1.2765,7.40,16.00
2009.02.16 11:37:10.169,1.2764,1.2765,7.60,16.00
2009.02.16 11:37:10.339,1.2764,1.27655,23.60,16.00
2009.02.16 11:37:11.499,1.2764,1.27655,16.20,22.40
2009.02.16 11:37:11.619,1.2764,1.27655,16.20,32.80
2009.02.16 11:37:15.598,1.2764,1.27655,16.60,32.80
2009.02.16 11:37:19.717,1.2764,1.27655,16.60,31.80
2009.02.16 11:37:23.446,1.2764,1.27655,19.00,30.20
2009.02.16 11:37:23.836,1.2764,1.27655,22.40,16.00
2009.02.16 11:37:24.176,1.27645,1.27655,16.00,16.00
2009.02.16 11:37:30.055,1.27645,1.27655,8.00,16.00
2009.02.16 11:37:30.165,1.2764,1.27655,29.80,16.00
2009.02.16 11:37:31.694,1.2764,1.27655,28.20,16.00
2009.02.16 11:37:32.784,1.2764,1.27655,29.80,16.00
2009.02.16 11:37:32.954,1.2764,1.27655,31.40,16.00
2009.02.16 11:37:33.304,1.2765,1.27655,2.40,16.00
2009.02.16 11:37:33.654,1.2766,1.27665,1.00,26.00
2009.02.16 11:37:34.004,1.2766,1.2767,1.00,35.20
2009.02.16 11:37:34.234,1.2766,1.2767,2.40,24.80
2009.02.16 11:37:34.463,1.2766,1.2767,10.40,13.80
2009.02.16 11:37:34.813,1.2766,1.2767,10.40,3.40
2009.02.16 11:37:35.113,1.2766,1.2767,10.40,5.80
2009.02.16 11:37:35.463,1.2766,1.2767,12.00,5.80
2009.02.16 11:37:35.793,1.2766,1.2767,20.00,5.80
2009.02.16 11:37:36.083,1.27665,1.2768,18.40,17.80
2009.02.16 11:37:36.413,1.27665,1.27675,8.00,8.00
2009.02.16 11:37:41.602,1.27655,1.27675,58.80,16.00
2009.02.16 11:37:41.902,1.27665,1.27675,16.00,16.00
2009.02.16 11:37:42.141,1.27665,1.27675,16.00,8.00
2009.02.16 11:37:42.402,1.27665,1.2768,16.00,25.80
2009.02.16 11:37:43.291,1.27665,1.2767,16.00,4.20
2009.02.16 11:37:43.571,1.27665,1.2767,8.00,4.20
2009.02.16 11:37:43.811,1.27665,1.2768,16.00,33.00
2009.02.16 11:37:44.041,1.27665,1.2768,16.00,21.00
2009.02.16 11:37:46.610,1.2768,1.27685,2.40,44.20
2009.02.16 11:37:46.780,1.2768,1.27685,5.80,32.00
2009.02.16 11:37:47.171,1.27685,1.27695,5.20,16.00
2009.02.16 11:37:47.510,1.27685,1.27695,23.60,8.00
2009.02.16 11:37:47.810,1.27685,1.277,31.60,16.00
2009.02.16 11:37:47.990,1.27685,1.277,39.60,16.00
2009.02.16 11:37:48.280,1.2769,1.277,9.60,8.00
2009.02.16 11:37:48.460,1.2769,1.27705,17.60,20.80
2009.02.16 11:37:49.600,1.2769,1.27705,17.80,20.80
2009.02.16 11:37:49.890,1.27695,1.27705,8.00,16.00
2009.02.16 11:37:50.400,1.27695,1.2771,16.00,21.00
2009.02.16 11:37:51.849,1.27695,1.2771,16.00,13.00
2009.02.16 11:37:52.139,1.27695,1.2771,16.00,21.00
2009.02.16 11:37:53.069,1.27695,1.27705,16.00,8.00
2009.02.16 11:37:53.129,1.27695,1.27705,16.00,16.00
2009.02.16 11:37:54.329,1.2769,1.2771,28.40,21.00
2009.02.16 11:37:58.367,1.27705,1.2771,3.40,16.00
2009.02.16 11:37:58.638,1.27705,1.2771,5.00,16.00
2009.02.16 11:37:58.927,1.2771,1.2772,4.00,1.00
2009.02.16 11:37:59.257,1.2771,1.27725,12.40,16.00
2009.02.16 11:38:00.217,1.277,1.27725,43.60,34.40
2009.02.16 11:38:00.497,1.27705,1.2772,1.60,5.00
2009.02.16 11:38:00.617,1.277,1.2772,12.40,21.20
2009.02.16 11:38:00.897,1.277,1.2772,20.40,21.20
2009.02.16 11:38:01.017,1.277,1.2772,28.40,21.20
2009.02.16 11:38:01.527,1.277,1.2772,28.40,21.20
2009.02.16 11:38:02.497,1.27705,1.2772,1.60,21.20
2009.02.16 11:38:02.727,1.27705,1.2772,13.60,21.20
2009.02.16 11:38:02.907,1.27705,1.2772,18.80,16.20
2009.02.16 11:38:03.916,1.27705,1.2772,17.20,24.20
2009.02.16 11:38:04.266,1.27705,1.2771,15.60,4.00
2009.02.16 11:38:04.726,1.27705,1.2772,17.20,16.20
2009.02.16 11:38:07.845,1.27705,1.2772,17.20,16.00
2009.02.16 11:38:08.466,1.27705,1.2772,15.40,16.00
2009.02.16 11:38:08.695,1.27705,1.2772,12.00,16.00
2009.02.16 11:38:08.995,1.277,1.27705,5.80,1.60
2009.02.16 11:38:09.345,1.27705,1.27725,18.80,16.00
2009.02.16 11:38:10.245,1.2771,1.27725,1.80,16.00
2009.02.16 11:38:10.645,1.2771,1.27725,1.00,16.00
2009.02.16 11:38:11.175,1.2771,1.2773,1.00,16.00
2009.02.16 11:38:11.624,1.2771,1.2772,1.00,1.00
2009.02.16 11:38:12.044,1.27705,1.2772,16.00,5.00
2009.02.16 11:38:12.545,1.277,1.2772,12.40,21.00
2009.02.16 11:38:12.894,1.27715,1.2772,11.40,16.00
2009.02.16 11:38:13.294,1.2772,1.2773,2.40,5.60
2009.02.16 11:38:13.654,1.2772,1.2773,1.60,16.20
2009.02.16 11:38:13.994,1.2772,1.27725,1.60,8.00
2009.02.16 11:38:14.374,1.2771,1.27725,1.00,16.00
2009.02.16 11:38:17.563,1.2771,1.27725,1.80,16.00
2009.02.16 11:38:17.863,1.27705,1.27725,18.80,20.80
2009.02.16 11:38:17.973,1.27705,1.27725,8.40,31.20
2009.02.16 11:38:18.253,1.27705,1.2772,8.40,8.00
2009.02.16 11:38:18.483,1.27705,1.2772,8.40,16.00
2009.02.16 11:38:18.883,1.27705,1.2772,8.40,8.00
2009.02.16 11:38:19.173,1.27705,1.27725,8.40,31.20
2009.02.16 11:38:20.972,1.27705,1.2772,3.20,5.00
2009.02.16 11:38:21.142,1.277,1.2772,20.40,13.00
2009.02.16 11:38:21.362,1.277,1.2772,12.40,21.00
2009.02.16 11:38:21.722,1.27715,1.2772,1.60,21.00
2009.02.16 11:38:21.892,1.27715,1.2772,7.40,16.00
2009.02.16 11:38:22.112,1.2772,1.27725,2.40,17.20
2009.02.16 11:38:22.392,1.2772,1.2773,2.40,5.60
2009.02.16 11:38:22.562,1.2772,1.2773,4.00,5.60
2009.02.16 11:38:22.902,1.2772,1.2773,4.00,8.20
2009.02.16 11:38:23.362,1.27705,1.27725,24.40,15.20
2009.02.16 11:38:23.762,1.27705,1.27725,24.40,31.20
2009.02.16 11:38:24.371,1.27705,1.27725,8.40,31.20
2009.02.16 11:38:26.551,1.2771,1.27725,1.80,31.20
2009.02.16 11:38:26.791,1.2771,1.27725,1.00,26.40
2009.02.16 11:38:27.201,1.2771,1.27725,1.00,16.00
2009.02.16 11:38:35.659,1.2771,1.2772,1.00,8.00
2009.02.16 11:38:36.119,1.277,1.2772,29.40,21.00
2009.02.16 11:38:36.509,1.277,1.2772,12.40,21.00
2009.02.16 11:38:36.908,1.277,1.27715,12.40,16.00
2009.02.16 11:38:37.488,1.27705,1.27715,3.40,16.00
2009.02.16 11:38:37.649,1.27705,1.27715,6.80,16.00
2009.02.16 11:38:37.828,1.27705,1.27715,18.80,8.00
2009.02.16 11:38:38.058,1.27705,1.27725,18.80,24.00
2009.02.16 11:38:38.318,1.27705,1.27725,18.80,29.20
2009.02.16 11:38:38.538,1.2772,1.27725,2.40,23.00
2009.02.16 11:38:38.758,1.2772,1.2773,2.40,5.20
2009.02.16 11:38:39.118,1.2772,1.2773,4.00,5.20
2009.02.16 11:38:40.137,1.2772,1.2773,5.60,4.20
2009.02.16 11:38:40.547,1.2773,1.27735,2.40,16.00
2009.02.16 11:38:40.848,1.2773,1.2774,4.00,6.40
2009.02.16 11:38:41.137,1.2773,1.2774,4.00,5.60
2009.02.16 11:38:44.447,1.2774,1.27745,4.00,8.00
2009.02.16 11:38:44.816,1.27735,1.27745,13.60,8.00
2009.02.16 11:38:45.166,1.27725,1.27745,46.80,16.00
2009.02.16 11:38:45.866,1.2774,1.27745,7.40,16.00
2009.02.16 11:38:46.096,1.27745,1.2776,9.00,4.80
2009.02.16 11:38:46.726,1.27745,1.2776,12.40,5.60
2009.02.16 11:38:47.426,1.27745,1.2776,14.00,1.60
2009.02.16 11:38:47.656,1.27745,1.2776,14.00,3.20
2009.02.16 11:38:48.585,1.27745,1.2776,18.00,3.20
2009.02.16 11:38:49.415,1.2775,1.2776,2.40,3.20
2009.02.16 11:38:50.805,1.2775,1.2776,2.40,1.60
2009.02.16 11:38:51.225,1.2775,1.2776,4.00,1.60
2009.02.16 11:38:55.644,1.2775,1.2776,4.00,3.20
2009.02.16 11:38:55.984,1.27745,1.2775,5.40,3.20
2009.02.16 11:38:56.384,1.27725,1.27745,28.00,4.00
2009.02.16 11:38:56.743,1.2772,1.27745,67.40,4.20
2009.02.16 11:38:57.033,1.2772,1.27745,46.60,21.00
2009.02.16 11:38:57.384,1.2772,1.27745,46.60,20.00
2009.02.16 11:38:57.733,1.2773,1.2775,26.60,19.20
2009.02.16 11:38:58.073,1.2773,1.2775,37.00,19.20
2009.02.16 11:39:00.013,1.27745,1.2775,7.20,2.00
2009.02.16 11:39:00.633,1.2772,1.2775,62.60,24.00
2009.02.16 11:39:00.993,1.27725,1.2775,35.40,19.20
2009.02.16 11:39:01.172,1.27725,1.2775,35.60,19.20
2009.02.16 11:39:01.683,1.27725,1.2775,62.80,24.00
2009.02.16 11:39:03.542,1.2773,1.2775,10.80,25.60
2009.02.16 11:39:04.092,1.2773,1.2775,9.20,33.60
2009.02.16 11:39:04.612,1.2773,1.2774,2.40,1.60
2009.02.16 11:39:05.131,1.2773,1.2774,2.40,4.60
2009.02.16 11:39:06.571,1.2773,1.2774,2.40,3.20
2009.02.16 11:39:07.901,1.2773,1.2774,2.40,4.60
2009.02.16 11:39:08.071,1.2773,1.2774,2.40,4.40
2009.02.16 11:39:08.471,1.27725,1.2773,8.00,1.00
2009.02.16 11:39:08.761,1.2772,1.2773,15.20,1.00
2009.02.16 11:39:09.110,1.27715,1.2773,17.00,1.20
2009.02.16 11:39:09.460,1.27715,1.27735,36.40,29.60
2009.02.16 11:39:09.810,1.27715,1.27735,54.80,11.20
2009.02.16 11:39:10.210,1.27715,1.2774,62.80,30.20
2009.02.16 11:39:10.850,1.27715,1.2774,62.80,24.00
2009.02.16 11:39:11.570,1.27715,1.2774,62.80,24.00
2009.02.16 11:39:11.800,1.2772,1.2774,31.60,24.00
2009.02.16 11:39:12.070,1.2772,1.2773,28.20,4.00
2009.02.16 11:39:12.290,1.2772,1.2773,2.40,4.00
2009.02.16 11:39:12.470,1.2772,1.2773,4.00,4.00
2009.02.16 11:39:12.949,1.2773,1.27735,2.40,19.20
2009.02.16 11:39:13.180,1.2773,1.27735,2.40,10.40
2009.02.16 11:39:13.419,1.2773,1.27735,2.40,8.00
2009.02.16 11:39:13.580,1.2773,1.2774,2.40,4.60
2009.02.16 11:39:13.760,1.27725,1.2774,28.20,4.80
2009.02.16 11:39:13.920,1.2772,1.2774,38.80,20.80
2009.02.16 11:39:14.199,1.2772,1.2774,34.80,20.80
2009.02.16 11:39:14.549,1.2772,1.2774,34.80,4.80
2009.02.16 11:39:16.609,1.27725,1.2774,2.60,4.80
2009.02.16 11:39:16.949,1.2773,1.2774,4.00,4.00
2009.02.16 11:39:20.708,1.2773,1.2774,5.80,4.00
2009.02.16 11:39:21.098,1.2773,1.2775,12.40,20.80
2009.02.16 11:39:21.337,1.2773,1.2775,17.20,20.80
2009.02.16 11:39:30.226,1.2773,1.27745,17.20,1.00
2009.02.16 11:39:30.285,1.2773,1.2774,17.20,1.00
2009.02.16 11:39:31.855,1.2773,1.2774,25.20,1.00
2009.02.16 11:39:32.025,1.2773,1.2774,33.20,1.00
2009.02.16 11:39:35.064,1.2773,1.2774,18.40,4.80
2009.02.16 11:39:35.414,1.2773,1.2774,4.00,4.80
2009.02.16 11:39:37.644,1.2772,1.2773,4.00,4.00
2009.02.16 11:39:40.683,1.27715,1.2773,31.60,1.60
2009.02.16 11:39:41.043,1.27715,1.2773,15.60,3.20
2009.02.16 11:39:42.243,1.2772,1.2773,2.40,6.40
2009.02.16 11:39:42.423,1.27715,1.2772,8.90,3.20
2009.02.16 11:39:42.713,1.27715,1.2772,1.60,3.20
2009.02.16 11:39:43.003,1.277,1.2771,26.60,1.00
2009.02.16 11:39:43.413,1.277,1.2771,2.40,4.20
2009.02.16 11:39:44.102,1.277,1.2771,2.40,1.60
2009.02.16 11:39:45.182,1.277,1.2771,2.40,3.20
2009.02.16 11:39:46.082,1.277,1.2771,2.40,1.60
2009.02.16 11:39:48.411,1.277,1.2771,10.40,1.60
2009.02.16 11:39:48.581,1.277,1.2771,12.00,1.60
2009.02.16 11:39:48.871,1.277,1.2771,24.20,1.60
2009.02.16 11:39:49.041,1.277,1.2772,25.80,36.60
2009.02.16 11:39:49.441,1.277,1.2772,26.00,36.60
2009.02.16 11:39:50.140,1.277,1.2772,26.00,20.60
2009.02.16 11:39:52.110,1.277,1.2772,25.80,20.60
2009.02.16 11:39:52.280,1.277,1.2771,20.00,1.00
2009.02.16 11:39:52.570,1.277,1.2771,18.40,4.00
2009.02.16 11:39:52.740,1.277,1.2771,2.40,4.00
2009.02.16 11:39:53.040,1.277,1.2771,2.40,1.60
2009.02.16 11:40:09.856,1.27695,1.2771,26.80,1.60
2009.02.16 11:40:10.206,1.27695,1.277,1.80,1.00
2009.02.16 11:40:10.556,1.2769,1.277,2.40,1.00
2009.02.16 11:40:10.975,1.2769,1.277,2.40,4.00
2009.02.16 11:40:11.436,1.2769,1.277,2.40,1.60
2009.02.16 11:40:16.104,1.27695,1.277,1.60,1.60
2009.02.16 11:40:16.205,1.27695,1.277,5.00,1.60
2009.02.16 11:40:16.324,1.277,1.27705,2.40,6.80
2009.02.16 11:40:16.554,1.277,1.2771,2.40,12.80
2009.02.16 11:40:16.654,1.277,1.2771,2.40,1.60
2009.02.16 11:40:20.633,1.27695,1.2771,32.00,6.40
2009.02.16 11:40:20.813,1.27695,1.2771,28.00,6.40
2009.02.16 11:40:20.993,1.27695,1.2771,26.40,6.40
2009.02.16 11:40:21.263,1.277,1.2771,2.40,1.60
2009.02.16 11:40:22.003,1.2769,1.2771,26.80,6.40
2009.02.16 11:40:23.082,1.27695,1.27715,26.80,22.00
2009.02.16 11:40:23.313,1.27695,1.27715,34.80,14.00
2009.02.16 11:40:24.282,1.277,1.27715,5.80,9.20
2009.02.16 11:40:24.572,1.277,1.2772,18.80,23.80
2009.02.16 11:40:24.862,1.277,1.2772,26.80,20.60
2009.02.16 11:40:25.032,1.277,1.2772,10.80,28.60
2009.02.16 11:40:25.332,1.277,1.2772,10.80,36.60
2009.02.16 11:40:25.722,1.27705,1.27715,8.00,8.00
2009.02.16 11:40:26.012,1.27705,1.27715,16.00,16.00
2009.02.16 11:40:26.772,1.27705,1.27715,8.00,16.00
2009.02.16 11:40:27.172,1.27705,1.27715,1.60,16.00
2009.02.16 11:40:27.572,1.27705,1.27715,11.20,8.00
2009.02.16 11:40:27.801,1.2771,1.2772,2.40,20.80
2009.02.16 11:40:27.921,1.2771,1.2772,18.40,20.80
2009.02.16 11:40:29.691,1.2771,1.2772,16.00,20.80
2009.02.16 11:40:29.921,1.2771,1.2772,8.00,25.60
2009.02.16 11:40:30.041,1.27705,1.2772,16.00,25.60
2009.02.16 11:40:30.391,1.27705,1.27715,16.00,8.00
2009.02.16 11:40:30.571,1.27705,1.27715,16.00,16.00
2009.02.16 11:40:30.791,1.27705,1.27715,16.00,8.00
2009.02.16 11:40:31.131,1.27705,1.2772,16.00,25.60
2009.02.16 11:40:31.311,1.27705,1.27715,19.20,16.00
2009.02.16 11:40:31.551,1.2771,1.27715,10.40,8.00
2009.02.16 11:40:31.830,1.2771,1.2772,18.40,20.80
2009.02.16 11:40:32.291,1.2771,1.2772,18.40,4.80
2009.02.16 11:40:34.700,1.2771,1.2772,18.40,1.60
2009.02.16 11:40:39.748,1.27705,1.27715,12.20,16.00
2009.02.16 11:40:40.189,1.2771,1.2772,2.40,17.60
2009.02.16 11:40:40.469,1.2771,1.2772,10.40,9.60
2009.02.16 11:40:40.648,1.2771,1.2772,18.40,1.60
2009.02.16 11:40:43.028,1.2771,1.2772,18.40,4.00
2009.02.16 11:40:43.198,1.2771,1.2773,25.00,58.80
2009.02.16 11:40:43.258,1.2771,1.27725,25.20,29.60
2009.02.16 11:40:43.368,1.2771,1.27725,23.60,25.60
2009.02.16 11:40:43.539,1.2771,1.27725,25.20,16.00
2009.02.16 11:40:43.658,1.2771,1.27725,17.80,16.00
2009.02.16 11:40:43.868,1.27715,1.27725,13.00,8.00
2009.02.16 11:40:44.227,1.2772,1.2773,16.00,3.20
2009.02.16 11:40:46.257,1.2772,1.2773,16.00,8.00
2009.02.16 11:40:46.737,1.27715,1.2773,26.40,24.00
2009.02.16 11:40:46.967,1.27715,1.2773,16.00,25.60
2009.02.16 11:40:50.046,1.2772,1.2773,2.40,20.80
2009.02.16 11:40:50.396,1.2772,1.2773,10.40,12.80
2009.02.16 11:40:50.676,1.2772,1.2773,18.40,4.80
2009.02.16 11:40:53.675,1.2772,1.2773,18.40,1.60
2009.02.16 11:40:55.195,1.27715,1.2773,26.60,22.40
2009.02.16 11:40:55.545,1.2772,1.2773,10.40,9.60
2009.02.16 11:40:55.925,1.2772,1.2773,18.40,1.60
2009.02.16 11:41:00.673,1.2772,1.2773,22.00,1.60
2009.02.16 11:41:01.014,1.27725,1.2773,1.80,1.60
2009.02.16 11:41:01.363,1.2773,1.27735,2.40,16.00
2009.02.16 11:41:01.533,1.2773,1.2774,16.00,1.60
2009.02.16 11:41:01.633,1.2773,1.2774,16.00,6.40
2009.02.16 11:41:01.923,1.2773,1.2774,16.00,22.40
2009.02.16 11:41:08.362,1.2773,1.2774,18.40,22.40
2009.02.16 11:41:08.592,1.2773,1.2774,18.40,17.60
2009.02.16 11:41:08.882,1.2773,1.2774,18.40,9.60
2009.02.16 11:41:09.222,1.2773,1.2774,16.00,14.40
2009.02.16 11:41:09.342,1.2773,1.2774,16.00,22.40
2009.02.16 11:41:12.571,1.2773,1.2774,16.00,8.00
2009.02.16 11:41:13.001,1.2773,1.27745,16.00,30.00
2009.02.16 11:41:13.160,1.27735,1.27745,8.00,8.00
2009.02.16 11:41:13.671,1.27735,1.2775,16.00,36.60
2009.02.16 11:41:20.679,1.27735,1.27745,16.00,8.00
2009.02.16 11:41:20.889,1.27735,1.2775,16.00,30.40
2009.02.16 11:41:23.158,1.27735,1.2775,16.00,25.60
2009.02.16 11:41:28.417,1.27735,1.2775,16.00,27.20
2009.02.16 11:41:28.587,1.27735,1.2774,16.00,4.00
2009.02.16 11:41:28.767,1.27735,1.2774,8.00,1.60
2009.02.16 11:41:28.977,1.2773,1.2774,18.60,1.60
2009.02.16 11:41:31.126,1.27735,1.2774,16.00,1.60
2009.02.16 11:41:32.596,1.27735,1.2774,14.20,4.00
2009.02.16 11:41:32.886,1.27735,1.27745,14.40,24.80
2009.02.16 11:41:33.046,1.2774,1.27745,1.60,8.00
2009.02.16 11:41:33.356,1.27735,1.2775,17.00,22.40
2009.02.16 11:41:34.375,1.27735,1.2775,16.00,28.60
2009.02.16 11:41:34.725,1.2773,1.2774,23.60,1.00
2009.02.16 11:41:35.256,1.2773,1.2775,25.20,30.40
2009.02.16 11:41:45.333,1.27735,1.2775,14.40,36.60
2009.02.16 11:41:45.973,1.27735,1.2775,14.40,30.40
2009.02.16 11:41:52.322,1.27735,1.2775,16.20,30.40
2009.02.16 11:41:57.980,1.27735,1.2775,16.40,30.40
2009.02.16 11:41:58.100,1.27735,1.2775,16.60,30.40
2009.02.16 11:41:59.449,1.27735,1.2775,15.00,30.40
2009.02.16 11:42:00.369,1.27735,1.2775,15.60,30.40
2009.02.16 11:42:00.539,1.27735,1.2775,17.20,30.40
2009.02.16 11:42:00.769,1.2774,1.2775,8.00,17.60
2009.02.16 11:42:01.009,1.27735,1.2775,47.40,1.60
2009.02.16 11:42:11.956,1.2774,1.2775,18.40,1.60
2009.02.16 11:42:16.675,1.27745,1.2776,17.60,31.80
2009.02.16 11:42:19.104,1.27745,1.2776,17.80,31.80
2009.02.16 11:42:20.914,1.2775,1.2776,2.40,22.40
2009.02.16 11:42:21.024,1.27745,1.2776,45.40,9.60
2009.02.16 11:42:21.264,1.27745,1.2776,45.40,1.60
2009.02.16 11:42:23.183,1.27745,1.2776,44.80,1.60
2009.02.16 11:42:23.983,1.27745,1.2776,44.80,1.60
2009.02.16 11:42:24.543,1.2775,1.27765,26.80,8.00
2009.02.16 11:42:24.943,1.2775,1.2777,27.00,25.60
2009.02.16 11:42:25.353,1.2776,1.27765,10.40,23.20
2009.02.16 11:42:25.643,1.2776,1.2777,25.20,17.60
2009.02.16 11:42:26.043,1.27765,1.27775,16.00,16.00
2009.02.16 11:42:26.283,1.27765,1.2778,16.00,25.60
2009.02.16 11:42:26.973,1.27765,1.2778,15.40,25.60
2009.02.16 11:42:28.532,1.27765,1.2778,15.20,25.60
2009.02.16 11:42:30.532,1.27765,1.2778,15.20,22.40
2009.02.16 11:42:30.702,1.27765,1.2778,15.40,22.40
2009.02.16 11:42:30.822,1.27765,1.2778,25.40,16.00
2009.02.16 11:42:31.122,1.27765,1.2778,27.80,16.00
2009.02.16 11:42:31.422,1.27775,1.2778,6.40,4.00
2009.02.16 11:42:31.971,1.2777,1.2778,16.80,16.00
2009.02.16 11:42:32.431,1.2777,1.2778,9.00,16.00
2009.02.16 11:42:32.711,1.2777,1.2778,25.00,16.00
2009.02.16 11:42:32.882,1.27775,1.27785,14.40,3.20
2009.02.16 11:42:35.181,1.27775,1.27785,16.00,3.20
2009.02.16 11:42:36.040,1.27775,1.2778,16.00,1.00
2009.02.16 11:42:36.550,1.27775,1.2778,8.00,1.00
2009.02.16 11:42:36.960,1.27775,1.27785,16.60,3.20
2009.02.16 11:42:37.300,1.27775,1.27785,16.00,3.20
2009.02.16 11:42:38.601,1.27775,1.27785,16.80,3.20
2009.02.16 11:42:39.740,1.27775,1.27785,20.40,3.20
2009.02.16 11:42:40.070,1.27775,1.2779,35.60,19.20
2009.02.16 11:42:40.450,1.2778,1.2779,21.60,19.20
2009.02.16 11:42:40.850,1.27785,1.2779,16.00,3.20
2009.02.16 11:42:40.959,1.27785,1.2779,8.00,3.20
2009.02.16 11:42:41.230,1.2778,1.2779,18.40,3.20
2009.02.16 11:42:42.139,1.2778,1.2779,18.40,4.80
2009.02.16 11:42:46.008,1.2778,1.2779,18.40,6.40
2009.02.16 11:42:46.228,1.2778,1.2779,18.40,9.60
2009.02.16 11:42:46.938,1.2778,1.2779,16.00,9.60
2009.02.16 11:42:47.238,1.27775,1.2778,16.00,1.60
2009.02.16 11:42:47.578,1.27775,1.2778,16.00,4.80
2009.02.16 11:42:47.928,1.2777,1.2778,18.40,4.80
2009.02.16 11:42:48.537,1.2777,1.2778,10.40,13.60
2009.02.16 11:42:48.827,1.2777,1.2778,2.40,23.20
2009.02.16 11:42:49.567,1.2777,1.27775,2.40,8.00
2009.02.16 11:42:50.147,1.2777,1.27775,2.40,16.00
2009.02.16 11:42:50.937,1.2778,1.27785,2.40,26.40
2009.02.16 11:42:51.117,1.2778,1.27785,2.40,32.40
2009.02.16 11:42:51.467,1.2777,1.2778,18.40,5.60
2009.02.16 11:42:51.767,1.2777,1.27775,2.40,8.00
2009.02.16 11:42:52.127,1.2777,1.2778,5.80,16.00
2009.02.16 11:42:52.467,1.27765,1.2778,34.60,23.00
2009.02.16 11:42:52.807,1.2777,1.2778,16.00,8.60
2009.02.16 11:42:55.436,1.2777,1.27775,15.80,1.60
2009.02.16 11:42:55.676,1.2777,1.27775,15.80,3.80
2009.02.16 11:42:56.076,1.27765,1.27775,8.00,13.40
2009.02.16 11:42:56.246,1.2776,1.27775,22.00,21.40
2009.02.16 11:42:58.125,1.2776,1.27775,22.00,20.80
2009.02.16 11:42:59.475,1.27765,1.27775,3.40,19.20
2009.02.16 11:42:59.775,1.27765,1.27775,13.80,16.00
2009.02.16 11:43:01.185,1.27765,1.27775,9.20,17.60
2009.02.16 11:43:01.474,1.2776,1.27775,22.00,20.80
2009.02.16 11:43:09.372,1.2776,1.2777,10.60,11.20
2009.02.16 11:43:09.782,1.2776,1.2777,2.60,22.40
2009.02.16 11:43:10.022,1.2776,1.2777,10.60,14.40
2009.02.16 11:43:10.312,1.2776,1.27765,8.00,9.60
2009.02.16 11:43:10.802,1.2775,1.2776,14.00,8.00
2009.02.16 11:43:11.102,1.2775,1.27765,22.00,20.80
2009.02.16 11:43:12.322,1.2775,1.2776,18.40,3.20
2009.02.16 11:43:12.592,1.2775,1.2776,2.40,20.80
2009.02.16 11:43:12.992,1.2775,1.2776,2.40,22.40
2009.02.16 11:43:14.831,1.2774,1.27755,26.80,19.20
2009.02.16 11:43:15.181,1.2774,1.2775,22.00,8.00
2009.02.16 11:43:15.471,1.2774,1.2775,8.00,16.00
2009.02.16 11:43:15.931,1.2774,1.2775,13.80,8.00
2009.02.16 11:43:17.340,1.2774,1.2775,21.80,8.00
2009.02.16 11:43:17.580,1.2774,1.27755,21.80,24.00
2009.02.16 11:43:19.580,1.2774,1.27755,21.80,22.40
2009.02.16 11:43:19.750,1.27745,1.27755,26.40,6.40
2009.02.16 11:43:19.920,1.27745,1.27755,16.00,8.00
2009.02.16 11:43:20.250,1.2774,1.27755,21.80,24.00
2009.02.16 11:43:23.919,1.2774,1.2775,18.40,1.60
2009.02.16 11:43:24.039,1.2774,1.2775,18.40,3.20
2009.02.16 11:43:24.319,1.2774,1.2775,2.40,20.80
2009.02.16 11:43:25.898,1.2774,1.2775,2.40,22.40
2009.02.16 11:43:27.838,1.2774,1.2775,5.80,19.20
2009.02.16 11:43:28.238,1.2775,1.27755,2.40,1.60
2009.02.16 11:43:28.468,1.27745,1.27755,26.40,1.60
2009.02.16 11:43:28.748,1.2774,1.27755,21.80,24.00
2009.02.16 11:43:29.367,1.2774,1.27755,26.60,24.00
2009.02.16 11:43:29.958,1.2774,1.2775,26.60,1.60
2009.02.16 11:43:30.377,1.2774,1.2775,7.20,19.20
2009.02.16 11:43:30.667,1.2774,1.2775,2.40,22.40
2009.02.16 11:43:34.326,1.2774,1.2775,10.40,12.80
2009.02.16 11:43:34.556,1.2774,1.2775,21.80,4.80
2009.02.16 11:43:34.896,1.2774,1.27755,21.80,24.00
2009.02.16 11:43:35.306,1.2774,1.27755,26.60,24.00
2009.02.16 11:43:36.856,1.2774,1.27755,26.60,20.80
2009.02.16 11:43:37.086,1.2774,1.27755,21.80,20.80
2009.02.16 11:43:44.464,1.27745,1.27755,10.40,17.60
2009.02.16 11:43:44.804,1.27745,1.27755,22.80,3.20
2009.02.16 11:43:45.084,1.2774,1.2775,5.80,16.00
2009.02.16 11:43:45.734,1.2774,1.2775,10.60,16.00
2009.02.16 11:43:45.964,1.2774,1.2775,26.60,16.00
2009.02.16 11:43:46.254,1.2774,1.2775,10.60,16.00
2009.02.16 11:43:48.623,1.2774,1.2775,5.80,16.00
2009.02.16 11:43:57.741,1.2774,1.2775,13.80,16.00
2009.02.16 11:43:57.851,1.2774,1.2775,21.80,16.00
2009.02.16 11:43:59.770,1.2775,1.27755,2.40,16.80
2009.02.16 11:43:59.950,1.2775,1.2776,2.40,25.60
2009.02.16 11:44:00.290,1.27745,1.2775,12.10,1.40
2009.02.16 11:44:00.620,1.27745,1.2775,4.10,14.40
2009.02.16 11:44:12.137,1.27735,1.2774,23.60,1.40
2009.02.16 11:44:12.427,1.27735,1.2774,15.20,1.40
2009.02.16 11:44:12.647,1.2774,1.27745,2.40,26.90
2009.02.16 11:44:12.987,1.2774,1.27745,2.40,57.20
2009.02.16 11:44:13.337,1.2774,1.27745,2.40,63.60
2009.02.16 11:44:14.257,1.2774,1.27745,2.40,65.20
2009.02.16 11:44:14.667,1.2773,1.2774,5.80,14.40
2009.02.16 11:44:15.126,1.2773,1.2774,2.40,22.40
2009.02.16 11:44:15.586,1.2773,1.2774,2.40,19.20
2009.02.16 11:44:15.766,1.2773,1.2774,2.40,20.80
2009.02.16 11:44:22.155,1.2773,1.2774,2.40,19.20
2009.02.16 11:44:22.325,1.2773,1.2774,2.40,17.60
2009.02.16 11:44:22.615,1.2773,1.2774,5.80,14.40
2009.02.16 11:44:29.193,1.27745,1.2775,16.00,8.70
2009.02.16 11:44:29.423,1.27755,1.2776,6.40,8.80
2009.02.16 11:44:29.803,1.27755,1.2776,8.00,8.00
2009.02.16 11:44:30.103,1.2775,1.27765,16.20,19.20
2009.02.16 11:44:30.433,1.2775,1.27755,16.00,1.60
2009.02.16 11:44:30.883,1.2776,1.27765,2.40,28.60
2009.02.16 11:44:31.343,1.27755,1.27765,31.20,1.60
2009.02.16 11:44:31.803,1.2775,1.27765,16.00,29.60
2009.02.16 11:44:32.772,1.2775,1.27765,15.20,29.60
2009.02.16 11:44:34.442,1.2775,1.27765,15.20,28.00
2009.02.16 11:44:34.612,1.2775,1.27765,21.20,16.00
2009.02.16 11:44:34.902,1.2775,1.27765,21.20,16.00
2009.02.16 11:44:37.881,1.2775,1.27765,17.60,20.80
2009.02.16 11:44:37.941,1.2775,1.2776,17.60,3.20
2009.02.16 11:44:38.211,1.2775,1.2776,9.60,11.20
2009.02.16 11:44:38.381,1.2775,1.2776,2.40,21.00
2009.02.16 11:44:38.611,1.2775,1.2776,2.40,19.40
2009.02.16 11:44:38.911,1.2775,1.2776,5.80,16.00
2009.02.16 11:44:39.211,1.27755,1.2776,8.00,8.00
2009.02.16 11:44:39.481,1.27755,1.2776,10.40,16.00
2009.02.16 11:44:39.761,1.2775,1.27765,22.00,20.80
2009.02.16 11:44:44.239,1.2775,1.27765,22.00,24.00
2009.02.16 11:44:45.149,1.27755,1.27765,1.00,17.60
2009.02.16 11:44:45.429,1.27755,1.27765,1.00,20.80
2009.02.16 11:44:46.979,1.2776,1.27765,2.40,20.80
2009.02.16 11:44:47.199,1.2776,1.27765,2.40,8.00
2009.02.16 11:44:47.379,1.2776,1.2777,2.40,32.00
2009.02.16 11:44:49.388,1.27755,1.27765,26.60,3.20
2009.02.16 11:44:49.508,1.27755,1.27765,16.20,4.80
2009.02.16 11:44:49.748,1.27755,1.27765,1.00,20.80
2009.02.16 11:44:50.198,1.27755,1.27765,1.00,17.60
2009.02.16 11:44:50.418,1.2776,1.27765,2.40,8.00
2009.02.16 11:44:50.698,1.2776,1.2777,2.40,32.00
2009.02.16 11:44:53.237,1.2776,1.2777,2.60,22.60
2009.02.16 11:44:53.407,1.2776,1.2777,6.00,16.20
2009.02.16 11:44:53.467,1.2776,1.2777,2.60,16.40
2009.02.16 11:44:54.117,1.2776,1.2777,2.40,25.60
2009.02.16 11:44:55.277,1.2776,1.2777,2.40,27.20
2009.02.16 11:44:58.396,1.2776,1.27765,2.40,3.20
2009.02.16 11:44:58.786,1.27755,1.27765,16.00,3.20
2009.02.16 11:44:59.056,1.27755,1.27765,8.00,11.20
2009.02.16 11:44:59.226,1.2775,1.2776,2.60,16.00
2009.02.16 11:44:59.556,1.2775,1.2776,10.60,16.00
2009.02.16 11:44:59.886,1.2775,1.2776,22.00,16.00
2009.02.16 11:45:00.346,1.2776,1.27765,2.40,8.00
2009.02.16 11:45:00.755,1.27755,1.27765,26.40,3.20
2009.02.16 11:45:01.156,1.27755,1.27765,16.00,3.20
2009.02.16 11:45:02.915,1.27755,1.2776,16.00,1.00
2009.02.16 11:45:03.155,1.27755,1.2776,16.00,1.60
2009.02.16 11:45:03.455,1.27755,1.2776,8.00,1.60
2009.02.16 11:45:03.845,1.27755,1.2776,18.40,1.60
2009.02.16 11:45:04.255,1.2776,1.27765,1.00,23.60
2009.02.16 11:45:04.664,1.27755,1.27765,19.40,6.00
2009.02.16 11:45:05.144,1.2776,1.2777,10.40,19.20
2009.02.16 11:45:05.524,1.27755,1.27765,16.00,9.20
2009.02.16 11:45:07.294,1.27755,1.27765,16.00,9.40
2009.02.16 11:45:07.584,1.2775,1.27765,26.00,23.80
2009.02.16 11:45:07.804,1.2775,1.27765,23.60,23.80
2009.02.16 11:45:08.943,1.27755,1.27765,3.20,23.80
2009.02.16 11:45:13.052,1.27755,1.2776,3.20,1.00
2009.02.16 11:45:13.222,1.27755,1.2776,3.20,14.40
2009.02.16 11:45:13.522,1.27755,1.2776,3.20,23.80
2009.02.16 11:45:14.172,1.27755,1.2776,3.20,25.40
2009.02.16 11:45:14.452,1.27755,1.2776,3.20,24.80
2009.02.16 11:45:14.732,1.2776,1.27765,1.00,33.90
2009.02.16 11:45:15.082,1.27755,1.2776,3.20,23.80
2009.02.16 11:45:17.872,1.2775,1.2776,18.40,25.40
2009.02.16 11:45:17.922,1.2775,1.2776,18.40,25.40
2009.02.16 11:45:18.091,1.2775,1.2776,18.40,25.40
2009.02.16 11:45:20.921,1.2775,1.2776,10.40,25.40
2009.02.16 11:45:21.260,1.2775,1.2776,2.40,27.00
2009.02.16 11:45:21.670,1.2775,1.2776,10.40,27.00
2009.02.16 11:45:21.790,1.2775,1.2776,18.40,27.00
2009.02.16 11:45:22.180,1.2775,1.2776,10.40,27.00
2009.02.16 11:45:22.290,1.2775,1.2776,2.40,27.00
2009.02.16 11:45:22.740,1.2775,1.2776,18.40,27.00
2009.02.16 11:45:23.530,1.27745,1.27755,25.60,9.20
2009.02.16 11:45:23.810,1.27745,1.27755,20.80,10.80
2009.02.16 11:45:24.160,1.27745,1.27755,8.00,35.60
2009.02.16 11:45:24.390,1.2774,1.2775,16.00,3.20
2009.02.16 11:45:25.769,1.2774,1.2775,16.00,9.20
2009.02.16 11:45:28.988,1.2775,1.27755,2.40,26.20
2009.02.16 11:45:29.329,1.2775,1.27755,2.40,18.40
2009.02.16 11:45:29.669,1.2775,1.2776,2.40,27.00
2009.02.16 11:45:29.898,1.2775,1.2776,10.40,27.00
2009.02.16 11:45:30.188,1.2775,1.2776,18.40,27.00
2009.02.16 11:45:30.418,1.2775,1.2776,2.40,27.00
2009.02.16 11:45:31.469,1.27745,1.2776,34.80,28.60
2009.02.16 11:45:31.698,1.27745,1.27755,31.20,3.20
2009.02.16 11:45:31.968,1.27745,1.27755,8.00,11.20
2009.02.16 11:45:32.188,1.2774,1.27755,16.40,45.20
2009.02.16 11:45:33.908,1.2774,1.27755,16.40,46.00
2009.02.16 11:45:37.826,1.2774,1.2775,16.40,3.20
2009.02.16 11:45:37.996,1.2774,1.2775,16.00,3.20
2009.02.16 11:45:38.677,1.2774,1.2775,8.00,17.20
2009.02.16 11:45:38.736,1.27745,1.2775,1.00,25.20
2009.02.16 11:45:39.606,1.2774,1.27745,1.00,16.00
2009.02.16 11:45:39.956,1.2773,1.27745,22.00,19.20
2009.02.16 11:45:40.126,1.2773,1.27745,26.80,19.20
2009.02.16 11:45:42.195,1.2773,1.27745,22.00,19.20
2009.02.16 11:45:45.555,1.2773,1.27745,23.60,19.20
2009.02.16 11:45:46.654,1.27735,1.27745,5.00,19.20
2009.02.16 11:45:47.234,1.27735,1.27745,15.60,16.00
2009.02.16 11:45:47.574,1.2774,1.27745,1.00,16.00
2009.02.16 11:45:48.534,1.2774,1.27745,1.20,16.00
2009.02.16 11:45:49.094,1.2774,1.2775,1.20,16.00
2009.02.16 11:45:49.434,1.2774,1.2775,16.20,16.00
2009.02.16 11:45:51.923,1.2774,1.2775,16.20,17.60
2009.02.16 11:45:52.083,1.27735,1.2774,26.00,4.00
2009.02.16 11:45:52.713,1.2774,1.27745,2.40,31.20
2009.02.16 11:45:53.123,1.2774,1.2775,1.80,16.00
2009.02.16 11:45:53.633,1.2774,1.2775,8.20,16.00
2009.02.16 11:45:53.932,1.2774,1.27745,8.20,8.00
2009.02.16 11:45:54.372,1.2774,1.27745,1.00,16.00
2009.02.16 11:45:55.932,1.27735,1.2774,7.90,1.00
2009.02.16 11:45:56.332,1.2773,1.2774,18.60,16.00
2009.02.16 11:45:56.612,1.2773,1.2774,18.60,17.60
2009.02.16 11:45:56.672,1.2773,1.2774,2.60,17.60
2009.02.16 11:45:56.852,1.2773,1.2774,2.40,17.60
2009.02.16 11:45:58.611,1.2773,1.2774,7.40,17.60
2009.02.16 11:45:58.901,1.2773,1.2774,10.80,16.00
2009.02.16 11:45:59.241,1.2773,1.2774,18.80,8.00
2009.02.16 11:45:59.711,1.27735,1.27745,13.80,16.00
2009.02.16 11:46:00.001,1.27735,1.27745,15.40,16.00
2009.02.16 11:46:00.461,1.2774,1.27745,5.80,16.00
2009.02.16 11:46:00.731,1.2774,1.2775,6.00,16.00
2009.02.16 11:46:01.231,1.2774,1.2775,7.60,16.00
2009.02.16 11:46:01.411,1.2774,1.2775,9.20,16.00
2009.02.16 11:46:01.701,1.2774,1.2775,17.20,8.00
2009.02.16 11:46:01.981,1.27745,1.27755,1.00,16.00
2009.02.16 11:46:02.270,1.2775,1.27755,2.40,16.00
2009.02.16 11:46:02.501,1.2775,1.2776,2.40,30.20
2009.02.16 11:46:02.720,1.27745,1.27755,16.20,8.00
2009.02.16 11:46:03.061,1.27745,1.27755,16.20,16.00
2009.02.16 11:46:03.300,1.27745,1.27755,16.20,19.20
2009.02.16 11:46:03.630,1.2774,1.2775,18.60,1.00
2009.02.16 11:46:03.920,1.2774,1.2775,10.60,8.00
2009.02.16 11:46:04.490,1.2774,1.2775,2.40,19.20
2009.02.16 11:46:04.780,1.2774,1.2775,2.40,20.80
2009.02.16 11:46:06.379,1.2774,1.27745,2.40,17.20
2009.02.16 11:46:06.769,1.27735,1.2774,8.00,8.00
2009.02.16 11:46:07.169,1.2773,1.2774,18.60,1.60
2009.02.16 11:46:07.869,1.2773,1.2774,18.60,17.60
2009.02.16 11:46:08.609,1.2773,1.2774,18.60,1.60
2009.02.16 11:46:09.599,1.2774,1.27745,1.00,19.00
2009.02.16 11:46:10.059,1.2773,1.2774,18.60,1.60
2009.02.16 11:46:13.368,1.2773,1.2774,10.60,9.60
2009.02.16 11:46:13.928,1.27725,1.2774,16.00,33.40
2009.02.16 11:46:14.268,1.2772,1.27735,21.20,19.20
2009.02.16 11:46:16.737,1.2772,1.27735,19.60,19.20
2009.02.16 11:46:18.657,1.2772,1.27725,19.60,1.60
2009.02.16 11:46:19.186,1.2772,1.27725,8.00,16.80
2009.02.16 11:46:19.447,1.2771,1.27725,27.60,25.60
2009.02.16 11:46:19.757,1.2771,1.2772,3.60,16.00
2009.02.16 11:46:23.886,1.27705,1.2772,22.00,27.00
2009.02.16 11:46:24.395,1.277,1.2771,19.60,1.00
2009.02.16 11:46:24.726,1.27695,1.2771,29.20,25.40
2009.02.16 11:46:25.745,1.27695,1.2771,29.20,27.00
2009.02.16 11:46:26.425,1.277,1.2771,3.60,16.00
2009.02.16 11:46:31.873,1.277,1.2771,5.20,16.00
2009.02.16 11:46:31.933,1.27705,1.2771,3.40,16.00
2009.02.16 11:46:32.043,1.27705,1.2771,3.60,16.00
2009.02.16 11:46:32.274,1.2771,1.2772,1.00,20.10
2009.02.16 11:46:32.333,1.2771,1.27715,1.00,16.00
2009.02.16 11:46:34.393,1.27705,1.27715,14.00,16.00
2009.02.16 11:46:34.793,1.27705,1.27715,1.00,16.00
2009.02.16 11:46:35.023,1.27705,1.2771,1.00,8.00
2009.02.16 11:46:35.253,1.277,1.2771,3.60,16.00
2009.02.16 11:46:36.632,1.277,1.27705,3.40,7.60
2009.02.16 11:46:36.972,1.27695,1.277,6.40,16.00
2009.02.16 11:46:37.262,1.2769,1.277,12.40,8.00
2009.02.16 11:46:37.432,1.27695,1.27705,14.00,16.00
2009.02.16 11:46:39.272,1.27695,1.277,10.40,1.60
2009.02.16 11:46:39.512,1.27695,1.277,1.00,16.00
2009.02.16 11:46:39.742,1.27695,1.277,14.00,8.00
2009.02.16 11:46:39.961,1.27695,1.27705,14.00,16.00
2009.02.16 11:46:43.161,1.27695,1.27705,3.60,16.00
2009.02.16 11:46:43.461,1.27695,1.27705,1.00,16.00
2009.02.16 11:46:44.152,1.27695,1.27705,1.80,16.00
2009.02.16 11:46:44.430,1.27695,1.27705,18.00,8.00
2009.02.16 11:46:44.840,1.27695,1.2771,41.20,27.00
2009.02.16 11:46:48.210,1.27695,1.2771,38.80,35.00
2009.02.16 11:46:48.269,1.27695,1.2771,35.40,39.80
2009.02.16 11:46:48.489,1.27695,1.2771,21.00,41.40
2009.02.16 11:46:48.799,1.27695,1.2771,26.00,35.00
2009.02.16 11:46:48.919,1.27695,1.2771,36.40,27.00
2009.02.16 11:46:49.309,1.27695,1.2771,41.20,27.00
2009.02.16 11:46:50.189,1.277,1.2771,3.40,26.80
2009.02.16 11:46:50.409,1.277,1.2771,3.60,16.00
2009.02.16 11:46:55.268,1.277,1.2771,3.60,19.00
2009.02.16 11:46:56.177,1.277,1.2771,3.60,16.00
2009.02.16 11:47:01.576,1.27705,1.2771,2.40,16.00
2009.02.16 11:47:01.856,1.27705,1.2771,16.40,8.00
2009.02.16 11:47:02.026,1.27705,1.2772,34.80,28.60
2009.02.16 11:47:05.105,1.27705,1.2772,39.60,22.40
2009.02.16 11:47:06.255,1.27705,1.2772,16.20,38.20
2009.02.16 11:47:06.735,1.27705,1.2772,26.60,36.60
2009.02.16 11:47:07.085,1.27705,1.27715,8.20,8.00
2009.02.16 11:47:07.315,1.27705,1.27715,1.00,16.00
2009.02.16 11:47:11.294,1.27705,1.27715,16.40,8.00
2009.02.16 11:47:11.584,1.27705,1.2772,34.80,22.40
2009.02.16 11:47:11.874,1.2771,1.2772,2.60,19.20
2009.02.16 11:47:13.483,1.2771,1.2772,2.60,20.80
2009.02.16 11:47:13.873,1.27705,1.2771,8.00,9.60
2009.02.16 11:47:14.103,1.277,1.2771,16.20,9.60
2009.02.16 11:47:14.333,1.277,1.2771,16.20,1.60
2009.02.16 11:47:38.897,1.277,1.2771,16.00,4.80
2009.02.16 11:47:39.477,1.277,1.2771,16.00,36.60
2009.02.16 11:47:40.687,1.27695,1.277,20.60,1.00
2009.02.16 11:47:40.857,1.27695,1.277,12.40,1.60
2009.02.16 11:47:41.137,1.27695,1.27705,16.00,26.80
2009.02.16 11:47:41.637,1.27695,1.27705,16.00,25.20
2009.02.16 11:47:41.866,1.27695,1.277,8.00,8.00
2009.02.16 11:47:42.046,1.2769,1.277,19.60,16.00
2009.02.16 11:47:42.906,1.27695,1.277,2.40,16.00
2009.02.16 11:47:43.186,1.27695,1.277,18.00,8.00
2009.02.16 11:47:43.416,1.27695,1.27705,36.40,16.00
2009.02.16 11:47:43.586,1.27695,1.27705,41.20,16.00
2009.02.16 11:47:45.446,1.27695,1.27705,33.80,24.80
2009.02.16 11:47:45.726,1.2769,1.277,16.20,16.00
2009.02.16 11:47:45.955,1.2769,1.277,16.00,19.20
2009.02.16 11:47:46.185,1.2769,1.277,8.00,19.20
2009.02.16 11:47:46.475,1.27685,1.277,30.80,19.20
2009.02.16 11:47:46.765,1.27685,1.277,26.00,19.20
2009.02.16 11:47:47.515,1.2769,1.277,8.00,19.20
2009.02.16 11:47:47.735,1.2769,1.277,16.00,19.20
2009.02.16 11:47:51.524,1.2769,1.277,8.00,19.20
2009.02.16 11:47:51.864,1.27685,1.277,26.00,25.40
2009.02.16 11:47:54.833,1.27685,1.2769,22.00,4.00
2009.02.16 11:47:55.123,1.27685,1.27695,18.60,10.40
2009.02.16 11:47:55.414,1.2768,1.2769,16.80,25.40
2009.02.16 11:47:55.753,1.2768,1.27685,4.80,1.60
2009.02.16 11:47:56.103,1.2768,1.27685,1.00,1.60
2009.02.16 11:47:56.443,1.2768,1.27685,1.00,24.80
2009.02.16 11:47:56.783,1.27675,1.2768,5.00,8.00
2009.02.16 11:47:57.023,1.2767,1.2768,19.60,15.20
2009.02.16 11:47:57.253,1.2767,1.2768,19.60,7.20
2009.02.16 11:47:57.523,1.2767,1.27685,19.60,20.80
2009.02.16 11:47:58.352,1.2767,1.27685,21.20,20.80
2009.02.16 11:47:58.522,1.2767,1.27685,22.80,20.80
2009.02.16 11:47:58.702,1.2767,1.27685,24.40,20.80
2009.02.16 11:48:00.142,1.2767,1.27685,22.80,20.80
2009.02.16 11:48:00.572,1.2767,1.27685,21.20,20.80
2009.02.16 11:48:04.721,1.2767,1.27685,21.20,26.80
2009.02.16 11:48:10.319,1.2767,1.27685,23.60,26.80
2009.02.16 11:48:15.488,1.2767,1.2768,18.60,1.60
2009.02.16 11:48:15.878,1.2767,1.2768,18.60,8.00
2009.02.16 11:48:16.238,1.2767,1.2768,18.40,19.20
2009.02.16 11:48:18.318,1.2767,1.27675,10.40,13.60
2009.02.16 11:48:18.658,1.2767,1.27675,2.40,32.80
2009.02.16 11:48:19.048,1.2766,1.2767,2.60,16.00
2009.02.16 11:48:19.337,1.2766,1.2767,18.60,16.00
2009.02.16 11:48:20.467,1.2766,1.27665,18.40,1.60
2009.02.16 11:48:20.797,1.2766,1.2767,2.40,50.40
2009.02.16 11:48:21.137,1.27655,1.2766,8.00,6.00
2009.02.16 11:48:21.417,1.27645,1.27655,1.60,27.00
2009.02.16 11:48:21.597,1.2764,1.2765,1.00,35.00
2009.02.16 11:48:21.867,1.2763,1.27645,18.40,50.80
2009.02.16 11:48:22.207,1.2763,1.27645,21.80,42.00
2009.02.16 11:48:22.647,1.2763,1.2765,16.20,58.00
2009.02.16 11:48:23.066,1.27635,1.2765,8.00,41.20
2009.02.16 11:48:23.407,1.27635,1.2765,8.00,34.80
2009.02.16 11:48:23.686,1.2763,1.2765,22.80,34.80
2009.02.16 11:48:24.376,1.2763,1.2765,23.60,34.80
2009.02.16 11:48:24.726,1.2763,1.27645,23.60,17.60
2009.02.16 11:48:25.416,1.27635,1.27645,5.80,17.60
2009.02.16 11:48:25.646,1.27635,1.27645,3.40,14.40
2009.02.16 11:48:25.876,1.27635,1.27645,11.40,14.40
2009.02.16 11:48:26.156,1.2764,1.27645,10.40,8.00
2009.02.16 11:48:26.386,1.2764,1.27655,18.40,40.40
2009.02.16 11:48:26.626,1.27645,1.27655,1.60,40.40
2009.02.16 11:48:29.845,1.2764,1.27655,21.80,34.00
2009.02.16 11:48:31.654,1.2764,1.2765,21.80,19.20
2009.02.16 11:48:31.824,1.2764,1.27655,21.60,34.20
2009.02.16 11:48:31.995,1.2764,1.27655,20.00,34.20
2009.02.16 11:48:33.494,1.2764,1.27655,21.60,34.20
2009.02.16 11:48:33.844,1.2764,1.27655,25.00,25.40
2009.02.16 11:48:34.064,1.2764,1.2766,28.40,30.00
2009.02.16 11:48:34.644,1.2764,1.27655,28.40,22.80
2009.02.16 11:48:34.863,1.27645,1.27655,8.00,23.60
2009.02.16 11:48:35.543,1.27645,1.27655,17.60,17.20
2009.02.16 11:48:35.883,1.2765,1.2766,10.40,25.40
2009.02.16 11:48:36.074,1.2765,1.27655,10.40,6.00
2009.02.16 11:48:36.193,1.2765,1.27655,3.20,9.20
2009.02.16 11:48:37.703,1.27645,1.2765,10.40,9.20
2009.02.16 11:48:37.873,1.27645,1.27655,8.00,26.20
2009.02.16 11:48:38.093,1.2764,1.27655,10.40,44.60
2009.02.16 11:48:38.453,1.2764,1.27655,12.00,44.60
2009.02.16 11:48:41.172,1.2764,1.2765,10.40,25.40
2009.02.16 11:48:42.672,1.2764,1.2765,2.40,25.40
2009.02.16 11:48:42.912,1.2764,1.27645,2.40,4.80
2009.02.16 11:48:43.031,1.27645,1.2765,2.40,26.40
2009.02.16 11:48:43.312,1.27635,1.27645,19.20,28.60
2009.02.16 11:48:43.602,1.27625,1.2764,3.20,28.40
2009.02.16 11:48:43.831,1.27625,1.2764,6.80,23.60
2009.02.16 11:48:44.281,1.2762,1.2764,24.40,28.40
2009.02.16 11:48:46.601,1.2763,1.2764,2.40,25.40
2009.02.16 11:48:46.781,1.2763,1.27645,2.40,39.00
2009.02.16 11:48:57.398,1.2763,1.2764,2.40,27.00
2009.02.16 11:49:00.707,1.2763,1.2764,2.40,25.40
2009.02.16 11:49:02.777,1.2763,1.2764,4.00,25.40
2009.02.16 11:49:04.326,1.27625,1.2763,15.20,9.40
2009.02.16 11:49:04.677,1.27625,1.2763,1.00,25.40
2009.02.16 11:49:05.366,1.2762,1.27625,3.00,4.80
2009.02.16 11:49:05.776,1.2761,1.2762,21.80,16.00
2009.02.16 11:49:06.336,1.2761,1.27615,3.60,16.00
2009.02.16 11:49:06.676,1.276,1.27615,25.20,16.00
2009.02.16 11:49:07.156,1.27605,1.27615,3.40,16.00
2009.02.16 11:49:07.436,1.27605,1.27615,12.00,25.20
2009.02.16 11:49:07.736,1.276,1.2761,17.20,8.00
2009.02.16 11:49:08.256,1.276,1.2761,9.20,16.00
2009.02.16 11:49:08.836,1.276,1.2761,10.80,16.00
2009.02.16 11:49:09.006,1.27605,1.2761,5.00,16.00
2009.02.16 11:49:09.485,1.27605,1.27615,15.60,16.00
2009.02.16 11:49:12.185,1.27605,1.27615,16.40,16.00
2009.02.16 11:49:12.484,1.2761,1.27615,1.20,16.00
2009.02.16 11:49:12.645,1.27605,1.27615,32.40,16.00
2009.02.16 11:49:12.764,1.27605,1.27615,35.60,16.00
2009.02.16 11:49:13.054,1.2761,1.27615,1.60,16.00
2009.02.16 11:49:13.394,1.2762,1.27625,1.60,30.00
2009.02.16 11:49:13.694,1.27615,1.27625,15.60,20.10
2009.02.16 11:49:13.964,1.27615,1.27625,23.60,16.00
2009.02.16 11:49:14.734,1.27615,1.27625,15.60,16.00
2009.02.16 11:49:17.093,1.27615,1.27625,26.40,8.00
2009.02.16 11:49:17.273,1.27615,1.2763,34.40,25.20
2009.02.16 11:49:18.433,1.2762,1.2763,16.00,25.20
2009.02.16 11:49:24.741,1.2762,1.2763,16.00,30.20
2009.02.16 11:49:24.913,1.2762,1.27625,8.00,3.20
2009.02.16 11:49:25.142,1.27615,1.27625,16.00,3.20
2009.02.16 11:49:25.481,1.2761,1.27625,28.40,19.20
2009.02.16 11:49:28.641,1.27615,1.27625,3.40,16.00
2009.02.16 11:49:28.760,1.27615,1.27625,14.60,16.00
2009.02.16 11:49:29.151,1.27615,1.27625,34.80,16.00
2009.02.16 11:49:32.450,1.27615,1.27625,28.20,16.00
2009.02.16 11:49:32.570,1.27615,1.27625,28.00,25.20
2009.02.16 11:49:32.810,1.27615,1.27625,26.40,25.20
2009.02.16 11:49:32.979,1.27615,1.27625,16.00,25.20
2009.02.16 11:49:35.749,1.27615,1.27625,8.00,25.20
2009.02.16 11:49:36.039,1.2761,1.27625,28.40,25.20
2009.02.16 11:49:40.588,1.27615,1.27625,16.00,25.20
2009.02.16 11:49:49.176,1.27615,1.27625,16.00,29.20
2009.02.16 11:49:49.355,1.27615,1.27625,16.00,30.80
2009.02.16 11:49:49.646,1.27615,1.2762,8.00,8.00
2009.02.16 11:49:49.996,1.2761,1.2762,20.20,16.00
2009.02.16 11:49:50.685,1.2761,1.27625,23.60,35.60
2009.02.16 11:49:50.925,1.2761,1.27625,23.60,25.20
2009.02.16 11:49:52.405,1.27615,1.27625,8.00,25.20
2009.02.16 11:49:52.575,1.27615,1.27625,16.00,25.20
2009.02.16 11:49:56.974,1.27615,1.27625,8.00,25.20
2009.02.16 11:49:57.084,1.2761,1.27625,23.60,25.20
2009.02.16 11:49:58.443,1.2761,1.2762,23.40,9.40
2009.02.16 11:49:58.734,1.2761,1.2762,20.00,9.40
2009.02.16 11:49:58.963,1.2761,1.2762,20.00,25.40
2009.02.16 11:49:59.363,1.2761,1.27615,17.60,3.20
2009.02.16 11:49:59.473,1.27605,1.27615,8.00,19.20
2009.02.16 11:49:59.753,1.276,1.27615,23.60,19.20
2009.02.16 11:50:00.333,1.27605,1.27615,3.60,16.00
2009.02.16 11:50:00.733,1.27605,1.2761,3.40,1.60
2009.02.16 11:50:01.024,1.27595,1.27605,27.40,16.00
2009.02.16 11:50:01.253,1.276,1.27605,6.00,16.00
2009.02.16 11:50:01.542,1.276,1.2761,14.00,8.00
2009.02.16 11:50:01.773,1.276,1.27615,22.00,25.20
2009.02.16 11:50:02.253,1.27605,1.27615,19.40,19.20
2009.02.16 11:50:02.652,1.2761,1.2762,22.00,11.20
2009.02.16 11:50:03.052,1.2761,1.2762,18.40,17.40
2009.02.16 11:50:03.452,1.2761,1.2762,18.40,25.40
2009.02.16 11:50:04.732,1.2761,1.2762,20.00,25.40
2009.02.16 11:50:11.001,1.2761,1.27615,20.00,12.00
2009.02.16 11:50:11.350,1.27605,1.2761,8.00,8.00
2009.02.16 11:50:11.641,1.276,1.2761,23.60,16.00
2009.02.16 11:50:11.920,1.276,1.2761,12.00,19.20
2009.02.16 11:50:12.370,1.276,1.27605,17.60,15.00
2009.02.16 11:50:12.660,1.27595,1.276,8.00,8.00
2009.02.16 11:50:12.990,1.2759,1.276,16.00,25.20
2009.02.16 11:50:13.340,1.2759,1.276,19.80,8.00
2009.02.16 11:50:13.680,1.27595,1.27605,3.40,19.20
2009.02.16 11:50:14.080,1.27595,1.27605,30.00,16.00
2009.02.16 11:50:15.110,1.276,1.27605,1.00,16.00
2009.02.16 11:50:15.389,1.276,1.27605,1.60,16.00
2009.02.16 11:50:16.849,1.27595,1.27605,8.00,19.20
2009.02.16 11:50:17.129,1.2759,1.27605,23.60,25.20
2009.02.16 11:50:19.328,1.27595,1.27605,7.40,22.00
2009.02.16 11:50:19.558,1.276,1.27605,2.40,8.00
2009.02.16 11:50:19.788,1.276,1.2761,2.40,25.40
2009.02.16 11:50:20.198,1.276,1.27605,1.60,8.00
2009.02.16 11:50:20.468,1.27595,1.27605,8.00,19.20
2009.02.16 11:50:20.698,1.2759,1.27605,23.60,19.20
2009.02.16 11:50:23.077,1.27595,1.27605,1.00,19.20
2009.02.16 11:50:23.137,1.276,1.27605,2.40,19.20
2009.02.16 11:50:23.257,1.276,1.27605,2.40,16.00
2009.02.16 11:50:23.377,1.276,1.27605,4.00,16.00
2009.02.16 11:50:23.557,1.276,1.27605,4.00,8.00
2009.02.16 11:50:23.658,1.276,1.2761,4.00,25.40
2009.02.16 11:50:24.117,1.276,1.2761,1.60,25.40
2009.02.16 11:50:24.237,1.27595,1.276,16.80,1.00
2009.02.16 11:50:24.577,1.27595,1.276,33.80,1.00
2009.02.16 11:50:24.867,1.276,1.2761,2.40,25.40
2009.02.16 11:50:25.737,1.276,1.2761,15.40,17.20
2009.02.16 11:50:26.087,1.276,1.27615,23.60,25.20
2009.02.16 11:50:26.427,1.27605,1.27615,1.00,16.00
2009.02.16 11:50:26.837,1.2761,1.2762,18.40,16.00
2009.02.16 11:50:27.066,1.2761,1.2762,18.60,16.00
2009.02.16 11:50:27.926,1.2761,1.2762,20.20,16.00
2009.02.16 11:50:29.676,1.2761,1.2762,20.20,17.60
2009.02.16 11:50:30.026,1.2761,1.2762,20.20,20.80
2009.02.16 11:50:31.156,1.27615,1.2762,19.60,1.60
2009.02.16 11:50:31.435,1.27615,1.2762,16.20,3.20
2009.02.16 11:50:31.615,1.27615,1.2762,3.60,17.60
2009.02.16 11:50:31.876,1.27615,1.2762,10.40,1.60
2009.02.16 11:50:32.175,1.27615,1.2762,3.60,8.00
2009.02.16 11:50:32.415,1.2761,1.2762,18.60,1.60
2009.02.16 11:50:32.685,1.27615,1.2762,8.20,8.00
2009.02.16 11:50:33.095,1.27615,1.27625,20.00,16.00
2009.02.16 11:50:33.495,1.2762,1.2763,7.60,16.00
2009.02.16 11:50:33.735,1.27625,1.27635,19.60,16.00
2009.02.16 11:50:34.025,1.27625,1.27635,16.20,17.60
2009.02.16 11:50:34.297,1.27625,1.27635,8.00,20.80
2009.02.16 11:50:34.805,1.27625,1.27635,16.00,20.80
2009.02.16 11:50:35.855,1.2762,1.27625,16.10,1.60
2009.02.16 11:50:36.244,1.27625,1.2763,16.00,3.20
2009.02.16 11:50:36.664,1.2762,1.27625,16.10,1.60
2009.02.16 11:50:37.114,1.27625,1.2763,16.00,6.40
2009.02.16 11:50:37.284,1.27615,1.2762,20.90,1.60
2009.02.16 11:50:37.634,1.27615,1.2762,16.20,1.60
2009.02.16 11:50:37.924,1.27615,1.27625,16.20,17.60
2009.02.16 11:50:39.223,1.27615,1.27625,16.20,19.20
2009.02.16 11:50:39.453,1.27615,1.27625,16.20,20.80
2009.02.16 11:50:40.443,1.27615,1.27625,16.00,20.80
2009.02.16 11:50:42.313,1.2761,1.27615,19.00,1.60
2009.02.16 11:50:42.483,1.27615,1.2762,16.00,1.60
2009.02.16 11:50:42.653,1.27615,1.2762,8.00,1.60
2009.02.16 11:50:42.823,1.2761,1.2762,18.60,1.60
2009.02.16 11:50:50.531,1.2761,1.27615,22.00,1.60
2009.02.16 11:50:50.651,1.27615,1.27625,8.20,20.00
2009.02.16 11:50:50.821,1.27615,1.27625,8.20,9.60
2009.02.16 11:50:50.931,1.27615,1.2762,16.20,1.60
2009.02.16 11:50:52.870,1.27615,1.2763,16.20,41.60
2009.02.16 11:50:54.670,1.27615,1.2763,16.00,47.80
2009.02.16 11:50:55.070,1.2761,1.2762,18.60,1.60
2009.02.16 11:50:56.789,1.27615,1.2762,16.20,1.00
2009.02.16 11:50:57.119,1.27615,1.2763,16.20,41.60
2009.02.16 11:50:59.418,1.27615,1.2762,16.20,1.00
2009.02.16 11:50:59.539,1.27615,1.2762,16.00,1.00
2009.02.16 11:50:59.868,1.2761,1.2762,18.60,1.60
2009.02.16 11:51:01.378,1.2761,1.27625,22.00,29.60
2009.02.16 11:51:01.549,1.27615,1.27625,8.20,8.00
2009.02.16 11:51:01.778,1.27615,1.2763,16.20,28.80
2009.02.16 11:51:03.808,1.27615,1.2762,20.00,1.00
2009.02.16 11:51:04.038,1.2762,1.27625,8.00,4.20
2009.02.16 11:51:04.317,1.2762,1.2763,18.60,16.00
2009.02.16 11:51:05.707,1.2762,1.27625,16.20,9.60
2009.02.16 11:51:06.207,1.27615,1.27625,16.00,29.60
2009.02.16 11:51:06.317,1.27615,1.27625,16.00,37.60
2009.02.16 11:51:06.767,1.2761,1.2762,1.00,16.00
2009.02.16 11:51:07.517,1.27605,1.2762,16.20,28.80
2009.02.16 11:51:07.807,1.27605,1.27615,16.20,16.00
2009.02.16 11:51:08.386,1.2762,1.27625,8.00,24.80
2009.02.16 11:51:08.687,1.2762,1.27625,16.00,25.80
2009.02.16 11:51:09.036,1.27605,1.2762,16.20,28.80
2009.02.16 11:51:09.436,1.27605,1.27615,16.20,16.00
2009.02.16 11:51:10.766,1.27605,1.27615,16.20,20.80
2009.02.16 11:51:11.736,1.27605,1.27615,16.20,24.00
2009.02.16 11:51:12.016,1.27605,1.27615,16.00,24.00
2009.02.16 11:51:12.540,1.276,1.27615,23.80,24.00
2009.02.16 11:51:14.335,1.27605,1.27615,8.00,24.00
2009.02.16 11:51:14.625,1.27605,1.27615,16.00,24.00
2009.02.16 11:51:15.355,1.27605,1.27615,16.00,20.80
2009.02.16 11:51:15.535,1.27605,1.27615,16.20,20.80
2009.02.16 11:51:23.363,1.2761,1.2762,20.20,20.80
2009.02.16 11:51:23.883,1.2761,1.2762,20.20,20.80
2009.02.16 11:51:24.163,1.27615,1.27625,16.20,7.20
2009.02.16 11:51:24.343,1.27615,1.27625,8.00,25.60
2009.02.16 11:51:24.453,1.2761,1.2762,25.20,4.00
2009.02.16 11:51:24.623,1.2761,1.2762,21.80,4.00
2009.02.16 11:51:24.982,1.2761,1.2762,20.20,4.00
2009.02.16 11:51:25.722,1.2761,1.2762,20.00,4.00
2009.02.16 11:51:26.292,1.2761,1.2762,20.00,1.00
2009.02.16 11:51:26.572,1.27625,1.2763,9.60,34.20
2009.02.16 11:51:26.982,1.27615,1.27625,22.40,4.80
2009.02.16 11:51:27.272,1.2762,1.27625,5.00,26.40
2009.02.16 11:51:27.732,1.2762,1.2763,25.20,16.00
2009.02.16 11:51:28.072,1.27615,1.2762,8.00,22.20
2009.02.16 11:51:28.422,1.27605,1.27615,16.20,16.00
2009.02.16 11:51:29.121,1.27605,1.27615,24.40,16.00
2009.02.16 11:51:29.591,1.27605,1.27615,16.20,16.00
2009.02.16 11:51:32.781,1.27605,1.27615,16.00,16.00
2009.02.16 11:51:35.680,1.27605,1.2762,19.20,30.20
2009.02.16 11:51:36.070,1.27605,1.27615,34.60,16.00
2009.02.16 11:51:36.919,1.2761,1.27615,4.00,16.00
2009.02.16 11:51:37.370,1.2761,1.27615,14.00,8.00
2009.02.16 11:51:37.809,1.2761,1.27625,26.80,25.20
2009.02.16 11:51:38.219,1.27615,1.27625,16.00,25.20
2009.02.16 11:51:40.169,1.27615,1.27625,17.60,25.20
2009.02.16 11:51:40.459,1.27615,1.27625,31.60,16.00
2009.02.16 11:51:40.579,1.2762,1.27625,9.20,16.00
2009.02.16 11:51:40.689,1.2762,1.27625,18.80,8.00
2009.02.16 11:51:40.850,1.2762,1.2763,26.80,16.00
2009.02.16 11:51:40.959,1.27625,1.27635,16.00,19.20
2009.02.16 11:51:41.540,1.27625,1.27635,16.00,34.40
2009.02.16 11:51:41.938,1.27625,1.27635,16.00,40.40
2009.02.16 11:51:42.668,1.2763,1.27635,8.00,27.60
2009.02.16 11:51:43.069,1.2763,1.27635,18.40,10.40
2009.02.16 11:51:43.288,1.27625,1.2763,22.60,1.00
2009.02.16 11:51:43.528,1.27625,1.2763,24.20,1.00
2009.02.16 11:51:43.698,1.2763,1.2764,20.00,25.40
2009.02.16 11:51:47.247,1.27625,1.2763,18.40,1.00
2009.02.16 11:51:47.607,1.2762,1.2763,18.40,11.00
2009.02.16 11:51:47.787,1.2762,1.2763,8.00,27.00
2009.02.16 11:51:48.087,1.27615,1.27625,16.00,3.20
2009.02.16 11:51:54.915,1.2761,1.2762,20.20,4.00
2009.02.16 11:51:55.675,1.2761,1.2762,25.00,4.00
2009.02.16 11:51:55.905,1.2762,1.27625,15.20,18.40
2009.02.16 11:51:56.185,1.2762,1.2763,23.20,25.40
2009.02.16 11:51:56.425,1.2762,1.2763,24.80,25.40
2009.02.16 11:51:57.184,1.2762,1.2763,24.00,25.40
2009.02.16 11:51:57.474,1.2762,1.2763,29.20,19.20
2009.02.16 11:51:57.825,1.2762,1.2763,30.00,8.00
2009.02.16 11:51:58.275,1.27625,1.27635,8.00,40.40
2009.02.16 11:51:58.514,1.27625,1.27635,16.00,40.40
2009.02.16 11:51:58.917,1.27615,1.2762,21.60,4.00
2009.02.16 11:51:59.154,1.2762,1.27625,23.60,8.00
2009.02.16 11:51:59.674,1.27625,1.27635,8.00,40.40
2009.02.16 11:51:59.974,1.27625,1.27635,16.00,40.40
2009.02.16 11:52:00.664,1.2762,1.2763,1.80,16.00
2009.02.16 11:52:01.594,1.2762,1.2763,9.20,16.00
2009.02.16 11:52:01.835,1.2762,1.2763,23.60,16.00
2009.02.16 11:52:02.004,1.2762,1.2763,33.20,16.00
2009.02.16 11:52:02.233,1.2762,1.2763,33.20,8.00
2009.02.16 11:52:02.413,1.2762,1.27635,33.20,16.00
2009.02.16 11:52:03.083,1.2763,1.27635,1.60,16.00
2009.02.16 11:52:03.723,1.2762,1.27635,42.60,20.80
2009.02.16 11:52:03.893,1.2762,1.27635,34.60,20.80
2009.02.16 11:52:03.993,1.2762,1.2763,26.60,4.00
2009.02.16 11:52:06.082,1.2762,1.2763,26.40,3.20
2009.02.16 11:52:07.992,1.27615,1.2762,36.20,1.40
2009.02.16 11:52:08.432,1.2762,1.2763,24.80,3.20
2009.02.16 11:52:10.061,1.2762,1.2763,23.20,3.20
2009.02.16 11:52:16.320,1.2762,1.2763,24.80,3.20
2009.02.16 11:52:16.660,1.2762,1.2763,26.40,11.20
2009.02.16 11:52:16.830,1.2762,1.2763,28.00,11.20
2009.02.16 11:52:17.060,1.2762,1.2763,28.00,19.20
2009.02.16 11:52:18.660,1.27625,1.2763,3.40,19.20
2009.02.16 11:52:18.769,1.2763,1.27635,4.00,34.10
2009.02.16 11:52:18.949,1.2763,1.27635,4.00,27.90
2009.02.16 11:52:19.180,1.2763,1.2764,8.80,16.10
2009.02.16 11:52:19.789,1.27625,1.2763,27.40,1.20
2009.02.16 11:52:20.019,1.2763,1.27635,12.80,2.70
2009.02.16 11:52:20.359,1.27625,1.27635,20.80,12.20
2009.02.16 11:52:20.759,1.27625,1.27635,20.80,20.20
2009.02.16 11:52:21.689,1.27625,1.27635,17.60,20.20
2009.02.16 11:52:21.929,1.27625,1.27635,16.00,23.40
2009.02.16 11:52:22.209,1.2763,1.27635,2.40,23.40
2009.02.16 11:52:22.508,1.2763,1.27635,10.40,15.40
2009.02.16 11:52:22.679,1.27625,1.2763,27.30,1.20
2009.02.16 11:52:25.228,1.2763,1.27635,20.80,4.40
2009.02.16 11:52:25.408,1.2763,1.27635,20.80,10.60
2009.02.16 11:52:25.638,1.27625,1.2763,8.00,8.00
2009.02.16 11:52:25.858,1.2762,1.2763,31.60,16.00
2009.02.16 11:52:26.207,1.2762,1.2763,31.60,16.00
2009.02.16 11:52:29.177,1.2763,1.27635,2.40,21.30
2009.02.16 11:52:29.527,1.27625,1.2763,19.80,1.20
2009.02.16 11:52:29.767,1.2763,1.2764,15.00,16.70
2009.02.16 11:52:30.107,1.2763,1.2764,23.00,16.70
2009.02.16 11:52:30.517,1.27625,1.27635,15.80,10.40
2009.02.16 11:52:30.866,1.2762,1.2763,23.60,16.00
2009.02.16 11:52:32.166,1.2762,1.2763,23.60,16.00
2009.02.16 11:52:37.625,1.2762,1.2763,23.40,22.00
2009.02.16 11:52:37.795,1.2762,1.2763,20.00,22.00
2009.02.16 11:52:37.995,1.2762,1.2763,18.40,27.00
2009.02.16 11:52:56.150,1.2762,1.2763,18.20,27.00
2009.02.16 11:52:56.970,1.2762,1.2763,17.60,27.00
2009.02.16 11:53:00.669,1.2762,1.2763,17.60,25.40
2009.02.16 11:53:00.779,1.2762,1.2763,15.20,25.40
2009.02.16 11:53:01.009,1.2762,1.2763,15.20,29.80
2009.02.16 11:53:01.589,1.2762,1.2763,19.20,29.80
2009.02.16 11:53:01.929,1.27625,1.2763,8.00,12.20
2009.02.16 11:53:02.199,1.27625,1.27635,18.40,17.40
2009.02.16 11:53:03.118,1.27625,1.27635,18.40,19.00
2009.02.16 11:53:03.629,1.2763,1.27635,2.40,18.80
2009.02.16 11:53:03.858,1.2763,1.27635,2.40,2.60
2009.02.16 11:53:04.019,1.27625,1.2763,15.00,1.00
2009.02.16 11:53:04.428,1.2763,1.27635,18.40,1.80
2009.02.16 11:53:04.708,1.2763,1.27635,16.00,1.80
2009.02.16 11:53:06.678,1.27635,1.2764,17.20,9.20
2009.02.16 11:53:07.268,1.27635,1.27645,12.00,22.00
2009.02.16 11:53:07.498,1.27635,1.27645,26.40,9.20
2009.02.16 11:53:07.917,1.2763,1.2764,23.60,16.00
2009.02.16 11:53:09.347,1.2763,1.2764,23.60,15.60
2009.02.16 11:53:09.837,1.2763,1.2764,23.40,21.60
2009.02.16 11:53:09.957,1.2763,1.2764,18.40,21.80
2009.02.16 11:53:10.127,1.2763,1.2764,2.40,25.40
2009.02.16 11:53:10.597,1.2763,1.2764,10.40,25.40
2009.02.16 11:53:10.897,1.2763,1.2764,18.40,25.40
2009.02.16 11:53:12.036,1.2763,1.2764,18.40,27.00
2009.02.16 11:53:17.765,1.2763,1.27635,16.00,3.20
2009.02.16 11:53:18.115,1.27625,1.27635,18.40,4.80
2009.02.16 11:53:19.684,1.27625,1.27635,22.40,4.80
2009.02.16 11:53:19.965,1.27625,1.27635,32.80,4.80
2009.02.16 11:53:20.145,1.2763,1.2764,2.40,27.00
2009.02.16 11:53:20.384,1.2763,1.2764,18.40,27.00
2009.02.16 11:53:22.104,1.2763,1.2764,18.40,20.80
2009.02.16 11:53:23.873,1.2763,1.2764,18.40,4.80
2009.02.16 11:53:26.253,1.2763,1.2764,18.40,11.00
2009.02.16 11:53:26.473,1.2763,1.2764,18.40,27.00
2009.02.16 11:53:27.403,1.2763,1.2764,18.40,19.00
2009.02.16 11:53:27.523,1.2763,1.2764,18.40,11.00
2009.02.16 11:53:28.152,1.2763,1.2764,18.40,27.00
2009.02.16 11:53:32.062,1.27635,1.2764,2.40,26.80
2009.02.16 11:53:32.172,1.27635,1.2764,10.40,8.00
2009.02.16 11:53:32.462,1.27635,1.27645,18.40,15.80
2009.02.16 11:53:32.522,1.27635,1.27645,10.40,25.40
2009.02.16 11:53:32.692,1.27635,1.27645,10.40,26.40
2009.02.16 11:53:32.811,1.2763,1.2764,18.40,9.40
2009.02.16 11:53:33.041,1.27635,1.2764,8.00,19.00
2009.02.16 11:53:33.331,1.2763,1.2764,18.40,27.00
2009.02.16 11:53:36.151,1.2763,1.2764,18.40,23.80
2009.02.16 11:53:36.550,1.27635,1.2764,10.40,9.60
2009.02.16 11:53:37.010,1.27635,1.2764,8.00,11.00
2009.02.16 11:53:37.351,1.2763,1.2764,18.40,27.00
2009.02.16 11:53:39.460,1.2763,1.2764,18.40,11.00
2009.02.16 11:53:40.930,1.27635,1.2764,2.40,1.60
2009.02.16 11:53:41.209,1.27635,1.2764,10.40,1.60
2009.02.16 11:53:41.319,1.27635,1.2764,8.00,1.60
2009.02.16 11:53:41.659,1.2763,1.2764,18.60,1.60
2009.02.16 11:53:41.889,1.2763,1.2764,18.40,11.00
2009.02.16 11:54:00.675,1.2763,1.2764,18.40,9.40
2009.02.16 11:54:01.115,1.2763,1.2764,20.00,9.40
2009.02.16 11:54:01.285,1.2763,1.2764,23.60,5.20
2009.02.16 11:54:01.455,1.2764,1.27645,2.40,37.80
2009.02.16 11:54:01.744,1.2764,1.27645,2.40,16.00
2009.02.16 11:54:02.045,1.2764,1.27645,10.40,8.00
2009.02.16 11:54:02.494,1.2764,1.2765,18.40,25.40
2009.02.16 11:54:02.725,1.2764,1.2765,18.40,27.00
2009.02.16 11:54:04.764,1.2764,1.2765,18.40,20.80
2009.02.16 11:54:09.353,1.2764,1.2765,18.40,27.00
2009.02.16 11:54:10.092,1.2764,1.2765,2.40,27.00
2009.02.16 11:54:10.322,1.2764,1.2765,10.40,19.00
2009.02.16 11:54:10.442,1.2764,1.2765,18.40,9.40
2009.02.16 11:54:12.282,1.2764,1.2765,18.40,11.00
2009.02.16 11:54:12.682,1.2764,1.27645,16.00,6.00
2009.02.16 11:54:12.792,1.2764,1.27645,16.00,9.20
2009.02.16 11:54:13.252,1.2764,1.27645,16.00,3.20
2009.02.16 11:54:13.432,1.27635,1.27645,16.00,3.20
2009.02.16 11:54:14.201,1.27635,1.27645,17.60,3.20
2009.02.16 11:54:14.761,1.2764,1.2765,2.40,30.20
2009.02.16 11:54:15.101,1.2764,1.2765,23.20,11.00
2009.02.16 11:54:15.381,1.2764,1.2765,20.80,11.00
2009.02.16 11:54:15.671,1.27635,1.2765,17.80,30.20
2009.02.16 11:54:16.241,1.27635,1.2765,16.20,30.20
2009.02.16 11:54:16.691,1.2764,1.2765,2.40,25.40
2009.02.16 11:54:16.981,1.2764,1.2765,23.20,11.00
2009.02.16 11:54:18.091,1.2764,1.2765,23.20,17.40
2009.02.16 11:54:18.260,1.2764,1.2765,23.20,19.20
2009.02.16 11:54:18.831,1.2764,1.2765,23.40,16.00
2009.02.16 11:54:19.230,1.2764,1.2765,23.40,15.60
2009.02.16 11:54:19.460,1.2765,1.27655,2.40,21.20
2009.02.16 11:54:19.790,1.2765,1.27655,7.20,5.20
2009.02.16 11:54:20.210,1.2765,1.2766,2.60,14.40
2009.02.16 11:54:20.610,1.2765,1.2766,23.40,14.40
2009.02.16 11:54:20.880,1.2765,1.2766,23.40,4.00
2009.02.16 11:54:21.260,1.27655,1.27665,8.00,15.60
2009.02.16 11:54:21.500,1.2766,1.2767,8.00,23.80
2009.02.16 11:54:21.790,1.2766,1.2767,12.80,25.40
2009.02.16 11:54:22.200,1.27655,1.2767,28.20,20.80
2009.02.16 11:54:22.600,1.27655,1.2767,31.60,14.40
2009.02.16 11:54:23.519,1.27655,1.2767,26.60,19.20
2009.02.16 11:54:23.749,1.27655,1.2767,26.60,30.20
2009.02.16 11:54:23.909,1.27655,1.2767,16.20,30.20
2009.02.16 11:54:26.928,1.2766,1.2767,7.20,19.20
2009.02.16 11:54:27.229,1.2766,1.2767,23.20,20.80
2009.02.16 11:54:27.618,1.2766,1.2767,26.60,20.80
2009.02.16 11:54:28.008,1.2767,1.27675,7.20,1.00
2009.02.16 11:54:28.358,1.2767,1.27675,4.80,4.90
2009.02.16 11:54:28.738,1.27655,1.27665,16.00,33.00
2009.02.16 11:54:29.138,1.2765,1.2766,21.00,16.00
2009.02.16 11:54:29.498,1.2765,1.27655,1.00,8.00
2009.02.16 11:54:29.788,1.2765,1.27655,1.00,16.00
2009.02.16 11:54:31.157,1.27655,1.27665,1.00,33.70
2009.02.16 11:54:31.497,1.2766,1.27665,2.40,27.30
2009.02.16 11:54:31.667,1.27645,1.27655,24.40,16.00
2009.02.16 11:54:31.937,1.27645,1.27655,19.60,16.00
2009.02.16 11:54:32.497,1.27645,1.27655,21.20,16.00
2009.02.16 11:54:35.376,1.27645,1.27655,16.20,16.00
2009.02.16 11:54:36.996,1.27645,1.27655,16.00,30.00
2009.02.16 11:54:37.516,1.2764,1.2765,18.60,1.60
2009.02.16 11:54:38.035,1.27645,1.2765,8.00,1.60
2009.02.16 11:54:38.216,1.27645,1.2765,16.00,1.60
2009.02.16 11:54:39.985,1.2764,1.2765,18.60,1.60
2009.02.16 11:54:43.384,1.27645,1.2765,8.00,1.60
2009.02.16 11:54:43.554,1.27645,1.2765,16.00,1.60
2009.02.16 11:54:45.084,1.27645,1.27655,16.20,26.40
2009.02.16 11:54:45.374,1.27645,1.27655,16.20,16.00
2009.02.16 11:54:46.134,1.2764,1.2765,23.40,4.00
2009.02.16 11:54:46.304,1.2764,1.2765,18.60,4.00
2009.02.16 11:54:46.534,1.2764,1.2765,18.60,16.00
2009.02.16 11:54:47.643,1.2764,1.2765,18.60,17.60
2009.02.16 11:54:48.393,1.2764,1.2765,18.40,17.60
2009.02.16 11:54:57.241,1.2764,1.2765,18.40,1.60
2009.02.16 11:55:08.758,1.27635,1.2764,25.40,1.00
2009.02.16 11:55:11.478,1.2764,1.2765,18.40,1.60
2009.02.16 11:55:13.637,1.27635,1.2764,25.40,1.00
2009.02.16 11:55:16.406,1.2764,1.2765,18.40,1.60
2009.02.16 11:55:27.703,1.2764,1.2765,16.00,1.60
2009.02.16 11:55:27.814,1.2764,1.2765,16.00,2.80
2009.02.16 11:55:27.993,1.2764,1.2765,16.00,6.00
2009.02.16 11:55:31.113,1.2764,1.2765,16.00,5.80
2009.02.16 11:55:31.353,1.2764,1.2765,21.00,5.80
2009.02.16 11:55:31.693,1.27645,1.2765,8.00,5.20
2009.02.16 11:55:31.923,1.2764,1.2765,8.00,23.80
2009.02.16 11:55:32.143,1.27635,1.2765,16.20,31.80
2009.02.16 11:55:32.592,1.27635,1.27645,16.20,16.00
2009.02.16 11:55:51.768,1.27635,1.27645,16.20,19.20
2009.02.16 11:55:51.998,1.2763,1.2764,18.60,1.60
2009.02.16 11:55:52.348,1.2763,1.2764,2.40,27.00
2009.02.16 11:55:52.748,1.2763,1.2764,18.40,27.00
2009.02.16 11:55:55.337,1.2763,1.2764,18.40,19.00
2009.02.16 11:55:55.497,1.2763,1.2764,18.40,11.00
2009.02.16 11:55:58.416,1.2763,1.2764,18.40,15.80
2009.02.16 11:55:58.526,1.2763,1.27635,16.00,9.20
2009.02.16 11:55:58.736,1.2763,1.27635,8.00,9.20
2009.02.16 11:55:58.906,1.27625,1.2763,8.00,17.40
2009.02.16 11:55:59.186,1.2762,1.2763,18.40,25.40
2009.02.16 11:55:59.466,1.2762,1.27625,16.00,9.20
2009.02.16 11:55:59.888,1.27615,1.27625,16.00,25.20
2009.02.16 11:56:00.186,1.27615,1.27625,16.00,19.20
2009.02.16 11:56:00.566,1.27615,1.27625,16.00,16.00
2009.02.16 11:56:00.856,1.2762,1.2763,18.40,27.00
2009.02.16 11:56:02.255,1.2762,1.27625,16.00,3.20
2009.02.16 11:56:02.435,1.27615,1.27625,16.00,3.20
2009.02.16 11:56:02.615,1.27615,1.27625,16.00,11.20
2009.02.16 11:56:02.855,1.27615,1.27625,16.00,19.20
2009.02.16 11:56:03.435,1.2761,1.2762,20.20,1.00
2009.02.16 11:56:03.885,1.2761,1.2762,18.60,1.00
2009.02.16 11:56:04.345,1.27615,1.2762,8.00,1.60
2009.02.16 11:56:04.465,1.27615,1.2762,16.00,11.00
2009.02.16 11:56:04.695,1.27615,1.2762,16.00,15.80
2009.02.16 11:56:04.984,1.27615,1.2762,8.00,23.80
2009.02.16 11:56:05.335,1.27605,1.2762,16.20,31.80
2009.02.16 11:56:09.683,1.27605,1.2762,16.20,35.00
2009.02.16 11:56:09.863,1.27605,1.2762,16.20,36.20
2009.02.16 11:56:10.323,1.27605,1.27615,16.00,3.20
2009.02.16 11:56:10.554,1.27605,1.27615,27.40,3.20
2009.02.16 11:56:10.773,1.2761,1.27615,16.00,3.20
2009.02.16 11:56:16.092,1.2761,1.27615,8.00,3.20
2009.02.16 11:56:16.452,1.27605,1.27615,16.00,3.20
2009.02.16 11:56:28.689,1.27605,1.27615,21.60,3.20
2009.02.16 11:56:28.859,1.2761,1.27615,10.40,3.20
2009.02.16 11:56:28.969,1.2761,1.27615,18.40,3.20
2009.02.16 11:56:37.067,1.2761,1.27615,16.00,3.20
2009.02.16 11:56:37.767,1.27605,1.27615,16.00,11.20
2009.02.16 11:56:38.007,1.27605,1.27615,16.00,19.20
2009.02.16 11:56:38.176,1.27605,1.27615,16.00,3.20
2009.02.16 11:56:45.435,1.2761,1.27615,2.40,3.20
2009.02.16 11:56:45.915,1.2761,1.27615,18.40,3.20
2009.02.16 11:56:46.944,1.2761,1.2762,18.40,27.00
2009.02.16 11:56:49.344,1.2761,1.2762,18.40,31.80
2009.02.16 11:56:49.644,1.2761,1.2762,16.00,31.80
2009.02.16 11:56:49.824,1.27605,1.2762,16.20,31.80
2009.02.16 11:56:55.132,1.27605,1.2762,17.80,31.60
2009.02.16 11:56:55.633,1.27605,1.2762,31.60,25.20
2009.02.16 11:56:55.923,1.27605,1.2762,36.40,25.20
2009.02.16 11:56:57.312,1.2762,1.27625,2.40,28.90
2009.02.16 11:56:57.712,1.2762,1.27625,11.80,10.10
2009.02.16 11:56:57.772,1.2762,1.27625,17.40,3.20
2009.02.16 11:56:58.052,1.2762,1.27625,16.00,3.20
2009.02.16 11:56:58.163,1.2762,1.27625,8.00,13.00
2009.02.16 11:56:58.652,1.2761,1.2762,18.60,4.00
2009.02.16 11:56:59.002,1.27615,1.27625,8.00,17.20
2009.02.16 11:56:59.292,1.27615,1.27625,16.00,9.20
2009.02.16 11:56:59.931,1.27615,1.27625,18.40,9.40
2009.02.16 11:57:00.221,1.27615,1.27625,2.40,25.40
2009.02.16 11:57:00.671,1.27615,1.27625,18.40,9.40
2009.02.16 11:57:01.181,1.2761,1.2762,18.60,4.00
2009.02.16 11:57:01.411,1.2761,1.2762,18.60,16.00
2009.02.16 11:57:02.211,1.2761,1.2762,18.60,4.00
2009.02.16 11:57:13.138,1.2761,1.2762,20.20,4.00
2009.02.16 11:57:13.258,1.2761,1.2762,23.60,1.60
2009.02.16 11:57:13.488,1.2761,1.2762,23.60,1.60
2009.02.16 11:57:13.608,1.2761,1.27625,23.60,19.20
2009.02.16 11:57:13.908,1.27615,1.27625,16.00,3.20
2009.02.16 11:57:20.126,1.27615,1.27625,19.40,3.20
2009.02.16 11:57:20.347,1.2762,1.2763,18.40,11.00
2009.02.16 11:57:21.007,1.2762,1.2763,18.40,4.80
2009.02.16 11:57:27.835,1.2762,1.27625,18.40,10.40
2009.02.16 11:57:27.945,1.27615,1.27625,5.00,26.40
2009.02.16 11:57:28.295,1.27615,1.27625,8.20,18.40
2009.02.16 11:57:28.534,1.27615,1.2763,16.20,25.60
2009.02.16 11:57:28.705,1.27615,1.2762,16.20,1.00
2009.02.16 11:57:30.384,1.2762,1.2763,2.40,25.60
2009.02.16 11:57:30.614,1.2762,1.2763,18.40,4.80
2009.02.16 11:57:31.594,1.27615,1.2762,23.60,4.00
2009.02.16 11:57:31.944,1.2761,1.2762,18.60,4.00
2009.02.16 11:57:32.494,1.27605,1.2761,20.30,4.00
2009.02.16 11:57:32.723,1.2761,1.27615,8.00,14.00
2009.02.16 11:57:33.123,1.27605,1.27615,8.20,8.00
2009.02.16 11:57:33.413,1.27605,1.2762,16.20,31.80
2009.02.16 11:57:33.643,1.27605,1.2762,37.20,16.00
2009.02.16 11:57:34.953,1.27605,1.2762,16.20,30.20
2009.02.16 11:57:35.752,1.27605,1.2762,16.20,31.80
2009.02.16 11:57:41.231,1.27605,1.2762,16.20,30.20
2009.02.16 11:57:44.990,1.2761,1.2762,2.40,22.20
2009.02.16 11:57:45.150,1.2761,1.2762,2.40,16.00
2009.02.16 11:57:45.380,1.2761,1.2762,20.00,16.00
2009.02.16 11:57:45.600,1.2761,1.2762,20.20,8.00
2009.02.16 11:57:45.840,1.2761,1.2762,20.20,5.80
2009.02.16 11:57:47.000,1.27615,1.2762,6.00,3.20
2009.02.16 11:57:47.170,1.2762,1.27625,14.00,8.00
2009.02.16 11:57:47.510,1.2762,1.2763,22.00,2.10
2009.02.16 11:57:47.790,1.2762,1.27635,22.00,39.00
2009.02.16 11:57:48.080,1.27625,1.27635,16.00,25.20
2009.02.16 11:57:48.380,1.27625,1.2763,16.00,3.20
2009.02.16 11:57:48.550,1.2762,1.2763,20.00,3.20
2009.02.16 11:57:49.179,1.27625,1.2763,16.00,3.20
2009.02.16 11:57:49.959,1.2762,1.2763,20.00,3.20
2009.02.16 11:57:55.328,1.2762,1.2763,20.20,3.20
2009.02.16 11:57:55.618,1.2762,1.27635,20.20,46.00
2009.02.16 11:57:55.798,1.2762,1.27635,23.60,35.60
2009.02.16 11:57:55.968,1.2762,1.27635,23.60,25.20
2009.02.16 11:57:56.178,1.27625,1.27635,8.00,25.20
2009.02.16 11:57:56.348,1.27625,1.2763,16.00,1.60
2009.02.16 11:57:56.688,1.2762,1.27635,23.60,41.20
2009.02.16 11:57:56.907,1.2762,1.2763,23.60,1.00
2009.02.16 11:57:57.118,1.2762,1.2763,20.00,3.20
2009.02.16 11:57:57.338,1.27625,1.2763,8.00,3.20
2009.02.16 11:57:57.638,1.2762,1.2763,23.40,3.20
2009.02.16 11:57:57.987,1.27625,1.27635,8.00,25.20
2009.02.16 11:57:58.167,1.27625,1.27635,16.00,25.20
2009.02.16 11:57:58.907,1.27625,1.27635,16.00,30.80
2009.02.16 11:57:59.208,1.27625,1.2763,8.00,3.20
2009.02.16 11:57:59.267,1.2762,1.2763,20.00,3.20
2009.02.16 11:58:02.286,1.2762,1.27625,20.00,19.60
2009.02.16 11:58:02.566,1.2761,1.2762,20.20,5.60
2009.02.16 11:58:02.736,1.2761,1.2762,28.20,16.00
2009.02.16 11:58:02.966,1.2761,1.2762,36.20,8.00
2009.02.16 11:58:03.256,1.27615,1.2763,30.00,25.20
2009.02.16 11:58:09.055,1.27615,1.27625,22.00,8.00
2009.02.16 11:58:09.165,1.27615,1.27625,14.00,16.00
2009.02.16 11:58:09.855,1.27615,1.27625,1.00,16.00
2009.02.16 11:58:11.594,1.27615,1.27625,1.00,19.20
2009.02.16 11:58:11.924,1.2761,1.27625,23.60,19.20
2009.02.16 11:58:14.293,1.27615,1.27625,16.00,3.20
2009.02.16 11:58:16.493,1.27615,1.27625,16.00,9.60
2009.02.16 11:58:16.713,1.27615,1.27625,16.00,20.00
2009.02.16 11:58:20.542,1.27615,1.2762,8.00,8.00
2009.02.16 11:58:20.832,1.2761,1.2762,1.00,16.00
2009.02.16 11:58:33.259,1.2761,1.2762,8.20,16.00
2009.02.16 11:58:33.369,1.2761,1.2762,16.20,16.00
2009.02.16 11:58:35.258,1.2761,1.2762,24.20,16.00
2009.02.16 11:58:35.608,1.2762,1.27625,2.40,22.80
2009.02.16 11:58:36.068,1.2762,1.2763,20.00,25.40
2009.02.16 11:58:38.958,1.2762,1.27625,17.60,3.20
2009.02.16 11:58:39.187,1.27615,1.27625,16.00,3.20
2009.02.16 11:58:39.367,1.27615,1.27625,16.00,8.00
2009.02.16 11:58:39.597,1.27615,1.27625,16.00,18.40
2009.02.16 11:58:42.187,1.27615,1.2762,16.00,4.80
2009.02.16 11:58:42.646,1.27615,1.2762,8.00,22.20
2009.02.16 11:58:42.926,1.2761,1.2762,1.00,16.00
2009.02.16 11:59:01.842,1.2761,1.2762,8.20,16.00
2009.02.16 11:59:02.072,1.2761,1.2762,16.20,16.00
2009.02.16 11:59:13.159,1.2761,1.2762,16.20,20.80
2009.02.16 11:59:13.519,1.27605,1.2762,26.60,30.20
2009.02.16 11:59:13.679,1.27605,1.2762,16.20,30.20
2009.02.16 11:59:20.087,1.27605,1.27615,16.20,3.20
2009.02.16 11:59:20.257,1.27605,1.27615,16.20,8.80
2009.02.16 11:59:20.367,1.276,1.2761,23.60,5.60
2009.02.16 11:59:20.828,1.27605,1.27615,8.00,46.00
2009.02.16 11:59:21.237,1.27605,1.27615,16.20,16.00
2009.02.16 11:59:21.707,1.27605,1.2762,16.20,31.80
2009.02.16 11:59:21.987,1.27605,1.27615,16.20,16.00
2009.02.16 11:59:23.007,1.27605,1.27615,1.00,16.00
2009.02.16 11:59:26.936,1.276,1.27615,28.40,16.00
2009.02.16 11:59:27.226,1.276,1.27615,23.60,16.00
2009.02.16 11:59:27.706,1.276,1.27615,20.20,22.40
2009.02.16 11:59:28.156,1.276,1.27615,16.20,45.20
2009.02.16 11:59:29.205,1.276,1.27605,8.00,15.60
2009.02.16 11:59:29.495,1.27595,1.276,9.70,1.60
2009.02.16 11:59:29.765,1.2759,1.276,20.20,1.60
2009.02.16 11:59:30.175,1.2759,1.276,20.20,16.00
2009.02.16 11:59:30.505,1.2759,1.276,4.20,16.00
2009.02.16 11:59:32.125,1.2759,1.276,12.00,16.00
2009.02.16 11:59:32.474,1.27585,1.27595,21.00,5.60
2009.02.16 11:59:32.825,1.2758,1.2759,20.20,1.60
2009.02.16 11:59:33.164,1.2758,1.2759,4.20,16.00
2009.02.16 11:59:33.624,1.2758,1.2759,4.00,19.20
2009.02.16 11:59:35.224,1.2758,1.2759,4.00,16.00
2009.02.16 11:59:35.913,1.2758,1.2759,4.00,17.60
2009.02.16 11:59:36.254,1.2758,1.27585,4.00,16.00
2009.02.16 11:59:36.783,1.27575,1.27585,16.20,16.00
2009.02.16 11:59:37.423,1.2758,1.2759,2.40,25.40
2009.02.16 11:59:37.703,1.27575,1.27585,8.20,8.00
2009.02.16 11:59:38.003,1.27575,1.27585,23.60,16.00
2009.02.16 11:59:38.293,1.2758,1.27585,2.40,8.00
2009.02.16 11:59:38.523,1.27575,1.27585,29.00,8.00
2009.02.16 11:59:38.903,1.2758,1.27585,1.60,16.00
2009.02.16 11:59:39.143,1.27575,1.2758,9.70,1.00
2009.02.16 11:59:39.423,1.2757,1.2758,20.20,16.00
2009.02.16 11:59:39.713,1.27575,1.2758,13.10,8.00
2009.02.16 11:59:40.033,1.27575,1.2758,13.00,8.00
2009.02.16 11:59:40.543,1.27585,1.2759,1.00,16.00
2009.02.16 11:59:41.512,1.2759,1.27595,1.00,12.00
2009.02.16 11:59:41.902,1.2759,1.27595,1.00,16.00
2009.02.16 11:59:42.422,1.2758,1.2759,20.20,5.60
2009.02.16 11:59:42.712,1.2758,1.2759,20.20,16.00
2009.02.16 11:59:44.562,1.2758,1.2759,10.40,31.80
2009.02.16 11:59:44.792,1.27575,1.2759,20.20,31.80
2009.02.16 11:59:45.021,1.2758,1.2759,2.60,20.80
2009.02.16 11:59:45.321,1.2758,1.2759,2.60,16.00
2009.02.16 11:59:46.061,1.27575,1.2758,18.40,8.00
2009.02.16 11:59:46.421,1.2758,1.2759,2.60,25.60
2009.02.16 11:59:46.701,1.27575,1.2759,16.20,31.80
2009.02.16 11:59:47.101,1.2758,1.27585,2.60,8.00
2009.02.16 11:59:47.551,1.2758,1.2759,2.60,16.00
2009.02.16 11:59:48.481,1.2758,1.2759,4.20,16.00
2009.02.16 11:59:51.260,1.2758,1.2759,12.20,16.00
2009.02.16 11:59:51.550,1.2758,1.2759,20.20,16.00
2009.02.16 11:59:56.959,1.2758,1.2759,4.20,16.00
2009.02.16 11:59:57.898,1.2758,1.2759,20.20,16.00
2009.02.16 11:59:59.128,1.27575,1.2758,29.10,1.00
2009.02.16 11:59:59.478,1.2757,1.2758,30.50,4.00
2009.02.16 11:59:59.938,1.2757,1.2758,20.20,16.00
