2013.03.19 18:00:00.405,1.28775,1.28777,1.13,1.50
2013.03.19 18:00:00.957,1.28773,1.28776,1.13,4.13
2013.03.19 18:00:01.815,1.28771,1.28775,2.63,1.50
2013.03.19 18:00:01.876,1.28771,1.28773,2.10,1.50
2013.03.19 18:00:02.177,1.28767,1.2877,1.13,1.50
2013.03.19 18:00:02.239,1.28765,1.2877,1.50,2.25
2013.03.19 18:00:02.428,1.28764,1.28766,1.73,3.75
2013.03.19 18:00:02.606,1.28761,1.28764,2.03,1.50
2013.03.19 18:00:02.846,1.28761,1.28764,2.40,1.50
2013.03.19 18:00:03.086,1.28757,1.28765,1.65,2.25
2013.03.19 18:00:03.386,1.2876,1.28762,2.82,0.52
2013.03.19 18:00:03.925,1.2876,1.28762,1.88,0.22
2013.03.19 18:00:04.287,1.28758,1.28761,2.24,4.13
2013.03.19 18:00:04.647,1.28758,1.28761,1.50,3.38
2013.03.19 18:00:04.887,1.28758,1.28761,1.13,8.63
2013.03.19 18:00:05.066,1.28758,1.2876,1.13,1.50
2013.03.19 18:00:05.487,1.28759,1.28764,2.85,5.59
2013.03.19 18:00:05.666,1.2876,1.28763,1.13,1.13
2013.03.19 18:00:05.967,1.28758,1.28761,1.88,3.42
2013.03.19 18:00:06.087,1.28753,1.28757,3.42,8.25
2013.03.19 18:00:06.148,1.28751,1.28755,1.69,1.50
2013.03.19 18:00:06.219,1.28746,1.28752,1.88,10.98
2013.03.19 18:00:06.288,1.28744,1.28747,1.84,1.35
2013.03.19 18:00:06.418,1.2874,1.28746,2.40,2.10
2013.03.19 18:00:06.537,1.2874,1.28745,1.35,1.50
2013.03.19 18:00:07.076,1.2874,1.28745,3.00,3.00
2013.03.19 18:00:07.616,1.2874,1.28745,2.63,2.25
2013.03.19 18:00:07.857,1.28739,1.28744,3.04,3.75
2013.03.19 18:00:08.216,1.2874,1.28745,2.25,1.50
2013.03.19 18:00:08.277,1.2874,1.28745,3.00,1.50
2013.03.19 18:00:09.250,1.28743,1.28746,1.50,3.53
2013.03.19 18:00:09.806,1.28742,1.28747,2.85,2.40
2013.03.19 18:00:10.347,1.28742,1.28747,1.88,1.65
2013.03.19 18:00:10.656,1.28741,1.28745,2.63,1.50
2013.03.19 18:00:11.090,1.28739,1.28742,5.25,3.23
2013.03.19 18:00:11.397,1.28735,1.28737,1.13,1.50
2013.03.19 18:00:11.697,1.28732,1.28736,1.50,1.12
2013.03.19 18:00:12.175,1.2873,1.28736,3.19,5.09
2013.03.19 18:00:12.686,1.2873,1.28734,1.50,2.25
2013.03.19 18:00:12.865,1.28729,1.28733,2.67,1.88
2013.03.19 18:00:13.046,1.28729,1.28734,4.17,4.13
2013.03.19 18:00:13.467,1.28729,1.28736,5.82,6.10
2013.03.19 18:00:14.185,1.2873,1.28735,1.69,1.50
2013.03.19 18:00:14.606,1.28729,1.28732,3.34,1.35
2013.03.19 18:00:14.846,1.28729,1.28733,4.32,1.50
2013.03.19 18:00:14.907,1.2873,1.28735,1.69,2.25
2013.03.19 18:00:15.266,1.28731,1.28735,1.50,1.50
2013.03.19 18:00:15.826,1.28733,1.28736,2.25,2.63
2013.03.19 18:00:16.128,1.28737,1.28741,5.19,1.65
2013.03.19 18:00:16.187,1.28739,1.28742,2.03,2.40
2013.03.19 18:00:16.377,1.2874,1.28745,2.18,3.38
2013.03.19 18:00:16.678,1.28739,1.28745,4.65,2.85
2013.03.19 18:00:16.737,1.28738,1.28744,4.65,2.25
2013.03.19 18:00:16.916,1.28733,1.28736,1.50,1.50
2013.03.19 18:00:17.155,1.28733,1.28737,1.50,1.50
2013.03.19 18:00:17.696,1.28732,1.28737,2.25,1.50
2013.03.19 18:00:18.241,1.28733,1.28738,1.50,2.25
2013.03.19 18:00:19.023,1.28732,1.28737,3.00,2.25
2013.03.19 18:00:19.158,1.28732,1.28737,3.75,2.25
2013.03.19 18:00:19.339,1.28732,1.28736,2.25,1.20
2013.03.19 18:00:19.765,1.28733,1.28736,1.50,1.50
2013.03.19 18:00:20.008,1.28733,1.28738,2.25,3.00
2013.03.19 18:00:20.126,1.28736,1.28739,1.50,2.85
2013.03.19 18:00:20.247,1.28738,1.28741,2.25,1.50
2013.03.19 18:00:20.425,1.28739,1.28745,1.13,2.44
2013.03.19 18:00:20.546,1.28741,1.28745,1.50,2.25
2013.03.19 18:00:21.088,1.28741,1.28745,1.50,1.88
2013.03.19 18:00:21.329,1.28736,1.2874,2.25,2.25
2013.03.19 18:00:21.566,1.28734,1.28739,2.25,1.13
2013.03.19 18:00:22.128,1.28734,1.28739,1.88,1.13
2013.03.19 18:00:22.248,1.28734,1.28739,2.63,1.13
2013.03.19 18:00:22.488,1.28737,1.28741,5.25,3.08
2013.03.19 18:00:23.037,1.28738,1.28742,2.25,1.13
2013.03.19 18:00:23.597,1.28737,1.28742,1.50,4.50
2013.03.19 18:00:23.719,1.28735,1.28739,4.13,1.50
2013.03.19 18:00:24.256,1.28734,1.28738,1.88,1.50
2013.03.19 18:00:24.797,1.28734,1.28738,1.13,1.50
2013.03.19 18:00:26.879,1.28733,1.28738,2.63,1.50
2013.03.19 18:00:27.238,1.28732,1.28735,1.13,2.25
2013.03.19 18:00:27.776,1.2873,1.28735,5.29,1.50
2013.03.19 18:00:28.317,1.28731,1.28735,1.69,1.50
2013.03.19 18:00:29.408,1.28731,1.28735,2.44,1.50
2013.03.19 18:00:29.671,1.28731,1.28734,1.13,2.25
2013.03.19 18:00:30.270,1.28731,1.28733,1.13,1.50
2013.03.19 18:00:30.359,1.28732,1.28736,2.25,2.25
2013.03.19 18:00:30.907,1.28733,1.28737,1.50,1.50
2013.03.19 18:00:32.009,1.28734,1.28737,1.13,1.50
2013.03.19 18:00:32.547,1.28732,1.28737,3.38,2.25
2013.03.19 18:00:33.207,1.28732,1.28737,2.63,2.70
2013.03.19 18:00:33.387,1.2873,1.28734,1.32,2.25
2013.03.19 18:00:33.937,1.2873,1.28735,3.19,2.25
2013.03.19 18:00:34.475,1.2873,1.28735,1.69,1.50
2013.03.19 18:00:35.216,1.2873,1.28735,3.19,2.25
2013.03.19 18:00:35.477,1.28729,1.28732,5.40,3.47
2013.03.19 18:00:35.717,1.28727,1.28731,1.73,3.00
2013.03.19 18:00:35.782,1.28726,1.28731,1.88,2.48
2013.03.19 18:00:35.909,1.28725,1.28731,1.32,4.50
2013.03.19 18:00:36.808,1.28725,1.28728,1.13,1.50
2013.03.19 18:00:37.413,1.28725,1.28728,1.13,1.50
2013.03.19 18:00:37.485,1.28724,1.28727,2.48,1.88
2013.03.19 18:00:37.609,1.28721,1.28724,2.63,5.10
2013.03.19 18:00:37.667,1.28719,1.28724,1.92,5.89
2013.03.19 18:00:37.728,1.28718,1.28721,2.25,1.35
2013.03.19 18:00:37.788,1.28715,1.2872,3.00,1.35
2013.03.19 18:00:37.910,1.28715,1.28719,2.63,2.25
2013.03.19 18:00:37.978,1.28717,1.2872,1.35,2.25
2013.03.19 18:00:38.102,1.28718,1.28722,3.60,4.13
2013.03.19 18:00:38.168,1.28718,1.28723,6.23,1.50
2013.03.19 18:00:38.647,1.2872,1.28725,3.75,2.63
2013.03.19 18:00:38.707,1.2872,1.28725,3.98,2.63
2013.03.19 18:00:39.517,1.2872,1.28725,3.75,3.00
2013.03.19 18:00:40.126,1.28721,1.28725,1.50,1.50
2013.03.19 18:00:40.787,1.28721,1.28725,2.18,1.50
2013.03.19 18:00:41.326,1.28722,1.28726,1.50,3.38
2013.03.19 18:00:41.628,1.28722,1.28727,3.00,1.50
2013.03.19 18:00:42.189,1.28723,1.28728,1.50,1.50
2013.03.19 18:00:43.753,1.28729,1.28733,2.25,3.00
2013.03.19 18:00:43.819,1.2873,1.28733,3.00,2.25
2013.03.19 18:00:43.937,1.2873,1.28735,4.69,3.00
2013.03.19 18:00:44.237,1.28732,1.28735,1.50,1.50
2013.03.19 18:00:44.776,1.28732,1.28735,1.50,2.25
2013.03.19 18:00:45.327,1.28732,1.28735,1.50,1.50
2013.03.19 18:00:46.108,1.28729,1.28733,4.88,1.50
2013.03.19 18:00:46.469,1.28727,1.28729,4.88,1.50
2013.03.19 18:00:46.530,1.28727,1.2873,4.88,2.25
2013.03.19 18:00:46.716,1.28726,1.28731,2.44,1.35
2013.03.19 18:00:47.076,1.28726,1.2873,2.25,2.25
2013.03.19 18:00:47.617,1.28726,1.28731,1.69,4.88
2013.03.19 18:00:48.166,1.28727,1.28732,3.00,1.13
2013.03.19 18:00:48.466,1.28728,1.28733,3.00,5.25
2013.03.19 18:00:48.946,1.28729,1.28734,3.79,1.50
2013.03.19 18:00:49.307,1.28732,1.28735,1.50,1.50
2013.03.19 18:00:49.758,1.28729,1.28734,3.98,1.50
2013.03.19 18:00:49.878,1.28729,1.28732,1.73,3.00
2013.03.19 18:00:49.997,1.28729,1.28735,2.85,7.58
2013.03.19 18:00:50.237,1.28731,1.28736,2.44,4.13
2013.03.19 18:00:50.776,1.28732,1.28736,2.25,1.88
2013.03.19 18:00:51.297,1.28732,1.28736,2.25,1.88
2013.03.19 18:00:51.948,1.28732,1.28736,1.50,3.38
2013.03.19 18:00:54.047,1.28731,1.28734,2.07,2.25
2013.03.19 18:00:54.288,1.28729,1.28733,2.63,4.35
2013.03.19 18:00:54.348,1.28727,1.28731,2.78,4.35
2013.03.19 18:00:54.468,1.28726,1.2873,1.13,3.00
2013.03.19 18:00:54.647,1.28724,1.28728,2.10,3.00
2013.03.19 18:00:55.187,1.28724,1.28727,1.13,1.50
2013.03.19 18:00:56.567,1.28722,1.28727,3.38,1.50
2013.03.19 18:00:57.237,1.28722,1.28728,3.38,5.25
2013.03.19 18:00:57.816,1.28722,1.28726,1.88,2.63
2013.03.19 18:00:58.059,1.2872,1.28725,3.75,3.79
2013.03.19 18:00:58.478,1.28721,1.28725,1.50,1.50
2013.03.19 18:00:58.957,1.28722,1.28726,1.50,3.00
2013.03.19 18:00:59.017,1.28721,1.28726,3.00,3.00
2013.03.19 18:00:59.257,1.28719,1.28725,4.35,5.89
2013.03.19 18:00:59.798,1.2872,1.28725,2.25,8.10
2013.03.19 18:01:00.277,1.2872,1.28725,2.25,3.04
2013.03.19 18:01:00.980,1.2872,1.28726,3.00,5.85
2013.03.19 18:01:01.051,1.28719,1.28721,1.73,1.20
2013.03.19 18:01:01.121,1.28718,1.2872,1.50,4.05
2013.03.19 18:01:01.191,1.28716,1.2872,3.00,3.04
2013.03.19 18:01:01.437,1.28716,1.28718,4.41,3.60
2013.03.19 18:01:01.617,1.28711,1.28716,1.50,4.39
2013.03.19 18:01:02.157,1.28711,1.28716,2.25,4.17
2013.03.19 18:01:03.536,1.28711,1.28716,2.25,2.67
2013.03.19 18:01:03.597,1.28711,1.28716,2.63,2.67
2013.03.19 18:01:03.958,1.28715,1.28719,3.00,1.69
2013.03.19 18:01:04.137,1.28717,1.2872,2.25,1.50
2013.03.19 18:01:05.015,1.28717,1.28722,3.00,7.58
2013.03.19 18:01:06.367,1.28717,1.28722,3.94,7.80
2013.03.19 18:01:06.608,1.2872,1.28726,1.50,3.30
2013.03.19 18:01:07.179,1.28719,1.28726,4.73,2.55
2013.03.19 18:01:07.416,1.2872,1.28726,1.50,2.33
2013.03.19 18:01:11.456,1.2872,1.28727,3.00,3.08
2013.03.19 18:01:13.587,1.28721,1.28727,1.50,3.83
2013.03.19 18:01:14.008,1.28722,1.28727,1.50,1.13
2013.03.19 18:01:14.557,1.28723,1.28728,2.25,1.50
2013.03.19 18:01:14.918,1.28727,1.2873,1.50,1.50
2013.03.19 18:01:15.220,1.28731,1.28737,2.25,3.38
2013.03.19 18:01:15.965,1.28731,1.28736,1.50,6.98
2013.03.19 18:01:17.337,1.28731,1.28737,3.38,3.98
2013.03.19 18:01:23.060,1.28731,1.28733,2.25,5.29
2013.03.19 18:01:23.419,1.28728,1.28731,1.50,1.50
2013.03.19 18:01:23.492,1.28727,1.2873,1.69,3.00
2013.03.19 18:01:23.857,1.28724,1.2873,3.04,4.50
2013.03.19 18:01:24.217,1.28725,1.28731,3.75,2.52
2013.03.19 18:01:25.157,1.28726,1.28731,3.00,2.29
2013.03.19 18:01:25.518,1.28728,1.28732,1.50,2.25
2013.03.19 18:01:25.577,1.28727,1.28732,2.25,3.00
2013.03.19 18:01:26.097,1.28727,1.2873,2.25,1.50
2013.03.19 18:01:26.817,1.28726,1.28729,1.22,1.50
2013.03.19 18:01:27.086,1.28726,1.28731,3.00,1.50
2013.03.19 18:01:27.626,1.28726,1.28731,1.88,5.10
2013.03.19 18:01:28.347,1.28725,1.28731,3.00,4.35
2013.03.19 18:01:31.257,1.28726,1.28731,3.85,2.63
2013.03.19 18:01:31.377,1.28728,1.28731,2.25,1.13
2013.03.19 18:01:31.440,1.28728,1.28731,1.50,1.88
2013.03.19 18:01:31.627,1.28725,1.28731,4.50,4.20
2013.03.19 18:01:32.133,1.28724,1.2873,5.85,3.75
2013.03.19 18:01:32.676,1.28724,1.28728,4.13,1.50
2013.03.19 18:01:33.837,1.28724,1.2873,6.38,3.00
2013.03.19 18:01:34.137,1.28724,1.2873,7.13,1.50
2013.03.19 18:01:34.766,1.28727,1.2873,1.50,1.50
2013.03.19 18:01:35.128,1.28725,1.28729,2.25,3.23
2013.03.19 18:01:35.248,1.28724,1.28729,3.98,3.98
2013.03.19 18:01:35.770,1.28725,1.28729,2.25,1.73
2013.03.19 18:01:36.327,1.28726,1.2873,1.97,3.60
2013.03.19 18:01:36.866,1.28725,1.2873,2.25,5.25
2013.03.19 18:01:37.167,1.28725,1.28729,2.25,1.35
2013.03.19 18:01:37.793,1.28725,1.28729,2.25,1.35
2013.03.19 18:01:38.846,1.28725,1.28729,2.25,1.50
2013.03.19 18:01:39.147,1.28726,1.28731,3.47,2.29
2013.03.19 18:01:39.760,1.28727,1.28731,1.13,1.35
2013.03.19 18:01:40.072,1.2873,1.28735,6.46,1.50
2013.03.19 18:01:40.140,1.28735,1.2874,5.25,1.50
2013.03.19 18:01:40.327,1.28737,1.2874,1.13,1.13
2013.03.19 18:01:40.388,1.28737,1.2874,1.88,1.13
2013.03.19 18:01:40.927,1.28738,1.2874,1.13,1.13
2013.03.19 18:01:43.372,1.28742,1.28746,1.50,3.45
2013.03.19 18:01:43.917,1.28741,1.28744,1.50,1.13
2013.03.19 18:01:44.458,1.28741,1.28746,1.50,4.58
2013.03.19 18:01:45.006,1.28741,1.28746,1.50,5.33
2013.03.19 18:01:47.036,1.28741,1.28745,1.50,2.25
2013.03.19 18:01:47.543,1.28741,1.28745,1.50,2.25
2013.03.19 18:01:47.607,1.28741,1.28743,2.25,2.25
2013.03.19 18:01:47.727,1.28741,1.28745,1.50,3.75
2013.03.19 18:01:48.286,1.2874,1.28745,2.25,3.75
2013.03.19 18:01:53.730,1.2874,1.28745,2.25,3.75
2013.03.19 18:01:53.800,1.28739,1.28743,2.25,2.10
2013.03.19 18:01:54.107,1.28732,1.28737,2.25,5.33
2013.03.19 18:01:54.228,1.2873,1.28735,1.50,2.25
2013.03.19 18:01:56.941,1.2873,1.28736,1.13,3.23
2013.03.19 18:01:57.067,1.28731,1.28737,2.25,2.25
2013.03.19 18:01:59.067,1.28731,1.28736,2.25,1.50
2013.03.19 18:01:59.596,1.28731,1.28736,1.50,2.48
2013.03.19 18:02:01.033,1.28733,1.28738,1.50,3.00
2013.03.19 18:02:01.576,1.28733,1.28739,2.63,2.25
2013.03.19 18:02:01.938,1.28734,1.28739,2.25,1.50
2013.03.19 18:02:02.746,1.28734,1.28738,1.50,1.50
2013.03.19 18:02:05.107,1.28733,1.28738,3.38,1.50
2013.03.19 18:02:05.707,1.28732,1.28737,2.63,1.50
2013.03.19 18:02:06.067,1.28731,1.28736,2.25,1.88
2013.03.19 18:02:06.617,1.28734,1.28738,1.50,3.75
2013.03.19 18:02:06.918,1.28738,1.28742,1.50,1.50
2013.03.19 18:02:07.101,1.28738,1.28744,3.38,5.29
2013.03.19 18:02:07.407,1.28742,1.28746,1.50,5.29
2013.03.19 18:02:07.997,1.28741,1.28746,1.50,1.73
2013.03.19 18:02:09.357,1.28741,1.28746,1.50,2.48
2013.03.19 18:02:09.418,1.2874,1.28743,2.25,1.54
2013.03.19 18:02:09.477,1.28739,1.28742,4.88,4.56
2013.03.19 18:02:09.601,1.28736,1.2874,1.69,2.25
2013.03.19 18:02:09.907,1.28735,1.28741,2.63,6.45
2013.03.19 18:02:10.456,1.28735,1.28742,3.38,3.57
2013.03.19 18:02:11.220,1.28738,1.28741,3.00,1.13
2013.03.19 18:02:11.527,1.28743,1.28749,24.47,1.65
2013.03.19 18:02:11.587,1.28749,1.28752,2.25,1.73
2013.03.19 18:02:11.887,1.28751,1.28753,1.50,2.33
2013.03.19 18:02:12.877,1.28749,1.28753,1.50,2.25
2013.03.19 18:02:13.468,1.28749,1.28754,1.50,3.57
2013.03.19 18:02:17.406,1.2875,1.28754,1.50,3.94
2013.03.19 18:02:21.498,1.2875,1.28754,1.50,2.07
2013.03.19 18:02:21.620,1.28751,1.28754,1.50,1.88
2013.03.19 18:02:22.191,1.28752,1.28755,1.50,3.00
2013.03.19 18:02:22.557,1.28752,1.28757,1.50,5.25
2013.03.19 18:02:23.088,1.28752,1.28757,1.50,5.25
2013.03.19 18:02:23.666,1.28752,1.28757,1.50,3.00
2013.03.19 18:02:26.077,1.28751,1.28757,2.63,3.75
2013.03.19 18:02:26.667,1.28751,1.28757,2.63,4.50
2013.03.19 18:02:27.177,1.28751,1.28757,3.00,3.00
2013.03.19 18:02:28.753,1.28751,1.28757,2.82,3.00
2013.03.19 18:02:33.059,1.28751,1.28757,3.94,3.00
2013.03.19 18:02:33.250,1.28752,1.28757,1.88,1.50
2013.03.19 18:02:34.197,1.28753,1.28758,1.50,5.25
2013.03.19 18:02:34.559,1.28751,1.28754,2.25,8.10
2013.03.19 18:02:34.808,1.28748,1.28752,1.35,5.35
2013.03.19 18:02:34.989,1.28746,1.28751,1.69,4.58
2013.03.19 18:02:35.527,1.28745,1.2875,3.19,2.25
2013.03.19 18:02:36.427,1.28745,1.2875,3.19,2.25
2013.03.19 18:02:37.427,1.28745,1.2875,3.19,2.25
2013.03.19 18:02:39.577,1.28745,1.2875,1.50,3.75
2013.03.19 18:02:40.678,1.28744,1.28747,1.35,1.13
2013.03.19 18:02:40.738,1.28743,1.28747,2.48,1.13
2013.03.19 18:02:41.277,1.28742,1.28747,1.50,1.65
2013.03.19 18:02:41.956,1.28741,1.28747,5.44,1.65
2013.03.19 18:02:43.072,1.28743,1.28747,1.50,1.50
2013.03.19 18:02:43.138,1.28743,1.28748,1.50,2.25
2013.03.19 18:02:44.400,1.28742,1.28746,1.73,3.38
2013.03.19 18:02:44.458,1.28741,1.28746,3.00,3.75
2013.03.19 18:02:47.057,1.28742,1.28746,1.13,1.50
2013.03.19 18:02:48.097,1.28742,1.28746,2.63,1.50
2013.03.19 18:02:48.606,1.28741,1.28746,1.50,3.98
2013.03.19 18:02:49.586,1.2874,1.28746,4.50,3.98
2013.03.19 18:02:51.487,1.2874,1.28746,4.50,1.50
2013.03.19 18:02:51.547,1.2874,1.28746,3.75,1.50
2013.03.19 18:02:52.365,1.28738,1.28741,1.50,3.38
2013.03.19 18:02:52.677,1.28735,1.28739,2.25,1.50
2013.03.19 18:02:53.232,1.28735,1.28738,1.50,2.25
2013.03.19 18:02:53.477,1.28735,1.2874,3.75,3.19
2013.03.19 18:02:54.418,1.28736,1.2874,1.50,1.50
2013.03.19 18:02:54.989,1.28736,1.28741,3.00,4.50
2013.03.19 18:02:55.507,1.28736,1.2874,3.47,1.50
2013.03.19 18:02:56.072,1.28737,1.28741,1.50,1.50
2013.03.19 18:02:56.627,1.28737,1.28742,3.00,1.50
2013.03.19 18:02:57.168,1.28737,1.28741,2.40,2.25
2013.03.19 18:02:57.290,1.28739,1.28742,2.25,1.13
2013.03.19 18:02:57.598,1.28742,1.28746,2.10,1.95
2013.03.19 18:02:57.780,1.28744,1.28749,2.70,2.25
2013.03.19 18:02:58.496,1.28743,1.28748,3.08,2.25
2013.03.19 18:02:59.067,1.28742,1.28747,3.38,1.50
2013.03.19 18:02:59.607,1.28744,1.28749,3.75,2.25
2013.03.19 18:03:00.156,1.28744,1.28749,3.75,2.25
2013.03.19 18:03:00.707,1.28744,1.28748,1.50,1.50
2013.03.19 18:03:02.248,1.28743,1.28748,1.50,2.25
2013.03.19 18:03:04.186,1.28743,1.28747,2.25,1.50
2013.03.19 18:03:04.727,1.28742,1.28747,3.38,1.50
2013.03.19 18:03:05.967,1.28742,1.28747,1.88,1.50
2013.03.19 18:03:08.547,1.2874,1.28745,5.44,1.50
2013.03.19 18:03:08.608,1.2874,1.28745,5.25,2.25
2013.03.19 18:03:09.266,1.2874,1.28746,3.00,3.23
2013.03.19 18:03:09.327,1.2874,1.28745,3.00,1.50
2013.03.19 18:03:09.567,1.28738,1.28743,1.50,3.75
2013.03.19 18:03:09.747,1.28737,1.28741,1.50,4.73
2013.03.19 18:03:10.107,1.28735,1.2874,2.25,1.50
2013.03.19 18:03:11.251,1.28742,1.28743,1.35,2.25
2013.03.19 18:03:11.330,1.28739,1.28745,3.00,2.25
2013.03.19 18:03:11.638,1.28742,1.28745,2.25,1.50
2013.03.19 18:03:12.117,1.28744,1.28746,2.25,1.50
2013.03.19 18:03:12.297,1.28744,1.28748,2.25,3.00
2013.03.19 18:03:12.418,1.28743,1.28748,3.75,3.00
2013.03.19 18:03:12.957,1.28743,1.28748,2.25,3.75
2013.03.19 18:03:13.507,1.28743,1.28746,1.50,2.25
2013.03.19 18:03:13.868,1.28741,1.28745,1.50,1.50
2013.03.19 18:03:13.928,1.28741,1.28743,1.50,2.25
2013.03.19 18:03:14.107,1.28738,1.28742,1.35,5.80
2013.03.19 18:03:14.289,1.28736,1.28739,1.65,2.25
2013.03.19 18:03:15.608,1.28734,1.28738,1.73,1.50
2013.03.19 18:03:16.089,1.28731,1.28735,2.25,2.44
2013.03.19 18:03:16.627,1.2873,1.28736,1.05,2.48
2013.03.19 18:03:17.168,1.28729,1.28732,1.88,1.73
2013.03.19 18:03:17.229,1.28727,1.28731,3.38,2.48
2013.03.19 18:03:17.288,1.28726,1.2873,2.48,3.75
2013.03.19 18:03:17.348,1.28724,1.28729,2.25,1.88
2013.03.19 18:03:17.887,1.28724,1.28727,1.13,2.25
2013.03.19 18:03:18.067,1.28722,1.28725,1.50,1.50
2013.03.19 18:03:19.847,1.2872,1.28725,3.00,1.50
2013.03.19 18:03:20.553,1.2872,1.28725,3.00,1.50
2013.03.19 18:03:21.157,1.28721,1.28726,1.50,4.13
2013.03.19 18:03:22.137,1.2872,1.28725,3.75,1.50
2013.03.19 18:03:22.686,1.2872,1.28725,4.69,1.50
2013.03.19 18:03:23.467,1.2872,1.28725,4.69,1.50
2013.03.19 18:03:23.767,1.28721,1.28726,2.25,4.13
2013.03.19 18:03:24.248,1.28723,1.28728,1.50,4.32
2013.03.19 18:03:24.367,1.28726,1.28728,1.22,1.69
2013.03.19 18:03:24.858,1.28723,1.28728,2.63,2.48
2013.03.19 18:03:24.918,1.28723,1.28728,2.63,3.42
2013.03.19 18:03:25.467,1.28722,1.28728,1.50,4.17
2013.03.19 18:03:26.048,1.28721,1.28728,2.63,4.50
2013.03.19 18:03:26.167,1.28721,1.28727,1.88,1.65
2013.03.19 18:03:26.877,1.28722,1.28726,2.25,1.50
2013.03.19 18:03:27.542,1.28721,1.28725,2.25,1.50
2013.03.19 18:03:27.968,1.2872,1.28725,1.50,1.50
2013.03.19 18:03:28.088,1.28719,1.28723,6.57,1.13
2013.03.19 18:03:28.218,1.28719,1.28725,6.19,1.50
2013.03.19 18:03:28.799,1.28721,1.28725,2.25,1.50
2013.03.19 18:03:29.336,1.2872,1.28725,3.00,1.50
2013.03.19 18:03:29.928,1.2872,1.28725,1.50,1.50
2013.03.19 18:03:30.288,1.28719,1.28722,1.88,3.38
2013.03.19 18:03:30.651,1.28716,1.28721,2.72,9.19
2013.03.19 18:03:30.969,1.28714,1.2872,1.50,2.70
2013.03.19 18:03:33.527,1.28713,1.28719,1.50,2.07
2013.03.19 18:03:34.067,1.28714,1.28716,3.00,1.50
2013.03.19 18:03:34.578,1.28716,1.28719,2.72,1.13
2013.03.19 18:03:35.117,1.28716,1.2872,3.47,1.32
2013.03.19 18:03:35.988,1.28716,1.2872,4.97,2.07
2013.03.19 18:03:36.347,1.28717,1.2872,2.25,1.32
2013.03.19 18:03:36.837,1.28716,1.2872,2.25,1.32
2013.03.19 18:03:37.209,1.28714,1.2872,3.38,1.69
2013.03.19 18:03:37.268,1.28713,1.28718,3.75,1.13
2013.03.19 18:03:37.448,1.28712,1.28718,2.25,1.13
2013.03.19 18:03:39.047,1.28712,1.28716,3.00,1.50
2013.03.19 18:03:39.586,1.28713,1.28716,1.50,1.50
2013.03.19 18:03:40.127,1.28713,1.28716,1.50,1.50
2013.03.19 18:03:40.667,1.28713,1.28716,2.25,1.50
2013.03.19 18:03:44.567,1.28712,1.28716,1.50,1.50
2013.03.19 18:03:45.107,1.28712,1.28715,1.50,1.50
2013.03.19 18:03:45.616,1.28711,1.28715,3.00,1.50
2013.03.19 18:03:46.307,1.28711,1.28715,2.25,1.50
2013.03.19 18:03:47.097,1.28712,1.28716,3.00,2.25
2013.03.19 18:03:47.218,1.28715,1.28717,1.22,2.25
2013.03.19 18:03:47.397,1.28713,1.28718,2.63,2.25
2013.03.19 18:03:47.756,1.28712,1.28718,3.00,1.50
2013.03.19 18:03:48.859,1.28712,1.28717,1.50,1.13
2013.03.19 18:03:59.971,1.28712,1.28717,3.00,1.50
2013.03.19 18:04:00.278,1.28717,1.2872,1.88,1.32
2013.03.19 18:04:00.457,1.28719,1.28724,4.13,3.26
2013.03.19 18:04:00.698,1.2872,1.28725,1.50,3.00
2013.03.19 18:04:01.235,1.2872,1.28726,2.25,5.25
2013.03.19 18:04:02.238,1.2872,1.28726,2.25,3.38
2013.03.19 18:04:03.597,1.28721,1.28726,4.50,2.63
2013.03.19 18:04:04.337,1.28723,1.28728,1.50,2.63
2013.03.19 18:04:20.107,1.28722,1.28727,3.00,1.50
2013.03.19 18:04:20.618,1.28722,1.28728,3.75,3.19
2013.03.19 18:04:33.029,1.28725,1.28727,2.25,1.50
2013.03.19 18:04:33.327,1.28729,1.28734,4.92,1.88
2013.03.19 18:04:33.449,1.28732,1.28735,2.25,2.82
2013.03.19 18:04:33.569,1.28734,1.28737,1.88,1.50
2013.03.19 18:04:34.107,1.28731,1.28736,3.00,3.00
2013.03.19 18:04:34.788,1.28731,1.28735,1.50,1.50
2013.03.19 18:04:34.967,1.2873,1.28735,3.75,1.50
2013.03.19 18:04:39.678,1.28731,1.28736,1.50,4.50
2013.03.19 18:04:43.727,1.28729,1.28735,9.08,2.25
2013.03.19 18:04:47.020,1.28731,1.28735,1.50,1.50
2013.03.19 18:04:47.269,1.28732,1.28736,2.25,2.25
2013.03.19 18:04:47.567,1.28736,1.28741,3.75,5.25
2013.03.19 18:04:47.807,1.28736,1.28741,4.50,1.50
2013.03.19 18:04:49.427,1.28736,1.28741,2.25,6.23
2013.03.19 18:04:50.044,1.28736,1.28741,1.50,6.38
2013.03.19 18:04:50.116,1.28733,1.28737,3.98,1.50
2013.03.19 18:04:50.928,1.28733,1.28737,2.25,1.50
2013.03.19 18:04:51.048,1.28732,1.28736,2.25,1.50
2013.03.19 18:04:56.147,1.28731,1.28736,3.60,3.38
2013.03.19 18:04:56.267,1.28731,1.28736,4.35,2.63
2013.03.19 18:04:56.747,1.28732,1.28737,3.00,2.63
2013.03.19 18:04:57.887,1.28732,1.28737,3.00,3.38
2013.03.19 18:04:58.787,1.28732,1.28736,1.73,1.50
2013.03.19 18:04:59.667,1.28734,1.28737,1.73,1.50
2013.03.19 18:04:59.969,1.28736,1.2874,3.00,1.50
2013.03.19 18:05:00.447,1.28737,1.28742,1.50,3.38
2013.03.19 18:05:00.988,1.28738,1.28742,1.13,1.13
2013.03.19 18:05:01.527,1.28738,1.28741,1.13,1.35
2013.03.19 18:05:07.177,1.28738,1.28741,1.13,2.29
2013.03.19 18:05:07.238,1.28737,1.28741,1.50,3.04
2013.03.19 18:05:07.992,1.28737,1.28741,2.63,2.10
2013.03.19 18:05:13.227,1.28737,1.28741,1.50,1.35
2013.03.19 18:05:13.348,1.28736,1.2874,3.29,1.50
2013.03.19 18:05:13.527,1.28735,1.28739,1.50,2.25
2013.03.19 18:05:13.767,1.28735,1.28738,1.50,2.25
2013.03.19 18:05:14.547,1.28734,1.28739,3.00,3.75
2013.03.19 18:05:15.097,1.28734,1.28738,2.25,2.25
2013.03.19 18:05:15.637,1.28734,1.28739,2.25,3.00
2013.03.19 18:05:17.641,1.28734,1.28738,1.50,2.25
2013.03.19 18:05:17.708,1.28733,1.28737,1.13,3.00
2013.03.19 18:05:18.247,1.28732,1.28737,3.00,3.75
2013.03.19 18:05:21.527,1.28732,1.28736,1.50,1.50
2013.03.19 18:05:23.488,1.28731,1.28734,2.07,3.75
2013.03.19 18:05:23.608,1.2873,1.28733,1.50,1.50
2013.03.19 18:05:24.158,1.28728,1.28733,1.50,3.19
2013.03.19 18:05:24.797,1.28727,1.28731,2.03,1.50
2013.03.19 18:05:25.538,1.28726,1.28731,4.22,3.79
2013.03.19 18:05:26.086,1.28726,1.28731,4.22,3.79
2013.03.19 18:05:26.946,1.28726,1.28731,4.22,3.79
2013.03.19 18:05:27.012,1.28725,1.28729,1.13,3.75
2013.03.19 18:05:27.198,1.28723,1.28727,1.50,3.75
2013.03.19 18:05:27.317,1.28722,1.28727,3.75,3.75
2013.03.19 18:05:27.827,1.28722,1.28727,2.25,4.50
2013.03.19 18:05:28.387,1.28721,1.28726,3.00,2.25
2013.03.19 18:05:32.856,1.28722,1.28727,1.50,1.50
2013.03.19 18:05:33.417,1.28722,1.28727,1.50,6.00
2013.03.19 18:05:33.927,1.28722,1.28727,1.50,6.75
2013.03.19 18:05:35.018,1.28722,1.28727,3.15,6.75
2013.03.19 18:05:35.138,1.28726,1.28728,1.97,1.50
2013.03.19 18:05:35.512,1.28724,1.28729,4.62,3.19
2013.03.19 18:05:35.698,1.28723,1.28727,1.13,4.50
2013.03.19 18:05:35.878,1.28722,1.28727,1.50,2.25
2013.03.19 18:05:36.548,1.28722,1.28726,1.50,2.63
2013.03.19 18:05:36.609,1.28721,1.28725,2.25,1.50
2013.03.19 18:05:36.907,1.28719,1.28724,7.39,3.38
2013.03.19 18:05:37.447,1.28719,1.28724,1.13,4.50
2013.03.19 18:05:41.036,1.28718,1.28725,1.50,3.60
2013.03.19 18:05:41.586,1.28719,1.28723,1.13,1.69
2013.03.19 18:05:43.076,1.28719,1.28723,1.88,1.69
2013.03.19 18:05:45.898,1.28719,1.28723,2.63,1.69
2013.03.19 18:05:50.002,1.28719,1.28723,2.63,2.44
2013.03.19 18:05:50.525,1.28719,1.28724,1.13,3.94
2013.03.19 18:05:51.067,1.28719,1.28724,1.88,2.25
2013.03.19 18:05:51.967,1.28719,1.28724,1.88,2.25
2013.03.19 18:05:54.077,1.28719,1.28723,1.88,2.44
2013.03.19 18:05:54.747,1.28719,1.28723,1.88,1.69
2013.03.19 18:05:55.048,1.2872,1.28725,3.94,1.50
2013.03.19 18:05:55.597,1.28721,1.28726,4.50,1.88
2013.03.19 18:05:56.267,1.28721,1.28726,4.88,1.13
2013.03.19 18:06:00.488,1.28721,1.28726,5.63,1.13
2013.03.19 18:06:07.818,1.28722,1.28727,1.50,1.50
2013.03.19 18:06:08.758,1.28723,1.28727,1.50,1.50
2013.03.19 18:06:09.377,1.28722,1.28727,2.25,1.50
2013.03.19 18:06:11.577,1.28722,1.28727,2.85,1.50
2013.03.19 18:06:12.117,1.28724,1.28729,3.60,1.69
2013.03.19 18:06:13.519,1.28724,1.28728,2.85,2.25
2013.03.19 18:06:13.757,1.28722,1.28727,3.00,1.50
2013.03.19 18:06:18.188,1.28722,1.28726,1.50,2.25
2013.03.19 18:06:18.747,1.28721,1.28726,2.63,3.00
2013.03.19 18:06:25.737,1.28722,1.28725,1.50,1.50
2013.03.19 18:06:27.337,1.28722,1.28726,1.50,3.75
2013.03.19 18:06:27.897,1.28722,1.28726,1.50,2.25
2013.03.19 18:06:34.757,1.28724,1.28727,2.25,5.63
2013.03.19 18:06:34.940,1.28727,1.28729,1.54,1.13
2013.03.19 18:06:35.495,1.28724,1.28728,1.13,1.50
2013.03.19 18:06:36.408,1.28724,1.28728,1.13,1.50
2013.03.19 18:06:41.579,1.28722,1.28728,4.13,3.00
2013.03.19 18:06:41.829,1.28722,1.28727,3.00,2.25
2013.03.19 18:06:45.838,1.28722,1.28727,1.50,3.75
2013.03.19 18:06:53.137,1.28722,1.28726,1.50,2.85
2013.03.19 18:06:53.857,1.28722,1.28726,1.50,1.50
2013.03.19 18:06:54.367,1.28721,1.28726,1.50,3.00
2013.03.19 18:07:08.598,1.28722,1.28726,1.50,3.00
2013.03.19 18:07:09.157,1.28721,1.28726,3.00,4.50
2013.03.19 18:07:12.200,1.28722,1.28725,1.50,3.00
2013.03.19 18:07:12.498,1.2872,1.28724,1.50,2.25
2013.03.19 18:07:13.189,1.2872,1.28723,1.50,1.69
2013.03.19 18:07:13.263,1.28719,1.28722,1.35,5.20
2013.03.19 18:07:13.568,1.28714,1.28718,1.50,3.00
2013.03.19 18:07:17.089,1.28718,1.28722,4.54,1.50
2013.03.19 18:07:17.277,1.28719,1.28724,2.10,2.44
2013.03.19 18:07:17.819,1.28719,1.28724,2.48,2.44
2013.03.19 18:07:23.538,1.2872,1.28724,1.50,1.69
2013.03.19 18:07:24.898,1.2872,1.28724,1.50,1.69
2013.03.19 18:07:25.437,1.28719,1.28724,1.50,4.28
2013.03.19 18:07:27.300,1.28719,1.28723,1.50,3.75
2013.03.19 18:07:27.368,1.28717,1.28723,1.88,3.98
2013.03.19 18:07:27.428,1.28717,1.28721,1.50,4.13
2013.03.19 18:07:27.787,1.28714,1.2872,2.63,3.38
2013.03.19 18:07:27.848,1.28714,1.2872,1.88,4.13
2013.03.19 18:07:30.137,1.28714,1.28718,1.13,1.50
2013.03.19 18:07:30.559,1.28715,1.28719,1.13,1.88
2013.03.19 18:07:30.680,1.28719,1.28723,2.25,4.13
2013.03.19 18:07:30.987,1.2872,1.28723,1.50,3.00
2013.03.19 18:07:31.671,1.2872,1.28723,1.50,1.50
2013.03.19 18:07:31.997,1.28721,1.28725,1.50,3.19
2013.03.19 18:07:32.917,1.2872,1.28725,2.25,1.73
2013.03.19 18:07:33.567,1.2872,1.28724,1.50,2.78
2013.03.19 18:07:34.108,1.2872,1.28724,1.50,2.03
2013.03.19 18:07:35.677,1.28719,1.28724,2.25,3.53
2013.03.19 18:07:37.888,1.28719,1.28724,1.50,4.47
2013.03.19 18:07:38.618,1.28719,1.28723,3.00,1.50
2013.03.19 18:07:38.677,1.28719,1.28723,3.00,3.00
2013.03.19 18:07:39.217,1.28719,1.28723,1.50,3.75
2013.03.19 18:07:39.838,1.28719,1.28723,1.50,2.25
2013.03.19 18:07:43.940,1.28719,1.28723,2.82,1.50
2013.03.19 18:07:44.238,1.28721,1.28725,1.65,3.75
2013.03.19 18:07:44.497,1.28721,1.28725,3.38,1.50
2013.03.19 18:07:44.918,1.28722,1.28725,1.50,1.50
2013.03.19 18:07:47.089,1.28722,1.28727,3.00,2.44
2013.03.19 18:07:47.267,1.28724,1.28727,3.23,2.25
2013.03.19 18:08:02.973,1.28722,1.28726,3.19,3.46
2013.03.19 18:08:03.159,1.28718,1.28722,1.13,2.40
2013.03.19 18:08:03.277,1.28716,1.28721,3.10,3.23
2013.03.19 18:08:04.818,1.28716,1.28721,2.72,3.04
2013.03.19 18:08:05.917,1.28716,1.28721,1.97,3.60
2013.03.19 18:08:05.979,1.28714,1.28719,3.89,1.65
2013.03.19 18:08:06.550,1.28713,1.28717,3.45,1.50
2013.03.19 18:08:07.057,1.28713,1.28717,1.13,2.25
2013.03.19 18:08:07.647,1.28711,1.28716,6.15,1.50
2013.03.19 18:08:10.047,1.28712,1.28716,1.50,1.50
2013.03.19 18:08:13.117,1.28712,1.28717,1.13,3.00
2013.03.19 18:08:17.509,1.28714,1.28717,6.85,2.25
2013.03.19 18:08:17.868,1.28718,1.28723,6.60,1.17
2013.03.19 18:08:17.988,1.2872,1.28724,2.25,1.88
2013.03.19 18:08:19.957,1.2872,1.28724,1.50,1.50
2013.03.19 18:08:22.508,1.28721,1.28724,1.65,1.50
2013.03.19 18:08:23.097,1.28721,1.28727,2.40,2.44
2013.03.19 18:08:24.659,1.2872,1.28725,7.73,1.50
2013.03.19 18:08:25.260,1.28722,1.28727,1.50,2.25
2013.03.19 18:08:25.798,1.28722,1.28727,1.50,1.50
2013.03.19 18:08:26.349,1.28724,1.28728,2.25,2.44
2013.03.19 18:08:26.907,1.28724,1.28728,2.25,2.44
2013.03.19 18:08:32.108,1.28724,1.28729,3.75,1.50
2013.03.19 18:08:32.411,1.28729,1.28737,24.56,1.50
2013.03.19 18:08:32.484,1.28735,1.2874,9.10,2.78
2013.03.19 18:08:32.978,1.28739,1.28743,2.25,1.13
2013.03.19 18:08:33.878,1.28739,1.28744,2.25,1.28
2013.03.19 18:08:35.588,1.28739,1.28744,2.25,2.78
2013.03.19 18:08:36.368,1.28739,1.28744,1.50,3.72
2013.03.19 18:08:36.907,1.28739,1.28745,5.63,4.73
2013.03.19 18:08:38.908,1.28741,1.28745,2.25,3.60
2013.03.19 18:08:39.466,1.28741,1.28745,2.25,1.50
2013.03.19 18:08:43.507,1.28742,1.28747,1.50,2.40
2013.03.19 18:08:43.928,1.28743,1.28748,1.50,2.63
2013.03.19 18:08:44.472,1.28744,1.28749,3.00,2.03
2013.03.19 18:08:45.599,1.28744,1.28749,3.00,1.65
2013.03.19 18:08:49.158,1.28745,1.2875,1.50,3.00
2013.03.19 18:08:49.460,1.28744,1.2875,6.00,1.50
2013.03.19 18:08:50.007,1.28745,1.28751,2.25,3.00
2013.03.19 18:08:50.548,1.28745,1.2875,2.25,1.50
2013.03.19 18:08:51.637,1.28745,1.2875,2.25,1.50
2013.03.19 18:08:53.318,1.28744,1.2875,3.00,3.00
2013.03.19 18:08:53.677,1.28744,1.28748,1.88,1.50
2013.03.19 18:08:54.462,1.28744,1.28748,1.65,2.25
2013.03.19 18:08:55.007,1.28742,1.28747,1.50,2.25
2013.03.19 18:08:55.546,1.28742,1.28747,1.50,1.50
2013.03.19 18:08:56.438,1.28742,1.28747,2.48,1.50
2013.03.19 18:09:00.328,1.28741,1.28745,3.75,1.88
2013.03.19 18:09:00.388,1.28742,1.28743,1.65,2.33
2013.03.19 18:09:00.508,1.2874,1.28743,2.44,2.33
2013.03.19 18:09:00.688,1.28739,1.28741,1.13,1.42
2013.03.19 18:09:00.868,1.28736,1.28739,2.72,2.85
2013.03.19 18:09:00.928,1.28733,1.28737,4.13,1.50
2013.03.19 18:09:01.107,1.28731,1.28737,6.38,2.25
2013.03.19 18:09:01.587,1.28732,1.28737,1.13,3.75
2013.03.19 18:09:02.147,1.28732,1.28737,1.13,2.25
2013.03.19 18:09:05.648,1.2873,1.28735,1.50,2.25
2013.03.19 18:09:05.709,1.28729,1.28735,4.05,2.25
2013.03.19 18:09:06.247,1.28729,1.28735,1.65,3.00
2013.03.19 18:09:06.799,1.28729,1.28735,2.40,1.50
2013.03.19 18:09:07.338,1.28729,1.28735,1.65,2.25
2013.03.19 18:09:09.678,1.28729,1.28735,2.40,3.00
2013.03.19 18:09:09.797,1.28729,1.28733,2.25,3.75
2013.03.19 18:09:10.403,1.28729,1.28733,2.25,3.75
2013.03.19 18:09:10.830,1.28726,1.2873,1.50,5.63
2013.03.19 18:09:10.893,1.28725,1.28728,2.48,4.88
2013.03.19 18:09:11.078,1.28724,1.28726,1.50,2.85
2013.03.19 18:09:11.139,1.28721,1.28726,1.50,3.38
2013.03.19 18:09:11.679,1.28721,1.28726,1.50,4.13
2013.03.19 18:09:12.658,1.28721,1.28726,1.50,4.13
2013.03.19 18:09:13.368,1.28721,1.28726,1.50,4.13
2013.03.19 18:09:14.468,1.28721,1.28725,1.50,1.50
2013.03.19 18:09:18.513,1.28722,1.28725,1.50,1.50
2013.03.19 18:09:19.068,1.28723,1.28726,1.50,1.13
2013.03.19 18:09:21.199,1.28723,1.28728,1.50,2.25
2013.03.19 18:09:21.719,1.28724,1.28728,1.13,3.00
2013.03.19 18:09:21.782,1.28726,1.28728,1.97,1.50
2013.03.19 18:09:21.849,1.28726,1.28729,1.97,1.50
2013.03.19 18:09:22.088,1.28727,1.28731,1.88,1.50
2013.03.19 18:09:22.208,1.28728,1.28732,1.50,2.25
2013.03.19 18:09:24.637,1.28727,1.28731,1.13,3.60
2013.03.19 18:09:24.717,1.28722,1.28727,1.50,3.00
2013.03.19 18:09:24.793,1.28722,1.28727,1.50,3.00
2013.03.19 18:09:25.338,1.28721,1.28727,1.65,4.50
2013.03.19 18:09:25.899,1.28721,1.28727,1.65,3.75
2013.03.19 18:09:26.828,1.28721,1.28727,2.40,2.25
2013.03.19 18:09:27.168,1.28723,1.28728,1.50,3.00
2013.03.19 18:09:27.699,1.28725,1.28728,1.50,1.50
2013.03.19 18:09:27.997,1.28727,1.28731,2.25,2.25
2013.03.19 18:09:28.537,1.28727,1.28732,3.75,3.00
2013.03.19 18:09:29.077,1.28727,1.28733,3.00,4.50
2013.03.19 18:09:31.518,1.28728,1.28733,1.50,3.75
2013.03.19 18:09:32.013,1.28728,1.28733,1.50,4.13
2013.03.19 18:09:37.558,1.28729,1.28733,1.50,2.18
2013.03.19 18:09:37.867,1.28729,1.28733,1.50,1.20
2013.03.19 18:09:38.480,1.28729,1.28733,1.50,1.20
2013.03.19 18:09:39.697,1.28729,1.28733,1.50,1.43
2013.03.19 18:09:42.018,1.28727,1.28731,3.38,1.28
2013.03.19 18:09:42.198,1.28727,1.28731,1.13,1.50
2013.03.19 18:09:42.753,1.28727,1.28731,1.13,1.65
2013.03.19 18:09:42.829,1.28727,1.28731,4.13,1.28
2013.03.19 18:09:43.408,1.28728,1.28731,1.50,1.13
2013.03.19 18:09:43.718,1.28728,1.28731,1.50,1.28
2013.03.19 18:09:45.020,1.28727,1.28733,4.88,4.13
2013.03.19 18:09:45.547,1.28727,1.28733,4.88,4.13
2013.03.19 18:09:49.557,1.28729,1.28733,1.50,3.38
2013.03.19 18:09:50.228,1.28727,1.28732,3.38,1.28
2013.03.19 18:09:50.480,1.28727,1.28731,1.50,1.13
2013.03.19 18:09:51.907,1.28729,1.28733,1.50,2.63
2013.03.19 18:09:52.468,1.28729,1.28733,1.50,2.63
2013.03.19 18:09:56.139,1.28727,1.28731,1.88,1.50
2013.03.19 18:09:56.198,1.28727,1.2873,1.13,1.50
2013.03.19 18:09:56.318,1.28726,1.28729,1.88,1.13
2013.03.19 18:09:56.619,1.28721,1.28726,2.10,5.25
2013.03.19 18:10:05.619,1.28721,1.28726,1.35,1.88
2013.03.19 18:10:15.237,1.28721,1.28726,2.25,2.63
2013.03.19 18:10:22.937,1.28721,1.28726,3.00,2.63
2013.03.19 18:10:26.049,1.28721,1.28726,2.25,5.22
2013.03.19 18:10:27.073,1.28721,1.28724,1.50,1.50
2013.03.19 18:10:28.437,1.28721,1.28724,1.50,1.50
2013.03.19 18:10:30.430,1.28723,1.28726,1.73,2.25
2013.03.19 18:10:30.609,1.28724,1.28728,1.92,1.50
2013.03.19 18:10:30.729,1.28726,1.2873,2.25,2.03
2013.03.19 18:10:31.090,1.28728,1.28732,1.50,2.55
2013.03.19 18:10:31.150,1.28728,1.28733,2.25,6.38
2013.03.19 18:10:31.567,1.2873,1.28735,1.50,2.59
2013.03.19 18:10:32.108,1.28729,1.28734,3.98,1.50
2013.03.19 18:10:32.408,1.28729,1.28734,3.00,6.98
2013.03.19 18:10:32.468,1.28729,1.28734,3.75,6.38
2013.03.19 18:10:33.008,1.28728,1.28732,1.88,1.65
2013.03.19 18:10:34.698,1.2873,1.28732,2.25,1.50
2013.03.19 18:10:35.238,1.2873,1.28734,3.00,1.50
2013.03.19 18:10:35.787,1.2873,1.28735,3.00,6.19
2013.03.19 18:10:36.667,1.2873,1.28735,3.00,4.84
2013.03.19 18:10:37.208,1.2873,1.28735,3.00,5.44
2013.03.19 18:10:39.527,1.28729,1.28734,4.54,2.25
2013.03.19 18:10:41.138,1.28729,1.28734,3.42,2.25
2013.03.19 18:10:41.657,1.28729,1.28734,4.17,1.50
2013.03.19 18:10:45.437,1.28729,1.28734,4.17,1.50
2013.03.19 18:11:02.768,1.28731,1.28736,1.50,8.74
2013.03.19 18:11:03.673,1.28732,1.28737,5.44,2.25
2013.03.19 18:11:04.178,1.28734,1.28739,3.23,1.50
2013.03.19 18:11:04.718,1.28734,1.28739,4.50,1.50
2013.03.19 18:11:05.269,1.28734,1.28739,4.73,1.50
2013.03.19 18:11:05.569,1.28734,1.28739,4.73,2.25
2013.03.19 18:11:05.809,1.28732,1.28736,6.75,2.63
2013.03.19 18:11:08.659,1.28733,1.28736,2.48,1.88
2013.03.19 18:11:09.198,1.28731,1.28736,2.07,4.35
2013.03.19 18:11:09.558,1.28731,1.28736,3.68,3.38
2013.03.19 18:11:10.098,1.28731,1.28736,2.63,5.44
2013.03.19 18:11:12.608,1.28731,1.28735,1.13,3.00
2013.03.19 18:11:14.658,1.2873,1.28735,4.09,3.75
2013.03.19 18:11:18.350,1.2873,1.28735,2.59,3.75
2013.03.19 18:11:21.723,1.2873,1.28735,2.59,2.25
2013.03.19 18:11:24.148,1.2873,1.28736,2.82,3.75
2013.03.19 18:11:24.391,1.2873,1.28734,1.69,3.00
2013.03.19 18:11:24.691,1.28728,1.2873,2.85,1.50
2013.03.19 18:11:24.939,1.28722,1.28726,1.50,1.50
2013.03.19 18:11:26.057,1.28721,1.28726,4.50,1.50
2013.03.19 18:11:26.132,1.28721,1.28726,5.25,1.13
2013.03.19 18:11:26.678,1.28722,1.28728,7.17,3.75
2013.03.19 18:11:26.739,1.28724,1.28729,1.88,3.60
2013.03.19 18:11:26.869,1.28727,1.28731,1.13,1.88
2013.03.19 18:11:27.229,1.28726,1.28731,2.25,2.63
2013.03.19 18:11:27.768,1.28726,1.28731,2.25,3.38
2013.03.19 18:11:28.316,1.28726,1.28731,2.25,1.88
2013.03.19 18:11:29.699,1.28727,1.28732,2.44,1.13
2013.03.19 18:11:30.548,1.28729,1.28732,1.54,1.13
2013.03.19 18:11:32.169,1.28726,1.28731,1.88,3.38
2013.03.19 18:11:32.707,1.28724,1.2873,3.75,3.15
2013.03.19 18:11:32.828,1.28724,1.28728,3.00,2.25
2013.03.19 18:11:33.459,1.28723,1.28727,1.50,2.25
2013.03.19 18:11:33.998,1.28723,1.28726,1.50,1.13
2013.03.19 18:11:36.551,1.28723,1.28726,1.50,1.13
2013.03.19 18:11:36.678,1.2872,1.28725,4.50,2.85
2013.03.19 18:11:37.228,1.28719,1.28724,3.23,1.84
2013.03.19 18:11:37.797,1.28719,1.28724,2.48,3.34
2013.03.19 18:11:38.880,1.28719,1.28724,3.23,2.40
2013.03.19 18:11:41.098,1.28719,1.28723,2.85,1.50
2013.03.19 18:11:41.220,1.28719,1.28723,2.48,3.75
2013.03.19 18:11:41.530,1.28712,1.28717,1.50,5.10
2013.03.19 18:11:41.590,1.28707,1.28716,3.38,4.54
2013.03.19 18:11:42.128,1.2871,1.28716,3.00,4.80
2013.03.19 18:11:43.027,1.2871,1.28716,3.00,4.80
2013.03.19 18:11:44.927,1.2871,1.28716,2.25,4.80
2013.03.19 18:11:47.739,1.2871,1.28715,3.00,1.50
2013.03.19 18:11:53.197,1.2871,1.28715,2.25,2.25
2013.03.19 18:11:54.388,1.2871,1.28715,3.00,2.40
2013.03.19 18:11:54.967,1.2871,1.28715,2.25,3.15
2013.03.19 18:11:55.218,1.28709,1.28715,2.25,3.15
2013.03.19 18:11:55.522,1.28708,1.28713,1.50,2.10
2013.03.19 18:11:55.828,1.28707,1.28711,3.38,4.20
2013.03.19 18:11:55.888,1.28704,1.28711,6.98,5.40
2013.03.19 18:11:57.748,1.28704,1.28709,5.20,1.50
2013.03.19 18:11:58.287,1.28704,1.28708,2.85,2.25
2013.03.19 18:11:58.919,1.28704,1.28709,1.73,2.25
2013.03.19 18:11:59.278,1.28701,1.28706,1.88,1.50
2013.03.19 18:11:59.818,1.28701,1.28706,1.88,3.38
2013.03.19 18:12:02.248,1.28701,1.28705,2.63,1.50
2013.03.19 18:12:05.069,1.287,1.28705,1.50,1.50
2013.03.19 18:12:05.369,1.28696,1.28701,1.50,4.58
2013.03.19 18:12:05.490,1.28695,1.28701,1.50,4.58
2013.03.19 18:12:06.028,1.28695,1.28701,1.50,5.33
2013.03.19 18:12:06.568,1.28694,1.28698,1.88,1.50
2013.03.19 18:12:07.238,1.28694,1.28698,1.88,1.50
2013.03.19 18:12:07.898,1.28694,1.28698,1.13,2.25
2013.03.19 18:12:09.521,1.28694,1.28698,1.13,3.00
2013.03.19 18:12:11.790,1.28692,1.28696,2.63,1.50
2013.03.19 18:12:11.978,1.28687,1.28695,3.00,1.50
2013.03.19 18:12:12.158,1.28691,1.28694,1.50,1.50
2013.03.19 18:12:12.887,1.28687,1.28695,1.50,1.50
2013.03.19 18:12:13.429,1.28687,1.28695,1.50,1.58
2013.03.19 18:12:13.612,1.28687,1.28694,2.63,1.50
2013.03.19 18:12:13.740,1.28687,1.2869,2.25,2.28
2013.03.19 18:12:13.799,1.28687,1.2869,1.50,2.85
2013.03.19 18:12:14.278,1.28684,1.2869,1.73,4.35
2013.03.19 18:12:15.009,1.28684,1.28689,1.50,2.25
2013.03.19 18:12:15.190,1.28681,1.28686,1.84,4.20
2013.03.19 18:12:15.728,1.28682,1.28686,1.50,3.38
2013.03.19 18:12:16.267,1.28682,1.28686,1.50,3.37
2013.03.19 18:12:17.300,1.28682,1.28685,1.50,1.50
2013.03.19 18:12:17.907,1.28681,1.28685,1.50,1.50
2013.03.19 18:12:18.508,1.28682,1.28685,1.50,1.50
2013.03.19 18:12:19.048,1.28681,1.28686,3.38,3.38
2013.03.19 18:12:20.633,1.28681,1.28686,3.38,2.63
2013.03.19 18:12:20.715,1.28685,1.2869,3.00,5.59
2013.03.19 18:12:21.297,1.28685,1.2869,3.75,5.59
2013.03.19 18:12:21.798,1.28685,1.2869,3.47,7.65
2013.03.19 18:12:21.919,1.28684,1.28686,4.49,1.50
2013.03.19 18:12:21.978,1.28684,1.28686,1.69,1.50
2013.03.19 18:12:22.159,1.28681,1.28684,1.13,2.10
2013.03.19 18:12:22.698,1.2868,1.28684,2.63,2.40
2013.03.19 18:12:24.378,1.2868,1.28685,2.63,3.15
2013.03.19 18:12:24.798,1.28679,1.28684,1.50,2.67
2013.03.19 18:12:25.507,1.28677,1.28684,3.75,2.70
2013.03.19 18:12:27.188,1.28678,1.28684,1.13,3.64
2013.03.19 18:12:27.747,1.28679,1.28682,1.50,1.65
2013.03.19 18:12:28.632,1.28679,1.28682,1.50,1.65
2013.03.19 18:12:30.107,1.28679,1.28684,2.48,1.65
2013.03.19 18:12:31.778,1.28679,1.28684,2.85,1.65
2013.03.19 18:12:32.090,1.28681,1.28685,1.50,2.40
2013.03.19 18:12:33.900,1.28681,1.28685,1.50,1.65
2013.03.19 18:12:34.029,1.28679,1.28683,4.35,1.13
2013.03.19 18:12:36.558,1.28678,1.28682,2.63,1.65
2013.03.19 18:12:37.358,1.28677,1.28682,6.75,1.50
2013.03.19 18:12:37.539,1.28676,1.28681,5.63,2.55
2013.03.19 18:12:40.440,1.28677,1.28681,1.50,1.35
2013.03.19 18:12:40.559,1.28678,1.28681,1.50,1.13
2013.03.19 18:12:40.919,1.2868,1.28686,2.25,6.56
2013.03.19 18:12:41.440,1.2868,1.28685,2.25,1.65
2013.03.19 18:12:43.878,1.28681,1.28686,2.25,4.28
2013.03.19 18:12:47.117,1.28681,1.28686,3.00,2.78
2013.03.19 18:12:47.419,1.28684,1.28687,8.42,1.47
2013.03.19 18:12:47.479,1.28686,1.28688,1.50,1.13
2013.03.19 18:12:47.839,1.28686,1.2869,3.75,1.47
2013.03.19 18:12:48.952,1.28686,1.2869,4.88,1.47
2013.03.19 18:12:49.267,1.28686,1.28691,4.13,3.79
2013.03.19 18:12:49.909,1.28686,1.28691,4.13,3.08
2013.03.19 18:12:50.441,1.28686,1.28691,4.13,3.08
2013.03.19 18:12:50.798,1.28686,1.28691,4.13,2.48
2013.03.19 18:12:51.427,1.28686,1.28691,4.13,2.48
2013.03.19 18:12:51.869,1.28686,1.28691,3.00,2.48
2013.03.19 18:12:52.637,1.28686,1.28691,3.00,2.48
2013.03.19 18:12:53.138,1.28686,1.28691,3.75,2.48
2013.03.19 18:12:53.678,1.28686,1.28691,3.75,3.19
2013.03.19 18:12:53.858,1.28686,1.28691,3.75,2.48
2013.03.19 18:12:53.979,1.28687,1.28691,2.25,2.48
2013.03.19 18:12:54.281,1.28687,1.28691,1.50,5.55
2013.03.19 18:12:54.410,1.28684,1.28688,3.19,2.48
2013.03.19 18:12:54.529,1.28682,1.28688,3.00,5.10
2013.03.19 18:12:55.068,1.28681,1.28687,3.00,1.35
2013.03.19 18:12:56.268,1.28681,1.28686,1.50,1.88
2013.03.19 18:12:56.789,1.28681,1.28686,1.50,1.88
2013.03.19 18:12:57.028,1.28679,1.28684,1.35,2.40
2013.03.19 18:12:57.088,1.2868,1.28684,1.50,1.09
2013.03.19 18:12:57.210,1.28681,1.28685,1.50,3.34
2013.03.19 18:12:57.688,1.2868,1.28685,1.50,3.75
2013.03.19 18:12:57.868,1.2868,1.28684,1.50,1.65
2013.03.19 18:12:58.529,1.28679,1.28685,1.50,3.00
2013.03.19 18:12:58.829,1.28673,1.28679,4.88,1.73
2013.03.19 18:12:59.009,1.28672,1.28677,1.13,3.15
2013.03.19 18:13:00.491,1.28667,1.28673,3.38,1.50
2013.03.19 18:13:01.525,1.28665,1.28671,3.90,3.75
2013.03.19 18:13:01.851,1.28665,1.28668,1.69,1.50
2013.03.19 18:13:02.357,1.28665,1.28667,1.69,1.50
2013.03.19 18:13:02.929,1.28664,1.28666,1.95,1.97
2013.03.19 18:13:03.261,1.28662,1.28665,5.25,1.50
2013.03.19 18:13:03.391,1.28662,1.28665,1.50,1.50
2013.03.19 18:13:03.450,1.28663,1.28667,2.25,1.50
2013.03.19 18:13:03.568,1.28661,1.28665,3.23,1.50
2013.03.19 18:13:04.108,1.28661,1.28665,3.23,1.50
2013.03.19 18:13:04.469,1.2866,1.28665,2.25,2.25
2013.03.19 18:13:05.008,1.2866,1.28664,2.25,1.65
2013.03.19 18:13:08.397,1.2866,1.28664,1.50,1.65
2013.03.19 18:13:10.348,1.2866,1.28664,1.50,2.40
2013.03.19 18:13:15.893,1.2866,1.28664,1.50,2.40
2013.03.19 18:13:18.919,1.2866,1.28664,1.50,2.40
2013.03.19 18:13:19.430,1.28659,1.28663,2.25,2.63
2013.03.19 18:13:22.349,1.28659,1.28662,2.25,1.65
2013.03.19 18:13:23.872,1.28659,1.28661,1.50,1.13
2013.03.19 18:13:23.999,1.28657,1.2866,3.38,1.65
2013.03.19 18:13:24.537,1.28657,1.2866,1.88,1.84
2013.03.19 18:13:26.122,1.28658,1.2866,2.25,1.50
2013.03.19 18:13:26.248,1.28659,1.28663,2.25,4.13
2013.03.19 18:13:26.709,1.2866,1.28663,1.50,1.13
2013.03.19 18:13:26.768,1.2866,1.28664,1.50,1.65
2013.03.19 18:13:26.888,1.28661,1.28665,1.88,2.25
2013.03.19 18:13:28.212,1.28663,1.28667,1.50,2.03
2013.03.19 18:13:28.519,1.28667,1.2867,5.48,2.25
2013.03.19 18:13:28.640,1.28669,1.28674,10.43,1.88
2013.03.19 18:13:28.699,1.28671,1.28675,2.25,2.25
2013.03.19 18:13:28.881,1.28673,1.28675,1.50,2.25
2013.03.19 18:13:29.430,1.28672,1.28676,3.00,1.05
2013.03.19 18:13:32.469,1.28671,1.28676,3.75,1.13
2013.03.19 18:13:33.251,1.28674,1.28678,5.20,1.13
2013.03.19 18:13:33.383,1.28676,1.2868,1.50,3.34
2013.03.19 18:13:33.987,1.28676,1.2868,1.50,3.34
2013.03.19 18:13:35.138,1.28675,1.2868,6.47,3.34
2013.03.19 18:13:35.801,1.28676,1.2868,1.50,3.34
2013.03.19 18:13:36.159,1.28678,1.28685,1.50,2.67
2013.03.19 18:13:36.519,1.2868,1.28685,2.25,1.13
2013.03.19 18:13:36.878,1.28681,1.28685,1.50,1.13
2013.03.19 18:13:36.998,1.28681,1.28686,1.50,5.03
2013.03.19 18:13:39.519,1.2868,1.28685,3.00,2.40
2013.03.19 18:13:42.038,1.28681,1.28686,2.07,4.28
2013.03.19 18:13:42.406,1.28684,1.28686,1.69,2.10
2013.03.19 18:13:47.520,1.2868,1.28686,2.25,4.88
2013.03.19 18:13:47.821,1.28682,1.28685,3.42,4.13
2013.03.19 18:13:47.939,1.28683,1.28686,1.50,1.65
2013.03.19 18:13:48.059,1.28683,1.28688,2.82,2.03
2013.03.19 18:13:48.359,1.28685,1.28688,2.07,1.28
2013.03.19 18:13:48.861,1.28686,1.28689,2.07,1.28
2013.03.19 18:13:49.539,1.28693,1.28696,1.69,1.28
2013.03.19 18:13:52.609,1.28692,1.28696,1.50,3.53
2013.03.19 18:13:53.120,1.28691,1.28696,2.25,3.53
2013.03.19 18:13:56.898,1.28692,1.28696,3.75,2.78
2013.03.19 18:13:57.258,1.28694,1.28698,1.13,1.88
2013.03.19 18:13:57.560,1.28695,1.28698,1.50,1.13
2013.03.19 18:13:57.739,1.28696,1.28701,2.85,4.35
2013.03.19 18:13:57.918,1.28701,1.28706,4.16,2.40
2013.03.19 18:13:58.039,1.28703,1.28708,1.50,3.00
2013.03.19 18:13:58.159,1.28703,1.28708,2.25,3.00
2013.03.19 18:13:58.698,1.28704,1.28708,1.13,2.40
2013.03.19 18:13:59.238,1.28704,1.28708,1.13,2.40
2013.03.19 18:14:00.428,1.28704,1.28708,1.13,2.03
2013.03.19 18:14:00.729,1.287,1.28703,2.25,3.60
2013.03.19 18:14:01.918,1.287,1.28702,1.50,1.50
2013.03.19 18:14:02.839,1.287,1.28704,1.50,2.63
2013.03.19 18:14:03.614,1.287,1.28704,1.50,2.63
2013.03.19 18:14:04.297,1.287,1.28704,1.50,2.63
2013.03.19 18:14:04.749,1.28701,1.28705,1.50,1.65
2013.03.19 18:14:05.179,1.28702,1.28705,1.13,1.65
2013.03.19 18:14:05.869,1.287,1.28704,1.13,3.45
2013.03.19 18:14:05.994,1.28699,1.28701,1.50,3.00
2013.03.19 18:14:06.060,1.28692,1.28696,2.63,7.35
2013.03.19 18:14:06.239,1.28686,1.28692,3.00,6.42
2013.03.19 18:14:06.358,1.28687,1.28691,1.50,2.85
2013.03.19 18:14:06.539,1.28685,1.2869,3.00,2.13
2013.03.19 18:14:06.839,1.28683,1.28689,4.13,2.44
2013.03.19 18:14:07.338,1.28682,1.28687,3.00,1.50
2013.03.19 18:14:07.877,1.28682,1.28687,1.50,2.25
2013.03.19 18:14:08.433,1.28682,1.28687,2.25,1.50
2013.03.19 18:14:08.958,1.28683,1.28687,3.00,1.50
2013.03.19 18:14:09.518,1.28683,1.28687,3.00,1.50
2013.03.19 18:14:10.102,1.28683,1.28687,1.50,1.50
2013.03.19 18:14:12.810,1.28683,1.28687,1.50,1.50
2013.03.19 18:14:12.930,1.28682,1.28685,3.00,1.50
2013.03.19 18:14:13.172,1.28679,1.28681,1.50,3.00
2013.03.19 18:14:13.298,1.28677,1.2868,1.50,1.65
2013.03.19 18:14:14.078,1.28677,1.28681,1.50,2.63
2013.03.19 18:14:14.599,1.28676,1.2868,2.25,2.44
2013.03.19 18:14:15.550,1.28676,1.28679,2.25,1.32
2013.03.19 18:14:15.909,1.28676,1.2868,4.35,2.44
2013.03.19 18:14:16.029,1.28679,1.28684,1.35,4.13
2013.03.19 18:14:16.269,1.2868,1.28685,1.50,4.04
2013.03.19 18:14:16.808,1.28681,1.28685,1.50,1.65
2013.03.19 18:14:17.808,1.2868,1.28685,2.25,2.40
2013.03.19 18:14:17.884,1.2868,1.28684,1.50,1.50
2013.03.19 18:14:18.068,1.28681,1.28685,2.25,1.65
2013.03.19 18:14:19.758,1.28681,1.28686,3.75,5.55
2013.03.19 18:14:21.228,1.2868,1.28686,3.00,4.80
2013.03.19 18:14:22.369,1.2868,1.28685,2.25,1.65
2013.03.19 18:14:22.898,1.2868,1.28686,3.00,4.05
2013.03.19 18:14:27.557,1.2868,1.28686,3.00,3.30
2013.03.19 18:14:31.038,1.2868,1.28683,1.50,2.48
2013.03.19 18:14:31.281,1.28678,1.28681,1.13,3.38
2013.03.19 18:14:31.819,1.28678,1.28681,1.13,3.38
2013.03.19 18:14:31.999,1.2868,1.28682,2.40,2.25
2013.03.19 18:14:32.300,1.28685,1.28691,9.76,3.90
2013.03.19 18:14:32.481,1.28691,1.28695,2.44,1.50
2013.03.19 18:14:32.540,1.28691,1.28696,3.98,3.00
2013.03.19 18:14:33.078,1.28692,1.28697,1.13,2.25
2013.03.19 18:14:33.619,1.28692,1.28696,1.50,1.13
2013.03.19 18:14:33.741,1.28691,1.28696,1.54,1.65
2013.03.19 18:14:33.811,1.28691,1.28696,2.85,1.65
2013.03.19 18:14:35.912,1.28691,1.28696,2.25,3.00
2013.03.19 18:14:36.221,1.28697,1.28702,8.67,1.13
2013.03.19 18:14:36.579,1.287,1.28703,1.50,2.40
2013.03.19 18:14:37.118,1.28699,1.28703,2.63,3.15
2013.03.19 18:14:37.668,1.287,1.28703,1.50,2.40
2013.03.19 18:14:38.471,1.287,1.28702,1.50,1.50
2013.03.19 18:14:39.248,1.28701,1.28705,4.73,2.25
2013.03.19 18:14:39.368,1.28703,1.28705,1.13,1.88
2013.03.19 18:14:39.428,1.28703,1.28705,1.13,1.13
2013.03.19 18:14:39.968,1.28702,1.28707,3.60,1.50
2013.03.19 18:14:43.269,1.28702,1.28707,4.35,1.50
2013.03.19 18:14:45.240,1.28702,1.28707,1.50,2.25
2013.03.19 18:14:45.749,1.28702,1.28706,1.50,2.25
2013.03.19 18:14:46.508,1.28702,1.28706,1.50,2.25
2013.03.19 18:14:47.048,1.28701,1.28705,2.63,1.50
2013.03.19 18:14:47.428,1.28704,1.28706,2.25,1.50
2013.03.19 18:14:47.979,1.28704,1.28707,2.25,2.25
2013.03.19 18:14:48.919,1.28704,1.28707,2.25,2.25
2013.03.19 18:14:53.718,1.28703,1.28707,3.38,1.50
2013.03.19 18:14:54.258,1.28703,1.28708,2.25,3.15
2013.03.19 18:14:54.610,1.287,1.28703,2.63,4.73
2013.03.19 18:14:54.670,1.28698,1.28701,2.25,7.88
2013.03.19 18:14:54.790,1.28697,1.287,2.25,1.50
2013.03.19 18:14:54.911,1.28695,1.28699,3.38,1.50
2013.03.19 18:14:55.041,1.28699,1.28704,2.10,1.13
2013.03.19 18:14:55.110,1.28702,1.28705,1.50,2.25
2013.03.19 18:14:55.229,1.28702,1.28706,3.75,1.88
2013.03.19 18:14:55.772,1.287,1.28704,2.10,1.13
2013.03.19 18:14:55.841,1.287,1.28703,1.50,2.10
2013.03.19 18:14:55.914,1.28699,1.28703,5.63,2.48
2013.03.19 18:14:55.982,1.28699,1.28704,7.54,1.50
2013.03.19 18:14:56.349,1.28701,1.28706,1.50,1.88
2013.03.19 18:14:57.938,1.28701,1.28707,3.75,1.50
2013.03.19 18:14:59.789,1.28701,1.28707,3.75,1.50
2013.03.19 18:15:00.419,1.28701,1.28706,1.50,3.00
2013.03.19 18:15:00.840,1.28702,1.28707,1.13,3.38
2013.03.19 18:15:01.818,1.28702,1.28707,2.03,3.38
2013.03.19 18:15:02.357,1.28702,1.28706,1.13,1.50
2013.03.19 18:15:03.278,1.28702,1.28707,2.03,2.25
2013.03.19 18:15:03.988,1.28702,1.28707,2.03,2.25
2013.03.19 18:15:04.430,1.28702,1.28707,2.03,1.50
2013.03.19 18:15:09.418,1.28704,1.28708,2.67,3.75
2013.03.19 18:15:09.480,1.28704,1.28708,2.67,3.00
2013.03.19 18:15:10.063,1.28704,1.28708,2.67,3.00
2013.03.19 18:15:10.151,1.2871,1.28715,1.73,1.50
2013.03.19 18:15:10.658,1.2871,1.28715,1.73,1.50
2013.03.19 18:15:11.340,1.28711,1.28716,1.50,2.48
2013.03.19 18:15:12.188,1.2871,1.28716,2.48,4.73
2013.03.19 18:15:12.679,1.2871,1.28713,2.48,2.85
2013.03.19 18:15:12.920,1.28706,1.28711,3.72,2.25
2013.03.19 18:15:12.980,1.28706,1.2871,3.34,1.88
2013.03.19 18:15:13.518,1.28704,1.28709,2.55,3.00
2013.03.19 18:15:13.998,1.28704,1.28708,1.43,2.25
2013.03.19 18:15:15.728,1.28704,1.28708,2.63,2.25
2013.03.19 18:15:15.851,1.28707,1.28709,1.13,1.88
2013.03.19 18:15:16.158,1.28712,1.28716,1.50,1.95
2013.03.19 18:15:16.218,1.28712,1.28717,1.50,2.25
2013.03.19 18:15:16.759,1.28712,1.28717,1.50,1.50
2013.03.19 18:15:17.330,1.28712,1.28717,1.50,1.50
2013.03.19 18:15:18.348,1.28712,1.28717,1.50,2.25
2013.03.19 18:15:18.898,1.28712,1.28717,1.50,1.50
2013.03.19 18:15:19.229,1.28714,1.28717,1.65,1.50
2013.03.19 18:15:19.589,1.28717,1.28721,1.13,2.25
2013.03.19 18:15:19.828,1.28716,1.2872,1.24,1.13
2013.03.19 18:15:20.368,1.28714,1.28719,6.94,1.50
2013.03.19 18:15:21.049,1.28714,1.28719,6.94,1.50
2013.03.19 18:15:25.838,1.28715,1.2872,1.65,3.38
2013.03.19 18:15:26.389,1.28715,1.28721,2.40,4.88
2013.03.19 18:15:27.189,1.28715,1.2872,2.25,1.50
2013.03.19 18:15:27.746,1.28714,1.28719,1.88,3.38
2013.03.19 18:15:28.288,1.28712,1.28717,3.75,1.50
2013.03.19 18:15:30.528,1.28714,1.28718,2.25,1.50
2013.03.19 18:15:30.999,1.28713,1.28715,1.65,3.00
2013.03.19 18:15:31.060,1.28711,1.28715,2.07,3.75
2013.03.19 18:15:31.178,1.28711,1.28715,1.13,3.75
2013.03.19 18:15:31.420,1.2871,1.28713,3.00,1.50
2013.03.19 18:15:31.658,1.28708,1.28713,2.40,2.25
2013.03.19 18:15:31.901,1.28709,1.28713,2.03,2.25
2013.03.19 18:15:32.078,1.2871,1.28716,1.88,2.32
2013.03.19 18:15:32.378,1.28711,1.28716,1.65,1.88
2013.03.19 18:15:33.548,1.28711,1.28716,1.65,4.13
2013.03.19 18:15:33.920,1.28711,1.28716,2.74,3.38
2013.03.19 18:15:34.538,1.28712,1.28717,3.38,1.50
2013.03.19 18:15:34.840,1.28718,1.28721,2.63,1.50
2013.03.19 18:15:34.959,1.2872,1.28722,1.50,1.97
2013.03.19 18:15:35.030,1.28718,1.28721,2.10,1.50
2013.03.19 18:15:35.090,1.28716,1.2872,2.40,1.50
2013.03.19 18:15:35.660,1.28714,1.2872,3.38,3.75
2013.03.19 18:15:36.679,1.28714,1.28719,2.03,1.50
2013.03.19 18:15:37.639,1.28713,1.28717,1.50,1.13
2013.03.19 18:15:40.319,1.28713,1.28717,1.50,2.63
2013.03.19 18:15:40.959,1.28713,1.28717,1.50,2.63
2013.03.19 18:15:42.220,1.28713,1.28717,1.50,1.88
2013.03.19 18:15:42.520,1.28715,1.2872,1.65,4.50
2013.03.19 18:15:42.758,1.28717,1.2872,1.50,2.25
2013.03.19 18:15:43.000,1.28718,1.28721,1.50,1.88
2013.03.19 18:15:43.659,1.28716,1.28721,1.88,1.88
2013.03.19 18:15:44.547,1.28715,1.28721,1.65,2.25
2013.03.19 18:15:51.010,1.28714,1.28721,8.03,2.85
2013.03.19 18:15:51.548,1.28714,1.28719,4.13,2.25
2013.03.19 18:15:51.668,1.28714,1.28719,1.50,2.25
2013.03.19 18:15:53.028,1.28714,1.28719,1.13,3.00
2013.03.19 18:15:53.868,1.28714,1.28718,1.13,1.13
2013.03.19 18:15:54.554,1.28712,1.28717,2.63,1.50
2013.03.19 18:15:55.068,1.28713,1.28717,1.50,1.50
2013.03.19 18:15:55.609,1.28713,1.28717,1.88,2.25
2013.03.19 18:15:55.670,1.28713,1.28716,1.88,1.50
2013.03.19 18:15:55.848,1.28711,1.28716,1.50,3.75
2013.03.19 18:15:55.970,1.2871,1.28714,3.34,2.25
2013.03.19 18:15:56.539,1.2871,1.28715,2.59,2.25
2013.03.19 18:15:57.071,1.2871,1.28714,1.84,2.25
2013.03.19 18:15:59.148,1.2871,1.28715,2.59,3.00
2013.03.19 18:15:59.708,1.2871,1.28715,2.59,3.00
2013.03.19 18:16:00.948,1.2871,1.28715,1.84,4.50
2013.03.19 18:16:03.910,1.2871,1.28713,1.84,2.25
2013.03.19 18:16:04.269,1.28703,1.28709,1.88,5.14
2013.03.19 18:16:04.569,1.28703,1.28707,1.13,2.25
2013.03.19 18:16:05.118,1.28703,1.28707,1.13,1.50
2013.03.19 18:16:06.068,1.28703,1.28707,1.13,3.00
2013.03.19 18:16:06.578,1.28703,1.28707,1.13,3.00
2013.03.19 18:16:07.269,1.28702,1.28707,1.65,3.00
2013.03.19 18:16:08.308,1.28701,1.28707,4.50,3.00
2013.03.19 18:16:08.863,1.28701,1.28706,3.75,3.75
2013.03.19 18:16:12.101,1.28701,1.28706,5.25,1.50
2013.03.19 18:16:12.548,1.287,1.28705,2.03,1.50
2013.03.19 18:16:12.947,1.28697,1.28703,2.63,2.10
2013.03.19 18:16:13.320,1.28693,1.28698,2.48,1.35
2013.03.19 18:16:13.928,1.2869,1.28695,3.38,1.50
2013.03.19 18:16:14.840,1.28693,1.28697,2.28,1.50
2013.03.19 18:16:14.902,1.28695,1.28698,1.15,2.25
2013.03.19 18:16:14.969,1.28694,1.28697,1.90,1.50
2013.03.19 18:16:15.508,1.28694,1.28699,1.13,2.25
2013.03.19 18:16:16.018,1.28694,1.28699,1.88,1.50
2013.03.19 18:16:17.589,1.28694,1.28699,1.13,1.50
2013.03.19 18:16:17.891,1.28698,1.287,1.88,3.00
2013.03.19 18:16:17.959,1.28698,1.28701,3.42,2.25
2013.03.19 18:16:18.020,1.28699,1.28702,2.85,1.50
2013.03.19 18:16:18.319,1.28699,1.28704,5.33,2.25
2013.03.19 18:16:19.638,1.28699,1.28705,5.33,3.19
2013.03.19 18:16:21.963,1.28699,1.28704,4.20,3.75
2013.03.19 18:16:22.269,1.28698,1.28702,1.13,1.50
2013.03.19 18:16:22.809,1.28698,1.28703,2.63,3.00
2013.03.19 18:16:23.171,1.28696,1.287,2.25,3.75
2013.03.19 18:16:23.409,1.28697,1.287,1.13,1.50
2013.03.19 18:16:23.784,1.28699,1.28703,1.73,1.50
2013.03.19 18:16:24.391,1.287,1.28705,1.50,3.63
2013.03.19 18:16:24.450,1.28701,1.28705,1.50,1.69
2013.03.19 18:16:24.510,1.28701,1.28705,2.48,1.69
2013.03.19 18:16:24.870,1.28697,1.28708,2.25,15.83
2013.03.19 18:16:24.930,1.28699,1.28704,1.50,2.48
2013.03.19 18:16:25.052,1.28693,1.28697,1.54,1.50
2013.03.19 18:16:25.360,1.28695,1.28701,6.23,5.25
2013.03.19 18:16:25.418,1.28696,1.287,1.50,1.65
2013.03.19 18:16:26.123,1.28699,1.28704,2.40,1.50
2013.03.19 18:16:26.668,1.287,1.28705,1.50,3.75
2013.03.19 18:16:26.969,1.28695,1.287,3.47,4.51
2013.03.19 18:16:27.151,1.28695,1.28696,1.50,3.08
2013.03.19 18:16:27.221,1.28692,1.28694,2.25,2.25
2013.03.19 18:16:27.339,1.2869,1.28694,1.88,4.88
2013.03.19 18:16:29.179,1.2869,1.28695,2.25,4.50
2013.03.19 18:16:29.479,1.28693,1.28697,1.88,2.25
2013.03.19 18:16:29.838,1.28693,1.28698,2.63,2.25
2013.03.19 18:16:30.528,1.28694,1.28698,2.25,2.25
2013.03.19 18:16:30.890,1.28695,1.28699,1.50,3.00
2013.03.19 18:16:31.249,1.28694,1.28696,2.63,1.50
2013.03.19 18:16:32.289,1.28691,1.28696,3.38,4.95
2013.03.19 18:16:33.410,1.28691,1.28695,2.25,3.00
2013.03.19 18:16:33.658,1.28691,1.28696,1.50,5.48
2013.03.19 18:16:34.091,1.2869,1.28695,1.88,2.40
2013.03.19 18:16:34.830,1.28691,1.28693,1.50,4.50
2013.03.19 18:16:34.922,1.28689,1.28694,1.73,4.13
2013.03.19 18:16:35.470,1.28689,1.28694,4.73,1.13
2013.03.19 18:16:35.709,1.28688,1.28693,5.29,3.00
2013.03.19 18:16:36.130,1.28687,1.28691,2.44,1.50
2013.03.19 18:16:36.431,1.28683,1.28686,2.25,4.39
2013.03.19 18:16:36.729,1.28679,1.28684,4.73,1.50
2013.03.19 18:16:37.450,1.28679,1.28683,1.50,2.25
2013.03.19 18:16:39.968,1.2868,1.28683,1.50,1.50
2013.03.19 18:16:40.893,1.28679,1.28683,2.25,2.25
2013.03.19 18:16:41.033,1.28677,1.28681,1.50,2.25
2013.03.19 18:16:41.159,1.28674,1.28679,2.63,4.65
2013.03.19 18:16:41.278,1.28674,1.28678,1.50,1.95
2013.03.19 18:16:41.459,1.28672,1.28676,2.25,2.10
2013.03.19 18:16:41.521,1.28672,1.28673,1.50,1.50
2013.03.19 18:16:41.819,1.2867,1.28674,1.50,1.50
2013.03.19 18:16:43.945,1.2867,1.28674,1.50,1.50
2013.03.19 18:16:44.017,1.28671,1.28677,2.40,2.25
2013.03.19 18:16:44.358,1.28671,1.28677,2.40,2.25
2013.03.19 18:16:44.922,1.28671,1.28677,2.40,2.25
2013.03.19 18:16:45.591,1.2867,1.28675,2.82,1.50
2013.03.19 18:16:48.188,1.28671,1.28674,2.40,1.50
2013.03.19 18:16:48.490,1.28666,1.28671,1.13,2.25
2013.03.19 18:16:48.550,1.28664,1.2867,4.88,2.85
2013.03.19 18:16:49.089,1.28664,1.2867,4.88,2.85
2013.03.19 18:16:50.328,1.28665,1.2867,1.50,2.10
2013.03.19 18:16:51.348,1.28664,1.2867,6.38,2.10
2013.03.19 18:16:51.800,1.28665,1.2867,1.50,2.10
2013.03.19 18:16:51.859,1.28665,1.28667,1.50,1.50
2013.03.19 18:16:52.159,1.28664,1.28667,1.50,2.25
2013.03.19 18:16:53.058,1.28663,1.28666,1.32,1.50
2013.03.19 18:16:55.747,1.28664,1.28666,1.13,3.00
2013.03.19 18:16:55.878,1.28661,1.28666,2.40,3.00
2013.03.19 18:16:56.404,1.28661,1.28666,2.03,3.00
2013.03.19 18:16:56.989,1.28661,1.28666,2.03,3.00
2013.03.19 18:16:57.587,1.28661,1.28666,2.03,3.00
2013.03.19 18:16:58.030,1.28658,1.28664,1.88,1.13
2013.03.19 18:16:58.153,1.28658,1.2866,1.13,2.63
2013.03.19 18:16:58.280,1.2865,1.28659,2.25,3.75
2013.03.19 18:16:58.759,1.28654,1.28659,1.50,5.25
2013.03.19 18:16:59.278,1.28654,1.28659,1.50,5.25
2013.03.19 18:17:04.279,1.28654,1.28658,1.50,1.13
2013.03.19 18:17:04.582,1.28652,1.28656,1.32,3.98
2013.03.19 18:17:05.129,1.28651,1.28655,2.44,1.50
2013.03.19 18:17:05.550,1.28653,1.28656,1.50,1.50
2013.03.19 18:17:05.968,1.28653,1.28656,1.13,1.50
2013.03.19 18:17:06.679,1.28653,1.28656,1.13,1.50
2013.03.19 18:17:06.980,1.28656,1.28658,5.12,1.50
2013.03.19 18:17:07.040,1.28657,1.28658,1.50,1.50
2013.03.19 18:17:07.101,1.28658,1.28661,2.10,2.25
2013.03.19 18:17:07.398,1.2866,1.28662,1.50,1.50
2013.03.19 18:17:07.578,1.2866,1.28666,1.50,5.10
2013.03.19 18:17:07.638,1.28661,1.28666,1.50,4.35
2013.03.19 18:17:08.178,1.28661,1.28666,1.50,2.85
2013.03.19 18:17:08.829,1.28661,1.28666,1.50,3.60
2013.03.19 18:17:10.057,1.28661,1.28666,1.50,2.85
2013.03.19 18:17:11.038,1.2866,1.28666,2.25,2.85
2013.03.19 18:17:13.208,1.2866,1.28665,1.50,3.19
2013.03.19 18:17:13.268,1.2866,1.28663,1.50,1.13
2013.03.19 18:17:13.568,1.28658,1.28661,3.00,2.25
2013.03.19 18:17:15.438,1.28659,1.28662,1.50,1.50
2013.03.19 18:17:15.969,1.2866,1.28665,3.57,3.94
2013.03.19 18:17:16.599,1.28661,1.28665,1.13,4.13
2013.03.19 18:17:20.458,1.2866,1.28664,2.07,3.34
2013.03.19 18:17:20.991,1.28659,1.28664,1.50,6.23
2013.03.19 18:17:22.748,1.28659,1.28663,1.50,3.00
2013.03.19 18:17:23.484,1.28658,1.28661,1.88,2.63
2013.03.19 18:17:23.565,1.2865,1.28655,3.57,2.25
2013.03.19 18:17:24.157,1.2865,1.28655,3.94,1.50
2013.03.19 18:17:24.340,1.2865,1.28652,1.13,1.39
2013.03.19 18:17:24.461,1.28648,1.2865,1.50,2.70
2013.03.19 18:17:24.523,1.28648,1.2865,1.50,4.95
2013.03.19 18:17:24.591,1.2864,1.28648,2.85,5.63
2013.03.19 18:17:24.781,1.28641,1.28643,1.50,2.10
2013.03.19 18:17:24.961,1.28635,1.28641,1.65,5.55
2013.03.19 18:17:25.381,1.28639,1.28644,5.25,3.00
2013.03.19 18:17:25.448,1.2864,1.28642,1.50,2.40
2013.03.19 18:17:26.016,1.28639,1.28642,1.50,1.50
2013.03.19 18:17:26.081,1.28639,1.28641,2.25,3.00
2013.03.19 18:17:26.734,1.28639,1.28641,2.25,1.50
2013.03.19 18:17:26.817,1.28644,1.28648,5.70,1.50
2013.03.19 18:17:26.953,1.28647,1.28652,6.23,1.50
2013.03.19 18:17:27.141,1.28651,1.28653,1.50,1.50
2013.03.19 18:17:27.202,1.28652,1.28656,2.33,1.50
2013.03.19 18:17:27.263,1.28653,1.28658,1.73,1.50
2013.03.19 18:17:27.392,1.28654,1.28658,2.48,1.50
2013.03.19 18:17:27.464,1.28654,1.28656,1.50,1.20
2013.03.19 18:17:27.770,1.28652,1.28654,1.50,2.25
2013.03.19 18:17:28.191,1.2865,1.28656,1.50,4.20
2013.03.19 18:17:28.740,1.28651,1.28656,1.50,2.70
2013.03.19 18:17:29.300,1.28648,1.28653,3.38,1.73
2013.03.19 18:17:29.601,1.28647,1.28651,1.13,3.00
2013.03.19 18:17:29.724,1.28644,1.28648,1.95,1.50
2013.03.19 18:17:30.090,1.28642,1.28645,1.50,1.50
2013.03.19 18:17:30.651,1.28641,1.28644,1.50,1.50
2013.03.19 18:17:30.770,1.28639,1.28644,3.38,1.50
2013.03.19 18:17:31.309,1.28639,1.28645,4.13,2.25
2013.03.19 18:17:31.490,1.28641,1.28645,3.60,1.50
2013.03.19 18:17:31.851,1.28646,1.2865,3.66,2.25
2013.03.19 18:17:31.971,1.28648,1.28652,3.00,1.50
2013.03.19 18:17:32.332,1.28649,1.28654,3.75,3.00
2013.03.19 18:17:36.785,1.2865,1.28654,3.00,2.03
2013.03.19 18:17:37.600,1.28652,1.28656,1.13,6.34
2013.03.19 18:17:38.139,1.28653,1.28658,1.13,2.25
2013.03.19 18:17:38.503,1.28656,1.28658,3.15,3.75
2013.03.19 18:17:38.822,1.28658,1.28661,1.65,1.73
2013.03.19 18:17:39.180,1.28661,1.28662,1.50,1.50
2013.03.19 18:17:39.301,1.28661,1.28664,2.25,1.50
2013.03.19 18:17:39.720,1.2866,1.28663,1.50,3.00
2013.03.19 18:17:40.260,1.28659,1.28662,1.50,1.50
2013.03.19 18:17:42.789,1.28659,1.28663,1.50,1.13
2013.03.19 18:17:43.090,1.28662,1.28665,1.69,1.50
2013.03.19 18:17:43.421,1.2866,1.28668,6.20,1.50
2013.03.19 18:17:43.491,1.28669,1.28672,2.78,1.50
2013.03.19 18:17:43.670,1.28667,1.28671,1.32,2.70
2013.03.19 18:17:43.730,1.28667,1.28669,1.32,1.50
2013.03.19 18:17:43.969,1.28664,1.28668,1.50,2.25
2013.03.19 18:17:44.771,1.28662,1.28665,2.07,2.25
2013.03.19 18:17:45.072,1.28661,1.28664,1.50,2.25
2013.03.19 18:17:45.492,1.28659,1.28665,1.50,3.00
2013.03.19 18:17:46.390,1.28659,1.28664,1.50,1.50
2013.03.19 18:17:47.585,1.28658,1.28662,1.84,2.70
2013.03.19 18:17:47.780,1.28657,1.28662,2.63,3.15
2013.03.19 18:17:48.080,1.28657,1.28661,2.07,2.25
2013.03.19 18:17:48.582,1.28657,1.28659,1.50,1.50
2013.03.19 18:17:48.700,1.28656,1.28659,2.25,3.00
2013.03.19 18:17:48.941,1.28655,1.28658,1.13,1.50
2013.03.19 18:17:49.504,1.28654,1.28658,1.50,3.00
2013.03.19 18:17:50.163,1.28653,1.28657,1.50,3.00
2013.03.19 18:17:51.222,1.28652,1.28657,1.88,3.00
2013.03.19 18:17:51.770,1.28652,1.28656,1.50,1.50
2013.03.19 18:17:52.160,1.28651,1.28655,1.50,2.25
2013.03.19 18:17:52.679,1.2865,1.28655,4.47,2.25
2013.03.19 18:17:56.051,1.28649,1.28654,1.50,3.75
2013.03.19 18:17:56.590,1.28643,1.28647,3.57,2.25
2013.03.19 18:17:57.157,1.28643,1.28647,3.19,2.25
2013.03.19 18:17:57.660,1.28643,1.28647,3.57,2.25
2013.03.19 18:17:58.021,1.28646,1.2865,1.88,2.28
2013.03.19 18:17:58.201,1.28646,1.28651,1.50,1.92
2013.03.19 18:17:58.620,1.28647,1.28651,2.25,1.92
2013.03.19 18:18:00.000,1.28647,1.28651,1.50,1.92
2013.03.19 18:18:06.040,1.28647,1.28651,1.50,2.48
2013.03.19 18:18:09.290,1.28646,1.2865,2.63,1.50
2013.03.19 18:18:09.470,1.28645,1.28648,3.00,1.50
2013.03.19 18:18:09.531,1.28645,1.28647,3.00,1.50
2013.03.19 18:18:10.071,1.28645,1.28648,1.50,3.00
2013.03.19 18:18:10.501,1.28643,1.28647,2.25,3.00
2013.03.19 18:18:11.040,1.28643,1.28648,1.13,3.00
2013.03.19 18:18:14.390,1.28642,1.28647,6.57,2.25
2013.03.19 18:18:14.930,1.28642,1.28646,5.82,2.25
2013.03.19 18:18:16.660,1.28644,1.28648,1.58,2.25
2013.03.19 18:18:16.781,1.28646,1.2865,4.32,3.00
2013.03.19 18:18:17.320,1.28647,1.2865,1.50,1.13
2013.03.19 18:18:17.876,1.28647,1.2865,1.50,1.13
2013.03.19 18:18:18.419,1.28647,1.28651,1.69,2.10
2013.03.19 18:18:18.929,1.28647,1.28651,1.69,2.10
2013.03.19 18:18:19.900,1.28647,1.28649,1.50,1.50
2013.03.19 18:18:20.140,1.28644,1.28648,2.63,1.50
2013.03.19 18:18:20.681,1.28645,1.28649,2.63,1.50
2013.03.19 18:18:21.240,1.28644,1.28648,1.88,2.10
2013.03.19 18:18:21.541,1.28646,1.28649,1.50,1.50
2013.03.19 18:18:21.661,1.28646,1.28651,3.00,3.60
2013.03.19 18:18:22.030,1.28647,1.28651,1.50,2.10
2013.03.19 18:18:22.391,1.28645,1.28648,1.50,2.25
2013.03.19 18:18:22.510,1.28645,1.28647,1.50,3.00
2013.03.19 18:18:22.752,1.28641,1.28644,2.25,1.50
2013.03.19 18:18:23.112,1.28638,1.28645,1.50,6.83
2013.03.19 18:18:23.242,1.28639,1.28643,5.03,3.75
2013.03.19 18:18:23.302,1.28639,1.28641,1.28,1.13
2013.03.19 18:18:23.361,1.28635,1.28643,3.53,1.13
2013.03.19 18:18:23.662,1.28634,1.28643,1.28,2.25
2013.03.19 18:18:23.734,1.28637,1.28639,1.28,2.25
2013.03.19 18:18:23.806,1.28635,1.28639,1.50,8.10
2013.03.19 18:18:23.886,1.28634,1.28638,3.38,1.88
2013.03.19 18:18:24.262,1.28633,1.28638,1.50,2.29
2013.03.19 18:18:24.322,1.28632,1.28637,1.69,4.95
2013.03.19 18:18:24.563,1.28631,1.28636,1.50,2.70
2013.03.19 18:18:24.630,1.2863,1.28636,1.50,2.85
2013.03.19 18:18:24.933,1.2863,1.28634,3.23,1.88
2013.03.19 18:18:25.002,1.28629,1.28632,1.50,1.16
2013.03.19 18:18:25.072,1.28625,1.28635,2.25,7.13
2013.03.19 18:18:25.141,1.28623,1.28635,2.63,1.88
2013.03.19 18:18:25.202,1.28625,1.28631,1.13,3.30
2013.03.19 18:18:25.272,1.28621,1.28633,1.88,3.00
2013.03.19 18:18:26.195,1.28618,1.28634,2.40,14.48
2013.03.19 18:18:26.495,1.28622,1.28628,1.50,2.63
2013.03.19 18:18:26.563,1.28621,1.28628,2.35,1.20
2013.03.19 18:18:26.691,1.28621,1.28626,4.32,2.25
2013.03.19 18:18:26.812,1.28621,1.28624,1.50,1.50
2013.03.19 18:18:27.001,1.2862,1.28623,2.25,1.50
2013.03.19 18:18:27.313,1.28616,1.28625,2.48,2.25
2013.03.19 18:18:27.922,1.28616,1.28623,4.50,2.70
2013.03.19 18:18:28.041,1.28617,1.28621,1.13,2.70
2013.03.19 18:18:28.100,1.28616,1.28621,1.50,3.45
2013.03.19 18:18:28.404,1.28616,1.2862,3.00,1.88
2013.03.19 18:18:28.532,1.28615,1.28619,3.00,2.40
2013.03.19 18:18:28.590,1.28615,1.28618,1.13,1.88
2013.03.19 18:18:28.711,1.28614,1.28618,1.13,6.30
2013.03.19 18:18:28.833,1.28614,1.28617,2.25,3.00
2013.03.19 18:18:29.072,1.28612,1.28617,2.25,2.85
2013.03.19 18:18:29.261,1.28612,1.28615,1.50,1.13
2013.03.19 18:18:29.562,1.2861,1.28614,1.50,4.88
2013.03.19 18:18:30.046,1.28609,1.28614,6.32,2.44
2013.03.19 18:18:30.117,1.28609,1.28612,2.25,3.75
2013.03.19 18:18:30.421,1.28607,1.28612,2.10,1.50
2013.03.19 18:18:30.484,1.28606,1.28612,1.50,2.44
2013.03.19 18:18:30.740,1.28602,1.28615,2.78,22.11
2013.03.19 18:18:30.862,1.28602,1.28614,2.25,12.14
2013.03.19 18:18:30.994,1.28601,1.28613,2.63,2.25
2013.03.19 18:18:31.062,1.28604,1.28609,2.63,2.25
2013.03.19 18:18:31.255,1.28603,1.28608,1.88,3.26
2013.03.19 18:18:31.327,1.28602,1.28607,2.25,3.26
2013.03.19 18:18:31.465,1.28602,1.28606,1.13,4.13
2013.03.19 18:18:31.534,1.28602,1.28605,2.07,3.00
2013.03.19 18:18:31.603,1.28601,1.28605,3.19,1.50
2013.03.19 18:18:31.661,1.28601,1.28603,1.13,2.25
2013.03.19 18:18:32.645,1.28599,1.28604,1.88,2.25
2013.03.19 18:18:32.725,1.28598,1.28604,1.50,1.35
2013.03.19 18:18:33.393,1.28597,1.28604,2.48,2.40
2013.03.19 18:18:34.064,1.28598,1.28602,5.48,1.20
2013.03.19 18:18:34.145,1.28598,1.28601,2.48,3.75
2013.03.19 18:18:34.413,1.28596,1.28601,1.50,4.54
2013.03.19 18:18:34.665,1.28596,1.28599,1.35,1.50
2013.03.19 18:18:34.736,1.28595,1.28598,1.50,3.23
2013.03.19 18:18:34.861,1.28595,1.28597,1.50,2.25
2013.03.19 18:18:35.102,1.28593,1.28597,2.25,2.35
2013.03.19 18:18:35.223,1.28592,1.28597,3.00,1.13
2013.03.19 18:18:35.293,1.2859,1.28597,1.50,13.57
2013.03.19 18:18:35.362,1.28591,1.28595,2.25,3.00
2013.03.19 18:18:35.431,1.28588,1.28596,3.75,1.50
2013.03.19 18:18:35.611,1.2859,1.28592,1.50,2.44
2013.03.19 18:18:35.917,1.28588,1.28592,5.33,2.25
2013.03.19 18:18:36.103,1.28587,1.2859,1.50,1.50
2013.03.19 18:18:36.291,1.28585,1.28591,1.50,1.50
2013.03.19 18:18:36.484,1.28584,1.2859,1.50,2.92
2013.03.19 18:18:36.553,1.28583,1.28589,2.25,2.48
2013.03.19 18:18:36.863,1.28583,1.28588,1.73,1.88
2013.03.19 18:18:37.172,1.28582,1.28588,1.50,2.55
2013.03.19 18:18:37.414,1.28582,1.28586,2.40,1.50
2013.03.19 18:18:37.722,1.28582,1.28585,1.50,1.35
2013.03.19 18:18:37.781,1.28581,1.28585,1.50,1.94
2013.03.19 18:18:37.843,1.2858,1.28584,1.50,1.50
2013.03.19 18:18:37.974,1.2858,1.28583,3.47,2.93
2013.03.19 18:18:38.048,1.28578,1.28583,1.50,1.88
2013.03.19 18:18:38.116,1.28578,1.28581,2.25,3.23
2013.03.19 18:18:38.421,1.28573,1.28588,16.22,1.13
2013.03.19 18:18:38.612,1.28578,1.28585,9.23,2.48
2013.03.19 18:18:38.673,1.28581,1.28584,2.10,2.48
2013.03.19 18:18:38.741,1.28582,1.28585,2.85,1.50
2013.03.19 18:18:38.863,1.28581,1.28587,12.03,1.50
2013.03.19 18:18:38.934,1.28579,1.28591,15.01,3.00
2013.03.19 18:18:39.181,1.28584,1.28588,3.00,3.00
2013.03.19 18:18:39.540,1.28583,1.28591,7.51,1.69
2013.03.19 18:18:40.273,1.28587,1.2859,4.50,2.25
2013.03.19 18:18:40.375,1.28587,1.28592,1.35,2.25
2013.03.19 18:18:40.862,1.28588,1.28592,2.10,1.13
2013.03.19 18:18:40.933,1.28589,1.28592,1.50,1.50
2013.03.19 18:18:41.470,1.2859,1.28593,1.50,1.50
2013.03.19 18:18:41.532,1.28591,1.28594,2.25,1.50
2013.03.19 18:18:41.603,1.28593,1.28594,1.50,1.50
2013.03.19 18:18:41.731,1.28592,1.28596,1.13,1.50
2013.03.19 18:18:42.034,1.28593,1.28597,1.50,2.25
2013.03.19 18:18:42.881,1.28594,1.28598,1.50,1.50
2013.03.19 18:18:43.423,1.28595,1.28599,1.50,1.50
2013.03.19 18:18:43.672,1.28595,1.286,2.25,2.85
2013.03.19 18:18:43.791,1.28597,1.286,1.50,2.63
2013.03.19 18:18:43.913,1.28598,1.286,1.50,1.13
2013.03.19 18:18:43.985,1.28598,1.28601,1.69,1.13
2013.03.19 18:18:44.053,1.28598,1.28602,1.50,2.25
2013.03.19 18:18:44.421,1.28598,1.28603,2.25,1.50
2013.03.19 18:18:44.965,1.28599,1.28604,1.88,3.60
2013.03.19 18:18:45.745,1.286,1.28604,3.00,1.50
2013.03.19 18:18:46.062,1.28601,1.28605,1.50,1.35
2013.03.19 18:18:46.372,1.28603,1.28605,2.63,2.85
2013.03.19 18:18:46.493,1.28603,1.28607,1.50,1.69
2013.03.19 18:18:46.673,1.28605,1.28607,3.02,1.73
2013.03.19 18:18:46.872,1.28601,1.28612,26.15,3.00
2013.03.19 18:18:46.944,1.28603,1.28611,5.92,2.33
2013.03.19 18:18:47.011,1.28606,1.2861,2.44,2.85
2013.03.19 18:18:47.072,1.28607,1.2861,1.50,3.60
2013.03.19 18:18:47.131,1.28608,1.28611,1.69,2.10
2013.03.19 18:18:47.266,1.28608,1.28612,1.50,1.50
2013.03.19 18:18:48.177,1.28608,1.28614,3.47,2.10
2013.03.19 18:18:48.363,1.28609,1.28615,2.25,1.50
2013.03.19 18:18:48.491,1.2861,1.28615,1.50,3.60
2013.03.19 18:18:48.792,1.28611,1.28615,1.50,1.50
2013.03.19 18:18:49.041,1.28612,1.28616,1.50,2.85
2013.03.19 18:18:49.222,1.28612,1.28618,1.50,4.69
2013.03.19 18:18:49.761,1.28614,1.28618,1.50,1.35
2013.03.19 18:18:50.300,1.28614,1.2862,2.25,1.50
2013.03.19 18:18:50.602,1.28615,1.28621,2.25,1.88
2013.03.19 18:18:50.921,1.28616,1.28621,1.88,8.35
2013.03.19 18:18:51.122,1.28618,1.28621,1.50,2.63
2013.03.19 18:18:51.184,1.28618,1.28623,2.25,1.50
2013.03.19 18:18:51.252,1.2862,1.28623,1.50,1.35
2013.03.19 18:18:51.435,1.28621,1.28624,2.40,4.35
2013.03.19 18:18:51.561,1.28621,1.28626,1.13,1.50
2013.03.19 18:18:51.864,1.28622,1.28626,1.13,1.88
2013.03.19 18:18:51.933,1.28623,1.28627,1.28,2.10
2013.03.19 18:18:52.003,1.28624,1.28627,1.35,6.04
2013.03.19 18:18:52.072,1.28625,1.28627,2.25,1.50
2013.03.19 18:18:52.131,1.2863,1.28635,1.50,1.50
2013.03.19 18:18:52.252,1.2863,1.28633,1.50,2.78
2013.03.19 18:18:52.323,1.28626,1.2863,5.85,1.50
2013.03.19 18:18:52.393,1.28626,1.28628,1.50,1.50
2013.03.19 18:18:52.581,1.28621,1.28626,2.25,1.50
2013.03.19 18:18:52.642,1.28621,1.28626,1.50,1.50
2013.03.19 18:18:52.941,1.28619,1.28624,1.50,1.50
2013.03.19 18:18:53.133,1.28618,1.28622,1.50,1.50
2013.03.19 18:18:53.262,1.28616,1.28622,4.13,3.75
2013.03.19 18:18:53.391,1.28615,1.2862,2.44,2.63
2013.03.19 18:18:53.754,1.28617,1.2862,1.69,1.88
2013.03.19 18:18:53.943,1.28617,1.28622,2.44,2.25
2013.03.19 18:18:54.494,1.28617,1.28623,2.25,5.13
2013.03.19 18:18:54.981,1.28619,1.28624,1.13,5.25
2013.03.19 18:18:55.816,1.28621,1.28625,1.69,1.50
2013.03.19 18:18:56.370,1.28621,1.28626,1.50,4.27
2013.03.19 18:18:56.924,1.28623,1.28626,1.50,1.50
2013.03.19 18:18:57.231,1.28622,1.28629,2.48,4.73
2013.03.19 18:18:57.650,1.28629,1.28636,3.23,3.60
2013.03.19 18:18:58.191,1.28631,1.28636,1.50,3.60
2013.03.19 18:18:58.551,1.28633,1.28638,2.44,2.85
2013.03.19 18:18:59.062,1.28634,1.28638,3.79,2.10
2013.03.19 18:18:59.421,1.28635,1.28639,1.50,1.13
2013.03.19 18:18:59.725,1.2864,1.28644,1.50,1.50
2013.03.19 18:18:59.912,1.2864,1.28646,2.25,3.08
2013.03.19 18:19:00.031,1.2864,1.28645,2.25,1.50
2013.03.19 18:19:00.331,1.28641,1.28646,1.50,1.73
2013.03.19 18:19:00.571,1.28642,1.28647,2.25,1.35
2013.03.19 18:19:01.110,1.28643,1.28648,1.50,3.00
2013.03.19 18:19:01.891,1.28645,1.28649,1.97,3.98
2013.03.19 18:19:02.251,1.2865,1.28656,1.50,3.45
2013.03.19 18:19:02.312,1.28649,1.28654,1.50,2.10
2013.03.19 18:19:02.370,1.2865,1.28656,1.50,2.85
2013.03.19 18:19:02.672,1.28651,1.28657,2.07,2.63
2013.03.19 18:19:02.914,1.28653,1.28657,6.98,2.25
2013.03.19 18:19:03.161,1.28653,1.28658,1.69,2.63
2013.03.19 18:19:03.700,1.28654,1.28658,1.50,2.10
2013.03.19 18:19:03.883,1.28661,1.28665,1.50,3.00
2013.03.19 18:19:03.955,1.28657,1.28661,2.07,1.50
2013.03.19 18:19:04.640,1.28655,1.28661,1.69,1.73
2013.03.19 18:19:04.842,1.28656,1.28662,1.69,3.77
2013.03.19 18:19:05.032,1.28656,1.28661,1.69,2.17
2013.03.19 18:19:05.151,1.28656,1.28661,1.50,5.25
2013.03.19 18:19:05.275,1.2866,1.28662,1.50,1.69
2013.03.19 18:19:05.400,1.2866,1.28664,1.50,2.48
2013.03.19 18:19:05.943,1.2866,1.28664,1.50,2.10
2013.03.19 18:19:06.493,1.2866,1.28665,2.25,2.25
2013.03.19 18:19:06.912,1.28659,1.28662,1.35,5.31
2013.03.19 18:19:06.974,1.28659,1.28662,1.35,6.06
2013.03.19 18:19:07.043,1.28657,1.2866,2.25,2.10
2013.03.19 18:19:07.160,1.28654,1.2866,3.23,3.60
2013.03.19 18:19:07.341,1.28654,1.28658,1.73,1.50
2013.03.19 18:19:07.642,1.28648,1.28654,2.63,2.85
2013.03.19 18:19:08.003,1.28645,1.28649,2.63,1.50
2013.03.19 18:19:08.552,1.28642,1.28648,1.73,3.00
2013.03.19 18:19:08.671,1.28641,1.28646,3.19,3.23
2013.03.19 18:19:09.214,1.28642,1.28647,1.50,1.50
2013.03.19 18:19:09.281,1.28642,1.28647,1.50,1.50
2013.03.19 18:19:09.703,1.28642,1.28647,1.50,3.00
2013.03.19 18:19:10.781,1.28642,1.28647,1.69,2.25
2013.03.19 18:19:11.261,1.28642,1.28646,1.50,1.50
2013.03.19 18:19:11.441,1.28647,1.2865,1.50,2.85
2013.03.19 18:19:11.561,1.2865,1.28652,1.50,1.73
2013.03.19 18:19:11.681,1.2865,1.28653,2.25,1.35
2013.03.19 18:19:11.740,1.2865,1.28656,2.25,1.50
2013.03.19 18:19:12.046,1.28653,1.28658,1.50,1.95
2013.03.19 18:19:12.351,1.28659,1.28666,3.98,4.27
2013.03.19 18:19:12.471,1.28659,1.28666,5.48,4.20
2013.03.19 18:19:12.711,1.2866,1.28663,2.25,1.50
2013.03.19 18:19:13.298,1.28657,1.28661,1.88,5.73
2013.03.19 18:19:13.493,1.28651,1.28653,1.50,3.00
2013.03.19 18:19:13.611,1.28652,1.28657,2.10,2.25
2013.03.19 18:19:13.914,1.28651,1.28655,1.50,1.50
2013.03.19 18:19:14.042,1.28645,1.2865,2.63,2.10
2013.03.19 18:19:14.224,1.28644,1.28646,1.13,1.73
2013.03.19 18:19:14.712,1.28642,1.28644,3.00,1.13
2013.03.19 18:19:15.016,1.28635,1.2865,6.10,31.88
2013.03.19 18:19:15.094,1.2864,1.28643,1.50,7.80
2013.03.19 18:19:15.221,1.28639,1.28642,2.63,3.00
2013.03.19 18:19:15.401,1.28637,1.28642,3.94,3.19
2013.03.19 18:19:15.462,1.28637,1.28641,3.94,2.10
2013.03.19 18:19:15.941,1.28636,1.2864,1.13,2.25
2013.03.19 18:19:16.491,1.28634,1.2864,1.50,5.10
2013.03.19 18:19:17.341,1.28634,1.28639,1.50,4.05
2013.03.19 18:19:17.882,1.28632,1.28639,2.10,1.32
2013.03.19 18:19:18.122,1.28629,1.28634,1.50,1.69
2013.03.19 18:19:18.241,1.28629,1.28635,3.90,2.25
2013.03.19 18:19:18.542,1.28631,1.28637,2.93,3.23
2013.03.19 18:19:18.602,1.28632,1.28637,1.50,2.25
2013.03.19 18:19:18.781,1.28636,1.2864,2.10,4.20
2013.03.19 18:19:19.081,1.2864,1.28642,1.50,1.20
2013.03.19 18:19:19.201,1.2864,1.28646,3.00,2.25
2013.03.19 18:19:19.321,1.28641,1.28646,2.18,1.50
2013.03.19 18:19:19.861,1.28643,1.28646,2.25,1.50
2013.03.19 18:19:19.920,1.28644,1.28649,2.25,2.44
2013.03.19 18:19:19.982,1.28647,1.28651,3.60,5.25
2013.03.19 18:19:20.040,1.28649,1.28651,2.25,4.50
2013.03.19 18:19:20.220,1.28649,1.28655,3.90,1.88
2013.03.19 18:19:20.521,1.2865,1.28656,2.25,2.25
2013.03.19 18:19:21.686,1.28646,1.28651,3.15,2.67
2013.03.19 18:19:21.813,1.28644,1.28647,1.58,1.50
2013.03.19 18:19:22.350,1.28641,1.28646,2.25,2.25
2013.03.19 18:19:22.891,1.28641,1.28646,1.50,2.25
2013.03.19 18:19:23.431,1.2864,1.28645,2.25,1.50
2013.03.19 18:19:24.360,1.28641,1.28646,1.50,3.75
2013.03.19 18:19:24.542,1.28641,1.28644,1.50,1.50
2013.03.19 18:19:24.783,1.28634,1.28638,3.38,3.00
2013.03.19 18:19:24.961,1.28633,1.28636,1.50,2.25
2013.03.19 18:19:25.348,1.28632,1.28636,1.69,1.50
2013.03.19 18:19:25.415,1.28629,1.28633,3.38,2.10
2013.03.19 18:19:25.543,1.28624,1.2863,5.72,4.20
2013.03.19 18:19:25.612,1.28624,1.28626,5.10,1.20
2013.03.19 18:19:25.732,1.28621,1.28626,2.63,1.95
2013.03.19 18:19:26.271,1.28623,1.28627,1.50,1.50
2013.03.19 18:19:26.392,1.28624,1.28627,2.25,1.50
2013.03.19 18:19:26.582,1.28623,1.28627,1.50,1.50
2013.03.19 18:19:27.120,1.28621,1.28627,6.94,1.50
2013.03.19 18:19:27.621,1.28621,1.28627,3.75,2.25
2013.03.19 18:19:28.210,1.28621,1.28627,2.25,2.25
2013.03.19 18:19:28.788,1.28621,1.28627,3.00,2.25
2013.03.19 18:19:28.912,1.28621,1.28625,2.25,2.25
2013.03.19 18:19:28.974,1.2862,1.28625,1.35,4.88
2013.03.19 18:19:29.042,1.2862,1.28625,2.10,2.25
2013.03.19 18:19:29.162,1.28621,1.28627,1.50,6.75
2013.03.19 18:19:29.281,1.28624,1.28628,1.73,2.25
2013.03.19 18:19:29.820,1.28623,1.28628,4.73,2.25
2013.03.19 18:19:30.180,1.28621,1.28626,3.00,1.50
2013.03.19 18:19:30.360,1.2862,1.28624,3.60,1.50
2013.03.19 18:19:30.860,1.28619,1.28623,2.48,3.00
2013.03.19 18:19:30.981,1.28618,1.28622,1.50,1.50
2013.03.19 18:19:31.744,1.28618,1.28623,3.75,1.50
2013.03.19 18:19:31.823,1.28622,1.28627,1.50,2.25
2013.03.19 18:19:32.370,1.28623,1.28627,1.50,1.50
2013.03.19 18:19:32.895,1.28623,1.28627,1.50,2.25
2013.03.19 18:19:33.410,1.28623,1.28627,1.50,1.50
2013.03.19 18:19:35.351,1.28623,1.28628,2.25,1.50
2013.03.19 18:19:36.282,1.28624,1.28629,7.22,2.25
2013.03.19 18:19:36.403,1.28628,1.28632,4.35,1.50
2013.03.19 18:19:36.532,1.28631,1.28632,1.35,2.25
2013.03.19 18:19:36.901,1.28632,1.28637,2.25,2.63
2013.03.19 18:19:37.022,1.28631,1.28635,2.25,1.13
2013.03.19 18:19:37.202,1.28629,1.28634,3.00,2.25
2013.03.19 18:19:37.501,1.28629,1.28634,1.50,2.25
2013.03.19 18:19:37.800,1.2863,1.28635,1.50,1.50
2013.03.19 18:19:38.160,1.28631,1.28636,1.50,1.73
2013.03.19 18:19:38.830,1.28631,1.28637,1.50,3.08
2013.03.19 18:19:38.890,1.28633,1.28637,1.50,1.58
2013.03.19 18:19:39.191,1.28637,1.28642,2.25,4.50
2013.03.19 18:19:39.431,1.28636,1.2864,1.13,2.70
2013.03.19 18:19:39.550,1.28636,1.28638,1.13,1.50
2013.03.19 18:19:40.030,1.28632,1.28638,1.88,2.25
2013.03.19 18:19:40.210,1.28632,1.28637,1.50,1.50
2013.03.19 18:19:40.751,1.2863,1.28635,2.25,1.50
2013.03.19 18:19:41.052,1.28629,1.28634,1.20,2.25
2013.03.19 18:19:41.410,1.28626,1.28631,3.00,1.69
2013.03.19 18:19:41.771,1.28628,1.2863,1.50,2.10
2013.03.19 18:19:41.891,1.28625,1.28629,6.10,1.13
2013.03.19 18:19:41.954,1.28624,1.28626,1.35,1.50
2013.03.19 18:19:42.780,1.28622,1.28626,3.00,3.00
2013.03.19 18:19:43.320,1.28622,1.28625,1.50,1.50
2013.03.19 18:19:43.621,1.28621,1.28623,1.50,1.50
2013.03.19 18:19:44.352,1.2862,1.28624,1.50,2.25
2013.03.19 18:19:45.942,1.28619,1.28624,1.50,2.25
2013.03.19 18:19:47.284,1.2862,1.28623,2.25,1.50
2013.03.19 18:19:47.410,1.2862,1.28625,3.75,1.88
2013.03.19 18:19:47.951,1.2862,1.28625,3.00,1.88
2013.03.19 18:19:49.501,1.28619,1.28623,4.20,1.50
2013.03.19 18:19:49.623,1.28618,1.2862,1.50,2.25
2013.03.19 18:19:49.693,1.28614,1.28619,6.15,4.73
2013.03.19 18:19:49.754,1.28614,1.28617,2.25,2.48
2013.03.19 18:19:49.826,1.28614,1.28615,1.73,2.85
2013.03.19 18:19:49.954,1.2861,1.28613,1.50,1.50
2013.03.19 18:19:50.323,1.28609,1.28612,1.13,1.69
2013.03.19 18:19:50.451,1.28609,1.28611,1.13,1.13
2013.03.19 18:19:51.067,1.28607,1.28611,1.50,1.88
2013.03.19 18:19:51.137,1.28606,1.28609,3.38,1.50
2013.03.19 18:19:51.345,1.28601,1.28607,3.15,2.25
2013.03.19 18:19:51.662,1.28598,1.28603,1.50,2.44
2013.03.19 18:19:52.090,1.28597,1.28599,1.13,2.25
2013.03.19 18:19:52.392,1.28594,1.28597,4.73,1.50
2013.03.19 18:19:52.982,1.28592,1.28596,3.38,4.88
2013.03.19 18:19:53.071,1.2859,1.28593,1.88,1.50
2013.03.19 18:19:53.133,1.2859,1.28593,1.50,2.25
2013.03.19 18:19:53.202,1.2859,1.28591,1.50,2.25
2013.03.19 18:19:53.262,1.28587,1.2859,2.63,2.25
2013.03.19 18:19:53.803,1.28584,1.28588,7.90,4.35
2013.03.19 18:19:53.993,1.28581,1.28584,1.50,1.69
2013.03.19 18:19:54.230,1.28581,1.28584,1.50,1.69
2013.03.19 18:19:54.552,1.28579,1.28584,1.73,3.94
2013.03.19 18:19:55.093,1.2858,1.28584,1.50,1.50
2013.03.19 18:19:55.282,1.28576,1.28581,2.63,6.23
2013.03.19 18:19:55.473,1.28578,1.28581,1.50,2.63
2013.03.19 18:19:55.904,1.28581,1.28584,2.85,2.25
2013.03.19 18:19:56.042,1.28583,1.28585,1.50,1.50
2013.03.19 18:19:56.581,1.28582,1.28586,1.13,2.44
2013.03.19 18:19:57.001,1.28585,1.28588,3.00,1.50
2013.03.19 18:19:57.120,1.28586,1.28588,2.25,1.50
2013.03.19 18:19:57.240,1.28587,1.28591,1.50,2.44
2013.03.19 18:19:57.779,1.28586,1.28591,3.38,1.69
2013.03.19 18:19:58.320,1.28588,1.28593,2.25,2.44
2013.03.19 18:19:58.811,1.28589,1.28593,1.13,1.69
2013.03.19 18:19:59.170,1.28593,1.28596,1.88,1.50
2013.03.19 18:19:59.230,1.28593,1.28598,1.88,2.44
2013.03.19 18:19:59.755,1.28593,1.28596,1.13,1.50
2013.03.19 18:20:00.060,1.28593,1.28597,2.63,1.69
2013.03.19 18:20:00.600,1.28595,1.286,1.90,4.54
2013.03.19 18:20:00.780,1.28596,1.28601,2.25,3.42
2013.03.19 18:20:01.321,1.28596,1.286,2.25,1.13
2013.03.19 18:20:01.561,1.28595,1.28599,2.50,2.25
2013.03.19 18:20:02.215,1.28594,1.28598,2.85,1.50
2013.03.19 18:20:02.308,1.2859,1.28595,2.25,2.44
2013.03.19 18:20:02.562,1.28589,1.28593,1.50,2.25
2013.03.19 18:20:02.800,1.28587,1.2859,1.50,1.50
2013.03.19 18:20:02.861,1.28586,1.2859,1.13,2.25
2013.03.19 18:20:03.221,1.28582,1.28585,2.25,3.00
2013.03.19 18:20:03.400,1.28581,1.28585,1.50,1.50
2013.03.19 18:20:03.941,1.28579,1.28584,1.50,1.69
2013.03.19 18:20:04.301,1.28577,1.28583,1.88,2.25
2013.03.19 18:20:04.541,1.28577,1.28583,1.50,3.00
2013.03.19 18:20:04.841,1.28576,1.28582,3.00,5.25
2013.03.19 18:20:05.320,1.28577,1.28582,1.50,3.75
2013.03.19 18:20:05.443,1.28577,1.28582,8.37,1.69
2013.03.19 18:20:05.561,1.28579,1.28584,1.95,2.44
2013.03.19 18:20:05.620,1.28582,1.28584,1.32,1.50
2013.03.19 18:20:05.924,1.28586,1.28589,1.50,1.50
2013.03.19 18:20:06.068,1.28584,1.28588,3.08,2.25
2013.03.19 18:20:06.145,1.28582,1.28586,1.50,2.25
2013.03.19 18:20:06.332,1.2858,1.28584,1.50,1.50
2013.03.19 18:20:06.931,1.28578,1.28584,3.00,6.00
2013.03.19 18:20:07.051,1.28577,1.2858,2.85,1.50
2013.03.19 18:20:07.171,1.28573,1.28578,4.13,1.50
2013.03.19 18:20:07.290,1.28573,1.28576,1.50,1.50
2013.03.19 18:20:07.593,1.28567,1.28575,2.25,1.50
2013.03.19 18:20:08.290,1.2857,1.28575,4.35,1.50
2013.03.19 18:20:09.681,1.28571,1.28576,1.88,5.48
2013.03.19 18:20:09.984,1.28576,1.2858,1.50,1.69
2013.03.19 18:20:10.055,1.28578,1.28581,2.10,1.73
2013.03.19 18:20:10.124,1.2858,1.28582,2.85,1.50
2013.03.19 18:20:10.310,1.2858,1.28584,5.48,1.88
2013.03.19 18:20:10.691,1.28581,1.28586,1.50,2.25
2013.03.19 18:20:11.053,1.28583,1.28586,3.98,1.50
2013.03.19 18:20:11.684,1.28579,1.28582,9.38,1.73
2013.03.19 18:20:11.769,1.28577,1.28582,5.48,1.50
2013.03.19 18:20:12.013,1.2857,1.28575,3.23,1.50
2013.03.19 18:20:12.431,1.2857,1.28575,2.85,1.50
2013.03.19 18:20:13.414,1.28574,1.28578,3.10,5.44
2013.03.19 18:20:13.722,1.28578,1.28581,2.10,3.98
2013.03.19 18:20:14.145,1.28579,1.28583,1.50,1.13
2013.03.19 18:20:14.690,1.28579,1.28584,1.50,2.25
2013.03.19 18:20:15.410,1.28579,1.28584,1.50,1.50
2013.03.19 18:20:15.651,1.28581,1.28586,3.23,2.70
2013.03.19 18:20:16.191,1.2858,1.28587,3.00,2.25
2013.03.19 18:20:16.740,1.28581,1.28586,1.50,2.25
2013.03.19 18:20:17.042,1.28587,1.28589,1.50,1.50
2013.03.19 18:20:17.461,1.28585,1.28589,1.13,2.10
2013.03.19 18:20:17.581,1.28582,1.28587,5.67,2.25
2013.03.19 18:20:18.141,1.28582,1.28586,1.50,2.25
2013.03.19 18:20:18.200,1.28582,1.28586,1.50,2.25
2013.03.19 18:20:19.280,1.28582,1.28587,1.50,3.00
2013.03.19 18:20:19.581,1.28583,1.28587,3.00,1.50
2013.03.19 18:20:19.702,1.28582,1.28586,4.32,1.50
2013.03.19 18:20:19.882,1.28579,1.28582,7.50,2.44
2013.03.19 18:20:20.300,1.28576,1.28582,3.00,4.50
2013.03.19 18:20:20.840,1.28576,1.28582,2.25,2.25
2013.03.19 18:20:20.963,1.28579,1.28585,3.23,3.00
2013.03.19 18:20:21.033,1.28583,1.28585,2.85,3.00
2013.03.19 18:20:21.093,1.28584,1.28586,3.83,1.73
2013.03.19 18:20:21.151,1.28586,1.28588,1.50,1.50
2013.03.19 18:20:21.570,1.28588,1.2859,1.35,1.50
2013.03.19 18:20:21.655,1.28589,1.28592,1.35,3.75
2013.03.19 18:20:22.268,1.2859,1.28595,1.54,3.00
2013.03.19 18:20:22.820,1.2859,1.28596,2.25,1.88
2013.03.19 18:20:23.510,1.2859,1.28596,2.25,1.88
2013.03.19 18:20:24.620,1.28589,1.28597,3.23,3.57
2013.03.19 18:20:25.540,1.2859,1.28595,1.50,3.00
2013.03.19 18:20:26.060,1.2859,1.28595,1.50,2.25
2013.03.19 18:20:26.852,1.2859,1.28595,1.50,1.50
2013.03.19 18:20:27.870,1.2859,1.28595,1.50,1.50
2013.03.19 18:20:28.640,1.2859,1.28595,1.50,2.25
2013.03.19 18:20:28.841,1.2859,1.28595,1.50,3.00
2013.03.19 18:20:29.381,1.28591,1.28596,2.25,2.63
2013.03.19 18:20:30.384,1.28593,1.28596,1.50,1.13
2013.03.19 18:20:30.691,1.28595,1.28598,1.97,3.19
2013.03.19 18:20:30.812,1.28595,1.28599,1.97,2.44
2013.03.19 18:20:31.171,1.28599,1.28603,3.98,1.50
2013.03.19 18:20:31.291,1.28599,1.28603,3.23,1.69
2013.03.19 18:20:31.831,1.286,1.28605,2.25,3.00
2013.03.19 18:20:31.950,1.28599,1.28603,1.88,1.50
2013.03.19 18:20:32.551,1.28599,1.28604,1.13,2.68
2013.03.19 18:20:33.090,1.28599,1.28604,4.35,1.50
2013.03.19 18:20:33.950,1.28599,1.28604,4.35,2.25
2013.03.19 18:20:35.222,1.28599,1.28604,5.48,2.25
2013.03.19 18:20:35.460,1.286,1.28605,3.38,2.25
2013.03.19 18:20:35.521,1.286,1.28605,3.00,2.25
2013.03.19 18:20:36.400,1.28599,1.28603,4.20,1.50
2013.03.19 18:20:36.523,1.28599,1.28602,1.13,2.48
2013.03.19 18:20:37.108,1.28598,1.28602,1.88,2.67
2013.03.19 18:20:37.183,1.28597,1.28602,3.38,4.69
2013.03.19 18:20:37.790,1.28598,1.28601,1.13,1.13
2013.03.19 18:20:38.090,1.28598,1.28603,2.63,1.50
2013.03.19 18:20:38.650,1.28599,1.28604,3.38,1.50
2013.03.19 18:20:39.160,1.28599,1.28604,3.38,1.50
2013.03.19 18:20:39.390,1.28601,1.28605,6.47,2.68
2013.03.19 18:20:39.694,1.28605,1.28612,14.95,1.13
2013.03.19 18:20:40.001,1.28611,1.28616,5.93,5.25
2013.03.19 18:20:40.302,1.28616,1.28621,2.25,1.92
2013.03.19 18:20:40.720,1.28617,1.28621,2.63,1.73
2013.03.19 18:20:41.391,1.28617,1.28621,1.88,1.73
2013.03.19 18:20:42.465,1.28621,1.28624,1.13,5.85
2013.03.19 18:20:42.652,1.28625,1.2863,2.29,1.69
2013.03.19 18:20:42.772,1.28625,1.28627,1.13,1.50
2013.03.19 18:20:43.012,1.28621,1.28625,1.13,1.50
2013.03.19 18:20:43.310,1.28622,1.28626,1.50,2.10
2013.03.19 18:20:43.611,1.28624,1.28628,7.26,3.75
2013.03.19 18:20:43.791,1.28627,1.28631,1.50,4.92
2013.03.19 18:20:43.970,1.28625,1.2863,2.25,1.50
2013.03.19 18:20:44.513,1.28625,1.2863,2.25,1.50
2013.03.19 18:20:45.060,1.28627,1.28631,1.50,3.04
2013.03.19 18:20:45.560,1.28627,1.28631,1.88,2.85
2013.03.19 18:20:46.570,1.28627,1.28629,1.13,1.35
2013.03.19 18:20:46.782,1.28625,1.28628,3.47,1.50
2013.03.19 18:20:46.843,1.28626,1.28629,2.25,2.48
2013.03.19 18:20:47.917,1.28627,1.2863,1.50,1.88
2013.03.19 18:20:48.451,1.28628,1.28632,1.50,1.13
2013.03.19 18:20:49.021,1.28626,1.2863,2.63,1.50
2013.03.19 18:20:49.381,1.28626,1.2863,2.25,2.25
2013.03.19 18:20:49.920,1.28627,1.2863,1.50,2.25
2013.03.19 18:20:50.479,1.28627,1.2863,1.50,1.50
2013.03.19 18:20:50.997,1.28627,1.2863,1.50,3.00
2013.03.19 18:20:51.861,1.28627,1.2863,2.25,1.50
2013.03.19 18:20:51.921,1.28628,1.28631,1.50,1.13
2013.03.19 18:20:52.470,1.28628,1.28631,1.50,1.13
2013.03.19 18:20:52.770,1.28627,1.28631,3.00,1.13
2013.03.19 18:20:53.320,1.28628,1.28632,1.50,1.88
2013.03.19 18:20:53.752,1.28628,1.28633,2.25,1.13
2013.03.19 18:20:54.111,1.28629,1.28634,3.75,2.63
2013.03.19 18:20:54.613,1.2863,1.28635,2.25,1.50
2013.03.19 18:20:55.174,1.28631,1.28636,1.50,3.00
2013.03.19 18:20:56.162,1.28631,1.28635,1.50,1.50
2013.03.19 18:20:56.281,1.28629,1.28634,3.23,2.25
2013.03.19 18:20:56.462,1.2863,1.28635,2.25,1.13
2013.03.19 18:20:56.961,1.28632,1.28636,1.50,4.35
2013.03.19 18:20:57.272,1.28638,1.28642,1.50,1.73
2013.03.19 18:20:57.332,1.28639,1.2864,1.50,1.50
2013.03.19 18:20:57.452,1.2864,1.28645,1.50,3.00
2013.03.19 18:20:57.630,1.2864,1.28645,2.25,3.00
2013.03.19 18:20:58.699,1.28644,1.28647,4.07,1.50
2013.03.19 18:20:58.791,1.28649,1.28654,1.88,1.88
2013.03.19 18:20:59.303,1.28649,1.28653,1.13,1.50
2013.03.19 18:20:59.850,1.28648,1.28654,3.75,2.63
2013.03.19 18:21:00.032,1.28649,1.28653,1.88,1.50
2013.03.19 18:21:00.333,1.28657,1.28658,1.32,1.50
2013.03.19 18:21:00.396,1.28657,1.28663,3.57,2.25
2013.03.19 18:21:01.062,1.28658,1.28663,3.75,1.50
2013.03.19 18:21:01.731,1.28658,1.28663,3.75,2.25
2013.03.19 18:21:02.840,1.28658,1.28663,1.50,3.00
2013.03.19 18:21:04.470,1.28659,1.28662,2.10,2.25
2013.03.19 18:21:04.601,1.28659,1.28663,2.10,1.50
2013.03.19 18:21:06.002,1.28659,1.28663,1.88,2.25
2013.03.19 18:21:06.540,1.28659,1.28662,1.50,1.50
2013.03.19 18:21:07.171,1.28659,1.28662,1.50,2.25
2013.03.19 18:21:07.951,1.28658,1.28662,1.50,1.50
2013.03.19 18:21:08.072,1.28659,1.28663,1.50,1.50
2013.03.19 18:21:08.935,1.28658,1.28663,2.25,1.50
2013.03.19 18:21:09.440,1.28658,1.28663,1.50,1.50
2013.03.19 18:21:11.825,1.28658,1.28663,1.50,2.25
2013.03.19 18:21:11.952,1.28657,1.28661,2.63,2.10
2013.03.19 18:21:12.313,1.28652,1.28657,2.40,9.75
2013.03.19 18:21:12.382,1.28654,1.28659,2.95,4.50
2013.03.19 18:21:12.443,1.28654,1.28656,6.27,2.25
2013.03.19 18:21:12.862,1.28655,1.28659,2.16,1.50
2013.03.19 18:21:13.400,1.28656,1.2866,2.07,2.63
2013.03.19 18:21:16.345,1.28656,1.28661,3.57,2.33
2013.03.19 18:21:16.863,1.28656,1.2866,2.63,1.50
2013.03.19 18:21:18.865,1.28656,1.2866,1.50,3.38
2013.03.19 18:21:19.410,1.28656,1.2866,2.07,1.50
2013.03.19 18:21:19.955,1.28656,1.28658,1.32,1.50
2013.03.19 18:21:20.026,1.2865,1.28657,1.50,4.50
2013.03.19 18:21:20.392,1.28648,1.2865,1.13,1.50
2013.03.19 18:21:20.934,1.28648,1.28652,1.13,3.00
2013.03.19 18:21:21.444,1.28648,1.28653,1.13,2.63
2013.03.19 18:21:21.950,1.28648,1.28653,1.88,3.75
2013.03.19 18:21:28.511,1.28647,1.28651,3.00,3.00
2013.03.19 18:21:28.691,1.28645,1.28649,1.69,1.88
2013.03.19 18:21:28.755,1.28644,1.28649,11.76,3.38
2013.03.19 18:21:29.060,1.2864,1.28643,1.50,2.63
2013.03.19 18:21:29.422,1.28638,1.28642,2.25,1.13
2013.03.19 18:21:29.605,1.28637,1.28641,3.38,2.85
2013.03.19 18:21:29.731,1.28637,1.28641,2.25,3.60
2013.03.19 18:21:30.302,1.28637,1.28641,1.50,3.60
2013.03.19 18:21:30.841,1.28636,1.2864,2.25,1.50
2013.03.19 18:21:31.380,1.28636,1.28641,2.25,6.98
2013.03.19 18:21:31.921,1.28636,1.2864,2.25,2.25
2013.03.19 18:21:33.400,1.28636,1.28641,3.00,6.98
2013.03.19 18:21:34.040,1.28637,1.28641,1.50,3.98
2013.03.19 18:21:34.616,1.28637,1.28641,1.50,4.73
2013.03.19 18:21:35.160,1.28635,1.2864,2.54,2.25
2013.03.19 18:21:35.719,1.28636,1.28641,3.00,3.38
2013.03.19 18:21:36.602,1.28636,1.2864,1.50,1.50
2013.03.19 18:21:36.944,1.28635,1.28639,2.35,1.50
2013.03.19 18:21:37.013,1.28635,1.28638,1.97,2.10
2013.03.19 18:21:37.252,1.28634,1.28636,1.97,1.50
2013.03.19 18:21:37.553,1.28629,1.28633,6.49,1.50
2013.03.19 18:21:37.851,1.28626,1.28631,4.35,1.13
2013.03.19 18:21:38.152,1.28625,1.2863,3.85,1.50
2013.03.19 18:21:38.992,1.28625,1.2863,2.72,3.00
2013.03.19 18:21:40.022,1.28625,1.2863,2.16,1.50
2013.03.19 18:21:40.630,1.28626,1.28631,3.19,1.88
2013.03.19 18:21:41.240,1.28626,1.2863,3.19,3.00
2013.03.19 18:21:41.505,1.28621,1.28626,3.00,6.00
2013.03.19 18:21:41.631,1.2862,1.28625,1.50,1.88
2013.03.19 18:21:41.932,1.28619,1.28624,1.50,2.25
2013.03.19 18:21:42.411,1.28618,1.28622,2.25,1.35
2013.03.19 18:21:42.531,1.28618,1.28621,1.50,1.50
2013.03.19 18:21:42.711,1.28614,1.28619,2.72,2.85
2013.03.19 18:21:42.833,1.28613,1.28619,3.75,6.00
2013.03.19 18:21:42.960,1.28612,1.28615,1.88,2.25
2013.03.19 18:21:43.263,1.28609,1.28615,1.50,3.75
2013.03.19 18:21:44.289,1.28609,1.28616,1.50,4.43
2013.03.19 18:21:44.841,1.28609,1.28616,1.50,7.05
2013.03.19 18:21:45.802,1.2861,1.28616,2.25,7.43
2013.03.19 18:21:46.292,1.28608,1.28616,3.75,7.05
2013.03.19 18:21:46.681,1.2861,1.28616,2.25,6.23
2013.03.19 18:21:47.252,1.2861,1.28616,2.25,3.00
2013.03.19 18:21:47.791,1.2861,1.28615,1.50,1.50
2013.03.19 18:21:49.810,1.28609,1.28615,1.73,1.88
2013.03.19 18:21:50.351,1.28612,1.28615,3.75,1.13
2013.03.19 18:21:50.652,1.28616,1.28621,1.50,4.50
2013.03.19 18:21:51.011,1.28617,1.28622,1.50,2.18
2013.03.19 18:21:51.552,1.28617,1.28622,2.25,2.18
2013.03.19 18:21:52.422,1.28617,1.28622,2.25,2.18
2013.03.19 18:21:53.021,1.28619,1.28623,1.50,1.50
2013.03.19 18:21:54.222,1.28619,1.28623,1.50,1.50
2013.03.19 18:21:54.788,1.28618,1.28624,3.00,2.25
2013.03.19 18:22:02.520,1.28618,1.28624,4.50,2.25
2013.03.19 18:22:08.428,1.28619,1.28624,3.00,2.25
2013.03.19 18:22:08.732,1.28625,1.2863,5.87,1.50
2013.03.19 18:22:08.792,1.2863,1.28634,1.50,4.88
2013.03.19 18:22:08.973,1.28631,1.28636,2.10,2.63
2013.03.19 18:22:09.692,1.28631,1.28636,1.88,2.25
2013.03.19 18:22:09.871,1.2863,1.28635,1.50,3.75
2013.03.19 18:22:10.420,1.2863,1.28635,1.50,4.50
2013.03.19 18:22:13.290,1.28629,1.28633,1.50,2.25
2013.03.19 18:22:14.583,1.28629,1.28634,3.75,2.25
2013.03.19 18:22:14.833,1.28633,1.28639,3.23,2.63
2013.03.19 18:22:14.901,1.28638,1.2864,1.73,2.63
2013.03.19 18:22:14.963,1.28639,1.28642,2.44,2.33
2013.03.19 18:22:15.152,1.28641,1.28645,2.25,2.25
2013.03.19 18:22:15.331,1.28641,1.28647,1.88,2.25
2013.03.19 18:22:15.453,1.28646,1.28649,1.50,1.50
2013.03.19 18:22:15.581,1.28648,1.28651,1.13,1.73
2013.03.19 18:22:15.761,1.28649,1.28654,3.00,2.25
2013.03.19 18:22:16.061,1.28649,1.28655,3.00,3.60
2013.03.19 18:22:16.184,1.28649,1.28654,3.00,3.00
2013.03.19 18:22:16.492,1.28643,1.28649,3.75,2.85
2013.03.19 18:22:16.552,1.28643,1.28647,1.50,2.25
2013.03.19 18:22:16.611,1.28642,1.28647,1.50,2.25
2013.03.19 18:22:17.093,1.28642,1.28647,2.25,3.00
2013.03.19 18:22:17.397,1.28648,1.2865,7.29,2.25
2013.03.19 18:22:17.534,1.28649,1.28661,33.78,5.07
2013.03.19 18:22:17.603,1.28657,1.28662,8.10,1.88
2013.03.19 18:22:17.674,1.28664,1.28667,1.50,1.50
2013.03.19 18:22:17.981,1.28666,1.28669,1.50,1.50
2013.03.19 18:22:18.102,1.28668,1.28671,1.50,3.00
2013.03.19 18:22:18.344,1.28668,1.28674,1.50,1.18
2013.03.19 18:22:18.414,1.28668,1.28676,1.88,2.53
2013.03.19 18:22:18.723,1.28675,1.28681,3.00,5.35
2013.03.19 18:22:18.852,1.28679,1.28681,2.63,1.50
2013.03.19 18:22:19.392,1.2868,1.28683,3.75,1.50
2013.03.19 18:22:19.632,1.2868,1.28686,3.00,5.48
2013.03.19 18:22:19.761,1.2868,1.28682,1.32,1.50
2013.03.19 18:22:19.822,1.2868,1.28682,1.32,1.50
2013.03.19 18:22:20.686,1.28679,1.28681,1.50,3.00
2013.03.19 18:22:20.943,1.28671,1.2868,2.25,6.10
2013.03.19 18:22:21.263,1.28668,1.28672,1.50,2.87
2013.03.19 18:22:21.392,1.28669,1.28673,6.00,1.50
2013.03.19 18:22:21.571,1.28671,1.28677,6.70,4.50
2013.03.19 18:22:21.751,1.28669,1.28671,2.63,1.35
2013.03.19 18:22:21.812,1.28667,1.28669,1.50,3.00
2013.03.19 18:22:21.884,1.28666,1.28672,1.50,1.65
2013.03.19 18:22:22.131,1.2866,1.28665,1.50,3.00
2013.03.19 18:22:22.192,1.2866,1.28665,1.50,3.00
2013.03.19 18:22:22.732,1.2866,1.28664,2.25,1.50
2013.03.19 18:22:23.770,1.2866,1.28665,1.50,4.13
2013.03.19 18:22:24.311,1.28659,1.28663,5.25,1.50
2013.03.19 18:22:24.857,1.28659,1.28661,1.50,4.35
2013.03.19 18:22:25.174,1.2865,1.28657,3.75,5.25
2013.03.19 18:22:25.301,1.28651,1.28655,1.50,3.00
2013.03.19 18:22:25.481,1.28651,1.28653,1.50,1.50
2013.03.19 18:22:25.605,1.28649,1.28653,1.95,1.50
2013.03.19 18:22:26.159,1.28647,1.28652,2.10,2.25
2013.03.19 18:22:26.521,1.28649,1.28654,3.30,3.00
2013.03.19 18:22:26.760,1.28649,1.28654,4.05,1.50
2013.03.19 18:22:27.300,1.28649,1.28654,3.49,1.50
2013.03.19 18:22:29.628,1.28653,1.28657,1.50,1.50
2013.03.19 18:22:29.950,1.28657,1.28661,1.50,3.98
2013.03.19 18:22:30.133,1.28657,1.28662,2.25,4.54
2013.03.19 18:22:30.374,1.2866,1.28664,2.25,1.88
2013.03.19 18:22:30.445,1.28662,1.28666,1.50,3.00
2013.03.19 18:22:30.814,1.28664,1.28667,6.70,2.25
2013.03.19 18:22:31.125,1.28664,1.28667,5.16,1.13
2013.03.19 18:22:31.433,1.28664,1.28668,3.00,1.88
2013.03.19 18:22:31.562,1.28665,1.28669,2.25,1.88
2013.03.19 18:22:31.801,1.28666,1.28669,3.00,1.50
2013.03.19 18:22:31.863,1.28666,1.2867,5.29,1.13
2013.03.19 18:22:31.993,1.28666,1.28672,2.25,2.25
2013.03.19 18:22:32.350,1.28666,1.28673,3.98,1.13
2013.03.19 18:22:32.532,1.28667,1.28673,1.50,1.13
2013.03.19 18:22:32.652,1.28668,1.28673,1.50,2.25
2013.03.19 18:22:32.773,1.28666,1.28676,2.85,4.13
2013.03.19 18:22:33.143,1.28669,1.28675,3.47,4.35
2013.03.19 18:22:33.203,1.2867,1.28676,4.22,2.10
2013.03.19 18:22:33.384,1.28671,1.28677,1.50,1.73
2013.03.19 18:22:33.512,1.28671,1.28679,1.50,1.50
2013.03.19 18:22:33.951,1.28673,1.28679,1.50,2.25
2013.03.19 18:22:34.252,1.28675,1.28679,1.50,2.25
2013.03.19 18:22:34.432,1.28675,1.2868,1.50,1.50
2013.03.19 18:22:34.674,1.28672,1.28685,1.50,6.70
2013.03.19 18:22:34.745,1.28675,1.28683,1.50,9.85
2013.03.19 18:22:34.813,1.28679,1.28681,3.00,1.88
2013.03.19 18:22:34.995,1.28679,1.28683,1.13,1.50
2013.03.19 18:22:35.304,1.2868,1.28683,1.13,2.25
2013.03.19 18:22:35.621,1.2868,1.28685,1.88,1.18
2013.03.19 18:22:35.682,1.28681,1.28686,1.50,1.18
2013.03.19 18:22:35.742,1.28681,1.28687,1.50,2.25
2013.03.19 18:22:36.762,1.28683,1.28687,1.50,1.50
2013.03.19 18:22:36.853,1.28683,1.28688,5.63,2.25
2013.03.19 18:22:36.911,1.28684,1.28689,1.50,2.25
2013.03.19 18:22:37.032,1.28687,1.28689,1.35,1.50
2013.03.19 18:22:37.095,1.28687,1.2869,2.25,2.25
2013.03.19 18:22:37.163,1.28687,1.28691,2.25,1.92
2013.03.19 18:22:37.232,1.28688,1.28692,1.88,1.50
2013.03.19 18:22:37.591,1.28688,1.28694,1.88,3.38
2013.03.19 18:22:37.892,1.28689,1.28695,3.38,2.63
2013.03.19 18:22:38.801,1.28689,1.28696,2.67,1.50
2013.03.19 18:22:39.290,1.2869,1.28696,1.50,2.25
2013.03.19 18:22:40.531,1.2869,1.28697,5.25,2.25
2013.03.19 18:22:40.832,1.28692,1.28696,1.69,3.23
2013.03.19 18:22:41.192,1.28698,1.287,1.88,1.50
2013.03.19 18:22:41.375,1.28699,1.28703,1.50,1.13
2013.03.19 18:22:41.575,1.28699,1.28702,5.48,1.18
2013.03.19 18:22:41.763,1.287,1.28706,2.44,4.50
2013.03.19 18:22:42.300,1.28701,1.28706,2.44,3.23
2013.03.19 18:22:42.841,1.287,1.28706,3.34,3.00
2013.03.19 18:22:42.901,1.28704,1.28707,1.50,3.38
2013.03.19 18:22:42.961,1.28704,1.28709,4.60,1.50
2013.03.19 18:22:43.022,1.28707,1.28711,2.85,5.57
2013.03.19 18:22:43.082,1.28708,1.28711,1.50,5.35
2013.03.19 18:22:43.203,1.28708,1.28714,3.00,2.25
2013.03.19 18:22:43.273,1.28709,1.28714,3.45,2.25
2013.03.19 18:22:43.821,1.2871,1.28715,1.35,1.50
2013.03.19 18:22:44.313,1.28709,1.28715,4.58,1.50
2013.03.19 18:22:44.443,1.28709,1.28711,3.08,6.04
2013.03.19 18:22:44.564,1.28709,1.28711,1.50,3.70
2013.03.19 18:22:45.231,1.28709,1.28713,1.50,2.63
2013.03.19 18:22:45.521,1.28705,1.28709,5.29,1.50
2013.03.19 18:22:45.642,1.28705,1.28711,5.85,2.25
2013.03.19 18:22:46.321,1.28707,1.28713,3.19,1.88
2013.03.19 18:22:46.421,1.28705,1.28709,2.40,2.25
2013.03.19 18:22:46.493,1.28707,1.28711,4.35,1.50
2013.03.19 18:22:47.032,1.28704,1.28708,6.27,3.43
2013.03.19 18:22:47.212,1.28704,1.28706,1.58,1.50
2013.03.19 18:22:47.771,1.28701,1.28706,1.88,2.48
2013.03.19 18:22:48.311,1.28701,1.28706,1.88,1.50
2013.03.19 18:22:48.370,1.28701,1.28706,1.13,2.48
2013.03.19 18:22:48.612,1.28701,1.28707,1.88,3.00
2013.03.19 18:22:49.870,1.28701,1.28708,1.13,6.75
2013.03.19 18:22:50.351,1.28702,1.28708,2.25,5.25
2013.03.19 18:22:50.546,1.28708,1.28711,5.85,4.97
2013.03.19 18:22:50.614,1.2871,1.28713,3.60,2.25
2013.03.19 18:22:50.926,1.28712,1.28716,4.54,2.25
2013.03.19 18:22:51.473,1.28714,1.28717,2.25,1.50
2013.03.19 18:22:51.901,1.28714,1.28718,2.48,2.25
2013.03.19 18:22:51.962,1.28715,1.28718,4.22,1.50
2013.03.19 18:22:52.023,1.28717,1.28721,3.75,4.45
2013.03.19 18:22:52.202,1.2872,1.28725,2.10,1.50
2013.03.19 18:22:52.742,1.28724,1.2873,9.94,2.48
2013.03.19 18:22:52.804,1.28728,1.28731,2.25,2.70
2013.03.19 18:22:52.991,1.28729,1.28736,5.33,2.85
2013.03.19 18:22:54.250,1.2873,1.28737,1.50,2.25
2013.03.19 18:22:54.371,1.28731,1.28737,1.50,1.50
2013.03.19 18:22:56.721,1.28735,1.28746,1.50,3.60
2013.03.19 18:22:56.861,1.28737,1.28744,1.69,5.10
2013.03.19 18:22:57.176,1.28741,1.28746,4.13,1.50
2013.03.19 18:22:57.541,1.28741,1.28746,4.13,2.48
2013.03.19 18:22:57.841,1.28736,1.28741,2.63,3.43
2013.03.19 18:22:57.961,1.28736,1.2874,2.25,2.53
2013.03.19 18:22:58.022,1.28736,1.28739,1.50,2.25
2013.03.19 18:22:58.380,1.28733,1.28736,1.69,3.00
2013.03.19 18:22:58.740,1.28733,1.28737,1.50,2.25
2013.03.19 18:22:59.372,1.28732,1.28737,2.07,2.25
2013.03.19 18:22:59.491,1.28732,1.28737,2.07,2.25
2013.03.19 18:22:59.792,1.28735,1.28743,4.35,1.88
2013.03.19 18:22:59.853,1.28739,1.28746,4.50,2.25
2013.03.19 18:23:00.390,1.2874,1.28746,1.50,1.50
2013.03.19 18:23:00.632,1.2874,1.28744,1.50,2.10
2013.03.19 18:23:00.991,1.28733,1.28739,3.83,6.00
2013.03.19 18:23:01.110,1.28734,1.28736,1.50,2.25
2013.03.19 18:23:01.171,1.28735,1.28736,1.50,2.25
2013.03.19 18:23:01.712,1.28731,1.28735,2.07,2.25
2013.03.19 18:23:01.776,1.28731,1.28733,1.50,1.50
2013.03.19 18:23:02.083,1.28724,1.2873,1.92,9.66
2013.03.19 18:23:02.691,1.28722,1.28725,1.50,1.50
2013.03.19 18:23:03.290,1.28721,1.28726,3.94,1.50
2013.03.19 18:23:05.350,1.28721,1.28726,2.44,2.25
2013.03.19 18:23:05.711,1.2872,1.28725,2.25,2.10
2013.03.19 18:23:05.950,1.28718,1.28724,1.50,2.63
2013.03.19 18:23:06.192,1.28718,1.28723,1.50,3.75
2013.03.19 18:23:06.551,1.28714,1.28718,2.63,2.25
2013.03.19 18:23:06.612,1.28711,1.28716,2.25,3.00
2013.03.19 18:23:06.674,1.2871,1.28716,1.88,3.00
2013.03.19 18:23:07.650,1.2871,1.28716,3.00,3.00
2013.03.19 18:23:08.540,1.2871,1.28716,3.75,3.00
2013.03.19 18:23:10.132,1.2871,1.28715,3.00,2.25
2013.03.19 18:23:10.670,1.2871,1.28715,1.50,1.50
2013.03.19 18:23:12.193,1.2871,1.28715,2.25,1.50
2013.03.19 18:23:12.730,1.2871,1.28715,2.25,1.50
2013.03.19 18:23:13.270,1.2871,1.28715,2.25,1.50
2013.03.19 18:23:13.821,1.2871,1.28715,2.25,1.50
2013.03.19 18:23:14.588,1.2871,1.28715,2.25,1.50
2013.03.19 18:23:15.139,1.28711,1.28715,1.50,1.50
2013.03.19 18:23:17.605,1.28715,1.28717,1.22,3.00
2013.03.19 18:23:17.731,1.28715,1.28718,1.22,1.50
2013.03.19 18:23:18.031,1.28714,1.28717,1.97,1.50
2013.03.19 18:23:18.211,1.28711,1.28717,1.50,2.25
2013.03.19 18:23:18.571,1.28713,1.28716,1.50,1.50
2013.03.19 18:23:18.751,1.28712,1.28716,1.50,2.25
2013.03.19 18:23:19.114,1.28712,1.28716,2.25,1.50
2013.03.19 18:23:19.372,1.28708,1.28721,47.76,2.25
2013.03.19 18:23:19.494,1.28712,1.28718,1.73,3.75
2013.03.19 18:23:19.562,1.28713,1.28718,1.50,2.25
2013.03.19 18:23:20.832,1.28713,1.28719,3.98,1.50
2013.03.19 18:23:21.342,1.28714,1.2872,4.73,1.50
2013.03.19 18:23:21.880,1.28715,1.28721,2.48,1.50
2013.03.19 18:23:22.000,1.28716,1.28721,1.50,1.50
2013.03.19 18:23:22.302,1.28717,1.28721,1.50,1.50
2013.03.19 18:23:22.841,1.28718,1.28722,1.50,1.50
2013.03.19 18:23:23.402,1.28719,1.28723,1.50,1.50
2013.03.19 18:23:23.960,1.28719,1.28724,1.69,2.25
2013.03.19 18:23:24.501,1.2872,1.28725,2.25,3.00
2013.03.19 18:23:25.391,1.28721,1.28726,2.25,1.13
2013.03.19 18:23:25.576,1.28729,1.28732,3.23,8.01
2013.03.19 18:23:25.718,1.28726,1.28731,2.44,3.94
2013.03.19 18:23:25.784,1.28725,1.2873,3.00,1.92
2013.03.19 18:23:25.851,1.28728,1.2873,1.50,1.17
2013.03.19 18:23:26.031,1.2873,1.28733,1.50,1.50
2013.03.19 18:23:27.131,1.2873,1.28735,1.50,2.25
2013.03.19 18:23:28.301,1.2873,1.28735,2.25,2.25
2013.03.19 18:23:28.841,1.28732,1.28736,1.50,1.50
2013.03.19 18:23:29.382,1.28731,1.28735,3.00,1.50
2013.03.19 18:23:29.922,1.28732,1.28735,1.50,1.50
2013.03.19 18:23:38.581,1.28732,1.28735,3.00,1.50
2013.03.19 18:23:40.105,1.28733,1.28737,1.50,1.50
2013.03.19 18:23:41.572,1.28732,1.28737,3.00,2.25
2013.03.19 18:23:42.301,1.28732,1.28736,2.25,1.50
2013.03.19 18:23:42.920,1.28732,1.28736,2.25,1.50
2013.03.19 18:23:44.211,1.28732,1.28737,3.75,2.25
2013.03.19 18:23:44.730,1.28732,1.28737,3.75,2.25
2013.03.19 18:23:45.300,1.28732,1.28737,3.75,2.25
2013.03.19 18:23:45.801,1.28732,1.28737,2.25,2.25
2013.03.19 18:23:46.101,1.28732,1.28737,2.25,2.25
2013.03.19 18:23:46.857,1.28732,1.28737,2.25,2.25
2013.03.19 18:23:47.951,1.28732,1.28736,2.25,1.50
2013.03.19 18:23:50.130,1.28732,1.28736,3.75,2.25
2013.03.19 18:23:52.481,1.28733,1.28737,2.25,2.25
2013.03.19 18:23:53.021,1.28732,1.28735,3.00,1.50
2013.03.19 18:23:55.150,1.28732,1.28736,3.75,1.50
2013.03.19 18:23:55.741,1.28732,1.28737,2.25,3.75
2013.03.19 18:23:56.243,1.28732,1.28735,1.50,1.50
2013.03.19 18:23:56.781,1.28731,1.28736,3.94,3.00
2013.03.19 18:23:59.718,1.28731,1.28735,3.00,1.50
2013.03.19 18:24:00.092,1.28731,1.28735,1.50,2.25
2013.03.19 18:24:00.631,1.28731,1.28735,1.13,3.75
2013.03.19 18:24:00.690,1.2873,1.28735,2.63,3.75
2013.03.19 18:24:01.250,1.2873,1.28734,2.25,1.50
2013.03.19 18:24:02.232,1.2873,1.28733,2.25,2.67
2013.03.19 18:24:02.650,1.28726,1.2873,2.44,1.50
2013.03.19 18:24:02.771,1.28726,1.2873,2.44,1.50
2013.03.19 18:24:03.190,1.28723,1.28728,3.00,1.50
2013.03.19 18:24:03.851,1.28726,1.28728,1.50,1.50
2013.03.19 18:24:04.031,1.28724,1.28728,2.25,1.50
2013.03.19 18:24:04.870,1.28724,1.28728,3.47,1.50
2013.03.19 18:24:05.371,1.28724,1.28728,2.25,1.50
2013.03.19 18:24:06.816,1.28724,1.28728,1.50,1.50
2013.03.19 18:24:07.233,1.28724,1.28726,2.91,1.18
2013.03.19 18:24:07.741,1.2872,1.28725,3.75,1.50
2013.03.19 18:24:09.722,1.28722,1.28726,1.50,2.25
2013.03.19 18:24:09.858,1.28722,1.28727,1.50,1.50
2013.03.19 18:24:10.360,1.28722,1.28727,1.50,1.50
2013.03.19 18:24:11.631,1.28722,1.28727,1.50,1.50
2013.03.19 18:24:13.052,1.28723,1.28728,1.69,2.25
2013.03.19 18:24:13.232,1.28725,1.28728,1.50,2.25
2013.03.19 18:24:13.533,1.28725,1.28729,3.00,1.50
2013.03.19 18:24:13.711,1.28729,1.28733,3.75,1.50
2013.03.19 18:24:14.250,1.2873,1.28734,1.50,2.25
2013.03.19 18:24:14.932,1.2873,1.28734,2.25,2.25
2013.03.19 18:24:17.271,1.28731,1.28734,2.25,2.25
2013.03.19 18:24:18.181,1.28732,1.28735,3.38,1.50
2013.03.19 18:24:18.242,1.28734,1.28737,1.97,1.50
2013.03.19 18:24:18.421,1.28737,1.28742,1.50,3.38
2013.03.19 18:24:18.960,1.28736,1.28741,3.00,2.25
2013.03.19 18:24:20.051,1.28735,1.2874,2.25,1.50
2013.03.19 18:24:20.171,1.28734,1.28739,3.00,2.25
2013.03.19 18:24:21.545,1.28732,1.28737,2.07,3.00
2013.03.19 18:24:22.302,1.28734,1.28737,1.97,1.50
2013.03.19 18:24:22.361,1.28734,1.28741,4.22,3.60
2013.03.19 18:24:22.481,1.28734,1.28741,5.85,2.63
2013.03.19 18:24:22.601,1.28736,1.28742,1.88,9.75
2013.03.19 18:24:23.024,1.28737,1.28742,1.13,2.25
2013.03.19 18:24:23.721,1.28737,1.28742,2.63,1.50
2013.03.19 18:24:24.421,1.28737,1.28744,4.13,1.50
2013.03.19 18:24:24.781,1.2874,1.28746,1.50,3.98
2013.03.19 18:24:25.322,1.28742,1.28748,2.25,1.50
2013.03.19 18:24:25.683,1.28742,1.28749,5.25,3.00
2013.03.19 18:24:25.804,1.28742,1.28747,5.25,1.50
2013.03.19 18:24:26.113,1.28743,1.28749,3.38,1.13
2013.03.19 18:24:26.651,1.28745,1.2875,1.50,3.00
2013.03.19 18:24:26.891,1.28744,1.28749,3.04,1.50
2013.03.19 18:24:27.431,1.28744,1.2875,5.52,2.68
2013.03.19 18:24:27.972,1.28747,1.28751,1.32,4.22
2013.03.19 18:24:28.851,1.28746,1.28751,2.25,6.04
2013.03.19 18:24:29.391,1.28745,1.28749,1.50,2.25
2013.03.19 18:24:31.049,1.28744,1.2875,2.52,3.00
2013.03.19 18:24:32.272,1.28744,1.28749,3.27,1.50
2013.03.19 18:24:32.948,1.28745,1.28749,1.69,3.75
2013.03.19 18:24:33.038,1.28748,1.28751,1.50,1.50
2013.03.19 18:24:33.411,1.28749,1.28754,3.75,2.85
2013.03.19 18:24:33.531,1.2875,1.28755,1.50,3.00
2013.03.19 18:24:34.162,1.28751,1.28755,2.25,1.50
2013.03.19 18:24:34.221,1.28751,1.28756,1.50,1.50
2013.03.19 18:24:34.724,1.28751,1.28757,2.44,2.25
2013.03.19 18:24:34.972,1.28755,1.28758,1.50,1.50
2013.03.19 18:24:35.274,1.28759,1.28767,6.27,1.18
2013.03.19 18:24:35.592,1.28761,1.28768,1.69,3.75
2013.03.19 18:24:35.830,1.28761,1.28767,1.69,1.50
2013.03.19 18:24:36.386,1.28761,1.28766,1.69,1.50
2013.03.19 18:24:36.931,1.28762,1.28767,3.75,1.50
2013.03.19 18:24:37.471,1.28762,1.28766,2.25,2.25
2013.03.19 18:24:38.930,1.28762,1.28767,1.13,2.48
2013.03.19 18:24:39.430,1.28762,1.28767,1.13,2.48
2013.03.19 18:24:40.174,1.28762,1.28766,1.88,1.50
2013.03.19 18:24:40.361,1.28762,1.28766,1.13,3.00
2013.03.19 18:24:41.370,1.28762,1.28766,1.88,2.25
2013.03.19 18:24:41.917,1.28762,1.28766,3.75,2.25
2013.03.19 18:24:42.231,1.28761,1.28765,1.88,1.50
2013.03.19 18:24:42.472,1.28761,1.28766,1.88,5.48
2013.03.19 18:24:43.084,1.28759,1.28763,1.92,4.00
2013.03.19 18:24:43.154,1.28752,1.28756,1.13,2.25
2013.03.19 18:24:43.463,1.28752,1.28756,1.13,2.25
2013.03.19 18:24:43.822,1.28756,1.28761,6.99,3.10
2013.03.19 18:24:43.883,1.28759,1.28761,2.25,3.10
2013.03.19 18:24:43.942,1.28759,1.28766,3.00,4.03
2013.03.19 18:24:44.181,1.28758,1.28761,1.13,2.25
2013.03.19 18:24:44.242,1.28757,1.2876,3.19,1.50
2013.03.19 18:24:44.425,1.28757,1.28759,2.25,1.50
2013.03.19 18:24:44.612,1.28754,1.28758,1.50,1.50
2013.03.19 18:24:44.673,1.28754,1.28757,1.50,1.50
2013.03.19 18:24:45.221,1.28752,1.28757,1.50,1.50
2013.03.19 18:24:45.282,1.28751,1.28755,1.88,1.50
2013.03.19 18:24:45.342,1.28751,1.28753,1.50,1.50
2013.03.19 18:24:45.461,1.28749,1.28751,1.73,2.72
2013.03.19 18:24:45.643,1.28746,1.2875,1.50,1.35
2013.03.19 18:24:45.701,1.28745,1.28751,1.50,4.73
2013.03.19 18:24:45.825,1.28747,1.28751,1.35,3.45
2013.03.19 18:24:46.013,1.2875,1.28755,1.50,2.25
2013.03.19 18:24:46.313,1.28753,1.28755,1.50,1.50
2013.03.19 18:24:46.672,1.28757,1.28762,1.50,1.50
2013.03.19 18:24:47.211,1.28759,1.28765,1.50,1.50
2013.03.19 18:24:47.334,1.28759,1.28765,2.25,4.50
2013.03.19 18:24:47.403,1.2876,1.28765,1.50,1.50
2013.03.19 18:24:47.822,1.28763,1.28766,2.25,1.50
2013.03.19 18:24:48.361,1.28763,1.28768,2.25,2.25
2013.03.19 18:24:48.663,1.28768,1.28775,16.07,2.25
2013.03.19 18:24:48.732,1.2877,1.28774,4.17,1.13
2013.03.19 18:24:48.793,1.28771,1.28775,3.94,2.85
2013.03.19 18:24:49.092,1.28768,1.28779,3.17,4.35
2013.03.19 18:24:49.151,1.28771,1.28778,6.21,5.29
2013.03.19 18:24:49.274,1.28773,1.28777,1.97,1.50
2013.03.19 18:24:49.592,1.28774,1.28777,2.63,2.25
2013.03.19 18:24:49.900,1.28772,1.28781,7.13,1.13
2013.03.19 18:24:49.975,1.28773,1.28781,3.38,4.88
2013.03.19 18:24:50.044,1.28775,1.28781,3.60,2.16
2013.03.19 18:24:50.890,1.28773,1.28785,3.38,2.25
2013.03.19 18:24:51.042,1.28778,1.28782,1.50,2.33
2013.03.19 18:24:51.173,1.28778,1.28783,5.33,3.80
2013.03.19 18:24:51.483,1.28777,1.28786,5.25,1.88
2013.03.19 18:24:51.795,1.2878,1.28784,1.88,2.25
2013.03.19 18:24:51.868,1.28765,1.288,1.50,1.92
2013.03.19 18:24:51.938,1.2877,1.28797,1.50,1.95
2013.03.19 18:24:52.076,1.28777,1.28791,1.50,1.97
2013.03.19 18:24:52.150,1.28778,1.28792,1.50,2.70
2013.03.19 18:24:52.280,1.2878,1.28791,1.50,5.03
2013.03.19 18:24:52.603,1.28783,1.2879,2.67,2.23
2013.03.19 18:24:52.675,1.28785,1.28789,2.67,1.50
2013.03.19 18:24:52.743,1.28786,1.2879,2.67,2.25
2013.03.19 18:24:52.804,1.28784,1.28794,1.50,3.60
2013.03.19 18:24:52.936,1.28787,1.28792,1.13,2.48
2013.03.19 18:24:53.004,1.28787,1.28793,3.00,4.17
2013.03.19 18:24:53.135,1.28787,1.28794,2.25,2.44
2013.03.19 18:24:53.444,1.2879,1.28793,1.97,1.69
2013.03.19 18:24:53.766,1.28787,1.28797,1.13,4.32
2013.03.19 18:24:53.833,1.28789,1.28798,1.80,14.97
2013.03.19 18:24:53.963,1.28792,1.28797,1.50,3.85
2013.03.19 18:24:54.154,1.28792,1.28798,1.88,2.72
2013.03.19 18:24:54.226,1.28791,1.288,3.04,3.00
2013.03.19 18:24:54.413,1.28793,1.288,2.25,1.50
2013.03.19 18:24:54.604,1.28792,1.28802,1.50,1.88
2013.03.19 18:24:54.673,1.28794,1.28801,2.44,2.63
2013.03.19 18:24:54.804,1.28795,1.28801,4.69,1.93
2013.03.19 18:24:54.872,1.28796,1.28802,1.50,1.50
2013.03.19 18:24:55.002,1.28797,1.28803,1.69,1.50
2013.03.19 18:24:55.061,1.28798,1.28804,1.69,2.25
2013.03.19 18:24:55.374,1.28792,1.28811,5.85,1.50
2013.03.19 18:24:55.502,1.28794,1.28811,2.48,1.50
2013.03.19 18:24:55.634,1.28801,1.28806,3.00,1.50
2013.03.19 18:24:55.763,1.28802,1.28807,1.50,1.50
2013.03.19 18:24:55.825,1.28803,1.28808,1.50,2.10
2013.03.19 18:24:56.014,1.28804,1.28809,1.50,2.48
2013.03.19 18:24:56.865,1.28805,1.2881,1.50,1.50
2013.03.19 18:24:56.943,1.28807,1.28811,1.50,2.72
2013.03.19 18:24:57.014,1.28803,1.28816,1.50,1.88
2013.03.19 18:24:57.144,1.28808,1.28813,1.50,1.50
2013.03.19 18:24:57.649,1.28809,1.28813,2.63,3.00
2013.03.19 18:24:57.728,1.28809,1.28815,1.50,1.35
2013.03.19 18:24:58.033,1.28811,1.28815,1.50,1.73
2013.03.19 18:24:58.094,1.28812,1.28816,1.22,1.73
2013.03.19 18:24:58.164,1.28812,1.28817,1.22,3.00
2013.03.19 18:24:58.353,1.28813,1.28818,1.50,1.50
2013.03.19 18:24:58.472,1.28814,1.28819,2.25,2.25
2013.03.19 18:24:58.591,1.28814,1.28821,1.50,2.25
2013.03.19 18:24:58.774,1.28816,1.28821,1.50,3.00
2013.03.19 18:24:59.455,1.28817,1.28822,1.50,2.25
2013.03.19 18:24:59.523,1.28818,1.28823,1.50,2.25
2013.03.19 18:24:59.763,1.28818,1.28825,6.10,4.22
2013.03.19 18:24:59.895,1.2882,1.28825,1.50,1.13
2013.03.19 18:25:00.204,1.28822,1.28824,1.50,2.25
2013.03.19 18:25:00.514,1.28821,1.28827,6.23,1.50
2013.03.19 18:25:00.703,1.28819,1.2883,11.75,1.50
2013.03.19 18:25:00.779,1.28823,1.28828,2.10,6.94
2013.03.19 18:25:00.845,1.28823,1.28829,1.50,4.69
2013.03.19 18:25:01.034,1.28823,1.2883,3.00,1.32
2013.03.19 18:25:01.291,1.28823,1.28832,4.50,6.38
2013.03.19 18:25:01.593,1.28825,1.28832,3.00,1.09
2013.03.19 18:25:01.773,1.28826,1.28832,1.50,7.82
2013.03.19 18:25:01.832,1.28825,1.28834,3.60,8.29
2013.03.19 18:25:01.952,1.28828,1.28832,1.54,8.29
2013.03.19 18:25:02.262,1.28829,1.28833,2.44,1.13
2013.03.19 18:25:02.622,1.28829,1.28835,2.25,9.53
2013.03.19 18:25:02.802,1.28829,1.28836,1.69,1.50
2013.03.19 18:25:02.922,1.2883,1.28836,1.97,2.25
2013.03.19 18:25:03.101,1.28831,1.28836,1.50,1.50
2013.03.19 18:25:03.795,1.28832,1.28837,1.50,1.50
2013.03.19 18:25:03.881,1.28833,1.28838,2.67,1.50
2013.03.19 18:25:03.954,1.28835,1.28838,1.50,3.00
2013.03.19 18:25:04.264,1.28835,1.28839,2.63,2.25
2013.03.19 18:25:04.393,1.28835,1.2884,1.54,2.25
2013.03.19 18:25:04.755,1.28835,1.28842,4.47,2.25
2013.03.19 18:25:05.001,1.28835,1.28843,2.14,3.23
2013.03.19 18:25:05.372,1.28836,1.28843,1.69,3.00
2013.03.19 18:25:05.493,1.28837,1.28843,2.44,3.00
2013.03.19 18:25:05.682,1.28838,1.28843,2.44,1.50
2013.03.19 18:25:05.982,1.2884,1.28843,1.50,1.50
2013.03.19 18:25:06.102,1.28841,1.28844,1.50,1.50
2013.03.19 18:25:06.282,1.28841,1.28846,2.25,1.50
2013.03.19 18:25:06.645,1.28842,1.28846,1.50,1.50
2013.03.19 18:25:06.716,1.28848,1.28853,1.73,2.25
2013.03.19 18:25:06.970,1.28847,1.28853,1.69,2.25
2013.03.19 18:25:07.091,1.28849,1.28853,1.69,2.25
2013.03.19 18:25:07.392,1.28854,1.28861,5.63,4.73
2013.03.19 18:25:07.512,1.28858,1.28863,3.60,1.50
2013.03.19 18:25:08.053,1.2886,1.28865,1.50,1.50
2013.03.19 18:25:08.291,1.2886,1.28865,2.25,1.50
2013.03.19 18:25:08.714,1.28859,1.28864,1.50,2.10
2013.03.19 18:25:09.143,1.28856,1.28861,3.00,3.19
2013.03.19 18:25:09.383,1.28854,1.2886,3.60,3.00
2013.03.19 18:25:09.453,1.28856,1.2886,2.10,2.25
2013.03.19 18:25:09.872,1.2886,1.28864,1.50,1.18
2013.03.19 18:25:10.003,1.28861,1.28866,1.50,1.92
2013.03.19 18:25:10.063,1.28861,1.28864,1.50,1.50
2013.03.19 18:25:10.482,1.2886,1.28864,1.50,1.50
2013.03.19 18:25:10.903,1.2886,1.28864,1.50,2.25
2013.03.19 18:25:11.204,1.28857,1.2886,1.50,1.50
2013.03.19 18:25:11.802,1.28857,1.2886,2.25,1.50
2013.03.19 18:25:11.880,1.28851,1.28855,1.50,1.50
2013.03.19 18:25:12.125,1.28851,1.28854,1.50,1.50
2013.03.19 18:25:12.192,1.28851,1.28856,1.50,1.50
2013.03.19 18:25:12.741,1.28851,1.28857,1.50,3.00
2013.03.19 18:25:12.862,1.28854,1.2886,3.00,3.60
2013.03.19 18:25:12.924,1.28854,1.2886,3.00,3.60
2013.03.19 18:25:12.992,1.28854,1.2886,4.50,1.03
2013.03.19 18:25:13.292,1.28853,1.28863,3.75,1.93
2013.03.19 18:25:13.713,1.28853,1.28864,2.48,5.10
2013.03.19 18:25:14.021,1.28856,1.28862,2.48,1.50
2013.03.19 18:25:14.264,1.28864,1.28868,1.73,1.50
2013.03.19 18:25:14.452,1.28861,1.28864,1.35,1.50
2013.03.19 18:25:14.582,1.28861,1.28865,1.35,1.50
2013.03.19 18:25:14.701,1.28862,1.28867,2.10,1.50
2013.03.19 18:25:14.761,1.28863,1.2887,1.58,3.38
2013.03.19 18:25:15.001,1.28865,1.28875,1.35,1.50
2013.03.19 18:25:15.182,1.28864,1.28869,4.58,1.93
2013.03.19 18:25:15.302,1.28862,1.28867,2.63,2.25
2013.03.19 18:25:15.362,1.28862,1.28867,1.88,1.50
2013.03.19 18:25:15.601,1.28865,1.28875,2.72,1.50
2013.03.19 18:25:16.560,1.28868,1.28875,1.50,1.73
2013.03.19 18:25:16.622,1.28865,1.28869,1.50,2.44
2013.03.19 18:25:16.742,1.2886,1.28864,4.50,3.00
2013.03.19 18:25:16.802,1.28858,1.28862,1.50,1.50
2013.03.19 18:25:17.166,1.28855,1.28861,3.47,3.75
2013.03.19 18:25:17.291,1.28855,1.28858,3.47,1.50
2013.03.19 18:25:17.411,1.28852,1.28856,1.88,1.73
2013.03.19 18:25:17.652,1.28853,1.28857,1.73,3.00
2013.03.19 18:25:17.713,1.28851,1.28856,1.50,1.50
2013.03.19 18:25:17.772,1.2885,1.28856,3.15,1.50
2013.03.19 18:25:18.373,1.28851,1.28857,1.50,3.00
2013.03.19 18:25:18.911,1.28851,1.28854,1.50,1.50
2013.03.19 18:25:19.453,1.2885,1.28855,1.69,2.25
2013.03.19 18:25:20.003,1.28849,1.28853,3.60,2.25
2013.03.19 18:25:20.638,1.28849,1.28854,3.60,2.25
2013.03.19 18:25:22.391,1.28849,1.28854,2.67,1.50
2013.03.19 18:25:22.815,1.28851,1.28856,3.75,3.98
2013.03.19 18:25:23.122,1.28856,1.28858,2.25,1.18
2013.03.19 18:25:23.181,1.28858,1.2886,1.50,4.50
2013.03.19 18:25:23.423,1.28858,1.28861,1.50,1.18
2013.03.19 18:25:23.492,1.28859,1.28861,1.50,1.50
2013.03.19 18:25:24.091,1.28858,1.28863,2.25,1.69
2013.03.19 18:25:24.821,1.28857,1.28861,1.88,1.50
2013.03.19 18:25:24.942,1.28855,1.28858,2.72,1.50
2013.03.19 18:25:25.063,1.28853,1.28857,2.25,3.75
2013.03.19 18:25:25.362,1.28854,1.28858,7.22,2.25
2013.03.19 18:25:25.541,1.28857,1.28864,8.82,3.75
2013.03.19 18:25:25.601,1.2886,1.28864,3.23,3.75
2013.03.19 18:25:25.663,1.28863,1.28869,8.07,1.50
2013.03.19 18:25:25.842,1.28865,1.2887,1.22,1.50
2013.03.19 18:25:25.903,1.28865,1.28867,1.22,1.50
2013.03.19 18:25:26.022,1.28861,1.28866,2.25,1.50
2013.03.19 18:25:26.560,1.28859,1.28865,2.25,2.25
2013.03.19 18:25:26.802,1.28859,1.28864,1.50,1.50
2013.03.19 18:25:26.982,1.28857,1.28861,1.67,2.95
2013.03.19 18:25:27.041,1.28859,1.28862,1.50,1.73
2013.03.19 18:25:27.221,1.28859,1.28863,1.50,1.13
2013.03.19 18:25:27.581,1.28859,1.28861,1.50,3.94
2013.03.19 18:25:27.941,1.28851,1.28857,1.65,1.50
2013.03.19 18:25:28.122,1.2885,1.28854,1.50,2.07
2013.03.19 18:25:28.304,1.28849,1.28852,3.23,1.50
2013.03.19 18:25:28.373,1.2885,1.28853,1.50,1.50
2013.03.19 18:25:29.031,1.28849,1.28854,2.48,1.50
2013.03.19 18:25:29.572,1.2885,1.28853,2.25,2.25
2013.03.19 18:25:29.634,1.2885,1.28852,1.50,2.25
2013.03.19 18:25:29.763,1.28846,1.28851,1.50,4.54
2013.03.19 18:25:30.385,1.28846,1.28851,1.50,1.73
2013.03.19 18:25:30.812,1.28845,1.28847,1.60,1.50
2013.03.19 18:25:30.993,1.28841,1.28846,1.50,6.75
2013.03.19 18:25:31.532,1.28841,1.28844,1.50,1.50
2013.03.19 18:25:32.071,1.28839,1.28843,1.58,1.50
2013.03.19 18:25:32.131,1.28838,1.28843,2.29,2.25
2013.03.19 18:25:32.640,1.28838,1.28842,2.29,1.50
2013.03.19 18:25:32.942,1.28836,1.28839,4.50,2.68
2013.03.19 18:25:33.061,1.28834,1.28838,7.60,2.68
2013.03.19 18:25:33.181,1.28834,1.28837,7.60,2.25
2013.03.19 18:25:33.241,1.28832,1.28837,2.25,2.25
2013.03.19 18:25:33.781,1.28832,1.28836,1.50,1.50
2013.03.19 18:25:34.142,1.28833,1.28837,1.50,3.75
2013.03.19 18:25:34.204,1.28836,1.28837,1.50,1.50
2013.03.19 18:25:34.272,1.28836,1.28839,2.25,1.50
2013.03.19 18:25:34.391,1.28836,1.28841,1.50,4.73
2013.03.19 18:25:34.454,1.28834,1.28837,1.95,1.50
2013.03.19 18:25:34.523,1.28833,1.28837,1.95,2.25
2013.03.19 18:25:34.761,1.2883,1.28835,3.38,2.25
2013.03.19 18:25:34.822,1.2883,1.28835,2.63,2.25
2013.03.19 18:25:35.243,1.28826,1.28831,5.48,6.75
2013.03.19 18:25:35.313,1.28826,1.2883,5.48,3.75
2013.03.19 18:25:35.433,1.28822,1.28826,11.70,2.25
2013.03.19 18:25:35.502,1.2882,1.28824,1.50,2.07
2013.03.19 18:25:35.682,1.28818,1.28822,1.92,2.25
2013.03.19 18:25:36.223,1.28816,1.2882,1.50,1.50
2013.03.19 18:25:36.283,1.28816,1.28819,1.50,1.50
2013.03.19 18:25:36.403,1.28814,1.28817,2.95,2.25
2013.03.19 18:25:36.823,1.28815,1.28818,1.97,2.25
2013.03.19 18:25:37.304,1.28813,1.28816,1.50,1.50
2013.03.19 18:25:37.492,1.2881,1.28815,2.25,1.50
2013.03.19 18:25:37.616,1.28811,1.28815,1.50,1.50
2013.03.19 18:25:37.935,1.2881,1.28813,1.50,7.20
2013.03.19 18:25:38.776,1.28809,1.28812,1.50,3.04
2013.03.19 18:25:38.870,1.28807,1.28812,2.25,1.50
2013.03.19 18:25:38.941,1.28807,1.2881,2.25,1.50
2013.03.19 18:25:39.061,1.28806,1.28809,1.22,1.50
2013.03.19 18:25:39.183,1.28804,1.28809,1.73,2.59
2013.03.19 18:25:39.246,1.28804,1.28807,1.50,2.70
2013.03.19 18:25:39.432,1.28801,1.28808,2.25,2.25
2013.03.19 18:25:39.674,1.288,1.28807,2.25,6.38
2013.03.19 18:25:39.982,1.288,1.28805,2.25,1.73
2013.03.19 18:25:40.045,1.28799,1.28805,3.47,1.73
2013.03.19 18:25:40.231,1.28799,1.28803,1.50,1.17
2013.03.19 18:25:40.472,1.28798,1.28803,1.73,2.44
2013.03.19 18:25:40.532,1.28798,1.28802,3.23,1.69
2013.03.19 18:25:40.712,1.28796,1.28801,2.25,1.92
2013.03.19 18:25:40.894,1.28795,1.288,2.25,3.23
2013.03.19 18:25:41.032,1.28789,1.28793,1.73,1.50
2013.03.19 18:25:41.391,1.28789,1.28794,2.48,1.13
2013.03.19 18:25:41.751,1.28789,1.28791,1.50,1.73
2013.03.19 18:25:41.872,1.28787,1.28793,3.00,2.67
2013.03.19 18:25:41.936,1.28787,1.28791,2.25,1.97
2013.03.19 18:25:42.063,1.28787,1.28793,1.50,2.44
2013.03.19 18:25:42.191,1.28788,1.28793,3.23,1.69
2013.03.19 18:25:42.373,1.2879,1.28794,1.50,1.50
2013.03.19 18:25:42.433,1.2879,1.28796,1.65,3.23
2013.03.19 18:25:42.971,1.28792,1.28798,1.50,3.00
2013.03.19 18:25:43.331,1.28792,1.28796,2.25,4.50
2013.03.19 18:25:43.511,1.2879,1.28795,2.25,1.50
2013.03.19 18:25:43.961,1.28789,1.28795,2.44,3.00
2013.03.19 18:25:44.265,1.28788,1.28791,2.25,2.25
2013.03.19 18:25:44.573,1.28784,1.28788,2.48,2.25
2013.03.19 18:25:45.121,1.28784,1.28787,2.25,2.25
2013.03.19 18:25:45.301,1.28782,1.28786,1.50,2.25
2013.03.19 18:25:45.601,1.28784,1.28786,1.50,1.50
2013.03.19 18:25:46.142,1.28784,1.28786,1.50,1.50
2013.03.19 18:25:46.321,1.28785,1.28788,2.72,1.50
2013.03.19 18:25:46.382,1.28787,1.28791,1.50,6.23
2013.03.19 18:25:46.743,1.28792,1.28797,4.13,3.75
2013.03.19 18:25:47.557,1.28794,1.28795,1.20,1.50
2013.03.19 18:25:47.634,1.28789,1.28795,3.00,2.25
2013.03.19 18:25:48.184,1.28788,1.28794,3.75,2.82
2013.03.19 18:25:48.611,1.28787,1.28793,1.50,3.94
2013.03.19 18:25:48.791,1.28787,1.28792,1.50,2.25
2013.03.19 18:25:49.153,1.28785,1.28788,1.97,1.50
2013.03.19 18:25:49.273,1.28783,1.28786,1.50,3.23
2013.03.19 18:25:49.692,1.2878,1.28786,1.50,4.73
2013.03.19 18:25:49.875,1.28782,1.28786,1.50,3.23
2013.03.19 18:25:50.201,1.28787,1.28791,1.50,2.29
2013.03.19 18:25:50.321,1.28789,1.28795,2.25,1.88
2013.03.19 18:25:50.622,1.28789,1.28793,1.50,1.50
2013.03.19 18:25:50.742,1.28788,1.28793,1.50,2.25
2013.03.19 18:25:50.927,1.28787,1.28792,1.50,1.50
2013.03.19 18:25:50.995,1.28787,1.28792,1.50,1.50
2013.03.19 18:25:51.301,1.28787,1.28793,1.17,3.94
2013.03.19 18:25:51.542,1.28787,1.28792,1.50,1.50
2013.03.19 18:25:54.571,1.28787,1.28791,1.50,1.17
2013.03.19 18:25:54.872,1.28786,1.28791,1.73,3.00
2013.03.19 18:25:55.124,1.28787,1.28792,1.50,2.25
2013.03.19 18:25:55.301,1.28787,1.28792,1.50,2.25
2013.03.19 18:25:55.848,1.28787,1.28792,2.25,1.50
2013.03.19 18:25:56.151,1.28789,1.28794,1.50,3.00
2013.03.19 18:25:56.631,1.2879,1.28796,2.82,2.25
2013.03.19 18:25:57.297,1.28794,1.28797,3.04,1.50
2013.03.19 18:25:57.376,1.2879,1.28795,1.50,2.25
2013.03.19 18:25:57.441,1.28789,1.28795,3.00,2.25
2013.03.19 18:25:57.751,1.28789,1.28793,1.50,3.00
2013.03.19 18:25:58.112,1.28787,1.2879,1.50,1.50
2013.03.19 18:25:58.412,1.28784,1.28787,2.25,1.50
2013.03.19 18:25:58.592,1.28783,1.28787,1.50,2.25
2013.03.19 18:25:58.711,1.2878,1.28785,2.63,2.25
2013.03.19 18:25:59.251,1.28781,1.28785,1.50,1.50
2013.03.19 18:25:59.311,1.28782,1.28785,1.50,1.50
2013.03.19 18:25:59.612,1.28786,1.2879,1.50,1.50
2013.03.19 18:25:59.852,1.28788,1.28793,2.25,1.50
2013.03.19 18:26:00.461,1.28789,1.28793,1.50,1.50
2013.03.19 18:26:01.001,1.28788,1.28794,2.25,1.50
2013.03.19 18:26:01.512,1.28788,1.28794,2.40,3.00
2013.03.19 18:26:02.051,1.2879,1.28795,2.03,1.50
2013.03.19 18:26:02.882,1.2879,1.28795,3.53,1.50
2013.03.19 18:26:03.061,1.28791,1.28796,1.50,2.25
2013.03.19 18:26:03.362,1.28795,1.28799,3.00,1.69
2013.03.19 18:26:03.665,1.28798,1.28801,1.50,1.13
2013.03.19 18:26:03.733,1.28799,1.28801,2.25,1.13
2013.03.19 18:26:03.792,1.28799,1.28802,1.50,2.25
2013.03.19 18:26:04.311,1.28799,1.28803,1.50,1.50
2013.03.19 18:26:05.504,1.28802,1.28806,1.50,1.54
2013.03.19 18:26:05.813,1.28803,1.28808,1.50,1.50
2013.03.19 18:26:05.931,1.28803,1.28809,1.50,5.82
2013.03.19 18:26:06.234,1.28809,1.28815,3.15,1.50
2013.03.19 18:26:06.303,1.28813,1.28816,3.00,1.88
2013.03.19 18:26:06.482,1.28815,1.28816,1.50,3.38
2013.03.19 18:26:06.664,1.28814,1.28817,8.20,1.50
2013.03.19 18:26:07.152,1.28814,1.28818,1.88,1.50
2013.03.19 18:26:07.273,1.28812,1.28816,1.50,1.50
2013.03.19 18:26:07.343,1.28812,1.28814,1.50,1.50
2013.03.19 18:26:07.994,1.28811,1.28816,2.25,3.00
2013.03.19 18:26:09.201,1.28811,1.28813,2.25,1.50
2013.03.19 18:26:09.262,1.28808,1.28813,1.50,2.25
2013.03.19 18:26:09.442,1.28806,1.28807,1.50,1.88
2013.03.19 18:26:09.504,1.28805,1.28807,1.50,1.88
2013.03.19 18:26:09.572,1.28802,1.28806,3.75,1.50
2013.03.19 18:26:09.752,1.28801,1.28806,1.50,2.25
2013.03.19 18:26:10.421,1.288,1.28806,2.25,4.50
2013.03.19 18:26:10.720,1.28799,1.28803,2.25,2.25
2013.03.19 18:26:12.164,1.28798,1.28802,1.50,2.25
2013.03.19 18:26:12.541,1.288,1.28802,1.50,1.50
2013.03.19 18:26:13.081,1.28799,1.28802,1.50,1.50
2013.03.19 18:26:13.811,1.28799,1.28802,1.50,2.25
2013.03.19 18:26:14.681,1.28799,1.28802,2.25,1.50
2013.03.19 18:26:15.041,1.28797,1.28799,1.50,2.25
2013.03.19 18:26:17.632,1.28796,1.28798,2.55,1.50
2013.03.19 18:26:17.753,1.28797,1.28802,3.00,2.25
2013.03.19 18:26:18.122,1.28799,1.28802,3.98,2.25
2013.03.19 18:26:18.637,1.28799,1.28803,3.23,3.75
2013.03.19 18:26:18.824,1.28798,1.288,2.25,2.25
2013.03.19 18:26:18.895,1.28797,1.288,3.00,2.25
2013.03.19 18:26:19.611,1.28798,1.28802,1.50,3.00
2013.03.19 18:26:20.515,1.28798,1.28802,1.05,2.25
2013.03.19 18:26:23.521,1.28797,1.28802,1.35,5.25
2013.03.19 18:26:23.582,1.28796,1.28802,2.10,5.25
2013.03.19 18:26:24.121,1.28797,1.288,1.05,1.50
2013.03.19 18:26:24.661,1.28796,1.288,2.85,1.50
2013.03.19 18:26:25.691,1.28797,1.288,1.05,1.50
2013.03.19 18:26:26.221,1.28797,1.288,1.13,1.50
2013.03.19 18:26:26.601,1.28792,1.28797,1.13,6.75
2013.03.19 18:26:26.722,1.2879,1.28794,1.28,7.35
2013.03.19 18:26:27.261,1.2879,1.28792,1.28,1.50
2013.03.19 18:26:27.442,1.28788,1.28792,1.35,2.25
2013.03.19 18:26:27.691,1.28786,1.28791,1.88,6.45
2013.03.19 18:26:30.042,1.28786,1.28791,4.88,4.20
2013.03.19 18:26:30.101,1.28787,1.28791,1.50,3.45
2013.03.19 18:26:30.221,1.2879,1.28794,1.13,5.48
2013.03.19 18:26:31.404,1.28788,1.28791,1.50,2.44
2013.03.19 18:26:31.533,1.28785,1.2879,3.00,1.69
2013.03.19 18:26:31.833,1.28784,1.28786,3.45,1.50
2013.03.19 18:26:32.022,1.28781,1.28786,3.00,3.23
2013.03.19 18:26:33.074,1.2878,1.28785,1.88,1.50
2013.03.19 18:26:33.506,1.28779,1.28783,2.29,4.35
2013.03.19 18:26:33.812,1.28778,1.28782,2.10,1.73
2013.03.19 18:26:34.055,1.28779,1.28783,3.00,2.70
2013.03.19 18:26:34.123,1.2878,1.28783,1.88,1.50
2013.03.19 18:26:35.432,1.2878,1.28785,1.13,2.25
2013.03.19 18:26:35.614,1.2878,1.28784,1.13,2.25
2013.03.19 18:26:35.971,1.2878,1.28785,1.28,3.75
2013.03.19 18:26:36.510,1.2878,1.28785,2.03,2.25
2013.03.19 18:26:38.121,1.2878,1.28785,1.28,2.25
2013.03.19 18:26:39.022,1.2878,1.28785,3.00,2.25
2013.03.19 18:26:39.413,1.28779,1.28784,3.75,1.50
2013.03.19 18:26:40.071,1.2878,1.28784,1.28,2.25
2013.03.19 18:26:40.611,1.2878,1.28785,2.25,1.50
2013.03.19 18:26:41.151,1.2878,1.28786,2.78,2.63
2013.03.19 18:26:41.531,1.2878,1.28785,2.78,1.50
2013.03.19 18:26:42.944,1.2878,1.28785,1.50,2.25
2013.03.19 18:26:43.641,1.2878,1.28785,1.28,2.25
2013.03.19 18:26:45.680,1.2878,1.28785,2.40,1.50
2013.03.19 18:26:46.372,1.28779,1.28785,4.35,2.25
2013.03.19 18:26:47.942,1.28779,1.28784,1.35,1.73
2013.03.19 18:26:48.181,1.28777,1.28781,1.35,1.17
2013.03.19 18:26:48.863,1.28779,1.28783,1.92,1.18
2013.03.19 18:26:48.923,1.28779,1.28785,1.92,3.38
2013.03.19 18:26:49.522,1.2878,1.28785,1.54,3.75
2013.03.19 18:26:50.254,1.28779,1.28784,1.77,2.25
2013.03.19 18:26:51.683,1.28778,1.28783,3.87,1.50
2013.03.19 18:26:51.742,1.28778,1.28781,1.62,1.50
2013.03.19 18:26:52.284,1.28776,1.28781,1.35,3.00
2013.03.19 18:26:52.593,1.28772,1.28776,1.13,2.48
2013.03.19 18:26:53.456,1.28771,1.28776,2.10,2.48
2013.03.19 18:26:57.081,1.28774,1.28777,3.47,3.00
2013.03.19 18:26:57.336,1.28776,1.2878,1.50,1.50
2013.03.19 18:26:57.462,1.28777,1.28781,1.50,2.48
2013.03.19 18:26:57.642,1.28779,1.28782,2.25,1.73
2013.03.19 18:26:57.761,1.28779,1.28785,3.00,7.92
2013.03.19 18:26:58.006,1.2878,1.28785,2.25,1.50
2013.03.19 18:26:59.731,1.28781,1.28786,2.25,2.33
2013.03.19 18:27:00.284,1.28782,1.28787,3.00,1.50
2013.03.19 18:27:00.415,1.28782,1.28783,2.25,1.50
2013.03.19 18:27:00.601,1.28779,1.28783,2.25,1.50
2013.03.19 18:27:01.142,1.2878,1.28785,2.25,1.50
2013.03.19 18:27:01.654,1.28781,1.28786,1.50,2.48
2013.03.19 18:27:01.797,1.28784,1.28788,10.60,1.69
2013.03.19 18:27:01.982,1.28788,1.28791,4.51,3.29
2013.03.19 18:27:02.042,1.28789,1.28792,3.38,2.25
2013.03.19 18:27:02.413,1.2879,1.28793,1.50,3.85
2013.03.19 18:27:02.592,1.28791,1.28795,1.50,1.50
2013.03.19 18:27:02.713,1.28792,1.28797,1.50,2.67
2013.03.19 18:27:03.191,1.28792,1.28796,1.50,3.23
2013.03.19 18:27:04.418,1.28791,1.28795,1.50,1.35
2013.03.19 18:27:04.735,1.28784,1.28788,4.13,3.00
2013.03.19 18:27:05.074,1.28787,1.28789,1.50,2.25
2013.03.19 18:27:05.402,1.28789,1.28792,1.50,2.25
2013.03.19 18:27:05.941,1.28788,1.28792,1.50,2.25
2013.03.19 18:27:07.562,1.28788,1.28791,1.50,2.35
2013.03.19 18:27:07.684,1.28786,1.2879,3.00,2.25
2013.03.19 18:27:07.862,1.28785,1.28788,1.50,1.50
2013.03.19 18:27:07.923,1.28783,1.28786,1.50,1.13
2013.03.19 18:27:08.282,1.28782,1.28786,1.50,1.13
2013.03.19 18:27:08.492,1.28782,1.28786,2.25,1.13
2013.03.19 18:27:09.072,1.28781,1.28786,1.50,3.60
2013.03.19 18:27:09.631,1.2878,1.28786,3.00,3.60
2013.03.19 18:27:11.412,1.2878,1.28785,2.25,1.50
2013.03.19 18:27:12.122,1.2878,1.28785,2.25,1.50
2013.03.19 18:27:13.283,1.28784,1.28786,2.72,1.50
2013.03.19 18:27:13.344,1.28785,1.28787,1.50,1.69
2013.03.19 18:27:13.472,1.28786,1.28789,2.25,1.50
2013.03.19 18:27:14.251,1.28786,1.28791,3.00,3.42
2013.03.19 18:27:14.812,1.28786,1.28791,2.25,4.17
2013.03.19 18:27:15.432,1.28787,1.28791,1.50,3.00
2013.03.19 18:27:15.552,1.28788,1.28793,1.50,3.00
2013.03.19 18:27:15.731,1.2879,1.28794,2.25,3.00
2013.03.19 18:27:16.031,1.2879,1.28795,1.50,5.44
2013.03.19 18:27:16.091,1.28789,1.28794,3.75,1.50
2013.03.19 18:27:16.780,1.28789,1.28792,3.75,2.25
2013.03.19 18:27:17.244,1.28787,1.2879,1.50,2.25
2013.03.19 18:27:17.313,1.28784,1.28789,2.63,2.25
2013.03.19 18:27:17.442,1.28783,1.28787,2.25,1.50
2013.03.19 18:27:18.044,1.28782,1.28787,1.50,2.25
2013.03.19 18:27:18.591,1.28781,1.28787,1.50,3.00
2013.03.19 18:27:18.932,1.28781,1.28786,1.50,1.73
2013.03.19 18:27:19.483,1.2878,1.28785,1.50,1.50
2013.03.19 18:27:19.674,1.28778,1.28784,1.50,1.50
2013.03.19 18:27:20.237,1.28778,1.28781,1.50,1.73
2013.03.19 18:27:21.104,1.28778,1.28781,1.50,4.04
2013.03.19 18:27:21.171,1.28774,1.28777,3.10,1.50
2013.03.19 18:27:21.292,1.28772,1.28776,1.50,2.25
2013.03.19 18:27:21.531,1.2877,1.28775,3.00,2.25
2013.03.19 18:27:22.071,1.2877,1.28775,2.25,1.50
2013.03.19 18:27:23.282,1.2877,1.28774,1.50,1.50
2013.03.19 18:27:23.641,1.28769,1.28772,2.25,1.50
2013.03.19 18:27:24.632,1.28769,1.28772,2.25,2.25
2013.03.19 18:27:25.191,1.28769,1.28772,1.50,2.25
2013.03.19 18:27:26.042,1.28769,1.28771,1.50,1.22
2013.03.19 18:27:26.223,1.28765,1.28768,2.63,1.50
2013.03.19 18:27:26.402,1.28764,1.28767,1.50,2.25
2013.03.19 18:27:26.703,1.28769,1.28774,3.00,1.88
2013.03.19 18:27:27.000,1.28769,1.28773,1.50,1.50
2013.03.19 18:27:27.361,1.2877,1.28775,1.50,2.25
2013.03.19 18:27:28.071,1.28771,1.28776,3.00,2.55
2013.03.19 18:27:28.146,1.28772,1.28777,2.25,3.00
2013.03.19 18:27:28.452,1.28774,1.28777,1.50,3.60
2013.03.19 18:27:28.584,1.28779,1.28784,4.50,1.13
2013.03.19 18:27:28.646,1.28779,1.28784,3.00,1.13
2013.03.19 18:27:28.833,1.2878,1.28785,1.50,2.25
2013.03.19 18:27:29.370,1.2878,1.28785,1.50,1.50
2013.03.19 18:27:29.491,1.2878,1.28785,1.50,1.50
2013.03.19 18:27:29.732,1.2878,1.28783,1.50,2.25
2013.03.19 18:27:30.033,1.28774,1.28778,2.25,1.50
2013.03.19 18:27:30.213,1.28772,1.28776,1.50,1.50
2013.03.19 18:27:30.632,1.28774,1.28777,5.05,1.50
2013.03.19 18:27:30.933,1.28775,1.28778,3.00,1.50
2013.03.19 18:27:31.233,1.28779,1.28782,2.25,2.25
2013.03.19 18:27:31.352,1.28779,1.28785,3.00,2.25
2013.03.19 18:27:31.891,1.2878,1.28785,3.00,1.50
2013.03.19 18:27:32.193,1.2878,1.28784,1.50,1.50
2013.03.19 18:27:32.312,1.28779,1.28783,1.13,2.25
2013.03.19 18:27:32.611,1.28778,1.28783,2.25,1.50
2013.03.19 18:27:33.112,1.28778,1.28783,2.25,1.50
2013.03.19 18:27:33.172,1.28777,1.28781,1.50,1.50
2013.03.19 18:27:33.351,1.28777,1.28782,2.25,4.50
2013.03.19 18:27:33.891,1.28777,1.28781,1.50,1.50
2013.03.19 18:27:34.442,1.28776,1.28781,1.50,3.00
2013.03.19 18:27:34.691,1.28777,1.28782,1.50,4.50
2013.03.19 18:27:34.752,1.28777,1.28782,2.25,3.00
2013.03.19 18:27:35.292,1.2878,1.28784,1.50,2.25
2013.03.19 18:27:35.352,1.2878,1.28785,2.25,1.50
2013.03.19 18:27:37.971,1.2878,1.28784,1.50,1.50
2013.03.19 18:27:38.511,1.28778,1.28784,3.00,5.10
2013.03.19 18:27:39.472,1.28778,1.28783,1.50,1.50
2013.03.19 18:27:41.502,1.28778,1.28783,1.50,1.50
2013.03.19 18:27:42.794,1.28779,1.28784,1.50,4.35
2013.03.19 18:27:44.381,1.28778,1.28783,2.25,2.63
2013.03.19 18:27:45.173,1.28778,1.28783,1.50,2.63
2013.03.19 18:27:45.992,1.28777,1.28783,4.50,4.50
2013.03.19 18:27:47.361,1.28778,1.28783,1.50,4.50
2013.03.19 18:27:47.863,1.28779,1.28783,1.50,3.94
2013.03.19 18:27:49.756,1.28779,1.28783,1.50,3.57
2013.03.19 18:27:49.827,1.28776,1.28779,2.25,2.25
2013.03.19 18:27:49.892,1.28774,1.28779,2.25,2.63
2013.03.19 18:27:50.013,1.28773,1.28778,1.50,2.25
2013.03.19 18:27:56.520,1.28773,1.28777,1.50,2.25
2013.03.19 18:27:57.059,1.28772,1.28778,3.75,2.63
2013.03.19 18:27:57.431,1.28773,1.28777,1.50,1.13
2013.03.19 18:27:57.671,1.28769,1.28772,3.00,1.50
2013.03.19 18:27:58.031,1.28771,1.28776,2.25,3.23
2013.03.19 18:27:58.532,1.28771,1.28775,1.50,1.13
2013.03.19 18:27:59.261,1.2877,1.28775,2.25,3.38
2013.03.19 18:28:01.132,1.2877,1.28774,1.50,3.00
2013.03.19 18:28:03.062,1.28769,1.28774,1.50,6.19
2013.03.19 18:28:03.612,1.28768,1.28773,2.25,2.25
2013.03.19 18:28:04.151,1.28769,1.28773,1.50,1.50
2013.03.19 18:28:04.941,1.28768,1.28772,2.25,2.25
2013.03.19 18:28:05.451,1.28769,1.28772,1.50,3.00
2013.03.19 18:28:08.091,1.28768,1.28772,2.25,2.25
2013.03.19 18:28:09.551,1.28768,1.28771,2.25,1.73
2013.03.19 18:28:09.731,1.28767,1.28771,1.50,2.48
2013.03.19 18:28:10.281,1.28766,1.28771,2.25,3.23
2013.03.19 18:28:11.763,1.28766,1.28769,1.50,1.50
2013.03.19 18:28:11.881,1.28764,1.28768,3.70,3.00
2013.03.19 18:28:11.943,1.28764,1.28767,2.72,1.50
2013.03.19 18:28:12.061,1.28761,1.28766,2.25,1.50
2013.03.19 18:28:12.792,1.28761,1.28766,2.25,2.25
2013.03.19 18:28:13.423,1.28761,1.28766,2.25,1.50
2013.03.19 18:28:13.872,1.28762,1.28766,1.50,1.50
2013.03.19 18:28:14.293,1.28766,1.28768,1.50,4.35
2013.03.19 18:28:14.411,1.28766,1.28771,1.50,3.79
2013.03.19 18:28:14.592,1.28765,1.28768,3.00,1.50
2013.03.19 18:28:14.893,1.28766,1.28768,1.50,1.13
2013.03.19 18:28:15.373,1.28764,1.28769,3.23,2.07
2013.03.19 18:28:15.491,1.28765,1.28769,3.00,2.07
2013.03.19 18:28:16.103,1.28766,1.2877,1.50,2.85
2013.03.19 18:28:16.611,1.28767,1.28771,1.50,2.67
2013.03.19 18:28:17.141,1.28767,1.28771,1.50,1.92
2013.03.19 18:28:17.798,1.28767,1.28771,1.50,1.92
2013.03.19 18:28:19.092,1.28766,1.28771,2.25,1.92
2013.03.19 18:28:22.922,1.28771,1.28774,1.50,1.50
2013.03.19 18:28:23.101,1.28771,1.28775,1.50,2.63
2013.03.19 18:28:23.601,1.28771,1.28775,2.25,1.50
2013.03.19 18:28:24.112,1.28771,1.28776,2.25,1.73
2013.03.19 18:28:24.981,1.28771,1.28776,3.00,1.50
2013.03.19 18:28:25.101,1.28772,1.28777,1.50,3.98
2013.03.19 18:28:25.463,1.28771,1.28773,2.63,1.54
2013.03.19 18:28:25.762,1.28763,1.28767,1.13,1.50
2013.03.19 18:28:27.311,1.28762,1.28766,2.44,1.50
2013.03.19 18:28:27.372,1.28761,1.28763,1.50,3.38
2013.03.19 18:28:27.674,1.28753,1.28758,1.35,9.61
2013.03.19 18:28:27.732,1.28752,1.28755,2.25,1.50
2013.03.19 18:28:27.851,1.2875,1.28755,2.25,1.50
2013.03.19 18:28:28.094,1.28749,1.28753,2.10,1.17
2013.03.19 18:28:28.452,1.28744,1.28748,2.48,4.73
2013.03.19 18:28:28.763,1.28743,1.28746,1.50,5.85
2013.03.19 18:28:28.822,1.2874,1.28744,3.19,1.50
2013.03.19 18:28:29.626,1.2874,1.28744,2.44,1.50
2013.03.19 18:28:29.872,1.28743,1.28746,1.35,1.35
2013.03.19 18:28:30.171,1.28749,1.28753,3.38,1.50
2013.03.19 18:28:30.232,1.2875,1.28755,1.50,4.13
2013.03.19 18:28:30.832,1.2875,1.28755,2.25,4.88
2013.03.19 18:28:31.715,1.2875,1.28755,2.25,4.88
2013.03.19 18:28:31.781,1.2875,1.28755,1.50,4.13
2013.03.19 18:28:32.023,1.2875,1.28755,1.50,5.63
2013.03.19 18:28:32.562,1.28751,1.28756,1.50,2.25
2013.03.19 18:28:33.101,1.28752,1.28756,1.50,1.50
2013.03.19 18:28:33.412,1.28752,1.28757,6.17,1.50
2013.03.19 18:28:33.596,1.28753,1.28758,1.50,1.50
2013.03.19 18:28:33.724,1.28753,1.28759,3.75,1.50
2013.03.19 18:28:33.853,1.28754,1.28759,3.70,2.25
2013.03.19 18:28:34.091,1.28755,1.2876,1.50,2.25
2013.03.19 18:28:34.648,1.28756,1.28761,1.50,3.75
2013.03.19 18:28:35.155,1.28757,1.28762,1.50,4.50
2013.03.19 18:28:35.581,1.28762,1.28767,2.25,2.25
2013.03.19 18:28:36.501,1.28762,1.28767,2.25,3.00
2013.03.19 18:28:37.213,1.28763,1.28767,1.50,1.50
2013.03.19 18:28:37.811,1.28762,1.28767,2.25,2.25
2013.03.19 18:28:38.351,1.2876,1.28763,2.25,1.88
2013.03.19 18:28:38.476,1.28759,1.28763,2.48,1.13
2013.03.19 18:28:39.021,1.28759,1.28764,3.00,3.00
2013.03.19 18:28:39.939,1.28761,1.28765,4.22,1.32
2013.03.19 18:28:40.014,1.28763,1.28766,2.72,4.39
2013.03.19 18:28:40.095,1.28766,1.2877,3.00,1.13
2013.03.19 18:28:40.351,1.28765,1.28783,31.97,2.18
2013.03.19 18:28:40.411,1.2877,1.28779,10.77,4.17
2013.03.19 18:28:40.714,1.28772,1.2878,16.91,2.25
2013.03.19 18:28:40.902,1.28774,1.2878,2.25,1.13
2013.03.19 18:28:41.904,1.28775,1.2878,3.00,2.63
2013.03.19 18:28:42.276,1.28777,1.28779,2.48,1.13
2013.03.19 18:28:42.402,1.28777,1.28781,3.98,1.13
2013.03.19 18:28:42.463,1.28777,1.28782,2.48,1.50
2013.03.19 18:28:42.881,1.28778,1.28783,1.50,1.50
2013.03.19 18:28:43.242,1.2878,1.28783,1.50,2.25
2013.03.19 18:28:43.482,1.28781,1.28784,1.50,1.17
2013.03.19 18:28:43.542,1.28781,1.28786,3.00,2.44
2013.03.19 18:28:43.608,1.28782,1.28787,1.50,1.50
2013.03.19 18:28:43.791,1.28782,1.28788,2.25,2.82
2013.03.19 18:28:44.151,1.28783,1.28788,2.25,1.50
2013.03.19 18:28:44.513,1.28784,1.28789,1.50,2.63
2013.03.19 18:28:44.633,1.28785,1.2879,4.13,7.28
2013.03.19 18:28:44.693,1.28792,1.28795,1.13,6.53
2013.03.19 18:28:44.754,1.28789,1.28793,2.85,9.23
2013.03.19 18:28:44.812,1.28786,1.28789,1.50,3.00
2013.03.19 18:28:44.992,1.28783,1.28788,1.50,1.50
2013.03.19 18:28:45.411,1.28782,1.28787,2.25,1.50
2013.03.19 18:28:46.011,1.28782,1.28786,2.44,1.13
2013.03.19 18:28:46.551,1.28782,1.28786,1.50,1.88
2013.03.19 18:28:47.111,1.2878,1.28785,2.82,1.50
2013.03.19 18:28:47.352,1.2878,1.28785,3.57,1.50
2013.03.19 18:28:47.712,1.2878,1.28785,2.82,1.50
2013.03.19 18:28:47.774,1.2878,1.28785,3.57,1.50
2013.03.19 18:28:47.892,1.2878,1.28785,3.57,1.50
2013.03.19 18:28:48.146,1.2878,1.28783,1.32,1.40
2013.03.19 18:28:48.333,1.28773,1.28777,3.38,4.35
2013.03.19 18:28:48.512,1.2877,1.28774,1.32,1.50
2013.03.19 18:28:49.495,1.28768,1.28771,3.75,2.10
2013.03.19 18:28:49.803,1.28764,1.28766,2.25,1.88
2013.03.19 18:28:49.922,1.28761,1.28765,2.25,1.50
2013.03.19 18:28:50.613,1.28762,1.28767,1.50,3.00
2013.03.19 18:28:50.795,1.28765,1.2877,1.73,3.19
2013.03.19 18:28:51.223,1.28768,1.28773,1.54,2.44
2013.03.19 18:28:51.784,1.28768,1.28773,2.29,1.50
2013.03.19 18:28:52.367,1.28769,1.28774,1.73,4.32
2013.03.19 18:28:52.673,1.2877,1.28774,1.69,1.50
2013.03.19 18:28:53.211,1.28771,1.28776,1.50,3.00
2013.03.19 18:28:56.301,1.28771,1.28776,3.00,1.50
2013.03.19 18:28:56.802,1.28772,1.28777,1.50,1.50
2013.03.19 18:28:57.842,1.28774,1.28777,2.25,1.50
2013.03.19 18:28:58.141,1.28779,1.28784,4.20,1.50
2013.03.19 18:28:58.648,1.2878,1.28785,2.63,1.50
2013.03.19 18:28:58.831,1.2878,1.28785,1.88,1.50
2013.03.19 18:28:59.011,1.2878,1.28785,1.13,2.25
2013.03.19 18:28:59.692,1.28779,1.28782,2.07,1.50
2013.03.19 18:28:59.812,1.28776,1.2878,1.50,7.36
2013.03.19 18:29:00.051,1.28779,1.28781,1.17,2.35
2013.03.19 18:29:00.113,1.28779,1.28782,1.17,1.50
2013.03.19 18:29:00.293,1.28776,1.28781,4.13,2.95
2013.03.19 18:29:01.077,1.28778,1.28781,1.54,4.17
2013.03.19 18:29:01.151,1.28775,1.2878,2.63,5.25
2013.03.19 18:29:02.311,1.28775,1.2878,2.63,5.25
2013.03.19 18:29:03.229,1.28775,1.2878,3.00,4.13
2013.03.19 18:29:03.781,1.28775,1.2878,3.00,1.88
2013.03.19 18:29:05.581,1.28775,1.2878,3.00,5.18
2013.03.19 18:29:06.092,1.28775,1.2878,3.00,5.18
2013.03.19 18:29:07.022,1.28775,1.28779,3.00,1.50
2013.03.19 18:29:07.561,1.28775,1.28779,3.00,1.50
2013.03.19 18:29:08.122,1.28775,1.28779,3.00,1.50
2013.03.19 18:29:09.153,1.28775,1.28779,2.25,2.25
2013.03.19 18:29:09.332,1.28771,1.28776,1.50,6.23
2013.03.19 18:29:09.512,1.28771,1.28775,1.50,2.63
2013.03.19 18:29:09.871,1.2877,1.28774,2.25,1.50
2013.03.19 18:29:10.291,1.2877,1.28774,2.25,1.50
2013.03.19 18:29:11.211,1.28771,1.28775,1.50,2.25
2013.03.19 18:29:12.402,1.28771,1.28776,1.50,3.23
2013.03.19 18:29:12.941,1.2877,1.28774,1.88,1.50
2013.03.19 18:29:13.482,1.2877,1.28774,1.50,1.50
2013.03.19 18:29:14.522,1.2877,1.28774,2.25,1.50
2013.03.19 18:29:15.666,1.28767,1.2877,1.32,1.50
2013.03.19 18:29:15.983,1.28761,1.28768,1.73,3.75
2013.03.19 18:29:16.102,1.2876,1.28762,1.50,3.55
2013.03.19 18:29:16.163,1.28758,1.2876,1.50,1.18
2013.03.19 18:29:16.283,1.28757,1.28759,3.00,2.30
2013.03.19 18:29:16.343,1.28752,1.28756,1.50,1.50
2013.03.19 18:29:16.883,1.2875,1.28755,1.50,1.50
2013.03.19 18:29:17.122,1.28749,1.28752,1.50,3.85
2013.03.19 18:29:17.421,1.28746,1.2875,3.75,1.50
2013.03.19 18:29:17.542,1.28745,1.28751,1.97,3.08
2013.03.19 18:29:17.841,1.28741,1.28745,2.25,2.25
2013.03.19 18:29:17.963,1.2874,1.28745,3.00,2.25
2013.03.19 18:29:18.261,1.28742,1.28747,1.50,4.13
2013.03.19 18:29:18.811,1.28742,1.28747,1.50,1.50
2013.03.19 18:29:19.212,1.2874,1.28748,2.25,3.75
2013.03.19 18:29:19.752,1.2874,1.28747,2.25,4.28
2013.03.19 18:29:19.813,1.28744,1.28747,3.08,2.40
2013.03.19 18:29:20.352,1.28742,1.28747,1.50,2.82
2013.03.19 18:29:20.653,1.28739,1.28743,1.50,1.50
2013.03.19 18:29:20.953,1.28735,1.28738,1.50,12.31
2013.03.19 18:29:21.493,1.28737,1.28741,1.50,3.32
2013.03.19 18:29:21.672,1.28736,1.2874,1.13,1.95
2013.03.19 18:29:21.791,1.28735,1.28738,1.88,1.50
2013.03.19 18:29:22.153,1.28729,1.28736,1.50,1.50
2013.03.19 18:29:22.392,1.28735,1.28738,2.25,1.50
2013.03.19 18:29:22.513,1.28732,1.28736,1.50,1.50
2013.03.19 18:29:23.051,1.28731,1.28735,2.25,1.50
2013.03.19 18:29:23.661,1.28731,1.28736,2.25,3.00
2013.03.19 18:29:24.021,1.2873,1.28736,3.38,1.50
2013.03.19 18:29:24.666,1.28731,1.28736,1.50,2.70
2013.03.19 18:29:25.211,1.2873,1.28736,2.25,3.45
2013.03.19 18:29:25.904,1.2873,1.28735,2.25,1.50
2013.03.19 18:29:26.421,1.2873,1.28736,3.00,2.70
2013.03.19 18:29:26.983,1.2873,1.28734,3.00,1.50
2013.03.19 18:29:27.286,1.28733,1.28736,1.50,3.00
2013.03.19 18:29:27.412,1.28732,1.28736,1.50,1.13
2013.03.19 18:29:27.533,1.28731,1.28732,1.13,1.35
2013.03.19 18:29:27.892,1.28729,1.28731,1.50,1.17
2013.03.19 18:29:27.952,1.28726,1.28731,3.00,1.17
2013.03.19 18:29:28.193,1.28728,1.28732,1.50,2.48
2013.03.19 18:29:28.372,1.2873,1.28734,2.25,1.50
2013.03.19 18:29:28.492,1.28731,1.28736,1.50,3.23
2013.03.19 18:29:28.551,1.28729,1.28736,3.98,1.73
2013.03.19 18:29:29.091,1.28729,1.28734,1.50,3.00
2013.03.19 18:29:29.642,1.28729,1.28734,1.50,3.00
2013.03.19 18:29:31.791,1.2873,1.28734,1.50,1.69
2013.03.19 18:29:32.151,1.2873,1.28735,2.25,1.69
2013.03.19 18:29:32.333,1.28729,1.28733,4.13,2.25
2013.03.19 18:29:32.394,1.28729,1.28733,1.13,2.63
2013.03.19 18:29:32.511,1.28727,1.28732,2.25,1.50
2013.03.19 18:29:33.052,1.28727,1.28731,2.25,1.50
2013.03.19 18:29:33.592,1.28727,1.28731,2.25,1.50
2013.03.19 18:29:33.713,1.28727,1.28731,1.50,2.72
2013.03.19 18:29:33.831,1.28725,1.28729,1.50,1.58
2013.03.19 18:29:33.892,1.28724,1.28728,1.35,3.15
2013.03.19 18:29:34.014,1.2872,1.28726,2.25,3.60
2013.03.19 18:29:34.561,1.2872,1.28726,2.25,3.08
2013.03.19 18:29:34.832,1.2872,1.28724,1.50,1.50
2013.03.19 18:29:35.132,1.28719,1.28724,3.23,1.88
2013.03.19 18:29:36.121,1.28721,1.28726,2.25,1.50
2013.03.19 18:29:36.971,1.28725,1.28729,1.50,1.69
2013.03.19 18:29:37.272,1.28729,1.28734,3.38,2.44
2013.03.19 18:29:37.631,1.28729,1.28735,3.38,4.31
2013.03.19 18:29:39.242,1.2873,1.28736,2.25,1.69
2013.03.19 18:29:39.543,1.28735,1.2874,4.37,1.35
2013.03.19 18:29:39.725,1.28739,1.28742,1.50,2.25
2013.03.19 18:29:39.913,1.28741,1.28747,2.63,2.70
2013.03.19 18:29:40.451,1.28744,1.28747,2.25,2.14
2013.03.19 18:29:40.824,1.28743,1.28748,1.50,3.64
2013.03.19 18:29:40.941,1.2874,1.28746,1.50,6.53
2013.03.19 18:29:41.062,1.2874,1.28746,1.50,6.68
2013.03.19 18:29:41.642,1.2874,1.28746,1.50,3.45
2013.03.19 18:29:42.101,1.2874,1.28746,2.25,3.45
2013.03.19 18:29:42.922,1.2874,1.28746,1.50,3.98
2013.03.19 18:29:42.984,1.28736,1.28744,3.00,2.25
2013.03.19 18:29:43.162,1.28735,1.28743,3.38,3.00
2013.03.19 18:29:43.405,1.28734,1.28741,1.88,3.94
2013.03.19 18:29:43.531,1.28734,1.2874,1.13,5.52
2013.03.19 18:29:44.083,1.28732,1.28739,3.75,1.69
2013.03.19 18:29:44.272,1.28732,1.28738,3.00,1.95
2013.03.19 18:29:44.811,1.28732,1.28738,2.25,2.14
2013.03.19 18:29:45.371,1.28732,1.28738,2.25,1.39
2013.03.19 18:29:46.926,1.28732,1.28738,3.00,1.39
2013.03.19 18:29:47.112,1.28735,1.2874,2.72,2.85
2013.03.19 18:29:47.173,1.28736,1.28742,1.88,1.95
2013.03.19 18:29:47.532,1.28738,1.28743,1.50,1.13
2013.03.19 18:29:48.132,1.28737,1.28744,1.50,1.13
2013.03.19 18:29:48.192,1.28739,1.28745,3.00,2.48
2013.03.19 18:29:48.311,1.2874,1.28746,1.50,1.35
2013.03.19 18:29:53.162,1.28741,1.28746,2.25,1.13
2013.03.19 18:29:53.462,1.28748,1.28753,2.63,1.13
2013.03.19 18:29:53.583,1.28748,1.28755,2.63,1.13
2013.03.19 18:29:54.301,1.2875,1.28755,1.50,1.88
2013.03.19 18:29:54.841,1.2875,1.28755,2.25,1.13
2013.03.19 18:29:55.372,1.2875,1.28755,2.25,1.13
2013.03.19 18:29:56.602,1.2875,1.28754,1.50,1.05
2013.03.19 18:29:56.903,1.28743,1.28748,2.25,1.17
2013.03.19 18:29:56.963,1.28742,1.28748,2.63,2.29
2013.03.19 18:29:57.382,1.2874,1.28746,1.50,2.85
2013.03.19 18:29:57.862,1.2874,1.28746,1.50,3.98
2013.03.19 18:29:58.381,1.2874,1.28746,1.50,2.25
2013.03.19 18:29:58.892,1.2874,1.28746,1.50,2.25
2013.03.19 18:30:00.831,1.2874,1.28747,2.25,3.53
2013.03.19 18:30:02.283,1.28741,1.28747,2.25,2.33
2013.03.19 18:30:02.341,1.28741,1.28747,3.75,2.33
2013.03.19 18:30:02.873,1.28741,1.28747,2.25,2.78
2013.03.19 18:30:04.321,1.28741,1.28746,2.25,1.20
2013.03.19 18:30:04.562,1.28742,1.28747,1.50,1.58
2013.03.19 18:30:04.802,1.28745,1.28749,2.25,1.95
2013.03.19 18:30:04.922,1.28744,1.28747,2.25,1.20
2013.03.19 18:30:05.461,1.28741,1.28746,1.69,1.20
2013.03.19 18:30:06.421,1.28744,1.28749,2.25,3.38
2013.03.19 18:30:06.781,1.28743,1.28749,2.25,2.03
2013.03.19 18:30:07.193,1.28746,1.2875,1.50,4.43
2013.03.19 18:30:07.255,1.28748,1.2875,1.13,3.30
2013.03.19 18:30:07.384,1.2875,1.28753,1.50,2.25
2013.03.19 18:30:07.502,1.2875,1.28754,1.50,2.25
2013.03.19 18:30:07.623,1.28751,1.28755,2.25,1.28
2013.03.19 18:30:08.701,1.28752,1.28756,1.50,1.28
2013.03.19 18:30:09.822,1.28751,1.28756,1.13,4.05
2013.03.19 18:30:10.124,1.2875,1.28754,1.50,3.04
2013.03.19 18:30:10.663,1.28749,1.28752,2.25,1.50
2013.03.19 18:30:10.842,1.2875,1.28754,1.50,1.50
2013.03.19 18:30:11.102,1.28751,1.28756,3.75,3.15
2013.03.19 18:30:11.651,1.28751,1.28756,4.50,1.28
2013.03.19 18:30:12.164,1.28751,1.28756,2.25,1.65
2013.03.19 18:30:13.851,1.28751,1.28756,2.25,2.40
2013.03.19 18:30:16.941,1.28752,1.28757,1.50,2.78
2013.03.19 18:30:18.732,1.28752,1.28757,1.50,1.35
2013.03.19 18:30:19.041,1.28752,1.28757,1.50,1.35
2013.03.19 18:30:19.551,1.28752,1.28757,1.50,1.35
2013.03.19 18:30:21.077,1.28753,1.28758,1.50,3.60
2013.03.19 18:30:22.283,1.28752,1.28756,2.25,1.88
2013.03.19 18:30:22.641,1.28751,1.28756,2.25,3.60
2013.03.19 18:30:23.182,1.2875,1.28754,2.44,2.25
2013.03.19 18:30:23.482,1.28752,1.28754,2.25,1.50
2013.03.19 18:30:24.021,1.28751,1.28754,2.25,1.50
2013.03.19 18:30:24.323,1.28751,1.28756,3.00,3.79
2013.03.19 18:30:24.443,1.28753,1.28756,1.50,1.13
2013.03.19 18:30:24.803,1.28756,1.2876,2.26,5.25
2013.03.19 18:30:24.987,1.2876,1.28762,1.50,1.65
2013.03.19 18:30:25.501,1.28761,1.28766,2.25,1.95
2013.03.19 18:30:25.561,1.28761,1.28766,2.25,1.95
2013.03.19 18:30:26.101,1.28761,1.28766,1.50,2.70
2013.03.19 18:30:26.541,1.28762,1.28767,3.00,1.88
2013.03.19 18:30:30.462,1.28761,1.28766,2.25,1.13
2013.03.19 18:30:31.140,1.2876,1.28764,2.25,1.35
2013.03.19 18:30:31.775,1.2876,1.28763,1.50,1.13
2013.03.19 18:30:32.333,1.2876,1.28764,1.50,2.44
2013.03.19 18:30:32.871,1.2876,1.28763,1.50,2.63
2013.03.19 18:30:34.977,1.28758,1.28763,2.25,1.88
2013.03.19 18:30:35.521,1.28758,1.28763,1.50,2.25
2013.03.19 18:30:36.042,1.28759,1.28764,1.50,8.33
2013.03.19 18:30:36.581,1.28758,1.28763,2.25,1.50
2013.03.19 18:30:36.702,1.28759,1.28764,1.50,7.58
2013.03.19 18:30:37.063,1.28756,1.28759,2.25,2.85
2013.03.19 18:30:37.124,1.28756,1.28758,1.50,1.35
2013.03.19 18:30:37.183,1.28754,1.28757,1.50,1.50
2013.03.19 18:30:37.361,1.28752,1.28756,1.50,1.50
2013.03.19 18:30:37.901,1.28752,1.28756,1.50,1.50
2013.03.19 18:30:38.761,1.28754,1.28756,1.22,1.50
2013.03.19 18:30:38.821,1.28754,1.28757,1.97,1.50
2013.03.19 18:30:38.942,1.28756,1.28759,1.50,2.25
2013.03.19 18:30:39.481,1.28756,1.28761,3.00,4.35
2013.03.19 18:30:40.994,1.28756,1.28761,3.00,4.35
2013.03.19 18:30:41.231,1.28753,1.28758,1.50,3.00
2013.03.19 18:30:41.292,1.28752,1.28756,1.50,1.50
2013.03.19 18:30:41.531,1.28753,1.28758,1.50,4.50
2013.03.19 18:30:41.651,1.28754,1.28759,3.00,5.10
2013.03.19 18:30:42.012,1.28754,1.28758,1.50,2.25
2013.03.19 18:30:42.551,1.28753,1.28758,1.50,3.00
2013.03.19 18:30:43.752,1.28753,1.28758,1.50,3.00
2013.03.19 18:30:43.932,1.28755,1.28759,2.16,4.35
2013.03.19 18:30:43.992,1.28756,1.28759,1.69,2.25
2013.03.19 18:30:44.172,1.28758,1.28761,2.25,2.65
2013.03.19 18:30:44.412,1.2876,1.28765,1.50,1.50
2013.03.19 18:30:44.531,1.28761,1.28766,1.50,2.48
2013.03.19 18:30:44.773,1.28763,1.28766,2.25,1.50
2013.03.19 18:30:45.320,1.28763,1.28766,1.50,2.25
2013.03.19 18:30:46.062,1.28762,1.28766,1.50,3.00
2013.03.19 18:30:46.592,1.28762,1.28766,2.25,3.00
2013.03.19 18:30:46.833,1.28767,1.28771,2.25,2.25
2013.03.19 18:30:47.012,1.2877,1.28772,2.25,1.50
2013.03.19 18:30:47.132,1.2877,1.28775,1.69,2.85
2013.03.19 18:30:47.432,1.28772,1.28775,1.50,2.10
2013.03.19 18:30:47.971,1.28773,1.28778,2.25,2.63
2013.03.19 18:30:48.511,1.28775,1.28778,1.50,2.25
2013.03.19 18:30:49.171,1.28775,1.28778,1.50,1.88
2013.03.19 18:30:49.472,1.28776,1.28779,3.00,2.63
2013.03.19 18:30:49.534,1.28778,1.28781,1.50,5.20
2013.03.19 18:30:49.891,1.28782,1.28786,2.25,2.63
2013.03.19 18:30:49.952,1.28784,1.28786,2.25,3.38
2013.03.19 18:30:50.571,1.28781,1.28786,3.00,1.88
2013.03.19 18:30:51.081,1.2878,1.28786,3.75,1.88
2013.03.19 18:30:51.633,1.28781,1.28786,1.50,1.88
2013.03.19 18:30:52.112,1.28784,1.28786,1.22,1.88
2013.03.19 18:30:52.432,1.28787,1.28791,1.50,2.72
2013.03.19 18:30:52.611,1.28787,1.28791,2.25,1.50
2013.03.19 18:30:52.732,1.28789,1.28794,1.50,3.75
2013.03.19 18:30:53.281,1.28787,1.28793,3.00,3.00
2013.03.19 18:30:53.404,1.28787,1.28792,2.25,1.13
2013.03.19 18:30:53.772,1.28784,1.28788,2.25,1.50
2013.03.19 18:30:53.833,1.28783,1.28788,3.75,1.50
2013.03.19 18:30:54.072,1.28786,1.28788,2.25,1.50
2013.03.19 18:30:54.313,1.28789,1.28794,1.50,3.94
2013.03.19 18:30:54.375,1.28787,1.28792,2.25,1.69
2013.03.19 18:30:54.801,1.28786,1.28791,1.50,1.50
2013.03.19 18:30:54.923,1.28785,1.2879,2.25,1.50
2013.03.19 18:30:54.982,1.28785,1.28788,1.50,1.50
2013.03.19 18:30:55.104,1.28785,1.28789,1.50,1.50
2013.03.19 18:30:55.233,1.28786,1.28791,3.75,5.10
2013.03.19 18:30:55.295,1.28789,1.28791,1.50,3.00
2013.03.19 18:30:56.008,1.28789,1.28791,2.25,2.25
2013.03.19 18:30:56.081,1.28788,1.28792,1.50,4.50
2013.03.19 18:30:56.202,1.28784,1.28789,6.38,1.50
2013.03.19 18:30:56.262,1.28784,1.28789,5.63,2.25
2013.03.19 18:30:56.771,1.28784,1.28787,1.50,1.50
2013.03.19 18:30:57.705,1.28783,1.2879,6.12,2.44
2013.03.19 18:30:57.892,1.28788,1.28794,3.75,3.00
2013.03.19 18:30:58.132,1.28789,1.28796,3.98,3.38
2013.03.19 18:30:58.672,1.28789,1.28795,2.25,2.25
2013.03.19 18:30:59.270,1.28789,1.28794,2.25,1.50
2013.03.19 18:30:59.781,1.28789,1.28794,3.00,1.50
2013.03.19 18:31:00.943,1.2879,1.28796,2.25,2.25
2013.03.19 18:31:01.122,1.28793,1.28799,1.50,4.50
2013.03.19 18:31:01.183,1.28793,1.28799,1.50,3.75
2013.03.19 18:31:01.543,1.28798,1.28802,3.00,2.63
2013.03.19 18:31:01.782,1.28795,1.28799,1.50,1.69
2013.03.19 18:31:01.842,1.28794,1.28798,3.38,1.50
2013.03.19 18:31:02.382,1.28792,1.28798,3.00,3.75
2013.03.19 18:31:02.932,1.28792,1.28797,1.50,2.25
2013.03.19 18:31:03.363,1.28795,1.28796,1.22,1.13
2013.03.19 18:31:04.140,1.28796,1.28801,2.41,5.85
2013.03.19 18:31:04.245,1.28803,1.28808,2.25,1.50
2013.03.19 18:31:04.313,1.28804,1.28809,1.50,2.25
2013.03.19 18:31:04.494,1.28807,1.28815,3.75,3.00
2013.03.19 18:31:04.561,1.2881,1.28815,1.88,3.38
2013.03.19 18:31:04.802,1.28811,1.28817,1.50,2.48
2013.03.19 18:31:05.442,1.2881,1.28815,3.38,1.13
2013.03.19 18:31:05.557,1.2881,1.28813,1.13,2.25
2013.03.19 18:31:05.813,1.28805,1.28809,2.63,1.50
2013.03.19 18:31:06.171,1.28806,1.28815,1.50,3.00
2013.03.19 18:31:06.591,1.28806,1.2881,1.50,1.69
2013.03.19 18:31:07.131,1.28806,1.28815,1.50,2.44
2013.03.19 18:31:07.432,1.28809,1.28815,2.25,1.50
2013.03.19 18:31:07.672,1.28805,1.2881,1.13,2.40
2013.03.19 18:31:07.791,1.28804,1.2881,2.40,5.40
2013.03.19 18:31:08.093,1.28799,1.28805,2.78,5.33
2013.03.19 18:31:08.223,1.28797,1.28802,1.50,9.45
2013.03.19 18:31:08.345,1.28795,1.288,1.50,5.25
2013.03.19 18:31:08.715,1.28795,1.28801,2.25,7.88
2013.03.19 18:31:08.783,1.28795,1.288,3.38,1.20
2013.03.19 18:31:08.844,1.28794,1.288,1.50,2.07
2013.03.19 18:31:09.532,1.28791,1.28797,2.25,1.28
2013.03.19 18:31:09.833,1.28793,1.28796,1.50,4.88
2013.03.19 18:31:10.132,1.28797,1.288,2.25,2.25
2013.03.19 18:31:10.254,1.28797,1.288,1.50,2.25
2013.03.19 18:31:10.432,1.28799,1.28803,1.88,1.58
2013.03.19 18:31:10.802,1.28799,1.28805,2.63,2.89
2013.03.19 18:31:11.587,1.288,1.28806,3.00,1.61
2013.03.19 18:31:11.973,1.28804,1.28807,2.44,1.31
2013.03.19 18:31:12.033,1.28807,1.28815,2.25,5.29
2013.03.19 18:31:12.092,1.28808,1.28815,1.50,2.29
2013.03.19 18:31:12.994,1.2881,1.28815,2.63,2.25
2013.03.19 18:31:13.084,1.28817,1.28821,1.50,1.50
2013.03.19 18:31:13.482,1.28819,1.28823,1.50,1.20
2013.03.19 18:31:13.903,1.28818,1.28821,2.25,1.50
2013.03.19 18:31:14.082,1.28815,1.28819,1.28,2.33
2013.03.19 18:31:14.202,1.28815,1.28819,2.12,2.03
2013.03.19 18:31:14.502,1.28816,1.2882,3.75,2.25
2013.03.19 18:31:14.813,1.28815,1.28819,1.13,1.65
2013.03.19 18:31:15.473,1.28814,1.28819,3.00,2.40
2013.03.19 18:31:15.591,1.28813,1.28819,3.75,2.40
2013.03.19 18:31:15.711,1.28813,1.28819,3.00,1.65
2013.03.19 18:31:16.072,1.28816,1.28819,2.25,1.50
2013.03.19 18:31:16.194,1.28817,1.28822,3.00,1.43
2013.03.19 18:31:16.264,1.2882,1.28823,2.25,1.13
2013.03.19 18:31:16.443,1.28823,1.28827,1.50,1.88
2013.03.19 18:31:16.623,1.28823,1.28829,2.25,1.77
2013.03.19 18:31:16.682,1.28827,1.2883,1.09,3.00
2013.03.19 18:31:16.805,1.2883,1.28833,4.84,1.73
2013.03.19 18:31:16.877,1.2883,1.28834,5.97,2.25
2013.03.19 18:31:16.944,1.28833,1.28836,1.50,3.75
2013.03.19 18:31:17.492,1.28832,1.28837,1.50,1.58
2013.03.19 18:31:18.463,1.28832,1.28837,3.00,1.20
2013.03.19 18:31:18.942,1.28834,1.28839,8.42,2.18
2013.03.19 18:31:19.242,1.28838,1.28844,1.50,2.63
2013.03.19 18:31:20.573,1.28842,1.28848,2.25,3.45
2013.03.19 18:31:20.643,1.28842,1.28846,2.25,1.50
2013.03.19 18:31:20.894,1.2884,1.28843,1.50,1.50
2013.03.19 18:31:21.142,1.28833,1.28839,5.63,3.46
2013.03.19 18:31:21.261,1.28832,1.28836,1.88,1.50
2013.03.19 18:31:21.982,1.28832,1.28836,1.13,1.73
2013.03.19 18:31:22.042,1.28834,1.28837,3.85,1.20
2013.03.19 18:31:22.162,1.28834,1.2884,4.60,2.33
2013.03.19 18:31:22.284,1.28835,1.2884,2.72,1.50
2013.03.19 18:31:22.641,1.28839,1.28844,1.73,1.50
2013.03.19 18:31:22.702,1.28839,1.28845,1.73,1.50
2013.03.19 18:31:23.222,1.28839,1.28846,2.48,1.95
2013.03.19 18:31:23.762,1.28841,1.28845,2.25,1.50
2013.03.19 18:31:24.313,1.28841,1.28845,2.25,1.50
2013.03.19 18:31:25.052,1.28843,1.28846,1.50,2.70
2013.03.19 18:31:25.173,1.28845,1.28848,1.13,1.13
2013.03.19 18:31:25.295,1.28847,1.28856,1.13,1.35
2013.03.19 18:31:25.426,1.28846,1.28852,1.69,1.13
2013.03.19 18:31:25.554,1.28844,1.28849,5.33,3.75
2013.03.19 18:31:25.802,1.28842,1.28846,2.25,2.70
2013.03.19 18:31:26.341,1.28841,1.28845,1.50,1.50
2013.03.19 18:31:28.052,1.28841,1.28845,1.50,1.88
2013.03.19 18:31:28.115,1.28837,1.28841,1.50,1.35
2013.03.19 18:31:28.246,1.28835,1.28839,1.13,1.12
2013.03.19 18:31:28.313,1.28833,1.28837,3.00,1.50
2013.03.19 18:31:28.802,1.28831,1.28836,2.25,2.85
2013.03.19 18:31:29.343,1.28832,1.28835,1.50,1.50
2013.03.19 18:31:29.745,1.28832,1.28835,1.50,1.50
2013.03.19 18:31:30.064,1.28829,1.28836,1.50,15.28
2013.03.19 18:31:30.124,1.2883,1.28834,1.88,2.63
2013.03.19 18:31:30.733,1.28828,1.28834,3.00,3.38
2013.03.19 18:31:30.973,1.28828,1.28832,1.50,2.10
2013.03.19 18:31:31.274,1.28827,1.28831,1.50,2.07
2013.03.19 18:31:31.392,1.28825,1.28831,3.00,1.17
2013.03.19 18:31:31.751,1.28825,1.28829,2.63,4.60
2013.03.19 18:31:31.933,1.28822,1.28829,1.50,2.25
2013.03.19 18:31:32.241,1.28822,1.28827,1.50,2.63
2013.03.19 18:31:32.301,1.28822,1.28826,2.25,2.25
2013.03.19 18:31:32.484,1.2882,1.28826,1.50,1.13
2013.03.19 18:31:32.553,1.2882,1.28825,2.18,1.69
2013.03.19 18:31:32.672,1.28819,1.28825,1.88,3.00
2013.03.19 18:31:32.733,1.28815,1.28819,1.13,2.44
2013.03.19 18:31:32.853,1.28818,1.28821,1.50,1.17
2013.03.19 18:31:32.914,1.28818,1.28822,3.00,2.48
2013.03.19 18:31:33.034,1.28819,1.28826,4.43,3.00
2013.03.19 18:31:33.105,1.28822,1.28826,2.25,2.25
2013.03.19 18:31:33.663,1.28823,1.28828,3.00,3.56
2013.03.19 18:31:34.214,1.28823,1.28828,3.00,2.06
2013.03.19 18:31:35.054,1.28823,1.28828,2.25,2.06
2013.03.19 18:31:35.116,1.28823,1.28826,1.50,2.25
2013.03.19 18:31:36.272,1.28822,1.28827,3.00,2.06
2013.03.19 18:31:36.732,1.28821,1.28826,2.25,3.60
2013.03.19 18:31:37.271,1.2882,1.28826,3.75,4.35
2013.03.19 18:31:38.071,1.28821,1.28826,1.50,3.75
2013.03.19 18:31:40.562,1.2882,1.28823,1.50,5.80
2013.03.19 18:31:40.624,1.2882,1.28822,1.50,4.22
2013.03.19 18:31:40.874,1.28816,1.28819,1.69,1.50
2013.03.19 18:31:40.944,1.28814,1.28818,3.34,2.89
2013.03.19 18:31:41.132,1.28814,1.28816,2.40,1.80
2013.03.19 18:31:41.373,1.2881,1.28814,2.63,1.50
2013.03.19 18:31:41.912,1.2881,1.28814,2.25,2.25
2013.03.19 18:31:42.343,1.28808,1.28811,1.50,2.25
2013.03.19 18:31:42.465,1.28808,1.2881,3.00,1.50
2013.03.19 18:31:42.533,1.28805,1.28808,2.63,1.31
2013.03.19 18:31:42.715,1.28801,1.28806,4.13,1.31
2013.03.19 18:31:43.473,1.28801,1.28804,1.50,1.50
2013.03.19 18:31:44.014,1.28802,1.28806,2.25,1.50
2013.03.19 18:31:44.144,1.28802,1.28807,2.25,1.50
2013.03.19 18:31:44.501,1.28803,1.28808,1.13,2.06
2013.03.19 18:31:45.142,1.28803,1.28808,1.88,1.20
2013.03.19 18:31:45.202,1.28803,1.28808,1.88,1.20
2013.03.19 18:31:45.743,1.28803,1.28807,1.13,1.20
2013.03.19 18:31:46.826,1.28806,1.2881,1.50,2.25
2013.03.19 18:31:47.135,1.28807,1.28811,16.12,6.83
2013.03.19 18:31:47.386,1.28798,1.28822,3.00,1.50
2013.03.19 18:31:47.576,1.28798,1.28824,1.97,1.88
2013.03.19 18:31:47.708,1.288,1.28824,1.69,1.20
2013.03.19 18:31:47.773,1.28801,1.28825,1.50,1.16
2013.03.19 18:31:48.015,1.28801,1.28827,3.00,2.06
2013.03.19 18:31:48.521,1.28812,1.28818,1.50,2.06
2013.03.19 18:31:48.946,1.28815,1.28817,1.50,1.50
2013.03.19 18:31:49.312,1.28815,1.28819,1.50,2.06
2013.03.19 18:31:49.493,1.28814,1.28821,2.63,1.31
2013.03.19 18:31:49.613,1.28814,1.28822,3.38,2.44
2013.03.19 18:31:50.035,1.28817,1.28821,2.10,1.31
2013.03.19 18:31:50.614,1.28816,1.28824,1.13,1.31
2013.03.19 18:31:50.721,1.28818,1.28824,2.25,2.66
2013.03.19 18:31:51.083,1.28819,1.28825,1.50,1.31
2013.03.19 18:31:51.443,1.28821,1.28824,1.50,1.16
2013.03.19 18:31:51.505,1.28821,1.28826,4.50,1.16
2013.03.19 18:31:52.234,1.28822,1.28826,1.13,1.91
2013.03.19 18:31:52.353,1.28823,1.28827,1.50,1.16
2013.03.19 18:31:52.666,1.28823,1.28828,3.34,1.35
2013.03.19 18:31:52.736,1.28823,1.2883,3.19,2.25
2013.03.19 18:31:52.863,1.28825,1.2883,3.38,1.13
2013.03.19 18:31:53.223,1.28827,1.2883,2.44,1.31
2013.03.19 18:31:53.346,1.28826,1.28833,4.69,2.06
2013.03.19 18:31:53.417,1.28826,1.28834,2.59,1.69
2013.03.19 18:31:53.543,1.28826,1.28835,1.65,1.69
2013.03.19 18:31:54.202,1.28827,1.28835,1.65,1.54
2013.03.19 18:31:54.263,1.28829,1.28834,1.50,1.13
2013.03.19 18:31:54.513,1.28829,1.28835,1.50,2.29
2013.03.19 18:31:54.752,1.2883,1.28836,3.00,3.94
2013.03.19 18:31:55.291,1.28831,1.28837,3.00,3.19
2013.03.19 18:31:55.652,1.28832,1.28837,1.50,3.19
2013.03.19 18:31:57.724,1.28834,1.28838,1.50,1.13
2013.03.19 18:31:58.291,1.28835,1.28839,1.50,1.50
2013.03.19 18:31:58.592,1.28841,1.28843,1.50,1.50
2013.03.19 18:31:58.893,1.28834,1.28839,1.50,1.13
2013.03.19 18:31:59.491,1.28828,1.28835,2.25,2.06
2013.03.19 18:32:00.001,1.28828,1.28835,1.50,3.94
2013.03.19 18:32:01.324,1.28828,1.28835,1.50,3.00
2013.03.19 18:32:01.453,1.28827,1.28833,2.25,1.50
2013.03.19 18:32:01.575,1.28823,1.28828,1.88,1.50
2013.03.19 18:32:01.643,1.28822,1.28828,1.50,1.88
2013.03.19 18:32:01.884,1.28821,1.28827,1.88,1.50
2013.03.19 18:32:02.432,1.2882,1.28826,1.50,2.10
2013.03.19 18:32:03.212,1.28821,1.28826,1.50,1.69
2013.03.19 18:32:04.932,1.28822,1.28827,2.25,1.13
2013.03.19 18:32:05.172,1.28824,1.28828,3.70,1.50
2013.03.19 18:32:05.712,1.28824,1.28827,2.25,1.13
2013.03.19 18:32:06.072,1.28822,1.28826,1.50,2.06
2013.03.19 18:32:07.354,1.2882,1.28824,2.25,2.10
2013.03.19 18:32:07.483,1.28819,1.28823,2.33,2.29
2013.03.19 18:32:07.722,1.2882,1.28825,1.50,3.19
2013.03.19 18:32:08.353,1.2882,1.28825,1.50,3.19
2013.03.19 18:32:09.312,1.28819,1.28825,4.13,3.94
2013.03.19 18:32:10.943,1.28819,1.28823,1.50,1.50
2013.03.19 18:32:11.303,1.28816,1.2882,2.63,2.25
2013.03.19 18:32:11.481,1.28811,1.28816,2.25,1.31
2013.03.19 18:32:12.001,1.28811,1.28816,3.79,1.31
2013.03.19 18:32:12.552,1.28811,1.28816,2.44,1.31
2013.03.19 18:32:12.855,1.28811,1.28815,1.50,2.06
2013.03.19 18:32:13.042,1.28809,1.28814,2.70,1.88
2013.03.19 18:32:13.224,1.28808,1.28813,1.50,2.81
2013.03.19 18:32:13.283,1.28807,1.28812,1.50,1.50
2013.03.19 18:32:13.523,1.28806,1.2881,2.25,1.50
2013.03.19 18:32:13.833,1.28808,1.2881,1.73,1.88
2013.03.19 18:32:14.192,1.28804,1.28808,1.20,2.10
2013.03.19 18:32:14.492,1.28803,1.28806,1.50,2.10
2013.03.19 18:32:14.791,1.28801,1.28805,1.50,1.35
2013.03.19 18:32:15.817,1.28801,1.28805,1.50,1.35
2013.03.19 18:32:16.003,1.28803,1.28808,3.79,2.10
2013.03.19 18:32:16.062,1.28805,1.2881,2.25,1.13
2013.03.19 18:32:16.122,1.28806,1.28812,1.50,4.50
2013.03.19 18:32:16.242,1.28807,1.28812,1.50,3.00
2013.03.19 18:32:17.503,1.2881,1.28812,1.35,1.50
2013.03.19 18:32:17.596,1.28809,1.28815,1.50,5.10
2013.03.19 18:32:18.142,1.2881,1.28815,3.00,2.85
2013.03.19 18:32:18.932,1.28811,1.28816,3.00,1.35
2013.03.19 18:32:19.472,1.28812,1.28817,1.88,2.85
2013.03.19 18:32:20.032,1.28813,1.28818,2.63,2.10
2013.03.19 18:32:20.582,1.28814,1.28819,1.50,3.23
2013.03.19 18:32:21.074,1.28815,1.28819,1.73,3.75
2013.03.19 18:32:21.145,1.28812,1.28824,12.08,1.50
2013.03.19 18:32:21.213,1.28814,1.28824,5.89,1.88
2013.03.19 18:32:21.275,1.28818,1.28822,5.86,1.13
2013.03.19 18:32:21.343,1.28818,1.28824,11.82,1.50
2013.03.19 18:32:21.466,1.28818,1.28825,2.25,1.80
2013.03.19 18:32:21.536,1.2882,1.28825,1.50,2.10
2013.03.19 18:32:22.083,1.2882,1.28826,1.88,1.50
2013.03.19 18:32:22.502,1.28821,1.28827,1.50,1.35
2013.03.19 18:32:23.052,1.28822,1.28828,2.63,1.35
2013.03.19 18:32:23.592,1.28823,1.28829,1.13,1.35
2013.03.19 18:32:23.834,1.28824,1.2883,1.13,1.35
2013.03.19 18:32:25.642,1.28825,1.2883,2.63,2.10
2013.03.19 18:32:26.201,1.28826,1.28831,2.63,1.73
2013.03.19 18:32:26.289,1.28827,1.28832,1.50,2.85
2013.03.19 18:32:26.533,1.28829,1.28832,1.50,1.50
2013.03.19 18:32:26.652,1.28829,1.28834,1.50,4.88
2013.03.19 18:32:26.773,1.28829,1.28835,1.50,1.73
2013.03.19 18:32:27.432,1.2883,1.28835,1.13,1.35
2013.03.19 18:32:28.371,1.2883,1.28836,1.13,1.35
2013.03.19 18:32:28.495,1.28831,1.28836,5.20,1.69
2013.03.19 18:32:28.630,1.28832,1.28837,1.54,3.86
2013.03.19 18:32:28.704,1.28833,1.28837,1.50,1.50
2013.03.19 18:32:28.765,1.28833,1.28838,1.50,6.60
2013.03.19 18:32:29.072,1.28834,1.28839,1.13,1.35
2013.03.19 18:32:29.373,1.28835,1.28839,5.10,1.35
2013.03.19 18:32:29.436,1.28834,1.28841,4.65,4.15
2013.03.19 18:32:29.562,1.28836,1.28841,1.50,1.13
2013.03.19 18:32:30.883,1.28836,1.28842,3.00,2.10
2013.03.19 18:32:31.432,1.28837,1.28843,2.25,2.10
2013.03.19 18:32:33.151,1.28839,1.28842,1.50,1.50
2013.03.19 18:32:33.273,1.2884,1.28843,1.50,1.35
2013.03.19 18:32:33.339,1.28841,1.28844,2.59,1.50
2013.03.19 18:32:33.582,1.28842,1.28846,1.13,1.35
2013.03.19 18:32:33.765,1.28842,1.28847,4.13,1.35
2013.03.19 18:32:33.892,1.28843,1.28848,2.25,2.10
2013.03.19 18:32:34.012,1.28844,1.28849,1.50,3.08
2013.03.19 18:32:34.562,1.2885,1.28854,1.50,3.00
2013.03.19 18:32:35.533,1.28848,1.28852,4.50,1.35
2013.03.19 18:32:35.853,1.28841,1.28845,2.25,2.25
2013.03.19 18:32:36.164,1.28836,1.28839,3.75,1.50
2013.03.19 18:32:36.353,1.2883,1.28835,1.13,1.50
2013.03.19 18:32:36.473,1.2883,1.28835,1.88,1.50
2013.03.19 18:32:36.713,1.2883,1.28835,2.63,2.25
2013.03.19 18:32:36.952,1.2883,1.28835,2.25,1.50
2013.03.19 18:32:37.502,1.2883,1.28835,1.50,1.50
2013.03.19 18:32:38.283,1.2883,1.28835,4.13,1.50
2013.03.19 18:32:38.643,1.28835,1.2884,2.16,1.69
2013.03.19 18:32:38.942,1.28835,1.28839,2.91,2.29
2013.03.19 18:32:39.122,1.28836,1.28841,1.69,2.67
2013.03.19 18:32:39.362,1.28835,1.28839,3.19,2.10
2013.03.19 18:32:39.723,1.28835,1.28841,3.62,1.73
2013.03.19 18:32:40.143,1.28836,1.28841,2.25,2.25
2013.03.19 18:32:40.262,1.28838,1.28844,3.19,2.48
2013.03.19 18:32:40.801,1.28838,1.28844,4.88,1.35
2013.03.19 18:32:41.352,1.28838,1.28844,6.38,1.35
2013.03.19 18:32:42.902,1.28839,1.28844,6.04,1.35
2013.03.19 18:32:43.145,1.2884,1.28845,1.88,2.10
2013.03.19 18:32:43.512,1.2884,1.28848,3.57,3.00
2013.03.19 18:32:43.699,1.28847,1.28854,4.50,2.25
2013.03.19 18:32:43.776,1.28849,1.28856,4.35,3.45
2013.03.19 18:32:44.424,1.28849,1.28855,6.08,1.50
2013.03.19 18:32:44.942,1.28849,1.28855,6.08,1.50
2013.03.19 18:32:45.451,1.28849,1.28855,6.83,1.50
2013.03.19 18:32:45.571,1.28853,1.28858,1.13,1.50
2013.03.19 18:32:45.751,1.28855,1.2886,1.97,3.94
2013.03.19 18:32:45.932,1.28857,1.28862,2.63,1.58
2013.03.19 18:32:46.174,1.28858,1.28865,4.50,2.48
2013.03.19 18:32:46.592,1.28858,1.28863,4.50,2.85
2013.03.19 18:32:46.955,1.28861,1.28864,2.25,1.50
2013.03.19 18:32:47.312,1.2886,1.28864,2.44,1.50
2013.03.19 18:32:47.433,1.28857,1.2886,2.25,1.50
2013.03.19 18:32:47.494,1.28856,1.28859,2.63,2.85
2013.03.19 18:32:47.622,1.28854,1.28857,1.88,1.35
2013.03.19 18:32:47.802,1.2885,1.28854,2.63,2.25
2013.03.19 18:32:47.862,1.2885,1.28855,1.88,2.25
2013.03.19 18:32:48.164,1.2885,1.28855,1.88,2.25
2013.03.19 18:32:48.774,1.28851,1.28855,1.50,1.50
2013.03.19 18:32:48.894,1.28852,1.28856,2.40,3.23
2013.03.19 18:32:49.611,1.28854,1.28859,4.04,2.25
2013.03.19 18:32:49.695,1.28857,1.28861,1.50,1.50
2013.03.19 18:32:49.882,1.28857,1.28861,1.50,1.50
2013.03.19 18:32:50.423,1.28855,1.2886,2.44,1.50
2013.03.19 18:32:50.841,1.28856,1.28863,1.69,3.00
2013.03.19 18:32:51.322,1.28855,1.28861,4.22,3.00
2013.03.19 18:32:51.382,1.28855,1.28861,3.00,3.98
2013.03.19 18:32:51.863,1.28855,1.28862,4.65,2.25
2013.03.19 18:32:52.162,1.28858,1.28863,2.63,1.50
2013.03.19 18:32:52.702,1.28858,1.28864,2.63,3.60
2013.03.19 18:32:53.429,1.28858,1.28864,2.63,3.60
2013.03.19 18:32:54.043,1.28858,1.28863,4.54,1.50
2013.03.19 18:32:54.951,1.28858,1.28862,5.29,1.97
2013.03.19 18:32:55.132,1.28859,1.28863,1.73,1.50
2013.03.19 18:32:56.452,1.28858,1.28863,3.04,1.50
2013.03.19 18:32:57.003,1.28858,1.28863,3.79,1.50
2013.03.19 18:32:57.541,1.28858,1.28863,3.79,3.00
2013.03.19 18:32:58.083,1.28859,1.28863,2.67,1.50
2013.03.19 18:32:58.641,1.28859,1.28864,3.42,2.10
2013.03.19 18:32:59.322,1.28859,1.28864,2.67,2.10
2013.03.19 18:32:59.442,1.28861,1.28866,3.47,5.52
2013.03.19 18:32:59.563,1.28863,1.28868,4.41,2.10
2013.03.19 18:32:59.622,1.28865,1.28869,1.50,3.75
2013.03.19 18:32:59.983,1.28862,1.28867,4.13,1.35
2013.03.19 18:33:00.282,1.28862,1.28867,3.57,2.10
2013.03.19 18:33:00.615,1.28866,1.28872,1.50,2.63
2013.03.19 18:33:01.162,1.28867,1.28872,2.25,1.88
2013.03.19 18:33:02.919,1.28864,1.28867,1.50,3.60
2013.03.19 18:33:04.631,1.28863,1.28866,1.50,1.35
2013.03.19 18:33:04.812,1.28861,1.28864,1.65,2.25
2013.03.19 18:33:05.198,1.28862,1.28866,2.25,1.35
2013.03.19 18:33:07.143,1.28861,1.28866,2.44,3.60
2013.03.19 18:33:07.681,1.28861,1.28867,2.44,2.85
2013.03.19 18:33:08.371,1.28861,1.28866,1.50,2.10
2013.03.19 18:33:08.432,1.28861,1.28866,1.50,2.33
2013.03.19 18:33:09.761,1.2886,1.28866,4.13,2.85
2013.03.19 18:33:10.482,1.2886,1.28866,4.13,2.25
2013.03.19 18:33:14.188,1.2886,1.28866,3.57,1.50
2013.03.19 18:33:17.003,1.28861,1.28866,2.25,2.10
2013.03.19 18:33:17.362,1.2886,1.28865,2.25,1.50
2013.03.19 18:33:17.912,1.28861,1.28865,1.50,1.50
2013.03.19 18:33:18.451,1.28861,1.28865,2.25,1.50
2013.03.19 18:33:19.333,1.28861,1.28865,2.25,1.50
2013.03.19 18:33:19.872,1.28861,1.28866,1.69,2.10
2013.03.19 18:33:20.292,1.2886,1.28865,3.57,1.50
2013.03.19 18:33:20.712,1.28861,1.28867,2.44,2.85
2013.03.19 18:33:21.502,1.28861,1.28865,1.69,2.25
2013.03.19 18:33:22.051,1.28859,1.28864,1.50,1.50
2013.03.19 18:33:23.272,1.28858,1.28861,3.00,1.73
2013.03.19 18:33:23.392,1.28857,1.28859,1.50,1.35
2013.03.19 18:33:23.452,1.28857,1.28858,1.50,1.35
2013.03.19 18:33:23.512,1.28854,1.28857,2.63,1.35
2013.03.19 18:33:23.932,1.28851,1.28856,1.69,2.10
2013.03.19 18:33:24.461,1.28851,1.28856,2.25,2.10
2013.03.19 18:33:24.882,1.28851,1.28854,3.00,3.00
2013.03.19 18:33:25.183,1.28844,1.2885,7.45,6.00
2013.03.19 18:33:25.952,1.2884,1.28846,1.50,8.33
2013.03.19 18:33:26.055,1.28839,1.28842,1.50,3.00
2013.03.19 18:33:26.421,1.28839,1.28844,2.25,1.50
2013.03.19 18:33:26.965,1.2884,1.28844,2.25,1.50
2013.03.19 18:33:27.773,1.28841,1.28846,2.63,2.85
2013.03.19 18:33:28.330,1.28842,1.28847,2.25,1.35
2013.03.19 18:33:29.621,1.28842,1.28847,3.00,1.35
2013.03.19 18:33:30.184,1.28844,1.28847,1.50,1.35
2013.03.19 18:33:30.931,1.28842,1.28847,4.88,1.35
2013.03.19 18:33:31.173,1.28844,1.28849,1.73,2.85
2013.03.19 18:33:31.532,1.28847,1.28851,2.25,3.00
2013.03.19 18:33:31.653,1.28844,1.28848,6.23,1.35
2013.03.19 18:33:32.191,1.28843,1.28847,1.50,1.35
2013.03.19 18:33:32.802,1.28843,1.28847,1.50,2.10
2013.03.19 18:33:33.972,1.28843,1.28847,2.25,2.10
2013.03.19 18:33:34.392,1.28845,1.28849,1.50,1.35
2013.03.19 18:33:34.453,1.28847,1.28851,1.50,1.50
2013.03.19 18:33:34.513,1.28848,1.28854,2.25,2.10
2013.03.19 18:33:35.063,1.28848,1.28854,3.75,2.10
2013.03.19 18:33:35.371,1.28848,1.28852,2.25,1.35
2013.03.19 18:33:36.161,1.28847,1.28851,1.50,2.10
2013.03.19 18:33:36.711,1.28846,1.28851,2.40,1.35
2013.03.19 18:33:37.015,1.28845,1.28849,2.40,1.50
2013.03.19 18:33:37.084,1.28844,1.28848,3.98,1.50
2013.03.19 18:33:37.261,1.28844,1.28847,1.13,1.35
2013.03.19 18:33:37.801,1.28844,1.28847,1.13,1.35
2013.03.19 18:33:41.741,1.28844,1.28846,1.13,1.35
2013.03.19 18:33:42.532,1.28842,1.28845,1.50,1.35
2013.03.19 18:33:44.733,1.28839,1.28842,1.58,1.50
2013.03.19 18:33:45.272,1.2884,1.28844,1.50,2.63
2013.03.19 18:33:45.812,1.2884,1.28844,1.50,1.50
2013.03.19 18:33:46.362,1.2884,1.28845,2.25,1.35
2013.03.19 18:33:49.093,1.2884,1.28844,3.60,1.50
2013.03.19 18:33:49.218,1.28842,1.28845,1.73,1.35
2013.03.19 18:33:49.524,1.28847,1.28852,3.75,1.73
2013.03.19 18:33:49.583,1.28848,1.28854,2.25,1.50
2013.03.19 18:33:50.650,1.28849,1.28854,2.25,3.00
2013.03.19 18:33:51.204,1.28849,1.28853,4.69,2.25
2013.03.19 18:33:51.442,1.28849,1.28853,1.50,2.25
2013.03.19 18:33:51.983,1.28849,1.28854,2.25,1.50
2013.03.19 18:33:52.522,1.28849,1.28854,1.50,2.10
2013.03.19 18:33:53.302,1.28848,1.28852,1.50,1.35
2013.03.19 18:33:53.841,1.28848,1.28853,3.00,2.25
2013.03.19 18:33:54.202,1.28846,1.28851,1.50,3.08
2013.03.19 18:33:54.632,1.28848,1.28851,2.25,1.73
2013.03.19 18:33:54.693,1.28848,1.28852,3.00,1.35
2013.03.19 18:33:54.871,1.2885,1.28855,1.50,2.85
2013.03.19 18:33:55.732,1.28849,1.28852,1.50,3.00
2013.03.19 18:33:55.913,1.28844,1.28849,2.33,1.35
2013.03.19 18:33:55.972,1.28844,1.28847,1.58,1.35
2013.03.19 18:33:56.096,1.28841,1.28846,1.88,1.50
2013.03.19 18:33:56.343,1.28839,1.28845,4.58,1.35
2013.03.19 18:33:56.942,1.28839,1.28845,4.95,2.10
2013.03.19 18:33:57.002,1.28839,1.28845,2.70,3.60
2013.03.19 18:33:57.363,1.28842,1.28846,1.50,1.50
2013.03.19 18:33:57.725,1.28844,1.28847,3.47,2.25
2013.03.19 18:33:57.913,1.28845,1.28848,2.72,1.69
2013.03.19 18:33:57.973,1.28844,1.28848,3.47,3.19
2013.03.19 18:33:58.092,1.28844,1.28848,1.73,2.44
2013.03.19 18:33:58.632,1.2884,1.28846,2.25,4.25
2013.03.19 18:33:59.507,1.2884,1.28845,1.88,2.10
2013.03.19 18:33:59.963,1.28841,1.28845,1.50,2.10
2013.03.19 18:34:00.503,1.28841,1.28843,1.13,1.50
2013.03.19 18:34:00.861,1.28842,1.28846,1.88,1.35
2013.03.19 18:34:01.947,1.28843,1.28848,2.10,2.29
2013.03.19 18:34:02.252,1.28842,1.2885,11.67,2.25
2013.03.19 18:34:02.553,1.28846,1.28848,1.50,1.50
2013.03.19 18:34:02.613,1.28844,1.28851,1.50,10.43
2013.03.19 18:34:02.913,1.28845,1.28852,3.00,4.95
2013.03.19 18:34:03.035,1.28846,1.28853,2.25,5.70
2013.03.19 18:34:03.873,1.28846,1.28854,1.50,3.83
2013.03.19 18:34:03.934,1.28847,1.28855,1.50,3.00
2013.03.19 18:34:03.996,1.28849,1.28855,1.88,2.25
2013.03.19 18:34:04.063,1.28854,1.28861,1.73,5.63
2013.03.19 18:34:04.301,1.28851,1.28861,3.00,6.57
2013.03.19 18:34:05.021,1.28851,1.28858,1.50,1.50
2013.03.19 18:34:05.931,1.2885,1.28857,2.25,2.25
2013.03.19 18:34:06.772,1.2885,1.28855,1.50,1.50
2013.03.19 18:34:07.601,1.28848,1.28854,3.75,1.35
2013.03.19 18:34:07.962,1.28848,1.28851,3.00,1.50
2013.03.19 18:34:08.263,1.28846,1.2885,3.00,1.50
2013.03.19 18:34:08.801,1.28848,1.28853,1.50,1.35
2013.03.19 18:34:09.175,1.28849,1.28854,2.25,2.85
2013.03.19 18:34:09.422,1.28849,1.28854,1.50,2.10
2013.03.19 18:34:09.843,1.28851,1.28856,1.50,4.58
2013.03.19 18:34:10.441,1.2885,1.28856,3.75,3.83
2013.03.19 18:34:11.072,1.2885,1.28855,1.50,1.35
2013.03.19 18:34:11.652,1.28851,1.28856,3.75,2.25
2013.03.19 18:34:11.712,1.28851,1.28857,4.50,2.85
2013.03.19 18:34:12.261,1.28852,1.28857,2.25,2.10
2013.03.19 18:34:13.352,1.28852,1.28857,4.50,1.35
2013.03.19 18:34:14.592,1.28852,1.28857,3.00,2.10
2013.03.19 18:34:14.771,1.28851,1.28856,1.50,3.08
2013.03.19 18:34:15.191,1.2885,1.28855,1.50,1.50
2013.03.19 18:34:20.111,1.2885,1.28856,2.25,3.08
2013.03.19 18:34:20.351,1.28851,1.28856,1.50,2.33
2013.03.19 18:34:21.041,1.2885,1.28856,3.75,2.10
2013.03.19 18:34:21.942,1.2885,1.28855,2.25,2.25
2013.03.19 18:34:22.242,1.28849,1.28853,1.13,2.85
2013.03.19 18:34:23.142,1.28847,1.28851,1.50,1.58
2013.03.19 18:34:23.321,1.28847,1.2885,1.50,3.04
2013.03.19 18:34:23.742,1.28848,1.2885,1.13,1.50
2013.03.19 18:34:23.922,1.28849,1.28853,1.13,2.85
2013.03.19 18:34:24.401,1.28849,1.28852,1.13,1.35
2013.03.19 18:34:24.962,1.28849,1.28853,1.13,2.10
2013.03.19 18:34:25.441,1.28849,1.28853,1.13,1.35
2013.03.19 18:34:25.862,1.28848,1.28852,1.13,1.82
2013.03.19 18:34:25.923,1.28849,1.28853,1.88,1.35
2013.03.19 18:34:26.101,1.28849,1.28852,1.13,1.35
2013.03.19 18:34:26.814,1.28846,1.2885,1.50,1.35
2013.03.19 18:34:26.891,1.28842,1.28848,1.50,2.85
2013.03.19 18:34:27.192,1.2884,1.28846,1.50,2.10
2013.03.19 18:34:27.732,1.28839,1.28844,1.50,3.75
2013.03.19 18:34:28.293,1.28839,1.28845,1.50,2.85
2013.03.19 18:34:30.020,1.28839,1.28844,2.25,2.25
2013.03.19 18:34:30.562,1.28838,1.28843,2.25,1.73
2013.03.19 18:34:31.093,1.28837,1.28842,1.50,1.35
2013.03.19 18:34:31.213,1.28836,1.28841,2.25,2.10
2013.03.19 18:34:31.575,1.28838,1.28841,1.50,3.75
2013.03.19 18:34:31.882,1.28837,1.2884,1.50,1.88
2013.03.19 18:34:31.942,1.28835,1.28838,4.88,1.35
2013.03.19 18:34:32.122,1.28832,1.28838,1.88,2.10
2013.03.19 18:34:32.541,1.28833,1.28838,2.25,2.10
2013.03.19 18:34:32.783,1.28838,1.28841,1.50,3.42
2013.03.19 18:34:32.902,1.28838,1.28844,1.50,4.35
2013.03.19 18:34:32.960,1.28837,1.28844,2.25,4.35
2013.03.19 18:34:33.500,1.28837,1.28842,1.50,1.35
2013.03.19 18:34:34.781,1.28839,1.28844,1.50,2.10
2013.03.19 18:34:35.024,1.28839,1.28841,1.50,1.73
2013.03.19 18:34:35.381,1.28835,1.28839,1.28,1.35
2013.03.19 18:34:37.923,1.28837,1.2884,1.50,2.07
2013.03.19 18:34:37.981,1.28838,1.28843,2.25,3.04
2013.03.19 18:34:38.341,1.2884,1.28844,1.88,1.35
2013.03.19 18:34:38.462,1.28841,1.28845,3.00,2.25
2013.03.19 18:34:39.531,1.28842,1.28845,1.50,2.25
2013.03.19 18:34:39.836,1.28836,1.2884,3.00,2.25
2013.03.19 18:34:39.903,1.28835,1.28837,1.97,2.25
2013.03.19 18:34:40.022,1.28833,1.28837,1.50,2.85
2013.03.19 18:34:40.385,1.28835,1.28837,4.00,2.25
2013.03.19 18:34:40.453,1.28839,1.28842,1.50,1.32
2013.03.19 18:34:40.514,1.2884,1.28843,1.50,2.63
2013.03.19 18:34:40.652,1.28841,1.28846,1.50,2.10
2013.03.19 18:34:40.711,1.28841,1.28848,1.50,5.85
2013.03.19 18:34:41.252,1.28841,1.28847,1.50,1.35
2013.03.19 18:34:41.768,1.28841,1.28846,1.50,1.35
2013.03.19 18:34:43.211,1.28841,1.28846,1.50,2.10
2013.03.19 18:34:45.193,1.28841,1.28845,1.50,3.00
2013.03.19 18:34:45.563,1.28839,1.28843,1.13,1.32
2013.03.19 18:34:45.875,1.28829,1.28851,3.45,6.38
2013.03.19 18:34:46.003,1.28836,1.28843,2.70,8.10
2013.03.19 18:34:46.075,1.28837,1.28841,2.70,2.10
2013.03.19 18:34:46.204,1.28836,1.28841,1.13,2.82
2013.03.19 18:34:46.273,1.28835,1.28839,2.10,1.05
2013.03.19 18:34:46.512,1.28832,1.28841,14.87,3.75
2013.03.19 18:34:46.575,1.28834,1.28838,5.82,4.13
2013.03.19 18:34:46.646,1.28833,1.28838,1.50,2.25
2013.03.19 18:34:47.012,1.28834,1.28836,1.50,2.25
2013.03.19 18:34:47.131,1.28832,1.28835,1.50,1.35
2013.03.19 18:34:47.673,1.28831,1.28835,1.88,1.50
2013.03.19 18:34:49.114,1.28829,1.28836,1.50,2.82
2013.03.19 18:34:49.491,1.28829,1.28835,2.25,2.48
2013.03.19 18:34:50.577,1.28828,1.28834,3.00,2.70
2013.03.19 18:34:50.891,1.28828,1.28832,1.50,1.50
2013.03.19 18:34:51.135,1.28827,1.28831,1.73,4.44
2013.03.19 18:34:51.262,1.28825,1.28831,1.50,3.23
2013.03.19 18:34:51.381,1.28825,1.2883,2.25,4.17
2013.03.19 18:34:51.920,1.28824,1.28829,2.25,2.67
2013.03.19 18:34:52.404,1.28823,1.28828,2.25,1.50
2013.03.19 18:34:52.592,1.28822,1.28827,3.00,4.99
2013.03.19 18:34:53.131,1.28821,1.28826,2.25,2.10
2013.03.19 18:34:53.913,1.2882,1.28825,2.25,2.10
2013.03.19 18:34:55.323,1.28819,1.28824,1.50,1.50
2013.03.19 18:34:55.442,1.28819,1.28822,1.50,1.50
2013.03.19 18:34:55.861,1.28817,1.28822,4.50,3.83
2013.03.19 18:34:56.166,1.28821,1.2883,11.48,2.63
2013.03.19 18:34:56.354,1.28824,1.28829,1.50,1.80
2013.03.19 18:34:56.483,1.28825,1.2883,4.88,3.42
2013.03.19 18:34:56.604,1.28825,1.28832,5.25,1.91
2013.03.19 18:34:56.852,1.28826,1.28832,6.00,2.48
2013.03.19 18:34:57.403,1.28827,1.28833,6.75,1.91
2013.03.19 18:34:57.922,1.28828,1.28834,5.25,1.91
2013.03.19 18:34:58.461,1.28829,1.28835,1.50,2.66
2013.03.19 18:35:00.271,1.2883,1.28835,1.50,1.13
2013.03.19 18:35:00.814,1.28834,1.28839,3.00,2.10
2013.03.19 18:35:00.873,1.2883,1.28837,3.75,1.50
2013.03.19 18:35:01.232,1.2883,1.28835,1.50,1.50
2013.03.19 18:35:01.533,1.28826,1.28832,2.63,4.54
2013.03.19 18:35:01.833,1.28825,1.2883,1.50,1.50
2013.03.19 18:35:02.551,1.28824,1.28831,4.35,4.92
2013.03.19 18:35:02.791,1.28824,1.28829,2.10,2.25
2013.03.19 18:35:03.094,1.2882,1.28823,1.50,1.69
2013.03.19 18:35:03.161,1.28818,1.28823,2.85,1.69
2013.03.19 18:35:03.342,1.28818,1.28822,1.35,1.35
2013.03.19 18:35:03.643,1.28813,1.28816,1.50,1.50
2013.03.19 18:35:03.762,1.2881,1.28814,1.13,1.50
2013.03.19 18:35:04.241,1.28808,1.28814,1.50,2.44
2013.03.19 18:35:04.301,1.28804,1.28811,3.85,1.50
2013.03.19 18:35:04.362,1.28804,1.2881,2.35,1.50
2013.03.19 18:35:04.785,1.28804,1.2881,1.58,1.50
2013.03.19 18:35:04.852,1.28801,1.28808,1.50,1.69
2013.03.19 18:35:05.092,1.288,1.28806,1.13,2.48
2013.03.19 18:35:05.631,1.28798,1.28806,1.50,1.92
2013.03.19 18:35:05.993,1.28802,1.28805,2.25,1.50
2013.03.19 18:35:06.302,1.28807,1.28812,2.25,4.13
2013.03.19 18:35:06.362,1.28809,1.28812,2.25,4.13
2013.03.19 18:35:07.211,1.2881,1.28815,1.50,1.35
2013.03.19 18:35:08.333,1.2881,1.28815,1.50,2.10
2013.03.19 18:35:08.691,1.28805,1.2881,4.88,1.65
2013.03.19 18:35:08.871,1.28802,1.28809,2.25,3.38
2013.03.19 18:35:10.674,1.28804,1.28808,6.85,3.04
2013.03.19 18:35:10.863,1.28809,1.28813,3.04,4.13
2013.03.19 18:35:11.401,1.2881,1.28815,4.13,1.50
2013.03.19 18:35:11.701,1.28812,1.28817,1.50,1.50
2013.03.19 18:35:11.942,1.28817,1.2882,1.50,2.07
2013.03.19 18:35:12.749,1.28819,1.28823,3.75,3.00
2013.03.19 18:35:13.290,1.2882,1.28825,1.50,1.73
2013.03.19 18:35:13.831,1.2882,1.28825,1.50,1.73
2013.03.19 18:35:14.751,1.2882,1.28825,1.50,1.35
2013.03.19 18:35:15.291,1.28821,1.28826,1.50,2.10
2013.03.19 18:35:15.651,1.28823,1.28828,1.50,2.29
2013.03.19 18:35:16.011,1.28823,1.28828,3.00,2.29
2013.03.19 18:35:16.550,1.28824,1.28828,3.98,1.50
2013.03.19 18:35:17.091,1.28824,1.28828,3.00,2.10
2013.03.19 18:35:17.452,1.28828,1.28831,1.50,1.58
2013.03.19 18:35:17.813,1.28831,1.28838,18.46,1.84
2013.03.19 18:35:18.002,1.28837,1.28841,4.50,1.50
2013.03.19 18:35:18.181,1.28839,1.28845,5.48,1.91
2013.03.19 18:35:18.301,1.2884,1.28845,1.50,1.91
2013.03.19 18:35:19.212,1.28842,1.28846,3.75,1.17
2013.03.19 18:35:19.273,1.28844,1.28847,1.54,1.58
2013.03.19 18:35:19.333,1.28846,1.28848,1.50,3.00
2013.03.19 18:35:19.454,1.28847,1.28849,1.50,1.69
2013.03.19 18:35:19.582,1.28848,1.28851,2.25,1.20
2013.03.19 18:35:19.641,1.28849,1.28852,1.50,2.48
2013.03.19 18:35:19.824,1.28852,1.28857,1.50,2.10
2013.03.19 18:35:20.181,1.28852,1.28857,1.50,1.35
2013.03.19 18:35:23.200,1.28853,1.28858,1.50,2.10
2013.03.19 18:35:24.371,1.28851,1.28857,3.00,2.10
2013.03.19 18:35:24.912,1.28849,1.28853,2.48,5.28
2013.03.19 18:35:25.213,1.28844,1.28848,1.13,1.35
2013.03.19 18:35:26.750,1.28844,1.28848,2.48,1.35
2013.03.19 18:35:26.991,1.28843,1.28848,1.50,1.35
2013.03.19 18:35:27.600,1.28842,1.28847,1.50,1.35
2013.03.19 18:35:27.843,1.28839,1.28843,4.73,3.10
2013.03.19 18:35:27.971,1.28838,1.28841,1.50,3.00
2013.03.19 18:35:28.031,1.28836,1.2884,3.00,1.50
2013.03.19 18:35:28.211,1.28833,1.28838,1.88,1.35
2013.03.19 18:35:28.750,1.28834,1.28838,2.25,1.35
2013.03.19 18:35:29.273,1.28834,1.28838,1.50,1.35
2013.03.19 18:35:29.451,1.28837,1.28841,1.50,5.33
2013.03.19 18:35:29.571,1.28838,1.28842,1.50,1.50
2013.03.19 18:35:29.751,1.28838,1.28843,2.25,2.25
2013.03.19 18:35:30.952,1.28836,1.2884,3.38,1.35
2013.03.19 18:35:31.264,1.28832,1.28837,2.63,1.35
2013.03.19 18:35:31.810,1.28831,1.28837,3.00,2.10
2013.03.19 18:35:32.712,1.28831,1.28836,2.25,1.35
2013.03.19 18:35:33.320,1.28831,1.28836,2.25,1.35
2013.03.19 18:35:38.582,1.2883,1.28836,3.75,1.73
2013.03.19 18:35:38.701,1.28832,1.28838,1.50,2.10
2013.03.19 18:35:39.334,1.28832,1.28838,2.25,1.35
2013.03.19 18:35:39.910,1.28832,1.28838,2.25,2.10
2013.03.19 18:35:40.830,1.28832,1.28838,3.00,1.50
2013.03.19 18:35:41.377,1.28835,1.28838,1.50,1.35
2013.03.19 18:35:41.575,1.28839,1.28843,1.50,1.50
2013.03.19 18:35:41.643,1.2884,1.28845,2.25,2.63
2013.03.19 18:35:42.666,1.28841,1.28847,3.00,1.35
2013.03.19 18:35:42.732,1.28842,1.28848,1.50,1.35
2013.03.19 18:35:44.251,1.28843,1.28847,1.50,1.35
2013.03.19 18:35:44.551,1.28843,1.28848,1.50,1.35
2013.03.19 18:35:45.091,1.28843,1.28848,1.50,1.35
2013.03.19 18:35:45.412,1.28843,1.28846,1.50,1.35
2013.03.19 18:35:45.953,1.28845,1.28849,3.10,2.44
2013.03.19 18:35:46.312,1.2885,1.28856,3.75,4.73
2013.03.19 18:35:46.851,1.28852,1.28855,1.50,2.07
2013.03.19 18:35:48.271,1.28853,1.28858,1.50,1.13
2013.03.19 18:35:48.332,1.2885,1.28855,3.75,1.32
2013.03.19 18:35:48.453,1.28851,1.28857,2.25,1.50
2013.03.19 18:35:48.512,1.28853,1.28858,1.50,1.50
2013.03.19 18:35:48.571,1.28853,1.28859,2.25,3.00
2013.03.19 18:35:49.201,1.28855,1.28858,1.50,1.50
2013.03.19 18:35:49.395,1.28856,1.2886,1.50,2.25
2013.03.19 18:35:49.702,1.28856,1.28858,2.25,1.50
2013.03.19 18:35:51.591,1.28855,1.28858,1.50,4.50
2013.03.19 18:35:52.921,1.28856,1.28861,3.00,6.04
2013.03.19 18:35:53.562,1.28857,1.2886,1.50,2.82
2013.03.19 18:35:53.802,1.28852,1.28857,3.38,1.35
2013.03.19 18:36:00.522,1.28852,1.28858,2.25,2.10
2013.03.19 18:36:00.822,1.28854,1.28858,2.95,1.50
2013.03.19 18:36:00.883,1.28855,1.28859,1.50,1.35
2013.03.19 18:36:00.949,1.28857,1.28861,1.50,3.79
2013.03.19 18:36:01.013,1.28858,1.28863,1.50,2.07
2013.03.19 18:36:01.552,1.28859,1.28865,3.75,3.41
2013.03.19 18:36:01.611,1.28859,1.28864,4.73,1.35
2013.03.19 18:36:02.151,1.2886,1.28865,1.50,3.41
2013.03.19 18:36:02.677,1.28859,1.28865,5.25,3.41
2013.03.19 18:36:03.180,1.28859,1.28864,3.75,1.35
2013.03.19 18:36:03.730,1.28859,1.28865,4.50,3.41
2013.03.19 18:36:04.281,1.28859,1.28864,4.50,2.10
2013.03.19 18:36:04.521,1.28861,1.28865,1.50,1.35
2013.03.19 18:36:04.581,1.28861,1.28866,3.00,1.35
2013.03.19 18:36:04.822,1.2886,1.28865,2.25,3.60
2013.03.19 18:36:05.461,1.2886,1.28865,2.25,3.00
2013.03.19 18:36:06.922,1.2886,1.28864,1.50,1.17
2013.03.19 18:36:06.983,1.2886,1.28862,1.50,1.73
2013.03.19 18:36:07.161,1.28857,1.28862,1.50,2.67
2013.03.19 18:36:07.522,1.28856,1.2886,2.25,1.35
2013.03.19 18:36:07.881,1.28853,1.28858,3.00,3.60
2013.03.19 18:36:08.181,1.28854,1.28858,4.50,1.50
2013.03.19 18:36:08.302,1.28856,1.28861,2.25,1.77
2013.03.19 18:36:09.055,1.28856,1.28862,3.00,5.51
2013.03.19 18:36:09.442,1.28858,1.28862,1.50,3.26
2013.03.19 18:36:09.980,1.28859,1.28865,3.75,4.39
2013.03.19 18:36:10.362,1.28859,1.28861,2.25,2.25
2013.03.19 18:36:10.671,1.28848,1.28862,1.65,22.33
2013.03.19 18:36:11.034,1.2885,1.28854,2.25,2.25
2013.03.19 18:36:11.093,1.28852,1.28854,1.13,1.50
2013.03.19 18:36:11.212,1.28852,1.28856,1.13,1.35
2013.03.19 18:36:11.271,1.28852,1.28857,1.88,2.10
2013.03.19 18:36:11.882,1.28853,1.28857,3.00,1.35
2013.03.19 18:36:12.062,1.28855,1.2886,2.72,2.66
2013.03.19 18:36:12.181,1.28858,1.28861,2.25,1.35
2013.03.19 18:36:12.961,1.28856,1.2886,3.00,3.00
2013.03.19 18:36:13.081,1.28855,1.28859,1.13,1.54
2013.03.19 18:36:13.642,1.28854,1.28859,2.25,3.04
2013.03.19 18:36:14.201,1.28854,1.28858,1.50,1.54
2013.03.19 18:36:16.621,1.28852,1.28857,2.25,3.04
2013.03.19 18:36:16.682,1.28853,1.28857,1.50,3.04
2013.03.19 18:36:16.984,1.28852,1.28859,4.13,2.33
2013.03.19 18:36:17.291,1.28853,1.28859,1.50,2.85
2013.03.19 18:36:17.351,1.2886,1.28866,3.75,1.35
2013.03.19 18:36:17.853,1.2886,1.28866,3.00,1.35
2013.03.19 18:36:20.701,1.2886,1.28864,2.25,1.50
2013.03.19 18:36:21.273,1.2886,1.28864,1.50,2.25
2013.03.19 18:36:21.811,1.2886,1.28864,1.50,2.63
2013.03.19 18:36:22.981,1.2886,1.28861,1.50,1.50
2013.03.19 18:36:23.306,1.28858,1.28861,2.25,1.50
2013.03.19 18:36:23.614,1.28857,1.28861,1.50,1.50
2013.03.19 18:36:23.683,1.28857,1.2886,1.50,1.50
2013.03.19 18:36:23.862,1.28855,1.2886,1.50,1.35
2013.03.19 18:36:24.387,1.28855,1.28858,1.50,1.35
2013.03.19 18:36:25.651,1.28854,1.28858,1.50,2.67
2013.03.19 18:36:25.771,1.28849,1.28851,1.50,2.25
2013.03.19 18:36:26.323,1.28846,1.28851,3.75,1.73
2013.03.19 18:36:26.382,1.28846,1.2885,3.00,1.35
2013.03.19 18:36:26.501,1.28845,1.28848,2.25,2.10
2013.03.19 18:36:27.041,1.28845,1.28848,1.50,1.69
2013.03.19 18:36:27.403,1.28842,1.28847,2.63,7.51
2013.03.19 18:36:27.593,1.28835,1.28841,2.63,4.35
2013.03.19 18:36:28.152,1.28836,1.2884,2.40,1.69
2013.03.19 18:36:28.392,1.28837,1.28841,2.40,2.48
2013.03.19 18:36:28.511,1.28837,1.28841,2.40,2.67
2013.03.19 18:36:28.692,1.28838,1.28841,2.25,1.92
2013.03.19 18:36:29.004,1.28843,1.28847,3.75,1.50
2013.03.19 18:36:29.193,1.28845,1.2885,2.63,3.79
2013.03.19 18:36:29.793,1.28846,1.2885,2.25,1.35
2013.03.19 18:36:29.973,1.2885,1.28855,1.50,2.85
2013.03.19 18:36:30.271,1.28851,1.28855,1.50,2.25
2013.03.19 18:36:30.810,1.2885,1.28855,3.75,2.25
2013.03.19 18:36:32.777,1.2885,1.28855,3.00,1.50
2013.03.19 18:36:33.321,1.2885,1.28854,1.50,1.35
2013.03.19 18:36:33.682,1.2885,1.28854,2.25,1.50
2013.03.19 18:36:34.221,1.2885,1.28854,2.25,1.50
2013.03.19 18:36:37.451,1.28851,1.28856,1.50,2.33
2013.03.19 18:36:37.874,1.28847,1.2885,1.88,2.25
2013.03.19 18:36:38.122,1.28847,1.28851,2.25,1.50
2013.03.19 18:36:38.302,1.28849,1.28852,2.25,1.69
2013.03.19 18:36:43.162,1.28847,1.2885,1.50,1.35
2013.03.19 18:36:43.734,1.28845,1.2885,3.15,2.10
2013.03.19 18:36:43.805,1.28842,1.28846,1.65,2.10
2013.03.19 18:36:43.872,1.28841,1.28846,3.00,2.10
2013.03.19 18:36:44.425,1.28841,1.28846,2.25,1.73
2013.03.19 18:36:44.971,1.28841,1.28846,1.50,2.10
2013.03.19 18:36:45.091,1.28841,1.28846,2.25,3.08
2013.03.19 18:36:45.331,1.28841,1.28846,1.50,2.10
2013.03.19 18:36:45.391,1.28842,1.28846,1.50,1.73
2013.03.19 18:36:45.992,1.28841,1.28846,2.25,1.50
2013.03.19 18:36:46.365,1.28845,1.28847,1.28,2.25
2013.03.19 18:36:46.672,1.28847,1.2885,1.50,1.50
2013.03.19 18:36:46.852,1.28845,1.2885,2.50,3.60
2013.03.19 18:36:46.912,1.28847,1.2885,1.50,3.00
2013.03.19 18:36:47.271,1.28848,1.28851,1.50,3.45
2013.03.19 18:36:47.791,1.28849,1.28851,1.50,1.50
2013.03.19 18:36:49.573,1.28849,1.28851,1.50,1.50
2013.03.19 18:36:49.874,1.28844,1.28849,4.67,11.86
2013.03.19 18:36:50.062,1.28842,1.28849,2.27,9.29
2013.03.19 18:36:50.122,1.28843,1.28846,1.05,2.25
2013.03.19 18:36:50.184,1.28841,1.28845,1.50,1.35
2013.03.19 18:36:50.372,1.2884,1.28845,1.50,1.35
2013.03.19 18:36:50.554,1.28841,1.28842,1.97,1.50
2013.03.19 18:36:50.742,1.28836,1.28839,1.50,1.35
2013.03.19 18:36:51.162,1.28835,1.28837,1.50,1.50
2013.03.19 18:36:51.222,1.28833,1.28837,1.50,2.10
2013.03.19 18:36:51.342,1.28832,1.28837,1.50,2.10
2013.03.19 18:36:51.583,1.28829,1.28834,1.50,1.50
2013.03.19 18:36:51.762,1.28829,1.28833,1.50,1.50
2013.03.19 18:36:52.311,1.28829,1.28833,1.50,1.50
2013.03.19 18:36:55.712,1.28828,1.28831,1.50,2.48
2013.03.19 18:36:55.832,1.28826,1.2883,2.25,2.10
2013.03.19 18:36:55.892,1.28824,1.28828,3.29,1.50
2013.03.19 18:36:56.081,1.28818,1.28823,2.63,2.85
2013.03.19 18:36:56.142,1.28818,1.28823,1.13,3.60
2013.03.19 18:36:56.692,1.28818,1.28823,1.88,2.85
2013.03.19 18:36:57.231,1.28818,1.28823,1.13,2.85
2013.03.19 18:36:57.771,1.28819,1.28823,1.50,1.50
2013.03.19 18:37:00.841,1.28819,1.28823,1.50,1.50
2013.03.19 18:37:09.342,1.28821,1.28827,3.77,2.07
2013.03.19 18:37:09.466,1.28824,1.28829,6.77,3.04
2013.03.19 18:37:09.535,1.28826,1.28829,3.00,2.44
2013.03.19 18:37:09.605,1.28827,1.28832,2.63,1.50
2013.03.19 18:37:09.675,1.28829,1.28844,26.97,1.58
2013.03.19 18:37:09.804,1.28839,1.28846,4.73,4.13
2013.03.19 18:37:10.043,1.2884,1.28845,1.50,1.35
2013.03.19 18:37:10.222,1.2884,1.28845,3.00,1.35
2013.03.19 18:37:10.402,1.2884,1.28845,5.63,1.35
2013.03.19 18:37:10.522,1.2884,1.28845,6.75,1.35
2013.03.19 18:37:11.061,1.2884,1.28845,2.63,1.35
2013.03.19 18:37:12.451,1.28841,1.28846,1.50,2.85
2013.03.19 18:37:13.460,1.2884,1.28846,4.13,2.85
2013.03.19 18:37:13.773,1.2884,1.28842,1.88,5.35
2013.03.19 18:37:14.083,1.28831,1.28838,3.38,5.29
2013.03.19 18:37:14.442,1.28831,1.28835,1.50,1.35
2013.03.19 18:37:14.591,1.2883,1.28835,3.00,1.35
2013.03.19 18:37:15.483,1.28831,1.28835,1.13,1.35
2013.03.19 18:37:17.012,1.28832,1.28836,1.50,2.10
2013.03.19 18:37:17.372,1.28833,1.28836,1.13,1.35
2013.03.19 18:37:17.553,1.28837,1.2884,6.99,2.25
2013.03.19 18:37:17.612,1.28839,1.28843,1.73,2.10
2013.03.19 18:37:17.672,1.28839,1.28845,3.23,2.10
2013.03.19 18:37:18.478,1.28841,1.28846,1.50,3.41
2013.03.19 18:37:18.983,1.2884,1.28845,2.25,1.35
2013.03.19 18:37:19.871,1.28838,1.28843,1.50,1.35
2013.03.19 18:37:20.824,1.28839,1.28841,1.50,1.50
2013.03.19 18:37:21.167,1.28833,1.28836,1.50,1.35
2013.03.19 18:37:21.712,1.28832,1.28836,2.25,1.35
2013.03.19 18:37:23.425,1.2883,1.28835,2.63,1.35
2013.03.19 18:37:24.881,1.2883,1.28835,1.88,2.10
2013.03.19 18:37:26.083,1.28829,1.28833,2.85,1.35
2013.03.19 18:37:26.203,1.28826,1.28831,3.75,1.35
2013.03.19 18:37:26.262,1.28826,1.2883,1.13,1.35
2013.03.19 18:37:26.381,1.28825,1.2883,3.00,1.54
2013.03.19 18:37:26.944,1.28825,1.28827,1.50,1.50
2013.03.19 18:37:27.251,1.28823,1.28826,1.50,2.85
2013.03.19 18:37:27.492,1.28821,1.28825,2.25,1.35
2013.03.19 18:37:27.551,1.28821,1.28825,1.50,1.35
2013.03.19 18:37:27.854,1.28824,1.28827,4.73,1.50
2013.03.19 18:37:27.926,1.28824,1.28826,2.48,2.10
2013.03.19 18:37:29.201,1.28823,1.28828,2.25,3.04
2013.03.19 18:37:29.809,1.28825,1.28828,1.50,3.04
2013.03.19 18:37:29.894,1.28832,1.28835,1.50,2.10
2013.03.19 18:37:31.262,1.28832,1.28835,1.50,4.20
2013.03.19 18:37:31.573,1.2883,1.28832,2.25,1.50
2013.03.19 18:37:31.631,1.2883,1.28834,1.50,3.00
2013.03.19 18:37:32.172,1.2883,1.28835,2.25,2.25
2013.03.19 18:37:32.471,1.28831,1.28836,2.25,3.45
2013.03.19 18:37:32.532,1.2883,1.28836,3.38,3.90
2013.03.19 18:37:33.070,1.2883,1.28836,3.38,6.15
2013.03.19 18:37:35.503,1.28829,1.28834,1.50,1.50
2013.03.19 18:37:35.683,1.28829,1.28834,1.50,2.44
2013.03.19 18:37:37.765,1.28831,1.28836,4.50,5.52
2013.03.19 18:37:37.952,1.28837,1.28841,3.23,2.33
2013.03.19 18:37:38.012,1.28841,1.28845,1.50,2.63
2013.03.19 18:37:38.134,1.28845,1.28849,1.50,1.13
2013.03.19 18:37:38.193,1.28847,1.2885,1.50,2.63
2013.03.19 18:37:38.253,1.28848,1.28852,1.50,2.10
2013.03.19 18:37:38.314,1.28849,1.28854,1.50,5.29
2013.03.19 18:37:38.433,1.28849,1.28853,1.50,2.25
2013.03.19 18:37:38.972,1.28849,1.28853,1.50,1.32
2013.03.19 18:37:39.536,1.28849,1.28853,2.25,1.13
2013.03.19 18:37:40.151,1.28848,1.28852,1.50,1.50
2013.03.19 18:37:40.678,1.28847,1.28853,3.00,3.23
2013.03.19 18:37:41.542,1.28848,1.28853,2.25,2.63
2013.03.19 18:37:41.722,1.2885,1.28855,3.75,3.79
2013.03.19 18:37:42.606,1.2885,1.28854,1.50,1.50
2013.03.19 18:37:42.911,1.2885,1.28855,1.50,2.10
2013.03.19 18:37:45.001,1.2885,1.28855,1.50,2.10
2013.03.19 18:37:45.541,1.2885,1.28855,1.88,2.10
2013.03.19 18:37:46.412,1.2885,1.28855,1.88,2.10
2013.03.19 18:37:46.921,1.2885,1.28855,1.88,2.10
2013.03.19 18:37:51.471,1.2885,1.28855,2.63,2.10
2013.03.19 18:37:52.001,1.2885,1.28855,2.63,2.10
2013.03.19 18:37:52.841,1.2885,1.28855,2.25,1.35
2013.03.19 18:37:53.593,1.2885,1.28855,2.25,1.35
2013.03.19 18:37:55.191,1.2885,1.28855,1.88,2.85
2013.03.19 18:37:55.874,1.2885,1.28855,1.88,2.85
2013.03.19 18:37:57.502,1.28851,1.28855,2.25,1.50
2013.03.19 18:37:57.682,1.28854,1.28858,2.63,1.88
2013.03.19 18:37:59.963,1.28854,1.28859,1.73,2.10
2013.03.19 18:38:00.143,1.28853,1.28856,1.73,3.60
2013.03.19 18:38:00.684,1.28849,1.28854,4.88,1.35
2013.03.19 18:38:00.871,1.28848,1.28852,1.50,1.73
2013.03.19 18:38:01.174,1.28842,1.28846,1.13,2.10
2013.03.19 18:38:01.721,1.28841,1.28845,3.00,1.35
2013.03.19 18:38:01.901,1.28841,1.28846,2.25,2.10
2013.03.19 18:38:03.332,1.2884,1.28845,4.50,1.35
2013.03.19 18:38:03.842,1.2884,1.28845,1.50,2.10
2013.03.19 18:38:05.002,1.2884,1.28845,3.75,1.35
2013.03.19 18:38:06.188,1.2884,1.28845,3.75,1.35
2013.03.19 18:38:06.942,1.2884,1.28845,1.50,1.35
2013.03.19 18:38:07.502,1.2884,1.28845,2.63,1.35
2013.03.19 18:38:10.802,1.28841,1.28846,2.63,2.10
2013.03.19 18:38:11.354,1.28841,1.28846,2.63,2.10
2013.03.19 18:38:12.392,1.28844,1.28846,1.22,2.10
2013.03.19 18:38:12.692,1.28846,1.2885,1.50,1.54
2013.03.19 18:38:12.871,1.28846,1.28851,3.75,1.35
2013.03.19 18:38:12.994,1.28846,1.2885,3.00,1.35
2013.03.19 18:38:13.242,1.28843,1.28848,1.88,1.35
2013.03.19 18:38:13.421,1.28844,1.28848,1.88,2.10
2013.03.19 18:38:13.961,1.28846,1.2885,1.50,2.25
2013.03.19 18:38:14.702,1.28846,1.2885,1.50,1.50
2013.03.19 18:38:15.242,1.28845,1.2885,2.63,2.10
2013.03.19 18:38:16.101,1.28845,1.2885,1.88,2.85
2013.03.19 18:38:16.701,1.28844,1.28849,3.38,1.35
2013.03.19 18:38:17.313,1.28844,1.28849,3.38,1.35
2013.03.19 18:38:19.693,1.28845,1.2885,2.35,3.00
2013.03.19 18:38:20.004,1.28847,1.28853,3.38,2.85
2013.03.19 18:38:20.561,1.28847,1.28853,4.88,2.10
2013.03.19 18:38:21.311,1.28848,1.28853,1.50,1.50
2013.03.19 18:38:25.191,1.28848,1.28853,2.25,1.35
2013.03.19 18:38:25.770,1.28848,1.28854,3.00,3.79
2013.03.19 18:38:26.691,1.28848,1.28853,3.00,3.00
2013.03.19 18:38:27.432,1.28848,1.28853,3.00,3.60
2013.03.19 18:38:30.632,1.28848,1.28854,2.63,5.29
2013.03.19 18:38:31.171,1.28849,1.28854,2.85,2.10
2013.03.19 18:38:31.701,1.28849,1.28854,3.60,2.10
2013.03.19 18:38:32.931,1.2885,1.28855,2.25,1.54
2013.03.19 18:38:32.992,1.2885,1.28855,1.50,2.29
2013.03.19 18:38:33.891,1.28849,1.28854,3.60,2.10
2013.03.19 18:38:34.402,1.28849,1.28854,3.60,2.10
2013.03.19 18:38:35.601,1.28849,1.28853,4.73,1.50
2013.03.19 18:38:40.083,1.28847,1.28852,3.19,1.50
2013.03.19 18:38:40.202,1.28846,1.28851,1.50,5.70
2013.03.19 18:38:40.382,1.28842,1.28847,1.50,1.35
2013.03.19 18:38:40.503,1.28846,1.28849,1.35,2.25
2013.03.19 18:38:40.742,1.28847,1.28852,2.25,2.10
2013.03.19 18:38:41.281,1.28846,1.2885,1.50,2.85
2013.03.19 18:38:41.342,1.28844,1.2885,1.50,3.00
2013.03.19 18:38:41.892,1.28842,1.28848,2.25,3.00
2013.03.19 18:38:42.131,1.28839,1.28844,5.10,1.35
2013.03.19 18:38:42.251,1.28839,1.28845,5.33,2.25
2013.03.19 18:38:43.288,1.28844,1.28846,1.50,2.48
2013.03.19 18:38:43.365,1.28845,1.2885,2.20,2.66
2013.03.19 18:38:43.674,1.28846,1.28849,1.50,2.44
2013.03.19 18:38:43.733,1.28844,1.28846,4.04,2.33
2013.03.19 18:38:43.792,1.28842,1.28846,1.13,2.10
2013.03.19 18:38:44.331,1.28841,1.28846,3.00,2.10
2013.03.19 18:38:44.514,1.28844,1.28847,6.42,2.25
2013.03.19 18:38:44.874,1.28842,1.2885,4.50,1.50
2013.03.19 18:38:45.005,1.28846,1.28848,1.50,4.88
2013.03.19 18:38:45.193,1.28845,1.2885,1.88,5.95
2013.03.19 18:38:45.256,1.28847,1.2885,1.35,5.85
2013.03.19 18:38:45.563,1.28846,1.28853,17.64,1.50
2013.03.19 18:38:45.624,1.28849,1.28852,4.22,1.13
2013.03.19 18:38:45.745,1.28849,1.28853,4.13,1.13
2013.03.19 18:38:45.935,1.28851,1.28853,3.75,1.50
2013.03.19 18:38:46.242,1.28849,1.28857,17.30,3.00
2013.03.19 18:38:46.665,1.28851,1.28856,3.00,2.40
2013.03.19 18:38:46.734,1.28853,1.28856,1.50,1.13
2013.03.19 18:38:46.802,1.28853,1.28858,1.50,1.88
2013.03.19 18:38:46.984,1.28854,1.28859,2.25,2.10
2013.03.19 18:38:47.043,1.28855,1.2886,1.50,3.75
2013.03.19 18:38:47.104,1.28856,1.2886,4.41,4.35
2013.03.19 18:38:47.292,1.28858,1.28861,1.50,2.25
2013.03.19 18:38:47.595,1.28858,1.28862,6.23,5.29
2013.03.19 18:38:47.664,1.2886,1.28862,5.25,2.10
2013.03.19 18:38:47.782,1.2886,1.28864,1.97,2.25
2013.03.19 18:38:47.842,1.2886,1.28865,4.97,1.50
2013.03.19 18:38:48.202,1.28861,1.28866,2.40,1.50
2013.03.19 18:38:48.441,1.28862,1.28867,1.50,4.13
2013.03.19 18:38:48.982,1.28862,1.28868,2.97,2.25
2013.03.19 18:38:49.521,1.28863,1.28869,4.84,2.33
2013.03.19 18:38:49.582,1.28865,1.28869,8.42,2.10
2013.03.19 18:38:49.821,1.2887,1.28875,1.50,2.10
2013.03.19 18:38:49.942,1.2887,1.28875,1.50,2.10
2013.03.19 18:38:50.482,1.28867,1.2887,3.75,1.35
2013.03.19 18:38:50.602,1.28862,1.28866,2.25,1.35
2013.03.19 18:38:50.901,1.2886,1.28866,4.09,2.10
2013.03.19 18:38:51.021,1.2886,1.28866,4.84,2.10
2013.03.19 18:38:51.561,1.28861,1.28865,1.32,1.35
2013.03.19 18:38:52.622,1.28862,1.28866,1.50,1.35
2013.03.19 18:38:53.181,1.28862,1.28866,1.50,1.35
2013.03.19 18:38:53.721,1.28862,1.28867,1.50,2.48
2013.03.19 18:38:54.291,1.28862,1.28867,1.50,2.48
2013.03.19 18:38:54.813,1.28862,1.28867,2.44,1.73
2013.03.19 18:38:54.932,1.28865,1.28867,1.45,1.73
2013.03.19 18:38:55.291,1.28866,1.2887,4.69,1.13
2013.03.19 18:38:55.352,1.28866,1.2887,2.82,1.32
2013.03.19 18:38:55.892,1.28864,1.28868,1.35,2.10
2013.03.19 18:38:56.075,1.28858,1.28863,4.88,2.85
2013.03.19 18:38:56.202,1.28857,1.28861,2.25,1.50
2013.03.19 18:38:56.562,1.28857,1.28859,1.88,2.25
2013.03.19 18:38:57.101,1.28856,1.28859,3.75,2.25
2013.03.19 18:38:57.402,1.28854,1.28858,3.04,3.00
2013.03.19 18:38:57.524,1.28854,1.28856,1.69,3.75
2013.03.19 18:38:57.644,1.2885,1.28855,1.88,3.75
2013.03.19 18:38:57.833,1.28849,1.28852,6.42,2.25
2013.03.19 18:38:58.196,1.28846,1.28851,4.65,5.25
2013.03.19 18:38:58.268,1.28846,1.28849,3.90,2.25
2013.03.19 18:38:58.333,1.28845,1.2885,2.87,1.35
2013.03.19 18:38:58.455,1.28846,1.2885,1.65,3.00
2013.03.19 18:38:58.703,1.28849,1.28851,2.48,1.50
2013.03.19 18:38:59.241,1.28849,1.28852,2.48,2.25
2013.03.19 18:38:59.773,1.28847,1.2885,1.69,2.25
2013.03.19 18:39:00.073,1.2885,1.28851,1.50,1.50
2013.03.19 18:39:00.312,1.28851,1.28855,2.25,2.25
2013.03.19 18:39:00.851,1.28851,1.28855,3.00,2.25
2013.03.19 18:39:02.801,1.28851,1.28853,1.13,2.25
2013.03.19 18:39:06.341,1.28851,1.28853,1.88,2.25
2013.03.19 18:39:06.523,1.28853,1.28855,3.00,1.50
2013.03.19 18:39:07.062,1.28852,1.28856,2.25,3.60
2013.03.19 18:39:07.121,1.28852,1.28854,2.25,2.25
2013.03.19 18:39:07.362,1.28853,1.28856,1.50,2.25
2013.03.19 18:39:09.131,1.28852,1.28854,3.00,2.25
2013.03.19 18:39:09.717,1.28852,1.28854,3.00,2.25
2013.03.19 18:39:12.142,1.28851,1.28854,2.25,1.50
2013.03.19 18:39:13.141,1.28851,1.28854,2.25,2.25
2013.03.19 18:39:14.571,1.2885,1.28854,3.57,2.25
2013.03.19 18:39:15.311,1.2885,1.28854,2.07,2.25
2013.03.19 18:39:17.942,1.2885,1.28853,2.82,2.25
2013.03.19 18:39:21.531,1.28851,1.28854,3.75,3.00
2013.03.19 18:39:28.755,1.28852,1.28856,1.50,1.88
2013.03.19 18:39:29.063,1.28855,1.28857,3.47,1.50
2013.03.19 18:39:29.750,1.28852,1.28858,1.65,6.38
2013.03.19 18:39:30.281,1.28851,1.28855,3.38,3.38
2013.03.19 18:39:30.821,1.28851,1.28854,1.50,3.00
2013.03.19 18:39:31.552,1.2885,1.28853,2.25,2.25
2013.03.19 18:39:31.612,1.28848,1.28851,2.25,2.25
2013.03.19 18:39:32.291,1.28848,1.28851,2.25,2.25
2013.03.19 18:39:32.593,1.28842,1.28847,3.38,10.58
2013.03.19 18:39:32.653,1.28839,1.28843,1.88,4.13
2013.03.19 18:39:32.717,1.28836,1.28842,4.88,2.63
2013.03.19 18:39:33.021,1.28838,1.28842,1.50,3.00
2013.03.19 18:39:33.562,1.28839,1.28842,2.25,2.25
2013.03.19 18:39:34.344,1.28839,1.28842,1.50,3.00
2013.03.19 18:39:34.892,1.28839,1.28843,2.25,1.50
2013.03.19 18:39:37.121,1.2884,1.28843,2.25,1.50
2013.03.19 18:39:37.636,1.2884,1.28843,2.25,1.50
2013.03.19 18:39:43.953,1.28835,1.28842,5.70,10.98
2013.03.19 18:39:44.083,1.28832,1.28836,1.69,1.50
2013.03.19 18:39:44.202,1.28831,1.28836,4.50,2.10
2013.03.19 18:39:44.264,1.28831,1.28836,2.25,2.85
2013.03.19 18:39:44.802,1.28828,1.28834,3.75,1.35
2013.03.19 18:39:45.102,1.28829,1.28834,1.50,1.35
2013.03.19 18:39:45.646,1.28829,1.28834,1.50,1.35
2013.03.19 18:39:46.222,1.28828,1.28833,3.00,1.35
2013.03.19 18:39:47.322,1.28828,1.28833,3.00,1.35
2013.03.19 18:39:47.829,1.28831,1.28835,1.50,1.73
2013.03.19 18:39:48.375,1.28831,1.28835,1.50,1.73
2013.03.19 18:39:52.042,1.28831,1.28834,2.25,1.13
2013.03.19 18:39:55.842,1.28832,1.28835,1.50,1.13
2013.03.19 18:39:56.382,1.28832,1.28835,1.50,1.13
2013.03.19 18:39:56.961,1.28832,1.28835,1.50,1.50
2013.03.19 18:39:57.372,1.2883,1.28834,2.25,2.10
2013.03.19 18:39:57.913,1.2883,1.28834,1.50,1.73
2013.03.19 18:39:58.965,1.28829,1.28833,3.23,1.50
2013.03.19 18:39:59.026,1.28829,1.28831,1.73,2.25
2013.03.19 18:39:59.092,1.28827,1.28831,1.50,2.48
2013.03.19 18:39:59.332,1.28827,1.2883,1.50,1.13
2013.03.19 18:39:59.903,1.28827,1.2883,1.50,1.13
2013.03.19 18:40:00.501,1.28827,1.2883,1.50,1.13
2013.03.19 18:40:00.742,1.28827,1.28832,2.25,3.38
2013.03.19 18:40:01.531,1.28828,1.28832,1.50,3.38
2013.03.19 18:40:02.092,1.28828,1.28832,3.00,1.13
2013.03.19 18:40:03.151,1.28829,1.28832,1.50,1.13
2013.03.19 18:40:04.971,1.28829,1.28834,2.25,5.10
2013.03.19 18:40:05.765,1.28825,1.2883,2.25,2.10
2013.03.19 18:40:05.832,1.28825,1.2883,1.50,2.85
2013.03.19 18:40:06.071,1.28824,1.28829,1.50,1.35
2013.03.19 18:40:06.431,1.28823,1.28828,1.50,4.35
2013.03.19 18:40:06.935,1.28822,1.28827,2.25,1.35
2013.03.19 18:40:07.242,1.28822,1.28826,1.50,1.50
2013.03.19 18:40:07.654,1.28821,1.28823,2.25,2.25
2013.03.19 18:40:08.192,1.28821,1.28823,1.50,2.25
2013.03.19 18:40:08.734,1.28819,1.28822,1.73,1.50
2013.03.19 18:40:08.795,1.28819,1.28821,1.73,2.25
2013.03.19 18:40:09.342,1.28818,1.28821,2.25,3.00
2013.03.19 18:40:09.843,1.28818,1.28822,2.25,5.25
2013.03.19 18:40:10.361,1.28818,1.28822,2.25,5.25
2013.03.19 18:40:11.303,1.28813,1.28817,1.50,3.60
2013.03.19 18:40:11.363,1.28812,1.28815,1.65,2.25
2013.03.19 18:40:11.902,1.2881,1.28814,1.13,2.85
2013.03.19 18:40:12.441,1.2881,1.28814,1.50,2.85
2013.03.19 18:40:13.253,1.2881,1.28814,1.50,1.35
2013.03.19 18:40:17.431,1.28809,1.28814,2.25,1.50
2013.03.19 18:40:18.741,1.2881,1.28815,1.50,1.35
2013.03.19 18:40:19.102,1.28811,1.28816,1.50,3.23
2013.03.19 18:40:19.433,1.2881,1.28815,1.50,1.35
2013.03.19 18:40:19.613,1.2881,1.28814,2.25,1.50
2013.03.19 18:40:20.131,1.28811,1.28814,1.50,1.50
2013.03.19 18:40:25.051,1.28811,1.28816,3.00,1.50
2013.03.19 18:40:26.643,1.2881,1.28815,3.00,1.50
2013.03.19 18:40:26.944,1.28809,1.28811,2.25,1.50
2013.03.19 18:40:27.491,1.28809,1.28813,2.25,1.69
2013.03.19 18:40:29.022,1.28809,1.28814,3.75,2.29
2013.03.19 18:40:29.081,1.28809,1.28814,3.00,2.29
2013.03.19 18:40:29.811,1.28809,1.28814,4.73,1.69
2013.03.19 18:40:30.344,1.28809,1.28814,3.75,1.69
2013.03.19 18:40:30.704,1.28808,1.28811,2.25,2.25
2013.03.19 18:40:33.522,1.28809,1.28813,1.50,2.25
2013.03.19 18:40:33.702,1.2881,1.28814,1.50,3.57
2013.03.19 18:40:36.152,1.28811,1.28814,1.50,3.19
2013.03.19 18:40:36.748,1.28809,1.28814,3.23,3.60
2013.03.19 18:40:37.292,1.28809,1.28814,4.73,3.19
2013.03.19 18:40:39.513,1.28809,1.28814,3.75,2.85
2013.03.19 18:40:39.811,1.28807,1.28812,1.50,3.42
2013.03.19 18:40:39.991,1.28809,1.28813,1.50,3.94
2013.03.19 18:40:40.051,1.28809,1.28813,1.50,3.75
2013.03.19 18:40:41.101,1.28808,1.28813,2.25,2.25
2013.03.19 18:40:42.400,1.28808,1.28813,1.50,2.85
2013.03.19 18:40:43.681,1.28808,1.28813,3.00,2.85
2013.03.19 18:40:44.383,1.28809,1.28813,2.25,2.25
2013.03.19 18:40:46.381,1.28808,1.28813,1.50,3.60
2013.03.19 18:40:47.484,1.28808,1.28813,1.50,4.54
2013.03.19 18:40:47.782,1.28807,1.2881,1.50,1.35
2013.03.19 18:40:47.903,1.28803,1.28808,2.48,6.23
2013.03.19 18:40:48.024,1.28799,1.28806,1.88,3.23
2013.03.19 18:40:49.101,1.288,1.28805,1.50,2.10
2013.03.19 18:40:50.192,1.28799,1.28805,3.90,2.85
2013.03.19 18:40:50.812,1.28798,1.28804,4.88,2.10
2013.03.19 18:40:51.114,1.28806,1.2881,3.15,1.50
2013.03.19 18:40:51.242,1.2881,1.28814,5.86,2.25
2013.03.19 18:40:51.483,1.2881,1.28815,3.00,1.88
2013.03.19 18:40:51.661,1.28809,1.28815,3.00,2.48
2013.03.19 18:40:52.092,1.28808,1.28812,1.50,1.97
2013.03.19 18:40:52.393,1.28804,1.2881,3.98,2.85
2013.03.19 18:40:52.453,1.28804,1.2881,3.98,3.60
2013.03.19 18:40:53.102,1.28804,1.2881,4.73,2.25
2013.03.19 18:40:53.222,1.28808,1.28811,1.50,1.92
2013.03.19 18:40:53.462,1.2881,1.28815,2.25,3.75
2013.03.19 18:40:53.963,1.28811,1.28815,2.25,1.50
2013.03.19 18:40:54.082,1.28812,1.28817,1.50,3.41
2013.03.19 18:40:54.601,1.28812,1.28817,2.25,2.10
2013.03.19 18:40:55.725,1.28811,1.28816,2.25,1.35
2013.03.19 18:40:56.818,1.28811,1.28816,1.50,3.60
2013.03.19 18:40:58.222,1.28811,1.28816,1.50,4.35
2013.03.19 18:40:59.062,1.28811,1.28814,1.50,2.25
2013.03.19 18:41:00.411,1.2881,1.28812,1.50,1.35
2013.03.19 18:41:00.655,1.28807,1.2881,1.50,1.50
2013.03.19 18:41:00.842,1.28805,1.2881,2.25,3.75
2013.03.19 18:41:00.902,1.28806,1.2881,3.75,2.25
2013.03.19 18:41:01.413,1.28809,1.28812,1.50,2.25
2013.03.19 18:41:02.341,1.28809,1.28812,1.50,1.50
2013.03.19 18:41:05.903,1.2881,1.28815,1.50,2.25
2013.03.19 18:41:10.461,1.2881,1.28814,1.50,2.25
2013.03.19 18:41:16.611,1.2881,1.28814,1.50,1.50
2013.03.19 18:41:17.861,1.28809,1.28814,3.23,1.50
2013.03.19 18:41:21.113,1.2881,1.28815,1.50,1.35
2013.03.19 18:41:21.791,1.2881,1.28815,1.50,1.35
2013.03.19 18:41:35.361,1.28809,1.28814,1.50,1.50
2013.03.19 18:41:35.785,1.28809,1.28811,1.50,1.50
2013.03.19 18:41:36.093,1.28804,1.28808,3.00,1.35
2013.03.19 18:41:36.153,1.28804,1.28806,2.25,2.48
2013.03.19 18:41:36.212,1.288,1.28805,1.50,1.35
2013.03.19 18:41:36.695,1.28802,1.28805,1.50,2.25
2013.03.19 18:41:36.825,1.28805,1.28808,3.00,2.25
2013.03.19 18:41:36.894,1.28804,1.28808,1.73,3.75
2013.03.19 18:41:36.956,1.28801,1.28804,1.50,1.50
2013.03.19 18:41:37.083,1.288,1.28804,1.50,1.50
2013.03.19 18:41:37.621,1.28799,1.28804,1.73,2.85
2013.03.19 18:41:38.843,1.28799,1.28804,2.10,2.85
2013.03.19 18:41:39.203,1.288,1.28805,3.00,1.35
2013.03.19 18:41:40.148,1.28804,1.28806,1.22,3.00
2013.03.19 18:41:40.452,1.28806,1.28811,3.00,2.44
2013.03.19 18:41:40.511,1.28806,1.28811,3.00,3.00
2013.03.19 18:41:40.822,1.28807,1.28812,3.00,1.50
2013.03.19 18:41:41.002,1.28807,1.28812,3.75,2.25
2013.03.19 18:41:42.382,1.28809,1.28813,1.50,2.25
2013.03.19 18:41:43.317,1.2881,1.28814,1.50,3.00
2013.03.19 18:41:43.682,1.28811,1.28814,1.50,2.25
2013.03.19 18:41:44.227,1.28811,1.28816,2.25,2.55
2013.03.19 18:41:46.851,1.28809,1.28815,3.00,2.85
2013.03.19 18:41:47.420,1.28809,1.28815,3.00,2.85
2013.03.19 18:41:48.682,1.28809,1.28814,3.00,1.50
2013.03.19 18:41:49.172,1.28807,1.28813,2.63,2.10
2013.03.19 18:41:49.471,1.28806,1.2881,2.25,1.50
2013.03.19 18:41:50.631,1.28806,1.28811,2.25,5.51
2013.03.19 18:41:51.721,1.28805,1.28807,1.50,1.50
2013.03.19 18:41:51.782,1.28804,1.28808,4.22,2.25
2013.03.19 18:41:52.201,1.28805,1.28808,1.50,2.25
2013.03.19 18:41:52.322,1.28805,1.28809,3.70,2.29
2013.03.19 18:41:52.872,1.28805,1.28809,1.73,3.79
2013.03.19 18:41:54.021,1.28805,1.28806,1.22,1.50
2013.03.19 18:41:54.201,1.28802,1.28806,2.25,2.25
2013.03.19 18:41:54.684,1.28805,1.28807,2.72,1.50
2013.03.19 18:41:54.803,1.28805,1.28809,3.47,2.82
2013.03.19 18:41:55.372,1.28805,1.28809,2.25,1.69
2013.03.19 18:41:55.613,1.28804,1.28807,2.25,3.00
2013.03.19 18:41:56.286,1.28802,1.28806,1.50,3.75
2013.03.19 18:41:56.356,1.288,1.28805,1.50,1.35
2013.03.19 18:41:58.681,1.288,1.28805,1.50,1.35
2013.03.19 18:41:58.742,1.28803,1.28805,2.72,1.35
2013.03.19 18:41:59.052,1.28806,1.28808,1.50,1.50
2013.03.19 18:41:59.352,1.28806,1.2881,2.25,3.19
2013.03.19 18:42:00.381,1.28805,1.28807,1.22,1.50
2013.03.19 18:42:00.682,1.288,1.28805,1.50,2.10
2013.03.19 18:42:01.232,1.288,1.28804,1.50,1.50
2013.03.19 18:42:01.773,1.288,1.28804,2.25,1.50
2013.03.19 18:42:03.782,1.288,1.28805,2.63,1.50
2013.03.19 18:42:03.843,1.288,1.28806,2.85,3.00
2013.03.19 18:42:04.023,1.28803,1.28808,3.23,2.25
2013.03.19 18:42:04.324,1.28802,1.28806,1.50,2.25
2013.03.19 18:42:05.302,1.28801,1.28806,2.01,3.00
2013.03.19 18:42:06.203,1.288,1.28806,3.38,3.98
2013.03.19 18:42:06.273,1.28802,1.28805,1.50,1.35
2013.03.19 18:42:06.345,1.288,1.28805,2.25,1.35
2013.03.19 18:42:06.892,1.288,1.28805,2.25,1.35
2013.03.19 18:42:07.615,1.288,1.28805,3.00,1.35
2013.03.19 18:42:12.215,1.288,1.28805,3.00,1.50
2013.03.19 18:42:12.764,1.28802,1.28806,2.25,1.50
2013.03.19 18:42:13.301,1.28801,1.28806,3.75,2.10
2013.03.19 18:42:14.062,1.28802,1.28806,2.25,2.25
2013.03.19 18:42:14.601,1.28802,1.28806,1.50,3.60
2013.03.19 18:42:15.161,1.28801,1.28806,1.50,4.35
2013.03.19 18:42:16.662,1.28801,1.28806,1.50,3.75
2013.03.19 18:42:16.971,1.28802,1.28806,2.25,1.50
2013.03.19 18:42:17.031,1.28801,1.28805,3.00,1.35
2013.03.19 18:42:17.743,1.28802,1.28805,3.15,1.35
2013.03.19 18:42:17.802,1.28803,1.28807,3.23,2.10
2013.03.19 18:42:17.925,1.28802,1.28807,1.50,2.25
2013.03.19 18:42:18.052,1.288,1.28805,3.00,1.35
2013.03.19 18:42:18.532,1.288,1.28805,3.00,1.35
2013.03.19 18:42:19.512,1.288,1.28806,3.00,5.33
2013.03.19 18:42:20.052,1.288,1.28805,2.25,1.35
2013.03.19 18:42:20.800,1.28798,1.28803,1.73,2.85
2013.03.19 18:42:21.452,1.28798,1.28801,1.50,2.25
2013.03.19 18:42:23.062,1.28797,1.28801,1.50,4.92
2013.03.19 18:42:23.432,1.28795,1.28799,4.97,2.29
2013.03.19 18:42:23.613,1.28793,1.28796,2.25,4.17
2013.03.19 18:42:23.672,1.28793,1.28796,1.50,4.17
2013.03.19 18:42:23.733,1.2879,1.28795,1.50,1.50
2013.03.19 18:42:23.852,1.2879,1.28795,1.50,1.50
2013.03.19 18:42:24.091,1.2879,1.28795,1.50,2.25
2013.03.19 18:42:24.631,1.2879,1.28795,2.25,1.50
2013.03.19 18:42:30.161,1.2879,1.28796,3.00,3.60
2013.03.19 18:42:30.711,1.2879,1.28796,3.00,4.35
2013.03.19 18:42:31.252,1.28791,1.28796,3.75,2.10
2013.03.19 18:42:32.071,1.28791,1.28796,1.50,2.85
2013.03.19 18:42:33.942,1.2879,1.28795,3.75,1.50
2013.03.19 18:42:35.563,1.2879,1.28796,4.50,4.35
2013.03.19 18:42:35.621,1.2879,1.28796,3.75,4.35
2013.03.19 18:42:36.811,1.28791,1.28796,3.75,2.85
2013.03.19 18:42:36.932,1.28791,1.28796,3.75,2.10
2013.03.19 18:42:37.471,1.28791,1.28796,1.50,3.08
2013.03.19 18:42:38.029,1.28791,1.28796,2.25,2.85
2013.03.19 18:42:41.841,1.28791,1.28796,1.50,2.85
2013.03.19 18:42:42.372,1.2879,1.28795,3.00,1.50
2013.03.19 18:42:48.784,1.28789,1.28793,1.50,1.50
2013.03.19 18:42:50.451,1.28789,1.28793,1.50,1.50
2013.03.19 18:42:51.872,1.28788,1.28793,1.50,1.50
2013.03.19 18:42:52.052,1.28786,1.2879,2.25,1.50
2013.03.19 18:42:52.234,1.28785,1.28788,2.25,2.44
2013.03.19 18:42:52.532,1.28779,1.28785,3.38,2.25
2013.03.19 18:42:53.071,1.28779,1.28784,2.25,1.50
2013.03.19 18:42:54.332,1.28779,1.28784,2.25,2.10
2013.03.19 18:42:54.872,1.28778,1.28784,2.25,2.10
2013.03.19 18:42:55.172,1.28777,1.28781,1.65,1.50
2013.03.19 18:42:55.473,1.28773,1.28778,1.50,7.60
2013.03.19 18:42:55.833,1.28767,1.2877,2.25,4.20
2013.03.19 18:42:55.953,1.28765,1.28769,1.97,1.50
2013.03.19 18:42:56.552,1.28765,1.28768,1.22,3.00
2013.03.19 18:42:56.614,1.28764,1.28765,2.95,1.35
2013.03.19 18:42:56.733,1.28761,1.28766,1.50,2.85
2013.03.19 18:42:57.332,1.2876,1.28765,3.00,1.35
2013.03.19 18:42:57.458,1.28764,1.28766,5.24,1.35
2013.03.19 18:42:57.604,1.28766,1.2877,3.75,2.40
2013.03.19 18:42:57.864,1.28769,1.28775,3.00,1.13
2013.03.19 18:42:58.161,1.2877,1.28775,3.00,1.35
2013.03.19 18:42:58.706,1.28769,1.28772,1.50,2.25
2013.03.19 18:42:58.951,1.28766,1.28772,2.25,3.04
2013.03.19 18:42:59.252,1.28768,1.28772,1.73,2.63
2013.03.19 18:42:59.432,1.28769,1.28773,1.73,1.69
2013.03.19 18:43:01.648,1.28771,1.28775,1.50,1.50
2013.03.19 18:43:02.442,1.28771,1.28775,1.50,1.50
2013.03.19 18:43:02.802,1.28769,1.28774,3.23,1.54
2013.03.19 18:43:03.342,1.2877,1.28775,1.50,2.10
2013.03.19 18:43:04.312,1.2877,1.28775,1.50,2.10
2013.03.19 18:43:04.493,1.28773,1.28776,3.47,1.35
2013.03.19 18:43:04.555,1.28774,1.28777,4.45,2.63
2013.03.19 18:43:04.615,1.28776,1.2878,2.25,1.88
2013.03.19 18:43:04.685,1.28777,1.28781,1.50,2.70
2013.03.19 18:43:05.172,1.28779,1.28784,2.25,4.99
2013.03.19 18:43:05.352,1.28777,1.28784,3.75,5.74
2013.03.19 18:43:05.961,1.28778,1.28784,1.50,4.99
2013.03.19 18:43:06.262,1.28779,1.28786,3.23,6.64
2013.03.19 18:43:06.766,1.28779,1.28786,4.17,4.58
2013.03.19 18:43:10.562,1.28779,1.28784,1.50,1.50
2013.03.19 18:43:10.803,1.28779,1.28782,1.50,1.35
2013.03.19 18:43:13.811,1.28777,1.28781,2.25,3.00
2013.03.19 18:43:13.873,1.28776,1.2878,1.88,1.50
2013.03.19 18:43:13.935,1.28775,1.28778,2.72,1.73
2013.03.19 18:43:14.126,1.28772,1.28776,8.63,2.48
2013.03.19 18:43:14.433,1.28772,1.28775,1.50,2.85
2013.03.19 18:43:14.973,1.28769,1.28773,3.00,1.35
2013.03.19 18:43:16.223,1.28769,1.28773,2.63,1.35
2013.03.19 18:43:16.722,1.28769,1.28774,4.13,1.35
2013.03.19 18:43:16.842,1.28769,1.28774,6.23,1.35
2013.03.19 18:43:17.202,1.28776,1.28781,4.13,1.50
2013.03.19 18:43:17.383,1.28776,1.28781,3.75,2.44
2013.03.19 18:43:17.742,1.28776,1.28782,3.00,2.25
2013.03.19 18:43:18.042,1.28778,1.28783,2.63,1.50
2013.03.19 18:43:18.222,1.28778,1.28784,1.88,3.60
2013.03.19 18:43:18.521,1.28778,1.28784,2.63,2.10
2013.03.19 18:43:19.062,1.28778,1.28785,1.88,2.85
2013.03.19 18:43:19.181,1.28779,1.28784,1.73,2.25
2013.03.19 18:43:19.602,1.28779,1.28785,2.25,2.10
2013.03.19 18:43:29.601,1.28779,1.28782,3.75,1.50
2013.03.19 18:43:29.902,1.28776,1.28784,1.50,15.08
2013.03.19 18:43:30.084,1.28776,1.28783,2.25,4.80
2013.03.19 18:43:31.594,1.28777,1.2878,6.10,1.50
2013.03.19 18:43:31.804,1.28774,1.28782,1.88,17.15
2013.03.19 18:43:31.982,1.28774,1.2878,1.88,4.69
2013.03.19 18:43:32.163,1.28774,1.28778,1.50,4.76
2013.03.19 18:43:32.224,1.28773,1.28778,2.25,1.35
2013.03.19 18:43:32.343,1.28773,1.28776,2.25,4.73
2013.03.19 18:43:32.402,1.28772,1.28775,2.25,1.50
2013.03.19 18:43:32.942,1.28771,1.28774,2.25,1.35
2013.03.19 18:43:33.519,1.28771,1.28773,1.50,1.35
2013.03.19 18:43:33.763,1.28765,1.28769,2.72,1.69
2013.03.19 18:43:34.349,1.28765,1.2877,1.50,2.66
2013.03.19 18:43:34.872,1.28765,1.2877,5.35,2.29
2013.03.19 18:43:35.782,1.28765,1.2877,3.10,1.54
2013.03.19 18:43:36.024,1.28765,1.28766,1.97,1.20
2013.03.19 18:43:36.202,1.28759,1.28765,1.50,1.35
2013.03.19 18:43:36.447,1.2876,1.28765,1.13,2.10
2013.03.19 18:43:36.883,1.28757,1.28761,4.13,1.50
2013.03.19 18:43:37.422,1.28758,1.28762,2.25,1.50
2013.03.19 18:43:37.932,1.28758,1.28763,2.25,2.10
2013.03.19 18:43:41.091,1.2876,1.28764,1.50,1.50
2013.03.19 18:43:41.632,1.28758,1.28763,2.25,2.10
2013.03.19 18:43:42.331,1.28758,1.28763,3.00,1.35
2013.03.19 18:43:43.383,1.28762,1.28765,3.00,2.22
2013.03.19 18:43:43.692,1.28766,1.28771,4.50,2.70
2013.03.19 18:43:44.251,1.28767,1.28771,1.50,2.89
2013.03.19 18:43:44.722,1.28767,1.28771,1.50,2.96
2013.03.19 18:43:44.905,1.28766,1.28769,3.00,4.50
2013.03.19 18:43:45.093,1.2876,1.28766,1.50,8.89
2013.03.19 18:43:45.392,1.2876,1.28765,2.25,3.79
2013.03.19 18:43:47.622,1.2876,1.28765,2.25,4.16
2013.03.19 18:43:47.921,1.28758,1.28764,3.00,4.50
2013.03.19 18:43:48.662,1.28758,1.28764,3.00,4.50
2013.03.19 18:43:50.784,1.28757,1.28763,4.50,3.75
2013.03.19 18:43:51.294,1.28759,1.28763,2.25,1.50
2013.03.19 18:43:56.132,1.28759,1.28763,2.25,2.03
2013.03.19 18:43:56.373,1.28757,1.28762,2.25,3.04
2013.03.19 18:43:57.783,1.28757,1.28762,1.50,3.02
2013.03.19 18:43:58.769,1.28756,1.2876,2.25,1.69
2013.03.19 18:44:00.322,1.28756,1.28761,2.25,1.17
2013.03.19 18:44:01.086,1.28758,1.28761,1.50,1.17
2013.03.19 18:44:01.632,1.2876,1.28762,2.25,2.10
2013.03.19 18:44:05.106,1.2876,1.28763,1.50,1.35
2013.03.19 18:44:05.411,1.28757,1.28761,2.63,1.92
2013.03.19 18:44:06.571,1.28757,1.28761,2.25,1.92
2013.03.19 18:44:11.351,1.28757,1.28762,2.25,2.70
2013.03.19 18:44:16.987,1.28757,1.28762,3.00,3.68
2013.03.19 18:44:17.566,1.28757,1.28762,3.00,3.68
2013.03.19 18:44:22.413,1.28759,1.28762,3.00,2.33
2013.03.19 18:44:22.594,1.28763,1.28769,22.32,1.35
2013.03.19 18:44:22.713,1.28766,1.28771,2.63,2.59
2013.03.19 18:44:22.773,1.28768,1.28771,2.25,2.03
2013.03.19 18:44:22.953,1.2877,1.28776,2.25,4.73
2013.03.19 18:44:23.491,1.28771,1.28776,3.00,1.32
2013.03.19 18:44:24.031,1.28771,1.28776,2.25,1.54
2013.03.19 18:44:24.152,1.28772,1.28776,1.50,1.91
2013.03.19 18:44:24.453,1.28778,1.28781,1.50,4.05
2013.03.19 18:44:24.512,1.28778,1.28782,2.25,2.25
2013.03.19 18:44:25.052,1.28779,1.28784,2.25,4.39
2013.03.19 18:44:25.581,1.28779,1.28784,2.25,3.64
2013.03.19 18:44:34.862,1.28778,1.28782,2.63,2.44
2013.03.19 18:44:34.924,1.28776,1.2878,2.25,1.65
2013.03.19 18:44:35.044,1.28776,1.28777,1.50,1.65
2013.03.19 18:44:35.164,1.28774,1.28777,2.63,2.63
2013.03.19 18:44:35.402,1.28771,1.28775,1.13,2.29
2013.03.19 18:44:36.292,1.2877,1.28775,2.25,2.29
2013.03.19 18:44:37.375,1.2877,1.28775,2.25,3.79
2013.03.19 18:44:38.842,1.2877,1.28775,2.25,3.79
2013.03.19 18:44:39.389,1.2877,1.28775,2.25,1.54
2013.03.19 18:44:46.632,1.28771,1.28776,2.25,2.51
2013.03.19 18:44:47.573,1.28771,1.28776,1.50,2.51
2013.03.19 18:44:48.310,1.28771,1.28776,2.25,2.51
2013.03.19 18:44:48.851,1.28771,1.28776,2.25,2.51
2013.03.19 18:44:49.362,1.28774,1.28776,1.50,2.29
2013.03.19 18:44:49.662,1.28775,1.2878,2.72,1.35
2013.03.19 18:44:49.723,1.28778,1.28782,1.50,1.35
2013.03.19 18:44:49.782,1.28778,1.28783,1.50,1.69
2013.03.19 18:44:50.321,1.28779,1.28783,1.50,1.69
2013.03.19 18:44:52.522,1.28778,1.28783,1.50,3.94
2013.03.19 18:44:53.352,1.2878,1.28783,1.50,3.94
2013.03.19 18:44:53.592,1.2878,1.28786,3.75,4.61
2013.03.19 18:44:54.132,1.28781,1.28786,1.50,2.10
2013.03.19 18:44:54.672,1.2878,1.28785,1.88,1.35
2013.03.19 18:44:55.212,1.2878,1.28785,1.50,2.10
2013.03.19 18:44:57.233,1.2878,1.28785,2.25,2.85
2013.03.19 18:44:57.472,1.28781,1.28786,3.00,1.92
2013.03.19 18:44:58.823,1.28781,1.28786,2.25,1.73
2013.03.19 18:44:59.361,1.28781,1.28786,2.25,1.35
2013.03.19 18:44:59.949,1.28781,1.28786,3.00,1.13
2013.03.19 18:45:00.372,1.2878,1.28785,2.25,3.00
2013.03.19 18:45:00.611,1.2878,1.28784,1.50,1.50
2013.03.19 18:45:01.253,1.2878,1.28785,1.50,3.60
2013.03.19 18:45:02.452,1.2878,1.28785,1.50,1.35
2013.03.19 18:45:04.412,1.2878,1.28785,2.25,3.60
2013.03.19 18:45:04.942,1.28779,1.28784,1.50,5.18
2013.03.19 18:45:09.261,1.28779,1.28784,1.50,6.26
2013.03.19 18:45:09.802,1.28779,1.28784,3.00,4.01
2013.03.19 18:45:11.172,1.28779,1.28784,4.88,3.49
2013.03.19 18:45:12.461,1.28779,1.28784,4.50,3.49
2013.03.19 18:45:12.979,1.28779,1.28784,4.50,4.24
2013.03.19 18:45:14.542,1.28779,1.28784,3.38,4.39
2013.03.19 18:45:15.512,1.28779,1.28784,3.38,2.25
2013.03.19 18:45:19.072,1.28779,1.28784,2.63,3.79
2013.03.19 18:45:21.401,1.28779,1.28784,1.50,2.29
2013.03.19 18:45:22.572,1.28779,1.28784,1.50,2.29
2013.03.19 18:45:23.608,1.28779,1.28784,1.50,2.29
2013.03.19 18:45:26.452,1.28778,1.28783,2.63,1.35
2013.03.19 18:45:28.602,1.28778,1.28783,2.63,1.35
2013.03.19 18:45:33.991,1.28779,1.28784,1.50,3.60
2013.03.19 18:45:37.221,1.28778,1.28783,3.00,2.85
2013.03.19 18:45:40.581,1.28778,1.28783,3.00,2.29
2013.03.19 18:45:40.885,1.28784,1.28787,15.80,1.50
2013.03.19 18:45:40.944,1.28788,1.28793,4.50,2.25
2013.03.19 18:45:41.304,1.2879,1.28793,2.25,1.50
2013.03.19 18:45:43.982,1.2879,1.28793,1.50,1.50
2013.03.19 18:45:45.033,1.28789,1.28791,2.25,1.35
2013.03.19 18:45:45.155,1.28788,1.2879,1.50,2.25
2013.03.19 18:45:45.283,1.28785,1.28789,1.50,3.38
2013.03.19 18:45:45.402,1.28781,1.28788,1.13,2.44
2013.03.19 18:45:45.583,1.2878,1.28786,4.50,2.85
2013.03.19 18:45:47.052,1.2878,1.28786,3.00,6.30
2013.03.19 18:45:47.412,1.28779,1.28781,1.50,4.39
2013.03.19 18:45:47.773,1.28775,1.2878,1.50,2.10
2013.03.19 18:45:48.973,1.28775,1.28779,1.50,1.50
2013.03.19 18:45:49.212,1.28773,1.28777,1.50,1.35
2013.03.19 18:45:49.393,1.28771,1.28776,3.75,3.98
2013.03.19 18:45:51.384,1.28771,1.28775,2.63,1.35
2013.03.19 18:45:51.892,1.28771,1.28775,1.13,1.35
2013.03.19 18:45:54.367,1.28771,1.28775,1.13,2.10
2013.03.19 18:45:54.613,1.28769,1.28774,3.00,5.29
2013.03.19 18:45:55.947,1.28767,1.28772,2.63,1.50
2013.03.19 18:45:56.252,1.28764,1.28766,1.50,3.60
2013.03.19 18:45:56.792,1.2876,1.28766,4.50,3.60
2013.03.19 18:46:00.434,1.28761,1.28766,1.13,1.35
2013.03.19 18:46:01.110,1.28762,1.28767,1.50,4.50
2013.03.19 18:46:01.422,1.28762,1.28768,6.60,2.10
2013.03.19 18:46:01.542,1.28763,1.28768,3.00,2.10
2013.03.19 18:46:03.324,1.28771,1.28773,1.88,1.35
2013.03.19 18:46:03.443,1.28766,1.28771,2.25,2.55
2013.03.19 18:46:03.563,1.28766,1.2877,3.38,1.35
2013.03.19 18:46:03.683,1.28767,1.28772,1.88,3.60
2013.03.19 18:46:03.744,1.28769,1.28772,1.13,1.50
2013.03.19 18:46:04.103,1.2877,1.28775,4.13,1.35
2013.03.19 18:46:04.873,1.28771,1.28775,1.50,1.35
2013.03.19 18:46:05.520,1.28769,1.28775,3.98,2.10
2013.03.19 18:46:06.523,1.2877,1.28776,2.25,3.23
2013.03.19 18:46:09.764,1.28774,1.28776,1.88,1.50
2013.03.19 18:46:10.122,1.28778,1.28784,7.50,2.48
2013.03.19 18:46:10.182,1.2878,1.28784,2.25,1.88
2013.03.19 18:46:10.723,1.2878,1.28785,1.50,2.70
2013.03.19 18:46:11.022,1.28779,1.28783,1.88,1.50
2013.03.19 18:46:11.572,1.28778,1.28783,1.88,2.85
2013.03.19 18:46:12.102,1.28778,1.28783,1.88,2.10
2013.03.19 18:46:12.643,1.28778,1.28784,1.13,5.29
2013.03.19 18:46:13.762,1.28779,1.28783,1.50,1.50
2013.03.19 18:46:13.943,1.28779,1.28784,2.48,2.29
2013.03.19 18:46:14.543,1.28781,1.28784,1.50,1.50
2013.03.19 18:46:16.513,1.28781,1.28785,1.50,1.50
2013.03.19 18:46:22.682,1.28781,1.28785,1.50,1.50
2013.03.19 18:46:23.224,1.28781,1.28787,1.50,2.10
2013.03.19 18:46:23.762,1.28781,1.28787,3.75,2.10
2013.03.19 18:46:24.243,1.28781,1.28786,2.25,2.10
2013.03.19 18:46:28.102,1.28782,1.28786,1.50,1.35
2013.03.19 18:46:30.184,1.28784,1.28787,1.73,2.10
2013.03.19 18:46:30.303,1.28786,1.28789,1.50,2.78
2013.03.19 18:46:30.423,1.28787,1.2879,2.25,2.48
2013.03.19 18:46:30.543,1.28787,1.28791,2.25,2.55
2013.03.19 18:46:31.082,1.28788,1.28792,1.50,2.70
2013.03.19 18:46:32.172,1.28788,1.28791,1.50,2.33
2013.03.19 18:46:35.123,1.28788,1.28791,1.50,2.33
2013.03.19 18:46:35.814,1.28786,1.28791,3.00,2.33
2013.03.19 18:46:36.113,1.28784,1.28788,6.38,1.50
2013.03.19 18:46:36.652,1.28782,1.28787,3.75,2.10
2013.03.19 18:46:38.003,1.28784,1.28787,1.73,1.50
2013.03.19 18:46:38.063,1.28784,1.28787,1.73,1.50
2013.03.19 18:46:38.124,1.28785,1.28789,2.25,3.98
2013.03.19 18:46:38.243,1.2879,1.28795,2.26,1.50
2013.03.19 18:46:38.482,1.28792,1.28797,3.38,1.35
2013.03.19 18:46:38.603,1.28792,1.28797,1.88,2.10
2013.03.19 18:46:39.142,1.28791,1.28796,2.25,2.10
2013.03.19 18:46:39.672,1.28789,1.28795,4.50,2.10
2013.03.19 18:46:39.732,1.28789,1.28795,4.50,2.10
2013.03.19 18:46:41.103,1.28789,1.28791,2.25,2.33
2013.03.19 18:46:41.163,1.28786,1.28791,6.00,3.08
2013.03.19 18:46:41.224,1.28786,1.28791,2.25,3.08
2013.03.19 18:46:41.463,1.28784,1.28788,1.13,2.10
2013.03.19 18:46:41.990,1.28783,1.28788,1.50,2.85
2013.03.19 18:46:42.942,1.28783,1.28788,1.50,3.00
2013.03.19 18:46:43.362,1.28782,1.28788,2.25,3.00
2013.03.19 18:46:44.434,1.28781,1.28787,3.00,1.50
2013.03.19 18:46:45.025,1.28781,1.28787,5.25,1.50
2013.03.19 18:46:45.212,1.28782,1.28788,1.50,5.85
2013.03.19 18:46:47.023,1.28782,1.28787,1.13,2.10
2013.03.19 18:46:47.574,1.28782,1.28786,1.13,1.50
2013.03.19 18:46:47.703,1.28781,1.28785,2.25,1.50
2013.03.19 18:46:48.012,1.2878,1.28785,1.50,4.73
2013.03.19 18:46:48.072,1.2878,1.28784,1.50,1.50
2013.03.19 18:46:48.192,1.28779,1.28784,1.88,2.85
2013.03.19 18:46:51.263,1.28779,1.28784,1.88,2.10
2013.03.19 18:46:54.131,1.28779,1.28784,4.13,2.10
2013.03.19 18:47:01.079,1.2878,1.28784,1.50,3.60
2013.03.19 18:47:01.641,1.28778,1.28783,3.75,1.50
2013.03.19 18:47:02.942,1.28781,1.28784,2.10,3.04
2013.03.19 18:47:03.245,1.28788,1.28791,1.50,2.25
2013.03.19 18:47:03.375,1.2879,1.28794,2.44,1.50
2013.03.19 18:47:04.333,1.28791,1.28796,1.50,3.08
2013.03.19 18:47:05.022,1.28791,1.28796,2.44,3.08
2013.03.19 18:47:06.089,1.28791,1.28796,1.50,3.83
2013.03.19 18:47:07.064,1.2879,1.28795,4.69,1.50
2013.03.19 18:47:07.124,1.28792,1.28795,1.13,1.50
2013.03.19 18:47:07.304,1.28794,1.28797,2.10,2.10
2013.03.19 18:47:07.425,1.28794,1.28798,2.10,2.10
2013.03.19 18:47:07.723,1.28799,1.28804,1.50,2.29
2013.03.19 18:47:08.082,1.28799,1.28804,2.25,2.29
2013.03.19 18:47:08.624,1.28799,1.28804,2.25,3.79
2013.03.19 18:47:09.473,1.28799,1.28804,2.25,4.54
2013.03.19 18:47:11.423,1.28799,1.28804,3.00,4.69
2013.03.19 18:47:11.903,1.288,1.28805,2.25,2.29
2013.03.19 18:47:11.963,1.28801,1.28806,1.50,6.04
2013.03.19 18:47:15.182,1.288,1.28806,3.19,3.98
2013.03.19 18:47:15.716,1.288,1.28805,3.19,2.10
2013.03.19 18:47:16.264,1.288,1.28804,1.50,2.10
2013.03.19 18:47:16.567,1.288,1.28802,1.50,4.07
2013.03.19 18:47:16.874,1.28797,1.28803,2.48,8.70
2013.03.19 18:47:16.935,1.28798,1.28801,1.50,1.50
2013.03.19 18:47:17.242,1.28798,1.288,1.50,1.50
2013.03.19 18:47:17.304,1.28792,1.28796,1.50,2.48
2013.03.19 18:47:17.363,1.28794,1.28797,4.92,1.58
2013.03.19 18:47:17.663,1.28799,1.28802,2.44,1.50
2013.03.19 18:47:18.883,1.28799,1.28802,2.48,2.25
2013.03.19 18:47:19.422,1.28797,1.28802,2.25,1.50
2013.03.19 18:47:21.084,1.28798,1.28802,1.50,1.50
2013.03.19 18:47:21.612,1.28798,1.28802,1.50,1.50
2013.03.19 18:47:22.463,1.28798,1.28802,1.50,1.50
2013.03.19 18:47:22.973,1.28798,1.28803,1.50,1.50
2013.03.19 18:47:27.791,1.28798,1.28803,3.00,1.35
2013.03.19 18:47:28.232,1.28798,1.28801,1.50,3.32
2013.03.19 18:47:28.544,1.28795,1.28797,1.50,2.85
2013.03.19 18:47:28.663,1.28792,1.28796,8.25,3.75
2013.03.19 18:47:29.202,1.28791,1.28796,2.25,3.23
2013.03.19 18:47:29.712,1.28792,1.28796,1.50,1.13
2013.03.19 18:47:30.242,1.28792,1.28797,2.25,2.10
2013.03.19 18:47:30.842,1.28792,1.28797,3.00,1.35
2013.03.19 18:47:31.492,1.28792,1.28798,3.75,1.50
2013.03.19 18:47:31.616,1.28795,1.28799,2.25,2.10
2013.03.19 18:47:31.745,1.28796,1.288,2.44,3.04
2013.03.19 18:47:31.863,1.28799,1.28802,2.85,1.35
2013.03.19 18:47:31.984,1.288,1.28802,1.88,1.35
2013.03.19 18:47:32.165,1.28801,1.28807,3.00,3.23
2013.03.19 18:47:32.522,1.28804,1.28808,1.13,1.50
2013.03.19 18:47:32.772,1.28804,1.28808,1.13,1.35
2013.03.19 18:47:34.003,1.28803,1.28807,1.88,1.35
2013.03.19 18:47:34.512,1.28803,1.28808,2.63,1.35
2013.03.19 18:47:35.303,1.28803,1.28809,3.38,3.98
2013.03.19 18:47:35.485,1.28806,1.28809,1.50,2.85
2013.03.19 18:47:36.022,1.28807,1.28811,1.50,1.58
2013.03.19 18:47:38.543,1.28805,1.28809,1.13,1.35
2013.03.19 18:47:39.089,1.28804,1.28809,3.60,2.85
2013.03.19 18:47:40.673,1.28803,1.28808,1.88,2.85
2013.03.19 18:47:43.852,1.28805,1.28809,3.77,2.25
2013.03.19 18:47:44.154,1.28803,1.28812,2.44,6.90
2013.03.19 18:47:44.212,1.28804,1.28813,2.44,1.73
2013.03.19 18:47:46.623,1.28812,1.28816,2.25,1.73
2013.03.19 18:47:46.694,1.28812,1.28815,2.25,2.25
2013.03.19 18:47:48.853,1.28811,1.28814,1.69,2.25
2013.03.19 18:47:48.913,1.28812,1.28816,1.50,4.50
2013.03.19 18:47:49.462,1.28811,1.28816,2.44,3.23
2013.03.19 18:47:50.343,1.28814,1.28816,2.25,2.25
2013.03.19 18:47:50.706,1.28818,1.28822,7.58,1.50
2013.03.19 18:47:50.775,1.28819,1.28822,7.77,1.50
2013.03.19 18:47:51.015,1.28822,1.28827,3.00,1.35
2013.03.19 18:47:51.553,1.28823,1.28828,1.50,1.73
2013.03.19 18:47:52.094,1.28824,1.28829,2.25,2.85
2013.03.19 18:47:53.565,1.28822,1.28827,3.98,1.35
2013.03.19 18:47:53.692,1.28821,1.28826,1.50,3.30
2013.03.19 18:47:53.932,1.28821,1.28826,1.50,3.30
2013.03.19 18:48:00.552,1.2882,1.28825,2.25,2.10
2013.03.19 18:48:00.793,1.28819,1.28823,1.50,9.93
2013.03.19 18:48:00.972,1.28817,1.28819,2.63,2.40
2013.03.19 18:48:01.032,1.28815,1.28819,2.25,4.09
2013.03.19 18:48:01.093,1.28812,1.28816,4.13,2.33
2013.03.19 18:48:01.523,1.28809,1.28815,2.25,4.35
2013.03.19 18:48:02.062,1.2881,1.28815,1.50,2.10
2013.03.19 18:48:02.584,1.2881,1.28815,1.50,4.35
2013.03.19 18:48:03.763,1.28809,1.28814,1.50,2.10
2013.03.19 18:48:04.322,1.2881,1.28815,1.50,4.35
2013.03.19 18:48:04.823,1.28811,1.28816,1.50,3.08
2013.03.19 18:48:05.372,1.2881,1.28816,2.25,5.48
2013.03.19 18:48:05.977,1.2881,1.28816,2.25,5.33
2013.03.19 18:48:07.462,1.2881,1.28816,1.50,3.08
2013.03.19 18:48:08.302,1.2881,1.28815,1.50,1.35
2013.03.19 18:48:09.592,1.2881,1.28816,1.50,4.58
2013.03.19 18:48:10.282,1.2881,1.28816,2.25,3.83
2013.03.19 18:48:10.863,1.2881,1.28815,1.50,1.35
2013.03.19 18:48:11.933,1.28811,1.28816,2.25,1.58
2013.03.19 18:48:15.982,1.28811,1.28817,3.00,2.10
2013.03.19 18:48:16.524,1.28812,1.28818,3.00,2.10
2013.03.19 18:48:16.584,1.28814,1.28818,1.50,1.35
2013.03.19 18:48:16.763,1.28819,1.28824,2.25,1.50
2013.03.19 18:48:16.824,1.2882,1.28825,1.50,3.00
2013.03.19 18:48:16.884,1.2882,1.28826,1.50,1.50
2013.03.19 18:48:17.003,1.2882,1.28827,1.50,2.48
2013.03.19 18:48:17.963,1.2882,1.28827,1.50,2.48
2013.03.19 18:48:18.623,1.2882,1.28826,1.50,1.58
2013.03.19 18:48:18.953,1.28817,1.2882,1.34,2.67
2013.03.19 18:48:20.694,1.28816,1.2882,1.34,2.82
2013.03.19 18:48:20.933,1.2881,1.28816,1.50,14.16
2013.03.19 18:48:20.993,1.28809,1.28813,2.63,2.70
2013.03.19 18:48:21.053,1.28807,1.28813,1.50,2.70
2013.03.19 18:48:21.233,1.28807,1.28813,1.50,2.89
2013.03.19 18:48:21.595,1.2881,1.28814,1.50,3.75
2013.03.19 18:48:21.654,1.28811,1.28817,3.00,3.79
2013.03.19 18:48:21.832,1.28812,1.28817,1.50,3.60
2013.03.19 18:48:22.372,1.28811,1.28817,2.25,2.85
2013.03.19 18:48:26.862,1.28811,1.28816,1.50,3.60
2013.03.19 18:48:28.602,1.28811,1.28816,2.25,3.00
2013.03.19 18:48:30.905,1.28815,1.28819,1.92,4.35
2013.03.19 18:48:31.215,1.28819,1.28822,2.10,3.00
2013.03.19 18:48:31.532,1.28814,1.28818,2.48,3.60
2013.03.19 18:48:32.072,1.28814,1.28819,2.25,5.10
2013.03.19 18:48:35.963,1.28814,1.28819,1.88,2.25
2013.03.19 18:48:36.263,1.28815,1.2882,1.50,2.48
2013.03.19 18:48:38.391,1.28815,1.28821,1.50,2.48
2013.03.19 18:48:38.933,1.28817,1.28821,2.25,1.13
2013.03.19 18:48:40.832,1.28823,1.28828,1.50,1.73
2013.03.19 18:48:42.271,1.28823,1.28828,2.25,1.88
2013.03.19 18:48:43.172,1.28823,1.28829,2.25,3.38
2013.03.19 18:48:43.711,1.28823,1.28828,1.50,1.73
2013.03.19 18:48:44.515,1.28823,1.28828,2.25,1.73
2013.03.19 18:48:45.405,1.28824,1.28827,1.50,1.13
2013.03.19 18:48:46.042,1.28824,1.28828,2.25,3.00
2013.03.19 18:48:47.024,1.28824,1.28829,3.75,2.25
2013.03.19 18:48:47.212,1.28826,1.28829,1.50,2.25
2013.03.19 18:48:48.924,1.28824,1.28829,2.25,2.10
2013.03.19 18:48:49.043,1.28827,1.2883,2.25,1.50
2013.03.19 18:48:49.162,1.28829,1.28831,1.50,1.97
2013.03.19 18:48:50.333,1.28829,1.28832,2.25,1.50
2013.03.19 18:48:50.452,1.28829,1.28833,2.25,1.50
2013.03.19 18:48:50.993,1.2883,1.28832,1.50,1.50
2013.03.19 18:48:51.112,1.2883,1.28834,1.50,2.25
2013.03.19 18:48:52.052,1.28829,1.28834,3.00,2.25
2013.03.19 18:48:54.704,1.2883,1.28834,1.50,1.88
2013.03.19 18:48:55.255,1.28829,1.28834,3.00,1.50
2013.03.19 18:48:55.943,1.2883,1.28834,1.50,1.50
2013.03.19 18:48:56.523,1.28831,1.28834,1.50,1.50
2013.03.19 18:48:57.394,1.28831,1.28834,1.50,1.50
2013.03.19 18:48:59.263,1.28829,1.28833,4.50,1.58
2013.03.19 18:48:59.444,1.28825,1.28828,2.25,3.98
2013.03.19 18:48:59.514,1.28822,1.28826,1.50,2.48
2013.03.19 18:48:59.754,1.28821,1.28826,2.25,3.08
2013.03.19 18:49:00.293,1.28821,1.28823,1.50,1.50
2013.03.19 18:49:00.833,1.2882,1.28825,3.00,1.50
2013.03.19 18:49:01.894,1.2882,1.28825,3.00,1.50
2013.03.19 18:49:04.032,1.2882,1.28823,1.50,1.50
2013.03.19 18:49:04.575,1.28819,1.28824,2.25,2.25
2013.03.19 18:49:04.942,1.2882,1.28824,1.50,1.43
2013.03.19 18:49:05.913,1.2882,1.28824,1.50,1.43
2013.03.19 18:49:06.452,1.28821,1.28825,1.50,1.50
2013.03.19 18:49:08.125,1.28823,1.28826,1.50,1.50
2013.03.19 18:49:08.243,1.28823,1.28827,1.50,1.50
2013.03.19 18:49:08.782,1.28824,1.28827,1.50,2.25
2013.03.19 18:49:10.303,1.28823,1.28826,1.50,2.25
2013.03.19 18:49:10.362,1.28822,1.28826,2.25,2.25
2013.03.19 18:49:14.122,1.28821,1.28825,2.25,1.50
2013.03.19 18:49:14.713,1.28821,1.28823,1.50,1.50
2013.03.19 18:49:14.834,1.28819,1.28822,1.50,2.31
2013.03.19 18:49:15.014,1.28816,1.28819,2.44,3.00
2013.03.19 18:49:15.133,1.28813,1.28818,1.50,1.35
2013.03.19 18:49:18.453,1.28813,1.28817,1.50,1.50
2013.03.19 18:49:19.193,1.28814,1.28818,1.50,1.35
2013.03.19 18:49:19.493,1.28819,1.28825,5.89,1.50
2013.03.19 18:49:20.033,1.28823,1.28828,1.50,2.85
2013.03.19 18:49:21.724,1.28822,1.28827,1.50,1.35
2013.03.19 18:49:24.232,1.28822,1.28828,3.00,2.85
2013.03.19 18:49:25.053,1.28823,1.28828,2.25,2.85
2013.03.19 18:49:26.462,1.28823,1.28828,1.50,2.85
2013.03.19 18:49:27.028,1.28823,1.28827,1.50,1.50
2013.03.19 18:49:29.232,1.28823,1.28827,1.50,1.50
2013.03.19 18:49:29.743,1.28823,1.28826,1.50,1.50
2013.03.19 18:49:36.696,1.28824,1.28826,2.25,1.50
2013.03.19 18:49:37.242,1.28824,1.28826,1.50,1.50
2013.03.19 18:49:38.083,1.28822,1.28826,2.25,1.50
2013.03.19 18:49:40.332,1.28823,1.28826,1.50,1.50
2013.03.19 18:49:47.323,1.28824,1.28827,1.50,2.25
2013.03.19 18:49:53.164,1.28822,1.28827,2.25,2.25
2013.03.19 18:49:56.793,1.28823,1.28827,1.50,2.25
2013.03.19 18:49:57.343,1.28822,1.28827,2.25,2.25
2013.03.19 18:49:57.882,1.28822,1.28827,1.50,2.85
2013.03.19 18:49:58.402,1.28822,1.28827,1.50,2.25
2013.03.19 18:50:00.383,1.28822,1.28827,1.50,3.75
2013.03.19 18:50:03.093,1.28822,1.28827,1.50,3.00
2013.03.19 18:50:04.350,1.28823,1.28828,2.25,2.25
2013.03.19 18:50:05.831,1.28822,1.28828,3.00,2.85
2013.03.19 18:50:06.343,1.28822,1.28828,3.00,2.85
2013.03.19 18:50:06.873,1.28822,1.28826,3.00,1.50
2013.03.19 18:50:08.582,1.28823,1.28826,1.50,1.50
2013.03.19 18:50:10.782,1.28823,1.28827,1.50,2.25
2013.03.19 18:50:12.755,1.28823,1.28827,1.50,2.25
2013.03.19 18:50:13.003,1.28822,1.28827,1.50,2.85
2013.03.19 18:50:18.622,1.28821,1.28826,2.25,1.20
2013.03.19 18:50:19.163,1.28821,1.28826,2.25,2.25
2013.03.19 18:50:21.012,1.28821,1.28827,3.00,2.85
2013.03.19 18:50:21.564,1.28821,1.28827,3.38,2.85
2013.03.19 18:50:24.494,1.28821,1.28827,3.00,2.25
2013.03.19 18:50:30.263,1.28822,1.28827,1.50,2.25
2013.03.19 18:50:39.062,1.28819,1.28824,8.70,1.13
2013.03.19 18:50:39.125,1.28819,1.28821,6.44,3.38
2013.03.19 18:50:39.245,1.28814,1.28821,2.10,11.45
2013.03.19 18:50:39.794,1.28813,1.28815,1.50,1.50
2013.03.19 18:50:40.154,1.28807,1.28812,1.50,15.93
2013.03.19 18:50:40.213,1.288,1.28809,3.19,2.48
2013.03.19 18:50:40.393,1.28802,1.28806,7.51,2.78
2013.03.19 18:50:40.458,1.28796,1.28803,3.00,9.23
2013.03.19 18:50:40.526,1.28794,1.28799,2.55,1.50
2013.03.19 18:50:40.953,1.28793,1.28798,2.25,1.35
2013.03.19 18:50:41.492,1.28792,1.28796,1.50,2.25
2013.03.19 18:50:41.614,1.28792,1.28795,1.50,1.13
2013.03.19 18:50:41.808,1.28785,1.28791,1.88,11.68
2013.03.19 18:50:41.994,1.28784,1.28789,3.00,2.07
2013.03.19 18:50:42.055,1.28784,1.28787,2.25,1.35
2013.03.19 18:50:42.482,1.28782,1.28786,1.13,1.88
2013.03.19 18:50:43.083,1.28782,1.28786,1.50,1.88
2013.03.19 18:50:43.736,1.2878,1.28784,1.50,1.50
2013.03.19 18:50:43.812,1.28778,1.28784,3.75,1.35
2013.03.19 18:50:44.413,1.28777,1.28782,2.25,2.10
2013.03.19 18:50:44.473,1.28771,1.28776,2.25,2.10
2013.03.19 18:50:45.013,1.28774,1.28777,1.13,2.85
2013.03.19 18:50:45.314,1.28776,1.28781,1.50,7.13
2013.03.19 18:50:45.672,1.2878,1.28785,2.25,1.35
2013.03.19 18:50:46.327,1.2878,1.28785,2.25,1.35
2013.03.19 18:50:49.625,1.2878,1.28785,2.25,2.25
2013.03.19 18:50:50.172,1.28783,1.28785,1.50,1.35
2013.03.19 18:50:53.292,1.28783,1.28787,1.50,1.35
2013.03.19 18:50:53.794,1.28783,1.28786,1.50,1.35
2013.03.19 18:50:54.342,1.28781,1.28785,1.69,1.35
2013.03.19 18:50:54.853,1.28782,1.28786,1.50,1.35
2013.03.19 18:50:55.218,1.28782,1.28788,2.25,2.70
2013.03.19 18:50:55.403,1.28783,1.28788,1.50,1.80
2013.03.19 18:50:56.400,1.28782,1.28788,1.50,1.20
2013.03.19 18:50:56.479,1.28782,1.28788,3.00,3.60
2013.03.19 18:50:57.513,1.28782,1.28788,2.25,2.25
2013.03.19 18:50:58.033,1.28782,1.28787,2.25,1.35
2013.03.19 18:50:59.194,1.28783,1.28787,1.50,1.35
2013.03.19 18:50:59.783,1.28782,1.28786,1.50,2.10
2013.03.19 18:51:00.802,1.28782,1.28787,2.25,1.35
2013.03.19 18:51:01.352,1.28781,1.28788,3.00,1.50
2013.03.19 18:51:03.824,1.28782,1.28789,1.50,3.98
2013.03.19 18:51:03.885,1.28782,1.28789,1.50,3.23
2013.03.19 18:51:04.423,1.28782,1.28786,2.25,1.35
2013.03.19 18:51:04.843,1.28782,1.28788,2.25,2.25
2013.03.19 18:51:05.143,1.28781,1.28787,1.50,3.38
2013.03.19 18:51:05.673,1.2878,1.28785,3.00,1.13
2013.03.19 18:51:07.024,1.28781,1.28785,3.75,1.13
2013.03.19 18:51:07.997,1.28781,1.28785,3.00,2.48
2013.03.19 18:51:08.544,1.2878,1.28785,1.50,2.48
2013.03.19 18:51:09.063,1.2878,1.28785,2.25,2.48
2013.03.19 18:51:09.704,1.28781,1.28785,3.00,1.73
2013.03.19 18:51:10.278,1.28781,1.28785,3.00,2.10
2013.03.19 18:51:10.984,1.28779,1.28784,3.98,1.35
2013.03.19 18:51:11.524,1.2878,1.28784,3.00,1.35
2013.03.19 18:51:14.723,1.28779,1.28784,2.85,1.35
2013.03.19 18:51:16.074,1.28779,1.28784,2.48,1.35
2013.03.19 18:51:16.603,1.28779,1.28784,2.48,1.35
2013.03.19 18:51:17.153,1.28781,1.28785,1.50,2.10
2013.03.19 18:51:21.043,1.2878,1.28785,2.25,1.35
2013.03.19 18:51:21.104,1.28782,1.28785,1.50,1.35
2013.03.19 18:51:21.463,1.28782,1.28787,1.88,2.10
2013.03.19 18:51:21.623,1.28782,1.28787,1.88,2.85
2013.03.19 18:51:21.743,1.28783,1.28787,1.88,2.25
2013.03.19 18:51:21.864,1.28782,1.28786,1.13,1.50
2013.03.19 18:51:22.422,1.28779,1.28787,4.73,3.94
2013.03.19 18:51:24.605,1.28779,1.28785,2.48,1.13
2013.03.19 18:51:28.873,1.28779,1.28784,1.73,2.07
2013.03.19 18:51:30.764,1.28779,1.28784,2.48,1.32
2013.03.19 18:51:34.014,1.28779,1.28784,2.48,1.32
2013.03.19 18:51:36.544,1.28779,1.28784,1.73,1.32
2013.03.19 18:51:37.084,1.28781,1.28785,1.50,1.50
2013.03.19 18:51:38.693,1.28781,1.28785,1.50,1.50
2013.03.19 18:51:40.272,1.28781,1.28785,1.50,1.50
2013.03.19 18:51:43.832,1.28781,1.28785,1.50,2.25
2013.03.19 18:51:44.372,1.28781,1.28785,1.50,2.25
2013.03.19 18:51:51.356,1.28781,1.28785,1.50,2.25
2013.03.19 18:51:58.053,1.2878,1.28785,3.00,1.50
2013.03.19 18:52:00.293,1.28781,1.28785,1.50,1.50
2013.03.19 18:52:00.833,1.28782,1.28786,1.50,2.63
2013.03.19 18:52:01.417,1.28784,1.28786,1.50,1.13
2013.03.19 18:52:01.942,1.28781,1.28786,4.88,1.13
2013.03.19 18:52:05.621,1.28782,1.28787,1.50,3.75
2013.03.19 18:52:05.862,1.28785,1.28787,1.22,1.50
2013.03.19 18:52:06.164,1.28787,1.28793,12.38,1.32
2013.03.19 18:52:06.223,1.28791,1.28795,1.50,1.32
2013.03.19 18:52:06.702,1.28792,1.28797,1.50,2.07
2013.03.19 18:52:09.113,1.28791,1.28797,2.25,3.57
2013.03.19 18:52:09.652,1.28791,1.28797,2.25,3.57
2013.03.19 18:52:14.042,1.28791,1.28796,1.50,2.45
2013.03.19 18:52:14.743,1.28789,1.28792,4.13,1.13
2013.03.19 18:52:14.818,1.28783,1.28788,1.50,5.07
2013.03.19 18:52:15.332,1.28782,1.28788,2.25,3.00
2013.03.19 18:52:15.573,1.28781,1.28786,2.25,3.00
2013.03.19 18:52:16.112,1.2878,1.28786,3.00,3.98
2013.03.19 18:52:16.651,1.28781,1.28786,1.50,2.07
2013.03.19 18:52:17.591,1.2878,1.28786,4.50,2.82
2013.03.19 18:52:41.542,1.28781,1.28785,1.50,1.32
2013.03.19 18:52:42.053,1.28781,1.28785,1.50,1.32
2013.03.19 18:52:42.602,1.28781,1.28785,1.50,2.45
2013.03.19 18:52:43.583,1.2878,1.28785,1.50,2.82
2013.03.19 18:52:43.945,1.28778,1.28785,1.50,4.35
2013.03.19 18:52:44.494,1.28778,1.28783,1.50,2.07
2013.03.19 18:52:44.579,1.28779,1.28781,1.50,1.50
2013.03.19 18:52:44.891,1.28776,1.28782,2.85,3.20
2013.03.19 18:52:45.143,1.28775,1.28781,4.13,3.20
2013.03.19 18:52:48.963,1.28775,1.2878,1.50,3.20
2013.03.19 18:52:50.528,1.28773,1.28781,2.48,13.42
2013.03.19 18:52:50.855,1.28775,1.28778,1.50,3.53
2013.03.19 18:52:50.984,1.28774,1.28777,1.50,1.32
2013.03.19 18:52:51.703,1.28773,1.28777,1.69,1.32
2013.03.19 18:52:52.252,1.28773,1.28775,1.50,1.32
2013.03.19 18:52:54.132,1.28771,1.28775,1.50,8.15
2013.03.19 18:52:54.193,1.2877,1.28774,2.25,6.23
2013.03.19 18:52:54.553,1.28769,1.28773,2.63,1.32
2013.03.19 18:52:54.852,1.28767,1.28773,4.69,3.57
2013.03.19 18:52:54.975,1.28767,1.28771,1.50,3.00
2013.03.19 18:52:55.044,1.28766,1.2877,1.50,1.35
2013.03.19 18:52:55.582,1.28764,1.2877,2.25,2.45
2013.03.19 18:52:56.113,1.28763,1.28768,1.50,3.20
2013.03.19 18:52:56.664,1.28762,1.28767,1.69,1.70
2013.03.19 18:52:57.943,1.28761,1.28766,1.50,3.20
2013.03.19 18:52:58.482,1.28761,1.28765,1.50,1.32
2013.03.19 18:52:59.123,1.2876,1.28765,1.50,2.45
2013.03.19 18:52:59.184,1.2876,1.28764,1.13,1.88
2013.03.19 18:52:59.302,1.28759,1.28764,1.88,1.70
2013.03.19 18:52:59.483,1.28758,1.28763,1.50,1.13
2013.03.19 18:52:59.664,1.28758,1.28762,1.50,2.82
2013.03.19 18:53:00.316,1.28756,1.28761,2.10,2.82
2013.03.19 18:53:00.805,1.28755,1.28761,3.57,2.07
2013.03.19 18:53:01.352,1.28755,1.28759,1.50,1.13
2013.03.19 18:53:01.712,1.28755,1.28757,1.50,2.25
2013.03.19 18:53:01.893,1.28753,1.28758,4.32,4.73
2013.03.19 18:53:02.073,1.28752,1.28757,3.00,1.32
2013.03.19 18:53:02.442,1.28753,1.28755,1.50,1.50
2013.03.19 18:53:02.502,1.28751,1.28754,2.25,1.50
2013.03.19 18:53:02.682,1.28744,1.28749,3.98,1.51
2013.03.19 18:53:02.864,1.28746,1.2875,2.25,2.44
2013.03.19 18:53:03.284,1.28744,1.28747,1.50,3.61
2013.03.19 18:53:03.405,1.28742,1.28746,1.50,1.95
2013.03.19 18:53:03.823,1.28744,1.28746,1.22,3.00
2013.03.19 18:53:04.372,1.28743,1.28747,1.50,1.32
2013.03.19 18:53:05.404,1.28746,1.28749,2.25,2.07
2013.03.19 18:53:05.763,1.28751,1.28755,1.50,1.50
2013.03.19 18:53:05.883,1.28751,1.28756,1.50,1.35
2013.03.19 18:53:06.423,1.2875,1.28755,2.25,1.88
2013.03.19 18:53:07.014,1.2875,1.28755,1.50,1.88
2013.03.19 18:53:07.304,1.28749,1.28753,3.23,2.25
2013.03.19 18:53:07.363,1.28749,1.28752,1.50,1.55
2013.03.19 18:53:07.482,1.28749,1.28753,3.98,3.75
2013.03.19 18:53:07.784,1.28749,1.28754,3.98,1.88
2013.03.19 18:53:08.383,1.2875,1.28754,1.50,1.88
2013.03.19 18:53:09.042,1.28749,1.28754,3.98,1.88
2013.03.19 18:53:09.224,1.28749,1.28751,2.25,1.09
2013.03.19 18:53:09.847,1.28748,1.28751,1.50,5.63
2013.03.19 18:53:09.926,1.28743,1.28747,3.00,1.13
2013.03.19 18:53:10.474,1.28743,1.28747,1.50,1.88
2013.03.19 18:53:13.176,1.28742,1.28747,3.75,1.88
2013.03.19 18:53:15.782,1.28742,1.28747,2.25,2.45
2013.03.19 18:53:18.022,1.28741,1.28746,3.00,2.07
2013.03.19 18:53:19.443,1.28741,1.28746,1.50,4.32
2013.03.19 18:53:19.684,1.28739,1.28745,2.40,3.95
2013.03.19 18:53:20.203,1.28739,1.28744,1.65,2.45
2013.03.19 18:53:20.742,1.28739,1.28744,1.50,3.20
2013.03.19 18:53:21.660,1.28733,1.28738,4.13,6.95
2013.03.19 18:53:21.845,1.28732,1.28736,1.50,2.89
2013.03.19 18:53:22.383,1.2873,1.28735,2.25,1.70
2013.03.19 18:53:22.571,1.28732,1.28735,1.50,1.70
2013.03.19 18:53:22.875,1.28736,1.2874,1.50,2.63
2013.03.19 18:53:23.004,1.28737,1.28743,3.00,3.20
2013.03.19 18:53:23.561,1.28738,1.28743,2.25,2.63
2013.03.19 18:53:24.733,1.28738,1.28743,1.50,1.88
2013.03.19 18:53:24.973,1.28736,1.28741,2.25,2.45
2013.03.19 18:53:25.032,1.28736,1.2874,1.50,1.50
2013.03.19 18:53:25.153,1.28734,1.28739,1.73,1.32
2013.03.19 18:53:25.632,1.28734,1.28738,1.50,1.13
2013.03.19 18:53:26.112,1.28736,1.28741,4.50,2.48
2013.03.19 18:53:27.753,1.28736,1.28741,3.00,3.23
2013.03.19 18:53:28.732,1.28736,1.2874,3.00,1.50
2013.03.19 18:53:29.332,1.28739,1.28741,1.50,1.13
2013.03.19 18:53:30.273,1.28739,1.28742,1.50,1.50
2013.03.19 18:53:30.812,1.28738,1.28742,2.25,1.50
2013.03.19 18:53:31.683,1.28737,1.28742,1.50,4.32
2013.03.19 18:53:31.984,1.28732,1.28735,2.25,1.50
2013.03.19 18:53:32.523,1.28731,1.28735,1.50,1.13
2013.03.19 18:53:33.072,1.28731,1.28736,1.50,3.05
2013.03.19 18:53:33.492,1.28732,1.28736,1.50,1.88
2013.03.19 18:53:34.553,1.28728,1.28735,5.70,4.50
2013.03.19 18:53:34.633,1.28727,1.28734,3.00,1.50
2013.03.19 18:53:36.093,1.28721,1.28726,2.25,2.82
2013.03.19 18:53:36.655,1.28721,1.28726,1.50,2.82
2013.03.19 18:53:38.222,1.2872,1.28725,3.38,2.07
2013.03.19 18:53:38.764,1.2872,1.28725,1.88,2.82
2013.03.19 18:53:39.015,1.2872,1.28723,1.50,1.88
2013.03.19 18:53:39.261,1.28717,1.28722,2.63,4.51
2013.03.19 18:53:39.802,1.28717,1.28723,1.88,3.20
2013.03.19 18:53:40.543,1.28717,1.28723,1.88,2.45
2013.03.19 18:53:40.902,1.2872,1.28726,1.50,2.82
2013.03.19 18:53:42.342,1.2872,1.28726,3.00,2.45
2013.03.19 18:53:42.893,1.28721,1.28726,2.07,1.32
2013.03.19 18:53:42.953,1.28721,1.28727,2.25,1.70
2013.03.19 18:53:43.572,1.28722,1.28727,4.13,1.32
2013.03.19 18:53:43.693,1.28726,1.28728,1.13,1.50
2013.03.19 18:53:43.816,1.28728,1.28732,1.50,1.50
2013.03.19 18:53:43.884,1.28731,1.28734,1.50,3.00
2013.03.19 18:53:43.944,1.28732,1.28735,2.25,3.75
2013.03.19 18:53:44.062,1.28732,1.28735,3.00,1.50
2013.03.19 18:53:44.423,1.28732,1.28738,2.25,2.82
2013.03.19 18:53:44.973,1.28733,1.28738,1.50,2.07
2013.03.19 18:53:45.273,1.28731,1.28737,1.50,1.50
2013.03.19 18:53:45.332,1.28731,1.28737,1.50,3.75
2013.03.19 18:53:45.903,1.28731,1.28737,2.25,2.30
2013.03.19 18:53:46.512,1.28731,1.28737,3.00,2.30
2013.03.19 18:53:46.572,1.28731,1.28734,1.50,2.63
2013.03.19 18:53:46.813,1.28731,1.28734,1.50,1.13
2013.03.19 18:53:46.932,1.28731,1.28737,3.75,5.07
2013.03.19 18:53:47.673,1.28732,1.28737,2.25,1.32
2013.03.19 18:53:49.553,1.28735,1.28738,2.48,2.25
2013.03.19 18:53:49.913,1.28739,1.28746,13.96,1.88
2013.03.19 18:53:50.452,1.28743,1.28748,1.50,1.32
2013.03.19 18:53:50.632,1.28743,1.28748,1.50,1.32
2013.03.19 18:53:51.191,1.28743,1.28748,3.00,1.32
2013.03.19 18:53:51.433,1.28741,1.28747,3.00,2.82
2013.03.19 18:53:53.415,1.28741,1.28747,2.25,2.82
2013.03.19 18:53:56.062,1.28742,1.28747,1.50,2.82
2013.03.19 18:53:59.882,1.28743,1.28748,3.00,1.32
2013.03.19 18:54:00.243,1.28744,1.28749,1.73,1.70
2013.03.19 18:54:00.893,1.28745,1.28749,1.50,2.07
2013.03.19 18:54:01.253,1.28744,1.28746,1.50,1.50
2013.03.19 18:54:01.812,1.28743,1.28746,2.25,1.50
2013.03.19 18:54:03.247,1.28739,1.28742,3.83,6.61
2013.03.19 18:54:03.554,1.28735,1.28739,1.50,2.25
2013.03.19 18:54:03.673,1.28738,1.28742,1.73,2.63
2013.03.19 18:54:04.212,1.28739,1.28745,4.73,3.20
2013.03.19 18:54:04.571,1.28738,1.28745,3.94,3.20
2013.03.19 18:54:04.692,1.2874,1.28745,1.50,2.82
2013.03.19 18:54:05.294,1.28739,1.28745,3.98,2.82
2013.03.19 18:54:05.802,1.28739,1.28745,6.23,2.07
2013.03.19 18:54:06.233,1.28739,1.28745,5.48,2.07
2013.03.19 18:54:06.371,1.28739,1.28745,6.23,2.07
2013.03.19 18:54:06.492,1.28741,1.28745,1.50,1.50
2013.03.19 18:54:07.142,1.28739,1.28745,6.23,2.07
2013.03.19 18:54:15.242,1.2874,1.28746,3.94,3.98
2013.03.19 18:54:15.543,1.2874,1.28744,1.50,1.50
2013.03.19 18:54:15.603,1.28739,1.28744,3.23,2.25
2013.03.19 18:54:16.152,1.28739,1.28744,1.73,3.57
2013.03.19 18:54:16.682,1.2874,1.28744,2.25,1.50
2013.03.19 18:54:17.264,1.2874,1.28746,3.00,5.30
2013.03.19 18:54:20.444,1.2874,1.28745,2.25,1.32
2013.03.19 18:54:23.252,1.2874,1.28745,2.25,1.32
2013.03.19 18:54:23.976,1.2874,1.28745,2.25,1.32
2013.03.19 18:54:24.110,1.2874,1.28745,2.25,1.32
2013.03.19 18:54:24.623,1.28741,1.28746,1.50,2.10
2013.03.19 18:54:24.683,1.28743,1.28747,2.10,1.50
2013.03.19 18:54:24.986,1.28747,1.28751,5.25,2.48
2013.03.19 18:54:25.473,1.28751,1.28757,3.00,2.07
2013.03.19 18:54:28.072,1.28752,1.28757,1.50,1.32
2013.03.19 18:54:28.612,1.28751,1.28756,4.32,1.32
2013.03.19 18:54:28.732,1.28751,1.28756,4.50,2.25
2013.03.19 18:54:28.912,1.28751,1.28757,3.00,3.20
2013.03.19 18:54:30.592,1.28751,1.28756,4.50,2.30
2013.03.19 18:54:31.153,1.28751,1.28755,3.75,1.50
2013.03.19 18:54:32.122,1.28751,1.28755,3.00,2.07
2013.03.19 18:54:34.683,1.28751,1.28755,1.50,2.07
2013.03.19 18:54:35.254,1.28751,1.28756,2.25,2.82
2013.03.19 18:54:38.773,1.28751,1.28756,3.00,1.32
2013.03.19 18:54:43.027,1.28751,1.28757,3.00,2.82
2013.03.19 18:54:46.472,1.28751,1.28756,1.88,1.36
2013.03.19 18:54:46.712,1.28751,1.28755,1.88,1.54
2013.03.19 18:54:47.251,1.28751,1.28755,1.88,2.29
2013.03.19 18:54:48.115,1.28749,1.28752,2.44,2.10
2013.03.19 18:54:48.473,1.28746,1.28753,2.70,17.08
2013.03.19 18:54:48.656,1.2874,1.28745,2.44,2.86
2013.03.19 18:54:48.892,1.28741,1.28745,1.88,2.82
2013.03.19 18:54:49.017,1.28742,1.28744,1.13,1.54
2013.03.19 18:54:56.602,1.28738,1.28743,2.10,7.45
2013.03.19 18:54:56.797,1.28733,1.2874,2.25,5.45
2013.03.19 18:54:57.168,1.28736,1.28738,1.13,1.13
2013.03.19 18:54:57.371,1.28738,1.28741,1.50,2.63
2013.03.19 18:54:57.932,1.28738,1.28743,1.73,2.63
2013.03.19 18:54:58.009,1.28742,1.28746,1.50,3.23
2013.03.19 18:54:58.312,1.28742,1.28747,3.00,1.70
2013.03.19 18:54:58.371,1.28742,1.28746,2.25,1.13
2013.03.19 18:54:58.912,1.28742,1.28746,2.25,1.13
2013.03.19 18:54:59.533,1.28742,1.28746,2.25,2.63
2013.03.19 18:55:00.341,1.28742,1.28746,1.50,3.38
2013.03.19 18:55:05.161,1.2874,1.28746,4.88,3.95
2013.03.19 18:55:06.132,1.28741,1.28746,2.25,2.63
2013.03.19 18:55:06.674,1.28743,1.28746,1.50,1.13
2013.03.19 18:55:06.975,1.28745,1.28749,1.50,2.07
2013.03.19 18:55:07.033,1.28745,1.2875,3.00,1.51
2013.03.19 18:55:07.152,1.28747,1.28751,1.50,2.44
2013.03.19 18:55:07.514,1.2875,1.28753,1.50,2.25
2013.03.19 18:55:07.573,1.2875,1.28755,1.50,1.70
2013.03.19 18:55:07.633,1.28752,1.28755,1.50,1.70
2013.03.19 18:55:07.875,1.28754,1.28759,1.50,4.32
2013.03.19 18:55:08.836,1.28754,1.28759,2.25,2.82
2013.03.19 18:55:09.762,1.28754,1.28759,2.25,2.82
2013.03.19 18:55:11.552,1.28753,1.28758,2.63,1.32
2013.03.19 18:55:12.053,1.28753,1.28758,1.88,2.07
2013.03.19 18:55:12.592,1.28752,1.28757,1.88,2.82
2013.03.19 18:55:13.152,1.28752,1.28757,1.88,3.57
2013.03.19 18:55:13.692,1.28751,1.28756,2.25,2.45
2013.03.19 18:55:14.257,1.2875,1.28755,1.50,1.13
2013.03.19 18:55:14.338,1.28745,1.28749,1.50,1.32
2013.03.19 18:55:14.952,1.28744,1.28749,2.33,1.32
2013.03.19 18:55:15.493,1.28744,1.28748,1.35,2.07
2013.03.19 18:55:15.612,1.28744,1.28748,1.35,1.32
2013.03.19 18:55:16.053,1.28745,1.28749,2.25,2.25
2013.03.19 18:55:16.412,1.28749,1.28754,2.25,2.44
2013.03.19 18:55:16.472,1.28749,1.28754,1.50,3.94
2013.03.19 18:55:17.072,1.28751,1.28754,1.50,1.50
2013.03.19 18:55:17.592,1.28751,1.28756,1.50,2.45
2013.03.19 18:55:21.454,1.28751,1.28756,1.50,2.45
2013.03.19 18:55:22.592,1.28751,1.28756,1.50,2.45
2013.03.19 18:55:23.822,1.28749,1.28755,5.85,2.07
2013.03.19 18:55:24.362,1.2875,1.28755,2.25,3.00
2013.03.19 18:55:24.912,1.2875,1.28755,2.25,1.50
2013.03.19 18:55:25.722,1.2875,1.28755,1.50,2.07
2013.03.19 18:55:27.593,1.2875,1.28755,1.50,1.50
2013.03.19 18:55:33.732,1.2875,1.28755,1.50,2.07
2013.03.19 18:55:34.272,1.2875,1.28755,1.50,1.50
2013.03.19 18:55:34.812,1.28749,1.28755,4.73,2.07
2013.03.19 18:55:38.792,1.2875,1.28755,2.25,1.32
2013.03.19 18:55:39.352,1.28751,1.28756,1.50,2.07
2013.03.19 18:55:40.963,1.28751,1.28754,1.50,1.50
2013.03.19 18:55:42.573,1.28751,1.28754,1.50,3.00
2013.03.19 18:55:42.693,1.28749,1.28752,1.50,1.50
2013.03.19 18:55:42.816,1.28747,1.28751,1.50,3.42
2013.03.19 18:55:42.883,1.28745,1.28748,1.69,1.50
2013.03.19 18:55:42.943,1.28745,1.28748,1.69,1.50
2013.03.19 18:55:43.182,1.28741,1.28746,3.19,1.50
2013.03.19 18:55:49.142,1.28742,1.28746,1.50,2.25
2013.03.19 18:55:55.453,1.28742,1.28746,2.25,2.63
2013.03.19 18:55:55.574,1.28739,1.28743,4.17,1.13
2013.03.19 18:55:55.813,1.28739,1.28741,1.50,2.63
2013.03.19 18:55:55.994,1.28736,1.2874,2.63,3.75
2013.03.19 18:55:56.054,1.28735,1.28738,1.97,1.50
2013.03.19 18:55:56.173,1.28733,1.28736,1.88,2.82
2013.03.19 18:55:56.295,1.28733,1.28736,1.50,3.38
2013.03.19 18:55:56.413,1.28736,1.28739,1.50,2.25
2013.03.19 18:55:56.476,1.28738,1.28741,2.25,2.78
2013.03.19 18:55:57.022,1.2874,1.28744,1.50,2.63
2013.03.19 18:55:57.833,1.2874,1.28744,1.50,3.00
2013.03.19 18:56:00.123,1.2874,1.28744,2.25,2.25
2013.03.19 18:56:02.902,1.2874,1.28742,1.50,1.50
2013.03.19 18:56:03.783,1.2874,1.28744,1.50,1.13
2013.03.19 18:56:04.536,1.2874,1.28743,1.50,1.50
2013.03.19 18:56:09.682,1.2874,1.28743,2.25,1.50
2013.03.19 18:56:09.983,1.2874,1.28745,3.00,2.07
2013.03.19 18:56:10.512,1.2874,1.28744,3.00,1.50
2013.03.19 18:56:12.123,1.28741,1.28745,1.50,3.01
2013.03.19 18:56:14.453,1.28741,1.28745,1.88,2.82
2013.03.19 18:56:14.992,1.28742,1.28747,1.50,2.82
2013.03.19 18:56:15.922,1.28741,1.28747,4.13,2.82
2013.03.19 18:56:17.413,1.28742,1.28746,1.13,2.45
2013.03.19 18:56:17.773,1.28742,1.28745,1.13,1.32
2013.03.19 18:56:18.492,1.28741,1.28746,2.25,1.70
2013.03.19 18:56:22.004,1.28742,1.28746,1.50,3.20
2013.03.19 18:56:22.973,1.28746,1.28749,1.50,2.82
2013.03.19 18:56:23.274,1.2875,1.28754,1.50,2.25
2013.03.19 18:56:23.572,1.28752,1.28755,1.50,1.50
2013.03.19 18:56:24.122,1.28752,1.28756,1.50,1.88
2013.03.19 18:56:25.062,1.28752,1.28756,1.50,1.13
2013.03.19 18:56:26.102,1.28752,1.28757,1.50,2.07
2013.03.19 18:56:26.652,1.28752,1.28757,1.50,2.82
2013.03.19 18:56:27.032,1.28751,1.28756,1.50,1.32
2013.03.19 18:56:28.773,1.28751,1.28756,1.88,1.32
2013.03.19 18:56:32.182,1.28752,1.28757,2.25,3.57
2013.03.19 18:56:32.702,1.28751,1.28757,3.75,2.82
2013.03.19 18:56:36.122,1.28751,1.28756,2.25,1.32
2013.03.19 18:56:36.675,1.2875,1.28754,2.59,1.13
2013.03.19 18:56:37.212,1.28749,1.28754,5.67,1.13
2013.03.19 18:56:46.643,1.2875,1.28754,1.50,2.63
2013.03.19 18:56:48.333,1.28751,1.28755,1.50,2.63
2013.03.19 18:56:48.932,1.28751,1.28756,2.25,7.73
2013.03.19 18:56:51.431,1.28751,1.28755,1.50,1.70
2013.03.19 18:56:52.872,1.2875,1.28755,1.69,2.45
2013.03.19 18:56:55.698,1.28749,1.28753,2.48,3.00
2013.03.19 18:56:56.252,1.28751,1.28756,1.88,6.20
2013.03.19 18:56:56.772,1.28751,1.28756,1.88,6.20
2013.03.19 18:56:57.322,1.28751,1.28756,1.88,6.20
2013.03.19 18:56:59.152,1.28751,1.28756,1.50,5.45
2013.03.19 18:56:59.731,1.28751,1.28756,2.25,4.70
2013.03.19 18:57:04.372,1.28751,1.28756,3.38,3.20
2013.03.19 18:57:07.132,1.28751,1.28756,2.63,3.95
2013.03.19 18:57:08.542,1.28751,1.28756,4.13,3.20
2013.03.19 18:57:14.162,1.28752,1.28757,2.25,2.07
2013.03.19 18:57:14.714,1.28752,1.28758,3.00,6.20
2013.03.19 18:57:16.022,1.28752,1.28757,3.00,1.70
2013.03.19 18:57:16.743,1.28753,1.28758,1.50,6.95
2013.03.19 18:57:23.512,1.28753,1.28757,3.00,1.32
2013.03.19 18:57:28.921,1.28753,1.28758,3.00,1.50
2013.03.19 18:57:30.262,1.28754,1.28758,3.75,1.50
2013.03.19 18:57:30.563,1.28755,1.28759,4.22,1.32
2013.03.19 18:57:31.064,1.28755,1.28759,4.22,1.32
2013.03.19 18:57:33.244,1.28756,1.2876,1.50,2.25
2013.03.19 18:57:33.364,1.28756,1.28761,3.00,2.48
2013.03.19 18:57:33.424,1.28756,1.28761,3.23,2.48
2013.03.19 18:57:33.783,1.28762,1.28767,2.25,2.07
2013.03.19 18:57:34.352,1.28762,1.28768,2.25,2.07
2013.03.19 18:57:38.564,1.28762,1.28767,1.50,1.32
2013.03.19 18:57:41.032,1.28761,1.28766,3.00,2.07
2013.03.19 18:57:57.178,1.28762,1.28768,1.50,2.82
2013.03.19 18:57:58.482,1.28762,1.28766,1.50,1.32
2013.03.19 18:58:00.223,1.28765,1.28769,1.22,1.88
2013.03.19 18:58:00.284,1.28765,1.28769,2.72,1.13
2013.03.19 18:58:00.404,1.28767,1.2877,1.50,2.45
2013.03.19 18:58:00.762,1.28771,1.28775,1.50,3.00
2013.03.19 18:58:01.122,1.28774,1.28776,1.50,1.32
2013.03.19 18:58:01.962,1.28772,1.28777,2.25,1.51
2013.03.19 18:58:02.675,1.28772,1.28777,2.25,2.26
2013.03.19 18:58:05.332,1.28772,1.28777,3.00,2.26
2013.03.19 18:58:05.693,1.28776,1.2878,1.50,1.50
2013.03.19 18:58:06.053,1.28776,1.28781,2.25,2.82
2013.03.19 18:58:06.373,1.28779,1.28783,1.50,2.63
2013.03.19 18:58:06.733,1.28778,1.28781,2.25,1.50
2013.03.19 18:58:06.974,1.28782,1.28785,1.50,3.00
2013.03.19 18:58:07.513,1.28783,1.28786,1.50,2.63
2013.03.19 18:58:07.873,1.28779,1.28784,2.63,2.26
2013.03.19 18:58:08.738,1.28781,1.28784,1.50,1.50
2013.03.19 18:58:09.744,1.28782,1.28786,1.13,2.63
2013.03.19 18:58:12.362,1.28781,1.28786,1.50,3.95
2013.03.19 18:58:13.513,1.28781,1.28785,1.50,1.50
2013.03.19 18:58:13.872,1.28781,1.28783,1.50,1.50
2013.03.19 18:58:14.186,1.28776,1.28779,1.50,3.75
2013.03.19 18:58:14.372,1.28771,1.28776,2.25,1.50
2013.03.19 18:58:17.073,1.2877,1.28776,2.25,2.82
2013.03.19 18:58:19.632,1.2877,1.28775,2.25,1.32
2013.03.19 18:58:20.137,1.2877,1.28774,1.50,2.25
2013.03.19 18:58:21.772,1.2877,1.28773,1.50,1.50
2013.03.19 18:58:22.072,1.28768,1.28771,1.88,2.48
2013.03.19 18:58:22.133,1.28766,1.28769,2.25,1.50
2013.03.19 18:58:22.195,1.28766,1.28769,1.50,1.50
2013.03.19 18:58:22.433,1.28762,1.28768,1.13,2.82
2013.03.19 18:58:23.176,1.28762,1.28768,1.50,3.57
2013.03.19 18:58:27.992,1.28762,1.28767,1.50,1.32
2013.03.19 18:58:28.594,1.2876,1.28766,3.53,1.32
2013.03.19 18:58:32.082,1.2876,1.28766,1.50,3.57
2013.03.19 18:58:34.092,1.2876,1.28765,1.50,1.32
2013.03.19 18:58:36.912,1.2876,1.28765,1.50,1.32
2013.03.19 18:58:44.723,1.2876,1.28766,2.25,4.55
2013.03.19 18:58:50.503,1.2876,1.28765,1.50,2.07
2013.03.19 18:58:53.222,1.2876,1.28765,1.50,2.82
2013.03.19 18:58:57.542,1.2876,1.28764,1.50,1.50
2013.03.19 18:59:00.803,1.2876,1.28764,1.50,1.50
2013.03.19 18:59:03.159,1.28762,1.28766,3.23,3.75
2013.03.19 18:59:03.283,1.28764,1.28767,1.73,1.50
2013.03.19 18:59:03.342,1.28764,1.28769,1.73,2.07
2013.03.19 18:59:03.463,1.28764,1.28769,2.48,2.82
2013.03.19 18:59:03.764,1.28767,1.28772,1.50,3.57
2013.03.19 18:59:03.886,1.28766,1.28771,3.38,1.51
2013.03.19 18:59:04.017,1.28765,1.28768,4.60,2.82
2013.03.19 18:59:04.263,1.28761,1.28765,1.50,2.82
2013.03.19 18:59:04.444,1.28764,1.28766,5.12,2.25
2013.03.19 18:59:04.503,1.28765,1.28768,2.72,4.32
2013.03.19 18:59:04.563,1.28765,1.28769,3.47,2.07
2013.03.19 18:59:04.922,1.2876,1.28765,7.13,1.32
2013.03.19 18:59:05.342,1.2876,1.28765,2.63,1.32
2013.03.19 18:59:05.523,1.28764,1.28767,1.35,1.50
2013.03.19 18:59:05.584,1.28764,1.28768,4.39,1.13
2013.03.19 18:59:05.763,1.28764,1.28768,3.08,1.50
2013.03.19 18:59:06.003,1.28763,1.28766,1.88,2.07
2013.03.19 18:59:07.023,1.28763,1.28767,1.88,1.32
2013.03.19 18:59:07.092,1.28766,1.28771,1.50,3.98
2013.03.19 18:59:07.404,1.28764,1.28768,7.60,1.32
2013.03.19 18:59:07.942,1.28763,1.28768,2.48,1.32
2013.03.19 18:59:08.523,1.28763,1.28767,1.50,1.32
2013.03.19 18:59:09.063,1.28761,1.28764,1.50,1.32
2013.03.19 18:59:09.594,1.28761,1.28764,1.50,1.32
2013.03.19 18:59:10.163,1.28761,1.28765,1.50,2.07
2013.03.19 18:59:11.973,1.2876,1.28765,1.50,1.32
2013.03.19 18:59:12.593,1.2876,1.28765,1.50,1.32
2013.03.19 18:59:13.983,1.28761,1.28765,1.50,1.32
2013.03.19 18:59:14.744,1.28761,1.28765,1.50,1.32
2013.03.19 18:59:17.582,1.28761,1.28765,1.50,2.07
2013.03.19 18:59:19.904,1.2876,1.28762,1.50,2.72
2013.03.19 18:59:20.203,1.28753,1.28756,1.32,3.57
2013.03.19 18:59:20.862,1.28751,1.28755,2.44,1.32
2013.03.19 18:59:22.284,1.28752,1.28755,1.32,2.07
2013.03.19 18:59:22.838,1.28751,1.28755,3.19,2.07
2013.03.19 18:59:27.474,1.28754,1.28757,4.90,4.17
2013.03.19 18:59:27.593,1.28755,1.28759,4.37,6.57
2013.03.19 18:59:27.653,1.28755,1.2876,5.12,2.82
2013.03.19 18:59:28.013,1.28753,1.28755,1.32,2.07
2013.03.19 18:59:28.253,1.2875,1.28754,1.32,2.07
2013.03.19 18:59:28.802,1.28749,1.28754,4.54,1.32
2013.03.19 18:59:29.522,1.28749,1.28754,3.79,2.07
2013.03.19 18:59:31.113,1.2875,1.28754,3.75,1.50
2013.03.19 18:59:31.662,1.2875,1.28755,3.75,5.07
2013.03.19 18:59:32.202,1.2875,1.28755,3.00,4.32
2013.03.19 18:59:34.273,1.2875,1.28755,3.75,4.32
2013.03.19 18:59:34.957,1.2875,1.28755,3.75,4.32
2013.03.19 18:59:35.692,1.2875,1.28755,3.75,5.07
2013.03.19 18:59:38.124,1.28749,1.28751,3.79,3.38
2013.03.19 18:59:38.603,1.28748,1.28751,2.25,2.99
2013.03.19 18:59:38.665,1.28746,1.28749,3.68,2.07
2013.03.19 18:59:38.725,1.28745,1.28748,1.50,1.32
2013.03.19 18:59:38.784,1.28745,1.28748,1.50,1.32
2013.03.19 18:59:38.844,1.28743,1.28748,4.73,2.07
2013.03.19 18:59:39.024,1.28746,1.28748,1.50,2.25
2013.03.19 18:59:39.205,1.28746,1.28749,2.25,2.07
2013.03.19 18:59:39.753,1.28747,1.2875,1.50,1.50
2013.03.19 18:59:40.292,1.28748,1.28752,3.00,2.44
2013.03.19 18:59:41.314,1.28749,1.28753,5.10,2.82
2013.03.19 18:59:41.956,1.2875,1.28754,2.25,1.32
2013.03.19 18:59:43.321,1.28749,1.28753,1.88,1.32
2013.03.19 18:59:43.862,1.28747,1.28752,3.00,1.50
2013.03.19 18:59:46.532,1.28747,1.28752,3.00,3.75
2013.03.19 18:59:48.205,1.28747,1.28752,3.00,2.25
2013.03.19 18:59:48.814,1.28746,1.28748,1.50,1.32
2013.03.19 18:59:49.118,1.28742,1.28748,4.50,3.95
2013.03.19 18:59:50.123,1.28743,1.28747,1.13,2.07
2013.03.19 18:59:50.543,1.28741,1.28745,1.50,1.32
2013.03.19 18:59:51.082,1.2874,1.28745,4.65,1.32
2013.03.19 18:59:52.503,1.2874,1.28746,4.65,4.32
2013.03.19 18:59:53.052,1.28742,1.28746,1.50,2.82
2013.03.19 18:59:53.356,1.28744,1.28747,1.22,2.82
2013.03.19 18:59:53.723,1.28742,1.28746,1.50,1.32
2013.03.19 18:59:54.773,1.28741,1.28746,3.00,2.07
2013.03.19 18:59:56.932,1.28741,1.28746,3.75,2.07
2013.03.19 18:59:57.743,1.28743,1.28746,1.50,2.07
2013.03.19 18:59:58.615,1.28744,1.28748,6.38,2.25
2013.03.19 18:59:58.711,1.28749,1.28751,1.50,3.01
2013.03.19 18:59:59.013,1.2875,1.28752,1.50,1.50
2013.03.19 18:59:59.073,1.2875,1.28755,1.50,3.95
2013.03.19 18:59:59.194,1.2875,1.28754,1.50,2.25
2013.03.19 18:59:59.433,1.28746,1.28749,2.25,1.32
