2022.03.21 00:00:00.178,1.10423,1.10429,4.44,3.60
2022.03.21 00:00:00.280,1.10425,1.10429,3.45,5.17
2022.03.21 00:00:00.433,1.10421,1.10424,1.44,3.60
2022.03.21 00:00:00.535,1.10418,1.10424,8.94,3.82
2022.03.21 00:00:02.166,1.10419,1.10425,3.45,4.05
2022.03.21 00:00:04.438,1.10418,1.10424,3.45,3.60
2022.03.21 00:00:06.104,1.10417,1.10423,5.88,3.60
2022.03.21 00:00:06.206,1.10418,1.10424,3.45,3.60
2022.03.21 00:00:10.816,1.10417,1.10421,4.89,7.96
2022.03.21 00:00:10.919,1.10414,1.1042,3.45,5.04
2022.03.21 00:00:11.021,1.10411,1.10417,6.33,3.60
2022.03.21 00:00:11.123,1.1041,1.10416,4.89,3.60
2022.03.21 00:00:11.226,1.10411,1.10417,3.45,4.50
2022.03.21 00:00:11.666,1.10412,1.10418,4.80,3.60
2022.03.21 00:00:11.769,1.10413,1.10419,3.45,4.50
2022.03.21 00:00:12.015,1.10414,1.10419,3.45,0.90
2022.03.21 00:00:14.781,1.10417,1.10422,0.90,5.94
2022.03.21 00:00:14.884,1.10418,1.10424,4.35,3.60
2022.03.21 00:00:15.189,1.1042,1.10424,3.45,5.49
2022.03.21 00:00:15.291,1.10418,1.10424,4.35,3.60
2022.03.21 00:00:16.780,1.10419,1.10425,3.45,1.89
2022.03.21 00:00:16.938,1.10418,1.10424,4.35,3.60
2022.03.21 00:00:17.817,1.10418,1.10423,0.90,3.60
2022.03.21 00:00:17.937,1.10417,1.10423,4.89,3.60
2022.03.21 00:00:18.789,1.10418,1.10424,4.35,3.60
2022.03.21 00:00:18.841,1.10415,1.1042,2.34,3.60
2022.03.21 00:00:18.892,1.10416,1.10422,3.45,7.29
2022.03.21 00:00:18.994,1.10415,1.10421,4.35,3.60
2022.03.21 00:00:19.852,1.10416,1.10422,3.45,5.49
2022.03.21 00:00:20.056,1.10415,1.10421,4.35,3.60
2022.03.21 00:00:20.246,1.10416,1.10421,0.90,3.60
2022.03.21 00:00:20.298,1.10417,1.10423,3.45,4.59
2022.03.21 00:00:22.963,1.10418,1.10423,0.90,3.60
2022.03.21 00:00:23.065,1.10418,1.10424,4.35,3.69
2022.03.21 00:00:25.968,1.10417,1.10422,3.45,0.90
2022.03.21 00:00:26.070,1.10416,1.10422,3.45,4.50
2022.03.21 00:00:27.492,1.10417,1.10423,3.45,4.59
2022.03.21 00:00:30.969,1.10415,1.10421,4.89,3.60
2022.03.21 00:00:32.794,1.10414,1.1042,3.45,4.50
2022.03.21 00:00:32.896,1.10411,1.10417,3.45,4.50
2022.03.21 00:00:32.998,1.10412,1.10417,3.45,0.90
2022.03.21 00:00:33.101,1.10411,1.10417,3.45,4.50
2022.03.21 00:00:33.799,1.10409,1.10413,4.89,0.90
2022.03.21 00:00:33.902,1.10407,1.10413,4.44,3.60
2022.03.21 00:00:34.927,1.10409,1.10414,3.45,0.90
2022.03.21 00:00:34.978,1.10407,1.10413,5.34,3.60
2022.03.21 00:00:36.581,1.10408,1.10414,3.45,4.50
2022.03.21 00:00:38.309,1.1041,1.10414,1.44,4.50
2022.03.21 00:00:40.256,1.10409,1.10415,3.45,5.04
2022.03.21 00:00:40.798,1.10407,1.10413,7.14,3.60
2022.03.21 00:00:41.851,1.10408,1.10414,4.89,3.60
2022.03.21 00:00:41.954,1.10409,1.10415,3.45,4.50
2022.03.21 00:00:42.777,1.1041,1.10416,3.45,4.50
2022.03.21 00:00:42.931,1.10413,1.10417,3.45,0.90
2022.03.21 00:00:43.034,1.10413,1.10419,4.35,4.50
2022.03.21 00:00:43.136,1.10414,1.1042,3.45,6.84
2022.03.21 00:00:45.297,1.10413,1.10419,4.35,3.60
2022.03.21 00:00:47.282,1.10414,1.1042,3.45,5.94
2022.03.21 00:00:51.262,1.10418,1.10421,0.45,4.50
2022.03.21 00:00:51.364,1.1042,1.10423,1.35,2.34
2022.03.21 00:00:51.416,1.10421,1.10427,4.44,9.00
2022.03.21 00:00:51.569,1.10421,1.10426,0.90,3.60
2022.03.21 00:00:54.136,1.10422,1.10428,3.45,5.04
2022.03.21 00:00:54.258,1.10421,1.10426,1.35,3.60
2022.03.21 00:00:55.611,1.1042,1.10426,5.79,3.60
2022.03.21 00:00:55.826,1.10419,1.10422,1.44,0.90
2022.03.21 00:00:55.928,1.10416,1.10422,3.54,4.95
2022.03.21 00:00:56.132,1.10415,1.10421,4.35,3.60
2022.03.21 00:00:56.307,1.10416,1.10422,3.45,5.04
2022.03.21 00:00:56.842,1.10415,1.10421,4.35,3.60
2022.03.21 00:00:56.944,1.10416,1.10422,3.45,5.04
2022.03.21 00:01:00.091,1.10417,1.10422,3.45,0.90
2022.03.21 00:01:00.142,1.10415,1.10421,3.45,4.50
2022.03.21 00:01:00.295,1.10414,1.10421,5.34,4.50
2022.03.21 00:01:00.406,1.10415,1.10421,3.45,4.50
2022.03.21 00:01:00.789,1.10414,1.1042,6.78,3.60
2022.03.21 00:01:01.161,1.10414,1.10418,3.45,1.35
2022.03.21 00:01:01.213,1.10412,1.10417,3.45,0.90
2022.03.21 00:01:01.315,1.10411,1.10416,4.50,3.60
2022.03.21 00:01:01.473,1.10411,1.10415,5.70,3.60
2022.03.21 00:01:01.575,1.10411,1.10416,1.44,3.60
2022.03.21 00:01:01.677,1.1041,1.10416,4.80,3.60
2022.03.21 00:01:01.795,1.1041,1.10412,3.45,0.45
2022.03.21 00:01:01.898,1.10408,1.10415,5.70,4.59
2022.03.21 00:01:01.949,1.1041,1.10416,3.45,7.83
2022.03.21 00:01:02.052,1.10407,1.10413,4.89,4.50
2022.03.21 00:01:02.666,1.10409,1.10413,1.44,4.50
2022.03.21 00:01:02.782,1.10408,1.10413,1.44,4.50
2022.03.21 00:01:03.502,1.10407,1.10413,3.45,4.50
2022.03.21 00:01:08.821,1.10405,1.10408,1.44,5.40
2022.03.21 00:01:08.872,1.104,1.10406,11.64,3.60
2022.03.21 00:01:08.975,1.104,1.10402,7.20,1.80
2022.03.21 00:01:09.078,1.10397,1.10402,0.90,3.60
2022.03.21 00:01:09.180,1.10397,1.10403,4.35,3.60
2022.03.21 00:01:09.333,1.10399,1.10405,3.45,4.50
2022.03.21 00:01:09.435,1.10398,1.10402,0.90,3.60
2022.03.21 00:01:12.152,1.10398,1.10404,4.80,3.60
2022.03.21 00:01:13.799,1.10397,1.104,3.45,0.90
2022.03.21 00:01:13.850,1.10395,1.104,4.89,0.90
2022.03.21 00:01:13.952,1.10394,1.104,3.45,4.50
2022.03.21 00:01:16.473,1.10393,1.10399,4.89,3.60
2022.03.21 00:01:17.582,1.10394,1.104,3.45,4.50
2022.03.21 00:01:19.806,1.10393,1.10399,4.44,3.60
2022.03.21 00:01:21.005,1.10394,1.104,3.45,4.95
2022.03.21 00:01:21.579,1.10395,1.104,1.44,3.60
2022.03.21 00:01:21.682,1.10397,1.10401,3.45,4.50
2022.03.21 00:01:21.784,1.10395,1.10401,4.80,3.60
2022.03.21 00:01:21.886,1.10395,1.104,0.90,3.60
2022.03.21 00:01:21.989,1.10392,1.10397,1.44,3.60
2022.03.21 00:01:22.091,1.10392,1.10396,4.35,3.60
2022.03.21 00:01:26.846,1.10392,1.10398,4.35,3.60
2022.03.21 00:01:26.999,1.10393,1.10399,3.45,4.50
2022.03.21 00:01:27.152,1.10394,1.104,4.35,3.60
2022.03.21 00:01:29.776,1.10394,1.10399,0.90,3.60
2022.03.21 00:01:29.827,1.10392,1.10399,7.23,3.60
2022.03.21 00:01:29.929,1.10393,1.10399,3.45,3.60
2022.03.21 00:01:30.794,1.10394,1.104,3.45,4.95
2022.03.21 00:01:31.684,1.10396,1.104,4.35,4.05
2022.03.21 00:01:33.433,1.10394,1.10398,5.79,4.50
2022.03.21 00:01:33.535,1.10392,1.10398,4.44,3.60
2022.03.21 00:01:33.638,1.10393,1.10399,3.45,4.50
2022.03.21 00:01:44.149,1.10393,1.10398,3.45,1.35
2022.03.21 00:01:44.252,1.10391,1.10397,6.69,3.60
2022.03.21 00:01:47.446,1.10392,1.10398,3.45,4.50
2022.03.21 00:01:47.549,1.10393,1.10398,3.45,0.90
2022.03.21 00:01:49.612,1.10393,1.10399,3.45,7.20
2022.03.21 00:01:52.803,1.10391,1.10396,2.25,4.50
2022.03.21 00:01:52.906,1.10388,1.10393,4.50,3.60
2022.03.21 00:01:53.059,1.10387,1.10393,4.44,3.60
2022.03.21 00:01:53.263,1.10387,1.10392,0.90,3.60
2022.03.21 00:01:53.447,1.10388,1.1039,0.90,3.60
2022.03.21 00:01:53.498,1.10387,1.10393,4.35,4.14
2022.03.21 00:01:53.793,1.10387,1.10392,3.45,1.80
2022.03.21 00:01:53.895,1.10386,1.10392,3.54,5.40
2022.03.21 00:01:54.034,1.10387,1.10392,3.45,0.90
2022.03.21 00:01:54.142,1.10388,1.10392,3.24,3.60
2022.03.21 00:01:54.245,1.10391,1.10395,3.45,4.95
2022.03.21 00:01:54.296,1.10387,1.10393,4.89,4.50
2022.03.21 00:01:54.450,1.10387,1.10391,4.35,3.60
2022.03.21 00:01:55.909,1.10386,1.10391,0.90,3.60
2022.03.21 00:01:56.769,1.10387,1.10391,4.44,3.60
2022.03.21 00:01:59.933,1.10388,1.10394,4.35,4.95
2022.03.21 00:02:00.086,1.1039,1.10394,3.45,5.04
2022.03.21 00:02:00.239,1.1039,1.10395,3.45,0.45
2022.03.21 00:02:00.341,1.10389,1.10395,4.35,4.05
2022.03.21 00:02:02.116,1.10387,1.10393,4.44,4.50
2022.03.21 00:02:02.320,1.10387,1.10392,0.90,3.60
2022.03.21 00:02:03.106,1.10387,1.10393,4.35,4.50
2022.03.21 00:02:03.729,1.10387,1.10392,0.90,3.60
2022.03.21 00:02:04.804,1.10386,1.10389,2.25,3.60
2022.03.21 00:02:05.167,1.10384,1.1039,6.69,3.60
2022.03.21 00:02:05.270,1.10383,1.10389,3.45,5.04
2022.03.21 00:02:05.372,1.10382,1.10388,3.45,7.74
2022.03.21 00:02:05.475,1.10383,1.10389,3.45,4.59
2022.03.21 00:02:05.628,1.10382,1.10388,0.99,3.60
2022.03.21 00:02:05.730,1.10383,1.10389,3.45,4.50
2022.03.21 00:02:05.832,1.10382,1.10388,0.99,3.60
2022.03.21 00:02:06.000,1.10383,1.10389,3.45,4.50
2022.03.21 00:02:06.866,1.1038,1.10383,4.89,1.35
2022.03.21 00:02:06.968,1.10377,1.10382,4.50,4.50
2022.03.21 00:02:07.121,1.10376,1.10382,3.45,4.50
2022.03.21 00:02:07.223,1.10374,1.1038,4.44,3.60
2022.03.21 00:02:07.326,1.10375,1.10381,4.89,0.90
2022.03.21 00:02:07.437,1.10376,1.10382,3.45,4.50
2022.03.21 00:02:07.819,1.10378,1.10384,3.45,7.83
2022.03.21 00:02:07.957,1.10377,1.10383,4.35,3.60
2022.03.21 00:02:09.356,1.10379,1.10384,3.45,0.45
2022.03.21 00:02:10.159,1.10378,1.10384,3.45,4.95
2022.03.21 00:02:10.607,1.10379,1.10384,3.45,2.25
2022.03.21 00:02:10.989,1.10378,1.10384,3.45,5.85
2022.03.21 00:02:12.109,1.10379,1.10384,3.45,2.79
2022.03.21 00:02:13.549,1.10381,1.10383,3.45,0.45
2022.03.21 00:02:13.765,1.1038,1.10385,3.45,1.35
2022.03.21 00:02:16.661,1.10379,1.10385,4.35,4.95
2022.03.21 00:02:23.845,1.1038,1.10385,3.45,0.45
2022.03.21 00:02:30.117,1.10381,1.10387,3.45,5.85
2022.03.21 00:02:30.220,1.10383,1.10388,0.54,4.95
2022.03.21 00:02:30.322,1.10384,1.1039,4.44,3.60
2022.03.21 00:02:30.374,1.10386,1.10392,3.45,7.74
2022.03.21 00:02:37.072,1.10387,1.10392,0.90,3.60
2022.03.21 00:02:37.174,1.10387,1.10393,4.35,5.49
2022.03.21 00:02:37.277,1.1039,1.10396,3.45,10.08
2022.03.21 00:02:37.533,1.10396,1.10399,3.45,5.94
2022.03.21 00:02:37.687,1.10398,1.10403,1.35,3.60
2022.03.21 00:02:37.739,1.104,1.10403,3.45,2.70
2022.03.21 00:02:37.790,1.104,1.10405,3.45,1.66
2022.03.21 00:02:38.006,1.10399,1.10405,3.45,6.16
2022.03.21 00:02:38.637,1.10396,1.10402,6.78,3.60
2022.03.21 00:02:38.739,1.10396,1.10401,0.90,3.60
2022.03.21 00:02:38.841,1.10396,1.10402,4.35,3.60
2022.03.21 00:02:51.722,1.10395,1.10401,4.35,3.60
2022.03.21 00:02:51.828,1.10396,1.10401,3.45,0.90
2022.03.21 00:02:51.879,1.10398,1.10402,4.35,5.94
2022.03.21 00:02:51.982,1.104,1.10405,1.35,5.94
2022.03.21 00:02:52.034,1.10401,1.10407,4.89,6.30
2022.03.21 00:02:52.085,1.10403,1.10407,3.45,2.70
2022.03.21 00:02:52.188,1.10406,1.10409,4.35,4.50
2022.03.21 00:02:52.291,1.10406,1.10412,4.35,4.50
2022.03.21 00:02:52.343,1.10406,1.1041,0.90,3.60
2022.03.21 00:02:52.445,1.10406,1.10411,3.45,0.90
2022.03.21 00:02:52.497,1.10404,1.10411,4.35,1.89
2022.03.21 00:02:52.549,1.10406,1.10411,3.45,2.34
2022.03.21 00:02:52.738,1.10404,1.10411,4.35,2.34
2022.03.21 00:02:52.850,1.10406,1.10411,3.45,2.34
2022.03.21 00:02:52.902,1.10404,1.10411,4.35,1.44
2022.03.21 00:02:53.409,1.10404,1.10409,0.90,3.60
2022.03.21 00:02:53.576,1.10404,1.1041,4.35,4.59
2022.03.21 00:02:53.729,1.10403,1.10409,4.35,3.60
2022.03.21 00:03:01.825,1.10402,1.10408,5.79,3.60
2022.03.21 00:03:01.987,1.10403,1.10409,3.45,4.50
2022.03.21 00:03:06.964,1.10401,1.10406,4.89,0.90
2022.03.21 00:03:07.067,1.104,1.10405,3.45,2.02
2022.03.21 00:03:07.119,1.10398,1.10404,9.84,4.50
2022.03.21 00:03:07.221,1.10398,1.10403,0.45,3.60
2022.03.21 00:03:07.323,1.10399,1.10404,3.45,0.90
2022.03.21 00:03:07.425,1.10398,1.10404,3.45,4.50
2022.03.21 00:03:07.623,1.104,1.10404,3.45,0.90
2022.03.21 00:03:07.725,1.104,1.10403,3.45,1.35
2022.03.21 00:03:08.586,1.10397,1.10403,5.34,4.95
2022.03.21 00:03:08.688,1.10398,1.10403,0.12,4.95
2022.03.21 00:03:10.341,1.10399,1.10403,3.45,1.35
2022.03.21 00:03:13.715,1.104,1.10403,4.80,1.35
2022.03.21 00:03:13.766,1.104,1.10406,4.89,5.94
2022.03.21 00:03:13.869,1.104,1.10405,3.45,0.90
2022.03.21 00:03:13.971,1.10402,1.10405,3.45,1.12
2022.03.21 00:03:15.034,1.10401,1.10405,3.45,0.90
2022.03.21 00:03:15.170,1.104,1.10405,3.45,0.90
2022.03.21 00:03:17.502,1.104,1.10406,3.99,4.72
2022.03.21 00:03:17.612,1.104,1.10405,3.45,0.90
2022.03.21 00:03:19.986,1.104,1.10404,6.69,4.50
2022.03.21 00:03:20.102,1.104,1.10405,0.45,4.50
2022.03.21 00:03:20.662,1.10399,1.10405,5.79,4.50
2022.03.21 00:03:21.229,1.104,1.10406,3.54,4.50
2022.03.21 00:03:21.433,1.10399,1.10405,4.89,3.60
2022.03.21 00:03:21.760,1.104,1.10406,3.45,4.50
2022.03.21 00:03:23.716,1.10399,1.10405,4.44,3.60
2022.03.21 00:03:23.920,1.10399,1.10403,4.35,3.60
2022.03.21 00:03:29.883,1.10399,1.10405,3.45,4.50
2022.03.21 00:03:38.983,1.10397,1.10403,5.79,3.60
2022.03.21 00:03:39.136,1.10398,1.10404,3.45,4.50
2022.03.21 00:03:39.238,1.10398,1.10403,0.12,3.60
2022.03.21 00:03:39.340,1.10399,1.10404,3.45,0.90
2022.03.21 00:03:43.295,1.10399,1.10405,3.45,4.95
2022.03.21 00:03:43.422,1.10398,1.10403,3.45,0.90
2022.03.21 00:03:43.524,1.10397,1.10403,3.54,4.50
2022.03.21 00:03:45.115,1.10397,1.10402,0.12,3.60
2022.03.21 00:03:51.507,1.10397,1.10403,3.54,4.50
2022.03.21 00:03:51.627,1.10397,1.10402,0.12,3.60
2022.03.21 00:04:00.090,1.10399,1.10403,0.90,3.60
2022.03.21 00:04:00.142,1.104,1.10406,4.89,6.84
2022.03.21 00:04:00.193,1.10402,1.10406,0.45,3.60
2022.03.21 00:04:00.245,1.10403,1.10408,4.35,4.50
2022.03.21 00:04:00.347,1.10404,1.1041,4.35,4.50
2022.03.21 00:04:00.399,1.10406,1.10412,3.45,4.50
2022.03.21 00:04:00.552,1.10405,1.1041,2.34,3.60
2022.03.21 00:04:00.655,1.10408,1.10413,3.45,2.16
2022.03.21 00:04:00.758,1.1041,1.10413,1.44,2.16
2022.03.21 00:04:01.205,1.10411,1.10413,0.12,2.16
2022.03.21 00:04:01.370,1.10411,1.10417,3.54,4.50
2022.03.21 00:04:01.579,1.10411,1.10416,0.12,3.60
2022.03.21 00:04:05.692,1.10412,1.10416,0.45,3.60
2022.03.21 00:04:05.744,1.10413,1.10418,4.35,0.90
2022.03.21 00:04:05.846,1.10414,1.10418,3.45,0.90
2022.03.21 00:04:06.328,1.10415,1.10418,1.35,0.90
2022.03.21 00:04:06.434,1.10416,1.10421,3.45,0.45
2022.03.21 00:04:06.537,1.10415,1.1042,1.35,3.60
2022.03.21 00:04:06.830,1.10415,1.10421,4.80,1.35
2022.03.21 00:04:20.134,1.10415,1.1042,1.80,3.60
2022.03.21 00:04:34.145,1.10414,1.1042,4.80,3.60
2022.03.21 00:04:35.456,1.10414,1.10418,3.45,1.35
2022.03.21 00:04:35.508,1.1041,1.10416,6.01,3.60
2022.03.21 00:04:35.559,1.10409,1.10414,10.29,1.80
2022.03.21 00:04:35.764,1.10409,1.10415,5.25,5.49
2022.03.21 00:04:36.782,1.10409,1.10414,0.90,3.60
2022.03.21 00:04:36.885,1.10409,1.10415,4.35,5.49
2022.03.21 00:04:44.815,1.10411,1.10416,0.90,3.60
2022.03.21 00:04:44.918,1.10413,1.10418,3.45,0.45
2022.03.21 00:04:45.020,1.10414,1.10419,0.90,3.60
2022.03.21 00:04:45.123,1.10416,1.10422,3.45,9.63
2022.03.21 00:04:48.119,1.10418,1.10422,0.90,4.05
2022.03.21 00:04:48.221,1.10421,1.10423,4.80,0.90
2022.03.21 00:04:48.273,1.10421,1.10427,4.35,6.39
2022.03.21 00:04:50.511,1.10423,1.10429,4.35,4.59
2022.03.21 00:04:50.715,1.10424,1.1043,3.45,5.49
2022.03.21 00:04:51.122,1.10425,1.1043,0.90,3.60
2022.03.21 00:04:51.225,1.10425,1.10431,4.80,3.60
2022.03.21 00:04:51.327,1.10426,1.10432,3.45,8.55
2022.03.21 00:04:55.295,1.10427,1.1043,3.45,0.90
2022.03.21 00:04:58.058,1.10425,1.10429,0.45,0.90
2022.03.21 00:04:58.160,1.10423,1.10429,3.45,4.50
2022.03.21 00:04:58.313,1.10422,1.10427,3.90,0.90
2022.03.21 00:04:58.416,1.10423,1.10425,0.45,0.90
2022.03.21 00:04:58.518,1.1042,1.10426,4.44,4.50
2022.03.21 00:04:59.239,1.1042,1.10425,3.45,0.90
2022.03.21 00:04:59.290,1.10418,1.10424,7.23,3.60
2022.03.21 00:05:03.193,1.10417,1.10421,4.98,4.50
2022.03.21 00:05:03.295,1.10415,1.1042,1.44,4.50
2022.03.21 00:05:03.398,1.10414,1.1042,3.45,4.50
2022.03.21 00:05:23.442,1.10414,1.10419,3.45,1.44
2022.03.21 00:05:23.544,1.1041,1.10416,4.80,4.05
2022.03.21 00:05:30.112,1.10412,1.10417,1.89,4.50
2022.03.21 00:05:30.215,1.10413,1.10419,3.45,5.04
2022.03.21 00:05:30.317,1.10414,1.1042,4.35,5.04
2022.03.21 00:05:32.734,1.10416,1.10421,3.45,0.99
2022.03.21 00:05:34.344,1.10415,1.10421,3.54,4.50
2022.03.21 00:05:38.034,1.10415,1.1042,0.12,3.60
2022.03.21 00:05:42.359,1.10413,1.10419,4.44,4.50
2022.03.21 00:05:42.512,1.10413,1.10418,4.35,0.90
2022.03.21 00:05:42.665,1.10415,1.10417,3.45,0.90
2022.03.21 00:05:42.869,1.10414,1.1042,3.45,5.04
2022.03.21 00:05:54.012,1.10416,1.10421,3.45,0.90
2022.03.21 00:05:54.115,1.1042,1.10423,0.90,1.80
2022.03.21 00:05:54.166,1.10421,1.10426,3.45,5.40
2022.03.21 00:05:54.320,1.10422,1.10426,2.34,8.10
2022.03.21 00:05:54.423,1.10423,1.10426,1.89,3.60
2022.03.21 00:05:54.525,1.10424,1.10427,0.45,3.60
2022.03.21 00:05:54.628,1.10423,1.10426,1.44,3.60
2022.03.21 00:05:56.272,1.10424,1.10427,1.44,3.60
2022.03.21 00:05:56.323,1.10424,1.1043,4.89,4.50
2022.03.21 00:05:58.719,1.10423,1.10429,4.35,3.60
2022.03.21 00:05:58.821,1.10424,1.1043,3.45,4.50
2022.03.21 00:06:28.367,1.10424,1.10426,3.45,1.12
2022.03.21 00:06:28.418,1.1042,1.10426,9.39,4.50
2022.03.21 00:06:28.521,1.1042,1.10424,4.50,3.60
2022.03.21 00:06:28.623,1.1042,1.10424,3.45,4.50
2022.03.21 00:06:28.758,1.10418,1.10424,4.89,3.60
2022.03.21 00:06:33.037,1.10417,1.10422,0.45,4.50
2022.03.21 00:06:33.140,1.10414,1.1042,6.82,3.60
2022.03.21 00:06:33.242,1.10415,1.1042,2.34,3.60
2022.03.21 00:06:33.344,1.10414,1.1042,4.80,3.60
2022.03.21 00:06:38.359,1.10415,1.1042,0.90,3.60
2022.03.21 00:06:52.473,1.10414,1.1042,5.70,3.60
2022.03.21 00:07:00.297,1.10415,1.1042,0.90,3.60
2022.03.21 00:07:00.399,1.10414,1.1042,4.57,3.60
2022.03.21 00:07:00.916,1.10415,1.1042,4.35,0.90
2022.03.21 00:07:05.873,1.10414,1.1042,6.91,3.60
2022.03.21 00:07:06.183,1.10416,1.10419,2.34,3.60
2022.03.21 00:07:32.165,1.10417,1.10421,3.45,0.12
2022.03.21 00:07:32.267,1.10417,1.10422,3.45,0.12
2022.03.21 00:07:36.710,1.10415,1.10421,4.35,4.59
2022.03.21 00:07:37.547,1.10415,1.1042,0.90,3.60
2022.03.21 00:07:38.563,1.10415,1.10421,4.35,5.04
2022.03.21 00:07:42.538,1.10416,1.10421,3.45,0.99
2022.03.21 00:07:42.768,1.10415,1.10421,4.35,4.59
2022.03.21 00:07:43.428,1.10416,1.10421,3.45,0.99
2022.03.21 00:07:43.644,1.10416,1.1042,4.35,4.59
2022.03.21 00:07:44.641,1.10416,1.10421,3.45,0.99
2022.03.21 00:07:45.702,1.10416,1.10422,3.90,4.59
2022.03.21 00:07:45.804,1.10417,1.10422,3.45,0.12
2022.03.21 00:08:02.431,1.10417,1.10421,0.90,0.12
2022.03.21 00:08:02.533,1.10417,1.1042,0.90,3.60
2022.03.21 00:08:02.635,1.10417,1.1042,3.45,0.76
2022.03.21 00:08:02.991,1.10415,1.10421,4.35,3.69
2022.03.21 00:08:03.568,1.10417,1.1042,3.45,0.12
2022.03.21 00:08:04.056,1.10415,1.1042,0.90,3.60
2022.03.21 00:08:07.295,1.10416,1.1042,0.90,3.60
2022.03.21 00:08:13.285,1.10416,1.10421,4.35,0.54
2022.03.21 00:08:19.959,1.10418,1.10422,0.90,0.12
2022.03.21 00:08:20.366,1.10418,1.10423,2.70,3.69
2022.03.21 00:08:20.468,1.10424,1.10427,4.35,3.24
2022.03.21 00:08:20.571,1.10424,1.10429,4.35,0.12
2022.03.21 00:08:20.673,1.10426,1.10428,0.90,0.12
2022.03.21 00:08:21.341,1.10424,1.10429,4.35,0.12
2022.03.21 00:08:21.654,1.10425,1.10429,4.35,0.12
2022.03.21 00:08:21.852,1.10426,1.10429,3.45,0.12
2022.03.21 00:08:21.954,1.10425,1.10429,0.90,0.12
2022.03.21 00:08:22.601,1.10426,1.1043,3.45,0.31
2022.03.21 00:08:26.166,1.10423,1.10426,4.89,0.12
2022.03.21 00:08:26.269,1.10421,1.10425,4.35,0.12
2022.03.21 00:08:29.198,1.10421,1.10423,0.90,3.60
2022.03.21 00:08:29.300,1.1042,1.10425,4.35,0.12
2022.03.21 00:08:30.544,1.10422,1.10426,0.90,3.69
2022.03.21 00:08:33.681,1.10426,1.10428,0.90,0.12
2022.03.21 00:08:33.733,1.10425,1.1043,0.90,4.59
2022.03.21 00:08:33.836,1.10424,1.10429,4.35,0.12
2022.03.21 00:08:35.134,1.10426,1.1043,4.35,0.12
2022.03.21 00:08:35.236,1.10427,1.10431,3.45,0.12
2022.03.21 00:08:35.347,1.10426,1.10431,4.35,0.12
2022.03.21 00:08:37.185,1.10427,1.10431,3.45,0.12
2022.03.21 00:08:42.613,1.10426,1.10431,4.35,0.12
2022.03.21 00:08:45.379,1.10427,1.10431,3.45,0.12
2022.03.21 00:08:46.551,1.10426,1.10431,4.35,0.12
2022.03.21 00:08:46.653,1.10427,1.10431,3.45,0.12
2022.03.21 00:08:46.705,1.10428,1.10433,4.35,0.12
2022.03.21 00:08:48.393,1.10427,1.10431,4.35,0.12
2022.03.21 00:08:48.496,1.10425,1.1043,0.90,4.14
2022.03.21 00:08:48.598,1.10424,1.1043,4.44,4.14
2022.03.21 00:08:48.649,1.10425,1.10427,0.90,0.12
2022.03.21 00:08:48.755,1.10422,1.10426,4.35,0.12
2022.03.21 00:08:48.858,1.10421,1.10425,4.35,0.12
2022.03.21 00:08:52.342,1.1042,1.10425,4.35,0.12
2022.03.21 00:09:01.307,1.10421,1.10426,4.35,0.12
2022.03.21 00:09:01.409,1.10422,1.10426,0.90,0.12
2022.03.21 00:09:02.356,1.10422,1.10427,0.90,3.69
2022.03.21 00:09:02.610,1.10422,1.10426,0.90,0.12
2022.03.21 00:09:02.713,1.10421,1.10426,0.90,3.69
2022.03.21 00:09:02.815,1.10422,1.10426,0.90,3.69
2022.03.21 00:09:02.917,1.10421,1.10426,0.90,3.69
2022.03.21 00:09:03.019,1.10422,1.10426,0.90,3.69
2022.03.21 00:09:03.121,1.10422,1.10427,0.90,3.69
2022.03.21 00:09:08.383,1.10423,1.10428,4.35,0.12
2022.03.21 00:09:08.485,1.10424,1.10429,4.35,0.12
2022.03.21 00:09:20.662,1.10424,1.10428,3.45,0.12
2022.03.21 00:09:20.765,1.10423,1.10428,4.80,0.12
2022.03.21 00:09:21.204,1.10424,1.10428,3.45,0.12
2022.03.21 00:09:21.307,1.10424,1.10429,3.45,0.12
2022.03.21 00:09:27.198,1.10424,1.10428,3.45,0.12
2022.03.21 00:09:34.228,1.10424,1.10429,4.35,0.12
2022.03.21 00:09:36.915,1.10424,1.10428,3.45,0.12
2022.03.21 00:09:37.119,1.10422,1.10425,4.35,0.12
2022.03.21 00:09:37.221,1.10421,1.10425,3.45,0.12
2022.03.21 00:09:37.324,1.1042,1.10425,4.35,0.12
2022.03.21 00:09:39.953,1.10423,1.10427,4.35,0.12
2022.03.21 00:09:40.056,1.10423,1.10428,4.35,0.12
2022.03.21 00:09:40.158,1.10424,1.10429,3.45,0.12
2022.03.21 00:09:44.507,1.10423,1.10428,5.88,0.51
2022.03.21 00:09:47.387,1.10422,1.10426,0.90,0.12
2022.03.21 00:09:47.643,1.10423,1.10426,0.99,3.69
2022.03.21 00:10:01.115,1.10423,1.10427,3.45,0.12
2022.03.21 00:10:04.982,1.10422,1.10426,0.90,0.12
2022.03.21 00:10:07.384,1.10422,1.10427,0.99,3.69
2022.03.21 00:10:24.490,1.10421,1.10426,5.34,0.12
2022.03.21 00:10:24.658,1.10423,1.10426,3.45,0.12
2022.03.21 00:10:24.880,1.10421,1.10426,5.34,0.12
2022.03.21 00:10:25.909,1.10423,1.10426,3.45,0.12
2022.03.21 00:10:34.347,1.10422,1.10427,0.99,3.69
2022.03.21 00:10:44.353,1.10422,1.10426,4.35,0.12
2022.03.21 00:10:44.835,1.10421,1.10426,5.34,0.12
2022.03.21 00:10:44.937,1.10422,1.10426,3.45,0.12
2022.03.21 00:10:46.334,1.10421,1.10426,5.34,0.12
2022.03.21 00:10:47.325,1.10422,1.10426,3.45,0.12
2022.03.21 00:10:47.427,1.10421,1.10426,5.34,0.12
2022.03.21 00:10:49.420,1.10422,1.10426,3.45,0.12
2022.03.21 00:10:49.526,1.10421,1.10426,5.34,0.12
2022.03.21 00:10:52.921,1.10419,1.10424,5.79,1.44
2022.03.21 00:10:53.023,1.10418,1.10424,4.35,6.93
2022.03.21 00:11:02.348,1.10419,1.10422,3.45,0.12
2022.03.21 00:11:02.400,1.10416,1.10422,5.34,4.59
2022.03.21 00:11:02.502,1.10415,1.1042,0.90,3.60
2022.03.21 00:11:02.608,1.10416,1.10418,0.90,3.60
2022.03.21 00:11:02.710,1.10415,1.1042,0.90,0.12
2022.03.21 00:11:02.968,1.10416,1.1042,3.45,0.12
2022.03.21 00:11:06.745,1.10415,1.1042,4.35,0.12
2022.03.21 00:11:19.822,1.10413,1.10419,3.45,7.29
2022.03.21 00:11:19.975,1.10412,1.10418,7.14,3.60
2022.03.21 00:11:20.077,1.10413,1.10419,3.45,8.19
2022.03.21 00:11:25.285,1.10415,1.10418,1.44,8.19
2022.03.21 00:11:25.387,1.10414,1.10418,1.44,0.12
2022.03.21 00:11:25.649,1.10413,1.10418,3.45,0.12
2022.03.21 00:11:25.751,1.10412,1.10418,4.44,4.59
2022.03.21 00:11:26.104,1.10413,1.10418,4.89,0.99
2022.03.21 00:11:27.292,1.10413,1.10419,4.89,5.49
2022.03.21 00:11:27.395,1.10414,1.10419,3.54,0.90
2022.03.21 00:11:30.124,1.10416,1.10421,4.35,0.12
2022.03.21 00:11:30.277,1.10419,1.10423,0.90,0.12
2022.03.21 00:11:30.481,1.1042,1.10423,4.44,0.12
2022.03.21 00:11:31.384,1.10419,1.10423,0.90,0.12
2022.03.21 00:11:32.943,1.10419,1.10424,4.44,0.12
2022.03.21 00:11:47.219,1.10419,1.10423,3.45,0.12
2022.03.21 00:11:47.322,1.10419,1.10422,4.44,0.12
2022.03.21 00:11:54.269,1.10417,1.10422,4.44,0.12
2022.03.21 00:11:56.786,1.10418,1.10423,0.12,3.69
2022.03.21 00:11:56.939,1.10419,1.10424,4.44,0.12
2022.03.21 00:12:00.028,1.1042,1.10424,3.45,0.12
2022.03.21 00:12:00.815,1.10419,1.10424,0.99,3.69
2022.03.21 00:12:04.503,1.10419,1.10422,4.44,2.34
2022.03.21 00:12:04.605,1.10416,1.10421,4.44,0.12
2022.03.21 00:12:04.707,1.10416,1.1042,0.90,0.12
2022.03.21 00:12:06.158,1.10416,1.10421,4.44,0.12
2022.03.21 00:12:11.675,1.10417,1.10422,0.12,3.69
2022.03.21 00:12:21.595,1.10415,1.10417,0.45,0.45
2022.03.21 00:12:21.647,1.10413,1.10415,4.50,0.99
2022.03.21 00:12:21.750,1.10409,1.10414,5.79,0.12
2022.03.21 00:12:22.204,1.10409,1.10413,5.25,0.12
2022.03.21 00:12:24.805,1.1041,1.10413,1.44,0.12
2022.03.21 00:12:25.345,1.10409,1.10413,5.25,0.12
2022.03.21 00:12:27.327,1.10409,1.10414,5.34,0.12
2022.03.21 00:12:39.718,1.1041,1.10414,0.90,0.12
2022.03.21 00:12:51.118,1.10411,1.10416,0.12,5.49
2022.03.21 00:12:51.220,1.10413,1.10417,4.35,2.43
2022.03.21 00:12:51.323,1.10415,1.10419,0.90,4.59
2022.03.21 00:12:52.277,1.10416,1.10421,0.99,3.69
2022.03.21 00:12:52.481,1.10417,1.10422,0.12,5.49
2022.03.21 00:12:52.583,1.10417,1.10421,0.12,3.60
2022.03.21 00:12:52.767,1.10417,1.10422,0.12,5.49
2022.03.21 00:12:53.771,1.10416,1.10421,4.44,0.12
2022.03.21 00:13:01.350,1.10416,1.1042,0.90,0.12
2022.03.21 00:13:03.001,1.10416,1.10421,0.99,3.69
2022.03.21 00:13:03.104,1.10416,1.1042,0.90,0.12
2022.03.21 00:13:05.052,1.10415,1.1042,4.44,0.12
2022.03.21 00:13:05.154,1.10415,1.10419,4.35,0.12
2022.03.21 00:13:06.821,1.10415,1.1042,4.44,0.12
2022.03.21 00:13:07.805,1.10416,1.1042,4.35,0.12
2022.03.21 00:13:08.226,1.10417,1.1042,0.90,0.12
2022.03.21 00:13:08.329,1.10417,1.10421,4.35,0.12
2022.03.21 00:13:27.782,1.10419,1.10421,0.90,0.12
2022.03.21 00:13:27.885,1.10423,1.10425,1.66,3.24
2022.03.21 00:13:27.937,1.10425,1.10427,0.90,4.50
2022.03.21 00:13:28.039,1.10425,1.10429,0.90,0.12
2022.03.21 00:13:28.396,1.10425,1.1043,4.44,0.99
2022.03.21 00:13:28.498,1.10427,1.10431,3.45,0.12
2022.03.21 00:13:28.600,1.10426,1.10431,4.44,0.12
2022.03.21 00:13:41.205,1.10429,1.10433,3.45,1.89
2022.03.21 00:13:41.308,1.10428,1.10433,4.44,0.99
2022.03.21 00:13:42.936,1.10429,1.10433,0.90,0.12
2022.03.21 00:13:45.130,1.10427,1.10432,3.99,1.89
2022.03.21 00:13:45.233,1.10426,1.10431,4.44,0.12
2022.03.21 00:13:45.908,1.10427,1.10431,3.45,0.12
2022.03.21 00:13:46.303,1.10426,1.10431,4.44,0.12
2022.03.21 00:13:47.545,1.10428,1.10433,4.44,4.45
2022.03.21 00:13:56.810,1.10429,1.10433,0.90,0.12
2022.03.21 00:14:02.622,1.10428,1.10432,3.45,0.12
2022.03.21 00:14:02.725,1.10427,1.10431,4.35,0.12
2022.03.21 00:14:02.827,1.10426,1.10431,4.44,0.99
2022.03.21 00:14:03.032,1.10428,1.10432,0.90,0.99
2022.03.21 00:14:03.134,1.10429,1.10433,4.35,0.12
2022.03.21 00:14:03.287,1.10429,1.10434,4.44,0.12
2022.03.21 00:14:16.250,1.10428,1.1043,4.35,0.12
2022.03.21 00:14:16.353,1.10426,1.10431,5.34,0.12
2022.03.21 00:14:16.505,1.10426,1.1043,5.25,0.12
2022.03.21 00:14:21.215,1.10427,1.10431,0.90,0.12
2022.03.21 00:14:32.240,1.10428,1.10432,4.35,0.12
2022.03.21 00:14:32.342,1.10428,1.10433,4.44,0.12
2022.03.21 00:14:32.796,1.10429,1.10434,0.12,5.71
2022.03.21 00:14:33.786,1.1043,1.10434,0.90,0.99
2022.03.21 00:14:44.212,1.10433,1.10437,4.35,0.12
2022.03.21 00:14:44.314,1.10435,1.10438,0.90,0.12
2022.03.21 00:14:44.417,1.10433,1.10438,4.35,0.45
2022.03.21 00:14:44.468,1.10432,1.10436,0.90,0.12
2022.03.21 00:14:44.571,1.1043,1.10435,4.44,0.12
2022.03.21 00:14:50.769,1.1043,1.10434,0.90,3.69
2022.03.21 00:14:59.541,1.10429,1.10434,0.99,3.69
2022.03.21 00:14:59.745,1.10429,1.10433,0.99,3.60
2022.03.21 00:14:59.847,1.1043,1.10433,4.44,0.12
2022.03.21 00:15:00.253,1.10432,1.10435,0.99,4.59
2022.03.21 00:15:00.457,1.10432,1.10434,0.90,3.69
2022.03.21 00:15:00.559,1.1043,1.10434,4.35,0.12
2022.03.21 00:15:01.779,1.10429,1.10434,0.99,3.69
2022.03.21 00:15:01.885,1.1043,1.10434,3.45,0.12
2022.03.21 00:15:04.691,1.10429,1.10434,0.99,4.59
2022.03.21 00:15:04.794,1.10428,1.10433,0.99,4.14
2022.03.21 00:15:14.066,1.1043,1.10432,0.90,3.69
2022.03.21 00:15:14.118,1.10432,1.10435,4.44,0.90
2022.03.21 00:15:14.220,1.10434,1.10438,4.35,0.12
2022.03.21 00:15:15.427,1.10433,1.10438,4.44,0.54
2022.03.21 00:15:17.528,1.10433,1.10437,4.35,0.12
2022.03.21 00:15:17.580,1.10429,1.10433,4.59,0.54
2022.03.21 00:15:17.683,1.10428,1.10432,0.90,3.69
2022.03.21 00:15:17.785,1.10427,1.10432,0.99,4.59
2022.03.21 00:15:18.664,1.10426,1.10431,5.34,0.12
2022.03.21 00:15:18.817,1.10426,1.1043,1.89,3.60
2022.03.21 00:15:19.781,1.10427,1.1043,0.99,3.60
2022.03.21 00:15:19.832,1.10428,1.10431,4.44,0.99
2022.03.21 00:15:20.929,1.10428,1.10432,4.35,0.12
2022.03.21 00:15:21.082,1.1043,1.10432,0.90,0.12
2022.03.21 00:15:21.185,1.10429,1.10434,0.99,3.69
2022.03.21 00:15:31.829,1.10428,1.10433,0.90,5.04
2022.03.21 00:15:31.982,1.10428,1.10432,0.90,3.60
2022.03.21 00:15:32.084,1.10428,1.10433,0.90,5.04
2022.03.21 00:15:36.304,1.10427,1.10433,6.24,5.04
2022.03.21 00:15:36.427,1.10428,1.10431,5.25,0.12
2022.03.21 00:15:40.805,1.10427,1.10433,6.24,5.04
2022.03.21 00:15:40.935,1.10428,1.10433,4.35,1.44
2022.03.21 00:15:47.602,1.10428,1.10432,4.35,0.12
2022.03.21 00:16:01.375,1.10428,1.10433,4.35,1.44
2022.03.21 00:16:16.405,1.10428,1.10432,3.45,0.90
2022.03.21 00:16:16.507,1.10427,1.10432,4.35,1.21
2022.03.21 00:16:17.373,1.10429,1.10431,3.45,0.12
2022.03.21 00:16:17.616,1.10427,1.10432,5.25,0.12
2022.03.21 00:16:17.718,1.10429,1.10431,3.45,0.12
2022.03.21 00:16:18.910,1.10427,1.10432,5.25,0.12
2022.03.21 00:16:20.090,1.10428,1.10432,3.45,0.12
2022.03.21 00:16:21.567,1.10427,1.10432,5.25,0.12
2022.03.21 00:16:21.693,1.10428,1.10432,3.45,0.12
2022.03.21 00:16:22.189,1.10427,1.10432,5.25,0.12
2022.03.21 00:16:22.345,1.10429,1.10431,3.45,0.12
2022.03.21 00:16:22.447,1.1043,1.10435,1.35,4.50
2022.03.21 00:16:22.550,1.10432,1.10436,0.45,5.94
2022.03.21 00:16:22.652,1.10433,1.10437,4.35,4.59
2022.03.21 00:16:23.530,1.10431,1.10436,1.80,4.59
2022.03.21 00:16:23.683,1.10429,1.10434,4.35,0.99
2022.03.21 00:16:26.008,1.10429,1.10435,4.35,4.59
2022.03.21 00:16:30.686,1.10429,1.10433,4.35,0.54
2022.03.21 00:16:30.840,1.10428,1.10433,0.90,5.04
2022.03.21 00:16:31.697,1.10429,1.10434,0.90,4.59
2022.03.21 00:16:31.799,1.10429,1.10433,0.90,3.60
2022.03.21 00:16:31.966,1.10429,1.10434,0.90,4.59
2022.03.21 00:16:37.242,1.10428,1.10433,4.35,1.44
2022.03.21 00:16:40.643,1.10427,1.10433,7.05,5.04
2022.03.21 00:16:51.987,1.10428,1.10433,3.45,1.44
2022.03.21 00:17:00.240,1.10427,1.10433,7.05,5.04
2022.03.21 00:17:01.028,1.10428,1.10433,4.35,1.44
2022.03.21 00:17:05.837,1.10427,1.10433,6.15,5.04
2022.03.21 00:17:07.301,1.10428,1.10431,0.90,0.90
2022.03.21 00:17:07.353,1.10425,1.10429,5.34,1.80
2022.03.21 00:17:07.455,1.10424,1.10428,0.90,5.04
2022.03.21 00:17:07.558,1.10421,1.10426,5.79,1.89
2022.03.21 00:17:07.914,1.1042,1.10425,5.79,0.90
2022.03.21 00:17:09.805,1.10421,1.10426,0.90,4.59
2022.03.21 00:17:10.245,1.10423,1.10428,4.35,1.89
2022.03.21 00:17:10.347,1.10424,1.10429,0.90,5.71
2022.03.21 00:17:11.694,1.10425,1.10427,0.90,0.90
2022.03.21 00:17:11.746,1.1042,1.10425,5.79,1.89
2022.03.21 00:17:11.848,1.10419,1.10424,0.90,4.59
2022.03.21 00:17:12.410,1.10418,1.10423,0.90,6.39
2022.03.21 00:17:12.962,1.10418,1.10422,0.90,0.12
2022.03.21 00:17:13.819,1.10418,1.10423,5.70,0.99
2022.03.21 00:17:13.871,1.1042,1.10425,4.35,0.99
2022.03.21 00:17:13.973,1.10421,1.10425,4.35,0.12
2022.03.21 00:17:14.690,1.10426,1.10429,0.90,2.34
2022.03.21 00:17:14.793,1.10428,1.10431,0.90,7.20
2022.03.21 00:17:14.895,1.10428,1.10433,4.35,0.90
2022.03.21 00:17:14.946,1.1043,1.10434,3.45,1.21
2022.03.21 00:17:15.049,1.10429,1.10434,4.35,1.21
2022.03.21 00:17:15.443,1.10429,1.10433,4.35,0.45
2022.03.21 00:17:15.936,1.10428,1.10433,0.90,5.04
2022.03.21 00:17:24.442,1.10429,1.10434,0.90,5.71
2022.03.21 00:17:28.495,1.10429,1.10432,0.90,0.90
2022.03.21 00:17:28.547,1.10423,1.10425,4.50,0.90
2022.03.21 00:17:28.598,1.10425,1.10427,1.44,2.56
2022.03.21 00:17:28.650,1.10423,1.10425,4.50,2.56
2022.03.21 00:17:28.701,1.10419,1.10422,2.70,4.95
2022.03.21 00:17:28.804,1.10419,1.10424,4.35,1.66
2022.03.21 00:17:28.906,1.1042,1.10424,3.45,1.66
2022.03.21 00:17:29.008,1.10419,1.10424,0.90,4.81
2022.03.21 00:17:35.000,1.10421,1.10423,0.90,3.60
2022.03.21 00:17:35.103,1.1042,1.10425,0.90,4.59
2022.03.21 00:17:41.196,1.10418,1.1042,0.12,0.45
2022.03.21 00:17:41.299,1.10415,1.10417,2.79,1.12
2022.03.21 00:17:41.401,1.10414,1.10416,4.50,3.01
2022.03.21 00:17:41.453,1.10411,1.10416,1.80,6.61
2022.03.21 00:17:41.555,1.10411,1.10415,0.90,3.69
2022.03.21 00:17:41.658,1.1041,1.10415,0.90,4.81
2022.03.21 00:17:41.710,1.1041,1.10413,0.90,0.45
2022.03.21 00:17:41.812,1.10409,1.10413,0.90,0.45
2022.03.21 00:17:41.927,1.10409,1.10414,4.35,1.89
2022.03.21 00:17:45.333,1.10409,1.10413,4.35,0.45
2022.03.21 00:17:50.083,1.10411,1.10415,0.90,3.60
2022.03.21 00:17:50.186,1.10412,1.10417,0.90,6.93
2022.03.21 00:17:52.792,1.10413,1.10417,0.90,0.12
2022.03.21 00:17:52.894,1.10413,1.10418,4.35,2.56
2022.03.21 00:17:53.878,1.10413,1.10417,0.90,3.60
2022.03.21 00:17:56.367,1.10413,1.10418,4.35,0.99
2022.03.21 00:17:56.726,1.10416,1.1042,3.45,0.99
2022.03.21 00:17:56.830,1.10417,1.10421,0.90,0.12
2022.03.21 00:17:56.932,1.10417,1.10422,0.99,4.59
2022.03.21 00:17:58.277,1.10418,1.10422,0.90,0.12
2022.03.21 00:18:03.519,1.10419,1.10422,0.99,4.59
2022.03.21 00:18:04.201,1.10419,1.10424,4.44,0.99
2022.03.21 00:18:04.303,1.10421,1.10425,0.90,0.12
2022.03.21 00:18:07.184,1.10419,1.10423,0.90,0.90
2022.03.21 00:18:07.286,1.10418,1.10423,0.90,5.04
2022.03.21 00:18:07.541,1.10419,1.10424,0.90,4.59
2022.03.21 00:18:07.643,1.1042,1.10424,0.90,3.60
2022.03.21 00:18:19.726,1.1042,1.10425,0.90,6.16
2022.03.21 00:18:21.734,1.10421,1.10425,3.45,0.99
2022.03.21 00:18:21.837,1.1042,1.10425,0.90,4.59
2022.03.21 00:18:28.693,1.10423,1.10428,4.35,1.89
2022.03.21 00:18:30.102,1.10422,1.10427,2.70,4.50
2022.03.21 00:18:34.327,1.10421,1.10426,4.35,0.90
2022.03.21 00:18:47.801,1.10422,1.10426,0.90,3.60
2022.03.21 00:18:47.904,1.10422,1.10427,0.90,4.59
2022.03.21 00:18:53.799,1.10423,1.10427,0.90,3.60
2022.03.21 00:18:54.129,1.10422,1.10427,4.35,0.99
2022.03.21 00:19:00.512,1.10421,1.10426,4.35,0.99
2022.03.21 00:19:00.615,1.1042,1.10425,4.35,1.89
2022.03.21 00:19:00.717,1.1042,1.10424,0.90,3.60
2022.03.21 00:19:04.753,1.10421,1.10425,0.90,4.59
2022.03.21 00:19:11.068,1.10421,1.10426,0.90,4.81
2022.03.21 00:19:26.078,1.1042,1.10425,4.35,0.99
2022.03.21 00:19:26.626,1.10422,1.10426,0.90,3.60
2022.03.21 00:19:26.728,1.10422,1.10427,0.90,3.60
2022.03.21 00:19:39.322,1.10422,1.10426,0.90,0.12
2022.03.21 00:19:43.163,1.10421,1.10426,4.35,0.12
2022.03.21 00:19:44.322,1.10422,1.10426,0.90,0.54
2022.03.21 00:19:48.738,1.10423,1.10427,0.90,0.12
2022.03.21 00:19:49.221,1.10423,1.10428,0.90,6.16
2022.03.21 00:19:50.446,1.10424,1.10429,0.90,6.93
2022.03.21 00:19:50.548,1.10425,1.10429,0.90,3.60
2022.03.21 00:19:50.650,1.10425,1.1043,0.90,4.59
2022.03.21 00:20:22.707,1.10425,1.10427,0.90,0.90
2022.03.21 00:20:23.723,1.10424,1.10427,0.90,0.45
2022.03.21 00:20:24.785,1.10424,1.10428,0.90,0.90
2022.03.21 00:21:03.020,1.10424,1.10425,0.90,0.45
2022.03.21 00:21:03.123,1.10421,1.10424,0.90,0.45
2022.03.21 00:21:03.225,1.1042,1.10423,0.90,0.45
2022.03.21 00:21:03.429,1.1042,1.10424,0.90,3.60
2022.03.21 00:21:04.022,1.1042,1.10422,0.90,1.35
2022.03.21 00:21:04.226,1.10417,1.10422,0.90,5.49
2022.03.21 00:21:04.343,1.10416,1.10421,5.25,0.90
2022.03.21 00:21:06.148,1.10415,1.1042,4.35,1.89
2022.03.21 00:21:06.250,1.10417,1.10422,0.90,4.59
2022.03.21 00:21:07.415,1.10418,1.10423,0.90,6.84
2022.03.21 00:21:09.792,1.10417,1.10422,0.90,4.59
2022.03.21 00:21:09.894,1.10417,1.10421,0.90,3.60
2022.03.21 00:21:09.996,1.10416,1.10421,0.90,4.50
2022.03.21 00:21:10.098,1.10418,1.10421,4.35,0.99
2022.03.21 00:21:10.201,1.10418,1.10423,0.90,6.84
2022.03.21 00:21:15.883,1.10417,1.10421,0.90,4.50
2022.03.21 00:21:18.219,1.10417,1.1042,0.90,3.60
2022.03.21 00:21:19.295,1.10416,1.1042,0.90,3.60
2022.03.21 00:21:20.670,1.10416,1.10421,4.35,2.56
2022.03.21 00:21:31.295,1.10417,1.10421,0.90,0.12
2022.03.21 00:21:32.528,1.10413,1.10418,6.24,2.25
2022.03.21 00:21:32.630,1.10413,1.10417,0.90,3.60
2022.03.21 00:21:32.732,1.10413,1.10418,0.90,7.29
2022.03.21 00:21:32.835,1.10413,1.10417,0.90,3.60
2022.03.21 00:21:35.715,1.1041,1.10415,4.35,2.02
2022.03.21 00:21:35.869,1.10409,1.10414,4.35,0.90
2022.03.21 00:21:45.357,1.10411,1.10414,0.90,0.31
2022.03.21 00:21:50.908,1.10412,1.10415,0.90,0.54
2022.03.21 00:21:53.340,1.10413,1.10416,0.90,1.12
2022.03.21 00:21:56.719,1.10412,1.10416,0.90,1.89
2022.03.21 00:21:56.974,1.10412,1.10414,0.90,0.12
2022.03.21 00:21:59.982,1.10409,1.10413,8.94,3.60
2022.03.21 00:22:01.343,1.10411,1.10414,0.90,3.60
2022.03.21 00:22:03.972,1.10411,1.10415,0.90,0.12
2022.03.21 00:22:04.920,1.10411,1.10414,0.90,3.60
2022.03.21 00:22:05.543,1.10411,1.10415,0.90,0.12
2022.03.21 00:22:09.285,1.10411,1.10414,0.90,3.60
2022.03.21 00:22:20.108,1.10411,1.10415,0.90,3.69
2022.03.21 00:22:20.397,1.1041,1.10413,0.90,0.45
2022.03.21 00:22:20.500,1.10409,1.10413,4.35,0.54
2022.03.21 00:22:23.023,1.1041,1.10413,0.90,1.44
2022.03.21 00:22:24.560,1.1041,1.10412,0.90,1.44
2022.03.21 00:22:27.633,1.10409,1.10411,0.90,0.90
2022.03.21 00:22:27.684,1.10406,1.10409,3.45,1.80
2022.03.21 00:22:27.736,1.10404,1.10408,1.44,6.16
2022.03.21 00:22:27.839,1.10403,1.10405,4.50,3.60
2022.03.21 00:22:27.890,1.104,1.10403,4.35,1.66
2022.03.21 00:22:30.194,1.104,1.10404,4.35,0.12
2022.03.21 00:22:30.296,1.10401,1.10404,0.90,0.12
2022.03.21 00:22:30.555,1.10402,1.10404,0.90,0.12
2022.03.21 00:22:30.607,1.10403,1.10407,0.90,6.93
2022.03.21 00:22:30.710,1.10402,1.10407,0.90,4.81
2022.03.21 00:22:30.812,1.10403,1.10405,0.90,0.12
2022.03.21 00:22:33.804,1.10403,1.10407,4.35,0.12
2022.03.21 00:22:33.855,1.10405,1.10408,0.90,0.12
2022.03.21 00:22:33.958,1.10408,1.10411,0.90,3.24
2022.03.21 00:22:34.060,1.10409,1.10411,0.90,0.90
2022.03.21 00:22:35.676,1.10409,1.10412,0.90,0.99
2022.03.21 00:22:41.492,1.1041,1.10414,0.90,0.90
2022.03.21 00:22:42.127,1.1041,1.10413,0.90,3.60
2022.03.21 00:22:42.679,1.1041,1.10414,4.35,0.12
2022.03.21 00:22:43.512,1.10412,1.10413,0.90,0.12
2022.03.21 00:22:50.248,1.10413,1.10416,4.35,0.12
2022.03.21 00:22:50.299,1.10415,1.10418,0.90,0.45
2022.03.21 00:22:50.401,1.10416,1.1042,0.90,15.03
2022.03.21 00:22:51.517,1.10418,1.10421,0.90,0.12
2022.03.21 00:22:51.620,1.10418,1.10422,0.90,5.49
2022.03.21 00:22:51.882,1.10419,1.10422,0.90,3.60
2022.03.21 00:22:51.984,1.10419,1.10423,0.90,2.88
2022.03.21 00:22:54.490,1.10421,1.10425,0.90,3.33
2022.03.21 00:22:54.592,1.10421,1.10426,4.35,1.89
2022.03.21 00:22:54.748,1.10422,1.10423,0.90,3.60
2022.03.21 00:22:54.850,1.1042,1.10425,4.35,2.34
2022.03.21 00:23:05.109,1.10422,1.10426,0.90,3.69
2022.03.21 00:23:05.212,1.10423,1.10427,4.35,0.12
2022.03.21 00:23:05.314,1.10423,1.10428,4.35,3.78
2022.03.21 00:23:07.958,1.10424,1.10428,0.90,3.69
2022.03.21 00:23:09.348,1.10424,1.10429,0.90,4.59
2022.03.21 00:23:09.460,1.10425,1.10429,0.90,3.69
2022.03.21 00:23:12.615,1.10426,1.1043,0.90,4.59
2022.03.21 00:23:13.624,1.10427,1.10431,0.90,2.43
2022.03.21 00:23:14.889,1.10427,1.10432,2.92,4.59
2022.03.21 00:23:14.992,1.10429,1.10434,4.35,0.99
2022.03.21 00:23:15.094,1.1043,1.10434,0.90,0.12
2022.03.21 00:23:16.363,1.10432,1.10434,0.90,0.12
2022.03.21 00:23:17.262,1.10433,1.10436,0.22,2.34
2022.03.21 00:23:17.364,1.10435,1.10437,0.90,0.12
2022.03.21 00:23:18.058,1.10434,1.10437,3.45,0.12
2022.03.21 00:23:20.153,1.10436,1.10438,0.90,0.12
2022.03.21 00:23:25.369,1.10432,1.10435,0.90,0.90
2022.03.21 00:23:25.421,1.10434,1.10436,0.90,0.12
2022.03.21 00:23:25.472,1.1043,1.10434,4.59,3.60
2022.03.21 00:23:25.523,1.10432,1.10435,1.80,4.14
2022.03.21 00:23:28.927,1.10431,1.10433,0.90,0.12
2022.03.21 00:23:32.455,1.1043,1.10433,0.90,0.12
2022.03.21 00:23:36.840,1.10432,1.10434,0.90,0.12
2022.03.21 00:23:36.891,1.10433,1.10436,0.90,2.34
2022.03.21 00:23:36.993,1.10435,1.10437,0.90,4.59
2022.03.21 00:23:38.541,1.10436,1.10438,0.90,4.59
2022.03.21 00:23:38.644,1.10441,1.10443,0.90,3.24
2022.03.21 00:23:38.746,1.10441,1.10444,3.45,4.50
2022.03.21 00:23:38.849,1.10444,1.10447,0.90,0.12
2022.03.21 00:23:39.002,1.10444,1.10448,0.90,0.54
2022.03.21 00:23:43.295,1.10445,1.10448,0.90,0.54
2022.03.21 00:23:43.944,1.10444,1.10447,0.90,2.70
2022.03.21 00:23:44.046,1.10443,1.10445,0.90,0.12
2022.03.21 00:23:48.228,1.10442,1.10444,0.90,0.12
2022.03.21 00:23:48.534,1.10444,1.10446,0.90,0.87
2022.03.21 00:23:48.687,1.10444,1.10447,0.90,0.12
2022.03.21 00:23:52.121,1.10445,1.10447,0.90,0.12
2022.03.21 00:23:54.913,1.10445,1.10448,1.80,0.12
2022.03.21 00:23:54.965,1.10449,1.10452,0.90,0.12
2022.03.21 00:23:55.068,1.10451,1.10454,0.90,2.79
2022.03.21 00:23:55.170,1.10451,1.10456,4.35,3.01
2022.03.21 00:23:56.887,1.10451,1.10455,4.35,0.45
2022.03.21 00:24:00.753,1.10452,1.10453,0.90,3.60
2022.03.21 00:24:01.636,1.10451,1.10455,0.90,3.69
2022.03.21 00:24:06.800,1.1045,1.10455,0.90,4.59
2022.03.21 00:24:08.111,1.10453,1.10458,0.99,6.93
2022.03.21 00:24:08.214,1.10454,1.10458,3.45,0.99
2022.03.21 00:24:08.367,1.10453,1.10458,0.99,4.59
2022.03.21 00:24:09.026,1.10454,1.10458,3.45,0.99
2022.03.21 00:24:09.128,1.10456,1.1046,0.90,0.12
2022.03.21 00:24:09.230,1.10458,1.10462,0.90,3.69
2022.03.21 00:24:09.333,1.1046,1.10464,4.35,0.12
2022.03.21 00:24:09.435,1.10461,1.10465,4.35,0.12
2022.03.21 00:24:12.563,1.10462,1.10465,4.35,0.99
2022.03.21 00:24:14.008,1.10462,1.10466,0.90,0.12
2022.03.21 00:24:18.141,1.10462,1.10467,4.35,0.99
2022.03.21 00:24:18.244,1.10463,1.10468,0.90,5.94
2022.03.21 00:24:20.858,1.10466,1.10467,0.90,0.90
2022.03.21 00:24:21.011,1.10466,1.10468,0.90,0.90
2022.03.21 00:24:21.893,1.10463,1.10468,0.90,6.84
2022.03.21 00:24:21.995,1.10464,1.10466,0.90,0.12
2022.03.21 00:24:28.776,1.1046,1.10463,5.25,0.45
2022.03.21 00:24:29.152,1.1046,1.10464,0.90,4.59
2022.03.21 00:24:29.254,1.10461,1.10464,0.90,0.12
2022.03.21 00:24:29.458,1.10461,1.10465,0.90,0.12
2022.03.21 00:24:31.172,1.10463,1.10465,4.35,0.12
2022.03.21 00:24:31.274,1.10462,1.10467,4.35,0.99
2022.03.21 00:24:32.179,1.10463,1.10467,0.90,0.12
2022.03.21 00:24:33.875,1.10465,1.1047,0.90,5.49
2022.03.21 00:24:33.926,1.10467,1.10471,3.45,2.34
2022.03.21 00:24:34.028,1.10469,1.10474,4.35,6.93
2022.03.21 00:24:34.131,1.1047,1.10474,0.90,3.69
2022.03.21 00:24:36.295,1.10469,1.10474,4.35,0.99
2022.03.21 00:24:39.268,1.10469,1.10471,0.90,0.90
2022.03.21 00:24:39.370,1.10467,1.1047,0.90,3.69
2022.03.21 00:24:39.473,1.10465,1.1047,0.90,4.59
2022.03.21 00:24:57.526,1.10465,1.10469,0.90,0.90
2022.03.21 00:24:57.578,1.10464,1.10466,0.90,0.12
2022.03.21 00:24:57.731,1.1046,1.10465,4.44,1.44
2022.03.21 00:24:57.884,1.10459,1.10464,0.99,4.59
2022.03.21 00:25:00.135,1.10458,1.10463,0.12,5.04
2022.03.21 00:25:01.064,1.10458,1.10459,4.35,0.90
2022.03.21 00:25:01.167,1.10456,1.10459,5.11,0.99
2022.03.21 00:25:05.530,1.10458,1.1046,1.57,3.69
2022.03.21 00:25:05.634,1.1046,1.10465,0.90,9.99
2022.03.21 00:25:05.737,1.10462,1.10465,0.90,4.50
2022.03.21 00:25:05.788,1.10462,1.10467,4.35,1.89
2022.03.21 00:25:05.840,1.10463,1.10469,4.66,4.59
2022.03.21 00:25:05.892,1.10465,1.1047,0.90,4.59
2022.03.21 00:25:09.232,1.10464,1.10469,0.90,5.49
2022.03.21 00:25:15.906,1.10465,1.10469,0.90,3.69
2022.03.21 00:25:16.008,1.10465,1.1047,0.90,4.59
2022.03.21 00:25:16.110,1.10466,1.1047,0.90,0.12
2022.03.21 00:25:20.487,1.10467,1.10471,0.90,3.69
2022.03.21 00:25:20.641,1.10467,1.10472,4.35,1.89
2022.03.21 00:25:20.743,1.10468,1.10473,0.90,4.59
2022.03.21 00:25:20.845,1.10469,1.10474,4.35,0.99
2022.03.21 00:25:20.948,1.1047,1.10475,0.90,5.49
2022.03.21 00:25:34.417,1.10471,1.10476,0.90,3.69
2022.03.21 00:25:41.680,1.10473,1.10477,4.89,4.59
2022.03.21 00:25:41.782,1.10473,1.10479,4.44,5.49
2022.03.21 00:25:44.782,1.1047,1.10475,6.78,0.12
2022.03.21 00:25:44.936,1.1047,1.10474,4.35,0.12
2022.03.21 00:26:00.246,1.10467,1.10469,2.43,1.12
2022.03.21 00:26:00.349,1.10465,1.1047,5.49,4.59
2022.03.21 00:26:13.355,1.10463,1.10466,0.12,6.61
2022.03.21 00:26:13.458,1.10462,1.10466,0.90,3.69
2022.03.21 00:26:13.611,1.10461,1.10466,0.12,5.04
2022.03.21 00:26:18.647,1.10461,1.10464,4.44,0.12
2022.03.21 00:26:30.313,1.10463,1.10466,0.90,3.69
2022.03.21 00:26:30.365,1.10463,1.10468,0.99,4.59
2022.03.21 00:26:30.468,1.10465,1.10469,0.99,8.10
2022.03.21 00:26:30.570,1.10465,1.1047,0.99,6.39
2022.03.21 00:26:33.767,1.10465,1.10469,0.12,0.90
2022.03.21 00:26:37.207,1.10462,1.10467,4.44,0.90
2022.03.21 00:26:37.361,1.10463,1.10467,4.35,0.99
2022.03.21 00:26:37.464,1.10464,1.10469,4.44,0.99
2022.03.21 00:26:37.726,1.10465,1.10469,0.90,3.69
2022.03.21 00:26:37.978,1.10465,1.1047,0.99,6.39
2022.03.21 00:26:39.812,1.10466,1.10471,4.44,0.12
2022.03.21 00:26:39.915,1.10467,1.10472,0.12,5.49
2022.03.21 00:26:40.017,1.10467,1.1047,3.54,1.89
2022.03.21 00:26:40.119,1.10465,1.1047,0.99,4.59
2022.03.21 00:26:51.699,1.10465,1.10469,0.99,0.45
2022.03.21 00:26:56.104,1.10462,1.10466,0.31,1.35
2022.03.21 00:26:56.207,1.1046,1.10465,8.94,0.12
2022.03.21 00:26:56.512,1.10459,1.10464,5.34,0.54
2022.03.21 00:26:57.490,1.1046,1.10464,0.90,0.54
2022.03.21 00:27:00.287,1.10461,1.10466,5.56,0.12
2022.03.21 00:27:00.389,1.10462,1.10467,0.99,5.04
2022.03.21 00:27:00.543,1.10461,1.10466,5.56,0.12
2022.03.21 00:27:01.270,1.1046,1.10465,4.44,1.44
2022.03.21 00:27:01.373,1.1046,1.10464,0.90,0.12
2022.03.21 00:27:01.686,1.10459,1.10464,5.34,0.54
2022.03.21 00:27:07.573,1.1046,1.10464,3.54,0.45
2022.03.21 00:27:09.554,1.10459,1.10464,4.44,0.54
2022.03.21 00:27:09.605,1.10458,1.10461,3.45,0.45
2022.03.21 00:27:09.708,1.10457,1.1046,4.44,1.44
2022.03.21 00:27:09.810,1.10456,1.1046,4.44,0.45
2022.03.21 00:27:09.913,1.10455,1.10459,0.99,0.45
2022.03.21 00:27:14.546,1.10455,1.1046,4.44,1.44
2022.03.21 00:27:18.102,1.10455,1.10459,0.90,0.12
2022.03.21 00:27:18.153,1.10454,1.10456,0.90,1.57
2022.03.21 00:27:18.205,1.10451,1.10455,0.12,0.45
2022.03.21 00:27:18.307,1.1045,1.10454,4.50,0.76
2022.03.21 00:27:18.409,1.1045,1.10453,0.99,5.26
2022.03.21 00:27:33.082,1.10449,1.10453,0.12,0.45
2022.03.21 00:27:43.298,1.10447,1.10451,3.54,0.45
2022.03.21 00:27:43.400,1.10446,1.1045,4.44,0.90
2022.03.21 00:27:43.503,1.10444,1.10447,4.50,5.04
2022.03.21 00:27:43.554,1.10442,1.10446,0.12,0.90
2022.03.21 00:27:43.656,1.10441,1.10446,4.44,0.99
2022.03.21 00:27:45.780,1.10438,1.10442,0.12,0.90
2022.03.21 00:27:45.883,1.10437,1.10441,0.12,0.90
2022.03.21 00:27:46.137,1.10438,1.10442,0.12,4.50
2022.03.21 00:27:46.240,1.10437,1.10442,0.12,4.59
2022.03.21 00:27:50.588,1.10437,1.10441,0.12,0.90
2022.03.21 00:27:52.235,1.10436,1.10441,0.99,4.59
2022.03.21 00:27:53.104,1.10435,1.10439,0.12,1.35
2022.03.21 00:27:53.206,1.10435,1.10438,4.44,1.44
2022.03.21 00:27:54.854,1.10434,1.10438,0.12,0.45
2022.03.21 00:27:54.957,1.10434,1.10436,0.12,4.95
2022.03.21 00:27:55.110,1.10431,1.10434,3.45,0.22
2022.03.21 00:27:55.213,1.1043,1.10434,0.12,0.67
2022.03.21 00:27:55.315,1.10429,1.10433,0.12,0.90
2022.03.21 00:27:56.592,1.1043,1.10434,0.90,0.76
2022.03.21 00:27:57.096,1.10429,1.10434,4.44,0.12
2022.03.21 00:27:58.655,1.1043,1.10434,0.12,0.45
2022.03.21 00:27:58.759,1.10429,1.10434,0.12,5.04
2022.03.21 00:28:00.316,1.10429,1.10433,0.12,0.45
2022.03.21 00:28:05.735,1.10429,1.10434,3.54,1.44
2022.03.21 00:28:10.550,1.1043,1.10434,0.12,0.45
2022.03.21 00:28:10.695,1.10433,1.10436,0.99,5.26
2022.03.21 00:28:12.427,1.10433,1.10438,4.89,0.12
2022.03.21 00:28:12.529,1.10434,1.10439,4.44,0.99
2022.03.21 00:28:15.497,1.10435,1.10439,3.45,0.99
2022.03.21 00:28:16.413,1.10435,1.10438,4.44,0.99
2022.03.21 00:28:18.781,1.10435,1.1044,4.44,1.66
2022.03.21 00:28:22.595,1.10436,1.10441,0.99,5.26
2022.03.21 00:28:25.431,1.10436,1.1044,0.12,0.45
2022.03.21 00:28:25.584,1.10435,1.1044,4.44,0.54
2022.03.21 00:28:28.706,1.10437,1.10442,0.99,5.26
2022.03.21 00:28:28.810,1.10438,1.10442,0.99,0.45
2022.03.21 00:28:28.912,1.1044,1.10445,4.44,0.76
2022.03.21 00:28:29.440,1.10439,1.10444,0.99,4.14
2022.03.21 00:28:31.408,1.1044,1.10444,0.12,1.35
2022.03.21 00:28:34.587,1.10439,1.10444,0.99,4.14
2022.03.21 00:28:57.099,1.10439,1.10443,0.12,0.45
2022.03.21 00:29:02.804,1.10439,1.10442,0.12,0.90
2022.03.21 00:29:02.973,1.10439,1.10443,0.12,0.45
2022.03.21 00:29:03.476,1.10439,1.10442,0.12,0.90
2022.03.21 00:29:03.578,1.10439,1.10444,4.44,0.76
2022.03.21 00:29:03.681,1.10441,1.10446,3.54,0.99
2022.03.21 00:29:03.936,1.10441,1.10445,4.44,0.45
2022.03.21 00:29:04.268,1.1044,1.10444,4.44,0.45
2022.03.21 00:29:04.370,1.10439,1.10444,4.44,0.54
2022.03.21 00:29:04.676,1.10439,1.10443,0.12,0.90
2022.03.21 00:29:04.787,1.10439,1.10444,0.12,5.04
2022.03.21 00:29:04.889,1.10439,1.10441,0.12,0.90
2022.03.21 00:29:04.940,1.10439,1.10444,0.12,5.04
2022.03.21 00:29:04.991,1.10439,1.10442,0.12,0.90
2022.03.21 00:29:05.072,1.1044,1.10443,0.12,5.04
2022.03.21 00:29:05.156,1.10439,1.10442,0.12,0.90
2022.03.21 00:29:05.240,1.10439,1.10444,0.12,5.04
2022.03.21 00:29:05.349,1.10439,1.10442,0.12,0.90
2022.03.21 00:29:05.451,1.10439,1.10444,0.12,5.04
2022.03.21 00:29:05.502,1.10439,1.10441,0.12,0.90
2022.03.21 00:29:05.604,1.10439,1.10443,0.12,0.45
2022.03.21 00:29:05.706,1.10439,1.10442,0.12,0.90
2022.03.21 00:29:05.817,1.10439,1.10443,0.12,0.45
2022.03.21 00:29:06.021,1.10439,1.10442,0.12,0.90
2022.03.21 00:29:06.164,1.10439,1.10443,0.12,0.45
2022.03.21 00:29:12.612,1.10439,1.10444,0.12,5.04
2022.03.21 00:29:19.593,1.10439,1.10443,0.12,0.45
2022.03.21 00:29:29.796,1.10438,1.10441,0.45,0.45
2022.03.21 00:29:29.898,1.10437,1.10441,0.12,0.45
2022.03.21 00:29:30.001,1.10436,1.10441,4.44,1.44
2022.03.21 00:29:33.538,1.10437,1.10441,0.12,4.95
2022.03.21 00:29:35.063,1.10438,1.10442,0.12,3.60
2022.03.21 00:29:35.165,1.10438,1.10443,0.12,5.94
2022.03.21 00:29:48.083,1.10438,1.10442,0.12,0.45
2022.03.21 00:29:54.773,1.10437,1.10442,0.54,5.04
2022.03.21 00:29:54.876,1.10436,1.10441,4.44,0.99
2022.03.21 00:29:54.978,1.10435,1.1044,3.54,1.44
2022.03.21 00:29:55.081,1.10435,1.10438,0.12,0.45
2022.03.21 00:29:55.183,1.10434,1.10438,4.44,0.45
2022.03.21 00:29:59.217,1.10435,1.10439,0.90,0.54
2022.03.21 00:30:03.394,1.10434,1.10439,4.44,1.44
2022.03.21 00:30:04.421,1.10435,1.1044,0.12,5.04
2022.03.21 00:30:04.721,1.10437,1.10442,4.44,0.54
2022.03.21 00:30:04.824,1.10439,1.10444,0.12,4.59
2022.03.21 00:30:09.878,1.10442,1.10447,4.44,0.90
2022.03.21 00:30:09.980,1.10443,1.10448,5.34,0.90
2022.03.21 00:30:10.083,1.10444,1.10449,0.90,5.04
2022.03.21 00:30:29.593,1.10443,1.10445,0.12,0.90
2022.03.21 00:30:29.695,1.10442,1.10446,0.12,0.45
2022.03.21 00:30:29.798,1.10442,1.10447,4.44,0.12
2022.03.21 00:30:29.900,1.10443,1.10448,0.12,5.04
2022.03.21 00:30:30.002,1.10444,1.10449,0.12,5.04
2022.03.21 00:30:32.326,1.10441,1.10446,2.43,4.36
2022.03.21 00:30:32.429,1.1044,1.10445,0.12,5.04
2022.03.21 00:30:32.561,1.10439,1.10444,4.66,0.54
2022.03.21 00:30:47.676,1.10437,1.1044,0.12,1.35
2022.03.21 00:30:47.778,1.10436,1.1044,0.12,0.45
2022.03.21 00:30:49.680,1.10435,1.1044,0.12,5.04
2022.03.21 00:30:50.469,1.10435,1.10439,0.12,0.45
2022.03.21 00:30:50.670,1.10435,1.1044,0.12,4.59
2022.03.21 00:31:00.822,1.10436,1.10441,0.12,6.16
2022.03.21 00:31:01.178,1.10437,1.10441,0.12,1.35
2022.03.21 00:31:06.084,1.10437,1.10442,0.12,5.26
2022.03.21 00:31:06.597,1.10437,1.10441,0.12,4.50
2022.03.21 00:31:06.699,1.10436,1.1044,0.12,1.35
2022.03.21 00:31:11.035,1.10435,1.1044,3.54,1.44
2022.03.21 00:31:12.786,1.10432,1.10436,1.53,1.35
2022.03.21 00:31:12.889,1.10431,1.10435,0.12,0.45
2022.03.21 00:31:12.991,1.1043,1.10435,0.12,5.04
2022.03.21 00:31:16.295,1.1043,1.10434,0.12,0.90
2022.03.21 00:31:42.819,1.10429,1.10434,0.12,4.59
2022.03.21 00:31:46.346,1.10428,1.10432,3.45,0.12
2022.03.21 00:31:46.448,1.10425,1.1043,3.54,0.90
2022.03.21 00:31:46.550,1.10424,1.1043,4.44,4.59
2022.03.21 00:31:48.879,1.10424,1.10428,3.54,0.90
2022.03.21 00:31:51.538,1.10421,1.10426,4.98,0.90
2022.03.21 00:31:51.640,1.1042,1.10424,5.34,4.59
2022.03.21 00:31:51.895,1.10419,1.10424,0.12,4.50
2022.03.21 00:31:58.597,1.10422,1.10425,4.57,0.54
2022.03.21 00:31:58.699,1.10423,1.10428,3.54,1.89
2022.03.21 00:31:58.852,1.10424,1.10428,0.12,0.90
2022.03.21 00:32:04.311,1.10424,1.10429,0.12,4.59
2022.03.21 00:32:07.219,1.10424,1.10428,0.12,0.90
2022.03.21 00:32:13.295,1.10424,1.10429,0.12,4.81
2022.03.21 00:32:16.916,1.10427,1.1043,0.99,0.45
2022.03.21 00:32:16.968,1.10427,1.10432,4.44,0.99
2022.03.21 00:32:17.070,1.10428,1.10433,0.12,4.59
2022.03.21 00:32:17.224,1.10429,1.10434,4.89,0.12
2022.03.21 00:32:17.326,1.1043,1.10435,0.12,4.59
2022.03.21 00:32:30.420,1.10431,1.10436,0.12,4.59
2022.03.21 00:32:34.472,1.1043,1.10435,0.12,4.59
2022.03.21 00:32:35.101,1.10431,1.10433,0.12,3.60
2022.03.21 00:32:37.963,1.1043,1.10435,0.12,4.59
2022.03.21 00:32:45.282,1.10431,1.10436,0.12,4.59
2022.03.21 00:32:54.141,1.10432,1.10436,0.12,4.50
2022.03.21 00:32:54.345,1.10433,1.10438,4.44,1.89
2022.03.21 00:32:54.448,1.10434,1.10439,4.44,0.99
2022.03.21 00:32:56.844,1.10435,1.1044,4.89,0.12
2022.03.21 00:32:56.946,1.10437,1.10441,0.12,4.50
2022.03.21 00:32:56.998,1.10438,1.10443,0.12,4.59
2022.03.21 00:32:57.100,1.10439,1.10444,0.12,4.59
2022.03.21 00:32:57.304,1.1044,1.10444,0.12,4.50
2022.03.21 00:32:58.285,1.1044,1.10445,0.12,4.59
2022.03.21 00:32:59.183,1.1044,1.10444,0.12,0.90
2022.03.21 00:32:59.285,1.10439,1.10443,0.12,3.60
2022.03.21 00:33:02.393,1.10436,1.10441,4.98,0.99
2022.03.21 00:33:02.547,1.10436,1.10438,0.12,0.90
2022.03.21 00:33:02.650,1.10434,1.10439,4.44,0.99
2022.03.21 00:33:08.664,1.10435,1.1044,0.12,4.59
2022.03.21 00:33:18.765,1.10432,1.10433,5.64,2.47
2022.03.21 00:33:18.867,1.10429,1.10432,2.70,0.99
2022.03.21 00:33:18.970,1.10427,1.10432,3.99,0.99
2022.03.21 00:33:23.459,1.10428,1.10433,4.44,0.31
2022.03.21 00:33:23.561,1.10429,1.10434,0.12,4.81
2022.03.21 00:33:24.971,1.1043,1.10434,0.12,0.22
2022.03.21 00:33:25.171,1.1043,1.10435,0.12,4.81
2022.03.21 00:33:32.264,1.10432,1.10437,4.44,0.54
2022.03.21 00:33:32.367,1.10434,1.10439,0.12,4.59
2022.03.21 00:33:44.136,1.10436,1.10441,4.44,0.12
2022.03.21 00:33:44.239,1.10437,1.10442,0.99,3.69
2022.03.21 00:33:44.341,1.10438,1.10443,0.12,4.59
2022.03.21 00:33:44.443,1.10439,1.10443,0.12,4.50
2022.03.21 00:33:46.331,1.10439,1.10444,0.12,4.59
2022.03.21 00:33:53.282,1.10442,1.10445,0.12,3.60
2022.03.21 00:33:53.333,1.10443,1.10447,3.54,0.90
2022.03.21 00:33:53.385,1.10444,1.10449,0.12,4.59
2022.03.21 00:33:53.589,1.10445,1.1045,0.12,4.59
2022.03.21 00:33:55.262,1.10445,1.10449,0.12,3.60
2022.03.21 00:33:58.311,1.10445,1.1045,0.12,4.59
2022.03.21 00:34:02.053,1.10447,1.10452,4.44,0.99
2022.03.21 00:34:02.155,1.10448,1.10453,4.44,0.12
2022.03.21 00:34:02.258,1.10449,1.10454,4.44,0.12
2022.03.21 00:34:08.985,1.10449,1.10453,0.12,3.60
2022.03.21 00:34:09.894,1.10449,1.10454,0.12,4.59
2022.03.21 00:34:11.546,1.10449,1.10453,0.12,3.60
2022.03.21 00:34:12.675,1.10449,1.10454,0.12,4.59
2022.03.21 00:34:13.396,1.10449,1.10453,0.12,3.60
2022.03.21 00:34:16.391,1.10449,1.10454,0.12,4.59
2022.03.21 00:34:31.835,1.10452,1.10456,0.12,2.56
2022.03.21 00:34:31.938,1.10453,1.10457,0.54,0.90
2022.03.21 00:34:32.040,1.10455,1.10456,0.12,0.90
2022.03.21 00:34:35.320,1.10455,1.10457,0.12,0.90
2022.03.21 00:34:35.371,1.10455,1.1046,0.12,4.59
2022.03.21 00:34:35.829,1.10454,1.10459,3.54,0.12
2022.03.21 00:34:37.569,1.10457,1.10461,0.12,4.95
2022.03.21 00:34:37.672,1.10458,1.10461,0.99,3.60
2022.03.21 00:34:37.774,1.10459,1.10462,0.99,3.60
2022.03.21 00:34:38.424,1.10459,1.10464,4.44,0.12
2022.03.21 00:34:45.233,1.10458,1.10461,0.12,3.60
2022.03.21 00:34:46.038,1.10458,1.1046,0.12,7.20
2022.03.21 00:34:46.140,1.10456,1.10461,0.12,7.29
2022.03.21 00:34:46.703,1.10455,1.10459,3.45,0.99
2022.03.21 00:34:46.805,1.10452,1.10457,0.12,4.59
2022.03.21 00:34:47.009,1.10455,1.10457,1.12,0.99
2022.03.21 00:34:47.061,1.10453,1.10455,0.12,3.60
2022.03.21 00:34:47.163,1.10452,1.10457,0.12,4.59
2022.03.21 00:35:01.636,1.10451,1.10456,0.12,4.59
2022.03.21 00:35:01.739,1.1045,1.10454,0.90,0.12
2022.03.21 00:35:01.790,1.10451,1.10456,0.12,4.81
2022.03.21 00:35:19.713,1.10452,1.10456,0.12,0.90
2022.03.21 00:35:25.345,1.10452,1.10457,0.54,4.59
2022.03.21 00:35:26.358,1.10453,1.10457,0.12,3.60
2022.03.21 00:35:27.409,1.10457,1.1046,0.90,3.24
2022.03.21 00:35:27.511,1.10458,1.10463,0.12,11.65
2022.03.21 00:35:27.614,1.10459,1.10463,0.12,4.50
2022.03.21 00:35:27.716,1.10459,1.10464,0.12,4.59
2022.03.21 00:35:31.347,1.10459,1.10463,0.99,3.60
2022.03.21 00:35:32.044,1.10459,1.10464,4.44,0.12
2022.03.21 00:35:32.161,1.10459,1.10463,0.99,3.60
2022.03.21 00:35:32.263,1.10458,1.10463,0.99,3.69
2022.03.21 00:35:39.436,1.10456,1.10461,4.89,0.99
2022.03.21 00:35:39.539,1.10455,1.1046,0.99,4.59
2022.03.21 00:35:45.007,1.10455,1.10459,0.90,0.12
2022.03.21 00:36:01.188,1.10456,1.10461,0.99,3.91
2022.03.21 00:36:01.342,1.10456,1.1046,0.12,0.90
2022.03.21 00:36:01.444,1.10455,1.1046,0.99,4.59
2022.03.21 00:36:25.447,1.10457,1.10461,1.12,0.12
2022.03.21 00:36:25.499,1.10458,1.10463,0.12,6.84
2022.03.21 00:36:25.601,1.10458,1.10464,4.89,6.16
2022.03.21 00:36:25.703,1.1046,1.10463,4.80,0.12
2022.03.21 00:36:27.718,1.10461,1.10466,0.12,5.49
2022.03.21 00:36:30.253,1.1046,1.10466,5.02,5.49
2022.03.21 00:36:34.295,1.10461,1.10466,0.90,4.59
2022.03.21 00:36:37.167,1.10459,1.10463,3.63,0.45
2022.03.21 00:36:37.270,1.10458,1.10462,0.12,0.90
2022.03.21 00:36:37.372,1.10457,1.10462,2.95,0.99
2022.03.21 00:36:42.324,1.10456,1.10461,3.63,0.31
2022.03.21 00:36:42.528,1.10455,1.1046,4.08,0.31
2022.03.21 00:36:44.346,1.10457,1.10462,2.73,3.69
2022.03.21 00:36:44.448,1.10458,1.10463,0.12,5.04
2022.03.21 00:36:44.550,1.10461,1.10465,4.08,2.34
2022.03.21 00:36:44.653,1.10461,1.10466,4.08,0.12
2022.03.21 00:36:44.864,1.10462,1.10467,2.73,0.99
2022.03.21 00:36:57.457,1.10463,1.10468,0.12,4.81
2022.03.21 00:36:57.559,1.10465,1.10468,0.12,5.04
2022.03.21 00:36:57.662,1.10466,1.1047,0.12,3.60
2022.03.21 00:36:57.764,1.10467,1.10471,2.64,0.12
2022.03.21 00:36:57.867,1.10467,1.10472,2.73,0.99
2022.03.21 00:37:00.758,1.10468,1.10473,2.73,0.99
2022.03.21 00:37:01.864,1.10466,1.1047,0.12,3.60
2022.03.21 00:37:01.967,1.10465,1.1047,3.63,0.12
2022.03.21 00:37:02.222,1.10464,1.10469,3.63,0.12
2022.03.21 00:37:30.365,1.10464,1.10466,2.73,0.90
2022.03.21 00:37:30.468,1.10461,1.10466,3.63,0.12
2022.03.21 00:37:34.633,1.10462,1.10467,0.12,6.61
2022.03.21 00:37:41.328,1.10463,1.10468,0.99,4.59
2022.03.21 00:37:41.433,1.10464,1.10468,0.12,3.60
2022.03.21 00:37:41.535,1.10464,1.10469,0.12,4.59
2022.03.21 00:37:53.874,1.10464,1.10468,0.12,0.90
2022.03.21 00:37:55.094,1.10464,1.10467,0.12,5.04
2022.03.21 00:37:55.196,1.10463,1.10467,0.12,0.90
2022.03.21 00:37:55.994,1.10462,1.10467,3.63,0.99
2022.03.21 00:37:56.165,1.1046,1.10465,3.18,0.99
2022.03.21 00:37:56.470,1.10459,1.10463,0.12,4.50
2022.03.21 00:38:29.170,1.10461,1.10465,0.12,3.24
2022.03.21 00:38:29.324,1.1046,1.10465,2.73,0.99
2022.03.21 00:38:29.427,1.1046,1.10464,0.12,4.50
2022.03.21 00:38:31.868,1.10458,1.10461,0.12,0.90
2022.03.21 00:38:31.970,1.10457,1.10461,2.73,0.90
2022.03.21 00:38:35.741,1.10461,1.10465,0.12,4.14
2022.03.21 00:38:35.894,1.10461,1.10466,2.73,1.89
2022.03.21 00:38:36.791,1.10462,1.10466,0.12,1.80
2022.03.21 00:38:38.522,1.10464,1.10466,0.12,0.90
2022.03.21 00:38:38.625,1.10464,1.10468,0.12,4.50
2022.03.21 00:38:43.295,1.10464,1.10469,0.12,4.59
2022.03.21 00:38:46.286,1.10464,1.10468,0.12,0.90
2022.03.21 00:38:58.477,1.10463,1.10467,0.12,0.90
2022.03.21 00:38:58.580,1.10462,1.10467,0.12,4.59
2022.03.21 00:38:58.899,1.10463,1.10467,0.12,0.90
2022.03.21 00:39:12.067,1.10463,1.10466,3.63,0.99
2022.03.21 00:39:12.169,1.10462,1.10466,0.90,0.12
2022.03.21 00:39:15.750,1.10463,1.10467,0.12,0.90
2022.03.21 00:39:15.852,1.10463,1.10468,2.73,1.89
2022.03.21 00:39:16.005,1.10464,1.10468,0.12,0.90
2022.03.21 00:39:19.221,1.10464,1.10469,0.12,4.59
2022.03.21 00:39:45.017,1.10465,1.10469,0.12,4.50
2022.03.21 00:39:45.119,1.10464,1.10469,0.12,4.59
2022.03.21 00:39:45.221,1.10462,1.10467,2.73,0.99
2022.03.21 00:39:45.323,1.10462,1.10466,2.64,0.12
2022.03.21 00:39:45.425,1.10462,1.10467,3.63,0.12
2022.03.21 00:39:45.527,1.10463,1.10468,0.12,4.59
2022.03.21 00:39:46.813,1.10464,1.10468,0.90,3.69
2022.03.21 00:39:48.231,1.10465,1.10468,0.99,4.81
2022.03.21 00:39:48.381,1.10464,1.10468,0.90,0.12
2022.03.21 00:39:56.934,1.10465,1.1047,0.12,6.39
2022.03.21 00:39:57.876,1.10466,1.1047,0.99,3.60
2022.03.21 00:39:58.291,1.10465,1.10469,0.90,0.12
2022.03.21 00:40:01.940,1.10465,1.1047,0.99,3.69
2022.03.21 00:40:02.720,1.10467,1.10471,0.90,4.59
2022.03.21 00:40:05.206,1.10469,1.10473,1.44,3.60
2022.03.21 00:40:05.309,1.10471,1.10475,0.90,0.12
2022.03.21 00:40:05.411,1.10471,1.10476,3.63,1.66
2022.03.21 00:40:05.615,1.10474,1.10478,0.90,5.26
2022.03.21 00:40:10.002,1.10474,1.10479,3.63,3.01
2022.03.21 00:40:11.198,1.10474,1.10478,0.90,0.12
2022.03.21 00:40:16.129,1.10473,1.10478,0.99,4.14
2022.03.21 00:40:16.231,1.1047,1.10475,4.08,0.12
2022.03.21 00:40:16.385,1.1047,1.10474,2.64,0.12
2022.03.21 00:40:16.640,1.10469,1.10474,3.63,0.12
2022.03.21 00:40:29.403,1.10468,1.10473,3.63,0.54
2022.03.21 00:40:36.438,1.10468,1.10472,3.54,0.12
2022.03.21 00:40:36.540,1.10467,1.10471,0.12,3.60
2022.03.21 00:40:36.652,1.10467,1.10472,2.73,1.89
2022.03.21 00:40:37.273,1.10467,1.10471,0.12,3.60
2022.03.21 00:40:39.901,1.10464,1.10469,5.29,0.99
2022.03.21 00:40:40.003,1.10464,1.10468,0.12,3.60
2022.03.21 00:40:40.106,1.10464,1.10469,0.12,4.81
2022.03.21 00:40:42.423,1.10464,1.10468,0.12,3.60
2022.03.21 00:40:43.430,1.10464,1.10469,3.63,0.12
2022.03.21 00:40:54.239,1.10467,1.10471,0.76,6.84
2022.03.21 00:40:54.342,1.10468,1.10471,0.99,0.90
2022.03.21 00:40:54.444,1.10469,1.10473,3.54,0.12
2022.03.21 00:40:54.641,1.10469,1.10474,3.63,0.31
2022.03.21 00:40:54.794,1.1047,1.10475,0.12,5.71
2022.03.21 00:40:59.559,1.10469,1.10474,3.63,1.21
2022.03.21 00:40:59.712,1.10469,1.10471,0.99,0.90
2022.03.21 00:40:59.969,1.10469,1.10474,3.63,0.99
2022.03.21 00:41:06.183,1.10466,1.10471,0.99,4.59
2022.03.21 00:41:06.285,1.10465,1.10469,0.12,3.60
2022.03.21 00:41:06.387,1.10465,1.1047,0.12,4.59
2022.03.21 00:41:06.824,1.10464,1.10469,3.63,0.12
2022.03.21 00:41:08.543,1.10465,1.10469,0.90,0.12
2022.03.21 00:41:12.518,1.10464,1.10468,0.90,4.14
2022.03.21 00:41:12.621,1.10463,1.10468,0.99,4.14
2022.03.21 00:41:24.128,1.10462,1.10467,0.12,5.49
2022.03.21 00:41:24.490,1.10463,1.10467,0.90,1.21
2022.03.21 00:41:24.592,1.10462,1.10467,3.63,1.21
2022.03.21 00:41:24.761,1.10463,1.10468,0.12,5.71
2022.03.21 00:41:27.301,1.10464,1.10468,0.45,0.12
2022.03.21 00:41:27.403,1.10464,1.10469,0.54,5.71
2022.03.21 00:41:36.505,1.10464,1.10468,1.57,0.12
2022.03.21 00:41:39.163,1.10465,1.10469,0.90,3.69
2022.03.21 00:41:39.265,1.10466,1.10471,1.21,4.59
2022.03.21 00:41:39.317,1.10469,1.10473,0.90,4.14
2022.03.21 00:41:39.369,1.10471,1.10476,0.99,10.08
2022.03.21 00:41:39.471,1.10472,1.10477,3.63,3.69
2022.03.21 00:41:39.523,1.10474,1.10478,4.66,2.43
2022.03.21 00:41:39.625,1.10475,1.10479,2.64,1.89
2022.03.21 00:41:39.727,1.10474,1.10479,5.20,1.89
2022.03.21 00:41:42.189,1.10474,1.10478,2.56,3.60
2022.03.21 00:41:42.360,1.10475,1.10479,2.64,1.89
2022.03.21 00:42:25.941,1.10473,1.10478,0.99,5.04
2022.03.21 00:42:26.043,1.10473,1.10477,0.90,3.69
2022.03.21 00:42:26.572,1.10473,1.10476,0.90,0.12
2022.03.21 00:42:29.675,1.10472,1.10476,0.90,0.12
2022.03.21 00:42:40.616,1.10474,1.10477,0.99,3.60
2022.03.21 00:42:40.668,1.10476,1.10478,3.54,0.12
2022.03.21 00:43:07.868,1.10474,1.10477,0.90,0.12
2022.03.21 00:43:07.970,1.10473,1.10477,0.90,0.12
2022.03.21 00:43:08.073,1.10471,1.10475,0.90,3.69
2022.03.21 00:43:40.222,1.10473,1.10477,0.99,3.60
2022.03.21 00:43:40.325,1.10476,1.10477,0.90,0.12
2022.03.21 00:43:40.427,1.10475,1.10479,0.90,0.99
2022.03.21 00:43:53.544,1.10473,1.10476,0.90,3.60
2022.03.21 00:43:53.647,1.10473,1.10476,0.99,3.69
2022.03.21 00:43:55.594,1.10474,1.10478,0.90,4.59
2022.03.21 00:43:55.798,1.10475,1.10478,0.90,0.99
2022.03.21 00:44:07.943,1.10474,1.10478,0.90,4.14
2022.03.21 00:44:09.324,1.10474,1.10477,0.90,3.60
2022.03.21 00:44:12.939,1.10474,1.10478,3.54,0.54
2022.03.21 00:44:14.883,1.10474,1.10477,0.90,3.60
2022.03.21 00:44:18.938,1.10472,1.10476,1.12,0.12
2022.03.21 00:44:19.040,1.10472,1.10475,0.90,0.12
2022.03.21 00:44:20.736,1.10471,1.10475,1.12,0.12
2022.03.21 00:44:27.866,1.10472,1.10476,0.12,4.50
2022.03.21 00:44:27.968,1.10473,1.10477,0.90,3.69
2022.03.21 00:44:36.106,1.10473,1.10478,0.99,4.81
2022.03.21 00:44:36.980,1.10473,1.10476,0.90,0.12
2022.03.21 00:44:37.133,1.10473,1.10477,0.90,4.14
2022.03.21 00:44:42.398,1.10475,1.10477,0.90,3.69
2022.03.21 00:44:42.551,1.10474,1.10479,3.63,1.66
2022.03.21 00:44:43.421,1.10475,1.10479,0.90,0.54
2022.03.21 00:44:48.690,1.10475,1.1048,3.63,5.13
2022.03.21 00:44:49.830,1.10476,1.1048,0.90,0.99
2022.03.21 00:44:50.848,1.10475,1.10479,2.73,0.90
2022.03.21 00:44:58.132,1.10474,1.10479,3.63,0.99
2022.03.21 00:44:58.234,1.10474,1.10478,0.12,0.90
2022.03.21 00:45:01.416,1.10474,1.10479,4.75,1.44
2022.03.21 00:45:04.701,1.10474,1.10478,0.99,3.60
2022.03.21 00:45:04.803,1.10474,1.10479,0.99,5.04
2022.03.21 00:45:06.058,1.10474,1.10478,0.99,3.60
2022.03.21 00:45:06.930,1.10474,1.10479,0.99,5.49
2022.03.21 00:45:08.564,1.10472,1.10475,2.34,0.90
2022.03.21 00:45:08.666,1.10471,1.10474,5.65,0.99
2022.03.21 00:45:23.353,1.10472,1.10475,0.12,0.45
2022.03.21 00:45:23.455,1.10472,1.10476,1.21,0.90
2022.03.21 00:45:23.507,1.10473,1.10478,1.44,7.83
2022.03.21 00:45:23.711,1.10474,1.10478,2.64,0.99
2022.03.21 00:45:51.743,1.10474,1.10479,3.63,0.99
2022.03.21 00:46:04.490,1.10474,1.10478,0.90,4.14
2022.03.21 00:46:07.134,1.10473,1.10477,0.12,4.50
2022.03.21 00:46:07.287,1.10472,1.10477,2.11,4.59
2022.03.21 00:46:07.459,1.10472,1.10476,2.11,3.60
2022.03.21 00:46:07.927,1.10472,1.10477,2.11,4.59
2022.03.21 00:46:08.046,1.10473,1.10475,2.11,3.60
2022.03.21 00:46:08.707,1.10473,1.10478,0.99,4.59
2022.03.21 00:46:08.809,1.10475,1.10478,3.63,0.99
2022.03.21 00:46:12.401,1.10476,1.10479,0.90,0.12
2022.03.21 00:46:15.684,1.10476,1.1048,0.90,1.89
2022.03.21 00:46:19.498,1.10476,1.10479,0.90,0.12
2022.03.21 00:46:29.667,1.10477,1.10481,0.90,5.49
2022.03.21 00:46:29.821,1.10478,1.10481,3.63,1.44
2022.03.21 00:46:29.923,1.10477,1.10481,0.99,3.60
2022.03.21 00:46:34.295,1.10478,1.10481,0.90,3.60
2022.03.21 00:46:34.863,1.10478,1.10482,0.90,5.04
2022.03.21 00:46:36.648,1.10478,1.10481,0.90,3.60
2022.03.21 00:46:40.703,1.10478,1.10482,0.90,5.04
2022.03.21 00:46:41.920,1.10478,1.10481,0.90,3.60
2022.03.21 00:46:45.423,1.10477,1.10481,0.90,3.69
2022.03.21 00:46:45.528,1.10478,1.10479,0.90,0.99
2022.03.21 00:46:49.819,1.10476,1.10478,0.90,0.54
2022.03.21 00:46:49.870,1.10475,1.10476,2.79,3.69
2022.03.21 00:46:50.479,1.10475,1.10478,0.90,0.12
2022.03.21 00:46:50.581,1.10476,1.10479,0.90,0.54
2022.03.21 00:46:55.654,1.10477,1.1048,0.90,0.90
2022.03.21 00:46:55.807,1.10476,1.1048,0.90,0.99
2022.03.21 00:46:55.909,1.10476,1.10479,0.90,0.12
2022.03.21 00:46:57.995,1.10475,1.10478,0.90,3.69
2022.03.21 00:46:58.170,1.10474,1.10477,0.90,0.12
2022.03.21 00:46:59.189,1.10474,1.10478,0.90,3.69
2022.03.21 00:46:59.537,1.10474,1.10477,0.90,0.12
2022.03.21 00:47:04.558,1.10474,1.10478,3.54,0.76
2022.03.21 00:47:14.384,1.10473,1.10477,0.90,0.12
2022.03.21 00:47:14.537,1.10471,1.10473,0.90,0.45
2022.03.21 00:47:14.639,1.10472,1.10475,0.90,0.12
2022.03.21 00:47:21.890,1.10472,1.10476,0.12,3.60
2022.03.21 00:47:21.942,1.10474,1.10477,0.90,3.69
2022.03.21 00:47:31.631,1.10473,1.10475,0.90,3.69
2022.03.21 00:47:31.733,1.10472,1.10475,0.90,0.12
2022.03.21 00:47:37.295,1.10471,1.10475,0.90,0.54
2022.03.21 00:48:31.995,1.10471,1.10476,0.90,5.40
2022.03.21 00:48:36.899,1.10471,1.10474,0.90,0.12
2022.03.21 00:48:41.758,1.10471,1.10473,0.90,0.12
2022.03.21 00:48:43.378,1.1047,1.10472,0.90,0.90
2022.03.21 00:48:45.225,1.10467,1.10472,3.85,2.79
2022.03.21 00:48:45.327,1.10466,1.10469,2.34,4.59
2022.03.21 00:48:45.634,1.10462,1.10467,3.85,0.99
2022.03.21 00:48:45.736,1.10462,1.10466,2.64,0.12
2022.03.21 00:48:47.852,1.10462,1.10467,2.73,0.99
2022.03.21 00:48:50.793,1.10461,1.10466,4.30,0.12
2022.03.21 00:48:53.217,1.10462,1.10466,2.64,0.12
2022.03.21 00:48:54.534,1.10461,1.10466,3.85,0.12
2022.03.21 00:48:55.025,1.10462,1.10466,2.64,0.12
2022.03.21 00:49:03.136,1.10461,1.10466,1.21,3.69
2022.03.21 00:49:04.477,1.10462,1.10466,0.90,0.12
2022.03.21 00:49:14.831,1.10463,1.10468,0.12,4.59
2022.03.21 00:49:14.934,1.10466,1.10468,0.90,0.12
2022.03.21 00:49:15.037,1.10466,1.10469,0.90,4.50
2022.03.21 00:49:21.073,1.10466,1.10471,1.89,4.14
2022.03.21 00:49:21.990,1.10466,1.1047,1.89,3.60
2022.03.21 00:49:22.092,1.10466,1.10471,1.89,4.14
2022.03.21 00:49:27.408,1.10466,1.1047,1.89,3.60
2022.03.21 00:49:27.774,1.10466,1.10471,0.99,5.49
2022.03.21 00:49:28.397,1.10466,1.1047,0.99,3.60
2022.03.21 00:49:31.545,1.10466,1.10469,0.90,3.69
2022.03.21 00:49:31.597,1.10464,1.10468,0.99,3.60
2022.03.21 00:49:35.048,1.10466,1.10468,0.90,3.69
2022.03.21 00:49:36.368,1.10464,1.10468,1.35,3.69
2022.03.21 00:49:37.358,1.10466,1.10468,0.90,3.69
2022.03.21 00:49:37.409,1.10464,1.10468,1.44,3.60
2022.03.21 00:49:41.339,1.10466,1.10469,0.90,4.59
2022.03.21 00:49:41.593,1.10466,1.1047,0.90,4.50
2022.03.21 00:49:43.631,1.10464,1.1047,4.08,4.50
2022.03.21 00:49:48.167,1.10467,1.10471,0.90,0.12
2022.03.21 00:49:48.269,1.10466,1.10471,0.12,5.49
2022.03.21 00:49:48.372,1.10465,1.1047,3.99,0.45
2022.03.21 00:50:01.045,1.10464,1.10469,3.18,0.99
2022.03.21 00:50:09.886,1.10464,1.10468,1.21,3.60
2022.03.21 00:50:09.989,1.10465,1.10469,0.99,3.60
2022.03.21 00:50:18.347,1.10466,1.10469,0.90,3.69
2022.03.21 00:50:21.261,1.10468,1.10472,0.90,3.60
2022.03.21 00:50:21.364,1.10468,1.10473,3.54,1.44
2022.03.21 00:50:24.163,1.10469,1.10474,1.35,3.69
2022.03.21 00:50:24.265,1.10471,1.10475,0.90,0.99
2022.03.21 00:50:27.115,1.10469,1.10474,0.90,5.04
2022.03.21 00:50:27.217,1.10469,1.10473,0.90,3.60
2022.03.21 00:50:29.616,1.1047,1.10473,0.90,5.04
2022.03.21 00:50:44.072,1.10468,1.1047,0.90,4.05
2022.03.21 00:50:44.175,1.10467,1.10472,0.90,4.59
2022.03.21 00:50:44.277,1.10465,1.1047,3.54,0.99
2022.03.21 00:50:44.379,1.10466,1.10468,0.90,3.60
2022.03.21 00:50:45.194,1.10466,1.10469,0.90,3.60
2022.03.21 00:50:45.792,1.10466,1.1047,0.90,0.99
2022.03.21 00:50:50.577,1.10466,1.10469,0.90,3.60
2022.03.21 00:50:50.879,1.10466,1.1047,0.90,0.99
2022.03.21 00:50:51.024,1.10466,1.10469,0.90,3.60
2022.03.21 00:50:52.545,1.10465,1.10469,0.90,3.60
2022.03.21 00:50:57.967,1.10465,1.1047,0.90,4.59
2022.03.21 00:51:01.917,1.10466,1.1047,0.90,4.59
2022.03.21 00:51:11.104,1.10468,1.10472,0.90,3.69
2022.03.21 00:51:11.206,1.10468,1.10473,0.90,5.04
2022.03.21 00:51:16.054,1.10467,1.10472,0.90,4.59
2022.03.21 00:51:16.157,1.10467,1.10471,0.90,3.69
2022.03.21 00:51:16.310,1.10466,1.1047,0.90,3.60
2022.03.21 00:51:20.089,1.10467,1.1047,0.90,3.69
2022.03.21 00:51:20.299,1.10466,1.1047,0.90,3.60
2022.03.21 00:51:23.329,1.10466,1.10471,0.90,4.14
2022.03.21 00:51:23.652,1.10466,1.1047,0.90,3.60
2022.03.21 00:51:39.484,1.10465,1.1047,0.90,4.59
2022.03.21 00:51:39.586,1.10465,1.10469,0.90,0.45
2022.03.21 00:51:41.445,1.10464,1.10468,0.22,5.94
2022.03.21 00:51:41.548,1.10463,1.10467,0.90,3.69
2022.03.21 00:51:42.573,1.10462,1.10467,0.90,3.69
2022.03.21 00:51:47.754,1.10464,1.10468,0.90,3.69
2022.03.21 00:51:47.857,1.10464,1.10469,0.90,6.61
2022.03.21 00:51:47.959,1.10464,1.10468,0.90,3.60
2022.03.21 00:51:48.227,1.10463,1.10467,0.90,0.12
2022.03.21 00:51:48.380,1.10462,1.10467,2.92,3.69
2022.03.21 00:51:53.400,1.10462,1.10466,1.80,3.60
2022.03.21 00:51:54.132,1.10462,1.10467,3.54,0.12
2022.03.21 00:51:59.252,1.10462,1.10468,5.65,5.94
2022.03.21 00:51:59.357,1.10463,1.10468,0.90,5.04
2022.03.21 00:52:05.889,1.10463,1.10467,0.90,0.12
2022.03.21 00:52:08.372,1.10462,1.10467,5.56,0.12
2022.03.21 00:52:20.090,1.10463,1.10465,0.90,0.12
2022.03.21 00:52:21.113,1.10461,1.10466,3.54,0.12
2022.03.21 00:52:21.218,1.10461,1.10467,4.75,5.49
2022.03.21 00:52:22.862,1.10462,1.10467,0.90,5.49
2022.03.21 00:52:23.763,1.10462,1.10466,3.54,0.12
2022.03.21 00:52:24.901,1.10462,1.10467,3.54,1.89
2022.03.21 00:52:34.732,1.10459,1.10463,1.80,4.05
2022.03.21 00:52:34.835,1.10458,1.10463,0.90,5.04
2022.03.21 00:52:34.937,1.10457,1.10461,3.54,0.45
2022.03.21 00:52:35.040,1.10455,1.1046,3.76,0.12
2022.03.21 00:52:41.192,1.10458,1.10462,0.90,0.31
2022.03.21 00:52:50.095,1.10461,1.10465,0.99,2.34
2022.03.21 00:52:50.197,1.10462,1.10466,3.54,2.34
2022.03.21 00:52:50.300,1.10462,1.10467,0.90,9.09
2022.03.21 00:52:51.021,1.10463,1.10468,0.90,4.36
2022.03.21 00:52:51.124,1.10465,1.10469,0.90,0.12
2022.03.21 00:52:51.226,1.10466,1.1047,0.90,4.59
2022.03.21 00:52:53.272,1.10465,1.10469,3.54,0.45
2022.03.21 00:52:58.697,1.10465,1.10468,0.90,0.12
2022.03.21 00:53:04.778,1.10465,1.10469,0.90,0.54
2022.03.21 00:53:09.866,1.10465,1.10468,3.54,0.54
2022.03.21 00:53:17.134,1.10464,1.10468,3.54,0.12
2022.03.21 00:53:26.335,1.10463,1.10467,2.64,0.12
2022.03.21 00:53:26.438,1.10463,1.10465,0.90,0.12
2022.03.21 00:53:26.540,1.10462,1.10465,0.90,0.12
2022.03.21 00:53:27.049,1.10462,1.10464,0.90,0.12
2022.03.21 00:53:33.012,1.1046,1.10464,3.54,0.12
2022.03.21 00:53:40.295,1.10459,1.10464,3.76,0.12
2022.03.21 00:53:43.259,1.1046,1.10464,3.54,0.12
2022.03.21 00:53:53.125,1.10457,1.10463,3.54,5.04
2022.03.21 00:53:53.227,1.10456,1.10462,3.54,5.49
2022.03.21 00:53:53.329,1.10456,1.10461,3.54,0.12
2022.03.21 00:53:57.010,1.10457,1.10462,3.54,0.99
2022.03.21 00:53:57.316,1.10458,1.1046,3.54,0.12
2022.03.21 00:53:57.419,1.10455,1.10461,3.63,5.04
2022.03.21 00:53:57.470,1.10455,1.10459,2.64,0.90
2022.03.21 00:53:57.623,1.10455,1.10458,3.99,0.90
2022.03.21 00:53:57.883,1.10455,1.10459,2.64,0.90
2022.03.21 00:53:59.671,1.10454,1.10459,3.54,0.99
2022.03.21 00:53:59.773,1.10454,1.10458,3.54,0.90
2022.03.21 00:54:02.227,1.10454,1.10459,2.64,0.99
2022.03.21 00:54:03.047,1.10455,1.10459,2.64,0.99
2022.03.21 00:54:04.794,1.10454,1.10459,2.64,0.99
2022.03.21 00:54:07.467,1.10455,1.10459,2.64,0.99
2022.03.21 00:54:11.329,1.10454,1.10459,3.54,0.99
2022.03.21 00:54:24.982,1.10455,1.10459,2.64,0.12
2022.03.21 00:54:25.085,1.10455,1.1046,3.54,1.80
2022.03.21 00:54:37.295,1.10455,1.10461,3.54,6.39
2022.03.21 00:54:46.002,1.10453,1.10457,4.98,5.04
2022.03.21 00:54:46.104,1.10452,1.10457,0.90,4.59
2022.03.21 00:54:46.257,1.10453,1.10458,1.35,6.39
2022.03.21 00:54:46.359,1.10455,1.10459,3.54,0.90
2022.03.21 00:54:46.411,1.10457,1.10462,0.90,10.89
2022.03.21 00:54:46.513,1.10456,1.10462,3.54,6.16
2022.03.21 00:54:46.818,1.10457,1.10462,2.64,2.56
2022.03.21 00:54:46.950,1.10456,1.10462,3.54,6.16
2022.03.21 00:54:47.433,1.10457,1.10462,2.64,2.56
2022.03.21 00:54:48.008,1.10457,1.10463,3.54,7.06
2022.03.21 00:54:51.672,1.10458,1.10463,0.90,3.60
2022.03.21 00:54:51.774,1.1046,1.10462,0.90,3.60
2022.03.21 00:54:51.826,1.10461,1.10465,2.64,1.35
2022.03.21 00:54:52.644,1.10462,1.10467,0.90,6.39
2022.03.21 00:55:01.462,1.10461,1.10466,3.54,1.44
2022.03.21 00:55:12.024,1.10458,1.10462,1.44,0.99
2022.03.21 00:55:12.126,1.10456,1.1046,6.46,0.12
2022.03.21 00:55:12.229,1.10456,1.10461,4.66,0.99
2022.03.21 00:55:12.449,1.10459,1.10463,0.90,3.69
2022.03.21 00:55:12.552,1.10459,1.10464,3.54,0.12
2022.03.21 00:55:12.654,1.10462,1.10466,3.54,0.99
2022.03.21 00:55:15.506,1.10461,1.10466,3.54,0.54
2022.03.21 00:55:15.900,1.10461,1.10465,2.64,0.12
2022.03.21 00:55:16.002,1.1046,1.10465,3.54,0.99
2022.03.21 00:55:16.717,1.10458,1.10463,0.90,4.14
2022.03.21 00:55:23.320,1.1046,1.10465,3.54,2.43
2022.03.21 00:55:23.422,1.10462,1.10466,0.90,0.99
2022.03.21 00:55:23.524,1.10462,1.10467,0.90,4.81
2022.03.21 00:55:29.913,1.10463,1.10467,0.90,3.69
2022.03.21 00:55:31.134,1.10466,1.1047,2.64,5.13
2022.03.21 00:55:31.237,1.10468,1.10471,0.90,6.61
2022.03.21 00:55:31.441,1.10468,1.10473,0.90,4.14
2022.03.21 00:55:31.543,1.10469,1.10474,3.54,0.76
2022.03.21 00:55:31.595,1.10472,1.10475,0.90,3.24
2022.03.21 00:55:31.697,1.10471,1.10476,0.90,4.59
2022.03.21 00:55:31.851,1.1047,1.10476,3.54,6.84
2022.03.21 00:55:32.003,1.1047,1.10475,3.54,0.90
2022.03.21 00:55:32.213,1.1047,1.10474,0.90,3.60
2022.03.21 00:55:32.839,1.1047,1.10475,3.54,0.90
2022.03.21 00:55:34.336,1.10466,1.10471,4.98,0.12
2022.03.21 00:55:36.346,1.10465,1.1047,3.63,0.90
2022.03.21 00:55:37.937,1.10466,1.1047,2.64,0.90
2022.03.21 00:55:38.276,1.10464,1.1047,4.98,4.59
2022.03.21 00:55:39.792,1.10463,1.10469,5.20,4.59
2022.03.21 00:55:43.089,1.10464,1.10469,2.64,0.99
2022.03.21 00:55:43.191,1.10463,1.10469,5.20,4.59
2022.03.21 00:55:53.050,1.10463,1.10468,3.85,0.90
2022.03.21 00:55:53.202,1.10464,1.10468,2.64,0.90
2022.03.21 00:55:53.410,1.10463,1.10468,1.21,4.50
2022.03.21 00:55:54.184,1.10464,1.10468,2.64,0.90
2022.03.21 00:55:54.389,1.10464,1.10467,0.90,4.59
2022.03.21 00:55:58.295,1.10462,1.10468,5.20,4.59
2022.03.21 00:56:00.292,1.10462,1.10467,3.76,0.99
2022.03.21 00:56:01.381,1.10461,1.10467,4.30,4.59
2022.03.21 00:56:01.508,1.10462,1.10467,2.64,0.99
2022.03.21 00:56:09.155,1.10461,1.10467,3.85,4.59
2022.03.21 00:56:09.257,1.10462,1.10467,2.64,0.99
2022.03.21 00:56:12.554,1.10463,1.10468,0.12,4.50
2022.03.21 00:56:12.707,1.10465,1.1047,1.44,3.60
2022.03.21 00:56:12.809,1.10466,1.10471,0.12,4.50
2022.03.21 00:56:13.613,1.10464,1.1047,5.07,4.59
2022.03.21 00:56:18.219,1.10465,1.1047,2.64,0.99
2022.03.21 00:56:18.474,1.10466,1.10471,0.90,3.69
2022.03.21 00:56:18.576,1.10466,1.10472,3.63,4.59
2022.03.21 00:56:18.826,1.10468,1.10471,0.90,3.69
2022.03.21 00:56:22.310,1.10468,1.10473,3.54,0.99
2022.03.21 00:56:22.413,1.10469,1.10474,0.90,4.59
2022.03.21 00:56:34.472,1.10466,1.1047,4.98,0.90
2022.03.21 00:56:34.574,1.10466,1.10471,0.90,3.69
2022.03.21 00:56:34.676,1.10466,1.10469,3.76,0.12
2022.03.21 00:56:43.024,1.10466,1.10471,0.90,4.81
2022.03.21 00:56:55.409,1.10467,1.10472,3.54,0.12
2022.03.21 00:56:55.511,1.10467,1.10473,3.63,6.16
2022.03.21 00:56:55.715,1.10468,1.10473,2.64,2.56
2022.03.21 00:56:56.020,1.10466,1.1047,0.90,0.12
2022.03.21 00:56:56.122,1.10465,1.1047,0.90,4.59
2022.03.21 00:57:02.369,1.10465,1.10469,0.90,3.60
2022.03.21 00:57:07.523,1.10465,1.1047,0.90,5.49
2022.03.21 00:57:10.211,1.10465,1.10469,0.90,3.60
2022.03.21 00:57:10.434,1.10466,1.10471,0.90,3.69
2022.03.21 00:57:10.587,1.10466,1.1047,0.90,3.60
2022.03.21 00:57:10.689,1.10464,1.10469,3.54,0.12
2022.03.21 00:57:14.282,1.10463,1.10468,0.90,5.04
2022.03.21 00:57:14.435,1.10463,1.10467,0.90,0.12
2022.03.21 00:57:14.537,1.10462,1.10467,3.54,0.12
2022.03.21 00:57:27.652,1.10462,1.10468,3.63,5.26
2022.03.21 00:57:30.075,1.10464,1.10468,0.12,5.17
2022.03.21 00:57:30.177,1.10463,1.10468,0.12,5.26
2022.03.21 00:57:31.569,1.10465,1.10468,0.12,4.81
2022.03.21 00:57:32.373,1.10465,1.10469,0.12,3.60
2022.03.21 00:57:32.501,1.10465,1.1047,0.12,4.59
2022.03.21 00:57:37.346,1.10466,1.10469,2.64,0.54
2022.03.21 00:57:37.398,1.10464,1.10469,0.99,4.59
2022.03.21 00:57:37.674,1.10464,1.10468,3.54,0.12
2022.03.21 00:57:38.433,1.10464,1.10469,3.63,0.12
2022.03.21 00:57:51.528,1.10464,1.10468,0.90,0.12
2022.03.21 00:57:51.681,1.10464,1.10469,0.99,3.69
2022.03.21 00:57:54.281,1.10464,1.10468,0.90,0.12
2022.03.21 00:57:57.821,1.10463,1.10468,0.99,4.36
2022.03.21 00:57:59.117,1.10464,1.10469,0.12,4.59
2022.03.21 00:57:59.219,1.10464,1.10468,0.12,3.60
2022.03.21 00:57:59.387,1.10464,1.10469,0.12,4.59
2022.03.21 00:57:59.973,1.10463,1.10468,0.12,5.26
2022.03.21 00:58:04.055,1.10464,1.10468,0.12,5.17
2022.03.21 00:58:08.532,1.10463,1.10468,0.12,7.96
2022.03.21 00:58:08.805,1.10464,1.10468,0.12,6.07
2022.03.21 00:58:09.926,1.10464,1.10467,0.12,0.22
2022.03.21 00:58:10.028,1.10463,1.10467,0.12,0.22
2022.03.21 00:58:10.522,1.10462,1.10467,3.63,0.31
2022.03.21 00:58:12.831,1.1046,1.10464,0.90,3.60
2022.03.21 00:58:12.933,1.1046,1.10465,3.54,3.91
2022.03.21 00:58:13.035,1.1046,1.10464,2.64,0.90
2022.03.21 00:58:13.138,1.1046,1.10465,3.54,3.91
2022.03.21 00:58:13.373,1.1046,1.10464,0.90,3.60
2022.03.21 00:58:13.706,1.1046,1.10465,3.54,2.11
2022.03.21 00:58:13.943,1.1046,1.10464,0.90,3.60
2022.03.21 00:58:14.366,1.1046,1.10465,3.54,2.11
2022.03.21 00:58:16.045,1.1046,1.10464,0.90,3.60
2022.03.21 00:58:18.050,1.1046,1.10465,0.90,4.81
2022.03.21 00:58:20.964,1.10459,1.10462,0.99,4.95
2022.03.21 00:58:21.117,1.1046,1.10464,3.54,0.45
2022.03.21 00:58:21.219,1.1046,1.10465,3.54,0.12
2022.03.21 00:58:21.321,1.1046,1.10466,3.63,5.71
2022.03.21 00:58:27.133,1.10461,1.10466,0.90,5.71
2022.03.21 00:58:27.236,1.1046,1.10465,0.99,3.60
2022.03.21 00:58:27.872,1.10461,1.10466,2.64,3.01
2022.03.21 00:58:28.172,1.1046,1.10465,0.99,3.60
2022.03.21 00:58:28.281,1.1046,1.10466,3.63,6.16
2022.03.21 00:58:34.869,1.1046,1.10463,2.64,0.45
2022.03.21 00:58:34.921,1.10458,1.10463,3.63,0.45
2022.03.21 00:58:35.056,1.10459,1.10464,0.90,4.36
2022.03.21 00:58:35.820,1.10459,1.10463,0.90,0.45
2022.03.21 00:58:35.922,1.10459,1.10464,3.54,0.31
2022.03.21 00:58:36.702,1.10461,1.10465,3.54,1.12
2022.03.21 00:58:36.809,1.10461,1.10466,3.54,1.89
2022.03.21 00:58:37.053,1.10462,1.10466,0.12,1.80
2022.03.21 00:58:37.155,1.10462,1.10465,0.12,3.60
2022.03.21 00:58:38.070,1.10462,1.10466,0.12,0.90
2022.03.21 00:58:39.338,1.10462,1.10465,0.12,3.60
2022.03.21 00:58:41.235,1.1046,1.10463,0.12,0.45
2022.03.21 00:58:41.337,1.10461,1.10463,0.12,4.50
2022.03.21 00:58:41.592,1.1046,1.10465,0.12,6.52
2022.03.21 00:58:42.890,1.10461,1.10465,0.12,6.30
2022.03.21 00:58:42.992,1.10461,1.10464,0.12,3.60
2022.03.21 00:58:45.272,1.1046,1.10464,0.12,4.50
2022.03.21 00:58:45.448,1.10459,1.10464,0.99,4.59
2022.03.21 00:58:45.550,1.1046,1.10464,0.12,0.90
2022.03.21 00:58:46.323,1.1046,1.10465,0.12,6.97
2022.03.21 00:58:47.788,1.1046,1.10464,0.12,3.60
2022.03.21 00:58:50.079,1.1046,1.10465,0.12,5.85
2022.03.21 00:58:50.536,1.1046,1.10464,0.12,0.22
2022.03.21 00:58:50.639,1.10459,1.10463,0.12,4.05
2022.03.21 00:58:52.073,1.1046,1.10464,0.99,4.72
2022.03.21 00:58:52.201,1.10461,1.10465,0.12,5.85
2022.03.21 00:59:00.855,1.10462,1.10466,0.99,3.82
2022.03.21 00:59:00.957,1.10462,1.10467,3.63,3.46
2022.03.21 00:59:01.906,1.10463,1.10465,0.99,3.60
2022.03.21 00:59:04.902,1.10461,1.10466,0.99,5.49
2022.03.21 00:59:08.046,1.10462,1.10466,0.90,5.49
2022.03.21 00:59:08.098,1.10469,1.10471,0.54,1.57
2022.03.21 00:59:08.150,1.1047,1.10474,3.63,2.02
2022.03.21 00:59:08.252,1.10473,1.10475,0.99,5.62
2022.03.21 00:59:08.507,1.10472,1.10477,0.99,7.06
2022.03.21 00:59:09.154,1.10472,1.10476,0.90,0.12
2022.03.21 00:59:10.074,1.10473,1.10476,0.99,6.61
2022.03.21 00:59:10.278,1.10473,1.10477,0.12,5.62
2022.03.21 00:59:12.141,1.10472,1.10477,0.99,5.26
2022.03.21 00:59:15.288,1.10472,1.10476,0.99,3.60
2022.03.21 00:59:16.101,1.10472,1.10477,0.99,5.26
2022.03.21 00:59:17.373,1.10472,1.10476,0.99,3.60
2022.03.21 00:59:20.179,1.10472,1.10477,0.99,6.16
2022.03.21 00:59:20.295,1.10472,1.10476,0.90,3.69
2022.03.21 00:59:23.825,1.1047,1.10475,3.63,0.31
2022.03.21 00:59:26.334,1.10469,1.10474,0.99,5.04
2022.03.21 00:59:26.437,1.10467,1.10472,3.63,1.21
2022.03.21 00:59:26.539,1.10467,1.1047,0.90,0.12
2022.03.21 00:59:26.641,1.10466,1.1047,0.90,0.12
2022.03.21 00:59:31.116,1.10467,1.10471,3.54,2.11
2022.03.21 00:59:31.331,1.10467,1.10472,3.63,2.11
2022.03.21 00:59:31.433,1.10467,1.10471,0.90,0.12
2022.03.21 00:59:33.224,1.10468,1.10472,0.90,4.81
2022.03.21 00:59:33.831,1.10467,1.10472,0.99,5.26
2022.03.21 00:59:36.827,1.10466,1.10471,0.99,5.71
2022.03.21 00:59:36.929,1.10465,1.1047,0.99,3.69
2022.03.21 00:59:37.031,1.10465,1.10469,3.63,0.90
2022.03.21 00:59:41.264,1.10464,1.10469,0.90,5.49
2022.03.21 00:59:41.419,1.10464,1.10468,3.63,5.49
2022.03.21 00:59:41.521,1.10463,1.10468,3.63,0.45
2022.03.21 00:59:43.052,1.10466,1.10468,0.12,0.45
2022.03.21 00:59:43.104,1.10463,1.10468,3.63,0.45
2022.03.21 00:59:46.919,1.1046,1.10464,9.48,0.54
2022.03.21 00:59:47.174,1.10459,1.10463,2.86,0.12
2022.03.21 00:59:55.295,1.10457,1.10462,5.11,2.34
2022.03.21 00:59:55.397,1.10457,1.10461,3.54,0.12
2022.03.21 00:59:57.844,1.10456,1.1046,2.64,0.99
2022.03.21 00:59:57.946,1.10455,1.1046,3.85,1.44
2022.03.21 00:59:58.048,1.10455,1.10459,3.54,0.54
2022.03.21 00:59:58.151,1.10453,1.10458,0.90,5.04
2022.03.21 00:59:58.253,1.10452,1.10456,3.54,0.12
2022.03.21 00:59:59.592,1.10451,1.10456,5.07,0.54
2022.03.21 00:59:59.699,1.10452,1.10456,2.64,0.54
2022.03.21 00:59:59.949,1.10451,1.10456,5.07,0.54
