2022.03.09 03:00:05.041,1.0916,1.09165,0.90,2.56
2022.03.09 03:00:05.092,1.09164,1.09166,0.12,0.90
2022.03.09 03:00:05.194,1.09163,1.09166,0.12,0.90
2022.03.09 03:00:06.786,1.09163,1.09167,0.12,0.90
2022.03.09 03:00:07.532,1.09164,1.09167,0.12,0.90
2022.03.09 03:00:11.304,1.09163,1.09167,0.12,0.90
2022.03.09 03:00:14.054,1.09163,1.09166,0.90,0.99
2022.03.09 03:00:14.156,1.09162,1.09166,0.12,0.90
2022.03.09 03:00:14.309,1.09159,1.09162,0.12,1.80
2022.03.09 03:00:14.412,1.09158,1.09161,1.17,0.90
2022.03.09 03:00:19.092,1.09156,1.09161,0.99,0.90
2022.03.09 03:00:19.714,1.09157,1.09162,0.90,0.99
2022.03.09 03:00:22.067,1.09159,1.09162,0.12,0.90
2022.03.09 03:00:23.155,1.09159,1.09163,0.12,0.90
2022.03.09 03:00:23.988,1.0916,1.09164,0.12,1.80
2022.03.09 03:00:24.090,1.09162,1.09163,0.12,0.45
2022.03.09 03:00:24.192,1.09162,1.09164,0.12,0.45
2022.03.09 03:00:24.464,1.09162,1.09165,0.12,0.90
2022.03.09 03:00:26.214,1.09163,1.09165,0.12,0.90
2022.03.09 03:00:26.316,1.09163,1.09166,0.12,0.90
2022.03.09 03:00:27.011,1.09164,1.09168,0.99,0.90
2022.03.09 03:00:27.113,1.09165,1.09169,0.12,1.35
2022.03.09 03:00:27.423,1.09165,1.09168,0.12,0.90
2022.03.09 03:00:28.258,1.09165,1.09169,0.12,0.90
2022.03.09 03:00:28.718,1.09165,1.09168,0.12,0.90
2022.03.09 03:00:31.061,1.09163,1.09168,0.99,0.90
2022.03.09 03:00:31.163,1.09165,1.09168,0.12,0.90
2022.03.09 03:00:36.395,1.09167,1.0917,0.12,1.80
2022.03.09 03:00:36.497,1.09168,1.0917,0.12,0.90
2022.03.09 03:00:36.599,1.09169,1.0917,0.12,1.12
2022.03.09 03:00:36.701,1.09167,1.09171,0.12,1.12
2022.03.09 03:00:36.803,1.09166,1.0917,0.12,1.80
2022.03.09 03:00:38.109,1.09167,1.0917,0.12,0.90
2022.03.09 03:00:39.095,1.09167,1.09171,0.12,1.80
2022.03.09 03:00:39.248,1.09168,1.09171,0.12,1.80
2022.03.09 03:00:44.492,1.09171,1.09172,0.12,0.90
2022.03.09 03:00:44.594,1.09171,1.09174,0.12,1.80
2022.03.09 03:00:44.747,1.09172,1.09174,0.12,1.80
2022.03.09 03:00:45.088,1.09172,1.09175,0.12,1.35
2022.03.09 03:00:47.378,1.09173,1.09176,0.12,0.90
2022.03.09 03:00:47.926,1.09173,1.09175,0.12,0.90
2022.03.09 03:00:47.977,1.09171,1.09173,0.12,1.80
2022.03.09 03:00:48.029,1.09167,1.0917,0.12,0.90
2022.03.09 03:00:48.131,1.09166,1.09169,0.12,0.90
2022.03.09 03:00:48.233,1.09165,1.09169,0.12,1.12
2022.03.09 03:00:49.084,1.09164,1.09168,0.90,0.90
2022.03.09 03:00:53.686,1.09161,1.09165,0.90,0.45
2022.03.09 03:00:53.787,1.0916,1.09163,1.44,0.90
2022.03.09 03:00:53.890,1.09158,1.09162,4.50,0.99
2022.03.09 03:00:53.991,1.09157,1.09162,0.90,0.99
2022.03.09 03:00:54.262,1.09159,1.09163,0.90,0.90
2022.03.09 03:00:57.112,1.0916,1.09163,0.12,1.80
2022.03.09 03:00:59.918,1.09159,1.09163,0.12,3.15
2022.03.09 03:01:00.020,1.09159,1.09162,0.12,0.90
2022.03.09 03:01:02.136,1.0916,1.09162,0.12,0.90
2022.03.09 03:01:02.238,1.0916,1.09163,0.12,1.80
2022.03.09 03:01:03.437,1.09159,1.09163,0.12,1.80
2022.03.09 03:01:04.985,1.09159,1.09162,0.12,0.90
2022.03.09 03:01:05.087,1.09159,1.09161,0.90,0.90
2022.03.09 03:01:05.200,1.0916,1.09161,0.12,0.90
2022.03.09 03:01:05.738,1.0916,1.09162,0.12,0.90
2022.03.09 03:01:05.840,1.0916,1.09164,0.12,0.90
2022.03.09 03:01:07.152,1.0916,1.09163,0.12,0.90
2022.03.09 03:01:10.798,1.09161,1.09163,0.12,0.90
2022.03.09 03:01:10.905,1.09162,1.09164,0.12,0.45
2022.03.09 03:01:11.373,1.09162,1.09166,0.12,2.70
2022.03.09 03:01:14.092,1.09161,1.09166,0.90,2.34
2022.03.09 03:01:14.200,1.09162,1.09166,0.12,2.25
2022.03.09 03:01:16.328,1.09162,1.09165,0.12,0.45
2022.03.09 03:01:17.286,1.09162,1.09166,0.12,2.25
2022.03.09 03:01:19.253,1.09162,1.09165,0.12,0.90
2022.03.09 03:01:20.243,1.09162,1.09166,0.12,2.70
2022.03.09 03:01:20.346,1.09163,1.09166,0.90,0.90
2022.03.09 03:01:20.448,1.09164,1.09168,0.12,1.35
2022.03.09 03:01:20.499,1.09166,1.09168,0.90,0.45
2022.03.09 03:01:21.122,1.09167,1.0917,0.12,0.90
2022.03.09 03:01:21.224,1.09166,1.0917,0.99,1.80
2022.03.09 03:01:21.563,1.09166,1.09168,0.99,0.90
2022.03.09 03:01:21.801,1.09166,1.0917,0.99,1.80
2022.03.09 03:01:24.914,1.09166,1.09169,0.12,0.45
2022.03.09 03:01:25.017,1.09165,1.09169,0.99,0.45
2022.03.09 03:01:25.118,1.09165,1.0917,0.99,2.70
2022.03.09 03:01:25.666,1.09165,1.09169,0.99,0.90
2022.03.09 03:01:28.001,1.09166,1.09169,0.12,0.90
2022.03.09 03:01:29.154,1.09166,1.0917,0.12,3.60
2022.03.09 03:01:30.601,1.09165,1.09168,0.12,0.90
2022.03.09 03:01:31.073,1.09163,1.09168,0.99,1.35
2022.03.09 03:01:31.175,1.09165,1.09168,0.12,1.35
2022.03.09 03:01:33.404,1.09165,1.09169,0.12,4.05
2022.03.09 03:01:35.096,1.09165,1.09168,0.12,0.90
2022.03.09 03:01:35.719,1.09165,1.09169,0.12,2.70
2022.03.09 03:01:36.950,1.09164,1.09169,0.90,2.79
2022.03.09 03:01:37.052,1.09165,1.09169,0.12,2.70
2022.03.09 03:01:37.154,1.09168,1.0917,0.12,0.90
2022.03.09 03:01:37.936,1.09167,1.0917,0.12,0.90
2022.03.09 03:01:38.050,1.09166,1.0917,2.25,0.90
2022.03.09 03:01:38.152,1.09168,1.09171,0.12,1.80
2022.03.09 03:01:40.053,1.09166,1.09171,1.44,1.80
2022.03.09 03:01:40.155,1.09168,1.09171,0.12,0.90
2022.03.09 03:01:44.850,1.09166,1.09171,1.44,0.90
2022.03.09 03:01:44.952,1.09168,1.09171,0.12,0.90
2022.03.09 03:01:48.058,1.09166,1.09171,3.46,0.90
2022.03.09 03:01:48.159,1.09168,1.09171,0.12,0.90
2022.03.09 03:01:50.447,1.09166,1.0917,0.12,1.80
2022.03.09 03:01:50.924,1.09164,1.09168,0.90,0.45
2022.03.09 03:01:51.026,1.09165,1.09168,0.12,0.45
2022.03.09 03:01:51.128,1.09165,1.09169,0.12,0.90
2022.03.09 03:01:52.053,1.09165,1.09167,0.99,0.90
2022.03.09 03:01:53.100,1.09165,1.09168,0.12,0.90
2022.03.09 03:01:53.391,1.09164,1.09168,0.99,0.90
2022.03.09 03:01:55.237,1.09162,1.09165,0.12,0.45
2022.03.09 03:01:55.340,1.09162,1.09166,0.12,1.12
2022.03.09 03:01:55.441,1.09161,1.09166,0.99,1.12
2022.03.09 03:01:55.721,1.09163,1.09164,0.12,0.90
2022.03.09 03:01:56.076,1.09164,1.09167,0.12,0.90
2022.03.09 03:01:56.229,1.09164,1.09168,0.12,0.90
2022.03.09 03:01:56.516,1.09165,1.09166,0.12,0.90
2022.03.09 03:01:57.102,1.09164,1.09168,0.12,1.35
2022.03.09 03:02:00.031,1.09165,1.09169,0.12,0.90
2022.03.09 03:02:01.116,1.09165,1.09168,0.12,0.90
2022.03.09 03:02:02.645,1.09165,1.09169,0.12,1.12
2022.03.09 03:02:04.153,1.09165,1.09168,0.12,0.90
2022.03.09 03:02:04.373,1.09164,1.09168,0.12,0.90
2022.03.09 03:02:05.099,1.09163,1.09168,0.99,0.99
2022.03.09 03:02:05.200,1.09164,1.09168,0.12,0.90
2022.03.09 03:02:12.617,1.09164,1.09166,0.12,0.90
2022.03.09 03:02:12.719,1.09162,1.09166,0.12,1.35
2022.03.09 03:02:12.821,1.09162,1.09165,0.12,0.90
2022.03.09 03:02:13.459,1.09162,1.09166,0.12,0.90
2022.03.09 03:02:14.065,1.09161,1.09166,0.99,0.99
2022.03.09 03:02:14.167,1.09162,1.09166,1.89,0.90
2022.03.09 03:02:16.183,1.09161,1.09165,1.89,1.35
2022.03.09 03:02:19.713,1.09161,1.09164,1.89,0.90
2022.03.09 03:02:21.182,1.09162,1.09165,0.12,0.90
2022.03.09 03:02:21.285,1.09163,1.09166,0.12,0.90
2022.03.09 03:02:21.386,1.09163,1.09165,0.12,0.90
2022.03.09 03:02:22.249,1.09162,1.09165,0.12,0.90
2022.03.09 03:02:22.351,1.09163,1.09165,1.89,0.45
2022.03.09 03:02:22.560,1.09163,1.09166,1.89,0.90
2022.03.09 03:02:23.570,1.09162,1.09166,1.89,0.90
2022.03.09 03:02:28.034,1.09161,1.09165,1.89,3.82
2022.03.09 03:02:28.136,1.0916,1.09164,1.89,1.80
2022.03.09 03:02:30.074,1.09162,1.09164,2.79,0.90
2022.03.09 03:02:30.126,1.09162,1.09166,1.89,2.02
2022.03.09 03:02:30.580,1.09161,1.09165,1.89,1.80
2022.03.09 03:02:31.136,1.0916,1.09165,2.79,3.60
2022.03.09 03:02:31.441,1.09161,1.09165,1.89,1.12
2022.03.09 03:02:33.714,1.0916,1.09164,1.89,2.25
2022.03.09 03:02:38.031,1.09161,1.09164,0.12,1.80
2022.03.09 03:02:38.133,1.09162,1.09164,0.12,1.65
2022.03.09 03:02:38.656,1.09163,1.09164,0.12,1.80
2022.03.09 03:02:49.667,1.09161,1.09165,0.99,2.25
2022.03.09 03:02:52.130,1.09161,1.09164,0.12,0.22
2022.03.09 03:02:52.234,1.09161,1.09165,0.12,5.17
2022.03.09 03:02:52.551,1.0916,1.09165,0.99,5.17
2022.03.09 03:02:53.117,1.0916,1.09164,0.99,0.22
2022.03.09 03:02:54.445,1.09159,1.09163,0.12,0.90
2022.03.09 03:02:57.209,1.09159,1.09162,0.12,0.90
2022.03.09 03:02:58.311,1.09159,1.09163,0.12,1.35
2022.03.09 03:02:58.413,1.0916,1.09163,0.12,1.35
2022.03.09 03:02:58.943,1.0916,1.09164,0.12,1.80
2022.03.09 03:03:00.059,1.0916,1.09163,0.90,0.99
2022.03.09 03:03:01.917,1.0916,1.09162,0.90,0.90
2022.03.09 03:03:02.019,1.09158,1.09162,0.90,0.90
2022.03.09 03:03:04.351,1.09157,1.09162,0.90,3.15
2022.03.09 03:03:07.756,1.09158,1.09163,0.99,1.80
2022.03.09 03:03:08.010,1.0916,1.09162,0.99,0.90
2022.03.09 03:03:08.510,1.0916,1.09163,0.99,0.90
2022.03.09 03:03:11.953,1.0916,1.09164,0.90,0.90
2022.03.09 03:03:13.273,1.09159,1.09164,0.90,0.90
2022.03.09 03:03:16.678,1.0916,1.09164,0.90,0.90
2022.03.09 03:03:17.346,1.0916,1.09165,0.90,1.80
2022.03.09 03:03:22.640,1.09162,1.09164,0.90,0.90
2022.03.09 03:03:23.873,1.09161,1.09164,0.99,0.90
2022.03.09 03:03:33.466,1.0916,1.09163,0.90,0.90
2022.03.09 03:03:37.713,1.09159,1.09163,0.90,0.90
2022.03.09 03:03:38.613,1.09159,1.09164,0.90,0.90
2022.03.09 03:03:41.569,1.09157,1.09162,0.90,1.80
2022.03.09 03:03:41.676,1.09156,1.0916,0.90,0.90
2022.03.09 03:03:51.373,1.09155,1.0916,0.90,0.90
2022.03.09 03:04:19.327,1.09156,1.09161,2.34,1.80
2022.03.09 03:04:19.429,1.09157,1.09161,0.90,1.80
2022.03.09 03:04:19.809,1.09158,1.09161,1.80,0.90
2022.03.09 03:04:19.936,1.09157,1.09161,0.90,0.90
2022.03.09 03:04:20.270,1.09156,1.0916,0.90,0.90
2022.03.09 03:04:20.473,1.09155,1.0916,0.90,2.47
2022.03.09 03:04:22.152,1.09155,1.09159,0.90,0.90
2022.03.09 03:04:25.118,1.09151,1.09155,0.99,0.90
2022.03.09 03:04:25.220,1.09151,1.09156,0.99,0.90
2022.03.09 03:04:25.322,1.0915,1.09155,0.99,0.90
2022.03.09 03:04:34.380,1.0915,1.09154,0.90,1.21
2022.03.09 03:04:34.634,1.09151,1.09155,0.90,0.99
2022.03.09 03:04:35.994,1.0915,1.09155,1.89,0.99
2022.03.09 03:04:38.718,1.0915,1.09154,0.90,0.12
2022.03.09 03:04:58.194,1.09152,1.09156,0.90,1.44
2022.03.09 03:04:58.296,1.09154,1.09158,0.90,0.90
2022.03.09 03:04:58.449,1.09155,1.09159,0.90,0.99
2022.03.09 03:04:59.324,1.09154,1.09159,0.90,1.21
2022.03.09 03:04:59.577,1.09154,1.09158,0.90,0.90
2022.03.09 03:05:00.957,1.09154,1.09159,0.99,1.35
2022.03.09 03:05:05.072,1.09157,1.09161,0.90,1.35
2022.03.09 03:05:05.174,1.09156,1.0916,0.90,0.90
2022.03.09 03:05:05.276,1.09155,1.0916,1.89,0.90
2022.03.09 03:05:05.446,1.09156,1.0916,0.90,0.90
2022.03.09 03:05:09.496,1.09155,1.0916,0.99,1.12
2022.03.09 03:05:09.598,1.09155,1.09159,0.90,0.90
2022.03.09 03:05:09.701,1.09155,1.0916,1.21,0.90
2022.03.09 03:05:25.632,1.09156,1.0916,0.90,0.90
2022.03.09 03:05:25.836,1.09157,1.09161,0.90,0.90
2022.03.09 03:05:25.938,1.09157,1.09162,0.90,1.21
2022.03.09 03:05:27.413,1.09156,1.09161,0.99,0.90
2022.03.09 03:05:28.714,1.09161,1.09164,0.90,0.54
2022.03.09 03:05:28.816,1.09161,1.09165,0.12,0.90
2022.03.09 03:05:28.919,1.09163,1.09167,0.99,0.90
2022.03.09 03:05:31.630,1.09163,1.09168,0.99,0.99
2022.03.09 03:05:31.732,1.09165,1.09167,0.12,0.90
2022.03.09 03:05:31.834,1.09163,1.09168,0.99,0.99
2022.03.09 03:05:32.939,1.09163,1.09167,0.99,0.90
2022.03.09 03:05:33.041,1.09162,1.09167,0.99,0.99
2022.03.09 03:05:33.143,1.09163,1.09167,0.99,0.90
2022.03.09 03:05:33.245,1.09164,1.09168,0.90,0.99
2022.03.09 03:05:37.989,1.09162,1.09167,0.99,1.89
2022.03.09 03:05:38.091,1.09162,1.09166,0.99,0.90
2022.03.09 03:05:38.364,1.09161,1.09166,0.99,0.99
2022.03.09 03:05:39.515,1.0916,1.09164,0.99,0.90
2022.03.09 03:05:39.617,1.09161,1.09165,0.90,0.12
2022.03.09 03:05:39.719,1.09161,1.09166,0.99,0.99
2022.03.09 03:05:40.265,1.09162,1.09166,0.90,0.99
2022.03.09 03:05:40.865,1.09161,1.09165,0.99,0.90
2022.03.09 03:05:45.300,1.09162,1.09166,0.90,0.99
2022.03.09 03:05:45.402,1.09161,1.09165,0.99,0.90
2022.03.09 03:05:46.015,1.09161,1.09164,2.34,0.99
2022.03.09 03:05:46.118,1.09162,1.09166,0.90,0.99
2022.03.09 03:05:49.386,1.09163,1.09167,0.90,0.99
2022.03.09 03:05:49.540,1.09161,1.09165,0.12,0.90
2022.03.09 03:05:49.642,1.0916,1.09164,0.99,0.90
2022.03.09 03:05:50.137,1.09159,1.09163,0.99,0.90
2022.03.09 03:05:50.340,1.09159,1.09164,0.99,0.99
2022.03.09 03:05:51.047,1.09159,1.0916,0.45,0.90
2022.03.09 03:05:51.149,1.09159,1.09161,0.90,0.90
2022.03.09 03:05:51.739,1.09158,1.09161,0.54,0.90
2022.03.09 03:05:51.841,1.09158,1.09162,0.12,0.90
2022.03.09 03:05:51.943,1.09157,1.09162,0.99,0.99
2022.03.09 03:05:56.401,1.09156,1.0916,0.90,1.66
2022.03.09 03:05:56.503,1.09155,1.09159,0.99,0.90
2022.03.09 03:05:56.554,1.09153,1.09158,0.99,0.99
2022.03.09 03:05:56.606,1.09153,1.09155,0.99,0.90
2022.03.09 03:05:58.049,1.09151,1.09156,1.44,0.90
2022.03.09 03:05:59.880,1.09151,1.09155,0.99,0.90
2022.03.09 03:05:59.931,1.0915,1.09153,1.80,1.89
2022.03.09 03:06:00.033,1.0915,1.09155,1.21,1.80
2022.03.09 03:06:00.135,1.09151,1.09155,0.90,0.90
2022.03.09 03:06:01.875,1.0915,1.09155,1.35,1.21
2022.03.09 03:06:01.978,1.09149,1.09153,0.90,1.21
2022.03.09 03:06:02.080,1.09148,1.09153,0.90,1.21
2022.03.09 03:06:02.182,1.09149,1.09153,0.90,2.11
2022.03.09 03:06:02.388,1.09146,1.09151,0.99,0.90
2022.03.09 03:06:02.497,1.09149,1.09154,0.90,3.46
2022.03.09 03:06:03.008,1.0915,1.09154,0.90,2.11
2022.03.09 03:06:12.427,1.0915,1.09153,0.90,0.90
2022.03.09 03:06:12.667,1.09149,1.09153,0.90,0.90
2022.03.09 03:06:13.018,1.09149,1.09154,0.90,3.01
2022.03.09 03:06:16.770,1.0915,1.09155,0.90,4.36
2022.03.09 03:06:19.856,1.0915,1.09154,0.90,0.90
2022.03.09 03:06:30.799,1.0915,1.09155,0.90,3.91
2022.03.09 03:06:33.159,1.0915,1.09154,0.90,2.56
2022.03.09 03:06:37.895,1.0915,1.09155,0.90,4.81
2022.03.09 03:06:39.171,1.0915,1.09154,0.90,4.14
2022.03.09 03:06:39.222,1.09147,1.09152,0.90,1.21
2022.03.09 03:06:39.324,1.09147,1.09151,0.90,0.90
2022.03.09 03:06:41.717,1.09146,1.09151,0.90,2.79
2022.03.09 03:06:43.875,1.09148,1.0915,0.90,0.90
2022.03.09 03:06:44.224,1.09149,1.09151,0.90,0.90
2022.03.09 03:06:44.275,1.09147,1.09151,3.37,0.90
2022.03.09 03:06:44.327,1.09152,1.09156,0.90,6.52
2022.03.09 03:06:44.378,1.0915,1.09155,1.80,1.89
2022.03.09 03:06:44.531,1.09151,1.09155,0.90,1.12
2022.03.09 03:06:54.904,1.09152,1.09153,0.90,0.22
2022.03.09 03:06:56.722,1.0915,1.09154,0.90,1.21
2022.03.09 03:06:56.926,1.0915,1.09153,0.90,0.12
2022.03.09 03:06:59.534,1.09147,1.09152,1.44,0.90
2022.03.09 03:06:59.636,1.09149,1.09153,0.90,0.99
2022.03.09 03:06:59.738,1.09149,1.09154,0.90,2.79
2022.03.09 03:06:59.891,1.0915,1.09155,2.25,0.99
2022.03.09 03:06:59.998,1.09151,1.09156,1.35,1.21
2022.03.09 03:07:01.013,1.09151,1.09155,0.90,0.90
2022.03.09 03:07:01.905,1.09152,1.09157,0.90,2.11
2022.03.09 03:07:02.007,1.09153,1.09157,0.90,1.21
2022.03.09 03:07:02.109,1.09155,1.09159,0.90,0.99
2022.03.09 03:07:03.197,1.09153,1.09157,0.90,1.12
2022.03.09 03:07:05.405,1.09154,1.09157,0.90,0.90
2022.03.09 03:07:05.457,1.09159,1.09161,0.90,0.90
2022.03.09 03:07:05.559,1.09159,1.09162,0.90,0.90
2022.03.09 03:07:05.712,1.0916,1.09162,0.90,0.90
2022.03.09 03:07:11.053,1.09161,1.09165,0.90,0.90
2022.03.09 03:07:11.156,1.09162,1.09166,0.90,1.12
2022.03.09 03:07:21.719,1.09161,1.09165,0.90,1.57
2022.03.09 03:07:21.821,1.09161,1.09162,0.90,0.90
2022.03.09 03:07:34.218,1.0916,1.09164,0.90,1.12
2022.03.09 03:07:36.351,1.0916,1.09162,0.90,0.90
2022.03.09 03:07:36.453,1.0916,1.09164,0.90,2.02
2022.03.09 03:07:37.765,1.09159,1.09163,0.90,1.12
2022.03.09 03:07:45.492,1.0916,1.09164,0.90,0.90
2022.03.09 03:07:49.461,1.0916,1.09165,0.90,3.01
2022.03.09 03:07:50.092,1.09161,1.09166,0.90,2.02
2022.03.09 03:08:01.538,1.0916,1.09165,0.90,1.57
2022.03.09 03:08:02.769,1.09159,1.09164,0.90,1.89
2022.03.09 03:08:02.871,1.09159,1.09163,0.90,0.22
2022.03.09 03:08:02.973,1.09158,1.09162,0.90,0.22
2022.03.09 03:08:06.929,1.09158,1.09163,0.90,1.12
2022.03.09 03:08:07.460,1.0916,1.09164,0.90,0.90
2022.03.09 03:08:07.613,1.09161,1.09165,0.90,0.90
2022.03.09 03:08:07.715,1.09162,1.09166,0.90,1.12
2022.03.09 03:08:10.068,1.09162,1.09167,0.90,1.35
2022.03.09 03:08:10.505,1.09163,1.09167,0.90,1.12
2022.03.09 03:08:10.658,1.09162,1.09167,0.90,1.12
2022.03.09 03:08:10.956,1.09162,1.09166,0.90,0.22
2022.03.09 03:08:11.478,1.09163,1.09167,0.90,1.12
2022.03.09 03:08:16.410,1.09162,1.09167,0.90,2.02
2022.03.09 03:08:17.066,1.0916,1.09164,0.90,2.02
2022.03.09 03:08:17.168,1.09159,1.09164,0.90,2.02
2022.03.09 03:08:17.270,1.09157,1.0916,4.50,0.90
2022.03.09 03:08:17.372,1.09156,1.0916,0.90,1.12
2022.03.09 03:08:23.086,1.09155,1.09159,0.90,0.90
2022.03.09 03:08:26.254,1.09155,1.0916,0.90,1.12
2022.03.09 03:08:41.010,1.09154,1.09157,0.99,1.12
2022.03.09 03:08:44.124,1.09154,1.09158,0.90,0.90
2022.03.09 03:08:44.226,1.09154,1.09159,0.90,0.90
2022.03.09 03:08:44.328,1.09155,1.09159,0.90,0.90
2022.03.09 03:08:44.734,1.09155,1.0916,0.99,0.90
2022.03.09 03:08:45.264,1.09156,1.0916,0.12,0.90
2022.03.09 03:08:49.763,1.09156,1.09161,0.99,0.90
2022.03.09 03:08:52.782,1.09156,1.0916,0.90,0.90
2022.03.09 03:08:53.067,1.09155,1.0916,0.90,0.90
2022.03.09 03:08:55.550,1.09155,1.09159,0.90,0.90
2022.03.09 03:08:55.703,1.09154,1.09157,0.90,1.12
2022.03.09 03:08:55.805,1.09154,1.09158,0.90,1.12
2022.03.09 03:08:55.907,1.09153,1.09158,0.90,1.12
2022.03.09 03:09:00.897,1.09155,1.0916,1.80,0.90
2022.03.09 03:09:02.909,1.09156,1.0916,0.90,0.90
2022.03.09 03:09:17.497,1.0916,1.09164,0.90,1.80
2022.03.09 03:09:17.599,1.09159,1.09164,1.12,0.90
2022.03.09 03:09:17.701,1.0916,1.09165,3.01,0.90
2022.03.09 03:09:17.955,1.09161,1.09166,3.46,0.90
2022.03.09 03:09:18.108,1.09162,1.09164,0.90,0.90
2022.03.09 03:09:18.603,1.0916,1.09165,1.66,0.90
2022.03.09 03:09:22.054,1.0916,1.09164,0.90,0.90
2022.03.09 03:09:22.165,1.09159,1.09164,0.90,0.90
2022.03.09 03:09:23.093,1.0916,1.09164,0.90,0.90
2022.03.09 03:09:24.134,1.0916,1.09165,0.90,1.35
2022.03.09 03:09:27.922,1.09162,1.09164,0.90,0.90
2022.03.09 03:09:41.163,1.0916,1.09165,0.99,0.90
2022.03.09 03:09:41.266,1.0916,1.09164,0.90,0.90
2022.03.09 03:09:41.368,1.09159,1.09164,2.34,0.90
2022.03.09 03:09:41.470,1.0916,1.09165,0.90,0.90
2022.03.09 03:09:45.302,1.09159,1.09164,0.90,0.90
2022.03.09 03:09:56.501,1.0916,1.09165,0.99,0.90
2022.03.09 03:09:56.990,1.09159,1.09164,1.21,0.90
2022.03.09 03:09:58.711,1.09161,1.09166,1.80,0.90
2022.03.09 03:09:58.814,1.0916,1.09165,2.11,0.90
2022.03.09 03:09:58.915,1.09161,1.09165,0.90,0.90
2022.03.09 03:10:00.218,1.09159,1.09164,0.90,0.90
2022.03.09 03:10:07.636,1.0916,1.09165,0.90,0.90
2022.03.09 03:10:07.738,1.09162,1.09164,0.90,0.90
2022.03.09 03:10:07.941,1.0916,1.09165,2.02,0.90
2022.03.09 03:10:08.094,1.09159,1.09164,1.44,0.90
2022.03.09 03:10:12.773,1.09162,1.09164,1.80,2.25
2022.03.09 03:10:12.876,1.09164,1.09166,1.89,0.90
2022.03.09 03:10:12.927,1.09164,1.09168,1.12,0.90
2022.03.09 03:10:12.978,1.09166,1.0917,0.90,4.50
2022.03.09 03:10:13.080,1.09168,1.09173,0.90,0.90
2022.03.09 03:10:13.233,1.09169,1.09173,0.90,0.90
2022.03.09 03:10:13.814,1.09168,1.09173,0.90,0.90
2022.03.09 03:10:13.967,1.09167,1.09172,0.90,0.90
2022.03.09 03:10:15.367,1.09168,1.09173,0.99,0.90
2022.03.09 03:10:15.773,1.09167,1.09172,0.99,0.90
2022.03.09 03:10:17.791,1.09169,1.09173,0.90,0.90
2022.03.09 03:10:18.970,1.09168,1.09172,0.90,0.90
2022.03.09 03:10:22.683,1.0917,1.09174,0.90,0.90
2022.03.09 03:10:22.836,1.09171,1.09176,0.90,0.90
2022.03.09 03:10:32.826,1.09172,1.09177,0.99,0.90
2022.03.09 03:10:32.979,1.09173,1.09178,0.90,0.90
2022.03.09 03:10:33.786,1.09172,1.09177,2.11,0.90
2022.03.09 03:10:35.318,1.09171,1.09175,0.90,0.90
2022.03.09 03:10:35.470,1.09169,1.09174,0.99,0.90
2022.03.09 03:10:41.988,1.09168,1.09171,0.99,0.99
2022.03.09 03:10:42.141,1.09166,1.0917,0.12,1.35
2022.03.09 03:10:42.243,1.09166,1.09169,0.99,1.44
2022.03.09 03:10:42.345,1.09165,1.09169,0.99,0.90
2022.03.09 03:10:42.862,1.09166,1.0917,0.12,0.90
2022.03.09 03:10:43.446,1.09169,1.09173,0.90,0.90
2022.03.09 03:10:47.303,1.09169,1.09172,0.90,0.90
2022.03.09 03:10:47.355,1.09165,1.0917,1.66,1.35
2022.03.09 03:10:49.338,1.09164,1.09169,2.11,0.90
2022.03.09 03:10:54.105,1.09163,1.09168,0.90,0.90
2022.03.09 03:10:55.226,1.09162,1.09167,0.90,0.90
2022.03.09 03:10:55.338,1.09161,1.09164,0.99,0.90
2022.03.09 03:10:58.728,1.0916,1.09164,0.12,0.90
2022.03.09 03:11:00.741,1.09159,1.09164,1.21,0.90
2022.03.09 03:11:09.517,1.09159,1.09163,0.90,0.90
2022.03.09 03:11:13.713,1.09158,1.09163,1.21,0.90
2022.03.09 03:11:15.123,1.09159,1.09161,0.90,0.90
2022.03.09 03:11:15.226,1.09155,1.0916,1.21,1.35
2022.03.09 03:11:15.378,1.09155,1.09159,0.90,0.90
2022.03.09 03:11:22.495,1.09154,1.09159,2.11,0.90
2022.03.09 03:11:25.336,1.09155,1.09159,0.90,0.90
2022.03.09 03:11:55.455,1.09154,1.09159,0.90,2.02
2022.03.09 03:11:55.557,1.09154,1.09158,0.90,1.89
2022.03.09 03:11:55.659,1.09153,1.09158,0.90,2.79
2022.03.09 03:11:56.023,1.09153,1.09157,0.90,0.90
2022.03.09 03:11:56.074,1.09151,1.09154,1.44,1.35
2022.03.09 03:11:57.352,1.09153,1.09158,1.80,1.35
2022.03.09 03:12:02.892,1.09154,1.09159,1.12,0.90
2022.03.09 03:12:09.642,1.09155,1.09159,0.90,0.90
2022.03.09 03:12:09.694,1.09154,1.09157,0.90,0.90
2022.03.09 03:12:09.796,1.09152,1.09157,0.90,0.90
2022.03.09 03:12:09.897,1.09151,1.09156,0.99,0.90
2022.03.09 03:12:28.870,1.09151,1.09154,0.99,0.90
2022.03.09 03:12:31.078,1.09153,1.09158,0.90,0.90
2022.03.09 03:12:34.884,1.09153,1.09157,0.90,0.90
2022.03.09 03:12:42.973,1.09152,1.09156,0.90,0.90
2022.03.09 03:12:44.918,1.0915,1.09154,0.99,0.90
2022.03.09 03:12:49.762,1.09149,1.09154,0.99,0.90
2022.03.09 03:12:56.500,1.09149,1.09153,0.90,1.12
2022.03.09 03:12:56.551,1.09147,1.09152,1.89,0.90
2022.03.09 03:13:02.134,1.09148,1.09152,0.99,0.90
2022.03.09 03:13:11.120,1.09147,1.09152,1.44,0.90
2022.03.09 03:13:15.874,1.09147,1.09151,0.12,0.90
2022.03.09 03:13:16.858,1.09146,1.0915,1.35,0.90
2022.03.09 03:13:22.057,1.09146,1.09151,0.99,0.90
2022.03.09 03:13:34.641,1.09145,1.0915,1.89,0.90
2022.03.09 03:13:36.655,1.09145,1.09149,1.80,0.90
2022.03.09 03:13:37.804,1.09145,1.0915,3.01,0.90
2022.03.09 03:13:39.889,1.09146,1.0915,0.22,0.90
2022.03.09 03:13:39.991,1.09147,1.09152,1.21,0.90
2022.03.09 03:13:43.865,1.09146,1.0915,0.22,0.90
2022.03.09 03:13:44.771,1.09145,1.0915,3.46,0.90
2022.03.09 03:13:45.282,1.09147,1.09151,0.90,0.90
2022.03.09 03:13:46.478,1.09146,1.09151,1.21,0.90
2022.03.09 03:13:48.314,1.09145,1.0915,2.11,0.90
2022.03.09 03:13:48.828,1.09145,1.09149,0.90,0.90
2022.03.09 03:13:50.113,1.09147,1.0915,1.80,0.99
2022.03.09 03:13:50.164,1.09148,1.09152,0.90,0.90
2022.03.09 03:13:54.459,1.09148,1.09151,1.21,0.90
2022.03.09 03:13:56.463,1.09146,1.09151,1.21,0.90
2022.03.09 03:13:57.115,1.09145,1.0915,0.90,0.99
2022.03.09 03:14:01.291,1.09146,1.0915,0.90,0.90
2022.03.09 03:14:06.547,1.09147,1.09152,0.99,0.90
2022.03.09 03:14:06.801,1.09148,1.0915,0.90,0.90
2022.03.09 03:14:08.422,1.09146,1.09151,1.21,0.90
2022.03.09 03:14:10.597,1.09147,1.09152,0.99,0.90
2022.03.09 03:14:19.173,1.09148,1.09152,0.90,0.90
2022.03.09 03:14:19.325,1.0915,1.09154,1.89,0.90
2022.03.09 03:14:19.428,1.09151,1.09155,0.31,0.90
2022.03.09 03:14:19.530,1.09152,1.09157,0.99,1.44
2022.03.09 03:14:27.857,1.09151,1.09155,0.12,0.90
2022.03.09 03:14:28.111,1.0915,1.09155,0.99,0.99
2022.03.09 03:14:29.173,1.09149,1.09154,0.99,0.99
2022.03.09 03:14:29.275,1.0915,1.09154,0.12,0.90
2022.03.09 03:14:44.289,1.0915,1.09153,0.99,0.99
2022.03.09 03:14:44.492,1.0915,1.09154,0.12,0.90
2022.03.09 03:14:45.083,1.09151,1.09155,0.12,0.90
2022.03.09 03:14:47.391,1.0915,1.09155,0.99,0.99
2022.03.09 03:14:47.501,1.09151,1.09155,0.12,0.90
2022.03.09 03:14:49.250,1.09152,1.09157,0.99,0.99
2022.03.09 03:14:50.197,1.09153,1.09157,0.99,0.90
2022.03.09 03:14:58.617,1.09153,1.09158,0.99,0.99
2022.03.09 03:14:59.335,1.09153,1.09157,0.99,0.90
2022.03.09 03:15:00.782,1.09152,1.09157,0.99,0.99
2022.03.09 03:15:00.884,1.09152,1.09156,0.90,0.12
2022.03.09 03:15:00.986,1.09151,1.09155,0.99,0.90
2022.03.09 03:15:04.952,1.09153,1.09157,0.12,0.90
2022.03.09 03:15:05.054,1.09153,1.09158,0.99,1.89
2022.03.09 03:15:09.556,1.09153,1.09157,0.90,0.12
2022.03.09 03:15:16.714,1.09152,1.09157,0.99,0.99
2022.03.09 03:15:22.618,1.09151,1.09154,1.80,0.90
2022.03.09 03:15:22.772,1.09151,1.09153,0.90,0.90
2022.03.09 03:15:22.823,1.09148,1.09152,5.40,0.12
2022.03.09 03:15:22.925,1.09147,1.09152,0.99,0.99
2022.03.09 03:15:23.044,1.09147,1.09151,0.12,0.90
2022.03.09 03:15:25.890,1.09146,1.09148,0.99,0.90
2022.03.09 03:15:27.889,1.09146,1.09149,0.12,0.90
2022.03.09 03:15:28.212,1.09146,1.0915,0.12,0.90
2022.03.09 03:15:28.852,1.09145,1.0915,1.21,0.99
2022.03.09 03:15:28.954,1.09146,1.0915,0.12,0.90
2022.03.09 03:15:31.748,1.09145,1.0915,0.99,0.99
2022.03.09 03:15:36.976,1.09146,1.0915,0.12,0.90
2022.03.09 03:15:38.463,1.09147,1.09151,0.12,0.90
2022.03.09 03:15:38.565,1.09148,1.09152,0.12,1.80
2022.03.09 03:15:38.668,1.0915,1.09154,0.99,0.45
2022.03.09 03:15:38.770,1.09151,1.09154,0.12,0.45
2022.03.09 03:15:38.872,1.09152,1.09157,0.99,1.44
2022.03.09 03:15:39.025,1.09152,1.09155,0.99,0.90
2022.03.09 03:15:39.076,1.09149,1.09153,0.22,0.99
2022.03.09 03:15:39.178,1.09148,1.09152,0.99,0.90
2022.03.09 03:15:39.280,1.09147,1.09152,2.11,0.90
2022.03.09 03:15:39.332,1.09143,1.09147,2.70,0.99
2022.03.09 03:15:39.434,1.09144,1.09147,0.99,0.90
2022.03.09 03:15:39.485,1.0914,1.09144,2.79,0.90
2022.03.09 03:15:39.587,1.09138,1.09142,1.89,0.90
2022.03.09 03:15:39.689,1.0914,1.09144,0.12,0.90
2022.03.09 03:15:39.791,1.09141,1.09145,0.90,0.99
2022.03.09 03:15:39.893,1.0914,1.09144,0.99,0.90
2022.03.09 03:15:40.850,1.09141,1.09144,0.12,0.90
2022.03.09 03:15:40.952,1.09141,1.09145,0.99,0.90
2022.03.09 03:15:43.024,1.09139,1.09144,0.99,0.99
2022.03.09 03:15:43.177,1.09139,1.09143,0.99,0.90
2022.03.09 03:15:46.058,1.09138,1.09141,0.99,0.99
2022.03.09 03:15:46.211,1.09137,1.09139,0.99,0.90
2022.03.09 03:15:52.265,1.09136,1.09138,0.90,0.90
2022.03.09 03:15:52.367,1.09134,1.09139,0.99,0.90
2022.03.09 03:15:52.469,1.09135,1.09139,0.90,0.90
2022.03.09 03:15:54.853,1.09134,1.09139,1.21,0.90
2022.03.09 03:15:55.887,1.09135,1.09139,0.90,0.90
2022.03.09 03:15:59.895,1.09135,1.0914,0.90,1.66
2022.03.09 03:15:59.997,1.09134,1.09138,0.90,0.90
2022.03.09 03:16:03.378,1.09134,1.09139,1.89,0.90
2022.03.09 03:16:03.605,1.09136,1.09138,0.45,0.90
2022.03.09 03:16:04.113,1.09134,1.09139,0.90,0.99
2022.03.09 03:16:06.214,1.09134,1.09137,1.35,0.99
2022.03.09 03:16:07.650,1.09133,1.09137,0.99,0.90
2022.03.09 03:16:07.752,1.09133,1.09138,1.89,0.90
2022.03.09 03:16:11.506,1.09134,1.09136,0.12,0.90
2022.03.09 03:16:12.375,1.09134,1.09139,0.90,0.99
2022.03.09 03:16:12.477,1.09136,1.09138,0.99,0.90
2022.03.09 03:16:13.165,1.09134,1.09139,0.99,0.90
2022.03.09 03:16:16.465,1.09133,1.09138,0.99,0.90
2022.03.09 03:16:20.329,1.09132,1.09137,1.44,0.90
2022.03.09 03:16:20.882,1.09133,1.09137,0.90,0.90
2022.03.09 03:16:23.202,1.09133,1.09138,1.44,0.90
2022.03.09 03:16:23.304,1.09134,1.09139,0.99,0.90
2022.03.09 03:16:23.793,1.09135,1.09139,0.12,0.90
2022.03.09 03:16:24.628,1.09135,1.0914,0.90,1.44
2022.03.09 03:16:24.781,1.09134,1.09139,0.99,0.90
2022.03.09 03:16:28.850,1.09136,1.09141,2.34,1.80
2022.03.09 03:16:28.952,1.09138,1.09141,0.12,0.90
2022.03.09 03:16:29.004,1.09138,1.09143,0.99,0.90
2022.03.09 03:16:29.409,1.09139,1.09143,0.90,0.90
2022.03.09 03:16:30.417,1.09141,1.09143,0.12,0.90
2022.03.09 03:16:30.519,1.0914,1.09145,0.99,0.90
2022.03.09 03:16:38.782,1.09142,1.09147,0.99,0.90
2022.03.09 03:16:39.037,1.09142,1.09146,0.99,0.90
2022.03.09 03:16:39.721,1.09145,1.0915,0.90,4.14
2022.03.09 03:16:40.229,1.09145,1.09149,0.90,0.90
2022.03.09 03:16:40.354,1.09146,1.09151,1.80,1.89
2022.03.09 03:16:40.457,1.09146,1.0915,0.90,0.90
2022.03.09 03:16:40.559,1.09146,1.09151,0.90,1.21
2022.03.09 03:16:40.925,1.09146,1.0915,0.90,0.12
2022.03.09 03:16:41.206,1.09145,1.0915,0.90,0.99
2022.03.09 03:16:44.824,1.09145,1.09149,0.12,0.90
2022.03.09 03:16:49.648,1.09145,1.0915,0.99,0.99
2022.03.09 03:16:51.836,1.09145,1.09149,1.21,0.90
2022.03.09 03:16:55.105,1.09144,1.09148,0.12,0.90
2022.03.09 03:16:55.207,1.09143,1.09148,1.89,0.90
2022.03.09 03:16:57.461,1.09144,1.09148,0.12,0.90
2022.03.09 03:16:58.825,1.09143,1.09148,1.89,0.99
2022.03.09 03:17:00.598,1.09144,1.09148,0.12,0.90
2022.03.09 03:17:00.699,1.09144,1.09149,0.99,0.99
2022.03.09 03:17:03.296,1.09144,1.09147,1.89,0.99
2022.03.09 03:17:04.273,1.09144,1.09148,0.12,0.90
2022.03.09 03:17:14.631,1.09141,1.09143,2.25,1.80
2022.03.09 03:17:14.683,1.09139,1.09141,0.45,1.89
2022.03.09 03:17:14.734,1.09137,1.09139,2.70,0.90
2022.03.09 03:17:14.837,1.09136,1.09139,4.50,0.90
2022.03.09 03:17:14.888,1.09133,1.09138,1.35,0.90
2022.03.09 03:17:20.398,1.09132,1.09137,1.44,0.90
2022.03.09 03:17:20.754,1.09134,1.09137,0.90,0.90
2022.03.09 03:17:20.856,1.09133,1.09137,1.21,0.90
2022.03.09 03:17:23.246,1.09133,1.09136,3.01,0.90
2022.03.09 03:17:25.316,1.09132,1.09136,0.90,0.90
2022.03.09 03:17:26.044,1.09129,1.09134,1.66,0.90
2022.03.09 03:17:26.146,1.09129,1.09132,3.46,0.90
2022.03.09 03:17:26.248,1.09129,1.09133,0.12,0.90
2022.03.09 03:17:26.350,1.09128,1.09133,2.11,0.90
2022.03.09 03:17:26.508,1.09129,1.09133,0.90,0.90
2022.03.09 03:17:26.898,1.09127,1.09132,0.99,0.90
2022.03.09 03:17:27.719,1.09127,1.09131,0.90,1.35
2022.03.09 03:17:27.770,1.09125,1.09129,0.90,0.90
2022.03.09 03:17:27.872,1.09124,1.09128,1.44,0.90
2022.03.09 03:17:27.974,1.09124,1.09129,1.44,0.90
2022.03.09 03:17:28.244,1.09125,1.0913,0.90,0.99
2022.03.09 03:17:29.789,1.09124,1.09129,0.90,0.99
2022.03.09 03:17:33.477,1.09124,1.09128,0.90,0.90
2022.03.09 03:17:33.681,1.09123,1.09128,0.90,0.99
2022.03.09 03:17:38.503,1.09124,1.09129,0.90,0.99
2022.03.09 03:17:45.418,1.09123,1.09128,0.99,0.90
2022.03.09 03:17:48.834,1.09123,1.09127,0.90,0.90
2022.03.09 03:17:48.936,1.09123,1.09126,0.90,0.90
2022.03.09 03:17:49.038,1.09123,1.09127,0.90,0.90
2022.03.09 03:17:49.140,1.09123,1.09128,0.90,0.99
2022.03.09 03:17:50.463,1.09123,1.09127,0.90,0.99
2022.03.09 03:17:51.481,1.09123,1.09126,0.90,1.89
2022.03.09 03:17:51.583,1.0912,1.09125,0.90,1.89
2022.03.09 03:17:51.685,1.09119,1.09124,0.90,0.99
2022.03.09 03:17:52.561,1.09122,1.09127,0.90,5.04
2022.03.09 03:17:52.663,1.09123,1.09127,0.90,0.90
2022.03.09 03:17:52.765,1.09123,1.09128,0.90,0.99
2022.03.09 03:17:52.867,1.09124,1.09128,0.90,0.90
2022.03.09 03:17:53.610,1.09124,1.09129,0.90,1.44
2022.03.09 03:17:54.447,1.09127,1.09132,0.90,0.99
2022.03.09 03:17:55.556,1.09127,1.09131,0.99,0.90
2022.03.09 03:17:55.861,1.09127,1.09132,0.99,0.90
2022.03.09 03:17:56.855,1.09128,1.09133,0.90,0.99
2022.03.09 03:17:57.355,1.09127,1.09132,0.99,0.90
2022.03.09 03:17:58.422,1.09126,1.0913,1.89,0.90
2022.03.09 03:17:58.626,1.09125,1.09128,1.89,0.90
2022.03.09 03:18:01.945,1.09125,1.09127,0.90,0.90
2022.03.09 03:18:10.137,1.09124,1.09129,0.99,0.90
2022.03.09 03:18:13.362,1.09122,1.09127,0.90,2.11
2022.03.09 03:18:15.858,1.09123,1.09128,0.90,0.99
2022.03.09 03:18:17.015,1.09123,1.09127,0.90,0.12
2022.03.09 03:18:17.899,1.09123,1.09128,0.90,1.21
2022.03.09 03:18:19.004,1.09123,1.09127,0.90,0.90
2022.03.09 03:18:23.740,1.09122,1.09126,0.90,0.90
2022.03.09 03:18:23.842,1.09121,1.09126,0.90,2.11
2022.03.09 03:18:23.944,1.09119,1.09124,5.49,0.90
2022.03.09 03:18:32.911,1.0912,1.09125,2.79,0.90
2022.03.09 03:18:33.013,1.09119,1.09124,1.89,0.90
2022.03.09 03:18:38.589,1.0912,1.09124,3.46,0.90
2022.03.09 03:18:38.691,1.09123,1.09126,0.12,0.90
2022.03.09 03:18:38.844,1.09123,1.09127,0.12,0.90
2022.03.09 03:18:42.025,1.09122,1.09127,0.99,0.90
2022.03.09 03:18:42.126,1.09122,1.09126,0.90,0.90
2022.03.09 03:18:46.846,1.09122,1.09127,0.90,0.99
2022.03.09 03:18:49.611,1.09121,1.09126,0.99,0.90
2022.03.09 03:18:52.736,1.09121,1.09124,0.99,0.90
2022.03.09 03:18:53.056,1.09122,1.09127,0.99,0.90
2022.03.09 03:18:55.415,1.09123,1.09127,0.12,0.90
2022.03.09 03:18:55.518,1.09121,1.09126,0.90,0.99
2022.03.09 03:18:55.620,1.09119,1.09123,1.89,0.90
2022.03.09 03:19:04.083,1.09118,1.09123,1.89,0.90
2022.03.09 03:19:04.988,1.09119,1.09121,0.99,0.90
2022.03.09 03:19:05.490,1.09117,1.09122,1.89,0.90
2022.03.09 03:19:06.610,1.09118,1.09122,0.12,0.90
2022.03.09 03:19:10.405,1.09117,1.09122,2.34,0.90
2022.03.09 03:19:13.654,1.09115,1.0912,0.90,0.99
2022.03.09 03:19:13.756,1.09114,1.09119,0.90,0.90
2022.03.09 03:19:18.687,1.09112,1.09117,0.90,1.89
2022.03.09 03:19:18.789,1.09111,1.09115,0.90,0.90
2022.03.09 03:19:18.891,1.0911,1.09115,5.40,0.90
2022.03.09 03:19:22.204,1.09109,1.09114,0.90,0.90
2022.03.09 03:19:24.308,1.09108,1.09113,0.90,0.90
2022.03.09 03:19:25.382,1.09106,1.09111,0.90,2.70
2022.03.09 03:19:25.485,1.09105,1.0911,0.90,0.90
2022.03.09 03:19:25.928,1.09106,1.09108,0.90,0.90
2022.03.09 03:19:29.750,1.09107,1.09111,0.90,0.45
2022.03.09 03:19:29.852,1.09108,1.09111,0.99,0.90
2022.03.09 03:19:29.977,1.09108,1.09112,0.12,0.90
2022.03.09 03:19:32.109,1.09109,1.09112,0.99,0.90
2022.03.09 03:19:49.175,1.09106,1.0911,0.99,1.35
2022.03.09 03:19:49.278,1.09105,1.09108,0.90,1.21
2022.03.09 03:19:49.380,1.09103,1.09108,0.90,1.21
2022.03.09 03:19:53.734,1.09105,1.09108,0.90,1.89
2022.03.09 03:19:56.304,1.09103,1.09108,0.99,0.90
2022.03.09 03:19:58.021,1.09104,1.09106,0.90,0.45
2022.03.09 03:19:59.025,1.09102,1.09106,0.99,0.90
2022.03.09 03:20:01.391,1.091,1.09105,0.99,0.90
2022.03.09 03:20:05.554,1.09101,1.09105,0.90,1.89
2022.03.09 03:20:07.397,1.091,1.09105,0.90,2.79
2022.03.09 03:20:07.499,1.09099,1.09104,0.90,3.91
2022.03.09 03:20:07.703,1.09098,1.09103,1.12,0.99
2022.03.09 03:20:10.098,1.09099,1.09103,0.90,1.80
2022.03.09 03:20:10.454,1.09099,1.09104,0.90,1.89
2022.03.09 03:20:10.707,1.091,1.09105,0.90,3.46
2022.03.09 03:20:12.596,1.09101,1.09105,0.90,0.90
2022.03.09 03:20:12.793,1.09101,1.09106,0.90,4.36
2022.03.09 03:20:15.084,1.09101,1.09105,0.90,0.90
2022.03.09 03:20:17.127,1.09101,1.09106,0.90,3.46
2022.03.09 03:20:17.229,1.09101,1.09105,0.90,1.21
2022.03.09 03:20:27.285,1.09101,1.09106,0.90,3.91
2022.03.09 03:20:27.387,1.09101,1.09104,0.90,0.45
2022.03.09 03:20:27.540,1.091,1.09104,0.90,2.25
2022.03.09 03:20:30.268,1.09102,1.09106,0.90,1.80
2022.03.09 03:20:30.370,1.09101,1.09105,0.90,3.37
2022.03.09 03:20:30.472,1.091,1.09103,0.90,0.45
2022.03.09 03:20:31.619,1.091,1.09104,0.90,1.80
2022.03.09 03:20:32.041,1.09099,1.09104,1.80,4.72
2022.03.09 03:20:32.144,1.09099,1.09102,1.80,1.12
2022.03.09 03:20:32.195,1.09096,1.091,0.90,1.12
2022.03.09 03:20:32.297,1.09095,1.09098,2.43,1.12
2022.03.09 03:20:32.552,1.09094,1.09097,2.43,2.92
2022.03.09 03:20:33.060,1.09095,1.09098,2.43,2.02
2022.03.09 03:20:34.359,1.09095,1.09097,2.43,0.90
2022.03.09 03:20:37.483,1.09096,1.09097,2.92,0.90
2022.03.09 03:20:37.585,1.09096,1.09099,0.90,0.90
2022.03.09 03:20:37.739,1.09095,1.09099,3.33,1.80
2022.03.09 03:20:38.044,1.09096,1.09099,0.90,0.90
2022.03.09 03:20:38.180,1.09096,1.091,0.90,2.47
2022.03.09 03:20:38.898,1.091,1.09104,0.90,5.85
2022.03.09 03:20:39.520,1.091,1.09105,0.90,2.92
2022.03.09 03:20:40.278,1.09097,1.091,0.90,0.45
2022.03.09 03:20:40.380,1.09097,1.09099,0.90,2.02
2022.03.09 03:20:40.432,1.09095,1.09098,2.43,0.99
2022.03.09 03:20:40.534,1.09095,1.09099,2.43,3.01
2022.03.09 03:20:40.636,1.09095,1.09098,2.43,0.90
2022.03.09 03:20:42.858,1.09095,1.09097,3.33,0.22
2022.03.09 03:20:42.960,1.09095,1.09098,3.33,1.12
2022.03.09 03:20:46.323,1.09095,1.09097,3.33,0.45
2022.03.09 03:20:47.636,1.09095,1.09098,2.43,2.11
2022.03.09 03:20:47.738,1.09091,1.09095,0.90,3.15
2022.03.09 03:20:47.841,1.0909,1.09093,0.90,0.22
2022.03.09 03:20:47.943,1.0909,1.09094,0.90,2.34
2022.03.09 03:20:48.045,1.09091,1.09095,0.90,3.01
2022.03.09 03:20:48.724,1.09092,1.09095,0.90,0.90
2022.03.09 03:20:48.826,1.09092,1.09094,0.90,0.45
2022.03.09 03:20:49.029,1.09093,1.09096,0.90,1.35
2022.03.09 03:20:49.132,1.09092,1.09096,0.90,1.35
2022.03.09 03:20:49.234,1.09092,1.09094,0.90,0.90
2022.03.09 03:20:50.821,1.0909,1.09094,0.90,0.90
2022.03.09 03:20:51.278,1.09091,1.09094,0.90,0.45
2022.03.09 03:20:52.025,1.09091,1.09095,0.90,1.80
2022.03.09 03:20:55.752,1.0909,1.09095,0.90,2.79
2022.03.09 03:20:56.955,1.0909,1.09094,0.90,1.80
2022.03.09 03:20:59.329,1.09091,1.09094,0.90,1.35
2022.03.09 03:20:59.431,1.0909,1.09093,0.90,0.90
2022.03.09 03:20:59.533,1.09089,1.09093,0.90,0.90
2022.03.09 03:21:01.170,1.0909,1.09093,0.90,0.90
2022.03.09 03:21:01.680,1.0909,1.09094,0.90,0.90
2022.03.09 03:21:02.048,1.0909,1.09093,0.90,0.90
2022.03.09 03:21:02.464,1.09091,1.09093,0.90,1.80
2022.03.09 03:21:04.679,1.09089,1.09094,0.90,4.14
2022.03.09 03:21:04.781,1.09089,1.09092,0.90,0.90
2022.03.09 03:21:05.384,1.09088,1.09092,0.90,2.70
2022.03.09 03:21:05.537,1.09089,1.09093,0.90,1.80
2022.03.09 03:21:05.639,1.0909,1.09094,0.90,1.89
2022.03.09 03:21:05.792,1.09087,1.09092,0.90,3.82
2022.03.09 03:21:05.894,1.09087,1.09091,0.90,2.70
2022.03.09 03:21:05.945,1.09085,1.09089,2.07,0.22
2022.03.09 03:21:06.471,1.09085,1.09088,1.17,0.45
2022.03.09 03:21:08.074,1.09085,1.09089,1.17,2.70
2022.03.09 03:21:08.560,1.09086,1.09088,0.90,0.45
2022.03.09 03:21:08.663,1.09085,1.09088,2.07,0.45
2022.03.09 03:21:08.765,1.09085,1.09089,2.07,0.90
2022.03.09 03:21:09.493,1.09085,1.0909,2.07,2.11
2022.03.09 03:21:10.570,1.09085,1.09089,2.07,0.45
2022.03.09 03:21:11.223,1.09085,1.0909,2.07,2.02
2022.03.09 03:21:17.901,1.09086,1.09091,0.90,2.70
2022.03.09 03:21:18.207,1.09087,1.09091,0.90,0.90
2022.03.09 03:21:18.309,1.09087,1.09092,0.90,2.02
2022.03.09 03:21:18.411,1.0909,1.09094,0.90,0.90
2022.03.09 03:21:18.513,1.0909,1.09095,0.90,3.15
2022.03.09 03:21:23.666,1.09095,1.09098,1.80,1.12
2022.03.09 03:21:23.718,1.09092,1.09095,0.90,1.80
2022.03.09 03:21:23.820,1.09092,1.09097,0.90,0.90
2022.03.09 03:21:24.881,1.09093,1.09098,0.99,2.70
2022.03.09 03:21:28.286,1.09095,1.091,0.90,1.35
2022.03.09 03:21:28.540,1.09095,1.09099,0.90,0.90
2022.03.09 03:21:28.643,1.09094,1.09099,0.90,0.90
2022.03.09 03:21:29.143,1.09093,1.09098,0.90,1.12
2022.03.09 03:21:32.225,1.09094,1.09098,0.90,0.90
2022.03.09 03:21:32.327,1.09094,1.09099,1.21,1.35
2022.03.09 03:21:35.368,1.09095,1.09099,0.90,0.90
2022.03.09 03:21:39.101,1.09096,1.09101,2.34,2.02
2022.03.09 03:21:39.305,1.09098,1.09102,1.12,0.45
2022.03.09 03:21:39.407,1.09099,1.09102,1.44,0.90
2022.03.09 03:21:39.610,1.09099,1.09103,0.12,0.90
2022.03.09 03:21:40.443,1.09098,1.09103,1.89,0.90
2022.03.09 03:21:43.235,1.091,1.09102,0.90,0.90
2022.03.09 03:21:44.218,1.09098,1.09103,0.99,0.90
2022.03.09 03:21:47.589,1.09099,1.09104,0.90,1.12
2022.03.09 03:21:49.259,1.09098,1.09103,0.99,0.90
2022.03.09 03:21:53.479,1.09098,1.09101,1.89,0.90
2022.03.09 03:21:56.569,1.09098,1.09102,0.90,0.90
2022.03.09 03:22:00.545,1.09097,1.091,0.90,0.90
2022.03.09 03:22:00.648,1.09097,1.09099,0.90,0.90
2022.03.09 03:22:00.699,1.09095,1.09099,0.90,0.90
2022.03.09 03:22:00.953,1.09094,1.09099,0.90,0.90
2022.03.09 03:22:01.377,1.09093,1.09098,0.99,0.90
2022.03.09 03:22:02.403,1.09094,1.09099,0.90,1.35
2022.03.09 03:22:03.867,1.09093,1.09098,0.99,0.90
2022.03.09 03:22:03.969,1.09093,1.09096,0.99,0.90
2022.03.09 03:22:04.907,1.09092,1.09096,0.90,0.22
2022.03.09 03:22:05.009,1.09091,1.09096,0.90,1.57
2022.03.09 03:22:05.111,1.09091,1.09095,0.90,0.67
2022.03.09 03:22:07.741,1.09091,1.09094,0.99,1.57
2022.03.09 03:22:14.739,1.09091,1.09096,0.90,2.92
2022.03.09 03:22:17.435,1.09095,1.09097,0.90,0.90
2022.03.09 03:22:18.906,1.09096,1.091,0.90,1.57
2022.03.09 03:22:21.099,1.09095,1.091,0.99,0.90
2022.03.09 03:22:34.399,1.09093,1.09098,0.99,2.02
2022.03.09 03:22:35.786,1.09093,1.09096,0.99,1.12
2022.03.09 03:22:35.888,1.09091,1.09096,0.99,0.90
2022.03.09 03:22:35.990,1.0909,1.09093,0.90,0.45
2022.03.09 03:22:36.294,1.0909,1.09094,0.90,1.57
2022.03.09 03:22:36.464,1.09088,1.09093,0.99,0.90
2022.03.09 03:22:36.617,1.09088,1.09092,0.99,0.45
2022.03.09 03:22:37.187,1.09088,1.09093,0.99,0.90
2022.03.09 03:22:44.398,1.09091,1.09094,1.89,0.90
2022.03.09 03:22:44.500,1.0909,1.09094,0.99,0.90
2022.03.09 03:22:44.704,1.0909,1.09093,0.99,0.90
2022.03.09 03:22:44.806,1.09088,1.09092,0.12,0.90
2022.03.09 03:22:45.586,1.09088,1.09091,0.12,0.45
2022.03.09 03:22:45.900,1.09088,1.0909,0.99,0.45
2022.03.09 03:22:46.279,1.09087,1.09092,0.99,0.90
2022.03.09 03:22:49.929,1.09088,1.09092,0.12,1.80
2022.03.09 03:22:55.086,1.09088,1.09093,0.99,2.02
2022.03.09 03:22:59.652,1.09089,1.09093,0.99,0.90
2022.03.09 03:22:59.804,1.09091,1.09093,3.24,0.90
2022.03.09 03:22:59.906,1.09089,1.09093,2.11,0.90
2022.03.09 03:23:00.008,1.09089,1.09092,0.99,0.45
2022.03.09 03:23:00.316,1.09089,1.09093,0.99,0.90
2022.03.09 03:23:00.869,1.09089,1.09094,0.99,1.80
2022.03.09 03:23:01.641,1.09089,1.09092,0.99,0.45
2022.03.09 03:23:06.371,1.09089,1.09094,0.99,1.89
2022.03.09 03:23:08.426,1.09088,1.09091,0.99,0.45
2022.03.09 03:23:09.389,1.09088,1.09092,0.99,0.45
2022.03.09 03:23:11.543,1.09088,1.09093,0.99,1.89
2022.03.09 03:23:12.532,1.09088,1.09092,0.99,0.45
2022.03.09 03:23:13.814,1.09088,1.09093,0.99,2.79
2022.03.09 03:23:14.842,1.09088,1.09092,0.99,0.45
2022.03.09 03:23:16.289,1.09087,1.09091,0.12,0.90
2022.03.09 03:23:19.409,1.09088,1.09089,0.12,0.45
2022.03.09 03:23:20.791,1.09088,1.09092,0.12,2.70
2022.03.09 03:23:22.567,1.09088,1.09093,0.99,2.79
2022.03.09 03:23:22.669,1.09088,1.09092,0.90,1.66
2022.03.09 03:23:24.883,1.09087,1.09092,0.99,2.79
2022.03.09 03:23:32.796,1.09088,1.09092,0.12,1.80
2022.03.09 03:23:36.835,1.09089,1.09093,0.90,0.99
2022.03.09 03:23:36.988,1.09092,1.09095,1.89,0.90
2022.03.09 03:23:37.039,1.09092,1.09097,1.44,2.11
2022.03.09 03:23:37.141,1.09092,1.09096,0.99,0.90
2022.03.09 03:23:38.375,1.09095,1.09097,0.90,0.90
2022.03.09 03:23:38.426,1.09095,1.09099,0.90,2.25
2022.03.09 03:23:38.751,1.09098,1.09101,0.90,0.45
2022.03.09 03:23:38.853,1.091,1.09104,0.90,0.90
2022.03.09 03:23:38.904,1.09102,1.09105,0.90,0.45
2022.03.09 03:23:38.956,1.09102,1.09107,0.99,0.90
2022.03.09 03:23:42.077,1.09103,1.09107,0.90,0.90
2022.03.09 03:23:47.721,1.09102,1.09107,0.99,0.90
2022.03.09 03:24:01.248,1.09104,1.09108,0.90,0.90
2022.03.09 03:24:01.350,1.09104,1.09109,0.90,2.79
2022.03.09 03:24:02.873,1.09105,1.0911,2.70,1.89
2022.03.09 03:24:02.975,1.09108,1.0911,0.99,0.90
2022.03.09 03:24:03.077,1.09108,1.09111,0.90,0.90
2022.03.09 03:24:03.230,1.09111,1.09114,1.80,2.34
2022.03.09 03:24:03.332,1.09112,1.09114,0.90,0.90
2022.03.09 03:24:03.435,1.09112,1.09117,0.90,0.99
2022.03.09 03:24:03.537,1.09112,1.09116,0.90,0.90
2022.03.09 03:24:05.517,1.09111,1.09115,0.90,0.22
2022.03.09 03:24:05.619,1.0911,1.09115,0.90,1.21
2022.03.09 03:24:08.000,1.0911,1.09114,0.90,0.90
2022.03.09 03:24:12.691,1.09109,1.09113,0.90,0.90
2022.03.09 03:24:15.415,1.09109,1.09114,0.99,1.12
2022.03.09 03:24:18.109,1.0911,1.09115,0.90,3.01
2022.03.09 03:24:24.510,1.09111,1.09116,1.35,3.01
2022.03.09 03:24:24.614,1.09112,1.09117,0.99,0.99
2022.03.09 03:24:25.233,1.09113,1.09117,0.12,0.90
2022.03.09 03:24:33.785,1.09113,1.09118,0.99,1.21
2022.03.09 03:24:35.744,1.09114,1.09118,0.12,0.90
2022.03.09 03:24:36.825,1.09113,1.09118,0.99,0.99
2022.03.09 03:24:38.133,1.09111,1.09115,1.89,0.45
2022.03.09 03:24:38.286,1.0911,1.09114,0.12,0.90
2022.03.09 03:24:38.337,1.09107,1.0911,4.59,0.90
2022.03.09 03:24:38.440,1.09106,1.0911,0.12,0.90
2022.03.09 03:24:38.542,1.09104,1.09108,0.12,0.90
2022.03.09 03:24:38.745,1.09104,1.09109,0.99,0.99
2022.03.09 03:24:38.847,1.09105,1.09109,0.12,0.90
2022.03.09 03:24:39.050,1.09104,1.09108,0.99,0.90
2022.03.09 03:24:39.152,1.09103,1.09108,0.99,0.99
2022.03.09 03:24:39.407,1.09101,1.09106,0.99,0.99
2022.03.09 03:24:39.509,1.091,1.09104,0.12,0.90
2022.03.09 03:24:40.072,1.09099,1.09103,0.12,0.90
2022.03.09 03:24:40.174,1.09098,1.09103,0.99,0.99
2022.03.09 03:24:40.630,1.09099,1.09103,0.12,0.90
2022.03.09 03:24:42.124,1.09099,1.09104,0.99,0.99
2022.03.09 03:24:42.277,1.091,1.09104,0.12,0.90
2022.03.09 03:24:42.926,1.091,1.09105,0.99,0.99
2022.03.09 03:24:45.089,1.09102,1.09106,0.90,1.44
2022.03.09 03:24:45.192,1.09104,1.09107,0.99,0.90
2022.03.09 03:24:45.294,1.09105,1.09107,0.12,0.90
2022.03.09 03:24:45.396,1.09104,1.09107,0.99,0.90
2022.03.09 03:24:45.932,1.09104,1.09108,0.99,0.90
2022.03.09 03:24:47.144,1.09105,1.09108,0.12,0.90
2022.03.09 03:24:49.397,1.09104,1.09108,0.99,0.90
2022.03.09 03:24:49.714,1.09104,1.09109,0.99,0.99
2022.03.09 03:24:49.816,1.09104,1.09107,0.12,0.90
2022.03.09 03:24:52.703,1.09103,1.09107,0.12,0.90
2022.03.09 03:24:52.936,1.09102,1.09106,0.12,0.90
2022.03.09 03:24:53.038,1.09101,1.09104,0.12,0.90
2022.03.09 03:24:53.140,1.091,1.09104,0.12,0.90
2022.03.09 03:24:53.834,1.09099,1.09104,0.99,0.99
2022.03.09 03:24:55.539,1.09099,1.09103,0.12,0.90
2022.03.09 03:24:57.472,1.091,1.09103,0.12,0.90
2022.03.09 03:24:58.713,1.091,1.09104,0.12,0.90
2022.03.09 03:25:06.442,1.091,1.09105,0.99,0.99
2022.03.09 03:25:09.723,1.09104,1.09106,0.90,0.90
2022.03.09 03:25:09.774,1.09106,1.09109,0.99,0.22
2022.03.09 03:25:09.876,1.0911,1.09111,1.12,7.73
2022.03.09 03:25:09.978,1.09109,1.09114,0.99,0.99
2022.03.09 03:25:10.030,1.0911,1.09112,0.12,0.90
2022.03.09 03:25:10.908,1.09112,1.09117,0.99,9.31
2022.03.09 03:25:13.188,1.09112,1.09114,0.12,0.90
2022.03.09 03:25:13.290,1.0911,1.09115,0.99,0.99
2022.03.09 03:25:16.713,1.0911,1.09114,0.99,0.90
2022.03.09 03:25:18.376,1.09109,1.09114,1.44,0.99
2022.03.09 03:25:18.529,1.0911,1.09115,2.79,0.99
2022.03.09 03:25:20.297,1.09111,1.09115,0.12,0.90
2022.03.09 03:25:20.552,1.09112,1.09115,0.99,0.90
2022.03.09 03:25:21.217,1.09112,1.09116,0.99,0.90
2022.03.09 03:25:22.508,1.09112,1.09117,0.99,0.99
2022.03.09 03:25:23.417,1.09114,1.09117,0.99,1.89
2022.03.09 03:25:23.519,1.09112,1.09117,0.99,0.99
2022.03.09 03:25:23.621,1.09112,1.09115,0.99,0.99
2022.03.09 03:25:28.713,1.09111,1.09115,0.99,0.90
2022.03.09 03:25:37.391,1.0911,1.09115,0.99,0.99
2022.03.09 03:25:38.799,1.09109,1.09114,0.99,0.99
2022.03.09 03:25:38.901,1.0911,1.09114,0.31,0.90
2022.03.09 03:25:40.972,1.09111,1.09114,0.12,0.90
2022.03.09 03:25:43.122,1.0911,1.09114,0.12,0.90
2022.03.09 03:25:44.285,1.09111,1.09114,0.12,0.90
2022.03.09 03:25:44.387,1.09111,1.09115,0.12,0.90
2022.03.09 03:25:45.736,1.0911,1.09115,0.99,0.99
2022.03.09 03:25:47.196,1.09109,1.09114,1.66,0.99
2022.03.09 03:25:49.038,1.09107,1.09111,0.12,0.90
2022.03.09 03:25:49.140,1.09106,1.09111,0.99,0.99
2022.03.09 03:25:51.968,1.09106,1.0911,0.99,0.90
2022.03.09 03:25:52.070,1.09107,1.09111,0.12,1.35
2022.03.09 03:25:52.222,1.09107,1.09112,0.99,0.99
2022.03.09 03:25:54.581,1.0911,1.09112,0.12,1.80
2022.03.09 03:25:55.115,1.09108,1.09113,0.99,1.89
2022.03.09 03:25:55.490,1.09109,1.09113,0.12,0.90
2022.03.09 03:26:06.424,1.0911,1.09113,0.12,0.90
2022.03.09 03:26:06.678,1.09109,1.09113,0.12,0.90
2022.03.09 03:26:14.142,1.09109,1.09112,0.99,0.99
2022.03.09 03:26:14.277,1.09108,1.09112,0.90,0.12
2022.03.09 03:26:18.961,1.09107,1.09112,0.99,2.34
2022.03.09 03:26:19.063,1.09106,1.09111,0.99,0.99
2022.03.09 03:26:21.805,1.09108,1.09111,0.90,0.99
2022.03.09 03:26:21.856,1.09111,1.09113,1.80,0.90
2022.03.09 03:26:21.958,1.09112,1.09115,0.90,0.90
2022.03.09 03:26:22.061,1.09114,1.09116,0.90,0.90
2022.03.09 03:26:22.112,1.09114,1.09118,0.90,0.90
2022.03.09 03:26:22.417,1.09115,1.09118,0.90,0.45
2022.03.09 03:26:22.702,1.09115,1.09119,0.99,1.35
2022.03.09 03:26:23.795,1.09115,1.09118,1.66,0.90
2022.03.09 03:26:24.083,1.09115,1.09119,0.12,0.90
2022.03.09 03:26:25.713,1.09115,1.0912,0.99,0.90
2022.03.09 03:26:26.548,1.09115,1.09118,0.90,0.90
2022.03.09 03:26:26.600,1.09112,1.09114,0.54,0.90
2022.03.09 03:26:26.702,1.0911,1.09115,2.79,0.99
2022.03.09 03:26:27.975,1.09112,1.09116,0.12,0.90
2022.03.09 03:26:28.695,1.09111,1.09116,0.99,0.99
2022.03.09 03:26:28.848,1.09111,1.09115,0.90,0.12
2022.03.09 03:26:29.418,1.0911,1.09114,0.90,0.12
2022.03.09 03:26:29.672,1.0911,1.09113,0.90,0.12
2022.03.09 03:26:31.523,1.09109,1.09113,0.90,0.12
2022.03.09 03:26:31.624,1.09109,1.09114,0.99,0.99
2022.03.09 03:26:32.400,1.09111,1.09115,0.90,0.12
2022.03.09 03:26:36.509,1.09114,1.09116,3.01,0.90
2022.03.09 03:26:36.611,1.09113,1.09118,2.11,1.80
2022.03.09 03:26:36.713,1.09114,1.09118,0.12,1.80
2022.03.09 03:26:37.931,1.09116,1.09118,2.70,0.90
2022.03.09 03:26:37.982,1.09116,1.0912,0.90,1.80
2022.03.09 03:26:38.085,1.09115,1.0912,1.89,1.80
2022.03.09 03:26:41.046,1.09116,1.0912,1.80,1.80
2022.03.09 03:26:44.809,1.09116,1.09121,1.80,1.89
2022.03.09 03:26:45.938,1.09116,1.0912,0.90,0.90
2022.03.09 03:26:47.108,1.09116,1.09121,1.80,1.89
2022.03.09 03:26:48.988,1.09116,1.0912,0.90,0.90
2022.03.09 03:26:52.911,1.09115,1.0912,1.89,0.90
2022.03.09 03:26:53.620,1.09116,1.0912,0.90,0.90
2022.03.09 03:26:54.218,1.09115,1.0912,1.89,0.90
2022.03.09 03:26:58.127,1.09119,1.09122,0.99,0.45
2022.03.09 03:26:58.229,1.0912,1.09122,1.21,0.45
2022.03.09 03:26:58.306,1.09122,1.09124,0.99,0.45
2022.03.09 03:26:58.357,1.09123,1.09127,0.12,0.90
2022.03.09 03:26:58.509,1.09122,1.09127,0.99,0.99
2022.03.09 03:26:58.611,1.09122,1.09124,0.97,0.90
2022.03.09 03:26:58.713,1.09121,1.09125,0.12,0.90
2022.03.09 03:26:58.816,1.0912,1.09124,0.99,0.90
2022.03.09 03:26:59.515,1.0912,1.09123,0.90,0.90
2022.03.09 03:26:59.736,1.0912,1.09124,0.90,0.54
2022.03.09 03:27:07.272,1.09119,1.09124,0.99,1.89
2022.03.09 03:27:07.577,1.0912,1.09124,0.12,0.90
2022.03.09 03:27:08.496,1.09119,1.09124,0.99,0.99
2022.03.09 03:27:09.104,1.09121,1.09125,0.90,0.12
2022.03.09 03:27:09.257,1.09121,1.09126,0.99,1.89
2022.03.09 03:27:12.558,1.09123,1.09127,1.89,0.90
2022.03.09 03:27:12.660,1.09124,1.09127,0.90,0.90
2022.03.09 03:27:12.712,1.09125,1.0913,2.79,2.70
2022.03.09 03:27:12.814,1.09127,1.09129,0.90,0.90
2022.03.09 03:27:12.865,1.09126,1.09128,0.90,0.45
2022.03.09 03:27:13.079,1.09126,1.09131,0.90,1.89
2022.03.09 03:27:16.714,1.09125,1.0913,0.99,0.90
2022.03.09 03:27:17.394,1.09128,1.09131,0.90,1.44
2022.03.09 03:27:17.505,1.09127,1.09131,0.99,0.45
2022.03.09 03:27:17.607,1.09127,1.09129,0.90,0.90
2022.03.09 03:27:17.658,1.09125,1.09129,0.90,0.90
2022.03.09 03:27:17.760,1.09124,1.09129,0.90,2.56
2022.03.09 03:27:18.014,1.09125,1.0913,0.90,0.99
2022.03.09 03:27:18.974,1.09124,1.09129,0.90,0.99
2022.03.09 03:27:21.629,1.09125,1.09127,0.90,0.90
2022.03.09 03:27:22.301,1.09124,1.09129,0.99,0.90
2022.03.09 03:27:25.756,1.09125,1.09129,0.90,0.90
2022.03.09 03:27:30.943,1.09124,1.09129,0.90,3.24
2022.03.09 03:27:31.045,1.09125,1.09127,0.90,0.12
2022.03.09 03:27:31.147,1.09124,1.09129,0.90,2.34
2022.03.09 03:27:35.193,1.09124,1.09128,0.90,0.12
2022.03.09 03:27:38.305,1.09123,1.09128,0.90,0.99
2022.03.09 03:27:44.322,1.09124,1.09128,0.90,0.90
2022.03.09 03:27:44.475,1.09124,1.09127,0.90,1.89
2022.03.09 03:27:51.357,1.09122,1.09127,0.90,0.99
2022.03.09 03:27:51.751,1.09123,1.09128,0.90,1.89
2022.03.09 03:27:55.714,1.09125,1.09128,0.90,1.89
2022.03.09 03:27:57.435,1.09123,1.09128,0.90,1.44
2022.03.09 03:27:58.256,1.09123,1.09127,0.90,0.12
2022.03.09 03:27:58.950,1.09123,1.09128,0.90,1.89
2022.03.09 03:28:00.802,1.09124,1.09126,0.90,0.90
2022.03.09 03:28:10.706,1.0912,1.09125,0.99,0.90
2022.03.09 03:28:18.929,1.09119,1.09124,0.90,1.21
2022.03.09 03:28:19.031,1.09118,1.09123,0.90,0.99
2022.03.09 03:28:32.833,1.09118,1.09121,0.90,1.80
2022.03.09 03:28:32.884,1.09115,1.0912,0.99,1.21
2022.03.09 03:28:32.935,1.09114,1.09118,0.99,0.90
2022.03.09 03:28:42.950,1.09115,1.09119,0.99,1.35
2022.03.09 03:28:43.052,1.09114,1.09119,0.99,2.11
2022.03.09 03:28:45.447,1.09114,1.09118,0.99,0.45
2022.03.09 03:28:45.868,1.09114,1.09119,0.99,0.99
2022.03.09 03:28:46.123,1.09113,1.09117,0.99,0.90
2022.03.09 03:28:46.175,1.09112,1.09115,0.90,1.89
2022.03.09 03:28:46.277,1.09112,1.09116,0.90,1.89
2022.03.09 03:28:46.650,1.09111,1.09114,0.99,0.90
2022.03.09 03:28:47.361,1.09111,1.09115,0.12,0.90
2022.03.09 03:28:49.396,1.0911,1.09115,1.89,0.90
2022.03.09 03:28:49.802,1.0911,1.09114,0.12,0.90
2022.03.09 03:28:49.904,1.09109,1.09114,1.89,0.90
2022.03.09 03:28:53.464,1.0911,1.09114,0.12,0.90
2022.03.09 03:28:55.764,1.09109,1.09114,1.89,0.90
2022.03.09 03:28:57.161,1.0911,1.09115,1.80,0.99
2022.03.09 03:29:01.713,1.09109,1.09114,1.89,0.90
2022.03.09 03:29:05.696,1.09108,1.09113,0.90,1.21
2022.03.09 03:29:11.984,1.09108,1.09112,0.90,0.90
2022.03.09 03:29:15.609,1.09107,1.09112,0.99,0.90
2022.03.09 03:29:15.812,1.09107,1.09111,0.90,0.90
2022.03.09 03:29:15.965,1.09106,1.09111,0.90,0.99
2022.03.09 03:29:19.515,1.09105,1.0911,0.90,1.21
2022.03.09 03:29:19.566,1.09104,1.09108,0.12,0.90
2022.03.09 03:29:19.668,1.09103,1.09108,1.89,0.90
2022.03.09 03:29:20.596,1.09104,1.09109,1.89,0.90
2022.03.09 03:29:20.698,1.09105,1.0911,0.90,0.99
2022.03.09 03:29:22.862,1.09104,1.09109,0.99,0.90
2022.03.09 03:29:34.664,1.09105,1.09109,0.12,0.90
2022.03.09 03:29:36.174,1.09104,1.09109,0.99,0.90
2022.03.09 03:29:36.276,1.09105,1.0911,0.90,0.99
2022.03.09 03:29:43.067,1.09106,1.0911,0.90,0.90
2022.03.09 03:29:43.220,1.09108,1.09112,0.90,0.90
2022.03.09 03:29:49.150,1.09108,1.09113,0.90,1.89
2022.03.09 03:29:56.563,1.09109,1.09111,0.90,0.90
2022.03.09 03:29:57.847,1.09108,1.09113,0.99,1.80
2022.03.09 03:29:58.101,1.0911,1.09113,0.90,0.90
2022.03.09 03:29:58.203,1.0911,1.09114,0.90,0.90
2022.03.09 03:29:58.577,1.09111,1.09112,0.90,0.45
2022.03.09 03:29:58.835,1.0911,1.09114,0.90,0.90
2022.03.09 03:30:01.875,1.0911,1.09115,0.90,1.66
2022.03.09 03:30:04.439,1.09112,1.09114,1.35,0.45
2022.03.09 03:30:04.541,1.09112,1.09115,0.99,0.45
2022.03.09 03:30:04.694,1.09112,1.09117,0.90,0.99
2022.03.09 03:30:09.280,1.09111,1.09115,0.90,0.22
2022.03.09 03:30:09.382,1.09109,1.09113,0.90,0.90
2022.03.09 03:30:09.586,1.09108,1.09113,0.90,1.21
2022.03.09 03:30:10.838,1.0911,1.09112,0.90,1.89
2022.03.09 03:30:10.940,1.09108,1.09113,1.80,1.89
2022.03.09 03:30:13.738,1.09107,1.09112,0.99,0.90
2022.03.09 03:30:13.845,1.09108,1.09112,0.12,0.90
2022.03.09 03:30:13.957,1.09108,1.09113,0.99,2.02
2022.03.09 03:30:16.888,1.09108,1.09112,0.99,0.90
2022.03.09 03:30:18.263,1.09108,1.09113,0.99,1.80
2022.03.09 03:30:20.165,1.09107,1.09112,0.90,1.66
2022.03.09 03:30:20.613,1.09106,1.09111,0.99,0.90
2022.03.09 03:30:20.765,1.09105,1.0911,1.89,0.90
2022.03.09 03:30:34.618,1.09107,1.09112,0.99,1.12
2022.03.09 03:30:34.924,1.09106,1.09111,0.99,0.90
2022.03.09 03:30:36.223,1.09107,1.09112,0.99,1.12
2022.03.09 03:30:40.619,1.09109,1.09113,0.90,1.89
2022.03.09 03:30:40.771,1.09109,1.09114,0.99,0.90
2022.03.09 03:30:45.182,1.09109,1.09113,0.90,0.45
2022.03.09 03:30:46.179,1.09109,1.09114,0.90,1.66
2022.03.09 03:30:47.468,1.09111,1.09116,2.34,1.21
2022.03.09 03:30:47.570,1.09112,1.09117,0.99,0.99
2022.03.09 03:30:47.672,1.09114,1.09117,0.99,0.99
2022.03.09 03:30:48.203,1.09111,1.09116,0.99,0.99
2022.03.09 03:30:48.407,1.09111,1.09115,0.12,0.90
2022.03.09 03:30:54.579,1.09112,1.09116,0.90,0.99
2022.03.09 03:30:55.284,1.09111,1.09116,0.99,0.99
2022.03.09 03:30:57.660,1.09113,1.09117,0.12,0.90
2022.03.09 03:30:57.763,1.09115,1.09117,0.99,0.90
2022.03.09 03:30:57.916,1.09115,1.09119,0.90,0.99
2022.03.09 03:30:59.277,1.09114,1.09119,0.99,0.99
2022.03.09 03:30:59.844,1.09116,1.09118,0.12,0.90
2022.03.09 03:31:00.245,1.09114,1.09119,0.99,0.99
2022.03.09 03:31:00.680,1.09116,1.09118,0.12,0.90
2022.03.09 03:31:01.006,1.09116,1.0912,0.99,1.12
2022.03.09 03:31:01.108,1.09115,1.0912,1.80,1.66
2022.03.09 03:31:14.868,1.09115,1.09119,0.90,1.66
2022.03.09 03:31:16.348,1.09114,1.09119,0.90,1.21
2022.03.09 03:31:16.652,1.09114,1.09118,0.90,0.90
2022.03.09 03:31:22.714,1.09113,1.09118,0.90,1.89
2022.03.09 03:31:23.021,1.09111,1.09116,0.99,0.90
2022.03.09 03:31:24.300,1.09111,1.09115,0.90,0.90
2022.03.09 03:31:27.506,1.09112,1.09117,2.11,0.90
2022.03.09 03:31:27.608,1.09113,1.09117,0.12,0.90
2022.03.09 03:31:27.761,1.09112,1.09117,3.01,0.90
2022.03.09 03:31:27.938,1.09112,1.09116,3.01,0.45
2022.03.09 03:31:28.852,1.09112,1.09117,4.81,0.90
2022.03.09 03:31:30.846,1.09113,1.09118,0.90,0.99
2022.03.09 03:31:37.863,1.09114,1.09119,0.90,1.80
2022.03.09 03:31:39.987,1.09114,1.09118,0.90,0.90
2022.03.09 03:31:42.496,1.09113,1.09118,0.90,1.21
2022.03.09 03:31:45.154,1.09113,1.09117,0.90,1.57
2022.03.09 03:31:45.255,1.09112,1.09116,0.90,0.99
2022.03.09 03:31:48.451,1.09112,1.09117,1.80,1.35
2022.03.09 03:31:51.847,1.09113,1.09117,0.90,0.90
2022.03.09 03:31:55.280,1.09113,1.09118,1.80,0.90
2022.03.09 03:31:57.754,1.09117,1.09119,0.90,0.90
2022.03.09 03:31:57.806,1.09117,1.09121,1.80,0.90
2022.03.09 03:31:57.908,1.09116,1.0912,0.90,0.90
2022.03.09 03:32:02.329,1.09118,1.09122,0.90,1.44
2022.03.09 03:32:02.534,1.09119,1.09122,0.90,0.90
2022.03.09 03:32:02.805,1.09119,1.09124,0.90,1.21
2022.03.09 03:32:03.638,1.09119,1.09122,0.90,0.45
2022.03.09 03:32:03.855,1.09119,1.09124,0.90,2.11
2022.03.09 03:32:06.775,1.09119,1.09123,0.90,0.12
2022.03.09 03:32:07.046,1.09119,1.09124,1.89,1.80
2022.03.09 03:32:07.148,1.0912,1.09125,0.90,0.99
2022.03.09 03:32:07.263,1.09121,1.09125,0.90,0.12
2022.03.09 03:32:12.267,1.0912,1.09123,0.99,0.90
2022.03.09 03:32:12.369,1.0912,1.09125,0.90,1.44
2022.03.09 03:32:14.699,1.0912,1.09124,0.90,0.90
2022.03.09 03:32:16.699,1.09119,1.09124,0.90,0.99
2022.03.09 03:32:17.207,1.0912,1.09124,0.90,0.90
2022.03.09 03:32:17.309,1.0912,1.09125,1.80,0.99
2022.03.09 03:32:19.684,1.09121,1.09126,0.90,1.44
2022.03.09 03:32:19.881,1.09123,1.09128,0.90,1.44
2022.03.09 03:32:19.983,1.09121,1.09126,1.35,1.21
2022.03.09 03:32:20.136,1.09119,1.09124,3.69,0.90
2022.03.09 03:32:30.159,1.09119,1.09123,0.90,0.45
2022.03.09 03:32:34.714,1.09118,1.09123,0.90,1.89
2022.03.09 03:32:36.178,1.09119,1.09123,0.90,0.99
2022.03.09 03:32:39.878,1.09119,1.09124,0.90,1.44
2022.03.09 03:32:40.030,1.09119,1.09123,0.90,0.90
2022.03.09 03:32:42.315,1.09119,1.09124,0.90,1.89
2022.03.09 03:32:44.586,1.09119,1.09123,0.90,0.90
2022.03.09 03:32:50.933,1.09117,1.09122,0.90,0.99
2022.03.09 03:32:51.086,1.09116,1.09121,0.90,0.99
2022.03.09 03:32:51.188,1.09115,1.0912,1.89,0.90
2022.03.09 03:32:51.391,1.09115,1.09119,0.90,0.90
2022.03.09 03:32:55.713,1.09115,1.0912,1.80,0.99
2022.03.09 03:33:02.697,1.09115,1.09118,2.56,0.90
2022.03.09 03:33:03.583,1.09114,1.09118,0.90,0.99
2022.03.09 03:33:03.735,1.09113,1.09118,0.90,0.99
2022.03.09 03:33:04.214,1.09114,1.09118,0.90,1.44
2022.03.09 03:33:04.315,1.09113,1.09118,1.80,0.99
2022.03.09 03:33:05.493,1.09115,1.09117,0.90,0.12
2022.03.09 03:33:15.532,1.09111,1.09114,3.15,1.35
2022.03.09 03:33:15.685,1.09109,1.09114,0.90,0.90
2022.03.09 03:33:19.129,1.09108,1.09113,0.90,0.90
2022.03.09 03:33:22.039,1.09109,1.09114,0.90,1.89
2022.03.09 03:33:22.688,1.09111,1.09116,0.90,1.21
2022.03.09 03:33:34.567,1.09111,1.09115,0.90,0.45
2022.03.09 03:33:34.669,1.0911,1.09115,0.90,1.35
2022.03.09 03:33:34.771,1.0911,1.09113,0.90,0.45
2022.03.09 03:33:36.512,1.09109,1.09113,0.90,1.21
2022.03.09 03:33:36.614,1.09107,1.09111,0.90,0.45
2022.03.09 03:33:36.818,1.09107,1.09112,0.90,1.89
2022.03.09 03:33:37.065,1.09109,1.09112,0.90,0.90
2022.03.09 03:33:38.771,1.09109,1.09113,0.90,1.66
2022.03.09 03:33:47.337,1.09108,1.09113,0.90,2.56
2022.03.09 03:33:47.438,1.09109,1.09111,0.90,0.12
2022.03.09 03:33:48.727,1.09109,1.09112,0.90,0.12
2022.03.09 03:33:52.009,1.09109,1.09111,0.90,1.66
2022.03.09 03:33:52.111,1.09107,1.09111,0.90,0.45
2022.03.09 03:33:52.314,1.09107,1.09112,0.90,2.11
2022.03.09 03:33:53.662,1.09108,1.09112,0.90,0.90
2022.03.09 03:33:53.874,1.09109,1.09112,0.90,0.90
2022.03.09 03:33:53.976,1.0911,1.09112,0.90,1.44
2022.03.09 03:33:55.956,1.09109,1.09111,0.90,0.54
2022.03.09 03:33:57.598,1.09109,1.09113,0.90,0.99
2022.03.09 03:33:58.714,1.09108,1.09112,0.90,0.12
2022.03.09 03:34:03.534,1.09109,1.09113,0.90,0.99
2022.03.09 03:34:05.771,1.09109,1.09114,0.90,1.89
2022.03.09 03:34:07.097,1.09109,1.09113,0.90,0.12
2022.03.09 03:34:15.753,1.09108,1.09113,0.90,1.21
2022.03.09 03:34:21.484,1.09108,1.09112,0.90,0.12
2022.03.09 03:34:22.655,1.09108,1.09113,0.90,1.44
2022.03.09 03:34:22.760,1.09109,1.09113,0.90,0.54
2022.03.09 03:34:26.759,1.09109,1.09112,0.90,0.12
2022.03.09 03:34:33.754,1.09108,1.09112,0.90,0.12
2022.03.09 03:34:38.232,1.09107,1.09111,0.90,0.12
2022.03.09 03:34:38.384,1.09105,1.0911,0.99,0.90
2022.03.09 03:34:46.095,1.09106,1.09108,0.90,0.12
2022.03.09 03:34:46.197,1.09105,1.0911,0.90,2.34
2022.03.09 03:34:46.299,1.09106,1.0911,0.90,0.12
2022.03.09 03:34:46.401,1.09106,1.09111,0.90,1.44
2022.03.09 03:34:56.033,1.09108,1.09112,0.90,0.22
2022.03.09 03:34:56.134,1.09108,1.09113,0.90,1.66
2022.03.09 03:34:56.460,1.09108,1.09112,0.90,0.90
2022.03.09 03:34:56.849,1.09108,1.0911,0.90,2.56
2022.03.09 03:35:00.856,1.09108,1.09111,0.90,0.45
2022.03.09 03:35:00.908,1.09108,1.09113,0.90,1.66
2022.03.09 03:35:01.411,1.0911,1.09114,0.90,1.44
2022.03.09 03:35:02.104,1.09111,1.09114,0.90,2.34
2022.03.09 03:35:06.258,1.0911,1.09114,0.90,0.45
2022.03.09 03:35:06.361,1.0911,1.09115,0.90,1.66
2022.03.09 03:35:06.463,1.09109,1.09114,0.90,1.89
2022.03.09 03:35:06.667,1.09109,1.09113,0.90,0.45
2022.03.09 03:35:14.630,1.09109,1.09114,0.90,2.56
2022.03.09 03:35:14.837,1.09109,1.09113,0.90,0.45
2022.03.09 03:35:16.951,1.09109,1.09114,0.90,2.56
2022.03.09 03:35:20.189,1.09109,1.09113,0.90,0.54
2022.03.09 03:35:22.485,1.0911,1.09114,1.80,1.35
2022.03.09 03:35:22.587,1.0911,1.09113,0.90,0.90
2022.03.09 03:35:22.638,1.09108,1.09113,0.99,1.35
2022.03.09 03:35:22.740,1.09108,1.09112,0.90,0.45
2022.03.09 03:35:22.842,1.09108,1.09113,0.90,1.89
2022.03.09 03:35:22.995,1.09108,1.09112,0.90,0.45
2022.03.09 03:35:23.253,1.09108,1.09113,0.90,2.11
2022.03.09 03:35:29.989,1.0911,1.09112,0.90,0.12
2022.03.09 03:35:30.091,1.09109,1.09114,0.90,2.34
2022.03.09 03:35:31.790,1.0911,1.09114,0.90,1.57
2022.03.09 03:35:32.803,1.09109,1.09114,0.99,1.35
2022.03.09 03:35:32.955,1.0911,1.09114,0.90,0.99
2022.03.09 03:35:33.057,1.0911,1.09115,2.70,1.89
2022.03.09 03:35:33.619,1.09112,1.09115,2.25,2.56
2022.03.09 03:35:35.251,1.09112,1.09116,0.90,0.90
2022.03.09 03:35:35.353,1.09113,1.09117,0.90,0.99
2022.03.09 03:35:36.460,1.09113,1.09118,0.90,1.44
2022.03.09 03:35:38.531,1.09114,1.09116,0.90,0.12
2022.03.09 03:35:44.564,1.09111,1.09116,0.90,1.44
2022.03.09 03:35:45.466,1.09111,1.09115,0.90,0.90
2022.03.09 03:35:46.899,1.09111,1.09116,0.90,2.34
2022.03.09 03:35:47.956,1.09112,1.09116,0.99,0.45
2022.03.09 03:35:48.687,1.09112,1.09117,0.99,1.35
2022.03.09 03:35:51.867,1.09114,1.09118,1.80,0.90
2022.03.09 03:35:51.969,1.09114,1.09119,0.90,0.99
2022.03.09 03:35:52.694,1.09114,1.09118,0.90,0.45
2022.03.09 03:35:53.256,1.09114,1.09119,0.90,2.34
2022.03.09 03:35:54.770,1.09115,1.09119,0.90,1.89
2022.03.09 03:36:02.352,1.09115,1.0912,0.99,2.34
2022.03.09 03:36:02.454,1.09118,1.09121,0.99,0.90
2022.03.09 03:36:02.556,1.09119,1.09122,0.12,0.90
2022.03.09 03:36:02.658,1.09117,1.09121,1.44,0.22
2022.03.09 03:36:02.760,1.09121,1.09125,0.90,1.66
2022.03.09 03:36:02.863,1.0912,1.09125,0.99,2.56
2022.03.09 03:36:02.965,1.09121,1.09125,0.90,2.56
2022.03.09 03:36:03.768,1.09121,1.09126,1.44,2.56
2022.03.09 03:36:05.588,1.09124,1.09128,0.90,2.34
2022.03.09 03:36:05.894,1.09124,1.09127,0.90,0.45
2022.03.09 03:36:06.605,1.09124,1.09126,0.90,0.90
2022.03.09 03:36:06.784,1.09124,1.09128,0.90,0.99
2022.03.09 03:36:10.006,1.09125,1.09128,1.80,0.12
2022.03.09 03:36:10.108,1.09125,1.0913,1.89,1.89
2022.03.09 03:36:10.516,1.09125,1.09128,0.99,0.45
2022.03.09 03:36:10.770,1.09125,1.0913,0.99,1.66
2022.03.09 03:36:12.260,1.09125,1.09129,0.99,0.45
2022.03.09 03:36:15.198,1.09125,1.0913,0.99,1.66
2022.03.09 03:36:15.604,1.09125,1.09129,0.12,1.35
2022.03.09 03:36:19.355,1.09124,1.09129,1.44,1.44
2022.03.09 03:36:19.457,1.09124,1.09128,1.44,0.45
2022.03.09 03:36:24.323,1.09125,1.09128,0.12,0.45
2022.03.09 03:36:24.424,1.09125,1.09129,0.12,1.80
2022.03.09 03:36:25.928,1.09124,1.09129,0.99,1.44
2022.03.09 03:36:29.581,1.09123,1.09128,0.99,1.21
2022.03.09 03:36:31.332,1.09123,1.09127,0.99,0.45
2022.03.09 03:36:32.081,1.09123,1.09128,0.99,1.89
2022.03.09 03:36:32.226,1.09123,1.09127,0.99,0.90
2022.03.09 03:36:33.933,1.09124,1.09129,1.89,1.89
2022.03.09 03:36:34.035,1.09125,1.09129,0.12,1.80
2022.03.09 03:36:34.137,1.09125,1.0913,0.99,1.89
2022.03.09 03:36:34.254,1.09126,1.09128,0.99,0.45
2022.03.09 03:36:41.402,1.09125,1.0913,0.99,3.01
2022.03.09 03:36:41.555,1.09125,1.09129,0.99,0.45
2022.03.09 03:36:44.649,1.09125,1.0913,1.89,1.89
2022.03.09 03:36:48.103,1.09125,1.09129,0.12,0.90
2022.03.09 03:36:54.358,1.09125,1.0913,0.99,3.01
2022.03.09 03:36:59.802,1.09126,1.0913,2.34,0.90
2022.03.09 03:36:59.854,1.09131,1.09134,4.14,2.02
2022.03.09 03:36:59.956,1.09132,1.09137,1.89,7.29
2022.03.09 03:37:00.007,1.09134,1.09137,0.90,4.50
2022.03.09 03:37:00.109,1.09134,1.09138,0.90,1.21
2022.03.09 03:37:00.211,1.09135,1.0914,1.89,1.44
2022.03.09 03:37:00.314,1.09136,1.0914,0.90,0.12
2022.03.09 03:37:00.416,1.09134,1.09138,0.99,0.45
2022.03.09 03:37:00.518,1.09133,1.09137,0.99,0.45
2022.03.09 03:37:00.620,1.09133,1.09138,0.99,1.44
2022.03.09 03:37:03.115,1.09133,1.09137,0.90,0.54
2022.03.09 03:37:04.452,1.0913,1.09135,0.99,2.79
2022.03.09 03:37:04.554,1.0913,1.09133,0.90,0.45
2022.03.09 03:37:04.656,1.0913,1.09132,0.99,0.90
2022.03.09 03:37:07.765,1.0913,1.09134,0.90,1.44
2022.03.09 03:37:08.546,1.0913,1.09135,2.79,1.44
2022.03.09 03:37:08.700,1.09131,1.09133,2.79,0.45
2022.03.09 03:37:08.814,1.09132,1.09136,0.99,0.45
2022.03.09 03:37:10.843,1.09132,1.09137,0.99,1.66
2022.03.09 03:37:13.827,1.09132,1.09136,0.99,0.45
2022.03.09 03:37:17.811,1.0913,1.09134,0.90,0.90
2022.03.09 03:37:18.369,1.09129,1.09133,0.90,1.35
2022.03.09 03:37:19.326,1.09128,1.09133,0.90,1.89
2022.03.09 03:37:19.485,1.09128,1.09132,0.90,0.45
2022.03.09 03:37:20.957,1.09124,1.09125,2.29,1.35
2022.03.09 03:37:21.008,1.09122,1.09126,5.40,2.25
2022.03.09 03:37:21.111,1.09123,1.09127,0.90,1.12
2022.03.09 03:37:21.213,1.09123,1.09128,1.80,1.35
2022.03.09 03:37:22.210,1.09124,1.09128,0.90,1.35
2022.03.09 03:37:22.567,1.09123,1.09128,2.02,1.35
2022.03.09 03:37:25.185,1.09125,1.09127,0.90,1.35
2022.03.09 03:37:25.462,1.09123,1.09128,2.02,1.35
2022.03.09 03:37:34.781,1.09124,1.09128,0.90,0.45
2022.03.09 03:37:39.899,1.09124,1.09126,0.90,0.45
2022.03.09 03:37:44.768,1.09126,1.09129,0.90,0.45
2022.03.09 03:37:44.870,1.09126,1.0913,0.90,1.89
2022.03.09 03:37:45.451,1.09127,1.09131,0.90,0.54
2022.03.09 03:37:45.603,1.09128,1.09131,0.90,0.54
2022.03.09 03:37:46.234,1.09129,1.09132,0.90,0.45
2022.03.09 03:37:47.278,1.09129,1.09133,0.90,0.54
2022.03.09 03:37:54.804,1.0913,1.09134,0.90,0.99
2022.03.09 03:37:55.261,1.09131,1.09134,0.90,0.45
2022.03.09 03:37:56.639,1.09132,1.09135,0.90,1.44
2022.03.09 03:38:00.022,1.09132,1.09136,0.90,1.89
2022.03.09 03:38:00.124,1.09134,1.09135,0.90,0.45
2022.03.09 03:38:00.701,1.09133,1.09137,0.90,0.54
2022.03.09 03:38:01.453,1.09133,1.09136,0.90,1.35
2022.03.09 03:38:02.923,1.09133,1.09137,0.90,0.54
2022.03.09 03:38:04.695,1.09134,1.09137,0.90,0.54
2022.03.09 03:38:11.359,1.09135,1.09137,0.90,0.45
2022.03.09 03:38:13.515,1.09134,1.09137,0.90,0.54
2022.03.09 03:38:14.412,1.09135,1.09137,0.90,0.54
2022.03.09 03:38:15.307,1.09134,1.09137,0.90,0.54
2022.03.09 03:38:17.628,1.09135,1.09137,0.90,0.54
2022.03.09 03:38:17.806,1.09131,1.09134,0.90,0.45
2022.03.09 03:38:17.908,1.09131,1.09133,0.90,0.45
2022.03.09 03:38:18.010,1.0913,1.09133,0.90,0.54
2022.03.09 03:38:18.214,1.09131,1.09135,0.90,0.54
2022.03.09 03:38:18.367,1.09134,1.09136,0.90,0.54
2022.03.09 03:38:18.469,1.09134,1.09137,0.90,1.44
2022.03.09 03:38:18.965,1.09134,1.09138,0.90,0.54
2022.03.09 03:38:19.067,1.09135,1.09138,0.90,0.54
2022.03.09 03:38:20.175,1.09135,1.09137,0.90,0.45
2022.03.09 03:38:24.320,1.09132,1.09135,0.90,0.45
2022.03.09 03:38:26.951,1.09131,1.09134,0.90,0.45
2022.03.09 03:38:27.054,1.09131,1.09133,0.90,0.45
2022.03.09 03:38:27.257,1.09131,1.09134,0.90,0.76
2022.03.09 03:38:37.079,1.09134,1.09137,0.90,1.66
2022.03.09 03:38:37.283,1.09133,1.09134,0.90,0.45
2022.03.09 03:38:37.486,1.09133,1.09135,0.90,0.45
2022.03.09 03:38:45.527,1.09131,1.09134,0.90,0.45
2022.03.09 03:38:45.629,1.09131,1.09133,0.90,0.45
2022.03.09 03:38:46.635,1.09131,1.09135,0.90,0.45
2022.03.09 03:38:46.737,1.09132,1.09135,0.90,0.45
2022.03.09 03:38:47.537,1.09132,1.09134,0.90,0.45
2022.03.09 03:38:47.638,1.09132,1.09135,0.90,0.45
2022.03.09 03:38:48.679,1.09132,1.09136,0.90,1.35
2022.03.09 03:38:49.435,1.09132,1.09135,0.90,0.45
2022.03.09 03:38:58.409,1.09133,1.09136,0.90,0.45
2022.03.09 03:38:58.511,1.09135,1.09137,0.90,0.45
2022.03.09 03:38:59.408,1.09136,1.09138,0.90,0.45
2022.03.09 03:39:03.809,1.09135,1.09138,0.90,0.67
2022.03.09 03:39:03.911,1.09135,1.09137,0.90,0.45
2022.03.09 03:39:07.932,1.09135,1.09138,0.90,0.45
2022.03.09 03:39:08.034,1.09136,1.09138,0.90,0.45
2022.03.09 03:39:08.085,1.09136,1.0914,0.90,2.70
2022.03.09 03:39:08.137,1.09138,1.09141,0.90,3.15
2022.03.09 03:39:08.239,1.09139,1.09141,0.90,2.11
2022.03.09 03:39:08.494,1.09139,1.09142,0.90,0.22
2022.03.09 03:39:08.808,1.09139,1.09143,0.90,0.22
2022.03.09 03:39:08.961,1.09139,1.09142,0.90,1.12
2022.03.09 03:39:09.815,1.09139,1.09143,0.90,0.22
2022.03.09 03:39:13.764,1.0914,1.09143,0.90,1.12
2022.03.09 03:39:14.634,1.0914,1.09144,0.90,3.91
2022.03.09 03:39:15.078,1.0914,1.09143,0.90,0.22
2022.03.09 03:39:15.294,1.09136,1.0914,0.90,1.12
2022.03.09 03:39:15.397,1.09136,1.09139,0.90,0.45
2022.03.09 03:39:15.549,1.09136,1.0914,0.90,3.91
2022.03.09 03:39:16.680,1.09137,1.09141,0.90,2.92
2022.03.09 03:39:16.934,1.09137,1.0914,0.90,0.22
2022.03.09 03:39:23.826,1.09138,1.0914,0.90,3.37
2022.03.09 03:39:35.480,1.09136,1.09139,0.90,0.45
2022.03.09 03:39:35.582,1.09135,1.09139,0.90,0.45
2022.03.09 03:39:35.684,1.09135,1.0914,0.90,1.89
2022.03.09 03:39:36.177,1.09136,1.09141,0.90,5.17
2022.03.09 03:39:38.948,1.09136,1.0914,0.90,1.89
2022.03.09 03:39:39.634,1.09137,1.09141,0.90,1.12
2022.03.09 03:39:39.736,1.09138,1.09141,0.90,2.11
2022.03.09 03:39:40.921,1.09138,1.09143,0.90,2.02
2022.03.09 03:39:41.023,1.09138,1.09142,0.99,0.22
2022.03.09 03:39:41.125,1.09141,1.09145,0.90,0.90
2022.03.09 03:39:41.227,1.09142,1.09147,0.90,2.02
2022.03.09 03:39:41.431,1.09143,1.09147,0.90,2.02
2022.03.09 03:39:43.447,1.09143,1.09146,0.90,0.22
2022.03.09 03:39:44.623,1.09144,1.09147,0.90,0.67
2022.03.09 03:39:45.081,1.09142,1.09146,0.90,1.12
2022.03.09 03:39:45.184,1.09142,1.09145,0.90,1.12
2022.03.09 03:39:45.235,1.0914,1.09145,1.89,2.02
2022.03.09 03:39:46.013,1.09139,1.09143,0.90,0.22
2022.03.09 03:39:51.928,1.09141,1.09143,0.90,2.47
2022.03.09 03:39:57.092,1.0914,1.09143,0.90,0.22
2022.03.09 03:39:58.637,1.0914,1.09145,0.90,5.26
2022.03.09 03:40:04.363,1.0914,1.09144,0.90,1.12
2022.03.09 03:40:04.465,1.0914,1.09143,0.90,0.22
2022.03.09 03:40:05.903,1.09139,1.09142,0.90,0.22
2022.03.09 03:40:06.212,1.09139,1.09144,0.99,2.47
2022.03.09 03:40:06.415,1.0914,1.09144,0.90,0.22
2022.03.09 03:40:06.873,1.0914,1.09145,0.90,3.82
2022.03.09 03:40:07.077,1.09141,1.09145,0.90,2.02
2022.03.09 03:40:07.382,1.09141,1.09146,0.90,2.02
2022.03.09 03:40:07.433,1.0914,1.09144,0.90,0.22
2022.03.09 03:40:07.586,1.0914,1.09145,0.99,2.47
2022.03.09 03:40:07.688,1.09141,1.09145,0.90,0.67
2022.03.09 03:40:08.113,1.0914,1.09144,0.90,0.22
2022.03.09 03:40:16.287,1.09139,1.09144,0.90,3.37
2022.03.09 03:40:16.389,1.09139,1.09143,0.99,1.12
2022.03.09 03:40:21.319,1.0914,1.09144,0.90,1.12
2022.03.09 03:40:27.415,1.0914,1.09145,1.89,2.92
2022.03.09 03:40:30.181,1.0914,1.09144,1.80,0.22
2022.03.09 03:40:52.599,1.0914,1.09143,0.90,2.47
2022.03.09 03:40:58.641,1.09142,1.09145,0.90,0.90
2022.03.09 03:40:58.743,1.0914,1.09142,0.90,1.12
2022.03.09 03:40:58.846,1.09138,1.09143,0.90,1.12
2022.03.09 03:40:58.948,1.09138,1.09142,0.90,0.22
2022.03.09 03:40:59.050,1.09138,1.09143,0.90,1.12
2022.03.09 03:41:00.216,1.09139,1.09143,0.90,0.90
2022.03.09 03:41:05.011,1.0914,1.09141,0.90,0.45
2022.03.09 03:41:05.113,1.09138,1.09142,0.90,0.22
2022.03.09 03:41:05.215,1.09136,1.0914,0.90,2.25
2022.03.09 03:41:05.318,1.09135,1.0914,0.90,1.21
2022.03.09 03:41:14.412,1.09135,1.09139,0.99,0.90
2022.03.09 03:41:16.502,1.09134,1.09139,0.99,1.12
2022.03.09 03:41:17.764,1.09133,1.09138,0.99,0.90
2022.03.09 03:41:17.866,1.09134,1.09138,0.90,0.90
2022.03.09 03:41:19.035,1.09133,1.09137,0.90,1.80
2022.03.09 03:41:19.088,1.09131,1.09136,0.99,0.90
2022.03.09 03:41:19.190,1.0913,1.09135,0.99,1.57
2022.03.09 03:41:19.394,1.09132,1.09137,0.90,2.70
2022.03.09 03:41:19.496,1.09133,1.09138,0.90,2.02
2022.03.09 03:41:35.140,1.09131,1.09136,0.99,0.90
2022.03.09 03:41:35.293,1.09131,1.09135,0.99,1.80
2022.03.09 03:41:37.948,1.0913,1.09134,0.90,0.90
2022.03.09 03:41:46.154,1.09129,1.09132,0.90,0.90
2022.03.09 03:41:46.256,1.09129,1.09134,0.90,2.92
2022.03.09 03:41:50.035,1.0913,1.09135,0.90,2.56
2022.03.09 03:41:57.953,1.09131,1.09133,0.90,0.45
2022.03.09 03:42:00.918,1.0913,1.09135,0.99,1.12
2022.03.09 03:42:07.133,1.09131,1.09135,1.44,0.90
2022.03.09 03:42:07.388,1.09134,1.09138,0.90,0.90
2022.03.09 03:42:07.489,1.09134,1.09139,0.90,0.99
2022.03.09 03:42:09.357,1.09136,1.0914,0.12,0.90
2022.03.09 03:42:10.019,1.09137,1.09141,0.99,0.90
2022.03.09 03:42:16.381,1.09138,1.09142,0.12,0.90
2022.03.09 03:42:16.732,1.09138,1.09143,0.90,4.27
2022.03.09 03:42:16.834,1.09137,1.09142,0.99,0.90
2022.03.09 03:42:16.941,1.09137,1.09141,0.99,0.90
2022.03.09 03:42:18.189,1.09136,1.0914,0.99,0.90
2022.03.09 03:42:27.021,1.09135,1.0914,0.99,0.90
2022.03.09 03:42:43.428,1.09134,1.09139,0.99,1.12
2022.03.09 03:42:51.429,1.09133,1.09137,0.99,0.90
2022.03.09 03:42:51.837,1.09134,1.09138,0.90,0.90
2022.03.09 03:43:02.563,1.09135,1.09138,0.99,0.90
2022.03.09 03:43:02.665,1.09135,1.09139,0.90,0.90
2022.03.09 03:43:02.767,1.09135,1.0914,0.90,1.12
2022.03.09 03:43:03.671,1.09135,1.09139,0.90,0.22
2022.03.09 03:43:08.221,1.09138,1.0914,0.99,0.22
2022.03.09 03:43:08.272,1.09138,1.09143,0.99,1.57
2022.03.09 03:43:08.425,1.09139,1.09143,0.12,0.90
2022.03.09 03:43:38.889,1.09138,1.09143,0.99,1.35
2022.03.09 03:43:43.335,1.09136,1.09141,0.99,0.90
2022.03.09 03:43:43.488,1.09136,1.0914,0.12,0.90
2022.03.09 03:43:45.567,1.09135,1.0914,0.99,0.90
2022.03.09 03:44:03.625,1.09141,1.09143,2.34,4.50
2022.03.09 03:44:03.727,1.09142,1.09147,1.89,0.90
2022.03.09 03:44:03.779,1.09144,1.09149,0.90,0.90
2022.03.09 03:44:03.881,1.09145,1.09149,0.99,0.90
2022.03.09 03:44:03.933,1.09146,1.09151,0.99,1.12
2022.03.09 03:44:04.137,1.09148,1.09152,0.90,0.90
2022.03.09 03:44:04.239,1.0915,1.09152,0.90,0.90
2022.03.09 03:44:06.396,1.09147,1.09152,0.99,2.47
2022.03.09 03:44:12.201,1.09148,1.09153,0.99,0.90
2022.03.09 03:44:12.354,1.09149,1.09154,0.99,0.90
2022.03.09 03:44:13.755,1.09148,1.09153,0.90,2.56
2022.03.09 03:44:13.857,1.09149,1.09154,0.90,1.80
2022.03.09 03:44:16.857,1.0915,1.09154,1.80,0.90
2022.03.09 03:44:22.246,1.09152,1.09156,0.99,0.90
2022.03.09 03:44:22.348,1.09153,1.09157,0.12,0.90
2022.03.09 03:44:22.450,1.09156,1.0916,1.44,0.90
2022.03.09 03:44:22.552,1.09157,1.0916,0.12,0.90
2022.03.09 03:44:22.875,1.09158,1.09161,0.12,0.90
2022.03.09 03:44:23.444,1.09157,1.09161,0.12,1.80
2022.03.09 03:44:23.546,1.09156,1.09158,0.12,0.90
2022.03.09 03:44:23.648,1.09155,1.09157,0.12,0.90
2022.03.09 03:44:26.814,1.09154,1.09156,0.12,0.90
2022.03.09 03:44:28.159,1.09153,1.09156,0.12,0.90
2022.03.09 03:44:29.789,1.09154,1.09157,0.12,0.90
2022.03.09 03:44:30.386,1.09154,1.09156,0.12,0.90
2022.03.09 03:44:32.952,1.09155,1.09158,0.12,0.90
2022.03.09 03:44:34.326,1.09153,1.09156,0.12,0.90
2022.03.09 03:44:39.916,1.09154,1.09157,0.12,0.90
2022.03.09 03:44:40.069,1.09155,1.09158,0.12,0.90
2022.03.09 03:44:44.106,1.09154,1.09158,0.12,0.90
2022.03.09 03:44:44.208,1.09155,1.09158,0.12,0.90
2022.03.09 03:44:45.206,1.09156,1.09158,0.12,0.90
2022.03.09 03:44:45.427,1.09156,1.09159,0.12,0.90
2022.03.09 03:44:49.151,1.09155,1.09158,0.12,0.90
2022.03.09 03:44:50.533,1.09154,1.09158,0.12,0.90
2022.03.09 03:45:00.546,1.09155,1.09158,0.12,0.90
2022.03.09 03:45:00.917,1.09156,1.0916,1.44,0.90
2022.03.09 03:45:00.968,1.09158,1.09161,0.12,0.90
2022.03.09 03:45:01.070,1.09159,1.09162,0.12,0.90
2022.03.09 03:45:01.770,1.09158,1.0916,1.80,1.80
2022.03.09 03:45:01.872,1.09157,1.09161,0.99,0.90
2022.03.09 03:45:01.974,1.09158,1.09161,0.12,0.90
2022.03.09 03:45:08.553,1.09157,1.09161,0.99,0.90
2022.03.09 03:45:08.655,1.09156,1.09159,1.44,0.90
2022.03.09 03:45:08.707,1.09154,1.09158,0.99,0.90
2022.03.09 03:45:08.809,1.09153,1.09157,4.59,0.90
2022.03.09 03:45:12.971,1.09152,1.09157,2.79,0.90
2022.03.09 03:45:18.983,1.09152,1.09154,3.24,0.90
2022.03.09 03:45:19.085,1.09149,1.09153,0.99,0.90
2022.03.09 03:45:19.391,1.09148,1.09153,1.89,0.90
2022.03.09 03:45:22.678,1.09147,1.09151,0.99,0.90
2022.03.09 03:45:28.520,1.09147,1.0915,0.90,0.90
2022.03.09 03:45:28.676,1.09147,1.09151,0.90,0.90
2022.03.09 03:45:31.648,1.09147,1.09152,5.49,0.90
2022.03.09 03:45:33.030,1.09148,1.09152,0.12,0.90
2022.03.09 03:45:37.407,1.09149,1.09152,0.12,0.90
2022.03.09 03:45:37.560,1.09148,1.09152,4.59,0.90
2022.03.09 03:45:41.478,1.09147,1.09152,3.69,0.90
2022.03.09 03:45:41.580,1.09147,1.0915,0.90,0.90
2022.03.09 03:45:41.682,1.09145,1.09148,0.12,0.90
2022.03.09 03:45:41.784,1.09145,1.09149,0.12,0.90
2022.03.09 03:45:46.737,1.09148,1.09152,0.99,0.90
2022.03.09 03:45:47.103,1.09149,1.09153,0.12,0.90
2022.03.09 03:45:47.796,1.0915,1.09153,1.44,0.90
2022.03.09 03:45:47.847,1.09152,1.09156,0.12,0.90
2022.03.09 03:45:47.949,1.09149,1.09152,3.69,1.80
2022.03.09 03:45:48.772,1.09148,1.09151,1.44,0.90
2022.03.09 03:45:49.055,1.09148,1.09152,0.12,0.90
2022.03.09 03:45:50.954,1.09148,1.09153,0.99,0.90
2022.03.09 03:45:52.958,1.09147,1.09152,0.99,0.90
2022.03.09 03:45:53.061,1.09147,1.09151,0.12,0.90
2022.03.09 03:45:53.163,1.09148,1.09152,0.12,0.90
2022.03.09 03:46:01.760,1.0915,1.09152,0.90,0.90
2022.03.09 03:46:01.812,1.09153,1.09154,0.12,0.90
2022.03.09 03:46:01.914,1.09153,1.09157,0.12,0.90
2022.03.09 03:46:04.052,1.09149,1.09154,2.79,0.90
2022.03.09 03:46:04.154,1.09149,1.09153,0.99,0.90
2022.03.09 03:46:05.502,1.09148,1.09153,0.99,0.90
2022.03.09 03:46:06.257,1.09146,1.09151,4.14,0.90
2022.03.09 03:46:06.359,1.09145,1.0915,2.79,0.90
2022.03.09 03:46:06.714,1.09145,1.09149,0.90,0.90
2022.03.09 03:46:08.639,1.09145,1.09148,0.90,0.90
2022.03.09 03:46:08.690,1.09143,1.09148,0.99,0.90
2022.03.09 03:46:14.334,1.09144,1.09148,0.90,0.90
2022.03.09 03:46:15.067,1.09145,1.09149,0.99,0.90
2022.03.09 03:46:27.410,1.09145,1.0915,0.99,0.90
2022.03.09 03:46:30.920,1.09144,1.09149,0.99,0.90
2022.03.09 03:46:31.897,1.09146,1.09151,2.79,0.90
2022.03.09 03:46:31.999,1.09147,1.09152,4.59,0.90
2022.03.09 03:46:32.101,1.09149,1.09153,0.99,4.50
2022.03.09 03:46:32.203,1.0915,1.09153,0.99,0.90
2022.03.09 03:46:32.658,1.09152,1.09157,0.99,0.90
2022.03.09 03:46:32.760,1.09153,1.09158,0.90,0.90
2022.03.09 03:46:47.373,1.09153,1.09157,0.12,0.90
2022.03.09 03:46:51.338,1.09151,1.09156,3.24,0.90
2022.03.09 03:46:51.440,1.0915,1.09154,0.99,0.90
2022.03.09 03:47:02.958,1.09149,1.09154,0.99,0.90
2022.03.09 03:47:03.715,1.09149,1.09153,0.12,0.90
2022.03.09 03:47:07.532,1.09148,1.09153,0.99,0.90
2022.03.09 03:47:10.024,1.09148,1.09152,0.99,0.90
2022.03.09 03:47:11.314,1.09148,1.09153,0.99,0.90
2022.03.09 03:47:13.954,1.09149,1.09154,1.44,0.90
2022.03.09 03:47:19.713,1.09149,1.09153,0.12,0.90
2022.03.09 03:47:31.889,1.09148,1.09152,0.12,0.90
2022.03.09 03:47:39.992,1.09147,1.09152,0.12,0.90
2022.03.09 03:47:43.761,1.09147,1.09151,0.12,0.90
2022.03.09 03:47:46.640,1.09147,1.09152,0.99,0.90
2022.03.09 03:47:47.261,1.09146,1.09151,0.99,0.90
2022.03.09 03:47:47.446,1.09147,1.09151,0.12,0.90
2022.03.09 03:47:50.106,1.09148,1.09152,0.12,0.90
2022.03.09 03:47:58.195,1.09147,1.09152,0.99,0.90
2022.03.09 03:48:00.071,1.09148,1.09152,0.12,0.90
2022.03.09 03:48:06.746,1.09151,1.09155,1.44,0.90
2022.03.09 03:48:06.848,1.09153,1.09157,0.12,0.90
2022.03.09 03:48:07.364,1.09152,1.09157,0.99,0.90
2022.03.09 03:48:08.980,1.09152,1.09155,0.12,0.90
2022.03.09 03:48:10.162,1.09152,1.09156,0.12,0.90
2022.03.09 03:48:10.507,1.09151,1.09156,0.99,1.80
2022.03.09 03:48:10.610,1.09147,1.09151,0.12,0.90
2022.03.09 03:48:10.712,1.09148,1.09152,0.12,0.90
2022.03.09 03:48:19.168,1.09148,1.09151,0.12,0.90
2022.03.09 03:48:19.270,1.09149,1.09152,0.12,0.90
2022.03.09 03:48:21.429,1.09148,1.09152,0.12,0.90
2022.03.09 03:48:29.271,1.09149,1.09152,0.12,0.90
2022.03.09 03:48:29.373,1.09149,1.09153,0.12,1.35
2022.03.09 03:48:33.467,1.0915,1.09151,0.12,0.90
2022.03.09 03:48:33.569,1.09148,1.09152,0.12,0.90
2022.03.09 03:48:35.165,1.09148,1.09153,0.99,0.90
2022.03.09 03:48:42.922,1.09145,1.09149,0.90,0.90
2022.03.09 03:48:43.025,1.09143,1.09148,1.89,0.90
2022.03.09 03:48:43.151,1.09142,1.09146,5.49,0.90
2022.03.09 03:48:43.992,1.09143,1.09146,0.99,0.90
2022.03.09 03:48:44.043,1.09143,1.09148,2.11,0.90
2022.03.09 03:48:45.336,1.09143,1.09147,0.12,0.90
2022.03.09 03:48:45.590,1.09142,1.09147,1.44,0.90
2022.03.09 03:49:00.204,1.09145,1.0915,0.99,2.25
2022.03.09 03:49:00.458,1.09146,1.0915,0.90,0.90
2022.03.09 03:49:00.561,1.09145,1.0915,1.66,0.90
2022.03.09 03:49:00.745,1.09146,1.0915,0.90,0.90
2022.03.09 03:49:00.854,1.09145,1.0915,2.56,0.90
2022.03.09 03:49:02.359,1.09145,1.09149,0.31,0.90
2022.03.09 03:49:02.465,1.09143,1.09148,4.81,0.90
2022.03.09 03:49:02.567,1.09144,1.09148,1.12,0.90
2022.03.09 03:49:02.669,1.09143,1.09148,2.11,0.90
2022.03.09 03:49:03.609,1.09144,1.09148,0.31,0.90
2022.03.09 03:49:03.762,1.09141,1.09146,2.11,0.90
2022.03.09 03:49:04.796,1.09141,1.09145,2.56,0.90
2022.03.09 03:49:06.906,1.09141,1.09143,0.22,0.90
2022.03.09 03:49:07.008,1.0914,1.09143,0.90,0.90
2022.03.09 03:49:10.714,1.0914,1.09144,0.90,0.90
2022.03.09 03:49:11.369,1.0914,1.09145,4.81,1.35
2022.03.09 03:49:11.472,1.0914,1.09144,2.11,0.90
2022.03.09 03:49:21.383,1.09141,1.09144,3.46,0.90
2022.03.09 03:49:21.485,1.09141,1.09145,2.56,0.90
2022.03.09 03:49:26.513,1.09143,1.09147,0.90,0.45
2022.03.09 03:49:26.615,1.09147,1.0915,1.80,1.80
2022.03.09 03:49:26.718,1.09146,1.09148,1.12,0.90
2022.03.09 03:49:26.820,1.09146,1.09147,0.90,0.90
2022.03.09 03:49:29.098,1.09146,1.09149,0.90,3.69
2022.03.09 03:49:31.749,1.09146,1.0915,0.90,1.89
2022.03.09 03:49:32.194,1.09148,1.0915,0.90,0.45
2022.03.09 03:49:32.296,1.09147,1.0915,1.12,0.45
2022.03.09 03:49:32.398,1.09149,1.09154,0.90,6.16
2022.03.09 03:49:32.500,1.09148,1.09153,0.90,3.82
2022.03.09 03:49:32.957,1.09148,1.09151,0.90,0.90
2022.03.09 03:49:33.059,1.09147,1.09152,0.90,3.01
2022.03.09 03:49:34.752,1.09148,1.09152,0.90,4.81
2022.03.09 03:49:34.853,1.09148,1.09151,0.90,0.90
2022.03.09 03:49:35.012,1.09147,1.09151,0.90,0.90
2022.03.09 03:49:35.165,1.09147,1.09152,0.90,4.36
2022.03.09 03:49:35.531,1.09147,1.09151,0.90,0.90
2022.03.09 03:49:36.352,1.09147,1.09152,0.90,4.81
2022.03.09 03:49:39.705,1.09147,1.09151,0.90,0.22
2022.03.09 03:49:53.619,1.09145,1.09148,0.12,0.90
2022.03.09 03:49:55.069,1.09144,1.09147,0.31,0.90
2022.03.09 03:49:55.221,1.09143,1.09147,1.66,0.90
2022.03.09 03:49:55.323,1.09143,1.09146,0.54,0.90
2022.03.09 03:49:57.363,1.09143,1.09147,0.54,0.90
2022.03.09 03:50:01.817,1.09142,1.09146,1.89,0.90
2022.03.09 03:50:03.943,1.09143,1.09146,0.12,0.90
2022.03.09 03:50:04.458,1.09142,1.09146,1.89,0.90
2022.03.09 03:50:18.666,1.09143,1.09146,3.24,0.90
2022.03.09 03:50:19.335,1.09143,1.09147,0.12,0.90
2022.03.09 03:50:25.584,1.09142,1.09147,3.24,0.90
2022.03.09 03:50:26.495,1.09142,1.09146,2.34,0.90
2022.03.09 03:50:31.536,1.09143,1.09146,0.99,0.90
2022.03.09 03:50:31.638,1.09143,1.09147,0.99,0.90
2022.03.09 03:50:31.740,1.09143,1.09146,0.12,0.90
2022.03.09 03:50:32.126,1.09142,1.09146,2.34,0.90
2022.03.09 03:50:36.694,1.09142,1.09145,0.12,0.90
2022.03.09 03:50:36.976,1.09141,1.09145,2.34,0.90
2022.03.09 03:50:37.185,1.0914,1.09145,4.81,0.90
2022.03.09 03:50:42.885,1.09138,1.0914,2.79,0.90
2022.03.09 03:50:43.292,1.09137,1.09142,1.21,0.90
2022.03.09 03:50:51.554,1.09136,1.0914,0.90,0.90
2022.03.09 03:50:54.535,1.09136,1.09139,0.90,0.90
2022.03.09 03:50:56.691,1.09136,1.09138,0.90,0.90
2022.03.09 03:50:56.743,1.09133,1.09138,2.11,0.90
2022.03.09 03:50:56.845,1.09133,1.09137,2.11,0.90
2022.03.09 03:50:57.197,1.09132,1.09137,1.21,0.90
2022.03.09 03:50:57.350,1.0913,1.09134,0.12,0.90
2022.03.09 03:50:57.710,1.09128,1.09132,4.50,3.15
2022.03.09 03:50:57.863,1.09128,1.09129,3.60,0.90
2022.03.09 03:50:57.914,1.09124,1.09128,0.90,0.90
2022.03.09 03:50:58.371,1.09123,1.09127,0.99,0.90
2022.03.09 03:51:02.572,1.09124,1.09129,1.89,1.35
2022.03.09 03:51:02.673,1.09125,1.09129,0.12,1.35
2022.03.09 03:51:10.635,1.09128,1.0913,3.60,0.90
2022.03.09 03:51:11.407,1.09128,1.09131,3.69,0.90
2022.03.09 03:51:12.139,1.09128,1.0913,2.11,0.90
2022.03.09 03:51:15.563,1.09128,1.09131,2.02,0.90
2022.03.09 03:51:15.672,1.09127,1.09131,1.80,0.90
2022.03.09 03:51:22.718,1.09125,1.09129,0.90,0.90
2022.03.09 03:51:28.099,1.09124,1.09129,0.99,0.90
2022.03.09 03:51:28.201,1.09124,1.09128,0.99,0.90
2022.03.09 03:51:32.590,1.09123,1.09127,1.80,0.90
2022.03.09 03:51:32.692,1.09124,1.09128,0.99,0.90
2022.03.09 03:51:32.794,1.09124,1.09129,2.11,0.90
2022.03.09 03:51:32.896,1.09126,1.0913,0.99,1.35
2022.03.09 03:51:33.930,1.09125,1.0913,0.99,1.35
2022.03.09 03:51:34.365,1.09124,1.09129,0.99,0.90
2022.03.09 03:51:34.619,1.09124,1.09128,0.99,0.90
2022.03.09 03:51:35.532,1.09124,1.09129,0.99,0.90
2022.03.09 03:51:36.387,1.09124,1.09128,0.90,0.90
2022.03.09 03:51:42.391,1.09124,1.09127,1.89,1.35
2022.03.09 03:51:42.761,1.09123,1.09126,0.90,0.90
2022.03.09 03:51:44.301,1.09121,1.09126,0.99,0.90
2022.03.09 03:51:46.720,1.09123,1.09127,0.90,1.35
2022.03.09 03:51:58.159,1.09123,1.09128,1.89,0.90
2022.03.09 03:51:58.262,1.09124,1.09128,0.99,0.90
2022.03.09 03:51:58.382,1.09124,1.09129,0.99,1.35
2022.03.09 03:52:00.258,1.09124,1.09128,0.99,0.90
2022.03.09 03:52:00.461,1.09124,1.09126,0.90,0.90
2022.03.09 03:52:03.895,1.09123,1.09128,1.21,0.90
2022.03.09 03:52:03.997,1.09124,1.09128,0.99,0.90
2022.03.09 03:52:04.099,1.09124,1.09129,2.34,1.35
2022.03.09 03:52:06.040,1.09125,1.09129,0.99,0.90
2022.03.09 03:52:07.073,1.09124,1.09129,3.69,0.90
2022.03.09 03:52:07.312,1.09124,1.09127,0.99,0.90
2022.03.09 03:52:08.865,1.09123,1.09127,0.90,0.90
2022.03.09 03:52:08.916,1.09121,1.09126,1.89,0.90
2022.03.09 03:52:09.976,1.09121,1.09125,0.99,0.90
2022.03.09 03:52:10.207,1.0912,1.09124,1.89,0.90
2022.03.09 03:52:10.309,1.0912,1.09123,0.12,0.90
2022.03.09 03:52:11.838,1.0912,1.09124,0.99,0.90
2022.03.09 03:52:15.650,1.09119,1.09123,1.89,0.90
2022.03.09 03:52:16.011,1.09119,1.09122,0.90,0.90
2022.03.09 03:52:16.062,1.09117,1.09122,0.99,0.90
2022.03.09 03:52:18.182,1.09117,1.09121,0.90,0.90
2022.03.09 03:52:18.284,1.09116,1.09121,4.59,0.90
2022.03.09 03:52:19.622,1.09116,1.0912,4.59,0.90
2022.03.09 03:52:20.111,1.09116,1.09119,3.60,0.90
2022.03.09 03:52:21.346,1.09116,1.0912,3.69,0.90
2022.03.09 03:52:21.519,1.09117,1.09121,1.12,0.90
2022.03.09 03:52:21.570,1.09118,1.09123,1.89,1.35
2022.03.09 03:52:21.672,1.09119,1.09123,0.90,1.35
2022.03.09 03:52:21.875,1.09117,1.09122,0.99,0.90
2022.03.09 03:52:21.977,1.09117,1.09121,0.12,0.90
2022.03.09 03:52:22.998,1.09116,1.09121,4.59,0.90
2022.03.09 03:52:23.117,1.09116,1.0912,4.59,0.90
2022.03.09 03:52:24.917,1.09116,1.09119,3.60,0.90
2022.03.09 03:52:25.019,1.09116,1.09118,3.60,0.90
2022.03.09 03:52:25.070,1.09114,1.09118,0.90,0.90
2022.03.09 03:52:25.172,1.09113,1.09118,1.89,0.90
2022.03.09 03:52:26.837,1.09114,1.09118,0.90,0.90
2022.03.09 03:52:27.041,1.09115,1.09119,1.80,0.90
2022.03.09 03:52:37.335,1.09113,1.09118,1.89,0.90
2022.03.09 03:52:37.437,1.09114,1.09118,0.99,0.90
2022.03.09 03:52:38.113,1.09113,1.09118,0.99,0.90
2022.03.09 03:52:43.645,1.09113,1.09116,0.99,0.90
2022.03.09 03:52:44.790,1.09113,1.09117,0.12,0.90
2022.03.09 03:52:44.943,1.09115,1.09117,0.90,0.90
2022.03.09 03:52:45.318,1.09114,1.09119,0.99,1.35
2022.03.09 03:52:46.207,1.09113,1.09118,2.34,0.90
2022.03.09 03:52:48.264,1.09114,1.09118,0.90,0.90
2022.03.09 03:52:49.284,1.09114,1.09119,0.99,0.90
2022.03.09 03:52:49.561,1.09113,1.09117,1.89,0.90
2022.03.09 03:52:50.074,1.09113,1.09116,0.90,0.90
2022.03.09 03:52:50.459,1.09113,1.09117,1.80,0.90
2022.03.09 03:52:53.861,1.09113,1.09116,0.90,0.90
2022.03.09 03:52:56.131,1.0911,1.09114,0.90,0.90
2022.03.09 03:52:56.233,1.09108,1.09113,0.99,0.90
2022.03.09 03:52:58.094,1.09109,1.09114,4.36,1.35
2022.03.09 03:52:58.196,1.09111,1.09114,1.89,1.35
2022.03.09 03:52:58.298,1.0911,1.09114,1.89,0.90
2022.03.09 03:52:58.575,1.0911,1.09115,1.89,1.35
2022.03.09 03:52:58.728,1.09111,1.09115,0.90,1.35
2022.03.09 03:52:58.857,1.09111,1.09114,1.89,1.35
2022.03.09 03:52:58.959,1.09111,1.09115,0.90,1.35
2022.03.09 03:53:00.470,1.09111,1.09116,1.89,1.35
2022.03.09 03:53:00.623,1.09113,1.09117,0.90,0.90
2022.03.09 03:53:02.949,1.09113,1.09118,0.99,0.90
2022.03.09 03:53:05.233,1.09114,1.09119,0.90,1.89
2022.03.09 03:53:05.690,1.09114,1.09117,0.99,0.90
2022.03.09 03:53:05.919,1.09113,1.09117,0.99,0.90
2022.03.09 03:53:08.965,1.09113,1.09118,0.99,1.80
2022.03.09 03:53:19.055,1.09113,1.09117,0.90,0.90
2022.03.09 03:53:21.373,1.09112,1.09116,0.99,0.90
2022.03.09 03:53:21.497,1.09111,1.09114,2.34,0.90
2022.03.09 03:53:21.599,1.0911,1.09112,0.12,0.90
2022.03.09 03:53:21.701,1.09107,1.0911,0.12,0.90
2022.03.09 03:53:21.804,1.09106,1.09108,0.12,0.90
2022.03.09 03:53:21.855,1.09102,1.09105,3.24,0.90
2022.03.09 03:53:21.957,1.09102,1.09106,0.99,0.90
2022.03.09 03:53:26.297,1.09103,1.09106,0.12,0.90
2022.03.09 03:53:26.398,1.09102,1.09106,0.99,0.90
2022.03.09 03:53:27.602,1.09103,1.09106,0.90,0.90
2022.03.09 03:53:28.173,1.09102,1.09106,1.44,0.90
2022.03.09 03:53:31.010,1.09103,1.09106,0.90,0.90
2022.03.09 03:53:31.315,1.09102,1.09106,1.44,0.90
2022.03.09 03:53:32.139,1.09103,1.09106,0.90,0.90
2022.03.09 03:53:32.241,1.09103,1.09107,1.44,0.90
2022.03.09 03:53:32.343,1.09102,1.09106,3.24,0.90
2022.03.09 03:53:35.640,1.09103,1.09106,0.90,0.90
2022.03.09 03:53:36.958,1.09102,1.09106,2.34,0.90
2022.03.09 03:53:37.241,1.09102,1.09103,0.90,0.90
2022.03.09 03:53:37.343,1.09101,1.09103,1.89,0.90
2022.03.09 03:53:37.445,1.09099,1.09102,1.89,0.90
2022.03.09 03:53:37.902,1.09098,1.09102,1.12,0.90
2022.03.09 03:53:38.389,1.09097,1.09101,0.90,0.90
2022.03.09 03:53:38.491,1.09099,1.09102,1.12,0.90
2022.03.09 03:53:41.530,1.091,1.09102,1.12,0.90
2022.03.09 03:53:41.684,1.09101,1.09103,2.92,1.35
2022.03.09 03:53:41.787,1.09102,1.09103,0.22,1.35
2022.03.09 03:53:41.889,1.09102,1.09105,0.90,0.45
2022.03.09 03:53:41.941,1.091,1.09105,4.36,1.35
2022.03.09 03:53:42.520,1.091,1.09104,2.25,0.45
2022.03.09 03:53:42.622,1.091,1.09105,3.15,1.80
2022.03.09 03:53:43.497,1.091,1.09104,0.90,0.90
2022.03.09 03:53:43.599,1.09099,1.09103,0.99,0.90
2022.03.09 03:53:43.650,1.09098,1.09101,0.12,0.90
2022.03.09 03:53:43.752,1.09097,1.091,0.12,0.90
2022.03.09 03:53:43.854,1.09096,1.09099,0.12,0.90
2022.03.09 03:53:43.956,1.09095,1.09098,0.12,0.90
2022.03.09 03:53:44.059,1.09093,1.09096,0.12,0.90
2022.03.09 03:53:44.161,1.09094,1.09097,0.12,0.90
2022.03.09 03:53:45.588,1.09094,1.09098,0.99,0.90
2022.03.09 03:53:45.741,1.09096,1.09099,1.44,0.90
2022.03.09 03:53:46.625,1.09095,1.09098,0.12,0.90
2022.03.09 03:53:48.423,1.09094,1.09097,0.12,0.90
2022.03.09 03:53:48.576,1.09093,1.09097,0.99,0.90
2022.03.09 03:53:49.754,1.09092,1.09095,0.12,0.90
2022.03.09 03:53:49.856,1.09091,1.09095,0.54,0.90
2022.03.09 03:53:59.440,1.09088,1.09092,0.99,0.90
2022.03.09 03:53:59.593,1.09087,1.09092,4.36,0.90
2022.03.09 03:53:59.868,1.09089,1.09091,0.90,0.90
2022.03.09 03:53:59.970,1.09087,1.09092,3.46,0.90
2022.03.09 03:54:00.917,1.09088,1.09092,0.90,0.90
2022.03.09 03:54:01.019,1.09087,1.09092,3.01,0.90
2022.03.09 03:54:05.453,1.09086,1.09091,1.44,1.12
2022.03.09 03:54:05.610,1.09086,1.0909,2.34,0.90
2022.03.09 03:54:05.893,1.09085,1.0909,3.46,0.90
2022.03.09 03:54:06.288,1.09086,1.0909,0.90,0.90
2022.03.09 03:54:06.390,1.09085,1.0909,3.46,0.90
2022.03.09 03:54:11.952,1.09083,1.09087,0.99,0.90
2022.03.09 03:54:12.054,1.09082,1.09086,4.36,0.90
2022.03.09 03:54:13.057,1.09083,1.09088,2.11,1.80
2022.03.09 03:54:14.066,1.09084,1.09088,0.12,1.80
2022.03.09 03:54:15.384,1.09085,1.09086,0.12,0.90
2022.03.09 03:54:23.047,1.09085,1.09087,0.90,0.90
2022.03.09 03:54:23.149,1.09085,1.09088,0.99,0.90
2022.03.09 03:54:23.251,1.09087,1.09088,1.44,0.90
2022.03.09 03:54:23.661,1.09085,1.09089,0.99,0.90
2022.03.09 03:54:23.764,1.09086,1.09087,0.12,0.90
2022.03.09 03:54:25.275,1.09084,1.09088,0.99,0.90
2022.03.09 03:54:25.377,1.09083,1.09087,1.89,0.90
2022.03.09 03:54:25.644,1.09084,1.09087,0.12,0.90
2022.03.09 03:54:31.188,1.09083,1.09086,0.12,0.90
2022.03.09 03:54:31.290,1.09082,1.09085,0.12,0.90
2022.03.09 03:54:37.711,1.09079,1.09081,4.50,0.22
2022.03.09 03:54:37.813,1.09079,1.09082,4.50,0.31
2022.03.09 03:54:37.915,1.09077,1.09079,3.60,0.90
2022.03.09 03:54:41.888,1.09072,1.09076,2.11,0.90
2022.03.09 03:54:41.991,1.0907,1.09073,7.20,0.12
2022.03.09 03:54:42.093,1.09068,1.09071,0.12,0.90
2022.03.09 03:54:42.144,1.09071,1.09073,0.90,0.99
2022.03.09 03:54:42.246,1.09069,1.09073,1.21,0.90
2022.03.09 03:54:42.399,1.0907,1.09073,0.12,0.90
2022.03.09 03:54:42.665,1.0907,1.09074,1.89,0.90
2022.03.09 03:54:42.717,1.09072,1.09075,0.12,0.90
2022.03.09 03:54:42.819,1.09072,1.09076,0.12,0.90
2022.03.09 03:54:53.273,1.09072,1.09075,0.12,0.90
2022.03.09 03:54:53.775,1.09069,1.09072,0.12,0.90
2022.03.09 03:54:53.877,1.09068,1.09073,0.99,0.99
2022.03.09 03:54:54.235,1.0907,1.09074,1.89,0.90
2022.03.09 03:54:55.265,1.09071,1.09074,0.90,0.90
2022.03.09 03:54:55.676,1.09071,1.09072,0.99,0.90
2022.03.09 03:54:55.778,1.0907,1.09074,0.12,0.90
2022.03.09 03:54:55.880,1.0907,1.09073,0.99,0.99
2022.03.09 03:55:01.752,1.09069,1.09073,0.99,0.90
2022.03.09 03:55:03.025,1.0907,1.09073,0.90,1.80
2022.03.09 03:55:04.114,1.09068,1.09072,0.99,0.90
2022.03.09 03:55:04.165,1.09067,1.0907,0.12,0.90
2022.03.09 03:55:04.267,1.09066,1.09069,4.50,0.90
2022.03.09 03:55:04.369,1.09065,1.09069,0.99,0.90
2022.03.09 03:55:09.575,1.09064,1.09068,0.12,1.35
2022.03.09 03:55:10.051,1.09064,1.09069,0.99,0.99
2022.03.09 03:55:11.745,1.09065,1.09069,2.79,0.90
2022.03.09 03:55:11.910,1.09064,1.09069,0.99,0.99
2022.03.09 03:55:12.011,1.09066,1.0907,0.12,1.80
2022.03.09 03:55:13.536,1.09067,1.0907,0.12,0.90
2022.03.09 03:55:13.689,1.0907,1.09074,3.91,0.90
2022.03.09 03:55:13.791,1.09071,1.09076,2.25,1.44
2022.03.09 03:55:14.208,1.09071,1.09075,0.45,0.90
2022.03.09 03:55:20.569,1.09071,1.09076,2.34,2.25
2022.03.09 03:55:20.672,1.09072,1.09076,0.90,2.25
2022.03.09 03:55:23.834,1.09071,1.09076,1.89,1.12
2022.03.09 03:55:28.797,1.09071,1.09075,2.79,0.90
2022.03.09 03:55:30.133,1.0907,1.09074,2.11,0.90
2022.03.09 03:55:31.591,1.09071,1.09072,0.90,0.90
2022.03.09 03:55:32.020,1.09068,1.09073,2.11,0.90
2022.03.09 03:55:32.393,1.09068,1.09072,1.21,0.90
2022.03.09 03:55:34.540,1.09067,1.09072,1.44,0.90
2022.03.09 03:55:34.643,1.09068,1.0907,1.44,0.90
2022.03.09 03:55:34.745,1.09067,1.09072,0.99,1.35
2022.03.09 03:55:34.847,1.09068,1.09072,0.12,1.35
2022.03.09 03:55:34.949,1.09067,1.09072,0.99,1.35
2022.03.09 03:55:37.227,1.09069,1.09071,0.12,0.90
2022.03.09 03:55:37.431,1.09066,1.09071,2.11,0.90
2022.03.09 03:55:39.319,1.09068,1.09071,1.44,1.80
2022.03.09 03:55:42.629,1.09068,1.09072,0.12,0.90
2022.03.09 03:55:48.507,1.09067,1.09071,1.44,0.90
2022.03.09 03:55:48.880,1.09065,1.0907,3.01,0.90
2022.03.09 03:55:48.982,1.09065,1.09069,2.56,0.90
2022.03.09 03:55:52.319,1.09064,1.09067,0.22,0.90
2022.03.09 03:55:52.370,1.09062,1.09066,1.21,0.90
2022.03.09 03:55:52.472,1.09062,1.09067,1.21,0.90
2022.03.09 03:55:53.347,1.09064,1.09068,2.11,0.90
2022.03.09 03:55:53.449,1.09065,1.09069,0.22,1.80
2022.03.09 03:55:53.551,1.09064,1.09069,1.21,1.80
2022.03.09 03:55:54.000,1.09065,1.09069,0.90,1.80
2022.03.09 03:55:54.146,1.09064,1.09069,2.11,1.80
2022.03.09 03:55:54.383,1.09065,1.09069,2.02,1.80
2022.03.09 03:55:57.971,1.09065,1.09067,0.90,0.90
2022.03.09 03:56:01.343,1.09063,1.09067,0.90,1.35
2022.03.09 03:56:01.445,1.09063,1.09065,0.99,0.90
2022.03.09 03:56:01.598,1.09063,1.09066,0.99,0.45
2022.03.09 03:56:01.700,1.09063,1.09067,0.99,0.90
2022.03.09 03:56:02.343,1.09063,1.09068,0.99,0.90
2022.03.09 03:56:02.727,1.09064,1.09068,0.90,0.90
2022.03.09 03:56:03.532,1.09063,1.09067,0.90,0.90
2022.03.09 03:56:03.685,1.09061,1.09066,2.11,0.90
2022.03.09 03:56:03.787,1.09062,1.09066,0.99,0.90
2022.03.09 03:56:04.041,1.09062,1.09067,1.21,1.80
2022.03.09 03:56:07.348,1.09061,1.09065,0.99,1.35
2022.03.09 03:56:07.603,1.09061,1.09063,0.99,0.90
2022.03.09 03:56:08.590,1.09059,1.09063,0.90,0.99
2022.03.09 03:56:08.692,1.09057,1.09061,0.99,0.90
2022.03.09 03:56:08.794,1.09057,1.0906,0.12,0.90
2022.03.09 03:56:09.277,1.09057,1.09061,0.99,0.90
2022.03.09 03:56:09.733,1.09059,1.09062,0.90,1.21
2022.03.09 03:56:09.885,1.09057,1.09061,0.99,0.90
2022.03.09 03:56:11.656,1.09056,1.0906,1.44,0.90
2022.03.09 03:56:16.068,1.09058,1.09059,0.99,0.90
2022.03.09 03:56:16.119,1.09059,1.09063,0.99,1.35
2022.03.09 03:56:16.222,1.09058,1.09062,2.34,0.90
2022.03.09 03:56:16.324,1.09059,1.09063,0.99,1.35
2022.03.09 03:56:17.029,1.09059,1.09064,1.44,0.99
2022.03.09 03:56:17.640,1.09061,1.09065,2.34,0.90
2022.03.09 03:56:17.743,1.09063,1.09064,0.12,0.90
2022.03.09 03:56:17.846,1.09064,1.09065,0.12,0.90
2022.03.09 03:56:18.049,1.09064,1.09067,0.90,0.90
2022.03.09 03:56:18.264,1.09065,1.09067,0.90,1.80
2022.03.09 03:56:21.666,1.09063,1.09067,0.90,0.90
2022.03.09 03:56:21.895,1.09064,1.09068,0.90,0.90
2022.03.09 03:56:29.156,1.09065,1.09068,0.12,0.90
2022.03.09 03:56:31.217,1.09065,1.09069,0.99,0.90
2022.03.09 03:56:31.319,1.09066,1.0907,0.99,0.90
2022.03.09 03:56:37.713,1.09067,1.09071,0.90,1.21
2022.03.09 03:56:39.261,1.09067,1.0907,0.90,1.21
2022.03.09 03:56:40.394,1.09066,1.0907,0.90,0.22
2022.03.09 03:56:42.147,1.09066,1.09071,0.90,0.99
2022.03.09 03:56:42.457,1.09067,1.09071,0.99,0.90
2022.03.09 03:56:42.508,1.09072,1.09073,2.25,0.45
2022.03.09 03:56:42.560,1.0907,1.09071,0.90,0.90
2022.03.09 03:56:42.662,1.09068,1.09072,0.99,0.45
2022.03.09 03:56:42.764,1.09069,1.09072,0.90,0.45
2022.03.09 03:56:42.866,1.09068,1.09072,0.99,0.45
2022.03.09 03:56:43.019,1.09069,1.09072,0.99,0.90
2022.03.09 03:56:44.025,1.09069,1.09073,0.90,0.90
2022.03.09 03:56:57.723,1.09067,1.09072,0.99,1.80
2022.03.09 03:56:57.775,1.09066,1.0907,0.90,0.90
2022.03.09 03:57:00.238,1.09068,1.09072,0.90,1.35
2022.03.09 03:57:01.933,1.09068,1.09073,0.99,2.02
2022.03.09 03:57:03.981,1.09068,1.09072,0.99,0.22
2022.03.09 03:57:04.757,1.09068,1.09073,0.99,2.02
2022.03.09 03:57:11.685,1.09067,1.09071,0.90,0.90
2022.03.09 03:57:13.264,1.09066,1.0907,0.90,1.12
2022.03.09 03:57:13.366,1.09064,1.09069,0.99,1.12
2022.03.09 03:57:13.519,1.09063,1.09068,0.99,0.90
2022.03.09 03:57:13.723,1.09062,1.09067,0.99,0.90
2022.03.09 03:57:13.825,1.0906,1.09064,0.90,0.90
2022.03.09 03:57:14.241,1.09059,1.09064,1.89,1.12
2022.03.09 03:57:19.738,1.0906,1.09064,0.90,0.90
2022.03.09 03:57:25.561,1.09059,1.09063,0.99,0.90
2022.03.09 03:57:26.205,1.09058,1.09061,0.12,1.12
2022.03.09 03:57:26.256,1.09056,1.0906,3.15,1.12
2022.03.09 03:57:26.358,1.09055,1.09059,5.49,0.90
2022.03.09 03:57:26.460,1.09054,1.09059,0.99,0.90
2022.03.09 03:57:31.200,1.09056,1.09061,1.44,2.02
2022.03.09 03:57:31.302,1.09056,1.0906,0.90,2.47
2022.03.09 03:57:31.455,1.09055,1.0906,1.21,4.05
2022.03.09 03:57:31.557,1.09055,1.09059,1.89,0.90
2022.03.09 03:57:31.659,1.09055,1.0906,0.99,0.90
2022.03.09 03:57:31.761,1.09057,1.09059,0.99,0.90
2022.03.09 03:57:32.019,1.09055,1.0906,0.99,0.90
2022.03.09 03:57:32.121,1.09054,1.09059,0.99,0.90
2022.03.09 03:57:32.224,1.09052,1.09054,1.44,0.90
2022.03.09 03:57:33.067,1.0905,1.09055,3.01,0.90
2022.03.09 03:57:35.007,1.09052,1.09055,0.99,0.90
2022.03.09 03:57:35.109,1.09052,1.09056,1.89,0.90
2022.03.09 03:57:35.211,1.09053,1.09057,0.99,1.80
2022.03.09 03:57:35.668,1.09054,1.09058,0.90,0.90
2022.03.09 03:57:36.071,1.09055,1.09059,0.90,0.90
2022.03.09 03:57:36.514,1.09056,1.0906,0.90,1.35
2022.03.09 03:57:41.233,1.09057,1.0906,0.99,1.80
2022.03.09 03:57:41.386,1.09057,1.09061,1.89,0.90
2022.03.09 03:57:41.488,1.09055,1.09059,1.12,0.90
2022.03.09 03:57:42.217,1.09056,1.0906,0.90,0.90
2022.03.09 03:57:46.629,1.09057,1.09061,0.99,1.80
2022.03.09 03:57:46.731,1.09056,1.0906,0.90,0.90
2022.03.09 03:57:46.833,1.09056,1.09058,0.99,0.90
2022.03.09 03:57:47.723,1.09054,1.09059,1.89,0.90
2022.03.09 03:57:51.874,1.09057,1.09059,0.99,0.90
2022.03.09 03:57:52.027,1.09056,1.09059,0.12,0.90
2022.03.09 03:57:52.129,1.09055,1.09059,1.89,0.90
2022.03.09 03:57:56.311,1.09056,1.0906,0.12,0.90
2022.03.09 03:57:57.912,1.09055,1.0906,1.89,0.90
2022.03.09 03:58:18.154,1.09056,1.0906,2.11,0.90
2022.03.09 03:58:18.256,1.09057,1.0906,1.21,0.90
2022.03.09 03:58:18.358,1.09056,1.09059,0.99,0.90
2022.03.09 03:58:18.460,1.09056,1.0906,0.99,0.90
2022.03.09 03:58:19.729,1.0906,1.09062,1.89,0.90
2022.03.09 03:58:19.832,1.0906,1.09064,1.12,0.90
2022.03.09 03:58:20.137,1.09059,1.09064,0.90,0.90
2022.03.09 03:58:20.391,1.09059,1.09063,0.90,0.90
2022.03.09 03:58:23.500,1.09058,1.09062,0.90,0.90
2022.03.09 03:58:25.201,1.09059,1.09063,0.90,0.90
2022.03.09 03:58:28.181,1.09058,1.09062,0.90,0.90
2022.03.09 03:58:31.531,1.09058,1.09063,0.90,0.90
2022.03.09 03:58:32.423,1.09059,1.09063,0.90,0.90
2022.03.09 03:58:34.893,1.09061,1.09065,2.25,0.90
2022.03.09 03:58:35.046,1.09062,1.09065,0.90,0.90
2022.03.09 03:58:36.819,1.09062,1.09067,0.90,1.80
2022.03.09 03:58:44.032,1.09061,1.09065,0.90,1.35
2022.03.09 03:58:44.286,1.09058,1.09063,1.12,0.90
2022.03.09 03:58:44.388,1.09058,1.09062,0.90,0.90
2022.03.09 03:58:46.297,1.09059,1.09063,0.90,0.90
2022.03.09 03:58:47.107,1.09058,1.09063,1.12,0.90
2022.03.09 03:58:48.258,1.09059,1.09063,0.90,0.90
2022.03.09 03:58:48.926,1.0906,1.09064,0.90,0.90
2022.03.09 03:58:50.451,1.0906,1.09065,1.12,0.90
2022.03.09 03:58:50.604,1.09061,1.09065,1.12,0.90
2022.03.09 03:58:50.846,1.0906,1.09065,2.02,0.90
2022.03.09 03:58:56.130,1.09061,1.09065,0.90,0.90
2022.03.09 03:58:56.232,1.09062,1.09066,0.90,1.35
2022.03.09 03:58:56.283,1.09064,1.09067,0.90,0.90
2022.03.09 03:58:56.385,1.09064,1.09068,0.90,0.90
2022.03.09 03:58:56.537,1.09064,1.09067,0.90,0.90
2022.03.09 03:58:56.690,1.09064,1.09068,0.90,0.90
2022.03.09 03:58:57.376,1.09064,1.09069,0.90,0.90
2022.03.09 03:58:58.299,1.09066,1.0907,0.90,1.80
2022.03.09 03:58:58.401,1.09067,1.09071,0.90,1.80
2022.03.09 03:58:58.503,1.09068,1.09071,0.90,0.90
2022.03.09 03:58:58.656,1.09068,1.09073,0.90,0.90
2022.03.09 03:58:58.859,1.09068,1.09072,0.90,0.90
2022.03.09 03:59:01.234,1.09069,1.09074,0.90,0.90
2022.03.09 03:59:01.336,1.09068,1.09073,0.90,1.80
2022.03.09 03:59:02.310,1.09067,1.09071,0.90,0.90
2022.03.09 03:59:02.463,1.09066,1.0907,1.12,0.90
2022.03.09 03:59:05.728,1.09064,1.09067,0.22,0.90
2022.03.09 03:59:05.831,1.09065,1.09067,1.12,0.90
2022.03.09 03:59:12.869,1.09064,1.09069,1.12,0.90
2022.03.09 03:59:12.971,1.09066,1.09069,1.12,1.35
2022.03.09 03:59:13.073,1.09066,1.0907,1.12,1.35
2022.03.09 03:59:13.175,1.09068,1.0907,0.90,0.90
2022.03.09 03:59:13.484,1.09066,1.0907,0.90,1.80
2022.03.09 03:59:15.051,1.09065,1.09069,0.90,0.90
2022.03.09 03:59:15.280,1.09063,1.09068,1.80,1.80
2022.03.09 03:59:15.381,1.09063,1.09067,0.90,0.90
2022.03.09 03:59:15.534,1.09063,1.09068,0.90,1.80
2022.03.09 03:59:17.039,1.09063,1.09067,0.90,0.90
2022.03.09 03:59:17.141,1.09062,1.09066,0.90,0.90
2022.03.09 03:59:17.243,1.09062,1.09064,0.90,0.90
2022.03.09 03:59:30.892,1.09061,1.09066,3.01,0.90
2022.03.09 03:59:30.994,1.09062,1.09066,2.11,0.90
2022.03.09 03:59:31.046,1.09064,1.09067,1.12,0.90
2022.03.09 03:59:31.148,1.09065,1.09067,0.90,0.90
2022.03.09 03:59:31.609,1.09065,1.09069,0.90,1.80
2022.03.09 03:59:32.017,1.09066,1.09069,1.66,0.90
2022.03.09 03:59:32.119,1.09067,1.09069,1.21,0.90
2022.03.09 03:59:34.093,1.09068,1.09073,1.12,0.99
2022.03.09 03:59:34.398,1.09067,1.09069,0.90,0.90
2022.03.09 03:59:34.601,1.09066,1.09069,0.90,0.90
2022.03.09 03:59:43.074,1.09066,1.09071,0.90,0.99
2022.03.09 03:59:49.861,1.09068,1.09072,0.90,1.80
2022.03.09 03:59:50.064,1.09068,1.09073,0.99,0.90
2022.03.09 03:59:50.166,1.09067,1.09072,2.56,0.90
2022.03.09 03:59:50.268,1.09069,1.09073,0.99,0.90
2022.03.09 03:59:50.370,1.0907,1.09074,0.90,1.80
2022.03.09 03:59:52.025,1.09071,1.09075,1.21,0.90
2022.03.09 03:59:52.127,1.09072,1.09076,0.90,1.35
2022.03.09 03:59:52.631,1.09073,1.09076,2.02,1.80
2022.03.09 03:59:52.733,1.09074,1.09076,2.11,1.80
2022.03.09 03:59:54.086,1.09073,1.09076,1.21,0.90
2022.03.09 03:59:58.009,1.09072,1.09076,0.90,1.80
