2018.08.09 18:00:00.705,1.15575,1.15578,1.57,1.50
2018.08.09 18:00:01.280,1.15575,1.15578,4.76,1.69
2018.08.09 18:00:07.776,1.15575,1.15578,3.45,1.00
2018.08.09 18:00:08.553,1.15575,1.15578,2.62,1.87
2018.08.09 18:00:08.986,1.15573,1.15575,5.85,4.00
2018.08.09 18:00:09.091,1.1557,1.15573,2.62,2.29
2018.08.09 18:00:09.282,1.1557,1.15572,4.95,1.00
2018.08.09 18:00:09.339,1.1557,1.15573,6.45,3.75
2018.08.09 18:00:10.089,1.15569,1.15572,6.79,1.00
2018.08.09 18:00:10.213,1.15569,1.15572,3.37,2.25
2018.08.09 18:00:10.733,1.15569,1.15573,7.20,1.87
2018.08.09 18:00:11.893,1.1557,1.15572,1.95,1.00
2018.08.09 18:00:12.403,1.15569,1.15573,2.51,3.64
2018.08.09 18:00:13.107,1.15569,1.15572,4.01,1.00
2018.08.09 18:00:13.638,1.15569,1.15573,2.51,3.64
2018.08.09 18:00:14.170,1.15569,1.15572,4.01,1.00
2018.08.09 18:00:15.022,1.15569,1.15573,2.51,2.14
2018.08.09 18:00:15.802,1.15569,1.15572,7.57,1.00
2018.08.09 18:00:16.313,1.15569,1.15574,3.26,4.61
2018.08.09 18:00:16.869,1.1557,1.15574,3.15,1.57
2018.08.09 18:00:17.477,1.15571,1.15574,1.00,1.87
2018.08.09 18:00:18.013,1.1557,1.15574,4.20,1.50
2018.08.09 18:00:18.899,1.1557,1.15573,2.62,1.00
2018.08.09 18:00:19.421,1.15571,1.15572,1.25,1.00
2018.08.09 18:00:20.452,1.1557,1.15574,2.62,2.81
2018.08.09 18:00:21.019,1.15571,1.15574,1.00,4.01
2018.08.09 18:00:21.883,1.1557,1.15574,3.07,3.64
2018.08.09 18:00:24.111,1.15571,1.15573,1.25,1.25
2018.08.09 18:00:25.198,1.1557,1.15573,1.76,1.69
2018.08.09 18:00:25.780,1.15569,1.1557,1.39,1.00
2018.08.09 18:00:26.029,1.15564,1.15566,1.87,1.50
2018.08.09 18:00:26.134,1.15563,1.15566,3.82,2.85
2018.08.09 18:00:26.395,1.15563,1.15566,3.00,1.00
2018.08.09 18:00:26.966,1.15563,1.15565,1.00,5.81
2018.08.09 18:00:27.018,1.1556,1.15564,1.95,7.31
2018.08.09 18:00:27.069,1.1556,1.15562,1.20,2.62
2018.08.09 18:00:28.141,1.15559,1.15563,1.57,4.42
2018.08.09 18:00:30.400,1.15558,1.15562,6.08,1.00
2018.08.09 18:00:31.597,1.15558,1.15562,6.64,1.50
2018.08.09 18:00:33.097,1.15556,1.15559,1.50,1.12
2018.08.09 18:00:33.431,1.15555,1.15558,1.47,1.50
2018.08.09 18:00:34.298,1.15556,1.15559,1.00,7.72
2018.08.09 18:00:35.544,1.15554,1.15555,1.57,1.00
2018.08.09 18:00:36.045,1.15554,1.15556,1.50,1.12
2018.08.09 18:00:36.677,1.15554,1.15557,1.57,3.37
2018.08.09 18:00:42.190,1.15553,1.15556,5.14,1.87
2018.08.09 18:00:42.353,1.1555,1.15553,4.01,1.50
2018.08.09 18:00:42.894,1.1555,1.15553,3.64,1.00
2018.08.09 18:00:43.309,1.15552,1.15554,1.31,1.72
2018.08.09 18:00:43.511,1.15554,1.15558,3.45,3.56
2018.08.09 18:00:44.204,1.15555,1.15557,1.00,1.50
2018.08.09 18:00:44.821,1.15554,1.15558,3.45,3.94
2018.08.09 18:00:44.875,1.15552,1.15556,2.51,1.87
2018.08.09 18:00:45.190,1.15554,1.15557,2.25,1.00
2018.08.09 18:00:46.024,1.15554,1.15559,7.39,7.16
2018.08.09 18:00:46.571,1.15554,1.15558,3.45,1.39
2018.08.09 18:00:47.086,1.15548,1.15549,3.45,1.12
2018.08.09 18:00:47.198,1.15546,1.15549,1.10,5.10
2018.08.09 18:00:47.714,1.15545,1.15549,3.64,2.47
2018.08.09 18:00:48.371,1.15545,1.15549,3.82,2.25
2018.08.09 18:00:52.666,1.15548,1.1555,1.69,8.17
2018.08.09 18:00:52.773,1.15549,1.15553,3.75,3.75
2018.08.09 18:00:52.932,1.15549,1.15552,1.87,4.31
2018.08.09 18:00:53.466,1.15548,1.15552,1.87,4.31
2018.08.09 18:00:54.187,1.15548,1.15551,3.00,3.00
2018.08.09 18:00:54.319,1.15547,1.1555,2.89,1.12
2018.08.09 18:00:54.853,1.15547,1.1555,2.89,1.12
2018.08.09 18:00:55.492,1.15547,1.1555,1.12,2.25
2018.08.09 18:00:56.814,1.15546,1.1555,2.70,1.87
2018.08.09 18:00:57.314,1.15547,1.1555,2.06,1.80
2018.08.09 18:00:57.859,1.15547,1.15551,2.25,10.12
2018.08.09 18:00:58.115,1.15544,1.15548,10.95,1.00
2018.08.09 18:00:58.632,1.15545,1.15548,1.00,1.00
2018.08.09 18:00:59.268,1.15545,1.15549,4.01,2.17
2018.08.09 18:01:00.182,1.15547,1.1555,1.00,4.87
2018.08.09 18:01:00.509,1.15549,1.15551,1.50,2.62
2018.08.09 18:01:01.028,1.15549,1.1555,1.00,1.00
2018.08.09 18:01:01.951,1.1555,1.15551,1.00,1.00
2018.08.09 18:01:02.460,1.15549,1.15552,1.12,3.64
2018.08.09 18:01:02.974,1.1555,1.15552,1.00,5.89
2018.08.09 18:01:03.512,1.15549,1.15551,1.00,1.00
2018.08.09 18:01:04.851,1.15549,1.15552,4.88,1.12
2018.08.09 18:01:05.505,1.15549,1.15552,3.64,1.50
2018.08.09 18:01:06.168,1.15549,1.15552,2.44,3.00
2018.08.09 18:01:06.744,1.15548,1.1555,2.62,1.12
2018.08.09 18:01:07.559,1.15547,1.1555,3.07,1.00
2018.08.09 18:01:08.813,1.15546,1.15549,4.87,2.62
2018.08.09 18:01:09.275,1.15544,1.15545,2.32,2.21
2018.08.09 18:01:09.336,1.15541,1.15544,2.62,3.00
2018.08.09 18:01:09.925,1.15541,1.15544,2.25,1.12
2018.08.09 18:01:11.552,1.15541,1.15544,3.00,1.12
2018.08.09 18:01:13.104,1.15543,1.15546,1.50,3.07
2018.08.09 18:01:13.486,1.15541,1.15545,3.45,1.87
2018.08.09 18:01:15.061,1.15543,1.15545,1.00,1.50
2018.08.09 18:01:15.328,1.15544,1.15546,1.12,1.00
2018.08.09 18:01:16.514,1.15543,1.15548,8.89,3.07
2018.08.09 18:01:17.118,1.15545,1.15548,1.25,3.00
2018.08.09 18:01:17.746,1.15545,1.15548,1.87,2.62
2018.08.09 18:01:18.290,1.15543,1.15547,2.70,1.69
2018.08.09 18:01:18.620,1.15544,1.15547,2.25,1.47
2018.08.09 18:01:19.167,1.15544,1.15547,1.12,3.37
2018.08.09 18:01:19.494,1.15541,1.15544,2.32,4.50
2018.08.09 18:01:19.670,1.15539,1.15541,1.57,1.25
2018.08.09 18:01:20.290,1.15538,1.1554,4.50,1.00
2018.08.09 18:01:21.109,1.15538,1.15542,4.50,11.44
2018.08.09 18:01:21.640,1.15538,1.15541,3.00,1.50
2018.08.09 18:01:23.013,1.15541,1.15543,2.62,2.32
2018.08.09 18:01:23.197,1.15541,1.15545,1.31,4.39
2018.08.09 18:01:23.615,1.15538,1.15542,5.70,2.06
2018.08.09 18:01:23.772,1.15539,1.15543,3.45,3.07
2018.08.09 18:01:24.179,1.15539,1.15541,1.10,1.12
2018.08.09 18:01:24.456,1.15534,1.15537,1.31,2.06
2018.08.09 18:01:24.567,1.15533,1.15535,1.00,3.56
2018.08.09 18:01:24.805,1.15531,1.15534,1.00,7.76
2018.08.09 18:01:24.913,1.15529,1.15532,3.75,1.50
2018.08.09 18:01:25.071,1.1553,1.15534,1.00,6.07
2018.08.09 18:01:25.832,1.15529,1.15534,10.58,6.45
2018.08.09 18:01:26.344,1.1553,1.15533,3.75,1.57
2018.08.09 18:01:27.531,1.15531,1.15533,1.00,3.00
2018.08.09 18:01:27.583,1.15531,1.15534,6.75,1.20
2018.08.09 18:01:28.704,1.15531,1.15535,3.75,3.00
2018.08.09 18:01:29.564,1.15532,1.15534,2.25,1.00
2018.08.09 18:01:30.938,1.15532,1.15533,2.44,1.00
2018.08.09 18:01:31.462,1.15531,1.15534,5.06,1.69
2018.08.09 18:01:32.051,1.15532,1.15533,2.25,1.00
2018.08.09 18:01:32.561,1.15531,1.15534,1.12,2.25
2018.08.09 18:01:34.241,1.15531,1.15533,1.12,1.00
2018.08.09 18:01:35.071,1.1553,1.15535,16.57,3.94
2018.08.09 18:01:38.310,1.1553,1.15534,7.20,1.12
2018.08.09 18:01:39.022,1.1553,1.15534,7.20,1.47
2018.08.09 18:01:39.532,1.15531,1.15534,2.25,1.47
2018.08.09 18:01:41.807,1.15531,1.15534,2.25,1.12
2018.08.09 18:01:41.859,1.15533,1.15535,3.75,3.82
2018.08.09 18:01:42.214,1.15536,1.15537,3.75,2.62
2018.08.09 18:01:42.319,1.15536,1.15539,1.00,1.12
2018.08.09 18:01:43.189,1.15535,1.15539,3.64,1.85
2018.08.09 18:01:44.188,1.15536,1.15538,2.25,1.50
2018.08.09 18:01:44.862,1.15536,1.15539,3.45,4.12
2018.08.09 18:01:45.681,1.15538,1.1554,3.37,1.20
2018.08.09 18:01:45.866,1.15539,1.15542,1.00,1.31
2018.08.09 18:01:46.747,1.15538,1.15543,7.31,8.36
2018.08.09 18:01:47.064,1.15539,1.15542,1.87,2.66
2018.08.09 18:01:48.300,1.15537,1.15539,5.44,1.69
2018.08.09 18:01:48.837,1.15537,1.1554,3.00,4.54
2018.08.09 18:01:49.277,1.15534,1.15536,3.26,1.12
2018.08.09 18:01:49.383,1.15535,1.15539,2.62,1.12
2018.08.09 18:01:49.892,1.15535,1.15539,1.87,4.54
2018.08.09 18:01:50.430,1.15536,1.15539,1.57,1.87
2018.08.09 18:01:50.932,1.15537,1.1554,2.25,11.44
2018.08.09 18:01:51.543,1.15537,1.1554,2.25,5.06
2018.08.09 18:01:51.748,1.15538,1.15541,10.72,1.12
2018.08.09 18:01:52.293,1.15538,1.15539,1.50,1.00
2018.08.09 18:01:52.446,1.15536,1.15539,5.44,1.00
2018.08.09 18:01:52.959,1.15536,1.15538,1.69,1.00
2018.08.09 18:01:54.327,1.15535,1.15537,3.94,1.00
2018.08.09 18:01:54.432,1.15537,1.1554,2.62,4.95
2018.08.09 18:01:55.000,1.15537,1.1554,4.12,1.87
2018.08.09 18:01:55.245,1.15539,1.15542,5.06,4.95
2018.08.09 18:01:55.351,1.1554,1.15544,5.32,1.12
2018.08.09 18:01:55.873,1.1554,1.15544,6.82,4.57
2018.08.09 18:01:56.521,1.1554,1.15542,4.20,1.00
2018.08.09 18:01:57.112,1.1554,1.15543,2.70,1.50
2018.08.09 18:01:58.739,1.15541,1.15544,11.89,1.00
2018.08.09 18:01:59.222,1.1554,1.15543,1.20,1.25
2018.08.09 18:01:59.617,1.1554,1.15541,1.87,1.00
2018.08.09 18:01:59.996,1.1554,1.15543,1.12,2.89
2018.08.09 18:02:00.510,1.15539,1.15543,2.62,1.69
2018.08.09 18:02:01.048,1.15539,1.15543,5.87,2.81
2018.08.09 18:02:02.857,1.1554,1.15543,1.50,1.57
2018.08.09 18:02:03.487,1.1554,1.15543,1.57,1.00
2018.08.09 18:02:04.125,1.15543,1.15544,1.00,1.50
2018.08.09 18:02:04.249,1.15543,1.15546,5.32,4.87
2018.08.09 18:02:04.302,1.15545,1.15547,1.50,1.37
2018.08.09 18:02:04.830,1.15544,1.15546,1.69,2.06
2018.08.09 18:02:05.193,1.15543,1.15548,6.37,5.50
2018.08.09 18:02:05.812,1.15545,1.15548,1.50,6.34
2018.08.09 18:02:06.394,1.15544,1.15548,1.87,3.94
2018.08.09 18:02:08.913,1.1554,1.15541,1.00,2.25
2018.08.09 18:02:09.130,1.15535,1.15538,2.32,2.25
2018.08.09 18:02:09.334,1.15533,1.15536,4.20,1.12
2018.08.09 18:02:09.903,1.15533,1.15538,4.95,8.89
2018.08.09 18:02:10.398,1.15532,1.15535,1.12,1.01
2018.08.09 18:02:11.486,1.15534,1.15536,1.00,2.25
2018.08.09 18:02:11.642,1.15534,1.15537,4.87,1.01
2018.08.09 18:02:12.243,1.15535,1.15538,1.00,1.87
2018.08.09 18:02:14.035,1.15533,1.15535,2.32,1.31
2018.08.09 18:02:14.152,1.15531,1.15535,2.74,6.07
2018.08.09 18:02:14.702,1.15531,1.15535,3.22,6.37
2018.08.09 18:02:15.209,1.15533,1.15535,1.00,1.10
2018.08.09 18:02:15.723,1.15533,1.15536,5.47,1.12
2018.08.09 18:02:17.224,1.15533,1.15537,4.50,5.44
2018.08.09 18:02:19.302,1.15534,1.15537,1.00,7.31
2018.08.09 18:02:19.983,1.15535,1.15537,6.19,2.25
2018.08.09 18:02:20.301,1.15535,1.15539,4.95,1.25
2018.08.09 18:02:21.106,1.15536,1.15539,1.87,2.25
2018.08.09 18:02:23.884,1.15537,1.1554,1.00,8.25
2018.08.09 18:02:24.385,1.15536,1.15539,5.25,1.31
2018.08.09 18:02:28.401,1.15536,1.15539,3.94,1.69
2018.08.09 18:02:32.358,1.15538,1.15541,4.12,3.64
2018.08.09 18:02:32.568,1.1554,1.15544,1.57,2.51
2018.08.09 18:02:33.715,1.1554,1.15543,2.32,1.69
2018.08.09 18:02:35.316,1.1554,1.15543,1.39,1.25
2018.08.09 18:02:35.823,1.1554,1.15543,4.01,1.25
2018.08.09 18:02:38.033,1.1554,1.15543,2.89,1.25
2018.08.09 18:02:39.948,1.1554,1.15543,2.14,1.25
2018.08.09 18:02:41.431,1.1554,1.15544,3.64,2.51
2018.08.09 18:02:43.111,1.1554,1.15544,10.39,7.20
2018.08.09 18:02:43.664,1.1554,1.15544,7.39,4.76
2018.08.09 18:02:44.521,1.1554,1.15544,2.70,1.69
2018.08.09 18:02:45.530,1.1554,1.15544,9.00,5.44
2018.08.09 18:02:47.015,1.1554,1.15543,1.87,1.25
2018.08.09 18:02:48.821,1.15544,1.15545,2.25,2.70
2018.08.09 18:02:49.028,1.15546,1.15549,2.25,2.70
2018.08.09 18:02:49.186,1.1555,1.15551,1.12,2.32
2018.08.09 18:02:49.238,1.1555,1.15553,1.31,4.95
2018.08.09 18:02:49.749,1.1555,1.15553,6.37,2.44
2018.08.09 18:02:50.264,1.1555,1.15553,1.12,1.69
2018.08.09 18:02:50.702,1.15552,1.15555,1.00,6.45
2018.08.09 18:02:51.223,1.15552,1.15555,1.87,1.12
2018.08.09 18:02:52.105,1.15551,1.15554,6.56,1.31
2018.08.09 18:02:53.080,1.15551,1.15555,4.31,2.44
2018.08.09 18:02:53.871,1.1555,1.15554,4.12,4.88
2018.08.09 18:02:54.188,1.15554,1.15555,1.00,1.10
2018.08.09 18:02:54.703,1.15553,1.15556,2.25,3.56
2018.08.09 18:02:55.227,1.15552,1.15556,1.95,5.14
2018.08.09 18:02:55.965,1.15554,1.15557,5.25,1.95
2018.08.09 18:02:56.020,1.15557,1.15558,1.00,1.76
2018.08.09 18:02:56.591,1.15557,1.15559,1.00,3.56
2018.08.09 18:02:57.134,1.15557,1.1556,1.12,2.62
2018.08.09 18:02:57.469,1.15559,1.15561,2.25,1.07
2018.08.09 18:02:57.523,1.1556,1.15563,1.87,2.70
2018.08.09 18:03:00.901,1.15561,1.15563,4.20,1.87
2018.08.09 18:03:01.455,1.1556,1.15563,4.20,1.00
2018.08.09 18:03:03.174,1.15562,1.15564,1.95,1.87
2018.08.09 18:03:03.340,1.15559,1.15561,2.62,1.00
2018.08.09 18:03:03.879,1.15558,1.15561,3.56,2.44
2018.08.09 18:03:03.932,1.1556,1.15562,1.00,1.12
2018.08.09 18:03:05.092,1.15559,1.15562,2.25,1.50
2018.08.09 18:03:05.583,1.15558,1.1556,1.57,1.00
2018.08.09 18:03:06.191,1.15557,1.15559,1.50,1.00
2018.08.09 18:03:07.085,1.15556,1.15558,1.50,1.25
2018.08.09 18:03:07.189,1.15554,1.15557,1.50,4.87
2018.08.09 18:03:07.241,1.15553,1.15555,6.45,1.00
2018.08.09 18:03:07.397,1.15554,1.15558,2.25,5.06
2018.08.09 18:03:07.449,1.15556,1.15559,1.00,5.62
2018.08.09 18:03:10.500,1.15556,1.15559,1.12,7.31
2018.08.09 18:03:10.767,1.15555,1.15559,4.76,3.56
2018.08.09 18:03:11.308,1.15555,1.15558,1.50,1.00
2018.08.09 18:03:11.898,1.15555,1.15557,1.87,1.00
2018.08.09 18:03:12.438,1.15554,1.15558,3.82,1.87
2018.08.09 18:03:13.041,1.15555,1.15557,1.87,1.00
2018.08.09 18:03:13.670,1.15554,1.15558,4.20,4.12
2018.08.09 18:03:14.521,1.15556,1.15559,3.75,1.00
2018.08.09 18:03:15.144,1.15555,1.15558,2.62,1.50
2018.08.09 18:03:15.646,1.15555,1.15558,3.00,1.87
2018.08.09 18:03:16.279,1.15556,1.15558,1.00,1.00
2018.08.09 18:03:16.830,1.15555,1.15558,2.06,1.00
2018.08.09 18:03:17.945,1.15556,1.15559,2.81,2.06
2018.08.09 18:03:18.769,1.15556,1.15559,2.62,1.12
2018.08.09 18:03:19.292,1.15556,1.15559,1.95,3.00
2018.08.09 18:03:19.834,1.15555,1.15559,2.32,5.44
2018.08.09 18:03:20.361,1.15555,1.15557,1.50,1.00
2018.08.09 18:03:26.143,1.15553,1.15555,3.00,1.25
2018.08.09 18:03:26.480,1.15552,1.15555,1.12,3.00
2018.08.09 18:03:26.634,1.15553,1.15556,3.00,1.50
2018.08.09 18:03:27.140,1.15552,1.15555,7.20,1.00
2018.08.09 18:03:27.245,1.15552,1.15555,1.95,3.37
2018.08.09 18:03:27.766,1.15552,1.15554,1.00,2.62
2018.08.09 18:03:28.313,1.1555,1.15553,2.06,1.31
2018.08.09 18:03:29.685,1.1555,1.15554,2.81,4.69
2018.08.09 18:03:30.438,1.1555,1.15554,2.06,4.69
2018.08.09 18:03:31.498,1.1555,1.15554,3.56,5.81
2018.08.09 18:03:32.036,1.15551,1.15554,1.00,3.56
2018.08.09 18:03:33.084,1.15551,1.15554,4.20,1.87
2018.08.09 18:03:33.620,1.15553,1.15556,2.25,1.50
2018.08.09 18:03:34.167,1.15553,1.15557,8.32,1.50
2018.08.09 18:03:35.895,1.15555,1.15557,1.00,2.25
2018.08.09 18:03:37.460,1.15554,1.15557,3.64,1.50
2018.08.09 18:03:38.119,1.15554,1.15557,2.89,1.50
2018.08.09 18:03:40.882,1.15553,1.15556,2.32,5.81
2018.08.09 18:03:41.138,1.15554,1.15558,1.50,3.00
2018.08.09 18:03:41.758,1.15554,1.15557,4.31,1.00
2018.08.09 18:03:42.408,1.15554,1.15558,2.81,3.56
2018.08.09 18:03:43.070,1.15554,1.15557,3.07,1.25
2018.08.09 18:03:43.684,1.15555,1.15558,1.37,4.87
2018.08.09 18:03:45.307,1.15554,1.15558,2.51,3.19
2018.08.09 18:03:45.968,1.15554,1.15557,4.76,1.00
2018.08.09 18:03:46.485,1.15554,1.15558,2.51,3.94
2018.08.09 18:03:48.533,1.15554,1.15558,1.87,3.75
2018.08.09 18:03:49.051,1.15554,1.15558,1.87,3.75
2018.08.09 18:03:49.103,1.15555,1.15557,1.12,1.44
2018.08.09 18:03:49.212,1.15552,1.15555,1.50,10.01
2018.08.09 18:03:49.761,1.15552,1.15553,1.00,1.50
2018.08.09 18:03:50.275,1.15551,1.15552,1.25,1.69
2018.08.09 18:03:57.197,1.1555,1.15553,3.00,1.12
2018.08.09 18:03:59.256,1.15552,1.15555,1.37,1.39
2018.08.09 18:03:59.786,1.1555,1.15554,7.50,3.75
2018.08.09 18:04:00.377,1.1555,1.15553,6.00,1.50
2018.08.09 18:04:02.741,1.1555,1.15554,3.82,4.95
2018.08.09 18:04:03.607,1.15549,1.15551,1.20,1.69
2018.08.09 18:04:04.206,1.15549,1.15552,2.44,3.07
2018.08.09 18:04:05.575,1.15548,1.1555,4.12,1.12
2018.08.09 18:04:05.681,1.15549,1.15552,1.25,1.00
2018.08.09 18:04:05.837,1.15549,1.15552,2.25,1.25
2018.08.09 18:04:06.341,1.15549,1.15553,4.57,1.12
2018.08.09 18:04:07.848,1.15549,1.15553,4.12,1.69
2018.08.09 18:04:08.006,1.1555,1.15554,1.25,3.00
2018.08.09 18:04:08.556,1.1555,1.15554,1.00,6.26
2018.08.09 18:04:09.502,1.1555,1.15552,1.12,1.00
2018.08.09 18:04:10.105,1.1555,1.15553,1.39,1.12
2018.08.09 18:04:10.945,1.1555,1.15553,2.51,1.12
2018.08.09 18:04:11.489,1.1555,1.15554,1.01,2.14
2018.08.09 18:04:11.997,1.1555,1.15553,1.69,1.47
2018.08.09 18:04:13.739,1.1555,1.15553,1.00,1.69
2018.08.09 18:04:14.257,1.1555,1.15553,3.00,1.00
2018.08.09 18:04:14.793,1.15549,1.15553,8.51,1.12
2018.08.09 18:04:15.376,1.1555,1.15553,1.69,1.00
2018.08.09 18:04:16.584,1.15549,1.15552,3.82,1.87
2018.08.09 18:04:19.320,1.1555,1.15553,1.00,3.26
2018.08.09 18:04:21.539,1.15549,1.15553,5.32,4.39
2018.08.09 18:04:27.517,1.1555,1.15554,7.01,4.95
2018.08.09 18:04:28.537,1.15551,1.15554,1.57,1.12
2018.08.09 18:04:29.664,1.15551,1.15555,1.47,5.51
2018.08.09 18:04:30.706,1.15554,1.15556,1.50,3.45
2018.08.09 18:04:30.870,1.15552,1.15555,1.87,4.50
2018.08.09 18:04:32.640,1.15552,1.15555,1.50,2.44
2018.08.09 18:04:32.692,1.15553,1.15556,3.75,4.95
2018.08.09 18:04:33.831,1.15553,1.15556,1.00,6.00
2018.08.09 18:04:33.884,1.15551,1.15554,3.37,1.12
2018.08.09 18:04:34.690,1.15551,1.15555,4.05,1.57
2018.08.09 18:04:35.001,1.15553,1.15557,5.06,2.44
2018.08.09 18:04:43.190,1.15554,1.15557,1.50,5.51
2018.08.09 18:04:43.691,1.15554,1.15555,1.00,1.00
2018.08.09 18:04:44.274,1.15553,1.15556,1.75,2.32
2018.08.09 18:04:44.807,1.15555,1.15558,1.50,3.37
2018.08.09 18:04:50.373,1.15555,1.15558,1.12,2.62
2018.08.09 18:04:53.012,1.15554,1.15555,1.00,1.87
2018.08.09 18:04:53.526,1.15552,1.15555,1.37,1.87
2018.08.09 18:04:55.058,1.15552,1.15555,1.37,3.45
2018.08.09 18:05:05.726,1.15552,1.15554,1.12,1.76
2018.08.09 18:05:08.059,1.15549,1.1555,2.70,1.12
2018.08.09 18:05:08.162,1.15546,1.15549,1.37,1.00
2018.08.09 18:05:09.928,1.15546,1.15549,1.12,4.50
2018.08.09 18:05:15.406,1.15544,1.15546,3.45,1.30
2018.08.09 18:05:17.708,1.15544,1.15548,1.50,6.00
2018.08.09 18:05:18.303,1.15544,1.15547,3.75,1.50
2018.08.09 18:05:20.140,1.15543,1.15546,1.47,1.50
2018.08.09 18:05:20.872,1.15541,1.15543,3.07,1.00
2018.08.09 18:05:21.081,1.15541,1.15544,1.50,3.94
2018.08.09 18:05:31.774,1.15541,1.15545,6.82,4.57
2018.08.09 18:05:32.467,1.15544,1.15547,3.37,1.07
2018.08.09 18:05:32.522,1.15546,1.15548,1.25,1.12
2018.08.09 18:05:33.578,1.15545,1.15549,7.16,1.31
2018.08.09 18:05:56.383,1.1555,1.15551,1.12,1.95
2018.08.09 18:05:56.437,1.15548,1.15549,1.12,1.00
2018.08.09 18:05:56.545,1.15549,1.15553,6.94,2.14
2018.08.09 18:05:56.640,1.1555,1.15553,2.62,1.01
2018.08.09 18:05:57.629,1.1555,1.15553,3.94,1.00
2018.08.09 18:05:57.788,1.15552,1.15554,3.56,1.39
2018.08.09 18:05:58.406,1.15552,1.15555,1.37,2.06
2018.08.09 18:05:59.369,1.15552,1.15554,1.62,1.25
2018.08.09 18:06:00.454,1.15552,1.15556,4.12,6.82
2018.08.09 18:06:00.963,1.15552,1.15556,2.06,3.56
2018.08.09 18:06:01.504,1.15552,1.15555,2.25,1.50
2018.08.09 18:06:02.043,1.15552,1.15555,1.50,4.20
2018.08.09 18:06:02.558,1.15552,1.15555,3.00,3.07
2018.08.09 18:06:07.941,1.15552,1.15554,1.50,2.62
2018.08.09 18:06:08.484,1.15551,1.15555,1.62,5.94
2018.08.09 18:06:10.298,1.15551,1.15552,1.00,1.50
2018.08.09 18:06:10.352,1.15549,1.15551,2.25,1.00
2018.08.09 18:06:11.521,1.15549,1.15552,1.50,1.12
2018.08.09 18:06:11.593,1.15545,1.1555,12.94,7.20
2018.08.09 18:06:11.916,1.15545,1.15549,1.37,12.11
2018.08.09 18:06:12.463,1.15545,1.15547,1.12,1.50
2018.08.09 18:06:14.969,1.15544,1.15548,1.87,3.07
2018.08.09 18:06:15.475,1.15545,1.15548,1.00,4.57
2018.08.09 18:06:17.308,1.15544,1.15548,1.87,1.07
2018.08.09 18:06:17.859,1.15544,1.15548,2.32,1.10
2018.08.09 18:06:18.487,1.15544,1.15548,3.07,1.39
2018.08.09 18:06:19.070,1.15544,1.15549,3.07,5.94
2018.08.09 18:06:19.574,1.15544,1.15549,2.70,7.06
2018.08.09 18:06:20.993,1.15545,1.15548,1.00,1.25
2018.08.09 18:06:21.572,1.15544,1.15549,2.32,5.94
2018.08.09 18:06:21.971,1.15545,1.15548,1.62,1.07
2018.08.09 18:06:22.558,1.15545,1.15548,1.56,2.11
2018.08.09 18:06:23.729,1.15545,1.15549,2.06,5.56
2018.08.09 18:06:24.356,1.15544,1.15549,7.12,4.62
2018.08.09 18:06:25.631,1.15548,1.15549,1.87,1.62
2018.08.09 18:06:25.739,1.1555,1.15552,1.00,3.37
2018.08.09 18:06:26.098,1.15548,1.15551,1.87,2.06
2018.08.09 18:06:26.153,1.15548,1.15553,9.64,3.45
2018.08.09 18:06:27.455,1.15549,1.15553,4.87,4.12
2018.08.09 18:06:28.160,1.15549,1.15553,3.00,2.70
2018.08.09 18:06:29.216,1.15549,1.15553,6.37,3.00
2018.08.09 18:06:29.544,1.1555,1.15553,6.79,1.12
2018.08.09 18:06:30.139,1.15551,1.15554,3.00,1.10
2018.08.09 18:06:30.731,1.15551,1.15554,1.50,1.10
2018.08.09 18:06:32.168,1.15552,1.15554,1.00,3.37
2018.08.09 18:06:42.446,1.15554,1.15556,1.00,4.95
2018.08.09 18:06:42.553,1.15553,1.15556,2.85,3.00
2018.08.09 18:06:43.140,1.15553,1.15555,4.50,1.00
2018.08.09 18:06:43.688,1.15553,1.15556,3.75,3.75
2018.08.09 18:06:45.397,1.15552,1.15555,2.25,2.25
2018.08.09 18:06:46.069,1.15552,1.15555,6.94,1.12
2018.08.09 18:06:47.306,1.15554,1.15557,1.00,3.94
2018.08.09 18:06:47.690,1.15555,1.15557,6.56,1.25
2018.08.09 18:06:48.312,1.15555,1.15558,3.56,2.44
2018.08.09 18:06:49.016,1.15556,1.15557,1.87,1.00
2018.08.09 18:06:49.699,1.15555,1.15558,6.19,3.56
2018.08.09 18:06:50.336,1.15556,1.15557,1.50,1.00
2018.08.09 18:06:50.856,1.15556,1.15557,3.00,1.00
2018.08.09 18:06:51.701,1.15556,1.15558,1.50,3.19
2018.08.09 18:06:52.257,1.15557,1.15559,1.00,3.56
2018.08.09 18:06:52.900,1.15556,1.15559,6.19,2.44
2018.08.09 18:06:53.635,1.15556,1.15559,3.94,1.69
2018.08.09 18:06:54.875,1.15557,1.15559,1.50,3.56
2018.08.09 18:07:06.314,1.15557,1.15559,1.87,1.57
2018.08.09 18:07:12.778,1.15555,1.15557,3.25,7.69
2018.08.09 18:07:12.830,1.15553,1.15555,1.50,4.50
2018.08.09 18:07:12.993,1.15551,1.15553,2.25,1.00
2018.08.09 18:07:13.510,1.15551,1.15554,1.00,2.62
2018.08.09 18:07:14.415,1.15551,1.15553,1.12,1.00
2018.08.09 18:07:25.501,1.1555,1.15552,1.50,2.66
2018.08.09 18:07:25.607,1.15547,1.15549,3.00,1.12
2018.08.09 18:07:27.239,1.15547,1.15549,1.50,4.39
2018.08.09 18:07:27.794,1.15547,1.15549,1.50,7.01
2018.08.09 18:07:29.542,1.15547,1.15549,1.50,4.76
2018.08.09 18:07:30.542,1.15547,1.15549,1.00,4.39
2018.08.09 18:07:32.620,1.15547,1.15549,1.00,2.51
2018.08.09 18:07:36.131,1.15547,1.15549,1.50,5.96
2018.08.09 18:07:54.793,1.15548,1.1555,7.72,2.40
2018.08.09 18:07:54.847,1.1555,1.15553,1.87,1.57
2018.08.09 18:07:54.900,1.1555,1.15554,2.85,2.14
2018.08.09 18:07:55.420,1.15551,1.15552,1.00,1.00
2018.08.09 18:07:58.002,1.15549,1.15552,3.45,1.94
2018.08.09 18:07:58.054,1.15548,1.15549,4.39,1.00
2018.08.09 18:07:58.568,1.15548,1.15549,1.50,1.31
2018.08.09 18:07:59.133,1.15549,1.15551,5.62,2.89
2018.08.09 18:07:59.238,1.15551,1.15554,1.12,7.61
2018.08.09 18:08:00.225,1.15552,1.15554,1.00,3.94
2018.08.09 18:08:00.746,1.15551,1.15554,2.25,2.06
2018.08.09 18:08:01.445,1.15549,1.15552,5.89,3.00
2018.08.09 18:08:01.987,1.15549,1.15552,1.00,2.70
2018.08.09 18:08:02.594,1.15548,1.15549,2.06,1.00
2018.08.09 18:08:02.910,1.15546,1.15549,1.50,4.20
2018.08.09 18:08:08.604,1.15548,1.15549,1.00,1.35
2018.08.09 18:08:09.398,1.15547,1.15549,4.12,1.10
2018.08.09 18:08:10.370,1.15548,1.1555,1.00,3.37
2018.08.09 18:08:10.985,1.15547,1.1555,3.00,1.87
2018.08.09 18:08:12.192,1.15548,1.1555,1.00,4.12
2018.08.09 18:08:13.664,1.15548,1.1555,1.00,6.37
2018.08.09 18:08:14.657,1.15547,1.1555,2.62,2.62
2018.08.09 18:08:15.950,1.15548,1.15549,1.00,1.00
2018.08.09 18:08:18.309,1.15547,1.1555,5.25,7.72
2018.08.09 18:08:19.633,1.15548,1.15549,1.00,1.00
2018.08.09 18:08:21.767,1.15547,1.1555,3.00,2.32
2018.08.09 18:08:22.361,1.15547,1.15549,1.00,4.12
2018.08.09 18:08:23.257,1.15546,1.15549,1.00,3.00
2018.08.09 18:08:25.650,1.15546,1.15547,1.12,1.00
2018.08.09 18:08:26.175,1.15546,1.15549,1.00,2.62
2018.08.09 18:08:28.670,1.15547,1.15549,1.00,3.04
2018.08.09 18:08:30.919,1.15547,1.15549,1.25,4.31
2018.08.09 18:08:34.909,1.1555,1.15551,1.30,1.80
2018.08.09 18:08:35.012,1.15553,1.15555,1.00,1.70
2018.08.09 18:08:35.837,1.15552,1.15554,2.62,1.35
2018.08.09 18:08:36.358,1.15551,1.15554,4.95,1.00
2018.08.09 18:08:36.921,1.15552,1.15554,2.25,1.50
2018.08.09 18:08:38.847,1.15549,1.15551,1.10,1.12
2018.08.09 18:08:39.357,1.1555,1.15552,1.31,1.31
2018.08.09 18:08:40.120,1.1555,1.15552,3.56,1.00
2018.08.09 18:08:40.789,1.1555,1.15553,4.31,4.12
2018.08.09 18:08:41.293,1.1555,1.15553,1.12,2.06
2018.08.09 18:08:42.583,1.1555,1.15553,1.00,2.06
2018.08.09 18:08:46.245,1.1555,1.15553,2.62,1.31
2018.08.09 18:08:47.461,1.1555,1.15552,1.87,1.00
2018.08.09 18:09:11.091,1.1555,1.15553,2.25,4.12
2018.08.09 18:09:12.549,1.15549,1.15553,4.12,1.87
2018.08.09 18:09:13.136,1.15548,1.15549,2.70,1.00
2018.08.09 18:09:13.241,1.15547,1.15549,1.12,1.50
2018.08.09 18:09:14.278,1.15545,1.15549,8.36,2.51
2018.08.09 18:09:14.828,1.15546,1.15549,3.19,8.17
2018.08.09 18:09:18.217,1.15546,1.15549,1.62,1.87
2018.08.09 18:09:22.586,1.15546,1.15549,1.69,1.87
2018.08.09 18:09:23.126,1.15546,1.15549,2.06,2.25
2018.08.09 18:09:28.661,1.15551,1.15552,1.30,7.12
2018.08.09 18:09:28.770,1.15552,1.15554,1.00,5.06
2018.08.09 18:09:29.682,1.15551,1.15554,2.70,3.56
2018.08.09 18:09:30.303,1.15551,1.15554,3.26,2.62
2018.08.09 18:09:31.171,1.15552,1.15554,1.00,3.37
2018.08.09 18:09:31.672,1.15551,1.15554,2.89,2.62
2018.08.09 18:09:31.886,1.15551,1.15552,1.00,1.69
2018.08.09 18:09:31.990,1.15549,1.15551,1.69,6.00
2018.08.09 18:09:32.145,1.15547,1.1555,4.12,4.69
2018.08.09 18:09:32.406,1.15549,1.15551,5.89,3.00
2018.08.09 18:09:32.464,1.1555,1.15553,1.00,1.87
2018.08.09 18:09:33.104,1.1555,1.15553,1.50,4.57
2018.08.09 18:09:38.416,1.15551,1.15553,1.00,3.00
2018.08.09 18:09:38.936,1.1555,1.15552,1.00,1.00
2018.08.09 18:09:39.541,1.1555,1.15553,1.00,1.00
2018.08.09 18:09:40.103,1.1555,1.15554,7.87,4.31
2018.08.09 18:09:42.529,1.15552,1.15554,1.00,2.89
2018.08.09 18:09:43.621,1.15551,1.15555,2.44,9.37
2018.08.09 18:09:44.445,1.15551,1.15555,8.44,6.00
2018.08.09 18:09:48.632,1.15555,1.15556,3.22,3.45
2018.08.09 18:09:48.737,1.15556,1.15558,1.00,1.87
2018.08.09 18:09:49.278,1.15555,1.15558,3.00,1.87
2018.08.09 18:09:53.469,1.15555,1.15557,1.12,1.25
2018.08.09 18:09:53.523,1.15554,1.15555,1.00,1.31
2018.08.09 18:09:53.577,1.15552,1.15555,2.25,4.87
2018.08.09 18:09:55.465,1.15552,1.15555,1.31,7.01
2018.08.09 18:09:55.990,1.15552,1.15555,1.12,4.20
2018.08.09 18:10:05.757,1.15553,1.15555,1.50,1.76
2018.08.09 18:10:05.812,1.15555,1.15557,1.50,1.95
2018.08.09 18:10:05.967,1.15553,1.15555,3.37,2.25
2018.08.09 18:10:06.123,1.15552,1.15554,1.50,1.50
2018.08.09 18:10:12.989,1.15549,1.15551,1.69,5.62
2018.08.09 18:10:13.525,1.15549,1.15551,1.12,3.07
2018.08.09 18:10:14.058,1.15549,1.1555,1.31,1.25
2018.08.09 18:10:14.643,1.15548,1.15551,6.19,2.51
2018.08.09 18:10:14.861,1.1555,1.15553,1.00,5.14
2018.08.09 18:10:15.863,1.1555,1.15553,3.56,2.89
2018.08.09 18:10:16.977,1.15552,1.15553,1.00,2.62
2018.08.09 18:10:17.721,1.15551,1.15553,1.31,2.51
2018.08.09 18:10:18.232,1.15551,1.15553,1.31,2.44
2018.08.09 18:10:19.860,1.15552,1.15553,1.00,1.50
2018.08.09 18:10:20.385,1.15551,1.15553,1.31,1.50
2018.08.09 18:10:21.361,1.15552,1.15553,1.00,1.50
2018.08.09 18:10:22.132,1.15551,1.15553,1.31,1.00
2018.08.09 18:10:22.726,1.15551,1.15553,1.31,1.69
2018.08.09 18:10:24.029,1.15552,1.15554,1.00,3.56
2018.08.09 18:10:24.549,1.15551,1.15554,2.44,3.26
2018.08.09 18:10:25.102,1.15551,1.15553,2.06,1.01
2018.08.09 18:10:25.665,1.15551,1.15554,5.10,1.87
2018.08.09 18:10:26.793,1.15551,1.15553,5.10,1.00
2018.08.09 18:10:28.034,1.15551,1.15554,4.35,1.50
2018.08.09 18:10:28.779,1.15551,1.15553,5.29,1.25
2018.08.09 18:10:29.393,1.15551,1.15554,4.35,1.50
2018.08.09 18:10:31.731,1.15551,1.15553,5.10,1.00
2018.08.09 18:10:32.248,1.15551,1.15554,4.35,1.00
2018.08.09 18:10:32.781,1.15551,1.15553,5.10,1.00
2018.08.09 18:10:33.357,1.15551,1.15554,4.35,1.00
2018.08.09 18:10:34.729,1.15551,1.15555,4.35,6.26
2018.08.09 18:10:37.488,1.15552,1.15554,1.87,1.50
2018.08.09 18:10:38.686,1.15551,1.15555,4.35,10.58
2018.08.09 18:10:39.267,1.15552,1.15554,1.87,1.00
2018.08.09 18:10:40.625,1.15551,1.15555,5.85,5.14
2018.08.09 18:10:40.811,1.15553,1.15555,5.29,1.10
2018.08.09 18:10:40.975,1.15552,1.15554,2.25,1.10
2018.08.09 18:10:41.437,1.1555,1.15552,6.19,1.00
2018.08.09 18:10:41.490,1.15551,1.15553,1.25,2.89
2018.08.09 18:10:41.995,1.1555,1.15553,2.85,1.95
2018.08.09 18:10:42.512,1.1555,1.15552,1.72,1.00
2018.08.09 18:10:43.031,1.1555,1.15551,1.00,1.00
2018.08.09 18:10:43.640,1.15549,1.15552,6.37,3.75
2018.08.09 18:10:43.801,1.15549,1.15552,3.00,3.00
2018.08.09 18:10:45.394,1.1555,1.15552,1.00,1.50
2018.08.09 18:10:46.045,1.15549,1.15552,4.12,1.12
2018.08.09 18:10:46.566,1.1555,1.15552,1.00,1.10
2018.08.09 18:10:51.450,1.1555,1.15553,2.25,3.82
2018.08.09 18:10:52.506,1.15551,1.15553,3.19,1.00
2018.08.09 18:10:52.562,1.15551,1.15554,3.56,1.12
2018.08.09 18:10:53.101,1.15551,1.15554,2.06,1.20
2018.08.09 18:10:54.347,1.15551,1.15554,2.06,1.10
2018.08.09 18:10:55.953,1.15553,1.15554,1.25,1.00
2018.08.09 18:10:56.868,1.15552,1.15554,1.31,1.00
2018.08.09 18:10:57.732,1.15553,1.15554,1.25,1.00
2018.08.09 18:10:58.300,1.15552,1.15555,3.00,1.39
2018.08.09 18:10:58.909,1.15553,1.15555,1.50,7.39
2018.08.09 18:10:59.999,1.15553,1.15554,1.12,1.00
2018.08.09 18:11:13.073,1.15552,1.15554,3.19,2.51
2018.08.09 18:11:13.191,1.1555,1.15553,4.87,6.38
2018.08.09 18:11:13.883,1.1555,1.15552,1.00,1.87
2018.08.09 18:11:15.163,1.1555,1.15553,1.12,5.14
2018.08.09 18:11:15.268,1.15548,1.15551,3.00,4.31
2018.08.09 18:11:15.926,1.15548,1.1555,2.25,1.25
2018.08.09 18:11:16.474,1.15547,1.1555,10.35,1.25
2018.08.09 18:11:17.149,1.1555,1.15552,1.91,1.20
2018.08.09 18:11:17.664,1.15551,1.15553,1.25,1.12
2018.08.09 18:11:22.124,1.15552,1.15553,1.00,1.12
2018.08.09 18:11:22.333,1.15554,1.15555,1.12,1.00
2018.08.09 18:11:22.874,1.15553,1.15554,1.00,1.12
2018.08.09 18:11:23.688,1.15552,1.15554,1.00,1.12
2018.08.09 18:11:24.201,1.15551,1.15554,6.22,1.57
2018.08.09 18:11:30.959,1.15552,1.15553,1.50,1.00
2018.08.09 18:11:31.114,1.15551,1.15553,1.12,1.00
2018.08.09 18:11:41.472,1.1555,1.15551,1.50,3.19
2018.08.09 18:11:41.576,1.15545,1.15548,1.87,3.49
2018.08.09 18:11:41.628,1.15545,1.15547,1.12,1.67
2018.08.09 18:11:42.153,1.15545,1.15548,1.50,5.17
2018.08.09 18:11:43.061,1.15545,1.15547,1.00,1.47
2018.08.09 18:11:44.850,1.15545,1.15547,2.25,1.95
2018.08.09 18:11:45.357,1.15544,1.15546,2.44,1.00
2018.08.09 18:11:45.881,1.15543,1.15547,3.07,5.32
2018.08.09 18:11:45.987,1.15543,1.15544,1.00,1.00
2018.08.09 18:11:46.584,1.15542,1.15544,2.62,1.12
2018.08.09 18:11:47.796,1.15542,1.15544,3.37,1.50
2018.08.09 18:11:50.714,1.15541,1.15542,1.50,1.00
2018.08.09 18:11:50.970,1.15535,1.15537,1.50,4.72
2018.08.09 18:11:51.616,1.15535,1.15536,1.50,1.00
2018.08.09 18:11:52.162,1.15535,1.15537,1.00,2.14
2018.08.09 18:11:52.708,1.15535,1.15537,1.00,4.31
2018.08.09 18:11:53.740,1.15532,1.15534,1.12,1.87
2018.08.09 18:11:53.939,1.1553,1.15532,1.12,1.00
2018.08.09 18:11:54.484,1.15529,1.15532,9.75,1.25
2018.08.09 18:11:55.028,1.1553,1.15533,4.87,3.56
2018.08.09 18:11:55.720,1.15531,1.15532,1.25,1.25
2018.08.09 18:11:56.225,1.15531,1.15533,2.06,2.44
2018.08.09 18:11:57.018,1.15531,1.15533,1.50,1.00
2018.08.09 18:11:57.822,1.15531,1.15533,1.87,1.50
2018.08.09 18:12:01.177,1.15531,1.15533,1.00,1.00
2018.08.09 18:12:02.638,1.15531,1.15534,1.00,3.00
2018.08.09 18:12:06.842,1.15531,1.15533,1.00,1.00
2018.08.09 18:12:09.614,1.1553,1.15534,1.87,2.62
2018.08.09 18:12:10.159,1.1553,1.15533,3.37,1.00
2018.08.09 18:12:10.807,1.1553,1.15533,3.19,1.00
2018.08.09 18:12:15.021,1.1553,1.15534,2.25,1.78
2018.08.09 18:12:16.394,1.15532,1.15534,1.00,2.91
2018.08.09 18:12:17.127,1.15531,1.15534,1.12,1.41
2018.08.09 18:12:17.855,1.15531,1.15534,1.00,5.16
2018.08.09 18:12:25.895,1.1553,1.15534,3.00,4.50
2018.08.09 18:12:26.851,1.15531,1.15533,1.00,2.06
2018.08.09 18:12:28.915,1.1553,1.15534,3.00,4.69
2018.08.09 18:12:29.453,1.15531,1.15534,1.00,6.94
2018.08.09 18:12:31.227,1.1553,1.15533,3.19,2.44
2018.08.09 18:12:57.945,1.15529,1.15531,3.45,3.00
2018.08.09 18:12:58.156,1.1553,1.15532,1.50,1.12
2018.08.09 18:12:58.549,1.15531,1.15534,2.62,1.57
2018.08.09 18:12:59.338,1.1553,1.15534,4.05,3.64
2018.08.09 18:13:00.125,1.1553,1.15534,5.36,3.82
2018.08.09 18:13:01.361,1.15527,1.15528,3.75,1.00
2018.08.09 18:13:01.529,1.15523,1.15525,1.10,1.00
2018.08.09 18:13:01.585,1.15522,1.15524,1.12,4.16
2018.08.09 18:13:01.691,1.1552,1.15522,2.25,1.87
2018.08.09 18:13:02.783,1.1552,1.15523,1.00,2.62
2018.08.09 18:13:04.278,1.1552,1.15522,1.50,1.00
2018.08.09 18:13:04.540,1.15522,1.15523,1.00,1.25
2018.08.09 18:13:04.647,1.15523,1.15525,1.87,3.00
2018.08.09 18:13:04.887,1.15521,1.15525,2.14,4.87
2018.08.09 18:13:05.850,1.15522,1.15524,1.00,1.12
2018.08.09 18:13:06.381,1.15521,1.15525,2.06,2.81
2018.08.09 18:13:07.822,1.15522,1.15525,1.00,8.51
2018.08.09 18:13:10.896,1.15521,1.15524,2.32,1.87
2018.08.09 18:13:11.544,1.15522,1.15524,1.00,2.24
2018.08.09 18:13:12.279,1.15521,1.15524,1.50,1.12
2018.08.09 18:13:13.530,1.15522,1.15524,1.00,1.37
2018.08.09 18:13:14.592,1.15521,1.15524,1.50,1.12
2018.08.09 18:13:14.647,1.15523,1.15525,1.87,4.87
2018.08.09 18:13:15.027,1.15524,1.15527,3.75,3.94
2018.08.09 18:13:16.683,1.15525,1.15527,1.50,3.56
2018.08.09 18:13:18.314,1.15523,1.15525,1.57,4.69
2018.08.09 18:13:18.839,1.15523,1.15525,1.00,2.81
2018.08.09 18:13:20.102,1.15522,1.15524,1.00,1.00
2018.08.09 18:13:21.689,1.15522,1.15523,1.12,1.00
2018.08.09 18:13:22.202,1.15521,1.15524,3.75,2.81
2018.08.09 18:13:23.378,1.15522,1.15523,1.12,1.00
2018.08.09 18:13:26.733,1.15521,1.15524,2.81,2.25
2018.08.09 18:13:28.335,1.15522,1.15523,1.50,1.00
2018.08.09 18:13:28.918,1.15521,1.15524,3.19,1.50
2018.08.09 18:13:29.437,1.15522,1.15523,1.50,1.00
2018.08.09 18:13:30.098,1.15521,1.15524,3.56,1.12
2018.08.09 18:13:31.790,1.15522,1.15524,2.25,2.25
2018.08.09 18:13:32.332,1.15521,1.15524,3.56,1.00
2018.08.09 18:13:33.380,1.15522,1.15524,1.50,1.50
2018.08.09 18:13:34.230,1.15521,1.15525,3.00,7.12
2018.08.09 18:13:35.429,1.15522,1.15524,1.50,1.12
2018.08.09 18:13:36.040,1.15521,1.15525,2.25,4.50
2018.08.09 18:13:36.543,1.15522,1.15524,2.25,1.12
2018.08.09 18:13:37.362,1.15521,1.15525,3.75,6.75
2018.08.09 18:13:38.014,1.15522,1.15524,2.25,1.12
2018.08.09 18:13:38.635,1.15521,1.15525,2.25,4.50
2018.08.09 18:13:39.158,1.15521,1.15524,4.95,1.12
2018.08.09 18:13:39.870,1.15521,1.15522,3.75,1.00
2018.08.09 18:13:39.924,1.1552,1.15521,1.00,1.50
2018.08.09 18:13:40.137,1.15518,1.15522,6.45,1.87
2018.08.09 18:13:40.626,1.15518,1.1552,1.00,2.06
2018.08.09 18:13:41.282,1.15517,1.1552,1.87,3.64
2018.08.09 18:13:41.914,1.15516,1.1552,1.95,5.81
2018.08.09 18:13:42.222,1.1552,1.15522,3.56,1.39
2018.08.09 18:13:42.274,1.15519,1.15522,7.43,1.00
2018.08.09 18:13:42.973,1.1552,1.15522,1.50,1.00
2018.08.09 18:13:43.436,1.1552,1.15524,1.87,3.49
2018.08.09 18:13:43.983,1.1552,1.15523,3.37,1.05
2018.08.09 18:13:44.517,1.15521,1.15523,1.00,1.05
2018.08.09 18:13:45.059,1.1552,1.15523,6.75,1.00
2018.08.09 18:13:45.295,1.15522,1.15524,1.00,4.69
2018.08.09 18:13:46.191,1.1552,1.15523,4.50,1.12
2018.08.09 18:13:48.360,1.15521,1.15523,1.00,1.31
2018.08.09 18:13:48.863,1.15521,1.15524,1.12,4.50
2018.08.09 18:13:49.793,1.15521,1.15524,3.00,1.87
2018.08.09 18:13:50.320,1.15521,1.15524,3.75,1.95
2018.08.09 18:13:55.231,1.15521,1.15524,3.00,1.20
2018.08.09 18:13:55.938,1.15522,1.15524,1.50,2.62
2018.08.09 18:14:00.329,1.15521,1.15524,2.44,3.56
2018.08.09 18:14:00.436,1.15521,1.15524,1.00,6.00
2018.08.09 18:14:00.644,1.15519,1.15522,6.37,1.50
2018.08.09 18:14:00.960,1.15521,1.15523,2.10,2.62
2018.08.09 18:14:01.119,1.15525,1.15527,3.37,1.00
2018.08.09 18:14:01.670,1.15525,1.15528,2.62,1.87
2018.08.09 18:14:02.763,1.15525,1.15527,1.95,1.00
2018.08.09 18:14:02.917,1.15522,1.15525,5.70,1.00
2018.08.09 18:14:03.001,1.15523,1.15525,3.45,1.00
2018.08.09 18:14:03.406,1.15524,1.15527,3.45,1.50
2018.08.09 18:14:03.562,1.15523,1.15526,3.64,1.12
2018.08.09 18:14:03.613,1.15524,1.15527,3.94,1.20
2018.08.09 18:14:12.721,1.15525,1.15527,3.45,1.50
2018.08.09 18:14:13.658,1.15526,1.15529,1.91,1.95
2018.08.09 18:14:14.634,1.15527,1.15529,1.87,3.37
2018.08.09 18:14:15.333,1.15526,1.15529,2.44,3.00
2018.08.09 18:14:15.880,1.15527,1.15529,1.00,3.75
2018.08.09 18:14:18.398,1.15525,1.15529,9.86,2.25
2018.08.09 18:14:19.850,1.15526,1.15529,4.69,2.25
2018.08.09 18:14:22.406,1.15528,1.1553,4.31,1.57
2018.08.09 18:14:23.441,1.15527,1.1553,2.62,5.25
2018.08.09 18:14:23.968,1.15527,1.15529,1.50,1.00
2018.08.09 18:14:26.119,1.15528,1.1553,1.00,7.87
2018.08.09 18:14:26.950,1.15526,1.15527,1.76,1.30
2018.08.09 18:14:27.473,1.15525,1.15528,1.69,2.25
2018.08.09 18:14:27.984,1.15527,1.15529,3.00,3.26
2018.08.09 18:14:28.038,1.15528,1.15532,6.37,5.25
2018.08.09 18:14:28.557,1.15529,1.15532,1.95,1.12
2018.08.09 18:14:29.440,1.15529,1.15532,2.70,1.50
2018.08.09 18:14:31.160,1.1553,1.15532,1.00,2.25
2018.08.09 18:14:32.230,1.15531,1.15532,1.00,1.87
2018.08.09 18:14:32.283,1.15533,1.15534,5.62,1.10
2018.08.09 18:14:32.357,1.15534,1.15537,1.12,2.62
2018.08.09 18:14:32.886,1.15535,1.15537,1.12,1.31
2018.08.09 18:14:33.479,1.15534,1.15537,8.85,1.31
2018.08.09 18:14:42.152,1.15535,1.15537,1.50,2.25
2018.08.09 18:14:50.252,1.15535,1.15538,1.69,1.76
2018.08.09 18:14:51.477,1.15536,1.15538,1.25,1.25
2018.08.09 18:14:52.991,1.15535,1.15538,1.69,3.27
2018.08.09 18:14:53.500,1.15536,1.15537,1.00,1.12
2018.08.09 18:14:54.048,1.15535,1.15538,2.44,2.89
2018.08.09 18:14:54.892,1.15533,1.15536,4.50,6.37
2018.08.09 18:14:54.944,1.15532,1.15535,4.69,2.25
2018.08.09 18:14:55.450,1.15532,1.15535,1.12,4.39
2018.08.09 18:14:57.700,1.15531,1.15535,6.49,4.95
2018.08.09 18:14:58.213,1.15532,1.15535,1.31,8.51
2018.08.09 18:14:58.914,1.15531,1.15535,6.49,4.96
2018.08.09 18:15:00.347,1.15532,1.15535,1.00,5.51
2018.08.09 18:15:02.634,1.15531,1.15532,1.00,1.00
2018.08.09 18:15:03.263,1.15529,1.15532,5.10,1.00
2018.08.09 18:15:03.869,1.1553,1.15533,2.81,1.87
2018.08.09 18:15:07.720,1.15531,1.15532,1.00,1.12
2018.08.09 18:15:08.458,1.15533,1.15534,1.00,1.10
2018.08.09 18:15:09.285,1.15533,1.15534,1.25,1.00
2018.08.09 18:15:18.390,1.15532,1.15534,5.62,1.00
2018.08.09 18:15:18.905,1.15533,1.15534,1.00,1.00
2018.08.09 18:15:19.535,1.15532,1.15535,5.44,4.69
2018.08.09 18:15:20.078,1.15533,1.15534,1.00,1.12
2018.08.09 18:15:20.861,1.15532,1.15534,2.62,1.00
2018.08.09 18:15:26.574,1.15533,1.15534,1.00,1.00
2018.08.09 18:15:27.076,1.15532,1.15534,3.00,1.00
2018.08.09 18:15:27.590,1.15532,1.15534,4.50,2.62
2018.08.09 18:15:38.489,1.15532,1.15534,2.44,2.25
2018.08.09 18:15:39.439,1.15531,1.15534,8.44,2.25
2018.08.09 18:15:40.001,1.15532,1.15534,1.50,3.00
2018.08.09 18:15:40.641,1.15529,1.1553,6.37,4.50
2018.08.09 18:15:40.834,1.15524,1.15527,4.95,3.75
2018.08.09 18:15:41.377,1.15524,1.15526,5.62,1.00
2018.08.09 18:15:42.086,1.15525,1.15527,1.87,1.57
2018.08.09 18:15:42.642,1.15525,1.15527,4.12,1.87
2018.08.09 18:15:45.022,1.15525,1.15527,3.75,1.12
2018.08.09 18:15:46.956,1.15524,1.15525,1.95,1.00
2018.08.09 18:15:47.830,1.15523,1.15526,3.75,1.37
2018.08.09 18:15:48.267,1.15524,1.15526,1.50,2.25
2018.08.09 18:15:48.703,1.15522,1.15525,6.82,3.75
2018.08.09 18:15:48.858,1.15521,1.15523,3.75,1.00
2018.08.09 18:15:48.953,1.15514,1.15517,2.47,1.31
2018.08.09 18:15:49.581,1.15514,1.15517,1.00,1.25
2018.08.09 18:15:50.176,1.15513,1.15517,4.88,3.37
2018.08.09 18:15:50.903,1.15513,1.15516,6.19,2.25
2018.08.09 18:15:52.903,1.15514,1.15516,1.00,1.50
2018.08.09 18:15:53.110,1.15505,1.15507,2.25,1.50
2018.08.09 18:15:53.217,1.15505,1.15508,1.07,1.12
2018.08.09 18:15:53.373,1.15504,1.15507,1.00,2.25
2018.08.09 18:15:53.804,1.15504,1.15508,2.89,6.97
2018.08.09 18:15:54.212,1.15506,1.15509,3.56,5.77
2018.08.09 18:15:54.419,1.15507,1.1551,6.97,1.87
2018.08.09 18:15:54.473,1.15509,1.15511,3.75,1.12
2018.08.09 18:15:55.601,1.15509,1.15512,3.79,2.44
2018.08.09 18:15:56.166,1.15509,1.15512,3.04,1.50
2018.08.09 18:15:56.798,1.15509,1.15512,3.22,1.95
2018.08.09 18:15:58.432,1.15509,1.15512,1.31,2.51
2018.08.09 18:15:58.794,1.15509,1.15512,7.72,1.12
2018.08.09 18:15:58.847,1.15511,1.15513,1.87,2.06
2018.08.09 18:15:59.937,1.1551,1.15514,3.82,4.95
2018.08.09 18:16:00.484,1.15515,1.15518,7.13,5.06
2018.08.09 18:16:01.074,1.15515,1.15518,5.70,3.00
2018.08.09 18:16:01.604,1.15515,1.15518,2.51,2.62
2018.08.09 18:16:01.933,1.15518,1.1552,3.75,1.42
2018.08.09 18:16:02.038,1.1552,1.15524,1.57,5.62
2018.08.09 18:16:02.186,1.1552,1.15524,8.85,4.69
2018.08.09 18:16:02.730,1.15521,1.15523,1.00,1.50
2018.08.09 18:16:03.240,1.1552,1.15524,7.80,6.37
2018.08.09 18:16:04.101,1.15521,1.15523,1.00,1.87
2018.08.09 18:16:06.159,1.1552,1.15523,5.32,2.62
2018.08.09 18:16:09.135,1.15519,1.1552,2.70,1.00
2018.08.09 18:16:11.448,1.15517,1.15519,1.50,1.00
2018.08.09 18:16:13.726,1.15516,1.15518,1.39,1.25
2018.08.09 18:16:14.236,1.15516,1.15519,2.70,2.06
2018.08.09 18:16:14.932,1.15516,1.15519,2.89,1.31
2018.08.09 18:16:15.481,1.15517,1.15519,1.10,2.81
2018.08.09 18:16:16.158,1.15517,1.15519,1.10,2.06
2018.08.09 18:16:16.467,1.15519,1.15522,5.47,2.83
2018.08.09 18:16:18.087,1.15519,1.15522,6.67,2.45
2018.08.09 18:16:18.789,1.15519,1.15522,4.57,1.70
2018.08.09 18:16:18.894,1.15519,1.15523,7.20,5.83
2018.08.09 18:16:19.816,1.1552,1.15522,1.87,1.00
2018.08.09 18:16:20.317,1.1552,1.15523,3.45,1.27
2018.08.09 18:16:21.730,1.15521,1.15524,2.32,1.37
2018.08.09 18:16:33.038,1.15522,1.15525,1.12,6.56
2018.08.09 18:16:34.469,1.15524,1.15525,1.00,1.00
2018.08.09 18:16:34.673,1.15527,1.15529,1.00,1.50
2018.08.09 18:16:35.324,1.15526,1.15529,2.06,3.00
2018.08.09 18:16:35.674,1.15525,1.15527,1.95,2.87
2018.08.09 18:16:35.779,1.15524,1.15526,1.00,1.50
2018.08.09 18:16:35.885,1.15521,1.15524,4.76,1.69
2018.08.09 18:16:36.494,1.15522,1.15525,5.06,1.50
2018.08.09 18:16:37.100,1.15522,1.15524,2.32,1.00
2018.08.09 18:16:38.228,1.15522,1.15526,3.64,7.69
2018.08.09 18:16:38.517,1.15524,1.15527,1.12,5.06
2018.08.09 18:16:39.152,1.15525,1.15527,1.00,2.44
2018.08.09 18:16:39.808,1.15525,1.15527,1.00,2.06
2018.08.09 18:16:40.436,1.15523,1.15526,4.69,1.00
2018.08.09 18:16:40.992,1.15523,1.15526,1.69,3.56
2018.08.09 18:16:41.534,1.15522,1.15524,1.50,1.00
2018.08.09 18:16:42.125,1.15522,1.15525,1.00,4.12
2018.08.09 18:16:42.470,1.15519,1.15522,4.20,2.06
2018.08.09 18:16:43.185,1.15523,1.15524,1.50,1.50
2018.08.09 18:16:43.695,1.15521,1.15525,5.36,3.56
2018.08.09 18:16:44.385,1.15521,1.15525,4.20,3.56
2018.08.09 18:16:44.911,1.15521,1.15525,3.45,7.31
2018.08.09 18:16:46.162,1.15521,1.15523,1.12,1.00
2018.08.09 18:16:49.853,1.15519,1.1552,1.57,6.56
2018.08.09 18:16:49.964,1.15517,1.15519,1.00,1.87
2018.08.09 18:16:50.124,1.15519,1.15521,1.00,1.87
2018.08.09 18:16:50.177,1.15519,1.15522,1.12,2.25
2018.08.09 18:16:50.974,1.1552,1.15522,1.47,1.00
2018.08.09 18:16:51.479,1.1552,1.15523,3.00,1.25
2018.08.09 18:16:52.151,1.1552,1.15524,4.12,3.94
2018.08.09 18:16:52.982,1.15521,1.15524,1.00,6.19
2018.08.09 18:16:53.491,1.15521,1.15523,1.50,1.00
2018.08.09 18:16:53.910,1.15524,1.15526,1.87,1.00
2018.08.09 18:16:53.964,1.15523,1.15526,2.32,1.31
2018.08.09 18:16:54.981,1.15523,1.15525,3.19,1.00
2018.08.09 18:16:56.822,1.15521,1.15523,3.82,1.00
2018.08.09 18:16:57.415,1.15522,1.15524,1.50,2.25
2018.08.09 18:16:58.038,1.15523,1.15524,1.00,1.50
2018.08.09 18:16:59.233,1.15524,1.15526,3.07,1.12
2018.08.09 18:17:01.018,1.15524,1.15526,1.25,1.00
2018.08.09 18:17:01.363,1.15524,1.15527,3.37,1.00
2018.08.09 18:17:02.218,1.15526,1.15529,1.87,3.30
2018.08.09 18:17:03.071,1.15526,1.15529,1.87,5.25
2018.08.09 18:17:06.447,1.15527,1.15529,3.37,1.50
2018.08.09 18:17:07.229,1.15529,1.15531,2.87,1.20
2018.08.09 18:17:07.333,1.15532,1.15534,1.30,1.57
2018.08.09 18:17:07.962,1.1553,1.15534,8.81,4.31
2018.08.09 18:17:08.557,1.15531,1.15534,1.12,3.19
2018.08.09 18:17:08.713,1.15532,1.15535,4.35,4.95
2018.08.09 18:17:09.261,1.15534,1.15536,1.12,1.20
2018.08.09 18:17:10.761,1.15535,1.15536,1.00,1.00
2018.08.09 18:17:11.304,1.15532,1.15535,4.57,1.37
2018.08.09 18:17:11.423,1.15532,1.15535,3.75,4.31
2018.08.09 18:17:14.860,1.15532,1.15535,3.37,3.56
2018.08.09 18:17:16.207,1.15532,1.15534,1.87,1.00
2018.08.09 18:17:16.662,1.15531,1.15534,2.51,4.31
2018.08.09 18:17:18.233,1.1553,1.15533,4.50,2.25
2018.08.09 18:17:18.752,1.1553,1.15533,10.39,1.50
2018.08.09 18:17:29.588,1.15531,1.15533,2.25,2.25
2018.08.09 18:17:30.149,1.15531,1.15533,2.32,1.00
2018.08.09 18:17:31.239,1.15531,1.15534,4.20,1.00
2018.08.09 18:17:31.747,1.15531,1.15534,4.12,1.50
2018.08.09 18:17:32.285,1.15531,1.15534,2.32,3.37
2018.08.09 18:17:33.010,1.15529,1.15533,4.12,1.87
2018.08.09 18:17:33.660,1.1553,1.15532,2.25,1.00
2018.08.09 18:17:36.307,1.1553,1.15532,2.06,3.19
2018.08.09 18:17:40.064,1.15529,1.15531,4.12,1.00
2018.08.09 18:17:40.929,1.15529,1.15531,4.50,1.00
2018.08.09 18:17:41.460,1.15529,1.15532,1.50,1.87
2018.08.09 18:17:43.640,1.15531,1.15533,1.69,1.39
2018.08.09 18:17:44.252,1.15531,1.15534,5.62,2.62
2018.08.09 18:17:45.469,1.15531,1.15534,5.81,2.06
2018.08.09 18:17:48.069,1.15532,1.15534,1.12,2.81
2018.08.09 18:17:53.288,1.15531,1.15533,3.94,1.12
2018.08.09 18:17:53.558,1.1553,1.15534,4.72,2.25
2018.08.09 18:17:53.786,1.15531,1.15534,1.00,3.19
2018.08.09 18:17:55.366,1.1553,1.15533,2.25,1.20
2018.08.09 18:18:00.674,1.15531,1.15533,1.00,2.62
2018.08.09 18:18:01.327,1.15531,1.15534,1.12,7.39
2018.08.09 18:18:01.872,1.15531,1.15533,2.62,1.00
2018.08.09 18:18:02.376,1.15531,1.15534,1.12,4.01
2018.08.09 18:18:04.355,1.15531,1.15533,2.62,1.00
2018.08.09 18:18:05.154,1.15531,1.15534,1.12,3.56
2018.08.09 18:18:05.761,1.15531,1.15533,2.62,1.00
2018.08.09 18:18:06.310,1.15531,1.15534,1.12,3.56
2018.08.09 18:18:06.818,1.15531,1.15533,2.62,1.00
2018.08.09 18:18:07.892,1.15531,1.15534,1.12,3.56
2018.08.09 18:18:08.921,1.15531,1.15533,2.62,1.00
2018.08.09 18:18:09.463,1.15531,1.15534,1.12,2.81
2018.08.09 18:18:13.931,1.15531,1.15533,1.87,1.00
2018.08.09 18:18:14.447,1.15531,1.15534,1.50,3.26
2018.08.09 18:18:15.392,1.15531,1.15533,1.87,1.00
2018.08.09 18:18:21.344,1.15531,1.15534,1.50,3.94
2018.08.09 18:18:21.876,1.15531,1.15533,1.87,1.00
2018.08.09 18:18:23.431,1.15531,1.15534,1.12,2.81
2018.08.09 18:18:25.106,1.15531,1.15533,1.87,1.00
2018.08.09 18:18:28.139,1.15531,1.15534,1.87,5.06
2018.08.09 18:18:30.441,1.15531,1.15533,1.87,1.00
2018.08.09 18:18:30.977,1.15531,1.15534,1.12,3.19
2018.08.09 18:18:31.512,1.15531,1.15533,1.12,1.00
2018.08.09 18:18:32.151,1.15531,1.15534,1.12,2.89
2018.08.09 18:18:32.891,1.15531,1.15533,1.12,1.00
2018.08.09 18:18:33.522,1.15531,1.15534,1.87,5.51
2018.08.09 18:18:34.061,1.15531,1.15533,1.87,1.00
2018.08.09 18:18:34.847,1.15531,1.15534,1.87,5.14
2018.08.09 18:18:38.444,1.15531,1.15533,1.12,1.00
2018.08.09 18:18:44.603,1.15531,1.15533,1.50,1.50
2018.08.09 18:18:47.487,1.1553,1.15531,1.25,2.06
2018.08.09 18:18:47.544,1.15528,1.1553,2.25,1.31
2018.08.09 18:18:47.727,1.15527,1.15528,1.69,1.00
2018.08.09 18:18:48.264,1.15526,1.15529,1.69,5.70
2018.08.09 18:18:48.926,1.15525,1.15529,1.50,4.39
2018.08.09 18:18:49.476,1.15525,1.15529,1.50,5.89
2018.08.09 18:18:49.991,1.15525,1.15528,2.62,1.50
2018.08.09 18:18:51.109,1.15525,1.15528,2.25,1.20
2018.08.09 18:18:51.621,1.15525,1.15527,1.50,1.00
2018.08.09 18:18:52.549,1.15525,1.15526,1.12,1.12
2018.08.09 18:18:52.883,1.15522,1.15523,3.37,1.00
2018.08.09 18:18:53.767,1.15522,1.15524,2.25,1.50
2018.08.09 18:18:55.672,1.15521,1.15524,3.37,2.06
2018.08.09 18:18:55.989,1.15519,1.15522,4.42,1.00
2018.08.09 18:18:58.886,1.1552,1.15522,1.00,1.87
2018.08.09 18:18:59.575,1.15519,1.15523,1.87,3.82
2018.08.09 18:18:59.825,1.15518,1.1552,4.87,1.00
2018.08.09 18:19:01.740,1.15517,1.1552,1.12,2.32
2018.08.09 18:19:02.931,1.15517,1.1552,3.00,1.95
2018.08.09 18:19:04.150,1.15516,1.1552,7.13,3.34
2018.08.09 18:19:06.267,1.15516,1.15519,7.12,1.00
2018.08.09 18:19:06.584,1.15521,1.15524,4.72,1.57
2018.08.09 18:19:11.465,1.15521,1.15523,3.94,1.31
2018.08.09 18:19:12.815,1.15521,1.15523,1.00,1.00
2018.08.09 18:19:13.671,1.1552,1.15524,6.94,4.76
2018.08.09 18:19:24.011,1.15521,1.15523,1.00,2.32
2018.08.09 18:19:24.603,1.15521,1.15522,1.00,1.00
2018.08.09 18:19:26.546,1.15521,1.15523,1.00,3.45
2018.08.09 18:19:27.389,1.15521,1.15522,1.00,1.00
2018.08.09 18:19:27.930,1.15521,1.15523,1.00,1.95
2018.08.09 18:19:28.773,1.15521,1.15522,1.00,1.00
2018.08.09 18:19:29.276,1.15523,1.15524,4.69,1.00
2018.08.09 18:19:29.381,1.15525,1.15527,1.50,1.20
2018.08.09 18:19:29.537,1.15523,1.15525,3.37,1.00
2018.08.09 18:19:30.056,1.15523,1.15525,2.25,8.81
2018.08.09 18:19:33.747,1.15523,1.15525,1.12,6.26
2018.08.09 18:19:41.056,1.15525,1.15527,1.00,5.32
2018.08.09 18:19:41.210,1.15524,1.15526,1.50,5.44
2018.08.09 18:19:41.572,1.15522,1.15525,4.91,1.57
2018.08.09 18:19:42.897,1.15523,1.15524,1.69,1.31
2018.08.09 18:19:43.052,1.15521,1.15523,6.00,2.89
2018.08.09 18:19:43.712,1.15521,1.15523,3.00,3.26
2018.08.09 18:19:44.224,1.15521,1.15523,1.00,2.14
2018.08.09 18:19:46.341,1.15521,1.15522,1.00,1.00
2018.08.09 18:19:49.507,1.1552,1.15523,2.25,2.51
2018.08.09 18:19:50.060,1.15521,1.15523,1.00,3.26
2018.08.09 18:19:55.322,1.15521,1.15523,1.00,3.26
2018.08.09 18:19:56.068,1.15521,1.15522,1.00,1.00
2018.08.09 18:19:56.678,1.15521,1.15523,1.00,2.89
2018.08.09 18:19:57.462,1.15521,1.15522,1.00,1.00
2018.08.09 18:19:58.513,1.15521,1.15523,1.00,4.01
2018.08.09 18:19:59.077,1.15521,1.15522,1.00,1.00
2018.08.09 18:19:59.979,1.15521,1.15523,1.00,3.26
2018.08.09 18:20:00.504,1.15521,1.15523,1.00,5.89
2018.08.09 18:20:02.861,1.1552,1.15522,3.00,1.50
2018.08.09 18:20:13.770,1.15519,1.1552,2.25,1.12
2018.08.09 18:20:13.824,1.15518,1.1552,1.00,2.81
2018.08.09 18:20:14.850,1.15518,1.15519,1.50,1.00
2018.08.09 18:20:15.408,1.15518,1.1552,1.00,2.89
2018.08.09 18:20:16.000,1.15518,1.1552,1.00,2.89
2018.08.09 18:20:18.119,1.15518,1.1552,1.00,7.39
2018.08.09 18:20:22.705,1.1552,1.15522,6.04,6.45
2018.08.09 18:20:22.814,1.15521,1.15523,1.50,1.50
2018.08.09 18:20:23.457,1.15522,1.15524,1.00,2.51
2018.08.09 18:20:24.213,1.15522,1.15524,1.00,2.89
2018.08.09 18:20:24.744,1.15522,1.15523,1.00,1.12
2018.08.09 18:20:29.961,1.15522,1.15525,1.00,2.70
2018.08.09 18:20:30.223,1.15522,1.15523,1.00,1.50
2018.08.09 18:20:31.055,1.15522,1.15524,1.00,4.95
2018.08.09 18:20:31.694,1.15522,1.15524,1.50,5.89
2018.08.09 18:20:34.810,1.15521,1.15522,3.00,1.00
2018.08.09 18:20:35.010,1.15521,1.15524,2.62,8.14
2018.08.09 18:20:35.619,1.15521,1.15523,2.62,1.95
2018.08.09 18:20:39.124,1.15521,1.15524,1.87,3.64
2018.08.09 18:20:39.556,1.15519,1.1552,2.81,1.00
2018.08.09 18:20:39.660,1.15517,1.1552,1.00,6.26
2018.08.09 18:20:40.316,1.15517,1.1552,1.50,7.99
2018.08.09 18:20:43.892,1.15516,1.15519,6.00,1.07
2018.08.09 18:20:45.639,1.15518,1.1552,4.12,4.95
2018.08.09 18:20:45.822,1.15521,1.15524,4.12,4.01
2018.08.09 18:20:46.535,1.15522,1.15523,1.00,1.00
2018.08.09 18:20:47.248,1.15522,1.15524,1.00,2.51
2018.08.09 18:20:49.780,1.15521,1.15524,4.50,1.76
2018.08.09 18:20:51.568,1.15522,1.15524,1.00,3.64
2018.08.09 18:20:51.673,1.15523,1.15525,3.00,7.76
2018.08.09 18:20:51.999,1.15522,1.15525,2.44,2.70
2018.08.09 18:20:53.186,1.15523,1.15524,1.25,1.25
2018.08.09 18:20:55.106,1.15522,1.15524,1.69,1.00
2018.08.09 18:20:57.301,1.15523,1.15524,1.00,3.82
2018.08.09 18:20:57.872,1.15522,1.15524,2.06,1.57
2018.08.09 18:20:58.441,1.15523,1.15524,1.00,2.32
2018.08.09 18:21:00.084,1.15522,1.15524,2.06,1.57
2018.08.09 18:21:07.545,1.15523,1.15524,1.00,1.50
2018.08.09 18:21:09.171,1.15522,1.15524,1.87,1.01
2018.08.09 18:21:09.697,1.15523,1.15524,1.00,2.70
2018.08.09 18:21:11.913,1.15522,1.15524,2.44,1.01
2018.08.09 18:21:15.971,1.15522,1.15524,1.19,1.20
2018.08.09 18:21:16.714,1.15522,1.15524,1.25,1.01
2018.08.09 18:21:17.361,1.15523,1.15524,1.00,2.51
2018.08.09 18:21:17.600,1.15521,1.15524,4.50,1.69
2018.08.09 18:21:18.127,1.15522,1.15524,1.00,1.69
2018.08.09 18:21:18.497,1.15521,1.15522,1.87,3.19
2018.08.09 18:21:18.603,1.15518,1.15519,1.00,1.12
2018.08.09 18:21:19.145,1.15517,1.15519,1.00,3.19
2018.08.09 18:21:21.434,1.15517,1.15519,1.12,4.31
2018.08.09 18:21:21.952,1.15516,1.15519,2.25,2.06
2018.08.09 18:21:22.475,1.15517,1.15519,1.00,5.89
2018.08.09 18:21:23.031,1.15516,1.15518,3.75,1.50
2018.08.09 18:21:23.675,1.15517,1.15518,1.00,1.00
2018.08.09 18:21:23.833,1.15513,1.15515,8.62,3.75
2018.08.09 18:21:24.369,1.15513,1.15515,1.00,6.37
2018.08.09 18:21:24.988,1.15512,1.15514,1.00,2.55
2018.08.09 18:21:32.774,1.15509,1.15511,1.12,4.69
2018.08.09 18:21:32.940,1.15507,1.15511,4.12,2.89
2018.08.09 18:21:32.993,1.15509,1.15511,1.00,1.87
2018.08.09 18:21:33.255,1.1551,1.15513,1.12,6.45
2018.08.09 18:21:33.793,1.1551,1.15512,2.62,2.25
2018.08.09 18:21:34.635,1.1551,1.15513,2.25,4.57
2018.08.09 18:21:35.732,1.1551,1.15513,1.50,2.32
2018.08.09 18:21:36.426,1.15509,1.1551,2.25,1.31
2018.08.09 18:21:36.649,1.15502,1.15504,1.50,1.25
2018.08.09 18:21:37.013,1.155,1.15502,3.00,1.12
2018.08.09 18:21:37.360,1.15493,1.15494,1.00,1.20
2018.08.09 18:21:37.466,1.15495,1.15498,1.50,3.07
2018.08.09 18:21:38.142,1.15497,1.15498,2.25,1.12
2018.08.09 18:21:38.533,1.15494,1.15496,4.87,2.25
2018.08.09 18:21:38.792,1.15493,1.15496,1.12,2.51
2018.08.09 18:21:39.142,1.15494,1.15496,1.50,1.00
2018.08.09 18:21:40.385,1.15494,1.15497,1.50,4.50
2018.08.09 18:21:41.992,1.15495,1.15497,1.12,1.10
2018.08.09 18:21:42.148,1.15496,1.15499,1.00,2.44
2018.08.09 18:21:42.692,1.15497,1.15499,1.00,2.62
2018.08.09 18:21:43.278,1.15496,1.15498,4.69,1.00
2018.08.09 18:21:43.919,1.15496,1.15499,1.69,1.87
2018.08.09 18:21:44.207,1.15499,1.155,1.72,4.57
2018.08.09 18:21:44.359,1.155,1.15503,2.25,2.70
2018.08.09 18:21:44.886,1.155,1.15503,4.69,2.06
2018.08.09 18:21:45.473,1.15502,1.15503,2.25,1.10
2018.08.09 18:21:46.173,1.15503,1.15505,1.12,5.62
2018.08.09 18:21:46.691,1.15502,1.15504,1.00,1.00
2018.08.09 18:21:47.301,1.15502,1.15504,1.50,1.37
2018.08.09 18:21:48.485,1.15502,1.15504,3.00,2.62
2018.08.09 18:21:49.731,1.15501,1.15503,4.12,1.00
2018.08.09 18:21:50.353,1.15501,1.15504,1.87,5.06
2018.08.09 18:21:50.407,1.155,1.15503,4.87,3.56
2018.08.09 18:21:50.719,1.15497,1.155,1.00,2.25
2018.08.09 18:21:51.321,1.15497,1.15499,2.25,1.00
2018.08.09 18:21:51.554,1.15499,1.15501,3.19,1.20
2018.08.09 18:21:51.661,1.155,1.15503,3.19,2.25
2018.08.09 18:21:52.193,1.155,1.15503,3.00,1.32
2018.08.09 18:21:52.711,1.155,1.15503,1.12,2.51
2018.08.09 18:21:53.230,1.155,1.15503,2.81,1.69
2018.08.09 18:21:58.266,1.15504,1.15506,1.00,6.45
2018.08.09 18:21:59.051,1.15504,1.15506,1.00,4.31
2018.08.09 18:22:00.262,1.15505,1.15507,2.25,6.37
2018.08.09 18:22:00.596,1.15507,1.15509,3.00,2.25
2018.08.09 18:22:01.328,1.15509,1.15511,1.00,2.25
2018.08.09 18:22:03.011,1.15509,1.1551,1.12,1.00
2018.08.09 18:22:03.168,1.15507,1.15509,2.25,1.00
2018.08.09 18:22:07.970,1.15509,1.15511,5.47,9.82
2018.08.09 18:22:08.074,1.15512,1.15514,1.00,1.76
2018.08.09 18:22:08.710,1.15512,1.15514,1.50,1.31
2018.08.09 18:22:09.215,1.15512,1.15515,1.50,6.45
2018.08.09 18:22:12.431,1.15511,1.15513,5.06,1.12
2018.08.09 18:22:16.570,1.15511,1.15514,2.62,1.39
2018.08.09 18:22:16.981,1.15515,1.15516,2.06,3.82
2018.08.09 18:22:17.114,1.15516,1.15519,3.75,4.01
2018.08.09 18:22:17.227,1.15515,1.15516,6.19,1.00
2018.08.09 18:22:17.705,1.15515,1.15518,3.94,1.25
2018.08.09 18:22:18.251,1.15515,1.15519,6.00,3.82
2018.08.09 18:22:18.510,1.15516,1.15518,2.25,1.00
2018.08.09 18:22:19.254,1.15516,1.15519,3.00,3.45
2018.08.09 18:22:19.852,1.15516,1.15518,1.50,1.00
2018.08.09 18:22:20.970,1.15515,1.15519,11.62,2.32
2018.08.09 18:22:21.512,1.15516,1.15519,4.12,2.32
2018.08.09 18:22:22.834,1.15516,1.15519,2.62,3.82
2018.08.09 18:22:24.099,1.15515,1.15519,4.31,4.95
2018.08.09 18:22:24.744,1.15515,1.15518,8.44,2.81
2018.08.09 18:22:25.390,1.15515,1.15519,4.69,4.57
2018.08.09 18:22:26.064,1.15515,1.15518,8.62,1.10
2018.08.09 18:22:26.849,1.15514,1.15517,3.00,3.75
2018.08.09 18:22:26.953,1.15513,1.15515,9.75,4.87
2018.08.09 18:22:27.491,1.15512,1.15515,4.12,1.39
2018.08.09 18:22:28.190,1.15513,1.15515,1.00,2.89
2018.08.09 18:22:28.712,1.15513,1.15515,2.25,2.51
2018.08.09 18:22:30.176,1.15513,1.15515,2.25,1.39
2018.08.09 18:22:30.888,1.15513,1.15515,2.25,1.39
2018.08.09 18:22:31.673,1.15512,1.15515,5.44,3.26
2018.08.09 18:22:32.342,1.15512,1.15515,5.44,4.01
2018.08.09 18:22:32.887,1.15513,1.15515,2.25,4.01
2018.08.09 18:22:33.617,1.15512,1.15515,2.25,1.76
2018.08.09 18:22:37.386,1.15511,1.15514,3.94,1.07
2018.08.09 18:22:38.008,1.15511,1.15514,7.69,2.14
2018.08.09 18:22:43.486,1.15512,1.15514,2.62,1.39
2018.08.09 18:22:44.453,1.15515,1.15516,1.30,9.56
2018.08.09 18:22:44.650,1.15515,1.15518,4.91,1.39
2018.08.09 18:22:45.279,1.15515,1.15518,8.66,3.82
2018.08.09 18:22:46.406,1.15517,1.15518,1.12,1.20
2018.08.09 18:22:51.496,1.15516,1.15519,1.12,1.39
2018.08.09 18:22:53.915,1.15516,1.15519,2.06,1.39
2018.08.09 18:22:54.501,1.15516,1.15518,9.00,1.07
2018.08.09 18:22:57.607,1.15517,1.15519,1.12,1.57
2018.08.09 18:23:00.973,1.15517,1.1552,10.31,1.45
2018.08.09 18:23:01.024,1.15518,1.1552,1.25,1.10
2018.08.09 18:23:01.127,1.15517,1.15519,3.37,2.32
2018.08.09 18:23:02.656,1.15516,1.15518,1.87,1.20
2018.08.09 18:23:03.415,1.15516,1.15517,1.00,2.44
2018.08.09 18:23:03.468,1.15513,1.15515,1.50,4.69
2018.08.09 18:23:03.731,1.15516,1.15518,1.00,1.20
2018.08.09 18:23:04.541,1.15515,1.15518,6.94,1.00
2018.08.09 18:23:05.166,1.15515,1.15518,9.94,5.14
2018.08.09 18:23:05.745,1.15515,1.15518,7.69,5.06
2018.08.09 18:23:06.080,1.15514,1.15515,1.00,1.57
2018.08.09 18:23:06.133,1.15513,1.15514,4.50,1.00
2018.08.09 18:23:07.359,1.15512,1.15515,2.62,6.82
2018.08.09 18:23:08.092,1.15512,1.15515,3.37,5.32
2018.08.09 18:23:08.239,1.15513,1.15515,6.75,3.00
2018.08.09 18:23:08.760,1.15514,1.15516,2.62,1.57
2018.08.09 18:23:09.107,1.15513,1.15515,3.00,1.10
2018.08.09 18:23:09.625,1.15512,1.15514,2.44,4.76
2018.08.09 18:23:10.277,1.15512,1.15514,1.69,4.76
2018.08.09 18:23:10.994,1.15511,1.15513,6.37,1.20
2018.08.09 18:23:11.595,1.15511,1.15514,2.25,2.89
2018.08.09 18:23:11.986,1.15514,1.15516,6.66,6.75
2018.08.09 18:23:15.115,1.15515,1.15518,1.87,4.20
2018.08.09 18:23:17.027,1.15515,1.15518,1.50,3.82
2018.08.09 18:23:23.409,1.15515,1.15517,3.75,1.57
2018.08.09 18:23:25.823,1.15515,1.15517,4.12,1.50
2018.08.09 18:23:26.203,1.15516,1.15519,1.87,6.00
2018.08.09 18:23:26.255,1.15516,1.15518,1.50,1.20
2018.08.09 18:23:27.211,1.15519,1.1552,1.12,3.75
2018.08.09 18:23:27.964,1.15518,1.15521,2.25,5.89
2018.08.09 18:23:28.625,1.15519,1.1552,1.00,2.25
2018.08.09 18:23:29.903,1.15519,1.15521,1.00,4.31
2018.08.09 18:23:30.274,1.15517,1.15521,5.89,5.51
2018.08.09 18:23:31.264,1.15519,1.15521,1.00,4.31
2018.08.09 18:23:31.801,1.15521,1.15522,1.00,8.70
2018.08.09 18:23:35.019,1.1552,1.15523,2.62,1.20
2018.08.09 18:23:36.006,1.15521,1.15523,1.00,2.70
2018.08.09 18:23:36.568,1.1552,1.15523,2.25,1.95
2018.08.09 18:23:37.289,1.1552,1.15523,2.62,3.64
2018.08.09 18:23:37.611,1.15518,1.15522,4.31,4.20
2018.08.09 18:23:48.383,1.15519,1.15522,1.00,1.57
2018.08.09 18:23:50.624,1.1552,1.15521,1.00,1.10
2018.08.09 18:23:52.217,1.15519,1.15522,2.81,2.13
2018.08.09 18:23:53.166,1.1552,1.15521,1.00,1.10
2018.08.09 18:23:53.660,1.15518,1.15521,14.25,1.20
2018.08.09 18:23:55.238,1.15519,1.15521,1.12,1.07
2018.08.09 18:23:58.272,1.15517,1.15519,6.56,1.29
2018.08.09 18:23:58.820,1.15517,1.15519,2.62,2.14
2018.08.09 18:24:00.598,1.15515,1.15519,17.62,6.26
2018.08.09 18:24:01.148,1.15516,1.15519,1.50,7.39
2018.08.09 18:24:02.075,1.15516,1.15518,3.75,2.70
2018.08.09 18:24:02.577,1.15516,1.15519,1.50,3.26
2018.08.09 18:24:03.634,1.15516,1.15519,1.50,5.51
2018.08.09 18:24:04.351,1.15517,1.15519,1.00,3.07
2018.08.09 18:24:04.659,1.15519,1.15522,7.69,1.10
2018.08.09 18:24:05.232,1.15519,1.15523,4.69,4.01
2018.08.09 18:24:20.792,1.15519,1.15523,6.19,5.14
2018.08.09 18:24:25.524,1.1552,1.15524,2.81,5.14
2018.08.09 18:24:26.103,1.15521,1.15523,1.00,1.20
2018.08.09 18:24:26.712,1.1552,1.15523,2.06,1.07
2018.08.09 18:24:27.243,1.15521,1.15524,1.00,6.26
2018.08.09 18:24:27.744,1.1552,1.15523,1.25,1.76
2018.08.09 18:24:28.296,1.1552,1.15524,3.75,7.57
2018.08.09 18:24:28.819,1.15521,1.15524,1.69,1.20
2018.08.09 18:24:29.666,1.15521,1.15524,3.94,3.64
2018.08.09 18:24:35.541,1.15522,1.15525,8.44,1.12
2018.08.09 18:24:35.593,1.15521,1.15524,13.16,1.57
2018.08.09 18:24:35.647,1.15522,1.15525,1.12,5.14
2018.08.09 18:24:36.302,1.15522,1.15525,11.44,1.95
2018.08.09 18:24:37.605,1.15523,1.15526,1.50,3.64
2018.08.09 18:24:43.112,1.15522,1.15524,5.44,1.01
2018.08.09 18:24:43.625,1.15521,1.15524,6.56,3.26
2018.08.09 18:24:48.115,1.15521,1.15524,2.62,3.26
2018.08.09 18:24:48.796,1.15521,1.15523,2.62,1.07
2018.08.09 18:24:48.848,1.15521,1.15524,2.25,1.39
2018.08.09 18:24:59.659,1.15523,1.15524,1.00,1.57
2018.08.09 18:24:59.766,1.15523,1.15526,3.00,6.07
2018.08.09 18:24:59.841,1.15525,1.15527,2.10,1.20
2018.08.09 18:24:59.996,1.15526,1.15528,1.12,1.87
2018.08.09 18:25:00.517,1.15525,1.15527,1.00,1.50
2018.08.09 18:25:01.036,1.15525,1.15527,4.31,1.00
2018.08.09 18:25:02.421,1.15525,1.15527,2.06,1.00
2018.08.09 18:25:04.405,1.15526,1.15528,3.00,3.07
2018.08.09 18:25:04.458,1.15528,1.15529,2.62,1.57
2018.08.09 18:25:13.836,1.15527,1.15529,1.00,3.26
2018.08.09 18:25:15.022,1.15527,1.15529,1.00,4.01
2018.08.09 18:25:15.081,1.15524,1.15527,4.87,7.69
2018.08.09 18:25:15.610,1.15524,1.15527,3.82,1.10
2018.08.09 18:25:16.121,1.15524,1.15527,4.01,1.20
2018.08.09 18:25:16.444,1.15525,1.15528,1.87,4.20
2018.08.09 18:25:16.950,1.15525,1.15528,2.62,4.20
2018.08.09 18:25:17.452,1.15528,1.15529,5.25,1.50
2018.08.09 18:25:19.020,1.15527,1.1553,9.75,1.95
2018.08.09 18:25:19.571,1.15528,1.15529,2.25,1.00
2018.08.09 18:25:20.117,1.15528,1.1553,1.20,1.20
2018.08.09 18:25:20.843,1.15527,1.1553,7.87,1.20
2018.08.09 18:25:22.003,1.15527,1.1553,11.25,1.95
2018.08.09 18:25:22.811,1.15528,1.15529,3.00,1.00
2018.08.09 18:25:23.355,1.15527,1.1553,1.87,5.89
2018.08.09 18:25:24.008,1.15526,1.1553,6.75,8.81
2018.08.09 18:25:24.593,1.15527,1.1553,3.00,7.20
2018.08.09 18:25:25.195,1.15528,1.15529,1.00,2.32
2018.08.09 18:25:25.814,1.15527,1.15529,1.00,1.10
2018.08.09 18:25:26.382,1.15527,1.15528,1.50,1.00
2018.08.09 18:25:26.904,1.15526,1.15529,8.44,3.64
2018.08.09 18:25:28.042,1.15526,1.15529,6.75,2.14
2018.08.09 18:25:29.934,1.15526,1.15528,8.25,1.00
2018.08.09 18:25:39.465,1.15523,1.15525,3.75,3.94
2018.08.09 18:25:39.572,1.15522,1.15525,1.00,3.82
2018.08.09 18:25:40.139,1.15522,1.15525,1.00,4.39
2018.08.09 18:25:40.670,1.15522,1.15524,1.50,1.50
2018.08.09 18:25:41.425,1.15521,1.15525,4.31,4.39
2018.08.09 18:25:41.632,1.15521,1.15524,4.69,1.37
2018.08.09 18:25:42.430,1.15522,1.15523,1.00,1.00
2018.08.09 18:25:56.693,1.15522,1.15524,1.50,2.51
2018.08.09 18:25:57.413,1.15521,1.15524,2.25,1.76
2018.08.09 18:26:01.392,1.15522,1.15524,1.50,3.07
2018.08.09 18:26:02.015,1.15521,1.15524,3.75,2.32
2018.08.09 18:26:02.771,1.15521,1.15524,2.25,1.57
2018.08.09 18:26:03.432,1.15522,1.15524,1.50,2.32
2018.08.09 18:26:05.323,1.15521,1.15524,2.25,1.57
2018.08.09 18:26:08.052,1.15522,1.15524,1.50,5.70
2018.08.09 18:26:19.216,1.15521,1.15524,3.56,1.57
2018.08.09 18:26:26.167,1.15524,1.15525,1.35,1.95
2018.08.09 18:26:26.556,1.15526,1.15528,1.00,4.95
2018.08.09 18:26:29.142,1.15524,1.15528,2.10,5.36
2018.08.09 18:26:29.364,1.15523,1.15524,1.50,1.50
2018.08.09 18:26:30.398,1.15521,1.15524,4.12,1.00
2018.08.09 18:26:30.959,1.15522,1.15524,1.00,2.51
2018.08.09 18:26:32.552,1.15521,1.15524,3.00,1.39
2018.08.09 18:26:33.259,1.15522,1.15524,1.00,2.14
2018.08.09 18:26:33.762,1.15521,1.15524,3.00,1.39
2018.08.09 18:26:34.274,1.15522,1.15524,1.00,2.14
2018.08.09 18:26:34.872,1.15521,1.15524,1.87,1.01
2018.08.09 18:26:38.697,1.15521,1.15524,1.87,1.07
2018.08.09 18:26:43.605,1.15521,1.15524,2.25,1.20
2018.08.09 18:26:44.868,1.15521,1.15523,1.50,1.39
2018.08.09 18:26:45.850,1.15522,1.15525,3.00,10.76
2018.08.09 18:26:46.384,1.15522,1.15524,1.00,2.70
2018.08.09 18:26:47.660,1.15521,1.15524,1.12,4.95
2018.08.09 18:26:48.857,1.15521,1.15524,1.00,4.57
2018.08.09 18:26:54.114,1.15522,1.15524,1.00,1.57
2018.08.09 18:26:56.349,1.15521,1.15524,1.12,4.20
2018.08.09 18:26:57.887,1.15522,1.15524,1.00,7.20
2018.08.09 18:26:58.391,1.15521,1.15524,1.12,2.32
2018.08.09 18:26:58.918,1.15522,1.15524,1.00,4.95
2018.08.09 18:26:59.686,1.15521,1.15524,1.12,2.32
2018.08.09 18:27:00.293,1.15522,1.15524,1.00,4.20
2018.08.09 18:27:01.633,1.15521,1.15524,1.50,1.95
2018.08.09 18:27:02.185,1.15522,1.15524,1.00,4.87
2018.08.09 18:27:02.720,1.15521,1.15524,1.50,3.07
2018.08.09 18:27:03.049,1.15523,1.15525,4.12,1.00
2018.08.09 18:27:04.514,1.15524,1.15526,2.25,1.50
2018.08.09 18:27:08.846,1.15524,1.15526,1.00,1.20
2018.08.09 18:27:10.420,1.15523,1.15524,6.37,1.31
2018.08.09 18:27:10.948,1.15523,1.15526,1.50,4.39
2018.08.09 18:27:11.054,1.15521,1.15523,1.12,2.32
2018.08.09 18:27:11.852,1.1552,1.15523,4.87,2.17
2018.08.09 18:27:13.073,1.1552,1.15523,4.50,2.55
2018.08.09 18:27:13.413,1.15517,1.15518,1.50,1.00
2018.08.09 18:27:13.467,1.15514,1.15516,1.87,1.57
2018.08.09 18:27:13.978,1.15514,1.15517,4.31,2.70
2018.08.09 18:27:14.783,1.15515,1.15518,1.12,4.42
2018.08.09 18:27:15.309,1.15514,1.15516,1.87,1.20
2018.08.09 18:27:15.928,1.15515,1.15516,1.25,1.20
2018.08.09 18:27:16.435,1.15514,1.15516,2.06,1.20
2018.08.09 18:27:16.997,1.15515,1.15517,1.25,4.99
2018.08.09 18:27:17.182,1.15516,1.15518,1.37,2.32
2018.08.09 18:27:18.388,1.15516,1.15518,1.00,1.20
2018.08.09 18:27:18.908,1.15517,1.15519,1.00,1.57
2018.08.09 18:27:22.194,1.15515,1.15518,4.69,1.20
2018.08.09 18:27:22.718,1.15515,1.15518,5.63,1.07
2018.08.09 18:27:24.686,1.15515,1.15519,8.81,2.70
2018.08.09 18:27:24.740,1.15519,1.1552,4.50,3.82
2018.08.09 18:27:24.849,1.15521,1.15522,1.50,1.10
2018.08.09 18:27:25.379,1.15521,1.15523,1.12,1.95
2018.08.09 18:27:28.663,1.1552,1.15521,1.00,1.00
2018.08.09 18:27:28.718,1.15517,1.1552,3.37,3.19
2018.08.09 18:27:28.867,1.15518,1.1552,4.12,1.50
2018.08.09 18:27:29.127,1.15519,1.15522,1.12,5.70
2018.08.09 18:27:29.703,1.15518,1.15522,5.25,3.07
2018.08.09 18:27:30.813,1.15518,1.15522,4.50,4.95
2018.08.09 18:27:32.517,1.1552,1.15522,1.00,1.20
2018.08.09 18:27:33.155,1.15521,1.15523,1.87,3.07
2018.08.09 18:27:34.650,1.1552,1.15522,3.37,1.47
2018.08.09 18:27:38.834,1.15522,1.15523,1.00,3.26
2018.08.09 18:27:39.341,1.1552,1.15523,2.25,1.20
2018.08.09 18:27:40.071,1.1552,1.15523,1.87,1.57
2018.08.09 18:27:40.779,1.15522,1.15524,1.00,2.70
2018.08.09 18:27:41.374,1.15521,1.15524,1.69,4.95
2018.08.09 18:27:45.288,1.1552,1.15523,2.06,1.10
2018.08.09 18:27:45.932,1.1552,1.15523,1.00,2.89
2018.08.09 18:27:46.449,1.15519,1.15521,3.37,1.10
2018.08.09 18:27:47.537,1.15519,1.15522,2.25,3.26
2018.08.09 18:27:48.907,1.15519,1.15522,1.00,2.14
2018.08.09 18:27:57.969,1.15519,1.15522,7.31,2.32
2018.08.09 18:27:59.015,1.1552,1.15521,1.00,1.00
2018.08.09 18:27:59.565,1.1552,1.15522,1.00,1.57
2018.08.09 18:28:02.528,1.15521,1.15522,1.00,1.00
2018.08.09 18:28:03.064,1.1552,1.15522,2.25,1.00
2018.08.09 18:28:05.144,1.15521,1.15522,1.00,1.00
2018.08.09 18:28:05.847,1.1552,1.15522,2.44,1.00
2018.08.09 18:28:07.023,1.15521,1.15522,1.00,1.00
2018.08.09 18:28:07.812,1.1552,1.15522,2.44,1.00
2018.08.09 18:28:08.379,1.15521,1.15522,1.00,1.10
2018.08.09 18:28:08.885,1.15522,1.15523,1.87,1.10
2018.08.09 18:28:08.938,1.15522,1.15524,3.94,1.10
2018.08.09 18:28:09.043,1.15521,1.15523,2.06,1.69
2018.08.09 18:28:09.568,1.1552,1.15522,2.25,1.95
2018.08.09 18:28:10.190,1.1552,1.15521,1.00,1.10
2018.08.09 18:28:13.825,1.15519,1.15521,1.12,1.20
2018.08.09 18:28:14.348,1.15518,1.1552,1.62,1.10
2018.08.09 18:28:19.271,1.15519,1.15521,1.50,2.25
2018.08.09 18:28:21.256,1.15519,1.15521,1.37,2.70
2018.08.09 18:28:22.543,1.15518,1.15521,4.12,3.07
2018.08.09 18:28:32.128,1.15519,1.15521,1.12,1.57
2018.08.09 18:28:32.638,1.15519,1.15521,3.00,1.95
2018.08.09 18:28:33.362,1.15519,1.1552,2.25,1.10
2018.08.09 18:28:35.591,1.15516,1.15518,2.81,2.81
2018.08.09 18:28:35.695,1.15515,1.15517,2.25,2.70
2018.08.09 18:28:37.064,1.15514,1.15517,2.25,1.57
2018.08.09 18:28:37.842,1.15514,1.15515,2.44,1.00
2018.08.09 18:28:38.369,1.15514,1.15516,1.69,2.14
2018.08.09 18:28:39.218,1.15514,1.15515,1.50,1.00
2018.08.09 18:28:39.745,1.15514,1.15516,1.12,2.32
2018.08.09 18:28:40.431,1.15514,1.15515,2.81,1.00
2018.08.09 18:28:41.092,1.15514,1.15516,2.81,3.26
2018.08.09 18:28:43.092,1.15514,1.15516,3.00,2.32
2018.08.09 18:28:43.692,1.15514,1.15516,1.12,1.57
2018.08.09 18:28:46.859,1.15513,1.15516,7.50,1.57
2018.08.09 18:28:48.456,1.15513,1.15516,3.00,1.57
2018.08.09 18:28:50.295,1.15514,1.15516,1.50,2.32
2018.08.09 18:28:50.802,1.15513,1.15516,3.75,1.20
2018.08.09 18:28:51.319,1.15514,1.15516,1.50,2.14
2018.08.09 18:28:51.839,1.15515,1.15516,1.12,3.45
2018.08.09 18:28:53.118,1.15514,1.15516,1.25,2.51
2018.08.09 18:28:53.627,1.15513,1.15516,8.06,1.57
2018.08.09 18:28:54.273,1.15513,1.15516,9.19,3.07
2018.08.09 18:28:54.527,1.1551,1.15513,1.31,1.57
2018.08.09 18:28:54.708,1.15509,1.15512,1.87,4.20
2018.08.09 18:28:55.027,1.15505,1.15507,1.50,1.10
2018.08.09 18:28:56.017,1.15505,1.15507,3.00,1.57
2018.08.09 18:28:56.530,1.15505,1.15507,1.50,1.10
2018.08.09 18:28:57.042,1.15505,1.15507,1.00,1.07
2018.08.09 18:28:58.426,1.15503,1.15504,1.00,2.62
2018.08.09 18:28:58.480,1.15501,1.15503,1.12,2.32
2018.08.09 18:28:58.962,1.15503,1.15504,1.12,1.00
2018.08.09 18:28:59.016,1.15504,1.15506,1.31,2.25
2018.08.09 18:28:59.585,1.15504,1.15507,1.31,5.89
2018.08.09 18:29:01.008,1.15504,1.15506,1.62,1.00
2018.08.09 18:29:03.026,1.15505,1.15507,3.19,1.50
2018.08.09 18:29:04.463,1.15505,1.15508,2.25,1.72
2018.08.09 18:29:05.463,1.15505,1.15507,1.00,1.00
2018.08.09 18:29:06.445,1.15506,1.15508,1.00,3.37
2018.08.09 18:29:06.946,1.15505,1.15508,3.56,4.12
2018.08.09 18:29:07.618,1.15505,1.15508,3.37,3.00
2018.08.09 18:29:12.282,1.15505,1.15508,1.00,2.62
2018.08.09 18:29:12.863,1.15504,1.15507,4.50,1.95
2018.08.09 18:29:16.095,1.15502,1.15506,10.50,1.50
2018.08.09 18:29:16.699,1.15504,1.15506,1.12,3.75
2018.08.09 18:29:18.122,1.15503,1.15505,2.25,1.12
2018.08.09 18:29:19.282,1.15503,1.15507,4.12,12.86
2018.08.09 18:29:19.786,1.15504,1.15506,1.00,2.32
2018.08.09 18:29:22.007,1.15502,1.15507,12.75,8.74
2018.08.09 18:29:27.145,1.15502,1.15507,13.31,9.49
2018.08.09 18:29:31.925,1.15503,1.15506,2.81,1.87
2018.08.09 18:29:33.178,1.15503,1.15506,7.87,1.95
2018.08.09 18:29:35.070,1.15503,1.15507,6.00,9.97
2018.08.09 18:29:38.155,1.15503,1.15507,5.25,11.44
2018.08.09 18:29:38.689,1.15504,1.15507,1.69,4.95
2018.08.09 18:29:39.227,1.15504,1.15508,2.06,8.55
2018.08.09 18:29:41.307,1.15505,1.15508,1.00,9.30
2018.08.09 18:29:41.646,1.15506,1.15509,1.69,1.20
2018.08.09 18:29:42.227,1.15506,1.15509,1.31,1.87
2018.08.09 18:29:42.739,1.15506,1.15508,2.44,1.00
2018.08.09 18:29:43.371,1.15506,1.15509,1.25,5.81
2018.08.09 18:29:43.921,1.15506,1.15508,2.44,1.00
2018.08.09 18:29:47.880,1.15506,1.15507,1.00,1.00
2018.08.09 18:29:49.684,1.15505,1.15507,1.00,1.00
2018.08.09 18:29:50.537,1.15503,1.15504,1.50,1.00
2018.08.09 18:29:50.589,1.15501,1.15504,4.20,2.25
2018.08.09 18:29:52.877,1.15501,1.15504,1.00,2.62
2018.08.09 18:29:53.182,1.15504,1.15505,1.12,2.14
2018.08.09 18:29:53.731,1.15504,1.15506,1.12,1.50
2018.08.09 18:29:54.048,1.155,1.15503,2.70,2.62
2018.08.09 18:29:54.486,1.155,1.15503,1.12,7.72
2018.08.09 18:29:55.951,1.15499,1.15501,1.25,1.12
2018.08.09 18:29:56.507,1.15499,1.15501,2.25,1.00
2018.08.09 18:29:57.078,1.155,1.15503,1.31,8.51
2018.08.09 18:29:57.609,1.15501,1.15502,1.00,1.50
2018.08.09 18:29:59.377,1.155,1.15503,1.50,6.75
2018.08.09 18:29:59.892,1.15501,1.15502,1.00,1.00
2018.08.09 18:30:00.424,1.155,1.15503,1.12,5.85
2018.08.09 18:30:00.971,1.155,1.15502,1.50,1.12
2018.08.09 18:30:01.545,1.15499,1.15503,2.81,5.47
2018.08.09 18:30:02.208,1.15499,1.15502,1.44,2.44
2018.08.09 18:30:02.714,1.15499,1.15502,1.12,1.00
2018.08.09 18:30:03.365,1.15499,1.15502,1.12,2.85
2018.08.09 18:30:03.429,1.15495,1.15498,1.87,4.35
2018.08.09 18:30:03.616,1.15494,1.15496,1.00,2.44
2018.08.09 18:30:03.775,1.15491,1.15495,1.87,5.70
2018.08.09 18:30:03.883,1.1549,1.15493,3.00,3.19
2018.08.09 18:30:04.370,1.15492,1.15495,4.69,3.97
2018.08.09 18:30:04.906,1.15493,1.15496,6.00,1.00
2018.08.09 18:30:05.463,1.15492,1.15494,1.95,2.62
2018.08.09 18:30:05.652,1.15493,1.15495,3.37,1.31
2018.08.09 18:30:06.167,1.15492,1.15496,10.87,3.94
2018.08.09 18:30:06.723,1.15493,1.15495,1.00,1.00
2018.08.09 18:30:07.244,1.15493,1.15496,4.12,1.87
2018.08.09 18:30:07.689,1.15495,1.15498,3.94,1.95
2018.08.09 18:30:08.199,1.15495,1.15498,5.44,1.50
2018.08.09 18:30:09.399,1.15497,1.15499,1.00,1.50
2018.08.09 18:30:09.453,1.15499,1.155,1.12,1.57
2018.08.09 18:30:09.773,1.15497,1.155,5.25,4.50
2018.08.09 18:30:09.958,1.15498,1.15501,1.25,5.55
2018.08.09 18:30:10.484,1.15498,1.155,2.25,1.00
2018.08.09 18:30:11.038,1.15498,1.15501,5.06,2.10
2018.08.09 18:30:11.197,1.15498,1.15499,3.00,2.62
2018.08.09 18:30:11.301,1.15496,1.15499,3.19,1.12
2018.08.09 18:30:11.804,1.15497,1.15498,1.00,1.00
2018.08.09 18:30:12.430,1.15496,1.15499,3.00,1.12
2018.08.09 18:30:13.200,1.15496,1.15498,3.56,1.00
2018.08.09 18:30:13.747,1.15499,1.15501,1.00,12.07
2018.08.09 18:30:13.799,1.15501,1.15503,1.00,4.05
2018.08.09 18:30:14.325,1.155,1.15503,1.87,5.92
2018.08.09 18:30:14.884,1.15501,1.15503,1.00,4.05
2018.08.09 18:30:15.416,1.15499,1.15503,7.69,2.17
2018.08.09 18:30:17.070,1.155,1.15503,1.50,4.42
2018.08.09 18:30:18.319,1.15499,1.15503,2.81,4.99
2018.08.09 18:30:21.159,1.15499,1.15503,6.37,2.66
2018.08.09 18:30:21.758,1.15502,1.15504,1.00,4.91
2018.08.09 18:30:24.484,1.15502,1.15504,1.50,3.82
2018.08.09 18:30:24.589,1.15502,1.15505,4.50,2.62
2018.08.09 18:30:26.536,1.15502,1.15505,2.62,2.62
2018.08.09 18:30:27.377,1.15503,1.15505,1.00,3.37
2018.08.09 18:30:28.175,1.15502,1.15504,4.50,1.00
2018.08.09 18:30:28.835,1.15501,1.15504,1.87,2.62
2018.08.09 18:30:29.381,1.15501,1.15504,1.00,8.66
2018.08.09 18:30:29.891,1.155,1.15504,2.25,6.41
2018.08.09 18:30:30.445,1.15499,1.15504,4.87,8.10
2018.08.09 18:30:30.990,1.155,1.15503,1.00,1.50
2018.08.09 18:30:31.820,1.15499,1.15502,7.87,1.00
2018.08.09 18:30:35.834,1.15499,1.15503,6.19,1.00
2018.08.09 18:30:36.374,1.15501,1.15504,1.00,5.25
2018.08.09 18:30:39.625,1.155,1.15504,1.00,4.69
2018.08.09 18:30:40.936,1.15499,1.15503,6.94,1.12
2018.08.09 18:30:41.588,1.15502,1.15505,1.00,6.82
2018.08.09 18:30:41.947,1.15501,1.15504,4.50,3.37
2018.08.09 18:30:42.277,1.15503,1.15506,3.56,4.57
2018.08.09 18:30:43.245,1.15503,1.15506,4.31,4.69
2018.08.09 18:30:43.757,1.15503,1.15507,1.25,5.51
2018.08.09 18:30:47.184,1.15505,1.15508,4.50,2.25
2018.08.09 18:30:47.498,1.15507,1.15509,1.31,3.22
2018.08.09 18:30:49.082,1.15505,1.15509,2.25,7.80
2018.08.09 18:30:49.135,1.15505,1.15508,1.00,2.62
2018.08.09 18:30:51.611,1.15503,1.15506,7.69,1.12
2018.08.09 18:30:52.597,1.15504,1.15507,2.44,6.94
2018.08.09 18:30:53.123,1.15504,1.15507,1.25,4.69
2018.08.09 18:30:58.091,1.15504,1.15506,1.69,1.69
2018.08.09 18:31:00.872,1.15504,1.15507,1.31,5.06
2018.08.09 18:31:01.269,1.15506,1.15508,1.12,2.70
2018.08.09 18:31:01.482,1.15508,1.15509,1.69,1.00
2018.08.09 18:31:01.604,1.1551,1.15512,1.00,1.50
2018.08.09 18:31:02.153,1.15509,1.15513,3.19,8.14
2018.08.09 18:31:03.677,1.1551,1.15512,1.25,1.31
2018.08.09 18:31:04.198,1.1551,1.15512,1.69,1.69
2018.08.09 18:31:04.745,1.15509,1.15513,1.69,4.01
2018.08.09 18:31:05.832,1.15509,1.15512,1.19,3.19
2018.08.09 18:31:05.958,1.15508,1.15511,3.00,2.00
2018.08.09 18:31:06.115,1.15503,1.15507,15.00,1.00
2018.08.09 18:31:06.428,1.15503,1.15505,3.56,1.25
2018.08.09 18:31:06.839,1.15503,1.15507,3.56,4.54
2018.08.09 18:31:07.589,1.15503,1.15507,6.19,2.10
2018.08.09 18:31:11.349,1.15505,1.15508,2.25,3.82
2018.08.09 18:31:11.908,1.15505,1.15508,1.31,2.06
2018.08.09 18:31:13.092,1.15505,1.15508,1.69,1.69
2018.08.09 18:31:16.967,1.15505,1.15507,1.87,1.00
2018.08.09 18:31:17.068,1.15505,1.15508,2.06,2.06
2018.08.09 18:31:18.814,1.15505,1.15508,1.31,1.31
2018.08.09 18:31:23.018,1.15505,1.15508,2.06,2.06
2018.08.09 18:31:24.134,1.15506,1.15508,1.25,1.69
2018.08.09 18:31:24.705,1.15508,1.1551,1.50,1.95
2018.08.09 18:31:25.049,1.1551,1.15513,6.19,1.12
2018.08.09 18:31:25.819,1.15513,1.15516,1.87,6.00
2018.08.09 18:31:25.873,1.15512,1.15515,2.62,5.25
2018.08.09 18:31:26.082,1.15511,1.15515,4.50,2.62
2018.08.09 18:31:26.846,1.15512,1.15515,1.00,8.62
2018.08.09 18:31:27.461,1.15511,1.15515,4.12,6.37
2018.08.09 18:31:28.338,1.15512,1.15515,1.00,4.50
2018.08.09 18:31:28.860,1.15511,1.15514,3.00,2.62
2018.08.09 18:31:29.100,1.15511,1.15513,1.00,1.69
2018.08.09 18:31:29.634,1.15511,1.15513,1.31,1.87
2018.08.09 18:31:30.135,1.1551,1.15513,3.94,1.62
2018.08.09 18:31:30.638,1.1551,1.15513,5.44,1.50
2018.08.09 18:31:31.176,1.1551,1.15514,5.06,4.31
2018.08.09 18:31:32.071,1.1551,1.15513,6.56,1.25
2018.08.09 18:31:32.707,1.1551,1.15514,3.94,3.56
2018.08.09 18:31:33.230,1.1551,1.15513,5.44,1.25
2018.08.09 18:31:38.317,1.15511,1.15513,1.12,2.06
2018.08.09 18:31:46.036,1.15511,1.15513,1.19,1.00
2018.08.09 18:31:46.658,1.1551,1.15514,2.81,3.00
2018.08.09 18:31:47.373,1.1551,1.15513,3.56,1.00
2018.08.09 18:31:47.427,1.15511,1.15514,3.37,2.62
2018.08.09 18:31:47.483,1.15514,1.15516,1.50,6.07
2018.08.09 18:31:47.536,1.15514,1.15517,3.00,1.12
2018.08.09 18:31:48.094,1.15514,1.15517,4.12,1.87
2018.08.09 18:31:51.293,1.15513,1.15514,5.25,1.00
2018.08.09 18:31:51.403,1.15511,1.15514,1.50,1.12
2018.08.09 18:31:52.145,1.1551,1.15513,3.94,1.25
2018.08.09 18:31:52.806,1.1551,1.15514,1.31,2.44
2018.08.09 18:31:53.330,1.15511,1.15513,1.31,1.31
2018.08.09 18:31:54.717,1.15512,1.15516,8.44,3.00
2018.08.09 18:31:54.775,1.15513,1.15516,5.81,2.25
2018.08.09 18:31:55.836,1.15515,1.15517,1.00,3.94
2018.08.09 18:31:58.279,1.15513,1.15517,3.75,3.19
2018.08.09 18:31:58.939,1.15515,1.15517,1.00,7.12
2018.08.09 18:31:59.049,1.15516,1.15519,1.50,3.19
2018.08.09 18:32:00.777,1.15516,1.15519,1.50,1.50
2018.08.09 18:32:01.315,1.15518,1.1552,1.00,11.06
2018.08.09 18:32:01.576,1.15516,1.1552,3.00,2.62
2018.08.09 18:32:02.806,1.15517,1.15518,1.12,1.00
2018.08.09 18:32:03.943,1.15516,1.1552,3.00,3.00
2018.08.09 18:32:06.802,1.15517,1.15519,1.50,1.12
2018.08.09 18:32:07.317,1.15516,1.1552,3.00,2.81
2018.08.09 18:32:13.255,1.15517,1.15519,1.00,1.87
2018.08.09 18:32:14.276,1.15516,1.15519,2.06,1.25
2018.08.09 18:32:16.540,1.15517,1.15519,1.00,2.62
2018.08.09 18:32:17.952,1.15516,1.15519,1.12,2.81
2018.08.09 18:32:19.138,1.15517,1.15519,1.00,2.81
2018.08.09 18:32:19.644,1.15516,1.15518,2.25,1.00
2018.08.09 18:32:19.757,1.15518,1.15519,3.38,1.12
2018.08.09 18:32:19.811,1.15518,1.15521,1.31,2.25
2018.08.09 18:32:19.917,1.15517,1.15519,5.62,1.37
2018.08.09 18:32:21.177,1.15515,1.15518,1.87,3.00
2018.08.09 18:32:25.293,1.15515,1.15518,9.94,3.19
2018.08.09 18:32:26.392,1.15515,1.15518,7.69,3.19
2018.08.09 18:32:26.907,1.15516,1.15519,1.00,6.00
2018.08.09 18:32:28.067,1.15516,1.15518,1.31,1.50
2018.08.09 18:32:29.205,1.15518,1.15519,1.12,1.50
2018.08.09 18:32:29.317,1.15518,1.15521,1.12,4.50
2018.08.09 18:32:31.006,1.15518,1.1552,5.25,1.00
2018.08.09 18:32:31.430,1.15517,1.15518,1.00,1.00
2018.08.09 18:32:32.220,1.15516,1.15519,1.50,3.60
2018.08.09 18:32:32.931,1.15516,1.15518,2.62,1.50
2018.08.09 18:32:37.224,1.15515,1.15519,3.00,2.62
2018.08.09 18:32:38.669,1.15516,1.15518,1.00,1.50
2018.08.09 18:32:39.208,1.15516,1.15519,1.00,5.25
2018.08.09 18:32:39.814,1.15515,1.15519,3.00,3.00
2018.08.09 18:32:40.338,1.15515,1.15519,3.00,3.00
2018.08.09 18:32:40.908,1.15516,1.15519,1.00,5.25
2018.08.09 18:32:41.567,1.15515,1.15519,1.87,3.75
2018.08.09 18:32:42.355,1.15515,1.15516,1.12,2.62
2018.08.09 18:32:42.993,1.15514,1.15516,1.25,5.06
2018.08.09 18:32:44.611,1.15514,1.15516,1.19,1.69
2018.08.09 18:32:45.325,1.15513,1.15517,3.19,7.72
2018.08.09 18:32:46.087,1.15514,1.15516,1.19,1.00
2018.08.09 18:32:47.307,1.15513,1.15517,2.81,6.22
2018.08.09 18:32:48.049,1.15514,1.15516,1.19,1.50
2018.08.09 18:32:48.976,1.15513,1.15516,4.31,1.50
2018.08.09 18:32:49.495,1.15513,1.15516,3.19,1.00
2018.08.09 18:32:53.273,1.15513,1.15516,2.62,1.00
2018.08.09 18:32:54.104,1.15513,1.15516,2.06,1.50
2018.08.09 18:32:55.540,1.15513,1.15516,5.06,2.33
2018.08.09 18:32:56.075,1.15514,1.15516,1.25,1.00
2018.08.09 18:32:58.389,1.15514,1.15517,1.31,3.75
2018.08.09 18:33:01.320,1.15515,1.15517,2.44,1.69
2018.08.09 18:33:01.845,1.15514,1.15517,1.69,1.50
2018.08.09 18:33:02.382,1.15513,1.15518,11.44,9.30
2018.08.09 18:33:03.047,1.15513,1.15517,12.19,1.12
2018.08.09 18:33:03.572,1.15514,1.15517,1.19,2.06
2018.08.09 18:33:03.727,1.15513,1.15517,10.50,1.12
2018.08.09 18:33:04.252,1.15514,1.15516,1.50,1.00
2018.08.09 18:33:04.840,1.15514,1.15517,1.00,4.12
2018.08.09 18:33:06.672,1.15514,1.15516,1.50,1.00
2018.08.09 18:33:07.255,1.15514,1.15517,3.00,1.50
2018.08.09 18:33:07.783,1.15514,1.15517,1.44,1.00
2018.08.09 18:33:09.499,1.15514,1.15517,2.25,1.69
2018.08.09 18:33:10.787,1.15514,1.15517,1.12,1.00
2018.08.09 18:33:10.996,1.15515,1.15517,1.31,1.00
2018.08.09 18:33:11.594,1.15514,1.15517,3.00,1.00
2018.08.09 18:33:12.132,1.15514,1.15519,4.31,11.06
2018.08.09 18:33:19.330,1.15514,1.15519,3.00,8.66
2018.08.09 18:33:19.744,1.15517,1.1552,6.19,1.20
2018.08.09 18:33:20.063,1.15515,1.15518,2.25,2.44
2018.08.09 18:33:21.153,1.15514,1.15518,2.25,5.29
2018.08.09 18:33:21.699,1.15515,1.15518,1.00,5.14
2018.08.09 18:33:22.236,1.15514,1.15517,3.56,2.25
2018.08.09 18:33:22.595,1.15513,1.15515,3.19,1.00
2018.08.09 18:33:23.124,1.15513,1.15515,9.56,1.00
2018.08.09 18:33:23.682,1.15513,1.15516,9.00,1.12
2018.08.09 18:33:24.186,1.15513,1.15516,10.31,3.56
2018.08.09 18:33:24.844,1.15513,1.15516,8.06,2.06
2018.08.09 18:33:25.298,1.15517,1.15519,4.50,2.81
2018.08.09 18:33:25.352,1.15515,1.15519,2.81,4.12
2018.08.09 18:33:25.405,1.15515,1.15518,1.69,2.44
2018.08.09 18:33:26.372,1.15516,1.15518,1.00,2.25
2018.08.09 18:33:27.043,1.15515,1.15518,1.69,6.56
2018.08.09 18:33:27.648,1.15516,1.15519,1.31,6.19
2018.08.09 18:33:28.218,1.15515,1.15519,4.69,4.50
2018.08.09 18:33:28.781,1.15515,1.15518,4.69,2.62
2018.08.09 18:33:29.669,1.15515,1.15518,3.94,2.06
2018.08.09 18:33:30.260,1.15515,1.15518,4.31,1.87
2018.08.09 18:33:33.502,1.15515,1.15518,2.81,2.81
2018.08.09 18:33:35.966,1.15515,1.15518,1.13,1.12
2018.08.09 18:33:36.490,1.15515,1.15518,1.13,1.50
2018.08.09 18:33:37.460,1.15515,1.15518,1.88,2.44
2018.08.09 18:33:37.994,1.15515,1.15518,3.19,1.50
2018.08.09 18:33:42.279,1.15517,1.15519,4.69,1.00
2018.08.09 18:33:42.486,1.15518,1.15521,2.06,1.00
2018.08.09 18:33:42.641,1.15519,1.15521,1.19,1.69
2018.08.09 18:33:43.460,1.15518,1.15522,14.10,4.50
2018.08.09 18:33:44.323,1.15518,1.15522,12.75,1.31
2018.08.09 18:33:44.630,1.15518,1.15521,8.25,2.25
2018.08.09 18:33:44.938,1.15518,1.15521,8.44,2.44
2018.08.09 18:33:45.283,1.15518,1.15521,9.75,1.87
2018.08.09 18:33:45.840,1.15518,1.15522,2.44,3.37
2018.08.09 18:33:47.024,1.15518,1.15521,6.94,1.87
2018.08.09 18:33:48.078,1.15518,1.15522,2.44,2.62
2018.08.09 18:33:48.688,1.15519,1.15521,1.69,1.00
2018.08.09 18:33:48.740,1.15522,1.15523,1.00,2.25
2018.08.09 18:33:49.038,1.1552,1.15523,1.00,7.54
2018.08.09 18:33:49.092,1.1552,1.15521,1.00,1.00
2018.08.09 18:33:49.944,1.1552,1.15522,1.00,3.00
2018.08.09 18:33:50.467,1.15518,1.15522,3.94,1.50
2018.08.09 18:33:51.055,1.15519,1.15521,1.25,1.00
2018.08.09 18:33:51.691,1.15522,1.15523,1.50,1.12
2018.08.09 18:33:51.794,1.15523,1.15526,2.06,2.06
2018.08.09 18:33:52.857,1.15523,1.15526,2.06,2.06
2018.08.09 18:33:53.384,1.15523,1.15526,1.19,1.87
2018.08.09 18:33:53.917,1.15523,1.15525,2.81,1.00
2018.08.09 18:33:54.557,1.15523,1.15526,1.31,1.12
2018.08.09 18:33:56.804,1.15522,1.15526,9.00,3.00
2018.08.09 18:33:56.858,1.15522,1.15526,1.50,6.94
2018.08.09 18:33:57.832,1.15521,1.15526,6.00,7.31
2018.08.09 18:33:58.449,1.15521,1.15525,6.37,1.69
2018.08.09 18:33:59.104,1.15522,1.15525,1.50,1.69
2018.08.09 18:34:00.481,1.15521,1.15525,8.06,1.69
2018.08.09 18:34:01.532,1.1552,1.15523,1.87,2.17
2018.08.09 18:34:02.518,1.15521,1.15523,1.12,4.42
2018.08.09 18:34:03.461,1.1552,1.15523,1.25,2.55
2018.08.09 18:34:04.114,1.1552,1.15523,1.25,1.12
2018.08.09 18:34:04.758,1.1552,1.15523,1.69,1.50
2018.08.09 18:34:05.294,1.1552,1.15523,2.44,2.62
2018.08.09 18:34:08.779,1.1552,1.15523,1.69,2.74
2018.08.09 18:34:09.620,1.15523,1.15524,3.71,1.00
2018.08.09 18:34:09.672,1.15525,1.15526,1.00,1.50
2018.08.09 18:34:10.452,1.15524,1.15526,3.00,1.12
2018.08.09 18:34:11.006,1.15525,1.15527,1.25,1.69
2018.08.09 18:34:11.538,1.15524,1.15527,4.87,1.50
2018.08.09 18:34:11.913,1.15525,1.15528,1.69,5.74
2018.08.09 18:34:12.794,1.15525,1.15528,2.06,3.11
2018.08.09 18:34:13.353,1.15525,1.15528,3.00,1.00
2018.08.09 18:34:14.103,1.15525,1.15528,4.31,3.19
2018.08.09 18:34:14.895,1.15525,1.15528,5.06,2.25
2018.08.09 18:34:15.838,1.15526,1.15528,1.00,2.92
2018.08.09 18:34:15.942,1.15527,1.1553,2.62,4.12
2018.08.09 18:34:16.616,1.15527,1.1553,2.62,5.55
2018.08.09 18:34:18.466,1.15527,1.15529,1.00,2.55
2018.08.09 18:34:18.992,1.15527,1.15529,1.50,3.49
2018.08.09 18:34:20.095,1.15527,1.15529,1.00,3.49
2018.08.09 18:34:20.642,1.15528,1.1553,1.00,1.42
2018.08.09 18:34:21.317,1.15528,1.1553,1.31,1.99
2018.08.09 18:34:26.776,1.15528,1.15531,1.50,4.05
2018.08.09 18:34:27.106,1.1553,1.15532,1.87,1.05
2018.08.09 18:34:27.625,1.15529,1.15533,3.19,4.80
2018.08.09 18:34:28.150,1.15529,1.15533,3.94,4.05
2018.08.09 18:34:29.652,1.1553,1.15532,1.12,1.00
2018.08.09 18:34:30.112,1.15529,1.15531,1.50,1.87
2018.08.09 18:34:30.218,1.15529,1.15532,1.00,6.90
2018.08.09 18:34:30.787,1.15528,1.15532,2.44,5.29
2018.08.09 18:34:31.004,1.15529,1.15531,1.50,1.50
2018.08.09 18:34:31.544,1.1553,1.15532,1.25,5.06
2018.08.09 18:34:32.083,1.1553,1.15532,1.00,5.06
2018.08.09 18:34:32.891,1.15529,1.15532,2.62,3.86
2018.08.09 18:34:33.405,1.15529,1.15532,3.56,3.19
2018.08.09 18:34:34.284,1.1553,1.15532,1.00,4.69
2018.08.09 18:34:34.811,1.15529,1.15532,4.87,1.87
2018.08.09 18:34:35.349,1.15529,1.15532,3.75,2.92
2018.08.09 18:34:36.208,1.1553,1.15533,3.94,3.86
2018.08.09 18:34:36.420,1.1553,1.15532,2.25,1.05
2018.08.09 18:34:37.304,1.15531,1.15533,1.00,3.37
2018.08.09 18:34:37.824,1.1553,1.15533,3.00,1.87
2018.08.09 18:34:38.329,1.15531,1.15532,1.00,1.12
2018.08.09 18:34:41.654,1.1553,1.15533,3.94,1.31
2018.08.09 18:34:42.171,1.1553,1.15534,2.44,7.88
2018.08.09 18:34:43.638,1.15531,1.15533,1.00,2.55
2018.08.09 18:34:44.966,1.1553,1.15533,2.44,1.87
2018.08.09 18:34:46.760,1.15531,1.15533,1.00,2.55
2018.08.09 18:34:47.279,1.1553,1.15534,1.69,10.31
2018.08.09 18:34:49.255,1.1553,1.15533,3.19,3.11
2018.08.09 18:34:49.870,1.1553,1.15533,1.00,2.17
2018.08.09 18:34:52.261,1.1553,1.15533,1.50,1.80
2018.08.09 18:34:52.802,1.1553,1.15534,2.25,8.44
2018.08.09 18:34:53.701,1.1553,1.15533,1.87,1.00
2018.08.09 18:34:54.241,1.1553,1.15533,2.06,1.76
2018.08.09 18:34:55.120,1.1553,1.15534,2.81,6.75
2018.08.09 18:34:55.896,1.15531,1.15534,8.47,1.77
2018.08.09 18:34:56.633,1.15531,1.15535,6.37,5.44
2018.08.09 18:34:57.200,1.15532,1.15534,1.12,3.19
2018.08.09 18:34:57.805,1.15531,1.15534,2.44,1.25
2018.08.09 18:34:58.385,1.15531,1.15534,4.87,1.69
2018.08.09 18:34:58.938,1.15531,1.15534,2.44,1.31
2018.08.09 18:34:59.505,1.15532,1.15534,1.00,3.56
2018.08.09 18:35:00.086,1.15532,1.15534,1.00,3.56
2018.08.09 18:35:00.389,1.15534,1.15535,1.25,1.00
2018.08.09 18:35:00.694,1.15536,1.15537,2.62,1.00
2018.08.09 18:35:01.515,1.15536,1.15539,6.56,3.00
2018.08.09 18:35:01.619,1.1554,1.15542,2.44,1.12
2018.08.09 18:35:02.206,1.15541,1.15543,1.69,2.55
2018.08.09 18:35:02.724,1.15542,1.15543,1.00,1.05
2018.08.09 18:35:03.251,1.15541,1.15543,5.06,1.42
2018.08.09 18:35:04.102,1.15541,1.15544,1.69,4.87
2018.08.09 18:35:04.727,1.15541,1.15543,1.69,3.49
2018.08.09 18:35:05.911,1.15541,1.15544,1.31,5.06
2018.08.09 18:35:06.453,1.15541,1.15544,1.31,3.37
2018.08.09 18:35:09.065,1.15541,1.15543,1.69,1.50
2018.08.09 18:35:11.133,1.15542,1.15543,1.00,3.00
2018.08.09 18:35:11.763,1.15541,1.15543,1.50,1.69
2018.08.09 18:35:11.815,1.1554,1.15543,1.50,1.55
2018.08.09 18:35:13.084,1.15539,1.15543,5.81,3.30
2018.08.09 18:35:13.379,1.15543,1.15544,1.00,4.57
2018.08.09 18:35:13.536,1.15541,1.15544,4.50,1.69
2018.08.09 18:35:17.864,1.15542,1.15544,1.00,3.11
2018.08.09 18:35:18.372,1.15541,1.15544,1.50,2.14
2018.08.09 18:35:18.484,1.15543,1.15545,1.69,1.10
2018.08.09 18:35:18.539,1.15545,1.15548,1.31,5.89
2018.08.09 18:35:19.106,1.15545,1.15548,1.00,3.00
2018.08.09 18:35:20.199,1.15546,1.15548,2.62,1.12
2018.08.09 18:35:21.895,1.15547,1.15548,1.00,1.12
2018.08.09 18:35:22.447,1.15546,1.15549,2.62,3.00
2018.08.09 18:35:23.081,1.15547,1.15549,1.00,4.50
2018.08.09 18:35:23.135,1.15548,1.1555,1.00,4.42
2018.08.09 18:35:23.463,1.1555,1.15552,5.25,1.00
2018.08.09 18:35:24.466,1.15551,1.15553,1.31,1.69
2018.08.09 18:35:25.087,1.1555,1.15553,6.94,1.12
2018.08.09 18:35:25.916,1.15551,1.15553,2.81,2.06
2018.08.09 18:35:27.554,1.15551,1.15553,3.00,1.87
2018.08.09 18:35:27.764,1.15548,1.1555,1.50,6.75
2018.08.09 18:35:28.285,1.15547,1.15549,2.25,1.50
2018.08.09 18:35:28.337,1.1555,1.15551,8.60,2.70
2018.08.09 18:35:28.440,1.15551,1.15553,1.00,1.12
2018.08.09 18:35:29.545,1.1555,1.15553,2.62,1.50
2018.08.09 18:35:30.625,1.15551,1.15553,1.00,1.50
2018.08.09 18:35:32.763,1.15552,1.15553,1.00,1.00
2018.08.09 18:35:33.354,1.15551,1.15553,3.75,1.50
2018.08.09 18:35:34.012,1.15552,1.15553,1.00,1.00
2018.08.09 18:35:34.550,1.15551,1.15553,1.50,1.00
2018.08.09 18:35:35.100,1.15552,1.15553,1.00,1.00
2018.08.09 18:35:35.637,1.15552,1.15554,1.00,3.37
2018.08.09 18:35:36.233,1.15551,1.15554,3.37,2.25
2018.08.09 18:35:36.869,1.15551,1.15553,2.81,1.25
2018.08.09 18:35:37.541,1.15551,1.15554,2.81,1.69
2018.08.09 18:35:38.639,1.15552,1.15554,1.00,3.19
2018.08.09 18:35:39.268,1.15552,1.15553,1.00,1.00
2018.08.09 18:35:39.792,1.15552,1.15554,1.00,3.94
2018.08.09 18:35:40.303,1.15551,1.15554,3.56,2.74
2018.08.09 18:35:40.849,1.15552,1.15554,1.00,4.24
2018.08.09 18:35:41.508,1.15551,1.15554,3.56,2.74
2018.08.09 18:35:43.091,1.15551,1.15553,4.31,1.25
2018.08.09 18:35:47.922,1.15551,1.15554,2.81,2.74
2018.08.09 18:35:48.576,1.15551,1.15554,3.56,3.49
2018.08.09 18:35:49.093,1.15551,1.15554,2.81,2.55
2018.08.09 18:35:49.660,1.15551,1.15554,3.56,2.06
2018.08.09 18:35:54.588,1.15551,1.15554,2.81,1.05
2018.08.09 18:35:55.649,1.15552,1.15554,1.00,2.92
2018.08.09 18:35:56.187,1.15551,1.15554,4.12,4.12
2018.08.09 18:35:56.853,1.15551,1.15554,2.62,2.25
2018.08.09 18:35:57.806,1.15551,1.15554,2.81,1.10
2018.08.09 18:35:58.573,1.15551,1.15554,6.56,3.56
2018.08.09 18:35:59.124,1.15551,1.15554,2.62,1.12
2018.08.09 18:36:03.626,1.15551,1.15553,1.86,1.00
2018.08.09 18:36:05.796,1.1555,1.15552,1.50,1.87
2018.08.09 18:36:06.252,1.15548,1.15549,2.06,1.25
2018.08.09 18:36:06.356,1.15546,1.15549,1.50,2.81
2018.08.09 18:36:06.602,1.15548,1.1555,2.44,3.75
2018.08.09 18:36:06.654,1.15549,1.15552,3.94,1.50
2018.08.09 18:36:07.062,1.1555,1.15552,1.19,1.00
2018.08.09 18:36:07.643,1.15549,1.15552,7.12,1.00
2018.08.09 18:36:08.196,1.15549,1.15553,4.87,2.62
2018.08.09 18:36:08.701,1.1555,1.15552,1.12,1.00
2018.08.09 18:36:09.234,1.15549,1.15553,9.56,2.62
2018.08.09 18:36:09.583,1.15549,1.15551,5.62,1.00
2018.08.09 18:36:10.176,1.1555,1.15551,1.00,1.00
2018.08.09 18:36:10.765,1.1555,1.15552,1.50,1.00
2018.08.09 18:36:13.353,1.15551,1.15553,2.44,1.69
2018.08.09 18:36:21.570,1.15549,1.15552,6.37,1.50
2018.08.09 18:36:22.178,1.15549,1.15553,2.06,2.62
2018.08.09 18:36:22.872,1.15549,1.15553,3.19,2.62
2018.08.09 18:36:24.099,1.1555,1.15553,1.00,4.50
2018.08.09 18:36:24.411,1.15548,1.15551,2.25,4.31
2018.08.09 18:36:24.879,1.15549,1.15551,1.69,1.20
2018.08.09 18:36:25.953,1.15549,1.15552,2.44,1.12
2018.08.09 18:36:26.488,1.15549,1.15551,1.00,6.82
2018.08.09 18:36:27.383,1.15548,1.15551,3.00,3.75
2018.08.09 18:36:35.178,1.15548,1.1555,1.00,2.44
2018.08.09 18:36:35.576,1.1555,1.15551,1.00,5.70
2018.08.09 18:36:35.683,1.15551,1.15554,3.75,4.01
2018.08.09 18:36:36.229,1.15552,1.15554,1.00,1.57
2018.08.09 18:36:37.443,1.15553,1.15555,2.85,4.87
2018.08.09 18:36:37.497,1.15555,1.15556,1.00,3.07
2018.08.09 18:36:38.030,1.15554,1.15557,3.19,3.75
2018.08.09 18:36:40.132,1.15554,1.15556,1.12,5.25
2018.08.09 18:36:40.707,1.15553,1.15555,1.50,1.87
2018.08.09 18:36:42.525,1.15552,1.15555,1.69,1.12
2018.08.09 18:36:50.571,1.15552,1.15555,2.06,7.01
2018.08.09 18:36:51.588,1.15552,1.15555,1.12,4.12
2018.08.09 18:36:56.677,1.15555,1.15556,1.00,3.82
2018.08.09 18:36:56.729,1.15556,1.15557,1.12,1.00
2018.08.09 18:36:56.781,1.15554,1.15557,3.00,6.64
2018.08.09 18:36:56.833,1.15553,1.15555,2.25,1.12
2018.08.09 18:36:58.453,1.15553,1.15554,1.87,1.00
2018.08.09 18:36:58.749,1.15555,1.15557,1.00,1.87
2018.08.09 18:36:59.398,1.15556,1.15557,1.12,1.00
2018.08.09 18:36:59.450,1.15556,1.15559,1.50,2.70
2018.08.09 18:36:59.953,1.15556,1.15558,3.19,1.50
2018.08.09 18:37:00.770,1.15556,1.15559,3.94,2.25
2018.08.09 18:37:01.312,1.15556,1.15559,1.69,3.00
2018.08.09 18:37:02.114,1.15556,1.15558,2.06,2.25
2018.08.09 18:37:02.649,1.15556,1.15559,1.31,6.82
2018.08.09 18:37:03.218,1.15556,1.15558,2.06,1.00
2018.08.09 18:37:03.970,1.15556,1.15559,1.31,3.75
2018.08.09 18:37:05.200,1.15556,1.15558,2.06,2.25
2018.08.09 18:37:06.477,1.15555,1.15557,3.37,1.00
2018.08.09 18:37:07.814,1.15555,1.15558,5.62,2.25
2018.08.09 18:37:09.838,1.15556,1.15559,1.00,7.31
2018.08.09 18:37:09.900,1.15559,1.1556,1.00,2.70
2018.08.09 18:37:10.460,1.15558,1.15559,1.00,2.25
2018.08.09 18:37:11.251,1.15557,1.15559,3.00,2.25
2018.08.09 18:37:11.829,1.15557,1.15558,3.00,1.00
2018.08.09 18:37:14.247,1.1556,1.15562,1.50,1.95
2018.08.09 18:37:14.352,1.1556,1.15563,2.25,3.75
2018.08.09 18:37:14.870,1.1556,1.15563,2.25,2.70
2018.08.09 18:37:15.572,1.1556,1.15561,1.12,3.19
2018.08.09 18:37:16.219,1.15561,1.15562,1.00,2.25
2018.08.09 18:37:16.754,1.15561,1.15563,1.50,2.25
2018.08.09 18:37:20.226,1.15561,1.15563,2.25,1.00
2018.08.09 18:37:20.946,1.15561,1.15564,1.87,4.12
2018.08.09 18:37:21.898,1.15561,1.15563,2.62,1.00
2018.08.09 18:37:26.333,1.15561,1.15563,6.00,1.12
2018.08.09 18:37:27.454,1.15561,1.15564,3.00,2.62
2018.08.09 18:37:27.973,1.15562,1.15563,1.00,1.12
2018.08.09 18:37:30.468,1.15561,1.15563,3.00,1.12
2018.08.09 18:37:31.762,1.15561,1.15564,2.62,2.25
2018.08.09 18:37:32.596,1.15561,1.15563,2.25,1.12
2018.08.09 18:37:35.265,1.15562,1.15563,1.00,1.00
2018.08.09 18:37:36.144,1.15561,1.15564,2.62,2.47
2018.08.09 18:37:37.946,1.15561,1.15564,2.25,3.04
2018.08.09 18:37:39.900,1.15561,1.15564,1.87,2.47
2018.08.09 18:37:40.604,1.15561,1.15564,1.87,4.35
2018.08.09 18:37:42.186,1.15561,1.15564,2.62,2.85
2018.08.09 18:37:43.382,1.15561,1.15563,2.25,1.00
2018.08.09 18:37:44.266,1.15561,1.15564,2.06,2.17
2018.08.09 18:37:45.457,1.15561,1.15563,2.06,1.00
2018.08.09 18:37:46.163,1.15561,1.15564,2.06,3.49
2018.08.09 18:37:46.904,1.15561,1.15563,2.81,1.00
2018.08.09 18:37:47.645,1.15561,1.15564,2.81,2.92
2018.08.09 18:37:49.187,1.15561,1.15563,3.00,1.12
2018.08.09 18:37:49.794,1.1556,1.15564,10.31,2.85
2018.08.09 18:37:50.584,1.1556,1.15564,8.44,2.85
2018.08.09 18:37:50.687,1.1556,1.15563,8.81,1.00
2018.08.09 18:37:51.555,1.15564,1.15565,4.12,1.10
2018.08.09 18:37:51.820,1.15566,1.15569,3.37,4.87
2018.08.09 18:37:52.365,1.15566,1.15568,1.87,1.00
2018.08.09 18:37:52.975,1.15566,1.15569,1.12,1.12
2018.08.09 18:37:53.540,1.15566,1.15568,1.87,1.00
2018.08.09 18:37:54.049,1.15566,1.15569,1.50,2.25
2018.08.09 18:37:55.259,1.15566,1.15568,2.25,1.00
2018.08.09 18:37:56.064,1.15566,1.15569,1.50,1.87
2018.08.09 18:37:56.983,1.15566,1.15569,1.50,1.95
2018.08.09 18:37:57.731,1.15566,1.15569,3.75,2.62
2018.08.09 18:37:59.137,1.15566,1.15568,1.50,1.00
2018.08.09 18:37:59.643,1.15566,1.15569,1.00,6.60
2018.08.09 18:38:00.547,1.15566,1.15568,1.50,1.50
2018.08.09 18:38:02.058,1.15566,1.15569,1.00,5.25
2018.08.09 18:38:02.383,1.15564,1.15565,3.37,4.50
2018.08.09 18:38:02.555,1.15562,1.15564,1.12,3.22
2018.08.09 18:38:09.592,1.15562,1.15563,1.12,1.00
2018.08.09 18:38:12.235,1.15562,1.15564,1.00,2.47
2018.08.09 18:38:12.288,1.15561,1.15563,2.62,1.00
2018.08.09 18:38:12.391,1.15562,1.15564,1.00,2.25
2018.08.09 18:38:13.477,1.15562,1.15563,1.00,1.00
2018.08.09 18:38:13.764,1.1556,1.15561,3.37,3.22
2018.08.09 18:38:14.845,1.1556,1.15562,1.50,2.06
2018.08.09 18:38:16.510,1.15561,1.15564,2.25,5.14
2018.08.09 18:38:17.211,1.15561,1.15564,2.06,2.44
2018.08.09 18:38:17.736,1.15561,1.15563,2.06,1.25
2018.08.09 18:38:18.510,1.15561,1.15564,1.87,2.06
2018.08.09 18:38:19.284,1.15561,1.15563,3.56,1.25
2018.08.09 18:38:19.882,1.1556,1.15563,1.12,1.57
2018.08.09 18:38:20.517,1.1556,1.15563,1.50,4.50
2018.08.09 18:38:21.740,1.1556,1.15563,2.25,5.10
2018.08.09 18:38:32.590,1.1556,1.15563,1.00,2.85
2018.08.09 18:38:33.918,1.1556,1.15562,3.75,1.00
2018.08.09 18:38:34.552,1.1556,1.15563,3.00,3.60
2018.08.09 18:38:36.483,1.15562,1.15564,1.31,1.20
2018.08.09 18:38:37.480,1.15562,1.15565,2.25,2.10
2018.08.09 18:38:38.611,1.15563,1.15565,1.12,3.00
2018.08.09 18:38:39.112,1.15562,1.15565,1.50,3.00
2018.08.09 18:38:40.772,1.15565,1.15567,1.50,2.70
2018.08.09 18:38:40.878,1.15562,1.15565,6.00,2.81
2018.08.09 18:38:41.475,1.15563,1.15564,2.25,1.00
2018.08.09 18:38:43.182,1.15561,1.15563,1.69,3.56
2018.08.09 18:38:43.726,1.1556,1.15562,5.06,1.12
2018.08.09 18:38:45.352,1.15561,1.15563,1.00,3.07
2018.08.09 18:38:45.861,1.1556,1.15563,6.19,2.25
2018.08.09 18:38:46.804,1.1556,1.15563,5.06,1.37
2018.08.09 18:38:48.599,1.1556,1.15563,3.56,1.12
2018.08.09 18:38:48.980,1.1556,1.15563,5.06,1.00
2018.08.09 18:38:49.564,1.15561,1.15563,1.00,2.62
2018.08.09 18:38:49.616,1.1556,1.15562,1.87,1.00
2018.08.09 18:38:50.828,1.15561,1.15562,1.00,1.00
2018.08.09 18:38:52.652,1.1556,1.15562,1.87,1.12
2018.08.09 18:38:56.772,1.15559,1.15562,8.44,1.00
2018.08.09 18:39:03.704,1.15562,1.15563,1.25,1.00
2018.08.09 18:39:03.757,1.15563,1.15565,1.50,3.07
2018.08.09 18:39:04.308,1.15561,1.15565,8.06,3.37
2018.08.09 18:39:04.821,1.15561,1.15565,6.56,1.50
2018.08.09 18:39:05.800,1.15562,1.15564,1.69,1.00
2018.08.09 18:39:06.315,1.15561,1.15565,7.69,5.62
2018.08.09 18:39:06.816,1.1556,1.15562,9.19,1.00
2018.08.09 18:39:06.919,1.15558,1.15561,2.62,1.50
2018.08.09 18:39:07.948,1.15557,1.1556,1.12,4.12
2018.08.09 18:39:08.538,1.15557,1.15559,1.00,1.57
2018.08.09 18:39:11.174,1.15554,1.15557,10.50,1.00
2018.08.09 18:39:11.679,1.15554,1.15558,4.12,5.66
2018.08.09 18:39:12.065,1.15552,1.15555,8.62,7.87
2018.08.09 18:39:12.117,1.15551,1.15554,1.01,1.12
2018.08.09 18:39:12.171,1.15551,1.15552,1.00,1.00
2018.08.09 18:39:12.509,1.15547,1.15549,2.77,3.25
2018.08.09 18:39:12.613,1.15546,1.15548,1.25,1.00
2018.08.09 18:39:13.177,1.15546,1.15547,1.69,1.69
2018.08.09 18:39:13.800,1.15546,1.15548,2.81,1.25
2018.08.09 18:39:13.855,1.15549,1.15551,1.50,2.89
2018.08.09 18:39:14.547,1.15549,1.15551,3.00,1.69
2018.08.09 18:39:15.859,1.15549,1.15551,1.87,1.69
2018.08.09 18:39:17.440,1.15548,1.1555,7.88,1.00
2018.08.09 18:39:18.116,1.15548,1.15551,4.69,1.50
2018.08.09 18:39:19.382,1.15549,1.1555,1.31,1.25
2018.08.09 18:39:19.937,1.15549,1.15551,1.25,1.69
2018.08.09 18:39:22.890,1.15549,1.15551,1.31,1.25
2018.08.09 18:39:23.790,1.15549,1.15551,1.87,1.87
2018.08.09 18:39:26.012,1.15547,1.15548,1.57,1.25
2018.08.09 18:39:26.538,1.15545,1.15547,3.37,1.25
2018.08.09 18:39:27.057,1.15545,1.15548,3.37,1.31
2018.08.09 18:39:27.590,1.15546,1.15548,1.50,3.19
2018.08.09 18:39:28.382,1.15546,1.15548,1.00,2.44
2018.08.09 18:39:35.486,1.15547,1.15549,3.37,1.50
2018.08.09 18:39:35.697,1.15545,1.15547,1.37,1.12
2018.08.09 18:39:36.963,1.15545,1.15547,3.37,1.00
2018.08.09 18:39:37.530,1.15546,1.15547,1.00,1.00
2018.08.09 18:39:38.112,1.15545,1.15547,4.12,1.00
2018.08.09 18:39:41.562,1.15546,1.15547,1.00,1.00
2018.08.09 18:39:41.873,1.15542,1.15543,5.62,1.50
2018.08.09 18:39:41.948,1.15543,1.15545,1.00,1.00
2018.08.09 18:39:42.057,1.15544,1.15547,2.62,3.56
2018.08.09 18:39:43.145,1.15545,1.15546,1.12,1.87
2018.08.09 18:39:43.781,1.15544,1.15545,2.81,1.25
2018.08.09 18:39:44.286,1.15544,1.15546,2.25,1.69
2018.08.09 18:39:44.603,1.15541,1.15544,1.00,3.37
2018.08.09 18:39:44.926,1.15541,1.15544,3.75,1.12
2018.08.09 18:39:46.105,1.15541,1.15544,2.62,1.12
2018.08.09 18:39:46.737,1.1554,1.15542,2.25,1.87
2018.08.09 18:39:48.549,1.1554,1.15542,1.00,1.00
2018.08.09 18:39:49.815,1.15543,1.15544,1.31,1.50
2018.08.09 18:39:49.984,1.15545,1.15547,1.50,2.62
2018.08.09 18:39:51.172,1.15545,1.15546,1.87,1.00
2018.08.09 18:39:54.615,1.15544,1.15547,1.50,3.19
2018.08.09 18:39:55.268,1.15544,1.15546,1.69,1.25
2018.08.09 18:39:55.885,1.15545,1.15547,1.00,4.12
2018.08.09 18:39:56.697,1.15544,1.15546,1.69,1.25
2018.08.09 18:39:57.341,1.15544,1.15547,1.50,3.75
2018.08.09 18:40:05.919,1.15544,1.15546,1.12,1.00
2018.08.09 18:40:06.627,1.15543,1.15547,6.00,3.19
2018.08.09 18:40:08.352,1.15545,1.15547,1.00,3.19
2018.08.09 18:40:08.996,1.15543,1.15547,8.06,3.94
2018.08.09 18:40:09.891,1.15543,1.15547,3.00,3.37
2018.08.09 18:40:10.619,1.15543,1.15547,3.56,3.94
2018.08.09 18:40:11.162,1.15545,1.15547,1.00,2.44
2018.08.09 18:40:11.943,1.15544,1.15547,1.12,2.44
2018.08.09 18:40:14.814,1.15545,1.15547,1.00,2.44
2018.08.09 18:40:15.319,1.15544,1.15547,1.00,2.62
2018.08.09 18:40:15.843,1.15545,1.15547,1.00,3.19
2018.08.09 18:40:16.364,1.15544,1.15547,1.12,3.37
2018.08.09 18:40:16.898,1.15545,1.15547,1.00,3.37
2018.08.09 18:40:17.415,1.15543,1.15547,3.56,2.81
2018.08.09 18:40:18.510,1.15544,1.15547,1.12,3.19
2018.08.09 18:40:19.813,1.15544,1.15546,1.31,1.25
2018.08.09 18:40:19.972,1.15542,1.15545,5.62,6.19
2018.08.09 18:40:20.289,1.15544,1.15546,1.12,2.32
2018.08.09 18:40:20.836,1.15544,1.15546,1.31,2.06
2018.08.09 18:40:24.128,1.15545,1.15547,1.00,3.82
2018.08.09 18:40:24.645,1.15544,1.15547,4.50,1.87
2018.08.09 18:40:25.257,1.15545,1.15547,1.19,2.06
2018.08.09 18:40:28.070,1.15545,1.15547,1.50,1.12
2018.08.09 18:40:28.619,1.15545,1.15547,3.75,1.12
2018.08.09 18:40:28.884,1.15543,1.15546,6.19,1.00
2018.08.09 18:40:29.805,1.15543,1.15546,6.00,1.00
2018.08.09 18:40:30.306,1.15543,1.15546,3.56,1.12
2018.08.09 18:40:46.254,1.15545,1.15546,1.25,1.12
2018.08.09 18:40:46.780,1.15544,1.15546,1.31,1.12
2018.08.09 18:40:47.294,1.15545,1.15546,1.00,1.12
2018.08.09 18:40:48.580,1.15543,1.15546,13.31,1.12
2018.08.09 18:40:55.519,1.15543,1.15546,12.06,1.50
2018.08.09 18:40:59.249,1.15543,1.15546,11.69,1.12
2018.08.09 18:41:02.856,1.15542,1.15544,10.12,5.10
2018.08.09 18:41:03.013,1.15535,1.15538,3.94,3.00
2018.08.09 18:41:03.065,1.15534,1.15537,2.25,1.87
2018.08.09 18:41:04.246,1.15533,1.15536,7.12,1.00
2018.08.09 18:41:05.624,1.15533,1.15536,11.81,1.87
2018.08.09 18:41:06.220,1.15533,1.15537,2.81,4.87
2018.08.09 18:41:09.025,1.15533,1.15536,6.94,1.00
2018.08.09 18:41:09.649,1.15533,1.15537,4.12,4.20
2018.08.09 18:41:10.298,1.15533,1.15536,8.62,1.00
2018.08.09 18:41:11.684,1.15533,1.15537,3.37,1.20
2018.08.09 18:41:12.194,1.15534,1.15536,1.00,1.00
2018.08.09 18:41:15.860,1.15535,1.15537,2.81,1.12
2018.08.09 18:41:16.081,1.15535,1.15538,2.62,2.62
2018.08.09 18:41:16.397,1.15539,1.15542,3.00,3.00
2018.08.09 18:41:17.589,1.15539,1.15542,3.56,5.06
2018.08.09 18:41:18.996,1.15539,1.15542,1.87,2.62
2018.08.09 18:41:20.029,1.15538,1.15539,5.81,1.25
2018.08.09 18:41:20.135,1.15535,1.15539,5.44,2.25
2018.08.09 18:41:20.327,1.15535,1.15538,1.31,4.12
2018.08.09 18:41:20.644,1.15535,1.15538,2.81,1.12
2018.08.09 18:41:21.863,1.15536,1.15538,2.25,1.69
2018.08.09 18:41:27.179,1.15535,1.15539,6.00,4.69
2018.08.09 18:41:27.756,1.15536,1.15538,1.31,1.00
2018.08.09 18:41:29.088,1.15536,1.15539,2.06,5.62
2018.08.09 18:41:31.262,1.15536,1.15538,2.06,1.00
2018.08.09 18:41:31.922,1.15536,1.15539,2.06,3.37
2018.08.09 18:41:37.750,1.15535,1.15538,1.87,1.50
2018.08.09 18:41:38.773,1.15536,1.15537,1.12,1.00
2018.08.09 18:41:39.304,1.15535,1.15537,1.00,2.62
2018.08.09 18:41:39.960,1.15535,1.15537,1.12,4.87
2018.08.09 18:41:44.155,1.15534,1.15535,1.87,1.00
2018.08.09 18:41:46.145,1.15535,1.15537,1.31,3.37
2018.08.09 18:41:46.675,1.15535,1.15537,1.87,2.25
2018.08.09 18:41:47.196,1.15535,1.15538,2.44,2.10
2018.08.09 18:41:47.854,1.15536,1.15538,1.00,2.25
2018.08.09 18:41:48.647,1.15535,1.15538,4.87,1.50
2018.08.09 18:41:49.257,1.15536,1.15538,1.00,3.00
2018.08.09 18:41:50.799,1.15535,1.15538,1.87,1.12
2018.08.09 18:41:54.500,1.15535,1.15538,2.62,1.12
2018.08.09 18:41:56.450,1.15535,1.15538,1.87,1.12
2018.08.09 18:42:00.629,1.15536,1.15538,1.00,1.87
2018.08.09 18:42:01.134,1.15535,1.15538,2.25,1.12
2018.08.09 18:42:01.697,1.15535,1.15538,1.62,1.57
2018.08.09 18:42:03.195,1.15533,1.15535,10.54,1.00
2018.08.09 18:42:03.300,1.15533,1.15536,6.56,1.50
2018.08.09 18:42:03.831,1.15533,1.15536,9.19,1.00
2018.08.09 18:42:04.556,1.15534,1.15536,1.25,1.00
2018.08.09 18:42:05.248,1.15535,1.15536,1.00,1.50
2018.08.09 18:42:05.868,1.15534,1.15537,1.69,2.62
2018.08.09 18:42:07.542,1.15534,1.15537,2.81,2.25
2018.08.09 18:42:08.227,1.15536,1.15537,1.00,1.12
2018.08.09 18:42:08.756,1.15536,1.15537,1.50,1.12
2018.08.09 18:42:12.769,1.15533,1.15535,10.87,1.31
2018.08.09 18:42:13.273,1.15533,1.15536,2.81,1.50
2018.08.09 18:42:13.969,1.15534,1.15536,1.00,1.50
2018.08.09 18:42:14.954,1.15533,1.15537,3.56,5.81
2018.08.09 18:42:15.484,1.15533,1.15537,2.44,6.19
2018.08.09 18:42:16.537,1.15533,1.15536,1.12,5.74
2018.08.09 18:42:16.666,1.15531,1.15533,1.00,2.25
2018.08.09 18:42:17.078,1.15533,1.15536,2.06,2.14
2018.08.09 18:42:17.610,1.15534,1.15537,1.50,3.37
2018.08.09 18:42:18.447,1.15534,1.15537,3.56,2.62
2018.08.09 18:42:19.385,1.15534,1.15537,1.31,1.69
2018.08.09 18:42:20.102,1.15535,1.15537,1.00,3.86
2018.08.09 18:42:20.999,1.15534,1.15537,3.37,2.44
2018.08.09 18:42:21.723,1.15535,1.15537,1.00,1.69
2018.08.09 18:42:26.018,1.15534,1.15537,1.69,1.69
2018.08.09 18:42:28.464,1.15534,1.15537,3.56,2.62
2018.08.09 18:42:31.518,1.15534,1.15537,1.31,1.50
2018.08.09 18:42:32.074,1.15535,1.15537,1.00,3.11
2018.08.09 18:42:34.190,1.15534,1.15537,1.50,1.69
2018.08.09 18:42:34.867,1.15535,1.15537,1.00,3.11
2018.08.09 18:42:36.739,1.15534,1.15537,1.31,1.69
2018.08.09 18:42:37.267,1.15535,1.15537,1.00,3.04
2018.08.09 18:42:38.158,1.15533,1.15537,2.62,1.69
2018.08.09 18:42:39.132,1.15533,1.15535,6.08,5.06
2018.08.09 18:42:39.449,1.15535,1.15537,1.00,2.81
2018.08.09 18:42:40.099,1.15535,1.15536,1.00,1.00
2018.08.09 18:42:55.099,1.15535,1.15537,1.50,1.00
2018.08.09 18:42:57.542,1.15536,1.15538,1.50,1.00
2018.08.09 18:42:58.043,1.15536,1.15538,6.22,1.00
2018.08.09 18:42:58.710,1.15536,1.15539,3.37,2.70
2018.08.09 18:42:59.957,1.15536,1.15538,3.94,1.50
2018.08.09 18:43:00.520,1.15537,1.15538,1.00,1.50
2018.08.09 18:43:02.166,1.15536,1.15538,3.94,1.50
2018.08.09 18:43:07.317,1.15539,1.15541,5.25,3.64
2018.08.09 18:43:07.369,1.1554,1.15541,1.00,1.00
2018.08.09 18:43:07.421,1.1554,1.15543,1.00,2.32
2018.08.09 18:43:07.937,1.1554,1.15543,1.50,1.50
2018.08.09 18:43:08.823,1.15539,1.15543,5.25,7.12
2018.08.09 18:43:09.318,1.15536,1.15539,5.47,1.50
2018.08.09 18:43:11.062,1.15539,1.15541,4.16,1.12
2018.08.09 18:43:11.661,1.15539,1.15541,1.35,1.37
2018.08.09 18:43:12.305,1.15539,1.15541,3.41,1.12
2018.08.09 18:43:13.031,1.15539,1.15542,3.41,2.81
2018.08.09 18:43:13.595,1.15539,1.15542,4.16,3.37
2018.08.09 18:43:14.378,1.1554,1.15541,1.69,1.00
2018.08.09 18:43:19.983,1.15539,1.15542,3.94,1.00
2018.08.09 18:43:23.256,1.15539,1.15542,4.31,1.12
2018.08.09 18:43:23.919,1.1554,1.15542,1.00,1.87
2018.08.09 18:43:28.045,1.15539,1.15542,3.19,1.12
2018.08.09 18:43:28.546,1.15538,1.1554,5.81,1.00
2018.08.09 18:43:28.826,1.15537,1.1554,7.12,3.00
2018.08.09 18:43:29.379,1.15537,1.15539,1.12,1.87
2018.08.09 18:43:30.571,1.15536,1.15539,3.94,2.25
2018.08.09 18:43:31.086,1.15536,1.15538,2.44,1.00
2018.08.09 18:43:32.349,1.15536,1.15539,1.25,1.50
2018.08.09 18:43:34.860,1.15538,1.1554,2.47,3.56
2018.08.09 18:43:35.404,1.15537,1.15539,2.25,1.87
2018.08.09 18:43:36.516,1.15539,1.1554,1.12,3.45
2018.08.09 18:43:37.887,1.15539,1.15542,3.00,1.87
2018.08.09 18:43:39.040,1.15537,1.15538,1.12,1.00
2018.08.09 18:43:39.144,1.15536,1.15538,3.37,1.00
2018.08.09 18:43:39.675,1.15536,1.1554,3.56,3.45
2018.08.09 18:43:45.249,1.15537,1.15541,8.44,19.01
2018.08.09 18:43:45.301,1.15538,1.15541,3.75,1.57
2018.08.09 18:43:45.354,1.15537,1.1554,7.95,4.20
2018.08.09 18:43:46.380,1.15537,1.15539,1.50,1.00
2018.08.09 18:43:47.165,1.15537,1.1554,1.00,5.25
2018.08.09 18:43:47.784,1.15538,1.1554,1.00,12.56
2018.08.09 18:43:48.625,1.15537,1.1554,1.87,3.37
2018.08.09 18:43:51.524,1.15538,1.1554,1.00,5.62
2018.08.09 18:43:53.380,1.15537,1.1554,1.87,1.50
2018.08.09 18:43:57.454,1.15538,1.1554,1.00,7.50
2018.08.09 18:43:58.378,1.15537,1.1554,1.87,1.50
2018.08.09 18:43:58.881,1.15537,1.1554,1.12,8.06
2018.08.09 18:44:03.813,1.15536,1.15539,2.25,1.62
2018.08.09 18:44:05.259,1.15537,1.15539,3.00,1.69
2018.08.09 18:44:19.917,1.15536,1.1554,2.06,8.44
2018.08.09 18:44:21.342,1.15537,1.15539,1.00,1.31
2018.08.09 18:44:21.976,1.15536,1.1554,2.06,6.00
2018.08.09 18:44:23.292,1.15536,1.1554,3.19,3.94
2018.08.09 18:44:23.825,1.15536,1.15539,4.69,1.25
2018.08.09 18:44:26.818,1.15536,1.1554,2.25,6.19
2018.08.09 18:44:27.583,1.15537,1.1554,1.87,16.31
2018.08.09 18:44:28.501,1.15537,1.1554,1.87,10.50
2018.08.09 18:44:29.659,1.15536,1.1554,2.44,7.50
2018.08.09 18:44:30.188,1.15536,1.1554,4.39,9.75
2018.08.09 18:44:31.197,1.15536,1.1554,4.01,13.87
2018.08.09 18:44:34.956,1.15536,1.15539,3.26,1.25
2018.08.09 18:44:35.528,1.15537,1.15539,1.00,1.69
2018.08.09 18:44:36.092,1.15536,1.15539,3.26,1.25
2018.08.09 18:44:36.144,1.15536,1.15539,5.14,1.25
2018.08.09 18:44:41.398,1.15535,1.15536,4.20,1.35
2018.08.09 18:44:41.451,1.15534,1.15535,1.12,1.12
2018.08.09 18:44:41.961,1.15534,1.15537,1.87,1.95
2018.08.09 18:44:42.509,1.15534,1.15537,2.81,1.37
2018.08.09 18:44:43.040,1.15534,1.15538,2.06,3.94
2018.08.09 18:44:43.411,1.15534,1.15538,8.44,1.69
2018.08.09 18:44:44.505,1.15534,1.15538,4.69,1.12
2018.08.09 18:44:47.497,1.15535,1.15538,2.62,5.81
2018.08.09 18:44:48.104,1.15535,1.15538,1.87,3.56
2018.08.09 18:44:48.962,1.15535,1.15538,2.81,3.00
2018.08.09 18:44:49.546,1.15535,1.15538,2.44,2.44
2018.08.09 18:44:51.633,1.15538,1.15539,1.25,2.14
2018.08.09 18:44:51.742,1.15539,1.15542,2.44,2.25
2018.08.09 18:44:51.947,1.15539,1.15542,4.50,6.94
2018.08.09 18:44:52.898,1.15537,1.15539,1.95,1.50
2018.08.09 18:44:53.414,1.15536,1.15538,2.85,1.00
2018.08.09 18:44:53.918,1.15536,1.15539,4.54,2.25
2018.08.09 18:44:54.454,1.15536,1.15539,5.29,3.19
2018.08.09 18:44:54.970,1.15536,1.15539,2.29,1.00
2018.08.09 18:44:55.345,1.15536,1.15539,2.66,1.50
2018.08.09 18:44:55.795,1.15539,1.15541,2.44,1.00
2018.08.09 18:44:55.954,1.15537,1.15539,2.89,1.00
2018.08.09 18:44:57.232,1.15538,1.15542,12.11,4.69
2018.08.09 18:44:57.766,1.15539,1.15542,1.50,6.56
2018.08.09 18:44:58.268,1.15539,1.15542,2.25,4.69
2018.08.09 18:45:00.100,1.15539,1.1554,1.12,1.12
2018.08.09 18:45:00.253,1.15536,1.1554,6.37,1.87
2018.08.09 18:45:00.790,1.15537,1.15539,1.12,1.31
2018.08.09 18:45:01.892,1.15536,1.15539,5.47,1.50
2018.08.09 18:45:03.592,1.15537,1.1554,1.12,9.26
2018.08.09 18:45:04.646,1.15538,1.15539,1.00,1.00
2018.08.09 18:45:05.288,1.15537,1.1554,1.12,6.19
2018.08.09 18:45:08.810,1.15538,1.1554,1.00,9.94
2018.08.09 18:45:09.326,1.15537,1.15539,1.12,2.25
2018.08.09 18:45:09.972,1.15536,1.15539,2.25,3.37
2018.08.09 18:45:14.523,1.15535,1.15536,3.37,1.00
2018.08.09 18:45:15.031,1.15534,1.15537,8.10,1.37
2018.08.09 18:45:15.729,1.15535,1.15538,3.94,3.00
2018.08.09 18:45:16.633,1.15535,1.15538,1.69,1.31
2018.08.09 18:45:17.514,1.15535,1.15538,2.44,2.25
2018.08.09 18:45:18.145,1.15532,1.15533,2.70,2.51
2018.08.09 18:45:18.229,1.1553,1.15532,1.00,3.00
2018.08.09 18:45:18.281,1.15528,1.15529,1.00,1.50
2018.08.09 18:45:18.440,1.15524,1.15529,9.07,5.51
2018.08.09 18:45:19.650,1.15525,1.15529,6.64,1.12
2018.08.09 18:45:20.756,1.15518,1.15521,7.95,1.19
2018.08.09 18:45:20.808,1.15519,1.15522,1.57,3.94
2018.08.09 18:45:21.342,1.15518,1.1552,1.00,1.00
2018.08.09 18:45:21.974,1.15518,1.15522,1.12,3.94
2018.08.09 18:45:26.554,1.15519,1.15521,1.00,1.31
2018.08.09 18:45:32.693,1.15518,1.15521,1.12,1.31
2018.08.09 18:45:36.048,1.15518,1.15519,1.00,1.50
2018.08.09 18:45:36.101,1.15518,1.1552,1.50,1.12
2018.08.09 18:45:39.144,1.15521,1.15522,1.35,1.25
2018.08.09 18:45:39.301,1.15525,1.15527,1.12,2.62
2018.08.09 18:45:39.822,1.15525,1.15527,1.50,1.12
2018.08.09 18:45:41.732,1.15524,1.15528,4.31,1.20
2018.08.09 18:45:42.015,1.15522,1.15523,1.50,3.00
2018.08.09 18:45:42.122,1.1552,1.15522,2.62,1.00
2018.08.09 18:45:42.299,1.15523,1.15525,5.32,1.00
2018.08.09 18:45:42.767,1.15521,1.15522,4.57,3.90
2018.08.09 18:45:42.819,1.15518,1.15519,1.87,1.00
2018.08.09 18:45:42.972,1.15514,1.15516,1.51,1.69
2018.08.09 18:45:43.076,1.15515,1.15518,1.31,3.00
2018.08.09 18:45:43.128,1.15516,1.15518,1.19,1.31
2018.08.09 18:45:43.335,1.15515,1.15518,2.40,2.62
2018.08.09 18:45:44.328,1.15516,1.15519,2.32,3.26
2018.08.09 18:45:44.848,1.15516,1.15519,1.69,3.94
2018.08.09 18:45:45.755,1.15517,1.15519,1.25,3.00
2018.08.09 18:45:46.293,1.15517,1.1552,1.12,3.26
2018.08.09 18:45:46.904,1.15516,1.15519,5.81,1.25
2018.08.09 18:45:48.828,1.15518,1.1552,1.50,7.95
2018.08.09 18:45:49.437,1.15518,1.15522,1.12,5.51
2018.08.09 18:45:54.400,1.15518,1.15522,5.32,12.26
2018.08.09 18:45:56.910,1.15518,1.15521,6.45,1.95
2018.08.09 18:46:01.195,1.15519,1.15521,1.50,1.12
2018.08.09 18:46:01.912,1.15518,1.15522,6.19,5.06
2018.08.09 18:46:03.046,1.15518,1.15521,2.62,1.00
2018.08.09 18:46:06.302,1.15518,1.1552,1.12,1.00
2018.08.09 18:46:06.830,1.15518,1.15521,2.33,4.69
2018.08.09 18:46:07.340,1.15519,1.15521,1.50,1.69
2018.08.09 18:46:07.843,1.15519,1.15521,1.00,1.69
2018.08.09 18:46:08.592,1.15519,1.15521,1.00,1.31
2018.08.09 18:46:12.851,1.15521,1.15523,1.91,2.89
2018.08.09 18:46:13.175,1.15524,1.15526,1.37,1.00
2018.08.09 18:46:14.961,1.15524,1.15525,1.00,1.12
2018.08.09 18:46:15.016,1.15522,1.15525,1.00,5.89
2018.08.09 18:46:15.908,1.15522,1.15525,1.00,8.32
2018.08.09 18:46:16.482,1.15521,1.15524,6.00,1.87
2018.08.09 18:46:16.986,1.15522,1.15524,1.00,2.62
2018.08.09 18:46:17.498,1.15521,1.15524,2.06,1.87
2018.08.09 18:46:19.893,1.15522,1.15524,1.00,1.12
2018.08.09 18:46:20.104,1.15525,1.15527,1.12,7.31
2018.08.09 18:46:20.602,1.15523,1.15525,6.82,2.06
2018.08.09 18:46:21.153,1.15522,1.15525,2.62,2.14
2018.08.09 18:46:21.414,1.15521,1.15524,8.89,2.10
2018.08.09 18:46:21.519,1.15517,1.1552,6.45,2.25
2018.08.09 18:46:22.044,1.15516,1.15519,5.44,1.87
2018.08.09 18:46:23.536,1.15518,1.15521,1.87,3.94
2018.08.09 18:46:24.042,1.15518,1.1552,3.07,1.00
2018.08.09 18:46:24.571,1.15518,1.15521,2.62,4.12
2018.08.09 18:46:25.073,1.15517,1.15521,4.50,5.44
2018.08.09 18:46:26.452,1.15518,1.15521,7.50,4.95
2018.08.09 18:46:27.390,1.15518,1.1552,3.37,1.00
2018.08.09 18:46:28.872,1.15518,1.15521,1.87,1.20
2018.08.09 18:46:29.724,1.15519,1.15522,1.00,12.37
2018.08.09 18:46:30.402,1.15518,1.15522,1.87,6.64
2018.08.09 18:46:30.916,1.15516,1.15518,2.25,1.69
2018.08.09 18:46:31.448,1.15515,1.15518,1.12,4.69
2018.08.09 18:46:32.018,1.15514,1.15518,2.62,3.19
2018.08.09 18:46:32.747,1.15514,1.15516,3.37,1.50
2018.08.09 18:46:33.296,1.15514,1.15517,1.12,5.81
2018.08.09 18:46:34.660,1.15514,1.15516,1.87,1.00
2018.08.09 18:46:35.681,1.15514,1.15517,2.62,4.87
2018.08.09 18:46:36.068,1.15511,1.15513,6.07,2.25
2018.08.09 18:46:36.120,1.1551,1.15513,2.62,1.50
2018.08.09 18:46:37.346,1.1551,1.15512,1.50,1.00
2018.08.09 18:46:38.137,1.15512,1.15515,6.56,1.69
2018.08.09 18:46:39.489,1.15512,1.15514,2.70,1.31
2018.08.09 18:46:40.018,1.15512,1.15514,1.25,1.87
2018.08.09 18:46:40.356,1.15509,1.15511,5.02,1.87
2018.08.09 18:46:40.719,1.15509,1.1551,1.00,1.00
2018.08.09 18:46:41.227,1.15505,1.15508,5.14,3.56
2018.08.09 18:46:45.138,1.15506,1.15508,2.25,1.12
2018.08.09 18:46:45.447,1.15508,1.15511,1.12,1.31
2018.08.09 18:46:46.567,1.15508,1.1551,1.12,1.00
2018.08.09 18:46:48.576,1.15508,1.1551,3.56,1.00
2018.08.09 18:46:49.385,1.15508,1.1551,1.87,1.00
2018.08.09 18:46:49.892,1.15508,1.15511,6.82,3.00
2018.08.09 18:46:50.396,1.15508,1.15512,13.57,5.44
2018.08.09 18:46:50.945,1.15508,1.15512,5.06,1.81
2018.08.09 18:46:53.539,1.15509,1.15511,1.25,1.00
2018.08.09 18:46:54.475,1.15508,1.15512,4.31,1.81
2018.08.09 18:46:55.201,1.1551,1.15512,1.00,3.37
2018.08.09 18:46:55.709,1.1551,1.15512,1.50,3.37
2018.08.09 18:46:56.216,1.15509,1.15511,2.25,1.00
2018.08.09 18:46:56.540,1.15508,1.15511,5.81,1.31
2018.08.09 18:46:59.477,1.15509,1.15512,1.50,1.69
2018.08.09 18:46:59.531,1.15512,1.15513,1.50,3.37
2018.08.09 18:46:59.639,1.15514,1.15516,1.00,1.50
2018.08.09 18:47:00.364,1.15512,1.15515,5.70,6.00
2018.08.09 18:47:00.470,1.15511,1.15515,6.07,3.64
2018.08.09 18:47:01.273,1.15512,1.15515,1.00,6.64
2018.08.09 18:47:01.582,1.1551,1.15512,1.47,2.81
2018.08.09 18:47:01.636,1.15508,1.1551,1.95,1.00
2018.08.09 18:47:03.454,1.15509,1.1551,1.00,1.00
2018.08.09 18:47:05.088,1.15508,1.15511,1.50,1.37
2018.08.09 18:47:05.636,1.15507,1.15511,12.07,1.37
2018.08.09 18:47:06.777,1.15508,1.15511,6.07,1.37
2018.08.09 18:47:08.549,1.15507,1.15511,13.76,1.37
2018.08.09 18:47:11.058,1.15509,1.15511,1.00,1.50
2018.08.09 18:47:11.717,1.15508,1.15512,9.82,7.31
2018.08.09 18:47:12.298,1.15508,1.15512,2.62,4.31
2018.08.09 18:47:12.835,1.15509,1.15512,1.50,5.14
2018.08.09 18:47:13.407,1.15508,1.15512,3.75,2.89
2018.08.09 18:47:14.022,1.15509,1.15512,1.00,10.87
2018.08.09 18:47:14.616,1.15508,1.15512,3.00,4.87
2018.08.09 18:47:15.388,1.15509,1.15512,1.00,5.62
2018.08.09 18:47:16.003,1.15508,1.15512,3.00,3.75
2018.08.09 18:47:17.639,1.1551,1.15512,1.69,1.87
2018.08.09 18:47:19.595,1.15509,1.15512,3.56,1.87
2018.08.09 18:47:20.201,1.15509,1.15512,3.94,2.62
2018.08.09 18:47:24.473,1.15511,1.15513,3.97,1.87
2018.08.09 18:47:24.580,1.15515,1.15517,1.00,2.62
2018.08.09 18:47:25.087,1.15514,1.15517,3.19,1.50
2018.08.09 18:47:25.609,1.15514,1.15517,3.94,2.44
2018.08.09 18:47:26.810,1.15514,1.15517,3.37,1.12
2018.08.09 18:47:27.035,1.15518,1.1552,4.37,8.51
2018.08.09 18:47:27.087,1.1552,1.15523,1.12,1.39
2018.08.09 18:47:27.139,1.15519,1.15523,6.41,4.76
2018.08.09 18:47:27.707,1.1552,1.15523,1.69,1.50
2018.08.09 18:47:27.761,1.15523,1.15524,1.25,1.10
2018.08.09 18:47:28.074,1.15521,1.15523,1.00,1.76
2018.08.09 18:47:28.127,1.15519,1.15522,1.00,1.56
2018.08.09 18:47:28.635,1.15518,1.15522,3.37,1.69
2018.08.09 18:47:29.188,1.15518,1.1552,4.20,1.00
2018.08.09 18:47:29.800,1.15518,1.15521,4.20,3.75
2018.08.09 18:47:31.272,1.15516,1.1552,2.62,5.25
2018.08.09 18:47:32.128,1.15517,1.15519,1.37,1.00
2018.08.09 18:47:32.284,1.15518,1.15521,3.75,3.37
2018.08.09 18:47:32.393,1.15516,1.15519,2.44,4.35
2018.08.09 18:47:32.498,1.15514,1.15516,1.00,2.06
2018.08.09 18:47:33.034,1.15513,1.15516,4.12,1.12
2018.08.09 18:47:33.506,1.15512,1.15514,2.81,1.31
2018.08.09 18:47:34.048,1.15513,1.15516,1.00,4.05
2018.08.09 18:47:34.860,1.15513,1.15515,1.00,1.87
2018.08.09 18:47:35.507,1.15512,1.15515,1.87,2.06
2018.08.09 18:47:36.456,1.15512,1.15513,1.50,1.00
2018.08.09 18:47:36.958,1.15514,1.15516,1.31,3.26
2018.08.09 18:47:37.169,1.15513,1.15516,9.07,2.81
2018.08.09 18:47:37.753,1.15513,1.15515,5.70,1.00
2018.08.09 18:47:38.477,1.15513,1.15515,6.45,1.37
2018.08.09 18:47:39.591,1.15513,1.15516,5.32,3.19
2018.08.09 18:47:40.780,1.15513,1.15516,1.50,3.19
2018.08.09 18:47:42.787,1.1551,1.15512,8.32,3.37
2018.08.09 18:47:43.151,1.15511,1.15513,3.37,1.76
2018.08.09 18:47:44.251,1.15511,1.15513,2.81,1.69
2018.08.09 18:47:48.503,1.15511,1.15513,4.31,1.69
2018.08.09 18:47:49.124,1.15511,1.15513,4.12,1.25
2018.08.09 18:47:50.051,1.15511,1.15514,5.62,1.57
2018.08.09 18:47:50.558,1.15512,1.15514,1.25,3.26
2018.08.09 18:47:51.113,1.15511,1.15514,2.81,2.32
2018.08.09 18:47:51.625,1.15512,1.15514,1.00,1.31
2018.08.09 18:47:52.741,1.15513,1.15515,2.47,1.76
2018.08.09 18:47:52.873,1.15515,1.15516,1.87,1.00
2018.08.09 18:47:53.842,1.15513,1.15515,5.06,1.37
2018.08.09 18:47:54.211,1.15514,1.15516,1.69,1.10
2018.08.09 18:47:55.986,1.15514,1.15517,2.44,1.12
2018.08.09 18:47:58.529,1.15514,1.15516,1.50,1.00
2018.08.09 18:47:59.092,1.15514,1.15517,2.25,1.12
2018.08.09 18:48:00.220,1.15514,1.15516,1.50,1.00
2018.08.09 18:48:00.387,1.15516,1.15519,2.44,7.01
2018.08.09 18:48:00.694,1.15515,1.15517,2.25,1.12
2018.08.09 18:48:00.747,1.15513,1.15516,10.12,3.00
2018.08.09 18:48:00.799,1.15514,1.15516,1.50,1.20
2018.08.09 18:48:03.389,1.15514,1.15516,5.62,1.00
2018.08.09 18:48:04.122,1.15514,1.15517,3.00,1.20
2018.08.09 18:48:04.651,1.15514,1.15516,3.75,1.00
2018.08.09 18:48:05.199,1.15514,1.15517,1.50,1.20
2018.08.09 18:48:05.732,1.15514,1.15517,3.56,1.25
2018.08.09 18:48:06.244,1.15514,1.15516,2.62,1.00
2018.08.09 18:48:06.859,1.15514,1.15517,2.25,1.95
2018.08.09 18:48:09.498,1.15514,1.15516,5.44,1.25
2018.08.09 18:48:10.154,1.15514,1.15517,3.19,2.14
2018.08.09 18:48:10.814,1.15515,1.15517,1.00,2.14
2018.08.09 18:48:11.071,1.15516,1.15518,2.06,1.00
2018.08.09 18:48:11.585,1.15516,1.15519,2.06,5.62
2018.08.09 18:48:12.121,1.15516,1.15518,2.06,1.12
2018.08.09 18:48:12.720,1.15516,1.15519,3.56,3.64
2018.08.09 18:48:13.246,1.15516,1.15518,3.75,1.31
2018.08.09 18:48:13.460,1.15513,1.15516,1.87,6.64
2018.08.09 18:48:13.984,1.15513,1.15515,2.25,1.50
2018.08.09 18:48:14.650,1.15513,1.15517,4.76,9.07
2018.08.09 18:48:15.336,1.15514,1.15515,1.00,1.00
2018.08.09 18:48:15.841,1.15513,1.15516,6.75,1.12
2018.08.09 18:48:17.345,1.15514,1.15517,1.87,3.64
2018.08.09 18:48:19.453,1.15515,1.15518,1.00,2.51
2018.08.09 18:48:19.507,1.15513,1.15515,5.51,2.44
2018.08.09 18:48:19.772,1.15514,1.15516,1.50,2.06
2018.08.09 18:48:20.935,1.15514,1.15516,1.00,1.37
2018.08.09 18:48:21.091,1.15514,1.15517,2.06,3.64
2018.08.09 18:48:21.639,1.15514,1.15517,1.12,4.50
2018.08.09 18:48:23.146,1.15514,1.15517,3.94,4.31
2018.08.09 18:48:23.673,1.15514,1.15517,3.37,3.19
2018.08.09 18:48:24.126,1.15515,1.15518,1.69,4.39
2018.08.09 18:48:24.644,1.15515,1.15518,2.89,2.70
2018.08.09 18:48:24.986,1.15517,1.15519,2.25,3.07
2018.08.09 18:48:25.096,1.15516,1.15518,1.12,1.12
2018.08.09 18:48:25.898,1.15515,1.15518,9.19,1.50
2018.08.09 18:48:25.950,1.15515,1.15516,2.62,1.00
2018.08.09 18:48:26.456,1.15514,1.15517,2.25,3.00
2018.08.09 18:48:27.002,1.15514,1.15517,1.87,1.50
2018.08.09 18:48:27.988,1.15514,1.15516,2.25,1.87
2018.08.09 18:48:28.145,1.1551,1.15514,3.00,4.57
2018.08.09 18:48:28.683,1.15512,1.15515,1.87,5.89
2018.08.09 18:48:29.220,1.15512,1.15515,1.12,4.01
2018.08.09 18:48:29.829,1.15513,1.15515,1.87,2.62
2018.08.09 18:48:30.490,1.15514,1.15517,1.00,3.00
2018.08.09 18:48:31.338,1.15514,1.15517,2.44,4.39
2018.08.09 18:48:31.948,1.15514,1.15517,1.69,1.95
2018.08.09 18:48:32.515,1.15515,1.15517,1.00,3.00
2018.08.09 18:48:33.091,1.15515,1.15517,1.00,2.62
2018.08.09 18:48:33.999,1.15515,1.15518,9.60,2.06
2018.08.09 18:48:34.568,1.15516,1.15518,1.31,1.00
2018.08.09 18:48:35.085,1.15516,1.15518,1.39,1.00
2018.08.09 18:48:35.804,1.15515,1.15518,6.41,1.00
2018.08.09 18:48:36.739,1.15516,1.15519,2.00,3.56
2018.08.09 18:48:37.478,1.15516,1.15519,2.00,1.31
2018.08.09 18:48:38.136,1.15515,1.15519,5.85,1.31
2018.08.09 18:48:58.130,1.15518,1.1552,1.12,1.20
2018.08.09 18:48:59.320,1.15517,1.15519,1.12,1.12
2018.08.09 18:49:01.891,1.15517,1.1552,1.50,1.50
2018.08.09 18:49:03.600,1.15517,1.1552,2.25,5.44
2018.08.09 18:49:06.104,1.15517,1.15519,1.00,1.50
2018.08.09 18:49:06.669,1.15516,1.15519,1.12,3.75
2018.08.09 18:49:07.193,1.15516,1.15519,1.87,1.87
2018.08.09 18:49:08.485,1.15516,1.15519,1.50,1.87
2018.08.09 18:49:09.277,1.15516,1.15518,1.12,1.31
2018.08.09 18:49:09.793,1.15515,1.15517,3.75,1.00
2018.08.09 18:49:10.329,1.15512,1.15514,1.00,1.50
2018.08.09 18:49:10.483,1.15514,1.15516,1.00,2.25
2018.08.09 18:49:11.275,1.15513,1.15515,6.94,1.00
2018.08.09 18:49:11.641,1.15514,1.15518,1.76,4.57
2018.08.09 18:49:11.693,1.15515,1.15518,1.69,4.95
2018.08.09 18:49:12.264,1.15515,1.15518,4.39,1.50
2018.08.09 18:49:12.419,1.15514,1.15517,1.20,1.87
2018.08.09 18:49:12.998,1.15514,1.15517,1.12,2.32
2018.08.09 18:49:14.415,1.15512,1.15513,4.57,3.22
2018.08.09 18:49:14.522,1.15508,1.15511,5.70,1.12
2018.08.09 18:49:15.079,1.15509,1.15513,3.37,3.45
2018.08.09 18:49:15.920,1.1551,1.15512,1.69,1.00
2018.08.09 18:49:21.594,1.1551,1.15514,1.25,6.82
2018.08.09 18:49:22.189,1.1551,1.15513,2.44,2.44
2018.08.09 18:49:22.499,1.15509,1.15512,1.00,1.50
2018.08.09 18:49:23.013,1.15509,1.15512,3.94,3.64
2018.08.09 18:49:23.765,1.1551,1.15513,2.06,2.62
2018.08.09 18:49:24.725,1.1551,1.15512,1.12,1.50
2018.08.09 18:49:26.007,1.1551,1.15512,1.69,1.37
2018.08.09 18:49:27.248,1.15508,1.1551,2.62,1.12
2018.08.09 18:49:27.463,1.15509,1.15512,2.44,3.45
2018.08.09 18:49:30.386,1.15509,1.15512,1.25,1.12
2018.08.09 18:49:30.966,1.15509,1.15511,4.69,1.00
2018.08.09 18:49:31.497,1.15509,1.15512,1.12,1.95
2018.08.09 18:49:33.477,1.15509,1.15513,3.94,4.20
2018.08.09 18:49:34.343,1.15509,1.15513,5.06,3.45
2018.08.09 18:49:35.685,1.1551,1.15514,5.44,1.87
2018.08.09 18:49:37.782,1.15514,1.15515,1.00,3.37
2018.08.09 18:49:37.894,1.15514,1.15517,2.44,1.25
2018.08.09 18:49:38.492,1.15514,1.15517,2.44,1.25
2018.08.09 18:49:39.059,1.15515,1.15518,1.00,5.14
2018.08.09 18:49:40.006,1.15514,1.15518,2.44,2.14
2018.08.09 18:49:40.609,1.15515,1.15518,1.50,3.19
2018.08.09 18:49:44.553,1.15515,1.15518,1.31,1.57
2018.08.09 18:49:45.269,1.15515,1.15518,3.64,1.50
2018.08.09 18:49:46.862,1.15517,1.1552,1.12,2.89
2018.08.09 18:49:47.333,1.15518,1.15522,6.75,3.82
2018.08.09 18:49:48.134,1.15519,1.15522,5.06,3.45
2018.08.09 18:49:48.819,1.15519,1.15522,2.81,1.00
2018.08.09 18:49:49.789,1.15519,1.15522,4.31,1.25
2018.08.09 18:49:50.595,1.15519,1.15522,2.62,1.00
2018.08.09 18:49:52.193,1.15519,1.15522,3.19,1.31
2018.08.09 18:49:52.928,1.15519,1.15522,3.00,1.87
2018.08.09 18:49:55.242,1.15519,1.15523,2.62,7.76
2018.08.09 18:49:56.530,1.15521,1.15523,1.25,3.94
2018.08.09 18:49:57.139,1.1552,1.15524,1.31,6.82
2018.08.09 18:49:57.716,1.1552,1.15523,1.69,2.44
2018.08.09 18:49:59.793,1.15521,1.15523,1.31,1.00
2018.08.09 18:50:00.395,1.15521,1.15524,2.81,2.44
2018.08.09 18:50:02.139,1.15522,1.15524,4.31,1.00
2018.08.09 18:50:02.192,1.15524,1.15527,1.87,4.01
2018.08.09 18:50:02.413,1.15524,1.15528,1.31,4.95
2018.08.09 18:50:02.925,1.15524,1.15528,1.31,3.82
2018.08.09 18:50:03.445,1.15524,1.15528,2.44,6.07
2018.08.09 18:50:04.020,1.15524,1.15528,1.69,5.32
2018.08.09 18:50:04.653,1.15524,1.15528,1.87,5.70
2018.08.09 18:50:05.932,1.15524,1.15528,1.50,2.70
2018.08.09 18:50:06.739,1.15525,1.15528,2.44,5.81
2018.08.09 18:50:07.254,1.15524,1.15528,4.31,1.69
2018.08.09 18:50:07.896,1.15524,1.15528,1.69,1.95
2018.08.09 18:50:08.556,1.15525,1.15528,1.00,3.07
2018.08.09 18:50:09.077,1.15524,1.15528,2.81,1.57
2018.08.09 18:50:10.241,1.15524,1.15528,6.19,2.89
2018.08.09 18:50:11.453,1.15524,1.15528,3.75,1.95
2018.08.09 18:50:12.492,1.15525,1.15528,1.00,3.75
2018.08.09 18:50:14.169,1.15524,1.15527,2.62,1.00
2018.08.09 18:50:15.624,1.15525,1.15527,1.00,1.00
2018.08.09 18:50:17.353,1.15524,1.15528,1.87,1.01
2018.08.09 18:50:20.522,1.15525,1.15527,1.00,1.00
2018.08.09 18:50:22.585,1.15524,1.15527,2.25,1.00
2018.08.09 18:50:23.118,1.15524,1.15528,2.44,2.32
2018.08.09 18:50:23.481,1.15525,1.15528,1.69,3.56
2018.08.09 18:50:24.430,1.15524,1.15528,2.44,2.14
2018.08.09 18:50:25.609,1.15525,1.15528,1.00,4.50
2018.08.09 18:50:27.111,1.15523,1.15524,1.12,1.87
2018.08.09 18:50:27.296,1.15519,1.15523,1.25,1.47
2018.08.09 18:50:27.827,1.15519,1.15523,3.19,4.69
2018.08.09 18:50:28.329,1.15519,1.15523,2.06,1.69
2018.08.09 18:50:30.568,1.15521,1.15524,1.12,4.76
2018.08.09 18:50:31.097,1.15521,1.15523,1.00,1.87
2018.08.09 18:50:31.605,1.1552,1.15523,1.50,2.06
2018.08.09 18:50:39.470,1.1552,1.15523,1.50,3.56
2018.08.09 18:50:46.418,1.15521,1.15523,1.31,2.06
2018.08.09 18:50:47.020,1.1552,1.15523,5.44,1.69
2018.08.09 18:50:47.476,1.15525,1.15527,1.00,1.50
2018.08.09 18:50:48.618,1.15525,1.15526,1.00,1.00
2018.08.09 18:50:49.642,1.15525,1.15527,1.25,2.44
2018.08.09 18:50:50.338,1.15525,1.15526,1.00,1.00
2018.08.09 18:50:50.855,1.15525,1.15527,1.00,2.25
2018.08.09 18:50:52.316,1.15523,1.15524,1.12,1.00
2018.08.09 18:50:52.816,1.15524,1.15526,1.87,1.57
2018.08.09 18:50:53.334,1.15524,1.15528,2.81,3.75
2018.08.09 18:50:53.440,1.15523,1.15526,6.75,2.25
2018.08.09 18:50:53.931,1.15523,1.15527,5.81,4.31
2018.08.09 18:50:54.033,1.15524,1.15527,1.69,4.76
2018.08.09 18:50:54.342,1.15522,1.15525,1.00,3.56
2018.08.09 18:50:54.545,1.15524,1.15526,1.00,1.20
2018.08.09 18:50:54.653,1.15525,1.15527,1.00,1.87
2018.08.09 18:50:56.533,1.15525,1.15528,1.50,2.62
2018.08.09 18:50:56.811,1.15525,1.15528,1.31,1.31
2018.08.09 18:50:57.271,1.15524,1.15526,3.56,1.37
2018.08.09 18:50:57.323,1.15522,1.15524,9.00,3.00
2018.08.09 18:50:57.892,1.15521,1.15524,3.22,2.06
2018.08.09 18:50:58.430,1.15521,1.15524,2.85,1.69
2018.08.09 18:50:59.621,1.15522,1.15524,1.00,1.87
2018.08.09 18:51:00.131,1.15521,1.15524,3.56,1.12
2018.08.09 18:51:01.258,1.15521,1.15524,2.25,1.50
2018.08.09 18:51:01.827,1.15522,1.15524,1.00,3.19
2018.08.09 18:51:02.348,1.15521,1.15525,2.25,7.95
2018.08.09 18:51:03.516,1.15521,1.15523,1.12,1.69
2018.08.09 18:51:07.022,1.15519,1.15522,3.00,1.37
2018.08.09 18:51:08.132,1.15519,1.15523,3.94,6.37
2018.08.09 18:51:14.073,1.15519,1.15523,3.19,3.56
2018.08.09 18:51:14.612,1.15519,1.15523,3.56,4.69
2018.08.09 18:51:16.218,1.15519,1.15522,3.75,1.12
2018.08.09 18:51:16.754,1.15522,1.15524,1.12,2.51
2018.08.09 18:51:17.853,1.15522,1.15524,1.00,1.69
2018.08.09 18:51:18.679,1.15521,1.15524,4.31,1.25
2018.08.09 18:51:20.524,1.15522,1.15524,1.00,2.44
2018.08.09 18:51:21.025,1.15521,1.15524,1.00,5.70
2018.08.09 18:51:21.550,1.1552,1.15523,1.12,6.04
2018.08.09 18:51:22.069,1.1552,1.15523,1.69,2.44
2018.08.09 18:51:22.602,1.1552,1.15523,1.87,4.50
2018.08.09 18:51:23.115,1.1552,1.15523,2.06,1.31
2018.08.09 18:51:23.643,1.1552,1.15523,1.12,1.69
2018.08.09 18:51:24.190,1.1552,1.15523,2.06,1.31
2018.08.09 18:51:24.713,1.1552,1.15524,5.81,6.82
2018.08.09 18:51:26.081,1.15521,1.15523,1.87,1.00
2018.08.09 18:51:26.613,1.1552,1.15524,5.44,5.06
2018.08.09 18:51:28.065,1.15521,1.15523,2.06,1.00
2018.08.09 18:51:28.580,1.15522,1.15523,1.25,1.00
2018.08.09 18:51:29.135,1.15521,1.15524,1.69,3.19
2018.08.09 18:51:30.220,1.15522,1.15523,1.00,1.00
2018.08.09 18:51:30.745,1.15521,1.15523,1.12,1.50
2018.08.09 18:51:31.429,1.1552,1.15523,4.12,1.12
2018.08.09 18:51:32.596,1.1552,1.15524,2.81,6.07
2018.08.09 18:51:34.588,1.15521,1.15524,2.06,5.25
2018.08.09 18:51:35.642,1.15521,1.15524,1.50,5.32
2018.08.09 18:51:37.095,1.1552,1.15523,3.37,2.06
2018.08.09 18:51:37.618,1.15519,1.15522,1.00,4.35
2018.08.09 18:51:40.589,1.15518,1.1552,6.75,1.00
2018.08.09 18:51:43.845,1.15519,1.15521,1.00,1.69
2018.08.09 18:51:45.125,1.15519,1.15521,1.69,2.06
2018.08.09 18:51:45.634,1.15519,1.15521,1.00,1.31
2018.08.09 18:51:46.699,1.15519,1.15521,1.69,3.19
2018.08.09 18:51:47.964,1.15519,1.15521,1.00,1.00
2018.08.09 18:51:48.643,1.15519,1.15521,1.69,2.44
2018.08.09 18:51:49.189,1.15519,1.15521,1.69,1.25
2018.08.09 18:51:52.740,1.15519,1.15521,1.50,3.37
2018.08.09 18:51:53.415,1.15519,1.15521,1.50,1.12
2018.08.09 18:51:54.037,1.15519,1.15521,1.50,3.37
2018.08.09 18:51:54.677,1.15519,1.15521,1.00,1.50
2018.08.09 18:51:56.688,1.15518,1.15521,3.00,1.12
2018.08.09 18:51:57.203,1.15519,1.15521,1.69,1.50
2018.08.09 18:51:57.936,1.15519,1.15521,1.00,1.12
2018.08.09 18:52:01.526,1.15519,1.15521,1.69,1.44
2018.08.09 18:52:02.284,1.15519,1.15521,1.00,1.12
2018.08.09 18:52:04.606,1.15518,1.15521,9.26,3.37
2018.08.09 18:52:05.019,1.15517,1.15518,6.82,1.00
2018.08.09 18:52:05.562,1.15517,1.15518,1.00,1.00
2018.08.09 18:52:06.101,1.15515,1.15518,8.25,1.00
2018.08.09 18:52:06.933,1.15516,1.15519,1.00,6.75
2018.08.09 18:52:09.315,1.15515,1.15517,1.00,1.00
2018.08.09 18:52:09.679,1.15509,1.15512,6.82,1.12
2018.08.09 18:52:10.183,1.1551,1.15512,1.00,4.72
2018.08.09 18:52:10.728,1.1551,1.15512,1.00,1.50
2018.08.09 18:52:10.886,1.15509,1.15512,2.06,4.87
2018.08.09 18:52:12.183,1.1551,1.15512,1.25,8.25
2018.08.09 18:52:14.020,1.1551,1.15512,1.25,2.06
2018.08.09 18:52:15.718,1.1551,1.15512,1.00,4.20
2018.08.09 18:52:17.967,1.15508,1.15511,7.31,2.44
2018.08.09 18:52:18.073,1.15506,1.15508,1.87,1.69
2018.08.09 18:52:18.444,1.15505,1.15508,5.62,1.12
2018.08.09 18:52:18.968,1.15506,1.15508,1.00,2.62
2018.08.09 18:52:19.507,1.15505,1.15509,6.37,5.47
2018.08.09 18:52:19.610,1.15506,1.15508,1.69,1.87
2018.08.09 18:52:20.111,1.15506,1.15508,1.50,1.87
2018.08.09 18:52:20.655,1.15505,1.15507,6.19,1.50
2018.08.09 18:52:21.205,1.15505,1.15508,1.50,5.44
2018.08.09 18:52:21.538,1.15503,1.15507,3.56,5.32
2018.08.09 18:52:22.680,1.15505,1.15507,1.00,3.19
2018.08.09 18:52:23.353,1.15504,1.15507,3.75,1.00
2018.08.09 18:52:24.065,1.15505,1.15507,1.00,1.50
2018.08.09 18:52:24.890,1.15504,1.15507,3.75,1.00
2018.08.09 18:52:25.474,1.15504,1.15506,1.00,5.81
2018.08.09 18:52:25.528,1.15503,1.15505,3.45,1.50
2018.08.09 18:52:25.633,1.155,1.15502,1.10,2.81
2018.08.09 18:52:25.687,1.155,1.15503,1.50,2.25
2018.08.09 18:52:26.064,1.15501,1.15503,1.69,1.69
2018.08.09 18:52:26.575,1.15501,1.15503,2.06,1.25
2018.08.09 18:52:26.914,1.15503,1.15505,2.25,1.00
2018.08.09 18:52:27.810,1.15502,1.15504,2.25,1.00
2018.08.09 18:52:28.414,1.15502,1.15505,3.00,5.44
2018.08.09 18:52:28.719,1.15501,1.15504,1.00,3.75
2018.08.09 18:52:29.245,1.15502,1.15504,1.00,4.87
2018.08.09 18:52:29.594,1.15494,1.15497,5.25,2.06
2018.08.09 18:52:30.197,1.15494,1.15498,4.31,6.45
2018.08.09 18:52:30.808,1.15496,1.15497,1.00,2.06
2018.08.09 18:52:30.861,1.15495,1.15497,1.25,1.69
2018.08.09 18:52:31.367,1.15494,1.15497,1.69,1.00
2018.08.09 18:52:31.921,1.15495,1.15497,1.00,1.12
2018.08.09 18:52:32.665,1.15495,1.15497,1.12,1.37
2018.08.09 18:52:33.435,1.15494,1.15497,2.06,1.37
2018.08.09 18:52:35.394,1.15495,1.15497,1.00,3.37
2018.08.09 18:52:35.893,1.15497,1.15499,1.00,4.87
2018.08.09 18:52:37.085,1.15495,1.15499,2.81,3.56
2018.08.09 18:52:38.265,1.15495,1.15497,2.06,1.00
2018.08.09 18:52:42.952,1.15497,1.15498,1.00,1.00
2018.08.09 18:52:43.003,1.15497,1.15499,2.62,1.00
2018.08.09 18:52:43.441,1.15499,1.15501,2.25,1.12
2018.08.09 18:52:44.227,1.15499,1.15502,2.81,1.50
2018.08.09 18:52:44.747,1.155,1.15502,1.69,3.19
2018.08.09 18:52:45.428,1.15499,1.15502,2.44,2.62
2018.08.09 18:52:46.156,1.15499,1.15502,3.56,1.00
2018.08.09 18:52:47.029,1.15499,1.15503,3.56,1.31
2018.08.09 18:52:48.492,1.155,1.15503,1.69,1.62
2018.08.09 18:52:49.625,1.155,1.15503,2.06,1.00
2018.08.09 18:52:50.167,1.155,1.15503,3.56,2.44
2018.08.09 18:52:50.746,1.155,1.15503,2.06,1.00
2018.08.09 18:52:51.271,1.155,1.15503,3.56,2.44
2018.08.09 18:52:51.989,1.155,1.15503,2.81,1.50
2018.08.09 18:52:52.144,1.15502,1.15504,1.00,2.06
2018.08.09 18:52:52.663,1.15501,1.15503,3.56,1.69
2018.08.09 18:52:53.186,1.15501,1.15503,1.00,2.62
2018.08.09 18:52:53.846,1.15501,1.15503,1.00,2.44
2018.08.09 18:52:55.160,1.155,1.15502,3.19,1.69
2018.08.09 18:52:59.643,1.15503,1.15504,1.12,1.10
2018.08.09 18:52:59.989,1.15501,1.15504,1.50,7.69
2018.08.09 18:53:06.247,1.15503,1.15504,1.12,1.12
2018.08.09 18:53:07.273,1.15506,1.15508,1.00,6.94
2018.08.09 18:53:07.327,1.15509,1.1551,1.12,1.50
2018.08.09 18:53:07.381,1.1551,1.15512,1.50,1.95
2018.08.09 18:53:07.435,1.15511,1.15513,1.12,3.56
2018.08.09 18:53:12.371,1.15511,1.15513,1.00,1.50
2018.08.09 18:53:13.634,1.15511,1.15513,1.00,1.12
2018.08.09 18:53:15.317,1.15511,1.15513,1.00,2.81
2018.08.09 18:53:15.835,1.1551,1.15513,2.06,3.94
2018.08.09 18:53:18.410,1.1551,1.15513,2.06,1.50
2018.08.09 18:53:19.100,1.1551,1.15513,2.81,1.50
2018.08.09 18:53:19.153,1.15513,1.15514,1.00,1.12
2018.08.09 18:53:19.464,1.15511,1.15514,1.50,4.31
2018.08.09 18:53:22.258,1.15513,1.15515,1.50,2.62
2018.08.09 18:53:22.531,1.15511,1.15513,2.62,1.87
2018.08.09 18:53:24.602,1.1551,1.15513,4.12,1.00
2018.08.09 18:53:25.113,1.1551,1.15512,3.00,1.00
2018.08.09 18:53:25.863,1.15509,1.15512,3.00,1.12
2018.08.09 18:53:26.180,1.1551,1.15513,3.94,6.37
2018.08.09 18:53:26.788,1.1551,1.15513,3.00,4.31
2018.08.09 18:53:27.434,1.1551,1.15512,3.00,1.00
2018.08.09 18:53:33.537,1.15509,1.15512,2.62,1.69
2018.08.09 18:53:34.087,1.1551,1.15512,1.00,2.44
2018.08.09 18:53:34.621,1.15509,1.15512,2.62,2.81
2018.08.09 18:53:34.829,1.15508,1.15509,1.00,2.06
2018.08.09 18:53:35.426,1.15507,1.15509,10.76,1.00
2018.08.09 18:53:36.020,1.15508,1.1551,2.62,1.87
2018.08.09 18:53:36.983,1.15508,1.15509,4.20,1.50
2018.08.09 18:53:37.659,1.15507,1.1551,1.00,8.44
2018.08.09 18:53:38.217,1.15507,1.15509,3.00,1.00
2018.08.09 18:53:38.733,1.15506,1.15509,5.81,1.12
2018.08.09 18:53:41.447,1.15509,1.15511,2.25,2.32
2018.08.09 18:53:42.079,1.15509,1.15511,3.19,1.50
2018.08.09 18:53:42.649,1.15509,1.15511,2.81,1.50
2018.08.09 18:53:42.702,1.15509,1.15512,3.56,4.69
2018.08.09 18:53:43.393,1.15509,1.15512,2.06,1.00
2018.08.09 18:53:44.766,1.15509,1.15511,2.06,1.00
2018.08.09 18:53:45.375,1.15509,1.15512,2.06,1.12
2018.08.09 18:53:47.538,1.15509,1.15512,3.19,1.12
2018.08.09 18:53:49.500,1.15509,1.15511,3.19,1.00
2018.08.09 18:53:49.720,1.15508,1.15509,12.00,1.00
2018.08.09 18:53:49.901,1.15507,1.15508,2.25,1.00
2018.08.09 18:53:52.505,1.15507,1.15509,1.00,2.47
2018.08.09 18:53:52.661,1.15504,1.15506,8.59,2.62
2018.08.09 18:53:52.766,1.15504,1.15506,2.44,1.87
2018.08.09 18:53:54.056,1.15504,1.15505,1.12,1.00
2018.08.09 18:53:54.212,1.15502,1.15505,2.40,1.37
2018.08.09 18:53:54.736,1.15501,1.15504,2.25,2.06
2018.08.09 18:53:55.107,1.15501,1.15503,1.25,2.06
2018.08.09 18:53:55.866,1.155,1.15503,4.57,1.00
2018.08.09 18:53:56.583,1.155,1.15503,5.81,2.44
2018.08.09 18:53:58.044,1.155,1.15503,4.31,1.00
2018.08.09 18:54:01.585,1.155,1.15502,1.87,1.00
2018.08.09 18:54:02.215,1.155,1.15503,1.00,4.95
2018.08.09 18:54:02.561,1.15499,1.15501,1.76,1.00
2018.08.09 18:54:05.147,1.15499,1.15502,4.69,1.31
2018.08.09 18:54:05.696,1.15499,1.15503,2.44,2.81
2018.08.09 18:54:06.556,1.155,1.15502,1.00,1.12
2018.08.09 18:54:07.080,1.15499,1.15503,3.94,3.19
2018.08.09 18:54:09.172,1.15499,1.15503,5.44,7.31
2018.08.09 18:54:10.649,1.15499,1.15503,3.94,3.19
2018.08.09 18:54:11.182,1.155,1.15502,1.00,1.00
2018.08.09 18:54:13.071,1.15499,1.15503,2.81,5.51
2018.08.09 18:54:14.898,1.155,1.15503,1.00,4.57
2018.08.09 18:54:15.572,1.155,1.15503,5.06,3.25
2018.08.09 18:54:16.116,1.155,1.15503,7.69,4.31
2018.08.09 18:54:16.428,1.155,1.15503,6.56,1.69
2018.08.09 18:54:16.617,1.15504,1.15507,2.69,1.00
2018.08.09 18:54:17.135,1.15504,1.15507,1.83,2.25
2018.08.09 18:54:17.814,1.15505,1.15508,2.44,4.95
2018.08.09 18:54:18.936,1.15505,1.15507,2.25,1.00
2018.08.09 18:54:20.194,1.15505,1.15508,1.25,3.75
2018.08.09 18:54:20.745,1.15505,1.15507,1.19,1.69
2018.08.09 18:54:21.408,1.15505,1.15508,1.25,2.25
2018.08.09 18:54:23.735,1.15504,1.15507,7.95,1.00
2018.08.09 18:54:29.029,1.15503,1.15506,4.20,1.87
2018.08.09 18:54:29.587,1.15504,1.15506,1.00,3.37
2018.08.09 18:54:30.113,1.15503,1.15506,3.75,4.12
2018.08.09 18:54:30.617,1.15504,1.15506,1.00,3.37
2018.08.09 18:54:31.430,1.15503,1.15506,3.00,1.87
2018.08.09 18:54:32.493,1.15503,1.15504,3.00,1.00
2018.08.09 18:54:32.611,1.155,1.15502,1.50,4.12
2018.08.09 18:54:33.122,1.15499,1.15502,3.94,1.50
2018.08.09 18:54:33.654,1.15499,1.15502,1.00,1.87
2018.08.09 18:54:34.401,1.15499,1.15502,1.19,6.37
2018.08.09 18:54:35.084,1.15499,1.15502,1.00,1.87
2018.08.09 18:54:36.788,1.15498,1.15501,3.75,1.31
2018.08.09 18:54:36.842,1.15496,1.15498,4.76,2.06
2018.08.09 18:54:37.054,1.15495,1.15497,1.25,4.12
2018.08.09 18:54:38.327,1.15494,1.15497,5.81,2.06
2018.08.09 18:54:38.951,1.15494,1.15497,8.21,3.00
2018.08.09 18:54:39.263,1.15494,1.15497,3.82,6.19
2018.08.09 18:54:39.317,1.15493,1.15495,3.15,1.50
2018.08.09 18:54:39.628,1.15492,1.15495,2.32,1.31
2018.08.09 18:54:39.681,1.15491,1.15494,2.25,3.22
2018.08.09 18:54:40.330,1.15491,1.15493,1.29,1.31
2018.08.09 18:54:40.645,1.15492,1.15496,3.94,7.76
2018.08.09 18:54:41.163,1.15492,1.15496,3.26,3.00
2018.08.09 18:54:41.689,1.15493,1.15496,1.50,3.37
2018.08.09 18:54:42.210,1.15493,1.15496,5.51,1.00
2018.08.09 18:54:42.966,1.15492,1.15494,4.87,1.25
2018.08.09 18:54:43.121,1.15489,1.15493,4.84,3.19
2018.08.09 18:54:43.713,1.15491,1.15493,1.25,1.25
2018.08.09 18:54:44.390,1.1549,1.15491,1.00,1.00
2018.08.09 18:54:44.576,1.15492,1.15495,2.14,3.75
2018.08.09 18:54:44.630,1.15494,1.15496,1.69,1.25
2018.08.09 18:54:45.093,1.15493,1.15494,4.50,1.69
2018.08.09 18:54:45.201,1.1549,1.15493,3.56,1.50
2018.08.09 18:54:45.720,1.1549,1.15494,5.77,5.62
2018.08.09 18:54:46.315,1.1549,1.15493,5.70,1.25
2018.08.09 18:54:47.433,1.1549,1.15494,5.70,7.12
2018.08.09 18:54:47.953,1.1549,1.15494,5.70,7.12
2018.08.09 18:54:48.499,1.1549,1.15493,5.32,1.25
2018.08.09 18:54:49.421,1.1549,1.15494,3.07,4.50
2018.08.09 18:54:51.429,1.15494,1.15497,1.50,7.57
2018.08.09 18:54:51.636,1.15491,1.15494,1.52,1.12
2018.08.09 18:54:51.790,1.1549,1.15494,1.69,2.81
2018.08.09 18:54:52.321,1.1549,1.15493,3.94,1.00
2018.08.09 18:54:53.026,1.1549,1.15494,2.06,2.25
2018.08.09 18:54:53.642,1.1549,1.15494,2.14,1.87
2018.08.09 18:54:54.201,1.15491,1.15493,2.06,1.00
2018.08.09 18:54:54.763,1.15491,1.15494,2.06,1.87
2018.08.09 18:54:54.962,1.15489,1.15492,3.52,1.50
2018.08.09 18:54:55.068,1.1549,1.15493,1.00,1.00
2018.08.09 18:54:55.393,1.15492,1.15493,1.12,1.00
2018.08.09 18:54:55.803,1.15493,1.15496,1.00,3.49
2018.08.09 18:54:56.346,1.15494,1.15496,1.00,1.87
2018.08.09 18:54:56.449,1.15492,1.15495,3.90,4.50
2018.08.09 18:54:57.177,1.15492,1.15496,1.01,9.64
2018.08.09 18:54:58.378,1.15491,1.15495,3.94,7.12
2018.08.09 18:54:58.930,1.15492,1.15494,1.25,1.69
2018.08.09 18:54:59.036,1.1549,1.15494,4.01,2.25
2018.08.09 18:54:59.303,1.1549,1.15494,6.82,2.06
2018.08.09 18:54:59.848,1.1549,1.15493,6.82,1.00
2018.08.09 18:55:00.354,1.1549,1.15493,6.82,1.00
2018.08.09 18:55:00.891,1.1549,1.15494,4.20,1.30
2018.08.09 18:55:01.514,1.15491,1.15494,1.29,2.99
2018.08.09 18:55:02.066,1.15491,1.15494,1.25,1.68
2018.08.09 18:55:02.726,1.1549,1.15494,3.45,2.62
2018.08.09 18:55:03.253,1.1549,1.15494,3.45,1.24
2018.08.09 18:55:04.176,1.15489,1.15491,1.87,1.12
2018.08.09 18:55:04.437,1.15487,1.15491,2.14,3.37
2018.08.09 18:55:04.647,1.15488,1.15492,2.96,1.87
2018.08.09 18:55:05.176,1.15489,1.15493,2.44,7.87
2018.08.09 18:55:05.699,1.15489,1.15493,2.14,7.01
2018.08.09 18:55:06.613,1.15489,1.15493,3.64,1.00
2018.08.09 18:55:07.796,1.15489,1.15492,3.07,1.00
2018.08.09 18:55:08.343,1.1549,1.15492,2.51,1.00
2018.08.09 18:55:08.890,1.1549,1.15493,2.06,1.87
2018.08.09 18:55:09.509,1.1549,1.15493,4.76,2.81
2018.08.09 18:55:10.528,1.1549,1.15493,2.14,2.06
2018.08.09 18:55:11.075,1.15489,1.15493,1.69,4.69
2018.08.09 18:55:11.948,1.15489,1.15493,2.81,5.44
2018.08.09 18:55:12.872,1.15489,1.15493,1.19,4.69
2018.08.09 18:55:13.076,1.15489,1.15493,1.25,3.19
2018.08.09 18:55:13.559,1.15485,1.15488,2.70,4.54
2018.08.09 18:55:14.078,1.15485,1.15487,1.19,1.00
2018.08.09 18:55:14.580,1.15484,1.15487,1.00,1.87
2018.08.09 18:55:14.943,1.15483,1.15488,16.84,3.94
2018.08.09 18:55:15.280,1.15484,1.15487,4.20,1.25
2018.08.09 18:55:15.792,1.15485,1.15488,2.51,1.69
2018.08.09 18:55:16.107,1.15485,1.15488,5.51,1.12
2018.08.09 18:55:16.638,1.15484,1.15489,7.84,4.76
2018.08.09 18:55:17.497,1.15485,1.15489,3.26,5.44
2018.08.09 18:55:18.460,1.15488,1.1549,2.06,4.69
2018.08.09 18:55:18.513,1.15487,1.15489,1.00,1.50
2018.08.09 18:55:18.827,1.15484,1.15488,1.87,2.25
2018.08.09 18:55:19.009,1.15485,1.15488,1.31,1.50
2018.08.09 18:55:19.537,1.15484,1.15488,5.32,3.56
2018.08.09 18:55:20.060,1.15484,1.15487,1.64,1.00
2018.08.09 18:55:20.606,1.15483,1.15487,11.32,1.50
2018.08.09 18:55:21.385,1.15483,1.15487,7.95,1.00
2018.08.09 18:55:21.941,1.15484,1.15487,4.69,1.00
2018.08.09 18:55:22.683,1.15484,1.15487,4.69,1.00
2018.08.09 18:55:23.414,1.15484,1.15487,2.81,1.12
2018.08.09 18:55:24.956,1.15484,1.15487,2.06,1.31
2018.08.09 18:55:25.842,1.15483,1.15487,10.95,1.12
2018.08.09 18:55:26.173,1.15483,1.15487,8.89,1.87
2018.08.09 18:55:26.699,1.15483,1.15487,6.45,2.44
2018.08.09 18:55:27.406,1.15482,1.15484,5.02,1.12
2018.08.09 18:55:27.676,1.15479,1.15484,8.14,5.47
2018.08.09 18:55:30.580,1.1548,1.15483,1.44,2.06
2018.08.09 18:55:30.999,1.15479,1.15483,4.76,1.87
2018.08.09 18:55:31.664,1.15479,1.15483,7.46,1.87
2018.08.09 18:55:32.229,1.1548,1.15482,1.31,1.00
2018.08.09 18:55:33.932,1.15479,1.15483,4.95,1.87
2018.08.09 18:55:34.810,1.1548,1.15483,3.19,2.06
2018.08.09 18:55:35.630,1.1548,1.15483,3.19,2.62
2018.08.09 18:55:36.165,1.1548,1.15483,5.89,1.12
2018.08.09 18:55:36.765,1.1548,1.15483,4.39,1.31
2018.08.09 18:55:36.920,1.1548,1.15484,1.31,5.06
2018.08.09 18:55:36.973,1.1548,1.15481,1.87,1.00
2018.08.09 18:55:37.187,1.15476,1.15478,1.12,2.25
2018.08.09 18:55:37.342,1.15473,1.15477,10.65,1.10
2018.08.09 18:55:37.395,1.15473,1.15476,8.51,7.69
2018.08.09 18:55:37.447,1.15473,1.15476,3.07,2.25
2018.08.09 18:55:37.606,1.15474,1.15476,1.19,1.25
2018.08.09 18:55:38.141,1.15473,1.15476,3.56,1.12
2018.08.09 18:55:38.826,1.15472,1.15477,20.78,3.75
2018.08.09 18:55:38.881,1.15471,1.15474,4.65,3.00
2018.08.09 18:55:39.152,1.15469,1.15473,13.01,1.00
2018.08.09 18:55:39.360,1.15469,1.15473,7.27,1.12
2018.08.09 18:55:39.898,1.15469,1.15472,3.00,1.50
2018.08.09 18:55:40.426,1.15468,1.15469,1.20,1.72
2018.08.09 18:55:40.479,1.15463,1.15465,1.57,3.37
2018.08.09 18:55:40.591,1.1546,1.15462,6.75,2.25
2018.08.09 18:55:40.696,1.15463,1.15466,3.75,2.25
2018.08.09 18:55:40.902,1.15465,1.15468,1.31,5.13
2018.08.09 18:55:41.041,1.15465,1.15468,1.25,3.75
2018.08.09 18:55:41.932,1.15466,1.15469,1.50,3.90
2018.08.09 18:55:42.141,1.15464,1.15468,2.06,3.00
2018.08.09 18:55:42.794,1.15464,1.15468,1.50,1.50
2018.08.09 18:55:43.212,1.15467,1.1547,1.00,1.87
2018.08.09 18:55:43.443,1.15468,1.15472,9.37,1.31
2018.08.09 18:55:43.495,1.15468,1.15472,9.82,3.19
2018.08.09 18:55:44.013,1.15468,1.15472,4.39,4.50
2018.08.09 18:55:44.555,1.15468,1.15472,4.01,4.12
2018.08.09 18:55:44.934,1.15469,1.15472,1.31,1.31
2018.08.09 18:55:45.713,1.1547,1.15472,1.00,1.00
2018.08.09 18:55:46.226,1.15469,1.15472,2.81,1.00
2018.08.09 18:55:46.751,1.1547,1.15472,1.00,1.00
2018.08.09 18:55:47.271,1.1547,1.15473,1.00,3.75
2018.08.09 18:55:48.371,1.15469,1.15472,2.06,1.00
2018.08.09 18:55:49.018,1.1547,1.15472,1.00,1.00
2018.08.09 18:55:49.529,1.1547,1.15473,1.00,5.62
2018.08.09 18:55:50.864,1.15468,1.15472,4.39,1.10
2018.08.09 18:55:52.114,1.1547,1.15473,1.31,1.20
2018.08.09 18:55:52.218,1.15472,1.15474,1.00,3.45
2018.08.09 18:55:53.032,1.15471,1.15473,1.50,2.10
2018.08.09 18:55:53.087,1.15469,1.15471,4.50,1.00
2018.08.09 18:55:53.843,1.15468,1.15472,11.06,2.25
2018.08.09 18:55:55.171,1.15469,1.1547,1.50,1.00
2018.08.09 18:55:55.380,1.15468,1.15472,3.19,1.50
2018.08.09 18:55:56.373,1.15468,1.15471,13.31,1.50
2018.08.09 18:55:58.986,1.15468,1.15471,13.95,3.00
2018.08.09 18:55:59.040,1.15469,1.15471,2.62,1.12
2018.08.09 18:56:00.586,1.15469,1.15472,1.87,2.62
2018.08.09 18:56:01.555,1.15468,1.15471,2.25,2.25
2018.08.09 18:56:02.061,1.15467,1.15471,5.62,2.35
2018.08.09 18:56:02.863,1.15469,1.15472,2.81,1.07
2018.08.09 18:56:04.092,1.1547,1.15472,2.06,1.04
2018.08.09 18:56:04.478,1.15471,1.15475,2.25,7.87
2018.08.09 18:56:04.994,1.1547,1.15474,3.75,3.48
2018.08.09 18:56:05.704,1.15471,1.15473,1.00,2.25
2018.08.09 18:56:06.161,1.1547,1.15474,3.00,3.71
2018.08.09 18:56:07.265,1.1547,1.15473,5.25,1.00
2018.08.09 18:56:07.787,1.1547,1.15474,6.00,2.62
2018.08.09 18:56:08.451,1.15471,1.15474,1.00,5.51
2018.08.09 18:56:08.572,1.15469,1.15471,1.00,1.87
2018.08.09 18:56:08.625,1.15467,1.15471,9.07,1.12
2018.08.09 18:56:08.898,1.15469,1.15472,1.00,3.04
2018.08.09 18:56:09.425,1.15469,1.1547,1.25,1.00
2018.08.09 18:56:13.203,1.15467,1.15471,10.20,5.25
2018.08.09 18:56:13.723,1.15467,1.15471,5.06,1.76
2018.08.09 18:56:14.257,1.15465,1.15467,1.10,1.12
2018.08.09 18:56:14.839,1.15464,1.15466,1.87,1.00
2018.08.09 18:56:15.507,1.15463,1.15466,8.81,1.00
2018.08.09 18:56:16.076,1.15464,1.15466,1.50,1.00
2018.08.09 18:56:16.605,1.15463,1.15465,9.19,1.00
2018.08.09 18:56:17.113,1.15464,1.15466,1.00,1.12
2018.08.09 18:56:21.258,1.15463,1.15466,5.89,1.00
2018.08.09 18:56:21.714,1.15462,1.15463,9.00,1.00
2018.08.09 18:56:21.895,1.15463,1.15466,2.62,2.25
2018.08.09 18:56:22.100,1.15461,1.15462,2.25,1.00
2018.08.09 18:56:22.306,1.15459,1.15462,5.19,1.00
2018.08.09 18:56:22.856,1.15459,1.15461,2.19,1.00
2018.08.09 18:56:24.020,1.15462,1.15464,1.37,2.70
2018.08.09 18:56:24.125,1.15462,1.15465,6.37,1.00
2018.08.09 18:56:24.781,1.15462,1.15463,2.25,1.00
2018.08.09 18:56:24.941,1.15462,1.15465,4.12,1.57
2018.08.09 18:56:25.683,1.15463,1.15465,2.81,1.00
2018.08.09 18:56:26.482,1.15463,1.15465,4.50,1.00
2018.08.09 18:56:26.641,1.15462,1.15463,9.82,1.00
2018.08.09 18:56:27.164,1.1546,1.15462,4.31,1.00
2018.08.09 18:56:27.270,1.15463,1.15465,1.00,1.20
2018.08.09 18:56:27.811,1.15463,1.15465,5.06,1.00
2018.08.09 18:56:28.276,1.15462,1.15463,6.45,1.12
2018.08.09 18:56:28.379,1.15462,1.15465,2.25,1.87
2018.08.09 18:56:28.894,1.15464,1.15465,1.00,1.00
2018.08.09 18:56:29.424,1.15463,1.15465,1.12,1.00
2018.08.09 18:56:32.061,1.15462,1.15464,4.20,1.00
2018.08.09 18:56:32.167,1.15461,1.15463,1.50,1.00
2018.08.09 18:56:32.220,1.15462,1.15465,4.12,1.57
2018.08.09 18:56:32.765,1.15463,1.15465,3.00,1.12
2018.08.09 18:56:33.566,1.15463,1.15466,1.31,5.14
2018.08.09 18:56:34.028,1.15461,1.15463,1.37,1.00
2018.08.09 18:56:34.728,1.15461,1.15463,3.00,1.00
2018.08.09 18:56:34.886,1.15461,1.15464,1.50,2.70
2018.08.09 18:56:35.406,1.15463,1.15465,1.87,1.12
2018.08.09 18:56:39.508,1.15462,1.15463,1.87,1.00
2018.08.09 18:56:40.505,1.15461,1.15462,1.00,1.00
2018.08.09 18:56:41.099,1.15461,1.15462,1.00,1.00
2018.08.09 18:56:41.900,1.1546,1.15462,2.25,1.00
2018.08.09 18:56:42.418,1.15461,1.15462,1.00,1.00
2018.08.09 18:56:42.960,1.15461,1.15463,1.50,1.12
2018.08.09 18:56:43.072,1.15462,1.15465,7.50,1.00
2018.08.09 18:56:43.179,1.15461,1.15463,1.95,1.00
2018.08.09 18:56:43.789,1.1546,1.15462,5.63,1.00
2018.08.09 18:56:44.313,1.1546,1.15462,4.35,1.00
2018.08.09 18:56:44.629,1.15463,1.15466,3.07,1.50
2018.08.09 18:56:45.363,1.15462,1.15464,3.00,1.87
2018.08.09 18:56:45.415,1.15463,1.15465,2.62,4.35
2018.08.09 18:56:45.963,1.15464,1.15465,1.00,1.12
2018.08.09 18:56:48.078,1.15463,1.15466,2.62,1.12
2018.08.09 18:56:48.633,1.15463,1.15466,2.25,1.00
2018.08.09 18:56:55.679,1.15463,1.15465,1.87,1.39
2018.08.09 18:56:55.732,1.15462,1.15463,3.00,1.87
2018.08.09 18:56:56.044,1.15459,1.15461,1.50,1.00
2018.08.09 18:56:57.035,1.15458,1.15461,1.57,1.00
2018.08.09 18:56:57.661,1.15459,1.15461,1.00,1.00
2018.08.09 18:56:58.170,1.15458,1.15461,4.76,1.00
2018.08.09 18:56:58.841,1.15459,1.15461,2.25,1.00
2018.08.09 18:57:00.375,1.15458,1.15461,1.76,1.00
2018.08.09 18:57:00.892,1.15458,1.1546,6.82,1.00
2018.08.09 18:57:01.505,1.15458,1.1546,1.57,1.00
2018.08.09 18:57:03.190,1.15457,1.15459,10.57,1.12
2018.08.09 18:57:03.243,1.15456,1.15458,7.95,1.12
2018.08.09 18:57:03.763,1.15455,1.15457,1.87,1.00
2018.08.09 18:57:04.301,1.15456,1.15457,1.00,1.00
2018.08.09 18:57:05.003,1.15454,1.15456,1.50,1.00
2018.08.09 18:57:07.038,1.15454,1.15457,1.00,4.05
2018.08.09 18:57:07.540,1.15454,1.15456,1.50,1.50
2018.08.09 18:57:08.629,1.15454,1.15455,1.00,1.00
2018.08.09 18:57:09.639,1.15453,1.15455,1.50,1.00
2018.08.09 18:57:10.249,1.15453,1.15456,1.50,1.00
2018.08.09 18:57:13.414,1.15454,1.15456,1.00,1.10
2018.08.09 18:57:13.717,1.15452,1.15454,6.00,1.50
2018.08.09 18:57:13.824,1.15452,1.15455,11.25,1.87
2018.08.09 18:57:14.161,1.15452,1.15454,5.25,2.29
2018.08.09 18:57:14.779,1.1545,1.15453,1.69,1.50
2018.08.09 18:57:15.372,1.15449,1.15452,3.00,1.12
2018.08.09 18:57:15.902,1.15449,1.15451,1.42,2.25
2018.08.09 18:57:16.221,1.15446,1.15447,2.73,1.00
2018.08.09 18:57:16.387,1.15443,1.15444,3.75,1.00
2018.08.09 18:57:16.790,1.15443,1.15447,2.62,1.10
2018.08.09 18:57:16.999,1.15443,1.15444,1.00,1.10
2018.08.09 18:57:17.052,1.15441,1.15445,1.00,2.32
2018.08.09 18:57:17.105,1.15444,1.15446,1.25,2.25
2018.08.09 18:57:17.273,1.15444,1.15448,3.18,1.50
2018.08.09 18:57:17.794,1.15444,1.15448,1.68,1.31
2018.08.09 18:57:18.300,1.15445,1.15447,1.50,1.00
2018.08.09 18:57:18.861,1.15444,1.15448,1.50,1.50
2018.08.09 18:57:19.328,1.15444,1.15445,1.25,1.00
2018.08.09 18:57:19.444,1.15445,1.15448,1.25,1.95
2018.08.09 18:57:20.008,1.15446,1.15449,2.06,4.95
2018.08.09 18:57:20.060,1.15448,1.15449,1.00,2.32
2018.08.09 18:57:20.112,1.15445,1.15449,8.89,1.00
2018.08.09 18:57:20.391,1.15444,1.15448,4.01,1.10
2018.08.09 18:57:20.852,1.15447,1.15449,1.00,1.95
2018.08.09 18:57:21.106,1.15449,1.15453,2.44,1.00
2018.08.09 18:57:21.484,1.15452,1.15455,3.00,5.32
2018.08.09 18:57:21.827,1.1545,1.15452,1.95,1.20
2018.08.09 18:57:21.982,1.15449,1.15452,1.00,3.07
2018.08.09 18:57:22.189,1.15451,1.15453,1.87,1.00
2018.08.09 18:57:22.465,1.15452,1.15456,2.81,8.62
2018.08.09 18:57:22.986,1.15452,1.15455,1.31,6.56
2018.08.09 18:57:23.490,1.15451,1.15454,2.81,1.87
2018.08.09 18:57:24.308,1.15451,1.15454,1.87,2.25
2018.08.09 18:57:24.822,1.15451,1.15454,2.25,1.87
2018.08.09 18:57:27.045,1.15452,1.15454,1.12,1.50
2018.08.09 18:57:30.113,1.15451,1.15453,1.87,1.13
2018.08.09 18:57:31.692,1.15451,1.15454,1.00,3.07
2018.08.09 18:57:32.284,1.15451,1.15453,1.00,1.00
2018.08.09 18:57:36.682,1.15451,1.15453,1.12,2.62
2018.08.09 18:57:36.735,1.15449,1.15452,1.12,3.82
2018.08.09 18:57:36.842,1.15448,1.15449,1.20,1.25
2018.08.09 18:57:37.371,1.15447,1.15449,1.12,1.00
2018.08.09 18:57:39.023,1.15447,1.1545,2.06,2.55
2018.08.09 18:57:39.337,1.15449,1.15452,1.95,1.50
2018.08.09 18:57:39.651,1.15448,1.15449,1.10,1.25
2018.08.09 18:57:39.704,1.15447,1.1545,1.00,7.95
2018.08.09 18:57:40.485,1.15446,1.1545,1.95,13.57
2018.08.09 18:57:40.641,1.15446,1.15449,2.89,1.31
2018.08.09 18:57:41.147,1.15447,1.15449,1.00,1.31
2018.08.09 18:57:41.458,1.15449,1.1545,1.00,1.00
2018.08.09 18:57:41.963,1.15449,1.15452,1.87,2.44
2018.08.09 18:57:47.125,1.15449,1.15453,2.70,5.55
2018.08.09 18:57:47.625,1.15451,1.15453,3.94,1.00
2018.08.09 18:57:48.159,1.15452,1.15454,1.00,2.44
2018.08.09 18:57:48.661,1.15451,1.15454,2.32,1.31
2018.08.09 18:57:49.439,1.15449,1.1545,1.10,4.87
2018.08.09 18:57:49.700,1.15447,1.15449,1.00,2.66
2018.08.09 18:57:50.720,1.15447,1.15448,1.00,1.00
2018.08.09 18:57:52.133,1.15447,1.15449,1.00,5.44
2018.08.09 18:57:52.829,1.15447,1.15448,1.00,1.00
2018.08.09 18:57:53.348,1.15447,1.15449,1.00,3.19
2018.08.09 18:57:54.329,1.15447,1.15449,1.00,2.81
2018.08.09 18:57:54.861,1.15446,1.15449,1.12,2.81
2018.08.09 18:57:55.718,1.15446,1.15449,1.00,2.44
2018.08.09 18:57:56.463,1.15446,1.15449,1.00,3.19
2018.08.09 18:57:56.945,1.15443,1.15444,4.95,1.30
2018.08.09 18:57:57.047,1.15444,1.15446,1.00,1.10
2018.08.09 18:57:57.554,1.15443,1.15446,1.57,1.00
2018.08.09 18:57:58.257,1.15444,1.15447,1.00,3.07
2018.08.09 18:57:58.309,1.15445,1.15448,1.37,2.10
2018.08.09 18:58:00.140,1.1545,1.15451,1.00,2.62
2018.08.09 18:58:00.194,1.15451,1.15452,1.00,1.87
2018.08.09 18:58:00.674,1.15452,1.15454,1.00,5.32
2018.08.09 18:58:00.885,1.1545,1.15452,1.07,1.12
2018.08.09 18:58:01.401,1.1545,1.15453,1.00,7.76
2018.08.09 18:58:03.246,1.15449,1.15451,1.57,1.12
2018.08.09 18:58:03.793,1.15449,1.15452,1.87,2.85
2018.08.09 18:58:04.331,1.15449,1.15452,2.25,2.10
2018.08.09 18:58:04.700,1.15447,1.15449,4.50,1.00
2018.08.09 18:58:05.009,1.15449,1.15451,2.06,1.00
2018.08.09 18:58:05.814,1.15448,1.1545,4.95,1.35
2018.08.09 18:58:05.922,1.15447,1.1545,1.12,4.31
2018.08.09 18:58:06.445,1.15446,1.15449,2.25,3.64
2018.08.09 18:58:12.320,1.15445,1.15446,1.69,1.12
2018.08.09 18:58:12.374,1.15444,1.15446,1.12,3.00
2018.08.09 18:58:13.045,1.15443,1.15445,1.00,3.37
2018.08.09 18:58:13.149,1.15442,1.15445,2.14,8.80
2018.08.09 18:58:13.687,1.1544,1.15445,3.19,16.72
2018.08.09 18:58:14.430,1.1544,1.15444,4.01,2.99
2018.08.09 18:58:14.992,1.1544,1.15444,1.87,2.06
2018.08.09 18:58:16.416,1.1544,1.15442,1.12,1.00
2018.08.09 18:58:16.974,1.1544,1.15443,1.12,1.87
2018.08.09 18:58:18.366,1.1544,1.15442,1.57,1.12
2018.08.09 18:58:18.980,1.15439,1.15442,1.00,1.87
2018.08.09 18:58:19.527,1.15439,1.15442,1.37,1.12
2018.08.09 18:58:20.381,1.15438,1.1544,6.82,2.10
2018.08.09 18:58:20.511,1.15437,1.15438,2.25,1.87
2018.08.09 18:58:20.614,1.15433,1.15437,7.57,3.52
2018.08.09 18:58:21.151,1.15436,1.15439,1.50,3.26
2018.08.09 18:58:22.160,1.15436,1.15439,3.56,2.81
2018.08.09 18:58:22.472,1.15435,1.1544,2.51,6.37
2018.08.09 18:58:22.997,1.15435,1.15439,5.33,2.06
2018.08.09 18:58:23.193,1.15434,1.15437,7.20,1.50
2018.08.09 18:58:23.296,1.15433,1.15437,3.82,2.25
2018.08.09 18:58:23.831,1.15434,1.15437,1.69,6.22
2018.08.09 18:58:24.427,1.15434,1.15437,2.44,4.35
2018.08.09 18:58:24.841,1.15433,1.15435,6.64,2.47
2018.08.09 18:58:24.993,1.1543,1.15434,2.32,4.20
2018.08.09 18:58:25.889,1.1543,1.15434,3.08,4.87
2018.08.09 18:58:25.994,1.15434,1.15435,1.31,2.25
2018.08.09 18:58:26.101,1.15435,1.15438,1.01,1.00
2018.08.09 18:58:27.159,1.15435,1.15438,2.51,1.12
2018.08.09 18:58:30.609,1.15435,1.15439,1.12,6.64
2018.08.09 18:58:31.889,1.15435,1.15439,1.39,6.45
2018.08.09 18:58:32.290,1.15435,1.15437,1.57,1.00
2018.08.09 18:58:34.706,1.15435,1.15436,1.00,1.00
2018.08.09 18:58:35.230,1.15434,1.15436,1.00,1.00
2018.08.09 18:58:36.607,1.15434,1.15438,2.06,9.39
2018.08.09 18:58:37.157,1.15434,1.15438,2.06,5.06
2018.08.09 18:58:37.713,1.15434,1.15437,2.62,1.00
2018.08.09 18:58:37.765,1.15433,1.15436,8.32,6.19
2018.08.09 18:58:38.086,1.15434,1.15436,3.07,1.00
2018.08.09 18:58:38.611,1.15434,1.15437,1.47,1.87
2018.08.09 18:58:39.212,1.15434,1.15436,1.47,1.00
2018.08.09 18:58:39.724,1.15434,1.15437,1.10,2.81
2018.08.09 18:58:40.321,1.15435,1.15439,2.62,5.32
2018.08.09 18:58:40.843,1.15435,1.15439,1.69,3.56
2018.08.09 18:58:41.296,1.15435,1.15436,1.00,1.50
2018.08.09 18:58:41.812,1.15434,1.15437,2.62,2.62
2018.08.09 18:58:42.186,1.15435,1.15439,2.06,10.39
2018.08.09 18:58:46.645,1.15435,1.15438,2.25,1.12
2018.08.09 18:58:46.953,1.15432,1.15435,5.06,2.70
2018.08.09 18:58:47.004,1.15432,1.15435,3.00,1.50
2018.08.09 18:58:47.058,1.15432,1.15434,1.87,1.30
2018.08.09 18:58:47.745,1.1543,1.15434,5.62,3.07
2018.08.09 18:58:48.269,1.1543,1.15434,5.62,1.95
2018.08.09 18:58:49.490,1.1543,1.15434,6.56,3.82
2018.08.09 18:58:50.138,1.1543,1.15434,6.19,3.64
2018.08.09 18:58:50.675,1.1543,1.15434,4.69,2.70
2018.08.09 18:58:50.897,1.15431,1.15434,2.06,1.25
2018.08.09 18:58:51.221,1.15435,1.15437,1.31,1.31
2018.08.09 18:58:51.765,1.15435,1.15438,2.06,4.69
2018.08.09 18:58:53.459,1.15435,1.15438,1.12,2.25
2018.08.09 18:58:53.830,1.15433,1.15436,2.25,3.82
2018.08.09 18:58:54.373,1.15433,1.15435,5.62,1.00
2018.08.09 18:58:55.063,1.15433,1.15436,4.12,2.89
2018.08.09 18:58:55.592,1.15435,1.15438,1.25,4.12
2018.08.09 18:58:56.124,1.15435,1.15438,1.19,3.56
2018.08.09 18:58:56.845,1.15435,1.15438,1.25,2.25
2018.08.09 18:58:57.351,1.15435,1.15438,2.06,2.06
2018.08.09 18:59:00.014,1.15435,1.15437,2.06,1.00
2018.08.09 18:59:01.154,1.15434,1.15437,2.44,1.12
2018.08.09 18:59:01.717,1.15434,1.15438,4.12,2.44
2018.08.09 18:59:02.236,1.15438,1.1544,2.31,6.45
2018.08.09 18:59:02.289,1.15436,1.15439,2.25,2.25
2018.08.09 18:59:02.823,1.15436,1.15439,1.50,7.95
2018.08.09 18:59:03.396,1.15435,1.15439,1.00,8.70
2018.08.09 18:59:03.914,1.15435,1.15438,1.25,4.95
2018.08.09 18:59:04.429,1.15436,1.15438,1.00,2.25
2018.08.09 18:59:05.092,1.15435,1.15438,1.87,1.20
2018.08.09 18:59:05.457,1.15435,1.15436,1.87,1.12
2018.08.09 18:59:05.563,1.15431,1.15433,1.00,3.00
2018.08.09 18:59:06.071,1.15431,1.15433,1.00,2.10
2018.08.09 18:59:06.502,1.15431,1.15434,2.25,3.37
2018.08.09 18:59:07.041,1.15431,1.15433,3.00,1.00
2018.08.09 18:59:07.690,1.15431,1.15434,2.25,4.80
2018.08.09 18:59:08.002,1.15434,1.15436,1.00,6.82
2018.08.09 18:59:08.108,1.15431,1.15434,1.50,1.12
2018.08.09 18:59:08.652,1.1543,1.15433,2.62,1.00
2018.08.09 18:59:09.174,1.1543,1.15434,2.62,3.07
2018.08.09 18:59:09.356,1.1543,1.15434,2.62,6.11
2018.08.09 18:59:09.900,1.15431,1.15433,1.12,1.50
2018.08.09 18:59:13.175,1.15432,1.15434,1.12,1.00
2018.08.09 18:59:13.497,1.15427,1.15428,6.75,1.00
2018.08.09 18:59:13.551,1.15426,1.15427,1.00,2.66
2018.08.09 18:59:13.716,1.15428,1.15429,1.00,1.95
2018.08.09 18:59:14.061,1.15429,1.15433,5.44,4.20
2018.08.09 18:59:14.575,1.1543,1.15434,1.12,3.45
2018.08.09 18:59:15.417,1.1543,1.15433,3.00,1.95
2018.08.09 18:59:16.090,1.1543,1.15433,3.75,3.07
2018.08.09 18:59:16.641,1.1543,1.15433,1.00,3.45
2018.08.09 18:59:17.363,1.15431,1.15433,1.00,2.25
2018.08.09 18:59:17.896,1.15431,1.15434,1.00,3.07
2018.08.09 18:59:18.439,1.15431,1.15433,1.50,1.12
2018.08.09 18:59:19.081,1.15431,1.15434,3.00,3.75
2018.08.09 18:59:19.625,1.1543,1.15433,1.00,1.10
2018.08.09 18:59:20.198,1.1543,1.15434,1.20,5.32
2018.08.09 18:59:20.711,1.15431,1.15433,1.00,1.12
2018.08.09 18:59:21.274,1.1543,1.15434,3.94,3.00
2018.08.09 18:59:21.795,1.15431,1.15434,1.00,3.00
2018.08.09 18:59:22.357,1.1543,1.15434,4.50,2.25
2018.08.09 18:59:22.566,1.15434,1.15436,3.85,5.32
2018.08.09 18:59:22.674,1.15439,1.15441,2.06,1.00
2018.08.09 18:59:22.726,1.15437,1.15439,6.00,1.00
2018.08.09 18:59:23.065,1.15434,1.15437,10.12,1.00
2018.08.09 18:59:23.608,1.15434,1.15438,14.25,1.50
2018.08.09 18:59:24.000,1.15434,1.15438,9.19,1.50
2018.08.09 18:59:24.210,1.15433,1.15434,2.25,1.25
2018.08.09 18:59:24.265,1.1543,1.15433,2.62,3.56
2018.08.09 18:59:24.318,1.1543,1.15433,1.50,4.69
2018.08.09 18:59:24.667,1.15428,1.15431,1.12,1.12
2018.08.09 18:59:25.183,1.15429,1.15432,2.25,1.87
2018.08.09 18:59:25.744,1.15429,1.15432,2.25,1.12
2018.08.09 18:59:27.059,1.15428,1.15432,5.70,1.12
2018.08.09 18:59:27.609,1.15429,1.15432,1.50,2.62
2018.08.09 18:59:28.368,1.15428,1.15432,6.82,1.12
2018.08.09 18:59:28.868,1.1543,1.15432,1.50,1.87
2018.08.09 18:59:29.393,1.15428,1.15432,15.37,1.00
2018.08.09 18:59:29.700,1.15426,1.15429,1.50,1.87
2018.08.09 18:59:30.219,1.15426,1.15429,1.25,4.91
2018.08.09 18:59:30.738,1.15425,1.15429,1.25,5.62
2018.08.09 18:59:31.292,1.15425,1.15429,1.00,3.00
2018.08.09 18:59:31.948,1.15425,1.15429,2.06,5.62
2018.08.09 18:59:32.532,1.15425,1.15429,1.87,7.65
2018.08.09 18:59:33.099,1.15424,1.15425,1.10,1.00
2018.08.09 18:59:33.153,1.15423,1.15425,5.62,1.12
2018.08.09 18:59:33.618,1.15425,1.15427,2.81,3.07
2018.08.09 18:59:33.670,1.15426,1.15428,1.00,1.12
2018.08.09 18:59:34.047,1.15424,1.15428,2.25,1.87
2018.08.09 18:59:34.872,1.15424,1.15427,1.87,1.00
2018.08.09 18:59:35.443,1.15424,1.15428,1.87,1.87
2018.08.09 18:59:36.052,1.15424,1.15428,2.62,1.87
2018.08.09 18:59:37.193,1.15424,1.15427,1.87,4.87
2018.08.09 18:59:37.512,1.15423,1.15424,4.12,1.00
2018.08.09 18:59:37.617,1.1542,1.15423,2.44,3.45
2018.08.09 18:59:38.159,1.1542,1.15423,1.87,1.99
2018.08.09 18:59:38.905,1.15421,1.15423,1.00,3.26
2018.08.09 18:59:39.456,1.15421,1.15424,1.75,2.44
2018.08.09 18:59:39.510,1.15421,1.15424,1.50,2.25
2018.08.09 18:59:39.564,1.15423,1.15426,5.32,3.75
2018.08.09 18:59:39.725,1.15424,1.15428,2.25,2.32
2018.08.09 18:59:40.226,1.15424,1.15429,1.10,7.99
2018.08.09 18:59:40.280,1.15424,1.15425,1.12,1.00
2018.08.09 18:59:40.335,1.15423,1.15427,6.45,4.12
2018.08.09 18:59:40.917,1.15423,1.15424,5.33,1.00
2018.08.09 18:59:41.023,1.1542,1.15424,4.20,1.00
2018.08.09 18:59:42.040,1.1542,1.15424,3.00,4.12
2018.08.09 18:59:42.248,1.15422,1.15424,1.00,1.00
2018.08.09 18:59:42.530,1.15424,1.15428,1.87,5.17
2018.08.09 18:59:44.117,1.15425,1.15428,1.00,2.62
2018.08.09 18:59:44.677,1.15424,1.15428,1.87,1.87
2018.08.09 18:59:44.783,1.15425,1.15428,3.00,1.87
2018.08.09 18:59:46.084,1.15425,1.15428,2.06,1.00
2018.08.09 18:59:46.600,1.15425,1.15429,1.87,4.87
2018.08.09 18:59:47.130,1.15425,1.15428,3.56,1.00
2018.08.09 18:59:47.447,1.15428,1.1543,1.12,2.32
2018.08.09 18:59:47.822,1.15424,1.15427,7.57,1.35
2018.08.09 18:59:47.875,1.15425,1.15428,2.62,2.62
2018.08.09 18:59:48.391,1.15425,1.15428,1.87,1.50
2018.08.09 18:59:48.932,1.15425,1.15428,2.25,2.62
2018.08.09 18:59:49.471,1.15425,1.15428,1.50,3.37
2018.08.09 18:59:50.099,1.15425,1.15428,2.25,2.70
2018.08.09 18:59:52.470,1.15425,1.15428,1.87,4.01
2018.08.09 18:59:53.085,1.15425,1.15429,2.70,1.87
2018.08.09 18:59:54.697,1.15427,1.15429,1.00,5.25
2018.08.09 18:59:55.062,1.15425,1.15428,4.31,2.06
2018.08.09 18:59:56.104,1.15423,1.15428,7.20,6.64
2018.08.09 18:59:56.783,1.15424,1.15427,1.50,1.69
2018.08.09 18:59:57.295,1.15424,1.15427,1.87,1.31
2018.08.09 18:59:57.605,1.15423,1.15425,3.82,1.12
2018.08.09 18:59:58.211,1.15423,1.15426,4.87,1.12
2018.08.09 18:59:59.110,1.15423,1.15427,1.10,5.89
2018.08.09 18:59:59.661,1.15424,1.15427,1.87,3.37
