2018.08.16 05:00:00.209,1.1383,1.13834,1.25,6.82
2018.08.16 05:00:00.373,1.13831,1.13834,1.50,1.00
2018.08.16 05:00:01.223,1.13831,1.13835,2.25,2.51
2018.08.16 05:00:01.585,1.1383,1.13833,1.57,1.69
2018.08.16 05:00:02.121,1.1383,1.13832,1.00,1.69
2018.08.16 05:00:02.622,1.1383,1.13832,1.00,3.19
2018.08.16 05:00:02.674,1.13828,1.13831,1.12,1.12
2018.08.16 05:00:03.217,1.13827,1.1383,1.57,1.12
2018.08.16 05:00:03.730,1.13828,1.1383,1.00,1.12
2018.08.16 05:00:03.833,1.13826,1.13827,1.00,1.00
2018.08.16 05:00:03.937,1.13824,1.13827,1.00,3.37
2018.08.16 05:00:04.461,1.13823,1.13827,1.87,3.00
2018.08.16 05:00:05.324,1.13823,1.13826,1.25,1.25
2018.08.16 05:00:05.856,1.13823,1.13825,1.25,1.25
2018.08.16 05:00:05.907,1.13821,1.13822,1.10,1.00
2018.08.16 05:00:06.011,1.13818,1.13821,3.07,1.00
2018.08.16 05:00:06.562,1.13818,1.1382,1.31,1.69
2018.08.16 05:00:07.409,1.13817,1.13821,1.62,2.44
2018.08.16 05:00:07.996,1.13817,1.13821,1.25,2.44
2018.08.16 05:00:09.144,1.13817,1.1382,2.44,1.00
2018.08.16 05:00:09.941,1.13817,1.13821,1.25,2.44
2018.08.16 05:00:11.267,1.13817,1.1382,1.50,1.00
2018.08.16 05:00:11.553,1.13818,1.13821,1.31,1.69
2018.08.16 05:00:11.655,1.13817,1.13821,2.25,2.62
2018.08.16 05:00:12.941,1.13816,1.13819,1.57,3.56
2018.08.16 05:00:13.445,1.13816,1.13821,3.37,4.39
2018.08.16 05:00:14.364,1.13817,1.1382,1.12,1.00
2018.08.16 05:00:14.908,1.13816,1.13821,4.12,3.64
2018.08.16 05:00:16.075,1.13818,1.1382,1.00,1.00
2018.08.16 05:00:18.284,1.13817,1.1382,2.62,1.00
2018.08.16 05:00:18.939,1.13817,1.13819,1.00,1.00
2018.08.16 05:00:20.743,1.13817,1.13819,1.19,1.50
2018.08.16 05:00:21.270,1.13817,1.13819,1.00,1.50
2018.08.16 05:00:22.626,1.13819,1.13822,1.19,6.07
2018.08.16 05:00:23.171,1.13821,1.13823,1.00,1.12
2018.08.16 05:00:23.630,1.13819,1.13822,1.87,1.25
2018.08.16 05:00:23.786,1.1382,1.13824,1.62,4.57
2018.08.16 05:00:25.378,1.13821,1.13825,4.76,1.39
2018.08.16 05:00:26.714,1.13821,1.13824,3.00,1.69
2018.08.16 05:00:32.260,1.13819,1.13822,1.95,1.50
2018.08.16 05:00:32.858,1.13817,1.13821,8.32,1.00
2018.08.16 05:00:33.161,1.1382,1.13824,3.00,1.39
2018.08.16 05:00:33.553,1.13821,1.13824,1.76,1.00
2018.08.16 05:00:34.170,1.13821,1.13825,1.50,1.25
2018.08.16 05:00:34.730,1.13821,1.13825,1.25,1.25
2018.08.16 05:00:35.240,1.13821,1.13824,1.25,1.00
2018.08.16 05:00:36.758,1.13821,1.13825,1.50,4.76
2018.08.16 05:00:37.297,1.13821,1.13825,1.50,5.14
2018.08.16 05:00:37.968,1.13821,1.13825,1.10,4.39
2018.08.16 05:00:40.187,1.13821,1.13824,3.07,1.00
2018.08.16 05:00:40.696,1.13821,1.13825,1.10,2.14
2018.08.16 05:00:42.225,1.13819,1.13822,10.39,1.25
2018.08.16 05:00:42.329,1.13818,1.13822,6.07,1.10
2018.08.16 05:00:42.898,1.13818,1.13822,2.62,2.44
2018.08.16 05:00:45.164,1.13818,1.1382,2.62,1.00
2018.08.16 05:00:47.194,1.13817,1.13819,2.62,1.00
2018.08.16 05:00:48.536,1.13817,1.13819,1.69,1.00
2018.08.16 05:00:48.747,1.13819,1.13821,2.44,1.25
2018.08.16 05:00:48.853,1.13821,1.13823,1.00,1.12
2018.08.16 05:00:49.096,1.13821,1.13825,2.44,3.19
2018.08.16 05:00:49.606,1.13821,1.13825,4.76,1.00
2018.08.16 05:00:50.109,1.13821,1.13825,6.19,1.00
2018.08.16 05:00:50.440,1.13823,1.13826,2.06,1.00
2018.08.16 05:00:50.993,1.13823,1.13825,2.44,1.00
2018.08.16 05:00:51.486,1.13821,1.13824,1.31,3.00
2018.08.16 05:00:52.075,1.1382,1.13822,2.62,1.00
2018.08.16 05:00:52.179,1.13819,1.13823,2.32,2.81
2018.08.16 05:00:52.335,1.13819,1.13821,1.10,1.31
2018.08.16 05:00:52.444,1.13817,1.1382,1.00,1.00
2018.08.16 05:00:52.497,1.13815,1.13817,1.20,2.44
2018.08.16 05:00:52.657,1.13812,1.13816,3.64,1.12
2018.08.16 05:00:53.144,1.13812,1.13815,1.10,2.06
2018.08.16 05:00:56.106,1.13813,1.13815,3.75,1.37
2018.08.16 05:00:57.095,1.13812,1.13815,4.69,1.87
2018.08.16 05:01:01.052,1.13811,1.13812,1.00,1.00
2018.08.16 05:01:01.258,1.13809,1.13812,1.00,1.12
2018.08.16 05:01:01.777,1.13809,1.13811,1.50,1.00
2018.08.16 05:01:02.358,1.13811,1.13814,1.31,3.26
2018.08.16 05:01:02.890,1.13811,1.13814,2.44,1.00
2018.08.16 05:01:03.397,1.13811,1.13814,1.69,1.00
2018.08.16 05:01:04.039,1.13811,1.13814,1.25,1.00
2018.08.16 05:01:07.951,1.13811,1.13814,1.31,1.25
2018.08.16 05:01:08.468,1.13811,1.13814,2.81,1.25
2018.08.16 05:01:10.756,1.13811,1.13814,1.69,1.31
2018.08.16 05:01:11.350,1.13811,1.13814,1.69,1.25
2018.08.16 05:01:12.118,1.13811,1.13814,1.69,1.25
2018.08.16 05:01:13.191,1.1381,1.13814,5.51,1.25
2018.08.16 05:01:14.040,1.1381,1.13814,5.14,1.25
2018.08.16 05:01:14.471,1.13816,1.13817,1.12,1.12
2018.08.16 05:01:14.579,1.13824,1.13827,5.25,2.51
2018.08.16 05:01:14.687,1.13825,1.13827,1.50,1.00
2018.08.16 05:01:14.825,1.13826,1.13827,1.00,1.00
2018.08.16 05:01:14.879,1.13825,1.13829,1.31,1.12
2018.08.16 05:01:15.398,1.13826,1.13829,1.00,1.12
2018.08.16 05:01:18.072,1.13825,1.13828,3.07,1.00
2018.08.16 05:01:18.237,1.13823,1.13827,5.32,1.25
2018.08.16 05:01:18.296,1.13823,1.13825,2.32,1.00
2018.08.16 05:01:19.668,1.13825,1.13828,1.50,2.32
2018.08.16 05:01:20.137,1.13825,1.13829,2.06,1.31
2018.08.16 05:01:25.777,1.13826,1.13829,1.00,2.62
2018.08.16 05:01:25.830,1.13825,1.13826,2.62,1.00
2018.08.16 05:01:25.935,1.13823,1.13825,2.32,1.00
2018.08.16 05:01:27.054,1.13821,1.13823,1.57,1.00
2018.08.16 05:01:27.374,1.13819,1.13821,1.00,1.00
2018.08.16 05:01:30.542,1.13822,1.13823,1.00,4.20
2018.08.16 05:01:30.649,1.13825,1.13827,4.50,1.00
2018.08.16 05:01:30.754,1.13825,1.13829,5.32,2.70
2018.08.16 05:01:30.859,1.13825,1.13827,1.87,1.00
2018.08.16 05:01:31.403,1.13826,1.13828,1.12,1.00
2018.08.16 05:01:32.190,1.13824,1.13828,4.20,1.31
2018.08.16 05:01:32.502,1.13823,1.13825,4.12,1.00
2018.08.16 05:01:33.095,1.13824,1.13825,1.10,1.00
2018.08.16 05:01:33.673,1.13825,1.13828,1.12,2.32
2018.08.16 05:01:34.211,1.13824,1.13828,2.25,1.62
2018.08.16 05:01:34.526,1.13822,1.13825,1.07,2.06
2018.08.16 05:01:34.940,1.1383,1.13834,4.87,1.10
2018.08.16 05:01:35.457,1.13831,1.13834,2.25,1.00
2018.08.16 05:01:36.645,1.1383,1.13833,2.14,1.00
2018.08.16 05:01:37.935,1.1383,1.13832,3.00,1.00
2018.08.16 05:01:38.487,1.13831,1.13833,1.12,1.00
2018.08.16 05:01:39.405,1.1383,1.13833,1.12,5.25
2018.08.16 05:01:40.007,1.13831,1.13833,1.10,1.00
2018.08.16 05:01:58.004,1.13832,1.13833,1.00,1.00
2018.08.16 05:01:58.515,1.13831,1.13833,1.10,1.00
2018.08.16 05:02:01.116,1.1383,1.13832,2.25,1.00
2018.08.16 05:02:01.634,1.1383,1.13833,3.64,1.31
2018.08.16 05:02:03.874,1.1383,1.13832,4.31,1.25
2018.08.16 05:02:04.244,1.13831,1.13834,2.25,2.70
2018.08.16 05:02:13.646,1.13832,1.13834,1.25,1.00
2018.08.16 05:02:13.767,1.13835,1.13836,1.25,2.32
2018.08.16 05:02:13.830,1.13835,1.13838,3.19,1.20
2018.08.16 05:02:13.885,1.13837,1.13839,1.50,1.12
2018.08.16 05:02:20.539,1.13836,1.13839,1.50,1.42
2018.08.16 05:02:20.851,1.13836,1.13837,1.50,1.00
2018.08.16 05:02:23.035,1.13835,1.13837,1.69,1.00
2018.08.16 05:02:23.345,1.13837,1.13838,1.00,1.00
2018.08.16 05:02:23.861,1.13836,1.13839,3.19,2.25
2018.08.16 05:02:24.748,1.13837,1.13839,1.19,1.50
2018.08.16 05:02:25.379,1.13837,1.13839,3.19,1.00
2018.08.16 05:02:25.591,1.13842,1.13845,1.50,1.20
2018.08.16 05:02:26.134,1.13842,1.13846,2.44,1.95
2018.08.16 05:02:27.797,1.13842,1.13845,2.25,1.10
2018.08.16 05:02:29.182,1.13842,1.13845,1.00,3.94
2018.08.16 05:02:29.236,1.1384,1.13842,1.00,4.31
2018.08.16 05:02:29.290,1.13837,1.13841,4.76,3.37
2018.08.16 05:02:29.344,1.1384,1.13842,1.00,6.26
2018.08.16 05:02:29.564,1.13837,1.13841,1.87,2.44
2018.08.16 05:02:30.251,1.13837,1.1384,7.31,1.00
2018.08.16 05:02:30.637,1.13839,1.13841,1.19,1.50
2018.08.16 05:02:31.040,1.13841,1.13843,1.00,1.57
2018.08.16 05:02:31.640,1.13841,1.13843,2.06,1.00
2018.08.16 05:02:31.799,1.13842,1.13845,1.12,2.51
2018.08.16 05:02:32.218,1.13844,1.13846,1.69,1.10
2018.08.16 05:02:32.323,1.13845,1.13848,1.12,1.50
2018.08.16 05:02:32.874,1.13844,1.13848,1.12,3.64
2018.08.16 05:02:33.295,1.13849,1.1385,1.50,3.75
2018.08.16 05:02:33.354,1.13851,1.13854,3.19,1.50
2018.08.16 05:02:33.406,1.13849,1.13851,11.51,1.00
2018.08.16 05:02:33.511,1.13849,1.1385,1.12,1.00
2018.08.16 05:02:34.018,1.13848,1.1385,1.00,1.12
2018.08.16 05:02:34.280,1.13846,1.1385,1.25,2.70
2018.08.16 05:02:35.196,1.13847,1.1385,1.00,3.07
2018.08.16 05:02:36.080,1.13846,1.1385,2.62,5.44
2018.08.16 05:02:36.597,1.13846,1.13848,1.69,1.00
2018.08.16 05:02:37.144,1.13846,1.13849,1.69,1.00
2018.08.16 05:02:37.677,1.13845,1.13847,2.44,1.00
2018.08.16 05:02:37.784,1.13845,1.13849,3.56,1.57
2018.08.16 05:02:38.290,1.13846,1.13849,1.00,1.95
2018.08.16 05:02:39.581,1.13845,1.13848,5.81,1.00
2018.08.16 05:02:40.123,1.13845,1.13849,9.75,3.11
2018.08.16 05:02:40.650,1.13845,1.13849,1.25,5.70
2018.08.16 05:02:41.044,1.13844,1.13848,2.06,1.37
2018.08.16 05:02:41.197,1.13842,1.13846,6.64,3.37
2018.08.16 05:02:41.668,1.13839,1.1384,3.45,1.35
2018.08.16 05:02:41.721,1.13836,1.13838,1.31,1.00
2018.08.16 05:02:41.997,1.13836,1.1384,4.87,1.76
2018.08.16 05:02:42.101,1.13839,1.13841,1.00,1.12
2018.08.16 05:02:42.616,1.1384,1.13842,1.00,1.00
2018.08.16 05:02:42.821,1.13838,1.13842,1.39,1.50
2018.08.16 05:02:43.080,1.13837,1.13839,1.25,1.00
2018.08.16 05:02:43.287,1.13837,1.13841,3.82,1.10
2018.08.16 05:02:44.011,1.13837,1.13841,2.06,1.50
2018.08.16 05:02:44.219,1.13836,1.1384,1.69,3.19
2018.08.16 05:02:44.971,1.13836,1.13839,1.69,1.10
2018.08.16 05:02:45.562,1.13836,1.1384,2.44,2.25
2018.08.16 05:02:46.851,1.13837,1.1384,4.69,1.00
2018.08.16 05:02:47.397,1.13838,1.13841,1.19,1.00
2018.08.16 05:02:47.553,1.13836,1.1384,3.56,1.10
2018.08.16 05:02:48.459,1.13836,1.13839,2.70,1.25
2018.08.16 05:02:48.980,1.13836,1.1384,6.26,1.00
2018.08.16 05:02:49.735,1.13838,1.13841,1.00,1.12
2018.08.16 05:02:50.322,1.13837,1.13841,1.20,1.10
2018.08.16 05:02:50.871,1.13836,1.1384,1.95,2.89
2018.08.16 05:02:51.029,1.13837,1.1384,3.07,1.00
2018.08.16 05:02:51.340,1.13841,1.13844,1.00,3.75
2018.08.16 05:02:51.446,1.13841,1.13844,1.25,1.12
2018.08.16 05:02:53.892,1.13841,1.13844,1.20,1.12
2018.08.16 05:02:54.410,1.13841,1.13844,1.50,1.87
2018.08.16 05:02:54.541,1.1384,1.13842,1.50,1.00
2018.08.16 05:02:54.595,1.13839,1.13841,1.12,5.44
2018.08.16 05:02:54.648,1.13836,1.13837,1.10,1.00
2018.08.16 05:02:54.808,1.13832,1.13834,2.25,2.47
2018.08.16 05:02:55.072,1.13831,1.13835,1.31,1.12
2018.08.16 05:02:55.228,1.13831,1.13835,2.44,2.06
2018.08.16 05:02:55.545,1.13836,1.13838,2.75,9.26
2018.08.16 05:02:55.652,1.13837,1.13841,1.50,6.07
2018.08.16 05:02:56.174,1.13837,1.1384,1.50,1.00
2018.08.16 05:02:56.694,1.13837,1.1384,2.83,1.00
2018.08.16 05:02:59.140,1.13842,1.13843,1.50,3.64
2018.08.16 05:02:59.245,1.13844,1.13846,3.75,1.50
2018.08.16 05:02:59.298,1.13847,1.13849,1.69,1.50
2018.08.16 05:02:59.403,1.13847,1.13851,3.94,2.06
2018.08.16 05:03:00.091,1.13847,1.1385,1.50,1.12
2018.08.16 05:03:00.922,1.13846,1.1385,2.25,2.06
2018.08.16 05:03:01.670,1.13846,1.1385,4.18,2.44
2018.08.16 05:03:02.318,1.13847,1.1385,2.62,4.69
2018.08.16 05:03:02.904,1.13846,1.1385,2.25,1.69
2018.08.16 05:03:04.233,1.13847,1.1385,1.25,3.19
2018.08.16 05:03:05.586,1.13846,1.1385,2.25,1.69
2018.08.16 05:03:06.200,1.13846,1.1385,2.25,1.69
2018.08.16 05:03:06.875,1.13846,1.1385,2.25,1.69
2018.08.16 05:03:07.523,1.13847,1.1385,1.25,2.44
2018.08.16 05:03:08.771,1.13846,1.1385,2.44,1.50
2018.08.16 05:03:09.457,1.13851,1.13853,2.06,1.00
2018.08.16 05:03:09.616,1.13849,1.13852,2.25,3.19
2018.08.16 05:03:10.147,1.13848,1.13852,1.00,7.01
2018.08.16 05:03:10.697,1.13848,1.13851,1.69,2.81
2018.08.16 05:03:11.199,1.13847,1.13851,4.12,2.25
2018.08.16 05:03:12.287,1.13847,1.13851,1.12,2.81
2018.08.16 05:03:13.319,1.13848,1.13851,1.00,1.50
2018.08.16 05:03:13.841,1.13849,1.13851,1.25,1.00
2018.08.16 05:03:14.350,1.13854,1.13855,2.44,1.39
2018.08.16 05:03:14.457,1.13856,1.13858,1.50,1.50
2018.08.16 05:03:14.567,1.13861,1.13863,1.25,3.45
2018.08.16 05:03:14.755,1.13861,1.13865,1.25,2.14
2018.08.16 05:03:15.016,1.13863,1.13865,1.00,1.87
2018.08.16 05:03:15.561,1.13862,1.13866,4.20,1.25
2018.08.16 05:03:16.172,1.13869,1.13871,1.00,3.37
2018.08.16 05:03:16.275,1.13872,1.13874,1.00,1.50
2018.08.16 05:03:16.327,1.13875,1.13877,1.00,1.45
2018.08.16 05:03:16.378,1.13874,1.13877,4.50,1.00
2018.08.16 05:03:16.481,1.13876,1.13879,1.50,3.45
2018.08.16 05:03:16.768,1.13874,1.13878,8.89,1.50
2018.08.16 05:03:17.406,1.13874,1.13878,1.25,6.41
2018.08.16 05:03:17.966,1.13874,1.13877,1.00,2.44
2018.08.16 05:03:18.381,1.13876,1.1388,1.00,2.89
2018.08.16 05:03:18.892,1.13876,1.1388,1.00,8.14
2018.08.16 05:03:19.506,1.13876,1.13879,1.00,1.31
2018.08.16 05:03:20.211,1.13876,1.1388,1.31,4.87
2018.08.16 05:03:20.317,1.13876,1.13878,1.31,1.31
2018.08.16 05:03:20.916,1.13876,1.13879,1.25,1.20
2018.08.16 05:03:21.652,1.13876,1.1388,1.00,4.12
2018.08.16 05:03:24.069,1.13876,1.1388,1.00,3.07
2018.08.16 05:03:24.649,1.13876,1.13878,1.00,1.00
2018.08.16 05:03:24.966,1.13874,1.13876,2.51,1.25
2018.08.16 05:03:26.076,1.13874,1.13876,1.00,2.70
2018.08.16 05:03:26.290,1.13876,1.13878,1.31,1.00
2018.08.16 05:03:29.925,1.13873,1.13877,1.20,1.25
2018.08.16 05:03:30.594,1.13872,1.13874,2.25,1.00
2018.08.16 05:03:31.128,1.13872,1.13874,1.00,1.20
2018.08.16 05:03:31.640,1.13871,1.13874,1.87,1.20
2018.08.16 05:03:32.145,1.13871,1.13875,2.44,1.76
2018.08.16 05:03:32.674,1.13871,1.13875,1.69,2.14
2018.08.16 05:03:33.180,1.13871,1.13875,1.69,1.69
2018.08.16 05:03:34.519,1.13871,1.13875,1.12,4.16
2018.08.16 05:03:35.149,1.1387,1.13874,8.70,1.00
2018.08.16 05:03:35.663,1.1387,1.13874,9.45,1.00
2018.08.16 05:03:36.301,1.1387,1.13874,8.51,1.00
2018.08.16 05:03:36.930,1.13871,1.13874,2.81,1.25
2018.08.16 05:03:37.243,1.13869,1.1387,1.00,1.00
2018.08.16 05:03:37.761,1.13868,1.1387,1.00,1.00
2018.08.16 05:03:38.267,1.13866,1.1387,2.44,1.12
2018.08.16 05:03:38.610,1.13866,1.13868,1.10,1.00
2018.08.16 05:03:40.980,1.13864,1.13866,3.07,1.00
2018.08.16 05:03:41.509,1.13863,1.13865,1.12,1.00
2018.08.16 05:03:42.064,1.13862,1.13865,1.10,1.00
2018.08.16 05:03:49.693,1.13861,1.13862,1.00,1.00
2018.08.16 05:03:49.887,1.13861,1.13864,1.00,1.00
2018.08.16 05:03:50.420,1.13861,1.13865,3.64,1.25
2018.08.16 05:03:51.091,1.13864,1.13866,1.12,1.00
2018.08.16 05:03:51.708,1.13865,1.13867,1.10,1.00
2018.08.16 05:03:52.836,1.13866,1.13867,1.12,1.00
2018.08.16 05:03:53.645,1.13865,1.13866,1.12,1.00
2018.08.16 05:03:53.796,1.13862,1.13865,3.07,1.69
2018.08.16 05:03:54.439,1.13861,1.13865,5.06,1.50
2018.08.16 05:04:01.067,1.13861,1.13865,3.00,1.00
2018.08.16 05:04:02.907,1.13861,1.13864,1.12,1.00
2018.08.16 05:04:04.086,1.13861,1.13864,1.37,1.00
2018.08.16 05:04:04.674,1.13861,1.13864,1.12,1.00
2018.08.16 05:04:04.988,1.1386,1.13862,1.00,1.00
2018.08.16 05:04:05.097,1.13858,1.13861,3.82,1.72
2018.08.16 05:04:05.153,1.13861,1.13862,1.31,1.50
2018.08.16 05:04:05.679,1.13861,1.13863,2.44,1.00
2018.08.16 05:04:06.849,1.13861,1.13865,3.26,1.57
2018.08.16 05:04:07.371,1.13861,1.13865,2.89,1.10
2018.08.16 05:04:11.071,1.1386,1.13862,6.82,1.50
2018.08.16 05:04:11.387,1.13862,1.13864,1.12,1.00
2018.08.16 05:04:16.922,1.13862,1.13864,2.70,1.00
2018.08.16 05:04:17.236,1.13861,1.13863,2.70,1.00
2018.08.16 05:04:17.405,1.13859,1.13862,4.95,2.25
2018.08.16 05:04:17.515,1.13858,1.13861,1.20,3.56
2018.08.16 05:04:17.626,1.13856,1.13859,2.70,2.25
2018.08.16 05:04:17.732,1.13854,1.13858,2.70,3.75
2018.08.16 05:04:18.141,1.13855,1.13859,4.76,1.87
2018.08.16 05:04:18.459,1.13859,1.13861,1.50,1.20
2018.08.16 05:04:18.513,1.13861,1.13862,1.00,2.25
2018.08.16 05:04:18.567,1.13862,1.13864,1.00,2.70
2018.08.16 05:04:27.604,1.13862,1.13865,1.12,1.50
2018.08.16 05:04:27.658,1.13865,1.13867,1.69,7.95
2018.08.16 05:04:27.763,1.13865,1.13869,2.62,1.00
2018.08.16 05:04:27.868,1.13866,1.13869,1.37,1.00
2018.08.16 05:04:28.443,1.13866,1.13869,1.57,1.00
2018.08.16 05:04:29.426,1.13865,1.13867,2.32,1.50
2018.08.16 05:04:29.981,1.13863,1.13866,6.34,1.00
2018.08.16 05:04:30.347,1.13863,1.13866,4.09,1.12
2018.08.16 05:04:31.029,1.13863,1.13866,3.34,1.12
2018.08.16 05:04:31.866,1.13864,1.13868,1.39,3.75
2018.08.16 05:04:32.517,1.13864,1.13868,1.95,1.87
2018.08.16 05:04:32.829,1.13865,1.13868,4.01,1.00
2018.08.16 05:04:33.136,1.13864,1.13867,1.87,3.75
2018.08.16 05:04:33.434,1.1386,1.13864,7.20,1.50
2018.08.16 05:04:34.063,1.13862,1.13864,1.00,1.00
2018.08.16 05:04:37.194,1.1386,1.13861,1.57,3.00
2018.08.16 05:04:37.299,1.13858,1.1386,1.10,1.00
2018.08.16 05:04:37.537,1.1386,1.13863,4.31,1.45
2018.08.16 05:04:37.593,1.13861,1.13864,1.00,1.12
2018.08.16 05:04:38.443,1.13861,1.13865,1.10,2.25
2018.08.16 05:04:39.092,1.13861,1.13864,1.10,1.00
2018.08.16 05:04:39.679,1.13861,1.13865,1.10,3.00
2018.08.16 05:04:40.282,1.13861,1.13865,1.57,1.12
2018.08.16 05:04:41.092,1.13861,1.13864,2.32,1.00
2018.08.16 05:04:41.639,1.13861,1.13865,1.20,2.62
2018.08.16 05:04:41.937,1.13864,1.13866,3.75,1.12
2018.08.16 05:04:42.043,1.13865,1.13869,3.82,1.87
2018.08.16 05:04:42.549,1.13865,1.13869,5.89,4.12
2018.08.16 05:04:42.652,1.13865,1.13867,2.70,1.00
2018.08.16 05:04:42.961,1.13863,1.13865,1.00,1.00
2018.08.16 05:04:45.170,1.13861,1.13864,3.82,1.00
2018.08.16 05:04:45.486,1.13858,1.13861,1.95,1.12
2018.08.16 05:04:46.068,1.13858,1.13861,1.00,1.12
2018.08.16 05:04:46.575,1.13858,1.1386,1.00,1.00
2018.08.16 05:04:48.520,1.13859,1.13863,2.25,4.12
2018.08.16 05:04:48.729,1.13861,1.13864,1.01,1.50
2018.08.16 05:04:49.493,1.13861,1.13865,1.39,1.87
2018.08.16 05:04:50.435,1.13861,1.13865,1.39,3.37
2018.08.16 05:04:51.390,1.13861,1.13863,1.00,1.00
2018.08.16 05:04:52.387,1.1386,1.13863,1.10,1.19
2018.08.16 05:04:52.497,1.1386,1.13864,3.07,1.50
2018.08.16 05:04:53.159,1.13861,1.13865,1.01,4.50
2018.08.16 05:04:53.700,1.13861,1.13864,1.25,1.00
2018.08.16 05:04:54.412,1.13861,1.13865,1.25,4.87
2018.08.16 05:04:55.007,1.13861,1.13864,1.25,1.00
2018.08.16 05:04:55.508,1.1386,1.13861,1.20,1.25
2018.08.16 05:04:55.720,1.13857,1.13859,1.95,1.00
2018.08.16 05:04:56.423,1.13857,1.1386,3.07,1.87
2018.08.16 05:04:57.161,1.13857,1.13859,2.70,1.00
2018.08.16 05:04:57.569,1.1386,1.13862,1.50,1.50
2018.08.16 05:04:57.676,1.13865,1.13866,1.12,4.95
2018.08.16 05:04:57.811,1.13865,1.13868,2.81,1.87
2018.08.16 05:04:58.393,1.13866,1.13868,1.10,1.00
2018.08.16 05:05:02.659,1.13866,1.13869,3.64,1.00
2018.08.16 05:05:02.915,1.13864,1.13866,2.32,1.00
2018.08.16 05:05:03.224,1.1386,1.13864,5.32,1.50
2018.08.16 05:05:03.359,1.1386,1.13863,1.10,1.00
2018.08.16 05:05:03.960,1.1386,1.13863,3.82,1.00
2018.08.16 05:05:04.594,1.1386,1.13862,1.20,2.25
2018.08.16 05:05:04.701,1.13857,1.13861,3.45,3.00
2018.08.16 05:05:05.251,1.13858,1.13862,1.57,2.62
2018.08.16 05:05:07.762,1.1386,1.13862,2.25,1.00
2018.08.16 05:05:08.286,1.13861,1.13863,1.95,1.00
2018.08.16 05:05:11.300,1.13861,1.13865,2.32,1.87
2018.08.16 05:05:11.453,1.13861,1.13864,1.95,3.94
2018.08.16 05:05:11.506,1.13859,1.13862,1.10,1.00
2018.08.16 05:05:11.557,1.13858,1.1386,1.20,1.00
2018.08.16 05:05:11.713,1.13857,1.13861,1.20,3.00
2018.08.16 05:05:12.361,1.13857,1.13861,1.20,3.00
2018.08.16 05:05:12.641,1.1386,1.13863,2.62,4.95
2018.08.16 05:05:13.259,1.1386,1.13864,8.51,2.62
2018.08.16 05:05:13.568,1.1386,1.13863,1.20,1.19
2018.08.16 05:05:13.621,1.1386,1.13864,3.64,2.62
2018.08.16 05:05:14.179,1.1386,1.13864,3.64,1.87
2018.08.16 05:05:14.601,1.1386,1.13864,10.57,2.25
2018.08.16 05:05:15.139,1.1386,1.13864,6.07,1.00
2018.08.16 05:05:15.486,1.13867,1.13869,1.00,1.12
2018.08.16 05:05:16.066,1.13867,1.13871,1.20,6.37
2018.08.16 05:05:17.364,1.13871,1.13872,1.00,1.00
2018.08.16 05:05:17.469,1.1387,1.13874,4.57,1.00
2018.08.16 05:05:17.574,1.13872,1.13874,1.00,1.00
2018.08.16 05:05:18.087,1.13871,1.13875,3.07,3.00
2018.08.16 05:05:22.820,1.1387,1.13871,3.07,1.35
2018.08.16 05:05:22.927,1.13868,1.13871,1.00,1.12
2018.08.16 05:05:23.456,1.13868,1.13872,1.00,4.31
2018.08.16 05:05:24.485,1.1387,1.13872,1.00,1.00
2018.08.16 05:05:24.539,1.13871,1.13874,1.87,1.00
2018.08.16 05:05:25.581,1.13871,1.13875,1.00,3.75
2018.08.16 05:05:26.100,1.13872,1.13875,1.10,1.00
2018.08.16 05:05:27.919,1.13873,1.13877,1.00,5.89
2018.08.16 05:05:27.971,1.13876,1.13878,1.87,3.90
2018.08.16 05:05:28.022,1.13876,1.13879,3.82,1.12
2018.08.16 05:05:28.485,1.13875,1.13879,1.10,1.87
2018.08.16 05:05:28.994,1.13875,1.13878,1.10,1.50
2018.08.16 05:05:29.204,1.13872,1.13876,4.57,2.62
2018.08.16 05:05:29.751,1.13871,1.13876,3.82,1.20
2018.08.16 05:05:30.297,1.13871,1.13875,1.07,1.87
2018.08.16 05:05:32.046,1.13871,1.13875,5.89,1.00
2018.08.16 05:05:32.152,1.13872,1.13877,3.45,4.57
2018.08.16 05:05:32.658,1.13873,1.13876,1.10,1.00
2018.08.16 05:05:33.194,1.13873,1.13875,1.20,1.00
2018.08.16 05:05:35.730,1.13873,1.13875,1.00,2.81
2018.08.16 05:05:36.300,1.13873,1.13875,1.00,1.00
2018.08.16 05:05:39.204,1.13875,1.13878,4.12,2.62
2018.08.16 05:05:39.258,1.13877,1.1388,1.12,1.87
2018.08.16 05:05:40.633,1.13877,1.13881,2.70,2.25
2018.08.16 05:05:40.741,1.13879,1.13884,5.14,1.95
2018.08.16 05:05:40.847,1.1388,1.13884,3.37,1.00
2018.08.16 05:05:41.398,1.13882,1.13884,1.10,1.00
2018.08.16 05:05:45.057,1.1388,1.13883,3.15,1.00
2018.08.16 05:05:45.720,1.13879,1.13883,1.95,1.00
2018.08.16 05:05:46.247,1.1388,1.13883,1.00,1.50
2018.08.16 05:05:49.263,1.13877,1.1388,4.20,1.00
2018.08.16 05:05:49.374,1.13874,1.13877,1.55,1.50
2018.08.16 05:05:49.428,1.13873,1.13876,1.20,3.00
2018.08.16 05:05:50.252,1.13872,1.13876,3.45,1.25
2018.08.16 05:05:52.112,1.13872,1.13876,3.07,2.06
2018.08.16 05:05:52.676,1.13872,1.13876,2.70,2.06
2018.08.16 05:05:53.381,1.13872,1.13875,1.10,1.00
2018.08.16 05:05:53.949,1.13872,1.13874,1.10,1.00
2018.08.16 05:05:56.470,1.1387,1.13873,2.89,1.50
2018.08.16 05:05:57.248,1.13871,1.13875,2.32,2.25
2018.08.16 05:05:57.306,1.13872,1.13876,1.87,1.50
2018.08.16 05:05:57.856,1.13872,1.13875,3.45,1.00
2018.08.16 05:05:58.366,1.13872,1.13875,3.07,1.00
2018.08.16 05:05:59.162,1.13872,1.13875,1.87,1.12
2018.08.16 05:05:59.529,1.1387,1.13874,1.76,1.50
2018.08.16 05:05:59.685,1.1387,1.13872,1.10,1.50
2018.08.16 05:06:00.103,1.13868,1.13871,1.12,3.00
2018.08.16 05:06:01.307,1.13867,1.1387,1.50,1.00
2018.08.16 05:06:02.087,1.13867,1.1387,1.12,1.00
2018.08.16 05:06:02.840,1.13868,1.1387,1.00,1.00
2018.08.16 05:06:03.313,1.13866,1.1387,5.25,1.87
2018.08.16 05:06:03.472,1.13865,1.13868,2.77,1.00
2018.08.16 05:06:03.732,1.13863,1.13867,3.07,1.87
2018.08.16 05:06:03.847,1.13865,1.13868,2.25,1.10
2018.08.16 05:06:04.480,1.13866,1.13869,1.50,1.00
2018.08.16 05:06:07.358,1.13866,1.13869,4.12,1.00
2018.08.16 05:06:07.887,1.13867,1.13869,1.50,1.00
2018.08.16 05:06:08.217,1.13866,1.13869,6.52,1.00
2018.08.16 05:06:09.205,1.13866,1.1387,5.96,1.00
2018.08.16 05:06:09.364,1.13865,1.13869,2.40,1.37
2018.08.16 05:06:10.120,1.13863,1.13866,3.82,1.00
2018.08.16 05:06:10.174,1.13863,1.13866,1.10,1.50
2018.08.16 05:06:10.647,1.13862,1.13864,1.25,1.00
2018.08.16 05:06:11.234,1.13861,1.13864,3.94,1.00
2018.08.16 05:06:12.335,1.13861,1.13865,4.57,1.12
2018.08.16 05:06:12.939,1.13861,1.13865,4.12,1.25
2018.08.16 05:06:13.569,1.13862,1.13865,1.25,1.50
2018.08.16 05:06:14.231,1.13861,1.13865,2.62,1.31
2018.08.16 05:06:16.443,1.13861,1.13865,3.07,1.31
2018.08.16 05:06:17.297,1.1386,1.13861,2.70,1.00
2018.08.16 05:06:17.356,1.13857,1.13859,5.40,1.00
2018.08.16 05:06:17.462,1.13856,1.1386,1.39,1.69
2018.08.16 05:06:17.623,1.13855,1.13858,2.02,1.87
2018.08.16 05:06:17.789,1.13853,1.13857,3.26,1.12
2018.08.16 05:06:18.562,1.13853,1.13857,2.51,1.69
2018.08.16 05:06:19.104,1.13854,1.13856,4.09,1.00
2018.08.16 05:06:19.651,1.13853,1.13857,3.26,1.00
2018.08.16 05:06:20.191,1.13853,1.13857,2.51,1.00
2018.08.16 05:06:20.817,1.13854,1.13857,1.00,1.00
2018.08.16 05:06:21.682,1.13853,1.13856,1.20,1.00
2018.08.16 05:06:22.189,1.13854,1.13856,1.25,1.00
2018.08.16 05:06:22.828,1.13855,1.13858,3.75,1.00
2018.08.16 05:06:22.916,1.13855,1.1386,4.39,1.12
2018.08.16 05:06:22.969,1.13857,1.1386,1.00,1.12
2018.08.16 05:06:23.122,1.13855,1.13859,1.10,1.87
2018.08.16 05:06:23.925,1.13856,1.13859,1.00,1.00
2018.08.16 05:06:24.560,1.13855,1.13859,1.76,1.00
2018.08.16 05:06:24.844,1.13853,1.13857,2.32,1.00
2018.08.16 05:06:25.163,1.13847,1.1385,5.14,1.00
2018.08.16 05:06:25.216,1.13847,1.1385,3.45,1.00
2018.08.16 05:06:25.764,1.1385,1.13852,1.25,1.00
2018.08.16 05:06:26.014,1.13851,1.13856,6.45,2.44
2018.08.16 05:06:26.120,1.1385,1.13852,3.15,1.00
2018.08.16 05:06:26.173,1.13848,1.13851,1.07,2.25
2018.08.16 05:06:26.433,1.13847,1.13851,2.14,1.00
2018.08.16 05:06:27.022,1.13848,1.13851,1.00,1.00
2018.08.16 05:06:27.922,1.13848,1.13851,1.87,1.00
2018.08.16 05:06:28.026,1.1385,1.13854,2.62,2.06
2018.08.16 05:06:28.535,1.1385,1.13855,9.15,1.31
2018.08.16 05:06:29.064,1.13851,1.13855,1.76,1.31
2018.08.16 05:06:30.326,1.13851,1.13854,2.32,1.31
2018.08.16 05:06:30.496,1.13847,1.13851,2.51,2.25
2018.08.16 05:06:30.812,1.13846,1.13848,1.07,1.12
2018.08.16 05:06:31.139,1.13847,1.13851,8.06,1.00
2018.08.16 05:06:31.508,1.13848,1.1385,1.10,1.00
2018.08.16 05:06:31.856,1.13847,1.13851,3.64,1.25
2018.08.16 05:06:32.370,1.13847,1.13851,1.20,1.00
2018.08.16 05:06:33.308,1.13847,1.1385,1.00,1.12
2018.08.16 05:06:33.857,1.13845,1.13849,3.07,1.00
2018.08.16 05:06:34.379,1.13847,1.1385,1.12,1.95
2018.08.16 05:06:35.326,1.13846,1.1385,1.50,1.12
2018.08.16 05:06:35.862,1.13846,1.1385,1.50,1.37
2018.08.16 05:06:36.072,1.13846,1.13847,1.00,1.00
2018.08.16 05:06:36.282,1.13842,1.13844,1.10,1.00
2018.08.16 05:06:38.401,1.13842,1.13846,1.00,3.19
2018.08.16 05:06:38.982,1.13841,1.13846,4.01,3.00
2018.08.16 05:06:39.264,1.13842,1.13844,1.00,1.00
2018.08.16 05:06:39.418,1.13838,1.13841,2.25,1.50
2018.08.16 05:06:40.037,1.13837,1.1384,3.37,1.25
2018.08.16 05:06:41.304,1.13838,1.1384,1.00,1.25
2018.08.16 05:06:41.909,1.13837,1.1384,1.01,1.25
2018.08.16 05:06:42.417,1.13838,1.13841,1.25,3.82
2018.08.16 05:06:43.011,1.13839,1.13842,1.00,3.19
2018.08.16 05:06:43.063,1.13841,1.13843,1.00,1.57
2018.08.16 05:06:43.371,1.13837,1.13841,3.45,3.56
2018.08.16 05:06:43.423,1.13838,1.13841,1.20,3.56
2018.08.16 05:06:43.602,1.13837,1.13841,1.87,3.56
2018.08.16 05:06:44.142,1.13836,1.13841,3.45,4.01
2018.08.16 05:06:44.523,1.13838,1.13843,1.25,5.70
2018.08.16 05:06:44.581,1.1384,1.13843,2.44,1.10
2018.08.16 05:06:44.686,1.13841,1.13846,1.12,5.14
2018.08.16 05:06:44.738,1.13843,1.13845,1.00,1.00
2018.08.16 05:06:44.845,1.13841,1.13846,2.51,3.00
2018.08.16 05:06:45.323,1.13842,1.13846,3.00,2.06
2018.08.16 05:06:45.868,1.13842,1.13846,1.50,2.06
2018.08.16 05:06:46.175,1.13846,1.13848,1.00,3.26
2018.08.16 05:06:46.340,1.13846,1.1385,1.00,1.20
2018.08.16 05:06:46.546,1.1385,1.13853,6.19,1.37
2018.08.16 05:06:46.598,1.13851,1.13854,1.00,2.62
2018.08.16 05:06:46.754,1.13852,1.13856,1.87,1.01
2018.08.16 05:06:46.807,1.13855,1.13856,1.00,1.01
2018.08.16 05:06:46.907,1.13856,1.13859,2.62,1.07
2018.08.16 05:06:46.959,1.13857,1.13861,1.00,5.32
2018.08.16 05:06:47.371,1.13858,1.13861,1.00,2.32
2018.08.16 05:06:47.575,1.13852,1.13856,1.10,2.25
2018.08.16 05:06:47.730,1.13851,1.13854,1.00,1.69
2018.08.16 05:06:48.155,1.13853,1.13856,1.69,3.75
2018.08.16 05:06:48.477,1.1385,1.13853,1.57,1.69
2018.08.16 05:06:48.811,1.13849,1.13851,1.00,2.06
2018.08.16 05:06:49.233,1.13851,1.13853,1.00,4.20
2018.08.16 05:06:49.489,1.13853,1.13855,1.00,1.69
2018.08.16 05:06:50.806,1.13851,1.13854,1.00,1.50
2018.08.16 05:06:51.166,1.13849,1.13852,3.82,2.81
2018.08.16 05:06:51.320,1.13848,1.13851,1.10,1.87
2018.08.16 05:06:51.609,1.13851,1.13852,1.00,2.44
2018.08.16 05:06:51.821,1.13852,1.13855,1.00,1.87
2018.08.16 05:06:51.875,1.1385,1.13853,1.50,1.31
2018.08.16 05:06:52.218,1.13852,1.13854,1.00,1.12
2018.08.16 05:06:52.428,1.13853,1.13857,1.00,3.94
2018.08.16 05:06:52.608,1.13856,1.13858,1.00,2.62
2018.08.16 05:06:52.728,1.13857,1.1386,1.00,1.69
2018.08.16 05:06:52.782,1.1386,1.13862,1.00,1.37
2018.08.16 05:06:53.127,1.13858,1.13862,1.57,2.81
2018.08.16 05:06:54.137,1.13858,1.13861,1.00,1.50
2018.08.16 05:06:54.666,1.13857,1.13862,1.10,10.27
2018.08.16 05:06:55.304,1.13858,1.1386,1.00,1.00
2018.08.16 05:06:55.674,1.13861,1.13863,1.00,2.32
2018.08.16 05:06:56.201,1.13862,1.13864,1.00,1.87
2018.08.16 05:06:56.305,1.1386,1.13864,1.10,2.81
2018.08.16 05:06:56.511,1.13858,1.13862,1.20,1.50
2018.08.16 05:06:56.686,1.13862,1.13865,1.00,4.95
2018.08.16 05:06:57.002,1.1386,1.13864,1.20,1.12
2018.08.16 05:06:57.056,1.13859,1.13864,2.89,4.69
2018.08.16 05:06:57.374,1.13862,1.13864,1.00,1.69
2018.08.16 05:06:57.689,1.13861,1.13862,1.00,1.12
2018.08.16 05:06:58.230,1.13862,1.13864,1.00,3.19
2018.08.16 05:06:58.755,1.13859,1.13863,2.32,2.25
2018.08.16 05:06:59.261,1.13861,1.13864,1.00,2.81
2018.08.16 05:06:59.582,1.1386,1.13864,1.00,4.69
2018.08.16 05:07:00.109,1.13858,1.13863,1.69,4.69
2018.08.16 05:07:00.617,1.13859,1.13863,1.87,1.25
2018.08.16 05:07:00.974,1.13857,1.13862,1.12,4.69
2018.08.16 05:07:01.596,1.13857,1.13861,1.00,2.44
2018.08.16 05:07:02.127,1.13858,1.13861,1.20,1.31
2018.08.16 05:07:03.863,1.1386,1.13861,2.25,1.00
2018.08.16 05:07:04.017,1.13862,1.13864,1.69,1.25
2018.08.16 05:07:04.251,1.13866,1.13867,1.00,1.00
2018.08.16 05:07:04.355,1.13868,1.1387,1.00,1.20
2018.08.16 05:07:04.517,1.13871,1.13873,1.00,1.10
2018.08.16 05:07:04.572,1.13872,1.13875,1.00,1.10
2018.08.16 05:07:04.798,1.13873,1.13877,1.00,3.37
2018.08.16 05:07:05.494,1.13872,1.13877,3.07,1.31
2018.08.16 05:07:06.038,1.13872,1.13877,3.07,3.19
2018.08.16 05:07:06.145,1.13873,1.13875,1.20,2.25
2018.08.16 05:07:06.198,1.1387,1.13872,1.12,1.25
2018.08.16 05:07:06.334,1.13868,1.13871,1.20,1.87
2018.08.16 05:07:06.489,1.13871,1.13873,1.00,2.62
2018.08.16 05:07:06.744,1.13871,1.13875,1.00,4.50
2018.08.16 05:07:06.879,1.13871,1.13873,1.00,1.12
2018.08.16 05:07:06.931,1.13868,1.13872,1.20,3.75
2018.08.16 05:07:07.652,1.13867,1.13871,1.20,1.31
2018.08.16 05:07:07.706,1.13866,1.13869,1.20,1.25
2018.08.16 05:07:08.019,1.13862,1.13867,1.10,3.75
2018.08.16 05:07:08.570,1.13863,1.13867,1.10,1.87
2018.08.16 05:07:08.882,1.13865,1.13867,1.00,1.00
2018.08.16 05:07:09.419,1.13864,1.13866,1.00,1.25
2018.08.16 05:07:09.759,1.13862,1.13867,1.76,3.19
2018.08.16 05:07:10.280,1.13862,1.13866,1.50,1.87
2018.08.16 05:07:10.829,1.13862,1.13867,1.20,2.89
2018.08.16 05:07:10.882,1.13862,1.13866,1.76,1.19
2018.08.16 05:07:11.199,1.13859,1.13862,1.00,3.37
2018.08.16 05:07:11.535,1.13864,1.13866,1.00,1.57
2018.08.16 05:07:12.092,1.13865,1.13868,1.00,1.50
2018.08.16 05:07:13.637,1.13865,1.13867,1.00,1.00
2018.08.16 05:07:15.055,1.13863,1.13867,1.10,2.25
2018.08.16 05:07:15.320,1.13861,1.13864,1.00,1.00
2018.08.16 05:07:16.554,1.13863,1.13865,1.00,3.37
2018.08.16 05:07:17.014,1.1386,1.13863,1.57,1.50
2018.08.16 05:07:17.121,1.13857,1.13861,4.39,1.69
2018.08.16 05:07:17.543,1.13859,1.13863,1.50,1.76
2018.08.16 05:07:18.210,1.13861,1.13865,1.00,5.44
2018.08.16 05:07:18.796,1.13861,1.13865,1.00,1.25
2018.08.16 05:07:19.752,1.13862,1.13866,1.57,1.87
2018.08.16 05:07:20.079,1.13864,1.13866,1.00,2.44
2018.08.16 05:07:20.181,1.13862,1.13866,2.51,2.06
2018.08.16 05:07:20.713,1.13862,1.13866,1.95,1.69
2018.08.16 05:07:22.054,1.13863,1.13866,1.00,1.12
2018.08.16 05:07:22.573,1.13863,1.13866,1.00,1.31
2018.08.16 05:07:23.312,1.13863,1.13867,1.00,6.19
2018.08.16 05:07:23.881,1.13862,1.13867,1.57,4.31
2018.08.16 05:07:24.135,1.13862,1.13864,1.57,1.00
2018.08.16 05:07:24.187,1.13861,1.13865,1.12,4.31
2018.08.16 05:07:24.239,1.1386,1.13864,1.95,2.06
2018.08.16 05:07:24.396,1.1386,1.13864,1.87,2.06
2018.08.16 05:07:24.500,1.1386,1.13864,1.95,2.14
2018.08.16 05:07:24.662,1.13861,1.13864,1.00,1.31
2018.08.16 05:07:25.144,1.1386,1.13862,1.57,1.12
2018.08.16 05:07:25.251,1.13859,1.13861,1.00,1.25
2018.08.16 05:07:25.867,1.13858,1.13862,3.07,2.25
2018.08.16 05:07:25.921,1.1386,1.13864,1.00,3.64
2018.08.16 05:07:26.247,1.13862,1.13866,2.32,1.87
2018.08.16 05:07:27.891,1.13861,1.13864,1.07,2.06
2018.08.16 05:07:28.412,1.1386,1.13864,1.50,1.69
2018.08.16 05:07:28.568,1.13861,1.13865,1.87,1.87
2018.08.16 05:07:29.089,1.13861,1.13865,5.14,1.25
2018.08.16 05:07:29.609,1.13863,1.13865,1.00,1.00
2018.08.16 05:07:30.068,1.13865,1.13866,1.00,1.12
2018.08.16 05:07:30.382,1.13864,1.13868,1.87,1.12
2018.08.16 05:07:30.610,1.13866,1.1387,1.00,5.51
2018.08.16 05:07:30.715,1.13866,1.1387,1.00,3.56
2018.08.16 05:07:31.232,1.13867,1.13871,1.00,5.25
2018.08.16 05:07:32.037,1.13867,1.13871,1.00,4.31
2018.08.16 05:07:32.090,1.13867,1.1387,1.00,1.31
2018.08.16 05:07:32.595,1.13866,1.13869,1.00,1.00
2018.08.16 05:07:32.912,1.13863,1.13865,1.00,1.00
2018.08.16 05:07:35.214,1.13862,1.13867,2.70,3.94
2018.08.16 05:07:36.123,1.13862,1.13866,4.57,1.87
2018.08.16 05:07:36.856,1.13864,1.13867,1.00,4.69
2018.08.16 05:07:37.695,1.13862,1.13867,1.95,4.69
2018.08.16 05:07:38.200,1.13863,1.13866,1.57,1.12
2018.08.16 05:07:40.892,1.13863,1.13867,1.95,5.06
2018.08.16 05:07:41.121,1.13863,1.13866,1.20,2.06
2018.08.16 05:07:41.381,1.13862,1.13866,2.70,1.00
2018.08.16 05:07:41.924,1.13863,1.13865,1.10,1.00
2018.08.16 05:07:42.569,1.13863,1.13866,1.95,1.00
2018.08.16 05:07:43.083,1.13863,1.13866,2.25,1.50
2018.08.16 05:07:46.393,1.13864,1.13866,1.00,1.00
2018.08.16 05:07:46.445,1.13866,1.13869,1.12,1.20
2018.08.16 05:07:46.599,1.13866,1.13868,1.39,1.00
2018.08.16 05:07:46.651,1.13866,1.1387,2.14,4.39
2018.08.16 05:07:47.102,1.13865,1.1387,1.12,5.06
2018.08.16 05:07:47.550,1.13867,1.1387,2.44,1.39
2018.08.16 05:07:47.964,1.13866,1.13869,1.00,1.44
2018.08.16 05:07:48.492,1.13865,1.13869,1.57,3.26
2018.08.16 05:07:49.041,1.13865,1.13869,1.95,5.51
2018.08.16 05:07:50.740,1.13863,1.13867,4.57,1.00
2018.08.16 05:07:51.290,1.13864,1.13866,1.00,1.00
2018.08.16 05:07:52.089,1.13863,1.13867,1.50,4.50
2018.08.16 05:07:52.406,1.13863,1.13865,1.10,1.25
2018.08.16 05:07:54.245,1.13865,1.13868,1.00,1.95
2018.08.16 05:07:54.299,1.13864,1.13866,2.62,1.00
2018.08.16 05:07:54.805,1.13863,1.13866,2.25,1.00
2018.08.16 05:07:55.363,1.13863,1.13867,3.26,3.56
2018.08.16 05:07:56.504,1.13867,1.13868,1.00,1.20
2018.08.16 05:07:56.640,1.13867,1.13871,1.87,2.89
2018.08.16 05:07:56.746,1.1387,1.13873,1.87,5.89
2018.08.16 05:07:56.854,1.13871,1.13875,2.25,1.57
2018.08.16 05:07:57.224,1.13873,1.13875,1.00,2.81
2018.08.16 05:07:57.539,1.13877,1.1388,2.25,1.20
2018.08.16 05:07:58.069,1.13879,1.13881,1.00,1.00
2018.08.16 05:07:58.277,1.13877,1.13881,2.70,1.31
2018.08.16 05:07:58.836,1.13877,1.13881,3.07,1.31
2018.08.16 05:07:59.427,1.13877,1.13881,1.20,1.31
2018.08.16 05:08:00.081,1.13877,1.13881,2.06,3.19
2018.08.16 05:08:00.186,1.13876,1.13879,1.20,1.69
2018.08.16 05:08:00.517,1.13874,1.13878,2.32,1.69
2018.08.16 05:08:01.059,1.13874,1.13878,1.00,10.57
2018.08.16 05:08:01.363,1.13872,1.13877,1.20,7.12
2018.08.16 05:08:01.935,1.13874,1.13877,1.00,2.25
2018.08.16 05:08:01.989,1.13876,1.13879,1.00,1.82
2018.08.16 05:08:02.216,1.13882,1.13884,1.00,1.00
2018.08.16 05:08:03.537,1.13882,1.13884,1.00,1.69
2018.08.16 05:08:04.084,1.13879,1.13884,1.76,4.76
2018.08.16 05:08:04.136,1.13878,1.13882,2.51,2.62
2018.08.16 05:08:04.189,1.13877,1.13881,1.39,3.00
2018.08.16 05:08:04.242,1.13875,1.1388,5.89,3.00
2018.08.16 05:08:04.302,1.13874,1.13878,1.57,6.56
2018.08.16 05:08:04.557,1.13873,1.13877,2.25,3.75
2018.08.16 05:08:05.071,1.13873,1.13877,1.50,1.87
2018.08.16 05:08:05.604,1.13873,1.13877,1.12,5.06
2018.08.16 05:08:06.140,1.13873,1.13875,1.00,1.25
2018.08.16 05:08:06.410,1.13876,1.13878,1.00,2.70
2018.08.16 05:08:06.963,1.13876,1.13879,1.20,1.00
2018.08.16 05:08:13.295,1.13875,1.13878,2.25,1.00
2018.08.16 05:08:13.553,1.13872,1.13877,5.32,2.25
2018.08.16 05:08:13.923,1.1387,1.13874,3.07,1.25
2018.08.16 05:08:14.101,1.13867,1.13872,3.64,2.51
2018.08.16 05:08:14.207,1.13868,1.1387,1.00,1.00
2018.08.16 05:08:15.092,1.13868,1.13872,2.14,3.26
2018.08.16 05:08:15.145,1.13871,1.13872,1.12,1.10
2018.08.16 05:08:15.250,1.13871,1.13876,2.81,5.14
2018.08.16 05:08:15.406,1.13873,1.13875,1.00,1.00
2018.08.16 05:08:18.357,1.13872,1.13876,1.00,11.25
2018.08.16 05:08:18.671,1.1387,1.13874,4.20,1.69
2018.08.16 05:08:19.556,1.1387,1.13873,2.32,3.19
2018.08.16 05:08:19.865,1.13864,1.13867,1.00,1.25
2018.08.16 05:08:20.372,1.13863,1.13867,1.25,2.06
2018.08.16 05:08:20.909,1.13863,1.13867,1.87,3.56
2018.08.16 05:08:21.582,1.13863,1.13867,1.00,2.06
2018.08.16 05:08:21.633,1.13863,1.13866,1.00,1.56
2018.08.16 05:08:21.736,1.13861,1.13864,1.12,1.00
2018.08.16 05:08:21.889,1.1386,1.13862,1.12,1.00
2018.08.16 05:08:22.466,1.1386,1.13863,1.12,2.25
2018.08.16 05:08:22.992,1.1386,1.13862,1.12,1.00
2018.08.16 05:08:25.244,1.13859,1.13862,1.87,1.25
2018.08.16 05:08:25.788,1.13857,1.13862,2.14,3.94
2018.08.16 05:08:26.296,1.13857,1.13861,2.25,1.12
2018.08.16 05:08:26.607,1.13859,1.13862,1.00,1.10
2018.08.16 05:08:26.933,1.13862,1.13865,2.89,1.12
2018.08.16 05:08:27.302,1.13866,1.13867,1.00,1.00
2018.08.16 05:08:27.355,1.13866,1.13868,1.00,1.95
2018.08.16 05:08:27.505,1.13867,1.1387,1.00,1.12
2018.08.16 05:08:28.026,1.13867,1.13871,1.12,2.06
2018.08.16 05:08:28.357,1.13867,1.1387,2.06,1.87
2018.08.16 05:08:28.965,1.13867,1.1387,1.00,1.12
2018.08.16 05:08:29.648,1.13866,1.1387,4.95,4.12
2018.08.16 05:08:30.169,1.13864,1.13868,3.82,2.81
2018.08.16 05:08:30.344,1.13863,1.13867,1.12,2.06
2018.08.16 05:08:31.650,1.13862,1.13866,3.64,1.00
2018.08.16 05:08:31.705,1.13865,1.13866,1.00,1.25
2018.08.16 05:08:31.759,1.13866,1.13869,1.00,1.00
2018.08.16 05:08:32.021,1.13866,1.13867,1.00,1.12
2018.08.16 05:08:32.112,1.13865,1.13867,1.00,2.44
2018.08.16 05:08:32.267,1.13864,1.13867,1.00,3.75
2018.08.16 05:08:32.792,1.13864,1.13867,1.00,3.37
2018.08.16 05:08:34.069,1.13864,1.13865,1.00,1.50
2018.08.16 05:08:34.158,1.13861,1.13865,1.76,1.87
2018.08.16 05:08:34.312,1.13865,1.13867,1.00,1.07
2018.08.16 05:08:34.364,1.13865,1.13869,1.00,3.45
2018.08.16 05:08:34.467,1.13866,1.1387,2.06,1.95
2018.08.16 05:08:35.053,1.13866,1.13871,7.39,1.76
2018.08.16 05:08:35.740,1.13865,1.13869,2.70,4.88
2018.08.16 05:08:35.949,1.13863,1.13867,2.25,1.00
2018.08.16 05:08:36.259,1.13865,1.13868,1.00,2.70
2018.08.16 05:08:36.799,1.13865,1.13868,1.00,1.20
2018.08.16 05:08:37.302,1.13864,1.13868,1.57,1.57
2018.08.16 05:08:37.832,1.13863,1.13867,4.31,1.00
2018.08.16 05:08:37.993,1.13865,1.13869,3.56,4.39
2018.08.16 05:08:38.206,1.13867,1.13869,1.00,1.00
2018.08.16 05:08:38.729,1.13867,1.1387,1.12,1.50
2018.08.16 05:08:39.053,1.13864,1.13868,2.32,1.00
2018.08.16 05:08:39.211,1.13866,1.13869,1.50,1.57
2018.08.16 05:08:39.747,1.13868,1.1387,1.00,1.00
2018.08.16 05:08:40.294,1.13868,1.13871,1.00,1.50
2018.08.16 05:08:41.108,1.13868,1.1387,1.00,1.00
2018.08.16 05:08:41.426,1.13864,1.13866,3.45,1.12
2018.08.16 05:08:41.920,1.13864,1.13866,1.00,4.31
2018.08.16 05:08:41.973,1.13862,1.13864,1.10,2.63
2018.08.16 05:08:42.076,1.1386,1.13864,2.25,1.87
2018.08.16 05:08:42.595,1.13861,1.13863,1.00,1.00
2018.08.16 05:08:43.453,1.13862,1.13864,1.00,1.69
2018.08.16 05:08:43.967,1.13862,1.13865,1.00,2.63
2018.08.16 05:08:44.619,1.13861,1.13865,1.87,2.25
2018.08.16 05:08:46.149,1.13862,1.13866,1.00,6.45
2018.08.16 05:08:46.202,1.13865,1.13867,1.00,1.10
2018.08.16 05:08:46.474,1.13872,1.13875,1.00,1.87
2018.08.16 05:08:46.582,1.13873,1.13876,1.31,2.25
2018.08.16 05:08:46.821,1.13872,1.13874,1.00,1.25
2018.08.16 05:08:47.129,1.1387,1.13872,1.10,1.12
2018.08.16 05:08:47.718,1.1387,1.13873,1.00,7.87
2018.08.16 05:08:48.221,1.1387,1.13873,1.00,6.19
2018.08.16 05:08:49.514,1.1387,1.13873,1.69,1.00
2018.08.16 05:08:49.778,1.13872,1.13876,1.69,3.56
2018.08.16 05:08:50.329,1.13872,1.13875,2.44,1.25
2018.08.16 05:08:50.826,1.13872,1.13875,1.00,6.19
2018.08.16 05:08:50.879,1.13871,1.13875,1.12,3.00
2018.08.16 05:08:51.451,1.1387,1.13872,1.00,1.50
2018.08.16 05:08:51.609,1.13872,1.13875,1.87,1.10
2018.08.16 05:08:52.131,1.13873,1.13875,1.25,1.00
2018.08.16 05:08:52.284,1.13873,1.13877,1.00,4.31
2018.08.16 05:08:52.815,1.13873,1.13877,1.00,7.76
2018.08.16 05:08:53.347,1.13873,1.13877,1.00,7.01
2018.08.16 05:08:53.966,1.13873,1.13876,1.00,1.00
2018.08.16 05:08:54.630,1.13873,1.13877,1.00,4.39
2018.08.16 05:08:55.134,1.13873,1.13876,1.00,1.00
2018.08.16 05:08:55.654,1.13873,1.13877,1.00,4.39
2018.08.16 05:08:56.191,1.13873,1.13876,1.00,1.25
2018.08.16 05:08:56.593,1.13873,1.13874,1.00,1.00
2018.08.16 05:08:57.108,1.13873,1.13875,1.00,1.87
2018.08.16 05:08:57.607,1.13872,1.13874,1.00,2.06
2018.08.16 05:08:57.767,1.13873,1.13875,1.00,1.25
2018.08.16 05:08:58.233,1.13874,1.13876,1.00,4.01
2018.08.16 05:08:58.285,1.13874,1.13878,1.00,1.57
2018.08.16 05:08:58.337,1.13876,1.1388,1.00,8.59
2018.08.16 05:08:58.389,1.13877,1.1388,1.00,2.14
2018.08.16 05:08:58.441,1.1388,1.13882,1.00,3.82
2018.08.16 05:08:58.543,1.13881,1.13884,1.12,1.20
2018.08.16 05:08:58.825,1.1388,1.13882,1.87,2.25
2018.08.16 05:08:58.880,1.13879,1.13881,1.00,1.00
2018.08.16 05:09:00.076,1.13878,1.13881,1.25,1.69
2018.08.16 05:09:00.293,1.13876,1.13879,1.12,1.31
2018.08.16 05:09:00.798,1.13875,1.13876,2.44,1.00
2018.08.16 05:09:00.958,1.13873,1.13876,1.10,3.00
2018.08.16 05:09:01.503,1.13872,1.13875,1.50,1.31
2018.08.16 05:09:03.009,1.13872,1.13876,1.12,1.50
2018.08.16 05:09:03.559,1.13873,1.13877,1.00,3.45
2018.08.16 05:09:04.116,1.13873,1.13876,1.00,1.57
2018.08.16 05:09:04.787,1.13873,1.13877,1.50,8.62
2018.08.16 05:09:08.005,1.13873,1.13877,1.00,3.45
2018.08.16 05:09:08.646,1.13873,1.13876,2.62,1.00
2018.08.16 05:09:09.218,1.13873,1.13877,1.12,3.00
2018.08.16 05:09:09.734,1.13873,1.13877,2.81,2.81
2018.08.16 05:09:09.838,1.13873,1.13877,1.10,3.07
2018.08.16 05:09:10.339,1.13873,1.13877,1.00,5.25
2018.08.16 05:09:12.309,1.13873,1.13876,1.00,1.44
2018.08.16 05:09:12.834,1.13873,1.13876,1.00,1.87
2018.08.16 05:09:13.407,1.13873,1.13876,1.39,1.12
2018.08.16 05:09:15.349,1.13875,1.13877,1.00,3.75
2018.08.16 05:09:15.406,1.13877,1.1388,1.12,5.14
2018.08.16 05:09:15.649,1.13882,1.13886,1.00,1.87
2018.08.16 05:09:16.017,1.13882,1.13884,1.00,1.00
2018.08.16 05:09:16.543,1.13883,1.13886,1.10,2.06
2018.08.16 05:09:17.036,1.13884,1.13887,1.00,2.25
2018.08.16 05:09:17.366,1.13886,1.1389,1.00,4.20
2018.08.16 05:09:17.884,1.13886,1.13889,2.51,1.25
2018.08.16 05:09:18.069,1.13887,1.13891,1.00,4.50
2018.08.16 05:09:18.592,1.13887,1.13891,1.20,1.69
2018.08.16 05:09:19.136,1.13887,1.13891,1.20,2.44
2018.08.16 05:09:19.682,1.13887,1.13891,1.20,3.19
2018.08.16 05:09:20.251,1.13887,1.13891,1.20,3.94
2018.08.16 05:09:20.957,1.13887,1.13891,1.00,3.94
2018.08.16 05:09:21.926,1.13887,1.13891,1.00,1.69
2018.08.16 05:09:22.556,1.13887,1.13891,1.00,4.12
2018.08.16 05:09:22.765,1.13883,1.13886,1.20,1.00
2018.08.16 05:09:23.360,1.13884,1.13886,1.19,1.69
2018.08.16 05:09:23.415,1.13883,1.13886,1.87,1.25
2018.08.16 05:09:24.363,1.13882,1.13886,5.89,1.44
2018.08.16 05:09:32.458,1.13881,1.13884,1.10,5.81
2018.08.16 05:09:32.728,1.13876,1.1388,3.26,6.37
2018.08.16 05:09:33.271,1.13876,1.13879,1.50,1.00
2018.08.16 05:09:33.820,1.13876,1.1388,1.00,3.94
2018.08.16 05:09:34.527,1.13876,1.13879,2.32,1.00
2018.08.16 05:09:34.938,1.13878,1.1388,1.25,1.69
2018.08.16 05:09:39.783,1.13876,1.1388,7.76,1.69
2018.08.16 05:09:41.683,1.13875,1.13877,2.70,3.75
2018.08.16 05:09:41.788,1.13873,1.13877,1.76,3.00
2018.08.16 05:09:42.194,1.13875,1.13877,2.44,1.12
2018.08.16 05:09:42.351,1.13876,1.1388,1.50,4.50
2018.08.16 05:09:42.509,1.13877,1.13881,1.25,2.44
2018.08.16 05:09:43.054,1.13877,1.13881,3.26,3.19
2018.08.16 05:09:43.559,1.13877,1.13881,2.14,1.31
2018.08.16 05:09:44.484,1.13877,1.1388,2.14,1.00
2018.08.16 05:09:45.216,1.13877,1.13881,1.39,4.12
2018.08.16 05:09:46.542,1.13877,1.1388,1.57,1.00
2018.08.16 05:09:47.664,1.13877,1.13881,1.57,1.87
2018.08.16 05:09:48.643,1.13877,1.1388,3.45,1.00
2018.08.16 05:09:49.193,1.13877,1.13881,2.14,3.64
2018.08.16 05:09:49.711,1.13878,1.13881,1.00,4.20
2018.08.16 05:09:50.378,1.13878,1.1388,1.00,1.00
2018.08.16 05:09:52.225,1.13877,1.13881,1.57,2.25
2018.08.16 05:09:53.569,1.13877,1.1388,3.07,1.00
2018.08.16 05:09:54.095,1.13877,1.1388,1.50,1.69
2018.08.16 05:09:56.365,1.13875,1.13877,1.95,3.00
2018.08.16 05:09:56.521,1.13873,1.13876,2.32,1.31
2018.08.16 05:09:56.800,1.13872,1.13876,2.89,3.37
2018.08.16 05:09:57.004,1.1387,1.13872,1.39,1.25
2018.08.16 05:09:57.187,1.13869,1.13872,1.57,2.81
2018.08.16 05:09:57.812,1.13868,1.13872,1.12,4.69
2018.08.16 05:09:58.458,1.13868,1.13872,1.76,1.50
2018.08.16 05:09:58.563,1.1387,1.13874,1.69,3.94
2018.08.16 05:09:59.107,1.1387,1.13874,1.57,2.62
2018.08.16 05:09:59.630,1.1387,1.13874,1.57,2.44
2018.08.16 05:10:00.182,1.13871,1.13874,1.00,4.12
2018.08.16 05:10:00.496,1.13873,1.13876,1.10,1.25
2018.08.16 05:10:00.980,1.13872,1.13875,1.20,3.94
2018.08.16 05:10:01.526,1.13872,1.13875,1.20,2.44
2018.08.16 05:10:02.391,1.13871,1.13875,3.07,2.44
2018.08.16 05:10:02.544,1.13872,1.13876,2.44,1.00
2018.08.16 05:10:02.954,1.13873,1.13875,1.25,1.50
2018.08.16 05:10:03.475,1.13873,1.13876,1.00,2.25
2018.08.16 05:10:03.990,1.13872,1.13876,3.82,1.00
2018.08.16 05:10:04.728,1.13873,1.13876,1.00,1.87
2018.08.16 05:10:05.149,1.13874,1.13878,1.50,1.20
2018.08.16 05:10:05.255,1.13876,1.13879,1.00,1.87
2018.08.16 05:10:07.153,1.13877,1.13879,1.00,1.00
2018.08.16 05:10:09.338,1.13876,1.13879,1.57,1.00
2018.08.16 05:10:09.680,1.1388,1.13881,1.00,1.31
2018.08.16 05:10:10.529,1.13879,1.13881,1.00,2.25
2018.08.16 05:10:11.054,1.13878,1.13881,1.10,1.25
2018.08.16 05:10:16.078,1.13878,1.13881,1.31,2.06
2018.08.16 05:10:16.604,1.13878,1.13881,1.12,2.06
2018.08.16 05:10:20.766,1.13878,1.13881,1.00,3.19
2018.08.16 05:10:21.286,1.13878,1.1388,1.00,3.94
2018.08.16 05:10:21.388,1.13875,1.13878,1.76,3.19
2018.08.16 05:10:21.606,1.13874,1.13877,2.25,2.06
2018.08.16 05:10:22.142,1.13874,1.13877,1.25,2.62
2018.08.16 05:10:22.825,1.13874,1.13877,1.00,2.81
2018.08.16 05:10:22.984,1.13876,1.13877,1.12,1.12
2018.08.16 05:10:23.038,1.13877,1.13879,1.50,1.69
2018.08.16 05:10:29.197,1.13875,1.13878,5.70,2.44
2018.08.16 05:10:29.354,1.13874,1.13878,2.89,6.00
2018.08.16 05:10:29.645,1.13876,1.13879,1.50,1.12
2018.08.16 05:10:30.170,1.13876,1.1388,5.32,2.06
2018.08.16 05:10:30.685,1.13876,1.13879,2.89,1.00
2018.08.16 05:10:31.393,1.13876,1.1388,2.14,4.31
2018.08.16 05:10:31.934,1.13876,1.1388,1.57,1.87
2018.08.16 05:10:32.877,1.13876,1.1388,3.64,3.37
2018.08.16 05:10:33.652,1.13876,1.1388,3.82,2.44
2018.08.16 05:10:34.198,1.13876,1.1388,1.95,2.06
2018.08.16 05:10:34.504,1.13875,1.13878,6.07,1.19
2018.08.16 05:10:34.558,1.13876,1.13879,1.57,3.37
2018.08.16 05:10:34.727,1.13874,1.13877,2.62,2.06
2018.08.16 05:10:35.572,1.13873,1.13876,2.25,1.25
2018.08.16 05:10:35.876,1.13872,1.13874,1.00,1.25
2018.08.16 05:10:41.221,1.13871,1.13873,1.00,1.00
2018.08.16 05:10:41.601,1.13871,1.13875,2.25,3.56
2018.08.16 05:10:42.217,1.13871,1.13875,1.00,3.56
2018.08.16 05:10:42.985,1.1387,1.13872,1.10,1.69
2018.08.16 05:10:43.091,1.13868,1.13871,4.20,1.12
2018.08.16 05:10:43.577,1.13867,1.13869,2.70,1.25
2018.08.16 05:10:43.839,1.13866,1.13868,1.10,1.12
2018.08.16 05:10:43.946,1.13864,1.13866,1.45,1.00
2018.08.16 05:10:44.043,1.13863,1.13867,4.20,3.19
2018.08.16 05:10:44.098,1.13863,1.13866,1.00,2.44
2018.08.16 05:10:44.835,1.13861,1.13864,1.95,2.44
2018.08.16 05:10:44.989,1.13859,1.13862,2.70,1.00
2018.08.16 05:10:45.461,1.1386,1.13864,2.81,2.62
2018.08.16 05:10:45.673,1.13859,1.13862,1.01,1.25
2018.08.16 05:10:46.329,1.13859,1.13861,1.44,1.31
2018.08.16 05:10:46.382,1.1386,1.13863,1.69,1.87
2018.08.16 05:10:46.898,1.1386,1.13862,1.00,2.62
2018.08.16 05:10:47.259,1.13858,1.13862,1.87,1.87
2018.08.16 05:10:47.811,1.13859,1.13861,1.00,1.00
2018.08.16 05:10:47.965,1.13858,1.13861,1.25,4.50
2018.08.16 05:10:48.172,1.13855,1.13857,1.00,1.00
2018.08.16 05:10:48.449,1.13858,1.13862,1.20,4.50
2018.08.16 05:10:48.948,1.13857,1.1386,1.57,1.87
2018.08.16 05:10:49.198,1.13856,1.13859,1.00,1.00
2018.08.16 05:10:49.738,1.13855,1.13859,1.50,3.94
2018.08.16 05:10:51.221,1.13856,1.1386,1.25,4.50
2018.08.16 05:10:51.744,1.13856,1.13859,1.00,2.62
2018.08.16 05:10:52.262,1.13855,1.13858,1.10,4.50
2018.08.16 05:10:53.283,1.13855,1.13857,1.00,1.50
2018.08.16 05:10:54.102,1.13855,1.13858,1.00,2.62
2018.08.16 05:10:54.649,1.13854,1.13857,1.00,1.25
2018.08.16 05:10:55.171,1.13854,1.13858,1.10,4.31
2018.08.16 05:10:55.705,1.13856,1.13859,1.87,1.87
2018.08.16 05:10:56.497,1.13855,1.13857,1.00,1.37
2018.08.16 05:10:56.811,1.13853,1.13857,1.10,7.69
2018.08.16 05:10:58.169,1.13853,1.13855,1.00,1.00
2018.08.16 05:10:58.484,1.13853,1.13857,1.87,3.00
2018.08.16 05:10:58.537,1.13855,1.13857,1.00,3.37
2018.08.16 05:10:59.179,1.13855,1.13857,1.00,3.56
2018.08.16 05:10:59.725,1.13855,1.13857,1.12,1.00
2018.08.16 05:10:59.777,1.13856,1.13859,1.00,2.06
2018.08.16 05:11:00.320,1.13856,1.13857,1.00,1.00
2018.08.16 05:11:00.480,1.13854,1.13856,1.00,1.00
2018.08.16 05:11:01.256,1.13855,1.13858,1.50,1.87
2018.08.16 05:11:01.530,1.13857,1.13861,1.10,3.37
2018.08.16 05:11:01.584,1.13856,1.13859,1.25,3.00
2018.08.16 05:11:02.106,1.13856,1.1386,1.50,2.44
2018.08.16 05:11:03.887,1.13856,1.1386,1.20,3.37
2018.08.16 05:11:05.278,1.13856,1.13859,1.57,1.00
2018.08.16 05:11:06.038,1.13856,1.1386,1.10,3.75
2018.08.16 05:11:06.753,1.13856,1.13859,1.10,1.00
2018.08.16 05:11:09.617,1.13857,1.13861,4.69,2.32
2018.08.16 05:11:10.149,1.13858,1.13861,2.44,1.25
2018.08.16 05:11:11.346,1.13858,1.13861,1.00,2.62
2018.08.16 05:11:11.873,1.13857,1.13859,1.00,1.00
2018.08.16 05:11:11.979,1.13855,1.13859,4.20,1.57
2018.08.16 05:11:12.090,1.13855,1.13857,1.12,1.00
2018.08.16 05:11:12.637,1.13855,1.13858,1.00,2.25
2018.08.16 05:11:13.593,1.13856,1.13858,1.00,1.12
2018.08.16 05:11:13.987,1.13857,1.1386,1.35,2.32
2018.08.16 05:11:14.093,1.13856,1.13858,1.12,2.25
2018.08.16 05:11:14.203,1.13853,1.13857,1.76,2.81
2018.08.16 05:11:14.310,1.13856,1.13858,1.00,6.45
2018.08.16 05:11:14.415,1.13857,1.13859,1.00,1.10
2018.08.16 05:11:15.917,1.13858,1.13859,1.00,1.12
2018.08.16 05:11:16.154,1.13856,1.13859,1.00,2.70
2018.08.16 05:11:16.693,1.13857,1.13859,1.00,1.12
2018.08.16 05:11:17.450,1.13857,1.13859,1.00,2.06
2018.08.16 05:11:17.975,1.13856,1.13858,1.00,7.12
2018.08.16 05:11:18.517,1.13855,1.13857,1.00,1.69
2018.08.16 05:11:18.751,1.13853,1.13857,1.87,3.19
2018.08.16 05:11:19.271,1.13853,1.13857,4.12,3.19
2018.08.16 05:11:19.964,1.13853,1.13857,1.50,1.12
2018.08.16 05:11:20.678,1.13853,1.13857,3.75,2.06
2018.08.16 05:11:23.169,1.13854,1.13857,1.31,1.10
2018.08.16 05:11:26.083,1.13854,1.13857,3.56,1.31
2018.08.16 05:11:26.610,1.13854,1.13858,2.62,3.75
2018.08.16 05:11:27.135,1.13854,1.13858,4.87,3.94
2018.08.16 05:11:27.918,1.13854,1.13858,2.62,3.00
2018.08.16 05:11:28.961,1.13854,1.13858,1.12,2.25
2018.08.16 05:11:29.797,1.13857,1.13858,1.00,1.00
2018.08.16 05:11:30.019,1.13861,1.13863,1.00,1.27
2018.08.16 05:11:30.173,1.13864,1.13865,1.00,1.00
2018.08.16 05:11:30.380,1.13867,1.13871,1.87,1.20
2018.08.16 05:11:30.928,1.13867,1.1387,2.06,1.31
2018.08.16 05:11:31.081,1.13867,1.13871,3.94,1.50
2018.08.16 05:11:31.627,1.13867,1.1387,1.00,2.44
2018.08.16 05:11:32.134,1.13866,1.13868,1.50,1.69
2018.08.16 05:11:32.187,1.13864,1.13866,3.75,4.50
2018.08.16 05:11:32.291,1.1386,1.13864,9.07,8.62
2018.08.16 05:11:32.395,1.13859,1.13862,1.12,2.62
2018.08.16 05:11:32.498,1.13858,1.1386,1.00,1.00
2018.08.16 05:11:33.675,1.13858,1.13859,1.00,1.00
2018.08.16 05:11:33.949,1.13855,1.13857,1.00,1.12
2018.08.16 05:11:34.109,1.13853,1.13855,1.50,1.50
2018.08.16 05:11:34.216,1.13855,1.13857,1.25,2.44
2018.08.16 05:11:34.268,1.13852,1.13855,2.70,1.12
2018.08.16 05:11:34.973,1.13851,1.13853,1.95,1.50
2018.08.16 05:11:36.464,1.13851,1.13854,1.12,1.50
2018.08.16 05:11:38.537,1.13851,1.13853,1.87,5.25
2018.08.16 05:11:38.595,1.13849,1.13852,4.57,1.31
2018.08.16 05:11:38.649,1.13848,1.1385,1.00,1.50
2018.08.16 05:11:44.114,1.13849,1.13852,2.25,3.45
2018.08.16 05:11:44.268,1.13847,1.13851,1.57,1.00
2018.08.16 05:11:44.370,1.13847,1.13849,1.00,2.25
2018.08.16 05:11:44.577,1.13845,1.13848,2.06,2.25
2018.08.16 05:11:46.128,1.13846,1.13848,1.00,1.50
2018.08.16 05:11:46.721,1.13845,1.13849,3.19,3.45
2018.08.16 05:11:47.162,1.13844,1.13846,1.00,1.00
2018.08.16 05:11:47.480,1.13842,1.13846,1.50,3.82
2018.08.16 05:11:48.300,1.13842,1.13844,1.00,1.00
2018.08.16 05:11:48.826,1.13842,1.13845,1.00,2.25
2018.08.16 05:11:49.472,1.13842,1.13844,1.00,1.00
2018.08.16 05:11:50.085,1.13842,1.13845,1.00,1.00
2018.08.16 05:11:53.217,1.13846,1.13847,1.69,3.37
2018.08.16 05:11:53.324,1.13846,1.1385,1.50,1.00
2018.08.16 05:11:54.088,1.13846,1.13849,1.25,1.00
2018.08.16 05:11:54.246,1.1385,1.13852,1.00,4.57
2018.08.16 05:11:54.351,1.1385,1.13854,1.50,4.57
2018.08.16 05:11:54.493,1.1385,1.13854,2.25,1.00
2018.08.16 05:11:55.002,1.13852,1.13854,2.06,1.00
2018.08.16 05:11:55.160,1.13855,1.13857,2.81,1.10
2018.08.16 05:11:55.509,1.13858,1.1386,1.00,1.19
2018.08.16 05:11:56.054,1.13858,1.1386,1.00,1.25
2018.08.16 05:11:56.519,1.13856,1.13859,1.87,1.00
2018.08.16 05:11:57.082,1.13855,1.13858,1.00,1.12
2018.08.16 05:11:57.585,1.13855,1.13857,1.00,1.00
2018.08.16 05:12:00.192,1.13857,1.13859,1.12,2.32
2018.08.16 05:12:00.316,1.13857,1.1386,2.06,1.87
2018.08.16 05:12:00.533,1.13859,1.13861,1.00,1.10
2018.08.16 05:12:01.620,1.13858,1.13861,1.00,1.00
2018.08.16 05:12:04.975,1.13858,1.13861,1.00,1.69
2018.08.16 05:12:05.394,1.13856,1.1386,1.00,4.12
2018.08.16 05:12:05.917,1.13856,1.13859,1.87,1.00
2018.08.16 05:12:08.596,1.13856,1.1386,4.88,2.25
2018.08.16 05:12:08.649,1.13856,1.1386,2.25,2.25
2018.08.16 05:12:09.156,1.13856,1.1386,3.82,3.45
2018.08.16 05:12:09.494,1.13855,1.13857,1.32,2.06
2018.08.16 05:12:09.548,1.13853,1.13857,1.00,2.62
2018.08.16 05:12:09.707,1.13856,1.13857,1.00,1.10
2018.08.16 05:12:09.812,1.13856,1.1386,1.87,1.57
2018.08.16 05:12:15.234,1.13857,1.1386,1.00,1.50
2018.08.16 05:12:15.736,1.13858,1.13862,3.19,1.57
2018.08.16 05:12:15.952,1.13862,1.13865,3.56,1.00
2018.08.16 05:12:16.341,1.1386,1.13863,1.00,1.25
2018.08.16 05:12:16.997,1.13861,1.13864,1.12,1.57
2018.08.16 05:12:17.548,1.1386,1.13863,2.25,2.32
2018.08.16 05:12:18.129,1.1386,1.13862,1.69,1.25
2018.08.16 05:12:18.649,1.1386,1.13863,1.50,1.76
2018.08.16 05:12:19.173,1.1386,1.13864,2.25,1.12
2018.08.16 05:12:19.669,1.13862,1.13865,1.00,1.87
2018.08.16 05:12:20.085,1.13861,1.13863,1.00,1.50
2018.08.16 05:12:21.319,1.13862,1.13863,1.00,1.00
2018.08.16 05:12:22.449,1.13861,1.13863,1.10,1.00
2018.08.16 05:12:22.578,1.13859,1.13862,1.10,1.50
2018.08.16 05:12:22.683,1.13857,1.13861,3.26,3.19
2018.08.16 05:12:22.789,1.13856,1.13859,1.57,1.00
2018.08.16 05:12:23.227,1.13858,1.13861,2.62,1.00
2018.08.16 05:12:23.747,1.13857,1.1386,1.69,1.12
2018.08.16 05:12:27.556,1.13856,1.13858,2.25,3.00
2018.08.16 05:12:27.790,1.13851,1.13855,3.07,2.25
2018.08.16 05:12:27.844,1.13851,1.13853,1.25,1.50
2018.08.16 05:12:28.059,1.13848,1.13851,1.00,1.25
2018.08.16 05:12:28.543,1.13851,1.13853,1.00,2.70
2018.08.16 05:12:28.650,1.13852,1.13854,1.00,1.00
2018.08.16 05:12:29.172,1.13852,1.13855,1.00,1.31
2018.08.16 05:12:29.689,1.13852,1.13855,1.00,1.39
2018.08.16 05:12:30.240,1.13852,1.13855,1.00,1.12
2018.08.16 05:12:30.815,1.1385,1.13853,1.20,1.37
2018.08.16 05:12:31.073,1.13849,1.13854,1.87,4.57
2018.08.16 05:12:31.852,1.13849,1.13854,1.12,7.95
2018.08.16 05:12:33.087,1.13849,1.13853,1.12,3.07
2018.08.16 05:12:33.603,1.13849,1.13851,1.00,1.50
2018.08.16 05:12:35.037,1.13847,1.13851,1.69,6.75
2018.08.16 05:12:35.550,1.13847,1.13851,1.00,3.45
2018.08.16 05:12:39.326,1.13847,1.13851,1.20,1.57
2018.08.16 05:12:39.633,1.13852,1.13856,2.62,3.45
2018.08.16 05:12:40.066,1.13855,1.13857,1.00,1.12
2018.08.16 05:12:44.129,1.13856,1.13859,2.25,1.57
2018.08.16 05:12:44.233,1.13858,1.13861,1.00,3.64
2018.08.16 05:12:44.794,1.13858,1.13861,1.00,1.87
2018.08.16 05:12:45.320,1.13858,1.13861,1.00,2.14
2018.08.16 05:12:45.846,1.13857,1.1386,1.00,1.95
2018.08.16 05:12:46.361,1.13857,1.1386,1.12,1.25
2018.08.16 05:12:46.876,1.13857,1.13859,1.00,1.57
2018.08.16 05:12:50.637,1.13856,1.13858,1.12,1.00
2018.08.16 05:13:01.150,1.13856,1.1386,1.12,2.14
2018.08.16 05:13:01.745,1.13856,1.1386,1.12,1.50
2018.08.16 05:13:02.953,1.13855,1.13857,1.20,1.00
2018.08.16 05:13:03.322,1.13853,1.13856,2.44,2.06
2018.08.16 05:13:03.477,1.13851,1.13853,1.01,1.25
2018.08.16 05:13:03.530,1.13848,1.13851,7.01,1.00
2018.08.16 05:13:04.071,1.13848,1.13852,1.87,1.00
2018.08.16 05:13:04.616,1.13847,1.13851,1.87,1.12
2018.08.16 05:13:09.958,1.13848,1.13851,3.94,1.50
2018.08.16 05:13:10.065,1.13851,1.13853,2.62,1.10
2018.08.16 05:13:10.179,1.13852,1.13855,1.87,1.50
2018.08.16 05:13:10.716,1.13853,1.13855,1.00,1.12
2018.08.16 05:13:11.462,1.13855,1.13857,5.25,1.10
2018.08.16 05:13:11.569,1.13858,1.1386,1.00,1.20
2018.08.16 05:13:18.945,1.13858,1.13862,1.00,2.81
2018.08.16 05:13:19.509,1.13857,1.13861,1.69,1.62
2018.08.16 05:13:21.059,1.13857,1.13861,1.12,1.50
2018.08.16 05:13:21.597,1.13857,1.13861,1.50,1.69
2018.08.16 05:13:21.920,1.13856,1.13858,4.20,2.25
2018.08.16 05:13:22.078,1.13852,1.13855,1.10,1.00
2018.08.16 05:13:22.659,1.13851,1.13855,4.69,1.00
2018.08.16 05:13:23.021,1.13854,1.13857,1.12,1.20
2018.08.16 05:13:23.544,1.13853,1.13857,1.39,2.89
2018.08.16 05:13:24.104,1.13854,1.13856,1.00,1.00
2018.08.16 05:13:25.599,1.13853,1.13857,3.26,1.00
2018.08.16 05:13:26.138,1.13853,1.13858,5.51,2.25
2018.08.16 05:13:27.244,1.13856,1.13859,1.00,1.45
2018.08.16 05:13:27.580,1.13858,1.1386,1.00,1.50
2018.08.16 05:13:28.097,1.13857,1.1386,1.39,1.25
2018.08.16 05:13:28.609,1.13856,1.13861,6.82,2.25
2018.08.16 05:13:29.146,1.13856,1.1386,3.19,3.19
2018.08.16 05:13:29.625,1.13858,1.1386,1.00,1.57
2018.08.16 05:13:29.784,1.13859,1.13861,3.56,1.00
2018.08.16 05:13:30.202,1.1386,1.13863,1.50,3.26
2018.08.16 05:13:30.703,1.13859,1.13863,3.64,3.64
2018.08.16 05:13:31.297,1.13861,1.13864,1.50,1.57
2018.08.16 05:13:31.840,1.1386,1.13864,3.37,3.37
2018.08.16 05:13:32.152,1.13862,1.13864,1.00,1.00
2018.08.16 05:13:32.934,1.1386,1.13865,4.57,2.44
2018.08.16 05:13:33.643,1.1386,1.13864,5.51,1.10
2018.08.16 05:13:34.163,1.13861,1.13864,1.25,1.00
2018.08.16 05:13:35.127,1.13862,1.13864,1.00,1.57
2018.08.16 05:13:41.547,1.1386,1.13862,1.60,1.50
2018.08.16 05:13:41.863,1.13858,1.13862,3.94,3.94
2018.08.16 05:13:43.052,1.13858,1.13861,1.00,1.69
2018.08.16 05:13:43.904,1.13858,1.13861,1.00,1.25
2018.08.16 05:13:44.205,1.13857,1.13859,1.00,2.62
2018.08.16 05:13:44.503,1.13857,1.1386,2.62,1.00
2018.08.16 05:13:44.711,1.1386,1.13861,1.69,1.00
2018.08.16 05:13:44.763,1.13861,1.13863,1.00,1.20
2018.08.16 05:13:45.187,1.13859,1.13863,4.20,2.70
2018.08.16 05:13:45.696,1.13859,1.13863,2.70,4.95
2018.08.16 05:13:46.306,1.1386,1.13862,1.00,1.50
2018.08.16 05:13:46.894,1.13859,1.13862,2.62,1.00
2018.08.16 05:13:48.372,1.13857,1.13861,4.57,1.00
2018.08.16 05:13:49.381,1.13857,1.13861,2.25,3.19
2018.08.16 05:13:49.948,1.13857,1.13861,2.51,2.89
2018.08.16 05:13:50.532,1.13857,1.13861,1.12,1.76
2018.08.16 05:13:50.585,1.13857,1.13859,1.12,1.50
2018.08.16 05:13:52.855,1.13857,1.1386,1.12,1.10
2018.08.16 05:13:54.094,1.13857,1.13861,1.76,1.57
2018.08.16 05:13:54.452,1.13862,1.13864,1.00,1.95
2018.08.16 05:13:56.404,1.1386,1.13863,4.76,1.50
2018.08.16 05:13:57.111,1.1386,1.13864,6.19,2.62
2018.08.16 05:13:57.673,1.13862,1.13864,1.00,1.12
2018.08.16 05:13:58.227,1.13863,1.13865,1.12,1.50
2018.08.16 05:14:00.684,1.13863,1.13864,1.00,1.25
2018.08.16 05:14:00.736,1.13861,1.13864,2.14,1.25
2018.08.16 05:14:00.843,1.1386,1.13862,1.07,1.50
2018.08.16 05:14:00.926,1.13859,1.13862,1.39,1.50
2018.08.16 05:14:01.578,1.13859,1.13861,1.00,1.00
2018.08.16 05:14:05.441,1.13858,1.13862,1.00,5.62
2018.08.16 05:14:05.966,1.13857,1.13861,3.26,1.31
2018.08.16 05:14:06.089,1.13859,1.13861,1.00,2.25
2018.08.16 05:14:06.652,1.13859,1.13861,1.00,1.50
2018.08.16 05:14:11.490,1.13856,1.13859,3.26,1.50
2018.08.16 05:14:11.650,1.13853,1.13856,1.20,1.87
2018.08.16 05:14:13.574,1.13853,1.13854,1.00,1.00
2018.08.16 05:14:13.683,1.13851,1.13854,1.57,1.00
2018.08.16 05:14:14.955,1.13851,1.13854,3.26,1.00
2018.08.16 05:14:15.061,1.13853,1.13856,1.00,1.95
2018.08.16 05:14:15.436,1.13854,1.13858,2.06,1.50
2018.08.16 05:14:15.669,1.13856,1.1386,1.10,1.57
2018.08.16 05:14:18.045,1.13856,1.13861,4.20,1.31
2018.08.16 05:14:18.304,1.13858,1.13861,1.25,1.31
2018.08.16 05:14:20.135,1.13857,1.13861,2.51,1.12
2018.08.16 05:14:21.087,1.13858,1.13861,1.25,3.94
2018.08.16 05:14:21.623,1.13857,1.13861,3.19,3.75
2018.08.16 05:14:22.138,1.13858,1.13862,1.25,8.51
2018.08.16 05:14:22.709,1.13857,1.13861,2.81,1.87
2018.08.16 05:14:23.012,1.13852,1.13856,2.70,1.50
2018.08.16 05:14:23.529,1.13852,1.13856,1.95,1.50
2018.08.16 05:14:23.921,1.13855,1.13858,3.75,2.70
2018.08.16 05:14:24.028,1.13856,1.13858,1.12,1.00
2018.08.16 05:14:24.553,1.13855,1.13857,1.12,1.00
2018.08.16 05:14:25.459,1.13856,1.13858,1.00,1.10
2018.08.16 05:14:25.660,1.13854,1.13858,5.51,1.95
2018.08.16 05:14:26.190,1.13855,1.13859,5.81,1.10
2018.08.16 05:14:26.739,1.13856,1.1386,1.00,1.10
2018.08.16 05:14:27.911,1.13857,1.1386,3.00,1.57
2018.08.16 05:14:28.430,1.13857,1.13861,1.50,1.10
2018.08.16 05:14:28.948,1.13857,1.13861,2.25,3.64
2018.08.16 05:14:29.260,1.13854,1.13857,2.62,1.30
2018.08.16 05:14:29.794,1.13854,1.13858,5.44,4.57
2018.08.16 05:14:30.120,1.13859,1.13861,1.50,1.00
2018.08.16 05:14:30.328,1.1386,1.13863,1.00,3.45
2018.08.16 05:14:30.888,1.13861,1.13864,1.12,1.57
2018.08.16 05:14:35.441,1.13862,1.13865,1.25,3.07
2018.08.16 05:14:35.559,1.13862,1.13866,1.87,1.20
2018.08.16 05:14:35.769,1.13861,1.13864,2.14,1.00
2018.08.16 05:14:36.274,1.1386,1.13863,1.12,3.00
2018.08.16 05:14:36.435,1.13862,1.13866,1.31,3.82
2018.08.16 05:14:36.540,1.13865,1.13866,3.19,1.12
2018.08.16 05:14:36.749,1.13871,1.13876,3.56,3.45
2018.08.16 05:14:37.023,1.13872,1.13876,1.12,1.76
2018.08.16 05:14:39.063,1.13873,1.13876,1.00,1.95
2018.08.16 05:14:39.574,1.13873,1.13875,1.00,1.25
2018.08.16 05:14:40.046,1.13874,1.13877,1.50,1.57
2018.08.16 05:14:40.263,1.13874,1.13879,1.20,3.45
2018.08.16 05:14:40.806,1.13874,1.13878,3.07,2.00
2018.08.16 05:14:40.861,1.13873,1.13876,1.10,1.19
2018.08.16 05:14:41.127,1.13871,1.13873,1.10,2.81
2018.08.16 05:14:41.235,1.13869,1.13872,1.01,1.87
2018.08.16 05:14:41.740,1.13869,1.13874,6.45,2.44
2018.08.16 05:14:41.793,1.13872,1.13874,1.00,1.20
2018.08.16 05:14:43.522,1.13872,1.13874,1.00,1.31
2018.08.16 05:14:44.102,1.13872,1.13874,1.00,1.00
2018.08.16 05:14:50.614,1.13869,1.13873,4.39,4.31
2018.08.16 05:14:51.084,1.1387,1.13874,1.31,4.20
2018.08.16 05:14:52.916,1.13871,1.13874,1.00,1.50
2018.08.16 05:14:53.524,1.13871,1.13875,1.87,1.12
2018.08.16 05:14:54.932,1.13872,1.13875,1.25,1.69
2018.08.16 05:14:55.696,1.13871,1.13873,1.12,1.00
2018.08.16 05:14:56.060,1.13871,1.13875,1.31,3.07
2018.08.16 05:14:56.217,1.13872,1.13875,1.50,1.00
2018.08.16 05:14:57.695,1.13872,1.13875,1.12,1.25
2018.08.16 05:14:59.867,1.13873,1.13875,1.00,1.50
2018.08.16 05:15:00.250,1.13871,1.13876,1.57,2.06
2018.08.16 05:15:01.021,1.13871,1.13875,4.20,1.00
2018.08.16 05:15:01.646,1.13871,1.13876,1.95,1.00
2018.08.16 05:15:02.664,1.13871,1.13875,2.25,2.06
2018.08.16 05:15:04.496,1.1387,1.13874,2.42,1.50
2018.08.16 05:15:04.599,1.13869,1.13873,1.39,7.12
2018.08.16 05:15:04.861,1.13867,1.13871,3.00,1.25
2018.08.16 05:15:04.964,1.13868,1.13872,3.45,5.14
2018.08.16 05:15:05.478,1.1387,1.13875,3.26,4.57
2018.08.16 05:15:06.087,1.13871,1.13874,1.12,1.12
2018.08.16 05:15:06.594,1.13871,1.13875,1.00,4.20
2018.08.16 05:15:07.152,1.1387,1.13875,3.75,2.70
2018.08.16 05:15:08.075,1.13871,1.13875,1.00,2.70
2018.08.16 05:15:08.534,1.1387,1.13872,1.20,1.00
2018.08.16 05:15:09.050,1.1387,1.13873,1.69,2.25
2018.08.16 05:15:09.399,1.13871,1.13875,2.81,1.20
2018.08.16 05:15:09.663,1.13871,1.13874,1.50,1.31
2018.08.16 05:15:09.918,1.13871,1.13875,3.19,1.87
2018.08.16 05:15:11.070,1.13872,1.13875,1.00,2.62
2018.08.16 05:15:11.650,1.13871,1.13874,2.62,1.31
2018.08.16 05:15:12.159,1.13872,1.13874,1.00,1.00
2018.08.16 05:15:12.417,1.13873,1.13876,1.50,1.00
2018.08.16 05:15:12.921,1.13874,1.13876,1.00,1.00
2018.08.16 05:15:13.464,1.13873,1.13877,1.00,4.87
2018.08.16 05:15:15.452,1.13873,1.13877,1.25,4.12
2018.08.16 05:15:15.953,1.13873,1.13877,1.87,3.45
2018.08.16 05:15:21.087,1.13873,1.13876,1.00,2.81
2018.08.16 05:15:21.192,1.13871,1.13875,1.00,2.81
2018.08.16 05:15:21.698,1.13871,1.13876,5.32,2.70
2018.08.16 05:15:27.390,1.13871,1.13874,1.20,1.12
2018.08.16 05:15:29.909,1.13872,1.13876,2.25,3.82
2018.08.16 05:15:30.462,1.13873,1.13876,1.00,1.50
2018.08.16 05:15:30.984,1.13872,1.13876,1.50,1.50
2018.08.16 05:15:31.904,1.13873,1.13876,1.00,2.32
2018.08.16 05:15:32.554,1.13873,1.13876,1.25,1.76
2018.08.16 05:15:35.098,1.13872,1.13876,1.01,1.01
2018.08.16 05:15:39.124,1.13872,1.13877,1.69,1.95
2018.08.16 05:15:39.241,1.13875,1.13877,1.00,1.95
2018.08.16 05:15:39.347,1.13877,1.13881,1.50,3.45
2018.08.16 05:15:39.837,1.13876,1.1388,3.26,2.66
2018.08.16 05:15:40.132,1.13873,1.13876,1.12,1.50
2018.08.16 05:15:40.349,1.13874,1.13877,1.19,1.69
2018.08.16 05:15:40.509,1.13875,1.13879,2.06,2.32
2018.08.16 05:15:41.085,1.13876,1.13879,1.00,1.00
2018.08.16 05:15:46.152,1.13878,1.1388,2.44,1.25
2018.08.16 05:15:46.258,1.13878,1.13882,3.82,3.07
2018.08.16 05:15:46.573,1.13877,1.13881,1.95,1.76
2018.08.16 05:15:46.784,1.13877,1.13879,1.00,1.43
2018.08.16 05:15:46.838,1.13874,1.13877,5.62,1.25
2018.08.16 05:15:46.996,1.13872,1.13877,3.07,6.00
2018.08.16 05:15:48.071,1.13872,1.13876,2.89,1.69
2018.08.16 05:15:48.615,1.13872,1.13876,2.32,1.87
2018.08.16 05:15:49.042,1.13872,1.13876,3.07,1.50
2018.08.16 05:15:49.495,1.13872,1.13876,2.32,1.00
2018.08.16 05:15:49.869,1.13872,1.13876,2.70,1.50
2018.08.16 05:15:50.210,1.13876,1.13878,1.01,1.25
2018.08.16 05:15:51.141,1.13874,1.13878,1.10,2.62
2018.08.16 05:15:51.269,1.13872,1.13875,1.20,1.69
2018.08.16 05:15:51.536,1.1387,1.13874,2.51,2.06
2018.08.16 05:15:52.154,1.1387,1.13874,1.10,2.06
2018.08.16 05:15:52.311,1.13869,1.13872,1.57,3.37
2018.08.16 05:15:52.521,1.13868,1.13871,1.57,1.00
2018.08.16 05:15:53.059,1.13869,1.13872,1.10,3.56
2018.08.16 05:15:53.604,1.13868,1.13872,1.10,3.56
2018.08.16 05:15:54.140,1.13868,1.13872,1.76,6.19
2018.08.16 05:15:54.656,1.13868,1.13872,1.01,6.56
2018.08.16 05:15:55.175,1.13867,1.13872,3.26,4.31
2018.08.16 05:15:59.326,1.13869,1.13872,3.07,1.00
2018.08.16 05:15:59.855,1.13869,1.13873,3.07,2.44
2018.08.16 05:16:00.819,1.13868,1.13872,2.51,1.00
2018.08.16 05:16:01.336,1.13868,1.13873,1.31,2.70
2018.08.16 05:16:02.530,1.13868,1.13872,2.06,1.00
2018.08.16 05:16:03.075,1.13866,1.13871,6.26,2.25
2018.08.16 05:16:03.695,1.13866,1.13871,7.95,2.25
2018.08.16 05:16:04.198,1.13867,1.13871,1.00,3.00
2018.08.16 05:16:04.712,1.13866,1.13871,7.20,2.25
2018.08.16 05:16:05.051,1.13865,1.13867,1.00,2.25
2018.08.16 05:16:05.156,1.13862,1.13867,6.26,2.44
2018.08.16 05:16:05.413,1.13864,1.13868,3.71,1.10
2018.08.16 05:16:05.515,1.13864,1.13867,1.01,1.19
2018.08.16 05:16:06.034,1.13864,1.13867,1.00,1.00
2018.08.16 05:16:09.632,1.13863,1.13866,1.25,1.00
2018.08.16 05:16:11.597,1.13863,1.13866,1.76,1.00
2018.08.16 05:16:12.640,1.13863,1.13866,1.39,1.00
2018.08.16 05:16:17.662,1.13862,1.13866,2.32,3.00
2018.08.16 05:16:17.768,1.13862,1.13865,1.31,2.81
2018.08.16 05:16:18.107,1.13855,1.13859,4.57,1.00
2018.08.16 05:16:18.161,1.13855,1.13859,1.57,2.62
2018.08.16 05:16:18.214,1.13855,1.13856,1.57,1.12
2018.08.16 05:16:18.430,1.13852,1.13855,1.20,1.12
2018.08.16 05:16:18.673,1.13855,1.13856,1.00,1.00
2018.08.16 05:16:18.780,1.13853,1.13858,5.70,1.69
2018.08.16 05:16:19.367,1.13855,1.13859,1.20,3.37
2018.08.16 05:16:19.420,1.13853,1.13857,2.32,1.12
2018.08.16 05:16:19.747,1.13852,1.13855,1.39,1.00
2018.08.16 05:16:20.252,1.13852,1.13855,1.20,2.25
2018.08.16 05:16:20.836,1.13852,1.13855,1.20,3.00
2018.08.16 05:16:21.281,1.1385,1.13852,1.20,1.00
2018.08.16 05:16:21.388,1.13847,1.1385,1.57,1.50
2018.08.16 05:16:21.938,1.13849,1.13851,1.00,1.12
2018.08.16 05:16:22.043,1.1385,1.13854,1.19,4.20
2018.08.16 05:16:22.597,1.13852,1.13854,1.00,1.50
2018.08.16 05:16:23.120,1.1385,1.13853,3.45,1.25
2018.08.16 05:16:23.172,1.13849,1.13851,1.57,1.00
2018.08.16 05:16:23.519,1.13845,1.13847,3.26,1.00
2018.08.16 05:16:23.776,1.13845,1.13849,3.64,1.50
2018.08.16 05:16:24.294,1.13844,1.13849,3.64,5.81
2018.08.16 05:16:24.652,1.13844,1.13846,1.31,1.50
2018.08.16 05:16:24.923,1.13846,1.13849,1.12,2.32
2018.08.16 05:16:25.443,1.13846,1.13849,2.51,1.50
2018.08.16 05:16:25.988,1.13847,1.1385,1.31,1.50
2018.08.16 05:16:28.214,1.13847,1.13849,1.10,1.00
2018.08.16 05:16:28.424,1.13844,1.13847,1.47,2.81
2018.08.16 05:16:28.530,1.13842,1.13847,3.45,1.31
2018.08.16 05:16:30.209,1.13842,1.13847,3.45,4.01
2018.08.16 05:16:30.728,1.13842,1.13845,3.26,1.50
2018.08.16 05:16:34.128,1.13841,1.13845,5.32,2.44
2018.08.16 05:16:34.634,1.13841,1.13843,1.10,1.50
2018.08.16 05:16:34.686,1.1384,1.13844,6.83,1.00
2018.08.16 05:16:35.000,1.13842,1.13844,2.06,1.00
2018.08.16 05:16:35.537,1.13842,1.13845,1.31,1.00
2018.08.16 05:16:36.054,1.13842,1.13845,2.25,1.25
2018.08.16 05:16:36.562,1.13842,1.13845,1.31,1.00
2018.08.16 05:16:37.013,1.13839,1.13843,4.20,4.87
2018.08.16 05:16:37.529,1.13841,1.13844,4.76,1.00
2018.08.16 05:16:38.032,1.13841,1.13844,4.01,1.00
2018.08.16 05:16:38.594,1.13842,1.13844,1.58,1.00
2018.08.16 05:16:38.727,1.13842,1.13846,1.95,2.25
2018.08.16 05:16:40.570,1.13842,1.13845,2.14,1.00
2018.08.16 05:16:40.853,1.13845,1.13848,1.25,3.37
2018.08.16 05:16:40.956,1.13846,1.13849,4.99,2.25
2018.08.16 05:16:41.059,1.13847,1.13851,4.01,1.00
2018.08.16 05:16:41.593,1.13848,1.13852,1.32,5.25
2018.08.16 05:16:41.751,1.13848,1.13851,1.32,1.69
2018.08.16 05:16:42.308,1.13848,1.13851,1.10,1.25
2018.08.16 05:16:42.718,1.13846,1.13849,2.89,1.50
2018.08.16 05:16:43.034,1.13842,1.13847,2.51,3.56
2018.08.16 05:16:43.576,1.13844,1.13847,1.45,6.19
2018.08.16 05:16:43.629,1.13845,1.13848,5.32,5.62
2018.08.16 05:16:43.833,1.13845,1.13849,3.07,2.25
2018.08.16 05:16:44.412,1.13846,1.13848,1.45,1.00
2018.08.16 05:16:44.926,1.13845,1.13849,4.39,1.50
2018.08.16 05:16:50.374,1.13846,1.13849,1.70,1.00
2018.08.16 05:16:51.291,1.13846,1.13848,1.20,1.00
2018.08.16 05:16:51.811,1.13846,1.1385,2.70,2.81
2018.08.16 05:16:52.539,1.13846,1.1385,1.57,3.56
2018.08.16 05:16:54.735,1.13846,1.13849,1.32,1.00
2018.08.16 05:16:55.419,1.13846,1.1385,1.32,1.12
2018.08.16 05:16:56.409,1.13846,1.1385,1.95,3.56
2018.08.16 05:16:57.056,1.13846,1.1385,2.14,1.69
2018.08.16 05:16:58.007,1.13846,1.13849,1.57,1.00
2018.08.16 05:16:59.036,1.13846,1.1385,1.95,1.50
2018.08.16 05:17:01.876,1.13847,1.13849,1.10,1.00
2018.08.16 05:17:03.202,1.13847,1.1385,1.10,1.50
2018.08.16 05:17:04.733,1.13847,1.1385,1.95,1.69
2018.08.16 05:17:05.284,1.13847,1.13851,3.45,3.00
2018.08.16 05:17:08.166,1.13847,1.13851,3.45,5.44
2018.08.16 05:17:08.819,1.13847,1.13851,2.51,3.19
2018.08.16 05:17:09.374,1.13847,1.1385,2.51,1.50
2018.08.16 05:17:11.162,1.13845,1.13848,4.76,4.12
2018.08.16 05:17:11.217,1.13844,1.13847,1.20,3.00
2018.08.16 05:17:11.755,1.13843,1.13846,1.76,1.00
2018.08.16 05:17:12.396,1.13843,1.13845,1.76,1.50
2018.08.16 05:17:12.978,1.13843,1.13846,1.39,1.50
2018.08.16 05:17:14.118,1.13843,1.13846,1.39,2.25
2018.08.16 05:17:19.352,1.13842,1.13845,1.32,2.25
2018.08.16 05:17:20.340,1.13841,1.13845,5.51,2.25
2018.08.16 05:17:20.879,1.13842,1.13845,1.57,2.44
2018.08.16 05:17:21.420,1.13841,1.13845,3.64,2.25
2018.08.16 05:17:22.004,1.13841,1.13845,3.07,2.25
2018.08.16 05:17:24.554,1.13841,1.13846,3.64,5.81
2018.08.16 05:17:25.075,1.13842,1.13846,1.70,5.81
2018.08.16 05:17:26.037,1.13842,1.13846,2.32,6.56
2018.08.16 05:17:26.630,1.13842,1.13846,1.39,3.94
2018.08.16 05:17:27.490,1.13842,1.13845,1.57,1.50
2018.08.16 05:17:30.055,1.13843,1.13846,2.70,2.25
2018.08.16 05:17:30.215,1.13847,1.1385,1.19,1.00
2018.08.16 05:17:30.942,1.13847,1.13849,1.95,1.00
2018.08.16 05:17:31.932,1.13847,1.13849,1.95,1.00
2018.08.16 05:17:34.752,1.13846,1.13849,1.57,1.50
2018.08.16 05:17:35.483,1.13847,1.13849,1.20,1.00
2018.08.16 05:17:36.033,1.13846,1.1385,1.45,2.62
2018.08.16 05:17:36.086,1.13846,1.13849,1.39,1.00
2018.08.16 05:17:36.190,1.13846,1.13849,1.95,1.00
2018.08.16 05:17:36.450,1.13846,1.13849,1.57,1.00
2018.08.16 05:17:37.026,1.13846,1.1385,2.14,2.06
2018.08.16 05:17:37.704,1.13846,1.13849,5.14,1.00
2018.08.16 05:17:38.404,1.13846,1.13849,4.39,1.00
2018.08.16 05:17:38.976,1.13846,1.1385,3.07,1.25
2018.08.16 05:17:39.919,1.13847,1.13851,2.32,6.00
2018.08.16 05:17:40.436,1.13847,1.13851,2.70,2.44
2018.08.16 05:17:41.383,1.13847,1.13851,1.95,1.12
2018.08.16 05:17:42.383,1.13847,1.13851,1.95,2.25
2018.08.16 05:17:43.029,1.13847,1.13851,1.57,2.25
2018.08.16 05:17:43.732,1.13848,1.13851,1.00,4.50
2018.08.16 05:17:45.186,1.13845,1.13847,3.82,1.50
2018.08.16 05:17:45.240,1.13844,1.13847,1.10,3.00
2018.08.16 05:17:45.399,1.13846,1.13849,1.50,1.87
2018.08.16 05:17:45.923,1.13847,1.13849,1.10,1.50
2018.08.16 05:17:46.182,1.13847,1.13851,1.57,5.25
2018.08.16 05:17:46.777,1.13847,1.13851,1.00,2.32
2018.08.16 05:17:48.536,1.13847,1.13851,1.50,4.20
2018.08.16 05:17:49.105,1.13847,1.1385,1.00,1.76
2018.08.16 05:17:49.213,1.13845,1.13848,2.44,1.50
2018.08.16 05:17:49.547,1.13847,1.13849,1.00,1.00
2018.08.16 05:17:50.108,1.13847,1.1385,1.50,1.00
2018.08.16 05:17:50.652,1.13847,1.13851,1.50,6.37
2018.08.16 05:17:51.350,1.13847,1.1385,1.50,1.00
2018.08.16 05:17:51.971,1.13848,1.1385,1.00,2.25
2018.08.16 05:17:52.506,1.13847,1.13851,2.06,2.81
2018.08.16 05:17:53.034,1.13847,1.13851,1.20,1.95
2018.08.16 05:17:55.767,1.13846,1.1385,2.32,1.00
2018.08.16 05:17:55.923,1.13844,1.13848,3.07,1.50
2018.08.16 05:17:55.976,1.13844,1.13846,1.10,1.00
2018.08.16 05:17:56.732,1.13843,1.13846,1.95,1.00
2018.08.16 05:17:57.253,1.13843,1.13846,2.14,1.00
2018.08.16 05:17:58.293,1.13843,1.13846,3.64,1.69
2018.08.16 05:17:58.396,1.13845,1.13849,5.89,3.07
2018.08.16 05:17:58.447,1.13845,1.13849,8.92,1.57
2018.08.16 05:17:58.949,1.13847,1.1385,1.57,1.25
2018.08.16 05:17:59.571,1.13847,1.13851,1.10,2.32
2018.08.16 05:18:00.122,1.13847,1.13851,1.10,3.45
2018.08.16 05:18:01.101,1.13848,1.1385,1.00,1.00
2018.08.16 05:18:01.312,1.13849,1.13852,1.00,3.75
2018.08.16 05:18:01.831,1.13848,1.1385,3.07,1.00
2018.08.16 05:18:02.365,1.13844,1.13847,1.12,3.00
2018.08.16 05:18:02.468,1.13844,1.13848,1.31,3.94
2018.08.16 05:18:02.520,1.13845,1.13848,3.19,2.25
2018.08.16 05:18:03.061,1.13847,1.13849,1.00,1.00
2018.08.16 05:18:03.271,1.13845,1.13849,1.69,3.00
2018.08.16 05:18:03.326,1.13844,1.13847,1.57,1.87
2018.08.16 05:18:03.537,1.13845,1.13849,2.44,1.50
2018.08.16 05:18:04.468,1.13844,1.13847,4.20,1.12
2018.08.16 05:18:04.574,1.13843,1.13846,2.51,1.50
2018.08.16 05:18:04.679,1.13845,1.13848,1.44,1.57
2018.08.16 05:18:04.829,1.13845,1.13849,2.44,2.25
2018.08.16 05:18:05.341,1.13846,1.1385,1.25,4.01
2018.08.16 05:18:06.373,1.13846,1.1385,4.12,3.75
2018.08.16 05:18:06.742,1.13846,1.13848,2.32,1.25
2018.08.16 05:18:06.796,1.13844,1.13847,2.32,1.50
2018.08.16 05:18:08.628,1.13845,1.13849,1.50,4.57
2018.08.16 05:18:08.681,1.13847,1.13849,1.25,3.07
2018.08.16 05:18:08.733,1.13847,1.1385,1.25,2.44
2018.08.16 05:18:09.645,1.13847,1.13851,4.50,1.87
2018.08.16 05:18:09.754,1.13848,1.13852,4.31,1.87
2018.08.16 05:18:10.207,1.13851,1.13853,1.00,1.50
2018.08.16 05:18:10.738,1.13852,1.13854,1.50,1.00
2018.08.16 05:18:11.862,1.13851,1.13852,1.00,1.50
2018.08.16 05:18:12.083,1.13848,1.1385,1.00,1.00
2018.08.16 05:18:13.711,1.13847,1.13849,1.00,1.00
2018.08.16 05:18:13.891,1.13847,1.13851,1.00,3.00
2018.08.16 05:18:14.441,1.13847,1.13851,2.51,3.56
2018.08.16 05:18:14.986,1.13847,1.13851,1.39,1.87
2018.08.16 05:18:15.521,1.13847,1.13851,1.87,2.25
2018.08.16 05:18:16.088,1.13847,1.13851,1.20,1.12
2018.08.16 05:18:16.620,1.13848,1.13851,2.44,1.00
2018.08.16 05:18:16.723,1.13849,1.13851,2.06,1.00
2018.08.16 05:18:16.936,1.13851,1.13853,1.25,1.12
2018.08.16 05:18:16.988,1.13851,1.13855,1.20,7.57
2018.08.16 05:18:17.860,1.1385,1.13853,3.64,1.00
2018.08.16 05:18:18.070,1.13848,1.13851,1.10,1.12
2018.08.16 05:18:19.639,1.13848,1.1385,1.20,1.00
2018.08.16 05:18:23.129,1.13848,1.13852,3.82,3.64
2018.08.16 05:18:23.295,1.13851,1.13853,1.00,3.26
2018.08.16 05:18:23.350,1.13851,1.13855,1.87,2.44
2018.08.16 05:18:23.616,1.1385,1.13854,1.20,2.51
2018.08.16 05:18:23.724,1.13847,1.13852,10.20,2.25
2018.08.16 05:18:24.312,1.13847,1.13851,2.32,1.12
2018.08.16 05:18:25.849,1.13847,1.13852,6.08,2.62
2018.08.16 05:18:26.164,1.13851,1.13855,1.50,2.51
2018.08.16 05:18:26.683,1.13852,1.13855,1.29,1.00
2018.08.16 05:18:27.190,1.13851,1.13855,4.39,1.00
2018.08.16 05:18:28.132,1.13851,1.13853,1.07,3.37
2018.08.16 05:18:28.239,1.1385,1.13852,1.00,1.12
2018.08.16 05:18:28.292,1.13848,1.13852,3.26,4.50
2018.08.16 05:18:28.962,1.1385,1.13852,1.00,1.57
2018.08.16 05:18:29.497,1.13849,1.13853,3.45,1.10
2018.08.16 05:18:30.038,1.1385,1.13853,1.31,1.76
2018.08.16 05:18:30.585,1.1385,1.13854,4.76,2.32
2018.08.16 05:18:34.463,1.1385,1.13854,1.20,2.51
2018.08.16 05:18:34.620,1.13847,1.13852,4.39,4.31
2018.08.16 05:18:35.301,1.13848,1.13851,1.25,1.31
2018.08.16 05:18:36.092,1.13848,1.13851,1.19,1.25
2018.08.16 05:18:36.298,1.13847,1.13852,5.51,2.63
2018.08.16 05:18:36.861,1.13847,1.13851,3.45,1.01
2018.08.16 05:18:37.130,1.13846,1.13848,1.10,1.50
2018.08.16 05:18:37.717,1.13845,1.13848,2.81,1.00
2018.08.16 05:18:38.048,1.13847,1.1385,1.00,1.07
2018.08.16 05:18:38.156,1.13847,1.13851,1.69,2.32
2018.08.16 05:18:42.217,1.13846,1.13848,4.35,3.75
2018.08.16 05:18:42.749,1.13846,1.13849,1.50,1.35
2018.08.16 05:18:43.293,1.13846,1.1385,2.89,3.82
2018.08.16 05:18:43.890,1.13846,1.1385,3.07,2.32
2018.08.16 05:18:45.677,1.13847,1.1385,1.31,1.12
2018.08.16 05:18:46.214,1.13847,1.1385,1.25,2.62
2018.08.16 05:18:50.700,1.13846,1.1385,4.50,4.31
2018.08.16 05:18:51.437,1.13846,1.13849,4.50,1.31
2018.08.16 05:18:51.973,1.13847,1.1385,1.01,1.12
2018.08.16 05:18:52.500,1.13848,1.1385,1.50,1.87
2018.08.16 05:18:54.724,1.13848,1.1385,1.19,1.00
2018.08.16 05:18:55.289,1.13848,1.1385,1.25,1.00
2018.08.16 05:18:56.768,1.13847,1.1385,1.50,1.20
2018.08.16 05:18:57.030,1.13844,1.13849,4.76,3.19
2018.08.16 05:18:58.053,1.13844,1.13849,5.06,7.01
2018.08.16 05:18:58.159,1.13844,1.13846,2.25,1.00
2018.08.16 05:18:58.304,1.13842,1.13846,1.95,1.12
2018.08.16 05:19:00.127,1.13842,1.13846,4.39,1.50
2018.08.16 05:19:00.320,1.13845,1.13848,1.87,1.10
2018.08.16 05:19:00.373,1.13847,1.1385,1.50,4.57
2018.08.16 05:19:00.427,1.13846,1.1385,4.16,1.87
2018.08.16 05:19:01.034,1.13848,1.1385,1.00,1.95
2018.08.16 05:19:02.707,1.13849,1.13851,1.12,1.31
2018.08.16 05:19:02.843,1.13849,1.13853,7.01,1.20
2018.08.16 05:19:02.948,1.13852,1.13854,1.00,1.50
2018.08.16 05:19:03.449,1.13853,1.13855,1.00,1.00
2018.08.16 05:19:03.980,1.13852,1.13856,1.50,1.50
2018.08.16 05:19:13.370,1.13852,1.13855,1.50,1.50
2018.08.16 05:19:14.729,1.13852,1.13856,1.69,3.19
2018.08.16 05:19:15.245,1.13852,1.13855,1.76,1.25
2018.08.16 05:19:15.920,1.13852,1.13856,2.25,1.50
2018.08.16 05:19:16.253,1.13859,1.13862,2.25,1.95
2018.08.16 05:19:16.309,1.1386,1.13862,1.69,1.00
2018.08.16 05:19:16.365,1.13861,1.13864,1.50,2.62
2018.08.16 05:19:16.519,1.13863,1.13865,1.00,1.20
2018.08.16 05:19:17.046,1.13864,1.13865,1.25,1.00
2018.08.16 05:19:17.231,1.1386,1.13864,3.22,2.25
2018.08.16 05:19:17.374,1.1386,1.13864,1.12,3.07
2018.08.16 05:19:17.929,1.13861,1.13864,1.25,1.12
2018.08.16 05:19:18.455,1.13862,1.13865,1.00,2.51
2018.08.16 05:19:19.021,1.13861,1.13865,1.69,2.51
2018.08.16 05:19:19.384,1.13863,1.13866,2.25,1.12
2018.08.16 05:19:21.426,1.13861,1.13865,2.32,1.12
2018.08.16 05:19:21.959,1.13862,1.13865,1.00,1.00
2018.08.16 05:19:22.616,1.1386,1.13864,1.57,5.25
2018.08.16 05:19:22.720,1.13859,1.13864,5.44,4.76
2018.08.16 05:19:23.358,1.13859,1.13864,3.64,6.07
2018.08.16 05:19:23.468,1.13863,1.13866,1.00,3.07
2018.08.16 05:19:23.521,1.13863,1.13866,1.87,1.07
2018.08.16 05:19:23.575,1.13863,1.13867,3.94,1.12
2018.08.16 05:19:24.292,1.13864,1.13866,1.00,1.00
2018.08.16 05:19:24.901,1.13862,1.13864,1.76,1.00
2018.08.16 05:19:25.008,1.1386,1.13864,1.12,2.89
2018.08.16 05:19:26.042,1.1386,1.13864,1.57,1.10
2018.08.16 05:19:26.628,1.13861,1.13864,1.50,1.00
2018.08.16 05:19:28.584,1.13862,1.13864,1.25,1.00
2018.08.16 05:19:29.101,1.13862,1.13867,2.06,3.82
2018.08.16 05:19:29.874,1.13863,1.13866,1.25,1.00
2018.08.16 05:19:30.081,1.13862,1.13864,1.00,1.00
2018.08.16 05:19:30.184,1.1386,1.13863,2.62,1.50
2018.08.16 05:19:33.170,1.1386,1.13863,2.51,3.00
2018.08.16 05:19:33.914,1.1386,1.13864,1.50,2.06
2018.08.16 05:19:34.142,1.13863,1.13864,1.00,1.00
2018.08.16 05:19:34.722,1.13863,1.13865,1.50,1.00
2018.08.16 05:19:34.829,1.13861,1.13865,1.76,1.69
2018.08.16 05:19:37.236,1.1386,1.13863,1.87,1.50
2018.08.16 05:19:37.753,1.13861,1.13864,1.25,1.10
2018.08.16 05:19:38.508,1.1386,1.13865,5.32,3.82
2018.08.16 05:19:39.571,1.13861,1.13865,2.06,2.32
2018.08.16 05:19:40.096,1.13861,1.13866,4.95,4.20
2018.08.16 05:19:40.256,1.1386,1.13863,1.87,3.00
2018.08.16 05:19:41.398,1.13861,1.13864,1.00,3.37
2018.08.16 05:19:41.965,1.1386,1.13864,5.44,1.50
2018.08.16 05:19:42.501,1.13861,1.13864,1.00,1.50
2018.08.16 05:19:42.555,1.13863,1.13864,1.00,1.00
2018.08.16 05:19:43.064,1.13862,1.13865,1.00,1.00
2018.08.16 05:19:44.120,1.13861,1.13863,1.50,1.50
2018.08.16 05:19:44.758,1.1386,1.13864,2.06,6.26
2018.08.16 05:19:54.431,1.1386,1.13863,2.06,2.32
2018.08.16 05:20:01.418,1.1386,1.13862,1.87,1.00
2018.08.16 05:20:01.934,1.1386,1.13863,1.12,3.00
2018.08.16 05:20:03.359,1.1386,1.13862,1.12,1.12
2018.08.16 05:20:04.040,1.1386,1.13863,1.12,3.00
2018.08.16 05:20:05.218,1.1386,1.13862,1.00,1.50
2018.08.16 05:20:05.767,1.13859,1.13861,1.00,1.00
2018.08.16 05:20:06.366,1.13859,1.13862,1.00,4.50
2018.08.16 05:20:09.162,1.13861,1.13863,1.00,2.32
2018.08.16 05:20:09.426,1.13863,1.13866,1.00,1.95
2018.08.16 05:20:09.954,1.13862,1.13866,2.44,3.94
2018.08.16 05:20:10.457,1.13862,1.13865,1.87,1.12
2018.08.16 05:20:12.032,1.13862,1.13865,2.06,1.37
2018.08.16 05:20:13.239,1.13862,1.13865,2.44,1.37
2018.08.16 05:20:14.087,1.13863,1.13865,1.12,1.00
2018.08.16 05:20:21.135,1.13862,1.13864,1.10,1.00
2018.08.16 05:20:21.187,1.13861,1.13863,2.25,1.00
2018.08.16 05:20:21.291,1.13863,1.13864,1.25,1.50
2018.08.16 05:20:21.474,1.13864,1.13866,1.00,1.00
2018.08.16 05:20:26.669,1.13862,1.13866,3.82,1.95
2018.08.16 05:20:27.366,1.13862,1.13866,1.87,4.12
2018.08.16 05:20:27.879,1.13863,1.13866,1.69,1.57
2018.08.16 05:20:28.417,1.13863,1.13865,1.12,1.00
2018.08.16 05:20:28.937,1.13863,1.13866,1.12,3.37
2018.08.16 05:20:29.677,1.13863,1.13866,1.00,1.87
2018.08.16 05:20:30.191,1.13863,1.13866,1.69,1.00
2018.08.16 05:20:30.866,1.13863,1.13866,1.25,1.00
2018.08.16 05:20:31.593,1.13862,1.13865,1.87,1.50
2018.08.16 05:20:32.107,1.13862,1.13866,3.64,1.12
2018.08.16 05:20:33.081,1.13862,1.13866,3.82,1.00
2018.08.16 05:20:33.658,1.13863,1.13866,1.00,1.00
2018.08.16 05:20:35.471,1.13862,1.13866,4.39,1.00
2018.08.16 05:20:36.018,1.13862,1.13865,3.37,1.00
2018.08.16 05:20:38.670,1.13862,1.13866,3.07,1.00
2018.08.16 05:20:39.190,1.13863,1.13866,1.12,1.12
2018.08.16 05:20:44.212,1.13862,1.13866,1.57,5.62
2018.08.16 05:20:44.532,1.13862,1.13864,1.50,1.00
2018.08.16 05:20:44.681,1.13862,1.13866,2.62,3.00
2018.08.16 05:20:45.190,1.13862,1.13866,2.51,2.62
2018.08.16 05:20:45.785,1.13862,1.13866,1.76,1.87
2018.08.16 05:20:48.630,1.13863,1.13866,1.12,1.87
2018.08.16 05:20:48.685,1.13864,1.13868,1.25,4.42
2018.08.16 05:20:48.868,1.13867,1.13869,1.87,1.00
2018.08.16 05:20:48.972,1.13867,1.13871,3.82,1.95
2018.08.16 05:20:49.617,1.13867,1.1387,3.37,1.00
2018.08.16 05:20:49.669,1.13869,1.13871,1.00,2.62
2018.08.16 05:20:50.971,1.13869,1.13871,1.00,3.37
2018.08.16 05:20:51.133,1.13867,1.13869,1.00,2.62
2018.08.16 05:20:51.240,1.13865,1.13868,1.00,3.00
2018.08.16 05:20:51.671,1.13867,1.13869,1.00,2.32
2018.08.16 05:20:52.193,1.13867,1.13869,1.00,1.00
2018.08.16 05:20:56.608,1.13867,1.13868,1.00,3.19
2018.08.16 05:20:56.666,1.13865,1.13867,1.57,2.62
2018.08.16 05:20:57.171,1.13864,1.13866,1.50,1.00
2018.08.16 05:21:02.895,1.13862,1.13863,1.20,1.00
2018.08.16 05:21:03.107,1.13859,1.13862,1.50,2.62
2018.08.16 05:21:03.654,1.13858,1.13861,1.50,1.00
2018.08.16 05:21:04.969,1.13858,1.13862,1.95,5.32
2018.08.16 05:21:07.067,1.13858,1.13861,1.95,1.00
2018.08.16 05:21:07.701,1.13858,1.13862,1.95,6.82
2018.08.16 05:21:09.090,1.13858,1.13861,1.50,1.00
2018.08.16 05:21:09.645,1.13858,1.13862,1.87,6.75
2018.08.16 05:21:10.087,1.13859,1.13861,1.19,1.00
2018.08.16 05:21:11.211,1.13863,1.13864,1.00,1.00
2018.08.16 05:21:11.314,1.13863,1.13866,1.12,4.39
2018.08.16 05:21:11.837,1.13863,1.13865,1.12,1.00
2018.08.16 05:21:12.358,1.13863,1.13866,2.06,1.12
2018.08.16 05:21:12.928,1.13863,1.13866,1.12,1.87
2018.08.16 05:21:14.256,1.13863,1.13865,1.25,1.25
2018.08.16 05:21:14.773,1.13863,1.13866,1.25,3.19
2018.08.16 05:21:15.332,1.13863,1.13865,1.25,1.25
2018.08.16 05:21:16.604,1.13863,1.13866,1.25,2.44
2018.08.16 05:21:17.366,1.13863,1.13865,1.00,1.00
2018.08.16 05:21:17.953,1.13866,1.13868,1.50,1.20
2018.08.16 05:21:18.472,1.13867,1.13869,1.01,1.00
2018.08.16 05:21:20.644,1.13865,1.13867,1.57,1.00
2018.08.16 05:21:21.169,1.13865,1.13868,1.00,4.12
2018.08.16 05:21:21.713,1.13865,1.13867,1.00,1.00
2018.08.16 05:21:23.005,1.13865,1.13868,1.25,3.19
2018.08.16 05:21:23.921,1.13865,1.13867,1.00,1.00
2018.08.16 05:21:24.847,1.13865,1.13868,1.12,4.50
2018.08.16 05:21:25.831,1.13865,1.13867,1.00,1.00
2018.08.16 05:21:26.613,1.13865,1.13868,1.00,2.62
2018.08.16 05:21:26.930,1.13868,1.1387,1.00,2.70
2018.08.16 05:21:27.496,1.13868,1.1387,1.00,1.95
2018.08.16 05:21:28.035,1.13868,1.1387,1.00,1.00
2018.08.16 05:21:28.584,1.13868,1.13871,1.25,1.69
2018.08.16 05:21:29.106,1.13869,1.13871,1.69,1.00
2018.08.16 05:21:29.579,1.1387,1.13872,2.62,1.10
2018.08.16 05:21:29.687,1.13869,1.13872,3.26,1.35
2018.08.16 05:21:30.246,1.13869,1.13871,1.10,1.00
2018.08.16 05:21:31.360,1.13867,1.1387,1.57,1.37
2018.08.16 05:21:31.722,1.13866,1.13867,1.00,1.00
2018.08.16 05:21:31.826,1.13864,1.13867,3.19,1.12
2018.08.16 05:21:32.759,1.13867,1.13869,1.00,1.57
2018.08.16 05:21:32.864,1.13867,1.13871,1.69,1.10
2018.08.16 05:21:32.968,1.13869,1.13871,1.00,1.00
2018.08.16 05:21:37.200,1.13869,1.13872,3.75,1.76
2018.08.16 05:21:37.253,1.13869,1.13873,1.31,3.07
2018.08.16 05:21:37.796,1.13869,1.13873,1.31,3.26
2018.08.16 05:21:38.120,1.13869,1.13871,1.50,1.00
2018.08.16 05:21:41.678,1.13866,1.13868,1.57,1.50
2018.08.16 05:21:42.101,1.13867,1.1387,1.87,1.10
2018.08.16 05:21:42.612,1.13867,1.13871,2.62,2.62
2018.08.16 05:21:44.480,1.13867,1.1387,4.50,1.00
2018.08.16 05:21:46.091,1.13868,1.13871,1.00,4.31
2018.08.16 05:21:46.661,1.13869,1.13872,1.00,1.95
2018.08.16 05:21:47.243,1.13869,1.13871,1.00,1.00
2018.08.16 05:21:48.004,1.13869,1.13872,1.00,2.25
2018.08.16 05:21:49.125,1.13869,1.13871,1.00,1.25
2018.08.16 05:21:52.097,1.13869,1.13872,1.00,3.00
2018.08.16 05:21:53.017,1.13869,1.13871,1.00,1.00
2018.08.16 05:21:53.788,1.13869,1.13872,1.00,3.00
2018.08.16 05:21:54.664,1.13869,1.13871,1.00,1.00
2018.08.16 05:21:55.721,1.13869,1.13872,1.00,3.00
2018.08.16 05:21:56.603,1.13869,1.13871,1.00,1.00
2018.08.16 05:21:59.067,1.13869,1.13872,1.00,3.19
2018.08.16 05:21:59.686,1.13869,1.13872,1.00,4.69
2018.08.16 05:22:00.188,1.13869,1.13872,1.00,1.87
2018.08.16 05:22:00.693,1.13869,1.13872,1.00,4.76
2018.08.16 05:22:02.971,1.13866,1.13868,1.50,4.12
2018.08.16 05:22:03.024,1.13864,1.13868,2.25,3.75
2018.08.16 05:22:03.545,1.13864,1.13868,2.62,3.37
2018.08.16 05:22:04.970,1.13865,1.13868,1.00,8.25
2018.08.16 05:22:08.282,1.13864,1.13868,2.25,3.00
2018.08.16 05:22:08.814,1.13865,1.13868,1.00,4.87
2018.08.16 05:22:09.368,1.13864,1.13868,2.25,5.06
2018.08.16 05:22:16.989,1.13864,1.13867,2.44,1.31
2018.08.16 05:22:18.841,1.13864,1.13868,1.50,5.81
2018.08.16 05:22:19.888,1.13863,1.13864,1.87,3.37
2018.08.16 05:22:20.130,1.13855,1.13858,3.60,2.06
2018.08.16 05:22:20.335,1.13853,1.13857,1.00,2.62
2018.08.16 05:22:20.947,1.13853,1.13857,2.25,2.06
2018.08.16 05:22:21.494,1.13853,1.13857,2.25,2.06
2018.08.16 05:22:22.524,1.13853,1.13857,1.69,3.94
2018.08.16 05:22:23.073,1.13853,1.13857,1.69,4.01
2018.08.16 05:22:23.897,1.13851,1.13854,7.57,1.25
2018.08.16 05:22:24.003,1.13851,1.13852,1.20,2.85
2018.08.16 05:22:24.112,1.13849,1.13852,1.00,3.37
2018.08.16 05:22:24.487,1.1385,1.13853,1.69,1.12
2018.08.16 05:22:24.619,1.13851,1.13853,1.44,1.00
2018.08.16 05:22:24.723,1.13849,1.13853,4.39,3.75
2018.08.16 05:22:24.832,1.13849,1.13852,1.25,2.25
2018.08.16 05:22:25.197,1.13849,1.13853,3.37,6.26
2018.08.16 05:22:25.399,1.13852,1.13854,1.00,1.12
2018.08.16 05:22:30.271,1.13853,1.13855,1.69,1.12
2018.08.16 05:22:35.060,1.13852,1.13854,2.14,1.00
2018.08.16 05:22:36.217,1.13851,1.13853,3.60,2.62
2018.08.16 05:22:36.423,1.1385,1.13852,1.10,2.81
2018.08.16 05:22:36.832,1.13852,1.13853,1.25,1.00
2018.08.16 05:22:36.885,1.13853,1.13855,1.31,1.47
2018.08.16 05:22:36.940,1.13855,1.13858,4.50,1.20
2018.08.16 05:22:37.042,1.13858,1.13859,1.25,1.00
2018.08.16 05:22:37.384,1.13855,1.13859,6.04,4.69
2018.08.16 05:22:37.976,1.13855,1.13858,2.51,2.81
2018.08.16 05:22:38.619,1.13855,1.13858,1.76,1.00
2018.08.16 05:22:39.153,1.13855,1.13859,1.76,3.56
2018.08.16 05:22:39.205,1.13856,1.13859,1.19,1.87
2018.08.16 05:22:40.601,1.13856,1.13859,1.01,1.00
2018.08.16 05:22:41.224,1.13856,1.1386,1.57,4.72
2018.08.16 05:22:41.733,1.13856,1.13859,1.57,1.87
2018.08.16 05:22:42.244,1.13856,1.13859,1.76,1.12
2018.08.16 05:22:42.815,1.13855,1.1386,6.26,6.75
2018.08.16 05:22:44.869,1.13854,1.13857,1.20,1.00
2018.08.16 05:22:45.179,1.13853,1.13857,1.76,4.87
2018.08.16 05:22:45.701,1.13853,1.13855,1.10,1.12
2018.08.16 05:22:46.602,1.13853,1.13855,1.69,1.00
2018.08.16 05:22:47.206,1.13853,1.13855,1.25,1.00
2018.08.16 05:22:58.092,1.13853,1.13855,1.69,1.00
2018.08.16 05:22:58.473,1.13852,1.13854,1.01,1.00
2018.08.16 05:22:59.115,1.13852,1.13854,1.19,1.00
2018.08.16 05:22:59.633,1.13852,1.13854,1.69,1.00
2018.08.16 05:23:00.182,1.13853,1.13854,1.25,1.00
2018.08.16 05:23:00.710,1.13852,1.13854,2.25,1.00
2018.08.16 05:23:02.911,1.13853,1.13857,1.31,4.57
2018.08.16 05:23:03.017,1.13856,1.13858,1.25,2.14
2018.08.16 05:23:03.248,1.13857,1.13859,1.00,1.00
2018.08.16 05:23:05.330,1.13857,1.13859,1.00,2.81
2018.08.16 05:23:09.035,1.13857,1.13859,1.00,3.37
2018.08.16 05:23:15.654,1.13855,1.13858,1.00,1.25
2018.08.16 05:23:15.707,1.13855,1.13856,1.00,1.50
2018.08.16 05:23:15.870,1.13852,1.13854,1.50,1.00
2018.08.16 05:23:16.435,1.13853,1.13855,1.50,2.25
2018.08.16 05:23:19.258,1.13855,1.13856,1.50,1.12
2018.08.16 05:23:19.367,1.13856,1.13858,1.00,1.00
2018.08.16 05:23:19.527,1.13853,1.13857,4.95,1.12
2018.08.16 05:23:20.132,1.13853,1.13857,1.50,1.00
2018.08.16 05:23:30.310,1.13855,1.13859,5.81,4.57
2018.08.16 05:23:30.624,1.13859,1.13862,1.50,2.51
2018.08.16 05:23:30.912,1.13862,1.13866,4.57,1.20
2018.08.16 05:23:31.862,1.13863,1.13866,1.00,1.00
2018.08.16 05:23:32.243,1.13861,1.13864,1.57,1.50
2018.08.16 05:23:32.297,1.1386,1.13864,1.10,6.26
2018.08.16 05:23:32.457,1.13858,1.13862,1.31,2.62
2018.08.16 05:23:33.098,1.13858,1.13862,2.70,3.56
2018.08.16 05:23:33.813,1.13858,1.13862,1.31,2.25
2018.08.16 05:23:34.022,1.13858,1.1386,1.00,1.00
2018.08.16 05:23:34.385,1.13855,1.1386,2.51,3.56
2018.08.16 05:23:34.921,1.13855,1.13858,1.95,1.00
2018.08.16 05:23:36.323,1.13857,1.1386,1.25,2.81
2018.08.16 05:23:40.476,1.13856,1.13857,1.00,1.00
2018.08.16 05:23:40.582,1.13854,1.13857,1.01,1.12
2018.08.16 05:23:41.105,1.13853,1.13857,1.76,6.07
2018.08.16 05:23:41.653,1.13853,1.13856,1.69,1.00
2018.08.16 05:23:42.038,1.13856,1.13859,1.00,3.07
2018.08.16 05:23:42.092,1.13856,1.1386,2.25,3.82
2018.08.16 05:23:42.197,1.13857,1.1386,1.31,1.00
2018.08.16 05:23:42.555,1.13856,1.13858,1.00,1.12
2018.08.16 05:23:43.066,1.13854,1.13858,2.06,1.00
2018.08.16 05:23:44.525,1.13856,1.13859,1.31,1.10
2018.08.16 05:23:45.515,1.13855,1.13859,3.56,1.12
2018.08.16 05:23:47.856,1.13857,1.1386,1.00,1.07
2018.08.16 05:23:48.061,1.13857,1.13861,1.00,4.01
2018.08.16 05:23:48.113,1.13857,1.13859,1.50,1.50
2018.08.16 05:23:48.798,1.13856,1.13858,1.00,1.00
2018.08.16 05:23:49.319,1.13855,1.13857,1.00,2.62
2018.08.16 05:23:50.069,1.13854,1.13857,1.00,2.62
2018.08.16 05:23:58.174,1.13854,1.13857,3.00,1.00
2018.08.16 05:23:58.690,1.13854,1.13857,1.25,1.69
2018.08.16 05:23:59.213,1.13854,1.13856,1.00,1.00
2018.08.16 05:23:59.758,1.13854,1.13857,1.00,3.37
2018.08.16 05:24:02.635,1.13852,1.13853,1.10,3.00
2018.08.16 05:24:02.842,1.13849,1.13852,1.57,2.25
2018.08.16 05:24:03.365,1.13849,1.13852,1.76,1.00
2018.08.16 05:24:03.908,1.13849,1.13852,1.57,1.00
2018.08.16 05:24:06.567,1.13851,1.13854,1.12,1.95
2018.08.16 05:24:06.672,1.13851,1.13855,3.00,2.06
2018.08.16 05:24:07.194,1.13851,1.13856,5.85,1.87
2018.08.16 05:24:10.789,1.13852,1.13856,1.00,3.00
2018.08.16 05:24:11.723,1.13851,1.13856,2.89,1.87
2018.08.16 05:24:17.670,1.13851,1.13855,4.01,1.00
2018.08.16 05:24:17.724,1.13852,1.13855,1.19,1.00
2018.08.16 05:24:20.045,1.13851,1.13856,7.01,1.50
2018.08.16 05:24:22.191,1.13851,1.13855,4.20,1.00
2018.08.16 05:24:22.777,1.13852,1.13855,1.20,1.00
2018.08.16 05:24:23.350,1.13852,1.13856,1.57,1.12
2018.08.16 05:24:26.085,1.13852,1.13856,1.57,1.12
2018.08.16 05:24:27.264,1.13852,1.13856,1.57,1.12
2018.08.16 05:24:30.257,1.13852,1.13857,2.51,3.94
2018.08.16 05:24:30.577,1.13857,1.13861,1.10,1.95
2018.08.16 05:24:31.062,1.13855,1.13858,3.07,1.00
2018.08.16 05:24:31.221,1.13854,1.13857,1.00,2.25
2018.08.16 05:24:31.740,1.13853,1.13856,1.57,1.00
2018.08.16 05:24:32.590,1.13852,1.13856,2.89,1.00
2018.08.16 05:24:34.144,1.13852,1.13856,3.00,1.00
2018.08.16 05:24:34.751,1.13852,1.13857,2.25,6.11
2018.08.16 05:24:35.295,1.13852,1.13857,1.50,5.17
2018.08.16 05:24:35.967,1.13852,1.13857,2.25,6.11
2018.08.16 05:24:40.688,1.13852,1.13857,2.06,6.86
2018.08.16 05:24:41.770,1.13853,1.13855,1.00,1.00
2018.08.16 05:24:45.721,1.13851,1.13854,3.07,1.87
2018.08.16 05:24:48.626,1.13849,1.13851,1.57,1.00
2018.08.16 05:24:48.682,1.13847,1.13851,1.69,1.25
2018.08.16 05:24:50.405,1.13847,1.13851,2.62,4.01
2018.08.16 05:24:50.537,1.13845,1.13848,2.32,3.22
2018.08.16 05:24:50.643,1.13843,1.13847,1.00,1.00
2018.08.16 05:24:50.802,1.13845,1.13848,1.31,1.95
2018.08.16 05:24:50.908,1.13845,1.13849,3.56,1.50
2018.08.16 05:24:51.417,1.13845,1.13849,1.31,1.10
2018.08.16 05:24:51.629,1.13847,1.13849,1.00,1.50
2018.08.16 05:24:52.148,1.13845,1.13849,2.14,1.95
2018.08.16 05:24:52.836,1.13845,1.13849,1.39,1.20
2018.08.16 05:24:55.248,1.13845,1.1385,4.31,3.26
2018.08.16 05:24:55.758,1.13847,1.13849,1.12,1.12
2018.08.16 05:24:58.166,1.13848,1.13851,1.50,2.25
2018.08.16 05:24:59.223,1.13847,1.13851,3.94,3.37
2018.08.16 05:25:00.082,1.13849,1.13851,1.69,2.47
2018.08.16 05:25:00.417,1.1385,1.13854,5.25,1.07
2018.08.16 05:25:00.470,1.13851,1.13855,3.00,3.19
2018.08.16 05:25:00.682,1.13853,1.13856,1.19,1.95
2018.08.16 05:25:00.840,1.13856,1.1386,1.50,4.95
2018.08.16 05:25:00.892,1.13856,1.1386,1.50,3.07
2018.08.16 05:25:01.169,1.13855,1.13857,1.50,1.00
2018.08.16 05:25:01.276,1.13853,1.13857,4.12,1.87
2018.08.16 05:25:01.778,1.13852,1.13856,1.19,1.39
2018.08.16 05:25:02.448,1.13851,1.13854,2.70,1.00
2018.08.16 05:25:02.733,1.13852,1.13856,1.00,3.82
2018.08.16 05:25:03.252,1.13852,1.13855,1.25,1.39
2018.08.16 05:25:03.358,1.1385,1.13854,2.06,1.12
2018.08.16 05:25:03.413,1.13849,1.13852,1.20,1.00
2018.08.16 05:25:03.959,1.13848,1.13851,1.00,1.00
2018.08.16 05:25:06.129,1.13846,1.1385,2.89,3.37
2018.08.16 05:25:06.630,1.13846,1.13849,2.21,1.20
2018.08.16 05:25:07.178,1.13846,1.1385,1.31,2.70
2018.08.16 05:25:07.285,1.13848,1.1385,1.00,1.00
2018.08.16 05:25:07.617,1.1385,1.13854,2.62,2.32
2018.08.16 05:25:07.724,1.13848,1.13852,9.26,1.50
2018.08.16 05:25:07.832,1.13848,1.13851,1.10,1.00
2018.08.16 05:25:08.149,1.13851,1.13852,1.00,2.25
2018.08.16 05:25:08.323,1.13852,1.13856,5.62,1.25
2018.08.16 05:25:08.634,1.13852,1.13857,1.57,3.26
2018.08.16 05:25:09.141,1.13852,1.13856,1.20,1.47
2018.08.16 05:25:10.754,1.13851,1.13855,3.94,1.50
2018.08.16 05:25:13.502,1.1385,1.13852,3.60,1.00
2018.08.16 05:25:13.815,1.1385,1.13854,4.01,1.10
2018.08.16 05:25:14.360,1.13852,1.13855,1.00,3.07
2018.08.16 05:25:15.915,1.1385,1.13854,1.50,1.00
2018.08.16 05:25:16.094,1.13848,1.13852,4.95,1.87
2018.08.16 05:25:16.694,1.13847,1.13852,3.94,2.32
2018.08.16 05:25:20.267,1.13848,1.1385,1.31,1.00
2018.08.16 05:25:23.939,1.13846,1.1385,1.20,2.62
2018.08.16 05:25:24.046,1.13845,1.13849,1.00,1.12
2018.08.16 05:25:24.589,1.13844,1.13848,1.69,2.06
2018.08.16 05:25:27.901,1.13845,1.13849,1.44,1.57
2018.08.16 05:25:28.749,1.13846,1.1385,1.25,3.07
2018.08.16 05:25:29.337,1.13846,1.13849,1.00,1.57
2018.08.16 05:25:29.844,1.13845,1.13849,6.79,1.10
2018.08.16 05:25:30.155,1.13847,1.1385,1.00,1.12
2018.08.16 05:25:30.416,1.13843,1.13847,1.87,1.50
2018.08.16 05:25:31.095,1.13842,1.13846,5.89,1.00
2018.08.16 05:25:31.780,1.13842,1.13846,5.89,1.00
2018.08.16 05:25:32.302,1.13843,1.13846,1.00,1.00
2018.08.16 05:25:33.182,1.13843,1.13846,1.69,1.00
2018.08.16 05:25:33.685,1.13848,1.13849,1.50,1.12
2018.08.16 05:25:33.741,1.13848,1.1385,1.87,1.00
2018.08.16 05:25:34.387,1.13849,1.13851,1.00,1.12
2018.08.16 05:25:37.055,1.13848,1.13851,1.00,1.00
2018.08.16 05:25:37.591,1.13847,1.13851,6.79,1.00
2018.08.16 05:25:37.907,1.13848,1.13851,1.19,1.00
2018.08.16 05:25:38.672,1.13847,1.13851,3.37,1.00
2018.08.16 05:25:41.474,1.1385,1.13853,2.44,1.20
2018.08.16 05:25:41.527,1.13852,1.13855,1.12,1.10
2018.08.16 05:25:43.456,1.13853,1.13855,1.00,1.00
2018.08.16 05:25:44.042,1.13852,1.13855,2.62,1.00
2018.08.16 05:25:44.094,1.13852,1.13855,3.00,1.00
2018.08.16 05:25:49.739,1.13855,1.13859,2.44,2.32
2018.08.16 05:25:49.793,1.13855,1.1386,2.81,4.20
2018.08.16 05:25:49.848,1.13858,1.1386,1.37,1.00
2018.08.16 05:25:49.957,1.1386,1.13864,8.62,1.20
2018.08.16 05:25:50.010,1.1386,1.13865,7.01,2.06
2018.08.16 05:25:50.542,1.13862,1.13864,1.10,1.00
2018.08.16 05:25:51.978,1.13861,1.13862,1.20,1.12
2018.08.16 05:25:52.082,1.13858,1.13861,4.20,1.00
2018.08.16 05:25:52.671,1.13858,1.13861,3.07,1.00
2018.08.16 05:25:54.339,1.13861,1.13864,3.19,3.07
2018.08.16 05:25:54.548,1.13863,1.13865,1.00,1.50
2018.08.16 05:25:54.976,1.13865,1.13868,1.12,1.00
2018.08.16 05:25:55.080,1.13866,1.1387,3.07,2.25
2018.08.16 05:25:55.183,1.1387,1.13871,3.19,1.12
2018.08.16 05:25:55.313,1.1387,1.13873,3.82,1.00
2018.08.16 05:25:55.478,1.13868,1.13872,2.89,1.69
2018.08.16 05:25:56.016,1.13868,1.13872,1.10,1.50
2018.08.16 05:25:56.177,1.13871,1.13872,1.25,1.12
2018.08.16 05:25:56.231,1.13871,1.13873,2.81,4.12
2018.08.16 05:25:56.285,1.13872,1.13875,3.00,1.12
2018.08.16 05:25:56.346,1.13873,1.13877,3.75,1.10
2018.08.16 05:25:56.451,1.13876,1.13879,1.01,1.69
2018.08.16 05:25:57.652,1.13877,1.1388,2.25,1.50
2018.08.16 05:25:58.179,1.13878,1.1388,1.00,1.00
2018.08.16 05:25:58.701,1.13877,1.13879,1.12,1.00
2018.08.16 05:25:59.207,1.13876,1.13879,1.00,1.12
2018.08.16 05:25:59.795,1.13874,1.13877,2.70,1.50
2018.08.16 05:25:59.847,1.13874,1.13877,1.50,1.50
2018.08.16 05:26:00.400,1.13873,1.13876,2.25,1.25
2018.08.16 05:26:01.743,1.13872,1.13876,1.20,4.31
2018.08.16 05:26:02.061,1.13872,1.13876,1.00,3.19
2018.08.16 05:26:04.118,1.13872,1.13874,2.32,1.00
2018.08.16 05:26:04.829,1.13872,1.13876,2.25,1.76
2018.08.16 05:26:05.369,1.13872,1.13876,1.10,3.64
2018.08.16 05:26:06.040,1.13872,1.13876,1.10,3.64
2018.08.16 05:26:06.689,1.13872,1.13875,1.10,1.00
2018.08.16 05:26:07.354,1.13871,1.13876,3.64,2.89
2018.08.16 05:26:10.883,1.1387,1.13872,1.16,1.00
2018.08.16 05:26:10.989,1.13868,1.13872,5.32,1.87
2018.08.16 05:26:11.526,1.13868,1.13871,1.00,1.12
2018.08.16 05:26:12.048,1.13867,1.13871,4.20,2.25
2018.08.16 05:26:13.668,1.13868,1.13871,1.00,1.50
2018.08.16 05:26:13.946,1.13866,1.13868,1.20,1.00
2018.08.16 05:26:14.055,1.13864,1.13868,3.07,1.12
2018.08.16 05:26:14.159,1.13867,1.1387,1.00,5.32
2018.08.16 05:26:14.604,1.13869,1.13871,2.06,1.00
2018.08.16 05:26:14.658,1.13872,1.13873,4.48,1.20
2018.08.16 05:26:14.711,1.13874,1.13876,1.12,1.20
2018.08.16 05:26:14.765,1.13876,1.13877,1.00,1.12
2018.08.16 05:26:14.820,1.13875,1.13879,3.37,1.57
2018.08.16 05:26:15.761,1.13875,1.13878,1.12,1.00
2018.08.16 05:26:16.349,1.13875,1.13879,1.12,1.57
2018.08.16 05:26:16.880,1.13875,1.13878,1.20,1.00
2018.08.16 05:26:20.327,1.13873,1.13875,3.82,1.00
2018.08.16 05:26:22.184,1.13872,1.13875,1.31,1.25
2018.08.16 05:26:22.947,1.13873,1.13875,1.25,1.50
2018.08.16 05:26:23.608,1.13873,1.13874,1.25,1.00
2018.08.16 05:26:25.078,1.13872,1.13874,1.50,1.00
2018.08.16 05:26:25.290,1.1387,1.13873,1.00,1.12
2018.08.16 05:26:25.344,1.13868,1.13871,1.07,1.00
2018.08.16 05:26:25.500,1.13867,1.13871,2.70,1.00
2018.08.16 05:26:26.392,1.13868,1.13871,1.00,1.12
2018.08.16 05:26:26.908,1.13867,1.13871,2.70,1.12
2018.08.16 05:26:27.515,1.13868,1.13871,1.00,1.12
2018.08.16 05:26:28.020,1.13867,1.13871,4.20,1.12
2018.08.16 05:26:29.730,1.13868,1.13872,1.00,2.25
2018.08.16 05:26:30.244,1.13868,1.13872,1.87,1.12
2018.08.16 05:26:31.030,1.13869,1.13872,1.00,1.12
2018.08.16 05:26:32.118,1.13868,1.13872,4.57,1.00
2018.08.16 05:26:33.158,1.13869,1.13872,1.00,1.00
2018.08.16 05:26:33.828,1.1387,1.13872,1.12,1.00
2018.08.16 05:26:33.891,1.13872,1.13874,1.00,1.20
2018.08.16 05:26:33.997,1.13872,1.13876,2.81,2.32
2018.08.16 05:26:34.509,1.13873,1.13876,1.01,2.81
2018.08.16 05:26:36.217,1.13872,1.13875,2.14,1.25
2018.08.16 05:26:37.086,1.13873,1.13875,1.00,2.44
2018.08.16 05:26:37.811,1.13872,1.13875,1.57,1.31
2018.08.16 05:26:40.506,1.13872,1.13874,2.25,1.00
2018.08.16 05:26:40.612,1.1387,1.13873,1.00,1.00
2018.08.16 05:26:41.149,1.13868,1.1387,2.70,1.00
2018.08.16 05:26:41.415,1.13863,1.13867,1.50,2.44
2018.08.16 05:26:41.695,1.13865,1.13867,3.19,1.00
2018.08.16 05:26:41.798,1.13866,1.13869,2.44,1.00
2018.08.16 05:26:42.320,1.13867,1.1387,2.25,1.50
2018.08.16 05:26:43.727,1.13868,1.1387,1.50,1.00
2018.08.16 05:26:48.290,1.13869,1.13871,1.50,1.00
2018.08.16 05:27:22.145,1.13868,1.13871,1.00,1.00
2018.08.16 05:27:26.411,1.13868,1.13872,1.00,6.56
2018.08.16 05:27:27.370,1.13868,1.13871,1.00,1.00
2018.08.16 05:27:28.243,1.13868,1.13872,1.00,6.56
2018.08.16 05:27:28.852,1.13868,1.13871,1.50,1.00
2018.08.16 05:27:30.025,1.13868,1.13872,1.00,3.19
2018.08.16 05:27:31.015,1.13868,1.13872,1.00,3.19
2018.08.16 05:27:34.780,1.13868,1.13872,1.10,2.62
2018.08.16 05:27:35.257,1.13873,1.13874,1.00,1.12
2018.08.16 05:27:35.309,1.13872,1.13877,5.44,1.57
2018.08.16 05:27:35.413,1.13875,1.13877,1.25,2.25
2018.08.16 05:27:35.940,1.13875,1.13878,1.10,1.50
2018.08.16 05:27:36.482,1.13875,1.13878,1.95,2.25
2018.08.16 05:27:37.492,1.13875,1.13878,1.10,2.25
2018.08.16 05:27:38.200,1.13875,1.13878,1.95,3.00
2018.08.16 05:27:38.814,1.13875,1.13878,1.10,3.00
2018.08.16 05:27:39.321,1.13873,1.13877,2.70,2.62
2018.08.16 05:27:39.825,1.13874,1.13877,1.10,3.56
2018.08.16 05:27:43.742,1.13874,1.13878,1.10,3.19
2018.08.16 05:27:44.581,1.13873,1.13877,3.45,4.12
2018.08.16 05:27:45.121,1.13873,1.13877,1.95,4.12
2018.08.16 05:27:45.635,1.13873,1.13877,3.07,3.37
2018.08.16 05:27:47.016,1.13874,1.13878,3.82,1.87
2018.08.16 05:27:47.528,1.13877,1.1388,1.00,3.19
2018.08.16 05:27:47.889,1.1388,1.13882,3.60,1.00
2018.08.16 05:27:48.001,1.13881,1.13885,6.60,1.87
2018.08.16 05:27:48.520,1.13882,1.13885,1.10,1.00
2018.08.16 05:27:49.034,1.13882,1.13886,1.57,4.87
2018.08.16 05:27:49.345,1.13882,1.13886,2.32,2.25
2018.08.16 05:27:49.977,1.13882,1.13886,2.32,3.75
2018.08.16 05:27:51.427,1.13886,1.13888,1.12,4.12
2018.08.16 05:27:51.637,1.13887,1.1389,1.50,1.87
2018.08.16 05:27:51.796,1.13889,1.13891,1.87,2.25
2018.08.16 05:27:51.974,1.13893,1.13895,1.00,1.12
2018.08.16 05:27:52.134,1.13895,1.13897,1.95,3.00
2018.08.16 05:27:52.189,1.13896,1.13899,1.00,1.12
2018.08.16 05:27:52.294,1.13895,1.13897,1.39,1.00
2018.08.16 05:27:52.348,1.13894,1.13896,4.57,1.00
2018.08.16 05:27:55.480,1.13895,1.13898,1.00,1.12
2018.08.16 05:27:55.533,1.13897,1.13899,1.50,1.57
2018.08.16 05:27:55.762,1.13897,1.13901,3.07,3.56
2018.08.16 05:27:56.798,1.139,1.13902,1.87,1.00
2018.08.16 05:27:56.902,1.13901,1.13905,5.51,1.50
2018.08.16 05:27:57.112,1.13901,1.13903,4.76,1.50
2018.08.16 05:27:57.420,1.13897,1.13901,4.95,1.00
2018.08.16 05:27:57.713,1.13898,1.13901,1.10,1.00
2018.08.16 05:27:58.241,1.139,1.13903,1.76,3.00
2018.08.16 05:27:58.775,1.139,1.13902,1.10,1.00
2018.08.16 05:27:59.391,1.13898,1.13902,1.95,4.50
2018.08.16 05:27:59.961,1.13898,1.13901,2.32,1.00
2018.08.16 05:28:01.180,1.13899,1.13903,1.76,3.45
2018.08.16 05:28:01.290,1.13901,1.13904,1.00,1.10
2018.08.16 05:28:01.702,1.13902,1.13905,1.20,1.00
2018.08.16 05:28:02.590,1.13903,1.13905,1.00,1.37
2018.08.16 05:28:02.748,1.13903,1.13906,1.45,1.50
2018.08.16 05:28:03.142,1.13905,1.13907,1.57,1.00
2018.08.16 05:28:03.300,1.13905,1.13909,1.12,1.14
2018.08.16 05:28:03.630,1.13904,1.13908,2.32,2.25
2018.08.16 05:28:04.218,1.13903,1.13907,1.50,2.06
2018.08.16 05:28:06.113,1.13903,1.13906,2.25,1.00
2018.08.16 05:28:06.845,1.13902,1.13906,6.07,2.62
2018.08.16 05:28:07.641,1.13903,1.13906,1.37,1.69
2018.08.16 05:28:08.306,1.13903,1.13905,1.47,1.00
2018.08.16 05:28:08.666,1.13906,1.13907,3.75,1.12
2018.08.16 05:28:08.878,1.13908,1.13911,1.47,3.94
2018.08.16 05:28:09.426,1.13908,1.13909,1.00,1.69
2018.08.16 05:28:09.963,1.13906,1.1391,2.89,3.94
2018.08.16 05:28:10.652,1.13908,1.1391,1.00,4.12
2018.08.16 05:28:11.673,1.13907,1.1391,2.32,2.62
2018.08.16 05:28:12.628,1.1391,1.13912,1.00,1.95
2018.08.16 05:28:12.785,1.13912,1.13915,1.50,3.56
2018.08.16 05:28:13.408,1.13912,1.13914,1.57,1.00
2018.08.16 05:28:13.961,1.1391,1.13914,1.75,2.25
2018.08.16 05:28:15.327,1.13913,1.13914,1.00,1.31
2018.08.16 05:28:15.855,1.13913,1.13915,1.00,4.01
2018.08.16 05:28:16.253,1.13912,1.13914,1.25,1.37
2018.08.16 05:28:16.770,1.1391,1.13913,1.50,1.00
2018.08.16 05:28:17.282,1.1391,1.13912,1.57,5.25
2018.08.16 05:28:17.386,1.13908,1.13912,2.89,2.25
2018.08.16 05:28:17.545,1.13908,1.1391,1.50,3.37
2018.08.16 05:28:18.047,1.13908,1.1391,1.22,2.25
2018.08.16 05:28:18.570,1.13905,1.13909,10.76,1.50
2018.08.16 05:28:19.077,1.13907,1.1391,1.31,1.00
2018.08.16 05:28:19.231,1.13907,1.13908,1.00,1.00
2018.08.16 05:28:19.753,1.13904,1.13907,1.50,3.00
2018.08.16 05:28:19.804,1.13904,1.13906,1.50,1.00
2018.08.16 05:28:19.962,1.13903,1.13905,1.69,1.00
2018.08.16 05:28:20.481,1.13903,1.13906,3.64,1.87
2018.08.16 05:28:20.601,1.13907,1.13908,1.87,5.25
2018.08.16 05:28:20.657,1.13911,1.13913,1.50,1.12
2018.08.16 05:28:21.286,1.13909,1.13911,2.70,1.50
2018.08.16 05:28:21.860,1.13908,1.13911,1.37,4.87
2018.08.16 05:28:22.383,1.1391,1.13911,1.25,1.00
2018.08.16 05:28:22.930,1.1391,1.13912,1.00,3.56
2018.08.16 05:28:23.488,1.1391,1.13911,1.69,1.00
2018.08.16 05:28:24.203,1.1391,1.13912,1.25,2.62
2018.08.16 05:28:24.864,1.1391,1.13911,1.00,1.00
2018.08.16 05:28:25.440,1.13909,1.13911,1.69,1.00
2018.08.16 05:28:25.547,1.13907,1.1391,3.64,3.56
2018.08.16 05:28:25.601,1.13906,1.13907,1.50,1.00
2018.08.16 05:28:25.916,1.13904,1.13905,1.12,2.62
2018.08.16 05:28:26.467,1.13903,1.13904,1.00,1.00
2018.08.16 05:28:26.806,1.13907,1.13908,1.12,1.50
2018.08.16 05:28:27.319,1.13907,1.13909,3.07,1.00
2018.08.16 05:28:27.783,1.13906,1.13908,3.07,1.00
2018.08.16 05:28:29.719,1.13906,1.1391,4.57,1.50
2018.08.16 05:28:30.688,1.13907,1.1391,2.25,1.50
2018.08.16 05:28:31.697,1.13907,1.13911,4.12,2.44
2018.08.16 05:28:31.976,1.13907,1.13908,3.07,1.69
2018.08.16 05:28:32.533,1.13907,1.13909,1.50,1.25
2018.08.16 05:28:33.048,1.13907,1.1391,1.87,1.50
2018.08.16 05:28:33.373,1.13911,1.13913,1.00,4.87
2018.08.16 05:28:33.427,1.13909,1.13913,2.70,5.06
2018.08.16 05:28:34.025,1.13909,1.13913,2.70,1.37
2018.08.16 05:28:34.131,1.13912,1.13914,2.44,3.75
2018.08.16 05:28:34.402,1.13914,1.13917,1.12,1.37
2018.08.16 05:28:34.611,1.13912,1.13915,1.87,3.00
2018.08.16 05:28:34.785,1.13909,1.13912,1.20,3.37
2018.08.16 05:28:38.282,1.13912,1.13916,1.50,4.01
2018.08.16 05:28:38.490,1.1391,1.13912,1.07,1.69
2018.08.16 05:28:38.545,1.13909,1.13911,1.50,1.00
2018.08.16 05:28:39.662,1.13907,1.13911,1.95,1.87
2018.08.16 05:28:41.552,1.13907,1.13911,1.50,3.75
2018.08.16 05:28:43.793,1.13909,1.13911,2.62,1.50
2018.08.16 05:28:44.014,1.13913,1.13916,1.12,1.57
2018.08.16 05:28:44.588,1.13913,1.13917,1.12,7.01
2018.08.16 05:28:45.111,1.13913,1.13917,1.57,10.39
2018.08.16 05:28:45.682,1.13914,1.13918,2.06,2.89
2018.08.16 05:28:46.232,1.13913,1.13916,1.95,3.00
2018.08.16 05:28:46.284,1.13912,1.13914,2.51,1.25
2018.08.16 05:28:46.788,1.13912,1.13914,2.62,1.00
2018.08.16 05:28:47.043,1.1391,1.13914,5.14,1.31
2018.08.16 05:28:47.547,1.13911,1.13914,1.00,2.14
2018.08.16 05:28:48.059,1.13912,1.13915,1.69,1.25
2018.08.16 05:28:48.631,1.13911,1.13916,5.14,3.37
2018.08.16 05:28:48.870,1.13913,1.13916,1.00,3.37
2018.08.16 05:28:50.500,1.13913,1.13917,1.95,20.33
2018.08.16 05:28:50.812,1.13913,1.13916,1.12,3.37
2018.08.16 05:28:52.229,1.1391,1.13914,3.07,5.44
2018.08.16 05:28:52.659,1.1391,1.13912,2.25,2.62
2018.08.16 05:28:53.163,1.1391,1.13913,1.00,4.12
2018.08.16 05:28:54.086,1.1391,1.13913,1.69,3.19
2018.08.16 05:28:54.521,1.1391,1.13912,1.19,6.56
2018.08.16 05:28:55.344,1.13912,1.13914,4.87,1.00
2018.08.16 05:28:55.502,1.13912,1.13916,2.44,2.25
2018.08.16 05:28:56.292,1.13912,1.13916,4.39,2.25
2018.08.16 05:28:56.815,1.13912,1.13917,3.82,2.06
2018.08.16 05:28:58.052,1.13913,1.13917,1.50,6.00
2018.08.16 05:28:58.507,1.13915,1.13916,2.06,1.00
2018.08.16 05:28:58.621,1.13916,1.13919,2.44,1.39
2018.08.16 05:28:59.033,1.13916,1.13917,1.10,1.50
2018.08.16 05:28:59.193,1.13913,1.13917,4.50,3.03
2018.08.16 05:28:59.407,1.13914,1.13917,1.69,3.48
2018.08.16 05:28:59.568,1.13916,1.13919,1.12,1.20
2018.08.16 05:28:59.893,1.13915,1.13918,1.87,2.44
2018.08.16 05:29:00.273,1.13913,1.13917,3.00,1.25
2018.08.16 05:29:00.876,1.13916,1.13919,1.00,3.00
2018.08.16 05:29:00.982,1.13916,1.13919,1.12,1.00
2018.08.16 05:29:02.637,1.13916,1.1392,1.87,1.63
2018.08.16 05:29:02.743,1.13919,1.1392,2.25,1.12
2018.08.16 05:29:02.850,1.13919,1.13923,4.76,1.10
2018.08.16 05:29:03.131,1.13923,1.13925,1.00,1.57
2018.08.16 05:29:03.237,1.13922,1.13926,1.25,3.56
2018.08.16 05:29:03.450,1.13924,1.13927,1.31,1.95
2018.08.16 05:29:03.789,1.13925,1.13928,3.37,1.10
2018.08.16 05:29:04.341,1.13923,1.13928,7.95,6.56
2018.08.16 05:29:04.444,1.13923,1.13928,2.14,11.81
2018.08.16 05:29:05.047,1.13924,1.13927,1.00,4.57
2018.08.16 05:29:05.553,1.13923,1.13927,3.64,3.74
2018.08.16 05:29:06.657,1.13923,1.13927,3.07,6.93
2018.08.16 05:29:07.208,1.13923,1.13927,2.32,4.69
2018.08.16 05:29:09.978,1.13927,1.13929,5.51,2.06
2018.08.16 05:29:10.198,1.13929,1.1393,1.00,1.00
2018.08.16 05:29:10.699,1.13927,1.1393,1.00,15.00
2018.08.16 05:29:10.915,1.13929,1.13931,1.00,1.00
2018.08.16 05:29:12.381,1.13928,1.13931,1.50,1.95
2018.08.16 05:29:12.927,1.13925,1.13928,4.31,1.50
2018.08.16 05:29:13.467,1.13926,1.13929,1.12,1.10
2018.08.16 05:29:14.010,1.13926,1.13928,1.31,2.06
2018.08.16 05:29:14.114,1.13924,1.13927,1.25,2.06
2018.08.16 05:29:14.427,1.13926,1.13929,1.25,1.95
2018.08.16 05:29:14.978,1.13926,1.1393,2.44,2.62
2018.08.16 05:29:15.239,1.13927,1.13932,3.37,14.89
2018.08.16 05:29:16.054,1.13927,1.13932,2.62,11.05
2018.08.16 05:29:20.565,1.13927,1.13931,1.57,3.26
2018.08.16 05:29:21.109,1.13927,1.1393,3.07,1.50
2018.08.16 05:29:23.095,1.13926,1.13929,2.81,3.94
2018.08.16 05:29:23.308,1.13925,1.13929,2.62,1.50
2018.08.16 05:29:23.404,1.13925,1.13929,4.50,1.87
2018.08.16 05:29:23.908,1.13927,1.1393,1.87,1.12
2018.08.16 05:29:26.198,1.13926,1.13927,1.00,1.25
2018.08.16 05:29:26.356,1.13926,1.1393,1.35,1.57
2018.08.16 05:29:26.911,1.13927,1.1393,1.00,1.50
2018.08.16 05:29:27.186,1.13924,1.13928,7.22,2.06
2018.08.16 05:29:27.290,1.13923,1.13926,1.10,1.69
2018.08.16 05:29:27.837,1.13922,1.13926,2.68,1.12
2018.08.16 05:29:28.354,1.13923,1.13926,1.00,1.87
2018.08.16 05:29:28.880,1.13922,1.13927,1.50,4.76
2018.08.16 05:29:29.995,1.13923,1.13926,1.00,1.25
2018.08.16 05:29:32.418,1.13923,1.13927,2.32,3.38
2018.08.16 05:29:32.704,1.13925,1.13928,3.75,1.76
2018.08.16 05:29:33.227,1.13925,1.13927,1.00,1.25
2018.08.16 05:29:33.869,1.13924,1.13927,1.39,1.87
2018.08.16 05:29:34.903,1.13924,1.13927,1.00,4.50
2018.08.16 05:29:35.446,1.13924,1.13927,1.00,7.12
2018.08.16 05:29:35.980,1.13925,1.13927,1.00,1.50
2018.08.16 05:29:37.124,1.13925,1.13927,1.00,1.87
2018.08.16 05:29:37.640,1.13925,1.13927,1.00,1.00
2018.08.16 05:29:38.448,1.13925,1.13927,1.00,1.37
2018.08.16 05:29:39.163,1.13926,1.13927,1.00,1.31
2018.08.16 05:29:39.215,1.13927,1.1393,1.50,2.14
2018.08.16 05:29:39.713,1.13927,1.13928,1.10,1.12
2018.08.16 05:29:40.231,1.13926,1.13929,1.50,1.50
2018.08.16 05:29:40.769,1.13926,1.13929,3.56,1.31
2018.08.16 05:29:41.385,1.13928,1.13929,1.00,1.00
2018.08.16 05:29:42.041,1.13927,1.13929,1.00,1.62
2018.08.16 05:29:42.718,1.13926,1.13928,1.50,3.19
2018.08.16 05:29:42.821,1.13924,1.13927,1.20,2.06
2018.08.16 05:29:43.589,1.13924,1.13926,1.10,1.00
2018.08.16 05:29:44.266,1.13923,1.13927,1.57,2.81
2018.08.16 05:29:44.809,1.13923,1.13925,1.10,1.00
2018.08.16 05:29:44.963,1.13923,1.13927,2.51,4.31
2018.08.16 05:29:45.898,1.13925,1.13927,1.00,4.87
2018.08.16 05:29:46.400,1.13925,1.13927,1.00,2.81
2018.08.16 05:29:46.922,1.13923,1.13927,3.07,1.62
2018.08.16 05:29:48.608,1.13923,1.13925,1.20,2.06
2018.08.16 05:29:49.153,1.13924,1.13926,1.10,1.31
2018.08.16 05:29:49.774,1.13925,1.13926,1.00,1.12
2018.08.16 05:29:50.309,1.13924,1.13926,1.10,1.12
2018.08.16 05:29:56.743,1.13923,1.13927,2.51,1.12
2018.08.16 05:29:57.337,1.13924,1.13927,1.95,1.12
2018.08.16 05:29:57.953,1.13924,1.13927,1.01,4.31
2018.08.16 05:30:00.209,1.13924,1.13928,2.32,7.69
2018.08.16 05:30:00.515,1.13926,1.13929,1.07,1.12
2018.08.16 05:30:01.039,1.13926,1.13929,1.95,2.25
2018.08.16 05:30:01.381,1.13924,1.13926,1.95,1.00
2018.08.16 05:30:01.980,1.13924,1.13927,1.20,3.37
2018.08.16 05:30:02.669,1.13924,1.13925,1.00,2.81
2018.08.16 05:30:02.720,1.13922,1.13926,1.95,5.06
2018.08.16 05:30:02.995,1.13922,1.13926,3.64,4.50
2018.08.16 05:30:03.256,1.13922,1.13925,1.10,1.37
2018.08.16 05:30:03.360,1.13922,1.13926,1.12,3.56
2018.08.16 05:30:03.871,1.13922,1.13925,3.07,1.00
2018.08.16 05:30:04.082,1.13921,1.13923,1.45,1.00
2018.08.16 05:30:04.188,1.1392,1.13921,1.00,1.00
2018.08.16 05:30:04.739,1.13918,1.13921,3.07,1.19
2018.08.16 05:30:09.466,1.13918,1.13921,3.26,1.00
2018.08.16 05:30:09.984,1.13918,1.13922,1.10,1.69
2018.08.16 05:30:10.132,1.1392,1.13923,1.00,9.19
2018.08.16 05:30:10.186,1.13921,1.13924,4.87,1.45
2018.08.16 05:30:10.293,1.13922,1.13926,2.06,1.69
2018.08.16 05:30:10.819,1.13923,1.13926,1.10,1.12
2018.08.16 05:30:11.804,1.13924,1.13926,2.25,1.00
2018.08.16 05:30:11.856,1.13926,1.13929,1.12,2.25
2018.08.16 05:30:12.888,1.13927,1.13929,1.00,1.31
2018.08.16 05:30:13.429,1.13927,1.1393,1.00,1.12
2018.08.16 05:30:13.980,1.13926,1.13931,4.20,3.38
2018.08.16 05:30:14.921,1.13926,1.13931,5.14,2.81
2018.08.16 05:30:15.673,1.13927,1.13931,1.00,4.56
2018.08.16 05:30:16.201,1.13926,1.13931,5.51,2.81
2018.08.16 05:30:16.403,1.13926,1.13931,4.76,3.81
2018.08.16 05:30:17.094,1.13926,1.13931,6.26,9.25
2018.08.16 05:30:17.607,1.13927,1.1393,1.00,1.87
2018.08.16 05:30:18.230,1.13926,1.1393,5.06,2.12
2018.08.16 05:30:18.964,1.13927,1.1393,1.00,3.25
2018.08.16 05:30:19.474,1.13926,1.13929,5.06,1.00
2018.08.16 05:30:20.063,1.13927,1.13929,1.00,1.00
2018.08.16 05:30:20.606,1.13926,1.13929,2.81,1.00
2018.08.16 05:30:21.127,1.13927,1.13929,1.00,1.00
2018.08.16 05:30:21.674,1.13926,1.13929,2.81,1.00
2018.08.16 05:30:23.934,1.13927,1.13929,1.00,1.00
2018.08.16 05:30:24.464,1.13926,1.13929,2.89,1.50
2018.08.16 05:30:24.989,1.13928,1.1393,1.00,1.12
2018.08.16 05:30:26.048,1.13929,1.13931,1.00,2.44
2018.08.16 05:30:26.102,1.13931,1.13933,1.00,6.75
2018.08.16 05:30:26.427,1.13928,1.13931,1.95,1.00
2018.08.16 05:30:26.931,1.13929,1.13931,1.10,1.00
2018.08.16 05:30:28.725,1.13929,1.1393,1.00,1.50
2018.08.16 05:30:28.835,1.13927,1.13929,1.00,1.87
2018.08.16 05:30:29.338,1.13927,1.1393,1.00,1.31
2018.08.16 05:30:29.873,1.13928,1.1393,1.00,1.69
2018.08.16 05:30:31.455,1.13928,1.1393,1.00,3.79
2018.08.16 05:30:32.009,1.13927,1.13929,1.87,1.00
2018.08.16 05:30:40.392,1.13927,1.13928,1.87,1.00
2018.08.16 05:30:40.447,1.13923,1.13926,5.32,1.25
2018.08.16 05:30:41.033,1.13923,1.13925,1.57,1.00
2018.08.16 05:30:41.655,1.13923,1.13925,2.06,1.00
2018.08.16 05:30:42.164,1.13922,1.13925,3.00,1.00
2018.08.16 05:30:47.707,1.13922,1.13925,1.12,1.50
2018.08.16 05:30:48.157,1.13925,1.13928,1.91,6.07
2018.08.16 05:30:48.209,1.13926,1.13928,2.06,1.12
2018.08.16 05:30:48.312,1.13926,1.1393,1.76,1.76
2018.08.16 05:30:49.123,1.13927,1.1393,1.25,1.69
2018.08.16 05:30:49.694,1.13928,1.1393,1.00,1.50
2018.08.16 05:30:55.770,1.13928,1.13931,1.00,3.00
2018.08.16 05:30:56.459,1.13928,1.1393,1.00,1.00
2018.08.16 05:30:57.007,1.13928,1.13931,1.00,1.69
2018.08.16 05:30:57.454,1.1393,1.13932,4.12,1.00
2018.08.16 05:30:57.560,1.13931,1.13934,1.31,2.62
2018.08.16 05:30:58.281,1.13932,1.13934,1.00,1.00
2018.08.16 05:30:58.842,1.13931,1.13934,1.12,1.87
2018.08.16 05:30:59.075,1.13928,1.1393,1.00,1.50
2018.08.16 05:30:59.587,1.13927,1.1393,1.10,1.00
2018.08.16 05:31:00.205,1.13926,1.1393,1.00,5.44
2018.08.16 05:31:00.512,1.13925,1.13928,2.25,1.00
2018.08.16 05:31:00.912,1.13924,1.13926,2.32,1.50
2018.08.16 05:31:01.015,1.13922,1.13926,4.57,2.25
2018.08.16 05:31:01.270,1.13924,1.13927,1.00,4.12
2018.08.16 05:31:01.477,1.13925,1.13929,1.25,2.51
2018.08.16 05:31:02.087,1.13925,1.13929,1.76,1.00
2018.08.16 05:31:02.610,1.13925,1.1393,6.26,1.87
2018.08.16 05:31:03.194,1.13925,1.13929,10.57,1.00
2018.08.16 05:31:03.731,1.13925,1.13929,1.00,7.20
2018.08.16 05:31:03.993,1.13923,1.13927,1.50,2.44
2018.08.16 05:31:04.526,1.13922,1.13927,1.57,6.63
2018.08.16 05:31:05.855,1.13922,1.13926,1.57,1.20
2018.08.16 05:31:06.252,1.1392,1.13924,1.76,2.44
2018.08.16 05:31:06.306,1.13919,1.13924,5.62,3.75
2018.08.16 05:31:06.360,1.13918,1.13923,2.32,3.37
2018.08.16 05:31:06.520,1.13917,1.13921,1.50,7.16
2018.08.16 05:31:06.840,1.13915,1.13919,1.87,1.13
2018.08.16 05:31:07.364,1.13913,1.13916,4.39,1.00
2018.08.16 05:31:07.468,1.13913,1.13917,3.00,2.25
2018.08.16 05:31:08.000,1.13912,1.13916,1.57,1.12
2018.08.16 05:31:09.109,1.13913,1.13917,1.69,2.51
2018.08.16 05:31:09.163,1.13915,1.13918,1.00,3.00
2018.08.16 05:31:09.383,1.13915,1.1392,1.10,1.01
2018.08.16 05:31:09.902,1.13915,1.13918,1.50,1.19
2018.08.16 05:31:10.008,1.13913,1.13918,1.12,8.62
2018.08.16 05:31:11.005,1.13912,1.13916,1.50,1.19
2018.08.16 05:31:11.611,1.13912,1.13916,1.00,1.19
2018.08.16 05:31:12.143,1.13911,1.13915,2.25,1.39
2018.08.16 05:31:12.653,1.1391,1.13916,8.25,2.89
2018.08.16 05:31:13.064,1.1391,1.13915,6.00,1.01
2018.08.16 05:31:13.588,1.13911,1.13915,1.50,1.01
2018.08.16 05:31:16.932,1.13911,1.13916,2.81,3.26
2018.08.16 05:31:16.986,1.13911,1.13916,2.62,4.76
2018.08.16 05:31:18.514,1.13911,1.13916,2.06,1.95
2018.08.16 05:31:21.547,1.13912,1.13917,1.31,6.07
2018.08.16 05:31:23.242,1.13912,1.13916,1.31,2.32
2018.08.16 05:31:23.784,1.13912,1.13916,1.31,1.95
2018.08.16 05:31:26.278,1.13911,1.13916,2.06,1.76
2018.08.16 05:31:26.442,1.13909,1.13913,9.37,2.44
2018.08.16 05:31:26.656,1.13908,1.13912,2.25,3.82
2018.08.16 05:31:27.157,1.13907,1.13911,2.25,1.10
2018.08.16 05:31:27.795,1.13906,1.13912,3.37,3.07
2018.08.16 05:31:28.318,1.13906,1.13911,2.13,1.80
2018.08.16 05:31:28.896,1.13907,1.13911,1.31,1.07
2018.08.16 05:31:29.633,1.13906,1.13911,6.94,1.76
2018.08.16 05:31:30.174,1.13906,1.13912,4.69,5.14
2018.08.16 05:31:30.381,1.13907,1.13911,1.00,1.62
2018.08.16 05:31:30.869,1.13906,1.13912,5.62,7.20
2018.08.16 05:31:31.420,1.13907,1.13911,1.69,1.00
2018.08.16 05:31:31.972,1.13907,1.13911,2.44,1.69
2018.08.16 05:31:32.513,1.13907,1.13912,1.31,8.70
2018.08.16 05:31:32.830,1.13909,1.13912,1.87,3.64
2018.08.16 05:31:33.171,1.13912,1.13917,1.50,5.14
2018.08.16 05:31:33.275,1.13911,1.13915,4.01,2.06
2018.08.16 05:31:33.796,1.13911,1.13914,2.81,1.50
2018.08.16 05:31:34.334,1.1391,1.13913,3.06,4.50
2018.08.16 05:31:34.388,1.13909,1.13912,1.00,6.56
2018.08.16 05:31:34.595,1.13907,1.13911,1.50,1.12
2018.08.16 05:31:35.114,1.13906,1.13912,3.94,7.39
2018.08.16 05:31:37.041,1.13906,1.13911,3.00,3.26
2018.08.16 05:31:37.459,1.13908,1.13911,1.19,1.31
2018.08.16 05:31:37.884,1.13911,1.13913,1.00,1.10
2018.08.16 05:31:37.939,1.13911,1.13916,2.62,3.07
2018.08.16 05:31:38.466,1.13912,1.13916,1.12,3.82
2018.08.16 05:31:39.564,1.13911,1.13915,2.25,3.37
2018.08.16 05:31:40.090,1.1391,1.13913,1.00,1.00
2018.08.16 05:31:40.650,1.13909,1.13912,3.37,1.50
2018.08.16 05:31:40.958,1.13911,1.13915,1.00,4.57
2018.08.16 05:31:41.503,1.13912,1.13916,1.00,7.76
2018.08.16 05:31:42.004,1.13911,1.13915,2.62,1.87
2018.08.16 05:31:42.507,1.1391,1.13915,2.25,5.70
2018.08.16 05:31:43.016,1.13911,1.13915,1.00,4.20
2018.08.16 05:31:43.534,1.13911,1.13915,1.00,1.87
2018.08.16 05:31:44.117,1.1391,1.13915,5.81,1.20
2018.08.16 05:31:44.432,1.13908,1.13911,1.87,1.00
2018.08.16 05:31:44.834,1.13907,1.13912,3.37,3.45
2018.08.16 05:31:45.384,1.13908,1.13911,1.00,1.12
2018.08.16 05:31:45.771,1.1391,1.13912,3.00,1.20
2018.08.16 05:31:45.876,1.13912,1.13915,1.00,3.07
2018.08.16 05:31:47.400,1.13912,1.13915,1.12,1.20
2018.08.16 05:31:48.187,1.13911,1.13913,2.25,1.00
2018.08.16 05:31:48.241,1.1391,1.13913,2.44,1.87
2018.08.16 05:31:48.348,1.13907,1.13912,1.50,4.87
2018.08.16 05:31:48.703,1.13906,1.13911,2.81,4.95
2018.08.16 05:31:49.859,1.13906,1.13909,1.50,1.00
2018.08.16 05:31:50.422,1.13906,1.1391,2.25,2.81
2018.08.16 05:31:51.552,1.13906,1.1391,2.62,2.06
2018.08.16 05:31:51.862,1.13904,1.13906,1.12,1.00
2018.08.16 05:31:52.380,1.13903,1.13906,1.50,1.12
2018.08.16 05:31:52.882,1.13902,1.13907,4.87,3.75
2018.08.16 05:31:53.328,1.13904,1.13907,1.87,1.20
2018.08.16 05:31:53.863,1.13903,1.13907,1.50,3.19
2018.08.16 05:31:54.388,1.13902,1.13907,3.00,1.57
2018.08.16 05:31:54.941,1.13906,1.13908,1.00,3.07
2018.08.16 05:31:55.046,1.13905,1.1391,3.56,3.26
2018.08.16 05:31:55.203,1.13906,1.1391,1.37,1.39
2018.08.16 05:31:56.043,1.13906,1.1391,1.50,1.25
2018.08.16 05:31:56.881,1.13907,1.1391,1.00,4.39
2018.08.16 05:31:57.398,1.13906,1.1391,1.00,2.14
2018.08.16 05:31:57.906,1.13906,1.13911,4.12,3.19
2018.08.16 05:31:58.701,1.13906,1.13911,2.25,2.06
2018.08.16 05:32:00.594,1.13907,1.13911,1.00,1.25
2018.08.16 05:32:01.260,1.13906,1.13912,8.62,2.51
2018.08.16 05:32:01.930,1.13907,1.13912,1.50,3.45
2018.08.16 05:32:02.570,1.13906,1.13911,5.62,1.25
2018.08.16 05:32:02.876,1.13908,1.13912,1.00,6.64
2018.08.16 05:32:07.621,1.13907,1.1391,1.00,3.94
2018.08.16 05:32:07.914,1.13907,1.13912,1.50,3.64
2018.08.16 05:32:08.018,1.1391,1.13912,1.00,4.31
2018.08.16 05:32:09.755,1.13909,1.13912,1.00,4.87
2018.08.16 05:32:10.072,1.13907,1.1391,1.00,3.19
2018.08.16 05:32:11.186,1.13907,1.1391,1.00,1.00
2018.08.16 05:32:11.750,1.13907,1.13911,1.57,1.25
2018.08.16 05:32:13.947,1.13908,1.13911,1.00,1.25
2018.08.16 05:32:14.460,1.13907,1.13912,2.32,9.56
2018.08.16 05:32:15.030,1.13908,1.13911,1.00,3.37
2018.08.16 05:32:15.578,1.13907,1.13911,1.50,5.44
2018.08.16 05:32:16.115,1.13909,1.1391,1.00,1.12
2018.08.16 05:32:24.244,1.13908,1.1391,1.00,2.06
2018.08.16 05:32:24.841,1.13908,1.1391,1.00,1.31
2018.08.16 05:32:24.893,1.13908,1.13912,1.00,3.19
2018.08.16 05:32:25.409,1.13908,1.13912,1.00,6.94
2018.08.16 05:32:29.724,1.13905,1.13908,3.82,4.87
2018.08.16 05:32:30.042,1.13904,1.13906,1.00,1.69
2018.08.16 05:32:30.581,1.13902,1.13906,1.57,1.19
2018.08.16 05:32:33.671,1.13903,1.13906,1.25,3.64
2018.08.16 05:32:40.629,1.13902,1.13906,1.00,3.26
2018.08.16 05:33:01.153,1.13901,1.13903,3.82,3.44
2018.08.16 05:33:01.256,1.139,1.13903,1.87,2.32
2018.08.16 05:33:01.653,1.13899,1.13901,1.00,1.10
2018.08.16 05:33:02.187,1.13898,1.13902,3.37,5.14
2018.08.16 05:33:03.068,1.13898,1.13902,2.62,2.25
2018.08.16 05:33:03.374,1.13905,1.13906,2.44,1.10
2018.08.16 05:33:03.427,1.13906,1.1391,1.50,1.57
2018.08.16 05:33:03.954,1.13905,1.1391,6.94,2.70
2018.08.16 05:33:04.165,1.13905,1.1391,6.56,2.32
2018.08.16 05:33:04.737,1.13906,1.13909,3.75,1.50
2018.08.16 05:33:04.840,1.13905,1.1391,3.37,5.89
2018.08.16 05:33:05.372,1.13906,1.1391,3.00,2.70
2018.08.16 05:33:05.577,1.13906,1.13909,1.00,1.57
2018.08.16 05:33:05.885,1.13904,1.13909,5.25,4.57
2018.08.16 05:33:05.938,1.13904,1.13907,4.50,1.10
2018.08.16 05:33:06.525,1.13903,1.13908,1.50,6.64
2018.08.16 05:33:07.035,1.13906,1.1391,1.00,9.07
2018.08.16 05:33:07.247,1.13904,1.13908,6.00,1.12
2018.08.16 05:33:07.613,1.13904,1.13906,1.00,1.00
2018.08.16 05:33:07.828,1.13899,1.13903,6.19,1.50
2018.08.16 05:33:08.035,1.13898,1.13902,2.25,1.39
2018.08.16 05:33:08.561,1.13896,1.13902,5.89,6.45
2018.08.16 05:33:09.110,1.13897,1.13902,1.50,10.57
2018.08.16 05:33:09.748,1.13897,1.13901,1.50,3.45
2018.08.16 05:33:10.615,1.13897,1.13901,2.06,2.14
2018.08.16 05:33:11.107,1.13898,1.13902,1.69,1.57
2018.08.16 05:33:11.160,1.139,1.13903,1.00,3.64
2018.08.16 05:33:11.316,1.139,1.13905,3.94,1.95
2018.08.16 05:33:11.867,1.13901,1.13906,1.00,5.14
2018.08.16 05:33:12.278,1.139,1.13905,6.00,1.57
2018.08.16 05:33:12.474,1.13906,1.13907,1.00,1.57
2018.08.16 05:33:12.580,1.13906,1.13909,1.00,1.20
2018.08.16 05:33:13.048,1.13906,1.1391,1.00,1.10
2018.08.16 05:33:13.565,1.13905,1.13911,5.81,3.64
2018.08.16 05:33:14.235,1.13906,1.13911,1.00,3.82
2018.08.16 05:33:14.659,1.1391,1.13913,7.87,2.70
2018.08.16 05:33:14.712,1.13911,1.13913,1.87,1.50
2018.08.16 05:33:14.819,1.13912,1.13916,1.00,2.32
2018.08.16 05:33:15.396,1.13911,1.13915,3.19,1.20
2018.08.16 05:33:16.045,1.13912,1.13916,1.00,1.57
2018.08.16 05:33:16.641,1.13911,1.13917,4.87,5.32
2018.08.16 05:33:16.987,1.13911,1.13914,2.25,1.00
2018.08.16 05:33:18.758,1.13909,1.13913,1.20,4.01
2018.08.16 05:33:18.864,1.13907,1.13912,3.00,5.14
2018.08.16 05:33:19.401,1.13907,1.13911,2.62,1.20
2018.08.16 05:33:19.767,1.13907,1.1391,1.00,9.00
2018.08.16 05:33:19.821,1.13905,1.1391,1.10,6.37
2018.08.16 05:33:20.108,1.13905,1.13911,5.25,2.32
2018.08.16 05:33:20.715,1.13905,1.1391,3.00,1.58
2018.08.16 05:33:21.047,1.13904,1.13909,1.57,1.45
2018.08.16 05:33:21.359,1.13906,1.1391,1.50,1.12
2018.08.16 05:33:21.872,1.13906,1.1391,1.12,3.07
2018.08.16 05:33:22.369,1.13909,1.13912,1.69,1.57
2018.08.16 05:33:22.629,1.13911,1.13915,1.50,4.20
2018.08.16 05:33:22.988,1.13909,1.13912,3.07,1.19
2018.08.16 05:33:23.092,1.13908,1.13912,1.12,5.89
2018.08.16 05:33:23.315,1.13905,1.1391,7.31,1.01
2018.08.16 05:33:23.368,1.13906,1.1391,1.31,1.57
2018.08.16 05:33:23.911,1.13905,1.13909,8.44,1.07
2018.08.16 05:33:24.284,1.13906,1.1391,1.00,2.14
2018.08.16 05:33:24.793,1.13905,1.1391,4.01,1.76
2018.08.16 05:33:25.475,1.13906,1.1391,1.25,1.76
2018.08.16 05:33:25.997,1.13905,1.1391,5.70,1.76
2018.08.16 05:33:28.260,1.13905,1.1391,3.00,1.76
2018.08.16 05:33:29.252,1.13904,1.13907,1.20,1.00
2018.08.16 05:33:29.797,1.13902,1.13906,2.25,2.44
2018.08.16 05:33:30.116,1.139,1.13904,1.00,3.26
2018.08.16 05:33:30.500,1.13901,1.13905,2.62,2.14
2018.08.16 05:33:35.724,1.13899,1.13902,1.57,1.69
2018.08.16 05:33:35.979,1.13896,1.13902,6.45,3.26
2018.08.16 05:33:36.684,1.13896,1.13901,4.87,2.14
2018.08.16 05:33:36.931,1.13896,1.13901,2.62,4.76
2018.08.16 05:33:38.444,1.13897,1.139,1.00,1.07
2018.08.16 05:33:39.786,1.13896,1.139,1.87,1.76
2018.08.16 05:33:40.350,1.13895,1.13899,1.12,1.50
2018.08.16 05:33:40.893,1.13896,1.13898,1.00,1.00
2018.08.16 05:33:41.451,1.13895,1.13899,2.62,1.50
2018.08.16 05:33:42.023,1.13895,1.139,3.37,2.14
2018.08.16 05:33:42.618,1.13895,1.139,11.70,2.25
2018.08.16 05:33:45.400,1.13896,1.13899,1.69,1.12
2018.08.16 05:33:46.491,1.13896,1.139,1.87,2.32
2018.08.16 05:33:48.173,1.13896,1.13901,1.12,4.01
2018.08.16 05:33:49.319,1.13897,1.13901,1.19,4.01
2018.08.16 05:33:49.694,1.13906,1.13909,1.50,1.57
2018.08.16 05:33:49.798,1.13906,1.1391,1.12,2.70
2018.08.16 05:33:49.850,1.13906,1.13908,1.00,1.00
2018.08.16 05:33:50.316,1.13905,1.13906,1.00,1.00
2018.08.16 05:33:50.456,1.13903,1.13906,1.00,1.50
2018.08.16 05:33:50.510,1.13901,1.13905,1.57,1.20
2018.08.16 05:33:51.037,1.13902,1.13906,1.69,1.10
2018.08.16 05:33:51.572,1.13902,1.13906,1.69,1.00
2018.08.16 05:33:52.114,1.13902,1.13906,2.81,1.00
2018.08.16 05:33:52.617,1.13902,1.13906,1.00,3.64
2018.08.16 05:33:55.353,1.13901,1.13905,1.50,1.57
2018.08.16 05:33:58.904,1.13901,1.13905,2.62,1.95
2018.08.16 05:33:59.426,1.13902,1.13907,2.06,4.39
2018.08.16 05:33:59.970,1.13902,1.13906,1.12,1.20
2018.08.16 05:34:00.477,1.13901,1.13905,2.62,1.07
2018.08.16 05:34:01.027,1.13901,1.13905,5.25,1.07
2018.08.16 05:34:01.134,1.13903,1.13907,1.87,1.45
2018.08.16 05:34:01.300,1.13905,1.13909,1.31,1.20
2018.08.16 05:34:01.407,1.13906,1.1391,5.44,1.57
2018.08.16 05:34:01.926,1.13907,1.13911,3.00,2.70
2018.08.16 05:34:02.540,1.13907,1.1391,1.00,1.45
2018.08.16 05:34:02.592,1.13905,1.13909,1.00,2.32
2018.08.16 05:34:03.117,1.13906,1.1391,1.50,5.89
2018.08.16 05:34:03.382,1.13907,1.13911,2.44,2.70
2018.08.16 05:34:03.646,1.13911,1.13915,1.87,1.95
2018.08.16 05:34:04.248,1.1391,1.13914,2.62,1.39
2018.08.16 05:34:04.761,1.13909,1.13914,3.00,2.51
2018.08.16 05:34:08.002,1.13909,1.13913,1.12,1.39
2018.08.16 05:34:08.105,1.13909,1.13913,1.50,1.95
2018.08.16 05:34:08.407,1.1391,1.13914,3.00,1.70
2018.08.16 05:34:08.664,1.13911,1.13914,1.87,1.01
2018.08.16 05:34:09.666,1.13911,1.13915,2.06,2.32
2018.08.16 05:34:11.385,1.1391,1.13913,2.62,2.62
2018.08.16 05:34:11.499,1.1391,1.13915,4.35,2.14
2018.08.16 05:34:12.044,1.13912,1.13915,1.00,1.20
2018.08.16 05:34:13.619,1.13911,1.13915,1.87,2.70
2018.08.16 05:34:13.833,1.1391,1.13915,3.75,3.26
2018.08.16 05:34:14.151,1.1391,1.13914,1.12,1.64
2018.08.16 05:34:14.593,1.13907,1.13912,3.19,1.39
2018.08.16 05:34:15.136,1.13907,1.13912,5.25,4.39
2018.08.16 05:34:16.340,1.13906,1.13911,1.50,4.01
2018.08.16 05:34:16.694,1.13908,1.13911,1.00,2.14
2018.08.16 05:34:17.217,1.13907,1.13911,1.12,1.76
2018.08.16 05:34:17.768,1.13906,1.1391,1.00,4.20
2018.08.16 05:34:18.435,1.13906,1.1391,1.12,1.76
2018.08.16 05:34:18.758,1.13902,1.13906,2.44,1.10
2018.08.16 05:34:19.070,1.13908,1.13912,2.29,1.76
2018.08.16 05:34:19.334,1.13911,1.13915,1.87,1.69
2018.08.16 05:34:19.868,1.13911,1.13915,1.12,2.89
2018.08.16 05:34:20.417,1.13911,1.13915,1.12,1.76
2018.08.16 05:34:21.106,1.13912,1.13915,1.00,1.57
2018.08.16 05:34:21.843,1.13911,1.13915,3.00,1.00
2018.08.16 05:34:22.105,1.13912,1.13916,3.00,1.76
2018.08.16 05:34:22.369,1.13916,1.1392,1.95,1.10
2018.08.16 05:34:22.493,1.13918,1.1392,1.00,1.10
2018.08.16 05:34:22.912,1.13916,1.1392,2.25,1.12
2018.08.16 05:34:23.257,1.13914,1.13918,1.57,3.37
2018.08.16 05:34:23.313,1.13911,1.13917,11.33,6.08
2018.08.16 05:34:25.038,1.13912,1.13916,1.37,1.00
2018.08.16 05:34:26.085,1.13912,1.13916,1.31,2.06
2018.08.16 05:34:26.622,1.13912,1.13916,1.50,4.39
2018.08.16 05:34:27.140,1.13911,1.13915,1.00,1.25
2018.08.16 05:34:28.657,1.1391,1.13914,1.47,2.81
2018.08.16 05:34:28.760,1.13907,1.13912,2.32,1.66
2018.08.16 05:34:28.866,1.13907,1.13912,2.62,1.66
2018.08.16 05:34:29.412,1.13908,1.13912,1.00,2.51
2018.08.16 05:34:29.932,1.13908,1.1391,1.25,1.25
2018.08.16 05:34:30.468,1.13908,1.13911,1.00,1.76
2018.08.16 05:34:30.978,1.13906,1.13911,1.95,1.39
2018.08.16 05:34:31.479,1.13906,1.13911,2.44,2.14
2018.08.16 05:34:32.752,1.13907,1.13912,2.81,3.64
2018.08.16 05:34:32.860,1.1391,1.13914,4.69,1.10
2018.08.16 05:34:33.142,1.13909,1.13914,3.45,1.31
2018.08.16 05:34:33.798,1.13909,1.13914,1.12,2.14
2018.08.16 05:34:34.631,1.13909,1.13913,1.10,1.76
2018.08.16 05:34:36.618,1.13908,1.13912,2.25,4.69
2018.08.16 05:34:36.723,1.13908,1.13911,1.10,1.31
2018.08.16 05:34:37.252,1.13907,1.13911,1.00,4.57
2018.08.16 05:34:38.897,1.1391,1.13911,1.25,1.39
2018.08.16 05:34:39.036,1.13911,1.13915,2.06,2.32
2018.08.16 05:34:39.564,1.13911,1.13916,2.25,1.76
2018.08.16 05:34:40.090,1.13913,1.13915,1.00,1.25
2018.08.16 05:34:41.074,1.13913,1.13916,1.00,1.39
2018.08.16 05:34:41.803,1.13914,1.13917,1.00,4.57
2018.08.16 05:34:42.786,1.13915,1.13917,1.00,4.76
2018.08.16 05:34:42.838,1.13917,1.13919,1.00,2.51
2018.08.16 05:34:42.994,1.13918,1.1392,1.00,1.76
2018.08.16 05:34:43.511,1.13918,1.1392,1.00,1.25
2018.08.16 05:34:44.035,1.13918,1.13921,1.00,5.70
2018.08.16 05:34:44.572,1.13918,1.13921,1.00,23.13
2018.08.16 05:34:44.728,1.13915,1.13919,1.00,3.75
2018.08.16 05:34:45.291,1.13914,1.13918,1.00,6.82
2018.08.16 05:34:45.714,1.13916,1.13918,1.00,4.20
2018.08.16 05:34:46.022,1.13918,1.1392,1.00,1.50
2018.08.16 05:34:48.087,1.13918,1.1392,1.00,5.69
2018.08.16 05:34:48.608,1.13918,1.13921,1.00,4.01
2018.08.16 05:34:50.732,1.13915,1.13918,1.95,1.50
2018.08.16 05:34:50.786,1.13914,1.13917,3.00,2.44
2018.08.16 05:34:50.961,1.13914,1.13915,1.00,1.25
2018.08.16 05:34:53.723,1.13913,1.13915,1.00,1.31
2018.08.16 05:35:02.171,1.13913,1.13916,1.00,4.95
2018.08.16 05:35:08.322,1.13916,1.13917,1.00,3.64
2018.08.16 05:35:08.476,1.13917,1.1392,1.00,1.31
2018.08.16 05:35:08.838,1.13916,1.13918,1.12,1.50
2018.08.16 05:35:09.019,1.13917,1.1392,1.12,1.12
2018.08.16 05:35:09.936,1.13917,1.1392,1.62,1.12
2018.08.16 05:35:10.040,1.13915,1.13918,3.07,1.00
2018.08.16 05:35:10.582,1.13917,1.1392,1.50,2.89
2018.08.16 05:35:11.086,1.13917,1.1392,1.31,1.20
2018.08.16 05:35:11.625,1.13918,1.13921,1.00,4.57
2018.08.16 05:35:12.166,1.13916,1.13919,1.12,1.76
2018.08.16 05:35:12.707,1.13917,1.13919,1.00,1.00
2018.08.16 05:35:13.270,1.13918,1.1392,1.00,4.57
2018.08.16 05:35:14.007,1.13917,1.13919,1.00,1.50
2018.08.16 05:35:14.113,1.13916,1.13919,1.00,5.44
2018.08.16 05:35:14.409,1.13918,1.1392,1.00,2.51
2018.08.16 05:35:15.086,1.13918,1.13921,1.00,6.26
2018.08.16 05:35:15.918,1.13918,1.13921,1.25,1.76
2018.08.16 05:35:17.774,1.13919,1.13922,1.12,1.57
2018.08.16 05:35:18.075,1.13923,1.13926,1.12,1.10
2018.08.16 05:35:18.695,1.13923,1.13927,1.00,6.64
2018.08.16 05:35:19.005,1.13923,1.13925,1.00,8.25
2018.08.16 05:35:19.618,1.13922,1.13924,1.00,1.31
2018.08.16 05:35:22.348,1.13922,1.13924,1.62,1.00
2018.08.16 05:35:22.399,1.13922,1.13926,1.62,5.51
2018.08.16 05:35:22.945,1.13924,1.13927,1.00,7.57
2018.08.16 05:35:23.493,1.13924,1.13926,1.00,1.00
2018.08.16 05:35:25.255,1.13924,1.13926,1.00,2.44
2018.08.16 05:35:25.513,1.13922,1.13926,1.87,2.14
2018.08.16 05:35:25.618,1.1392,1.13924,1.20,1.76
2018.08.16 05:35:26.134,1.13921,1.13925,1.25,4.95
2018.08.16 05:35:26.459,1.1392,1.13922,1.12,1.50
2018.08.16 05:35:26.964,1.13919,1.13921,1.12,1.50
2018.08.16 05:35:29.525,1.1392,1.13922,1.00,1.20
2018.08.16 05:35:29.632,1.13923,1.13926,1.00,1.50
2018.08.16 05:35:30.206,1.13922,1.13925,1.20,9.56
2018.08.16 05:35:30.386,1.1392,1.13925,1.01,7.38
2018.08.16 05:35:30.997,1.1392,1.13924,1.57,1.95
2018.08.16 05:35:31.372,1.13919,1.13922,1.00,1.12
2018.08.16 05:35:32.091,1.13919,1.13922,1.00,2.14
2018.08.16 05:35:32.620,1.13921,1.13923,1.00,1.07
2018.08.16 05:35:32.726,1.13921,1.13924,1.31,1.25
2018.08.16 05:35:33.201,1.13919,1.13924,2.62,18.45
2018.08.16 05:35:33.968,1.13919,1.13923,1.00,7.69
2018.08.16 05:35:34.587,1.13918,1.13922,1.47,5.32
2018.08.16 05:35:35.258,1.13918,1.13921,1.12,1.01
2018.08.16 05:35:38.182,1.13921,1.13923,1.25,1.95
2018.08.16 05:35:38.337,1.13923,1.13926,1.00,1.57
2018.08.16 05:35:38.782,1.13922,1.13924,1.00,1.69
2018.08.16 05:35:38.885,1.1392,1.13924,2.06,3.00
2018.08.16 05:35:39.095,1.13922,1.13925,1.00,2.51
2018.08.16 05:35:39.598,1.13921,1.13924,1.00,1.25
2018.08.16 05:35:40.116,1.13921,1.13926,1.00,7.01
2018.08.16 05:35:40.449,1.1392,1.13923,4.50,4.12
2018.08.16 05:35:41.031,1.1392,1.13922,1.00,1.57
2018.08.16 05:35:41.167,1.13918,1.13922,2.70,3.45
2018.08.16 05:35:41.692,1.13919,1.13922,1.00,2.70
2018.08.16 05:35:42.199,1.13919,1.13921,1.00,1.31
2018.08.16 05:35:42.353,1.1392,1.13923,1.00,3.26
2018.08.16 05:35:42.863,1.1392,1.13924,1.00,1.95
2018.08.16 05:35:46.900,1.13921,1.13924,1.00,1.12
2018.08.16 05:35:47.365,1.1392,1.13922,1.50,1.12
2018.08.16 05:35:47.419,1.13918,1.13922,2.25,2.62
2018.08.16 05:35:47.937,1.13918,1.13921,1.00,1.25
2018.08.16 05:35:48.193,1.13918,1.13919,1.00,1.00
2018.08.16 05:35:48.296,1.13918,1.13921,1.00,5.14
2018.08.16 05:35:49.138,1.13918,1.13921,1.12,5.51
2018.08.16 05:35:49.662,1.13917,1.13919,1.00,1.12
2018.08.16 05:35:49.718,1.13915,1.13918,1.87,1.87
2018.08.16 05:35:49.878,1.13917,1.13919,1.00,2.89
2018.08.16 05:35:49.931,1.13917,1.1392,1.50,1.20
2018.08.16 05:35:50.035,1.13917,1.13922,3.00,5.89
2018.08.16 05:35:50.575,1.13917,1.13922,2.25,9.82
2018.08.16 05:35:51.123,1.13917,1.13921,2.25,3.00
2018.08.16 05:35:51.384,1.13916,1.13918,1.10,1.00
2018.08.16 05:35:51.733,1.13914,1.13917,1.12,3.00
2018.08.16 05:35:52.049,1.13916,1.13921,2.25,5.51
2018.08.16 05:35:52.550,1.13917,1.13921,1.00,9.75
2018.08.16 05:35:56.109,1.13916,1.1392,3.37,1.12
2018.08.16 05:35:57.516,1.13918,1.1392,1.00,1.12
2018.08.16 05:35:57.777,1.13921,1.13926,7.16,3.45
2018.08.16 05:35:57.831,1.13924,1.13926,1.50,2.89
2018.08.16 05:35:58.045,1.13928,1.13931,1.00,2.32
2018.08.16 05:35:58.791,1.13928,1.13931,1.00,2.81
2018.08.16 05:35:58.897,1.13926,1.13929,1.12,1.50
2018.08.16 05:35:59.160,1.13926,1.13931,3.37,6.26
2018.08.16 05:35:59.744,1.13926,1.13929,1.12,1.00
2018.08.16 05:36:00.268,1.13926,1.13929,1.00,2.51
2018.08.16 05:36:00.606,1.13924,1.13927,1.10,3.19
2018.08.16 05:36:00.660,1.13922,1.13926,2.62,2.06
2018.08.16 05:36:00.886,1.13918,1.13921,1.10,3.00
2018.08.16 05:36:01.116,1.13916,1.13919,4.01,1.00
2018.08.16 05:36:01.277,1.13914,1.13918,5.70,1.00
2018.08.16 05:36:01.381,1.13913,1.13917,1.12,2.62
2018.08.16 05:36:01.901,1.13911,1.13916,5.70,2.44
2018.08.16 05:36:02.006,1.13911,1.13913,1.10,1.00
2018.08.16 05:36:02.113,1.13909,1.13912,3.45,1.25
2018.08.16 05:36:03.829,1.13909,1.13912,2.44,1.00
2018.08.16 05:36:07.128,1.13909,1.13912,1.87,1.00
2018.08.16 05:36:07.639,1.13909,1.13914,2.25,4.39
2018.08.16 05:36:08.148,1.13909,1.13914,1.87,3.26
2018.08.16 05:36:08.286,1.13911,1.13914,1.00,1.00
2018.08.16 05:36:08.792,1.13912,1.13915,1.00,1.12
2018.08.16 05:36:09.104,1.1391,1.13913,1.87,1.25
2018.08.16 05:36:09.291,1.13911,1.13915,3.82,1.01
2018.08.16 05:36:09.504,1.1391,1.13913,1.50,1.50
2018.08.16 05:36:09.815,1.1391,1.13913,1.00,1.67
2018.08.16 05:36:10.932,1.1391,1.13913,1.00,1.67
2018.08.16 05:36:11.579,1.1391,1.13913,1.00,1.67
2018.08.16 05:36:12.102,1.1391,1.13913,1.00,1.29
2018.08.16 05:36:12.490,1.13911,1.13915,4.31,1.31
2018.08.16 05:36:13.004,1.13912,1.13915,1.00,2.32
2018.08.16 05:36:13.565,1.13911,1.13914,1.12,1.00
2018.08.16 05:36:16.377,1.13911,1.13913,2.32,1.19
2018.08.16 05:36:16.583,1.13909,1.13913,2.25,2.62
2018.08.16 05:36:16.737,1.13909,1.13912,1.50,2.32
2018.08.16 05:36:18.043,1.13908,1.13911,1.00,1.12
2018.08.16 05:36:18.633,1.13907,1.13911,1.00,3.75
2018.08.16 05:36:20.475,1.13906,1.13911,3.19,2.70
2018.08.16 05:36:20.999,1.13907,1.13911,1.20,3.82
2018.08.16 05:36:21.928,1.13906,1.13909,4.12,1.00
2018.08.16 05:36:23.964,1.13906,1.13909,4.01,1.00
2018.08.16 05:36:26.057,1.13906,1.13909,4.01,1.00
2018.08.16 05:36:28.768,1.13906,1.13909,4.76,1.00
2018.08.16 05:36:29.541,1.13906,1.13909,2.70,1.00
2018.08.16 05:36:30.818,1.13904,1.13906,5.70,1.00
2018.08.16 05:36:30.925,1.13902,1.13905,2.62,1.00
2018.08.16 05:36:31.461,1.139,1.13905,5.89,1.20
2018.08.16 05:36:32.227,1.13901,1.13904,1.00,1.00
2018.08.16 05:36:32.402,1.13898,1.13901,1.00,1.00
2018.08.16 05:36:32.917,1.13897,1.139,1.00,1.12
2018.08.16 05:36:44.988,1.13898,1.139,1.00,1.00
2018.08.16 05:36:45.204,1.13901,1.13905,3.22,1.87
2018.08.16 05:36:45.742,1.13901,1.13906,2.06,2.51
2018.08.16 05:36:50.120,1.13901,1.13906,1.87,4.39
2018.08.16 05:36:50.332,1.13902,1.13907,1.69,6.34
2018.08.16 05:36:50.850,1.13902,1.13906,1.00,3.19
2018.08.16 05:36:53.445,1.13904,1.13907,17.44,3.07
2018.08.16 05:36:53.497,1.13906,1.13907,2.25,1.00
2018.08.16 05:36:53.551,1.13907,1.1391,1.00,3.07
2018.08.16 05:36:54.144,1.13907,1.1391,1.50,2.25
2018.08.16 05:36:55.753,1.13907,1.13908,1.50,1.00
2018.08.16 05:36:55.859,1.13905,1.13908,1.00,1.95
2018.08.16 05:36:56.391,1.13905,1.13907,1.00,1.25
2018.08.16 05:36:56.954,1.13905,1.13908,1.00,3.19
2018.08.16 05:36:58.044,1.13906,1.1391,1.00,3.82
2018.08.16 05:36:58.097,1.13906,1.1391,1.00,2.32
2018.08.16 05:36:58.610,1.13907,1.1391,1.00,2.62
2018.08.16 05:36:59.139,1.13906,1.1391,1.12,1.95
2018.08.16 05:37:02.092,1.13908,1.1391,1.12,1.69
2018.08.16 05:37:02.254,1.13912,1.13915,1.12,2.44
2018.08.16 05:37:02.807,1.13912,1.13914,1.57,1.25
2018.08.16 05:37:03.391,1.13912,1.13915,1.00,2.70
2018.08.16 05:37:04.024,1.13912,1.13914,1.00,1.50
2018.08.16 05:37:04.463,1.1391,1.13914,2.70,2.25
2018.08.16 05:37:04.988,1.1391,1.13915,3.82,1.39
2018.08.16 05:37:08.155,1.13911,1.13915,1.20,1.31
2018.08.16 05:37:08.885,1.13912,1.13916,1.39,1.00
2018.08.16 05:37:09.237,1.13911,1.13913,1.95,1.31
2018.08.16 05:37:09.450,1.13908,1.13911,1.00,2.06
2018.08.16 05:37:09.715,1.13909,1.13913,2.14,3.45
2018.08.16 05:37:10.089,1.1391,1.13914,1.32,1.00
2018.08.16 05:37:10.785,1.1391,1.13913,1.12,3.37
2018.08.16 05:37:10.890,1.13908,1.13912,1.95,1.25
2018.08.16 05:37:11.438,1.13908,1.13912,1.20,1.57
2018.08.16 05:37:11.978,1.13908,1.13912,1.20,1.39
2018.08.16 05:37:12.511,1.1391,1.13912,1.00,1.00
2018.08.16 05:37:13.024,1.1391,1.13913,1.00,1.31
2018.08.16 05:37:15.791,1.1391,1.13914,1.87,2.25
2018.08.16 05:37:16.782,1.13912,1.13915,1.00,1.47
2018.08.16 05:37:16.887,1.13912,1.13916,1.10,1.76
2018.08.16 05:37:18.823,1.13915,1.13917,1.00,3.45
2018.08.16 05:37:18.930,1.13917,1.13919,1.00,1.00
2018.08.16 05:37:19.088,1.13917,1.13921,1.00,3.00
2018.08.16 05:37:20.268,1.13917,1.13921,2.70,1.50
2018.08.16 05:37:22.055,1.13918,1.13921,1.20,2.43
2018.08.16 05:37:25.318,1.13917,1.13921,1.20,2.25
2018.08.16 05:37:26.780,1.1392,1.13922,1.00,1.12
2018.08.16 05:37:26.887,1.13922,1.13926,1.00,5.32
2018.08.16 05:37:26.941,1.13922,1.13926,2.51,4.12
2018.08.16 05:37:27.354,1.13926,1.13927,1.00,1.50
2018.08.16 05:37:27.408,1.13927,1.1393,1.00,1.37
2018.08.16 05:37:27.515,1.13927,1.13931,1.35,2.25
2018.08.16 05:37:28.034,1.13927,1.13931,2.70,4.12
2018.08.16 05:37:28.590,1.13927,1.13931,1.95,1.87
2018.08.16 05:37:29.110,1.13927,1.1393,1.95,1.00
2018.08.16 05:37:29.658,1.13926,1.13931,2.51,2.25
2018.08.16 05:37:30.192,1.13927,1.1393,1.07,1.31
2018.08.16 05:37:30.760,1.13927,1.13931,1.20,2.81
2018.08.16 05:37:30.969,1.13926,1.13928,3.07,1.69
2018.08.16 05:37:31.077,1.13921,1.13926,3.71,2.06
2018.08.16 05:37:31.289,1.13921,1.13926,3.64,5.63
2018.08.16 05:37:32.800,1.13921,1.13926,2.14,5.06
2018.08.16 05:37:35.063,1.13921,1.13926,3.45,4.50
2018.08.16 05:37:35.649,1.13922,1.13926,2.32,2.62
2018.08.16 05:37:36.184,1.13922,1.13926,1.20,1.31
2018.08.16 05:37:41.108,1.13925,1.13927,2.85,2.25
2018.08.16 05:37:41.213,1.13927,1.1393,1.01,1.00
2018.08.16 05:37:41.637,1.1393,1.13932,1.00,5.17
2018.08.16 05:37:41.691,1.13932,1.13935,1.00,2.70
2018.08.16 05:37:41.745,1.13932,1.13935,1.50,1.50
2018.08.16 05:37:42.554,1.13932,1.13937,1.20,5.33
2018.08.16 05:37:42.890,1.13932,1.13937,1.39,5.25
2018.08.16 05:37:43.097,1.13936,1.13939,2.25,1.20
2018.08.16 05:37:43.409,1.13944,1.13946,1.00,1.87
2018.08.16 05:37:43.461,1.13943,1.13947,1.10,4.76
2018.08.16 05:37:43.515,1.13943,1.13945,1.00,1.00
2018.08.16 05:37:44.053,1.13944,1.13945,1.50,1.12
2018.08.16 05:37:44.105,1.13942,1.13946,1.39,3.00
2018.08.16 05:37:44.621,1.13941,1.13945,3.45,1.00
2018.08.16 05:37:45.461,1.13939,1.13942,3.45,1.69
2018.08.16 05:37:45.728,1.13937,1.13941,2.14,1.87
2018.08.16 05:37:46.473,1.13937,1.1394,1.57,1.00
2018.08.16 05:37:46.577,1.13935,1.1394,4.20,1.00
2018.08.16 05:37:47.113,1.13936,1.13941,2.32,4.95
2018.08.16 05:37:49.027,1.13937,1.13939,1.00,1.12
2018.08.16 05:37:51.190,1.13936,1.13939,1.50,1.00
2018.08.16 05:37:51.696,1.13936,1.13939,1.07,1.31
2018.08.16 05:37:52.242,1.13936,1.13939,1.50,1.50
2018.08.16 05:37:52.750,1.13933,1.13936,1.57,1.00
2018.08.16 05:37:52.914,1.13931,1.13935,1.57,1.63
2018.08.16 05:37:53.463,1.13931,1.13935,1.57,1.25
2018.08.16 05:37:54.019,1.1393,1.13935,1.57,2.44
2018.08.16 05:37:54.538,1.1393,1.13935,4.01,1.87
2018.08.16 05:37:55.513,1.1393,1.13935,3.26,2.25
2018.08.16 05:37:55.669,1.1393,1.13935,3.26,2.62
2018.08.16 05:37:56.216,1.1393,1.13935,2.89,4.39
2018.08.16 05:37:56.957,1.1393,1.13934,1.10,2.06
2018.08.16 05:37:57.065,1.13926,1.13931,2.32,5.06
2018.08.16 05:37:57.350,1.13925,1.1393,3.82,1.69
2018.08.16 05:37:57.856,1.13926,1.1393,1.20,2.06
2018.08.16 05:37:58.703,1.13926,1.1393,2.62,3.19
2018.08.16 05:37:59.337,1.13926,1.1393,2.25,3.19
2018.08.16 05:38:00.262,1.13926,1.1393,3.07,1.00
2018.08.16 05:38:00.625,1.13925,1.13927,1.00,4.69
2018.08.16 05:38:00.677,1.13922,1.13926,3.82,1.69
2018.08.16 05:38:01.821,1.13923,1.13927,2.81,1.50
2018.08.16 05:38:01.873,1.13923,1.13924,2.77,1.00
2018.08.16 05:38:02.409,1.13921,1.13925,5.32,1.00
2018.08.16 05:38:02.726,1.13927,1.1393,1.00,6.37
2018.08.16 05:38:02.779,1.13927,1.1393,1.00,4.50
2018.08.16 05:38:05.642,1.13926,1.13927,1.00,1.12
2018.08.16 05:38:05.694,1.13924,1.13928,1.87,1.31
2018.08.16 05:38:06.212,1.13925,1.13928,1.57,1.12
2018.08.16 05:38:06.370,1.13927,1.1393,1.00,1.50
2018.08.16 05:38:06.917,1.13927,1.1393,1.00,1.00
2018.08.16 05:38:09.438,1.13926,1.13928,1.10,1.12
2018.08.16 05:38:09.637,1.13927,1.1393,1.50,1.50
2018.08.16 05:38:10.149,1.13928,1.13931,1.00,2.62
2018.08.16 05:38:13.749,1.13928,1.13932,1.12,6.07
2018.08.16 05:38:13.958,1.13928,1.13931,1.00,1.39
2018.08.16 05:38:20.039,1.13928,1.13931,1.50,1.87
2018.08.16 05:38:23.622,1.13929,1.13933,1.00,1.87
2018.08.16 05:38:23.935,1.13929,1.13933,1.00,3.00
2018.08.16 05:38:24.525,1.13929,1.13932,1.00,2.44
2018.08.16 05:38:25.052,1.13929,1.13933,1.00,6.19
2018.08.16 05:38:26.898,1.13929,1.13932,1.10,1.69
2018.08.16 05:38:27.211,1.13932,1.13935,1.00,3.19
2018.08.16 05:38:27.659,1.13932,1.13933,1.50,1.00
2018.08.16 05:38:27.711,1.1393,1.13932,1.50,1.00
2018.08.16 05:38:28.300,1.13929,1.13932,1.87,3.37
2018.08.16 05:38:28.824,1.1393,1.13932,1.50,1.00
2018.08.16 05:38:31.511,1.13931,1.13934,1.00,1.38
2018.08.16 05:38:31.618,1.13932,1.13935,1.00,3.64
2018.08.16 05:38:32.133,1.13932,1.13935,1.00,2.26
2018.08.16 05:38:32.732,1.13932,1.13935,1.00,7.77
2018.08.16 05:38:33.634,1.13932,1.13935,1.00,3.08
2018.08.16 05:38:34.138,1.13932,1.13935,1.00,5.52
2018.08.16 05:38:35.590,1.1393,1.13932,1.20,1.50
2018.08.16 05:38:35.801,1.13928,1.13931,1.00,4.57
2018.08.16 05:38:35.913,1.13927,1.1393,1.57,2.25
2018.08.16 05:38:36.427,1.13927,1.1393,1.12,1.10
2018.08.16 05:38:37.795,1.13928,1.1393,1.25,1.25
2018.08.16 05:38:38.318,1.13927,1.13931,1.50,3.37
2018.08.16 05:38:39.693,1.13928,1.13931,1.25,3.71
2018.08.16 05:38:40.218,1.13927,1.1393,1.00,1.00
2018.08.16 05:38:40.863,1.13927,1.1393,1.00,1.95
2018.08.16 05:38:42.753,1.13927,1.13931,1.00,6.45
2018.08.16 05:38:43.376,1.13927,1.13931,1.20,1.76
2018.08.16 05:38:45.484,1.13927,1.1393,1.00,1.00
2018.08.16 05:38:57.381,1.13927,1.13929,1.12,1.00
2018.08.16 05:38:58.030,1.13927,1.1393,1.10,1.00
2018.08.16 05:38:58.546,1.13927,1.1393,1.95,1.00
2018.08.16 05:38:59.226,1.1393,1.13933,1.00,2.25
2018.08.16 05:38:59.472,1.13932,1.13935,1.00,1.51
2018.08.16 05:39:00.410,1.13932,1.13934,1.00,1.25
2018.08.16 05:39:00.514,1.1393,1.13932,1.10,1.00
2018.08.16 05:39:00.848,1.13928,1.13931,1.00,5.44
2018.08.16 05:39:01.778,1.13926,1.13927,1.95,1.00
2018.08.16 05:39:01.882,1.13922,1.13925,1.87,1.25
2018.08.16 05:39:01.934,1.13922,1.13923,1.00,1.00
2018.08.16 05:39:02.093,1.13923,1.13925,1.00,1.57
2018.08.16 05:39:02.147,1.13921,1.13924,1.00,1.00
2018.08.16 05:39:02.838,1.13921,1.13925,1.00,3.45
2018.08.16 05:39:03.359,1.13922,1.13925,1.00,1.25
2018.08.16 05:39:03.923,1.13922,1.13924,1.25,1.25
2018.08.16 05:39:04.438,1.13922,1.13925,1.00,1.25
2018.08.16 05:39:06.625,1.1392,1.13922,3.90,1.00
2018.08.16 05:39:07.155,1.13918,1.13922,2.70,1.69
2018.08.16 05:39:07.852,1.13918,1.13922,3.07,1.10
2018.08.16 05:39:08.365,1.13919,1.13921,1.00,1.50
2018.08.16 05:39:08.896,1.13919,1.13922,2.25,1.00
2018.08.16 05:39:09.415,1.13921,1.13924,1.00,1.87
2018.08.16 05:39:10.020,1.1392,1.13924,2.06,4.39
2018.08.16 05:39:10.537,1.1392,1.13923,2.06,1.00
2018.08.16 05:39:11.210,1.13921,1.13923,1.25,1.69
2018.08.16 05:39:11.265,1.13922,1.13925,1.25,3.30
2018.08.16 05:39:11.797,1.13923,1.13925,1.25,1.00
2018.08.16 05:39:12.301,1.13923,1.13926,1.25,5.89
2018.08.16 05:39:13.346,1.13923,1.13925,1.25,1.25
2018.08.16 05:39:14.562,1.13923,1.13926,1.25,5.70
2018.08.16 05:39:15.660,1.13923,1.13925,1.00,1.00
2018.08.16 05:39:15.989,1.13925,1.13927,3.19,3.37
2018.08.16 05:39:16.046,1.13927,1.1393,1.69,2.62
2018.08.16 05:39:16.204,1.13931,1.13933,1.19,1.57
2018.08.16 05:39:16.309,1.13932,1.13934,1.00,2.44
2018.08.16 05:39:16.858,1.13931,1.13935,1.69,8.62
2018.08.16 05:39:22.828,1.13931,1.13933,1.25,3.00
2018.08.16 05:39:22.932,1.13929,1.13933,2.25,4.87
2018.08.16 05:39:24.052,1.1393,1.13933,1.00,1.50
2018.08.16 05:39:24.556,1.13929,1.13932,2.44,7.31
2018.08.16 05:39:25.086,1.1393,1.13933,2.25,1.00
2018.08.16 05:39:28.510,1.13931,1.13935,1.00,3.11
2018.08.16 05:39:31.147,1.13932,1.13933,1.00,1.12
2018.08.16 05:39:31.200,1.13932,1.13935,1.25,2.62
2018.08.16 05:39:32.621,1.13932,1.13935,1.50,2.17
2018.08.16 05:39:33.146,1.13932,1.13935,2.25,2.47
2018.08.16 05:39:33.675,1.13932,1.13935,1.00,2.66
2018.08.16 05:39:33.789,1.13931,1.13932,1.10,1.00
2018.08.16 05:39:34.297,1.1393,1.13932,1.50,2.62
2018.08.16 05:39:34.931,1.13931,1.13933,1.00,1.20
2018.08.16 05:39:35.528,1.13931,1.13934,1.00,1.12
2018.08.16 05:39:37.019,1.13931,1.13935,1.57,2.55
2018.08.16 05:39:37.275,1.13933,1.13935,1.25,1.72
2018.08.16 05:39:38.536,1.13934,1.13936,1.50,2.25
2018.08.16 05:39:39.085,1.13935,1.13936,1.00,3.37
2018.08.16 05:39:40.118,1.13935,1.13937,1.00,4.76
2018.08.16 05:39:41.381,1.13935,1.13936,2.25,1.00
2018.08.16 05:39:44.967,1.13935,1.13938,4.57,1.37
2018.08.16 05:39:45.527,1.13936,1.13938,3.00,1.00
2018.08.16 05:39:45.783,1.13938,1.1394,1.10,1.25
2018.08.16 05:39:46.404,1.13937,1.1394,1.39,4.50
2018.08.16 05:39:46.510,1.13938,1.1394,1.10,1.50
2018.08.16 05:39:47.040,1.13938,1.13941,1.00,4.50
2018.08.16 05:39:47.495,1.1394,1.13944,1.12,4.31
2018.08.16 05:39:47.803,1.13942,1.13944,1.00,2.62
2018.08.16 05:39:48.574,1.13943,1.13945,1.00,1.87
2018.08.16 05:39:49.090,1.13943,1.13945,1.00,2.06
2018.08.16 05:39:49.910,1.13942,1.13944,1.10,1.00
2018.08.16 05:39:50.441,1.13942,1.13945,2.32,1.50
2018.08.16 05:39:50.953,1.13941,1.13945,5.70,2.02
2018.08.16 05:39:51.524,1.13942,1.13945,1.10,1.12
2018.08.16 05:39:52.040,1.13942,1.13945,1.95,1.00
2018.08.16 05:39:52.986,1.13941,1.13946,4.39,4.50
2018.08.16 05:39:54.164,1.13944,1.13946,4.01,6.00
2018.08.16 05:39:54.323,1.13947,1.1395,1.00,4.57
2018.08.16 05:39:54.633,1.1395,1.13951,1.00,1.00
2018.08.16 05:39:54.896,1.13953,1.13955,1.00,2.25
2018.08.16 05:39:55.055,1.13951,1.13954,3.07,1.37
2018.08.16 05:39:55.108,1.13951,1.13954,2.70,1.12
2018.08.16 05:39:55.213,1.1395,1.13952,3.82,1.00
2018.08.16 05:39:55.372,1.13949,1.13952,1.39,2.62
2018.08.16 05:39:55.424,1.1395,1.13954,4.95,1.12
2018.08.16 05:39:55.597,1.1395,1.13952,2.70,1.12
2018.08.16 05:39:55.701,1.13949,1.13952,1.20,1.50
2018.08.16 05:39:55.911,1.13952,1.13953,1.00,1.12
2018.08.16 05:39:56.527,1.1395,1.13953,1.45,1.00
2018.08.16 05:39:56.849,1.13953,1.13955,1.00,1.00
2018.08.16 05:39:57.385,1.13953,1.13956,3.45,1.00
2018.08.16 05:39:57.991,1.13953,1.13957,1.57,2.25
2018.08.16 05:39:59.694,1.13953,1.13956,1.95,1.50
2018.08.16 05:39:59.800,1.13952,1.13955,2.70,1.12
2018.08.16 05:39:59.917,1.13951,1.13953,1.20,3.19
2018.08.16 05:40:00.575,1.1395,1.13954,1.10,1.57
2018.08.16 05:40:00.889,1.13948,1.13951,3.45,1.12
2018.08.16 05:40:00.994,1.13948,1.13951,2.70,2.25
2018.08.16 05:40:01.649,1.13951,1.13952,1.69,1.50
2018.08.16 05:40:01.856,1.13964,1.13967,3.68,1.00
2018.08.16 05:40:01.909,1.13966,1.13968,1.00,5.25
2018.08.16 05:40:02.245,1.13963,1.13966,1.10,1.50
2018.08.16 05:40:02.863,1.13962,1.13966,1.00,1.87
2018.08.16 05:40:03.742,1.1396,1.13962,1.20,3.37
2018.08.16 05:40:03.848,1.13957,1.13961,3.26,1.87
2018.08.16 05:40:04.429,1.13957,1.13961,2.14,1.12
2018.08.16 05:40:06.435,1.13958,1.13961,1.10,1.25
2018.08.16 05:40:07.529,1.13957,1.13961,1.57,1.87
2018.08.16 05:40:08.118,1.13957,1.1396,4.39,1.00
2018.08.16 05:40:08.649,1.13958,1.1396,1.00,1.50
2018.08.16 05:40:09.468,1.13957,1.1396,1.39,1.00
2018.08.16 05:40:11.068,1.13955,1.13957,1.20,3.19
2018.08.16 05:40:11.122,1.13955,1.13958,2.06,2.25
2018.08.16 05:40:11.230,1.13957,1.1396,1.00,1.12
2018.08.16 05:40:11.561,1.13956,1.1396,2.62,2.44
2018.08.16 05:40:11.671,1.13956,1.1396,1.69,1.12
2018.08.16 05:40:12.499,1.13956,1.13959,2.44,1.00
2018.08.16 05:40:13.016,1.13956,1.1396,2.06,2.06
2018.08.16 05:40:13.560,1.13957,1.1396,1.00,1.20
2018.08.16 05:40:14.642,1.13957,1.1396,2.25,1.00
2018.08.16 05:40:15.000,1.13956,1.1396,2.14,1.12
2018.08.16 05:40:15.518,1.13956,1.13961,2.89,2.89
2018.08.16 05:40:16.050,1.13956,1.13961,1.84,2.81
2018.08.16 05:40:16.553,1.13956,1.1396,2.02,1.25
2018.08.16 05:40:16.916,1.13956,1.13958,1.91,1.00
2018.08.16 05:40:17.130,1.13958,1.13961,2.96,1.00
2018.08.16 05:40:17.652,1.13958,1.13962,1.27,3.56
2018.08.16 05:40:18.162,1.13957,1.13962,3.07,11.06
2018.08.16 05:40:18.621,1.13957,1.1396,1.25,1.00
2018.08.16 05:40:19.133,1.13957,1.13961,1.12,3.37
2018.08.16 05:40:19.660,1.13957,1.13961,1.69,4.12
2018.08.16 05:40:20.235,1.13958,1.1396,1.00,1.00
2018.08.16 05:40:21.160,1.13957,1.13961,1.01,2.62
2018.08.16 05:40:24.307,1.13957,1.13959,1.25,1.00
2018.08.16 05:40:24.531,1.13957,1.13961,1.00,1.00
2018.08.16 05:40:25.228,1.13957,1.1396,1.00,1.00
2018.08.16 05:40:25.753,1.13958,1.1396,1.00,1.00
2018.08.16 05:40:27.415,1.13956,1.13959,2.32,1.87
2018.08.16 05:40:27.604,1.1395,1.13953,1.50,1.12
2018.08.16 05:40:28.014,1.1395,1.13952,1.00,4.31
2018.08.16 05:40:28.168,1.13948,1.13951,1.57,5.25
2018.08.16 05:40:28.341,1.13946,1.13949,3.45,1.50
2018.08.16 05:40:28.605,1.13947,1.1395,1.50,1.50
2018.08.16 05:40:29.254,1.13947,1.13949,1.57,1.12
2018.08.16 05:40:29.776,1.13947,1.1395,1.69,2.06
2018.08.16 05:40:33.317,1.13947,1.13949,1.00,1.00
2018.08.16 05:40:33.836,1.13947,1.1395,1.10,2.33
2018.08.16 05:40:34.308,1.13947,1.1395,1.00,2.62
2018.08.16 05:40:34.412,1.13947,1.1395,1.50,3.75
2018.08.16 05:40:39.574,1.13947,1.1395,1.00,3.08
2018.08.16 05:40:39.732,1.13943,1.13947,3.45,1.50
2018.08.16 05:40:40.234,1.13943,1.13946,1.57,1.50
2018.08.16 05:40:41.142,1.13943,1.13947,1.10,1.87
2018.08.16 05:40:41.825,1.13943,1.13946,1.57,1.00
2018.08.16 05:40:42.427,1.13943,1.13947,1.10,1.87
2018.08.16 05:40:43.082,1.13943,1.13946,1.10,1.00
2018.08.16 05:40:44.035,1.13943,1.13947,1.10,1.87
2018.08.16 05:40:46.884,1.13943,1.13946,1.10,1.00
2018.08.16 05:40:49.036,1.13943,1.13947,1.10,3.37
2018.08.16 05:40:49.816,1.13943,1.13947,1.07,1.87
2018.08.16 05:40:49.920,1.13947,1.1395,1.00,3.00
2018.08.16 05:40:50.494,1.13947,1.1395,2.44,2.62
2018.08.16 05:40:51.038,1.13947,1.1395,1.76,1.50
2018.08.16 05:40:51.917,1.13945,1.13947,3.58,1.00
2018.08.16 05:40:52.024,1.13947,1.13949,1.00,1.50
2018.08.16 05:40:52.593,1.13947,1.1395,1.57,2.25
2018.08.16 05:40:52.645,1.13945,1.13949,3.45,1.50
2018.08.16 05:40:52.900,1.13947,1.13951,1.00,5.78
2018.08.16 05:40:58.183,1.13948,1.1395,1.00,1.50
2018.08.16 05:40:58.343,1.1395,1.13952,3.37,1.95
2018.08.16 05:40:58.448,1.13951,1.13954,1.00,1.50
2018.08.16 05:40:59.255,1.1395,1.13953,2.25,1.50
2018.08.16 05:40:59.309,1.13952,1.13953,1.00,1.72
2018.08.16 05:40:59.819,1.13952,1.13954,1.00,2.85
2018.08.16 05:41:00.392,1.13951,1.13954,1.00,3.30
2018.08.16 05:41:00.444,1.13949,1.13953,4.12,1.00
2018.08.16 05:41:00.989,1.13949,1.13952,4.31,1.50
2018.08.16 05:41:01.439,1.13951,1.13955,3.82,3.26
2018.08.16 05:41:01.962,1.13951,1.13955,4.39,1.20
2018.08.16 05:41:03.807,1.13952,1.13956,1.00,4.57
2018.08.16 05:41:04.374,1.13951,1.13955,3.64,1.10
2018.08.16 05:41:05.744,1.13952,1.13955,1.00,1.10
2018.08.16 05:41:07.005,1.13951,1.13955,3.26,1.57
2018.08.16 05:41:07.521,1.13952,1.13955,1.00,1.10
2018.08.16 05:41:08.533,1.13951,1.13955,2.51,1.10
2018.08.16 05:41:10.126,1.13952,1.13955,1.00,1.76
2018.08.16 05:41:10.450,1.13954,1.13957,1.00,1.10
2018.08.16 05:41:10.760,1.13952,1.13954,1.00,1.00
2018.08.16 05:41:11.381,1.13951,1.13954,2.25,1.87
2018.08.16 05:41:12.239,1.1395,1.13952,2.25,3.75
2018.08.16 05:41:12.342,1.13948,1.13951,1.00,1.10
2018.08.16 05:41:12.932,1.13947,1.13952,1.00,6.07
2018.08.16 05:41:14.703,1.13947,1.13951,1.50,3.82
2018.08.16 05:41:15.573,1.1395,1.13952,2.06,1.57
2018.08.16 05:41:15.678,1.13952,1.13955,1.25,3.07
2018.08.16 05:41:16.071,1.1395,1.13954,1.69,1.10
2018.08.16 05:41:17.048,1.1395,1.13955,5.81,1.95
2018.08.16 05:41:17.609,1.13951,1.13955,1.31,2.32
2018.08.16 05:41:18.131,1.13952,1.13955,1.00,1.95
2018.08.16 05:41:18.839,1.13955,1.13957,1.69,2.70
2018.08.16 05:41:18.971,1.13956,1.13959,1.50,1.00
2018.08.16 05:41:24.537,1.13957,1.13959,1.00,1.00
2018.08.16 05:41:26.127,1.13956,1.13959,1.50,1.12
2018.08.16 05:41:28.902,1.13956,1.13959,1.19,1.12
2018.08.16 05:41:29.014,1.13956,1.13957,1.00,1.00
2018.08.16 05:41:29.068,1.13954,1.13956,1.50,1.00
2018.08.16 05:41:29.457,1.13953,1.13956,1.00,4.76
2018.08.16 05:41:29.814,1.13946,1.13953,2.25,1.19
2018.08.16 05:41:29.994,1.13946,1.1395,1.69,1.10
2018.08.16 05:41:30.383,1.13945,1.1395,1.87,3.26
2018.08.16 05:41:30.701,1.13951,1.13955,1.00,1.95
2018.08.16 05:41:31.244,1.13951,1.13955,1.87,2.70
2018.08.16 05:41:31.786,1.1395,1.13955,6.56,1.20
2018.08.16 05:41:32.309,1.1395,1.13952,1.10,1.00
2018.08.16 05:41:32.416,1.13947,1.13952,1.80,8.25
2018.08.16 05:41:32.525,1.13947,1.13952,1.12,12.07
2018.08.16 05:41:33.559,1.13947,1.1395,1.12,1.57
2018.08.16 05:41:33.876,1.13947,1.1395,2.25,1.01
2018.08.16 05:41:34.134,1.1395,1.13953,1.69,1.10
2018.08.16 05:41:34.662,1.13948,1.13951,3.07,1.50
2018.08.16 05:41:35.245,1.13948,1.13951,1.00,2.32
2018.08.16 05:41:36.066,1.13948,1.13951,1.25,1.76
2018.08.16 05:41:36.349,1.13949,1.13953,1.25,4.76
2018.08.16 05:41:36.879,1.13949,1.13953,1.00,1.95
2018.08.16 05:41:37.037,1.13952,1.13954,1.00,4.39
2018.08.16 05:41:37.301,1.13953,1.13955,1.00,1.12
2018.08.16 05:41:39.493,1.13953,1.13956,1.00,3.07
2018.08.16 05:41:40.012,1.13953,1.13955,1.00,1.76
2018.08.16 05:41:40.560,1.13957,1.13958,1.00,1.00
2018.08.16 05:41:40.665,1.13958,1.1396,1.00,3.26
2018.08.16 05:41:41.223,1.13956,1.1396,2.06,2.89
2018.08.16 05:41:41.485,1.13958,1.1396,1.00,2.14
2018.08.16 05:41:43.974,1.13956,1.1396,1.00,6.45
2018.08.16 05:41:44.028,1.13955,1.13956,1.00,1.00
2018.08.16 05:41:44.567,1.13954,1.13956,1.00,1.00
2018.08.16 05:41:45.117,1.13954,1.13956,1.00,1.20
2018.08.16 05:41:46.438,1.13954,1.13956,1.00,1.07
2018.08.16 05:41:51.816,1.13955,1.13957,1.00,5.32
2018.08.16 05:41:53.166,1.13955,1.13956,1.00,1.00
2018.08.16 05:41:53.325,1.13957,1.13959,1.00,3.07
2018.08.16 05:41:53.828,1.13957,1.13959,1.00,1.00
2018.08.16 05:41:54.341,1.13957,1.1396,1.00,1.95
2018.08.16 05:41:58.292,1.13959,1.1396,2.62,1.31
2018.08.16 05:41:58.397,1.13962,1.13964,1.00,1.50
2018.08.16 05:41:58.914,1.13962,1.13965,1.00,1.00
2018.08.16 05:42:00.669,1.13961,1.13965,1.69,1.10
2018.08.16 05:42:01.191,1.13961,1.13965,1.50,3.07
2018.08.16 05:42:02.434,1.13962,1.13965,1.00,2.32
2018.08.16 05:42:03.168,1.13961,1.13965,1.50,1.57
2018.08.16 05:42:03.721,1.13961,1.13965,1.50,1.57
2018.08.16 05:42:04.779,1.13961,1.13965,1.50,1.95
2018.08.16 05:42:05.301,1.13962,1.13965,1.00,2.70
2018.08.16 05:42:05.824,1.13961,1.13965,1.50,2.32
2018.08.16 05:42:05.877,1.13961,1.13965,1.50,1.95
2018.08.16 05:42:06.204,1.13959,1.13961,1.00,4.95
2018.08.16 05:42:08.173,1.13958,1.1396,1.00,1.20
2018.08.16 05:42:11.162,1.13958,1.13961,1.00,3.45
2018.08.16 05:42:11.700,1.13957,1.13961,1.87,2.32
2018.08.16 05:42:12.458,1.13957,1.1396,1.87,1.00
2018.08.16 05:42:13.086,1.1396,1.13962,1.25,1.07
2018.08.16 05:42:13.240,1.13961,1.13963,1.50,1.20
2018.08.16 05:42:13.803,1.1396,1.13965,5.06,7.57
2018.08.16 05:42:14.438,1.1396,1.13965,3.94,3.82
2018.08.16 05:42:14.977,1.1396,1.13965,5.06,4.76
2018.08.16 05:42:15.324,1.13961,1.13965,1.00,2.70
2018.08.16 05:42:16.034,1.1396,1.13965,5.44,1.95
2018.08.16 05:42:16.701,1.1396,1.13965,5.14,2.32
2018.08.16 05:42:17.361,1.13961,1.13965,1.00,3.07
2018.08.16 05:42:17.889,1.1396,1.13965,4.39,2.32
2018.08.16 05:42:18.960,1.1396,1.13965,8.44,1.57
2018.08.16 05:42:19.189,1.1396,1.13962,3.82,2.25
2018.08.16 05:42:19.358,1.13958,1.13961,1.25,1.50
2018.08.16 05:42:19.411,1.13956,1.13959,1.00,1.12
2018.08.16 05:42:19.624,1.13954,1.13958,4.76,1.10
2018.08.16 05:42:19.737,1.13956,1.13959,1.00,3.07
2018.08.16 05:42:20.243,1.13956,1.13959,2.25,1.57
2018.08.16 05:42:20.550,1.13956,1.13957,1.00,1.50
2018.08.16 05:42:20.602,1.13954,1.13957,2.62,1.12
2018.08.16 05:42:21.121,1.13954,1.13957,1.00,5.14
2018.08.16 05:42:21.684,1.13954,1.13957,1.00,1.76
2018.08.16 05:42:22.501,1.13954,1.13957,1.00,2.70
2018.08.16 05:42:23.621,1.13953,1.13957,1.00,1.57
2018.08.16 05:42:24.813,1.13952,1.13957,2.44,3.26
2018.08.16 05:42:25.153,1.13953,1.13956,1.00,1.76
2018.08.16 05:42:25.706,1.13953,1.13956,1.00,1.76
2018.08.16 05:42:27.248,1.13952,1.13956,3.00,1.10
2018.08.16 05:42:27.727,1.13955,1.13957,1.00,2.51
2018.08.16 05:42:27.829,1.13955,1.13958,1.25,4.76
2018.08.16 05:42:28.377,1.13956,1.13959,1.50,2.10
2018.08.16 05:42:28.955,1.13955,1.13959,4.12,1.00
2018.08.16 05:42:29.506,1.13955,1.13959,1.69,2.14
2018.08.16 05:42:30.025,1.13956,1.1396,1.25,3.45
2018.08.16 05:42:30.545,1.13956,1.1396,3.26,1.10
2018.08.16 05:42:32.364,1.13958,1.13961,1.00,2.32
2018.08.16 05:42:32.876,1.13959,1.13962,1.69,1.39
2018.08.16 05:42:33.393,1.13959,1.13961,1.00,1.12
2018.08.16 05:42:33.935,1.13958,1.13961,1.00,1.20
2018.08.16 05:42:34.495,1.13958,1.13961,1.69,1.39
2018.08.16 05:42:35.020,1.13958,1.13961,1.00,1.39
2018.08.16 05:42:35.586,1.13958,1.13961,1.00,3.82
2018.08.16 05:42:37.272,1.13958,1.13961,1.50,2.25
2018.08.16 05:42:42.266,1.13958,1.13962,1.12,2.25
2018.08.16 05:42:42.578,1.13961,1.13963,1.00,2.25
2018.08.16 05:42:43.411,1.13962,1.13964,1.00,1.50
2018.08.16 05:42:44.266,1.13961,1.13965,1.10,2.51
2018.08.16 05:42:44.792,1.13962,1.13964,1.00,1.00
2018.08.16 05:42:45.385,1.13962,1.13965,1.00,2.51
2018.08.16 05:42:45.791,1.13962,1.13965,1.12,1.00
2018.08.16 05:42:47.106,1.13962,1.13966,1.50,4.31
2018.08.16 05:42:47.973,1.13962,1.13966,1.50,5.51
2018.08.16 05:42:48.712,1.13963,1.13965,1.00,1.00
2018.08.16 05:42:49.242,1.13963,1.13966,1.00,2.32
2018.08.16 05:42:50.563,1.13964,1.13966,1.00,1.95
2018.08.16 05:42:51.932,1.13963,1.13966,1.00,1.95
2018.08.16 05:42:52.479,1.13964,1.13965,1.00,1.00
2018.08.16 05:42:52.531,1.13962,1.13965,3.94,1.00
2018.08.16 05:42:52.845,1.13964,1.13965,1.00,1.00
2018.08.16 05:42:54.133,1.13962,1.13966,3.19,4.20
2018.08.16 05:42:55.272,1.13962,1.13965,2.25,1.00
2018.08.16 05:42:56.174,1.13962,1.13966,2.25,4.20
2018.08.16 05:42:57.016,1.13962,1.13966,1.00,2.70
2018.08.16 05:42:58.645,1.13961,1.13965,6.82,1.62
2018.08.16 05:43:00.274,1.13963,1.13966,1.00,4.20
2018.08.16 05:43:00.780,1.13961,1.13965,4.69,2.62
2018.08.16 05:43:01.597,1.1396,1.13965,9.07,1.12
2018.08.16 05:43:01.651,1.13959,1.13961,2.25,2.51
2018.08.16 05:43:01.705,1.13956,1.13961,5.89,3.67
2018.08.16 05:43:01.759,1.13956,1.13958,3.82,1.00
2018.08.16 05:43:01.813,1.13955,1.1396,5.14,4.31
2018.08.16 05:43:04.971,1.13957,1.1396,1.00,1.00
2018.08.16 05:43:12.434,1.13957,1.13958,1.00,1.00
2018.08.16 05:43:12.487,1.13953,1.13957,1.20,6.19
2018.08.16 05:43:13.038,1.13953,1.13956,1.00,1.19
2018.08.16 05:43:13.605,1.13953,1.13957,1.00,7.69
2018.08.16 05:43:14.812,1.13953,1.13956,1.00,1.31
2018.08.16 05:43:15.295,1.13951,1.13955,1.39,1.00
2018.08.16 05:43:15.450,1.13951,1.13954,1.00,3.04
2018.08.16 05:43:15.611,1.13948,1.13952,1.10,11.51
2018.08.16 05:43:15.772,1.13949,1.1395,1.25,1.50
2018.08.16 05:43:15.878,1.13949,1.13952,1.69,4.12
2018.08.16 05:43:16.163,1.13949,1.13953,1.12,5.44
2018.08.16 05:43:16.714,1.13949,1.13952,1.12,3.00
2018.08.16 05:43:17.255,1.13948,1.13951,5.89,1.00
2018.08.16 05:43:17.784,1.13949,1.13952,1.69,4.50
2018.08.16 05:43:18.964,1.13948,1.13951,2.81,1.00
2018.08.16 05:43:19.336,1.13946,1.1395,1.76,1.12
2018.08.16 05:43:19.932,1.13946,1.1395,1.69,1.62
2018.08.16 05:43:22.503,1.13945,1.13947,3.07,2.50
2018.08.16 05:43:22.573,1.13944,1.13946,1.00,1.50
2018.08.16 05:43:23.091,1.13945,1.1395,4.69,3.07
2018.08.16 05:43:23.616,1.13945,1.13949,1.69,1.32
2018.08.16 05:43:24.347,1.13945,1.1395,2.44,3.82
2018.08.16 05:43:24.451,1.13946,1.13951,2.62,4.95
2018.08.16 05:43:24.775,1.13946,1.1395,3.37,1.20
2018.08.16 05:43:25.183,1.13945,1.13949,1.00,2.06
2018.08.16 05:43:25.336,1.13947,1.1395,1.25,4.95
2018.08.16 05:43:26.085,1.13947,1.1395,1.25,1.57
2018.08.16 05:43:29.460,1.13947,1.1395,1.69,2.70
2018.08.16 05:43:30.583,1.13947,1.1395,1.69,1.25
2018.08.16 05:43:31.007,1.1395,1.13952,1.25,2.14
2018.08.16 05:43:31.162,1.1395,1.13953,1.69,1.12
2018.08.16 05:43:32.146,1.1395,1.13954,3.56,3.07
2018.08.16 05:43:32.899,1.1395,1.13954,3.56,1.95
2018.08.16 05:43:33.210,1.13951,1.13955,1.69,5.32
2018.08.16 05:43:33.745,1.13951,1.13954,1.00,1.10
2018.08.16 05:43:38.111,1.1395,1.13952,1.87,1.00
2018.08.16 05:43:38.233,1.13952,1.13954,1.00,1.95
2018.08.16 05:43:38.768,1.13952,1.13954,1.00,1.57
2018.08.16 05:43:39.340,1.1395,1.13952,2.81,1.50
2018.08.16 05:43:39.657,1.13948,1.1395,1.00,1.57
2018.08.16 05:43:40.179,1.13947,1.1395,1.69,2.32
2018.08.16 05:43:41.135,1.13946,1.13948,1.69,2.10
2018.08.16 05:43:41.241,1.13944,1.13946,1.12,1.00
2018.08.16 05:43:41.770,1.13944,1.13946,1.00,1.57
2018.08.16 05:43:41.878,1.13945,1.13947,1.25,1.95
2018.08.16 05:43:41.988,1.13947,1.1395,1.50,2.32
2018.08.16 05:43:42.245,1.13947,1.1395,1.69,1.39
2018.08.16 05:43:42.884,1.13947,1.1395,1.00,1.95
2018.08.16 05:43:43.629,1.13947,1.1395,1.00,1.20
2018.08.16 05:43:43.786,1.13947,1.1395,1.00,1.95
2018.08.16 05:43:45.505,1.13945,1.13948,1.12,3.67
2018.08.16 05:43:45.773,1.13945,1.13949,7.31,1.20
2018.08.16 05:43:46.349,1.13947,1.1395,1.00,2.32
2018.08.16 05:43:46.862,1.13946,1.1395,3.94,1.10
2018.08.16 05:43:48.267,1.13946,1.1395,3.19,1.20
2018.08.16 05:43:52.764,1.13946,1.13951,2.44,6.26
2018.08.16 05:43:53.335,1.13949,1.13951,2.44,1.95
2018.08.16 05:43:53.646,1.13952,1.13955,1.12,1.57
2018.08.16 05:43:54.416,1.13952,1.13955,1.69,3.26
2018.08.16 05:43:55.317,1.13951,1.13954,1.87,1.10
2018.08.16 05:43:57.084,1.1395,1.13954,2.25,2.14
2018.08.16 05:43:57.603,1.1395,1.13955,6.19,3.82
2018.08.16 05:44:00.089,1.13951,1.13954,1.69,1.10
2018.08.16 05:44:00.606,1.13951,1.13955,1.69,1.95
2018.08.16 05:44:01.127,1.13952,1.13956,2.62,3.45
2018.08.16 05:44:01.880,1.13953,1.13956,1.00,3.82
2018.08.16 05:44:05.182,1.13953,1.13955,1.00,1.76
2018.08.16 05:44:05.695,1.13952,1.13954,1.00,1.10
2018.08.16 05:44:06.046,1.1395,1.13951,2.25,1.00
2018.08.16 05:44:06.261,1.13948,1.13952,1.50,2.32
2018.08.16 05:44:10.460,1.13948,1.1395,1.00,1.00
2018.08.16 05:44:28.396,1.1395,1.13952,2.81,1.45
2018.08.16 05:44:28.588,1.13954,1.13956,1.00,5.32
2018.08.16 05:44:29.196,1.13954,1.13956,1.00,2.89
2018.08.16 05:44:30.243,1.13954,1.13956,1.00,3.07
2018.08.16 05:44:30.762,1.13954,1.13956,1.00,1.95
2018.08.16 05:44:31.768,1.13956,1.13957,1.25,1.10
2018.08.16 05:44:31.917,1.13957,1.13959,1.00,1.00
2018.08.16 05:44:33.403,1.13957,1.1396,1.69,1.31
2018.08.16 05:44:33.911,1.13957,1.13961,1.69,2.89
2018.08.16 05:44:34.070,1.1396,1.13961,1.00,1.20
2018.08.16 05:44:34.124,1.1396,1.13963,5.06,1.95
2018.08.16 05:44:34.231,1.1396,1.13964,4.50,1.57
2018.08.16 05:44:34.387,1.13959,1.13963,3.94,1.12
2018.08.16 05:44:34.597,1.13958,1.1396,1.50,1.00
2018.08.16 05:44:35.148,1.13957,1.13961,2.62,2.32
2018.08.16 05:44:36.288,1.13957,1.13961,1.00,7.20
2018.08.16 05:44:36.598,1.13957,1.13961,1.50,4.20
2018.08.16 05:44:36.936,1.13954,1.13955,1.00,2.47
2018.08.16 05:44:36.989,1.13953,1.13955,1.00,2.62
2018.08.16 05:44:37.770,1.13953,1.13955,1.00,1.20
2018.08.16 05:44:40.464,1.13949,1.13952,1.07,2.10
2018.08.16 05:44:40.518,1.13948,1.13952,1.00,6.11
2018.08.16 05:44:41.138,1.13948,1.13951,1.00,1.20
2018.08.16 05:44:42.237,1.13948,1.1395,1.00,2.70
2018.08.16 05:44:42.836,1.13948,1.1395,1.00,1.95
2018.08.16 05:44:43.947,1.13948,1.1395,1.00,1.57
2018.08.16 05:44:44.866,1.13948,1.1395,1.00,1.20
2018.08.16 05:44:45.390,1.13948,1.1395,1.00,3.64
2018.08.16 05:44:45.496,1.13951,1.13952,1.72,5.14
2018.08.16 05:44:45.550,1.13955,1.13957,1.00,1.50
2018.08.16 05:44:45.899,1.13955,1.13959,2.44,1.10
2018.08.16 05:44:45.953,1.13958,1.1396,1.00,3.82
2018.08.16 05:44:46.007,1.1396,1.13962,1.00,4.65
2018.08.16 05:44:46.167,1.13961,1.13964,2.25,1.50
2018.08.16 05:44:46.577,1.1396,1.13963,1.50,1.00
2018.08.16 05:44:47.444,1.13961,1.13963,1.00,3.07
2018.08.16 05:44:47.546,1.13961,1.13965,2.62,1.31
2018.08.16 05:44:48.075,1.13961,1.13965,3.45,1.12
2018.08.16 05:44:48.127,1.13959,1.13962,4.95,1.00
2018.08.16 05:44:48.230,1.13958,1.13961,1.76,1.31
2018.08.16 05:44:48.815,1.13957,1.1396,3.64,1.00
2018.08.16 05:44:49.326,1.13957,1.1396,5.33,1.00
2018.08.16 05:44:51.468,1.13961,1.13964,1.50,4.95
2018.08.16 05:44:51.994,1.13961,1.13964,1.10,1.00
2018.08.16 05:44:52.310,1.13962,1.13966,1.32,2.44
2018.08.16 05:44:54.012,1.1397,1.13972,1.91,3.37
2018.08.16 05:44:54.065,1.13975,1.13977,3.37,1.00
2018.08.16 05:44:54.172,1.13976,1.13979,1.50,1.50
2018.08.16 05:44:54.556,1.13978,1.1398,2.25,0.20
2018.08.16 05:44:55.148,1.13979,1.1398,1.25,1.45
2018.08.16 05:44:55.305,1.13976,1.1398,3.94,1.57
2018.08.16 05:44:55.835,1.13976,1.13979,2.32,1.00
2018.08.16 05:44:55.943,1.13979,1.1398,1.25,0.19
2018.08.16 05:44:56.470,1.13977,1.1398,1.47,1.19
2018.08.16 05:44:57.094,1.13977,1.1398,1.12,1.79
2018.08.16 05:44:57.383,1.13974,1.13978,2.14,1.20
2018.08.16 05:44:57.655,1.13975,1.13978,2.29,1.10
2018.08.16 05:44:57.915,1.13978,1.1398,1.00,0.19
2018.08.16 05:44:58.680,1.13977,1.1398,1.50,0.17
2018.08.16 05:44:58.877,1.13974,1.13976,4.50,1.00
2018.08.16 05:44:58.930,1.13971,1.13973,1.57,1.87
2018.08.16 05:44:59.055,1.13969,1.1397,1.00,1.00
2018.08.16 05:44:59.158,1.13963,1.13966,1.07,1.12
2018.08.16 05:44:59.416,1.13961,1.13967,2.44,4.20
2018.08.16 05:44:59.966,1.13961,1.13965,1.87,1.76
2018.08.16 05:45:00.435,1.13964,1.13966,1.69,2.32
2018.08.16 05:45:00.541,1.13964,1.13968,2.62,1.57
2018.08.16 05:45:01.064,1.13963,1.13968,1.69,1.76
2018.08.16 05:45:01.220,1.13963,1.13967,1.25,2.32
2018.08.16 05:45:01.276,1.13961,1.13964,4.69,1.00
2018.08.16 05:45:01.779,1.13959,1.13962,1.50,1.57
2018.08.16 05:45:02.094,1.13956,1.1396,3.94,1.20
2018.08.16 05:45:02.595,1.13956,1.13959,1.25,1.00
2018.08.16 05:45:03.138,1.13959,1.13961,2.44,3.45
2018.08.16 05:45:03.308,1.13957,1.13961,1.19,1.95
2018.08.16 05:45:03.829,1.13957,1.13961,1.01,2.32
2018.08.16 05:45:04.514,1.13958,1.13961,2.06,2.51
2018.08.16 05:45:04.720,1.1396,1.13963,1.87,1.00
2018.08.16 05:45:05.255,1.13961,1.13964,1.25,1.95
2018.08.16 05:45:05.411,1.13959,1.13961,1.87,1.50
2018.08.16 05:45:05.737,1.13958,1.1396,2.87,2.89
2018.08.16 05:45:05.789,1.13959,1.13961,1.50,1.00
2018.08.16 05:45:05.840,1.1396,1.13962,1.19,1.57
2018.08.16 05:45:05.995,1.13959,1.13961,1.00,1.00
2018.08.16 05:45:06.523,1.13957,1.13961,4.01,1.10
2018.08.16 05:45:06.896,1.13956,1.13961,4.01,1.50
2018.08.16 05:45:07.059,1.13961,1.13962,1.25,1.10
2018.08.16 05:45:07.589,1.1396,1.13963,3.37,1.00
2018.08.16 05:45:08.371,1.13959,1.13963,3.41,3.37
2018.08.16 05:45:08.474,1.13957,1.1396,1.47,1.00
2018.08.16 05:45:08.526,1.13957,1.1396,1.10,1.00
2018.08.16 05:45:11.915,1.13957,1.1396,1.00,2.51
2018.08.16 05:45:12.030,1.13958,1.13961,1.25,2.32
2018.08.16 05:45:12.082,1.13959,1.13962,8.25,3.45
2018.08.16 05:45:12.135,1.13961,1.13963,1.00,1.12
2018.08.16 05:45:12.396,1.13959,1.13963,1.10,4.50
2018.08.16 05:45:12.932,1.13958,1.13961,1.57,1.00
2018.08.16 05:45:13.667,1.1396,1.13961,2.25,1.00
2018.08.16 05:45:13.741,1.13961,1.13964,1.12,1.50
2018.08.16 05:45:15.211,1.1396,1.13963,1.25,2.25
2018.08.16 05:45:15.264,1.13958,1.13961,3.86,1.00
2018.08.16 05:45:15.798,1.13958,1.13961,3.45,1.00
2018.08.16 05:45:16.061,1.13956,1.13961,3.26,1.50
2018.08.16 05:45:17.368,1.13956,1.13958,1.31,1.25
2018.08.16 05:45:17.536,1.13954,1.13958,2.32,1.12
2018.08.16 05:45:18.162,1.13953,1.13957,1.47,1.25
2018.08.16 05:45:18.581,1.13952,1.13957,3.90,1.50
2018.08.16 05:45:19.290,1.13955,1.13957,2.32,2.25
2018.08.16 05:45:19.397,1.13955,1.13959,1.37,1.50
2018.08.16 05:45:20.036,1.13956,1.1396,1.20,1.95
2018.08.16 05:45:20.552,1.13956,1.1396,2.25,1.50
2018.08.16 05:45:20.894,1.13961,1.13962,1.25,4.95
2018.08.16 05:45:20.949,1.13959,1.13964,3.45,2.32
2018.08.16 05:45:21.108,1.13957,1.13962,1.20,3.75
2018.08.16 05:45:21.214,1.13957,1.13962,2.81,4.20
2018.08.16 05:45:22.053,1.13957,1.13962,1.95,4.95
2018.08.16 05:45:23.135,1.13956,1.13959,1.10,2.62
2018.08.16 05:45:23.240,1.13953,1.13956,1.57,1.00
2018.08.16 05:45:25.104,1.13955,1.13957,2.44,3.07
2018.08.16 05:45:25.158,1.13956,1.1396,1.00,1.57
2018.08.16 05:45:25.318,1.13956,1.13961,1.50,6.82
2018.08.16 05:45:25.425,1.13959,1.13961,1.19,4.95
2018.08.16 05:45:25.530,1.1396,1.13964,2.06,1.10
2018.08.16 05:45:25.686,1.13958,1.13963,2.70,7.39
2018.08.16 05:45:26.205,1.13957,1.13962,2.32,1.69
2018.08.16 05:45:28.585,1.13957,1.13961,1.00,3.37
2018.08.16 05:45:28.692,1.13953,1.13957,2.70,1.00
2018.08.16 05:45:29.194,1.13952,1.13957,1.95,3.75
2018.08.16 05:45:31.056,1.13951,1.13952,1.20,1.00
2018.08.16 05:45:31.160,1.13947,1.13951,2.32,1.69
2018.08.16 05:45:31.686,1.13947,1.1395,3.45,1.00
2018.08.16 05:45:31.790,1.13948,1.13952,1.25,1.20
2018.08.16 05:45:32.327,1.13947,1.13952,2.70,7.20
2018.08.16 05:45:33.003,1.13947,1.13952,2.25,7.20
2018.08.16 05:45:33.585,1.13946,1.13951,6.26,1.69
2018.08.16 05:45:33.863,1.13946,1.13948,2.32,1.00
2018.08.16 05:45:33.916,1.13946,1.1395,1.57,4.50
2018.08.16 05:45:37.536,1.13947,1.1395,1.19,1.00
2018.08.16 05:45:38.059,1.13949,1.13953,1.19,1.45
2018.08.16 05:45:38.112,1.13947,1.13952,3.37,1.39
2018.08.16 05:45:38.868,1.13947,1.13952,1.50,1.76
2018.08.16 05:45:39.753,1.13947,1.13951,1.12,1.00
2018.08.16 05:45:39.961,1.13948,1.13951,1.19,1.12
2018.08.16 05:45:40.172,1.13947,1.13951,1.57,1.12
2018.08.16 05:45:40.473,1.13951,1.13954,2.44,1.87
2018.08.16 05:45:41.000,1.13951,1.13954,1.57,1.00
2018.08.16 05:45:44.557,1.13949,1.13951,3.75,1.12
2018.08.16 05:45:44.664,1.13947,1.1395,1.57,1.00
2018.08.16 05:45:45.165,1.13946,1.1395,4.39,1.10
2018.08.16 05:45:45.913,1.13948,1.13951,1.50,1.00
2018.08.16 05:45:46.449,1.13948,1.13951,2.14,1.00
2018.08.16 05:45:46.934,1.13948,1.13953,2.14,1.57
2018.08.16 05:45:48.892,1.1395,1.13951,1.00,1.00
2018.08.16 05:45:49.050,1.13945,1.13947,4.87,1.35
2018.08.16 05:45:49.207,1.13941,1.13946,3.45,2.06
2018.08.16 05:45:49.259,1.13941,1.13946,3.07,2.06
2018.08.16 05:45:51.138,1.13942,1.13946,1.00,3.64
2018.08.16 05:45:51.659,1.13941,1.13946,3.00,2.14
2018.08.16 05:45:52.465,1.13942,1.13946,1.00,3.64
2018.08.16 05:45:53.798,1.13945,1.13947,1.50,1.20
2018.08.16 05:45:53.852,1.13946,1.13951,4.31,2.70
2018.08.16 05:45:54.381,1.13947,1.13951,1.87,1.50
2018.08.16 05:45:54.746,1.13946,1.13948,2.70,2.25
2018.08.16 05:45:54.855,1.13943,1.13947,2.32,1.31
2018.08.16 05:45:55.389,1.13943,1.13948,1.00,9.07
2018.08.16 05:45:58.045,1.13945,1.13947,1.31,1.12
2018.08.16 05:45:58.152,1.13947,1.1395,1.12,1.87
2018.08.16 05:45:58.259,1.13945,1.1395,1.95,4.20
2018.08.16 05:45:58.834,1.13945,1.13948,1.50,1.00
2018.08.16 05:45:59.296,1.13943,1.13946,3.07,1.00
2018.08.16 05:45:59.606,1.13946,1.1395,1.25,1.69
2018.08.16 05:46:00.125,1.13946,1.13951,1.00,5.32
2018.08.16 05:46:00.651,1.13946,1.1395,1.00,2.62
2018.08.16 05:46:01.189,1.13946,1.1395,1.00,8.89
2018.08.16 05:46:01.715,1.13947,1.1395,1.00,1.50
2018.08.16 05:46:02.258,1.13948,1.13951,1.00,1.87
2018.08.16 05:46:03.050,1.13948,1.1395,1.00,1.00
2018.08.16 05:46:03.717,1.13948,1.13951,1.00,2.81
2018.08.16 05:46:05.163,1.13947,1.13951,1.25,1.50
2018.08.16 05:46:06.633,1.13946,1.13951,7.01,3.75
2018.08.16 05:46:06.943,1.13944,1.13949,2.25,4.39
2018.08.16 05:46:07.312,1.13942,1.13947,3.07,4.50
2018.08.16 05:46:07.855,1.13942,1.13946,2.89,1.10
2018.08.16 05:46:08.430,1.13942,1.13946,2.70,1.10
2018.08.16 05:46:10.567,1.13942,1.13947,8.25,1.20
2018.08.16 05:46:11.084,1.13942,1.13947,1.76,2.89
2018.08.16 05:46:11.913,1.13942,1.13947,1.57,3.07
2018.08.16 05:46:12.423,1.1394,1.13943,1.57,1.87
2018.08.16 05:46:12.583,1.13939,1.13944,2.25,1.95
2018.08.16 05:46:13.451,1.13939,1.13943,2.14,1.01
2018.08.16 05:46:14.715,1.13938,1.13941,1.57,1.00
2018.08.16 05:46:14.873,1.13936,1.13942,5.70,4.57
2018.08.16 05:46:15.546,1.13936,1.13941,5.89,1.25
2018.08.16 05:46:17.743,1.13936,1.13941,7.39,1.01
2018.08.16 05:46:17.847,1.13937,1.13943,2.51,3.07
2018.08.16 05:46:17.898,1.13941,1.13944,1.00,2.32
2018.08.16 05:46:18.062,1.13941,1.13946,1.87,2.14
2018.08.16 05:46:18.217,1.13941,1.13944,1.10,1.00
2018.08.16 05:46:18.527,1.13937,1.1394,1.00,1.00
2018.08.16 05:46:19.056,1.13937,1.1394,1.00,1.57
2018.08.16 05:46:19.583,1.13935,1.1394,6.19,1.57
2018.08.16 05:46:20.277,1.13936,1.13941,1.50,1.57
2018.08.16 05:46:20.804,1.13936,1.13941,2.25,2.51
2018.08.16 05:46:21.322,1.13936,1.13941,3.00,1.57
2018.08.16 05:46:21.636,1.13937,1.13942,1.10,4.50
2018.08.16 05:46:22.159,1.13937,1.13942,1.10,6.75
2018.08.16 05:46:22.774,1.13937,1.1394,1.57,1.25
2018.08.16 05:46:23.666,1.13937,1.1394,1.20,1.25
2018.08.16 05:46:24.178,1.13937,1.1394,1.00,1.25
2018.08.16 05:46:30.748,1.1394,1.13941,1.87,3.37
2018.08.16 05:46:30.853,1.1394,1.13944,5.51,1.47
2018.08.16 05:46:30.958,1.13942,1.13945,1.00,1.69
2018.08.16 05:46:31.711,1.13942,1.13945,1.00,1.00
2018.08.16 05:46:32.802,1.13941,1.13945,1.01,1.50
2018.08.16 05:46:33.121,1.13942,1.13945,1.19,1.00
2018.08.16 05:46:33.693,1.13942,1.13945,1.00,1.00
2018.08.16 05:46:34.341,1.13941,1.13945,1.20,1.00
2018.08.16 05:46:35.121,1.13942,1.13945,1.19,1.00
2018.08.16 05:46:35.772,1.13941,1.13945,3.08,1.00
2018.08.16 05:46:36.524,1.13942,1.13945,1.19,1.00
2018.08.16 05:46:36.983,1.13941,1.13945,5.51,1.00
2018.08.16 05:46:37.744,1.13942,1.13945,1.00,1.00
2018.08.16 05:46:38.119,1.13942,1.13944,1.10,1.00
2018.08.16 05:46:38.904,1.13941,1.13944,3.82,1.00
2018.08.16 05:46:39.481,1.13941,1.13944,4.95,1.00
2018.08.16 05:46:39.955,1.13945,1.13947,1.25,1.50
2018.08.16 05:46:40.283,1.13943,1.13945,1.39,1.00
2018.08.16 05:46:40.784,1.13942,1.13945,2.51,1.00
2018.08.16 05:46:41.371,1.13942,1.13945,1.69,1.00
2018.08.16 05:46:43.402,1.13941,1.13944,5.29,1.00
2018.08.16 05:46:43.562,1.13937,1.1394,1.00,2.06
2018.08.16 05:46:44.086,1.13936,1.1394,1.00,2.81
2018.08.16 05:46:44.950,1.13936,1.1394,1.31,1.12
2018.08.16 05:46:45.004,1.13937,1.1394,1.69,1.12
2018.08.16 05:46:45.213,1.13936,1.1394,3.07,1.12
2018.08.16 05:46:45.549,1.13937,1.13941,1.39,3.45
2018.08.16 05:46:46.522,1.13937,1.13941,1.12,1.69
2018.08.16 05:46:47.040,1.13937,1.13941,1.39,2.70
2018.08.16 05:46:47.662,1.13936,1.13941,3.26,1.29
2018.08.16 05:46:48.164,1.13937,1.13941,1.39,1.95
2018.08.16 05:46:48.901,1.13936,1.13941,4.76,1.76
2018.08.16 05:46:49.238,1.13941,1.13944,1.25,1.12
2018.08.16 05:46:49.756,1.1394,1.13943,1.00,1.50
2018.08.16 05:46:50.284,1.13939,1.13942,1.00,1.00
2018.08.16 05:46:50.600,1.13935,1.13937,1.00,1.69
2018.08.16 05:46:50.841,1.13935,1.13939,4.87,4.31
2018.08.16 05:46:51.366,1.13936,1.13938,1.00,1.00
2018.08.16 05:46:51.971,1.13935,1.13939,1.12,1.69
2018.08.16 05:46:52.763,1.13936,1.13938,1.00,1.00
2018.08.16 05:46:52.815,1.13935,1.13937,1.10,1.00
2018.08.16 05:46:52.974,1.13934,1.13936,4.05,1.12
2018.08.16 05:46:53.598,1.13935,1.13937,1.00,2.25
2018.08.16 05:46:54.167,1.13935,1.13937,1.00,1.00
2018.08.16 05:46:54.832,1.13934,1.13938,2.25,3.45
2018.08.16 05:46:55.620,1.13933,1.13936,1.24,3.19
2018.08.16 05:46:55.672,1.13932,1.13933,2.62,1.00
2018.08.16 05:46:56.031,1.1393,1.13934,1.84,1.10
2018.08.16 05:46:56.532,1.1393,1.13933,2.96,1.00
2018.08.16 05:46:57.594,1.1393,1.13933,1.01,1.00
2018.08.16 05:47:00.433,1.1393,1.13933,1.69,1.00
2018.08.16 05:47:00.487,1.13929,1.13933,6.52,1.00
2018.08.16 05:47:00.541,1.13928,1.13931,1.95,1.25
2018.08.16 05:47:00.802,1.13927,1.13931,1.50,1.00
2018.08.16 05:47:01.307,1.13927,1.13931,1.19,2.44
2018.08.16 05:47:01.359,1.13926,1.13931,6.45,1.50
2018.08.16 05:47:01.923,1.13926,1.13931,6.83,3.19
2018.08.16 05:47:02.436,1.13927,1.1393,2.25,1.00
2018.08.16 05:47:02.750,1.13926,1.13929,1.12,1.25
2018.08.16 05:47:03.506,1.13925,1.13929,6.46,1.12
2018.08.16 05:47:04.120,1.13925,1.1393,5.51,5.81
2018.08.16 05:47:04.661,1.13926,1.1393,1.31,4.50
2018.08.16 05:47:05.714,1.13925,1.1393,9.09,4.69
2018.08.16 05:47:06.222,1.13924,1.13929,1.14,3.82
2018.08.16 05:47:06.381,1.13926,1.13929,1.00,2.51
2018.08.16 05:47:09.033,1.13924,1.13928,2.32,1.25
2018.08.16 05:47:09.141,1.13923,1.13928,3.64,1.95
2018.08.16 05:47:09.658,1.13923,1.13928,3.45,1.50
2018.08.16 05:47:10.208,1.13923,1.13928,2.44,1.39
2018.08.16 05:47:10.474,1.13926,1.13929,1.00,1.95
2018.08.16 05:47:15.978,1.13924,1.13926,3.07,1.19
2018.08.16 05:47:16.032,1.13923,1.13925,1.20,1.25
2018.08.16 05:47:16.138,1.13921,1.13925,3.82,2.44
2018.08.16 05:47:18.652,1.13921,1.13925,2.70,1.69
2018.08.16 05:47:20.912,1.13921,1.13925,3.45,4.69
2018.08.16 05:47:23.309,1.13921,1.13923,1.00,1.12
2018.08.16 05:47:23.845,1.1392,1.13924,1.00,3.37
2018.08.16 05:47:24.164,1.13922,1.13924,1.25,1.00
2018.08.16 05:47:24.686,1.13921,1.13925,1.20,2.14
2018.08.16 05:47:25.286,1.13921,1.13925,2.70,1.76
2018.08.16 05:47:25.880,1.13921,1.13926,1.87,4.76
2018.08.16 05:47:26.442,1.13921,1.13926,2.62,4.76
2018.08.16 05:47:27.066,1.13922,1.13926,1.19,2.32
2018.08.16 05:47:27.415,1.13927,1.1393,1.00,1.00
2018.08.16 05:47:28.031,1.13927,1.13931,1.00,4.01
2018.08.16 05:47:28.542,1.13928,1.13931,1.00,4.12
2018.08.16 05:47:38.690,1.13929,1.1393,2.44,1.00
2018.08.16 05:47:39.009,1.13934,1.13935,1.00,1.50
2018.08.16 05:47:39.741,1.13934,1.13936,1.00,1.87
2018.08.16 05:47:39.953,1.13936,1.13939,2.06,1.10
2018.08.16 05:47:40.184,1.13941,1.13945,1.50,4.39
2018.08.16 05:47:40.236,1.13942,1.13946,1.25,1.95
2018.08.16 05:47:40.747,1.13943,1.13946,1.25,1.12
2018.08.16 05:47:43.237,1.13946,1.13947,1.25,3.07
2018.08.16 05:47:43.345,1.13949,1.13952,1.00,2.70
2018.08.16 05:47:45.021,1.13949,1.13951,1.00,2.25
2018.08.16 05:47:45.552,1.13948,1.13951,1.00,2.25
2018.08.16 05:47:46.160,1.13949,1.13951,1.00,1.37
2018.08.16 05:47:46.702,1.13948,1.13952,1.00,3.26
2018.08.16 05:47:46.972,1.1395,1.13953,2.25,8.02
2018.08.16 05:47:47.132,1.13952,1.13956,3.19,1.87
2018.08.16 05:47:47.642,1.13952,1.13956,3.75,1.12
2018.08.16 05:47:48.110,1.13953,1.13957,1.29,2.51
2018.08.16 05:47:48.163,1.13952,1.13957,3.26,4.12
2018.08.16 05:47:48.709,1.13952,1.13957,3.82,2.06
2018.08.16 05:47:49.234,1.13951,1.13956,4.31,3.64
2018.08.16 05:47:49.529,1.13953,1.13955,1.00,1.00
2018.08.16 05:47:49.946,1.13951,1.13955,7.57,1.12
2018.08.16 05:47:50.471,1.13952,1.13956,3.56,1.87
2018.08.16 05:47:50.981,1.13952,1.13956,4.39,1.50
2018.08.16 05:47:53.301,1.13952,1.13955,2.25,1.00
2018.08.16 05:47:53.806,1.13953,1.13957,1.00,1.62
2018.08.16 05:47:57.911,1.13953,1.13957,1.10,2.96
2018.08.16 05:47:58.738,1.13953,1.13957,1.10,2.96
2018.08.16 05:47:59.437,1.13953,1.13957,1.10,2.96
2018.08.16 05:48:00.045,1.13953,1.13957,3.07,2.51
2018.08.16 05:48:01.387,1.13952,1.13956,1.10,1.20
2018.08.16 05:48:01.918,1.13953,1.13956,1.00,1.95
2018.08.16 05:48:02.388,1.13952,1.13953,1.69,3.94
2018.08.16 05:48:02.547,1.13949,1.13951,1.00,4.31
2018.08.16 05:48:02.602,1.13945,1.13947,4.87,4.12
2018.08.16 05:48:03.125,1.13945,1.13948,1.50,1.20
2018.08.16 05:48:03.647,1.13946,1.13949,1.00,2.70
2018.08.16 05:48:04.921,1.13946,1.13949,1.00,2.70
2018.08.16 05:48:07.227,1.13944,1.13947,3.75,3.19
2018.08.16 05:48:09.306,1.13944,1.13946,1.00,1.12
2018.08.16 05:48:10.324,1.13943,1.13946,3.00,1.12
2018.08.16 05:48:11.579,1.13943,1.13948,3.56,5.40
2018.08.16 05:48:11.676,1.13945,1.13948,1.00,1.20
2018.08.16 05:48:12.250,1.13944,1.13948,1.69,1.31
2018.08.16 05:48:12.802,1.13945,1.13948,1.76,1.00
2018.08.16 05:48:13.577,1.13947,1.13949,1.00,1.31
2018.08.16 05:48:13.790,1.13948,1.13951,1.00,1.01
2018.08.16 05:48:15.101,1.13949,1.13951,1.00,1.39
2018.08.16 05:48:20.566,1.13948,1.1395,1.00,2.62
2018.08.16 05:48:21.579,1.13949,1.13951,1.00,3.07
2018.08.16 05:48:22.604,1.13949,1.13951,1.00,5.62
2018.08.16 05:48:22.710,1.13946,1.13948,3.75,1.25
2018.08.16 05:48:22.870,1.13945,1.13947,2.25,1.19
2018.08.16 05:48:22.976,1.13946,1.13949,1.50,2.81
2018.08.16 05:48:23.134,1.13948,1.13949,1.00,1.00
2018.08.16 05:48:23.795,1.13948,1.13952,1.00,6.45
2018.08.16 05:48:24.110,1.13949,1.13952,2.44,5.21
2018.08.16 05:48:28.732,1.13951,1.13952,1.50,1.87
2018.08.16 05:48:28.837,1.13953,1.13955,1.00,1.57
2018.08.16 05:48:29.416,1.13953,1.13955,1.00,2.06
2018.08.16 05:48:29.922,1.13953,1.13955,1.00,1.50
2018.08.16 05:48:30.922,1.13953,1.13956,1.00,1.69
2018.08.16 05:48:31.286,1.13951,1.13952,1.10,1.00
2018.08.16 05:48:31.836,1.1395,1.13952,1.00,2.62
2018.08.16 05:48:32.359,1.1395,1.13953,1.50,8.44
2018.08.16 05:48:33.230,1.13952,1.13953,1.00,4.50
2018.08.16 05:48:33.389,1.13952,1.13955,1.50,1.76
2018.08.16 05:48:33.441,1.13953,1.13955,1.00,1.50
2018.08.16 05:48:34.712,1.13953,1.13955,1.00,2.25
2018.08.16 05:48:35.464,1.13953,1.13955,1.00,2.25
2018.08.16 05:48:36.106,1.13953,1.13955,1.00,1.50
2018.08.16 05:48:37.742,1.13953,1.13955,1.00,2.25
2018.08.16 05:48:38.503,1.13953,1.13955,1.00,1.76
2018.08.16 05:48:38.817,1.1395,1.13952,1.00,6.75
2018.08.16 05:48:39.235,1.13948,1.13951,1.69,1.31
2018.08.16 05:48:39.339,1.13948,1.1395,1.00,1.87
2018.08.16 05:48:39.881,1.13948,1.1395,1.00,1.00
2018.08.16 05:48:40.523,1.13948,1.13951,3.00,4.87
2018.08.16 05:48:40.839,1.1395,1.13953,3.56,1.57
2018.08.16 05:48:41.362,1.13951,1.13953,1.25,1.00
2018.08.16 05:48:42.997,1.13951,1.13955,2.62,1.39
2018.08.16 05:48:43.571,1.13952,1.13956,1.00,4.57
2018.08.16 05:48:44.521,1.13951,1.13952,1.00,1.00
2018.08.16 05:48:44.575,1.13949,1.13952,1.57,3.94
2018.08.16 05:48:45.103,1.1395,1.13953,3.07,2.44
2018.08.16 05:48:45.616,1.1395,1.13952,1.12,1.00
2018.08.16 05:48:48.086,1.13949,1.13952,1.57,4.87
2018.08.16 05:48:48.882,1.13949,1.13951,1.50,3.19
2018.08.16 05:48:48.936,1.13947,1.1395,1.00,1.39
2018.08.16 05:48:49.496,1.13947,1.13949,1.00,1.44
2018.08.16 05:48:50.038,1.13947,1.1395,1.00,3.00
2018.08.16 05:48:51.357,1.13945,1.13948,1.27,6.19
2018.08.16 05:48:51.463,1.13943,1.13946,1.50,1.00
2018.08.16 05:48:51.984,1.13943,1.13946,1.50,1.19
2018.08.16 05:48:52.516,1.13943,1.13946,1.50,1.69
2018.08.16 05:48:53.447,1.13943,1.13946,1.50,2.32
2018.08.16 05:48:53.986,1.13942,1.13945,1.00,1.00
2018.08.16 05:48:56.710,1.13943,1.13945,1.00,1.12
2018.08.16 05:48:57.358,1.13942,1.13946,3.19,1.62
2018.08.16 05:48:58.392,1.13945,1.13948,2.62,4.57
2018.08.16 05:48:58.446,1.13946,1.1395,2.25,1.76
2018.08.16 05:48:58.500,1.13947,1.13951,1.87,7.01
2018.08.16 05:48:58.851,1.13946,1.1395,1.69,1.19
2018.08.16 05:48:58.955,1.13946,1.1395,1.69,1.69
2018.08.16 05:48:59.477,1.13946,1.1395,1.95,1.10
2018.08.16 05:48:59.648,1.13944,1.13949,4.76,2.44
2018.08.16 05:48:59.963,1.13943,1.13947,1.87,1.01
2018.08.16 05:49:00.290,1.13947,1.13949,1.00,1.00
2018.08.16 05:49:02.107,1.13946,1.13951,2.44,2.89
2018.08.16 05:49:02.433,1.13946,1.13951,3.26,1.50
2018.08.16 05:49:03.647,1.13946,1.13951,3.75,2.89
2018.08.16 05:49:04.377,1.13947,1.13951,1.10,3.07
2018.08.16 05:49:05.286,1.13946,1.1395,1.00,4.69
2018.08.16 05:49:05.788,1.13945,1.1395,1.00,3.64
2018.08.16 05:49:06.339,1.13946,1.1395,1.69,3.83
2018.08.16 05:49:08.827,1.13946,1.13951,2.62,2.89
2018.08.16 05:49:09.361,1.13946,1.13951,2.32,3.45
2018.08.16 05:49:09.896,1.13946,1.13951,1.00,6.26
2018.08.16 05:49:10.414,1.13946,1.1395,1.50,1.69
2018.08.16 05:49:11.862,1.13945,1.13949,2.25,2.44
2018.08.16 05:49:11.968,1.13942,1.13946,4.20,1.00
2018.08.16 05:49:12.483,1.13942,1.13946,1.10,3.45
2018.08.16 05:49:13.000,1.13941,1.13945,2.70,1.10
2018.08.16 05:49:13.565,1.13941,1.13944,1.00,1.50
2018.08.16 05:49:14.545,1.13941,1.13946,1.39,8.32
2018.08.16 05:49:14.700,1.13941,1.13944,1.00,2.62
2018.08.16 05:49:15.221,1.1394,1.13945,3.75,4.20
2018.08.16 05:49:15.531,1.13943,1.13946,1.00,1.50
2018.08.16 05:49:16.058,1.13943,1.13946,1.00,2.44
2018.08.16 05:49:20.720,1.13944,1.13946,1.00,2.81
2018.08.16 05:49:22.231,1.13944,1.13946,1.00,2.44
2018.08.16 05:49:24.272,1.13944,1.13946,1.00,2.51
2018.08.16 05:49:28.171,1.13943,1.13946,1.00,1.57
2018.08.16 05:49:31.692,1.13944,1.13946,1.00,2.32
2018.08.16 05:49:32.386,1.13944,1.13946,1.00,3.07
2018.08.16 05:49:32.531,1.13942,1.13946,1.25,2.89
2018.08.16 05:49:37.115,1.13942,1.13945,1.00,1.50
2018.08.16 05:49:37.650,1.13942,1.13945,1.00,1.87
2018.08.16 05:49:42.695,1.13941,1.13945,3.37,2.62
2018.08.16 05:49:43.267,1.13942,1.13945,1.00,2.25
2018.08.16 05:49:43.670,1.13939,1.13942,3.45,1.25
2018.08.16 05:49:43.729,1.13938,1.13942,1.50,1.69
2018.08.16 05:49:44.257,1.13938,1.13942,1.12,3.26
2018.08.16 05:49:45.566,1.13937,1.13942,1.50,2.51
2018.08.16 05:49:46.823,1.13938,1.1394,1.12,1.25
2018.08.16 05:49:48.945,1.13938,1.1394,1.00,1.95
2018.08.16 05:49:49.566,1.13938,1.1394,1.00,2.25
2018.08.16 05:49:52.221,1.13939,1.13942,1.00,1.95
2018.08.16 05:49:52.785,1.1394,1.13942,1.87,1.00
2018.08.16 05:49:52.839,1.13941,1.13944,1.50,1.00
2018.08.16 05:49:53.364,1.13941,1.13945,3.00,1.57
2018.08.16 05:49:53.787,1.13942,1.13945,1.37,1.20
2018.08.16 05:49:56.256,1.13942,1.13945,1.00,1.12
2018.08.16 05:49:56.504,1.1394,1.13945,4.12,1.95
2018.08.16 05:49:56.764,1.13942,1.13944,1.00,1.00
2018.08.16 05:49:57.932,1.1394,1.13943,1.47,3.00
2018.08.16 05:49:58.092,1.13941,1.13944,1.00,1.20
2018.08.16 05:50:00.354,1.1394,1.13943,1.00,1.50
2018.08.16 05:50:00.513,1.13938,1.13942,3.00,1.31
2018.08.16 05:50:01.017,1.13938,1.13942,1.87,4.46
2018.08.16 05:50:01.554,1.13938,1.13942,1.87,6.15
2018.08.16 05:50:01.905,1.13937,1.13942,1.37,7.46
2018.08.16 05:50:02.445,1.13937,1.13942,1.50,6.52
2018.08.16 05:50:04.917,1.13935,1.13937,4.12,1.50
2018.08.16 05:50:05.097,1.13933,1.13935,1.12,1.00
2018.08.16 05:50:05.353,1.13931,1.13934,3.94,1.00
2018.08.16 05:50:06.782,1.1393,1.13934,5.44,1.57
2018.08.16 05:50:06.891,1.13929,1.13932,1.00,4.76
2018.08.16 05:50:07.442,1.13927,1.13932,2.44,4.46
2018.08.16 05:50:07.984,1.13927,1.13932,2.81,6.82
2018.08.16 05:50:10.480,1.13927,1.1393,1.12,1.65
2018.08.16 05:50:10.688,1.13926,1.13931,4.87,3.34
2018.08.16 05:50:11.190,1.13927,1.1393,1.50,1.57
2018.08.16 05:50:11.978,1.13929,1.1393,1.12,1.76
2018.08.16 05:50:12.205,1.13932,1.13936,1.56,2.51
2018.08.16 05:50:12.742,1.13932,1.13936,1.31,1.00
2018.08.16 05:50:13.277,1.13932,1.13936,1.31,1.12
2018.08.16 05:50:14.166,1.13932,1.13936,1.37,1.00
2018.08.16 05:50:17.201,1.13932,1.13936,3.00,2.32
2018.08.16 05:50:21.144,1.13931,1.13934,3.37,1.31
2018.08.16 05:50:21.197,1.13932,1.13936,1.37,2.40
2018.08.16 05:50:21.744,1.13932,1.13937,1.62,8.02
2018.08.16 05:50:26.096,1.13932,1.13937,2.81,7.84
2018.08.16 05:50:26.892,1.13933,1.13934,1.00,1.00
2018.08.16 05:50:27.395,1.13932,1.13934,1.12,1.00
2018.08.16 05:50:28.326,1.13932,1.13935,2.62,1.00
2018.08.16 05:50:31.044,1.13932,1.13935,3.37,1.00
2018.08.16 05:50:32.340,1.13932,1.13935,1.87,1.00
2018.08.16 05:50:35.067,1.13931,1.13933,2.62,2.25
2018.08.16 05:50:35.588,1.1393,1.13932,1.31,1.00
2018.08.16 05:50:36.121,1.1393,1.13932,2.44,2.25
2018.08.16 05:50:36.490,1.13928,1.13931,1.87,2.25
2018.08.16 05:50:36.542,1.13928,1.1393,1.12,1.00
2018.08.16 05:50:36.998,1.13926,1.13928,2.62,1.00
2018.08.16 05:50:37.532,1.13925,1.13928,1.50,1.25
2018.08.16 05:50:38.085,1.13926,1.13929,1.25,3.64
2018.08.16 05:50:42.288,1.13924,1.13926,3.00,1.19
2018.08.16 05:50:42.395,1.13915,1.13918,3.07,1.19
2018.08.16 05:50:42.556,1.13912,1.13916,1.87,1.00
2018.08.16 05:50:42.905,1.13912,1.13913,1.00,2.25
2018.08.16 05:50:42.957,1.13909,1.13912,1.20,1.69
2018.08.16 05:50:43.221,1.13912,1.13913,1.35,1.50
2018.08.16 05:50:43.373,1.1391,1.13915,3.19,2.32
2018.08.16 05:50:43.905,1.1391,1.13915,4.08,1.12
2018.08.16 05:50:44.434,1.13911,1.13915,1.76,1.00
2018.08.16 05:50:44.994,1.13911,1.13915,1.76,1.00
2018.08.16 05:50:45.740,1.13912,1.13916,1.69,2.44
2018.08.16 05:50:46.352,1.13915,1.13916,1.12,1.00
2018.08.16 05:50:46.513,1.1392,1.13923,7.88,1.50
2018.08.16 05:50:46.727,1.1392,1.13921,1.00,1.50
2018.08.16 05:50:46.833,1.13918,1.1392,1.00,1.00
2018.08.16 05:50:47.380,1.13918,1.13921,1.69,1.00
2018.08.16 05:50:49.170,1.13916,1.1392,2.70,1.00
2018.08.16 05:50:49.274,1.13915,1.13919,2.32,2.25
2018.08.16 05:50:49.579,1.13913,1.13916,1.00,1.00
2018.08.16 05:50:50.100,1.13913,1.13916,1.31,1.00
2018.08.16 05:50:50.647,1.13913,1.13916,1.20,1.00
2018.08.16 05:50:51.267,1.13912,1.13916,1.50,1.00
2018.08.16 05:50:52.279,1.13912,1.13917,1.50,2.32
2018.08.16 05:50:52.851,1.13912,1.13916,3.00,1.00
2018.08.16 05:50:57.244,1.13912,1.13917,2.25,6.07
2018.08.16 05:50:57.548,1.13912,1.13916,2.25,1.57
2018.08.16 05:50:58.303,1.1391,1.13913,3.82,1.25
2018.08.16 05:50:58.522,1.13912,1.13915,1.00,2.32
2018.08.16 05:50:59.364,1.13911,1.13915,3.64,1.10
2018.08.16 05:51:00.021,1.1391,1.13913,2.14,3.00
2018.08.16 05:51:00.238,1.13911,1.13915,3.26,1.10
2018.08.16 05:51:00.552,1.1391,1.13911,1.20,1.25
2018.08.16 05:51:00.604,1.13907,1.13911,2.32,2.25
2018.08.16 05:51:01.140,1.13907,1.13911,1.69,1.00
2018.08.16 05:51:01.627,1.13909,1.13912,1.69,1.00
2018.08.16 05:51:01.965,1.13908,1.1391,1.20,1.00
2018.08.16 05:51:02.017,1.13909,1.13913,3.82,1.50
2018.08.16 05:51:02.078,1.13909,1.13912,4.20,2.06
2018.08.16 05:51:02.130,1.13908,1.13912,2.89,2.06
2018.08.16 05:51:02.182,1.13908,1.1391,2.70,1.00
2018.08.16 05:51:02.234,1.13907,1.1391,1.10,3.56
2018.08.16 05:51:02.628,1.13911,1.13913,1.25,1.00
2018.08.16 05:51:02.735,1.13909,1.13913,3.64,3.94
2018.08.16 05:51:02.840,1.13908,1.13911,1.20,1.00
2018.08.16 05:51:03.290,1.13909,1.13913,1.39,4.20
2018.08.16 05:51:03.497,1.13909,1.13913,1.01,2.25
2018.08.16 05:51:04.165,1.13909,1.13913,1.39,1.87
2018.08.16 05:51:04.724,1.13909,1.13912,1.39,1.00
2018.08.16 05:51:04.980,1.13907,1.13911,3.45,1.00
2018.08.16 05:51:05.489,1.13907,1.13911,1.95,1.12
2018.08.16 05:51:06.002,1.13907,1.13911,2.14,1.12
2018.08.16 05:51:07.560,1.13907,1.1391,2.14,1.00
2018.08.16 05:51:10.237,1.13907,1.13912,1.31,7.57
2018.08.16 05:51:10.758,1.13907,1.1391,1.00,1.00
2018.08.16 05:51:11.261,1.13907,1.13911,1.00,3.45
2018.08.16 05:51:11.763,1.13907,1.1391,1.00,1.50
2018.08.16 05:51:13.048,1.13907,1.13909,1.25,1.00
2018.08.16 05:51:13.100,1.13905,1.13908,1.31,1.50
2018.08.16 05:51:13.619,1.13905,1.13907,1.00,1.00
2018.08.16 05:51:13.778,1.13905,1.1391,3.60,3.26
2018.08.16 05:51:14.297,1.13905,1.13908,2.14,1.00
2018.08.16 05:51:14.802,1.13905,1.13908,1.01,1.00
2018.08.16 05:51:15.319,1.13904,1.13907,1.20,1.50
2018.08.16 05:51:16.029,1.13905,1.13907,1.00,1.50
2018.08.16 05:51:16.568,1.13904,1.13907,1.95,1.50
2018.08.16 05:51:16.966,1.13907,1.13909,1.00,1.76
2018.08.16 05:51:17.472,1.13908,1.1391,1.00,2.06
2018.08.16 05:51:17.785,1.13906,1.1391,1.57,1.50
2018.08.16 05:51:18.318,1.13907,1.1391,1.00,1.12
2018.08.16 05:51:18.760,1.13909,1.13911,2.25,1.10
2018.08.16 05:51:19.358,1.13909,1.13912,1.10,2.25
2018.08.16 05:51:19.703,1.13909,1.1391,1.10,1.00
2018.08.16 05:51:20.092,1.13903,1.13907,2.06,1.12
2018.08.16 05:51:20.627,1.13903,1.13906,2.62,1.00
2018.08.16 05:51:21.140,1.13905,1.13907,2.25,1.00
2018.08.16 05:51:21.222,1.13905,1.13909,2.62,3.07
2018.08.16 05:51:21.430,1.13907,1.13909,1.00,1.12
2018.08.16 05:51:22.052,1.13907,1.1391,1.00,1.95
2018.08.16 05:51:22.646,1.13908,1.1391,1.00,1.95
2018.08.16 05:51:23.195,1.13907,1.1391,1.00,2.06
2018.08.16 05:51:23.723,1.13907,1.13909,1.00,1.00
2018.08.16 05:51:24.407,1.13905,1.13908,5.89,1.50
2018.08.16 05:51:24.925,1.13907,1.13908,1.69,1.00
2018.08.16 05:51:26.031,1.13906,1.13908,1.00,1.87
2018.08.16 05:51:27.055,1.13905,1.13908,1.57,1.00
2018.08.16 05:51:28.286,1.13905,1.13909,1.57,1.57
2018.08.16 05:51:28.825,1.13905,1.13908,1.57,1.00
2018.08.16 05:51:29.370,1.13904,1.13905,1.00,1.00
2018.08.16 05:51:30.091,1.13903,1.13905,2.62,1.00
2018.08.16 05:51:31.352,1.13902,1.13906,4.69,1.12
2018.08.16 05:51:31.863,1.13903,1.13906,1.69,1.12
2018.08.16 05:51:32.285,1.13902,1.13906,3.75,1.00
2018.08.16 05:51:32.833,1.13902,1.13905,1.95,1.69
2018.08.16 05:51:33.427,1.13903,1.13905,1.00,1.50
2018.08.16 05:51:33.944,1.13901,1.13904,1.00,1.00
2018.08.16 05:51:34.534,1.13902,1.13904,1.00,1.00
2018.08.16 05:51:34.690,1.139,1.13904,4.01,1.10
2018.08.16 05:51:34.796,1.13902,1.13904,1.00,1.00
2018.08.16 05:51:35.424,1.13903,1.13905,1.00,1.20
2018.08.16 05:51:35.727,1.139,1.13905,5.89,3.19
2018.08.16 05:51:35.781,1.13903,1.13905,1.00,1.01
2018.08.16 05:51:36.158,1.13901,1.13905,2.06,2.06
2018.08.16 05:51:37.152,1.13902,1.13905,1.00,2.81
2018.08.16 05:51:37.994,1.13901,1.13905,2.06,2.81
2018.08.16 05:51:38.500,1.13903,1.13905,1.00,2.51
2018.08.16 05:51:39.004,1.13903,1.13905,1.00,1.87
2018.08.16 05:51:39.936,1.13901,1.13903,1.12,2.44
2018.08.16 05:51:40.233,1.13902,1.13906,1.00,3.45
2018.08.16 05:51:40.286,1.13902,1.13906,1.30,1.95
2018.08.16 05:51:40.391,1.13902,1.13905,1.00,1.00
2018.08.16 05:51:41.159,1.13903,1.13905,1.00,1.10
2018.08.16 05:51:42.350,1.13903,1.13906,1.25,1.00
2018.08.16 05:51:42.899,1.13905,1.13907,2.81,1.57
2018.08.16 05:51:43.081,1.13905,1.13908,4.69,1.00
2018.08.16 05:51:45.528,1.13906,1.13909,1.69,1.50
2018.08.16 05:51:46.080,1.13905,1.13908,7.87,1.00
2018.08.16 05:51:46.134,1.13904,1.13905,1.20,1.00
2018.08.16 05:51:46.240,1.13902,1.13905,1.50,2.62
2018.08.16 05:51:47.217,1.13901,1.13905,6.94,1.00
2018.08.16 05:51:47.778,1.13901,1.13905,2.81,1.00
2018.08.16 05:51:48.282,1.13901,1.13904,2.81,1.00
2018.08.16 05:51:48.882,1.13902,1.13904,1.00,1.00
2018.08.16 05:51:49.631,1.13901,1.13904,1.00,1.00
2018.08.16 05:51:50.285,1.13902,1.13904,1.00,1.00
2018.08.16 05:51:51.053,1.13901,1.13904,2.14,1.00
2018.08.16 05:51:52.043,1.13901,1.13904,2.89,1.00
2018.08.16 05:51:54.216,1.13902,1.13903,1.00,1.00
2018.08.16 05:51:54.450,1.13899,1.13902,1.10,2.06
2018.08.16 05:51:54.660,1.139,1.13903,3.37,1.87
2018.08.16 05:51:54.977,1.13899,1.13901,1.95,1.50
2018.08.16 05:51:55.223,1.139,1.13903,7.39,1.25
2018.08.16 05:51:55.379,1.13901,1.13904,1.69,1.56
2018.08.16 05:51:55.919,1.13901,1.13904,1.44,1.31
2018.08.16 05:51:56.613,1.13901,1.13904,1.25,1.31
2018.08.16 05:51:57.324,1.13901,1.13904,1.19,1.31
2018.08.16 05:51:58.101,1.13901,1.13904,1.12,1.31
2018.08.16 05:51:58.406,1.13899,1.13902,1.80,1.76
2018.08.16 05:51:58.927,1.139,1.13902,2.62,1.31
2018.08.16 05:52:01.303,1.139,1.13903,1.87,1.76
2018.08.16 05:52:01.838,1.139,1.13902,1.00,1.00
2018.08.16 05:52:03.805,1.139,1.13902,1.87,1.01
2018.08.16 05:52:04.351,1.139,1.13902,1.12,1.01
2018.08.16 05:52:08.518,1.139,1.13903,1.25,1.46
2018.08.16 05:52:09.249,1.139,1.13902,1.00,2.51
2018.08.16 05:52:09.595,1.13899,1.139,1.00,1.00
2018.08.16 05:52:09.830,1.13898,1.13902,3.75,3.75
2018.08.16 05:52:10.363,1.13898,1.139,1.76,1.50
2018.08.16 05:52:10.878,1.13897,1.13899,1.00,1.00
2018.08.16 05:52:11.653,1.13897,1.13899,1.31,1.00
2018.08.16 05:52:12.239,1.13897,1.13899,1.25,1.00
2018.08.16 05:52:12.879,1.13896,1.13899,2.25,1.00
2018.08.16 05:52:14.286,1.13896,1.13899,3.26,1.00
2018.08.16 05:52:14.919,1.13896,1.13899,2.14,1.00
2018.08.16 05:52:16.620,1.13896,1.13899,3.64,1.00
2018.08.16 05:52:17.241,1.13896,1.13899,1.01,1.00
2018.08.16 05:52:17.801,1.13896,1.13899,3.26,1.00
2018.08.16 05:52:18.134,1.13892,1.13895,1.00,2.77
2018.08.16 05:52:18.454,1.13896,1.13898,4.12,1.50
2018.08.16 05:52:18.669,1.13901,1.13904,2.81,1.10
2018.08.16 05:52:18.877,1.13904,1.13905,1.50,1.00
2018.08.16 05:52:18.931,1.13902,1.13905,1.31,1.00
2018.08.16 05:52:19.458,1.13902,1.13904,3.37,1.00
2018.08.16 05:52:20.001,1.13901,1.13903,1.00,2.25
2018.08.16 05:52:20.108,1.139,1.13901,1.00,1.00
2018.08.16 05:52:20.324,1.13901,1.13903,2.62,3.00
2018.08.16 05:52:20.536,1.13902,1.13905,4.12,1.50
2018.08.16 05:52:21.056,1.13903,1.13905,1.00,1.50
2018.08.16 05:52:21.210,1.139,1.13902,5.70,1.00
2018.08.16 05:52:21.463,1.13902,1.13904,1.69,1.00
2018.08.16 05:52:22.476,1.13901,1.13905,4.69,1.50
2018.08.16 05:52:23.034,1.13902,1.13905,2.25,1.50
2018.08.16 05:52:23.592,1.13901,1.13905,4.69,1.50
2018.08.16 05:52:24.285,1.13901,1.13902,1.00,1.50
2018.08.16 05:52:24.393,1.13899,1.13901,1.00,1.12
2018.08.16 05:52:24.933,1.13898,1.13901,2.25,1.12
2018.08.16 05:52:25.346,1.13897,1.13899,1.50,1.00
2018.08.16 05:52:26.792,1.13897,1.13898,1.00,1.00
2018.08.16 05:52:26.853,1.13895,1.13898,1.00,1.12
2018.08.16 05:52:27.449,1.13895,1.13899,2.44,1.87
2018.08.16 05:52:27.539,1.13895,1.13897,1.69,1.00
2018.08.16 05:52:29.044,1.13894,1.13895,1.12,1.00
2018.08.16 05:52:29.256,1.1389,1.13895,5.51,3.79
2018.08.16 05:52:29.768,1.13891,1.13894,1.00,1.54
2018.08.16 05:52:30.284,1.1389,1.13894,2.62,1.05
2018.08.16 05:52:30.809,1.13892,1.13896,2.14,1.07
2018.08.16 05:52:31.261,1.13895,1.13899,1.00,3.11
2018.08.16 05:52:31.368,1.13895,1.13898,2.62,1.00
2018.08.16 05:52:31.897,1.13896,1.13899,2.70,1.50
2018.08.16 05:52:34.622,1.13897,1.139,1.00,1.00
2018.08.16 05:52:35.240,1.13898,1.139,1.00,1.00
2018.08.16 05:52:35.761,1.13897,1.139,2.51,1.00
2018.08.16 05:52:37.282,1.13898,1.139,1.50,1.00
2018.08.16 05:52:38.575,1.13898,1.13901,1.25,1.50
2018.08.16 05:52:40.324,1.13901,1.13904,2.44,1.07
2018.08.16 05:52:40.377,1.13902,1.13905,1.12,1.50
2018.08.16 05:52:41.124,1.13903,1.13905,1.50,1.50
2018.08.16 05:52:41.334,1.13903,1.13906,1.50,5.25
2018.08.16 05:52:41.794,1.13904,1.13906,9.00,1.00
2018.08.16 05:52:41.975,1.13906,1.13909,1.12,1.57
2018.08.16 05:52:42.283,1.13908,1.13909,1.00,1.00
2018.08.16 05:52:42.334,1.13908,1.13911,1.00,1.50
2018.08.16 05:52:43.102,1.13909,1.13912,3.94,1.00
2018.08.16 05:52:43.156,1.13911,1.13913,1.00,1.20
2018.08.16 05:52:43.472,1.13909,1.13912,1.12,1.50
2018.08.16 05:52:44.453,1.13909,1.13912,1.20,1.50
2018.08.16 05:52:45.410,1.13909,1.13912,1.20,1.50
2018.08.16 05:52:46.465,1.13909,1.13911,1.20,1.00
2018.08.16 05:52:48.445,1.13909,1.13911,1.20,1.00
2018.08.16 05:52:49.449,1.13909,1.13912,1.20,1.87
2018.08.16 05:52:50.943,1.13909,1.13912,2.81,1.12
2018.08.16 05:52:50.998,1.13911,1.13914,1.00,1.00
2018.08.16 05:52:51.104,1.13912,1.13916,1.12,1.57
2018.08.16 05:52:51.640,1.13911,1.13916,1.50,3.07
2018.08.16 05:52:52.122,1.1391,1.13913,1.00,4.50
2018.08.16 05:52:52.259,1.13908,1.13913,1.95,8.70
2018.08.16 05:52:53.068,1.13908,1.13911,1.12,1.12
2018.08.16 05:52:54.956,1.13907,1.1391,1.20,1.87
2018.08.16 05:52:55.064,1.13904,1.13907,1.20,1.00
2018.08.16 05:52:55.563,1.13903,1.13908,1.39,6.26
2018.08.16 05:52:55.932,1.13903,1.13908,5.70,2.06
2018.08.16 05:52:56.522,1.13903,1.13908,5.14,1.20
2018.08.16 05:52:57.266,1.13903,1.13908,2.81,2.70
2018.08.16 05:52:57.788,1.13903,1.13909,4.01,4.57
2018.08.16 05:52:58.324,1.13903,1.13906,3.45,1.00
2018.08.16 05:52:58.793,1.13905,1.13908,1.00,1.57
2018.08.16 05:52:59.140,1.13906,1.1391,4.31,1.00
2018.08.16 05:52:59.676,1.13907,1.13911,1.25,1.87
2018.08.16 05:53:01.245,1.13906,1.13911,6.82,2.25
2018.08.16 05:53:01.950,1.13907,1.13911,1.57,1.10
2018.08.16 05:53:13.313,1.13906,1.13909,6.26,1.30
2018.08.16 05:53:13.600,1.13903,1.13907,2.14,1.00
2018.08.16 05:53:14.125,1.13903,1.13906,1.12,1.00
2018.08.16 05:53:14.592,1.13902,1.13904,1.00,1.00
2018.08.16 05:53:14.746,1.139,1.13903,3.26,1.00
2018.08.16 05:53:15.261,1.139,1.13903,2.44,1.50
2018.08.16 05:53:16.368,1.139,1.13905,6.19,4.95
2018.08.16 05:53:16.421,1.13901,1.13906,5.62,5.51
2018.08.16 05:53:16.633,1.13905,1.13908,1.69,1.12
2018.08.16 05:53:17.181,1.13903,1.13907,3.00,1.50
2018.08.16 05:53:17.288,1.13905,1.13909,10.12,1.07
2018.08.16 05:53:17.340,1.13907,1.1391,1.00,1.01
2018.08.16 05:53:18.103,1.13907,1.13909,1.00,1.00
2018.08.16 05:53:18.703,1.13907,1.1391,1.00,1.00
2018.08.16 05:53:18.756,1.13905,1.13908,1.50,1.87
2018.08.16 05:53:19.070,1.13907,1.1391,1.00,4.20
2018.08.16 05:53:20.042,1.13906,1.1391,1.10,2.32
2018.08.16 05:53:21.529,1.13904,1.13907,2.32,1.00
2018.08.16 05:53:21.836,1.13907,1.13909,1.00,1.00
2018.08.16 05:53:21.890,1.13907,1.13911,1.12,2.32
2018.08.16 05:53:22.429,1.13907,1.1391,1.12,1.00
2018.08.16 05:53:23.773,1.13907,1.13911,1.00,2.06
2018.08.16 05:53:25.043,1.13907,1.1391,1.00,1.87
2018.08.16 05:53:25.581,1.13907,1.13911,1.00,2.70
2018.08.16 05:53:30.785,1.13907,1.1391,1.95,1.00
2018.08.16 05:53:32.970,1.13907,1.13909,1.00,1.00
2018.08.16 05:53:33.554,1.13907,1.1391,1.00,3.94
2018.08.16 05:53:34.055,1.13907,1.1391,1.00,4.39
2018.08.16 05:53:34.674,1.13907,1.1391,1.01,1.69
2018.08.16 05:53:35.179,1.13908,1.1391,1.00,1.00
2018.08.16 05:53:39.835,1.1391,1.13912,1.50,5.32
2018.08.16 05:53:40.183,1.13913,1.13916,2.25,1.57
2018.08.16 05:53:40.340,1.13914,1.13917,1.00,2.25
2018.08.16 05:53:40.858,1.13913,1.13917,1.69,1.50
2018.08.16 05:53:41.792,1.13917,1.13919,1.00,2.32
2018.08.16 05:53:41.846,1.13918,1.1392,1.00,1.95
2018.08.16 05:53:42.057,1.13921,1.13922,4.50,1.12
2018.08.16 05:53:42.270,1.13928,1.1393,1.50,1.20
2018.08.16 05:53:42.776,1.13928,1.13931,1.50,2.32
2018.08.16 05:53:43.587,1.13929,1.13931,1.00,1.00
2018.08.16 05:53:44.317,1.13928,1.13931,1.50,1.10
2018.08.16 05:53:44.860,1.13929,1.13932,1.00,2.70
2018.08.16 05:53:44.915,1.13927,1.1393,1.10,1.31
2018.08.16 05:53:44.969,1.13925,1.13927,1.95,1.00
2018.08.16 05:53:45.045,1.13925,1.13927,1.00,1.00
2018.08.16 05:53:45.201,1.13923,1.13927,2.32,1.76
2018.08.16 05:53:45.748,1.13923,1.13927,2.32,3.64
2018.08.16 05:53:46.250,1.13923,1.13927,3.45,3.26
2018.08.16 05:53:46.782,1.13925,1.13927,1.00,2.70
2018.08.16 05:53:48.319,1.13924,1.13928,1.10,4.95
2018.08.16 05:53:49.567,1.13925,1.13928,1.00,4.95
2018.08.16 05:53:49.732,1.13928,1.13931,1.50,4.39
2018.08.16 05:53:50.268,1.13928,1.13931,1.50,2.44
2018.08.16 05:53:50.940,1.13929,1.13931,1.00,2.44
2018.08.16 05:53:51.316,1.1393,1.13934,1.00,4.20
2018.08.16 05:53:51.747,1.13932,1.13935,1.50,1.12
2018.08.16 05:53:52.817,1.13932,1.13936,1.50,3.00
2018.08.16 05:53:53.225,1.13932,1.13935,1.00,2.06
2018.08.16 05:53:54.284,1.13933,1.13935,1.00,1.00
2018.08.16 05:53:56.995,1.13932,1.13935,1.10,2.25
2018.08.16 05:53:57.420,1.13929,1.13933,3.82,1.12
2018.08.16 05:53:57.928,1.13929,1.13934,2.51,2.81
2018.08.16 05:53:58.211,1.13932,1.13934,1.00,1.12
2018.08.16 05:53:59.035,1.13931,1.13934,1.57,1.00
2018.08.16 05:53:59.685,1.13931,1.13935,1.57,3.26
2018.08.16 05:54:00.320,1.13931,1.13934,1.10,1.12
2018.08.16 05:54:00.867,1.1393,1.13935,1.50,5.32
2018.08.16 05:54:01.175,1.13932,1.13936,1.00,5.44
2018.08.16 05:54:01.505,1.13938,1.13941,1.00,1.57
2018.08.16 05:54:01.864,1.1394,1.13943,2.25,2.25
2018.08.16 05:54:02.178,1.13942,1.13946,2.25,2.62
2018.08.16 05:54:02.508,1.13941,1.13944,1.00,3.00
2018.08.16 05:54:03.381,1.13941,1.13944,1.69,1.20
2018.08.16 05:54:04.002,1.1394,1.13943,2.44,1.00
2018.08.16 05:54:04.546,1.1394,1.13945,2.44,2.14
2018.08.16 05:54:05.069,1.1394,1.13945,1.69,2.89
2018.08.16 05:54:05.690,1.13941,1.13945,1.00,2.89
2018.08.16 05:54:06.558,1.1394,1.13945,2.51,5.62
2018.08.16 05:54:07.705,1.13939,1.13943,2.70,3.00
2018.08.16 05:54:07.808,1.13937,1.13941,3.45,1.00
2018.08.16 05:54:07.961,1.13936,1.1394,1.95,1.00
2018.08.16 05:54:08.470,1.13938,1.13941,1.00,2.89
2018.08.16 05:54:09.016,1.13937,1.13941,1.10,2.14
2018.08.16 05:54:10.064,1.13936,1.13941,4.01,3.75
2018.08.16 05:54:10.614,1.13936,1.13938,1.12,1.50
2018.08.16 05:54:10.666,1.13934,1.13938,3.07,1.50
2018.08.16 05:54:10.768,1.13933,1.13937,2.32,5.81
2018.08.16 05:54:10.821,1.13932,1.13935,1.12,1.00
2018.08.16 05:54:11.105,1.1393,1.13934,2.70,1.00
2018.08.16 05:54:12.851,1.1393,1.13935,4.20,2.62
2018.08.16 05:54:13.642,1.1393,1.13935,5.51,1.50
2018.08.16 05:54:14.156,1.13931,1.13935,1.12,1.50
2018.08.16 05:54:14.900,1.13932,1.13935,1.00,1.50
2018.08.16 05:54:15.612,1.13932,1.13935,1.00,5.14
2018.08.16 05:54:16.132,1.13931,1.13934,1.00,1.10
2018.08.16 05:54:16.659,1.13928,1.13932,1.95,1.31
2018.08.16 05:54:16.762,1.13927,1.13928,1.00,1.00
2018.08.16 05:54:16.916,1.13925,1.13928,1.50,1.00
2018.08.16 05:54:17.854,1.13926,1.13929,1.00,1.87
2018.08.16 05:54:18.064,1.13926,1.1393,2.06,2.70
2018.08.16 05:54:18.614,1.13927,1.1393,1.00,2.62
2018.08.16 05:54:19.167,1.13926,1.1393,3.56,2.62
2018.08.16 05:54:20.154,1.13927,1.1393,1.00,3.00
2018.08.16 05:54:20.665,1.13926,1.1393,3.56,3.00
2018.08.16 05:54:21.221,1.13926,1.1393,3.56,1.87
2018.08.16 05:54:22.229,1.13927,1.1393,1.12,1.12
2018.08.16 05:54:22.388,1.13928,1.13931,3.94,1.00
2018.08.16 05:54:22.891,1.13927,1.13931,2.14,1.25
2018.08.16 05:54:23.364,1.13926,1.13929,1.76,3.19
2018.08.16 05:54:23.677,1.13927,1.13931,1.00,6.56
2018.08.16 05:54:24.178,1.13926,1.1393,3.45,1.00
2018.08.16 05:54:25.402,1.13924,1.13925,4.12,2.87
2018.08.16 05:54:25.455,1.1392,1.13923,1.00,1.12
2018.08.16 05:54:25.684,1.13918,1.13923,3.07,2.25
2018.08.16 05:54:25.790,1.13918,1.13921,2.32,1.00
2018.08.16 05:54:26.295,1.13918,1.13922,1.00,3.00
2018.08.16 05:54:26.841,1.13918,1.13921,1.10,1.00
2018.08.16 05:54:27.431,1.13918,1.13922,1.10,4.20
2018.08.16 05:54:27.947,1.13917,1.13921,1.76,1.69
2018.08.16 05:54:32.083,1.13917,1.1392,1.00,1.00
2018.08.16 05:54:32.190,1.13914,1.13919,4.01,2.62
2018.08.16 05:54:32.431,1.13912,1.13917,1.12,6.26
2018.08.16 05:54:32.967,1.1391,1.13915,6.64,1.76
2018.08.16 05:54:33.521,1.13911,1.13914,1.10,1.25
2018.08.16 05:54:34.510,1.1391,1.13915,7.95,2.32
2018.08.16 05:54:34.926,1.13914,1.13915,1.00,1.12
2018.08.16 05:54:35.069,1.13917,1.1392,1.20,1.12
2018.08.16 05:54:35.176,1.13918,1.13922,1.50,3.75
2018.08.16 05:54:35.300,1.13921,1.13926,1.50,4.20
2018.08.16 05:54:35.693,1.13919,1.13922,1.00,3.75
2018.08.16 05:54:36.229,1.13917,1.13922,5.51,4.69
2018.08.16 05:54:36.447,1.13919,1.13923,1.10,1.50
2018.08.16 05:54:36.554,1.13919,1.13923,3.07,1.12
2018.08.16 05:54:37.137,1.1392,1.13924,2.14,1.87
2018.08.16 05:54:37.674,1.1392,1.13923,3.64,1.00
2018.08.16 05:54:38.314,1.1392,1.13923,2.70,1.50
2018.08.16 05:54:38.417,1.1392,1.13925,2.70,3.37
2018.08.16 05:54:38.628,1.13925,1.13929,3.19,1.37
2018.08.16 05:54:38.682,1.13925,1.1393,6.56,1.47
2018.08.16 05:54:38.734,1.13926,1.1393,1.29,1.62
2018.08.16 05:54:39.104,1.13924,1.13928,5.14,1.50
2018.08.16 05:54:39.212,1.13923,1.13926,2.32,1.00
2018.08.16 05:54:39.761,1.13922,1.13924,1.20,1.00
2018.08.16 05:54:40.314,1.13922,1.13925,1.00,1.50
2018.08.16 05:54:42.379,1.1392,1.13924,5.32,1.50
2018.08.16 05:54:42.483,1.1392,1.13923,1.57,2.25
2018.08.16 05:54:43.966,1.13919,1.13923,1.10,3.75
2018.08.16 05:54:44.073,1.13917,1.13922,1.95,4.31
2018.08.16 05:54:44.384,1.13911,1.13916,4.95,4.50
2018.08.16 05:54:44.932,1.13911,1.13916,2.70,3.00
2018.08.16 05:54:45.474,1.13911,1.13916,1.95,3.07
2018.08.16 05:54:46.564,1.1391,1.13915,4.57,2.62
2018.08.16 05:54:47.864,1.13911,1.13915,1.00,2.44
2018.08.16 05:54:48.171,1.13911,1.13916,2.70,4.69
2018.08.16 05:54:48.274,1.13911,1.13916,1.57,4.12
2018.08.16 05:54:48.808,1.13911,1.13915,3.82,1.50
2018.08.16 05:54:49.347,1.13911,1.13916,3.07,2.44
2018.08.16 05:54:50.083,1.13912,1.13916,1.45,1.50
2018.08.16 05:54:50.248,1.13911,1.13916,6.26,1.50
2018.08.16 05:54:50.744,1.13913,1.13916,4.50,1.00
2018.08.16 05:54:51.184,1.13914,1.13918,3.07,1.12
2018.08.16 05:54:52.665,1.13915,1.13919,4.39,1.50
2018.08.16 05:54:52.772,1.13916,1.1392,4.39,1.00
2018.08.16 05:54:53.356,1.13916,1.1392,2.14,1.00
2018.08.16 05:54:54.766,1.13916,1.1392,2.14,1.50
2018.08.16 05:54:55.636,1.13917,1.1392,1.00,1.50
2018.08.16 05:54:55.946,1.13918,1.13922,4.20,1.00
2018.08.16 05:54:56.102,1.13919,1.13923,1.95,1.50
2018.08.16 05:54:56.687,1.1392,1.13923,1.00,1.12
2018.08.16 05:54:58.062,1.13919,1.13923,1.10,1.12
2018.08.16 05:55:00.002,1.1392,1.13923,1.00,1.12
2018.08.16 05:55:00.508,1.13921,1.13924,1.20,1.12
2018.08.16 05:55:00.736,1.1392,1.13924,3.26,1.12
2018.08.16 05:55:01.309,1.13921,1.13924,1.00,1.37
2018.08.16 05:55:01.850,1.13921,1.13924,3.75,1.12
2018.08.16 05:55:03.061,1.13921,1.13924,1.50,1.37
2018.08.16 05:55:03.113,1.13921,1.13925,2.44,1.00
2018.08.16 05:55:03.665,1.13922,1.13926,1.00,3.07
2018.08.16 05:55:05.280,1.1392,1.13922,1.57,1.50
2018.08.16 05:55:05.386,1.13918,1.13921,1.20,1.00
2018.08.16 05:55:05.916,1.13917,1.1392,2.81,1.00
2018.08.16 05:55:06.473,1.13917,1.13921,1.69,1.00
2018.08.16 05:55:07.190,1.13917,1.13921,3.26,1.00
2018.08.16 05:55:07.508,1.1392,1.13922,1.12,1.95
2018.08.16 05:55:07.636,1.13921,1.13925,1.69,1.57
2018.08.16 05:55:10.441,1.1392,1.13924,5.14,1.50
2018.08.16 05:55:10.497,1.13922,1.13925,1.00,1.00
2018.08.16 05:55:11.048,1.13922,1.13926,1.76,1.20
2018.08.16 05:55:11.627,1.13922,1.13926,2.14,1.87
2018.08.16 05:55:13.724,1.13925,1.13927,1.25,1.50
2018.08.16 05:55:13.829,1.13926,1.1393,1.31,3.56
2018.08.16 05:55:14.385,1.13926,1.1393,2.70,1.12
2018.08.16 05:55:14.902,1.13926,1.1393,4.39,1.12
2018.08.16 05:55:15.582,1.13926,1.1393,3.26,1.12
2018.08.16 05:55:15.636,1.13928,1.13932,2.14,2.32
2018.08.16 05:55:15.954,1.13932,1.13936,3.26,1.00
2018.08.16 05:55:16.683,1.13934,1.13938,2.81,2.62
2018.08.16 05:55:16.995,1.13937,1.13942,1.76,4.87
2018.08.16 05:55:17.843,1.13937,1.13942,2.51,1.50
2018.08.16 05:55:18.354,1.13937,1.13942,2.51,3.37
2018.08.16 05:55:18.974,1.13941,1.13943,1.25,4.57
2018.08.16 05:55:19.027,1.13939,1.13943,1.87,3.45
2018.08.16 05:55:19.518,1.13941,1.13943,1.25,2.25
2018.08.16 05:55:19.572,1.1394,1.13945,5.44,1.57
2018.08.16 05:55:20.142,1.13941,1.13945,4.39,1.00
2018.08.16 05:55:20.793,1.13942,1.13945,1.00,1.37
2018.08.16 05:55:21.297,1.13941,1.13946,3.26,1.87
2018.08.16 05:55:21.834,1.13941,1.13946,4.01,1.50
2018.08.16 05:55:22.749,1.1394,1.13945,4.20,2.06
2018.08.16 05:55:22.803,1.1394,1.13943,4.20,1.50
2018.08.16 05:55:22.856,1.13938,1.13943,1.95,6.75
2018.08.16 05:55:23.066,1.13937,1.13942,2.51,4.12
2018.08.16 05:55:24.841,1.13939,1.13943,1.69,1.20
2018.08.16 05:55:24.948,1.1394,1.13944,2.14,1.20
2018.08.16 05:55:25.107,1.13939,1.13942,1.57,1.37
2018.08.16 05:55:25.369,1.13936,1.13941,1.10,1.69
2018.08.16 05:55:25.472,1.13937,1.13941,2.62,1.19
2018.08.16 05:55:25.982,1.13938,1.13941,1.12,1.00
2018.08.16 05:55:29.491,1.13938,1.13941,1.10,2.44
2018.08.16 05:55:30.036,1.13938,1.13941,1.00,1.69
2018.08.16 05:55:30.376,1.13935,1.1394,6.64,3.34
2018.08.16 05:55:30.780,1.13934,1.13939,1.95,5.06
2018.08.16 05:55:31.347,1.13934,1.13937,1.00,2.70
2018.08.16 05:55:32.044,1.13934,1.13937,1.00,1.95
2018.08.16 05:55:32.583,1.13933,1.13937,1.10,4.39
2018.08.16 05:55:33.107,1.13932,1.13937,2.51,3.64
2018.08.16 05:55:33.650,1.13934,1.13937,1.10,1.12
2018.08.16 05:55:37.244,1.13935,1.13938,1.25,1.87
2018.08.16 05:55:37.620,1.13937,1.13941,1.25,1.50
2018.08.16 05:55:38.071,1.13937,1.13942,1.39,3.37
2018.08.16 05:55:38.621,1.13937,1.13942,2.32,7.69
2018.08.16 05:55:39.141,1.13937,1.13942,4.39,1.69
2018.08.16 05:55:39.248,1.13939,1.13944,1.87,3.07
2018.08.16 05:55:39.787,1.13939,1.13944,2.14,1.12
2018.08.16 05:55:41.023,1.13941,1.13946,1.25,4.01
2018.08.16 05:55:41.529,1.13942,1.13946,1.00,3.75
2018.08.16 05:55:42.748,1.13942,1.13945,1.87,1.00
2018.08.16 05:55:43.275,1.13942,1.13946,1.87,4.50
2018.08.16 05:55:44.391,1.13942,1.13945,1.12,1.00
2018.08.16 05:55:45.331,1.13944,1.13946,1.69,1.00
2018.08.16 05:55:45.436,1.13945,1.13949,3.26,1.10
2018.08.16 05:55:45.489,1.13947,1.1395,1.00,1.57
2018.08.16 05:55:45.682,1.13948,1.13951,1.00,1.95
2018.08.16 05:55:46.847,1.13948,1.1395,1.01,1.00
2018.08.16 05:55:47.735,1.13948,1.13951,1.12,1.69
2018.08.16 05:55:48.723,1.13949,1.13953,1.25,3.82
2018.08.16 05:55:49.149,1.13951,1.13954,1.50,1.10
2018.08.16 05:55:49.657,1.13952,1.13955,1.10,1.12
2018.08.16 05:55:51.953,1.13955,1.13958,2.25,2.32
2018.08.16 05:55:52.059,1.13956,1.13961,2.81,4.20
2018.08.16 05:55:52.588,1.13956,1.13961,2.32,3.76
2018.08.16 05:55:53.184,1.13956,1.13961,3.07,2.70
2018.08.16 05:55:55.877,1.13955,1.13957,1.57,1.69
2018.08.16 05:55:56.072,1.13953,1.13956,1.50,1.00
2018.08.16 05:55:56.125,1.13951,1.13956,2.89,1.87
2018.08.16 05:55:56.230,1.1395,1.13952,2.32,1.50
2018.08.16 05:55:56.387,1.13946,1.13952,7.39,6.45
2018.08.16 05:55:56.939,1.13948,1.13952,1.25,1.87
2018.08.16 05:55:56.993,1.13949,1.13953,1.88,6.07
2018.08.16 05:55:57.098,1.1395,1.13954,1.50,1.00
2018.08.16 05:55:57.203,1.13949,1.13952,1.95,1.50
2018.08.16 05:55:57.256,1.13948,1.13952,1.20,3.82
2018.08.16 05:55:57.766,1.13947,1.13952,3.26,4.20
2018.08.16 05:55:58.332,1.13947,1.13951,3.26,1.00
2018.08.16 05:55:58.972,1.13948,1.13951,1.39,1.00
2018.08.16 05:55:59.079,1.13951,1.13955,1.00,4.39
2018.08.16 05:55:59.184,1.1395,1.13955,2.14,3.37
2018.08.16 05:55:59.333,1.13951,1.13954,1.00,2.62
2018.08.16 05:55:59.849,1.13951,1.13954,1.00,2.62
2018.08.16 05:56:00.946,1.13952,1.13955,1.00,1.50
2018.08.16 05:56:01.732,1.13952,1.13955,1.00,1.37
2018.08.16 05:56:02.269,1.13951,1.13956,1.50,5.89
2018.08.16 05:56:02.952,1.13952,1.13954,1.00,1.50
2018.08.16 05:56:03.455,1.13951,1.13955,1.00,2.62
2018.08.16 05:56:04.038,1.13951,1.13955,1.10,2.70
2018.08.16 05:56:04.590,1.13951,1.13955,1.25,4.12
2018.08.16 05:56:07.070,1.1395,1.13954,2.32,3.75
2018.08.16 05:56:07.648,1.1395,1.13954,3.26,1.00
2018.08.16 05:56:08.402,1.1395,1.13955,1.57,3.07
2018.08.16 05:56:08.971,1.13951,1.13955,1.10,2.70
2018.08.16 05:56:09.490,1.1395,1.13955,1.50,3.26
2018.08.16 05:56:10.014,1.1395,1.13955,2.06,1.95
2018.08.16 05:56:10.360,1.13947,1.13949,1.20,1.50
2018.08.16 05:56:10.727,1.13947,1.1395,1.69,2.51
2018.08.16 05:56:11.251,1.13947,1.13951,1.50,3.75
2018.08.16 05:56:12.713,1.13947,1.1395,1.50,1.00
2018.08.16 05:56:13.419,1.13947,1.13951,1.50,4.50
2018.08.16 05:56:14.130,1.13947,1.1395,1.50,1.00
2018.08.16 05:56:15.030,1.13947,1.1395,2.32,1.50
2018.08.16 05:56:15.767,1.13946,1.13948,2.70,1.00
2018.08.16 05:56:15.950,1.13947,1.1395,1.25,1.31
2018.08.16 05:56:16.546,1.13947,1.13951,1.57,1.95
2018.08.16 05:56:16.803,1.13947,1.13949,1.57,1.00
2018.08.16 05:56:17.011,1.13945,1.13949,2.89,1.37
2018.08.16 05:56:17.167,1.13947,1.1395,1.00,1.87
2018.08.16 05:56:17.538,1.13945,1.13948,1.00,4.50
2018.08.16 05:56:17.697,1.1394,1.13943,1.12,3.37
2018.08.16 05:56:18.038,1.13941,1.13945,1.87,1.12
2018.08.16 05:56:18.574,1.13942,1.13946,1.25,3.19
2018.08.16 05:56:20.051,1.13942,1.13945,1.31,1.00
2018.08.16 05:56:21.119,1.13942,1.13946,1.87,2.62
2018.08.16 05:56:22.060,1.13942,1.13946,1.87,4.50
2018.08.16 05:56:22.217,1.1394,1.13943,1.95,1.00
2018.08.16 05:56:22.785,1.13941,1.13946,3.00,2.51
2018.08.16 05:56:22.890,1.13942,1.13946,1.25,2.06
2018.08.16 05:56:23.395,1.13941,1.13945,3.45,1.00
2018.08.16 05:56:23.973,1.13942,1.13946,1.76,2.44
2018.08.16 05:56:24.522,1.13942,1.13946,1.20,4.57
2018.08.16 05:56:25.593,1.13942,1.13946,1.00,3.00
2018.08.16 05:56:27.482,1.1394,1.13944,6.26,1.00
2018.08.16 05:56:28.983,1.13941,1.13946,1.57,4.31
2018.08.16 05:56:29.564,1.1394,1.13942,1.10,2.44
2018.08.16 05:56:30.073,1.13938,1.13942,1.85,12.26
2018.08.16 05:56:30.199,1.13937,1.13941,1.20,5.06
2018.08.16 05:56:30.739,1.13936,1.1394,4.01,1.00
2018.08.16 05:56:32.403,1.13938,1.13941,1.00,2.25
2018.08.16 05:56:35.969,1.13938,1.13943,3.00,6.64
2018.08.16 05:56:36.312,1.13941,1.13945,1.12,1.50
2018.08.16 05:56:37.097,1.13941,1.13946,1.12,3.45
2018.08.16 05:56:37.210,1.13941,1.13946,1.39,5.44
2018.08.16 05:56:37.419,1.13941,1.13942,1.12,3.00
2018.08.16 05:56:37.727,1.13939,1.13942,1.00,4.12
2018.08.16 05:56:38.191,1.13939,1.13943,2.32,1.39
2018.08.16 05:56:38.440,1.1394,1.13945,2.06,2.70
2018.08.16 05:56:38.959,1.1394,1.13944,1.31,1.50
2018.08.16 05:56:40.240,1.13938,1.13943,4.57,4.87
2018.08.16 05:56:40.343,1.13938,1.13941,1.20,1.12
2018.08.16 05:56:41.042,1.13938,1.13942,1.10,3.37
2018.08.16 05:56:41.883,1.13938,1.13942,1.20,3.56
2018.08.16 05:56:42.456,1.13938,1.13942,1.10,2.81
2018.08.16 05:56:43.392,1.13938,1.13941,1.39,1.25
2018.08.16 05:56:43.900,1.13938,1.13942,1.20,2.44
2018.08.16 05:56:44.448,1.13938,1.13941,1.57,1.69
2018.08.16 05:56:45.021,1.13938,1.1394,1.10,1.12
2018.08.16 05:56:45.702,1.13937,1.1394,1.47,2.62
2018.08.16 05:56:46.427,1.13937,1.1394,1.57,3.37
2018.08.16 05:56:49.218,1.13936,1.1394,3.15,4.12
2018.08.16 05:56:51.813,1.13936,1.1394,2.70,4.12
2018.08.16 05:56:51.920,1.13935,1.13936,1.65,1.12
2018.08.16 05:56:51.975,1.13933,1.13936,2.70,1.50
2018.08.16 05:56:52.348,1.13933,1.13936,2.32,1.50
2018.08.16 05:56:52.996,1.13933,1.13936,1.20,1.50
2018.08.16 05:56:53.673,1.13933,1.13936,1.20,1.00
2018.08.16 05:56:56.303,1.13932,1.13937,2.51,3.45
2018.08.16 05:56:56.858,1.13932,1.13936,2.14,1.50
2018.08.16 05:56:57.392,1.13932,1.13937,2.14,3.45
2018.08.16 05:56:57.600,1.13932,1.13935,2.70,1.00
2018.08.16 05:56:58.148,1.13932,1.13935,1.10,1.00
2018.08.16 05:56:58.691,1.13932,1.13936,1.01,3.45
2018.08.16 05:56:59.237,1.13932,1.13936,1.25,2.62
2018.08.16 05:56:59.793,1.13932,1.13936,1.76,1.50
2018.08.16 05:57:00.314,1.13932,1.13937,2.51,8.81
2018.08.16 05:57:02.012,1.13932,1.13937,2.51,9.94
2018.08.16 05:57:03.050,1.13932,1.13936,1.87,4.87
2018.08.16 05:57:05.564,1.13932,1.13935,2.89,1.69
2018.08.16 05:57:06.937,1.13932,1.13933,1.00,1.00
2018.08.16 05:57:07.082,1.13929,1.13932,2.89,1.00
2018.08.16 05:57:08.012,1.13929,1.13933,1.39,3.56
2018.08.16 05:57:08.876,1.1393,1.13932,1.00,1.00
2018.08.16 05:57:09.562,1.1393,1.13933,1.69,1.50
2018.08.16 05:57:12.200,1.13929,1.13932,3.00,1.00
2018.08.16 05:57:13.220,1.13929,1.13931,2.25,1.00
2018.08.16 05:57:13.969,1.13929,1.13931,1.87,1.00
2018.08.16 05:57:14.394,1.13929,1.13933,2.25,5.44
2018.08.16 05:57:14.960,1.13929,1.13932,1.69,1.50
2018.08.16 05:57:15.619,1.13928,1.13933,5.89,3.00
2018.08.16 05:57:16.784,1.1393,1.13934,6.00,1.87
2018.08.16 05:57:17.357,1.13931,1.13934,1.12,1.50
2018.08.16 05:57:18.538,1.1393,1.13933,4.12,1.50
2018.08.16 05:57:18.801,1.13927,1.13932,1.69,7.57
2018.08.16 05:57:18.908,1.13926,1.1393,2.14,1.12
2018.08.16 05:57:19.456,1.13926,1.13929,1.76,1.00
2018.08.16 05:57:20.324,1.13925,1.13927,1.10,1.00
2018.08.16 05:57:20.795,1.13922,1.13925,3.49,1.00
2018.08.16 05:57:21.010,1.1392,1.13922,1.12,1.50
2018.08.16 05:57:21.218,1.13917,1.13921,1.45,4.31
2018.08.16 05:57:21.724,1.13917,1.1392,1.57,2.62
2018.08.16 05:57:21.830,1.13919,1.13922,3.64,3.00
2018.08.16 05:57:22.586,1.13918,1.13921,1.07,1.50
2018.08.16 05:57:23.125,1.13917,1.13921,1.01,6.82
2018.08.16 05:57:24.138,1.13916,1.1392,2.89,1.00
2018.08.16 05:57:24.684,1.13916,1.13921,4.76,4.12
2018.08.16 05:57:25.467,1.13916,1.1392,6.26,1.00
2018.08.16 05:57:25.971,1.13916,1.13921,4.39,4.50
2018.08.16 05:57:26.569,1.13916,1.1392,3.64,1.00
2018.08.16 05:57:27.750,1.13916,1.13921,2.32,3.37
2018.08.16 05:57:29.637,1.13917,1.1392,1.01,1.00
2018.08.16 05:57:30.139,1.13917,1.13921,1.01,7.87
2018.08.16 05:57:31.086,1.13917,1.1392,1.47,1.00
2018.08.16 05:57:34.143,1.13916,1.13919,3.26,1.50
2018.08.16 05:57:34.247,1.13916,1.13921,2.51,4.50
2018.08.16 05:57:35.554,1.13916,1.13919,3.45,1.00
2018.08.16 05:57:35.671,1.13915,1.13921,7.76,6.56
2018.08.16 05:57:36.206,1.13917,1.1392,1.10,3.75
2018.08.16 05:57:36.923,1.13915,1.13917,1.07,2.62
2018.08.16 05:57:37.032,1.13913,1.13915,1.57,1.00
2018.08.16 05:57:37.549,1.13911,1.13914,4.39,1.00
2018.08.16 05:57:38.173,1.13911,1.13913,2.51,1.00
2018.08.16 05:57:38.280,1.13909,1.13912,1.69,2.25
2018.08.16 05:57:38.792,1.13908,1.13913,1.12,6.82
2018.08.16 05:57:39.333,1.13907,1.13911,3.07,1.69
2018.08.16 05:57:39.873,1.13907,1.13912,3.45,6.56
2018.08.16 05:57:42.078,1.13907,1.13911,2.25,1.00
2018.08.16 05:57:42.840,1.13907,1.13912,2.25,1.95
2018.08.16 05:57:43.347,1.13909,1.13912,5.25,1.50
2018.08.16 05:57:43.661,1.13909,1.13914,8.92,4.13
2018.08.16 05:57:44.330,1.1391,1.13914,3.19,3.56
2018.08.16 05:57:45.157,1.1391,1.13913,1.19,1.00
2018.08.16 05:57:46.928,1.1391,1.13914,3.19,2.70
2018.08.16 05:57:47.168,1.13909,1.13913,1.69,1.10
2018.08.16 05:57:47.718,1.13909,1.13912,1.00,1.57
2018.08.16 05:57:48.251,1.13909,1.13911,1.00,1.20
2018.08.16 05:57:48.880,1.13909,1.1391,1.00,1.00
2018.08.16 05:57:49.431,1.13909,1.13911,1.00,1.10
2018.08.16 05:57:49.536,1.13907,1.13911,1.00,3.45
2018.08.16 05:57:50.054,1.13907,1.13911,1.87,3.82
2018.08.16 05:57:51.036,1.13909,1.13911,1.69,1.00
2018.08.16 05:57:51.321,1.13908,1.13911,2.44,1.00
2018.08.16 05:57:51.839,1.13909,1.13912,1.00,6.45
2018.08.16 05:57:52.342,1.13909,1.13912,1.00,3.07
2018.08.16 05:57:52.985,1.1391,1.13912,1.00,1.95
2018.08.16 05:57:53.162,1.1391,1.13913,1.00,1.10
2018.08.16 05:57:53.689,1.1391,1.13913,3.19,1.50
2018.08.16 05:57:55.145,1.13912,1.13913,1.00,1.00
2018.08.16 05:57:55.350,1.13914,1.13917,2.06,1.39
2018.08.16 05:57:55.404,1.13915,1.13919,1.50,2.70
2018.08.16 05:57:56.076,1.13916,1.13919,1.00,1.50
2018.08.16 05:57:56.231,1.13915,1.13917,1.00,2.25
2018.08.16 05:57:56.586,1.13914,1.13919,6.19,6.00
2018.08.16 05:58:02.140,1.13916,1.13919,1.00,3.82
2018.08.16 05:58:02.654,1.13915,1.13919,1.25,2.32
2018.08.16 05:58:03.193,1.13916,1.13919,1.25,1.50
2018.08.16 05:58:04.323,1.13916,1.13917,1.00,2.25
2018.08.16 05:58:04.853,1.13915,1.13917,1.00,2.25
2018.08.16 05:58:05.190,1.13917,1.13919,1.00,1.12
2018.08.16 05:58:10.239,1.13914,1.13918,2.32,4.12
2018.08.16 05:58:10.744,1.13914,1.13917,1.00,3.37
2018.08.16 05:58:14.248,1.13914,1.13916,1.00,2.25
2018.08.16 05:58:14.858,1.13914,1.13917,1.00,4.50
2018.08.16 05:58:15.448,1.13914,1.13916,1.00,2.25
2018.08.16 05:58:20.631,1.13912,1.13915,1.95,3.00
2018.08.16 05:58:21.178,1.13912,1.13915,1.00,1.95
2018.08.16 05:58:21.484,1.13913,1.13916,1.00,5.70
2018.08.16 05:58:21.536,1.13913,1.13916,1.00,7.87
2018.08.16 05:58:22.049,1.13912,1.13915,1.00,2.25
2018.08.16 05:58:23.021,1.13912,1.13915,1.00,2.44
2018.08.16 05:58:23.874,1.13912,1.13914,1.50,1.25
2018.08.16 05:58:23.978,1.13912,1.13916,2.14,1.57
2018.08.16 05:58:24.699,1.13912,1.13915,1.10,2.25
2018.08.16 05:58:25.209,1.13912,1.13916,1.10,5.70
2018.08.16 05:58:25.732,1.13913,1.13916,2.62,1.00
2018.08.16 05:58:26.259,1.13913,1.13918,2.25,5.55
2018.08.16 05:58:26.817,1.13914,1.13917,1.00,1.87
2018.08.16 05:58:27.477,1.13913,1.13918,2.25,5.32
2018.08.16 05:58:28.519,1.13914,1.13917,1.50,1.87
2018.08.16 05:58:29.040,1.13915,1.13918,1.69,4.20
2018.08.16 05:58:30.779,1.13917,1.13918,1.00,1.00
2018.08.16 05:58:31.315,1.13917,1.13918,1.00,2.25
2018.08.16 05:58:31.890,1.13916,1.13918,1.00,1.00
2018.08.16 05:58:33.032,1.13916,1.13919,1.00,4.20
2018.08.16 05:58:34.282,1.13915,1.13917,1.00,1.00
2018.08.16 05:58:34.822,1.13916,1.13918,1.00,1.12
2018.08.16 05:58:35.134,1.13914,1.13916,1.00,1.69
2018.08.16 05:58:36.550,1.13914,1.13915,1.00,2.25
2018.08.16 05:58:37.900,1.13913,1.13916,1.50,5.74
2018.08.16 05:58:40.247,1.13913,1.13915,1.00,1.57
2018.08.16 05:58:40.772,1.13913,1.13915,1.00,4.12
2018.08.16 05:58:41.303,1.13912,1.13915,1.00,2.62
2018.08.16 05:58:41.823,1.13912,1.13914,1.00,1.00
2018.08.16 05:58:42.326,1.1391,1.13914,6.26,1.10
2018.08.16 05:58:42.901,1.13911,1.13915,1.25,2.32
2018.08.16 05:58:43.215,1.13908,1.13912,1.12,5.89
2018.08.16 05:58:43.970,1.13908,1.13912,1.31,3.64
2018.08.16 05:58:45.018,1.13908,1.13912,1.31,5.14
2018.08.16 05:58:45.667,1.1391,1.13912,1.25,1.12
2018.08.16 05:58:46.316,1.1391,1.13913,1.25,1.50
2018.08.16 05:58:47.009,1.1391,1.13913,1.19,1.95
2018.08.16 05:58:47.317,1.13909,1.13913,2.06,4.95
2018.08.16 05:58:47.526,1.13911,1.13912,1.25,1.00
2018.08.16 05:58:48.050,1.13911,1.13913,1.25,1.50
2018.08.16 05:58:49.536,1.13911,1.13912,1.00,1.00
2018.08.16 05:58:50.855,1.13909,1.13912,1.69,2.32
2018.08.16 05:58:51.373,1.1391,1.13913,1.69,1.50
2018.08.16 05:58:59.442,1.1391,1.13912,1.69,1.00
2018.08.16 05:58:59.971,1.13909,1.13912,1.50,6.26
2018.08.16 05:59:00.130,1.13911,1.13913,1.25,5.14
2018.08.16 05:59:00.249,1.13911,1.13914,1.25,7.57
2018.08.16 05:59:00.793,1.13911,1.13913,1.25,1.00
2018.08.16 05:59:02.074,1.13911,1.13912,1.00,1.00
2018.08.16 05:59:06.464,1.13909,1.13911,1.50,2.25
2018.08.16 05:59:06.997,1.13908,1.13911,1.00,4.01
2018.08.16 05:59:07.258,1.13908,1.13909,1.00,1.12
2018.08.16 05:59:08.019,1.13908,1.1391,1.00,1.57
2018.08.16 05:59:08.600,1.13907,1.13909,1.00,1.69
2018.08.16 05:59:08.655,1.13905,1.13907,1.00,6.19
2018.08.16 05:59:08.761,1.13907,1.13909,1.00,2.32
2018.08.16 05:59:09.960,1.13907,1.1391,1.00,1.00
2018.08.16 05:59:11.962,1.13907,1.1391,1.00,3.07
2018.08.16 05:59:12.485,1.13907,1.1391,1.00,1.57
2018.08.16 05:59:13.960,1.13907,1.1391,1.00,2.70
2018.08.16 05:59:14.484,1.13907,1.1391,1.00,1.39
2018.08.16 05:59:15.139,1.13907,1.1391,1.00,2.51
2018.08.16 05:59:15.703,1.13907,1.1391,1.00,5.44
2018.08.16 05:59:15.850,1.13906,1.1391,1.12,2.06
2018.08.16 05:59:16.391,1.13907,1.13908,1.00,1.00
2018.08.16 05:59:17.969,1.13907,1.13909,1.00,1.00
2018.08.16 05:59:20.978,1.13907,1.13908,1.00,1.00
2018.08.16 05:59:22.943,1.13907,1.13909,1.00,1.00
2018.08.16 05:59:25.941,1.13904,1.13906,2.70,2.25
2018.08.16 05:59:25.995,1.13905,1.13907,1.50,1.00
2018.08.16 05:59:26.101,1.13905,1.13909,1.87,4.20
2018.08.16 05:59:26.713,1.13905,1.13909,4.12,2.25
2018.08.16 05:59:29.044,1.13906,1.13909,1.25,1.87
2018.08.16 05:59:30.044,1.13906,1.13909,2.06,1.69
2018.08.16 05:59:31.905,1.13906,1.13909,2.44,2.06
2018.08.16 05:59:32.665,1.13906,1.13909,2.44,1.69
2018.08.16 05:59:33.778,1.13906,1.13909,2.44,2.06
2018.08.16 05:59:33.838,1.13911,1.13912,6.56,1.00
2018.08.16 05:59:33.950,1.13913,1.13917,5.51,1.50
2018.08.16 05:59:34.004,1.13915,1.13918,1.69,1.75
2018.08.16 05:59:34.058,1.13916,1.13918,1.00,1.00
2018.08.16 05:59:34.712,1.13915,1.13918,1.50,3.00
2018.08.16 05:59:35.722,1.13914,1.13916,1.00,3.00
2018.08.16 05:59:36.147,1.13912,1.13916,1.50,4.12
2018.08.16 05:59:36.657,1.13912,1.13917,3.45,1.00
2018.08.16 05:59:37.294,1.13913,1.13917,1.00,3.37
2018.08.16 05:59:37.893,1.13912,1.13917,3.45,1.00
2018.08.16 05:59:38.399,1.13913,1.13917,1.69,3.37
2018.08.16 05:59:39.663,1.13913,1.13917,1.00,6.37
2018.08.16 05:59:39.870,1.13915,1.13918,1.00,5.70
2018.08.16 05:59:40.220,1.13916,1.1392,5.44,1.39
2018.08.16 05:59:41.370,1.13917,1.1392,1.00,1.12
2018.08.16 05:59:41.890,1.13916,1.13919,1.10,1.12
2018.08.16 05:59:42.801,1.13915,1.13919,5.62,1.12
2018.08.16 05:59:44.088,1.13915,1.1392,1.50,1.95
2018.08.16 05:59:44.623,1.13915,1.13919,3.75,1.00
2018.08.16 05:59:45.128,1.13916,1.13919,1.00,1.00
2018.08.16 05:59:46.035,1.13916,1.1392,1.00,2.70
2018.08.16 05:59:48.223,1.13916,1.1392,1.00,4.20
2018.08.16 05:59:48.778,1.13916,1.1392,1.00,3.45
2018.08.16 05:59:51.390,1.13919,1.1392,1.00,1.95
2018.08.16 05:59:51.710,1.13915,1.13919,1.00,4.95
2018.08.16 05:59:52.232,1.13915,1.13919,1.00,7.39
2018.08.16 05:59:52.793,1.13914,1.13918,1.57,3.45
2018.08.16 05:59:53.289,1.13914,1.13915,1.00,1.00
2018.08.16 05:59:54.542,1.13913,1.13915,1.00,3.64
2018.08.16 05:59:54.840,1.1391,1.13913,1.00,1.69
2018.08.16 05:59:54.944,1.13912,1.13914,1.00,3.45
2018.08.16 05:59:55.465,1.13912,1.13914,1.00,1.20
2018.08.16 05:59:56.322,1.13911,1.13913,1.00,1.00
2018.08.16 05:59:56.823,1.13912,1.13914,1.00,3.45
2018.08.16 05:59:57.432,1.13911,1.13914,1.50,1.50
2018.08.16 05:59:58.890,1.13913,1.13914,1.00,1.00
