2012.08.03 13:00:00.332,1.22586,1.22595,3.00,3.00
2012.08.03 13:00:00.400,1.22586,1.22595,3.00,3.00
2012.08.03 13:00:00.707,1.22593,1.22598,1.50,3.00
2012.08.03 13:00:01.010,1.22592,1.22601,3.23,2.48
2012.08.03 13:00:01.540,1.22592,1.22601,3.23,2.40
2012.08.03 13:00:02.080,1.22592,1.22601,2.48,1.65
2012.08.03 13:00:02.728,1.22591,1.22597,3.23,1.43
2012.08.03 13:00:02.793,1.22591,1.226,3.98,1.43
2012.08.03 13:00:03.387,1.22593,1.22601,1.50,1.65
2012.08.03 13:00:04.076,1.22593,1.22601,1.50,1.65
2012.08.03 13:00:04.621,1.22593,1.22602,2.25,2.18
2012.08.03 13:00:05.408,1.22593,1.22602,1.50,2.18
2012.08.03 13:00:06.175,1.22594,1.22603,1.50,4.88
2012.08.03 13:00:06.709,1.22593,1.22603,3.00,2.70
2012.08.03 13:00:07.345,1.22594,1.22603,1.50,4.20
2012.08.03 13:00:07.590,1.22592,1.22601,5.50,1.50
2012.08.03 13:00:08.123,1.22592,1.22601,4.00,1.50
2012.08.03 13:00:09.667,1.22594,1.22602,2.25,1.13
2012.08.03 13:00:10.546,1.22591,1.226,3.25,1.50
2012.08.03 13:00:11.082,1.22594,1.22601,1.75,1.50
2012.08.03 13:00:11.207,1.22594,1.22601,4.00,1.50
2012.08.03 13:00:11.566,1.22593,1.22603,1.75,3.00
2012.08.03 13:00:11.691,1.22594,1.22601,1.75,1.50
2012.08.03 13:00:11.757,1.22594,1.22603,1.75,4.50
2012.08.03 13:00:11.879,1.22594,1.22603,1.75,3.00
2012.08.03 13:00:12.002,1.22593,1.226,1.75,1.50
2012.08.03 13:00:12.360,1.22594,1.22603,1.75,2.25
2012.08.03 13:00:12.483,1.22593,1.226,3.25,1.50
2012.08.03 13:00:12.805,1.22593,1.22603,2.50,3.00
2012.08.03 13:00:12.993,1.22594,1.22602,1.75,1.50
2012.08.03 13:00:13.184,1.22596,1.22606,2.50,1.50
2012.08.03 13:00:13.308,1.22596,1.22606,2.50,1.50
2012.08.03 13:00:13.431,1.22596,1.22607,3.32,4.35
2012.08.03 13:00:13.963,1.22598,1.22608,2.48,2.25
2012.08.03 13:00:14.507,1.22598,1.22607,1.65,2.25
2012.08.03 13:00:15.278,1.22597,1.22608,2.50,3.75
2012.08.03 13:00:15.748,1.22597,1.22606,3.25,2.25
2012.08.03 13:00:16.054,1.22595,1.22602,1.50,2.03
2012.08.03 13:00:16.303,1.22591,1.22601,2.50,2.63
2012.08.03 13:00:16.369,1.22589,1.226,3.25,1.50
2012.08.03 13:00:16.927,1.22587,1.22599,7.60,3.00
2012.08.03 13:00:17.462,1.22589,1.22601,2.12,2.25
2012.08.03 13:00:18.005,1.2259,1.22601,1.75,1.50
2012.08.03 13:00:18.543,1.22588,1.226,2.87,1.13
2012.08.03 13:00:19.374,1.22588,1.226,2.12,1.28
2012.08.03 13:00:19.915,1.22588,1.226,4.97,2.03
2012.08.03 13:00:20.451,1.22588,1.22598,1.37,1.65
2012.08.03 13:00:20.986,1.22587,1.22598,1.75,2.25
2012.08.03 13:00:21.405,1.22586,1.22599,4.75,2.56
2012.08.03 13:00:21.971,1.22586,1.22596,3.23,2.10
2012.08.03 13:00:22.036,1.22586,1.22595,1.50,2.56
2012.08.03 13:00:22.342,1.22583,1.2259,2.25,1.50
2012.08.03 13:00:22.407,1.22582,1.2259,1.50,1.50
2012.08.03 13:00:22.530,1.22582,1.2259,2.25,2.25
2012.08.03 13:00:22.896,1.2258,1.2259,1.58,3.75
2012.08.03 13:00:23.084,1.2258,1.2259,2.48,3.00
2012.08.03 13:00:23.652,1.22579,1.22588,1.73,1.73
2012.08.03 13:00:24.165,1.22578,1.22586,4.50,1.50
2012.08.03 13:00:24.231,1.22579,1.22586,1.75,1.50
2012.08.03 13:00:24.295,1.22578,1.22585,2.78,1.50
2012.08.03 13:00:24.543,1.22573,1.22582,2.50,1.50
2012.08.03 13:00:24.729,1.22571,1.22579,2.78,1.73
2012.08.03 13:00:24.795,1.22571,1.22579,2.05,1.73
2012.08.03 13:00:24.922,1.2257,1.22576,1.75,2.25
2012.08.03 13:00:24.988,1.22566,1.22575,1.52,1.58
2012.08.03 13:00:25.291,1.22567,1.22572,1.13,2.85
2012.08.03 13:00:25.357,1.22564,1.22573,6.23,3.68
2012.08.03 13:00:25.424,1.22563,1.22571,2.48,2.18
2012.08.03 13:00:25.773,1.22561,1.2257,1.50,3.83
2012.08.03 13:00:26.318,1.22555,1.22567,3.00,1.50
2012.08.03 13:00:26.443,1.22556,1.22564,2.85,3.00
2012.08.03 13:00:26.745,1.22557,1.22569,3.49,4.73
2012.08.03 13:00:27.284,1.22561,1.2257,2.25,2.25
2012.08.03 13:00:27.823,1.22561,1.22571,2.25,2.48
2012.08.03 13:00:28.587,1.22562,1.22568,1.50,1.50
2012.08.03 13:00:29.062,1.22562,1.22568,1.52,1.50
2012.08.03 13:00:29.593,1.22562,1.22568,2.27,1.50
2012.08.03 13:00:30.115,1.22562,1.2257,1.52,1.50
2012.08.03 13:00:31.345,1.22561,1.22571,2.27,2.48
2012.08.03 13:00:31.470,1.22562,1.22568,1.52,1.50
2012.08.03 13:00:31.654,1.22561,1.22568,1.52,1.50
2012.08.03 13:00:32.128,1.22561,1.22571,1.52,2.48
2012.08.03 13:00:33.052,1.22561,1.2257,1.52,1.73
2012.08.03 13:00:33.549,1.2256,1.2257,3.02,1.73
2012.08.03 13:00:34.081,1.22559,1.22569,3.02,2.48
2012.08.03 13:00:34.687,1.22559,1.22569,2.27,2.48
2012.08.03 13:00:34.751,1.22559,1.22569,2.27,2.48
2012.08.03 13:00:34.878,1.22557,1.22567,1.50,3.30
2012.08.03 13:00:35.004,1.22555,1.22565,2.25,3.08
2012.08.03 13:00:35.070,1.22555,1.22562,2.25,1.50
2012.08.03 13:00:35.371,1.22552,1.22561,2.27,1.73
2012.08.03 13:00:35.877,1.22552,1.22561,1.52,2.48
2012.08.03 13:00:36.239,1.22549,1.22559,3.77,2.48
2012.08.03 13:00:36.424,1.22549,1.22558,2.27,1.50
2012.08.03 13:00:37.019,1.22552,1.22558,1.50,1.50
2012.08.03 13:00:37.563,1.22551,1.22559,3.00,2.25
2012.08.03 13:00:37.867,1.22553,1.22562,3.25,2.70
2012.08.03 13:00:38.227,1.22555,1.22563,1.52,1.73
2012.08.03 13:00:38.586,1.22553,1.22562,1.50,2.85
2012.08.03 13:00:38.712,1.22553,1.22562,2.25,2.48
2012.08.03 13:00:39.012,1.22553,1.22561,3.00,1.73
2012.08.03 13:00:39.077,1.22553,1.22561,3.00,1.50
2012.08.03 13:00:39.319,1.22551,1.22561,1.52,2.48
2012.08.03 13:00:39.802,1.22549,1.22556,1.50,3.83
2012.08.03 13:00:39.987,1.22545,1.22552,1.88,1.73
2012.08.03 13:00:40.287,1.22546,1.22554,2.87,1.50
2012.08.03 13:00:40.593,1.22549,1.22558,2.27,1.73
2012.08.03 13:00:40.895,1.22551,1.22559,1.50,2.25
2012.08.03 13:00:40.961,1.22548,1.22559,3.98,3.60
2012.08.03 13:00:41.025,1.22548,1.22559,3.00,4.35
2012.08.03 13:00:41.327,1.22547,1.22554,1.50,1.50
2012.08.03 13:00:41.683,1.22547,1.22554,1.50,1.73
2012.08.03 13:00:42.042,1.22545,1.22554,3.25,1.73
2012.08.03 13:00:42.225,1.22545,1.22554,3.02,2.48
2012.08.03 13:00:42.765,1.22544,1.22553,1.52,2.48
2012.08.03 13:00:43.532,1.22539,1.22551,3.25,1.73
2012.08.03 13:00:44.380,1.22541,1.2255,1.75,1.06
2012.08.03 13:00:44.685,1.22537,1.22543,1.50,2.48
2012.08.03 13:00:44.750,1.22534,1.22541,3.00,2.25
2012.08.03 13:00:45.060,1.22535,1.22542,2.25,4.73
2012.08.03 13:00:45.126,1.22533,1.22539,1.88,3.98
2012.08.03 13:00:45.608,1.22528,1.22536,2.42,2.10
2012.08.03 13:00:45.852,1.22528,1.22536,2.10,3.60
2012.08.03 13:00:45.979,1.22528,1.22538,3.77,5.03
2012.08.03 13:00:46.045,1.22528,1.22537,3.77,1.13
2012.08.03 13:00:46.173,1.22527,1.22537,3.24,1.13
2012.08.03 13:00:46.239,1.22526,1.22535,4.33,2.25
2012.08.03 13:00:46.488,1.22523,1.22533,1.89,1.73
2012.08.03 13:00:46.610,1.22526,1.22534,1.50,2.63
2012.08.03 13:00:46.855,1.22525,1.2253,1.50,1.50
2012.08.03 13:00:46.979,1.22525,1.22533,1.50,1.73
2012.08.03 13:00:47.044,1.22524,1.22533,4.37,1.73
2012.08.03 13:00:47.591,1.22525,1.22532,5.34,1.50
2012.08.03 13:00:47.897,1.22525,1.2253,1.74,1.50
2012.08.03 13:00:48.434,1.22522,1.2253,3.24,1.50
2012.08.03 13:00:48.679,1.22522,1.22528,2.27,1.50
2012.08.03 13:00:49.446,1.22516,1.22531,9.09,1.73
2012.08.03 13:00:49.806,1.22523,1.22533,3.62,4.73
2012.08.03 13:00:50.352,1.22524,1.22535,3.09,3.23
2012.08.03 13:00:51.300,1.22524,1.22532,5.34,1.50
2012.08.03 13:00:51.852,1.22524,1.22531,1.50,1.50
2012.08.03 13:00:52.392,1.22524,1.22531,2.85,1.50
2012.08.03 13:00:52.782,1.22524,1.22533,2.10,3.53
2012.08.03 13:00:53.316,1.22524,1.22534,4.71,1.73
2012.08.03 13:00:53.855,1.22525,1.22534,2.85,1.73
2012.08.03 13:00:54.218,1.22528,1.22537,2.25,1.50
2012.08.03 13:00:54.874,1.22526,1.22537,7.97,3.23
2012.08.03 13:00:55.407,1.22527,1.22536,2.49,1.50
2012.08.03 13:00:56.121,1.22529,1.22538,2.12,1.73
2012.08.03 13:00:56.660,1.22529,1.22539,2.34,1.50
2012.08.03 13:00:56.903,1.22529,1.22539,3.09,5.13
2012.08.03 13:00:57.443,1.22531,1.22541,3.24,1.73
2012.08.03 13:00:57.917,1.22532,1.22543,3.24,1.73
2012.08.03 13:00:58.741,1.22532,1.22542,2.49,2.33
2012.08.03 13:00:58.866,1.22532,1.22542,1.52,2.33
2012.08.03 13:00:59.167,1.2253,1.22538,3.84,1.50
2012.08.03 13:00:59.876,1.2253,1.2254,3.84,1.73
2012.08.03 13:01:00.258,1.2253,1.2254,1.74,2.33
2012.08.03 13:01:00.497,1.22529,1.2254,5.49,1.73
2012.08.03 13:01:00.620,1.22529,1.2254,5.49,2.33
2012.08.03 13:01:00.742,1.22529,1.2254,5.49,1.73
2012.08.03 13:01:01.352,1.22529,1.22537,2.49,1.50
2012.08.03 13:01:03.241,1.2253,1.22539,2.27,1.73
2012.08.03 13:01:03.907,1.2253,1.22539,2.27,1.50
2012.08.03 13:01:04.769,1.22529,1.22537,1.74,1.50
2012.08.03 13:01:05.526,1.2253,1.2254,1.52,1.73
2012.08.03 13:01:05.883,1.2253,1.22537,2.27,1.50
2012.08.03 13:01:06.296,1.2253,1.22539,1.52,3.00
2012.08.03 13:01:06.476,1.2253,1.22538,1.52,1.50
2012.08.03 13:01:06.826,1.2253,1.22539,2.27,3.00
2012.08.03 13:01:07.394,1.2253,1.22539,3.77,1.50
2012.08.03 13:01:07.931,1.22531,1.22541,1.74,3.23
2012.08.03 13:01:08.632,1.2253,1.22541,4.37,3.08
2012.08.03 13:01:09.703,1.22532,1.22541,1.52,2.48
2012.08.03 13:01:10.004,1.22534,1.22543,2.27,3.23
2012.08.03 13:01:10.548,1.22532,1.22541,3.23,1.50
2012.08.03 13:01:11.144,1.22532,1.22543,3.99,2.33
2012.08.03 13:01:12.097,1.22534,1.22545,1.74,3.60
2012.08.03 13:01:12.407,1.22538,1.22547,2.12,3.00
2012.08.03 13:01:12.952,1.22541,1.22549,1.74,1.50
2012.08.03 13:01:13.317,1.22541,1.22551,1.97,1.50
2012.08.03 13:01:13.559,1.2254,1.22551,3.84,1.50
2012.08.03 13:01:14.103,1.22541,1.22551,2.49,1.73
2012.08.03 13:01:16.001,1.22541,1.22551,3.99,1.50
2012.08.03 13:01:16.532,1.22541,1.22552,5.49,1.73
2012.08.03 13:01:16.597,1.22541,1.22552,4.74,1.73
2012.08.03 13:01:16.895,1.22542,1.2255,1.52,1.50
2012.08.03 13:01:17.449,1.22542,1.22549,1.52,1.50
2012.08.03 13:01:18.128,1.22543,1.22549,1.52,1.50
2012.08.03 13:01:18.192,1.22544,1.22551,1.50,1.50
2012.08.03 13:01:18.437,1.22543,1.22553,2.49,2.48
2012.08.03 13:01:18.796,1.22543,1.22552,1.74,1.73
2012.08.03 13:01:19.098,1.22542,1.22549,2.49,1.50
2012.08.03 13:01:19.631,1.22541,1.2255,2.49,1.50
2012.08.03 13:01:20.109,1.22542,1.22552,5.49,1.50
2012.08.03 13:01:20.632,1.22543,1.22552,1.52,1.50
2012.08.03 13:01:21.310,1.22543,1.22551,2.27,1.50
2012.08.03 13:01:21.903,1.2254,1.2255,3.84,1.50
2012.08.03 13:01:22.203,1.2254,1.2255,3.24,1.50
2012.08.03 13:01:23.100,1.2254,1.2255,1.74,5.07
2012.08.03 13:01:23.166,1.2254,1.22547,1.52,1.50
2012.08.03 13:01:23.472,1.2254,1.22545,1.50,2.93
2012.08.03 13:01:23.891,1.22535,1.22541,1.88,1.50
2012.08.03 13:01:24.255,1.22532,1.2254,1.74,1.50
2012.08.03 13:01:24.790,1.22531,1.2254,2.49,1.50
2012.08.03 13:01:25.123,1.22536,1.22543,1.74,2.25
2012.08.03 13:01:25.434,1.2254,1.22546,1.73,2.25
2012.08.03 13:01:25.557,1.22541,1.22549,1.52,1.50
2012.08.03 13:01:26.094,1.22539,1.2255,5.34,1.50
2012.08.03 13:01:26.683,1.2254,1.2255,2.49,1.50
2012.08.03 13:01:27.213,1.22539,1.2255,4.59,1.50
2012.08.03 13:01:28.389,1.22539,1.22551,5.34,1.73
2012.08.03 13:01:28.513,1.22539,1.22546,2.48,1.13
2012.08.03 13:01:28.699,1.22535,1.22546,3.69,4.95
2012.08.03 13:01:28.764,1.22535,1.22546,2.57,4.95
2012.08.03 13:01:29.127,1.22531,1.22542,3.62,1.73
2012.08.03 13:01:29.434,1.2253,1.22541,3.09,2.48
2012.08.03 13:01:29.993,1.2253,1.22541,3.84,1.73
2012.08.03 13:01:30.529,1.2253,1.22541,3.09,3.23
2012.08.03 13:01:32.815,1.2253,1.22541,3.09,1.73
2012.08.03 13:01:33.355,1.2253,1.22541,3.09,1.73
2012.08.03 13:01:33.884,1.22531,1.22541,1.74,1.73
2012.08.03 13:01:35.206,1.22531,1.22543,3.24,7.35
2012.08.03 13:01:35.565,1.22534,1.22543,2.25,2.10
2012.08.03 13:01:36.105,1.22534,1.22543,2.25,2.10
2012.08.03 13:01:36.348,1.22532,1.22542,2.27,3.23
2012.08.03 13:01:36.883,1.22531,1.2254,2.25,1.73
2012.08.03 13:01:37.474,1.2253,1.2254,2.27,1.73
2012.08.03 13:01:38.067,1.22529,1.2254,4.59,2.48
2012.08.03 13:01:39.536,1.22531,1.2254,1.50,3.23
2012.08.03 13:01:40.084,1.22529,1.22539,4.59,2.25
2012.08.03 13:01:40.615,1.22529,1.22538,2.27,1.50
2012.08.03 13:01:41.995,1.22531,1.2254,1.50,3.60
2012.08.03 13:01:43.353,1.22529,1.22538,2.27,1.50
2012.08.03 13:01:43.879,1.2253,1.22539,3.02,1.73
2012.08.03 13:01:48.786,1.2253,1.22537,1.52,1.50
2012.08.03 13:01:49.023,1.22529,1.22539,3.02,1.73
2012.08.03 13:01:49.808,1.22529,1.22539,3.02,1.73
2012.08.03 13:01:50.342,1.22529,1.22537,1.50,1.50
2012.08.03 13:01:50.645,1.22525,1.22534,3.62,3.00
2012.08.03 13:01:50.709,1.22525,1.22534,1.74,3.00
2012.08.03 13:01:50.775,1.22525,1.22533,1.74,2.25
2012.08.03 13:01:51.016,1.22525,1.22533,1.50,1.73
2012.08.03 13:01:51.138,1.22522,1.22531,1.74,2.48
2012.08.03 13:01:51.556,1.22521,1.22531,2.27,4.80
2012.08.03 13:01:52.567,1.22515,1.22529,4.59,2.48
2012.08.03 13:01:52.950,1.22517,1.22526,3.75,1.50
2012.08.03 13:01:53.275,1.22517,1.22523,3.00,2.33
2012.08.03 13:01:53.342,1.22512,1.22519,3.75,3.38
2012.08.03 13:01:53.411,1.22504,1.22513,2.48,2.25
2012.08.03 13:01:53.538,1.22504,1.22512,2.48,2.25
2012.08.03 13:01:53.660,1.22503,1.2251,1.50,1.43
2012.08.03 13:01:53.965,1.22495,1.22504,5.49,1.50
2012.08.03 13:01:54.211,1.22499,1.22505,3.00,2.25
2012.08.03 13:01:54.276,1.22494,1.22504,4.50,2.85
2012.08.03 13:01:54.700,1.22493,1.22503,1.50,3.00
2012.08.03 13:01:55.238,1.22491,1.22502,3.00,3.75
2012.08.03 13:01:55.772,1.22489,1.225,1.50,2.63
2012.08.03 13:01:55.953,1.22489,1.225,1.50,2.63
2012.08.03 13:01:56.302,1.22491,1.225,2.25,2.63
2012.08.03 13:01:56.496,1.22491,1.22501,2.25,1.13
2012.08.03 13:01:56.622,1.22493,1.22503,1.50,2.48
2012.08.03 13:01:56.806,1.22493,1.22503,1.50,1.73
2012.08.03 13:01:57.163,1.22494,1.22504,1.50,3.23
2012.08.03 13:01:57.228,1.22493,1.22501,3.00,1.13
2012.08.03 13:01:57.352,1.22493,1.22501,3.00,1.13
2012.08.03 13:01:57.417,1.22493,1.22503,2.25,1.35
2012.08.03 13:01:57.482,1.22495,1.22503,1.50,1.35
2012.08.03 13:01:58.291,1.22495,1.22503,2.25,1.35
2012.08.03 13:01:58.356,1.22495,1.22503,2.25,1.35
2012.08.03 13:01:58.479,1.22493,1.22501,3.23,1.13
2012.08.03 13:01:58.838,1.22492,1.22501,2.25,2.85
2012.08.03 13:01:59.078,1.22492,1.22501,1.50,4.35
2012.08.03 13:01:59.381,1.22496,1.22503,1.35,1.50
2012.08.03 13:01:59.448,1.22496,1.22507,1.58,4.35
2012.08.03 13:01:59.573,1.22497,1.22506,2.48,1.50
2012.08.03 13:01:59.868,1.22496,1.22506,1.58,1.50
2012.08.03 13:02:00.295,1.22495,1.22505,2.48,1.50
2012.08.03 13:02:00.421,1.22493,1.22503,2.48,1.73
2012.08.03 13:02:00.547,1.22492,1.22499,1.88,1.13
2012.08.03 13:02:00.674,1.22494,1.22503,7.90,1.50
2012.08.03 13:02:00.973,1.22494,1.22504,6.06,2.63
2012.08.03 13:02:01.192,1.22495,1.22504,3.79,1.13
2012.08.03 13:02:01.684,1.22496,1.22503,1.50,1.50
2012.08.03 13:02:01.812,1.22492,1.22501,3.98,1.50
2012.08.03 13:02:01.880,1.22492,1.22501,3.75,1.50
2012.08.03 13:02:01.944,1.22492,1.22498,1.50,1.50
2012.08.03 13:02:02.182,1.2249,1.22498,3.98,1.50
2012.08.03 13:02:03.060,1.2249,1.22498,1.50,4.35
2012.08.03 13:02:03.184,1.22489,1.22494,1.43,1.50
2012.08.03 13:02:03.309,1.22489,1.22497,2.18,3.00
2012.08.03 13:02:03.865,1.22488,1.22496,1.73,1.13
2012.08.03 13:02:04.225,1.2249,1.22496,1.50,1.50
2012.08.03 13:02:04.589,1.22492,1.22498,1.50,1.50
2012.08.03 13:02:05.118,1.22492,1.22499,1.50,1.13
2012.08.03 13:02:05.705,1.22492,1.225,2.27,1.73
2012.08.03 13:02:06.010,1.22494,1.22501,4.37,1.50
2012.08.03 13:02:06.135,1.22494,1.22503,2.27,3.98
2012.08.03 13:02:06.318,1.22501,1.22508,2.87,1.50
2012.08.03 13:02:06.505,1.22501,1.22509,2.25,1.73
2012.08.03 13:02:06.803,1.22501,1.22508,1.50,1.50
2012.08.03 13:02:07.345,1.22501,1.22509,1.50,1.50
2012.08.03 13:02:08.629,1.22501,1.22509,1.50,1.50
2012.08.03 13:02:10.128,1.22498,1.22509,2.49,3.23
2012.08.03 13:02:10.252,1.22497,1.22508,2.49,3.00
2012.08.03 13:02:10.317,1.22496,1.22507,3.24,2.25
2012.08.03 13:02:10.625,1.22493,1.225,1.39,1.13
2012.08.03 13:02:10.691,1.22491,1.225,1.73,1.13
2012.08.03 13:02:11.224,1.2249,1.225,3.99,3.60
2012.08.03 13:02:11.639,1.2249,1.22495,3.23,1.13
2012.08.03 13:02:11.943,1.22487,1.22493,1.50,1.50
2012.08.03 13:02:12.009,1.22485,1.22493,3.60,1.50
2012.08.03 13:02:12.650,1.22482,1.22493,3.98,2.48
2012.08.03 13:02:13.701,1.22483,1.22493,1.50,3.98
2012.08.03 13:02:14.294,1.22482,1.22493,3.23,3.98
2012.08.03 13:02:14.764,1.22488,1.22493,1.50,3.23
2012.08.03 13:02:15.009,1.22489,1.22498,2.48,1.73
2012.08.03 13:02:15.545,1.22488,1.22498,3.09,1.73
2012.08.03 13:02:16.079,1.2249,1.22498,1.50,2.85
2012.08.03 13:02:16.142,1.22489,1.22498,3.00,2.85
2012.08.03 13:02:16.676,1.2249,1.22498,3.00,1.35
2012.08.03 13:02:17.050,1.22489,1.22498,1.73,2.85
2012.08.03 13:02:17.503,1.22489,1.22496,1.50,1.50
2012.08.03 13:02:18.033,1.22487,1.22496,1.52,1.50
2012.08.03 13:02:18.336,1.22488,1.22493,2.25,1.50
2012.08.03 13:02:18.644,1.22484,1.22494,1.50,1.50
2012.08.03 13:02:18.711,1.22483,1.22493,1.50,1.35
2012.08.03 13:02:18.897,1.22479,1.22496,1.50,2.63
2012.08.03 13:02:18.961,1.2248,1.22493,1.50,1.50
2012.08.03 13:02:19.266,1.22482,1.2249,1.50,1.13
2012.08.03 13:02:19.331,1.22481,1.22489,6.75,2.10
2012.08.03 13:02:19.399,1.2248,1.22489,4.14,1.88
2012.08.03 13:02:19.724,1.2248,1.22487,5.25,1.88
2012.08.03 13:02:19.796,1.22479,1.22487,2.63,1.50
2012.08.03 13:02:19.862,1.22477,1.22487,1.95,2.25
2012.08.03 13:02:20.222,1.22477,1.22484,1.50,2.10
2012.08.03 13:02:20.912,1.22475,1.22484,2.25,2.28
2012.08.03 13:02:20.981,1.22472,1.22484,1.50,2.48
2012.08.03 13:02:21.285,1.22472,1.22481,3.00,2.48
2012.08.03 13:02:21.350,1.22471,1.2248,1.50,3.60
2012.08.03 13:02:21.533,1.2247,1.22479,3.00,1.73
2012.08.03 13:02:21.656,1.22469,1.22479,3.75,2.48
2012.08.03 13:02:21.957,1.22471,1.22476,2.85,3.00
2012.08.03 13:02:22.316,1.22469,1.22476,2.10,2.25
2012.08.03 13:02:22.501,1.22468,1.22475,1.52,4.50
2012.08.03 13:02:22.683,1.22466,1.22475,3.83,2.45
2012.08.03 13:02:22.806,1.22465,1.22474,1.74,1.50
2012.08.03 13:02:22.871,1.22464,1.22473,1.52,1.50
2012.08.03 13:02:22.937,1.22463,1.22471,3.99,1.50
2012.08.03 13:02:23.061,1.22462,1.22471,3.98,2.18
2012.08.03 13:02:23.186,1.22461,1.2247,1.50,2.40
2012.08.03 13:02:23.546,1.2246,1.22468,1.50,1.50
2012.08.03 13:02:23.672,1.22453,1.22462,1.50,3.15
2012.08.03 13:02:23.911,1.22453,1.22462,2.25,2.18
2012.08.03 13:02:24.091,1.22453,1.22462,2.25,1.65
2012.08.03 13:02:24.417,1.22451,1.2246,2.25,1.65
2012.08.03 13:02:24.964,1.22451,1.2246,3.00,1.65
2012.08.03 13:02:25.465,1.22451,1.2246,1.50,1.65
2012.08.03 13:02:26.020,1.22451,1.2246,1.73,1.43
2012.08.03 13:02:26.578,1.22448,1.22456,3.02,1.43
2012.08.03 13:02:26.823,1.22449,1.22458,2.49,1.43
2012.08.03 13:02:26.888,1.22448,1.22456,2.12,1.43
2012.08.03 13:02:27.428,1.22447,1.22456,6.09,1.43
2012.08.03 13:02:27.979,1.22447,1.22456,3.84,3.00
2012.08.03 13:02:28.816,1.22447,1.22454,1.50,1.73
2012.08.03 13:02:28.945,1.22445,1.22454,1.50,4.35
2012.08.03 13:02:29.305,1.22445,1.22454,3.62,1.50
2012.08.03 13:02:29.432,1.22445,1.22454,4.20,2.48
2012.08.03 13:02:29.497,1.22445,1.22454,4.74,1.50
2012.08.03 13:02:29.561,1.22445,1.22457,5.87,4.35
2012.08.03 13:02:29.626,1.22445,1.22454,2.27,1.50
2012.08.03 13:02:29.810,1.22444,1.22454,3.23,3.98
2012.08.03 13:02:30.051,1.22442,1.22451,3.47,1.73
2012.08.03 13:02:30.352,1.22442,1.22452,2.10,3.75
2012.08.03 13:02:30.418,1.22442,1.22451,2.10,5.85
2012.08.03 13:02:30.952,1.22441,1.22451,1.73,3.60
2012.08.03 13:02:32.011,1.22441,1.22451,2.48,2.85
2012.08.03 13:02:32.426,1.22441,1.22452,2.49,4.50
2012.08.03 13:02:32.549,1.22441,1.22452,3.62,3.00
2012.08.03 13:02:33.514,1.22445,1.22452,1.50,1.50
2012.08.03 13:02:33.641,1.22447,1.22455,1.88,2.48
2012.08.03 13:02:33.708,1.2245,1.22458,1.13,2.48
2012.08.03 13:02:33.774,1.22452,1.2246,1.50,2.33
2012.08.03 13:02:33.839,1.22454,1.22461,1.50,3.60
2012.08.03 13:02:34.140,1.22454,1.22463,3.00,4.88
2012.08.03 13:02:34.321,1.22455,1.22463,1.50,3.38
2012.08.03 13:02:34.850,1.22454,1.22463,1.50,4.88
2012.08.03 13:02:34.974,1.22456,1.22463,1.50,1.88
2012.08.03 13:02:35.218,1.22456,1.22465,2.48,4.13
2012.08.03 13:02:35.639,1.22456,1.22465,1.74,3.75
2012.08.03 13:02:36.290,1.22458,1.22467,2.48,4.35
2012.08.03 13:02:36.871,1.22456,1.22466,1.74,1.50
2012.08.03 13:02:37.291,1.2246,1.22467,1.50,1.88
2012.08.03 13:02:37.613,1.22461,1.22469,1.35,3.60
2012.08.03 13:02:37.689,1.22462,1.22469,3.23,1.50
2012.08.03 13:02:37.816,1.22464,1.22473,2.48,3.23
2012.08.03 13:02:38.352,1.22465,1.22472,2.48,1.13
2012.08.03 13:02:38.827,1.22465,1.22475,1.73,1.13
2012.08.03 13:02:38.951,1.22465,1.22475,2.48,1.13
2012.08.03 13:02:39.310,1.22465,1.22473,3.00,1.13
2012.08.03 13:02:39.432,1.22466,1.22473,2.10,1.13
2012.08.03 13:02:39.736,1.2247,1.22478,1.74,2.25
2012.08.03 13:02:39.981,1.22473,1.22482,1.73,1.13
2012.08.03 13:02:40.046,1.22473,1.22482,2.48,1.88
2012.08.03 13:02:40.346,1.22475,1.22484,1.13,2.85
2012.08.03 13:02:40.411,1.22475,1.22484,1.35,2.85
2012.08.03 13:02:40.774,1.22478,1.22487,1.50,3.23
2012.08.03 13:02:40.959,1.22478,1.22487,3.98,4.13
2012.08.03 13:02:41.025,1.22478,1.22487,3.98,4.13
2012.08.03 13:02:41.090,1.2248,1.22487,1.50,2.63
2012.08.03 13:02:41.156,1.22478,1.22486,3.23,1.50
2012.08.03 13:02:41.679,1.22476,1.22486,2.49,3.75
2012.08.03 13:02:41.922,1.22473,1.22484,6.24,2.63
2012.08.03 13:02:42.281,1.22473,1.22484,4.73,3.38
2012.08.03 13:02:43.366,1.22474,1.22482,1.73,1.50
2012.08.03 13:02:43.610,1.22473,1.22484,4.73,3.38
2012.08.03 13:02:43.909,1.22476,1.22486,1.73,3.75
2012.08.03 13:02:44.441,1.22478,1.22487,3.23,3.00
2012.08.03 13:02:44.979,1.22478,1.22487,2.48,3.00
2012.08.03 13:02:45.333,1.22477,1.22485,2.48,1.50
2012.08.03 13:02:45.806,1.22475,1.22483,2.23,3.00
2012.08.03 13:02:45.873,1.22474,1.22483,2.48,3.75
2012.08.03 13:02:45.938,1.22474,1.22483,2.48,3.75
2012.08.03 13:02:46.315,1.22471,1.2248,1.74,1.50
2012.08.03 13:02:47.087,1.22471,1.2248,1.74,1.50
2012.08.03 13:02:47.564,1.22469,1.22478,2.49,1.50
2012.08.03 13:02:48.563,1.2247,1.22479,2.49,1.50
2012.08.03 13:02:48.977,1.2247,1.22479,3.99,1.50
2012.08.03 13:02:49.158,1.2247,1.22479,3.99,1.50
2012.08.03 13:02:49.701,1.2247,1.22477,1.74,1.50
2012.08.03 13:02:52.273,1.22469,1.22476,1.73,1.13
2012.08.03 13:02:52.581,1.22465,1.22473,1.73,1.50
2012.08.03 13:02:52.938,1.22462,1.22469,1.74,1.50
2012.08.03 13:02:53.637,1.22462,1.22471,4.74,2.25
2012.08.03 13:02:54.520,1.22463,1.22471,2.48,1.50
2012.08.03 13:02:55.055,1.22462,1.22469,2.49,1.50
2012.08.03 13:02:55.823,1.22462,1.22471,3.24,1.73
2012.08.03 13:02:56.353,1.22462,1.22471,2.49,2.48
2012.08.03 13:02:59.795,1.22464,1.22472,1.50,1.35
2012.08.03 13:03:00.323,1.22462,1.22471,3.23,2.85
2012.08.03 13:03:01.277,1.22462,1.22471,4.35,1.73
2012.08.03 13:03:01.762,1.22465,1.22473,2.48,1.50
2012.08.03 13:03:02.094,1.22467,1.22476,3.24,4.13
2012.08.03 13:03:02.283,1.22469,1.22479,3.23,1.73
2012.08.03 13:03:02.712,1.22467,1.22477,2.48,2.10
2012.08.03 13:03:02.839,1.22467,1.22477,1.73,2.85
2012.08.03 13:03:03.436,1.22465,1.22475,1.73,1.73
2012.08.03 13:03:04.144,1.22464,1.22477,1.74,2.85
2012.08.03 13:03:04.383,1.22464,1.22475,1.74,1.73
2012.08.03 13:03:04.923,1.22463,1.22475,3.24,3.60
2012.08.03 13:03:05.283,1.22462,1.22471,3.23,1.88
2012.08.03 13:03:05.350,1.22462,1.22471,2.48,2.10
2012.08.03 13:03:05.417,1.2246,1.22466,3.00,1.35
2012.08.03 13:03:05.482,1.22458,1.22466,3.23,1.35
2012.08.03 13:03:05.851,1.22456,1.22465,3.98,1.50
2012.08.03 13:03:06.268,1.22456,1.22465,1.50,1.50
2012.08.03 13:03:06.456,1.22453,1.22462,3.23,2.10
2012.08.03 13:03:06.523,1.22452,1.22462,3.23,5.10
2012.08.03 13:03:07.232,1.2245,1.22456,3.98,1.13
2012.08.03 13:03:07.541,1.22446,1.22452,3.00,1.70
2012.08.03 13:03:07.908,1.22446,1.22455,2.25,4.47
2012.08.03 13:03:08.213,1.22447,1.22455,1.50,2.45
2012.08.03 13:03:08.517,1.22445,1.22455,3.23,3.20
2012.08.03 13:03:08.979,1.22444,1.22453,3.23,2.48
2012.08.03 13:03:09.521,1.22444,1.22452,1.73,1.47
2012.08.03 13:03:09.822,1.22444,1.22452,2.48,1.47
2012.08.03 13:03:09.885,1.22444,1.22452,1.73,1.70
2012.08.03 13:03:10.309,1.22442,1.22449,1.73,2.22
2012.08.03 13:03:10.615,1.22436,1.22443,2.48,1.47
2012.08.03 13:03:10.974,1.2243,1.22439,1.02,1.50
2012.08.03 13:03:11.399,1.22434,1.22441,1.50,1.73
2012.08.03 13:03:11.641,1.22435,1.22444,1.50,3.57
2012.08.03 13:03:11.706,1.22435,1.22444,1.50,3.57
2012.08.03 13:03:11.949,1.22436,1.22444,1.88,3.23
2012.08.03 13:03:12.328,1.22436,1.22444,3.60,1.50
2012.08.03 13:03:12.515,1.22437,1.22446,2.48,2.48
2012.08.03 13:03:12.829,1.2244,1.2245,2.10,3.23
2012.08.03 13:03:13.136,1.22442,1.22452,3.60,3.98
2012.08.03 13:03:13.672,1.22444,1.22453,3.27,1.73
2012.08.03 13:03:13.974,1.22441,1.22449,3.00,3.38
2012.08.03 13:03:14.042,1.22441,1.22449,3.00,3.91
2012.08.03 13:03:14.168,1.22439,1.22446,1.50,3.00
2012.08.03 13:03:14.472,1.22436,1.22443,1.50,2.48
2012.08.03 13:03:14.537,1.22433,1.22441,2.48,1.73
2012.08.03 13:03:14.838,1.22432,1.22441,4.73,1.73
2012.08.03 13:03:15.880,1.22432,1.22443,4.77,2.48
2012.08.03 13:03:16.182,1.22439,1.22445,2.10,2.25
2012.08.03 13:03:16.663,1.22441,1.22449,1.77,1.50
2012.08.03 13:03:17.198,1.22441,1.2245,1.02,1.50
2012.08.03 13:03:17.321,1.2244,1.2245,1.73,2.25
2012.08.03 13:03:17.386,1.22441,1.2245,1.02,1.50
2012.08.03 13:03:18.154,1.22442,1.22452,1.02,3.23
2012.08.03 13:03:18.688,1.22442,1.2245,1.02,1.50
2012.08.03 13:03:19.234,1.22441,1.2245,1.77,1.50
2012.08.03 13:03:19.765,1.22442,1.22451,2.30,1.50
2012.08.03 13:03:20.698,1.22442,1.22451,1.50,1.50
2012.08.03 13:03:21.938,1.22442,1.22451,1.50,2.48
2012.08.03 13:03:22.496,1.2244,1.22449,5.52,1.50
2012.08.03 13:03:23.033,1.22441,1.22449,1.55,1.50
2012.08.03 13:03:23.566,1.2244,1.22449,4.02,1.50
2012.08.03 13:03:24.097,1.2244,1.22449,2.52,2.25
2012.08.03 13:03:24.602,1.22441,1.2245,1.55,1.50
2012.08.03 13:03:25.533,1.22441,1.2245,1.50,1.73
2012.08.03 13:03:26.071,1.22441,1.2245,1.50,1.73
2012.08.03 13:03:26.195,1.22443,1.22451,1.50,2.85
2012.08.03 13:03:26.732,1.22445,1.22454,1.50,2.85
2012.08.03 13:03:27.449,1.22446,1.22457,1.55,2.85
2012.08.03 13:03:27.633,1.22446,1.22457,1.55,2.10
2012.08.03 13:03:28.166,1.22446,1.22457,1.77,2.10
2012.08.03 13:03:28.858,1.22445,1.22456,1.77,1.73
2012.08.03 13:03:29.896,1.22446,1.22456,1.02,1.73
2012.08.03 13:03:30.506,1.22446,1.22456,1.02,2.48
2012.08.03 13:03:31.053,1.22445,1.22456,1.02,3.23
2012.08.03 13:03:31.496,1.22444,1.22453,3.12,1.50
2012.08.03 13:03:31.683,1.22442,1.22452,1.02,2.25
2012.08.03 13:03:32.232,1.2244,1.22449,2.37,1.50
2012.08.03 13:03:32.535,1.22438,1.22449,3.80,1.73
2012.08.03 13:03:33.207,1.22443,1.22452,1.50,1.35
2012.08.03 13:03:33.464,1.22445,1.22452,1.50,1.50
2012.08.03 13:03:34.006,1.22445,1.22454,2.25,2.48
2012.08.03 13:03:34.186,1.22448,1.22454,3.75,2.10
2012.08.03 13:03:34.308,1.22449,1.22455,4.50,2.10
2012.08.03 13:03:34.375,1.22452,1.2246,2.25,3.04
2012.08.03 13:03:34.621,1.22452,1.22458,3.00,1.73
2012.08.03 13:03:34.686,1.22445,1.22451,3.75,1.73
2012.08.03 13:03:34.750,1.22441,1.22451,1.50,2.33
2012.08.03 13:03:34.934,1.22438,1.22449,3.98,1.73
2012.08.03 13:03:35.115,1.22439,1.22451,1.50,3.08
2012.08.03 13:03:35.186,1.22439,1.22449,1.55,1.73
2012.08.03 13:03:35.253,1.22442,1.2245,1.50,2.48
2012.08.03 13:03:35.318,1.2244,1.22449,1.55,1.73
2012.08.03 13:03:35.500,1.2244,1.22449,1.50,2.48
2012.08.03 13:03:35.742,1.22438,1.22447,2.52,1.73
2012.08.03 13:03:35.806,1.22438,1.22444,2.48,1.88
2012.08.03 13:03:36.111,1.22434,1.22442,1.50,2.25
2012.08.03 13:03:36.236,1.22434,1.22442,1.50,3.60
2012.08.03 13:03:36.300,1.22432,1.22442,3.00,3.60
2012.08.03 13:03:36.695,1.22431,1.22441,1.55,1.73
2012.08.03 13:03:36.882,1.22433,1.22442,3.27,2.25
2012.08.03 13:03:37.303,1.22436,1.22444,1.50,4.35
2012.08.03 13:03:37.608,1.2244,1.22448,1.02,1.50
2012.08.03 13:03:37.673,1.22439,1.22445,1.02,1.50
2012.08.03 13:03:37.797,1.22441,1.22448,1.77,2.25
2012.08.03 13:03:38.048,1.22439,1.22444,1.55,1.50
2012.08.03 13:03:38.174,1.22438,1.22447,1.02,3.00
2012.08.03 13:03:38.416,1.22439,1.22448,2.52,3.00
2012.08.03 13:03:38.968,1.22439,1.22448,1.77,3.00
2012.08.03 13:03:39.501,1.22437,1.22446,7.02,1.50
2012.08.03 13:03:39.565,1.22439,1.22448,1.77,2.25
2012.08.03 13:03:40.105,1.22438,1.22449,4.02,2.25
2012.08.03 13:03:41.274,1.2244,1.2245,2.48,1.50
2012.08.03 13:03:41.459,1.22443,1.2245,1.50,1.50
2012.08.03 13:03:41.879,1.22445,1.22454,1.50,3.23
2012.08.03 13:03:42.062,1.22445,1.22454,1.77,2.25
2012.08.03 13:03:42.184,1.22446,1.22454,2.90,1.50
2012.08.03 13:03:42.249,1.22446,1.22457,3.12,3.00
2012.08.03 13:03:42.608,1.22447,1.22454,1.77,1.50
2012.08.03 13:03:42.793,1.22446,1.22453,1.50,1.50
2012.08.03 13:03:42.919,1.22444,1.22453,2.52,1.50
2012.08.03 13:03:42.983,1.22444,1.22454,1.77,1.50
2012.08.03 13:03:43.171,1.22444,1.22455,2.52,3.75
2012.08.03 13:03:43.294,1.22444,1.22453,1.77,1.50
2012.08.03 13:03:43.418,1.22444,1.22455,2.52,4.88
2012.08.03 13:03:43.952,1.22444,1.22455,2.30,4.73
2012.08.03 13:03:44.541,1.22444,1.22455,2.30,3.98
2012.08.03 13:03:45.911,1.22446,1.22455,1.50,3.23
2012.08.03 13:03:46.217,1.22446,1.22455,2.25,1.73
2012.08.03 13:03:47.165,1.22446,1.22455,2.25,2.10
2012.08.03 13:03:47.232,1.22444,1.22452,1.73,1.50
2012.08.03 13:03:47.419,1.22443,1.22452,5.15,3.23
2012.08.03 13:03:48.130,1.22443,1.22451,1.55,2.40
2012.08.03 13:03:51.502,1.2244,1.22449,4.62,1.50
2012.08.03 13:03:51.837,1.22444,1.2245,2.52,1.50
2012.08.03 13:03:51.907,1.22444,1.22453,1.02,3.23
2012.08.03 13:03:52.679,1.22443,1.2245,1.55,1.50
2012.08.03 13:03:52.801,1.22443,1.22453,1.55,1.73
2012.08.03 13:03:53.628,1.22444,1.22453,1.50,3.23
2012.08.03 13:03:53.871,1.22442,1.22451,1.55,1.73
2012.08.03 13:03:54.433,1.22445,1.22454,3.19,2.48
2012.08.03 13:03:54.501,1.22446,1.22454,2.85,1.73
2012.08.03 13:03:54.628,1.22448,1.22456,1.55,2.48
2012.08.03 13:03:54.756,1.22451,1.22456,1.50,1.50
2012.08.03 13:03:54.822,1.22451,1.22459,2.25,1.35
2012.08.03 13:03:56.455,1.22451,1.22461,3.00,4.35
2012.08.03 13:03:56.933,1.22451,1.22461,3.98,1.88
2012.08.03 13:03:57.876,1.22451,1.22461,4.73,1.88
2012.08.03 13:03:57.999,1.22453,1.22463,1.73,2.25
2012.08.03 13:03:58.300,1.22458,1.22464,1.73,1.50
2012.08.03 13:03:58.486,1.2246,1.22469,3.98,1.50
2012.08.03 13:03:59.020,1.22461,1.22471,2.48,4.95
2012.08.03 13:03:59.549,1.22461,1.22471,1.73,3.45
2012.08.03 13:04:00.053,1.22463,1.22471,1.50,2.70
2012.08.03 13:04:00.763,1.22463,1.22471,1.50,1.95
2012.08.03 13:04:01.124,1.22463,1.22471,2.63,1.95
2012.08.03 13:04:01.427,1.2247,1.22475,2.48,1.50
2012.08.03 13:04:01.668,1.22471,1.2248,1.73,5.10
2012.08.03 13:04:02.204,1.22471,1.2248,1.73,2.48
2012.08.03 13:04:04.372,1.22471,1.2248,1.50,1.50
2012.08.03 13:04:04.616,1.22474,1.22481,1.50,2.10
2012.08.03 13:04:05.127,1.22475,1.22481,1.50,1.13
2012.08.03 13:04:05.601,1.22473,1.22482,3.23,1.35
2012.08.03 13:04:06.133,1.22473,1.22481,3.23,1.13
2012.08.03 13:04:07.813,1.22475,1.22481,1.50,1.13
2012.08.03 13:04:08.584,1.22474,1.22481,1.50,1.13
2012.08.03 13:04:09.400,1.22475,1.22481,1.50,1.13
2012.08.03 13:04:09.925,1.22474,1.22481,1.50,1.13
2012.08.03 13:04:10.856,1.22472,1.2248,2.48,1.50
2012.08.03 13:04:13.413,1.22474,1.22481,1.50,1.13
2012.08.03 13:04:14.654,1.22472,1.2248,1.50,1.50
2012.08.03 13:04:14.897,1.22474,1.22481,1.50,1.13
2012.08.03 13:04:15.485,1.22474,1.22481,1.50,1.88
2012.08.03 13:04:15.728,1.22474,1.22482,1.50,4.13
2012.08.03 13:04:16.243,1.22474,1.22481,1.50,1.50
2012.08.03 13:04:16.791,1.22474,1.22482,1.50,5.63
2012.08.03 13:04:17.194,1.22474,1.22482,1.50,5.63
2012.08.03 13:04:17.258,1.22474,1.22481,1.50,1.50
2012.08.03 13:04:17.792,1.22474,1.22482,1.50,6.38
2012.08.03 13:04:18.379,1.22474,1.22483,1.50,2.70
2012.08.03 13:04:18.888,1.22471,1.2248,1.77,1.50
2012.08.03 13:04:19.125,1.22471,1.22481,1.77,3.00
2012.08.03 13:04:19.427,1.22475,1.22482,1.58,1.50
2012.08.03 13:04:19.494,1.22477,1.22489,4.58,2.25
2012.08.03 13:04:19.683,1.22481,1.22489,1.55,1.50
2012.08.03 13:04:19.810,1.22482,1.22491,2.52,1.50
2012.08.03 13:04:20.068,1.22482,1.22492,1.02,3.00
2012.08.03 13:04:20.140,1.22481,1.22492,1.02,3.08
2012.08.03 13:04:20.676,1.2248,1.22491,1.02,2.63
2012.08.03 13:04:21.506,1.2248,1.22492,1.73,2.85
2012.08.03 13:04:21.689,1.22481,1.22491,1.73,2.63
2012.08.03 13:04:21.874,1.22481,1.22491,2.48,2.63
2012.08.03 13:04:22.408,1.22482,1.22492,1.73,2.85
2012.08.03 13:04:22.650,1.22486,1.22492,1.50,1.88
2012.08.03 13:04:22.953,1.22488,1.22494,1.50,2.48
2012.08.03 13:04:23.080,1.22488,1.22496,3.23,3.00
2012.08.03 13:04:23.387,1.22489,1.22499,3.23,3.60
2012.08.03 13:04:23.451,1.22489,1.22499,3.23,3.38
2012.08.03 13:04:23.516,1.2249,1.22499,1.73,3.38
2012.08.03 13:04:24.034,1.22492,1.225,1.73,1.50
2012.08.03 13:04:24.278,1.22494,1.22502,1.50,2.48
2012.08.03 13:04:24.819,1.22494,1.22502,1.73,2.25
2012.08.03 13:04:25.238,1.22495,1.22503,1.50,3.00
2012.08.03 13:04:25.776,1.22492,1.22502,6.23,1.50
2012.08.03 13:04:26.551,1.22495,1.22503,1.50,2.25
2012.08.03 13:04:27.086,1.22495,1.22503,2.52,1.50
2012.08.03 13:04:27.151,1.22496,1.22503,1.77,1.50
2012.08.03 13:04:27.669,1.22498,1.22505,2.48,1.50
2012.08.03 13:04:27.741,1.22501,1.22509,1.73,3.75
2012.08.03 13:04:27.808,1.22501,1.22509,1.73,1.50
2012.08.03 13:04:28.344,1.22501,1.22509,2.85,1.50
2012.08.03 13:04:28.644,1.22502,1.22511,2.48,1.13
2012.08.03 13:04:29.964,1.22501,1.2251,1.50,1.50
2012.08.03 13:04:30.206,1.225,1.2251,3.27,3.00
2012.08.03 13:04:30.388,1.22503,1.22511,1.50,4.13
2012.08.03 13:04:31.392,1.22503,1.22511,1.50,2.25
2012.08.03 13:04:32.290,1.225,1.2251,4.02,1.50
2012.08.03 13:04:32.482,1.22504,1.22512,1.50,3.00
2012.08.03 13:04:32.610,1.22506,1.22512,1.50,1.50
2012.08.03 13:04:32.676,1.22502,1.22512,2.48,2.25
2012.08.03 13:04:33.273,1.22502,1.22512,1.73,1.50
2012.08.03 13:04:33.695,1.22501,1.2251,3.27,1.50
2012.08.03 13:04:33.881,1.22502,1.22512,2.48,1.50
2012.08.03 13:04:34.706,1.22502,1.22512,1.73,2.25
2012.08.03 13:04:35.065,1.22504,1.22513,2.25,1.50
2012.08.03 13:04:35.370,1.22506,1.22514,1.55,2.25
2012.08.03 13:04:35.554,1.22508,1.22518,3.27,2.84
2012.08.03 13:04:35.797,1.22511,1.22519,1.50,3.00
2012.08.03 13:04:36.326,1.22511,1.22519,1.73,2.25
2012.08.03 13:04:36.741,1.22511,1.22519,1.50,2.25
2012.08.03 13:04:36.922,1.22511,1.22519,1.73,2.25
2012.08.03 13:04:37.163,1.22509,1.22518,3.23,1.50
2012.08.03 13:04:37.715,1.22509,1.22517,2.48,1.50
2012.08.03 13:04:37.898,1.22509,1.22514,1.50,1.50
2012.08.03 13:04:38.027,1.22505,1.22513,1.73,2.25
2012.08.03 13:04:38.211,1.22502,1.22509,2.52,1.50
2012.08.03 13:04:38.749,1.22501,1.22507,4.50,1.13
2012.08.03 13:04:38.934,1.225,1.22505,1.50,1.50
2012.08.03 13:04:39.060,1.225,1.22508,1.77,2.25
2012.08.03 13:04:39.533,1.22501,1.22509,3.00,1.50
2012.08.03 13:04:40.242,1.22501,1.22509,2.48,1.50
2012.08.03 13:04:40.782,1.22501,1.22509,2.48,1.50
2012.08.03 13:04:41.026,1.22501,1.22511,2.30,2.25
2012.08.03 13:04:41.211,1.22502,1.22512,1.50,1.50
2012.08.03 13:04:41.639,1.22505,1.22515,2.30,3.00
2012.08.03 13:04:41.940,1.22505,1.22512,1.02,1.50
2012.08.03 13:04:42.004,1.22505,1.22512,1.77,2.25
2012.08.03 13:04:42.546,1.22505,1.22513,3.98,1.50
2012.08.03 13:04:43.081,1.22505,1.22513,3.23,1.50
2012.08.03 13:04:43.729,1.22506,1.22513,1.02,1.50
2012.08.03 13:04:45.275,1.22502,1.22507,3.75,2.10
2012.08.03 13:04:45.473,1.22496,1.22502,1.50,1.88
2012.08.03 13:04:45.855,1.22494,1.22501,2.25,1.35
2012.08.03 13:04:45.926,1.22488,1.22495,1.50,1.73
2012.08.03 13:04:46.469,1.22482,1.22488,1.02,1.50
2012.08.03 13:04:46.598,1.22481,1.2249,1.02,2.48
2012.08.03 13:04:47.133,1.22482,1.2249,1.02,2.48
2012.08.03 13:04:47.668,1.22481,1.2249,2.52,1.73
2012.08.03 13:04:49.192,1.22482,1.2249,1.50,2.48
2012.08.03 13:04:49.710,1.22483,1.22492,1.73,1.13
2012.08.03 13:04:50.339,1.22486,1.22496,3.98,2.85
2012.08.03 13:04:50.466,1.22484,1.22494,3.87,1.81
2012.08.03 13:04:50.769,1.22482,1.22489,2.52,1.50
2012.08.03 13:04:51.128,1.22481,1.22487,3.60,1.50
2012.08.03 13:04:51.370,1.22482,1.22489,1.77,1.50
2012.08.03 13:04:51.673,1.22483,1.2249,2.24,1.50
2012.08.03 13:04:52.033,1.22488,1.22494,1.02,1.50
2012.08.03 13:04:52.748,1.22489,1.22498,1.02,4.73
2012.08.03 13:04:52.813,1.22489,1.22498,1.73,3.23
2012.08.03 13:04:52.939,1.22488,1.22498,4.17,1.73
2012.08.03 13:04:53.003,1.22488,1.22496,2.67,1.50
2012.08.03 13:04:54.110,1.22488,1.22496,2.30,1.50
2012.08.03 13:04:54.400,1.22488,1.22496,1.55,1.50
2012.08.03 13:04:55.404,1.22488,1.22498,1.55,5.48
2012.08.03 13:04:55.647,1.22488,1.22498,2.30,3.23
2012.08.03 13:04:55.952,1.22491,1.22498,1.50,1.50
2012.08.03 13:04:56.019,1.22493,1.22501,2.25,2.48
2012.08.03 13:04:56.260,1.22491,1.225,1.50,1.50
2012.08.03 13:04:56.501,1.2249,1.22498,1.55,1.50
2012.08.03 13:04:57.033,1.22491,1.22499,2.25,1.50
2012.08.03 13:04:58.879,1.22489,1.22497,6.87,1.50
2012.08.03 13:04:59.955,1.22489,1.22497,6.12,1.50
2012.08.03 13:05:00.311,1.22489,1.225,2.48,3.23
2012.08.03 13:05:00.375,1.22489,1.225,2.48,3.23
2012.08.03 13:05:00.860,1.22488,1.22495,1.73,1.50
2012.08.03 13:05:01.395,1.22488,1.22498,1.50,2.48
2012.08.03 13:05:01.696,1.22489,1.22499,3.00,1.73
2012.08.03 13:05:02.230,1.22489,1.22498,3.00,1.73
2012.08.03 13:05:03.581,1.22488,1.22498,3.75,3.23
2012.08.03 13:05:04.033,1.22486,1.22493,1.77,1.50
2012.08.03 13:05:04.580,1.22485,1.22493,1.50,1.13
2012.08.03 13:05:05.125,1.22484,1.22493,2.25,1.35
2012.08.03 13:05:05.658,1.22483,1.22493,3.27,2.10
2012.08.03 13:05:06.194,1.22483,1.22493,3.80,2.10
2012.08.03 13:05:08.852,1.22481,1.22493,6.57,2.10
2012.08.03 13:05:09.391,1.22481,1.22493,3.66,2.10
2012.08.03 13:05:10.278,1.22484,1.22493,1.50,2.10
2012.08.03 13:05:11.044,1.22483,1.22493,4.77,1.73
2012.08.03 13:05:11.345,1.22485,1.22493,1.50,1.73
2012.08.03 13:05:11.701,1.22488,1.22493,1.50,1.50
2012.08.03 13:05:12.003,1.2249,1.22496,1.50,1.73
2012.08.03 13:05:12.361,1.22488,1.22496,1.50,2.48
2012.08.03 13:05:12.872,1.22487,1.22497,1.50,3.98
2012.08.03 13:05:13.448,1.22487,1.22497,3.00,1.73
2012.08.03 13:05:15.986,1.22487,1.22497,3.00,1.73
2012.08.03 13:05:16.808,1.22487,1.22497,4.50,1.73
2012.08.03 13:05:17.335,1.22488,1.22496,1.50,1.73
2012.08.03 13:05:20.341,1.22487,1.22495,1.50,1.73
2012.08.03 13:05:20.701,1.22486,1.22495,3.27,3.31
2012.08.03 13:05:21.120,1.22483,1.22491,2.25,3.98
2012.08.03 13:05:21.194,1.22479,1.22488,1.50,1.73
2012.08.03 13:05:21.725,1.22479,1.22488,1.50,1.73
2012.08.03 13:05:22.554,1.22478,1.22488,2.25,2.48
2012.08.03 13:05:22.795,1.22478,1.22488,2.30,2.48
2012.08.03 13:05:23.038,1.22482,1.2249,1.77,1.50
2012.08.03 13:05:23.222,1.22485,1.22492,1.50,2.25
2012.08.03 13:05:23.520,1.22485,1.22491,1.50,1.50
2012.08.03 13:05:23.933,1.22482,1.22491,2.48,2.25
2012.08.03 13:05:24.115,1.22483,1.22491,1.50,3.75
2012.08.03 13:05:24.297,1.22485,1.22491,1.50,2.25
2012.08.03 13:05:24.832,1.22485,1.22491,1.50,1.73
2012.08.03 13:05:25.135,1.22487,1.22493,2.25,3.60
2012.08.03 13:05:25.640,1.22488,1.22494,1.55,2.25
2012.08.03 13:05:25.716,1.22491,1.22497,1.13,3.75
2012.08.03 13:05:25.908,1.22486,1.22494,1.73,1.81
2012.08.03 13:05:26.037,1.22484,1.22493,3.00,2.41
2012.08.03 13:05:26.343,1.22481,1.2249,1.50,1.73
2012.08.03 13:05:26.528,1.22478,1.22483,4.13,2.25
2012.08.03 13:05:26.654,1.22474,1.22481,1.88,1.50
2012.08.03 13:05:26.839,1.22468,1.22476,2.25,1.81
2012.08.03 13:05:26.904,1.22468,1.22476,3.75,5.18
2012.08.03 13:05:27.029,1.22464,1.22473,3.75,3.60
2012.08.03 13:05:27.359,1.22462,1.22473,3.23,3.60
2012.08.03 13:05:27.425,1.22462,1.22474,1.73,4.35
2012.08.03 13:05:27.729,1.22462,1.22474,3.98,3.75
2012.08.03 13:05:27.794,1.22462,1.22474,3.75,3.98
2012.08.03 13:05:27.857,1.22462,1.22474,3.75,3.68
2012.08.03 13:05:27.977,1.22462,1.22473,4.50,1.88
2012.08.03 13:05:28.484,1.22463,1.22473,2.25,1.73
2012.08.03 13:05:28.548,1.22464,1.22474,1.73,4.05
2012.08.03 13:05:28.852,1.22467,1.22476,1.50,2.48
2012.08.03 13:05:29.120,1.22467,1.22478,3.23,1.80
2012.08.03 13:05:29.306,1.2247,1.2248,2.25,2.70
2012.08.03 13:05:29.371,1.22471,1.2248,1.50,2.93
2012.08.03 13:05:29.438,1.2247,1.22478,2.25,1.73
2012.08.03 13:05:29.621,1.22468,1.22476,2.48,1.50
2012.08.03 13:05:29.746,1.2247,1.22478,1.50,3.23
2012.08.03 13:05:30.050,1.22466,1.22474,1.55,2.93
2012.08.03 13:05:30.174,1.22464,1.22472,3.98,1.50
2012.08.03 13:05:30.240,1.22464,1.2247,1.50,1.50
2012.08.03 13:05:30.833,1.22462,1.2247,3.23,1.50
2012.08.03 13:05:31.365,1.22461,1.22471,3.27,1.73
2012.08.03 13:05:31.898,1.22461,1.22471,5.52,1.73
2012.08.03 13:05:32.315,1.22466,1.22473,1.50,1.43
2012.08.03 13:05:32.736,1.22463,1.22473,4.02,3.38
2012.08.03 13:05:34.002,1.22461,1.22471,3.27,2.18
2012.08.03 13:05:35.749,1.22465,1.22473,1.50,6.30
2012.08.03 13:05:36.524,1.22463,1.22471,2.48,1.73
2012.08.03 13:05:36.880,1.22467,1.22473,1.50,1.13
2012.08.03 13:05:37.180,1.22465,1.22473,1.50,2.10
2012.08.03 13:05:37.682,1.22465,1.22474,1.50,2.25
2012.08.03 13:05:38.270,1.22466,1.22474,1.50,1.50
2012.08.03 13:05:38.396,1.22466,1.22474,1.50,2.48
2012.08.03 13:05:38.701,1.22461,1.22469,2.85,2.48
2012.08.03 13:05:38.768,1.22464,1.22471,2.25,5.10
2012.08.03 13:05:39.097,1.22467,1.22474,2.25,1.73
2012.08.03 13:05:39.406,1.22469,1.22477,1.02,1.50
2012.08.03 13:05:39.592,1.22472,1.22479,1.50,1.50
2012.08.03 13:05:40.131,1.2247,1.22478,1.77,1.50
2012.08.03 13:05:41.548,1.2247,1.22477,1.55,1.50
2012.08.03 13:05:41.673,1.22468,1.22476,3.87,1.50
2012.08.03 13:05:41.799,1.22468,1.22476,4.58,2.63
2012.08.03 13:05:42.045,1.22464,1.22472,2.30,1.50
2012.08.03 13:05:42.173,1.22463,1.22471,2.63,1.65
2012.08.03 13:05:42.650,1.2246,1.22468,3.42,1.50
2012.08.03 13:05:43.155,1.2246,1.2247,2.30,2.25
2012.08.03 13:05:43.709,1.22459,1.22468,1.77,1.50
2012.08.03 13:05:45.242,1.2246,1.22468,1.55,1.50
2012.08.03 13:05:46.045,1.22459,1.22468,1.73,1.73
2012.08.03 13:05:46.109,1.22458,1.22468,3.60,1.73
2012.08.03 13:05:46.292,1.22458,1.22465,1.73,1.50
2012.08.03 13:05:46.833,1.22457,1.22463,2.25,1.88
2012.08.03 13:05:47.078,1.22455,1.22463,1.50,4.50
2012.08.03 13:05:47.264,1.22451,1.22457,2.48,1.13
2012.08.03 13:05:47.571,1.22449,1.22457,2.25,2.85
2012.08.03 13:05:48.179,1.22448,1.22456,1.02,1.50
2012.08.03 13:05:48.720,1.22449,1.22457,3.75,1.73
2012.08.03 13:05:49.258,1.22448,1.22454,1.73,1.50
2012.08.03 13:05:49.564,1.22443,1.22454,1.50,3.38
2012.08.03 13:05:49.690,1.22444,1.2245,1.50,1.50
2012.08.03 13:05:49.815,1.22444,1.22451,1.55,1.73
2012.08.03 13:05:50.058,1.22444,1.2245,1.02,1.50
2012.08.03 13:05:50.422,1.22441,1.22448,3.27,1.50
2012.08.03 13:05:50.780,1.22442,1.22451,2.30,2.48
2012.08.03 13:05:50.914,1.22442,1.22448,2.15,1.50
2012.08.03 13:05:51.039,1.22441,1.22451,4.55,3.23
2012.08.03 13:05:51.163,1.22441,1.22449,3.80,1.50
2012.08.03 13:05:52.177,1.22444,1.22451,1.13,2.25
2012.08.03 13:05:52.246,1.22441,1.22451,6.27,2.25
2012.08.03 13:05:52.368,1.22441,1.22449,4.02,1.50
2012.08.03 13:05:52.432,1.22441,1.22451,6.27,3.75
2012.08.03 13:05:53.375,1.22445,1.22451,2.10,1.50
2012.08.03 13:05:53.680,1.22446,1.22452,3.08,2.25
2012.08.03 13:05:53.747,1.22447,1.22453,1.50,2.25
2012.08.03 13:05:53.876,1.22451,1.22457,1.31,1.50
2012.08.03 13:05:54.003,1.22449,1.22461,3.60,4.73
2012.08.03 13:05:54.425,1.22452,1.2246,2.52,1.73
2012.08.03 13:05:54.728,1.22453,1.2246,1.55,1.50
2012.08.03 13:05:54.794,1.22453,1.22462,2.30,2.03
2012.08.03 13:05:55.039,1.22455,1.22462,2.25,2.85
2012.08.03 13:05:55.515,1.22455,1.22465,1.50,2.10
2012.08.03 13:05:55.581,1.22456,1.22466,2.25,2.85
2012.08.03 13:05:55.830,1.22458,1.22466,2.25,1.50
2012.08.03 13:05:55.896,1.2246,1.22466,1.50,2.48
2012.08.03 13:05:56.082,1.2246,1.22468,1.50,4.65
2012.08.03 13:05:56.445,1.22462,1.22469,1.50,1.65
2012.08.03 13:05:56.986,1.22463,1.22471,5.15,1.43
2012.08.03 13:05:57.108,1.22463,1.22473,2.85,1.65
2012.08.03 13:05:57.701,1.2247,1.22479,2.52,1.43
2012.08.03 13:05:58.440,1.2247,1.22478,1.77,1.50
2012.08.03 13:05:58.564,1.22469,1.22475,5.10,1.43
2012.08.03 13:05:58.749,1.22466,1.22473,5.15,1.43
2012.08.03 13:05:59.092,1.22472,1.22478,1.50,2.10
2012.08.03 13:05:59.400,1.22475,1.22481,1.55,1.35
2012.08.03 13:05:59.649,1.2248,1.22489,2.30,1.20
2012.08.03 13:05:59.716,1.2248,1.22488,2.30,1.58
2012.08.03 13:05:59.841,1.22482,1.22491,1.02,1.58
2012.08.03 13:05:59.965,1.22484,1.22492,3.00,4.50
2012.08.03 13:06:00.029,1.22486,1.22492,1.50,3.08
2012.08.03 13:06:00.915,1.22484,1.22492,1.50,4.58
2012.08.03 13:06:01.278,1.22486,1.22494,1.13,2.63
2012.08.03 13:06:01.588,1.22491,1.22497,1.50,1.50
2012.08.03 13:06:01.722,1.22492,1.22499,2.25,2.48
2012.08.03 13:06:02.255,1.22494,1.22501,1.50,1.35
2012.08.03 13:06:02.619,1.22496,1.22501,1.50,1.13
2012.08.03 13:06:02.928,1.22503,1.22508,2.25,2.25
2012.08.03 13:06:03.232,1.22505,1.22511,1.50,1.73
2012.08.03 13:06:03.774,1.22501,1.22511,3.00,4.88
2012.08.03 13:06:03.837,1.22504,1.22513,1.77,1.58
2012.08.03 13:06:04.196,1.22504,1.22514,3.27,3.98
2012.08.03 13:06:04.377,1.22504,1.22513,1.77,1.58
2012.08.03 13:06:04.852,1.22505,1.22514,2.30,3.08
2012.08.03 13:06:05.157,1.22507,1.22514,3.27,1.50
2012.08.03 13:06:05.677,1.22503,1.2251,4.40,1.50
2012.08.03 13:06:06.043,1.22502,1.22508,4.02,1.50
2012.08.03 13:06:06.928,1.22502,1.22508,1.77,1.50
2012.08.03 13:06:07.109,1.22502,1.2251,3.27,1.50
2012.08.03 13:06:07.763,1.22502,1.2251,4.02,1.50
2012.08.03 13:06:07.884,1.22502,1.2251,4.02,1.50
2012.08.03 13:06:08.007,1.22502,1.2251,4.77,1.50
2012.08.03 13:06:08.071,1.22502,1.2251,4.02,1.50
2012.08.03 13:06:08.604,1.22502,1.2251,1.50,2.48
2012.08.03 13:06:08.850,1.225,1.22509,1.50,2.85
2012.08.03 13:06:09.154,1.22501,1.2251,3.05,1.50
2012.08.03 13:06:09.573,1.22501,1.22509,2.48,2.85
2012.08.03 13:06:10.110,1.22501,1.22511,3.27,1.73
2012.08.03 13:06:10.293,1.22501,1.22509,4.02,2.25
2012.08.03 13:06:10.596,1.22501,1.2251,2.52,1.73
2012.08.03 13:06:11.135,1.22501,1.2251,2.52,2.48
2012.08.03 13:06:11.671,1.22501,1.2251,2.25,1.73
2012.08.03 13:06:12.205,1.22502,1.22512,3.05,2.48
2012.08.03 13:06:12.446,1.22504,1.22512,2.25,1.73
2012.08.03 13:06:12.816,1.22507,1.22515,1.50,1.73
2012.08.03 13:06:12.881,1.2251,1.22516,1.50,1.50
2012.08.03 13:06:13.347,1.22514,1.22519,1.50,1.50
2012.08.03 13:06:13.915,1.22514,1.22522,1.50,4.35
2012.08.03 13:06:15.552,1.22514,1.22522,1.50,2.25
2012.08.03 13:06:15.854,1.22514,1.22522,2.25,1.50
2012.08.03 13:06:16.155,1.22517,1.22524,4.40,1.50
2012.08.03 13:06:16.339,1.2252,1.22528,1.50,3.98
2012.08.03 13:06:16.404,1.2252,1.22528,1.50,3.23
2012.08.03 13:06:16.528,1.22518,1.22526,3.80,1.50
2012.08.03 13:06:17.295,1.2252,1.22528,1.50,1.73
2012.08.03 13:06:17.359,1.2252,1.22528,1.50,2.85
2012.08.03 13:06:18.610,1.2252,1.22528,1.50,5.10
2012.08.03 13:06:18.676,1.22517,1.22527,3.23,3.23
2012.08.03 13:06:19.208,1.22517,1.22527,3.00,3.23
2012.08.03 13:06:19.779,1.22516,1.22524,1.50,2.85
2012.08.03 13:06:20.327,1.22515,1.22525,3.80,2.48
2012.08.03 13:06:21.007,1.22517,1.22527,2.25,4.35
2012.08.03 13:06:21.366,1.22521,1.22528,1.50,2.85
2012.08.03 13:06:21.843,1.22521,1.2253,1.50,3.60
2012.08.03 13:06:22.491,1.22521,1.22528,1.50,1.13
2012.08.03 13:06:22.618,1.2252,1.22526,2.48,1.50
2012.08.03 13:06:22.981,1.22521,1.22526,2.10,1.73
2012.08.03 13:06:23.295,1.22523,1.22528,5.10,1.50
2012.08.03 13:06:23.418,1.22525,1.22535,1.77,6.23
2012.08.03 13:06:24.189,1.22525,1.22532,3.27,1.50
2012.08.03 13:06:24.727,1.22527,1.22534,1.50,1.50
2012.08.03 13:06:25.263,1.22527,1.22533,1.20,1.50
2012.08.03 13:06:25.502,1.22526,1.22533,1.47,1.50
2012.08.03 13:06:26.041,1.22527,1.22534,1.50,1.50
2012.08.03 13:06:26.225,1.22527,1.22537,6.12,1.81
2012.08.03 13:06:26.527,1.22531,1.22537,1.20,1.73
2012.08.03 13:06:27.008,1.22532,1.22544,2.00,4.50
2012.08.03 13:06:27.347,1.22542,1.22548,2.85,3.38
2012.08.03 13:06:27.420,1.22549,1.22555,2.85,3.38
2012.08.03 13:06:27.604,1.2255,1.2256,1.50,4.13
2012.08.03 13:06:27.669,1.2255,1.2256,1.73,4.13
2012.08.03 13:06:28.209,1.22551,1.22557,1.55,1.88
2012.08.03 13:06:28.274,1.22552,1.22559,5.33,2.63
2012.08.03 13:06:28.635,1.22552,1.22561,3.83,2.33
2012.08.03 13:06:28.761,1.22551,1.2256,2.23,1.73
2012.08.03 13:06:28.888,1.22549,1.22555,1.20,1.50
2012.08.03 13:06:28.953,1.22547,1.22553,3.45,2.18
2012.08.03 13:06:29.260,1.22541,1.22549,2.25,1.66
2012.08.03 13:06:29.563,1.22543,1.2255,2.70,4.35
2012.08.03 13:06:29.691,1.22548,1.22554,1.65,4.88
2012.08.03 13:06:29.935,1.22541,1.22549,1.55,1.50
2012.08.03 13:06:30.117,1.22543,1.22551,2.33,1.65
2012.08.03 13:06:30.362,1.22548,1.22554,1.95,3.00
2012.08.03 13:06:30.709,1.22544,1.22549,1.50,1.50
2012.08.03 13:06:31.014,1.22537,1.22544,1.55,2.33
2012.08.03 13:06:31.080,1.22537,1.22544,1.86,3.45
2012.08.03 13:06:31.265,1.22535,1.22541,4.20,1.13
2012.08.03 13:06:31.331,1.22538,1.22543,2.25,2.25
2012.08.03 13:06:31.398,1.22531,1.22538,9.83,1.58
2012.08.03 13:06:31.706,1.22527,1.22532,2.70,1.88
2012.08.03 13:06:31.771,1.22524,1.22532,1.50,2.10
2012.08.03 13:06:32.016,1.22522,1.2253,1.95,1.73
2012.08.03 13:06:32.139,1.22522,1.22533,3.15,3.00
2012.08.03 13:06:32.617,1.22524,1.22532,1.50,4.35
2012.08.03 13:06:32.743,1.22524,1.22532,1.50,1.73
2012.08.03 13:06:33.571,1.22524,1.22532,1.50,2.48
2012.08.03 13:06:34.091,1.22524,1.22532,1.50,1.73
2012.08.03 13:06:34.164,1.22527,1.22537,1.50,5.10
2012.08.03 13:06:34.699,1.22526,1.22534,2.97,1.50
2012.08.03 13:06:35.295,1.22526,1.22534,1.73,2.25
2012.08.03 13:06:35.601,1.22523,1.22531,1.77,1.50
2012.08.03 13:06:35.790,1.22522,1.2253,1.50,2.25
2012.08.03 13:06:36.031,1.2252,1.22529,2.03,1.50
2012.08.03 13:06:36.390,1.22519,1.22529,3.27,2.25
2012.08.03 13:06:36.514,1.22519,1.22527,1.77,2.85
2012.08.03 13:06:36.579,1.22518,1.22526,2.25,4.88
2012.08.03 13:06:36.644,1.22518,1.22526,1.50,7.13
2012.08.03 13:06:36.710,1.22516,1.22524,1.50,2.48
2012.08.03 13:06:36.837,1.22516,1.22521,1.50,1.50
2012.08.03 13:06:37.140,1.22515,1.2252,1.50,1.13
2012.08.03 13:06:37.205,1.22514,1.2252,2.78,1.13
2012.08.03 13:06:37.389,1.22513,1.22519,5.03,1.50
2012.08.03 13:06:37.455,1.22512,1.22518,4.13,2.25
2012.08.03 13:06:37.922,1.2251,1.22518,1.73,1.50
2012.08.03 13:06:38.408,1.22509,1.22517,1.77,2.25
2012.08.03 13:06:38.534,1.22508,1.22516,1.77,3.23
2012.08.03 13:06:39.069,1.22501,1.2251,2.48,1.50
2012.08.03 13:06:39.376,1.22507,1.22515,1.40,3.00
2012.08.03 13:06:39.678,1.22506,1.22511,2.10,1.50
2012.08.03 13:06:39.923,1.22509,1.22517,3.87,1.50
2012.08.03 13:06:40.103,1.22509,1.22514,4.35,1.13
2012.08.03 13:06:40.407,1.22504,1.22512,2.25,2.10
2012.08.03 13:06:40.472,1.22502,1.2251,2.48,1.73
2012.08.03 13:06:40.950,1.22504,1.22512,2.25,2.48
2012.08.03 13:06:41.023,1.22504,1.22512,1.50,2.48
2012.08.03 13:06:42.204,1.22504,1.22512,1.73,2.48
2012.08.03 13:06:42.626,1.22505,1.22514,3.23,1.13
2012.08.03 13:06:42.930,1.22509,1.22516,1.77,1.50
2012.08.03 13:06:43.114,1.22512,1.22518,1.50,1.50
2012.08.03 13:06:43.888,1.22514,1.2252,1.50,1.88
2012.08.03 13:06:44.127,1.22512,1.2252,1.50,3.60
2012.08.03 13:06:44.622,1.2251,1.22518,1.73,1.06
2012.08.03 13:06:44.928,1.22503,1.22511,2.48,1.50
2012.08.03 13:06:44.995,1.22503,1.2251,2.48,1.50
2012.08.03 13:06:45.239,1.22502,1.2251,3.23,1.50
2012.08.03 13:06:45.599,1.22504,1.22512,2.25,2.63
2012.08.03 13:06:46.061,1.22507,1.22514,1.35,1.50
2012.08.03 13:06:46.318,1.22509,1.22518,3.38,1.13
2012.08.03 13:06:46.795,1.22514,1.22521,1.50,2.63
2012.08.03 13:06:47.630,1.22514,1.22521,1.73,1.13
2012.08.03 13:06:47.934,1.22517,1.22525,1.50,1.50
2012.08.03 13:06:48.357,1.22517,1.22524,1.50,2.48
2012.08.03 13:06:48.424,1.22515,1.22521,1.13,1.50
2012.08.03 13:06:48.730,1.22515,1.22522,2.25,1.50
2012.08.03 13:06:48.972,1.22516,1.22524,2.48,1.50
2012.08.03 13:06:49.096,1.22518,1.22526,1.50,3.75
2012.08.03 13:06:49.775,1.22516,1.22525,1.13,1.58
2012.08.03 13:06:49.845,1.22514,1.22523,3.23,2.25
2012.08.03 13:06:50.383,1.22516,1.22524,2.25,2.63
2012.08.03 13:06:50.801,1.22517,1.22526,1.73,3.00
2012.08.03 13:06:50.926,1.2252,1.22527,1.50,1.50
2012.08.03 13:06:51.467,1.2252,1.22528,3.38,1.50
2012.08.03 13:06:52.232,1.2252,1.22528,3.38,1.50
2012.08.03 13:06:52.762,1.2252,1.22528,3.38,1.50
2012.08.03 13:06:54.052,1.2252,1.22528,1.88,1.50
2012.08.03 13:06:54.385,1.2252,1.2253,1.88,2.25
2012.08.03 13:06:55.054,1.2252,1.2253,1.73,3.75
2012.08.03 13:06:55.358,1.22516,1.22524,3.75,1.50
2012.08.03 13:06:55.542,1.22515,1.22523,1.73,3.00
2012.08.03 13:06:55.607,1.22515,1.22523,1.73,3.00
2012.08.03 13:06:55.673,1.22515,1.22523,1.73,3.00
2012.08.03 13:06:55.916,1.22515,1.22523,1.50,3.75
2012.08.03 13:06:55.981,1.22511,1.22518,3.87,1.50
2012.08.03 13:06:56.528,1.2251,1.22517,2.60,2.93
2012.08.03 13:06:56.592,1.2251,1.22517,1.80,3.16
2012.08.03 13:06:56.657,1.22505,1.22514,2.40,2.25
2012.08.03 13:06:56.965,1.2251,1.22515,1.50,2.63
2012.08.03 13:06:57.214,1.2251,1.22517,1.50,2.10
2012.08.03 13:06:57.400,1.22511,1.2252,1.50,1.50
2012.08.03 13:06:57.467,1.22512,1.22522,1.28,3.60
2012.08.03 13:06:57.883,1.22516,1.22524,1.80,2.10
2012.08.03 13:06:58.658,1.2252,1.22525,1.55,2.25
2012.08.03 13:06:58.784,1.2252,1.22529,3.57,3.75
2012.08.03 13:06:59.086,1.22522,1.2253,2.07,1.50
2012.08.03 13:06:59.621,1.22524,1.22532,1.50,2.48
2012.08.03 13:06:59.867,1.22526,1.22535,1.88,5.33
2012.08.03 13:06:59.933,1.22528,1.22537,1.50,4.35
2012.08.03 13:07:00.354,1.22527,1.22535,3.23,1.50
2012.08.03 13:07:00.773,1.22531,1.22537,2.03,1.50
2012.08.03 13:07:00.838,1.22533,1.2254,1.50,2.85
2012.08.03 13:07:01.399,1.22534,1.22543,1.73,2.85
2012.08.03 13:07:01.705,1.22535,1.22543,1.80,1.35
2012.08.03 13:07:01.954,1.22536,1.22544,2.48,1.50
2012.08.03 13:07:02.080,1.22537,1.22542,1.73,1.50
2012.08.03 13:07:02.206,1.22535,1.22542,1.77,1.73
2012.08.03 13:07:03.038,1.22534,1.22544,2.07,2.85
2012.08.03 13:07:03.400,1.22538,1.22547,1.13,1.50
2012.08.03 13:07:03.584,1.22538,1.22548,5.16,2.48
2012.08.03 13:07:03.651,1.2254,1.2255,5.40,1.50
2012.08.03 13:07:04.068,1.2254,1.2255,2.48,1.73
2012.08.03 13:07:04.599,1.22542,1.22553,4.10,4.35
2012.08.03 13:07:05.593,1.22542,1.22552,3.30,1.73
2012.08.03 13:07:05.841,1.22545,1.22552,1.55,1.50
2012.08.03 13:07:05.966,1.22546,1.22556,2.18,2.48
2012.08.03 13:07:06.030,1.22546,1.22556,1.73,2.48
2012.08.03 13:07:06.567,1.22546,1.22555,2.18,1.35
2012.08.03 13:07:06.871,1.22549,1.22556,1.93,1.50
2012.08.03 13:07:07.112,1.2255,1.22559,1.20,1.50
2012.08.03 13:07:07.657,1.22551,1.22561,3.23,2.48
2012.08.03 13:07:07.721,1.22551,1.22561,3.23,2.48
2012.08.03 13:07:08.787,1.22554,1.22562,1.50,2.48
2012.08.03 13:07:10.230,1.22554,1.22562,1.50,2.48
2012.08.03 13:07:10.824,1.22554,1.22562,1.92,1.73
2012.08.03 13:07:10.951,1.22558,1.22564,1.50,2.25
2012.08.03 13:07:11.017,1.22558,1.22564,1.50,1.50
2012.08.03 13:07:11.141,1.22558,1.22566,3.45,1.35
2012.08.03 13:07:11.445,1.22558,1.22566,3.35,1.50
2012.08.03 13:07:11.750,1.22561,1.22568,1.73,1.73
2012.08.03 13:07:12.110,1.2256,1.22568,1.73,1.50
2012.08.03 13:07:13.082,1.22562,1.2257,2.18,1.73
2012.08.03 13:07:13.152,1.22566,1.22572,1.50,2.63
2012.08.03 13:07:13.517,1.22566,1.22574,1.95,1.13
2012.08.03 13:07:13.583,1.2257,1.22575,1.50,1.73
2012.08.03 13:07:13.893,1.22576,1.22582,1.50,1.50
2012.08.03 13:07:14.075,1.22576,1.22583,1.50,4.35
2012.08.03 13:07:14.379,1.22579,1.22584,1.50,1.50
2012.08.03 13:07:14.679,1.22577,1.22585,1.50,3.23
2012.08.03 13:07:14.922,1.22581,1.22587,1.35,2.56
2012.08.03 13:07:15.228,1.22582,1.22588,3.27,3.00
2012.08.03 13:07:15.356,1.22582,1.22589,4.02,1.73
2012.08.03 13:07:15.602,1.22588,1.22595,1.55,2.33
2012.08.03 13:07:15.671,1.22585,1.22593,2.06,2.33
2012.08.03 13:07:15.797,1.2258,1.2259,1.13,1.43
2012.08.03 13:07:15.864,1.22584,1.22591,1.13,2.93
2012.08.03 13:07:16.388,1.2258,1.2259,1.43,4.05
2012.08.03 13:07:16.515,1.22579,1.22588,2.48,1.51
2012.08.03 13:07:16.580,1.2258,1.22589,1.58,1.50
2012.08.03 13:07:16.646,1.22579,1.22587,1.43,4.28
2012.08.03 13:07:16.771,1.2258,1.22588,2.33,2.55
2012.08.03 13:07:17.133,1.22578,1.22585,1.20,1.21
2012.08.03 13:07:17.318,1.22578,1.22584,2.25,2.25
2012.08.03 13:07:17.621,1.22574,1.2258,6.96,1.13
2012.08.03 13:07:17.685,1.22574,1.22582,6.96,1.43
2012.08.03 13:07:17.750,1.22574,1.22583,6.96,1.43
2012.08.03 13:07:17.994,1.22579,1.22584,2.85,1.43
2012.08.03 13:07:18.060,1.2258,1.22588,3.23,1.43
2012.08.03 13:07:18.367,1.22585,1.22595,1.35,1.13
2012.08.03 13:07:18.435,1.2259,1.22597,1.50,3.00
2012.08.03 13:07:18.560,1.22591,1.226,1.28,2.18
2012.08.03 13:07:18.687,1.22593,1.226,1.28,1.50
2012.08.03 13:07:19.416,1.22592,1.22598,1.73,1.50
2012.08.03 13:07:19.488,1.22592,1.22599,3.23,1.13
2012.08.03 13:07:19.553,1.22592,1.22605,3.23,1.13
2012.08.03 13:07:20.147,1.22594,1.22601,1.50,1.13
2012.08.03 13:07:20.212,1.22594,1.22603,2.25,2.55
2012.08.03 13:07:20.335,1.22593,1.22601,3.23,1.43
2012.08.03 13:07:20.753,1.22595,1.22603,1.73,3.30
2012.08.03 13:07:21.056,1.22592,1.226,1.50,1.43
2012.08.03 13:07:21.418,1.2259,1.22598,2.48,1.43
2012.08.03 13:07:21.544,1.22588,1.22594,3.75,1.13
2012.08.03 13:07:21.847,1.22588,1.22594,1.50,1.88
2012.08.03 13:07:21.970,1.22586,1.22593,3.00,1.13
2012.08.03 13:07:22.093,1.22583,1.22592,2.25,2.25
2012.08.03 13:07:22.332,1.22581,1.22586,2.85,1.13
2012.08.03 13:07:22.396,1.22581,1.22586,3.00,1.13
2012.08.03 13:07:22.582,1.22578,1.22584,2.25,1.88
2012.08.03 13:07:22.985,1.22578,1.22586,2.25,1.50
2012.08.03 13:07:23.110,1.22578,1.22588,2.48,3.38
2012.08.03 13:07:23.649,1.22578,1.22588,2.48,2.63
2012.08.03 13:07:23.889,1.22578,1.22586,1.50,1.50
2012.08.03 13:07:24.428,1.22577,1.22586,4.95,1.50
2012.08.03 13:07:24.714,1.22577,1.22586,3.83,1.50
2012.08.03 13:07:24.785,1.22576,1.22586,5.33,2.48
2012.08.03 13:07:24.912,1.22576,1.22585,3.87,1.50
2012.08.03 13:07:25.456,1.22579,1.22587,3.23,1.50
2012.08.03 13:07:25.639,1.22579,1.22587,4.73,1.50
2012.08.03 13:07:26.170,1.2258,1.22587,2.48,1.50
2012.08.03 13:07:26.821,1.2258,1.22587,2.52,1.50
2012.08.03 13:07:27.241,1.22579,1.22587,3.05,2.85
2012.08.03 13:07:27.549,1.22576,1.22583,3.00,1.73
2012.08.03 13:07:27.676,1.22573,1.2258,2.10,1.50
2012.08.03 13:07:27.742,1.22571,1.22577,1.35,1.50
2012.08.03 13:07:28.045,1.22569,1.22581,6.12,3.38
2012.08.03 13:07:28.925,1.2257,1.22581,2.52,2.25
2012.08.03 13:07:29.164,1.22569,1.22581,3.27,3.75
2012.08.03 13:07:29.697,1.22571,1.22582,1.73,1.73
2012.08.03 13:07:30.232,1.22571,1.22583,2.48,6.60
2012.08.03 13:07:30.764,1.22571,1.22581,2.48,1.13
2012.08.03 13:07:31.573,1.22571,1.22581,1.73,4.13
2012.08.03 13:07:31.755,1.22568,1.22579,2.48,5.82
2012.08.03 13:07:31.819,1.22568,1.22579,2.48,5.82
2012.08.03 13:07:31.885,1.22567,1.22578,2.48,1.13
2012.08.03 13:07:32.129,1.22568,1.22578,3.23,1.88
2012.08.03 13:07:32.314,1.22568,1.22577,2.90,1.50
2012.08.03 13:07:32.965,1.22569,1.22577,2.15,1.50
2012.08.03 13:07:33.092,1.22567,1.22574,2.48,1.43
2012.08.03 13:07:33.398,1.22566,1.22571,1.50,1.50
2012.08.03 13:07:33.644,1.22563,1.22571,2.48,1.13
2012.08.03 13:07:33.709,1.22561,1.22569,2.52,1.50
2012.08.03 13:07:34.013,1.22566,1.22572,3.75,2.25
2012.08.03 13:07:34.320,1.22569,1.22575,1.50,2.25
2012.08.03 13:07:34.774,1.22569,1.22575,2.25,1.50
2012.08.03 13:07:34.902,1.22568,1.22579,1.73,2.33
2012.08.03 13:07:35.029,1.22567,1.22576,1.50,4.35
2012.08.03 13:07:35.212,1.22564,1.22573,3.58,2.25
2012.08.03 13:07:35.454,1.22563,1.22573,3.27,1.73
2012.08.03 13:07:35.579,1.22563,1.22572,2.48,1.81
2012.08.03 13:07:35.645,1.22562,1.2257,3.23,1.50
2012.08.03 13:07:35.946,1.22559,1.22569,1.77,3.00
2012.08.03 13:07:36.073,1.22558,1.22566,4.02,1.50
2012.08.03 13:07:36.139,1.22561,1.22568,1.50,1.50
2012.08.03 13:07:36.616,1.22558,1.22565,2.52,1.50
2012.08.03 13:07:36.799,1.22558,1.22565,2.48,1.50
2012.08.03 13:07:36.983,1.22558,1.22567,1.77,3.98
2012.08.03 13:07:37.048,1.22558,1.22564,1.77,1.50
2012.08.03 13:07:37.174,1.22558,1.22567,2.52,1.50
2012.08.03 13:07:37.708,1.22558,1.22567,1.77,1.50
2012.08.03 13:07:38.242,1.2256,1.22569,1.50,2.10
2012.08.03 13:07:38.789,1.2256,1.22569,1.73,2.95
2012.08.03 13:07:38.915,1.22561,1.2257,1.02,1.50
2012.08.03 13:07:39.223,1.22565,1.22573,1.73,2.48
2012.08.03 13:07:39.755,1.22565,1.22573,1.73,1.73
2012.08.03 13:07:40.290,1.22563,1.22571,3.27,2.48
2012.08.03 13:07:40.767,1.22561,1.22569,3.27,2.82
2012.08.03 13:07:41.069,1.22559,1.22566,1.50,1.88
2012.08.03 13:07:41.137,1.22558,1.22566,2.48,2.10
2012.08.03 13:07:41.203,1.22558,1.22566,1.50,2.48
2012.08.03 13:07:41.445,1.22561,1.22567,1.50,3.60
2012.08.03 13:07:41.685,1.22558,1.22567,1.73,2.85
2012.08.03 13:07:44.236,1.2256,1.22566,2.25,2.48
2012.08.03 13:07:44.360,1.22563,1.2257,1.50,2.10
2012.08.03 13:07:44.488,1.22563,1.22572,4.96,1.58
2012.08.03 13:07:44.615,1.22567,1.22575,2.25,3.60
2012.08.03 13:07:45.157,1.22563,1.22573,3.23,1.73
2012.08.03 13:07:45.690,1.22563,1.2257,1.73,1.50
2012.08.03 13:07:46.457,1.22563,1.22573,3.23,2.48
2012.08.03 13:07:46.818,1.22564,1.22574,3.00,2.48
2012.08.03 13:07:47.120,1.22566,1.22576,1.73,7.35
2012.08.03 13:07:48.674,1.22566,1.22576,1.73,3.60
2012.08.03 13:07:48.797,1.22566,1.22574,1.73,2.25
2012.08.03 13:07:49.161,1.22565,1.22573,1.50,3.60
2012.08.03 13:07:49.700,1.22563,1.22573,1.73,3.60
2012.08.03 13:07:50.004,1.22567,1.22575,3.60,2.25
2012.08.03 13:07:50.130,1.22569,1.22575,1.55,1.73
2012.08.03 13:07:50.373,1.2257,1.22579,1.55,2.48
2012.08.03 13:07:50.439,1.22574,1.22581,1.50,3.60
2012.08.03 13:07:50.682,1.22574,1.22581,1.50,2.63
2012.08.03 13:07:50.866,1.22576,1.22582,1.50,2.25
2012.08.03 13:07:50.989,1.22578,1.22585,1.50,1.73
2012.08.03 13:07:51.173,1.22576,1.22585,1.50,2.48
2012.08.03 13:07:51.534,1.22576,1.22583,1.50,1.13
2012.08.03 13:07:51.657,1.22574,1.22582,1.50,2.48
2012.08.03 13:07:52.129,1.22572,1.2258,3.65,1.50
2012.08.03 13:07:52.776,1.22574,1.22582,1.50,3.23
2012.08.03 13:07:53.307,1.22574,1.2258,1.50,1.73
2012.08.03 13:07:53.433,1.22572,1.2258,1.50,3.23
2012.08.03 13:07:53.499,1.22572,1.22579,1.50,1.50
2012.08.03 13:07:53.742,1.22567,1.22576,3.23,4.13
2012.08.03 13:07:53.808,1.22568,1.22573,3.38,1.13
2012.08.03 13:07:54.051,1.22564,1.22573,2.25,2.85
2012.08.03 13:07:54.117,1.22562,1.22567,1.50,1.50
2012.08.03 13:07:54.182,1.22565,1.22571,1.50,2.25
2012.08.03 13:07:54.306,1.22566,1.22574,1.50,1.50
2012.08.03 13:07:55.604,1.22566,1.22576,1.73,3.60
2012.08.03 13:07:55.849,1.22565,1.22572,1.50,1.50
2012.08.03 13:07:56.298,1.22561,1.22568,1.50,1.50
2012.08.03 13:07:56.604,1.2256,1.22566,1.35,1.50
2012.08.03 13:07:56.909,1.22556,1.22562,4.35,1.35
2012.08.03 13:07:57.218,1.22555,1.2256,1.50,1.13
2012.08.03 13:07:57.287,1.22553,1.22559,1.50,1.73
2012.08.03 13:07:57.655,1.22555,1.22561,1.50,1.73
2012.08.03 13:07:57.898,1.22555,1.22562,4.50,1.13
2012.08.03 13:07:58.205,1.22557,1.22562,1.50,1.50
2012.08.03 13:07:58.449,1.22557,1.22564,3.75,2.25
2012.08.03 13:07:58.514,1.22558,1.22565,1.50,4.35
2012.08.03 13:07:58.991,1.2256,1.22565,1.50,1.88
2012.08.03 13:07:59.058,1.22565,1.22573,1.50,3.23
2012.08.03 13:07:59.604,1.22565,1.22573,2.30,2.48
2012.08.03 13:07:59.848,1.22569,1.22577,1.50,3.60
2012.08.03 13:08:00.032,1.22567,1.22575,3.00,2.48
2012.08.03 13:08:00.099,1.22564,1.22575,4.55,1.73
2012.08.03 13:08:00.283,1.22565,1.22573,2.25,1.73
2012.08.03 13:08:01.733,1.22565,1.22573,3.00,1.73
2012.08.03 13:08:02.328,1.22565,1.22573,1.50,2.48
2012.08.03 13:08:02.451,1.22563,1.2257,2.52,1.50
2012.08.03 13:08:03.004,1.22563,1.2257,1.02,1.50
2012.08.03 13:08:03.534,1.22565,1.2257,1.50,1.13
2012.08.03 13:08:03.667,1.22562,1.2257,1.50,1.35
2012.08.03 13:08:03.964,1.22565,1.2257,1.50,1.13
2012.08.03 13:08:04.493,1.22565,1.2257,1.50,1.35
2012.08.03 13:08:05.029,1.22565,1.22572,3.00,1.35
2012.08.03 13:08:05.386,1.22563,1.22571,2.30,1.73
2012.08.03 13:08:05.451,1.22564,1.22574,1.55,2.25
2012.08.03 13:08:05.640,1.22564,1.22571,2.52,1.50
2012.08.03 13:08:05.999,1.22566,1.22574,1.50,1.73
2012.08.03 13:08:07.279,1.22566,1.22576,3.00,3.23
2012.08.03 13:08:08.021,1.22566,1.22576,1.50,4.73
2012.08.03 13:08:08.582,1.22566,1.22576,3.00,3.98
2012.08.03 13:08:08.724,1.22566,1.22576,3.00,3.98
2012.08.03 13:08:09.266,1.22566,1.22576,2.25,3.98
2012.08.03 13:08:09.621,1.22563,1.2257,2.48,1.13
2012.08.03 13:08:09.806,1.22562,1.2257,1.50,1.35
2012.08.03 13:08:10.340,1.2256,1.2257,2.52,1.35
2012.08.03 13:08:10.884,1.2256,1.2257,1.77,2.10
2012.08.03 13:08:11.127,1.2256,1.2257,1.77,1.35
2012.08.03 13:08:11.445,1.22561,1.22571,1.02,1.73
2012.08.03 13:08:11.866,1.22565,1.22573,1.50,3.60
2012.08.03 13:08:12.369,1.22562,1.22573,1.77,3.60
2012.08.03 13:08:12.731,1.22564,1.22573,1.50,2.85
2012.08.03 13:08:13.387,1.22562,1.22573,2.52,3.45
2012.08.03 13:08:13.745,1.22565,1.22573,1.50,2.85
2012.08.03 13:08:14.857,1.22563,1.22572,3.23,1.35
2012.08.03 13:08:14.978,1.22563,1.22572,3.98,1.35
2012.08.03 13:08:15.512,1.22564,1.22572,1.50,1.35
2012.08.03 13:08:16.099,1.22563,1.22572,3.23,1.35
2012.08.03 13:08:16.623,1.22564,1.22572,1.50,1.35
2012.08.03 13:08:17.821,1.22564,1.22572,1.50,2.10
2012.08.03 13:08:18.122,1.22561,1.22569,1.50,2.10
2012.08.03 13:08:18.628,1.22559,1.2257,2.98,1.35
2012.08.03 13:08:19.166,1.2256,1.2257,1.50,1.35
2012.08.03 13:08:19.702,1.22561,1.2257,2.23,1.35
2012.08.03 13:08:20.237,1.22561,1.2257,1.50,1.35
2012.08.03 13:08:20.539,1.22569,1.22575,1.50,3.23
2012.08.03 13:08:20.606,1.2257,1.22576,1.73,1.50
2012.08.03 13:08:20.790,1.22571,1.22579,3.83,1.13
2012.08.03 13:08:20.857,1.22571,1.22582,3.83,2.85
2012.08.03 13:08:20.981,1.22571,1.22577,2.33,1.13
2012.08.03 13:08:21.445,1.2257,1.22577,3.00,1.13
2012.08.03 13:08:21.514,1.22573,1.22579,1.50,1.35
2012.08.03 13:08:21.873,1.22575,1.22581,1.50,1.50
2012.08.03 13:08:22.407,1.22572,1.22579,2.25,1.35
2012.08.03 13:08:23.059,1.22569,1.22578,3.98,1.73
2012.08.03 13:08:23.250,1.22572,1.22581,2.25,1.73
2012.08.03 13:08:23.317,1.22572,1.22579,3.00,2.63
2012.08.03 13:08:23.503,1.22576,1.22581,1.50,1.13
2012.08.03 13:08:24.040,1.22575,1.22581,1.50,2.63
2012.08.03 13:08:24.343,1.22571,1.22577,3.00,1.13
2012.08.03 13:08:24.875,1.22574,1.2258,1.50,1.35
2012.08.03 13:08:26.586,1.22571,1.22577,3.00,3.98
2012.08.03 13:08:26.892,1.22572,1.22577,1.50,1.88
2012.08.03 13:08:27.430,1.22573,1.22579,1.50,1.35
2012.08.03 13:08:27.964,1.22572,1.22579,1.50,1.35
2012.08.03 13:08:28.965,1.22568,1.22573,1.50,1.13
2012.08.03 13:08:29.091,1.22573,1.22578,1.50,1.73
2012.08.03 13:08:29.156,1.22573,1.22578,1.50,1.50
2012.08.03 13:08:29.281,1.22572,1.22579,1.50,3.60
2012.08.03 13:08:29.892,1.22573,1.22579,2.25,1.35
2012.08.03 13:08:29.966,1.22575,1.22582,1.50,2.10
2012.08.03 13:08:30.092,1.22575,1.22581,1.50,1.13
2012.08.03 13:08:30.378,1.22581,1.22586,1.50,2.85
2012.08.03 13:08:30.718,1.22586,1.22591,1.50,1.50
2012.08.03 13:08:31.258,1.22585,1.22591,1.50,2.48
2012.08.03 13:08:32.315,1.22583,1.22591,1.50,2.48
2012.08.03 13:08:32.905,1.22583,1.22589,1.50,1.50
2012.08.03 13:08:33.204,1.22582,1.22591,1.50,3.75
2012.08.03 13:08:34.316,1.22583,1.22591,1.50,2.25
2012.08.03 13:08:35.417,1.22582,1.22591,1.50,3.75
2012.08.03 13:08:35.964,1.22583,1.22592,1.50,1.73
2012.08.03 13:08:36.497,1.22584,1.22592,1.50,3.98
2012.08.03 13:08:36.977,1.22586,1.22592,1.50,2.25
2012.08.03 13:08:37.279,1.22586,1.22594,1.88,1.50
2012.08.03 13:08:37.407,1.22589,1.22597,3.60,2.25
2012.08.03 13:08:37.472,1.22591,1.22599,3.05,1.73
2012.08.03 13:08:37.773,1.22594,1.22601,1.50,1.73
2012.08.03 13:08:38.134,1.22592,1.226,1.50,3.98
2012.08.03 13:08:38.670,1.22593,1.226,1.50,1.50
2012.08.03 13:08:39.028,1.22596,1.22603,1.50,3.00
2012.08.03 13:08:39.561,1.22595,1.22603,1.50,2.48
2012.08.03 13:08:40.104,1.22594,1.22602,2.52,1.73
2012.08.03 13:08:40.635,1.22596,1.22604,1.50,1.73
2012.08.03 13:08:42.053,1.22596,1.22604,2.25,2.48
2012.08.03 13:08:42.476,1.22598,1.2261,1.73,2.48
2012.08.03 13:08:42.781,1.22606,1.22616,2.48,4.50
2012.08.03 13:08:43.085,1.22612,1.22618,2.48,1.13
2012.08.03 13:08:43.210,1.22612,1.2262,1.73,2.25
2012.08.03 13:08:43.275,1.22612,1.22622,2.48,7.50
2012.08.03 13:08:43.398,1.2261,1.2262,4.58,1.50
2012.08.03 13:08:43.642,1.22614,1.22621,1.43,1.50
2012.08.03 13:08:44.177,1.22614,1.22622,1.47,2.25
2012.08.03 13:08:44.517,1.22615,1.22623,2.85,1.73
2012.08.03 13:08:44.590,1.22621,1.22629,1.50,1.21
2012.08.03 13:08:44.832,1.22624,1.2263,1.43,4.92
2012.08.03 13:08:45.194,1.22623,1.22631,1.43,1.35
2012.08.03 13:08:45.848,1.22623,1.22632,1.43,2.85
2012.08.03 13:08:46.146,1.22625,1.22633,1.43,2.63
2012.08.03 13:08:46.680,1.22625,1.22634,1.43,3.38
2012.08.03 13:08:47.215,1.22622,1.22632,2.40,2.70
2012.08.03 13:08:47.570,1.22624,1.22633,1.65,1.50
2012.08.03 13:08:47.693,1.22624,1.22632,1.43,2.25
2012.08.03 13:08:47.997,1.22621,1.22629,2.93,2.25
2012.08.03 13:08:48.679,1.22623,1.22631,1.50,2.10
2012.08.03 13:08:49.119,1.22622,1.22632,1.73,2.85
2012.08.03 13:08:49.593,1.22618,1.22623,5.10,1.13
2012.08.03 13:08:49.719,1.22618,1.22623,3.08,1.13
2012.08.03 13:08:49.845,1.22616,1.22623,1.50,2.48
2012.08.03 13:08:49.973,1.22612,1.22622,1.73,2.03
2012.08.03 13:08:50.507,1.22613,1.22623,2.48,3.98
2012.08.03 13:08:50.805,1.22613,1.22624,1.73,4.73
2012.08.03 13:08:51.338,1.22615,1.22625,1.73,3.38
2012.08.03 13:08:52.102,1.22615,1.22626,1.73,6.23
2012.08.03 13:08:52.165,1.22615,1.22626,3.98,5.48
2012.08.03 13:08:52.230,1.22615,1.22626,4.02,3.00
2012.08.03 13:08:52.708,1.22615,1.22625,2.52,2.63
2012.08.03 13:08:53.018,1.22615,1.22623,2.48,2.71
2012.08.03 13:08:53.446,1.2261,1.2262,1.55,3.00
2012.08.03 13:08:53.689,1.2261,1.2262,1.55,3.00
2012.08.03 13:08:53.821,1.22611,1.22621,1.02,1.13
2012.08.03 13:08:54.126,1.22614,1.22624,2.52,4.35
2012.08.03 13:08:54.434,1.22614,1.22625,2.52,2.63
2012.08.03 13:08:54.557,1.22618,1.22626,1.73,1.50
2012.08.03 13:08:54.686,1.22619,1.22628,1.73,3.00
2012.08.03 13:08:54.987,1.2262,1.22629,1.02,1.50
2012.08.03 13:08:55.113,1.2262,1.22631,1.02,3.38
2012.08.03 13:08:55.527,1.2262,1.22631,1.02,2.63
2012.08.03 13:08:56.365,1.22618,1.2263,4.02,3.00
2012.08.03 13:08:56.727,1.22618,1.22627,1.50,1.50
2012.08.03 13:08:57.138,1.22613,1.22622,1.50,2.63
2012.08.03 13:08:57.558,1.22612,1.22622,3.23,3.38
2012.08.03 13:08:57.682,1.22614,1.22622,1.73,1.13
2012.08.03 13:08:57.923,1.22614,1.22624,1.73,3.75
2012.08.03 13:08:58.046,1.22617,1.22625,1.50,5.25
2012.08.03 13:08:59.219,1.22617,1.22625,1.50,5.85
2012.08.03 13:08:59.283,1.22614,1.22624,2.48,2.85
2012.08.03 13:08:59.407,1.22614,1.22622,1.73,1.13
2012.08.03 13:08:59.650,1.22616,1.22624,1.50,3.23
2012.08.03 13:08:59.834,1.22616,1.22626,2.48,4.13
2012.08.03 13:08:59.955,1.22616,1.22626,2.48,4.13
2012.08.03 13:09:00.195,1.22619,1.22626,1.50,2.63
2012.08.03 13:09:00.496,1.22615,1.22622,3.80,1.50
2012.08.03 13:09:00.677,1.22616,1.22625,1.73,2.25
2012.08.03 13:09:01.430,1.22619,1.22628,3.23,2.25
2012.08.03 13:09:02.042,1.22618,1.22626,5.48,1.50
2012.08.03 13:09:02.347,1.22619,1.22628,1.02,2.25
2012.08.03 13:09:02.471,1.22618,1.22626,1.77,1.50
2012.08.03 13:09:03.013,1.22618,1.22625,1.77,1.50
2012.08.03 13:09:03.432,1.22621,1.22627,1.02,1.50
2012.08.03 13:09:03.733,1.2262,1.22628,1.17,1.50
2012.08.03 13:09:03.798,1.22621,1.2263,2.90,1.50
2012.08.03 13:09:03.981,1.2262,1.22628,3.27,1.50
2012.08.03 13:09:04.516,1.22621,1.22628,3.50,1.50
2012.08.03 13:09:04.639,1.22623,1.22631,2.48,2.25
2012.08.03 13:09:05.144,1.22622,1.22628,4.02,1.50
2012.08.03 13:09:05.499,1.22622,1.2263,4.77,1.50
2012.08.03 13:09:06.052,1.22622,1.2263,5.52,1.50
2012.08.03 13:09:07.064,1.22624,1.22632,1.73,1.50
2012.08.03 13:09:07.247,1.22625,1.22632,1.73,1.50
2012.08.03 13:09:07.782,1.22624,1.22632,2.48,1.50
2012.08.03 13:09:08.434,1.22624,1.22632,4.73,1.50
2012.08.03 13:09:08.912,1.22628,1.22636,1.13,3.00
2012.08.03 13:09:09.038,1.22628,1.22638,3.75,4.35
2012.08.03 13:09:09.482,1.22632,1.22638,1.50,1.13
2012.08.03 13:09:09.907,1.22635,1.2264,1.50,1.13
2012.08.03 13:09:10.567,1.22635,1.22641,1.50,1.13
2012.08.03 13:09:10.632,1.22635,1.22641,1.50,1.13
2012.08.03 13:09:10.696,1.22635,1.22643,1.73,4.13
2012.08.03 13:09:11.230,1.22636,1.22643,1.50,1.13
2012.08.03 13:09:11.471,1.22636,1.2265,2.48,3.00
2012.08.03 13:09:11.595,1.22639,1.22647,1.73,2.63
2012.08.03 13:09:11.905,1.22638,1.2265,1.13,4.88
2012.08.03 13:09:12.095,1.2264,1.2265,2.75,2.25
2012.08.03 13:09:12.165,1.22643,1.22649,1.13,1.50
2012.08.03 13:09:12.622,1.22644,1.2265,4.50,1.50
2012.08.03 13:09:12.805,1.22644,1.22653,4.88,1.50
2012.08.03 13:09:12.929,1.22645,1.22654,2.48,1.73
2012.08.03 13:09:12.994,1.22647,1.22653,1.50,1.50
2012.08.03 13:09:13.176,1.22647,1.22655,2.25,1.73
2012.08.03 13:09:13.300,1.22648,1.22656,2.25,1.73
2012.08.03 13:09:13.839,1.2265,1.22656,1.50,1.46
2012.08.03 13:09:14.267,1.2265,1.22659,3.00,3.60
2012.08.03 13:09:14.803,1.2265,1.22661,3.98,1.06
2012.08.03 13:09:15.222,1.22652,1.22661,3.00,2.25
2012.08.03 13:09:15.469,1.22653,1.22661,2.25,1.73
2012.08.03 13:09:15.851,1.22653,1.22663,2.25,2.48
2012.08.03 13:09:16.155,1.22655,1.22664,1.50,1.50
2012.08.03 13:09:16.633,1.22656,1.22665,3.98,3.03
2012.08.03 13:09:16.757,1.22658,1.22666,1.50,2.10
2012.08.03 13:09:16.881,1.2266,1.22666,1.50,2.10
2012.08.03 13:09:17.121,1.2266,1.22669,2.48,3.60
2012.08.03 13:09:18.483,1.22661,1.2267,1.73,2.10
2012.08.03 13:09:18.784,1.22662,1.22671,4.35,1.50
2012.08.03 13:09:19.144,1.22661,1.22674,1.88,3.83
2012.08.03 13:09:19.211,1.22663,1.22674,1.55,3.23
2012.08.03 13:09:19.588,1.22667,1.22673,1.50,3.60
2012.08.03 13:09:19.660,1.22667,1.22675,2.10,2.63
2012.08.03 13:09:19.845,1.22666,1.22677,1.95,6.23
2012.08.03 13:09:19.913,1.22668,1.22677,2.70,1.50
2012.08.03 13:09:20.156,1.22669,1.22678,1.50,1.73
2012.08.03 13:09:20.398,1.22671,1.22678,1.50,1.73
2012.08.03 13:09:20.463,1.22672,1.22679,2.25,1.73
2012.08.03 13:09:21.009,1.22674,1.2268,1.73,1.50
2012.08.03 13:09:21.543,1.22674,1.22682,1.50,2.48
2012.08.03 13:09:22.091,1.22675,1.22683,1.50,2.48
2012.08.03 13:09:22.158,1.22676,1.22684,1.50,3.00
2012.08.03 13:09:22.282,1.22677,1.22685,1.50,3.23
2012.08.03 13:09:22.406,1.22678,1.22686,3.08,4.88
2012.08.03 13:09:22.713,1.2268,1.22687,3.60,1.50
2012.08.03 13:09:23.245,1.2268,1.22689,2.10,2.25
2012.08.03 13:09:23.317,1.22682,1.22689,2.48,1.50
2012.08.03 13:09:23.442,1.22683,1.2269,1.50,2.25
2012.08.03 13:09:23.746,1.22684,1.22691,3.87,1.50
2012.08.03 13:09:24.004,1.22685,1.22692,1.50,2.25
2012.08.03 13:09:24.070,1.22687,1.22693,1.50,2.25
2012.08.03 13:09:24.137,1.22687,1.22695,3.00,1.73
2012.08.03 13:09:24.558,1.22688,1.22696,1.73,1.88
2012.08.03 13:09:25.093,1.22689,1.22697,1.73,1.73
2012.08.03 13:09:25.588,1.22689,1.227,1.88,2.25
2012.08.03 13:09:25.653,1.22691,1.22701,1.88,3.68
2012.08.03 13:09:25.719,1.22694,1.22704,2.25,1.35
2012.08.03 13:09:26.024,1.22688,1.227,2.15,2.63
2012.08.03 13:09:26.088,1.22694,1.227,3.00,1.88
2012.08.03 13:09:26.627,1.22691,1.227,2.25,1.50
2012.08.03 13:09:26.700,1.22691,1.22701,3.98,2.48
2012.08.03 13:09:27.238,1.22691,1.22701,1.73,1.73
2012.08.03 13:09:27.656,1.22694,1.22702,1.50,4.69
2012.08.03 13:09:27.779,1.22692,1.22701,1.50,1.69
2012.08.03 13:09:28.098,1.22689,1.227,3.27,2.25
2012.08.03 13:09:28.396,1.22689,1.22698,2.48,1.96
2012.08.03 13:09:28.698,1.22683,1.2269,2.23,1.73
2012.08.03 13:09:28.763,1.22687,1.22692,2.25,3.00
2012.08.03 13:09:29.243,1.22679,1.22688,1.55,1.50
2012.08.03 13:09:30.242,1.22679,1.22689,2.00,4.58
2012.08.03 13:09:30.319,1.22674,1.22681,2.25,1.35
2012.08.03 13:09:30.444,1.22672,1.22681,2.52,3.60
2012.08.03 13:09:30.628,1.22671,1.22681,2.15,3.53
2012.08.03 13:09:30.938,1.22665,1.22673,3.75,1.13
2012.08.03 13:09:31.064,1.22665,1.2267,2.90,1.50
2012.08.03 13:09:31.252,1.22669,1.22676,1.65,1.50
2012.08.03 13:09:31.673,1.22669,1.22677,2.03,2.10
2012.08.03 13:09:32.152,1.22669,1.22679,3.60,2.10
2012.08.03 13:09:32.217,1.2267,1.22679,1.50,1.88
2012.08.03 13:09:32.758,1.2267,1.2268,1.65,1.50
2012.08.03 13:09:33.117,1.22671,1.2268,1.65,1.50
2012.08.03 13:09:33.686,1.22673,1.22681,1.43,5.48
2012.08.03 13:09:34.105,1.22673,1.22681,1.47,1.73
2012.08.03 13:09:34.506,1.22673,1.22681,1.47,1.73
2012.08.03 13:09:35.040,1.22673,1.2268,1.55,2.48
2012.08.03 13:09:35.806,1.22673,1.22681,1.55,3.98
2012.08.03 13:09:36.108,1.2267,1.22679,3.23,1.13
2012.08.03 13:09:36.361,1.22667,1.22674,1.77,2.48
2012.08.03 13:09:37.370,1.2267,1.22678,1.43,3.98
2012.08.03 13:09:37.909,1.22667,1.22675,2.18,2.33
2012.08.03 13:09:38.370,1.22672,1.22678,1.43,5.85
2012.08.03 13:09:38.568,1.22671,1.22677,2.30,1.71
2012.08.03 13:09:38.697,1.22666,1.22673,1.70,3.00
2012.08.03 13:09:38.764,1.22667,1.22674,1.02,3.75
2012.08.03 13:09:38.829,1.22667,1.22677,1.02,3.23
2012.08.03 13:09:39.311,1.22671,1.22679,1.65,1.73
2012.08.03 13:09:39.492,1.22668,1.22676,4.70,1.50
2012.08.03 13:09:39.612,1.2267,1.22678,1.65,1.50
2012.08.03 13:09:40.148,1.2267,1.22681,2.46,3.98
2012.08.03 13:09:40.628,1.22667,1.22676,2.40,2.18
2012.08.03 13:09:40.931,1.22665,1.22673,2.40,3.00
2012.08.03 13:09:41.058,1.22665,1.22671,1.65,2.25
2012.08.03 13:09:42.322,1.22662,1.22672,2.48,2.48
2012.08.03 13:09:43.448,1.22662,1.22671,3.23,1.13
2012.08.03 13:09:43.573,1.22661,1.22669,2.25,1.50
2012.08.03 13:09:43.637,1.22661,1.22669,1.73,2.48
2012.08.03 13:09:44.173,1.22663,1.2267,1.73,1.50
2012.08.03 13:09:44.238,1.22665,1.22672,1.50,3.60
2012.08.03 13:09:44.303,1.22665,1.22671,1.50,1.50
2012.08.03 13:09:44.777,1.22662,1.22672,2.25,5.10
2012.08.03 13:09:44.842,1.22661,1.22672,2.48,2.63
2012.08.03 13:09:44.906,1.22661,1.22672,3.23,2.85
2012.08.03 13:09:45.144,1.22662,1.22672,1.73,2.10
2012.08.03 13:09:45.799,1.22663,1.22675,3.98,3.45
2012.08.03 13:09:46.102,1.22668,1.22679,1.77,1.58
2012.08.03 13:09:46.608,1.22669,1.22679,3.98,1.58
2012.08.03 13:09:47.150,1.22673,1.2268,1.50,1.73
2012.08.03 13:09:47.512,1.22668,1.22675,6.83,1.13
2012.08.03 13:09:47.935,1.22668,1.22677,1.50,3.98
2012.08.03 13:09:48.057,1.22668,1.22677,2.25,4.95
2012.08.03 13:09:48.240,1.22667,1.22676,1.50,1.06
2012.08.03 13:09:48.657,1.22668,1.22676,1.50,2.48
2012.08.03 13:09:48.836,1.2267,1.22676,1.50,1.73
2012.08.03 13:09:49.371,1.2267,1.22677,1.50,2.10
2012.08.03 13:09:49.674,1.22673,1.22678,1.50,2.25
2012.08.03 13:09:49.801,1.2267,1.22677,1.50,2.10
2012.08.03 13:09:50.535,1.22666,1.22675,1.50,1.73
2012.08.03 13:09:50.602,1.22665,1.22672,3.00,1.50
2012.08.03 13:09:51.017,1.22666,1.22675,1.50,3.98
2012.08.03 13:09:51.318,1.22666,1.22675,2.30,1.73
2012.08.03 13:09:51.515,1.22668,1.22675,1.73,1.73
2012.08.03 13:09:52.050,1.22669,1.22677,1.50,3.60
2012.08.03 13:09:52.295,1.22671,1.22677,2.25,1.13
2012.08.03 13:09:52.479,1.22673,1.2268,3.12,2.25
2012.08.03 13:09:52.785,1.22675,1.22683,2.25,2.25
2012.08.03 13:09:53.149,1.22676,1.22683,1.58,2.78
2012.08.03 13:09:53.452,1.22683,1.22689,2.25,2.48
2012.08.03 13:09:53.517,1.22683,1.22691,3.05,1.73
2012.08.03 13:09:53.640,1.22685,1.22693,1.88,2.48
2012.08.03 13:09:54.227,1.22688,1.22695,4.40,1.73
2012.08.03 13:09:54.432,1.22695,1.22701,1.55,1.50
2012.08.03 13:09:54.498,1.22697,1.22705,2.25,3.75
2012.08.03 13:09:54.743,1.22697,1.22705,3.00,1.50
2012.08.03 13:09:54.866,1.22697,1.22705,3.00,1.50
2012.08.03 13:09:55.110,1.22694,1.22702,5.37,1.50
2012.08.03 13:09:55.413,1.22693,1.22703,6.98,2.63
2012.08.03 13:09:55.478,1.22693,1.22703,3.75,2.85
2012.08.03 13:09:55.782,1.22694,1.22701,2.98,1.73
2012.08.03 13:09:56.092,1.22692,1.227,1.50,1.35
2012.08.03 13:09:56.339,1.2269,1.227,1.50,2.40
2012.08.03 13:09:56.526,1.2269,1.22698,1.50,2.03
2012.08.03 13:09:56.711,1.22688,1.22697,5.00,1.50
2012.08.03 13:09:56.777,1.22686,1.22697,7.25,1.50
2012.08.03 13:09:56.901,1.22682,1.22692,1.77,3.00
2012.08.03 13:09:56.968,1.22686,1.22693,1.73,3.38
2012.08.03 13:09:57.482,1.22686,1.22693,1.73,1.50
2012.08.03 13:09:57.553,1.22687,1.22697,1.77,4.20
2012.08.03 13:09:57.973,1.22688,1.22696,1.73,1.73
2012.08.03 13:09:58.919,1.22688,1.22697,3.23,1.35
2012.08.03 13:09:59.163,1.2269,1.22699,1.50,3.60
2012.08.03 13:09:59.407,1.2269,1.22697,1.50,1.43
2012.08.03 13:09:59.714,1.22683,1.22691,1.73,1.88
2012.08.03 13:09:59.841,1.22685,1.22691,1.50,2.85
2012.08.03 13:10:00.027,1.22687,1.22695,1.73,4.35
2012.08.03 13:10:00.093,1.22688,1.22693,1.73,1.50
2012.08.03 13:10:00.217,1.22685,1.22693,2.25,2.48
2012.08.03 13:10:00.341,1.22687,1.22693,1.50,2.48
2012.08.03 13:10:00.524,1.22685,1.22693,1.50,3.23
2012.08.03 13:10:00.710,1.22684,1.22693,1.50,3.98
2012.08.03 13:10:00.776,1.22684,1.22692,1.50,1.73
2012.08.03 13:10:00.842,1.22682,1.22692,1.73,4.73
2012.08.03 13:10:01.365,1.2268,1.2269,3.23,6.23
2012.08.03 13:10:01.901,1.2268,1.22689,3.00,1.50
2012.08.03 13:10:03.002,1.2268,1.22688,1.50,1.50
2012.08.03 13:10:03.185,1.22678,1.22686,3.75,2.25
2012.08.03 13:10:03.492,1.2268,1.22688,1.50,3.23
2012.08.03 13:10:03.556,1.2268,1.22688,1.73,3.00
2012.08.03 13:10:04.096,1.2268,1.2269,2.53,2.25
2012.08.03 13:10:04.454,1.22685,1.22691,1.50,2.25
2012.08.03 13:10:05.201,1.22684,1.22694,2.48,3.75
2012.08.03 13:10:05.509,1.22682,1.22689,1.55,1.50
2012.08.03 13:10:06.701,1.22683,1.22691,1.03,1.50
2012.08.03 13:10:07.002,1.22684,1.22693,1.73,2.25
2012.08.03 13:10:07.246,1.22682,1.22691,1.78,3.00
2012.08.03 13:10:07.370,1.22682,1.22691,2.53,1.50
2012.08.03 13:10:07.788,1.2268,1.2269,2.30,3.00
2012.08.03 13:10:07.911,1.2268,1.2269,2.53,3.75
2012.08.03 13:10:08.268,1.2268,1.22688,1.03,4.13
2012.08.03 13:10:08.574,1.22677,1.22685,3.23,3.00
2012.08.03 13:10:10.466,1.22677,1.22686,3.23,1.50
2012.08.03 13:10:10.944,1.22679,1.22687,3.28,1.50
2012.08.03 13:10:11.009,1.2268,1.22689,1.78,3.00
2012.08.03 13:10:11.548,1.22682,1.2269,1.73,1.50
2012.08.03 13:10:11.906,1.2268,1.2269,4.03,3.75
2012.08.03 13:10:12.204,1.22683,1.22691,1.50,5.48
2012.08.03 13:10:12.386,1.22685,1.22691,1.50,2.48
2012.08.03 13:10:13.605,1.22682,1.22691,1.03,2.25
2012.08.03 13:10:13.734,1.22681,1.22691,3.28,1.50
2012.08.03 13:10:13.859,1.22682,1.22693,1.73,1.50
2012.08.03 13:10:16.294,1.22681,1.22694,2.53,6.60
2012.08.03 13:10:16.655,1.22679,1.2269,1.55,2.07
2012.08.03 13:10:16.842,1.22677,1.22685,1.73,2.63
2012.08.03 13:10:16.908,1.22673,1.22685,4.01,3.38
2012.08.03 13:10:17.033,1.22673,1.22685,4.03,2.63
2012.08.03 13:10:17.526,1.22678,1.22686,4.40,1.73
2012.08.03 13:10:17.591,1.22678,1.22687,6.13,1.50
2012.08.03 13:10:17.657,1.22678,1.2269,6.13,1.13
2012.08.03 13:10:17.723,1.22678,1.22689,3.28,2.33
2012.08.03 13:10:18.085,1.22675,1.22687,4.63,1.50
2012.08.03 13:10:18.616,1.22675,1.22684,4.63,1.50
2012.08.03 13:10:19.432,1.22674,1.22684,1.73,2.25
2012.08.03 13:10:20.023,1.22672,1.2268,3.23,1.13
2012.08.03 13:10:20.148,1.22672,1.22681,2.25,1.58
2012.08.03 13:10:20.683,1.2267,1.2268,1.73,2.25
2012.08.03 13:10:21.159,1.22674,1.22681,1.50,3.83
2012.08.03 13:10:21.754,1.22673,1.22682,2.48,1.50
2012.08.03 13:10:22.441,1.22673,1.22682,1.50,1.50
2012.08.03 13:10:22.862,1.22673,1.22683,3.28,5.10
2012.08.03 13:10:23.395,1.22675,1.22682,1.73,1.50
2012.08.03 13:10:24.425,1.22672,1.22682,2.68,3.75
2012.08.03 13:10:24.573,1.22672,1.22679,2.30,1.50
2012.08.03 13:10:24.639,1.22672,1.22682,1.55,4.73
2012.08.03 13:10:24.764,1.22672,1.2268,1.78,2.25
2012.08.03 13:10:25.709,1.22672,1.22682,1.78,2.25
2012.08.03 13:10:26.219,1.22672,1.22682,2.53,1.50
2012.08.03 13:10:26.918,1.22672,1.22682,1.78,2.48
2012.08.03 13:10:27.364,1.22672,1.22682,1.78,4.73
2012.08.03 13:10:27.668,1.22667,1.22674,5.30,1.50
2012.08.03 13:10:27.914,1.22666,1.22674,1.73,4.73
2012.08.03 13:10:27.979,1.22664,1.22672,1.73,2.25
2012.08.03 13:10:28.164,1.22662,1.22669,1.55,1.50
2012.08.03 13:10:28.408,1.22666,1.22673,1.03,1.73
2012.08.03 13:10:28.474,1.22666,1.22673,1.78,1.50
2012.08.03 13:10:28.891,1.22665,1.22673,1.03,3.75
2012.08.03 13:10:29.073,1.22663,1.22669,1.50,1.50
2012.08.03 13:10:29.196,1.22665,1.22671,1.03,1.50
2012.08.03 13:10:29.737,1.22663,1.22671,1.78,1.50
2012.08.03 13:10:30.269,1.22664,1.22671,1.55,1.50
2012.08.03 13:10:30.334,1.22664,1.22673,4.03,1.50
2012.08.03 13:10:30.695,1.22664,1.22671,4.58,1.50
2012.08.03 13:10:31.202,1.22661,1.22667,1.78,1.50
2012.08.03 13:10:31.272,1.22661,1.22667,1.03,1.50
2012.08.03 13:10:31.455,1.22662,1.22669,2.53,1.50
2012.08.03 13:10:31.821,1.22662,1.22667,1.03,1.50
2012.08.03 13:10:31.946,1.22662,1.2267,1.03,1.50
2012.08.03 13:10:32.490,1.2266,1.22668,2.53,1.50
2012.08.03 13:10:32.791,1.2266,1.22668,1.55,1.50
2012.08.03 13:10:33.035,1.22659,1.22666,1.03,1.50
2012.08.03 13:10:33.511,1.22658,1.22668,1.73,3.98
2012.08.03 13:10:35.099,1.22659,1.22668,2.53,2.48
2012.08.03 13:10:35.664,1.2266,1.22668,1.55,3.98
2012.08.03 13:10:36.087,1.22662,1.22668,1.50,2.48
2012.08.03 13:10:36.428,1.22664,1.2267,1.50,1.88
2012.08.03 13:10:37.075,1.2266,1.22668,2.30,2.25
2012.08.03 13:10:37.256,1.22659,1.22668,3.80,2.25
2012.08.03 13:10:37.762,1.22659,1.22668,2.30,2.25
2012.08.03 13:10:38.464,1.22658,1.22666,4.63,1.50
2012.08.03 13:10:40.102,1.22658,1.22665,3.13,1.50
2012.08.03 13:10:40.574,1.22659,1.22668,2.30,2.25
2012.08.03 13:10:40.755,1.22659,1.22665,1.03,1.50
2012.08.03 13:10:41.287,1.22658,1.22665,1.63,1.50
2012.08.03 13:10:43.160,1.22659,1.22667,1.55,1.50
2012.08.03 13:10:43.690,1.2266,1.22668,1.73,2.25
2012.08.03 13:10:44.814,1.22661,1.22669,1.50,2.48
2012.08.03 13:10:45.363,1.22662,1.2267,1.50,5.10
2012.08.03 13:10:45.668,1.22664,1.2267,1.50,2.25
2012.08.03 13:10:45.733,1.22669,1.22677,2.53,2.25
2012.08.03 13:10:45.976,1.22672,1.22677,1.55,1.50
2012.08.03 13:10:46.510,1.22672,1.22682,1.78,3.23
2012.08.03 13:10:47.425,1.22672,1.22682,1.03,2.48
2012.08.03 13:10:47.965,1.2267,1.22682,3.28,3.15
2012.08.03 13:10:48.029,1.22671,1.22679,1.55,1.43
2012.08.03 13:10:49.305,1.22671,1.22679,1.50,2.18
2012.08.03 13:10:50.074,1.22671,1.22678,1.50,1.88
2012.08.03 13:10:50.379,1.22666,1.22671,2.25,1.50
2012.08.03 13:10:50.621,1.22661,1.2267,1.50,2.48
2012.08.03 13:10:51.154,1.22659,1.22668,1.03,2.40
2012.08.03 13:10:51.744,1.22659,1.22667,2.53,1.50
2012.08.03 13:10:52.139,1.22662,1.22669,1.50,2.25
2012.08.03 13:10:52.449,1.22669,1.22674,1.55,2.25
2012.08.03 13:10:52.574,1.22669,1.22675,1.03,2.25
2012.08.03 13:10:52.935,1.22666,1.22676,3.28,3.23
2012.08.03 13:10:53.297,1.22668,1.22676,1.55,1.73
2012.08.03 13:10:53.776,1.22668,1.22673,1.50,1.50
2012.08.03 13:10:53.900,1.22666,1.22673,1.78,1.50
2012.08.03 13:10:53.964,1.22666,1.22676,3.05,3.23
2012.08.03 13:10:54.266,1.2267,1.22675,1.50,1.50
2012.08.03 13:10:54.506,1.22671,1.22679,1.13,1.50
2012.08.03 13:10:54.630,1.22672,1.22679,1.78,1.50
2012.08.03 13:10:55.890,1.22674,1.22681,1.20,1.73
2012.08.03 13:10:56.015,1.22676,1.22684,3.08,2.25
2012.08.03 13:10:56.081,1.22678,1.22687,1.63,1.50
2012.08.03 13:10:56.595,1.22678,1.22688,1.63,2.25
2012.08.03 13:10:57.137,1.22678,1.22688,1.03,3.23
2012.08.03 13:10:57.685,1.22678,1.22688,2.53,3.23
2012.08.03 13:10:57.869,1.22681,1.22688,1.48,1.50
2012.08.03 13:10:58.050,1.22679,1.22688,3.13,1.50
2012.08.03 13:10:58.235,1.22682,1.22691,3.65,2.25
2012.08.03 13:10:58.360,1.22684,1.22694,2.75,3.75
2012.08.03 13:10:58.487,1.22688,1.22696,1.03,2.25
2012.08.03 13:10:58.906,1.22689,1.22697,2.25,2.63
2012.08.03 13:10:59.088,1.22687,1.22695,1.78,1.50
2012.08.03 13:10:59.389,1.22683,1.22691,1.50,2.48
2012.08.03 13:10:59.454,1.22683,1.2269,1.50,2.48
2012.08.03 13:10:59.580,1.22681,1.22687,2.23,1.50
2012.08.03 13:10:59.942,1.22681,1.22691,2.23,3.00
2012.08.03 13:11:00.065,1.22681,1.22688,2.98,1.50
2012.08.03 13:11:00.247,1.22684,1.22692,1.43,3.75
2012.08.03 13:11:00.548,1.22688,1.22695,2.53,2.25
2012.08.03 13:11:00.850,1.22688,1.22698,1.03,2.48
2012.08.03 13:11:01.208,1.22688,1.22697,1.78,1.50
2012.08.03 13:11:01.391,1.22689,1.22698,1.50,1.88
2012.08.03 13:11:01.814,1.22689,1.22699,1.50,3.23
2012.08.03 13:11:01.937,1.22688,1.22697,2.30,3.00
2012.08.03 13:11:02.411,1.22688,1.22698,1.78,2.48
2012.08.03 13:11:02.946,1.22688,1.22698,3.13,2.48
2012.08.03 13:11:03.723,1.2269,1.22698,1.03,1.50
2012.08.03 13:11:03.851,1.22696,1.22702,1.50,4.50
2012.08.03 13:11:03.980,1.22698,1.22703,2.25,1.50
2012.08.03 13:11:04.107,1.22699,1.22704,2.83,1.50
2012.08.03 13:11:04.174,1.22702,1.22712,3.45,2.10
2012.08.03 13:11:04.240,1.22702,1.22713,5.03,2.85
2012.08.03 13:11:04.746,1.22703,1.22714,1.03,3.98
2012.08.03 13:11:04.872,1.22702,1.22714,2.23,3.00
2012.08.03 13:11:05.468,1.22706,1.22713,1.73,3.38
2012.08.03 13:11:05.893,1.22703,1.22712,1.63,2.48
2012.08.03 13:11:06.075,1.22701,1.22711,2.53,1.50
2012.08.03 13:11:06.140,1.22701,1.22711,1.55,2.33
2012.08.03 13:11:06.446,1.22701,1.22709,2.25,1.73
2012.08.03 13:11:06.515,1.227,1.22707,2.48,2.25
2012.08.03 13:11:06.643,1.22699,1.22707,1.70,1.73
2012.08.03 13:11:06.768,1.22699,1.22705,1.70,1.50
2012.08.03 13:11:07.072,1.22697,1.22705,4.55,1.50
2012.08.03 13:11:07.137,1.22694,1.227,1.50,1.50
2012.08.03 13:11:07.443,1.22699,1.22707,1.55,3.23
2012.08.03 13:11:07.691,1.227,1.22705,3.45,1.50
2012.08.03 13:11:08.216,1.22702,1.22709,1.03,3.00
2012.08.03 13:11:09.176,1.227,1.22709,3.88,2.25
2012.08.03 13:11:09.416,1.22702,1.2271,1.03,1.50
2012.08.03 13:11:09.600,1.22706,1.22714,1.73,1.50
2012.08.03 13:11:09.666,1.22703,1.22708,1.50,1.50
2012.08.03 13:11:10.145,1.22706,1.22711,1.50,3.00
2012.08.03 13:11:10.561,1.22702,1.22711,1.03,2.48
2012.08.03 13:11:11.153,1.22702,1.22711,1.03,2.40
2012.08.03 13:11:11.396,1.22707,1.22713,1.50,1.80
2012.08.03 13:11:11.520,1.22704,1.22713,2.25,2.78
2012.08.03 13:11:12.217,1.22703,1.22711,1.50,1.50
2012.08.03 13:11:12.286,1.22703,1.2271,1.50,1.35
2012.08.03 13:11:12.409,1.227,1.22709,1.88,2.70
2012.08.03 13:11:12.958,1.227,1.22708,1.50,2.18
2012.08.03 13:11:13.022,1.227,1.22708,1.73,2.18
2012.08.03 13:11:13.205,1.227,1.22708,3.00,2.18
2012.08.03 13:11:13.269,1.227,1.22706,1.50,1.50
2012.08.03 13:11:13.630,1.227,1.22708,3.08,1.50
2012.08.03 13:11:13.989,1.22702,1.22713,1.78,1.50
2012.08.03 13:11:14.347,1.22702,1.22707,1.73,1.50
2012.08.03 13:11:14.882,1.22702,1.22709,1.73,3.00
2012.08.03 13:11:15.124,1.227,1.22707,2.53,1.50
2012.08.03 13:11:15.667,1.22703,1.2271,2.10,2.93
2012.08.03 13:11:15.971,1.22703,1.22711,1.73,1.50
2012.08.03 13:11:16.037,1.22703,1.2271,3.75,1.50
2012.08.03 13:11:16.103,1.22703,1.22713,3.75,4.28
2012.08.03 13:11:16.830,1.22703,1.22713,1.50,7.28
2012.08.03 13:11:16.903,1.227,1.22709,1.73,1.50
2012.08.03 13:11:17.325,1.22701,1.22711,3.23,1.50
2012.08.03 13:11:17.626,1.22701,1.22708,1.50,1.50
2012.08.03 13:11:17.869,1.22698,1.22707,1.73,2.18
2012.08.03 13:11:17.992,1.22698,1.22705,1.73,1.50
2012.08.03 13:11:18.466,1.22697,1.22705,1.03,1.50
2012.08.03 13:11:18.764,1.22699,1.22707,1.50,3.68
2012.08.03 13:11:19.297,1.22699,1.22707,1.50,2.93
2012.08.03 13:11:19.833,1.22701,1.22709,1.50,3.90
2012.08.03 13:11:20.074,1.22698,1.22708,2.48,2.40
2012.08.03 13:11:20.316,1.227,1.22709,1.50,1.58
2012.08.03 13:11:20.840,1.227,1.2271,1.73,7.95
2012.08.03 13:11:21.204,1.227,1.2271,3.98,4.13
2012.08.03 13:11:21.443,1.22702,1.2271,1.50,2.63
2012.08.03 13:11:22.193,1.22702,1.22711,1.50,1.35
2012.08.03 13:11:22.550,1.22704,1.22711,1.50,1.13
2012.08.03 13:11:23.835,1.22707,1.22713,1.50,2.48
2012.08.03 13:11:24.258,1.22705,1.22712,1.50,2.85
2012.08.03 13:11:25.937,1.227,1.22712,1.50,2.48
2012.08.03 13:11:26.473,1.22702,1.22712,2.53,2.48
2012.08.03 13:11:26.774,1.22704,1.22713,1.50,2.48
2012.08.03 13:11:27.131,1.22706,1.22713,1.50,2.48
2012.08.03 13:11:27.432,1.2271,1.2272,1.50,1.50
2012.08.03 13:11:27.684,1.2271,1.22718,1.50,3.23
2012.08.03 13:11:27.927,1.22715,1.22721,1.50,3.00
2012.08.03 13:11:28.238,1.22719,1.22728,3.13,4.73
2012.08.03 13:11:28.305,1.22719,1.22724,3.83,1.50
2012.08.03 13:11:28.432,1.22719,1.22728,2.85,3.75
2012.08.03 13:11:28.498,1.22718,1.22726,3.00,1.58
2012.08.03 13:11:28.564,1.22718,1.22725,3.00,1.35
2012.08.03 13:11:28.807,1.22716,1.22723,1.50,2.85
2012.08.03 13:11:29.351,1.22716,1.22722,1.50,1.73
2012.08.03 13:11:29.689,1.22716,1.22724,2.25,2.25
2012.08.03 13:11:29.753,1.22716,1.22724,2.48,1.50
2012.08.03 13:11:29.817,1.22716,1.22724,1.73,1.50
2012.08.03 13:11:30.355,1.22718,1.22726,1.50,1.50
2012.08.03 13:11:30.892,1.22717,1.22725,1.50,2.25
2012.08.03 13:11:31.606,1.22716,1.22724,4.03,1.50
2012.08.03 13:11:31.734,1.22716,1.22724,2.53,1.50
2012.08.03 13:11:32.515,1.22717,1.22725,1.50,2.25
2012.08.03 13:11:33.912,1.22717,1.22725,1.50,3.38
2012.08.03 13:11:34.443,1.22717,1.22725,1.50,3.38
2012.08.03 13:11:34.997,1.22717,1.22725,1.50,4.13
2012.08.03 13:11:35.535,1.22717,1.22723,1.50,1.88
2012.08.03 13:11:35.659,1.22714,1.22722,2.25,2.25
2012.08.03 13:11:36.283,1.22715,1.22723,3.00,2.63
2012.08.03 13:11:36.465,1.22713,1.22721,6.23,1.50
2012.08.03 13:11:36.825,1.22719,1.22725,2.33,1.50
2012.08.03 13:11:36.951,1.22719,1.22726,2.53,2.25
2012.08.03 13:11:37.197,1.22719,1.22728,1.78,2.25
2012.08.03 13:11:37.439,1.22717,1.22726,1.73,2.25
2012.08.03 13:11:37.799,1.22719,1.22727,1.73,4.13
2012.08.03 13:11:38.274,1.22721,1.22727,1.50,1.13
2012.08.03 13:11:38.341,1.22721,1.22729,1.50,3.75
2012.08.03 13:11:38.882,1.22722,1.2273,1.73,1.13
2012.08.03 13:11:39.572,1.22722,1.22729,1.73,1.13
2012.08.03 13:11:40.131,1.22721,1.22729,1.50,3.38
2012.08.03 13:11:40.434,1.22721,1.22729,1.50,4.88
2012.08.03 13:11:40.794,1.22719,1.22727,1.50,3.00
2012.08.03 13:11:41.039,1.22717,1.22724,1.73,1.50
2012.08.03 13:11:41.521,1.22713,1.2272,2.48,2.25
2012.08.03 13:11:41.708,1.22714,1.22719,1.50,1.13
2012.08.03 13:11:42.009,1.22708,1.22717,2.25,1.13
2012.08.03 13:11:42.428,1.2271,1.22718,3.05,1.73
2012.08.03 13:11:42.784,1.22711,1.22718,3.13,1.50
2012.08.03 13:11:43.151,1.22713,1.22722,3.98,1.13
2012.08.03 13:11:43.336,1.22713,1.22722,1.73,1.88
2012.08.03 13:11:43.871,1.22711,1.22721,4.63,1.50
2012.08.03 13:11:45.052,1.22711,1.2272,1.50,1.88
2012.08.03 13:11:45.352,1.22709,1.22717,2.48,1.50
2012.08.03 13:11:45.417,1.22709,1.22719,3.23,2.48
2012.08.03 13:11:45.892,1.2271,1.22716,1.73,1.50
2012.08.03 13:11:46.308,1.22709,1.22719,3.98,1.73
2012.08.03 13:11:46.840,1.22708,1.22716,4.58,1.50
2012.08.03 13:11:47.726,1.22708,1.22716,2.48,1.50
2012.08.03 13:11:48.138,1.22708,1.22713,2.25,1.13
2012.08.03 13:11:48.452,1.22702,1.2271,3.75,2.10
2012.08.03 13:11:48.754,1.22701,1.22708,1.50,1.50
2012.08.03 13:11:49.289,1.22701,1.22709,1.50,2.25
2012.08.03 13:11:50.342,1.22699,1.22708,2.33,1.50
2012.08.03 13:11:50.876,1.22701,1.22709,1.50,3.38
2012.08.03 13:11:50.940,1.22701,1.22707,1.50,1.13
2012.08.03 13:11:51.063,1.22701,1.22708,1.50,1.13
2012.08.03 13:11:51.129,1.22699,1.22705,3.08,1.13
2012.08.03 13:11:51.667,1.22699,1.22707,1.50,4.88
2012.08.03 13:11:52.200,1.22697,1.22705,4.58,1.50
2012.08.03 13:11:54.260,1.22698,1.22706,1.50,1.13
2012.08.03 13:11:54.774,1.22698,1.22708,2.48,5.63
2012.08.03 13:11:55.303,1.22698,1.22707,1.73,1.88
2012.08.03 13:11:55.486,1.22698,1.22708,1.50,6.60
2012.08.03 13:11:56.027,1.22698,1.22708,1.50,6.60
2012.08.03 13:11:56.091,1.22698,1.22707,1.50,1.50
2012.08.03 13:11:56.213,1.22698,1.22708,1.50,5.10
2012.08.03 13:11:56.854,1.22698,1.22708,1.50,5.10
2012.08.03 13:11:57.410,1.22698,1.22707,1.50,1.50
2012.08.03 13:11:57.912,1.22698,1.22705,1.50,1.13
2012.08.03 13:11:58.268,1.22698,1.22705,1.50,1.50
2012.08.03 13:11:58.334,1.22698,1.22705,1.50,1.88
2012.08.03 13:11:58.634,1.22698,1.22704,1.50,1.50
2012.08.03 13:11:58.935,1.22691,1.22697,2.48,1.13
2012.08.03 13:11:59.002,1.22689,1.22696,3.00,1.96
2012.08.03 13:11:59.067,1.22689,1.22696,1.50,3.68
2012.08.03 13:11:59.135,1.22693,1.22698,1.50,5.63
2012.08.03 13:11:59.264,1.22688,1.22694,1.50,5.48
2012.08.03 13:11:59.573,1.22683,1.2269,2.25,1.35
2012.08.03 13:12:00.110,1.22685,1.22691,1.50,1.13
2012.08.03 13:12:00.470,1.22685,1.22693,2.25,1.73
2012.08.03 13:12:00.907,1.22688,1.22694,1.50,1.13
2012.08.03 13:12:01.507,1.22688,1.22696,4.35,1.73
2012.08.03 13:12:01.926,1.22689,1.22697,2.25,3.23
2012.08.03 13:12:02.286,1.22688,1.22695,1.50,2.63
2012.08.03 13:12:02.352,1.22686,1.22695,3.83,2.63
2012.08.03 13:12:02.884,1.22686,1.22695,2.33,2.85
2012.08.03 13:12:03.298,1.22688,1.22695,1.50,1.35
2012.08.03 13:12:03.714,1.22685,1.22691,3.23,1.13
2012.08.03 13:12:04.199,1.22683,1.22691,2.25,6.23
2012.08.03 13:12:04.323,1.22683,1.22691,1.50,6.45
2012.08.03 13:12:04.875,1.22681,1.22689,2.25,1.73
2012.08.03 13:12:05.281,1.22683,1.22691,1.50,7.73
2012.08.03 13:12:05.532,1.22684,1.22691,2.85,6.60
2012.08.03 13:12:05.599,1.22686,1.22691,1.35,1.35
2012.08.03 13:12:05.900,1.22686,1.22693,2.85,2.85
2012.08.03 13:12:05.964,1.22687,1.22694,3.05,1.73
2012.08.03 13:12:06.091,1.22689,1.22694,3.65,1.50
2012.08.03 13:12:06.157,1.22689,1.22697,3.88,1.35
2012.08.03 13:12:06.284,1.22691,1.22696,3.65,2.25
2012.08.03 13:12:06.643,1.22689,1.227,3.23,3.08
2012.08.03 13:12:06.706,1.2269,1.22701,2.25,3.31
2012.08.03 13:12:06.769,1.22691,1.22702,1.50,3.68
2012.08.03 13:12:07.013,1.22693,1.22703,1.55,1.73
2012.08.03 13:12:07.078,1.22694,1.22704,1.55,2.33
2012.08.03 13:12:07.203,1.22695,1.22705,2.25,2.93
2012.08.03 13:12:07.507,1.22697,1.22705,2.25,1.35
2012.08.03 13:12:08.045,1.22698,1.22706,1.50,2.48
2012.08.03 13:12:08.443,1.22699,1.22707,3.05,1.73
2012.08.03 13:12:09.104,1.22701,1.22708,1.50,1.73
2012.08.03 13:12:10.299,1.22701,1.2271,2.25,1.73
2012.08.03 13:12:10.662,1.22703,1.2271,1.50,4.50
2012.08.03 13:12:10.906,1.22704,1.22711,2.25,1.73
2012.08.03 13:12:11.444,1.22704,1.22712,2.25,1.73
2012.08.03 13:12:11.981,1.22704,1.22714,1.55,2.33
2012.08.03 13:12:13.614,1.22706,1.22714,1.50,1.73
2012.08.03 13:12:14.221,1.22707,1.22715,3.28,1.50
2012.08.03 13:12:14.840,1.22709,1.22716,1.50,1.50
2012.08.03 13:12:15.370,1.22711,1.22717,1.50,1.50
2012.08.03 13:12:15.908,1.22712,1.22718,3.23,1.50
2012.08.03 13:12:16.150,1.22713,1.22719,1.73,1.50
2012.08.03 13:12:16.700,1.22713,1.22722,1.78,1.50
2012.08.03 13:12:17.229,1.22713,1.22723,3.88,1.35
2012.08.03 13:12:17.589,1.22715,1.22724,1.03,1.73
2012.08.03 13:12:18.241,1.22721,1.22731,1.03,1.73
2012.08.03 13:12:19.005,1.22721,1.22732,1.78,2.25
2012.08.03 13:12:19.243,1.22722,1.22732,1.50,3.23
2012.08.03 13:12:19.951,1.22727,1.22735,1.50,3.23
2012.08.03 13:12:20.369,1.22724,1.22735,3.28,3.98
2012.08.03 13:12:20.432,1.22726,1.22736,1.50,3.98
2012.08.03 13:12:20.968,1.22727,1.22736,1.73,1.73
2012.08.03 13:12:21.211,1.22725,1.22734,1.50,1.13
2012.08.03 13:12:21.397,1.22724,1.22736,4.78,4.47
2012.08.03 13:12:21.704,1.22727,1.22735,2.25,1.13
2012.08.03 13:12:21.772,1.22729,1.22735,1.50,1.73
2012.08.03 13:12:22.073,1.22726,1.22736,1.73,1.73
2012.08.03 13:12:22.141,1.22726,1.22736,1.73,3.23
2012.08.03 13:12:22.578,1.22724,1.22734,1.73,5.63
2012.08.03 13:12:23.114,1.22724,1.22732,2.48,1.50
2012.08.03 13:12:23.773,1.22725,1.22732,2.15,1.50
2012.08.03 13:12:23.899,1.22726,1.22735,2.25,3.23
2012.08.03 13:12:24.140,1.22726,1.22734,1.73,3.38
2012.08.03 13:12:24.793,1.22723,1.22733,2.48,2.48
2012.08.03 13:12:25.092,1.22726,1.22734,1.50,5.07
2012.08.03 13:12:25.625,1.22724,1.22732,2.48,1.50
2012.08.03 13:12:25.927,1.22727,1.22735,3.23,1.50
2012.08.03 13:12:26.109,1.22729,1.22737,1.50,1.50
2012.08.03 13:12:27.182,1.22731,1.22738,1.50,2.63
2012.08.03 13:12:27.428,1.22729,1.22738,3.23,2.63
2012.08.03 13:12:27.960,1.22727,1.22737,3.83,1.50
2012.08.03 13:12:28.605,1.2273,1.22738,1.50,4.13
2012.08.03 13:12:29.952,1.22728,1.22737,1.73,1.88
2012.08.03 13:12:30.134,1.22727,1.22736,1.73,2.85
2012.08.03 13:12:30.436,1.22727,1.22737,6.08,2.25
2012.08.03 13:12:30.796,1.2273,1.22738,1.50,5.10
2012.08.03 13:12:32.458,1.2273,1.22736,1.50,1.13
2012.08.03 13:12:32.585,1.22728,1.22736,1.50,2.48
2012.08.03 13:12:32.835,1.22727,1.22732,2.25,1.88
2012.08.03 13:12:33.021,1.22725,1.22732,1.50,1.35
2012.08.03 13:12:33.203,1.22725,1.22732,1.50,1.73
2012.08.03 13:12:33.386,1.22726,1.22734,2.10,1.73
2012.08.03 13:12:33.450,1.22724,1.2273,3.75,1.50
2012.08.03 13:12:33.577,1.2273,1.22735,1.50,1.50
2012.08.03 13:12:33.822,1.22731,1.22738,1.50,1.73
2012.08.03 13:12:34.356,1.22731,1.22739,1.50,2.10
2012.08.03 13:12:34.906,1.22729,1.22739,2.48,3.60
2012.08.03 13:12:35.267,1.22728,1.22737,3.23,1.50
2012.08.03 13:12:35.747,1.22732,1.22739,1.50,4.35
2012.08.03 13:12:36.717,1.22732,1.22738,1.50,1.13
2012.08.03 13:12:38.748,1.22729,1.22738,6.21,1.13
2012.08.03 13:12:39.278,1.2273,1.22738,1.73,1.13
2012.08.03 13:12:39.804,1.22729,1.22737,3.98,1.50
2012.08.03 13:12:40.331,1.22732,1.22738,1.50,1.13
2012.08.03 13:12:40.859,1.22733,1.22738,1.50,1.13
2012.08.03 13:12:41.788,1.2273,1.22738,4.71,1.13
2012.08.03 13:12:43.086,1.22733,1.22738,1.50,1.13
2012.08.03 13:12:43.379,1.22731,1.22738,3.00,1.13
2012.08.03 13:12:43.908,1.22728,1.22737,3.98,1.50
2012.08.03 13:12:44.745,1.22728,1.22737,3.23,1.50
2012.08.03 13:12:46.319,1.22727,1.22734,4.58,1.50
2012.08.03 13:12:46.387,1.22727,1.22733,2.25,1.95
2012.08.03 13:12:46.511,1.22725,1.22734,2.25,4.58
2012.08.03 13:12:46.696,1.22724,1.22732,2.25,2.10
2012.08.03 13:12:46.995,1.22722,1.2273,1.50,1.73
2012.08.03 13:12:48.550,1.22722,1.22729,1.50,1.13
2012.08.03 13:12:49.090,1.22721,1.22729,1.50,2.25
2012.08.03 13:12:50.145,1.22721,1.22729,1.50,2.48
2012.08.03 13:12:50.705,1.22719,1.22728,1.73,1.73
2012.08.03 13:12:50.886,1.22719,1.22726,1.73,1.50
2012.08.03 13:12:51.244,1.22716,1.22725,3.23,2.10
2012.08.03 13:12:51.550,1.22714,1.22723,5.48,1.50
2012.08.03 13:12:51.677,1.22714,1.22721,2.54,1.50
2012.08.03 13:12:51.804,1.22714,1.22724,3.23,3.23
2012.08.03 13:12:52.519,1.22714,1.22723,2.48,1.50
2012.08.03 13:12:52.986,1.22713,1.22719,2.25,1.50
2012.08.03 13:12:53.524,1.22711,1.22719,2.48,1.50
2012.08.03 13:12:54.062,1.22712,1.22722,3.23,4.35
2012.08.03 13:12:54.597,1.22713,1.22721,1.50,2.48
2012.08.03 13:12:55.131,1.22711,1.22719,3.98,1.50
2012.08.03 13:12:55.661,1.22711,1.22719,3.75,1.50
2012.08.03 13:12:56.017,1.22713,1.22721,1.50,2.48
2012.08.03 13:12:56.374,1.22715,1.22722,2.25,1.35
2012.08.03 13:12:56.907,1.22713,1.22722,3.00,1.35
2012.08.03 13:12:58.078,1.22713,1.22722,1.50,2.10
2012.08.03 13:12:58.499,1.22713,1.22718,1.50,1.50
2012.08.03 13:12:58.806,1.22709,1.22715,4.50,1.50
2012.08.03 13:12:58.871,1.22711,1.22716,1.50,1.13
2012.08.03 13:12:59.127,1.22707,1.22715,2.25,3.75
2012.08.03 13:12:59.552,1.22709,1.22717,2.25,1.50
2012.08.03 13:12:59.734,1.22708,1.22715,1.73,1.50
2012.08.03 13:13:00.035,1.22708,1.22713,1.73,1.50
2012.08.03 13:13:00.801,1.22708,1.22713,1.73,1.50
2012.08.03 13:13:02.015,1.22708,1.22716,1.73,2.25
2012.08.03 13:13:02.139,1.22708,1.22716,4.73,1.50
2012.08.03 13:13:02.676,1.22708,1.22715,3.23,1.50
2012.08.03 13:13:02.741,1.22708,1.22713,3.23,1.50
2012.08.03 13:13:03.270,1.22708,1.22715,2.48,1.50
2012.08.03 13:13:03.802,1.22707,1.22713,1.73,1.50
2012.08.03 13:13:04.161,1.22707,1.22716,1.73,1.50
2012.08.03 13:13:04.226,1.22707,1.22715,1.73,1.50
2012.08.03 13:13:04.816,1.22707,1.22714,1.73,1.50
2012.08.03 13:13:05.404,1.22707,1.22715,1.73,1.50
2012.08.03 13:13:05.528,1.22707,1.22717,1.73,3.00
2012.08.03 13:13:05.651,1.22707,1.22715,1.73,1.50
2012.08.03 13:13:06.253,1.22707,1.22715,5.33,1.50
2012.08.03 13:13:06.317,1.22708,1.22719,1.73,2.10
2012.08.03 13:13:06.616,1.22707,1.22719,3.08,2.85
2012.08.03 13:13:06.681,1.22707,1.22719,4.56,2.85
2012.08.03 13:13:08.341,1.22708,1.22719,1.73,2.85
2012.08.03 13:13:08.755,1.22707,1.22719,3.83,2.10
2012.08.03 13:13:09.285,1.22708,1.22719,1.50,2.10
2012.08.03 13:13:09.946,1.22708,1.22719,1.50,2.10
2012.08.03 13:13:10.477,1.22712,1.22722,1.50,2.63
2012.08.03 13:13:10.785,1.22715,1.22722,1.50,1.50
2012.08.03 13:13:11.067,1.22716,1.22723,2.30,1.50
2012.08.03 13:13:11.136,1.22716,1.22725,2.10,2.48
2012.08.03 13:13:11.441,1.22717,1.22726,1.58,2.85
2012.08.03 13:13:11.508,1.22723,1.2273,2.25,1.35
2012.08.03 13:13:12.050,1.22721,1.22728,2.23,1.73
2012.08.03 13:13:12.528,1.22721,1.22731,1.73,1.73
2012.08.03 13:13:12.709,1.22721,1.22729,1.73,1.50
2012.08.03 13:13:13.952,1.22721,1.22729,2.48,1.50
2012.08.03 13:13:14.483,1.22721,1.22729,2.48,1.50
2012.08.03 13:13:15.152,1.22721,1.22729,3.98,1.50
2012.08.03 13:13:15.629,1.22721,1.2273,2.23,1.50
2012.08.03 13:13:16.348,1.2272,1.2273,2.10,1.50
2012.08.03 13:13:16.705,1.22722,1.22731,3.75,1.35
2012.08.03 13:13:16.943,1.22721,1.22731,5.23,2.85
2012.08.03 13:13:17.183,1.22722,1.22728,1.73,1.13
2012.08.03 13:13:17.544,1.22721,1.2273,2.25,1.13
2012.08.03 13:13:17.670,1.22724,1.22731,2.25,1.50
2012.08.03 13:13:17.794,1.22724,1.22733,1.50,1.35
2012.08.03 13:13:17.919,1.22724,1.22733,3.23,1.35
2012.08.03 13:13:18.456,1.22723,1.22732,1.50,1.50
2012.08.03 13:13:19.585,1.22723,1.22731,2.03,1.13
2012.08.03 13:13:19.883,1.22723,1.22731,2.55,1.35
2012.08.03 13:13:20.122,1.22723,1.22731,2.03,2.10
2012.08.03 13:13:20.658,1.22724,1.22731,1.50,1.35
2012.08.03 13:13:21.481,1.22722,1.2273,1.73,1.50
2012.08.03 13:13:24.092,1.22722,1.2273,1.50,1.73
2012.08.03 13:13:24.158,1.2272,1.22729,2.78,1.73
2012.08.03 13:13:24.691,1.22721,1.22731,2.03,4.35
2012.08.03 13:13:29.550,1.22722,1.22731,1.50,2.48
2012.08.03 13:13:30.354,1.22719,1.22729,2.38,1.73
2012.08.03 13:13:30.420,1.22719,1.22726,1.73,1.88
2012.08.03 13:13:30.864,1.22716,1.22724,2.33,1.50
2012.08.03 13:13:31.409,1.22716,1.22724,4.43,1.50
2012.08.03 13:13:31.534,1.22719,1.22727,2.10,3.08
2012.08.03 13:13:31.841,1.22722,1.22727,1.50,1.50
2012.08.03 13:13:31.907,1.22724,1.22732,1.50,3.98
2012.08.03 13:13:32.089,1.22722,1.2273,2.10,1.50
2012.08.03 13:13:33.093,1.22724,1.2273,1.50,1.50
2012.08.03 13:13:33.452,1.22722,1.22731,1.50,4.35
2012.08.03 13:13:33.634,1.22721,1.22731,1.50,2.48
2012.08.03 13:13:33.935,1.2272,1.22728,1.73,3.00
2012.08.03 13:13:34.243,1.22715,1.22725,3.38,3.38
2012.08.03 13:13:34.605,1.22715,1.22724,2.25,2.85
2012.08.03 13:13:34.964,1.22713,1.22724,1.50,2.85
2012.08.03 13:13:35.028,1.22713,1.22724,1.50,2.85
2012.08.03 13:13:35.564,1.22713,1.22723,1.50,2.85
2012.08.03 13:13:36.105,1.22713,1.22723,2.10,4.58
2012.08.03 13:13:37.401,1.22711,1.22722,4.58,1.73
2012.08.03 13:13:37.754,1.22711,1.2272,2.33,1.50
2012.08.03 13:13:38.266,1.22711,1.2272,2.33,1.50
2012.08.03 13:13:38.627,1.22712,1.2272,2.85,3.75
2012.08.03 13:13:38.931,1.22715,1.22722,2.85,3.60
2012.08.03 13:13:39.710,1.22714,1.22723,1.50,1.50
2012.08.03 13:13:39.894,1.2271,1.22721,5.10,2.63
2012.08.03 13:13:40.017,1.22712,1.22722,1.50,3.00
2012.08.03 13:13:40.375,1.2271,1.22721,3.60,3.23
2012.08.03 13:13:40.733,1.2271,1.22717,4.35,1.50
2012.08.03 13:13:41.269,1.22708,1.22717,1.50,3.38
2012.08.03 13:13:41.395,1.22706,1.22715,2.85,1.50
2012.08.03 13:13:41.459,1.22706,1.22715,2.85,1.50
2012.08.03 13:13:41.583,1.22706,1.22715,1.35,3.23
2012.08.03 13:13:42.005,1.22704,1.22712,3.28,1.50
2012.08.03 13:13:42.189,1.22704,1.22712,1.73,3.60
2012.08.03 13:13:42.434,1.227,1.22708,2.25,1.73
2012.08.03 13:13:42.671,1.22698,1.22705,1.35,1.13
2012.08.03 13:13:42.973,1.22694,1.227,1.13,1.50
2012.08.03 13:13:43.038,1.22693,1.227,3.50,1.50
2012.08.03 13:13:43.103,1.22693,1.22699,3.13,1.50
2012.08.03 13:13:43.655,1.22693,1.227,3.13,1.50
2012.08.03 13:13:44.191,1.22693,1.22699,3.13,1.50
2012.08.03 13:13:44.785,1.22691,1.22697,2.85,1.50
2012.08.03 13:13:45.091,1.22685,1.22694,2.25,4.35
2012.08.03 13:13:45.157,1.22687,1.22694,2.25,3.23
2012.08.03 13:13:45.702,1.22683,1.22689,3.75,1.50
2012.08.03 13:13:45.768,1.22683,1.22691,5.25,2.48
2012.08.03 13:13:46.071,1.22683,1.22689,1.50,3.60
2012.08.03 13:13:46.198,1.2268,1.22687,1.50,2.85
2012.08.03 13:13:46.323,1.22678,1.22686,1.50,1.73
2012.08.03 13:13:46.688,1.22681,1.22688,1.65,1.50
2012.08.03 13:13:46.755,1.22686,1.22692,1.50,3.00
2012.08.03 13:13:47.026,1.22691,1.22696,1.50,1.50
2012.08.03 13:13:47.632,1.22689,1.22695,3.23,1.13
2012.08.03 13:13:47.814,1.22691,1.22701,1.73,2.48
2012.08.03 13:13:48.393,1.22692,1.227,1.43,1.73
2012.08.03 13:13:49.680,1.2269,1.22695,1.43,1.13
2012.08.03 13:13:49.749,1.22689,1.22695,1.43,2.85
2012.08.03 13:13:49.934,1.22685,1.22692,2.25,1.50
2012.08.03 13:13:49.998,1.22684,1.22691,2.63,1.50
2012.08.03 13:13:50.823,1.22684,1.22693,1.43,1.58
2012.08.03 13:13:51.360,1.22685,1.22693,2.15,1.73
2012.08.03 13:13:51.874,1.22685,1.22692,2.18,1.73
2012.08.03 13:13:52.590,1.22684,1.22693,1.50,1.73
2012.08.03 13:13:53.128,1.22683,1.22691,2.18,1.73
2012.08.03 13:13:55.383,1.22681,1.22688,2.53,1.50
2012.08.03 13:13:56.113,1.2268,1.22688,5.38,1.50
2012.08.03 13:13:56.411,1.22683,1.22691,1.50,4.73
2012.08.03 13:13:57.316,1.22683,1.22691,1.50,3.04
2012.08.03 13:13:57.381,1.22681,1.22689,1.55,3.75
2012.08.03 13:13:57.506,1.22679,1.22686,1.73,4.35
2012.08.03 13:13:57.633,1.22678,1.22684,1.50,2.10
2012.08.03 13:13:57.934,1.22675,1.22684,2.25,7.20
2012.08.03 13:13:58.116,1.22673,1.22683,2.25,2.85
2012.08.03 13:13:58.181,1.22671,1.22679,6.00,1.50
2012.08.03 13:13:58.246,1.22671,1.22679,3.75,1.50
2012.08.03 13:13:59.369,1.22669,1.22677,4.55,1.50
2012.08.03 13:13:59.670,1.22671,1.22679,1.50,1.73
2012.08.03 13:14:01.345,1.22671,1.22679,2.30,1.73
2012.08.03 13:14:01.771,1.22673,1.22682,1.78,3.23
2012.08.03 13:14:01.952,1.22672,1.2268,1.03,1.50
2012.08.03 13:14:02.489,1.22673,1.2268,1.03,1.50
2012.08.03 13:14:02.790,1.22676,1.22683,1.13,2.25
2012.08.03 13:14:02.914,1.22679,1.22687,1.50,4.73
2012.08.03 13:14:02.981,1.22679,1.22688,1.73,2.25
2012.08.03 13:14:03.519,1.22679,1.22689,3.13,2.25
2012.08.03 13:14:03.584,1.22679,1.22687,2.38,1.50
2012.08.03 13:14:03.826,1.22679,1.2269,1.63,6.98
2012.08.03 13:14:04.357,1.22679,1.2269,1.63,6.23
2012.08.03 13:14:04.886,1.22679,1.2269,2.38,5.48
2012.08.03 13:14:06.736,1.22679,1.2269,1.63,5.48
2012.08.03 13:14:07.661,1.22679,1.2269,1.63,5.48
2012.08.03 13:14:08.129,1.22678,1.22688,3.13,1.50
2012.08.03 13:14:08.251,1.22677,1.22688,3.28,1.73
2012.08.03 13:14:08.780,1.22677,1.22686,3.28,1.50
2012.08.03 13:14:09.269,1.22678,1.22686,1.03,1.50
2012.08.03 13:14:09.453,1.22678,1.22688,2.53,1.50
2012.08.03 13:14:11.210,1.2268,1.22688,2.85,1.50
2012.08.03 13:14:11.764,1.22681,1.22689,2.48,3.00
2012.08.03 13:14:12.648,1.22682,1.22689,1.73,1.50
2012.08.03 13:14:12.954,1.22689,1.22696,1.88,1.50
2012.08.03 13:14:13.021,1.22691,1.22697,1.50,2.25
2012.08.03 13:14:13.146,1.2269,1.22697,1.50,2.25
2012.08.03 13:14:13.211,1.22689,1.22697,3.21,1.50
2012.08.03 13:14:13.514,1.22687,1.22692,2.48,1.13
2012.08.03 13:14:13.759,1.22682,1.22691,4.88,1.35
2012.08.03 13:14:14.234,1.22681,1.22691,3.23,1.35
2012.08.03 13:14:14.996,1.22681,1.22691,3.23,1.35
2012.08.03 13:14:15.120,1.22681,1.22691,3.98,1.35
2012.08.03 13:14:15.538,1.22683,1.22691,3.00,2.63
2012.08.03 13:14:16.231,1.22684,1.22691,2.25,1.13
2012.08.03 13:14:16.536,1.22681,1.22689,3.28,1.50
2012.08.03 13:14:17.068,1.22681,1.22689,2.53,1.50
2012.08.03 13:14:17.615,1.22681,1.22686,1.55,1.50
2012.08.03 13:14:18.529,1.22681,1.22689,1.78,1.50
2012.08.03 13:14:18.602,1.22682,1.2269,3.23,1.13
2012.08.03 13:14:18.728,1.22682,1.2269,3.23,1.13
2012.08.03 13:14:18.794,1.22682,1.2269,3.23,1.13
2012.08.03 13:14:18.975,1.22681,1.2269,3.83,2.63
2012.08.03 13:14:19.331,1.22681,1.2269,2.33,2.63
2012.08.03 13:14:19.453,1.22681,1.2269,2.33,2.63
2012.08.03 13:14:19.992,1.22682,1.22692,3.23,4.35
2012.08.03 13:14:20.470,1.22682,1.2269,1.50,2.85
2012.08.03 13:14:20.828,1.2268,1.2269,1.50,7.35
2012.08.03 13:14:21.376,1.22679,1.22688,3.28,1.50
2012.08.03 13:14:21.884,1.22679,1.22688,1.78,1.50
2012.08.03 13:14:22.428,1.22679,1.22688,1.78,1.50
2012.08.03 13:14:23.098,1.22681,1.2269,1.50,1.35
2012.08.03 13:14:23.648,1.22684,1.2269,1.50,1.35
2012.08.03 13:14:24.481,1.22682,1.2269,1.50,2.85
2012.08.03 13:14:25.007,1.22683,1.2269,1.50,1.35
2012.08.03 13:14:25.530,1.22681,1.2269,3.00,1.35
2012.08.03 13:14:27.553,1.22684,1.2269,1.50,1.35
2012.08.03 13:14:28.086,1.22684,1.2269,3.00,1.13
2012.08.03 13:14:28.151,1.22686,1.22693,1.50,1.13
2012.08.03 13:14:28.746,1.22684,1.22691,1.73,1.50
2012.08.03 13:14:29.299,1.22684,1.22691,2.48,1.50
2012.08.03 13:14:29.839,1.22683,1.2269,1.50,1.13
2012.08.03 13:14:31.193,1.22683,1.22689,1.50,1.13
2012.08.03 13:14:31.493,1.2268,1.22689,2.48,1.35
2012.08.03 13:14:32.077,1.2268,1.22689,2.48,2.10
2012.08.03 13:14:32.381,1.22675,1.22682,3.75,2.85
2012.08.03 13:14:32.738,1.22674,1.22682,2.25,2.85
2012.08.03 13:14:32.802,1.22673,1.2268,1.50,1.50
2012.08.03 13:14:33.217,1.22672,1.2268,7.03,1.50
2012.08.03 13:14:33.281,1.22672,1.22682,5.53,1.35
2012.08.03 13:14:33.706,1.22675,1.22684,1.50,1.73
2012.08.03 13:14:33.770,1.22675,1.22686,1.50,8.48
2012.08.03 13:14:33.894,1.22676,1.22686,4.50,2.48
2012.08.03 13:14:35.703,1.22677,1.22687,2.53,3.23
2012.08.03 13:14:39.099,1.22681,1.22689,1.50,3.98
2012.08.03 13:14:39.641,1.22681,1.22689,1.50,3.23
2012.08.03 13:14:39.764,1.22679,1.22687,3.23,1.50
2012.08.03 13:14:40.290,1.2268,1.22688,1.50,1.73
2012.08.03 13:14:41.029,1.2268,1.2269,2.48,5.10
2012.08.03 13:14:41.096,1.22685,1.22691,2.25,3.75
2012.08.03 13:14:41.654,1.22687,1.22694,2.25,2.25
2012.08.03 13:14:41.725,1.22687,1.22694,5.90,3.00
2012.08.03 13:14:41.792,1.2269,1.22699,1.50,1.73
2012.08.03 13:14:42.327,1.22691,1.227,2.25,2.85
2012.08.03 13:14:42.880,1.22691,1.22698,2.25,1.35
2012.08.03 13:14:44.554,1.2269,1.22698,3.00,1.35
2012.08.03 13:14:44.912,1.22689,1.22697,1.73,3.00
2012.08.03 13:14:45.216,1.22685,1.22692,2.63,1.35
2012.08.03 13:14:45.341,1.22688,1.22695,1.50,1.88
2012.08.03 13:14:45.408,1.22688,1.22696,1.50,1.35
2012.08.03 13:14:45.473,1.22688,1.22696,3.23,1.13
2012.08.03 13:14:45.602,1.22688,1.22698,4.73,1.13
2012.08.03 13:14:47.859,1.2269,1.22696,3.38,1.13
2012.08.03 13:14:48.161,1.2269,1.22701,2.25,4.13
2012.08.03 13:14:48.692,1.2269,1.22697,2.25,1.13
2012.08.03 13:14:49.168,1.2269,1.22697,3.00,1.13
2012.08.03 13:14:49.367,1.2269,1.22699,3.75,1.35
2012.08.03 13:14:50.040,1.22691,1.22697,1.50,1.13
2012.08.03 13:14:52.728,1.2269,1.22697,3.00,1.13
2012.08.03 13:14:53.251,1.22691,1.22697,2.25,1.13
2012.08.03 13:14:54.041,1.22688,1.22693,3.38,1.13
2012.08.03 13:14:54.165,1.22687,1.22698,5.31,3.98
2012.08.03 13:14:54.288,1.2269,1.22697,1.50,1.50
2012.08.03 13:14:54.353,1.2269,1.22698,2.25,1.50
2012.08.03 13:14:54.888,1.22691,1.22697,1.50,1.13
2012.08.03 13:14:55.778,1.22691,1.22696,1.50,1.13
2012.08.03 13:14:56.959,1.22691,1.227,1.50,1.35
2012.08.03 13:14:57.446,1.22696,1.22703,1.50,2.48
2012.08.03 13:14:57.689,1.22693,1.227,1.50,1.13
2012.08.03 13:14:58.013,1.22693,1.227,1.50,1.35
2012.08.03 13:14:58.256,1.22694,1.227,1.50,1.35
2012.08.03 13:14:59.785,1.22692,1.227,1.50,1.35
2012.08.03 13:15:00.200,1.22688,1.22693,4.50,1.13
2012.08.03 13:15:00.385,1.2269,1.22696,2.25,1.13
2012.08.03 13:15:00.508,1.22688,1.22696,2.48,2.63
2012.08.03 13:15:00.926,1.22693,1.22699,1.50,1.35
2012.08.03 13:15:01.443,1.2269,1.22696,2.25,1.13
2012.08.03 13:15:02.210,1.22686,1.22691,2.25,1.13
2012.08.03 13:15:02.285,1.22682,1.2269,3.00,1.13
2012.08.03 13:15:02.840,1.22683,1.22691,3.00,1.13
2012.08.03 13:15:03.621,1.22683,1.22691,3.75,1.13
2012.08.03 13:15:03.981,1.22683,1.22689,1.50,1.50
2012.08.03 13:15:04.338,1.22682,1.22687,1.03,1.50
2012.08.03 13:15:04.402,1.22682,1.22689,1.03,1.50
2012.08.03 13:15:04.932,1.22682,1.22687,1.03,1.50
2012.08.03 13:15:05.347,1.22682,1.22689,1.78,3.00
2012.08.03 13:15:05.411,1.22682,1.22689,2.15,3.00
2012.08.03 13:15:05.594,1.22683,1.22691,3.38,2.85
2012.08.03 13:15:06.069,1.22685,1.22693,1.55,1.50
2012.08.03 13:15:07.290,1.22685,1.22693,1.55,1.50
2012.08.03 13:15:07.840,1.22686,1.22692,1.50,1.73
2012.08.03 13:15:08.895,1.22686,1.22693,1.50,1.73
2012.08.03 13:15:09.136,1.22685,1.22694,1.55,2.48
2012.08.03 13:15:10.997,1.22684,1.22692,4.55,1.50
2012.08.03 13:15:14.892,1.2269,1.22697,1.03,1.50
2012.08.03 13:15:14.958,1.22688,1.22695,1.55,3.00
2012.08.03 13:15:15.199,1.22687,1.22695,1.55,2.48
2012.08.03 13:15:15.263,1.22688,1.22696,5.30,3.00
2012.08.03 13:15:15.569,1.2269,1.22697,2.48,1.50
2012.08.03 13:15:15.634,1.22696,1.22702,1.55,2.85
2012.08.03 13:15:15.757,1.22695,1.22702,1.55,2.10
2012.08.03 13:15:15.821,1.22695,1.22704,1.55,4.13
2012.08.03 13:15:15.886,1.22695,1.22703,1.50,1.35
2012.08.03 13:15:16.187,1.22693,1.22699,2.25,1.35
2012.08.03 13:15:16.310,1.22692,1.22699,1.50,1.35
2012.08.03 13:15:16.846,1.22691,1.22699,1.50,2.85
2012.08.03 13:15:17.443,1.22691,1.22699,3.80,1.50
2012.08.03 13:15:17.921,1.22693,1.22701,2.25,2.48
2012.08.03 13:15:18.484,1.22693,1.22701,2.54,1.73
2012.08.03 13:15:18.788,1.22695,1.22703,1.73,2.63
2012.08.03 13:15:19.090,1.22695,1.22701,1.50,1.13
2012.08.03 13:15:24.417,1.22695,1.227,1.50,1.13
2012.08.03 13:15:24.483,1.22692,1.227,4.73,2.63
2012.08.03 13:15:24.549,1.22695,1.22702,1.55,1.73
2012.08.03 13:15:24.856,1.227,1.22706,1.50,4.50
2012.08.03 13:15:24.921,1.22698,1.22704,1.50,1.43
2012.08.03 13:15:25.045,1.22693,1.22703,2.30,2.48
2012.08.03 13:15:25.113,1.22693,1.22699,2.25,1.13
2012.08.03 13:15:25.296,1.22691,1.22699,3.00,1.35
2012.08.03 13:15:25.594,1.22691,1.22699,1.50,1.35
2012.08.03 13:15:26.432,1.2269,1.22699,3.23,2.10
2012.08.03 13:15:28.118,1.2269,1.22697,1.50,1.35
2012.08.03 13:15:28.649,1.22689,1.22697,2.48,2.85
2012.08.03 13:15:28.890,1.22687,1.22693,1.50,1.50
2012.08.03 13:15:29.318,1.22685,1.22692,1.50,2.70
2012.08.03 13:15:29.391,1.22681,1.22689,1.50,1.73
2012.08.03 13:15:29.515,1.22682,1.22689,1.50,1.50
2012.08.03 13:15:29.581,1.22682,1.22691,1.50,3.60
2012.08.03 13:15:30.121,1.22683,1.22691,3.00,1.73
2012.08.03 13:15:30.185,1.22683,1.22691,3.23,1.50
2012.08.03 13:15:30.426,1.22685,1.22692,1.50,1.73
2012.08.03 13:15:30.960,1.22683,1.22691,1.50,1.50
2012.08.03 13:15:31.086,1.2268,1.22688,1.50,2.10
2012.08.03 13:15:31.150,1.2268,1.22688,2.25,2.10
2012.08.03 13:15:32.151,1.2268,1.22688,1.50,1.35
2012.08.03 13:15:32.391,1.22678,1.22688,3.75,2.85
2012.08.03 13:15:32.692,1.22679,1.22688,1.73,1.73
2012.08.03 13:15:33.228,1.22679,1.22687,3.23,1.73
2012.08.03 13:15:34.945,1.22679,1.22687,3.23,2.56
2012.08.03 13:15:35.249,1.22673,1.2268,1.50,1.35
2012.08.03 13:15:35.432,1.22673,1.2268,1.50,1.35
2012.08.03 13:15:35.498,1.22673,1.22681,4.76,3.23
2012.08.03 13:15:35.679,1.22675,1.22681,2.25,1.73
2012.08.03 13:15:36.222,1.22675,1.22683,1.50,1.73
2012.08.03 13:15:36.751,1.22674,1.22684,3.23,3.98
2012.08.03 13:15:37.343,1.22671,1.22682,5.83,2.85
2012.08.03 13:15:37.646,1.22672,1.22677,1.50,1.50
2012.08.03 13:15:37.710,1.22669,1.22677,1.50,1.73
2012.08.03 13:15:37.774,1.22669,1.22677,1.73,1.73
2012.08.03 13:15:38.241,1.22671,1.2268,1.50,2.10
2012.08.03 13:15:39.019,1.22673,1.2268,1.50,1.88
2012.08.03 13:15:39.140,1.22671,1.2268,1.50,2.10
2012.08.03 13:15:40.307,1.22671,1.22678,1.48,1.73
2012.08.03 13:15:40.548,1.2267,1.22679,1.50,1.73
2012.08.03 13:15:41.138,1.22671,1.22679,1.45,1.73
2012.08.03 13:15:41.673,1.2267,1.22678,3.73,1.73
2012.08.03 13:15:42.206,1.22671,1.2268,2.25,1.35
2012.08.03 13:15:45.803,1.22671,1.2268,2.25,1.35
2012.08.03 13:15:46.321,1.22671,1.2268,1.50,1.35
2012.08.03 13:15:46.842,1.22671,1.2268,2.25,1.13
2012.08.03 13:15:51.145,1.22671,1.2268,3.73,1.35
2012.08.03 13:15:53.704,1.22672,1.2268,1.50,1.35
2012.08.03 13:15:54.222,1.22673,1.2268,1.50,2.10
2012.08.03 13:15:54.882,1.22671,1.2268,2.25,2.10
2012.08.03 13:15:55.003,1.22673,1.2268,1.50,2.10
2012.08.03 13:15:56.579,1.22673,1.2268,2.98,2.10
2012.08.03 13:15:56.876,1.22676,1.22682,1.50,1.35
2012.08.03 13:15:57.293,1.22673,1.22682,3.75,1.35
2012.08.03 13:15:57.879,1.22673,1.22682,2.25,2.85
2012.08.03 13:15:59.523,1.22671,1.22681,3.98,3.60
2012.08.03 13:15:59.647,1.22671,1.22681,3.75,4.35
2012.08.03 13:16:00.181,1.22671,1.22679,2.25,1.35
2012.08.03 13:16:00.246,1.22671,1.22681,3.23,2.48
2012.08.03 13:16:00.489,1.22674,1.22682,1.50,7.35
2012.08.03 13:16:00.613,1.22671,1.22681,3.75,1.73
2012.08.03 13:16:00.796,1.22673,1.22682,1.50,5.85
2012.08.03 13:16:01.331,1.22674,1.22682,1.50,5.10
2012.08.03 13:16:01.864,1.22672,1.2268,3.23,1.73
2012.08.03 13:16:02.415,1.22672,1.2268,3.23,1.73
2012.08.03 13:16:02.716,1.22673,1.22681,1.50,1.50
2012.08.03 13:16:02.780,1.22673,1.22681,1.50,1.73
2012.08.03 13:16:03.078,1.22673,1.22682,2.25,3.23
2012.08.03 13:16:03.621,1.22673,1.22682,3.00,2.48
2012.08.03 13:16:04.148,1.22673,1.22682,2.25,2.48
2012.08.03 13:16:05.058,1.22673,1.22682,2.48,3.23
2012.08.03 13:16:05.612,1.22672,1.22681,1.73,1.50
2012.08.03 13:16:06.504,1.22671,1.22681,4.03,2.48
2012.08.03 13:16:06.745,1.22671,1.22681,2.30,2.48
2012.08.03 13:16:07.750,1.22673,1.22681,1.13,2.48
2012.08.03 13:16:07.815,1.22673,1.22681,2.68,1.73
2012.08.03 13:16:07.943,1.22677,1.22683,1.13,2.25
2012.08.03 13:16:08.074,1.22679,1.22685,3.00,2.85
2012.08.03 13:16:08.319,1.22676,1.22684,2.25,1.50
2012.08.03 13:16:08.851,1.22675,1.22683,1.50,1.50
2012.08.03 13:16:09.383,1.22677,1.22685,2.25,4.35
2012.08.03 13:16:09.567,1.22678,1.22687,2.48,2.48
2012.08.03 13:16:09.633,1.22677,1.22685,2.48,1.50
2012.08.03 13:16:10.228,1.22677,1.22685,3.23,1.50
2012.08.03 13:16:10.833,1.22677,1.22685,2.48,1.50
2012.08.03 13:16:11.308,1.22678,1.22687,3.23,1.35
2012.08.03 13:16:12.014,1.22679,1.22687,1.88,1.35
2012.08.03 13:16:12.550,1.2268,1.22688,2.25,1.35
2012.08.03 13:16:13.122,1.2268,1.22689,3.98,2.85
2012.08.03 13:16:13.190,1.22682,1.22689,1.50,1.35
2012.08.03 13:16:13.434,1.22683,1.22692,2.25,3.75
2012.08.03 13:16:13.859,1.22681,1.22691,2.53,5.85
2012.08.03 13:16:14.161,1.2268,1.22688,1.73,2.25
2012.08.03 13:16:15.050,1.22682,1.2269,1.50,5.10
2012.08.03 13:16:16.345,1.2268,1.22688,1.50,1.50
2012.08.03 13:16:17.048,1.22681,1.2269,1.50,3.60
2012.08.03 13:16:17.685,1.22681,1.2269,2.25,2.85
2012.08.03 13:16:19.138,1.22681,1.2269,1.50,2.85
2012.08.03 13:16:24.575,1.22679,1.2269,6.00,2.63
2012.08.03 13:16:25.046,1.22679,1.22689,3.00,2.85
2012.08.03 13:16:25.693,1.22679,1.22689,3.00,3.60
2012.08.03 13:16:25.995,1.22679,1.22687,1.50,2.48
2012.08.03 13:16:26.061,1.22675,1.22685,3.00,1.50
2012.08.03 13:16:26.183,1.22675,1.22685,3.00,3.23
2012.08.03 13:16:26.247,1.22675,1.22684,2.25,3.60
2012.08.03 13:16:26.371,1.22676,1.22685,1.50,1.88
2012.08.03 13:16:26.918,1.22676,1.22685,1.50,3.38
2012.08.03 13:16:28.363,1.22676,1.22685,2.48,2.85
2012.08.03 13:16:28.549,1.22677,1.22687,6.50,2.25
2012.08.03 13:16:28.967,1.22679,1.22689,2.25,2.85
2012.08.03 13:16:29.496,1.22679,1.22689,3.00,2.85
2012.08.03 13:16:29.680,1.22681,1.22691,4.03,2.85
2012.08.03 13:16:30.209,1.22682,1.2269,1.50,1.73
2012.08.03 13:16:30.946,1.22683,1.2269,2.90,1.73
2012.08.03 13:16:31.246,1.22688,1.22696,1.50,4.02
2012.08.03 13:16:31.773,1.22688,1.22696,1.50,3.60
2012.08.03 13:16:34.742,1.22688,1.22696,1.50,3.60
2012.08.03 13:16:35.350,1.22688,1.22696,1.50,3.38
2012.08.03 13:16:38.983,1.22688,1.22695,1.50,1.50
2012.08.03 13:16:39.512,1.22686,1.22695,1.03,1.50
2012.08.03 13:16:40.558,1.22686,1.22696,1.03,1.35
2012.08.03 13:16:40.861,1.22694,1.22701,1.03,2.10
2012.08.03 13:16:41.049,1.22696,1.22703,1.73,3.00
2012.08.03 13:16:41.235,1.22693,1.22699,1.50,1.13
2012.08.03 13:16:42.083,1.22692,1.22699,3.00,1.13
2012.08.03 13:16:42.956,1.22694,1.22699,1.50,1.13
2012.08.03 13:16:43.658,1.22692,1.22699,2.25,1.13
2012.08.03 13:16:44.116,1.22692,1.22701,3.65,1.73
2012.08.03 13:16:44.658,1.22693,1.22702,3.00,2.85
2012.08.03 13:16:45.196,1.22693,1.22702,5.25,1.13
2012.08.03 13:16:45.498,1.22695,1.22701,1.50,1.13
2012.08.03 13:16:46.033,1.22694,1.22701,1.50,1.35
2012.08.03 13:16:49.700,1.22694,1.227,1.50,2.35
2012.08.03 13:16:50.005,1.22693,1.22699,1.50,1.88
2012.08.03 13:16:50.131,1.2269,1.22699,1.50,2.33
2012.08.03 13:16:50.431,1.22685,1.22692,1.50,2.10
2012.08.03 13:16:50.615,1.2268,1.2269,3.80,1.73
2012.08.03 13:16:50.972,1.22682,1.2269,1.50,1.73
2012.08.03 13:16:52.376,1.2268,1.22688,4.55,1.50
2012.08.03 13:16:52.501,1.22681,1.2269,3.23,1.13
2012.08.03 13:16:52.625,1.22684,1.2269,1.50,1.13
2012.08.03 13:16:52.968,1.22678,1.22683,3.75,1.13
2012.08.03 13:16:53.161,1.22681,1.22686,1.50,2.25
2012.08.03 13:16:53.287,1.22676,1.22684,5.25,2.63
2012.08.03 13:16:53.707,1.22678,1.22687,1.50,2.85
2012.08.03 13:16:54.243,1.22679,1.22687,1.50,1.35
2012.08.03 13:16:54.802,1.22679,1.22687,1.50,1.35
2012.08.03 13:16:55.450,1.22679,1.22687,2.25,1.35
2012.08.03 13:16:55.574,1.22682,1.2269,1.50,2.85
2012.08.03 13:16:55.991,1.2268,1.22688,3.05,1.06
2012.08.03 13:16:56.296,1.22677,1.22685,1.50,5.70
2012.08.03 13:16:56.363,1.22674,1.22681,1.50,1.35
2012.08.03 13:16:56.429,1.22673,1.22681,5.10,1.35
2012.08.03 13:16:56.981,1.22675,1.22681,2.25,1.13
2012.08.03 13:16:58.761,1.22675,1.22684,4.35,1.35
2012.08.03 13:16:58.828,1.22677,1.22684,1.73,1.35
2012.08.03 13:16:59.135,1.22681,1.22688,1.55,2.48
2012.08.03 13:16:59.376,1.22682,1.2269,1.50,4.35
2012.08.03 13:17:00.144,1.22682,1.2269,1.50,5.10
2012.08.03 13:17:00.208,1.2268,1.22688,2.30,1.50
2012.08.03 13:17:00.737,1.2268,1.22688,3.80,1.50
2012.08.03 13:17:01.498,1.2268,1.22688,3.80,1.50
2012.08.03 13:17:02.027,1.2268,1.22688,3.80,1.50
2012.08.03 13:17:02.695,1.2268,1.22688,3.80,1.50
2012.08.03 13:17:02.818,1.22681,1.22691,1.50,2.48
2012.08.03 13:17:03.174,1.22683,1.22692,1.50,5.10
2012.08.03 13:17:04.350,1.22684,1.22692,1.50,4.35
2012.08.03 13:17:04.705,1.22686,1.22692,1.50,2.85
2012.08.03 13:17:04.767,1.22684,1.22692,1.50,4.35
2012.08.03 13:17:05.976,1.22681,1.22691,2.48,1.73
2012.08.03 13:17:08.036,1.22681,1.22691,3.23,2.48
2012.08.03 13:17:11.868,1.22682,1.22692,1.73,3.38
2012.08.03 13:17:12.461,1.22684,1.22694,2.25,7.13
2012.08.03 13:17:12.643,1.22684,1.22693,2.48,1.73
2012.08.03 13:17:12.942,1.22686,1.22694,1.50,6.60
2012.08.03 13:17:13.481,1.22684,1.22692,1.73,2.25
2012.08.03 13:17:13.662,1.22685,1.22694,1.73,2.85
2012.08.03 13:17:13.724,1.22685,1.22694,3.23,2.10
2012.08.03 13:17:14.163,1.22687,1.22694,1.50,6.00
2012.08.03 13:17:14.237,1.22689,1.22694,2.25,2.25
2012.08.03 13:17:14.539,1.2269,1.22696,4.35,2.25
2012.08.03 13:17:14.781,1.22689,1.227,5.33,2.25
2012.08.03 13:17:14.850,1.22693,1.22699,1.55,1.50
2012.08.03 13:17:15.153,1.22693,1.22702,1.73,1.50
2012.08.03 13:17:15.218,1.22694,1.22703,1.50,1.73
2012.08.03 13:17:15.401,1.22696,1.22703,1.73,1.50
2012.08.03 13:17:15.711,1.22697,1.22704,5.48,1.50
2012.08.03 13:17:15.778,1.22699,1.22704,1.50,2.25
2012.08.03 13:17:15.904,1.227,1.22706,1.55,1.50
2012.08.03 13:17:16.448,1.22701,1.22707,1.50,1.50
2012.08.03 13:17:16.512,1.22701,1.2271,1.73,1.73
2012.08.03 13:17:16.749,1.22702,1.22711,3.00,2.48
2012.08.03 13:17:16.872,1.22704,1.22711,1.50,2.48
2012.08.03 13:17:17.506,1.22704,1.22712,1.50,2.48
2012.08.03 13:17:17.572,1.22703,1.22715,1.50,6.91
2012.08.03 13:17:17.753,1.22705,1.22715,1.73,2.48
2012.08.03 13:17:18.240,1.22708,1.22714,1.50,1.50
2012.08.03 13:17:18.768,1.22708,1.22716,1.50,1.73
2012.08.03 13:17:18.890,1.22709,1.22717,1.50,1.73
2012.08.03 13:17:19.070,1.2271,1.22718,1.50,1.73
2012.08.03 13:17:19.953,1.22711,1.2272,1.50,4.35
2012.08.03 13:17:20.131,1.22712,1.22721,1.50,5.10
2012.08.03 13:17:20.289,1.22714,1.22721,1.50,1.73
2012.08.03 13:17:20.697,1.22714,1.22723,1.78,2.25
2012.08.03 13:17:21.632,1.22715,1.22725,1.73,3.08
2012.08.03 13:17:22.104,1.22717,1.22725,1.73,1.50
2012.08.03 13:17:23.057,1.22718,1.22726,3.65,1.50
2012.08.03 13:17:23.186,1.22718,1.22728,2.48,5.33
2012.08.03 13:17:23.591,1.2272,1.22728,3.23,1.50
2012.08.03 13:17:23.950,1.22721,1.2273,1.73,2.33
2012.08.03 13:17:24.427,1.22723,1.2273,1.50,1.73
2012.08.03 13:17:24.735,1.22725,1.22731,1.50,1.88
2012.08.03 13:17:24.920,1.22725,1.22733,1.50,1.50
2012.08.03 13:17:25.161,1.22727,1.22732,1.50,1.35
2012.08.03 13:17:25.466,1.22727,1.22735,1.40,3.08
2012.08.03 13:17:25.533,1.22729,1.22736,1.73,1.50
2012.08.03 13:17:25.659,1.22728,1.22739,1.50,1.73
2012.08.03 13:17:25.846,1.22731,1.22739,1.73,1.50
2012.08.03 13:17:26.353,1.22732,1.2274,1.73,1.50
2012.08.03 13:17:26.545,1.22734,1.22741,2.25,1.13
2012.08.03 13:17:26.611,1.22735,1.22742,1.73,1.13
2012.08.03 13:17:27.122,1.22734,1.22744,2.18,2.25
2012.08.03 13:17:27.194,1.22735,1.22746,3.08,2.48
2012.08.03 13:17:27.498,1.22736,1.22747,1.65,4.89
2012.08.03 13:17:27.681,1.22737,1.22749,2.40,6.20
2012.08.03 13:17:28.219,1.2274,1.22748,2.40,1.50
2012.08.03 13:17:28.753,1.22741,1.22749,1.65,3.17
2012.08.03 13:17:29.286,1.22742,1.2275,1.65,5.42
2012.08.03 13:17:29.763,1.22743,1.22751,1.73,1.50
2012.08.03 13:17:29.830,1.22744,1.22753,2.33,1.73
2012.08.03 13:17:29.896,1.22746,1.22754,2.48,1.50
2012.08.03 13:17:30.255,1.22747,1.22755,3.90,1.50
2012.08.03 13:17:30.675,1.22747,1.22757,3.23,1.50
2012.08.03 13:17:30.974,1.22749,1.22758,1.73,2.42
2012.08.03 13:17:31.493,1.22751,1.22759,2.93,1.50
2012.08.03 13:17:32.560,1.22751,1.22761,2.48,2.42
2012.08.03 13:17:32.863,1.22753,1.22762,2.48,2.42
2012.08.03 13:17:33.165,1.22753,1.22763,3.23,3.17
2012.08.03 13:17:33.469,1.22755,1.22763,3.60,1.88
2012.08.03 13:17:33.658,1.22756,1.22764,1.50,1.67
2012.08.03 13:17:33.906,1.22757,1.22766,3.23,1.29
2012.08.03 13:17:34.973,1.22758,1.22768,3.23,2.42
2012.08.03 13:17:35.823,1.22761,1.22768,1.35,1.89
2012.08.03 13:17:36.011,1.22769,1.22774,1.50,1.89
2012.08.03 13:17:36.194,1.22767,1.22775,1.73,3.16
2012.08.03 13:17:37.437,1.22768,1.22775,1.73,1.50
2012.08.03 13:17:37.989,1.22766,1.22775,2.48,2.25
2012.08.03 13:17:38.054,1.22766,1.22773,3.23,3.75
2012.08.03 13:17:38.472,1.22765,1.22773,1.73,1.50
2012.08.03 13:17:38.831,1.22763,1.22768,2.25,1.50
2012.08.03 13:17:39.607,1.22763,1.22771,3.23,1.50
2012.08.03 13:17:40.140,1.22763,1.22768,1.73,1.50
2012.08.03 13:17:40.696,1.22763,1.22769,1.73,1.50
2012.08.03 13:17:41.001,1.22767,1.22776,2.25,1.50
2012.08.03 13:17:41.245,1.22767,1.22774,2.25,3.00
2012.08.03 13:17:41.484,1.22768,1.22778,6.83,2.25
2012.08.03 13:17:41.550,1.22768,1.22779,7.25,1.50
2012.08.03 13:17:42.082,1.2277,1.2278,1.73,1.50
2012.08.03 13:17:44.311,1.22772,1.2278,2.10,2.25
2012.08.03 13:17:44.612,1.22772,1.22782,1.50,2.25
2012.08.03 13:17:45.213,1.22772,1.2278,3.23,1.50
2012.08.03 13:17:45.456,1.22772,1.22782,3.75,2.25
2012.08.03 13:17:45.993,1.22771,1.22781,2.25,2.25
2012.08.03 13:17:46.544,1.22771,1.22781,2.25,2.25
2012.08.03 13:17:47.501,1.22773,1.22781,1.50,1.50
2012.08.03 13:17:47.805,1.22777,1.2279,1.50,1.88
2012.08.03 13:17:47.872,1.22778,1.2279,1.50,1.13
2012.08.03 13:17:48.230,1.22777,1.22784,2.25,1.50
2012.08.03 13:17:48.415,1.22777,1.22788,4.58,3.98
2012.08.03 13:17:48.600,1.22777,1.22783,2.48,1.35
2012.08.03 13:17:48.910,1.22777,1.22787,2.25,1.13
2012.08.03 13:17:49.454,1.2278,1.22786,1.73,1.50
2012.08.03 13:17:49.520,1.2278,1.22786,1.73,1.50
2012.08.03 13:17:50.308,1.2278,1.22789,3.98,1.50
2012.08.03 13:17:50.666,1.22784,1.22792,1.50,3.75
2012.08.03 13:17:51.555,1.22784,1.22789,1.50,1.13
2012.08.03 13:17:52.497,1.22783,1.22789,1.50,1.13
2012.08.03 13:17:52.760,1.22783,1.22791,3.00,1.35
2012.08.03 13:17:52.890,1.22785,1.22794,2.25,3.60
2012.08.03 13:17:52.957,1.22788,1.22794,2.06,1.50
2012.08.03 13:17:53.262,1.22793,1.22801,2.98,2.48
2012.08.03 13:17:53.330,1.22793,1.22798,2.23,1.50
2012.08.03 13:17:53.397,1.22793,1.22801,1.50,1.73
2012.08.03 13:17:53.705,1.22793,1.22803,1.73,1.28
2012.08.03 13:17:54.237,1.22795,1.228,1.50,2.25
2012.08.03 13:17:54.487,1.22795,1.228,1.50,1.73
2012.08.03 13:17:54.677,1.22799,1.22805,1.50,6.38
2012.08.03 13:17:54.861,1.22796,1.22804,1.50,1.73
2012.08.03 13:17:54.987,1.22793,1.22804,3.75,3.68
2012.08.03 13:17:55.114,1.22795,1.22804,1.50,1.95
2012.08.03 13:17:55.299,1.22794,1.22804,3.08,1.95
2012.08.03 13:17:55.660,1.22795,1.22805,2.25,6.83
2012.08.03 13:17:55.902,1.22793,1.22801,3.00,1.28
2012.08.03 13:17:56.087,1.2279,1.22798,1.73,1.28
2012.08.03 13:17:56.573,1.22795,1.22802,1.50,3.00
2012.08.03 13:17:57.109,1.22794,1.228,1.50,1.73
2012.08.03 13:17:57.642,1.22794,1.228,1.50,1.73
2012.08.03 13:17:58.179,1.22792,1.22799,1.50,2.10
2012.08.03 13:17:58.540,1.2279,1.22797,2.25,1.50
2012.08.03 13:17:58.959,1.22788,1.22796,4.62,2.18
2012.08.03 13:17:59.496,1.22787,1.22797,3.23,2.48
2012.08.03 13:17:59.680,1.22788,1.22796,1.50,2.48
2012.08.03 13:18:00.215,1.22788,1.22796,1.50,2.48
2012.08.03 13:18:00.808,1.2279,1.22797,1.50,2.48
2012.08.03 13:18:00.931,1.22787,1.22797,2.25,3.98
2012.08.03 13:18:01.323,1.22791,1.22796,1.50,1.50
2012.08.03 13:18:01.624,1.22788,1.22796,1.73,2.48
2012.08.03 13:18:01.805,1.22785,1.22797,2.15,3.98
2012.08.03 13:18:02.049,1.22782,1.22789,2.25,1.50
2012.08.03 13:18:02.113,1.2278,1.22788,1.50,1.73
2012.08.03 13:18:02.176,1.22781,1.22788,1.50,1.73
2012.08.03 13:18:02.245,1.22782,1.22791,1.73,3.00
2012.08.03 13:18:02.372,1.22781,1.22786,2.48,1.50
2012.08.03 13:18:02.439,1.22779,1.22784,3.98,1.50
2012.08.03 13:18:02.859,1.22783,1.22788,1.43,1.50
2012.08.03 13:18:02.924,1.22785,1.22792,1.43,2.10
2012.08.03 13:18:02.989,1.2278,1.22787,3.87,1.50
2012.08.03 13:18:03.294,1.2278,1.22785,1.50,1.50
2012.08.03 13:18:04.006,1.22779,1.22788,1.73,1.73
2012.08.03 13:18:04.129,1.22779,1.22787,3.15,1.50
2012.08.03 13:18:04.376,1.22784,1.22791,1.40,3.00
2012.08.03 13:18:04.652,1.22785,1.22791,3.23,1.50
2012.08.03 13:18:04.727,1.22788,1.22796,2.18,1.50
2012.08.03 13:18:04.979,1.22788,1.22796,3.90,1.50
2012.08.03 13:18:05.516,1.22788,1.22797,2.48,2.25
2012.08.03 13:18:06.053,1.22789,1.22799,3.15,4.35
2012.08.03 13:18:06.827,1.2279,1.22796,2.48,1.50
2012.08.03 13:18:07.068,1.2279,1.22799,2.48,4.73
2012.08.03 13:18:07.621,1.2279,1.22799,2.48,2.48
2012.08.03 13:18:08.052,1.22788,1.22796,5.33,1.50
2012.08.03 13:18:08.117,1.2279,1.22798,2.48,2.25
2012.08.03 13:18:08.651,1.22789,1.22799,2.48,2.48
2012.08.03 13:18:08.717,1.22789,1.22799,2.25,3.68
2012.08.03 13:18:09.074,1.22788,1.22797,1.50,1.88
2012.08.03 13:18:09.140,1.22788,1.22795,1.73,1.88
2012.08.03 13:18:09.206,1.22786,1.22795,1.50,1.73
2012.08.03 13:18:09.334,1.2278,1.22788,2.25,2.10
2012.08.03 13:18:09.584,1.22787,1.22792,1.50,3.00
2012.08.03 13:18:09.649,1.22784,1.22791,2.25,1.95
2012.08.03 13:18:09.775,1.22787,1.22794,1.73,3.75
2012.08.03 13:18:10.259,1.22793,1.22799,1.50,1.88
2012.08.03 13:18:10.326,1.22791,1.22796,1.50,2.10
2012.08.03 13:18:10.570,1.22794,1.228,1.50,1.73
2012.08.03 13:18:11.046,1.22796,1.22802,1.50,1.73
2012.08.03 13:18:11.228,1.22793,1.228,1.50,2.85
2012.08.03 13:18:11.353,1.22796,1.22802,1.50,3.60
2012.08.03 13:18:11.950,1.22796,1.22801,1.50,2.10
2012.08.03 13:18:12.389,1.22792,1.22798,2.25,1.13
2012.08.03 13:18:12.730,1.22793,1.22799,1.50,2.18
2012.08.03 13:18:12.982,1.22791,1.22797,1.50,2.10
2012.08.03 13:18:13.048,1.22791,1.22797,1.50,2.85
2012.08.03 13:18:13.466,1.22789,1.22799,1.73,3.60
2012.08.03 13:18:13.709,1.22793,1.22799,1.50,1.13
2012.08.03 13:18:14.244,1.22793,1.228,1.50,2.85
2012.08.03 13:18:14.487,1.22794,1.228,1.50,2.10
2012.08.03 13:18:14.845,1.2279,1.228,3.75,2.10
2012.08.03 13:18:14.910,1.22793,1.228,1.50,1.88
2012.08.03 13:18:15.387,1.22792,1.228,1.73,2.10
2012.08.03 13:18:15.918,1.22792,1.228,1.50,2.85
2012.08.03 13:18:16.097,1.22792,1.228,1.50,1.35
2012.08.03 13:18:16.632,1.2279,1.228,3.23,1.35
2012.08.03 13:18:17.232,1.2279,1.228,1.73,4.20
2012.08.03 13:18:17.301,1.2279,1.22797,1.73,1.13
2012.08.03 13:18:17.427,1.22787,1.22797,3.23,3.23
2012.08.03 13:18:17.492,1.22787,1.22795,2.48,1.50
2012.08.03 13:18:17.798,1.22786,1.22792,1.13,1.35
2012.08.03 13:18:17.986,1.22785,1.22794,2.75,1.13
2012.08.03 13:18:19.176,1.22788,1.22794,1.50,1.13
2012.08.03 13:18:19.658,1.22788,1.22797,3.23,2.10
2012.08.03 13:18:20.422,1.22788,1.22797,3.23,2.10
2012.08.03 13:18:22.541,1.22789,1.22797,2.48,1.13
2012.08.03 13:18:23.076,1.22789,1.22798,3.12,1.35
2012.08.03 13:18:26.230,1.22789,1.22798,3.12,1.35
2012.08.03 13:18:27.517,1.22787,1.22798,1.50,2.85
2012.08.03 13:18:27.819,1.22783,1.22792,3.98,2.63
2012.08.03 13:18:27.884,1.22781,1.22792,2.37,2.85
2012.08.03 13:18:28.336,1.2278,1.22792,2.33,3.60
2012.08.03 13:18:28.399,1.2278,1.22792,2.33,2.85
2012.08.03 13:18:28.579,1.2278,1.22791,3.83,1.73
2012.08.03 13:18:28.644,1.2278,1.22789,4.47,1.13
2012.08.03 13:18:28.945,1.22778,1.22789,5.10,2.10
2012.08.03 13:18:29.301,1.22778,1.22789,3.60,3.60
2012.08.03 13:18:29.660,1.22782,1.22789,1.50,1.35
2012.08.03 13:18:30.964,1.2278,1.22786,2.15,1.50
2012.08.03 13:18:31.268,1.22775,1.22781,3.75,2.25
2012.08.03 13:18:31.453,1.22777,1.22782,1.50,2.10
2012.08.03 13:18:31.518,1.22773,1.22782,1.71,3.45
2012.08.03 13:18:31.706,1.22772,1.22781,1.73,1.73
2012.08.03 13:18:32.243,1.22772,1.22782,1.73,5.70
2012.08.03 13:18:32.767,1.22771,1.22782,1.40,4.95
2012.08.03 13:18:33.313,1.2277,1.22782,2.25,5.48
2012.08.03 13:18:33.732,1.2277,1.22782,1.50,3.98
2012.08.03 13:18:34.264,1.2277,1.22782,4.50,2.48
2012.08.03 13:18:34.329,1.2277,1.22782,4.50,2.48
2012.08.03 13:18:34.634,1.22771,1.22783,2.25,3.75
2012.08.03 13:18:34.877,1.2277,1.22781,1.50,2.25
2012.08.03 13:18:35.295,1.22771,1.22784,2.37,5.25
2012.08.03 13:18:35.599,1.2278,1.22787,1.62,1.50
2012.08.03 13:18:36.018,1.22777,1.22787,6.72,2.25
2012.08.03 13:18:36.144,1.22778,1.22784,1.40,1.50
2012.08.03 13:18:36.677,1.22777,1.22786,1.62,1.50
2012.08.03 13:18:38.463,1.22778,1.22787,1.62,1.50
2012.08.03 13:18:38.603,1.22778,1.22784,1.40,1.50
2012.08.03 13:18:39.193,1.22776,1.22784,2.25,3.23
2012.08.03 13:18:39.496,1.2277,1.22779,4.40,1.50
2012.08.03 13:18:39.620,1.22774,1.22782,2.25,2.85
2012.08.03 13:18:39.924,1.22777,1.22784,1.62,1.50
2012.08.03 13:18:40.051,1.22776,1.22786,3.60,3.23
2012.08.03 13:18:40.174,1.22776,1.22784,2.97,1.50
2012.08.03 13:18:40.589,1.22776,1.22784,1.40,3.08
2012.08.03 13:18:40.895,1.22773,1.22779,2.48,1.50
2012.08.03 13:18:41.196,1.22775,1.22783,1.62,2.25
2012.08.03 13:18:41.261,1.22776,1.22783,2.75,2.25
2012.08.03 13:18:41.445,1.22777,1.22785,1.62,2.25
2012.08.03 13:18:41.951,1.22777,1.22785,1.62,2.25
2012.08.03 13:18:42.140,1.22776,1.22782,1.62,1.50
2012.08.03 13:18:42.386,1.22774,1.2278,2.25,1.50
2012.08.03 13:18:42.451,1.22774,1.2278,2.25,1.50
2012.08.03 13:18:42.577,1.22774,1.22783,2.25,1.50
2012.08.03 13:18:42.702,1.22774,1.2278,1.73,1.50
2012.08.03 13:18:42.767,1.22776,1.22782,1.73,1.50
2012.08.03 13:18:42.892,1.22776,1.22784,4.62,1.50
2012.08.03 13:18:43.137,1.2278,1.22786,1.62,1.50
2012.08.03 13:18:43.204,1.2278,1.22788,3.12,1.50
2012.08.03 13:18:43.563,1.2278,1.22788,3.12,1.50
2012.08.03 13:18:44.043,1.2278,1.22785,2.25,1.13
2012.08.03 13:18:44.109,1.2278,1.22787,2.15,3.23
2012.08.03 13:18:44.175,1.22779,1.22784,1.50,1.50
2012.08.03 13:18:44.240,1.22781,1.22788,1.50,3.23
2012.08.03 13:18:44.365,1.22781,1.22788,2.10,1.50
2012.08.03 13:18:44.429,1.22784,1.22789,1.50,1.50
2012.08.03 13:18:44.554,1.22784,1.22791,1.73,1.88
2012.08.03 13:18:44.618,1.22784,1.22791,1.73,3.38
2012.08.03 13:18:45.150,1.22783,1.22791,1.50,3.60
2012.08.03 13:18:45.453,1.22779,1.22784,1.50,3.00
2012.08.03 13:18:45.780,1.22776,1.22786,3.65,1.73
2012.08.03 13:18:45.968,1.22769,1.22779,4.40,1.73
2012.08.03 13:18:46.097,1.22773,1.22779,1.43,1.35
2012.08.03 13:18:46.401,1.22772,1.22783,2.90,4.95
2012.08.03 13:18:46.528,1.22773,1.22781,1.43,1.13
2012.08.03 13:18:46.592,1.22771,1.22781,3.00,1.35
2012.08.03 13:18:46.656,1.22771,1.22781,2.18,2.85
2012.08.03 13:18:47.685,1.22772,1.22781,1.32,1.50
2012.08.03 13:18:47.806,1.22772,1.22781,1.32,1.50
2012.08.03 13:18:47.930,1.22772,1.22781,1.32,1.50
2012.08.03 13:18:48.165,1.22771,1.22779,5.10,1.50
2012.08.03 13:18:48.574,1.22771,1.22777,2.25,1.50
2012.08.03 13:18:48.992,1.2277,1.22776,2.37,1.50
2012.08.03 13:18:49.115,1.22769,1.22776,1.73,1.50
2012.08.03 13:18:49.241,1.22769,1.22774,1.73,1.50
2012.08.03 13:18:49.767,1.22769,1.22775,1.73,1.50
2012.08.03 13:18:50.987,1.22773,1.22779,1.43,2.85
2012.08.03 13:18:51.466,1.22776,1.22781,1.50,1.50
2012.08.03 13:18:52.056,1.22774,1.2278,3.00,2.85
2012.08.03 13:18:52.664,1.22774,1.22779,1.50,1.13
2012.08.03 13:18:52.789,1.2277,1.22776,2.25,1.13
2012.08.03 13:18:52.855,1.22772,1.22778,3.00,3.60
2012.08.03 13:18:52.920,1.22768,1.22776,2.25,3.38
2012.08.03 13:18:53.048,1.22765,1.22772,1.88,1.13
2012.08.03 13:18:53.354,1.22767,1.22774,1.50,1.35
2012.08.03 13:18:54.034,1.22765,1.22774,3.50,1.50
2012.08.03 13:18:54.158,1.22765,1.22771,1.62,1.50
2012.08.03 13:18:54.458,1.22763,1.22771,3.23,1.50
2012.08.03 13:18:54.523,1.22763,1.22769,1.50,1.50
2012.08.03 13:18:54.588,1.22763,1.22771,3.00,1.73
2012.08.03 13:18:54.653,1.22764,1.22773,1.32,1.13
2012.08.03 13:18:55.013,1.22766,1.22774,2.25,1.50
2012.08.03 13:18:55.079,1.22766,1.22776,3.75,2.85
2012.08.03 13:18:55.735,1.22766,1.22776,3.75,2.85
2012.08.03 13:18:57.385,1.22766,1.22774,2.25,1.35
2012.08.03 13:18:57.686,1.22765,1.22772,2.37,1.50
2012.08.03 13:18:58.780,1.22765,1.2277,1.73,1.13
2012.08.03 13:18:58.905,1.22762,1.22768,2.25,1.13
2012.08.03 13:18:59.153,1.2276,1.22768,2.25,1.13
2012.08.03 13:18:59.278,1.2276,1.22768,3.00,1.13
2012.08.03 13:18:59.518,1.2276,1.22768,2.25,1.13
2012.08.03 13:19:00.578,1.22755,1.22768,2.37,1.13
2012.08.03 13:19:02.161,1.22759,1.22768,3.12,1.13
2012.08.03 13:19:02.684,1.2276,1.22768,1.73,1.13
2012.08.03 13:19:03.220,1.2276,1.22769,2.37,1.35
2012.08.03 13:19:03.343,1.22763,1.22769,2.25,1.35
2012.08.03 13:19:03.654,1.22764,1.22771,2.37,1.50
2012.08.03 13:19:03.782,1.22765,1.22772,1.40,1.50
2012.08.03 13:19:04.256,1.22772,1.22778,1.62,1.50
2012.08.03 13:19:04.380,1.2277,1.22778,2.90,1.50
2012.08.03 13:19:05.175,1.2277,1.22777,2.90,1.50
2012.08.03 13:19:05.693,1.22769,1.22775,2.15,1.50
2012.08.03 13:19:06.639,1.2277,1.22777,2.15,1.50
2012.08.03 13:19:06.947,1.22774,1.22779,2.56,2.93
2012.08.03 13:19:07.194,1.22776,1.22783,1.50,1.13
2012.08.03 13:19:07.437,1.22777,1.22783,2.25,1.13
2012.08.03 13:19:07.740,1.22782,1.22788,1.50,2.55
2012.08.03 13:19:07.868,1.22786,1.22793,3.83,2.18
2012.08.03 13:19:08.232,1.22786,1.22794,2.25,1.65
2012.08.03 13:19:08.475,1.22786,1.22794,2.25,2.78
2012.08.03 13:19:08.541,1.22785,1.22792,2.37,1.43
2012.08.03 13:19:08.961,1.22786,1.22794,3.98,3.98
2012.08.03 13:19:09.219,1.22794,1.228,1.21,1.50
2012.08.03 13:19:09.288,1.22795,1.22803,2.25,2.25
2012.08.03 13:19:09.534,1.22797,1.22805,1.40,2.40
2012.08.03 13:19:09.719,1.22797,1.22803,3.87,1.43
2012.08.03 13:19:10.021,1.22799,1.22807,1.50,1.50
2012.08.03 13:19:10.085,1.22801,1.22807,2.25,2.18
2012.08.03 13:19:10.207,1.228,1.22807,1.50,2.18
2012.08.03 13:19:10.391,1.22802,1.2281,2.25,2.40
2012.08.03 13:19:10.514,1.22804,1.22815,1.50,2.85
2012.08.03 13:19:11.053,1.22804,1.22811,1.50,1.13
2012.08.03 13:19:11.587,1.22807,1.22812,1.50,1.88
2012.08.03 13:19:11.888,1.228,1.22805,3.00,1.13
2012.08.03 13:19:12.014,1.22803,1.22808,2.48,1.13
2012.08.03 13:19:12.258,1.22804,1.2281,1.50,2.10
2012.08.03 13:19:12.878,1.22805,1.22811,1.50,2.22
2012.08.03 13:19:12.946,1.22807,1.22812,1.50,2.48
2012.08.03 13:19:13.247,1.22804,1.22811,1.50,2.33
2012.08.03 13:19:13.779,1.22803,1.22808,1.50,1.47
2012.08.03 13:19:13.904,1.22801,1.22808,2.48,1.47
2012.08.03 13:19:15.003,1.22801,1.22809,6.23,1.13
2012.08.03 13:19:15.306,1.22806,1.22812,1.73,1.13
2012.08.03 13:19:15.429,1.22805,1.2281,2.25,1.41
2012.08.03 13:19:15.742,1.22804,1.2281,1.50,1.41
2012.08.03 13:19:15.925,1.22801,1.2281,3.90,1.41
2012.08.03 13:19:16.514,1.22804,1.2281,1.43,1.41
2012.08.03 13:19:17.863,1.22802,1.2281,3.90,2.91
2012.08.03 13:19:18.047,1.22802,1.22813,5.40,4.73
2012.08.03 13:19:18.414,1.22806,1.22813,1.50,2.16
2012.08.03 13:19:18.490,1.22806,1.22813,1.73,1.41
2012.08.03 13:19:19.028,1.22806,1.22813,1.73,2.91
2012.08.03 13:19:19.562,1.22806,1.22814,2.25,1.41
2012.08.03 13:19:19.627,1.22809,1.2282,2.85,2.25
2012.08.03 13:19:19.870,1.22811,1.2282,2.99,1.50
2012.08.03 13:19:20.059,1.22811,1.22818,2.25,1.41
2012.08.03 13:19:20.123,1.22811,1.22818,1.50,1.41
2012.08.03 13:19:20.660,1.22811,1.22818,1.50,2.16
2012.08.03 13:19:21.194,1.2281,1.22818,2.48,2.16
2012.08.03 13:19:21.603,1.22809,1.22818,5.48,1.41
2012.08.03 13:19:22.131,1.22809,1.22817,5.48,1.41
2012.08.03 13:19:22.196,1.22809,1.22819,5.48,2.16
2012.08.03 13:19:22.624,1.22809,1.22819,5.48,2.94
2012.08.03 13:19:23.444,1.22809,1.22819,4.50,3.69
2012.08.03 13:19:24.022,1.22809,1.22819,3.23,2.25
2012.08.03 13:19:24.096,1.22812,1.22819,1.49,3.98
2012.08.03 13:19:24.462,1.22809,1.22815,3.21,1.50
2012.08.03 13:19:24.822,1.22809,1.22815,3.21,1.50
2012.08.03 13:19:25.005,1.22811,1.22818,1.50,2.19
2012.08.03 13:19:25.482,1.22809,1.22818,2.46,3.38
2012.08.03 13:19:25.787,1.22807,1.22817,2.46,2.48
2012.08.03 13:19:25.854,1.22807,1.22815,1.50,1.50
2012.08.03 13:19:25.978,1.22808,1.22812,1.50,1.50
2012.08.03 13:19:26.103,1.22803,1.2281,1.50,1.73
2012.08.03 13:19:26.404,1.22807,1.22812,1.50,4.95
2012.08.03 13:19:26.707,1.228,1.22805,2.24,1.50
2012.08.03 13:19:26.830,1.228,1.22807,3.21,1.50
2012.08.03 13:19:26.896,1.22799,1.22807,1.71,1.50
2012.08.03 13:19:28.875,1.22802,1.22809,2.29,1.13
2012.08.03 13:19:29.182,1.22807,1.22812,1.49,1.50
2012.08.03 13:19:29.252,1.22807,1.22812,2.24,1.50
2012.08.03 13:19:29.318,1.22806,1.22814,3.75,4.50
2012.08.03 13:19:29.385,1.22806,1.22812,2.48,1.13
2012.08.03 13:19:29.692,1.22803,1.22811,1.71,1.50
2012.08.03 13:19:29.993,1.22802,1.22809,1.71,1.50
2012.08.03 13:19:30.586,1.228,1.22809,3.21,2.63
2012.08.03 13:19:31.305,1.228,1.22809,2.46,2.63
2012.08.03 13:19:32.303,1.22799,1.22809,3.96,5.25
2012.08.03 13:19:32.427,1.22799,1.22808,2.24,2.18
2012.08.03 13:19:32.829,1.22796,1.22802,3.00,2.10
2012.08.03 13:19:32.901,1.22799,1.22807,1.50,2.93
2012.08.03 13:19:32.968,1.22797,1.22806,4.58,2.25
2012.08.03 13:19:33.214,1.22798,1.22803,1.50,1.50
2012.08.03 13:19:33.458,1.22793,1.22798,1.73,1.13
2012.08.03 13:19:33.822,1.22797,1.22805,1.50,2.63
2012.08.03 13:19:34.122,1.22801,1.22808,1.50,1.73
2012.08.03 13:19:34.189,1.22799,1.22807,1.50,3.60
2012.08.03 13:19:34.373,1.22798,1.22804,2.48,1.50
2012.08.03 13:19:34.674,1.22793,1.22798,3.00,1.13
2012.08.03 13:19:34.739,1.22793,1.22798,3.00,1.13
2012.08.03 13:19:34.862,1.2279,1.22796,3.23,1.50
2012.08.03 13:19:35.398,1.2279,1.22796,1.73,1.50
2012.08.03 13:19:35.944,1.2279,1.22797,1.73,1.43
2012.08.03 13:19:36.008,1.22791,1.22798,2.48,1.13
2012.08.03 13:19:36.701,1.22793,1.22798,1.50,1.13
2012.08.03 13:19:37.008,1.22796,1.22801,1.50,1.13
2012.08.03 13:19:37.266,1.22796,1.22802,1.50,2.10
2012.08.03 13:19:37.391,1.22794,1.22802,1.50,3.75
2012.08.03 13:19:37.950,1.22795,1.22802,1.50,2.33
2012.08.03 13:19:38.016,1.22793,1.22802,2.25,2.33
2012.08.03 13:19:38.603,1.22793,1.22802,2.25,2.70
2012.08.03 13:19:39.132,1.22793,1.22802,2.25,2.70
2012.08.03 13:19:39.951,1.22793,1.22801,2.25,1.06
2012.08.03 13:19:40.077,1.22791,1.22798,2.48,3.68
2012.08.03 13:19:40.382,1.22787,1.22795,1.50,1.73
2012.08.03 13:19:40.624,1.22785,1.22794,2.99,1.73
2012.08.03 13:19:41.679,1.22787,1.22795,1.50,1.73
2012.08.03 13:19:41.921,1.22787,1.22796,1.50,4.35
2012.08.03 13:19:41.986,1.22787,1.22793,2.25,1.13
2012.08.03 13:19:42.289,1.22791,1.22799,1.50,1.35
2012.08.03 13:19:42.879,1.2279,1.22795,1.50,1.13
2012.08.03 13:19:43.409,1.22788,1.22793,3.75,1.13
2012.08.03 13:19:43.716,1.22781,1.22788,1.50,2.10
2012.08.03 13:19:43.784,1.22779,1.22785,1.50,1.50
2012.08.03 13:19:43.851,1.22776,1.22781,1.50,1.13
2012.08.03 13:19:43.977,1.22777,1.22784,1.50,1.73
2012.08.03 13:19:44.103,1.22775,1.22782,2.25,1.73
2012.08.03 13:19:44.405,1.22777,1.22785,1.50,1.88
2012.08.03 13:19:44.471,1.22778,1.22785,2.85,2.85
2012.08.03 13:19:44.594,1.22779,1.22788,1.50,1.50
2012.08.03 13:19:44.657,1.22781,1.22789,2.25,2.85
2012.08.03 13:19:45.298,1.22782,1.22789,1.50,1.35
2012.08.03 13:19:45.548,1.22779,1.22787,3.75,1.13
2012.08.03 13:19:45.907,1.22779,1.22787,3.75,1.13
2012.08.03 13:19:46.848,1.2278,1.22787,1.50,1.13
2012.08.03 13:19:47.621,1.22778,1.22787,1.50,3.60
2012.08.03 13:19:48.281,1.22778,1.22787,2.25,4.35
2012.08.03 13:19:48.578,1.22778,1.22785,3.00,1.13
2012.08.03 13:19:49.109,1.22778,1.22785,3.00,1.13
2012.08.03 13:19:49.700,1.22778,1.22787,2.99,2.63
2012.08.03 13:19:49.824,1.22778,1.22787,4.49,2.63
2012.08.03 13:19:50.957,1.22781,1.22787,1.50,1.13
2012.08.03 13:19:51.499,1.22779,1.22785,2.76,1.50
2012.08.03 13:19:52.037,1.22779,1.22787,4.26,4.13
2012.08.03 13:19:52.453,1.22779,1.22785,1.73,1.50
2012.08.03 13:19:52.810,1.22778,1.22787,3.96,2.63
2012.08.03 13:19:53.762,1.22778,1.22786,3.21,1.50
2012.08.03 13:19:54.008,1.22779,1.22786,2.48,1.50
2012.08.03 13:19:54.546,1.22779,1.22787,2.48,1.13
2012.08.03 13:19:55.098,1.22779,1.22787,1.73,1.13
2012.08.03 13:19:55.402,1.22782,1.22787,1.50,1.13
2012.08.03 13:19:55.524,1.22779,1.22787,4.73,1.13
2012.08.03 13:19:56.470,1.22779,1.22786,3.23,1.13
2012.08.03 13:19:57.004,1.22778,1.22785,1.73,1.13
2012.08.03 13:19:57.131,1.22776,1.22782,3.00,1.13
2012.08.03 13:19:57.616,1.22779,1.22786,3.60,1.50
2012.08.03 13:19:57.742,1.22779,1.22786,4.56,1.50
2012.08.03 13:19:57.806,1.22779,1.22789,1.71,2.48
2012.08.03 13:19:57.930,1.22779,1.22788,1.71,1.50
2012.08.03 13:19:57.994,1.22778,1.22785,3.75,1.13
2012.08.03 13:19:58.648,1.22776,1.22784,2.48,1.88
2012.08.03 13:19:59.064,1.22775,1.22782,2.99,1.50
2012.08.03 13:19:59.462,1.22779,1.22784,1.50,1.13
2012.08.03 13:19:59.716,1.2278,1.22786,1.50,1.73
2012.08.03 13:19:59.961,1.2278,1.22786,1.50,1.88
2012.08.03 13:20:00.026,1.22782,1.22789,1.50,1.73
2012.08.03 13:20:00.559,1.22783,1.22789,1.50,2.48
2012.08.03 13:20:00.915,1.22785,1.2279,1.50,2.70
2012.08.03 13:20:01.216,1.22779,1.22784,1.50,1.50
2012.08.03 13:20:01.464,1.2278,1.22787,1.50,3.23
2012.08.03 13:20:01.824,1.22775,1.22783,3.38,2.48
2012.08.03 13:20:02.185,1.22776,1.22781,1.88,1.73
2012.08.03 13:20:02.251,1.22774,1.22779,1.73,1.50
2012.08.03 13:20:02.567,1.22777,1.22783,1.50,1.50
2012.08.03 13:20:02.810,1.22776,1.22782,1.50,1.50
2012.08.03 13:20:03.351,1.22777,1.22784,1.50,1.50
2012.08.03 13:20:03.768,1.22777,1.22786,3.75,3.60
2012.08.03 13:20:03.832,1.22777,1.22786,3.75,3.60
2012.08.03 13:20:03.897,1.22778,1.22787,2.46,3.00
2012.08.03 13:20:03.962,1.2278,1.22788,1.50,3.98
2012.08.03 13:20:04.266,1.22781,1.22789,1.50,3.60
2012.08.03 13:20:04.582,1.22782,1.22791,1.50,2.25
2012.08.03 13:20:05.173,1.22782,1.2279,1.50,2.25
2012.08.03 13:20:05.239,1.22779,1.2279,2.25,1.13
2012.08.03 13:20:05.776,1.22778,1.22789,3.00,5.10
2012.08.03 13:20:05.842,1.22778,1.22789,4.50,4.50
2012.08.03 13:20:07.236,1.2278,1.22786,1.50,1.13
2012.08.03 13:20:09.140,1.22781,1.22786,1.50,1.13
2012.08.03 13:20:09.492,1.22784,1.22789,1.50,1.13
2012.08.03 13:20:10.905,1.2278,1.2279,1.50,6.83
2012.08.03 13:20:11.378,1.22777,1.22787,4.49,3.23
2012.08.03 13:20:11.914,1.22775,1.22783,2.25,2.25
2012.08.03 13:20:12.445,1.22775,1.22783,1.50,1.50
2012.08.03 13:20:14.525,1.22772,1.22782,3.23,2.85
2012.08.03 13:20:15.233,1.22772,1.22782,1.73,2.85
2012.08.03 13:20:17.733,1.22772,1.22782,2.48,4.35
2012.08.03 13:20:17.799,1.22772,1.2278,1.50,1.73
2012.08.03 13:20:18.336,1.2277,1.2278,2.48,4.35
2012.08.03 13:20:18.976,1.22771,1.2278,2.84,1.73
2012.08.03 13:20:19.282,1.22774,1.2278,1.71,1.13
2012.08.03 13:20:19.764,1.22779,1.22787,3.00,1.73
2012.08.03 13:20:20.128,1.22778,1.22783,2.25,1.13
2012.08.03 13:20:20.688,1.22776,1.22783,2.25,2.10
2012.08.03 13:20:21.243,1.22778,1.22786,1.50,4.35
2012.08.03 13:20:21.308,1.22774,1.22782,1.50,1.73
2012.08.03 13:20:21.838,1.22772,1.22782,2.46,2.48
2012.08.03 13:20:23.774,1.22771,1.22781,3.21,1.50
2012.08.03 13:20:23.897,1.22771,1.22777,1.49,1.50
2012.08.03 13:20:24.202,1.22765,1.22775,1.50,4.95
2012.08.03 13:20:24.326,1.22765,1.22773,3.00,2.10
2012.08.03 13:20:24.393,1.22763,1.22773,2.25,2.10
2012.08.03 13:20:24.870,1.22763,1.22773,1.50,1.73
2012.08.03 13:20:25.171,1.22763,1.22771,2.25,2.85
2012.08.03 13:20:25.710,1.22762,1.2277,1.73,1.50
2012.08.03 13:20:25.773,1.22764,1.22771,1.50,2.10
2012.08.03 13:20:26.435,1.22761,1.22771,8.33,2.85
2012.08.03 13:20:26.793,1.22762,1.22769,1.73,1.50
2012.08.03 13:20:27.337,1.22763,1.2277,1.50,1.13
2012.08.03 13:20:27.814,1.22761,1.22766,1.50,1.13
2012.08.03 13:20:27.939,1.2276,1.22765,1.50,1.35
2012.08.03 13:20:28.006,1.22757,1.22764,2.10,1.13
2012.08.03 13:20:28.313,1.22758,1.22763,1.50,3.75
2012.08.03 13:20:28.672,1.2275,1.22762,2.25,1.35
2012.08.03 13:20:28.977,1.22752,1.22758,1.50,1.35
2012.08.03 13:20:29.106,1.2275,1.22756,1.50,1.50
2012.08.03 13:20:29.513,1.22749,1.22755,1.13,1.35
2012.08.03 13:20:29.584,1.22747,1.22755,2.25,2.48
2012.08.03 13:20:29.651,1.22744,1.2275,1.50,2.65
2012.08.03 13:20:29.837,1.2274,1.22746,1.50,2.25
2012.08.03 13:20:30.378,1.22739,1.22745,4.88,1.88
2012.08.03 13:20:30.729,1.22739,1.22748,1.43,1.73
2012.08.03 13:20:31.318,1.22738,1.22745,2.40,1.13
2012.08.03 13:20:32.027,1.22738,1.22746,2.93,1.73
2012.08.03 13:20:32.206,1.22738,1.22745,2.93,1.13
2012.08.03 13:20:32.752,1.22738,1.22746,4.79,1.73
2012.08.03 13:20:32.818,1.2274,1.22748,2.25,1.88
2012.08.03 13:20:33.120,1.22744,1.2275,1.73,1.50
2012.08.03 13:20:33.187,1.22747,1.22752,2.46,1.50
2012.08.03 13:20:33.473,1.22749,1.22755,1.50,6.75
2012.08.03 13:20:34.014,1.22751,1.22757,1.43,4.13
2012.08.03 13:20:34.136,1.22749,1.22757,1.71,3.38
2012.08.03 13:20:34.672,1.22749,1.22756,2.25,1.95
2012.08.03 13:20:34.739,1.22746,1.22756,4.65,2.48
2012.08.03 13:20:34.866,1.22746,1.22753,3.23,2.63
2012.08.03 13:20:34.992,1.22745,1.22751,1.50,1.50
2012.08.03 13:20:35.406,1.22743,1.22752,1.73,1.73
2012.08.03 13:20:36.173,1.22742,1.22752,2.48,2.48
2012.08.03 13:20:36.788,1.22742,1.22752,2.48,2.25
2012.08.03 13:20:37.438,1.22743,1.22752,1.73,2.25
2012.08.03 13:20:37.502,1.22745,1.22752,1.50,1.50
2012.08.03 13:20:38.171,1.22745,1.22753,2.48,1.50
2012.08.03 13:20:39.227,1.22743,1.22752,2.48,1.50
2012.08.03 13:20:40.232,1.22743,1.22754,1.73,4.13
2012.08.03 13:20:41.128,1.22743,1.22752,3.23,1.50
2012.08.03 13:20:41.431,1.22737,1.22744,1.18,1.50
2012.08.03 13:20:41.556,1.22738,1.22745,2.85,1.50
2012.08.03 13:20:41.800,1.22735,1.22746,3.23,3.38
2012.08.03 13:20:41.865,1.22735,1.22744,1.73,1.50
2012.08.03 13:20:41.992,1.22736,1.22745,1.73,1.73
2012.08.03 13:20:42.058,1.22737,1.22746,1.73,1.50
2012.08.03 13:20:42.122,1.22737,1.22747,3.98,2.63
2012.08.03 13:20:42.186,1.22737,1.22748,3.23,2.25
2012.08.03 13:20:42.545,1.22737,1.22748,1.73,4.88
2012.08.03 13:20:43.059,1.22738,1.22746,1.73,3.00
2012.08.03 13:20:43.593,1.22735,1.22745,3.96,1.50
2012.08.03 13:20:44.271,1.22735,1.22743,3.21,1.50
2012.08.03 13:20:45.021,1.22735,1.22742,3.21,1.50
2012.08.03 13:20:45.561,1.22735,1.22741,2.46,1.50
2012.08.03 13:20:46.155,1.22735,1.22743,3.96,1.50
2012.08.03 13:20:46.279,1.22735,1.22741,1.49,1.50
2012.08.03 13:20:47.054,1.22735,1.22743,3.96,1.50
2012.08.03 13:20:47.545,1.22735,1.22743,3.74,2.25
2012.08.03 13:20:47.902,1.22732,1.2274,1.73,1.50
2012.08.03 13:20:48.207,1.22732,1.22742,3.96,2.25
2012.08.03 13:20:48.868,1.22734,1.22742,1.50,2.25
2012.08.03 13:20:49.757,1.22734,1.22743,2.25,2.63
2012.08.03 13:20:50.117,1.22736,1.22745,3.00,1.73
2012.08.03 13:20:50.303,1.22738,1.22749,2.48,6.80
2012.08.03 13:20:50.789,1.22738,1.22748,1.73,1.73
2012.08.03 13:20:51.321,1.2274,1.22748,1.50,1.50
2012.08.03 13:20:51.855,1.22742,1.22749,1.50,1.88
2012.08.03 13:20:52.215,1.22744,1.22749,1.50,1.13
2012.08.03 13:20:52.751,1.22744,1.22749,1.50,1.88
2012.08.03 13:20:53.298,1.22744,1.22749,1.50,1.13
2012.08.03 13:20:53.734,1.2274,1.22748,2.48,2.10
2012.08.03 13:20:54.158,1.22742,1.22748,1.50,2.85
2012.08.03 13:20:54.284,1.22742,1.22748,1.50,2.63
2012.08.03 13:20:54.529,1.22743,1.2275,1.50,2.48
2012.08.03 13:20:54.595,1.22743,1.22753,1.73,3.98
2012.08.03 13:20:54.719,1.22747,1.22753,1.50,3.75
2012.08.03 13:20:55.258,1.22746,1.22753,1.50,3.00
2012.08.03 13:20:55.849,1.22746,1.22753,1.50,2.25
2012.08.03 13:20:56.398,1.22746,1.22753,1.50,2.25
2012.08.03 13:20:56.926,1.22746,1.22753,1.50,1.50
2012.08.03 13:20:57.320,1.22749,1.22755,1.50,2.25
2012.08.03 13:20:57.449,1.22747,1.22754,1.73,4.96
2012.08.03 13:20:57.844,1.22742,1.22752,2.85,1.58
2012.08.03 13:20:57.913,1.22741,1.2275,3.21,3.00
2012.08.03 13:20:58.332,1.22739,1.22749,3.96,1.50
2012.08.03 13:20:58.804,1.22739,1.22747,1.73,1.50
2012.08.03 13:20:59.109,1.22735,1.22743,1.50,7.35
2012.08.03 13:20:59.175,1.22735,1.22743,1.50,6.60
2012.08.03 13:20:59.241,1.22733,1.22743,1.50,3.98
2012.08.03 13:20:59.365,1.22731,1.22739,2.48,1.50
2012.08.03 13:20:59.488,1.22733,1.22741,1.73,3.00
2012.08.03 13:21:00.499,1.22733,1.22741,1.73,2.25
2012.08.03 13:21:01.048,1.22733,1.22741,1.73,1.50
2012.08.03 13:21:02.079,1.22733,1.22741,1.73,1.50
2012.08.03 13:21:02.466,1.22735,1.22741,1.50,1.50
2012.08.03 13:21:02.886,1.22735,1.22743,1.50,5.63
2012.08.03 13:21:03.306,1.22737,1.22743,1.49,1.50
2012.08.03 13:21:03.608,1.22741,1.22747,1.50,1.35
2012.08.03 13:21:03.850,1.22738,1.22748,2.99,5.33
2012.08.03 13:21:04.466,1.22738,1.22748,2.24,3.23
2012.08.03 13:21:04.531,1.2274,1.22749,2.24,3.98
2012.08.03 13:21:04.835,1.2274,1.22749,2.09,2.25
2012.08.03 13:21:05.497,1.22743,1.22751,1.50,7.47
2012.08.03 13:21:06.305,1.22743,1.22752,1.50,4.35
2012.08.03 13:21:07.255,1.22741,1.2275,1.50,1.88
2012.08.03 13:21:08.333,1.22743,1.22751,1.50,6.60
2012.08.03 13:21:09.718,1.22745,1.22752,1.50,3.00
2012.08.03 13:21:09.840,1.22742,1.22751,2.25,3.83
2012.08.03 13:21:11.681,1.22743,1.22751,2.25,1.73
2012.08.03 13:21:11.988,1.22744,1.22752,2.25,2.25
2012.08.03 13:21:12.052,1.22744,1.22754,2.25,4.13
2012.08.03 13:21:12.118,1.22745,1.22755,1.49,3.75
2012.08.03 13:21:12.305,1.22748,1.22755,1.50,6.75
2012.08.03 13:21:12.487,1.22748,1.22757,2.25,3.38
2012.08.03 13:21:12.669,1.2275,1.22757,3.75,2.48
2012.08.03 13:21:12.851,1.22751,1.22758,1.50,3.31
2012.08.03 13:21:12.916,1.22753,1.22758,1.50,1.88
2012.08.03 13:21:13.100,1.2276,1.22765,2.25,1.13
2012.08.03 13:21:13.232,1.2276,1.22767,3.00,3.00
2012.08.03 13:21:13.472,1.2276,1.22765,1.50,1.88
2012.08.03 13:21:13.716,1.22758,1.22765,1.50,1.13
2012.08.03 13:21:14.075,1.22755,1.22765,3.00,3.38
2012.08.03 13:21:15.215,1.22755,1.22765,2.25,3.38
2012.08.03 13:21:15.623,1.2276,1.22765,1.50,1.13
2012.08.03 13:21:15.747,1.2276,1.22768,1.73,3.38
2012.08.03 13:21:15.870,1.22762,1.22768,1.50,1.88
2012.08.03 13:21:15.934,1.2276,1.22768,1.73,1.88
2012.08.03 13:21:16.581,1.22759,1.22768,2.46,1.96
2012.08.03 13:21:16.767,1.22756,1.22765,2.24,4.13
2012.08.03 13:21:16.890,1.22755,1.22764,2.46,2.63
2012.08.03 13:21:17.252,1.22756,1.22764,1.50,4.35
2012.08.03 13:21:17.611,1.22758,1.22764,1.50,1.88
2012.08.03 13:21:18.152,1.22758,1.22765,1.50,1.73
2012.08.03 13:21:21.024,1.22758,1.22768,2.25,3.75
2012.08.03 13:21:21.211,1.22764,1.22769,2.63,2.25
2012.08.03 13:21:21.279,1.22765,1.22772,2.63,1.88
2012.08.03 13:21:21.705,1.22771,1.22776,1.73,1.13
2012.08.03 13:21:22.184,1.22773,1.22782,1.50,4.28
2012.08.03 13:21:22.542,1.22773,1.22782,1.50,2.33
2012.08.03 13:21:22.841,1.22776,1.22782,1.50,1.58
2012.08.03 13:21:23.198,1.22774,1.2278,1.50,1.13
2012.08.03 13:21:23.729,1.22773,1.22781,2.48,1.50
2012.08.03 13:21:24.434,1.22773,1.22781,2.48,2.25
2012.08.03 13:21:24.942,1.22773,1.22781,1.73,2.25
2012.08.03 13:21:25.354,1.22774,1.22781,2.06,1.50
2012.08.03 13:21:25.658,1.22781,1.22788,1.50,1.50
2012.08.03 13:21:25.959,1.22783,1.22789,1.50,4.13
2012.08.03 13:21:26.023,1.22783,1.22789,1.50,1.88
2012.08.03 13:21:26.564,1.22786,1.22793,1.50,1.73
2012.08.03 13:21:26.867,1.22788,1.22799,2.46,1.13
2012.08.03 13:21:27.172,1.22788,1.22795,3.23,1.73
2012.08.03 13:21:27.239,1.22787,1.22794,2.48,1.50
2012.08.03 13:21:27.546,1.22786,1.22792,1.50,1.58
2012.08.03 13:21:27.670,1.22786,1.22794,2.99,1.73
2012.08.03 13:21:27.794,1.22789,1.22795,1.50,2.10
2012.08.03 13:21:28.036,1.22789,1.22796,2.24,1.50
2012.08.03 13:21:28.221,1.22794,1.228,1.50,3.98
2012.08.03 13:21:28.347,1.22794,1.228,1.50,3.23
2012.08.03 13:21:29.040,1.22792,1.228,1.73,3.23
2012.08.03 13:21:29.106,1.22794,1.228,1.50,3.98
2012.08.03 13:21:29.169,1.22792,1.228,1.50,4.20
2012.08.03 13:21:29.296,1.2279,1.22798,1.73,2.25
2012.08.03 13:21:29.829,1.2279,1.22798,2.25,1.73
2012.08.03 13:21:30.247,1.22791,1.22798,1.49,1.50
2012.08.03 13:21:30.805,1.22792,1.22801,1.49,4.35
2012.08.03 13:21:31.337,1.22791,1.22798,1.49,1.50
2012.08.03 13:21:31.870,1.22792,1.228,2.24,2.48
2012.08.03 13:21:32.218,1.22792,1.228,2.24,2.25
2012.08.03 13:21:32.639,1.22792,1.22802,1.50,2.85
2012.08.03 13:21:32.703,1.22794,1.22802,1.50,2.85
2012.08.03 13:21:32.826,1.22792,1.22802,1.50,2.85
2012.08.03 13:21:33.125,1.22791,1.22799,1.71,1.50
2012.08.03 13:21:33.484,1.22791,1.22796,1.50,2.48
2012.08.03 13:21:33.731,1.22789,1.22796,2.25,3.60
2012.08.03 13:21:33.807,1.22787,1.22796,2.25,1.50
2012.08.03 13:21:33.874,1.22785,1.22796,1.50,3.75
2012.08.03 13:21:33.939,1.22784,1.22795,2.25,3.00
2012.08.03 13:21:34.297,1.22782,1.22795,4.50,4.50
2012.08.03 13:21:34.943,1.22782,1.22793,1.50,4.50
2012.08.03 13:21:35.477,1.22781,1.22792,5.25,1.50
2012.08.03 13:21:35.806,1.22774,1.22785,4.50,2.25
2012.08.03 13:21:36.219,1.22774,1.22785,5.25,1.50
2012.08.03 13:21:36.523,1.22778,1.22783,1.43,2.48
2012.08.03 13:21:36.648,1.22779,1.22785,1.41,1.50
2012.08.03 13:21:36.953,1.2278,1.22786,2.25,1.73
2012.08.03 13:21:37.139,1.2278,1.22788,1.50,4.35
2012.08.03 13:21:37.557,1.22786,1.22794,1.50,1.50
2012.08.03 13:21:37.742,1.22784,1.22792,3.23,1.88
2012.08.03 13:21:38.249,1.22784,1.22792,1.50,1.35
2012.08.03 13:21:38.555,1.22786,1.22792,1.50,1.35
2012.08.03 13:21:39.034,1.22783,1.22791,2.24,1.73
2012.08.03 13:21:39.624,1.22783,1.22791,2.24,2.48
2012.08.03 13:21:40.155,1.22783,1.22791,1.50,3.60
2012.08.03 13:21:40.701,1.22783,1.22788,1.50,1.13
2012.08.03 13:21:41.463,1.22781,1.22786,1.50,1.13
2012.08.03 13:21:41.529,1.22781,1.22786,1.50,1.13
2012.08.03 13:21:43.186,1.22782,1.22789,1.50,1.35
2012.08.03 13:21:45.727,1.22782,1.22789,2.25,1.13
2012.08.03 13:21:45.850,1.22784,1.22789,2.25,1.13
2012.08.03 13:21:46.100,1.22784,1.22797,2.25,1.50
2012.08.03 13:21:46.342,1.22788,1.22795,1.50,1.50
2012.08.03 13:21:46.405,1.22789,1.22796,2.85,1.73
2012.08.03 13:21:46.588,1.22788,1.22799,1.73,1.50
2012.08.03 13:21:46.655,1.22792,1.22797,3.75,1.50
2012.08.03 13:21:46.961,1.22791,1.22801,1.50,1.43
2012.08.03 13:21:47.026,1.22795,1.228,1.50,1.58
2012.08.03 13:21:47.154,1.22796,1.22802,3.00,1.88
2012.08.03 13:21:47.399,1.22795,1.22805,2.25,1.73
2012.08.03 13:21:47.464,1.22802,1.22812,1.50,2.48
2012.08.03 13:21:47.808,1.22805,1.22813,1.50,3.08
2012.08.03 13:21:48.348,1.22803,1.22811,3.75,2.48
2012.08.03 13:21:48.475,1.22803,1.22809,3.00,1.35
2012.08.03 13:21:48.777,1.22806,1.22813,2.33,1.50
2012.08.03 13:21:49.316,1.22805,1.22811,1.13,1.65
2012.08.03 13:21:49.617,1.22806,1.22813,1.50,3.15
2012.08.03 13:21:49.799,1.22803,1.22813,3.75,1.65
2012.08.03 13:21:50.042,1.22805,1.22813,1.49,1.65
2012.08.03 13:21:50.580,1.22806,1.22812,1.50,1.50
2012.08.03 13:21:50.646,1.22806,1.22813,2.85,1.73
2012.08.03 13:21:51.185,1.22809,1.22816,2.46,2.25
2012.08.03 13:21:51.521,1.22812,1.22818,1.49,1.50
2012.08.03 13:21:51.825,1.22808,1.22813,1.88,1.50
2012.08.03 13:21:52.007,1.22812,1.22818,1.49,1.50
2012.08.03 13:21:52.072,1.2281,1.22816,6.75,1.50
2012.08.03 13:21:52.198,1.22812,1.22818,2.24,1.50
2012.08.03 13:21:52.265,1.22812,1.2282,2.24,2.25
2012.08.03 13:21:52.330,1.22812,1.22821,2.46,3.38
2012.08.03 13:21:52.864,1.22812,1.22821,2.24,2.10
2012.08.03 13:21:53.582,1.22814,1.22821,2.23,4.13
2012.08.03 13:21:53.891,1.22813,1.22823,1.71,1.50
2012.08.03 13:21:53.957,1.2282,1.22828,2.46,2.25
2012.08.03 13:21:54.086,1.22824,1.2283,1.50,5.10
2012.08.03 13:21:54.390,1.22826,1.22832,1.49,2.25
2012.08.03 13:21:54.693,1.22831,1.22838,1.49,1.50
2012.08.03 13:21:54.876,1.22832,1.22839,3.74,1.50
2012.08.03 13:21:55.180,1.22836,1.22847,1.49,1.50
2012.08.03 13:21:55.312,1.22837,1.22848,2.48,1.50
2012.08.03 13:21:55.377,1.2284,1.22847,1.73,1.50
2012.08.03 13:21:55.442,1.22841,1.22848,1.73,1.50
2012.08.03 13:21:55.573,1.22841,1.2285,1.13,1.50
2012.08.03 13:21:55.756,1.22842,1.22851,5.63,1.50
2012.08.03 13:21:55.946,1.22842,1.22853,2.24,3.38
2012.08.03 13:21:56.463,1.22843,1.22854,7.33,1.50
2012.08.03 13:21:56.725,1.22844,1.22856,2.99,2.25
2012.08.03 13:21:56.791,1.22848,1.22854,5.10,1.50
2012.08.03 13:21:56.919,1.22849,1.22856,3.75,2.25
2012.08.03 13:21:57.104,1.22849,1.22858,3.23,1.65
2012.08.03 13:21:57.291,1.22856,1.22864,2.48,1.50
2012.08.03 13:21:57.598,1.22856,1.22862,1.73,1.13
2012.08.03 13:21:57.666,1.22854,1.22862,3.97,1.35
2012.08.03 13:21:57.793,1.22853,1.22861,1.50,2.10
2012.08.03 13:21:58.240,1.22853,1.22859,3.56,2.25
2012.08.03 13:21:58.551,1.22846,1.22852,1.50,1.43
2012.08.03 13:21:58.674,1.22847,1.22855,1.49,2.25
2012.08.03 13:21:58.798,1.22849,1.2286,3.75,2.48
2012.08.03 13:21:59.155,1.2285,1.2286,4.35,1.73
2012.08.03 13:21:59.696,1.22851,1.22862,2.25,1.35
2012.08.03 13:21:59.938,1.22852,1.22863,2.25,5.26
2012.08.03 13:22:00.300,1.22854,1.22863,2.25,2.48
2012.08.03 13:22:00.601,1.22857,1.22865,2.25,7.06
2012.08.03 13:22:01.083,1.22851,1.22859,2.25,1.21
2012.08.03 13:22:01.208,1.22851,1.22859,2.48,2.55
2012.08.03 13:22:01.275,1.22847,1.22852,1.48,2.63
2012.08.03 13:22:01.574,1.22845,1.22853,2.46,2.33
2012.08.03 13:22:01.657,1.22843,1.22853,4.50,2.78
2012.08.03 13:22:01.724,1.22842,1.22852,6.98,2.85
2012.08.03 13:22:01.851,1.22842,1.22851,2.23,1.43
2012.08.03 13:22:01.919,1.2284,1.2285,2.25,1.43
2012.08.03 13:22:02.283,1.2284,1.22847,1.49,1.80
2012.08.03 13:22:02.349,1.22838,1.22847,4.13,1.80
2012.08.03 13:22:02.413,1.22837,1.22847,3.00,1.80
2012.08.03 13:22:02.480,1.22837,1.22844,3.00,1.43
2012.08.03 13:22:02.667,1.22835,1.22845,1.50,1.35
2012.08.03 13:22:02.731,1.22829,1.22839,1.50,1.88
2012.08.03 13:22:02.976,1.22831,1.22837,1.50,1.05
2012.08.03 13:22:03.217,1.2283,1.22837,1.50,1.35
2012.08.03 13:22:03.344,1.22827,1.22837,1.73,1.35
2012.08.03 13:22:03.821,1.22825,1.22835,2.48,1.43
2012.08.03 13:22:04.243,1.22825,1.22835,1.73,1.43
2012.08.03 13:22:04.747,1.22827,1.22835,1.73,1.13
2012.08.03 13:22:04.813,1.22831,1.22836,2.10,1.50
2012.08.03 13:22:05.061,1.22833,1.22838,1.50,1.73
2012.08.03 13:22:05.127,1.22829,1.22838,4.73,1.73
2012.08.03 13:22:05.838,1.22831,1.22838,2.48,1.43
2012.08.03 13:22:05.962,1.22831,1.22839,4.73,2.63
2012.08.03 13:22:06.265,1.22832,1.22841,3.98,1.50
2012.08.03 13:22:06.566,1.22832,1.22837,2.70,1.50
2012.08.03 13:22:06.932,1.22836,1.22842,1.73,1.50
2012.08.03 13:22:07.059,1.22835,1.22844,3.00,2.25
2012.08.03 13:22:07.184,1.22837,1.22842,1.50,1.50
2012.08.03 13:22:07.369,1.22836,1.22843,1.50,2.25
2012.08.03 13:22:07.672,1.22836,1.22842,1.50,1.50
2012.08.03 13:22:07.975,1.22837,1.22845,1.50,2.25
2012.08.03 13:22:08.044,1.22836,1.22841,3.00,1.50
2012.08.03 13:22:08.169,1.22837,1.22844,1.50,2.25
2012.08.03 13:22:08.413,1.22839,1.22846,2.25,3.60
2012.08.03 13:22:08.722,1.22846,1.22853,2.18,2.25
2012.08.03 13:22:09.263,1.22849,1.22855,2.25,1.50
2012.08.03 13:22:09.388,1.22847,1.22855,3.98,1.50
2012.08.03 13:22:09.572,1.22848,1.22855,1.73,2.25
2012.08.03 13:22:09.818,1.22849,1.22856,2.25,1.35
2012.08.03 13:22:09.882,1.22849,1.22856,2.25,2.10
2012.08.03 13:22:10.539,1.2285,1.22858,2.25,3.60
2012.08.03 13:22:10.956,1.22852,1.22858,1.50,1.73
2012.08.03 13:22:11.415,1.22855,1.22862,1.50,1.73
2012.08.03 13:22:11.728,1.22854,1.22862,2.25,1.13
2012.08.03 13:22:12.720,1.22854,1.22862,1.50,1.13
2012.08.03 13:22:14.556,1.22853,1.22863,1.50,4.20
2012.08.03 13:22:14.798,1.22851,1.22861,3.00,1.35
2012.08.03 13:22:14.931,1.22851,1.22861,3.00,1.35
2012.08.03 13:22:15.572,1.22851,1.22861,2.25,1.35
2012.08.03 13:22:15.875,1.2285,1.22861,3.00,4.35
2012.08.03 13:22:16.566,1.22846,1.22852,3.74,1.35
2012.08.03 13:22:16.644,1.22845,1.22851,1.50,4.88
2012.08.03 13:22:16.710,1.22842,1.22849,2.25,1.13
2012.08.03 13:22:17.249,1.22841,1.22848,2.25,1.20
2012.08.03 13:22:17.493,1.2284,1.22847,1.50,1.43
2012.08.03 13:22:18.028,1.22839,1.22847,3.00,1.50
2012.08.03 13:22:18.688,1.22838,1.22849,3.21,3.23
2012.08.03 13:22:19.226,1.22839,1.22847,1.50,1.73
2012.08.03 13:22:19.583,1.22838,1.22845,3.21,1.50
2012.08.03 13:22:19.939,1.22843,1.2285,1.50,3.75
2012.08.03 13:22:20.003,1.22839,1.22849,1.73,2.93
2012.08.03 13:22:20.509,1.22838,1.22848,2.24,3.23
2012.08.03 13:22:20.871,1.2284,1.22851,2.48,2.93
2012.08.03 13:22:21.174,1.2284,1.22846,1.50,1.20
2012.08.03 13:22:21.478,1.22834,1.22841,1.50,1.20
2012.08.03 13:22:21.603,1.22834,1.2284,1.50,1.43
2012.08.03 13:22:21.845,1.22832,1.22839,1.50,2.18
2012.08.03 13:22:22.085,1.22832,1.22838,1.50,1.50
2012.08.03 13:22:22.271,1.22829,1.22838,3.74,3.45
2012.08.03 13:22:22.751,1.22826,1.22836,4.35,2.18
2012.08.03 13:22:23.068,1.22819,1.2283,3.21,1.58
2012.08.03 13:22:23.435,1.2282,1.22828,1.50,2.18
2012.08.03 13:22:23.880,1.22817,1.22827,3.06,2.48
2012.08.03 13:22:24.412,1.22816,1.22827,3.75,2.25
2012.08.03 13:22:24.951,1.22816,1.22827,4.50,2.25
2012.08.03 13:22:25.482,1.22816,1.22825,3.00,2.40
2012.08.03 13:22:25.790,1.2281,1.2282,5.46,2.63
2012.08.03 13:22:26.210,1.22815,1.22823,1.43,3.60
2012.08.03 13:22:26.396,1.22817,1.22825,3.59,1.50
2012.08.03 13:22:26.992,1.22819,1.22827,2.24,1.73
2012.08.03 13:22:27.057,1.22818,1.22827,2.24,2.85
2012.08.03 13:22:27.123,1.22818,1.22824,2.46,1.50
2012.08.03 13:22:27.481,1.22819,1.22826,2.46,1.50
2012.08.03 13:22:28.246,1.2282,1.22828,1.71,1.73
2012.08.03 13:22:28.433,1.22824,1.2283,1.43,1.50
2012.08.03 13:22:28.499,1.22824,1.22831,1.43,2.10
2012.08.03 13:22:30.652,1.22826,1.22831,1.43,1.28
2012.08.03 13:22:30.962,1.22823,1.22829,1.43,1.50
2012.08.03 13:22:31.266,1.22823,1.22828,1.43,2.40
2012.08.03 13:22:31.805,1.22821,1.22829,2.46,2.48
2012.08.03 13:22:32.226,1.22819,1.22828,5.85,1.35
2012.08.03 13:22:32.611,1.22818,1.22826,2.25,2.25
2012.08.03 13:22:33.088,1.22818,1.22826,2.48,1.50
2012.08.03 13:22:33.392,1.22818,1.22827,1.50,2.85
2012.08.03 13:22:33.458,1.22817,1.22825,4.71,2.03
2012.08.03 13:22:33.994,1.22817,1.22824,3.75,1.88
2012.08.03 13:22:34.879,1.22818,1.22825,1.49,1.50
2012.08.03 13:22:34.944,1.22818,1.22825,2.46,1.50
2012.08.03 13:22:35.011,1.22818,1.22828,3.96,5.85
2012.08.03 13:22:35.077,1.22824,1.22832,4.50,2.03
2012.08.03 13:22:35.386,1.22826,1.22833,1.73,1.88
2012.08.03 13:22:35.632,1.22828,1.22834,1.73,3.75
2012.08.03 13:22:35.815,1.22828,1.22837,1.73,1.73
2012.08.03 13:22:35.880,1.22828,1.22839,1.73,5.63
2012.08.03 13:22:36.177,1.22829,1.2284,1.73,3.08
2012.08.03 13:22:36.761,1.22831,1.2284,1.50,2.85
2012.08.03 13:22:36.948,1.22832,1.22842,2.48,2.55
2012.08.03 13:22:37.481,1.22834,1.22843,2.25,1.35
2012.08.03 13:22:37.782,1.22835,1.22843,1.50,3.83
2012.08.03 13:22:38.080,1.22842,1.2285,2.25,5.33
2012.08.03 13:22:38.263,1.22842,1.22849,1.50,2.85
2012.08.03 13:22:38.328,1.22842,1.22849,2.25,2.85
2012.08.03 13:22:38.391,1.22842,1.22847,1.50,1.50
2012.08.03 13:22:38.634,1.22844,1.2285,1.50,3.38
2012.08.03 13:22:39.163,1.22844,1.22851,1.50,1.13
2012.08.03 13:22:40.497,1.22844,1.22851,1.50,1.73
2012.08.03 13:22:40.561,1.22844,1.22852,1.50,2.93
2012.08.03 13:22:40.743,1.22844,1.22852,5.85,1.73
2012.08.03 13:22:41.048,1.22847,1.22855,1.50,2.48
2012.08.03 13:22:41.407,1.22847,1.22853,1.50,1.13
2012.08.03 13:22:41.478,1.22846,1.22853,1.50,1.13
2012.08.03 13:22:42.019,1.22845,1.22853,2.48,2.63
2012.08.03 13:22:42.560,1.22844,1.22852,1.73,1.13
2012.08.03 13:22:42.683,1.22839,1.22844,3.85,1.13
2012.08.03 13:22:42.988,1.2284,1.22849,3.21,1.73
2012.08.03 13:22:43.053,1.2284,1.22849,1.49,3.98
2012.08.03 13:22:43.588,1.22838,1.22849,4.71,2.85
2012.08.03 13:22:44.355,1.22842,1.22851,2.25,4.35
2012.08.03 13:22:44.483,1.22846,1.22851,2.63,1.50
2012.08.03 13:22:44.551,1.22846,1.22854,2.25,3.00
2012.08.03 13:22:44.732,1.22851,1.22857,2.25,2.10
2012.08.03 13:22:44.858,1.22853,1.22861,1.53,1.50
2012.08.03 13:22:45.043,1.22856,1.22863,2.24,2.25
2012.08.03 13:22:45.108,1.22856,1.22865,2.25,1.50
2012.08.03 13:22:45.173,1.22856,1.22864,1.50,1.50
2012.08.03 13:22:45.620,1.22855,1.22866,1.49,1.88
2012.08.03 13:22:45.687,1.22855,1.22861,1.49,1.50
2012.08.03 13:22:45.815,1.22851,1.22857,3.74,1.50
2012.08.03 13:22:45.880,1.22851,1.22861,3.74,4.50
2012.08.03 13:22:45.946,1.22851,1.22858,3.74,2.25
2012.08.03 13:22:46.010,1.22851,1.22856,2.99,1.50
2012.08.03 13:22:46.548,1.22849,1.22857,1.48,1.88
2012.08.03 13:22:46.904,1.22849,1.22857,1.48,2.03
2012.08.03 13:22:47.028,1.22849,1.22857,1.48,1.50
2012.08.03 13:22:47.623,1.22849,1.22856,1.48,1.50
2012.08.03 13:22:48.041,1.22846,1.22854,6.06,1.50
2012.08.03 13:22:48.549,1.22846,1.22855,6.06,1.13
2012.08.03 13:22:49.082,1.22847,1.22857,2.48,1.88
2012.08.03 13:22:49.265,1.22849,1.2286,1.35,2.10
2012.08.03 13:22:49.569,1.22857,1.22864,5.31,1.50
2012.08.03 13:22:49.636,1.22858,1.22867,1.73,1.50
2012.08.03 13:22:49.702,1.22858,1.22868,3.23,2.63
2012.08.03 13:22:50.101,1.22858,1.22866,3.00,1.13
2012.08.03 13:22:50.412,1.22854,1.2286,1.73,2.25
2012.08.03 13:22:50.538,1.22849,1.22856,1.73,1.13
2012.08.03 13:22:51.081,1.22849,1.22856,3.23,1.13
2012.08.03 13:22:51.384,1.2285,1.22859,2.10,2.25
2012.08.03 13:22:51.506,1.22849,1.22859,5.08,3.38
2012.08.03 13:22:53.273,1.22851,1.2286,1.43,1.50
2012.08.03 13:22:53.833,1.2285,1.22858,3.83,1.13
2012.08.03 13:22:53.898,1.2285,1.22856,3.60,1.50
2012.08.03 13:22:54.549,1.22854,1.2286,3.21,1.50
2012.08.03 13:22:54.682,1.22858,1.22866,1.71,3.00
2012.08.03 13:22:55.218,1.22857,1.22866,3.73,1.50
2012.08.03 13:22:55.284,1.22857,1.22863,2.48,1.13
2012.08.03 13:22:55.591,1.22855,1.22861,1.43,1.13
2012.08.03 13:22:55.964,1.22854,1.22861,1.73,1.13
2012.08.03 13:22:56.503,1.22853,1.2286,3.00,1.13
2012.08.03 13:22:57.036,1.22852,1.22859,2.33,1.13
2012.08.03 13:22:57.220,1.22852,1.22864,1.43,2.63
2012.08.03 13:22:57.287,1.22852,1.22864,3.12,2.70
2012.08.03 13:22:57.353,1.22859,1.22868,5.06,1.13
2012.08.03 13:22:57.418,1.22859,1.22868,5.06,1.88
2012.08.03 13:22:57.484,1.22863,1.22872,1.50,2.48
2012.08.03 13:22:57.609,1.22864,1.22871,2.01,1.13
2012.08.03 13:22:57.674,1.22867,1.22874,1.50,1.50
2012.08.03 13:22:57.799,1.22867,1.22874,2.23,1.50
2012.08.03 13:22:58.282,1.22866,1.22874,1.58,2.10
2012.08.03 13:22:58.615,1.22867,1.22877,1.73,2.85
2012.08.03 13:22:59.152,1.22866,1.22871,2.85,1.50
2012.08.03 13:22:59.511,1.22866,1.22875,3.08,2.63
2012.08.03 13:22:59.752,1.22863,1.22868,6.92,1.47
2012.08.03 13:23:00.114,1.22863,1.22868,1.50,1.47
2012.08.03 13:23:00.657,1.2286,1.22869,2.48,2.22
2012.08.03 13:23:00.723,1.22859,1.22867,1.50,1.47
2012.08.03 13:23:01.049,1.22858,1.22865,1.50,1.50
2012.08.03 13:23:01.357,1.22858,1.22867,1.50,1.47
2012.08.03 13:23:01.427,1.2286,1.22868,2.63,2.10
2012.08.03 13:23:01.496,1.22868,1.22874,3.23,1.47
2012.08.03 13:23:01.681,1.22869,1.22875,1.35,1.50
2012.08.03 13:23:02.214,1.22865,1.2287,1.88,2.97
2012.08.03 13:23:02.461,1.2286,1.22867,4.50,1.73
2012.08.03 13:23:02.527,1.22856,1.22863,3.23,1.50
2012.08.03 13:23:02.834,1.22856,1.22862,3.00,2.22
2012.08.03 13:23:03.197,1.22855,1.22861,1.50,2.07
2012.08.03 13:23:03.438,1.22851,1.22859,3.98,1.47
2012.08.03 13:23:03.562,1.22851,1.22861,1.50,3.38
2012.08.03 13:23:03.686,1.22853,1.2286,3.08,1.50
2012.08.03 13:23:03.751,1.22852,1.22862,3.08,2.25
2012.08.03 13:23:03.819,1.22854,1.22862,2.48,1.50
2012.08.03 13:23:04.123,1.22856,1.22862,7.02,1.50
2012.08.03 13:23:04.362,1.22857,1.22864,4.65,1.50
2012.08.03 13:23:04.662,1.22858,1.22864,2.25,1.47
2012.08.03 13:23:04.847,1.22859,1.22865,2.48,1.47
2012.08.03 13:23:05.376,1.22857,1.22869,1.73,1.73
2012.08.03 13:23:05.499,1.22865,1.22871,5.54,2.25
2012.08.03 13:23:05.684,1.2287,1.2288,3.23,1.50
2012.08.03 13:23:05.748,1.2287,1.22879,4.21,1.47
2012.08.03 13:23:05.872,1.2287,1.22879,2.71,3.72
2012.08.03 13:23:05.998,1.22872,1.22879,2.25,1.47
2012.08.03 13:23:06.360,1.22872,1.22877,1.50,1.47
2012.08.03 13:23:06.543,1.22871,1.2288,3.39,3.20
2012.08.03 13:23:06.607,1.22871,1.2288,2.11,3.20
2012.08.03 13:23:06.673,1.22871,1.22877,1.73,1.47
2012.08.03 13:23:06.974,1.22871,1.2288,2.48,2.22
2012.08.03 13:23:07.039,1.2287,1.2288,2.48,3.00
2012.08.03 13:23:07.222,1.2287,1.22876,1.73,1.85
2012.08.03 13:23:07.349,1.22869,1.22875,1.50,3.08
2012.08.03 13:23:07.656,1.22869,1.22873,1.50,1.47
2012.08.03 13:23:07.779,1.22861,1.22869,2.48,1.47
2012.08.03 13:23:07.901,1.22861,1.22874,4.73,5.25
2012.08.03 13:23:08.323,1.22865,1.22874,6.46,2.97
2012.08.03 13:23:08.390,1.22866,1.22874,1.50,1.47
2012.08.03 13:23:08.455,1.22867,1.22876,1.50,2.10
2012.08.03 13:23:08.641,1.22868,1.22876,3.60,1.50
2012.08.03 13:23:09.091,1.22873,1.22879,1.65,2.22
2012.08.03 13:23:09.159,1.22873,1.2288,2.40,1.50
2012.08.03 13:23:09.225,1.22873,1.22882,2.40,2.97
2012.08.03 13:23:09.529,1.22878,1.22883,1.14,1.35
2012.08.03 13:23:09.836,1.22879,1.22887,4.58,1.50
2012.08.03 13:23:09.963,1.22877,1.22883,1.50,1.50
2012.08.03 13:23:10.090,1.22883,1.22889,5.25,2.25
2012.08.03 13:23:10.155,1.22881,1.22894,1.51,1.20
2012.08.03 13:23:10.279,1.22888,1.22894,2.25,1.50
2012.08.03 13:23:10.525,1.22892,1.22902,3.20,1.20
2012.08.03 13:23:11.303,1.22893,1.22901,1.73,2.10
2012.08.03 13:23:11.428,1.22896,1.22901,1.73,1.50
2012.08.03 13:23:11.611,1.22898,1.22903,1.50,1.35
2012.08.03 13:23:11.676,1.22898,1.22904,1.50,3.45
2012.08.03 13:23:12.142,1.229,1.22909,2.45,3.68
2012.08.03 13:23:12.274,1.229,1.22909,3.23,2.55
2012.08.03 13:23:12.640,1.22906,1.22911,1.50,1.13
2012.08.03 13:23:13.061,1.22906,1.22911,1.50,1.88
2012.08.03 13:23:13.127,1.22903,1.22911,1.50,1.88
2012.08.03 13:23:13.251,1.22903,1.22912,3.00,2.40
2012.08.03 13:23:13.558,1.22906,1.22913,2.25,1.50
2012.08.03 13:23:14.212,1.22909,1.2292,3.00,3.30
2012.08.03 13:23:14.513,1.22909,1.22922,1.50,1.50
2012.08.03 13:23:14.637,1.22918,1.22925,2.85,2.40
2012.08.03 13:23:14.764,1.22916,1.2293,1.73,1.50
2012.08.03 13:23:15.290,1.22912,1.2292,2.25,1.35
2012.08.03 13:23:15.363,1.22912,1.22921,1.50,3.15
2012.08.03 13:23:15.431,1.22911,1.22921,2.38,2.55
2012.08.03 13:23:15.617,1.22911,1.22921,1.63,3.98
2012.08.03 13:23:15.919,1.22909,1.22918,4.88,1.43
2012.08.03 13:23:16.049,1.22909,1.22918,2.03,2.03
2012.08.03 13:23:16.172,1.22905,1.22917,4.65,3.83
2012.08.03 13:23:16.415,1.22903,1.22911,2.98,1.58
2012.08.03 13:23:16.540,1.22903,1.2291,3.00,2.33
2012.08.03 13:23:16.607,1.22899,1.22909,1.50,5.11
2012.08.03 13:23:16.733,1.22899,1.22908,3.75,2.63
2012.08.03 13:23:16.798,1.22899,1.22907,1.50,1.50
2012.08.03 13:23:16.865,1.229,1.22908,1.88,1.88
2012.08.03 13:23:16.991,1.22901,1.22908,2.25,1.13
2012.08.03 13:23:17.056,1.22904,1.22912,1.48,2.85
2012.08.03 13:23:17.360,1.22906,1.22913,1.50,3.08
2012.08.03 13:23:17.544,1.22909,1.22917,1.50,2.63
2012.08.03 13:23:17.610,1.2291,1.22917,3.00,1.88
2012.08.03 13:23:17.792,1.22909,1.22915,1.50,2.25
2012.08.03 13:23:17.856,1.22905,1.22911,3.00,1.13
2012.08.03 13:23:17.919,1.22905,1.22911,3.00,1.88
2012.08.03 13:23:17.988,1.22906,1.22914,1.50,1.88
2012.08.03 13:23:18.053,1.22906,1.22912,1.50,3.23
2012.08.03 13:23:18.471,1.22908,1.22914,1.43,3.00
2012.08.03 13:23:18.785,1.2291,1.22915,1.43,3.04
2012.08.03 13:23:19.269,1.22905,1.22913,1.70,1.50
2012.08.03 13:23:19.689,1.22907,1.22916,4.18,2.25
2012.08.03 13:23:19.753,1.22907,1.22916,3.95,1.50
2012.08.03 13:23:19.994,1.22907,1.22917,3.88,2.25
2012.08.03 13:23:20.353,1.22907,1.22915,2.23,1.50
2012.08.03 13:23:21.066,1.22905,1.22915,3.13,2.25
2012.08.03 13:23:21.130,1.22905,1.22914,3.13,1.50
2012.08.03 13:23:21.499,1.22905,1.22914,3.13,1.50
2012.08.03 13:23:21.800,1.22904,1.22918,2.48,1.90
2012.08.03 13:23:21.868,1.22908,1.22915,1.73,2.65
2012.08.03 13:23:21.994,1.22908,1.22917,3.80,5.25
2012.08.03 13:23:22.061,1.2291,1.22917,3.30,1.50
2012.08.03 13:23:22.418,1.22911,1.22918,1.65,1.50
2012.08.03 13:23:22.544,1.22911,1.2292,1.65,1.88
2012.08.03 13:23:22.610,1.22919,1.22926,1.65,2.25
2012.08.03 13:23:23.164,1.22917,1.22926,3.20,2.25
2012.08.03 13:23:23.348,1.22917,1.22924,1.48,1.50
2012.08.03 13:23:23.651,1.22918,1.22927,1.73,2.25
2012.08.03 13:23:23.894,1.22917,1.22926,3.20,1.88
2012.08.03 13:23:24.430,1.22916,1.22924,3.95,1.50
2012.08.03 13:23:24.790,1.2292,1.22926,1.50,1.13
2012.08.03 13:23:25.327,1.22917,1.22925,3.98,1.13
2012.08.03 13:23:25.826,1.22918,1.22927,2.45,2.63
2012.08.03 13:23:26.189,1.22919,1.22927,4.73,1.13
2012.08.03 13:23:26.611,1.22923,1.22931,3.00,2.85
2012.08.03 13:23:26.737,1.22926,1.22931,1.50,1.88
2012.08.03 13:23:26.985,1.22927,1.22936,3.23,1.13
2012.08.03 13:23:27.052,1.22929,1.22937,3.20,3.00
2012.08.03 13:23:27.418,1.22932,1.22938,1.50,1.50
2012.08.03 13:23:27.723,1.22933,1.22939,2.46,1.50
2012.08.03 13:23:27.968,1.22935,1.22942,1.48,1.50
2012.08.03 13:23:28.279,1.22935,1.22944,1.05,1.50
2012.08.03 13:23:28.672,1.22942,1.22947,1.50,1.13
2012.08.03 13:23:29.047,1.22942,1.2295,1.50,5.56
2012.08.03 13:23:29.238,1.2294,1.22945,1.50,3.68
2012.08.03 13:23:29.718,1.22937,1.22943,1.50,4.95
2012.08.03 13:23:29.842,1.22934,1.2294,1.43,1.13
2012.08.03 13:23:30.028,1.22932,1.22939,1.43,1.35
2012.08.03 13:23:30.210,1.2293,1.22939,3.60,1.35
2012.08.03 13:23:30.570,1.22928,1.22937,2.48,1.35
2012.08.03 13:23:30.761,1.22927,1.22935,1.80,2.48
2012.08.03 13:23:30.827,1.22924,1.22931,4.50,1.73
2012.08.03 13:23:31.011,1.22924,1.22932,5.23,3.00
2012.08.03 13:23:31.076,1.22922,1.22932,2.40,3.38
2012.08.03 13:23:31.200,1.22926,1.22932,1.48,3.38
2012.08.03 13:23:31.265,1.22924,1.22932,3.75,3.38
2012.08.03 13:23:31.566,1.22926,1.22931,1.48,1.50
2012.08.03 13:23:31.938,1.22929,1.22935,1.50,2.40
2012.08.03 13:23:32.243,1.22926,1.22933,2.25,1.88
2012.08.03 13:23:32.311,1.22928,1.22935,3.78,1.13
2012.08.03 13:23:32.617,1.22928,1.22937,2.00,1.73
2012.08.03 13:23:33.095,1.22927,1.22933,4.35,2.10
2012.08.03 13:23:33.341,1.22924,1.22935,6.95,3.60
2012.08.03 13:23:33.407,1.22924,1.22935,4.58,4.50
2012.08.03 13:23:33.710,1.22926,1.22935,2.33,1.73
2012.08.03 13:23:34.011,1.22928,1.22936,2.23,3.75
2012.08.03 13:23:34.077,1.22928,1.22934,3.73,1.50
2012.08.03 13:23:34.206,1.22929,1.22938,1.50,2.25
2012.08.03 13:23:34.332,1.22928,1.22936,1.80,1.50
2012.08.03 13:23:34.804,1.22928,1.22936,1.43,1.73
2012.08.03 13:23:34.872,1.22927,1.22938,4.93,1.35
2012.08.03 13:23:35.233,1.22928,1.22936,2.93,1.50
2012.08.03 13:23:35.720,1.2293,1.2294,1.50,5.25
2012.08.03 13:23:35.907,1.22931,1.22944,1.13,2.10
2012.08.03 13:23:36.271,1.22931,1.22939,1.86,1.50
2012.08.03 13:23:36.338,1.2293,1.22939,2.45,1.50
2012.08.03 13:23:36.755,1.22931,1.22941,2.10,2.48
2012.08.03 13:23:36.819,1.22931,1.22941,3.08,2.48
2012.08.03 13:23:37.122,1.22933,1.2294,1.88,1.35
2012.08.03 13:23:37.307,1.22934,1.22945,1.73,4.50
2012.08.03 13:23:37.607,1.22933,1.22939,3.38,1.50
2012.08.03 13:23:37.671,1.22935,1.22944,2.10,2.25
2012.08.03 13:23:37.735,1.22938,1.22947,2.25,1.73
2012.08.03 13:23:38.267,1.22943,1.22948,1.50,1.50
2012.08.03 13:23:38.570,1.22939,1.22946,3.00,2.48
2012.08.03 13:23:39.148,1.22943,1.22948,1.50,4.13
2012.08.03 13:23:39.333,1.22939,1.22947,2.25,3.08
2012.08.03 13:23:39.640,1.22934,1.22941,2.25,2.63
2012.08.03 13:23:39.766,1.22934,1.2294,1.50,3.00
2012.08.03 13:23:39.831,1.22931,1.22939,1.50,3.23
2012.08.03 13:23:39.956,1.2293,1.22939,2.25,3.98
2012.08.03 13:23:40.375,1.22928,1.22937,1.50,2.85
2012.08.03 13:23:40.558,1.22925,1.22934,2.10,1.88
2012.08.03 13:23:41.092,1.22924,1.22933,1.50,1.50
2012.08.03 13:23:41.453,1.22922,1.22931,1.35,2.63
2012.08.03 13:23:41.695,1.2292,1.22931,4.70,2.85
2012.08.03 13:23:42.169,1.2292,1.2293,1.73,3.75
2012.08.03 13:23:42.529,1.2292,1.22927,4.13,1.13
2012.08.03 13:23:42.881,1.2292,1.22925,2.06,1.50
2012.08.03 13:23:43.424,1.22919,1.22924,1.50,1.13
2012.08.03 13:23:43.843,1.22913,1.22919,1.50,1.13
2012.08.03 13:23:43.907,1.22913,1.22921,1.50,1.73
2012.08.03 13:23:44.147,1.22911,1.22919,2.64,1.50
2012.08.03 13:23:44.448,1.22911,1.22917,2.45,1.50
2012.08.03 13:23:44.807,1.2291,1.22917,1.50,1.50
2012.08.03 13:23:45.287,1.22909,1.22914,6.35,1.50
2012.08.03 13:23:45.352,1.2291,1.22917,4.13,1.50
2012.08.03 13:23:45.887,1.2291,1.22918,3.65,1.50
2012.08.03 13:23:46.013,1.22913,1.22918,1.50,1.50
2012.08.03 13:23:46.139,1.22913,1.2292,1.70,1.50
2012.08.03 13:23:46.673,1.2291,1.22918,2.18,2.25
2012.08.03 13:23:47.119,1.22908,1.22916,1.20,2.63
2012.08.03 13:23:47.651,1.22908,1.22916,1.20,1.13
2012.08.03 13:23:48.189,1.22908,1.22915,1.73,2.25
2012.08.03 13:23:48.498,1.22907,1.22914,1.95,1.50
2012.08.03 13:23:48.624,1.22901,1.22907,1.20,1.50
2012.08.03 13:23:48.690,1.22898,1.22905,3.68,1.13
2012.08.03 13:23:48.814,1.22898,1.22905,2.63,1.13
2012.08.03 13:23:49.463,1.22898,1.22905,1.20,1.35
2012.08.03 13:23:49.646,1.22897,1.22905,2.40,2.63
2012.08.03 13:23:49.948,1.22894,1.22901,1.95,1.50
2012.08.03 13:23:50.255,1.22887,1.22896,1.58,3.00
2012.08.03 13:23:50.440,1.22886,1.22894,1.88,3.60
2012.08.03 13:23:50.750,1.22884,1.22889,2.10,1.13
2012.08.03 13:23:50.827,1.2288,1.22885,1.43,1.13
2012.08.03 13:23:50.952,1.2288,1.22887,1.43,1.35
2012.08.03 13:23:51.016,1.22877,1.22884,1.05,1.50
2012.08.03 13:23:51.082,1.22876,1.22884,2.48,3.00
2012.08.03 13:23:51.149,1.22876,1.22883,2.40,1.50
2012.08.03 13:23:51.390,1.22875,1.22883,2.40,3.00
2012.08.03 13:23:51.456,1.22874,1.22883,3.50,2.25
2012.08.03 13:23:51.520,1.22875,1.22885,1.70,2.10
2012.08.03 13:23:51.822,1.2288,1.22887,2.23,3.75
2012.08.03 13:23:52.006,1.22884,1.22889,1.43,1.50
2012.08.03 13:23:52.071,1.22884,1.22894,2.53,2.25
2012.08.03 13:23:52.378,1.22888,1.22895,1.73,2.25
2012.08.03 13:23:52.444,1.22888,1.22895,1.73,2.78
2012.08.03 13:23:52.747,1.22891,1.22898,2.23,1.73
2012.08.03 13:23:53.293,1.22888,1.22896,2.53,1.50
2012.08.03 13:23:53.829,1.2289,1.22899,2.30,2.48
2012.08.03 13:23:53.953,1.22891,1.22899,1.25,2.48
2012.08.03 13:23:54.076,1.2289,1.22897,1.40,1.50
2012.08.03 13:23:54.484,1.22894,1.22901,1.43,1.35
2012.08.03 13:23:54.606,1.22892,1.22901,2.18,1.35
2012.08.03 13:23:54.729,1.22894,1.22901,1.43,1.35
2012.08.03 13:23:55.280,1.22893,1.22901,1.43,2.85
2012.08.03 13:23:55.346,1.22895,1.22901,1.43,1.35
2012.08.03 13:23:55.882,1.22895,1.22903,2.33,1.35
2012.08.03 13:23:56.009,1.22901,1.22909,2.83,2.28
2012.08.03 13:23:56.254,1.22904,1.2291,3.20,1.50
2012.08.03 13:23:56.319,1.22906,1.22911,1.50,1.50
2012.08.03 13:23:56.504,1.22906,1.22911,2.25,1.50
2012.08.03 13:23:56.569,1.22906,1.22913,3.75,1.35
2012.08.03 13:23:56.809,1.22904,1.22912,3.00,1.50
2012.08.03 13:23:57.340,1.22904,1.22912,1.50,2.25
2012.08.03 13:23:57.701,1.22905,1.22912,1.13,1.73
2012.08.03 13:23:58.005,1.22908,1.22914,1.95,1.50
2012.08.03 13:23:58.503,1.22909,1.22918,2.25,1.50
2012.08.03 13:23:58.743,1.22912,1.22918,2.10,1.50
2012.08.03 13:23:59.046,1.22913,1.2292,3.45,1.13
2012.08.03 13:23:59.470,1.22912,1.22922,3.95,3.23
2012.08.03 13:23:59.536,1.22915,1.22923,1.50,2.48
2012.08.03 13:24:00.242,1.22915,1.22923,2.98,1.73
2012.08.03 13:24:00.486,1.22915,1.22923,8.33,2.18
2012.08.03 13:24:00.843,1.22919,1.22927,1.73,4.35
2012.08.03 13:24:01.325,1.22916,1.22924,2.48,2.25
2012.08.03 13:24:01.629,1.22914,1.22921,2.25,2.10
2012.08.03 13:24:01.754,1.22914,1.22922,3.23,3.00
2012.08.03 13:24:02.239,1.22913,1.22923,6.45,3.60
2012.08.03 13:24:02.420,1.22913,1.2292,4.20,1.50
2012.08.03 13:24:02.779,1.22914,1.22921,1.18,2.28
2012.08.03 13:24:02.967,1.22914,1.22923,2.68,2.43
2012.08.03 13:24:03.210,1.22917,1.22923,1.18,1.35
2012.08.03 13:24:03.516,1.22911,1.22917,2.48,1.73
2012.08.03 13:24:03.640,1.22909,1.22917,5.48,1.73
2012.08.03 13:24:03.763,1.22913,1.2292,3.00,3.00
2012.08.03 13:24:03.827,1.22909,1.22917,1.95,3.98
2012.08.03 13:24:03.955,1.22909,1.22915,1.95,2.25
2012.08.03 13:24:04.379,1.22909,1.22916,2.48,2.10
2012.08.03 13:24:04.447,1.22912,1.22919,3.23,2.25
2012.08.03 13:24:04.518,1.22915,1.22921,3.60,3.00
2012.08.03 13:24:04.820,1.22912,1.22926,1.20,3.00
2012.08.03 13:24:05.251,1.22917,1.22923,2.25,2.25
2012.08.03 13:24:05.323,1.22917,1.22925,2.45,3.00
2012.08.03 13:24:05.922,1.2292,1.22925,1.10,1.50
2012.08.03 13:24:06.108,1.2292,1.22927,2.98,1.50
2012.08.03 13:24:06.174,1.22922,1.22928,1.50,1.73
2012.08.03 13:24:06.239,1.22927,1.22936,2.98,1.73
2012.08.03 13:24:06.783,1.2293,1.22938,1.50,1.73
2012.08.03 13:24:07.205,1.22925,1.22933,3.98,4.50
2012.08.03 13:24:07.331,1.22923,1.22931,3.98,4.50
2012.08.03 13:24:07.397,1.22922,1.22931,3.00,5.48
2012.08.03 13:24:07.760,1.2292,1.22927,3.20,1.50
2012.08.03 13:24:08.061,1.2292,1.2293,3.20,1.73
2012.08.03 13:24:08.362,1.22926,1.22934,1.85,3.38
2012.08.03 13:24:08.872,1.22929,1.22935,1.10,1.50
2012.08.03 13:24:09.408,1.22929,1.22935,1.10,1.50
2012.08.03 13:24:09.589,1.22929,1.22937,1.10,2.25
2012.08.03 13:24:09.827,1.22927,1.22937,1.73,1.50
2012.08.03 13:24:10.259,1.22929,1.22938,1.50,5.33
2012.08.03 13:24:10.382,1.22927,1.22937,2.10,2.48
2012.08.03 13:24:10.929,1.22928,1.22936,1.50,1.73
2012.08.03 13:24:11.578,1.22926,1.22935,3.20,1.50
2012.08.03 13:24:11.818,1.22927,1.22933,2.10,1.13
2012.08.03 13:24:12.123,1.22925,1.2293,3.00,1.13
2012.08.03 13:24:12.548,1.22923,1.22928,1.50,1.13
2012.08.03 13:24:13.075,1.22921,1.22928,1.50,2.10
2012.08.03 13:24:13.144,1.22917,1.22928,2.10,2.48
2012.08.03 13:24:13.329,1.22916,1.22927,2.45,2.56
2012.08.03 13:24:13.636,1.22911,1.2292,2.48,1.50
2012.08.03 13:24:13.939,1.22913,1.22922,3.00,1.50
2012.08.03 13:24:14.122,1.22917,1.22925,1.50,3.00
2012.08.03 13:24:14.305,1.22916,1.22923,2.85,1.88
2012.08.03 13:24:14.430,1.22917,1.22923,3.00,1.88
2012.08.03 13:24:14.555,1.22914,1.22921,3.75,1.50
2012.08.03 13:24:14.620,1.22914,1.22921,1.13,1.50
2012.08.03 13:24:14.920,1.22913,1.22921,2.48,1.50
2012.08.03 13:24:15.105,1.22918,1.22923,1.50,1.88
2012.08.03 13:24:15.291,1.22916,1.22923,1.50,2.10
2012.08.03 13:24:15.357,1.22914,1.22919,1.50,1.13
2012.08.03 13:24:15.542,1.22913,1.22919,1.50,1.35
2012.08.03 13:24:16.136,1.22913,1.22919,2.18,1.35
2012.08.03 13:24:16.320,1.22918,1.22923,1.43,2.63
2012.08.03 13:24:16.588,1.22919,1.22925,1.32,3.38
2012.08.03 13:24:16.662,1.22925,1.2293,1.13,6.00
2012.08.03 13:24:17.026,1.22924,1.2293,1.95,5.48
2012.08.03 13:24:17.091,1.22923,1.2293,2.18,5.48
2012.08.03 13:24:17.513,1.22923,1.22932,3.48,2.25
2012.08.03 13:24:18.054,1.22922,1.22931,3.65,1.73
2012.08.03 13:24:18.648,1.22922,1.22933,2.22,6.23
2012.08.03 13:24:19.097,1.22922,1.22933,3.12,3.00
2012.08.03 13:24:19.632,1.22925,1.22933,1.43,4.73
2012.08.03 13:24:19.814,1.22922,1.22932,1.50,2.25
2012.08.03 13:24:19.879,1.22921,1.22932,2.97,2.25
2012.08.03 13:24:20.062,1.22921,1.2293,2.00,3.45
2012.08.03 13:24:20.464,1.22919,1.22926,2.18,3.75
2012.08.03 13:24:20.669,1.22916,1.22923,2.40,4.13
2012.08.03 13:24:20.741,1.22915,1.22923,1.43,4.21
2012.08.03 13:24:20.867,1.22913,1.2292,1.47,1.35
2012.08.03 13:24:21.176,1.22908,1.22918,1.28,3.00
2012.08.03 13:24:21.421,1.22907,1.22916,3.27,1.35
2012.08.03 13:24:21.970,1.22907,1.22917,5.60,1.50
2012.08.03 13:24:22.094,1.22909,1.22918,1.25,2.48
2012.08.03 13:24:22.218,1.22909,1.22918,1.25,2.48
2012.08.03 13:24:23.395,1.2291,1.22917,1.47,1.50
2012.08.03 13:24:23.699,1.22913,1.2292,1.47,1.50
2012.08.03 13:24:24.427,1.22915,1.2292,1.50,1.50
2012.08.03 13:24:24.499,1.22914,1.22921,1.50,3.98
2012.08.03 13:24:24.859,1.22912,1.22919,2.22,2.48
2012.08.03 13:24:25.167,1.22908,1.22914,1.50,2.48
2012.08.03 13:24:25.237,1.22904,1.22913,3.98,2.48
2012.08.03 13:24:25.303,1.22906,1.22912,1.50,2.63
2012.08.03 13:24:25.487,1.22902,1.2291,2.22,2.48
2012.08.03 13:24:26.018,1.22904,1.22912,1.50,5.10
2012.08.03 13:24:26.258,1.22904,1.22912,3.57,3.00
2012.08.03 13:24:26.383,1.22907,1.22914,2.22,1.73
2012.08.03 13:24:26.508,1.22909,1.22915,2.22,1.50
2012.08.03 13:24:26.642,1.22909,1.22917,3.72,3.00
2012.08.03 13:24:26.706,1.22911,1.22917,1.50,1.50
2012.08.03 13:24:27.240,1.22911,1.22918,1.50,1.73
2012.08.03 13:24:27.362,1.22909,1.22918,1.32,2.48
2012.08.03 13:24:28.137,1.2291,1.22918,1.50,1.73
2012.08.03 13:24:28.203,1.22905,1.22917,2.83,1.35
2012.08.03 13:24:28.537,1.22907,1.22913,1.50,1.73
2012.08.03 13:24:28.663,1.22908,1.22916,1.47,4.35
2012.08.03 13:24:28.906,1.22906,1.22913,5.05,2.25
2012.08.03 13:24:29.210,1.22901,1.22909,2.22,3.23
2012.08.03 13:24:29.274,1.22901,1.22907,2.22,1.50
2012.08.03 13:24:29.457,1.22904,1.22913,1.47,3.78
2012.08.03 13:24:29.582,1.22903,1.22912,2.33,2.25
2012.08.03 13:24:29.648,1.22905,1.22912,1.32,2.25
2012.08.03 13:24:29.714,1.22903,1.22912,5.03,2.48
2012.08.03 13:24:29.779,1.22904,1.22912,1.55,2.25
2012.08.03 13:24:29.845,1.22905,1.22912,1.35,2.25
2012.08.03 13:24:30.160,1.22911,1.22919,1.47,1.73
2012.08.03 13:24:30.463,1.2291,1.22916,1.32,1.50
2012.08.03 13:24:30.531,1.22908,1.22913,2.85,2.25
2012.08.03 13:24:30.836,1.22909,1.22915,2.25,2.14
2012.08.03 13:24:30.900,1.22909,1.22917,2.10,1.73
2012.08.03 13:24:31.025,1.22907,1.22916,2.22,1.73
2012.08.03 13:24:31.092,1.22906,1.22913,2.97,1.73
2012.08.03 13:24:31.395,1.22903,1.2291,1.47,1.50
2012.08.03 13:24:31.817,1.229,1.22907,1.47,1.73
2012.08.03 13:24:32.003,1.22898,1.22906,2.30,2.48
2012.08.03 13:24:32.359,1.22898,1.22908,2.85,3.08
2012.08.03 13:24:32.483,1.22898,1.22908,4.43,3.23
2012.08.03 13:24:32.780,1.22899,1.22904,1.50,0.23
2012.08.03 13:24:33.026,1.22896,1.22901,1.73,1.13
2012.08.03 13:24:33.151,1.22894,1.22901,2.25,1.35
2012.08.03 13:24:33.215,1.22896,1.22901,1.50,1.35
2012.08.03 13:24:33.396,1.22894,1.22901,3.60,2.85
2012.08.03 13:24:33.697,1.22892,1.22901,2.97,3.60
2012.08.03 13:24:33.915,1.22896,1.22901,1.50,2.85
2012.08.03 13:24:34.626,1.22894,1.22901,1.50,1.50
2012.08.03 13:24:34.930,1.22892,1.22901,3.20,3.98
2012.08.03 13:24:35.112,1.2289,1.22899,3.20,2.10
2012.08.03 13:24:35.236,1.2289,1.22897,3.95,1.73
2012.08.03 13:24:35.626,1.2289,1.22895,2.45,1.50
2012.08.03 13:24:35.876,1.22887,1.22895,1.50,2.85
2012.08.03 13:24:36.426,1.22889,1.22895,1.73,3.00
2012.08.03 13:24:36.494,1.22889,1.22894,2.48,1.50
2012.08.03 13:24:36.559,1.2289,1.22898,1.73,2.48
2012.08.03 13:24:36.802,1.22889,1.22896,3.98,1.73
2012.08.03 13:24:37.338,1.2289,1.22897,1.50,1.73
2012.08.03 13:24:37.869,1.2289,1.22897,1.50,1.50
2012.08.03 13:24:37.992,1.2289,1.22897,1.50,1.73
2012.08.03 13:24:38.519,1.2289,1.22897,1.50,1.73
2012.08.03 13:24:39.094,1.22888,1.22898,1.73,3.60
2012.08.03 13:24:39.740,1.22887,1.22898,3.57,2.85
2012.08.03 13:24:39.808,1.22887,1.22897,2.22,2.48
2012.08.03 13:24:40.108,1.22885,1.22895,2.45,2.85
2012.08.03 13:24:40.173,1.22884,1.22891,1.13,1.35
2012.08.03 13:24:40.297,1.22883,1.22891,4.50,2.48
2012.08.03 13:24:40.422,1.2288,1.22888,3.23,1.50
2012.08.03 13:24:40.729,1.22878,1.22888,1.47,1.73
2012.08.03 13:24:40.795,1.2288,1.22889,2.22,2.10
2012.08.03 13:24:40.861,1.22881,1.22889,1.50,2.85
2012.08.03 13:24:41.398,1.22879,1.22888,2.48,1.73
2012.08.03 13:24:41.467,1.22879,1.22888,2.48,2.48
2012.08.03 13:24:41.774,1.2288,1.22888,1.73,3.23
2012.08.03 13:24:42.326,1.2288,1.22889,3.90,2.85
2012.08.03 13:24:42.856,1.2288,1.22889,3.15,2.85
2012.08.03 13:24:43.158,1.22876,1.22882,2.18,3.00
2012.08.03 13:24:43.343,1.22872,1.22878,2.25,2.10
2012.08.03 13:24:43.469,1.2287,1.22876,1.50,1.50
2012.08.03 13:24:43.534,1.22869,1.22876,3.20,1.50
2012.08.03 13:24:44.074,1.22868,1.22875,1.73,1.13
2012.08.03 13:24:44.139,1.22867,1.22875,1.50,2.85
2012.08.03 13:24:45.262,1.2287,1.22875,1.43,1.35
2012.08.03 13:24:45.936,1.22868,1.22875,1.43,1.73
2012.08.03 13:24:46.244,1.22865,1.22871,2.48,1.88
2012.08.03 13:24:46.548,1.22864,1.22869,1.50,3.38
2012.08.03 13:24:46.613,1.22862,1.22868,2.25,1.50
2012.08.03 13:24:47.211,1.2286,1.22869,2.25,5.85
2012.08.03 13:24:47.335,1.22861,1.22866,1.43,1.73
2012.08.03 13:24:47.462,1.22858,1.22866,5.22,1.73
2012.08.03 13:24:48.003,1.22859,1.22868,1.50,1.50
2012.08.03 13:24:48.308,1.22862,1.22871,3.95,2.10
2012.08.03 13:24:48.877,1.22863,1.22873,2.40,1.73
2012.08.03 13:24:49.081,1.22868,1.22875,1.50,3.00
2012.08.03 13:24:49.207,1.2287,1.22876,1.50,3.00
2012.08.03 13:24:49.514,1.22872,1.22879,5.07,1.50
2012.08.03 13:24:49.756,1.22874,1.22881,1.73,1.65
2012.08.03 13:24:50.287,1.22874,1.22883,2.86,1.35
2012.08.03 13:24:50.814,1.22874,1.22881,2.18,1.13
2012.08.03 13:24:50.939,1.22874,1.22885,5.71,2.85
2012.08.03 13:24:51.063,1.22878,1.22885,1.50,1.35
2012.08.03 13:24:51.369,1.22879,1.22887,4.65,1.73
2012.08.03 13:24:51.913,1.2288,1.22885,1.50,1.13
2012.08.03 13:24:52.387,1.2288,1.22888,1.50,1.35
2012.08.03 13:24:52.935,1.22883,1.22892,3.20,2.33
2012.08.03 13:24:53.273,1.22881,1.22887,2.25,1.35
2012.08.03 13:24:53.812,1.22881,1.22886,3.68,1.50
2012.08.03 13:24:54.109,1.22882,1.22888,1.50,1.35
2012.08.03 13:24:54.177,1.2288,1.22888,3.00,2.85
2012.08.03 13:24:54.362,1.2288,1.22887,2.25,1.73
2012.08.03 13:24:54.485,1.22883,1.22888,2.10,1.13
2012.08.03 13:24:54.789,1.22886,1.22892,1.50,2.48
2012.08.03 13:24:54.914,1.22881,1.22887,3.00,1.35
2012.08.03 13:24:55.329,1.22883,1.22888,1.50,1.35
2012.08.03 13:24:56.026,1.22881,1.22888,3.00,1.35
2012.08.03 13:24:56.725,1.22882,1.22888,1.50,1.35
2012.08.03 13:24:57.203,1.22885,1.22892,1.50,3.23
2012.08.03 13:24:57.328,1.22886,1.22892,3.80,2.25
2012.08.03 13:24:57.457,1.2289,1.22895,1.50,1.13
2012.08.03 13:24:57.582,1.2289,1.22898,2.25,2.48
2012.08.03 13:24:57.648,1.2289,1.22898,3.23,1.73
2012.08.03 13:24:58.184,1.2289,1.22898,2.48,1.73
2012.08.03 13:24:58.487,1.22889,1.22898,4.73,1.73
2012.08.03 13:24:58.789,1.22888,1.22897,2.22,1.88
2012.08.03 13:24:58.972,1.22885,1.22892,1.50,3.60
2012.08.03 13:24:59.508,1.22883,1.22892,2.45,4.28
2012.08.03 13:25:00.042,1.22884,1.22892,2.48,3.53
2012.08.03 13:25:00.549,1.22884,1.22892,2.48,2.48
2012.08.03 13:25:00.823,1.22887,1.22896,3.20,1.35
2012.08.03 13:25:00.890,1.22886,1.22896,5.10,3.98
2012.08.03 13:25:01.192,1.22883,1.22888,4.35,1.13
2012.08.03 13:25:01.320,1.22884,1.22889,3.23,1.13
2012.08.03 13:25:01.446,1.22881,1.22888,1.50,1.73
2012.08.03 13:25:01.747,1.22885,1.22892,1.50,2.48
2012.08.03 13:25:01.931,1.22886,1.22892,1.50,2.85
2012.08.03 13:25:01.995,1.2289,1.22895,1.50,3.38
2012.08.03 13:25:03.540,1.22887,1.22894,4.50,1.35
2012.08.03 13:25:03.843,1.2289,1.22895,1.50,1.35
2012.08.03 13:25:04.204,1.22892,1.229,3.23,2.85
2012.08.03 13:25:04.329,1.22893,1.22901,2.97,2.48
2012.08.03 13:25:04.519,1.22898,1.22905,1.47,2.48
2012.08.03 13:25:04.969,1.22899,1.22907,2.45,1.50
2012.08.03 13:25:05.096,1.22899,1.22905,2.45,1.50
2012.08.03 13:25:05.280,1.22897,1.22902,3.83,1.13
2012.08.03 13:25:05.588,1.22891,1.22896,1.47,1.73
2012.08.03 13:25:05.654,1.2289,1.22896,1.47,1.73
2012.08.03 13:25:06.249,1.22895,1.229,1.50,3.00
2012.08.03 13:25:06.666,1.22892,1.22898,1.50,1.73
2012.08.03 13:25:06.789,1.22892,1.22899,1.50,2.10
2012.08.03 13:25:06.914,1.22894,1.22899,1.50,1.35
2012.08.03 13:25:07.567,1.22893,1.22899,1.50,1.13
2012.08.03 13:25:08.100,1.22893,1.22899,1.50,3.60
2012.08.03 13:25:08.672,1.22889,1.22897,3.75,1.88
2012.08.03 13:25:08.743,1.2289,1.22897,1.50,1.88
2012.08.03 13:25:08.867,1.22893,1.22899,1.50,3.23
2012.08.03 13:25:09.392,1.22892,1.22897,1.35,1.13
2012.08.03 13:25:10.823,1.22891,1.22897,1.35,1.13
2012.08.03 13:25:11.182,1.22893,1.22901,5.33,3.23
2012.08.03 13:25:11.247,1.22896,1.22903,1.35,3.23
2012.08.03 13:25:11.312,1.22896,1.22903,1.35,1.73
2012.08.03 13:25:11.436,1.22893,1.22903,5.18,1.35
2012.08.03 13:25:11.560,1.22893,1.229,2.33,1.13
2012.08.03 13:25:11.743,1.22893,1.229,2.70,1.35
2012.08.03 13:25:12.370,1.22891,1.229,2.10,1.35
2012.08.03 13:25:12.492,1.22893,1.229,1.43,1.35
2012.08.03 13:25:15.575,1.22893,1.22901,3.90,1.13
2012.08.03 13:25:15.699,1.22895,1.22903,2.37,2.25
2012.08.03 13:25:15.766,1.22898,1.22905,3.60,3.23
2012.08.03 13:25:16.128,1.22901,1.22909,1.50,1.50
2012.08.03 13:25:16.425,1.229,1.22911,3.95,2.85
2012.08.03 13:25:16.954,1.22903,1.22912,1.70,4.73
2012.08.03 13:25:17.488,1.22903,1.22914,2.45,5.10
2012.08.03 13:25:17.848,1.22905,1.22914,1.70,4.88
2012.08.03 13:25:18.206,1.22907,1.22915,2.22,3.00
2012.08.03 13:25:18.390,1.22906,1.22914,2.25,2.25
2012.08.03 13:25:18.719,1.22907,1.22914,1.47,3.75
2012.08.03 13:25:19.070,1.22904,1.22912,3.38,3.60
2012.08.03 13:25:19.198,1.22902,1.22911,1.50,2.85
2012.08.03 13:25:19.378,1.22902,1.22911,2.25,2.48
2012.08.03 13:25:19.683,1.22904,1.2291,6.08,1.50
2012.08.03 13:25:19.749,1.22907,1.22916,2.97,3.60
2012.08.03 13:25:19.874,1.22907,1.22914,2.22,2.48
2012.08.03 13:25:20.293,1.22905,1.22912,1.50,2.25
2012.08.03 13:25:20.421,1.22903,1.2291,1.50,2.25
2012.08.03 13:25:20.489,1.22902,1.2291,2.25,2.25
2012.08.03 13:25:20.735,1.22906,1.22913,3.20,2.25
2012.08.03 13:25:20.860,1.22906,1.22913,1.50,1.73
2012.08.03 13:25:20.985,1.22907,1.22914,2.48,3.00
2012.08.03 13:25:21.050,1.22908,1.22914,1.35,2.25
2012.08.03 13:25:21.231,1.2291,1.22917,1.47,2.25
2012.08.03 13:25:21.832,1.22908,1.22916,2.22,1.73
2012.08.03 13:25:22.371,1.22906,1.22914,3.20,1.50
2012.08.03 13:25:22.684,1.22906,1.22912,3.00,1.13
2012.08.03 13:25:22.750,1.22905,1.22911,2.25,1.35
2012.08.03 13:25:22.937,1.22903,1.22911,1.50,4.35
2012.08.03 13:25:23.001,1.22896,1.22904,1.50,4.35
2012.08.03 13:25:23.134,1.22895,1.22904,3.35,4.35
2012.08.03 13:25:23.494,1.22897,1.22904,2.25,2.63
2012.08.03 13:25:23.849,1.22897,1.22904,1.50,2.63
2012.08.03 13:25:24.497,1.22895,1.22903,2.25,1.88
2012.08.03 13:25:24.797,1.22895,1.22903,1.50,4.35
2012.08.03 13:25:25.325,1.22894,1.22903,1.50,2.85
2012.08.03 13:25:25.566,1.22893,1.22899,2.25,1.50
2012.08.03 13:25:26.108,1.22892,1.22899,3.95,1.50
2012.08.03 13:25:26.824,1.22897,1.22903,1.50,1.13
2012.08.03 13:25:27.804,1.22897,1.22903,1.50,1.13
2012.08.03 13:25:27.873,1.22904,1.22909,1.50,2.85
2012.08.03 13:25:28.375,1.22902,1.22908,1.50,1.88
2012.08.03 13:25:28.844,1.229,1.22908,2.25,3.60
2012.08.03 13:25:29.229,1.22897,1.22905,6.20,1.50
2012.08.03 13:25:29.352,1.22897,1.22905,3.72,2.85
2012.08.03 13:25:29.832,1.22894,1.22902,2.25,3.60
2012.08.03 13:25:31.269,1.22894,1.22902,2.25,7.20
2012.08.03 13:25:31.394,1.22891,1.229,5.45,2.25
2012.08.03 13:25:31.458,1.22891,1.22899,4.50,2.10
2012.08.03 13:25:33.164,1.22893,1.229,1.50,3.75
2012.08.03 13:25:33.471,1.22894,1.22902,2.22,3.98
2012.08.03 13:25:33.778,1.22896,1.22902,1.50,3.60
2012.08.03 13:25:34.138,1.22899,1.22908,1.47,3.98
2012.08.03 13:25:34.439,1.22899,1.22907,1.47,3.23
2012.08.03 13:25:34.560,1.22898,1.22906,2.22,3.00
2012.08.03 13:25:34.921,1.22898,1.22905,1.47,1.50
2012.08.03 13:25:35.161,1.22898,1.22906,2.22,2.25
2012.08.03 13:25:35.692,1.22898,1.22906,1.47,3.00
2012.08.03 13:25:36.574,1.22899,1.22907,2.22,3.98
2012.08.03 13:25:36.826,1.22899,1.22907,2.22,4.95
2012.08.03 13:25:38.860,1.22898,1.22905,1.70,3.00
2012.08.03 13:25:39.156,1.22897,1.22905,2.45,2.25
2012.08.03 13:25:39.695,1.22897,1.22905,2.45,1.50
2012.08.03 13:25:41.334,1.22897,1.22905,1.73,2.48
2012.08.03 13:25:41.867,1.22897,1.22905,3.75,1.73
2012.08.03 13:25:42.109,1.22898,1.22907,2.48,3.60
2012.08.03 13:25:42.624,1.22898,1.22905,1.70,1.50
2012.08.03 13:25:43.332,1.22898,1.22908,3.20,4.95
2012.08.03 13:25:43.871,1.22898,1.22907,3.20,1.73
2012.08.03 13:25:43.995,1.22901,1.2291,1.47,3.75
2012.08.03 13:25:44.299,1.22907,1.22914,1.50,1.50
2012.08.03 13:25:44.659,1.22906,1.22915,3.60,3.00
2012.08.03 13:25:44.785,1.22904,1.22912,2.48,2.10
2012.08.03 13:25:44.969,1.22903,1.22909,3.96,1.13
2012.08.03 13:25:45.449,1.22901,1.22906,1.73,1.50
2012.08.03 13:25:45.807,1.229,1.22909,3.20,2.63
2012.08.03 13:25:46.048,1.22903,1.22909,1.47,1.50
2012.08.03 13:25:46.688,1.22904,1.22911,1.70,1.50
2012.08.03 13:25:46.999,1.22909,1.22915,1.50,4.13
2012.08.03 13:25:47.184,1.22909,1.22919,4.73,4.58
2012.08.03 13:25:47.719,1.22909,1.22917,2.23,2.48
2012.08.03 13:25:48.198,1.2291,1.22918,2.48,3.38
2012.08.03 13:25:48.726,1.2291,1.22918,3.23,2.63
2012.08.03 13:25:48.790,1.22914,1.2292,1.35,2.48
2012.08.03 13:25:49.093,1.22914,1.22919,2.45,1.50
2012.08.03 13:25:49.394,1.22913,1.22922,1.43,1.88
2012.08.03 13:25:49.519,1.22921,1.22928,1.88,1.50
2012.08.03 13:25:49.819,1.22921,1.22929,1.50,1.13
2012.08.03 13:25:49.945,1.22919,1.22924,2.25,1.13
2012.08.03 13:25:50.253,1.22916,1.22923,2.15,1.50
2012.08.03 13:25:50.623,1.22916,1.22925,2.15,3.30
2012.08.03 13:25:50.873,1.22916,1.22923,1.40,1.50
2012.08.03 13:25:51.114,1.22918,1.22925,1.43,3.30
2012.08.03 13:25:51.594,1.22917,1.22924,2.25,2.25
2012.08.03 13:25:51.719,1.22917,1.22924,1.50,1.35
2012.08.03 13:25:51.906,1.22917,1.22926,1.73,2.25
2012.08.03 13:25:51.972,1.22925,1.22931,1.70,5.33
2012.08.03 13:25:52.038,1.22925,1.22933,3.12,5.33
2012.08.03 13:25:52.222,1.22925,1.2293,2.45,1.43
2012.08.03 13:25:52.410,1.22928,1.22938,1.43,4.50
2012.08.03 13:25:52.715,1.22929,1.22938,3.95,1.50
2012.08.03 13:25:52.841,1.22933,1.22939,2.18,1.50
2012.08.03 13:25:52.907,1.22933,1.22945,2.63,3.30
2012.08.03 13:25:52.972,1.22933,1.22941,3.38,3.30
2012.08.03 13:25:53.272,1.22933,1.22941,1.73,2.55
2012.08.03 13:25:53.809,1.22932,1.22942,3.95,4.28
2012.08.03 13:25:54.356,1.22932,1.22942,3.95,4.05
2012.08.03 13:25:55.239,1.22932,1.22942,3.50,6.60
2012.08.03 13:25:55.422,1.22935,1.22942,1.35,5.25
2012.08.03 13:25:55.667,1.22937,1.22942,1.47,2.25
2012.08.03 13:25:55.732,1.22939,1.2295,1.50,2.85
2012.08.03 13:25:55.797,1.22939,1.22946,1.50,3.60
2012.08.03 13:25:56.329,1.22938,1.22943,1.50,1.13
2012.08.03 13:25:56.989,1.22936,1.22941,1.73,1.13
2012.08.03 13:25:57.054,1.22936,1.22941,1.88,1.13
2012.08.03 13:25:57.179,1.22937,1.22944,1.28,2.85
2012.08.03 13:25:57.243,1.22938,1.22946,2.22,3.23
2012.08.03 13:25:57.720,1.22939,1.22946,2.00,3.23
2012.08.03 13:25:58.247,1.22941,1.22946,1.50,1.50
2012.08.03 13:25:58.565,1.22944,1.22953,5.07,1.73
2012.08.03 13:25:58.810,1.22944,1.22953,3.20,3.38
2012.08.03 13:25:59.053,1.22947,1.22953,1.50,3.60
2012.08.03 13:25:59.419,1.22947,1.22954,1.50,1.73
2012.08.03 13:25:59.483,1.22949,1.22955,1.50,2.48
2012.08.03 13:25:59.785,1.2295,1.22957,1.47,2.48
2012.08.03 13:26:00.031,1.22951,1.22959,2.25,4.35
2012.08.03 13:26:00.563,1.22948,1.22953,1.28,1.50
2012.08.03 13:26:00.864,1.2295,1.22955,1.73,1.50
2012.08.03 13:26:00.931,1.2295,1.22957,1.73,2.25
2012.08.03 13:26:01.055,1.2295,1.22955,1.50,1.43
2012.08.03 13:26:01.179,1.22954,1.2296,2.10,4.73
2012.08.03 13:26:01.621,1.22952,1.22964,3.20,2.93
2012.08.03 13:26:01.807,1.22954,1.22964,1.25,8.85
2012.08.03 13:26:02.112,1.22962,1.2297,1.50,1.43
2012.08.03 13:26:02.239,1.22967,1.22978,2.75,1.88
2012.08.03 13:26:02.363,1.22968,1.22974,1.25,2.25
2012.08.03 13:26:02.486,1.22968,1.22977,1.40,3.00
2012.08.03 13:26:02.728,1.22968,1.22975,1.47,2.25
2012.08.03 13:26:02.853,1.22967,1.22973,1.80,1.50
2012.08.03 13:26:03.395,1.22964,1.22973,1.47,3.38
2012.08.03 13:26:03.519,1.22964,1.22973,2.22,4.95
2012.08.03 13:26:03.821,1.22966,1.22972,1.50,1.13
2012.08.03 13:26:04.129,1.22968,1.22976,1.28,1.13
2012.08.03 13:26:04.194,1.22968,1.22976,1.28,1.13
2012.08.03 13:26:04.697,1.22967,1.22976,3.72,1.13
2012.08.03 13:26:04.768,1.22968,1.22977,2.82,2.18
2012.08.03 13:26:05.074,1.22969,1.22979,2.10,7.13
2012.08.03 13:26:05.143,1.22972,1.22978,2.63,5.25
2012.08.03 13:26:05.209,1.22974,1.22979,1.50,2.63
2012.08.03 13:26:05.273,1.22974,1.22982,1.50,12.75
2012.08.03 13:26:05.518,1.22979,1.2299,2.33,1.13
2012.08.03 13:26:05.584,1.22985,1.22991,1.50,2.48
2012.08.03 13:26:06.111,1.22984,1.22991,3.00,1.35
2012.08.03 13:26:06.352,1.22986,1.22991,1.50,1.35
2012.08.03 13:26:06.549,1.22986,1.22994,1.50,3.23
2012.08.03 13:26:06.731,1.22984,1.22994,3.08,1.88
2012.08.03 13:26:07.212,1.22987,1.22994,2.10,1.13
2012.08.03 13:26:07.973,1.2299,1.23,1.77,2.25
2012.08.03 13:26:08.276,1.22992,1.22999,2.85,1.13
2012.08.03 13:26:08.520,1.22992,1.23001,3.83,3.00
2012.08.03 13:26:08.644,1.22993,1.23001,1.38,2.18
2012.08.03 13:26:09.061,1.22994,1.23003,2.73,2.94
2012.08.03 13:26:09.480,1.22997,1.23003,1.35,2.72
2012.08.03 13:26:09.666,1.22996,1.2301,3.78,1.88
2012.08.03 13:26:09.790,1.23002,1.23012,1.35,1.50
2012.08.03 13:26:09.914,1.23003,1.23014,2.33,3.17
2012.08.03 13:26:10.038,1.23005,1.23019,1.16,2.18
2012.08.03 13:26:10.349,1.23011,1.2302,1.65,3.30
2012.08.03 13:26:10.475,1.2301,1.23017,1.13,4.05
2012.08.03 13:26:10.602,1.23008,1.23017,2.63,6.08
2012.08.03 13:26:10.727,1.23014,1.23024,1.50,1.53
2012.08.03 13:26:10.851,1.23017,1.23031,2.10,1.50
2012.08.03 13:26:11.380,1.23017,1.23025,1.50,4.88
2012.08.03 13:26:11.510,1.23016,1.23029,3.28,1.50
2012.08.03 13:26:11.577,1.23016,1.23029,3.28,1.50
2012.08.03 13:26:11.824,1.23016,1.23028,2.85,1.50
2012.08.03 13:26:12.008,1.23016,1.23028,6.28,1.50
2012.08.03 13:26:12.135,1.23017,1.23027,3.30,1.50
2012.08.03 13:26:12.437,1.2302,1.23029,2.10,1.73
2012.08.03 13:26:12.625,1.23018,1.23029,3.73,3.68
2012.08.03 13:26:12.812,1.23018,1.23029,2.51,1.50
2012.08.03 13:26:13.121,1.23017,1.23024,1.16,1.50
2012.08.03 13:26:13.247,1.23017,1.23028,1.24,4.50
2012.08.03 13:26:13.491,1.23016,1.23026,3.34,1.73
2012.08.03 13:26:13.556,1.23015,1.23021,3.30,1.44
2012.08.03 13:26:13.905,1.2301,1.23015,1.50,1.44
2012.08.03 13:26:13.981,1.23009,1.23017,1.35,2.41
2012.08.03 13:26:14.108,1.23008,1.23017,3.04,4.66
2012.08.03 13:26:14.292,1.23006,1.23015,1.24,1.50
2012.08.03 13:26:14.538,1.23008,1.23016,2.70,1.73
2012.08.03 13:26:14.719,1.2301,1.23016,1.50,2.19
2012.08.03 13:26:15.022,1.23011,1.23016,1.73,1.50
2012.08.03 13:26:15.328,1.23009,1.23015,1.50,1.88
2012.08.03 13:26:15.451,1.23008,1.23015,1.50,2.10
2012.08.03 13:26:15.517,1.23007,1.23014,1.50,1.73
2012.08.03 13:26:15.826,1.23004,1.23012,3.86,1.13
2012.08.03 13:26:15.951,1.23004,1.23014,4.61,1.50
2012.08.03 13:26:16.017,1.23007,1.23016,3.23,2.41
2012.08.03 13:26:16.200,1.23007,1.23016,3.00,1.44
2012.08.03 13:26:16.325,1.23007,1.23018,3.75,1.73
2012.08.03 13:26:16.686,1.23005,1.23017,5.76,1.66
2012.08.03 13:26:17.088,1.23008,1.23017,3.00,1.66
2012.08.03 13:26:17.402,1.23004,1.2301,2.48,1.50
2012.08.03 13:26:17.477,1.23003,1.23012,3.60,1.50
2012.08.03 13:26:17.599,1.23003,1.23012,2.85,1.50
2012.08.03 13:26:17.784,1.23007,1.23014,1.50,1.73
2012.08.03 13:26:17.910,1.23005,1.23012,1.73,2.94
2012.08.03 13:26:17.977,1.23004,1.23012,2.48,2.56
2012.08.03 13:26:18.223,1.23004,1.23013,2.10,1.13
2012.08.03 13:26:18.348,1.23,1.23006,4.50,1.44
2012.08.03 13:26:18.414,1.22999,1.23006,4.50,1.44
2012.08.03 13:26:18.772,1.23002,1.23008,1.50,1.50
2012.08.03 13:26:19.012,1.22999,1.23007,2.85,1.50
2012.08.03 13:26:19.193,1.22998,1.23005,2.85,1.50
2012.08.03 13:26:19.258,1.22998,1.23005,1.35,1.50
2012.08.03 13:26:19.675,1.22997,1.23005,2.93,3.00
2012.08.03 13:26:20.207,1.22996,1.23003,1.50,1.50
2012.08.03 13:26:20.730,1.22994,1.23001,1.50,1.50
2012.08.03 13:26:21.275,1.22992,1.23001,4.05,1.87
2012.08.03 13:26:21.396,1.22994,1.23001,1.50,3.37
2012.08.03 13:26:21.696,1.22997,1.23003,1.50,2.85
2012.08.03 13:26:22.230,1.22997,1.23005,2.10,2.85
2012.08.03 13:26:22.758,1.22997,1.23005,2.10,2.85
2012.08.03 13:26:23.248,1.22999,1.23006,1.50,1.73
2012.08.03 13:26:24.374,1.22996,1.23005,1.84,2.25
2012.08.03 13:26:24.885,1.22997,1.23005,2.48,1.50
2012.08.03 13:26:25.187,1.22999,1.23008,1.39,2.48
2012.08.03 13:26:25.546,1.22998,1.23008,2.14,4.35
2012.08.03 13:26:25.903,1.22998,1.23005,1.50,2.10
2012.08.03 13:26:26.026,1.22998,1.23005,1.73,1.13
2012.08.03 13:26:26.326,1.22997,1.23006,2.48,3.38
2012.08.03 13:26:26.391,1.22996,1.23006,3.23,4.50
2012.08.03 13:26:26.694,1.22996,1.23004,4.50,2.85
2012.08.03 13:26:27.227,1.22997,1.23003,2.25,2.10
2012.08.03 13:26:27.587,1.22996,1.23002,2.25,1.80
2012.08.03 13:26:28.059,1.22994,1.23003,1.73,2.63
2012.08.03 13:26:28.183,1.22998,1.23005,1.50,2.48
2012.08.03 13:26:28.725,1.23001,1.23007,1.73,1.50
2012.08.03 13:26:29.262,1.23001,1.23006,1.50,1.50
2012.08.03 13:26:29.504,1.23,1.23008,4.73,2.63
2012.08.03 13:26:29.628,1.22999,1.23004,2.25,1.50
2012.08.03 13:26:30.101,1.23001,1.23008,1.73,1.50
2012.08.03 13:26:30.641,1.23002,1.23009,2.48,1.88
2012.08.03 13:26:30.766,1.23003,1.2301,2.14,1.50
2012.08.03 13:26:31.067,1.23006,1.23012,2.14,1.50
2012.08.03 13:26:31.131,1.23005,1.23015,2.25,4.13
2012.08.03 13:26:31.373,1.23006,1.23015,1.50,3.00
2012.08.03 13:26:31.498,1.23008,1.23017,2.66,1.88
2012.08.03 13:26:31.564,1.23008,1.23014,2.25,2.63
2012.08.03 13:26:31.865,1.23007,1.23018,2.10,1.32
2012.08.03 13:26:31.987,1.23007,1.23017,1.91,1.13
2012.08.03 13:26:32.540,1.23007,1.23014,1.73,1.13
2012.08.03 13:26:32.846,1.23006,1.23012,1.50,2.10
2012.08.03 13:26:32.913,1.23006,1.23014,1.50,2.85
2012.08.03 13:26:33.039,1.23001,1.23009,1.91,2.25
2012.08.03 13:26:33.168,1.23003,1.23012,2.10,3.75
2012.08.03 13:26:33.233,1.23003,1.2301,1.73,2.25
2012.08.03 13:26:33.534,1.23002,1.23012,3.58,2.63
2012.08.03 13:26:33.902,1.23007,1.23012,1.73,1.13
2012.08.03 13:26:33.966,1.23007,1.23012,1.73,1.13
2012.08.03 13:26:34.032,1.2301,1.23018,2.25,5.10
2012.08.03 13:26:34.097,1.23013,1.23019,1.16,2.25
2012.08.03 13:26:34.222,1.23017,1.23023,1.88,2.63
2012.08.03 13:26:34.586,1.23019,1.23026,1.50,2.25
2012.08.03 13:26:35.117,1.23019,1.23026,1.50,2.63
2012.08.03 13:26:35.182,1.23021,1.23026,1.50,2.63
2012.08.03 13:26:35.952,1.23021,1.23026,1.50,1.13
2012.08.03 13:26:36.254,1.23017,1.23024,3.41,1.50
2012.08.03 13:26:36.377,1.23016,1.23024,2.14,3.00
2012.08.03 13:26:36.618,1.23014,1.23027,3.38,4.50
2012.08.03 13:26:36.920,1.23012,1.23022,4.13,2.25
2012.08.03 13:26:36.986,1.23012,1.23022,3.75,2.25
2012.08.03 13:26:37.053,1.23012,1.23024,3.38,3.00
2012.08.03 13:26:37.354,1.23017,1.23026,2.85,1.50
2012.08.03 13:26:37.655,1.23017,1.23027,3.23,3.00
2012.08.03 13:26:38.076,1.23017,1.23025,1.91,2.25
2012.08.03 13:26:38.318,1.23017,1.23026,1.91,1.50
2012.08.03 13:26:38.559,1.23017,1.23027,1.91,1.50
2012.08.03 13:26:38.743,1.2302,1.23028,1.50,3.75
2012.08.03 13:26:38.865,1.23022,1.2303,1.16,1.35
2012.08.03 13:26:39.048,1.23022,1.23035,5.51,2.25
2012.08.03 13:26:39.329,1.23024,1.23035,5.25,2.25
2012.08.03 13:26:39.410,1.2303,1.23036,2.85,1.13
2012.08.03 13:26:39.537,1.23031,1.23039,3.00,1.50
2012.08.03 13:26:39.663,1.23037,1.23044,3.83,2.25
2012.08.03 13:26:39.729,1.23038,1.23051,1.16,2.25
2012.08.03 13:26:39.795,1.23039,1.23052,1.50,3.75
2012.08.03 13:26:39.919,1.23038,1.23052,1.91,1.50
2012.08.03 13:26:40.223,1.2304,1.23052,6.00,3.00
2012.08.03 13:26:40.525,1.23045,1.23059,3.00,2.25
2012.08.03 13:26:40.652,1.2305,1.23059,2.27,2.63
2012.08.03 13:26:40.719,1.23048,1.23057,1.50,2.63
2012.08.03 13:26:40.971,1.23046,1.23053,2.40,3.66
2012.08.03 13:26:41.218,1.23043,1.23052,2.25,1.50
2012.08.03 13:26:41.522,1.23041,1.23048,1.50,2.25
2012.08.03 13:26:41.937,1.23036,1.23043,3.88,1.50
2012.08.03 13:26:42.062,1.23038,1.23045,1.50,3.66
2012.08.03 13:26:42.127,1.23038,1.23048,1.73,2.10
2012.08.03 13:26:42.398,1.23034,1.23041,2.63,2.16
2012.08.03 13:26:43.053,1.23033,1.23042,1.65,3.00
2012.08.03 13:26:43.238,1.23031,1.2304,4.41,1.94
2012.08.03 13:26:43.541,1.23031,1.23041,3.66,1.50
2012.08.03 13:26:43.725,1.23031,1.23038,2.76,1.50
2012.08.03 13:26:43.849,1.23031,1.23041,2.98,1.50
2012.08.03 13:26:44.029,1.23035,1.23041,1.13,1.50
2012.08.03 13:26:44.505,1.23034,1.23041,2.07,1.50
2012.08.03 13:26:44.808,1.23034,1.23039,1.50,1.41
2012.08.03 13:26:44.990,1.23032,1.23038,1.13,3.89
2012.08.03 13:26:45.291,1.2303,1.23038,2.48,2.63
2012.08.03 13:26:45.355,1.23029,1.23036,4.73,1.50
2012.08.03 13:26:45.656,1.23025,1.23031,1.50,1.50
2012.08.03 13:26:46.017,1.23027,1.23032,1.50,2.91
2012.08.03 13:26:46.442,1.23025,1.23032,1.50,2.39
2012.08.03 13:26:46.973,1.23026,1.23031,1.50,1.79
2012.08.03 13:26:47.801,1.23023,1.2303,1.50,2.10
2012.08.03 13:26:47.923,1.23021,1.2303,1.65,2.10
2012.08.03 13:26:47.987,1.23021,1.23027,1.65,1.41
2012.08.03 13:26:48.293,1.23017,1.23024,1.65,1.50
2012.08.03 13:26:49.122,1.23016,1.23022,1.26,2.25
2012.08.03 13:26:49.246,1.23012,1.23019,1.20,2.16
2012.08.03 13:26:49.604,1.23011,1.23017,1.65,2.91
2012.08.03 13:26:50.129,1.23008,1.23015,4.33,1.13
2012.08.03 13:26:50.203,1.23007,1.23012,2.93,1.41
2012.08.03 13:26:50.509,1.23005,1.23014,2.40,1.50
2012.08.03 13:26:51.054,1.23005,1.23014,1.20,3.00
2012.08.03 13:26:51.422,1.23004,1.23012,2.23,2.25
2012.08.03 13:26:51.960,1.23002,1.2301,2.78,1.50
2012.08.03 13:26:52.084,1.23,1.23009,1.48,1.50
2012.08.03 13:26:52.326,1.23,1.23009,2.23,1.50
2012.08.03 13:26:52.742,1.22997,1.23007,5.98,1.50
2012.08.03 13:26:53.161,1.22997,1.23005,2.18,1.50
2012.08.03 13:26:53.497,1.22995,1.23002,2.93,1.50
2012.08.03 13:26:54.040,1.22997,1.23003,2.03,3.83
2012.08.03 13:26:54.692,1.22997,1.23005,2.01,1.50
2012.08.03 13:26:54.819,1.23,1.23007,2.01,3.00
2012.08.03 13:26:54.885,1.23001,1.23008,1.26,1.73
2012.08.03 13:26:54.951,1.23003,1.23011,1.48,3.00
2012.08.03 13:26:55.017,1.23002,1.23012,3.58,2.25
2012.08.03 13:26:55.083,1.23006,1.23012,1.35,2.25
2012.08.03 13:26:55.618,1.23008,1.23014,1.35,2.63
2012.08.03 13:26:55.921,1.23004,1.23012,2.23,1.50
2012.08.03 13:26:56.165,1.23002,1.23008,2.90,1.50
2012.08.03 13:26:56.230,1.23,1.23006,4.65,1.50
2012.08.03 13:26:57.294,1.22999,1.23006,2.15,2.93
2012.08.03 13:26:57.363,1.22999,1.23006,1.73,2.18
2012.08.03 13:26:57.721,1.22999,1.23006,1.73,2.85
2012.08.03 13:26:57.903,1.22999,1.23008,1.73,1.43
2012.08.03 13:26:58.203,1.22999,1.23008,2.48,1.43
2012.08.03 13:26:58.559,1.22998,1.23006,3.73,1.43
2012.08.03 13:26:58.740,1.23002,1.23009,1.50,4.43
2012.08.03 13:26:59.093,1.22999,1.23009,3.23,3.38
2012.08.03 13:26:59.215,1.23002,1.23009,1.50,2.63
2012.08.03 13:26:59.747,1.23002,1.23009,1.50,4.13
2012.08.03 13:26:59.870,1.23,1.23008,3.23,1.43
2012.08.03 13:27:00.398,1.23,1.23008,1.73,2.18
2012.08.03 13:27:00.981,1.23,1.23008,1.73,3.60
2012.08.03 13:27:01.103,1.22998,1.23008,1.48,1.50
2012.08.03 13:27:01.225,1.22999,1.23009,1.73,4.80
2012.08.03 13:27:01.956,1.22997,1.23007,2.23,2.18
2012.08.03 13:27:02.031,1.23001,1.23008,1.50,3.00
2012.08.03 13:27:02.279,1.23,1.23006,2.48,1.50
2012.08.03 13:27:02.581,1.22998,1.23006,2.75,1.50
2012.08.03 13:27:02.704,1.22997,1.23007,5.81,3.00
2012.08.03 13:27:03.230,1.22998,1.23007,2.83,1.50
2012.08.03 13:27:03.292,1.22998,1.23007,2.98,1.88
2012.08.03 13:27:03.413,1.22998,1.23007,2.98,1.50
2012.08.03 13:27:03.942,1.22999,1.23007,1.50,1.50
2012.08.03 13:27:04.297,1.23,1.23008,1.73,1.50
2012.08.03 13:27:04.823,1.23,1.23007,1.73,1.13
2012.08.03 13:27:05.622,1.23001,1.2301,2.23,3.75
2012.08.03 13:27:05.808,1.23001,1.2301,2.23,2.25
2012.08.03 13:27:06.339,1.23001,1.23008,2.23,1.50
2012.08.03 13:27:06.724,1.22998,1.23006,2.23,1.88
2012.08.03 13:27:06.916,1.22996,1.23007,4.35,3.00
2012.08.03 13:27:07.446,1.22996,1.23008,5.85,3.75
2012.08.03 13:27:07.977,1.22995,1.23006,4.50,2.03
2012.08.03 13:27:08.504,1.22995,1.23006,6.23,1.50
2012.08.03 13:27:09.033,1.22996,1.23006,2.25,1.65
2012.08.03 13:27:09.792,1.22996,1.23006,1.50,1.50
2012.08.03 13:27:10.320,1.22996,1.23007,3.23,3.75
2012.08.03 13:27:10.793,1.23001,1.23008,1.50,1.88
2012.08.03 13:27:11.323,1.22999,1.23008,1.48,2.78
2012.08.03 13:27:11.856,1.23001,1.23008,2.23,1.50
2012.08.03 13:27:12.393,1.23002,1.2301,3.00,1.13
2012.08.03 13:27:12.811,1.23005,1.2301,1.50,1.13
2012.08.03 13:27:13.284,1.23007,1.23013,1.50,2.10
2012.08.03 13:27:13.408,1.23007,1.23014,1.50,1.88
2012.08.03 13:27:13.765,1.23007,1.23015,1.50,2.63
2012.08.03 13:27:14.237,1.23009,1.23015,1.50,1.13
2012.08.03 13:27:14.422,1.23009,1.23018,2.98,1.35
2012.08.03 13:27:14.546,1.23011,1.2302,1.73,3.00
2012.08.03 13:27:14.613,1.23011,1.2302,3.23,1.88
2012.08.03 13:27:15.006,1.23015,1.23023,1.50,4.50
2012.08.03 13:27:15.597,1.23013,1.23021,1.73,1.50
2012.08.03 13:27:15.955,1.23012,1.23017,3.50,1.50
2012.08.03 13:27:16.257,1.23009,1.23015,1.48,1.13
2012.08.03 13:27:16.614,1.23006,1.23011,1.50,3.60
2012.08.03 13:27:17.141,1.23007,1.23013,1.50,1.50
2012.08.03 13:27:17.672,1.23008,1.23014,1.50,1.50
2012.08.03 13:27:17.795,1.23006,1.23013,3.38,2.10
2012.08.03 13:27:17.984,1.23005,1.23011,5.25,1.50
2012.08.03 13:27:18.471,1.23005,1.23009,1.50,2.63
2012.08.03 13:27:18.538,1.23002,1.2301,6.00,1.13
2012.08.03 13:27:18.664,1.23001,1.23009,1.73,1.88
2012.08.03 13:27:18.968,1.23,1.23008,3.23,2.25
2012.08.03 13:27:19.031,1.22999,1.23007,3.23,2.25
2012.08.03 13:27:19.153,1.22998,1.23006,3.23,1.50
2012.08.03 13:27:19.683,1.22991,1.22999,1.50,3.38
2012.08.03 13:27:20.217,1.22989,1.22997,1.50,2.25
2012.08.03 13:27:22.139,1.22988,1.22995,3.15,1.13
2012.08.03 13:27:22.320,1.2299,1.22998,1.73,1.50
2012.08.03 13:27:22.443,1.2299,1.22997,1.73,1.13
2012.08.03 13:27:22.988,1.22988,1.22994,6.53,1.13
2012.08.03 13:27:23.406,1.22988,1.22996,3.15,1.50
2012.08.03 13:27:23.939,1.22987,1.22993,1.50,1.13
2012.08.03 13:27:24.121,1.22986,1.22991,2.93,1.13
2012.08.03 13:27:24.364,1.22981,1.22986,1.43,1.13
2012.08.03 13:27:24.780,1.22979,1.22986,2.48,2.63
2012.08.03 13:27:25.198,1.22979,1.22989,4.65,1.73
2012.08.03 13:27:25.611,1.22983,1.22991,1.50,1.13
2012.08.03 13:27:25.796,1.22984,1.2299,2.63,2.63
2012.08.03 13:27:25.861,1.22982,1.22994,2.33,2.25
2012.08.03 13:27:25.984,1.22982,1.22989,3.08,1.50
2012.08.03 13:27:26.171,1.22983,1.22991,2.48,1.50
2012.08.03 13:27:26.235,1.22984,1.2299,1.65,1.13
2012.08.03 13:27:26.417,1.22982,1.2299,2.10,1.13
2012.08.03 13:27:26.481,1.22981,1.22987,5.25,1.13
2012.08.03 13:27:27.052,1.22985,1.22992,1.50,5.10
2012.08.03 13:27:27.119,1.22981,1.22987,3.15,1.13
2012.08.03 13:27:27.648,1.22982,1.2299,1.50,1.50
2012.08.03 13:27:28.243,1.22978,1.22985,3.23,1.13
2012.08.03 13:27:28.426,1.22978,1.22985,3.98,1.13
2012.08.03 13:27:28.549,1.22978,1.22988,4.48,4.50
2012.08.03 13:27:28.671,1.22978,1.22985,2.98,1.50
2012.08.03 13:27:29.203,1.2298,1.22988,1.73,4.13
2012.08.03 13:27:29.268,1.22978,1.22985,1.73,1.50
2012.08.03 13:27:29.569,1.22975,1.2298,1.50,1.13
2012.08.03 13:27:29.869,1.22973,1.22978,2.25,1.13
2012.08.03 13:27:30.168,1.22971,1.22979,5.48,1.50
2012.08.03 13:27:30.233,1.22971,1.22978,2.48,1.13
2012.08.03 13:27:31.805,1.22971,1.22978,1.73,2.63
2012.08.03 13:27:32.337,1.22971,1.22977,1.73,1.88
2012.08.03 13:27:33.097,1.22968,1.22977,3.75,1.88
2012.08.03 13:27:33.339,1.22967,1.22973,1.50,4.13
2012.08.03 13:27:33.464,1.22965,1.22973,1.50,4.13
2012.08.03 13:27:33.587,1.22966,1.22973,1.28,1.50
2012.08.03 13:27:33.888,1.22967,1.22973,2.25,1.73
2012.08.03 13:27:34.539,1.22968,1.22975,1.33,1.50
2012.08.03 13:27:35.535,1.22969,1.22978,2.75,1.50
2012.08.03 13:27:35.845,1.22969,1.22976,1.48,1.50
2012.08.03 13:27:36.374,1.22968,1.22974,1.50,1.50
2012.08.03 13:27:36.439,1.22966,1.22974,1.48,1.50
2012.08.03 13:27:36.504,1.22965,1.22971,4.35,1.50
2012.08.03 13:27:36.858,1.22966,1.22973,2.23,1.50
2012.08.03 13:27:36.922,1.22969,1.22976,1.13,2.48
2012.08.03 13:27:37.166,1.22972,1.22979,2.75,1.50
2012.08.03 13:27:37.290,1.2297,1.22976,2.48,1.13
2012.08.03 13:27:37.646,1.22967,1.22975,1.50,2.48
2012.08.03 13:27:37.769,1.22967,1.22974,1.50,2.48
2012.08.03 13:27:38.065,1.22964,1.22971,1.48,1.50
2012.08.03 13:27:39.430,1.22964,1.22971,1.48,2.25
2012.08.03 13:27:39.611,1.22961,1.2297,4.25,2.85
2012.08.03 13:27:39.852,1.22961,1.22966,2.00,1.50
2012.08.03 13:27:41.010,1.22961,1.22968,1.25,3.75
2012.08.03 13:27:41.773,1.22961,1.2297,1.25,1.73
2012.08.03 13:27:42.075,1.22961,1.22971,1.48,1.73
2012.08.03 13:27:42.497,1.22963,1.2297,1.50,1.50
2012.08.03 13:27:42.736,1.22961,1.22968,1.50,2.25
2012.08.03 13:27:43.153,1.2296,1.22966,2.00,1.50
2012.08.03 13:27:43.510,1.22958,1.22964,1.50,5.85
2012.08.03 13:27:43.575,1.22958,1.22963,1.50,2.48
2012.08.03 13:27:43.700,1.22955,1.22963,2.60,2.48
2012.08.03 13:27:43.824,1.22955,1.22963,2.00,2.48
2012.08.03 13:27:44.357,1.22953,1.22963,4.43,3.60
2012.08.03 13:27:44.661,1.22953,1.22962,1.43,1.50
2012.08.03 13:27:44.905,1.22944,1.22957,1.43,5.10
2012.08.03 13:27:44.971,1.22947,1.22955,2.25,3.08
2012.08.03 13:27:45.097,1.22946,1.22953,1.73,3.38
2012.08.03 13:27:45.464,1.22943,1.2295,1.88,1.73
2012.08.03 13:27:46.122,1.2294,1.2295,2.90,3.23
2012.08.03 13:27:46.187,1.22941,1.2295,1.25,3.23
2012.08.03 13:27:46.544,1.2294,1.22949,1.93,1.35
2012.08.03 13:27:46.903,1.2294,1.2295,2.15,3.00
2012.08.03 13:27:47.204,1.22942,1.22953,1.85,5.48
2012.08.03 13:27:47.269,1.22942,1.22952,3.28,1.50
2012.08.03 13:27:47.334,1.22944,1.22954,2.53,1.73
2012.08.03 13:27:47.693,1.22947,1.22957,1.46,1.88
2012.08.03 13:27:47.758,1.22947,1.22954,1.23,1.50
2012.08.03 13:27:47.824,1.22948,1.22957,1.91,3.60
2012.08.03 13:27:47.890,1.22946,1.22954,2.85,1.50
2012.08.03 13:27:48.072,1.22946,1.22956,3.26,1.50
2012.08.03 13:27:48.137,1.22946,1.22956,2.88,1.50
2012.08.03 13:27:48.607,1.22946,1.22953,1.46,1.50
2012.08.03 13:27:48.788,1.22948,1.22956,2.21,3.00
2012.08.03 13:27:49.865,1.22948,1.22956,2.73,1.50
2012.08.03 13:27:50.396,1.2295,1.22958,1.23,1.50
2012.08.03 13:27:50.755,1.22956,1.22961,1.50,2.10
2012.08.03 13:27:51.989,1.22953,1.22959,1.50,1.73
2012.08.03 13:27:52.287,1.22955,1.22961,1.50,6.23
2012.08.03 13:27:52.410,1.22953,1.2296,1.50,1.73
2012.08.03 13:27:52.936,1.2295,1.2296,2.21,1.73
2012.08.03 13:27:55.400,1.22949,1.22957,1.50,1.13
2012.08.03 13:27:55.822,1.22947,1.22954,1.48,4.73
2012.08.03 13:27:56.132,1.22945,1.22952,1.50,3.60
2012.08.03 13:27:56.488,1.22943,1.22951,2.21,2.48
2012.08.03 13:27:56.962,1.22944,1.22953,1.98,3.00
2012.08.03 13:27:57.267,1.22943,1.22951,1.50,3.00
2012.08.03 13:27:57.331,1.22941,1.22949,3.00,1.50
2012.08.03 13:27:57.457,1.22944,1.22952,2.25,4.13
2012.08.03 13:27:57.641,1.22944,1.22949,1.50,1.35
2012.08.03 13:27:57.707,1.22942,1.22947,2.25,1.50
2012.08.03 13:27:57.950,1.22945,1.22951,1.50,1.73
2012.08.03 13:27:58.479,1.22944,1.22952,1.73,3.60
2012.08.03 13:27:59.302,1.22944,1.22951,1.50,2.85
2012.08.03 13:27:59.427,1.22941,1.22949,1.23,1.73
2012.08.03 13:27:59.493,1.22939,1.22949,4.31,1.73
2012.08.03 13:27:59.557,1.22939,1.22946,2.06,1.50
2012.08.03 13:27:59.622,1.2294,1.22948,1.50,2.48
2012.08.03 13:27:59.687,1.2294,1.2295,2.10,3.38
2012.08.03 13:28:00.071,1.22947,1.22956,1.08,1.50
2012.08.03 13:28:00.315,1.22943,1.22949,3.08,1.13
2012.08.03 13:28:00.620,1.22948,1.22953,1.50,1.50
2012.08.03 13:28:00.686,1.22939,1.22949,2.96,1.50
2012.08.03 13:28:01.218,1.22941,1.2295,2.21,1.50
2012.08.03 13:28:01.282,1.22941,1.2295,2.21,1.50
2012.08.03 13:28:02.414,1.22942,1.22951,1.38,1.73
2012.08.03 13:28:02.717,1.22946,1.22953,1.50,3.23
2012.08.03 13:28:02.901,1.22945,1.22953,5.85,2.63
2012.08.03 13:28:03.089,1.22951,1.22956,1.50,2.25
2012.08.03 13:28:03.216,1.22948,1.22956,3.75,1.35
2012.08.03 13:28:03.859,1.22951,1.22956,1.50,1.13
2012.08.03 13:28:05.152,1.22953,1.22959,1.50,1.35
2012.08.03 13:28:07.207,1.22955,1.2296,1.50,1.35
2012.08.03 13:28:07.451,1.22956,1.22963,1.50,4.13
2012.08.03 13:28:07.517,1.22957,1.22963,2.25,1.13
2012.08.03 13:28:08.195,1.22959,1.22965,1.50,1.35
2012.08.03 13:28:08.268,1.22959,1.22965,1.50,1.35
2012.08.03 13:28:08.335,1.22961,1.22966,1.50,1.73
2012.08.03 13:28:08.869,1.22962,1.22969,1.28,2.48
2012.08.03 13:28:09.173,1.22969,1.22975,2.85,2.25
2012.08.03 13:28:09.238,1.22969,1.22975,2.48,3.00
2012.08.03 13:28:09.363,1.2297,1.22977,2.25,1.13
2012.08.03 13:28:10.126,1.22972,1.22977,1.50,1.13
2012.08.03 13:28:10.541,1.22974,1.2298,1.50,1.35
2012.08.03 13:28:10.606,1.22974,1.2298,1.50,1.13
2012.08.03 13:28:11.135,1.22973,1.2298,1.50,1.13
2012.08.03 13:28:11.318,1.22973,1.22978,1.50,1.13
2012.08.03 13:28:11.678,1.22969,1.22975,2.48,1.13
2012.08.03 13:28:11.744,1.2297,1.22975,1.73,1.13
2012.08.03 13:28:11.810,1.22966,1.22973,3.00,1.13
2012.08.03 13:28:11.874,1.22966,1.22973,1.50,1.35
2012.08.03 13:28:12.415,1.22965,1.22972,3.23,1.13
2012.08.03 13:28:12.539,1.22971,1.22979,1.13,4.32
2012.08.03 13:28:12.665,1.22968,1.22975,2.25,1.73
2012.08.03 13:28:13.086,1.22973,1.22979,1.50,1.73
2012.08.03 13:28:13.153,1.22972,1.22981,2.25,2.48
2012.08.03 13:28:13.278,1.22971,1.22977,1.50,1.13
2012.08.03 13:28:13.461,1.22973,1.2298,2.10,1.35
2012.08.03 13:28:13.526,1.22973,1.22981,2.10,1.35
2012.08.03 13:28:13.707,1.22975,1.22981,1.50,1.13
2012.08.03 13:28:13.772,1.22975,1.22984,3.75,2.48
2012.08.03 13:28:13.836,1.22978,1.22984,1.50,2.25
2012.08.03 13:28:14.137,1.22982,1.22988,1.50,1.50
2012.08.03 13:28:14.552,1.2298,1.22986,1.98,1.50
2012.08.03 13:28:14.675,1.22981,1.22989,2.48,1.13
2012.08.03 13:28:14.856,1.22983,1.22991,1.23,3.23
2012.08.03 13:28:15.160,1.22987,1.22994,2.58,1.50
2012.08.03 13:28:15.286,1.22987,1.22997,4.31,3.60
2012.08.03 13:28:15.893,1.22989,1.22998,1.98,2.48
2012.08.03 13:28:15.966,1.22987,1.22995,3.45,1.50
2012.08.03 13:28:16.850,1.22987,1.22996,1.31,2.48
2012.08.03 13:28:17.378,1.22986,1.22996,3.83,1.73
2012.08.03 13:28:17.793,1.22986,1.22994,1.73,3.60
2012.08.03 13:28:17.858,1.22986,1.22992,1.50,2.25
2012.08.03 13:28:17.926,1.22984,1.22992,3.48,1.73
2012.08.03 13:28:18.347,1.22986,1.22996,2.21,3.00
2012.08.03 13:28:19.086,1.22987,1.22996,2.21,2.48
2012.08.03 13:28:19.626,1.22988,1.22996,4.31,1.73
2012.08.03 13:28:20.106,1.2299,1.22998,1.98,2.48
2012.08.03 13:28:21.324,1.22989,1.22999,2.96,1.73
2012.08.03 13:28:21.677,1.22993,1.23,1.50,1.35
2012.08.03 13:28:22.963,1.22992,1.23,3.00,3.60
2012.08.03 13:28:23.628,1.22991,1.22998,1.23,1.73
2012.08.03 13:28:23.992,1.22988,1.22997,2.21,1.35
2012.08.03 13:28:24.643,1.22988,1.22995,1.23,1.73
2012.08.03 13:28:25.000,1.2299,1.22997,3.11,3.23
2012.08.03 13:28:25.304,1.22993,1.23002,2.23,2.48
2012.08.03 13:28:25.642,1.22992,1.23001,5.43,2.10
2012.08.03 13:28:25.769,1.22994,1.23001,1.50,2.10
2012.08.03 13:28:26.296,1.22993,1.23001,1.50,3.60
2012.08.03 13:28:26.824,1.22992,1.22999,1.23,1.73
2012.08.03 13:28:27.180,1.22991,1.22999,2.73,1.73
2012.08.03 13:28:27.708,1.22993,1.23001,1.50,4.35
2012.08.03 13:28:28.239,1.22994,1.23001,1.50,3.60
2012.08.03 13:28:28.597,1.22993,1.23001,1.50,2.10
2012.08.03 13:28:29.126,1.22992,1.23,1.23,2.48
2012.08.03 13:28:29.247,1.22994,1.23,1.50,2.25
2012.08.03 13:28:29.662,1.22994,1.23001,1.73,1.88
2012.08.03 13:28:29.728,1.22996,1.23003,1.13,1.13
2012.08.03 13:28:29.793,1.22998,1.23003,1.35,1.35
2012.08.03 13:28:30.034,1.22993,1.23002,1.50,3.60
2012.08.03 13:28:30.274,1.22993,1.22998,1.50,2.10
2012.08.03 13:28:30.773,1.22988,1.22995,1.50,2.48
2012.08.03 13:28:30.901,1.22986,1.22993,1.98,3.00
2012.08.03 13:28:31.085,1.22982,1.22991,2.48,1.88
2012.08.03 13:28:31.390,1.22982,1.22989,1.50,3.98
2012.08.03 13:28:31.456,1.22979,1.22987,3.71,1.50
2012.08.03 13:28:31.520,1.22979,1.22986,2.36,1.73
2012.08.03 13:28:31.824,1.22977,1.22984,1.50,1.73
2012.08.03 13:28:32.130,1.22973,1.22982,2.77,1.73
2012.08.03 13:28:32.431,1.22975,1.22982,1.23,1.50
2012.08.03 13:28:33.088,1.22979,1.22985,1.50,1.50
2012.08.03 13:28:33.620,1.22973,1.22982,1.50,2.48
2012.08.03 13:28:33.686,1.22976,1.22982,1.50,3.38
2012.08.03 13:28:34.220,1.22971,1.22977,2.48,1.50
2012.08.03 13:28:34.285,1.22969,1.22977,1.23,1.73
2012.08.03 13:28:34.350,1.22975,1.2298,1.50,3.00
2012.08.03 13:28:34.641,1.2297,1.22977,3.48,1.50
2012.08.03 13:28:35.809,1.22966,1.22975,3.71,3.98
2012.08.03 13:28:36.111,1.2297,1.22978,2.63,3.75
2012.08.03 13:28:36.295,1.22969,1.22976,1.46,1.73
2012.08.03 13:28:36.419,1.22969,1.22977,2.21,3.23
2012.08.03 13:28:36.773,1.22972,1.22979,2.25,2.25
2012.08.03 13:28:37.126,1.22971,1.22978,1.50,2.63
2012.08.03 13:28:38.467,1.22971,1.22978,1.50,2.85
2012.08.03 13:28:39.666,1.22968,1.22978,3.71,2.85
2012.08.03 13:28:40.041,1.22968,1.22975,1.46,1.73
2012.08.03 13:28:41.643,1.22971,1.22978,1.50,2.63
2012.08.03 13:28:41.945,1.22973,1.22978,1.50,2.63
2012.08.03 13:28:42.473,1.22974,1.2298,1.50,1.73
2012.08.03 13:28:43.525,1.2297,1.22978,1.50,1.35
2012.08.03 13:28:44.052,1.2297,1.2298,1.50,4.35
2012.08.03 13:28:46.776,1.22968,1.22977,3.71,1.73
2012.08.03 13:28:47.131,1.22967,1.22975,2.10,1.73
2012.08.03 13:28:47.197,1.22966,1.22975,2.25,1.73
2012.08.03 13:28:47.504,1.22964,1.22971,2.25,2.48
2012.08.03 13:28:48.506,1.22961,1.22969,6.08,1.13
2012.08.03 13:28:48.808,1.22959,1.22968,3.00,1.73
2012.08.03 13:28:49.109,1.22957,1.22967,3.73,2.85
2012.08.03 13:28:49.643,1.22956,1.22964,3.48,1.73
2012.08.03 13:28:50.461,1.22962,1.22967,1.50,2.63
2012.08.03 13:28:52.370,1.2296,1.22967,1.50,4.88
2012.08.03 13:28:52.551,1.2296,1.22968,1.73,2.25
2012.08.03 13:28:52.675,1.22959,1.22967,5.33,2.25
2012.08.03 13:28:52.802,1.22961,1.22968,1.50,5.25
2012.08.03 13:28:52.987,1.22958,1.22964,1.46,2.25
2012.08.03 13:28:53.053,1.22954,1.22964,3.38,2.48
2012.08.03 13:28:53.293,1.2296,1.22967,1.50,2.48
2012.08.03 13:28:53.830,1.22958,1.22965,1.23,1.73
2012.08.03 13:28:54.366,1.22957,1.22963,3.00,1.88
2012.08.03 13:28:54.670,1.22954,1.22963,1.98,2.85
2012.08.03 13:28:55.205,1.22956,1.22963,1.50,2.10
2012.08.03 13:28:55.684,1.22957,1.22964,1.23,2.25
2012.08.03 13:28:55.812,1.22956,1.22964,7.23,1.50
2012.08.03 13:28:55.995,1.22957,1.22965,1.50,1.35
2012.08.03 13:28:56.296,1.22958,1.22965,1.23,1.50
2012.08.03 13:28:56.775,1.22961,1.22969,1.50,3.60
2012.08.03 13:28:57.769,1.2296,1.22969,1.23,2.63
2012.08.03 13:28:58.597,1.22959,1.22969,1.50,4.88
2012.08.03 13:28:59.128,1.22959,1.22969,3.75,1.88
2012.08.03 13:28:59.252,1.22962,1.22969,1.50,1.88
2012.08.03 13:28:59.787,1.22961,1.22969,1.50,3.60
2012.08.03 13:29:00.203,1.22961,1.22969,2.63,3.38
2012.08.03 13:29:00.508,1.22967,1.22975,1.46,4.73
2012.08.03 13:29:00.575,1.22966,1.22972,1.46,2.25
2012.08.03 13:29:00.699,1.22964,1.22972,2.77,2.25
2012.08.03 13:29:01.270,1.22966,1.22973,2.25,3.60
2012.08.03 13:29:01.339,1.22968,1.22973,1.50,1.13
2012.08.03 13:29:01.404,1.22964,1.22971,2.73,1.50
2012.08.03 13:29:01.820,1.22966,1.22973,1.50,1.35
2012.08.03 13:29:01.945,1.22967,1.22973,2.25,1.13
2012.08.03 13:29:02.596,1.22967,1.22975,2.73,2.40
2012.08.03 13:29:02.777,1.22968,1.22975,3.48,1.65
2012.08.03 13:29:03.079,1.22969,1.22976,1.23,2.25
2012.08.03 13:29:03.568,1.22969,1.22978,1.50,1.43
2012.08.03 13:29:03.714,1.22971,1.22979,1.50,3.53
2012.08.03 13:29:03.840,1.22977,1.22985,3.75,1.35
2012.08.03 13:29:03.964,1.22976,1.22984,3.48,1.73
2012.08.03 13:29:04.498,1.22976,1.22985,2.25,2.40
2012.08.03 13:29:04.799,1.22974,1.2298,1.50,1.43
2012.08.03 13:29:05.163,1.22971,1.22976,2.36,1.43
2012.08.03 13:29:05.227,1.22971,1.22976,2.36,1.43
2012.08.03 13:29:05.294,1.22967,1.22976,2.25,1.43
2012.08.03 13:29:05.597,1.22965,1.22971,3.31,1.50
2012.08.03 13:29:05.865,1.22963,1.22969,2.70,1.43
2012.08.03 13:29:05.930,1.22966,1.22971,1.23,1.43
2012.08.03 13:29:06.468,1.22964,1.2297,3.00,1.50
2012.08.03 13:29:06.532,1.22966,1.22971,1.23,2.48
2012.08.03 13:29:06.714,1.22964,1.2297,1.50,1.73
2012.08.03 13:29:06.778,1.22967,1.22974,1.98,3.00
2012.08.03 13:29:07.308,1.22962,1.22971,2.73,3.23
2012.08.03 13:29:07.840,1.22962,1.22972,2.96,3.98
2012.08.03 13:29:09.898,1.22962,1.22972,1.50,3.98
2012.08.03 13:29:10.199,1.22959,1.22968,2.25,1.73
2012.08.03 13:29:10.500,1.22961,1.22967,1.50,2.25
2012.08.03 13:29:10.682,1.22956,1.22967,1.13,2.48
2012.08.03 13:29:11.213,1.22958,1.22967,1.23,2.40
2012.08.03 13:29:11.643,1.22955,1.22966,3.75,1.65
2012.08.03 13:29:12.180,1.22956,1.22967,1.50,2.48
2012.08.03 13:29:12.713,1.22958,1.22968,1.98,2.85
2012.08.03 13:29:13.296,1.22956,1.22966,1.50,1.13
2012.08.03 13:29:14.016,1.22956,1.22966,1.50,1.35
2012.08.03 13:29:14.386,1.22956,1.22966,1.50,1.35
2012.08.03 13:29:14.695,1.22955,1.22966,1.23,1.35
2012.08.03 13:29:15.229,1.22955,1.22965,1.50,3.60
2012.08.03 13:29:17.356,1.22953,1.22962,1.23,5.10
2012.08.03 13:29:18.036,1.22951,1.22963,1.13,2.25
2012.08.03 13:29:18.222,1.22957,1.22965,2.23,1.50
2012.08.03 13:29:18.350,1.22958,1.22968,2.48,1.35
2012.08.03 13:29:18.415,1.22959,1.22968,2.36,1.35
2012.08.03 13:29:18.539,1.22958,1.2297,4.71,5.48
2012.08.03 13:29:19.077,1.22958,1.22966,2.25,2.48
2012.08.03 13:29:19.200,1.22957,1.22962,1.73,1.13
2012.08.03 13:29:19.385,1.22956,1.22962,1.50,1.13
2012.08.03 13:29:19.915,1.22955,1.22962,1.50,2.63
2012.08.03 13:29:20.399,1.22954,1.22962,2.25,2.63
2012.08.03 13:29:20.462,1.22955,1.22962,1.50,2.63
2012.08.03 13:29:20.703,1.22954,1.22962,2.25,2.63
2012.08.03 13:29:20.827,1.22952,1.22958,4.58,1.13
2012.08.03 13:29:21.380,1.22954,1.22961,1.50,3.38
2012.08.03 13:29:21.625,1.22953,1.2296,1.50,3.00
2012.08.03 13:29:21.982,1.2296,1.22965,2.10,1.50
2012.08.03 13:29:22.401,1.22953,1.22959,2.25,1.13
2012.08.03 13:29:22.465,1.22955,1.22962,3.00,1.73
2012.08.03 13:29:22.530,1.22955,1.22962,1.50,2.85
2012.08.03 13:29:22.889,1.22952,1.22958,1.23,1.50
2012.08.03 13:29:23.362,1.22953,1.2296,1.98,3.38
2012.08.03 13:29:23.895,1.22954,1.2296,2.25,1.13
2012.08.03 13:29:24.019,1.22957,1.22962,1.50,5.33
2012.08.03 13:29:24.567,1.22957,1.22962,1.50,4.20
2012.08.03 13:29:25.750,1.22953,1.2296,2.25,1.73
2012.08.03 13:29:26.093,1.22951,1.22959,1.50,1.73
2012.08.03 13:29:26.748,1.22949,1.22955,3.48,1.50
2012.08.03 13:29:27.050,1.22946,1.22951,3.00,1.50
2012.08.03 13:29:27.353,1.22944,1.22951,1.96,2.25
2012.08.03 13:29:27.600,1.2294,1.22946,2.25,1.71
2012.08.03 13:29:27.667,1.22936,1.22948,1.13,2.10
2012.08.03 13:29:27.734,1.22936,1.22941,1.50,2.48
2012.08.03 13:29:27.858,1.22932,1.22937,1.50,1.88
2012.08.03 13:29:28.222,1.2293,1.22938,2.78,4.13
2012.08.03 13:29:28.754,1.22928,1.22939,4.42,3.38
2012.08.03 13:29:28.931,1.22928,1.22938,4.23,1.50
2012.08.03 13:29:29.579,1.22929,1.22939,1.47,5.10
2012.08.03 13:29:30.522,1.22932,1.2294,3.12,1.13
2012.08.03 13:29:30.588,1.22934,1.2294,1.05,1.13
2012.08.03 13:29:30.832,1.22936,1.22944,1.05,2.10
2012.08.03 13:29:31.310,1.22937,1.22945,1.88,1.13
2012.08.03 13:29:31.493,1.22941,1.22947,1.20,1.35
2012.08.03 13:29:31.909,1.22938,1.22948,2.93,1.73
2012.08.03 13:29:32.091,1.22938,1.22947,1.20,2.10
2012.08.03 13:29:32.397,1.22935,1.22944,1.50,1.50
2012.08.03 13:29:32.636,1.2293,1.22936,4.41,2.10
2012.08.03 13:29:32.936,1.22926,1.22932,1.50,1.35
2012.08.03 13:29:33.289,1.22926,1.22932,1.35,1.35
2012.08.03 13:29:33.410,1.2292,1.22931,2.70,1.73
2012.08.03 13:29:34.057,1.22924,1.22931,1.50,2.48
2012.08.03 13:29:34.129,1.2292,1.22927,1.50,2.10
2012.08.03 13:29:34.661,1.2292,1.22927,1.50,3.60
2012.08.03 13:29:34.725,1.22916,1.22924,2.25,1.73
2012.08.03 13:29:34.848,1.22918,1.22926,1.50,3.60
2012.08.03 13:29:35.139,1.22915,1.22925,5.48,2.48
2012.08.03 13:29:35.432,1.22915,1.22924,3.98,1.17
2012.08.03 13:29:35.792,1.22911,1.22925,1.73,1.88
2012.08.03 13:29:35.859,1.22913,1.2292,1.50,3.00
2012.08.03 13:29:35.985,1.22912,1.22918,1.50,1.73
2012.08.03 13:29:36.171,1.22911,1.22919,3.23,1.13
2012.08.03 13:29:36.471,1.22914,1.22921,1.50,3.75
2012.08.03 13:29:36.537,1.22915,1.22921,2.85,4.50
2012.08.03 13:29:36.660,1.22916,1.22924,2.96,1.50
2012.08.03 13:29:37.135,1.22917,1.22927,4.50,1.35
2012.08.03 13:29:37.635,1.22916,1.22924,3.15,1.50
2012.08.03 13:29:37.946,1.22912,1.22918,1.43,2.48
2012.08.03 13:29:38.302,1.22909,1.22916,1.13,1.50
2012.08.03 13:29:38.660,1.22913,1.22922,1.92,4.13
2012.08.03 13:29:38.784,1.22915,1.22924,2.93,1.50
2012.08.03 13:29:38.851,1.22915,1.22922,2.93,1.13
2012.08.03 13:29:39.154,1.22909,1.22919,1.43,1.92
2012.08.03 13:29:39.461,1.22907,1.22918,5.40,1.50
2012.08.03 13:29:39.761,1.22908,1.22915,1.43,2.48
2012.08.03 13:29:40.882,1.22907,1.22914,1.43,2.48
2012.08.03 13:29:41.414,1.229,1.22908,1.58,1.73
2012.08.03 13:29:41.537,1.22898,1.22906,3.15,1.50
2012.08.03 13:29:42.068,1.22898,1.22906,2.25,1.50
2012.08.03 13:29:42.479,1.22898,1.22904,2.25,1.50
2012.08.03 13:29:43.017,1.22898,1.22906,3.00,1.73
2012.08.03 13:29:43.318,1.22895,1.22901,2.25,1.50
2012.08.03 13:29:43.384,1.2289,1.22899,2.10,1.50
2012.08.03 13:29:43.450,1.2289,1.22898,3.49,2.10
2012.08.03 13:29:43.992,1.2289,1.22898,4.80,2.10
2012.08.03 13:29:44.235,1.2289,1.22897,2.32,1.73
2012.08.03 13:29:44.476,1.22891,1.22899,3.60,2.85
2012.08.03 13:29:45.243,1.22895,1.229,1.50,3.00
2012.08.03 13:29:45.553,1.22888,1.22895,1.88,1.13
2012.08.03 13:29:45.678,1.22895,1.229,1.50,2.63
2012.08.03 13:29:45.805,1.22897,1.22902,1.50,4.88
2012.08.03 13:29:46.345,1.22897,1.22902,1.50,2.10
2012.08.03 13:29:46.877,1.22898,1.22904,1.50,1.35
2012.08.03 13:29:47.061,1.22901,1.22906,1.50,1.13
2012.08.03 13:29:47.187,1.22898,1.22906,2.92,4.35
2012.08.03 13:29:47.252,1.229,1.22912,1.13,6.38
2012.08.03 13:29:47.318,1.22904,1.22912,1.80,4.13
2012.08.03 13:29:47.443,1.22907,1.22918,1.65,3.98
2012.08.03 13:29:47.510,1.22911,1.22917,1.57,3.00
2012.08.03 13:29:47.575,1.22907,1.22912,1.50,1.50
2012.08.03 13:29:47.699,1.22907,1.22915,1.50,5.10
2012.08.03 13:29:48.236,1.22912,1.22922,2.40,2.63
2012.08.03 13:29:48.358,1.22912,1.22922,2.40,3.75
2012.08.03 13:29:49.827,1.22913,1.22923,1.65,5.10
2012.08.03 13:29:49.892,1.22913,1.22923,3.90,2.85
2012.08.03 13:29:49.956,1.22914,1.22923,1.27,2.85
2012.08.03 13:29:50.669,1.22912,1.22922,1.72,1.35
2012.08.03 13:29:51.031,1.22908,1.22919,1.95,1.88
2012.08.03 13:29:51.336,1.22904,1.22913,3.67,1.73
2012.08.03 13:29:51.766,1.22901,1.22909,3.22,1.50
2012.08.03 13:29:51.890,1.22902,1.22912,3.22,2.85
2012.08.03 13:29:52.132,1.22903,1.22912,2.77,2.85
2012.08.03 13:29:52.197,1.22902,1.22911,2.40,1.73
2012.08.03 13:29:52.440,1.22902,1.2291,1.50,2.33
2012.08.03 13:29:52.682,1.22898,1.22908,6.30,1.50
2012.08.03 13:29:52.983,1.22901,1.22908,1.42,1.50
2012.08.03 13:29:53.281,1.22903,1.22911,2.17,2.48
2012.08.03 13:29:53.765,1.22901,1.22907,1.50,1.50
2012.08.03 13:29:54.007,1.22903,1.22909,3.15,1.50
2012.08.03 13:29:54.250,1.22905,1.22913,1.50,2.85
2012.08.03 13:29:54.783,1.22903,1.22913,2.47,2.10
2012.08.03 13:29:54.907,1.22903,1.22912,2.17,1.73
2012.08.03 13:29:55.857,1.229,1.22911,3.90,2.70
2012.08.03 13:29:55.923,1.229,1.22911,3.15,4.73
2012.08.03 13:29:56.287,1.229,1.22908,2.17,3.42
2012.08.03 13:29:56.597,1.22896,1.22905,1.80,5.10
2012.08.03 13:29:57.145,1.22892,1.22903,4.72,2.63
2012.08.03 13:29:57.660,1.22895,1.22905,1.50,5.10
2012.08.03 13:29:58.022,1.22896,1.22906,2.40,3.98
2012.08.03 13:29:58.151,1.22898,1.22905,1.50,1.88
2012.08.03 13:29:58.456,1.22895,1.22903,2.25,3.98
2012.08.03 13:29:58.580,1.22892,1.22902,3.71,2.25
2012.08.03 13:29:59.404,1.22893,1.22901,1.65,2.82
2012.08.03 13:29:59.737,1.22887,1.22895,2.25,2.10
2012.08.03 13:30:00.107,1.22888,1.22895,2.25,2.70
2012.08.03 13:30:00.290,1.22886,1.22895,1.50,2.85
2012.08.03 13:30:00.415,1.22887,1.22895,2.48,3.00
2012.08.03 13:30:00.719,1.2289,1.22899,2.47,3.98
2012.08.03 13:30:01.254,1.22893,1.229,1.88,2.25
2012.08.03 13:30:01.451,1.22896,1.22903,1.80,1.50
2012.08.03 13:30:01.578,1.22893,1.22902,4.33,3.00
2012.08.03 13:30:01.762,1.22894,1.22902,1.05,1.50
2012.08.03 13:30:02.181,1.2289,1.229,2.55,2.63
2012.08.03 13:30:02.542,1.22894,1.22901,1.50,2.25
2012.08.03 13:30:02.900,1.22896,1.22902,1.50,2.48
2012.08.03 13:30:03.443,1.22895,1.22903,1.50,4.35
2012.08.03 13:30:03.743,1.22894,1.22902,1.42,1.73
2012.08.03 13:30:04.630,1.22892,1.229,3.07,1.50
2012.08.03 13:30:05.343,1.22896,1.22902,1.48,1.73
2012.08.03 13:30:05.703,1.22896,1.22903,2.25,2.85
2012.08.03 13:30:06.007,1.229,1.22909,2.17,3.38
2012.08.03 13:30:06.130,1.229,1.22909,1.42,3.60
2012.08.03 13:30:06.196,1.229,1.22909,2.92,1.35
2012.08.03 13:30:06.263,1.229,1.22909,2.32,1.35
2012.08.03 13:30:06.327,1.22903,1.22909,1.50,1.35
2012.08.03 13:30:06.923,1.22903,1.22911,1.50,5.10
2012.08.03 13:30:07.398,1.22903,1.22911,1.65,2.85
2012.08.03 13:30:07.700,1.22905,1.22913,2.63,2.25
2012.08.03 13:30:07.884,1.22906,1.22914,1.05,1.73
2012.08.03 13:30:08.156,1.22904,1.22913,4.95,1.35
2012.08.03 13:30:08.403,1.22905,1.22913,1.50,1.35
2012.08.03 13:30:08.936,1.22904,1.22912,2.55,1.73
2012.08.03 13:30:09.235,1.22906,1.22913,1.13,1.13
2012.08.03 13:30:09.658,1.22904,1.22911,2.77,1.50
2012.08.03 13:30:10.312,1.22905,1.22913,3.39,1.73
2012.08.03 13:30:10.615,1.22909,1.22914,1.42,1.50
2012.08.03 13:30:11.265,1.22909,1.22916,1.80,1.50
2012.08.03 13:30:11.684,1.2291,1.22918,1.88,1.35
2012.08.03 13:30:12.203,1.2291,1.22918,3.00,1.35
2012.08.03 13:30:12.454,1.22909,1.22917,3.23,1.50
2012.08.03 13:30:14.454,1.22909,1.22917,4.42,1.73
2012.08.03 13:30:14.991,1.2291,1.22919,4.40,1.35
2012.08.03 13:30:15.177,1.22912,1.2292,1.88,1.35
2012.08.03 13:30:15.715,1.22912,1.2292,3.38,2.10
2012.08.03 13:30:16.148,1.22915,1.22923,1.32,4.20
2012.08.03 13:30:16.456,1.22918,1.22924,1.35,1.50
2012.08.03 13:30:16.758,1.22919,1.22926,2.10,1.50
2012.08.03 13:30:16.942,1.22922,1.2293,1.50,3.23
2012.08.03 13:30:17.124,1.22923,1.2293,1.50,1.50
2012.08.03 13:30:17.483,1.22924,1.22931,2.85,2.85
2012.08.03 13:30:17.786,1.22928,1.22934,1.35,1.50
2012.08.03 13:30:18.151,1.22931,1.22939,1.50,2.48
2012.08.03 13:30:18.686,1.22932,1.22941,1.50,5.33
2012.08.03 13:30:18.869,1.2293,1.2294,2.03,2.48
2012.08.03 13:30:19.289,1.2293,1.22936,1.50,1.50
2012.08.03 13:30:19.642,1.22926,1.22934,3.75,1.35
2012.08.03 13:30:19.709,1.22926,1.22934,3.00,2.10
2012.08.03 13:30:19.955,1.22924,1.22934,1.50,4.35
2012.08.03 13:30:20.900,1.22924,1.2293,1.50,1.50
2012.08.03 13:30:21.205,1.22922,1.22929,2.25,2.10
2012.08.03 13:30:21.448,1.22922,1.22927,1.05,1.50
2012.08.03 13:30:21.693,1.22925,1.22931,1.28,2.10
2012.08.03 13:30:21.877,1.22927,1.22934,1.50,2.48
2012.08.03 13:30:22.003,1.2293,1.22935,1.50,1.88
2012.08.03 13:30:22.533,1.22932,1.22939,1.28,1.88
2012.08.03 13:30:22.597,1.22932,1.22941,1.42,7.35
2012.08.03 13:30:22.903,1.22936,1.22942,1.20,1.50
2012.08.03 13:30:23.029,1.22936,1.22941,1.42,3.00
2012.08.03 13:30:23.440,1.22936,1.22943,2.40,1.50
2012.08.03 13:30:23.745,1.22937,1.22944,3.73,1.13
2012.08.03 13:30:23.808,1.22937,1.22944,2.25,1.13
2012.08.03 13:30:23.989,1.2294,1.22947,1.50,1.50
2012.08.03 13:30:24.347,1.22942,1.22949,1.50,1.73
2012.08.03 13:30:24.656,1.22938,1.22943,2.25,1.13
2012.08.03 13:30:24.723,1.22938,1.22943,2.25,2.63
2012.08.03 13:30:24.849,1.22933,1.22938,1.93,1.13
2012.08.03 13:30:24.913,1.22935,1.2294,1.50,1.13
2012.08.03 13:30:25.035,1.22931,1.22938,1.50,1.13
2012.08.03 13:30:25.510,1.22931,1.2294,2.25,1.73
2012.08.03 13:30:25.633,1.22932,1.2294,2.17,2.48
2012.08.03 13:30:26.933,1.22931,1.2294,3.00,5.10
2012.08.03 13:30:27.851,1.2293,1.22938,2.92,1.73
2012.08.03 13:30:28.215,1.22931,1.22938,1.27,1.73
2012.08.03 13:30:28.747,1.22932,1.2294,2.17,3.23
2012.08.03 13:30:29.222,1.22931,1.22938,1.42,3.00
2012.08.03 13:30:29.467,1.22928,1.22937,2.92,2.48
2012.08.03 13:30:29.648,1.22928,1.22934,1.42,1.50
2012.08.03 13:30:30.064,1.22926,1.22934,4.50,2.25
2012.08.03 13:30:30.249,1.22923,1.22931,3.90,2.85
2012.08.03 13:30:30.314,1.22922,1.22928,3.00,1.69
2012.08.03 13:30:30.505,1.22918,1.22923,2.85,1.95
2012.08.03 13:30:30.571,1.22915,1.22922,4.50,2.25
2012.08.03 13:30:30.816,1.22912,1.22919,3.75,1.73
2012.08.03 13:30:30.884,1.22911,1.22917,1.27,1.50
2012.08.03 13:30:31.246,1.22908,1.22913,2.85,1.50
2012.08.03 13:30:31.614,1.22906,1.22911,3.33,1.73
2012.08.03 13:30:32.217,1.22907,1.22916,2.85,4.35
2012.08.03 13:30:32.342,1.22907,1.22916,1.50,7.35
2012.08.03 13:30:33.523,1.22906,1.22913,1.50,1.73
2012.08.03 13:30:34.238,1.22907,1.22915,1.50,3.98
2012.08.03 13:30:34.770,1.22906,1.22914,1.50,3.23
2012.08.03 13:30:35.129,1.22906,1.22914,1.50,3.98
2012.08.03 13:30:35.253,1.22904,1.22914,3.67,3.23
2012.08.03 13:30:35.609,1.22907,1.22913,1.50,1.50
2012.08.03 13:30:36.202,1.22905,1.22913,1.50,5.10
2012.08.03 13:30:36.606,1.22906,1.22915,2.17,4.73
2012.08.03 13:30:37.158,1.2291,1.22915,2.17,1.50
2012.08.03 13:30:37.225,1.2291,1.22915,2.17,1.50
2012.08.03 13:30:37.291,1.22909,1.22917,2.25,1.50
2012.08.03 13:30:37.415,1.22908,1.22916,2.17,1.73
2012.08.03 13:30:37.717,1.22903,1.2291,1.13,1.73
2012.08.03 13:30:37.782,1.22902,1.2291,1.86,1.73
2012.08.03 13:30:38.319,1.22902,1.22911,1.05,6.60
2012.08.03 13:30:38.500,1.22901,1.22909,2.17,4.73
2012.08.03 13:30:39.035,1.22901,1.22908,1.50,1.92
2012.08.03 13:30:39.099,1.22899,1.22906,2.25,1.50
2012.08.03 13:30:39.404,1.22897,1.22906,1.80,6.45
2012.08.03 13:30:39.938,1.22896,1.22905,2.17,3.23
2012.08.03 13:30:40.592,1.22891,1.229,3.15,1.35
2012.08.03 13:30:40.658,1.22891,1.229,2.40,1.35
2012.08.03 13:30:41.194,1.22895,1.22902,1.65,1.50
2012.08.03 13:30:41.318,1.22893,1.229,1.48,1.50
2012.08.03 13:30:41.562,1.22895,1.229,1.50,2.63
2012.08.03 13:30:41.807,1.22888,1.22895,3.67,1.50
2012.08.03 13:30:42.109,1.22887,1.22897,3.00,4.35
2012.08.03 13:30:42.415,1.22887,1.229,2.43,3.00
2012.08.03 13:30:42.541,1.2289,1.22899,1.73,1.50
2012.08.03 13:30:42.607,1.2289,1.229,3.38,1.73
2012.08.03 13:30:42.671,1.22892,1.22901,1.42,1.73
2012.08.03 13:30:42.912,1.229,1.22906,2.40,1.50
2012.08.03 13:30:43.166,1.22895,1.229,1.13,1.73
2012.08.03 13:30:43.289,1.22895,1.22904,1.80,3.75
2012.08.03 13:30:43.414,1.22893,1.22898,2.25,1.50
2012.08.03 13:30:43.478,1.22899,1.22904,3.98,1.50
2012.08.03 13:30:44.006,1.229,1.22905,1.50,1.50
2012.08.03 13:30:44.082,1.22903,1.22911,2.92,3.23
2012.08.03 13:30:44.328,1.22902,1.22909,1.65,1.50
2012.08.03 13:30:44.699,1.22903,1.22913,1.42,3.00
2012.08.03 13:30:45.009,1.22903,1.22915,1.73,2.48
2012.08.03 13:30:45.074,1.22906,1.22914,1.22,1.50
2012.08.03 13:30:45.262,1.22907,1.22914,1.42,1.73
2012.08.03 13:30:45.327,1.22908,1.22916,2.17,1.73
2012.08.03 13:30:45.570,1.22908,1.22918,2.92,1.73
2012.08.03 13:30:46.101,1.2291,1.22919,2.17,2.85
2012.08.03 13:30:46.811,1.22913,1.22918,2.48,1.69
2012.08.03 13:30:46.999,1.22913,1.22921,1.65,2.70
2012.08.03 13:30:47.126,1.22914,1.22922,1.27,1.73
2012.08.03 13:30:47.428,1.22915,1.22923,3.08,2.25
2012.08.03 13:30:47.703,1.22917,1.22924,1.58,2.25
2012.08.03 13:30:48.205,1.22918,1.22926,2.40,1.50
2012.08.03 13:30:48.563,1.2292,1.22927,2.92,1.50
2012.08.03 13:30:49.102,1.22921,1.22929,1.50,2.63
2012.08.03 13:30:49.227,1.22922,1.2293,3.75,1.73
2012.08.03 13:30:49.535,1.22928,1.22935,3.15,2.25
2012.08.03 13:30:49.837,1.22924,1.22932,2.25,1.50
2012.08.03 13:30:50.085,1.2292,1.22927,2.17,1.50
2012.08.03 13:30:50.151,1.2292,1.22928,2.17,4.92
2012.08.03 13:30:50.218,1.2292,1.22926,2.17,1.50
2012.08.03 13:30:50.576,1.22915,1.22922,2.55,3.75
2012.08.03 13:30:51.113,1.22913,1.2292,1.42,1.50
2012.08.03 13:30:51.474,1.22917,1.22923,1.42,2.48
2012.08.03 13:30:51.545,1.22919,1.22925,1.42,1.50
2012.08.03 13:30:51.851,1.22922,1.22929,1.42,3.98
2012.08.03 13:30:51.977,1.22926,1.22931,1.88,1.50
2012.08.03 13:30:52.103,1.22924,1.22934,3.23,1.50
2012.08.03 13:30:52.404,1.22927,1.22936,3.75,1.50
2012.08.03 13:30:52.765,1.22931,1.22939,2.40,1.50
2012.08.03 13:30:52.890,1.22934,1.22941,1.50,1.50
2012.08.03 13:30:53.541,1.22932,1.22941,2.17,2.25
2012.08.03 13:30:54.195,1.22931,1.22941,3.15,1.50
2012.08.03 13:30:54.318,1.22931,1.22941,3.15,1.50
2012.08.03 13:30:54.499,1.22931,1.22938,1.65,1.50
2012.08.03 13:30:55.163,1.22931,1.22941,2.40,1.73
2012.08.03 13:30:55.637,1.22929,1.22938,5.33,1.13
2012.08.03 13:30:55.940,1.22926,1.22931,1.13,1.50
2012.08.03 13:30:56.479,1.22925,1.22933,1.50,3.38
2012.08.03 13:30:56.603,1.22922,1.22931,1.65,1.73
2012.08.03 13:30:57.135,1.22923,1.22932,2.48,1.73
2012.08.03 13:30:57.670,1.22923,1.22932,2.40,2.25
2012.08.03 13:30:58.205,1.22923,1.22932,1.50,2.10
2012.08.03 13:30:58.688,1.22926,1.22934,1.50,5.85
2012.08.03 13:30:59.093,1.22923,1.22933,3.90,1.73
2012.08.03 13:30:59.219,1.22925,1.22933,1.42,1.73
2012.08.03 13:30:59.579,1.22928,1.22934,4.65,1.50
2012.08.03 13:30:59.880,1.2293,1.22938,4.42,2.25
2012.08.03 13:31:00.642,1.2293,1.22938,2.92,2.25
2012.08.03 13:31:01.230,1.22931,1.22938,1.50,1.50
2012.08.03 13:31:01.767,1.22931,1.22938,1.50,1.50
2012.08.03 13:31:01.965,1.22931,1.2294,1.50,1.50
2012.08.03 13:31:02.320,1.22931,1.2294,1.50,1.73
2012.08.03 13:31:02.503,1.22931,1.2294,1.73,1.73
2012.08.03 13:31:05.324,1.2293,1.2294,6.15,1.73
2012.08.03 13:31:05.505,1.22931,1.22938,1.73,1.50
2012.08.03 13:31:06.033,1.2293,1.2294,6.15,1.73
2012.08.03 13:31:06.559,1.22931,1.2294,2.25,1.73
2012.08.03 13:31:06.863,1.22936,1.22943,1.42,1.50
2012.08.03 13:31:07.046,1.22938,1.22943,1.42,1.50
2012.08.03 13:31:07.287,1.22943,1.22949,2.10,2.28
2012.08.03 13:31:07.473,1.22948,1.22953,1.50,1.50
2012.08.03 13:31:07.539,1.22948,1.22955,1.50,1.88
2012.08.03 13:31:08.128,1.22947,1.22955,1.65,1.13
2012.08.03 13:31:08.202,1.22948,1.22956,1.65,2.25
2012.08.03 13:31:08.506,1.22946,1.22955,2.25,4.35
2012.08.03 13:31:08.632,1.22943,1.22951,3.90,1.50
2012.08.03 13:31:09.225,1.22944,1.22952,2.92,2.25
2012.08.03 13:31:09.643,1.22946,1.22953,1.50,1.50
2012.08.03 13:31:09.707,1.22946,1.22955,1.50,4.35
2012.08.03 13:31:11.449,1.22946,1.22956,2.40,5.85
2012.08.03 13:31:11.932,1.22946,1.22954,1.50,2.85
2012.08.03 13:31:11.998,1.22944,1.22954,2.25,4.35
2012.08.03 13:31:12.629,1.22944,1.22954,1.73,3.60
2012.08.03 13:31:12.699,1.22944,1.22951,1.42,1.50
2012.08.03 13:31:13.168,1.22945,1.22953,2.17,1.73
2012.08.03 13:31:13.528,1.22948,1.22956,1.50,2.85
2012.08.03 13:31:13.590,1.22948,1.22956,1.50,2.10
2012.08.03 13:31:13.828,1.22946,1.22956,1.50,3.60
2012.08.03 13:31:14.071,1.22945,1.22953,2.17,1.50
2012.08.03 13:31:14.603,1.22945,1.22953,2.17,1.73
2012.08.03 13:31:15.526,1.22946,1.22954,1.50,2.48
2012.08.03 13:31:16.174,1.22944,1.22954,2.92,3.98
2012.08.03 13:31:16.588,1.22947,1.22954,1.42,3.75
2012.08.03 13:31:16.891,1.22948,1.22955,2.55,1.50
2012.08.03 13:31:17.391,1.22948,1.22957,2.85,3.00
2012.08.03 13:31:17.466,1.22951,1.22956,4.50,1.50
2012.08.03 13:31:17.531,1.22951,1.22958,2.40,2.25
2012.08.03 13:31:17.657,1.22953,1.22958,1.73,2.10
2012.08.03 13:31:17.782,1.2296,1.22965,3.00,2.10
2012.08.03 13:31:18.092,1.22955,1.22966,2.72,1.35
2012.08.03 13:31:18.220,1.22958,1.22965,3.00,1.50
2012.08.03 13:31:18.763,1.22961,1.22967,2.55,3.00
2012.08.03 13:31:19.298,1.22963,1.22969,1.50,1.50
2012.08.03 13:31:19.542,1.22959,1.22966,2.17,2.25
2012.08.03 13:31:19.607,1.22961,1.22969,1.42,1.73
2012.08.03 13:31:19.673,1.22961,1.22969,1.42,1.50
2012.08.03 13:31:19.739,1.22961,1.22969,1.42,1.50
2012.08.03 13:31:19.863,1.2296,1.22969,2.17,1.50
2012.08.03 13:31:20.345,1.2296,1.22968,1.50,1.35
2012.08.03 13:31:20.644,1.22962,1.22968,3.00,1.35
2012.08.03 13:31:20.885,1.22962,1.22971,2.25,2.85
2012.08.03 13:31:21.242,1.22964,1.22972,1.50,1.73
2012.08.03 13:31:21.600,1.22964,1.22973,2.25,5.85
2012.08.03 13:31:22.020,1.22962,1.22968,1.50,2.10
2012.08.03 13:31:22.085,1.22964,1.22969,1.50,2.10
2012.08.03 13:31:22.152,1.2296,1.22968,1.50,2.10
2012.08.03 13:31:22.338,1.22961,1.22968,1.50,1.88
2012.08.03 13:31:22.640,1.2296,1.22969,1.50,4.35
2012.08.03 13:31:22.942,1.22962,1.2297,1.50,6.79
2012.08.03 13:31:23.477,1.22962,1.2297,1.50,2.48
2012.08.03 13:31:23.778,1.22963,1.22971,1.50,3.60
2012.08.03 13:31:23.902,1.22963,1.22972,4.50,1.73
2012.08.03 13:31:24.150,1.22968,1.22975,1.42,1.50
2012.08.03 13:31:24.334,1.2297,1.22977,2.17,1.50
2012.08.03 13:31:24.859,1.2297,1.22978,3.00,1.73
2012.08.03 13:31:25.105,1.22973,1.2298,1.50,2.10
2012.08.03 13:31:25.543,1.22975,1.22982,1.50,2.85
2012.08.03 13:31:25.847,1.22978,1.22984,2.17,1.73
2012.08.03 13:31:25.972,1.22979,1.22987,2.48,3.38
2012.08.03 13:31:26.278,1.22977,1.22988,3.60,1.50
2012.08.03 13:31:26.523,1.2298,1.2299,3.90,2.48
2012.08.03 13:31:26.893,1.2298,1.22989,1.73,2.10
2012.08.03 13:31:27.430,1.22981,1.2299,1.42,1.35
2012.08.03 13:31:27.790,1.22984,1.22995,3.60,5.25
2012.08.03 13:31:27.917,1.22986,1.22993,2.25,1.35
2012.08.03 13:31:28.267,1.22989,1.22998,3.75,1.50
2012.08.03 13:31:28.332,1.2299,1.22999,1.42,1.88
2012.08.03 13:31:28.574,1.22991,1.23005,2.92,2.63
2012.08.03 13:31:28.932,1.22993,1.23003,2.17,3.00
2012.08.03 13:31:29.352,1.22993,1.23004,2.17,3.98
2012.08.03 13:31:29.662,1.22993,1.23004,2.92,3.98
2012.08.03 13:31:30.198,1.22992,1.23003,2.92,3.23
2012.08.03 13:31:30.580,1.22994,1.23004,1.50,3.00
2012.08.03 13:31:30.762,1.22993,1.23005,5.85,2.25
2012.08.03 13:31:30.944,1.22995,1.23005,3.74,1.50
2012.08.03 13:31:31.307,1.22994,1.23005,2.39,1.73
2012.08.03 13:31:31.371,1.22993,1.23004,3.37,2.29
2012.08.03 13:31:31.731,1.22993,1.23001,2.62,1.50
2012.08.03 13:31:32.047,1.22991,1.23001,1.50,3.00
2012.08.03 13:31:32.566,1.22994,1.23004,1.64,3.23
2012.08.03 13:31:32.693,1.22994,1.23001,1.50,1.50
2012.08.03 13:31:32.877,1.22993,1.23004,1.50,2.44
2012.08.03 13:31:33.060,1.22992,1.23004,3.89,3.57
2012.08.03 13:31:33.363,1.22991,1.22997,2.85,1.50
2012.08.03 13:31:33.663,1.22992,1.23001,3.75,1.50
2012.08.03 13:31:34.079,1.22991,1.22999,4.50,1.50
2012.08.03 13:31:34.557,1.2299,1.23,3.00,3.00
2012.08.03 13:31:34.621,1.2299,1.22998,1.50,1.50
2012.08.03 13:31:34.923,1.22989,1.22996,1.50,4.13
2012.08.03 13:31:35.048,1.22985,1.22993,1.50,4.20
2012.08.03 13:31:35.530,1.22981,1.22988,1.50,1.50
2012.08.03 13:31:35.873,1.2298,1.22988,3.67,1.50
2012.08.03 13:31:36.117,1.22981,1.22989,1.50,2.25
2012.08.03 13:31:36.240,1.2298,1.22991,2.63,1.50
2012.08.03 13:31:36.597,1.22988,1.22997,1.50,1.50
2012.08.03 13:31:37.247,1.22989,1.22997,3.14,2.25
2012.08.03 13:31:37.370,1.22988,1.22994,2.39,1.50
2012.08.03 13:31:37.494,1.22987,1.22994,2.92,1.50
2012.08.03 13:31:37.562,1.22986,1.22992,1.73,1.50
2012.08.03 13:31:38.093,1.22984,1.22993,1.69,1.50
2012.08.03 13:31:38.218,1.22986,1.22995,4.42,1.73
2012.08.03 13:31:38.755,1.22988,1.22998,3.75,2.85
2012.08.03 13:31:38.820,1.22988,1.22998,4.64,1.35
2012.08.03 13:31:39.116,1.22988,1.22999,4.50,1.73
2012.08.03 13:31:39.536,1.22988,1.22996,1.64,1.50
2012.08.03 13:31:39.603,1.22987,1.22996,1.50,1.50
2012.08.03 13:31:39.667,1.22985,1.22996,3.98,1.73
2012.08.03 13:31:39.924,1.22984,1.22991,3.98,2.63
2012.08.03 13:31:39.993,1.22983,1.22991,3.00,1.73
2012.08.03 13:31:40.058,1.22984,1.22991,3.14,1.73
2012.08.03 13:31:40.539,1.22985,1.22994,1.64,1.73
2012.08.03 13:31:40.783,1.22986,1.22996,2.48,3.98
2012.08.03 13:31:40.908,1.22985,1.22994,1.73,1.73
2012.08.03 13:31:41.442,1.22985,1.22993,2.39,2.48
2012.08.03 13:31:42.101,1.22984,1.22994,3.14,2.48
2012.08.03 13:31:42.640,1.22983,1.22991,2.39,1.50
2012.08.03 13:31:43.301,1.22981,1.22991,5.10,2.48
2012.08.03 13:31:43.846,1.22981,1.22988,1.13,1.88
2012.08.03 13:31:43.923,1.22979,1.22988,6.98,3.98
2012.08.03 13:31:44.225,1.22978,1.22987,5.39,2.25
2012.08.03 13:31:44.290,1.22977,1.22986,2.48,2.25
2012.08.03 13:31:44.525,1.22975,1.22985,2.25,7.35
2012.08.03 13:31:44.831,1.22975,1.22982,2.25,1.13
2012.08.03 13:31:45.131,1.22974,1.22981,1.50,3.38
2012.08.03 13:31:46.430,1.22974,1.22979,1.50,2.25
2012.08.03 13:31:46.790,1.22972,1.22978,3.23,2.44
2012.08.03 13:31:47.096,1.22972,1.22977,1.50,3.00
2012.08.03 13:31:47.670,1.2297,1.22977,4.50,2.63
2012.08.03 13:31:48.212,1.22969,1.22976,2.25,2.93
2012.08.03 13:31:48.457,1.22967,1.22976,1.64,2.48
2012.08.03 13:31:48.522,1.22966,1.22976,1.64,2.48
2012.08.03 13:31:49.002,1.22965,1.22974,1.64,1.05
2012.08.03 13:31:49.127,1.22963,1.22973,1.73,1.88
2012.08.03 13:31:50.443,1.22962,1.22972,1.87,1.88
2012.08.03 13:31:50.509,1.22962,1.2297,1.12,1.28
2012.08.03 13:31:50.579,1.22957,1.22965,1.58,1.50
2012.08.03 13:31:50.706,1.2296,1.22966,1.12,1.50
2012.08.03 13:31:50.888,1.22962,1.22969,3.60,1.50
2012.08.03 13:31:50.954,1.22962,1.22972,4.49,1.88
2012.08.03 13:31:51.258,1.22963,1.22972,3.60,1.13
2012.08.03 13:31:51.322,1.22966,1.22973,1.42,2.25
2012.08.03 13:31:51.686,1.2297,1.22978,2.48,2.63
2012.08.03 13:31:52.172,1.22971,1.2298,1.73,2.63
2012.08.03 13:31:52.482,1.22975,1.22981,1.12,1.50
2012.08.03 13:31:53.251,1.22973,1.22983,3.37,2.25
2012.08.03 13:31:53.316,1.22975,1.22983,1.64,1.73
2012.08.03 13:31:53.676,1.22975,1.22981,2.25,1.50
2012.08.03 13:31:54.033,1.22973,1.22979,1.95,1.50
2012.08.03 13:31:54.156,1.22973,1.22981,3.45,1.50
2012.08.03 13:31:54.689,1.22974,1.22981,1.64,1.50
2012.08.03 13:31:54.873,1.22973,1.22981,2.70,2.40
2012.08.03 13:31:55.176,1.22972,1.22977,2.17,1.50
2012.08.03 13:31:55.612,1.22969,1.22976,1.42,1.50
2012.08.03 13:31:56.203,1.22966,1.22976,3.23,2.40
2012.08.03 13:31:56.391,1.22964,1.22969,2.25,1.65
2012.08.03 13:31:56.516,1.22962,1.22968,1.50,2.48
2012.08.03 13:31:56.582,1.2296,1.22966,2.48,1.13
2012.08.03 13:31:56.650,1.22959,1.22966,1.73,1.35
2012.08.03 13:31:56.716,1.22956,1.22963,3.23,1.13
2012.08.03 13:31:57.138,1.22956,1.22962,2.25,3.60
2012.08.03 13:31:57.385,1.22954,1.2296,2.25,3.60
2012.08.03 13:31:57.928,1.22955,1.2296,1.43,2.25
2012.08.03 13:31:58.052,1.22959,1.22964,1.43,4.28
2012.08.03 13:31:58.354,1.22953,1.22962,1.42,2.40
2012.08.03 13:31:58.477,1.22956,1.22962,2.18,2.40
2012.08.03 13:31:58.660,1.22955,1.22961,1.43,1.50
2012.08.03 13:31:58.784,1.22952,1.22959,2.32,1.28
2012.08.03 13:31:59.340,1.22953,1.2296,1.43,3.60
2012.08.03 13:31:59.757,1.22955,1.2296,1.43,1.73
2012.08.03 13:32:00.291,1.22954,1.2296,1.43,1.73
2012.08.03 13:32:00.709,1.22952,1.22962,1.27,1.13
2012.08.03 13:32:01.241,1.22953,1.22962,1.64,2.25
2012.08.03 13:32:02.559,1.22952,1.22962,2.69,2.63
2012.08.03 13:32:02.683,1.22951,1.22957,2.25,2.44
2012.08.03 13:32:02.750,1.22951,1.22956,2.25,1.50
2012.08.03 13:32:02.816,1.22947,1.22953,3.75,1.50
2012.08.03 13:32:03.177,1.22946,1.22953,1.50,4.28
2012.08.03 13:32:03.243,1.22945,1.22954,1.88,4.35
2012.08.03 13:32:03.426,1.2294,1.22951,2.39,2.03
2012.08.03 13:32:04.699,1.22942,1.2295,1.73,1.28
2012.08.03 13:32:05.200,1.22941,1.2295,2.39,3.53
2012.08.03 13:32:05.736,1.22938,1.22945,2.25,2.25
2012.08.03 13:32:06.042,1.22936,1.22945,2.10,1.20
2012.08.03 13:32:06.289,1.22941,1.22949,2.39,4.53
2012.08.03 13:32:06.823,1.22939,1.22946,1.73,1.50
2012.08.03 13:32:07.178,1.22937,1.22945,1.27,1.50
2012.08.03 13:32:07.300,1.22937,1.22947,2.39,3.00
2012.08.03 13:32:07.602,1.22937,1.22946,2.10,1.69
2012.08.03 13:32:07.668,1.22937,1.22946,1.88,1.17
2012.08.03 13:32:08.011,1.22938,1.22947,1.04,3.00
2012.08.03 13:32:08.083,1.22937,1.22946,2.84,1.50
2012.08.03 13:32:08.151,1.22939,1.22946,1.64,1.50
2012.08.03 13:32:08.460,1.22941,1.22947,1.42,1.50
2012.08.03 13:32:08.766,1.22942,1.22947,2.23,1.50
2012.08.03 13:32:08.832,1.22943,1.22949,1.95,1.73
2012.08.03 13:32:08.899,1.22944,1.2295,1.95,1.73
2012.08.03 13:32:09.026,1.22945,1.22952,2.39,3.00
2012.08.03 13:32:09.092,1.22947,1.22952,2.18,1.50
2012.08.03 13:32:09.335,1.22946,1.22955,2.09,3.43
2012.08.03 13:32:09.518,1.22949,1.22955,1.87,2.45
2012.08.03 13:32:09.821,1.22948,1.22958,1.34,2.10
2012.08.03 13:32:10.591,1.22951,1.22957,1.34,1.50
2012.08.03 13:32:11.539,1.22952,1.22959,1.34,1.50
2012.08.03 13:32:12.137,1.22952,1.22961,1.34,1.50
2012.08.03 13:32:12.669,1.22954,1.22962,2.39,2.48
2012.08.03 13:32:13.143,1.22955,1.22962,1.50,3.23
2012.08.03 13:32:13.738,1.22955,1.22964,1.73,1.73
2012.08.03 13:32:15.007,1.22961,1.22968,3.59,1.50
2012.08.03 13:32:15.365,1.22961,1.22967,2.62,2.25
2012.08.03 13:32:15.778,1.22966,1.22972,1.35,4.35
2012.08.03 13:32:15.906,1.22965,1.2297,2.18,1.50
2012.08.03 13:32:16.455,1.22967,1.22973,1.73,1.50
2012.08.03 13:32:17.058,1.22967,1.22974,2.39,1.50
2012.08.03 13:32:17.361,1.22965,1.22974,1.43,2.33
2012.08.03 13:32:17.427,1.22964,1.2297,3.14,1.50
2012.08.03 13:32:17.734,1.22971,1.22977,1.20,1.73
2012.08.03 13:32:17.859,1.22973,1.2298,1.20,3.23
2012.08.03 13:32:17.985,1.22978,1.22987,2.39,4.35
2012.08.03 13:32:18.231,1.22981,1.22991,1.42,2.48
2012.08.03 13:32:19.001,1.22979,1.22988,4.64,1.35
2012.08.03 13:32:19.186,1.22977,1.22986,3.00,1.88
2012.08.03 13:32:19.253,1.22977,1.22986,3.00,2.10
2012.08.03 13:32:19.732,1.22977,1.22987,2.25,2.10
2012.08.03 13:32:20.437,1.22978,1.22987,2.03,1.73
2012.08.03 13:32:20.968,1.22977,1.22987,2.25,1.73
2012.08.03 13:32:21.756,1.22978,1.22986,1.42,1.50
2012.08.03 13:32:22.208,1.22979,1.22987,2.92,3.00
2012.08.03 13:32:22.690,1.22981,1.22989,2.48,2.33
2012.08.03 13:32:22.994,1.22985,1.22993,3.29,1.50
2012.08.03 13:32:23.763,1.22985,1.22993,2.78,1.58
2012.08.03 13:32:24.068,1.22984,1.22991,2.25,2.10
2012.08.03 13:32:24.132,1.22984,1.22992,1.73,3.75
2012.08.03 13:32:24.349,1.22981,1.22991,2.39,1.35
2012.08.03 13:32:24.476,1.2298,1.22989,2.78,1.35
2012.08.03 13:32:24.967,1.2298,1.22987,1.50,2.25
2012.08.03 13:32:25.223,1.22979,1.22986,3.00,4.35
2012.08.03 13:32:25.288,1.22976,1.22987,1.50,2.85
2012.08.03 13:32:25.355,1.22975,1.22986,2.25,1.73
2012.08.03 13:32:25.420,1.22974,1.22984,2.25,1.73
2012.08.03 13:32:25.605,1.22973,1.22982,2.03,1.58
2012.08.03 13:32:25.965,1.22972,1.22981,2.48,2.48
2012.08.03 13:32:26.211,1.2297,1.2298,2.03,3.23
2012.08.03 13:32:26.752,1.2297,1.22978,3.53,1.50
2012.08.03 13:32:26.878,1.22968,1.22978,3.51,1.50
2012.08.03 13:32:27.124,1.22967,1.22977,2.03,1.50
2012.08.03 13:32:27.247,1.22967,1.22975,2.25,1.73
2012.08.03 13:32:27.432,1.22965,1.22974,1.94,1.50
2012.08.03 13:32:27.556,1.22964,1.22972,1.50,4.13
2012.08.03 13:32:27.923,1.22963,1.22971,2.25,2.14
2012.08.03 13:32:28.108,1.22962,1.22969,3.75,1.50
2012.08.03 13:32:28.357,1.2296,1.22969,1.73,2.25
2012.08.03 13:32:28.484,1.22959,1.22968,2.17,1.50
2012.08.03 13:32:28.609,1.22959,1.22966,1.50,1.35
2012.08.03 13:32:28.673,1.22957,1.22966,3.23,1.35
2012.08.03 13:32:28.798,1.22956,1.22964,1.73,1.13
2012.08.03 13:32:29.102,1.2295,1.22958,1.50,1.73
2012.08.03 13:32:29.167,1.2295,1.22958,1.73,1.50
2012.08.03 13:32:29.533,1.22954,1.2296,1.50,1.50
2012.08.03 13:32:29.842,1.22954,1.22961,1.50,1.50
2012.08.03 13:32:30.206,1.22951,1.2296,1.50,3.04
2012.08.03 13:32:30.389,1.22949,1.22957,3.23,2.63
2012.08.03 13:32:30.454,1.22949,1.22957,1.50,4.88
2012.08.03 13:32:30.937,1.22945,1.22954,3.75,1.50
2012.08.03 13:32:31.489,1.22945,1.22954,1.50,1.50
2012.08.03 13:32:31.850,1.22945,1.22952,1.50,2.10
2012.08.03 13:32:32.089,1.22943,1.22952,1.73,1.73
2012.08.03 13:32:32.517,1.22941,1.2295,3.23,1.50
2012.08.03 13:32:32.818,1.22943,1.22952,1.73,2.48
2012.08.03 13:32:33.005,1.22944,1.22953,2.48,1.50
2012.08.03 13:32:33.428,1.22939,1.22949,1.88,1.69
2012.08.03 13:32:33.675,1.22937,1.22943,2.23,3.00
2012.08.03 13:32:34.155,1.22937,1.22943,1.50,4.35
2012.08.03 13:32:34.337,1.22934,1.22941,2.48,1.50
2012.08.03 13:32:34.402,1.22932,1.22938,2.17,1.50
2012.08.03 13:32:34.527,1.22931,1.22938,1.64,1.50
2012.08.03 13:32:36.176,1.22934,1.22941,1.50,1.88
2012.08.03 13:32:36.533,1.22932,1.22938,2.48,1.13
2012.08.03 13:32:38.391,1.22931,1.22937,3.23,1.13
2012.08.03 13:32:38.574,1.22932,1.22939,1.50,3.38
2012.08.03 13:32:38.638,1.22935,1.22941,1.50,4.35
2012.08.03 13:32:38.943,1.2293,1.22935,1.50,1.88
2012.08.03 13:32:41.400,1.22932,1.22938,1.50,1.88
2012.08.03 13:32:41.933,1.22931,1.22938,1.73,1.88
2012.08.03 13:32:42.382,1.22927,1.22937,1.50,2.25
2012.08.03 13:32:42.629,1.22929,1.22935,3.00,1.50
2012.08.03 13:32:42.753,1.2293,1.22937,1.50,3.38
2012.08.03 13:32:43.656,1.2293,1.22937,1.50,1.88
2012.08.03 13:32:43.781,1.22927,1.22934,2.48,1.50
2012.08.03 13:32:44.200,1.22927,1.22934,1.50,3.38
2012.08.03 13:32:44.440,1.22925,1.22934,4.62,1.88
2012.08.03 13:32:44.970,1.22925,1.22934,2.39,1.88
2012.08.03 13:32:45.502,1.22925,1.22934,3.14,1.88
2012.08.03 13:32:45.625,1.22926,1.22934,1.73,1.13
2012.08.03 13:32:45.871,1.22927,1.22937,7.64,1.73
2012.08.03 13:32:45.936,1.22929,1.22938,3.23,1.13
2012.08.03 13:32:46.472,1.22932,1.22939,1.50,3.23
2012.08.03 13:32:46.773,1.22929,1.22937,3.89,1.50
2012.08.03 13:32:47.588,1.2293,1.22939,3.14,5.70
2012.08.03 13:32:48.131,1.2293,1.22938,1.50,1.50
2012.08.03 13:32:48.437,1.22932,1.22939,2.17,3.00
2012.08.03 13:32:48.855,1.22929,1.22939,1.64,2.25
2012.08.03 13:32:48.978,1.22929,1.22939,1.64,3.75
2012.08.03 13:32:49.280,1.22925,1.22933,3.23,1.13
2012.08.03 13:32:49.524,1.22926,1.22933,2.17,1.13
2012.08.03 13:32:49.768,1.22926,1.22935,1.42,2.25
2012.08.03 13:32:49.832,1.22926,1.22935,1.64,2.25
2012.08.03 13:32:50.372,1.2293,1.22936,1.64,1.50
2012.08.03 13:32:50.438,1.2293,1.22939,1.64,3.00
2012.08.03 13:32:50.854,1.22932,1.2294,2.17,4.50
2012.08.03 13:32:51.297,1.22936,1.22943,1.42,3.23
2012.08.03 13:32:51.428,1.22937,1.22942,1.42,1.50
2012.08.03 13:32:51.610,1.22937,1.22946,3.14,1.50
2012.08.03 13:32:51.973,1.22939,1.22947,1.42,1.73
2012.08.03 13:32:52.522,1.2294,1.22948,2.17,3.23
2012.08.03 13:32:53.298,1.22942,1.22949,1.50,1.50
2012.08.03 13:32:53.832,1.22942,1.22949,2.17,1.50
2012.08.03 13:32:55.424,1.22939,1.22949,2.39,3.75
2012.08.03 13:32:55.720,1.22939,1.22946,1.73,2.25
2012.08.03 13:32:56.087,1.22935,1.22942,2.25,4.20
2012.08.03 13:32:56.274,1.22932,1.22939,1.48,1.73
2012.08.03 13:32:57.391,1.22932,1.22939,1.13,2.48
2012.08.03 13:32:57.633,1.22929,1.22935,6.60,1.50
2012.08.03 13:32:57.936,1.22928,1.22934,1.13,3.23
2012.08.03 13:32:58.303,1.22927,1.22934,2.17,2.48
2012.08.03 13:33:00.714,1.22925,1.22933,2.25,5.85
2012.08.03 13:33:00.956,1.22922,1.22932,11.39,1.73
2012.08.03 13:33:01.729,1.22922,1.22932,11.39,3.83
2012.08.03 13:33:02.032,1.2292,1.2293,9.29,2.48
2012.08.03 13:33:02.155,1.2292,1.22927,7.79,1.50
2012.08.03 13:33:02.575,1.22925,1.22931,1.50,1.35
2012.08.03 13:33:02.877,1.22926,1.22933,1.50,3.23
2012.08.03 13:33:03.423,1.22924,1.22932,2.25,3.23
2012.08.03 13:33:04.533,1.22925,1.22932,1.50,2.48
2012.08.03 13:33:04.951,1.22925,1.22934,2.17,4.35
2012.08.03 13:33:05.016,1.22928,1.22934,1.19,2.25
2012.08.03 13:33:05.081,1.22926,1.22934,1.28,4.13
2012.08.03 13:33:05.207,1.22929,1.22935,1.19,3.00
2012.08.03 13:33:05.510,1.22932,1.22939,1.50,1.50
2012.08.03 13:33:05.911,1.22928,1.22935,1.28,1.50
2012.08.03 13:33:06.400,1.22922,1.22931,3.44,1.13
2012.08.03 13:33:06.644,1.22922,1.22929,1.19,1.50
2012.08.03 13:33:06.826,1.22922,1.22932,2.69,3.75
2012.08.03 13:33:07.477,1.22923,1.22932,1.42,3.00
2012.08.03 13:33:08.610,1.22923,1.22932,1.42,1.73
2012.08.03 13:33:08.914,1.22929,1.22934,6.45,3.00
2012.08.03 13:33:09.039,1.22935,1.22942,3.65,3.75
2012.08.03 13:33:09.461,1.22936,1.22945,2.77,1.73
2012.08.03 13:33:09.644,1.22935,1.22943,2.02,2.48
2012.08.03 13:33:09.712,1.22935,1.22943,3.52,1.73
2012.08.03 13:33:10.025,1.22938,1.22945,1.27,1.73
2012.08.03 13:33:10.153,1.22938,1.22945,1.27,1.50
2012.08.03 13:33:10.453,1.22938,1.22943,2.02,1.50
2012.08.03 13:33:10.518,1.22938,1.22946,1.42,2.48
2012.08.03 13:33:10.700,1.22938,1.22943,1.42,1.50
2012.08.03 13:33:11.003,1.22943,1.22951,1.65,2.25
2012.08.03 13:33:11.130,1.22947,1.22954,1.35,3.98
2012.08.03 13:33:11.197,1.22949,1.22956,2.47,2.48
2012.08.03 13:33:11.850,1.22949,1.22955,1.72,1.50
2012.08.03 13:33:12.747,1.22949,1.22957,3.22,1.50
2012.08.03 13:33:13.301,1.22949,1.22959,2.92,3.98
2012.08.03 13:33:13.557,1.22949,1.22956,2.17,1.50
2012.08.03 13:33:14.231,1.22948,1.22955,1.19,1.50
2012.08.03 13:33:15.444,1.22949,1.22957,1.19,1.50
2012.08.03 13:33:15.627,1.22949,1.22957,2.99,1.50
2012.08.03 13:33:15.928,1.22949,1.22955,1.49,3.00
2012.08.03 13:33:16.465,1.22951,1.22958,2.47,2.25
2012.08.03 13:33:16.824,1.2295,1.22959,3.74,1.50
2012.08.03 13:33:17.360,1.22954,1.22961,1.42,1.50
2012.08.03 13:33:17.544,1.22957,1.22963,2.10,3.38
2012.08.03 13:33:17.670,1.22957,1.22965,3.22,1.50
2012.08.03 13:33:17.794,1.22959,1.22967,1.50,2.85
2012.08.03 13:33:18.625,1.22959,1.22966,1.42,1.50
2012.08.03 13:33:18.753,1.22957,1.22966,3.89,1.73
2012.08.03 13:33:19.113,1.22957,1.22963,1.64,1.50
2012.08.03 13:33:20.654,1.22955,1.22961,1.64,1.50
2012.08.03 13:33:20.837,1.22954,1.2296,2.77,1.50
2012.08.03 13:33:21.315,1.22955,1.22961,1.13,1.50
2012.08.03 13:33:21.501,1.22955,1.22962,2.02,1.50
2012.08.03 13:33:21.748,1.22952,1.2296,2.17,1.50
2012.08.03 13:33:21.814,1.22952,1.22959,2.17,1.50
2012.08.03 13:33:22.359,1.22948,1.22958,3.14,1.73
2012.08.03 13:33:22.423,1.22948,1.22958,3.14,2.48
2012.08.03 13:33:23.306,1.22947,1.22953,1.73,1.50
2012.08.03 13:33:23.800,1.2295,1.22955,1.79,1.50
2012.08.03 13:33:25.099,1.2295,1.22956,1.04,1.50
2012.08.03 13:33:25.284,1.22952,1.22959,1.42,2.48
2012.08.03 13:33:25.645,1.22952,1.22959,1.42,3.75
2012.08.03 13:33:26.706,1.22952,1.22959,1.98,3.00
2012.08.03 13:33:26.918,1.22954,1.22962,2.65,3.38
2012.08.03 13:33:27.230,1.22959,1.22964,1.64,2.25
2012.08.03 13:33:27.740,1.22954,1.22967,3.42,1.73
2012.08.03 13:33:27.806,1.22959,1.22968,1.04,4.35
2012.08.03 13:33:27.991,1.22956,1.22964,1.50,2.48
2012.08.03 13:33:28.178,1.22954,1.22962,1.42,1.50
2012.08.03 13:33:28.243,1.22953,1.22962,1.42,2.25
2012.08.03 13:33:28.964,1.22954,1.22963,1.87,2.85
2012.08.03 13:33:29.505,1.22951,1.22961,2.84,1.50
2012.08.03 13:33:30.051,1.22951,1.2296,1.64,1.50
2012.08.03 13:33:30.587,1.22951,1.2296,1.64,2.70
2012.08.03 13:33:30.711,1.2295,1.2296,2.99,3.30
2012.08.03 13:33:30.776,1.2295,1.2296,2.24,2.70
2012.08.03 13:33:30.963,1.22951,1.2296,1.64,1.35
2012.08.03 13:33:31.289,1.22949,1.22957,2.39,1.50
2012.08.03 13:33:31.828,1.2295,1.22956,1.12,1.50
2012.08.03 13:33:32.139,1.22951,1.22958,1.87,1.50
2012.08.03 13:33:32.382,1.22952,1.22961,1.50,2.25
2012.08.03 13:33:32.627,1.22956,1.22962,1.20,1.73
2012.08.03 13:33:33.045,1.22954,1.2296,2.84,1.50
2012.08.03 13:33:33.168,1.22955,1.22962,1.20,1.50
2012.08.03 13:33:33.707,1.22954,1.22963,2.17,2.25
2012.08.03 13:33:33.832,1.22953,1.2296,1.64,1.50
2012.08.03 13:33:34.368,1.22953,1.22959,1.64,1.50
2012.08.03 13:33:34.548,1.22955,1.22963,2.25,2.48
2012.08.03 13:33:35.317,1.22955,1.22962,1.50,2.10
2012.08.03 13:33:35.729,1.22952,1.22962,2.25,3.60
2012.08.03 13:33:36.489,1.22952,1.22961,2.70,1.73
2012.08.03 13:33:37.019,1.22951,1.2296,2.17,1.50
2012.08.03 13:33:37.391,1.2295,1.22958,3.37,1.50
2012.08.03 13:33:37.865,1.22949,1.22956,1.42,1.50
2012.08.03 13:33:38.050,1.22946,1.22954,2.39,1.50
2012.08.03 13:33:38.590,1.22945,1.22954,1.94,2.85
2012.08.03 13:33:39.125,1.22944,1.22951,2.47,1.50
2012.08.03 13:33:39.660,1.22943,1.22949,1.73,1.13
2012.08.03 13:33:40.137,1.22942,1.22951,2.69,2.85
2012.08.03 13:33:40.941,1.22942,1.22951,2.69,2.85
2012.08.03 13:33:41.469,1.22942,1.22951,1.94,2.85
2012.08.03 13:33:42.121,1.22942,1.22951,1.94,2.85
2012.08.03 13:33:42.306,1.2294,1.22949,1.28,2.63
2012.08.03 13:33:42.433,1.22938,1.22947,3.67,1.50
2012.08.03 13:33:42.733,1.22939,1.22947,1.28,1.50
2012.08.03 13:33:43.212,1.22938,1.22945,1.42,1.50
2012.08.03 13:33:43.567,1.22938,1.22945,1.42,3.23
2012.08.03 13:33:43.929,1.22937,1.22945,2.17,3.23
2012.08.03 13:33:44.229,1.22937,1.22944,2.17,1.50
2012.08.03 13:33:44.297,1.22937,1.22945,3.44,3.23
2012.08.03 13:33:44.421,1.22939,1.22947,2.69,4.73
2012.08.03 13:33:45.308,1.2294,1.22947,1.28,1.50
2012.08.03 13:33:45.614,1.22942,1.22949,1.19,1.73
2012.08.03 13:33:45.916,1.22941,1.22947,1.19,1.50
2012.08.03 13:33:47.411,1.22939,1.22949,2.25,2.48
2012.08.03 13:33:49.455,1.22938,1.22948,3.75,1.50
2012.08.03 13:33:49.749,1.22938,1.22948,3.75,1.50
2012.08.03 13:33:52.410,1.22935,1.2294,4.88,1.13
2012.08.03 13:33:52.541,1.22933,1.22938,2.25,2.48
2012.08.03 13:33:52.728,1.22931,1.22936,1.50,1.50
2012.08.03 13:33:52.971,1.22928,1.22936,2.39,2.25
2012.08.03 13:33:53.098,1.22926,1.22934,1.73,1.13
2012.08.03 13:33:53.163,1.22926,1.22934,1.50,1.13
2012.08.03 13:33:53.466,1.22924,1.22934,2.15,2.48
2012.08.03 13:33:53.532,1.22924,1.22933,1.42,1.35
2012.08.03 13:33:54.068,1.22924,1.22934,2.92,2.85
2012.08.03 13:33:54.253,1.22925,1.22934,1.42,4.73
2012.08.03 13:33:54.318,1.22922,1.22932,6.29,1.73
2012.08.03 13:33:54.853,1.22922,1.22932,2.17,1.73
2012.08.03 13:33:56.395,1.22924,1.22932,2.17,2.25
2012.08.03 13:33:56.522,1.22924,1.22932,2.17,2.48
2012.08.03 13:33:56.645,1.22924,1.22932,3.14,2.25
2012.08.03 13:33:56.998,1.22924,1.22932,1.50,2.63
2012.08.03 13:33:57.127,1.22922,1.22931,2.25,1.73
2012.08.03 13:33:57.698,1.22922,1.2293,2.25,2.63
2012.08.03 13:33:57.824,1.22922,1.22928,2.25,1.88
2012.08.03 13:33:57.952,1.22916,1.22924,3.75,1.50
2012.08.03 13:33:58.075,1.22915,1.22924,2.39,3.00
2012.08.03 13:33:58.200,1.22914,1.22921,1.50,2.10
2012.08.03 13:33:58.625,1.22916,1.22923,2.17,1.73
2012.08.03 13:33:58.750,1.22916,1.22924,3.14,2.25
2012.08.03 13:33:58.815,1.22916,1.22924,1.73,3.75
2012.08.03 13:33:59.327,1.22914,1.22923,1.50,1.50
2012.08.03 13:33:59.396,1.22911,1.22921,2.48,2.25
2012.08.03 13:33:59.520,1.2291,1.2292,2.25,3.38
2012.08.03 13:34:00.053,1.2291,1.22918,1.50,1.73
2012.08.03 13:34:00.361,1.22913,1.2292,1.50,2.85
2012.08.03 13:34:00.665,1.22912,1.2292,1.50,1.35
2012.08.03 13:34:00.911,1.22913,1.2292,1.50,1.50
2012.08.03 13:34:00.978,1.22915,1.22921,1.50,1.50
2012.08.03 13:34:01.045,1.22915,1.22922,1.50,2.85
2012.08.03 13:34:01.169,1.22914,1.22921,1.50,1.50
2012.08.03 13:34:01.289,1.22916,1.22921,1.50,1.50
2012.08.03 13:34:01.822,1.22915,1.22921,1.50,1.50
2012.08.03 13:34:02.123,1.22911,1.22918,1.42,1.50
2012.08.03 13:34:02.685,1.2291,1.2292,4.42,3.38
2012.08.03 13:34:02.989,1.22913,1.22921,1.50,3.75
2012.08.03 13:34:03.471,1.22915,1.22921,1.50,1.50
2012.08.03 13:34:03.777,1.22918,1.22925,2.17,4.50
2012.08.03 13:34:04.081,1.22918,1.22926,1.42,2.25
2012.08.03 13:34:04.204,1.22916,1.22926,5.17,5.63
2012.08.03 13:34:04.269,1.22916,1.22925,4.42,1.50
2012.08.03 13:34:04.801,1.22916,1.22923,1.42,1.50
2012.08.03 13:34:06.212,1.22917,1.22926,1.42,3.00
2012.08.03 13:34:06.393,1.22917,1.22923,1.42,1.50
2012.08.03 13:34:07.521,1.22915,1.22921,1.73,1.50
2012.08.03 13:34:08.713,1.22915,1.22921,1.64,1.50
2012.08.03 13:34:09.073,1.22915,1.22923,2.39,1.50
2012.08.03 13:34:09.139,1.22914,1.22921,2.25,1.50
2012.08.03 13:34:09.613,1.22914,1.22924,6.33,2.25
2012.08.03 13:34:10.029,1.22916,1.22926,4.49,3.38
2012.08.03 13:34:10.270,1.22916,1.22923,2.77,1.50
2012.08.03 13:34:10.748,1.22916,1.22926,4.49,1.73
2012.08.03 13:34:11.697,1.22917,1.22924,1.64,1.50
2012.08.03 13:34:12.233,1.22918,1.22925,1.64,3.23
2012.08.03 13:34:13.417,1.22917,1.22925,2.39,5.70
2012.08.03 13:34:13.719,1.22913,1.22919,1.50,1.73
2012.08.03 13:34:14.613,1.2291,1.22921,1.50,2.48
2012.08.03 13:34:14.679,1.22912,1.22921,1.64,1.73
2012.08.03 13:34:14.804,1.22912,1.22918,1.42,1.50
2012.08.03 13:34:14.870,1.22912,1.22921,1.42,1.13
2012.08.03 13:34:15.464,1.22912,1.22921,1.42,1.88
2012.08.03 13:34:17.188,1.22911,1.22921,1.50,2.63
2012.08.03 13:34:17.719,1.22911,1.22921,1.50,3.38
2012.08.03 13:34:18.227,1.22911,1.22921,1.50,4.13
2012.08.03 13:34:18.945,1.22913,1.22921,1.50,2.48
2012.08.03 13:34:19.453,1.22913,1.22921,6.14,2.25
2012.08.03 13:34:19.820,1.22914,1.22921,1.42,2.25
2012.08.03 13:34:20.302,1.22915,1.22921,2.25,2.25
2012.08.03 13:34:20.427,1.22917,1.22925,2.92,2.25
2012.08.03 13:34:20.491,1.22917,1.22925,4.42,2.25
2012.08.03 13:34:21.022,1.22918,1.22927,1.73,1.73
2012.08.03 13:34:21.551,1.22917,1.22925,3.14,2.25
2012.08.03 13:34:21.910,1.22916,1.22923,1.64,1.50
2012.08.03 13:34:22.441,1.22917,1.22925,1.50,2.85
2012.08.03 13:34:22.744,1.22919,1.22927,2.25,1.50
2012.08.03 13:34:23.339,1.22919,1.22927,4.73,1.50
2012.08.03 13:34:23.672,1.22919,1.22927,4.73,1.50
2012.08.03 13:34:24.206,1.22919,1.22927,5.48,1.50
2012.08.03 13:34:24.447,1.22923,1.22929,1.50,1.50
2012.08.03 13:34:24.750,1.22924,1.22932,1.73,1.88
2012.08.03 13:34:25.053,1.22923,1.22932,3.04,1.13
2012.08.03 13:34:25.117,1.22923,1.22932,2.82,1.13
2012.08.03 13:34:25.182,1.22923,1.22933,2.07,1.73
2012.08.03 13:34:25.538,1.22921,1.22932,1.64,3.98
2012.08.03 13:34:25.722,1.22918,1.2293,3.89,1.88
2012.08.03 13:34:26.081,1.2292,1.2293,1.64,2.25
2012.08.03 13:34:26.614,1.2292,1.2293,2.39,2.25
2012.08.03 13:34:27.265,1.2292,1.2293,3.14,1.88
2012.08.03 13:34:27.795,1.22921,1.2293,2.39,1.88
2012.08.03 13:34:28.557,1.22921,1.22929,2.39,1.50
2012.08.03 13:34:32.738,1.2292,1.22927,1.64,1.50
2012.08.03 13:34:33.094,1.2292,1.22929,1.64,1.50
2012.08.03 13:34:33.623,1.2292,1.22929,1.64,2.25
2012.08.03 13:34:33.745,1.22919,1.22927,3.00,1.13
2012.08.03 13:34:33.989,1.22919,1.22927,3.23,3.38
2012.08.03 13:34:34.176,1.22917,1.22923,2.25,1.13
2012.08.03 13:34:34.585,1.22914,1.22921,3.23,1.88
2012.08.03 13:34:35.123,1.22914,1.22922,2.98,4.13
2012.08.03 13:34:35.382,1.22914,1.22922,2.48,2.25
2012.08.03 13:34:35.507,1.22914,1.22922,2.48,2.63
2012.08.03 13:34:35.632,1.22914,1.22921,1.73,1.50
2012.08.03 13:34:36.162,1.22914,1.22921,1.73,1.50
2012.08.03 13:34:37.116,1.22911,1.22918,1.64,1.50
2012.08.03 13:34:37.499,1.2291,1.22918,1.73,1.50
2012.08.03 13:34:37.572,1.2291,1.22915,1.50,1.13
2012.08.03 13:34:37.795,1.22907,1.22915,4.88,1.13
2012.08.03 13:34:38.211,1.22907,1.22915,3.00,2.44
2012.08.03 13:34:38.516,1.22906,1.22913,3.21,1.88
2012.08.03 13:34:38.863,1.22899,1.22906,1.73,1.88
2012.08.03 13:34:39.294,1.22901,1.22907,1.50,2.85
2012.08.03 13:34:39.594,1.22903,1.22908,1.50,1.50
2012.08.03 13:34:40.418,1.22901,1.22907,1.50,1.88
2012.08.03 13:34:40.950,1.22899,1.22904,1.50,1.50
2012.08.03 13:34:41.255,1.22893,1.22898,3.00,1.88
2012.08.03 13:34:41.498,1.22894,1.22901,1.50,2.63
2012.08.03 13:34:41.860,1.22895,1.22903,3.23,6.00
2012.08.03 13:34:41.986,1.22898,1.22903,1.50,1.50
2012.08.03 13:34:42.531,1.22899,1.22905,1.50,2.25
2012.08.03 13:34:42.715,1.22896,1.22904,2.48,1.50
2012.08.03 13:34:43.277,1.22898,1.22905,1.50,1.88
2012.08.03 13:34:43.814,1.22898,1.22905,1.73,1.50
2012.08.03 13:34:43.879,1.22898,1.22906,1.73,3.75
2012.08.03 13:34:44.066,1.22898,1.22905,1.73,1.88
2012.08.03 13:34:44.367,1.22891,1.22901,4.35,1.13
2012.08.03 13:34:44.431,1.22895,1.22902,1.50,1.13
2012.08.03 13:34:44.497,1.22893,1.22901,3.98,1.88
2012.08.03 13:34:44.563,1.22895,1.22902,1.50,5.85
2012.08.03 13:34:44.745,1.22894,1.22899,1.50,1.35
2012.08.03 13:34:44.809,1.22891,1.22897,3.00,1.13
2012.08.03 13:34:44.934,1.22894,1.22899,1.50,2.10
2012.08.03 13:34:45.001,1.22892,1.22899,1.50,1.35
2012.08.03 13:34:45.066,1.22892,1.22899,1.73,1.13
2012.08.03 13:34:45.307,1.22895,1.22902,1.50,1.73
2012.08.03 13:34:45.666,1.22895,1.22906,2.92,4.38
2012.08.03 13:34:45.732,1.22898,1.22906,2.85,3.98
2012.08.03 13:34:45.798,1.22897,1.22905,1.50,2.48
2012.08.03 13:34:45.864,1.22897,1.22905,2.25,1.73
2012.08.03 13:34:46.050,1.22896,1.22904,1.73,1.88
2012.08.03 13:34:46.117,1.22899,1.22906,1.42,2.48
2012.08.03 13:34:46.182,1.22899,1.22906,2.02,1.50
2012.08.03 13:34:46.720,1.22901,1.22909,4.42,2.25
2012.08.03 13:34:46.845,1.22901,1.22909,5.92,1.50
2012.08.03 13:34:47.392,1.22903,1.2291,1.50,1.13
2012.08.03 13:34:47.923,1.22901,1.2291,4.64,1.13
2012.08.03 13:34:48.400,1.22898,1.22909,1.42,4.35
2012.08.03 13:34:48.584,1.22898,1.22906,2.17,2.25
2012.08.03 13:34:48.945,1.22898,1.22909,4.42,2.85
2012.08.03 13:34:49.307,1.229,1.22911,1.35,3.00
2012.08.03 13:34:49.841,1.22901,1.22911,5.39,1.73
2012.08.03 13:34:50.201,1.22901,1.22909,1.50,1.35
2012.08.03 13:34:50.556,1.22901,1.22909,2.98,1.35
2012.08.03 13:34:50.678,1.22901,1.22909,1.73,1.13
2012.08.03 13:34:50.743,1.22903,1.22909,2.25,1.13
2012.08.03 13:34:51.277,1.22904,1.22912,1.50,3.08
2012.08.03 13:34:51.461,1.22906,1.22914,1.50,2.70
2012.08.03 13:34:51.706,1.22908,1.22914,2.25,1.95
2012.08.03 13:34:52.933,1.22908,1.22914,2.25,1.13
2012.08.03 13:34:52.999,1.22911,1.22917,1.50,1.35
2012.08.03 13:34:53.528,1.22911,1.22917,1.50,2.10
2012.08.03 13:34:53.951,1.22913,1.22919,2.25,1.50
2012.08.03 13:34:54.017,1.22913,1.22921,3.75,3.23
2012.08.03 13:34:54.264,1.22917,1.22923,1.50,1.88
2012.08.03 13:34:54.330,1.22917,1.22925,1.50,3.98
2012.08.03 13:34:54.518,1.22917,1.22925,2.17,4.73
2012.08.03 13:34:54.646,1.22916,1.22924,1.73,1.13
2012.08.03 13:34:54.947,1.22916,1.22927,3.14,1.73
2012.08.03 13:34:55.138,1.22917,1.22922,1.73,1.13
2012.08.03 13:34:55.266,1.22914,1.22922,2.25,1.35
2012.08.03 13:34:55.803,1.22913,1.22921,2.17,1.50
2012.08.03 13:34:55.869,1.22911,1.22919,5.24,1.50
2012.08.03 13:34:57.043,1.22911,1.22918,3.89,1.50
2012.08.03 13:34:57.578,1.22911,1.22919,1.64,2.25
2012.08.03 13:34:58.847,1.22911,1.22919,2.39,2.25
2012.08.03 13:34:59.214,1.2291,1.22919,2.17,4.35
2012.08.03 13:34:59.517,1.22911,1.22917,2.17,1.50
2012.08.03 13:34:59.760,1.22912,1.2292,1.73,3.38
2012.08.03 13:35:00.002,1.22913,1.22918,1.50,1.13
2012.08.03 13:35:00.304,1.22913,1.2292,1.50,2.25
2012.08.03 13:35:00.545,1.22911,1.22918,1.50,2.44
2012.08.03 13:35:00.878,1.22909,1.22917,6.73,1.88
2012.08.03 13:35:01.359,1.22908,1.22916,3.00,3.60
2012.08.03 13:35:01.661,1.22907,1.22915,3.67,1.50
2012.08.03 13:35:01.844,1.229,1.22908,1.50,2.48
2012.08.03 13:35:02.204,1.22902,1.22911,2.92,1.50
2012.08.03 13:35:02.515,1.22901,1.22908,3.00,1.13
2012.08.03 13:35:02.581,1.22901,1.22908,1.50,1.13
2012.08.03 13:35:02.647,1.22899,1.22907,2.17,1.50
2012.08.03 13:35:03.005,1.22901,1.22907,1.50,1.50
2012.08.03 13:35:03.250,1.22899,1.22907,3.00,1.50
2012.08.03 13:35:03.667,1.22898,1.22905,3.89,1.50
2012.08.03 13:35:04.028,1.22898,1.22903,2.17,1.50
2012.08.03 13:35:04.092,1.22897,1.22903,1.73,1.50
2012.08.03 13:35:04.957,1.22899,1.22905,1.50,1.50
2012.08.03 13:35:05.505,1.229,1.22907,1.50,3.00
2012.08.03 13:35:05.686,1.22897,1.22904,4.50,1.35
2012.08.03 13:35:06.339,1.22897,1.22904,1.50,1.13
2012.08.03 13:35:06.877,1.22898,1.22904,2.25,1.13
2012.08.03 13:35:07.004,1.22898,1.22906,3.89,1.50
2012.08.03 13:35:07.189,1.22897,1.22902,3.23,1.13
2012.08.03 13:35:07.256,1.22897,1.22902,3.00,1.35
2012.08.03 13:35:07.321,1.22895,1.22902,1.50,4.35
2012.08.03 13:35:07.627,1.22891,1.22899,2.25,4.13
2012.08.03 13:35:08.048,1.22891,1.22899,2.25,5.10
2012.08.03 13:35:08.231,1.22885,1.22896,2.25,4.35
2012.08.03 13:35:08.360,1.22891,1.22897,4.64,1.50
2012.08.03 13:35:08.659,1.22889,1.22895,5.10,1.50
2012.08.03 13:35:09.020,1.22888,1.22897,2.92,1.73
2012.08.03 13:35:09.087,1.2289,1.22898,1.50,3.23
2012.08.03 13:35:09.736,1.2289,1.22898,1.50,3.60
2012.08.03 13:35:10.278,1.22891,1.22898,1.50,2.85
2012.08.03 13:35:10.754,1.22889,1.22895,1.42,2.63
2012.08.03 13:35:11.001,1.22884,1.22891,2.17,2.48
2012.08.03 13:35:11.305,1.22884,1.22893,1.50,1.50
2012.08.03 13:35:11.838,1.22884,1.22893,1.50,1.73
2012.08.03 13:35:11.902,1.22885,1.22895,4.64,3.75
2012.08.03 13:35:12.026,1.22883,1.22895,8.10,3.98
2012.08.03 13:35:12.570,1.22885,1.22895,5.99,1.50
2012.08.03 13:35:12.636,1.22884,1.22895,3.57,2.48
2012.08.03 13:35:12.701,1.22885,1.22895,6.52,2.48
2012.08.03 13:35:13.005,1.22884,1.22889,3.00,1.13
2012.08.03 13:35:13.071,1.22883,1.22889,2.85,1.13
2012.08.03 13:35:13.372,1.22882,1.2289,2.25,1.13
2012.08.03 13:35:13.899,1.22881,1.22891,3.75,3.00
2012.08.03 13:35:14.079,1.22883,1.22891,2.25,1.73
2012.08.03 13:35:14.438,1.22881,1.22889,3.00,1.73
2012.08.03 13:35:14.503,1.22882,1.22889,1.50,1.73
2012.08.03 13:35:14.743,1.22881,1.22887,1.50,1.50
2012.08.03 13:35:14.928,1.2288,1.22887,2.25,1.73
2012.08.03 13:35:15.352,1.22878,1.22886,2.92,1.73
2012.08.03 13:35:15.941,1.22877,1.22885,2.17,1.73
2012.08.03 13:35:16.418,1.22877,1.22882,1.42,1.50
2012.08.03 13:35:16.853,1.22873,1.22879,3.00,2.85
2012.08.03 13:35:17.171,1.2287,1.2288,3.00,3.23
2012.08.03 13:35:17.713,1.2287,1.22877,1.73,1.50
2012.08.03 13:35:18.014,1.22867,1.22878,3.00,7.05
2012.08.03 13:35:18.080,1.22868,1.22875,1.50,2.25
2012.08.03 13:35:18.208,1.22865,1.22876,1.50,1.65
2012.08.03 13:35:18.392,1.22863,1.22876,3.67,1.65
2012.08.03 13:35:18.457,1.22864,1.22874,1.50,1.50
2012.08.03 13:35:18.766,1.22864,1.22872,3.98,1.73
2012.08.03 13:35:18.892,1.22863,1.2287,3.23,1.50
2012.08.03 13:35:18.958,1.22861,1.22869,3.75,1.50
2012.08.03 13:35:19.497,1.2286,1.22868,3.67,1.73
2012.08.03 13:35:19.621,1.2286,1.22866,1.50,1.73
2012.08.03 13:35:20.132,1.22858,1.22865,1.50,1.73
2012.08.03 13:35:20.669,1.22851,1.22858,1.50,1.50
2012.08.03 13:35:20.735,1.2285,1.22858,3.14,1.50
2012.08.03 13:35:21.855,1.2285,1.22858,4.64,1.50
2012.08.03 13:35:22.387,1.22851,1.2286,2.25,1.73
2012.08.03 13:35:22.567,1.22851,1.22861,3.00,4.73
2012.08.03 13:35:22.690,1.22853,1.22861,1.50,3.98
2012.08.03 13:35:23.226,1.22852,1.2286,3.00,1.50
2012.08.03 13:35:23.532,1.22857,1.22864,2.17,3.23
2012.08.03 13:35:23.658,1.22859,1.22867,2.92,2.48
2012.08.03 13:35:23.784,1.22861,1.22868,1.50,4.35
2012.08.03 13:35:24.089,1.22864,1.22869,1.50,1.50
2012.08.03 13:35:25.025,1.22862,1.22868,1.50,2.10
2012.08.03 13:35:25.149,1.22864,1.22869,1.50,1.50
2012.08.03 13:35:25.274,1.22864,1.22871,1.50,4.13
2012.08.03 13:35:25.339,1.22866,1.22871,1.50,3.38
2012.08.03 13:35:25.821,1.22862,1.22869,4.58,1.13
2012.08.03 13:35:25.886,1.22861,1.22869,3.23,1.13
2012.08.03 13:35:26.009,1.22863,1.2287,1.50,1.50
2012.08.03 13:35:26.314,1.22858,1.22868,3.89,3.08
2012.08.03 13:35:26.561,1.22858,1.22866,1.50,1.50
2012.08.03 13:35:26.685,1.22856,1.22862,3.45,1.50
2012.08.03 13:35:27.224,1.22858,1.22865,2.39,1.50
2012.08.03 13:35:27.759,1.22859,1.22867,3.14,1.73
2012.08.03 13:35:27.999,1.22858,1.22865,2.39,1.50
2012.08.03 13:35:28.549,1.22859,1.22867,2.39,1.73
2012.08.03 13:35:30.140,1.22859,1.22868,2.39,3.38
2012.08.03 13:35:30.498,1.22857,1.22866,2.25,1.58
2012.08.03 13:35:30.680,1.22854,1.22864,4.12,1.73
2012.08.03 13:35:30.744,1.22854,1.22865,3.14,5.25
2012.08.03 13:35:31.270,1.22857,1.22863,1.50,1.35
2012.08.03 13:35:31.741,1.22855,1.22863,2.48,2.85
2012.08.03 13:35:31.920,1.22857,1.22863,1.50,1.35
2012.08.03 13:35:32.043,1.22855,1.22863,1.50,2.85
2012.08.03 13:35:32.225,1.22855,1.22861,1.50,1.35
2012.08.03 13:35:32.769,1.22856,1.22865,2.25,2.10
2012.08.03 13:35:32.920,1.22859,1.22865,1.50,2.10
2012.08.03 13:35:33.470,1.22858,1.22866,1.50,2.10
2012.08.03 13:35:34.059,1.22857,1.22866,1.50,4.35
2012.08.03 13:35:34.592,1.22856,1.22866,4.64,1.73
2012.08.03 13:35:35.306,1.22856,1.22866,3.14,5.10
2012.08.03 13:35:35.607,1.22855,1.22863,2.17,1.73
2012.08.03 13:35:36.137,1.22856,1.22865,1.50,2.48
2012.08.03 13:35:36.437,1.22854,1.22862,3.00,2.10
2012.08.03 13:35:36.796,1.22852,1.22861,1.73,1.73
2012.08.03 13:35:37.338,1.22851,1.22861,6.74,1.73
2012.08.03 13:35:37.640,1.22855,1.22863,1.50,3.23
2012.08.03 13:35:38.357,1.22855,1.22862,1.50,2.10
2012.08.03 13:35:38.674,1.22851,1.22864,3.01,2.25
2012.08.03 13:35:38.740,1.22854,1.22859,1.50,2.48
2012.08.03 13:35:38.926,1.22853,1.22858,1.50,1.73
2012.08.03 13:35:39.050,1.2285,1.22858,3.98,1.50
2012.08.03 13:35:39.232,1.22849,1.22857,2.48,1.50
2012.08.03 13:35:39.476,1.22848,1.22857,3.00,3.00
2012.08.03 13:35:39.782,1.22847,1.22855,5.10,1.73
2012.08.03 13:35:40.092,1.22847,1.22853,1.31,2.25
2012.08.03 13:35:40.409,1.22845,1.22853,3.08,2.63
2012.08.03 13:35:40.600,1.2284,1.22851,2.77,3.23
2012.08.03 13:35:40.666,1.22842,1.22851,2.92,2.25
2012.08.03 13:35:40.733,1.22842,1.22851,4.27,1.50
2012.08.03 13:35:40.916,1.22844,1.22853,4.80,2.25
2012.08.03 13:35:41.223,1.22848,1.22855,2.85,1.50
2012.08.03 13:35:41.564,1.22848,1.22854,1.13,1.50
2012.08.03 13:35:41.636,1.22847,1.22854,2.25,1.73
2012.08.03 13:35:42.114,1.22844,1.22853,5.10,2.25
2012.08.03 13:35:42.417,1.22841,1.22846,2.98,1.50
2012.08.03 13:35:42.484,1.22843,1.22852,1.50,1.50
2012.08.03 13:35:42.726,1.22844,1.22856,6.75,3.23
2012.08.03 13:35:42.852,1.22844,1.22852,5.10,1.43
2012.08.03 13:35:43.332,1.22844,1.22853,1.50,4.20
2012.08.03 13:35:43.634,1.22844,1.22853,5.10,1.88
2012.08.03 13:35:43.701,1.22847,1.22855,1.50,1.73
2012.08.03 13:35:43.766,1.22847,1.22856,1.50,2.48
2012.08.03 13:35:43.949,1.22847,1.22857,1.50,2.93
2012.08.03 13:35:44.251,1.22844,1.22851,2.07,3.75
2012.08.03 13:35:44.318,1.22841,1.22849,1.50,1.50
2012.08.03 13:35:44.996,1.2284,1.2285,3.75,2.48
2012.08.03 13:35:45.531,1.2284,1.22847,2.25,1.50
2012.08.03 13:35:46.413,1.2284,1.22847,1.73,2.93
2012.08.03 13:35:46.771,1.22838,1.22846,3.98,1.43
2012.08.03 13:35:47.479,1.22837,1.22846,2.63,1.43
2012.08.03 13:35:47.544,1.22837,1.22843,2.48,1.43
2012.08.03 13:35:47.785,1.22839,1.22845,1.50,2.85
2012.08.03 13:35:48.028,1.22836,1.22843,5.17,2.10
2012.08.03 13:35:48.340,1.22831,1.2284,1.50,1.58
2012.08.03 13:35:48.698,1.22826,1.22832,2.25,1.50
2012.08.03 13:35:48.879,1.22824,1.22832,1.50,3.00
2012.08.03 13:35:48.945,1.22822,1.22828,3.00,1.50
2012.08.03 13:35:49.290,1.22819,1.22825,3.98,1.50
2012.08.03 13:35:49.648,1.22819,1.22828,3.23,2.63
2012.08.03 13:35:49.887,1.22822,1.22828,1.73,1.13
2012.08.03 13:35:50.255,1.22822,1.2283,3.83,2.63
2012.08.03 13:35:50.321,1.22822,1.22828,2.33,1.50
2012.08.03 13:35:50.625,1.22821,1.22826,1.50,1.50
2012.08.03 13:35:51.099,1.22819,1.22826,4.73,1.50
2012.08.03 13:35:51.399,1.22819,1.22828,6.23,1.50
2012.08.03 13:35:51.463,1.2282,1.22829,1.50,2.63
2012.08.03 13:35:51.824,1.22823,1.22829,2.25,1.50
2012.08.03 13:35:51.948,1.22823,1.22831,2.48,5.63
2012.08.03 13:35:52.206,1.22823,1.22831,2.48,4.32
2012.08.03 13:35:52.524,1.22819,1.22824,1.50,1.13
2012.08.03 13:35:52.649,1.2281,1.2282,1.50,1.73
2012.08.03 13:35:52.949,1.2281,1.2282,3.00,1.73
2012.08.03 13:35:53.490,1.2281,1.22815,3.00,1.13
2012.08.03 13:35:53.555,1.22805,1.22815,2.25,1.13
2012.08.03 13:35:53.738,1.22806,1.22814,1.73,1.35
2012.08.03 13:35:54.275,1.22806,1.22815,2.25,2.25
2012.08.03 13:35:54.577,1.22806,1.22815,1.42,2.48
2012.08.03 13:35:54.703,1.22806,1.22815,2.02,1.73
2012.08.03 13:35:54.770,1.22806,1.22812,2.77,1.50
2012.08.03 13:35:54.893,1.22807,1.22815,2.25,2.85
2012.08.03 13:35:55.439,1.22809,1.22817,1.73,1.35
2012.08.03 13:35:55.739,1.22808,1.22814,2.40,1.50
2012.08.03 13:35:56.053,1.22807,1.22812,2.48,1.50
2012.08.03 13:35:56.182,1.22802,1.22809,1.43,1.35
2012.08.03 13:35:56.894,1.228,1.2281,5.25,2.85
2012.08.03 13:35:56.966,1.22802,1.22812,1.80,5.63
2012.08.03 13:35:57.272,1.22807,1.22816,1.73,3.75
2012.08.03 13:35:57.699,1.2281,1.22817,2.17,3.15
2012.08.03 13:35:58.233,1.2281,1.22819,1.50,1.28
2012.08.03 13:35:58.649,1.22809,1.22817,2.93,3.45
2012.08.03 13:35:58.771,1.22807,1.22816,3.75,1.73
2012.08.03 13:35:59.654,1.22808,1.22816,2.25,1.73
2012.08.03 13:35:59.836,1.22809,1.22816,1.50,2.85
2012.08.03 13:36:00.192,1.22809,1.22816,1.50,2.85
2012.08.03 13:36:00.570,1.22806,1.22815,1.73,2.63
2012.08.03 13:36:00.695,1.22807,1.22815,1.50,2.63
2012.08.03 13:36:01.229,1.22808,1.22816,4.05,2.85
2012.08.03 13:36:01.585,1.2281,1.22818,1.43,1.13
2012.08.03 13:36:02.115,1.2281,1.22818,1.50,1.35
2012.08.03 13:36:02.645,1.2281,1.22817,1.50,1.35
2012.08.03 13:36:02.771,1.22815,1.2282,1.50,2.63
2012.08.03 13:36:03.300,1.22813,1.22822,1.42,4.35
2012.08.03 13:36:04.568,1.22812,1.22821,3.67,1.35
2012.08.03 13:36:05.082,1.22812,1.22821,2.92,1.35
2012.08.03 13:36:05.381,1.22812,1.22821,2.92,1.13
2012.08.03 13:36:05.620,1.22815,1.22821,1.50,1.35
2012.08.03 13:36:06.150,1.22817,1.22823,1.42,1.50
2012.08.03 13:36:06.455,1.22823,1.22829,1.50,3.38
2012.08.03 13:36:06.871,1.22819,1.22827,3.23,1.50
2012.08.03 13:36:06.936,1.22819,1.22827,1.50,1.73
2012.08.03 13:36:07.175,1.22818,1.22826,2.25,1.35
2012.08.03 13:36:07.475,1.22821,1.22827,1.50,1.35
2012.08.03 13:36:07.891,1.22822,1.2283,1.50,1.73
2012.08.03 13:36:08.014,1.22822,1.22831,1.50,2.33
2012.08.03 13:36:10.255,1.22822,1.22829,2.25,1.13
2012.08.03 13:36:10.794,1.22821,1.22828,2.25,1.13
2012.08.03 13:36:11.324,1.22821,1.22829,2.48,1.50
2012.08.03 13:36:12.105,1.22822,1.22829,2.48,1.13
2012.08.03 13:36:12.765,1.22823,1.22832,4.35,2.48
2012.08.03 13:36:12.889,1.22825,1.22832,1.50,3.60
2012.08.03 13:36:13.446,1.22824,1.22832,3.98,1.13
2012.08.03 13:36:13.866,1.22824,1.22832,1.73,1.13
2012.08.03 13:36:14.108,1.22826,1.22832,1.50,1.13
2012.08.03 13:36:15.579,1.22824,1.22832,1.73,1.88
2012.08.03 13:36:15.883,1.22818,1.22824,3.75,1.13
2012.08.03 13:36:15.949,1.22822,1.22829,1.50,4.88
2012.08.03 13:36:16.483,1.2282,1.22828,2.25,1.73
2012.08.03 13:36:16.729,1.22823,1.22828,1.50,1.13
2012.08.03 13:36:17.263,1.22822,1.22828,1.50,1.13
2012.08.03 13:36:17.503,1.2282,1.22826,2.25,1.13
2012.08.03 13:36:17.685,1.2282,1.22826,1.50,1.35
2012.08.03 13:36:18.105,1.22819,1.22826,1.50,3.23
2012.08.03 13:36:18.243,1.22816,1.22822,2.25,1.13
2012.08.03 13:36:18.370,1.22814,1.22821,1.50,1.35
2012.08.03 13:36:18.556,1.22813,1.22821,1.88,4.35
2012.08.03 13:36:18.855,1.22811,1.2282,1.50,2.48
2012.08.03 13:36:19.452,1.22815,1.22821,1.50,3.38
2012.08.03 13:36:19.640,1.22817,1.22823,4.50,1.35
2012.08.03 13:36:20.179,1.22816,1.22823,2.25,1.13
2012.08.03 13:36:20.311,1.22816,1.22822,1.50,1.35
2012.08.03 13:36:20.671,1.22811,1.22819,1.50,1.95
2012.08.03 13:36:20.857,1.2281,1.2282,2.25,3.38
2012.08.03 13:36:21.038,1.22814,1.2282,1.50,3.38
2012.08.03 13:36:21.572,1.2281,1.22818,2.25,1.50
2012.08.03 13:36:21.926,1.22809,1.22818,1.42,1.50
2012.08.03 13:36:22.052,1.22811,1.22819,1.50,1.50
2012.08.03 13:36:22.361,1.22815,1.22823,1.42,1.50
2012.08.03 13:36:22.428,1.22816,1.22821,1.50,1.50
2012.08.03 13:36:22.672,1.22817,1.22824,1.50,4.13
2012.08.03 13:36:22.796,1.22814,1.2282,1.42,1.50
2012.08.03 13:36:23.331,1.22812,1.2282,3.00,1.50
2012.08.03 13:36:23.395,1.22813,1.22822,1.50,1.88
2012.08.03 13:36:23.580,1.22815,1.22822,1.50,1.88
2012.08.03 13:36:23.882,1.22817,1.22822,1.50,1.13
2012.08.03 13:36:24.185,1.22817,1.22825,3.00,2.10
2012.08.03 13:36:24.605,1.22817,1.22823,2.25,1.13
2012.08.03 13:36:25.160,1.22817,1.22824,1.50,1.35
2012.08.03 13:36:25.342,1.22819,1.22824,1.50,1.35
2012.08.03 13:36:25.647,1.22823,1.22829,2.17,1.50
2012.08.03 13:36:25.988,1.22819,1.22826,4.42,1.50
2012.08.03 13:36:26.524,1.22819,1.22827,2.39,1.50
2012.08.03 13:36:27.057,1.22821,1.22829,1.50,2.85
2012.08.03 13:36:27.590,1.22821,1.22828,1.50,2.10
2012.08.03 13:36:28.763,1.22818,1.22828,2.17,5.13
2012.08.03 13:36:28.828,1.22818,1.22825,2.17,1.50
2012.08.03 13:36:28.957,1.22816,1.22824,2.25,2.85
2012.08.03 13:36:29.081,1.22814,1.22824,4.50,3.60
2012.08.03 13:36:29.499,1.22814,1.22822,2.25,1.13
2012.08.03 13:36:30.061,1.22819,1.22824,1.50,1.50
2012.08.03 13:36:30.132,1.22817,1.22824,1.50,1.73
2012.08.03 13:36:31.430,1.22817,1.22824,1.50,1.50
2012.08.03 13:36:31.846,1.22815,1.22823,1.50,1.73
2012.08.03 13:36:32.152,1.22813,1.22821,1.50,5.10
2012.08.03 13:36:32.278,1.22811,1.22819,3.14,1.50
2012.08.03 13:36:32.813,1.2281,1.2282,2.39,2.85
2012.08.03 13:36:32.938,1.22811,1.2282,2.39,2.85
2012.08.03 13:36:33.475,1.22811,1.22819,2.39,3.23
2012.08.03 13:36:33.835,1.22808,1.22818,3.89,2.48
2012.08.03 13:36:34.637,1.2281,1.22819,2.39,2.85
2012.08.03 13:36:34.937,1.22813,1.22819,1.50,2.85
2012.08.03 13:36:35.699,1.22811,1.22819,1.73,2.10
2012.08.03 13:36:36.056,1.22809,1.22817,1.64,1.50
2012.08.03 13:36:36.178,1.22809,1.22817,1.64,1.50
2012.08.03 13:36:36.708,1.22813,1.22819,1.50,2.85
2012.08.03 13:36:37.237,1.22811,1.22818,1.50,1.35
2012.08.03 13:36:37.772,1.22812,1.22819,1.50,3.98
2012.08.03 13:36:38.304,1.22811,1.22816,1.50,1.13
2012.08.03 13:36:38.369,1.22809,1.22816,1.50,1.88
2012.08.03 13:36:38.607,1.22811,1.22816,1.50,1.88
2012.08.03 13:36:39.140,1.22809,1.22816,2.48,1.13
2012.08.03 13:36:39.671,1.22811,1.22816,1.50,1.13
2012.08.03 13:36:40.383,1.22811,1.22818,1.50,1.88
2012.08.03 13:36:40.565,1.22813,1.22818,1.50,1.13
2012.08.03 13:36:40.981,1.22813,1.22824,1.73,4.71
2012.08.03 13:36:41.107,1.22817,1.22822,1.64,1.13
2012.08.03 13:36:41.233,1.2282,1.22825,1.50,1.50
2012.08.03 13:36:41.298,1.22821,1.22828,1.50,1.35
2012.08.03 13:36:41.363,1.22821,1.22828,2.25,1.35
2012.08.03 13:36:41.661,1.22823,1.22831,1.50,2.48
2012.08.03 13:36:41.725,1.22821,1.22827,3.38,1.13
2012.08.03 13:36:42.431,1.22821,1.2283,3.57,1.35
2012.08.03 13:36:42.734,1.22823,1.22829,1.50,1.92
2012.08.03 13:36:42.799,1.22825,1.2283,3.00,1.73
2012.08.03 13:36:42.866,1.22826,1.22832,1.42,2.85
2012.08.03 13:36:42.993,1.22831,1.22837,3.23,2.63
2012.08.03 13:36:43.059,1.22832,1.22837,1.73,2.63
2012.08.03 13:36:43.124,1.22835,1.2284,1.50,2.63
2012.08.03 13:36:43.307,1.22832,1.22837,1.50,2.63
2012.08.03 13:36:43.916,1.2283,1.22836,2.25,1.13
2012.08.03 13:36:44.332,1.22827,1.22834,6.08,1.50
2012.08.03 13:36:44.454,1.22828,1.22836,2.48,4.13
2012.08.03 13:36:44.576,1.22828,1.22833,3.00,1.13
2012.08.03 13:36:44.819,1.22826,1.22833,1.50,2.63
2012.08.03 13:36:44.944,1.22824,1.22832,1.73,1.13
2012.08.03 13:36:45.125,1.22824,1.22832,1.88,1.35
2012.08.03 13:36:45.429,1.22829,1.22834,1.50,2.63
2012.08.03 13:36:45.732,1.22831,1.22837,1.73,3.00
2012.08.03 13:36:45.857,1.2283,1.22838,3.60,1.50
2012.08.03 13:36:45.980,1.22834,1.2284,1.50,2.85
2012.08.03 13:36:46.279,1.22832,1.22842,2.25,3.00
2012.08.03 13:36:46.402,1.22834,1.22842,1.50,3.00
2012.08.03 13:36:46.524,1.22832,1.22842,2.25,3.00
2012.08.03 13:36:47.060,1.22832,1.2284,1.50,4.73
2012.08.03 13:36:47.782,1.2283,1.22839,1.50,2.25
2012.08.03 13:36:48.326,1.22834,1.22841,1.50,2.10
2012.08.03 13:36:48.507,1.22832,1.2284,2.25,1.73
2012.08.03 13:36:49.504,1.22833,1.22842,1.50,1.35
2012.08.03 13:36:50.330,1.22831,1.22841,4.88,1.73
2012.08.03 13:36:50.972,1.22831,1.22841,4.13,2.48
2012.08.03 13:36:51.620,1.22831,1.22839,1.50,1.50
2012.08.03 13:36:51.861,1.22832,1.22838,1.50,1.13
2012.08.03 13:36:52.396,1.22839,1.22844,1.50,5.25
2012.08.03 13:36:52.520,1.22837,1.22843,3.00,1.50
2012.08.03 13:36:54.293,1.22834,1.22841,3.00,1.35
2012.08.03 13:36:54.711,1.22832,1.22838,1.50,1.13
2012.08.03 13:36:54.776,1.22834,1.22842,1.50,1.73
2012.08.03 13:36:55.383,1.2283,1.22838,5.48,1.13
2012.08.03 13:36:55.738,1.2283,1.22835,3.23,1.13
2012.08.03 13:36:55.804,1.22828,1.22835,3.98,1.13
2012.08.03 13:36:56.218,1.22829,1.22839,2.85,3.23
2012.08.03 13:36:56.461,1.22833,1.22839,2.25,1.88
2012.08.03 13:36:56.992,1.22832,1.22839,2.25,1.13
2012.08.03 13:36:57.525,1.22832,1.2284,1.73,1.13
2012.08.03 13:36:59.718,1.22832,1.2284,1.73,3.19
2012.08.03 13:37:00.021,1.22831,1.22841,1.35,6.60
2012.08.03 13:37:00.207,1.22832,1.22839,1.79,1.73
2012.08.03 13:37:00.333,1.22833,1.2284,1.42,1.50
2012.08.03 13:37:00.752,1.22835,1.22843,2.25,1.13
2012.08.03 13:37:01.287,1.22833,1.22842,1.73,2.10
2012.08.03 13:37:01.529,1.22833,1.22842,3.75,1.35
2012.08.03 13:37:01.831,1.22833,1.22842,3.98,1.13
2012.08.03 13:37:02.165,1.22841,1.22846,1.64,1.50
2012.08.03 13:37:02.491,1.22843,1.22849,1.50,1.50
2012.08.03 13:37:02.792,1.22846,1.22851,1.50,2.63
2012.08.03 13:37:02.916,1.22846,1.22851,1.50,1.13
2012.08.03 13:37:03.870,1.22843,1.22851,3.00,1.35
2012.08.03 13:37:05.258,1.22843,1.22851,3.00,1.35
2012.08.03 13:37:07.204,1.22845,1.22854,1.50,1.73
2012.08.03 13:37:07.701,1.22846,1.22855,1.42,2.25
2012.08.03 13:37:08.007,1.22849,1.22859,2.17,3.98
2012.08.03 13:37:08.308,1.22853,1.2286,1.50,2.63
2012.08.03 13:37:08.490,1.22851,1.2286,1.50,1.13
2012.08.03 13:37:09.021,1.22852,1.22865,2.25,1.50
2012.08.03 13:37:09.555,1.22852,1.22862,3.00,5.48
2012.08.03 13:37:10.683,1.22851,1.22859,1.50,1.73
2012.08.03 13:37:11.220,1.2285,1.2286,3.89,1.73
2012.08.03 13:37:11.858,1.2285,1.22857,3.23,1.13
2012.08.03 13:37:12.622,1.2285,1.22855,1.50,1.13
2012.08.03 13:37:12.805,1.22848,1.22855,1.50,1.13
2012.08.03 13:37:13.279,1.22846,1.22853,1.50,1.50
2012.08.03 13:37:13.811,1.22845,1.22852,4.73,1.13
2012.08.03 13:37:14.342,1.22846,1.22853,1.50,1.50
2012.08.03 13:37:14.410,1.22848,1.22855,1.50,2.25
2012.08.03 13:37:14.535,1.22849,1.22855,2.25,1.50
2012.08.03 13:37:14.897,1.22846,1.22856,3.00,2.10
2012.08.03 13:37:15.144,1.22842,1.22849,3.00,1.13
2012.08.03 13:37:15.444,1.22845,1.22851,1.50,1.35
2012.08.03 13:37:16.098,1.22846,1.22851,1.50,1.13
2012.08.03 13:37:16.225,1.22846,1.22853,3.00,1.35
2012.08.03 13:37:16.470,1.22848,1.22853,1.50,1.13
2012.08.03 13:37:17.006,1.22847,1.22852,1.50,1.13
2012.08.03 13:37:17.364,1.22844,1.22849,3.00,1.13
2012.08.03 13:37:17.722,1.22843,1.22849,1.73,1.13
2012.08.03 13:37:17.964,1.22843,1.22849,1.50,1.13
2012.08.03 13:37:18.502,1.22844,1.22849,1.50,1.13
2012.08.03 13:37:19.037,1.22845,1.22852,1.50,1.35
2012.08.03 13:37:19.803,1.22845,1.22852,1.50,1.13
2012.08.03 13:37:20.339,1.22845,1.22852,3.00,1.35
2012.08.03 13:37:20.646,1.22843,1.22849,2.25,1.13
2012.08.03 13:37:21.190,1.22844,1.22849,1.50,1.13
2012.08.03 13:37:21.721,1.22844,1.22852,3.00,1.35
2012.08.03 13:37:22.615,1.22844,1.22849,3.00,1.13
2012.08.03 13:37:23.205,1.22842,1.22847,2.25,1.13
2012.08.03 13:37:24.325,1.22841,1.22847,3.00,1.13
2012.08.03 13:37:24.802,1.22839,1.22847,2.25,2.25
2012.08.03 13:37:25.108,1.22839,1.22844,1.50,1.35
2012.08.03 13:37:25.471,1.22837,1.22843,4.50,1.13
2012.08.03 13:37:25.536,1.22831,1.22838,1.50,1.35
2012.08.03 13:37:26.076,1.22831,1.22838,2.25,1.35
2012.08.03 13:37:26.608,1.22832,1.22838,1.50,1.35
2012.08.03 13:37:27.027,1.22832,1.22837,1.50,1.35
2012.08.03 13:37:27.091,1.22829,1.22837,3.00,1.35
2012.08.03 13:37:27.392,1.22828,1.22835,2.25,1.50
2012.08.03 13:37:27.515,1.22828,1.22837,3.00,1.35
2012.08.03 13:37:27.816,1.22828,1.22836,2.25,1.50
2012.08.03 13:37:28.120,1.22827,1.22832,1.50,1.50
2012.08.03 13:37:28.621,1.22827,1.22833,1.73,1.50
2012.08.03 13:37:28.686,1.22827,1.22836,1.73,1.73
2012.08.03 13:37:29.328,1.22829,1.22837,2.25,4.35
2012.08.03 13:37:30.106,1.22827,1.22835,2.48,1.50
2012.08.03 13:37:30.637,1.22827,1.22835,1.73,1.50
2012.08.03 13:37:31.484,1.22829,1.22835,1.50,1.50
2012.08.03 13:37:31.838,1.22827,1.22835,3.23,1.50
2012.08.03 13:37:32.136,1.22828,1.22835,1.50,1.50
2012.08.03 13:37:32.669,1.22828,1.22837,3.75,1.35
2012.08.03 13:37:33.177,1.22829,1.22837,1.50,1.35
2012.08.03 13:37:33.240,1.22828,1.22837,2.25,1.35
2012.08.03 13:37:33.826,1.22825,1.22836,5.10,3.23
2012.08.03 13:37:34.128,1.2282,1.22828,2.85,3.23
2012.08.03 13:37:34.195,1.22827,1.22833,1.50,2.25
2012.08.03 13:37:34.260,1.22827,1.22832,1.50,1.50
2012.08.03 13:37:34.326,1.22827,1.22833,3.00,2.45
2012.08.03 13:37:34.630,1.22825,1.22832,4.64,1.50
2012.08.03 13:37:34.874,1.22826,1.22833,1.50,1.73
2012.08.03 13:37:35.412,1.22825,1.22835,2.25,4.35
2012.08.03 13:37:36.178,1.22826,1.22835,2.25,3.60
2012.08.03 13:37:36.546,1.22826,1.22835,3.00,2.85
2012.08.03 13:37:37.428,1.22825,1.22835,2.25,2.85
2012.08.03 13:37:37.976,1.22825,1.22835,1.50,2.85
2012.08.03 13:37:38.658,1.22826,1.22835,1.50,2.85
2012.08.03 13:37:39.191,1.22827,1.22837,3.23,5.10
2012.08.03 13:37:41.561,1.22828,1.22837,1.50,2.85
2012.08.03 13:37:41.917,1.2283,1.22837,1.50,2.85
2012.08.03 13:37:42.040,1.22829,1.22837,2.25,1.35
2012.08.03 13:37:42.697,1.22832,1.2284,2.92,3.23
2012.08.03 13:37:42.765,1.22832,1.2284,3.67,3.00
2012.08.03 13:37:43.067,1.22831,1.22838,3.14,1.50
2012.08.03 13:37:43.492,1.2283,1.22838,1.50,1.50
2012.08.03 13:37:43.969,1.22828,1.22837,2.39,2.48
2012.08.03 13:37:44.677,1.22827,1.22835,2.10,1.50
2012.08.03 13:37:45.153,1.22827,1.22837,2.25,4.35
2012.08.03 13:37:45.699,1.22827,1.22837,3.75,3.60
2012.08.03 13:37:46.892,1.22828,1.22837,1.50,2.85
2012.08.03 13:37:47.312,1.2283,1.22838,3.00,2.85
2012.08.03 13:37:47.679,1.22832,1.2284,1.42,3.00
2012.08.03 13:37:47.983,1.22831,1.22838,1.50,1.50
2012.08.03 13:37:48.458,1.22826,1.22831,4.35,1.13
2012.08.03 13:37:48.646,1.22828,1.22834,1.73,1.50
2012.08.03 13:37:48.886,1.22824,1.22831,2.25,1.35
2012.08.03 13:37:49.012,1.22826,1.22831,1.50,1.35
2012.08.03 13:37:49.318,1.22826,1.22833,3.67,2.55
2012.08.03 13:37:49.382,1.22826,1.22835,1.64,3.75
2012.08.03 13:37:49.506,1.22828,1.22835,1.73,2.25
2012.08.03 13:37:50.039,1.22829,1.22836,2.39,1.50
2012.08.03 13:37:50.455,1.22831,1.22836,1.50,1.50
2012.08.03 13:37:50.762,1.22837,1.22842,2.25,2.48
2012.08.03 13:37:51.154,1.22832,1.22841,1.50,3.60
2012.08.03 13:37:51.229,1.22832,1.22839,1.50,1.35
2012.08.03 13:37:51.537,1.22834,1.22842,1.50,1.35
2012.08.03 13:37:52.075,1.22835,1.22842,2.25,1.35
2012.08.03 13:37:52.613,1.22835,1.22843,1.50,2.10
2012.08.03 13:37:53.030,1.22835,1.2284,1.50,1.13
2012.08.03 13:37:53.453,1.22837,1.22844,1.50,2.10
2012.08.03 13:37:53.579,1.22838,1.22844,1.50,1.13
2012.08.03 13:37:54.111,1.22837,1.22844,1.73,1.13
2012.08.03 13:37:54.761,1.22837,1.22845,2.39,1.50
2012.08.03 13:37:55.292,1.22838,1.22846,2.17,2.48
2012.08.03 13:37:56.284,1.22836,1.22847,4.64,4.88
2012.08.03 13:37:56.812,1.22836,1.22846,3.89,1.73
2012.08.03 13:37:57.338,1.22836,1.22846,3.67,2.48
2012.08.03 13:37:57.579,1.22835,1.22844,1.42,3.60
2012.08.03 13:37:57.941,1.22832,1.22842,3.67,1.73
2012.08.03 13:37:58.473,1.22832,1.22842,3.67,3.42
2012.08.03 13:37:58.656,1.22832,1.2284,1.50,3.60
2012.08.03 13:37:58.962,1.22829,1.22836,1.50,1.35
2012.08.03 13:37:59.323,1.2283,1.22838,2.25,1.88
2012.08.03 13:37:59.507,1.22831,1.2284,1.42,2.85
2012.08.03 13:37:59.632,1.22831,1.22841,1.42,1.73
2012.08.03 13:37:59.934,1.22831,1.2284,1.50,1.88
2012.08.03 13:38:00.483,1.22829,1.2284,5.17,2.10
2012.08.03 13:38:01.295,1.22829,1.2284,5.17,2.10
2012.08.03 13:38:01.653,1.22829,1.22838,3.75,1.88
2012.08.03 13:38:02.018,1.22828,1.22835,1.50,2.25
2012.08.03 13:38:03.031,1.22827,1.22835,3.89,2.25
2012.08.03 13:38:03.513,1.22829,1.22835,1.42,1.50
2012.08.03 13:38:03.578,1.2283,1.22837,1.42,1.50
2012.08.03 13:38:04.054,1.22831,1.22838,2.25,1.50
2012.08.03 13:38:04.498,1.22833,1.22841,2.39,1.50
2012.08.03 13:38:04.741,1.22833,1.22842,2.39,2.85
2012.08.03 13:38:04.865,1.22833,1.22839,1.73,1.50
2012.08.03 13:38:05.286,1.22832,1.22837,1.35,1.50
2012.08.03 13:38:05.793,1.22831,1.22837,5.33,1.50
2012.08.03 13:38:06.095,1.22828,1.22834,2.25,2.25
2012.08.03 13:38:06.283,1.22828,1.22834,1.50,1.50
2012.08.03 13:38:06.704,1.22826,1.22834,3.89,1.50
2012.08.03 13:38:07.232,1.22826,1.22834,1.50,3.00
2012.08.03 13:38:07.296,1.22825,1.22832,3.67,1.50
2012.08.03 13:38:07.777,1.22827,1.22833,1.50,1.50
2012.08.03 13:38:07.962,1.22829,1.22836,1.50,1.50
2012.08.03 13:38:08.148,1.22828,1.22835,1.42,1.50
2012.08.03 13:38:08.717,1.22828,1.22837,1.64,3.23
2012.08.03 13:38:08.840,1.22828,1.22834,1.64,1.50
2012.08.03 13:38:09.586,1.22827,1.22833,1.73,1.88
2012.08.03 13:38:09.771,1.22823,1.2283,4.42,1.50
2012.08.03 13:38:09.895,1.22823,1.2283,5.39,1.50
2012.08.03 13:38:10.019,1.22825,1.22832,1.42,3.00
2012.08.03 13:38:10.261,1.22824,1.2283,1.64,1.50
2012.08.03 13:38:10.560,1.22823,1.2283,2.92,1.50
2012.08.03 13:38:11.090,1.22823,1.2283,2.92,1.50
2012.08.03 13:38:11.212,1.22824,1.22833,2.17,3.60
2012.08.03 13:38:12.174,1.22824,1.22833,2.92,2.10
2012.08.03 13:38:12.239,1.22826,1.22833,1.88,2.10
2012.08.03 13:38:12.546,1.22833,1.22839,1.50,1.50
2012.08.03 13:38:12.732,1.22833,1.22841,2.92,1.50
2012.08.03 13:38:14.458,1.22834,1.22841,1.41,1.73
2012.08.03 13:38:14.525,1.22836,1.22843,1.50,1.50
2012.08.03 13:38:14.591,1.22836,1.22844,1.88,2.25
2012.08.03 13:38:14.715,1.22838,1.22846,1.50,1.35
2012.08.03 13:38:15.247,1.22837,1.22845,2.92,1.50
2012.08.03 13:38:15.790,1.22837,1.22845,2.92,1.73
2012.08.03 13:38:16.390,1.22837,1.22845,2.39,1.50
2012.08.03 13:38:16.454,1.22837,1.22845,2.39,1.50
2012.08.03 13:38:16.578,1.22837,1.22845,3.14,1.50
2012.08.03 13:38:17.346,1.22837,1.22844,1.42,1.50
2012.08.03 13:38:19.138,1.22834,1.22843,3.89,1.50
2012.08.03 13:38:19.203,1.22834,1.22843,3.89,1.50
2012.08.03 13:38:19.329,1.22834,1.22843,3.14,3.00
2012.08.03 13:38:19.851,1.22836,1.22843,1.42,1.50
2012.08.03 13:38:20.031,1.22836,1.22845,1.42,1.50
2012.08.03 13:38:20.565,1.22838,1.22846,1.50,2.48
2012.08.03 13:38:21.098,1.22838,1.22846,2.17,2.48
2012.08.03 13:38:21.632,1.22838,1.22847,2.17,5.85
2012.08.03 13:38:21.754,1.22838,1.22847,2.17,2.48
2012.08.03 13:38:22.285,1.2284,1.22848,2.17,2.48
2012.08.03 13:38:22.992,1.2284,1.22848,1.50,2.48
2012.08.03 13:38:23.698,1.2284,1.22847,1.50,1.13
2012.08.03 13:38:23.822,1.22838,1.22844,2.48,1.13
2012.08.03 13:38:24.072,1.22834,1.22844,3.67,4.35
2012.08.03 13:38:25.555,1.22835,1.22846,1.50,5.25
2012.08.03 13:38:25.679,1.22836,1.22846,1.73,3.98
2012.08.03 13:38:26.211,1.22836,1.22846,2.92,2.63
2012.08.03 13:38:26.451,1.22839,1.22847,1.50,4.50
2012.08.03 13:38:26.515,1.22839,1.22847,1.50,3.75
2012.08.03 13:38:26.930,1.2284,1.22847,1.50,4.73
2012.08.03 13:38:27.233,1.22843,1.2285,1.50,3.98
2012.08.03 13:38:27.357,1.22841,1.2285,2.25,2.48
2012.08.03 13:38:28.586,1.22841,1.22849,1.50,1.73
2012.08.03 13:38:30.474,1.22841,1.22849,1.50,3.23
2012.08.03 13:38:30.734,1.22839,1.22847,3.67,2.48
2012.08.03 13:38:32.031,1.22839,1.22849,2.92,1.50
2012.08.03 13:38:32.563,1.22841,1.2285,2.25,5.25
2012.08.03 13:38:35.965,1.22838,1.22844,1.50,1.50
2012.08.03 13:38:36.089,1.22839,1.22846,2.92,1.73
2012.08.03 13:38:36.215,1.2284,1.22848,1.42,1.73
2012.08.03 13:38:36.455,1.22842,1.22849,1.50,4.35
2012.08.03 13:38:37.164,1.2284,1.22849,1.42,3.60
2012.08.03 13:38:37.228,1.2284,1.22848,3.67,2.48
2012.08.03 13:38:37.292,1.22842,1.22848,1.50,1.50
2012.08.03 13:38:37.415,1.22842,1.22849,1.50,4.35
2012.08.03 13:38:37.763,1.2284,1.22848,1.50,2.85
2012.08.03 13:38:37.829,1.22837,1.22845,4.04,1.73
2012.08.03 13:38:38.930,1.22837,1.22844,1.13,2.25
2012.08.03 13:38:39.235,1.22832,1.22839,2.25,2.10
2012.08.03 13:38:39.537,1.22831,1.22837,1.05,1.35
2012.08.03 13:38:39.718,1.22828,1.22837,4.27,1.35
2012.08.03 13:38:40.270,1.22828,1.22838,4.12,1.73
2012.08.03 13:38:40.802,1.22829,1.22838,1.80,1.73
2012.08.03 13:38:41.799,1.22828,1.22836,4.12,1.73
2012.08.03 13:38:42.105,1.22827,1.22834,2.25,1.73
2012.08.03 13:38:42.172,1.22827,1.22834,3.59,1.50
2012.08.03 13:38:42.238,1.2283,1.22838,1.87,2.48
2012.08.03 13:38:42.423,1.22833,1.2284,1.20,3.38
2012.08.03 13:38:42.777,1.22833,1.2284,1.20,3.60
2012.08.03 13:38:42.844,1.22831,1.22839,2.17,1.73
2012.08.03 13:38:45.630,1.22831,1.22839,2.92,1.73
2012.08.03 13:38:46.164,1.22833,1.22841,1.50,4.73
2012.08.03 13:38:46.821,1.22833,1.22841,2.25,3.75
2012.08.03 13:38:47.125,1.22839,1.22847,2.52,3.98
2012.08.03 13:38:47.427,1.2284,1.22848,1.42,2.48
2012.08.03 13:38:47.725,1.22841,1.22849,2.25,1.73
2012.08.03 13:38:48.264,1.22841,1.22849,2.39,1.50
2012.08.03 13:38:48.785,1.22841,1.2285,3.14,2.48
2012.08.03 13:38:50.195,1.22842,1.22851,1.50,1.73
2012.08.03 13:38:50.848,1.22842,1.22852,1.50,3.38
2012.08.03 13:38:51.379,1.22842,1.22853,1.50,6.98
2012.08.03 13:38:53.695,1.22842,1.22853,2.25,3.38
2012.08.03 13:38:53.939,1.22842,1.22853,2.25,4.13
2012.08.03 13:38:54.701,1.22841,1.22851,2.17,2.48
2012.08.03 13:38:55.946,1.2284,1.22849,1.50,4.69
2012.08.03 13:38:56.255,1.2284,1.22847,3.67,1.50
2012.08.03 13:38:56.319,1.22839,1.22845,2.17,3.38
2012.08.03 13:38:56.386,1.22837,1.22845,1.35,2.10
2012.08.03 13:38:56.452,1.22836,1.22845,1.50,4.13
2012.08.03 13:38:56.517,1.22835,1.22843,2.17,1.50
2012.08.03 13:38:56.584,1.2283,1.22839,1.42,1.73
2012.08.03 13:38:57.122,1.2283,1.22838,4.73,1.50
2012.08.03 13:38:57.245,1.22831,1.22839,1.42,1.50
2012.08.03 13:38:57.662,1.22829,1.22839,1.50,5.10
2012.08.03 13:38:59.145,1.22829,1.22839,2.92,1.73
2012.08.03 13:38:59.218,1.22832,1.2284,1.50,2.48
2012.08.03 13:38:59.402,1.22832,1.2284,2.92,2.48
2012.08.03 13:38:59.644,1.2283,1.22838,1.64,1.50
2012.08.03 13:38:59.710,1.2283,1.22838,1.64,3.00
2012.08.03 13:38:59.777,1.22828,1.22836,4.64,1.50
2012.08.03 13:39:00.607,1.22828,1.22833,2.25,1.50
2012.08.03 13:39:00.970,1.22827,1.22834,3.14,1.50
2012.08.03 13:39:01.095,1.22827,1.22832,1.42,1.50
2012.08.03 13:39:01.636,1.22826,1.22831,1.50,1.13
2012.08.03 13:39:02.165,1.22826,1.22834,1.50,1.73
2012.08.03 13:39:02.808,1.22826,1.22832,2.25,1.13
2012.08.03 13:39:03.378,1.22827,1.22836,1.50,3.00
2012.08.03 13:39:03.911,1.22826,1.22836,5.48,1.50
2012.08.03 13:39:04.442,1.22827,1.22832,3.00,1.13
2012.08.03 13:39:04.566,1.22829,1.22835,1.50,1.50
2012.08.03 13:39:04.629,1.22829,1.22837,3.00,2.85
2012.08.03 13:39:05.042,1.22829,1.22835,1.73,1.50
2012.08.03 13:39:05.763,1.22826,1.22834,3.98,2.63
2012.08.03 13:39:06.120,1.22826,1.22832,3.98,1.13
2012.08.03 13:39:07.030,1.22825,1.2283,2.25,1.13
2012.08.03 13:39:07.332,1.22824,1.22831,3.00,1.35
2012.08.03 13:39:08.249,1.22826,1.22832,2.63,1.13
2012.08.03 13:39:08.374,1.22827,1.22833,1.73,1.13
2012.08.03 13:39:08.558,1.22829,1.22835,2.25,1.35
2012.08.03 13:39:08.624,1.22827,1.22835,1.50,2.48
2012.08.03 13:39:08.749,1.22827,1.22834,1.50,2.10
2012.08.03 13:39:08.873,1.22827,1.22834,2.63,1.13
2012.08.03 13:39:09.413,1.22828,1.22834,3.75,1.13
2012.08.03 13:39:09.769,1.22828,1.22836,3.75,1.73
2012.08.03 13:39:10.362,1.2283,1.22837,1.50,1.13
2012.08.03 13:39:10.483,1.22828,1.22837,3.75,1.13
2012.08.03 13:39:11.081,1.22825,1.22834,2.63,2.48
2012.08.03 13:39:11.326,1.22826,1.22834,3.75,1.73
2012.08.03 13:39:11.857,1.22826,1.22834,3.98,1.73
2012.08.03 13:39:12.928,1.22827,1.22834,2.25,1.35
2012.08.03 13:39:14.421,1.22831,1.22837,1.50,4.50
2012.08.03 13:39:15.088,1.22829,1.22834,1.50,1.13
2012.08.03 13:39:15.625,1.2283,1.22836,2.25,1.35
2012.08.03 13:39:15.748,1.22832,1.22837,1.50,1.35
2012.08.03 13:39:16.285,1.2283,1.22836,2.25,1.35
2012.08.03 13:39:16.588,1.22834,1.2284,1.95,1.50
2012.08.03 13:39:16.835,1.22834,1.2284,3.75,1.50
2012.08.03 13:39:16.963,1.22836,1.22842,2.48,2.63
2012.08.03 13:39:17.211,1.22835,1.2284,1.50,1.13
2012.08.03 13:39:17.276,1.22838,1.22843,1.50,2.25
2012.08.03 13:39:17.801,1.22836,1.22841,1.50,1.50
2012.08.03 13:39:17.869,1.22833,1.2284,1.73,1.13
2012.08.03 13:39:18.406,1.22832,1.22839,1.50,1.13
2012.08.03 13:39:18.704,1.22832,1.2284,1.73,1.50
2012.08.03 13:39:19.011,1.22837,1.22844,2.39,2.25
2012.08.03 13:39:19.351,1.22838,1.22846,2.48,1.13
2012.08.03 13:39:21.290,1.22838,1.22843,1.50,1.13
2012.08.03 13:39:21.829,1.22838,1.22843,1.50,1.13
2012.08.03 13:39:22.133,1.2284,1.22846,1.50,1.13
2012.08.03 13:39:22.317,1.22841,1.22847,2.25,1.13
2012.08.03 13:39:22.636,1.22843,1.22849,1.50,1.88
2012.08.03 13:39:22.877,1.22841,1.22849,1.73,1.88
2012.08.03 13:39:23.119,1.2284,1.22849,3.00,2.10
2012.08.03 13:39:23.421,1.22835,1.22841,2.48,1.13
2012.08.03 13:39:23.724,1.22835,1.22841,1.50,1.13
2012.08.03 13:39:23.847,1.22832,1.22841,4.73,1.13
2012.08.03 13:39:23.913,1.22832,1.22841,7.35,1.13
2012.08.03 13:39:24.214,1.22836,1.22846,3.00,6.23
2012.08.03 13:39:24.456,1.22839,1.22844,1.50,1.13
2012.08.03 13:39:24.520,1.22837,1.22842,2.48,1.13
2012.08.03 13:39:24.881,1.22839,1.22846,1.50,2.10
2012.08.03 13:39:25.300,1.22837,1.22846,1.64,3.98
2012.08.03 13:39:25.830,1.22837,1.22846,1.64,1.73
2012.08.03 13:39:26.888,1.22838,1.22847,1.50,2.48
2012.08.03 13:39:27.590,1.22838,1.22847,3.00,1.73
2012.08.03 13:39:27.892,1.22841,1.22848,2.43,2.25
2012.08.03 13:39:28.081,1.22847,1.22853,1.88,4.50
2012.08.03 13:39:28.205,1.22848,1.22854,1.50,1.13
2012.08.03 13:39:28.274,1.22847,1.22854,1.50,1.13
2012.08.03 13:39:28.516,1.22846,1.22855,1.50,4.13
2012.08.03 13:39:28.702,1.22844,1.22851,3.75,1.50
2012.08.03 13:39:28.767,1.22848,1.22855,1.50,3.23
2012.08.03 13:39:28.889,1.22846,1.22855,2.25,7.20
2012.08.03 13:39:28.954,1.22844,1.22849,1.50,1.13
2012.08.03 13:39:29.256,1.22842,1.22849,2.25,1.13
2012.08.03 13:39:29.791,1.22842,1.22849,1.50,1.35
2012.08.03 13:39:30.322,1.2284,1.22849,3.98,1.35
2012.08.03 13:39:30.386,1.2284,1.22847,3.98,1.13
2012.08.03 13:39:30.921,1.2284,1.22847,3.00,1.35
2012.08.03 13:39:31.787,1.2284,1.22847,3.00,1.13
2012.08.03 13:39:31.980,1.22843,1.22851,2.39,2.63
2012.08.03 13:39:32.520,1.22843,1.22851,3.00,1.73
2012.08.03 13:39:33.112,1.22843,1.22851,1.50,2.48
2012.08.03 13:39:33.900,1.22843,1.22851,1.50,2.48
2012.08.03 13:39:34.431,1.22843,1.22851,1.50,1.73
2012.08.03 13:39:36.684,1.22844,1.22854,2.25,4.20
2012.08.03 13:39:36.808,1.22846,1.22854,1.50,1.58
2012.08.03 13:39:37.110,1.22851,1.2286,3.67,2.48
2012.08.03 13:39:37.367,1.22851,1.22861,2.92,4.58
2012.08.03 13:39:37.434,1.22851,1.22858,1.42,1.50
2012.08.03 13:39:37.966,1.22849,1.22857,2.17,1.50
2012.08.03 13:39:38.269,1.22846,1.22854,3.89,2.25
2012.08.03 13:39:38.336,1.22846,1.22852,1.42,2.25
2012.08.03 13:39:38.638,1.22843,1.2285,1.50,1.50
2012.08.03 13:39:38.761,1.22844,1.22853,1.42,3.23
2012.08.03 13:39:38.885,1.22844,1.22853,2.39,3.23
2012.08.03 13:39:39.070,1.22845,1.22852,1.42,1.73
2012.08.03 13:39:39.839,1.22843,1.22852,2.17,1.13
2012.08.03 13:39:40.142,1.22847,1.22854,1.50,3.23
2012.08.03 13:39:40.387,1.22847,1.22857,3.67,5.48
2012.08.03 13:39:40.688,1.22847,1.22854,1.42,1.50
2012.08.03 13:39:41.046,1.22846,1.22852,1.42,1.50
2012.08.03 13:39:41.523,1.22845,1.22852,1.50,1.73
2012.08.03 13:39:42.025,1.22843,1.2285,1.42,1.50
2012.08.03 13:39:42.817,1.22842,1.2285,2.25,1.73
2012.08.03 13:39:43.300,1.22845,1.22853,2.17,1.73
2012.08.03 13:39:43.424,1.22847,1.22854,1.42,2.48
2012.08.03 13:39:43.981,1.22847,1.22854,1.42,1.73
2012.08.03 13:39:44.401,1.22846,1.22854,2.25,2.48
2012.08.03 13:39:44.943,1.22846,1.22853,2.17,1.13
2012.08.03 13:39:45.066,1.22845,1.22854,1.50,2.48
2012.08.03 13:39:47.744,1.22845,1.22854,2.92,2.25
2012.08.03 13:39:47.868,1.22846,1.22855,1.64,3.23
2012.08.03 13:39:48.405,1.22845,1.22852,1.42,1.73
2012.08.03 13:39:50.570,1.22848,1.22856,1.50,4.50
2012.08.03 13:39:50.867,1.22848,1.22856,1.50,3.23
2012.08.03 13:39:51.411,1.22845,1.22855,4.64,2.25
2012.08.03 13:39:51.536,1.22845,1.22854,3.14,1.50
2012.08.03 13:39:52.071,1.22846,1.22854,2.17,6.00
2012.08.03 13:39:52.135,1.22846,1.22854,2.17,4.50
2012.08.03 13:39:52.200,1.22848,1.22854,1.50,3.00
2012.08.03 13:39:52.520,1.22849,1.22857,2.39,2.25
2012.08.03 13:39:52.655,1.22851,1.2286,3.14,1.50
2012.08.03 13:39:53.205,1.2285,1.22859,1.64,2.25
2012.08.03 13:39:53.270,1.22849,1.22859,3.98,3.00
2012.08.03 13:39:53.454,1.22849,1.22856,2.25,3.04
2012.08.03 13:39:53.694,1.22849,1.22855,2.25,1.50
2012.08.03 13:39:53.997,1.22845,1.22853,1.42,3.45
2012.08.03 13:39:54.237,1.22843,1.22853,2.92,4.20
2012.08.03 13:39:57.090,1.22844,1.22852,1.50,3.23
2012.08.03 13:39:58.578,1.22845,1.22852,2.25,1.35
2012.08.03 13:39:58.703,1.22846,1.22854,4.27,1.35
2012.08.03 13:39:58.830,1.22849,1.22857,2.17,1.50
2012.08.03 13:39:59.366,1.2285,1.22858,5.17,1.50
2012.08.03 13:39:59.432,1.22852,1.2286,1.50,2.48
2012.08.03 13:40:00.372,1.2285,1.22859,2.92,1.50
2012.08.03 13:40:00.497,1.22849,1.22858,3.89,3.60
2012.08.03 13:40:00.802,1.22847,1.22854,2.25,2.10
2012.08.03 13:40:01.108,1.22848,1.22856,2.48,1.50
2012.08.03 13:40:01.173,1.22851,1.22856,1.42,1.50
2012.08.03 13:40:01.355,1.2285,1.22858,4.64,1.50
2012.08.03 13:40:01.889,1.2285,1.22858,1.50,1.73
2012.08.03 13:40:02.070,1.22848,1.22856,3.14,1.50
2012.08.03 13:40:02.428,1.2285,1.22858,1.50,1.73
2012.08.03 13:40:03.309,1.2285,1.22858,3.75,1.50
2012.08.03 13:40:03.373,1.22852,1.2286,1.50,3.60
2012.08.03 13:40:03.913,1.22853,1.22863,4.50,5.48
2012.08.03 13:40:03.979,1.22854,1.22863,1.42,2.48
2012.08.03 13:40:04.044,1.22854,1.22863,1.42,2.48
2012.08.03 13:40:04.578,1.22856,1.22864,1.50,3.60
2012.08.03 13:40:05.285,1.22854,1.22862,2.92,1.50
2012.08.03 13:40:05.352,1.22854,1.22861,2.17,3.23
2012.08.03 13:40:05.895,1.22852,1.2286,2.17,1.73
2012.08.03 13:40:07.134,1.22852,1.2286,2.17,2.48
2012.08.03 13:40:07.495,1.22852,1.2286,1.50,4.73
2012.08.03 13:40:07.678,1.22849,1.22857,2.39,2.25
2012.08.03 13:40:10.948,1.2285,1.22859,2.17,2.48
2012.08.03 13:40:11.475,1.22851,1.22861,1.50,6.60
2012.08.03 13:40:12.131,1.22851,1.22861,2.92,2.48
2012.08.03 13:40:12.487,1.22852,1.22861,1.42,2.48
2012.08.03 13:40:12.788,1.22853,1.22861,3.14,1.50
2012.08.03 13:40:13.201,1.22856,1.22863,1.50,4.35
2012.08.03 13:40:13.505,1.22862,1.2287,1.88,2.63
2012.08.03 13:40:13.810,1.22867,1.22873,2.17,1.50
2012.08.03 13:40:13.876,1.22869,1.22875,1.50,3.00
2012.08.03 13:40:14.187,1.22871,1.22876,1.50,1.50
2012.08.03 13:40:14.491,1.22874,1.2288,1.50,4.50
2012.08.03 13:40:14.616,1.22873,1.22879,2.48,1.50
2012.08.03 13:40:14.970,1.22866,1.22872,1.50,1.43
2012.08.03 13:40:15.397,1.22865,1.22872,1.50,4.73
2012.08.03 13:40:15.522,1.22863,1.22872,3.00,5.10
2012.08.03 13:40:15.649,1.22864,1.22872,1.50,4.35
2012.08.03 13:40:15.780,1.22863,1.22872,1.73,2.10
2012.08.03 13:40:15.845,1.22866,1.22872,1.50,1.88
2012.08.03 13:40:15.910,1.22866,1.22872,1.73,1.13
2012.08.03 13:40:16.209,1.22866,1.22874,1.73,3.30
2012.08.03 13:40:16.567,1.22867,1.22874,1.64,1.43
2012.08.03 13:40:16.808,1.22866,1.22874,2.17,2.18
2012.08.03 13:40:17.166,1.22866,1.22873,1.50,2.85
2012.08.03 13:40:17.289,1.22864,1.22872,3.14,2.18
2012.08.03 13:40:17.818,1.22864,1.22872,2.39,2.18
2012.08.03 13:40:18.463,1.22863,1.22871,2.39,1.50
2012.08.03 13:40:18.707,1.22863,1.22872,2.39,2.63
2012.08.03 13:40:19.075,1.22863,1.22872,3.14,1.88
2012.08.03 13:40:19.609,1.22863,1.22872,3.14,1.50
2012.08.03 13:40:20.370,1.22863,1.22871,3.14,1.50
2012.08.03 13:40:20.671,1.22861,1.22868,2.39,1.50
2012.08.03 13:40:21.205,1.22861,1.22868,1.64,1.50
2012.08.03 13:40:21.680,1.2286,1.22868,1.50,4.32
2012.08.03 13:40:21.863,1.22858,1.22866,3.89,3.75
2012.08.03 13:40:22.398,1.22857,1.22865,4.64,1.50
2012.08.03 13:40:22.641,1.22862,1.22868,1.79,1.50
2012.08.03 13:40:22.889,1.22864,1.2287,2.48,1.50
2012.08.03 13:40:22.959,1.22865,1.22875,1.64,3.00
2012.08.03 13:40:23.025,1.22866,1.22875,3.14,1.50
2012.08.03 13:40:23.092,1.22866,1.22873,4.73,1.50
2012.08.03 13:40:23.277,1.22867,1.22875,3.60,2.63
2012.08.03 13:40:23.544,1.22867,1.22877,3.60,2.25
2012.08.03 13:40:23.615,1.22867,1.22875,3.23,2.63
2012.08.03 13:40:23.798,1.22867,1.22873,1.50,1.50
2012.08.03 13:40:23.980,1.22867,1.22873,1.73,1.50
2012.08.03 13:40:24.106,1.22865,1.2287,1.50,1.13
2012.08.03 13:40:24.171,1.22865,1.22873,2.48,3.23
2012.08.03 13:40:24.706,1.22863,1.22871,4.50,2.99
2012.08.03 13:40:24.771,1.22866,1.22871,1.35,2.99
2012.08.03 13:40:24.895,1.22866,1.22874,2.03,2.48
2012.08.03 13:40:24.961,1.22866,1.22874,2.26,1.50
2012.08.03 13:40:25.375,1.22865,1.22873,2.33,1.49
2012.08.03 13:40:25.919,1.22865,1.22874,3.08,1.50
2012.08.03 13:40:26.220,1.22864,1.22873,1.73,1.49
2012.08.03 13:40:26.580,1.22868,1.22876,2.25,3.00
2012.08.03 13:40:26.765,1.2287,1.22878,2.25,1.49
2012.08.03 13:40:27.010,1.22873,1.2288,1.50,1.50
2012.08.03 13:40:27.430,1.22874,1.22884,2.25,8.31
2012.08.03 13:40:27.825,1.22873,1.22884,5.18,6.81
2012.08.03 13:40:28.131,1.22875,1.22884,1.50,3.60
2012.08.03 13:40:28.196,1.22874,1.22884,2.25,3.60
2012.08.03 13:40:28.261,1.22874,1.22883,2.25,1.50
2012.08.03 13:40:28.795,1.22872,1.22882,3.98,6.21
2012.08.03 13:40:28.858,1.22872,1.22879,2.48,1.50
2012.08.03 13:40:29.390,1.22871,1.22881,3.75,1.50
2012.08.03 13:40:29.812,1.22871,1.2288,3.91,1.50
2012.08.03 13:40:30.754,1.22871,1.2288,2.48,1.50
2012.08.03 13:40:30.881,1.22872,1.22882,3.23,1.50
2012.08.03 13:40:31.971,1.22874,1.22884,2.25,5.46
2012.08.03 13:40:32.329,1.22874,1.22884,3.91,3.98
2012.08.03 13:40:32.963,1.22879,1.22885,1.43,1.50
2012.08.03 13:40:33.219,1.22884,1.22889,1.13,1.50
2012.08.03 13:40:33.403,1.22883,1.22892,2.56,3.00
2012.08.03 13:40:33.645,1.2288,1.22887,2.10,1.13
2012.08.03 13:40:33.770,1.2288,1.2289,2.25,3.00
2012.08.03 13:40:33.835,1.22877,1.2289,1.50,1.68
2012.08.03 13:40:33.899,1.22877,1.22888,1.50,1.73
2012.08.03 13:40:33.968,1.22877,1.22886,3.00,1.73
2012.08.03 13:40:34.151,1.22877,1.22883,1.50,1.50
2012.08.03 13:40:34.695,1.22875,1.22884,2.93,1.35
2012.08.03 13:40:34.822,1.22874,1.22883,3.68,2.85
2012.08.03 13:40:35.181,1.22872,1.22882,3.00,3.23
2012.08.03 13:40:35.485,1.22872,1.2288,1.50,1.73
2012.08.03 13:40:35.729,1.22871,1.22878,2.25,1.50
2012.08.03 13:40:36.035,1.22869,1.22878,3.68,2.40
2012.08.03 13:40:36.159,1.22868,1.22877,2.25,1.50
2012.08.03 13:40:36.282,1.22867,1.22876,3.60,1.65
2012.08.03 13:40:36.823,1.22864,1.22877,4.50,7.28
2012.08.03 13:40:37.335,1.22859,1.2287,2.18,2.25
2012.08.03 13:40:37.951,1.22858,1.22869,4.43,3.60
2012.08.03 13:40:38.016,1.22858,1.22868,3.00,1.50
2012.08.03 13:40:38.200,1.22858,1.22868,2.25,3.38
2012.08.03 13:40:38.440,1.22857,1.22867,1.43,1.50
2012.08.03 13:40:38.970,1.22859,1.22868,1.50,3.38
2012.08.03 13:40:39.325,1.22859,1.22867,1.50,3.23
2012.08.03 13:40:39.625,1.22861,1.22869,1.50,3.98
2012.08.03 13:40:40.158,1.22862,1.2287,1.50,3.23
2012.08.03 13:40:40.754,1.22862,1.22871,1.50,4.35
2012.08.03 13:40:41.410,1.22862,1.22871,2.18,2.48
2012.08.03 13:40:41.769,1.22863,1.22871,2.18,1.73
2012.08.03 13:40:42.222,1.22865,1.22871,1.50,1.50
2012.08.03 13:40:42.294,1.22865,1.22871,2.93,1.73
2012.08.03 13:40:43.433,1.22863,1.22871,1.88,1.73
2012.08.03 13:40:43.498,1.22863,1.22871,2.56,1.73
2012.08.03 13:40:43.622,1.22863,1.22873,4.06,1.73
2012.08.03 13:40:44.153,1.22863,1.22873,4.43,2.25
2012.08.03 13:40:44.332,1.22864,1.22873,2.18,1.50
2012.08.03 13:40:44.690,1.22868,1.22877,2.25,1.50
2012.08.03 13:40:44.811,1.22868,1.22878,4.50,1.50
2012.08.03 13:40:45.341,1.22867,1.22877,3.75,1.73
2012.08.03 13:40:46.283,1.22869,1.22879,2.48,2.48
2012.08.03 13:40:47.102,1.2287,1.22881,1.50,4.35
2012.08.03 13:40:47.640,1.22869,1.22879,5.18,1.73
2012.08.03 13:40:49.994,1.22869,1.22876,4.50,2.25
2012.08.03 13:40:50.354,1.22861,1.2287,2.18,2.10
2012.08.03 13:40:50.478,1.22866,1.22872,1.50,3.23
2012.08.03 13:40:50.602,1.22864,1.2287,1.50,1.88
2012.08.03 13:40:50.727,1.22861,1.22869,3.53,1.50
2012.08.03 13:40:51.379,1.22862,1.22872,3.68,1.73
2012.08.03 13:40:51.503,1.22865,1.22873,1.50,3.23
2012.08.03 13:40:51.568,1.22865,1.22873,1.50,3.23
2012.08.03 13:40:52.374,1.22868,1.22875,1.50,3.23
2012.08.03 13:40:52.910,1.22867,1.22875,2.18,3.98
2012.08.03 13:40:53.792,1.22865,1.22872,2.93,1.50
2012.08.03 13:40:53.856,1.22865,1.22872,1.50,2.25
2012.08.03 13:40:53.922,1.22861,1.22868,5.16,1.50
2012.08.03 13:40:53.986,1.22861,1.22868,3.66,1.73
2012.08.03 13:40:54.351,1.22862,1.2287,1.50,3.60
2012.08.03 13:40:54.532,1.22861,1.2287,1.43,4.35
2012.08.03 13:40:54.658,1.22862,1.2287,1.50,4.13
2012.08.03 13:40:55.191,1.2286,1.22868,5.03,1.50
2012.08.03 13:40:55.375,1.22863,1.22871,2.18,1.50
2012.08.03 13:40:55.439,1.22863,1.22873,2.18,3.75
2012.08.03 13:40:55.799,1.22863,1.22873,2.93,3.23
2012.08.03 13:40:56.198,1.22862,1.2287,1.50,1.73
2012.08.03 13:40:56.712,1.22862,1.2287,1.50,1.73
2012.08.03 13:40:57.015,1.22865,1.22873,2.18,1.73
2012.08.03 13:40:57.139,1.22866,1.22875,1.43,1.73
2012.08.03 13:40:57.204,1.22868,1.22876,1.50,1.73
2012.08.03 13:40:57.747,1.22866,1.22874,2.18,1.73
2012.08.03 13:40:58.313,1.22866,1.22874,1.50,1.73
2012.08.03 13:40:58.438,1.22864,1.2287,1.43,1.50
2012.08.03 13:40:58.973,1.22862,1.2287,3.68,1.73
2012.08.03 13:40:59.504,1.22864,1.22872,2.18,1.50
2012.08.03 13:41:00.068,1.22864,1.22872,2.18,1.73
2012.08.03 13:41:00.835,1.22863,1.22873,3.68,2.48
2012.08.03 13:41:01.244,1.22863,1.2287,2.25,1.50
2012.08.03 13:41:03.021,1.22864,1.22871,1.50,1.50
2012.08.03 13:41:03.440,1.22864,1.22874,1.50,1.50
2012.08.03 13:41:03.924,1.22871,1.22877,2.18,2.48
2012.08.03 13:41:04.284,1.22871,1.22877,2.18,1.50
2012.08.03 13:41:04.817,1.22871,1.22878,2.18,1.73
2012.08.03 13:41:05.424,1.2287,1.22877,2.93,1.50
2012.08.03 13:41:07.836,1.22871,1.22878,1.50,2.85
2012.08.03 13:41:08.199,1.22869,1.22877,2.93,1.73
2012.08.03 13:41:08.263,1.22869,1.22877,3.68,1.73
2012.08.03 13:41:08.509,1.2287,1.22877,1.50,1.73
2012.08.03 13:41:08.870,1.2287,1.22879,1.50,2.48
2012.08.03 13:41:09.224,1.22872,1.22879,1.50,2.48
2012.08.03 13:41:09.767,1.22872,1.2288,1.50,3.60
2012.08.03 13:41:11.183,1.2287,1.22878,5.63,1.73
2012.08.03 13:41:11.689,1.22872,1.22878,1.43,1.73
2012.08.03 13:41:12.227,1.2287,1.22876,1.50,1.50
2012.08.03 13:41:12.704,1.22876,1.22881,1.50,1.13
2012.08.03 13:41:12.885,1.22874,1.22881,1.50,1.13
2012.08.03 13:41:13.421,1.22874,1.22881,2.25,2.63
2012.08.03 13:41:13.487,1.22872,1.2288,2.18,2.48
2012.08.03 13:41:14.428,1.2287,1.2288,2.25,1.73
2012.08.03 13:41:14.733,1.2287,1.2288,1.73,5.10
2012.08.03 13:41:15.137,1.22872,1.22881,1.43,2.10
2012.08.03 13:41:15.560,1.22872,1.2288,1.50,2.85
2012.08.03 13:41:16.092,1.22872,1.2288,1.73,1.35
2012.08.03 13:41:16.568,1.22872,1.22881,3.16,1.35
2012.08.03 13:41:16.698,1.22872,1.22887,2.93,4.89
2012.08.03 13:41:16.943,1.22877,1.22885,2.85,1.50
2012.08.03 13:41:17.252,1.22877,1.22882,1.50,1.50
2012.08.03 13:41:17.553,1.22875,1.22883,2.41,2.48
2012.08.03 13:41:17.735,1.22874,1.22881,1.50,1.73
2012.08.03 13:41:18.156,1.22873,1.2288,1.50,1.73
2012.08.03 13:41:18.339,1.22871,1.2288,2.41,2.48
2012.08.03 13:41:19.702,1.22871,1.22879,1.73,1.35
2012.08.03 13:41:20.238,1.22868,1.22877,5.25,3.23
2012.08.03 13:41:20.365,1.22867,1.22876,1.73,1.88
2012.08.03 13:41:20.491,1.22865,1.22872,1.50,1.50
2012.08.03 13:41:20.557,1.22865,1.22872,1.50,1.50
2012.08.03 13:41:20.741,1.22864,1.22873,2.41,2.85
2012.08.03 13:41:21.279,1.22867,1.22874,1.50,1.50
2012.08.03 13:41:21.933,1.22867,1.22874,1.50,1.50
2012.08.03 13:41:22.057,1.22867,1.22877,3.00,2.48
2012.08.03 13:41:22.181,1.22867,1.22877,3.75,1.73
2012.08.03 13:41:22.717,1.22869,1.22877,1.73,2.48
2012.08.03 13:41:23.424,1.2287,1.22879,1.50,4.35
2012.08.03 13:41:23.870,1.22868,1.22878,2.48,6.60
2012.08.03 13:41:24.821,1.22868,1.22878,2.48,5.10
2012.08.03 13:41:25.354,1.22871,1.22879,1.50,5.10
2012.08.03 13:41:25.886,1.22869,1.22878,1.73,2.48
2012.08.03 13:41:26.413,1.22874,1.22881,1.50,5.85
2012.08.03 13:41:26.717,1.22878,1.22884,2.93,1.50
2012.08.03 13:41:26.959,1.22878,1.22884,3.00,1.50
2012.08.03 13:41:27.024,1.22878,1.2289,3.91,5.10
2012.08.03 13:41:27.557,1.22878,1.22888,4.43,2.48
2012.08.03 13:41:30.366,1.2288,1.22889,1.50,3.23
2012.08.03 13:41:31.357,1.2288,1.22889,1.50,3.75
2012.08.03 13:41:31.481,1.22879,1.22887,2.18,1.50
2012.08.03 13:41:32.136,1.22879,1.22887,2.93,1.50
2012.08.03 13:41:33.008,1.22879,1.22885,2.18,1.50
2012.08.03 13:41:33.192,1.22879,1.22888,1.43,1.50
2012.08.03 13:41:33.432,1.22879,1.22889,2.41,3.00
2012.08.03 13:41:33.963,1.22881,1.22889,4.43,1.50
2012.08.03 13:41:34.496,1.22881,1.22891,5.76,1.73
2012.08.03 13:41:34.912,1.22881,1.22891,4.66,1.73
2012.08.03 13:41:35.214,1.22882,1.22893,3.60,2.25
2012.08.03 13:41:35.458,1.22891,1.22897,1.66,1.50
2012.08.03 13:41:35.522,1.22891,1.22899,2.41,1.50
2012.08.03 13:41:35.762,1.22891,1.229,3.91,1.35
2012.08.03 13:41:36.317,1.22889,1.22899,5.93,1.73
2012.08.03 13:41:37.139,1.22892,1.229,1.50,3.60
2012.08.03 13:41:37.846,1.2289,1.22896,2.25,1.50
2012.08.03 13:41:38.393,1.2289,1.22899,2.10,1.50
2012.08.03 13:41:38.795,1.22895,1.22903,3.23,3.00
2012.08.03 13:41:38.867,1.22896,1.22906,1.50,2.25
2012.08.03 13:41:38.934,1.22902,1.22912,2.25,2.10
2012.08.03 13:41:39.180,1.22902,1.22911,2.25,1.73
2012.08.03 13:41:39.303,1.22903,1.22912,2.25,2.10
2012.08.03 13:41:39.610,1.22903,1.22913,1.35,3.23
2012.08.03 13:41:39.923,1.22906,1.22913,1.50,1.50
2012.08.03 13:41:40.253,1.22906,1.22916,2.25,2.25
2012.08.03 13:41:40.327,1.22909,1.22915,2.85,3.00
2012.08.03 13:41:40.577,1.2291,1.22916,1.50,2.63
2012.08.03 13:41:40.642,1.22917,1.22923,1.31,2.22
2012.08.03 13:41:40.767,1.22913,1.22922,2.98,1.28
2012.08.03 13:41:41.063,1.22913,1.22922,3.13,1.35
2012.08.03 13:41:41.308,1.22916,1.22924,2.93,1.50
2012.08.03 13:41:41.492,1.22916,1.22925,2.40,2.48
2012.08.03 13:41:42.001,1.22916,1.22924,2.18,4.73
2012.08.03 13:41:42.372,1.22915,1.22922,2.18,1.50
2012.08.03 13:41:42.613,1.22915,1.22924,2.18,1.50
2012.08.03 13:41:42.919,1.22917,1.22925,3.83,1.50
2012.08.03 13:41:43.044,1.22917,1.22924,3.15,1.50
2012.08.03 13:41:43.108,1.22917,1.22924,2.40,2.63
2012.08.03 13:41:43.173,1.22915,1.22923,2.86,2.10
2012.08.03 13:41:43.355,1.22915,1.22922,2.86,2.48
2012.08.03 13:41:44.759,1.22914,1.22923,2.18,1.35
2012.08.03 13:41:45.177,1.22913,1.2292,1.50,1.35
2012.08.03 13:41:45.710,1.22912,1.22919,3.00,1.50
2012.08.03 13:41:46.131,1.22914,1.22919,1.50,1.50
2012.08.03 13:41:46.255,1.22914,1.22921,2.25,2.48
2012.08.03 13:41:46.790,1.22916,1.22924,1.73,1.50
2012.08.03 13:41:46.914,1.22919,1.22926,1.66,2.48
2012.08.03 13:41:47.225,1.22914,1.22922,3.98,3.38
2012.08.03 13:41:47.351,1.22914,1.2292,1.50,2.48
2012.08.03 13:41:47.593,1.22911,1.22919,3.75,1.73
2012.08.03 13:41:47.657,1.22911,1.22919,3.68,1.73
2012.08.03 13:41:47.841,1.22913,1.22921,1.43,1.73
2012.08.03 13:41:48.200,1.22914,1.22922,2.18,3.23
2012.08.03 13:41:49.099,1.2291,1.22917,3.23,1.50
2012.08.03 13:41:49.165,1.22909,1.22915,1.66,1.50
2012.08.03 13:41:49.586,1.22905,1.22912,3.91,1.50
2012.08.03 13:41:49.827,1.22906,1.22915,1.43,2.48
2012.08.03 13:41:49.892,1.22908,1.22915,1.50,1.73
2012.08.03 13:41:50.197,1.22911,1.22919,1.50,3.23
2012.08.03 13:41:50.385,1.22912,1.22917,1.50,1.50
2012.08.03 13:41:50.696,1.22912,1.22921,3.00,3.00
2012.08.03 13:41:51.016,1.22917,1.22923,6.01,1.50
2012.08.03 13:41:51.201,1.22919,1.22924,1.73,1.50
2012.08.03 13:41:51.323,1.22919,1.22927,2.41,3.75
2012.08.03 13:41:51.859,1.22918,1.22928,2.25,2.48
2012.08.03 13:41:52.045,1.22919,1.22927,1.43,2.25
2012.08.03 13:41:52.582,1.22921,1.2293,2.93,1.35
2012.08.03 13:41:53.232,1.2292,1.22928,1.50,3.42
2012.08.03 13:41:53.298,1.22918,1.22925,3.16,1.50
2012.08.03 13:41:53.840,1.22917,1.22925,1.43,2.03
2012.08.03 13:41:54.513,1.22915,1.22925,5.18,2.25
2012.08.03 13:41:54.582,1.22915,1.22925,5.18,3.00
2012.08.03 13:41:54.886,1.22916,1.22925,2.18,3.38
2012.08.03 13:41:57.046,1.22916,1.22923,2.18,1.88
2012.08.03 13:41:57.112,1.22914,1.22922,2.25,3.38
2012.08.03 13:41:57.237,1.22914,1.22922,1.50,6.38
2012.08.03 13:41:57.597,1.2291,1.22916,1.50,1.58
2012.08.03 13:41:57.663,1.2291,1.22916,1.50,2.33
2012.08.03 13:41:57.728,1.22906,1.22914,3.00,2.40
2012.08.03 13:41:57.855,1.22905,1.22915,2.93,3.00
2012.08.03 13:41:57.980,1.22902,1.22911,4.36,1.73
2012.08.03 13:41:58.504,1.22904,1.22912,2.18,1.50
2012.08.03 13:41:58.634,1.22904,1.22912,2.93,3.75
2012.08.03 13:41:58.935,1.22902,1.22911,3.16,1.73
2012.08.03 13:41:59.238,1.22904,1.22913,3.68,2.78
2012.08.03 13:41:59.302,1.22905,1.22915,2.93,3.60
2012.08.03 13:41:59.368,1.22905,1.22915,2.93,3.38
2012.08.03 13:42:00.016,1.22908,1.22915,2.18,2.25
2012.08.03 13:42:00.082,1.22908,1.22917,2.18,2.25
2012.08.03 13:42:00.268,1.2291,1.22918,3.68,1.50
2012.08.03 13:42:00.567,1.22911,1.22921,2.93,5.40
2012.08.03 13:42:01.101,1.22911,1.22921,2.93,4.13
2012.08.03 13:42:01.633,1.22912,1.2292,2.18,1.50
2012.08.03 13:42:01.755,1.2291,1.2292,2.25,1.88
2012.08.03 13:42:01.880,1.22912,1.22917,1.50,1.88
2012.08.03 13:42:02.063,1.22908,1.22916,1.13,1.50
2012.08.03 13:42:02.626,1.22907,1.22915,3.68,1.50
2012.08.03 13:42:03.044,1.22909,1.22915,3.00,1.50
2012.08.03 13:42:03.597,1.22909,1.22917,2.93,1.50
2012.08.03 13:42:04.189,1.22911,1.22917,2.18,3.00
2012.08.03 13:42:04.685,1.22911,1.22919,2.18,3.00
2012.08.03 13:42:06.606,1.22909,1.22919,4.52,2.10
2012.08.03 13:42:06.729,1.22909,1.22919,4.52,1.73
2012.08.03 13:42:07.089,1.22912,1.22921,1.73,3.75
2012.08.03 13:42:07.390,1.22916,1.22921,2.25,3.00
2012.08.03 13:42:07.455,1.22917,1.22922,2.25,1.50
2012.08.03 13:42:08.030,1.22914,1.2292,2.48,1.50
2012.08.03 13:42:08.213,1.22914,1.2292,2.41,1.50
2012.08.03 13:42:08.278,1.22912,1.22918,3.23,1.50
2012.08.03 13:42:08.820,1.22912,1.22919,4.73,1.50
2012.08.03 13:42:09.355,1.22914,1.2292,1.43,1.50
2012.08.03 13:42:09.889,1.22913,1.2292,1.43,1.50
2012.08.03 13:42:10.426,1.22912,1.2292,4.66,1.50
2012.08.03 13:42:10.670,1.22916,1.22921,2.10,2.63
2012.08.03 13:42:10.977,1.22919,1.22925,1.43,2.25
2012.08.03 13:42:11.279,1.22919,1.22925,1.50,3.00
2012.08.03 13:42:11.463,1.22919,1.22928,2.93,1.50
2012.08.03 13:42:12.014,1.22919,1.22925,1.50,1.13
2012.08.03 13:42:12.212,1.22918,1.22923,2.25,1.50
2012.08.03 13:42:12.580,1.22915,1.22923,2.25,1.35
2012.08.03 13:42:12.824,1.22915,1.22923,3.00,2.85
2012.08.03 13:42:13.367,1.22915,1.22923,3.68,1.73
2012.08.03 13:42:13.491,1.22915,1.22923,4.66,1.50
2012.08.03 13:42:13.852,1.22917,1.22926,1.50,2.85
2012.08.03 13:42:14.098,1.2292,1.22928,2.25,1.73
2012.08.03 13:42:14.163,1.2292,1.2293,4.50,4.20
2012.08.03 13:42:14.467,1.22923,1.22931,2.25,4.35
2012.08.03 13:42:15.000,1.22923,1.22931,2.25,2.85
2012.08.03 13:42:16.127,1.22924,1.22931,1.50,1.35
2012.08.03 13:42:16.965,1.22922,1.22932,5.25,2.85
2012.08.03 13:42:17.088,1.22925,1.22932,1.50,1.35
2012.08.03 13:42:17.448,1.22927,1.22936,3.08,1.35
2012.08.03 13:42:17.987,1.22932,1.22937,3.00,1.13
2012.08.03 13:42:18.053,1.22932,1.22937,3.75,1.13
2012.08.03 13:42:18.646,1.22932,1.2294,2.25,1.28
2012.08.03 13:42:18.827,1.22932,1.2294,2.25,1.35
2012.08.03 13:42:19.361,1.22931,1.22939,3.68,1.73
2012.08.03 13:42:19.545,1.22933,1.2294,1.50,4.43
2012.08.03 13:42:20.079,1.22929,1.22937,6.98,1.73
2012.08.03 13:42:20.151,1.22928,1.22936,4.66,1.73
2012.08.03 13:42:20.533,1.22929,1.22936,1.73,1.50
2012.08.03 13:42:20.599,1.22928,1.22937,5.41,2.48
2012.08.03 13:42:20.785,1.22927,1.22934,1.50,1.35
2012.08.03 13:42:20.851,1.22925,1.22933,4.66,1.50
2012.08.03 13:42:20.975,1.22925,1.22931,2.41,1.50
2012.08.03 13:42:21.451,1.22923,1.22931,4.50,3.00
2012.08.03 13:42:21.760,1.22924,1.2293,1.35,1.50
2012.08.03 13:42:21.824,1.22924,1.2293,3.60,2.25
2012.08.03 13:42:22.130,1.22919,1.22924,1.50,1.50
2012.08.03 13:42:22.253,1.22924,1.22929,2.10,1.50
2012.08.03 13:42:22.498,1.22925,1.22932,1.88,1.13
2012.08.03 13:42:22.679,1.22923,1.2293,1.50,1.50
2012.08.03 13:42:22.920,1.22922,1.2293,3.23,1.50
2012.08.03 13:42:23.102,1.22922,1.22932,2.25,2.48
2012.08.03 13:42:23.409,1.22924,1.22933,3.83,1.50
2012.08.03 13:42:23.592,1.22923,1.22936,4.20,1.69
2012.08.03 13:42:23.658,1.22926,1.22935,1.66,2.10
2012.08.03 13:42:24.072,1.22927,1.22936,2.93,3.23
2012.08.03 13:42:24.374,1.2293,1.22936,3.23,1.32
2012.08.03 13:42:24.916,1.22936,1.22944,2.41,2.25
2012.08.03 13:42:24.980,1.22936,1.22943,2.41,1.50
2012.08.03 13:42:25.511,1.22936,1.22943,3.16,2.18
2012.08.03 13:42:26.048,1.22936,1.22943,3.16,1.50
2012.08.03 13:42:26.850,1.22936,1.22943,2.93,1.50
2012.08.03 13:42:27.387,1.22937,1.22944,1.43,1.50
2012.08.03 13:42:28.386,1.22936,1.22942,1.66,1.50
2012.08.03 13:42:28.918,1.22936,1.22944,1.50,4.05
2012.08.03 13:42:29.269,1.22938,1.22949,3.16,2.25
2012.08.03 13:42:29.627,1.2294,1.22949,1.73,1.13
2012.08.03 13:42:30.159,1.22938,1.22949,3.91,1.80
2012.08.03 13:42:30.459,1.2294,1.22949,1.66,2.18
2012.08.03 13:42:30.761,1.22942,1.22953,3.91,2.25
2012.08.03 13:42:30.826,1.22942,1.2295,3.91,2.25
2012.08.03 13:42:31.360,1.22943,1.2295,2.25,1.50
2012.08.03 13:42:31.691,1.22943,1.22953,2.41,3.75
2012.08.03 13:42:31.998,1.22951,1.22958,2.18,3.75
2012.08.03 13:42:32.305,1.22952,1.22961,1.73,1.50
2012.08.03 13:42:32.841,1.22952,1.22962,6.08,3.38
2012.08.03 13:42:33.197,1.22954,1.22964,3.66,1.50
2012.08.03 13:42:33.268,1.22956,1.22965,3.00,1.50
2012.08.03 13:42:33.804,1.22957,1.22965,1.73,2.10
2012.08.03 13:42:33.869,1.22957,1.2297,1.50,3.00
2012.08.03 13:42:33.996,1.22957,1.2297,2.93,1.73
2012.08.03 13:42:34.356,1.22961,1.2297,2.18,3.60
2012.08.03 13:42:34.890,1.22961,1.2297,1.43,2.63
2012.08.03 13:42:35.192,1.22964,1.2297,2.10,4.50
2012.08.03 13:42:35.498,1.22964,1.22973,1.73,1.50
2012.08.03 13:42:35.684,1.22967,1.22972,1.48,1.50
2012.08.03 13:42:35.751,1.22967,1.22975,3.16,1.50
2012.08.03 13:42:35.937,1.22969,1.22975,1.73,2.25
2012.08.03 13:42:36.122,1.22968,1.22978,4.66,1.35
2012.08.03 13:42:36.641,1.22971,1.22978,3.68,1.50
2012.08.03 13:42:36.765,1.22971,1.2298,3.91,1.50
2012.08.03 13:42:37.068,1.22973,1.2298,2.93,3.04
2012.08.03 13:42:37.373,1.22976,1.22982,2.48,1.13
2012.08.03 13:42:37.857,1.22972,1.22981,1.73,1.54
2012.08.03 13:42:38.393,1.22973,1.22981,1.65,2.63
2012.08.03 13:42:39.331,1.22973,1.22981,1.65,4.32
2012.08.03 13:42:39.458,1.2297,1.22978,4.36,1.69
2012.08.03 13:42:39.588,1.2297,1.22975,1.43,1.13
2012.08.03 13:42:39.713,1.22968,1.22975,2.86,1.50
2012.08.03 13:42:39.836,1.22968,1.22977,3.08,2.10
2012.08.03 13:42:40.139,1.22968,1.22978,1.50,4.50
2012.08.03 13:42:40.655,1.22969,1.2298,1.50,2.07
2012.08.03 13:42:40.721,1.22969,1.22975,1.50,2.85
2012.08.03 13:42:40.845,1.22968,1.22975,2.40,2.25
2012.08.03 13:42:40.972,1.22964,1.22972,1.73,1.13
2012.08.03 13:42:41.392,1.22965,1.22974,1.71,1.35
2012.08.03 13:42:41.693,1.2297,1.22981,1.66,2.25
2012.08.03 13:42:42.227,1.22971,1.22979,3.16,1.50
2012.08.03 13:42:42.761,1.22972,1.2298,2.48,1.13
2012.08.03 13:42:43.297,1.22972,1.2298,1.73,2.63
2012.08.03 13:42:43.836,1.22974,1.22983,5.83,1.35
2012.08.03 13:42:43.961,1.22974,1.22983,5.46,1.73
2012.08.03 13:42:44.321,1.22974,1.2298,1.73,1.13
2012.08.03 13:42:44.780,1.22971,1.22979,3.16,1.50
2012.08.03 13:42:45.024,1.22971,1.22976,2.25,2.63
2012.08.03 13:42:45.150,1.22969,1.22976,1.73,1.73
2012.08.03 13:42:45.215,1.22972,1.22977,1.50,1.73
2012.08.03 13:42:45.280,1.2297,1.22975,1.50,1.88
2012.08.03 13:42:45.466,1.22971,1.22977,1.73,1.88
2012.08.03 13:42:45.765,1.22973,1.2298,1.50,2.10
2012.08.03 13:42:45.829,1.22973,1.2298,1.73,1.88
2012.08.03 13:42:46.313,1.22972,1.22978,2.48,2.10
2012.08.03 13:42:46.498,1.22971,1.22976,1.43,1.73
2012.08.03 13:42:46.562,1.22968,1.22979,5.99,2.63
2012.08.03 13:42:46.805,1.22968,1.22978,2.78,2.63
2012.08.03 13:42:47.045,1.22969,1.22978,1.73,1.88
2012.08.03 13:42:47.169,1.22968,1.22973,4.50,1.13
2012.08.03 13:42:47.352,1.22968,1.22973,2.25,1.13
2012.08.03 13:42:47.595,1.22968,1.22976,1.73,1.50
2012.08.03 13:42:47.660,1.22969,1.22978,2.48,2.63
2012.08.03 13:42:47.726,1.2297,1.22978,5.33,1.88
2012.08.03 13:42:47.793,1.22971,1.22981,2.41,1.50
2012.08.03 13:42:48.092,1.22974,1.22981,1.50,2.25
2012.08.03 13:42:49.561,1.22971,1.22981,3.91,3.38
2012.08.03 13:42:49.866,1.22969,1.22979,3.16,1.50
2012.08.03 13:42:50.228,1.22969,1.22978,2.93,1.50
2012.08.03 13:42:50.529,1.22968,1.22975,1.43,1.50
2012.08.03 13:42:50.835,1.22964,1.22972,2.41,1.50
2012.08.03 13:42:51.137,1.22968,1.22974,1.43,2.25
2012.08.03 13:42:51.911,1.22968,1.22975,1.43,2.25
2012.08.03 13:42:51.979,1.22969,1.22978,3.53,1.50
2012.08.03 13:42:52.335,1.22974,1.2298,1.73,2.25
2012.08.03 13:42:52.865,1.22974,1.22982,1.50,2.25
2012.08.03 13:42:52.989,1.22974,1.22982,1.73,1.50
2012.08.03 13:42:53.404,1.22974,1.22982,1.50,2.25
2012.08.03 13:42:53.468,1.22974,1.22982,1.73,2.25
2012.08.03 13:42:53.825,1.22976,1.22985,2.18,2.85
2012.08.03 13:42:54.013,1.22978,1.22986,2.18,3.83
2012.08.03 13:42:54.320,1.2298,1.22988,1.50,3.23
2012.08.03 13:42:54.859,1.22979,1.22987,3.91,1.50
2012.08.03 13:42:54.926,1.22979,1.22987,1.66,1.50
2012.08.03 13:42:54.990,1.22979,1.22988,1.66,3.75
2012.08.03 13:42:56.288,1.22979,1.22987,3.16,3.38
2012.08.03 13:42:57.282,1.22979,1.22984,1.50,1.13
2012.08.03 13:42:57.362,1.22978,1.22986,3.91,1.50
2012.08.03 13:42:57.429,1.22978,1.22986,3.16,1.50
2012.08.03 13:42:57.613,1.22979,1.22988,3.16,2.63
2012.08.03 13:42:57.853,1.22979,1.22986,2.48,1.13
2012.08.03 13:42:59.386,1.22978,1.22986,1.73,2.82
2012.08.03 13:42:59.818,1.22975,1.22984,5.41,1.13
2012.08.03 13:42:59.945,1.22976,1.22982,1.73,1.13
2012.08.03 13:43:00.250,1.22972,1.2298,3.75,3.60
2012.08.03 13:43:00.611,1.22969,1.22976,2.48,1.50
2012.08.03 13:43:00.799,1.2297,1.22976,2.48,1.50
2012.08.03 13:43:00.863,1.22971,1.22976,1.50,1.50
2012.08.03 13:43:01.894,1.22967,1.22974,1.73,1.50
2012.08.03 13:43:01.959,1.22967,1.22974,1.50,2.48
2012.08.03 13:43:02.024,1.22964,1.2297,1.50,1.50
2012.08.03 13:43:02.328,1.22963,1.22969,1.50,1.50
2012.08.03 13:43:02.571,1.22962,1.22969,1.73,1.50
2012.08.03 13:43:03.107,1.22963,1.22969,1.50,1.50
2012.08.03 13:43:03.650,1.22961,1.22969,5.33,1.50
2012.08.03 13:43:03.715,1.22961,1.22969,3.83,3.57
2012.08.03 13:43:03.781,1.22961,1.22969,4.35,4.32
2012.08.03 13:43:03.848,1.22959,1.22964,1.50,1.73
2012.08.03 13:43:04.393,1.22958,1.22965,1.73,2.25
2012.08.03 13:43:04.691,1.22959,1.22967,2.48,1.50
2012.08.03 13:43:04.823,1.2296,1.22967,2.48,1.50
2012.08.03 13:43:04.888,1.2296,1.22969,4.73,1.50
2012.08.03 13:43:05.012,1.2296,1.2297,4.73,1.50
2012.08.03 13:43:05.550,1.22961,1.2297,1.73,1.50
2012.08.03 13:43:06.038,1.2296,1.22967,1.50,1.50
2012.08.03 13:43:06.589,1.22959,1.22967,3.23,1.50
2012.08.03 13:43:06.896,1.22958,1.22965,3.00,1.50
2012.08.03 13:43:07.434,1.22958,1.22966,3.00,1.50
2012.08.03 13:43:07.558,1.2296,1.22968,1.50,2.48
2012.08.03 13:43:07.979,1.22957,1.22967,6.23,2.48
2012.08.03 13:43:08.106,1.2296,1.22968,1.50,3.23
2012.08.03 13:43:08.974,1.22963,1.22968,1.73,1.50
2012.08.03 13:43:09.046,1.22964,1.22972,2.25,2.85
2012.08.03 13:43:09.579,1.22964,1.22972,1.50,1.73
2012.08.03 13:43:10.230,1.22966,1.22974,1.50,5.10
2012.08.03 13:43:10.352,1.22963,1.22973,2.48,2.48
2012.08.03 13:43:10.766,1.22963,1.22973,3.98,2.48
2012.08.03 13:43:11.005,1.22963,1.22973,3.98,2.48
2012.08.03 13:43:11.542,1.22962,1.2297,3.00,1.50
2012.08.03 13:43:11.848,1.2296,1.22968,2.25,3.23
2012.08.03 13:43:12.033,1.22958,1.22966,2.25,2.48
2012.08.03 13:43:12.276,1.22956,1.22962,5.25,1.13
2012.08.03 13:43:12.459,1.22956,1.22962,2.25,1.13
2012.08.03 13:43:13.160,1.22955,1.22964,3.00,1.65
2012.08.03 13:43:13.232,1.22955,1.22964,1.50,3.15
2012.08.03 13:43:13.297,1.22954,1.22962,2.25,1.50
2012.08.03 13:43:15.579,1.22953,1.2296,3.98,1.50
2012.08.03 13:43:16.059,1.22953,1.22962,3.98,1.50
2012.08.03 13:43:16.296,1.22954,1.22962,1.73,1.50
2012.08.03 13:43:16.709,1.22953,1.22959,3.23,1.50
2012.08.03 13:43:16.773,1.22953,1.22959,3.23,1.50
2012.08.03 13:43:17.309,1.22952,1.22959,1.73,1.73
2012.08.03 13:43:17.672,1.22956,1.22962,1.50,1.50
2012.08.03 13:43:18.120,1.22953,1.22963,2.25,4.28
2012.08.03 13:43:20.469,1.22953,1.22959,1.50,1.32
2012.08.03 13:43:20.536,1.22952,1.22957,2.25,1.35
2012.08.03 13:43:20.842,1.22945,1.22955,2.98,3.60
2012.08.03 13:43:21.026,1.2295,1.22956,1.50,2.25
2012.08.03 13:43:21.148,1.2295,1.22956,1.50,1.50
2012.08.03 13:43:21.333,1.22947,1.22956,2.25,3.98
2012.08.03 13:43:21.873,1.22946,1.22954,1.73,1.73
2012.08.03 13:43:22.410,1.22946,1.22954,2.25,5.10
2012.08.03 13:43:22.778,1.22942,1.2295,3.98,1.50
2012.08.03 13:43:23.257,1.22943,1.22953,4.13,3.23
2012.08.03 13:43:23.501,1.22946,1.22954,2.25,3.60
2012.08.03 13:43:24.035,1.22946,1.22954,1.50,1.73
2012.08.03 13:43:24.100,1.22948,1.22956,1.50,1.73
2012.08.03 13:43:25.229,1.22948,1.22956,2.25,1.73
2012.08.03 13:43:25.770,1.2295,1.22958,1.50,3.60
2012.08.03 13:43:26.069,1.22947,1.22957,2.93,2.48
2012.08.03 13:43:27.270,1.22949,1.22956,1.50,1.50
2012.08.03 13:43:27.803,1.22948,1.22956,2.25,2.48
2012.08.03 13:43:28.686,1.22946,1.22954,2.41,1.73
2012.08.03 13:43:28.750,1.22947,1.22954,1.50,1.50
2012.08.03 13:43:28.874,1.22946,1.22954,2.41,1.73
2012.08.03 13:43:29.344,1.22946,1.22954,3.16,1.50
2012.08.03 13:43:29.468,1.22946,1.22954,2.41,1.73
2012.08.03 13:43:29.833,1.22949,1.22954,1.50,1.88
2012.08.03 13:43:30.137,1.22946,1.22954,1.50,2.48
2012.08.03 13:43:30.673,1.22946,1.22956,2.93,3.98
2012.08.03 13:43:30.966,1.22946,1.22956,2.93,2.48
2012.08.03 13:43:31.454,1.22949,1.22957,1.50,4.35
2012.08.03 13:43:31.812,1.22947,1.22955,1.50,1.73
2012.08.03 13:43:32.925,1.22947,1.22955,1.50,2.48
2012.08.03 13:43:33.108,1.22949,1.22956,1.50,1.73
2012.08.03 13:43:33.523,1.22946,1.22956,2.93,3.23
2012.08.03 13:43:33.878,1.22945,1.22953,3.91,1.73
2012.08.03 13:43:36.779,1.22946,1.22953,1.43,1.73
2012.08.03 13:43:37.080,1.22948,1.22953,1.43,1.73
2012.08.03 13:43:37.322,1.22948,1.22957,1.43,2.10
2012.08.03 13:43:37.512,1.22949,1.2296,2.18,3.98
2012.08.03 13:43:37.697,1.22948,1.22957,3.91,1.35
2012.08.03 13:43:37.822,1.22948,1.22957,2.18,2.10
2012.08.03 13:43:38.179,1.22944,1.22956,3.83,2.48
2012.08.03 13:43:38.364,1.22945,1.22954,1.66,2.85
2012.08.03 13:43:38.788,1.22942,1.22951,1.73,2.85
2012.08.03 13:43:39.325,1.22941,1.22951,2.48,3.60
2012.08.03 13:43:39.685,1.2294,1.22951,5.78,2.85
2012.08.03 13:43:40.221,1.22942,1.22951,1.43,2.85
2012.08.03 13:43:40.898,1.22941,1.22951,1.43,3.60
2012.08.03 13:43:41.295,1.22944,1.22951,1.50,1.35
2012.08.03 13:43:42.366,1.22941,1.22949,1.50,1.88
2012.08.03 13:43:42.550,1.22941,1.2295,2.93,2.48
2012.08.03 13:43:43.080,1.22941,1.2295,3.68,2.48
2012.08.03 13:43:43.615,1.22941,1.2295,2.93,2.48
2012.08.03 13:43:43.796,1.2294,1.2295,3.83,3.23
2012.08.03 13:43:44.097,1.22936,1.22941,2.63,1.35
2012.08.03 13:43:44.341,1.22936,1.22942,2.63,2.25
2012.08.03 13:43:44.466,1.22933,1.2294,1.50,1.73
2012.08.03 13:43:44.531,1.22932,1.2294,1.50,3.23
2012.08.03 13:43:44.833,1.2293,1.22939,1.43,3.23
2012.08.03 13:43:44.897,1.2293,1.22939,1.43,4.73
2012.08.03 13:43:45.435,1.22929,1.22939,3.91,3.23
2012.08.03 13:43:45.557,1.2293,1.22939,1.50,3.98
2012.08.03 13:43:46.162,1.2293,1.22938,1.50,2.48
2012.08.03 13:43:46.699,1.2293,1.22935,1.50,1.13
2012.08.03 13:43:46.884,1.22927,1.22936,2.48,2.48
2012.08.03 13:43:47.185,1.2293,1.22935,1.50,1.50
2012.08.03 13:43:47.310,1.22925,1.22932,1.50,1.73
2012.08.03 13:43:47.609,1.22927,1.22933,1.50,2.10
2012.08.03 13:43:48.147,1.2292,1.22932,6.60,2.10
2012.08.03 13:43:48.332,1.22927,1.22934,1.50,2.48
2012.08.03 13:43:48.573,1.22927,1.22934,1.50,3.75
2012.08.03 13:43:49.171,1.22924,1.22932,1.50,2.85
2012.08.03 13:43:49.703,1.22924,1.22932,2.25,1.13
2012.08.03 13:43:49.769,1.22924,1.22933,3.00,1.73
2012.08.03 13:43:49.956,1.22929,1.22936,1.50,4.73
2012.08.03 13:43:50.349,1.2293,1.22936,1.50,1.35
2012.08.03 13:43:50.651,1.22927,1.22938,2.18,6.23
2012.08.03 13:43:50.716,1.22928,1.22936,2.18,1.73
2012.08.03 13:43:51.247,1.22929,1.22939,1.50,4.35
2012.08.03 13:43:52.017,1.2293,1.22939,1.50,4.35
2012.08.03 13:43:52.139,1.22932,1.22939,1.50,2.63
2012.08.03 13:43:52.203,1.22929,1.22939,1.50,3.60
2012.08.03 13:43:54.240,1.22928,1.22937,1.66,3.98
2012.08.03 13:43:54.306,1.22928,1.22934,1.43,1.73
2012.08.03 13:43:54.373,1.22926,1.22934,3.68,1.73
2012.08.03 13:43:54.964,1.22927,1.22935,1.50,2.10
2012.08.03 13:43:55.524,1.22928,1.22936,1.50,6.98
2012.08.03 13:43:55.650,1.22926,1.22934,2.93,2.48
2012.08.03 13:43:55.953,1.22926,1.22934,1.50,1.73
2012.08.03 13:43:56.371,1.22925,1.22933,2.25,1.35
2012.08.03 13:43:56.914,1.22923,1.22932,2.18,2.10
2012.08.03 13:43:58.929,1.22923,1.22932,1.50,1.35
2012.08.03 13:43:59.525,1.22923,1.22932,2.63,2.25
2012.08.03 13:43:59.650,1.22927,1.22933,2.10,3.60
2012.08.03 13:44:00.193,1.22927,1.22934,2.78,1.50
2012.08.03 13:44:00.742,1.22928,1.22934,1.50,1.73
2012.08.03 13:44:00.807,1.22926,1.22934,4.66,1.73
2012.08.03 13:44:00.872,1.22928,1.22934,1.50,1.73
2012.08.03 13:44:01.231,1.22927,1.22933,1.50,2.10
2012.08.03 13:44:01.356,1.22925,1.22931,1.50,1.73
2012.08.03 13:44:01.421,1.22925,1.22931,3.00,1.73
2012.08.03 13:44:01.549,1.2293,1.22936,2.25,1.50
2012.08.03 13:44:01.615,1.22931,1.22938,1.50,1.50
2012.08.03 13:44:01.681,1.22933,1.22938,1.50,2.25
2012.08.03 13:44:01.749,1.22934,1.2294,2.85,2.25
2012.08.03 13:44:02.232,1.22935,1.22942,1.66,1.50
2012.08.03 13:44:02.479,1.22937,1.22942,1.66,1.50
2012.08.03 13:44:02.547,1.22937,1.22944,1.66,3.00
2012.08.03 13:44:02.670,1.22939,1.22945,2.85,1.50
2012.08.03 13:44:02.973,1.2294,1.22947,1.50,2.25
2012.08.03 13:44:03.159,1.22942,1.22947,1.50,1.50
2012.08.03 13:44:03.403,1.22943,1.22948,1.50,2.63
2012.08.03 13:44:03.470,1.22944,1.22949,1.50,1.50
2012.08.03 13:44:03.742,1.22948,1.22956,1.66,1.73
2012.08.03 13:44:03.983,1.22948,1.22953,2.41,1.50
2012.08.03 13:44:04.107,1.22948,1.22956,1.43,2.48
2012.08.03 13:44:04.173,1.22947,1.22952,1.50,1.50
2012.08.03 13:44:04.239,1.22947,1.22954,1.50,1.50
2012.08.03 13:44:04.774,1.22946,1.22955,2.93,2.85
2012.08.03 13:44:05.143,1.22944,1.22949,5.10,1.13
2012.08.03 13:44:05.269,1.22943,1.22949,1.48,1.13
2012.08.03 13:44:05.335,1.22941,1.22949,2.25,2.70
2012.08.03 13:44:05.402,1.22939,1.22947,2.25,2.63
2012.08.03 13:44:05.525,1.22935,1.22946,3.75,2.48
2012.08.03 13:44:05.890,1.22935,1.22942,1.50,1.50
2012.08.03 13:44:05.955,1.22935,1.22943,1.50,2.25
2012.08.03 13:44:06.144,1.22938,1.22943,1.43,1.73
2012.08.03 13:44:06.270,1.22939,1.22946,2.85,3.00
2012.08.03 13:44:06.571,1.2294,1.22946,1.73,1.50
2012.08.03 13:44:06.695,1.22935,1.2294,2.63,1.13
2012.08.03 13:44:06.936,1.22941,1.22948,1.66,1.73
2012.08.03 13:44:12.757,1.22945,1.22951,2.25,4.13
2012.08.03 13:44:13.067,1.22951,1.22957,1.50,2.65
2012.08.03 13:44:13.194,1.22951,1.22957,1.50,1.35
2012.08.03 13:44:13.590,1.22952,1.2296,1.50,3.60
2012.08.03 13:44:15.980,1.2295,1.22958,2.33,1.73
2012.08.03 13:44:16.899,1.22949,1.22956,3.08,1.13
2012.08.03 13:44:17.025,1.22949,1.22955,1.73,1.50
2012.08.03 13:44:17.557,1.22948,1.22955,1.50,1.50
2012.08.03 13:44:18.261,1.22949,1.22956,1.50,1.35
2012.08.03 13:44:19.719,1.22948,1.22954,1.50,1.50
2012.08.03 13:44:19.793,1.22944,1.22953,2.48,1.35
2012.08.03 13:44:19.926,1.22948,1.22955,1.50,2.25
2012.08.03 13:44:20.230,1.22947,1.22956,1.73,1.73
2012.08.03 13:44:21.830,1.2295,1.22958,2.18,2.25
2012.08.03 13:44:22.189,1.22951,1.2296,2.18,3.60
2012.08.03 13:44:22.314,1.22952,1.22961,1.50,2.25
2012.08.03 13:44:22.554,1.22952,1.22961,3.03,1.73
2012.08.03 13:44:23.209,1.22952,1.2296,2.93,1.73
2012.08.03 13:44:23.274,1.22952,1.22959,2.18,1.73
2012.08.03 13:44:23.809,1.2295,1.2296,2.18,2.48
2012.08.03 13:44:24.048,1.2295,1.22958,2.18,2.48
2012.08.03 13:44:24.352,1.22945,1.22952,1.50,2.48
2012.08.03 13:44:25.135,1.22941,1.22946,3.23,1.13
2012.08.03 13:44:25.212,1.22939,1.22946,2.63,2.85
2012.08.03 13:44:25.278,1.22937,1.22946,1.50,5.33
2012.08.03 13:44:25.526,1.22939,1.22946,1.50,2.25
2012.08.03 13:44:25.650,1.22939,1.22946,2.18,1.73
2012.08.03 13:44:25.775,1.22938,1.22947,1.13,4.73
2012.08.03 13:44:25.960,1.22943,1.22949,2.10,1.50
2012.08.03 13:44:26.025,1.22945,1.2295,1.13,4.50
2012.08.03 13:44:26.335,1.22946,1.22955,2.41,1.50
2012.08.03 13:44:26.401,1.22948,1.22955,1.50,1.73
2012.08.03 13:44:26.466,1.22948,1.22955,1.50,1.73
2012.08.03 13:44:26.887,1.22949,1.2296,1.66,1.50
2012.08.03 13:44:27.070,1.2295,1.22958,2.18,1.73
2012.08.03 13:44:28.080,1.2295,1.2296,2.18,2.48
2012.08.03 13:44:28.793,1.2295,1.2296,2.18,4.73
2012.08.03 13:44:28.873,1.22946,1.22955,6.60,1.73
2012.08.03 13:44:29.179,1.22947,1.22955,1.50,3.38
2012.08.03 13:44:29.245,1.22947,1.22954,2.56,1.50
2012.08.03 13:44:29.311,1.22946,1.22951,2.33,1.50
2012.08.03 13:44:29.438,1.22947,1.22953,2.18,1.50
2012.08.03 13:44:29.623,1.22947,1.22955,2.18,2.25
2012.08.03 13:44:29.750,1.22945,1.22952,2.03,1.50
2012.08.03 13:44:29.876,1.22948,1.22956,2.18,1.50
2012.08.03 13:44:31.389,1.22944,1.22953,3.60,1.50
2012.08.03 13:44:31.520,1.22947,1.22954,1.50,3.23
2012.08.03 13:44:32.231,1.2295,1.22957,1.06,2.25
2012.08.03 13:44:32.359,1.2295,1.22957,1.13,1.73
2012.08.03 13:44:32.483,1.22954,1.22962,1.50,2.48
2012.08.03 13:44:32.548,1.22954,1.22962,1.50,2.48
2012.08.03 13:44:33.333,1.22955,1.22963,2.10,1.50
2012.08.03 13:44:33.402,1.22956,1.22963,1.35,1.50
2012.08.03 13:44:33.531,1.22957,1.22965,2.41,2.25
2012.08.03 13:44:33.835,1.22956,1.22962,3.98,1.50
2012.08.03 13:44:34.390,1.22955,1.22962,1.43,3.00
2012.08.03 13:44:34.692,1.22956,1.22962,1.43,1.50
2012.08.03 13:44:35.702,1.22952,1.22958,3.53,1.50
2012.08.03 13:44:35.769,1.22952,1.22958,2.10,1.50
2012.08.03 13:44:36.306,1.22951,1.22958,2.41,1.50
2012.08.03 13:44:36.838,1.2295,1.22957,5.33,1.50
2012.08.03 13:44:37.080,1.22951,1.22958,2.41,1.50
2012.08.03 13:44:37.610,1.2295,1.22957,4.28,1.50
2012.08.03 13:44:39.018,1.2295,1.22957,1.43,2.25
2012.08.03 13:44:39.084,1.22947,1.22954,1.66,1.50
2012.08.03 13:44:39.149,1.22946,1.22954,3.83,1.50
2012.08.03 13:44:39.275,1.22944,1.2295,1.50,1.50
2012.08.03 13:44:39.340,1.22942,1.2295,2.41,1.50
2012.08.03 13:44:39.465,1.22941,1.22946,4.50,1.50
2012.08.03 13:44:39.587,1.22941,1.22952,3.98,1.73
2012.08.03 13:44:39.708,1.22942,1.22953,1.43,2.85
2012.08.03 13:44:39.945,1.22943,1.22948,1.50,1.50
2012.08.03 13:44:40.478,1.22942,1.22949,3.08,1.50
2012.08.03 13:44:42.629,1.22947,1.22953,1.50,2.48
2012.08.03 13:44:42.938,1.22947,1.22953,4.35,1.50
2012.08.03 13:44:43.212,1.22948,1.22953,1.13,1.50
2012.08.03 13:44:43.280,1.22949,1.22956,2.18,1.50
2012.08.03 13:44:43.465,1.2295,1.22956,1.50,1.50
2012.08.03 13:44:43.706,1.22949,1.22956,1.81,1.50
2012.08.03 13:44:44.006,1.22949,1.22959,4.06,3.23
2012.08.03 13:44:44.424,1.22949,1.22958,3.16,1.58
2012.08.03 13:44:44.605,1.22949,1.22956,3.16,1.35
2012.08.03 13:44:45.140,1.22949,1.22956,3.16,1.43
2012.08.03 13:44:45.672,1.22949,1.22954,3.16,1.43
2012.08.03 13:44:46.030,1.22949,1.22956,3.16,1.43
2012.08.03 13:44:46.564,1.22949,1.22956,3.53,1.43
2012.08.03 13:44:47.571,1.2295,1.22956,1.88,1.43
2012.08.03 13:44:47.636,1.22952,1.2296,1.50,3.00
2012.08.03 13:44:47.994,1.22955,1.2296,2.10,5.63
2012.08.03 13:44:48.520,1.22954,1.22964,2.48,1.50
2012.08.03 13:44:48.599,1.22956,1.22964,1.43,3.00
2012.08.03 13:44:49.144,1.22958,1.22965,1.44,1.73
2012.08.03 13:44:49.329,1.22959,1.22965,1.44,2.40
2012.08.03 13:44:49.394,1.22959,1.22967,2.19,3.23
2012.08.03 13:44:49.517,1.22965,1.22971,2.48,1.50
2012.08.03 13:44:50.229,1.22969,1.22976,1.66,1.50
2012.08.03 13:44:50.534,1.22968,1.22974,3.08,1.50
2012.08.03 13:44:50.659,1.22967,1.22975,1.44,2.25
2012.08.03 13:44:50.963,1.22966,1.22971,1.44,1.50
2012.08.03 13:44:51.147,1.22966,1.22973,1.50,1.73
2012.08.03 13:44:51.683,1.22967,1.22975,3.01,1.50
2012.08.03 13:44:52.188,1.22967,1.22972,2.85,1.50
2012.08.03 13:44:52.606,1.22965,1.22972,2.04,1.50
2012.08.03 13:44:52.672,1.22972,1.22978,3.38,3.00
2012.08.03 13:44:52.980,1.22973,1.2298,1.81,2.48
2012.08.03 13:44:53.045,1.2298,1.22985,1.13,1.50
2012.08.03 13:44:53.113,1.22983,1.22989,1.44,2.25
2012.08.03 13:44:53.180,1.22983,1.22989,1.44,1.50
2012.08.03 13:44:53.305,1.22982,1.22988,2.25,2.25
2012.08.03 13:44:53.488,1.22982,1.22988,2.25,1.50
2012.08.03 13:44:54.023,1.22982,1.22988,2.19,1.73
2012.08.03 13:44:54.556,1.22979,1.22988,3.23,1.73
2012.08.03 13:44:54.679,1.22979,1.22988,3.91,1.73
2012.08.03 13:44:54.741,1.22979,1.22988,3.91,1.73
2012.08.03 13:44:55.506,1.22981,1.22987,2.19,1.50
2012.08.03 13:44:55.629,1.22983,1.22991,1.50,3.00
2012.08.03 13:44:56.030,1.22985,1.22994,2.19,2.10
2012.08.03 13:44:56.457,1.22986,1.22994,1.44,1.50
2012.08.03 13:44:56.581,1.22985,1.22994,3.16,1.73
2012.08.03 13:44:56.764,1.22984,1.22994,1.44,2.48
2012.08.03 13:44:57.124,1.22983,1.2299,1.66,1.73
2012.08.03 13:44:57.251,1.22981,1.22988,3.16,1.50
2012.08.03 13:44:57.615,1.22983,1.22991,1.50,1.72
2012.08.03 13:44:58.154,1.22981,1.22991,5.04,2.48
2012.08.03 13:44:58.219,1.22981,1.22989,4.66,1.50
2012.08.03 13:44:58.524,1.22981,1.22989,2.41,1.73
2012.08.03 13:44:58.652,1.22979,1.22989,2.25,3.75
2012.08.03 13:44:59.233,1.22977,1.22988,1.50,2.10
2012.08.03 13:44:59.308,1.22978,1.22984,3.69,1.73
2012.08.03 13:45:00.194,1.22972,1.22981,2.94,3.60
2012.08.03 13:45:00.261,1.22973,1.22982,3.60,2.25
2012.08.03 13:45:00.563,1.22979,1.22986,2.94,2.25
2012.08.03 13:45:00.867,1.22982,1.22988,1.06,1.50
2012.08.03 13:45:00.994,1.22982,1.22991,3.31,2.25
2012.08.03 13:45:01.359,1.22984,1.22993,2.25,2.25
2012.08.03 13:45:01.424,1.22984,1.22993,1.50,1.50
2012.08.03 13:45:01.724,1.22982,1.2299,2.94,1.43
2012.08.03 13:45:02.080,1.22984,1.22992,2.25,1.43
2012.08.03 13:45:02.501,1.22986,1.22995,1.44,3.60
2012.08.03 13:45:02.567,1.22985,1.22992,1.44,1.43
2012.08.03 13:45:03.345,1.22983,1.22991,2.94,1.65
2012.08.03 13:45:03.530,1.22983,1.22991,4.44,1.43
2012.08.03 13:45:03.656,1.22984,1.22994,2.94,3.83
2012.08.03 13:45:04.194,1.22987,1.22994,1.44,1.43
2012.08.03 13:45:04.379,1.22987,1.22994,2.94,1.43
2012.08.03 13:45:04.504,1.22989,1.23,2.19,3.30
2012.08.03 13:45:04.629,1.22989,1.23,1.44,3.30
2012.08.03 13:45:04.754,1.22988,1.22994,2.25,1.50
2012.08.03 13:45:04.941,1.22988,1.22996,1.44,2.18
2012.08.03 13:45:05.477,1.22988,1.22996,2.19,1.43
2012.08.03 13:45:05.718,1.22989,1.22997,2.25,1.43
2012.08.03 13:45:06.138,1.2299,1.23,3.00,3.30
2012.08.03 13:45:06.759,1.2299,1.22998,1.50,1.50
2012.08.03 13:45:07.967,1.22992,1.23,1.50,4.13
2012.08.03 13:45:08.270,1.22994,1.23,1.50,1.50
2012.08.03 13:45:08.457,1.22994,1.23002,1.44,3.19
2012.08.03 13:45:08.524,1.22995,1.23003,1.35,1.50
2012.08.03 13:45:08.649,1.22995,1.23005,1.58,3.23
2012.08.03 13:45:09.009,1.22995,1.23008,2.33,1.73
2012.08.03 13:45:09.136,1.22996,1.23009,3.00,4.02
2012.08.03 13:45:09.495,1.22997,1.2301,2.19,2.40
2012.08.03 13:45:09.798,1.23005,1.23014,2.79,1.65
2012.08.03 13:45:09.981,1.23006,1.23014,2.85,1.65
2012.08.03 13:45:10.576,1.23004,1.23014,2.85,1.65
2012.08.03 13:45:11.778,1.23003,1.23014,7.43,1.50
2012.08.03 13:45:11.960,1.23005,1.23015,4.43,1.73
2012.08.03 13:45:12.730,1.23008,1.2302,3.76,1.73
2012.08.03 13:45:13.091,1.23011,1.2302,1.50,1.17
2012.08.03 13:45:13.634,1.2301,1.2302,2.04,1.50
2012.08.03 13:45:14.057,1.23009,1.2302,1.65,3.98
2012.08.03 13:45:14.571,1.23011,1.2302,4.50,1.50
2012.08.03 13:45:15.106,1.23012,1.23022,4.35,3.60
2012.08.03 13:45:15.171,1.23012,1.23022,6.45,1.50
2012.08.03 13:45:15.238,1.23013,1.23022,1.35,1.50
2012.08.03 13:45:15.362,1.23014,1.23027,3.60,4.88
2012.08.03 13:45:15.777,1.23014,1.23023,3.00,1.50
2012.08.03 13:45:15.899,1.23013,1.23024,1.50,3.00
2012.08.03 13:45:16.432,1.23014,1.23024,1.50,3.00
2012.08.03 13:45:16.970,1.23014,1.2302,1.50,1.13
2012.08.03 13:45:17.332,1.23013,1.23022,2.19,1.50
2012.08.03 13:45:17.866,1.23013,1.23021,4.29,1.50
2012.08.03 13:45:17.930,1.23015,1.23023,1.20,3.00
2012.08.03 13:45:18.348,1.23017,1.23022,1.50,5.63
2012.08.03 13:45:18.597,1.23014,1.23021,2.25,2.48
2012.08.03 13:45:18.661,1.23017,1.23022,1.50,2.48
2012.08.03 13:45:18.961,1.23015,1.2302,1.50,1.50
2012.08.03 13:45:19.377,1.23009,1.2302,3.00,1.35
2012.08.03 13:45:19.502,1.23011,1.2302,4.44,1.73
2012.08.03 13:45:19.626,1.23008,1.23013,1.35,1.50
2012.08.03 13:45:20.050,1.23009,1.2302,2.03,1.73
2012.08.03 13:45:20.877,1.23009,1.23024,1.58,3.38
2012.08.03 13:45:21.122,1.23014,1.23025,3.00,1.50
2012.08.03 13:45:21.246,1.23017,1.23025,3.76,2.25
2012.08.03 13:45:21.787,1.23015,1.23021,1.50,1.50
2012.08.03 13:45:21.852,1.23013,1.23021,1.66,1.50
2012.08.03 13:45:22.329,1.23013,1.23021,4.51,1.50
2012.08.03 13:45:22.452,1.23013,1.23023,3.60,1.73
2012.08.03 13:45:23.162,1.23016,1.23025,1.35,1.50
2012.08.03 13:45:23.517,1.23014,1.23024,5.18,3.23
2012.08.03 13:45:23.876,1.23011,1.2302,2.94,2.85
2012.08.03 13:45:24.136,1.2301,1.2302,5.79,1.73
2012.08.03 13:45:25.265,1.23009,1.2302,2.85,1.73
2012.08.03 13:45:25.793,1.23009,1.2302,2.94,2.48
2012.08.03 13:45:26.267,1.23008,1.2302,4.58,2.10
2012.08.03 13:45:26.798,1.23006,1.23012,1.50,2.10
2012.08.03 13:45:26.871,1.23004,1.23012,1.50,3.60
2012.08.03 13:45:27.054,1.23002,1.23012,1.32,2.85
2012.08.03 13:45:27.243,1.23005,1.23015,3.01,1.73
2012.08.03 13:45:27.718,1.23004,1.23013,3.91,2.25
2012.08.03 13:45:27.901,1.23002,1.2301,3.01,1.50
2012.08.03 13:45:28.433,1.23007,1.23012,1.50,1.13
2012.08.03 13:45:28.558,1.23007,1.23014,2.19,1.50
2012.08.03 13:45:28.978,1.23004,1.23012,6.01,1.50
2012.08.03 13:45:29.395,1.23002,1.23009,3.83,1.50
2012.08.03 13:45:30.158,1.23002,1.23012,6.76,2.25
2012.08.03 13:45:30.687,1.23001,1.23012,3.00,2.25
2012.08.03 13:45:31.366,1.23002,1.23012,5.04,1.50
2012.08.03 13:45:31.726,1.23002,1.2301,4.29,1.50
2012.08.03 13:45:32.144,1.23001,1.23009,6.00,3.00
2012.08.03 13:45:32.446,1.22995,1.23001,3.54,3.23
2012.08.03 13:45:32.567,1.22994,1.23003,1.50,1.73
2012.08.03 13:45:32.811,1.22996,1.23006,4.35,1.50
2012.08.03 13:45:32.875,1.22997,1.23006,1.73,1.50
2012.08.03 13:45:33.177,1.22998,1.23006,4.64,1.50
2012.08.03 13:45:33.360,1.22997,1.23005,5.23,2.25
2012.08.03 13:45:33.664,1.22995,1.23003,1.50,2.48
2012.08.03 13:45:33.733,1.22997,1.23004,2.25,1.35
2012.08.03 13:45:33.859,1.22992,1.23,2.48,1.50
2012.08.03 13:45:33.986,1.22995,1.23002,1.50,1.73
2012.08.03 13:45:34.291,1.22998,1.23004,1.50,2.25
2012.08.03 13:45:34.415,1.22998,1.23004,2.48,1.50
2012.08.03 13:45:34.538,1.22999,1.23007,2.25,2.85
2012.08.03 13:45:35.053,1.22999,1.23006,1.50,1.73
2012.08.03 13:45:35.118,1.22996,1.23003,1.50,2.63
2012.08.03 13:45:35.186,1.22996,1.23003,1.50,2.85
2012.08.03 13:45:35.456,1.22993,1.23002,1.44,2.25
2012.08.03 13:45:35.994,1.22994,1.23002,2.41,1.50
2012.08.03 13:45:36.060,1.22995,1.23,2.48,1.50
2012.08.03 13:45:36.184,1.22997,1.23004,1.50,1.35
2012.08.03 13:45:36.250,1.22998,1.23003,1.50,1.50
2012.08.03 13:45:36.432,1.22998,1.23005,1.50,1.50
2012.08.03 13:45:36.613,1.22997,1.23003,3.08,1.50
2012.08.03 13:45:37.147,1.22999,1.23005,2.25,2.25
2012.08.03 13:45:37.680,1.22999,1.23004,1.50,1.50
2012.08.03 13:45:38.096,1.23,1.23007,1.44,1.73
2012.08.03 13:45:38.340,1.22999,1.23006,1.73,1.13
2012.08.03 13:45:38.522,1.22997,1.23005,2.41,1.50
2012.08.03 13:45:39.054,1.22997,1.23005,2.41,1.50
2012.08.03 13:45:39.595,1.22997,1.23005,1.66,1.50
2012.08.03 13:45:40.105,1.22996,1.23006,3.98,2.85
2012.08.03 13:45:40.576,1.22995,1.23004,2.41,1.50
2012.08.03 13:45:41.110,1.22995,1.23004,2.41,1.50
2012.08.03 13:45:41.174,1.22996,1.23006,3.00,2.10
2012.08.03 13:45:41.356,1.22996,1.23004,2.25,1.50
2012.08.03 13:45:41.657,1.22995,1.23004,2.19,1.73
2012.08.03 13:45:41.722,1.22994,1.23004,2.98,1.73
2012.08.03 13:45:41.963,1.22993,1.23003,3.21,2.85
2012.08.03 13:45:42.204,1.22992,1.23,8.83,1.13
2012.08.03 13:45:42.738,1.22994,1.23001,1.50,1.13
2012.08.03 13:45:42.980,1.22995,1.23004,1.50,2.85
2012.08.03 13:45:43.222,1.22996,1.23004,4.13,2.85
2012.08.03 13:45:43.796,1.22994,1.23004,2.85,1.35
2012.08.03 13:45:43.925,1.22995,1.23004,3.00,1.35
2012.08.03 13:45:44.051,1.22998,1.23006,1.50,1.35
2012.08.03 13:45:44.178,1.22999,1.23008,3.75,1.50
2012.08.03 13:45:44.302,1.23,1.23009,1.13,2.10
2012.08.03 13:45:44.426,1.23004,1.23011,1.50,2.48
2012.08.03 13:45:44.672,1.23005,1.23015,9.89,2.25
2012.08.03 13:45:44.736,1.23007,1.23016,1.50,3.38
2012.08.03 13:45:45.099,1.23006,1.23015,4.58,1.13
2012.08.03 13:45:45.399,1.23009,1.2302,2.10,8.25
2012.08.03 13:45:45.704,1.23016,1.23025,2.85,1.13
2012.08.03 13:45:45.770,1.23018,1.23026,2.63,3.38
2012.08.03 13:45:46.012,1.23018,1.23028,3.23,1.13
2012.08.03 13:45:46.139,1.23017,1.23027,3.60,3.38
2012.08.03 13:45:46.320,1.23018,1.23027,6.23,1.13
2012.08.03 13:45:46.561,1.23018,1.23027,3.98,1.35
2012.08.03 13:45:46.625,1.23018,1.23027,5.48,1.35
2012.08.03 13:45:47.271,1.23017,1.23027,4.50,2.63
2012.08.03 13:45:47.864,1.23018,1.23027,2.48,2.63
2012.08.03 13:45:48.220,1.23019,1.23027,2.25,2.63
2012.08.03 13:45:48.811,1.2302,1.23027,2.25,1.13
2012.08.03 13:45:49.119,1.23018,1.23031,1.35,1.88
2012.08.03 13:45:49.304,1.23019,1.23033,1.73,1.73
2012.08.03 13:45:49.489,1.23021,1.23033,1.73,1.73
2012.08.03 13:45:49.555,1.23023,1.23033,1.73,1.73
2012.08.03 13:45:49.978,1.23026,1.23032,1.65,1.50
2012.08.03 13:45:50.509,1.23026,1.23034,2.40,1.50
2012.08.03 13:45:51.081,1.23028,1.23034,1.65,1.50
2012.08.03 13:45:51.631,1.23029,1.23036,1.50,3.23
2012.08.03 13:45:52.225,1.2303,1.23038,1.50,2.70
2012.08.03 13:45:52.348,1.23037,1.23045,1.50,2.85
2012.08.03 13:45:52.473,1.23038,1.23048,3.91,3.75
2012.08.03 13:45:52.715,1.2304,1.23046,1.66,1.50
2012.08.03 13:45:53.075,1.2304,1.23048,3.91,1.50
2012.08.03 13:45:53.319,1.23045,1.23055,1.43,2.25
2012.08.03 13:45:53.624,1.23052,1.2306,2.18,1.50
2012.08.03 13:45:53.935,1.23051,1.23063,2.25,6.28
2012.08.03 13:45:54.061,1.23053,1.23062,1.43,2.25
2012.08.03 13:45:54.339,1.23054,1.23063,1.43,3.00
2012.08.03 13:45:54.406,1.23056,1.23063,3.75,2.25
2012.08.03 13:45:54.590,1.23055,1.23066,1.50,1.50
2012.08.03 13:45:54.659,1.23058,1.23066,2.48,2.63
2012.08.03 13:45:54.850,1.2306,1.23067,1.88,2.25
2012.08.03 13:45:54.915,1.23061,1.23068,2.25,1.50
2012.08.03 13:45:55.166,1.2306,1.2307,5.11,2.25
2012.08.03 13:45:55.234,1.23062,1.23069,1.48,1.50
2012.08.03 13:45:55.361,1.23061,1.23072,2.25,2.25
2012.08.03 13:45:55.485,1.23063,1.23073,2.85,2.25
2012.08.03 13:45:55.549,1.23063,1.23076,1.48,1.35
2012.08.03 13:45:55.850,1.23063,1.23079,1.48,1.50
2012.08.03 13:45:55.979,1.23065,1.2308,1.35,1.50
2012.08.03 13:45:56.108,1.23067,1.2308,2.25,2.25
2012.08.03 13:45:56.235,1.2307,1.23079,2.25,6.38
2012.08.03 13:45:56.367,1.2307,1.23081,3.38,1.50
2012.08.03 13:45:56.647,1.23071,1.23082,1.35,2.25
2012.08.03 13:45:56.728,1.23073,1.23082,2.63,1.50
2012.08.03 13:45:57.339,1.23074,1.23083,1.48,2.09
2012.08.03 13:45:57.416,1.23073,1.23086,1.50,1.34
2012.08.03 13:45:57.484,1.23073,1.23089,2.10,3.76
2012.08.03 13:45:57.551,1.23074,1.2309,5.97,1.34
2012.08.03 13:45:57.855,1.2308,1.23087,2.06,2.09
2012.08.03 13:45:58.103,1.23082,1.23087,1.50,2.48
2012.08.03 13:45:58.171,1.23081,1.23089,2.25,2.48
2012.08.03 13:45:58.236,1.23082,1.23091,1.50,3.98
2012.08.03 13:45:58.640,1.23084,1.23091,1.88,1.50
2012.08.03 13:45:58.835,1.2308,1.23092,3.23,3.00
2012.08.03 13:45:58.901,1.23078,1.23092,5.03,3.23
2012.08.03 13:45:58.967,1.23078,1.23091,2.85,1.73
2012.08.03 13:45:59.091,1.23077,1.23091,1.43,5.68
2012.08.03 13:45:59.156,1.23081,1.23091,1.50,4.70
2012.08.03 13:45:59.904,1.23084,1.23091,1.35,1.50
2012.08.03 13:45:59.971,1.23084,1.23095,2.25,1.50
2012.08.03 13:46:00.038,1.23085,1.23096,3.00,2.25
2012.08.03 13:46:00.103,1.23085,1.23098,2.25,4.50
2012.08.03 13:46:00.227,1.23085,1.23095,1.50,1.50
2012.08.03 13:46:00.293,1.23086,1.23095,1.50,1.50
2012.08.03 13:46:00.537,1.23085,1.23094,2.18,1.50
2012.08.03 13:46:00.778,1.23084,1.23093,1.13,1.50
2012.08.03 13:46:00.904,1.23083,1.23094,1.50,3.58
2012.08.03 13:46:01.455,1.23083,1.23093,3.61,1.50
2012.08.03 13:46:01.820,1.23085,1.23095,1.43,1.50
2012.08.03 13:46:01.953,1.23086,1.23097,1.43,2.25
2012.08.03 13:46:02.261,1.23087,1.23098,1.43,2.25
2012.08.03 13:46:02.327,1.23091,1.23097,1.66,2.25
2012.08.03 13:46:03.698,1.2309,1.23099,1.50,1.50
2012.08.03 13:46:03.778,1.23091,1.231,1.43,5.63
2012.08.03 13:46:03.847,1.231,1.23105,1.50,1.73
2012.08.03 13:46:03.914,1.23105,1.23112,1.43,1.50
2012.08.03 13:46:04.040,1.23103,1.23109,1.81,1.50
2012.08.03 13:46:04.408,1.23102,1.23113,4.51,1.50
2012.08.03 13:46:04.535,1.23101,1.23108,1.43,1.50
2012.08.03 13:46:04.603,1.23102,1.23108,1.66,1.50
2012.08.03 13:46:04.790,1.23101,1.23108,2.18,1.50
2012.08.03 13:46:04.913,1.23101,1.2311,2.86,3.15
2012.08.03 13:46:04.977,1.23103,1.2311,2.85,1.73
2012.08.03 13:46:05.103,1.23103,1.23113,1.50,2.85
2012.08.03 13:46:05.407,1.23103,1.23108,1.50,1.50
2012.08.03 13:46:05.471,1.23103,1.23108,1.50,1.50
2012.08.03 13:46:05.715,1.23104,1.23111,2.18,1.50
2012.08.03 13:46:05.956,1.23105,1.23113,2.18,2.25
2012.08.03 13:46:06.081,1.23103,1.2311,3.00,1.50
2012.08.03 13:46:06.388,1.23104,1.23113,1.43,1.50
2012.08.03 13:46:06.461,1.23103,1.2311,1.50,1.50
2012.08.03 13:46:06.775,1.23102,1.23108,2.25,1.50
2012.08.03 13:46:06.965,1.23106,1.23114,1.50,4.88
2012.08.03 13:46:07.272,1.23104,1.23114,2.25,3.75
2012.08.03 13:46:07.634,1.23105,1.2312,2.61,3.00
2012.08.03 13:46:07.880,1.23104,1.2311,2.25,1.88
2012.08.03 13:46:08.007,1.231,1.23106,1.50,3.00
2012.08.03 13:46:08.245,1.23101,1.2311,3.15,1.35
2012.08.03 13:46:08.313,1.231,1.23108,1.50,1.50
2012.08.03 13:46:08.439,1.231,1.23108,3.00,1.50
2012.08.03 13:46:08.505,1.231,1.23111,3.75,2.63
2012.08.03 13:46:08.628,1.23102,1.23111,2.18,3.38
2012.08.03 13:46:08.811,1.23101,1.23111,2.18,2.63
2012.08.03 13:46:08.994,1.23101,1.2311,2.18,1.73
2012.08.03 13:46:09.119,1.23101,1.2311,2.18,1.50
2012.08.03 13:46:09.243,1.23099,1.23108,5.25,1.05
2012.08.03 13:46:09.772,1.23101,1.23109,3.00,1.05
2012.08.03 13:46:10.186,1.23101,1.23111,2.25,1.88
2012.08.03 13:46:10.256,1.23101,1.23111,1.50,3.23
2012.08.03 13:46:10.562,1.231,1.23109,1.43,1.73
2012.08.03 13:46:10.630,1.23099,1.23108,1.71,1.73
2012.08.03 13:46:10.935,1.23096,1.23108,2.25,5.10
2012.08.03 13:46:11.001,1.23089,1.23101,3.90,3.38
2012.08.03 13:46:11.245,1.23089,1.23101,3.00,3.00
2012.08.03 13:46:11.491,1.23091,1.23103,4.50,1.95
2012.08.03 13:46:11.908,1.23091,1.23102,3.87,1.58
2012.08.03 13:46:12.382,1.23091,1.23099,2.37,1.35
2012.08.03 13:46:13.032,1.23091,1.231,1.62,2.18
2012.08.03 13:46:13.533,1.23089,1.231,1.62,3.30
2012.08.03 13:46:13.598,1.23089,1.23098,1.62,1.43
2012.08.03 13:46:13.902,1.23087,1.23096,2.37,2.18
2012.08.03 13:46:14.207,1.23082,1.23088,2.37,2.25
2012.08.03 13:46:14.274,1.23081,1.23088,2.25,2.25
2012.08.03 13:46:14.808,1.23079,1.23088,2.25,2.25
2012.08.03 13:46:15.108,1.23081,1.2309,2.25,2.25
2012.08.03 13:46:15.292,1.23083,1.23091,1.73,2.25
2012.08.03 13:46:15.773,1.23085,1.23094,2.48,2.25
2012.08.03 13:46:16.072,1.23083,1.23092,1.50,2.25
2012.08.03 13:46:16.557,1.23079,1.23089,3.60,1.50
2012.08.03 13:46:16.978,1.23079,1.23089,2.48,1.50
2012.08.03 13:46:17.517,1.23079,1.23089,1.73,4.50
2012.08.03 13:46:18.050,1.23079,1.23087,3.23,1.13
2012.08.03 13:46:18.290,1.23081,1.23088,1.73,1.50
2012.08.03 13:46:18.595,1.23083,1.23089,2.10,2.25
2012.08.03 13:46:18.720,1.23089,1.23096,5.75,2.25
2012.08.03 13:46:18.846,1.23083,1.23088,1.50,1.50
2012.08.03 13:46:19.147,1.23084,1.23089,1.50,2.63
2012.08.03 13:46:19.271,1.23085,1.2309,3.23,1.50
2012.08.03 13:46:19.335,1.23085,1.23092,1.50,1.88
2012.08.03 13:46:19.811,1.23091,1.231,1.73,1.50
2012.08.03 13:46:20.360,1.23092,1.231,2.37,1.50
2012.08.03 13:46:20.774,1.23093,1.23102,1.50,1.50
2012.08.03 13:46:20.839,1.23096,1.23103,1.77,4.73
2012.08.03 13:46:21.143,1.23099,1.23106,1.73,1.50
2012.08.03 13:46:21.505,1.231,1.23106,1.62,1.50
2012.08.03 13:46:21.804,1.23097,1.23105,2.37,1.50
2012.08.03 13:46:22.338,1.23098,1.23104,1.62,1.50
2012.08.03 13:46:22.813,1.231,1.23108,1.62,1.50
2012.08.03 13:46:23.356,1.231,1.23109,1.62,1.50
2012.08.03 13:46:23.611,1.23101,1.23106,1.73,1.13
2012.08.03 13:46:24.101,1.23095,1.231,1.50,1.13
2012.08.03 13:46:24.410,1.23089,1.23099,7.25,2.25
2012.08.03 13:46:24.712,1.2309,1.23099,3.98,2.63
2012.08.03 13:46:25.249,1.23091,1.23099,1.73,2.63
2012.08.03 13:46:25.488,1.23089,1.23096,3.68,1.50
2012.08.03 13:46:25.902,1.2309,1.23099,1.73,3.38
2012.08.03 13:46:26.085,1.2309,1.23101,4.62,2.25
2012.08.03 13:46:26.614,1.2309,1.23099,3.12,1.50
2012.08.03 13:46:26.806,1.23089,1.23099,4.85,1.50
2012.08.03 13:46:27.335,1.23089,1.23098,1.62,1.50
2012.08.03 13:46:28.049,1.2309,1.231,3.12,1.73
2012.08.03 13:46:28.411,1.23089,1.23099,2.37,3.23
2012.08.03 13:46:28.479,1.23089,1.23099,1.73,3.60
2012.08.03 13:46:28.544,1.23089,1.23098,1.73,1.73
2012.08.03 13:46:28.847,1.23083,1.23092,2.15,1.50
2012.08.03 13:46:28.913,1.23083,1.23092,1.50,1.13
2012.08.03 13:46:28.979,1.23081,1.23091,2.15,4.35
2012.08.03 13:46:29.165,1.2308,1.23091,1.62,3.60
2012.08.03 13:46:29.637,1.23082,1.23093,1.35,2.85
2012.08.03 13:46:30.000,1.23086,1.23093,5.70,1.43
2012.08.03 13:46:30.124,1.23087,1.23095,1.62,1.50
2012.08.03 13:46:30.248,1.23087,1.23096,2.37,1.43
2012.08.03 13:46:30.785,1.23088,1.23097,1.73,2.93
2012.08.03 13:46:30.965,1.23094,1.23099,1.50,3.00
2012.08.03 13:46:31.660,1.23092,1.23099,1.50,2.25
2012.08.03 13:46:31.901,1.23089,1.23094,2.25,1.13
2012.08.03 13:46:32.497,1.23092,1.23099,1.50,2.10
2012.08.03 13:46:32.619,1.23089,1.23096,3.23,1.13
2012.08.03 13:46:33.152,1.23089,1.23098,1.73,1.65
2012.08.03 13:46:33.447,1.23089,1.23096,1.73,1.13
2012.08.03 13:46:33.513,1.23089,1.23096,1.73,1.13
2012.08.03 13:46:33.577,1.23089,1.23097,1.40,3.83
2012.08.03 13:46:33.821,1.23084,1.23091,1.62,1.43
2012.08.03 13:46:33.888,1.23082,1.2309,3.10,1.43
2012.08.03 13:46:34.013,1.23082,1.23088,1.40,1.43
2012.08.03 13:46:34.314,1.23081,1.23088,3.00,1.43
2012.08.03 13:46:34.848,1.23081,1.23087,1.50,1.50
2012.08.03 13:46:35.384,1.2308,1.23086,2.15,1.50
2012.08.03 13:46:35.449,1.2308,1.23088,2.15,2.25
2012.08.03 13:46:35.872,1.23085,1.2309,1.50,2.25
2012.08.03 13:46:36.302,1.23083,1.23092,3.87,1.73
2012.08.03 13:46:36.835,1.23081,1.23092,3.60,4.73
2012.08.03 13:46:36.900,1.23083,1.23091,1.73,6.23
2012.08.03 13:46:37.025,1.23081,1.23091,2.15,5.25
2012.08.03 13:46:37.558,1.23082,1.23091,1.62,1.73
2012.08.03 13:46:37.623,1.23083,1.23091,3.65,1.73
2012.08.03 13:46:37.688,1.23085,1.23093,1.40,3.75
2012.08.03 13:46:38.051,1.23083,1.23092,2.37,1.13
2012.08.03 13:46:38.292,1.23082,1.23091,1.62,3.23
2012.08.03 13:46:38.823,1.23082,1.23091,1.62,2.48
2012.08.03 13:46:39.180,1.23079,1.23088,3.23,1.50
2012.08.03 13:46:39.597,1.23079,1.23088,3.12,1.50
2012.08.03 13:46:39.720,1.23077,1.23087,3.60,2.29
2012.08.03 13:46:40.052,1.23072,1.23085,1.48,5.10
2012.08.03 13:46:40.130,1.23071,1.23079,2.48,1.73
2012.08.03 13:46:40.195,1.23071,1.23079,2.48,1.95
2012.08.03 13:46:40.607,1.23072,1.2308,1.50,1.35
2012.08.03 13:46:40.732,1.23077,1.23082,1.50,1.88
2012.08.03 13:46:41.260,1.23076,1.23082,1.50,2.10
2012.08.03 13:46:41.847,1.23076,1.23082,1.50,2.10
2012.08.03 13:46:42.609,1.23075,1.23081,1.50,3.23
2012.08.03 13:46:43.084,1.23072,1.23082,1.50,6.08
2012.08.03 13:46:43.439,1.23071,1.2308,2.15,1.65
2012.08.03 13:46:44.323,1.2307,1.2308,2.37,1.88
2012.08.03 13:46:45.651,1.23068,1.23079,2.25,1.50
2012.08.03 13:46:46.186,1.23068,1.23079,2.25,3.00
2012.08.03 13:46:46.708,1.23068,1.23079,3.00,1.50
2012.08.03 13:46:47.064,1.23074,1.23084,3.00,3.00
2012.08.03 13:46:47.418,1.23076,1.23084,1.50,1.13
2012.08.03 13:46:47.484,1.23077,1.23084,6.21,3.75
2012.08.03 13:46:47.666,1.23078,1.23086,3.00,1.50
2012.08.03 13:46:47.732,1.23078,1.23088,3.75,4.35
2012.08.03 13:46:47.976,1.23079,1.23089,5.33,2.48
2012.08.03 13:46:48.041,1.23081,1.23089,2.78,2.25
2012.08.03 13:46:48.105,1.23083,1.2309,2.63,1.50
2012.08.03 13:46:48.347,1.23084,1.23091,1.73,1.50
2012.08.03 13:46:49.684,1.23086,1.23091,1.62,1.50
2012.08.03 13:46:49.810,1.23085,1.23094,2.37,3.00
2012.08.03 13:46:49.933,1.23086,1.23095,3.12,3.00
2012.08.03 13:46:50.417,1.23088,1.23096,1.50,4.13
2012.08.03 13:46:50.480,1.2309,1.23096,1.50,2.63
2012.08.03 13:46:50.785,1.23091,1.23097,1.73,3.08
2012.08.03 13:46:51.089,1.23092,1.23098,2.85,3.30
2012.08.03 13:46:51.155,1.23093,1.231,1.40,1.39
2012.08.03 13:46:51.519,1.23093,1.23103,2.25,2.78
2012.08.03 13:46:51.583,1.23096,1.23103,1.40,1.20
2012.08.03 13:46:51.645,1.23098,1.23103,1.50,1.13
2012.08.03 13:46:51.888,1.23099,1.23105,1.50,1.13
2012.08.03 13:46:52.188,1.23095,1.23111,3.08,2.25
2012.08.03 13:46:52.255,1.23097,1.23111,1.62,1.58
2012.08.03 13:46:52.320,1.23097,1.23113,1.73,1.58
2012.08.03 13:46:53.246,1.231,1.23113,3.23,3.00
2012.08.03 13:46:53.331,1.23101,1.23115,1.50,1.73
2012.08.03 13:46:53.640,1.23105,1.23114,2.48,2.48
2012.08.03 13:46:53.825,1.23106,1.23115,2.10,2.63
2012.08.03 13:46:54.012,1.23106,1.23117,2.63,4.58
2012.08.03 13:46:54.255,1.23108,1.23117,1.35,2.25
2012.08.03 13:46:54.437,1.23107,1.23121,1.50,3.60
2012.08.03 13:46:54.502,1.2311,1.2312,1.73,2.85
2012.08.03 13:46:54.862,1.23111,1.23122,1.20,2.48
2012.08.03 13:46:55.163,1.23112,1.23123,2.25,1.80
2012.08.03 13:46:55.470,1.2311,1.23127,3.98,2.10
2012.08.03 13:46:56.402,1.23114,1.23126,2.48,2.48
2012.08.03 13:46:56.597,1.23117,1.23125,1.43,2.25
2012.08.03 13:46:56.899,1.23117,1.23127,3.15,1.55
2012.08.03 13:46:57.022,1.23119,1.23127,1.73,1.50
2012.08.03 13:46:57.325,1.23119,1.23129,1.73,1.47
2012.08.03 13:46:57.451,1.23121,1.2313,1.43,2.78
2012.08.03 13:46:57.634,1.23123,1.23131,2.85,4.13
2012.08.03 13:46:57.936,1.23127,1.23135,1.50,1.73
2012.08.03 13:46:58.455,1.23125,1.23135,3.23,2.63
2012.08.03 13:46:58.530,1.23123,1.23129,3.00,1.47
2012.08.03 13:46:58.886,1.23124,1.23134,2.10,4.65
2012.08.03 13:46:59.011,1.23129,1.23137,2.66,3.33
2012.08.03 13:46:59.078,1.23134,1.23141,2.85,2.25
2012.08.03 13:46:59.144,1.23134,1.23146,2.10,1.53
2012.08.03 13:46:59.329,1.23135,1.23151,4.35,3.85
2012.08.03 13:46:59.393,1.23135,1.23146,3.98,1.50
2012.08.03 13:47:00.171,1.23133,1.23142,4.20,2.25
2012.08.03 13:47:00.242,1.23136,1.23147,1.50,1.50
2012.08.03 13:47:00.539,1.23137,1.23149,2.85,5.74
2012.08.03 13:47:00.897,1.23135,1.23144,3.90,1.47
2012.08.03 13:47:01.372,1.23139,1.23145,2.48,1.50
2012.08.03 13:47:01.439,1.23139,1.23148,1.73,3.30
2012.08.03 13:47:01.796,1.23139,1.23146,1.73,1.05
2012.08.03 13:47:02.100,1.23134,1.23139,1.73,2.78
2012.08.03 13:47:02.345,1.23136,1.23141,1.50,1.50
2012.08.03 13:47:02.764,1.2313,1.23136,1.65,1.50
2012.08.03 13:47:02.889,1.23129,1.23139,1.50,1.80
2012.08.03 13:47:05.598,1.2313,1.23139,1.65,1.80
2012.08.03 13:47:05.685,1.23129,1.23139,1.73,3.75
2012.08.03 13:47:07.162,1.23125,1.23136,6.83,1.50
2012.08.03 13:47:07.869,1.23128,1.23136,1.73,1.50
2012.08.03 13:47:08.052,1.23126,1.23135,1.50,5.48
2012.08.03 13:47:08.596,1.23129,1.23137,1.50,1.20
2012.08.03 13:47:09.643,1.23128,1.23136,2.48,3.08
2012.08.03 13:47:09.884,1.23127,1.23136,1.50,3.38
2012.08.03 13:47:10.250,1.23127,1.23135,2.40,1.50
2012.08.03 13:47:10.788,1.23127,1.23134,1.43,1.50
2012.08.03 13:47:11.266,1.23128,1.23136,2.25,2.63
2012.08.03 13:47:13.733,1.23129,1.23137,2.48,1.50
2012.08.03 13:47:18.743,1.23125,1.23132,1.35,4.73
2012.08.03 13:47:18.813,1.23124,1.2313,1.88,1.50
2012.08.03 13:47:19.359,1.23124,1.23132,2.40,4.58
2012.08.03 13:47:19.483,1.23124,1.23131,1.50,1.50
2012.08.03 13:47:19.901,1.23122,1.23128,2.33,1.50
2012.08.03 13:47:20.435,1.23124,1.23129,1.43,1.50
2012.08.03 13:47:20.970,1.23121,1.23129,3.90,1.50
2012.08.03 13:47:21.094,1.23121,1.23127,1.28,1.50
2012.08.03 13:47:21.459,1.23121,1.23127,1.50,2.33
2012.08.03 13:47:21.526,1.2312,1.23126,1.50,1.95
2012.08.03 13:47:21.592,1.23118,1.23126,2.48,1.88
2012.08.03 13:47:21.776,1.23118,1.23126,1.50,4.50
2012.08.03 13:47:22.131,1.23116,1.23125,2.25,1.65
2012.08.03 13:47:22.895,1.23115,1.23123,3.15,1.05
2012.08.03 13:47:23.254,1.23116,1.23126,3.23,3.90
2012.08.03 13:47:23.498,1.23116,1.23125,2.18,1.28
2012.08.03 13:47:23.622,1.23114,1.23125,1.28,4.80
2012.08.03 13:47:23.687,1.23114,1.23125,1.28,3.75
2012.08.03 13:47:24.222,1.23114,1.23124,3.45,2.25
2012.08.03 13:47:24.583,1.23117,1.23125,1.65,3.53
2012.08.03 13:47:24.936,1.23115,1.23124,1.43,5.25
2012.08.03 13:47:25.470,1.23115,1.23124,1.43,6.08
2012.08.03 13:47:26.163,1.23115,1.23123,1.43,1.65
2012.08.03 13:47:26.228,1.23114,1.23122,1.65,2.55
2012.08.03 13:47:26.646,1.23116,1.23123,2.18,1.73
2012.08.03 13:47:26.828,1.23119,1.23126,1.43,1.28
2012.08.03 13:47:27.359,1.23118,1.23127,1.43,2.63
2012.08.03 13:47:28.471,1.23118,1.23127,1.65,1.88
2012.08.03 13:47:28.594,1.23117,1.23124,1.73,3.03
2012.08.03 13:47:29.098,1.23114,1.23125,1.50,1.35
2012.08.03 13:47:29.170,1.23115,1.23122,1.73,1.50
2012.08.03 13:47:29.236,1.23115,1.23121,2.85,1.13
2012.08.03 13:47:29.539,1.23121,1.23129,2.25,1.50
2012.08.03 13:47:29.602,1.23123,1.2313,2.25,2.10
2012.08.03 13:47:29.666,1.23123,1.2313,3.00,1.13
2012.08.03 13:47:29.730,1.23123,1.23131,3.00,5.10
2012.08.03 13:47:29.911,1.23123,1.23131,3.23,1.35
2012.08.03 13:47:30.150,1.23125,1.23131,1.48,1.35
2012.08.03 13:47:30.452,1.23123,1.23135,4.95,1.73
2012.08.03 13:47:30.520,1.23125,1.23136,2.33,2.48
2012.08.03 13:47:31.117,1.23126,1.23136,2.85,2.25
2012.08.03 13:47:31.181,1.23128,1.23136,2.48,1.50
2012.08.03 13:47:31.305,1.2313,1.23137,3.23,1.13
2012.08.03 13:47:31.613,1.23128,1.23135,2.93,1.50
2012.08.03 13:47:31.852,1.23126,1.23133,1.44,1.13
2012.08.03 13:47:31.973,1.23124,1.23136,1.66,3.75
2012.08.03 13:47:32.039,1.23124,1.23133,1.73,1.73
2012.08.03 13:47:32.323,1.23124,1.23135,1.50,1.73
2012.08.03 13:47:32.579,1.23128,1.23137,2.25,7.12
2012.08.03 13:47:32.703,1.23125,1.23133,3.16,1.50
2012.08.03 13:47:33.242,1.23125,1.23134,1.50,1.73
2012.08.03 13:47:33.367,1.23124,1.23134,2.07,1.50
2012.08.03 13:47:33.670,1.2313,1.23139,2.94,2.25
2012.08.03 13:47:33.972,1.23133,1.2314,3.16,2.25
2012.08.03 13:47:34.510,1.23136,1.23143,1.73,1.73
2012.08.03 13:47:34.575,1.23135,1.23143,6.01,3.23
2012.08.03 13:47:34.820,1.23139,1.23145,1.44,1.73
2012.08.03 13:47:35.064,1.23136,1.23144,3.16,1.50
2012.08.03 13:47:35.308,1.23136,1.23144,2.48,1.50
2012.08.03 13:47:35.963,1.23138,1.23146,3.75,2.25
2012.08.03 13:47:36.028,1.23138,1.23148,4.73,1.73
2012.08.03 13:47:36.268,1.2314,1.23148,2.25,3.38
2012.08.03 13:47:36.799,1.23141,1.23148,3.23,1.50
2012.08.03 13:47:37.040,1.23143,1.23153,2.19,3.60
2012.08.03 13:47:37.105,1.23143,1.23153,2.19,3.60
2012.08.03 13:47:37.171,1.23144,1.23153,1.73,3.60
2012.08.03 13:47:37.473,1.23142,1.23158,1.31,2.25
2012.08.03 13:47:37.600,1.23146,1.23156,2.25,1.50
2012.08.03 13:47:37.666,1.23148,1.23157,1.50,2.25
2012.08.03 13:47:37.793,1.23148,1.23159,2.25,2.48
2012.08.03 13:47:37.860,1.23151,1.23158,1.88,1.50
2012.08.03 13:47:38.280,1.23152,1.2316,1.65,1.43
2012.08.03 13:47:38.481,1.23154,1.2316,2.35,1.43
2012.08.03 13:47:38.604,1.23154,1.23163,3.10,1.43
2012.08.03 13:47:38.726,1.23155,1.23165,3.00,1.48
2012.08.03 13:47:39.148,1.23155,1.23167,3.00,2.93
2012.08.03 13:47:39.462,1.23153,1.2317,3.23,2.55
2012.08.03 13:47:39.534,1.2316,1.23166,1.73,1.50
2012.08.03 13:47:39.602,1.23159,1.23168,1.73,2.93
2012.08.03 13:47:39.673,1.23161,1.23169,1.50,1.50
2012.08.03 13:47:39.863,1.23162,1.2317,1.58,1.72
2012.08.03 13:47:39.928,1.23165,1.23169,1.50,1.50
2012.08.03 13:47:40.233,1.23164,1.23171,2.48,1.13
2012.08.03 13:47:40.775,1.23164,1.23173,2.40,1.36
2012.08.03 13:47:40.840,1.23165,1.23175,2.40,4.13
2012.08.03 13:47:41.082,1.23168,1.23175,1.73,1.50
2012.08.03 13:47:41.389,1.23169,1.23177,3.00,2.11
2012.08.03 13:47:41.513,1.23169,1.23176,1.50,3.00
2012.08.03 13:47:42.037,1.23172,1.2318,1.65,6.23
2012.08.03 13:47:42.108,1.23173,1.2318,1.65,5.70
2012.08.03 13:47:42.174,1.23173,1.23178,1.65,1.88
2012.08.03 13:47:42.421,1.23172,1.2318,3.15,1.49
2012.08.03 13:47:42.956,1.23172,1.2318,1.73,1.49
2012.08.03 13:47:43.200,1.2317,1.23179,2.43,4.50
2012.08.03 13:47:43.739,1.23169,1.23179,3.00,4.50
2012.08.03 13:47:44.574,1.23171,1.23181,3.75,2.99
2012.08.03 13:47:44.933,1.2317,1.23178,3.00,1.50
2012.08.03 13:47:45.059,1.23171,1.23178,3.38,3.75
2012.08.03 13:47:45.125,1.2317,1.2318,3.75,2.24
2012.08.03 13:47:45.310,1.23171,1.23182,4.13,1.13
2012.08.03 13:47:45.649,1.23171,1.23184,2.48,6.75
2012.08.03 13:47:45.720,1.2318,1.23188,2.46,1.50
2012.08.03 13:47:45.845,1.23181,1.23195,2.10,1.51
2012.08.03 13:47:46.034,1.23181,1.23189,2.20,3.38
2012.08.03 13:47:46.100,1.2318,1.23189,3.00,3.98
2012.08.03 13:47:46.282,1.2318,1.23192,2.25,3.38
2012.08.03 13:47:46.588,1.23177,1.23184,3.00,2.24
2012.08.03 13:47:46.774,1.23179,1.23186,2.25,2.48
2012.08.03 13:47:47.022,1.23176,1.23181,1.50,2.99
2012.08.03 13:47:47.088,1.23172,1.2318,2.25,3.75
2012.08.03 13:47:47.510,1.2317,1.23176,4.13,1.50
2012.08.03 13:47:47.820,1.2317,1.23178,2.85,2.25
2012.08.03 13:47:47.887,1.2317,1.23179,3.60,1.50
2012.08.03 13:47:48.893,1.2317,1.2318,2.25,1.50
2012.08.03 13:47:49.298,1.23169,1.23178,2.95,1.50
2012.08.03 13:47:50.491,1.2317,1.2318,1.50,4.88
2012.08.03 13:47:50.615,1.2317,1.2318,2.93,2.63
2012.08.03 13:47:50.980,1.2317,1.23181,3.68,1.88
2012.08.03 13:47:51.104,1.23171,1.23179,2.18,1.50
2012.08.03 13:47:51.463,1.23171,1.2318,1.73,2.25
2012.08.03 13:47:51.769,1.2317,1.2318,3.23,3.38
2012.08.03 13:47:51.834,1.23173,1.2318,1.50,2.63
2012.08.03 13:47:52.192,1.23172,1.23178,1.50,1.50
2012.08.03 13:47:52.943,1.2317,1.23178,3.23,3.00
2012.08.03 13:47:53.250,1.23168,1.23175,3.18,1.50
2012.08.03 13:47:53.315,1.23166,1.23175,5.33,1.50
2012.08.03 13:47:53.616,1.23167,1.23177,3.23,1.50
2012.08.03 13:47:53.742,1.23166,1.23172,5.10,1.13
2012.08.03 13:47:53.987,1.23165,1.23171,1.50,1.50
2012.08.03 13:47:54.055,1.23163,1.23171,5.10,1.50
2012.08.03 13:47:54.363,1.23166,1.23177,1.50,3.75
2012.08.03 13:47:54.845,1.23166,1.23174,4.73,1.50
2012.08.03 13:47:55.588,1.23163,1.23168,1.50,1.50
2012.08.03 13:47:55.663,1.23164,1.23172,1.50,1.50
2012.08.03 13:47:57.013,1.23165,1.23178,2.63,1.50
2012.08.03 13:47:57.538,1.23169,1.23179,3.23,2.63
2012.08.03 13:47:58.052,1.2317,1.23179,1.68,1.13
2012.08.03 13:47:58.526,1.23169,1.23176,2.48,3.38
2012.08.03 13:47:58.592,1.23168,1.23176,3.00,3.38
2012.08.03 13:47:59.132,1.23165,1.23175,4.68,3.75
2012.08.03 13:47:59.373,1.23165,1.23175,4.50,7.20
2012.08.03 13:47:59.439,1.23165,1.23172,3.00,1.50
2012.08.03 13:47:59.564,1.23163,1.23171,1.68,1.88
2012.08.03 13:47:59.631,1.23161,1.23171,6.23,3.00
2012.08.03 13:47:59.754,1.23159,1.23169,1.50,1.13
2012.08.03 13:48:00.297,1.23159,1.23169,2.48,1.13
2012.08.03 13:48:00.560,1.23159,1.23167,1.73,2.63
2012.08.03 13:48:00.904,1.23158,1.23165,3.23,1.88
2012.08.03 13:48:01.378,1.23156,1.23165,5.10,1.13
2012.08.03 13:48:01.446,1.23156,1.23167,3.75,3.45
2012.08.03 13:48:01.932,1.23156,1.23166,1.73,2.85
2012.08.03 13:48:02.476,1.23157,1.23165,3.00,1.50
2012.08.03 13:48:02.662,1.23159,1.23167,1.50,1.50
2012.08.03 13:48:02.786,1.23159,1.23169,2.25,2.63
2012.08.03 13:48:03.444,1.23158,1.23168,4.50,1.50
2012.08.03 13:48:03.863,1.23161,1.2317,1.50,1.13
2012.08.03 13:48:03.987,1.2316,1.2317,6.23,1.35
2012.08.03 13:48:04.111,1.2316,1.2317,3.23,2.63
2012.08.03 13:48:04.177,1.23159,1.2317,3.70,1.13
2012.08.03 13:48:04.682,1.23159,1.2317,3.70,2.33
2012.08.03 13:48:04.804,1.23158,1.23168,1.50,1.50
2012.08.03 13:48:05.349,1.23156,1.23166,3.93,1.50
2012.08.03 13:48:05.771,1.23158,1.23167,1.50,1.50
2012.08.03 13:48:06.071,1.2316,1.23168,2.25,1.13
2012.08.03 13:48:06.255,1.23159,1.23168,3.98,1.13
2012.08.03 13:48:06.381,1.2316,1.23168,1.50,1.88
2012.08.03 13:48:06.505,1.23159,1.23166,1.50,1.88
2012.08.03 13:48:06.631,1.23157,1.23162,1.50,1.13
2012.08.03 13:48:06.875,1.23154,1.23162,3.94,1.35
2012.08.03 13:48:07.412,1.23153,1.23162,3.60,2.10
2012.08.03 13:48:08.668,1.23154,1.23162,2.85,2.10
2012.08.03 13:48:08.909,1.23153,1.23159,2.40,1.50
2012.08.03 13:48:09.447,1.23152,1.2316,6.53,1.50
2012.08.03 13:48:09.748,1.23155,1.23162,1.43,1.35
2012.08.03 13:48:10.567,1.23151,1.23161,6.18,1.50
2012.08.03 13:48:11.098,1.23151,1.2316,4.68,1.88
2012.08.03 13:48:11.921,1.23152,1.2316,1.73,1.88
2012.08.03 13:48:12.309,1.2315,1.23156,2.43,1.50
2012.08.03 13:48:12.491,1.2315,1.23158,2.43,2.25
2012.08.03 13:48:13.022,1.23151,1.23159,2.48,1.88
2012.08.03 13:48:13.338,1.23151,1.2316,3.93,1.88
2012.08.03 13:48:13.643,1.23155,1.23163,2.25,1.88
2012.08.03 13:48:13.829,1.23156,1.23165,2.25,2.48
2012.08.03 13:48:13.897,1.23159,1.23166,1.50,3.23
2012.08.03 13:48:13.962,1.23159,1.23167,1.50,1.88
2012.08.03 13:48:14.089,1.23161,1.23169,2.25,2.85
2012.08.03 13:48:14.628,1.23161,1.23169,5.43,1.50
2012.08.03 13:48:14.755,1.23164,1.23171,4.35,1.50
2012.08.03 13:48:14.941,1.23166,1.23172,1.68,1.50
2012.08.03 13:48:15.008,1.23167,1.23175,2.20,3.75
2012.08.03 13:48:15.477,1.2317,1.23178,1.68,2.25
2012.08.03 13:48:15.549,1.23171,1.23179,3.18,2.25
2012.08.03 13:48:15.675,1.23169,1.23177,4.68,2.25
2012.08.03 13:48:15.991,1.23168,1.23176,1.50,1.51
2012.08.03 13:48:16.058,1.23168,1.23174,1.50,2.48
2012.08.03 13:48:16.185,1.23167,1.23172,1.50,1.50
2012.08.03 13:48:16.369,1.23158,1.23168,3.75,2.48
2012.08.03 13:48:16.493,1.2316,1.23168,1.50,1.50
2012.08.03 13:48:16.677,1.23159,1.23168,2.48,1.50
2012.08.03 13:48:17.390,1.23163,1.23169,1.50,2.10
2012.08.03 13:48:17.693,1.23164,1.23173,2.48,1.50
2012.08.03 13:48:17.758,1.23164,1.23173,2.95,1.50
2012.08.03 13:48:18.122,1.23167,1.23175,1.50,3.75
2012.08.03 13:48:18.256,1.23164,1.23173,3.93,1.13
2012.08.03 13:48:18.748,1.23162,1.23172,2.95,3.23
2012.08.03 13:48:19.289,1.23164,1.23174,2.25,3.60
2012.08.03 13:48:19.651,1.23164,1.23174,3.23,3.60
2012.08.03 13:48:19.955,1.23168,1.23176,2.43,2.25
2012.08.03 13:48:20.544,1.23161,1.23174,1.88,1.50
2012.08.03 13:48:20.733,1.23163,1.2317,5.25,1.50
2012.08.03 13:48:20.919,1.23163,1.23168,1.50,1.50
2012.08.03 13:48:21.047,1.23161,1.23167,1.50,1.13
2012.08.03 13:48:21.582,1.23159,1.23167,2.25,1.73
2012.08.03 13:48:22.344,1.23159,1.23164,2.43,1.50
2012.08.03 13:48:22.655,1.2316,1.23166,1.50,1.50
2012.08.03 13:48:22.963,1.23159,1.23167,3.23,1.50
2012.08.03 13:48:23.500,1.23163,1.2317,1.50,3.60
2012.08.03 13:48:23.740,1.23164,1.2317,1.50,1.35
2012.08.03 13:48:24.857,1.23164,1.23172,1.73,1.50
2012.08.03 13:48:24.923,1.23164,1.2317,1.73,1.13
2012.08.03 13:48:25.228,1.23159,1.23164,2.25,1.35
2012.08.03 13:48:25.535,1.23153,1.23161,2.48,1.50
2012.08.03 13:48:25.661,1.23155,1.23163,1.50,1.35
2012.08.03 13:48:26.171,1.23155,1.23163,2.25,1.35
2012.08.03 13:48:26.528,1.23155,1.23161,2.25,1.13
2012.08.03 13:48:26.711,1.23153,1.23161,1.50,1.35
2012.08.03 13:48:27.248,1.23152,1.23161,2.25,2.48
2012.08.03 13:48:27.785,1.23154,1.23163,3.00,1.50
2012.08.03 13:48:27.913,1.23158,1.23165,2.85,4.73
2012.08.03 13:48:27.979,1.23164,1.2317,1.13,4.50
2012.08.03 13:48:28.336,1.23164,1.23173,3.00,1.13
2012.08.03 13:48:28.645,1.2317,1.23176,4.35,1.13
2012.08.03 13:48:28.952,1.23169,1.23175,1.50,1.50
2012.08.03 13:48:29.078,1.23165,1.23171,2.25,3.75
2012.08.03 13:48:29.323,1.23163,1.2317,1.50,1.88
2012.08.03 13:48:29.676,1.23156,1.23164,2.25,2.25
2012.08.03 13:48:29.984,1.23153,1.2316,1.50,1.50
2012.08.03 13:48:30.289,1.23152,1.2316,3.75,1.50
2012.08.03 13:48:30.354,1.23153,1.23162,1.50,1.50
2012.08.03 13:48:30.602,1.23151,1.23163,3.75,1.50
2012.08.03 13:48:30.666,1.23151,1.23164,3.75,4.50
2012.08.03 13:48:30.789,1.23152,1.23164,1.50,1.50
2012.08.03 13:48:31.092,1.23156,1.23164,1.50,1.35
2012.08.03 13:48:31.395,1.23157,1.23164,3.00,1.13
2012.08.03 13:48:31.944,1.23157,1.23168,2.48,3.23
2012.08.03 13:48:32.127,1.23158,1.23168,1.73,2.10
2012.08.03 13:48:34.422,1.23158,1.23169,3.18,3.98
2012.08.03 13:48:34.785,1.23156,1.23166,1.68,2.10
2012.08.03 13:48:34.909,1.23156,1.23164,1.68,2.10
2012.08.03 13:48:35.218,1.23151,1.23159,1.73,1.73
2012.08.03 13:48:35.522,1.23153,1.23162,1.50,2.85
2012.08.03 13:48:36.058,1.23154,1.2316,1.43,1.35
2012.08.03 13:48:36.240,1.23152,1.2316,1.43,2.48
2012.08.03 13:48:36.771,1.23151,1.23161,2.13,2.48
2012.08.03 13:48:37.199,1.23151,1.23161,5.13,3.75
2012.08.03 13:48:37.446,1.23153,1.23161,3.60,1.75
2012.08.03 13:48:37.514,1.23155,1.23162,1.45,4.50
2012.08.03 13:48:38.094,1.23155,1.23164,1.68,1.50
2012.08.03 13:48:38.178,1.23158,1.23164,1.68,1.50
2012.08.03 13:48:38.246,1.23159,1.23164,1.68,1.50
2012.08.03 13:48:38.312,1.23158,1.23168,2.80,1.88
2012.08.03 13:48:38.732,1.2316,1.23168,1.68,2.25
2012.08.03 13:48:39.272,1.23162,1.23169,1.68,2.25
2012.08.03 13:48:39.339,1.23163,1.2317,2.43,1.50
2012.08.03 13:48:39.406,1.23163,1.23173,1.68,3.98
2012.08.03 13:48:39.472,1.23164,1.23174,1.68,1.73
2012.08.03 13:48:40.127,1.23166,1.23174,2.43,1.50
2012.08.03 13:48:40.667,1.23167,1.23175,2.43,1.50
2012.08.03 13:48:41.268,1.2317,1.23175,1.73,1.13
2012.08.03 13:48:41.696,1.23176,1.23183,1.50,1.50
2012.08.03 13:48:41.762,1.23174,1.23182,3.75,1.43
2012.08.03 13:48:42.143,1.23172,1.2318,6.18,1.43
2012.08.03 13:48:42.263,1.23174,1.23182,2.25,2.85
2012.08.03 13:48:42.795,1.23176,1.23185,1.45,3.15
2012.08.03 13:48:43.348,1.23174,1.23182,4.68,1.43
2012.08.03 13:48:43.887,1.23174,1.23181,2.43,1.50
2012.08.03 13:48:43.952,1.23174,1.23181,1.73,1.50
2012.08.03 13:48:44.489,1.23173,1.2318,1.50,1.88
2012.08.03 13:48:45.027,1.23171,1.23177,2.43,1.50
2012.08.03 13:48:45.532,1.2317,1.23176,1.50,1.88
2012.08.03 13:48:45.607,1.23169,1.23174,1.50,1.50
2012.08.03 13:48:45.675,1.23166,1.23175,2.25,1.73
2012.08.03 13:48:45.860,1.23165,1.23174,3.00,2.48
2012.08.03 13:48:45.925,1.23165,1.23172,2.20,1.73
2012.08.03 13:48:46.466,1.23163,1.23171,2.43,2.25
2012.08.03 13:48:46.767,1.23156,1.23164,1.73,4.50
2012.08.03 13:48:47.303,1.23156,1.23164,2.43,2.25
2012.08.03 13:48:47.669,1.23157,1.23167,1.68,5.48
2012.08.03 13:48:47.973,1.23155,1.23164,1.50,1.50
2012.08.03 13:48:48.096,1.23154,1.2316,3.23,1.13
2012.08.03 13:48:48.398,1.23151,1.23156,3.98,1.13
2012.08.03 13:48:48.521,1.23152,1.23161,2.48,1.35
2012.08.03 13:48:48.766,1.23152,1.23162,2.25,1.88
2012.08.03 13:48:49.311,1.23151,1.2316,2.10,2.25
2012.08.03 13:48:49.911,1.2315,1.23159,1.73,2.63
2012.08.03 13:48:50.446,1.2315,1.23158,2.48,1.50
2012.08.03 13:48:50.922,1.23148,1.23158,3.00,1.50
2012.08.03 13:48:51.164,1.2315,1.23159,2.25,1.50
2012.08.03 13:48:51.292,1.23151,1.2316,3.23,1.88
2012.08.03 13:48:51.534,1.23149,1.23157,2.48,2.25
2012.08.03 13:48:52.068,1.23148,1.23156,1.68,2.25
2012.08.03 13:48:52.902,1.23146,1.23156,1.50,2.63
2012.08.03 13:48:53.086,1.23145,1.23156,2.48,4.13
2012.08.03 13:48:53.213,1.23146,1.23156,4.50,1.50
2012.08.03 13:48:53.339,1.23145,1.23155,1.13,1.50
2012.08.03 13:48:53.672,1.23144,1.23151,2.48,1.13
2012.08.03 13:48:54.924,1.23143,1.2315,3.00,1.88
2012.08.03 13:48:55.049,1.23141,1.2315,3.98,1.88
2012.08.03 13:48:55.639,1.23141,1.23149,3.98,2.25
2012.08.03 13:48:55.824,1.23141,1.23149,1.73,2.25
2012.08.03 13:48:56.359,1.23141,1.23149,1.50,2.48
2012.08.03 13:48:56.426,1.23141,1.23149,1.50,1.73
2012.08.03 13:48:56.964,1.23141,1.23149,1.50,2.85
2012.08.03 13:48:57.325,1.23138,1.23145,2.48,1.50
2012.08.03 13:48:57.715,1.23137,1.23145,4.68,1.50
2012.08.03 13:48:58.247,1.23137,1.23145,4.68,1.50
2012.08.03 13:48:58.776,1.23137,1.23145,5.43,1.50
2012.08.03 13:48:58.841,1.23138,1.23148,1.73,3.00
2012.08.03 13:48:59.374,1.23138,1.23148,1.50,3.23
2012.08.03 13:48:59.440,1.23138,1.23148,2.25,2.48
2012.08.03 13:48:59.506,1.23139,1.23148,2.20,1.73
2012.08.03 13:48:59.870,1.23142,1.23151,2.48,2.10
2012.08.03 13:49:00.401,1.23142,1.23151,1.73,2.10
2012.08.03 13:49:00.523,1.23142,1.23151,2.10,2.10
2012.08.03 13:49:00.827,1.23148,1.23155,2.43,2.25
2012.08.03 13:49:01.014,1.2315,1.23158,1.50,1.35
2012.08.03 13:49:01.141,1.2315,1.23155,1.50,1.13
2012.08.03 13:49:01.552,1.23154,1.23161,1.50,1.13
2012.08.03 13:49:01.808,1.23156,1.23162,1.50,1.35
2012.08.03 13:49:01.934,1.23157,1.23164,1.73,1.50
2012.08.03 13:49:02.243,1.23159,1.23164,4.13,1.50
2012.08.03 13:49:02.369,1.2316,1.23165,2.25,2.25
2012.08.03 13:49:02.610,1.2316,1.23167,1.50,1.73
2012.08.03 13:49:02.733,1.23161,1.23169,3.08,2.25
2012.08.03 13:49:02.857,1.23162,1.2317,1.50,2.25
2012.08.03 13:49:03.278,1.23165,1.2317,1.50,1.50
2012.08.03 13:49:03.519,1.23164,1.23174,2.48,1.73
2012.08.03 13:49:03.940,1.23166,1.23175,1.50,4.35
2012.08.03 13:49:04.244,1.23167,1.23176,1.50,3.23
2012.08.03 13:49:04.484,1.23173,1.23182,3.00,1.73
2012.08.03 13:49:05.061,1.23172,1.2318,1.50,3.23
2012.08.03 13:49:06.294,1.23172,1.2318,1.50,1.73
2012.08.03 13:49:06.829,1.23172,1.2318,1.50,2.48
2012.08.03 13:49:07.016,1.23172,1.23182,2.20,4.13
2012.08.03 13:49:07.319,1.23175,1.23183,2.10,1.50
2012.08.03 13:49:07.384,1.23175,1.23183,1.35,2.25
2012.08.03 13:49:07.450,1.23174,1.23183,2.48,2.48
2012.08.03 13:49:07.574,1.23174,1.23181,3.98,1.13
2012.08.03 13:49:07.879,1.23173,1.2318,1.73,1.13
2012.08.03 13:49:08.245,1.23172,1.23177,1.50,1.13
2012.08.03 13:49:08.374,1.23172,1.23177,1.50,1.13
2012.08.03 13:49:08.501,1.2317,1.23178,4.50,1.88
2012.08.03 13:49:08.988,1.23175,1.23184,3.75,2.25
2012.08.03 13:49:09.304,1.2318,1.23186,2.25,2.11
2012.08.03 13:49:09.485,1.23178,1.23186,1.50,2.11
2012.08.03 13:49:09.848,1.23176,1.23181,2.25,1.35
2012.08.03 13:49:09.914,1.23175,1.23181,2.25,1.35
2012.08.03 13:49:10.398,1.23173,1.2318,2.25,1.35
2012.08.03 13:49:10.641,1.23175,1.23181,1.50,1.35
2012.08.03 13:49:10.828,1.23177,1.23185,1.68,3.00
2012.08.03 13:49:10.892,1.23179,1.23185,2.25,3.00
2012.08.03 13:49:11.203,1.23177,1.23185,2.25,2.48
2012.08.03 13:49:11.330,1.23178,1.23185,1.50,1.88
2012.08.03 13:49:11.696,1.23179,1.23185,1.43,3.45
2012.08.03 13:49:11.761,1.23177,1.23183,2.85,1.73
2012.08.03 13:49:11.885,1.23175,1.23181,3.60,1.35
2012.08.03 13:49:12.250,1.23179,1.23186,1.50,1.13
2012.08.03 13:49:12.615,1.23181,1.23187,2.18,1.50
2012.08.03 13:49:12.739,1.23183,1.2319,2.18,2.10
2012.08.03 13:49:13.277,1.23183,1.2319,1.43,1.13
2012.08.03 13:49:13.582,1.23178,1.23186,1.73,1.50
2012.08.03 13:49:13.884,1.23173,1.23179,3.68,1.13
2012.08.03 13:49:13.951,1.23172,1.23179,1.50,1.35
2012.08.03 13:49:14.136,1.23174,1.23183,1.73,2.63
2012.08.03 13:49:14.262,1.23175,1.23183,2.40,1.50
2012.08.03 13:49:14.327,1.23179,1.23186,1.43,3.60
2012.08.03 13:49:14.631,1.23181,1.23189,3.15,2.25
2012.08.03 13:49:15.104,1.23183,1.23191,2.18,3.60
2012.08.03 13:49:15.792,1.23185,1.23193,1.43,2.48
2012.08.03 13:49:15.918,1.23185,1.23193,2.40,2.48
2012.08.03 13:49:16.457,1.23185,1.23193,1.68,2.48
2012.08.03 13:49:16.581,1.23186,1.23193,3.23,2.48
2012.08.03 13:49:16.885,1.23188,1.232,1.50,2.48
2012.08.03 13:49:17.423,1.23193,1.232,1.50,1.13
2012.08.03 13:49:17.956,1.23192,1.232,1.50,1.13
2012.08.03 13:49:18.021,1.23192,1.232,1.50,1.35
2012.08.03 13:49:18.087,1.23192,1.23206,3.00,3.38
2012.08.03 13:49:18.389,1.23202,1.23209,1.45,1.73
2012.08.03 13:49:18.518,1.23202,1.23212,1.50,1.88
2012.08.03 13:49:18.584,1.23203,1.23214,1.45,4.96
2012.08.03 13:49:18.650,1.23203,1.23211,1.45,2.25
2012.08.03 13:49:19.191,1.23208,1.2322,1.50,8.25
2012.08.03 13:49:19.276,1.23209,1.23222,2.20,1.73
2012.08.03 13:49:19.344,1.23211,1.23223,1.13,1.50
2012.08.03 13:49:19.412,1.23212,1.23225,1.88,5.10
2012.08.03 13:49:19.477,1.23213,1.23226,1.13,4.35
2012.08.03 13:49:19.542,1.23215,1.23226,1.73,2.63
2012.08.03 13:49:19.611,1.23216,1.23227,1.50,2.63
2012.08.03 13:49:19.679,1.23218,1.23228,1.50,1.88
2012.08.03 13:49:19.802,1.23219,1.23229,1.73,1.88
2012.08.03 13:49:20.445,1.23219,1.2323,3.98,1.88
2012.08.03 13:49:20.750,1.23222,1.23229,3.23,1.50
2012.08.03 13:49:20.817,1.23223,1.2323,1.73,3.38
2012.08.03 13:49:20.887,1.23225,1.2323,4.58,1.13
2012.08.03 13:49:21.016,1.23227,1.23234,1.50,2.10
2012.08.03 13:49:21.083,1.23225,1.23233,3.75,3.83
2012.08.03 13:49:21.149,1.23225,1.23232,4.50,1.88
2012.08.03 13:49:21.532,1.23223,1.23232,1.50,2.48
2012.08.03 13:49:21.666,1.23222,1.2323,1.50,2.10
2012.08.03 13:49:22.024,1.23217,1.23222,1.50,1.50
2012.08.03 13:49:22.506,1.23213,1.23223,2.43,3.23
2012.08.03 13:49:22.750,1.23212,1.23221,1.68,1.73
2012.08.03 13:49:22.936,1.23218,1.23223,1.50,5.10
2012.08.03 13:49:23.123,1.23216,1.23222,1.50,4.13
2012.08.03 13:49:23.540,1.23217,1.23223,1.68,6.15
2012.08.03 13:49:23.844,1.23218,1.23225,1.45,1.43
2012.08.03 13:49:24.384,1.23219,1.23227,2.48,2.25
2012.08.03 13:49:24.919,1.2322,1.23227,2.25,1.50
2012.08.03 13:49:25.045,1.2322,1.23227,1.50,1.43
2012.08.03 13:49:25.109,1.2322,1.23229,1.50,1.43
2012.08.03 13:49:25.290,1.2322,1.23227,1.50,1.43
2012.08.03 13:49:25.667,1.23225,1.23235,3.00,1.43
2012.08.03 13:49:25.735,1.23226,1.23235,5.10,1.43
2012.08.03 13:49:25.862,1.23228,1.23238,1.83,1.43
2012.08.03 13:49:26.108,1.2323,1.23238,5.58,1.43
2012.08.03 13:49:26.289,1.23229,1.23241,4.48,1.43
2012.08.03 13:49:26.649,1.23228,1.23238,5.85,1.50
2012.08.03 13:49:26.953,1.23223,1.2323,3.00,1.88
2012.08.03 13:49:27.254,1.23222,1.23229,1.50,1.50
2012.08.03 13:49:27.436,1.23218,1.23229,5.95,1.50
2012.08.03 13:49:27.558,1.23217,1.23227,1.50,2.25
2012.08.03 13:49:27.682,1.23217,1.23227,1.45,3.75
2012.08.03 13:49:27.986,1.23213,1.2322,2.25,1.50
2012.08.03 13:49:28.227,1.2321,1.23219,1.45,2.25
2012.08.03 13:49:28.409,1.23208,1.23219,1.45,3.00
2012.08.03 13:49:28.652,1.23208,1.2322,2.20,3.38
2012.08.03 13:49:29.205,1.23208,1.2322,2.95,2.63
2012.08.03 13:49:29.515,1.23209,1.23214,3.60,1.13
2012.08.03 13:49:29.762,1.23203,1.23213,1.73,3.98
2012.08.03 13:49:30.180,1.23204,1.23215,4.12,4.35
2012.08.03 13:49:30.365,1.23205,1.23216,1.73,3.60
2012.08.03 13:49:30.723,1.23206,1.23212,1.68,1.50
2012.08.03 13:49:30.962,1.23206,1.23214,1.68,1.50
2012.08.03 13:49:31.324,1.23207,1.23212,1.73,1.50
2012.08.03 13:49:31.448,1.23207,1.23215,3.23,3.00
2012.08.03 13:49:31.569,1.23207,1.23213,1.73,1.50
2012.08.03 13:49:31.867,1.23207,1.23215,3.23,1.50
2012.08.03 13:49:32.400,1.23206,1.23214,1.68,1.50
2012.08.03 13:49:32.645,1.23204,1.23214,3.00,5.48
2012.08.03 13:49:32.971,1.23207,1.23213,1.50,1.73
2012.08.03 13:49:33.282,1.23206,1.23211,2.25,1.13
2012.08.03 13:49:33.348,1.23203,1.23211,1.73,3.38
2012.08.03 13:49:33.592,1.23202,1.2321,2.25,3.98
2012.08.03 13:49:34.126,1.23205,1.2321,1.50,1.50
2012.08.03 13:49:34.543,1.23201,1.23208,1.50,2.10
2012.08.03 13:49:34.664,1.23198,1.23206,1.45,1.50
2012.08.03 13:49:35.313,1.23199,1.23206,2.20,1.50
2012.08.03 13:49:35.855,1.23199,1.23206,2.20,1.50
2012.08.03 13:49:35.979,1.232,1.23209,1.50,1.73
2012.08.03 13:49:36.400,1.232,1.23208,1.73,1.50
2012.08.03 13:49:36.744,1.23205,1.2321,1.50,1.88
2012.08.03 13:49:36.927,1.23205,1.2321,1.50,1.88
2012.08.03 13:49:36.994,1.23206,1.23214,1.50,3.38
2012.08.03 13:49:37.347,1.23213,1.23218,1.50,3.38
2012.08.03 13:49:37.537,1.23213,1.23218,1.50,1.88
2012.08.03 13:49:37.781,1.23211,1.23218,2.48,1.88
2012.08.03 13:49:37.907,1.23207,1.23213,1.50,1.50
2012.08.03 13:49:38.652,1.23212,1.23217,1.50,1.50
2012.08.03 13:49:38.837,1.23213,1.2322,1.50,2.85
2012.08.03 13:49:39.196,1.23216,1.23223,1.50,1.88
2012.08.03 13:49:39.379,1.2322,1.23227,2.48,1.13
2012.08.03 13:49:39.858,1.23222,1.23228,1.73,1.13
2012.08.03 13:49:40.277,1.23222,1.2323,1.45,1.50
2012.08.03 13:49:40.462,1.23224,1.23231,1.50,1.88
2012.08.03 13:49:40.647,1.23226,1.23231,1.50,1.50
2012.08.03 13:49:40.954,1.23229,1.23239,2.43,3.98
2012.08.03 13:49:41.210,1.23229,1.23237,2.20,4.35
2012.08.03 13:49:41.278,1.23229,1.23237,2.20,4.58
2012.08.03 13:49:41.462,1.23229,1.23237,2.20,3.08
2012.08.03 13:49:41.587,1.23229,1.23238,2.43,3.23
2012.08.03 13:49:42.125,1.23232,1.23238,1.50,1.50
2012.08.03 13:49:42.367,1.23228,1.23236,2.25,2.85
2012.08.03 13:49:42.671,1.23226,1.23233,2.25,1.50
2012.08.03 13:49:42.795,1.23224,1.23233,3.18,2.25
2012.08.03 13:49:42.858,1.23224,1.23233,3.18,2.25
2012.08.03 13:49:43.403,1.23225,1.23232,1.50,2.25
2012.08.03 13:49:43.936,1.23224,1.23232,2.43,3.00
2012.08.03 13:49:44.062,1.23224,1.23231,2.43,1.50
2012.08.03 13:49:44.420,1.23224,1.23232,3.18,3.75
2012.08.03 13:49:44.545,1.23226,1.23234,1.45,2.25
2012.08.03 13:49:44.611,1.23226,1.23234,1.68,2.25
2012.08.03 13:49:44.676,1.23226,1.23235,2.48,3.75
2012.08.03 13:49:44.799,1.23229,1.23236,1.45,2.25
2012.08.03 13:49:45.426,1.23229,1.23237,2.43,3.00
2012.08.03 13:49:45.958,1.23229,1.23237,3.18,2.25
2012.08.03 13:49:46.491,1.23226,1.23236,3.93,3.00
2012.08.03 13:49:46.791,1.23226,1.23235,3.00,1.73
2012.08.03 13:49:46.917,1.23226,1.23232,1.50,2.25
2012.08.03 13:49:47.160,1.23225,1.23233,1.45,2.48
2012.08.03 13:49:47.467,1.23228,1.23237,2.43,3.00
2012.08.03 13:49:47.827,1.23227,1.23236,1.73,2.25
2012.08.03 13:49:48.362,1.23226,1.23234,1.35,1.50
2012.08.03 13:49:48.901,1.23231,1.23237,1.45,2.25
2012.08.03 13:49:49.081,1.2323,1.23237,1.68,1.50
2012.08.03 13:49:49.614,1.23229,1.23238,1.45,3.98
2012.08.03 13:49:49.863,1.23228,1.23236,2.20,1.50
2012.08.03 13:49:49.990,1.23228,1.23238,2.20,5.48
2012.08.03 13:49:50.055,1.23228,1.23238,2.20,3.98
2012.08.03 13:49:50.588,1.23229,1.23238,3.70,3.23
2012.08.03 13:49:51.122,1.23229,1.23239,2.25,1.73
2012.08.03 13:49:51.245,1.23229,1.23239,2.25,1.73
2012.08.03 13:49:52.480,1.23229,1.2324,2.25,4.35
2012.08.03 13:49:52.955,1.23229,1.2324,2.25,3.23
2012.08.03 13:49:53.136,1.2323,1.23241,4.35,1.73
2012.08.03 13:49:53.663,1.23234,1.23242,1.45,2.48
2012.08.03 13:49:54.190,1.23233,1.23241,2.20,1.73
2012.08.03 13:49:54.520,1.23232,1.2324,1.45,2.25
2012.08.03 13:49:54.584,1.23232,1.2324,2.20,2.48
2012.08.03 13:49:55.001,1.23232,1.23241,2.95,1.88
2012.08.03 13:49:55.361,1.23235,1.23243,2.25,2.48
2012.08.03 13:49:55.602,1.23235,1.23243,4.45,1.50
2012.08.03 13:49:55.903,1.23234,1.23246,2.43,2.82
2012.08.03 13:49:56.326,1.23241,1.23248,2.20,1.73
2012.08.03 13:49:56.391,1.23239,1.23246,3.00,1.50
2012.08.03 13:49:56.929,1.23239,1.23245,1.50,3.08
2012.08.03 13:49:57.234,1.23236,1.23244,2.25,3.23
2012.08.03 13:49:57.361,1.23241,1.23246,1.50,1.50
2012.08.03 13:49:57.548,1.23243,1.23251,2.95,2.48
2012.08.03 13:49:58.049,1.23241,1.23249,2.95,1.73
2012.08.03 13:49:58.292,1.23242,1.23249,2.25,1.50
2012.08.03 13:49:58.595,1.23241,1.2325,3.31,1.35
2012.08.03 13:49:59.251,1.2324,1.23248,1.45,1.50
2012.08.03 13:49:59.375,1.2324,1.23251,1.50,3.23
2012.08.03 13:50:00.440,1.2324,1.23251,3.00,4.73
2012.08.03 13:50:00.563,1.23239,1.23247,3.00,1.50
2012.08.03 13:50:01.305,1.23242,1.2325,1.45,3.23
2012.08.03 13:50:01.621,1.23247,1.23253,3.23,1.50
2012.08.03 13:50:01.806,1.23249,1.2326,1.50,1.50
2012.08.03 13:50:01.996,1.23248,1.23257,4.68,2.55
2012.08.03 13:50:02.477,1.23247,1.23255,2.85,1.43
2012.08.03 13:50:03.017,1.23246,1.23256,5.85,1.43
2012.08.03 13:50:03.083,1.23248,1.23258,1.73,1.73
2012.08.03 13:50:03.616,1.2325,1.2326,2.20,3.00
2012.08.03 13:50:03.863,1.23249,1.23258,1.45,1.35
2012.08.03 13:50:04.286,1.2325,1.23259,3.23,2.48
2012.08.03 13:50:04.529,1.23249,1.23258,1.50,3.60
2012.08.03 13:50:04.867,1.23249,1.23256,1.50,2.48
2012.08.03 13:50:04.995,1.23247,1.23256,3.00,1.88
2012.08.03 13:50:05.184,1.2324,1.23249,1.45,1.50
2012.08.03 13:50:05.312,1.23244,1.23251,1.50,2.25
2012.08.03 13:50:05.436,1.23241,1.23249,1.50,2.85
2012.08.03 13:50:05.503,1.2324,1.23249,1.45,2.63
2012.08.03 13:50:05.627,1.23239,1.23247,4.73,1.50
2012.08.03 13:50:05.930,1.23241,1.2325,4.45,2.85
2012.08.03 13:50:06.294,1.23245,1.23254,1.50,4.73
2012.08.03 13:50:06.837,1.23243,1.23252,2.95,2.10
2012.08.03 13:50:07.204,1.23244,1.23253,1.50,1.73
2012.08.03 13:50:07.564,1.23243,1.23248,3.63,2.10
2012.08.03 13:50:07.871,1.23236,1.23243,2.25,1.73
2012.08.03 13:50:07.936,1.23238,1.23244,1.43,3.38
2012.08.03 13:50:08.374,1.23236,1.23245,1.43,2.10
2012.08.03 13:50:08.618,1.23235,1.23243,2.18,1.73
2012.08.03 13:50:08.802,1.23232,1.23241,2.88,2.48
2012.08.03 13:50:08.985,1.23232,1.23239,1.43,1.35
2012.08.03 13:50:09.523,1.23231,1.23239,1.43,3.98
2012.08.03 13:50:10.057,1.2323,1.23238,1.50,1.35
2012.08.03 13:50:10.360,1.23227,1.23232,2.95,1.88
2012.08.03 13:50:10.667,1.23221,1.2323,2.20,3.23
2012.08.03 13:50:10.910,1.23223,1.23231,1.50,3.23
2012.08.03 13:50:11.036,1.23225,1.23231,2.20,1.73
2012.08.03 13:50:11.458,1.23224,1.2323,1.45,1.50
2012.08.03 13:50:11.894,1.23224,1.23234,5.33,3.38
2012.08.03 13:50:11.963,1.23225,1.23235,2.48,2.25
2012.08.03 13:50:12.505,1.23226,1.23233,1.50,1.50
2012.08.03 13:50:12.630,1.23226,1.23236,3.00,1.50
2012.08.03 13:50:12.754,1.23227,1.23238,1.73,1.73
2012.08.03 13:50:13.112,1.2323,1.23238,2.25,1.73
2012.08.03 13:50:13.711,1.2323,1.23238,1.50,1.73
2012.08.03 13:50:14.073,1.2323,1.23237,1.50,2.48
2012.08.03 13:50:14.256,1.2323,1.23237,1.50,1.73
2012.08.03 13:50:14.321,1.2323,1.23237,2.25,1.73
2012.08.03 13:50:14.563,1.23232,1.23238,1.50,1.35
2012.08.03 13:50:15.098,1.23233,1.23238,1.50,1.35
2012.08.03 13:50:15.456,1.23231,1.23238,1.50,1.35
2012.08.03 13:50:15.522,1.23231,1.23238,3.00,1.35
2012.08.03 13:50:15.816,1.23231,1.23238,2.25,2.10
2012.08.03 13:50:16.058,1.23232,1.23238,1.50,2.10
2012.08.03 13:50:16.595,1.23231,1.23238,1.50,2.85
2012.08.03 13:50:16.719,1.23228,1.23237,3.00,2.10
2012.08.03 13:50:17.098,1.23227,1.23237,1.50,2.85
2012.08.03 13:50:17.414,1.23222,1.2323,2.25,1.35
2012.08.03 13:50:17.658,1.23223,1.23232,5.20,1.73
2012.08.03 13:50:18.137,1.23228,1.23234,1.50,1.88
2012.08.03 13:50:18.617,1.23223,1.23232,1.50,2.85
2012.08.03 13:50:18.981,1.23227,1.23232,1.50,2.10
2012.08.03 13:50:19.285,1.23224,1.23232,2.25,1.35
2012.08.03 13:50:19.586,1.23223,1.23229,3.00,1.50
2012.08.03 13:50:19.857,1.23225,1.23231,1.50,2.85
2012.08.03 13:50:19.926,1.23219,1.23229,3.18,2.48
2012.08.03 13:50:20.465,1.23217,1.23228,3.18,1.73
2012.08.03 13:50:20.590,1.23216,1.23222,5.33,1.13
2012.08.03 13:50:20.892,1.23215,1.23222,1.50,3.23
2012.08.03 13:50:21.317,1.23217,1.23223,1.50,1.13
2012.08.03 13:50:21.622,1.2322,1.23229,2.20,1.35
2012.08.03 13:50:21.925,1.23226,1.23232,1.50,1.88
2012.08.03 13:50:22.405,1.23224,1.23232,1.50,3.60
2012.08.03 13:50:22.530,1.23226,1.23231,1.50,1.50
2012.08.03 13:50:22.772,1.23224,1.2323,1.50,1.35
2012.08.03 13:50:22.898,1.23222,1.2323,1.50,1.35
2012.08.03 13:50:23.081,1.23222,1.2323,1.50,2.10
2012.08.03 13:50:24.023,1.23225,1.2323,1.50,1.13
2012.08.03 13:50:24.506,1.23224,1.23229,5.25,3.75
2012.08.03 13:50:24.690,1.23222,1.23228,2.25,1.13
2012.08.03 13:50:24.756,1.23222,1.23226,2.25,2.63
2012.08.03 13:50:24.942,1.23219,1.23226,3.60,1.65
2012.08.03 13:50:25.130,1.23212,1.23221,2.28,4.50
2012.08.03 13:50:25.378,1.23218,1.23225,3.00,2.40
2012.08.03 13:50:25.445,1.23218,1.23226,3.00,2.40
2012.08.03 13:50:25.511,1.23219,1.23227,1.28,2.40
2012.08.03 13:50:25.752,1.23221,1.23228,1.50,2.85
2012.08.03 13:50:26.649,1.23221,1.23228,1.50,1.35
2012.08.03 13:50:27.187,1.23221,1.23229,2.25,3.60
2012.08.03 13:50:27.546,1.23219,1.23226,1.68,2.48
2012.08.03 13:50:28.317,1.23217,1.23225,4.68,1.50
2012.08.03 13:50:28.382,1.23214,1.23219,3.00,1.13
2012.08.03 13:50:28.569,1.23213,1.23219,1.71,1.13
2012.08.03 13:50:29.172,1.23212,1.2322,1.68,1.50
2012.08.03 13:50:29.391,1.23217,1.23222,1.50,2.25
2012.08.03 13:50:29.695,1.2322,1.23225,1.50,1.50
2012.08.03 13:50:30.409,1.23219,1.23225,1.50,3.00
2012.08.03 13:50:30.945,1.23215,1.23221,2.25,1.13
2012.08.03 13:50:31.915,1.23214,1.23221,1.50,2.10
2012.08.03 13:50:31.992,1.23212,1.23219,3.18,1.50
2012.08.03 13:50:32.480,1.23212,1.2322,1.50,2.85
2012.08.03 13:50:33.018,1.2321,1.23219,3.18,1.73
2012.08.03 13:50:33.141,1.2321,1.23216,3.18,1.50
2012.08.03 13:50:33.264,1.23211,1.23219,1.45,1.73
2012.08.03 13:50:34.204,1.23211,1.23219,1.45,1.73
2012.08.03 13:50:34.740,1.2321,1.23219,2.35,1.73
2012.08.03 13:50:35.452,1.23209,1.23218,4.73,1.13
2012.08.03 13:50:35.517,1.23209,1.23218,4.73,1.13
2012.08.03 13:50:36.052,1.23211,1.23219,1.50,1.35
2012.08.03 13:50:36.585,1.2321,1.23218,1.50,1.73
2012.08.03 13:50:37.108,1.23211,1.2322,1.68,2.25
2012.08.03 13:50:37.771,1.23211,1.23218,1.68,1.50
2012.08.03 13:50:38.072,1.2321,1.2322,3.93,3.23
2012.08.03 13:50:38.608,1.23212,1.23221,1.50,2.85
2012.08.03 13:50:38.966,1.2321,1.23218,4.45,1.50
2012.08.03 13:50:39.270,1.23216,1.23222,1.45,3.00
2012.08.03 13:50:39.335,1.23215,1.2322,1.73,1.88
2012.08.03 13:50:39.581,1.23211,1.23217,1.50,1.13
2012.08.03 13:50:39.826,1.23215,1.2322,1.50,2.25
2012.08.03 13:50:40.124,1.23213,1.23219,1.50,2.48
2012.08.03 13:50:40.246,1.2321,1.23217,1.50,1.13
2012.08.03 13:50:41.465,1.23212,1.23217,1.50,1.13
2012.08.03 13:50:41.768,1.2321,1.23216,1.50,1.50
2012.08.03 13:50:42.132,1.23204,1.2322,1.50,4.73
2012.08.03 13:50:42.264,1.23214,1.2322,1.50,3.75
2012.08.03 13:50:42.387,1.2321,1.23219,3.00,1.35
2012.08.03 13:50:42.927,1.23213,1.2322,1.50,2.85
2012.08.03 13:50:43.229,1.23216,1.23221,1.50,1.88
2012.08.03 13:50:43.293,1.23213,1.2322,2.25,1.73
2012.08.03 13:50:43.535,1.23212,1.2322,1.50,3.23
2012.08.03 13:50:44.075,1.23212,1.2322,1.73,1.50
2012.08.03 13:50:44.199,1.2321,1.23216,2.48,1.13
2012.08.03 13:50:44.267,1.23209,1.23216,3.60,1.35
2012.08.03 13:50:44.391,1.23207,1.23212,2.20,1.50
2012.08.03 13:50:44.925,1.23207,1.23213,2.20,1.50
2012.08.03 13:50:45.443,1.23209,1.23216,1.45,1.73
2012.08.03 13:50:45.517,1.23211,1.23219,1.45,1.50
2012.08.03 13:50:45.889,1.23211,1.23217,1.68,1.50
2012.08.03 13:50:46.364,1.23207,1.23217,6.18,2.25
2012.08.03 13:50:47.368,1.23208,1.23217,1.73,1.88
2012.08.03 13:50:47.492,1.23208,1.23215,1.50,1.60
2012.08.03 13:50:48.035,1.23209,1.23215,1.50,1.88
2012.08.03 13:50:48.509,1.23205,1.2321,3.75,1.13
2012.08.03 13:50:48.694,1.23207,1.23212,1.50,3.98
2012.08.03 13:50:48.817,1.23204,1.2321,2.10,1.13
2012.08.03 13:50:49.122,1.23207,1.23214,1.50,2.85
2012.08.03 13:50:49.187,1.23207,1.23214,1.73,2.10
2012.08.03 13:50:49.428,1.23205,1.23213,3.93,1.50
2012.08.03 13:50:49.984,1.23205,1.23213,1.73,3.38
2012.08.03 13:50:50.168,1.23202,1.23208,1.50,1.13
2012.08.03 13:50:50.413,1.23202,1.23208,1.50,1.13
2012.08.03 13:50:50.597,1.23205,1.2321,2.85,1.73
2012.08.03 13:50:50.782,1.23207,1.23213,2.20,1.88
2012.08.03 13:50:50.964,1.23211,1.23216,1.50,2.25
2012.08.03 13:50:51.382,1.23208,1.23215,2.25,1.13
2012.08.03 13:50:51.447,1.23207,1.23215,1.50,1.13
2012.08.03 13:50:51.570,1.23209,1.23215,1.50,1.13
2012.08.03 13:50:52.333,1.23209,1.23216,1.50,2.10
2012.08.03 13:50:52.399,1.23207,1.23215,1.73,2.25
2012.08.03 13:50:52.932,1.23207,1.23214,1.50,1.50
2012.08.03 13:50:53.294,1.23204,1.23214,6.23,2.85
2012.08.03 13:50:54.065,1.23208,1.23215,1.50,2.63
2012.08.03 13:50:54.944,1.23207,1.23215,1.73,2.63
2012.08.03 13:50:58.491,1.23208,1.23215,1.50,1.13
2012.08.03 13:50:59.020,1.23207,1.23215,2.48,1.13
2012.08.03 13:50:59.490,1.2321,1.23215,1.50,1.13
2012.08.03 13:50:59.800,1.23214,1.2322,1.50,1.88
2012.08.03 13:51:00.809,1.23214,1.23223,2.43,3.23
2012.08.03 13:51:00.875,1.23215,1.23223,2.43,1.50
2012.08.03 13:51:01.293,1.23214,1.23222,1.45,2.48
2012.08.03 13:51:01.359,1.23212,1.23218,1.73,1.13
2012.08.03 13:51:01.896,1.2321,1.23218,2.48,1.50
2012.08.03 13:51:02.080,1.23208,1.23217,1.50,3.70
2012.08.03 13:51:02.206,1.23208,1.23213,1.50,1.13
2012.08.03 13:51:02.329,1.23206,1.23213,1.50,1.35
2012.08.03 13:51:02.395,1.23204,1.23212,6.93,1.73
2012.08.03 13:51:03.418,1.23205,1.23214,1.50,3.60
2012.08.03 13:51:03.955,1.23205,1.23214,1.73,2.10
2012.08.03 13:51:04.080,1.23206,1.23211,1.73,1.13
2012.08.03 13:51:04.319,1.23203,1.23211,3.00,1.35
2012.08.03 13:51:04.442,1.23195,1.23211,5.83,2.10
2012.08.03 13:51:04.568,1.23201,1.23207,3.75,2.48
2012.08.03 13:51:04.635,1.23201,1.23207,1.50,1.50
2012.08.03 13:51:04.994,1.23201,1.23208,1.50,2.85
2012.08.03 13:51:05.058,1.23198,1.23205,1.73,1.13
2012.08.03 13:51:05.122,1.23199,1.23205,1.73,1.13
2012.08.03 13:51:05.943,1.23199,1.23207,1.73,2.48
2012.08.03 13:51:06.477,1.23199,1.23207,1.73,2.25
2012.08.03 13:51:06.602,1.23199,1.23207,1.73,1.50
2012.08.03 13:51:10.080,1.23199,1.23206,1.73,1.50
2012.08.03 13:51:10.614,1.23197,1.23205,2.43,1.50
2012.08.03 13:51:11.156,1.23197,1.23206,3.93,1.13
2012.08.03 13:51:11.459,1.23195,1.23205,2.20,4.50
2012.08.03 13:51:11.525,1.23195,1.23202,1.73,1.50
2012.08.03 13:51:11.650,1.23194,1.23201,3.00,1.13
2012.08.03 13:51:12.207,1.23193,1.23202,3.23,1.13
2012.08.03 13:51:12.568,1.23196,1.23205,1.73,2.25
2012.08.03 13:51:12.751,1.23195,1.23202,3.23,1.13
2012.08.03 13:51:13.175,1.23194,1.232,3.75,1.13
2012.08.03 13:51:13.301,1.23194,1.232,2.48,1.13
2012.08.03 13:51:13.424,1.23194,1.23202,2.48,1.50
2012.08.03 13:51:13.489,1.23194,1.23202,2.48,2.63
2012.08.03 13:51:13.994,1.23195,1.23202,1.73,1.88
2012.08.03 13:51:14.118,1.23193,1.232,2.48,1.13
2012.08.03 13:51:14.644,1.23192,1.23199,3.23,1.13
2012.08.03 13:51:15.770,1.23192,1.23201,2.95,1.13
2012.08.03 13:51:16.128,1.23192,1.23202,3.00,2.25
2012.08.03 13:51:16.436,1.23196,1.23205,2.20,2.63
2012.08.03 13:51:16.982,1.23195,1.23204,3.18,1.50
2012.08.03 13:51:17.341,1.23194,1.23202,1.50,1.13
2012.08.03 13:51:18.764,1.23194,1.232,2.48,1.13
2012.08.03 13:51:18.949,1.23194,1.23202,1.45,1.73
2012.08.03 13:51:19.014,1.23195,1.23202,2.43,1.50
2012.08.03 13:51:19.316,1.23198,1.23206,1.50,1.88
2012.08.03 13:51:19.499,1.23199,1.23204,1.50,1.50
2012.08.03 13:51:20.032,1.23198,1.23205,2.48,1.50
2012.08.03 13:51:20.976,1.23198,1.23206,3.98,1.13
2012.08.03 13:51:21.451,1.23198,1.23206,5.48,1.13
2012.08.03 13:51:21.872,1.23203,1.23209,1.50,1.13
2012.08.03 13:51:22.413,1.23204,1.23209,1.50,1.13
2012.08.03 13:51:23.134,1.23206,1.23212,1.50,2.85
2012.08.03 13:51:23.442,1.23207,1.23213,1.50,3.00
2012.08.03 13:51:23.691,1.23206,1.23216,2.25,2.48
2012.08.03 13:51:23.756,1.23208,1.23217,2.48,2.78
2012.08.03 13:51:24.058,1.23211,1.23216,1.73,1.50
2012.08.03 13:51:24.243,1.23211,1.23219,2.48,1.13
2012.08.03 13:51:24.427,1.23213,1.23219,3.98,1.13
2012.08.03 13:51:24.732,1.23218,1.23227,2.25,5.20
2012.08.03 13:51:25.090,1.23219,1.23224,1.50,1.73
2012.08.03 13:51:25.214,1.23214,1.23223,1.73,4.13
2012.08.03 13:51:25.735,1.23214,1.23223,1.73,4.13
2012.08.03 13:51:26.046,1.23214,1.23219,1.50,1.13
2012.08.03 13:51:26.350,1.23217,1.23224,3.00,3.75
2012.08.03 13:51:26.537,1.2322,1.23227,3.93,1.50
2012.08.03 13:51:26.662,1.23224,1.2323,1.50,1.50
2012.08.03 13:51:27.200,1.23223,1.23231,1.73,3.75
2012.08.03 13:51:27.322,1.23221,1.2323,1.68,3.85
2012.08.03 13:51:27.627,1.23216,1.23223,2.25,1.13
2012.08.03 13:51:27.753,1.23216,1.23223,1.45,1.50
2012.08.03 13:51:27.995,1.23218,1.23228,1.50,1.50
2012.08.03 13:51:28.122,1.23224,1.23229,2.85,4.50
2012.08.03 13:51:28.248,1.23224,1.2323,1.50,1.50
2012.08.03 13:51:28.376,1.23223,1.2323,1.45,1.50
2012.08.03 13:51:28.501,1.23223,1.2323,1.68,1.50
2012.08.03 13:51:28.921,1.23221,1.2323,3.08,2.25
2012.08.03 13:51:28.986,1.23221,1.23232,3.03,2.48
2012.08.03 13:51:29.052,1.23222,1.23233,1.68,6.38
2012.08.03 13:51:29.414,1.23225,1.23232,1.45,1.50
2012.08.03 13:51:29.724,1.23228,1.23236,1.68,2.33
2012.08.03 13:51:30.260,1.23227,1.23237,3.78,1.58
2012.08.03 13:51:30.618,1.23229,1.23239,1.60,3.00
2012.08.03 13:51:31.443,1.23231,1.2324,1.73,1.88
2012.08.03 13:51:31.564,1.23234,1.23243,1.73,2.85
2012.08.03 13:51:31.750,1.23239,1.23246,1.50,2.25
2012.08.03 13:51:31.816,1.23239,1.23247,1.73,2.25
2012.08.03 13:51:32.120,1.23237,1.23242,1.50,1.13
2012.08.03 13:51:32.659,1.23236,1.23242,1.50,1.88
2012.08.03 13:51:32.723,1.23234,1.23242,1.50,3.38
2012.08.03 13:51:32.789,1.23236,1.23242,1.50,1.88
2012.08.03 13:51:33.030,1.23233,1.23242,1.68,2.63
2012.08.03 13:51:33.465,1.23235,1.23244,2.95,2.25
2012.08.03 13:51:33.655,1.23239,1.23244,1.50,1.50
2012.08.03 13:51:33.721,1.23239,1.2325,2.48,1.50
2012.08.03 13:51:34.429,1.23239,1.23247,1.73,1.50
2012.08.03 13:51:34.555,1.2324,1.23246,1.50,1.50
2012.08.03 13:51:34.860,1.2324,1.23247,1.50,4.30
2012.08.03 13:51:35.046,1.23243,1.23249,3.00,1.88
2012.08.03 13:51:35.112,1.23243,1.2325,1.50,1.50
2012.08.03 13:51:35.477,1.23241,1.23247,1.73,1.13
2012.08.03 13:51:35.720,1.23238,1.23244,1.50,1.13
2012.08.03 13:51:36.078,1.23237,1.23244,3.23,1.13
2012.08.03 13:51:36.202,1.2324,1.23247,1.50,1.88
2012.08.03 13:51:36.738,1.23239,1.23244,1.50,1.13
2012.08.03 13:51:37.269,1.23239,1.23247,1.73,2.25
2012.08.03 13:51:37.822,1.23237,1.23245,1.58,1.50
2012.08.03 13:51:38.130,1.23237,1.23243,1.50,1.50
2012.08.03 13:51:38.196,1.23231,1.23236,1.50,6.38
2012.08.03 13:51:38.323,1.2323,1.23235,1.50,1.50
2012.08.03 13:51:38.392,1.23229,1.23237,2.10,6.98
2012.08.03 13:51:38.578,1.23228,1.2324,1.50,3.78
2012.08.03 13:51:38.644,1.23231,1.23239,1.35,1.88
2012.08.03 13:51:38.827,1.23236,1.23247,2.10,1.50
2012.08.03 13:51:38.893,1.23239,1.23249,1.50,3.00
2012.08.03 13:51:38.958,1.23237,1.23249,2.85,3.00
2012.08.03 13:51:39.139,1.23237,1.23247,2.85,1.88
2012.08.03 13:51:39.443,1.23233,1.23238,1.32,1.50
2012.08.03 13:51:39.746,1.23235,1.23241,1.50,1.13
2012.08.03 13:51:39.812,1.2323,1.23238,1.35,1.50
2012.08.03 13:51:40.230,1.23232,1.2324,1.50,1.50
2012.08.03 13:51:40.528,1.23232,1.2324,1.50,1.50
2012.08.03 13:51:40.908,1.23228,1.23237,2.25,5.63
2012.08.03 13:51:41.094,1.23227,1.23235,2.25,3.23
2012.08.03 13:51:41.400,1.23232,1.23237,2.48,3.75
2012.08.03 13:51:41.706,1.23232,1.2324,2.70,1.13
2012.08.03 13:51:41.891,1.23232,1.23243,2.28,3.00
2012.08.03 13:51:42.018,1.23238,1.23243,2.85,1.50
2012.08.03 13:51:42.202,1.23239,1.23247,1.53,2.25
2012.08.03 13:51:42.328,1.23239,1.23246,1.53,1.50
2012.08.03 13:51:42.452,1.23242,1.23248,1.50,3.38
2012.08.03 13:51:42.929,1.2324,1.23248,1.73,4.88
2012.08.03 13:51:42.995,1.2324,1.23248,2.33,6.38
2012.08.03 13:51:43.413,1.23239,1.23248,1.68,3.75
2012.08.03 13:51:44.549,1.2324,1.23248,1.58,1.50
2012.08.03 13:51:45.679,1.23241,1.23248,2.20,1.50
2012.08.03 13:51:45.861,1.2324,1.23248,2.48,2.25
2012.08.03 13:51:46.169,1.2324,1.23246,1.13,2.63
2012.08.03 13:51:46.593,1.23234,1.23243,3.78,2.25
2012.08.03 13:51:46.660,1.23237,1.23245,2.10,1.13
2012.08.03 13:51:46.725,1.23237,1.23247,3.03,3.00
2012.08.03 13:51:47.383,1.23238,1.23248,2.43,1.13
2012.08.03 13:51:48.564,1.23239,1.23247,1.68,1.50
2012.08.03 13:51:48.926,1.23234,1.2324,1.50,1.50
2012.08.03 13:51:49.287,1.2323,1.23237,2.43,1.50
2012.08.03 13:51:49.528,1.2323,1.2324,4.53,1.50
2012.08.03 13:51:50.293,1.2323,1.23238,2.95,1.50
2012.08.03 13:51:50.418,1.2323,1.23236,2.20,1.73
2012.08.03 13:51:50.545,1.23225,1.23231,1.71,1.50
2012.08.03 13:51:50.670,1.23222,1.23231,2.48,1.88
2012.08.03 13:51:50.792,1.23222,1.23232,3.03,2.48
2012.08.03 13:51:50.977,1.23225,1.23231,1.50,1.50
2012.08.03 13:51:51.513,1.23224,1.23234,3.78,6.38
2012.08.03 13:51:51.870,1.23226,1.23234,2.05,1.50
2012.08.03 13:51:52.116,1.23231,1.23238,3.00,1.13
2012.08.03 13:51:52.798,1.2323,1.23238,2.33,1.13
2012.08.03 13:51:52.865,1.23233,1.23243,3.08,4.50
2012.08.03 13:51:52.992,1.23236,1.23243,3.03,1.50
2012.08.03 13:51:53.116,1.23236,1.23246,4.15,3.00
2012.08.03 13:51:53.181,1.23237,1.23243,1.90,1.50
2012.08.03 13:51:53.307,1.23238,1.23246,1.53,1.50
2012.08.03 13:51:53.371,1.23236,1.23246,3.78,1.60
2012.08.03 13:51:53.676,1.23235,1.23241,2.25,1.13
2012.08.03 13:51:53.740,1.23232,1.23239,3.18,1.50
2012.08.03 13:51:54.216,1.23232,1.23239,1.68,1.50
2012.08.03 13:51:54.579,1.23233,1.23242,1.45,1.35
2012.08.03 13:51:54.704,1.23236,1.23242,1.50,1.50
2012.08.03 13:51:54.769,1.23236,1.23244,3.93,2.63
2012.08.03 13:51:54.953,1.23232,1.23237,3.75,2.10
2012.08.03 13:51:55.081,1.23234,1.23241,2.48,1.13
2012.08.03 13:51:55.147,1.23236,1.23242,1.50,1.13
2012.08.03 13:51:55.629,1.23233,1.2324,1.50,1.35
2012.08.03 13:51:56.163,1.23233,1.23241,2.48,1.50
2012.08.03 13:51:56.500,1.23235,1.23242,2.25,1.13
2012.08.03 13:51:56.981,1.23236,1.23243,3.23,1.50
2012.08.03 13:51:57.168,1.23239,1.23245,1.68,1.50
2012.08.03 13:51:57.292,1.23241,1.23249,1.50,2.85
2012.08.03 13:51:57.592,1.23238,1.23246,5.43,1.50
2012.08.03 13:51:58.533,1.2324,1.23248,2.43,1.50
2012.08.03 13:51:58.897,1.23243,1.23249,1.50,2.10
2012.08.03 13:51:59.138,1.23241,1.23249,1.73,3.60
2012.08.03 13:51:59.789,1.23243,1.23249,1.50,2.10
2012.08.03 13:52:00.149,1.23241,1.23249,1.50,5.10
2012.08.03 13:52:00.958,1.23241,1.23249,1.50,5.10
2012.08.03 13:52:01.321,1.23241,1.23249,5.43,1.50
2012.08.03 13:52:01.386,1.23245,1.23252,1.50,2.85
2012.08.03 13:52:01.804,1.23243,1.2325,1.68,1.50
2012.08.03 13:52:02.453,1.23243,1.2325,1.68,1.50
2012.08.03 13:52:02.581,1.23244,1.23253,1.68,1.50
2012.08.03 13:52:03.005,1.23245,1.23253,1.50,1.50
2012.08.03 13:52:03.246,1.23244,1.23253,1.68,1.73
2012.08.03 13:52:03.781,1.23245,1.23252,1.68,1.73
2012.08.03 13:52:04.525,1.23244,1.23252,2.20,1.73
2012.08.03 13:52:04.771,1.23246,1.23254,2.20,3.75
2012.08.03 13:52:04.897,1.23247,1.23255,1.45,1.05
2012.08.03 13:52:05.201,1.23248,1.23256,2.43,1.58
2012.08.03 13:52:05.326,1.23247,1.23252,1.50,1.13
2012.08.03 13:52:05.634,1.23243,1.23251,1.50,2.10
2012.08.03 13:52:06.174,1.23243,1.2325,1.50,1.13
2012.08.03 13:52:06.708,1.23244,1.23249,2.25,1.13
2012.08.03 13:52:07.191,1.23245,1.23253,3.00,3.60
2012.08.03 13:52:07.256,1.23246,1.23253,2.25,2.85
2012.08.03 13:52:07.559,1.23251,1.23256,1.50,1.88
2012.08.03 13:52:07.942,1.23248,1.23254,2.48,1.50
2012.08.03 13:52:08.310,1.23244,1.2325,2.25,1.13
2012.08.03 13:52:08.377,1.23244,1.2325,1.50,1.88
2012.08.03 13:52:08.442,1.23244,1.2325,1.50,3.38
2012.08.03 13:52:08.627,1.23241,1.23248,2.56,1.50
2012.08.03 13:52:08.871,1.23242,1.2325,3.98,1.50
2012.08.03 13:52:09.056,1.23242,1.23247,1.50,1.13
2012.08.03 13:52:09.296,1.23239,1.23247,3.98,1.13
2012.08.03 13:52:09.827,1.23239,1.23249,4.68,1.73
2012.08.03 13:52:10.242,1.23239,1.23249,3.93,2.48
2012.08.03 13:52:10.774,1.23239,1.23249,3.93,2.48
2012.08.03 13:52:11.323,1.23238,1.23247,2.43,1.50
2012.08.03 13:52:13.028,1.23239,1.23247,1.50,2.48
2012.08.03 13:52:13.512,1.23238,1.23247,1.68,2.25
2012.08.03 13:52:14.043,1.23238,1.23246,1.73,1.50
2012.08.03 13:52:14.576,1.23236,1.23245,2.85,1.73
2012.08.03 13:52:14.938,1.23236,1.23246,2.48,1.73
2012.08.03 13:52:15.253,1.23233,1.23238,2.25,4.95
2012.08.03 13:52:15.564,1.23231,1.23237,1.50,1.88
2012.08.03 13:52:15.870,1.23235,1.23241,1.50,4.35
2012.08.03 13:52:16.154,1.23236,1.23241,2.20,3.23
2012.08.03 13:52:16.224,1.23239,1.23244,2.25,1.50
2012.08.03 13:52:16.289,1.23239,1.23246,3.00,2.25
2012.08.03 13:52:16.410,1.2324,1.23246,2.25,2.25
2012.08.03 13:52:16.594,1.23239,1.23248,5.43,1.13
2012.08.03 13:52:17.416,1.2324,1.23248,2.48,1.13
2012.08.03 13:52:19.177,1.2324,1.23248,1.50,1.13
2012.08.03 13:52:19.708,1.2324,1.23249,4.23,2.85
2012.08.03 13:52:20.059,1.23243,1.23249,1.50,1.35
2012.08.03 13:52:21.757,1.2324,1.23249,3.63,1.35
2012.08.03 13:52:22.228,1.23243,1.23249,1.50,1.35
2012.08.03 13:52:22.756,1.23243,1.23249,1.50,1.35
2012.08.03 13:52:22.993,1.23241,1.23249,2.25,2.85
2012.08.03 13:52:23.979,1.23241,1.23249,1.50,3.60
2012.08.03 13:52:24.518,1.23239,1.23247,2.43,1.50
2012.08.03 13:52:25.051,1.23238,1.23246,1.73,1.13
2012.08.03 13:52:25.116,1.23238,1.23246,1.50,2.10
2012.08.03 13:52:25.681,1.23235,1.23243,2.95,1.50
2012.08.03 13:52:26.229,1.23236,1.23245,2.43,2.48
2012.08.03 13:52:26.587,1.23237,1.23246,1.68,3.23
2012.08.03 13:52:26.773,1.23238,1.23246,2.43,1.50
2012.08.03 13:52:27.014,1.23238,1.23246,1.45,1.50
2012.08.03 13:52:27.138,1.23238,1.23246,1.68,1.50
2012.08.03 13:52:27.556,1.23236,1.23246,2.20,1.50
2012.08.03 13:52:27.739,1.23236,1.23244,2.20,2.48
2012.08.03 13:52:28.271,1.23236,1.23246,4.68,3.98
2012.08.03 13:52:28.452,1.23236,1.23246,3.18,3.23
2012.08.03 13:52:28.986,1.23234,1.23241,1.68,1.50
2012.08.03 13:52:29.523,1.23235,1.23244,1.45,4.35
2012.08.03 13:52:29.887,1.23237,1.23244,1.50,3.60
2012.08.03 13:52:29.952,1.23244,1.23251,1.50,3.23
2012.08.03 13:52:30.471,1.23244,1.2325,1.50,2.85
2012.08.03 13:52:30.598,1.23241,1.23249,1.50,1.73
2012.08.03 13:52:30.663,1.23243,1.23249,1.50,2.01
2012.08.03 13:52:31.306,1.23241,1.23249,1.50,1.73
2012.08.03 13:52:31.777,1.23239,1.23248,2.95,1.50
2012.08.03 13:52:32.946,1.23239,1.23248,1.45,1.50
2012.08.03 13:52:33.069,1.23241,1.23248,1.45,1.50
2012.08.03 13:52:33.603,1.23239,1.23247,4.68,1.50
2012.08.03 13:52:34.253,1.23239,1.23247,3.18,1.50
2012.08.03 13:52:34.795,1.23238,1.23243,1.45,1.50
2012.08.03 13:52:35.219,1.23239,1.23247,1.50,1.73
2012.08.03 13:52:35.773,1.23239,1.23247,2.20,2.48
2012.08.03 13:52:35.845,1.23238,1.23246,1.45,2.48
2012.08.03 13:52:36.030,1.23238,1.23247,2.43,1.73
2012.08.03 13:52:36.568,1.23237,1.23245,3.70,2.25
2012.08.03 13:52:37.125,1.23237,1.23245,2.20,1.50
2012.08.03 13:52:37.428,1.23234,1.23243,2.48,1.50
2012.08.03 13:52:37.615,1.23234,1.23242,1.50,1.73
2012.08.03 13:52:38.145,1.23235,1.23243,2.20,2.48
2012.08.03 13:52:38.388,1.23238,1.23248,2.20,7.35
2012.08.03 13:52:38.455,1.23238,1.23248,2.43,5.48
2012.08.03 13:52:38.987,1.23238,1.23247,3.18,1.50
2012.08.03 13:52:39.520,1.23239,1.23247,1.45,2.25
2012.08.03 13:52:40.041,1.23238,1.23247,3.18,1.50
2012.08.03 13:52:40.106,1.23238,1.23245,1.68,1.50
2012.08.03 13:52:40.818,1.23238,1.23245,1.68,2.25
2012.08.03 13:52:41.123,1.23235,1.23241,1.50,1.50
2012.08.03 13:52:41.488,1.23237,1.23243,1.50,5.10
2012.08.03 13:52:41.965,1.23238,1.23243,2.25,1.88
2012.08.03 13:52:42.089,1.23241,1.23247,1.50,3.23
2012.08.03 13:52:42.215,1.2324,1.23249,1.50,2.85
2012.08.03 13:52:42.340,1.23244,1.23252,1.50,3.75
2012.08.03 13:52:43.056,1.23241,1.23248,1.50,1.35
2012.08.03 13:52:43.122,1.23242,1.23249,1.50,3.38
2012.08.03 13:52:43.726,1.2324,1.23248,1.35,4.13
2012.08.03 13:52:43.966,1.23239,1.23248,1.35,4.35
2012.08.03 13:52:44.325,1.23238,1.23248,4.50,3.60
2012.08.03 13:52:44.835,1.23241,1.2325,3.73,2.48
2012.08.03 13:52:44.900,1.23242,1.23251,1.13,1.35
2012.08.03 13:52:45.208,1.23247,1.23254,3.00,1.50
2012.08.03 13:52:45.336,1.23249,1.23259,2.25,2.48
2012.08.03 13:52:45.637,1.23251,1.23262,1.50,3.98
2012.08.03 13:52:45.703,1.23252,1.23262,1.88,2.48
2012.08.03 13:52:45.767,1.23252,1.23262,1.95,1.73
2012.08.03 13:52:46.065,1.23252,1.23262,1.95,1.73
2012.08.03 13:52:46.309,1.23252,1.23262,3.45,2.48
2012.08.03 13:52:46.376,1.23253,1.23263,1.68,2.48
2012.08.03 13:52:46.678,1.23252,1.23261,1.50,2.25
2012.08.03 13:52:47.211,1.23251,1.23261,1.50,3.23
2012.08.03 13:52:47.980,1.2325,1.2326,1.58,3.00
2012.08.03 13:52:48.560,1.23248,1.23259,4.58,1.73
2012.08.03 13:52:48.631,1.23248,1.23257,2.10,1.73
2012.08.03 13:52:48.699,1.23247,1.23258,2.20,5.10
2012.08.03 13:52:48.763,1.23247,1.23258,1.50,3.98
2012.08.03 13:52:48.947,1.23248,1.23258,4.20,3.00
2012.08.03 13:52:49.480,1.2325,1.2326,2.40,2.48
2012.08.03 13:52:49.546,1.23251,1.23261,2.88,3.98
2012.08.03 13:52:50.078,1.23252,1.23261,1.50,3.23
2012.08.03 13:52:50.383,1.23246,1.23255,2.13,2.25
2012.08.03 13:52:50.451,1.23246,1.23255,4.45,1.73
2012.08.03 13:52:50.759,1.2325,1.23257,1.45,3.23
2012.08.03 13:52:50.824,1.2325,1.23257,1.45,3.00
2012.08.03 13:52:50.950,1.2325,1.23259,2.20,4.35
2012.08.03 13:52:51.195,1.23249,1.23255,3.00,1.50
2012.08.03 13:52:51.320,1.23247,1.23254,2.48,1.50
2012.08.03 13:52:51.386,1.23247,1.23252,1.35,1.13
2012.08.03 13:52:51.510,1.23247,1.23254,1.13,1.50
2012.08.03 13:52:51.873,1.23247,1.23254,1.50,3.00
2012.08.03 13:52:52.218,1.23246,1.23252,2.80,2.25
2012.08.03 13:52:52.527,1.23249,1.23256,1.50,1.50
2012.08.03 13:52:52.828,1.23249,1.23255,3.23,1.50
2012.08.03 13:52:52.951,1.23252,1.2326,1.50,1.35
2012.08.03 13:52:53.890,1.23252,1.2326,2.25,1.35
2012.08.03 13:52:54.072,1.23253,1.2326,1.50,1.13
2012.08.03 13:52:54.379,1.23253,1.23262,2.80,3.25
2012.08.03 13:52:54.444,1.23254,1.23263,3.55,2.48
2012.08.03 13:52:55.100,1.23261,1.23266,1.50,1.50
2012.08.03 13:52:55.924,1.23261,1.23266,2.25,1.50
2012.08.03 13:52:56.410,1.23264,1.23271,4.06,1.50
2012.08.03 13:52:56.664,1.23264,1.23274,1.30,2.48
2012.08.03 13:52:56.791,1.23269,1.23276,2.95,2.25
2012.08.03 13:52:56.857,1.23272,1.23278,1.50,1.35
2012.08.03 13:52:57.217,1.23273,1.2328,1.50,1.73
2012.08.03 13:52:57.577,1.23274,1.23281,1.20,1.88
2012.08.03 13:52:57.706,1.23277,1.23283,1.50,1.50
2012.08.03 13:52:57.951,1.23274,1.23281,1.73,1.13
2012.08.03 13:52:58.133,1.23275,1.23282,1.53,2.25
2012.08.03 13:52:58.438,1.23277,1.23285,2.05,1.73
2012.08.03 13:52:58.744,1.23278,1.23286,3.10,1.50
2012.08.03 13:52:59.048,1.23278,1.23284,2.25,1.50
2012.08.03 13:52:59.172,1.23276,1.23283,1.35,2.48
2012.08.03 13:52:59.237,1.23275,1.23282,1.50,1.13
2012.08.03 13:52:59.481,1.23273,1.23281,1.50,1.50
2012.08.03 13:52:59.793,1.23275,1.23281,3.93,1.50
2012.08.03 13:52:59.980,1.23275,1.23284,2.05,2.63
2012.08.03 13:53:00.104,1.23274,1.2328,2.20,1.13
2012.08.03 13:53:00.170,1.23274,1.2328,2.20,1.13
2012.08.03 13:53:00.474,1.23275,1.23281,1.50,3.23
2012.08.03 13:53:00.833,1.23275,1.23281,1.50,2.25
2012.08.03 13:53:01.369,1.23276,1.23282,1.50,2.63
2012.08.03 13:53:01.905,1.23276,1.23282,1.50,1.13
2012.08.03 13:53:02.150,1.23276,1.23284,3.23,1.50
2012.08.03 13:53:02.276,1.2328,1.23286,1.35,2.63
2012.08.03 13:53:02.401,1.23281,1.23286,1.35,2.25
2012.08.03 13:53:02.771,1.23285,1.23291,1.30,1.50
2012.08.03 13:53:02.958,1.23285,1.23295,2.80,5.85
2012.08.03 13:53:03.147,1.23283,1.2329,1.73,1.13
2012.08.03 13:53:03.461,1.23279,1.23285,1.50,2.25
2012.08.03 13:53:03.884,1.23279,1.23286,1.50,2.25
2012.08.03 13:53:03.949,1.23281,1.23287,1.50,1.13
2012.08.03 13:53:04.015,1.23279,1.23284,1.50,1.50
2012.08.03 13:53:04.323,1.23277,1.23283,2.20,2.33
2012.08.03 13:53:04.810,1.23275,1.23284,3.18,2.25
2012.08.03 13:53:05.000,1.23275,1.23282,2.48,1.50
2012.08.03 13:53:05.065,1.23275,1.23282,1.73,1.50
2012.08.03 13:53:05.367,1.23278,1.23284,1.43,1.13
2012.08.03 13:53:05.785,1.23275,1.23282,2.25,1.88
2012.08.03 13:53:05.852,1.23273,1.23282,3.83,1.88
2012.08.03 13:53:06.388,1.23273,1.23282,1.65,1.88
2012.08.03 13:53:06.922,1.23275,1.23282,1.43,3.00
2012.08.03 13:53:07.164,1.23272,1.2328,2.25,1.88
2012.08.03 13:53:07.406,1.23273,1.2328,1.43,1.13
2012.08.03 13:53:07.940,1.23272,1.2328,1.50,2.63
2012.08.03 13:53:08.065,1.23271,1.23278,1.30,1.50
2012.08.03 13:53:08.366,1.2327,1.23275,1.45,1.50
2012.08.03 13:53:08.731,1.23267,1.23275,4.60,2.82
2012.08.03 13:53:08.796,1.23267,1.23274,3.63,1.50
2012.08.03 13:53:09.105,1.23263,1.23268,1.43,2.48
2012.08.03 13:53:09.636,1.23261,1.23269,1.50,1.13
2012.08.03 13:53:09.824,1.23264,1.23271,3.23,1.50
2012.08.03 13:53:10.371,1.23262,1.2327,3.75,3.60
2012.08.03 13:53:10.438,1.23259,1.2327,5.43,4.35
2012.08.03 13:53:10.681,1.23258,1.23269,2.10,2.48
2012.08.03 13:53:11.217,1.23259,1.23269,2.95,2.48
2012.08.03 13:53:11.518,1.23261,1.23269,1.13,2.48
2012.08.03 13:53:12.056,1.23262,1.23271,3.60,1.88
2012.08.03 13:53:12.476,1.23264,1.23274,3.38,3.38
2012.08.03 13:53:12.831,1.23268,1.23274,1.50,1.13
2012.08.03 13:53:12.905,1.2327,1.23278,3.40,3.75
2012.08.03 13:53:12.974,1.2327,1.23279,4.90,1.50
2012.08.03 13:53:13.159,1.2327,1.23278,3.75,3.75
2012.08.03 13:53:13.700,1.2327,1.23277,4.60,1.43
2012.08.03 13:53:13.764,1.2327,1.23278,4.60,1.43
2012.08.03 13:53:14.071,1.23273,1.2328,1.50,1.13
2012.08.03 13:53:14.605,1.23273,1.23279,1.50,1.13
2012.08.03 13:53:14.968,1.23273,1.23281,4.68,1.43
2012.08.03 13:53:15.034,1.23274,1.23281,3.78,1.43
2012.08.03 13:53:15.339,1.23279,1.23285,1.68,1.50
2012.08.03 13:53:15.880,1.23279,1.23286,3.55,1.43
2012.08.03 13:53:15.945,1.23281,1.23287,2.48,4.43
2012.08.03 13:53:16.249,1.2328,1.23285,1.50,1.43
2012.08.03 13:53:16.645,1.23285,1.23291,1.50,1.73
2012.08.03 13:53:17.069,1.23286,1.23291,1.50,2.25
2012.08.03 13:53:17.431,1.23284,1.23291,1.50,1.88
2012.08.03 13:53:17.973,1.23282,1.23288,2.48,1.13
2012.08.03 13:53:18.218,1.23283,1.23288,1.50,1.13
2012.08.03 13:53:18.573,1.23278,1.23286,5.48,1.43
2012.08.03 13:53:19.339,1.2328,1.23288,1.73,1.13
2012.08.03 13:53:19.872,1.2328,1.23287,1.73,1.43
2012.08.03 13:53:20.461,1.23283,1.2329,1.50,3.53
2012.08.03 13:53:20.994,1.23282,1.23287,1.50,1.13
2012.08.03 13:53:21.353,1.2328,1.23285,1.73,1.35
2012.08.03 13:53:21.665,1.23276,1.23281,1.50,1.13
2012.08.03 13:53:21.909,1.23276,1.23281,1.50,1.13
2012.08.03 13:53:21.975,1.23272,1.23281,2.48,2.55
2012.08.03 13:53:22.224,1.23274,1.23281,1.50,1.35
2012.08.03 13:53:22.409,1.23272,1.23277,1.50,1.13
2012.08.03 13:53:22.534,1.23267,1.23276,3.18,3.75
2012.08.03 13:53:22.894,1.23267,1.23275,3.23,1.50
2012.08.03 13:53:23.431,1.23267,1.23274,1.73,1.50
2012.08.03 13:53:23.616,1.23267,1.23276,1.73,5.25
2012.08.03 13:53:24.149,1.23267,1.23273,1.73,1.50
2012.08.03 13:53:26.455,1.23267,1.23275,2.48,1.50
2012.08.03 13:53:27.001,1.23267,1.23275,3.23,1.50
2012.08.03 13:53:27.547,1.23269,1.23277,1.73,3.38
2012.08.03 13:53:28.083,1.23268,1.23276,1.73,1.50
2012.08.03 13:53:28.719,1.2327,1.23277,1.73,1.13
2012.08.03 13:53:29.150,1.23267,1.23275,3.23,1.13
2012.08.03 13:53:29.274,1.23267,1.23277,1.73,3.60
2012.08.03 13:53:29.517,1.23271,1.23277,1.50,1.88
2012.08.03 13:53:29.818,1.23271,1.23277,1.50,1.88
2012.08.03 13:53:30.361,1.23269,1.23275,3.00,1.13
2012.08.03 13:53:30.895,1.23272,1.23278,1.50,2.25
2012.08.03 13:53:31.490,1.2327,1.23275,1.50,2.63
2012.08.03 13:53:32.036,1.23268,1.23275,2.43,1.50
2012.08.03 13:53:32.517,1.23266,1.23273,4.68,1.50
2012.08.03 13:53:32.822,1.23266,1.23275,4.68,1.50
2012.08.03 13:53:33.481,1.23266,1.23273,2.48,2.63
2012.08.03 13:53:34.036,1.23267,1.23273,1.68,1.50
2012.08.03 13:53:34.102,1.23267,1.23275,1.68,1.50
2012.08.03 13:53:34.289,1.23267,1.23275,3.93,1.50
2012.08.03 13:53:34.473,1.23267,1.23273,1.68,1.50
2012.08.03 13:53:34.833,1.23264,1.23272,3.18,1.50
2012.08.03 13:53:35.021,1.23262,1.2327,2.55,2.25
2012.08.03 13:53:35.562,1.23263,1.23271,2.48,2.63
2012.08.03 13:53:36.153,1.23263,1.23272,2.43,2.10
2012.08.03 13:53:36.454,1.23265,1.23273,3.00,3.00
2012.08.03 13:53:36.820,1.23267,1.23276,1.68,2.25
2012.08.03 13:53:37.060,1.23267,1.23276,1.68,1.50
2012.08.03 13:53:37.593,1.23267,1.23276,1.68,1.50
2012.08.03 13:53:39.286,1.23267,1.23275,3.18,1.50
2012.08.03 13:53:39.821,1.23267,1.23274,2.95,1.50
2012.08.03 13:53:40.856,1.23265,1.23274,2.43,1.50
2012.08.03 13:53:41.630,1.23268,1.23276,2.48,2.25
2012.08.03 13:53:42.048,1.23272,1.23279,1.50,4.35
2012.08.03 13:53:42.489,1.23272,1.2328,3.75,2.33
2012.08.03 13:53:42.557,1.23272,1.2328,3.75,2.10
2012.08.03 13:53:42.681,1.23274,1.2328,1.50,2.10
2012.08.03 13:53:42.988,1.23276,1.23282,1.50,2.63
2012.08.03 13:53:43.352,1.23274,1.23282,1.73,2.63
2012.08.03 13:53:43.714,1.23272,1.2328,9.14,2.25
2012.08.03 13:53:44.251,1.23276,1.23282,1.50,1.88
2012.08.03 13:53:45.200,1.23274,1.23283,1.73,3.23
2012.08.03 13:53:45.264,1.23276,1.23283,1.50,3.23
2012.08.03 13:53:45.971,1.23276,1.23283,1.50,1.73
2012.08.03 13:53:46.455,1.23276,1.23284,2.43,2.48
2012.08.03 13:53:47.720,1.23273,1.23284,3.18,1.50
2012.08.03 13:53:48.076,1.23278,1.23287,1.68,3.23
2012.08.03 13:53:48.321,1.2328,1.23287,1.68,3.23
2012.08.03 13:53:48.864,1.23281,1.23289,1.73,3.60
2012.08.03 13:53:49.401,1.23282,1.23289,1.50,4.35
2012.08.03 13:53:50.276,1.23282,1.23289,2.20,2.48
2012.08.03 13:53:50.783,1.23282,1.23289,1.50,2.48
2012.08.03 13:53:51.314,1.23279,1.23287,2.43,1.50
2012.08.03 13:53:52.020,1.23279,1.23287,2.25,2.48
2012.08.03 13:53:52.327,1.23279,1.23286,2.20,2.25
2012.08.03 13:53:52.513,1.23278,1.23288,3.18,3.98
2012.08.03 13:53:52.579,1.2328,1.23289,4.53,1.50
2012.08.03 13:53:52.767,1.23282,1.23291,3.10,1.73
2012.08.03 13:53:52.891,1.23282,1.23291,3.10,2.85
2012.08.03 13:53:53.251,1.23281,1.23289,1.73,3.98
2012.08.03 13:53:53.556,1.23283,1.2329,1.50,1.73
2012.08.03 13:53:53.621,1.23281,1.2329,2.20,2.48
2012.08.03 13:53:53.926,1.23277,1.23285,1.50,1.73
2012.08.03 13:53:53.993,1.2328,1.23287,2.25,2.48
2012.08.03 13:53:54.058,1.23279,1.23287,2.43,1.73
2012.08.03 13:53:54.363,1.23276,1.23282,2.48,1.50
2012.08.03 13:53:54.427,1.23274,1.23282,1.50,2.40
2012.08.03 13:53:54.552,1.23275,1.23282,1.50,2.78
2012.08.03 13:53:55.046,1.23271,1.23278,2.25,1.88
2012.08.03 13:53:55.889,1.23272,1.23277,1.50,1.13
2012.08.03 13:53:56.422,1.23272,1.23277,1.50,1.13
2012.08.03 13:53:56.897,1.2327,1.23275,1.50,1.13
2012.08.03 13:53:57.431,1.23269,1.23275,5.25,1.13
2012.08.03 13:53:58.024,1.23269,1.23275,4.50,1.50
2012.08.03 13:53:58.333,1.23266,1.23272,1.50,2.48
2012.08.03 13:53:58.457,1.23263,1.2327,1.50,3.00
2012.08.03 13:53:58.717,1.23259,1.2327,3.23,3.23
2012.08.03 13:53:58.786,1.2326,1.23268,1.73,1.13
2012.08.03 13:53:59.323,1.23262,1.23268,4.73,1.13
2012.08.03 13:53:59.858,1.2326,1.23269,3.98,1.13
2012.08.03 13:54:01.070,1.2326,1.23269,3.08,1.35
2012.08.03 13:54:01.374,1.23261,1.23268,2.10,1.50
2012.08.03 13:54:01.441,1.23259,1.23268,4.68,1.50
2012.08.03 13:54:01.563,1.23258,1.23269,2.95,2.85
2012.08.03 13:54:01.628,1.23258,1.23267,1.45,1.50
2012.08.03 13:54:02.047,1.23257,1.23267,1.50,1.50
2012.08.03 13:54:02.173,1.23256,1.23261,1.50,1.13
2012.08.03 13:54:02.416,1.23252,1.23259,3.23,1.50
2012.08.03 13:54:02.483,1.23251,1.23259,3.00,1.50
2012.08.03 13:54:02.876,1.23256,1.23262,2.25,1.50
2012.08.03 13:54:03.190,1.23258,1.23266,2.82,1.35
2012.08.03 13:54:03.437,1.23259,1.23268,2.20,1.50
2012.08.03 13:54:03.795,1.23259,1.23266,4.45,1.50
2012.08.03 13:54:04.326,1.23259,1.23265,2.95,1.50
2012.08.03 13:54:04.753,1.23261,1.23269,3.70,2.25
2012.08.03 13:54:04.884,1.23259,1.23267,1.50,1.50
2012.08.03 13:54:04.950,1.2326,1.23269,2.95,4.13
2012.08.03 13:54:05.135,1.2326,1.23267,1.45,1.43
2012.08.03 13:54:05.381,1.23258,1.23263,1.50,1.88
2012.08.03 13:54:05.508,1.23256,1.23263,2.25,1.88
2012.08.03 13:54:05.574,1.23253,1.23259,1.73,1.43
2012.08.03 13:54:06.080,1.23251,1.23259,6.23,1.43
2012.08.03 13:54:06.615,1.23252,1.23259,1.73,2.55
2012.08.03 13:54:07.267,1.23254,1.23263,4.73,1.13
2012.08.03 13:54:07.390,1.23254,1.23261,2.48,3.30
2012.08.03 13:54:07.514,1.23254,1.23261,1.73,2.18
2012.08.03 13:54:07.698,1.23254,1.23264,3.23,3.68
2012.08.03 13:54:08.178,1.23253,1.23261,2.43,2.18
2012.08.03 13:54:08.244,1.23251,1.23258,2.70,1.13
2012.08.03 13:54:08.781,1.23249,1.23258,6.18,1.88
2012.08.03 13:54:09.960,1.23248,1.23257,2.10,2.93
2012.08.03 13:54:10.265,1.23247,1.23257,4.68,2.93
2012.08.03 13:54:10.337,1.23244,1.23249,1.50,1.13
2012.08.03 13:54:10.646,1.23243,1.23252,3.00,3.00
2012.08.03 13:54:10.780,1.23246,1.23252,3.98,1.50
2012.08.03 13:54:10.848,1.23245,1.23255,1.73,1.88
2012.08.03 13:54:11.028,1.23254,1.2326,1.13,2.10
2012.08.03 13:54:11.335,1.23253,1.23259,1.69,3.75
2012.08.03 13:54:11.402,1.23251,1.23256,3.00,2.25
2012.08.03 13:54:11.531,1.23246,1.23253,1.50,1.35
2012.08.03 13:54:11.658,1.2325,1.23256,1.50,2.63
2012.08.03 13:54:12.258,1.23248,1.23253,1.50,1.13
2012.08.03 13:54:12.385,1.23248,1.23256,3.75,2.63
2012.08.03 13:54:12.450,1.23247,1.23255,2.25,1.73
2012.08.03 13:54:13.010,1.23247,1.23256,2.25,1.35
2012.08.03 13:54:13.077,1.23248,1.23256,1.50,1.13
2012.08.03 13:54:13.615,1.23248,1.23256,2.10,1.13
2012.08.03 13:54:13.860,1.23249,1.23259,1.50,1.35
2012.08.03 13:54:14.104,1.23248,1.23257,6.55,1.13
2012.08.03 13:54:14.524,1.23252,1.23261,2.25,2.25
2012.08.03 13:54:15.065,1.23254,1.23263,2.25,2.85
2012.08.03 13:54:15.188,1.23251,1.23262,2.48,3.98
2012.08.03 13:54:15.252,1.23253,1.23262,2.25,3.75
2012.08.03 13:54:15.672,1.23253,1.2326,3.00,2.25
2012.08.03 13:54:15.800,1.2326,1.23265,1.43,2.63
2012.08.03 13:54:16.165,1.23263,1.23268,1.43,2.25
2012.08.03 13:54:16.579,1.23259,1.23265,1.73,1.50
2012.08.03 13:54:16.712,1.23257,1.23263,2.25,2.48
2012.08.03 13:54:16.837,1.23255,1.23261,1.65,1.13
2012.08.03 13:54:16.903,1.23257,1.23263,2.25,1.50
2012.08.03 13:54:17.029,1.23255,1.23264,2.35,3.75
2012.08.03 13:54:17.564,1.23257,1.23264,1.43,3.60
2012.08.03 13:54:18.740,1.23252,1.23258,3.75,1.50
2012.08.03 13:54:19.046,1.23251,1.23257,1.50,1.50
2012.08.03 13:54:19.113,1.23251,1.23259,2.95,2.48
2012.08.03 13:54:19.733,1.23251,1.23257,2.43,1.50
2012.08.03 13:54:20.082,1.23254,1.23261,1.43,2.48
2012.08.03 13:54:20.859,1.23251,1.2326,1.68,1.50
2012.08.03 13:54:21.465,1.23252,1.2326,1.45,1.73
2012.08.03 13:54:21.940,1.23252,1.23262,3.93,2.63
2012.08.03 13:54:22.601,1.23255,1.23263,1.50,5.10
2012.08.03 13:54:22.898,1.23255,1.23263,1.73,3.98
2012.08.03 13:54:23.200,1.23258,1.23267,2.20,2.48
2012.08.03 13:54:23.384,1.23263,1.23268,1.50,2.63
2012.08.03 13:54:23.507,1.23263,1.23269,1.50,2.10
2012.08.03 13:54:23.807,1.23261,1.23269,1.50,2.10
2012.08.03 13:54:23.990,1.23261,1.23268,1.50,1.35
2012.08.03 13:54:24.174,1.23257,1.23266,1.68,1.73
2012.08.03 13:54:24.298,1.23256,1.23265,3.18,1.13
2012.08.03 13:54:24.893,1.23255,1.23264,1.73,1.50
2012.08.03 13:54:25.370,1.23254,1.23263,2.46,1.88
2012.08.03 13:54:25.494,1.23254,1.23263,1.73,1.13
2012.08.03 13:54:27.473,1.23258,1.23263,1.50,1.13
2012.08.03 13:54:27.831,1.23258,1.23266,3.00,4.73
2012.08.03 13:54:28.074,1.23259,1.23266,2.25,1.13
2012.08.03 13:54:28.492,1.23257,1.23266,1.73,2.10
2012.08.03 13:54:28.557,1.23259,1.23265,1.50,1.88
2012.08.03 13:54:28.624,1.23255,1.2326,1.50,1.13
2012.08.03 13:54:29.106,1.23251,1.23256,1.50,1.13
2012.08.03 13:54:29.173,1.23255,1.23261,1.50,1.35
2012.08.03 13:54:29.418,1.23251,1.23257,1.50,1.13
2012.08.03 13:54:29.950,1.23251,1.23258,2.25,1.13
2012.08.03 13:54:30.679,1.23251,1.23258,1.86,1.13
2012.08.03 13:54:31.232,1.2325,1.23258,1.11,1.35
2012.08.03 13:54:31.531,1.23247,1.23258,2.95,3.60
2012.08.03 13:54:31.656,1.23246,1.23251,2.98,1.13
2012.08.03 13:54:32.025,1.23248,1.23254,2.25,3.00
2012.08.03 13:54:32.093,1.23246,1.23251,1.50,1.50
2012.08.03 13:54:32.454,1.23246,1.23253,3.98,1.50
2012.08.03 13:54:32.697,1.23252,1.23257,1.50,3.60
2012.08.03 13:54:32.825,1.23249,1.23254,1.50,1.88
2012.08.03 13:54:32.890,1.23246,1.23252,3.23,1.13
2012.08.03 13:54:33.306,1.23249,1.23255,1.50,2.10
2012.08.03 13:54:33.491,1.23252,1.23259,1.50,4.58
2012.08.03 13:54:34.023,1.23251,1.23258,1.50,2.10
2012.08.03 13:54:34.262,1.23249,1.23255,1.50,1.13
2012.08.03 13:54:34.504,1.23249,1.23257,1.50,2.63
2012.08.03 13:54:34.685,1.23246,1.23254,2.95,2.25
2012.08.03 13:54:35.009,1.23247,1.23253,1.50,2.10
2012.08.03 13:54:35.199,1.23245,1.23253,3.00,3.60
2012.08.03 13:54:35.682,1.23246,1.23253,2.25,1.88
2012.08.03 13:54:35.990,1.23247,1.23253,3.00,1.35
2012.08.03 13:54:36.115,1.2325,1.23255,1.50,1.50
2012.08.03 13:54:36.770,1.23252,1.23258,1.50,3.00
2012.08.03 13:54:36.894,1.23252,1.23257,1.50,1.50
2012.08.03 13:54:37.314,1.23245,1.23255,2.48,1.35
2012.08.03 13:54:37.692,1.23244,1.23255,4.68,2.85
2012.08.03 13:54:37.877,1.23244,1.23255,6.18,2.85
2012.08.03 13:54:38.415,1.23247,1.23255,4.73,1.13
2012.08.03 13:54:38.891,1.23247,1.23255,3.23,1.13
2012.08.03 13:54:39.072,1.23248,1.23255,1.50,1.13
2012.08.03 13:54:39.196,1.23249,1.23258,1.45,2.10
2012.08.03 13:54:39.261,1.23249,1.23256,1.45,1.50
2012.08.03 13:54:39.326,1.23249,1.23258,1.45,2.85
2012.08.03 13:54:39.450,1.23251,1.23258,1.50,2.63
2012.08.03 13:54:39.996,1.23251,1.23259,2.48,1.50
2012.08.03 13:54:40.236,1.23251,1.23261,2.48,2.63
2012.08.03 13:54:40.767,1.23252,1.2326,1.28,1.50
2012.08.03 13:54:41.313,1.23253,1.23262,1.13,2.10
2012.08.03 13:54:41.853,1.23251,1.23257,2.40,1.13
2012.08.03 13:54:42.211,1.23249,1.23257,2.63,1.13
2012.08.03 13:54:42.275,1.23251,1.23259,1.50,2.48
2012.08.03 13:54:42.522,1.23247,1.23252,3.75,1.13
2012.08.03 13:54:42.767,1.23243,1.23248,3.98,2.10
2012.08.03 13:54:43.194,1.23241,1.23251,3.60,2.48
2012.08.03 13:54:43.318,1.23243,1.23249,3.00,1.50
2012.08.03 13:54:43.384,1.23242,1.23249,3.00,1.73
2012.08.03 13:54:43.570,1.23243,1.2325,1.68,3.00
2012.08.03 13:54:44.296,1.23243,1.2325,1.68,1.50
2012.08.03 13:54:44.660,1.23247,1.23254,1.50,1.88
2012.08.03 13:54:44.725,1.23247,1.23254,1.50,1.13
2012.08.03 13:54:45.355,1.23246,1.23254,1.50,2.63
2012.08.03 13:54:45.595,1.23246,1.23251,1.50,1.13
2012.08.03 13:54:45.901,1.23243,1.23251,2.25,1.88
2012.08.03 13:54:46.202,1.23242,1.23251,1.45,3.38
2012.08.03 13:54:46.503,1.23243,1.23251,2.82,3.38
2012.08.03 13:54:46.567,1.23245,1.23251,1.50,3.38
2012.08.03 13:54:47.509,1.23245,1.23252,1.50,1.13
2012.08.03 13:54:48.047,1.23245,1.23253,1.50,2.48
2012.08.03 13:54:48.464,1.23241,1.23246,2.98,1.32
2012.08.03 13:54:48.602,1.23234,1.2324,1.50,1.50
2012.08.03 13:54:48.728,1.23229,1.23235,3.93,1.50
2012.08.03 13:54:49.092,1.23228,1.23235,2.80,1.50
2012.08.03 13:54:49.630,1.23227,1.23236,2.43,1.50
2012.08.03 13:54:49.696,1.23227,1.23234,1.73,1.13
2012.08.03 13:54:50.059,1.23225,1.23233,1.68,1.50
2012.08.03 13:54:50.122,1.23226,1.23233,1.45,1.50
2012.08.03 13:54:50.423,1.23225,1.23233,1.50,5.10
2012.08.03 13:54:50.550,1.23227,1.23233,1.73,1.50
2012.08.03 13:54:50.731,1.23231,1.23236,1.50,2.85
2012.08.03 13:54:50.796,1.23225,1.23233,1.73,2.63
2012.08.03 13:54:50.862,1.23225,1.23233,2.95,1.73
2012.08.03 13:54:51.166,1.2323,1.23235,1.45,1.50
2012.08.03 13:54:51.410,1.23231,1.23239,1.50,4.35
2012.08.03 13:54:51.474,1.23231,1.23239,1.50,3.60
2012.08.03 13:54:52.069,1.23231,1.23236,1.50,1.13
2012.08.03 13:54:52.264,1.23231,1.23238,1.45,2.48
2012.08.03 13:54:52.572,1.23229,1.23234,1.50,1.50
2012.08.03 13:54:52.759,1.23225,1.23233,3.23,3.38
2012.08.03 13:54:52.826,1.23225,1.23232,1.73,2.25
2012.08.03 13:54:52.891,1.23224,1.23229,2.10,1.50
2012.08.03 13:54:53.017,1.23225,1.23232,2.43,1.50
2012.08.03 13:54:53.084,1.23224,1.2323,5.10,1.13
2012.08.03 13:54:53.387,1.23222,1.23228,1.73,1.50
2012.08.03 13:54:53.568,1.23223,1.2323,1.50,4.13
2012.08.03 13:54:54.042,1.23223,1.23228,2.25,1.13
2012.08.03 13:54:54.223,1.23224,1.23232,1.50,4.35
2012.08.03 13:54:54.641,1.23227,1.23232,1.50,3.60
2012.08.03 13:54:54.765,1.23224,1.23231,1.50,1.35
2012.08.03 13:54:55.304,1.23223,1.23228,1.50,1.13
2012.08.03 13:54:55.994,1.23219,1.23228,5.20,1.13
2012.08.03 13:54:56.067,1.23219,1.23229,5.95,1.73
2012.08.03 13:54:56.305,1.23219,1.23229,5.58,1.73
2012.08.03 13:54:56.837,1.23219,1.23229,4.45,1.73
2012.08.03 13:54:57.018,1.23225,1.23231,1.50,1.35
2012.08.03 13:54:58.562,1.23223,1.23231,1.50,3.60
2012.08.03 13:54:58.922,1.23221,1.23229,1.50,1.50
2012.08.03 13:54:59.230,1.23219,1.23229,1.50,3.23
2012.08.03 13:54:59.357,1.23219,1.23226,2.48,1.50
2012.08.03 13:54:59.662,1.23212,1.23221,1.45,3.23
2012.08.03 13:54:59.966,1.23211,1.23216,1.35,1.50
2012.08.03 13:55:00.031,1.23212,1.23221,2.20,1.50
2012.08.03 13:55:00.466,1.23211,1.23219,3.55,1.50
2012.08.03 13:55:00.589,1.23211,1.23222,3.55,2.48
2012.08.03 13:55:00.831,1.23214,1.23222,1.50,2.48
2012.08.03 13:55:01.367,1.23214,1.23222,2.10,2.85
2012.08.03 13:55:01.672,1.23218,1.23226,1.35,2.25
2012.08.03 13:55:01.738,1.2322,1.23226,2.65,1.50
2012.08.03 13:55:01.982,1.23221,1.23226,2.85,1.50
2012.08.03 13:55:02.347,1.23222,1.23229,1.50,1.88
2012.08.03 13:55:02.882,1.2322,1.23228,4.08,1.50
2012.08.03 13:55:03.300,1.23219,1.23227,1.08,1.50
2012.08.03 13:55:03.839,1.2322,1.23228,1.88,2.85
2012.08.03 13:55:04.396,1.2322,1.23228,1.88,2.85
2012.08.03 13:55:04.991,1.23221,1.23229,3.38,1.35
2012.08.03 13:55:05.526,1.23221,1.23228,1.50,1.50
2012.08.03 13:55:05.829,1.2322,1.23227,1.50,1.73
2012.08.03 13:55:05.951,1.23217,1.23225,2.80,1.50
2012.08.03 13:55:06.673,1.2322,1.23225,1.50,1.50
2012.08.03 13:55:06.979,1.23226,1.23232,2.80,2.25
2012.08.03 13:55:07.046,1.23227,1.23233,2.05,1.50
2012.08.03 13:55:07.234,1.2323,1.23237,1.13,1.50
2012.08.03 13:55:07.420,1.2323,1.23238,1.88,1.73
2012.08.03 13:55:07.544,1.23233,1.2324,1.45,1.73
2012.08.03 13:55:07.787,1.23232,1.23239,3.23,4.13
2012.08.03 13:55:08.245,1.23231,1.23238,1.13,3.38
2012.08.03 13:55:08.553,1.23231,1.23236,3.00,2.10
2012.08.03 13:55:08.741,1.23229,1.23235,1.88,1.50
2012.08.03 13:55:08.875,1.23226,1.23236,3.33,2.25
2012.08.03 13:55:08.941,1.23227,1.23233,2.20,1.50
2012.08.03 13:55:09.765,1.23226,1.23232,1.45,1.50
2012.08.03 13:55:10.539,1.23224,1.23231,1.45,1.73
2012.08.03 13:55:10.839,1.23222,1.23231,1.45,2.48
2012.08.03 13:55:11.084,1.23221,1.2323,1.08,3.38
2012.08.03 13:55:11.208,1.2322,1.23228,3.23,1.88
2012.08.03 13:55:11.332,1.23213,1.23221,3.38,1.35
2012.08.03 13:55:11.751,1.23213,1.23221,1.50,2.10
2012.08.03 13:55:12.113,1.23206,1.2322,5.80,1.73
2012.08.03 13:55:12.657,1.23206,1.2322,3.93,2.48
2012.08.03 13:55:13.014,1.23211,1.23222,2.95,3.60
2012.08.03 13:55:13.079,1.23211,1.23222,3.63,3.60
2012.08.03 13:55:13.448,1.23211,1.23221,2.65,1.73
2012.08.03 13:55:13.747,1.23212,1.23221,1.15,1.50
2012.08.03 13:55:14.886,1.23215,1.23221,2.10,1.50
2012.08.03 13:55:15.192,1.23217,1.23222,1.83,1.50
2012.08.03 13:55:15.437,1.23219,1.23227,1.95,1.73
2012.08.03 13:55:15.500,1.23219,1.23224,1.50,1.50
2012.08.03 13:55:15.865,1.23216,1.23224,4.68,1.50
2012.08.03 13:55:16.719,1.23216,1.23224,2.18,4.88
2012.08.03 13:55:16.785,1.23216,1.23223,1.73,2.25
2012.08.03 13:55:17.027,1.23212,1.23221,1.68,2.48
2012.08.03 13:55:17.561,1.23212,1.23221,1.68,4.35
2012.08.03 13:55:17.628,1.23217,1.23222,1.50,1.50
2012.08.03 13:55:17.934,1.23213,1.2322,2.25,1.73
2012.08.03 13:55:18.242,1.23213,1.2322,1.50,1.73
2012.08.03 13:55:18.454,1.23212,1.2322,1.45,1.73
2012.08.03 13:55:18.696,1.23212,1.23219,1.50,2.48
2012.08.03 13:55:18.879,1.23206,1.23218,2.88,2.10
2012.08.03 13:55:19.119,1.23206,1.23218,2.20,2.85
2012.08.03 13:55:20.639,1.23206,1.23215,2.93,2.10
2012.08.03 13:55:20.885,1.232,1.23207,4.53,1.50
2012.08.03 13:55:21.526,1.23201,1.23209,4.15,3.00
2012.08.03 13:55:21.829,1.23204,1.23211,3.15,3.00
2012.08.03 13:55:22.016,1.23201,1.23208,2.70,2.48
2012.08.03 13:55:22.140,1.23195,1.23206,1.15,1.73
2012.08.03 13:55:22.678,1.23197,1.23204,2.73,1.73
2012.08.03 13:55:23.151,1.23198,1.23206,1.50,3.60
2012.08.03 13:55:24.094,1.23195,1.23202,5.41,1.50
2012.08.03 13:55:24.398,1.2319,1.23202,2.20,5.33
2012.08.03 13:55:24.463,1.2319,1.23204,2.43,2.48
2012.08.03 13:55:24.901,1.23195,1.23202,1.50,1.50
2012.08.03 13:55:25.154,1.23197,1.23205,1.23,2.48
2012.08.03 13:55:25.337,1.23197,1.23205,2.95,2.25
2012.08.03 13:55:25.873,1.23201,1.23207,1.23,1.73
2012.08.03 13:55:26.056,1.23201,1.23211,1.45,3.00
2012.08.03 13:55:26.121,1.232,1.23209,5.70,1.50
2012.08.03 13:55:26.186,1.232,1.23207,1.35,1.13
2012.08.03 13:55:26.430,1.23198,1.23205,3.33,1.50
2012.08.03 13:55:26.738,1.23205,1.23212,2.35,2.25
2012.08.03 13:55:26.804,1.23205,1.23212,1.08,2.25
2012.08.03 13:55:26.869,1.23203,1.2321,1.79,1.73
2012.08.03 13:55:26.935,1.23205,1.23212,3.55,1.50
2012.08.03 13:55:27.238,1.23205,1.23211,1.65,1.88
2012.08.03 13:55:27.539,1.23201,1.2321,2.40,1.73
2012.08.03 13:55:27.898,1.23201,1.23208,1.65,1.13
2012.08.03 13:55:28.024,1.232,1.23208,1.60,1.50
2012.08.03 13:55:28.089,1.232,1.23208,3.08,1.50
2012.08.03 13:55:28.153,1.23199,1.23208,2.61,1.73
2012.08.03 13:55:28.334,1.23199,1.23208,3.98,1.73
2012.08.03 13:55:28.885,1.23199,1.2321,3.32,5.10
2012.08.03 13:55:29.422,1.23198,1.23207,2.72,1.73
2012.08.03 13:55:29.665,1.232,1.23209,1.50,1.73
2012.08.03 13:55:29.907,1.23199,1.23209,1.45,1.73
2012.08.03 13:55:30.794,1.23199,1.23206,1.45,1.73
2012.08.03 13:55:31.332,1.232,1.23207,1.50,2.85
2012.08.03 13:55:31.996,1.23198,1.23207,1.50,3.23
2012.08.03 13:55:32.533,1.23197,1.23207,2.20,1.50
2012.08.03 13:55:33.153,1.23196,1.23206,2.63,1.13
2012.08.03 13:55:33.690,1.23198,1.23208,2.55,2.48
2012.08.03 13:55:34.224,1.232,1.23208,1.50,3.98
2012.08.03 13:55:35.415,1.232,1.23207,1.50,1.13
2012.08.03 13:55:35.836,1.23197,1.23207,4.28,2.85
2012.08.03 13:55:36.218,1.23199,1.23209,2.50,3.98
2012.08.03 13:55:36.533,1.23199,1.23209,2.50,5.48
2012.08.03 13:55:37.069,1.23199,1.23207,1.45,1.50
2012.08.03 13:55:37.608,1.232,1.23208,2.20,2.25
2012.08.03 13:55:38.738,1.232,1.23208,2.20,2.25
2012.08.03 13:55:39.327,1.23202,1.23208,1.50,1.50
2012.08.03 13:55:39.868,1.23202,1.23209,1.50,1.50
2012.08.03 13:55:40.517,1.232,1.23209,1.07,3.98
2012.08.03 13:55:40.935,1.23202,1.23211,1.75,3.23
2012.08.03 13:55:40.999,1.23202,1.23211,1.75,1.73
2012.08.03 13:55:41.364,1.23208,1.23215,2.40,1.73
2012.08.03 13:55:41.550,1.23211,1.23219,2.18,3.23
2012.08.03 13:55:41.617,1.23211,1.2322,3.17,3.75
2012.08.03 13:55:41.801,1.23215,1.2322,1.45,1.73
2012.08.03 13:55:42.046,1.23218,1.23224,1.50,2.48
2012.08.03 13:55:42.451,1.23215,1.23222,4.75,2.25
2012.08.03 13:55:42.517,1.23217,1.23223,1.45,1.73
2012.08.03 13:55:42.581,1.23222,1.23232,2.20,3.98
2012.08.03 13:55:43.056,1.23219,1.23225,2.25,2.25
2012.08.03 13:55:43.243,1.2322,1.23227,2.93,1.50
2012.08.03 13:55:43.425,1.23221,1.23231,2.20,3.23
2012.08.03 13:55:44.019,1.23222,1.2323,2.20,1.50
2012.08.03 13:55:44.500,1.23221,1.23231,3.75,2.48
2012.08.03 13:55:44.684,1.23222,1.2323,1.50,3.83
2012.08.03 13:55:44.928,1.23222,1.2323,1.50,1.73
2012.08.03 13:55:45.052,1.23222,1.2323,1.50,1.73
2012.08.03 13:55:45.293,1.23222,1.23228,1.50,1.88
2012.08.03 13:55:45.598,1.23217,1.23223,1.50,2.48
2012.08.03 13:55:45.842,1.23213,1.23221,1.50,3.60
2012.08.03 13:55:45.907,1.23211,1.23221,2.95,5.78
2012.08.03 13:55:46.485,1.23208,1.23218,1.50,1.73
2012.08.03 13:55:46.551,1.23208,1.23218,2.20,1.73
2012.08.03 13:55:47.085,1.2321,1.2322,1.15,2.10
2012.08.03 13:55:47.622,1.23211,1.23221,2.20,1.73
2012.08.03 13:55:47.924,1.2321,1.23217,3.00,1.50
2012.08.03 13:55:47.989,1.23209,1.23214,1.82,1.43
2012.08.03 13:55:48.054,1.23212,1.23218,1.13,3.75
2012.08.03 13:55:48.360,1.23214,1.23222,2.12,2.18
2012.08.03 13:55:48.547,1.23213,1.23221,1.95,3.00
2012.08.03 13:55:48.670,1.23213,1.23218,1.50,1.50
2012.08.03 13:55:48.795,1.23213,1.23221,2.40,2.48
2012.08.03 13:55:48.860,1.23213,1.23221,3.90,1.65
2012.08.03 13:55:49.174,1.23218,1.23224,1.50,2.85
2012.08.03 13:55:49.554,1.23216,1.23222,1.50,2.63
2012.08.03 13:55:50.088,1.23214,1.23222,1.95,2.85
2012.08.03 13:55:50.515,1.23217,1.23224,1.15,2.48
2012.08.03 13:55:51.051,1.23221,1.23229,3.62,1.50
2012.08.03 13:55:51.125,1.23226,1.23232,1.50,1.73
2012.08.03 13:55:51.662,1.23224,1.23232,1.50,1.73
2012.08.03 13:55:52.028,1.23224,1.23232,1.50,4.73
2012.08.03 13:55:52.093,1.23222,1.23231,2.20,2.48
2012.08.03 13:55:52.281,1.23219,1.23228,3.00,3.00
2012.08.03 13:55:52.346,1.23218,1.23225,1.67,2.25
2012.08.03 13:55:52.650,1.23218,1.23225,1.97,1.50
2012.08.03 13:55:52.716,1.23218,1.23228,3.70,3.00
2012.08.03 13:55:52.901,1.23222,1.2323,2.20,5.48
2012.08.03 13:55:53.084,1.23222,1.23229,1.50,1.50
2012.08.03 13:55:53.266,1.23219,1.23229,1.22,2.48
2012.08.03 13:55:53.450,1.23218,1.23228,1.45,2.48
2012.08.03 13:55:53.752,1.23216,1.23226,1.67,1.73
2012.08.03 13:55:53.819,1.23216,1.23226,1.67,1.73
2012.08.03 13:55:53.884,1.23216,1.23225,1.67,1.73
2012.08.03 13:55:54.066,1.23213,1.23222,3.75,1.50
2012.08.03 13:55:54.373,1.2321,1.23215,2.25,2.10
2012.08.03 13:55:54.439,1.23207,1.23215,1.50,3.08
2012.08.03 13:55:54.750,1.2321,1.23217,2.25,2.48
2012.08.03 13:55:54.941,1.2321,1.23218,1.50,1.73
2012.08.03 13:55:55.009,1.23208,1.23219,3.00,3.23
2012.08.03 13:55:55.315,1.23208,1.23216,1.50,2.48
2012.08.03 13:55:55.561,1.2321,1.23219,1.45,3.23
2012.08.03 13:55:55.985,1.23211,1.23221,2.20,5.33
2012.08.03 13:55:56.289,1.23215,1.23222,1.50,2.48
2012.08.03 13:55:56.821,1.23214,1.23222,1.50,2.48
2012.08.03 13:55:57.124,1.23216,1.23222,2.78,1.50
2012.08.03 13:55:57.431,1.23221,1.23227,1.22,1.50
2012.08.03 13:55:57.497,1.23222,1.23229,1.22,3.23
2012.08.03 13:55:57.622,1.23223,1.23231,2.20,1.73
2012.08.03 13:55:57.804,1.23222,1.23229,1.22,1.50
2012.08.03 13:56:00.655,1.2322,1.23228,2.20,2.25
2012.08.03 13:56:01.080,1.23218,1.23226,5.42,3.60
2012.08.03 13:56:01.205,1.23218,1.23225,3.23,1.88
2012.08.03 13:56:01.273,1.23216,1.23225,3.75,2.63
2012.08.03 13:56:01.520,1.23215,1.23223,1.22,2.48
2012.08.03 13:56:01.646,1.23213,1.23223,4.67,2.48
2012.08.03 13:56:02.124,1.23216,1.23224,1.50,3.23
2012.08.03 13:56:02.792,1.23217,1.23225,1.50,3.60
2012.08.03 13:56:03.098,1.2322,1.23226,1.30,1.50
2012.08.03 13:56:03.223,1.23221,1.23229,2.20,4.09
2012.08.03 13:56:03.349,1.23223,1.23229,1.50,3.23
2012.08.03 13:56:03.768,1.23219,1.23229,2.20,6.34
2012.08.03 13:56:04.243,1.23222,1.23229,1.35,3.23
2012.08.03 13:56:04.549,1.23221,1.23226,3.00,1.50
2012.08.03 13:56:05.623,1.23227,1.23233,1.30,1.50
2012.08.03 13:56:05.690,1.23227,1.23233,1.30,1.50
2012.08.03 13:56:05.757,1.23226,1.23233,2.72,1.50
2012.08.03 13:56:05.941,1.23228,1.23236,1.52,2.25
2012.08.03 13:56:06.625,1.23229,1.23236,1.45,2.25
2012.08.03 13:56:07.283,1.23228,1.23236,1.67,2.25
2012.08.03 13:56:07.584,1.23226,1.23233,2.33,1.50
2012.08.03 13:56:07.709,1.23223,1.23228,1.50,1.50
2012.08.03 13:56:08.018,1.23223,1.2323,1.50,2.25
2012.08.03 13:56:08.084,1.23227,1.23236,5.27,1.73
2012.08.03 13:56:08.149,1.23225,1.23231,4.35,1.50
2012.08.03 13:56:08.389,1.23227,1.23236,3.77,1.50
2012.08.03 13:56:08.806,1.23227,1.23236,4.75,2.25
2012.08.03 13:56:08.993,1.23232,1.23239,2.10,1.50
2012.08.03 13:56:09.057,1.23232,1.2324,2.80,4.17
2012.08.03 13:56:09.360,1.23231,1.23239,2.20,3.42
2012.08.03 13:56:09.664,1.2323,1.23235,1.50,1.13
2012.08.03 13:56:09.966,1.23234,1.2324,1.50,7.00
2012.08.03 13:56:10.250,1.23232,1.23237,1.50,1.13
2012.08.03 13:56:10.323,1.23232,1.23242,2.80,1.73
2012.08.03 13:56:10.446,1.23238,1.23243,1.50,1.13
2012.08.03 13:56:10.511,1.23236,1.23243,3.00,2.10
2012.08.03 13:56:10.757,1.23237,1.23245,1.50,1.73
2012.08.03 13:56:10.999,1.23239,1.23246,1.88,2.10
2012.08.03 13:56:11.306,1.23243,1.23251,1.30,3.98
2012.08.03 13:56:11.371,1.23241,1.23248,2.33,1.50
2012.08.03 13:56:11.908,1.23241,1.23248,3.83,1.50
2012.08.03 13:56:12.390,1.23236,1.23241,2.61,1.13
2012.08.03 13:56:12.459,1.23238,1.23245,3.75,2.48
2012.08.03 13:56:12.706,1.23235,1.23242,2.25,1.13
2012.08.03 13:56:12.771,1.23233,1.23239,2.48,1.13
2012.08.03 13:56:12.958,1.23235,1.23242,1.50,2.10
2012.08.03 13:56:13.561,1.23234,1.23242,1.50,2.85
2012.08.03 13:56:13.629,1.23234,1.23239,1.50,1.13
2012.08.03 13:56:13.873,1.23232,1.23239,1.50,1.13
2012.08.03 13:56:14.406,1.23232,1.23237,1.50,1.13
2012.08.03 13:56:14.650,1.23232,1.2324,1.50,3.60
2012.08.03 13:56:14.775,1.2323,1.23237,4.35,1.50
2012.08.03 13:56:14.899,1.23232,1.2324,1.50,2.10
2012.08.03 13:56:15.434,1.23231,1.23239,1.50,2.48
2012.08.03 13:56:15.914,1.23234,1.2324,1.50,2.85
2012.08.03 13:56:16.424,1.23234,1.2324,1.50,2.10
2012.08.03 13:56:16.728,1.23232,1.23239,1.73,3.19
2012.08.03 13:56:16.978,1.23227,1.23232,1.73,1.13
2012.08.03 13:56:18.113,1.23226,1.23234,1.73,2.63
2012.08.03 13:56:18.473,1.23223,1.23232,3.23,2.10
2012.08.03 13:56:18.813,1.23223,1.23232,1.73,2.10
2012.08.03 13:56:19.342,1.23223,1.23232,1.73,2.63
2012.08.03 13:56:19.695,1.23225,1.23233,1.88,4.35
2012.08.03 13:56:20.233,1.23227,1.23236,1.73,2.48
2012.08.03 13:56:21.749,1.23224,1.23233,3.92,2.63
2012.08.03 13:56:22.050,1.23225,1.23232,1.73,1.73
2012.08.03 13:56:22.645,1.2322,1.2323,2.42,3.38
2012.08.03 13:56:22.954,1.23214,1.23223,2.25,1.50
2012.08.03 13:56:23.019,1.23213,1.23222,1.50,2.25
2012.08.03 13:56:23.146,1.23218,1.23224,1.50,2.48
2012.08.03 13:56:23.395,1.23214,1.23223,1.50,4.35
2012.08.03 13:56:23.968,1.23215,1.23223,1.73,3.38
2012.08.03 13:56:24.505,1.23213,1.23222,2.48,1.50
2012.08.03 13:56:24.687,1.23213,1.23222,2.48,1.73
2012.08.03 13:56:24.930,1.23212,1.23222,3.17,3.23
2012.08.03 13:56:25.407,1.23216,1.23223,1.50,5.70
2012.08.03 13:56:25.472,1.23216,1.23223,1.50,5.10
2012.08.03 13:56:25.657,1.2322,1.23225,2.33,1.13
2012.08.03 13:56:25.841,1.23221,1.23228,2.95,1.50
2012.08.03 13:56:25.967,1.23222,1.2323,3.17,1.50
2012.08.03 13:56:26.510,1.23221,1.23229,4.67,1.50
2012.08.03 13:56:26.575,1.23221,1.23229,3.92,2.48
2012.08.03 13:56:26.760,1.23221,1.23228,1.73,1.88
2012.08.03 13:56:26.825,1.23219,1.23226,3.92,2.10
2012.08.03 13:56:26.891,1.23217,1.23223,3.23,1.13
2012.08.03 13:56:27.018,1.23216,1.23223,2.10,1.13
2012.08.03 13:56:27.553,1.23216,1.23223,3.17,1.50
2012.08.03 13:56:28.100,1.23216,1.23224,4.67,1.50
2012.08.03 13:56:28.728,1.23214,1.23223,3.17,1.50
2012.08.03 13:56:29.479,1.2322,1.23226,1.50,1.50
2012.08.03 13:56:30.157,1.23218,1.23224,1.50,2.10
2012.08.03 13:56:30.461,1.23217,1.23223,1.50,6.83
2012.08.03 13:56:31.579,1.23216,1.23222,1.50,1.88
2012.08.03 13:56:31.646,1.23217,1.23222,1.50,1.35
2012.08.03 13:56:31.770,1.23218,1.23224,1.50,1.35
2012.08.03 13:56:32.131,1.2322,1.23225,1.50,1.50
2012.08.03 13:56:32.667,1.23221,1.23229,3.38,2.63
2012.08.03 13:56:32.978,1.23225,1.2323,2.25,1.73
2012.08.03 13:56:33.057,1.23224,1.23231,3.00,1.35
2012.08.03 13:56:33.419,1.23227,1.23234,2.25,2.25
2012.08.03 13:56:33.721,1.23232,1.23238,1.50,1.35
2012.08.03 13:56:33.786,1.23231,1.23236,1.50,1.13
2012.08.03 13:56:33.913,1.2323,1.23236,1.50,1.13
2012.08.03 13:56:33.978,1.23229,1.23236,2.48,2.10
2012.08.03 13:56:34.343,1.23223,1.23228,1.50,2.85
2012.08.03 13:56:34.650,1.2322,1.23228,1.50,2.93
2012.08.03 13:56:34.892,1.23218,1.23227,3.92,1.35
2012.08.03 13:56:35.134,1.23214,1.23219,3.00,1.13
2012.08.03 13:56:35.262,1.23212,1.23219,1.50,1.13
2012.08.03 13:56:35.796,1.23213,1.23219,1.50,1.35
2012.08.03 13:56:36.449,1.23216,1.23222,1.50,1.88
2012.08.03 13:56:36.514,1.23216,1.23222,1.50,1.35
2012.08.03 13:56:37.094,1.23217,1.23222,1.50,1.13
2012.08.03 13:56:38.100,1.23216,1.23222,1.50,1.35
2012.08.03 13:56:38.633,1.23217,1.23222,1.50,1.13
2012.08.03 13:56:39.337,1.23216,1.23222,1.50,1.35
2012.08.03 13:56:40.020,1.23218,1.23224,1.50,3.23
2012.08.03 13:56:40.085,1.23218,1.23224,1.73,1.50
2012.08.03 13:56:40.618,1.23219,1.23227,1.50,1.73
2012.08.03 13:56:41.739,1.23218,1.23226,3.23,1.73
2012.08.03 13:56:41.804,1.23218,1.23226,3.98,1.73
2012.08.03 13:56:42.113,1.23225,1.23231,1.50,2.10
2012.08.03 13:56:42.377,1.23224,1.23231,2.25,2.85
2012.08.03 13:56:42.623,1.23227,1.23232,1.50,2.25
2012.08.03 13:56:42.690,1.23222,1.23231,3.92,1.35
2012.08.03 13:56:43.577,1.23222,1.23231,3.00,2.10
2012.08.03 13:56:45.228,1.23221,1.2323,1.73,1.73
2012.08.03 13:56:45.734,1.23221,1.2323,2.48,1.73
2012.08.03 13:56:46.036,1.23227,1.23233,2.48,2.25
2012.08.03 13:56:46.570,1.23226,1.23233,4.67,1.50
2012.08.03 13:56:46.811,1.23228,1.23235,2.25,1.13
2012.08.03 13:56:46.990,1.23228,1.23235,2.25,1.35
2012.08.03 13:56:47.458,1.23226,1.23231,1.50,1.13
2012.08.03 13:56:47.586,1.23224,1.23231,1.50,3.60
2012.08.03 13:56:47.711,1.23221,1.23231,3.17,4.35
2012.08.03 13:56:48.485,1.23221,1.23229,1.73,1.88
2012.08.03 13:56:48.548,1.23219,1.23227,3.92,1.50
2012.08.03 13:56:48.850,1.23217,1.23224,2.85,1.73
2012.08.03 13:56:48.914,1.23217,1.23224,2.85,1.73
2012.08.03 13:56:48.979,1.23214,1.23223,2.20,1.73
2012.08.03 13:56:49.460,1.23213,1.23219,3.17,1.50
2012.08.03 13:56:49.762,1.23212,1.23219,1.67,1.73
2012.08.03 13:56:49.831,1.23214,1.23219,1.50,1.73
2012.08.03 13:56:50.132,1.23211,1.23217,1.67,2.25
2012.08.03 13:56:50.314,1.23211,1.23217,2.42,3.00
2012.08.03 13:56:50.615,1.23214,1.23221,1.50,1.73
2012.08.03 13:56:51.145,1.23212,1.23221,3.17,1.73
2012.08.03 13:56:51.679,1.23212,1.23219,1.73,1.35
2012.08.03 13:56:52.013,1.23215,1.2322,1.50,1.13
2012.08.03 13:56:52.551,1.23216,1.23224,3.75,2.10
2012.08.03 13:56:53.433,1.23217,1.23225,2.25,4.35
2012.08.03 13:56:53.972,1.23219,1.23225,4.50,1.13
2012.08.03 13:56:54.502,1.23219,1.23227,5.42,1.73
2012.08.03 13:56:55.325,1.23221,1.23228,1.50,1.13
2012.08.03 13:56:55.392,1.23221,1.2323,2.42,1.73
2012.08.03 13:56:55.517,1.23222,1.23232,2.48,5.10
2012.08.03 13:56:55.699,1.23225,1.23232,1.50,3.60
2012.08.03 13:56:56.008,1.23227,1.23233,1.50,2.85
2012.08.03 13:56:56.477,1.23222,1.23231,3.17,2.10
2012.08.03 13:56:56.661,1.23221,1.23231,3.00,2.10
2012.08.03 13:56:56.965,1.23218,1.23225,3.75,1.35
2012.08.03 13:56:57.211,1.23221,1.23229,3.00,2.85
2012.08.03 13:56:57.276,1.23221,1.23229,3.00,2.85
2012.08.03 13:56:57.460,1.23221,1.23227,2.20,1.50
2012.08.03 13:56:57.590,1.23223,1.23231,1.50,1.73
2012.08.03 13:56:57.656,1.23223,1.23231,1.50,1.73
2012.08.03 13:56:58.713,1.23223,1.23231,2.42,2.48
2012.08.03 13:56:59.899,1.2322,1.23225,3.75,1.13
2012.08.03 13:57:00.201,1.23217,1.23223,1.13,1.13
2012.08.03 13:57:00.633,1.23216,1.23226,4.67,1.73
2012.08.03 13:57:00.815,1.2322,1.23227,1.50,2.48
2012.08.03 13:57:01.462,1.23217,1.23223,3.70,1.50
2012.08.03 13:57:01.709,1.23214,1.2322,1.50,1.50
2012.08.03 13:57:02.074,1.23212,1.23221,1.73,2.48
2012.08.03 13:57:02.200,1.23216,1.23222,1.50,4.88
2012.08.03 13:57:02.683,1.23216,1.23223,3.00,1.73
2012.08.03 13:57:02.748,1.23218,1.23224,1.50,2.63
2012.08.03 13:57:03.057,1.23213,1.2322,1.50,1.35
2012.08.03 13:57:05.545,1.23211,1.23218,1.50,1.50
2012.08.03 13:57:05.787,1.23211,1.23221,5.42,2.48
2012.08.03 13:57:06.400,1.23213,1.23221,2.42,1.73
2012.08.03 13:57:06.890,1.23213,1.2322,2.48,1.73
2012.08.03 13:57:08.746,1.23213,1.23222,1.67,1.50
2012.08.03 13:57:09.047,1.23215,1.23222,1.45,1.50
2012.08.03 13:57:09.173,1.23218,1.23225,1.50,1.73
2012.08.03 13:57:09.298,1.23215,1.23224,6.00,1.58
2012.08.03 13:57:09.814,1.23213,1.23221,2.48,1.73
2012.08.03 13:57:10.374,1.23213,1.23221,3.17,1.73
2012.08.03 13:57:11.200,1.23211,1.23219,6.92,1.50
2012.08.03 13:57:11.326,1.23211,1.23217,1.50,1.50
2012.08.03 13:57:11.391,1.23211,1.23217,1.73,1.50
2012.08.03 13:57:12.043,1.23209,1.23217,3.92,1.50
2012.08.03 13:57:12.343,1.23211,1.23219,2.25,1.73
2012.08.03 13:57:12.875,1.23211,1.23219,2.25,1.73
2012.08.03 13:57:13.881,1.23209,1.23215,5.48,1.13
2012.08.03 13:57:14.342,1.23206,1.23214,2.25,3.23
2012.08.03 13:57:14.416,1.23207,1.23214,1.50,3.98
2012.08.03 13:57:14.482,1.23208,1.23214,1.73,1.88
2012.08.03 13:57:14.787,1.23209,1.23219,5.42,4.54
2012.08.03 13:57:15.148,1.23207,1.23213,1.50,1.13
2012.08.03 13:57:15.394,1.23204,1.23211,1.67,1.73
2012.08.03 13:57:16.101,1.23203,1.23211,4.67,1.73
2012.08.03 13:57:16.925,1.23203,1.23211,2.20,1.50
2012.08.03 13:57:17.285,1.23203,1.23211,2.95,1.50
2012.08.03 13:57:17.467,1.23203,1.23211,2.95,1.73
2012.08.03 13:57:18.058,1.23203,1.23209,1.45,1.50
2012.08.03 13:57:19.952,1.23201,1.23209,3.17,1.50
2012.08.03 13:57:20.490,1.23201,1.23209,3.70,1.50
2012.08.03 13:57:20.796,1.23201,1.23209,2.42,1.50
2012.08.03 13:57:21.152,1.23202,1.2321,3.23,1.35
2012.08.03 13:57:21.689,1.23203,1.2321,2.48,1.35
2012.08.03 13:57:22.227,1.23204,1.23212,1.50,3.60
2012.08.03 13:57:22.466,1.23204,1.23212,1.50,2.10
2012.08.03 13:57:23.114,1.23203,1.2321,1.73,1.13
2012.08.03 13:57:23.473,1.23207,1.23213,1.50,3.75
2012.08.03 13:57:23.797,1.23206,1.23213,1.50,3.23
2012.08.03 13:57:24.121,1.23206,1.23211,7.13,1.13
2012.08.03 13:57:24.191,1.23204,1.23212,2.48,1.13
2012.08.03 13:57:24.491,1.23203,1.23211,1.50,1.13
2012.08.03 13:57:24.795,1.23203,1.23209,2.12,1.73
2012.08.03 13:57:25.104,1.232,1.23205,1.43,2.63
2012.08.03 13:57:25.345,1.23197,1.23205,2.85,2.10
2012.08.03 13:57:25.527,1.23199,1.23205,1.43,2.10
2012.08.03 13:57:25.653,1.23201,1.23206,1.43,2.25
2012.08.03 13:57:25.777,1.23197,1.23204,2.48,1.13
2012.08.03 13:57:25.900,1.23198,1.23204,1.35,1.13
2012.08.03 13:57:26.435,1.23197,1.23204,1.35,1.13
2012.08.03 13:57:27.170,1.23196,1.23201,1.58,1.13
2012.08.03 13:57:27.295,1.23195,1.23201,1.35,1.13
2012.08.03 13:57:27.948,1.23195,1.23203,1.35,4.35
2012.08.03 13:57:29.392,1.23197,1.23203,1.43,1.13
2012.08.03 13:57:29.923,1.23197,1.23202,1.43,1.13
2012.08.03 13:57:31.057,1.23196,1.23202,1.50,1.13
2012.08.03 13:57:32.749,1.23192,1.23197,5.25,1.13
2012.08.03 13:57:32.874,1.23193,1.23201,1.50,2.33
2012.08.03 13:57:33.406,1.23193,1.23199,1.73,1.50
2012.08.03 13:57:33.996,1.23193,1.23201,1.73,3.23
2012.08.03 13:57:34.858,1.23193,1.23201,1.50,3.60
2012.08.03 13:57:35.039,1.23191,1.23199,3.23,1.50
2012.08.03 13:57:35.344,1.23194,1.23199,1.50,1.50
2012.08.03 13:57:35.816,1.23196,1.23201,1.50,1.88
2012.08.03 13:57:36.347,1.23197,1.23202,1.50,1.88
2012.08.03 13:57:37.425,1.23194,1.23201,1.50,2.10
2012.08.03 13:57:37.725,1.23192,1.23201,2.57,1.35
2012.08.03 13:57:38.567,1.23191,1.232,2.42,3.60
2012.08.03 13:57:39.544,1.23192,1.232,1.50,2.10
2012.08.03 13:57:40.969,1.23191,1.23199,2.42,1.50
2012.08.03 13:57:42.226,1.23191,1.232,2.42,3.45
2012.08.03 13:57:42.532,1.23185,1.23194,1.67,1.13
2012.08.03 13:57:42.596,1.23185,1.23195,3.36,3.75
2012.08.03 13:57:42.720,1.23188,1.23196,1.50,5.25
2012.08.03 13:57:42.784,1.23186,1.23196,1.73,9.38
2012.08.03 13:57:43.493,1.23186,1.23196,3.23,3.23
2012.08.03 13:57:44.499,1.23186,1.23194,2.25,1.35
2012.08.03 13:57:45.153,1.23187,1.23195,1.50,2.85
2012.08.03 13:57:45.761,1.23185,1.23195,2.87,4.35
2012.08.03 13:57:46.308,1.23185,1.23193,3.96,2.63
2012.08.03 13:57:46.854,1.23186,1.23194,1.90,2.25
2012.08.03 13:57:46.920,1.23186,1.23194,1.15,3.00
2012.08.03 13:57:47.456,1.2318,1.23194,2.40,4.35
2012.08.03 13:57:48.049,1.23185,1.23194,2.89,2.85
2012.08.03 13:57:48.115,1.23186,1.23196,3.70,3.23
2012.08.03 13:57:48.237,1.23186,1.23196,3.92,2.25
2012.08.03 13:57:48.898,1.23187,1.23196,1.45,3.00
2012.08.03 13:57:49.083,1.23187,1.23194,1.50,1.73
2012.08.03 13:57:49.149,1.23188,1.23194,1.45,1.50
2012.08.03 13:57:49.212,1.23189,1.23197,1.50,2.85
2012.08.03 13:57:50.270,1.23187,1.23196,2.25,1.73
2012.08.03 13:57:50.625,1.23188,1.23196,1.20,1.73
2012.08.03 13:57:50.923,1.23187,1.23194,1.50,1.50
2012.08.03 13:57:51.459,1.23187,1.23196,2.65,1.58
2012.08.03 13:57:51.640,1.23187,1.23197,3.62,2.85
2012.08.03 13:57:51.936,1.2319,1.23197,1.50,1.35
2012.08.03 13:57:55.221,1.2319,1.23198,1.50,1.35
2012.08.03 13:57:55.580,1.23193,1.23198,1.50,1.13
2012.08.03 13:57:55.760,1.23191,1.23198,1.50,1.35
2012.08.03 13:57:57.435,1.23192,1.23199,1.50,1.35
2012.08.03 13:57:57.968,1.23192,1.23199,1.50,1.35
2012.08.03 13:57:58.727,1.23191,1.23199,1.50,1.35
2012.08.03 13:57:59.270,1.2319,1.23199,4.22,1.35
2012.08.03 13:58:00.963,1.2319,1.23197,1.50,1.50
2012.08.03 13:58:01.144,1.2319,1.23199,1.50,1.73
2012.08.03 13:58:01.667,1.23189,1.23199,2.20,2.48
2012.08.03 13:58:02.169,1.23189,1.23199,2.42,2.48
2012.08.03 13:58:02.693,1.23189,1.23199,3.17,2.48
2012.08.03 13:58:03.589,1.23193,1.232,1.50,3.60
2012.08.03 13:58:03.653,1.23191,1.23199,1.50,3.23
2012.08.03 13:58:04.189,1.2319,1.23198,3.17,2.25
2012.08.03 13:58:04.958,1.2319,1.23198,3.17,2.25
2012.08.03 13:58:05.793,1.2319,1.23198,3.17,2.25
2012.08.03 13:58:06.312,1.2319,1.23198,3.17,2.25
2012.08.03 13:58:07.329,1.2319,1.23198,3.17,2.25
2012.08.03 13:58:08.381,1.23191,1.23198,1.45,2.25
2012.08.03 13:58:08.904,1.23191,1.23198,1.45,1.50
2012.08.03 13:58:10.054,1.23191,1.23198,1.45,2.25
2012.08.03 13:58:10.594,1.23191,1.23196,1.45,1.50
2012.08.03 13:58:11.115,1.23191,1.23198,1.45,2.25
2012.08.03 13:58:11.755,1.23191,1.23199,2.95,3.23
2012.08.03 13:58:12.416,1.23191,1.23198,1.45,2.25
2012.08.03 13:58:12.929,1.23191,1.23199,3.55,3.23
2012.08.03 13:58:13.050,1.2319,1.23196,1.67,1.50
2012.08.03 13:58:13.389,1.23192,1.23197,1.43,1.50
2012.08.03 13:58:13.939,1.23191,1.23199,2.80,2.48
2012.08.03 13:58:14.658,1.23192,1.23197,1.43,1.50
2012.08.03 13:58:15.196,1.23191,1.23196,2.12,1.50
2012.08.03 13:58:15.319,1.23191,1.23198,2.12,1.50
2012.08.03 13:58:15.672,1.23192,1.23198,1.43,1.50
2012.08.03 13:58:16.430,1.23194,1.23202,2.16,3.00
2012.08.03 13:58:16.496,1.23194,1.232,1.48,3.60
2012.08.03 13:58:16.560,1.23194,1.23201,2.23,1.50
2012.08.03 13:58:17.088,1.23195,1.23202,2.10,1.35
2012.08.03 13:58:17.613,1.23196,1.23202,2.93,2.10
2012.08.03 13:58:18.144,1.23197,1.23211,1.43,3.78
2012.08.03 13:58:18.329,1.23206,1.23212,2.85,1.35
2012.08.03 13:58:18.394,1.23212,1.2322,1.50,3.60
2012.08.03 13:58:18.579,1.23216,1.23224,1.35,3.45
2012.08.03 13:58:19.002,1.23217,1.23222,1.67,1.50
2012.08.03 13:58:19.461,1.23218,1.23225,1.50,2.48
2012.08.03 13:58:20.000,1.23219,1.23226,1.50,2.85
2012.08.03 13:58:20.762,1.23217,1.23227,2.95,3.00
2012.08.03 13:58:21.270,1.23217,1.23227,2.25,1.50
2012.08.03 13:58:21.685,1.2322,1.23228,1.50,4.35
2012.08.03 13:58:21.988,1.2322,1.23229,1.73,1.50
2012.08.03 13:58:22.518,1.2322,1.2323,2.48,6.98
2012.08.03 13:58:25.359,1.23221,1.23229,2.48,3.23
2012.08.03 13:58:25.891,1.2322,1.23228,2.48,1.13
2012.08.03 13:58:25.954,1.2322,1.23228,2.48,1.13
2012.08.03 13:58:26.961,1.23219,1.23227,1.67,1.50
2012.08.03 13:58:27.321,1.23215,1.23221,4.50,1.13
2012.08.03 13:58:27.386,1.23215,1.23221,3.75,1.35
2012.08.03 13:58:27.860,1.23212,1.23221,2.25,1.88
2012.08.03 13:58:27.924,1.23212,1.23218,1.50,1.13
2012.08.03 13:58:28.049,1.23212,1.23222,2.20,4.05
2012.08.03 13:58:28.579,1.23215,1.23224,1.50,4.88
2012.08.03 13:58:28.644,1.23215,1.23224,2.54,2.63
2012.08.03 13:58:28.882,1.23217,1.23224,1.50,2.63
2012.08.03 13:58:29.242,1.2322,1.23228,3.00,3.00
2012.08.03 13:58:29.305,1.2322,1.23228,3.00,3.00
2012.08.03 13:58:29.835,1.2322,1.23228,2.25,1.50
2012.08.03 13:58:29.900,1.2322,1.23228,1.50,3.00
2012.08.03 13:58:30.210,1.23216,1.23224,2.25,1.13
2012.08.03 13:58:30.281,1.23214,1.23223,4.45,2.25
2012.08.03 13:58:30.761,1.23215,1.23224,2.95,1.88
2012.08.03 13:58:31.291,1.23215,1.23224,2.20,1.13
2012.08.03 13:58:31.880,1.23214,1.23223,2.25,1.13
2012.08.03 13:58:32.234,1.23214,1.23222,2.25,1.73
2012.08.03 13:58:32.765,1.23211,1.23222,3.17,1.73
2012.08.03 13:58:35.954,1.23212,1.23222,1.67,2.48
2012.08.03 13:58:36.297,1.23215,1.23223,1.73,4.73
2012.08.03 13:58:36.712,1.23216,1.23221,2.98,1.13
2012.08.03 13:58:36.957,1.23213,1.23221,3.00,1.88
2012.08.03 13:58:37.081,1.23213,1.23219,2.25,1.50
2012.08.03 13:58:37.261,1.23211,1.23219,1.45,1.50
2012.08.03 13:58:37.786,1.2321,1.23218,1.50,4.13
2012.08.03 13:58:39.040,1.23205,1.23212,1.50,2.63
2012.08.03 13:58:40.006,1.23203,1.23211,1.50,1.50
2012.08.03 13:58:42.400,1.23203,1.23208,1.50,1.88
2012.08.03 13:58:42.932,1.23201,1.23209,1.73,1.73
2012.08.03 13:58:45.368,1.23201,1.2321,1.73,4.35
2012.08.03 13:58:45.893,1.23205,1.23212,4.30,2.25
2012.08.03 13:58:46.199,1.23212,1.23219,2.20,1.50
2012.08.03 13:58:46.322,1.23212,1.2322,1.50,1.73
2012.08.03 13:58:46.387,1.23212,1.2322,2.42,1.50
2012.08.03 13:58:46.915,1.23214,1.23221,1.50,3.23
2012.08.03 13:58:47.879,1.23217,1.23222,1.50,2.63
2012.08.03 13:58:50.174,1.23216,1.23224,1.50,5.10
2012.08.03 13:58:52.969,1.23216,1.23222,1.50,1.13
2012.08.03 13:58:54.096,1.23214,1.23224,1.73,5.33
2012.08.03 13:58:55.102,1.23213,1.23223,3.17,1.73
2012.08.03 13:58:56.170,1.23213,1.23221,3.17,1.73
2012.08.03 13:58:56.710,1.23213,1.23221,3.17,1.73
2012.08.03 13:58:57.858,1.23213,1.23221,3.17,1.50
2012.08.03 13:58:58.390,1.23213,1.23221,2.20,3.75
2012.08.03 13:58:58.629,1.23213,1.23221,2.42,3.75
2012.08.03 13:58:59.457,1.23212,1.23222,2.42,2.48
2012.08.03 13:58:59.579,1.23211,1.23221,3.17,3.29
2012.08.03 13:58:59.818,1.23211,1.2322,3.17,1.50
2012.08.03 13:59:00.347,1.23212,1.23221,2.42,1.50
2012.08.03 13:59:00.704,1.2321,1.23219,2.25,1.50
2012.08.03 13:59:01.551,1.23211,1.23219,1.52,3.00
2012.08.03 13:59:02.823,1.23212,1.23219,1.67,1.50
2012.08.03 13:59:04.535,1.23212,1.23217,1.45,1.50
2012.08.03 13:59:05.003,1.23212,1.23219,1.67,2.25
2012.08.03 13:59:05.526,1.23213,1.23221,3.17,3.00
2012.08.03 13:59:05.941,1.23213,1.23221,4.67,2.25
2012.08.03 13:59:06.477,1.23215,1.23223,1.50,2.48
2012.08.03 13:59:07.008,1.23214,1.23222,1.73,2.25
2012.08.03 13:59:07.821,1.23212,1.23222,3.92,3.00
2012.08.03 13:59:08.352,1.23212,1.23222,4.67,3.00
2012.08.03 13:59:09.372,1.23212,1.23221,2.42,2.25
2012.08.03 13:59:09.899,1.23213,1.23221,2.20,3.75
2012.08.03 13:59:10.428,1.23214,1.23221,1.50,1.50
2012.08.03 13:59:10.953,1.23214,1.23222,1.50,2.48
2012.08.03 13:59:11.308,1.23216,1.23224,2.20,3.98
2012.08.03 13:59:11.663,1.23219,1.23224,2.25,1.73
2012.08.03 13:59:11.795,1.23217,1.23224,1.50,3.60
2012.08.03 13:59:11.917,1.23214,1.23222,3.17,1.50
2012.08.03 13:59:12.162,1.23214,1.2322,1.50,1.50
2012.08.03 13:59:12.695,1.23213,1.23221,2.20,2.48
2012.08.03 13:59:13.230,1.23213,1.23221,2.20,1.73
2012.08.03 13:59:13.448,1.23213,1.2322,1.50,2.48
2012.08.03 13:59:13.514,1.23209,1.23218,2.42,1.50
2012.08.03 13:59:14.048,1.23209,1.23218,2.42,3.60
2012.08.03 13:59:14.171,1.23211,1.23218,1.50,2.10
2012.08.03 13:59:15.451,1.23211,1.23219,1.50,2.48
2012.08.03 13:59:15.977,1.2321,1.23217,1.45,1.73
2012.08.03 13:59:16.678,1.23211,1.23219,3.98,2.25
2012.08.03 13:59:16.957,1.23211,1.23217,3.98,1.50
2012.08.03 13:59:17.032,1.23212,1.23221,1.45,3.38
2012.08.03 13:59:17.271,1.23212,1.23221,1.45,1.88
2012.08.03 13:59:17.799,1.23212,1.23221,1.45,1.88
2012.08.03 13:59:18.212,1.23213,1.23224,5.05,1.13
2012.08.03 13:59:18.633,1.23217,1.23226,1.67,2.48
2012.08.03 13:59:19.675,1.23215,1.23222,3.23,1.50
2012.08.03 13:59:19.740,1.23215,1.23222,2.42,1.50
2012.08.03 13:59:19.986,1.23214,1.2322,2.80,1.50
2012.08.03 13:59:20.711,1.23214,1.23221,2.20,1.50
2012.08.03 13:59:20.777,1.23214,1.23221,2.20,1.50
2012.08.03 13:59:21.018,1.23212,1.23221,1.50,2.85
2012.08.03 13:59:21.201,1.23218,1.23223,1.50,1.88
2012.08.03 13:59:21.674,1.23211,1.23218,2.25,1.35
2012.08.03 13:59:21.740,1.23211,1.23218,2.48,1.13
2012.08.03 13:59:21.864,1.23213,1.23218,1.50,1.13
2012.08.03 13:59:22.167,1.23209,1.23215,1.50,2.85
2012.08.03 13:59:22.470,1.23208,1.23218,2.20,2.25
2012.08.03 13:59:22.713,1.23213,1.2322,1.45,3.04
2012.08.03 13:59:22.777,1.23221,1.23226,1.45,3.98
2012.08.03 13:59:22.903,1.23217,1.23222,1.50,1.35
2012.08.03 13:59:23.029,1.23218,1.23224,3.60,2.25
2012.08.03 13:59:23.152,1.23214,1.23223,3.00,1.73
2012.08.03 13:59:23.217,1.23214,1.23224,3.00,6.60
2012.08.03 13:59:23.398,1.23216,1.23224,1.50,6.60
2012.08.03 13:59:23.929,1.23215,1.23223,1.50,3.23
2012.08.03 13:59:24.999,1.23215,1.23223,2.20,2.48
2012.08.03 13:59:25.474,1.23215,1.23224,1.67,2.48
2012.08.03 13:59:26.015,1.23217,1.23224,1.50,1.50
2012.08.03 13:59:26.081,1.23214,1.23221,4.73,1.50
2012.08.03 13:59:26.265,1.23218,1.23223,1.45,1.50
2012.08.03 13:59:26.329,1.23215,1.23223,1.50,1.73
2012.08.03 13:59:26.687,1.23219,1.23228,2.25,1.50
2012.08.03 13:59:26.809,1.23219,1.23228,2.25,1.73
2012.08.03 13:59:26.993,1.23222,1.23229,1.50,2.85
2012.08.03 13:59:27.465,1.23222,1.2323,3.75,1.73
2012.08.03 13:59:27.992,1.23224,1.23231,1.50,5.10
2012.08.03 13:59:28.810,1.23224,1.23231,2.25,3.60
2012.08.03 13:59:29.108,1.23221,1.23228,3.00,1.13
2012.08.03 13:59:29.640,1.23223,1.23229,1.50,2.10
2012.08.03 13:59:30.109,1.23225,1.2323,1.50,1.50
2012.08.03 13:59:31.909,1.23224,1.23232,3.00,1.50
2012.08.03 13:59:32.271,1.23228,1.23235,2.25,2.48
2012.08.03 13:59:33.090,1.23227,1.23235,1.50,3.60
2012.08.03 13:59:33.212,1.23229,1.23235,1.50,3.60
2012.08.03 13:59:33.755,1.23228,1.23235,1.50,4.35
2012.08.03 13:59:34.109,1.23225,1.23231,1.50,1.13
2012.08.03 13:59:34.233,1.23225,1.23231,2.25,1.35
2012.08.03 13:59:34.837,1.23222,1.23231,2.25,2.85
2012.08.03 13:59:35.359,1.23222,1.23231,2.25,3.60
2012.08.03 13:59:35.830,1.23222,1.23231,3.17,2.10
2012.08.03 13:59:36.131,1.23218,1.23223,1.50,2.63
2012.08.03 13:59:36.484,1.23215,1.23223,1.50,3.60
2012.08.03 13:59:36.605,1.23217,1.23223,1.50,3.60
2012.08.03 13:59:36.899,1.23215,1.23223,2.25,1.35
2012.08.03 13:59:37.079,1.23217,1.23223,1.50,2.10
2012.08.03 13:59:38.213,1.23216,1.23223,1.50,2.10
2012.08.03 13:59:39.493,1.23216,1.23222,1.50,1.73
2012.08.03 13:59:39.853,1.23211,1.23217,2.25,2.25
2012.08.03 13:59:39.978,1.23208,1.23214,1.50,2.63
2012.08.03 13:59:40.101,1.23208,1.23214,1.50,2.85
2012.08.03 13:59:40.165,1.23204,1.23214,2.42,2.85
2012.08.03 13:59:40.597,1.23207,1.23217,1.45,3.83
2012.08.03 13:59:41.077,1.2321,1.23216,1.50,1.50
2012.08.03 13:59:41.201,1.23207,1.23216,2.95,1.50
2012.08.03 13:59:41.623,1.23215,1.2322,3.00,2.65
2012.08.03 13:59:41.746,1.23216,1.23223,1.73,1.50
2012.08.03 13:59:41.810,1.23219,1.23228,6.23,3.98
2012.08.03 13:59:42.055,1.23222,1.23231,6.23,3.60
2012.08.03 13:59:42.176,1.23221,1.23231,1.50,4.35
2012.08.03 13:59:42.706,1.23222,1.2323,1.50,1.73
2012.08.03 13:59:43.010,1.23222,1.23229,2.23,1.50
2012.08.03 13:59:43.435,1.23221,1.23228,2.25,1.50
2012.08.03 13:59:43.500,1.23216,1.23222,2.25,3.60
2012.08.03 13:59:43.625,1.23211,1.23218,1.50,1.50
2012.08.03 13:59:44.356,1.23211,1.23219,1.50,2.25
2012.08.03 13:59:44.820,1.23212,1.2322,2.25,2.25
2012.08.03 13:59:44.891,1.23214,1.2322,1.50,1.50
2012.08.03 13:59:45.320,1.23219,1.23224,1.50,1.50
2012.08.03 13:59:45.386,1.23216,1.23224,4.50,1.50
2012.08.03 13:59:45.451,1.23216,1.23222,3.00,1.50
2012.08.03 13:59:45.698,1.23216,1.23226,2.25,3.00
2012.08.03 13:59:45.763,1.23216,1.23223,1.50,1.50
2012.08.03 13:59:45.889,1.23215,1.23224,1.50,1.50
2012.08.03 13:59:46.312,1.23214,1.23222,2.98,2.25
2012.08.03 13:59:46.499,1.23215,1.23224,1.50,3.00
2012.08.03 13:59:47.050,1.2321,1.2322,4.50,1.50
2012.08.03 13:59:48.284,1.2321,1.23222,3.00,3.75
2012.08.03 13:59:50.844,1.23212,1.23222,1.50,3.00
2012.08.03 13:59:51.582,1.2321,1.2322,2.25,2.25
2012.08.03 13:59:52.050,1.23212,1.2322,1.69,1.50
2012.08.03 13:59:52.235,1.23213,1.23223,1.50,1.50
2012.08.03 13:59:52.303,1.23215,1.23223,1.50,1.50
2012.08.03 13:59:52.370,1.23213,1.23223,1.50,2.25
2012.08.03 13:59:52.436,1.23213,1.23223,2.48,1.50
2012.08.03 13:59:52.746,1.23218,1.23226,2.48,1.50
2012.08.03 13:59:52.815,1.23221,1.23228,1.73,2.25
2012.08.03 13:59:52.882,1.23221,1.23228,1.73,1.50
2012.08.03 13:59:53.255,1.2322,1.23228,2.48,1.50
2012.08.03 13:59:54.487,1.23221,1.23231,1.73,3.98
2012.08.03 13:59:54.792,1.23221,1.23231,2.48,2.48
2012.08.03 13:59:55.099,1.23218,1.23226,2.48,1.50
2012.08.03 13:59:55.470,1.23216,1.23226,1.73,1.50
2012.08.03 13:59:55.961,1.23212,1.23225,1.73,1.50
2012.08.03 13:59:56.330,1.23211,1.23225,2.70,1.50
2012.08.03 13:59:56.457,1.23211,1.23225,1.50,1.50
2012.08.03 13:59:56.525,1.23211,1.23225,1.50,1.50
2012.08.03 13:59:56.839,1.23215,1.23227,1.50,1.50
2012.08.03 13:59:57.088,1.23209,1.23227,1.50,1.50
2012.08.03 13:59:57.154,1.23209,1.23226,1.50,1.50
2012.08.03 13:59:57.221,1.2321,1.23226,1.50,1.50
2012.08.03 13:59:57.593,1.2321,1.23226,1.50,1.50
2012.08.03 13:59:57.925,1.23215,1.23229,1.13,1.50
2012.08.03 13:59:58.056,1.23216,1.23231,1.58,1.50
2012.08.03 13:59:58.551,1.23219,1.23231,1.50,1.50
2012.08.03 13:59:58.985,1.23217,1.23237,1.95,2.40
2012.08.03 13:59:59.052,1.23215,1.23236,1.95,1.65
2012.08.03 13:59:59.179,1.23215,1.23236,1.20,2.40
2012.08.03 13:59:59.429,1.23214,1.23229,1.58,1.32
2012.08.03 13:59:59.860,1.2321,1.23223,1.50,0.75
2012.08.03 13:59:59.989,1.23205,1.2322,1.50,0.75
