2017.10.31 01:00:00.639,1.16472,1.16474,3.00,2.85
2017.10.31 01:00:01.150,1.16471,1.16473,1.31,4.57
2017.10.31 01:00:01.921,1.16471,1.16473,1.25,5.32
2017.10.31 01:00:02.386,1.16469,1.16471,1.00,2.32
2017.10.31 01:00:02.984,1.16468,1.16469,2.06,1.00
2017.10.31 01:00:05.102,1.16469,1.1647,1.25,1.10
2017.10.31 01:00:05.411,1.16466,1.16468,1.25,6.60
2017.10.31 01:00:05.730,1.16463,1.16466,2.62,1.57
2017.10.31 01:00:05.936,1.16466,1.16468,1.00,3.52
2017.10.31 01:00:07.029,1.16466,1.16468,1.00,2.70
2017.10.31 01:00:08.071,1.16466,1.16468,1.69,2.10
2017.10.31 01:00:08.564,1.16465,1.16466,1.25,1.00
2017.10.31 01:00:09.077,1.16465,1.16467,1.25,9.26
2017.10.31 01:00:09.598,1.16465,1.16467,1.25,4.01
2017.10.31 01:00:09.703,1.16461,1.16463,2.44,3.45
2017.10.31 01:00:09.913,1.1646,1.16462,1.25,2.51
2017.10.31 01:00:10.459,1.1646,1.16464,4.76,1.62
2017.10.31 01:00:10.991,1.16461,1.16465,1.25,4.39
2017.10.31 01:00:11.197,1.16463,1.16465,1.25,2.81
2017.10.31 01:00:11.698,1.16462,1.16465,2.06,1.31
2017.10.31 01:00:12.217,1.16462,1.16466,1.69,3.94
2017.10.31 01:00:13.164,1.16462,1.16466,1.87,5.81
2017.10.31 01:00:14.502,1.16462,1.16466,1.50,4.31
2017.10.31 01:00:16.228,1.16463,1.16466,1.12,5.44
2017.10.31 01:00:17.365,1.16462,1.16464,1.87,1.00
2017.10.31 01:00:17.700,1.16463,1.16465,2.44,2.32
2017.10.31 01:00:18.216,1.16462,1.16465,5.06,1.00
2017.10.31 01:00:18.754,1.16463,1.16465,2.44,1.00
2017.10.31 01:00:19.382,1.16462,1.16465,8.44,1.00
2017.10.31 01:00:20.366,1.16463,1.16465,2.44,1.00
2017.10.31 01:00:20.570,1.16462,1.16466,5.44,6.26
2017.10.31 01:00:21.086,1.16463,1.16466,1.69,4.20
2017.10.31 01:00:22.687,1.16463,1.16466,1.69,1.95
2017.10.31 01:00:22.842,1.16462,1.16466,2.06,4.01
2017.10.31 01:00:23.390,1.16462,1.16466,2.44,4.01
2017.10.31 01:00:23.905,1.16465,1.16467,1.00,2.89
2017.10.31 01:00:24.514,1.16465,1.16467,1.00,3.26
2017.10.31 01:00:34.642,1.16464,1.16465,1.25,1.20
2017.10.31 01:00:34.825,1.16461,1.16465,3.37,1.20
2017.10.31 01:00:36.003,1.16463,1.16466,1.00,4.01
2017.10.31 01:00:37.593,1.1646,1.16465,6.19,2.51
2017.10.31 01:00:38.107,1.16463,1.16465,1.25,3.26
2017.10.31 01:00:38.762,1.16463,1.16465,1.25,2.14
2017.10.31 01:00:39.295,1.16463,1.16465,1.25,2.89
2017.10.31 01:00:40.241,1.16463,1.16465,1.25,2.51
2017.10.31 01:00:40.990,1.16463,1.16465,1.25,3.26
2017.10.31 01:00:41.685,1.16463,1.16465,1.25,1.76
2017.10.31 01:00:43.384,1.16463,1.16465,1.25,1.76
2017.10.31 01:00:49.456,1.16463,1.16464,1.00,1.20
2017.10.31 01:00:49.612,1.16459,1.16463,1.62,5.70
2017.10.31 01:00:49.664,1.16458,1.16461,2.81,1.50
2017.10.31 01:00:50.173,1.16459,1.16461,1.25,4.57
2017.10.31 01:00:51.521,1.16457,1.16458,1.00,1.12
2017.10.31 01:00:51.623,1.16455,1.16457,1.50,1.01
2017.10.31 01:00:51.726,1.16453,1.16456,1.50,2.32
2017.10.31 01:00:52.116,1.16454,1.16456,1.00,3.45
2017.10.31 01:00:52.783,1.16452,1.16455,1.37,1.10
2017.10.31 01:00:52.988,1.16454,1.16456,1.00,4.95
2017.10.31 01:00:55.882,1.16454,1.16457,1.25,9.82
2017.10.31 01:00:56.515,1.16454,1.16456,1.25,5.14
2017.10.31 01:01:03.039,1.16454,1.16457,1.25,9.82
2017.10.31 01:01:06.047,1.16454,1.16456,1.25,4.69
2017.10.31 01:01:11.266,1.16451,1.16454,1.50,1.00
2017.10.31 01:01:12.301,1.16451,1.16454,1.50,1.00
2017.10.31 01:01:12.848,1.1645,1.16454,4.88,3.26
2017.10.31 01:01:13.613,1.1645,1.16453,1.13,4.69
2017.10.31 01:01:13.666,1.16448,1.1645,1.87,1.12
2017.10.31 01:01:14.135,1.16448,1.16451,1.00,11.44
2017.10.31 01:01:14.648,1.16448,1.1645,1.00,4.87
2017.10.31 01:01:15.387,1.16448,1.16451,1.00,10.01
2017.10.31 01:01:15.894,1.16448,1.1645,1.25,1.50
2017.10.31 01:01:16.518,1.16448,1.1645,1.00,5.62
2017.10.31 01:01:17.293,1.16448,1.16451,1.00,5.81
2017.10.31 01:01:20.252,1.16448,1.1645,1.00,3.37
2017.10.31 01:01:20.303,1.16446,1.1645,1.50,3.37
2017.10.31 01:01:20.716,1.16448,1.1645,1.00,3.37
2017.10.31 01:01:21.226,1.16449,1.16451,1.00,6.56
2017.10.31 01:01:22.554,1.1645,1.16452,3.19,1.69
2017.10.31 01:01:22.658,1.16451,1.16453,2.16,1.00
2017.10.31 01:01:22.710,1.16451,1.16455,4.12,2.32
2017.10.31 01:01:23.236,1.16452,1.16455,1.50,1.00
2017.10.31 01:01:23.828,1.16452,1.16455,1.50,1.00
2017.10.31 01:01:24.332,1.16452,1.16455,1.69,1.00
2017.10.31 01:01:25.021,1.16452,1.16455,1.69,1.00
2017.10.31 01:01:26.494,1.16452,1.16455,1.69,1.50
2017.10.31 01:01:27.111,1.16452,1.16455,3.19,1.00
2017.10.31 01:01:27.731,1.16452,1.16455,3.19,1.00
2017.10.31 01:01:28.325,1.16452,1.16456,3.94,1.25
2017.10.31 01:01:28.377,1.16455,1.16456,1.50,1.31
2017.10.31 01:01:28.429,1.16455,1.16457,1.12,4.50
2017.10.31 01:01:28.941,1.16456,1.16459,3.66,6.56
2017.10.31 01:01:29.465,1.16456,1.16458,4.41,1.12
2017.10.31 01:01:30.048,1.16456,1.16459,3.28,5.06
2017.10.31 01:01:32.215,1.16456,1.16459,1.69,3.26
2017.10.31 01:01:32.730,1.16456,1.16459,1.69,2.51
2017.10.31 01:01:33.253,1.16456,1.16459,1.69,2.51
2017.10.31 01:01:37.583,1.16456,1.16459,1.42,2.51
2017.10.31 01:01:39.170,1.16457,1.16459,1.12,4.01
2017.10.31 01:01:39.683,1.16456,1.16459,2.55,1.25
2017.10.31 01:01:40.209,1.16456,1.1646,2.92,7.39
2017.10.31 01:01:40.848,1.16456,1.1646,1.80,8.14
2017.10.31 01:01:41.319,1.16456,1.16458,3.09,3.00
2017.10.31 01:01:41.473,1.16454,1.16456,1.00,1.50
2017.10.31 01:01:41.525,1.16455,1.16457,1.00,7.57
2017.10.31 01:01:43.642,1.16456,1.16457,1.00,3.00
2017.10.31 01:01:44.182,1.16456,1.16458,1.25,6.07
2017.10.31 01:01:44.686,1.16456,1.16458,1.25,2.89
2017.10.31 01:01:47.523,1.16456,1.16458,1.25,1.95
2017.10.31 01:01:48.157,1.16456,1.16458,1.25,2.70
2017.10.31 01:01:48.515,1.16455,1.16457,1.00,2.10
2017.10.31 01:01:49.859,1.16455,1.16457,1.00,2.10
2017.10.31 01:01:50.366,1.16456,1.16458,1.00,6.11
2017.10.31 01:01:50.895,1.16455,1.16457,1.00,2.70
2017.10.31 01:01:50.947,1.16454,1.16456,1.87,1.57
2017.10.31 01:01:51.050,1.16455,1.16457,1.00,1.95
2017.10.31 01:01:52.708,1.16456,1.16459,1.69,8.32
2017.10.31 01:01:53.870,1.16456,1.16459,2.66,3.37
2017.10.31 01:01:54.381,1.16457,1.1646,1.62,4.76
2017.10.31 01:01:57.413,1.16456,1.1646,8.36,1.76
2017.10.31 01:01:57.923,1.16458,1.16461,3.00,1.57
2017.10.31 01:01:59.769,1.16459,1.16462,1.24,2.06
2017.10.31 01:02:00.280,1.16461,1.16463,1.00,3.86
2017.10.31 01:02:01.602,1.1646,1.16462,1.87,1.65
2017.10.31 01:02:02.105,1.1646,1.16462,1.12,1.72
2017.10.31 01:02:03.146,1.1646,1.16463,1.12,5.74
2017.10.31 01:02:04.912,1.16461,1.16462,1.00,1.10
2017.10.31 01:02:08.321,1.1646,1.16462,1.87,3.00
2017.10.31 01:02:10.094,1.1646,1.16462,1.00,6.00
2017.10.31 01:02:10.606,1.1646,1.16462,1.00,6.00
2017.10.31 01:02:13.385,1.1646,1.16462,1.50,3.00
2017.10.31 01:02:15.733,1.1646,1.16462,1.00,2.25
2017.10.31 01:02:16.259,1.16461,1.16463,1.12,1.30
2017.10.31 01:02:16.853,1.16461,1.16463,1.00,1.67
2017.10.31 01:02:17.059,1.16461,1.16464,1.37,2.62
2017.10.31 01:02:17.264,1.16461,1.16464,1.87,6.94
2017.10.31 01:02:17.827,1.16461,1.16462,1.00,2.62
2017.10.31 01:02:18.496,1.1646,1.16462,2.44,2.25
2017.10.31 01:02:19.325,1.1646,1.16462,1.87,6.00
2017.10.31 01:02:22.909,1.16461,1.16462,1.00,3.34
2017.10.31 01:02:23.507,1.1646,1.16462,1.69,1.09
2017.10.31 01:02:24.402,1.16461,1.16463,1.25,5.55
2017.10.31 01:02:29.749,1.16461,1.16463,1.00,2.85
2017.10.31 01:02:30.251,1.16461,1.16463,1.00,2.92
2017.10.31 01:02:30.752,1.1646,1.16462,3.00,1.50
2017.10.31 01:02:31.737,1.1646,1.16463,1.12,4.20
2017.10.31 01:02:32.157,1.1646,1.16462,1.50,1.95
2017.10.31 01:02:32.666,1.1646,1.16462,1.50,3.45
2017.10.31 01:02:33.432,1.1646,1.16462,1.00,3.82
2017.10.31 01:02:34.714,1.1646,1.16461,1.00,1.76
2017.10.31 01:02:35.022,1.16457,1.1646,1.87,4.95
2017.10.31 01:02:35.179,1.16456,1.16458,1.00,1.39
2017.10.31 01:02:35.351,1.16457,1.16459,1.50,1.00
2017.10.31 01:02:37.767,1.16457,1.16459,1.00,2.70
2017.10.31 01:02:38.298,1.16456,1.16458,1.00,5.92
2017.10.31 01:02:38.657,1.16454,1.16457,1.00,5.32
2017.10.31 01:02:38.709,1.16455,1.16457,1.00,4.57
2017.10.31 01:02:38.966,1.16453,1.16455,1.00,2.25
2017.10.31 01:02:39.490,1.16453,1.16454,1.00,1.57
2017.10.31 01:02:40.034,1.16453,1.16454,1.25,1.76
2017.10.31 01:02:40.771,1.16453,1.16454,1.00,1.57
2017.10.31 01:02:42.784,1.16453,1.16455,1.00,1.20
2017.10.31 01:02:43.300,1.16454,1.16457,1.00,2.81
2017.10.31 01:02:44.889,1.16454,1.16457,1.00,2.32
2017.10.31 01:02:45.417,1.16454,1.16457,1.00,2.70
2017.10.31 01:02:50.119,1.16454,1.16457,1.00,5.70
2017.10.31 01:02:50.738,1.16454,1.16457,1.69,4.95
2017.10.31 01:02:56.510,1.16454,1.16457,1.00,2.06
2017.10.31 01:02:57.000,1.16452,1.16454,1.25,1.87
2017.10.31 01:02:57.261,1.16452,1.16455,2.25,2.14
2017.10.31 01:02:57.835,1.16451,1.16454,4.50,1.50
2017.10.31 01:02:58.348,1.16451,1.16454,3.75,1.50
2017.10.31 01:03:00.105,1.16451,1.16454,1.50,5.59
2017.10.31 01:03:00.616,1.16451,1.16453,1.00,1.72
2017.10.31 01:03:00.826,1.16449,1.16451,1.25,2.25
2017.10.31 01:03:01.676,1.16449,1.16451,1.25,1.69
2017.10.31 01:03:02.703,1.16449,1.16451,1.25,1.50
2017.10.31 01:03:03.986,1.16449,1.16451,1.25,1.12
2017.10.31 01:03:04.649,1.1645,1.16452,1.25,2.81
2017.10.31 01:03:06.282,1.16449,1.16452,1.25,5.62
2017.10.31 01:03:06.797,1.16449,1.16451,1.25,1.00
2017.10.31 01:03:08.447,1.16449,1.16451,1.39,3.00
2017.10.31 01:03:09.454,1.16449,1.16451,1.00,3.94
2017.10.31 01:03:09.967,1.16449,1.16451,1.25,2.62
2017.10.31 01:03:18.310,1.1645,1.16452,1.50,1.12
2017.10.31 01:03:18.413,1.16451,1.16453,3.00,1.00
2017.10.31 01:03:18.937,1.16452,1.16454,1.76,1.00
2017.10.31 01:03:20.417,1.16452,1.16454,4.39,1.00
2017.10.31 01:03:25.588,1.16452,1.16456,5.14,1.69
2017.10.31 01:03:26.683,1.16452,1.16456,2.89,3.56
2017.10.31 01:03:29.483,1.16454,1.16457,2.06,1.69
2017.10.31 01:03:29.689,1.16456,1.16459,1.00,4.69
2017.10.31 01:03:30.227,1.16456,1.16458,2.81,1.00
2017.10.31 01:03:31.472,1.16456,1.16459,2.06,2.06
2017.10.31 01:03:31.975,1.16457,1.16459,1.00,2.06
2017.10.31 01:03:32.516,1.16456,1.16459,2.62,2.06
2017.10.31 01:03:35.138,1.16457,1.16459,1.12,1.69
2017.10.31 01:03:35.650,1.16458,1.16459,1.00,1.31
2017.10.31 01:03:36.699,1.16459,1.16461,1.25,1.87
2017.10.31 01:03:37.254,1.16458,1.16461,2.44,1.69
2017.10.31 01:03:38.248,1.16458,1.16461,4.31,1.31
2017.10.31 01:03:38.760,1.16459,1.16462,1.87,1.69
2017.10.31 01:03:45.617,1.16459,1.16462,1.87,1.31
2017.10.31 01:04:00.071,1.16459,1.16462,1.12,5.62
2017.10.31 01:04:13.537,1.1646,1.16462,1.31,4.69
2017.10.31 01:04:13.641,1.16462,1.16463,1.25,1.25
2017.10.31 01:04:13.746,1.16464,1.16467,1.00,3.56
2017.10.31 01:04:15.350,1.16464,1.16467,2.25,1.00
2017.10.31 01:04:20.935,1.16465,1.16468,1.00,7.31
2017.10.31 01:04:21.981,1.16464,1.16468,2.44,3.94
2017.10.31 01:04:24.344,1.16464,1.16466,2.06,1.00
2017.10.31 01:04:25.996,1.16464,1.16467,2.25,3.00
2017.10.31 01:04:27.491,1.16465,1.16467,1.00,4.12
2017.10.31 01:04:28.010,1.16464,1.16467,2.06,9.37
2017.10.31 01:04:29.539,1.16464,1.16467,1.87,3.37
2017.10.31 01:04:38.301,1.16465,1.16467,1.00,1.12
2017.10.31 01:04:38.821,1.16464,1.16468,2.44,6.19
2017.10.31 01:04:46.542,1.16463,1.16465,3.75,2.87
2017.10.31 01:04:46.644,1.16462,1.16465,2.44,6.45
2017.10.31 01:04:47.055,1.16462,1.16464,1.25,3.45
2017.10.31 01:04:47.528,1.1646,1.16462,4.87,1.50
2017.10.31 01:04:49.468,1.16461,1.16463,1.00,2.70
2017.10.31 01:04:50.184,1.1646,1.16462,3.75,1.87
2017.10.31 01:04:50.494,1.16459,1.16461,1.00,1.37
2017.10.31 01:04:50.753,1.16457,1.16459,1.12,1.20
2017.10.31 01:04:51.707,1.16459,1.16461,1.00,7.01
2017.10.31 01:04:53.682,1.16459,1.16461,1.25,3.07
2017.10.31 01:04:54.352,1.1646,1.16462,1.50,1.50
2017.10.31 01:04:56.640,1.1646,1.16462,1.87,1.95
2017.10.31 01:05:01.041,1.16461,1.16462,1.00,1.12
2017.10.31 01:05:04.272,1.16462,1.16463,1.20,1.00
2017.10.31 01:05:04.377,1.16463,1.16465,1.00,1.50
2017.10.31 01:05:09.266,1.16463,1.16466,1.95,4.87
2017.10.31 01:05:09.778,1.16464,1.16466,1.69,5.62
2017.10.31 01:05:10.757,1.16465,1.16466,1.12,5.25
2017.10.31 01:05:11.267,1.16465,1.16467,1.25,1.50
2017.10.31 01:05:12.428,1.16464,1.16467,2.14,1.31
2017.10.31 01:05:15.213,1.16468,1.1647,1.50,1.00
2017.10.31 01:05:15.367,1.16469,1.16473,2.89,5.44
2017.10.31 01:05:15.552,1.16468,1.16472,3.82,4.12
2017.10.31 01:05:16.070,1.16466,1.16469,4.01,4.12
2017.10.31 01:05:16.634,1.16466,1.16469,1.95,1.87
2017.10.31 01:05:17.003,1.16467,1.16469,1.00,3.37
2017.10.31 01:05:17.552,1.16467,1.16469,1.00,1.87
2017.10.31 01:05:18.114,1.16466,1.16469,1.00,1.87
2017.10.31 01:05:18.770,1.16467,1.16469,2.51,2.25
2017.10.31 01:05:19.077,1.16466,1.16469,1.10,1.00
2017.10.31 01:05:19.624,1.16467,1.1647,1.25,1.12
2017.10.31 01:05:25.122,1.16467,1.16471,4.57,2.81
2017.10.31 01:05:26.636,1.16467,1.16471,4.57,2.81
2017.10.31 01:05:27.387,1.16467,1.16471,3.82,3.56
2017.10.31 01:05:27.959,1.16467,1.1647,2.62,1.10
2017.10.31 01:05:28.213,1.16467,1.1647,2.06,5.62
2017.10.31 01:05:28.265,1.16468,1.1647,1.00,4.50
2017.10.31 01:05:28.807,1.16467,1.1647,2.25,1.12
2017.10.31 01:05:37.280,1.16465,1.16469,4.69,1.12
2017.10.31 01:05:37.788,1.16465,1.16468,3.19,1.57
2017.10.31 01:05:40.428,1.16466,1.16467,1.12,2.25
2017.10.31 01:05:40.932,1.16465,1.16466,1.50,1.00
2017.10.31 01:05:41.751,1.16466,1.16467,1.00,1.87
2017.10.31 01:05:42.357,1.16465,1.16467,1.00,1.20
2017.10.31 01:05:43.567,1.16465,1.16467,1.12,3.37
2017.10.31 01:05:43.814,1.16462,1.16465,5.44,2.47
2017.10.31 01:05:43.865,1.1646,1.16463,1.50,3.60
2017.10.31 01:05:44.019,1.16459,1.16462,1.00,3.07
2017.10.31 01:05:44.599,1.16458,1.16462,2.25,3.07
2017.10.31 01:05:45.125,1.16458,1.16462,1.69,3.45
2017.10.31 01:05:45.632,1.16458,1.16462,2.25,2.70
2017.10.31 01:05:53.715,1.16458,1.16462,2.25,3.45
2017.10.31 01:05:54.469,1.1646,1.16462,2.81,1.00
2017.10.31 01:05:54.982,1.1646,1.16463,1.12,10.76
2017.10.31 01:05:56.418,1.1646,1.16462,1.31,3.56
2017.10.31 01:05:58.938,1.1646,1.16461,1.12,1.12
2017.10.31 01:06:00.157,1.16459,1.16461,1.25,3.07
2017.10.31 01:06:02.413,1.16458,1.1646,1.25,2.70
2017.10.31 01:06:02.465,1.16457,1.16459,3.25,3.97
2017.10.31 01:06:02.568,1.16458,1.16461,1.25,6.07
2017.10.31 01:06:02.620,1.16458,1.1646,1.12,2.51
2017.10.31 01:06:04.243,1.16457,1.1646,2.25,4.39
2017.10.31 01:06:04.708,1.16455,1.16457,5.44,4.50
2017.10.31 01:06:04.760,1.16455,1.16457,2.62,3.00
2017.10.31 01:06:05.492,1.16455,1.16457,1.25,4.01
2017.10.31 01:06:06.153,1.16455,1.16456,1.12,1.10
2017.10.31 01:06:08.266,1.16453,1.16454,1.31,1.20
2017.10.31 01:06:08.567,1.16451,1.16453,3.00,1.10
2017.10.31 01:06:09.080,1.16451,1.16452,1.00,1.30
2017.10.31 01:06:10.449,1.16451,1.16452,1.25,1.10
2017.10.31 01:06:11.101,1.16447,1.1645,3.00,1.50
2017.10.31 01:06:11.390,1.16447,1.1645,1.25,10.20
2017.10.31 01:06:11.647,1.16443,1.16446,4.50,3.45
2017.10.31 01:06:12.200,1.16444,1.16446,1.00,1.57
2017.10.31 01:06:12.422,1.16445,1.16447,9.56,1.12
2017.10.31 01:06:12.935,1.16446,1.16448,1.25,4.20
2017.10.31 01:06:13.922,1.16445,1.16448,3.94,1.37
2017.10.31 01:06:14.337,1.16446,1.16449,2.44,9.11
2017.10.31 01:06:14.492,1.16445,1.16447,6.00,1.00
2017.10.31 01:06:14.545,1.16446,1.16448,1.00,7.57
2017.10.31 01:06:15.430,1.16447,1.16449,1.25,7.39
2017.10.31 01:06:15.941,1.16446,1.16448,3.74,4.24
2017.10.31 01:06:16.487,1.16447,1.16449,1.25,7.01
2017.10.31 01:06:17.356,1.16447,1.16448,1.31,1.57
2017.10.31 01:06:17.867,1.16444,1.16447,4.31,1.12
2017.10.31 01:06:19.013,1.16445,1.16447,1.25,2.77
2017.10.31 01:06:19.526,1.16445,1.16446,1.25,2.62
2017.10.31 01:06:20.110,1.16445,1.16447,1.25,9.64
2017.10.31 01:06:21.547,1.16445,1.16446,1.25,2.25
2017.10.31 01:06:22.200,1.16445,1.16446,1.25,2.62
2017.10.31 01:06:22.405,1.16443,1.16444,1.25,1.00
2017.10.31 01:06:22.712,1.16441,1.16443,1.25,2.25
2017.10.31 01:06:23.224,1.16442,1.16444,1.25,2.25
2017.10.31 01:06:23.774,1.16441,1.16444,2.06,2.06
2017.10.31 01:06:24.191,1.16441,1.16442,1.50,1.00
2017.10.31 01:06:24.707,1.1644,1.16442,1.25,4.87
2017.10.31 01:06:25.174,1.16441,1.16443,1.50,2.62
2017.10.31 01:06:25.686,1.16441,1.16443,1.00,1.37
2017.10.31 01:06:26.198,1.16441,1.16444,1.69,2.62
2017.10.31 01:06:26.884,1.16442,1.16444,1.00,3.37
2017.10.31 01:06:27.626,1.16441,1.16444,1.00,2.62
2017.10.31 01:06:27.892,1.16441,1.16444,1.00,3.37
2017.10.31 01:06:29.658,1.16441,1.16444,1.12,5.25
2017.10.31 01:06:30.958,1.16441,1.16444,2.44,3.37
2017.10.31 01:06:31.469,1.16442,1.16443,1.00,1.00
2017.10.31 01:06:32.029,1.16441,1.16442,1.00,1.25
2017.10.31 01:06:35.085,1.1644,1.16442,1.25,1.50
2017.10.31 01:06:35.683,1.16441,1.16443,1.25,4.87
2017.10.31 01:06:36.687,1.16441,1.16442,1.00,1.50
2017.10.31 01:06:37.985,1.16441,1.16443,2.25,1.12
2017.10.31 01:06:38.514,1.16442,1.16443,1.25,1.00
2017.10.31 01:06:39.246,1.16441,1.16443,1.31,1.00
2017.10.31 01:06:39.778,1.16441,1.16443,1.12,2.62
2017.10.31 01:06:40.315,1.16441,1.16443,1.31,1.00
2017.10.31 01:06:40.956,1.16441,1.16442,1.00,1.00
2017.10.31 01:06:41.467,1.16442,1.16443,1.25,4.50
2017.10.31 01:06:42.231,1.16441,1.16443,1.69,4.75
2017.10.31 01:06:42.895,1.16442,1.16443,1.25,1.00
2017.10.31 01:06:43.440,1.16442,1.16444,1.25,1.69
2017.10.31 01:06:44.041,1.16441,1.16444,1.69,1.00
2017.10.31 01:06:46.831,1.16441,1.16445,2.06,5.25
2017.10.31 01:06:47.379,1.16442,1.16445,1.25,5.44
2017.10.31 01:06:48.152,1.16442,1.16444,1.69,2.62
2017.10.31 01:06:49.277,1.16443,1.16445,1.25,1.00
2017.10.31 01:06:49.685,1.16442,1.16444,1.12,2.62
2017.10.31 01:06:50.095,1.16441,1.16443,1.31,2.62
2017.10.31 01:06:50.634,1.16441,1.16444,1.12,4.12
2017.10.31 01:06:51.173,1.16442,1.16444,1.25,3.19
2017.10.31 01:06:51.706,1.16441,1.16444,1.12,3.00
2017.10.31 01:06:52.273,1.16442,1.16444,1.00,3.00
2017.10.31 01:06:52.779,1.16441,1.16444,1.31,1.12
2017.10.31 01:06:53.377,1.16442,1.16444,1.00,1.00
2017.10.31 01:06:53.887,1.16441,1.16444,1.31,1.00
2017.10.31 01:06:54.166,1.1644,1.16442,4.50,5.95
2017.10.31 01:06:55.617,1.1644,1.16441,1.12,1.00
2017.10.31 01:07:03.033,1.16441,1.16443,1.00,5.92
2017.10.31 01:07:03.540,1.16442,1.16444,1.00,3.00
2017.10.31 01:07:04.120,1.16441,1.16444,6.00,3.45
2017.10.31 01:07:04.688,1.16442,1.16445,1.00,4.95
2017.10.31 01:07:05.640,1.16442,1.16445,1.25,3.07
2017.10.31 01:07:06.179,1.16442,1.16445,1.62,1.00
2017.10.31 01:07:06.809,1.16444,1.16445,1.25,1.20
2017.10.31 01:07:07.353,1.16443,1.16445,3.94,1.20
2017.10.31 01:07:08.841,1.16444,1.16445,1.25,1.20
2017.10.31 01:07:11.581,1.16443,1.16445,2.44,1.00
2017.10.31 01:07:13.010,1.16443,1.16446,3.19,3.64
2017.10.31 01:07:13.514,1.16444,1.16447,1.87,2.25
2017.10.31 01:07:13.902,1.16446,1.16448,1.31,1.00
2017.10.31 01:07:14.006,1.16447,1.1645,1.12,3.45
2017.10.31 01:07:14.566,1.16448,1.1645,1.00,3.00
2017.10.31 01:07:14.841,1.1645,1.16451,1.00,1.20
2017.10.31 01:07:15.343,1.1645,1.16452,1.00,4.87
2017.10.31 01:07:16.270,1.16449,1.16452,1.12,1.20
2017.10.31 01:07:17.413,1.1645,1.16452,1.25,5.51
2017.10.31 01:07:19.306,1.16449,1.16452,2.06,6.07
2017.10.31 01:07:19.623,1.16447,1.16449,1.25,2.44
2017.10.31 01:07:20.138,1.16446,1.16449,2.06,3.26
2017.10.31 01:07:20.683,1.16447,1.16449,1.25,4.76
2017.10.31 01:07:21.199,1.16446,1.16448,3.94,1.20
2017.10.31 01:07:21.764,1.16446,1.16449,5.06,1.12
2017.10.31 01:07:22.363,1.16447,1.16449,1.00,1.12
2017.10.31 01:07:22.886,1.16446,1.16449,4.31,1.00
2017.10.31 01:07:23.429,1.16446,1.1645,3.56,2.32
2017.10.31 01:07:24.062,1.16446,1.1645,5.06,2.51
2017.10.31 01:07:24.896,1.16448,1.16449,1.25,1.95
2017.10.31 01:07:25.707,1.16447,1.16451,1.50,7.95
2017.10.31 01:07:26.235,1.16448,1.16451,1.00,5.32
2017.10.31 01:07:29.154,1.16448,1.16449,1.50,1.00
2017.10.31 01:07:31.545,1.16447,1.16449,1.00,1.12
2017.10.31 01:07:37.946,1.16447,1.16449,1.00,1.87
2017.10.31 01:07:38.471,1.16446,1.16449,1.35,3.45
2017.10.31 01:07:40.429,1.16446,1.16449,3.22,3.26
2017.10.31 01:07:40.943,1.16447,1.16449,1.00,1.20
2017.10.31 01:07:41.251,1.16449,1.16451,1.00,3.45
2017.10.31 01:07:41.943,1.16448,1.1645,1.00,1.95
2017.10.31 01:07:42.148,1.16448,1.16451,1.25,5.51
2017.10.31 01:07:42.688,1.16447,1.1645,1.87,1.20
2017.10.31 01:07:44.398,1.16448,1.1645,1.00,1.20
2017.10.31 01:07:44.912,1.16449,1.16451,1.31,1.69
2017.10.31 01:07:46.041,1.16448,1.16451,1.69,1.95
2017.10.31 01:07:46.726,1.16449,1.16451,1.00,1.20
2017.10.31 01:07:49.969,1.16448,1.16451,3.37,3.07
2017.10.31 01:07:51.612,1.16448,1.16451,1.31,1.37
2017.10.31 01:07:59.786,1.16448,1.1645,1.00,4.20
2017.10.31 01:08:00.485,1.16447,1.1645,1.69,4.76
2017.10.31 01:08:01.024,1.16447,1.16449,1.00,1.76
2017.10.31 01:08:01.161,1.16445,1.16447,3.94,1.00
2017.10.31 01:08:01.494,1.16441,1.16443,4.87,1.00
2017.10.31 01:08:02.013,1.16441,1.16443,2.06,1.00
2017.10.31 01:08:03.494,1.16442,1.16444,1.00,3.37
2017.10.31 01:08:04.032,1.16441,1.16444,1.50,3.82
2017.10.31 01:08:05.496,1.1644,1.16443,1.12,1.12
2017.10.31 01:08:05.804,1.16437,1.16439,1.00,1.87
2017.10.31 01:08:06.121,1.16436,1.16438,1.12,1.12
2017.10.31 01:08:06.634,1.16435,1.16438,5.62,1.12
2017.10.31 01:08:06.891,1.16435,1.16436,1.50,1.00
2017.10.31 01:08:07.199,1.16433,1.16435,1.00,1.12
2017.10.31 01:08:07.367,1.16432,1.16434,1.12,1.00
2017.10.31 01:08:08.881,1.16432,1.16434,1.25,1.00
2017.10.31 01:08:11.294,1.16432,1.16434,1.00,1.12
2017.10.31 01:08:12.752,1.16432,1.16433,1.25,1.00
2017.10.31 01:08:13.384,1.16431,1.16433,2.25,1.00
2017.10.31 01:08:16.245,1.16432,1.16433,1.25,1.00
2017.10.31 01:08:17.016,1.16432,1.16433,1.00,1.50
2017.10.31 01:08:17.976,1.16431,1.16432,2.44,1.00
2017.10.31 01:08:19.053,1.16432,1.16433,1.25,1.50
2017.10.31 01:08:19.798,1.16431,1.16432,1.87,1.00
2017.10.31 01:08:20.345,1.16432,1.16433,1.25,1.00
2017.10.31 01:08:20.871,1.16435,1.16436,3.37,2.62
2017.10.31 01:08:21.132,1.16437,1.16439,1.00,1.76
2017.10.31 01:08:21.743,1.16438,1.16439,1.00,1.20
2017.10.31 01:08:22.298,1.16437,1.16439,1.12,1.20
2017.10.31 01:08:23.012,1.16438,1.16439,1.25,1.57
2017.10.31 01:08:23.614,1.16437,1.16439,1.31,1.57
2017.10.31 01:08:27.521,1.16438,1.16439,1.00,1.12
2017.10.31 01:08:28.239,1.16437,1.16439,2.25,1.12
2017.10.31 01:08:28.846,1.16438,1.16439,1.00,1.12
2017.10.31 01:08:29.950,1.16437,1.16438,1.50,1.00
2017.10.31 01:08:30.053,1.16435,1.16436,1.00,1.00
2017.10.31 01:08:30.260,1.16431,1.16433,1.20,2.25
2017.10.31 01:08:30.535,1.1643,1.16433,1.00,3.56
2017.10.31 01:08:31.050,1.16431,1.16432,1.25,1.00
2017.10.31 01:08:32.102,1.16431,1.16433,1.25,2.25
2017.10.31 01:08:35.277,1.16431,1.16433,1.25,3.56
2017.10.31 01:08:35.592,1.1643,1.16431,1.00,1.00
2017.10.31 01:08:35.849,1.16427,1.16429,3.75,1.50
2017.10.31 01:08:36.353,1.16427,1.16428,1.25,1.00
2017.10.31 01:08:36.879,1.16427,1.16429,1.25,1.69
2017.10.31 01:08:37.513,1.16425,1.16426,9.00,1.00
2017.10.31 01:08:37.565,1.16422,1.16425,5.14,1.00
2017.10.31 01:08:38.101,1.16423,1.16424,1.25,1.00
2017.10.31 01:08:38.985,1.16422,1.16424,1.69,1.12
2017.10.31 01:08:39.556,1.16423,1.16424,1.25,1.12
2017.10.31 01:08:40.106,1.16422,1.16424,1.00,2.25
2017.10.31 01:08:40.716,1.16422,1.16424,1.25,3.94
2017.10.31 01:08:41.365,1.16422,1.16423,1.25,1.00
2017.10.31 01:08:42.087,1.16422,1.16423,1.25,1.00
2017.10.31 01:08:57.872,1.16421,1.16424,2.62,4.50
2017.10.31 01:08:59.803,1.16421,1.16422,1.00,1.00
2017.10.31 01:09:00.935,1.16422,1.16423,1.25,1.00
2017.10.31 01:09:03.532,1.16421,1.16422,1.25,1.00
2017.10.31 01:09:04.131,1.16422,1.16424,1.00,4.12
2017.10.31 01:09:05.414,1.16422,1.16423,1.00,1.50
2017.10.31 01:09:06.354,1.16421,1.16423,1.69,1.37
2017.10.31 01:09:07.020,1.16422,1.16423,1.25,1.12
2017.10.31 01:09:07.721,1.1642,1.16423,5.62,1.37
2017.10.31 01:09:08.313,1.16421,1.16423,1.57,1.37
2017.10.31 01:09:09.003,1.16422,1.16423,1.00,1.12
2017.10.31 01:09:10.619,1.16422,1.16423,1.00,1.12
2017.10.31 01:09:17.508,1.16422,1.16424,1.00,3.19
2017.10.31 01:09:18.188,1.16422,1.16424,1.00,4.39
2017.10.31 01:09:18.693,1.16422,1.16423,1.12,1.00
2017.10.31 01:09:19.875,1.16421,1.16423,1.00,1.00
2017.10.31 01:09:20.504,1.1642,1.16422,2.25,1.00
2017.10.31 01:09:21.298,1.1642,1.16422,4.59,1.00
2017.10.31 01:09:24.807,1.16421,1.16424,5.25,2.70
2017.10.31 01:09:24.961,1.16425,1.16426,2.25,1.50
2017.10.31 01:09:25.148,1.16426,1.1643,5.62,4.76
2017.10.31 01:09:25.700,1.16427,1.1643,1.87,1.87
2017.10.31 01:09:29.519,1.16427,1.1643,1.00,1.87
2017.10.31 01:09:30.686,1.16427,1.16429,1.95,1.00
2017.10.31 01:09:36.796,1.16426,1.16429,4.39,1.12
2017.10.31 01:09:37.524,1.16426,1.16427,1.00,1.12
2017.10.31 01:09:37.626,1.16424,1.16426,3.37,1.12
2017.10.31 01:09:37.729,1.16422,1.16426,2.25,2.25
2017.10.31 01:09:38.246,1.16422,1.16425,2.25,1.00
2017.10.31 01:09:38.674,1.16424,1.16426,1.00,1.12
2017.10.31 01:09:38.880,1.16425,1.16429,5.66,1.50
2017.10.31 01:09:39.955,1.16425,1.1643,7.72,2.44
2017.10.31 01:09:40.477,1.16426,1.16429,1.00,1.69
2017.10.31 01:09:40.990,1.16424,1.16426,1.00,1.50
2017.10.31 01:09:41.041,1.16423,1.16426,2.06,1.31
2017.10.31 01:09:42.008,1.16423,1.16426,1.00,4.87
2017.10.31 01:09:43.885,1.16421,1.16425,3.07,3.75
2017.10.31 01:09:45.257,1.16421,1.16424,1.50,1.87
2017.10.31 01:09:45.786,1.16421,1.16424,1.87,1.12
2017.10.31 01:09:51.971,1.1642,1.16423,11.06,1.00
2017.10.31 01:09:52.124,1.16421,1.16424,4.69,2.25
2017.10.31 01:09:52.651,1.16422,1.16425,2.62,1.00
2017.10.31 01:09:53.173,1.16422,1.16425,4.87,1.00
2017.10.31 01:09:54.315,1.16423,1.16425,1.50,1.00
2017.10.31 01:09:54.965,1.16422,1.16425,3.94,1.00
2017.10.31 01:09:56.197,1.16422,1.16425,4.69,1.00
2017.10.31 01:09:56.526,1.16422,1.16424,2.44,3.75
2017.10.31 01:09:57.044,1.16421,1.16424,2.62,5.14
2017.10.31 01:09:57.621,1.16422,1.16424,1.00,3.94
2017.10.31 01:09:58.126,1.16422,1.16424,1.12,1.57
2017.10.31 01:10:00.374,1.16424,1.16426,4.87,1.52
2017.10.31 01:10:00.480,1.16425,1.16428,11.72,3.94
2017.10.31 01:10:00.686,1.16427,1.1643,2.25,2.14
2017.10.31 01:10:01.198,1.16427,1.1643,1.87,2.89
2017.10.31 01:10:01.802,1.16427,1.1643,3.00,4.01
2017.10.31 01:10:02.525,1.16427,1.1643,2.25,4.76
2017.10.31 01:10:02.816,1.16425,1.16428,6.00,1.95
2017.10.31 01:10:03.641,1.16426,1.16428,1.25,1.39
2017.10.31 01:10:04.153,1.16427,1.16429,1.00,1.95
2017.10.31 01:10:05.923,1.16427,1.16429,1.50,2.21
2017.10.31 01:10:05.975,1.16429,1.1643,5.91,1.39
2017.10.31 01:10:06.494,1.16428,1.1643,1.50,1.57
2017.10.31 01:10:08.412,1.16427,1.16429,1.00,1.20
2017.10.31 01:10:09.580,1.16427,1.16429,1.50,1.20
2017.10.31 01:10:10.774,1.16426,1.16429,3.37,1.20
2017.10.31 01:10:12.560,1.16429,1.16431,1.87,1.87
2017.10.31 01:10:12.870,1.16431,1.16433,2.25,1.87
2017.10.31 01:10:13.186,1.16435,1.16436,2.72,1.31
2017.10.31 01:10:13.407,1.16437,1.16441,1.12,5.62
2017.10.31 01:10:13.942,1.16438,1.1644,1.00,1.31
2017.10.31 01:10:14.755,1.16437,1.16439,1.50,1.87
2017.10.31 01:10:14.807,1.16436,1.16438,1.00,1.31
2017.10.31 01:10:15.317,1.16435,1.16437,1.50,1.57
2017.10.31 01:10:15.823,1.16434,1.16437,1.87,1.00
2017.10.31 01:10:16.495,1.16434,1.16437,1.62,1.01
2017.10.31 01:10:17.144,1.16433,1.16435,2.81,1.00
2017.10.31 01:10:17.452,1.16428,1.1643,1.12,1.00
2017.10.31 01:10:17.655,1.16426,1.16429,6.00,1.10
2017.10.31 01:10:18.166,1.16425,1.16428,5.72,1.00
2017.10.31 01:10:18.810,1.16425,1.16429,1.69,1.95
2017.10.31 01:10:18.863,1.16422,1.16426,3.75,3.64
2017.10.31 01:10:19.176,1.16421,1.16425,2.81,4.39
2017.10.31 01:10:20.026,1.16421,1.16425,5.62,2.89
2017.10.31 01:10:23.124,1.16422,1.16425,1.00,5.89
2017.10.31 01:10:23.707,1.16423,1.16425,2.62,4.95
2017.10.31 01:10:24.221,1.16423,1.16426,1.62,5.51
2017.10.31 01:10:24.730,1.16423,1.16426,1.31,5.51
2017.10.31 01:10:25.048,1.16425,1.16427,4.84,4.20
2017.10.31 01:10:25.150,1.16426,1.16428,2.72,1.95
2017.10.31 01:10:25.378,1.16428,1.16429,1.00,1.76
2017.10.31 01:10:25.891,1.16428,1.1643,1.00,2.62
2017.10.31 01:10:27.473,1.16427,1.16429,1.31,1.87
2017.10.31 01:10:27.783,1.16422,1.16425,3.19,1.95
2017.10.31 01:10:29.048,1.16423,1.16425,2.06,1.20
2017.10.31 01:10:29.521,1.16422,1.16426,2.06,6.26
2017.10.31 01:10:31.206,1.16422,1.16426,2.25,5.51
2017.10.31 01:10:31.445,1.16422,1.16426,2.06,4.20
2017.10.31 01:10:31.982,1.16422,1.16426,1.12,5.51
2017.10.31 01:10:34.073,1.16422,1.16426,2.06,4.95
2017.10.31 01:10:34.608,1.16421,1.16425,6.37,2.89
2017.10.31 01:10:35.159,1.16421,1.16425,5.44,1.95
2017.10.31 01:10:35.820,1.16421,1.16425,5.44,1.95
2017.10.31 01:10:36.255,1.16421,1.16423,1.87,1.00
2017.10.31 01:10:39.145,1.16421,1.16424,2.81,1.95
2017.10.31 01:10:39.763,1.16421,1.16424,1.87,1.95
2017.10.31 01:10:40.872,1.16421,1.16423,1.12,2.32
2017.10.31 01:10:40.975,1.16419,1.16421,3.56,1.12
2017.10.31 01:10:41.078,1.16418,1.16419,1.50,1.12
2017.10.31 01:10:41.181,1.16416,1.16417,2.44,1.20
2017.10.31 01:10:42.532,1.16416,1.16418,1.31,1.00
2017.10.31 01:10:46.021,1.16415,1.16418,5.62,1.57
2017.10.31 01:10:47.543,1.16416,1.16418,2.06,1.57
2017.10.31 01:10:52.769,1.16418,1.16419,1.00,3.45
2017.10.31 01:10:52.820,1.16416,1.16418,3.00,1.20
2017.10.31 01:10:54.116,1.16416,1.16418,1.69,1.20
2017.10.31 01:10:59.759,1.16415,1.16418,1.12,5.32
2017.10.31 01:11:00.293,1.16415,1.16416,1.87,4.20
2017.10.31 01:11:01.258,1.16415,1.16416,1.87,1.00
2017.10.31 01:11:01.722,1.16413,1.16417,4.12,3.26
2017.10.31 01:11:02.321,1.16414,1.16416,1.69,1.95
2017.10.31 01:11:02.853,1.16414,1.16416,6.19,1.37
2017.10.31 01:11:03.365,1.16415,1.16417,2.81,2.06
2017.10.31 01:11:05.366,1.16414,1.16416,3.66,1.12
2017.10.31 01:11:05.874,1.16413,1.16416,2.25,2.32
2017.10.31 01:11:07.118,1.16413,1.16415,3.00,1.57
2017.10.31 01:11:07.663,1.16413,1.16415,1.00,1.57
2017.10.31 01:11:08.578,1.16412,1.16415,2.44,1.57
2017.10.31 01:11:09.535,1.16412,1.16415,1.69,1.57
2017.10.31 01:11:10.093,1.16412,1.16415,1.25,1.57
2017.10.31 01:11:10.829,1.16411,1.16413,8.06,1.00
2017.10.31 01:11:10.932,1.16408,1.1641,1.12,1.95
2017.10.31 01:11:11.566,1.16409,1.1641,1.00,1.95
2017.10.31 01:11:12.105,1.16408,1.1641,1.00,2.70
2017.10.31 01:11:12.704,1.16407,1.1641,1.69,2.70
2017.10.31 01:11:13.012,1.16409,1.16411,2.50,5.32
2017.10.31 01:11:13.303,1.1641,1.16412,8.42,1.00
2017.10.31 01:11:14.074,1.1641,1.16413,6.54,2.44
2017.10.31 01:11:18.841,1.16412,1.16414,1.50,1.50
2017.10.31 01:11:19.097,1.16413,1.16416,1.76,2.44
2017.10.31 01:11:21.890,1.16415,1.16416,1.00,1.00
2017.10.31 01:11:22.203,1.16416,1.16419,5.89,1.87
2017.10.31 01:11:23.084,1.16416,1.16419,4.57,1.00
2017.10.31 01:11:23.397,1.1642,1.16422,1.50,5.25
2017.10.31 01:11:23.602,1.16417,1.1642,2.32,1.69
2017.10.31 01:11:24.133,1.16417,1.1642,1.50,2.81
2017.10.31 01:11:25.417,1.1642,1.16422,1.00,1.87
2017.10.31 01:11:25.951,1.16419,1.16422,1.50,2.81
2017.10.31 01:11:26.503,1.1642,1.16422,1.50,1.12
2017.10.31 01:11:34.774,1.1642,1.16423,3.84,3.94
2017.10.31 01:11:35.663,1.16421,1.16423,1.00,3.56
2017.10.31 01:11:37.274,1.16421,1.16425,2.44,5.62
2017.10.31 01:11:38.390,1.16421,1.16425,8.62,5.25
2017.10.31 01:11:45.100,1.16422,1.16425,3.94,1.00
2017.10.31 01:11:45.617,1.16423,1.16425,1.00,1.00
2017.10.31 01:11:46.127,1.16423,1.16426,1.50,2.81
2017.10.31 01:11:46.701,1.16423,1.16426,1.69,3.56
2017.10.31 01:11:49.935,1.16423,1.16426,1.00,2.06
2017.10.31 01:11:50.241,1.16425,1.16427,2.62,3.94
2017.10.31 01:11:50.396,1.16425,1.16428,4.12,1.87
2017.10.31 01:11:50.653,1.16425,1.16428,1.00,3.19
2017.10.31 01:11:52.759,1.16425,1.16428,1.78,4.69
2017.10.31 01:11:53.012,1.16423,1.16427,5.81,1.12
2017.10.31 01:11:53.773,1.16423,1.16426,1.87,1.31
2017.10.31 01:11:54.282,1.16422,1.16425,3.75,1.00
2017.10.31 01:11:54.982,1.16422,1.16425,2.62,1.12
2017.10.31 01:11:56.174,1.16422,1.16425,3.00,1.12
2017.10.31 01:11:56.687,1.16421,1.16425,3.75,2.62
2017.10.31 01:11:57.220,1.16421,1.16425,3.45,2.25
2017.10.31 01:11:57.767,1.16421,1.16424,1.00,1.12
2017.10.31 01:11:58.282,1.16421,1.16424,1.00,2.25
2017.10.31 01:12:00.175,1.1642,1.16423,1.87,1.00
2017.10.31 01:12:00.329,1.16419,1.1642,1.69,1.00
2017.10.31 01:12:00.432,1.16417,1.16418,1.00,1.00
2017.10.31 01:12:00.484,1.16415,1.16418,1.00,2.62
2017.10.31 01:12:00.998,1.16414,1.16417,3.28,1.87
2017.10.31 01:12:01.529,1.16413,1.16417,5.25,2.25
2017.10.31 01:12:02.267,1.16413,1.16417,1.87,3.00
2017.10.31 01:12:04.716,1.16413,1.16415,1.50,1.12
2017.10.31 01:12:04.946,1.16411,1.16415,1.31,1.31
2017.10.31 01:12:05.554,1.16411,1.16415,1.50,2.06
2017.10.31 01:12:06.318,1.16411,1.16415,1.87,1.12
2017.10.31 01:12:08.182,1.16411,1.16415,6.00,2.06
2017.10.31 01:12:09.614,1.16412,1.16415,1.50,3.00
2017.10.31 01:12:10.132,1.16411,1.16415,3.00,4.12
2017.10.31 01:12:10.643,1.1641,1.16414,10.22,1.00
2017.10.31 01:12:11.184,1.16411,1.16415,1.00,6.00
2017.10.31 01:12:13.787,1.16411,1.16415,1.87,7.12
2017.10.31 01:12:15.014,1.16411,1.16415,2.06,8.62
2017.10.31 01:12:19.466,1.1641,1.16415,10.01,4.50
2017.10.31 01:12:20.003,1.1641,1.16414,8.51,1.62
2017.10.31 01:12:23.101,1.1641,1.16415,6.56,3.37
2017.10.31 01:12:23.828,1.16416,1.16417,1.00,3.56
2017.10.31 01:12:24.364,1.16415,1.16417,1.50,1.31
2017.10.31 01:12:24.895,1.16416,1.16418,1.12,1.12
2017.10.31 01:12:31.306,1.16416,1.16419,2.44,2.81
2017.10.31 01:12:37.077,1.16416,1.1642,4.12,7.87
2017.10.31 01:12:45.488,1.16416,1.16419,3.75,1.12
2017.10.31 01:12:51.467,1.16416,1.1642,3.75,9.94
2017.10.31 01:13:05.437,1.16416,1.1642,3.09,5.81
2017.10.31 01:13:05.948,1.16416,1.1642,4.97,3.56
2017.10.31 01:13:18.016,1.16415,1.16417,5.91,1.12
2017.10.31 01:13:18.119,1.16412,1.16415,3.56,1.31
2017.10.31 01:13:18.171,1.1641,1.16415,4.95,3.56
2017.10.31 01:13:18.709,1.1641,1.16414,5.44,1.25
2017.10.31 01:13:19.000,1.16412,1.16414,1.00,2.06
2017.10.31 01:13:24.669,1.16409,1.16411,4.03,1.12
2017.10.31 01:13:24.772,1.16407,1.16411,1.12,3.94
2017.10.31 01:13:26.924,1.16406,1.1641,1.12,1.87
2017.10.31 01:13:33.454,1.16406,1.16408,1.00,1.00
2017.10.31 01:13:33.557,1.16403,1.16407,2.62,2.89
2017.10.31 01:13:35.049,1.16402,1.16406,2.44,2.51
2017.10.31 01:13:35.203,1.16401,1.16405,2.25,2.14
2017.10.31 01:13:36.385,1.16401,1.16404,1.69,1.12
2017.10.31 01:13:37.390,1.16401,1.16404,1.31,1.00
2017.10.31 01:13:39.263,1.16402,1.16405,1.50,4.50
2017.10.31 01:13:39.571,1.16404,1.16405,1.50,1.00
2017.10.31 01:13:39.623,1.16402,1.16405,2.44,2.25
2017.10.31 01:13:39.675,1.16404,1.16406,1.00,3.19
2017.10.31 01:13:39.984,1.16405,1.16408,3.19,2.89
2017.10.31 01:13:40.501,1.16405,1.16407,4.87,1.69
2017.10.31 01:13:41.047,1.16405,1.16407,7.97,2.06
2017.10.31 01:13:42.509,1.16405,1.16406,3.19,1.12
2017.10.31 01:13:43.070,1.16404,1.16405,2.53,1.12
2017.10.31 01:13:43.123,1.16401,1.16404,3.56,1.00
2017.10.31 01:13:43.640,1.16401,1.16404,2.25,1.87
2017.10.31 01:13:47.764,1.16401,1.16403,4.78,1.10
2017.10.31 01:13:48.914,1.16401,1.16403,3.00,1.10
2017.10.31 01:14:06.146,1.164,1.16403,10.59,1.50
2017.10.31 01:14:06.249,1.16401,1.16403,2.34,1.12
2017.10.31 01:14:07.025,1.16399,1.164,1.50,1.00
2017.10.31 01:14:07.128,1.16396,1.16398,2.16,1.69
2017.10.31 01:14:07.394,1.16396,1.16399,2.91,5.51
2017.10.31 01:14:08.940,1.16396,1.16397,3.28,1.00
2017.10.31 01:14:09.044,1.16394,1.16395,4.41,1.00
2017.10.31 01:14:09.097,1.16392,1.16395,2.25,1.12
2017.10.31 01:14:09.679,1.16391,1.16394,3.37,2.32
2017.10.31 01:14:09.732,1.1639,1.16393,4.87,1.37
2017.10.31 01:14:15.755,1.1639,1.16393,4.12,1.37
2017.10.31 01:14:17.610,1.1639,1.16392,1.69,9.00
2017.10.31 01:14:17.732,1.16388,1.16389,1.00,1.00
2017.10.31 01:14:17.784,1.16385,1.16388,3.94,1.37
2017.10.31 01:14:18.308,1.16386,1.16388,3.00,1.37
2017.10.31 01:14:18.852,1.16384,1.16388,17.53,1.37
2017.10.31 01:14:21.855,1.16385,1.16388,9.47,1.57
2017.10.31 01:14:22.186,1.16385,1.16388,9.47,1.20
2017.10.31 01:14:23.585,1.16385,1.16389,9.37,1.12
2017.10.31 01:14:23.944,1.16388,1.16391,1.00,5.25
2017.10.31 01:14:24.285,1.16387,1.16391,1.87,1.37
2017.10.31 01:14:24.990,1.1639,1.16393,5.34,2.25
2017.10.31 01:14:25.095,1.16393,1.16395,1.00,1.12
2017.10.31 01:14:25.607,1.16393,1.16397,1.12,3.94
2017.10.31 01:14:26.835,1.16393,1.16397,2.06,3.45
2017.10.31 01:14:26.888,1.16396,1.16397,1.50,1.10
2017.10.31 01:14:26.991,1.16396,1.16399,1.50,2.06
2017.10.31 01:14:27.246,1.16397,1.16402,1.25,3.64
2017.10.31 01:14:28.290,1.16397,1.16402,1.12,5.70
2017.10.31 01:14:28.341,1.16399,1.16402,1.00,4.31
2017.10.31 01:14:29.084,1.16399,1.164,1.00,2.32
2017.10.31 01:14:29.135,1.16397,1.164,2.62,3.07
2017.10.31 01:14:32.624,1.16398,1.16401,1.00,1.95
2017.10.31 01:14:33.257,1.16398,1.16401,1.00,1.95
2017.10.31 01:14:35.836,1.16397,1.16399,3.00,1.25
2017.10.31 01:14:36.224,1.1639,1.16392,2.25,1.20
2017.10.31 01:14:36.635,1.16388,1.16391,1.00,1.57
2017.10.31 01:14:37.453,1.16387,1.16391,1.31,1.57
2017.10.31 01:14:37.813,1.16387,1.16391,1.00,1.57
2017.10.31 01:14:37.916,1.16387,1.16392,1.87,1.39
2017.10.31 01:14:38.019,1.1639,1.16394,4.50,1.50
2017.10.31 01:14:38.337,1.16393,1.16395,1.00,1.00
2017.10.31 01:14:40.370,1.16393,1.16397,1.00,1.50
2017.10.31 01:14:41.195,1.16393,1.16397,1.00,1.50
2017.10.31 01:14:41.731,1.16393,1.16397,1.00,3.75
2017.10.31 01:14:42.780,1.16393,1.16397,1.00,3.75
2017.10.31 01:14:43.790,1.16393,1.16397,1.00,3.75
2017.10.31 01:14:44.345,1.16393,1.16397,1.00,3.75
2017.10.31 01:14:51.079,1.16392,1.16395,1.50,1.44
2017.10.31 01:14:52.070,1.16391,1.16397,2.89,10.12
2017.10.31 01:15:00.255,1.16392,1.16397,1.00,5.25
2017.10.31 01:15:00.307,1.16395,1.16398,5.25,4.87
2017.10.31 01:15:00.564,1.16398,1.16402,1.00,1.19
2017.10.31 01:15:00.889,1.16399,1.16403,1.50,1.95
2017.10.31 01:15:01.044,1.16401,1.16404,2.62,1.21
2017.10.31 01:15:01.300,1.16402,1.16406,1.20,1.25
2017.10.31 01:15:01.403,1.16402,1.16406,1.57,1.87
2017.10.31 01:15:04.733,1.16405,1.16408,2.62,4.31
2017.10.31 01:15:04.940,1.16407,1.16413,9.64,3.19
2017.10.31 01:15:04.992,1.16411,1.16415,3.75,1.87
2017.10.31 01:15:05.044,1.16411,1.16413,1.12,1.50
2017.10.31 01:15:05.352,1.16407,1.1641,2.14,1.00
2017.10.31 01:15:05.613,1.16404,1.16407,2.32,1.69
2017.10.31 01:15:05.717,1.16402,1.16405,2.70,1.00
2017.10.31 01:15:05.820,1.16403,1.16405,1.20,1.25
2017.10.31 01:15:05.872,1.16401,1.16405,2.32,1.25
2017.10.31 01:15:05.975,1.164,1.16403,1.45,3.34
2017.10.31 01:15:06.212,1.16403,1.16406,1.00,1.56
2017.10.31 01:15:06.418,1.16403,1.16407,1.10,2.81
2017.10.31 01:15:06.950,1.16403,1.16407,1.12,5.25
2017.10.31 01:15:07.500,1.16402,1.16407,2.32,3.00
2017.10.31 01:15:07.876,1.16402,1.16407,1.57,1.50
2017.10.31 01:15:08.091,1.16403,1.16407,1.00,1.87
2017.10.31 01:15:08.623,1.16402,1.16407,1.57,1.44
2017.10.31 01:15:08.982,1.16402,1.16408,3.45,7.27
2017.10.31 01:15:10.370,1.16403,1.16407,1.12,2.32
2017.10.31 01:15:10.891,1.16402,1.16407,2.70,1.12
2017.10.31 01:15:11.412,1.16402,1.16407,3.07,2.06
2017.10.31 01:15:12.729,1.16403,1.16407,3.37,1.19
2017.10.31 01:15:13.037,1.16402,1.16406,1.20,3.75
2017.10.31 01:15:13.561,1.164,1.16403,1.70,2.70
2017.10.31 01:15:13.664,1.164,1.16405,7.76,1.50
2017.10.31 01:15:13.864,1.16401,1.16405,1.95,2.06
2017.10.31 01:15:14.379,1.16401,1.16406,1.20,3.75
2017.10.31 01:15:14.734,1.16402,1.16406,1.10,2.06
2017.10.31 01:15:15.252,1.16401,1.16406,1.45,5.06
2017.10.31 01:15:16.001,1.16401,1.16404,1.47,1.31
2017.10.31 01:15:16.106,1.16399,1.16402,2.14,1.00
2017.10.31 01:15:16.622,1.16397,1.16402,2.89,3.19
2017.10.31 01:15:17.054,1.16397,1.164,1.57,1.00
2017.10.31 01:15:17.579,1.16397,1.164,1.10,1.87
2017.10.31 01:15:18.554,1.16397,1.164,1.10,1.31
2017.10.31 01:15:19.082,1.16395,1.164,7.67,1.87
2017.10.31 01:15:19.681,1.16395,1.164,9.17,2.62
2017.10.31 01:15:20.212,1.16395,1.164,5.23,1.87
2017.10.31 01:15:21.773,1.16396,1.164,2.70,1.25
2017.10.31 01:15:22.133,1.164,1.16402,1.00,3.37
2017.10.31 01:15:22.237,1.16401,1.16405,1.95,1.00
2017.10.31 01:15:22.772,1.16402,1.16406,1.20,1.12
2017.10.31 01:15:23.280,1.16401,1.16405,4.01,1.00
2017.10.31 01:15:23.830,1.16401,1.16405,1.87,1.25
2017.10.31 01:15:25.210,1.16401,1.16406,2.62,1.87
2017.10.31 01:15:27.235,1.16401,1.16406,1.87,2.62
2017.10.31 01:15:28.029,1.16401,1.16406,3.75,2.62
2017.10.31 01:15:30.168,1.16401,1.16405,3.07,1.19
2017.10.31 01:15:30.220,1.164,1.16402,3.00,1.50
2017.10.31 01:15:30.416,1.16397,1.16402,4.20,5.70
2017.10.31 01:15:31.078,1.16397,1.16402,3.45,4.95
2017.10.31 01:15:31.611,1.16397,1.16402,4.20,5.51
2017.10.31 01:15:32.114,1.16397,1.16402,3.45,4.95
2017.10.31 01:15:35.132,1.16397,1.16402,3.82,8.62
2017.10.31 01:15:36.650,1.16397,1.16401,3.82,1.50
2017.10.31 01:15:37.296,1.16397,1.16402,3.07,5.25
2017.10.31 01:15:37.798,1.16397,1.16401,3.07,1.00
2017.10.31 01:15:38.373,1.16397,1.16401,3.07,1.50
2017.10.31 01:15:38.919,1.16396,1.16399,1.87,1.50
2017.10.31 01:15:39.574,1.16395,1.16397,1.00,2.44
2017.10.31 01:15:39.626,1.16393,1.16397,1.20,3.64
2017.10.31 01:15:40.136,1.16392,1.16396,1.87,1.50
2017.10.31 01:15:53.250,1.16395,1.16397,1.87,1.00
2017.10.31 01:15:53.679,1.16396,1.164,1.00,2.21
2017.10.31 01:15:56.625,1.16395,1.164,10.87,2.59
2017.10.31 01:15:57.175,1.16396,1.164,1.00,1.84
2017.10.31 01:15:57.817,1.16396,1.164,1.37,2.59
2017.10.31 01:16:00.269,1.16396,1.164,1.50,3.04
2017.10.31 01:16:00.525,1.164,1.16401,2.62,1.00
2017.10.31 01:16:00.986,1.16401,1.16403,1.00,1.57
2017.10.31 01:16:01.521,1.16401,1.16404,1.00,2.25
2017.10.31 01:16:03.336,1.16401,1.16404,3.56,1.12
2017.10.31 01:16:04.054,1.16401,1.16404,1.50,1.12
2017.10.31 01:16:06.360,1.16402,1.16404,1.25,1.25
2017.10.31 01:16:07.834,1.16401,1.16404,1.69,1.00
2017.10.31 01:16:24.923,1.16401,1.16404,2.06,1.57
2017.10.31 01:16:25.026,1.164,1.16402,1.69,2.14
2017.10.31 01:16:25.537,1.16399,1.16401,1.12,2.51
2017.10.31 01:16:26.451,1.16399,1.16401,1.00,5.89
2017.10.31 01:16:36.108,1.16399,1.16401,1.00,2.89
2017.10.31 01:16:37.873,1.16399,1.16401,1.00,1.39
2017.10.31 01:16:41.157,1.16397,1.16402,1.95,2.81
2017.10.31 01:16:44.171,1.16399,1.16401,1.25,2.62
2017.10.31 01:16:45.979,1.16397,1.164,1.87,1.00
2017.10.31 01:16:50.073,1.16397,1.16401,2.25,1.12
2017.10.31 01:16:58.559,1.16397,1.16401,2.44,2.06
2017.10.31 01:16:59.800,1.16397,1.16401,1.31,1.25
2017.10.31 01:17:09.004,1.16398,1.16401,1.25,1.69
2017.10.31 01:17:12.557,1.16397,1.164,2.06,1.12
2017.10.31 01:17:12.812,1.16398,1.16402,2.25,4.12
2017.10.31 01:17:12.965,1.164,1.16402,1.00,6.60
2017.10.31 01:17:13.505,1.16399,1.16402,1.00,3.82
2017.10.31 01:17:14.412,1.16398,1.164,6.37,1.00
2017.10.31 01:17:17.410,1.164,1.16401,1.00,1.50
2017.10.31 01:17:17.995,1.16397,1.164,5.44,1.00
2017.10.31 01:17:23.607,1.16397,1.16399,2.81,1.00
2017.10.31 01:17:30.759,1.16397,1.16399,1.37,1.00
2017.10.31 01:17:31.275,1.16397,1.164,1.37,1.00
2017.10.31 01:17:32.695,1.16396,1.164,7.95,1.00
2017.10.31 01:17:36.267,1.16398,1.164,1.31,1.31
2017.10.31 01:17:37.567,1.16397,1.164,1.50,1.12
2017.10.31 01:17:38.209,1.16398,1.164,1.25,1.31
2017.10.31 01:17:38.713,1.16396,1.16399,2.62,1.69
2017.10.31 01:17:39.224,1.16396,1.16397,1.25,1.65
2017.10.31 01:17:39.820,1.16396,1.16398,1.25,2.44
2017.10.31 01:17:41.196,1.16396,1.16399,1.00,2.25
2017.10.31 01:17:41.958,1.16396,1.16399,1.12,1.50
2017.10.31 01:17:43.843,1.16397,1.16399,1.00,2.25
2017.10.31 01:17:46.288,1.16396,1.16397,1.25,1.25
2017.10.31 01:17:46.340,1.16393,1.16397,4.39,5.62
2017.10.31 01:17:46.891,1.16393,1.16397,3.19,5.62
2017.10.31 01:17:47.450,1.16394,1.16397,1.25,7.31
2017.10.31 01:17:47.956,1.16393,1.16396,2.62,1.31
2017.10.31 01:17:48.537,1.16393,1.16395,2.06,1.00
2017.10.31 01:17:49.230,1.16393,1.16396,2.06,2.62
2017.10.31 01:17:50.963,1.16394,1.16396,1.31,4.12
2017.10.31 01:17:52.309,1.16393,1.16396,1.69,4.57
2017.10.31 01:17:53.058,1.16393,1.16396,1.69,4.57
2017.10.31 01:17:57.161,1.16393,1.16394,1.25,1.00
2017.10.31 01:17:58.412,1.16393,1.16395,1.25,3.19
2017.10.31 01:18:00.831,1.16392,1.16394,1.76,1.25
2017.10.31 01:18:02.237,1.16392,1.16394,1.10,3.00
2017.10.31 01:18:02.922,1.1639,1.16391,1.95,1.12
2017.10.31 01:18:03.147,1.16389,1.16392,1.76,3.56
2017.10.31 01:18:03.200,1.16388,1.16389,1.00,1.12
2017.10.31 01:18:03.712,1.16387,1.16389,1.39,1.30
2017.10.31 01:18:04.075,1.16388,1.16391,12.07,1.25
2017.10.31 01:18:04.229,1.16389,1.16392,7.50,2.44
2017.10.31 01:18:04.788,1.16389,1.16391,1.25,1.12
2017.10.31 01:18:07.114,1.16389,1.16391,1.25,2.44
2017.10.31 01:18:07.639,1.16389,1.16391,1.00,1.50
2017.10.31 01:18:11.915,1.1639,1.16392,1.87,2.44
2017.10.31 01:18:12.273,1.16389,1.16392,1.31,3.75
2017.10.31 01:18:13.410,1.16389,1.16391,1.00,8.06
2017.10.31 01:18:13.937,1.16388,1.1639,1.00,3.75
2017.10.31 01:18:14.446,1.16388,1.1639,1.39,3.94
2017.10.31 01:18:15.364,1.16387,1.16389,1.25,3.75
2017.10.31 01:18:16.275,1.16385,1.16386,4.01,1.00
2017.10.31 01:18:16.379,1.16383,1.16386,2.89,5.06
2017.10.31 01:18:17.163,1.16383,1.16384,1.25,1.00
2017.10.31 01:18:17.938,1.16383,1.16385,1.25,1.12
2017.10.31 01:18:18.451,1.16383,1.16385,1.00,1.87
2017.10.31 01:18:20.910,1.16383,1.16385,1.25,1.12
2017.10.31 01:18:22.892,1.16382,1.16383,1.76,1.00
2017.10.31 01:18:23.403,1.16381,1.16384,1.31,3.94
2017.10.31 01:18:23.763,1.1638,1.16382,1.00,1.12
2017.10.31 01:18:24.452,1.16381,1.16384,3.07,2.25
2017.10.31 01:18:26.602,1.16381,1.16385,1.20,4.87
2017.10.31 01:18:34.709,1.16382,1.16384,1.25,2.81
2017.10.31 01:18:35.242,1.16381,1.16384,1.76,4.50
2017.10.31 01:18:38.261,1.16382,1.16384,1.00,1.37
2017.10.31 01:18:38.919,1.16381,1.16384,1.76,1.37
2017.10.31 01:18:39.239,1.16381,1.16385,3.45,1.50
2017.10.31 01:18:39.765,1.16384,1.16385,1.25,1.69
2017.10.31 01:18:41.099,1.16383,1.16385,1.20,1.50
2017.10.31 01:18:43.392,1.16383,1.16385,1.20,2.06
2017.10.31 01:18:44.151,1.16384,1.16385,1.25,1.87
2017.10.31 01:18:44.407,1.16384,1.16387,1.95,3.56
2017.10.31 01:18:44.932,1.16384,1.16387,4.57,2.81
2017.10.31 01:18:47.062,1.16385,1.16387,1.20,2.06
2017.10.31 01:18:47.220,1.16386,1.16388,2.81,1.25
2017.10.31 01:18:58.563,1.16389,1.1639,1.00,1.87
2017.10.31 01:18:58.719,1.1639,1.16392,2.81,1.31
2017.10.31 01:18:59.027,1.16392,1.16393,1.25,2.25
2017.10.31 01:19:01.628,1.16392,1.16395,1.10,4.50
2017.10.31 01:19:01.935,1.16394,1.16396,1.57,1.87
2017.10.31 01:19:02.725,1.16393,1.16396,1.25,3.19
2017.10.31 01:19:03.253,1.16394,1.16396,1.10,3.00
2017.10.31 01:19:09.360,1.16393,1.16396,3.00,1.12
2017.10.31 01:19:09.565,1.16391,1.16395,5.98,1.12
2017.10.31 01:19:10.249,1.16391,1.16395,3.00,3.75
2017.10.31 01:19:16.211,1.16391,1.16394,5.06,1.12
2017.10.31 01:19:18.735,1.16392,1.16395,3.19,3.00
2017.10.31 01:19:18.787,1.16391,1.16395,5.14,1.00
2017.10.31 01:19:19.145,1.16393,1.16395,1.00,1.00
2017.10.31 01:19:19.657,1.16392,1.16395,1.69,1.87
2017.10.31 01:19:20.220,1.16392,1.16396,1.00,7.31
2017.10.31 01:19:20.751,1.16393,1.16396,1.25,7.31
2017.10.31 01:19:23.005,1.16393,1.16396,1.00,3.56
2017.10.31 01:19:24.979,1.16394,1.16397,1.00,3.00
2017.10.31 01:19:27.671,1.16394,1.16397,1.20,1.87
2017.10.31 01:19:28.232,1.16395,1.16397,1.00,1.12
2017.10.31 01:19:30.251,1.16396,1.16397,1.00,1.12
2017.10.31 01:19:30.622,1.16396,1.16399,1.37,4.31
2017.10.31 01:19:31.141,1.16397,1.164,1.20,3.37
2017.10.31 01:19:32.809,1.16396,1.16397,3.19,1.20
2017.10.31 01:19:32.912,1.16395,1.16397,3.64,1.76
2017.10.31 01:19:33.441,1.16395,1.16397,1.25,2.62
2017.10.31 01:19:34.097,1.16397,1.16399,1.47,1.35
2017.10.31 01:19:38.081,1.16396,1.16399,1.20,5.44
2017.10.31 01:19:38.539,1.16394,1.16397,1.31,1.12
2017.10.31 01:19:44.049,1.16394,1.16397,1.20,5.06
2017.10.31 01:19:44.868,1.16395,1.16397,1.25,6.75
2017.10.31 01:19:45.404,1.16395,1.16398,2.32,2.62
2017.10.31 01:19:45.456,1.16396,1.16399,4.57,1.35
2017.10.31 01:19:45.992,1.16396,1.16399,8.14,1.50
2017.10.31 01:19:46.851,1.16397,1.16399,1.95,1.12
2017.10.31 01:19:47.363,1.16398,1.164,3.57,2.06
2017.10.31 01:19:48.943,1.16399,1.164,1.25,1.69
2017.10.31 01:19:50.066,1.16398,1.164,2.25,1.00
2017.10.31 01:19:50.638,1.16399,1.164,1.00,1.00
2017.10.31 01:19:51.512,1.16398,1.164,1.87,1.00
2017.10.31 01:19:52.052,1.16399,1.164,1.25,1.12
2017.10.31 01:19:54.990,1.16398,1.164,1.87,1.25
2017.10.31 01:19:55.293,1.164,1.16403,5.62,3.37
2017.10.31 01:19:55.600,1.16399,1.16401,4.87,1.00
2017.10.31 01:19:57.950,1.16398,1.164,2.81,1.12
2017.10.31 01:19:58.462,1.16397,1.16399,1.87,1.00
2017.10.31 01:20:04.755,1.16398,1.164,1.25,2.06
2017.10.31 01:20:05.376,1.16398,1.16399,1.12,1.00
2017.10.31 01:20:07.016,1.16398,1.164,1.31,1.50
2017.10.31 01:20:07.496,1.16399,1.16401,3.75,1.00
2017.10.31 01:20:07.701,1.16401,1.16402,1.12,2.25
2017.10.31 01:20:08.246,1.164,1.16401,2.44,1.50
2017.10.31 01:20:09.267,1.164,1.16402,2.06,1.50
2017.10.31 01:20:09.472,1.164,1.16401,1.25,1.00
2017.10.31 01:20:10.405,1.16399,1.164,1.87,1.00
2017.10.31 01:20:10.731,1.164,1.16402,1.00,8.29
2017.10.31 01:20:11.788,1.16399,1.164,2.62,1.00
2017.10.31 01:20:12.299,1.16398,1.164,5.81,1.00
2017.10.31 01:20:12.901,1.16399,1.164,1.00,1.00
2017.10.31 01:20:13.423,1.16398,1.164,5.81,1.00
2017.10.31 01:20:14.267,1.16398,1.164,5.62,1.00
2017.10.31 01:20:15.213,1.16398,1.164,4.12,1.00
2017.10.31 01:20:19.534,1.16399,1.164,1.25,1.25
2017.10.31 01:20:21.450,1.16399,1.164,1.25,1.25
2017.10.31 01:20:22.402,1.16398,1.164,2.62,1.00
2017.10.31 01:20:23.121,1.16399,1.164,1.00,1.00
2017.10.31 01:20:23.631,1.16398,1.164,2.62,1.00
2017.10.31 01:20:33.109,1.16399,1.164,1.25,1.12
2017.10.31 01:20:37.075,1.164,1.16401,1.12,1.12
2017.10.31 01:20:37.178,1.16401,1.16403,1.12,2.62
2017.10.31 01:20:37.231,1.164,1.16402,13.12,1.00
2017.10.31 01:20:37.283,1.16401,1.16404,1.31,5.70
2017.10.31 01:20:37.871,1.16402,1.16404,1.00,3.75
2017.10.31 01:20:39.430,1.16402,1.16405,1.00,2.44
2017.10.31 01:20:39.935,1.16403,1.16405,1.00,3.19
2017.10.31 01:20:40.595,1.16403,1.16405,1.00,3.94
2017.10.31 01:20:42.071,1.16403,1.16405,1.25,2.44
2017.10.31 01:20:42.681,1.16403,1.16405,1.25,2.44
2017.10.31 01:20:43.137,1.16404,1.16407,1.12,2.44
2017.10.31 01:20:44.110,1.16405,1.16408,1.12,6.56
2017.10.31 01:20:44.162,1.16407,1.16408,1.00,1.31
2017.10.31 01:20:44.664,1.16407,1.16409,1.12,1.00
2017.10.31 01:20:47.169,1.16407,1.1641,2.25,1.69
2017.10.31 01:20:49.505,1.16408,1.16411,1.00,4.01
2017.10.31 01:20:51.505,1.16408,1.16411,1.25,2.25
2017.10.31 01:20:52.065,1.16409,1.16411,1.25,4.50
2017.10.31 01:20:52.200,1.16406,1.1641,3.19,7.57
2017.10.31 01:20:52.355,1.16405,1.16406,1.00,1.00
2017.10.31 01:20:52.866,1.16404,1.16407,1.12,1.87
2017.10.31 01:20:54.101,1.16403,1.16406,2.25,4.50
2017.10.31 01:20:54.605,1.16403,1.16406,1.50,4.87
2017.10.31 01:21:03.922,1.16401,1.16403,1.76,4.69
2017.10.31 01:21:04.025,1.16399,1.16403,2.62,7.50
2017.10.31 01:21:04.338,1.164,1.16404,3.19,6.94
2017.10.31 01:21:04.841,1.164,1.16404,1.69,6.00
2017.10.31 01:21:05.426,1.164,1.16404,3.19,3.37
2017.10.31 01:21:07.431,1.164,1.16403,1.87,2.62
2017.10.31 01:21:07.536,1.164,1.16404,3.37,5.06
2017.10.31 01:21:08.068,1.16401,1.16405,1.25,4.69
2017.10.31 01:21:11.379,1.16401,1.16405,2.81,2.25
2017.10.31 01:21:14.820,1.16402,1.16405,2.25,1.00
2017.10.31 01:21:15.653,1.164,1.16405,4.12,3.37
2017.10.31 01:21:17.831,1.164,1.16405,6.19,4.12
2017.10.31 01:21:19.424,1.164,1.16405,7.69,3.00
2017.10.31 01:21:21.225,1.164,1.16403,1.62,2.25
2017.10.31 01:21:21.379,1.16398,1.16402,1.10,3.19
2017.10.31 01:21:21.637,1.16397,1.164,1.57,1.12
2017.10.31 01:21:23.145,1.16396,1.16399,3.19,1.00
2017.10.31 01:21:23.722,1.16396,1.164,2.06,2.06
2017.10.31 01:21:27.745,1.16397,1.164,1.00,5.81
2017.10.31 01:21:30.195,1.16397,1.164,1.00,2.81
2017.10.31 01:21:32.304,1.16396,1.164,2.06,1.87
2017.10.31 01:21:32.650,1.164,1.16403,4.31,1.37
2017.10.31 01:21:39.682,1.16401,1.16403,3.19,1.00
2017.10.31 01:21:39.785,1.16402,1.16406,2.32,3.94
2017.10.31 01:21:42.816,1.16401,1.16404,1.31,1.25
2017.10.31 01:21:42.869,1.164,1.16404,2.89,5.81
2017.10.31 01:21:43.025,1.16398,1.164,2.81,1.00
2017.10.31 01:21:43.902,1.16397,1.164,2.06,1.00
2017.10.31 01:21:45.712,1.16396,1.16399,1.25,1.00
2017.10.31 01:22:10.987,1.16396,1.16399,2.81,1.50
2017.10.31 01:22:12.770,1.16396,1.16399,4.31,1.50
2017.10.31 01:22:20.670,1.16399,1.164,3.00,1.00
2017.10.31 01:22:20.723,1.164,1.16403,2.06,3.26
2017.10.31 01:22:21.285,1.164,1.16403,4.31,3.75
2017.10.31 01:22:22.812,1.164,1.16403,2.81,1.12
2017.10.31 01:22:25.177,1.16401,1.16404,1.50,1.00
2017.10.31 01:22:26.241,1.16403,1.16405,1.10,1.50
2017.10.31 01:22:27.472,1.16402,1.16405,1.95,2.06
2017.10.31 01:22:28.042,1.16402,1.16404,1.10,1.87
2017.10.31 01:22:30.840,1.164,1.16403,3.26,6.15
2017.10.31 01:22:31.198,1.16399,1.16401,1.95,3.00
2017.10.31 01:22:31.735,1.16399,1.16401,1.00,3.00
2017.10.31 01:22:34.028,1.16397,1.164,2.32,1.00
2017.10.31 01:22:34.531,1.16397,1.164,1.00,1.69
2017.10.31 01:22:36.295,1.16397,1.16401,1.95,3.75
2017.10.31 01:22:40.461,1.16397,1.164,1.39,1.00
2017.10.31 01:22:40.564,1.16399,1.16402,3.75,4.12
2017.10.31 01:22:40.973,1.164,1.16403,2.14,1.31
2017.10.31 01:22:42.288,1.16401,1.16404,3.07,3.94
2017.10.31 01:22:44.313,1.16402,1.16404,4.57,1.12
2017.10.31 01:22:44.808,1.16404,1.16406,1.00,1.87
2017.10.31 01:22:45.896,1.16405,1.16407,2.44,1.50
2017.10.31 01:22:46.442,1.16406,1.16409,1.00,1.50
2017.10.31 01:22:48.434,1.16406,1.16409,2.32,4.50
2017.10.31 01:22:49.395,1.16407,1.1641,1.87,3.56
2017.10.31 01:22:49.918,1.16407,1.1641,4.57,1.00
2017.10.31 01:22:55.729,1.16408,1.16411,1.95,1.87
2017.10.31 01:22:56.988,1.16409,1.16411,1.45,1.00
2017.10.31 01:22:57.493,1.16409,1.16411,1.20,1.00
2017.10.31 01:22:59.674,1.16408,1.16411,4.57,1.69
2017.10.31 01:23:00.203,1.16407,1.1641,1.10,4.31
2017.10.31 01:23:02.336,1.16407,1.1641,1.10,2.06
2017.10.31 01:23:06.515,1.16406,1.16409,3.64,1.25
2017.10.31 01:23:07.033,1.16406,1.16409,1.57,2.62
2017.10.31 01:23:13.629,1.16407,1.16409,1.12,4.50
2017.10.31 01:23:16.423,1.16406,1.16409,1.20,3.94
2017.10.31 01:23:17.432,1.16406,1.16409,4.20,4.50
2017.10.31 01:23:18.993,1.16406,1.16409,4.95,2.25
2017.10.31 01:23:19.991,1.16406,1.16409,2.70,1.50
2017.10.31 01:23:28.165,1.16406,1.16409,3.64,1.50
2017.10.31 01:23:31.284,1.16407,1.16409,1.57,1.12
2017.10.31 01:23:31.796,1.16407,1.1641,3.45,1.00
2017.10.31 01:23:32.322,1.16407,1.1641,3.45,2.81
2017.10.31 01:23:34.084,1.16409,1.16411,2.51,3.37
2017.10.31 01:23:34.187,1.16409,1.16412,2.51,5.25
2017.10.31 01:23:34.724,1.16409,1.16412,2.32,3.37
2017.10.31 01:23:41.048,1.16408,1.1641,1.76,1.00
2017.10.31 01:23:43.052,1.16408,1.16412,2.14,2.25
2017.10.31 01:23:43.595,1.1641,1.16412,2.25,1.12
2017.10.31 01:23:44.410,1.16409,1.16412,2.70,6.00
2017.10.31 01:23:44.513,1.16408,1.16411,1.12,2.62
2017.10.31 01:23:46.180,1.16407,1.16411,1.50,4.50
2017.10.31 01:23:51.464,1.16407,1.16411,3.26,5.06
2017.10.31 01:23:53.361,1.16407,1.16411,1.39,2.44
2017.10.31 01:23:54.947,1.16408,1.16409,1.00,1.00
2017.10.31 01:24:05.783,1.16406,1.1641,3.26,1.25
2017.10.31 01:24:06.310,1.16406,1.1641,3.64,2.81
2017.10.31 01:24:18.023,1.16407,1.1641,1.10,3.19
2017.10.31 01:24:19.822,1.16406,1.1641,4.20,2.62
2017.10.31 01:24:21.274,1.16406,1.1641,3.07,2.62
2017.10.31 01:24:25.966,1.16406,1.1641,6.45,2.81
2017.10.31 01:24:31.101,1.16406,1.16411,3.82,8.25
2017.10.31 01:24:31.412,1.16409,1.16412,2.25,1.12
2017.10.31 01:24:33.466,1.16409,1.16413,1.00,4.12
2017.10.31 01:24:33.774,1.1641,1.16413,6.56,1.00
2017.10.31 01:24:34.275,1.16411,1.16414,1.31,1.25
2017.10.31 01:24:47.538,1.1641,1.16414,7.16,3.56
2017.10.31 01:24:53.391,1.16412,1.16414,1.00,4.84
2017.10.31 01:24:56.950,1.16412,1.16415,1.00,5.29
2017.10.31 01:25:00.191,1.16411,1.16414,4.69,1.00
2017.10.31 01:25:00.800,1.16411,1.16415,2.81,2.47
2017.10.31 01:25:07.093,1.1641,1.16412,3.75,1.00
2017.10.31 01:25:07.603,1.16412,1.16413,1.00,1.12
2017.10.31 01:25:09.428,1.16411,1.16413,1.50,1.12
2017.10.31 01:25:10.448,1.16411,1.16413,2.25,1.00
2017.10.31 01:25:10.501,1.16409,1.16412,5.44,1.87
2017.10.31 01:25:11.563,1.16409,1.16411,1.00,3.75
2017.10.31 01:25:12.097,1.16408,1.16411,1.12,4.69
2017.10.31 01:25:13.480,1.16408,1.16409,1.00,1.00
2017.10.31 01:25:14.028,1.16407,1.16409,1.69,1.25
2017.10.31 01:25:14.571,1.16406,1.16409,1.87,1.69
2017.10.31 01:25:15.246,1.16406,1.16409,2.62,1.12
2017.10.31 01:25:16.452,1.16406,1.1641,3.19,3.19
2017.10.31 01:25:16.987,1.16406,1.1641,3.19,3.00
2017.10.31 01:25:23.428,1.16406,1.1641,2.81,2.62
2017.10.31 01:25:27.427,1.16406,1.1641,2.44,2.62
2017.10.31 01:25:29.924,1.16405,1.16409,5.62,1.69
2017.10.31 01:25:30.180,1.16405,1.16407,3.94,1.50
2017.10.31 01:25:30.529,1.16401,1.16403,1.50,2.62
2017.10.31 01:25:30.581,1.16397,1.164,1.12,1.12
2017.10.31 01:25:30.633,1.16396,1.16398,3.94,1.00
2017.10.31 01:25:30.786,1.16396,1.164,4.76,1.00
2017.10.31 01:25:31.397,1.16396,1.164,5.14,2.62
2017.10.31 01:25:32.701,1.16397,1.164,1.31,1.50
2017.10.31 01:25:33.232,1.16396,1.16399,1.50,3.56
2017.10.31 01:25:33.738,1.16395,1.16399,6.00,3.56
2017.10.31 01:25:38.907,1.16395,1.16399,6.26,3.00
2017.10.31 01:25:43.970,1.16395,1.16399,3.56,3.19
2017.10.31 01:25:44.585,1.16395,1.16398,2.44,1.69
2017.10.31 01:25:48.049,1.16395,1.16397,1.50,1.00
2017.10.31 01:25:48.356,1.16393,1.16397,3.82,1.00
2017.10.31 01:25:48.778,1.16393,1.16395,1.00,1.12
2017.10.31 01:25:49.310,1.16392,1.16393,1.00,1.00
2017.10.31 01:25:53.039,1.16391,1.16393,1.25,1.00
2017.10.31 01:26:03.829,1.16392,1.16394,1.87,1.37
2017.10.31 01:26:03.932,1.16392,1.16395,3.19,1.00
2017.10.31 01:26:03.984,1.16393,1.16396,1.95,1.87
2017.10.31 01:26:04.510,1.16393,1.16396,1.57,1.12
2017.10.31 01:26:07.807,1.16392,1.16396,4.87,1.00
2017.10.31 01:26:09.056,1.16393,1.16396,1.00,1.50
2017.10.31 01:26:09.759,1.16392,1.16396,4.50,1.50
2017.10.31 01:26:11.253,1.16393,1.16396,1.00,1.50
2017.10.31 01:26:12.387,1.16392,1.16396,4.69,1.00
2017.10.31 01:26:13.114,1.16393,1.16396,1.12,1.00
2017.10.31 01:26:16.197,1.16392,1.16395,2.81,1.12
2017.10.31 01:26:16.745,1.16393,1.16395,1.00,1.12
2017.10.31 01:26:23.439,1.16393,1.16395,1.00,5.06
2017.10.31 01:26:25.284,1.16391,1.16395,6.28,8.81
2017.10.31 01:26:25.646,1.16391,1.16392,1.00,1.25
2017.10.31 01:26:26.187,1.1639,1.16393,6.75,1.00
2017.10.31 01:26:26.540,1.16392,1.16395,1.87,2.81
2017.10.31 01:26:28.627,1.16394,1.16395,1.50,1.00
2017.10.31 01:26:28.730,1.16394,1.16397,3.37,2.25
2017.10.31 01:26:28.885,1.16394,1.16398,12.19,1.00
2017.10.31 01:26:33.377,1.16395,1.16398,3.56,2.81
2017.10.31 01:26:35.063,1.16395,1.16399,7.12,7.42
2017.10.31 01:26:35.616,1.16396,1.16399,1.87,8.55
2017.10.31 01:26:36.157,1.16396,1.16399,1.50,4.69
2017.10.31 01:26:36.496,1.16393,1.16397,1.87,5.70
2017.10.31 01:26:41.696,1.16395,1.16396,1.00,1.00
2017.10.31 01:26:55.787,1.16395,1.16397,2.32,1.12
2017.10.31 01:26:56.298,1.16396,1.16398,1.10,4.87
2017.10.31 01:26:56.475,1.16394,1.16397,3.45,2.06
2017.10.31 01:26:56.680,1.16393,1.16395,1.31,1.62
2017.10.31 01:26:57.201,1.16392,1.16394,1.10,1.00
2017.10.31 01:26:58.663,1.16392,1.16395,3.45,2.81
2017.10.31 01:26:59.187,1.16392,1.16394,3.45,1.37
2017.10.31 01:26:59.736,1.16391,1.16394,3.45,1.50
2017.10.31 01:27:05.435,1.16392,1.16394,3.45,1.00
2017.10.31 01:27:05.742,1.16393,1.16396,3.07,3.37
2017.10.31 01:27:06.258,1.16393,1.16396,1.95,1.00
2017.10.31 01:27:07.654,1.16392,1.16396,3.26,3.56
2017.10.31 01:27:09.027,1.16392,1.16396,4.01,2.81
2017.10.31 01:27:09.570,1.16392,1.16396,4.01,2.62
2017.10.31 01:27:16.453,1.16392,1.16395,1.01,1.25
2017.10.31 01:27:16.965,1.16392,1.16394,1.10,1.50
2017.10.31 01:27:19.377,1.16391,1.16395,3.22,4.69
2017.10.31 01:27:23.024,1.16389,1.16392,2.89,1.00
2017.10.31 01:27:23.564,1.16389,1.16393,9.86,3.37
2017.10.31 01:27:24.077,1.1639,1.16393,1.50,3.37
2017.10.31 01:27:29.849,1.16389,1.16393,3.56,3.75
2017.10.31 01:27:30.210,1.16386,1.16389,4.12,1.12
2017.10.31 01:27:30.261,1.16385,1.16388,5.25,1.31
2017.10.31 01:27:30.773,1.16386,1.16388,1.00,1.00
2017.10.31 01:27:33.226,1.16385,1.16389,7.01,4.87
2017.10.31 01:27:38.077,1.16386,1.16389,1.00,4.87
2017.10.31 01:27:38.676,1.16385,1.16389,8.32,4.12
2017.10.31 01:27:39.188,1.16385,1.16389,10.95,1.25
2017.10.31 01:27:39.344,1.1639,1.16391,3.38,3.07
2017.10.31 01:27:39.654,1.16391,1.16394,3.00,3.00
2017.10.31 01:27:42.577,1.16391,1.16394,3.00,1.12
2017.10.31 01:27:44.329,1.16391,1.16393,1.12,3.75
2017.10.31 01:27:44.432,1.16388,1.16392,5.81,2.81
2017.10.31 01:27:44.739,1.16387,1.16391,2.44,1.50
2017.10.31 01:27:49.499,1.1639,1.16391,1.50,1.31
2017.10.31 01:27:49.652,1.1639,1.16393,2.44,1.31
2017.10.31 01:27:51.722,1.16391,1.16395,1.87,3.56
2017.10.31 01:27:54.225,1.16391,1.16395,1.00,3.19
2017.10.31 01:28:01.594,1.16391,1.16395,1.00,2.44
2017.10.31 01:28:02.108,1.16391,1.16395,2.44,5.06
2017.10.31 01:28:05.637,1.16392,1.16395,1.00,5.06
2017.10.31 01:28:07.459,1.16391,1.16395,2.81,4.12
2017.10.31 01:28:11.224,1.16392,1.16395,1.00,4.69
2017.10.31 01:28:11.814,1.16391,1.16395,2.44,3.75
2017.10.31 01:28:12.024,1.16395,1.16396,1.00,1.31
2017.10.31 01:28:12.179,1.16396,1.16398,1.00,5.44
2017.10.31 01:28:12.721,1.16396,1.16398,1.00,1.00
2017.10.31 01:28:13.528,1.16397,1.16398,1.00,1.00
2017.10.31 01:28:14.068,1.16396,1.16398,3.19,1.00
2017.10.31 01:28:28.380,1.16393,1.16396,4.69,2.06
2017.10.31 01:28:28.483,1.16392,1.16395,1.87,1.25
2017.10.31 01:28:29.071,1.16393,1.16395,1.00,3.26
2017.10.31 01:28:29.423,1.16391,1.16395,6.94,8.51
2017.10.31 01:28:29.526,1.16391,1.16393,2.62,1.00
2017.10.31 01:28:32.958,1.16391,1.16394,2.34,2.51
2017.10.31 01:28:33.330,1.1639,1.16393,2.25,3.56
2017.10.31 01:28:33.926,1.16389,1.16393,7.69,3.19
2017.10.31 01:28:34.470,1.1639,1.16393,1.69,2.44
2017.10.31 01:28:35.708,1.16389,1.16391,5.06,1.00
2017.10.31 01:28:36.014,1.1639,1.16393,3.19,1.87
2017.10.31 01:28:36.431,1.16389,1.16392,2.81,2.32
2017.10.31 01:28:37.042,1.1639,1.16393,1.50,2.14
2017.10.31 01:28:38.688,1.16389,1.16393,8.44,2.00
2017.10.31 01:28:39.806,1.1639,1.16393,1.00,3.19
2017.10.31 01:28:43.654,1.16391,1.16392,1.00,1.00
2017.10.31 01:28:44.194,1.16391,1.16393,1.00,3.19
2017.10.31 01:28:45.457,1.16391,1.16393,1.50,1.50
2017.10.31 01:28:45.866,1.16389,1.16393,9.26,2.44
2017.10.31 01:28:46.071,1.16388,1.1639,1.00,1.37
2017.10.31 01:28:46.276,1.16386,1.1639,1.12,3.26
2017.10.31 01:28:46.429,1.16386,1.16388,1.50,1.69
2017.10.31 01:28:46.945,1.16386,1.16388,3.28,3.64
2017.10.31 01:28:47.492,1.16386,1.16388,1.50,1.12
2017.10.31 01:29:06.896,1.16383,1.16386,1.69,1.00
2017.10.31 01:29:07.101,1.16382,1.16384,1.00,1.87
2017.10.31 01:29:07.602,1.16382,1.16384,1.00,3.75
2017.10.31 01:29:08.504,1.16382,1.16385,1.00,4.01
2017.10.31 01:29:08.556,1.1638,1.16383,3.56,1.37
2017.10.31 01:29:08.807,1.1638,1.16384,2.81,1.12
2017.10.31 01:29:09.336,1.1638,1.16384,2.81,1.12
2017.10.31 01:29:09.881,1.1638,1.16384,5.62,2.44
2017.10.31 01:29:11.828,1.1638,1.16384,5.06,3.19
2017.10.31 01:29:12.435,1.1638,1.16384,4.87,2.44
2017.10.31 01:29:12.978,1.1638,1.16384,7.12,3.19
2017.10.31 01:29:14.692,1.1638,1.16384,5.81,2.74
2017.10.31 01:29:19.927,1.1638,1.16384,1.87,1.12
2017.10.31 01:29:21.868,1.16381,1.16384,1.00,1.87
2017.10.31 01:29:22.678,1.1638,1.16384,7.41,1.42
2017.10.31 01:29:24.402,1.1638,1.16384,7.78,1.05
2017.10.31 01:29:26.828,1.1638,1.16384,7.41,1.80
2017.10.31 01:29:38.263,1.16381,1.16384,1.03,2.17
2017.10.31 01:29:38.870,1.1638,1.16384,8.16,1.42
2017.10.31 01:29:39.409,1.16381,1.16384,1.41,1.42
2017.10.31 01:29:41.567,1.1638,1.16384,8.16,1.42
2017.10.31 01:29:43.664,1.1638,1.16384,11.53,1.42
2017.10.31 01:29:44.773,1.16381,1.16384,1.37,3.86
2017.10.31 01:29:45.460,1.16381,1.16384,1.37,4.31
2017.10.31 01:29:45.987,1.16381,1.16384,1.00,2.81
2017.10.31 01:29:46.621,1.16381,1.16384,1.00,1.37
2017.10.31 01:29:51.084,1.16381,1.16385,5.51,1.61
2017.10.31 01:29:51.753,1.16383,1.16386,1.00,4.12
2017.10.31 01:29:57.928,1.16383,1.16385,1.00,1.31
2017.10.31 01:30:05.283,1.16383,1.16385,1.00,1.31
2017.10.31 01:30:05.386,1.16381,1.16385,2.70,1.31
2017.10.31 01:30:06.302,1.16381,1.16386,3.26,3.37
2017.10.31 01:30:08.000,1.16381,1.16385,6.92,1.00
2017.10.31 01:30:08.367,1.16385,1.16387,2.25,3.75
2017.10.31 01:30:08.673,1.16385,1.16388,8.62,4.87
2017.10.31 01:30:09.207,1.16385,1.16389,4.87,1.50
2017.10.31 01:30:17.966,1.16386,1.16391,4.39,3.79
2017.10.31 01:30:18.497,1.16387,1.16391,1.00,2.06
2017.10.31 01:30:19.014,1.16387,1.1639,1.00,1.00
2017.10.31 01:30:19.553,1.16387,1.16391,2.25,2.81
2017.10.31 01:30:22.375,1.16387,1.1639,1.50,1.00
2017.10.31 01:30:22.984,1.16387,1.16391,1.50,3.37
2017.10.31 01:30:23.503,1.16387,1.1639,1.50,1.00
2017.10.31 01:30:24.274,1.16387,1.16391,2.25,4.50
2017.10.31 01:30:25.327,1.16387,1.1639,3.00,1.00
2017.10.31 01:30:25.955,1.16387,1.16391,1.50,4.87
2017.10.31 01:30:26.505,1.16387,1.16391,1.69,5.62
2017.10.31 01:30:29.321,1.16387,1.16389,1.00,2.25
2017.10.31 01:30:32.936,1.16387,1.16389,1.00,1.69
2017.10.31 01:30:46.872,1.16386,1.16389,3.09,3.37
2017.10.31 01:30:49.302,1.16387,1.16388,1.00,1.00
2017.10.31 01:30:53.545,1.16386,1.16389,3.94,3.75
2017.10.31 01:30:53.852,1.16387,1.16389,1.00,1.87
2017.10.31 01:30:57.733,1.16387,1.1639,3.00,1.00
2017.10.31 01:30:59.304,1.16388,1.16391,1.25,2.06
2017.10.31 01:31:09.232,1.1639,1.16391,2.81,1.50
2017.10.31 01:31:09.335,1.16391,1.16393,1.31,1.12
2017.10.31 01:31:12.448,1.16391,1.16394,1.69,4.50
2017.10.31 01:31:24.262,1.16391,1.16393,1.00,1.12
2017.10.31 01:31:25.316,1.16392,1.16394,1.00,2.81
2017.10.31 01:31:26.465,1.16391,1.16394,1.69,5.74
2017.10.31 01:31:30.888,1.16392,1.16394,1.00,5.36
2017.10.31 01:31:32.022,1.16391,1.16394,2.62,5.36
2017.10.31 01:31:33.409,1.16391,1.16394,1.19,3.86
2017.10.31 01:31:34.561,1.16391,1.16394,1.25,3.86
2017.10.31 01:31:38.728,1.16391,1.16394,1.31,2.74
2017.10.31 01:31:41.655,1.16391,1.16394,1.69,1.69
2017.10.31 01:31:47.225,1.16391,1.16394,1.31,1.69
2017.10.31 01:31:47.956,1.16392,1.16394,1.00,1.69
2017.10.31 01:31:49.267,1.16392,1.16394,1.00,3.56
2017.10.31 01:31:49.970,1.16391,1.16394,1.69,3.56
2017.10.31 01:31:56.476,1.16391,1.16394,3.56,1.00
2017.10.31 01:31:57.521,1.16391,1.16394,3.00,1.00
2017.10.31 01:31:58.670,1.16391,1.16394,2.62,1.00
2017.10.31 01:32:10.083,1.16392,1.16395,1.00,4.50
2017.10.31 01:32:11.071,1.16391,1.16395,4.31,4.50
2017.10.31 01:32:14.494,1.16391,1.16395,5.06,3.37
2017.10.31 01:32:16.023,1.16391,1.16395,3.19,3.37
2017.10.31 01:32:18.207,1.16392,1.16395,1.00,4.12
2017.10.31 01:32:20.173,1.16394,1.16395,1.00,1.00
2017.10.31 01:32:20.225,1.16394,1.16396,1.50,1.25
2017.10.31 01:32:20.383,1.16395,1.16397,2.81,3.75
2017.10.31 01:32:20.537,1.16395,1.16399,3.56,1.00
2017.10.31 01:32:21.040,1.16395,1.164,6.19,6.19
2017.10.31 01:32:22.062,1.16395,1.16397,2.62,2.02
2017.10.31 01:32:22.114,1.16395,1.16399,1.87,5.81
2017.10.31 01:32:22.167,1.16395,1.16397,1.87,1.69
2017.10.31 01:32:22.782,1.16395,1.16397,1.00,1.69
2017.10.31 01:32:23.605,1.16395,1.16399,2.25,10.12
2017.10.31 01:32:25.395,1.16396,1.16399,1.00,8.62
2017.10.31 01:32:26.870,1.16396,1.16398,1.00,1.31
2017.10.31 01:32:27.414,1.16396,1.16399,2.62,2.44
2017.10.31 01:32:28.743,1.16396,1.16399,1.12,2.81
2017.10.31 01:32:29.472,1.16395,1.16399,4.87,1.31
2017.10.31 01:32:30.662,1.16395,1.16399,4.87,2.44
2017.10.31 01:32:34.030,1.16396,1.16399,1.00,2.44
2017.10.31 01:32:34.596,1.16397,1.164,1.00,2.62
2017.10.31 01:32:35.125,1.16396,1.16399,1.00,3.00
2017.10.31 01:32:35.635,1.16395,1.16399,3.00,2.25
2017.10.31 01:32:37.822,1.16394,1.16396,1.50,1.31
2017.10.31 01:32:38.348,1.16393,1.16395,1.12,1.00
2017.10.31 01:32:39.047,1.16392,1.16395,2.62,1.00
2017.10.31 01:32:41.550,1.16391,1.16392,1.95,5.25
2017.10.31 01:32:41.654,1.16388,1.16391,5.32,1.37
2017.10.31 01:32:42.198,1.16388,1.16391,1.50,1.87
2017.10.31 01:32:45.229,1.16387,1.16391,5.51,2.81
2017.10.31 01:32:48.169,1.16387,1.16391,5.51,2.81
2017.10.31 01:32:48.721,1.16387,1.16391,3.82,1.87
2017.10.31 01:32:49.229,1.16387,1.16388,1.95,1.20
2017.10.31 01:32:49.280,1.16388,1.16389,1.12,1.00
2017.10.31 01:32:49.464,1.16385,1.16388,1.57,2.25
2017.10.31 01:32:49.924,1.16383,1.16385,2.32,1.00
2017.10.31 01:32:50.027,1.16381,1.16385,3.26,3.37
2017.10.31 01:32:50.532,1.16381,1.16384,1.39,1.50
2017.10.31 01:32:51.193,1.16381,1.16385,5.32,3.37
2017.10.31 01:32:51.706,1.16381,1.16385,4.20,3.37
2017.10.31 01:32:54.213,1.16382,1.16385,1.95,2.25
2017.10.31 01:32:54.777,1.16382,1.16385,1.76,4.31
2017.10.31 01:32:57.637,1.16381,1.16383,2.70,4.12
2017.10.31 01:32:57.842,1.1638,1.16383,1.00,1.25
2017.10.31 01:32:58.017,1.16381,1.16384,1.57,1.25
2017.10.31 01:32:58.275,1.16379,1.16382,2.14,2.25
2017.10.31 01:32:58.379,1.1638,1.16384,3.45,2.81
2017.10.31 01:32:58.431,1.16382,1.16385,1.25,5.85
2017.10.31 01:33:04.125,1.16382,1.16385,1.10,1.69
2017.10.31 01:33:04.699,1.16381,1.16384,1.95,1.00
2017.10.31 01:33:06.202,1.16381,1.16384,1.95,1.00
2017.10.31 01:33:08.163,1.16381,1.16385,3.07,3.00
2017.10.31 01:33:08.878,1.1638,1.16385,7.39,3.00
2017.10.31 01:33:09.837,1.16381,1.16385,1.57,3.37
2017.10.31 01:33:10.377,1.16381,1.16385,1.10,3.37
2017.10.31 01:33:13.503,1.1638,1.16382,8.51,2.62
2017.10.31 01:33:13.816,1.16379,1.16382,1.20,1.31
2017.10.31 01:33:13.970,1.1638,1.16383,3.07,3.75
2017.10.31 01:33:14.480,1.16382,1.16384,1.10,1.12
2017.10.31 01:33:15.136,1.16381,1.16385,4.20,2.44
2017.10.31 01:33:15.785,1.16382,1.16385,1.47,2.44
2017.10.31 01:33:19.572,1.16381,1.16385,4.57,1.25
2017.10.31 01:33:22.237,1.16381,1.16385,3.07,1.25
2017.10.31 01:33:22.593,1.1638,1.16383,2.14,4.50
2017.10.31 01:33:23.813,1.16379,1.16382,2.14,3.82
2017.10.31 01:33:24.314,1.16379,1.16382,1.01,6.19
2017.10.31 01:33:26.277,1.16378,1.16382,10.39,4.69
2017.10.31 01:33:28.197,1.16378,1.16381,8.51,1.00
2017.10.31 01:33:39.959,1.16378,1.16381,4.95,2.62
2017.10.31 01:33:41.721,1.16378,1.16382,6.45,2.25
2017.10.31 01:33:43.971,1.16378,1.16382,5.70,1.87
2017.10.31 01:33:45.030,1.16379,1.16382,2.32,4.50
2017.10.31 01:33:49.827,1.16378,1.16382,6.45,6.00
2017.10.31 01:33:49.980,1.16379,1.16381,1.10,1.37
2017.10.31 01:33:50.677,1.16378,1.16381,4.57,1.50
2017.10.31 01:33:51.677,1.16378,1.16381,3.45,1.50
2017.10.31 01:33:52.185,1.16378,1.16381,3.07,1.50
2017.10.31 01:33:56.247,1.16378,1.1638,1.95,1.00
2017.10.31 01:33:56.784,1.16377,1.1638,1.20,1.00
2017.10.31 01:34:00.124,1.16377,1.16379,1.20,1.00
2017.10.31 01:34:06.024,1.16378,1.16379,1.00,1.25
2017.10.31 01:34:06.381,1.16378,1.16381,1.00,6.19
2017.10.31 01:34:07.144,1.16378,1.16381,1.20,3.37
2017.10.31 01:34:42.138,1.16378,1.16381,2.32,1.00
2017.10.31 01:34:42.241,1.16378,1.16381,2.70,2.25
2017.10.31 01:34:43.029,1.16378,1.16381,4.20,2.06
2017.10.31 01:34:58.027,1.16379,1.16381,1.00,1.37
2017.10.31 01:34:59.554,1.16378,1.16381,1.00,2.06
2017.10.31 01:35:01.199,1.16378,1.16381,1.00,1.50
2017.10.31 01:35:03.983,1.16378,1.16381,1.12,3.37
2017.10.31 01:35:04.820,1.16377,1.16381,2.44,6.19
2017.10.31 01:35:05.420,1.16377,1.1638,2.44,1.25
2017.10.31 01:35:06.110,1.16377,1.16381,2.44,6.56
2017.10.31 01:35:06.671,1.16377,1.16381,4.69,3.94
2017.10.31 01:35:15.366,1.16378,1.16381,2.81,1.37
2017.10.31 01:35:15.417,1.1638,1.16382,9.00,1.00
2017.10.31 01:35:15.930,1.16381,1.16383,1.12,1.00
2017.10.31 01:35:17.715,1.16381,1.16384,1.87,3.75
2017.10.31 01:35:18.793,1.16381,1.16384,2.25,3.75
2017.10.31 01:35:25.330,1.16382,1.16384,1.00,1.12
2017.10.31 01:35:27.718,1.16381,1.16384,1.50,4.50
2017.10.31 01:35:28.263,1.16381,1.16383,1.12,2.06
2017.10.31 01:35:57.174,1.16381,1.16384,1.00,4.69
2017.10.31 01:36:00.589,1.16381,1.16384,1.12,1.00
2017.10.31 01:36:02.917,1.16381,1.16384,4.31,3.67
2017.10.31 01:36:06.334,1.16381,1.16384,3.56,2.44
2017.10.31 01:36:06.861,1.1638,1.16382,1.00,1.50
2017.10.31 01:36:07.538,1.16378,1.16382,4.20,3.19
2017.10.31 01:36:08.141,1.16378,1.16382,2.89,2.06
2017.10.31 01:36:08.776,1.16378,1.16381,1.69,1.12
2017.10.31 01:36:31.481,1.16379,1.16382,1.12,6.94
2017.10.31 01:36:31.994,1.16379,1.16382,2.06,1.25
2017.10.31 01:36:32.705,1.1638,1.16383,3.00,1.87
2017.10.31 01:36:33.321,1.16381,1.16384,1.00,1.87
2017.10.31 01:36:37.422,1.1638,1.16384,11.06,1.12
2017.10.31 01:36:37.930,1.16381,1.16384,1.62,3.75
2017.10.31 01:36:38.248,1.1638,1.16382,3.00,1.12
2017.10.31 01:36:38.453,1.16379,1.16381,1.12,1.50
2017.10.31 01:36:40.363,1.16377,1.1638,7.50,1.00
2017.10.31 01:36:40.989,1.1638,1.16382,2.25,1.25
2017.10.31 01:36:41.533,1.16378,1.16381,4.69,1.31
2017.10.31 01:36:42.064,1.16377,1.16381,4.95,2.06
2017.10.31 01:36:42.637,1.16377,1.16381,2.32,2.06
2017.10.31 01:36:43.167,1.16377,1.1638,2.06,2.25
2017.10.31 01:37:02.870,1.16377,1.1638,1.31,4.50
2017.10.31 01:37:06.693,1.16377,1.1638,1.00,2.62
2017.10.31 01:37:08.391,1.16378,1.1638,3.26,1.50
2017.10.31 01:37:09.069,1.16378,1.1638,4.20,1.00
2017.10.31 01:37:09.580,1.16378,1.1638,1.87,1.12
2017.10.31 01:37:10.176,1.16378,1.16379,1.87,1.00
2017.10.31 01:37:15.126,1.16377,1.1638,2.25,1.50
2017.10.31 01:37:18.306,1.16376,1.1638,5.06,5.81
2017.10.31 01:37:19.129,1.16376,1.1638,8.81,5.25
2017.10.31 01:37:37.226,1.16375,1.16377,2.81,1.12
2017.10.31 01:37:38.473,1.16375,1.16377,5.81,1.00
2017.10.31 01:37:41.063,1.16374,1.16378,4.31,1.87
2017.10.31 01:37:41.745,1.16375,1.16378,5.06,3.19
2017.10.31 01:37:48.879,1.16375,1.16378,9.56,1.31
2017.10.31 01:37:49.982,1.16375,1.16378,5.06,1.31
2017.10.31 01:37:51.126,1.16375,1.16378,3.94,1.31
2017.10.31 01:37:52.324,1.16376,1.16378,1.00,1.31
2017.10.31 01:38:02.322,1.16374,1.16377,5.81,1.50
2017.10.31 01:38:02.425,1.16373,1.16375,1.50,1.12
2017.10.31 01:38:02.936,1.16371,1.16374,2.06,1.31
2017.10.31 01:38:03.447,1.16372,1.16374,1.00,1.12
2017.10.31 01:38:04.012,1.16371,1.16374,2.44,1.12
2017.10.31 01:38:09.708,1.16371,1.16373,1.50,1.00
2017.10.31 01:38:20.341,1.1637,1.16372,2.25,2.06
2017.10.31 01:38:20.603,1.16367,1.1637,1.25,2.62
2017.10.31 01:38:23.228,1.16367,1.1637,3.00,4.31
2017.10.31 01:38:24.604,1.16366,1.16369,4.50,1.87
2017.10.31 01:38:27.892,1.16366,1.16369,2.81,1.12
2017.10.31 01:38:28.880,1.16366,1.16369,3.00,1.12
2017.10.31 01:38:32.526,1.16366,1.16369,4.78,1.87
2017.10.31 01:38:33.731,1.16366,1.16368,4.41,1.00
2017.10.31 01:38:34.264,1.16366,1.16368,2.81,1.00
2017.10.31 01:38:35.371,1.16366,1.16368,1.31,1.00
2017.10.31 01:38:39.159,1.1637,1.16371,1.25,3.19
2017.10.31 01:38:39.309,1.1637,1.16372,3.19,2.25
2017.10.31 01:38:39.851,1.16371,1.16372,1.25,1.00
2017.10.31 01:38:48.178,1.1637,1.16373,5.70,4.31
2017.10.31 01:38:59.062,1.1637,1.16372,10.29,1.00
2017.10.31 01:39:00.161,1.1637,1.16372,4.29,1.00
2017.10.31 01:39:01.326,1.1637,1.16372,8.04,1.00
2017.10.31 01:39:02.412,1.1637,1.16373,5.79,1.87
2017.10.31 01:39:05.804,1.16371,1.16374,1.50,4.87
2017.10.31 01:39:06.328,1.16371,1.16374,5.42,1.87
2017.10.31 01:39:10.125,1.16371,1.16375,8.32,4.95
2017.10.31 01:39:10.648,1.16371,1.16375,2.98,7.69
2017.10.31 01:39:11.380,1.16371,1.16374,2.61,1.50
2017.10.31 01:39:17.414,1.16371,1.16374,4.29,1.69
2017.10.31 01:39:18.073,1.16371,1.16374,5.42,1.31
2017.10.31 01:39:25.043,1.16373,1.16375,1.00,1.87
2017.10.31 01:39:25.662,1.16372,1.16375,2.44,1.50
2017.10.31 01:39:27.592,1.16372,1.16375,1.31,1.31
2017.10.31 01:39:30.145,1.16372,1.16374,1.12,1.00
2017.10.31 01:39:34.260,1.16372,1.16373,1.50,1.00
2017.10.31 01:39:53.424,1.16372,1.16374,1.87,1.00
2017.10.31 01:39:53.630,1.16374,1.16375,1.00,2.62
2017.10.31 01:39:53.784,1.16375,1.16377,4.50,1.00
2017.10.31 01:39:54.295,1.16375,1.16378,6.75,1.50
2017.10.31 01:39:54.813,1.16375,1.16378,1.37,3.37
2017.10.31 01:39:55.322,1.16376,1.16378,1.12,1.50
2017.10.31 01:39:56.231,1.16375,1.16378,2.62,1.50
2017.10.31 01:39:57.755,1.16376,1.16378,1.00,1.50
2017.10.31 01:39:58.256,1.16375,1.16378,2.62,1.50
2017.10.31 01:39:59.269,1.16375,1.16378,2.62,1.50
2017.10.31 01:40:00.288,1.16375,1.16378,2.62,1.50
2017.10.31 01:40:02.691,1.16375,1.16378,6.75,2.25
2017.10.31 01:40:03.922,1.16375,1.16378,6.00,2.25
2017.10.31 01:40:05.006,1.16375,1.16378,7.50,2.25
2017.10.31 01:40:06.058,1.16375,1.16378,6.00,2.25
2017.10.31 01:40:07.173,1.16375,1.16378,8.62,1.50
2017.10.31 01:40:17.318,1.16375,1.16379,3.56,3.94
2017.10.31 01:40:21.284,1.16375,1.16379,7.69,4.50
2017.10.31 01:40:24.026,1.16375,1.16379,7.12,4.50
2017.10.31 01:40:25.008,1.16376,1.16379,1.00,4.50
2017.10.31 01:40:25.542,1.16375,1.16379,7.87,4.50
2017.10.31 01:40:26.059,1.16376,1.16379,1.00,2.62
2017.10.31 01:40:30.035,1.16375,1.16379,1.12,1.87
2017.10.31 01:40:30.239,1.16375,1.16377,6.56,1.69
2017.10.31 01:40:31.795,1.16374,1.16375,2.62,1.00
2017.10.31 01:40:32.306,1.16372,1.16376,2.25,5.25
2017.10.31 01:40:34.020,1.16371,1.16376,3.00,3.75
2017.10.31 01:40:35.781,1.16371,1.16375,2.81,3.19
2017.10.31 01:40:38.487,1.16371,1.16375,1.50,1.50
2017.10.31 01:40:40.675,1.16372,1.16375,1.00,1.50
2017.10.31 01:40:44.312,1.16371,1.16375,1.50,2.44
2017.10.31 01:40:56.871,1.16372,1.16375,1.00,1.87
2017.10.31 01:41:01.693,1.16371,1.16375,1.87,1.87
2017.10.31 01:41:06.627,1.16372,1.16375,1.50,1.69
2017.10.31 01:41:27.342,1.16371,1.16375,5.34,2.81
2017.10.31 01:41:37.426,1.16372,1.16374,3.37,1.00
2017.10.31 01:41:37.937,1.16371,1.16375,3.00,2.44
2017.10.31 01:41:45.371,1.16371,1.16375,6.00,2.06
2017.10.31 01:41:45.478,1.16375,1.16377,1.00,4.31
2017.10.31 01:41:45.632,1.16375,1.16378,8.62,3.00
2017.10.31 01:41:47.303,1.16375,1.16379,7.31,4.31
2017.10.31 01:41:49.522,1.16376,1.16379,1.00,3.56
2017.10.31 01:41:50.209,1.16375,1.16379,4.41,2.06
2017.10.31 01:41:51.125,1.16375,1.16379,8.91,3.56
2017.10.31 01:41:57.672,1.16375,1.16378,1.50,2.62
2017.10.31 01:41:57.725,1.16375,1.16378,3.37,2.81
2017.10.31 01:42:03.457,1.16376,1.16378,2.50,4.69
2017.10.31 01:42:03.510,1.16376,1.16379,5.25,1.12
2017.10.31 01:42:03.612,1.1638,1.16381,2.25,2.25
2017.10.31 01:42:03.664,1.1638,1.16382,1.00,8.70
2017.10.31 01:42:04.170,1.1638,1.16381,3.00,1.00
2017.10.31 01:42:04.673,1.1638,1.16383,5.25,3.45
2017.10.31 01:42:05.223,1.16382,1.16383,1.00,1.00
2017.10.31 01:42:23.497,1.16382,1.16385,4.12,4.87
2017.10.31 01:42:23.549,1.16385,1.16386,1.00,2.25
2017.10.31 01:42:24.105,1.16384,1.16386,1.00,1.12
2017.10.31 01:42:26.110,1.16384,1.16385,1.00,1.00
2017.10.31 01:42:27.547,1.16383,1.16384,1.12,1.00
2017.10.31 01:42:29.075,1.16381,1.16384,5.25,1.12
2017.10.31 01:42:41.228,1.16381,1.16384,2.62,3.00
2017.10.31 01:42:43.381,1.16381,1.16384,3.37,3.00
2017.10.31 01:43:11.570,1.16382,1.16384,3.00,1.12
2017.10.31 01:43:31.564,1.16382,1.16386,2.25,10.87
2017.10.31 01:43:51.564,1.16383,1.16385,1.00,2.44
2017.10.31 01:44:10.036,1.1638,1.16382,2.06,2.50
2017.10.31 01:44:10.241,1.16378,1.16381,1.37,1.25
2017.10.31 01:44:10.812,1.16377,1.16381,4.12,4.69
2017.10.31 01:44:11.006,1.1638,1.16381,1.87,1.25
2017.10.31 01:44:11.059,1.16381,1.16384,1.31,5.70
2017.10.31 01:44:11.607,1.16382,1.16384,1.12,1.12
2017.10.31 01:44:17.263,1.16383,1.16385,1.00,3.00
2017.10.31 01:44:18.037,1.16382,1.16385,1.12,2.62
2017.10.31 01:44:38.264,1.16381,1.16384,3.75,1.12
2017.10.31 01:44:40.113,1.16379,1.16382,5.44,1.00
2017.10.31 01:44:40.632,1.16381,1.16383,1.12,3.19
2017.10.31 01:44:49.391,1.16379,1.16382,1.50,3.94
2017.10.31 01:44:50.080,1.16378,1.16382,7.01,2.96
2017.10.31 01:44:50.605,1.16378,1.16382,5.32,1.50
2017.10.31 01:44:51.387,1.1638,1.16382,1.00,2.25
2017.10.31 01:44:52.187,1.16379,1.16381,1.00,4.50
2017.10.31 01:44:52.720,1.16378,1.16381,1.50,1.00
2017.10.31 01:44:53.263,1.16378,1.16381,1.50,1.62
2017.10.31 01:45:03.592,1.16378,1.16381,1.12,1.12
2017.10.31 01:45:21.561,1.16378,1.16381,2.85,1.31
2017.10.31 01:45:21.774,1.16381,1.16383,1.31,1.87
2017.10.31 01:45:23.034,1.1638,1.16383,3.56,1.12
2017.10.31 01:45:23.347,1.1638,1.16382,1.00,6.04
2017.10.31 01:45:29.802,1.16379,1.16381,1.00,1.25
2017.10.31 01:45:29.905,1.16377,1.1638,2.10,1.12
2017.10.31 01:45:30.111,1.16376,1.16378,1.50,1.00
2017.10.31 01:45:31.434,1.16376,1.16379,2.44,2.62
2017.10.31 01:45:31.972,1.16377,1.16379,2.06,1.50
2017.10.31 01:45:38.121,1.16377,1.16379,1.87,1.00
2017.10.31 01:45:38.474,1.16377,1.1638,2.44,1.00
2017.10.31 01:45:38.985,1.16377,1.1638,4.31,1.69
2017.10.31 01:45:42.234,1.16377,1.1638,3.56,1.87
2017.10.31 01:45:44.609,1.16377,1.16379,1.87,1.12
2017.10.31 01:45:45.917,1.16376,1.16377,1.50,1.50
2017.10.31 01:45:46.077,1.16375,1.16376,1.87,1.00
2017.10.31 01:45:46.283,1.16373,1.16376,2.06,1.87
2017.10.31 01:45:46.830,1.16372,1.16376,3.64,4.12
2017.10.31 01:45:48.412,1.16371,1.16374,6.97,1.12
2017.10.31 01:45:48.963,1.16372,1.16374,1.31,1.12
2017.10.31 01:45:49.544,1.16371,1.16374,6.22,1.12
2017.10.31 01:45:50.489,1.16371,1.16374,4.35,1.00
2017.10.31 01:45:51.242,1.16371,1.16374,4.35,1.12
2017.10.31 01:45:56.171,1.16371,1.16373,1.72,1.00
2017.10.31 01:45:56.273,1.1637,1.16374,11.36,3.56
2017.10.31 01:45:56.787,1.16371,1.16374,1.00,3.19
2017.10.31 01:45:57.318,1.16371,1.16373,1.00,1.00
2017.10.31 01:45:57.534,1.16372,1.16374,1.19,1.69
2017.10.31 01:45:57.687,1.16371,1.16374,1.00,1.69
2017.10.31 01:45:59.309,1.1637,1.16374,14.81,2.06
2017.10.31 01:46:00.681,1.1637,1.16374,12.56,2.81
2017.10.31 01:46:01.412,1.1637,1.16374,11.06,2.25
2017.10.31 01:46:02.784,1.1637,1.16374,8.06,2.70
2017.10.31 01:46:03.330,1.1637,1.16374,6.00,5.51
2017.10.31 01:46:04.953,1.16369,1.16372,5.25,1.25
2017.10.31 01:46:05.499,1.16369,1.16371,1.12,1.00
2017.10.31 01:46:06.708,1.16368,1.16371,1.25,4.69
2017.10.31 01:46:06.760,1.16367,1.1637,2.62,4.69
2017.10.31 01:46:07.309,1.16365,1.16367,9.00,1.00
2017.10.31 01:46:07.840,1.16366,1.16368,4.31,4.50
2017.10.31 01:46:08.343,1.16366,1.16369,2.44,4.50
2017.10.31 01:46:08.862,1.16367,1.16368,1.00,1.00
2017.10.31 01:46:09.432,1.16366,1.16369,1.31,4.50
2017.10.31 01:46:09.993,1.16366,1.16368,2.06,1.00
2017.10.31 01:46:11.318,1.16366,1.16369,1.12,3.75
2017.10.31 01:46:22.035,1.16367,1.16368,1.00,1.00
2017.10.31 01:46:22.642,1.16366,1.16369,1.87,5.06
2017.10.31 01:46:23.530,1.16367,1.16369,1.00,2.06
2017.10.31 01:46:24.121,1.16366,1.16369,1.12,4.31
2017.10.31 01:46:25.258,1.16366,1.16368,2.81,1.25
2017.10.31 01:46:31.211,1.16366,1.16369,2.44,4.60
2017.10.31 01:46:31.742,1.16367,1.16368,1.00,1.13
2017.10.31 01:46:32.434,1.16366,1.16368,3.00,1.00
2017.10.31 01:46:34.455,1.16369,1.1637,3.75,1.12
2017.10.31 01:46:34.558,1.1637,1.16373,1.00,3.00
2017.10.31 01:46:34.866,1.1637,1.16373,15.56,1.12
2017.10.31 01:46:35.413,1.1637,1.16373,14.06,1.12
2017.10.31 01:46:51.360,1.16371,1.16373,1.31,1.00
2017.10.31 01:46:51.880,1.16371,1.16373,1.31,1.00
2017.10.31 01:47:00.722,1.16371,1.16374,1.12,1.87
2017.10.31 01:47:01.567,1.16371,1.16374,1.31,2.06
2017.10.31 01:47:04.020,1.16371,1.16374,1.12,4.50
2017.10.31 01:47:04.907,1.16371,1.16374,1.39,5.06
2017.10.31 01:47:09.123,1.16371,1.16374,1.39,2.25
2017.10.31 01:47:18.863,1.16371,1.16374,2.32,2.44
2017.10.31 01:47:19.371,1.16371,1.16374,2.51,2.62
2017.10.31 01:47:29.766,1.16371,1.16374,1.87,2.81
2017.10.31 01:47:44.604,1.16371,1.16372,1.00,1.87
2017.10.31 01:47:44.657,1.16369,1.16372,1.95,2.44
2017.10.31 01:47:44.813,1.16368,1.1637,2.62,1.12
2017.10.31 01:47:46.288,1.16367,1.1637,1.00,1.69
2017.10.31 01:47:54.665,1.16366,1.16369,4.69,1.00
2017.10.31 01:47:56.041,1.16366,1.16369,1.00,1.50
2017.10.31 01:48:00.238,1.16365,1.16368,6.15,2.62
2017.10.31 01:48:00.392,1.16363,1.16366,1.00,3.00
2017.10.31 01:48:00.917,1.16363,1.16366,1.00,3.75
2017.10.31 01:48:01.587,1.16364,1.16365,1.00,1.00
2017.10.31 01:48:02.134,1.16363,1.16366,2.25,4.31
2017.10.31 01:48:04.629,1.16361,1.16364,1.76,2.25
2017.10.31 01:48:05.926,1.16361,1.16363,1.00,1.00
2017.10.31 01:48:08.309,1.16359,1.16361,1.12,1.87
2017.10.31 01:48:08.616,1.16357,1.16359,3.75,6.56
2017.10.31 01:48:08.965,1.16357,1.1636,4.50,2.25
2017.10.31 01:48:09.991,1.16356,1.16361,7.69,4.01
2017.10.31 01:48:10.761,1.16357,1.1636,1.95,4.50
2017.10.31 01:48:12.292,1.16356,1.1636,7.50,3.94
2017.10.31 01:48:12.815,1.16356,1.1636,3.45,3.19
2017.10.31 01:48:20.591,1.16356,1.1636,5.51,1.31
2017.10.31 01:48:21.103,1.16356,1.1636,6.82,1.87
2017.10.31 01:48:21.617,1.16356,1.1636,6.45,1.87
2017.10.31 01:48:24.116,1.16357,1.1636,2.32,2.25
2017.10.31 01:48:24.668,1.16357,1.1636,1.20,1.00
2017.10.31 01:48:25.185,1.16357,1.1636,1.20,1.37
2017.10.31 01:48:25.955,1.16359,1.1636,2.85,1.00
2017.10.31 01:48:26.061,1.1636,1.16363,1.50,1.87
2017.10.31 01:48:27.561,1.16361,1.16362,1.50,1.00
2017.10.31 01:48:30.361,1.16361,1.16363,1.12,1.12
2017.10.31 01:48:33.391,1.1636,1.16363,3.00,1.87
2017.10.31 01:48:33.546,1.16359,1.16361,1.00,1.50
2017.10.31 01:48:34.058,1.16358,1.1636,3.00,1.00
2017.10.31 01:48:37.959,1.16358,1.1636,1.00,2.62
2017.10.31 01:48:39.163,1.16356,1.16359,7.24,1.00
2017.10.31 01:48:39.678,1.16356,1.1636,7.05,3.94
2017.10.31 01:48:41.211,1.16356,1.1636,4.35,1.87
2017.10.31 01:48:43.282,1.16357,1.1636,1.00,3.56
2017.10.31 01:48:43.961,1.16356,1.1636,18.86,1.69
2017.10.31 01:48:50.464,1.16356,1.1636,6.11,1.00
2017.10.31 01:48:52.088,1.16356,1.1636,6.75,3.37
2017.10.31 01:48:56.353,1.16357,1.1636,2.32,1.12
2017.10.31 01:49:00.610,1.16357,1.16361,1.57,3.56
2017.10.31 01:49:03.003,1.16358,1.16361,3.00,1.37
2017.10.31 01:49:03.309,1.1636,1.16362,2.25,3.75
2017.10.31 01:49:04.484,1.16359,1.16362,1.12,5.44
2017.10.31 01:49:05.186,1.1636,1.16361,1.50,1.00
2017.10.31 01:49:06.557,1.16358,1.16361,5.06,2.44
2017.10.31 01:49:07.064,1.16357,1.16361,3.00,3.19
2017.10.31 01:49:07.570,1.16358,1.1636,1.00,1.12
2017.10.31 01:49:14.877,1.16358,1.16361,1.37,1.00
2017.10.31 01:49:15.388,1.1636,1.16362,3.75,1.12
2017.10.31 01:49:15.899,1.1636,1.16362,4.87,1.00
2017.10.31 01:49:25.954,1.16361,1.16363,1.12,1.69
2017.10.31 01:49:27.394,1.16359,1.16361,6.07,1.00
2017.10.31 01:49:27.549,1.16358,1.1636,1.87,1.87
2017.10.31 01:49:28.121,1.16357,1.16359,2.44,1.00
2017.10.31 01:49:28.646,1.16357,1.16359,3.37,1.12
2017.10.31 01:49:30.877,1.16358,1.1636,8.06,1.37
2017.10.31 01:49:31.422,1.16359,1.1636,1.87,1.12
2017.10.31 01:49:38.667,1.16358,1.1636,3.37,1.37
2017.10.31 01:49:40.490,1.16359,1.1636,1.87,1.69
2017.10.31 01:49:44.223,1.16358,1.1636,1.12,1.12
2017.10.31 01:49:44.750,1.16357,1.1636,4.16,1.69
2017.10.31 01:49:46.651,1.16357,1.1636,2.81,2.44
2017.10.31 01:49:47.686,1.16357,1.1636,3.56,2.44
2017.10.31 01:49:50.352,1.16357,1.1636,1.12,3.75
2017.10.31 01:49:51.163,1.16357,1.1636,2.06,2.62
2017.10.31 01:49:52.596,1.16357,1.16359,1.12,1.12
2017.10.31 01:49:53.103,1.16356,1.16359,14.62,2.25
2017.10.31 01:49:53.775,1.16356,1.16359,1.50,1.69
2017.10.31 01:49:55.054,1.16356,1.16357,13.31,2.66
2017.10.31 01:49:55.107,1.16353,1.16355,1.00,1.50
2017.10.31 01:49:55.663,1.16352,1.16355,2.62,6.07
2017.10.31 01:49:56.210,1.16352,1.16354,1.50,1.69
2017.10.31 01:49:56.719,1.16351,1.16354,3.37,1.69
2017.10.31 01:49:57.268,1.16351,1.16354,3.75,1.50
2017.10.31 01:49:57.856,1.16351,1.16354,3.37,1.50
2017.10.31 01:49:58.523,1.16351,1.16354,3.94,1.50
2017.10.31 01:49:59.036,1.16351,1.16353,1.00,1.12
2017.10.31 01:49:59.530,1.16351,1.16355,4.12,2.44
2017.10.31 01:50:00.240,1.16352,1.16355,1.12,3.94
2017.10.31 01:50:00.745,1.16352,1.16355,1.69,4.12
2017.10.31 01:50:01.798,1.16355,1.16356,1.50,1.50
2017.10.31 01:50:02.058,1.16356,1.16359,1.00,4.50
2017.10.31 01:50:07.542,1.16356,1.16359,2.25,3.94
2017.10.31 01:50:08.714,1.16356,1.16359,1.87,3.94
2017.10.31 01:50:09.850,1.16357,1.16359,1.00,4.12
2017.10.31 01:50:10.893,1.16356,1.16358,1.12,1.00
2017.10.31 01:50:15.137,1.16356,1.16359,1.31,1.50
2017.10.31 01:50:15.675,1.16357,1.16359,1.00,1.50
2017.10.31 01:50:20.011,1.16356,1.16359,1.87,2.44
2017.10.31 01:50:20.216,1.16354,1.16357,7.95,1.69
2017.10.31 01:50:20.726,1.16356,1.16358,2.44,1.25
2017.10.31 01:50:23.969,1.16355,1.16357,3.94,1.00
2017.10.31 01:50:24.175,1.16353,1.16356,1.12,3.64
2017.10.31 01:50:24.687,1.16353,1.16355,1.00,1.20
2017.10.31 01:50:25.200,1.16352,1.16355,4.87,1.87
2017.10.31 01:50:25.984,1.16353,1.16355,1.00,1.87
2017.10.31 01:50:26.855,1.16352,1.16355,2.62,1.50
2017.10.31 01:50:30.497,1.16352,1.16353,1.12,1.50
2017.10.31 01:50:31.017,1.16352,1.16355,3.94,4.01
2017.10.31 01:50:31.547,1.16353,1.16355,1.00,3.56
2017.10.31 01:50:32.852,1.16352,1.16355,3.75,3.37
2017.10.31 01:50:33.786,1.16353,1.16354,1.00,1.20
2017.10.31 01:50:34.289,1.16352,1.16354,2.25,1.00
2017.10.31 01:50:34.984,1.16352,1.16354,1.00,1.95
2017.10.31 01:50:35.036,1.16351,1.16354,1.12,1.39
2017.10.31 01:50:36.339,1.16352,1.16354,1.25,1.57
2017.10.31 01:50:36.391,1.1635,1.16352,2.44,1.50
2017.10.31 01:50:36.700,1.16351,1.16353,1.00,1.12
2017.10.31 01:50:36.804,1.1635,1.16353,7.91,1.57
2017.10.31 01:50:37.320,1.16351,1.16353,1.50,1.00
2017.10.31 01:50:37.909,1.16351,1.16354,1.69,2.44
2017.10.31 01:50:39.245,1.16351,1.16354,1.50,1.69
2017.10.31 01:50:43.854,1.16351,1.16355,2.81,5.25
2017.10.31 01:50:44.385,1.16351,1.16355,1.31,3.75
2017.10.31 01:50:49.023,1.16352,1.16355,1.00,4.50
2017.10.31 01:50:49.732,1.16351,1.16355,1.31,3.75
2017.10.31 01:50:51.132,1.16352,1.16355,2.25,2.62
2017.10.31 01:50:51.366,1.16351,1.16355,3.94,5.81
2017.10.31 01:50:51.877,1.16352,1.16355,1.12,4.31
2017.10.31 01:50:56.132,1.1635,1.16354,12.45,1.50
2017.10.31 01:50:58.725,1.16351,1.16354,1.50,2.89
2017.10.31 01:51:01.790,1.16352,1.16354,1.00,2.06
2017.10.31 01:51:02.426,1.16352,1.16354,1.12,1.25
2017.10.31 01:51:38.450,1.16351,1.16353,1.12,2.06
2017.10.31 01:51:38.965,1.1635,1.16353,1.50,2.32
2017.10.31 01:51:40.868,1.1635,1.16353,6.75,1.50
2017.10.31 01:51:44.241,1.1635,1.16352,1.00,1.10
2017.10.31 01:51:45.941,1.16349,1.16353,4.87,5.32
2017.10.31 01:51:46.528,1.16349,1.16353,5.81,4.95
2017.10.31 01:51:48.285,1.16349,1.16353,3.37,5.14
2017.10.31 01:51:48.650,1.16346,1.16349,3.37,1.00
2017.10.31 01:51:48.958,1.16349,1.16351,1.69,2.14
2017.10.31 01:51:49.266,1.1635,1.16352,3.37,1.25
2017.10.31 01:51:49.776,1.16352,1.16353,1.00,1.00
2017.10.31 01:51:51.241,1.16351,1.16353,1.50,1.00
2017.10.31 01:51:51.753,1.16352,1.16353,1.00,1.00
2017.10.31 01:51:53.272,1.16351,1.16354,2.62,2.14
2017.10.31 01:51:58.652,1.16352,1.16353,1.00,1.00
2017.10.31 01:52:00.669,1.16352,1.16354,1.00,1.00
2017.10.31 01:52:06.079,1.16351,1.16354,3.00,1.00
2017.10.31 01:52:06.589,1.16352,1.16354,1.25,2.44
2017.10.31 01:52:08.478,1.16351,1.16352,4.50,3.00
2017.10.31 01:52:08.530,1.1635,1.16352,3.00,5.06
2017.10.31 01:52:08.685,1.1635,1.16353,5.62,1.87
2017.10.31 01:52:11.947,1.1635,1.16351,1.87,1.00
2017.10.31 01:52:12.050,1.16348,1.16351,5.25,2.62
2017.10.31 01:52:12.153,1.16347,1.16349,8.44,1.31
2017.10.31 01:52:12.406,1.16346,1.1635,2.62,5.06
2017.10.31 01:52:12.459,1.16348,1.1635,1.12,1.20
2017.10.31 01:52:12.973,1.16347,1.16349,1.12,1.69
2017.10.31 01:52:14.466,1.16346,1.16349,1.00,1.12
2017.10.31 01:52:24.423,1.16346,1.16349,3.94,1.87
2017.10.31 01:52:26.108,1.1635,1.16352,6.00,4.50
2017.10.31 01:52:26.767,1.1635,1.16352,7.69,1.31
2017.10.31 01:52:31.523,1.1635,1.16352,1.00,2.06
2017.10.31 01:52:31.575,1.16347,1.16349,1.00,1.00
2017.10.31 01:52:34.746,1.16346,1.16349,3.75,1.00
2017.10.31 01:52:36.800,1.16346,1.16349,4.12,1.00
2017.10.31 01:52:48.916,1.16346,1.16349,3.00,1.50
2017.10.31 01:52:54.464,1.16346,1.16349,1.12,4.87
2017.10.31 01:52:59.954,1.16346,1.16349,2.25,2.44
2017.10.31 01:53:00.464,1.16346,1.16349,3.37,2.25
2017.10.31 01:53:10.983,1.16346,1.16349,3.00,1.01
2017.10.31 01:53:42.694,1.16346,1.16349,4.50,1.00
2017.10.31 01:53:43.241,1.16347,1.16349,1.50,1.10
2017.10.31 01:53:55.018,1.16349,1.16351,7.97,2.51
2017.10.31 01:53:55.530,1.1635,1.16351,3.37,1.10
2017.10.31 01:53:59.355,1.16349,1.16352,6.75,1.39
2017.10.31 01:53:59.509,1.16348,1.16351,1.12,1.25
2017.10.31 01:53:59.766,1.16348,1.1635,3.37,1.00
2017.10.31 01:53:59.920,1.16347,1.1635,2.62,2.32
2017.10.31 01:54:01.356,1.16347,1.1635,1.50,1.50
2017.10.31 01:54:02.224,1.16347,1.1635,1.12,2.70
2017.10.31 01:54:07.528,1.16348,1.1635,1.25,1.39
2017.10.31 01:54:07.579,1.16348,1.16351,1.00,2.89
2017.10.31 01:54:08.089,1.16347,1.16349,1.50,1.20
2017.10.31 01:54:14.238,1.16346,1.16349,1.00,3.26
2017.10.31 01:54:14.290,1.16346,1.16349,3.56,1.95
2017.10.31 01:54:14.341,1.16346,1.16348,1.00,1.87
2017.10.31 01:54:14.843,1.16346,1.16348,1.12,1.20
2017.10.31 01:54:16.558,1.16346,1.16348,1.50,1.10
2017.10.31 01:54:18.083,1.16346,1.16348,1.00,1.10
2017.10.31 01:54:19.356,1.16347,1.1635,3.00,4.20
2017.10.31 01:54:19.936,1.16347,1.1635,2.25,2.14
2017.10.31 01:54:20.385,1.16348,1.16351,3.00,5.89
2017.10.31 01:54:21.028,1.16348,1.16351,3.00,3.07
2017.10.31 01:54:21.184,1.16347,1.16351,1.69,3.26
2017.10.31 01:54:21.737,1.16347,1.1635,1.50,2.70
2017.10.31 01:54:23.246,1.16347,1.1635,1.50,3.45
2017.10.31 01:54:37.526,1.16347,1.16349,1.12,3.07
2017.10.31 01:54:44.174,1.16346,1.16349,1.87,1.31
2017.10.31 01:54:58.779,1.16346,1.16348,1.37,1.00
2017.10.31 01:54:59.440,1.16346,1.16349,1.69,1.31
2017.10.31 01:55:00.838,1.16348,1.1635,1.00,3.07
2017.10.31 01:55:01.387,1.16346,1.1635,7.50,2.44
2017.10.31 01:55:03.611,1.16347,1.1635,1.69,1.87
2017.10.31 01:55:05.088,1.16347,1.1635,1.69,3.94
2017.10.31 01:55:05.599,1.16347,1.1635,2.44,1.20
2017.10.31 01:55:06.175,1.16347,1.1635,1.25,2.51
2017.10.31 01:55:06.873,1.16347,1.1635,3.00,1.37
2017.10.31 01:55:07.375,1.16347,1.16351,3.37,3.07
2017.10.31 01:55:08.123,1.16347,1.16351,3.37,3.07
2017.10.31 01:55:09.046,1.16347,1.16349,2.25,1.00
2017.10.31 01:55:10.167,1.16347,1.16351,6.56,4.20
2017.10.31 01:55:18.317,1.16347,1.16349,1.69,1.10
2017.10.31 01:55:19.447,1.16347,1.1635,3.19,2.14
2017.10.31 01:55:20.081,1.16347,1.1635,3.19,1.25
2017.10.31 01:55:20.615,1.16347,1.1635,1.50,2.32
2017.10.31 01:55:27.168,1.16349,1.16351,6.00,3.82
2017.10.31 01:55:27.271,1.1635,1.16352,2.62,1.39
2017.10.31 01:55:27.375,1.16352,1.16353,1.00,1.39
2017.10.31 01:55:27.984,1.16351,1.16353,1.87,1.00
2017.10.31 01:55:28.291,1.16349,1.16352,1.50,2.06
2017.10.31 01:55:28.819,1.1635,1.16352,2.62,1.69
2017.10.31 01:55:29.090,1.16348,1.1635,2.62,1.00
2017.10.31 01:55:29.398,1.1635,1.16352,1.87,1.95
2017.10.31 01:55:30.020,1.1635,1.16352,4.87,1.00
2017.10.31 01:55:30.904,1.16351,1.16353,1.87,1.00
2017.10.31 01:55:31.440,1.1635,1.16353,4.69,1.01
2017.10.31 01:55:32.040,1.16351,1.16353,2.25,1.39
2017.10.31 01:55:32.602,1.16351,1.16353,1.00,1.01
2017.10.31 01:55:32.704,1.1635,1.16354,7.69,6.26
2017.10.31 01:55:33.239,1.16351,1.16353,2.25,1.31
2017.10.31 01:55:33.753,1.16352,1.16353,1.00,1.25
2017.10.31 01:55:33.923,1.1635,1.16352,4.12,1.00
2017.10.31 01:55:34.232,1.16348,1.16351,1.00,1.76
2017.10.31 01:55:34.743,1.16347,1.1635,1.87,1.00
2017.10.31 01:55:35.404,1.16347,1.1635,4.12,1.00
2017.10.31 01:55:35.933,1.16347,1.1635,1.87,1.20
2017.10.31 01:55:37.130,1.16347,1.16351,2.62,3.82
2017.10.31 01:55:37.640,1.16348,1.16351,1.50,2.32
2017.10.31 01:55:38.204,1.16348,1.16351,1.12,2.70
2017.10.31 01:55:38.860,1.16346,1.1635,5.25,3.07
2017.10.31 01:55:39.378,1.16345,1.16348,2.62,1.95
2017.10.31 01:55:39.636,1.16346,1.16349,2.25,2.89
2017.10.31 01:55:41.161,1.16346,1.16348,1.12,1.00
2017.10.31 01:55:41.764,1.16347,1.16348,1.50,1.00
2017.10.31 01:55:42.653,1.16346,1.16348,1.00,1.00
2017.10.31 01:55:43.063,1.16348,1.16349,1.12,1.00
2017.10.31 01:55:43.165,1.16346,1.1635,3.37,4.57
2017.10.31 01:55:43.744,1.16347,1.1635,1.50,1.20
2017.10.31 01:55:44.247,1.16347,1.16349,2.06,1.01
2017.10.31 01:55:45.513,1.16346,1.16349,2.62,1.20
2017.10.31 01:55:46.989,1.16348,1.1635,1.00,2.51
2017.10.31 01:55:47.634,1.16347,1.1635,1.87,3.07
2017.10.31 01:55:48.238,1.16348,1.1635,1.00,3.82
2017.10.31 01:55:49.122,1.16347,1.1635,1.00,3.07
2017.10.31 01:55:49.727,1.16347,1.1635,2.62,2.32
2017.10.31 01:55:57.795,1.16347,1.1635,1.00,3.82
2017.10.31 01:56:01.076,1.16346,1.1635,4.12,11.32
2017.10.31 01:56:05.720,1.16346,1.16349,1.50,2.70
2017.10.31 01:56:09.067,1.16346,1.16348,1.50,1.12
2017.10.31 01:56:09.797,1.16347,1.16349,1.00,3.82
2017.10.31 01:56:12.556,1.16346,1.16349,1.12,3.07
2017.10.31 01:56:12.907,1.16344,1.16346,3.75,1.50
2017.10.31 01:56:13.359,1.16342,1.16344,4.12,1.00
2017.10.31 01:56:13.875,1.16341,1.16344,3.00,3.45
2017.10.31 01:56:16.692,1.16341,1.16344,3.00,2.32
2017.10.31 01:56:18.606,1.16341,1.16344,1.50,2.32
2017.10.31 01:56:20.264,1.16341,1.16344,4.12,2.89
2017.10.31 01:56:20.812,1.16341,1.16344,4.12,2.44
2017.10.31 01:56:23.648,1.16341,1.16344,1.87,2.51
2017.10.31 01:56:24.209,1.16341,1.16344,2.25,3.26
2017.10.31 01:56:25.353,1.16341,1.16344,2.25,4.01
2017.10.31 01:56:26.662,1.16341,1.16344,1.00,3.26
2017.10.31 01:56:27.204,1.16341,1.16343,2.62,1.00
2017.10.31 01:56:28.584,1.16341,1.16344,1.00,2.32
2017.10.31 01:56:29.283,1.16341,1.16344,1.87,2.32
2017.10.31 01:56:31.410,1.16341,1.16344,2.62,1.95
2017.10.31 01:56:31.914,1.16341,1.16344,3.00,2.32
2017.10.31 01:56:32.450,1.16341,1.16344,3.00,1.87
2017.10.31 01:56:33.387,1.16341,1.16344,3.37,2.32
2017.10.31 01:56:34.115,1.16341,1.16344,3.00,2.70
2017.10.31 01:56:34.894,1.16341,1.16344,3.00,2.25
2017.10.31 01:56:37.527,1.16341,1.16344,1.12,1.57
2017.10.31 01:56:37.988,1.1634,1.16343,6.19,2.70
2017.10.31 01:56:41.354,1.1634,1.16342,2.25,2.06
2017.10.31 01:56:41.509,1.16337,1.1634,1.87,4.31
2017.10.31 01:56:41.560,1.16336,1.16338,2.25,2.81
2017.10.31 01:56:42.079,1.16336,1.16339,1.50,4.76
2017.10.31 01:56:42.612,1.16336,1.16339,1.50,2.89
2017.10.31 01:56:44.576,1.16337,1.16339,1.50,1.87
2017.10.31 01:56:46.218,1.16337,1.1634,1.00,4.39
2017.10.31 01:56:46.911,1.16337,1.1634,1.00,5.14
2017.10.31 01:56:47.445,1.16339,1.1634,1.87,1.10
2017.10.31 01:56:47.992,1.1634,1.16342,3.37,6.94
2017.10.31 01:56:48.197,1.16338,1.1634,1.50,1.10
2017.10.31 01:56:48.403,1.16336,1.16339,3.94,1.00
2017.10.31 01:56:48.506,1.16337,1.16339,4.12,1.00
2017.10.31 01:56:49.017,1.16337,1.1634,3.56,3.64
2017.10.31 01:56:49.527,1.16338,1.1634,1.87,1.87
2017.10.31 01:56:50.157,1.16338,1.16341,4.12,4.39
2017.10.31 01:56:53.941,1.16339,1.16341,1.00,1.31
2017.10.31 01:56:54.458,1.1634,1.16342,1.00,1.10
2017.10.31 01:56:57.576,1.16341,1.16343,1.50,1.00
2017.10.31 01:56:58.087,1.1634,1.16343,3.19,1.00
2017.10.31 01:57:00.640,1.16341,1.16343,1.12,1.10
2017.10.31 01:57:01.150,1.1634,1.16343,2.44,2.32
2017.10.31 01:57:01.730,1.16341,1.16344,1.00,5.89
2017.10.31 01:57:02.095,1.1634,1.16343,1.12,5.32
2017.10.31 01:57:02.808,1.1634,1.16342,1.87,1.50
2017.10.31 01:57:03.456,1.1634,1.16342,1.50,2.70
2017.10.31 01:57:03.968,1.16339,1.16342,6.94,3.75
2017.10.31 01:57:06.223,1.16339,1.1634,1.00,1.00
2017.10.31 01:57:06.326,1.16337,1.1634,1.00,2.06
2017.10.31 01:57:06.786,1.16336,1.16338,1.50,1.00
2017.10.31 01:57:07.362,1.16335,1.16338,6.75,1.50
2017.10.31 01:57:07.905,1.16335,1.16338,5.25,1.87
2017.10.31 01:57:08.723,1.16335,1.16338,2.25,4.20
2017.10.31 01:57:12.459,1.16335,1.16338,3.00,2.32
2017.10.31 01:57:12.975,1.16336,1.16338,1.50,1.87
2017.10.31 01:57:13.485,1.16335,1.16338,10.50,1.00
2017.10.31 01:57:14.025,1.16336,1.16338,1.00,1.00
2017.10.31 01:57:14.395,1.16339,1.16341,4.94,5.14
2017.10.31 01:57:14.555,1.1634,1.16342,2.25,1.00
2017.10.31 01:57:15.159,1.1634,1.16343,3.75,6.07
2017.10.31 01:57:15.871,1.16341,1.16343,1.00,4.95
2017.10.31 01:57:16.454,1.16341,1.16343,1.00,2.62
2017.10.31 01:57:16.506,1.1634,1.16343,7.50,7.01
2017.10.31 01:57:16.711,1.16337,1.16339,1.12,1.12
2017.10.31 01:57:17.467,1.16336,1.16339,1.12,4.57
2017.10.31 01:57:23.133,1.16336,1.16338,1.12,1.50
2017.10.31 01:57:24.363,1.16336,1.16338,1.12,1.50
2017.10.31 01:57:25.543,1.16336,1.16338,1.12,2.70
2017.10.31 01:57:26.099,1.16336,1.16338,1.12,2.25
2017.10.31 01:57:26.694,1.16336,1.16338,1.12,2.25
2017.10.31 01:57:27.438,1.16335,1.16337,2.62,1.10
2017.10.31 01:57:27.989,1.16335,1.16336,1.25,1.25
2017.10.31 01:57:28.143,1.16335,1.16338,2.81,4.57
2017.10.31 01:57:29.377,1.16336,1.16338,1.00,3.07
2017.10.31 01:57:30.115,1.16335,1.16338,1.69,1.57
2017.10.31 01:57:30.633,1.16335,1.16337,2.44,1.10
2017.10.31 01:57:36.845,1.16336,1.16338,1.00,2.89
2017.10.31 01:57:45.398,1.16335,1.16338,1.69,2.32
2017.10.31 01:57:50.909,1.16335,1.16338,9.56,3.45
2017.10.31 01:57:51.436,1.16335,1.16338,5.81,2.32
2017.10.31 01:57:52.004,1.16335,1.16338,6.94,1.00
2017.10.31 01:57:52.834,1.16335,1.16338,9.56,1.57
2017.10.31 01:57:54.909,1.16335,1.16338,6.56,1.20
2017.10.31 01:57:56.559,1.16336,1.16338,1.00,2.89
2017.10.31 01:57:58.465,1.16335,1.16338,4.69,1.00
2017.10.31 01:57:59.149,1.16336,1.16338,1.00,1.00
2017.10.31 01:58:00.190,1.16336,1.16339,1.12,6.07
2017.10.31 01:58:00.342,1.16335,1.16339,5.06,5.32
2017.10.31 01:58:01.815,1.16335,1.16339,4.69,5.32
2017.10.31 01:58:03.161,1.16335,1.16339,7.69,5.14
2017.10.31 01:58:03.591,1.16336,1.16339,2.62,2.32
2017.10.31 01:58:05.726,1.16339,1.16341,2.50,8.70
2017.10.31 01:58:05.880,1.16341,1.16342,1.00,1.39
2017.10.31 01:58:06.461,1.1634,1.16343,2.62,1.69
2017.10.31 01:58:08.149,1.16341,1.16344,1.87,5.32
2017.10.31 01:58:08.712,1.16341,1.16343,1.50,1.10
2017.10.31 01:58:11.117,1.16342,1.16344,1.00,1.50
2017.10.31 01:58:11.171,1.16343,1.16344,2.62,1.50
2017.10.31 01:58:11.326,1.16342,1.16345,1.00,3.82
2017.10.31 01:58:12.345,1.16342,1.16345,1.87,2.51
2017.10.31 01:58:15.628,1.16345,1.16346,1.00,3.82
2017.10.31 01:58:16.141,1.16345,1.16348,1.50,2.25
2017.10.31 01:58:16.772,1.16344,1.16348,8.44,1.95
2017.10.31 01:58:17.366,1.16345,1.16348,1.00,2.14
2017.10.31 01:58:18.042,1.16345,1.16347,7.50,1.10
2017.10.31 01:58:18.982,1.16345,1.16348,6.75,2.51
2017.10.31 01:58:19.516,1.16345,1.16348,3.37,2.89
2017.10.31 01:58:25.300,1.16343,1.16347,2.25,3.37
2017.10.31 01:58:25.836,1.16344,1.16347,1.25,2.32
2017.10.31 01:58:25.990,1.16345,1.16349,5.06,5.44
2017.10.31 01:58:27.634,1.16345,1.16348,7.50,1.00
2017.10.31 01:58:32.516,1.16345,1.16349,7.50,5.62
2017.10.31 01:58:33.857,1.16345,1.16349,7.50,5.62
2017.10.31 01:58:38.989,1.16345,1.16349,3.19,6.19
2017.10.31 01:58:40.166,1.16345,1.16349,2.06,5.06
2017.10.31 01:58:42.436,1.16345,1.16349,2.44,5.44
2017.10.31 01:58:48.562,1.16345,1.16348,2.06,2.25
2017.10.31 01:58:52.078,1.16345,1.16348,3.37,2.44
2017.10.31 01:58:54.345,1.16345,1.16347,2.62,3.37
2017.10.31 01:58:54.854,1.16345,1.16347,1.87,3.37
2017.10.31 01:59:06.201,1.16344,1.16347,3.75,2.70
2017.10.31 01:59:06.712,1.16343,1.16345,1.50,1.20
2017.10.31 01:59:06.764,1.16342,1.16345,1.50,2.70
2017.10.31 01:59:07.336,1.16342,1.16345,1.87,1.50
2017.10.31 01:59:07.875,1.16342,1.16345,2.62,1.12
2017.10.31 01:59:10.159,1.16342,1.16345,2.06,2.44
2017.10.31 01:59:10.690,1.16342,1.16345,1.87,1.50
2017.10.31 01:59:11.214,1.16342,1.16344,1.12,1.12
2017.10.31 01:59:19.034,1.1634,1.16343,3.94,1.00
2017.10.31 01:59:25.714,1.1634,1.16344,5.62,4.31
2017.10.31 01:59:28.051,1.16341,1.16344,1.37,4.69
2017.10.31 01:59:29.114,1.1634,1.16344,3.75,4.69
2017.10.31 01:59:29.627,1.1634,1.16344,3.45,4.31
2017.10.31 01:59:32.641,1.1634,1.16343,5.51,1.00
2017.10.31 01:59:33.679,1.1634,1.16343,7.01,1.00
2017.10.31 01:59:34.373,1.16341,1.16343,1.20,1.00
2017.10.31 01:59:34.848,1.16343,1.16344,3.75,1.12
2017.10.31 01:59:35.106,1.16342,1.16345,2.85,3.00
2017.10.31 01:59:38.101,1.16341,1.16344,1.31,1.87
2017.10.31 01:59:42.460,1.16341,1.16344,2.44,4.50
2017.10.31 01:59:44.656,1.16341,1.16344,1.91,1.00
2017.10.31 01:59:48.089,1.16345,1.16346,1.00,2.62
2017.10.31 01:59:48.733,1.16344,1.16346,3.94,1.00
2017.10.31 01:59:49.234,1.16345,1.16346,1.00,1.00
2017.10.31 01:59:49.757,1.16344,1.16346,3.56,1.00
2017.10.31 01:59:50.425,1.16345,1.16346,1.00,1.50
2017.10.31 01:59:51.113,1.16344,1.16346,3.94,1.31
2017.10.31 01:59:52.064,1.16345,1.16346,1.00,1.31
2017.10.31 01:59:52.661,1.16344,1.16346,3.19,1.31
2017.10.31 01:59:53.185,1.16345,1.16346,1.50,1.31
2017.10.31 01:59:55.015,1.16344,1.16346,3.94,1.31
2017.10.31 01:59:56.066,1.16345,1.16346,1.00,1.31
2017.10.31 01:59:56.763,1.16344,1.16346,3.94,1.31
2017.10.31 01:59:57.663,1.16345,1.16346,1.00,1.31
2017.10.31 01:59:58.362,1.16344,1.16346,6.56,1.69
2017.10.31 01:59:59.501,1.16345,1.16346,1.00,1.69
