2022.02.03 09:00:00.112,1.12949,1.12952,1.80,0.12
2022.02.03 09:00:00.214,1.12949,1.12953,0.90,0.12
2022.02.03 09:00:00.316,1.12948,1.12953,4.73,0.12
2022.02.03 09:00:00.419,1.12949,1.12954,0.90,0.12
2022.02.03 09:00:00.682,1.1295,1.12954,0.44,0.12
2022.02.03 09:00:02.683,1.12949,1.12954,2.24,0.12
2022.02.03 09:00:03.032,1.12951,1.12954,0.44,0.12
2022.02.03 09:00:04.707,1.12952,1.12954,0.44,0.12
2022.02.03 09:00:05.422,1.12952,1.12953,0.44,0.12
2022.02.03 09:00:05.878,1.12949,1.12953,0.98,0.12
2022.02.03 09:00:05.981,1.12945,1.12948,0.90,1.88
2022.02.03 09:00:06.083,1.12945,1.12948,0.90,0.90
2022.02.03 09:00:06.135,1.1294,1.12946,9.85,2.11
2022.02.03 09:00:06.186,1.1294,1.12943,4.50,1.88
2022.02.03 09:00:06.289,1.12938,1.12943,2.11,1.88
2022.02.03 09:00:06.391,1.1294,1.12943,0.31,2.78
2022.02.03 09:00:06.596,1.1294,1.12945,3.24,1.88
2022.02.03 09:00:06.749,1.1294,1.12946,5.04,2.11
2022.02.03 09:00:07.176,1.12942,1.12945,0.90,2.11
2022.02.03 09:00:08.093,1.12942,1.12946,3.91,2.11
2022.02.03 09:00:08.349,1.12942,1.12947,0.23,2.11
2022.02.03 09:00:10.020,1.12941,1.12946,3.83,1.88
2022.02.03 09:00:11.054,1.12942,1.12946,0.44,0.12
2022.02.03 09:00:11.493,1.1294,1.12944,0.67,0.12
2022.02.03 09:00:11.706,1.12941,1.12945,2.24,0.12
2022.02.03 09:00:11.808,1.12941,1.12946,3.37,1.44
2022.02.03 09:00:12.165,1.1294,1.12945,1.44,0.54
2022.02.03 09:00:12.267,1.1294,1.12944,0.44,0.12
2022.02.03 09:00:12.853,1.12941,1.12946,1.34,1.44
2022.02.03 09:00:13.800,1.12942,1.12947,1.57,1.67
2022.02.03 09:00:13.852,1.12944,1.12947,0.90,0.98
2022.02.03 09:00:13.954,1.12946,1.12949,1.34,0.12
2022.02.03 09:00:14.057,1.12947,1.1295,0.90,1.88
2022.02.03 09:00:14.159,1.12947,1.12949,0.90,0.12
2022.02.03 09:00:15.538,1.12948,1.1295,0.90,0.12
2022.02.03 09:00:15.794,1.12946,1.12948,0.90,0.12
2022.02.03 09:00:16.099,1.12946,1.12949,0.90,1.44
2022.02.03 09:00:16.354,1.12946,1.12948,0.90,0.12
2022.02.03 09:00:16.456,1.12946,1.12949,0.90,1.44
2022.02.03 09:00:16.938,1.12946,1.12948,0.90,0.12
2022.02.03 09:00:17.476,1.12946,1.12949,0.90,1.44
2022.02.03 09:00:18.286,1.12945,1.12948,0.90,1.88
2022.02.03 09:00:18.896,1.12945,1.12946,0.90,0.12
2022.02.03 09:00:21.484,1.12943,1.12946,0.90,0.90
2022.02.03 09:00:23.073,1.12944,1.12947,0.90,1.44
2022.02.03 09:00:25.952,1.12942,1.12944,0.90,0.54
2022.02.03 09:00:26.003,1.1294,1.12943,2.78,0.54
2022.02.03 09:00:28.366,1.1294,1.12944,0.90,2.78
2022.02.03 09:00:29.354,1.1294,1.12943,0.90,1.88
2022.02.03 09:00:34.006,1.12939,1.12942,0.90,0.90
2022.02.03 09:00:36.325,1.1294,1.12943,0.90,0.98
2022.02.03 09:00:37.166,1.12939,1.12942,0.90,0.98
2022.02.03 09:00:37.495,1.1294,1.12943,0.90,0.98
2022.02.03 09:00:39.158,1.12938,1.12941,0.90,0.12
2022.02.03 09:00:39.261,1.12937,1.12941,3.68,0.98
2022.02.03 09:00:41.735,1.12938,1.12941,0.44,0.98
2022.02.03 09:00:42.819,1.12937,1.12941,1.80,0.98
2022.02.03 09:00:44.080,1.12938,1.12939,0.90,0.98
2022.02.03 09:00:45.800,1.12937,1.12941,0.90,1.44
2022.02.03 09:00:47.693,1.12937,1.1294,0.90,0.12
2022.02.03 09:00:47.796,1.12934,1.12937,2.78,0.90
2022.02.03 09:00:47.949,1.12933,1.12937,2.70,0.98
2022.02.03 09:00:49.218,1.12936,1.12939,1.34,0.98
2022.02.03 09:00:49.321,1.12939,1.12941,0.90,3.47
2022.02.03 09:00:49.845,1.12939,1.12942,0.90,1.44
2022.02.03 09:00:51.708,1.12938,1.12941,0.90,0.90
2022.02.03 09:00:52.311,1.12939,1.12942,0.90,1.88
2022.02.03 09:00:52.464,1.12941,1.12942,0.90,1.21
2022.02.03 09:00:53.086,1.12938,1.12942,2.57,1.44
2022.02.03 09:00:53.188,1.12938,1.12941,0.90,0.12
2022.02.03 09:00:53.290,1.12938,1.12942,0.90,1.44
2022.02.03 09:00:53.685,1.12938,1.12941,0.90,0.12
2022.02.03 09:00:54.744,1.1294,1.12943,1.34,0.98
2022.02.03 09:00:54.846,1.12941,1.12944,1.34,0.98
2022.02.03 09:00:55.510,1.12942,1.12945,0.90,1.44
2022.02.03 09:00:56.483,1.12941,1.12945,1.34,1.88
2022.02.03 09:00:56.696,1.12941,1.12944,1.34,0.90
2022.02.03 09:01:00.027,1.12941,1.12945,1.34,1.44
2022.02.03 09:01:00.129,1.12942,1.12945,0.90,1.44
2022.02.03 09:01:01.064,1.12941,1.12944,1.34,0.90
2022.02.03 09:01:01.780,1.12942,1.12945,0.90,0.98
2022.02.03 09:01:01.883,1.12943,1.12945,0.44,0.90
2022.02.03 09:01:01.985,1.12942,1.12945,4.14,0.90
2022.02.03 09:01:04.935,1.12944,1.12947,0.90,1.44
2022.02.03 09:01:05.038,1.12947,1.1295,0.90,0.98
2022.02.03 09:01:10.261,1.12948,1.1295,0.44,0.90
2022.02.03 09:01:10.465,1.12949,1.1295,1.80,0.90
2022.02.03 09:01:10.618,1.1295,1.12953,1.34,0.90
2022.02.03 09:01:10.721,1.12952,1.12954,0.44,0.90
2022.02.03 09:01:11.260,1.12951,1.12954,1.34,0.90
2022.02.03 09:01:11.409,1.12953,1.12954,0.44,0.98
2022.02.03 09:01:11.511,1.12951,1.12954,1.34,0.90
2022.02.03 09:01:12.672,1.12953,1.12954,0.90,0.98
2022.02.03 09:01:14.830,1.12951,1.12955,1.88,0.90
2022.02.03 09:01:15.555,1.12951,1.12954,0.44,0.90
2022.02.03 09:01:15.657,1.12951,1.12953,0.44,0.90
2022.02.03 09:01:15.810,1.1295,1.12953,2.24,0.90
2022.02.03 09:01:15.912,1.12951,1.12954,1.34,0.90
2022.02.03 09:01:22.086,1.12949,1.12952,2.11,0.90
2022.02.03 09:01:22.289,1.12948,1.12952,2.24,0.98
2022.02.03 09:01:22.671,1.12947,1.1295,4.81,0.90
2022.02.03 09:01:27.339,1.12948,1.1295,0.44,0.90
2022.02.03 09:01:27.441,1.12947,1.1295,1.80,0.90
2022.02.03 09:01:27.658,1.12948,1.12952,2.24,0.98
2022.02.03 09:01:27.709,1.1295,1.12954,1.34,4.22
2022.02.03 09:01:27.811,1.1295,1.12953,0.90,0.98
2022.02.03 09:01:29.711,1.12951,1.12953,0.90,0.90
2022.02.03 09:01:29.814,1.12951,1.12954,1.80,0.90
2022.02.03 09:01:29.916,1.12952,1.12954,0.44,0.90
2022.02.03 09:01:34.537,1.12951,1.12954,2.70,0.90
2022.02.03 09:01:35.470,1.1295,1.12953,0.90,0.90
2022.02.03 09:01:36.767,1.12949,1.12953,2.70,0.98
2022.02.03 09:01:37.594,1.12951,1.12954,1.34,0.98
2022.02.03 09:01:37.897,1.12952,1.12954,0.90,0.12
2022.02.03 09:01:37.999,1.12952,1.12955,0.90,0.12
2022.02.03 09:01:38.102,1.12954,1.12957,0.90,1.67
2022.02.03 09:01:38.877,1.12954,1.12956,0.90,0.54
2022.02.03 09:01:38.979,1.12953,1.12956,0.90,1.44
2022.02.03 09:01:44.250,1.1295,1.12953,0.44,0.44
2022.02.03 09:01:44.352,1.12951,1.12954,0.90,2.34
2022.02.03 09:01:44.556,1.12952,1.12955,0.90,3.11
2022.02.03 09:01:45.015,1.12951,1.12954,0.90,0.98
2022.02.03 09:01:45.168,1.12951,1.12953,0.90,0.12
2022.02.03 09:01:45.807,1.12951,1.12954,0.90,0.54
2022.02.03 09:01:45.909,1.12951,1.12953,0.90,0.12
2022.02.03 09:01:46.062,1.12951,1.12954,0.90,1.44
2022.02.03 09:01:50.844,1.12951,1.12953,0.90,0.12
2022.02.03 09:01:52.041,1.12951,1.12953,0.90,1.44
2022.02.03 09:01:52.577,1.1295,1.12952,0.90,0.12
2022.02.03 09:01:52.781,1.1295,1.12953,0.90,0.98
2022.02.03 09:01:58.252,1.1295,1.12954,4.94,0.98
2022.02.03 09:01:58.456,1.12951,1.12955,0.90,1.88
2022.02.03 09:02:01.253,1.12953,1.12956,0.90,1.44
2022.02.03 09:02:01.406,1.12953,1.12955,2.34,0.12
2022.02.03 09:02:01.661,1.12952,1.12955,0.90,0.98
2022.02.03 09:02:01.763,1.12952,1.12954,0.90,0.12
2022.02.03 09:02:01.982,1.12951,1.12954,0.90,0.98
2022.02.03 09:02:02.293,1.12952,1.12955,0.90,4.01
2022.02.03 09:02:06.932,1.12951,1.12954,0.90,0.90
2022.02.03 09:02:09.867,1.12956,1.12958,0.90,4.09
2022.02.03 09:02:09.969,1.12955,1.12957,0.90,0.12
2022.02.03 09:02:10.021,1.12953,1.12956,1.44,0.90
2022.02.03 09:02:10.123,1.12952,1.12955,2.34,0.12
2022.02.03 09:02:13.037,1.12951,1.12955,3.24,0.98
2022.02.03 09:02:13.539,1.12951,1.12954,2.24,0.12
2022.02.03 09:02:15.376,1.12952,1.12954,0.90,0.12
2022.02.03 09:02:15.579,1.12952,1.12955,0.90,1.44
2022.02.03 09:02:19.213,1.12955,1.12958,0.90,1.44
2022.02.03 09:02:25.070,1.12956,1.12959,0.90,0.90
2022.02.03 09:02:40.905,1.12953,1.12955,1.88,0.90
2022.02.03 09:02:40.957,1.12953,1.12957,1.75,1.88
2022.02.03 09:02:41.008,1.12953,1.12955,0.31,0.90
2022.02.03 09:02:41.060,1.12955,1.12958,0.90,1.88
2022.02.03 09:02:44.171,1.12955,1.12957,0.12,0.90
2022.02.03 09:02:44.274,1.12954,1.12957,0.98,1.34
2022.02.03 09:02:48.125,1.12952,1.12955,1.44,0.90
2022.02.03 09:02:50.970,1.12949,1.12952,3.24,1.34
2022.02.03 09:02:51.072,1.12947,1.12949,2.21,0.90
2022.02.03 09:02:54.502,1.12947,1.1295,0.98,0.90
2022.02.03 09:02:56.894,1.12946,1.1295,2.34,0.98
2022.02.03 09:02:59.988,1.12944,1.12946,0.12,0.90
2022.02.03 09:03:00.091,1.12945,1.12948,1.44,3.47
2022.02.03 09:03:03.521,1.12946,1.12948,0.54,0.90
2022.02.03 09:03:03.624,1.12949,1.12951,0.54,3.47
2022.02.03 09:03:03.726,1.12951,1.12954,1.44,5.40
2022.02.03 09:03:03.829,1.12952,1.12955,0.98,0.90
2022.02.03 09:03:09.152,1.12952,1.12954,0.12,0.90
2022.02.03 09:03:09.407,1.12951,1.12954,1.44,0.90
2022.02.03 09:03:09.674,1.1295,1.12952,0.12,0.90
2022.02.03 09:03:09.827,1.12949,1.12952,1.88,0.90
2022.02.03 09:03:10.827,1.12947,1.12949,1.21,0.90
2022.02.03 09:03:10.929,1.12946,1.12949,0.90,0.90
2022.02.03 09:03:11.032,1.12947,1.12948,0.90,1.44
2022.02.03 09:03:11.185,1.12943,1.12946,2.70,0.90
2022.02.03 09:03:11.287,1.12943,1.12945,1.34,0.90
2022.02.03 09:03:13.983,1.12943,1.12947,2.57,0.90
2022.02.03 09:03:14.288,1.12943,1.12946,1.80,0.90
2022.02.03 09:03:14.659,1.12941,1.12944,2.57,0.90
2022.02.03 09:03:14.761,1.12942,1.12944,0.23,0.90
2022.02.03 09:03:14.914,1.12942,1.12945,1.57,0.90
2022.02.03 09:03:20.053,1.12943,1.12946,0.90,0.90
2022.02.03 09:03:21.425,1.12942,1.12945,1.34,0.90
2022.02.03 09:03:21.527,1.12941,1.12944,0.90,0.90
2022.02.03 09:03:21.629,1.1294,1.12943,0.90,0.90
2022.02.03 09:03:21.732,1.12939,1.12942,0.90,0.90
2022.02.03 09:03:31.225,1.12938,1.12942,2.03,0.90
2022.02.03 09:03:33.666,1.12939,1.12942,0.90,0.90
2022.02.03 09:03:39.805,1.12937,1.12939,1.80,0.44
2022.02.03 09:03:39.857,1.12935,1.12937,1.67,0.90
2022.02.03 09:03:39.909,1.12936,1.12939,0.90,2.78
2022.02.03 09:03:40.011,1.12936,1.12938,0.90,0.12
2022.02.03 09:03:40.113,1.12934,1.12937,1.57,0.90
2022.02.03 09:03:43.540,1.12932,1.12934,1.34,0.90
2022.02.03 09:03:43.643,1.1293,1.12933,6.71,0.90
2022.02.03 09:03:43.745,1.1293,1.12932,0.90,0.90
2022.02.03 09:03:43.847,1.12929,1.12932,1.34,0.90
2022.02.03 09:03:47.371,1.12929,1.12931,1.67,1.88
2022.02.03 09:03:47.473,1.12929,1.12932,0.31,0.90
2022.02.03 09:03:48.830,1.12929,1.12933,1.44,0.98
2022.02.03 09:03:49.034,1.1293,1.12933,0.12,0.90
2022.02.03 09:03:51.337,1.12929,1.12933,1.44,1.44
2022.02.03 09:03:52.680,1.12931,1.12934,1.44,0.90
2022.02.03 09:03:52.783,1.12931,1.12933,0.12,0.90
2022.02.03 09:03:52.886,1.12931,1.12934,1.67,0.90
2022.02.03 09:03:52.988,1.12932,1.12934,1.67,1.44
2022.02.03 09:03:53.454,1.1293,1.12933,1.44,0.90
2022.02.03 09:03:53.556,1.12929,1.12932,0.12,0.90
2022.02.03 09:03:53.760,1.12928,1.12932,1.44,0.98
2022.02.03 09:03:57.135,1.12928,1.1293,0.12,0.90
2022.02.03 09:03:57.238,1.12925,1.12928,0.54,0.90
2022.02.03 09:03:57.340,1.12925,1.12927,2.34,0.90
2022.02.03 09:03:57.550,1.12926,1.12929,1.44,0.90
2022.02.03 09:03:57.652,1.12927,1.12929,0.77,0.90
2022.02.03 09:03:58.347,1.12928,1.12931,0.90,0.90
2022.02.03 09:04:00.684,1.12928,1.12929,1.34,0.90
2022.02.03 09:04:00.974,1.12928,1.12931,0.12,0.90
2022.02.03 09:04:07.022,1.12927,1.12931,2.11,0.90
2022.02.03 09:04:07.125,1.12928,1.12931,0.12,0.90
2022.02.03 09:04:09.137,1.12927,1.12931,1.88,0.90
2022.02.03 09:04:10.132,1.12927,1.1293,1.44,0.90
2022.02.03 09:04:10.235,1.12926,1.1293,1.44,0.90
2022.02.03 09:04:10.849,1.12927,1.1293,0.90,0.90
2022.02.03 09:04:14.659,1.12927,1.12931,1.88,0.90
2022.02.03 09:04:14.761,1.12928,1.12931,0.54,0.90
2022.02.03 09:04:17.461,1.1293,1.12931,0.44,0.90
2022.02.03 09:04:17.512,1.12931,1.12934,0.98,0.90
2022.02.03 09:04:17.564,1.12933,1.12935,1.88,1.80
2022.02.03 09:04:17.616,1.12934,1.12937,1.34,5.50
2022.02.03 09:04:17.718,1.12935,1.12936,1.34,1.88
2022.02.03 09:04:18.654,1.12934,1.12937,2.03,0.90
2022.02.03 09:04:21.573,1.12935,1.12938,0.98,0.90
2022.02.03 09:04:21.676,1.12936,1.12939,1.44,0.90
2022.02.03 09:04:21.778,1.12937,1.1294,0.12,0.90
2022.02.03 09:04:26.741,1.12936,1.12939,0.54,0.90
2022.02.03 09:04:26.792,1.12934,1.12938,2.65,0.98
2022.02.03 09:04:26.844,1.12934,1.12935,5.48,0.90
2022.02.03 09:04:26.946,1.12933,1.12935,0.98,0.90
2022.02.03 09:04:27.366,1.12932,1.12935,0.98,0.90
2022.02.03 09:04:31.132,1.1293,1.12932,1.44,0.90
2022.02.03 09:04:31.235,1.12929,1.12931,3.60,0.90
2022.02.03 09:04:31.364,1.12928,1.12931,1.80,0.90
2022.02.03 09:04:31.581,1.12926,1.12928,0.54,0.90
2022.02.03 09:04:31.684,1.12925,1.12927,0.90,0.90
2022.02.03 09:04:32.528,1.12924,1.12927,0.98,0.90
2022.02.03 09:04:35.772,1.12926,1.12929,1.44,0.90
2022.02.03 09:04:35.875,1.12927,1.1293,0.98,0.90
2022.02.03 09:04:37.456,1.12927,1.12931,0.98,1.67
2022.02.03 09:04:39.667,1.12927,1.1293,0.12,0.90
2022.02.03 09:04:46.989,1.12927,1.12931,1.44,0.98
2022.02.03 09:04:51.113,1.12928,1.12931,1.67,0.90
2022.02.03 09:04:51.165,1.12932,1.12934,1.44,8.51
2022.02.03 09:04:51.267,1.12933,1.12935,0.90,0.90
2022.02.03 09:04:51.420,1.12933,1.12936,0.90,0.90
2022.02.03 09:04:51.797,1.12932,1.12936,1.44,1.34
2022.02.03 09:04:55.080,1.12933,1.12936,0.90,1.44
2022.02.03 09:04:56.250,1.12933,1.12935,1.34,1.44
2022.02.03 09:05:03.311,1.12937,1.12938,1.44,2.57
2022.02.03 09:05:03.413,1.12938,1.1294,0.23,1.80
2022.02.03 09:05:03.617,1.12937,1.1294,2.11,0.90
2022.02.03 09:05:08.310,1.12938,1.1294,0.67,0.90
2022.02.03 09:05:10.292,1.12938,1.12941,1.57,0.90
2022.02.03 09:05:10.343,1.12939,1.12943,2.03,0.98
2022.02.03 09:05:11.421,1.12938,1.12941,2.21,0.90
2022.02.03 09:05:12.409,1.12937,1.12941,1.44,1.34
2022.02.03 09:05:14.151,1.12937,1.1294,1.44,0.90
2022.02.03 09:05:17.511,1.12938,1.12941,1.13,0.90
2022.02.03 09:05:18.056,1.12937,1.12941,3.01,0.90
2022.02.03 09:05:18.378,1.12935,1.12938,3.55,0.90
2022.02.03 09:05:19.798,1.12937,1.1294,0.90,0.90
2022.02.03 09:05:19.901,1.12936,1.12939,2.11,0.90
2022.02.03 09:05:20.758,1.12937,1.1294,0.90,0.90
2022.02.03 09:05:24.814,1.12938,1.12941,0.90,1.88
2022.02.03 09:05:24.976,1.12937,1.1294,0.90,0.90
2022.02.03 09:05:25.230,1.12937,1.12941,1.34,1.88
2022.02.03 09:05:26.186,1.12938,1.12941,0.90,0.90
2022.02.03 09:05:26.348,1.12939,1.12942,0.90,2.34
2022.02.03 09:05:30.577,1.12942,1.12943,0.90,3.24
2022.02.03 09:05:30.680,1.12943,1.12946,0.90,4.91
2022.02.03 09:05:39.011,1.12941,1.12944,0.90,1.34
2022.02.03 09:05:39.114,1.1294,1.12943,0.90,0.90
2022.02.03 09:05:39.165,1.12941,1.12945,3.01,0.90
2022.02.03 09:05:39.217,1.12943,1.12946,0.90,1.88
2022.02.03 09:05:40.302,1.12942,1.12946,1.34,2.34
2022.02.03 09:05:41.893,1.12941,1.12945,1.67,1.34
2022.02.03 09:05:45.557,1.12939,1.12942,0.90,0.90
2022.02.03 09:05:45.914,1.12938,1.1294,3.24,1.34
2022.02.03 09:05:49.047,1.12937,1.1294,0.90,0.44
2022.02.03 09:05:49.150,1.12936,1.12939,0.90,1.80
2022.02.03 09:05:49.252,1.12936,1.12938,1.21,1.80
2022.02.03 09:05:51.809,1.12933,1.12935,1.44,0.90
2022.02.03 09:05:53.318,1.12931,1.12934,0.90,1.34
2022.02.03 09:05:54.424,1.12928,1.12932,3.91,0.90
2022.02.03 09:05:56.905,1.12928,1.12931,0.90,0.90
2022.02.03 09:05:56.957,1.12928,1.12929,0.23,1.34
2022.02.03 09:05:57.008,1.12927,1.12931,0.90,2.78
2022.02.03 09:05:57.111,1.12928,1.12931,0.90,0.90
2022.02.03 09:05:57.450,1.12926,1.12929,0.90,1.34
2022.02.03 09:05:58.152,1.12923,1.12927,1.80,1.88
2022.02.03 09:05:58.356,1.12924,1.12927,0.90,0.90
2022.02.03 09:05:58.458,1.12925,1.12928,0.90,1.88
2022.02.03 09:05:59.185,1.12923,1.12927,0.98,1.80
2022.02.03 09:06:00.022,1.12924,1.12927,0.90,1.80
2022.02.03 09:06:00.124,1.12925,1.12928,0.90,1.88
2022.02.03 09:06:00.255,1.12926,1.12929,0.90,2.78
2022.02.03 09:06:00.697,1.12926,1.12928,0.90,0.44
2022.02.03 09:06:00.748,1.12924,1.12927,0.90,1.34
2022.02.03 09:06:01.206,1.12925,1.12928,0.90,0.90
2022.02.03 09:06:01.803,1.12924,1.12927,0.90,1.80
2022.02.03 09:06:02.007,1.12923,1.12927,0.90,1.88
2022.02.03 09:06:02.059,1.12922,1.12925,0.90,1.34
2022.02.03 09:06:02.161,1.12922,1.12924,0.90,0.44
2022.02.03 09:06:03.786,1.12923,1.12926,0.90,2.88
2022.02.03 09:06:04.715,1.12921,1.12925,0.90,2.78
2022.02.03 09:06:04.817,1.12922,1.12923,0.90,0.44
2022.02.03 09:06:05.202,1.12922,1.12925,0.90,0.44
2022.02.03 09:06:05.304,1.12922,1.12926,0.90,2.88
2022.02.03 09:06:06.224,1.12922,1.12925,0.90,3.24
2022.02.03 09:06:06.276,1.1292,1.12923,0.90,1.34
2022.02.03 09:06:06.480,1.1292,1.12924,0.90,6.35
2022.02.03 09:06:06.865,1.12921,1.12922,0.90,0.44
2022.02.03 09:06:06.967,1.1292,1.12922,0.90,0.44
2022.02.03 09:06:07.399,1.12919,1.12922,0.90,1.34
2022.02.03 09:06:08.138,1.12919,1.12921,0.90,0.44
2022.02.03 09:06:08.241,1.12918,1.1292,0.90,0.44
2022.02.03 09:06:08.293,1.12917,1.12918,0.90,0.90
2022.02.03 09:06:08.395,1.12914,1.12917,5.40,1.80
2022.02.03 09:06:08.498,1.12914,1.12916,0.90,0.44
2022.02.03 09:06:09.273,1.12913,1.12916,0.90,0.44
2022.02.03 09:06:09.482,1.12913,1.12917,0.98,1.80
2022.02.03 09:06:10.192,1.12916,1.12918,0.90,2.57
2022.02.03 09:06:10.295,1.12918,1.12921,0.90,4.81
2022.02.03 09:06:11.030,1.12918,1.1292,0.90,0.44
2022.02.03 09:06:11.312,1.12918,1.1292,0.90,2.70
2022.02.03 09:06:11.363,1.12916,1.12919,0.90,1.34
2022.02.03 09:06:12.783,1.12917,1.1292,0.90,1.34
2022.02.03 09:06:13.903,1.12917,1.12921,0.90,1.34
2022.02.03 09:06:14.259,1.12918,1.12921,0.90,1.34
2022.02.03 09:06:14.310,1.12916,1.1292,0.90,1.80
2022.02.03 09:06:14.463,1.12918,1.12919,0.90,0.44
2022.02.03 09:06:14.566,1.12918,1.12921,0.90,1.80
2022.02.03 09:06:17.185,1.12915,1.12918,0.98,0.90
2022.02.03 09:06:17.288,1.12914,1.12917,0.98,1.34
2022.02.03 09:06:17.964,1.12913,1.12917,0.98,1.44
2022.02.03 09:06:18.234,1.12913,1.12916,0.98,0.44
2022.02.03 09:06:18.871,1.12911,1.12914,0.98,0.44
2022.02.03 09:06:18.974,1.1291,1.12914,0.90,1.34
2022.02.03 09:06:19.127,1.12911,1.12914,0.90,1.34
2022.02.03 09:06:19.744,1.12913,1.12914,0.90,0.12
2022.02.03 09:06:19.846,1.12913,1.12916,0.90,2.34
2022.02.03 09:06:21.171,1.12911,1.12915,1.44,1.44
2022.02.03 09:06:21.273,1.12911,1.12914,0.98,0.90
2022.02.03 09:06:22.255,1.12913,1.12916,0.90,2.78
2022.02.03 09:06:23.940,1.12911,1.12914,0.90,0.98
2022.02.03 09:06:24.042,1.12911,1.12913,0.98,1.44
2022.02.03 09:06:24.202,1.12911,1.12915,0.98,4.01
2022.02.03 09:06:24.355,1.12912,1.12915,0.12,0.90
2022.02.03 09:06:24.863,1.12911,1.12915,0.98,1.88
2022.02.03 09:06:25.885,1.12911,1.12914,0.98,0.90
2022.02.03 09:06:26.044,1.1291,1.12913,0.90,0.98
2022.02.03 09:06:26.147,1.1291,1.12914,0.98,4.45
2022.02.03 09:06:26.249,1.12911,1.12914,0.90,0.98
2022.02.03 09:06:26.707,1.1291,1.12912,1.44,1.44
2022.02.03 09:06:28.132,1.12909,1.12912,0.12,0.90
2022.02.03 09:06:30.154,1.12909,1.12911,0.12,0.44
2022.02.03 09:06:30.257,1.12907,1.12911,3.55,1.34
2022.02.03 09:06:30.716,1.12909,1.12912,1.80,4.09
2022.02.03 09:06:33.167,1.12912,1.12915,0.90,4.99
2022.02.03 09:06:33.371,1.12912,1.12916,0.98,2.34
2022.02.03 09:06:33.876,1.12912,1.12915,0.98,0.90
2022.02.03 09:06:33.979,1.12911,1.12915,0.90,0.90
2022.02.03 09:06:34.081,1.12914,1.12915,0.90,1.88
2022.02.03 09:06:34.234,1.12912,1.12915,0.12,0.90
2022.02.03 09:06:34.949,1.12911,1.12914,1.88,0.90
2022.02.03 09:06:35.052,1.12911,1.12915,1.88,0.98
2022.02.03 09:06:35.576,1.12912,1.12915,0.90,0.98
2022.02.03 09:06:35.710,1.12912,1.12916,2.11,0.98
2022.02.03 09:06:36.576,1.12913,1.12916,0.90,0.12
2022.02.03 09:06:36.678,1.12913,1.12917,0.98,2.78
2022.02.03 09:06:37.585,1.12918,1.12919,1.34,4.55
2022.02.03 09:06:37.687,1.12918,1.12921,0.90,1.88
2022.02.03 09:06:37.848,1.12919,1.12921,0.90,0.90
2022.02.03 09:06:37.950,1.12919,1.12922,0.90,1.88
2022.02.03 09:06:38.053,1.12918,1.12921,0.98,0.90
2022.02.03 09:06:38.155,1.12917,1.12921,1.44,1.44
2022.02.03 09:06:40.290,1.12918,1.12921,0.98,0.90
2022.02.03 09:06:42.561,1.12918,1.1292,0.98,1.88
2022.02.03 09:06:42.898,1.12918,1.12921,0.90,0.98
2022.02.03 09:06:47.966,1.12917,1.1292,1.13,0.44
2022.02.03 09:06:48.068,1.12918,1.1292,0.90,1.34
2022.02.03 09:06:48.171,1.12918,1.12921,0.90,1.34
2022.02.03 09:06:55.914,1.12917,1.1292,0.12,0.90
2022.02.03 09:06:56.016,1.12917,1.12919,1.44,1.34
2022.02.03 09:06:59.425,1.12917,1.12918,0.12,0.90
2022.02.03 09:07:01.057,1.12916,1.12918,0.12,0.90
2022.02.03 09:07:01.109,1.12914,1.12916,1.21,0.90
2022.02.03 09:07:01.424,1.12912,1.12915,0.98,0.90
2022.02.03 09:07:01.526,1.12911,1.12915,2.57,0.90
2022.02.03 09:07:02.165,1.12912,1.12915,0.44,0.90
2022.02.03 09:07:03.811,1.1291,1.12913,2.11,0.90
2022.02.03 09:07:03.913,1.12912,1.12913,0.90,0.90
2022.02.03 09:07:04.371,1.12911,1.12915,3.01,0.90
2022.02.03 09:07:04.473,1.12912,1.12916,1.44,0.90
2022.02.03 09:07:04.801,1.12913,1.12917,0.98,1.80
2022.02.03 09:07:04.955,1.12916,1.12919,1.44,0.90
2022.02.03 09:07:05.057,1.12917,1.1292,0.54,0.90
2022.02.03 09:07:05.292,1.12918,1.12922,0.90,1.80
2022.02.03 09:07:05.511,1.12918,1.12921,0.90,0.44
2022.02.03 09:07:05.666,1.12918,1.1292,0.90,0.44
2022.02.03 09:07:06.502,1.12918,1.12921,0.90,1.80
2022.02.03 09:07:07.263,1.12917,1.12921,0.98,1.80
2022.02.03 09:07:10.213,1.12917,1.1292,0.98,0.44
2022.02.03 09:07:10.366,1.12917,1.12921,0.98,1.80
2022.02.03 09:07:11.603,1.12917,1.12919,3.01,0.90
2022.02.03 09:07:11.705,1.12917,1.1292,1.80,0.90
2022.02.03 09:07:11.858,1.12918,1.12921,0.90,1.34
2022.02.03 09:07:13.225,1.12917,1.12919,0.44,1.44
2022.02.03 09:07:13.328,1.12917,1.1292,0.90,1.44
2022.02.03 09:07:13.430,1.12918,1.12921,0.90,1.44
2022.02.03 09:07:14.390,1.12918,1.1292,0.90,0.44
2022.02.03 09:07:16.503,1.12917,1.1292,0.98,1.34
2022.02.03 09:07:17.005,1.12917,1.12921,0.98,1.80
2022.02.03 09:07:17.108,1.12918,1.12921,0.98,0.90
2022.02.03 09:07:22.579,1.12918,1.1292,0.90,0.44
2022.02.03 09:07:22.682,1.12918,1.12921,0.90,1.34
2022.02.03 09:07:24.444,1.12917,1.1292,2.34,0.90
2022.02.03 09:07:27.095,1.12919,1.1292,0.90,0.90
2022.02.03 09:07:28.606,1.12919,1.12922,0.90,0.90
2022.02.03 09:07:31.213,1.12918,1.12921,0.90,1.34
2022.02.03 09:07:31.799,1.12917,1.12921,1.44,1.34
2022.02.03 09:07:42.715,1.12918,1.12921,0.90,0.90
2022.02.03 09:07:55.821,1.12917,1.12921,1.44,0.90
2022.02.03 09:07:55.928,1.12918,1.12921,0.12,0.90
2022.02.03 09:07:57.523,1.12921,1.12923,0.12,2.57
2022.02.03 09:07:57.625,1.12922,1.12925,0.98,0.90
2022.02.03 09:07:58.221,1.12922,1.12926,0.98,0.90
2022.02.03 09:07:58.600,1.12923,1.12926,0.90,0.90
2022.02.03 09:08:02.151,1.12922,1.12925,0.98,0.90
2022.02.03 09:08:03.175,1.12923,1.12926,0.90,0.90
2022.02.03 09:08:06.177,1.12922,1.12925,1.44,0.90
2022.02.03 09:08:08.026,1.12922,1.12923,0.98,0.44
2022.02.03 09:08:08.077,1.12919,1.12922,0.12,0.90
2022.02.03 09:08:08.180,1.12918,1.12921,0.90,0.90
2022.02.03 09:08:08.282,1.12918,1.1292,0.90,0.90
2022.02.03 09:08:08.384,1.12917,1.12921,1.44,0.90
2022.02.03 09:08:12.829,1.12918,1.12921,0.44,0.90
2022.02.03 09:08:15.986,1.12917,1.12921,1.88,1.34
2022.02.03 09:08:16.407,1.12917,1.1292,2.34,0.90
2022.02.03 09:08:16.510,1.12918,1.12921,1.44,0.90
2022.02.03 09:08:21.221,1.12921,1.12924,2.03,4.01
2022.02.03 09:08:21.324,1.12923,1.12926,2.24,1.80
2022.02.03 09:08:21.478,1.12924,1.12926,0.90,0.90
2022.02.03 09:08:22.337,1.12924,1.12927,0.90,1.34
2022.02.03 09:08:23.264,1.12925,1.12929,1.88,2.24
2022.02.03 09:08:23.366,1.12926,1.12929,0.90,1.80
2022.02.03 09:08:23.468,1.12925,1.12929,1.88,1.80
2022.02.03 09:08:25.607,1.12925,1.12928,1.44,0.90
2022.02.03 09:08:26.751,1.12925,1.12927,1.44,0.90
2022.02.03 09:08:26.803,1.12925,1.12929,0.98,1.80
2022.02.03 09:08:26.854,1.12923,1.12926,0.90,1.34
2022.02.03 09:08:26.956,1.12922,1.12926,1.44,1.34
2022.02.03 09:08:27.059,1.12923,1.12926,0.12,0.90
2022.02.03 09:08:29.041,1.12922,1.12926,1.44,1.80
2022.02.03 09:08:29.144,1.12922,1.12925,1.34,0.90
2022.02.03 09:08:31.318,1.1292,1.12922,0.12,0.90
2022.02.03 09:08:32.169,1.12918,1.1292,1.31,0.90
2022.02.03 09:08:32.284,1.12917,1.1292,3.78,0.90
2022.02.03 09:08:32.488,1.12918,1.1292,0.12,0.90
2022.02.03 09:08:32.679,1.12919,1.1292,0.98,0.90
2022.02.03 09:08:33.928,1.1292,1.12922,0.90,0.44
2022.02.03 09:08:34.031,1.12919,1.12921,0.12,0.90
2022.02.03 09:08:34.952,1.12918,1.12921,1.44,0.90
2022.02.03 09:08:38.243,1.12915,1.12919,5.89,0.90
2022.02.03 09:08:38.525,1.12916,1.12919,0.90,0.90
2022.02.03 09:08:38.627,1.12917,1.1292,1.88,0.90
2022.02.03 09:08:39.636,1.12918,1.12921,0.90,1.34
2022.02.03 09:08:46.272,1.12919,1.12921,0.90,0.90
2022.02.03 09:08:48.517,1.1292,1.12922,0.90,0.90
2022.02.03 09:08:48.973,1.1292,1.12923,0.90,2.78
2022.02.03 09:08:52.486,1.12918,1.12921,0.54,0.44
2022.02.03 09:08:52.766,1.1292,1.12923,0.90,2.47
2022.02.03 09:08:52.887,1.12918,1.12921,0.54,0.44
2022.02.03 09:08:53.051,1.1292,1.12921,0.90,0.44
2022.02.03 09:08:56.069,1.1292,1.12921,0.90,0.44
2022.02.03 09:08:56.398,1.12918,1.12921,0.12,0.44
2022.02.03 09:08:56.530,1.1292,1.12922,0.90,1.34
2022.02.03 09:08:56.746,1.12919,1.12922,0.90,1.80
2022.02.03 09:08:56.848,1.12919,1.1292,0.90,0.44
2022.02.03 09:08:58.698,1.12919,1.12922,0.90,1.80
2022.02.03 09:09:01.730,1.12918,1.12922,0.90,1.80
2022.02.03 09:09:01.906,1.12918,1.12921,0.90,0.44
2022.02.03 09:09:02.160,1.12918,1.12922,0.90,1.80
2022.02.03 09:09:03.531,1.12918,1.12921,0.90,0.44
2022.02.03 09:09:06.325,1.12915,1.12918,3.47,0.90
2022.02.03 09:09:06.605,1.12914,1.12917,0.98,0.90
2022.02.03 09:09:07.790,1.12913,1.12916,0.90,1.34
2022.02.03 09:09:07.892,1.1291,1.12913,3.24,1.34
2022.02.03 09:09:07.995,1.1291,1.12912,1.80,0.44
2022.02.03 09:09:08.714,1.1291,1.12914,1.34,2.47
2022.02.03 09:09:08.817,1.12911,1.12914,1.80,2.03
2022.02.03 09:09:08.919,1.12911,1.12913,0.90,2.70
2022.02.03 09:09:08.971,1.12908,1.12912,4.09,1.34
2022.02.03 09:09:09.073,1.12908,1.12911,2.34,0.44
2022.02.03 09:09:10.364,1.12907,1.12909,0.90,0.44
2022.02.03 09:09:10.415,1.12905,1.12907,1.21,0.90
2022.02.03 09:09:10.467,1.12902,1.12904,4.50,4.58
2022.02.03 09:09:10.569,1.129,1.12903,0.90,0.90
2022.02.03 09:09:10.774,1.12901,1.12903,0.90,0.90
2022.02.03 09:09:10.927,1.12902,1.12905,0.90,3.47
2022.02.03 09:09:11.030,1.12901,1.12905,0.90,2.24
2022.02.03 09:09:11.132,1.129,1.12903,0.90,0.44
2022.02.03 09:09:12.111,1.12901,1.12904,0.90,1.13
2022.02.03 09:09:12.315,1.12902,1.12904,0.44,0.90
2022.02.03 09:09:12.366,1.12903,1.12905,1.34,3.60
2022.02.03 09:09:12.418,1.12904,1.12906,0.90,1.80
2022.02.03 09:09:12.846,1.12904,1.12907,0.90,1.80
2022.02.03 09:09:14.351,1.12904,1.12906,0.90,0.44
2022.02.03 09:09:16.254,1.12903,1.12906,0.90,1.34
2022.02.03 09:09:21.258,1.12902,1.12905,1.44,0.90
2022.02.03 09:09:21.424,1.12902,1.12906,1.88,0.90
2022.02.03 09:09:28.996,1.12905,1.12908,2.34,0.90
2022.02.03 09:09:29.098,1.12907,1.12909,1.44,2.34
2022.02.03 09:09:29.200,1.12907,1.1291,0.90,1.80
2022.02.03 09:09:31.909,1.12905,1.12908,0.98,0.90
2022.02.03 09:09:32.011,1.12904,1.12906,0.90,0.90
2022.02.03 09:09:32.483,1.12904,1.12905,0.90,0.90
2022.02.03 09:09:47.915,1.12905,1.12908,0.90,1.34
2022.02.03 09:09:48.018,1.12907,1.1291,1.44,0.90
2022.02.03 09:09:48.120,1.12908,1.1291,0.12,0.90
2022.02.03 09:09:48.746,1.12909,1.12912,0.90,1.88
2022.02.03 09:09:48.848,1.12908,1.12911,0.98,0.90
2022.02.03 09:09:49.841,1.12907,1.12911,1.44,1.44
2022.02.03 09:09:50.804,1.12905,1.12908,1.88,0.90
2022.02.03 09:09:50.906,1.12905,1.12909,1.44,1.44
2022.02.03 09:09:51.387,1.12906,1.12909,0.90,0.98
2022.02.03 09:09:51.489,1.12907,1.1291,0.90,0.12
2022.02.03 09:09:51.744,1.12908,1.1291,0.90,0.12
2022.02.03 09:09:51.846,1.12908,1.12911,0.90,0.54
2022.02.03 09:09:52.428,1.12908,1.12912,0.98,2.34
2022.02.03 09:09:53.590,1.1291,1.12913,0.90,0.98
2022.02.03 09:09:53.692,1.12911,1.12915,1.44,2.88
2022.02.03 09:09:54.522,1.12912,1.12915,0.90,0.98
2022.02.03 09:09:54.727,1.12913,1.12916,0.90,0.12
2022.02.03 09:09:54.880,1.12913,1.12917,0.98,3.78
2022.02.03 09:10:01.099,1.12914,1.12917,0.44,3.24
2022.02.03 09:10:02.904,1.12915,1.12917,0.44,1.34
2022.02.03 09:10:03.007,1.12916,1.12919,0.90,0.98
2022.02.03 09:10:03.109,1.12915,1.12918,1.88,0.90
2022.02.03 09:10:05.616,1.12916,1.12918,0.44,0.90
2022.02.03 09:10:07.832,1.12915,1.12918,3.24,0.90
2022.02.03 09:10:08.186,1.12915,1.12917,0.12,0.90
2022.02.03 09:10:08.289,1.12914,1.12917,1.88,0.90
2022.02.03 09:10:08.442,1.12915,1.12918,0.90,0.98
2022.02.03 09:10:11.517,1.12917,1.12919,0.44,2.57
2022.02.03 09:10:11.619,1.12919,1.1292,0.90,1.98
2022.02.03 09:10:12.340,1.12918,1.12922,0.98,3.47
2022.02.03 09:10:12.800,1.1292,1.12923,1.34,2.11
2022.02.03 09:10:13.004,1.12921,1.12925,1.88,2.78
2022.02.03 09:10:13.158,1.12921,1.12924,0.98,0.90
2022.02.03 09:10:13.260,1.1292,1.12923,0.98,0.90
2022.02.03 09:10:13.464,1.12919,1.12922,0.98,0.90
2022.02.03 09:10:18.408,1.12919,1.12921,1.88,0.90
2022.02.03 09:10:18.511,1.12915,1.12919,5.48,2.78
2022.02.03 09:10:18.563,1.12915,1.12917,0.90,0.90
2022.02.03 09:10:18.817,1.12913,1.12916,0.98,0.90
2022.02.03 09:10:23.235,1.12912,1.12913,0.98,1.34
2022.02.03 09:10:24.757,1.1291,1.12913,1.88,0.44
2022.02.03 09:10:24.860,1.12909,1.12912,1.44,0.90
2022.02.03 09:10:25.094,1.1291,1.12912,0.12,0.90
2022.02.03 09:10:25.146,1.12912,1.12913,0.90,0.54
2022.02.03 09:10:25.262,1.12911,1.12915,1.44,0.98
2022.02.03 09:10:26.356,1.12913,1.12916,0.90,0.54
2022.02.03 09:10:27.817,1.12913,1.12917,1.44,2.57
2022.02.03 09:10:29.734,1.12914,1.12917,0.90,1.44
2022.02.03 09:10:30.253,1.12912,1.12915,0.90,0.54
2022.02.03 09:10:30.356,1.12911,1.12914,0.98,0.90
2022.02.03 09:10:30.825,1.12911,1.12915,0.98,2.34
2022.02.03 09:10:31.605,1.1291,1.12913,0.98,0.90
2022.02.03 09:10:33.218,1.12912,1.12914,0.44,0.90
2022.02.03 09:10:33.269,1.12913,1.12916,0.90,1.21
2022.02.03 09:10:34.975,1.12914,1.12917,0.90,2.34
2022.02.03 09:10:48.442,1.12914,1.12915,0.90,2.34
2022.02.03 09:10:48.544,1.12914,1.12917,1.80,1.88
2022.02.03 09:10:48.596,1.12916,1.12918,1.34,2.57
2022.02.03 09:10:48.698,1.12915,1.12919,2.11,1.34
2022.02.03 09:10:48.851,1.12917,1.12919,0.90,3.68
2022.02.03 09:10:52.784,1.12917,1.12921,1.44,0.90
2022.02.03 09:10:53.219,1.12918,1.12921,0.90,1.34
2022.02.03 09:10:53.321,1.12917,1.1292,0.90,1.34
2022.02.03 09:11:02.762,1.12918,1.12921,0.90,0.90
2022.02.03 09:11:03.600,1.12917,1.1292,1.88,0.90
2022.02.03 09:11:14.042,1.12919,1.1292,0.90,1.34
2022.02.03 09:11:18.195,1.12917,1.1292,0.98,0.90
2022.02.03 09:11:19.337,1.12914,1.12919,3.32,2.34
2022.02.03 09:11:19.439,1.12914,1.12918,3.32,0.90
2022.02.03 09:11:19.755,1.12914,1.12917,1.88,0.90
2022.02.03 09:11:30.733,1.12915,1.12918,2.11,0.90
2022.02.03 09:11:30.784,1.12917,1.12921,0.90,5.89
2022.02.03 09:11:30.887,1.12918,1.12921,0.90,1.44
2022.02.03 09:11:32.698,1.12919,1.12922,0.90,2.70
2022.02.03 09:11:38.478,1.12918,1.12921,1.44,0.90
2022.02.03 09:11:38.581,1.12917,1.1292,1.34,0.90
2022.02.03 09:11:44.148,1.12918,1.12921,0.90,0.90
2022.02.03 09:11:48.023,1.12921,1.12923,0.12,0.90
2022.02.03 09:11:48.125,1.12921,1.12924,0.98,0.90
2022.02.03 09:11:49.251,1.1292,1.12923,0.98,1.34
2022.02.03 09:11:49.353,1.12919,1.12922,2.42,0.90
2022.02.03 09:11:50.245,1.1292,1.12923,0.98,0.90
2022.02.03 09:11:51.034,1.12919,1.12922,0.98,0.90
2022.02.03 09:11:52.924,1.1292,1.12922,0.90,0.90
2022.02.03 09:11:52.976,1.12924,1.12926,0.23,0.54
2022.02.03 09:11:56.080,1.12924,1.12927,1.34,0.90
2022.02.03 09:11:59.813,1.12923,1.12927,1.44,2.47
2022.02.03 09:11:59.916,1.12922,1.12924,0.12,0.90
2022.02.03 09:12:00.070,1.12923,1.12926,0.12,0.90
2022.02.03 09:12:01.836,1.12924,1.12927,3.24,0.90
2022.02.03 09:12:02.040,1.12925,1.12927,0.54,0.90
2022.02.03 09:12:02.334,1.12926,1.1293,0.44,1.44
2022.02.03 09:12:02.386,1.12925,1.12928,0.44,0.90
2022.02.03 09:12:02.488,1.12923,1.12926,0.98,0.90
2022.02.03 09:12:03.382,1.12922,1.12924,1.34,0.90
2022.02.03 09:12:03.801,1.12921,1.12923,1.21,0.90
2022.02.03 09:12:03.904,1.12922,1.12924,0.90,0.90
2022.02.03 09:12:05.047,1.1292,1.12924,2.34,1.80
2022.02.03 09:12:05.353,1.1292,1.12923,3.01,0.90
2022.02.03 09:12:06.190,1.1292,1.12924,4.37,1.80
2022.02.03 09:12:07.225,1.12921,1.12923,0.44,0.90
2022.02.03 09:12:07.328,1.12922,1.12924,0.90,0.90
2022.02.03 09:12:10.050,1.12921,1.12924,1.44,1.80
2022.02.03 09:12:10.161,1.12922,1.12924,0.90,0.90
2022.02.03 09:12:10.778,1.12921,1.12924,1.44,1.80
2022.02.03 09:12:13.183,1.12919,1.12922,0.90,0.90
2022.02.03 09:12:15.093,1.12918,1.12919,1.44,1.88
2022.02.03 09:12:15.144,1.12918,1.12922,1.67,2.78
2022.02.03 09:12:15.247,1.12919,1.12922,0.12,0.90
2022.02.03 09:12:17.835,1.12921,1.12922,1.44,0.90
2022.02.03 09:12:17.989,1.12922,1.12924,0.90,0.90
2022.02.03 09:12:19.673,1.12923,1.12926,0.98,0.90
2022.02.03 09:12:19.775,1.12927,1.12928,0.90,2.78
2022.02.03 09:12:19.827,1.12928,1.1293,0.90,0.90
2022.02.03 09:12:19.930,1.12928,1.12931,1.44,1.80
2022.02.03 09:12:21.252,1.12929,1.12932,0.90,3.68
2022.02.03 09:12:21.789,1.12929,1.12931,0.90,0.67
2022.02.03 09:12:22.028,1.12927,1.1293,0.98,0.90
2022.02.03 09:12:23.366,1.12926,1.12929,0.90,0.90
2022.02.03 09:12:23.522,1.12925,1.12928,1.88,0.90
2022.02.03 09:12:23.624,1.12924,1.12927,0.90,0.90
2022.02.03 09:12:23.778,1.12924,1.12925,0.90,0.90
2022.02.03 09:12:28.083,1.12924,1.12927,0.90,1.44
2022.02.03 09:12:32.240,1.12923,1.12926,0.90,0.90
2022.02.03 09:12:32.735,1.12922,1.12923,1.44,1.34
2022.02.03 09:12:32.838,1.12924,1.12927,0.90,2.78
2022.02.03 09:12:34.155,1.12923,1.12926,0.90,0.90
2022.02.03 09:12:36.242,1.12924,1.12927,0.90,3.01
2022.02.03 09:12:36.529,1.12924,1.12926,0.90,0.44
2022.02.03 09:12:39.285,1.12924,1.12925,0.90,0.90
2022.02.03 09:12:39.615,1.12924,1.12925,0.90,0.90
2022.02.03 09:12:39.945,1.12922,1.12924,0.54,0.90
2022.02.03 09:12:40.207,1.12924,1.12925,0.90,0.90
2022.02.03 09:12:40.259,1.12924,1.12925,0.90,1.34
2022.02.03 09:12:40.310,1.12924,1.12925,0.90,0.90
2022.02.03 09:12:40.362,1.12925,1.12927,0.90,1.34
2022.02.03 09:12:40.413,1.12926,1.12928,0.90,2.65
2022.02.03 09:12:40.669,1.12928,1.12929,0.90,1.34
2022.02.03 09:12:40.772,1.12928,1.12931,0.90,2.78
2022.02.03 09:12:41.627,1.12929,1.12931,0.90,0.44
2022.02.03 09:12:49.696,1.12932,1.12935,0.90,1.88
2022.02.03 09:12:49.799,1.12933,1.12935,0.90,0.54
2022.02.03 09:12:49.901,1.12933,1.12936,0.90,1.80
2022.02.03 09:12:53.034,1.12934,1.12936,0.90,0.44
2022.02.03 09:12:56.810,1.12934,1.12937,0.90,0.98
2022.02.03 09:12:56.913,1.12935,1.12937,0.90,0.54
2022.02.03 09:12:57.015,1.12934,1.12937,0.90,1.44
2022.02.03 09:12:58.098,1.12934,1.12936,0.90,0.44
2022.02.03 09:12:58.201,1.12933,1.12936,0.90,1.44
2022.02.03 09:13:04.132,1.12934,1.12936,0.90,0.98
2022.02.03 09:13:05.800,1.12934,1.12937,1.34,2.34
2022.02.03 09:13:05.902,1.12936,1.12937,0.54,0.90
2022.02.03 09:13:05.954,1.12937,1.12939,0.90,0.90
2022.02.03 09:13:06.107,1.12937,1.1294,0.90,1.44
2022.02.03 09:13:06.258,1.12937,1.12939,0.90,0.90
2022.02.03 09:13:06.574,1.12937,1.1294,0.90,2.70
2022.02.03 09:13:07.670,1.12937,1.12939,0.90,0.44
2022.02.03 09:13:07.722,1.12935,1.12936,0.98,1.34
2022.02.03 09:13:08.967,1.12934,1.12935,0.90,0.90
2022.02.03 09:13:11.815,1.12934,1.12936,0.90,0.90
2022.02.03 09:13:11.917,1.12934,1.12937,0.90,2.24
2022.02.03 09:13:15.829,1.12934,1.12936,0.90,2.24
2022.02.03 09:13:16.194,1.12931,1.12934,0.90,2.78
2022.02.03 09:13:16.245,1.12929,1.12932,3.32,1.34
2022.02.03 09:13:19.828,1.12929,1.12931,0.90,0.90
2022.02.03 09:13:20.034,1.12928,1.12931,0.90,1.80
2022.02.03 09:13:23.189,1.12929,1.12931,0.90,0.12
2022.02.03 09:13:26.614,1.12928,1.12931,0.90,2.78
2022.02.03 09:13:26.716,1.12927,1.1293,0.98,3.14
2022.02.03 09:13:26.768,1.12925,1.12926,1.88,0.90
2022.02.03 09:13:26.972,1.12923,1.12926,1.88,1.34
2022.02.03 09:13:27.125,1.12925,1.12926,0.90,2.34
2022.02.03 09:13:27.457,1.12923,1.12926,1.88,1.34
2022.02.03 09:13:28.008,1.12921,1.12924,0.98,1.34
2022.02.03 09:13:30.133,1.1292,1.12923,0.90,2.57
2022.02.03 09:13:40.245,1.1292,1.12921,0.98,3.14
2022.02.03 09:13:41.084,1.12919,1.12922,0.90,0.98
2022.02.03 09:13:53.973,1.12918,1.1292,2.11,1.21
2022.02.03 09:13:54.025,1.12911,1.12914,1.88,0.90
2022.02.03 09:13:54.127,1.12912,1.12915,3.11,0.90
2022.02.03 09:13:54.261,1.12912,1.12914,0.90,2.34
2022.02.03 09:13:55.102,1.12911,1.12914,0.90,2.78
2022.02.03 09:13:59.042,1.1291,1.12913,1.88,0.90
2022.02.03 09:13:59.464,1.12908,1.12911,0.90,2.03
2022.02.03 09:13:59.566,1.12907,1.12909,2.70,1.88
2022.02.03 09:13:59.618,1.12904,1.12907,0.12,0.90
2022.02.03 09:13:59.720,1.12903,1.12906,1.80,1.34
2022.02.03 09:14:03.723,1.129,1.12903,1.34,0.90
2022.02.03 09:14:03.825,1.129,1.12902,0.90,0.44
2022.02.03 09:14:04.794,1.129,1.12902,0.90,2.78
2022.02.03 09:14:04.897,1.12901,1.12904,1.67,0.90
2022.02.03 09:14:05.000,1.12903,1.12906,0.90,1.80
2022.02.03 09:14:05.204,1.12904,1.12906,1.67,0.90
2022.02.03 09:14:05.255,1.12906,1.12909,0.90,0.90
2022.02.03 09:14:05.358,1.12907,1.1291,1.44,0.90
2022.02.03 09:14:05.865,1.12908,1.12911,0.90,0.90
2022.02.03 09:14:07.589,1.1291,1.12913,0.90,2.47
2022.02.03 09:14:07.691,1.12913,1.12914,0.90,4.45
2022.02.03 09:14:07.793,1.12911,1.12914,0.90,0.90
2022.02.03 09:14:08.725,1.12909,1.12912,0.90,1.34
2022.02.03 09:14:09.153,1.12909,1.12911,0.90,0.90
2022.02.03 09:14:09.204,1.12905,1.12907,2.24,0.90
2022.02.03 09:14:09.307,1.12902,1.12904,1.21,0.90
2022.02.03 09:14:09.367,1.129,1.12903,0.90,1.34
2022.02.03 09:14:09.419,1.12899,1.12901,0.90,0.80
2022.02.03 09:14:09.521,1.12897,1.129,0.90,0.90
2022.02.03 09:14:09.879,1.12896,1.12899,0.90,1.57
2022.02.03 09:14:10.032,1.12897,1.129,0.90,2.47
2022.02.03 09:14:11.077,1.12896,1.12899,1.44,0.90
2022.02.03 09:14:11.802,1.12895,1.12898,0.98,0.90
2022.02.03 09:14:11.904,1.12894,1.12897,0.90,2.57
2022.02.03 09:14:12.123,1.12893,1.12896,0.90,1.88
2022.02.03 09:14:12.174,1.12892,1.12894,0.90,0.90
2022.02.03 09:14:12.327,1.12892,1.12895,1.80,0.90
2022.02.03 09:14:13.978,1.12894,1.12897,0.90,2.57
2022.02.03 09:14:14.081,1.12896,1.12899,0.90,1.57
2022.02.03 09:14:14.183,1.12897,1.129,0.90,1.88
2022.02.03 09:14:14.388,1.12899,1.12902,0.90,4.45
2022.02.03 09:14:16.569,1.12901,1.12904,0.90,3.01
2022.02.03 09:14:16.773,1.12902,1.12905,0.90,0.90
2022.02.03 09:14:17.883,1.12902,1.12903,0.98,0.90
2022.02.03 09:14:18.262,1.129,1.12903,0.90,0.90
2022.02.03 09:14:18.416,1.12899,1.12902,0.90,0.90
2022.02.03 09:14:22.360,1.12898,1.12901,0.12,2.24
2022.02.03 09:14:22.463,1.12895,1.12898,2.65,0.90
2022.02.03 09:14:22.565,1.12896,1.12899,0.90,1.88
2022.02.03 09:14:25.902,1.12896,1.12897,1.44,0.44
2022.02.03 09:14:26.483,1.12895,1.12897,0.90,0.44
2022.02.03 09:14:28.147,1.12896,1.12899,0.90,3.32
2022.02.03 09:14:28.249,1.12897,1.12899,0.90,0.62
2022.02.03 09:14:28.352,1.12897,1.129,0.90,0.98
2022.02.03 09:14:29.574,1.12897,1.12899,0.90,0.44
2022.02.03 09:14:30.002,1.12897,1.129,0.90,1.88
2022.02.03 09:14:30.587,1.12897,1.12899,0.90,0.44
2022.02.03 09:14:31.656,1.12896,1.12899,0.98,1.34
2022.02.03 09:14:41.037,1.12897,1.129,0.90,0.98
2022.02.03 09:14:42.619,1.12898,1.129,0.90,0.44
2022.02.03 09:14:44.149,1.12897,1.129,0.98,1.80
2022.02.03 09:14:46.462,1.12898,1.129,0.90,1.80
2022.02.03 09:14:47.503,1.12897,1.129,0.90,2.78
2022.02.03 09:15:01.710,1.12899,1.12902,3.83,0.90
2022.02.03 09:15:01.761,1.12904,1.12906,0.98,2.57
2022.02.03 09:15:01.873,1.12906,1.12908,0.90,4.50
2022.02.03 09:15:01.975,1.12905,1.12909,0.90,3.01
2022.02.03 09:15:02.131,1.12906,1.12907,0.90,0.44
2022.02.03 09:15:02.564,1.12907,1.12909,0.90,0.44
2022.02.03 09:15:02.666,1.12907,1.1291,0.90,2.57
2022.02.03 09:15:03.215,1.12907,1.12909,0.90,0.44
2022.02.03 09:15:03.419,1.12905,1.12908,0.90,1.67
2022.02.03 09:15:03.521,1.12905,1.12907,0.90,0.44
2022.02.03 09:15:05.128,1.12904,1.12907,0.90,1.44
2022.02.03 09:15:07.524,1.12902,1.12904,1.88,2.70
2022.02.03 09:15:07.576,1.12903,1.12906,0.90,1.44
2022.02.03 09:15:07.678,1.12903,1.12905,0.90,0.77
2022.02.03 09:15:11.332,1.12904,1.12906,0.90,0.54
2022.02.03 09:15:11.485,1.12903,1.12905,0.90,0.44
2022.02.03 09:15:12.096,1.12902,1.12904,0.90,1.44
2022.02.03 09:15:12.564,1.12903,1.12905,0.90,0.54
2022.02.03 09:15:14.024,1.12904,1.12907,0.90,3.47
2022.02.03 09:15:14.127,1.12905,1.12907,0.90,0.77
2022.02.03 09:15:18.146,1.12902,1.12906,0.44,0.54
2022.02.03 09:15:18.258,1.12901,1.12904,1.80,2.78
2022.02.03 09:15:18.360,1.12901,1.12903,1.80,1.88
2022.02.03 09:15:18.411,1.12898,1.12902,0.90,1.67
2022.02.03 09:15:18.514,1.12899,1.12901,0.90,0.44
2022.02.03 09:15:19.251,1.12899,1.12902,0.90,1.34
2022.02.03 09:15:19.354,1.129,1.12903,0.90,0.44
2022.02.03 09:15:19.405,1.12902,1.12904,0.90,0.44
2022.02.03 09:15:19.508,1.12903,1.12905,0.90,0.44
2022.02.03 09:15:19.610,1.12904,1.12905,0.44,1.34
2022.02.03 09:15:20.410,1.12905,1.12907,0.90,0.44
2022.02.03 09:15:21.995,1.12904,1.12907,0.90,2.70
2022.02.03 09:15:22.097,1.12904,1.12905,0.90,0.67
2022.02.03 09:15:22.995,1.12904,1.12907,0.90,3.91
2022.02.03 09:15:23.097,1.12904,1.12906,0.90,0.44
2022.02.03 09:15:23.513,1.12903,1.12905,0.90,0.44
2022.02.03 09:15:23.768,1.12903,1.12906,0.90,1.80
2022.02.03 09:15:23.870,1.12904,1.12907,0.90,1.34
2022.02.03 09:15:24.334,1.12905,1.12908,0.90,2.24
2022.02.03 09:15:24.437,1.12906,1.12909,0.90,4.81
2022.02.03 09:15:24.659,1.12906,1.12908,0.90,0.44
2022.02.03 09:15:24.761,1.12905,1.12907,0.90,0.44
2022.02.03 09:15:24.914,1.12905,1.12908,0.90,1.80
2022.02.03 09:15:25.016,1.12906,1.12909,1.80,0.90
2022.02.03 09:15:25.068,1.12907,1.12911,0.54,1.44
2022.02.03 09:15:25.170,1.1291,1.12912,0.90,0.90
2022.02.03 09:15:27.223,1.12909,1.12912,0.90,2.24
2022.02.03 09:15:29.582,1.12909,1.12911,0.90,0.90
2022.02.03 09:15:29.685,1.12909,1.12912,0.90,1.34
2022.02.03 09:15:31.431,1.12912,1.12914,0.90,0.90
2022.02.03 09:15:31.482,1.12914,1.12916,0.90,4.45
2022.02.03 09:15:31.636,1.12914,1.12917,0.90,1.34
2022.02.03 09:15:32.901,1.12915,1.12916,0.90,0.44
2022.02.03 09:15:34.515,1.12915,1.12918,0.90,1.34
2022.02.03 09:15:34.807,1.12915,1.12917,0.90,0.90
2022.02.03 09:15:36.213,1.12915,1.12918,0.90,1.34
2022.02.03 09:15:38.196,1.12918,1.12921,0.90,4.91
2022.02.03 09:15:38.299,1.1292,1.12922,1.34,0.90
2022.02.03 09:15:38.401,1.1292,1.12923,1.34,2.24
2022.02.03 09:15:38.984,1.12919,1.12921,0.67,0.90
2022.02.03 09:15:40.145,1.1292,1.12922,0.90,0.90
2022.02.03 09:15:40.247,1.12919,1.12922,0.67,0.90
2022.02.03 09:15:40.349,1.12918,1.12921,3.01,0.90
2022.02.03 09:15:40.786,1.12919,1.12921,0.90,0.90
2022.02.03 09:15:40.889,1.12919,1.12921,3.01,0.90
2022.02.03 09:15:41.386,1.12918,1.1292,0.77,0.90
2022.02.03 09:15:42.470,1.1292,1.12922,2.03,0.90
2022.02.03 09:15:42.572,1.12921,1.12924,2.57,0.90
2022.02.03 09:15:42.726,1.12919,1.12922,0.98,0.90
2022.02.03 09:15:42.828,1.12918,1.12921,3.91,0.90
2022.02.03 09:15:43.509,1.12919,1.12923,2.93,0.44
2022.02.03 09:15:43.561,1.12922,1.12923,0.12,0.90
2022.02.03 09:15:43.612,1.12919,1.12923,2.11,1.80
2022.02.03 09:15:43.664,1.12919,1.12921,1.21,0.90
2022.02.03 09:15:43.715,1.12917,1.1292,4.81,0.90
2022.02.03 09:15:46.686,1.12916,1.12918,1.75,0.90
2022.02.03 09:15:46.789,1.12915,1.12918,1.34,0.90
2022.02.03 09:15:47.044,1.12915,1.12917,1.67,0.90
2022.02.03 09:15:49.371,1.12915,1.12918,1.67,0.90
2022.02.03 09:15:49.484,1.12915,1.12917,1.67,0.90
2022.02.03 09:15:50.791,1.12913,1.12916,2.11,0.90
2022.02.03 09:15:50.843,1.12911,1.12913,2.57,0.90
2022.02.03 09:15:50.945,1.1291,1.12913,1.44,0.90
2022.02.03 09:15:52.578,1.12909,1.12911,1.34,0.90
2022.02.03 09:15:52.841,1.12909,1.12912,0.44,0.44
2022.02.03 09:15:52.943,1.12907,1.1291,2.57,0.90
2022.02.03 09:15:54.292,1.12908,1.1291,0.44,0.90
2022.02.03 09:15:56.350,1.12906,1.1291,3.14,1.34
2022.02.03 09:15:56.402,1.12905,1.12908,0.44,0.90
2022.02.03 09:15:57.912,1.12906,1.12909,1.80,0.90
2022.02.03 09:15:58.014,1.12908,1.12909,1.34,0.90
2022.02.03 09:15:58.755,1.1291,1.12912,3.37,0.90
2022.02.03 09:15:58.857,1.12911,1.12912,1.34,0.90
2022.02.03 09:15:59.227,1.12909,1.12912,0.90,0.90
2022.02.03 09:16:00.238,1.12907,1.1291,0.90,0.90
2022.02.03 09:16:00.930,1.12909,1.1291,0.90,1.34
2022.02.03 09:16:02.915,1.1291,1.12913,0.90,0.90
2022.02.03 09:16:03.099,1.12911,1.12914,1.34,0.90
2022.02.03 09:16:03.201,1.12912,1.12915,0.90,0.90
2022.02.03 09:16:03.303,1.12912,1.12916,0.90,1.34
2022.02.03 09:16:03.876,1.12913,1.12914,0.90,0.90
2022.02.03 09:16:03.979,1.12911,1.12914,0.90,1.34
2022.02.03 09:16:04.183,1.12909,1.12912,0.90,0.90
2022.02.03 09:16:10.778,1.12909,1.12911,0.90,0.44
2022.02.03 09:16:10.830,1.12907,1.1291,2.11,0.90
2022.02.03 09:16:12.492,1.12908,1.12911,0.90,1.34
2022.02.03 09:16:12.594,1.12908,1.12912,0.90,2.70
2022.02.03 09:16:12.845,1.12909,1.12912,0.90,1.80
2022.02.03 09:16:15.848,1.12909,1.12911,0.90,0.44
2022.02.03 09:16:16.024,1.12909,1.12912,0.90,3.24
2022.02.03 09:16:19.270,1.12911,1.12914,0.90,4.91
2022.02.03 09:16:19.373,1.12913,1.12916,0.90,4.91
2022.02.03 09:16:19.475,1.12914,1.12916,0.90,0.54
2022.02.03 09:16:19.888,1.12914,1.12917,0.90,2.34
2022.02.03 09:16:20.440,1.12914,1.12916,0.90,1.44
2022.02.03 09:16:20.542,1.12913,1.12916,0.90,1.44
2022.02.03 09:16:21.007,1.12914,1.12917,0.90,1.44
2022.02.03 09:16:21.109,1.12915,1.12918,0.90,1.80
2022.02.03 09:16:21.211,1.12916,1.12919,0.90,0.12
2022.02.03 09:16:21.365,1.12916,1.1292,0.90,1.88
2022.02.03 09:16:21.467,1.12918,1.12921,0.90,2.34
2022.02.03 09:16:22.280,1.12917,1.1292,0.90,2.34
2022.02.03 09:16:22.433,1.12917,1.12919,0.90,0.12
2022.02.03 09:16:24.137,1.12915,1.12919,2.93,0.98
2022.02.03 09:16:27.514,1.12916,1.1292,1.34,0.98
2022.02.03 09:16:27.718,1.12916,1.12919,0.90,0.12
2022.02.03 09:16:27.770,1.12915,1.12916,0.90,0.90
2022.02.03 09:16:31.956,1.12913,1.12916,0.90,1.34
2022.02.03 09:16:32.058,1.12912,1.12915,1.57,0.90
2022.02.03 09:16:37.145,1.12915,1.12917,1.13,2.57
2022.02.03 09:16:37.247,1.12917,1.12918,0.90,4.01
2022.02.03 09:16:37.350,1.12918,1.1292,0.90,0.98
2022.02.03 09:16:37.452,1.12917,1.1292,0.90,2.34
2022.02.03 09:16:37.554,1.12917,1.12918,0.90,1.44
2022.02.03 09:16:39.104,1.12917,1.1292,0.90,1.44
2022.02.03 09:16:39.207,1.12918,1.12921,0.90,0.98
2022.02.03 09:16:39.568,1.12919,1.12921,0.90,0.12
2022.02.03 09:16:39.670,1.12919,1.12922,0.90,1.44
2022.02.03 09:16:42.223,1.12918,1.12922,0.31,0.98
2022.02.03 09:16:42.326,1.12918,1.12919,0.77,0.90
2022.02.03 09:16:42.701,1.12915,1.12917,1.31,0.90
2022.02.03 09:16:43.884,1.12917,1.12919,0.90,0.12
2022.02.03 09:16:44.164,1.12918,1.1292,0.90,0.12
2022.02.03 09:16:44.267,1.12919,1.12921,0.90,1.52
2022.02.03 09:16:46.640,1.1292,1.12922,0.90,0.12
2022.02.03 09:16:46.742,1.1292,1.12923,0.90,1.98
2022.02.03 09:16:46.845,1.12918,1.12921,1.80,0.12
2022.02.03 09:16:46.998,1.12918,1.12922,0.90,1.88
2022.02.03 09:16:47.801,1.12919,1.12922,0.90,2.78
2022.02.03 09:16:48.056,1.1292,1.12922,0.90,0.44
2022.02.03 09:16:48.209,1.12919,1.12922,0.90,1.44
2022.02.03 09:16:49.586,1.12918,1.12921,0.90,1.80
2022.02.03 09:16:49.688,1.12916,1.1292,0.90,1.88
2022.02.03 09:16:49.841,1.12916,1.12919,0.90,0.90
2022.02.03 09:16:50.045,1.12916,1.1292,0.90,1.88
2022.02.03 09:16:50.786,1.12917,1.1292,0.90,0.90
2022.02.03 09:16:50.990,1.12916,1.12919,0.90,1.34
2022.02.03 09:16:51.098,1.12915,1.12918,1.13,0.90
2022.02.03 09:16:51.311,1.12913,1.12917,1.80,1.80
2022.02.03 09:16:51.414,1.12914,1.12915,1.80,0.90
2022.02.03 09:16:53.275,1.12913,1.12914,0.90,1.34
2022.02.03 09:16:53.378,1.12911,1.12912,3.01,0.90
2022.02.03 09:16:53.583,1.12911,1.12915,1.80,1.34
2022.02.03 09:16:53.704,1.12912,1.12915,0.90,1.34
2022.02.03 09:16:53.857,1.12911,1.12915,0.90,1.80
2022.02.03 09:16:56.110,1.12912,1.12916,0.90,2.78
2022.02.03 09:16:56.705,1.12913,1.12916,0.90,1.34
2022.02.03 09:17:02.105,1.12916,1.12918,0.90,0.54
2022.02.03 09:17:02.309,1.12917,1.12918,0.90,2.24
2022.02.03 09:17:07.634,1.12915,1.12918,0.90,0.44
2022.02.03 09:17:07.736,1.12913,1.12917,2.11,1.34
2022.02.03 09:17:17.864,1.12912,1.12916,2.11,0.90
2022.02.03 09:17:17.967,1.12913,1.12916,0.44,0.90
2022.02.03 09:17:18.081,1.12913,1.12917,1.34,1.34
2022.02.03 09:17:18.281,1.12914,1.12917,0.44,0.90
2022.02.03 09:17:18.566,1.12915,1.12917,1.34,2.24
2022.02.03 09:17:31.903,1.12915,1.12918,0.90,2.24
2022.02.03 09:17:32.789,1.12915,1.12917,0.90,0.44
2022.02.03 09:17:33.555,1.12917,1.12919,0.90,2.42
2022.02.03 09:17:33.760,1.12919,1.1292,0.90,1.44
2022.02.03 09:17:34.260,1.12918,1.12921,0.90,0.54
2022.02.03 09:17:34.362,1.12919,1.12922,0.90,3.24
2022.02.03 09:17:34.516,1.1292,1.12922,0.90,1.34
2022.02.03 09:17:34.618,1.12923,1.12926,0.90,3.78
2022.02.03 09:17:36.417,1.12923,1.12927,1.34,2.34
2022.02.03 09:17:37.625,1.12924,1.12927,1.13,0.54
2022.02.03 09:17:37.728,1.12926,1.12928,0.90,0.90
2022.02.03 09:17:37.779,1.12927,1.1293,0.90,2.42
2022.02.03 09:17:37.984,1.12925,1.12928,0.98,1.34
2022.02.03 09:17:38.086,1.12924,1.12926,1.80,0.90
2022.02.03 09:17:38.188,1.12923,1.12926,2.78,0.90
2022.02.03 09:17:39.454,1.12924,1.12926,1.80,0.90
2022.02.03 09:17:39.505,1.12922,1.12925,2.78,0.90
2022.02.03 09:17:39.608,1.12922,1.12924,1.88,0.90
2022.02.03 09:17:40.301,1.12923,1.12924,3.14,0.90
2022.02.03 09:17:40.991,1.12922,1.12925,1.34,0.90
2022.02.03 09:17:41.093,1.12925,1.12927,1.80,1.34
2022.02.03 09:17:41.665,1.12925,1.12928,1.80,1.34
2022.02.03 09:17:41.818,1.12926,1.12929,2.70,2.34
2022.02.03 09:17:43.360,1.12927,1.1293,0.90,2.24
2022.02.03 09:17:45.826,1.12925,1.12928,0.90,1.44
2022.02.03 09:17:45.928,1.12925,1.12927,0.90,0.44
2022.02.03 09:17:46.030,1.12924,1.12928,3.91,1.44
2022.02.03 09:17:46.133,1.12925,1.12928,0.90,0.98
2022.02.03 09:17:48.181,1.12927,1.12928,2.70,0.12
2022.02.03 09:17:48.283,1.12928,1.12929,0.90,0.98
2022.02.03 09:17:48.385,1.12928,1.12931,0.90,0.98
2022.02.03 09:17:49.867,1.12927,1.1293,0.90,0.98
2022.02.03 09:17:52.126,1.12929,1.12931,0.90,0.12
2022.02.03 09:17:52.470,1.12929,1.12932,0.90,2.34
2022.02.03 09:17:55.340,1.12928,1.12931,0.90,0.90
2022.02.03 09:17:57.491,1.12929,1.12932,0.90,1.44
2022.02.03 09:17:58.842,1.12928,1.12931,0.98,0.90
2022.02.03 09:17:59.277,1.12929,1.12932,0.90,0.54
2022.02.03 09:18:00.681,1.12928,1.12932,0.98,1.44
2022.02.03 09:18:03.126,1.12929,1.12932,2.70,0.98
2022.02.03 09:18:03.865,1.1293,1.12932,0.90,0.12
2022.02.03 09:18:07.085,1.12931,1.12933,0.90,0.44
2022.02.03 09:18:07.194,1.1293,1.12934,0.90,4.14
2022.02.03 09:18:07.296,1.1293,1.12931,1.13,0.90
2022.02.03 09:18:11.524,1.12928,1.12931,0.90,0.90
2022.02.03 09:18:16.399,1.12929,1.12932,0.90,2.24
2022.02.03 09:18:20.034,1.12929,1.1293,0.90,0.90
2022.02.03 09:18:20.324,1.12929,1.12932,0.90,1.34
2022.02.03 09:18:25.529,1.12929,1.12931,2.70,1.34
2022.02.03 09:18:29.257,1.1293,1.12932,0.90,0.44
2022.02.03 09:18:29.359,1.12929,1.12932,2.11,1.34
2022.02.03 09:18:30.619,1.12929,1.1293,0.90,0.90
2022.02.03 09:18:31.872,1.12929,1.12932,0.90,1.34
2022.02.03 09:18:33.735,1.1293,1.12932,0.90,0.44
2022.02.03 09:18:33.837,1.1293,1.12933,0.90,2.78
2022.02.03 09:18:34.145,1.12929,1.12932,0.90,1.34
2022.02.03 09:18:34.867,1.12928,1.12932,0.90,1.34
2022.02.03 09:18:35.111,1.12929,1.12932,0.90,1.34
2022.02.03 09:18:35.213,1.12932,1.12934,1.80,0.44
2022.02.03 09:18:35.315,1.12933,1.12936,0.90,6.48
2022.02.03 09:18:35.367,1.1293,1.12933,3.55,0.90
2022.02.03 09:18:35.470,1.12929,1.12932,0.90,1.34
2022.02.03 09:18:40.446,1.12925,1.12929,3.01,3.68
2022.02.03 09:18:40.548,1.12925,1.12928,1.80,0.44
2022.02.03 09:18:40.701,1.12925,1.12929,1.13,2.42
2022.02.03 09:18:40.753,1.12927,1.12929,0.90,0.54
2022.02.03 09:18:40.805,1.12928,1.12931,0.90,1.34
2022.02.03 09:18:44.034,1.12929,1.12931,0.90,0.44
2022.02.03 09:18:45.542,1.12929,1.12932,0.90,2.34
2022.02.03 09:18:46.192,1.12927,1.12931,1.34,1.80
2022.02.03 09:18:46.243,1.12929,1.12931,0.90,0.90
2022.02.03 09:18:46.345,1.12928,1.12931,0.90,1.80
2022.02.03 09:18:47.338,1.12929,1.12932,0.90,1.34
2022.02.03 09:18:47.542,1.12928,1.12932,1.34,1.80
2022.02.03 09:18:49.871,1.12927,1.12931,1.88,0.90
2022.02.03 09:18:50.216,1.12926,1.12929,0.90,0.90
2022.02.03 09:18:50.318,1.12925,1.12928,3.11,1.34
2022.02.03 09:18:51.307,1.12925,1.12927,0.44,0.90
2022.02.03 09:18:51.632,1.12924,1.12927,1.80,0.90
2022.02.03 09:18:52.467,1.12924,1.12928,1.80,1.34
2022.02.03 09:18:54.845,1.12926,1.12929,1.13,0.90
2022.02.03 09:18:54.957,1.12927,1.1293,0.90,1.44
2022.02.03 09:18:56.125,1.12928,1.1293,0.44,0.90
2022.02.03 09:18:56.282,1.12928,1.12931,1.34,0.90
2022.02.03 09:18:56.809,1.12931,1.12934,0.90,1.88
2022.02.03 09:18:56.962,1.12931,1.12935,1.34,1.80
2022.02.03 09:18:59.765,1.12931,1.12934,1.34,0.90
2022.02.03 09:18:59.868,1.12929,1.12932,0.90,1.34
2022.02.03 09:18:59.970,1.12928,1.12931,0.90,0.90
2022.02.03 09:19:00.451,1.1293,1.12933,2.70,0.90
2022.02.03 09:19:00.553,1.12929,1.12931,3.11,1.34
2022.02.03 09:19:00.656,1.12928,1.1293,1.67,0.90
2022.02.03 09:19:01.987,1.12927,1.1293,0.90,0.90
2022.02.03 09:19:02.470,1.12928,1.1293,3.47,0.90
2022.02.03 09:19:04.203,1.12928,1.12931,0.90,0.90
2022.02.03 09:19:04.255,1.12932,1.12934,1.34,0.44
2022.02.03 09:19:04.306,1.12937,1.12938,2.57,0.90
2022.02.03 09:19:04.358,1.12938,1.1294,2.03,0.90
2022.02.03 09:19:04.409,1.1294,1.12941,2.57,7.07
2022.02.03 09:19:04.512,1.12938,1.1294,2.11,0.90
2022.02.03 09:19:04.614,1.12937,1.12941,2.78,0.90
2022.02.03 09:19:05.522,1.12941,1.12944,0.90,5.45
2022.02.03 09:19:05.625,1.12942,1.12945,1.34,0.90
2022.02.03 09:19:06.310,1.1294,1.12943,1.44,0.90
2022.02.03 09:19:06.474,1.1294,1.12941,3.01,0.90
2022.02.03 09:19:06.576,1.12939,1.12941,0.31,0.90
2022.02.03 09:19:06.679,1.12938,1.12941,2.57,0.90
2022.02.03 09:19:08.313,1.12939,1.12941,0.44,0.90
2022.02.03 09:19:08.973,1.12938,1.12941,2.78,0.90
2022.02.03 09:19:11.783,1.12937,1.1294,0.98,1.34
2022.02.03 09:19:18.114,1.12938,1.1294,1.80,0.98
2022.02.03 09:19:18.216,1.12938,1.12941,1.44,0.90
2022.02.03 09:19:18.471,1.12938,1.12939,0.12,0.90
2022.02.03 09:19:18.573,1.12936,1.1294,1.44,0.98
2022.02.03 09:19:19.367,1.12937,1.1294,1.34,0.98
2022.02.03 09:19:19.469,1.12938,1.12941,1.34,0.98
2022.02.03 09:19:26.992,1.12939,1.12942,1.80,1.44
2022.02.03 09:19:27.094,1.12938,1.12942,2.78,1.44
2022.02.03 09:19:28.356,1.1294,1.12943,1.34,0.98
2022.02.03 09:19:28.509,1.12942,1.12945,1.34,1.88
2022.02.03 09:19:28.612,1.12943,1.12945,1.34,0.90
2022.02.03 09:19:29.278,1.12943,1.12946,0.90,0.90
2022.02.03 09:19:30.906,1.12942,1.12946,1.44,1.21
2022.02.03 09:19:32.222,1.12942,1.12944,0.90,0.44
2022.02.03 09:19:32.274,1.1294,1.12943,0.90,0.98
2022.02.03 09:19:32.326,1.12939,1.1294,5.45,0.90
2022.02.03 09:19:32.428,1.12938,1.12941,1.88,0.90
2022.02.03 09:19:34.559,1.12938,1.12942,0.98,1.44
2022.02.03 09:19:36.792,1.12939,1.12942,0.90,1.44
2022.02.03 09:19:40.095,1.12941,1.12943,0.90,0.12
2022.02.03 09:19:40.197,1.12941,1.12944,0.90,0.90
2022.02.03 09:19:40.300,1.12943,1.12946,0.90,4.91
2022.02.03 09:19:40.963,1.12945,1.12948,0.90,3.24
2022.02.03 09:19:41.080,1.12944,1.12947,0.90,0.90
2022.02.03 09:19:51.402,1.12946,1.12948,1.88,1.88
2022.02.03 09:19:51.504,1.12947,1.1295,0.44,1.88
2022.02.03 09:19:52.524,1.12945,1.12948,1.88,0.90
2022.02.03 09:19:52.626,1.12944,1.12948,1.44,2.34
2022.02.03 09:19:55.704,1.12946,1.12949,0.90,1.88
2022.02.03 09:19:57.174,1.12944,1.12947,0.98,0.90
2022.02.03 09:19:57.759,1.12944,1.12948,0.98,1.44
2022.02.03 09:20:00.800,1.12944,1.12947,0.12,0.90
2022.02.03 09:20:00.902,1.12943,1.12947,1.88,0.98
2022.02.03 09:20:01.568,1.12944,1.12945,0.98,0.90
2022.02.03 09:20:05.895,1.12946,1.12948,1.80,0.90
2022.02.03 09:20:05.947,1.12946,1.1295,2.70,2.88
2022.02.03 09:20:05.998,1.12948,1.12949,3.14,1.44
2022.02.03 09:20:06.101,1.12947,1.1295,0.90,3.01
2022.02.03 09:20:08.612,1.12946,1.12949,0.90,0.90
2022.02.03 09:20:11.545,1.12944,1.12947,0.90,0.90
2022.02.03 09:20:15.310,1.12945,1.12948,3.14,0.90
2022.02.03 09:20:20.334,1.12946,1.12949,0.90,0.90
2022.02.03 09:20:20.980,1.12944,1.12947,0.90,0.90
2022.02.03 09:20:22.184,1.12943,1.12947,0.90,1.44
2022.02.03 09:20:22.579,1.12944,1.12947,0.90,1.34
2022.02.03 09:20:22.682,1.12946,1.12949,0.90,1.80
2022.02.03 09:20:22.784,1.12947,1.1295,0.90,1.80
2022.02.03 09:20:23.375,1.12946,1.1295,0.90,1.88
2022.02.03 09:20:28.463,1.12945,1.12948,1.34,0.90
2022.02.03 09:20:28.565,1.12947,1.12948,0.90,0.90
2022.02.03 09:20:30.164,1.12946,1.1295,1.34,1.88
2022.02.03 09:20:32.040,1.12947,1.1295,1.34,0.12
2022.02.03 09:20:32.142,1.12948,1.12951,1.80,0.90
2022.02.03 09:20:32.295,1.1295,1.12953,0.90,0.98
2022.02.03 09:20:32.398,1.12952,1.12954,1.34,0.90
2022.02.03 09:20:32.652,1.12952,1.12955,1.34,0.90
2022.02.03 09:20:33.488,1.12953,1.12956,1.44,0.90
2022.02.03 09:20:33.642,1.12953,1.12957,3.32,0.90
2022.02.03 09:20:33.770,1.12954,1.12957,1.34,0.90
2022.02.03 09:20:33.880,1.12954,1.12958,1.34,1.44
2022.02.03 09:20:37.106,1.12954,1.12957,0.90,0.90
2022.02.03 09:20:37.815,1.12954,1.12958,2.70,1.88
2022.02.03 09:20:38.835,1.12953,1.12957,1.44,1.34
2022.02.03 09:20:40.128,1.12953,1.12956,0.90,0.90
2022.02.03 09:20:40.230,1.12951,1.12954,6.79,0.90
2022.02.03 09:20:41.622,1.12953,1.12956,1.80,0.90
2022.02.03 09:20:46.832,1.12954,1.12957,0.90,1.44
2022.02.03 09:20:47.975,1.12956,1.12958,0.90,0.44
2022.02.03 09:20:48.077,1.12955,1.12958,2.57,0.44
2022.02.03 09:20:48.484,1.12956,1.12959,0.90,1.44
2022.02.03 09:20:49.576,1.12955,1.12958,0.90,0.90
2022.02.03 09:20:51.401,1.12955,1.12959,0.90,2.34
2022.02.03 09:20:51.554,1.12956,1.12957,0.90,0.12
2022.02.03 09:20:52.755,1.12956,1.1296,1.34,5.35
2022.02.03 09:20:52.858,1.12956,1.12959,2.03,0.90
2022.02.03 09:20:53.858,1.12957,1.1296,0.90,2.34
2022.02.03 09:20:56.086,1.12958,1.12961,0.90,1.44
2022.02.03 09:20:56.888,1.12957,1.1296,0.90,1.44
2022.02.03 09:20:57.848,1.12958,1.12961,0.90,2.34
2022.02.03 09:20:58.154,1.1296,1.12963,1.13,4.01
2022.02.03 09:20:58.256,1.12961,1.12964,0.90,3.32
2022.02.03 09:20:58.358,1.1296,1.12963,0.90,2.34
2022.02.03 09:21:00.108,1.12959,1.12962,0.90,1.44
2022.02.03 09:21:02.088,1.12959,1.12961,0.90,0.44
2022.02.03 09:21:02.343,1.12959,1.12962,0.90,1.34
2022.02.03 09:21:02.445,1.1296,1.12963,0.90,1.44
2022.02.03 09:21:02.548,1.12959,1.12963,1.34,1.44
2022.02.03 09:21:02.650,1.1296,1.12963,0.90,1.44
2022.02.03 09:21:02.752,1.1296,1.12962,0.90,0.44
2022.02.03 09:21:03.205,1.12958,1.1296,2.70,0.90
2022.02.03 09:21:05.926,1.12958,1.12961,0.90,1.44
2022.02.03 09:21:09.405,1.12957,1.12959,2.42,0.90
2022.02.03 09:21:09.457,1.12955,1.12957,2.24,0.44
2022.02.03 09:21:09.714,1.12953,1.12954,0.90,2.24
2022.02.03 09:21:09.817,1.12951,1.12954,3.24,1.34
2022.02.03 09:21:10.738,1.12953,1.12955,0.90,1.44
2022.02.03 09:21:10.840,1.12953,1.12957,0.90,1.44
2022.02.03 09:21:17.466,1.12952,1.12956,1.44,0.90
2022.02.03 09:21:17.964,1.12951,1.12955,1.44,0.90
2022.02.03 09:21:18.219,1.1295,1.12953,1.44,0.90
2022.02.03 09:21:18.541,1.1295,1.12954,0.90,1.44
2022.02.03 09:21:21.918,1.12951,1.12954,0.90,0.90
2022.02.03 09:21:22.766,1.1295,1.12954,1.44,1.34
2022.02.03 09:21:22.868,1.12949,1.12953,0.98,1.34
2022.02.03 09:21:22.970,1.1295,1.12953,0.90,0.90
2022.02.03 09:21:25.610,1.12951,1.12954,0.90,0.90
2022.02.03 09:21:25.712,1.12952,1.12955,0.90,0.90
2022.02.03 09:21:27.396,1.12952,1.12956,2.34,0.90
2022.02.03 09:21:29.640,1.12953,1.12956,1.80,0.90
2022.02.03 09:21:31.169,1.12952,1.12955,1.88,0.90
2022.02.03 09:21:31.384,1.12953,1.12956,0.90,0.90
2022.02.03 09:21:31.486,1.12955,1.12956,1.80,1.34
2022.02.03 09:21:32.507,1.12953,1.12956,3.14,0.90
2022.02.03 09:21:41.063,1.12955,1.12956,0.90,1.34
2022.02.03 09:21:45.778,1.12953,1.12956,0.90,1.34
2022.02.03 09:21:45.880,1.12952,1.12956,2.70,1.34
2022.02.03 09:21:45.982,1.12953,1.12956,0.90,1.34
2022.02.03 09:21:47.065,1.12951,1.12954,3.91,0.90
2022.02.03 09:21:47.759,1.12952,1.12954,0.44,0.90
2022.02.03 09:21:48.535,1.12951,1.12954,1.34,1.44
2022.02.03 09:21:49.067,1.12952,1.12954,0.44,0.90
2022.02.03 09:21:49.839,1.12951,1.12954,0.90,2.11
2022.02.03 09:21:50.306,1.1295,1.12954,2.70,2.11
2022.02.03 09:21:50.409,1.1295,1.12953,0.90,1.34
2022.02.03 09:21:53.303,1.12951,1.12953,1.80,0.90
2022.02.03 09:21:53.405,1.12951,1.12954,0.90,1.34
2022.02.03 09:21:55.061,1.1295,1.12953,0.90,0.44
2022.02.03 09:21:57.561,1.1295,1.12954,2.70,1.67
2022.02.03 09:21:58.033,1.12952,1.12953,0.90,1.67
2022.02.03 09:21:58.136,1.12952,1.12956,2.70,3.55
2022.02.03 09:21:58.239,1.12954,1.12957,0.44,0.98
2022.02.03 09:22:00.056,1.12953,1.12957,0.90,1.44
2022.02.03 09:22:00.159,1.12952,1.12954,1.88,0.90
2022.02.03 09:22:00.312,1.12953,1.12956,0.90,0.98
2022.02.03 09:22:00.465,1.12953,1.12957,0.90,2.78
2022.02.03 09:22:13.767,1.12954,1.12955,0.90,0.12
2022.02.03 09:22:18.745,1.12952,1.12956,0.90,2.34
2022.02.03 09:22:18.847,1.12951,1.12955,0.90,1.44
2022.02.03 09:22:19.297,1.12953,1.12954,0.90,0.12
2022.02.03 09:22:19.400,1.12952,1.12956,0.90,1.44
2022.02.03 09:22:19.604,1.12953,1.12957,0.90,1.44
2022.02.03 09:22:23.465,1.12954,1.12957,0.90,1.44
2022.02.03 09:22:23.812,1.12953,1.12957,0.90,1.44
2022.02.03 09:22:23.929,1.12952,1.12956,0.90,2.11
2022.02.03 09:22:24.952,1.12952,1.12955,0.90,1.44
2022.02.03 09:22:25.060,1.12951,1.12954,0.90,2.57
2022.02.03 09:22:25.163,1.1295,1.12953,0.90,1.34
2022.02.03 09:22:26.980,1.12951,1.12954,0.90,3.55
2022.02.03 09:22:27.082,1.12951,1.12955,0.90,2.21
2022.02.03 09:22:27.913,1.12952,1.12955,0.90,0.77
2022.02.03 09:22:28.643,1.12953,1.12956,0.90,0.77
2022.02.03 09:22:28.746,1.12954,1.12956,0.90,0.44
2022.02.03 09:22:28.848,1.12957,1.12959,0.90,0.98
2022.02.03 09:22:28.951,1.12958,1.1296,0.90,2.70
2022.02.03 09:22:29.307,1.12958,1.12961,0.90,1.44
2022.02.03 09:22:30.169,1.12957,1.1296,0.90,0.90
2022.02.03 09:22:30.322,1.12957,1.12961,0.90,2.34
2022.02.03 09:22:31.292,1.12956,1.12957,2.11,1.88
2022.02.03 09:22:31.394,1.12954,1.12957,1.34,0.12
2022.02.03 09:22:32.894,1.12955,1.12957,0.90,0.54
2022.02.03 09:22:33.098,1.12955,1.12958,0.90,0.54
2022.02.03 09:22:33.729,1.12955,1.12957,0.90,0.44
2022.02.03 09:22:34.360,1.12955,1.12958,1.34,0.98
2022.02.03 09:22:34.463,1.12958,1.12959,0.90,0.12
2022.02.03 09:22:34.944,1.12958,1.12961,0.90,0.54
2022.02.03 09:22:44.917,1.12959,1.12962,0.90,1.88
2022.02.03 09:22:45.020,1.12961,1.12962,0.90,1.34
2022.02.03 09:22:48.983,1.12959,1.12963,3.14,1.57
2022.02.03 09:22:51.696,1.1296,1.12963,1.80,1.34
2022.02.03 09:22:52.466,1.1296,1.12962,1.80,0.44
2022.02.03 09:22:53.502,1.1296,1.12963,2.70,1.34
2022.02.03 09:22:53.833,1.12961,1.12964,3.14,1.34
2022.02.03 09:22:53.936,1.12962,1.12965,3.14,0.62
2022.02.03 09:22:54.249,1.12964,1.12967,0.90,1.44
2022.02.03 09:22:54.352,1.12966,1.1297,3.24,7.15
2022.02.03 09:22:54.454,1.12968,1.1297,0.90,0.98
2022.02.03 09:22:55.177,1.12969,1.1297,0.90,0.12
2022.02.03 09:22:55.746,1.12968,1.1297,0.90,2.57
2022.02.03 09:22:55.848,1.12968,1.1297,0.90,2.57
2022.02.03 09:22:56.023,1.12967,1.12971,0.90,2.57
2022.02.03 09:22:56.126,1.12965,1.12968,0.90,0.44
2022.02.03 09:22:56.228,1.12965,1.12969,0.90,1.67
2022.02.03 09:22:58.454,1.12966,1.12968,0.90,0.54
2022.02.03 09:22:58.556,1.12965,1.12968,0.90,0.54
2022.02.03 09:22:59.121,1.12967,1.12968,0.90,0.54
2022.02.03 09:22:59.224,1.12968,1.12971,0.90,1.98
2022.02.03 09:22:59.327,1.12969,1.12971,0.90,0.44
2022.02.03 09:22:59.429,1.12968,1.12971,0.90,0.44
2022.02.03 09:22:59.531,1.12966,1.1297,2.11,1.67
2022.02.03 09:22:59.634,1.12967,1.12968,0.90,0.98
2022.02.03 09:22:59.787,1.12965,1.12968,0.90,0.44
2022.02.03 09:23:01.043,1.12966,1.12968,0.90,1.44
2022.02.03 09:23:02.417,1.12966,1.12969,0.90,1.44
2022.02.03 09:23:03.020,1.12966,1.1297,3.14,0.98
2022.02.03 09:23:03.122,1.12967,1.12971,0.90,1.44
2022.02.03 09:23:06.054,1.12967,1.12969,0.90,2.34
2022.02.03 09:23:06.168,1.12966,1.12969,0.90,0.90
2022.02.03 09:23:12.583,1.12965,1.12969,0.90,1.44
2022.02.03 09:23:12.634,1.12962,1.12965,4.91,1.80
2022.02.03 09:23:12.737,1.12961,1.12963,0.90,1.34
2022.02.03 09:23:13.702,1.12959,1.12963,3.14,1.44
2022.02.03 09:23:16.456,1.12961,1.12963,0.90,1.44
2022.02.03 09:23:18.057,1.12962,1.12966,1.34,4.01
2022.02.03 09:23:18.159,1.12963,1.12966,0.90,1.44
2022.02.03 09:23:19.943,1.12963,1.12965,1.34,1.44
2022.02.03 09:23:20.045,1.12963,1.12966,0.90,1.44
2022.02.03 09:23:21.635,1.12964,1.12967,0.90,0.54
2022.02.03 09:23:21.737,1.12965,1.12969,0.90,6.35
2022.02.03 09:23:22.173,1.12964,1.12968,1.44,0.90
2022.02.03 09:23:22.554,1.12965,1.12968,0.44,0.90
2022.02.03 09:23:26.514,1.12965,1.12967,0.44,0.90
2022.02.03 09:23:26.566,1.12963,1.12967,1.80,1.44
2022.02.03 09:23:26.618,1.12962,1.12965,1.44,0.90
2022.02.03 09:23:27.840,1.12961,1.12964,3.24,0.90
2022.02.03 09:23:27.943,1.1296,1.12963,0.90,0.90
2022.02.03 09:23:28.052,1.12959,1.12963,1.44,0.90
2022.02.03 09:23:28.155,1.12959,1.12962,1.44,0.90
2022.02.03 09:23:29.168,1.12958,1.12962,1.88,0.90
2022.02.03 09:23:29.270,1.12957,1.1296,0.90,0.90
2022.02.03 09:23:29.372,1.12956,1.1296,3.24,0.90
2022.02.03 09:23:29.528,1.12957,1.1296,0.12,0.90
2022.02.03 09:23:35.911,1.12956,1.1296,1.44,0.90
2022.02.03 09:23:37.838,1.12954,1.12958,0.77,0.90
2022.02.03 09:23:38.042,1.12954,1.12957,2.34,0.90
2022.02.03 09:23:38.689,1.12952,1.12955,3.68,0.90
2022.02.03 09:23:38.793,1.12951,1.12954,1.44,0.90
2022.02.03 09:23:38.946,1.1295,1.12952,1.34,0.90
2022.02.03 09:23:39.048,1.1295,1.12953,0.90,0.12
2022.02.03 09:23:39.151,1.1295,1.12952,0.90,0.44
2022.02.03 09:23:39.961,1.12947,1.1295,6.02,0.90
2022.02.03 09:23:40.114,1.12948,1.1295,0.12,0.90
2022.02.03 09:23:42.883,1.12947,1.1295,3.14,0.90
2022.02.03 09:23:42.985,1.12947,1.12949,1.34,0.90
2022.02.03 09:23:44.007,1.12949,1.1295,2.24,0.90
2022.02.03 09:23:45.753,1.12947,1.12949,1.34,0.90
2022.02.03 09:23:47.969,1.1295,1.12952,0.44,0.90
2022.02.03 09:23:48.072,1.1295,1.12953,0.44,0.90
2022.02.03 09:23:48.174,1.12949,1.12953,2.24,0.90
2022.02.03 09:23:48.277,1.1295,1.12951,2.24,0.90
2022.02.03 09:23:48.481,1.12949,1.12952,1.80,0.54
2022.02.03 09:23:48.583,1.12948,1.12952,1.80,0.54
2022.02.03 09:23:48.685,1.12948,1.1295,1.80,0.90
2022.02.03 09:23:49.480,1.12947,1.1295,3.14,0.90
2022.02.03 09:23:51.430,1.12948,1.1295,1.80,0.90
2022.02.03 09:23:52.190,1.12949,1.12952,2.24,0.90
2022.02.03 09:23:54.242,1.1295,1.12952,2.47,0.90
2022.02.03 09:23:54.293,1.12951,1.12954,0.44,0.90
2022.02.03 09:23:54.396,1.12952,1.12954,1.80,0.90
2022.02.03 09:23:54.498,1.12952,1.12955,1.80,0.90
2022.02.03 09:23:56.182,1.12951,1.12955,4.04,0.90
2022.02.03 09:23:56.285,1.12951,1.12952,1.80,0.90
2022.02.03 09:23:56.387,1.1295,1.12952,1.80,0.90
2022.02.03 09:23:56.489,1.12949,1.12952,3.60,0.90
2022.02.03 09:23:57.314,1.12948,1.1295,1.21,0.90
2022.02.03 09:23:57.423,1.12947,1.1295,3.60,0.90
2022.02.03 09:24:00.898,1.12946,1.12948,1.21,0.98
2022.02.03 09:24:01.001,1.12944,1.12947,0.90,0.90
2022.02.03 09:24:01.103,1.12942,1.12944,0.90,0.90
2022.02.03 09:24:01.257,1.1294,1.12942,1.21,0.90
2022.02.03 09:24:01.359,1.12939,1.12942,0.67,0.90
2022.02.03 09:24:02.452,1.12939,1.12941,1.21,0.90
2022.02.03 09:24:02.503,1.12937,1.12941,5.48,0.90
2022.02.03 09:24:02.707,1.12939,1.12941,0.23,0.90
2022.02.03 09:24:02.810,1.12939,1.12943,3.37,0.90
2022.02.03 09:24:03.749,1.12939,1.12942,2.11,0.90
2022.02.03 09:24:03.851,1.12937,1.12941,3.24,0.90
2022.02.03 09:24:04.063,1.12939,1.12942,3.37,0.90
2022.02.03 09:24:04.166,1.12942,1.12943,1.34,0.90
2022.02.03 09:24:04.268,1.12942,1.12945,0.90,1.52
2022.02.03 09:24:05.138,1.12941,1.12945,1.34,0.98
2022.02.03 09:24:07.366,1.12941,1.12943,0.90,0.90
2022.02.03 09:24:07.469,1.12939,1.12943,3.78,0.90
2022.02.03 09:24:08.160,1.12939,1.12942,0.90,0.90
2022.02.03 09:24:08.262,1.12939,1.1294,0.67,0.90
2022.02.03 09:24:09.089,1.12937,1.12941,2.57,0.90
2022.02.03 09:24:12.105,1.12939,1.1294,1.34,0.90
2022.02.03 09:24:12.156,1.12939,1.12943,2.47,4.01
2022.02.03 09:24:12.208,1.12941,1.12945,1.34,2.78
2022.02.03 09:24:12.310,1.12942,1.12945,0.90,2.70
2022.02.03 09:24:12.463,1.12942,1.12946,3.14,0.90
2022.02.03 09:24:13.505,1.12943,1.12946,1.34,0.90
2022.02.03 09:24:14.125,1.12945,1.12948,1.34,0.12
2022.02.03 09:24:14.177,1.12946,1.1295,1.34,2.78
2022.02.03 09:24:14.330,1.12947,1.1295,1.34,1.88
2022.02.03 09:24:14.881,1.12946,1.1295,1.44,1.80
2022.02.03 09:24:14.984,1.12945,1.12948,1.34,0.90
2022.02.03 09:24:15.086,1.12943,1.12946,0.90,0.44
2022.02.03 09:24:15.403,1.12942,1.12946,0.90,1.44
2022.02.03 09:24:15.696,1.12943,1.12944,0.90,0.90
2022.02.03 09:24:15.900,1.12941,1.12944,1.34,0.90
2022.02.03 09:24:19.550,1.12941,1.12945,1.34,0.98
2022.02.03 09:24:20.442,1.12942,1.12946,1.34,0.98
2022.02.03 09:24:21.415,1.12944,1.12946,1.80,0.90
2022.02.03 09:24:21.569,1.12944,1.12947,1.80,1.44
2022.02.03 09:24:21.824,1.12943,1.12946,1.80,1.44
2022.02.03 09:24:21.926,1.12942,1.12946,3.14,1.44
2022.02.03 09:24:22.333,1.12943,1.12947,3.37,0.98
2022.02.03 09:24:22.435,1.12944,1.12948,3.14,0.98
2022.02.03 09:24:22.547,1.12943,1.12946,3.24,0.90
2022.02.03 09:24:26.436,1.12942,1.12945,0.90,0.90
2022.02.03 09:24:27.027,1.12941,1.12945,1.34,1.88
2022.02.03 09:24:29.114,1.12942,1.12945,1.80,0.98
2022.02.03 09:24:31.183,1.12943,1.12945,1.80,0.90
2022.02.03 09:24:31.286,1.12944,1.12945,1.80,0.98
2022.02.03 09:24:31.489,1.12944,1.12945,1.80,0.98
2022.02.03 09:24:33.709,1.12943,1.12946,1.80,0.98
2022.02.03 09:24:34.188,1.12944,1.12946,1.80,0.98
2022.02.03 09:24:34.467,1.12943,1.12946,3.60,0.98
2022.02.03 09:24:35.508,1.12944,1.12946,1.80,0.98
2022.02.03 09:24:35.989,1.12943,1.12946,3.60,0.98
2022.02.03 09:24:36.092,1.12942,1.12945,1.80,0.90
2022.02.03 09:24:36.429,1.12941,1.12945,3.14,1.98
2022.02.03 09:24:37.057,1.1294,1.12944,2.65,1.88
2022.02.03 09:24:37.803,1.12941,1.12944,0.90,0.90
2022.02.03 09:24:37.906,1.12942,1.12945,3.37,1.44
2022.02.03 09:24:38.008,1.12942,1.12946,3.47,1.44
2022.02.03 09:24:41.104,1.12941,1.12945,2.24,1.98
2022.02.03 09:24:41.781,1.12939,1.12941,0.90,0.12
2022.02.03 09:24:41.884,1.12937,1.12939,1.21,0.44
2022.02.03 09:24:41.986,1.12937,1.12938,0.90,0.90
2022.02.03 09:24:42.088,1.12938,1.12939,0.90,3.24
2022.02.03 09:24:43.030,1.12936,1.1294,0.90,3.24
2022.02.03 09:24:44.848,1.12937,1.12938,0.90,0.54
2022.02.03 09:24:44.900,1.12934,1.12938,1.34,0.90
2022.02.03 09:24:44.952,1.12933,1.12936,2.11,0.90
2022.02.03 09:24:45.054,1.12932,1.12936,3.14,1.88
2022.02.03 09:24:45.227,1.12932,1.12935,2.24,0.44
2022.02.03 09:24:50.602,1.1293,1.12931,3.32,1.80
2022.02.03 09:24:50.705,1.1293,1.12931,0.90,0.90
2022.02.03 09:24:50.960,1.12928,1.12931,0.90,1.88
2022.02.03 09:24:53.460,1.12927,1.1293,0.90,0.44
2022.02.03 09:24:53.562,1.12927,1.12931,0.90,2.42
2022.02.03 09:24:54.627,1.12929,1.12931,0.44,0.54
2022.02.03 09:24:54.729,1.1293,1.12932,0.90,0.54
2022.02.03 09:24:56.174,1.1293,1.12933,0.90,0.98
2022.02.03 09:24:56.327,1.12931,1.12933,0.90,0.98
2022.02.03 09:24:56.429,1.1293,1.12933,2.70,1.88
2022.02.03 09:24:56.823,1.12928,1.12931,1.80,0.90
2022.02.03 09:24:57.027,1.12927,1.12931,1.34,1.88
2022.02.03 09:24:58.156,1.12928,1.12931,2.24,1.44
2022.02.03 09:24:58.462,1.12928,1.1293,4.04,1.34
2022.02.03 09:25:00.022,1.12927,1.1293,4.04,0.44
2022.02.03 09:25:00.351,1.12927,1.12931,1.80,2.42
2022.02.03 09:25:09.084,1.12927,1.1293,0.90,0.98
2022.02.03 09:25:12.154,1.12927,1.12931,0.90,2.42
2022.02.03 09:25:12.534,1.12927,1.1293,0.90,0.98
2022.02.03 09:25:12.973,1.12926,1.1293,1.80,1.88
2022.02.03 09:25:13.984,1.12927,1.1293,0.90,1.88
2022.02.03 09:25:14.677,1.12928,1.12931,0.90,2.65
2022.02.03 09:25:14.779,1.12928,1.1293,0.90,0.44
2022.02.03 09:25:15.114,1.12928,1.12931,0.90,2.65
2022.02.03 09:25:16.082,1.12926,1.12929,0.90,0.90
2022.02.03 09:25:16.184,1.12926,1.12928,0.90,0.44
2022.02.03 09:25:16.289,1.12925,1.12929,0.90,2.42
2022.02.03 09:25:16.393,1.12925,1.12928,0.90,0.44
2022.02.03 09:25:16.546,1.12924,1.12928,0.90,1.88
2022.02.03 09:25:16.649,1.12922,1.12926,3.01,1.88
2022.02.03 09:25:16.751,1.12922,1.12925,0.90,1.34
2022.02.03 09:25:16.853,1.12922,1.12924,0.90,0.98
2022.02.03 09:25:17.038,1.12922,1.12925,0.90,1.88
2022.02.03 09:25:19.614,1.12924,1.12925,0.90,2.34
2022.02.03 09:25:20.736,1.12922,1.12926,1.80,2.42
2022.02.03 09:25:22.629,1.12924,1.12927,1.34,0.98
2022.02.03 09:25:22.782,1.12925,1.12928,0.90,0.98
2022.02.03 09:25:23.674,1.12923,1.12927,4.81,2.34
2022.02.03 09:25:24.331,1.12924,1.12925,0.90,1.44
2022.02.03 09:25:25.027,1.12923,1.12924,2.70,0.98
2022.02.03 09:25:25.180,1.12923,1.12926,0.90,1.52
2022.02.03 09:25:25.749,1.12923,1.12925,0.90,0.44
2022.02.03 09:25:25.953,1.12923,1.12926,0.90,1.52
2022.02.03 09:25:45.881,1.12922,1.12925,0.90,0.90
2022.02.03 09:25:46.115,1.12921,1.12924,2.24,0.90
2022.02.03 09:25:46.521,1.12921,1.12925,2.24,1.88
2022.02.03 09:25:53.580,1.12922,1.12925,0.44,0.90
2022.02.03 09:25:53.682,1.12921,1.12925,1.80,0.90
2022.02.03 09:25:55.304,1.12922,1.12925,0.90,5.48
2022.02.03 09:25:55.355,1.12919,1.12921,1.21,1.08
2022.02.03 09:25:55.458,1.12917,1.1292,5.40,0.90
2022.02.03 09:25:55.611,1.12917,1.12918,1.34,1.34
2022.02.03 09:25:55.866,1.12916,1.12918,4.58,1.88
2022.02.03 09:25:56.566,1.12916,1.12919,2.70,0.90
2022.02.03 09:25:56.669,1.12916,1.1292,3.60,0.90
2022.02.03 09:25:58.143,1.12916,1.12919,0.90,0.90
2022.02.03 09:25:58.195,1.12914,1.12916,1.21,0.90
2022.02.03 09:25:58.297,1.12912,1.12915,1.80,0.90
2022.02.03 09:25:58.400,1.12912,1.12914,0.90,0.90
2022.02.03 09:25:58.708,1.12909,1.12912,0.98,0.90
2022.02.03 09:26:00.246,1.1291,1.12913,2.70,0.90
2022.02.03 09:26:00.298,1.12907,1.12911,4.91,0.90
2022.02.03 09:26:00.400,1.12908,1.12909,1.34,0.90
2022.02.03 09:26:01.670,1.1291,1.12913,0.44,1.88
2022.02.03 09:26:01.784,1.12909,1.12912,1.80,0.44
2022.02.03 09:26:01.886,1.12908,1.12911,1.80,1.88
2022.02.03 09:26:02.000,1.12908,1.1291,0.90,0.90
2022.02.03 09:26:02.103,1.12907,1.1291,1.34,0.90
2022.02.03 09:26:02.248,1.12908,1.12909,0.44,0.90
2022.02.03 09:26:03.614,1.12907,1.12909,2.34,0.90
2022.02.03 09:26:12.150,1.12907,1.12909,0.44,0.90
2022.02.03 09:26:12.253,1.1291,1.12913,2.24,1.88
2022.02.03 09:26:12.406,1.12909,1.12913,3.11,0.90
2022.02.03 09:26:12.509,1.1291,1.12911,0.98,0.90
2022.02.03 09:26:12.561,1.12909,1.1291,1.34,0.90
2022.02.03 09:26:12.715,1.12907,1.1291,3.68,0.90
2022.02.03 09:26:17.353,1.12909,1.1291,0.90,1.88
2022.02.03 09:26:17.954,1.12907,1.1291,3.24,0.90
2022.02.03 09:26:20.260,1.12908,1.1291,0.44,0.90
2022.02.03 09:26:22.517,1.12907,1.1291,4.94,0.90
2022.02.03 09:26:25.635,1.12909,1.1291,0.44,0.90
2022.02.03 09:26:25.687,1.12911,1.12912,0.44,2.34
2022.02.03 09:26:25.789,1.1291,1.12913,0.44,1.44
2022.02.03 09:26:27.529,1.12909,1.12913,2.24,1.13
2022.02.03 09:26:27.631,1.12907,1.12911,4.58,0.90
2022.02.03 09:26:27.937,1.12907,1.1291,2.24,0.90
2022.02.03 09:26:30.192,1.12906,1.1291,2.24,0.90
2022.02.03 09:26:34.056,1.12908,1.12909,0.44,0.90
2022.02.03 09:26:41.531,1.12906,1.1291,1.80,0.90
2022.02.03 09:26:48.523,1.12905,1.12907,1.21,2.42
2022.02.03 09:26:48.574,1.12903,1.12905,0.90,0.90
2022.02.03 09:26:48.728,1.12901,1.12904,1.34,1.44
2022.02.03 09:26:48.830,1.12902,1.12904,1.34,0.54
2022.02.03 09:26:48.933,1.12902,1.12905,1.34,0.90
2022.02.03 09:26:49.105,1.129,1.12903,0.90,0.90
2022.02.03 09:26:49.208,1.129,1.12904,1.57,1.34
2022.02.03 09:26:49.361,1.12902,1.12904,0.90,0.54
2022.02.03 09:26:49.463,1.12903,1.12906,1.34,0.44
2022.02.03 09:26:49.566,1.12905,1.12907,1.13,0.98
2022.02.03 09:26:49.617,1.12906,1.12909,1.34,0.90
2022.02.03 09:26:49.719,1.12907,1.1291,0.90,1.44
2022.02.03 09:26:49.822,1.12908,1.1291,0.90,3.32
2022.02.03 09:26:50.420,1.12907,1.1291,0.90,1.44
2022.02.03 09:26:51.015,1.12907,1.12911,0.90,3.78
2022.02.03 09:26:52.589,1.12908,1.12912,0.90,2.42
2022.02.03 09:26:53.745,1.12908,1.12911,0.90,0.44
2022.02.03 09:26:55.687,1.12911,1.12912,1.88,0.54
2022.02.03 09:26:55.892,1.12909,1.12912,1.44,0.90
2022.02.03 09:26:55.994,1.1291,1.12912,0.44,0.44
2022.02.03 09:26:56.096,1.12909,1.12912,1.44,0.54
2022.02.03 09:26:56.199,1.12909,1.12911,1.88,2.88
2022.02.03 09:26:56.301,1.12908,1.12911,1.44,0.44
2022.02.03 09:26:56.694,1.12908,1.12912,0.98,2.42
2022.02.03 09:26:57.226,1.1291,1.12912,0.90,0.54
2022.02.03 09:26:57.393,1.1291,1.12913,0.90,0.90
2022.02.03 09:26:58.642,1.12909,1.12913,1.44,2.42
2022.02.03 09:26:59.109,1.1291,1.12913,0.90,2.42
2022.02.03 09:27:00.617,1.12909,1.12913,1.44,1.98
2022.02.03 09:27:00.720,1.12911,1.12912,0.90,1.98
2022.02.03 09:27:00.873,1.12911,1.12913,0.90,0.54
2022.02.03 09:27:00.975,1.12912,1.12915,0.90,1.21
2022.02.03 09:27:03.564,1.12911,1.12915,2.11,0.98
2022.02.03 09:27:09.146,1.12911,1.12913,1.67,0.90
2022.02.03 09:27:09.277,1.1291,1.12913,1.57,0.12
2022.02.03 09:27:09.379,1.12911,1.12915,1.88,1.88
2022.02.03 09:27:11.951,1.12912,1.12914,0.90,0.12
2022.02.03 09:27:13.535,1.12913,1.12914,0.90,2.42
2022.02.03 09:27:14.961,1.12911,1.12913,0.90,0.44
2022.02.03 09:27:15.063,1.1291,1.12913,0.90,1.44
2022.02.03 09:27:20.621,1.12912,1.12914,0.90,0.98
2022.02.03 09:27:20.778,1.12912,1.12915,0.90,0.98
2022.02.03 09:27:25.989,1.12912,1.12916,0.98,3.32
2022.02.03 09:27:26.313,1.12912,1.12914,0.98,0.90
2022.02.03 09:27:26.416,1.12911,1.12914,0.90,1.88
2022.02.03 09:27:27.089,1.12911,1.12913,0.90,0.44
2022.02.03 09:27:29.681,1.12912,1.12914,2.70,0.98
2022.02.03 09:27:29.834,1.12912,1.12915,2.70,1.44
2022.02.03 09:27:32.461,1.12913,1.12915,0.44,0.98
2022.02.03 09:27:35.598,1.12912,1.12915,3.24,0.90
2022.02.03 09:27:38.834,1.12912,1.12914,0.90,1.21
2022.02.03 09:27:38.885,1.12909,1.12912,1.88,0.23
2022.02.03 09:27:38.937,1.12907,1.12911,3.68,0.98
2022.02.03 09:27:39.039,1.12907,1.1291,2.78,0.90
2022.02.03 09:27:44.577,1.12904,1.12908,1.34,1.67
2022.02.03 09:27:44.679,1.12903,1.12907,2.24,1.44
2022.02.03 09:27:45.579,1.12905,1.12907,1.34,0.98
2022.02.03 09:27:45.682,1.12906,1.1291,0.98,1.44
2022.02.03 09:27:45.936,1.12904,1.12908,1.88,2.11
2022.02.03 09:27:46.039,1.12904,1.12907,0.90,1.44
2022.02.03 09:27:46.141,1.12903,1.12907,0.90,1.88
2022.02.03 09:27:46.782,1.12905,1.12907,0.90,0.54
2022.02.03 09:27:46.989,1.12905,1.12908,0.90,1.08
2022.02.03 09:27:50.406,1.12905,1.12907,0.90,0.90
2022.02.03 09:27:50.457,1.12902,1.12906,1.88,0.98
2022.02.03 09:27:50.661,1.12903,1.12906,0.90,0.62
2022.02.03 09:28:02.643,1.12904,1.12905,1.34,0.90
2022.02.03 09:28:02.745,1.12904,1.12908,1.34,5.12
2022.02.03 09:28:02.797,1.12906,1.12908,0.90,1.44
2022.02.03 09:28:02.848,1.12907,1.1291,1.34,4.37
2022.02.03 09:28:03.721,1.12907,1.12911,0.90,5.40
2022.02.03 09:28:10.202,1.12908,1.12911,0.90,1.80
2022.02.03 09:28:10.305,1.12909,1.12912,1.34,0.90
2022.02.03 09:28:10.407,1.1291,1.12913,0.90,3.60
2022.02.03 09:28:10.509,1.12909,1.12913,1.44,4.58
2022.02.03 09:28:10.816,1.12911,1.12914,0.90,4.58
2022.02.03 09:28:10.918,1.12912,1.12914,0.90,0.54
2022.02.03 09:28:11.021,1.12912,1.12915,0.90,0.90
2022.02.03 09:28:40.826,1.1291,1.12914,1.80,1.80
2022.02.03 09:28:40.882,1.12909,1.12912,0.90,0.90
2022.02.03 09:28:41.339,1.12909,1.12913,0.90,1.80
2022.02.03 09:28:41.624,1.1291,1.12913,0.44,1.80
2022.02.03 09:28:41.773,1.12909,1.12913,0.90,1.80
2022.02.03 09:28:45.153,1.12911,1.12912,0.44,2.34
2022.02.03 09:28:46.183,1.12911,1.12912,0.44,2.34
2022.02.03 09:28:46.286,1.12911,1.12914,1.34,0.54
2022.02.03 09:28:46.388,1.12912,1.12915,0.44,2.03
2022.02.03 09:28:46.511,1.12911,1.12915,2.70,2.03
2022.02.03 09:28:46.613,1.1291,1.12913,1.21,4.73
2022.02.03 09:28:46.716,1.12909,1.12913,0.90,1.80
2022.02.03 09:28:47.563,1.12908,1.12912,2.70,0.90
2022.02.03 09:28:47.666,1.12908,1.12911,1.80,0.90
2022.02.03 09:28:48.160,1.12907,1.1291,0.90,0.90
2022.02.03 09:28:52.029,1.12905,1.12909,0.90,3.60
2022.02.03 09:28:53.233,1.12904,1.12908,2.78,0.90
2022.02.03 09:28:56.608,1.12903,1.12906,1.88,0.90
2022.02.03 09:28:56.711,1.12902,1.12906,0.98,0.90
2022.02.03 09:28:57.042,1.12902,1.12905,2.34,0.90
2022.02.03 09:28:57.177,1.12903,1.12905,0.90,0.90
2022.02.03 09:28:57.381,1.12902,1.12905,2.34,0.44
2022.02.03 09:28:57.484,1.12902,1.12904,0.44,0.90
2022.02.03 09:28:57.849,1.12901,1.12904,1.44,0.90
2022.02.03 09:29:05.615,1.12903,1.12905,0.44,0.90
2022.02.03 09:29:05.667,1.12905,1.12907,0.90,0.44
2022.02.03 09:29:05.769,1.12906,1.12909,0.98,0.90
2022.02.03 09:29:06.464,1.12908,1.12909,0.12,0.90
2022.02.03 09:29:11.041,1.12907,1.1291,0.12,0.90
2022.02.03 09:29:20.693,1.12906,1.1291,2.34,0.90
2022.02.03 09:29:22.155,1.12905,1.12907,0.44,0.90
2022.02.03 09:29:22.207,1.12902,1.12906,6.84,0.90
2022.02.03 09:29:22.943,1.12902,1.12905,0.90,0.90
2022.02.03 09:29:42.565,1.12902,1.12904,0.90,0.90
2022.02.03 09:29:42.668,1.12899,1.12901,8.95,0.90
2022.02.03 09:29:42.771,1.129,1.12902,0.90,0.90
2022.02.03 09:29:42.987,1.12898,1.12901,1.21,0.90
2022.02.03 09:29:45.124,1.12898,1.129,0.23,0.90
2022.02.03 09:29:50.464,1.12897,1.129,0.98,0.90
2022.02.03 09:30:00.193,1.12895,1.12897,0.23,2.70
2022.02.03 09:30:00.244,1.12896,1.12899,0.90,2.34
2022.02.03 09:30:00.346,1.12896,1.12898,0.90,0.44
2022.02.03 09:30:00.844,1.12896,1.12899,0.90,2.34
2022.02.03 09:30:01.275,1.12896,1.12898,0.90,0.44
2022.02.03 09:30:01.835,1.12896,1.12899,0.90,1.34
2022.02.03 09:30:04.002,1.12896,1.12898,0.90,0.44
2022.02.03 09:30:04.104,1.12895,1.12898,0.90,2.34
2022.02.03 09:30:04.277,1.12895,1.12899,1.80,2.34
2022.02.03 09:30:06.008,1.12897,1.12898,0.90,1.34
2022.02.03 09:30:09.240,1.129,1.12902,0.44,0.98
2022.02.03 09:30:09.292,1.12899,1.129,1.80,1.34
2022.02.03 09:30:09.394,1.12897,1.129,1.44,0.90
2022.02.03 09:30:12.819,1.12898,1.129,1.80,0.90
2022.02.03 09:30:12.921,1.12897,1.129,3.24,0.90
2022.02.03 09:30:14.469,1.12898,1.129,0.44,0.90
2022.02.03 09:30:15.904,1.12897,1.129,1.88,0.90
2022.02.03 09:30:18.033,1.12898,1.129,1.80,0.90
2022.02.03 09:30:20.762,1.12901,1.12903,0.90,0.98
2022.02.03 09:30:20.915,1.12901,1.12904,0.90,2.34
2022.02.03 09:30:25.738,1.12901,1.12903,0.90,0.54
2022.02.03 09:30:26.451,1.12901,1.12904,0.90,1.80
2022.02.03 09:30:29.568,1.12901,1.12903,0.90,0.54
2022.02.03 09:30:29.814,1.129,1.12902,0.90,0.54
2022.02.03 09:30:30.184,1.129,1.12903,0.90,1.44
2022.02.03 09:30:40.555,1.129,1.12902,0.90,0.98
2022.02.03 09:30:40.759,1.129,1.12903,0.90,1.34
2022.02.03 09:30:45.056,1.129,1.12904,1.57,1.98
2022.02.03 09:30:45.158,1.12901,1.12905,1.13,2.42
2022.02.03 09:30:47.304,1.12902,1.12905,0.90,2.42
2022.02.03 09:30:47.737,1.12901,1.12905,0.90,2.42
2022.02.03 09:30:50.031,1.12901,1.12904,0.90,0.44
2022.02.03 09:30:52.585,1.12901,1.12905,0.90,2.88
2022.02.03 09:30:52.687,1.12901,1.12904,1.57,0.44
2022.02.03 09:30:52.941,1.12901,1.12905,2.57,0.90
2022.02.03 09:30:53.150,1.12902,1.12905,0.90,2.34
2022.02.03 09:30:54.774,1.12903,1.12905,0.44,0.90
2022.02.03 09:30:56.209,1.12904,1.12905,1.34,1.98
2022.02.03 09:30:56.311,1.12904,1.12906,1.80,1.88
2022.02.03 09:30:56.413,1.12903,1.12906,1.34,0.90
2022.02.03 09:30:57.510,1.12904,1.12907,3.37,1.98
2022.02.03 09:30:57.612,1.12906,1.12908,3.01,0.98
2022.02.03 09:30:57.664,1.12908,1.1291,0.90,0.90
2022.02.03 09:30:57.766,1.12908,1.12911,2.93,0.90
2022.02.03 09:30:58.923,1.12905,1.12909,3.68,1.67
2022.02.03 09:30:58.974,1.12904,1.12906,2.11,0.12
2022.02.03 09:30:59.719,1.12902,1.12905,4.50,0.12
2022.02.03 09:31:00.553,1.12903,1.12905,0.90,0.12
2022.02.03 09:31:03.211,1.12903,1.12906,4.50,1.44
2022.02.03 09:31:03.481,1.12904,1.12906,2.78,0.90
2022.02.03 09:31:03.542,1.12906,1.12908,2.93,0.98
2022.02.03 09:31:03.645,1.12905,1.12908,3.83,0.54
2022.02.03 09:31:03.748,1.12906,1.12909,0.90,1.88
2022.02.03 09:31:07.140,1.12906,1.1291,3.14,3.32
2022.02.03 09:31:07.243,1.12908,1.1291,1.80,0.54
2022.02.03 09:31:07.345,1.12909,1.1291,1.80,1.44
2022.02.03 09:31:09.103,1.12907,1.12911,3.83,1.98
2022.02.03 09:31:09.319,1.12909,1.1291,0.44,1.98
2022.02.03 09:31:14.323,1.12909,1.12912,0.90,0.90
2022.02.03 09:31:20.192,1.12909,1.12913,1.34,1.44
2022.02.03 09:31:23.394,1.12911,1.12914,1.34,1.44
2022.02.03 09:31:23.598,1.12912,1.12914,1.34,1.88
2022.02.03 09:31:23.751,1.1291,1.12912,0.44,0.67
2022.02.03 09:31:23.802,1.12908,1.12911,2.65,0.90
2022.02.03 09:31:23.905,1.12908,1.12912,1.44,1.44
2022.02.03 09:31:28.253,1.1291,1.12911,0.44,0.98
2022.02.03 09:31:28.806,1.12909,1.12911,0.44,0.90
2022.02.03 09:31:29.183,1.12908,1.12911,1.34,0.98
2022.02.03 09:31:29.285,1.12908,1.1291,0.44,0.90
2022.02.03 09:31:29.497,1.12907,1.1291,0.98,0.90
2022.02.03 09:31:33.870,1.12905,1.12908,0.90,0.98
2022.02.03 09:31:35.483,1.12907,1.12909,0.98,1.44
2022.02.03 09:31:35.903,1.12905,1.12908,0.90,1.44
2022.02.03 09:31:48.643,1.12906,1.12908,0.44,0.90
2022.02.03 09:31:49.893,1.12906,1.12909,0.44,1.34
2022.02.03 09:31:52.735,1.12904,1.12907,1.44,0.90
2022.02.03 09:31:53.532,1.12905,1.12907,0.44,0.90
2022.02.03 09:31:56.493,1.12904,1.12906,0.44,0.90
2022.02.03 09:31:56.545,1.12901,1.12903,3.78,0.90
2022.02.03 09:31:56.647,1.12901,1.12902,0.90,1.34
2022.02.03 09:31:56.800,1.12899,1.12902,0.44,1.34
2022.02.03 09:31:56.903,1.12898,1.12902,2.24,1.34
2022.02.03 09:31:57.005,1.12898,1.12901,1.34,0.90
2022.02.03 09:31:59.093,1.12899,1.12901,0.44,0.90
2022.02.03 09:31:59.240,1.12898,1.12901,0.54,0.90
2022.02.03 09:32:00.548,1.12898,1.129,0.44,0.90
2022.02.03 09:32:02.805,1.12897,1.129,1.34,1.80
2022.02.03 09:32:02.857,1.12895,1.12897,0.44,0.90
2022.02.03 09:32:02.959,1.12893,1.12895,1.34,0.90
2022.02.03 09:32:03.062,1.12892,1.12894,0.44,0.90
2022.02.03 09:32:03.215,1.12891,1.12894,1.44,0.90
2022.02.03 09:32:04.327,1.12892,1.12895,0.90,0.90
2022.02.03 09:32:05.942,1.12891,1.12894,2.21,0.90
2022.02.03 09:32:07.571,1.12891,1.12895,1.88,0.90
2022.02.03 09:32:10.634,1.12892,1.12895,0.90,0.90
2022.02.03 09:32:11.434,1.12891,1.12894,0.98,0.90
2022.02.03 09:32:14.358,1.12892,1.12895,0.90,0.54
2022.02.03 09:32:14.460,1.12892,1.12896,0.90,2.42
2022.02.03 09:32:15.465,1.12892,1.12895,1.34,0.98
2022.02.03 09:32:17.448,1.12891,1.12894,0.90,0.90
2022.02.03 09:32:19.036,1.12893,1.12894,0.90,1.88
2022.02.03 09:32:19.139,1.12893,1.12895,0.44,1.44
2022.02.03 09:32:20.322,1.12894,1.12897,0.44,1.88
2022.02.03 09:32:20.546,1.12894,1.12898,1.67,2.34
2022.02.03 09:32:20.598,1.12896,1.12898,0.98,0.54
2022.02.03 09:32:20.700,1.12897,1.12899,1.34,0.90
2022.02.03 09:32:21.237,1.12897,1.129,1.34,1.88
2022.02.03 09:32:24.316,1.12898,1.129,0.44,0.90
2022.02.03 09:32:26.355,1.12898,1.12901,0.44,1.88
2022.02.03 09:32:37.487,1.12902,1.12904,0.44,0.90
2022.02.03 09:32:37.589,1.12903,1.12905,0.44,0.90
2022.02.03 09:32:37.743,1.12903,1.12906,0.44,3.68
2022.02.03 09:32:40.945,1.12903,1.12905,1.34,4.22
2022.02.03 09:32:41.048,1.12901,1.12904,1.34,1.34
2022.02.03 09:32:42.055,1.129,1.12901,0.44,0.90
2022.02.03 09:32:42.158,1.12898,1.12899,0.54,0.90
2022.02.03 09:32:42.261,1.12896,1.12898,0.90,2.03
2022.02.03 09:32:42.312,1.12893,1.12896,1.44,0.90
2022.02.03 09:32:42.364,1.12895,1.12897,0.90,0.90
2022.02.03 09:32:42.415,1.12892,1.12896,0.98,2.24
2022.02.03 09:32:43.714,1.12893,1.12896,0.90,2.34
2022.02.03 09:32:44.138,1.12892,1.12895,0.98,0.90
2022.02.03 09:32:48.635,1.12892,1.12896,1.34,1.34
2022.02.03 09:32:50.532,1.12893,1.12896,0.44,0.90
2022.02.03 09:32:51.499,1.12893,1.12894,0.90,0.90
2022.02.03 09:32:51.601,1.1289,1.12894,0.98,1.75
2022.02.03 09:32:51.755,1.12892,1.12893,1.44,0.54
2022.02.03 09:32:51.857,1.12891,1.12895,1.44,0.90
2022.02.03 09:32:52.134,1.12892,1.12895,0.90,0.90
2022.02.03 09:32:52.236,1.12892,1.12896,0.90,1.98
2022.02.03 09:32:53.819,1.12893,1.12897,1.44,1.88
2022.02.03 09:32:58.669,1.12893,1.12896,0.90,1.44
2022.02.03 09:33:01.522,1.12893,1.12895,0.90,0.54
2022.02.03 09:33:02.085,1.12893,1.12896,0.90,1.98
2022.02.03 09:33:03.207,1.12892,1.12895,0.98,0.90
2022.02.03 09:33:03.309,1.12891,1.12894,0.90,1.98
2022.02.03 09:33:11.925,1.12892,1.12895,1.13,0.12
2022.02.03 09:33:12.028,1.12893,1.12896,1.44,0.54
2022.02.03 09:33:12.130,1.12894,1.12897,0.90,0.12
2022.02.03 09:33:14.381,1.12896,1.12898,0.90,0.54
2022.02.03 09:33:14.534,1.12896,1.12898,1.44,0.54
2022.02.03 09:33:14.688,1.12896,1.12898,0.44,0.44
2022.02.03 09:33:14.790,1.12897,1.12899,0.90,0.44
2022.02.03 09:33:14.893,1.12897,1.129,0.90,1.34
2022.02.03 09:33:15.002,1.12897,1.12899,0.90,0.44
2022.02.03 09:33:15.104,1.12897,1.129,0.90,2.63
2022.02.03 09:33:17.046,1.12897,1.12899,0.90,0.44
2022.02.03 09:33:18.314,1.12896,1.12899,1.34,0.44
2022.02.03 09:33:18.416,1.12892,1.12895,1.80,0.98
2022.02.03 09:33:18.570,1.12892,1.12894,1.80,0.44
2022.02.03 09:33:18.672,1.12892,1.12895,0.90,2.88
2022.02.03 09:33:21.451,1.12891,1.12893,0.54,0.44
2022.02.03 09:33:21.616,1.12892,1.12895,0.90,2.88
2022.02.03 09:33:22.077,1.12891,1.12894,0.90,0.98
2022.02.03 09:33:26.658,1.12891,1.12893,0.90,0.90
2022.02.03 09:33:26.761,1.12886,1.12888,2.11,0.90
2022.02.03 09:33:26.863,1.12886,1.12889,1.80,0.90
2022.02.03 09:33:26.967,1.12886,1.1289,0.90,3.68
2022.02.03 09:33:28.057,1.12886,1.12889,0.90,0.54
2022.02.03 09:33:28.210,1.12888,1.12889,0.90,2.34
2022.02.03 09:33:28.312,1.12887,1.1289,0.90,1.88
2022.02.03 09:33:30.284,1.12888,1.1289,0.44,0.90
2022.02.03 09:33:30.386,1.12887,1.1289,0.90,0.90
2022.02.03 09:33:30.817,1.12886,1.1289,0.90,2.24
2022.02.03 09:33:30.919,1.12885,1.12889,1.13,1.80
2022.02.03 09:33:31.021,1.12885,1.12888,1.13,0.90
2022.02.03 09:33:31.123,1.12885,1.12889,1.13,2.34
2022.02.03 09:33:34.586,1.12885,1.12888,0.90,0.90
2022.02.03 09:33:37.785,1.12885,1.12889,1.67,0.90
2022.02.03 09:33:37.887,1.12887,1.12891,1.34,1.44
2022.02.03 09:33:37.990,1.12888,1.12892,0.90,1.34
2022.02.03 09:33:38.194,1.12887,1.12891,1.44,1.34
2022.02.03 09:33:39.055,1.12886,1.12889,0.90,0.90
2022.02.03 09:33:39.157,1.12885,1.12889,0.90,1.80
2022.02.03 09:33:39.260,1.12884,1.12887,0.90,0.90
2022.02.03 09:33:39.362,1.12884,1.12888,1.34,1.88
2022.02.03 09:33:39.948,1.12885,1.12889,1.34,1.88
2022.02.03 09:33:40.268,1.12886,1.12889,0.90,0.90
2022.02.03 09:33:40.370,1.12887,1.1289,0.90,0.90
2022.02.03 09:33:46.137,1.12885,1.12889,1.44,1.34
2022.02.03 09:33:52.529,1.12886,1.12889,0.90,0.90
2022.02.03 09:33:57.607,1.12888,1.12889,1.44,2.57
2022.02.03 09:33:58.937,1.12886,1.1289,1.44,0.90
2022.02.03 09:33:59.039,1.12885,1.12889,0.90,1.80
2022.02.03 09:33:59.142,1.12885,1.12888,0.90,0.90
2022.02.03 09:33:59.893,1.12883,1.12887,1.44,0.90
2022.02.03 09:33:59.995,1.12882,1.12886,1.44,0.90
2022.02.03 09:34:03.233,1.12881,1.12885,1.44,0.90
2022.02.03 09:34:03.436,1.12882,1.12885,0.44,0.90
2022.02.03 09:34:04.561,1.12881,1.12885,1.44,0.90
2022.02.03 09:34:05.687,1.12879,1.12883,2.83,0.90
2022.02.03 09:34:05.791,1.12881,1.12884,0.44,0.90
2022.02.03 09:34:06.098,1.1288,1.12884,1.34,0.90
2022.02.03 09:34:06.201,1.12881,1.12884,0.90,0.44
2022.02.03 09:34:06.303,1.12881,1.12885,1.34,1.80
2022.02.03 09:34:06.406,1.1288,1.12884,0.90,1.34
2022.02.03 09:34:09.990,1.12881,1.12885,1.34,0.90
2022.02.03 09:34:10.456,1.12881,1.12884,0.90,0.90
2022.02.03 09:34:13.354,1.1288,1.12883,0.90,1.34
2022.02.03 09:34:13.507,1.12879,1.12883,0.90,3.24
2022.02.03 09:34:14.902,1.12879,1.12882,0.90,0.90
2022.02.03 09:34:15.080,1.12877,1.12879,1.88,0.44
2022.02.03 09:34:15.132,1.12875,1.12878,0.90,3.14
2022.02.03 09:34:15.235,1.12876,1.12879,0.90,4.45
2022.02.03 09:34:15.337,1.12877,1.1288,0.90,1.80
2022.02.03 09:34:15.388,1.12875,1.12878,1.80,0.90
2022.02.03 09:34:15.752,1.12873,1.12876,1.88,0.90
2022.02.03 09:34:15.854,1.12872,1.12876,2.57,0.90
2022.02.03 09:34:16.454,1.12873,1.12877,1.44,0.90
2022.02.03 09:34:16.556,1.12874,1.12877,0.90,0.90
2022.02.03 09:34:16.862,1.12872,1.12876,1.44,1.80
2022.02.03 09:34:18.618,1.12874,1.12876,1.13,0.90
2022.02.03 09:34:18.771,1.12874,1.12875,2.57,0.90
2022.02.03 09:34:21.646,1.12874,1.12877,0.90,0.90
2022.02.03 09:34:23.972,1.12873,1.12876,1.80,0.90
2022.02.03 09:34:25.653,1.12872,1.12876,3.68,0.90
2022.02.03 09:34:32.099,1.12871,1.12875,1.88,0.90
2022.02.03 09:34:32.252,1.1287,1.12874,1.34,1.88
2022.02.03 09:34:32.354,1.12871,1.12874,3.47,0.90
2022.02.03 09:34:32.716,1.12873,1.12877,1.57,3.55
2022.02.03 09:34:32.819,1.12874,1.12878,2.11,1.44
2022.02.03 09:34:32.921,1.12873,1.12877,4.01,0.90
2022.02.03 09:34:34.133,1.12873,1.12876,1.34,0.90
2022.02.03 09:34:38.221,1.12874,1.12878,2.34,0.90
2022.02.03 09:34:38.323,1.12875,1.12879,0.98,1.88
2022.02.03 09:34:38.578,1.12877,1.12879,1.44,0.90
2022.02.03 09:34:39.938,1.12874,1.12877,2.21,0.90
2022.02.03 09:34:40.041,1.12872,1.12876,4.14,0.90
2022.02.03 09:34:43.158,1.12874,1.12878,1.44,2.34
2022.02.03 09:34:43.260,1.12875,1.12878,2.57,0.54
2022.02.03 09:34:43.363,1.12877,1.12878,0.90,0.90
2022.02.03 09:34:44.252,1.12875,1.12879,0.90,2.42
2022.02.03 09:34:46.502,1.12876,1.12879,0.44,0.90
2022.02.03 09:34:55.976,1.12875,1.12879,1.44,0.90
2022.02.03 09:34:56.333,1.12876,1.12879,0.54,0.90
2022.02.03 09:34:57.896,1.12876,1.12878,1.44,0.90
2022.02.03 09:34:59.357,1.12876,1.12879,0.54,0.90
2022.02.03 09:35:00.203,1.12876,1.12878,0.90,0.44
2022.02.03 09:35:00.305,1.12874,1.12878,1.34,0.98
2022.02.03 09:35:00.407,1.12875,1.12878,0.90,0.90
2022.02.03 09:35:00.510,1.12876,1.12879,0.54,0.90
2022.02.03 09:35:01.672,1.12876,1.1288,1.88,1.34
2022.02.03 09:35:01.774,1.1288,1.12882,1.88,2.57
2022.02.03 09:35:01.877,1.12881,1.12883,0.12,4.01
2022.02.03 09:35:01.929,1.12878,1.12881,1.98,1.13
2022.02.03 09:35:02.031,1.12877,1.1288,0.12,0.90
2022.02.03 09:35:07.489,1.12877,1.12879,0.12,0.90
2022.02.03 09:35:07.591,1.12876,1.12879,1.44,0.90
2022.02.03 09:35:09.675,1.12877,1.12879,0.44,0.90
2022.02.03 09:35:09.781,1.12878,1.12879,0.44,0.98
2022.02.03 09:35:12.250,1.12876,1.1288,1.67,0.98
2022.02.03 09:35:12.352,1.12876,1.12879,1.44,0.90
2022.02.03 09:35:13.332,1.12875,1.12879,1.67,3.24
2022.02.03 09:35:13.384,1.12874,1.12877,3.55,0.90
2022.02.03 09:35:15.169,1.12876,1.12877,0.12,0.90
2022.02.03 09:35:15.271,1.12876,1.12877,0.98,0.90
2022.02.03 09:35:17.554,1.12876,1.12879,1.88,0.90
2022.02.03 09:35:24.147,1.12877,1.12878,0.77,0.90
2022.02.03 09:35:24.249,1.12876,1.12877,1.44,0.90
2022.02.03 09:35:26.672,1.12874,1.12878,1.44,0.98
2022.02.03 09:35:29.125,1.12875,1.12878,0.12,0.90
2022.02.03 09:35:29.227,1.12876,1.12879,0.90,0.98
2022.02.03 09:35:29.380,1.12875,1.12879,1.88,0.98
2022.02.03 09:35:30.216,1.12875,1.12878,1.44,0.90
2022.02.03 09:35:32.665,1.12874,1.12877,0.12,0.90
2022.02.03 09:35:32.767,1.12874,1.12876,2.34,0.98
2022.02.03 09:35:34.575,1.12875,1.12877,0.54,0.90
2022.02.03 09:35:37.540,1.12873,1.12876,0.12,0.90
2022.02.03 09:35:37.693,1.12872,1.12875,2.78,0.90
2022.02.03 09:35:37.796,1.12871,1.12874,0.12,0.90
2022.02.03 09:35:38.561,1.1287,1.12874,1.88,3.24
2022.02.03 09:35:38.613,1.1287,1.12871,1.34,0.12
2022.02.03 09:35:38.665,1.12868,1.1287,1.88,0.90
2022.02.03 09:35:39.301,1.12867,1.1287,3.68,0.90
2022.02.03 09:35:40.205,1.1287,1.12873,0.44,0.90
2022.02.03 09:35:40.307,1.12871,1.12874,1.34,2.34
2022.02.03 09:35:40.410,1.1287,1.12873,1.44,0.90
2022.02.03 09:35:41.717,1.12871,1.12874,1.34,0.90
2022.02.03 09:35:41.820,1.12872,1.12876,0.98,1.88
2022.02.03 09:35:43.940,1.12872,1.12875,0.90,0.90
2022.02.03 09:35:45.492,1.12872,1.12874,1.44,0.90
2022.02.03 09:35:45.595,1.12871,1.12874,1.44,0.90
2022.02.03 09:35:49.307,1.12871,1.12875,1.34,0.90
2022.02.03 09:35:49.409,1.12872,1.12876,1.44,0.90
2022.02.03 09:35:49.782,1.12872,1.12875,0.98,0.90
2022.02.03 09:35:53.278,1.12875,1.12878,2.34,0.90
2022.02.03 09:35:53.386,1.12876,1.12879,0.98,0.54
2022.02.03 09:35:53.512,1.12876,1.1288,0.98,2.34
2022.02.03 09:35:57.094,1.12877,1.1288,0.12,0.90
2022.02.03 09:35:57.299,1.12876,1.1288,1.44,1.44
2022.02.03 09:35:57.401,1.12876,1.12879,0.98,0.90
2022.02.03 09:36:00.124,1.12878,1.1288,0.67,0.90
2022.02.03 09:36:00.176,1.12882,1.12883,0.44,4.45
2022.02.03 09:36:00.278,1.12881,1.12884,1.44,0.90
2022.02.03 09:36:02.032,1.1288,1.12884,1.44,0.90
2022.02.03 09:36:06.586,1.12879,1.12882,2.34,0.90
2022.02.03 09:36:06.739,1.12878,1.12882,1.44,1.34
2022.02.03 09:36:06.842,1.12877,1.1288,1.44,0.90
2022.02.03 09:36:06.944,1.12876,1.12879,2.34,0.90
2022.02.03 09:36:08.520,1.12878,1.1288,0.44,0.90
2022.02.03 09:36:08.800,1.12878,1.12881,1.34,0.90
2022.02.03 09:36:08.915,1.12879,1.12882,1.21,0.90
2022.02.03 09:36:09.017,1.12881,1.12883,0.44,0.90
2022.02.03 09:36:09.770,1.1288,1.12883,0.90,0.90
2022.02.03 09:36:10.267,1.12879,1.12883,1.44,0.90
2022.02.03 09:36:11.946,1.12881,1.12884,0.90,0.90
2022.02.03 09:36:17.662,1.12882,1.12884,0.44,0.90
2022.02.03 09:36:17.996,1.12884,1.12886,0.23,0.90
2022.02.03 09:36:18.099,1.12885,1.12888,1.34,0.90
2022.02.03 09:36:19.056,1.12885,1.12887,1.34,1.44
2022.02.03 09:36:19.158,1.12885,1.12886,1.34,0.90
2022.02.03 09:36:20.269,1.12883,1.12886,0.90,0.90
2022.02.03 09:36:21.687,1.12882,1.12885,0.12,0.90
2022.02.03 09:36:21.789,1.12881,1.12885,3.47,0.90
2022.02.03 09:36:24.117,1.12881,1.12884,1.44,0.90
2022.02.03 09:36:24.220,1.12882,1.12885,1.44,0.90
2022.02.03 09:36:24.336,1.12883,1.12886,0.90,0.90
2022.02.03 09:36:25.230,1.12885,1.12888,0.90,1.98
2022.02.03 09:36:25.332,1.12886,1.12889,0.90,1.80
2022.02.03 09:36:25.536,1.12887,1.1289,0.90,2.34
2022.02.03 09:36:28.509,1.12886,1.1289,1.34,1.44
2022.02.03 09:36:30.271,1.12885,1.12889,2.11,1.34
2022.02.03 09:36:30.374,1.12885,1.12888,1.67,0.90
2022.02.03 09:36:31.246,1.12884,1.12888,1.67,1.34
2022.02.03 09:36:31.781,1.12884,1.12887,0.77,0.90
2022.02.03 09:36:32.819,1.12883,1.12886,0.67,0.90
2022.02.03 09:36:35.676,1.12883,1.12887,0.90,1.44
2022.02.03 09:36:37.050,1.12884,1.12887,1.44,0.90
2022.02.03 09:36:37.152,1.12884,1.12888,1.34,1.44
2022.02.03 09:36:39.083,1.12884,1.12887,1.34,0.90
2022.02.03 09:36:39.185,1.12885,1.12888,0.90,0.90
2022.02.03 09:36:39.288,1.12886,1.12888,0.44,0.90
2022.02.03 09:36:39.426,1.12886,1.12889,1.34,0.90
2022.02.03 09:36:46.243,1.12887,1.12889,0.44,0.90
2022.02.03 09:36:48.589,1.12886,1.12889,1.44,0.90
2022.02.03 09:36:50.757,1.12885,1.12889,3.47,0.90
2022.02.03 09:36:53.831,1.12885,1.12888,1.67,0.90
2022.02.03 09:36:55.049,1.12884,1.12888,3.11,1.34
2022.02.03 09:36:55.152,1.12883,1.12886,1.21,2.57
2022.02.03 09:36:55.254,1.12882,1.12885,0.90,1.67
2022.02.03 09:36:56.500,1.1288,1.12883,1.44,0.90
2022.02.03 09:37:10.763,1.12879,1.12882,1.67,0.90
2022.02.03 09:37:10.865,1.12878,1.12882,3.55,0.90
2022.02.03 09:37:11.359,1.12878,1.1288,0.12,0.90
2022.02.03 09:37:11.462,1.12876,1.12878,4.09,0.90
2022.02.03 09:37:20.774,1.12877,1.1288,1.67,0.90
2022.02.03 09:37:21.284,1.12877,1.12879,1.44,0.90
2022.02.03 09:37:23.136,1.12873,1.12875,8.77,0.90
2022.02.03 09:37:23.188,1.12875,1.12877,1.67,1.34
2022.02.03 09:37:23.239,1.12872,1.12874,4.50,0.90
2022.02.03 09:37:23.407,1.12871,1.12874,1.44,0.90
2022.02.03 09:37:23.458,1.12875,1.12877,0.44,0.12
2022.02.03 09:37:23.612,1.12875,1.12878,0.44,0.90
2022.02.03 09:37:24.146,1.12874,1.12878,0.44,0.90
2022.02.03 09:37:24.248,1.12874,1.12876,0.44,0.90
2022.02.03 09:37:32.034,1.12874,1.12879,1.34,2.34
2022.02.03 09:37:33.234,1.12874,1.12876,1.34,0.90
2022.02.03 09:37:34.610,1.12873,1.12877,1.34,0.90
2022.02.03 09:37:34.712,1.12873,1.12875,1.34,0.90
2022.02.03 09:37:35.255,1.12872,1.12875,0.54,0.90
2022.02.03 09:37:35.357,1.12873,1.12874,0.54,0.90
2022.02.03 09:37:39.752,1.12871,1.12874,2.78,0.90
2022.02.03 09:37:44.622,1.12871,1.12873,0.54,0.90
2022.02.03 09:37:44.673,1.1287,1.12871,0.54,0.90
2022.02.03 09:37:45.314,1.1287,1.12873,3.68,0.90
2022.02.03 09:37:45.416,1.12871,1.12873,0.98,0.90
2022.02.03 09:37:47.563,1.12872,1.12876,0.54,0.12
2022.02.03 09:37:47.665,1.12873,1.12875,0.54,0.90
2022.02.03 09:37:47.716,1.12875,1.12876,1.44,0.90
2022.02.03 09:37:49.369,1.12873,1.12874,4.32,2.24
2022.02.03 09:37:49.471,1.1287,1.12872,0.90,0.98
2022.02.03 09:37:53.403,1.1287,1.12873,0.12,0.90
2022.02.03 09:38:01.628,1.12869,1.12873,2.88,0.98
2022.02.03 09:38:02.057,1.1287,1.12873,0.90,0.98
2022.02.03 09:38:04.099,1.12875,1.12877,1.44,3.91
2022.02.03 09:38:04.354,1.12875,1.12878,0.44,0.90
2022.02.03 09:38:05.803,1.12874,1.12876,0.54,0.90
2022.02.03 09:38:05.956,1.12873,1.12876,4.32,0.90
2022.02.03 09:38:06.058,1.12875,1.12876,0.54,0.90
2022.02.03 09:38:06.110,1.12874,1.12878,2.57,0.90
2022.02.03 09:38:06.314,1.12875,1.12878,0.44,0.90
2022.02.03 09:38:09.357,1.12876,1.12878,0.44,0.90
2022.02.03 09:38:09.459,1.12876,1.12879,2.11,0.90
2022.02.03 09:38:10.397,1.12877,1.1288,3.24,0.90
2022.02.03 09:38:10.924,1.12878,1.12879,0.90,0.90
2022.02.03 09:38:13.051,1.12876,1.12879,5.58,0.90
2022.02.03 09:38:13.638,1.12877,1.12879,1.34,0.90
2022.02.03 09:38:14.109,1.12876,1.12879,2.93,0.90
2022.02.03 09:38:14.228,1.12876,1.12878,0.44,0.90
2022.02.03 09:38:14.479,1.12875,1.12878,3.78,0.90
2022.02.03 09:38:15.237,1.12876,1.12879,1.88,0.90
2022.02.03 09:38:15.340,1.12876,1.1288,1.88,1.34
2022.02.03 09:38:15.442,1.12876,1.12879,1.44,0.90
2022.02.03 09:38:15.888,1.12876,1.12878,0.12,0.90
2022.02.03 09:38:15.990,1.12875,1.12878,4.68,0.90
2022.02.03 09:38:16.384,1.12875,1.12879,5.12,0.90
2022.02.03 09:38:16.486,1.12876,1.1288,3.91,1.34
2022.02.03 09:38:19.586,1.12877,1.1288,2.93,0.90
2022.02.03 09:38:21.359,1.12878,1.1288,0.90,0.90
2022.02.03 09:38:21.856,1.12877,1.1288,2.57,0.90
2022.02.03 09:38:30.851,1.12878,1.12882,1.57,0.98
2022.02.03 09:38:30.954,1.12881,1.12883,0.23,0.90
2022.02.03 09:38:31.057,1.1288,1.12883,4.76,0.90
2022.02.03 09:38:31.261,1.12879,1.12881,3.55,0.90
2022.02.03 09:38:33.589,1.1288,1.12883,2.11,0.90
2022.02.03 09:38:33.691,1.12881,1.12883,0.54,0.90
2022.02.03 09:38:35.538,1.12882,1.12883,2.11,0.90
2022.02.03 09:38:36.665,1.12882,1.12885,1.44,0.90
2022.02.03 09:38:39.712,1.12881,1.12885,2.57,1.44
2022.02.03 09:38:39.915,1.12882,1.12885,1.13,0.98
2022.02.03 09:38:40.018,1.12883,1.12886,1.88,0.90
2022.02.03 09:38:40.273,1.12882,1.12885,3.01,0.90
2022.02.03 09:38:41.055,1.12883,1.12885,0.12,0.90
2022.02.03 09:38:42.005,1.12882,1.12885,1.76,0.90
2022.02.03 09:38:45.348,1.12883,1.12885,0.54,0.90
2022.02.03 09:38:47.071,1.12883,1.12886,0.12,1.34
2022.02.03 09:38:50.925,1.12882,1.12886,1.88,1.44
2022.02.03 09:38:52.434,1.12882,1.12885,0.54,0.90
2022.02.03 09:38:56.777,1.12884,1.12885,0.12,1.34
2022.02.03 09:38:57.082,1.12882,1.12885,1.88,0.90
2022.02.03 09:38:57.677,1.12883,1.12885,0.12,0.90
2022.02.03 09:38:59.380,1.12885,1.12886,0.44,0.98
2022.02.03 09:38:59.482,1.12883,1.12885,0.12,0.90
2022.02.03 09:39:00.061,1.12883,1.12884,1.88,0.90
2022.02.03 09:39:02.464,1.12884,1.12887,2.70,0.98
2022.02.03 09:39:02.566,1.12886,1.12889,1.44,1.80
2022.02.03 09:39:13.954,1.12887,1.12889,0.77,0.90
2022.02.03 09:39:15.130,1.1289,1.12893,1.44,3.47
2022.02.03 09:39:17.162,1.12892,1.12895,0.90,0.90
2022.02.03 09:39:22.142,1.12891,1.12894,0.90,0.90
2022.02.03 09:39:23.028,1.12891,1.12893,0.90,0.44
2022.02.03 09:39:23.997,1.1289,1.12893,2.78,0.90
2022.02.03 09:39:24.099,1.12891,1.12893,0.90,0.90
2022.02.03 09:39:24.201,1.12892,1.12894,0.44,1.34
2022.02.03 09:39:24.303,1.12891,1.12893,0.90,0.44
2022.02.03 09:39:24.406,1.12889,1.12892,0.98,1.34
2022.02.03 09:39:24.508,1.1289,1.12892,0.90,0.44
2022.02.03 09:39:25.195,1.1289,1.12893,0.90,0.90
2022.02.03 09:39:26.539,1.12892,1.12893,0.90,0.90
2022.02.03 09:39:27.903,1.12892,1.12895,2.24,0.90
2022.02.03 09:39:40.564,1.12892,1.12894,0.90,0.23
2022.02.03 09:39:40.667,1.12889,1.12892,3.24,2.93
2022.02.03 09:39:40.769,1.12887,1.12889,0.90,2.47
2022.02.03 09:39:40.923,1.12886,1.12889,0.90,2.47
2022.02.03 09:39:41.076,1.12886,1.12888,0.90,1.13
2022.02.03 09:39:41.290,1.12885,1.12887,0.90,0.90
2022.02.03 09:39:41.393,1.12886,1.12887,1.80,1.34
2022.02.03 09:39:41.495,1.12886,1.12888,0.90,0.44
2022.02.03 09:39:41.606,1.12886,1.12889,0.90,1.34
2022.02.03 09:39:41.708,1.12887,1.1289,0.90,1.80
2022.02.03 09:39:50.322,1.12888,1.12891,0.90,2.24
2022.02.03 09:39:51.426,1.12887,1.1289,0.98,0.90
2022.02.03 09:39:51.773,1.12885,1.12887,0.90,2.70
2022.02.03 09:39:51.876,1.12884,1.12886,1.44,3.60
2022.02.03 09:39:51.978,1.12883,1.12885,1.80,2.70
2022.02.03 09:39:52.081,1.12883,1.12884,0.90,3.60
2022.02.03 09:39:55.110,1.12883,1.12885,1.34,2.70
2022.02.03 09:39:55.568,1.12882,1.12885,1.34,3.60
2022.02.03 09:39:55.890,1.12883,1.12885,0.90,2.70
2022.02.03 09:39:56.283,1.12883,1.12886,1.44,3.60
2022.02.03 09:39:56.386,1.12883,1.12885,0.98,2.70
2022.02.03 09:39:56.437,1.12881,1.12883,1.88,2.70
2022.02.03 09:39:56.540,1.12879,1.12881,4.50,5.84
2022.02.03 09:39:56.591,1.12876,1.12878,1.21,0.90
2022.02.03 09:39:56.643,1.12874,1.12876,1.44,2.70
2022.02.03 09:39:56.796,1.12873,1.12875,0.90,1.13
2022.02.03 09:39:56.898,1.12873,1.12876,0.90,2.11
2022.02.03 09:39:57.932,1.12873,1.12874,0.90,3.00
2022.02.03 09:39:59.025,1.1287,1.12873,0.98,2.42
2022.02.03 09:39:59.127,1.12871,1.12873,0.90,2.70
2022.02.03 09:39:59.961,1.12871,1.12874,0.90,3.60
2022.02.03 09:40:00.165,1.12872,1.12874,0.90,2.70
2022.02.03 09:40:00.744,1.12871,1.12874,1.44,1.98
2022.02.03 09:40:01.140,1.12869,1.12872,2.78,1.98
2022.02.03 09:40:01.242,1.12869,1.12871,1.34,1.08
2022.02.03 09:40:01.396,1.12869,1.12872,1.34,0.90
2022.02.03 09:40:01.688,1.12869,1.12871,1.34,0.67
2022.02.03 09:40:01.944,1.12869,1.12872,0.90,0.90
2022.02.03 09:40:02.287,1.12869,1.12871,0.90,0.90
2022.02.03 09:40:02.591,1.12869,1.12872,0.90,0.90
2022.02.03 09:40:02.802,1.12869,1.12871,0.90,0.90
2022.02.03 09:40:02.904,1.12869,1.12872,0.90,0.90
2022.02.03 09:40:04.612,1.12869,1.12871,0.90,0.44
2022.02.03 09:40:05.610,1.12866,1.12868,0.12,0.44
2022.02.03 09:40:05.661,1.12864,1.12867,3.11,0.90
2022.02.03 09:40:05.764,1.12864,1.12865,1.80,3.11
2022.02.03 09:40:05.815,1.12862,1.12864,4.50,2.11
2022.02.03 09:40:05.867,1.12859,1.12862,0.98,1.13
2022.02.03 09:40:05.969,1.12859,1.12861,0.90,0.90
2022.02.03 09:40:06.882,1.12858,1.12861,0.90,0.90
2022.02.03 09:40:08.478,1.12857,1.1286,0.98,0.90
2022.02.03 09:40:11.987,1.12858,1.12861,0.90,2.70
2022.02.03 09:40:16.085,1.12858,1.1286,0.90,0.44
2022.02.03 09:40:16.187,1.12858,1.12861,0.90,0.90
2022.02.03 09:40:17.072,1.12858,1.1286,0.90,0.44
2022.02.03 09:40:17.554,1.12858,1.12861,0.90,1.34
2022.02.03 09:40:18.074,1.12858,1.1286,0.90,0.44
2022.02.03 09:40:19.930,1.12858,1.12861,0.90,0.90
2022.02.03 09:40:22.512,1.12857,1.1286,0.90,1.80
2022.02.03 09:40:22.563,1.12855,1.12856,0.44,1.57
2022.02.03 09:40:22.666,1.12853,1.12856,1.80,1.67
2022.02.03 09:40:26.352,1.12854,1.12856,0.90,0.44
2022.02.03 09:40:26.454,1.12853,1.12856,0.90,1.57
2022.02.03 09:40:33.619,1.12855,1.12856,0.90,1.34
2022.02.03 09:40:33.721,1.12856,1.12858,0.90,0.54
2022.02.03 09:40:33.773,1.12857,1.1286,0.90,1.34
2022.02.03 09:40:34.307,1.12857,1.12859,0.90,0.44
2022.02.03 09:40:34.507,1.12857,1.1286,0.90,2.70
2022.02.03 09:40:36.325,1.12856,1.12859,1.34,0.90
2022.02.03 09:40:38.021,1.12855,1.12857,0.90,1.80
2022.02.03 09:40:38.073,1.12852,1.12855,3.24,1.34
2022.02.03 09:40:38.176,1.12852,1.12854,2.24,0.44
2022.02.03 09:40:39.748,1.12852,1.12855,1.44,1.34
2022.02.03 09:40:44.034,1.12853,1.12856,0.90,1.34
2022.02.03 09:40:48.242,1.12853,1.12855,0.90,0.44
2022.02.03 09:40:50.468,1.12853,1.12856,0.90,4.01
2022.02.03 09:40:50.965,1.12852,1.12854,0.90,0.44
2022.02.03 09:40:51.118,1.12852,1.12855,0.90,1.80
2022.02.03 09:40:51.527,1.12856,1.12858,0.90,3.11
2022.02.03 09:40:51.629,1.12855,1.12858,0.90,3.24
2022.02.03 09:40:51.732,1.12855,1.12857,0.90,0.44
2022.02.03 09:40:51.834,1.12854,1.12857,0.98,1.34
2022.02.03 09:40:52.657,1.12856,1.12859,0.90,0.90
2022.02.03 09:40:52.760,1.12857,1.1286,0.98,1.80
2022.02.03 09:40:53.846,1.12858,1.1286,0.12,0.90
2022.02.03 09:40:55.924,1.12858,1.12861,1.44,0.90
2022.02.03 09:40:56.027,1.12861,1.12863,0.90,0.12
2022.02.03 09:40:56.129,1.12861,1.12864,0.90,1.88
2022.02.03 09:40:58.266,1.12859,1.12862,1.98,0.90
2022.02.03 09:40:59.947,1.12859,1.1286,0.98,0.90
2022.02.03 09:41:05.083,1.12857,1.12861,0.98,1.67
2022.02.03 09:41:07.159,1.12858,1.12861,0.98,0.90
2022.02.03 09:41:08.350,1.12861,1.12863,1.80,2.57
2022.02.03 09:41:08.401,1.12862,1.12865,0.90,3.47
2022.02.03 09:41:08.554,1.12863,1.12865,0.90,0.90
2022.02.03 09:41:08.657,1.12863,1.12865,0.90,1.44
2022.02.03 09:41:09.965,1.12866,1.12869,0.90,1.88
2022.02.03 09:41:10.067,1.12867,1.1287,0.90,0.90
2022.02.03 09:41:10.565,1.12867,1.12871,0.90,1.44
2022.02.03 09:41:11.644,1.12868,1.12871,0.90,1.44
2022.02.03 09:41:12.108,1.12869,1.12872,0.90,2.24
2022.02.03 09:41:12.210,1.12872,1.12874,0.90,2.57
2022.02.03 09:41:12.313,1.12873,1.12875,0.90,0.90
2022.02.03 09:41:12.415,1.12873,1.12876,0.90,1.80
2022.02.03 09:41:13.404,1.12874,1.12876,0.90,1.13
2022.02.03 09:41:13.507,1.12872,1.12875,0.90,1.88
2022.02.03 09:41:15.060,1.12873,1.12875,0.90,0.54
2022.02.03 09:41:16.776,1.12872,1.12875,0.90,1.44
2022.02.03 09:41:22.089,1.12874,1.12877,0.90,1.44
2022.02.03 09:41:25.387,1.12876,1.12879,0.90,3.47
2022.02.03 09:41:25.490,1.12877,1.12879,0.90,0.90
2022.02.03 09:41:25.592,1.12876,1.12879,0.90,1.67
2022.02.03 09:41:28.598,1.12877,1.1288,0.90,1.67
2022.02.03 09:41:33.490,1.12878,1.12881,0.90,1.67
2022.02.03 09:41:38.082,1.12878,1.12879,1.34,0.90
2022.02.03 09:41:40.908,1.12873,1.12877,3.47,3.47
2022.02.03 09:41:41.010,1.12873,1.12875,2.11,0.98
2022.02.03 09:41:41.113,1.12871,1.12874,5.40,0.98
2022.02.03 09:41:41.265,1.12871,1.12873,0.90,1.57
2022.02.03 09:41:41.367,1.12869,1.12872,0.90,1.67
2022.02.03 09:41:44.777,1.12872,1.12873,2.34,2.57
2022.02.03 09:41:44.879,1.12873,1.12876,1.44,1.80
2022.02.03 09:41:46.210,1.12876,1.12879,0.90,3.01
2022.02.03 09:41:47.247,1.12875,1.12876,0.90,0.90
2022.02.03 09:41:49.857,1.1287,1.12873,0.44,2.93
2022.02.03 09:41:49.959,1.12869,1.12871,0.90,0.67
2022.02.03 09:41:50.011,1.12867,1.12869,5.71,0.90
2022.02.03 09:41:50.113,1.12866,1.12869,1.80,1.34
2022.02.03 09:41:50.266,1.12866,1.12868,0.90,0.44
2022.02.03 09:41:51.030,1.12865,1.12868,0.90,1.34
2022.02.03 09:41:51.132,1.12867,1.12869,0.12,0.90
2022.02.03 09:41:51.235,1.12867,1.1287,0.98,0.90
2022.02.03 09:41:51.337,1.12868,1.12871,0.90,2.03
2022.02.03 09:41:52.191,1.12867,1.12868,0.98,0.90
2022.02.03 09:41:52.498,1.12867,1.1287,0.90,1.34
2022.02.03 09:41:52.600,1.12866,1.12869,0.98,0.90
2022.02.03 09:41:53.297,1.12865,1.12868,0.98,0.90
2022.02.03 09:41:54.168,1.12866,1.12869,0.90,1.44
2022.02.03 09:41:54.270,1.12867,1.1287,0.90,0.90
2022.02.03 09:41:56.378,1.12867,1.12869,0.90,0.54
2022.02.03 09:41:56.736,1.12865,1.12866,0.98,0.90
2022.02.03 09:41:58.124,1.12865,1.12868,0.90,1.44
2022.02.03 09:41:58.990,1.12866,1.12868,0.90,0.12
2022.02.03 09:41:59.041,1.12867,1.1287,0.90,0.98
2022.02.03 09:41:59.143,1.12868,1.1287,0.90,0.12
2022.02.03 09:41:59.246,1.12868,1.12871,0.90,0.90
2022.02.03 09:42:02.738,1.12868,1.1287,0.90,0.12
2022.02.03 09:42:04.794,1.12868,1.12871,0.90,1.34
2022.02.03 09:42:06.174,1.1287,1.12872,0.90,0.12
2022.02.03 09:42:06.276,1.1287,1.12873,0.90,1.44
2022.02.03 09:42:06.582,1.12869,1.12872,0.90,1.44
2022.02.03 09:42:06.685,1.12869,1.1287,0.90,0.12
2022.02.03 09:42:06.892,1.12869,1.12872,0.90,1.44
2022.02.03 09:42:08.907,1.12868,1.12871,0.98,0.90
2022.02.03 09:42:11.961,1.12869,1.12871,0.90,0.54
2022.02.03 09:42:12.114,1.1287,1.12871,0.90,1.44
2022.02.03 09:42:19.202,1.12871,1.12874,0.90,4.01
2022.02.03 09:42:19.312,1.12872,1.12875,0.90,1.44
2022.02.03 09:42:19.516,1.12874,1.12876,0.90,0.54
2022.02.03 09:42:20.173,1.12874,1.12877,0.90,2.34
2022.02.03 09:42:20.860,1.12873,1.12876,0.90,1.67
2022.02.03 09:42:20.962,1.12871,1.12874,0.90,1.44
2022.02.03 09:42:21.224,1.12871,1.12872,1.80,0.12
2022.02.03 09:42:21.444,1.1287,1.12873,1.80,0.98
2022.02.03 09:42:22.479,1.12872,1.12875,0.90,0.12
2022.02.03 09:42:22.581,1.12873,1.12876,1.34,0.12
2022.02.03 09:42:24.236,1.1287,1.12873,3.01,1.44
2022.02.03 09:42:24.338,1.12869,1.12872,0.90,1.67
2022.02.03 09:42:24.441,1.12869,1.12871,0.90,1.21
2022.02.03 09:42:24.787,1.12868,1.12871,0.90,1.67
2022.02.03 09:42:25.269,1.12871,1.12873,0.90,0.12
2022.02.03 09:42:25.371,1.12871,1.12874,0.90,1.67
2022.02.03 09:42:30.934,1.12873,1.12875,0.90,0.12
2022.02.03 09:42:31.037,1.12874,1.12876,0.90,3.32
2022.02.03 09:42:31.751,1.12872,1.12875,0.90,1.44
2022.02.03 09:42:33.015,1.12874,1.12876,0.90,0.54
2022.02.03 09:42:34.834,1.12873,1.12876,0.90,0.77
2022.02.03 09:42:35.169,1.12872,1.12875,0.98,0.90
2022.02.03 09:42:36.295,1.12873,1.12875,0.90,0.12
2022.02.03 09:42:38.638,1.12873,1.12876,0.90,1.67
2022.02.03 09:42:46.916,1.12873,1.12874,0.90,0.12
2022.02.03 09:42:50.115,1.12875,1.12877,0.90,3.55
2022.02.03 09:42:50.268,1.12875,1.12878,0.90,1.67
2022.02.03 09:42:50.370,1.12875,1.12877,0.90,0.44
2022.02.03 09:42:52.833,1.12875,1.12878,0.90,1.67
2022.02.03 09:42:55.091,1.12875,1.12877,0.90,0.44
2022.02.03 09:42:56.034,1.12875,1.12876,0.90,1.34
2022.02.03 09:42:59.504,1.12877,1.12879,0.90,0.54
2022.02.03 09:42:59.657,1.12878,1.12879,0.90,0.90
2022.02.03 09:43:07.824,1.12878,1.12881,0.90,1.44
2022.02.03 09:43:08.543,1.12879,1.12881,0.44,0.90
2022.02.03 09:43:08.645,1.12881,1.12884,1.34,0.90
2022.02.03 09:43:08.748,1.12882,1.12885,0.90,1.52
2022.02.03 09:43:11.634,1.12883,1.12885,0.90,2.78
2022.02.03 09:43:11.737,1.12884,1.12887,0.90,1.88
2022.02.03 09:43:12.196,1.12883,1.12886,0.90,1.44
2022.02.03 09:43:14.090,1.12885,1.12888,1.34,0.90
2022.02.03 09:43:14.193,1.12886,1.12889,0.90,1.44
2022.02.03 09:43:18.188,1.12885,1.12888,0.90,0.44
2022.02.03 09:43:18.291,1.12883,1.12886,1.34,0.90
2022.02.03 09:43:18.647,1.12884,1.12886,0.90,0.90
2022.02.03 09:43:19.100,1.12885,1.12888,0.90,1.44
2022.02.03 09:43:19.324,1.12886,1.12889,0.90,0.98
2022.02.03 09:43:19.429,1.12888,1.1289,0.90,1.98
2022.02.03 09:43:22.573,1.12887,1.1289,0.90,0.90
2022.02.03 09:43:23.245,1.12888,1.12891,0.90,0.90
2022.02.03 09:43:26.654,1.12888,1.12892,0.90,1.88
2022.02.03 09:43:29.533,1.12888,1.12891,0.90,0.44
2022.02.03 09:43:31.018,1.12888,1.12892,1.44,0.90
2022.02.03 09:43:31.122,1.12889,1.12892,0.90,0.90
2022.02.03 09:43:31.174,1.12892,1.12895,0.90,1.52
2022.02.03 09:43:33.359,1.12892,1.12894,0.90,0.98
2022.02.03 09:43:33.410,1.12888,1.12891,4.91,0.90
2022.02.03 09:43:33.513,1.12887,1.12888,4.50,1.67
2022.02.03 09:43:33.615,1.12884,1.12887,3.24,0.90
2022.02.03 09:43:33.717,1.12885,1.12887,0.90,0.90
2022.02.03 09:43:34.498,1.12885,1.12888,0.90,0.44
2022.02.03 09:43:34.651,1.12884,1.12888,0.90,0.44
2022.02.03 09:43:35.066,1.12885,1.12888,0.44,0.44
2022.02.03 09:43:36.533,1.12887,1.12889,0.90,0.54
2022.02.03 09:43:37.926,1.12885,1.12887,0.90,0.44
2022.02.03 09:43:38.545,1.12882,1.12886,0.44,0.54
2022.02.03 09:43:38.647,1.12883,1.12886,0.90,0.54
2022.02.03 09:43:42.173,1.12884,1.12887,0.90,1.44
2022.02.03 09:43:51.051,1.12884,1.12886,0.90,0.44
2022.02.03 09:44:00.864,1.12885,1.12887,0.90,0.12
2022.02.03 09:44:00.966,1.12885,1.12887,0.90,2.57
2022.02.03 09:44:01.068,1.12885,1.12887,0.90,0.44
2022.02.03 09:44:02.274,1.12883,1.12886,1.34,0.54
2022.02.03 09:44:02.661,1.12884,1.12887,0.90,0.54
2022.02.03 09:44:03.180,1.12884,1.12886,0.90,0.54
2022.02.03 09:44:03.333,1.12882,1.12884,0.90,0.44
2022.02.03 09:44:03.436,1.12881,1.12884,0.90,0.12
2022.02.03 09:44:05.603,1.12882,1.12884,0.90,0.54
2022.02.03 09:44:06.033,1.12882,1.12885,0.90,2.21
2022.02.03 09:44:09.283,1.12882,1.12884,0.90,0.12
2022.02.03 09:44:09.542,1.1288,1.12881,1.34,0.54
2022.02.03 09:44:09.593,1.12877,1.12879,0.90,1.44
2022.02.03 09:44:11.579,1.12876,1.12879,0.90,0.54
2022.02.03 09:44:11.682,1.12878,1.12881,0.90,1.44
2022.02.03 09:44:11.784,1.1288,1.12883,1.34,0.12
2022.02.03 09:44:11.886,1.12881,1.12883,0.90,0.12
2022.02.03 09:44:12.441,1.12881,1.12884,0.90,0.54
2022.02.03 09:44:12.949,1.12882,1.12884,0.90,0.12
2022.02.03 09:44:13.052,1.12883,1.12885,0.90,0.12
2022.02.03 09:44:14.040,1.12882,1.12885,0.90,0.54
2022.02.03 09:44:14.964,1.12883,1.12885,0.90,0.54
2022.02.03 09:44:21.427,1.12882,1.12885,0.90,0.98
2022.02.03 09:44:21.478,1.1288,1.12882,1.21,1.34
2022.02.03 09:44:21.580,1.12879,1.12882,1.80,2.11
2022.02.03 09:44:21.784,1.12879,1.12881,0.90,0.12
2022.02.03 09:44:21.886,1.12879,1.12882,0.90,2.11
2022.02.03 09:44:22.141,1.12879,1.12881,0.90,0.12
2022.02.03 09:44:22.294,1.12877,1.1288,0.90,1.44
2022.02.03 09:44:22.346,1.12875,1.12878,1.80,1.21
2022.02.03 09:44:22.448,1.12875,1.12876,1.80,0.12
2022.02.03 09:44:22.705,1.12874,1.12877,0.90,0.12
2022.02.03 09:44:23.367,1.12876,1.12878,0.90,0.12
2022.02.03 09:44:23.470,1.12876,1.12879,0.90,1.67
2022.02.03 09:44:23.622,1.12875,1.12878,0.90,1.44
2022.02.03 09:44:23.724,1.12875,1.12877,0.90,0.12
2022.02.03 09:44:24.768,1.12874,1.12877,0.90,0.54
2022.02.03 09:44:29.732,1.12874,1.12875,0.44,0.44
2022.02.03 09:44:31.714,1.12875,1.12878,0.90,4.37
2022.02.03 09:44:33.694,1.12873,1.12875,0.12,0.44
2022.02.03 09:44:33.872,1.12875,1.12878,0.12,0.44
2022.02.03 09:44:33.975,1.12876,1.12878,0.12,0.44
2022.02.03 09:44:34.128,1.12878,1.1288,0.90,1.34
2022.02.03 09:44:34.230,1.12878,1.12879,0.12,0.44
2022.02.03 09:44:37.111,1.12879,1.12881,0.90,0.90
2022.02.03 09:44:37.475,1.12878,1.12879,0.98,0.44
2022.02.03 09:44:37.655,1.12877,1.1288,0.12,0.44
2022.02.03 09:44:38.035,1.12879,1.12881,0.90,0.90
2022.02.03 09:44:39.358,1.12879,1.12882,0.90,2.34
2022.02.03 09:44:40.572,1.12878,1.1288,0.98,0.44
2022.02.03 09:44:40.674,1.12878,1.12881,0.90,1.00
2022.02.03 09:44:41.503,1.12877,1.12879,0.90,0.44
2022.02.03 09:44:43.927,1.12878,1.12881,0.90,1.34
2022.02.03 09:44:46.569,1.12877,1.12879,0.12,0.44
2022.02.03 09:44:47.034,1.12878,1.12881,0.90,3.91
2022.02.03 09:44:47.474,1.12877,1.12879,0.90,0.44
2022.02.03 09:44:47.810,1.12875,1.12877,0.12,0.44
2022.02.03 09:44:47.861,1.12873,1.12875,2.70,0.44
2022.02.03 09:44:47.964,1.12874,1.12876,1.44,0.44
2022.02.03 09:44:48.066,1.12875,1.12877,0.90,0.44
2022.02.03 09:44:48.539,1.12875,1.12878,0.90,0.44
2022.02.03 09:44:56.140,1.12873,1.12876,1.44,0.44
2022.02.03 09:44:57.158,1.12875,1.12877,0.90,0.98
2022.02.03 09:45:00.675,1.12876,1.12877,0.90,1.44
2022.02.03 09:45:00.778,1.12875,1.12879,1.80,1.52
2022.02.03 09:45:00.880,1.12879,1.12882,0.90,1.88
2022.02.03 09:45:01.245,1.1288,1.12882,0.90,0.90
2022.02.03 09:45:01.792,1.1288,1.12883,0.90,1.13
2022.02.03 09:45:07.470,1.12882,1.12884,0.90,0.54
2022.02.03 09:45:07.624,1.12884,1.12886,0.90,0.23
2022.02.03 09:45:08.074,1.12884,1.12887,0.90,4.81
2022.02.03 09:45:11.646,1.12884,1.12886,0.90,0.54
2022.02.03 09:45:12.546,1.12884,1.12887,0.90,1.88
2022.02.03 09:45:13.025,1.12883,1.12886,1.34,0.90
2022.02.03 09:45:14.828,1.12883,1.12884,1.34,1.13
2022.02.03 09:45:15.286,1.12882,1.12886,1.34,2.03
2022.02.03 09:45:15.420,1.12882,1.12885,1.34,0.54
2022.02.03 09:45:15.522,1.12882,1.12886,1.34,2.57
2022.02.03 09:45:15.795,1.12882,1.12885,1.34,0.54
2022.02.03 09:45:15.973,1.12882,1.12886,1.34,2.03
2022.02.03 09:45:18.216,1.12882,1.12885,1.34,0.23
2022.02.03 09:45:18.700,1.1288,1.12883,0.12,1.13
2022.02.03 09:45:18.802,1.12877,1.1288,1.44,0.23
2022.02.03 09:45:18.905,1.12876,1.12879,0.90,2.57
2022.02.03 09:45:19.007,1.12875,1.12878,0.90,1.57
2022.02.03 09:45:19.627,1.12875,1.12877,0.90,0.23
2022.02.03 09:45:22.287,1.12875,1.12878,0.90,2.21
2022.02.03 09:45:22.441,1.12874,1.12878,1.34,2.93
2022.02.03 09:45:23.969,1.12874,1.12877,0.90,0.23
2022.02.03 09:45:25.046,1.12874,1.12878,0.90,2.57
2022.02.03 09:45:28.647,1.12875,1.12879,0.90,4.14
2022.02.03 09:45:28.850,1.12875,1.12878,0.90,0.90
2022.02.03 09:45:28.952,1.12875,1.12877,0.90,0.23
2022.02.03 09:45:29.543,1.12875,1.12878,0.90,1.67
2022.02.03 09:45:29.968,1.12875,1.12877,0.90,0.23
2022.02.03 09:45:36.005,1.12875,1.12878,0.90,3.78
2022.02.03 09:45:36.944,1.12875,1.12877,0.90,0.44
2022.02.03 09:45:37.073,1.12875,1.12878,0.90,3.78
2022.02.03 09:45:37.820,1.12875,1.12877,0.90,0.44
2022.02.03 09:45:38.531,1.12874,1.12877,0.90,2.34
2022.02.03 09:45:38.634,1.12873,1.12877,1.34,4.91
2022.02.03 09:45:38.736,1.12872,1.12875,0.90,2.57
2022.02.03 09:45:38.839,1.12872,1.12876,1.34,3.24
2022.02.03 09:45:38.941,1.12873,1.12876,0.90,1.44
2022.02.03 09:45:44.041,1.12874,1.12875,1.34,0.90
2022.02.03 09:45:50.044,1.12873,1.12876,1.80,1.44
2022.02.03 09:45:51.623,1.12874,1.12877,1.34,0.90
2022.02.03 09:45:51.777,1.12874,1.12876,0.90,0.67
2022.02.03 09:45:51.879,1.12873,1.12876,0.90,2.11
2022.02.03 09:45:52.748,1.12873,1.12875,0.90,1.44
2022.02.03 09:45:52.850,1.12873,1.12876,1.80,0.54
2022.02.03 09:45:52.953,1.12873,1.12877,1.80,2.70
2022.02.03 09:45:53.204,1.12873,1.12876,1.80,0.90
2022.02.03 09:45:53.327,1.12873,1.12877,1.80,2.24
2022.02.03 09:45:53.855,1.12871,1.12874,1.34,0.90
2022.02.03 09:45:53.957,1.1287,1.12874,0.90,5.04
2022.02.03 09:45:54.111,1.1287,1.12873,1.34,0.44
2022.02.03 09:45:54.315,1.1287,1.12874,1.34,2.78
2022.02.03 09:45:54.684,1.1287,1.12873,1.34,0.54
2022.02.03 09:45:55.276,1.12867,1.12869,8.15,2.47
2022.02.03 09:45:55.379,1.12866,1.12868,0.90,3.24
2022.02.03 09:45:55.482,1.12864,1.12866,5.40,0.54
2022.02.03 09:45:55.687,1.12864,1.12867,0.90,0.77
2022.02.03 09:45:55.897,1.12864,1.12866,0.90,0.54
2022.02.03 09:45:56.032,1.12863,1.12867,1.44,1.57
2022.02.03 09:45:58.994,1.12863,1.12866,1.44,1.80
2022.02.03 09:45:59.096,1.12862,1.12865,0.90,1.34
2022.02.03 09:45:59.199,1.12864,1.12866,0.90,1.21
2022.02.03 09:45:59.301,1.12864,1.12867,0.90,2.24
2022.02.03 09:46:07.125,1.12864,1.12866,0.90,0.44
2022.02.03 09:46:07.232,1.12863,1.12866,0.90,1.34
2022.02.03 09:46:08.336,1.12867,1.12868,1.44,3.78
2022.02.03 09:46:08.388,1.12868,1.1287,0.90,0.90
2022.02.03 09:46:08.439,1.12872,1.12873,1.34,0.54
2022.02.03 09:46:08.542,1.1287,1.12874,1.34,2.57
2022.02.03 09:46:08.645,1.12873,1.12874,1.34,5.81
2022.02.03 09:46:08.747,1.12873,1.12876,0.90,4.01
2022.02.03 09:46:08.849,1.12873,1.12875,0.90,0.44
2022.02.03 09:46:09.003,1.12873,1.12876,0.90,4.58
2022.02.03 09:46:09.323,1.12872,1.12874,0.90,0.67
2022.02.03 09:46:09.375,1.1287,1.12873,0.90,1.57
2022.02.03 09:46:09.935,1.1287,1.12872,0.90,0.44
2022.02.03 09:46:11.067,1.1287,1.12873,1.34,1.44
2022.02.03 09:46:11.271,1.12869,1.12872,1.44,0.44
2022.02.03 09:46:11.373,1.12869,1.12873,1.44,1.34
2022.02.03 09:46:11.603,1.12869,1.12872,1.44,0.44
2022.02.03 09:46:11.807,1.1287,1.12873,0.44,1.34
2022.02.03 09:46:11.960,1.12869,1.12873,1.44,1.34
2022.02.03 09:46:12.413,1.12869,1.12872,0.90,1.80
2022.02.03 09:46:14.196,1.12871,1.12873,0.90,0.23
2022.02.03 09:46:14.303,1.12871,1.12874,0.90,1.57
2022.02.03 09:46:15.214,1.12871,1.12873,0.90,0.67
2022.02.03 09:46:15.266,1.12869,1.12872,0.90,2.47
2022.02.03 09:46:15.419,1.12869,1.12871,0.90,0.44
2022.02.03 09:46:15.521,1.12868,1.12871,0.90,1.34
2022.02.03 09:46:15.878,1.12869,1.12871,0.90,0.44
2022.02.03 09:46:16.820,1.1287,1.12873,0.90,3.01
2022.02.03 09:46:18.385,1.12871,1.12874,0.90,3.14
2022.02.03 09:46:18.487,1.12873,1.12876,1.80,3.91
2022.02.03 09:46:18.590,1.12873,1.12875,0.90,2.03
2022.02.03 09:46:18.641,1.12871,1.12874,0.98,0.44
2022.02.03 09:46:20.895,1.1287,1.12873,0.90,1.57
2022.02.03 09:46:20.997,1.12869,1.12872,0.90,0.44
2022.02.03 09:46:22.122,1.12869,1.12871,0.90,0.44
2022.02.03 09:46:25.077,1.1287,1.12872,0.90,0.44
2022.02.03 09:46:25.179,1.1287,1.12873,0.90,1.34
2022.02.03 09:46:25.542,1.12869,1.12872,0.90,1.34
2022.02.03 09:46:30.164,1.12871,1.12873,0.90,0.23
2022.02.03 09:46:30.267,1.12873,1.12875,0.90,0.98
2022.02.03 09:46:30.369,1.12873,1.12876,1.80,3.37
2022.02.03 09:46:32.671,1.12873,1.12875,0.90,0.90
2022.02.03 09:46:33.824,1.1287,1.12873,1.44,0.90
2022.02.03 09:46:33.931,1.12872,1.12873,1.34,1.57
2022.02.03 09:46:34.229,1.12872,1.12874,0.90,0.23
2022.02.03 09:46:34.433,1.12871,1.12874,0.90,0.67
2022.02.03 09:46:35.224,1.1287,1.12874,1.44,1.57
2022.02.03 09:46:35.880,1.12872,1.12873,0.44,1.13
2022.02.03 09:46:36.293,1.12874,1.12875,1.80,3.11
2022.02.03 09:46:36.396,1.12875,1.12878,0.90,3.68
2022.02.03 09:46:36.498,1.12874,1.12877,1.34,0.44
2022.02.03 09:46:38.073,1.12873,1.12877,2.24,1.34
2022.02.03 09:46:38.175,1.12873,1.12876,2.24,0.12
2022.02.03 09:46:42.154,1.12874,1.12877,0.90,1.44
2022.02.03 09:46:46.222,1.12873,1.12876,2.34,0.90
2022.02.03 09:46:54.041,1.12876,1.12878,0.44,1.98
2022.02.03 09:46:54.093,1.12878,1.12879,2.24,1.34
2022.02.03 09:46:54.144,1.12879,1.12881,0.98,0.90
2022.02.03 09:46:54.247,1.12881,1.12883,0.90,4.50
2022.02.03 09:46:54.298,1.12881,1.12885,0.90,2.34
2022.02.03 09:46:55.691,1.12881,1.12884,1.34,0.90
2022.02.03 09:46:55.794,1.12883,1.12886,1.34,1.34
2022.02.03 09:46:57.671,1.12885,1.12887,0.44,0.90
2022.02.03 09:46:57.774,1.12886,1.12888,0.44,0.90
2022.02.03 09:46:58.662,1.12885,1.12888,0.98,0.90
2022.02.03 09:47:00.971,1.12887,1.1289,0.90,0.98
2022.02.03 09:47:01.074,1.12886,1.12889,1.88,0.90
2022.02.03 09:47:01.632,1.12887,1.12891,0.90,2.11
2022.02.03 09:47:02.118,1.12886,1.1289,2.34,0.90
2022.02.03 09:47:02.271,1.12885,1.12887,1.80,0.90
2022.02.03 09:47:02.374,1.12884,1.12886,2.65,0.90
2022.02.03 09:47:02.476,1.12884,1.12887,0.90,0.90
2022.02.03 09:47:03.016,1.12883,1.12886,3.47,0.90
2022.02.03 09:47:03.708,1.12885,1.12888,1.57,0.90
2022.02.03 09:47:09.965,1.12884,1.12886,2.34,0.90
2022.02.03 09:47:10.220,1.12884,1.12888,3.01,0.90
2022.02.03 09:47:10.272,1.12886,1.12889,0.90,0.90
2022.02.03 09:47:10.526,1.12887,1.1289,1.34,1.57
2022.02.03 09:47:10.629,1.12887,1.12891,1.34,1.88
2022.02.03 09:47:18.187,1.12887,1.1289,0.90,0.90
2022.02.03 09:47:19.633,1.12888,1.12891,0.90,1.44
2022.02.03 09:47:19.737,1.12888,1.12892,0.98,1.34
2022.02.03 09:47:20.147,1.12889,1.1289,0.90,0.90
2022.02.03 09:47:21.540,1.12889,1.12891,0.44,0.90
2022.02.03 09:47:21.591,1.1289,1.12893,0.90,0.90
2022.02.03 09:47:21.643,1.12892,1.12895,1.34,1.88
2022.02.03 09:47:21.796,1.12891,1.12894,0.90,0.90
2022.02.03 09:47:26.420,1.1289,1.12894,3.47,0.90
2022.02.03 09:47:26.522,1.12892,1.12894,1.44,0.90
2022.02.03 09:47:26.625,1.12892,1.12896,1.44,0.90
2022.02.03 09:47:27.968,1.12893,1.12896,0.90,0.90
2022.02.03 09:47:28.622,1.12891,1.12895,2.65,0.90
2022.02.03 09:47:29.913,1.12892,1.12893,0.98,0.90
2022.02.03 09:47:31.032,1.12894,1.12896,2.70,0.98
2022.02.03 09:47:31.084,1.12896,1.12898,3.01,2.57
2022.02.03 09:47:31.187,1.12898,1.12901,0.90,5.40
2022.02.03 09:47:31.289,1.12899,1.12901,0.90,0.90
2022.02.03 09:47:31.442,1.12901,1.12904,0.90,1.34
2022.02.03 09:47:31.799,1.12901,1.12905,2.57,0.90
2022.02.03 09:47:33.584,1.12901,1.12904,1.44,0.90
2022.02.03 09:47:33.637,1.12899,1.12903,1.88,1.34
2022.02.03 09:47:34.173,1.12899,1.12902,1.34,0.90
2022.02.03 09:47:36.290,1.12899,1.12901,0.90,0.44
2022.02.03 09:47:36.393,1.12895,1.12897,2.34,0.90
2022.02.03 09:47:36.444,1.12897,1.129,0.90,0.12
2022.02.03 09:47:36.547,1.12898,1.12901,0.90,2.34
2022.02.03 09:47:40.973,1.12899,1.12902,1.34,1.44
2022.02.03 09:47:42.408,1.12898,1.12901,1.34,0.12
2022.02.03 09:47:42.510,1.12898,1.129,0.44,0.90
2022.02.03 09:47:42.664,1.12899,1.12901,0.44,0.12
2022.02.03 09:47:42.766,1.129,1.12903,1.44,0.90
2022.02.03 09:47:42.869,1.12902,1.12904,0.44,2.78
2022.02.03 09:47:42.971,1.12901,1.12904,0.90,3.24
2022.02.03 09:47:45.584,1.129,1.12904,1.44,1.88
2022.02.03 09:47:46.093,1.12901,1.12904,0.90,0.12
2022.02.03 09:47:49.020,1.12899,1.12903,0.98,1.44
2022.02.03 09:47:49.122,1.12898,1.12902,2.88,1.44
2022.02.03 09:47:49.387,1.12899,1.12903,0.98,1.44
2022.02.03 09:47:49.642,1.12899,1.12902,1.34,0.98
2022.02.03 09:47:50.529,1.12901,1.12904,0.90,0.98
2022.02.03 09:47:50.631,1.12902,1.12905,0.90,0.12
2022.02.03 09:47:50.785,1.12901,1.12905,1.44,0.98
2022.02.03 09:47:50.886,1.12901,1.12904,0.90,1.88
2022.02.03 09:47:51.606,1.12902,1.12905,1.13,1.88
2022.02.03 09:47:51.708,1.12903,1.12906,2.03,0.98
2022.02.03 09:47:51.811,1.12906,1.12909,0.90,0.90
2022.02.03 09:47:51.913,1.12907,1.12909,1.21,0.90
2022.02.03 09:47:52.541,1.12906,1.12909,1.44,1.80
2022.02.03 09:47:52.694,1.12905,1.12908,1.34,0.90
2022.02.03 09:47:52.796,1.12905,1.12909,1.34,0.98
2022.02.03 09:47:53.125,1.12907,1.12908,2.03,0.90
2022.02.03 09:47:53.227,1.12907,1.12911,3.37,1.44
2022.02.03 09:47:56.559,1.12907,1.1291,1.34,0.90
2022.02.03 09:47:56.662,1.12905,1.12909,1.44,1.34
2022.02.03 09:47:56.765,1.12904,1.12907,2.11,0.90
2022.02.03 09:47:56.989,1.12903,1.12907,3.01,0.90
2022.02.03 09:48:00.720,1.12905,1.12909,0.90,2.34
2022.02.03 09:48:00.822,1.12907,1.12908,0.98,0.90
2022.02.03 09:48:01.078,1.12906,1.12907,1.13,0.90
2022.02.03 09:48:03.940,1.12903,1.12907,1.44,1.34
2022.02.03 09:48:04.042,1.12904,1.12905,0.90,0.90
2022.02.03 09:48:04.925,1.12903,1.12907,0.90,1.44
2022.02.03 09:48:04.977,1.12906,1.12908,1.57,1.88
2022.02.03 09:48:05.080,1.12906,1.12909,1.57,0.90
2022.02.03 09:48:05.386,1.12905,1.12909,1.57,0.90
2022.02.03 09:48:05.669,1.12906,1.12908,1.57,0.90
2022.02.03 09:48:06.636,1.12904,1.12908,0.98,1.34
2022.02.03 09:48:06.738,1.12904,1.12907,0.90,0.90
2022.02.03 09:48:06.852,1.12903,1.12907,2.57,0.90
2022.02.03 09:48:08.232,1.12903,1.12906,0.90,0.90
2022.02.03 09:48:13.120,1.12904,1.12907,1.13,0.90
2022.02.03 09:48:13.222,1.12904,1.12908,1.67,0.90
2022.02.03 09:48:13.375,1.12905,1.12909,0.98,1.80
2022.02.03 09:48:13.658,1.12904,1.12907,1.13,0.90
2022.02.03 09:48:17.603,1.12905,1.12909,1.34,1.34
2022.02.03 09:48:18.016,1.12906,1.1291,1.67,0.90
2022.02.03 09:48:18.067,1.12908,1.12911,0.90,2.24
2022.02.03 09:48:31.752,1.12907,1.1291,0.90,0.90
2022.02.03 09:48:31.856,1.12907,1.12911,1.13,1.34
2022.02.03 09:48:31.958,1.12908,1.12911,0.23,0.90
2022.02.03 09:48:38.136,1.1291,1.12913,0.44,0.90
2022.02.03 09:48:38.239,1.12912,1.12915,0.90,1.80
2022.02.03 09:48:40.129,1.12914,1.12916,0.90,0.44
2022.02.03 09:48:40.282,1.12913,1.12916,0.98,0.44
2022.02.03 09:48:40.384,1.12913,1.12915,0.90,0.44
2022.02.03 09:48:40.487,1.12912,1.12914,0.90,0.44
2022.02.03 09:48:42.459,1.12912,1.12915,0.90,2.24
2022.02.03 09:48:44.096,1.12912,1.12916,0.90,2.24
2022.02.03 09:48:45.808,1.12913,1.12917,0.90,1.80
2022.02.03 09:48:46.277,1.12914,1.12915,0.90,2.24
2022.02.03 09:48:46.481,1.12912,1.12916,0.90,3.14
2022.02.03 09:48:46.584,1.12912,1.12915,0.90,1.80
2022.02.03 09:48:47.866,1.12913,1.12916,0.90,1.80
2022.02.03 09:48:48.019,1.12913,1.12917,0.90,1.80
2022.02.03 09:48:48.121,1.12913,1.12916,0.90,1.80
2022.02.03 09:48:48.866,1.12913,1.12917,0.90,3.14
2022.02.03 09:48:49.248,1.12913,1.12916,0.90,1.80
2022.02.03 09:48:49.773,1.12913,1.12917,0.90,3.14
2022.02.03 09:48:49.876,1.12914,1.12917,0.90,1.34
2022.02.03 09:48:49.978,1.12913,1.12917,0.90,1.34
2022.02.03 09:48:50.131,1.12913,1.12916,0.90,0.44
2022.02.03 09:48:50.233,1.12912,1.12916,0.90,1.34
2022.02.03 09:48:51.114,1.12911,1.12914,0.90,1.80
2022.02.03 09:48:51.217,1.12909,1.12913,1.44,0.90
2022.02.03 09:48:51.724,1.12909,1.12912,0.90,0.90
2022.02.03 09:48:52.096,1.12907,1.1291,0.90,1.34
2022.02.03 09:48:52.199,1.12906,1.12909,1.21,1.80
2022.02.03 09:48:52.301,1.12907,1.1291,0.90,1.34
2022.02.03 09:48:52.738,1.12906,1.1291,1.44,1.34
2022.02.03 09:48:54.292,1.12907,1.1291,0.90,0.90
2022.02.03 09:48:54.394,1.12907,1.12911,0.98,1.34
2022.02.03 09:48:55.224,1.12907,1.1291,0.90,1.34
2022.02.03 09:48:55.327,1.12905,1.12908,1.34,0.90
2022.02.03 09:48:55.429,1.12905,1.12909,1.34,2.70
2022.02.03 09:48:56.269,1.12904,1.12908,1.44,0.90
2022.02.03 09:48:56.372,1.12904,1.12905,0.90,0.90
2022.02.03 09:48:56.576,1.12903,1.12907,1.34,0.90
2022.02.03 09:48:56.678,1.12905,1.12908,0.90,1.88
2022.02.03 09:48:57.745,1.12908,1.12909,0.90,0.90
2022.02.03 09:48:57.848,1.12906,1.1291,1.44,0.90
2022.02.03 09:48:58.001,1.12906,1.12909,0.90,0.90
2022.02.03 09:48:58.786,1.12907,1.12911,1.34,1.34
2022.02.03 09:48:59.248,1.12907,1.1291,0.90,0.90
2022.02.03 09:49:02.495,1.12906,1.1291,1.44,0.90
2022.02.03 09:49:04.152,1.12905,1.12909,2.34,0.90
2022.02.03 09:49:04.254,1.12904,1.12908,2.34,0.90
2022.02.03 09:49:04.509,1.12903,1.12906,1.31,0.90
2022.02.03 09:49:05.398,1.12902,1.12906,2.11,0.90
2022.02.03 09:49:05.800,1.12903,1.12906,0.12,0.90
2022.02.03 09:49:06.131,1.12902,1.12906,2.11,0.90
2022.02.03 09:49:07.062,1.12903,1.12906,0.12,1.34
2022.02.03 09:49:07.323,1.12902,1.12906,1.21,1.34
2022.02.03 09:49:09.846,1.12902,1.12905,1.21,0.90
2022.02.03 09:49:10.822,1.12903,1.12907,2.78,0.90
2022.02.03 09:49:10.924,1.12904,1.12907,0.90,0.90
2022.02.03 09:49:11.353,1.12906,1.12909,0.90,0.90
2022.02.03 09:49:11.455,1.12907,1.1291,0.12,1.80
2022.02.03 09:49:11.764,1.12906,1.1291,1.44,1.80
2022.02.03 09:49:11.867,1.12907,1.1291,0.90,1.80
2022.02.03 09:49:15.865,1.12907,1.12911,3.01,0.90
2022.02.03 09:49:15.968,1.12908,1.12911,1.88,0.90
2022.02.03 09:49:16.070,1.12907,1.12911,2.88,0.90
2022.02.03 09:49:16.173,1.12907,1.1291,1.80,0.90
2022.02.03 09:49:17.125,1.12905,1.12907,0.12,0.90
2022.02.03 09:49:17.228,1.12903,1.12906,0.90,0.90
2022.02.03 09:49:17.330,1.12902,1.12906,2.24,1.34
2022.02.03 09:49:17.541,1.12902,1.12905,2.24,0.90
2022.02.03 09:49:17.936,1.12902,1.12904,0.90,0.90
2022.02.03 09:49:18.191,1.129,1.12904,1.44,0.90
2022.02.03 09:49:18.294,1.12902,1.12905,0.90,0.90
2022.02.03 09:49:18.987,1.12901,1.12905,1.44,0.90
2022.02.03 09:49:20.907,1.12902,1.12905,0.90,0.90
2022.02.03 09:49:21.468,1.12901,1.12904,1.34,0.90
2022.02.03 09:49:22.845,1.12902,1.12904,0.44,0.90
2022.02.03 09:49:22.896,1.12904,1.12907,0.90,2.34
2022.02.03 09:49:22.999,1.12907,1.12908,1.34,1.80
2022.02.03 09:49:23.984,1.12907,1.1291,0.90,0.90
2022.02.03 09:49:27.061,1.12906,1.12909,1.44,0.90
2022.02.03 09:49:28.161,1.12903,1.12906,2.88,0.90
2022.02.03 09:49:28.263,1.12902,1.12906,2.34,1.34
2022.02.03 09:49:28.417,1.12901,1.12905,1.34,1.44
2022.02.03 09:49:28.519,1.129,1.12904,0.98,1.34
2022.02.03 09:49:30.608,1.12901,1.12905,1.67,1.34
2022.02.03 09:49:30.710,1.12902,1.12906,0.90,3.78
2022.02.03 09:49:31.157,1.12901,1.12905,1.44,2.70
2022.02.03 09:49:31.259,1.12901,1.12904,1.44,0.90
2022.02.03 09:49:32.095,1.12901,1.12905,1.44,2.70
2022.02.03 09:49:33.044,1.12901,1.12904,1.44,0.90
2022.02.03 09:49:39.755,1.129,1.12904,2.11,1.34
2022.02.03 09:49:39.858,1.12899,1.12903,1.34,1.88
2022.02.03 09:49:39.961,1.12902,1.12903,0.98,3.47
2022.02.03 09:49:43.225,1.129,1.12903,1.67,0.90
2022.02.03 09:49:43.378,1.12899,1.12903,2.34,0.90
2022.02.03 09:49:43.571,1.12898,1.12901,1.67,0.90
2022.02.03 09:49:43.673,1.12897,1.12901,2.34,0.90
2022.02.03 09:49:44.620,1.12897,1.129,0.44,0.90
2022.02.03 09:49:46.043,1.12896,1.129,1.44,0.90
2022.02.03 09:49:50.241,1.12897,1.129,0.54,0.90
2022.02.03 09:49:50.555,1.12897,1.12901,1.44,0.90
2022.02.03 09:49:53.084,1.12898,1.12901,0.44,0.90
2022.02.03 09:49:53.256,1.12897,1.129,0.98,0.90
2022.02.03 09:49:53.510,1.12896,1.12899,1.80,0.90
2022.02.03 09:49:55.628,1.12894,1.12897,1.67,1.34
2022.02.03 09:49:55.759,1.12892,1.12895,1.44,0.90
2022.02.03 09:49:55.912,1.12892,1.12894,0.90,0.90
2022.02.03 09:49:56.014,1.12891,1.12894,1.44,0.90
2022.02.03 09:49:56.116,1.12891,1.12895,1.44,0.90
2022.02.03 09:49:57.705,1.12892,1.12895,1.34,0.90
2022.02.03 09:49:59.087,1.12891,1.12894,2.21,0.90
2022.02.03 09:49:59.190,1.1289,1.12894,1.98,1.34
2022.02.03 09:49:59.292,1.1289,1.12893,0.44,0.90
2022.02.03 09:50:01.286,1.12891,1.12894,0.90,1.34
2022.02.03 09:50:03.221,1.12892,1.12894,0.12,0.90
2022.02.03 09:50:03.795,1.12891,1.12894,1.44,0.90
2022.02.03 09:50:06.717,1.12892,1.12894,0.54,0.90
2022.02.03 09:50:07.721,1.12891,1.12894,1.44,0.90
2022.02.03 09:50:08.169,1.1289,1.12893,0.90,0.90
2022.02.03 09:50:12.606,1.1289,1.12894,1.88,1.57
2022.02.03 09:50:12.861,1.12889,1.12892,3.11,0.90
2022.02.03 09:50:13.014,1.12888,1.12892,1.44,2.24
2022.02.03 09:50:16.129,1.12887,1.1289,2.78,0.90
2022.02.03 09:50:16.231,1.12886,1.12889,2.65,0.90
2022.02.03 09:50:16.333,1.12887,1.12889,0.44,0.90
2022.02.03 09:50:17.392,1.12888,1.1289,0.44,0.90
2022.02.03 09:50:17.698,1.12889,1.12892,3.24,0.90
2022.02.03 09:50:17.749,1.12891,1.12894,1.34,2.34
2022.02.03 09:50:17.880,1.1289,1.12894,1.44,1.80
2022.02.03 09:50:18.584,1.1289,1.12892,0.44,0.90
2022.02.03 09:50:18.686,1.12889,1.12891,1.44,0.90
2022.02.03 09:50:19.686,1.12889,1.12892,1.44,0.90
2022.02.03 09:50:20.054,1.1289,1.12892,0.44,0.90
2022.02.03 09:50:20.157,1.12891,1.12894,1.44,0.90
2022.02.03 09:50:20.259,1.12893,1.12896,0.44,6.30
2022.02.03 09:50:20.361,1.12894,1.12895,0.54,1.80
2022.02.03 09:50:20.759,1.12895,1.12898,1.88,0.90
2022.02.03 09:50:20.862,1.12896,1.12899,0.44,0.90
2022.02.03 09:50:21.218,1.12896,1.12897,0.44,0.90
2022.02.03 09:50:22.319,1.12893,1.12896,1.44,0.90
2022.02.03 09:50:22.421,1.12893,1.12895,0.44,0.90
2022.02.03 09:50:22.835,1.12892,1.12895,1.44,0.90
2022.02.03 09:50:23.206,1.12893,1.12895,0.44,0.90
2022.02.03 09:50:25.646,1.12894,1.12897,0.44,0.90
2022.02.03 09:50:25.748,1.12896,1.12899,1.34,0.90
2022.02.03 09:50:27.846,1.12895,1.12898,1.44,0.90
2022.02.03 09:50:33.946,1.12896,1.12899,1.34,0.90
2022.02.03 09:50:34.049,1.12898,1.12901,1.44,0.90
2022.02.03 09:50:34.253,1.12897,1.129,1.44,0.90
2022.02.03 09:50:34.406,1.12896,1.12899,1.44,0.90
2022.02.03 09:50:35.250,1.12897,1.129,1.44,0.90
2022.02.03 09:50:38.472,1.129,1.12901,1.34,0.90
2022.02.03 09:50:43.330,1.129,1.12902,0.44,0.90
2022.02.03 09:50:43.381,1.12901,1.12904,0.44,0.90
2022.02.03 09:50:43.484,1.129,1.12903,0.90,0.90
2022.02.03 09:50:43.586,1.12899,1.12902,1.44,0.90
2022.02.03 09:50:43.638,1.12897,1.12901,2.88,0.90
2022.02.03 09:50:43.741,1.12897,1.129,1.34,0.90
2022.02.03 09:50:44.131,1.12895,1.12898,2.24,1.13
2022.02.03 09:50:44.284,1.12895,1.12897,0.90,0.77
2022.02.03 09:50:44.580,1.12893,1.12896,1.34,0.90
2022.02.03 09:50:44.865,1.12893,1.12895,0.44,0.90
2022.02.03 09:50:45.884,1.12894,1.12897,1.44,1.13
2022.02.03 09:50:48.280,1.12896,1.12897,1.44,0.90
2022.02.03 09:50:48.383,1.12897,1.129,0.90,0.98
2022.02.03 09:50:50.534,1.12896,1.12897,1.34,0.90
2022.02.03 09:50:50.636,1.12894,1.12898,1.44,0.90
2022.02.03 09:50:53.563,1.12894,1.12897,0.54,0.90
2022.02.03 09:50:53.716,1.12893,1.12897,0.98,2.47
2022.02.03 09:50:53.818,1.12892,1.12895,0.54,0.90
2022.02.03 09:50:54.667,1.12891,1.12894,1.44,0.90
2022.02.03 09:50:54.871,1.12889,1.12892,1.44,0.90
2022.02.03 09:50:54.973,1.12889,1.1289,1.44,0.90
2022.02.03 09:50:58.377,1.12887,1.12888,1.44,0.90
2022.02.03 09:50:59.609,1.12884,1.12887,0.98,0.90
2022.02.03 09:50:59.813,1.12885,1.12888,0.90,0.90
2022.02.03 09:51:00.176,1.12884,1.12887,0.90,0.90
2022.02.03 09:51:00.301,1.12882,1.12885,0.98,0.90
2022.02.03 09:51:00.977,1.12882,1.12886,1.88,1.13
2022.02.03 09:51:01.080,1.12881,1.12884,0.98,0.90
2022.02.03 09:51:02.635,1.12881,1.12883,0.44,0.90
2022.02.03 09:51:02.865,1.12879,1.12882,0.54,0.90
2022.02.03 09:51:03.172,1.1288,1.12883,0.90,0.90
2022.02.03 09:51:03.693,1.1288,1.12882,0.90,0.44
2022.02.03 09:51:03.795,1.12878,1.12882,0.90,2.24
2022.02.03 09:51:04.609,1.12878,1.12881,0.90,0.44
2022.02.03 09:51:06.640,1.12878,1.12882,0.90,2.34
2022.02.03 09:51:08.493,1.12877,1.12881,2.24,0.90
2022.02.03 09:51:08.796,1.12878,1.12881,0.90,0.90
2022.02.03 09:51:10.378,1.12879,1.12882,0.90,3.24
2022.02.03 09:51:13.404,1.12878,1.12882,1.80,2.70
2022.02.03 09:51:13.456,1.12877,1.1288,0.90,3.37
2022.02.03 09:51:13.508,1.12874,1.12877,1.80,0.90
2022.02.03 09:51:13.611,1.12873,1.12876,4.50,2.57
2022.02.03 09:51:13.713,1.12873,1.12876,0.90,2.11
2022.02.03 09:51:14.278,1.12871,1.12874,2.24,0.90
2022.02.03 09:51:21.645,1.12875,1.12878,1.44,4.91
2022.02.03 09:51:21.748,1.12877,1.12879,1.34,2.57
2022.02.03 09:51:22.723,1.12876,1.12879,1.44,0.90
2022.02.03 09:51:22.972,1.12878,1.12881,0.90,1.34
2022.02.03 09:51:26.063,1.12877,1.1288,0.90,0.90
2022.02.03 09:51:33.301,1.12876,1.12879,0.98,0.90
2022.02.03 09:51:33.403,1.12876,1.1288,0.98,1.67
2022.02.03 09:51:45.141,1.12877,1.12881,1.88,1.34
2022.02.03 09:51:45.244,1.12881,1.12884,1.34,2.70
2022.02.03 09:51:45.346,1.12882,1.12884,0.90,0.90
2022.02.03 09:51:45.448,1.12882,1.12885,0.90,0.90
2022.02.03 09:51:45.601,1.12882,1.12884,0.90,0.23
2022.02.03 09:51:47.185,1.12883,1.12884,0.90,1.13
2022.02.03 09:51:57.448,1.12881,1.12884,1.44,0.90
2022.02.03 09:51:58.024,1.12881,1.12883,1.44,0.90
2022.02.03 09:51:58.682,1.1288,1.12883,0.90,0.90
2022.02.03 09:52:04.354,1.12881,1.12884,0.90,1.13
2022.02.03 09:52:13.512,1.12883,1.12884,0.54,0.90
2022.02.03 09:52:13.615,1.12884,1.12885,0.44,0.90
2022.02.03 09:52:13.717,1.12882,1.12886,3.24,0.90
2022.02.03 09:52:13.844,1.12883,1.12886,0.44,0.90
2022.02.03 09:52:13.896,1.12885,1.12887,1.44,0.90
2022.02.03 09:52:13.947,1.12886,1.12889,0.44,2.24
2022.02.03 09:52:14.684,1.12886,1.1289,1.44,1.57
2022.02.03 09:52:17.387,1.12887,1.1289,0.44,0.90
2022.02.03 09:52:21.559,1.12887,1.12889,0.44,0.90
2022.02.03 09:52:22.034,1.12886,1.12889,1.44,0.90
2022.02.03 09:52:22.799,1.12887,1.12889,0.44,0.90
2022.02.03 09:52:23.875,1.12886,1.12889,3.24,0.90
2022.02.03 09:52:29.320,1.12884,1.12888,0.98,1.34
2022.02.03 09:52:31.257,1.12885,1.12888,0.90,1.34
2022.02.03 09:52:31.808,1.12886,1.12889,1.44,0.90
2022.02.03 09:52:31.859,1.12887,1.12891,0.90,5.58
2022.02.03 09:52:32.113,1.12888,1.12891,0.90,2.24
2022.02.03 09:52:33.075,1.12887,1.12891,0.98,2.24
2022.02.03 09:52:35.859,1.12887,1.1289,0.90,0.44
2022.02.03 09:52:40.336,1.12886,1.12889,0.90,1.34
2022.02.03 09:52:40.893,1.12885,1.12888,0.90,0.90
2022.02.03 09:52:44.847,1.12883,1.12886,1.88,0.90
2022.02.03 09:52:45.000,1.12882,1.12884,2.34,0.90
2022.02.03 09:52:45.154,1.12881,1.12884,1.80,0.90
2022.02.03 09:52:51.529,1.12882,1.12885,1.80,0.90
2022.02.03 09:52:51.632,1.12883,1.12886,1.44,0.90
2022.02.03 09:52:51.840,1.12884,1.12887,0.98,0.90
2022.02.03 09:52:52.216,1.12883,1.12886,0.90,1.34
2022.02.03 09:52:52.319,1.12882,1.12885,1.88,0.90
2022.02.03 09:52:52.941,1.12883,1.12885,0.44,0.90
2022.02.03 09:52:55.400,1.12884,1.12887,1.80,0.90
2022.02.03 09:52:55.503,1.12886,1.12889,0.90,0.90
2022.02.03 09:52:58.572,1.12885,1.12888,3.01,0.90
2022.02.03 09:52:58.674,1.12885,1.12889,3.47,0.90
2022.02.03 09:52:58.777,1.12886,1.12889,3.24,0.90
2022.02.03 09:53:00.250,1.12887,1.12889,0.12,0.90
2022.02.03 09:53:00.375,1.12887,1.1289,0.98,0.90
2022.02.03 09:53:03.037,1.12886,1.12889,1.21,1.34
2022.02.03 09:53:03.139,1.12885,1.12889,1.88,1.34
2022.02.03 09:53:03.242,1.12885,1.12888,1.88,0.90
2022.02.03 09:53:03.639,1.12885,1.12889,2.78,1.34
2022.02.03 09:53:03.741,1.12887,1.1289,1.44,0.90
2022.02.03 09:53:05.255,1.12889,1.1289,2.78,0.90
2022.02.03 09:53:05.357,1.12891,1.12894,0.98,1.44
2022.02.03 09:53:05.460,1.12891,1.12895,1.88,0.90
2022.02.03 09:53:05.968,1.12891,1.12894,0.90,0.90
2022.02.03 09:53:16.210,1.12892,1.12894,0.44,0.90
2022.02.03 09:53:19.069,1.12893,1.12896,0.90,1.44
2022.02.03 09:53:21.618,1.12893,1.12897,2.24,1.98
2022.02.03 09:53:21.720,1.12894,1.12897,0.90,0.90
2022.02.03 09:53:22.466,1.12892,1.12895,2.65,0.90
2022.02.03 09:53:26.096,1.12894,1.12897,1.34,1.44
2022.02.03 09:53:26.199,1.12897,1.12899,0.90,0.90
2022.02.03 09:53:26.301,1.12897,1.129,0.90,1.52
2022.02.03 09:53:27.328,1.12895,1.12898,0.12,1.34
2022.02.03 09:53:27.431,1.12897,1.12899,0.90,0.44
2022.02.03 09:53:27.533,1.12897,1.129,0.98,0.90
2022.02.03 09:53:27.636,1.12897,1.12901,1.44,1.98
2022.02.03 09:53:31.685,1.12898,1.12901,0.98,0.90
2022.02.03 09:53:32.119,1.12899,1.12902,0.90,1.44
2022.02.03 09:53:32.272,1.12898,1.12901,0.98,0.90
2022.02.03 09:53:33.177,1.12897,1.129,0.98,0.90
2022.02.03 09:53:33.331,1.12897,1.12899,0.90,0.23
2022.02.03 09:53:33.382,1.12894,1.12897,3.01,1.57
2022.02.03 09:53:33.490,1.12894,1.12896,0.90,0.54
2022.02.03 09:53:33.796,1.12892,1.12894,1.44,0.90
2022.02.03 09:53:39.644,1.12892,1.12895,1.44,0.90
2022.02.03 09:53:39.746,1.12893,1.12896,0.90,1.34
2022.02.03 09:53:40.843,1.12891,1.12895,0.90,1.44
2022.02.03 09:53:41.047,1.12891,1.12894,0.90,0.90
2022.02.03 09:53:44.139,1.12893,1.12894,0.90,0.90
2022.02.03 09:53:44.633,1.12891,1.12894,1.34,0.90
2022.02.03 09:53:48.524,1.12893,1.12895,0.90,1.44
2022.02.03 09:53:48.626,1.12893,1.12897,0.90,1.98
2022.02.03 09:53:50.508,1.12894,1.12897,0.12,0.90
2022.02.03 09:53:50.661,1.12892,1.12896,0.90,3.47
2022.02.03 09:53:50.763,1.12892,1.12895,0.90,1.80
2022.02.03 09:53:51.321,1.12893,1.12896,0.90,0.90
2022.02.03 09:53:58.417,1.12893,1.12894,0.12,0.90
2022.02.03 09:53:58.519,1.12891,1.12895,1.69,0.90
2022.02.03 09:53:58.622,1.1289,1.12894,1.67,0.90
2022.02.03 09:53:59.497,1.12891,1.12894,1.44,0.90
2022.02.03 09:54:00.829,1.12893,1.12895,1.88,0.90
2022.02.03 09:54:00.881,1.12895,1.12897,0.44,0.90
2022.02.03 09:54:01.085,1.12897,1.12898,1.67,1.80
2022.02.03 09:54:01.239,1.12897,1.12899,1.67,1.80
2022.02.03 09:54:01.760,1.12898,1.12902,0.54,1.80
2022.02.03 09:54:02.270,1.12897,1.12899,0.54,0.90
2022.02.03 09:54:02.321,1.12895,1.12898,3.11,0.90
2022.02.03 09:54:02.424,1.12895,1.12899,0.44,0.98
2022.02.03 09:54:02.526,1.12895,1.12896,1.44,0.90
2022.02.03 09:54:02.995,1.12893,1.12896,0.12,0.90
2022.02.03 09:54:03.098,1.12892,1.12896,1.44,0.90
2022.02.03 09:54:03.210,1.12893,1.12896,0.44,0.90
2022.02.03 09:54:03.312,1.12892,1.12896,3.24,0.90
2022.02.03 09:54:04.396,1.12892,1.12894,2.34,0.90
2022.02.03 09:54:04.498,1.12891,1.12894,2.34,0.90
2022.02.03 09:54:04.601,1.1289,1.12894,1.67,0.90
2022.02.03 09:54:04.703,1.12891,1.12892,0.54,0.90
2022.02.03 09:54:04.805,1.12889,1.12892,0.98,0.90
2022.02.03 09:54:04.908,1.12888,1.12891,1.34,0.90
2022.02.03 09:54:05.010,1.12888,1.1289,0.44,0.90
2022.02.03 09:54:05.289,1.12887,1.1289,3.47,0.90
2022.02.03 09:54:05.393,1.12887,1.12889,0.90,0.90
2022.02.03 09:54:05.798,1.12886,1.12889,1.67,0.90
2022.02.03 09:54:06.405,1.12888,1.1289,0.44,0.90
2022.02.03 09:54:07.325,1.12887,1.12889,0.77,0.90
2022.02.03 09:54:08.148,1.12889,1.12892,0.77,0.90
2022.02.03 09:54:11.077,1.12888,1.1289,0.54,0.90
2022.02.03 09:54:11.230,1.12887,1.1289,2.34,0.90
2022.02.03 09:54:11.333,1.12887,1.12889,1.44,0.90
2022.02.03 09:54:11.834,1.12886,1.12889,1.44,0.90
2022.02.03 09:54:13.736,1.12885,1.12887,0.54,0.90
2022.02.03 09:54:13.839,1.12884,1.12886,1.21,0.98
2022.02.03 09:54:13.890,1.12882,1.12885,6.40,0.90
2022.02.03 09:54:18.000,1.12879,1.12882,3.11,0.90
2022.02.03 09:54:18.103,1.12877,1.12879,5.35,0.90
2022.02.03 09:54:18.155,1.12877,1.12881,0.98,0.54
2022.02.03 09:54:18.257,1.12877,1.1288,0.90,0.12
2022.02.03 09:54:18.359,1.12876,1.12878,0.54,0.90
2022.02.03 09:54:19.055,1.12875,1.12878,2.34,0.90
2022.02.03 09:54:20.425,1.12874,1.12877,0.12,2.24
2022.02.03 09:54:20.528,1.12872,1.12875,1.98,0.90
2022.02.03 09:54:24.666,1.12872,1.12874,0.44,0.90
2022.02.03 09:54:24.768,1.12871,1.12874,1.44,0.90
2022.02.03 09:54:29.034,1.12871,1.12873,0.44,0.90
2022.02.03 09:54:29.947,1.1287,1.12873,1.88,0.90
2022.02.03 09:54:30.756,1.12869,1.1287,2.65,0.90
2022.02.03 09:54:30.859,1.12867,1.1287,0.54,0.90
2022.02.03 09:54:36.081,1.12865,1.12868,1.44,1.34
2022.02.03 09:54:36.183,1.12864,1.12867,1.44,0.90
2022.02.03 09:54:36.794,1.12866,1.12869,0.90,1.44
2022.02.03 09:54:41.449,1.12864,1.12867,2.42,0.90
2022.02.03 09:54:41.603,1.12865,1.12867,0.54,0.90
2022.02.03 09:54:41.705,1.12865,1.12868,1.88,0.90
2022.02.03 09:54:44.427,1.12866,1.12869,0.98,0.90
2022.02.03 09:54:48.766,1.12869,1.12872,4.04,2.70
2022.02.03 09:54:48.869,1.1287,1.12873,1.44,1.80
2022.02.03 09:54:48.971,1.12871,1.12873,0.12,1.80
2022.02.03 09:54:49.124,1.12873,1.12874,0.12,0.90
2022.02.03 09:54:49.586,1.12872,1.12875,1.88,0.90
2022.02.03 09:54:49.688,1.12873,1.12876,1.44,0.90
2022.02.03 09:54:49.841,1.12874,1.12877,2.34,1.80
2022.02.03 09:54:51.314,1.12875,1.12878,0.90,0.98
2022.02.03 09:54:51.777,1.12876,1.12878,0.54,0.90
2022.02.03 09:54:51.880,1.12877,1.12879,0.54,0.90
2022.02.03 09:54:52.550,1.12876,1.12879,1.44,0.90
2022.02.03 09:54:53.790,1.12875,1.12878,1.44,0.90
2022.02.03 09:54:53.892,1.12874,1.12877,0.98,1.34
2022.02.03 09:54:53.994,1.12873,1.12875,0.12,0.90
2022.02.03 09:54:55.051,1.12872,1.12874,0.44,0.90
2022.02.03 09:54:56.024,1.12871,1.12874,1.44,0.90
2022.02.03 09:54:56.228,1.12869,1.12872,0.90,0.90
2022.02.03 09:54:56.331,1.1287,1.12873,0.12,1.34
2022.02.03 09:54:56.433,1.12871,1.12875,1.44,1.44
2022.02.03 09:54:56.536,1.12872,1.12875,0.98,0.90
2022.02.03 09:54:56.881,1.12873,1.12875,0.12,0.90
2022.02.03 09:54:57.938,1.12873,1.12876,0.12,0.90
2022.02.03 09:54:58.268,1.12872,1.12876,2.34,0.98
2022.02.03 09:54:58.844,1.12872,1.12874,1.44,0.90
2022.02.03 09:54:58.947,1.12871,1.12874,0.90,2.11
2022.02.03 09:54:59.049,1.1287,1.12871,1.44,0.90
2022.02.03 09:54:59.307,1.12868,1.12871,1.31,0.90
2022.02.03 09:54:59.409,1.12868,1.1287,0.12,0.90
2022.02.03 09:54:59.511,1.12868,1.12871,0.12,0.90
2022.02.03 09:54:59.989,1.12868,1.1287,0.12,0.90
2022.02.03 09:55:00.813,1.12869,1.12872,0.98,0.90
2022.02.03 09:55:00.966,1.1287,1.12873,0.90,1.44
2022.02.03 09:55:05.034,1.12869,1.12873,1.44,1.44
2022.02.03 09:55:05.218,1.12869,1.12872,1.44,0.90
2022.02.03 09:55:05.538,1.12869,1.1287,0.12,1.34
2022.02.03 09:55:05.641,1.12867,1.12871,0.98,1.44
2022.02.03 09:55:05.946,1.12867,1.12869,0.12,0.90
2022.02.03 09:55:06.049,1.12866,1.12869,1.88,0.90
2022.02.03 09:55:09.803,1.12867,1.12869,0.12,0.90
2022.02.03 09:55:12.096,1.12869,1.12873,3.47,2.34
2022.02.03 09:55:12.249,1.12871,1.12872,0.12,2.24
2022.02.03 09:55:15.337,1.12871,1.12874,1.67,0.90
2022.02.03 09:55:15.439,1.12872,1.12874,0.12,0.90
2022.02.03 09:55:16.405,1.12871,1.12873,0.12,0.90
2022.02.03 09:55:16.508,1.12871,1.12872,1.44,0.90
2022.02.03 09:55:22.345,1.12871,1.12873,0.44,0.90
2022.02.03 09:55:22.550,1.1287,1.12873,1.44,0.90
2022.02.03 09:55:34.428,1.12871,1.12873,0.54,0.90
2022.02.03 09:55:34.632,1.12872,1.12874,0.12,0.90
2022.02.03 09:55:39.332,1.1287,1.12873,1.67,0.90
2022.02.03 09:55:39.485,1.12869,1.12871,0.54,0.90
2022.02.03 09:55:39.588,1.12868,1.12871,0.98,0.90
2022.02.03 09:55:43.396,1.12871,1.12873,0.23,0.90
2022.02.03 09:55:43.499,1.12872,1.12873,1.67,0.90
2022.02.03 09:55:47.593,1.12872,1.12874,0.44,0.90
2022.02.03 09:55:50.451,1.12871,1.12874,1.44,0.90
2022.02.03 09:55:50.553,1.12871,1.12872,0.98,0.90
2022.02.03 09:55:51.303,1.12869,1.12872,1.44,0.90
2022.02.03 09:55:51.898,1.12868,1.12871,0.98,0.90
2022.02.03 09:55:52.000,1.12867,1.1287,1.44,0.90
2022.02.03 09:55:58.607,1.12865,1.12868,0.98,0.90
2022.02.03 09:55:58.761,1.12863,1.12866,0.98,0.90
2022.02.03 09:55:58.863,1.12862,1.12865,2.34,0.90
2022.02.03 09:56:03.096,1.12861,1.12864,0.90,1.44
2022.02.03 09:56:03.233,1.1286,1.12864,0.98,2.34
2022.02.03 09:56:03.878,1.12861,1.12864,0.90,2.34
2022.02.03 09:56:05.102,1.1286,1.12863,0.98,0.90
2022.02.03 09:56:07.128,1.12859,1.12863,0.98,1.44
2022.02.03 09:56:07.230,1.12859,1.12862,0.90,1.44
2022.02.03 09:56:08.194,1.12858,1.12861,0.98,0.90
2022.02.03 09:56:20.131,1.12857,1.12861,2.34,0.98
2022.02.03 09:56:23.034,1.12858,1.12861,0.90,1.52
2022.02.03 09:56:25.104,1.12857,1.1286,0.90,0.98
2022.02.03 09:56:29.289,1.12857,1.12861,1.80,0.98
2022.02.03 09:56:29.391,1.12858,1.12861,1.34,0.90
2022.02.03 09:56:29.544,1.12858,1.1286,2.78,0.90
2022.02.03 09:56:29.646,1.12858,1.12861,0.44,0.90
2022.02.03 09:56:29.749,1.12858,1.12862,2.03,0.90
2022.02.03 09:56:30.106,1.12858,1.12861,0.90,0.77
2022.02.03 09:56:30.208,1.12857,1.1286,0.90,0.90
2022.02.03 09:56:42.010,1.12859,1.1286,1.34,0.98
2022.02.03 09:56:43.044,1.1286,1.12863,2.03,0.54
2022.02.03 09:56:43.146,1.12862,1.12865,0.90,4.45
2022.02.03 09:56:43.249,1.12863,1.12865,0.44,1.88
2022.02.03 09:56:43.453,1.12862,1.12865,3.37,1.80
2022.02.03 09:56:44.215,1.12862,1.12866,1.34,1.44
2022.02.03 09:56:44.984,1.12861,1.12864,1.57,0.90
2022.02.03 09:56:45.308,1.12862,1.12864,0.23,0.90
2022.02.03 09:56:46.705,1.12863,1.12864,1.13,0.90
2022.02.03 09:56:50.922,1.12864,1.12866,0.44,0.90
2022.02.03 09:56:51.024,1.12865,1.12867,0.90,0.12
2022.02.03 09:56:51.126,1.12866,1.12867,0.90,0.98
2022.02.03 09:56:51.432,1.12864,1.12867,1.34,0.90
2022.02.03 09:56:53.509,1.12862,1.12865,0.90,0.90
2022.02.03 09:56:54.864,1.12861,1.12864,1.34,0.90
2022.02.03 09:56:54.968,1.1286,1.12863,0.44,0.98
2022.02.03 09:56:55.070,1.1286,1.12862,1.57,0.98
2022.02.03 09:56:55.999,1.1286,1.12861,0.44,0.90
2022.02.03 09:56:56.288,1.12858,1.12861,0.90,0.90
2022.02.03 09:56:58.005,1.12857,1.1286,1.44,0.90
2022.02.03 09:56:58.412,1.12856,1.1286,1.34,0.90
2022.02.03 09:57:00.401,1.12856,1.12859,1.34,0.90
2022.02.03 09:57:00.503,1.12855,1.12859,1.57,0.98
2022.02.03 09:57:02.055,1.12857,1.12859,1.57,0.90
2022.02.03 09:57:02.157,1.12858,1.12859,1.34,0.90
2022.02.03 09:57:03.608,1.12858,1.12861,0.90,0.90
2022.02.03 09:57:03.711,1.12858,1.12862,1.34,0.98
2022.02.03 09:57:04.568,1.12858,1.12861,0.90,0.90
2022.02.03 09:57:07.102,1.12858,1.12862,1.34,0.98
2022.02.03 09:57:07.204,1.12861,1.12864,0.90,0.98
2022.02.03 09:57:14.139,1.1286,1.12863,0.90,2.34
2022.02.03 09:57:14.242,1.12859,1.12862,0.90,2.24
2022.02.03 09:57:15.724,1.12857,1.1286,1.34,0.90
2022.02.03 09:57:19.516,1.12855,1.12859,1.34,1.34
2022.02.03 09:57:19.619,1.12854,1.12858,0.90,1.34
2022.02.03 09:57:19.721,1.12855,1.12858,0.90,0.90
2022.02.03 09:57:19.901,1.12854,1.12858,1.34,1.34
2022.02.03 09:57:20.614,1.12855,1.12858,0.90,0.90
2022.02.03 09:57:21.086,1.12857,1.1286,0.90,0.90
2022.02.03 09:57:30.158,1.12859,1.12861,1.34,0.98
2022.02.03 09:57:30.261,1.12861,1.12864,0.90,2.42
2022.02.03 09:57:30.516,1.12859,1.12863,3.01,1.88
2022.02.03 09:57:30.618,1.12859,1.12862,0.90,1.44
2022.02.03 09:57:30.720,1.12859,1.1286,1.34,0.90
2022.02.03 09:57:35.417,1.12856,1.12859,0.90,1.88
2022.02.03 09:57:35.571,1.12857,1.12859,0.44,0.90
2022.02.03 09:57:36.580,1.12857,1.1286,1.34,0.90
2022.02.03 09:57:37.353,1.12856,1.12859,2.24,0.90
2022.02.03 09:57:37.580,1.12857,1.12859,0.44,0.90
2022.02.03 09:57:38.435,1.12856,1.12859,2.24,0.90
2022.02.03 09:57:41.034,1.12857,1.12859,2.24,0.90
2022.02.03 09:57:43.945,1.12857,1.1286,0.44,0.90
2022.02.03 09:57:44.047,1.12858,1.12861,0.90,0.98
2022.02.03 09:57:46.495,1.12858,1.1286,0.44,0.90
2022.02.03 09:57:46.597,1.12858,1.12861,1.34,0.90
2022.02.03 09:57:50.734,1.1286,1.12863,1.80,0.90
2022.02.03 09:57:50.856,1.12862,1.12865,0.90,0.90
2022.02.03 09:57:51.926,1.12861,1.12864,2.24,0.90
2022.02.03 09:58:03.053,1.12862,1.12864,0.44,0.90
2022.02.03 09:58:05.321,1.12861,1.12864,1.34,0.90
2022.02.03 09:58:06.123,1.1286,1.12863,0.90,0.90
2022.02.03 09:58:06.725,1.12859,1.12862,2.24,0.90
2022.02.03 09:58:06.827,1.12859,1.12861,0.90,0.90
2022.02.03 09:58:06.930,1.1286,1.12863,0.90,1.98
2022.02.03 09:58:07.032,1.12859,1.12862,2.24,0.90
2022.02.03 09:58:09.126,1.12858,1.12861,1.80,0.90
2022.02.03 09:58:10.214,1.12858,1.1286,0.44,0.90
2022.02.03 09:58:11.373,1.12858,1.12859,1.34,0.90
2022.02.03 09:58:16.595,1.12856,1.12859,2.24,0.90
2022.02.03 09:58:17.799,1.12857,1.1286,0.90,0.90
2022.02.03 09:58:20.510,1.12856,1.1286,1.34,0.90
2022.02.03 09:58:22.697,1.12859,1.12862,0.90,5.89
2022.02.03 09:58:26.076,1.12859,1.1286,0.90,0.90
2022.02.03 09:58:27.446,1.12857,1.1286,1.57,0.90
2022.02.03 09:58:28.843,1.12856,1.12859,1.80,0.90
2022.02.03 09:58:28.946,1.12856,1.12858,0.90,0.90
2022.02.03 09:58:29.150,1.12856,1.12859,2.24,0.90
2022.02.03 09:58:36.120,1.12854,1.12858,2.93,0.90
2022.02.03 09:58:36.324,1.12854,1.12857,0.90,0.90
2022.02.03 09:58:37.166,1.12853,1.12854,0.90,0.90
2022.02.03 09:58:37.218,1.12852,1.12853,3.47,0.90
2022.02.03 09:58:38.184,1.12852,1.12854,0.44,0.90
2022.02.03 09:58:38.599,1.12851,1.12854,3.37,0.90
2022.02.03 09:58:38.650,1.12853,1.12855,0.44,0.90
2022.02.03 09:58:38.753,1.12853,1.12856,0.44,0.90
2022.02.03 09:58:38.855,1.12852,1.12855,1.34,0.90
2022.02.03 09:58:39.281,1.12851,1.12854,2.70,0.90
2022.02.03 09:58:42.441,1.12851,1.12853,0.90,1.34
2022.02.03 09:58:42.845,1.12851,1.12852,1.34,1.34
2022.02.03 09:58:44.267,1.12851,1.12853,0.44,0.90
2022.02.03 09:58:45.050,1.1285,1.12853,2.03,0.90
2022.02.03 09:58:47.607,1.12849,1.12852,0.90,2.24
2022.02.03 09:58:47.710,1.12846,1.12848,2.11,1.80
2022.02.03 09:58:47.813,1.12842,1.12844,1.21,0.44
2022.02.03 09:58:47.864,1.12839,1.12842,0.90,2.24
2022.02.03 09:58:47.967,1.1284,1.12843,0.90,0.90
2022.02.03 09:58:48.069,1.12841,1.12844,0.90,3.68
2022.02.03 09:58:50.517,1.12841,1.12843,0.90,0.44
2022.02.03 09:58:50.620,1.1284,1.12843,0.90,1.34
2022.02.03 09:58:51.103,1.12839,1.12842,1.80,0.90
2022.02.03 09:58:51.257,1.12841,1.12842,0.90,1.34
2022.02.03 09:58:54.130,1.12841,1.12843,0.44,0.90
2022.02.03 09:58:55.736,1.12841,1.12844,1.34,0.90
2022.02.03 09:58:57.363,1.12838,1.12841,1.34,0.90
2022.02.03 09:58:57.465,1.12837,1.1284,2.24,0.90
2022.02.03 09:58:57.568,1.12839,1.12841,0.44,0.90
2022.02.03 09:58:58.790,1.1284,1.12842,0.44,0.90
2022.02.03 09:58:59.578,1.12839,1.12842,1.34,0.90
2022.02.03 09:58:59.683,1.12841,1.12842,1.34,0.90
2022.02.03 09:58:59.786,1.12841,1.12843,0.44,0.90
2022.02.03 09:59:01.469,1.12842,1.12844,0.44,0.90
2022.02.03 09:59:05.000,1.12841,1.12844,1.34,0.90
2022.02.03 09:59:08.736,1.12842,1.12845,0.90,0.90
2022.02.03 09:59:11.780,1.12844,1.12847,2.70,0.90
2022.02.03 09:59:11.882,1.12845,1.12848,1.34,0.90
2022.02.03 09:59:12.137,1.12843,1.12846,0.90,1.34
2022.02.03 09:59:12.716,1.12844,1.12847,0.90,0.90
2022.02.03 09:59:13.353,1.12845,1.12848,1.80,0.90
2022.02.03 09:59:13.405,1.12843,1.12847,1.34,1.13
2022.02.03 09:59:13.456,1.12842,1.12845,0.90,1.88
2022.02.03 09:59:13.559,1.12842,1.12844,0.90,0.12
2022.02.03 09:59:14.145,1.12842,1.12845,1.34,0.98
2022.02.03 09:59:14.248,1.12843,1.12846,0.90,0.98
2022.02.03 09:59:14.350,1.12842,1.12846,0.90,3.91
2022.02.03 09:59:14.453,1.12842,1.12845,0.90,0.12
2022.02.03 09:59:14.732,1.12841,1.12844,1.34,0.90
2022.02.03 09:59:19.103,1.12841,1.12842,0.90,0.12
2022.02.03 09:59:19.163,1.12839,1.12842,1.34,0.90
2022.02.03 09:59:19.265,1.12839,1.12841,0.44,0.90
2022.02.03 09:59:19.367,1.12838,1.12841,2.24,0.90
2022.02.03 09:59:19.470,1.12839,1.12842,1.34,0.90
2022.02.03 09:59:19.675,1.12841,1.12844,0.90,1.80
2022.02.03 09:59:19.930,1.12842,1.12844,0.44,0.90
2022.02.03 09:59:19.982,1.12843,1.12846,1.57,0.90
2022.02.03 09:59:20.732,1.12844,1.12847,1.34,0.90
2022.02.03 09:59:20.885,1.12842,1.12845,1.67,0.90
2022.02.03 09:59:22.057,1.12843,1.12846,1.34,0.90
2022.02.03 09:59:22.159,1.12845,1.12846,0.44,0.90
2022.02.03 09:59:22.278,1.12843,1.12846,1.34,0.90
2022.02.03 09:59:23.884,1.12844,1.12846,0.44,0.90
2022.02.03 09:59:24.114,1.12843,1.12846,1.34,0.90
2022.02.03 09:59:25.142,1.12843,1.12845,0.44,0.90
2022.02.03 09:59:25.194,1.12846,1.12849,2.24,0.90
2022.02.03 09:59:25.296,1.12847,1.1285,1.34,1.80
2022.02.03 09:59:25.399,1.12848,1.1285,0.44,1.80
2022.02.03 09:59:26.480,1.12851,1.12853,0.67,0.90
2022.02.03 09:59:26.582,1.12851,1.12854,2.03,0.90
2022.02.03 09:59:26.685,1.1285,1.12852,0.44,0.90
2022.02.03 09:59:26.787,1.12849,1.12852,0.90,0.90
2022.02.03 09:59:27.279,1.12848,1.12851,3.14,0.90
2022.02.03 09:59:27.382,1.1285,1.12852,0.44,0.90
2022.02.03 09:59:30.330,1.12849,1.12852,1.34,0.90
2022.02.03 09:59:30.661,1.12848,1.12851,1.34,0.90
2022.02.03 09:59:30.976,1.12848,1.1285,0.44,0.90
2022.02.03 09:59:31.079,1.12847,1.1285,3.14,0.90
2022.02.03 09:59:32.190,1.12847,1.12851,3.14,0.90
2022.02.03 09:59:33.964,1.12844,1.12846,2.11,0.23
2022.02.03 09:59:34.168,1.12843,1.12846,0.90,0.98
2022.02.03 09:59:34.423,1.12843,1.12845,0.90,0.98
2022.02.03 09:59:34.474,1.12841,1.12844,1.34,1.34
2022.02.03 09:59:44.998,1.1284,1.12843,0.90,3.14
2022.02.03 09:59:45.100,1.12841,1.12844,0.90,2.47
2022.02.03 09:59:45.202,1.12842,1.12844,0.44,0.90
2022.02.03 09:59:46.239,1.12841,1.12844,1.34,0.90
2022.02.03 09:59:48.125,1.12841,1.12843,0.90,0.44
2022.02.03 09:59:48.227,1.1284,1.12843,1.34,0.90
2022.02.03 09:59:50.679,1.12841,1.12844,1.34,1.57
2022.02.03 09:59:52.163,1.12844,1.12847,3.24,2.57
2022.02.03 09:59:52.265,1.12845,1.12847,0.90,2.57
2022.02.03 09:59:52.368,1.12846,1.12848,0.44,1.80
2022.02.03 09:59:52.995,1.12844,1.12847,0.90,0.90
2022.02.03 09:59:53.106,1.12844,1.12845,0.12,0.90
2022.02.03 09:59:53.208,1.12842,1.12845,1.44,0.90
2022.02.03 09:59:55.914,1.12841,1.12844,1.34,0.90
2022.02.03 09:59:56.017,1.1284,1.12843,1.88,0.90
2022.02.03 09:59:56.127,1.1284,1.12844,1.88,0.90
2022.02.03 09:59:57.417,1.12841,1.12842,0.98,0.90
2022.02.03 09:59:57.519,1.12841,1.12844,0.90,0.90
