2014.09.15 01:00:01.918,1.29556,1.29559,3.75,1.00
2014.09.15 01:00:02.020,1.29554,1.29557,1.00,3.00
2014.09.15 01:00:02.326,1.29553,1.29555,1.00,1.00
2014.09.15 01:00:02.839,1.29552,1.29554,1.00,1.50
2014.09.15 01:00:03.789,1.2955,1.29554,2.62,1.50
2014.09.15 01:00:06.686,1.29551,1.29554,1.50,1.00
2014.09.15 01:00:07.192,1.29552,1.29555,1.00,1.00
2014.09.15 01:00:07.788,1.29551,1.29555,3.00,1.00
2014.09.15 01:00:08.718,1.29551,1.29554,2.25,1.00
2014.09.15 01:00:09.224,1.2955,1.29554,4.69,1.00
2014.09.15 01:00:10.613,1.29551,1.29554,1.00,1.00
2014.09.15 01:00:12.510,1.2955,1.29554,3.37,1.00
2014.09.15 01:00:13.022,1.29551,1.29554,1.00,2.25
2014.09.15 01:00:14.566,1.29551,1.29554,1.00,6.04
2014.09.15 01:00:14.910,1.29549,1.29554,3.37,6.04
2014.09.15 01:00:15.426,1.29549,1.29553,2.25,3.94
2014.09.15 01:00:16.523,1.2955,1.29553,1.00,3.94
2014.09.15 01:00:17.029,1.29549,1.29553,1.00,3.94
2014.09.15 01:00:17.571,1.29548,1.29552,2.25,1.25
2014.09.15 01:00:18.087,1.29547,1.29552,1.00,6.19
2014.09.15 01:00:18.541,1.29549,1.29552,1.00,2.44
2014.09.15 01:00:19.898,1.29548,1.29552,1.50,3.94
2014.09.15 01:00:20.435,1.29548,1.29552,2.25,3.19
2014.09.15 01:00:22.771,1.29549,1.29552,1.00,3.94
2014.09.15 01:00:24.451,1.29548,1.29552,1.00,3.19
2014.09.15 01:00:24.965,1.29549,1.29552,1.00,3.94
2014.09.15 01:00:26.085,1.29548,1.29552,1.00,3.19
2014.09.15 01:00:27.533,1.29549,1.29552,1.00,3.94
2014.09.15 01:00:28.079,1.29548,1.29552,1.00,3.19
2014.09.15 01:00:29.260,1.29548,1.29551,1.50,1.00
2014.09.15 01:00:29.924,1.29548,1.29552,2.25,2.44
2014.09.15 01:00:30.777,1.29548,1.29551,2.25,1.25
2014.09.15 01:00:31.450,1.29549,1.29551,1.00,1.25
2014.09.15 01:00:32.001,1.29548,1.29552,2.25,2.44
2014.09.15 01:00:34.489,1.29549,1.29552,1.00,1.69
2014.09.15 01:00:35.116,1.29548,1.29552,2.25,1.69
2014.09.15 01:00:36.508,1.29548,1.29551,2.25,1.00
2014.09.15 01:00:38.435,1.29549,1.29551,1.00,1.00
2014.09.15 01:00:38.942,1.29548,1.29551,1.50,1.00
2014.09.15 01:00:40.175,1.29549,1.29551,1.00,1.00
2014.09.15 01:00:40.680,1.29548,1.29551,1.50,1.00
2014.09.15 01:00:41.619,1.29549,1.29551,1.00,1.00
2014.09.15 01:00:42.169,1.29549,1.29552,1.00,2.25
2014.09.15 01:00:42.682,1.29548,1.29552,2.25,2.25
2014.09.15 01:00:43.238,1.29549,1.29552,1.00,2.25
2014.09.15 01:00:43.904,1.29548,1.29552,2.25,2.25
2014.09.15 01:00:44.923,1.29549,1.29552,1.00,1.50
2014.09.15 01:00:45.425,1.29548,1.29552,1.50,3.00
2014.09.15 01:00:46.645,1.29549,1.29552,1.00,3.00
2014.09.15 01:00:47.156,1.29548,1.29552,3.75,3.00
2014.09.15 01:00:47.877,1.29549,1.29552,1.00,3.00
2014.09.15 01:00:48.383,1.29548,1.29552,3.75,3.00
2014.09.15 01:00:49.504,1.29549,1.29552,1.00,3.00
2014.09.15 01:00:50.518,1.29548,1.29552,3.75,3.00
2014.09.15 01:00:51.150,1.29549,1.29552,1.00,3.00
2014.09.15 01:00:51.831,1.29548,1.29552,3.75,3.00
2014.09.15 01:00:52.440,1.29549,1.29551,1.00,1.00
2014.09.15 01:00:52.983,1.29548,1.29551,4.35,1.00
2014.09.15 01:00:53.785,1.29548,1.29552,4.35,1.50
2014.09.15 01:00:55.100,1.29549,1.29552,1.00,1.00
2014.09.15 01:00:56.817,1.29549,1.29552,1.37,1.50
2014.09.15 01:00:57.348,1.29549,1.29552,1.12,1.50
2014.09.15 01:00:58.760,1.29549,1.29552,1.87,1.50
2014.09.15 01:00:59.267,1.29549,1.29552,1.12,1.50
2014.09.15 01:00:59.781,1.29549,1.29552,1.37,1.50
2014.09.15 01:01:00.438,1.29549,1.29552,1.87,1.50
2014.09.15 01:01:01.188,1.29549,1.29552,1.37,1.50
2014.09.15 01:01:01.703,1.29549,1.29552,1.87,1.50
2014.09.15 01:01:02.812,1.29549,1.29552,1.37,1.50
2014.09.15 01:01:04.297,1.29549,1.29552,1.87,1.50
2014.09.15 01:01:05.019,1.29549,1.29552,1.87,1.50
2014.09.15 01:01:05.529,1.29549,1.29552,1.87,1.50
2014.09.15 01:01:06.167,1.29549,1.29552,1.37,1.50
2014.09.15 01:01:06.848,1.29549,1.29552,1.12,1.50
2014.09.15 01:01:09.081,1.29549,1.29552,1.37,1.00
2014.09.15 01:01:09.642,1.29549,1.29552,1.12,1.00
2014.09.15 01:01:12.113,1.29549,1.29552,1.87,1.00
2014.09.15 01:01:12.661,1.29549,1.29552,1.00,1.00
2014.09.15 01:01:14.560,1.29549,1.29553,3.37,5.44
2014.09.15 01:01:15.471,1.29549,1.29553,2.62,5.44
2014.09.15 01:01:16.242,1.29549,1.29553,2.62,5.44
2014.09.15 01:01:16.785,1.29549,1.29553,3.37,5.44
2014.09.15 01:01:17.599,1.29549,1.29553,3.37,5.44
2014.09.15 01:01:18.725,1.29549,1.29553,2.62,5.44
2014.09.15 01:01:19.233,1.29549,1.29553,2.62,5.44
2014.09.15 01:01:21.762,1.29549,1.29553,3.37,4.69
2014.09.15 01:01:22.706,1.29549,1.29553,2.62,4.69
2014.09.15 01:01:23.212,1.29549,1.29553,2.62,4.69
2014.09.15 01:01:24.034,1.29549,1.29553,3.37,4.69
2014.09.15 01:01:25.018,1.29549,1.29553,2.62,4.69
2014.09.15 01:01:25.523,1.29549,1.29553,2.62,4.69
2014.09.15 01:01:27.579,1.29549,1.29553,1.87,5.44
2014.09.15 01:01:28.084,1.29549,1.29553,2.62,5.44
2014.09.15 01:01:28.617,1.29549,1.29553,1.87,5.44
2014.09.15 01:01:29.122,1.29549,1.29553,1.87,5.44
2014.09.15 01:01:30.171,1.2955,1.29553,1.00,3.94
2014.09.15 01:01:31.134,1.2955,1.29553,1.00,5.44
2014.09.15 01:01:34.760,1.2955,1.29554,1.50,3.94
2014.09.15 01:01:37.097,1.2955,1.29553,1.50,1.00
2014.09.15 01:01:39.716,1.29552,1.29554,1.00,1.69
2014.09.15 01:01:40.042,1.29554,1.29556,13.87,1.00
2014.09.15 01:01:40.195,1.29556,1.2956,2.25,8.81
2014.09.15 01:01:48.961,1.29556,1.29559,1.87,2.06
2014.09.15 01:01:49.012,1.29556,1.29559,1.37,2.81
2014.09.15 01:01:49.166,1.29555,1.29557,1.50,1.25
2014.09.15 01:01:49.419,1.29552,1.29556,2.25,1.25
2014.09.15 01:01:50.548,1.29553,1.29556,1.00,1.69
2014.09.15 01:01:56.906,1.29552,1.29556,2.25,1.69
2014.09.15 01:01:58.456,1.29552,1.29556,1.50,2.06
2014.09.15 01:01:58.995,1.29552,1.29556,1.50,2.06
2014.09.15 01:01:59.582,1.29552,1.29556,1.50,2.06
2014.09.15 01:02:04.290,1.29551,1.29555,2.25,1.69
2014.09.15 01:02:13.618,1.29551,1.29554,1.50,2.10
2014.09.15 01:02:14.131,1.2955,1.29554,1.00,4.54
2014.09.15 01:02:15.581,1.29551,1.29553,1.00,1.25
2014.09.15 01:02:16.162,1.2955,1.29553,3.75,1.25
2014.09.15 01:02:16.702,1.2955,1.29555,3.75,10.69
2014.09.15 01:02:23.268,1.29551,1.29554,1.50,1.25
2014.09.15 01:02:31.201,1.2955,1.29554,3.60,1.69
2014.09.15 01:02:33.462,1.29551,1.29554,1.00,1.69
2014.09.15 01:02:34.607,1.2955,1.29554,3.00,1.69
2014.09.15 01:02:35.076,1.29552,1.29554,1.50,1.69
2014.09.15 01:02:40.207,1.2955,1.29554,3.00,1.69
2014.09.15 01:02:43.190,1.2955,1.29553,3.00,1.19
2014.09.15 01:02:43.917,1.29551,1.29553,1.00,1.19
2014.09.15 01:02:44.740,1.29552,1.29553,1.00,1.00
2014.09.15 01:02:48.851,1.29552,1.29554,1.00,2.44
2014.09.15 01:02:54.087,1.29552,1.29556,1.00,6.56
2014.09.15 01:02:54.592,1.29553,1.29556,1.00,1.00
2014.09.15 01:02:55.123,1.29553,1.29557,1.00,3.19
2014.09.15 01:03:01.880,1.29554,1.29557,1.00,1.50
2014.09.15 01:03:03.162,1.29553,1.29557,1.50,3.00
2014.09.15 01:03:07.087,1.29554,1.29557,1.00,1.50
2014.09.15 01:03:10.259,1.29553,1.29557,1.00,1.50
2014.09.15 01:03:10.779,1.29553,1.29556,1.00,1.00
2014.09.15 01:03:16.490,1.29553,1.29557,3.00,1.50
2014.09.15 01:03:26.109,1.29552,1.29557,5.25,1.50
2014.09.15 01:03:26.160,1.29554,1.29557,1.00,1.00
2014.09.15 01:03:31.115,1.29553,1.29557,1.00,1.50
2014.09.15 01:03:31.966,1.29554,1.29557,1.00,3.00
2014.09.15 01:03:32.270,1.29556,1.29559,4.35,1.00
2014.09.15 01:03:32.573,1.29557,1.29561,1.00,2.62
2014.09.15 01:03:33.079,1.29557,1.2956,1.50,1.87
2014.09.15 01:03:33.673,1.29557,1.29559,1.50,1.00
2014.09.15 01:03:34.184,1.29556,1.29559,2.25,1.00
2014.09.15 01:03:38.467,1.29556,1.2956,1.50,2.62
2014.09.15 01:03:39.013,1.29556,1.29559,2.25,1.00
2014.09.15 01:03:39.552,1.29556,1.2956,1.50,3.37
2014.09.15 01:03:40.825,1.29556,1.29559,1.50,1.35
2014.09.15 01:03:40.876,1.29556,1.29557,1.00,1.00
2014.09.15 01:03:41.180,1.29553,1.29555,1.50,1.00
2014.09.15 01:03:43.505,1.29552,1.29555,1.50,1.00
2014.09.15 01:03:44.015,1.29552,1.29556,1.00,1.00
2014.09.15 01:03:45.648,1.29552,1.29555,1.00,1.00
2014.09.15 01:03:46.182,1.29551,1.29555,3.19,1.50
2014.09.15 01:03:47.869,1.29552,1.29555,1.00,2.25
2014.09.15 01:03:55.107,1.29553,1.29555,1.00,1.50
2014.09.15 01:03:55.159,1.29554,1.29558,5.87,5.44
2014.09.15 01:03:55.311,1.29554,1.29559,3.00,5.10
2014.09.15 01:03:55.463,1.29556,1.29559,1.00,2.25
2014.09.15 01:03:55.975,1.29556,1.29557,1.50,1.00
2014.09.15 01:04:18.721,1.29555,1.29557,1.00,1.00
2014.09.15 01:04:19.228,1.29554,1.29557,1.00,2.25
2014.09.15 01:04:19.741,1.29553,1.29557,2.25,3.00
2014.09.15 01:04:24.237,1.29554,1.29557,1.00,2.25
2014.09.15 01:04:26.977,1.29553,1.29557,1.00,1.50
2014.09.15 01:04:27.509,1.29553,1.29556,1.00,1.00
2014.09.15 01:04:41.707,1.29553,1.29555,1.00,1.00
2014.09.15 01:04:42.421,1.29553,1.29556,1.00,1.50
2014.09.15 01:04:45.039,1.29552,1.29556,1.00,1.50
2014.09.15 01:04:45.495,1.2955,1.29555,3.19,3.00
2014.09.15 01:04:45.900,1.29552,1.29554,1.00,1.50
2014.09.15 01:04:46.407,1.29551,1.29554,1.00,3.75
2014.09.15 01:04:47.118,1.29552,1.29554,1.00,2.85
2014.09.15 01:04:53.446,1.29551,1.29554,1.00,1.87
2014.09.15 01:04:54.201,1.2955,1.29554,4.50,1.50
2014.09.15 01:04:56.332,1.29551,1.29554,1.50,1.50
2014.09.15 01:04:56.837,1.2955,1.29554,2.25,1.00
2014.09.15 01:04:57.159,1.29552,1.29554,1.00,1.00
2014.09.15 01:04:57.698,1.29551,1.29553,1.00,1.00
2014.09.15 01:04:58.422,1.29551,1.29554,1.50,1.00
2014.09.15 01:04:59.813,1.2955,1.29554,3.00,2.25
2014.09.15 01:05:00.582,1.29551,1.29554,1.00,1.00
2014.09.15 01:05:01.088,1.2955,1.29553,4.12,1.00
2014.09.15 01:05:01.597,1.29551,1.29553,1.00,1.00
2014.09.15 01:05:02.103,1.29551,1.29554,1.50,4.35
2014.09.15 01:05:02.661,1.29552,1.29554,1.00,4.35
2014.09.15 01:05:03.192,1.29551,1.29554,1.50,3.60
2014.09.15 01:05:04.791,1.29552,1.29554,1.00,3.60
2014.09.15 01:05:05.372,1.29551,1.29554,1.50,2.85
2014.09.15 01:05:16.126,1.29551,1.29553,1.00,1.00
2014.09.15 01:05:33.807,1.2955,1.29553,1.00,1.00
2014.09.15 01:05:34.111,1.29549,1.29551,1.00,3.00
2014.09.15 01:05:34.264,1.29546,1.29549,1.87,1.00
2014.09.15 01:05:37.751,1.29545,1.29548,6.75,1.00
2014.09.15 01:05:38.272,1.29545,1.29548,3.75,1.00
2014.09.15 01:05:38.778,1.29546,1.29548,1.00,1.50
2014.09.15 01:05:39.447,1.29545,1.29548,1.87,1.00
2014.09.15 01:05:39.549,1.29546,1.29548,2.62,2.25
2014.09.15 01:05:40.059,1.29545,1.29548,1.87,1.50
2014.09.15 01:05:40.587,1.29545,1.29549,1.87,2.25
2014.09.15 01:05:41.480,1.29546,1.29548,1.87,1.00
2014.09.15 01:05:42.040,1.29545,1.29549,1.87,2.25
2014.09.15 01:05:43.720,1.29545,1.29548,2.62,1.00
2014.09.15 01:05:43.924,1.29544,1.29547,1.12,1.50
2014.09.15 01:05:44.026,1.29543,1.29545,2.25,1.00
2014.09.15 01:05:44.279,1.29541,1.29545,6.56,2.25
2014.09.15 01:05:44.431,1.29541,1.29542,1.12,1.00
2014.09.15 01:05:44.685,1.29539,1.29542,1.00,1.00
2014.09.15 01:05:45.089,1.29539,1.2954,1.00,1.00
2014.09.15 01:05:45.595,1.29538,1.2954,2.62,1.00
2014.09.15 01:05:45.999,1.29537,1.29538,1.00,1.00
2014.09.15 01:05:46.855,1.29536,1.29538,4.12,1.00
2014.09.15 01:05:47.357,1.29537,1.29538,1.00,1.00
2014.09.15 01:05:47.930,1.29536,1.29538,4.12,1.00
2014.09.15 01:05:55.103,1.29537,1.29538,1.12,3.00
2014.09.15 01:06:00.119,1.29536,1.29538,2.62,1.69
2014.09.15 01:06:35.121,1.29535,1.29538,7.50,2.25
2014.09.15 01:06:35.428,1.29535,1.29538,15.75,1.00
2014.09.15 01:06:47.681,1.29535,1.29538,7.87,1.00
2014.09.15 01:06:53.133,1.29535,1.29538,9.00,1.50
2014.09.15 01:06:53.638,1.29536,1.29538,1.87,1.00
2014.09.15 01:06:54.143,1.29536,1.29537,3.37,1.00
2014.09.15 01:06:54.658,1.29536,1.29538,4.12,1.00
2014.09.15 01:07:00.484,1.29536,1.29537,2.25,1.00
2014.09.15 01:07:00.940,1.29536,1.29538,4.12,1.50
2014.09.15 01:07:01.041,1.29536,1.29538,1.12,1.00
2014.09.15 01:07:01.596,1.29536,1.29539,1.12,1.50
2014.09.15 01:07:14.405,1.29536,1.29537,1.12,1.00
2014.09.15 01:07:14.608,1.29533,1.29537,1.50,3.94
2014.09.15 01:07:14.658,1.29535,1.29536,1.00,1.25
2014.09.15 01:07:14.811,1.29533,1.29536,3.00,1.25
2014.09.15 01:07:15.064,1.29531,1.29535,1.25,1.00
2014.09.15 01:07:15.309,1.29529,1.29531,1.50,1.00
2014.09.15 01:07:15.815,1.29528,1.29531,1.50,1.00
2014.09.15 01:07:16.830,1.29527,1.29531,3.37,1.00
2014.09.15 01:07:17.134,1.29529,1.29531,1.00,1.00
2014.09.15 01:07:18.106,1.29528,1.29531,1.50,1.00
2014.09.15 01:07:18.410,1.29526,1.29528,2.62,3.00
2014.09.15 01:07:18.714,1.29525,1.29527,1.00,1.00
2014.09.15 01:07:19.220,1.29526,1.29527,1.00,1.00
2014.09.15 01:07:19.726,1.29526,1.29527,1.00,1.25
2014.09.15 01:07:20.231,1.29526,1.29527,1.00,1.25
2014.09.15 01:07:20.737,1.29527,1.29528,1.50,1.00
2014.09.15 01:07:21.260,1.29526,1.29528,1.00,1.00
2014.09.15 01:07:21.868,1.29525,1.29527,3.00,1.00
2014.09.15 01:07:23.262,1.29524,1.29527,1.00,1.00
2014.09.15 01:07:23.770,1.29523,1.29527,1.50,1.00
2014.09.15 01:07:24.632,1.29525,1.29527,1.00,1.50
2014.09.15 01:07:24.936,1.29525,1.29529,3.00,2.44
2014.09.15 01:07:25.189,1.29525,1.29527,2.25,1.00
2014.09.15 01:07:25.952,1.29526,1.29527,1.00,1.00
2014.09.15 01:07:26.470,1.29525,1.29527,4.50,1.00
2014.09.15 01:07:27.635,1.29526,1.29527,1.00,1.00
2014.09.15 01:07:28.546,1.29525,1.29527,3.75,1.00
2014.09.15 01:07:29.357,1.29526,1.29527,1.00,1.00
2014.09.15 01:07:29.902,1.29526,1.29528,4.12,1.00
2014.09.15 01:07:30.054,1.29525,1.2953,6.37,2.81
2014.09.15 01:07:30.586,1.29525,1.29529,9.97,1.00
2014.09.15 01:07:45.034,1.29525,1.29528,4.50,1.00
2014.09.15 01:07:45.237,1.29523,1.29527,5.25,2.25
2014.09.15 01:07:45.439,1.29525,1.29527,1.00,1.50
2014.09.15 01:07:46.001,1.29524,1.29527,1.00,1.50
2014.09.15 01:07:52.545,1.29523,1.29527,3.00,1.50
2014.09.15 01:08:02.312,1.29521,1.29525,3.94,1.00
2014.09.15 01:08:02.821,1.29521,1.29524,1.00,2.25
2014.09.15 01:08:12.290,1.29521,1.29523,1.00,1.00
2014.09.15 01:08:12.341,1.29519,1.29523,6.37,1.00
2014.09.15 01:08:12.852,1.2952,1.29523,1.12,1.00
2014.09.15 01:08:14.087,1.29519,1.29523,6.37,1.00
2014.09.15 01:08:15.202,1.2952,1.29523,1.12,1.00
2014.09.15 01:08:15.874,1.29519,1.29523,6.37,1.00
2014.09.15 01:08:16.863,1.2952,1.29523,1.12,1.00
2014.09.15 01:08:17.420,1.29519,1.29523,6.37,1.00
2014.09.15 01:08:18.783,1.2952,1.29523,1.12,1.00
2014.09.15 01:08:19.698,1.2952,1.29524,1.12,1.50
2014.09.15 01:08:20.201,1.29519,1.29524,5.62,2.25
2014.09.15 01:08:21.621,1.2952,1.29524,1.12,1.50
2014.09.15 01:08:22.145,1.29519,1.29523,7.87,1.00
2014.09.15 01:08:23.208,1.2952,1.29523,1.12,1.00
2014.09.15 01:08:23.712,1.29519,1.29523,6.37,1.50
2014.09.15 01:08:24.304,1.2952,1.29523,1.87,1.50
2014.09.15 01:08:26.637,1.2952,1.29524,3.37,2.25
2014.09.15 01:08:46.113,1.2952,1.29523,1.00,1.00
2014.09.15 01:08:46.762,1.2952,1.29524,1.00,1.50
2014.09.15 01:08:51.280,1.29519,1.29524,4.72,3.00
2014.09.15 01:08:51.815,1.2952,1.29524,1.12,4.50
2014.09.15 01:08:52.372,1.29519,1.29524,4.50,4.50
2014.09.15 01:08:52.888,1.2952,1.29524,1.00,5.44
2014.09.15 01:08:52.989,1.2952,1.29522,1.00,1.00
2014.09.15 01:08:54.879,1.2952,1.29523,1.00,1.69
2014.09.15 01:09:03.445,1.29519,1.29523,5.62,1.50
2014.09.15 01:09:03.904,1.29521,1.29523,1.00,1.00
2014.09.15 01:09:04.006,1.29521,1.29525,1.00,2.25
2014.09.15 01:09:06.173,1.29522,1.29524,1.00,1.00
2014.09.15 01:09:06.376,1.2952,1.29525,2.25,8.25
2014.09.15 01:09:06.477,1.2952,1.29523,1.50,1.00
2014.09.15 01:09:07.001,1.29521,1.29524,1.00,1.00
2014.09.15 01:09:07.516,1.2952,1.29524,2.25,1.00
2014.09.15 01:09:11.333,1.2952,1.29523,2.62,1.00
2014.09.15 01:09:11.987,1.2952,1.29524,2.25,1.50
2014.09.15 01:09:12.301,1.2952,1.29522,3.00,1.00
2014.09.15 01:09:12.841,1.29521,1.29522,1.00,1.00
2014.09.15 01:09:13.363,1.2952,1.29522,1.00,1.50
2014.09.15 01:09:18.339,1.2952,1.29523,1.50,2.25
2014.09.15 01:09:18.845,1.2952,1.29522,1.50,1.00
2014.09.15 01:09:19.584,1.2952,1.29523,1.50,1.50
2014.09.15 01:09:20.149,1.2952,1.29522,1.50,1.00
2014.09.15 01:09:20.890,1.2952,1.29523,1.50,1.50
2014.09.15 01:09:22.161,1.2952,1.29522,1.50,1.00
2014.09.15 01:09:22.885,1.2952,1.29523,1.50,1.50
2014.09.15 01:09:24.092,1.2952,1.29522,1.50,1.00
2014.09.15 01:09:24.597,1.2952,1.29523,1.50,1.50
2014.09.15 01:09:25.108,1.29521,1.29523,1.00,1.50
2014.09.15 01:09:25.610,1.2952,1.29522,1.50,1.00
2014.09.15 01:09:26.115,1.2952,1.29523,2.25,1.50
2014.09.15 01:09:38.080,1.29519,1.29523,3.00,4.35
2014.09.15 01:09:38.626,1.29519,1.29523,4.50,4.35
2014.09.15 01:09:39.150,1.29519,1.29522,3.75,2.10
2014.09.15 01:09:39.655,1.29519,1.29522,3.00,1.00
2014.09.15 01:09:44.227,1.29519,1.29521,3.75,1.00
2014.09.15 01:09:48.714,1.2952,1.29521,1.00,1.69
2014.09.15 01:09:55.678,1.29519,1.29521,3.00,1.00
2014.09.15 01:09:56.187,1.2952,1.29523,1.00,3.94
2014.09.15 01:09:57.265,1.29521,1.29522,1.00,1.00
2014.09.15 01:09:57.875,1.29519,1.29521,1.50,1.00
2014.09.15 01:09:58.393,1.29519,1.29522,2.25,1.00
2014.09.15 01:09:58.916,1.2952,1.29522,1.50,1.00
2014.09.15 01:10:00.868,1.2952,1.29521,1.50,1.00
2014.09.15 01:10:01.476,1.2952,1.29522,1.50,1.00
2014.09.15 01:10:01.986,1.2952,1.29521,1.50,1.00
2014.09.15 01:10:02.287,1.2952,1.29523,1.00,4.69
2014.09.15 01:10:02.838,1.29521,1.29523,1.00,3.19
2014.09.15 01:10:03.806,1.29521,1.29523,1.00,4.84
2014.09.15 01:10:04.816,1.29521,1.29523,1.00,3.34
2014.09.15 01:10:05.363,1.29521,1.29523,1.00,3.49
2014.09.15 01:10:06.180,1.2952,1.29522,1.50,1.19
2014.09.15 01:10:11.352,1.2952,1.29522,2.25,1.19
2014.09.15 01:10:11.950,1.29521,1.29522,1.00,1.25
2014.09.15 01:10:12.465,1.2952,1.29522,1.50,1.19
2014.09.15 01:10:13.418,1.2952,1.29522,1.00,1.19
2014.09.15 01:10:13.620,1.2952,1.29523,2.25,3.00
2014.09.15 01:10:14.382,1.29521,1.29523,1.00,3.94
2014.09.15 01:10:14.913,1.29521,1.29522,1.00,1.00
2014.09.15 01:10:15.463,1.2952,1.29522,1.50,1.00
2014.09.15 01:10:15.993,1.29521,1.29522,1.50,1.50
2014.09.15 01:10:16.518,1.2952,1.29522,1.50,1.00
2014.09.15 01:10:21.743,1.29519,1.29522,4.12,1.00
2014.09.15 01:10:22.261,1.2952,1.29522,1.50,1.00
2014.09.15 01:10:23.932,1.2952,1.29523,1.00,3.00
2014.09.15 01:10:25.907,1.2952,1.29522,1.00,1.00
2014.09.15 01:10:26.603,1.2952,1.29523,1.00,3.00
2014.09.15 01:10:29.452,1.29521,1.29523,1.00,3.00
2014.09.15 01:10:29.677,1.29519,1.29523,3.75,3.00
2014.09.15 01:10:30.235,1.2952,1.29522,1.00,1.00
2014.09.15 01:10:30.757,1.2952,1.29523,1.00,3.00
2014.09.15 01:10:31.277,1.29519,1.29522,4.50,1.00
2014.09.15 01:10:31.428,1.29521,1.29523,1.00,3.00
2014.09.15 01:10:31.938,1.2952,1.29523,1.00,3.75
2014.09.15 01:10:33.391,1.2952,1.29522,1.00,1.00
2014.09.15 01:10:33.894,1.2952,1.29523,1.00,3.75
2014.09.15 01:10:34.405,1.2952,1.29522,1.50,1.00
2014.09.15 01:10:35.110,1.2952,1.29523,1.50,3.00
2014.09.15 01:10:35.699,1.29521,1.29523,1.00,3.00
2014.09.15 01:10:36.506,1.29521,1.29522,1.00,1.00
2014.09.15 01:10:37.151,1.2952,1.29522,1.50,1.00
2014.09.15 01:10:37.687,1.2952,1.29523,1.00,3.00
2014.09.15 01:10:38.191,1.2952,1.29522,1.00,1.00
2014.09.15 01:10:38.867,1.2952,1.29523,1.00,3.00
2014.09.15 01:10:39.478,1.2952,1.29522,1.00,1.00
2014.09.15 01:10:40.009,1.2952,1.29523,1.00,2.25
2014.09.15 01:10:40.868,1.2952,1.29522,1.00,1.00
2014.09.15 01:10:41.505,1.2952,1.29523,1.00,3.00
2014.09.15 01:10:42.127,1.2952,1.29522,1.00,1.00
2014.09.15 01:10:42.681,1.2952,1.29523,1.00,2.25
2014.09.15 01:10:43.398,1.2952,1.29522,1.00,1.00
2014.09.15 01:10:44.026,1.2952,1.29523,1.00,1.50
2014.09.15 01:10:45.321,1.2952,1.29522,1.00,1.00
2014.09.15 01:10:45.823,1.2952,1.29523,1.00,1.50
2014.09.15 01:10:47.526,1.2952,1.29522,1.00,1.00
2014.09.15 01:10:48.181,1.2952,1.29523,1.00,1.50
2014.09.15 01:10:48.712,1.2952,1.29522,1.00,1.00
2014.09.15 01:10:50.089,1.2952,1.29523,1.00,1.50
2014.09.15 01:10:52.211,1.2952,1.29522,1.00,1.00
2014.09.15 01:10:53.423,1.2952,1.29523,1.00,2.25
2014.09.15 01:10:54.131,1.2952,1.29522,2.25,1.00
2014.09.15 01:10:55.346,1.2952,1.29523,2.25,2.25
2014.09.15 01:10:55.956,1.29521,1.29523,1.00,2.25
2014.09.15 01:11:03.248,1.29521,1.29524,1.50,1.00
2014.09.15 01:11:03.804,1.2952,1.29524,2.25,3.00
2014.09.15 01:11:04.318,1.29521,1.29523,1.00,1.00
2014.09.15 01:11:04.953,1.29521,1.29524,1.50,1.50
2014.09.15 01:11:05.530,1.29521,1.29523,1.50,1.00
2014.09.15 01:11:06.114,1.29521,1.29524,1.50,1.00
2014.09.15 01:11:06.835,1.29521,1.29523,1.50,1.00
2014.09.15 01:11:07.447,1.29521,1.29524,1.50,1.00
2014.09.15 01:11:08.059,1.29521,1.29523,1.50,1.00
2014.09.15 01:11:09.350,1.29521,1.29524,1.50,1.00
2014.09.15 01:11:10.194,1.29521,1.29523,1.50,1.00
2014.09.15 01:11:11.003,1.29521,1.29524,1.50,1.00
2014.09.15 01:11:11.980,1.29521,1.29523,1.50,1.00
2014.09.15 01:11:12.932,1.29521,1.29524,1.50,1.00
2014.09.15 01:11:13.491,1.29521,1.29523,1.50,1.00
2014.09.15 01:11:13.992,1.29521,1.29524,1.50,1.00
2014.09.15 01:11:14.662,1.29521,1.29523,1.50,1.00
2014.09.15 01:11:15.192,1.29521,1.29524,1.50,1.00
2014.09.15 01:11:15.778,1.29521,1.29523,1.50,1.00
2014.09.15 01:11:16.328,1.29521,1.29524,1.00,1.50
2014.09.15 01:11:16.929,1.29521,1.29523,1.50,1.00
2014.09.15 01:11:17.454,1.29521,1.29524,1.00,2.25
2014.09.15 01:11:18.894,1.29521,1.29523,1.00,1.00
2014.09.15 01:11:19.410,1.29521,1.29524,1.00,1.50
2014.09.15 01:11:20.662,1.29521,1.29523,1.00,1.00
2014.09.15 01:11:21.187,1.29521,1.29524,1.00,2.25
2014.09.15 01:11:21.888,1.29521,1.29523,1.00,1.00
2014.09.15 01:11:22.406,1.29521,1.29524,1.00,1.50
2014.09.15 01:11:24.902,1.29521,1.29523,1.50,1.00
2014.09.15 01:11:25.513,1.29521,1.29524,1.50,1.50
2014.09.15 01:11:26.439,1.29521,1.29523,1.00,1.00
2014.09.15 01:11:26.987,1.29521,1.29524,1.50,1.50
2014.09.15 01:11:27.687,1.29521,1.29523,1.50,1.00
2014.09.15 01:11:28.304,1.29521,1.29524,1.50,1.50
2014.09.15 01:11:28.960,1.29521,1.29523,1.50,1.00
2014.09.15 01:11:29.668,1.29521,1.29524,1.50,1.50
2014.09.15 01:11:31.241,1.29521,1.29523,1.50,1.00
2014.09.15 01:11:31.807,1.29521,1.29524,1.50,1.50
2014.09.15 01:11:32.764,1.29521,1.29523,1.50,1.00
2014.09.15 01:11:33.285,1.29521,1.29524,1.50,1.50
2014.09.15 01:11:34.670,1.2952,1.29524,3.75,2.25
2014.09.15 01:11:36.753,1.29521,1.29523,1.50,1.00
2014.09.15 01:11:37.382,1.2952,1.29524,4.87,1.50
2014.09.15 01:11:39.125,1.29521,1.29523,1.00,1.00
2014.09.15 01:11:39.744,1.2952,1.29524,9.75,1.50
2014.09.15 01:11:40.505,1.29521,1.29523,1.00,1.00
2014.09.15 01:11:41.041,1.2952,1.29524,7.12,1.50
2014.09.15 01:11:43.335,1.29521,1.29523,1.00,1.00
2014.09.15 01:11:43.864,1.2952,1.29524,7.12,1.50
2014.09.15 01:11:45.058,1.29521,1.29523,1.00,1.00
2014.09.15 01:11:45.839,1.2952,1.29524,7.12,1.50
2014.09.15 01:11:46.886,1.29521,1.29523,1.00,1.00
2014.09.15 01:11:47.419,1.2952,1.29524,9.75,1.50
2014.09.15 01:11:48.135,1.29521,1.29523,1.00,1.00
2014.09.15 01:11:48.786,1.2952,1.29524,9.75,1.50
2014.09.15 01:11:51.010,1.29521,1.29523,1.00,1.00
2014.09.15 01:11:51.786,1.29521,1.29524,1.50,1.50
2014.09.15 01:11:52.624,1.29521,1.29523,2.25,1.00
2014.09.15 01:11:53.231,1.2952,1.29524,10.50,1.50
2014.09.15 01:11:54.149,1.29521,1.29523,1.00,1.00
2014.09.15 01:11:54.555,1.29522,1.29525,2.50,1.50
2014.09.15 01:11:54.708,1.29526,1.29529,1.00,3.00
2014.09.15 01:11:55.469,1.29526,1.2953,1.50,3.75
2014.09.15 01:11:55.981,1.29527,1.2953,1.00,3.00
2014.09.15 01:11:56.234,1.29528,1.2953,1.00,2.25
2014.09.15 01:11:56.386,1.29528,1.29532,2.25,1.50
2014.09.15 01:11:56.640,1.29529,1.29534,2.25,4.50
2014.09.15 01:11:57.145,1.29529,1.29532,4.12,1.00
2014.09.15 01:11:57.651,1.29529,1.29532,1.87,1.00
2014.09.15 01:11:58.106,1.29527,1.29531,4.50,1.00
2014.09.15 01:11:59.519,1.29528,1.29531,1.50,1.50
2014.09.15 01:12:01.396,1.29528,1.2953,1.50,1.00
2014.09.15 01:12:01.932,1.29528,1.29531,1.00,2.25
2014.09.15 01:12:02.723,1.29528,1.2953,1.00,1.00
2014.09.15 01:12:03.229,1.29527,1.29529,1.12,1.00
2014.09.15 01:12:03.744,1.29528,1.2953,2.25,1.50
2014.09.15 01:12:05.547,1.29526,1.2953,8.81,1.00
2014.09.15 01:12:05.829,1.29529,1.2953,1.00,1.00
2014.09.15 01:12:06.032,1.29529,1.29532,6.00,1.50
2014.09.15 01:12:06.558,1.29529,1.29533,1.87,1.00
2014.09.15 01:12:07.075,1.29529,1.29533,4.12,1.00
2014.09.15 01:12:07.627,1.29529,1.29534,2.62,4.50
2014.09.15 01:12:08.209,1.29529,1.29534,2.62,4.50
2014.09.15 01:12:08.818,1.29529,1.29533,3.37,1.50
2014.09.15 01:12:09.852,1.29529,1.29533,1.87,1.00
2014.09.15 01:12:11.576,1.29529,1.29533,1.87,1.00
2014.09.15 01:12:12.112,1.29529,1.29533,1.87,1.00
2014.09.15 01:12:12.908,1.29529,1.29533,1.87,1.00
2014.09.15 01:12:13.800,1.2953,1.29533,1.00,1.00
2014.09.15 01:12:14.313,1.29529,1.29533,3.75,1.50
2014.09.15 01:12:15.413,1.2953,1.29533,1.00,1.50
2014.09.15 01:12:16.056,1.29529,1.29533,3.75,1.50
2014.09.15 01:12:16.623,1.2953,1.29533,1.00,1.00
2014.09.15 01:12:17.197,1.29529,1.29533,2.25,1.00
2014.09.15 01:12:17.859,1.2953,1.29534,1.50,5.25
2014.09.15 01:12:19.494,1.2953,1.29533,1.50,1.00
2014.09.15 01:12:20.027,1.2953,1.29534,1.50,5.25
2014.09.15 01:12:20.813,1.2953,1.29533,1.50,1.00
2014.09.15 01:12:21.320,1.2953,1.29534,1.00,4.50
2014.09.15 01:12:22.077,1.2953,1.29533,1.00,1.00
2014.09.15 01:12:22.809,1.2953,1.29534,1.00,4.50
2014.09.15 01:12:23.797,1.2953,1.29533,1.00,1.00
2014.09.15 01:12:24.303,1.2953,1.29534,1.00,4.50
2014.09.15 01:12:25.221,1.2953,1.29533,1.00,1.00
2014.09.15 01:12:25.756,1.2953,1.29534,1.50,4.50
2014.09.15 01:12:26.422,1.2953,1.29533,1.00,1.00
2014.09.15 01:12:26.970,1.2953,1.29534,1.12,4.50
2014.09.15 01:12:28.770,1.2953,1.29533,1.12,1.00
2014.09.15 01:12:29.412,1.2953,1.29534,1.00,4.50
2014.09.15 01:12:30.084,1.2953,1.29533,1.00,1.00
2014.09.15 01:12:30.590,1.2953,1.29534,1.00,4.50
2014.09.15 01:12:31.524,1.2953,1.29533,1.00,1.00
2014.09.15 01:12:32.052,1.2953,1.29534,1.50,4.50
2014.09.15 01:12:32.673,1.2953,1.29533,1.00,1.00
2014.09.15 01:12:33.238,1.2953,1.29534,1.00,5.25
2014.09.15 01:12:33.756,1.2953,1.29533,1.00,1.00
2014.09.15 01:12:35.562,1.29529,1.29533,1.87,2.25
2014.09.15 01:12:36.180,1.2953,1.29533,2.62,1.00
2014.09.15 01:12:36.686,1.29531,1.29533,1.00,1.00
2014.09.15 01:12:37.359,1.2953,1.29534,2.62,1.50
2014.09.15 01:12:38.065,1.29531,1.29533,1.00,1.00
2014.09.15 01:12:38.572,1.2953,1.29534,5.62,1.50
2014.09.15 01:12:40.208,1.29531,1.29533,1.00,1.00
2014.09.15 01:12:40.959,1.2953,1.29534,5.62,1.50
2014.09.15 01:12:41.474,1.29531,1.29534,1.00,1.50
2014.09.15 01:12:41.678,1.29533,1.29534,1.00,1.50
2014.09.15 01:12:41.881,1.29536,1.29538,3.00,5.25
2014.09.15 01:12:42.388,1.29536,1.29539,1.50,1.00
2014.09.15 01:12:43.327,1.29536,1.29538,1.00,1.00
2014.09.15 01:12:43.845,1.29536,1.29539,1.00,3.75
2014.09.15 01:12:44.797,1.29536,1.29538,1.00,1.00
2014.09.15 01:12:45.304,1.29536,1.29539,1.00,3.75
2014.09.15 01:12:46.676,1.29536,1.29538,1.00,1.00
2014.09.15 01:12:47.210,1.29536,1.29539,1.00,3.75
2014.09.15 01:12:47.735,1.29536,1.29538,1.00,1.00
2014.09.15 01:12:48.491,1.29536,1.29539,1.00,3.75
2014.09.15 01:12:49.097,1.29536,1.29538,1.00,1.00
2014.09.15 01:12:49.608,1.29536,1.29539,1.00,3.75
2014.09.15 01:12:50.741,1.29538,1.29539,1.00,1.50
2014.09.15 01:12:51.499,1.29537,1.29539,2.25,1.00
2014.09.15 01:12:52.013,1.29538,1.29539,1.00,1.50
2014.09.15 01:12:52.523,1.29537,1.29539,1.50,1.00
2014.09.15 01:12:52.777,1.29539,1.2954,1.50,1.00
2014.09.15 01:12:52.930,1.2954,1.29542,3.37,2.25
2014.09.15 01:12:52.981,1.29542,1.29543,1.00,1.00
2014.09.15 01:12:53.285,1.29542,1.29545,1.50,1.50
2014.09.15 01:12:53.387,1.29542,1.29544,1.50,1.00
2014.09.15 01:12:53.936,1.29541,1.29544,1.00,1.50
2014.09.15 01:12:54.442,1.29541,1.29543,1.00,1.00
2014.09.15 01:12:54.988,1.29541,1.29544,1.00,1.50
2014.09.15 01:13:07.637,1.29542,1.29544,1.00,2.25
2014.09.15 01:13:08.146,1.29541,1.29544,1.00,2.25
2014.09.15 01:13:16.569,1.29541,1.29543,1.00,1.00
2014.09.15 01:13:17.087,1.29541,1.29544,1.00,2.25
2014.09.15 01:13:32.283,1.29541,1.29543,1.00,1.00
2014.09.15 01:13:33.290,1.29541,1.29542,1.00,1.00
2014.09.15 01:13:33.593,1.29539,1.29543,4.69,1.50
2014.09.15 01:13:34.182,1.29539,1.29543,3.56,1.00
2014.09.15 01:13:34.722,1.29539,1.29543,2.81,2.25
2014.09.15 01:13:36.137,1.29539,1.29543,2.81,2.25
2014.09.15 01:13:36.646,1.29539,1.29543,3.56,2.25
2014.09.15 01:13:38.176,1.29539,1.29543,2.81,2.25
2014.09.15 01:13:39.463,1.29539,1.29543,3.56,2.25
2014.09.15 01:13:40.207,1.29539,1.29543,3.56,2.25
2014.09.15 01:13:40.733,1.29539,1.29543,2.81,2.25
2014.09.15 01:13:41.723,1.29539,1.29543,2.81,2.25
2014.09.15 01:13:42.226,1.29539,1.29543,3.56,1.00
2014.09.15 01:13:43.422,1.29539,1.29543,2.81,1.00
2014.09.15 01:13:43.948,1.29539,1.29543,2.81,1.00
2014.09.15 01:13:44.472,1.29539,1.29542,3.56,1.00
2014.09.15 01:13:45.569,1.29538,1.29542,1.50,1.50
2014.09.15 01:13:45.721,1.29538,1.2954,1.00,1.00
2014.09.15 01:13:46.025,1.29533,1.29535,1.00,2.50
2014.09.15 01:13:46.177,1.29531,1.29534,2.25,1.50
2014.09.15 01:13:49.598,1.2953,1.29534,3.00,1.50
2014.09.15 01:13:49.699,1.29529,1.29532,6.00,1.00
2014.09.15 01:13:50.205,1.29529,1.29532,3.37,1.00
2014.09.15 01:13:50.725,1.29529,1.29532,2.62,1.00
2014.09.15 01:13:51.274,1.29529,1.29532,3.37,1.00
2014.09.15 01:13:51.783,1.29529,1.29532,2.62,1.00
2014.09.15 01:13:53.425,1.29529,1.29532,2.62,1.00
2014.09.15 01:13:53.968,1.29529,1.29532,2.81,1.00
2014.09.15 01:13:54.940,1.29529,1.29532,2.81,1.00
2014.09.15 01:13:55.754,1.29529,1.29532,2.06,1.00
2014.09.15 01:13:56.368,1.29529,1.29532,2.06,1.00
2014.09.15 01:13:57.179,1.29529,1.29532,2.81,1.00
2014.09.15 01:13:57.722,1.29529,1.29532,2.06,1.00
2014.09.15 01:13:58.266,1.29529,1.29532,2.06,1.00
2014.09.15 01:14:00.426,1.29529,1.29533,3.56,1.50
2014.09.15 01:14:01.270,1.29529,1.29533,3.56,1.50
2014.09.15 01:14:01.775,1.29529,1.29532,2.06,1.00
2014.09.15 01:14:02.477,1.29529,1.29533,3.56,2.25
2014.09.15 01:14:03.035,1.29529,1.29533,5.44,1.50
2014.09.15 01:14:03.852,1.2953,1.29533,1.00,1.50
2014.09.15 01:14:04.498,1.29529,1.29533,5.81,2.25
2014.09.15 01:14:05.071,1.2953,1.29533,1.00,1.50
2014.09.15 01:14:07.516,1.29531,1.29535,3.25,1.50
2014.09.15 01:14:07.821,1.29535,1.29539,3.00,4.31
2014.09.15 01:14:07.922,1.29535,1.29538,2.62,1.00
2014.09.15 01:14:08.327,1.29534,1.29536,1.00,1.00
2014.09.15 01:14:08.833,1.29532,1.29537,2.44,2.25
2014.09.15 01:14:09.338,1.29532,1.29536,5.44,1.00
2014.09.15 01:14:10.213,1.29532,1.29537,1.69,2.25
2014.09.15 01:14:12.026,1.29532,1.29537,1.69,2.25
2014.09.15 01:14:13.952,1.29532,1.29536,4.69,1.00
2014.09.15 01:14:14.509,1.29532,1.29537,3.19,1.00
2014.09.15 01:14:15.086,1.29532,1.29536,2.44,1.00
2014.09.15 01:14:15.756,1.29534,1.29536,1.50,1.00
2014.09.15 01:14:16.324,1.29534,1.29535,1.50,1.00
2014.09.15 01:14:16.779,1.29532,1.29535,1.50,1.00
2014.09.15 01:14:36.603,1.29534,1.29536,4.00,2.25
2014.09.15 01:14:36.756,1.29536,1.29538,4.12,3.37
2014.09.15 01:14:37.265,1.29538,1.29539,1.50,1.00
2014.09.15 01:14:37.367,1.29539,1.2954,1.00,1.00
2014.09.15 01:14:37.885,1.29538,1.29541,1.50,1.00
2014.09.15 01:14:47.339,1.29539,1.29541,1.00,1.00
2014.09.15 01:14:48.634,1.29539,1.29542,1.00,1.50
2014.09.15 01:14:49.256,1.29539,1.29541,1.00,1.00
2014.09.15 01:14:50.029,1.29539,1.29542,1.00,1.00
2014.09.15 01:14:50.625,1.29539,1.29543,1.00,6.37
2014.09.15 01:14:50.929,1.29539,1.29541,1.00,1.00
2014.09.15 01:14:52.915,1.2954,1.29541,1.00,1.00
2014.09.15 01:14:53.168,1.29541,1.29543,2.25,1.00
2014.09.15 01:14:59.580,1.29541,1.29544,1.50,1.00
2014.09.15 01:15:01.749,1.2954,1.29542,3.94,1.00
2014.09.15 01:15:02.283,1.29539,1.29543,4.69,1.50
2014.09.15 01:15:02.833,1.2954,1.29543,1.00,1.50
2014.09.15 01:15:03.345,1.29539,1.29543,4.69,1.50
2014.09.15 01:15:06.044,1.29539,1.29543,4.31,1.50
2014.09.15 01:15:07.290,1.29539,1.29543,4.69,1.00
2014.09.15 01:15:07.795,1.29539,1.29542,3.19,1.00
2014.09.15 01:15:09.790,1.2954,1.29542,1.00,1.00
2014.09.15 01:15:10.296,1.29539,1.29542,3.00,1.00
2014.09.15 01:15:10.802,1.29539,1.29542,2.62,1.00
2014.09.15 01:15:11.310,1.29539,1.29542,2.62,1.00
2014.09.15 01:15:12.318,1.29539,1.29543,3.37,1.00
2014.09.15 01:15:13.026,1.29539,1.29543,4.12,1.50
2014.09.15 01:15:13.533,1.29539,1.29543,3.37,1.00
2014.09.15 01:15:14.519,1.29539,1.29542,3.37,1.00
2014.09.15 01:15:15.026,1.2954,1.29542,1.00,1.00
2014.09.15 01:16:01.598,1.2954,1.29544,1.25,3.00
2014.09.15 01:16:01.699,1.2954,1.29542,2.06,1.00
2014.09.15 01:16:03.233,1.2954,1.29544,1.50,2.25
2014.09.15 01:16:03.637,1.2954,1.29542,1.00,1.00
2014.09.15 01:16:04.243,1.2954,1.29543,1.00,1.00
2014.09.15 01:16:06.047,1.2954,1.29544,1.12,2.25
2014.09.15 01:16:07.299,1.2954,1.29543,1.00,1.00
2014.09.15 01:16:09.305,1.2954,1.29544,2.25,1.00
2014.09.15 01:16:09.608,1.29542,1.29546,1.50,1.69
2014.09.15 01:16:11.901,1.29542,1.29546,6.19,1.00
2014.09.15 01:16:23.576,1.29544,1.29546,1.00,1.50
2014.09.15 01:16:24.033,1.29543,1.29549,8.10,5.25
2014.09.15 01:16:24.185,1.29544,1.29547,1.00,1.00
2014.09.15 01:16:24.691,1.29543,1.29547,1.50,2.25
2014.09.15 01:16:48.916,1.29545,1.29548,1.00,3.00
2014.09.15 01:16:49.220,1.29547,1.29549,1.12,1.50
2014.09.15 01:16:49.726,1.29547,1.29549,1.00,3.37
2014.09.15 01:16:50.534,1.29547,1.29549,2.62,1.87
2014.09.15 01:16:51.040,1.29548,1.2955,1.00,1.50
2014.09.15 01:16:51.617,1.29548,1.29551,1.00,3.75
2014.09.15 01:16:52.186,1.29548,1.2955,1.00,1.00
2014.09.15 01:16:52.237,1.29545,1.2955,7.87,1.00
2014.09.15 01:16:52.743,1.29545,1.2955,2.25,4.35
2014.09.15 01:16:54.341,1.29545,1.29549,2.25,1.50
2014.09.15 01:16:55.063,1.29547,1.2955,1.00,7.12
2014.09.15 01:16:55.878,1.29547,1.29549,1.50,1.00
2014.09.15 01:16:56.390,1.29547,1.2955,1.50,4.12
2014.09.15 01:16:57.049,1.29548,1.2955,1.00,5.25
2014.09.15 01:16:57.816,1.29548,1.29549,1.00,1.00
2014.09.15 01:16:58.377,1.29548,1.2955,1.00,4.12
2014.09.15 01:16:59.243,1.29548,1.29549,1.00,1.00
2014.09.15 01:16:59.751,1.29548,1.2955,1.00,4.12
2014.09.15 01:17:00.358,1.29548,1.29549,1.00,1.00
2014.09.15 01:17:00.880,1.29548,1.2955,1.00,2.62
2014.09.15 01:17:01.588,1.29547,1.2955,1.50,2.62
2014.09.15 01:17:02.157,1.29546,1.2955,2.62,2.62
2014.09.15 01:17:03.317,1.29546,1.29549,5.62,1.00
2014.09.15 01:17:03.825,1.29546,1.2955,1.87,3.75
2014.09.15 01:17:04.178,1.29548,1.2955,1.00,3.37
2014.09.15 01:17:04.634,1.29549,1.29553,1.00,1.50
2014.09.15 01:17:04.735,1.29552,1.29554,1.00,3.00
2014.09.15 01:17:04.871,1.29553,1.29556,1.00,1.50
2014.09.15 01:17:05.226,1.29553,1.29555,1.00,1.00
2014.09.15 01:17:09.280,1.29551,1.29554,1.50,1.50
2014.09.15 01:17:09.787,1.2955,1.29554,2.25,3.00
2014.09.15 01:17:11.228,1.29549,1.29553,3.37,1.00
2014.09.15 01:17:11.744,1.2955,1.29554,1.50,2.25
2014.09.15 01:17:14.748,1.2955,1.29553,1.00,1.00
2014.09.15 01:17:15.366,1.29549,1.29553,3.37,1.00
2014.09.15 01:17:15.878,1.29549,1.29553,2.62,1.00
2014.09.15 01:17:16.996,1.29549,1.29553,2.62,1.00
2014.09.15 01:17:17.553,1.2955,1.29553,1.00,1.00
2014.09.15 01:17:18.212,1.29549,1.29553,3.37,1.00
2014.09.15 01:17:19.283,1.2955,1.29553,1.00,1.00
2014.09.15 01:17:20.285,1.29549,1.29553,3.75,1.00
2014.09.15 01:17:20.891,1.2955,1.29553,1.00,1.00
2014.09.15 01:17:21.497,1.29549,1.29553,3.75,1.00
2014.09.15 01:17:22.317,1.2955,1.29553,1.00,1.00
2014.09.15 01:17:22.962,1.29549,1.29553,3.75,1.00
2014.09.15 01:17:23.536,1.2955,1.29553,1.00,1.00
2014.09.15 01:17:24.398,1.29549,1.29553,3.75,1.00
2014.09.15 01:17:24.933,1.2955,1.29553,1.00,1.00
2014.09.15 01:17:25.593,1.29549,1.29553,3.75,1.00
2014.09.15 01:17:26.957,1.2955,1.29553,1.00,1.00
2014.09.15 01:17:27.499,1.29549,1.29553,3.75,1.00
2014.09.15 01:17:28.278,1.2955,1.29553,1.00,1.00
2014.09.15 01:17:28.790,1.29549,1.29553,3.75,1.00
2014.09.15 01:17:29.538,1.2955,1.29553,1.00,1.00
2014.09.15 01:17:30.553,1.29549,1.29553,3.37,1.00
2014.09.15 01:17:31.613,1.29549,1.29553,3.37,1.00
2014.09.15 01:17:32.419,1.29549,1.29553,3.37,1.00
2014.09.15 01:17:33.439,1.2955,1.29553,1.00,1.00
2014.09.15 01:17:34.248,1.29549,1.29553,3.37,1.00
2014.09.15 01:17:34.767,1.29549,1.29553,3.37,1.00
2014.09.15 01:17:36.241,1.29549,1.29553,3.37,1.00
2014.09.15 01:17:36.844,1.29549,1.29553,3.37,1.00
2014.09.15 01:17:38.311,1.29549,1.29553,3.37,1.00
2014.09.15 01:17:39.025,1.29549,1.29553,3.37,1.00
2014.09.15 01:17:39.533,1.29549,1.29553,3.37,1.00
2014.09.15 01:17:40.595,1.2955,1.29553,1.00,1.00
2014.09.15 01:17:41.515,1.29549,1.29553,3.37,1.00
2014.09.15 01:17:42.106,1.2955,1.29553,1.00,1.00
2014.09.15 01:17:42.837,1.29549,1.29553,3.56,1.00
2014.09.15 01:17:43.447,1.29549,1.29553,3.56,1.00
2014.09.15 01:17:43.983,1.29549,1.29553,3.37,1.00
2014.09.15 01:17:45.793,1.29549,1.29553,3.37,1.00
2014.09.15 01:17:46.517,1.29549,1.29553,3.37,1.00
2014.09.15 01:17:47.519,1.29549,1.29553,3.37,1.00
2014.09.15 01:17:48.067,1.29549,1.29553,3.37,1.00
2014.09.15 01:17:48.599,1.29549,1.29553,4.12,1.50
2014.09.15 01:17:49.167,1.29549,1.29553,4.12,1.50
2014.09.15 01:17:49.774,1.29549,1.29553,4.12,1.50
2014.09.15 01:17:52.904,1.2955,1.29554,1.87,1.00
2014.09.15 01:17:56.066,1.2955,1.29553,2.25,1.00
2014.09.15 01:17:56.117,1.29552,1.29553,1.00,1.50
2014.09.15 01:17:56.218,1.29552,1.29555,1.00,4.87
2014.09.15 01:17:56.731,1.29551,1.29554,1.00,3.00
2014.09.15 01:17:57.779,1.29552,1.29554,1.00,2.25
2014.09.15 01:17:58.281,1.29551,1.29554,1.00,2.25
2014.09.15 01:17:58.852,1.2955,1.29554,2.25,3.75
2014.09.15 01:18:00.637,1.2955,1.29553,2.25,1.00
2014.09.15 01:18:01.435,1.2955,1.29554,2.62,3.00
2014.09.15 01:18:20.036,1.29552,1.29555,1.00,2.25
2014.09.15 01:18:20.546,1.29553,1.29555,1.00,1.50
2014.09.15 01:18:21.462,1.29551,1.29555,1.00,1.50
2014.09.15 01:18:22.490,1.29552,1.29555,1.00,1.50
2014.09.15 01:18:23.063,1.29551,1.29555,1.50,2.25
2014.09.15 01:18:24.196,1.29552,1.29555,1.00,1.69
2014.09.15 01:18:24.715,1.29551,1.29555,1.50,1.69
2014.09.15 01:18:25.906,1.29553,1.29555,1.00,1.69
2014.09.15 01:18:26.412,1.29554,1.29555,1.00,1.50
2014.09.15 01:18:26.918,1.29554,1.29556,1.50,1.50
2014.09.15 01:18:38.099,1.29554,1.29555,1.00,1.00
2014.09.15 01:18:38.621,1.29553,1.29555,1.50,1.00
2014.09.15 01:18:39.264,1.29553,1.29555,1.50,1.00
2014.09.15 01:18:39.906,1.29553,1.29556,1.50,1.50
2014.09.15 01:18:42.393,1.29553,1.29555,1.50,1.00
2014.09.15 01:18:42.909,1.29553,1.29555,1.50,1.00
2014.09.15 01:18:45.447,1.29553,1.29555,1.50,1.00
2014.09.15 01:18:45.751,1.29553,1.29556,1.50,2.25
2014.09.15 01:18:49.984,1.29553,1.29555,1.50,1.00
2014.09.15 01:18:50.529,1.29553,1.29555,1.50,1.00
2014.09.15 01:18:56.901,1.29553,1.29556,1.50,2.44
2014.09.15 01:19:11.243,1.29553,1.29555,1.00,1.00
2014.09.15 01:19:11.748,1.29553,1.29556,1.00,2.25
2014.09.15 01:19:12.518,1.29553,1.29554,1.00,1.00
2014.09.15 01:19:13.028,1.29553,1.29555,1.50,1.00
2014.09.15 01:19:13.542,1.29553,1.29554,1.00,1.00
2014.09.15 01:19:14.455,1.29552,1.29554,1.00,1.00
2014.09.15 01:19:16.185,1.29552,1.29554,1.00,1.69
2014.09.15 01:19:18.047,1.29552,1.29554,1.00,1.00
2014.09.15 01:19:18.564,1.29552,1.29555,1.00,5.44
2014.09.15 01:19:20.313,1.29552,1.29554,1.00,1.00
2014.09.15 01:19:20.857,1.29552,1.29555,1.00,3.94
2014.09.15 01:19:25.240,1.29552,1.29554,1.00,1.00
2014.09.15 01:19:25.745,1.29552,1.29555,1.00,6.19
2014.09.15 01:19:44.022,1.29552,1.29555,1.00,2.44
2014.09.15 01:19:44.792,1.29551,1.29555,3.00,2.44
2014.09.15 01:19:46.341,1.29551,1.29555,3.00,2.25
2014.09.15 01:19:48.630,1.29551,1.29555,3.00,2.44
2014.09.15 01:19:53.053,1.29551,1.29555,3.00,1.69
2014.09.15 01:20:00.860,1.29551,1.29553,1.50,1.00
2014.09.15 01:20:03.565,1.29551,1.29555,1.50,2.25
2014.09.15 01:20:23.232,1.29551,1.29554,1.50,1.00
2014.09.15 01:20:29.134,1.2955,1.29554,3.00,1.00
2014.09.15 01:20:29.861,1.29551,1.29554,1.00,1.00
2014.09.15 01:20:30.628,1.2955,1.29554,3.75,1.00
2014.09.15 01:20:31.153,1.29551,1.29554,1.00,1.00
2014.09.15 01:20:31.684,1.2955,1.29554,3.75,1.00
2014.09.15 01:20:32.614,1.29551,1.29554,1.00,1.00
2014.09.15 01:20:33.121,1.2955,1.29554,3.75,1.00
2014.09.15 01:20:33.754,1.29551,1.29554,1.00,1.00
2014.09.15 01:20:34.326,1.2955,1.29554,3.75,1.00
2014.09.15 01:20:34.831,1.29551,1.29555,1.00,1.25
2014.09.15 01:20:35.378,1.2955,1.29555,5.62,3.56
2014.09.15 01:20:36.653,1.29551,1.29555,1.00,3.56
2014.09.15 01:20:37.195,1.2955,1.29555,4.50,1.25
2014.09.15 01:20:37.902,1.29551,1.29555,1.00,3.56
2014.09.15 01:20:38.413,1.2955,1.29555,3.75,1.25
2014.09.15 01:20:38.817,1.29552,1.29555,1.00,2.06
2014.09.15 01:20:39.687,1.29552,1.29556,1.00,5.25
2014.09.15 01:20:40.921,1.29552,1.29556,1.00,3.37
2014.09.15 01:20:41.585,1.29552,1.29556,1.00,3.75
2014.09.15 01:20:42.592,1.29552,1.29555,1.00,1.00
2014.09.15 01:20:44.043,1.29552,1.29556,1.00,5.25
2014.09.15 01:20:47.841,1.29552,1.29555,2.25,1.00
2014.09.15 01:20:48.699,1.29552,1.29556,1.50,4.50
2014.09.15 01:20:49.342,1.29552,1.29555,1.00,1.00
2014.09.15 01:20:52.705,1.29552,1.29556,1.50,4.50
2014.09.15 01:20:53.260,1.29552,1.29555,1.50,1.00
2014.09.15 01:20:53.974,1.29552,1.29556,1.00,3.75
2014.09.15 01:20:55.012,1.29551,1.29556,3.00,3.00
2014.09.15 01:20:55.316,1.29551,1.29554,1.00,1.00
2014.09.15 01:20:55.826,1.29551,1.29555,1.50,1.00
2014.09.15 01:21:07.127,1.2955,1.29555,1.50,1.69
2014.09.15 01:21:12.510,1.29551,1.29555,1.50,3.19
2014.09.15 01:21:41.142,1.2955,1.29555,3.94,2.62
2014.09.15 01:21:41.648,1.29551,1.29555,1.00,2.62
2014.09.15 01:21:42.265,1.2955,1.29555,3.94,2.62
2014.09.15 01:21:42.569,1.29549,1.29551,3.00,1.00
2014.09.15 01:21:42.923,1.29552,1.29555,1.00,1.50
2014.09.15 01:21:44.647,1.29551,1.29553,1.00,1.50
2014.09.15 01:21:44.952,1.29549,1.29552,1.50,1.00
2014.09.15 01:21:45.206,1.29548,1.29551,1.25,1.37
2014.09.15 01:21:45.460,1.2955,1.29553,3.00,1.00
2014.09.15 01:21:45.995,1.2955,1.29554,3.00,1.00
2014.09.15 01:21:47.477,1.2955,1.29553,2.25,1.00
2014.09.15 01:21:47.681,1.29547,1.29551,6.37,1.50
2014.09.15 01:21:47.791,1.2955,1.29552,1.00,2.25
2014.09.15 01:21:47.842,1.2955,1.29552,1.00,1.00
2014.09.15 01:21:47.893,1.29548,1.29553,3.94,4.12
2014.09.15 01:21:47.994,1.29548,1.29551,1.00,1.00
2014.09.15 01:21:48.500,1.29548,1.29551,1.00,1.37
2014.09.15 01:21:49.012,1.29548,1.29551,1.00,1.12
2014.09.15 01:21:49.626,1.29547,1.29552,4.50,1.87
2014.09.15 01:21:50.262,1.29548,1.29551,1.00,1.37
2014.09.15 01:21:50.766,1.29547,1.29552,5.62,2.62
2014.09.15 01:21:51.299,1.29548,1.29551,1.00,1.12
2014.09.15 01:21:51.932,1.29549,1.29551,1.00,1.00
2014.09.15 01:21:51.983,1.2955,1.29553,1.00,1.50
2014.09.15 01:21:52.186,1.29551,1.29555,1.00,4.69
2014.09.15 01:21:59.936,1.29552,1.29555,1.00,1.00
2014.09.15 01:22:02.739,1.29551,1.29555,2.25,1.50
2014.09.15 01:22:18.914,1.29553,1.29555,1.00,2.25
2014.09.15 01:22:19.462,1.29552,1.29555,3.75,1.00
2014.09.15 01:22:19.564,1.29552,1.29557,3.00,2.62
2014.09.15 01:22:26.998,1.29556,1.29557,1.00,1.50
2014.09.15 01:22:27.150,1.29556,1.29559,4.50,1.50
2014.09.15 01:22:27.303,1.29558,1.2956,3.00,2.25
2014.09.15 01:22:27.404,1.29559,1.29562,2.25,1.00
2014.09.15 01:22:27.506,1.29561,1.29562,1.00,1.00
2014.09.15 01:22:27.557,1.2956,1.29564,3.75,1.00
2014.09.15 01:22:28.062,1.29561,1.29564,1.00,1.50
2014.09.15 01:22:29.717,1.29561,1.29563,1.00,1.00
2014.09.15 01:22:51.079,1.29561,1.29564,1.50,1.50
2014.09.15 01:23:07.752,1.29559,1.29564,4.50,1.00
2014.09.15 01:23:09.087,1.2956,1.29564,1.00,1.00
2014.09.15 01:23:09.618,1.29559,1.29564,4.50,1.00
2014.09.15 01:23:10.300,1.29559,1.29564,5.70,1.50
2014.09.15 01:23:10.862,1.29559,1.29564,4.50,1.00
2014.09.15 01:23:12.157,1.29559,1.29562,3.00,1.00
2014.09.15 01:23:14.749,1.29559,1.29563,1.50,1.00
2014.09.15 01:23:15.360,1.29559,1.29563,1.45,1.00
2014.09.15 01:23:15.889,1.29559,1.29563,1.20,1.00
2014.09.15 01:23:16.627,1.29559,1.29563,1.95,1.00
2014.09.15 01:23:17.178,1.29559,1.29563,1.20,1.00
2014.09.15 01:23:17.825,1.29559,1.29563,1.95,1.00
2014.09.15 01:23:18.607,1.29559,1.29563,1.20,1.00
2014.09.15 01:23:19.116,1.29559,1.29563,1.95,1.00
2014.09.15 01:23:19.850,1.29559,1.29563,1.20,1.00
2014.09.15 01:23:20.590,1.29559,1.29563,1.95,1.00
2014.09.15 01:23:21.112,1.2956,1.29564,1.95,3.00
2014.09.15 01:23:21.619,1.29558,1.29564,3.75,5.50
2014.09.15 01:23:21.871,1.2956,1.29564,1.50,3.25
2014.09.15 01:23:25.372,1.29559,1.29563,1.00,1.50
2014.09.15 01:23:26.030,1.29558,1.29563,4.69,1.50
2014.09.15 01:23:26.535,1.29559,1.29563,1.50,1.50
2014.09.15 01:23:27.736,1.2956,1.29563,1.00,1.50
2014.09.15 01:23:28.242,1.2956,1.29564,2.10,2.62
2014.09.15 01:23:29.773,1.2956,1.29563,1.00,1.50
2014.09.15 01:23:30.295,1.29559,1.29563,3.00,3.75
2014.09.15 01:23:30.816,1.2956,1.29563,1.50,2.25
2014.09.15 01:23:46.188,1.2956,1.29564,2.25,3.75
2014.09.15 01:23:46.693,1.29561,1.29564,1.50,1.00
2014.09.15 01:23:48.900,1.29562,1.29564,1.00,1.00
2014.09.15 01:23:49.478,1.29562,1.29565,1.00,2.25
2014.09.15 01:23:49.882,1.29563,1.29567,1.00,7.50
2014.09.15 01:23:49.933,1.29565,1.29566,1.00,1.00
2014.09.15 01:23:50.035,1.29565,1.29568,3.00,4.50
2014.09.15 01:23:50.287,1.29565,1.29566,1.00,1.00
2014.09.15 01:23:50.812,1.29565,1.29566,1.00,1.00
2014.09.15 01:23:53.376,1.29566,1.29567,1.25,1.00
2014.09.15 01:23:53.429,1.29567,1.29568,1.50,1.00
2014.09.15 01:23:53.481,1.29567,1.2957,3.94,1.50
2014.09.15 01:23:53.633,1.29569,1.29572,1.00,2.25
2014.09.15 01:23:53.684,1.2957,1.29572,1.00,1.50
2014.09.15 01:23:53.786,1.29571,1.29574,1.50,2.25
2014.09.15 01:23:54.293,1.2957,1.29574,1.50,1.50
2014.09.15 01:23:55.296,1.2957,1.29573,2.25,1.00
2014.09.15 01:23:55.823,1.29571,1.29574,1.00,1.00
2014.09.15 01:24:02.663,1.29571,1.29575,1.00,6.04
2014.09.15 01:24:05.837,1.29572,1.29575,1.00,3.97
2014.09.15 01:24:07.938,1.29571,1.29575,3.00,1.12
2014.09.15 01:24:08.090,1.29573,1.29576,1.00,1.00
2014.09.15 01:24:08.344,1.29574,1.29578,2.25,1.00
2014.09.15 01:24:08.446,1.29578,1.29579,1.12,1.00
2014.09.15 01:24:08.548,1.29579,1.29581,1.50,1.00
2014.09.15 01:24:08.599,1.2958,1.29583,1.00,2.25
2014.09.15 01:24:08.801,1.29581,1.29585,1.50,1.00
2014.09.15 01:24:09.308,1.29582,1.29586,1.00,3.00
2014.09.15 01:24:10.647,1.29582,1.29585,1.00,1.00
2014.09.15 01:24:11.153,1.29582,1.29586,1.00,3.75
2014.09.15 01:24:12.278,1.29582,1.29585,1.00,1.00
2014.09.15 01:24:13.309,1.29582,1.29586,1.00,3.75
2014.09.15 01:24:13.915,1.29582,1.29585,1.00,1.00
2014.09.15 01:24:14.616,1.29582,1.29586,1.00,4.50
2014.09.15 01:24:14.969,1.29582,1.29584,1.00,1.00
2014.09.15 01:24:19.264,1.29582,1.29585,1.00,1.00
2014.09.15 01:24:20.801,1.29582,1.29586,1.00,4.50
2014.09.15 01:24:21.314,1.29582,1.29585,1.00,1.50
2014.09.15 01:24:23.707,1.29583,1.29585,1.00,1.50
2014.09.15 01:24:24.212,1.29583,1.29586,1.00,2.62
2014.09.15 01:24:24.932,1.29583,1.29586,1.00,2.62
2014.09.15 01:24:25.436,1.29582,1.29586,1.00,2.25
2014.09.15 01:24:25.942,1.29583,1.29585,1.00,1.00
2014.09.15 01:24:26.753,1.29583,1.29586,1.00,3.00
2014.09.15 01:24:27.259,1.29583,1.29585,2.25,1.00
2014.09.15 01:24:27.980,1.29583,1.29586,1.50,2.25
2014.09.15 01:24:28.525,1.29583,1.29585,1.50,1.50
2014.09.15 01:24:29.040,1.29583,1.29586,1.50,1.50
2014.09.15 01:24:30.243,1.29583,1.29585,1.50,1.00
2014.09.15 01:24:30.749,1.29583,1.29586,1.00,2.25
2014.09.15 01:24:33.052,1.29582,1.29585,2.25,1.00
2014.09.15 01:24:33.356,1.29578,1.29579,1.50,1.00
2014.09.15 01:24:33.457,1.29575,1.29579,3.00,1.50
2014.09.15 01:24:33.660,1.29574,1.29577,3.19,2.25
2014.09.15 01:24:34.116,1.29572,1.29576,1.50,2.25
2014.09.15 01:24:35.473,1.29573,1.29576,1.00,1.50
2014.09.15 01:24:35.979,1.29572,1.29576,1.50,1.50
2014.09.15 01:24:39.779,1.29573,1.29576,1.00,1.50
2014.09.15 01:24:41.991,1.29572,1.29575,3.75,1.00
2014.09.15 01:24:42.143,1.29574,1.29575,1.00,1.00
2014.09.15 01:24:42.194,1.29574,1.29577,1.00,2.44
2014.09.15 01:24:43.003,1.29575,1.29577,1.00,1.50
2014.09.15 01:24:43.698,1.29573,1.29576,1.00,1.50
2014.09.15 01:24:44.204,1.29574,1.29577,1.00,3.19
2014.09.15 01:24:45.285,1.29574,1.29576,1.00,1.00
2014.09.15 01:24:45.739,1.29572,1.29575,2.25,1.00
2014.09.15 01:24:47.210,1.29573,1.29576,1.00,1.12
2014.09.15 01:24:47.717,1.29575,1.29577,1.00,2.62
2014.09.15 01:24:48.022,1.29579,1.29581,2.50,1.50
2014.09.15 01:24:48.174,1.29581,1.29582,1.00,1.00
2014.09.15 01:24:48.226,1.29582,1.29584,1.00,3.75
2014.09.15 01:24:48.732,1.29582,1.29585,1.00,3.00
2014.09.15 01:24:49.325,1.2958,1.29585,3.37,3.00
2014.09.15 01:24:52.225,1.2958,1.29586,3.94,8.81
2014.09.15 01:24:53.552,1.2958,1.29585,4.31,2.25
2014.09.15 01:24:54.057,1.29581,1.29585,1.00,2.25
2014.09.15 01:24:54.668,1.29582,1.29585,1.00,1.50
2014.09.15 01:24:55.192,1.29582,1.29586,1.50,1.87
2014.09.15 01:24:55.706,1.29582,1.29586,1.50,1.87
2014.09.15 01:24:56.266,1.29583,1.29586,1.00,1.37
2014.09.15 01:24:56.828,1.29582,1.29586,2.25,1.12
2014.09.15 01:24:57.690,1.29582,1.29586,2.25,1.37
2014.09.15 01:24:58.316,1.29582,1.29586,2.25,1.12
2014.09.15 01:24:58.821,1.29583,1.29586,1.00,1.00
2014.09.15 01:24:59.361,1.29583,1.29586,1.00,1.37
2014.09.15 01:24:59.882,1.29583,1.29587,1.50,3.00
2014.09.15 01:25:00.136,1.29585,1.29588,1.00,1.87
2014.09.15 01:25:00.641,1.29585,1.29589,1.50,4.12
2014.09.15 01:25:01.247,1.29582,1.29586,2.44,1.00
2014.09.15 01:25:01.453,1.29583,1.29585,1.50,1.00
2014.09.15 01:25:02.061,1.29582,1.29585,2.44,1.50
2014.09.15 01:25:03.983,1.29582,1.29584,2.25,1.00
2014.09.15 01:25:04.496,1.29582,1.29585,2.25,1.50
2014.09.15 01:25:05.163,1.29582,1.29584,2.25,1.00
2014.09.15 01:25:05.218,1.29582,1.29586,2.25,1.50
2014.09.15 01:25:05.441,1.29582,1.29584,2.25,1.00
2014.09.15 01:25:05.965,1.29582,1.29585,2.25,1.00
2014.09.15 01:25:08.898,1.29581,1.29583,2.25,1.00
2014.09.15 01:25:11.991,1.29581,1.29584,1.50,1.50
2014.09.15 01:25:17.256,1.29579,1.29582,1.50,1.00
2014.09.15 01:25:17.408,1.29578,1.29584,3.19,6.94
2014.09.15 01:25:17.762,1.29578,1.29582,3.19,1.00
2014.09.15 01:25:18.267,1.29579,1.29583,2.25,1.00
2014.09.15 01:25:19.050,1.2958,1.29583,1.00,1.00
2014.09.15 01:25:19.773,1.2958,1.29584,1.50,1.69
2014.09.15 01:25:23.926,1.2958,1.29584,1.50,2.44
2014.09.15 01:25:24.079,1.29578,1.29582,2.25,2.25
2014.09.15 01:25:24.130,1.29578,1.29581,2.25,1.37
2014.09.15 01:25:24.640,1.29578,1.29581,1.50,4.87
2014.09.15 01:25:25.254,1.29578,1.29581,1.50,2.62
2014.09.15 01:25:25.805,1.29578,1.29581,1.50,4.87
2014.09.15 01:25:26.374,1.29578,1.29581,2.25,3.37
2014.09.15 01:25:27.112,1.29578,1.29581,2.25,1.12
2014.09.15 01:25:27.905,1.29578,1.29581,2.25,1.37
2014.09.15 01:25:28.432,1.29578,1.29581,2.25,1.12
2014.09.15 01:25:29.015,1.29578,1.29581,3.00,1.37
2014.09.15 01:25:29.861,1.29578,1.29581,3.00,1.12
2014.09.15 01:25:30.414,1.29578,1.29581,3.00,3.37
2014.09.15 01:25:30.936,1.29578,1.29581,3.00,3.37
2014.09.15 01:25:31.499,1.29579,1.29581,1.00,1.00
2014.09.15 01:25:32.008,1.29579,1.29582,1.00,1.00
2014.09.15 01:25:33.371,1.29579,1.29581,2.25,1.00
2014.09.15 01:25:33.945,1.29579,1.29582,2.25,1.00
2014.09.15 01:25:34.552,1.29579,1.29581,1.50,1.00
2014.09.15 01:25:35.061,1.29579,1.29582,1.50,1.00
2014.09.15 01:25:36.176,1.29579,1.29581,1.50,1.00
2014.09.15 01:25:37.192,1.29579,1.29582,1.50,1.00
2014.09.15 01:25:38.085,1.29579,1.29581,1.50,1.00
2014.09.15 01:25:38.600,1.29579,1.29582,1.50,1.00
2014.09.15 01:25:39.110,1.29579,1.29581,1.50,1.00
2014.09.15 01:25:40.125,1.29579,1.29582,1.50,1.00
2014.09.15 01:25:40.765,1.29579,1.29581,1.50,1.00
2014.09.15 01:25:41.307,1.29579,1.29582,1.50,1.00
2014.09.15 01:25:42.261,1.29579,1.29581,1.50,1.00
2014.09.15 01:25:42.858,1.29579,1.29582,1.50,1.00
2014.09.15 01:25:43.388,1.29579,1.29581,1.50,1.00
2014.09.15 01:25:43.902,1.29579,1.29582,1.50,1.00
2014.09.15 01:25:44.593,1.29579,1.29581,1.50,1.00
2014.09.15 01:25:45.419,1.29579,1.29582,1.50,1.00
2014.09.15 01:25:45.955,1.29579,1.29581,1.50,1.00
2014.09.15 01:25:46.714,1.29579,1.29582,1.50,1.00
2014.09.15 01:25:48.535,1.29579,1.29581,1.50,1.00
2014.09.15 01:25:49.138,1.29579,1.29582,1.50,1.00
2014.09.15 01:25:50.316,1.29579,1.29583,3.75,1.50
2014.09.15 01:25:52.648,1.29579,1.29582,2.25,1.50
2014.09.15 01:25:52.954,1.29579,1.29584,1.50,3.94
2014.09.15 01:25:56.441,1.29579,1.29583,1.50,1.00
2014.09.15 01:26:01.002,1.2958,1.29583,1.00,1.00
2014.09.15 01:26:01.850,1.2958,1.29582,1.50,1.00
2014.09.15 01:26:02.431,1.29579,1.29582,1.00,1.00
2014.09.15 01:26:02.978,1.29579,1.29583,1.00,3.00
2014.09.15 01:26:08.754,1.29579,1.29582,1.00,1.00
2014.09.15 01:26:10.740,1.29579,1.29583,1.00,2.25
2014.09.15 01:26:16.271,1.29579,1.29582,1.00,1.00
2014.09.15 01:26:16.474,1.29578,1.2958,1.50,1.50
2014.09.15 01:26:16.980,1.29579,1.29581,1.00,1.50
2014.09.15 01:26:17.081,1.29577,1.29581,3.75,1.50
2014.09.15 01:26:18.058,1.29577,1.2958,3.00,1.00
2014.09.15 01:26:18.570,1.29579,1.29581,1.00,1.00
2014.09.15 01:26:18.772,1.2958,1.29583,1.00,3.75
2014.09.15 01:26:19.308,1.29579,1.29583,1.00,3.75
2014.09.15 01:26:19.860,1.29579,1.29582,1.00,1.00
2014.09.15 01:26:19.911,1.29579,1.2958,1.00,1.00
2014.09.15 01:26:20.416,1.29579,1.29581,1.00,3.00
2014.09.15 01:26:21.250,1.29579,1.29582,1.00,3.00
2014.09.15 01:26:24.522,1.2958,1.29583,1.00,3.00
2014.09.15 01:26:25.229,1.2958,1.29582,1.00,1.50
2014.09.15 01:26:25.700,1.29578,1.29583,1.50,5.25
2014.09.15 01:26:26.420,1.29578,1.29582,1.50,1.50
2014.09.15 01:26:26.933,1.29578,1.29581,2.44,1.00
2014.09.15 01:26:28.295,1.29578,1.29582,2.44,2.25
2014.09.15 01:26:45.478,1.29579,1.29583,1.00,3.75
2014.09.15 01:26:46.020,1.2958,1.29583,1.00,5.25
2014.09.15 01:26:52.972,1.2958,1.29582,1.00,1.00
2014.09.15 01:26:53.612,1.2958,1.29581,1.00,1.00
2014.09.15 01:26:56.692,1.2958,1.29582,1.00,1.00
2014.09.15 01:27:20.118,1.2958,1.29583,1.00,9.00
2014.09.15 01:27:22.646,1.2958,1.29582,1.00,1.00
2014.09.15 01:27:24.402,1.2958,1.29581,1.00,1.00
2014.09.15 01:27:25.985,1.2958,1.29582,1.00,1.12
2014.09.15 01:27:28.906,1.2958,1.29583,1.00,1.50
2014.09.15 01:27:36.826,1.2958,1.29582,1.00,1.00
2014.09.15 01:27:37.330,1.2958,1.29584,1.50,2.25
2014.09.15 01:27:37.482,1.2958,1.29585,2.25,11.81
2014.09.15 01:27:37.987,1.2958,1.29584,3.56,1.00
2014.09.15 01:27:38.460,1.29582,1.29584,1.00,1.00
2014.09.15 01:27:38.966,1.29582,1.29585,1.00,6.37
2014.09.15 01:27:39.877,1.29581,1.29585,2.44,1.12
2014.09.15 01:27:40.384,1.29582,1.29586,1.00,8.62
2014.09.15 01:27:40.890,1.29581,1.29585,1.00,1.00
2014.09.15 01:27:41.197,1.29579,1.29581,1.50,1.50
2014.09.15 01:27:41.299,1.2958,1.29583,3.75,1.00
2014.09.15 01:27:41.451,1.29579,1.29582,2.25,3.37
2014.09.15 01:27:41.857,1.2958,1.29583,1.50,1.50
2014.09.15 01:27:42.161,1.29578,1.29582,4.69,1.50
2014.09.15 01:27:42.786,1.29578,1.29581,1.25,1.00
2014.09.15 01:27:43.308,1.29578,1.29581,1.25,1.37
2014.09.15 01:27:44.021,1.29578,1.29582,1.25,4.12
2014.09.15 01:27:45.409,1.29577,1.29581,3.19,1.50
2014.09.15 01:27:46.001,1.29577,1.29582,3.19,4.87
2014.09.15 01:27:46.511,1.29577,1.29581,3.94,1.50
2014.09.15 01:27:47.799,1.29577,1.29581,3.94,1.50
2014.09.15 01:27:48.404,1.29577,1.29581,3.94,1.50
2014.09.15 01:27:48.962,1.29577,1.29581,3.19,3.00
2014.09.15 01:27:49.468,1.29577,1.29581,3.19,2.25
2014.09.15 01:27:50.173,1.29577,1.29581,2.44,2.25
2014.09.15 01:27:50.683,1.29577,1.29581,2.44,2.25
2014.09.15 01:27:52.028,1.29577,1.2958,2.44,1.00
2014.09.15 01:27:52.180,1.29576,1.29578,1.00,3.00
2014.09.15 01:27:52.283,1.29575,1.29577,1.00,6.00
2014.09.15 01:27:52.335,1.29573,1.29575,2.25,1.00
2014.09.15 01:27:52.387,1.29572,1.29575,1.00,2.62
2014.09.15 01:27:52.541,1.29571,1.29573,1.00,1.00
2014.09.15 01:27:52.844,1.29569,1.29572,2.62,1.00
2014.09.15 01:27:53.704,1.29567,1.29572,3.19,1.50
2014.09.15 01:27:54.234,1.29568,1.29572,1.00,1.50
2014.09.15 01:27:54.737,1.29567,1.29572,3.75,2.25
2014.09.15 01:27:57.801,1.29567,1.29571,1.00,2.44
2014.09.15 01:27:57.851,1.29567,1.29569,1.12,1.00
2014.09.15 01:27:58.105,1.29564,1.29567,3.37,3.00
2014.09.15 01:27:58.156,1.29564,1.29565,1.00,1.50
2014.09.15 01:27:58.207,1.29561,1.29564,4.35,1.00
2014.09.15 01:27:58.712,1.2956,1.29565,1.69,3.75
2014.09.15 01:27:59.346,1.29561,1.29565,1.00,4.12
2014.09.15 01:28:00.588,1.2956,1.29564,2.25,1.00
2014.09.15 01:28:01.660,1.2956,1.29565,3.00,1.87
2014.09.15 01:28:02.270,1.2956,1.29564,2.25,1.00
2014.09.15 01:28:04.448,1.2956,1.29562,1.00,1.00
2014.09.15 01:28:04.702,1.29558,1.29562,3.75,1.00
2014.09.15 01:28:07.300,1.29559,1.29562,1.00,1.00
2014.09.15 01:28:07.402,1.2956,1.29564,1.50,3.00
2014.09.15 01:28:08.579,1.29564,1.29567,3.25,9.37
2014.09.15 01:28:08.732,1.29566,1.29568,1.00,1.00
2014.09.15 01:28:09.238,1.29567,1.2957,1.50,5.62
2014.09.15 01:28:09.759,1.29566,1.2957,3.00,7.87
2014.09.15 01:28:10.265,1.29566,1.2957,2.25,2.62
2014.09.15 01:28:17.403,1.29568,1.29571,1.00,5.06
2014.09.15 01:28:17.809,1.2957,1.29572,1.50,1.00
2014.09.15 01:28:17.860,1.2957,1.29574,1.50,5.62
2014.09.15 01:28:17.961,1.29572,1.29574,1.00,3.75
2014.09.15 01:28:18.063,1.29569,1.29572,1.50,1.50
2014.09.15 01:28:18.266,1.29567,1.29572,1.69,4.35
2014.09.15 01:28:18.772,1.29568,1.29572,1.00,2.25
2014.09.15 01:28:19.347,1.29568,1.29571,1.00,1.00
2014.09.15 01:28:19.954,1.29568,1.29572,1.00,2.25
2014.09.15 01:28:22.012,1.29568,1.29571,1.00,1.00
2014.09.15 01:28:22.750,1.29568,1.29572,1.00,2.25
2014.09.15 01:28:23.314,1.29568,1.29571,1.00,1.00
2014.09.15 01:28:24.292,1.29568,1.29572,1.00,2.25
2014.09.15 01:28:26.213,1.29568,1.29571,1.00,1.00
2014.09.15 01:28:26.733,1.29568,1.29572,1.00,2.25
2014.09.15 01:28:28.549,1.29568,1.29571,1.00,1.00
2014.09.15 01:28:29.276,1.29568,1.29572,1.00,2.25
2014.09.15 01:28:29.880,1.29568,1.29571,1.00,1.00
2014.09.15 01:28:30.391,1.29568,1.29572,1.00,2.25
2014.09.15 01:28:32.269,1.29568,1.29571,2.25,1.00
2014.09.15 01:28:32.689,1.29569,1.29573,2.25,2.25
2014.09.15 01:28:32.842,1.29571,1.29574,1.50,2.25
2014.09.15 01:28:33.499,1.29571,1.29575,4.50,3.94
2014.09.15 01:28:46.649,1.29571,1.29576,1.00,6.56
2014.09.15 01:28:47.154,1.29571,1.29575,1.00,3.37
2014.09.15 01:28:47.659,1.29572,1.29575,1.00,4.12
2014.09.15 01:28:47.862,1.2957,1.29576,3.75,10.31
2014.09.15 01:28:48.399,1.2957,1.29575,3.75,1.50
2014.09.15 01:28:50.680,1.29571,1.29575,1.00,1.50
2014.09.15 01:28:55.707,1.29572,1.29575,1.00,1.00
2014.09.15 01:29:03.469,1.29572,1.29574,1.00,1.00
2014.09.15 01:29:04.850,1.2957,1.29574,5.44,1.00
2014.09.15 01:29:06.216,1.29571,1.29575,1.00,1.50
2014.09.15 01:29:06.732,1.2957,1.29574,3.94,1.00
2014.09.15 01:29:13.797,1.2957,1.29574,1.50,2.44
2014.09.15 01:29:14.321,1.29569,1.29573,3.00,1.69
2014.09.15 01:29:14.834,1.29569,1.29573,3.00,2.44
2014.09.15 01:29:15.348,1.29569,1.29573,3.00,2.44
2014.09.15 01:29:15.909,1.29569,1.29572,2.25,1.25
2014.09.15 01:29:16.680,1.29569,1.29572,1.00,3.19
2014.09.15 01:29:16.733,1.29568,1.2957,1.50,1.12
2014.09.15 01:29:16.785,1.29566,1.29569,3.00,1.12
2014.09.15 01:29:17.041,1.29565,1.29567,1.00,1.00
2014.09.15 01:29:17.092,1.29563,1.29567,3.00,1.00
2014.09.15 01:29:17.296,1.29563,1.29566,1.00,1.69
2014.09.15 01:29:17.602,1.29567,1.2957,1.50,1.69
2014.09.15 01:29:17.907,1.29569,1.29571,1.00,1.69
2014.09.15 01:29:18.211,1.29569,1.29573,2.25,1.69
2014.09.15 01:29:19.669,1.29568,1.29572,3.00,1.25
2014.09.15 01:29:27.231,1.29569,1.29572,1.00,1.00
2014.09.15 01:29:28.804,1.29568,1.29572,3.00,1.00
2014.09.15 01:29:34.053,1.29569,1.29572,1.00,1.00
2014.09.15 01:29:35.125,1.29569,1.29573,2.25,2.44
2014.09.15 01:29:35.639,1.29569,1.29574,3.00,3.75
2014.09.15 01:29:36.177,1.2957,1.29574,1.50,2.25
2014.09.15 01:29:46.042,1.29569,1.29575,6.00,7.69
2014.09.15 01:29:46.757,1.2957,1.29574,1.00,1.00
2014.09.15 01:29:47.432,1.29562,1.29572,1.50,0.75
2014.09.15 01:29:47.940,1.29562,1.29564,1.50,1.00
2014.09.15 01:29:48.042,1.29561,1.29567,4.69,3.94
2014.09.15 01:29:50.024,1.29562,1.29566,1.00,1.50
2014.09.15 01:29:51.330,1.29561,1.29566,3.94,1.50
2014.09.15 01:29:51.432,1.29563,1.29566,1.50,1.50
2014.09.15 01:29:52.459,1.29564,1.29566,1.00,1.00
2014.09.15 01:29:59.085,1.29564,1.29568,1.00,5.62
2014.09.15 01:30:03.039,1.29564,1.29566,1.00,1.00
2014.09.15 01:30:04.044,1.29564,1.29567,1.00,1.00
2014.09.15 01:30:04.588,1.29564,1.29568,1.00,3.56
2014.09.15 01:30:05.104,1.29564,1.29567,1.00,1.50
2014.09.15 01:30:05.872,1.29564,1.29566,1.00,1.00
2014.09.15 01:30:07.733,1.29562,1.29565,2.25,2.25
2014.09.15 01:30:18.805,1.29562,1.29564,1.00,1.00
2014.09.15 01:30:19.482,1.29562,1.29565,1.00,3.37
2014.09.15 01:30:23.844,1.29562,1.29564,1.00,1.00
2014.09.15 01:30:24.388,1.29562,1.29565,1.00,5.25
2014.09.15 01:30:24.929,1.29562,1.29564,1.00,1.00
2014.09.15 01:30:25.545,1.29562,1.29565,1.00,3.37
2014.09.15 01:30:26.078,1.29562,1.29564,1.00,1.00
2014.09.15 01:30:26.758,1.29562,1.29565,1.00,5.25
2014.09.15 01:30:27.300,1.29562,1.29564,1.00,1.00
2014.09.15 01:30:27.847,1.29562,1.29565,1.00,3.37
2014.09.15 01:30:30.716,1.29562,1.29564,1.00,1.00
2014.09.15 01:30:31.245,1.29562,1.29565,1.00,3.37
2014.09.15 01:30:39.354,1.29562,1.29564,1.00,1.00
2014.09.15 01:30:39.866,1.29562,1.29565,1.00,5.25
2014.09.15 01:30:40.392,1.29562,1.29564,1.00,1.00
2014.09.15 01:30:41.590,1.29562,1.29565,1.00,4.50
2014.09.15 01:30:42.101,1.29562,1.29564,1.00,1.00
2014.09.15 01:30:43.308,1.29562,1.29565,1.00,4.50
2014.09.15 01:30:43.810,1.29562,1.29564,1.00,1.00
2014.09.15 01:30:44.947,1.29562,1.29565,1.00,3.00
2014.09.15 01:30:46.882,1.29562,1.29564,1.00,1.00
2014.09.15 01:30:47.481,1.29562,1.29565,1.00,3.75
2014.09.15 01:30:49.109,1.29562,1.29564,1.00,1.00
2014.09.15 01:30:49.211,1.29559,1.29563,3.75,1.50
2014.09.15 01:30:49.413,1.29559,1.29561,1.00,1.00
2014.09.15 01:30:49.617,1.29557,1.2956,1.12,1.00
2014.09.15 01:30:50.022,1.29559,1.29561,1.50,1.00
2014.09.15 01:30:50.556,1.29559,1.29562,1.50,1.00
2014.09.15 01:30:52.625,1.29559,1.29563,3.75,1.50
2014.09.15 01:30:53.717,1.29561,1.29563,1.00,1.50
2014.09.15 01:30:53.871,1.29559,1.29563,3.75,1.50
2014.09.15 01:30:54.688,1.29561,1.29563,1.00,1.50
2014.09.15 01:30:55.196,1.29561,1.29564,1.00,1.25
2014.09.15 01:30:56.896,1.2956,1.29561,1.00,2.62
2014.09.15 01:30:56.997,1.29558,1.29561,3.00,1.87
2014.09.15 01:31:00.861,1.29558,1.2956,1.00,1.00
2014.09.15 01:31:01.396,1.29558,1.29561,1.00,2.62
2014.09.15 01:31:02.206,1.29558,1.2956,1.00,1.00
2014.09.15 01:31:04.158,1.29558,1.29561,1.00,1.87
2014.09.15 01:31:04.845,1.29558,1.2956,1.00,1.00
2014.09.15 01:31:05.388,1.29558,1.29561,1.00,1.87
2014.09.15 01:31:06.167,1.29557,1.29561,1.00,3.24
2014.09.15 01:31:06.879,1.29557,1.2956,1.00,1.00
2014.09.15 01:31:07.402,1.29556,1.2956,3.75,2.25
2014.09.15 01:31:07.919,1.29557,1.2956,1.00,1.00
2014.09.15 01:31:08.442,1.29556,1.29561,6.97,4.36
2014.09.15 01:31:09.111,1.29556,1.2956,10.72,1.00
2014.09.15 01:31:10.840,1.29556,1.29561,6.97,3.99
2014.09.15 01:31:12.302,1.29556,1.2956,6.97,1.12
2014.09.15 01:31:12.856,1.29556,1.29559,4.35,1.00
2014.09.15 01:31:13.362,1.29556,1.2956,3.75,3.00
2014.09.15 01:31:18.166,1.29556,1.29559,1.50,1.00
2014.09.15 01:31:21.884,1.29557,1.29559,1.00,1.00
2014.09.15 01:31:22.390,1.29558,1.29561,1.00,6.43
2014.09.15 01:31:44.680,1.2956,1.29561,1.50,1.69
2014.09.15 01:31:44.934,1.29563,1.29565,1.12,1.50
2014.09.15 01:31:45.035,1.29566,1.29567,1.00,1.50
2014.09.15 01:31:45.137,1.29566,1.2957,1.00,6.94
2014.09.15 01:31:46.225,1.29566,1.29569,3.00,1.00
2014.09.15 01:31:46.730,1.29566,1.2957,2.25,2.25
2014.09.15 01:31:47.257,1.29567,1.2957,2.25,1.00
2014.09.15 01:31:47.779,1.29566,1.2957,1.50,1.00
2014.09.15 01:31:58.831,1.29566,1.29569,2.25,3.19
2014.09.15 01:31:58.882,1.29566,1.29567,1.00,1.00
2014.09.15 01:31:59.387,1.29565,1.29567,2.25,1.00
2014.09.15 01:32:10.759,1.29565,1.29568,1.00,3.75
2014.09.15 01:32:11.284,1.29565,1.29567,1.00,1.00
2014.09.15 01:32:11.786,1.29565,1.29568,1.00,3.75
2014.09.15 01:32:12.501,1.29565,1.29567,1.72,1.00
2014.09.15 01:32:13.007,1.29565,1.29568,1.72,4.50
2014.09.15 01:32:13.518,1.29565,1.29567,1.00,1.00
2014.09.15 01:32:14.327,1.29565,1.29568,1.00,4.50
2014.09.15 01:32:14.845,1.29565,1.29567,1.00,1.00
2014.09.15 01:32:15.238,1.29566,1.2957,3.37,1.50
2014.09.15 01:32:15.744,1.29567,1.29571,2.62,1.87
2014.09.15 01:32:15.895,1.29567,1.29569,2.25,1.00
2014.09.15 01:32:16.098,1.29565,1.29568,1.87,1.00
2014.09.15 01:32:16.605,1.29565,1.29569,1.72,2.74
2014.09.15 01:32:20.881,1.29565,1.29567,1.00,1.00
2014.09.15 01:32:21.134,1.29563,1.29566,1.50,1.50
2014.09.15 01:32:21.639,1.29562,1.29565,1.00,2.25
2014.09.15 01:32:23.186,1.29561,1.29566,1.00,6.94
2014.09.15 01:32:30.628,1.29561,1.29566,1.50,4.31
2014.09.15 01:32:31.534,1.29561,1.29565,1.50,1.00
2014.09.15 01:32:33.139,1.29561,1.29566,1.50,4.31
2014.09.15 01:32:34.274,1.29561,1.29565,2.25,1.00
2014.09.15 01:32:34.978,1.29561,1.29566,1.50,4.31
2014.09.15 01:32:35.577,1.29561,1.29565,1.50,1.00
2014.09.15 01:32:36.281,1.29561,1.29566,1.50,4.31
2014.09.15 01:32:36.959,1.29561,1.29565,1.50,1.00
2014.09.15 01:32:39.159,1.29561,1.29566,2.25,4.12
2014.09.15 01:32:39.720,1.29561,1.29565,2.25,1.00
2014.09.15 01:32:41.029,1.29561,1.29566,1.50,4.50
2014.09.15 01:32:41.751,1.29561,1.29565,1.50,1.12
2014.09.15 01:32:42.391,1.29561,1.29566,1.50,4.50
2014.09.15 01:32:42.892,1.29561,1.29565,1.50,1.12
2014.09.15 01:32:43.403,1.29561,1.29566,1.50,4.50
2014.09.15 01:32:44.790,1.29561,1.29565,1.50,1.00
2014.09.15 01:32:45.546,1.29561,1.29566,1.50,4.12
2014.09.15 01:32:46.206,1.29561,1.29565,1.50,1.00
2014.09.15 01:32:46.711,1.29561,1.29566,1.50,4.12
2014.09.15 01:32:48.618,1.29561,1.29565,1.50,1.12
2014.09.15 01:32:49.178,1.29561,1.29566,1.50,4.50
2014.09.15 01:32:49.711,1.29561,1.29565,1.50,1.00
2014.09.15 01:32:50.246,1.29561,1.29566,1.50,3.75
2014.09.15 01:32:50.829,1.29561,1.29566,1.50,4.69
2014.09.15 01:32:53.505,1.29561,1.29566,1.50,3.75
2014.09.15 01:32:54.011,1.29562,1.29566,2.25,1.12
2014.09.15 01:32:54.466,1.2956,1.29564,2.25,1.00
2014.09.15 01:32:56.525,1.29561,1.29564,1.00,1.50
2014.09.15 01:32:58.971,1.2956,1.29564,4.12,1.50
2014.09.15 01:33:00.657,1.29561,1.29564,1.00,1.00
2014.09.15 01:33:00.758,1.29562,1.29566,1.50,3.00
2014.09.15 01:33:01.058,1.29563,1.29568,3.19,8.25
2014.09.15 01:33:01.591,1.29564,1.29567,1.00,1.50
2014.09.15 01:33:13.606,1.29564,1.29566,1.00,1.00
2014.09.15 01:33:14.254,1.29564,1.29567,1.00,1.50
2014.09.15 01:33:25.581,1.29564,1.29568,1.00,4.50
2014.09.15 01:33:26.136,1.29564,1.29567,1.00,1.00
2014.09.15 01:33:26.642,1.29564,1.29568,1.00,4.50
2014.09.15 01:33:28.513,1.29564,1.29567,1.00,1.00
2014.09.15 01:33:44.163,1.29564,1.29568,2.25,4.50
2014.09.15 01:33:44.729,1.29564,1.29567,2.25,1.00
2014.09.15 01:33:45.288,1.29564,1.29568,2.25,4.50
2014.09.15 01:33:45.933,1.29565,1.29568,1.00,3.00
2014.09.15 01:33:46.239,1.29567,1.29569,1.00,2.25
2014.09.15 01:33:46.755,1.29567,1.2957,1.00,7.12
2014.09.15 01:33:47.297,1.29567,1.29569,1.00,2.62
2014.09.15 01:33:56.334,1.29567,1.2957,1.50,1.50
2014.09.15 01:33:58.871,1.29568,1.2957,1.50,1.80
2014.09.15 01:33:59.175,1.2957,1.29571,1.00,1.12
2014.09.15 01:33:59.681,1.2957,1.29572,1.00,2.25
2014.09.15 01:34:00.186,1.29569,1.29571,1.00,1.00
2014.09.15 01:34:00.702,1.29569,1.29571,1.00,2.62
2014.09.15 01:34:01.212,1.29569,1.29571,1.00,2.62
2014.09.15 01:34:02.076,1.29569,1.29571,1.00,1.87
2014.09.15 01:34:02.678,1.29569,1.29572,1.00,2.62
2014.09.15 01:34:03.189,1.29569,1.29572,1.00,2.62
2014.09.15 01:34:03.698,1.29569,1.29572,1.00,1.87
2014.09.15 01:34:04.306,1.29569,1.29571,1.00,1.87
2014.09.15 01:34:04.612,1.29569,1.29572,1.50,1.00
2014.09.15 01:34:05.169,1.29569,1.29571,1.50,1.00
2014.09.15 01:34:05.675,1.29569,1.29572,1.50,1.50
2014.09.15 01:34:06.761,1.29569,1.29571,1.50,1.50
2014.09.15 01:34:07.777,1.29569,1.29571,1.00,1.37
2014.09.15 01:34:08.399,1.29569,1.29572,1.00,2.25
2014.09.15 01:34:10.605,1.29569,1.29571,1.00,1.37
2014.09.15 01:34:11.371,1.29569,1.29572,1.00,2.25
2014.09.15 01:34:15.322,1.29569,1.29572,1.00,1.87
2014.09.15 01:34:16.857,1.29569,1.29572,1.00,1.87
2014.09.15 01:34:17.364,1.29569,1.29571,1.00,1.37
2014.09.15 01:34:17.891,1.29569,1.29572,1.00,2.25
2014.09.15 01:34:19.610,1.29569,1.29572,1.00,2.25
2014.09.15 01:34:20.921,1.29569,1.29572,1.00,2.25
2014.09.15 01:34:21.428,1.29569,1.29571,1.00,1.37
2014.09.15 01:34:22.315,1.29569,1.29571,1.00,1.00
2014.09.15 01:34:23.251,1.29569,1.29572,1.00,3.00
2014.09.15 01:34:23.906,1.29569,1.29572,1.00,3.00
2014.09.15 01:34:25.501,1.29569,1.2957,1.00,1.00
2014.09.15 01:34:26.110,1.29569,1.29572,1.00,2.25
2014.09.15 01:34:27.023,1.29569,1.29571,1.00,1.37
2014.09.15 01:34:27.527,1.29569,1.29572,1.00,2.25
2014.09.15 01:34:28.206,1.29569,1.29571,1.00,1.37
2014.09.15 01:34:28.743,1.29569,1.29572,1.00,2.25
2014.09.15 01:34:30.882,1.29569,1.29572,1.00,2.25
2014.09.15 01:34:31.435,1.29569,1.29572,1.00,2.25
2014.09.15 01:34:32.248,1.2957,1.29572,1.00,1.50
2014.09.15 01:34:32.401,1.29571,1.29574,1.00,4.50
2014.09.15 01:34:32.907,1.29573,1.29575,1.50,1.12
2014.09.15 01:34:34.558,1.29573,1.29576,1.50,1.87
2014.09.15 01:34:35.886,1.29573,1.29576,1.50,1.37
2014.09.15 01:34:46.458,1.29571,1.29575,3.00,2.25
2014.09.15 01:34:46.610,1.2957,1.29571,1.50,1.00
2014.09.15 01:34:47.176,1.29569,1.29571,1.00,1.00
2014.09.15 01:34:47.531,1.29568,1.2957,2.25,3.75
2014.09.15 01:34:47.683,1.29567,1.29568,1.00,1.50
2014.09.15 01:34:47.887,1.29565,1.29567,1.00,3.00
2014.09.15 01:34:48.293,1.29564,1.29565,3.00,1.00
2014.09.15 01:34:48.394,1.29565,1.29567,1.00,1.00
2014.09.15 01:34:57.546,1.29566,1.29567,1.12,1.00
2014.09.15 01:34:57.597,1.29567,1.29569,1.00,2.25
2014.09.15 01:34:57.851,1.29569,1.29571,1.00,1.12
2014.09.15 01:34:58.358,1.29568,1.29571,1.00,6.94
2014.09.15 01:34:58.409,1.29565,1.29571,6.00,9.94
2014.09.15 01:34:58.459,1.29565,1.29568,4.50,1.00
2014.09.15 01:34:58.970,1.29566,1.29568,1.00,1.00
2014.09.15 01:35:04.806,1.29568,1.29569,1.00,1.00
2014.09.15 01:35:04.908,1.29568,1.2957,1.00,3.37
2014.09.15 01:35:05.516,1.29566,1.2957,3.00,1.50
2014.09.15 01:35:06.021,1.29566,1.29569,2.25,1.00
2014.09.15 01:35:06.551,1.29566,1.2957,2.25,5.62
2014.09.15 01:35:07.269,1.29566,1.29569,2.25,1.50
2014.09.15 01:35:09.912,1.29566,1.2957,2.25,3.00
2014.09.15 01:35:10.470,1.29566,1.29569,2.25,1.00
2014.09.15 01:35:11.003,1.29566,1.2957,2.25,4.50
2014.09.15 01:35:11.507,1.29566,1.29569,2.25,1.00
2014.09.15 01:35:12.121,1.29566,1.2957,2.25,3.75
2014.09.15 01:35:12.534,1.29568,1.2957,1.00,2.25
2014.09.15 01:35:13.093,1.29568,1.29571,2.25,1.87
2014.09.15 01:35:13.994,1.29568,1.29571,2.25,1.87
2014.09.15 01:35:14.489,1.29566,1.2957,2.25,6.30
2014.09.15 01:35:15.572,1.29566,1.29569,1.00,1.00
2014.09.15 01:35:16.083,1.29566,1.2957,1.00,3.94
2014.09.15 01:35:16.696,1.29566,1.29569,1.50,1.00
2014.09.15 01:35:17.671,1.29566,1.2957,1.50,3.00
2014.09.15 01:35:19.749,1.29566,1.29569,1.00,2.25
2014.09.15 01:35:44.910,1.29566,1.2957,2.25,2.44
2014.09.15 01:35:45.418,1.29566,1.29569,2.25,1.00
2014.09.15 01:35:46.026,1.29566,1.2957,2.25,1.50
2014.09.15 01:35:46.738,1.29566,1.29569,2.25,1.00
2014.09.15 01:35:47.249,1.29566,1.2957,2.25,2.25
2014.09.15 01:35:48.658,1.29566,1.29569,2.25,1.00
2014.09.15 01:35:49.481,1.29566,1.2957,2.25,2.25
2014.09.15 01:35:50.090,1.29566,1.29569,2.25,1.00
2014.09.15 01:35:50.624,1.29566,1.2957,2.25,2.25
2014.09.15 01:35:51.294,1.29566,1.29569,2.25,1.00
2014.09.15 01:35:52.592,1.29566,1.2957,2.25,2.25
2014.09.15 01:35:54.533,1.29566,1.29569,2.25,1.00
2014.09.15 01:35:55.110,1.29566,1.2957,2.25,2.25
2014.09.15 01:35:56.134,1.29566,1.29569,2.25,1.00
2014.09.15 01:35:56.768,1.29568,1.29569,1.00,1.00
2014.09.15 01:35:57.073,1.29568,1.29571,1.00,3.00
2014.09.15 01:35:57.487,1.29567,1.29569,1.00,1.00
2014.09.15 01:35:57.691,1.29564,1.29567,3.75,1.50
2014.09.15 01:36:05.017,1.29564,1.29568,2.25,3.75
2014.09.15 01:36:05.627,1.29564,1.29567,2.25,1.00
2014.09.15 01:36:07.262,1.29564,1.29568,2.25,3.75
2014.09.15 01:36:09.157,1.29564,1.29567,2.25,1.00
2014.09.15 01:36:09.668,1.29564,1.29568,2.25,3.75
2014.09.15 01:36:11.089,1.29564,1.29567,2.25,1.00
2014.09.15 01:36:11.658,1.29564,1.29568,2.25,3.75
2014.09.15 01:36:14.116,1.29564,1.29568,2.25,4.69
2014.09.15 01:36:16.711,1.29564,1.29568,2.25,3.75
2014.09.15 01:36:17.267,1.29564,1.29567,2.25,1.00
2014.09.15 01:36:17.810,1.29564,1.29568,2.25,3.75
2014.09.15 01:36:18.311,1.29564,1.29567,1.50,1.00
2014.09.15 01:36:18.862,1.29564,1.29568,1.50,5.25
2014.09.15 01:36:20.077,1.29564,1.29567,2.25,1.00
2014.09.15 01:36:20.841,1.29564,1.29568,2.25,5.25
2014.09.15 01:36:23.291,1.29564,1.29567,2.25,1.00
2014.09.15 01:36:24.223,1.29564,1.29568,2.25,5.25
2014.09.15 01:36:24.783,1.29564,1.29567,2.25,1.00
2014.09.15 01:36:25.821,1.29564,1.29568,2.25,5.25
2014.09.15 01:36:28.137,1.29564,1.29567,2.25,1.00
2014.09.15 01:36:28.746,1.29564,1.29568,2.25,4.50
2014.09.15 01:36:30.778,1.29564,1.29567,2.25,2.25
2014.09.15 01:36:31.158,1.29566,1.29567,1.00,2.25
2014.09.15 01:36:35.943,1.29565,1.29567,1.50,1.50
2014.09.15 01:36:41.859,1.29566,1.29567,1.00,2.25
2014.09.15 01:36:42.163,1.29567,1.29569,1.50,1.00
2014.09.15 01:36:42.214,1.29568,1.2957,1.50,1.50
2014.09.15 01:36:42.771,1.29567,1.2957,1.50,1.00
2014.09.15 01:36:48.668,1.29568,1.2957,1.00,1.00
2014.09.15 01:36:49.173,1.29569,1.29571,1.00,3.37
2014.09.15 01:36:49.690,1.29569,1.29571,1.00,3.37
2014.09.15 01:36:51.775,1.29569,1.29571,1.00,1.87
2014.09.15 01:36:52.378,1.29569,1.29571,1.00,2.62
2014.09.15 01:36:53.089,1.29569,1.29571,1.00,3.37
2014.09.15 01:36:53.826,1.29569,1.29571,1.00,3.37
2014.09.15 01:36:55.425,1.29569,1.29571,1.00,3.37
2014.09.15 01:36:56.033,1.29569,1.29571,1.00,2.62
2014.09.15 01:36:57.213,1.2957,1.29572,1.50,2.62
2014.09.15 01:36:57.627,1.29571,1.29573,1.50,1.00
2014.09.15 01:36:58.134,1.29571,1.29574,2.44,1.50
2014.09.15 01:36:58.704,1.29571,1.29573,2.44,1.00
2014.09.15 01:36:59.211,1.29571,1.29574,2.44,1.50
2014.09.15 01:37:01.712,1.29572,1.29574,1.50,1.00
2014.09.15 01:37:02.217,1.29572,1.29575,1.50,3.00
2014.09.15 01:37:08.665,1.29572,1.29576,1.50,3.37
2014.09.15 01:37:09.169,1.29572,1.29575,1.50,1.00
2014.09.15 01:37:12.604,1.29572,1.29576,1.50,3.37
2014.09.15 01:37:13.871,1.29572,1.29575,1.50,1.00
2014.09.15 01:37:14.626,1.29572,1.29576,1.50,3.37
2014.09.15 01:37:16.933,1.29572,1.29575,1.50,1.00
2014.09.15 01:37:17.546,1.29572,1.29576,1.50,3.37
2014.09.15 01:37:18.378,1.29572,1.29576,1.50,2.62
2014.09.15 01:37:18.892,1.29572,1.29576,1.50,4.87
2014.09.15 01:37:19.439,1.29573,1.29576,1.00,2.62
2014.09.15 01:37:19.844,1.29575,1.29577,1.00,2.25
2014.09.15 01:37:20.148,1.29577,1.2958,1.50,1.00
2014.09.15 01:37:20.452,1.29577,1.29582,3.56,3.60
2014.09.15 01:37:20.554,1.29579,1.2958,1.00,1.87
2014.09.15 01:37:20.706,1.29577,1.29581,2.25,2.62
2014.09.15 01:37:21.161,1.29576,1.29578,1.00,1.00
2014.09.15 01:37:22.381,1.29575,1.29578,1.50,1.00
2014.09.15 01:37:33.287,1.29576,1.29578,1.50,1.50
2014.09.15 01:37:33.759,1.29577,1.2958,1.50,1.50
2014.09.15 01:37:33.861,1.29579,1.29581,1.00,1.12
2014.09.15 01:37:34.367,1.29579,1.29582,1.00,1.87
2014.09.15 01:37:34.873,1.29579,1.29581,1.00,1.50
2014.09.15 01:37:34.924,1.29578,1.29581,1.50,1.50
2014.09.15 01:37:49.298,1.2958,1.29581,1.50,1.00
2014.09.15 01:37:49.603,1.29578,1.29582,3.00,1.87
2014.09.15 01:37:49.808,1.2958,1.29582,1.00,2.25
2014.09.15 01:37:50.323,1.29579,1.29582,1.50,1.50
2014.09.15 01:37:50.940,1.29579,1.29581,1.50,1.00
2014.09.15 01:37:53.444,1.29579,1.29582,1.50,1.50
2014.09.15 01:37:53.988,1.29579,1.29582,2.25,1.87
2014.09.15 01:37:55.919,1.29579,1.29582,2.25,1.87
2014.09.15 01:37:56.553,1.29579,1.29581,2.25,1.12
2014.09.15 01:37:57.326,1.29579,1.29582,2.25,1.87
2014.09.15 01:37:57.877,1.29579,1.29582,2.25,1.87
2014.09.15 01:37:58.493,1.2958,1.29583,1.00,4.12
2014.09.15 01:37:58.544,1.29581,1.29583,1.00,2.25
2014.09.15 01:37:58.696,1.29582,1.29585,1.50,2.62
2014.09.15 01:37:58.747,1.29583,1.29586,1.00,6.56
2014.09.15 01:37:59.253,1.29583,1.29586,1.00,4.31
2014.09.15 01:38:01.713,1.29584,1.29585,1.00,1.00
2014.09.15 01:38:01.815,1.29584,1.29588,1.00,3.94
2014.09.15 01:38:02.320,1.29585,1.29587,1.00,1.00
2014.09.15 01:38:02.865,1.29585,1.29588,1.00,3.94
2014.09.15 01:38:03.877,1.29585,1.29587,1.00,1.00
2014.09.15 01:38:04.402,1.29585,1.29588,1.00,3.94
2014.09.15 01:38:04.907,1.29586,1.29588,1.00,3.75
2014.09.15 01:38:05.441,1.29588,1.2959,1.00,9.90
2014.09.15 01:38:05.643,1.2959,1.29592,3.00,1.50
2014.09.15 01:38:05.694,1.29591,1.29594,1.50,1.25
2014.09.15 01:38:05.745,1.29592,1.29594,1.50,3.00
2014.09.15 01:38:06.251,1.29593,1.29595,1.50,1.25
2014.09.15 01:38:07.362,1.29593,1.29594,1.50,1.00
2014.09.15 01:38:07.769,1.29594,1.29597,3.00,3.00
2014.09.15 01:38:10.593,1.29594,1.29597,2.25,1.50
2014.09.15 01:38:15.388,1.29594,1.29597,2.25,4.31
2014.09.15 01:38:15.490,1.29592,1.29595,3.00,1.00
2014.09.15 01:38:16.529,1.29592,1.29596,3.00,7.69
2014.09.15 01:38:19.956,1.29594,1.29596,1.00,1.50
2014.09.15 01:38:20.108,1.29595,1.29598,1.00,1.50
2014.09.15 01:38:20.615,1.29596,1.29599,5.62,7.50
2014.09.15 01:38:21.120,1.29597,1.29599,1.00,7.50
2014.09.15 01:38:21.735,1.29597,1.29598,1.00,1.00
2014.09.15 01:38:21.888,1.29595,1.29598,1.00,1.00
2014.09.15 01:38:25.402,1.29596,1.29598,1.00,1.00
2014.09.15 01:38:25.912,1.29595,1.29598,3.00,1.00
2014.09.15 01:38:31.399,1.29596,1.29598,1.00,1.00
2014.09.15 01:38:31.551,1.29596,1.296,1.00,16.31
2014.09.15 01:38:32.260,1.29596,1.29599,1.50,1.50
2014.09.15 01:38:37.724,1.29596,1.296,1.00,13.12
2014.09.15 01:38:39.351,1.29598,1.296,1.00,10.12
2014.09.15 01:38:39.655,1.296,1.29601,1.50,1.00
2014.09.15 01:38:39.757,1.29602,1.29604,1.00,1.57
2014.09.15 01:38:40.062,1.29603,1.29607,1.00,9.37
2014.09.15 01:38:40.719,1.29602,1.29606,1.00,1.12
2014.09.15 01:38:41.649,1.29602,1.29605,1.00,1.00
2014.09.15 01:38:42.653,1.29603,1.29606,1.25,1.37
2014.09.15 01:38:42.755,1.29604,1.29607,1.50,1.50
2014.09.15 01:38:42.957,1.29606,1.29609,1.87,1.50
2014.09.15 01:38:43.298,1.29608,1.2961,1.00,12.00
2014.09.15 01:38:43.400,1.29607,1.29609,2.25,1.50
2014.09.15 01:38:43.906,1.29608,1.29609,1.00,1.50
2014.09.15 01:38:44.008,1.29608,1.29611,1.00,3.37
2014.09.15 01:38:44.058,1.29609,1.29611,1.87,2.62
2014.09.15 01:38:44.211,1.29611,1.29614,3.00,1.00
2014.09.15 01:38:44.717,1.29613,1.29614,1.00,1.00
2014.09.15 01:38:45.475,1.29611,1.29615,3.94,1.12
2014.09.15 01:38:45.981,1.29612,1.29615,1.00,1.00
2014.09.15 01:38:46.488,1.29611,1.29615,3.94,2.25
2014.09.15 01:38:48.324,1.29612,1.29615,1.00,1.87
2014.09.15 01:38:49.036,1.29611,1.29615,3.75,2.62
2014.09.15 01:38:50.060,1.29612,1.29615,1.00,1.50
2014.09.15 01:38:50.570,1.29611,1.29615,3.75,1.87
2014.09.15 01:38:52.041,1.29612,1.29615,1.00,1.87
2014.09.15 01:38:53.171,1.29611,1.29615,3.00,1.00
2014.09.15 01:38:53.756,1.29612,1.29615,1.00,1.00
2014.09.15 01:38:54.267,1.29611,1.29615,3.00,1.00
2014.09.15 01:38:55.418,1.29611,1.29614,3.00,1.00
2014.09.15 01:38:56.554,1.29612,1.29614,1.00,1.00
2014.09.15 01:38:57.062,1.29611,1.29614,1.50,1.50
2014.09.15 01:38:57.214,1.29607,1.29613,5.44,3.00
2014.09.15 01:38:57.316,1.29608,1.2961,3.00,6.00
2014.09.15 01:38:57.468,1.29607,1.29608,1.00,3.00
2014.09.15 01:38:57.923,1.29605,1.29607,1.56,2.25
2014.09.15 01:38:58.642,1.29604,1.29606,1.56,1.50
2014.09.15 01:38:59.177,1.29604,1.29606,1.50,3.56
2014.09.15 01:38:59.727,1.29605,1.29606,1.50,1.00
2014.09.15 01:39:00.276,1.29604,1.29606,2.25,1.00
2014.09.15 01:39:00.795,1.29602,1.29606,2.25,2.25
2014.09.15 01:39:01.048,1.29598,1.29605,2.25,1.00
2014.09.15 01:39:01.150,1.29599,1.29602,4.50,2.50
2014.09.15 01:39:01.353,1.296,1.29603,2.25,1.00
2014.09.15 01:39:01.404,1.29602,1.29604,1.00,1.00
2014.09.15 01:39:01.556,1.29602,1.29606,1.50,2.44
2014.09.15 01:39:01.962,1.29601,1.29604,2.25,1.00
2014.09.15 01:39:02.467,1.29599,1.29602,6.75,2.50
2014.09.15 01:39:02.670,1.29598,1.296,1.50,1.50
2014.09.15 01:39:03.277,1.29597,1.296,3.00,1.50
2014.09.15 01:39:03.782,1.29597,1.29601,2.44,3.37
2014.09.15 01:39:04.296,1.29599,1.29601,1.00,2.62
2014.09.15 01:39:04.499,1.29598,1.29601,1.00,2.25
2014.09.15 01:39:05.005,1.29599,1.29602,3.37,1.00
2014.09.15 01:39:05.107,1.29601,1.29604,1.50,1.50
2014.09.15 01:39:05.410,1.29603,1.29606,1.00,3.00
2014.09.15 01:39:05.613,1.29601,1.29605,1.50,1.00
2014.09.15 01:39:07.126,1.29601,1.29606,1.50,3.75
2014.09.15 01:39:07.379,1.29603,1.29606,1.00,3.00
2014.09.15 01:39:07.531,1.29605,1.29609,4.50,5.25
2014.09.15 01:39:07.633,1.29607,1.29608,1.12,1.00
2014.09.15 01:39:07.734,1.29608,1.2961,1.00,1.80
2014.09.15 01:39:07.836,1.29607,1.29609,1.00,1.00
2014.09.15 01:39:08.002,1.29605,1.29609,2.25,1.50
2014.09.15 01:39:08.103,1.29604,1.29607,1.50,1.00
2014.09.15 01:39:08.710,1.29605,1.29607,1.00,1.00
2014.09.15 01:39:09.220,1.29604,1.29607,1.50,1.50
2014.09.15 01:39:09.578,1.29606,1.29607,1.00,1.50
2014.09.15 01:39:10.492,1.29606,1.29609,2.25,1.50
2014.09.15 01:39:10.594,1.29607,1.2961,1.87,1.87
2014.09.15 01:39:10.798,1.29608,1.29612,3.75,1.00
2014.09.15 01:39:12.620,1.29609,1.29612,1.00,2.25
2014.09.15 01:39:13.983,1.2961,1.29612,1.50,1.00
2014.09.15 01:39:14.490,1.29611,1.29613,1.00,1.50
2014.09.15 01:39:14.996,1.2961,1.29613,1.12,1.00
2014.09.15 01:39:23.768,1.2961,1.29614,1.50,2.25
2014.09.15 01:39:24.274,1.29611,1.29614,3.00,1.00
2014.09.15 01:39:24.792,1.29611,1.29613,3.00,1.00
2014.09.15 01:39:25.832,1.29612,1.29613,1.00,1.00
2014.09.15 01:39:26.245,1.29611,1.29615,3.00,3.00
2014.09.15 01:39:30.380,1.29613,1.29615,1.00,3.00
2014.09.15 01:39:30.894,1.29613,1.29616,1.50,4.87
2014.09.15 01:39:31.429,1.29613,1.29615,2.25,1.00
2014.09.15 01:39:31.834,1.29613,1.29617,3.00,2.25
2014.09.15 01:39:32.340,1.29614,1.29617,1.00,1.00
2014.09.15 01:39:32.391,1.29615,1.29617,7.50,1.00
2014.09.15 01:39:32.696,1.29619,1.29623,2.62,1.12
2014.09.15 01:39:33.206,1.2962,1.29624,1.00,3.00
2014.09.15 01:39:33.963,1.2962,1.29623,1.00,1.00
2014.09.15 01:39:34.497,1.29619,1.29623,3.19,1.50
2014.09.15 01:39:34.801,1.29621,1.29623,1.00,1.50
2014.09.15 01:39:35.661,1.2962,1.29623,1.50,2.25
2014.09.15 01:39:40.469,1.2962,1.29624,3.37,1.00
2014.09.15 01:39:44.150,1.29621,1.29624,1.00,1.00
2014.09.15 01:39:46.460,1.29622,1.29625,1.00,2.25
2014.09.15 01:39:47.378,1.29624,1.29626,1.50,1.00
2014.09.15 01:39:47.886,1.29624,1.29627,2.81,1.00
2014.09.15 01:39:48.395,1.29624,1.29627,4.31,1.00
2014.09.15 01:39:48.914,1.29624,1.29627,6.19,1.00
2014.09.15 01:39:49.509,1.29624,1.29627,3.75,1.00
2014.09.15 01:39:50.500,1.29623,1.29627,2.25,2.25
2014.09.15 01:39:51.661,1.29623,1.29625,2.25,1.00
2014.09.15 01:39:52.006,1.29621,1.29625,3.00,1.00
2014.09.15 01:39:52.057,1.29623,1.29625,2.25,1.00
2014.09.15 01:39:54.413,1.29623,1.29624,1.50,1.00
2014.09.15 01:39:54.818,1.29621,1.29624,1.50,1.50
2014.09.15 01:40:00.059,1.2962,1.29624,1.50,1.50
2014.09.15 01:40:00.161,1.2962,1.29622,1.00,1.00
2014.09.15 01:40:01.782,1.29618,1.29622,9.75,1.00
2014.09.15 01:40:02.288,1.2962,1.29622,1.00,1.00
2014.09.15 01:40:03.235,1.2962,1.29624,2.25,3.75
2014.09.15 01:40:03.387,1.29622,1.29624,1.00,1.50
2014.09.15 01:40:03.895,1.29622,1.29625,1.50,1.00
2014.09.15 01:40:05.443,1.29621,1.29625,2.25,3.00
2014.09.15 01:40:07.795,1.29622,1.29625,1.00,3.00
2014.09.15 01:40:11.346,1.29623,1.29625,1.00,1.50
2014.09.15 01:40:11.851,1.29623,1.29626,1.50,1.00
2014.09.15 01:40:17.794,1.29624,1.29626,1.19,1.00
2014.09.15 01:40:18.300,1.29626,1.29629,1.00,2.25
2014.09.15 01:40:18.756,1.29627,1.29629,1.50,1.00
2014.09.15 01:40:19.262,1.29628,1.29629,1.25,1.00
2014.09.15 01:40:19.767,1.29627,1.2963,3.94,1.00
2014.09.15 01:40:20.309,1.29627,1.2963,3.94,1.00
2014.09.15 01:40:20.898,1.29628,1.2963,1.00,1.00
2014.09.15 01:40:20.949,1.29628,1.29632,2.25,1.50
2014.09.15 01:40:21.050,1.2963,1.29632,1.00,1.50
2014.09.15 01:40:21.588,1.29629,1.29632,2.06,1.00
2014.09.15 01:40:22.257,1.2963,1.29632,1.00,1.00
2014.09.15 01:40:24.299,1.29631,1.29632,1.25,1.00
2014.09.15 01:40:25.527,1.29629,1.29632,5.81,1.00
2014.09.15 01:40:26.238,1.29629,1.29632,5.81,1.00
2014.09.15 01:40:27.026,1.29629,1.29632,5.06,1.00
2014.09.15 01:40:27.577,1.29629,1.29632,4.31,1.00
2014.09.15 01:40:28.336,1.2963,1.29632,1.00,1.00
2014.09.15 01:40:28.890,1.29629,1.29632,5.06,1.00
2014.09.15 01:40:30.959,1.29631,1.29632,1.00,1.00
2014.09.15 01:40:31.484,1.2963,1.29632,1.50,1.00
2014.09.15 01:40:33.258,1.29631,1.29632,1.00,1.00
2014.09.15 01:40:33.781,1.29631,1.29633,1.00,1.00
2014.09.15 01:40:34.590,1.29631,1.29632,1.00,1.00
2014.09.15 01:40:36.028,1.2963,1.29632,1.00,1.00
2014.09.15 01:40:36.627,1.29631,1.29632,1.00,1.00
2014.09.15 01:40:37.173,1.2963,1.29632,1.00,1.00
2014.09.15 01:40:49.648,1.29631,1.29632,1.50,1.00
2014.09.15 01:40:50.153,1.29629,1.29632,3.19,1.00
2014.09.15 01:40:50.355,1.29631,1.29632,1.00,1.00
2014.09.15 01:40:50.861,1.2963,1.29632,1.50,1.00
2014.09.15 01:40:53.845,1.29631,1.29632,1.00,1.00
2014.09.15 01:40:54.365,1.2963,1.29632,1.00,1.00
2014.09.15 01:40:54.895,1.29631,1.29633,1.00,1.00
2014.09.15 01:40:55.402,1.29632,1.29634,2.25,1.00
2014.09.15 01:40:58.373,1.29631,1.29633,6.56,1.00
2014.09.15 01:40:58.881,1.29632,1.29633,1.50,1.00
2014.09.15 01:40:59.386,1.29631,1.29633,5.06,1.00
2014.09.15 01:41:00.106,1.29631,1.29635,4.12,1.00
2014.09.15 01:41:00.626,1.29632,1.29635,2.25,1.00
2014.09.15 01:41:01.410,1.29632,1.29636,1.50,2.25
2014.09.15 01:41:01.979,1.29632,1.29634,2.25,1.00
2014.09.15 01:41:03.207,1.29632,1.29636,1.50,2.25
2014.09.15 01:41:03.794,1.29632,1.29635,1.50,1.00
2014.09.15 01:41:04.534,1.29632,1.29636,1.00,3.00
2014.09.15 01:41:05.211,1.29632,1.29635,1.50,1.00
2014.09.15 01:41:07.525,1.29632,1.29636,1.50,2.25
2014.09.15 01:41:08.238,1.29632,1.29636,1.50,2.62
2014.09.15 01:41:13.371,1.29634,1.29636,1.00,2.62
2014.09.15 01:41:13.523,1.29635,1.29637,1.00,1.00
2014.09.15 01:41:14.029,1.29636,1.29638,2.25,1.50
2014.09.15 01:41:14.456,1.29635,1.29636,1.00,1.00
2014.09.15 01:41:14.963,1.29635,1.29637,1.50,1.00
2014.09.15 01:41:15.497,1.29635,1.29638,1.50,2.25
2014.09.15 01:41:16.003,1.29635,1.29637,1.00,1.00
2014.09.15 01:41:16.509,1.29635,1.29636,1.00,1.00
2014.09.15 01:41:17.431,1.29633,1.29636,2.25,1.50
2014.09.15 01:41:19.483,1.29634,1.29637,1.00,1.00
2014.09.15 01:41:19.787,1.29636,1.29638,1.50,1.00
2014.09.15 01:41:20.142,1.29634,1.29638,1.50,1.50
2014.09.15 01:41:20.193,1.29634,1.29636,1.50,1.00
2014.09.15 01:41:20.761,1.29634,1.29637,1.50,1.00
2014.09.15 01:41:21.294,1.29634,1.29636,1.50,1.00
2014.09.15 01:41:21.803,1.29635,1.29636,1.00,1.00
2014.09.15 01:41:26.852,1.29634,1.29636,1.00,1.87
2014.09.15 01:41:27.157,1.29632,1.29636,3.00,4.35
2014.09.15 01:41:27.665,1.29634,1.29636,1.00,1.12
2014.09.15 01:41:28.375,1.29634,1.29637,1.00,2.25
2014.09.15 01:41:31.467,1.29635,1.29637,1.00,1.50
2014.09.15 01:41:36.885,1.29634,1.29637,1.50,3.75
2014.09.15 01:41:37.341,1.29634,1.29635,1.00,1.00
2014.09.15 01:41:37.847,1.29634,1.29636,1.00,2.74
2014.09.15 01:41:38.353,1.29634,1.29635,1.00,1.00
2014.09.15 01:41:38.915,1.29634,1.29636,1.00,1.50
2014.09.15 01:41:39.422,1.29633,1.29636,1.00,1.50
2014.09.15 01:41:40.130,1.29633,1.29636,1.00,1.99
2014.09.15 01:41:40.645,1.29633,1.29636,1.00,1.99
2014.09.15 01:41:41.251,1.29633,1.29636,1.00,1.99
2014.09.15 01:41:41.858,1.29633,1.29636,1.00,1.99
2014.09.15 01:41:42.513,1.29633,1.29636,1.00,1.99
2014.09.15 01:41:43.026,1.29632,1.29636,4.50,1.99
2014.09.15 01:41:44.249,1.29632,1.29636,1.00,4.99
2014.09.15 01:41:45.296,1.29632,1.29636,1.00,4.24
2014.09.15 01:41:46.335,1.29632,1.29636,1.50,1.87
2014.09.15 01:41:46.846,1.29632,1.29635,1.00,1.00
2014.09.15 01:41:47.929,1.29633,1.29635,1.00,1.24
2014.09.15 01:41:49.272,1.29633,1.29636,2.25,1.00
2014.09.15 01:41:51.073,1.29633,1.29634,1.00,1.50
2014.09.15 01:41:51.226,1.2963,1.29632,1.00,4.12
2014.09.15 01:41:51.429,1.29628,1.29631,1.00,1.50
2014.09.15 01:41:51.935,1.29627,1.29631,1.50,6.34
2014.09.15 01:41:52.474,1.29627,1.2963,1.00,1.24
2014.09.15 01:41:52.986,1.29627,1.29631,1.00,4.24
2014.09.15 01:41:54.007,1.29627,1.2963,1.00,1.15
2014.09.15 01:41:54.570,1.29628,1.29631,1.50,2.36
2014.09.15 01:41:55.079,1.29628,1.2963,1.50,1.15
2014.09.15 01:41:55.584,1.29628,1.29631,1.50,2.36
2014.09.15 01:41:56.192,1.29628,1.2963,1.50,1.15
2014.09.15 01:41:56.713,1.29628,1.29631,1.50,2.36
2014.09.15 01:41:57.269,1.29628,1.2963,1.50,1.24
2014.09.15 01:41:57.775,1.29628,1.29631,1.50,2.36
2014.09.15 01:41:58.078,1.29627,1.29629,1.00,1.50
2014.09.15 01:41:58.281,1.29626,1.29631,9.00,2.25
2014.09.15 01:41:58.332,1.29628,1.29631,1.00,1.50
2014.09.15 01:41:58.534,1.29629,1.29633,1.50,1.00
2014.09.15 01:41:58.687,1.29631,1.29633,1.00,1.00
2014.09.15 01:41:59.193,1.29632,1.29635,1.00,1.15
2014.09.15 01:42:01.053,1.29633,1.29635,1.00,1.00
2014.09.15 01:42:01.630,1.29632,1.29635,1.00,1.50
2014.09.15 01:42:02.940,1.29632,1.29634,1.00,1.00
2014.09.15 01:42:03.524,1.29632,1.29633,1.00,1.00
2014.09.15 01:42:03.989,1.29632,1.29635,1.00,1.50
2014.09.15 01:42:04.490,1.29632,1.29634,1.00,1.00
2014.09.15 01:42:05.074,1.29631,1.29633,1.50,1.00
2014.09.15 01:42:06.249,1.29632,1.29634,1.00,1.00
2014.09.15 01:42:06.300,1.29633,1.29635,1.00,1.50
2014.09.15 01:42:08.293,1.29634,1.29635,1.00,1.50
2014.09.15 01:42:09.266,1.29633,1.29635,1.50,1.50
2014.09.15 01:42:11.271,1.29634,1.29635,1.00,1.50
2014.09.15 01:42:13.791,1.29635,1.29636,1.00,1.00
2014.09.15 01:42:13.894,1.29635,1.29637,3.00,1.00
2014.09.15 01:42:13.995,1.29637,1.29638,1.50,2.25
2014.09.15 01:42:14.300,1.29639,1.29641,3.00,1.00
2014.09.15 01:42:14.504,1.29639,1.29643,3.00,1.00
2014.09.15 01:42:15.015,1.29639,1.29644,2.25,2.44
2014.09.15 01:42:18.170,1.29639,1.29643,2.25,1.00
2014.09.15 01:42:18.272,1.29638,1.29642,1.50,3.56
2014.09.15 01:42:18.778,1.29637,1.2964,1.00,1.00
2014.09.15 01:42:19.851,1.29636,1.2964,2.25,7.12
2014.09.15 01:42:20.358,1.29636,1.29639,3.75,1.50
2014.09.15 01:42:22.604,1.29636,1.29638,3.00,1.00
2014.09.15 01:42:23.113,1.29636,1.29639,1.50,3.75
2014.09.15 01:42:30.244,1.29637,1.29639,1.50,3.00
2014.09.15 01:42:30.599,1.29638,1.29641,2.25,3.00
2014.09.15 01:42:31.142,1.29637,1.29641,2.25,1.87
2014.09.15 01:42:31.822,1.29637,1.29641,2.25,2.25
2014.09.15 01:42:32.427,1.29637,1.2964,2.25,1.00
2014.09.15 01:42:32.935,1.29637,1.29641,1.00,4.50
2014.09.15 01:42:33.088,1.29637,1.29639,1.00,1.00
2014.09.15 01:42:33.594,1.29636,1.29638,1.50,1.00
2014.09.15 01:42:34.112,1.29636,1.29639,1.50,3.00
2014.09.15 01:42:36.849,1.29636,1.29638,1.00,1.00
2014.09.15 01:42:37.360,1.29636,1.29639,1.00,2.25
2014.09.15 01:42:38.300,1.29636,1.29638,1.00,2.25
2014.09.15 01:42:38.834,1.29636,1.29637,1.00,1.50
2014.09.15 01:42:39.227,1.29636,1.29639,3.00,1.00
2014.09.15 01:42:39.732,1.29636,1.2964,2.25,3.75
2014.09.15 01:42:40.445,1.29637,1.2964,1.00,3.00
2014.09.15 01:42:40.964,1.29636,1.29639,5.25,1.00
2014.09.15 01:42:42.642,1.29637,1.29639,1.00,1.00
2014.09.15 01:42:43.143,1.29636,1.29639,3.75,1.00
2014.09.15 01:42:43.915,1.29636,1.29638,3.75,1.00
2014.09.15 01:42:44.169,1.29634,1.29637,1.00,1.00
2014.09.15 01:42:44.372,1.29634,1.29635,1.50,1.50
2014.09.15 01:42:44.474,1.29632,1.29634,1.00,1.50
2014.09.15 01:42:44.677,1.29632,1.29635,1.50,3.00
2014.09.15 01:42:44.932,1.29635,1.29637,1.35,1.00
2014.09.15 01:42:45.135,1.29636,1.2964,3.60,1.12
2014.09.15 01:42:45.664,1.29637,1.29641,1.50,4.31
2014.09.15 01:42:46.199,1.29637,1.29641,1.00,2.81
2014.09.15 01:42:47.697,1.29637,1.29641,1.00,2.62
2014.09.15 01:42:48.203,1.29637,1.29641,1.50,4.87
2014.09.15 01:42:49.289,1.29637,1.2964,1.00,1.00
2014.09.15 01:42:49.492,1.29637,1.29638,1.00,1.00
2014.09.15 01:42:49.999,1.29636,1.29637,2.25,1.50
2014.09.15 01:42:59.628,1.29636,1.29638,3.00,1.00
2014.09.15 01:42:59.780,1.29637,1.29639,2.25,1.50
2014.09.15 01:43:00.294,1.29637,1.2964,3.00,1.50
2014.09.15 01:43:00.799,1.29638,1.2964,1.00,1.12
2014.09.15 01:43:01.914,1.29637,1.2964,2.44,1.00
2014.09.15 01:43:02.168,1.29635,1.29639,3.94,2.25
2014.09.15 01:43:02.219,1.29635,1.29637,3.19,1.50
2014.09.15 01:43:09.157,1.29634,1.29637,5.29,2.25
2014.09.15 01:43:10.522,1.29634,1.29637,3.22,1.00
2014.09.15 01:43:11.033,1.29634,1.29637,2.25,1.00
2014.09.15 01:43:12.413,1.29634,1.29638,2.25,3.75
2014.09.15 01:43:12.954,1.29635,1.29637,1.87,1.00
2014.09.15 01:43:13.258,1.29636,1.29638,1.00,1.50
2014.09.15 01:43:13.663,1.29637,1.29639,1.00,1.12
2014.09.15 01:43:13.714,1.29636,1.29639,1.50,1.12
2014.09.15 01:43:13.816,1.2964,1.29641,1.00,1.00
2014.09.15 01:43:13.917,1.2964,1.29643,1.00,2.25
2014.09.15 01:43:14.443,1.29641,1.29644,1.50,1.00
2014.09.15 01:43:21.047,1.29641,1.29645,1.00,3.37
2014.09.15 01:43:21.553,1.29641,1.29644,1.00,1.00
2014.09.15 01:43:22.513,1.29641,1.29644,1.69,1.00
2014.09.15 01:43:24.616,1.29641,1.29644,1.69,1.00
2014.09.15 01:43:25.332,1.29642,1.29644,1.00,1.00
2014.09.15 01:43:32.842,1.29641,1.29644,1.50,1.00
2014.09.15 01:43:57.317,1.29642,1.29644,1.00,1.50
2014.09.15 01:43:57.838,1.29641,1.29644,1.50,1.50
2014.09.15 01:43:58.347,1.29642,1.29644,1.50,1.00
2014.09.15 01:43:58.995,1.29641,1.29644,1.50,1.00
2014.09.15 01:44:08.786,1.29642,1.29644,1.00,1.00
2014.09.15 01:44:09.291,1.29642,1.29645,2.85,1.50
2014.09.15 01:44:23.771,1.29643,1.29645,1.00,1.00
2014.09.15 01:44:24.302,1.29642,1.29645,2.25,1.00
2014.09.15 01:44:24.871,1.29643,1.29645,1.00,1.50
2014.09.15 01:44:25.397,1.29642,1.29645,3.00,1.00
2014.09.15 01:44:26.672,1.29642,1.29646,3.75,1.87
2014.09.15 01:44:28.979,1.29642,1.29646,3.00,1.50
2014.09.15 01:44:29.609,1.29642,1.29646,3.75,1.50
2014.09.15 01:44:30.563,1.29643,1.29646,1.50,1.50
2014.09.15 01:44:31.099,1.29642,1.29646,5.85,1.50
2014.09.15 01:44:31.606,1.29643,1.29646,1.50,1.50
2014.09.15 01:44:32.240,1.29642,1.29646,5.85,1.50
2014.09.15 01:44:32.895,1.29642,1.29646,5.85,1.50
2014.09.15 01:44:33.400,1.29642,1.29646,5.85,1.50
2014.09.15 01:44:33.906,1.29643,1.29646,1.00,1.00
2014.09.15 01:44:34.423,1.29643,1.29647,2.25,3.75
2014.09.15 01:44:34.982,1.29643,1.29646,2.25,1.00
2014.09.15 01:44:35.235,1.29645,1.29647,2.85,1.87
2014.09.15 01:44:35.540,1.29647,1.29651,5.85,4.12
2014.09.15 01:44:36.110,1.29647,1.29651,4.87,3.37
2014.09.15 01:44:36.835,1.29648,1.29651,1.00,1.87
2014.09.15 01:44:37.339,1.29647,1.29651,4.50,2.62
2014.09.15 01:44:37.955,1.29647,1.29651,3.00,1.87
2014.09.15 01:44:38.437,1.29646,1.29648,3.00,1.50
2014.09.15 01:44:38.963,1.29645,1.29648,4.12,2.25
2014.09.15 01:44:39.472,1.29646,1.29648,1.50,1.50
2014.09.15 01:44:40.128,1.29645,1.29648,6.37,1.50
2014.09.15 01:44:40.711,1.29646,1.29648,1.00,2.25
2014.09.15 01:44:41.317,1.29645,1.29648,4.12,2.25
2014.09.15 01:44:41.918,1.29646,1.29648,1.00,1.50
2014.09.15 01:44:42.440,1.29645,1.29648,4.12,1.50
2014.09.15 01:44:42.948,1.29646,1.29648,1.00,1.50
2014.09.15 01:44:43.566,1.29645,1.29648,4.12,1.50
2014.09.15 01:44:44.097,1.29646,1.29647,1.50,1.50
2014.09.15 01:44:44.527,1.29647,1.29649,1.00,1.50
2014.09.15 01:44:44.883,1.29649,1.29651,1.50,1.00
2014.09.15 01:44:45.389,1.29648,1.29651,2.25,1.50
2014.09.15 01:44:46.982,1.29648,1.29652,2.25,3.00
2014.09.15 01:44:48.871,1.29648,1.29651,2.25,1.00
2014.09.15 01:44:49.511,1.29648,1.29652,2.25,2.25
2014.09.15 01:44:50.089,1.29648,1.29651,2.25,1.00
2014.09.15 01:44:50.140,1.2965,1.29651,1.00,1.00
2014.09.15 01:44:50.292,1.29651,1.29653,2.25,1.00
2014.09.15 01:44:50.343,1.29652,1.29656,5.12,5.32
2014.09.15 01:44:50.395,1.29654,1.29656,1.00,1.50
2014.09.15 01:44:50.547,1.29656,1.29658,1.00,3.00
2014.09.15 01:44:51.053,1.29655,1.29657,1.82,1.50
2014.09.15 01:44:51.565,1.29654,1.29656,1.00,1.00
2014.09.15 01:44:52.071,1.29653,1.29657,1.50,2.25
2014.09.15 01:44:52.578,1.29653,1.29656,1.50,1.50
2014.09.15 01:44:57.584,1.29653,1.29656,2.25,1.37
2014.09.15 01:44:57.635,1.29654,1.29655,1.00,1.12
2014.09.15 01:44:57.736,1.29652,1.29654,1.00,7.72
2014.09.15 01:44:57.788,1.2965,1.29652,1.00,1.50
2014.09.15 01:44:57.868,1.2965,1.29651,1.00,1.50
2014.09.15 01:44:58.023,1.2965,1.29653,1.12,1.00
2014.09.15 01:44:58.075,1.29652,1.29654,1.00,1.00
2014.09.15 01:44:58.582,1.29651,1.29654,1.50,1.00
2014.09.15 01:44:59.087,1.29652,1.29655,1.00,1.00
2014.09.15 01:45:01.403,1.29653,1.29655,1.00,1.00
2014.09.15 01:45:01.606,1.29651,1.29654,1.50,1.00
2014.09.15 01:45:03.614,1.29651,1.29656,1.50,1.69
2014.09.15 01:45:04.120,1.29652,1.29656,1.00,2.44
2014.09.15 01:45:09.623,1.29652,1.29657,1.50,6.75
2014.09.15 01:45:10.152,1.29653,1.29657,1.00,6.00
2014.09.15 01:45:10.659,1.29652,1.29656,1.50,1.00
2014.09.15 01:45:12.317,1.29653,1.29656,1.00,1.00
2014.09.15 01:45:12.521,1.29655,1.29657,1.00,1.00
2014.09.15 01:45:13.027,1.29654,1.29657,1.00,1.00
2014.09.15 01:45:13.582,1.29655,1.29657,1.00,1.00
2014.09.15 01:45:14.160,1.29654,1.29657,1.00,1.00
2014.09.15 01:45:14.669,1.29655,1.29657,1.00,1.00
2014.09.15 01:45:15.180,1.29654,1.29657,1.00,1.00
2014.09.15 01:45:15.738,1.29655,1.29657,1.00,1.00
2014.09.15 01:45:19.422,1.29655,1.29658,1.00,3.94
2014.09.15 01:45:22.676,1.29655,1.29656,1.00,1.00
2014.09.15 01:45:22.956,1.29657,1.29659,1.00,2.25
2014.09.15 01:45:23.463,1.29656,1.29659,1.00,1.35
2014.09.15 01:45:24.070,1.29655,1.2966,11.25,1.50
2014.09.15 01:45:24.575,1.29656,1.2966,1.00,1.35
2014.09.15 01:45:25.081,1.29657,1.29661,1.50,5.10
2014.09.15 01:45:25.182,1.29659,1.29662,1.50,1.00
2014.09.15 01:45:25.688,1.29659,1.29663,1.50,1.50
2014.09.15 01:45:26.211,1.29659,1.29662,1.00,1.00
2014.09.15 01:45:27.439,1.29659,1.29663,1.00,3.00
2014.09.15 01:45:29.086,1.29661,1.29663,1.00,3.00
2014.09.15 01:45:30.396,1.2966,1.29663,1.00,3.00
2014.09.15 01:45:30.945,1.29661,1.29663,1.00,3.00
2014.09.15 01:45:32.275,1.2966,1.29663,1.00,3.00
2014.09.15 01:45:33.032,1.2966,1.29662,1.00,1.00
2014.09.15 01:45:34.509,1.2966,1.29662,1.00,1.50
2014.09.15 01:45:35.017,1.2966,1.29662,1.00,1.00
2014.09.15 01:45:36.124,1.29661,1.29662,1.00,1.00
2014.09.15 01:45:36.639,1.2966,1.29662,1.00,1.00
2014.09.15 01:45:37.144,1.2966,1.29663,1.00,3.75
2014.09.15 01:45:37.755,1.29659,1.29662,3.00,1.50
2014.09.15 01:45:38.060,1.29657,1.29659,1.69,1.00
2014.09.15 01:45:38.364,1.29657,1.29661,1.69,1.87
2014.09.15 01:45:38.769,1.29657,1.29659,1.69,1.00
2014.09.15 01:45:39.586,1.29657,1.2966,1.50,1.00
2014.09.15 01:45:40.143,1.29658,1.2966,1.00,1.00
2014.09.15 01:45:40.345,1.29657,1.2966,3.00,1.50
2014.09.15 01:45:40.547,1.29659,1.2966,1.00,1.00
2014.09.15 01:45:41.154,1.29659,1.29662,1.00,1.00
2014.09.15 01:45:42.688,1.2966,1.29662,1.00,1.00
2014.09.15 01:45:43.195,1.2966,1.29663,1.00,2.25
2014.09.15 01:45:43.803,1.29659,1.29662,2.44,1.00
2014.09.15 01:45:44.308,1.29659,1.29663,3.67,1.50
2014.09.15 01:45:44.988,1.29659,1.29663,3.67,1.50
2014.09.15 01:45:45.758,1.29659,1.29663,4.24,1.00
2014.09.15 01:45:45.809,1.29661,1.29663,1.00,1.00
2014.09.15 01:45:46.320,1.29661,1.29664,1.50,1.00
2014.09.15 01:45:47.028,1.29662,1.29664,1.00,1.00
2014.09.15 01:45:47.534,1.29661,1.29665,1.50,5.25
2014.09.15 01:45:48.054,1.29661,1.29664,1.50,1.00
2014.09.15 01:45:48.581,1.29661,1.29663,1.50,1.00
2014.09.15 01:45:48.893,1.29661,1.29665,1.50,4.50
2014.09.15 01:45:49.401,1.29662,1.29664,1.00,1.00
2014.09.15 01:45:49.817,1.29663,1.29666,3.00,4.50
2014.09.15 01:45:50.324,1.29664,1.29667,3.00,2.25
2014.09.15 01:45:50.830,1.29666,1.29667,1.00,1.50
2014.09.15 01:45:51.032,1.29663,1.29667,3.75,1.50
2014.09.15 01:45:51.538,1.29664,1.29667,1.00,1.50
2014.09.15 01:45:52.078,1.29664,1.29668,2.25,6.19
2014.09.15 01:45:52.591,1.29664,1.29667,2.25,1.00
2014.09.15 01:45:53.154,1.29664,1.29668,1.50,6.00
2014.09.15 01:45:53.899,1.29664,1.29667,2.25,1.00
2014.09.15 01:45:54.466,1.29664,1.29668,1.50,6.00
2014.09.15 01:45:55.003,1.29664,1.29667,2.25,1.00
2014.09.15 01:45:55.509,1.29664,1.29668,1.50,6.00
2014.09.15 01:45:56.216,1.29664,1.29667,2.25,1.00
2014.09.15 01:45:57.174,1.29664,1.29668,1.50,6.00
2014.09.15 01:45:57.924,1.29663,1.29666,1.50,1.00
2014.09.15 01:45:58.439,1.29664,1.29666,1.00,1.00
2014.09.15 01:45:58.946,1.29663,1.29666,1.00,1.00
2014.09.15 01:46:00.732,1.29664,1.29666,1.00,1.00
2014.09.15 01:46:01.256,1.29663,1.29666,1.50,1.00
2014.09.15 01:46:01.823,1.29664,1.29665,1.00,1.00
2014.09.15 01:46:02.329,1.29664,1.29666,1.00,1.50
2014.09.15 01:46:03.254,1.29663,1.29666,1.00,1.50
2014.09.15 01:46:03.804,1.29663,1.29667,2.25,2.25
2014.09.15 01:46:05.970,1.29662,1.29667,3.94,1.50
2014.09.15 01:46:06.275,1.29662,1.29665,3.94,1.00
2014.09.15 01:46:06.797,1.29662,1.29666,3.94,1.00
2014.09.15 01:46:12.995,1.29663,1.29666,1.00,1.00
2014.09.15 01:46:13.408,1.29665,1.29666,1.00,1.00
2014.09.15 01:46:13.947,1.29664,1.29666,1.50,1.00
2014.09.15 01:46:14.553,1.29665,1.29666,1.00,1.00
2014.09.15 01:46:15.079,1.29664,1.29666,1.50,1.00
2014.09.15 01:46:16.020,1.29665,1.29666,1.00,1.00
2014.09.15 01:46:16.628,1.29664,1.29666,1.50,1.00
2014.09.15 01:46:17.450,1.29665,1.29666,1.00,1.00
2014.09.15 01:46:17.968,1.29664,1.29667,1.50,1.50
2014.09.15 01:46:18.750,1.29665,1.29667,1.00,1.50
2014.09.15 01:46:19.295,1.29664,1.29666,1.50,1.00
2014.09.15 01:46:20.367,1.29665,1.29666,1.00,1.00
2014.09.15 01:46:20.873,1.29664,1.29666,1.50,1.00
2014.09.15 01:46:22.196,1.29665,1.29666,1.00,1.00
2014.09.15 01:46:22.949,1.29664,1.29666,1.50,1.00
2014.09.15 01:46:23.920,1.29665,1.29666,1.00,1.00
2014.09.15 01:46:24.427,1.29664,1.29666,1.50,1.00
2014.09.15 01:46:24.930,1.29665,1.29666,1.00,1.00
2014.09.15 01:46:25.435,1.29664,1.29666,1.50,1.00
2014.09.15 01:46:25.941,1.29665,1.29666,1.00,1.00
2014.09.15 01:46:26.579,1.29664,1.29666,1.50,1.00
2014.09.15 01:46:27.048,1.29664,1.29669,2.25,6.00
2014.09.15 01:46:27.150,1.29666,1.29669,1.50,5.25
2014.09.15 01:46:27.403,1.29667,1.29671,1.12,1.87
2014.09.15 01:46:27.504,1.29669,1.29673,1.00,5.06
2014.09.15 01:46:27.808,1.29671,1.29672,1.00,1.00
2014.09.15 01:46:27.961,1.29668,1.29671,4.35,1.00
2014.09.15 01:46:28.467,1.2967,1.29671,1.00,1.50
2014.09.15 01:46:28.771,1.29676,1.29678,1.00,2.25
2014.09.15 01:46:28.976,1.29676,1.2968,3.00,3.00
2014.09.15 01:46:29.078,1.29677,1.29682,1.00,3.00
2014.09.15 01:46:29.283,1.2968,1.29682,1.25,1.00
2014.09.15 01:46:29.334,1.2968,1.29684,1.25,2.25
2014.09.15 01:46:29.854,1.2968,1.29683,1.25,1.00
2014.09.15 01:46:30.413,1.2968,1.29684,1.50,1.50
2014.09.15 01:46:33.795,1.2968,1.29683,1.00,1.00
2014.09.15 01:46:34.311,1.2968,1.29684,1.00,1.50
2014.09.15 01:46:34.821,1.2968,1.29683,1.00,1.50
2014.09.15 01:46:35.738,1.29679,1.29683,3.19,2.25
2014.09.15 01:46:37.013,1.29679,1.29682,1.69,1.00
2014.09.15 01:46:37.576,1.29679,1.29682,1.62,1.00
2014.09.15 01:46:38.087,1.29679,1.29682,2.44,1.00
2014.09.15 01:46:38.601,1.2968,1.29682,1.00,1.00
2014.09.15 01:46:39.120,1.29679,1.29682,2.44,1.00
2014.09.15 01:46:39.661,1.29679,1.29682,2.81,1.00
2014.09.15 01:46:40.188,1.29679,1.29682,3.19,1.00
2014.09.15 01:46:40.773,1.29679,1.29682,2.81,1.00
2014.09.15 01:46:41.285,1.29679,1.29682,3.94,1.00
2014.09.15 01:46:41.793,1.29678,1.29681,1.25,2.25
2014.09.15 01:46:42.607,1.29678,1.29682,4.69,2.25
2014.09.15 01:46:42.810,1.2968,1.29684,1.50,3.00
2014.09.15 01:46:43.316,1.29681,1.29683,1.25,1.00
2014.09.15 01:46:44.225,1.2968,1.29683,3.19,1.00
2014.09.15 01:46:44.327,1.2968,1.29682,1.69,1.00
2014.09.15 01:46:44.630,1.29678,1.29683,2.06,3.75
2014.09.15 01:46:45.154,1.29678,1.29683,2.81,1.50
2014.09.15 01:46:45.668,1.29678,1.29683,2.81,1.50
2014.09.15 01:46:46.191,1.29678,1.29683,3.94,1.50
2014.09.15 01:46:46.294,1.29678,1.2968,2.22,1.50
2014.09.15 01:46:46.599,1.29675,1.29676,1.00,3.00
2014.09.15 01:46:46.651,1.29672,1.29676,1.50,1.50
2014.09.15 01:46:47.156,1.29671,1.29676,4.69,1.50
2014.09.15 01:46:47.668,1.29672,1.29676,1.00,1.50
2014.09.15 01:46:49.400,1.29672,1.29675,2.85,1.00
2014.09.15 01:46:49.654,1.2967,1.29676,5.25,4.50
2014.09.15 01:46:50.362,1.2967,1.29674,7.12,1.00
2014.09.15 01:46:50.868,1.29671,1.29674,1.00,1.00
2014.09.15 01:46:51.374,1.2967,1.29674,5.25,1.00
2014.09.15 01:46:56.947,1.2967,1.29671,1.50,1.00
2014.09.15 01:46:56.998,1.29668,1.29671,2.25,3.00
2014.09.15 01:46:57.200,1.29666,1.29669,1.00,1.50
2014.09.15 01:46:57.735,1.29665,1.29668,1.00,1.50
2014.09.15 01:46:57.888,1.29663,1.29667,3.00,1.50
2014.09.15 01:46:58.395,1.29662,1.29666,1.00,1.00
2014.09.15 01:46:58.942,1.29662,1.29666,1.00,1.69
2014.09.15 01:46:59.246,1.29664,1.29667,1.00,3.19
2014.09.15 01:46:59.651,1.29667,1.29668,1.00,1.87
2014.09.15 01:46:59.752,1.29668,1.2967,1.50,1.87
2014.09.15 01:46:59.803,1.29669,1.29671,1.00,2.44
2014.09.15 01:46:59.955,1.29671,1.29672,2.25,1.00
2014.09.15 01:47:00.007,1.29672,1.29674,1.00,1.00
2014.09.15 01:47:00.159,1.29672,1.29676,1.50,3.56
2014.09.15 01:47:00.311,1.29674,1.29676,1.00,1.25
2014.09.15 01:47:01.120,1.29674,1.29677,1.50,2.25
2014.09.15 01:47:01.894,1.29675,1.29677,1.00,1.50
2014.09.15 01:47:02.400,1.29674,1.29678,1.50,3.94
2014.09.15 01:47:02.905,1.29673,1.29678,3.00,3.19
2014.09.15 01:47:03.803,1.29672,1.29676,5.25,1.00
2014.09.15 01:47:04.309,1.29672,1.29675,1.00,1.00
2014.09.15 01:47:04.562,1.2967,1.29674,1.50,1.00
2014.09.15 01:47:04.967,1.29674,1.29675,1.87,1.12
2014.09.15 01:47:05.119,1.29672,1.29676,3.00,4.12
2014.09.15 01:47:06.049,1.29672,1.29675,1.50,1.69
2014.09.15 01:47:06.150,1.2967,1.29674,3.75,2.44
2014.09.15 01:47:06.657,1.29671,1.29674,1.00,1.25
2014.09.15 01:47:17.700,1.29671,1.29675,1.50,3.00
2014.09.15 01:47:19.071,1.29672,1.29675,1.00,1.50
2014.09.15 01:47:21.378,1.29671,1.29675,1.50,3.00
2014.09.15 01:47:29.134,1.29672,1.29675,1.00,1.50
2014.09.15 01:47:29.677,1.29671,1.29675,1.50,2.62
2014.09.15 01:47:32.950,1.29671,1.29674,1.00,1.00
2014.09.15 01:47:41.674,1.29671,1.29675,1.50,2.25
2014.09.15 01:47:43.636,1.29671,1.29674,1.00,1.00
2014.09.15 01:47:44.853,1.29671,1.29675,1.50,1.50
2014.09.15 01:47:47.495,1.29671,1.29674,1.00,1.00
2014.09.15 01:47:48.011,1.29671,1.29673,1.00,1.00
2014.09.15 01:47:49.323,1.2967,1.29673,1.00,1.00
2014.09.15 01:47:49.877,1.29669,1.29673,1.00,1.00
2014.09.15 01:47:50.480,1.29668,1.29672,3.19,1.00
2014.09.15 01:47:51.008,1.29669,1.29672,1.00,1.00
2014.09.15 01:47:51.522,1.29668,1.29672,2.44,1.00
2014.09.15 01:47:52.334,1.29669,1.29672,1.00,1.00
2014.09.15 01:47:52.962,1.29668,1.29672,2.44,1.00
2014.09.15 01:47:53.506,1.29669,1.29672,1.00,1.00
2014.09.15 01:47:56.502,1.29669,1.29673,1.00,2.25
2014.09.15 01:47:57.008,1.2967,1.29674,1.50,2.25
2014.09.15 01:47:57.565,1.2967,1.29673,1.50,1.50
2014.09.15 01:47:58.075,1.2967,1.29674,2.25,1.00
2014.09.15 01:47:58.591,1.29669,1.29673,2.25,1.00
2014.09.15 01:47:59.097,1.2967,1.29674,1.00,1.25
2014.09.15 01:47:59.615,1.29671,1.29674,1.00,1.25
2014.09.15 01:48:00.357,1.2967,1.29674,2.25,2.25
2014.09.15 01:48:03.212,1.2967,1.29673,2.25,1.00
2014.09.15 01:48:03.415,1.29668,1.29672,1.00,1.50
2014.09.15 01:48:03.568,1.29668,1.29669,1.00,1.00
2014.09.15 01:48:03.670,1.29666,1.29668,1.00,2.25
2014.09.15 01:48:03.822,1.29665,1.29666,2.25,1.00
2014.09.15 01:48:03.974,1.29661,1.29665,2.25,1.50
2014.09.15 01:48:04.481,1.29661,1.29664,1.00,1.00
2014.09.15 01:48:04.987,1.2966,1.29664,1.00,1.00
2014.09.15 01:48:07.470,1.29661,1.29665,1.00,3.19
2014.09.15 01:48:07.980,1.2966,1.29664,1.87,1.50
2014.09.15 01:48:10.098,1.2966,1.29665,2.62,2.06
2014.09.15 01:48:12.315,1.29661,1.29665,1.00,3.19
2014.09.15 01:48:12.901,1.2966,1.29664,1.00,1.00
2014.09.15 01:48:14.659,1.29661,1.29664,1.00,1.69
2014.09.15 01:48:15.090,1.29659,1.29663,1.50,2.44
2014.09.15 01:48:16.377,1.29659,1.29661,2.25,1.00
2014.09.15 01:48:19.915,1.29659,1.2966,1.00,1.00
2014.09.15 01:48:21.564,1.29658,1.2966,1.00,1.00
2014.09.15 01:48:32.996,1.29658,1.29659,1.00,1.00
2014.09.15 01:48:33.300,1.29654,1.29657,6.00,4.75
2014.09.15 01:48:33.402,1.29652,1.29655,1.00,1.50
2014.09.15 01:48:33.656,1.29651,1.29653,1.50,1.00
2014.09.15 01:48:34.162,1.2965,1.29652,1.72,1.00
2014.09.15 01:48:35.333,1.2965,1.29654,1.72,1.50
2014.09.15 01:48:35.739,1.2965,1.29652,1.30,1.00
2014.09.15 01:48:36.349,1.29649,1.29653,4.72,1.50
2014.09.15 01:48:36.969,1.2965,1.29652,1.00,1.00
2014.09.15 01:48:37.771,1.2965,1.29651,1.00,1.00
2014.09.15 01:48:38.297,1.2965,1.29652,1.00,1.50
2014.09.15 01:48:41.321,1.2965,1.29651,1.30,1.00
2014.09.15 01:48:41.911,1.2965,1.29652,1.30,1.50
2014.09.15 01:48:42.984,1.2965,1.29651,1.50,1.00
2014.09.15 01:48:43.495,1.2965,1.29652,1.50,1.69
2014.09.15 01:48:44.269,1.2965,1.29651,1.50,1.00
2014.09.15 01:48:44.857,1.2965,1.29652,1.50,1.69
2014.09.15 01:48:49.953,1.2965,1.29653,1.00,1.50
2014.09.15 01:48:50.851,1.2965,1.29652,2.25,1.00
2014.09.15 01:48:51.356,1.2965,1.29653,1.50,1.50
2014.09.15 01:48:51.960,1.29651,1.29653,1.00,1.00
2014.09.15 01:48:57.548,1.2965,1.29653,1.50,2.25
2014.09.15 01:49:02.066,1.2965,1.29652,1.00,1.50
2014.09.15 01:49:02.595,1.29649,1.29652,6.07,1.50
2014.09.15 01:49:03.105,1.2965,1.29653,1.00,3.00
2014.09.15 01:49:03.967,1.29649,1.29653,7.57,2.25
2014.09.15 01:49:04.475,1.2965,1.29653,1.00,2.25
2014.09.15 01:49:05.291,1.29649,1.29653,6.97,2.25
2014.09.15 01:49:05.806,1.2965,1.29653,1.00,1.50
2014.09.15 01:49:06.308,1.29649,1.29653,5.47,1.00
2014.09.15 01:49:07.048,1.2965,1.29653,1.00,2.25
2014.09.15 01:49:07.622,1.29649,1.29653,5.47,1.50
2014.09.15 01:49:08.534,1.2965,1.29653,1.00,2.25
2014.09.15 01:49:09.042,1.29649,1.29653,5.47,1.50
2014.09.15 01:49:09.548,1.2965,1.29653,1.50,2.25
2014.09.15 01:49:10.051,1.29649,1.29653,5.47,1.50
2014.09.15 01:49:10.558,1.2965,1.29653,1.00,1.50
2014.09.15 01:49:11.064,1.2965,1.29652,1.00,1.50
2014.09.15 01:49:11.658,1.2965,1.29653,1.00,2.25
2014.09.15 01:49:12.528,1.29649,1.29653,5.47,1.50
2014.09.15 01:49:13.132,1.2965,1.29653,1.00,1.50
2014.09.15 01:49:13.893,1.29649,1.29651,2.10,1.00
2014.09.15 01:49:14.913,1.29649,1.29652,1.60,1.00
2014.09.15 01:49:19.615,1.29649,1.29653,2.10,1.50
2014.09.15 01:49:19.921,1.29649,1.29651,1.22,1.50
2014.09.15 01:49:20.435,1.29649,1.29651,2.10,1.00
2014.09.15 01:49:20.739,1.29649,1.29653,4.35,1.00
2014.09.15 01:49:21.246,1.29649,1.29653,3.60,1.00
2014.09.15 01:49:21.779,1.29649,1.29653,5.10,1.00
2014.09.15 01:49:22.626,1.2965,1.29653,1.50,1.00
2014.09.15 01:49:24.039,1.29649,1.29653,5.10,1.00
2014.09.15 01:49:25.201,1.29649,1.29653,4.35,1.50
2014.09.15 01:49:25.773,1.29649,1.29653,5.10,1.00
2014.09.15 01:49:26.819,1.29649,1.29653,5.10,1.00
2014.09.15 01:49:27.391,1.29649,1.29653,6.60,1.00
2014.09.15 01:49:30.047,1.29649,1.29653,2.10,1.00
2014.09.15 01:49:31.381,1.29649,1.29653,5.66,1.00
2014.09.15 01:49:32.087,1.2965,1.29653,1.00,1.50
2014.09.15 01:49:32.597,1.29649,1.29653,4.35,1.50
2014.09.15 01:49:33.739,1.2965,1.29653,1.00,1.00
2014.09.15 01:49:34.725,1.29649,1.29653,2.10,1.00
2014.09.15 01:49:36.745,1.29649,1.29653,3.60,1.00
2014.09.15 01:49:37.256,1.29649,1.29653,2.85,1.00
2014.09.15 01:49:38.965,1.29649,1.29653,2.10,1.50
2014.09.15 01:49:39.472,1.29649,1.29653,3.60,1.00
2014.09.15 01:49:40.050,1.29649,1.29653,2.10,1.50
2014.09.15 01:49:41.516,1.29649,1.29652,1.35,1.00
2014.09.15 01:49:44.926,1.29649,1.29652,1.35,1.50
2014.09.15 01:49:45.865,1.29648,1.29651,1.00,1.00
2014.09.15 01:49:46.375,1.29648,1.29652,1.50,1.00
2014.09.15 01:49:47.428,1.29648,1.29653,3.00,2.17
2014.09.15 01:49:48.350,1.29649,1.29652,1.00,1.00
2014.09.15 01:49:48.861,1.29648,1.29653,3.94,3.00
2014.09.15 01:49:49.383,1.29649,1.29652,1.00,1.00
2014.09.15 01:49:49.993,1.29648,1.29653,3.94,3.00
2014.09.15 01:49:50.520,1.29649,1.29652,1.00,1.00
2014.09.15 01:49:51.274,1.29648,1.29653,3.94,3.00
2014.09.15 01:49:51.794,1.29649,1.29652,1.00,1.00
2014.09.15 01:49:52.303,1.29648,1.29653,3.94,3.00
2014.09.15 01:49:53.117,1.29649,1.29652,1.00,1.00
2014.09.15 01:49:53.639,1.29648,1.29653,3.94,3.00
2014.09.15 01:49:54.904,1.29649,1.29652,1.00,1.00
2014.09.15 01:49:55.552,1.29648,1.29653,3.94,3.00
2014.09.15 01:49:56.664,1.29649,1.29652,1.00,1.00
2014.09.15 01:50:01.248,1.29648,1.29652,3.94,1.50
2014.09.15 01:50:01.796,1.29649,1.29652,1.00,1.00
2014.09.15 01:50:02.532,1.29648,1.29653,3.94,2.25
2014.09.15 01:50:03.837,1.29648,1.29652,4.69,1.00
2014.09.15 01:50:04.040,1.29649,1.29653,6.22,2.25
2014.09.15 01:50:04.609,1.29649,1.29653,8.10,1.00
2014.09.15 01:50:05.634,1.2965,1.29653,1.00,1.00
2014.09.15 01:50:07.858,1.2965,1.29654,3.75,3.00
2014.09.15 01:50:08.372,1.2965,1.29655,5.10,3.00
2014.09.15 01:50:08.955,1.2965,1.29654,4.35,1.00
2014.09.15 01:50:09.726,1.2965,1.29655,3.60,3.00
2014.09.15 01:50:10.262,1.2965,1.29654,4.35,1.00
2014.09.15 01:50:10.836,1.2965,1.29655,5.10,3.00
2014.09.15 01:50:11.444,1.2965,1.29654,4.35,1.00
2014.09.15 01:50:11.915,1.29652,1.29655,1.00,3.00
2014.09.15 01:50:12.270,1.2965,1.29655,3.79,1.00
2014.09.15 01:50:12.422,1.29652,1.29655,1.00,2.25
2014.09.15 01:50:12.624,1.2965,1.29655,1.69,2.25
2014.09.15 01:50:13.147,1.29651,1.29655,1.35,2.25
2014.09.15 01:50:13.666,1.2965,1.29655,5.25,2.25
2014.09.15 01:50:14.175,1.2965,1.29655,7.35,5.62
2014.09.15 01:50:14.686,1.29651,1.29654,1.35,1.87
2014.09.15 01:50:15.202,1.2965,1.29655,1.00,7.12
2014.09.15 01:50:16.497,1.29651,1.29654,2.10,1.50
2014.09.15 01:50:17.009,1.29652,1.29654,1.00,1.00
2014.09.15 01:50:17.527,1.29652,1.29655,1.50,1.00
2014.09.15 01:50:25.012,1.29652,1.29654,1.00,1.00
2014.09.15 01:50:25.555,1.29652,1.29655,1.00,1.00
2014.09.15 01:50:31.653,1.29652,1.29655,2.85,1.00
2014.09.15 01:50:31.704,1.29654,1.29656,1.00,2.25
2014.09.15 01:50:31.906,1.29655,1.29659,3.75,4.31
2014.09.15 01:50:32.412,1.29655,1.29658,2.85,1.00
2014.09.15 01:50:32.514,1.29654,1.29658,2.85,1.00
2014.09.15 01:50:32.868,1.29652,1.29655,1.87,1.50
2014.09.15 01:50:33.431,1.29652,1.29656,1.00,1.00
2014.09.15 01:50:34.194,1.29653,1.29656,3.60,1.00
2014.09.15 01:50:34.695,1.29654,1.29657,1.00,2.25
2014.09.15 01:50:40.195,1.29656,1.29657,1.87,1.00
2014.09.15 01:50:40.399,1.29656,1.2966,3.37,3.37
2014.09.15 01:50:40.905,1.29657,1.2966,2.62,1.87
2014.09.15 01:50:42.247,1.29657,1.29659,2.62,1.00
2014.09.15 01:50:42.807,1.29657,1.2966,2.62,3.00
2014.09.15 01:50:43.557,1.29657,1.29659,2.85,1.00
2014.09.15 01:50:44.272,1.29657,1.2966,1.35,1.12
2014.09.15 01:50:45.057,1.29657,1.29659,3.60,1.00
2014.09.15 01:50:45.209,1.29659,1.29661,1.00,2.25
2014.09.15 01:50:45.293,1.2966,1.29661,1.00,1.50
2014.09.15 01:50:45.345,1.2966,1.29664,1.00,7.31
2014.09.15 01:50:46.795,1.29661,1.29664,1.00,4.50
2014.09.15 01:50:47.323,1.2966,1.29664,1.00,2.25
2014.09.15 01:50:50.319,1.29661,1.29664,1.00,1.00
2014.09.15 01:50:50.824,1.2966,1.29664,1.87,2.25
2014.09.15 01:50:52.531,1.2966,1.29663,1.00,1.00
2014.09.15 01:50:54.545,1.2966,1.29664,1.00,3.75
2014.09.15 01:51:01.619,1.2966,1.29663,1.00,1.50
2014.09.15 01:51:02.327,1.2966,1.29662,1.00,1.00
2014.09.15 01:51:02.833,1.2966,1.29663,1.12,2.25
2014.09.15 01:51:05.701,1.2966,1.29662,1.00,1.00
2014.09.15 01:51:06.203,1.2966,1.29663,1.00,2.25
2014.09.15 01:51:08.385,1.2966,1.29662,1.00,1.00
2014.09.15 01:51:08.925,1.2966,1.29663,1.12,2.25
2014.09.15 01:51:09.540,1.2966,1.29662,1.12,1.00
2014.09.15 01:51:09.845,1.29656,1.29659,4.12,1.12
2014.09.15 01:51:10.149,1.29654,1.29656,1.50,1.00
2014.09.15 01:51:10.453,1.29656,1.29659,1.00,2.25
2014.09.15 01:51:10.554,1.29657,1.29659,1.50,1.50
2014.09.15 01:51:10.757,1.29659,1.2966,1.50,1.00
2014.09.15 01:51:10.959,1.29659,1.29663,1.50,1.12
2014.09.15 01:51:11.061,1.29661,1.29663,1.00,2.25
2014.09.15 01:51:11.668,1.2966,1.29663,2.25,1.00
2014.09.15 01:51:14.679,1.29659,1.29663,4.91,1.00
2014.09.15 01:51:14.982,1.29661,1.29663,1.00,1.00
2014.09.15 01:51:15.497,1.2966,1.29662,1.00,1.00
2014.09.15 01:51:16.003,1.29659,1.29661,1.00,1.00
2014.09.15 01:51:21.186,1.29658,1.29661,1.00,1.00
2014.09.15 01:51:25.328,1.29657,1.29661,3.75,2.25
2014.09.15 01:51:25.705,1.29659,1.29661,1.00,1.00
2014.09.15 01:51:25.895,1.29657,1.29661,3.60,1.00
2014.09.15 01:51:27.520,1.29658,1.29661,1.00,1.00
2014.09.15 01:51:29.853,1.29659,1.29661,1.00,1.50
2014.09.15 01:51:34.401,1.29658,1.29661,1.50,1.00
2014.09.15 01:51:35.148,1.29657,1.29661,1.50,1.50
2014.09.15 01:51:35.667,1.29658,1.29661,1.00,2.25
2014.09.15 01:51:36.175,1.29657,1.2966,1.00,1.50
2014.09.15 01:51:37.672,1.29658,1.2966,1.00,1.50
2014.09.15 01:51:38.669,1.29656,1.2966,2.62,1.50
2014.09.15 01:51:40.070,1.29658,1.2966,1.00,2.25
2014.09.15 01:51:40.439,1.29656,1.2966,2.62,1.50
2014.09.15 01:51:41.674,1.29657,1.2966,1.00,1.50
2014.09.15 01:51:42.276,1.29656,1.2966,2.62,1.50
2014.09.15 01:51:43.377,1.29657,1.2966,1.00,1.50
2014.09.15 01:51:45.270,1.29656,1.2966,2.62,1.50
2014.09.15 01:51:45.380,1.29658,1.2966,1.00,1.50
2014.09.15 01:51:45.889,1.29657,1.2966,1.00,1.50
2014.09.15 01:51:46.450,1.29657,1.29659,1.00,1.00
2014.09.15 01:51:47.888,1.29657,1.29658,1.00,1.00
2014.09.15 01:51:49.268,1.29656,1.29658,1.12,1.00
2014.09.15 01:51:49.472,1.29654,1.29658,3.37,1.00
2014.09.15 01:51:50.295,1.29655,1.29657,1.00,1.00
2014.09.15 01:51:50.808,1.29653,1.29655,1.69,1.00
2014.09.15 01:51:53.050,1.29652,1.29655,1.50,1.50
2014.09.15 01:51:55.968,1.29651,1.29655,5.06,1.50
2014.09.15 01:51:58.225,1.29652,1.29655,1.00,1.50
2014.09.15 01:51:58.738,1.29651,1.29655,5.81,1.50
2014.09.15 01:51:59.240,1.29652,1.29655,1.00,1.50
2014.09.15 01:51:59.831,1.29651,1.29655,4.16,1.50
2014.09.15 01:52:00.337,1.2965,1.29654,3.94,1.00
2014.09.15 01:52:00.876,1.2965,1.29654,3.75,1.00
2014.09.15 01:52:02.299,1.2965,1.29653,1.69,1.00
2014.09.15 01:52:10.669,1.2965,1.29652,1.50,1.00
2014.09.15 01:52:10.973,1.29648,1.2965,1.50,1.00
2014.09.15 01:52:11.329,1.29645,1.29648,1.37,2.25
2014.09.15 01:52:11.379,1.29644,1.29646,1.00,1.00
2014.09.15 01:52:11.695,1.29645,1.29647,3.00,2.25
2014.09.15 01:52:11.849,1.29647,1.29648,2.10,1.00
2014.09.15 01:52:11.901,1.29647,1.2965,3.60,1.50
2014.09.15 01:52:21.874,1.29647,1.29651,4.50,1.50
2014.09.15 01:52:42.107,1.29647,1.2965,4.12,1.00
2014.09.15 01:52:44.141,1.29646,1.2965,5.06,1.00
2014.09.15 01:52:44.656,1.29646,1.2965,1.50,1.00
2014.09.15 01:52:51.709,1.29645,1.29647,6.56,1.00
2014.09.15 01:52:51.861,1.29644,1.29646,2.25,1.50
2014.09.15 01:52:52.165,1.29641,1.29645,3.37,2.25
2014.09.15 01:52:52.678,1.2964,1.29645,6.04,2.25
2014.09.15 01:52:53.184,1.2964,1.29644,6.04,1.00
2014.09.15 01:52:53.797,1.29641,1.29644,1.50,1.00
2014.09.15 01:52:57.600,1.2964,1.29644,3.75,1.50
2014.09.15 01:52:58.325,1.29641,1.29644,1.00,1.00
2014.09.15 01:52:58.836,1.2964,1.29642,1.50,1.00
2014.09.15 01:53:00.664,1.2964,1.29644,1.50,2.25
2014.09.15 01:53:11.780,1.2964,1.29643,1.50,1.00
2014.09.15 01:53:17.159,1.2964,1.29644,3.60,3.00
2014.09.15 01:53:17.260,1.29642,1.29644,2.10,1.00
2014.09.15 01:53:17.413,1.29641,1.29645,5.10,1.50
2014.09.15 01:53:17.616,1.29642,1.29644,4.35,1.00
2014.09.15 01:53:18.122,1.29642,1.29644,1.00,1.00
2014.09.15 01:53:26.673,1.29641,1.29643,1.00,1.00
2014.09.15 01:53:27.179,1.2964,1.29643,2.62,2.25
2014.09.15 01:53:28.786,1.29639,1.29643,6.60,2.25
2014.09.15 01:53:30.232,1.2964,1.29643,1.00,2.25
2014.09.15 01:53:30.735,1.29639,1.29643,4.35,2.25
2014.09.15 01:53:31.273,1.2964,1.29643,1.00,2.25
2014.09.15 01:53:31.810,1.29639,1.29643,5.85,2.25
2014.09.15 01:53:32.318,1.2964,1.29643,1.12,3.00
2014.09.15 01:53:45.241,1.29639,1.29643,1.12,3.00
2014.09.15 01:53:49.195,1.29639,1.29643,1.87,3.00
2014.09.15 01:53:49.711,1.29639,1.29643,1.12,3.00
2014.09.15 01:53:50.220,1.29639,1.29642,3.22,1.00
2014.09.15 01:53:51.131,1.29639,1.29642,1.37,1.00
2014.09.15 01:53:51.638,1.29639,1.29642,1.12,1.00
2014.09.15 01:53:53.460,1.29639,1.29642,3.22,1.00
2014.09.15 01:53:54.566,1.29639,1.29642,3.22,1.00
2014.09.15 01:53:55.325,1.29639,1.29642,3.22,1.00
2014.09.15 01:53:55.928,1.29639,1.29642,3.22,1.00
2014.09.15 01:53:56.783,1.29639,1.29642,3.22,1.00
2014.09.15 01:53:57.291,1.29639,1.29642,3.22,1.00
2014.09.15 01:53:57.910,1.29639,1.29642,4.72,1.00
2014.09.15 01:53:58.451,1.29639,1.29642,3.60,1.00
2014.09.15 01:53:59.108,1.2964,1.29642,1.00,1.00
2014.09.15 01:53:59.891,1.29639,1.29642,3.60,1.00
2014.09.15 01:54:04.444,1.29638,1.29642,1.25,1.00
2014.09.15 01:54:04.950,1.29637,1.29641,5.62,2.25
2014.09.15 01:54:05.986,1.29637,1.2964,2.62,1.00
2014.09.15 01:54:07.992,1.29638,1.29641,1.25,1.50
2014.09.15 01:54:08.502,1.29639,1.29642,2.25,1.00
2014.09.15 01:54:11.185,1.29639,1.29642,3.97,1.00
2014.09.15 01:54:11.694,1.29639,1.29643,3.97,3.00
2014.09.15 01:54:12.201,1.29639,1.29642,2.25,1.00
2014.09.15 01:54:16.876,1.29639,1.2964,1.50,1.00
2014.09.15 01:54:16.977,1.29637,1.2964,1.50,1.00
2014.09.15 01:54:20.638,1.29638,1.2964,1.00,1.00
2014.09.15 01:54:22.255,1.29636,1.2964,9.37,1.00
2014.09.15 01:54:22.357,1.29638,1.2964,1.00,1.00
2014.09.15 01:54:22.924,1.29637,1.2964,5.25,1.00
2014.09.15 01:54:28.740,1.29638,1.2964,1.00,1.00
2014.09.15 01:54:30.339,1.29637,1.2964,5.25,1.00
2014.09.15 01:54:30.966,1.29638,1.2964,1.00,1.00
2014.09.15 01:54:31.807,1.29636,1.29639,7.31,1.00
2014.09.15 01:54:31.959,1.29635,1.29637,1.00,1.00
2014.09.15 01:54:32.010,1.29634,1.29635,1.00,1.00
2014.09.15 01:54:32.162,1.29632,1.29635,1.00,2.25
2014.09.15 01:54:32.365,1.29634,1.29637,1.00,1.50
2014.09.15 01:54:32.873,1.29633,1.29637,1.00,2.25
2014.09.15 01:54:33.399,1.29634,1.29637,1.00,3.00
2014.09.15 01:54:34.177,1.29633,1.29637,1.00,2.25
2014.09.15 01:54:36.245,1.29634,1.29637,1.00,2.25
2014.09.15 01:54:36.847,1.29633,1.29637,1.50,1.00
2014.09.15 01:54:38.124,1.29634,1.29637,1.00,2.25
2014.09.15 01:54:38.829,1.29633,1.29637,1.50,1.50
2014.09.15 01:54:40.181,1.29634,1.29637,1.00,2.44
2014.09.15 01:54:41.205,1.29633,1.29637,1.50,1.25
2014.09.15 01:54:41.908,1.29634,1.29637,1.00,1.69
2014.09.15 01:54:42.467,1.29633,1.29637,1.50,1.00
2014.09.15 01:54:43.128,1.29633,1.29638,1.00,8.44
2014.09.15 01:54:43.482,1.29634,1.29636,1.00,1.00
2014.09.15 01:54:44.089,1.29634,1.29637,1.00,1.50
2014.09.15 01:54:44.778,1.29633,1.29638,1.00,9.19
2014.09.15 01:54:45.454,1.29633,1.29637,1.00,1.00
2014.09.15 01:54:46.162,1.29634,1.29636,1.00,1.00
2014.09.15 01:54:46.667,1.29633,1.29637,1.50,2.25
2014.09.15 01:54:47.530,1.29634,1.29636,1.00,1.00
2014.09.15 01:54:48.057,1.29633,1.29637,1.00,1.50
2014.09.15 01:54:48.696,1.29634,1.29636,1.00,1.50
2014.09.15 01:54:49.354,1.29633,1.29637,1.50,2.25
2014.09.15 01:54:49.861,1.29634,1.29636,1.00,1.50
2014.09.15 01:54:50.366,1.29633,1.29636,1.50,1.00
2014.09.15 01:54:51.188,1.29634,1.29636,1.00,1.50
2014.09.15 01:54:51.747,1.29633,1.29636,1.00,2.25
2014.09.15 01:54:52.317,1.29634,1.29636,1.00,1.50
2014.09.15 01:54:52.934,1.29633,1.29636,1.50,1.00
2014.09.15 01:54:53.523,1.29634,1.29636,1.00,2.25
2014.09.15 01:54:54.258,1.29633,1.29636,1.00,1.00
2014.09.15 01:54:54.773,1.29634,1.29636,1.00,1.50
2014.09.15 01:54:55.311,1.29633,1.29636,1.50,2.25
2014.09.15 01:54:55.666,1.29631,1.29635,1.50,2.25
2014.09.15 01:54:56.186,1.2963,1.29634,2.25,1.00
2014.09.15 01:54:56.700,1.2963,1.29633,1.50,1.00
2014.09.15 01:54:57.463,1.29631,1.29633,1.00,1.00
2014.09.15 01:54:57.986,1.2963,1.29633,1.00,1.00
2014.09.15 01:54:58.747,1.29631,1.29633,1.00,1.00
2014.09.15 01:54:59.058,1.29629,1.29633,7.72,1.50
2014.09.15 01:54:59.607,1.2963,1.29633,1.00,1.50
2014.09.15 01:55:00.122,1.29631,1.29633,1.00,1.50
2014.09.15 01:55:00.173,1.29629,1.29633,8.10,1.50
2014.09.15 01:55:00.543,1.29631,1.29633,1.00,1.00
2014.09.15 01:55:01.049,1.2963,1.29632,1.00,1.00
2014.09.15 01:55:01.504,1.29628,1.29632,6.22,2.25
2014.09.15 01:55:01.808,1.29628,1.2963,2.25,1.00
2014.09.15 01:55:02.114,1.29627,1.29628,3.37,1.00
2014.09.15 01:55:02.620,1.29626,1.29629,6.00,1.00
2014.09.15 01:55:03.627,1.29626,1.2963,6.00,1.00
2014.09.15 01:55:04.159,1.29627,1.2963,1.50,1.00
2014.09.15 01:55:04.962,1.29626,1.2963,5.62,1.12
2014.09.15 01:55:05.664,1.29627,1.2963,1.50,1.00
2014.09.15 01:55:05.918,1.29628,1.29632,1.87,1.69
2014.09.15 01:55:06.576,1.29629,1.29632,1.00,1.69
2014.09.15 01:55:07.124,1.29628,1.29632,3.22,1.69
2014.09.15 01:55:07.666,1.29629,1.29632,1.00,1.69
2014.09.15 01:55:08.172,1.29628,1.29632,2.85,1.69
2014.09.15 01:55:08.830,1.29629,1.29632,1.00,1.69
2014.09.15 01:55:09.340,1.29628,1.29632,2.25,1.69
2014.09.15 01:55:09.999,1.29629,1.29632,1.00,1.69
2014.09.15 01:55:10.929,1.29628,1.29632,2.25,1.69
2014.09.15 01:55:12.050,1.29629,1.29632,1.00,1.69
2014.09.15 01:55:12.862,1.29628,1.29632,2.25,1.69
2014.09.15 01:55:13.645,1.29629,1.29632,1.00,1.69
2014.09.15 01:55:14.967,1.29628,1.29632,2.25,1.69
2014.09.15 01:55:15.514,1.29629,1.29632,1.00,1.69
2014.09.15 01:55:16.022,1.29627,1.29631,3.75,1.25
2014.09.15 01:55:16.326,1.29629,1.29631,1.00,1.25
2014.09.15 01:55:16.681,1.29627,1.29629,3.75,1.00
2014.09.15 01:55:22.164,1.29627,1.29631,1.50,1.50
2014.09.15 01:55:22.424,1.29627,1.29629,1.50,1.00
2014.09.15 01:55:23.511,1.29626,1.29629,4.12,1.50
2014.09.15 01:55:24.107,1.29627,1.29629,1.50,4.12
2014.09.15 01:55:24.640,1.29626,1.29629,4.12,2.62
2014.09.15 01:55:25.284,1.29627,1.29629,1.50,3.37
2014.09.15 01:55:25.804,1.29626,1.29629,4.12,2.62
2014.09.15 01:55:26.656,1.29627,1.29629,1.50,3.37
2014.09.15 01:55:27.211,1.29626,1.29629,4.12,2.62
2014.09.15 01:55:27.727,1.29627,1.29629,1.50,3.37
2014.09.15 01:55:28.230,1.29626,1.29629,4.12,2.62
2014.09.15 01:55:28.737,1.29627,1.2963,1.00,1.00
2014.09.15 01:55:30.951,1.29628,1.2963,1.00,1.00
2014.09.15 01:55:31.174,1.29629,1.29632,1.00,1.69
2014.09.15 01:55:31.679,1.2963,1.29633,1.50,2.62
2014.09.15 01:55:39.883,1.2963,1.29632,1.00,1.00
2014.09.15 01:55:41.454,1.29628,1.29632,4.12,1.00
2014.09.15 01:55:48.041,1.29629,1.29632,1.37,1.00
2014.09.15 01:55:48.551,1.29629,1.29632,1.12,1.00
2014.09.15 01:55:49.867,1.29629,1.29632,1.37,1.25
2014.09.15 01:55:51.487,1.29629,1.29632,1.87,1.69
2014.09.15 01:55:52.094,1.29629,1.29632,1.37,1.25
2014.09.15 01:55:52.696,1.29629,1.29632,1.87,1.69
2014.09.15 01:55:53.874,1.29629,1.29632,1.37,1.69
2014.09.15 01:55:54.469,1.29629,1.29632,1.87,2.44
2014.09.15 01:55:55.028,1.29629,1.29632,1.37,1.00
2014.09.15 01:55:55.794,1.29629,1.29632,1.12,1.00
2014.09.15 01:55:57.917,1.29629,1.29632,1.87,2.44
2014.09.15 01:55:58.435,1.29629,1.29632,1.12,1.69
2014.09.15 01:55:58.938,1.29629,1.29632,1.87,2.44
2014.09.15 01:55:59.243,1.29628,1.29631,3.00,1.50
2014.09.15 01:55:59.447,1.2963,1.29631,1.00,1.00
2014.09.15 01:55:59.957,1.29629,1.29633,1.12,3.19
2014.09.15 01:56:05.689,1.29629,1.29633,1.00,2.44
2014.09.15 01:56:08.710,1.29629,1.29633,1.00,3.19
2014.09.15 01:56:11.794,1.29629,1.29633,1.87,2.44
2014.09.15 01:56:12.499,1.29629,1.29633,1.87,1.50
2014.09.15 01:56:13.226,1.29629,1.29633,1.87,1.50
2014.09.15 01:56:13.937,1.29629,1.29633,2.62,2.25
2014.09.15 01:56:14.663,1.29629,1.29633,1.87,1.50
2014.09.15 01:56:18.781,1.29629,1.29633,1.87,3.37
2014.09.15 01:56:19.700,1.29629,1.29633,1.87,3.37
2014.09.15 01:56:21.414,1.29629,1.29633,1.37,1.50
2014.09.15 01:56:21.718,1.29627,1.2963,1.00,1.00
2014.09.15 01:56:28.656,1.29626,1.2963,9.56,1.00
2014.09.15 01:56:30.601,1.29627,1.2963,1.00,1.00
2014.09.15 01:56:36.228,1.29628,1.2963,1.00,1.00
2014.09.15 01:56:36.572,1.2963,1.29634,1.50,8.62
2014.09.15 01:56:36.674,1.2963,1.29633,1.50,1.00
2014.09.15 01:56:37.210,1.2963,1.29634,2.25,4.12
2014.09.15 01:56:43.947,1.29629,1.29633,1.25,2.25
2014.09.15 01:56:44.049,1.29628,1.29631,1.25,1.00
2014.09.15 01:56:55.191,1.29629,1.29631,1.00,1.00
2014.09.15 01:56:55.343,1.29629,1.29633,1.00,2.25
2014.09.15 01:56:55.882,1.2963,1.29633,1.00,1.00
2014.09.15 01:56:57.198,1.29629,1.29632,2.25,1.00
2014.09.15 01:56:57.704,1.2963,1.29633,4.50,1.00
2014.09.15 01:56:59.422,1.2963,1.29632,1.50,1.00
2014.09.15 01:56:59.927,1.29629,1.29631,1.50,1.00
2014.09.15 01:57:15.616,1.29628,1.29631,1.50,1.00
2014.09.15 01:57:21.234,1.2963,1.29631,1.00,1.00
2014.09.15 01:57:24.140,1.2963,1.29633,1.50,2.25
2014.09.15 01:57:24.646,1.29631,1.29634,1.00,1.50
2014.09.15 01:57:25.159,1.2963,1.29634,2.25,2.25
2014.09.15 01:57:25.912,1.29631,1.29634,1.00,2.25
2014.09.15 01:57:26.503,1.2963,1.29633,1.12,1.00
2014.09.15 01:57:27.138,1.29629,1.29633,1.31,1.00
2014.09.15 01:57:27.848,1.29629,1.29633,1.37,1.00
2014.09.15 01:57:28.355,1.29629,1.29633,1.12,1.00
2014.09.15 01:57:29.472,1.29629,1.29633,1.37,1.00
2014.09.15 01:57:29.977,1.29631,1.29634,1.00,3.00
2014.09.15 01:57:30.028,1.29632,1.29634,1.00,1.50
2014.09.15 01:57:30.181,1.2963,1.29634,1.00,3.00
2014.09.15 01:57:30.334,1.29632,1.29634,1.00,2.25
2014.09.15 01:57:30.739,1.29632,1.29636,1.50,3.75
2014.09.15 01:57:30.841,1.29635,1.29636,1.00,1.00
2014.09.15 01:57:31.105,1.29637,1.29639,1.50,1.00
2014.09.15 01:57:31.156,1.29638,1.29641,2.25,1.87
2014.09.15 01:57:31.308,1.29639,1.29643,1.50,1.87
2014.09.15 01:57:31.359,1.29641,1.29643,1.00,1.12
2014.09.15 01:57:31.513,1.29641,1.29646,2.44,2.25
2014.09.15 01:57:32.019,1.29641,1.29645,2.44,2.25
2014.09.15 01:57:32.879,1.29642,1.29645,1.00,1.00
2014.09.15 01:57:33.384,1.29641,1.29645,2.44,1.87
2014.09.15 01:57:35.731,1.29641,1.29646,1.25,2.62
2014.09.15 01:57:36.241,1.29641,1.29645,1.25,1.00
2014.09.15 01:57:38.273,1.2964,1.29644,6.19,1.00
2014.09.15 01:57:38.779,1.2964,1.29644,4.12,1.50
2014.09.15 01:57:39.812,1.2964,1.29643,5.81,1.00
2014.09.15 01:57:40.319,1.2964,1.29644,4.31,1.00
2014.09.15 01:57:41.954,1.2964,1.29643,5.81,1.00
2014.09.15 01:57:42.466,1.2964,1.29644,6.19,1.00
2014.09.15 01:57:44.466,1.2964,1.29643,4.31,1.00
2014.09.15 01:57:45.778,1.2964,1.29644,5.44,1.00
2014.09.15 01:57:46.285,1.2964,1.29643,3.37,1.00
2014.09.15 01:57:46.814,1.2964,1.29644,5.12,1.00
2014.09.15 01:57:47.471,1.2964,1.29643,8.50,1.00
2014.09.15 01:57:48.018,1.2964,1.29644,5.12,1.00
2014.09.15 01:57:48.713,1.29641,1.29643,1.00,1.00
2014.09.15 01:57:49.502,1.29641,1.29644,1.00,1.00
2014.09.15 01:57:50.038,1.29641,1.29643,1.00,1.00
2014.09.15 01:57:50.561,1.29641,1.29644,1.00,1.00
2014.09.15 01:57:51.073,1.29641,1.29645,1.00,1.87
2014.09.15 01:57:54.029,1.29642,1.29645,1.00,1.00
2014.09.15 01:57:54.080,1.29644,1.29646,8.50,1.50
2014.09.15 01:57:54.283,1.29646,1.29649,8.25,1.00
2014.09.15 01:57:54.789,1.29648,1.2965,1.12,1.00
2014.09.15 01:57:54.941,1.2965,1.29652,1.00,1.00
2014.09.15 01:57:55.043,1.2965,1.29654,2.25,2.25
2014.09.15 01:57:55.498,1.29651,1.29652,1.00,1.00
2014.09.15 01:57:55.701,1.2965,1.29654,1.00,3.00
2014.09.15 01:57:55.853,1.29652,1.29655,1.00,1.00
2014.09.15 01:57:56.359,1.29652,1.29654,1.00,1.00
2014.09.15 01:57:56.562,1.2965,1.29654,1.87,1.00
2014.09.15 01:57:57.096,1.29651,1.29655,1.00,2.25
2014.09.15 01:57:59.464,1.29649,1.29655,3.56,3.19
2014.09.15 01:58:02.656,1.29649,1.29655,3.56,2.25
2014.09.15 01:58:03.553,1.29649,1.29655,5.06,3.75
2014.09.15 01:58:04.065,1.29649,1.29655,3.56,2.25
2014.09.15 01:58:05.685,1.29649,1.29655,3.56,3.19
2014.09.15 01:58:06.235,1.29649,1.29655,3.56,2.44
2014.09.15 01:58:07.118,1.29649,1.29655,5.81,3.56
2014.09.15 01:58:07.655,1.29649,1.29655,5.81,3.19
2014.09.15 01:58:10.432,1.29649,1.29655,5.44,3.37
2014.09.15 01:58:11.037,1.29649,1.29655,5.44,3.00
2014.09.15 01:58:11.562,1.29649,1.29655,3.94,2.62
2014.09.15 01:58:12.176,1.29649,1.29655,3.94,2.25
2014.09.15 01:58:13.659,1.29649,1.29655,5.44,3.37
2014.09.15 01:58:14.486,1.29649,1.29655,3.94,2.25
2014.09.15 01:58:15.023,1.29652,1.29655,1.00,1.50
2014.09.15 01:58:15.528,1.29652,1.29656,1.50,2.44
2014.09.15 01:58:16.267,1.29652,1.29655,1.00,1.00
2014.09.15 01:58:22.773,1.29652,1.29656,1.00,1.50
2014.09.15 01:58:25.686,1.29653,1.29656,1.00,1.50
2014.09.15 01:58:29.177,1.29652,1.29656,1.69,1.50
2014.09.15 01:58:51.319,1.29651,1.29655,3.94,1.00
2014.09.15 01:58:52.120,1.29651,1.29656,3.94,1.50
2014.09.15 01:58:53.258,1.29651,1.29655,3.19,1.00
2014.09.15 01:58:55.605,1.29651,1.29655,3.19,1.00
2014.09.15 01:58:56.519,1.29651,1.29656,3.19,1.00
2014.09.15 01:58:57.045,1.29651,1.29655,5.44,1.00
2014.09.15 01:59:14.502,1.29651,1.29654,2.06,1.00
2014.09.15 01:59:22.070,1.29652,1.29654,1.00,1.00
2014.09.15 01:59:22.609,1.29651,1.29654,1.12,1.00
2014.09.15 01:59:23.198,1.29651,1.29655,1.12,1.00
2014.09.15 01:59:24.946,1.29652,1.29655,1.00,1.00
2014.09.15 01:59:25.866,1.29651,1.29655,1.00,1.00
2014.09.15 01:59:33.545,1.29651,1.29654,1.00,1.00
2014.09.15 01:59:42.793,1.29651,1.29655,1.00,1.50
2014.09.15 01:59:48.005,1.29651,1.29654,1.12,1.00
2014.09.15 01:59:51.555,1.29652,1.29654,1.00,1.50
2014.09.15 01:59:52.203,1.29651,1.29654,1.50,1.50
2014.09.15 01:59:53.159,1.29652,1.29654,1.00,1.50
2014.09.15 01:59:53.674,1.29651,1.29653,1.50,1.00
2014.09.15 01:59:56.428,1.29652,1.29653,1.00,1.00
2014.09.15 01:59:57.630,1.29651,1.29653,1.50,1.00
2014.09.15 01:59:58.941,1.29652,1.29653,1.00,1.00
