2018.11.21 11:00:00.082,1.13746,1.13749,1.00,2.25
2018.11.21 11:00:00.240,1.13748,1.13752,3.75,3.67
2018.11.21 11:00:00.294,1.13749,1.13752,1.00,1.00
2018.11.21 11:00:00.398,1.13749,1.1375,1.00,1.00
2018.11.21 11:00:00.645,1.13749,1.13752,2.25,1.00
2018.11.21 11:00:00.804,1.13748,1.13749,1.50,1.00
2018.11.21 11:00:01.012,1.13746,1.1375,3.75,1.50
2018.11.21 11:00:01.562,1.13747,1.13749,1.00,1.00
2018.11.21 11:00:03.067,1.13746,1.1375,1.87,4.31
2018.11.21 11:00:03.209,1.13746,1.13747,1.00,1.00
2018.11.21 11:00:03.735,1.13745,1.13747,2.25,1.00
2018.11.21 11:00:04.794,1.13746,1.13749,1.00,2.25
2018.11.21 11:00:05.390,1.13746,1.1375,2.25,6.56
2018.11.21 11:00:06.004,1.13745,1.13749,1.50,3.00
2018.11.21 11:00:06.320,1.13742,1.13745,3.37,5.62
2018.11.21 11:00:06.822,1.13744,1.13748,2.06,1.37
2018.11.21 11:00:06.927,1.13746,1.13748,1.00,1.00
2018.11.21 11:00:07.033,1.13746,1.1375,1.69,3.07
2018.11.21 11:00:07.645,1.13746,1.13749,3.00,1.00
2018.11.21 11:00:07.698,1.13749,1.13751,2.06,1.20
2018.11.21 11:00:07.857,1.13751,1.13753,1.87,1.20
2018.11.21 11:00:08.188,1.13751,1.13755,1.57,4.20
2018.11.21 11:00:08.721,1.13751,1.13754,1.00,1.12
2018.11.21 11:00:09.415,1.13751,1.13755,1.00,4.95
2018.11.21 11:00:09.938,1.13751,1.13754,1.00,1.00
2018.11.21 11:00:11.268,1.13749,1.1375,1.00,3.75
2018.11.21 11:00:11.514,1.13747,1.1375,2.25,2.62
2018.11.21 11:00:12.902,1.13747,1.13749,5.25,1.00
2018.11.21 11:00:13.411,1.13746,1.1375,5.25,5.44
2018.11.21 11:00:14.324,1.13745,1.13746,4.50,1.50
2018.11.21 11:00:14.586,1.13744,1.13747,1.31,2.25
2018.11.21 11:00:15.112,1.13743,1.13748,4.57,2.44
2018.11.21 11:00:15.720,1.13744,1.13748,1.31,4.69
2018.11.21 11:00:17.112,1.13746,1.13748,1.00,1.00
2018.11.21 11:00:17.863,1.13746,1.13749,1.12,3.00
2018.11.21 11:00:18.180,1.13748,1.1375,1.69,1.00
2018.11.21 11:00:18.303,1.13749,1.13752,1.00,1.50
2018.11.21 11:00:19.133,1.13748,1.1375,1.12,1.87
2018.11.21 11:00:19.668,1.13747,1.1375,1.00,2.44
2018.11.21 11:00:22.520,1.13747,1.13749,1.00,3.37
2018.11.21 11:00:22.827,1.13742,1.13745,1.00,1.20
2018.11.21 11:00:24.570,1.13744,1.13746,1.00,1.00
2018.11.21 11:00:24.626,1.13745,1.13748,4.50,1.00
2018.11.21 11:00:25.097,1.13747,1.13748,1.00,1.00
2018.11.21 11:00:25.412,1.13751,1.13754,1.00,2.44
2018.11.21 11:00:27.725,1.13751,1.13755,3.94,5.25
2018.11.21 11:00:28.289,1.13752,1.13756,1.87,10.57
2018.11.21 11:00:28.342,1.13754,1.13756,6.56,1.10
2018.11.21 11:00:28.500,1.13756,1.13758,1.00,2.25
2018.11.21 11:00:29.006,1.13756,1.13759,1.50,2.25
2018.11.21 11:00:30.120,1.13757,1.1376,1.87,1.69
2018.11.21 11:00:30.648,1.13757,1.1376,2.32,3.00
2018.11.21 11:00:31.177,1.13755,1.1376,11.70,7.39
2018.11.21 11:00:31.492,1.13752,1.13755,2.62,3.00
2018.11.21 11:00:32.036,1.1375,1.13755,4.50,5.92
2018.11.21 11:00:32.551,1.1375,1.13754,6.00,1.00
2018.11.21 11:00:33.595,1.13751,1.13755,2.25,3.19
2018.11.21 11:00:34.106,1.13753,1.13755,1.25,2.62
2018.11.21 11:00:34.378,1.13757,1.1376,1.87,3.00
2018.11.21 11:00:34.890,1.13757,1.13759,1.87,1.00
2018.11.21 11:00:35.588,1.13757,1.1376,1.12,1.50
2018.11.21 11:00:36.690,1.13757,1.13761,5.25,2.32
2018.11.21 11:00:37.240,1.13758,1.13762,1.12,1.12
2018.11.21 11:00:37.798,1.13757,1.1376,1.10,1.00
2018.11.21 11:00:37.957,1.13755,1.13759,7.50,1.00
2018.11.21 11:00:38.641,1.13756,1.13758,1.00,1.00
2018.11.21 11:00:39.170,1.13755,1.13759,2.32,6.00
2018.11.21 11:00:39.760,1.13754,1.13756,4.01,1.00
2018.11.21 11:00:39.956,1.13754,1.13758,6.26,1.20
2018.11.21 11:00:40.010,1.13754,1.13755,1.00,3.00
2018.11.21 11:00:40.333,1.13756,1.13757,1.00,1.00
2018.11.21 11:00:40.607,1.13756,1.13759,1.50,6.45
2018.11.21 11:00:41.131,1.13756,1.1376,1.12,3.37
2018.11.21 11:00:42.079,1.13756,1.1376,1.00,5.70
2018.11.21 11:00:47.790,1.13753,1.13755,4.01,1.00
2018.11.21 11:00:47.948,1.13755,1.13757,4.69,1.00
2018.11.21 11:00:48.463,1.13756,1.1376,3.00,5.17
2018.11.21 11:00:49.085,1.13758,1.1376,1.50,1.00
2018.11.21 11:00:49.633,1.13758,1.13761,1.00,1.25
2018.11.21 11:00:49.947,1.1376,1.13764,3.00,1.00
2018.11.21 11:00:50.466,1.13761,1.13764,1.12,1.00
2018.11.21 11:00:57.083,1.13761,1.13764,1.57,1.00
2018.11.21 11:00:57.828,1.13761,1.13764,2.62,1.00
2018.11.21 11:00:58.979,1.13761,1.13763,1.00,2.62
2018.11.21 11:00:59.090,1.13759,1.13763,1.12,4.87
2018.11.21 11:00:59.197,1.13757,1.1376,9.45,1.00
2018.11.21 11:00:59.528,1.13755,1.13758,1.50,1.00
2018.11.21 11:00:59.996,1.13757,1.1376,1.69,1.95
2018.11.21 11:01:00.164,1.13757,1.13761,2.44,1.00
2018.11.21 11:01:00.688,1.13758,1.13762,1.50,1.69
2018.11.21 11:01:00.979,1.13758,1.1376,1.10,1.50
2018.11.21 11:01:01.280,1.13764,1.13766,1.50,1.00
2018.11.21 11:01:01.333,1.13763,1.13767,7.91,1.95
2018.11.21 11:01:01.876,1.13764,1.13768,3.00,3.37
2018.11.21 11:01:02.234,1.13766,1.13768,1.00,1.10
2018.11.21 11:01:02.286,1.13764,1.13768,2.32,1.10
2018.11.21 11:01:02.808,1.13765,1.13768,2.25,1.87
2018.11.21 11:01:03.034,1.13765,1.13769,1.75,1.10
2018.11.21 11:01:03.346,1.1377,1.13771,1.00,3.38
2018.11.21 11:01:03.399,1.1377,1.13774,1.35,1.57
2018.11.21 11:01:03.669,1.13772,1.13775,3.75,2.25
2018.11.21 11:01:03.931,1.13781,1.13786,2.62,10.76
2018.11.21 11:01:04.443,1.13782,1.13786,1.00,7.95
2018.11.21 11:01:04.651,1.13782,1.13784,1.00,1.00
2018.11.21 11:01:04.878,1.13782,1.13786,2.62,4.50
2018.11.21 11:01:04.984,1.13784,1.13786,2.25,1.50
2018.11.21 11:01:05.091,1.13785,1.13789,1.12,4.69
2018.11.21 11:01:05.404,1.13787,1.13789,4.50,1.00
2018.11.21 11:01:05.806,1.13787,1.13791,1.00,3.94
2018.11.21 11:01:06.219,1.13784,1.13788,5.89,1.00
2018.11.21 11:01:06.587,1.13783,1.13785,1.10,1.00
2018.11.21 11:01:06.693,1.1378,1.13783,2.89,1.00
2018.11.21 11:01:06.811,1.1378,1.13785,3.26,5.25
2018.11.21 11:01:07.126,1.13783,1.13785,6.94,1.00
2018.11.21 11:01:07.179,1.13783,1.13787,2.51,1.50
2018.11.21 11:01:07.708,1.13782,1.13785,3.00,4.69
2018.11.21 11:01:08.181,1.13786,1.13789,1.31,3.75
2018.11.21 11:01:08.735,1.13787,1.1379,1.00,1.76
2018.11.21 11:01:09.186,1.13784,1.13786,1.20,2.25
2018.11.21 11:01:09.240,1.13783,1.13786,1.00,3.00
2018.11.21 11:01:09.750,1.13782,1.13786,1.00,2.25
2018.11.21 11:01:10.271,1.13782,1.13785,1.00,1.00
2018.11.21 11:01:10.788,1.13782,1.13786,1.00,6.19
2018.11.21 11:01:11.483,1.13782,1.13785,1.50,1.50
2018.11.21 11:01:12.335,1.13782,1.13786,1.00,5.44
2018.11.21 11:01:12.547,1.1378,1.13785,7.95,3.75
2018.11.21 11:01:12.653,1.1378,1.13782,1.10,1.50
2018.11.21 11:01:12.707,1.13778,1.13782,2.70,3.07
2018.11.21 11:01:12.983,1.13781,1.13784,1.12,1.00
2018.11.21 11:01:13.510,1.13781,1.13785,1.87,3.82
2018.11.21 11:01:14.458,1.13781,1.13784,2.62,1.00
2018.11.21 11:01:15.766,1.13781,1.13785,2.62,2.25
2018.11.21 11:01:17.155,1.13781,1.13784,2.62,1.00
2018.11.21 11:01:17.871,1.13781,1.13785,1.87,1.00
2018.11.21 11:01:18.844,1.13779,1.13782,1.95,1.00
2018.11.21 11:01:19.001,1.13778,1.13781,1.00,6.00
2018.11.21 11:01:19.209,1.13776,1.1378,7.76,1.50
2018.11.21 11:01:20.027,1.13777,1.1378,1.00,1.00
2018.11.21 11:01:23.991,1.13777,1.13779,1.50,1.00
2018.11.21 11:01:24.821,1.13779,1.13781,1.12,3.00
2018.11.21 11:01:24.926,1.1378,1.13783,1.00,1.87
2018.11.21 11:01:26.010,1.1378,1.13784,3.00,1.50
2018.11.21 11:01:26.608,1.1378,1.13784,1.50,1.00
2018.11.21 11:01:27.122,1.1378,1.13785,1.50,2.32
2018.11.21 11:01:27.670,1.1378,1.13785,1.50,2.32
2018.11.21 11:01:28.189,1.1378,1.13784,1.50,1.00
2018.11.21 11:01:29.649,1.1378,1.13783,1.00,1.00
2018.11.21 11:01:30.155,1.1378,1.13784,1.00,3.37
2018.11.21 11:01:30.259,1.13778,1.1378,1.10,1.00
2018.11.21 11:01:30.312,1.13775,1.13779,4.12,1.25
2018.11.21 11:01:31.569,1.13776,1.13779,1.00,1.00
2018.11.21 11:01:32.719,1.13775,1.13778,1.69,1.19
2018.11.21 11:01:33.257,1.13774,1.13777,2.06,1.00
2018.11.21 11:01:34.193,1.13775,1.13777,1.00,1.00
2018.11.21 11:01:34.358,1.13772,1.13775,2.62,3.82
2018.11.21 11:01:35.555,1.13773,1.13775,1.00,1.57
2018.11.21 11:01:36.800,1.13773,1.13774,1.00,1.00
2018.11.21 11:01:37.059,1.13771,1.13774,3.75,1.00
2018.11.21 11:01:38.299,1.1377,1.13772,1.00,1.50
2018.11.21 11:01:38.435,1.13771,1.13774,1.00,6.82
2018.11.21 11:01:38.988,1.1377,1.13774,3.19,3.37
2018.11.21 11:01:39.302,1.13772,1.13776,5.81,5.70
2018.11.21 11:01:40.106,1.13773,1.13775,3.19,1.00
2018.11.21 11:01:40.648,1.13773,1.13777,3.19,3.00
2018.11.21 11:01:41.245,1.13773,1.13776,2.44,1.00
2018.11.21 11:01:41.620,1.13773,1.13777,2.00,3.75
2018.11.21 11:01:42.137,1.13773,1.13776,2.00,1.50
2018.11.21 11:01:42.499,1.13776,1.13778,5.62,2.25
2018.11.21 11:01:43.062,1.13777,1.13779,1.50,1.50
2018.11.21 11:01:43.182,1.13778,1.13781,4.12,3.07
2018.11.21 11:01:43.494,1.13781,1.13784,1.50,1.50
2018.11.21 11:01:44.185,1.13781,1.13785,1.50,4.12
2018.11.21 11:01:44.891,1.13781,1.13784,1.12,1.00
2018.11.21 11:01:45.405,1.13781,1.13785,1.12,2.06
2018.11.21 11:01:46.158,1.1378,1.13784,7.69,2.06
2018.11.21 11:01:46.481,1.13783,1.13785,1.00,10.01
2018.11.21 11:01:46.535,1.13784,1.13787,3.19,1.00
2018.11.21 11:01:48.016,1.13783,1.13786,1.57,1.25
2018.11.21 11:01:48.566,1.13782,1.13785,4.50,1.69
2018.11.21 11:01:49.585,1.13783,1.13785,2.25,1.25
2018.11.21 11:01:49.846,1.13785,1.13787,1.00,4.57
2018.11.21 11:01:50.374,1.13784,1.13787,3.00,1.00
2018.11.21 11:01:50.755,1.13782,1.13785,5.44,3.19
2018.11.21 11:01:52.224,1.13782,1.13784,1.00,1.00
2018.11.21 11:01:52.749,1.13782,1.13785,1.00,3.45
2018.11.21 11:01:53.212,1.1378,1.13784,5.25,1.00
2018.11.21 11:01:53.732,1.13781,1.13785,7.01,2.14
2018.11.21 11:01:54.086,1.13783,1.13785,1.69,1.00
2018.11.21 11:01:54.190,1.13784,1.13787,4.69,1.87
2018.11.21 11:01:54.718,1.13785,1.13787,1.50,1.87
2018.11.21 11:01:55.453,1.13784,1.13788,5.44,3.75
2018.11.21 11:01:56.251,1.13785,1.13787,3.00,1.12
2018.11.21 11:01:56.768,1.13785,1.13787,1.50,1.31
2018.11.21 11:01:57.301,1.13784,1.13788,2.81,5.62
2018.11.21 11:01:58.007,1.13785,1.13788,1.00,6.94
2018.11.21 11:01:58.523,1.13785,1.13789,2.25,3.00
2018.11.21 11:01:58.852,1.13787,1.13789,1.00,1.00
2018.11.21 11:01:59.428,1.13786,1.13789,3.82,1.25
2018.11.21 11:02:00.045,1.13786,1.1379,5.32,3.00
2018.11.21 11:02:00.358,1.13788,1.13789,1.50,1.00
2018.11.21 11:02:00.479,1.13792,1.13795,13.69,3.94
2018.11.21 11:02:00.533,1.13793,1.13797,4.50,1.87
2018.11.21 11:02:00.653,1.13792,1.13796,6.07,1.27
2018.11.21 11:02:00.706,1.1379,1.13794,3.64,1.25
2018.11.21 11:02:01.230,1.13791,1.13794,1.00,3.00
2018.11.21 11:02:01.798,1.1379,1.13794,11.51,1.12
2018.11.21 11:02:02.060,1.13789,1.1379,1.57,1.50
2018.11.21 11:02:02.234,1.13785,1.13789,2.51,1.25
2018.11.21 11:02:02.650,1.13784,1.13786,6.94,1.00
2018.11.21 11:02:03.164,1.13784,1.13788,7.12,1.87
2018.11.21 11:02:04.065,1.13784,1.13788,8.81,2.44
2018.11.21 11:02:04.606,1.13785,1.13788,2.62,4.31
2018.11.21 11:02:05.630,1.13784,1.13787,8.44,1.12
2018.11.21 11:02:06.439,1.13785,1.13788,1.00,3.94
2018.11.21 11:02:06.973,1.13786,1.13788,1.12,1.37
2018.11.21 11:02:07.517,1.13785,1.13788,4.50,1.62
2018.11.21 11:02:08.862,1.13786,1.13789,1.50,2.25
2018.11.21 11:02:09.203,1.13785,1.13788,6.56,1.19
2018.11.21 11:02:09.518,1.13788,1.1379,4.50,1.20
2018.11.21 11:02:09.577,1.13788,1.13792,6.19,3.82
2018.11.21 11:02:09.631,1.1379,1.13792,2.44,3.37
2018.11.21 11:02:09.943,1.13791,1.13794,1.50,1.95
2018.11.21 11:02:10.102,1.13794,1.13798,5.62,1.87
2018.11.21 11:02:10.520,1.13802,1.13804,3.37,1.00
2018.11.21 11:02:10.723,1.1381,1.13812,4.20,3.00
2018.11.21 11:02:10.805,1.13807,1.1381,1.10,3.01
2018.11.21 11:02:11.268,1.1381,1.13811,1.00,1.50
2018.11.21 11:02:11.376,1.1381,1.13813,1.10,1.25
2018.11.21 11:02:11.584,1.13809,1.13811,1.00,2.32
2018.11.21 11:02:11.710,1.13807,1.13811,1.00,3.82
2018.11.21 11:02:11.815,1.13809,1.13811,1.31,3.37
2018.11.21 11:02:11.920,1.13812,1.13814,1.00,2.25
2018.11.21 11:02:11.972,1.1381,1.13814,5.32,3.75
2018.11.21 11:02:12.312,1.13812,1.13815,1.50,5.62
2018.11.21 11:02:12.830,1.13811,1.13815,2.70,2.14
2018.11.21 11:02:13.183,1.13808,1.13809,1.00,1.00
2018.11.21 11:02:13.236,1.13806,1.1381,1.00,3.19
2018.11.21 11:02:13.395,1.13809,1.1381,1.00,1.50
2018.11.21 11:02:13.905,1.13809,1.13811,1.00,1.00
2018.11.21 11:02:13.963,1.13807,1.13812,4.95,3.75
2018.11.21 11:02:14.277,1.13809,1.13812,1.10,4.50
2018.11.21 11:02:14.812,1.13809,1.13813,5.51,4.87
2018.11.21 11:02:15.123,1.13808,1.13811,1.57,2.25
2018.11.21 11:02:15.629,1.13807,1.1381,1.87,1.12
2018.11.21 11:02:16.146,1.13806,1.1381,1.20,3.19
2018.11.21 11:02:16.512,1.13804,1.13805,1.20,1.00
2018.11.21 11:02:16.617,1.13802,1.13803,1.00,1.00
2018.11.21 11:02:17.142,1.13801,1.13804,1.45,1.31
2018.11.21 11:02:17.194,1.138,1.13804,3.26,1.31
2018.11.21 11:02:19.455,1.13801,1.13804,1.00,1.69
2018.11.21 11:02:19.999,1.138,1.13805,4.57,2.81
2018.11.21 11:02:20.530,1.13801,1.13805,1.12,2.06
2018.11.21 11:02:21.140,1.13801,1.13805,1.57,4.31
2018.11.21 11:02:21.193,1.13803,1.13806,2.25,2.25
2018.11.21 11:02:21.507,1.13804,1.13808,4.57,1.00
2018.11.21 11:02:22.028,1.13805,1.13809,1.12,3.37
2018.11.21 11:02:22.726,1.13806,1.13809,1.00,1.50
2018.11.21 11:02:23.187,1.13807,1.13811,2.62,1.50
2018.11.21 11:02:23.292,1.1381,1.13813,1.00,1.12
2018.11.21 11:02:23.749,1.1381,1.13811,1.20,1.25
2018.11.21 11:02:23.803,1.13808,1.1381,1.20,1.00
2018.11.21 11:02:24.328,1.13807,1.13811,2.51,2.44
2018.11.21 11:02:24.859,1.13807,1.13811,2.51,2.44
2018.11.21 11:02:25.767,1.13807,1.1381,1.00,1.25
2018.11.21 11:02:25.820,1.13805,1.1381,5.32,4.69
2018.11.21 11:02:25.878,1.13805,1.1381,3.07,5.44
2018.11.21 11:02:25.931,1.13805,1.13808,1.50,1.00
2018.11.21 11:02:27.647,1.13804,1.13808,2.25,1.00
2018.11.21 11:02:28.435,1.13805,1.13808,1.00,1.50
2018.11.21 11:02:28.972,1.13807,1.1381,7.87,1.95
2018.11.21 11:02:29.077,1.13806,1.13809,3.75,1.00
2018.11.21 11:02:29.573,1.13804,1.13807,4.31,1.00
2018.11.21 11:02:30.088,1.13804,1.13808,2.44,3.37
2018.11.21 11:02:31.586,1.13804,1.13809,3.26,6.26
2018.11.21 11:02:32.129,1.13805,1.13808,1.25,1.00
2018.11.21 11:02:33.114,1.13805,1.13808,1.25,2.62
2018.11.21 11:02:33.628,1.13805,1.13808,1.57,1.12
2018.11.21 11:02:34.151,1.13805,1.13809,2.32,3.82
2018.11.21 11:02:37.386,1.13805,1.13808,2.32,1.00
2018.11.21 11:02:37.906,1.13805,1.13809,1.95,1.50
2018.11.21 11:02:38.757,1.13805,1.13808,1.95,1.00
2018.11.21 11:02:39.169,1.13807,1.1381,2.10,11.81
2018.11.21 11:02:39.274,1.1381,1.13811,1.12,2.25
2018.11.21 11:02:39.391,1.1381,1.13813,1.57,4.50
2018.11.21 11:02:39.862,1.13808,1.13809,1.00,1.00
2018.11.21 11:02:40.174,1.13806,1.13809,1.00,1.00
2018.11.21 11:02:40.696,1.13805,1.13809,2.14,3.19
2018.11.21 11:02:41.229,1.13805,1.13808,1.12,3.00
2018.11.21 11:02:41.817,1.13805,1.13807,1.50,1.50
2018.11.21 11:02:42.439,1.13805,1.13808,1.00,1.50
2018.11.21 11:02:42.973,1.13806,1.13808,1.12,1.87
2018.11.21 11:02:43.479,1.13806,1.13807,1.00,1.50
2018.11.21 11:02:44.029,1.13805,1.13807,3.00,1.50
2018.11.21 11:02:44.579,1.13805,1.13808,1.00,1.00
2018.11.21 11:02:46.961,1.13805,1.13807,1.50,1.00
2018.11.21 11:02:47.477,1.13805,1.13808,1.00,1.00
2018.11.21 11:02:47.779,1.13807,1.13808,1.00,1.00
2018.11.21 11:02:48.688,1.13807,1.13809,1.00,3.00
2018.11.21 11:02:49.226,1.13807,1.13808,1.00,1.00
2018.11.21 11:02:50.334,1.13807,1.13809,1.00,3.94
2018.11.21 11:02:50.975,1.13807,1.13809,1.00,4.31
2018.11.21 11:02:52.730,1.13807,1.13809,1.00,4.69
2018.11.21 11:02:53.750,1.13807,1.13808,1.00,1.00
2018.11.21 11:02:54.471,1.13806,1.13807,1.50,2.25
2018.11.21 11:02:55.057,1.13806,1.13808,1.00,3.00
2018.11.21 11:02:55.648,1.13806,1.13809,1.00,3.56
2018.11.21 11:02:56.174,1.13806,1.13808,1.50,1.87
2018.11.21 11:02:57.774,1.13806,1.13809,1.00,4.69
2018.11.21 11:02:58.339,1.13806,1.13808,1.00,1.00
2018.11.21 11:02:58.848,1.13805,1.13806,2.25,1.50
2018.11.21 11:02:59.060,1.13806,1.13808,1.00,1.00
2018.11.21 11:02:59.990,1.13806,1.13807,1.00,1.00
2018.11.21 11:03:00.688,1.13805,1.13807,1.12,1.12
2018.11.21 11:03:01.208,1.13804,1.13807,1.50,1.00
2018.11.21 11:03:01.416,1.13806,1.13807,1.00,1.50
2018.11.21 11:03:02.800,1.13805,1.13807,1.87,1.12
2018.11.21 11:03:04.080,1.13805,1.13806,2.25,1.00
2018.11.21 11:03:04.607,1.13805,1.13807,1.50,2.62
2018.11.21 11:03:04.950,1.13802,1.13803,1.50,1.12
2018.11.21 11:03:05.107,1.138,1.13802,1.00,1.00
2018.11.21 11:03:05.631,1.13801,1.13803,1.00,1.50
2018.11.21 11:03:06.148,1.13802,1.13803,4.50,1.00
2018.11.21 11:03:06.203,1.13804,1.13805,1.00,2.25
2018.11.21 11:03:06.257,1.13804,1.13806,1.50,1.50
2018.11.21 11:03:06.806,1.13805,1.13807,3.75,1.00
2018.11.21 11:03:07.307,1.13804,1.13807,3.37,1.00
2018.11.21 11:03:07.819,1.13805,1.13806,1.00,1.00
2018.11.21 11:03:08.473,1.13804,1.13806,2.25,1.00
2018.11.21 11:03:10.034,1.13805,1.13806,1.00,1.00
2018.11.21 11:03:10.728,1.13805,1.13807,1.00,1.00
2018.11.21 11:03:11.626,1.13805,1.13806,1.00,1.00
2018.11.21 11:03:12.505,1.13804,1.13806,1.50,1.00
2018.11.21 11:03:13.008,1.13802,1.13804,7.50,1.00
2018.11.21 11:03:13.629,1.13802,1.13804,6.00,1.00
2018.11.21 11:03:14.204,1.13801,1.13802,3.00,1.00
2018.11.21 11:03:14.728,1.13801,1.13802,2.25,3.75
2018.11.21 11:03:15.241,1.138,1.13802,1.87,1.00
2018.11.21 11:03:15.733,1.13802,1.13804,3.37,1.50
2018.11.21 11:03:16.048,1.13805,1.13806,1.00,1.00
2018.11.21 11:03:16.792,1.13804,1.13806,5.25,1.00
2018.11.21 11:03:17.326,1.13805,1.13806,1.50,1.00
2018.11.21 11:03:18.831,1.13803,1.13806,6.19,1.00
2018.11.21 11:03:19.038,1.13803,1.13805,3.19,1.00
2018.11.21 11:03:19.602,1.13802,1.13804,3.94,1.00
2018.11.21 11:03:20.074,1.13804,1.13805,1.00,1.00
2018.11.21 11:03:20.234,1.13804,1.13806,2.81,1.00
2018.11.21 11:03:21.949,1.13805,1.13806,1.00,1.00
2018.11.21 11:03:22.470,1.13804,1.13807,9.94,1.00
2018.11.21 11:03:24.655,1.13805,1.13807,1.00,1.00
2018.11.21 11:03:25.422,1.13804,1.13807,6.19,1.00
2018.11.21 11:03:27.518,1.13803,1.13804,1.57,1.12
2018.11.21 11:03:27.674,1.13802,1.13804,1.00,1.50
2018.11.21 11:03:28.224,1.13801,1.13803,5.25,1.00
2018.11.21 11:03:28.744,1.138,1.13802,1.00,1.12
2018.11.21 11:03:29.362,1.13801,1.13802,1.00,1.12
2018.11.21 11:03:30.042,1.13802,1.13803,1.00,1.12
2018.11.21 11:03:30.444,1.138,1.13803,1.50,3.71
2018.11.21 11:03:30.498,1.13798,1.138,3.37,5.44
2018.11.21 11:03:30.655,1.13796,1.13798,3.94,1.00
2018.11.21 11:03:31.175,1.13797,1.13798,1.00,1.00
2018.11.21 11:03:31.725,1.13796,1.13798,1.50,1.00
2018.11.21 11:03:32.470,1.13797,1.13798,1.00,1.00
2018.11.21 11:03:33.117,1.13796,1.13798,1.50,1.00
2018.11.21 11:03:35.222,1.13796,1.13798,1.50,1.00
2018.11.21 11:03:36.687,1.13797,1.13798,1.00,1.00
2018.11.21 11:03:37.212,1.13796,1.13798,1.87,1.00
2018.11.21 11:03:37.735,1.13796,1.13798,1.87,1.12
2018.11.21 11:03:42.081,1.13797,1.13798,1.00,1.10
2018.11.21 11:03:45.245,1.13796,1.13798,1.69,1.10
2018.11.21 11:03:46.423,1.13797,1.13798,1.00,1.10
2018.11.21 11:03:47.045,1.13796,1.13798,1.50,1.00
2018.11.21 11:03:50.655,1.13795,1.13798,3.00,1.00
2018.11.21 11:03:51.159,1.13796,1.13798,1.00,1.50
2018.11.21 11:03:53.218,1.13795,1.13798,3.75,2.85
2018.11.21 11:03:54.232,1.13795,1.13797,2.25,1.00
2018.11.21 11:03:55.467,1.13795,1.13798,2.25,1.50
2018.11.21 11:03:56.832,1.13796,1.13798,1.00,2.25
2018.11.21 11:03:58.017,1.13797,1.13798,1.00,1.50
2018.11.21 11:04:00.840,1.13797,1.13799,1.00,3.07
2018.11.21 11:04:00.950,1.13798,1.13801,3.75,6.04
2018.11.21 11:04:01.148,1.138,1.13802,1.00,4.12
2018.11.21 11:04:02.850,1.13802,1.13803,4.12,1.00
2018.11.21 11:04:03.318,1.13803,1.13805,1.00,1.00
2018.11.21 11:04:03.881,1.13802,1.13805,3.75,1.00
2018.11.21 11:04:04.400,1.13803,1.13805,1.00,1.00
2018.11.21 11:04:04.906,1.13803,1.13806,1.00,1.00
2018.11.21 11:04:06.865,1.13803,1.13804,1.00,1.00
2018.11.21 11:04:07.381,1.13803,1.13805,1.50,1.00
2018.11.21 11:04:07.744,1.13804,1.13808,1.25,5.32
2018.11.21 11:04:08.172,1.13806,1.13807,1.00,1.00
2018.11.21 11:04:08.701,1.13805,1.13807,6.37,1.00
2018.11.21 11:04:08.945,1.1381,1.13813,3.37,3.00
2018.11.21 11:04:10.136,1.13813,1.13815,2.10,2.70
2018.11.21 11:04:10.242,1.13815,1.13817,1.50,1.20
2018.11.21 11:04:11.015,1.13814,1.13818,4.69,1.87
2018.11.21 11:04:11.197,1.13813,1.13815,10.35,1.50
2018.11.21 11:04:11.304,1.13812,1.13814,1.00,1.00
2018.11.21 11:04:11.462,1.1381,1.13814,8.25,1.00
2018.11.21 11:04:11.964,1.13811,1.13814,2.25,1.00
2018.11.21 11:04:12.346,1.1381,1.13813,1.69,3.75
2018.11.21 11:04:12.401,1.1381,1.13813,1.50,2.70
2018.11.21 11:04:12.458,1.13808,1.13811,4.12,2.25
2018.11.21 11:04:12.827,1.13812,1.13814,1.00,2.81
2018.11.21 11:04:13.089,1.1381,1.13813,8.66,1.00
2018.11.21 11:04:13.608,1.1381,1.13814,3.56,2.14
2018.11.21 11:04:14.296,1.13812,1.13815,1.00,4.95
2018.11.21 11:04:14.919,1.13811,1.13814,1.00,1.00
2018.11.21 11:04:15.434,1.13811,1.13813,3.00,1.00
2018.11.21 11:04:16.650,1.13811,1.13815,1.50,7.95
2018.11.21 11:04:17.024,1.13813,1.13816,1.12,1.50
2018.11.21 11:04:17.570,1.13813,1.13817,5.62,1.50
2018.11.21 11:04:17.948,1.13815,1.13818,2.10,1.57
2018.11.21 11:04:20.546,1.13816,1.13819,2.25,3.37
2018.11.21 11:04:22.046,1.13815,1.13819,8.47,1.12
2018.11.21 11:04:22.395,1.13818,1.13822,6.00,1.00
2018.11.21 11:04:23.467,1.13819,1.13822,1.00,1.50
2018.11.21 11:04:23.918,1.1382,1.13824,3.00,2.62
2018.11.21 11:04:24.438,1.1382,1.13825,5.85,2.06
2018.11.21 11:04:24.976,1.13821,1.13825,5.25,6.00
2018.11.21 11:04:27.974,1.13821,1.13825,3.19,9.19
2018.11.21 11:04:28.544,1.13821,1.13825,1.00,3.00
2018.11.21 11:04:29.132,1.13822,1.13825,1.25,3.00
2018.11.21 11:04:29.633,1.13821,1.13825,3.94,4.50
2018.11.21 11:04:31.216,1.13822,1.13825,1.25,3.75
2018.11.21 11:04:31.721,1.13821,1.13825,1.69,3.37
2018.11.21 11:04:31.825,1.13821,1.13825,3.19,6.75
2018.11.21 11:04:32.515,1.13822,1.13825,1.25,8.25
2018.11.21 11:04:32.776,1.1382,1.13822,1.00,1.00
2018.11.21 11:04:33.303,1.1382,1.13824,3.75,1.87
2018.11.21 11:04:33.462,1.13822,1.13825,1.00,1.31
2018.11.21 11:04:34.030,1.13821,1.13826,6.45,4.57
2018.11.21 11:04:34.546,1.13822,1.13825,1.69,1.87
2018.11.21 11:04:35.071,1.13821,1.13825,1.25,4.87
2018.11.21 11:04:37.058,1.1382,1.13823,3.00,3.75
2018.11.21 11:04:37.785,1.1382,1.13822,3.19,1.00
2018.11.21 11:04:38.266,1.13821,1.13825,4.80,1.87
2018.11.21 11:04:39.422,1.13821,1.13825,2.70,1.10
2018.11.21 11:04:39.935,1.1382,1.13824,9.19,1.00
2018.11.21 11:04:40.492,1.13821,1.13825,2.44,4.39
2018.11.21 11:04:41.193,1.13821,1.13825,1.00,6.37
2018.11.21 11:04:41.863,1.13821,1.13824,1.50,1.00
2018.11.21 11:04:42.391,1.1382,1.13825,5.89,4.12
2018.11.21 11:04:42.946,1.1382,1.13824,3.64,1.12
2018.11.21 11:04:43.464,1.13821,1.13824,1.00,1.87
2018.11.21 11:04:45.070,1.1382,1.13824,5.14,1.12
2018.11.21 11:04:45.675,1.13821,1.13823,1.00,1.00
2018.11.21 11:04:46.178,1.13821,1.13822,1.00,1.50
2018.11.21 11:04:46.717,1.13821,1.13823,1.50,3.00
2018.11.21 11:04:52.411,1.13822,1.13823,1.00,1.00
2018.11.21 11:04:52.932,1.13821,1.13824,2.25,2.51
2018.11.21 11:04:53.657,1.13821,1.13824,1.00,3.64
2018.11.21 11:04:56.434,1.1382,1.13824,2.44,3.26
2018.11.21 11:04:57.282,1.1382,1.13824,3.19,1.69
2018.11.21 11:04:57.997,1.13821,1.13824,1.10,1.69
2018.11.21 11:04:59.505,1.1382,1.13824,4.39,1.76
2018.11.21 11:05:00.172,1.1382,1.13822,3.00,1.00
2018.11.21 11:05:00.687,1.1382,1.13824,3.00,4.12
2018.11.21 11:05:01.274,1.1382,1.13824,1.12,7.35
2018.11.21 11:05:01.431,1.1382,1.13824,1.69,3.04
2018.11.21 11:05:01.983,1.1382,1.13823,1.69,1.00
2018.11.21 11:05:02.664,1.1382,1.13822,2.44,1.00
2018.11.21 11:05:03.460,1.1382,1.13823,2.44,1.50
2018.11.21 11:05:04.060,1.13821,1.13824,3.19,2.70
2018.11.21 11:05:05.121,1.13822,1.13824,1.00,1.95
2018.11.21 11:05:05.229,1.13825,1.13826,1.25,1.20
2018.11.21 11:05:05.355,1.13826,1.13828,1.00,1.50
2018.11.21 11:05:05.874,1.13827,1.1383,1.00,3.82
2018.11.21 11:05:06.419,1.13826,1.1383,3.37,3.75
2018.11.21 11:05:07.022,1.13827,1.1383,1.00,4.12
2018.11.21 11:05:07.571,1.13826,1.1383,2.44,3.94
2018.11.21 11:05:08.112,1.13826,1.13829,1.69,1.00
2018.11.21 11:05:08.475,1.1383,1.13831,1.00,1.57
2018.11.21 11:05:08.808,1.13831,1.13833,1.19,1.00
2018.11.21 11:05:08.963,1.13831,1.13835,1.19,2.17
2018.11.21 11:05:12.016,1.13831,1.13833,1.00,1.37
2018.11.21 11:05:12.121,1.13828,1.13832,2.06,3.04
2018.11.21 11:05:12.629,1.13831,1.13832,1.00,1.12
2018.11.21 11:05:12.682,1.13829,1.13832,2.44,1.87
2018.11.21 11:05:13.232,1.13829,1.13832,1.69,1.87
2018.11.21 11:05:13.531,1.13828,1.13832,3.37,2.06
2018.11.21 11:05:14.104,1.13829,1.13832,1.00,3.56
2018.11.21 11:05:14.643,1.1383,1.13832,1.69,1.12
2018.11.21 11:05:15.149,1.13831,1.13832,1.00,1.12
2018.11.21 11:05:16.318,1.13829,1.13832,5.44,1.50
2018.11.21 11:05:16.374,1.13828,1.13829,2.51,3.37
2018.11.21 11:05:16.430,1.13823,1.13825,3.37,3.25
2018.11.21 11:05:16.536,1.13825,1.13828,1.62,2.32
2018.11.21 11:05:17.074,1.13825,1.13829,1.25,3.94
2018.11.21 11:05:21.612,1.13826,1.13829,1.25,1.19
2018.11.21 11:05:22.057,1.13827,1.1383,1.00,3.45
2018.11.21 11:05:22.164,1.13827,1.13832,6.07,5.06
2018.11.21 11:05:22.708,1.1383,1.13832,2.25,2.62
2018.11.21 11:05:23.731,1.13829,1.1383,1.00,1.00
2018.11.21 11:05:24.459,1.13828,1.1383,1.00,3.64
2018.11.21 11:05:24.985,1.13827,1.1383,1.69,6.64
2018.11.21 11:05:25.197,1.13828,1.1383,1.00,6.64
2018.11.21 11:05:25.301,1.13831,1.13833,1.50,1.00
2018.11.21 11:05:25.985,1.13831,1.13833,1.00,2.44
2018.11.21 11:05:26.515,1.13831,1.13834,1.00,5.14
2018.11.21 11:05:26.826,1.13829,1.13832,6.56,1.50
2018.11.21 11:05:27.127,1.13833,1.13834,1.35,1.69
2018.11.21 11:05:27.498,1.13831,1.13835,7.95,1.87
2018.11.21 11:05:27.603,1.13831,1.13833,1.87,1.35
2018.11.21 11:05:28.148,1.1383,1.13834,7.69,1.12
2018.11.21 11:05:28.532,1.1383,1.13832,1.87,1.87
2018.11.21 11:05:29.055,1.13831,1.13833,1.00,1.25
2018.11.21 11:05:29.600,1.13831,1.13833,1.00,3.19
2018.11.21 11:05:30.139,1.13831,1.13834,2.62,2.25
2018.11.21 11:05:30.243,1.13831,1.13835,3.37,4.57
2018.11.21 11:05:30.416,1.13833,1.13835,1.00,5.89
2018.11.21 11:05:30.522,1.13831,1.13834,5.81,1.00
2018.11.21 11:05:31.043,1.13832,1.13835,1.00,6.07
2018.11.21 11:05:31.546,1.13831,1.13835,2.25,6.07
2018.11.21 11:05:32.217,1.13832,1.13835,1.50,4.20
2018.11.21 11:05:32.269,1.13833,1.13835,4.35,1.00
2018.11.21 11:05:32.780,1.13834,1.13836,1.12,1.12
2018.11.21 11:05:33.292,1.13835,1.13836,1.12,1.12
2018.11.21 11:05:33.794,1.13833,1.13835,1.00,1.12
2018.11.21 11:05:34.978,1.13831,1.13834,1.50,4.12
2018.11.21 11:05:35.135,1.13833,1.13834,1.00,1.12
2018.11.21 11:05:35.647,1.13833,1.13835,1.00,10.57
2018.11.21 11:05:36.253,1.13833,1.13834,1.00,1.00
2018.11.21 11:05:36.770,1.13833,1.13835,1.00,4.12
2018.11.21 11:05:38.026,1.13832,1.13835,1.00,6.07
2018.11.21 11:05:38.554,1.13832,1.13834,1.00,1.00
2018.11.21 11:05:39.072,1.13832,1.13835,1.00,4.20
2018.11.21 11:05:39.548,1.13831,1.13833,1.87,2.25
2018.11.21 11:05:40.098,1.13832,1.13834,1.00,1.00
2018.11.21 11:05:40.762,1.13832,1.13835,1.00,10.01
2018.11.21 11:05:42.064,1.13832,1.13835,1.00,9.64
2018.11.21 11:05:42.889,1.13832,1.13833,1.00,7.87
2018.11.21 11:05:43.391,1.13832,1.13834,1.00,1.12
2018.11.21 11:05:45.773,1.13832,1.13833,1.00,1.12
2018.11.21 11:05:46.305,1.13832,1.13835,1.50,7.95
2018.11.21 11:05:46.923,1.13832,1.13835,3.00,3.82
2018.11.21 11:05:47.280,1.13834,1.13835,1.00,1.10
2018.11.21 11:05:48.406,1.13832,1.13834,1.50,1.00
2018.11.21 11:05:52.863,1.13831,1.13833,1.00,3.94
2018.11.21 11:05:53.022,1.13829,1.13833,7.69,3.56
2018.11.21 11:05:53.442,1.13829,1.1383,1.00,1.50
2018.11.21 11:05:53.680,1.13829,1.13832,1.37,1.50
2018.11.21 11:05:54.106,1.13831,1.13833,1.37,2.25
2018.11.21 11:05:54.786,1.13831,1.13833,2.62,2.50
2018.11.21 11:05:54.890,1.13832,1.13834,1.87,3.37
2018.11.21 11:05:58.483,1.13834,1.13836,1.00,22.80
2018.11.21 11:05:58.642,1.13841,1.13843,2.25,1.00
2018.11.21 11:05:59.186,1.13841,1.13845,1.87,5.14
2018.11.21 11:05:59.879,1.13843,1.13845,1.00,5.81
2018.11.21 11:06:00.088,1.13842,1.13844,1.87,1.87
2018.11.21 11:06:00.693,1.13843,1.13845,1.00,3.75
2018.11.21 11:06:00.829,1.13846,1.13847,1.00,3.00
2018.11.21 11:06:00.882,1.13846,1.13849,1.12,2.70
2018.11.21 11:06:01.092,1.13846,1.13848,2.06,1.19
2018.11.21 11:06:01.302,1.13846,1.13849,1.12,4.50
2018.11.21 11:06:01.829,1.13845,1.13849,3.37,5.89
2018.11.21 11:06:02.443,1.13846,1.13848,1.25,2.44
2018.11.21 11:06:02.496,1.13845,1.13849,4.12,4.87
2018.11.21 11:06:03.154,1.13845,1.13849,2.81,2.06
2018.11.21 11:06:03.622,1.13845,1.13848,1.00,6.07
2018.11.21 11:06:04.244,1.13845,1.13847,1.00,1.69
2018.11.21 11:06:05.174,1.13845,1.13848,1.00,5.55
2018.11.21 11:06:05.512,1.13845,1.13846,1.00,1.00
2018.11.21 11:06:05.668,1.13846,1.13848,1.12,3.67
2018.11.21 11:06:06.328,1.13846,1.13848,1.00,2.14
2018.11.21 11:06:06.865,1.13846,1.13848,1.00,1.10
2018.11.21 11:06:07.382,1.13846,1.13848,1.12,4.57
2018.11.21 11:06:07.956,1.13846,1.13848,1.12,1.10
2018.11.21 11:06:08.593,1.13846,1.13848,1.12,1.57
2018.11.21 11:06:09.107,1.13846,1.13848,1.12,1.10
2018.11.21 11:06:10.250,1.13846,1.13848,1.12,1.57
2018.11.21 11:06:10.795,1.13846,1.13849,1.12,1.95
2018.11.21 11:06:11.056,1.13847,1.1385,1.35,1.69
2018.11.21 11:06:11.603,1.13848,1.1385,2.25,1.00
2018.11.21 11:06:12.142,1.13848,1.13851,2.25,2.81
2018.11.21 11:06:12.490,1.13848,1.1385,1.00,2.44
2018.11.21 11:06:13.013,1.13847,1.1385,1.37,9.60
2018.11.21 11:06:13.610,1.13847,1.13849,1.37,1.50
2018.11.21 11:06:15.160,1.13848,1.1385,1.12,2.25
2018.11.21 11:06:15.664,1.13848,1.13851,1.00,3.37
2018.11.21 11:06:16.196,1.13848,1.1385,1.00,1.00
2018.11.21 11:06:17.006,1.13848,1.1385,1.00,3.56
2018.11.21 11:06:17.557,1.13848,1.1385,1.00,2.06
2018.11.21 11:06:19.849,1.13848,1.13851,1.00,4.42
2018.11.21 11:06:20.162,1.13849,1.13851,1.37,1.50
2018.11.21 11:06:20.528,1.13853,1.13854,1.50,1.00
2018.11.21 11:06:20.880,1.13857,1.13859,4.50,1.00
2018.11.21 11:06:20.984,1.13857,1.1386,1.87,1.50
2018.11.21 11:06:21.091,1.13859,1.1386,1.12,1.00
2018.11.21 11:06:21.145,1.1386,1.13862,1.00,1.10
2018.11.21 11:06:21.355,1.1386,1.13864,3.75,3.00
2018.11.21 11:06:21.769,1.13862,1.13863,1.12,1.00
2018.11.21 11:06:21.821,1.1386,1.13863,1.00,1.50
2018.11.21 11:06:22.347,1.1386,1.13862,1.12,1.25
2018.11.21 11:06:22.607,1.13858,1.1386,1.00,3.00
2018.11.21 11:06:22.923,1.13855,1.13859,3.07,1.12
2018.11.21 11:06:23.061,1.13855,1.13859,2.44,5.81
2018.11.21 11:06:23.579,1.13855,1.13858,1.50,1.00
2018.11.21 11:06:24.084,1.13856,1.13859,7.12,1.00
2018.11.21 11:06:24.404,1.13858,1.1386,1.37,1.00
2018.11.21 11:06:24.944,1.13857,1.13859,1.37,1.00
2018.11.21 11:06:25.886,1.13855,1.13859,1.50,7.01
2018.11.21 11:06:25.939,1.13854,1.13856,1.50,7.01
2018.11.21 11:06:26.046,1.13852,1.13856,3.94,9.82
2018.11.21 11:06:26.098,1.13852,1.13855,3.94,2.44
2018.11.21 11:06:26.626,1.13852,1.13855,3.94,3.00
2018.11.21 11:06:27.043,1.13852,1.13855,1.12,5.32
2018.11.21 11:06:27.671,1.13851,1.13855,7.31,4.39
2018.11.21 11:06:27.998,1.13849,1.13851,9.94,1.19
2018.11.21 11:06:28.211,1.13849,1.13853,6.94,4.76
2018.11.21 11:06:28.527,1.13851,1.13855,6.56,4.39
2018.11.21 11:06:28.855,1.13851,1.13853,3.19,1.15
2018.11.21 11:06:29.297,1.13854,1.13855,1.00,5.25
2018.11.21 11:06:29.816,1.13853,1.13855,2.44,1.20
2018.11.21 11:06:30.834,1.13853,1.13856,1.00,1.31
2018.11.21 11:06:31.638,1.13854,1.13856,1.25,4.01
2018.11.21 11:06:32.659,1.13853,1.13856,2.25,3.07
2018.11.21 11:06:33.205,1.13853,1.13856,2.44,6.64
2018.11.21 11:06:33.724,1.13854,1.13855,1.00,1.00
2018.11.21 11:06:34.258,1.13853,1.13855,2.25,1.00
2018.11.21 11:06:34.777,1.13853,1.13855,1.00,3.26
2018.11.21 11:06:35.297,1.13853,1.13856,3.19,1.10
2018.11.21 11:06:35.401,1.13855,1.13859,1.00,3.64
2018.11.21 11:06:35.611,1.13853,1.13856,1.95,6.75
2018.11.21 11:06:36.125,1.13852,1.13855,1.50,1.01
2018.11.21 11:06:37.951,1.13851,1.13853,2.62,3.75
2018.11.21 11:06:38.038,1.13849,1.13853,4.20,4.50
2018.11.21 11:06:38.143,1.13849,1.13851,3.37,1.00
2018.11.21 11:06:38.660,1.13849,1.13852,1.87,2.44
2018.11.21 11:06:39.206,1.13849,1.13853,3.56,2.44
2018.11.21 11:06:42.192,1.13851,1.13854,1.50,2.25
2018.11.21 11:06:42.819,1.13851,1.13854,1.00,3.00
2018.11.21 11:06:43.217,1.13851,1.13852,1.12,1.50
2018.11.21 11:06:45.033,1.1385,1.13851,1.87,1.00
2018.11.21 11:06:45.845,1.13851,1.13853,1.00,1.50
2018.11.21 11:06:46.364,1.13852,1.13854,1.00,4.87
2018.11.21 11:06:46.917,1.13852,1.13854,1.00,2.62
2018.11.21 11:06:47.953,1.13853,1.13854,1.00,1.87
2018.11.21 11:06:48.471,1.13853,1.13855,1.00,4.12
2018.11.21 11:06:48.989,1.13853,1.13854,1.50,1.00
2018.11.21 11:06:49.453,1.13854,1.13856,1.87,4.95
2018.11.21 11:06:49.661,1.13856,1.13859,1.00,10.39
2018.11.21 11:06:50.378,1.13856,1.13858,1.00,1.00
2018.11.21 11:06:50.675,1.13857,1.13859,1.50,2.70
2018.11.21 11:06:50.886,1.13863,1.13864,1.50,1.00
2018.11.21 11:06:51.447,1.13863,1.13865,1.00,1.00
2018.11.21 11:06:52.309,1.13863,1.13864,1.00,1.25
2018.11.21 11:06:53.250,1.13859,1.13862,4.95,3.00
2018.11.21 11:06:53.303,1.13859,1.13861,4.95,3.75
2018.11.21 11:06:53.843,1.13859,1.13861,2.25,5.25
2018.11.21 11:06:55.992,1.13862,1.13863,9.00,4.87
2018.11.21 11:06:56.045,1.13863,1.13865,1.00,1.57
2018.11.21 11:06:56.152,1.13866,1.13867,1.50,4.95
2018.11.21 11:06:56.289,1.13866,1.13869,2.70,2.62
2018.11.21 11:06:56.850,1.13868,1.1387,1.00,2.25
2018.11.21 11:06:57.368,1.13867,1.1387,1.00,2.70
2018.11.21 11:06:58.533,1.13867,1.13871,2.25,9.07
2018.11.21 11:06:59.530,1.13867,1.1387,3.00,1.50
2018.11.21 11:07:00.176,1.13867,1.13871,2.25,8.25
2018.11.21 11:07:01.541,1.13865,1.13867,4.95,1.00
2018.11.21 11:07:01.646,1.13863,1.13865,5.14,1.00
2018.11.21 11:07:02.271,1.13863,1.13866,1.69,6.00
2018.11.21 11:07:02.587,1.13866,1.13867,1.50,1.95
2018.11.21 11:07:02.641,1.13866,1.13869,1.87,2.25
2018.11.21 11:07:03.144,1.13866,1.1387,1.00,5.32
2018.11.21 11:07:03.953,1.13865,1.1387,1.87,5.51
2018.11.21 11:07:05.172,1.13866,1.13869,1.00,1.12
2018.11.21 11:07:08.501,1.13865,1.13869,1.50,5.06
2018.11.21 11:07:09.026,1.13866,1.13869,2.44,1.00
2018.11.21 11:07:09.542,1.13867,1.1387,1.00,3.64
2018.11.21 11:07:10.062,1.13866,1.1387,1.00,5.51
2018.11.21 11:07:11.753,1.13865,1.13869,4.12,2.62
2018.11.21 11:07:13.105,1.13865,1.13868,3.00,1.50
2018.11.21 11:07:13.161,1.13865,1.13869,1.50,4.87
2018.11.21 11:07:16.061,1.13864,1.13866,1.00,1.12
2018.11.21 11:07:17.779,1.13863,1.13866,1.87,5.62
2018.11.21 11:07:18.336,1.13863,1.13865,1.00,1.50
2018.11.21 11:07:18.880,1.13862,1.13864,2.25,1.00
2018.11.21 11:07:19.494,1.13862,1.13865,1.50,2.25
2018.11.21 11:07:20.113,1.13862,1.13864,1.50,1.00
2018.11.21 11:07:20.701,1.13862,1.13865,1.50,2.25
2018.11.21 11:07:21.469,1.13862,1.13864,2.25,1.00
2018.11.21 11:07:25.410,1.13861,1.13864,1.87,1.50
2018.11.21 11:07:28.199,1.13862,1.13864,1.00,1.87
2018.11.21 11:07:29.204,1.13861,1.13865,3.37,4.12
2018.11.21 11:07:29.947,1.13863,1.13864,1.00,1.00
2018.11.21 11:07:30.466,1.13862,1.13865,1.50,3.00
2018.11.21 11:07:31.113,1.13863,1.13865,1.37,3.75
2018.11.21 11:07:32.122,1.13863,1.13864,1.12,1.00
2018.11.21 11:07:32.425,1.13865,1.13868,2.25,1.00
2018.11.21 11:07:32.898,1.13864,1.13866,1.37,1.00
2018.11.21 11:07:33.410,1.13864,1.13865,1.12,1.00
2018.11.21 11:07:33.946,1.13863,1.13865,1.87,1.00
2018.11.21 11:07:37.964,1.13861,1.13865,4.50,8.44
2018.11.21 11:07:38.554,1.13861,1.13864,2.25,1.12
2018.11.21 11:07:42.723,1.13861,1.13862,3.00,2.10
2018.11.21 11:07:42.884,1.13857,1.13858,1.00,1.12
2018.11.21 11:07:42.939,1.13854,1.13855,3.45,1.12
2018.11.21 11:07:42.992,1.13853,1.13855,1.50,5.44
2018.11.21 11:07:43.297,1.13852,1.13853,1.12,1.00
2018.11.21 11:07:43.820,1.13851,1.13854,1.37,3.00
2018.11.21 11:07:44.947,1.13852,1.13854,1.37,2.25
2018.11.21 11:07:45.058,1.13854,1.13856,1.00,6.94
2018.11.21 11:07:45.112,1.13854,1.13858,1.50,1.50
2018.11.21 11:07:45.650,1.13854,1.13857,1.87,1.50
2018.11.21 11:07:46.690,1.13855,1.13858,1.87,3.00
2018.11.21 11:07:47.215,1.13855,1.13859,3.56,1.12
2018.11.21 11:07:47.957,1.13856,1.13859,1.00,3.37
2018.11.21 11:07:48.620,1.13855,1.13859,3.56,1.12
2018.11.21 11:07:49.277,1.13855,1.13858,2.81,1.00
2018.11.21 11:07:50.139,1.13855,1.13859,7.87,2.62
2018.11.21 11:07:50.744,1.13856,1.13858,1.50,1.00
2018.11.21 11:07:52.497,1.13857,1.13858,1.50,1.00
2018.11.21 11:07:52.601,1.13855,1.13858,9.37,1.00
2018.11.21 11:07:53.115,1.13858,1.13859,1.00,1.00
2018.11.21 11:07:53.275,1.13862,1.13864,1.00,2.62
2018.11.21 11:07:53.431,1.13864,1.13865,3.75,1.50
2018.11.21 11:07:53.484,1.13865,1.13866,1.50,3.00
2018.11.21 11:07:53.732,1.13861,1.13864,3.75,1.12
2018.11.21 11:07:54.156,1.13859,1.13861,1.00,3.00
2018.11.21 11:07:54.662,1.13858,1.1386,1.87,1.00
2018.11.21 11:07:55.273,1.13858,1.13861,1.37,1.31
2018.11.21 11:07:55.325,1.13856,1.1386,2.62,5.25
2018.11.21 11:07:55.377,1.13856,1.13858,1.87,1.00
2018.11.21 11:07:55.914,1.13856,1.13859,1.37,1.87
2018.11.21 11:07:56.459,1.13856,1.13858,1.37,1.00
2018.11.21 11:07:56.915,1.13855,1.13858,4.50,1.00
2018.11.21 11:07:58.346,1.13855,1.13859,2.25,6.75
2018.11.21 11:07:58.911,1.13855,1.13859,3.00,1.50
2018.11.21 11:07:58.965,1.13857,1.13859,1.00,1.00
2018.11.21 11:07:59.123,1.13858,1.13861,4.50,1.00
2018.11.21 11:07:59.276,1.13859,1.13862,2.62,1.00
2018.11.21 11:07:59.494,1.1386,1.13864,1.12,6.26
2018.11.21 11:08:00.459,1.1386,1.13863,1.87,1.00
2018.11.21 11:08:01.471,1.13861,1.13864,1.12,1.00
2018.11.21 11:08:01.523,1.13862,1.13866,2.25,6.94
2018.11.21 11:08:01.678,1.13864,1.13866,1.00,1.12
2018.11.21 11:08:02.227,1.13863,1.13868,2.70,3.64
2018.11.21 11:08:02.330,1.13863,1.13868,2.32,2.14
2018.11.21 11:08:02.904,1.13864,1.13868,3.00,5.51
2018.11.21 11:08:06.702,1.13865,1.13868,1.12,2.25
2018.11.21 11:08:06.756,1.13867,1.13869,1.12,1.00
2018.11.21 11:08:06.863,1.13868,1.1387,1.00,1.00
2018.11.21 11:08:07.376,1.13868,1.13871,1.00,1.87
2018.11.21 11:08:09.237,1.13868,1.1387,1.00,1.00
2018.11.21 11:08:09.839,1.13868,1.13871,1.00,3.75
2018.11.21 11:08:10.811,1.13868,1.1387,1.00,1.00
2018.11.21 11:08:11.518,1.13868,1.13871,1.00,3.37
2018.11.21 11:08:11.626,1.13872,1.13874,1.00,3.67
2018.11.21 11:08:11.736,1.1387,1.13874,1.50,1.12
2018.11.21 11:08:12.257,1.1387,1.13873,1.87,1.50
2018.11.21 11:08:13.257,1.1387,1.13874,1.50,2.25
2018.11.21 11:08:13.770,1.13871,1.13875,1.00,7.05
2018.11.21 11:08:16.752,1.1387,1.13873,6.56,1.00
2018.11.21 11:08:18.835,1.13871,1.13875,1.00,5.10
2018.11.21 11:08:19.339,1.1387,1.13875,6.94,4.35
2018.11.21 11:08:19.889,1.13871,1.13875,1.00,8.10
2018.11.21 11:08:20.550,1.1387,1.13875,4.50,8.29
2018.11.21 11:08:24.700,1.13871,1.13874,1.00,2.25
2018.11.21 11:08:25.294,1.1387,1.13875,9.00,6.79
2018.11.21 11:08:25.843,1.13871,1.13875,1.00,6.49
2018.11.21 11:08:26.494,1.1387,1.13875,9.75,7.24
2018.11.21 11:08:26.660,1.1387,1.13875,9.37,7.99
2018.11.21 11:08:27.187,1.1387,1.13874,8.62,1.00
2018.11.21 11:08:29.580,1.1387,1.13874,6.94,5.47
2018.11.21 11:08:30.757,1.13871,1.13874,1.00,4.72
2018.11.21 11:08:33.125,1.1387,1.13874,5.25,1.72
2018.11.21 11:08:34.304,1.13871,1.13874,1.50,4.35
2018.11.21 11:08:34.816,1.1387,1.13874,6.94,2.66
2018.11.21 11:08:35.342,1.13871,1.13874,1.00,4.54
2018.11.21 11:08:36.210,1.1387,1.13874,4.69,1.72
2018.11.21 11:08:36.761,1.13871,1.13874,1.25,2.85
2018.11.21 11:08:37.310,1.1387,1.13874,3.75,1.72
2018.11.21 11:08:37.822,1.13871,1.13874,1.00,1.72
2018.11.21 11:08:38.394,1.1387,1.13874,3.75,1.72
2018.11.21 11:08:40.224,1.1387,1.13874,3.41,1.16
2018.11.21 11:08:40.999,1.13873,1.13875,1.00,5.62
2018.11.21 11:08:41.364,1.13876,1.13879,3.00,1.31
2018.11.21 11:08:41.884,1.13877,1.13879,3.00,1.25
2018.11.21 11:08:42.465,1.13877,1.1388,1.12,3.00
2018.11.21 11:08:42.834,1.13879,1.13881,4.12,1.00
2018.11.21 11:08:42.887,1.13882,1.13885,2.25,2.06
2018.11.21 11:08:43.475,1.13882,1.13884,1.37,1.87
2018.11.21 11:08:43.916,1.13881,1.13884,1.00,2.06
2018.11.21 11:08:45.014,1.13882,1.13884,1.37,1.87
2018.11.21 11:08:45.527,1.13883,1.13885,1.50,1.00
2018.11.21 11:08:46.053,1.13882,1.13885,3.75,1.00
2018.11.21 11:08:46.367,1.13889,1.13891,1.00,3.00
2018.11.21 11:08:47.020,1.13889,1.1389,1.00,1.00
2018.11.21 11:08:47.540,1.13887,1.1389,3.00,1.00
2018.11.21 11:08:48.090,1.13887,1.13891,5.06,2.59
2018.11.21 11:08:48.596,1.13888,1.13892,4.31,3.64
2018.11.21 11:08:49.211,1.13888,1.13892,2.81,4.87
2018.11.21 11:08:50.015,1.13888,1.13892,3.56,2.32
2018.11.21 11:08:50.531,1.13889,1.13892,1.31,3.82
2018.11.21 11:08:52.837,1.13887,1.13891,4.39,1.31
2018.11.21 11:08:54.064,1.1389,1.13891,1.12,1.00
2018.11.21 11:08:54.169,1.13892,1.13894,3.41,1.00
2018.11.21 11:08:54.685,1.13893,1.13895,1.00,1.00
2018.11.21 11:08:54.739,1.13897,1.13898,2.85,8.32
2018.11.21 11:08:54.845,1.13899,1.13901,2.06,2.06
2018.11.21 11:08:54.898,1.13902,1.13903,1.00,1.12
2018.11.21 11:08:55.078,1.13899,1.13901,2.85,1.31
2018.11.21 11:08:55.131,1.13901,1.13903,5.81,2.25
2018.11.21 11:08:55.246,1.13901,1.13905,1.95,4.31
2018.11.21 11:08:55.299,1.13899,1.13902,2.89,2.81
2018.11.21 11:08:55.353,1.13898,1.13901,3.26,1.12
2018.11.21 11:08:55.407,1.139,1.13901,1.00,1.87
2018.11.21 11:08:55.498,1.139,1.13904,3.75,1.57
2018.11.21 11:08:56.819,1.13901,1.13904,1.00,1.00
2018.11.21 11:08:57.339,1.13901,1.13905,3.94,1.25
2018.11.21 11:08:58.801,1.13901,1.13905,8.14,1.25
2018.11.21 11:08:59.307,1.139,1.13902,1.00,1.67
2018.11.21 11:08:59.623,1.13898,1.13901,2.70,1.00
2018.11.21 11:09:00.426,1.13898,1.13901,3.19,1.76
2018.11.21 11:09:00.972,1.13898,1.13901,4.20,1.57
2018.11.21 11:09:01.079,1.139,1.13901,1.00,1.00
2018.11.21 11:09:01.289,1.13898,1.13902,1.25,1.50
2018.11.21 11:09:01.394,1.13899,1.13901,1.25,1.37
2018.11.21 11:09:01.448,1.13897,1.139,6.00,1.00
2018.11.21 11:09:01.555,1.13897,1.13898,1.20,3.37
2018.11.21 11:09:01.700,1.13894,1.13896,7.57,1.00
2018.11.21 11:09:01.753,1.13892,1.13895,1.20,1.31
2018.11.21 11:09:01.856,1.13895,1.13897,1.00,3.45
2018.11.21 11:09:01.959,1.13894,1.13898,7.12,1.00
2018.11.21 11:09:02.217,1.13897,1.13899,1.00,1.50
2018.11.21 11:09:02.436,1.13898,1.13901,2.32,1.69
2018.11.21 11:09:02.957,1.13897,1.13901,3.56,3.37
2018.11.21 11:09:04.384,1.13897,1.13901,3.56,4.87
2018.11.21 11:09:04.735,1.13895,1.13899,7.57,1.12
2018.11.21 11:09:04.787,1.13893,1.13898,8.14,2.62
2018.11.21 11:09:05.314,1.13894,1.13898,1.25,1.50
2018.11.21 11:09:05.973,1.13894,1.13898,1.69,1.87
2018.11.21 11:09:06.360,1.13893,1.13898,3.37,1.87
2018.11.21 11:09:07.025,1.13893,1.13896,1.87,1.00
2018.11.21 11:09:07.341,1.13892,1.13894,1.50,1.50
2018.11.21 11:09:09.005,1.1389,1.13895,5.25,4.69
2018.11.21 11:09:09.058,1.1389,1.13893,5.85,1.00
2018.11.21 11:09:09.524,1.13892,1.13894,1.00,1.00
2018.11.21 11:09:10.121,1.13891,1.13895,4.12,1.87
2018.11.21 11:09:10.638,1.13892,1.13895,1.00,3.75
2018.11.21 11:09:11.882,1.13891,1.13895,4.50,1.50
2018.11.21 11:09:12.996,1.13892,1.13895,1.00,2.25
2018.11.21 11:09:13.718,1.13891,1.13895,3.75,1.50
2018.11.21 11:09:15.117,1.13892,1.13895,1.00,2.25
2018.11.21 11:09:15.712,1.13891,1.13895,4.50,1.50
2018.11.21 11:09:16.978,1.13892,1.13895,1.00,2.25
2018.11.21 11:09:17.605,1.13891,1.13895,5.25,1.50
2018.11.21 11:09:18.068,1.13894,1.13897,3.37,4.87
2018.11.21 11:09:18.604,1.13895,1.13898,1.00,1.87
2018.11.21 11:09:20.366,1.13895,1.13898,2.25,1.35
2018.11.21 11:09:21.117,1.13895,1.13898,1.00,1.35
2018.11.21 11:09:21.649,1.13894,1.13898,7.87,2.92
2018.11.21 11:09:22.183,1.13895,1.13898,1.00,3.67
2018.11.21 11:09:22.850,1.13893,1.13895,2.70,1.50
2018.11.21 11:09:23.112,1.13891,1.13894,1.50,1.00
2018.11.21 11:09:24.238,1.13892,1.13894,1.00,1.00
2018.11.21 11:09:24.758,1.13891,1.13894,7.12,1.00
2018.11.21 11:09:25.317,1.13891,1.13895,8.55,1.12
2018.11.21 11:09:26.052,1.13891,1.13892,1.00,1.00
2018.11.21 11:09:26.253,1.1389,1.13894,1.00,3.00
2018.11.21 11:09:26.357,1.13892,1.13894,3.75,1.00
2018.11.21 11:09:26.893,1.13893,1.13894,1.00,1.00
2018.11.21 11:09:27.234,1.13891,1.13894,5.62,1.00
2018.11.21 11:09:32.538,1.13892,1.13894,1.00,1.00
2018.11.21 11:09:33.083,1.13891,1.13894,2.62,1.00
2018.11.21 11:09:38.669,1.13891,1.13894,3.75,1.00
2018.11.21 11:09:43.402,1.13892,1.13894,1.00,1.17
2018.11.21 11:09:43.919,1.13892,1.13894,1.00,2.02
2018.11.21 11:09:44.691,1.13891,1.13893,6.94,1.00
2018.11.21 11:09:44.745,1.1389,1.13891,1.00,1.25
2018.11.21 11:09:44.799,1.13891,1.13893,1.87,5.06
2018.11.21 11:09:45.320,1.13891,1.13893,1.87,1.95
2018.11.21 11:09:50.030,1.13891,1.13893,1.50,1.10
2018.11.21 11:09:53.418,1.13891,1.13894,1.00,7.09
2018.11.21 11:09:53.950,1.13891,1.13893,1.00,1.57
2018.11.21 11:09:56.026,1.13891,1.13892,1.00,1.00
2018.11.21 11:09:56.559,1.13891,1.13893,1.00,2.44
2018.11.21 11:09:58.234,1.13891,1.13894,1.00,1.65
2018.11.21 11:09:58.774,1.13892,1.13894,1.00,1.65
2018.11.21 11:09:59.094,1.13893,1.13895,1.12,7.01
2018.11.21 11:09:59.147,1.13894,1.13897,3.37,3.37
2018.11.21 11:09:59.200,1.13895,1.13898,1.37,4.87
2018.11.21 11:09:59.739,1.13896,1.13898,1.00,2.25
2018.11.21 11:10:01.041,1.13896,1.13897,1.00,1.00
2018.11.21 11:10:01.199,1.13894,1.13898,4.12,3.56
2018.11.21 11:10:01.706,1.13894,1.13898,3.94,1.31
2018.11.21 11:10:02.166,1.13896,1.13898,1.00,1.31
2018.11.21 11:10:04.371,1.13896,1.13897,1.00,1.00
2018.11.21 11:10:04.428,1.13894,1.13896,2.32,1.00
2018.11.21 11:10:05.133,1.13894,1.13897,1.50,3.07
2018.11.21 11:10:05.673,1.13895,1.13898,1.50,1.50
2018.11.21 11:10:06.866,1.13896,1.13899,1.00,2.32
2018.11.21 11:10:07.233,1.13899,1.13901,2.25,3.34
2018.11.21 11:10:07.438,1.13903,1.13906,1.00,7.27
2018.11.21 11:10:08.015,1.13903,1.13905,1.00,2.25
2018.11.21 11:10:08.586,1.13903,1.13904,1.00,1.00
2018.11.21 11:10:09.126,1.13903,1.13905,1.00,1.95
2018.11.21 11:10:09.640,1.13903,1.13905,2.62,1.00
2018.11.21 11:10:10.292,1.13903,1.13906,2.62,4.87
2018.11.21 11:10:10.849,1.13904,1.13905,1.12,1.00
2018.11.21 11:10:11.377,1.13903,1.13906,1.37,4.50
2018.11.21 11:10:11.922,1.13903,1.13906,1.37,5.32
2018.11.21 11:10:12.620,1.13903,1.13906,1.37,12.07
2018.11.21 11:10:12.998,1.13901,1.13904,3.00,3.60
2018.11.21 11:10:13.744,1.13902,1.13904,1.00,1.00
2018.11.21 11:10:14.080,1.13901,1.13902,1.00,1.00
2018.11.21 11:10:14.342,1.13902,1.13904,1.12,1.87
2018.11.21 11:10:16.955,1.13902,1.13905,1.00,2.51
2018.11.21 11:10:18.214,1.13902,1.13904,1.00,1.00
2018.11.21 11:10:18.945,1.13902,1.13905,1.00,2.51
2018.11.21 11:10:19.053,1.13909,1.13911,3.62,1.50
2018.11.21 11:10:19.218,1.13912,1.13914,1.00,5.89
2018.11.21 11:10:19.789,1.13912,1.13915,1.12,8.14
2018.11.21 11:10:20.200,1.1391,1.13912,1.10,2.40
2018.11.21 11:10:20.252,1.13909,1.13912,2.25,2.40
2018.11.21 11:10:20.409,1.13907,1.13909,2.25,1.00
2018.11.21 11:10:22.376,1.13907,1.13911,1.50,2.51
2018.11.21 11:10:22.941,1.13907,1.1391,3.00,1.00
2018.11.21 11:10:23.602,1.13907,1.13911,2.25,6.26
2018.11.21 11:10:24.175,1.13907,1.1391,2.25,1.00
2018.11.21 11:10:25.133,1.13907,1.13911,5.25,3.86
2018.11.21 11:10:27.446,1.13907,1.13911,5.25,4.24
2018.11.21 11:10:28.541,1.13908,1.1391,1.00,1.50
2018.11.21 11:10:29.551,1.13904,1.13906,2.89,2.12
2018.11.21 11:10:29.762,1.13902,1.13905,3.00,1.50
2018.11.21 11:10:30.589,1.13905,1.13907,1.50,6.45
2018.11.21 11:10:31.117,1.13905,1.13908,1.00,1.50
2018.11.21 11:10:32.039,1.13905,1.13908,2.25,2.02
2018.11.21 11:10:32.564,1.13906,1.13908,1.12,1.65
2018.11.21 11:10:33.105,1.13906,1.13908,1.12,1.20
2018.11.21 11:10:34.257,1.13907,1.1391,1.12,4.65
2018.11.21 11:10:35.035,1.13907,1.1391,1.87,3.75
2018.11.21 11:10:35.677,1.13907,1.1391,1.12,4.12
2018.11.21 11:10:36.238,1.13907,1.13909,1.87,1.15
2018.11.21 11:10:36.778,1.13907,1.1391,1.12,3.22
2018.11.21 11:10:37.699,1.13906,1.1391,7.95,2.62
2018.11.21 11:10:37.886,1.13907,1.1391,1.87,1.27
2018.11.21 11:10:38.413,1.13906,1.13907,1.87,4.50
2018.11.21 11:10:38.467,1.13904,1.13906,2.32,6.56
2018.11.21 11:10:38.971,1.13903,1.13905,1.12,1.00
2018.11.21 11:10:39.511,1.13903,1.13906,1.12,5.62
2018.11.21 11:10:40.074,1.13903,1.13905,1.12,2.25
2018.11.21 11:10:40.620,1.13903,1.13906,1.12,6.00
2018.11.21 11:10:42.346,1.13904,1.13907,2.81,7.09
2018.11.21 11:10:42.399,1.13904,1.13905,1.12,1.00
2018.11.21 11:10:43.240,1.13903,1.13905,2.62,1.50
2018.11.21 11:10:43.760,1.13905,1.13906,1.00,2.25
2018.11.21 11:10:44.310,1.13904,1.13906,1.00,2.62
2018.11.21 11:10:45.037,1.13904,1.13905,1.00,1.00
2018.11.21 11:10:45.093,1.13902,1.13905,1.50,5.10
2018.11.21 11:10:45.614,1.13903,1.13905,1.00,1.00
2018.11.21 11:10:46.343,1.13902,1.13905,2.25,1.00
2018.11.21 11:10:49.086,1.13904,1.13906,1.00,1.00
2018.11.21 11:10:49.591,1.13903,1.13906,1.00,1.65
2018.11.21 11:10:50.107,1.13904,1.13906,1.50,1.27
2018.11.21 11:10:50.623,1.13905,1.13906,1.00,1.12
2018.11.21 11:10:51.144,1.13904,1.13906,1.50,1.12
2018.11.21 11:10:53.197,1.13904,1.13905,4.50,1.00
2018.11.21 11:10:53.713,1.13903,1.13906,1.00,3.75
2018.11.21 11:10:56.454,1.13904,1.13905,1.00,1.00
2018.11.21 11:10:56.991,1.13903,1.13906,2.25,1.10
2018.11.21 11:10:57.497,1.13904,1.13905,1.00,1.00
2018.11.21 11:10:58.016,1.13903,1.13906,2.25,1.10
2018.11.21 11:11:00.785,1.13903,1.13906,1.69,7.76
2018.11.21 11:11:01.303,1.13903,1.13906,1.69,8.06
2018.11.21 11:11:02.249,1.13902,1.13906,3.56,2.06
2018.11.21 11:11:02.787,1.13902,1.13906,2.06,3.94
2018.11.21 11:11:03.329,1.13902,1.13906,2.25,2.44
2018.11.21 11:11:05.657,1.13903,1.13906,1.25,3.94
2018.11.21 11:11:05.969,1.13903,1.13904,1.00,1.00
2018.11.21 11:11:06.516,1.13902,1.13905,2.62,3.56
2018.11.21 11:11:07.183,1.13902,1.13904,2.62,1.00
2018.11.21 11:11:09.391,1.139,1.13902,6.07,1.00
2018.11.21 11:11:09.444,1.13901,1.13903,1.00,3.56
2018.11.21 11:11:09.874,1.13899,1.13904,10.69,3.45
2018.11.21 11:11:10.384,1.139,1.13904,1.00,4.05
2018.11.21 11:11:12.921,1.139,1.13901,2.25,1.00
2018.11.21 11:11:12.975,1.13898,1.13901,2.32,5.81
2018.11.21 11:11:13.098,1.13898,1.13899,1.00,1.00
2018.11.21 11:11:13.406,1.13894,1.13896,2.32,4.57
2018.11.21 11:11:13.666,1.13893,1.13894,1.00,1.00
2018.11.21 11:11:13.718,1.13894,1.13896,2.44,2.25
2018.11.21 11:11:14.236,1.13894,1.13897,8.44,1.12
2018.11.21 11:11:14.730,1.13896,1.13897,6.00,1.00
2018.11.21 11:11:14.784,1.13896,1.13899,3.75,4.20
2018.11.21 11:11:14.941,1.13895,1.13899,2.44,1.69
2018.11.21 11:11:15.375,1.13897,1.13899,3.75,1.50
2018.11.21 11:11:15.428,1.13898,1.13901,2.62,5.25
2018.11.21 11:11:15.481,1.13899,1.13901,4.50,5.12
2018.11.21 11:11:15.535,1.13899,1.13902,6.00,4.50
2018.11.21 11:11:15.902,1.13899,1.13901,3.75,3.07
2018.11.21 11:11:16.442,1.13897,1.13901,4.50,10.39
2018.11.21 11:11:17.036,1.13896,1.13901,6.75,12.11
2018.11.21 11:11:18.449,1.13897,1.13901,1.25,8.32
2018.11.21 11:11:18.577,1.13899,1.13901,1.00,4.57
2018.11.21 11:11:19.172,1.13899,1.13901,4.50,2.62
2018.11.21 11:11:19.986,1.13899,1.13901,4.75,3.37
2018.11.21 11:11:20.523,1.13899,1.13901,1.50,3.37
2018.11.21 11:11:21.361,1.13897,1.13901,4.42,4.95
2018.11.21 11:11:21.518,1.13898,1.13899,1.00,1.00
2018.11.21 11:11:21.892,1.13899,1.139,1.00,1.00
2018.11.21 11:11:22.049,1.139,1.13904,2.25,4.50
2018.11.21 11:11:22.597,1.13901,1.13904,1.50,1.00
2018.11.21 11:11:23.106,1.13902,1.13904,1.50,1.50
2018.11.21 11:11:23.625,1.13901,1.13904,5.25,2.62
2018.11.21 11:11:26.929,1.13901,1.13905,4.39,7.01
2018.11.21 11:11:27.806,1.13902,1.13904,1.00,1.00
2018.11.21 11:11:28.354,1.13902,1.13903,1.00,1.65
2018.11.21 11:11:28.409,1.139,1.13902,1.10,3.19
2018.11.21 11:11:28.800,1.13897,1.139,3.37,3.56
2018.11.21 11:11:29.329,1.13897,1.13899,1.87,1.00
2018.11.21 11:11:33.581,1.13896,1.13899,1.50,1.69
2018.11.21 11:11:33.634,1.13895,1.13897,5.32,2.25
2018.11.21 11:11:33.845,1.13893,1.13897,3.56,12.49
2018.11.21 11:11:34.237,1.13894,1.13895,1.00,1.87
2018.11.21 11:11:34.860,1.13894,1.13896,1.00,6.45
2018.11.21 11:11:35.511,1.13894,1.13896,1.50,7.95
2018.11.21 11:11:36.129,1.13894,1.13896,1.50,7.57
2018.11.21 11:11:36.716,1.13893,1.13896,3.37,4.95
2018.11.21 11:11:38.066,1.13894,1.13895,1.00,1.00
2018.11.21 11:11:38.584,1.13893,1.13896,1.12,4.87
2018.11.21 11:11:39.288,1.13893,1.13895,1.12,1.00
2018.11.21 11:11:39.795,1.13893,1.13896,1.12,4.87
2018.11.21 11:11:40.360,1.13894,1.13895,1.00,1.50
2018.11.21 11:11:40.647,1.13893,1.13897,7.69,1.12
2018.11.21 11:11:40.803,1.13895,1.13898,2.81,2.51
2018.11.21 11:11:42.760,1.13894,1.13898,7.31,1.12
2018.11.21 11:11:43.065,1.13893,1.13895,2.32,3.00
2018.11.21 11:11:43.118,1.13892,1.13894,1.00,1.00
2018.11.21 11:11:44.728,1.13892,1.13893,1.00,1.50
2018.11.21 11:11:45.501,1.13891,1.13894,5.25,3.22
2018.11.21 11:11:46.022,1.13892,1.13893,4.50,1.00
2018.11.21 11:11:47.015,1.13892,1.13894,3.75,1.30
2018.11.21 11:11:47.540,1.13891,1.13894,5.25,1.25
2018.11.21 11:11:48.079,1.13892,1.13894,1.00,3.00
2018.11.21 11:11:48.630,1.13891,1.13894,5.25,1.00
2018.11.21 11:11:51.177,1.13892,1.13894,1.00,3.37
2018.11.21 11:11:51.692,1.13891,1.13894,6.00,1.12
2018.11.21 11:11:52.223,1.13892,1.13894,1.00,3.75
2018.11.21 11:11:53.178,1.13891,1.13894,1.00,12.22
2018.11.21 11:11:54.047,1.13891,1.13893,1.00,1.72
2018.11.21 11:11:54.562,1.13891,1.13893,1.00,1.72
2018.11.21 11:11:56.852,1.1389,1.13893,2.25,3.22
2018.11.21 11:11:58.198,1.13889,1.13893,8.06,1.72
2018.11.21 11:11:59.187,1.1389,1.13893,1.00,3.97
2018.11.21 11:11:59.698,1.13889,1.13893,6.94,2.85
2018.11.21 11:12:01.610,1.13889,1.13892,4.12,1.00
2018.11.21 11:12:02.153,1.1389,1.13892,1.00,2.37
2018.11.21 11:12:03.586,1.13889,1.1389,1.00,1.00
2018.11.21 11:12:03.725,1.13887,1.13889,1.00,1.00
2018.11.21 11:12:04.248,1.13885,1.13889,1.50,6.75
2018.11.21 11:12:04.934,1.13884,1.13888,15.49,1.12
2018.11.21 11:12:05.143,1.13884,1.13886,1.00,1.12
2018.11.21 11:12:05.878,1.13883,1.13885,6.75,1.00
2018.11.21 11:12:06.759,1.13884,1.13885,1.00,3.75
2018.11.21 11:12:07.997,1.13883,1.13885,2.25,1.12
2018.11.21 11:12:08.644,1.13884,1.13885,1.12,1.50
2018.11.21 11:12:09.162,1.13883,1.13885,1.87,1.50
2018.11.21 11:12:09.690,1.13884,1.13885,1.00,2.25
2018.11.21 11:12:10.257,1.13883,1.13885,1.95,1.50
2018.11.21 11:12:10.761,1.13883,1.13884,2.70,1.00
2018.11.21 11:12:11.293,1.13882,1.13884,1.00,1.50
2018.11.21 11:12:11.797,1.13881,1.13884,1.50,2.40
2018.11.21 11:12:12.316,1.1388,1.13884,8.14,1.27
2018.11.21 11:12:13.423,1.13881,1.13883,1.00,1.65
2018.11.21 11:12:14.301,1.1388,1.13884,8.81,3.52
2018.11.21 11:12:15.976,1.13881,1.13883,1.50,1.19
2018.11.21 11:12:16.499,1.13881,1.13884,1.50,3.00
2018.11.21 11:12:16.808,1.13879,1.13881,2.32,2.25
2018.11.21 11:12:17.275,1.13877,1.13879,5.62,1.12
2018.11.21 11:12:17.601,1.13875,1.13879,2.14,8.51
2018.11.21 11:12:17.653,1.13876,1.13877,1.87,1.50
2018.11.21 11:12:18.166,1.13877,1.13878,1.00,4.12
2018.11.21 11:12:18.721,1.13876,1.13878,4.87,3.75
2018.11.21 11:12:19.757,1.13877,1.13878,1.00,6.56
2018.11.21 11:12:20.347,1.13876,1.13878,5.25,1.12
2018.11.21 11:12:21.860,1.13877,1.13878,2.25,1.00
2018.11.21 11:12:21.968,1.1388,1.13882,2.25,1.87
2018.11.21 11:12:22.492,1.1388,1.13883,1.00,3.22
2018.11.21 11:12:23.010,1.13879,1.13882,6.00,1.00
2018.11.21 11:12:23.410,1.13881,1.13883,1.50,1.87
2018.11.21 11:12:24.030,1.1388,1.13883,4.50,1.87
2018.11.21 11:12:24.593,1.13881,1.13883,1.00,1.50
2018.11.21 11:12:25.140,1.1388,1.13884,3.56,3.00
2018.11.21 11:12:26.082,1.13881,1.13884,1.50,2.25
2018.11.21 11:12:27.794,1.13882,1.13884,1.00,3.22
2018.11.21 11:12:28.553,1.13881,1.13884,3.00,1.72
2018.11.21 11:12:30.076,1.13882,1.13884,1.00,1.50
2018.11.21 11:12:30.650,1.13881,1.13884,3.00,1.00
2018.11.21 11:12:33.088,1.13879,1.13881,3.07,4.54
2018.11.21 11:12:33.245,1.13877,1.13879,1.00,1.35
2018.11.21 11:12:33.297,1.13875,1.13879,10.80,1.35
2018.11.21 11:12:33.849,1.13876,1.13879,1.50,2.85
2018.11.21 11:12:35.049,1.13876,1.13878,1.00,1.00
2018.11.21 11:12:35.562,1.13875,1.13879,2.81,2.25
2018.11.21 11:12:36.102,1.13876,1.13878,1.00,1.00
2018.11.21 11:12:36.620,1.13877,1.13879,1.00,3.94
2018.11.21 11:12:37.153,1.13877,1.13878,1.50,1.00
2018.11.21 11:12:37.733,1.13877,1.13879,1.00,2.25
2018.11.21 11:12:38.657,1.13875,1.13879,2.62,2.25
2018.11.21 11:12:39.063,1.13877,1.13878,1.50,1.00
2018.11.21 11:12:39.576,1.13877,1.13879,1.00,3.75
2018.11.21 11:12:40.157,1.13877,1.13878,1.50,1.00
2018.11.21 11:12:40.755,1.13877,1.13879,1.00,3.90
2018.11.21 11:12:41.256,1.13877,1.13878,1.50,1.00
2018.11.21 11:12:41.808,1.13877,1.13879,1.00,3.37
2018.11.21 11:12:42.376,1.13876,1.13878,1.50,1.00
2018.11.21 11:12:42.704,1.13874,1.13876,1.00,4.12
2018.11.21 11:12:42.808,1.13873,1.13875,1.50,2.25
2018.11.21 11:12:44.253,1.13874,1.13877,2.25,3.82
2018.11.21 11:12:44.780,1.13874,1.13877,3.00,1.87
2018.11.21 11:12:45.649,1.13875,1.13877,1.00,1.87
2018.11.21 11:12:46.198,1.13874,1.13877,4.12,1.50
2018.11.21 11:12:46.715,1.13875,1.13877,1.00,1.50
2018.11.21 11:12:47.275,1.13875,1.13878,3.37,6.37
2018.11.21 11:12:47.328,1.13877,1.13878,2.25,1.00
2018.11.21 11:12:47.433,1.13877,1.1388,2.25,3.75
2018.11.21 11:12:47.538,1.13879,1.1388,1.00,1.50
2018.11.21 11:12:47.762,1.13877,1.1388,2.51,1.87
2018.11.21 11:12:48.076,1.13879,1.1388,1.50,7.12
2018.11.21 11:12:48.283,1.13877,1.1388,4.69,4.87
2018.11.21 11:12:49.793,1.13877,1.1388,3.75,10.69
2018.11.21 11:12:50.337,1.13876,1.1388,4.69,7.31
2018.11.21 11:12:51.170,1.13877,1.1388,1.00,7.56
2018.11.21 11:12:51.700,1.13876,1.13879,3.94,1.12
2018.11.21 11:12:52.260,1.13876,1.13879,3.94,1.12
2018.11.21 11:12:53.562,1.13876,1.13878,5.44,1.12
2018.11.21 11:12:54.307,1.13876,1.13879,4.50,4.50
2018.11.21 11:12:54.817,1.13876,1.13878,4.50,1.12
2018.11.21 11:12:55.357,1.13876,1.13879,4.50,3.94
2018.11.21 11:12:55.863,1.13876,1.13878,4.69,1.12
2018.11.21 11:12:56.406,1.13876,1.13879,5.44,3.56
2018.11.21 11:12:56.921,1.13877,1.13879,1.25,2.06
2018.11.21 11:12:57.423,1.13876,1.13879,6.19,1.31
2018.11.21 11:12:57.984,1.13877,1.13879,1.25,2.81
2018.11.21 11:12:58.496,1.13876,1.13878,2.06,1.50
2018.11.21 11:13:01.664,1.13877,1.13878,1.00,1.50
2018.11.21 11:13:02.416,1.13877,1.1388,3.00,2.62
2018.11.21 11:13:02.523,1.1388,1.13881,1.25,1.10
2018.11.21 11:13:02.788,1.13878,1.13882,5.51,3.82
2018.11.21 11:13:02.944,1.13879,1.13882,1.50,5.32
2018.11.21 11:13:03.183,1.13878,1.13881,5.44,2.25
2018.11.21 11:13:03.239,1.13877,1.13879,2.70,1.00
2018.11.21 11:13:03.769,1.13876,1.13879,4.50,1.00
2018.11.21 11:13:04.520,1.13877,1.13879,1.00,1.50
2018.11.21 11:13:05.093,1.13876,1.13879,4.50,1.00
2018.11.21 11:13:06.828,1.13877,1.1388,2.25,2.51
2018.11.21 11:13:07.142,1.13879,1.13882,5.44,1.87
2018.11.21 11:13:07.715,1.13879,1.13882,3.56,1.00
2018.11.21 11:13:08.241,1.13879,1.13882,1.87,1.00
2018.11.21 11:13:08.755,1.1388,1.13882,1.00,1.00
2018.11.21 11:13:09.471,1.1388,1.13884,4.87,2.81
2018.11.21 11:13:11.011,1.13881,1.13884,1.00,5.44
2018.11.21 11:13:13.026,1.13881,1.13884,1.31,3.94
2018.11.21 11:13:13.770,1.13881,1.13884,1.25,3.00
2018.11.21 11:13:17.143,1.13881,1.13883,1.19,1.25
2018.11.21 11:13:17.660,1.13881,1.13884,1.25,5.36
2018.11.21 11:13:19.840,1.13881,1.13883,1.31,1.00
2018.11.21 11:13:20.361,1.1388,1.13884,4.31,2.25
2018.11.21 11:13:22.250,1.13881,1.13883,1.31,1.00
2018.11.21 11:13:22.771,1.1388,1.13884,8.62,1.69
2018.11.21 11:13:23.667,1.13881,1.13882,1.12,3.37
2018.11.21 11:13:23.722,1.13877,1.1388,2.62,2.47
2018.11.21 11:13:24.294,1.13878,1.1388,1.00,1.00
2018.11.21 11:13:24.826,1.13877,1.1388,4.69,1.50
2018.11.21 11:13:27.101,1.13877,1.13881,1.87,3.22
2018.11.21 11:13:27.629,1.13877,1.1388,1.12,1.50
2018.11.21 11:13:29.519,1.13877,1.13879,4.12,1.00
2018.11.21 11:13:30.041,1.13877,1.1388,1.12,3.30
2018.11.21 11:13:33.065,1.13876,1.13879,9.07,1.00
2018.11.21 11:13:33.598,1.13876,1.13879,5.32,1.00
2018.11.21 11:13:34.179,1.13876,1.13879,4.50,6.44
2018.11.21 11:13:34.232,1.13873,1.13877,3.00,5.62
2018.11.21 11:13:34.762,1.13872,1.13876,3.56,1.12
2018.11.21 11:13:35.076,1.13874,1.13876,2.25,1.50
2018.11.21 11:13:36.297,1.13874,1.13878,5.44,5.85
2018.11.21 11:13:36.557,1.13876,1.13878,1.00,1.00
2018.11.21 11:13:37.106,1.13876,1.1388,3.56,6.30
2018.11.21 11:13:38.118,1.13877,1.1388,1.25,6.64
2018.11.21 11:13:38.629,1.13877,1.13879,1.12,1.69
2018.11.21 11:13:39.242,1.13877,1.1388,1.25,3.11
2018.11.21 11:13:40.157,1.13877,1.13879,1.69,1.00
2018.11.21 11:13:40.364,1.13878,1.13881,2.06,6.34
2018.11.21 11:13:40.894,1.13878,1.1388,1.31,2.25
2018.11.21 11:13:41.206,1.1388,1.13882,1.50,1.65
2018.11.21 11:13:41.976,1.13879,1.13883,3.94,5.44
2018.11.21 11:13:42.766,1.13878,1.13881,2.25,4.87
2018.11.21 11:13:43.234,1.13881,1.13883,1.69,2.89
2018.11.21 11:13:43.373,1.13882,1.13885,1.25,8.06
2018.11.21 11:13:43.900,1.13882,1.13884,1.12,2.44
2018.11.21 11:13:44.632,1.13882,1.13885,1.69,4.01
2018.11.21 11:13:45.499,1.13882,1.13884,2.44,1.00
2018.11.21 11:13:49.553,1.13882,1.13884,1.50,1.00
2018.11.21 11:13:49.605,1.13882,1.13885,1.00,3.75
2018.11.21 11:13:50.366,1.13882,1.13885,1.00,6.75
2018.11.21 11:13:50.886,1.13883,1.13885,3.56,2.25
2018.11.21 11:13:50.939,1.13885,1.13887,1.00,5.32
2018.11.21 11:13:51.247,1.13884,1.13888,5.25,3.19
2018.11.21 11:13:51.456,1.13883,1.13885,2.92,1.00
2018.11.21 11:13:52.666,1.13882,1.13886,3.75,3.79
2018.11.21 11:13:52.981,1.13885,1.13886,1.00,1.00
2018.11.21 11:13:53.710,1.13885,1.13887,3.00,2.06
2018.11.21 11:13:55.225,1.13886,1.13887,1.00,1.50
2018.11.21 11:13:55.856,1.13885,1.13887,1.12,1.00
2018.11.21 11:13:56.813,1.13884,1.13885,1.50,3.75
2018.11.21 11:13:57.026,1.13879,1.13881,1.50,1.00
2018.11.21 11:13:57.522,1.1388,1.13883,3.56,2.62
2018.11.21 11:14:01.541,1.13881,1.13883,1.00,1.50
2018.11.21 11:14:02.193,1.13881,1.13882,1.00,1.50
2018.11.21 11:14:02.862,1.13881,1.13883,1.00,1.00
2018.11.21 11:14:03.690,1.13881,1.13882,1.00,1.00
2018.11.21 11:14:04.240,1.13881,1.13883,1.00,1.50
2018.11.21 11:14:05.577,1.1388,1.13882,1.12,1.00
2018.11.21 11:14:08.177,1.1388,1.13881,1.12,1.50
2018.11.21 11:14:08.282,1.13878,1.1388,2.81,1.00
2018.11.21 11:14:08.871,1.13878,1.13881,4.31,3.75
2018.11.21 11:14:09.653,1.13878,1.1388,2.06,1.00
2018.11.21 11:14:11.150,1.13878,1.13881,2.81,1.50
2018.11.21 11:14:11.777,1.13879,1.13882,1.00,2.25
2018.11.21 11:14:12.313,1.13879,1.13882,4.87,1.50
2018.11.21 11:14:13.929,1.1388,1.13883,1.12,1.00
2018.11.21 11:14:14.916,1.13882,1.13884,1.37,2.70
2018.11.21 11:14:15.437,1.13883,1.13885,1.00,1.50
2018.11.21 11:14:16.564,1.13882,1.13884,1.50,1.00
2018.11.21 11:14:16.869,1.13878,1.13881,1.87,1.50
2018.11.21 11:14:17.473,1.13878,1.1388,1.87,1.00
2018.11.21 11:14:17.620,1.13877,1.1388,4.12,1.00
2018.11.21 11:14:18.154,1.13877,1.13881,2.81,1.12
2018.11.21 11:14:20.597,1.13879,1.13882,3.00,2.25
2018.11.21 11:14:21.156,1.1388,1.13882,1.00,1.50
2018.11.21 11:14:22.305,1.13879,1.13882,4.76,1.50
2018.11.21 11:14:22.947,1.13879,1.13881,1.00,1.00
2018.11.21 11:14:23.481,1.13878,1.13881,2.06,3.00
2018.11.21 11:14:25.459,1.13878,1.13881,1.69,2.25
2018.11.21 11:14:25.977,1.13877,1.13881,1.50,7.50
2018.11.21 11:14:26.507,1.13877,1.1388,2.25,2.25
2018.11.21 11:14:30.248,1.13877,1.1388,3.19,1.00
2018.11.21 11:14:30.759,1.13877,1.1388,1.50,1.00
2018.11.21 11:14:32.109,1.13876,1.13879,2.92,1.50
2018.11.21 11:14:32.424,1.13871,1.13873,1.50,1.50
2018.11.21 11:14:33.137,1.1387,1.13873,3.37,1.00
2018.11.21 11:14:33.578,1.13869,1.1387,1.00,1.00
2018.11.21 11:14:33.765,1.13867,1.13869,1.50,1.50
2018.11.21 11:14:33.980,1.13867,1.13871,2.25,6.86
2018.11.21 11:14:34.033,1.13867,1.13869,1.00,1.00
2018.11.21 11:14:39.033,1.13867,1.1387,1.00,1.00
2018.11.21 11:14:39.654,1.13866,1.13869,3.19,1.00
2018.11.21 11:14:41.542,1.13866,1.1387,4.39,1.25
2018.11.21 11:14:42.605,1.13866,1.13869,5.14,1.00
2018.11.21 11:14:43.540,1.13867,1.13869,1.00,1.50
2018.11.21 11:14:45.136,1.1387,1.13872,1.00,1.10
2018.11.21 11:14:45.657,1.1387,1.13874,1.00,4.20
2018.11.21 11:14:46.160,1.13872,1.13875,1.00,4.87
2018.11.21 11:14:46.680,1.13871,1.13875,1.87,4.12
2018.11.21 11:14:48.900,1.13871,1.13874,3.75,1.00
2018.11.21 11:14:49.455,1.13871,1.13875,3.00,4.50
2018.11.21 11:14:50.569,1.13871,1.13874,4.69,1.00
2018.11.21 11:14:51.107,1.13871,1.13875,2.25,3.75
2018.11.21 11:14:51.974,1.13871,1.13874,2.25,1.00
2018.11.21 11:14:53.526,1.13871,1.13875,1.50,5.25
2018.11.21 11:14:54.077,1.13871,1.13874,3.00,1.00
2018.11.21 11:14:55.621,1.13871,1.13875,1.00,5.10
2018.11.21 11:14:56.125,1.13871,1.13874,2.25,1.00
2018.11.21 11:14:56.887,1.13871,1.13875,1.50,5.85
2018.11.21 11:15:00.613,1.13872,1.13874,1.00,2.06
2018.11.21 11:15:00.666,1.1387,1.13873,2.32,1.25
2018.11.21 11:15:00.720,1.13869,1.13871,1.50,4.50
2018.11.21 11:15:00.879,1.13867,1.1387,2.32,1.00
2018.11.21 11:15:01.397,1.13867,1.13871,4.50,3.04
2018.11.21 11:15:01.936,1.13867,1.1387,1.57,1.00
2018.11.21 11:15:06.053,1.13869,1.13871,1.00,6.94
2018.11.21 11:15:06.159,1.1387,1.13873,1.01,1.50
2018.11.21 11:15:06.677,1.1387,1.13872,1.10,1.50
2018.11.21 11:15:07.232,1.1387,1.13873,1.10,2.25
2018.11.21 11:15:08.283,1.13871,1.13873,1.12,1.12
2018.11.21 11:15:09.212,1.13872,1.13874,3.75,3.75
2018.11.21 11:15:09.318,1.13875,1.13876,1.00,1.65
2018.11.21 11:15:09.446,1.13876,1.13878,6.00,1.20
2018.11.21 11:15:09.500,1.13877,1.1388,1.00,2.12
2018.11.21 11:15:09.864,1.13876,1.13878,2.32,1.00
2018.11.21 11:15:10.397,1.13876,1.13879,1.00,1.50
2018.11.21 11:15:10.986,1.13876,1.13878,1.00,1.00
2018.11.21 11:15:11.636,1.13876,1.13879,1.00,5.06
2018.11.21 11:15:12.186,1.13876,1.13878,1.50,1.50
2018.11.21 11:15:12.695,1.13876,1.13879,1.00,2.81
2018.11.21 11:15:17.192,1.13877,1.13879,3.94,1.00
2018.11.21 11:15:17.297,1.13879,1.13882,4.50,3.00
2018.11.21 11:15:18.130,1.1388,1.13882,1.12,1.00
2018.11.21 11:15:18.635,1.13881,1.13883,1.00,1.50
2018.11.21 11:15:19.148,1.13882,1.13884,1.00,5.25
2018.11.21 11:15:20.823,1.13882,1.13884,1.00,2.44
2018.11.21 11:15:25.521,1.13881,1.13884,3.00,1.12
2018.11.21 11:15:26.585,1.13881,1.13884,3.00,2.06
2018.11.21 11:15:27.118,1.13881,1.13885,2.25,10.54
2018.11.21 11:15:39.729,1.1388,1.13881,2.25,1.25
2018.11.21 11:15:39.781,1.13878,1.13881,3.00,2.66
2018.11.21 11:15:39.992,1.13879,1.13882,1.19,4.05
2018.11.21 11:15:40.148,1.1388,1.13884,1.25,7.42
2018.11.21 11:15:40.775,1.13881,1.13883,1.00,1.57
2018.11.21 11:15:41.307,1.1388,1.13883,5.44,1.10
2018.11.21 11:15:41.937,1.13881,1.13883,1.00,1.50
2018.11.21 11:15:42.527,1.1388,1.13883,2.44,1.50
2018.11.21 11:15:43.486,1.13879,1.1388,1.00,3.00
2018.11.21 11:15:43.991,1.13878,1.1388,1.50,1.00
2018.11.21 11:15:44.502,1.13878,1.1388,1.00,3.94
2018.11.21 11:15:52.542,1.13877,1.13881,1.50,6.94
2018.11.21 11:15:53.326,1.13877,1.13881,3.00,4.87
2018.11.21 11:15:53.964,1.13877,1.13881,2.62,6.56
2018.11.21 11:15:54.713,1.13877,1.13881,1.87,11.62
2018.11.21 11:15:55.454,1.13877,1.13881,1.87,5.81
2018.11.21 11:15:55.762,1.13877,1.1388,2.81,1.19
2018.11.21 11:15:56.084,1.13879,1.13882,5.44,6.45
2018.11.21 11:15:56.240,1.13881,1.13883,1.00,1.30
2018.11.21 11:15:56.767,1.13881,1.13884,6.00,1.00
2018.11.21 11:15:57.391,1.13882,1.13884,1.00,3.00
2018.11.21 11:15:57.946,1.13881,1.13885,1.50,4.54
2018.11.21 11:16:01.958,1.13881,1.13882,2.25,1.00
2018.11.21 11:16:02.493,1.13881,1.13883,1.50,1.69
2018.11.21 11:16:04.446,1.13881,1.13884,1.50,1.69
2018.11.21 11:16:06.989,1.1388,1.13881,1.57,1.69
2018.11.21 11:16:07.513,1.13881,1.13882,1.00,1.00
2018.11.21 11:16:08.437,1.13882,1.13884,1.50,1.12
2018.11.21 11:16:08.542,1.13882,1.13886,1.12,4.12
2018.11.21 11:16:08.648,1.13884,1.13886,1.50,1.50
2018.11.21 11:16:08.754,1.13886,1.13889,5.44,1.00
2018.11.21 11:16:08.859,1.13888,1.13891,1.50,3.56
2018.11.21 11:16:09.360,1.1389,1.13892,2.81,1.00
2018.11.21 11:16:09.672,1.13892,1.13893,1.00,1.50
2018.11.21 11:16:10.078,1.13888,1.13892,4.12,1.25
2018.11.21 11:16:10.650,1.13888,1.13891,1.00,1.87
2018.11.21 11:16:11.168,1.13888,1.13891,1.20,3.00
2018.11.21 11:16:11.685,1.13888,1.13891,1.20,2.06
2018.11.21 11:16:12.230,1.13889,1.13891,1.00,2.81
2018.11.21 11:16:12.603,1.13891,1.13894,1.00,6.26
2018.11.21 11:16:13.036,1.13891,1.13894,1.00,1.50
2018.11.21 11:16:20.522,1.13891,1.13895,1.10,8.74
2018.11.21 11:16:21.274,1.13891,1.13894,3.07,1.00
2018.11.21 11:16:22.458,1.13891,1.13895,1.57,7.05
2018.11.21 11:16:23.258,1.13891,1.13894,3.07,1.00
2018.11.21 11:16:23.788,1.13891,1.13895,1.76,5.17
2018.11.21 11:16:24.803,1.13891,1.13895,1.50,9.11
2018.11.21 11:16:24.856,1.1389,1.13892,3.75,1.25
2018.11.21 11:16:25.116,1.13888,1.13891,1.50,4.91
2018.11.21 11:16:25.642,1.13887,1.1389,2.70,1.31
2018.11.21 11:16:26.160,1.13887,1.1389,4.58,2.06
2018.11.21 11:16:26.800,1.13887,1.1389,1.50,1.87
2018.11.21 11:16:27.312,1.13888,1.1389,1.00,3.97
2018.11.21 11:16:27.826,1.13887,1.1389,1.50,3.60
2018.11.21 11:16:28.498,1.13888,1.1389,1.00,4.35
2018.11.21 11:16:29.000,1.13887,1.1389,1.87,4.16
2018.11.21 11:16:32.813,1.13888,1.13889,1.00,1.12
2018.11.21 11:16:33.481,1.13887,1.13889,1.50,1.12
2018.11.21 11:16:34.583,1.13886,1.1389,4.95,5.89
2018.11.21 11:16:35.853,1.13887,1.1389,1.00,8.14
2018.11.21 11:16:37.030,1.13886,1.1389,5.14,5.89
2018.11.21 11:16:37.692,1.13887,1.13889,1.00,1.12
2018.11.21 11:16:38.208,1.13886,1.1389,5.14,4.01
2018.11.21 11:16:40.033,1.13887,1.13889,1.50,1.00
2018.11.21 11:16:40.664,1.13887,1.1389,1.69,3.37
2018.11.21 11:16:41.861,1.13887,1.13889,1.50,1.00
2018.11.21 11:16:42.019,1.13886,1.13888,3.00,4.75
2018.11.21 11:16:42.123,1.13886,1.13889,1.50,5.85
2018.11.21 11:16:42.673,1.13886,1.13888,1.50,1.00
2018.11.21 11:16:43.395,1.13887,1.13888,1.50,1.00
2018.11.21 11:16:43.499,1.13887,1.1389,6.41,1.87
2018.11.21 11:16:46.869,1.13887,1.13889,1.10,1.00
2018.11.21 11:16:47.489,1.13886,1.1389,9.86,1.50
2018.11.21 11:16:48.400,1.13888,1.1389,1.00,1.50
2018.11.21 11:16:49.077,1.13888,1.1389,1.69,1.69
2018.11.21 11:16:49.904,1.13886,1.13887,4.95,1.50
2018.11.21 11:16:50.190,1.13884,1.13886,1.00,3.56
2018.11.21 11:16:50.605,1.13883,1.13886,6.37,10.54
2018.11.21 11:16:51.117,1.13883,1.13886,5.62,6.19
2018.11.21 11:16:52.027,1.13883,1.13886,4.12,5.44
2018.11.21 11:16:52.562,1.13883,1.13885,1.87,1.87
2018.11.21 11:16:53.812,1.13883,1.13884,2.62,1.30
2018.11.21 11:16:54.337,1.13882,1.13885,9.37,2.77
2018.11.21 11:16:55.472,1.13882,1.13885,7.12,3.00
2018.11.21 11:16:56.316,1.13882,1.13885,6.37,1.87
2018.11.21 11:16:56.882,1.13884,1.13885,1.00,1.87
2018.11.21 11:16:57.394,1.13884,1.13885,1.00,2.02
2018.11.21 11:16:58.216,1.13884,1.13886,1.87,1.00
2018.11.21 11:16:58.730,1.13883,1.13886,2.62,2.20
2018.11.21 11:16:59.375,1.13883,1.13886,2.62,5.70
2018.11.21 11:17:00.160,1.13883,1.13885,3.37,1.00
2018.11.21 11:17:00.680,1.13883,1.13886,2.62,2.70
2018.11.21 11:17:01.226,1.13883,1.13885,3.37,1.00
2018.11.21 11:17:01.808,1.13883,1.13886,2.62,1.20
2018.11.21 11:17:02.355,1.13883,1.13885,3.37,1.00
2018.11.21 11:17:02.712,1.13888,1.1389,1.37,3.37
2018.11.21 11:17:02.817,1.1389,1.13891,1.31,2.96
2018.11.21 11:17:02.869,1.13888,1.13891,5.25,2.96
2018.11.21 11:17:03.371,1.13888,1.1389,3.94,1.00
2018.11.21 11:17:03.424,1.13889,1.13892,1.00,1.95
2018.11.21 11:17:03.689,1.13888,1.1389,3.94,1.00
2018.11.21 11:17:04.062,1.13889,1.13892,1.00,7.87
2018.11.21 11:17:06.105,1.13889,1.13893,1.57,11.55
2018.11.21 11:17:06.856,1.13889,1.13892,1.57,1.50
2018.11.21 11:17:07.378,1.13889,1.13891,1.50,1.00
2018.11.21 11:17:07.886,1.13888,1.13891,1.00,3.00
2018.11.21 11:17:08.203,1.13889,1.13892,2.62,1.05
2018.11.21 11:17:08.632,1.13891,1.13894,1.00,2.17
2018.11.21 11:17:09.145,1.13892,1.13895,1.00,5.25
2018.11.21 11:17:09.744,1.13891,1.13895,3.37,5.25
2018.11.21 11:17:10.250,1.13892,1.13895,2.25,2.81
2018.11.21 11:17:10.991,1.13892,1.13895,4.69,3.75
2018.11.21 11:17:11.522,1.13892,1.13895,1.50,1.50
2018.11.21 11:17:12.049,1.13892,1.13895,3.94,1.69
2018.11.21 11:17:12.561,1.13892,1.13895,1.50,1.25
2018.11.21 11:17:13.130,1.13892,1.13896,1.50,3.94
2018.11.21 11:17:13.274,1.13894,1.13897,1.00,3.26
2018.11.21 11:17:13.583,1.13896,1.13898,1.00,1.25
2018.11.21 11:17:15.169,1.13897,1.13899,1.00,2.81
2018.11.21 11:17:15.798,1.13897,1.13899,1.00,3.75
2018.11.21 11:17:16.339,1.13897,1.13899,1.00,2.44
2018.11.21 11:17:17.314,1.13897,1.13899,1.00,2.62
2018.11.21 11:17:17.902,1.13897,1.13899,1.00,1.12
2018.11.21 11:17:20.630,1.13897,1.13898,1.00,1.25
2018.11.21 11:17:20.682,1.13895,1.13898,4.87,1.00
2018.11.21 11:17:20.734,1.13895,1.139,2.62,17.55
2018.11.21 11:17:21.268,1.13896,1.139,1.00,8.36
2018.11.21 11:17:21.772,1.13896,1.139,1.00,15.30
2018.11.21 11:17:22.761,1.13896,1.139,1.00,10.80
2018.11.21 11:17:23.294,1.13896,1.139,1.00,11.17
2018.11.21 11:17:24.076,1.13896,1.139,1.00,13.05
2018.11.21 11:17:25.154,1.13896,1.139,1.00,12.30
2018.11.21 11:17:27.393,1.13895,1.13899,3.19,4.12
2018.11.21 11:17:28.356,1.13895,1.13898,1.50,2.47
2018.11.21 11:17:30.489,1.13895,1.13898,1.50,1.35
2018.11.21 11:17:32.122,1.13896,1.13899,1.00,4.20
2018.11.21 11:17:32.843,1.13897,1.13899,1.00,2.25
2018.11.21 11:17:33.053,1.13898,1.13901,1.00,6.26
2018.11.21 11:17:33.380,1.13898,1.139,1.00,1.19
2018.11.21 11:17:33.925,1.13898,1.13901,1.00,7.57
2018.11.21 11:17:34.479,1.13898,1.13901,1.00,7.69
2018.11.21 11:17:35.030,1.13898,1.13901,1.50,7.87
2018.11.21 11:17:35.345,1.13902,1.13903,1.00,6.45
2018.11.21 11:17:35.398,1.13903,1.13904,1.50,2.25
2018.11.21 11:17:36.430,1.13901,1.13905,2.32,6.82
2018.11.21 11:17:37.185,1.13903,1.13905,1.00,3.56
2018.11.21 11:17:37.605,1.13905,1.13906,1.50,1.20
2018.11.21 11:17:37.659,1.13906,1.13908,2.25,1.00
2018.11.21 11:17:38.206,1.13908,1.13911,2.25,1.47
2018.11.21 11:17:38.703,1.13905,1.13908,1.57,1.00
2018.11.21 11:17:39.227,1.13905,1.13909,6.45,2.32
2018.11.21 11:17:39.744,1.13905,1.13909,6.45,1.95
2018.11.21 11:17:41.609,1.13905,1.13909,7.39,1.76
2018.11.21 11:17:43.113,1.13905,1.13907,1.00,1.87
2018.11.21 11:17:43.442,1.13903,1.13906,2.25,5.32
2018.11.21 11:17:43.961,1.13902,1.13905,1.00,5.44
2018.11.21 11:17:44.609,1.13901,1.13905,3.45,3.07
2018.11.21 11:17:45.123,1.13901,1.13904,6.82,1.00
2018.11.21 11:17:46.084,1.13902,1.13904,1.00,1.00
2018.11.21 11:17:46.608,1.13901,1.13905,4.57,1.10
2018.11.21 11:17:49.197,1.13902,1.13905,2.25,3.07
2018.11.21 11:17:49.710,1.13901,1.13905,5.32,2.32
2018.11.21 11:17:50.464,1.13902,1.13905,1.00,3.07
2018.11.21 11:17:51.116,1.13901,1.13905,6.45,3.07
2018.11.21 11:17:52.180,1.13902,1.13904,1.00,1.50
2018.11.21 11:17:52.709,1.13901,1.13904,4.50,2.62
2018.11.21 11:17:53.322,1.13902,1.13904,1.00,4.69
2018.11.21 11:17:53.859,1.13901,1.13904,2.25,2.81
2018.11.21 11:17:54.409,1.13901,1.13904,1.50,1.50
2018.11.21 11:17:54.916,1.13902,1.13905,1.50,2.25
2018.11.21 11:17:55.434,1.13902,1.13905,1.50,1.69
2018.11.21 11:17:55.957,1.13902,1.13905,1.00,1.50
2018.11.21 11:17:56.611,1.13902,1.13905,3.00,3.00
2018.11.21 11:17:57.162,1.13901,1.13905,9.86,2.25
2018.11.21 11:17:58.329,1.13902,1.13905,1.00,1.50
2018.11.21 11:17:58.879,1.13901,1.13904,4.50,1.50
2018.11.21 11:17:59.430,1.13902,1.13904,2.25,1.50
2018.11.21 11:18:00.039,1.13901,1.13905,4.57,4.57
2018.11.21 11:18:00.557,1.13901,1.13905,8.70,4.57
2018.11.21 11:18:01.092,1.13902,1.13904,1.00,2.25
2018.11.21 11:18:01.701,1.13901,1.13905,5.70,4.57
2018.11.21 11:18:02.212,1.13901,1.13904,1.50,1.31
2018.11.21 11:18:03.743,1.13901,1.13904,1.00,1.31
2018.11.21 11:18:04.504,1.13901,1.13904,1.00,2.06
2018.11.21 11:18:05.011,1.13901,1.13904,1.00,1.31
2018.11.21 11:18:06.272,1.13902,1.13904,1.00,1.00
2018.11.21 11:18:08.590,1.13903,1.13905,2.25,1.00
2018.11.21 11:18:08.697,1.13907,1.13909,1.37,1.87
2018.11.21 11:18:09.244,1.13907,1.13909,1.00,2.25
2018.11.21 11:18:09.778,1.13906,1.13909,1.50,1.00
2018.11.21 11:18:12.145,1.13906,1.13909,2.32,1.69
2018.11.21 11:18:12.589,1.13905,1.13907,4.50,1.00
2018.11.21 11:18:12.694,1.13904,1.13905,1.00,2.25
2018.11.21 11:18:13.065,1.13902,1.13903,2.62,1.00
2018.11.21 11:18:13.577,1.13903,1.13905,2.70,1.00
2018.11.21 11:18:13.889,1.13903,1.13906,2.32,3.37
2018.11.21 11:18:14.617,1.13903,1.13905,1.10,1.00
2018.11.21 11:18:15.153,1.13903,1.13906,1.10,1.12
2018.11.21 11:18:15.849,1.13903,1.13905,2.25,1.50
2018.11.21 11:18:18.222,1.13903,1.13907,3.04,5.89
2018.11.21 11:18:18.275,1.13904,1.13907,1.50,3.26
2018.11.21 11:18:18.820,1.13904,1.13906,1.91,1.00
2018.11.21 11:18:21.759,1.13902,1.13904,7.87,1.00
2018.11.21 11:18:24.992,1.13902,1.13904,4.72,1.00
2018.11.21 11:18:25.499,1.13903,1.13904,1.00,1.00
2018.11.21 11:18:26.116,1.13902,1.13904,4.72,1.00
2018.11.21 11:18:26.912,1.13903,1.13904,1.00,1.00
2018.11.21 11:18:27.447,1.13902,1.13904,3.37,1.00
2018.11.21 11:18:27.785,1.13904,1.13907,2.62,5.25
2018.11.21 11:18:27.839,1.13906,1.1391,2.62,3.00
2018.11.21 11:18:27.943,1.13907,1.13909,3.37,1.00
2018.11.21 11:18:28.473,1.13907,1.1391,1.00,2.62
2018.11.21 11:18:28.867,1.13909,1.13911,1.12,1.12
2018.11.21 11:18:29.378,1.13909,1.13912,3.75,2.70
2018.11.21 11:18:29.905,1.13909,1.13913,1.50,4.69
2018.11.21 11:18:30.479,1.13911,1.13913,1.00,5.44
2018.11.21 11:18:32.180,1.13909,1.13912,1.00,3.19
2018.11.21 11:18:32.598,1.13911,1.13914,1.00,1.12
2018.11.21 11:18:33.108,1.13912,1.13913,1.00,1.00
2018.11.21 11:18:33.707,1.13912,1.13914,1.00,1.57
2018.11.21 11:18:34.818,1.13912,1.13913,1.00,1.00
2018.11.21 11:18:35.331,1.13912,1.13914,1.00,1.50
2018.11.21 11:18:36.177,1.13912,1.13915,1.00,4.57
2018.11.21 11:18:36.734,1.13912,1.13914,1.00,1.25
2018.11.21 11:18:37.258,1.13912,1.13915,1.00,5.25
2018.11.21 11:18:37.761,1.13912,1.13914,1.00,1.00
2018.11.21 11:18:38.124,1.13911,1.13912,1.50,1.69
2018.11.21 11:18:38.285,1.13911,1.13914,1.12,5.32
2018.11.21 11:18:38.524,1.13913,1.13916,1.87,3.45
2018.11.21 11:18:38.940,1.13915,1.13917,1.00,2.02
2018.11.21 11:18:39.046,1.13917,1.13919,2.25,1.50
2018.11.21 11:18:39.579,1.13917,1.1392,5.44,1.00
2018.11.21 11:18:40.887,1.13918,1.1392,1.00,2.25
2018.11.21 11:18:41.497,1.13917,1.1392,3.00,1.00
2018.11.21 11:18:42.222,1.13918,1.1392,1.50,2.25
2018.11.21 11:18:42.750,1.13917,1.1392,3.75,3.00
2018.11.21 11:18:44.210,1.13917,1.13919,3.75,1.00
2018.11.21 11:18:44.435,1.13915,1.13919,1.12,2.44
2018.11.21 11:18:45.428,1.13915,1.13919,2.81,4.31
2018.11.21 11:18:45.739,1.13917,1.13918,1.50,1.00
2018.11.21 11:18:46.100,1.13915,1.13919,4.12,1.00
2018.11.21 11:18:46.308,1.13917,1.1392,2.25,5.06
2018.11.21 11:18:46.627,1.1392,1.13922,3.00,1.00
2018.11.21 11:18:46.680,1.1392,1.13924,1.00,9.94
2018.11.21 11:18:49.679,1.13921,1.13924,1.50,1.00
2018.11.21 11:18:50.271,1.13922,1.13924,1.00,1.00
2018.11.21 11:18:50.324,1.13924,1.13925,1.12,5.27
2018.11.21 11:18:50.377,1.13926,1.13927,1.00,9.00
2018.11.21 11:18:50.429,1.13926,1.13929,2.62,1.20
2018.11.21 11:18:50.653,1.13929,1.1393,1.00,1.12
2018.11.21 11:18:50.758,1.13928,1.13932,5.44,2.40
2018.11.21 11:18:50.811,1.13928,1.13931,6.22,1.00
2018.11.21 11:18:51.100,1.13928,1.13931,1.87,2.70
2018.11.21 11:18:51.257,1.13926,1.13928,1.00,1.00
2018.11.21 11:18:51.815,1.13924,1.13925,1.50,1.00
2018.11.21 11:18:51.868,1.13922,1.13925,1.00,2.44
2018.11.21 11:18:53.166,1.13922,1.13923,1.00,1.00
2018.11.21 11:18:53.220,1.13919,1.13921,5.25,1.50
2018.11.21 11:18:53.325,1.13917,1.1392,1.00,2.32
2018.11.21 11:18:53.560,1.13919,1.13922,3.19,1.50
2018.11.21 11:18:54.030,1.1392,1.13923,1.69,1.12
2018.11.21 11:18:54.581,1.13921,1.13925,4.31,1.95
2018.11.21 11:18:55.531,1.13922,1.13925,1.00,2.81
2018.11.21 11:18:56.119,1.13921,1.13925,1.31,1.69
2018.11.21 11:18:56.637,1.13922,1.13925,1.50,1.50
2018.11.21 11:18:56.950,1.13924,1.13925,1.00,1.00
2018.11.21 11:18:57.265,1.13926,1.13927,1.00,1.00
2018.11.21 11:18:57.785,1.13926,1.13928,1.00,1.57
2018.11.21 11:18:59.142,1.13924,1.13926,1.50,2.62
2018.11.21 11:18:59.298,1.13921,1.13925,1.00,3.45
2018.11.21 11:19:00.216,1.13921,1.13923,1.50,1.00
2018.11.21 11:19:02.266,1.13921,1.13925,1.00,4.01
2018.11.21 11:19:03.889,1.13921,1.13925,1.50,4.57
2018.11.21 11:19:04.417,1.13921,1.13925,1.50,4.20
2018.11.21 11:19:05.309,1.13921,1.13924,2.25,1.00
2018.11.21 11:19:05.830,1.13922,1.13925,1.12,1.87
2018.11.21 11:19:06.608,1.13924,1.13927,1.12,2.25
2018.11.21 11:19:07.129,1.13923,1.13926,5.32,1.00
2018.11.21 11:19:07.510,1.13925,1.13928,1.69,1.57
2018.11.21 11:19:08.082,1.13926,1.13928,3.19,1.00
2018.11.21 11:19:10.629,1.13926,1.13928,1.00,1.50
2018.11.21 11:19:11.151,1.13925,1.13927,1.12,1.12
2018.11.21 11:19:11.744,1.13925,1.13927,1.00,1.19
2018.11.21 11:19:13.760,1.13924,1.13925,1.12,1.00
2018.11.21 11:19:13.918,1.13922,1.13924,1.00,1.00
2018.11.21 11:19:14.469,1.13922,1.13925,1.00,3.56
2018.11.21 11:19:14.951,1.13919,1.1392,1.50,1.12
2018.11.21 11:19:15.355,1.13917,1.1392,1.12,2.06
2018.11.21 11:19:15.869,1.13918,1.13919,1.50,1.00
2018.11.21 11:19:16.182,1.1392,1.13922,1.50,1.12
2018.11.21 11:19:16.718,1.13921,1.13922,1.00,1.12
2018.11.21 11:19:17.742,1.1392,1.13922,1.00,1.31
2018.11.21 11:19:17.795,1.13918,1.1392,5.32,1.00
2018.11.21 11:19:18.525,1.13918,1.13919,1.00,1.00
2018.11.21 11:19:19.255,1.13918,1.1392,1.00,2.44
2018.11.21 11:19:24.113,1.13919,1.13922,2.25,5.62
2018.11.21 11:19:24.165,1.1392,1.13923,1.25,3.75
2018.11.21 11:19:24.270,1.13923,1.13924,1.00,1.00
2018.11.21 11:19:24.815,1.13922,1.13925,2.29,1.50
2018.11.21 11:19:25.203,1.13923,1.13927,1.50,4.20
2018.11.21 11:19:25.882,1.13923,1.13926,2.44,4.12
2018.11.21 11:19:26.446,1.13922,1.13926,1.00,5.81
2018.11.21 11:19:31.844,1.13922,1.13925,1.50,1.65
2018.11.21 11:19:32.419,1.13922,1.13925,1.50,2.47
2018.11.21 11:19:33.473,1.13924,1.13928,1.50,6.07
2018.11.21 11:19:33.813,1.13927,1.13929,1.00,2.62
2018.11.21 11:19:33.920,1.13927,1.1393,1.00,1.12
2018.11.21 11:19:34.026,1.13928,1.13932,3.64,4.20
2018.11.21 11:19:34.536,1.13929,1.13933,1.87,2.25
2018.11.21 11:19:35.185,1.1393,1.13933,1.95,1.50
2018.11.21 11:19:35.730,1.13931,1.13934,1.12,3.37
2018.11.21 11:19:37.486,1.1393,1.13933,1.00,1.25
2018.11.21 11:19:38.013,1.13928,1.13932,6.37,1.50
2018.11.21 11:19:38.874,1.13928,1.13931,3.19,1.25
2018.11.21 11:19:39.424,1.13929,1.13932,1.50,1.95
2018.11.21 11:19:41.177,1.13928,1.13931,2.62,1.20
2018.11.21 11:19:41.466,1.13926,1.1393,1.87,9.94
2018.11.21 11:19:41.573,1.13926,1.13928,1.00,1.25
2018.11.21 11:19:41.889,1.13924,1.13925,1.00,1.50
2018.11.21 11:19:42.182,1.13922,1.13925,7.50,1.00
2018.11.21 11:19:42.702,1.13921,1.13924,1.00,1.12
2018.11.21 11:19:42.989,1.1392,1.13922,1.00,1.00
2018.11.21 11:19:44.477,1.13921,1.13923,2.25,1.00
2018.11.21 11:19:44.983,1.13921,1.13925,1.00,2.44
2018.11.21 11:19:46.585,1.13922,1.13925,1.00,3.19
2018.11.21 11:19:49.033,1.13921,1.13925,4.95,2.25
2018.11.21 11:19:49.696,1.13921,1.13923,2.25,1.87
2018.11.21 11:19:49.997,1.13918,1.13921,4.20,1.00
2018.11.21 11:19:50.518,1.13918,1.13921,4.50,1.50
2018.11.21 11:19:51.084,1.13918,1.1392,2.25,1.00
2018.11.21 11:19:51.600,1.13918,1.13921,1.00,3.75
2018.11.21 11:19:52.212,1.13918,1.1392,1.00,1.00
2018.11.21 11:19:52.743,1.13918,1.13921,1.00,3.37
2018.11.21 11:19:53.261,1.13919,1.13921,1.00,2.25
2018.11.21 11:19:53.549,1.13917,1.13921,1.95,2.44
2018.11.21 11:19:54.291,1.13917,1.13921,4.95,9.75
2018.11.21 11:19:55.134,1.13917,1.13921,4.95,6.94
2018.11.21 11:19:55.654,1.13918,1.13921,1.95,1.50
2018.11.21 11:19:58.124,1.13917,1.13921,4.39,2.06
2018.11.21 11:20:01.541,1.13917,1.13921,1.12,2.81
2018.11.21 11:20:03.776,1.13917,1.13921,2.25,8.06
2018.11.21 11:20:04.434,1.13917,1.1392,1.50,1.31
2018.11.21 11:20:05.125,1.13917,1.1392,1.69,4.31
2018.11.21 11:20:06.126,1.13917,1.1392,1.00,2.06
2018.11.21 11:20:07.606,1.13917,1.1392,1.69,6.56
2018.11.21 11:20:07.956,1.13915,1.13916,1.20,1.50
2018.11.21 11:20:08.009,1.13913,1.13916,1.50,4.87
2018.11.21 11:20:08.371,1.13911,1.13915,7.58,1.12
2018.11.21 11:20:13.329,1.13912,1.13915,2.25,1.31
2018.11.21 11:20:13.937,1.13911,1.13915,6.64,1.12
2018.11.21 11:20:15.499,1.13912,1.13915,3.19,1.87
2018.11.21 11:20:15.607,1.13915,1.13917,1.50,3.37
2018.11.21 11:20:16.140,1.13915,1.13918,2.32,1.00
2018.11.21 11:20:16.454,1.13914,1.13917,1.00,2.44
2018.11.21 11:20:16.611,1.13912,1.13915,1.50,1.12
2018.11.21 11:20:17.915,1.13912,1.13916,1.00,2.62
2018.11.21 11:20:18.479,1.13912,1.13916,1.00,3.37
2018.11.21 11:20:19.015,1.13912,1.13914,1.00,1.00
2018.11.21 11:20:26.443,1.13911,1.13913,1.25,1.25
2018.11.21 11:20:26.496,1.13909,1.1391,4.39,1.00
2018.11.21 11:20:26.793,1.13908,1.1391,1.00,1.69
2018.11.21 11:20:27.158,1.1391,1.13912,1.00,7.57
2018.11.21 11:20:27.702,1.13909,1.13911,1.00,1.12
2018.11.21 11:20:37.307,1.13907,1.13911,11.89,2.25
2018.11.21 11:20:38.116,1.13908,1.13911,1.00,4.50
2018.11.21 11:20:38.643,1.13907,1.13911,8.06,7.31
2018.11.21 11:20:39.460,1.13908,1.1391,1.50,1.25
2018.11.21 11:20:40.057,1.13907,1.13911,3.94,7.69
2018.11.21 11:20:41.490,1.13907,1.1391,4.76,1.19
2018.11.21 11:20:42.026,1.13907,1.1391,4.95,1.25
2018.11.21 11:20:46.083,1.13907,1.1391,1.39,2.44
2018.11.21 11:20:47.237,1.13907,1.1391,1.95,1.50
2018.11.21 11:20:58.610,1.13906,1.13909,12.49,1.50
2018.11.21 11:21:01.622,1.13906,1.13909,5.66,1.50
2018.11.21 11:21:02.139,1.13906,1.13909,5.29,1.50
2018.11.21 11:21:02.872,1.13906,1.13909,4.54,1.50
2018.11.21 11:21:03.582,1.13907,1.13909,1.00,2.25
2018.11.21 11:21:04.137,1.13906,1.13909,4.54,1.50
2018.11.21 11:21:04.645,1.13906,1.13908,4.54,1.00
2018.11.21 11:21:05.343,1.13906,1.13909,4.54,1.50
2018.11.21 11:21:07.450,1.13906,1.13908,2.81,1.00
2018.11.21 11:21:08.660,1.13906,1.13909,2.06,1.50
2018.11.21 11:21:12.385,1.13906,1.13909,5.81,1.27
2018.11.21 11:21:14.640,1.13906,1.1391,5.66,3.22
2018.11.21 11:21:14.693,1.13909,1.13912,2.85,2.47
2018.11.21 11:21:14.799,1.13908,1.13912,4.39,13.35
2018.11.21 11:21:15.324,1.13908,1.13912,3.75,8.58
2018.11.21 11:21:15.916,1.13907,1.13912,7.39,5.59
2018.11.21 11:21:16.657,1.13907,1.13911,2.44,6.00
2018.11.21 11:21:18.862,1.13906,1.13909,3.00,2.25
2018.11.21 11:21:19.599,1.13906,1.13909,1.69,3.19
2018.11.21 11:21:20.213,1.13906,1.13909,1.00,1.00
2018.11.21 11:21:20.823,1.13905,1.13909,7.61,1.00
2018.11.21 11:21:22.388,1.13906,1.13909,1.00,1.25
2018.11.21 11:21:23.013,1.13906,1.13909,1.69,1.19
2018.11.21 11:21:24.222,1.13906,1.13909,1.87,1.00
2018.11.21 11:21:24.762,1.13907,1.1391,4.50,4.31
2018.11.21 11:21:25.327,1.13906,1.1391,4.57,2.62
2018.11.21 11:21:26.610,1.13906,1.1391,6.26,2.62
2018.11.21 11:21:28.375,1.13907,1.13911,3.07,7.87
2018.11.21 11:21:28.882,1.13908,1.13911,3.00,5.14
2018.11.21 11:21:29.408,1.13907,1.13909,1.12,1.00
2018.11.21 11:21:29.953,1.13907,1.1391,1.12,1.50
2018.11.21 11:21:32.855,1.13907,1.13909,1.87,1.00
2018.11.21 11:21:34.707,1.13907,1.1391,1.12,1.50
2018.11.21 11:21:44.293,1.13907,1.13909,1.87,1.00
2018.11.21 11:21:44.666,1.13906,1.13907,1.95,3.19
2018.11.21 11:21:44.722,1.13904,1.13905,1.00,1.00
2018.11.21 11:21:44.780,1.13904,1.13907,3.75,1.00
2018.11.21 11:21:45.165,1.13906,1.13908,1.25,1.31
2018.11.21 11:21:45.707,1.13905,1.13909,3.37,3.75
2018.11.21 11:21:46.225,1.13906,1.13909,1.87,1.00
2018.11.21 11:21:46.741,1.13907,1.13909,1.00,1.50
2018.11.21 11:21:47.404,1.13906,1.13909,3.37,1.07
2018.11.21 11:21:48.353,1.13906,1.13909,4.87,2.32
2018.11.21 11:21:49.105,1.13906,1.13909,2.06,1.57
2018.11.21 11:21:49.936,1.13906,1.13909,6.00,1.07
2018.11.21 11:21:50.456,1.13906,1.1391,3.56,2.32
2018.11.21 11:21:53.558,1.13906,1.13909,4.87,6.49
2018.11.21 11:21:54.068,1.13905,1.13908,3.00,2.14
2018.11.21 11:21:54.652,1.13906,1.13908,1.00,1.20
2018.11.21 11:21:55.162,1.13905,1.13908,2.81,1.20
2018.11.21 11:21:56.967,1.13906,1.13909,1.00,1.07
2018.11.21 11:21:58.133,1.13906,1.13907,1.00,1.00
2018.11.21 11:21:58.667,1.13905,1.13907,1.12,1.00
2018.11.21 11:21:59.241,1.13905,1.13908,1.12,1.10
2018.11.21 11:21:59.770,1.13906,1.13908,1.00,1.01
2018.11.21 11:22:02.606,1.13906,1.13908,2.25,1.07
2018.11.21 11:22:03.158,1.13906,1.13908,1.20,1.10
2018.11.21 11:22:04.046,1.13907,1.13908,1.00,1.10
2018.11.21 11:22:04.380,1.13909,1.1391,1.00,1.00
2018.11.21 11:22:04.485,1.1391,1.13912,5.44,1.00
2018.11.21 11:22:04.539,1.13911,1.13914,1.00,4.69
2018.11.21 11:22:05.045,1.13912,1.13915,1.12,3.75
2018.11.21 11:22:05.611,1.13911,1.13915,1.00,3.75
2018.11.21 11:22:06.971,1.13914,1.13916,1.69,1.50
2018.11.21 11:22:07.143,1.13915,1.13918,2.44,2.25
2018.11.21 11:22:07.648,1.13916,1.13919,1.00,3.00
2018.11.21 11:22:08.723,1.13916,1.13918,1.00,1.00
2018.11.21 11:22:09.224,1.13916,1.13919,1.12,1.00
2018.11.21 11:22:11.778,1.13917,1.13919,1.00,1.00
2018.11.21 11:22:12.192,1.13918,1.13921,5.44,7.12
2018.11.21 11:22:12.321,1.1392,1.13923,3.56,1.00
2018.11.21 11:22:12.426,1.13921,1.13924,1.62,1.50
2018.11.21 11:22:17.568,1.1392,1.13921,1.00,1.00
2018.11.21 11:22:17.673,1.13918,1.13921,3.75,3.00
2018.11.21 11:22:17.934,1.13919,1.13923,4.69,2.70
2018.11.21 11:22:18.279,1.13919,1.13922,2.25,5.25
2018.11.21 11:22:18.799,1.13918,1.13922,6.64,2.44
2018.11.21 11:22:19.302,1.13918,1.1392,2.25,1.00
2018.11.21 11:22:19.806,1.13918,1.13921,1.50,2.06
2018.11.21 11:22:20.143,1.13916,1.13919,1.25,1.25
2018.11.21 11:22:21.254,1.13917,1.13919,1.50,1.00
2018.11.21 11:22:21.757,1.13916,1.13919,1.69,1.00
2018.11.21 11:22:22.333,1.13917,1.13919,1.00,1.00
2018.11.21 11:22:23.046,1.13916,1.13919,2.44,1.00
2018.11.21 11:22:23.584,1.13915,1.13918,1.00,1.25
2018.11.21 11:22:25.106,1.13915,1.13918,1.00,1.69
2018.11.21 11:22:25.635,1.13915,1.13918,1.20,1.25
2018.11.21 11:22:26.153,1.13915,1.13918,3.26,1.25
2018.11.21 11:22:26.675,1.13915,1.13918,1.76,1.25
2018.11.21 11:22:28.091,1.13915,1.13917,1.12,1.25
2018.11.21 11:22:28.196,1.13913,1.13916,2.25,2.25
2018.11.21 11:22:28.730,1.13913,1.13915,1.00,1.12
2018.11.21 11:22:29.306,1.13912,1.13916,4.87,2.44
2018.11.21 11:22:29.831,1.13913,1.13916,1.25,3.56
2018.11.21 11:22:30.333,1.13912,1.13916,3.19,5.06
2018.11.21 11:22:30.996,1.13913,1.13916,1.00,4.69
2018.11.21 11:22:31.532,1.13912,1.13916,5.62,2.44
2018.11.21 11:22:32.063,1.13913,1.13916,1.50,3.94
2018.11.21 11:22:32.220,1.13915,1.13917,1.25,1.95
2018.11.21 11:22:32.435,1.1392,1.13924,6.75,3.19
2018.11.21 11:22:32.976,1.13921,1.13924,2.25,1.69
2018.11.21 11:22:33.734,1.13924,1.13925,1.00,2.25
2018.11.21 11:22:33.902,1.13925,1.13928,1.87,1.10
2018.11.21 11:22:33.961,1.13924,1.13926,1.20,1.50
2018.11.21 11:22:34.322,1.13926,1.13928,1.12,1.87
2018.11.21 11:22:34.741,1.13924,1.13928,1.12,4.12
2018.11.21 11:22:35.531,1.13924,1.13927,2.62,1.00
2018.11.21 11:22:36.075,1.13924,1.13928,1.12,2.66
2018.11.21 11:22:36.728,1.13924,1.13927,1.12,1.50
2018.11.21 11:22:36.935,1.13922,1.13926,5.14,2.25
2018.11.21 11:22:37.316,1.13923,1.13925,1.25,1.31
2018.11.21 11:22:37.900,1.13922,1.13925,1.69,1.31
2018.11.21 11:22:38.497,1.13922,1.13924,1.00,1.00
2018.11.21 11:22:39.136,1.13922,1.13925,1.00,1.31
2018.11.21 11:22:42.806,1.1392,1.13923,1.12,1.87
2018.11.21 11:22:43.336,1.1392,1.13924,5.06,5.81
2018.11.21 11:22:43.980,1.13921,1.13924,2.25,7.12
2018.11.21 11:22:44.598,1.13923,1.13925,1.25,3.75
2018.11.21 11:22:44.706,1.13926,1.13929,1.50,3.00
2018.11.21 11:22:45.040,1.13939,1.13945,1.50,4.20
2018.11.21 11:22:45.398,1.13967,1.13969,1.35,2.70
2018.11.21 11:22:45.811,1.13973,1.13975,1.12,1.19
2018.11.21 11:22:45.917,1.14002,1.14005,1.00,3.00
2018.11.21 11:22:45.973,1.14003,1.14005,1.69,2.62
2018.11.21 11:22:46.278,1.14028,1.1403,1.00,1.00
2018.11.21 11:22:46.330,1.14032,1.14033,1.00,2.25
2018.11.21 11:22:46.384,1.14033,1.14035,1.50,2.38
2018.11.21 11:22:46.755,1.14034,1.14038,2.44,1.00
2018.11.21 11:22:46.984,1.14033,1.14034,1.25,1.00
2018.11.21 11:22:47.062,1.14031,1.14033,1.25,1.37
2018.11.21 11:22:47.115,1.14035,1.14037,1.19,1.12
2018.11.21 11:22:47.218,1.14034,1.14038,1.00,1.50
2018.11.21 11:22:47.385,1.14031,1.14032,1.87,1.00
2018.11.21 11:22:47.438,1.14031,1.14034,1.00,1.00
2018.11.21 11:22:47.494,1.14028,1.1403,1.00,3.94
2018.11.21 11:22:47.547,1.14024,1.14028,1.50,1.31
2018.11.21 11:22:47.599,1.14028,1.14029,1.00,1.00
2018.11.21 11:22:47.833,1.1403,1.14033,1.00,1.00
2018.11.21 11:22:47.938,1.1403,1.14032,1.00,3.94
2018.11.21 11:22:47.992,1.14028,1.1403,1.50,1.25
2018.11.21 11:22:48.141,1.14027,1.1403,1.00,1.25
2018.11.21 11:22:48.195,1.14049,1.14051,1.25,2.25
2018.11.21 11:22:48.499,1.14042,1.14047,1.50,5.79
2018.11.21 11:22:48.816,1.14044,1.14047,3.94,1.87
2018.11.21 11:22:48.870,1.14047,1.14048,1.25,1.00
2018.11.21 11:22:48.924,1.1405,1.14051,1.99,3.00
2018.11.21 11:22:49.206,1.14044,1.14048,1.12,2.06
2018.11.21 11:22:49.258,1.14042,1.14044,1.00,1.00
2018.11.21 11:22:49.415,1.14039,1.14042,3.19,1.00
2018.11.21 11:22:49.595,1.14044,1.14049,1.00,1.00
2018.11.21 11:22:49.702,1.14048,1.14052,1.00,1.87
2018.11.21 11:22:49.811,1.14054,1.14055,1.00,1.12
2018.11.21 11:22:49.936,1.14054,1.14056,1.00,1.00
2018.11.21 11:22:49.988,1.14046,1.14049,1.12,2.06
2018.11.21 11:22:50.148,1.14041,1.14045,1.00,1.25
2018.11.21 11:22:50.226,1.14044,1.14046,1.19,1.00
2018.11.21 11:22:50.343,1.14045,1.14049,1.25,3.00
2018.11.21 11:22:50.535,1.14045,1.1405,1.69,1.00
2018.11.21 11:22:50.785,1.14049,1.14052,1.00,1.12
2018.11.21 11:22:51.120,1.14045,1.14047,1.87,3.37
2018.11.21 11:22:51.364,1.14044,1.14045,1.00,1.25
2018.11.21 11:22:51.417,1.1404,1.14043,2.25,1.00
2018.11.21 11:22:51.471,1.1404,1.14041,1.50,1.87
2018.11.21 11:22:51.628,1.14038,1.1404,1.50,1.00
2018.11.21 11:22:51.797,1.14038,1.14042,1.00,2.63
2018.11.21 11:22:51.850,1.14039,1.14041,1.00,1.69
2018.11.21 11:22:52.107,1.14035,1.1404,2.81,1.69
2018.11.21 11:22:52.159,1.14034,1.14037,1.50,1.00
2018.11.21 11:22:52.407,1.14032,1.14038,1.50,1.68
2018.11.21 11:22:52.459,1.14034,1.14038,1.00,1.68
2018.11.21 11:22:52.716,1.14012,1.14016,3.00,2.51
2018.11.21 11:22:52.769,1.14014,1.14016,1.00,1.95
2018.11.21 11:22:53.094,1.14017,1.14021,1.50,1.74
2018.11.21 11:22:53.146,1.14017,1.14022,1.00,1.00
2018.11.21 11:22:53.433,1.14021,1.14023,1.00,1.00
2018.11.21 11:22:53.540,1.14023,1.14026,1.00,1.00
2018.11.21 11:22:53.593,1.14023,1.14028,1.00,1.50
2018.11.21 11:22:53.969,1.14031,1.14035,1.00,1.87
2018.11.21 11:22:54.124,1.14029,1.14033,1.25,1.50
2018.11.21 11:22:54.176,1.14029,1.14031,2.25,1.19
2018.11.21 11:22:54.228,1.14025,1.1403,2.25,1.25
2018.11.21 11:22:54.405,1.14024,1.14028,1.50,1.69
2018.11.21 11:22:54.510,1.14025,1.14029,1.00,1.00
2018.11.21 11:22:54.563,1.14031,1.14032,1.00,1.00
2018.11.21 11:22:54.721,1.1401,1.14015,2.25,1.12
2018.11.21 11:22:54.887,1.14005,1.14007,1.00,1.50
2018.11.21 11:22:54.991,1.14006,1.14008,1.00,1.00
2018.11.21 11:22:55.043,1.14005,1.14009,2.62,1.00
2018.11.21 11:22:55.096,1.14005,1.14009,1.50,2.62
2018.11.21 11:22:55.148,1.14003,1.14006,3.00,1.00
2018.11.21 11:22:55.202,1.14003,1.14004,1.50,2.44
2018.11.21 11:22:55.343,1.1401,1.14012,3.00,1.69
2018.11.21 11:22:55.396,1.14011,1.14014,1.69,1.00
2018.11.21 11:22:55.553,1.14013,1.14019,1.25,1.00
2018.11.21 11:22:55.607,1.14016,1.1402,1.31,2.25
2018.11.21 11:22:55.843,1.14017,1.14024,1.19,1.74
2018.11.21 11:22:55.946,1.14018,1.14024,1.25,2.25
2018.11.21 11:22:56.001,1.14016,1.14024,1.69,1.00
2018.11.21 11:22:56.054,1.14014,1.14022,3.19,2.43
2018.11.21 11:22:56.158,1.14015,1.14022,1.19,5.25
2018.11.21 11:22:56.210,1.14019,1.14022,1.25,1.87
2018.11.21 11:22:56.436,1.14023,1.14028,1.25,1.69
2018.11.21 11:22:56.488,1.14021,1.14027,1.00,2.62
2018.11.21 11:22:56.793,1.14026,1.14037,3.75,1.00
2018.11.21 11:22:57.107,1.14025,1.14028,1.00,1.00
2018.11.21 11:22:57.409,1.14016,1.14019,2.25,1.00
2018.11.21 11:22:57.780,1.14019,1.14023,6.19,1.00
2018.11.21 11:22:58.095,1.14012,1.14015,2.81,1.00
2018.11.21 11:22:58.149,1.14012,1.14016,1.00,1.00
2018.11.21 11:22:58.290,1.14014,1.14017,1.25,1.20
2018.11.21 11:22:58.343,1.14014,1.1402,3.94,1.00
2018.11.21 11:22:58.396,1.14021,1.14022,1.00,1.57
2018.11.21 11:22:58.792,1.14026,1.14036,4.93,1.00
2018.11.21 11:22:58.848,1.14029,1.14031,1.00,1.00
2018.11.21 11:22:58.901,1.14034,1.14035,1.00,1.69
2018.11.21 11:22:58.953,1.14038,1.14042,1.19,1.00
2018.11.21 11:22:59.007,1.1404,1.14044,1.25,1.50
2018.11.21 11:22:59.061,1.1404,1.14044,1.00,1.45
2018.11.21 11:22:59.298,1.14044,1.14049,3.94,1.00
2018.11.21 11:22:59.455,1.14045,1.14052,3.56,3.75
2018.11.21 11:22:59.508,1.14052,1.14057,1.19,8.63
2018.11.21 11:22:59.860,1.14059,1.14061,1.19,1.87
2018.11.21 11:22:59.912,1.14058,1.1406,1.00,1.50
2018.11.21 11:23:00.052,1.14053,1.14057,2.06,4.87
2018.11.21 11:23:00.157,1.14056,1.1406,1.50,1.00
2018.11.21 11:23:00.209,1.14058,1.14061,1.00,1.00
2018.11.21 11:23:00.314,1.14055,1.14061,1.31,1.87
2018.11.21 11:23:00.686,1.14053,1.14057,1.88,1.50
2018.11.21 11:23:00.988,1.14064,1.14066,1.29,1.62
2018.11.21 11:23:01.197,1.1406,1.14063,2.50,1.09
2018.11.21 11:23:01.309,1.14058,1.14062,1.00,3.37
2018.11.21 11:23:01.380,1.14064,1.14067,2.44,1.87
2018.11.21 11:23:01.433,1.14068,1.14073,1.00,1.20
2018.11.21 11:23:01.484,1.14068,1.1407,2.25,1.00
2018.11.21 11:23:01.545,1.14072,1.14075,1.87,3.75
2018.11.21 11:23:01.597,1.14074,1.1408,1.50,3.00
2018.11.21 11:23:01.649,1.14074,1.14081,1.50,4.87
2018.11.21 11:23:01.786,1.14073,1.14078,1.00,1.00
2018.11.21 11:23:02.208,1.1407,1.14074,1.00,1.62
2018.11.21 11:23:02.312,1.14073,1.14079,3.56,1.00
2018.11.21 11:23:02.374,1.14078,1.1408,1.25,1.00
2018.11.21 11:23:02.481,1.14073,1.14079,2.81,1.00
2018.11.21 11:23:02.711,1.14072,1.14077,1.00,3.00
2018.11.21 11:23:02.764,1.1407,1.14075,1.25,1.00
2018.11.21 11:23:02.921,1.1407,1.14075,2.08,1.00
2018.11.21 11:23:02.974,1.14075,1.14081,1.00,1.25
2018.11.21 11:23:03.356,1.14076,1.14078,1.14,2.12
2018.11.21 11:23:03.409,1.14082,1.14085,1.00,1.00
2018.11.21 11:23:03.461,1.14084,1.14086,1.00,1.00
2018.11.21 11:23:03.514,1.14084,1.14087,1.89,1.12
2018.11.21 11:23:03.630,1.14087,1.14089,2.25,1.00
2018.11.21 11:23:03.682,1.14083,1.14086,5.44,1.00
2018.11.21 11:23:03.889,1.14085,1.14091,1.00,1.69
2018.11.21 11:23:03.941,1.14084,1.14089,1.50,1.19
2018.11.21 11:23:04.287,1.14064,1.14065,1.31,1.12
2018.11.21 11:23:04.339,1.14063,1.14067,2.25,1.81
2018.11.21 11:23:04.391,1.14059,1.14065,1.00,1.46
2018.11.21 11:23:04.602,1.14059,1.14061,1.00,1.31
2018.11.21 11:23:04.654,1.14057,1.1406,1.12,1.25
2018.11.21 11:23:04.759,1.14058,1.14061,1.87,3.71
2018.11.21 11:23:04.811,1.14057,1.14065,3.56,2.06
2018.11.21 11:23:04.863,1.14061,1.14065,1.19,1.50
2018.11.21 11:23:04.915,1.14063,1.14067,1.00,1.01
2018.11.21 11:23:04.967,1.1406,1.14063,2.81,2.44
2018.11.21 11:23:05.133,1.14057,1.14066,5.06,2.03
2018.11.21 11:23:05.237,1.14057,1.14061,1.50,1.25
2018.11.21 11:23:05.565,1.14056,1.14061,1.95,2.44
2018.11.21 11:23:05.618,1.14055,1.14061,2.06,5.89
2018.11.21 11:23:05.927,1.14055,1.14062,1.12,6.64
2018.11.21 11:23:06.033,1.14059,1.14062,1.00,1.57
2018.11.21 11:23:06.317,1.14054,1.14058,1.50,1.25
2018.11.21 11:23:06.371,1.14052,1.14056,1.20,1.39
2018.11.21 11:23:06.425,1.1405,1.14055,1.50,1.00
2018.11.21 11:23:06.478,1.14048,1.14054,2.25,1.69
2018.11.21 11:23:06.826,1.14046,1.1405,1.00,3.19
2018.11.21 11:23:06.879,1.14044,1.14048,1.69,1.12
2018.11.21 11:23:07.184,1.14041,1.14047,2.25,9.37
2018.11.21 11:23:07.238,1.1404,1.14044,1.00,1.19
2018.11.21 11:23:07.343,1.14037,1.14041,1.00,1.69
2018.11.21 11:23:07.450,1.14034,1.1404,1.25,2.25
2018.11.21 11:23:07.817,1.14033,1.14036,1.00,1.69
2018.11.21 11:23:08.221,1.14037,1.14042,1.95,1.12
2018.11.21 11:23:08.274,1.14037,1.14041,1.50,2.81
2018.11.21 11:23:08.328,1.14034,1.14041,1.69,4.31
2018.11.21 11:23:08.382,1.14032,1.14039,5.62,2.25
2018.11.21 11:23:08.487,1.14033,1.14038,4.31,1.00
2018.11.21 11:23:08.643,1.14031,1.14037,1.37,1.69
2018.11.21 11:23:08.697,1.14029,1.14034,1.00,1.00
2018.11.21 11:23:09.034,1.14027,1.14032,1.87,1.19
2018.11.21 11:23:09.247,1.14034,1.1404,3.56,1.50
2018.11.21 11:23:09.398,1.14031,1.14036,1.29,1.00
2018.11.21 11:23:09.716,1.14034,1.14041,5.06,3.94
2018.11.21 11:23:09.980,1.14035,1.14041,2.51,1.25
2018.11.21 11:23:10.095,1.14038,1.14042,1.19,2.25
2018.11.21 11:23:10.313,1.14044,1.14052,3.37,4.87
2018.11.21 11:23:10.487,1.14044,1.14046,1.20,1.25
2018.11.21 11:23:10.593,1.14042,1.14047,2.14,1.25
2018.11.21 11:23:10.750,1.1404,1.14048,3.07,5.44
2018.11.21 11:23:11.022,1.14039,1.14044,2.14,1.12
2018.11.21 11:23:11.340,1.14035,1.1404,1.25,1.50
2018.11.21 11:23:12.029,1.14039,1.14042,1.69,3.37
2018.11.21 11:23:12.314,1.14033,1.14039,3.75,4.69
2018.11.21 11:23:12.366,1.14033,1.14037,1.00,3.56
2018.11.21 11:23:12.418,1.14031,1.14035,4.39,1.25
2018.11.21 11:23:12.645,1.14031,1.14034,1.25,2.62
2018.11.21 11:23:12.837,1.14028,1.14032,1.50,1.00
2018.11.21 11:23:12.891,1.14027,1.14029,1.20,2.06
2018.11.21 11:23:12.944,1.14024,1.14029,6.64,1.00
2018.11.21 11:23:13.476,1.14024,1.1403,3.45,1.31
2018.11.21 11:23:13.832,1.14024,1.14029,1.95,2.06
2018.11.21 11:23:13.886,1.14023,1.14029,3.64,1.25
2018.11.21 11:23:13.992,1.14023,1.14026,1.00,1.25
2018.11.21 11:23:14.098,1.14019,1.14026,5.14,3.94
2018.11.21 11:23:14.152,1.1402,1.14026,1.39,3.19
2018.11.21 11:23:14.480,1.14022,1.14025,1.00,1.12
2018.11.21 11:23:14.535,1.1402,1.14025,2.89,1.00
2018.11.21 11:23:14.589,1.14019,1.14024,3.64,2.25
2018.11.21 11:23:14.696,1.14018,1.14023,1.50,1.12
2018.11.21 11:23:14.750,1.14018,1.14021,1.00,1.50
2018.11.21 11:23:14.855,1.14015,1.1402,1.39,1.12
2018.11.21 11:23:15.156,1.14013,1.14016,1.45,1.19
2018.11.21 11:23:15.213,1.14012,1.14018,2.06,3.00
2018.11.21 11:23:15.267,1.14018,1.1402,1.69,2.25
2018.11.21 11:23:15.322,1.14018,1.14021,1.00,1.50
2018.11.21 11:23:15.566,1.14016,1.14021,1.00,3.00
2018.11.21 11:23:15.986,1.14014,1.14019,1.20,1.25
2018.11.21 11:23:16.038,1.14012,1.14019,2.06,1.69
2018.11.21 11:23:16.175,1.14013,1.14018,2.25,1.69
2018.11.21 11:23:16.279,1.14009,1.14016,5.89,2.63
2018.11.21 11:23:16.698,1.14009,1.1401,1.00,1.50
2018.11.21 11:23:16.834,1.13998,1.14,1.87,1.25
2018.11.21 11:23:16.886,1.14,1.14001,1.50,1.50
2018.11.21 11:23:17.045,1.14005,1.14013,4.31,3.37
2018.11.21 11:23:17.244,1.14014,1.14016,1.69,1.12
2018.11.21 11:23:17.298,1.14006,1.14009,1.50,1.62
2018.11.21 11:23:17.361,1.14008,1.14009,1.12,1.50
2018.11.21 11:23:17.522,1.14018,1.14021,1.19,5.25
2018.11.21 11:23:17.576,1.14016,1.14018,2.44,1.00
2018.11.21 11:23:17.629,1.14013,1.14017,2.62,1.25
2018.11.21 11:23:17.819,1.14015,1.14017,1.00,1.95
2018.11.21 11:23:17.872,1.14014,1.14021,2.44,8.63
2018.11.21 11:23:17.977,1.1402,1.14021,1.12,5.44
2018.11.21 11:23:18.082,1.14016,1.14021,1.39,1.87
2018.11.21 11:23:18.329,1.14016,1.14021,3.56,1.50
2018.11.21 11:23:18.435,1.14018,1.14023,1.69,1.00
2018.11.21 11:23:18.594,1.14021,1.14026,1.00,2.81
2018.11.21 11:23:18.648,1.14019,1.14026,1.69,1.69
2018.11.21 11:23:18.975,1.14019,1.14025,1.69,3.56
2018.11.21 11:23:19.430,1.14018,1.14021,1.00,1.25
2018.11.21 11:23:19.586,1.14015,1.14022,2.81,6.26
2018.11.21 11:23:19.796,1.14016,1.14019,1.00,1.19
2018.11.21 11:23:20.034,1.14011,1.14017,1.50,6.94
2018.11.21 11:23:20.141,1.1401,1.14013,1.00,1.12
2018.11.21 11:23:20.746,1.1401,1.14015,1.69,2.06
2018.11.21 11:23:21.062,1.14019,1.14025,1.25,2.25
2018.11.21 11:23:21.116,1.14018,1.14021,1.12,1.00
2018.11.21 11:23:21.277,1.14016,1.14018,1.00,1.12
2018.11.21 11:23:21.417,1.14015,1.14021,2.81,3.25
2018.11.21 11:23:21.884,1.14022,1.14023,2.25,6.00
2018.11.21 11:23:22.130,1.14045,1.14051,5.06,1.95
2018.11.21 11:23:22.288,1.14044,1.14049,1.69,1.00
2018.11.21 11:23:22.470,1.14044,1.14051,2.44,1.10
2018.11.21 11:23:22.626,1.14044,1.14048,1.00,1.00
2018.11.21 11:23:22.745,1.1404,1.14046,1.19,6.75
2018.11.21 11:23:22.799,1.14043,1.14047,1.00,1.50
2018.11.21 11:23:22.906,1.14045,1.1405,1.00,1.12
2018.11.21 11:23:23.019,1.14047,1.1405,1.00,1.50
2018.11.21 11:23:23.126,1.1405,1.14056,1.69,2.47
2018.11.21 11:23:23.180,1.14053,1.14058,1.37,1.12
2018.11.21 11:23:23.237,1.14051,1.14057,5.62,1.50
2018.11.21 11:23:23.344,1.14051,1.14056,1.00,1.12
2018.11.21 11:23:23.671,1.1405,1.14052,2.62,1.50
2018.11.21 11:23:23.777,1.14053,1.14056,1.00,1.00
2018.11.21 11:23:23.830,1.14055,1.14057,1.25,1.00
2018.11.21 11:23:24.022,1.14055,1.1406,2.06,1.87
2018.11.21 11:23:24.076,1.14058,1.14061,3.00,1.00
2018.11.21 11:23:24.463,1.14056,1.14058,1.00,2.06
2018.11.21 11:23:24.517,1.14057,1.1406,1.00,1.00
2018.11.21 11:23:24.624,1.14054,1.14058,1.00,2.44
2018.11.21 11:23:24.677,1.14049,1.14057,3.56,2.51
2018.11.21 11:23:24.887,1.14048,1.14052,3.45,1.19
2018.11.21 11:23:25.090,1.14037,1.14044,4.58,2.62
2018.11.21 11:23:25.197,1.14043,1.14048,2.06,4.20
2018.11.21 11:23:25.302,1.14042,1.1405,1.31,3.94
2018.11.21 11:23:25.791,1.14044,1.14047,1.00,1.00
2018.11.21 11:23:25.895,1.14041,1.14046,1.12,1.50
2018.11.21 11:23:25.948,1.14039,1.14044,3.00,1.31
2018.11.21 11:23:26.075,1.14036,1.14044,1.10,2.25
2018.11.21 11:23:26.391,1.14035,1.1404,1.25,1.00
2018.11.21 11:23:27.308,1.14034,1.1404,3.26,1.00
2018.11.21 11:23:27.646,1.14035,1.14042,2.81,1.50
2018.11.21 11:23:27.700,1.14038,1.14042,1.25,1.50
2018.11.21 11:23:28.138,1.14041,1.14045,1.00,2.25
2018.11.21 11:23:28.245,1.14039,1.14043,1.50,1.12
2018.11.21 11:23:28.453,1.14043,1.14045,1.31,5.25
2018.11.21 11:23:28.739,1.14043,1.1405,2.06,3.94
2018.11.21 11:23:29.000,1.14043,1.14048,1.00,5.06
2018.11.21 11:23:29.053,1.14041,1.14046,1.00,2.06
2018.11.21 11:23:29.209,1.14039,1.14045,1.31,1.50
2018.11.21 11:23:29.311,1.14038,1.14041,6.45,1.25
2018.11.21 11:23:29.421,1.14031,1.14036,1.12,1.12
2018.11.21 11:23:29.474,1.14029,1.14035,2.62,1.31
2018.11.21 11:23:29.527,1.14026,1.14032,1.50,2.06
2018.11.21 11:23:29.884,1.14024,1.14031,1.00,5.06
2018.11.21 11:23:30.042,1.14023,1.14026,1.00,1.31
2018.11.21 11:23:30.095,1.14023,1.14026,1.00,1.12
2018.11.21 11:23:30.199,1.14023,1.14028,1.50,1.50
2018.11.21 11:23:30.713,1.14028,1.14032,1.50,1.87
2018.11.21 11:23:30.971,1.14031,1.14035,1.00,3.56
2018.11.21 11:23:31.079,1.14028,1.14034,1.39,2.81
2018.11.21 11:23:31.131,1.14025,1.14027,4.50,1.25
2018.11.21 11:23:31.184,1.14023,1.14026,3.00,3.56
2018.11.21 11:23:31.237,1.14018,1.14025,5.06,1.25
2018.11.21 11:23:31.430,1.14024,1.14027,1.00,2.62
2018.11.21 11:23:31.482,1.14019,1.14026,1.69,2.44
2018.11.21 11:23:31.846,1.1402,1.14026,2.81,1.12
2018.11.21 11:23:32.075,1.1402,1.14027,1.87,9.19
2018.11.21 11:23:32.179,1.14018,1.14022,5.25,3.56
2018.11.21 11:23:32.233,1.14015,1.14022,1.19,8.51
2018.11.21 11:23:32.287,1.14013,1.14015,1.00,1.00
2018.11.21 11:23:32.341,1.14013,1.14017,1.69,1.00
2018.11.21 11:23:32.395,1.14015,1.14019,1.25,4.12
2018.11.21 11:23:32.529,1.14019,1.14025,1.25,1.50
2018.11.21 11:23:32.737,1.14021,1.14026,1.12,1.87
2018.11.21 11:23:33.381,1.14021,1.14025,1.12,1.00
2018.11.21 11:23:33.782,1.14023,1.14027,2.62,4.12
2018.11.21 11:23:34.096,1.14019,1.14025,2.44,1.25
2018.11.21 11:23:34.389,1.14018,1.14021,1.00,8.44
2018.11.21 11:23:34.443,1.14014,1.14021,3.37,3.94
2018.11.21 11:23:34.497,1.14013,1.1402,2.06,1.69
2018.11.21 11:23:34.808,1.14018,1.14021,1.31,1.00
2018.11.21 11:23:34.936,1.14018,1.14024,4.31,1.25
2018.11.21 11:23:35.042,1.14021,1.14026,2.06,1.12
2018.11.21 11:23:35.096,1.14021,1.14025,1.50,2.06
2018.11.21 11:23:35.150,1.14018,1.14024,3.82,4.88
2018.11.21 11:23:35.498,1.14018,1.14021,1.00,2.44
2018.11.21 11:23:35.551,1.14015,1.14021,4.13,1.19
2018.11.21 11:23:35.604,1.14018,1.14023,2.44,4.50
2018.11.21 11:23:35.765,1.14019,1.14024,1.25,1.00
2018.11.21 11:23:35.818,1.14022,1.14025,1.87,1.00
2018.11.21 11:23:35.871,1.14022,1.14027,1.87,1.69
2018.11.21 11:23:35.924,1.14023,1.14029,5.63,3.19
2018.11.21 11:23:36.436,1.14024,1.14029,1.12,1.25
2018.11.21 11:23:36.542,1.14025,1.1403,3.37,1.69
2018.11.21 11:23:36.876,1.14028,1.1403,1.00,1.31
2018.11.21 11:23:36.934,1.14028,1.14034,1.00,1.12
2018.11.21 11:23:36.989,1.14027,1.14029,1.00,1.25
2018.11.21 11:23:37.199,1.14024,1.14028,1.50,1.62
2018.11.21 11:23:37.738,1.14023,1.14028,1.87,1.19
2018.11.21 11:23:38.154,1.14022,1.14026,1.00,1.19
2018.11.21 11:23:38.399,1.14019,1.14025,3.26,1.25
2018.11.21 11:23:38.453,1.1402,1.14023,1.10,1.19
2018.11.21 11:23:38.560,1.14016,1.14021,1.20,3.94
2018.11.21 11:23:38.846,1.14014,1.14017,2.89,1.31
2018.11.21 11:23:38.900,1.14011,1.14018,3.26,2.89
2018.11.21 11:23:38.954,1.14011,1.14016,1.57,1.31
2018.11.21 11:23:39.170,1.14014,1.14019,1.20,1.69
2018.11.21 11:23:39.522,1.14013,1.14015,1.10,1.25
2018.11.21 11:23:39.577,1.14009,1.14015,2.51,1.76
2018.11.21 11:23:39.681,1.14008,1.14016,5.14,11.89
2018.11.21 11:23:39.786,1.14013,1.14018,1.76,1.00
2018.11.21 11:23:39.999,1.14013,1.14017,2.32,1.19
2018.11.21 11:23:40.316,1.14018,1.14021,3.07,1.25
2018.11.21 11:23:40.605,1.14015,1.14019,3.64,1.25
2018.11.21 11:23:41.351,1.14014,1.14018,1.00,1.76
2018.11.21 11:23:41.874,1.14013,1.14019,3.00,2.14
2018.11.21 11:23:42.013,1.14012,1.14017,1.57,1.19
2018.11.21 11:23:42.066,1.14012,1.14018,1.57,1.39
2018.11.21 11:23:42.171,1.14013,1.14019,3.64,2.25
2018.11.21 11:23:42.780,1.14013,1.14019,6.07,1.10
2018.11.21 11:23:42.988,1.14015,1.14021,1.57,2.51
2018.11.21 11:23:43.493,1.14014,1.1402,3.82,1.50
2018.11.21 11:23:44.014,1.14014,1.14019,3.45,1.00
2018.11.21 11:23:44.415,1.14011,1.14015,1.12,1.69
2018.11.21 11:23:44.727,1.14014,1.14018,1.76,1.20
2018.11.21 11:23:44.832,1.14013,1.14018,4.57,1.25
2018.11.21 11:23:45.084,1.14013,1.14016,4.50,1.19
2018.11.21 11:23:45.137,1.1401,1.14014,1.00,1.00
2018.11.21 11:23:45.659,1.14008,1.14013,6.64,1.31
2018.11.21 11:23:45.787,1.14009,1.14014,5.06,1.10
2018.11.21 11:23:46.047,1.1401,1.14016,5.14,3.26
2018.11.21 11:23:46.101,1.14014,1.14016,1.69,1.57
2018.11.21 11:23:46.423,1.1401,1.14015,1.57,1.01
2018.11.21 11:23:46.530,1.1401,1.14013,1.00,1.00
2018.11.21 11:23:47.113,1.14009,1.14014,2.70,1.31
2018.11.21 11:23:47.582,1.14008,1.14012,1.20,2.25
2018.11.21 11:23:47.635,1.14009,1.14014,1.12,4.01
2018.11.21 11:23:48.178,1.14008,1.14014,3.26,2.14
2018.11.21 11:23:48.673,1.14009,1.14015,11.89,1.32
2018.11.21 11:23:49.567,1.14011,1.14014,1.50,1.00
2018.11.21 11:23:49.869,1.1402,1.14024,1.20,1.00
2018.11.21 11:23:49.973,1.14024,1.14027,1.00,4.20
2018.11.21 11:23:50.081,1.14023,1.14029,8.14,1.01
2018.11.21 11:23:50.587,1.14024,1.14028,1.95,1.00
2018.11.21 11:23:51.185,1.14025,1.14029,1.95,1.00
2018.11.21 11:23:51.651,1.14024,1.14026,1.20,1.12
2018.11.21 11:23:51.944,1.14035,1.14041,3.00,3.56
2018.11.21 11:23:51.998,1.14038,1.1404,1.87,1.00
2018.11.21 11:23:52.159,1.14036,1.1404,5.25,1.76
2018.11.21 11:23:52.427,1.14034,1.1404,4.76,1.01
2018.11.21 11:23:52.691,1.14033,1.14039,2.51,1.76
2018.11.21 11:23:53.037,1.14046,1.1405,1.25,1.25
2018.11.21 11:23:53.565,1.14047,1.14051,1.12,1.00
2018.11.21 11:23:54.161,1.14045,1.14051,1.45,1.25
2018.11.21 11:23:54.682,1.14044,1.1405,8.14,2.44
2018.11.21 11:23:55.189,1.14044,1.14047,4.20,2.06
2018.11.21 11:23:55.488,1.1404,1.14044,2.62,2.32
2018.11.21 11:23:55.598,1.14037,1.14043,1.87,4.31
2018.11.21 11:23:55.651,1.14036,1.14042,1.12,1.31
2018.11.21 11:23:55.705,1.14036,1.14042,1.75,1.39
2018.11.21 11:23:56.309,1.14035,1.1404,6.45,1.69
2018.11.21 11:23:56.770,1.14034,1.14037,2.62,1.00
2018.11.21 11:23:56.825,1.14034,1.1404,1.12,2.51
2018.11.21 11:23:56.984,1.14033,1.14035,1.00,1.69
2018.11.21 11:23:57.036,1.1403,1.14035,1.10,3.19
2018.11.21 11:23:57.541,1.14029,1.14035,5.14,3.04
2018.11.21 11:23:57.646,1.14029,1.1403,1.00,1.50
2018.11.21 11:23:57.755,1.14029,1.14033,1.12,1.69
2018.11.21 11:23:58.090,1.14028,1.14033,1.57,2.44
2018.11.21 11:23:58.302,1.14026,1.14033,3.07,4.39
2018.11.21 11:23:58.680,1.1403,1.14032,1.50,3.00
2018.11.21 11:23:58.954,1.14039,1.14043,1.00,1.25
2018.11.21 11:23:59.462,1.14039,1.14045,1.31,5.32
2018.11.21 11:23:59.517,1.14041,1.14045,2.06,1.76
2018.11.21 11:23:59.735,1.14041,1.14046,1.95,1.12
2018.11.21 11:24:00.164,1.14039,1.14044,1.07,1.20
2018.11.21 11:24:00.372,1.14035,1.14041,1.95,1.01
2018.11.21 11:24:00.879,1.14039,1.14044,1.25,3.82
2018.11.21 11:24:01.040,1.14041,1.14047,2.32,1.31
2018.11.21 11:24:01.316,1.14046,1.1405,1.00,2.70
2018.11.21 11:24:01.370,1.14045,1.1405,3.64,1.10
2018.11.21 11:24:01.878,1.14045,1.1405,1.57,2.06
2018.11.21 11:24:02.300,1.14046,1.1405,3.19,1.10
2018.11.21 11:24:02.635,1.14049,1.14054,3.00,7.01
2018.11.21 11:24:02.741,1.14049,1.14052,1.01,1.69
2018.11.21 11:24:03.057,1.14047,1.14051,2.25,2.62
2018.11.21 11:24:03.476,1.14054,1.14056,3.37,1.57
2018.11.21 11:24:03.580,1.14051,1.14056,1.76,1.20
2018.11.21 11:24:03.632,1.1405,1.14051,1.12,1.87
2018.11.21 11:24:03.791,1.14042,1.14047,1.57,5.89
2018.11.21 11:24:04.101,1.14045,1.14047,1.00,6.82
2018.11.21 11:24:04.372,1.14051,1.14054,1.25,1.12
2018.11.21 11:24:04.791,1.14049,1.14053,1.25,1.87
2018.11.21 11:24:05.001,1.14051,1.14054,1.25,1.20
2018.11.21 11:24:05.313,1.14056,1.14057,1.12,2.62
2018.11.21 11:24:05.419,1.1406,1.14062,1.00,1.10
2018.11.21 11:24:05.557,1.14058,1.14062,1.39,2.25
2018.11.21 11:24:05.613,1.14061,1.14064,1.00,1.95
2018.11.21 11:24:05.770,1.14061,1.14065,1.00,2.25
2018.11.21 11:24:06.189,1.14062,1.14065,1.19,1.12
2018.11.21 11:24:06.299,1.14067,1.1407,1.00,2.32
2018.11.21 11:24:06.352,1.14069,1.14071,4.01,3.37
2018.11.21 11:24:06.457,1.14068,1.14072,1.00,3.26
2018.11.21 11:24:06.509,1.14066,1.14069,1.10,1.00
2018.11.21 11:24:06.843,1.14061,1.14065,1.00,2.25
2018.11.21 11:24:07.106,1.1406,1.14065,3.00,2.06
2018.11.21 11:24:07.471,1.14062,1.14065,4.69,1.00
2018.11.21 11:24:07.525,1.14066,1.14068,1.00,1.00
2018.11.21 11:24:07.922,1.14065,1.14067,1.10,2.81
2018.11.21 11:24:07.981,1.14062,1.14066,1.00,1.50
2018.11.21 11:24:08.243,1.14063,1.14065,2.06,1.00
2018.11.21 11:24:08.399,1.14066,1.1407,2.06,1.00
2018.11.21 11:24:09.393,1.14067,1.14071,1.00,2.32
2018.11.21 11:24:09.894,1.14064,1.14069,1.76,1.50
2018.11.21 11:24:10.260,1.14066,1.1407,1.00,1.39
2018.11.21 11:24:10.802,1.14067,1.1407,1.00,1.20
2018.11.21 11:24:11.377,1.1407,1.14072,1.00,3.37
2018.11.21 11:24:11.689,1.14067,1.14068,1.00,1.50
2018.11.21 11:24:11.743,1.14065,1.14067,1.00,2.25
2018.11.21 11:24:11.969,1.14066,1.14071,4.31,3.77
2018.11.21 11:24:12.387,1.14068,1.14071,1.00,1.47
2018.11.21 11:24:12.711,1.14067,1.14073,2.44,1.00
2018.11.21 11:24:12.763,1.14067,1.14072,2.44,1.37
2018.11.21 11:24:13.025,1.14068,1.14072,1.00,2.62
2018.11.21 11:24:13.426,1.14064,1.14068,2.88,1.00
2018.11.21 11:24:13.933,1.14062,1.14065,1.20,1.37
2018.11.21 11:24:13.986,1.14062,1.14065,1.00,1.37
2018.11.21 11:24:14.412,1.14059,1.14062,3.00,1.00
2018.11.21 11:24:14.465,1.14059,1.1406,1.00,1.00
2018.11.21 11:24:14.518,1.14057,1.1406,1.00,1.00
2018.11.21 11:24:14.679,1.14059,1.14062,2.14,1.12
2018.11.21 11:24:14.743,1.1406,1.14065,2.44,1.76
2018.11.21 11:24:14.797,1.14058,1.14061,1.50,1.37
2018.11.21 11:24:15.357,1.14057,1.1406,1.00,1.00
2018.11.21 11:24:15.826,1.14053,1.14057,4.12,3.64
2018.11.21 11:24:15.880,1.14052,1.14056,3.37,5.63
2018.11.21 11:24:16.405,1.14049,1.14055,2.07,5.89
2018.11.21 11:24:16.459,1.14049,1.14051,2.62,1.00
2018.11.21 11:24:16.760,1.14044,1.14049,3.19,2.77
2018.11.21 11:24:17.081,1.14049,1.14053,3.19,1.00
2018.11.21 11:24:17.430,1.14049,1.14052,1.00,1.00
2018.11.21 11:24:17.941,1.14049,1.14051,1.00,4.01
2018.11.21 11:24:17.994,1.1405,1.14053,1.69,4.95
2018.11.21 11:24:18.046,1.14052,1.14055,1.00,3.82
2018.11.21 11:24:18.153,1.14054,1.14057,1.00,2.25
2018.11.21 11:24:18.686,1.14055,1.14057,1.00,1.01
2018.11.21 11:24:18.790,1.14053,1.14056,1.00,1.01
2018.11.21 11:24:19.205,1.14052,1.14058,1.39,3.82
2018.11.21 11:24:19.373,1.14049,1.14055,3.26,1.57
2018.11.21 11:24:20.194,1.14051,1.14055,1.25,3.07
2018.11.21 11:24:20.791,1.14051,1.14054,1.00,2.44
2018.11.21 11:24:20.970,1.14047,1.14051,1.57,2.25
2018.11.21 11:24:21.024,1.14046,1.1405,1.69,1.37
2018.11.21 11:24:21.465,1.14044,1.14046,5.31,2.32
2018.11.21 11:24:21.524,1.1404,1.14042,1.00,1.57
2018.11.21 11:24:21.579,1.14038,1.14041,1.20,4.50
2018.11.21 11:24:22.127,1.1404,1.14042,1.29,1.50
2018.11.21 11:24:22.180,1.14041,1.14044,2.06,5.34
2018.11.21 11:24:22.388,1.14043,1.14046,1.25,1.50
2018.11.21 11:24:22.698,1.14043,1.14047,2.00,1.00
2018.11.21 11:24:22.983,1.14044,1.1405,1.01,2.51
2018.11.21 11:24:23.242,1.14047,1.1405,2.06,1.10
2018.11.21 11:24:23.407,1.14051,1.14054,1.00,2.32
2018.11.21 11:24:23.512,1.14049,1.14053,1.01,1.39
2018.11.21 11:24:23.564,1.14049,1.14051,1.00,1.00
2018.11.21 11:24:23.617,1.14049,1.14053,1.00,2.14
2018.11.21 11:24:24.179,1.14049,1.14052,1.00,1.00
2018.11.21 11:24:24.283,1.14046,1.1405,1.82,1.50
2018.11.21 11:24:24.803,1.14046,1.14051,1.31,1.20
2018.11.21 11:24:25.332,1.1405,1.14053,1.10,1.50
2018.11.21 11:24:25.438,1.1405,1.14054,1.19,1.57
2018.11.21 11:24:25.981,1.1405,1.14054,1.10,1.10
2018.11.21 11:24:26.138,1.14047,1.14049,3.37,1.37
2018.11.21 11:24:26.299,1.14035,1.14039,1.69,1.37
2018.11.21 11:24:26.433,1.14035,1.14039,1.85,2.02
2018.11.21 11:24:26.486,1.14034,1.14039,1.31,1.39
2018.11.21 11:24:26.699,1.14032,1.14034,1.00,3.94
2018.11.21 11:24:26.755,1.14029,1.14032,2.70,1.25
2018.11.21 11:24:26.809,1.14028,1.14031,1.00,1.62
2018.11.21 11:24:26.862,1.14027,1.14032,1.70,3.82
2018.11.21 11:24:27.062,1.14028,1.1403,3.07,1.00
2018.11.21 11:24:27.222,1.14028,1.14033,1.00,2.14
2018.11.21 11:24:27.727,1.14027,1.14032,1.57,1.39
2018.11.21 11:24:27.835,1.14028,1.14034,3.26,2.51
2018.11.21 11:24:27.992,1.14026,1.14031,1.00,3.64
2018.11.21 11:24:28.341,1.14024,1.1403,2.89,1.76
2018.11.21 11:24:28.882,1.14026,1.1403,1.00,1.00
2018.11.21 11:24:29.128,1.1403,1.14035,1.69,3.07
2018.11.21 11:24:30.044,1.14034,1.14036,1.19,1.12
2018.11.21 11:24:30.096,1.14033,1.14035,1.20,1.12
2018.11.21 11:24:30.149,1.14031,1.14035,1.50,1.57
2018.11.21 11:24:30.659,1.1403,1.14034,1.76,1.10
2018.11.21 11:24:31.328,1.1403,1.14035,1.76,1.50
2018.11.21 11:24:31.737,1.14032,1.14035,1.00,2.70
2018.11.21 11:24:32.254,1.14031,1.14035,1.25,1.76
2018.11.21 11:24:33.106,1.14032,1.14035,1.87,1.87
2018.11.21 11:24:33.213,1.14034,1.14039,3.56,1.20
2018.11.21 11:24:33.562,1.14031,1.14035,1.31,1.00
2018.11.21 11:24:34.080,1.14029,1.14034,4.95,1.00
2018.11.21 11:24:34.427,1.14028,1.14031,1.10,2.44
2018.11.21 11:24:34.490,1.14026,1.14031,1.50,2.51
2018.11.21 11:24:35.176,1.14025,1.14029,1.69,1.50
2018.11.21 11:24:35.695,1.14026,1.1403,1.25,3.64
2018.11.21 11:24:36.621,1.14026,1.14029,1.76,1.00
2018.11.21 11:24:37.146,1.14025,1.14031,2.51,2.14
2018.11.21 11:24:37.495,1.14023,1.14024,5.14,1.00
2018.11.21 11:24:37.548,1.1402,1.14022,1.01,1.00
2018.11.21 11:24:37.758,1.14018,1.14021,1.20,1.12
2018.11.21 11:24:38.301,1.14017,1.14021,1.00,1.12
2018.11.21 11:24:38.356,1.14015,1.14016,2.44,2.25
2018.11.21 11:24:38.515,1.14017,1.14019,1.19,1.00
2018.11.21 11:24:38.568,1.1402,1.14021,1.69,3.82
2018.11.21 11:24:38.620,1.14022,1.14024,1.00,1.07
2018.11.21 11:24:39.139,1.14021,1.14024,2.44,1.10
2018.11.21 11:24:39.768,1.14021,1.14024,1.31,1.37
2018.11.21 11:24:40.419,1.14022,1.14024,1.00,1.37
2018.11.21 11:24:40.942,1.14021,1.14024,1.25,2.62
2018.11.21 11:24:42.668,1.14022,1.14025,1.50,1.12
2018.11.21 11:24:42.721,1.14026,1.14028,1.69,6.30
2018.11.21 11:24:42.826,1.14029,1.14031,1.31,2.62
2018.11.21 11:24:42.985,1.14031,1.14033,1.00,1.00
2018.11.21 11:24:43.416,1.14031,1.14035,1.50,1.57
2018.11.21 11:24:43.957,1.14032,1.14035,1.00,1.00
2018.11.21 11:24:45.645,1.14038,1.1404,2.14,1.00
2018.11.21 11:24:45.698,1.1404,1.14042,1.37,1.10
2018.11.21 11:24:45.858,1.14039,1.1404,1.50,1.00
2018.11.21 11:24:46.318,1.1404,1.14043,2.62,1.00
2018.11.21 11:24:46.372,1.1404,1.14043,1.20,4.31
2018.11.21 11:24:46.634,1.1404,1.14043,1.37,4.13
2018.11.21 11:24:47.897,1.14043,1.14044,1.00,1.12
2018.11.21 11:24:48.061,1.14037,1.1404,2.25,1.00
2018.11.21 11:24:48.217,1.14039,1.14041,1.00,2.32
2018.11.21 11:24:48.738,1.14037,1.14041,1.37,5.44
2018.11.21 11:24:48.796,1.14039,1.14041,2.25,1.50
2018.11.21 11:24:48.850,1.14041,1.14044,1.37,7.39
2018.11.21 11:24:49.062,1.14037,1.14039,1.00,1.00
2018.11.21 11:24:49.576,1.14037,1.1404,1.00,3.56
2018.11.21 11:24:49.878,1.14037,1.14039,1.00,3.56
2018.11.21 11:24:50.196,1.14032,1.14035,1.12,3.37
2018.11.21 11:24:50.719,1.14032,1.14034,1.37,1.00
2018.11.21 11:24:51.269,1.14032,1.14034,1.12,1.69
2018.11.21 11:24:51.396,1.1403,1.14034,1.10,5.62
2018.11.21 11:24:51.450,1.1403,1.14033,1.10,2.44
2018.11.21 11:24:51.974,1.1403,1.14033,1.00,1.31
2018.11.21 11:24:52.130,1.14032,1.14035,1.00,1.69
2018.11.21 11:24:55.631,1.14033,1.14036,3.19,1.87
2018.11.21 11:24:56.022,1.14041,1.14044,1.00,3.26
2018.11.21 11:24:56.337,1.14039,1.1404,1.50,1.00
2018.11.21 11:24:56.886,1.14039,1.1404,1.00,1.00
2018.11.21 11:24:57.014,1.14037,1.1404,1.12,2.25
2018.11.21 11:24:57.070,1.14036,1.1404,1.20,3.94
2018.11.21 11:24:57.124,1.14033,1.14036,8.13,5.44
2018.11.21 11:24:57.333,1.14035,1.14038,1.01,1.00
2018.11.21 11:24:57.530,1.14034,1.14038,1.00,3.00
2018.11.21 11:24:57.688,1.14032,1.14036,1.00,1.25
2018.11.21 11:24:58.238,1.14031,1.14036,1.20,2.06
2018.11.21 11:24:59.148,1.14031,1.14034,1.57,1.00
2018.11.21 11:24:59.651,1.14031,1.14035,1.10,1.12
2018.11.21 11:24:59.873,1.1403,1.14031,1.10,1.00
2018.11.21 11:24:59.926,1.14028,1.14031,1.12,6.94
2018.11.21 11:25:00.030,1.14026,1.1403,1.10,1.50
2018.11.21 11:25:00.852,1.14026,1.1403,1.76,1.00
2018.11.21 11:25:01.117,1.14029,1.14032,1.31,1.12
2018.11.21 11:25:01.449,1.14031,1.14034,1.00,3.28
2018.11.21 11:25:01.998,1.1403,1.14034,1.00,2.25
2018.11.21 11:25:02.306,1.14035,1.1404,6.26,5.29
2018.11.21 11:25:02.718,1.14039,1.1404,1.31,1.00
2018.11.21 11:25:02.825,1.14037,1.14041,1.10,6.56
2018.11.21 11:25:03.339,1.14036,1.14041,2.32,1.62
2018.11.21 11:25:03.914,1.14037,1.14042,1.69,5.81
2018.11.21 11:25:04.079,1.1404,1.14043,2.51,2.25
2018.11.21 11:25:04.391,1.14037,1.14041,1.20,2.25
2018.11.21 11:25:04.931,1.14037,1.1404,1.00,1.00
2018.11.21 11:25:05.440,1.14035,1.1404,4.39,1.00
2018.11.21 11:25:06.180,1.14035,1.14038,6.37,2.44
2018.11.21 11:25:06.447,1.1403,1.14034,2.06,1.87
2018.11.21 11:25:07.838,1.1403,1.14035,2.51,4.12
2018.11.21 11:25:08.143,1.14032,1.14035,2.06,1.00
2018.11.21 11:25:08.463,1.14038,1.1404,1.00,1.50
2018.11.21 11:25:08.645,1.14035,1.1404,2.51,1.19
2018.11.21 11:25:10.383,1.14034,1.14038,3.64,1.00
2018.11.21 11:25:10.436,1.14031,1.14034,3.07,1.00
2018.11.21 11:25:10.958,1.14029,1.14035,5.14,2.66
2018.11.21 11:25:11.474,1.14027,1.14031,4.95,7.31
2018.11.21 11:25:11.844,1.14032,1.14036,1.31,1.91
2018.11.21 11:25:11.951,1.1403,1.14034,1.20,1.12
2018.11.21 11:25:12.456,1.14031,1.14034,1.00,1.00
2018.11.21 11:25:12.988,1.1403,1.14035,1.57,1.69
2018.11.21 11:25:13.646,1.14033,1.14035,1.00,1.50
2018.11.21 11:25:13.699,1.14032,1.14037,1.57,1.50
2018.11.21 11:25:13.960,1.14031,1.14036,1.76,2.06
2018.11.21 11:25:14.471,1.1403,1.14035,3.26,2.44
2018.11.21 11:25:15.669,1.1403,1.14034,4.01,1.00
2018.11.21 11:25:16.721,1.1403,1.14035,1.76,1.69
2018.11.21 11:25:17.262,1.1403,1.14034,2.89,1.12
2018.11.21 11:25:18.307,1.1403,1.14035,7.76,1.25
2018.11.21 11:25:18.630,1.14033,1.14036,1.76,1.12
2018.11.21 11:25:19.059,1.14036,1.14037,1.25,1.00
2018.11.21 11:25:19.116,1.14037,1.14039,1.87,1.00
2018.11.21 11:25:19.364,1.14038,1.14043,1.29,1.69
2018.11.21 11:25:20.211,1.1404,1.14043,1.25,1.00
2018.11.21 11:25:20.315,1.14038,1.14041,2.70,1.15
2018.11.21 11:25:20.420,1.14036,1.14041,1.10,4.69
2018.11.21 11:25:20.969,1.14035,1.1404,3.82,3.19
2018.11.21 11:25:21.993,1.14036,1.1404,1.66,1.50
2018.11.21 11:25:22.149,1.14037,1.14041,1.62,1.00
2018.11.21 11:25:22.203,1.14037,1.1404,1.39,1.19
2018.11.21 11:25:23.051,1.14037,1.1404,1.76,1.19
2018.11.21 11:25:23.413,1.14043,1.14046,2.89,1.00
2018.11.21 11:25:23.465,1.14044,1.14046,1.57,1.00
2018.11.21 11:25:23.517,1.14044,1.14048,1.57,1.50
2018.11.21 11:25:24.120,1.14045,1.14048,1.12,1.00
2018.11.21 11:25:24.639,1.14045,1.14048,1.20,1.00
2018.11.21 11:25:24.798,1.14044,1.14047,1.10,2.81
2018.11.21 11:25:25.304,1.14044,1.14048,1.95,1.69
2018.11.21 11:25:25.929,1.14049,1.1405,1.50,1.50
2018.11.21 11:25:26.034,1.14054,1.14057,3.75,2.06
2018.11.21 11:25:26.086,1.14053,1.14054,1.10,1.00
2018.11.21 11:25:26.295,1.14047,1.14049,1.00,1.25
2018.11.21 11:25:26.423,1.14046,1.1405,1.20,3.41
2018.11.21 11:25:26.943,1.14045,1.1405,1.57,2.44
2018.11.21 11:25:27.991,1.14045,1.14048,1.10,1.00
2018.11.21 11:25:28.545,1.14045,1.14049,3.64,1.00
2018.11.21 11:25:30.136,1.14048,1.14051,1.56,1.58
2018.11.21 11:25:30.467,1.1405,1.14055,4.76,1.50
2018.11.21 11:25:31.680,1.14049,1.14054,3.37,4.76
2018.11.21 11:25:31.789,1.14046,1.1405,1.50,1.20
2018.11.21 11:25:32.015,1.14045,1.1405,2.44,1.20
2018.11.21 11:25:32.537,1.14047,1.14051,1.50,1.76
2018.11.21 11:25:32.727,1.1405,1.14054,1.25,1.76
2018.11.21 11:25:33.147,1.14054,1.14055,1.00,2.14
2018.11.21 11:25:33.201,1.14056,1.14058,2.25,3.82
2018.11.21 11:25:33.254,1.14058,1.1406,1.00,1.00
2018.11.21 11:25:33.396,1.14059,1.14062,2.44,1.31
2018.11.21 11:25:33.917,1.14057,1.1406,3.07,2.81
2018.11.21 11:25:34.434,1.14056,1.1406,1.00,2.89
2018.11.21 11:25:34.832,1.14053,1.14057,1.10,1.76
2018.11.21 11:25:35.123,1.14053,1.14055,1.00,1.25
2018.11.21 11:25:35.176,1.1405,1.14055,3.64,1.87
2018.11.21 11:25:35.282,1.1405,1.14053,1.00,2.51
2018.11.21 11:25:35.832,1.1405,1.14054,1.00,1.00
2018.11.21 11:25:37.234,1.1405,1.14055,1.50,2.51
2018.11.21 11:25:38.160,1.14049,1.14054,6.64,1.00
2018.11.21 11:25:38.730,1.14049,1.14053,5.89,1.00
2018.11.21 11:25:39.483,1.14049,1.14053,3.56,1.50
2018.11.21 11:25:39.793,1.1405,1.14055,1.12,4.76
2018.11.21 11:25:40.114,1.1405,1.14055,6.45,1.69
2018.11.21 11:25:40.327,1.14055,1.1406,1.76,1.57
2018.11.21 11:25:40.700,1.14053,1.14056,1.10,6.19
2018.11.21 11:25:40.810,1.1405,1.14054,3.94,1.00
2018.11.21 11:25:41.722,1.1405,1.14055,5.32,1.00
2018.11.21 11:25:41.961,1.14054,1.14056,1.87,1.50
2018.11.21 11:25:42.066,1.14053,1.14058,5.14,3.37
2018.11.21 11:25:42.482,1.14054,1.14059,2.44,3.07
2018.11.21 11:25:42.822,1.14051,1.14056,2.32,8.44
2018.11.21 11:25:43.911,1.14053,1.14056,2.06,7.57
2018.11.21 11:25:44.121,1.14055,1.14059,1.57,1.00
2018.11.21 11:25:44.666,1.14055,1.1406,1.01,4.95
2018.11.21 11:25:45.212,1.14055,1.1406,1.01,9.32
2018.11.21 11:25:46.953,1.14055,1.14059,1.39,1.10
2018.11.21 11:25:47.469,1.14055,1.1406,1.39,3.45
2018.11.21 11:25:48.057,1.14056,1.1406,1.00,6.45
2018.11.21 11:25:48.581,1.14055,1.1406,3.26,3.45
2018.11.21 11:25:48.956,1.14055,1.14058,1.12,1.10
2018.11.21 11:25:49.537,1.14055,1.1406,1.87,3.07
2018.11.21 11:25:50.056,1.14055,1.14059,2.44,1.00
2018.11.21 11:25:50.315,1.14056,1.1406,4.12,4.12
2018.11.21 11:25:50.419,1.14055,1.14059,3.94,1.25
2018.11.21 11:25:51.121,1.14054,1.14059,6.26,2.44
2018.11.21 11:25:51.176,1.14053,1.14054,1.10,1.00
2018.11.21 11:25:51.396,1.14051,1.14055,2.06,1.00
2018.11.21 11:25:51.450,1.14051,1.14056,3.64,6.19
2018.11.21 11:25:51.610,1.14055,1.14059,1.69,1.00
2018.11.21 11:25:52.122,1.14056,1.14059,1.00,1.00
2018.11.21 11:25:52.330,1.14054,1.14057,1.25,1.00
2018.11.21 11:25:52.839,1.14055,1.14058,1.00,1.00
2018.11.21 11:25:53.349,1.14055,1.1406,1.20,7.39
2018.11.21 11:25:53.610,1.14059,1.14064,1.00,4.76
2018.11.21 11:25:54.521,1.14059,1.14063,2.44,1.00
2018.11.21 11:25:55.051,1.14059,1.14064,1.69,2.32
2018.11.21 11:25:55.558,1.1406,1.14064,1.00,3.07
2018.11.21 11:25:56.581,1.14059,1.14064,3.26,2.32
2018.11.21 11:25:57.436,1.14058,1.14064,13.46,1.57
2018.11.21 11:25:58.655,1.14059,1.14063,2.81,1.50
2018.11.21 11:25:59.205,1.14058,1.14064,10.39,3.82
2018.11.21 11:25:59.752,1.14058,1.14063,11.89,1.00
2018.11.21 11:26:00.302,1.14059,1.14063,1.69,1.57
2018.11.21 11:26:01.122,1.14059,1.14063,3.94,1.50
2018.11.21 11:26:01.826,1.14059,1.14064,1.69,7.76
2018.11.21 11:26:02.419,1.14059,1.14063,3.94,1.00
2018.11.21 11:26:03.129,1.1406,1.14062,1.25,1.00
2018.11.21 11:26:03.663,1.1406,1.14063,1.25,1.87
2018.11.21 11:26:04.402,1.1406,1.14062,1.69,1.00
2018.11.21 11:26:05.077,1.1406,1.14063,1.25,1.12
2018.11.21 11:26:05.637,1.1406,1.14064,1.69,8.14
2018.11.21 11:26:06.295,1.1406,1.14063,2.44,1.00
2018.11.21 11:26:07.005,1.1406,1.14064,1.25,5.14
2018.11.21 11:26:08.062,1.1406,1.14061,3.75,1.00
2018.11.21 11:26:08.114,1.14058,1.14062,1.20,12.79
2018.11.21 11:26:08.222,1.14055,1.14059,3.26,1.12
2018.11.21 11:26:08.763,1.14055,1.14059,7.69,1.00
2018.11.21 11:26:08.970,1.14054,1.14057,4.12,1.00
2018.11.21 11:26:09.310,1.14056,1.14058,1.00,1.87
2018.11.21 11:26:09.886,1.14055,1.14059,2.25,4.39
2018.11.21 11:26:12.548,1.14054,1.14058,2.32,1.10
2018.11.21 11:26:12.912,1.14055,1.14056,1.00,1.00
2018.11.21 11:26:13.452,1.14054,1.14056,2.32,1.00
2018.11.21 11:26:15.739,1.14054,1.14055,1.00,3.56
2018.11.21 11:26:15.845,1.14049,1.14052,2.25,1.00
2018.11.21 11:26:16.532,1.1405,1.14051,1.00,1.50
2018.11.21 11:26:16.792,1.14053,1.14054,2.25,1.50
2018.11.21 11:26:16.955,1.14054,1.14057,1.25,1.12
2018.11.21 11:26:17.061,1.14056,1.14059,1.00,2.25
2018.11.21 11:26:18.648,1.14055,1.14056,1.00,2.62
2018.11.21 11:26:18.754,1.14053,1.14056,1.00,3.00
2018.11.21 11:26:18.859,1.14051,1.14056,1.50,4.76
2018.11.21 11:26:19.395,1.1405,1.14055,5.14,1.00
2018.11.21 11:26:19.949,1.1405,1.14054,3.07,1.00
2018.11.21 11:26:20.544,1.14049,1.14054,4.39,4.50
2018.11.21 11:26:20.960,1.1405,1.14055,3.64,3.37
2018.11.21 11:26:21.504,1.1405,1.14055,1.00,5.14
2018.11.21 11:26:22.759,1.1405,1.14053,2.62,1.00
2018.11.21 11:26:22.865,1.14049,1.14051,2.32,1.50
2018.11.21 11:26:23.397,1.14049,1.14052,2.06,1.12
2018.11.21 11:26:23.734,1.1405,1.14051,1.12,1.57
2018.11.21 11:26:23.788,1.1405,1.14053,1.31,2.32
2018.11.21 11:26:24.441,1.1405,1.14053,2.44,3.00
2018.11.21 11:26:24.547,1.14049,1.14052,2.25,1.00
2018.11.21 11:26:24.601,1.14049,1.14051,2.44,3.00
2018.11.21 11:26:24.654,1.14049,1.14052,4.69,1.00
2018.11.21 11:26:25.098,1.14049,1.14051,1.50,1.69
2018.11.21 11:26:25.151,1.14046,1.14049,1.12,1.00
2018.11.21 11:26:25.721,1.14046,1.1405,1.50,1.50
2018.11.21 11:26:25.846,1.14048,1.1405,1.00,1.00
2018.11.21 11:26:25.921,1.14049,1.14052,1.12,1.57
2018.11.21 11:26:26.337,1.14049,1.14054,1.69,7.80
2018.11.21 11:26:26.886,1.1405,1.14054,1.00,8.70
2018.11.21 11:26:26.992,1.14048,1.14052,2.91,5.25
2018.11.21 11:26:27.358,1.14044,1.14047,1.25,1.50
2018.11.21 11:26:27.753,1.14043,1.14045,1.00,1.25
2018.11.21 11:26:27.917,1.14043,1.14047,4.01,1.10
2018.11.21 11:26:28.499,1.14043,1.14045,1.00,2.62
2018.11.21 11:26:28.611,1.14039,1.14044,5.51,2.25
2018.11.21 11:26:28.916,1.14038,1.1404,3.75,1.00
2018.11.21 11:26:29.021,1.14034,1.14039,6.64,1.50
2018.11.21 11:26:29.444,1.14035,1.14037,1.00,1.72
2018.11.21 11:26:29.603,1.14031,1.14035,1.12,3.07
2018.11.21 11:26:30.116,1.1403,1.14034,1.87,1.00
2018.11.21 11:26:30.327,1.14034,1.14037,1.00,5.17
2018.11.21 11:26:30.433,1.14034,1.14038,1.95,1.10
2018.11.21 11:26:31.054,1.14039,1.1404,1.00,3.82
2018.11.21 11:26:31.108,1.14039,1.14043,2.32,1.10
2018.11.21 11:26:31.685,1.1404,1.14044,1.31,2.44
2018.11.21 11:26:32.196,1.1404,1.14044,1.62,3.19
2018.11.21 11:26:33.086,1.14039,1.14041,2.44,1.50
2018.11.21 11:26:33.139,1.14038,1.1404,1.00,1.50
2018.11.21 11:26:33.191,1.14039,1.14044,2.06,7.42
2018.11.21 11:26:33.558,1.1404,1.14044,1.76,3.64
2018.11.21 11:26:33.849,1.14043,1.14046,1.00,1.00
2018.11.21 11:26:34.374,1.14043,1.14047,1.37,1.57
2018.11.21 11:26:34.561,1.14041,1.14047,5.14,3.82
2018.11.21 11:26:34.820,1.14043,1.14046,5.06,1.50
2018.11.21 11:26:34.872,1.14044,1.14048,3.19,1.95
2018.11.21 11:26:35.394,1.14044,1.14048,2.44,2.62
2018.11.21 11:26:35.911,1.14044,1.14048,1.69,2.62
2018.11.21 11:26:37.181,1.14043,1.14044,1.12,2.25
2018.11.21 11:26:37.235,1.14039,1.14043,3.56,1.00
2018.11.21 11:26:37.498,1.14037,1.14041,1.07,2.25
2018.11.21 11:26:37.655,1.14036,1.14041,3.07,2.25
2018.11.21 11:26:37.842,1.14037,1.14041,2.06,1.00
2018.11.21 11:26:38.387,1.14039,1.14044,1.62,4.20
2018.11.21 11:26:38.953,1.14039,1.14044,2.32,1.87
2018.11.21 11:26:39.535,1.1404,1.14043,1.12,1.00
2018.11.21 11:26:40.069,1.14039,1.14044,3.07,1.12
2018.11.21 11:26:40.385,1.14044,1.14046,1.50,1.57
2018.11.21 11:26:40.933,1.14044,1.14047,3.56,1.00
2018.11.21 11:26:41.762,1.14044,1.14048,5.32,1.00
2018.11.21 11:26:42.692,1.14044,1.14048,4.50,1.50
2018.11.21 11:26:43.220,1.14045,1.14048,1.00,3.00
2018.11.21 11:26:43.647,1.14049,1.14051,1.00,6.64
2018.11.21 11:26:44.202,1.1405,1.14052,1.00,1.62
2018.11.21 11:26:44.461,1.1405,1.14053,1.00,3.19
2018.11.21 11:26:46.379,1.1405,1.14051,1.00,2.06
2018.11.21 11:26:46.692,1.14048,1.14049,1.00,1.50
2018.11.21 11:26:47.321,1.14048,1.1405,1.00,5.44
2018.11.21 11:26:49.826,1.14051,1.14052,1.00,1.00
2018.11.21 11:26:49.933,1.14049,1.14051,3.82,1.00
2018.11.21 11:26:49.987,1.1405,1.14053,1.00,2.70
2018.11.21 11:26:50.867,1.1405,1.14053,1.50,2.44
2018.11.21 11:26:51.636,1.14049,1.1405,1.10,1.00
2018.11.21 11:26:51.689,1.14047,1.14049,1.00,1.25
2018.11.21 11:26:51.741,1.14046,1.14048,1.00,3.94
2018.11.21 11:26:51.793,1.14045,1.14048,1.10,4.69
2018.11.21 11:26:52.279,1.14048,1.1405,3.75,1.12
2018.11.21 11:26:52.383,1.14049,1.14052,1.25,1.00
2018.11.21 11:26:53.505,1.14049,1.14053,2.06,1.00
2018.11.21 11:26:54.114,1.1405,1.14054,1.00,6.45
2018.11.21 11:26:55.822,1.1405,1.14053,1.57,1.00
2018.11.21 11:26:56.361,1.1405,1.14054,1.01,5.32
2018.11.21 11:26:56.988,1.14053,1.14055,1.87,1.00
2018.11.21 11:26:57.201,1.14055,1.14059,1.20,4.69
2018.11.21 11:26:57.660,1.14056,1.14057,1.00,1.00
2018.11.21 11:26:57.971,1.14054,1.14058,3.19,1.69
2018.11.21 11:26:58.697,1.14054,1.14057,1.69,1.69
2018.11.21 11:26:59.220,1.14054,1.14058,1.57,1.10
2018.11.21 11:26:59.787,1.14055,1.14058,1.50,1.12
2018.11.21 11:27:00.756,1.14058,1.14059,2.25,1.50
2018.11.21 11:27:00.924,1.14058,1.14061,4.31,2.62
2018.11.21 11:27:01.443,1.14059,1.14062,1.12,1.00
2018.11.21 11:27:03.116,1.14058,1.1406,1.00,3.00
2018.11.21 11:27:03.275,1.14055,1.14059,1.10,3.00
2018.11.21 11:27:03.813,1.14054,1.14058,3.26,2.16
2018.11.21 11:27:04.813,1.14056,1.14059,1.00,4.57
2018.11.21 11:27:05.330,1.14055,1.14059,1.20,2.92
2018.11.21 11:27:05.851,1.14055,1.14058,1.10,1.00
2018.11.21 11:27:09.761,1.14056,1.14058,1.00,1.00
2018.11.21 11:27:09.995,1.14059,1.14063,1.00,2.25
2018.11.21 11:27:10.049,1.14059,1.14061,1.50,1.50
2018.11.21 11:27:10.155,1.14059,1.14063,4.69,3.37
2018.11.21 11:27:10.266,1.14059,1.14063,4.78,1.12
2018.11.21 11:27:10.721,1.14064,1.14066,2.44,2.25
2018.11.21 11:27:10.774,1.14066,1.14069,1.00,2.32
2018.11.21 11:27:10.826,1.14065,1.1407,2.44,5.70
2018.11.21 11:27:10.880,1.14068,1.1407,1.69,1.10
2018.11.21 11:27:10.986,1.1407,1.14073,1.00,3.07
2018.11.21 11:27:11.363,1.14068,1.14071,1.76,1.00
2018.11.21 11:27:11.470,1.14066,1.1407,1.12,3.56
2018.11.21 11:27:11.680,1.14065,1.1407,1.95,3.41
2018.11.21 11:27:12.702,1.14065,1.14069,1.50,1.12
2018.11.21 11:27:12.756,1.14064,1.14068,1.31,1.50
2018.11.21 11:27:12.916,1.14062,1.14066,3.26,1.50
2018.11.21 11:27:13.125,1.1406,1.14064,2.51,1.87
2018.11.21 11:27:13.362,1.14059,1.14062,1.00,1.00
2018.11.21 11:27:13.714,1.14064,1.14068,7.76,1.12
2018.11.21 11:27:14.217,1.14064,1.14069,2.89,3.37
2018.11.21 11:27:14.791,1.14065,1.14069,1.00,3.00
2018.11.21 11:27:15.318,1.14064,1.14069,1.25,2.32
2018.11.21 11:27:15.909,1.14064,1.14069,1.32,2.32
2018.11.21 11:27:16.432,1.14064,1.14069,2.06,2.32
2018.11.21 11:27:17.002,1.14066,1.1407,1.00,3.82
2018.11.21 11:27:17.316,1.14064,1.1407,2.70,9.30
2018.11.21 11:27:19.098,1.14064,1.14066,1.25,1.00
2018.11.21 11:27:20.110,1.14064,1.14067,1.25,2.62
2018.11.21 11:27:20.735,1.14063,1.14066,7.76,1.50
2018.11.21 11:27:20.844,1.14063,1.14068,3.26,2.29
2018.11.21 11:27:21.757,1.14065,1.14069,1.69,2.14
2018.11.21 11:27:22.343,1.14066,1.14069,1.50,2.32
2018.11.21 11:27:22.887,1.14065,1.14069,3.75,2.06
2018.11.21 11:27:23.422,1.14064,1.14069,3.19,1.10
2018.11.21 11:27:23.974,1.14064,1.14068,1.69,1.69
2018.11.21 11:27:24.595,1.14062,1.14064,3.37,1.00
2018.11.21 11:27:24.650,1.1406,1.14062,1.00,1.31
2018.11.21 11:27:24.755,1.14057,1.14062,6.45,3.79
2018.11.21 11:27:25.038,1.14058,1.14062,10.50,1.00
2018.11.21 11:27:25.407,1.1406,1.14064,3.49,1.25
2018.11.21 11:27:25.924,1.1406,1.14064,1.25,2.44
2018.11.21 11:27:27.565,1.14059,1.14064,5.89,2.62
2018.11.21 11:27:28.168,1.1406,1.14064,2.25,4.12
2018.11.21 11:27:28.679,1.1406,1.14063,1.69,1.25
2018.11.21 11:27:29.066,1.14058,1.1406,1.00,1.95
2018.11.21 11:27:29.171,1.14055,1.1406,2.06,7.76
2018.11.21 11:27:29.680,1.14054,1.14059,7.39,4.69
2018.11.21 11:27:31.169,1.14054,1.14059,2.51,2.89
2018.11.21 11:27:31.222,1.14052,1.14054,5.25,2.44
2018.11.21 11:27:31.462,1.14048,1.14052,1.39,2.10
2018.11.21 11:27:31.514,1.14049,1.14053,1.10,4.20
2018.11.21 11:27:32.171,1.1405,1.14054,2.62,1.20
2018.11.21 11:27:32.516,1.14054,1.14058,1.00,1.00
2018.11.21 11:27:34.633,1.14054,1.14058,1.76,1.00
2018.11.21 11:27:35.142,1.14054,1.14058,1.31,1.00
2018.11.21 11:27:35.986,1.14056,1.14058,1.00,1.00
2018.11.21 11:27:36.949,1.14054,1.14056,2.25,1.00
2018.11.21 11:27:37.058,1.14051,1.14056,1.10,2.44
2018.11.21 11:27:37.612,1.1405,1.14056,7.39,4.01
2018.11.21 11:27:38.163,1.1405,1.14055,1.76,3.19
2018.11.21 11:27:38.425,1.1405,1.14052,1.69,1.50
2018.11.21 11:27:38.977,1.14051,1.14053,1.00,1.00
2018.11.21 11:27:39.482,1.1405,1.14053,1.12,1.00
2018.11.21 11:27:40.085,1.1405,1.14054,2.44,1.12
2018.11.21 11:27:40.697,1.1405,1.14054,1.69,1.87
2018.11.21 11:27:41.009,1.14054,1.14057,1.00,1.00
2018.11.21 11:27:41.320,1.14056,1.14057,1.00,1.00
2018.11.21 11:27:41.545,1.14055,1.14058,1.00,1.87
2018.11.21 11:27:42.113,1.14055,1.14058,1.12,1.87
2018.11.21 11:27:43.661,1.14056,1.14058,1.00,1.37
2018.11.21 11:27:43.715,1.1406,1.14061,1.50,1.00
2018.11.21 11:27:43.769,1.14058,1.14062,2.06,1.50
2018.11.21 11:27:43.823,1.14062,1.14063,1.12,2.62
2018.11.21 11:27:44.044,1.14061,1.14065,1.10,1.95
2018.11.21 11:27:44.164,1.14063,1.14064,1.00,1.12
2018.11.21 11:27:44.217,1.14065,1.14068,1.12,1.50
2018.11.21 11:27:44.530,1.14065,1.14069,2.62,1.50
2018.11.21 11:27:44.858,1.14068,1.14069,1.50,1.00
2018.11.21 11:27:44.962,1.1407,1.14073,1.00,7.12
2018.11.21 11:27:45.015,1.1407,1.14071,1.00,1.00
2018.11.21 11:27:45.566,1.1407,1.14072,1.50,1.72
2018.11.21 11:27:45.888,1.14072,1.14073,7.39,1.12
2018.11.21 11:27:46.197,1.14066,1.14068,1.00,1.37
2018.11.21 11:27:46.302,1.14064,1.14068,4.01,1.00
2018.11.21 11:27:46.355,1.14065,1.14067,1.25,1.37
2018.11.21 11:27:46.461,1.14064,1.14068,3.37,5.66
2018.11.21 11:27:46.514,1.14063,1.14066,1.10,1.50
2018.11.21 11:27:46.819,1.14064,1.14069,1.69,4.01
2018.11.21 11:27:47.544,1.14062,1.14065,1.95,3.00
2018.11.21 11:27:47.673,1.14063,1.14066,4.12,1.12
2018.11.21 11:27:47.883,1.14061,1.14065,2.32,2.14
2018.11.21 11:27:48.092,1.14063,1.14066,1.69,1.12
2018.11.21 11:27:48.631,1.14063,1.14067,5.14,1.00
2018.11.21 11:27:48.946,1.14065,1.1407,1.25,11.32
2018.11.21 11:27:49.081,1.14064,1.14069,3.26,1.37
2018.11.21 11:27:50.027,1.14068,1.14069,1.00,4.20
2018.11.21 11:27:50.080,1.14068,1.14071,4.31,1.00
2018.11.21 11:27:50.133,1.1407,1.14072,1.00,2.62
2018.11.21 11:27:50.476,1.14073,1.14075,2.25,2.25
2018.11.21 11:27:50.636,1.14074,1.14077,1.31,1.00
2018.11.21 11:27:50.741,1.14074,1.14078,3.26,1.20
2018.11.21 11:27:50.946,1.14076,1.1408,2.70,1.50
2018.11.21 11:27:51.156,1.14078,1.1408,1.69,3.45
2018.11.21 11:27:51.545,1.14079,1.14082,1.25,2.25
2018.11.21 11:27:51.600,1.14081,1.14083,1.50,1.37
2018.11.21 11:27:51.654,1.14082,1.14084,1.00,1.87
2018.11.21 11:27:51.707,1.14078,1.14085,4.39,8.70
2018.11.21 11:27:52.008,1.1408,1.14085,1.12,12.86
2018.11.21 11:27:52.066,1.14083,1.14087,4.57,1.00
2018.11.21 11:27:52.233,1.14088,1.14089,1.25,5.25
2018.11.21 11:27:52.477,1.14084,1.14089,1.19,2.14
2018.11.21 11:27:52.531,1.14084,1.14087,1.00,3.56
2018.11.21 11:27:52.901,1.14094,1.14095,1.20,1.50
2018.11.21 11:27:52.954,1.14092,1.14094,1.10,1.25
2018.11.21 11:27:53.165,1.14091,1.14092,1.57,1.00
2018.11.21 11:27:53.218,1.14091,1.14094,1.20,2.76
2018.11.21 11:27:53.518,1.14091,1.14097,8.32,2.17
2018.11.21 11:27:53.627,1.14094,1.14099,2.81,2.25
2018.11.21 11:27:53.734,1.14095,1.141,2.06,3.00
2018.11.21 11:27:53.789,1.14098,1.14101,1.69,1.50
2018.11.21 11:27:54.292,1.14097,1.14101,4.57,1.50
2018.11.21 11:27:54.632,1.14107,1.1411,1.25,1.72
2018.11.21 11:27:54.739,1.14116,1.14119,1.00,1.77
2018.11.21 11:27:54.926,1.14117,1.14121,3.64,1.00
2018.11.21 11:27:54.979,1.1412,1.14122,2.32,1.00
2018.11.21 11:27:55.447,1.14114,1.14116,1.50,1.37
2018.11.21 11:27:55.638,1.14111,1.14114,1.45,1.12
2018.11.21 11:27:55.693,1.14107,1.14111,4.01,1.25
2018.11.21 11:27:55.839,1.1411,1.14112,1.00,1.01
2018.11.21 11:27:55.988,1.14108,1.14111,1.95,1.25
2018.11.21 11:27:56.095,1.14107,1.14111,1.01,6.19
2018.11.21 11:27:56.470,1.14105,1.14109,1.76,1.37
2018.11.21 11:27:56.785,1.14101,1.14103,2.06,4.57
2018.11.21 11:27:56.912,1.14095,1.14097,1.00,1.87
2018.11.21 11:27:56.966,1.14093,1.14094,3.00,1.12
2018.11.21 11:27:57.124,1.14093,1.14096,1.50,1.25
2018.11.21 11:27:57.390,1.14092,1.14094,1.00,1.00
2018.11.21 11:27:57.496,1.1409,1.14094,1.00,5.14
2018.11.21 11:27:57.551,1.14088,1.14092,1.19,1.00
2018.11.21 11:27:57.901,1.14087,1.14089,1.00,3.00
2018.11.21 11:27:58.065,1.14081,1.14084,1.25,1.87
2018.11.21 11:27:58.120,1.1408,1.14082,1.50,1.12
2018.11.21 11:27:58.654,1.1408,1.14084,1.69,4.95
2018.11.21 11:27:59.007,1.14089,1.14091,1.25,1.45
2018.11.21 11:27:59.061,1.1409,1.14094,1.25,4.20
2018.11.21 11:27:59.660,1.14091,1.14093,1.00,2.70
2018.11.21 11:28:00.020,1.1409,1.14094,1.69,1.20
2018.11.21 11:28:00.680,1.14091,1.14093,1.25,1.00
2018.11.21 11:28:00.734,1.14093,1.14095,2.81,6.37
2018.11.21 11:28:00.788,1.14095,1.14097,1.31,1.00
2018.11.21 11:28:01.095,1.14092,1.14095,1.57,5.25
2018.11.21 11:28:01.148,1.1409,1.14093,1.69,1.00
2018.11.21 11:28:01.782,1.14092,1.14095,1.00,6.82
2018.11.21 11:28:02.207,1.1409,1.14094,1.00,7.76
2018.11.21 11:28:02.261,1.14088,1.14091,1.39,2.62
2018.11.21 11:28:02.315,1.14087,1.14091,1.31,1.76
2018.11.21 11:28:02.420,1.14085,1.14089,2.51,3.07
2018.11.21 11:28:02.987,1.14085,1.1409,1.69,12.37
2018.11.21 11:28:03.246,1.14085,1.1409,1.69,7.12
2018.11.21 11:28:03.749,1.14085,1.14089,1.69,4.01
2018.11.21 11:28:03.915,1.14085,1.14087,1.69,1.00
2018.11.21 11:28:04.240,1.14081,1.14083,3.37,6.00
2018.11.21 11:28:04.514,1.14081,1.14084,1.00,1.50
2018.11.21 11:28:05.017,1.14081,1.14085,1.25,5.32
2018.11.21 11:28:05.535,1.14081,1.14084,1.25,1.00
2018.11.21 11:28:05.939,1.14079,1.14082,1.50,1.00
2018.11.21 11:28:06.254,1.14077,1.14079,1.00,1.00
2018.11.21 11:28:06.413,1.14077,1.14081,1.25,2.25
2018.11.21 11:28:06.467,1.14079,1.14083,1.50,5.51
2018.11.21 11:28:06.817,1.14075,1.14079,1.20,3.37
2018.11.21 11:28:06.974,1.14078,1.14082,1.44,1.45
2018.11.21 11:28:07.026,1.1408,1.14084,1.00,11.32
2018.11.21 11:28:07.571,1.1408,1.14084,1.00,1.10
2018.11.21 11:28:08.099,1.14081,1.14084,1.00,1.00
2018.11.21 11:28:09.065,1.1408,1.14084,3.19,1.00
2018.11.21 11:28:09.666,1.14081,1.14084,1.00,1.25
2018.11.21 11:28:10.183,1.14081,1.14085,1.00,5.14
2018.11.21 11:28:10.687,1.14081,1.14084,1.50,1.00
2018.11.21 11:28:11.183,1.1408,1.14082,1.00,4.69
2018.11.21 11:28:11.287,1.14076,1.14081,3.37,1.01
2018.11.21 11:28:11.809,1.14077,1.1408,1.50,4.20
2018.11.21 11:28:12.361,1.14071,1.14075,1.00,2.25
2018.11.21 11:28:12.413,1.14073,1.14075,1.00,3.75
2018.11.21 11:28:12.518,1.14071,1.14075,1.00,2.70
2018.11.21 11:28:13.062,1.14071,1.14075,1.00,3.82
2018.11.21 11:28:13.590,1.14071,1.14073,1.00,1.00
2018.11.21 11:28:14.117,1.14071,1.14074,1.00,4.20
2018.11.21 11:28:14.326,1.14071,1.14072,1.00,1.00
2018.11.21 11:28:14.431,1.14071,1.14074,1.00,1.20
2018.11.21 11:28:14.939,1.14071,1.14075,1.00,5.89
2018.11.21 11:28:15.476,1.14071,1.14075,1.00,7.20
2018.11.21 11:28:16.024,1.14071,1.14074,1.00,1.01
2018.11.21 11:28:16.267,1.14071,1.14075,1.00,6.00
2018.11.21 11:28:16.890,1.14071,1.14075,1.00,7.50
2018.11.21 11:28:17.852,1.14071,1.14075,3.94,1.50
2018.11.21 11:28:18.388,1.14072,1.14077,2.44,2.89
2018.11.21 11:28:18.494,1.14075,1.14077,1.19,1.20
2018.11.21 11:28:18.547,1.14075,1.1408,2.06,11.06
2018.11.21 11:28:19.465,1.14075,1.14079,1.00,3.82
2018.11.21 11:28:19.518,1.14074,1.14078,1.69,1.47
2018.11.21 11:28:19.726,1.14075,1.14079,1.50,1.87
2018.11.21 11:28:20.275,1.14075,1.14079,2.44,1.87
2018.11.21 11:28:20.433,1.14078,1.14081,1.69,1.30
2018.11.21 11:28:20.696,1.14084,1.14089,1.31,2.70
2018.11.21 11:28:20.977,1.14086,1.14089,1.10,1.80
2018.11.21 11:28:21.341,1.14084,1.14085,1.12,1.00
2018.11.21 11:28:21.690,1.14081,1.14084,1.00,3.37
2018.11.21 11:28:21.899,1.14082,1.14085,1.00,2.44
2018.11.21 11:28:22.350,1.14084,1.14086,1.69,1.00
2018.11.21 11:28:22.455,1.14085,1.14089,1.00,6.07
2018.11.21 11:28:22.992,1.14085,1.14089,1.00,8.33
2018.11.21 11:28:23.147,1.14083,1.14085,1.10,3.75
2018.11.21 11:28:23.200,1.14081,1.14085,1.57,4.95
2018.11.21 11:28:24.015,1.14081,1.14085,1.50,1.50
2018.11.21 11:28:24.120,1.14084,1.14088,2.44,2.25
2018.11.21 11:28:24.624,1.14085,1.14089,1.50,4.57
2018.11.21 11:28:26.197,1.14085,1.14089,3.19,3.94
2018.11.21 11:28:26.534,1.14088,1.14093,4.31,4.95
2018.11.21 11:28:27.042,1.14089,1.14092,1.00,1.00
2018.11.21 11:28:27.198,1.14089,1.14095,2.81,5.32
2018.11.21 11:28:27.252,1.14089,1.14091,4.01,1.00
2018.11.21 11:28:27.553,1.14086,1.14089,1.00,2.44
2018.11.21 11:28:28.076,1.14085,1.14089,1.00,4.76
2018.11.21 11:28:29.376,1.14085,1.1409,1.50,4.01
2018.11.21 11:28:29.689,1.14087,1.1409,1.00,1.87
2018.11.21 11:28:30.255,1.14087,1.1409,1.00,8.89
2018.11.21 11:28:30.307,1.14084,1.14088,4.20,1.50
2018.11.21 11:28:30.411,1.14085,1.14089,1.00,2.14
2018.11.21 11:28:30.806,1.14088,1.1409,1.31,5.44
2018.11.21 11:28:30.911,1.1409,1.14094,1.00,7.01
2018.11.21 11:28:31.546,1.14087,1.14089,1.00,1.00
2018.11.21 11:28:32.065,1.14086,1.14089,1.00,1.57
2018.11.21 11:28:32.386,1.14083,1.14087,3.00,2.32
2018.11.21 11:28:32.854,1.14084,1.14089,6.19,7.20
2018.11.21 11:28:33.241,1.14087,1.14088,1.00,1.00
2018.11.21 11:28:33.345,1.14087,1.1409,2.06,1.00
2018.11.21 11:28:33.699,1.14085,1.14089,1.00,1.25
2018.11.21 11:28:34.598,1.14085,1.14088,1.50,1.00
2018.11.21 11:28:35.115,1.14086,1.14088,1.87,1.12
2018.11.21 11:28:35.702,1.14086,1.1409,1.00,2.70
2018.11.21 11:28:35.808,1.14086,1.14088,1.00,1.00
2018.11.21 11:28:36.019,1.14088,1.14091,1.00,1.20
2018.11.21 11:28:36.153,1.1409,1.14093,1.25,1.00
2018.11.21 11:28:36.464,1.14092,1.14095,1.12,1.20
2018.11.21 11:28:37.684,1.14091,1.14095,4.87,3.64
2018.11.21 11:28:37.945,1.14091,1.14096,2.62,7.39
2018.11.21 11:28:38.050,1.14094,1.14096,1.12,1.95
2018.11.21 11:28:38.154,1.14094,1.14099,6.00,11.51
2018.11.21 11:28:38.207,1.14095,1.14099,3.74,3.82
2018.11.21 11:28:38.756,1.14095,1.141,4.76,1.50
2018.11.21 11:28:40.012,1.14096,1.14101,3.26,4.12
2018.11.21 11:28:40.227,1.14101,1.14105,1.50,3.56
2018.11.21 11:28:40.488,1.14099,1.14103,1.76,1.31
2018.11.21 11:28:41.405,1.14099,1.14104,2.06,3.64
2018.11.21 11:28:41.948,1.141,1.14105,2.06,6.07
2018.11.21 11:28:42.236,1.14104,1.14108,1.25,6.07
2018.11.21 11:28:42.654,1.14104,1.14108,1.37,4.57
2018.11.21 11:28:42.935,1.14104,1.14108,1.37,3.26
2018.11.21 11:28:43.250,1.14108,1.14109,1.12,1.10
2018.11.21 11:28:43.304,1.14108,1.14111,2.32,1.00
2018.11.21 11:28:43.524,1.1411,1.14113,2.89,1.00
2018.11.21 11:28:43.837,1.14109,1.14112,1.50,1.25
2018.11.21 11:28:43.890,1.14111,1.14113,1.00,1.00
2018.11.21 11:28:44.432,1.14111,1.14115,1.00,2.44
2018.11.21 11:28:44.984,1.14111,1.14116,1.50,8.25
2018.11.21 11:28:45.141,1.14113,1.14116,5.06,2.25
2018.11.21 11:28:45.195,1.14114,1.14119,5.51,2.25
2018.11.21 11:28:45.370,1.14118,1.14121,1.10,5.62
2018.11.21 11:28:45.740,1.14117,1.1412,1.00,4.50
2018.11.21 11:28:46.285,1.14116,1.1412,4.20,3.19
2018.11.21 11:28:46.831,1.14117,1.1412,1.00,3.37
2018.11.21 11:28:47.390,1.14114,1.14115,1.20,1.50
2018.11.21 11:28:47.443,1.14112,1.14114,1.95,1.00
2018.11.21 11:28:47.600,1.1411,1.14115,4.76,3.00
2018.11.21 11:28:48.020,1.14111,1.14113,1.50,1.50
2018.11.21 11:28:48.167,1.14107,1.1411,1.00,2.44
2018.11.21 11:28:48.586,1.14102,1.14103,3.45,1.00
2018.11.21 11:28:48.795,1.14101,1.14103,1.10,1.25
2018.11.21 11:28:49.266,1.14099,1.14104,1.25,4.20
2018.11.21 11:28:49.319,1.14101,1.14103,1.50,1.00
2018.11.21 11:28:49.858,1.14101,1.14105,1.95,2.51
2018.11.21 11:28:50.391,1.14105,1.14106,1.25,1.00
2018.11.21 11:28:50.445,1.14105,1.14109,1.25,2.44
2018.11.21 11:28:50.788,1.14108,1.14111,1.00,1.95
2018.11.21 11:28:50.947,1.14106,1.1411,1.00,3.26
2018.11.21 11:28:51.053,1.14104,1.14109,2.32,2.44
2018.11.21 11:28:51.570,1.14107,1.14111,1.25,5.89
2018.11.21 11:28:51.943,1.1411,1.14114,1.95,3.26
2018.11.21 11:28:52.468,1.14111,1.14114,1.87,1.25
2018.11.21 11:28:52.805,1.14108,1.1411,1.00,2.81
2018.11.21 11:28:52.913,1.14106,1.14109,1.00,1.25
2018.11.21 11:28:53.487,1.14104,1.14109,2.32,3.37
2018.11.21 11:28:54.070,1.14105,1.1411,1.00,5.14
2018.11.21 11:28:54.407,1.14109,1.1411,1.12,1.50
2018.11.21 11:28:54.460,1.14109,1.14113,4.39,1.01
2018.11.21 11:28:54.566,1.1411,1.14113,1.95,1.31
2018.11.21 11:28:56.329,1.14111,1.14115,1.12,7.50
2018.11.21 11:28:56.877,1.14109,1.14114,1.95,5.70
2018.11.21 11:28:57.240,1.14108,1.14111,1.20,3.94
2018.11.21 11:28:57.576,1.14117,1.14119,1.00,1.00
2018.11.21 11:28:58.089,1.14117,1.1412,1.25,1.00
2018.11.21 11:28:58.608,1.14117,1.14121,1.12,4.01
2018.11.21 11:28:58.912,1.14117,1.14121,1.12,1.19
2018.11.21 11:28:59.173,1.14115,1.1412,6.07,4.87
2018.11.21 11:28:59.622,1.14118,1.14121,1.00,2.70
2018.11.21 11:28:59.729,1.1412,1.14122,1.00,4.72
2018.11.21 11:29:00.273,1.1412,1.14125,1.57,2.62
2018.11.21 11:29:01.012,1.1412,1.14124,3.75,1.00
2018.11.21 11:29:01.583,1.1412,1.14124,4.50,1.00
2018.11.21 11:29:02.053,1.1412,1.14126,5.44,6.19
2018.11.21 11:29:02.157,1.14125,1.14127,1.00,1.00
2018.11.21 11:29:02.211,1.14126,1.1413,1.00,5.06
2018.11.21 11:29:02.757,1.14125,1.14129,2.62,1.25
2018.11.21 11:29:02.914,1.14126,1.14131,2.06,1.12
2018.11.21 11:29:03.203,1.14127,1.14131,1.00,2.44
2018.11.21 11:29:03.255,1.14126,1.14131,1.12,3.19
2018.11.21 11:29:03.835,1.14127,1.14131,1.69,1.13
2018.11.21 11:29:03.994,1.14126,1.1413,1.50,3.00
2018.11.21 11:29:04.606,1.14124,1.14129,3.37,1.44
2018.11.21 11:29:04.921,1.1412,1.14124,2.25,1.30
2018.11.21 11:29:05.240,1.14119,1.1412,1.00,1.00
2018.11.21 11:29:05.293,1.14117,1.1412,1.00,1.25
2018.11.21 11:29:05.814,1.14116,1.14121,1.25,5.51
2018.11.21 11:29:06.358,1.14118,1.14121,1.50,2.25
2018.11.21 11:29:06.521,1.1412,1.14124,1.00,1.00
2018.11.21 11:29:06.574,1.14122,1.14126,1.69,4.87
2018.11.21 11:29:06.678,1.14125,1.14129,1.00,3.75
2018.11.21 11:29:06.832,1.14124,1.14127,1.87,1.50
2018.11.21 11:29:07.355,1.14123,1.14128,3.00,2.44
2018.11.21 11:29:07.665,1.14121,1.14125,1.50,5.44
2018.11.21 11:29:07.825,1.14119,1.14124,1.87,5.81
2018.11.21 11:29:08.357,1.1412,1.14124,1.12,3.04
2018.11.21 11:29:08.616,1.14121,1.14126,1.75,4.31
2018.11.21 11:29:08.900,1.14117,1.14122,6.26,2.06
2018.11.21 11:29:09.108,1.14116,1.1412,3.75,1.69
2018.11.21 11:29:09.214,1.14114,1.14119,5.44,3.75
2018.11.21 11:29:09.818,1.14114,1.14119,6.00,5.25
2018.11.21 11:29:09.957,1.14114,1.14119,3.00,2.25
2018.11.21 11:29:10.489,1.14114,1.14119,4.50,1.00
2018.11.21 11:29:10.545,1.14116,1.1412,5.81,1.00
2018.11.21 11:29:11.060,1.14114,1.14119,2.81,1.25
2018.11.21 11:29:11.269,1.14114,1.14119,2.81,1.25
2018.11.21 11:29:11.799,1.14114,1.1412,2.06,3.00
2018.11.21 11:29:12.374,1.14114,1.14119,4.31,1.50
2018.11.21 11:29:12.994,1.14115,1.1412,1.12,2.06
2018.11.21 11:29:14.247,1.14115,1.14119,1.69,1.50
2018.11.21 11:29:14.672,1.14115,1.1412,1.00,3.64
2018.11.21 11:29:14.777,1.14118,1.1412,1.12,1.00
2018.11.21 11:29:14.932,1.14119,1.14123,1.12,3.00
2018.11.21 11:29:15.246,1.14122,1.14126,1.00,4.87
2018.11.21 11:29:15.775,1.1412,1.14125,3.75,2.62
2018.11.21 11:29:16.295,1.14121,1.14124,1.00,1.50
2018.11.21 11:29:16.835,1.14124,1.14125,1.00,2.25
2018.11.21 11:29:16.888,1.14123,1.14127,4.31,1.00
2018.11.21 11:29:17.158,1.14125,1.14129,1.31,1.31
2018.11.21 11:29:17.418,1.14127,1.1413,1.00,3.37
2018.11.21 11:29:17.764,1.14138,1.14142,2.25,7.27
2018.11.21 11:29:18.077,1.14135,1.14139,2.25,1.50
2018.11.21 11:29:18.579,1.14134,1.14137,5.06,2.62
2018.11.21 11:29:18.684,1.14131,1.14136,1.00,9.41
2018.11.21 11:29:19.188,1.14132,1.14136,2.44,6.00
2018.11.21 11:29:19.502,1.14136,1.14137,1.00,3.00
2018.11.21 11:29:19.555,1.14137,1.14139,1.69,3.07
2018.11.21 11:29:19.826,1.14137,1.14141,2.44,2.44
2018.11.21 11:29:19.879,1.14139,1.14141,1.00,3.94
2018.11.21 11:29:19.985,1.14137,1.1414,4.69,1.50
2018.11.21 11:29:20.247,1.14135,1.1414,1.87,1.50
2018.11.21 11:29:20.512,1.14133,1.14137,1.50,6.00
2018.11.21 11:29:20.833,1.14121,1.14125,1.20,3.37
2018.11.21 11:29:21.292,1.1412,1.14125,1.50,1.12
2018.11.21 11:29:21.500,1.14121,1.14126,1.00,9.00
2018.11.21 11:29:22.023,1.1412,1.14125,1.12,3.56
2018.11.21 11:29:22.282,1.14123,1.14126,1.31,1.87
2018.11.21 11:29:22.440,1.14126,1.1413,1.31,2.44
2018.11.21 11:29:22.989,1.14125,1.1413,1.87,3.75
2018.11.21 11:29:23.665,1.14124,1.14128,1.12,1.00
2018.11.21 11:29:24.135,1.14123,1.14125,1.87,3.60
2018.11.21 11:29:24.240,1.1412,1.14124,1.25,2.62
2018.11.21 11:29:25.191,1.14119,1.14121,2.81,1.87
2018.11.21 11:29:25.246,1.14117,1.1412,1.00,3.00
2018.11.21 11:29:25.352,1.14119,1.14121,1.25,1.69
2018.11.21 11:29:25.456,1.14119,1.14122,1.25,1.00
2018.11.21 11:29:25.562,1.14119,1.14124,1.69,4.57
2018.11.21 11:29:25.826,1.14123,1.14126,1.19,3.75
2018.11.21 11:29:25.880,1.14121,1.14124,1.00,1.00
2018.11.21 11:29:25.933,1.14119,1.14125,2.81,6.94
2018.11.21 11:29:26.145,1.14118,1.14121,1.00,1.69
2018.11.21 11:29:26.652,1.14116,1.14121,1.69,1.31
2018.11.21 11:29:26.913,1.14115,1.1412,3.37,7.87
2018.11.21 11:29:27.017,1.14113,1.14115,2.25,1.62
2018.11.21 11:29:27.070,1.14112,1.14114,1.00,2.25
2018.11.21 11:29:27.214,1.14108,1.14113,2.06,3.97
2018.11.21 11:29:27.755,1.14109,1.14112,1.31,1.12
2018.11.21 11:29:28.409,1.14111,1.14112,1.69,1.50
2018.11.21 11:29:28.463,1.14109,1.14111,1.12,1.12
2018.11.21 11:29:28.568,1.14109,1.14113,3.56,1.12
2018.11.21 11:29:29.112,1.14109,1.14114,12.64,1.00
2018.11.21 11:29:29.269,1.14109,1.14113,5.06,1.50
2018.11.21 11:29:29.322,1.14111,1.14113,2.44,1.00
2018.11.21 11:29:29.550,1.14113,1.14118,1.87,1.50
2018.11.21 11:29:29.969,1.14114,1.14118,3.37,1.00
2018.11.21 11:29:30.185,1.14115,1.1412,2.25,3.00
2018.11.21 11:29:30.711,1.14116,1.1412,2.25,1.00
2018.11.21 11:29:31.212,1.14117,1.14121,6.94,1.31
2018.11.21 11:29:31.725,1.14117,1.14122,3.94,4.31
2018.11.21 11:29:32.090,1.14118,1.14123,3.75,1.87
2018.11.21 11:29:32.904,1.14118,1.14124,12.20,3.56
2018.11.21 11:29:33.413,1.14118,1.14123,9.00,1.00
2018.11.21 11:29:33.985,1.14118,1.14124,4.50,7.69
2018.11.21 11:29:34.616,1.14119,1.14123,1.31,1.12
2018.11.21 11:29:34.934,1.14121,1.14125,1.25,3.00
2018.11.21 11:29:35.041,1.14119,1.14123,2.44,1.00
2018.11.21 11:29:36.412,1.14122,1.14123,1.00,1.00
2018.11.21 11:29:36.518,1.14124,1.14126,2.81,1.00
2018.11.21 11:29:36.625,1.14124,1.14128,2.06,1.25
2018.11.21 11:29:37.054,1.14124,1.14126,1.50,1.00
2018.11.21 11:29:37.107,1.14124,1.14128,1.50,1.00
2018.11.21 11:29:37.651,1.14125,1.14129,6.56,1.00
2018.11.21 11:29:38.173,1.14125,1.1413,4.12,3.19
2018.11.21 11:29:38.226,1.14124,1.14129,1.12,3.19
2018.11.21 11:29:38.930,1.14122,1.14125,3.56,1.00
2018.11.21 11:29:39.126,1.14119,1.14124,1.69,2.44
2018.11.21 11:29:39.334,1.14121,1.14124,1.00,1.10
2018.11.21 11:29:39.665,1.14119,1.14122,4.31,1.50
2018.11.21 11:29:39.769,1.14118,1.14122,2.81,1.12
2018.11.21 11:29:40.374,1.14119,1.14122,1.25,1.00
2018.11.21 11:29:41.740,1.14118,1.14122,6.00,1.00
2018.11.21 11:29:42.133,1.14116,1.14119,1.12,1.50
2018.11.21 11:29:42.343,1.14117,1.14121,1.00,4.20
2018.11.21 11:29:42.449,1.14119,1.14121,1.00,1.10
2018.11.21 11:29:42.777,1.14118,1.14123,5.25,1.31
2018.11.21 11:29:43.818,1.14118,1.14122,3.19,1.44
2018.11.21 11:29:43.986,1.14115,1.1412,3.00,3.56
2018.11.21 11:29:44.381,1.14118,1.14121,5.44,1.00
2018.11.21 11:29:44.434,1.14118,1.14123,5.44,1.57
2018.11.21 11:29:45.037,1.14119,1.14123,1.25,1.12
2018.11.21 11:29:45.608,1.14119,1.14124,3.19,3.82
2018.11.21 11:29:46.135,1.1412,1.14124,1.00,2.62
2018.11.21 11:29:46.513,1.14122,1.14124,1.00,1.12
2018.11.21 11:29:46.844,1.14126,1.1413,1.00,8.06
2018.11.21 11:29:47.365,1.14125,1.14129,1.69,2.25
2018.11.21 11:29:47.914,1.14125,1.1413,2.44,4.12
2018.11.21 11:29:47.968,1.14127,1.14129,1.00,1.12
2018.11.21 11:29:48.391,1.14127,1.14131,1.25,1.87
2018.11.21 11:29:48.920,1.14128,1.14131,1.00,1.25
2018.11.21 11:29:49.404,1.14126,1.1413,1.00,1.69
2018.11.21 11:29:49.572,1.14128,1.1413,1.25,2.50
2018.11.21 11:29:49.625,1.14129,1.14132,1.50,1.87
2018.11.21 11:29:49.887,1.1413,1.14134,1.69,3.94
2018.11.21 11:29:50.596,1.14131,1.14134,1.00,1.25
2018.11.21 11:29:51.155,1.1413,1.14134,2.44,1.12
2018.11.21 11:29:51.364,1.14128,1.14133,6.19,2.85
2018.11.21 11:29:51.417,1.14128,1.14133,4.69,1.12
2018.11.21 11:29:51.469,1.14128,1.14132,1.25,1.50
2018.11.21 11:29:51.995,1.14127,1.14132,3.56,1.12
2018.11.21 11:29:52.615,1.1413,1.14132,1.00,1.00
2018.11.21 11:29:52.864,1.14132,1.14133,1.12,2.25
2018.11.21 11:29:52.969,1.14131,1.14135,1.31,3.00
2018.11.21 11:29:53.506,1.14131,1.14135,1.62,2.32
2018.11.21 11:29:54.036,1.14131,1.14135,1.12,6.64
2018.11.21 11:29:54.451,1.14132,1.14135,3.56,1.12
2018.11.21 11:29:54.629,1.14135,1.14139,1.31,1.12
2018.11.21 11:29:54.787,1.14133,1.14136,3.00,1.00
2018.11.21 11:29:55.105,1.14131,1.14135,2.06,2.62
2018.11.21 11:29:55.187,1.1413,1.14133,3.07,1.00
2018.11.21 11:29:55.240,1.14125,1.14129,3.07,1.50
2018.11.21 11:29:55.455,1.14123,1.14125,1.00,1.87
2018.11.21 11:29:55.509,1.14121,1.14124,1.20,1.00
2018.11.21 11:29:55.563,1.1412,1.14121,1.00,1.00
2018.11.21 11:29:55.767,1.14117,1.14121,1.87,1.50
2018.11.21 11:29:56.027,1.14115,1.1412,3.00,1.69
2018.11.21 11:29:56.131,1.14115,1.14117,1.00,1.00
2018.11.21 11:29:56.349,1.14111,1.14116,5.05,1.25
2018.11.21 11:29:56.505,1.14115,1.14118,1.00,3.37
2018.11.21 11:29:56.663,1.14115,1.14119,1.00,2.06
2018.11.21 11:29:57.009,1.14118,1.14123,3.56,1.87
2018.11.21 11:29:57.530,1.1412,1.14123,1.50,1.00
2018.11.21 11:29:57.872,1.14118,1.14122,1.00,2.00
2018.11.21 11:29:57.980,1.14116,1.1412,1.12,1.69
2018.11.21 11:29:58.034,1.14115,1.14117,1.50,1.00
2018.11.21 11:29:58.087,1.14114,1.14119,5.25,1.69
2018.11.21 11:29:58.193,1.14114,1.14117,1.12,1.00
2018.11.21 11:29:58.299,1.14112,1.14117,4.50,1.12
2018.11.21 11:29:58.407,1.1411,1.14114,4.12,1.00
2018.11.21 11:29:58.978,1.1411,1.14113,1.87,1.25
2018.11.21 11:29:59.032,1.14107,1.14112,2.25,1.31
2018.11.21 11:29:59.352,1.14107,1.1411,3.37,1.69
2018.11.21 11:29:59.665,1.14108,1.14111,2.62,1.00
2018.11.21 11:29:59.722,1.14106,1.14111,1.00,2.44
2018.11.21 11:29:59.881,1.14105,1.1411,2.06,4.69
2018.11.21 11:30:00.037,1.14106,1.14111,1.31,6.56
2018.11.21 11:30:00.125,1.14108,1.14111,1.12,1.31
2018.11.21 11:30:00.487,1.14108,1.14114,4.31,4.01
2018.11.21 11:30:00.540,1.14108,1.14114,2.81,3.19
2018.11.21 11:30:01.150,1.1411,1.14114,1.00,1.87
2018.11.21 11:30:02.003,1.1411,1.14115,3.00,4.69
2018.11.21 11:30:02.105,1.1411,1.14115,1.00,4.69
2018.11.21 11:30:02.669,1.14109,1.14114,1.01,2.62
2018.11.21 11:30:03.680,1.14106,1.14112,4.57,1.87
2018.11.21 11:30:03.989,1.14108,1.14113,3.64,1.31
2018.11.21 11:30:04.525,1.14108,1.14113,1.01,1.31
2018.11.21 11:30:04.913,1.14106,1.1411,2.70,1.87
2018.11.21 11:30:05.018,1.14104,1.1411,10.95,6.00
2018.11.21 11:30:05.563,1.14106,1.14111,2.06,9.94
2018.11.21 11:30:05.667,1.14106,1.14108,2.25,2.12
2018.11.21 11:30:05.772,1.14103,1.14106,3.19,1.00
2018.11.21 11:30:05.914,1.14104,1.14108,1.00,1.12
2018.11.21 11:30:06.024,1.14106,1.14109,1.00,1.25
2018.11.21 11:30:06.630,1.14104,1.14108,1.31,1.00
2018.11.21 11:30:06.788,1.14102,1.14107,4.20,1.12
2018.11.21 11:30:07.307,1.14102,1.14108,4.20,2.00
2018.11.21 11:30:07.451,1.14103,1.14105,1.00,1.19
2018.11.21 11:30:07.505,1.141,1.14104,3.82,1.31
2018.11.21 11:30:07.609,1.14102,1.14107,9.55,1.37
2018.11.21 11:30:07.664,1.14103,1.14108,4.31,2.81
2018.11.21 11:30:08.213,1.14105,1.14109,1.12,3.19
2018.11.21 11:30:10.571,1.14104,1.14109,1.12,3.56
2018.11.21 11:30:11.105,1.14103,1.14109,3.37,3.56
2018.11.21 11:30:15.408,1.14106,1.14109,1.25,6.00
2018.11.21 11:30:15.659,1.14107,1.1411,4.12,1.50
2018.11.21 11:30:15.713,1.14109,1.14112,1.00,1.00
2018.11.21 11:30:16.273,1.14108,1.14112,3.37,1.00
2018.11.21 11:30:17.836,1.14109,1.14114,1.25,4.20
2018.11.21 11:30:18.327,1.14107,1.14109,2.25,1.00
2018.11.21 11:30:18.615,1.14104,1.14109,5.51,1.95
2018.11.21 11:30:18.668,1.14104,1.14108,2.70,1.37
2018.11.21 11:30:18.826,1.141,1.14104,1.00,3.00
2018.11.21 11:30:19.256,1.14099,1.14104,3.64,3.45
2018.11.21 11:30:19.679,1.14099,1.14104,3.26,4.31
2018.11.21 11:30:20.211,1.14099,1.14103,2.44,1.00
2018.11.21 11:30:21.348,1.14099,1.14102,2.44,1.00
2018.11.21 11:30:21.403,1.14098,1.141,2.25,2.62
2018.11.21 11:30:21.566,1.14096,1.141,1.50,2.25
2018.11.21 11:30:22.104,1.14096,1.141,2.70,1.00
2018.11.21 11:30:22.260,1.14095,1.14099,1.69,1.25
2018.11.21 11:30:22.674,1.14098,1.14101,2.44,1.95
2018.11.21 11:30:22.982,1.14098,1.14103,4.31,1.57
2018.11.21 11:30:23.791,1.14099,1.14102,1.00,3.19
2018.11.21 11:30:23.967,1.14095,1.14098,1.87,1.00
2018.11.21 11:30:24.484,1.14094,1.14098,1.39,1.95
2018.11.21 11:30:25.010,1.14093,1.14098,2.25,4.01
2018.11.21 11:30:25.357,1.14096,1.14099,2.06,2.70
2018.11.21 11:30:25.410,1.14098,1.14101,4.69,3.75
2018.11.21 11:30:25.515,1.14098,1.14104,8.81,8.25
2018.11.21 11:30:26.067,1.141,1.14103,1.00,1.50
2018.11.21 11:30:26.584,1.141,1.14102,1.00,1.00
2018.11.21 11:30:27.101,1.14099,1.14103,3.37,1.87
2018.11.21 11:30:27.153,1.14102,1.14105,3.45,3.37
2018.11.21 11:30:27.310,1.14106,1.1411,1.50,2.32
2018.11.21 11:30:27.546,1.14108,1.14111,1.20,1.69
2018.11.21 11:30:27.705,1.1411,1.14113,1.00,1.50
2018.11.21 11:30:28.892,1.14109,1.14112,1.69,1.25
2018.11.21 11:30:28.997,1.14109,1.1411,1.00,1.25
2018.11.21 11:30:29.134,1.14106,1.1411,1.57,4.20
2018.11.21 11:30:29.653,1.14107,1.1411,1.00,5.06
2018.11.21 11:30:30.087,1.14105,1.14109,3.82,1.25
2018.11.21 11:30:32.318,1.14108,1.1411,1.00,1.00
2018.11.21 11:30:32.683,1.14106,1.14111,2.62,7.05
2018.11.21 11:30:33.075,1.14106,1.14109,2.62,1.19
2018.11.21 11:30:33.389,1.14109,1.14111,1.00,1.00
2018.11.21 11:30:33.493,1.14108,1.14113,3.82,5.06
2018.11.21 11:30:34.025,1.14109,1.14113,1.20,1.10
2018.11.21 11:30:35.833,1.14112,1.14114,1.00,10.69
2018.11.21 11:30:36.146,1.14119,1.14123,1.50,1.00
2018.11.21 11:30:36.198,1.14117,1.14121,2.25,1.25
2018.11.21 11:30:36.761,1.14116,1.1412,4.01,1.25
2018.11.21 11:30:36.950,1.14116,1.1412,1.95,2.44
2018.11.21 11:30:37.254,1.14119,1.14124,10.01,3.56
2018.11.21 11:30:37.360,1.14118,1.14122,3.00,1.00
2018.11.21 11:30:37.624,1.14119,1.14121,1.12,1.19
2018.11.21 11:30:38.148,1.14117,1.14121,1.95,1.19
2018.11.21 11:30:38.308,1.14116,1.14121,1.57,6.37
2018.11.21 11:30:38.870,1.14116,1.14121,8.14,1.12
2018.11.21 11:30:39.377,1.14116,1.1412,1.57,1.00
2018.11.21 11:30:39.640,1.14115,1.14116,2.25,1.50
2018.11.21 11:30:39.747,1.1411,1.14113,1.37,2.81
2018.11.21 11:30:39.805,1.14115,1.14117,1.12,11.89
2018.11.21 11:30:39.965,1.14118,1.14122,1.12,1.76
2018.11.21 11:30:40.123,1.14118,1.14123,1.50,1.20
2018.11.21 11:30:40.333,1.14123,1.14125,1.00,4.50
2018.11.21 11:30:40.599,1.14124,1.1413,3.45,3.64
2018.11.21 11:30:40.968,1.14123,1.14127,1.37,1.19
2018.11.21 11:30:41.222,1.14124,1.14129,2.89,1.00
2018.11.21 11:30:41.740,1.14124,1.14129,1.20,1.50
2018.11.21 11:30:42.278,1.14124,1.14129,1.76,2.25
2018.11.21 11:30:42.797,1.14122,1.14127,1.12,4.76
2018.11.21 11:30:43.325,1.14122,1.14126,1.12,1.69
2018.11.21 11:30:43.592,1.1412,1.14124,2.70,3.37
2018.11.21 11:30:43.801,1.14118,1.14123,2.14,1.00
2018.11.21 11:30:44.347,1.14118,1.14123,4.39,3.45
2018.11.21 11:30:44.724,1.14118,1.14122,4.95,1.19
2018.11.21 11:30:44.828,1.14115,1.14118,1.00,1.12
2018.11.21 11:30:45.577,1.14115,1.14118,1.00,3.19
2018.11.21 11:30:46.096,1.14115,1.14118,1.00,2.06
2018.11.21 11:30:46.657,1.14116,1.1412,1.00,4.39
2018.11.21 11:30:47.175,1.14113,1.14118,8.06,2.44
2018.11.21 11:30:47.465,1.14115,1.14118,1.00,2.70
2018.11.21 11:30:47.780,1.14117,1.1412,3.19,2.70
2018.11.21 11:30:47.944,1.14113,1.14118,6.94,1.12
2018.11.21 11:30:48.821,1.14115,1.14119,1.00,3.82
2018.11.21 11:30:48.941,1.14117,1.1412,1.69,3.82
2018.11.21 11:30:48.994,1.14117,1.14121,2.06,3.36
2018.11.21 11:30:49.203,1.14117,1.1412,2.06,2.89
2018.11.21 11:30:49.711,1.14117,1.1412,2.44,1.87
2018.11.21 11:30:50.027,1.14116,1.14118,1.00,1.00
2018.11.21 11:30:50.182,1.14114,1.14118,2.44,1.00
2018.11.21 11:30:50.601,1.14118,1.1412,1.50,4.57
2018.11.21 11:30:50.654,1.14118,1.1412,1.00,2.25
2018.11.21 11:30:51.191,1.14114,1.14118,5.70,1.00
2018.11.21 11:30:51.704,1.14114,1.14118,1.12,1.12
2018.11.21 11:30:51.914,1.14117,1.14119,1.50,1.00
2018.11.21 11:30:52.019,1.14117,1.14121,2.25,2.70
2018.11.21 11:30:52.332,1.14117,1.14119,1.00,5.44
2018.11.21 11:30:52.384,1.14114,1.14118,1.50,1.50
2018.11.21 11:30:52.651,1.14116,1.14119,2.44,1.50
2018.11.21 11:30:52.859,1.14117,1.14121,1.69,2.44
2018.11.21 11:30:53.361,1.14118,1.14121,1.50,4.69
2018.11.21 11:30:54.021,1.14117,1.14121,2.44,3.19
2018.11.21 11:30:54.127,1.14117,1.14119,1.00,1.25
2018.11.21 11:30:54.648,1.14116,1.1412,1.00,5.89
2018.11.21 11:30:55.193,1.14117,1.14121,1.25,7.57
2018.11.21 11:30:55.246,1.14119,1.14124,8.06,3.82
2018.11.21 11:30:55.404,1.14127,1.14129,2.81,3.07
2018.11.21 11:30:55.457,1.14129,1.1413,1.12,1.12
2018.11.21 11:30:55.613,1.1413,1.14132,1.00,1.00
2018.11.21 11:30:55.790,1.14127,1.14129,1.00,2.29
2018.11.21 11:30:55.844,1.14126,1.1413,2.44,1.45
2018.11.21 11:30:55.897,1.14131,1.14132,3.56,1.12
2018.11.21 11:30:56.002,1.14133,1.14135,5.62,2.25
2018.11.21 11:30:56.106,1.14133,1.14137,5.44,1.00
2018.11.21 11:30:56.341,1.14129,1.14135,6.64,2.44
2018.11.21 11:30:56.879,1.14129,1.14134,1.01,1.87
2018.11.21 11:30:57.380,1.14129,1.14133,2.25,1.00
2018.11.21 11:30:57.919,1.14128,1.14133,2.62,2.74
2018.11.21 11:30:57.973,1.14128,1.14132,1.00,4.58
2018.11.21 11:30:58.284,1.14126,1.14132,3.94,5.51
2018.11.21 11:30:58.554,1.14128,1.14132,1.31,2.32
2018.11.21 11:30:58.607,1.14128,1.1413,3.00,1.50
2018.11.21 11:30:58.660,1.14128,1.14133,3.94,2.25
2018.11.21 11:30:59.182,1.14129,1.14134,1.31,3.83
2018.11.21 11:30:59.697,1.14129,1.14133,6.30,1.13
2018.11.21 11:31:00.387,1.14129,1.14134,2.44,2.51
2018.11.21 11:31:01.257,1.14129,1.14134,9.64,1.12
2018.11.21 11:31:02.228,1.1413,1.14135,4.20,2.25
2018.11.21 11:31:02.333,1.14133,1.14137,5.81,1.00
2018.11.21 11:31:02.438,1.14135,1.14139,1.10,1.57
2018.11.21 11:31:02.988,1.14135,1.14138,1.10,1.00
2018.11.21 11:31:03.525,1.14134,1.14139,1.00,2.51
2018.11.21 11:31:03.630,1.14136,1.1414,1.00,2.89
2018.11.21 11:31:04.172,1.14135,1.14138,1.69,1.00
2018.11.21 11:31:04.662,1.14133,1.14135,1.20,1.25
2018.11.21 11:31:04.716,1.1413,1.14135,2.51,6.56
2018.11.21 11:31:05.182,1.14129,1.1413,1.00,1.12
2018.11.21 11:31:05.240,1.14126,1.1413,1.00,1.95
2018.11.21 11:31:05.746,1.14124,1.14129,3.75,4.39
2018.11.21 11:31:05.799,1.14124,1.14126,2.25,1.00
2018.11.21 11:31:06.096,1.1412,1.14124,1.25,2.51
2018.11.21 11:31:06.626,1.14119,1.14124,2.70,2.81
2018.11.21 11:31:07.172,1.14119,1.14124,1.39,1.87
2018.11.21 11:31:07.226,1.14123,1.14124,1.12,1.00
2018.11.21 11:31:07.332,1.14123,1.14126,6.56,1.00
2018.11.21 11:31:07.626,1.14124,1.14128,1.12,1.87
2018.11.21 11:31:07.938,1.14124,1.14129,1.75,5.51
2018.11.21 11:31:08.301,1.14124,1.14129,1.87,1.20
2018.11.21 11:31:08.810,1.14125,1.14129,1.00,2.70
2018.11.21 11:31:09.311,1.14124,1.14129,2.44,4.57
2018.11.21 11:31:09.920,1.14124,1.14128,1.25,1.00
2018.11.21 11:31:10.453,1.14124,1.14129,3.26,3.37
2018.11.21 11:31:11.004,1.14124,1.14129,4.57,1.31
2018.11.21 11:31:11.464,1.14126,1.1413,1.87,1.57
2018.11.21 11:31:11.778,1.14125,1.14129,1.01,1.76
2018.11.21 11:31:11.912,1.14124,1.14129,2.06,1.57
2018.11.21 11:31:12.226,1.14126,1.1413,1.31,1.50
2018.11.21 11:31:12.540,1.14128,1.14133,5.51,1.69
2018.11.21 11:31:12.881,1.14126,1.1413,1.10,2.51
2018.11.21 11:31:13.170,1.14124,1.14129,2.51,1.25
2018.11.21 11:31:13.326,1.14126,1.1413,1.31,1.10
2018.11.21 11:31:13.485,1.14127,1.14132,4.76,1.50
2018.11.21 11:31:13.645,1.14129,1.14133,1.00,7.01
2018.11.21 11:31:13.961,1.14131,1.14135,2.25,1.50
2018.11.21 11:31:15.434,1.1413,1.14134,1.57,1.31
2018.11.21 11:31:16.732,1.14129,1.14134,3.37,2.14
2018.11.21 11:31:17.332,1.14129,1.14134,3.00,2.14
2018.11.21 11:31:18.590,1.14129,1.14132,1.31,1.00
2018.11.21 11:31:19.264,1.14129,1.14134,1.25,5.70
2018.11.21 11:31:22.009,1.14128,1.1413,1.00,1.50
2018.11.21 11:31:22.113,1.14125,1.14129,1.25,2.89
2018.11.21 11:31:22.658,1.14127,1.1413,2.44,1.87
2018.11.21 11:31:22.970,1.14131,1.14133,1.69,1.95
2018.11.21 11:31:23.024,1.14133,1.14136,3.56,3.07
2018.11.21 11:31:23.077,1.14136,1.14137,1.12,1.50
2018.11.21 11:31:23.130,1.14135,1.14139,6.19,2.70
2018.11.21 11:31:23.263,1.14138,1.14143,3.37,1.76
2018.11.21 11:31:23.471,1.14138,1.14142,2.25,3.56
2018.11.21 11:31:23.871,1.14136,1.1414,1.00,3.56
2018.11.21 11:31:24.387,1.14135,1.14139,4.87,1.00
2018.11.21 11:31:24.709,1.14134,1.14139,4.76,1.69
2018.11.21 11:31:25.315,1.14135,1.14139,1.69,1.45
2018.11.21 11:31:25.419,1.14136,1.1414,3.37,1.00
2018.11.21 11:31:26.274,1.14138,1.14142,4.12,3.82
2018.11.21 11:31:26.379,1.14138,1.14144,7.31,6.07
2018.11.21 11:31:26.484,1.14137,1.14142,4.12,4.87
2018.11.21 11:31:26.818,1.14136,1.1414,2.62,1.62
2018.11.21 11:31:27.187,1.14134,1.14139,5.81,4.39
2018.11.21 11:31:29.113,1.14135,1.14138,1.00,1.12
2018.11.21 11:31:29.745,1.14134,1.14139,2.44,4.20
2018.11.21 11:31:31.359,1.14135,1.14139,3.94,4.12
2018.11.21 11:31:31.479,1.14135,1.14139,1.87,1.00
2018.11.21 11:31:32.020,1.14135,1.14138,1.00,1.00
2018.11.21 11:31:32.635,1.14134,1.14137,1.12,1.37
2018.11.21 11:31:32.898,1.14131,1.14134,1.00,1.50
2018.11.21 11:31:33.497,1.14131,1.14134,1.00,2.62
2018.11.21 11:31:34.013,1.14131,1.14134,1.50,1.10
2018.11.21 11:31:35.297,1.1413,1.14131,1.00,2.06
2018.11.21 11:31:35.351,1.14127,1.1413,1.00,2.25
2018.11.21 11:31:35.487,1.14128,1.1413,4.69,1.00
2018.11.21 11:31:35.541,1.14129,1.14132,1.25,1.12
2018.11.21 11:31:36.064,1.14129,1.14133,2.44,1.76
2018.11.21 11:31:36.572,1.14128,1.14132,3.00,4.31
2018.11.21 11:31:36.780,1.14126,1.14131,3.00,3.19
2018.11.21 11:31:37.301,1.14126,1.1413,1.50,8.14
2018.11.21 11:31:38.340,1.14124,1.1413,7.69,5.14
2018.11.21 11:31:38.550,1.14128,1.1413,1.25,1.00
2018.11.21 11:31:38.655,1.14128,1.14132,7.16,1.00
2018.11.21 11:31:39.987,1.14128,1.14133,8.36,1.95
2018.11.21 11:31:40.984,1.14129,1.14133,1.25,1.47
2018.11.21 11:31:41.489,1.14129,1.14133,1.69,1.00
2018.11.21 11:31:42.804,1.14129,1.14133,3.37,1.69
2018.11.21 11:31:43.348,1.14128,1.14133,4.87,2.81
2018.11.21 11:31:43.484,1.14127,1.1413,1.87,1.00
2018.11.21 11:31:44.004,1.14126,1.1413,1.50,1.31
2018.11.21 11:31:44.694,1.14125,1.1413,5.44,1.31
2018.11.21 11:31:45.172,1.14127,1.14132,6.56,3.82
2018.11.21 11:31:45.229,1.1413,1.14133,3.19,6.00
2018.11.21 11:31:45.669,1.14133,1.14135,1.19,1.20
2018.11.21 11:31:45.776,1.14137,1.1414,3.00,1.50
2018.11.21 11:31:45.881,1.1414,1.14143,2.25,1.69
2018.11.21 11:31:45.934,1.14139,1.14144,5.81,2.32
2018.11.21 11:31:46.626,1.1414,1.14143,4.69,1.00
2018.11.21 11:31:46.784,1.14139,1.14141,2.25,1.00
2018.11.21 11:31:46.992,1.14136,1.14139,3.37,1.00
2018.11.21 11:31:47.933,1.14136,1.14138,1.12,1.00
2018.11.21 11:31:48.507,1.14134,1.14139,8.25,2.14
2018.11.21 11:31:48.772,1.14134,1.14136,3.75,1.50
2018.11.21 11:31:49.090,1.14131,1.14132,1.00,1.00
2018.11.21 11:31:49.142,1.14129,1.14132,2.81,1.00
2018.11.21 11:31:49.756,1.1413,1.14133,1.31,8.51
2018.11.21 11:31:50.271,1.14129,1.14134,2.25,4.57
2018.11.21 11:31:50.480,1.14131,1.14135,1.00,3.26
2018.11.21 11:31:50.637,1.14129,1.14134,2.25,2.89
2018.11.21 11:31:50.982,1.14128,1.1413,2.25,7.87
2018.11.21 11:31:51.192,1.14129,1.14132,1.00,1.87
2018.11.21 11:31:51.697,1.14128,1.14133,1.87,4.76
2018.11.21 11:31:51.855,1.14132,1.14134,1.00,1.10
2018.11.21 11:31:51.959,1.1413,1.14134,1.00,1.87
2018.11.21 11:31:52.168,1.14129,1.14132,4.69,2.12
2018.11.21 11:31:52.451,1.14133,1.14136,11.03,1.00
2018.11.21 11:31:52.556,1.14135,1.14139,2.25,3.07
2018.11.21 11:31:53.092,1.14134,1.14139,3.56,2.32
2018.11.21 11:31:53.197,1.14135,1.14139,3.19,1.50
2018.11.21 11:31:53.636,1.14139,1.14143,1.00,4.39
2018.11.21 11:31:53.793,1.14139,1.14144,1.69,2.89
2018.11.21 11:31:54.057,1.14143,1.14146,1.31,3.45
2018.11.21 11:31:54.165,1.14144,1.14147,1.25,1.87
2018.11.21 11:31:54.218,1.14145,1.14149,3.00,3.07
2018.11.21 11:31:54.743,1.14143,1.14147,6.19,1.25
2018.11.21 11:31:54.797,1.14142,1.14145,4.20,2.06
2018.11.21 11:31:55.066,1.14138,1.14143,2.81,2.17
2018.11.21 11:31:55.448,1.14138,1.14143,4.31,1.49
2018.11.21 11:31:55.758,1.14138,1.14141,1.00,1.69
2018.11.21 11:31:56.046,1.14138,1.14143,2.44,1.69
2018.11.21 11:31:56.519,1.14138,1.14141,1.00,6.18
2018.11.21 11:31:56.669,1.14136,1.14139,1.00,1.12
2018.11.21 11:31:57.173,1.14135,1.14139,1.00,1.12
2018.11.21 11:31:57.519,1.14135,1.14137,1.50,1.00
2018.11.21 11:31:57.987,1.14135,1.14139,1.00,6.07
2018.11.21 11:31:58.302,1.14135,1.14137,1.00,1.50
2018.11.21 11:31:58.620,1.14135,1.14139,1.00,8.89
2018.11.21 11:32:00.130,1.14134,1.14139,2.44,1.69
2018.11.21 11:32:00.668,1.14135,1.14139,1.12,1.12
2018.11.21 11:32:00.971,1.14138,1.1414,1.62,3.45
2018.11.21 11:32:01.024,1.14138,1.14141,3.00,1.87
2018.11.21 11:32:01.128,1.14139,1.14143,3.37,1.00
2018.11.21 11:32:01.474,1.14143,1.14145,2.44,3.00
2018.11.21 11:32:01.530,1.14145,1.14147,1.00,1.00
2018.11.21 11:32:01.595,1.14146,1.1415,1.37,3.64
2018.11.21 11:32:01.647,1.14145,1.1415,1.69,5.14
2018.11.21 11:32:02.179,1.14145,1.1415,1.12,2.14
2018.11.21 11:32:02.724,1.14145,1.1415,1.12,3.82
2018.11.21 11:32:03.454,1.14145,1.1415,1.50,1.76
2018.11.21 11:32:03.972,1.14144,1.1415,3.19,3.82
2018.11.21 11:32:04.474,1.14145,1.1415,1.69,2.70
2018.11.21 11:32:04.527,1.14148,1.14152,2.81,1.37
2018.11.21 11:32:04.683,1.14147,1.1415,2.81,1.00
2018.11.21 11:32:04.822,1.14151,1.14155,2.66,3.19
2018.11.21 11:32:05.140,1.14155,1.1416,2.06,1.39
2018.11.21 11:32:05.350,1.14154,1.14158,1.50,2.06
2018.11.21 11:32:05.943,1.14157,1.1416,2.06,1.95
2018.11.21 11:32:06.049,1.14158,1.14161,1.25,1.00
2018.11.21 11:32:06.155,1.14155,1.14156,1.39,1.50
2018.11.21 11:32:06.459,1.14153,1.14156,2.44,1.00
2018.11.21 11:32:06.620,1.14153,1.14155,1.00,1.69
2018.11.21 11:32:06.674,1.1415,1.14153,1.87,1.19
2018.11.21 11:32:07.176,1.1415,1.14154,1.00,1.57
2018.11.21 11:32:07.547,1.14147,1.14152,4.69,5.51
2018.11.21 11:32:07.601,1.14147,1.1415,3.00,1.69
2018.11.21 11:32:08.192,1.14147,1.1415,1.12,2.62
2018.11.21 11:32:08.244,1.14146,1.1415,3.19,1.00
2018.11.21 11:32:09.136,1.14147,1.1415,1.31,1.39
2018.11.21 11:32:09.295,1.14144,1.14149,5.25,1.57
2018.11.21 11:32:09.836,1.14145,1.14149,1.19,1.12
2018.11.21 11:32:10.100,1.14144,1.14149,5.81,5.32
2018.11.21 11:32:10.642,1.14144,1.14149,1.39,3.26
2018.11.21 11:32:11.440,1.14143,1.14148,5.70,2.81
2018.11.21 11:32:11.834,1.14144,1.14146,3.75,2.25
2018.11.21 11:32:11.939,1.14143,1.14145,4.69,1.87
2018.11.21 11:32:11.992,1.14143,1.14148,6.64,1.31
2018.11.21 11:32:12.098,1.14143,1.14146,1.00,4.57
2018.11.21 11:32:12.331,1.14144,1.14147,2.62,1.12
2018.11.21 11:32:12.951,1.14144,1.14146,2.44,1.25
2018.11.21 11:32:13.016,1.14142,1.14146,2.14,1.69
2018.11.21 11:32:13.485,1.1414,1.14145,3.37,4.76
2018.11.21 11:32:14.019,1.14145,1.14146,2.81,9.82
2018.11.21 11:32:14.178,1.14149,1.14152,1.50,1.50
2018.11.21 11:32:14.643,1.14149,1.14154,4.31,4.20
2018.11.21 11:32:15.161,1.1415,1.14154,1.50,4.12
2018.11.21 11:32:15.704,1.14149,1.14154,2.14,4.01
2018.11.21 11:32:17.306,1.14148,1.14152,2.44,1.00
2018.11.21 11:32:17.631,1.14148,1.1415,1.50,1.20
2018.11.21 11:32:17.684,1.14145,1.14149,2.06,1.25
2018.11.21 11:32:18.200,1.14144,1.14149,4.39,1.95
2018.11.21 11:32:18.523,1.14149,1.14151,1.31,1.00
2018.11.21 11:32:18.576,1.14149,1.14153,1.69,1.12
2018.11.21 11:32:19.356,1.1415,1.14153,1.00,1.00
2018.11.21 11:32:20.153,1.14149,1.14154,2.14,3.26
2018.11.21 11:32:20.688,1.14148,1.14151,1.57,3.19
2018.11.21 11:32:20.825,1.14145,1.1415,5.51,3.19
2018.11.21 11:32:21.579,1.14146,1.14149,1.00,2.62
2018.11.21 11:32:22.102,1.14145,1.1415,3.64,3.75
2018.11.21 11:32:22.158,1.14147,1.1415,5.06,1.00
2018.11.21 11:32:22.480,1.1415,1.14152,1.00,1.25
2018.11.21 11:32:23.006,1.1415,1.14154,1.00,5.32
2018.11.21 11:32:23.163,1.14149,1.14153,1.87,5.06
2018.11.21 11:32:23.720,1.14148,1.14152,1.76,2.70
2018.11.21 11:32:24.282,1.14149,1.14152,2.44,1.87
2018.11.21 11:32:24.408,1.1415,1.14154,1.01,3.45
2018.11.21 11:32:24.462,1.14154,1.14156,2.06,3.83
2018.11.21 11:32:24.620,1.14157,1.1416,2.44,1.12
2018.11.21 11:32:25.033,1.14155,1.14159,4.39,1.00
2018.11.21 11:32:25.737,1.14155,1.14159,1.12,5.62
2018.11.21 11:32:26.743,1.14154,1.14159,4.31,5.70
2018.11.21 11:32:27.003,1.14155,1.14159,1.50,6.45
2018.11.21 11:32:27.369,1.14158,1.1416,1.00,1.12
2018.11.21 11:32:27.682,1.14159,1.14162,1.31,1.50
2018.11.21 11:32:28.202,1.14159,1.14164,3.07,3.94
2018.11.21 11:32:29.466,1.1416,1.14163,1.00,1.69
2018.11.21 11:32:29.572,1.14159,1.14163,2.14,3.82
2018.11.21 11:32:29.917,1.14162,1.14164,1.19,3.94
2018.11.21 11:32:30.078,1.14164,1.14168,2.06,4.55
2018.11.21 11:32:30.131,1.14166,1.14168,1.25,3.45
2018.11.21 11:32:30.451,1.14165,1.14167,1.69,1.00
2018.11.21 11:32:30.509,1.14165,1.1417,1.19,4.24
2018.11.21 11:32:30.667,1.14168,1.1417,2.81,2.62
2018.11.21 11:32:30.772,1.1417,1.14174,1.31,1.87
2018.11.21 11:32:30.888,1.14172,1.14175,3.00,2.62
2018.11.21 11:32:30.942,1.14175,1.14178,1.00,1.12
2018.11.21 11:32:30.995,1.14178,1.14179,1.57,1.87
2018.11.21 11:32:31.103,1.14179,1.1418,2.25,1.00
2018.11.21 11:32:31.210,1.14176,1.1418,2.25,3.56
2018.11.21 11:32:31.374,1.14172,1.14173,4.50,1.87
2018.11.21 11:32:31.427,1.14169,1.14174,5.14,1.87
2018.11.21 11:32:31.481,1.14169,1.14172,1.01,1.00
2018.11.21 11:32:31.762,1.14166,1.1417,1.50,4.73
2018.11.21 11:32:32.025,1.14168,1.14169,1.00,1.12
2018.11.21 11:32:32.078,1.14167,1.14171,1.69,1.50
2018.11.21 11:32:32.591,1.14167,1.14172,1.25,2.25
2018.11.21 11:32:32.810,1.14169,1.14172,1.31,1.57
2018.11.21 11:32:33.284,1.14167,1.1417,1.00,1.00
2018.11.21 11:32:33.546,1.14169,1.14173,2.44,2.32
2018.11.21 11:32:33.855,1.14171,1.14174,1.87,1.12
2018.11.21 11:32:34.169,1.14174,1.14178,2.06,3.00
2018.11.21 11:32:34.288,1.14173,1.14174,1.50,1.00
2018.11.21 11:32:34.342,1.1417,1.14174,1.69,2.62
2018.11.21 11:32:34.450,1.14169,1.14172,4.69,1.00
2018.11.21 11:32:34.658,1.1417,1.14174,2.81,1.12
2018.11.21 11:32:34.994,1.14164,1.1417,2.51,5.48
2018.11.21 11:32:35.151,1.14166,1.14169,1.00,7.20
2018.11.21 11:32:35.311,1.14168,1.14173,5.44,1.57
2018.11.21 11:32:35.415,1.1417,1.14174,1.12,2.14
2018.11.21 11:32:35.996,1.14169,1.14175,2.81,3.07
2018.11.21 11:32:36.048,1.14169,1.14175,1.69,2.14
2018.11.21 11:32:36.152,1.1417,1.14175,1.00,5.89
2018.11.21 11:32:36.689,1.14171,1.14174,1.00,1.00
2018.11.21 11:32:39.181,1.1417,1.14172,1.00,1.00
2018.11.21 11:32:39.233,1.14167,1.14171,4.39,3.00
2018.11.21 11:32:39.286,1.14168,1.14171,3.19,1.00
2018.11.21 11:32:39.443,1.1417,1.14174,4.31,1.00
2018.11.21 11:32:39.497,1.14174,1.14176,1.69,1.12
2018.11.21 11:32:39.553,1.14175,1.14179,1.69,3.45
2018.11.21 11:32:39.745,1.14174,1.14179,2.25,1.69
2018.11.21 11:32:40.577,1.14174,1.14178,1.00,2.70
2018.11.21 11:32:41.477,1.14174,1.14179,1.12,2.70
2018.11.21 11:32:41.995,1.14174,1.14179,5.44,1.39
2018.11.21 11:32:42.545,1.14175,1.14179,1.25,2.89
2018.11.21 11:32:43.091,1.14174,1.14178,2.25,1.00
2018.11.21 11:32:43.362,1.14174,1.14175,1.00,1.69
2018.11.21 11:32:43.415,1.14172,1.14175,1.50,1.69
2018.11.21 11:32:43.950,1.14172,1.14175,1.00,2.44
2018.11.21 11:32:44.411,1.14169,1.14175,5.25,6.49
2018.11.21 11:32:44.986,1.14169,1.14172,1.12,1.50
2018.11.21 11:32:45.039,1.14167,1.14169,6.37,1.00
2018.11.21 11:32:45.145,1.14166,1.14169,1.00,1.00
2018.11.21 11:32:45.198,1.14165,1.1417,1.12,8.89
2018.11.21 11:32:46.076,1.14164,1.14167,2.62,1.00
2018.11.21 11:32:46.599,1.14163,1.14166,5.35,1.00
2018.11.21 11:32:47.167,1.14163,1.14165,4.12,1.00
2018.11.21 11:32:47.509,1.14159,1.14161,3.19,1.00
2018.11.21 11:32:48.051,1.14159,1.14161,3.94,1.00
2018.11.21 11:32:48.412,1.14157,1.14158,1.00,1.00
2018.11.21 11:32:48.465,1.14155,1.14158,1.25,1.00
2018.11.21 11:32:48.622,1.14154,1.14158,1.00,1.94
2018.11.21 11:32:49.232,1.14154,1.14157,2.25,1.25
2018.11.21 11:32:49.810,1.14154,1.14158,1.00,1.94
2018.11.21 11:32:50.576,1.14154,1.14157,1.00,1.25
2018.11.21 11:32:50.888,1.14154,1.14158,2.62,3.94
2018.11.21 11:32:51.398,1.14154,1.14156,1.00,1.00
2018.11.21 11:32:52.004,1.14153,1.14158,2.06,4.39
2018.11.21 11:32:52.538,1.14153,1.14158,3.19,3.07
2018.11.21 11:32:53.044,1.14153,1.14157,1.50,1.20
2018.11.21 11:32:53.355,1.14154,1.14157,1.00,1.00
2018.11.21 11:32:53.407,1.14154,1.14155,1.00,1.00
2018.11.21 11:32:53.564,1.14148,1.14151,1.50,1.00
2018.11.21 11:32:54.075,1.14148,1.14152,3.37,1.00
2018.11.21 11:32:54.656,1.14148,1.14152,5.81,1.00
2018.11.21 11:32:54.976,1.14153,1.14155,2.25,3.64
2018.11.21 11:32:55.028,1.14151,1.14154,1.00,1.39
2018.11.21 11:32:55.373,1.14149,1.14152,1.00,1.00
2018.11.21 11:32:56.099,1.14149,1.14153,1.50,3.64
2018.11.21 11:32:56.601,1.14148,1.14153,1.87,3.26
2018.11.21 11:32:56.937,1.14146,1.14149,2.32,1.25
2018.11.21 11:32:57.253,1.14145,1.14146,1.12,1.00
2018.11.21 11:32:57.769,1.14144,1.14146,1.12,1.00
2018.11.21 11:32:58.339,1.14144,1.14148,3.00,1.00
2018.11.21 11:32:59.479,1.14144,1.14147,2.25,1.00
2018.11.21 11:32:59.533,1.14148,1.14149,1.12,4.87
2018.11.21 11:32:59.589,1.14149,1.14151,1.00,2.70
2018.11.21 11:32:59.695,1.14149,1.14152,3.94,1.00
2018.11.21 11:33:00.215,1.14151,1.14154,1.00,3.10
2018.11.21 11:33:00.482,1.14144,1.14147,1.25,1.12
2018.11.21 11:33:01.006,1.14143,1.14148,2.70,1.20
2018.11.21 11:33:01.528,1.14143,1.14147,3.26,1.25
2018.11.21 11:33:02.049,1.14144,1.14148,1.00,1.20
2018.11.21 11:33:02.573,1.14144,1.14147,1.00,1.39
2018.11.21 11:33:02.685,1.14142,1.14144,2.25,1.57
2018.11.21 11:33:02.737,1.14138,1.14142,1.50,1.00
2018.11.21 11:33:02.844,1.14137,1.1414,2.62,1.12
2018.11.21 11:33:03.103,1.14132,1.14136,2.44,1.87
2018.11.21 11:33:03.156,1.14132,1.14134,1.00,1.10
2018.11.21 11:33:03.317,1.14128,1.14132,1.09,1.37
2018.11.21 11:33:03.839,1.14129,1.14132,1.25,1.00
2018.11.21 11:33:04.392,1.14129,1.14133,1.00,1.20
2018.11.21 11:33:05.413,1.14129,1.14132,1.12,1.00
2018.11.21 11:33:05.985,1.14129,1.14133,1.31,1.50
2018.11.21 11:33:06.499,1.14128,1.14133,2.05,1.00
2018.11.21 11:33:06.603,1.14129,1.14132,1.00,5.06
2018.11.21 11:33:06.710,1.14128,1.14132,1.25,1.76
2018.11.21 11:33:06.815,1.14132,1.14134,1.50,1.00
2018.11.21 11:33:07.022,1.14134,1.14137,1.37,1.25
2018.11.21 11:33:07.541,1.14135,1.14138,1.00,2.32
2018.11.21 11:33:07.852,1.14132,1.14137,5.25,2.81
2018.11.21 11:33:07.904,1.14131,1.14135,1.10,1.25
2018.11.21 11:33:08.008,1.14128,1.14133,5.81,1.00
2018.11.21 11:33:08.547,1.14128,1.14132,1.87,1.12
2018.11.21 11:33:09.066,1.14128,1.14132,1.12,1.00
2018.11.21 11:33:09.577,1.14129,1.14132,1.00,1.00
2018.11.21 11:33:10.185,1.14128,1.14133,1.69,3.26
2018.11.21 11:33:10.648,1.14127,1.14133,7.50,3.26
2018.11.21 11:33:10.805,1.14128,1.14133,1.00,3.26
2018.11.21 11:33:11.629,1.14129,1.14132,1.00,1.00
2018.11.21 11:33:14.649,1.14128,1.14133,2.06,2.14
2018.11.21 11:33:14.704,1.14133,1.14136,1.12,7.95
2018.11.21 11:33:14.758,1.14133,1.14136,1.00,5.70
2018.11.21 11:33:15.238,1.1413,1.14135,5.06,3.45
2018.11.21 11:33:15.291,1.14129,1.14134,8.62,1.31
2018.11.21 11:33:15.629,1.14133,1.14137,2.25,1.39
2018.11.21 11:33:15.891,1.14129,1.14134,3.00,1.31
2018.11.21 11:33:16.407,1.14129,1.14134,1.00,3.64
2018.11.21 11:33:16.670,1.14134,1.14135,1.00,4.87
2018.11.21 11:33:16.722,1.14133,1.14137,2.44,1.95
2018.11.21 11:33:16.954,1.14133,1.14139,6.49,5.51
2018.11.21 11:33:17.264,1.14129,1.14131,1.42,2.51
2018.11.21 11:33:17.426,1.14124,1.14127,1.42,4.87
2018.11.21 11:33:17.619,1.14125,1.14128,1.69,1.00
2018.11.21 11:33:17.724,1.14125,1.14126,1.25,1.00
2018.11.21 11:33:18.037,1.14123,1.14128,1.80,2.89
2018.11.21 11:33:18.750,1.14127,1.1413,1.87,2.51
2018.11.21 11:33:18.959,1.14125,1.14128,3.00,1.25
2018.11.21 11:33:19.348,1.14123,1.14126,4.50,1.00
2018.11.21 11:33:20.192,1.14125,1.14127,1.00,1.00
2018.11.21 11:33:20.350,1.14128,1.14131,3.75,3.64
2018.11.21 11:33:20.876,1.14129,1.14132,1.00,2.06
2018.11.21 11:33:21.421,1.14128,1.14133,1.31,3.64
2018.11.21 11:33:22.340,1.14129,1.14132,1.00,1.00
2018.11.21 11:33:22.514,1.14127,1.14129,3.94,1.19
2018.11.21 11:33:22.567,1.14122,1.14124,3.37,1.25
2018.11.21 11:33:22.621,1.14121,1.14123,1.12,1.00
2018.11.21 11:33:22.728,1.14122,1.14125,1.12,1.20
2018.11.21 11:33:22.834,1.14119,1.14122,1.95,1.50
2018.11.21 11:33:23.448,1.14118,1.14122,1.20,1.20
2018.11.21 11:33:24.479,1.14117,1.14121,4.95,1.00
2018.11.21 11:33:25.023,1.14118,1.14122,2.89,1.25
2018.11.21 11:33:25.627,1.14118,1.14123,1.76,2.51
2018.11.21 11:33:25.987,1.14118,1.14119,2.32,1.00
2018.11.21 11:33:26.092,1.14117,1.14122,1.31,4.20
2018.11.21 11:33:26.144,1.14116,1.1412,1.00,6.94
2018.11.21 11:33:26.197,1.14117,1.1412,1.31,1.00
2018.11.21 11:33:26.353,1.14116,1.14118,1.00,1.50
2018.11.21 11:33:26.406,1.14114,1.14117,3.26,1.00
2018.11.21 11:33:26.590,1.14116,1.1412,1.25,1.45
2018.11.21 11:33:27.776,1.14115,1.14119,3.00,1.87
2018.11.21 11:33:28.333,1.14115,1.1412,5.81,2.70
2018.11.21 11:33:29.422,1.14113,1.14116,3.34,3.19
2018.11.21 11:33:29.740,1.14117,1.14119,10.40,1.00
2018.11.21 11:33:29.795,1.14118,1.14121,2.62,5.25
2018.11.21 11:33:29.900,1.14118,1.14119,1.00,1.00
2018.11.21 11:33:30.058,1.14114,1.14118,2.44,2.25
2018.11.21 11:33:30.164,1.14116,1.1412,2.25,1.45
2018.11.21 11:33:30.372,1.14114,1.14118,6.19,1.00
2018.11.21 11:33:30.676,1.14112,1.14117,4.95,1.62
2018.11.21 11:33:30.989,1.14115,1.14118,1.00,4.20
2018.11.21 11:33:31.441,1.14115,1.14119,8.06,1.10
2018.11.21 11:33:31.494,1.14117,1.14121,1.12,1.20
2018.11.21 11:33:31.653,1.14118,1.14123,2.62,4.57
2018.11.21 11:33:31.759,1.14116,1.1412,1.47,1.50
2018.11.21 11:33:31.812,1.14115,1.14119,1.12,1.00
2018.11.21 11:33:32.362,1.14114,1.14118,1.12,2.70
2018.11.21 11:33:32.664,1.14113,1.14117,1.00,2.62
2018.11.21 11:33:32.716,1.14109,1.14114,6.00,2.25
2018.11.21 11:33:33.250,1.14109,1.14113,3.19,1.47
2018.11.21 11:33:33.794,1.14109,1.14113,2.44,1.95
2018.11.21 11:33:34.299,1.14109,1.14113,1.12,1.50
2018.11.21 11:33:34.846,1.14109,1.14114,1.12,4.20
2018.11.21 11:33:35.154,1.14108,1.14113,7.99,1.76
2018.11.21 11:33:35.467,1.14106,1.14109,1.12,1.25
2018.11.21 11:33:35.848,1.14108,1.1411,1.25,1.10
2018.11.21 11:33:36.108,1.14109,1.14112,1.00,1.50
2018.11.21 11:33:37.615,1.14109,1.14111,1.00,1.00
2018.11.21 11:33:37.819,1.14105,1.14109,2.62,1.12
2018.11.21 11:33:38.343,1.14107,1.1411,1.25,1.00
2018.11.21 11:33:38.886,1.14108,1.14113,1.24,6.64
2018.11.21 11:33:39.203,1.14107,1.14111,1.50,2.81
2018.11.21 11:33:39.507,1.14106,1.14108,1.87,1.69
2018.11.21 11:33:40.023,1.14105,1.14109,2.62,1.01
2018.11.21 11:33:40.545,1.14107,1.1411,1.00,1.50
2018.11.21 11:33:40.925,1.14108,1.14112,1.69,1.20
2018.11.21 11:33:41.244,1.14111,1.14121,4.69,1.57
2018.11.21 11:33:41.497,1.14118,1.14122,2.25,4.12
2018.11.21 11:33:42.013,1.14118,1.14122,2.25,2.25
2018.11.21 11:33:43.913,1.14118,1.14121,1.50,2.62
2018.11.21 11:33:44.902,1.14117,1.14118,1.50,1.00
2018.11.21 11:33:45.109,1.14115,1.14118,1.12,1.00
2018.11.21 11:33:45.612,1.14114,1.14119,6.56,2.32
2018.11.21 11:33:45.717,1.14116,1.1412,3.00,1.20
2018.11.21 11:33:46.097,1.14119,1.14122,1.50,1.50
2018.11.21 11:33:46.415,1.14122,1.14126,1.87,1.50
2018.11.21 11:33:46.782,1.14123,1.14126,2.44,2.25
2018.11.21 11:33:47.044,1.14124,1.14128,1.12,4.39
2018.11.21 11:33:47.695,1.14123,1.14127,4.50,1.25
2018.11.21 11:33:48.220,1.14124,1.14128,4.69,2.44
2018.11.21 11:33:49.455,1.14124,1.14127,2.25,1.50
2018.11.21 11:33:49.922,1.14123,1.14125,2.25,4.31
2018.11.21 11:33:50.146,1.14118,1.14122,1.50,4.76
2018.11.21 11:33:50.508,1.14117,1.14119,4.50,2.06
2018.11.21 11:33:50.562,1.14115,1.14118,1.25,3.45
2018.11.21 11:33:50.983,1.14115,1.14119,4.69,1.12
2018.11.21 11:33:51.036,1.14117,1.14121,2.44,7.39
2018.11.21 11:33:51.646,1.14118,1.14121,1.00,1.50
2018.11.21 11:33:52.262,1.14117,1.14121,7.31,1.00
2018.11.21 11:33:52.409,1.14115,1.1412,4.31,3.75
2018.11.21 11:33:52.618,1.14114,1.14119,3.94,3.07
2018.11.21 11:33:53.144,1.14115,1.14119,2.06,1.12
2018.11.21 11:33:53.450,1.14117,1.1412,2.06,1.50
2018.11.21 11:33:53.608,1.14115,1.14119,3.75,1.10
2018.11.21 11:33:53.870,1.14114,1.14118,6.00,2.70
2018.11.21 11:33:53.978,1.14115,1.14119,1.00,8.70
2018.11.21 11:33:54.337,1.14114,1.14116,1.12,1.00
2018.11.21 11:33:54.389,1.14114,1.14118,1.12,3.07
2018.11.21 11:33:54.957,1.14114,1.14118,2.25,4.57
2018.11.21 11:33:55.497,1.14114,1.14118,1.69,3.07
2018.11.21 11:33:56.730,1.14112,1.14118,8.44,4.57
2018.11.21 11:33:57.233,1.14113,1.14118,4.50,3.07
2018.11.21 11:33:57.426,1.14116,1.14118,2.44,1.00
2018.11.21 11:33:57.530,1.14115,1.1412,3.94,3.45
2018.11.21 11:33:58.061,1.14116,1.1412,1.31,3.07
2018.11.21 11:33:58.166,1.14116,1.14118,1.00,1.00
2018.11.21 11:33:59.422,1.14115,1.14118,3.94,1.00
2018.11.21 11:34:00.189,1.14116,1.14118,1.00,1.00
2018.11.21 11:34:00.749,1.14116,1.14119,1.00,1.25
2018.11.21 11:34:01.435,1.14117,1.1412,1.37,1.31
2018.11.21 11:34:01.764,1.14124,1.14132,2.06,4.20
2018.11.21 11:34:02.027,1.14134,1.14139,5.44,3.07
2018.11.21 11:34:02.080,1.14137,1.14139,1.00,3.82
2018.11.21 11:34:02.626,1.14136,1.14139,1.00,1.50
2018.11.21 11:34:03.158,1.14137,1.14139,1.50,5.62
2018.11.21 11:34:03.762,1.14137,1.14139,1.00,3.37
2018.11.21 11:34:03.813,1.14135,1.14139,2.81,2.32
2018.11.21 11:34:04.050,1.14137,1.14139,1.37,2.32
2018.11.21 11:34:04.104,1.14139,1.14144,1.31,3.64
2018.11.21 11:34:04.216,1.14141,1.14143,1.50,1.00
2018.11.21 11:34:04.322,1.14139,1.14142,1.12,1.00
2018.11.21 11:34:04.586,1.14138,1.1414,4.12,1.69
2018.11.21 11:34:04.887,1.14131,1.14133,1.12,1.20
2018.11.21 11:34:05.394,1.14129,1.14134,4.69,4.39
2018.11.21 11:34:05.816,1.14133,1.14135,1.00,1.00
2018.11.21 11:34:05.869,1.14133,1.14137,5.06,1.42
2018.11.21 11:34:05.973,1.14135,1.14139,1.00,3.07
2018.11.21 11:34:06.149,1.14137,1.14139,1.00,1.50
2018.11.21 11:34:06.305,1.14135,1.14139,3.75,1.50
2018.11.21 11:34:06.514,1.14136,1.14141,6.94,4.95
2018.11.21 11:34:06.618,1.14138,1.14143,2.25,8.18
2018.11.21 11:34:08.150,1.14141,1.14144,1.50,1.57
2018.11.21 11:34:08.205,1.14142,1.14145,1.25,1.00
2018.11.21 11:34:08.310,1.14142,1.14148,6.00,4.76
2018.11.21 11:34:08.415,1.14139,1.1414,6.00,1.25
2018.11.21 11:34:08.469,1.14136,1.14139,1.00,3.00
2018.11.21 11:34:08.555,1.14134,1.14139,3.64,5.25
2018.11.21 11:34:08.723,1.14137,1.14139,1.00,2.25
2018.11.21 11:34:08.777,1.14135,1.14139,1.50,1.69
2018.11.21 11:34:09.434,1.14135,1.14138,1.00,1.25
2018.11.21 11:34:10.139,1.14135,1.14139,2.62,1.39
2018.11.21 11:34:10.192,1.14138,1.14142,6.37,1.50
2018.11.21 11:34:10.244,1.1414,1.14143,1.12,1.20
2018.11.21 11:34:10.454,1.14143,1.14147,2.62,1.20
2018.11.21 11:34:10.964,1.14143,1.14148,4.39,1.39
2018.11.21 11:34:11.311,1.14143,1.14145,1.87,1.69
2018.11.21 11:34:11.364,1.14139,1.14141,3.00,1.00
2018.11.21 11:34:11.521,1.14137,1.14138,1.50,1.00
2018.11.21 11:34:11.625,1.14134,1.14138,2.44,1.12
2018.11.21 11:34:11.729,1.14133,1.14136,8.44,1.00
2018.11.21 11:34:12.270,1.14132,1.14135,3.38,1.00
2018.11.21 11:34:12.323,1.14132,1.14135,1.00,2.44
2018.11.21 11:34:12.430,1.14128,1.14132,3.00,1.37
2018.11.21 11:34:13.077,1.14128,1.14132,4.87,1.00
2018.11.21 11:34:13.943,1.14128,1.14133,3.37,1.95
2018.11.21 11:34:14.478,1.14128,1.14132,3.19,1.00
2018.11.21 11:34:14.883,1.14127,1.14131,3.75,4.69
2018.11.21 11:34:15.103,1.14123,1.14127,3.56,1.50
2018.11.21 11:34:17.151,1.14124,1.14127,1.50,1.00
2018.11.21 11:34:17.204,1.14126,1.14129,3.82,2.06
2018.11.21 11:34:17.310,1.14128,1.14132,2.81,3.45
2018.11.21 11:34:17.520,1.14127,1.14131,1.87,2.62
2018.11.21 11:34:17.736,1.14125,1.1413,4.50,1.50
2018.11.21 11:34:18.049,1.14123,1.14127,4.12,1.00
2018.11.21 11:34:18.625,1.14123,1.14127,5.25,1.50
2018.11.21 11:34:18.969,1.14124,1.14129,2.25,5.36
2018.11.21 11:34:19.484,1.14123,1.14128,5.81,1.12
2018.11.21 11:34:21.133,1.14123,1.14127,8.06,1.00
2018.11.21 11:34:23.469,1.14123,1.14128,3.56,2.70
2018.11.21 11:34:23.985,1.14124,1.14127,1.25,1.00
2018.11.21 11:34:25.312,1.1412,1.14123,1.00,1.95
2018.11.21 11:34:25.832,1.14119,1.14123,1.25,4.05
2018.11.21 11:34:26.350,1.1412,1.14123,1.31,1.00
2018.11.21 11:34:26.562,1.14122,1.14125,1.12,2.62
2018.11.21 11:34:26.666,1.14123,1.14128,3.00,5.89
2018.11.21 11:34:26.816,1.14123,1.14126,3.56,1.00
2018.11.21 11:34:26.921,1.14123,1.14128,3.75,2.70
2018.11.21 11:34:27.408,1.14123,1.14126,3.56,1.00
2018.11.21 11:34:27.947,1.14122,1.14126,3.75,1.87
2018.11.21 11:34:29.083,1.1412,1.14123,2.70,1.12
2018.11.21 11:34:29.136,1.14119,1.14123,1.25,1.20
2018.11.21 11:34:29.688,1.14118,1.14122,3.56,1.12
2018.11.21 11:34:34.296,1.14118,1.14122,3.56,1.50
2018.11.21 11:34:34.505,1.14118,1.14123,1.31,6.82
2018.11.21 11:34:35.204,1.14118,1.14122,2.81,1.12
2018.11.21 11:34:35.574,1.14121,1.14123,1.12,1.00
2018.11.21 11:34:35.731,1.14121,1.14125,3.94,1.00
2018.11.21 11:34:35.887,1.14123,1.14126,2.06,1.10
2018.11.21 11:34:36.073,1.14123,1.14128,5.51,5.70
2018.11.21 11:34:36.592,1.14125,1.14128,1.31,2.25
2018.11.21 11:34:37.267,1.14125,1.14128,1.12,3.07
2018.11.21 11:34:37.843,1.14123,1.14127,3.45,1.12
2018.11.21 11:34:40.025,1.14125,1.14127,2.44,1.00
2018.11.21 11:34:40.130,1.14124,1.14129,7.39,1.12
2018.11.21 11:34:40.634,1.14125,1.14128,2.06,1.00
2018.11.21 11:34:41.201,1.14123,1.14128,7.20,1.95
2018.11.21 11:34:41.726,1.14122,1.14125,1.57,4.31
2018.11.21 11:34:41.831,1.14119,1.14123,4.76,1.00
2018.11.21 11:34:42.254,1.1412,1.14124,5.81,1.20
2018.11.21 11:34:42.515,1.14119,1.14123,5.44,1.00
2018.11.21 11:34:43.080,1.14119,1.14123,1.00,3.00
2018.11.21 11:34:43.616,1.14118,1.14123,5.51,2.25
2018.11.21 11:34:44.277,1.14118,1.14123,6.82,3.19
2018.11.21 11:34:44.812,1.14118,1.14123,6.82,2.25
2018.11.21 11:34:45.550,1.14118,1.14122,2.89,1.00
2018.11.21 11:34:46.074,1.14119,1.14123,1.12,1.87
2018.11.21 11:34:47.639,1.14119,1.14122,1.12,1.00
2018.11.21 11:34:48.159,1.14119,1.14123,1.25,1.50
2018.11.21 11:34:48.836,1.14118,1.1412,1.10,1.00
2018.11.21 11:34:49.051,1.14113,1.14116,1.12,4.31
2018.11.21 11:34:49.369,1.14114,1.14119,2.25,3.82
2018.11.21 11:34:49.423,1.14116,1.1412,2.25,2.70
2018.11.21 11:34:49.544,1.14118,1.14121,1.25,3.75
2018.11.21 11:34:49.650,1.14119,1.14123,1.69,2.32
2018.11.21 11:34:50.185,1.14119,1.14124,2.44,4.95
2018.11.21 11:34:50.716,1.14119,1.14124,1.87,4.76
2018.11.21 11:34:51.289,1.1412,1.14124,1.12,1.00
2018.11.21 11:34:51.533,1.14122,1.14123,1.00,1.00
2018.11.21 11:34:52.437,1.1412,1.14124,4.01,2.44
2018.11.21 11:34:53.983,1.14121,1.14123,1.00,1.00
2018.11.21 11:34:54.523,1.14121,1.14124,1.50,2.44
2018.11.21 11:34:56.044,1.1412,1.14123,2.32,1.25
2018.11.21 11:34:56.096,1.14121,1.14124,2.25,1.25
2018.11.21 11:34:56.149,1.14122,1.14125,3.99,1.00
2018.11.21 11:34:56.202,1.14125,1.14126,1.00,1.00
2018.11.21 11:34:56.452,1.14124,1.14127,1.20,1.00
2018.11.21 11:34:56.506,1.14124,1.14129,1.00,3.64
2018.11.21 11:34:56.558,1.14124,1.14127,1.50,3.00
2018.11.21 11:34:56.716,1.14119,1.14123,3.82,1.00
2018.11.21 11:34:57.096,1.1412,1.14126,5.14,12.11
2018.11.21 11:34:57.632,1.14121,1.14124,1.12,2.44
2018.11.21 11:34:57.686,1.14119,1.14123,3.45,1.69
2018.11.21 11:34:59.177,1.14119,1.14122,4.57,2.25
2018.11.21 11:34:59.716,1.14119,1.14123,1.00,5.44
2018.11.21 11:34:59.987,1.14117,1.14119,2.25,1.69
2018.11.21 11:35:00.040,1.14118,1.14121,1.50,7.69
2018.11.21 11:35:00.093,1.14118,1.14122,1.75,1.95
2018.11.21 11:35:00.200,1.14119,1.14123,1.10,3.45
2018.11.21 11:35:00.749,1.14119,1.14123,1.50,1.00
2018.11.21 11:35:00.803,1.14121,1.14124,3.19,1.42
2018.11.21 11:35:00.961,1.14122,1.14126,6.94,1.87
2018.11.21 11:35:01.013,1.14124,1.14125,1.00,1.00
2018.11.21 11:35:01.119,1.14122,1.14125,2.25,1.50
2018.11.21 11:35:01.223,1.14121,1.14123,2.25,1.25
2018.11.21 11:35:01.742,1.14119,1.14124,7.95,1.87
2018.11.21 11:35:02.053,1.14119,1.14122,1.87,1.50
2018.11.21 11:35:02.554,1.14119,1.14123,1.12,7.31
2018.11.21 11:35:03.170,1.1412,1.14123,1.00,8.06
2018.11.21 11:35:05.237,1.14117,1.14121,3.82,7.12
2018.11.21 11:35:05.433,1.14117,1.14119,1.00,2.25
2018.11.21 11:35:05.539,1.14114,1.14119,3.64,14.70
2018.11.21 11:35:05.799,1.14112,1.14114,2.25,1.00
2018.11.21 11:35:05.903,1.14109,1.14114,1.69,3.45
2018.11.21 11:35:06.040,1.1411,1.14115,3.37,3.45
2018.11.21 11:35:06.349,1.14114,1.14119,1.87,2.32
2018.11.21 11:35:06.686,1.14113,1.14117,2.32,1.50
2018.11.21 11:35:07.003,1.14112,1.14114,3.45,1.50
2018.11.21 11:35:07.109,1.1411,1.14114,4.31,1.00
2018.11.21 11:35:07.615,1.1411,1.14113,1.62,2.25
2018.11.21 11:35:08.143,1.14109,1.14113,1.50,1.50
2018.11.21 11:35:08.662,1.14109,1.14113,1.12,1.50
2018.11.21 11:35:09.215,1.14108,1.14111,3.30,1.00
2018.11.21 11:35:09.476,1.14109,1.14113,2.47,2.25
2018.11.21 11:35:10.004,1.14109,1.14112,1.31,1.00
2018.11.21 11:35:10.161,1.14111,1.14113,2.24,7.95
2018.11.21 11:35:10.320,1.14108,1.14112,4.35,2.44
2018.11.21 11:35:10.824,1.14108,1.14112,1.12,2.32
2018.11.21 11:35:11.032,1.14106,1.14111,1.20,5.44
2018.11.21 11:35:11.084,1.14105,1.1411,3.26,3.00
2018.11.21 11:35:11.330,1.14105,1.1411,1.25,9.11
2018.11.21 11:35:11.995,1.14103,1.14108,3.82,6.60
2018.11.21 11:35:12.526,1.14103,1.14107,1.76,3.82
2018.11.21 11:35:14.214,1.14103,1.14108,6.45,3.04
2018.11.21 11:35:14.558,1.14108,1.14112,1.87,1.37
2018.11.21 11:35:14.610,1.14108,1.14113,1.12,6.94
2018.11.21 11:35:14.664,1.14108,1.14111,1.39,1.00
2018.11.21 11:35:14.872,1.14109,1.14113,1.57,2.25
2018.11.21 11:35:15.415,1.14109,1.14113,3.64,1.50
2018.11.21 11:35:17.651,1.14112,1.14114,1.12,1.50
2018.11.21 11:35:17.807,1.14113,1.14116,2.06,1.00
2018.11.21 11:35:18.323,1.14113,1.14116,1.39,1.00
2018.11.21 11:35:18.532,1.14112,1.14115,1.57,1.50
2018.11.21 11:35:18.585,1.14111,1.14113,1.20,1.00
2018.11.21 11:35:19.108,1.1411,1.14114,5.32,2.44
2018.11.21 11:35:19.268,1.14109,1.14114,2.14,5.62
2018.11.21 11:35:19.321,1.14109,1.14113,1.50,5.25
2018.11.21 11:35:19.855,1.1411,1.14113,1.00,1.50
2018.11.21 11:35:20.542,1.14109,1.14114,1.57,5.44
2018.11.21 11:35:21.045,1.1411,1.14114,1.00,6.75
2018.11.21 11:35:21.587,1.14109,1.14113,1.47,3.00
2018.11.21 11:35:23.039,1.14109,1.14113,1.76,1.00
2018.11.21 11:35:23.534,1.14108,1.14111,3.60,1.00
2018.11.21 11:35:24.060,1.14108,1.14111,4.99,1.00
2018.11.21 11:35:24.755,1.14109,1.14112,1.00,1.00
2018.11.21 11:35:25.303,1.14108,1.14113,3.82,3.19
2018.11.21 11:35:25.852,1.14108,1.14113,3.67,5.44
2018.11.21 11:35:26.525,1.14109,1.14112,1.69,1.69
2018.11.21 11:35:27.034,1.14109,1.14113,1.69,5.25
2018.11.21 11:35:27.834,1.14108,1.14113,4.42,4.69
2018.11.21 11:35:28.374,1.14109,1.14113,2.06,7.31
2018.11.21 11:35:28.924,1.14109,1.14112,2.25,1.50
2018.11.21 11:35:29.275,1.14113,1.14116,2.81,1.00
2018.11.21 11:35:29.821,1.14113,1.14117,5.55,1.12
2018.11.21 11:35:31.069,1.14113,1.14117,7.05,2.81
2018.11.21 11:35:32.156,1.14113,1.14117,4.76,1.12
2018.11.21 11:35:33.655,1.14116,1.14119,7.69,1.50
2018.11.21 11:35:33.709,1.14118,1.1412,6.00,1.50
2018.11.21 11:35:33.866,1.14119,1.14123,2.70,3.00
2018.11.21 11:35:34.113,1.14118,1.14121,1.20,3.19
2018.11.21 11:35:34.809,1.14118,1.14122,1.50,1.50
2018.11.21 11:35:35.122,1.14117,1.1412,4.12,1.50
2018.11.21 11:35:35.663,1.14117,1.14121,4.20,1.69
2018.11.21 11:35:36.187,1.14118,1.14121,2.62,1.25
2018.11.21 11:35:36.704,1.14118,1.14122,2.44,1.87
2018.11.21 11:35:36.861,1.14118,1.14122,3.71,2.62
2018.11.21 11:35:36.914,1.1412,1.14122,1.00,2.25
2018.11.21 11:35:37.287,1.14124,1.14126,1.62,4.12
2018.11.21 11:35:37.340,1.14126,1.14128,1.00,3.94
2018.11.21 11:35:37.446,1.14128,1.1413,3.06,3.37
2018.11.21 11:35:37.650,1.14133,1.14135,1.00,2.25
2018.11.21 11:35:37.756,1.14132,1.14135,1.00,3.94
2018.11.21 11:35:37.967,1.14132,1.14133,1.00,1.00
2018.11.21 11:35:39.172,1.1413,1.14134,2.44,9.19
2018.11.21 11:35:40.096,1.14134,1.14136,2.44,2.25
2018.11.21 11:35:40.150,1.14136,1.14137,1.00,1.00
2018.11.21 11:35:40.411,1.14139,1.14141,1.00,1.12
2018.11.21 11:35:40.620,1.1414,1.14142,1.00,1.12
2018.11.21 11:35:40.674,1.14139,1.14141,3.75,1.12
2018.11.21 11:35:40.797,1.14142,1.14144,1.37,2.44
2018.11.21 11:35:42.649,1.14143,1.14145,3.19,1.25
2018.11.21 11:35:42.963,1.14146,1.14147,1.00,1.00
2018.11.21 11:35:44.101,1.14143,1.14144,2.70,3.19
2018.11.21 11:35:44.206,1.14138,1.1414,1.95,3.60
2018.11.21 11:35:44.523,1.1414,1.14142,1.00,2.85
2018.11.21 11:35:44.870,1.14146,1.14148,1.00,2.44
2018.11.21 11:35:44.922,1.14143,1.14145,3.00,1.12
2018.11.21 11:35:45.463,1.14142,1.14144,1.00,1.00
2018.11.21 11:35:45.670,1.14141,1.14143,1.00,3.19
2018.11.21 11:35:45.882,1.14135,1.14137,1.00,1.95
2018.11.21 11:35:46.393,1.14136,1.14138,1.00,3.37
2018.11.21 11:35:47.220,1.14136,1.14139,1.00,4.12
2018.11.21 11:35:47.274,1.14137,1.14139,1.37,1.87
2018.11.21 11:35:47.816,1.14137,1.14138,1.12,1.00
2018.11.21 11:35:48.079,1.14138,1.14141,1.00,9.37
2018.11.21 11:35:48.240,1.14142,1.14144,1.00,3.00
2018.11.21 11:35:48.484,1.14145,1.14147,1.00,1.12
2018.11.21 11:35:49.054,1.14145,1.14148,1.00,1.87
2018.11.21 11:35:49.367,1.14143,1.14145,1.87,3.19
2018.11.21 11:35:49.473,1.14141,1.14144,1.12,3.00
2018.11.21 11:35:50.029,1.14141,1.14143,1.12,1.50
2018.11.21 11:35:50.238,1.1414,1.14143,1.37,3.94
2018.11.21 11:35:50.438,1.14139,1.1414,1.00,3.75
2018.11.21 11:35:50.753,1.1414,1.14142,1.00,1.00
2018.11.21 11:35:51.290,1.1414,1.14143,1.50,1.69
2018.11.21 11:35:51.994,1.1414,1.14142,1.00,1.00
2018.11.21 11:35:52.519,1.14139,1.1414,2.62,3.00
2018.11.21 11:35:52.571,1.14137,1.14139,3.00,1.25
2018.11.21 11:35:52.624,1.14136,1.14137,1.95,3.19
2018.11.21 11:35:52.676,1.14134,1.14136,1.20,1.50
2018.11.21 11:35:52.807,1.14134,1.14138,1.69,2.81
2018.11.21 11:35:53.326,1.14135,1.14139,1.12,2.25
2018.11.21 11:35:53.830,1.14134,1.14139,2.89,1.69
2018.11.21 11:35:54.102,1.14134,1.14136,2.14,1.50
2018.11.21 11:35:54.427,1.1413,1.14133,1.00,1.12
2018.11.21 11:35:54.974,1.14129,1.14134,6.45,3.75
2018.11.21 11:35:55.571,1.1413,1.14134,1.00,2.44
2018.11.21 11:35:56.143,1.14129,1.14134,4.95,2.44
2018.11.21 11:35:56.669,1.1413,1.14134,1.00,3.19
2018.11.21 11:35:57.183,1.1413,1.14132,1.50,1.00
2018.11.21 11:35:57.378,1.14126,1.1413,2.25,2.62
2018.11.21 11:35:57.485,1.14124,1.14126,1.95,1.00
2018.11.21 11:35:57.591,1.14122,1.14125,1.39,1.50
2018.11.21 11:35:57.847,1.14123,1.14127,2.81,1.00
2018.11.21 11:35:58.255,1.14127,1.14131,2.70,1.50
2018.11.21 11:35:58.757,1.14128,1.14132,1.87,1.69
2018.11.21 11:36:00.267,1.14127,1.1413,4.20,1.25
2018.11.21 11:36:00.582,1.14124,1.14127,1.00,1.00
2018.11.21 11:36:06.024,1.14125,1.14127,1.00,1.00
2018.11.21 11:36:06.548,1.14124,1.14127,1.57,1.00
2018.11.21 11:36:09.234,1.14125,1.14126,1.00,1.00
2018.11.21 11:36:09.778,1.14123,1.14126,8.32,1.00
2018.11.21 11:36:12.248,1.14126,1.14129,3.00,3.19
2018.11.21 11:36:12.300,1.14128,1.14129,1.50,1.00
2018.11.21 11:36:12.353,1.14128,1.14131,1.00,1.10
2018.11.21 11:36:12.669,1.1413,1.14134,6.82,3.64
2018.11.21 11:36:13.003,1.14129,1.14133,4.12,2.00
2018.11.21 11:36:13.537,1.1413,1.14133,1.00,1.31
2018.11.21 11:36:14.074,1.1413,1.14132,1.50,1.00
2018.11.21 11:36:14.604,1.1413,1.14133,1.50,1.00
2018.11.21 11:36:14.966,1.14128,1.14133,3.07,2.44
2018.11.21 11:36:15.179,1.14126,1.1413,3.37,1.30
2018.11.21 11:36:15.498,1.14125,1.14128,4.20,1.00
2018.11.21 11:36:15.823,1.14123,1.14127,1.87,5.44
2018.11.21 11:36:16.169,1.14124,1.14126,1.37,1.00
2018.11.21 11:36:16.223,1.14124,1.14127,3.37,2.70
2018.11.21 11:36:16.770,1.14124,1.14128,3.64,2.32
2018.11.21 11:36:17.279,1.14124,1.14126,1.87,1.00
2018.11.21 11:36:17.332,1.14122,1.14125,6.64,1.00
2018.11.21 11:36:18.018,1.14122,1.14125,1.12,1.00
2018.11.21 11:36:18.122,1.1412,1.14123,2.32,1.00
2018.11.21 11:36:19.853,1.14122,1.14125,1.00,8.70
2018.11.21 11:36:20.010,1.14134,1.14137,3.37,1.50
2018.11.21 11:36:20.543,1.14134,1.14136,1.00,1.00
2018.11.21 11:36:20.598,1.14135,1.14138,1.00,1.50
2018.11.21 11:36:21.117,1.14135,1.14139,4.20,1.50
2018.11.21 11:36:21.275,1.14134,1.14136,1.95,2.44
2018.11.21 11:36:21.874,1.14133,1.14136,4.20,1.00
2018.11.21 11:36:21.978,1.14133,1.14138,3.26,2.06
2018.11.21 11:36:22.377,1.14133,1.14137,7.01,2.06
2018.11.21 11:36:22.636,1.14133,1.14138,4.20,2.06
2018.11.21 11:36:22.742,1.14133,1.14136,1.87,1.50
2018.11.21 11:36:23.092,1.1413,1.14133,1.12,1.00
2018.11.21 11:36:23.709,1.1413,1.14131,1.00,1.00
2018.11.21 11:36:23.859,1.14127,1.14131,9.07,1.00
2018.11.21 11:36:24.119,1.14129,1.14133,2.89,4.12
2018.11.21 11:36:25.163,1.14133,1.14135,1.00,1.00
2018.11.21 11:36:25.267,1.14134,1.14138,1.00,5.44
2018.11.21 11:36:25.789,1.14134,1.14138,2.14,2.44
2018.11.21 11:36:27.138,1.14136,1.14139,1.00,1.01
2018.11.21 11:36:27.244,1.14138,1.14141,2.62,2.62
2018.11.21 11:36:28.242,1.14137,1.14139,6.07,1.00
2018.11.21 11:36:28.415,1.14135,1.14137,1.00,1.00
2018.11.21 11:36:28.939,1.14133,1.14138,9.45,3.19
2018.11.21 11:36:29.497,1.14134,1.14137,2.25,1.00
2018.11.21 11:36:30.117,1.14135,1.14138,1.00,3.56
2018.11.21 11:36:30.880,1.14134,1.14138,1.50,3.19
2018.11.21 11:36:31.397,1.14135,1.14138,1.00,1.50
2018.11.21 11:36:31.940,1.14135,1.14137,1.00,1.00
2018.11.21 11:36:32.443,1.14134,1.14137,3.37,1.00
2018.11.21 11:36:32.994,1.14134,1.14138,1.50,1.50
2018.11.21 11:36:33.100,1.14133,1.14136,1.10,1.00
2018.11.21 11:36:33.833,1.14134,1.14136,1.00,2.44
2018.11.21 11:36:34.338,1.14133,1.14136,1.95,1.69
2018.11.21 11:36:34.667,1.14129,1.14131,1.01,1.69
2018.11.21 11:36:34.720,1.14127,1.1413,1.00,5.44
2018.11.21 11:36:35.507,1.14125,1.14129,1.12,5.44
2018.11.21 11:36:35.820,1.14127,1.14128,1.00,1.12
2018.11.21 11:36:36.069,1.14125,1.14129,2.62,2.81
2018.11.21 11:36:37.019,1.14126,1.14128,1.00,1.12
2018.11.21 11:36:37.772,1.14125,1.14129,2.62,2.06
2018.11.21 11:36:38.443,1.14126,1.1413,1.50,1.87
2018.11.21 11:36:39.733,1.14129,1.1413,1.00,1.00
2018.11.21 11:36:39.786,1.14132,1.14134,3.19,1.87
2018.11.21 11:36:39.890,1.14133,1.14138,2.51,7.80
2018.11.21 11:36:40.048,1.14134,1.14139,1.12,9.26
2018.11.21 11:36:40.101,1.14134,1.14137,3.37,1.50
2018.11.21 11:36:40.615,1.14134,1.14138,1.95,4.20
2018.11.21 11:36:41.218,1.14134,1.14137,1.00,1.50
2018.11.21 11:36:41.981,1.14133,1.14136,1.00,2.81
2018.11.21 11:36:42.321,1.14131,1.14135,1.95,1.12
2018.11.21 11:36:42.532,1.1413,1.14132,1.50,1.00
2018.11.21 11:36:42.820,1.14128,1.14132,6.07,1.00
2018.11.21 11:36:43.044,1.1413,1.14133,1.10,2.44
2018.11.21 11:36:43.307,1.14133,1.14137,8.51,1.50
2018.11.21 11:36:43.850,1.14134,1.14137,1.00,1.50
2018.11.21 11:36:44.368,1.14134,1.14137,1.87,1.12
2018.11.21 11:36:46.223,1.14134,1.14138,2.19,3.19
2018.11.21 11:36:46.329,1.14135,1.1414,1.12,7.01
2018.11.21 11:36:46.692,1.14133,1.14138,7.76,2.25
2018.11.21 11:36:47.223,1.14133,1.14138,4.76,3.00
2018.11.21 11:36:47.804,1.14133,1.14138,5.14,3.00
2018.11.21 11:36:48.322,1.14133,1.14138,2.14,3.00
2018.11.21 11:36:49.436,1.14133,1.14138,2.51,3.00
2018.11.21 11:36:49.741,1.14136,1.14138,1.00,1.87
2018.11.21 11:36:50.055,1.14134,1.14138,2.06,2.25
2018.11.21 11:36:50.563,1.14134,1.14138,1.50,4.13
2018.11.21 11:36:50.669,1.14136,1.14139,1.12,1.57
2018.11.21 11:36:50.827,1.14134,1.14139,1.69,3.59
2018.11.21 11:36:52.804,1.14134,1.14137,1.31,1.00
2018.11.21 11:36:53.414,1.14133,1.14137,2.14,3.37
2018.11.21 11:36:53.571,1.14131,1.14132,3.45,1.00
2018.11.21 11:36:53.625,1.1413,1.14134,2.44,1.00
2018.11.21 11:36:53.782,1.14132,1.14135,4.31,4.50
2018.11.21 11:36:54.294,1.14133,1.14136,1.00,1.87
2018.11.21 11:36:55.018,1.14132,1.14136,4.50,4.12
2018.11.21 11:36:55.335,1.14133,1.14134,3.00,1.00
2018.11.21 11:36:55.554,1.14133,1.14137,2.25,3.56
2018.11.21 11:36:55.814,1.14131,1.14135,6.45,1.12
2018.11.21 11:36:57.513,1.14132,1.14135,1.31,1.00
2018.11.21 11:36:57.619,1.14134,1.14136,1.00,1.00
2018.11.21 11:37:01.251,1.14136,1.14138,1.00,1.00
2018.11.21 11:37:01.521,1.1414,1.14143,2.25,3.00
2018.11.21 11:37:02.025,1.14139,1.14143,1.12,3.00
2018.11.21 11:37:02.567,1.14139,1.14143,1.12,3.00
2018.11.21 11:37:02.864,1.14137,1.14139,3.45,1.00
2018.11.21 11:37:02.968,1.14134,1.14137,4.01,1.00
2018.11.21 11:37:04.020,1.14134,1.14138,1.87,2.44
2018.11.21 11:37:04.179,1.14136,1.14139,1.50,1.25
2018.11.21 11:37:04.721,1.14135,1.14139,2.32,1.25
2018.11.21 11:37:05.269,1.14136,1.14139,1.00,1.25
2018.11.21 11:37:05.771,1.14135,1.14139,3.64,1.25
2018.11.21 11:37:06.817,1.14136,1.14139,1.00,1.69
2018.11.21 11:37:07.339,1.14135,1.14139,1.69,1.25
2018.11.21 11:37:07.870,1.14134,1.14137,1.20,1.00
2018.11.21 11:37:08.559,1.14133,1.14138,2.70,5.89
2018.11.21 11:37:09.209,1.14133,1.14137,4.20,1.50
2018.11.21 11:37:09.575,1.14132,1.14135,5.32,3.75
2018.11.21 11:37:09.758,1.14133,1.14137,1.20,2.62
2018.11.21 11:37:10.823,1.14134,1.14138,1.12,1.69
2018.11.21 11:37:11.604,1.14135,1.14138,1.50,1.25
2018.11.21 11:37:12.107,1.14135,1.14139,1.45,2.44
2018.11.21 11:37:12.394,1.14134,1.14139,3.64,2.25
2018.11.21 11:37:12.905,1.14134,1.14138,1.01,1.00
2018.11.21 11:37:14.699,1.14133,1.14137,6.26,1.87
2018.11.21 11:37:14.856,1.14136,1.14139,2.44,5.62
2018.11.21 11:37:15.226,1.14134,1.14139,5.51,3.94
2018.11.21 11:37:15.382,1.14133,1.14136,1.01,2.25
2018.11.21 11:37:15.926,1.14133,1.14135,1.39,1.12
2018.11.21 11:37:16.457,1.14133,1.14136,1.01,1.00
2018.11.21 11:37:16.995,1.14133,1.14137,4.01,1.00
2018.11.21 11:37:17.548,1.14134,1.14138,2.89,3.82
2018.11.21 11:37:18.614,1.14134,1.14136,1.00,1.00
2018.11.21 11:37:18.725,1.14132,1.14135,1.50,1.12
2018.11.21 11:37:19.361,1.14131,1.14135,6.26,1.12
2018.11.21 11:37:19.413,1.14131,1.14133,1.20,3.60
2018.11.21 11:37:19.570,1.14128,1.1413,1.00,1.00
2018.11.21 11:37:19.770,1.14126,1.1413,2.32,1.00
2018.11.21 11:37:20.299,1.14127,1.1413,1.00,1.50
2018.11.21 11:37:20.922,1.14124,1.14129,8.51,1.00
2018.11.21 11:37:21.469,1.14124,1.14128,6.82,1.57
2018.11.21 11:37:23.517,1.14123,1.14125,13.76,3.00
2018.11.21 11:37:23.702,1.14111,1.14114,6.45,1.50
2018.11.21 11:37:23.756,1.14113,1.14116,3.00,1.39
2018.11.21 11:37:24.162,1.14118,1.14122,1.87,1.00
2018.11.21 11:37:24.428,1.14122,1.14125,1.87,6.60
2018.11.21 11:37:24.636,1.14124,1.14127,1.25,1.00
2018.11.21 11:37:24.794,1.14122,1.14125,1.50,1.31
2018.11.21 11:37:24.952,1.14119,1.14123,1.69,5.81
2018.11.21 11:37:25.024,1.14117,1.14119,3.00,2.85
2018.11.21 11:37:25.077,1.14115,1.14118,4.95,1.12
2018.11.21 11:37:25.186,1.14117,1.14119,1.00,1.50
2018.11.21 11:37:25.326,1.14114,1.14119,5.70,1.00
2018.11.21 11:37:25.690,1.14117,1.14119,1.50,1.00
2018.11.21 11:37:26.237,1.14117,1.1412,1.25,1.12
2018.11.21 11:37:26.773,1.14116,1.14119,3.75,2.25
2018.11.21 11:37:26.825,1.14118,1.14121,1.00,1.00
2018.11.21 11:37:26.946,1.14118,1.1412,3.45,1.87
2018.11.21 11:37:27.054,1.14113,1.14117,1.00,2.81
2018.11.21 11:37:27.213,1.14115,1.14118,1.00,1.72
2018.11.21 11:37:27.690,1.14113,1.14118,4.57,1.69
2018.11.21 11:37:28.159,1.14113,1.14118,5.14,1.69
2018.11.21 11:37:28.734,1.14113,1.14118,4.01,1.69
2018.11.21 11:37:29.044,1.14113,1.14116,3.82,1.00
2018.11.21 11:37:29.407,1.14111,1.14115,1.20,1.87
2018.11.21 11:37:29.938,1.1411,1.14115,7.39,2.47
2018.11.21 11:37:30.369,1.14109,1.14113,1.47,3.00
2018.11.21 11:37:30.921,1.14111,1.14115,1.87,10.50
2018.11.21 11:37:31.027,1.14112,1.14116,1.25,1.12
2018.11.21 11:37:31.530,1.14112,1.14117,3.82,1.87
2018.11.21 11:37:32.075,1.14115,1.14117,1.19,1.00
2018.11.21 11:37:32.237,1.14113,1.14115,2.25,1.00
2018.11.21 11:37:32.395,1.14112,1.14114,1.00,8.44
2018.11.21 11:37:32.448,1.14112,1.14115,4.69,1.00
2018.11.21 11:37:32.986,1.14112,1.14117,1.31,3.19
2018.11.21 11:37:33.300,1.14113,1.14118,2.25,2.25
2018.11.21 11:37:33.664,1.14112,1.14116,3.26,1.00
2018.11.21 11:37:34.099,1.14111,1.14115,1.10,1.50
2018.11.21 11:37:34.152,1.14111,1.14115,1.87,1.00
2018.11.21 11:37:34.204,1.1411,1.14115,8.89,1.00
2018.11.21 11:37:34.881,1.1411,1.14115,8.70,1.50
2018.11.21 11:37:35.038,1.14112,1.14115,1.12,1.50
2018.11.21 11:37:35.092,1.14113,1.14116,1.00,1.35
2018.11.21 11:37:35.470,1.14113,1.14116,1.31,1.25
2018.11.21 11:37:36.023,1.14113,1.14117,4.87,1.50
2018.11.21 11:37:37.348,1.14113,1.14117,1.20,1.50
2018.11.21 11:37:37.691,1.14114,1.14116,5.32,1.00
2018.11.21 11:37:38.240,1.14114,1.14117,5.25,1.00
2018.11.21 11:37:40.955,1.14115,1.14119,1.00,3.56
2018.11.21 11:37:41.371,1.14116,1.1412,4.31,1.12
2018.11.21 11:37:41.702,1.14115,1.14118,1.00,1.00
2018.11.21 11:37:42.270,1.14115,1.14117,1.00,1.25
2018.11.21 11:37:42.790,1.14114,1.14117,1.00,2.06
2018.11.21 11:37:43.297,1.14112,1.14117,10.20,2.06
2018.11.21 11:37:45.081,1.14114,1.14117,1.00,2.44
2018.11.21 11:37:45.667,1.14113,1.14117,5.06,1.25
2018.11.21 11:37:46.183,1.14113,1.14116,1.31,1.50
2018.11.21 11:37:46.494,1.14115,1.14117,1.00,2.06
2018.11.21 11:37:46.793,1.14112,1.14115,4.50,1.00
2018.11.21 11:37:46.949,1.14112,1.14117,8.70,1.50
2018.11.21 11:37:47.806,1.14115,1.14117,1.31,1.00
2018.11.21 11:37:48.117,1.14113,1.14118,3.82,4.69
2018.11.21 11:37:49.217,1.14114,1.14118,1.50,2.81
2018.11.21 11:37:49.735,1.14113,1.14117,3.45,1.12
2018.11.21 11:37:51.562,1.14112,1.14115,1.20,4.87
2018.11.21 11:37:51.771,1.14107,1.1411,1.12,2.47
2018.11.21 11:37:51.824,1.14106,1.14108,3.75,1.00
2018.11.21 11:37:52.042,1.14106,1.14111,2.25,5.06
2018.11.21 11:37:52.550,1.14105,1.14109,1.01,1.69
2018.11.21 11:37:54.174,1.14104,1.14109,3.00,5.66
2018.11.21 11:37:56.460,1.14103,1.14106,3.07,1.00
2018.11.21 11:37:56.971,1.14104,1.14108,1.00,5.74
2018.11.21 11:37:57.264,1.14102,1.14106,1.50,2.62
2018.11.21 11:37:57.318,1.14103,1.14105,1.31,1.25
2018.11.21 11:37:57.837,1.14103,1.14106,1.00,1.00
2018.11.21 11:37:58.383,1.14103,1.14107,1.00,1.87
2018.11.21 11:37:59.596,1.14104,1.14107,2.25,4.87
2018.11.21 11:38:00.316,1.14103,1.14107,1.12,1.50
2018.11.21 11:38:00.785,1.14101,1.14103,1.50,2.25
2018.11.21 11:38:00.889,1.14099,1.14102,1.00,2.25
2018.11.21 11:38:01.455,1.14094,1.14096,6.94,4.00
2018.11.21 11:38:01.608,1.14093,1.14096,4.50,1.00
2018.11.21 11:38:01.916,1.14095,1.14099,1.95,4.69
2018.11.21 11:38:02.219,1.14098,1.14101,1.87,1.00
2018.11.21 11:38:02.693,1.14099,1.14102,3.19,1.00
2018.11.21 11:38:02.928,1.14106,1.14109,1.00,1.12
2018.11.21 11:38:03.242,1.14109,1.14111,1.00,1.50
2018.11.21 11:38:03.350,1.14108,1.14113,6.00,2.62
2018.11.21 11:38:03.402,1.1411,1.14113,1.00,3.19
2018.11.21 11:38:03.558,1.14108,1.14112,4.20,2.06
2018.11.21 11:38:03.663,1.14111,1.14113,1.69,1.00
2018.11.21 11:38:03.715,1.14112,1.14115,1.00,2.06
2018.11.21 11:38:03.820,1.14109,1.14114,4.39,1.00
2018.11.21 11:38:04.058,1.14108,1.14112,7.95,1.00
2018.11.21 11:38:04.627,1.14109,1.14113,3.56,1.12
2018.11.21 11:38:04.979,1.14109,1.14111,1.00,1.00
2018.11.21 11:38:05.294,1.14104,1.14108,4.39,1.00
2018.11.21 11:38:05.632,1.14103,1.14106,3.37,1.69
2018.11.21 11:38:05.685,1.14101,1.14105,5.51,3.19
2018.11.21 11:38:06.190,1.14101,1.14105,2.70,3.94
2018.11.21 11:38:06.894,1.14101,1.14104,3.00,2.25
2018.11.21 11:38:06.946,1.14101,1.14104,6.00,2.25
2018.11.21 11:38:06.998,1.14102,1.14106,4.95,1.00
2018.11.21 11:38:07.517,1.14103,1.14107,2.62,5.44
2018.11.21 11:38:07.830,1.14103,1.14105,1.00,2.44
2018.11.21 11:38:08.602,1.14103,1.14106,1.00,1.50
2018.11.21 11:38:09.109,1.14101,1.14105,5.14,1.50
2018.11.21 11:38:09.216,1.14099,1.14104,5.32,3.56
2018.11.21 11:38:09.618,1.14098,1.14102,5.62,1.50
2018.11.21 11:38:09.990,1.14098,1.14103,5.70,3.79
2018.11.21 11:38:11.036,1.14099,1.14102,2.25,1.00
2018.11.21 11:38:11.541,1.14098,1.14103,4.50,5.29
2018.11.21 11:38:12.071,1.14098,1.14102,3.75,1.00
2018.11.21 11:38:12.837,1.14099,1.14102,1.00,1.87
2018.11.21 11:38:13.388,1.14098,1.14103,1.87,5.29
2018.11.21 11:38:13.492,1.14095,1.14101,4.65,4.91
2018.11.21 11:38:13.835,1.14098,1.14102,2.62,2.25
2018.11.21 11:38:14.255,1.14098,1.14101,5.25,1.50
2018.11.21 11:38:14.805,1.14099,1.14102,1.50,1.87
2018.11.21 11:38:15.879,1.14098,1.14099,1.50,1.12
2018.11.21 11:38:15.986,1.14095,1.14097,1.87,2.25
2018.11.21 11:38:16.463,1.14095,1.14099,2.70,3.37
2018.11.21 11:38:16.830,1.14094,1.14098,1.31,3.19
2018.11.21 11:38:17.464,1.14095,1.14098,1.25,1.50
2018.11.21 11:38:17.834,1.14093,1.14097,1.12,4.69
2018.11.21 11:38:18.368,1.14092,1.14096,6.82,2.25
2018.11.21 11:38:18.912,1.14093,1.14096,2.06,1.00
2018.11.21 11:38:19.449,1.14093,1.14096,1.00,7.69
2018.11.21 11:38:19.713,1.14096,1.14098,1.00,1.50
2018.11.21 11:38:19.904,1.14102,1.14106,1.50,7.57
2018.11.21 11:38:20.442,1.14101,1.14104,5.32,1.00
2018.11.21 11:38:20.809,1.141,1.14104,1.57,5.25
2018.11.21 11:38:20.918,1.14099,1.14102,1.50,3.75
2018.11.21 11:38:21.476,1.14099,1.14101,1.50,1.50
2018.11.21 11:38:22.003,1.14099,1.14103,1.00,6.22
2018.11.21 11:38:24.506,1.14099,1.14101,1.00,1.50
2018.11.21 11:38:25.055,1.14098,1.141,2.62,1.50
2018.11.21 11:38:25.575,1.14098,1.14099,1.12,1.00
2018.11.21 11:38:25.801,1.14093,1.14096,5.06,1.50
2018.11.21 11:38:26.320,1.14093,1.14097,5.06,1.00
2018.11.21 11:38:26.528,1.14094,1.14097,1.19,2.25
2018.11.21 11:38:26.962,1.14093,1.14097,5.44,1.54
2018.11.21 11:38:27.575,1.14094,1.14097,1.62,1.12
2018.11.21 11:38:27.849,1.14098,1.14101,4.87,1.00
2018.11.21 11:38:28.316,1.14099,1.14102,3.19,1.00
2018.11.21 11:38:28.527,1.14101,1.14105,2.62,7.76
2018.11.21 11:38:28.581,1.14098,1.14099,2.25,1.12
2018.11.21 11:38:28.636,1.14096,1.14097,1.00,1.00
2018.11.21 11:38:28.689,1.14094,1.14098,3.45,1.69
2018.11.21 11:38:29.301,1.14094,1.14097,3.19,1.00
2018.11.21 11:38:30.362,1.14095,1.14098,1.00,1.12
2018.11.21 11:38:31.069,1.14093,1.14098,3.56,1.80
2018.11.21 11:38:31.829,1.14094,1.14097,1.12,1.50
2018.11.21 11:38:32.036,1.14096,1.14098,1.00,1.00
2018.11.21 11:38:32.359,1.14098,1.14101,2.25,1.87
2018.11.21 11:38:32.878,1.14097,1.14101,4.12,1.31
2018.11.21 11:38:33.321,1.14096,1.141,1.57,11.85
2018.11.21 11:38:33.602,1.14094,1.14098,2.70,1.12
2018.11.21 11:38:34.119,1.14093,1.14096,2.62,1.00
2018.11.21 11:38:34.656,1.14093,1.14097,4.31,2.44
2018.11.21 11:38:35.532,1.14094,1.14097,1.00,1.50
2018.11.21 11:38:36.047,1.14093,1.14097,3.56,1.00
2018.11.21 11:38:36.376,1.14097,1.14098,3.00,1.00
2018.11.21 11:38:36.429,1.14097,1.141,6.94,1.00
2018.11.21 11:38:36.481,1.14099,1.14101,1.00,1.00
2018.11.21 11:38:36.584,1.14099,1.14103,1.25,5.32
2018.11.21 11:38:37.119,1.14098,1.14102,3.64,1.00
2018.11.21 11:38:37.637,1.14098,1.14102,2.62,1.00
2018.11.21 11:38:39.858,1.14098,1.141,1.50,1.25
2018.11.21 11:38:40.368,1.14098,1.14101,1.50,4.87
2018.11.21 11:38:40.680,1.14095,1.14098,1.87,1.50
2018.11.21 11:38:41.207,1.14094,1.14098,3.82,3.75
2018.11.21 11:38:41.730,1.14093,1.14097,8.51,1.50
2018.11.21 11:38:42.272,1.14093,1.14097,2.44,3.94
2018.11.21 11:38:42.784,1.14093,1.14095,3.37,1.00
2018.11.21 11:38:43.043,1.14093,1.14097,3.75,4.35
2018.11.21 11:38:43.147,1.14093,1.14095,1.69,1.00
2018.11.21 11:38:43.200,1.14092,1.14095,1.50,3.19
2018.11.21 11:38:43.304,1.1409,1.14094,1.87,1.00
2018.11.21 11:38:43.409,1.14092,1.14095,1.00,6.94
2018.11.21 11:38:43.681,1.14092,1.14097,7.39,3.82
2018.11.21 11:38:43.785,1.14092,1.14095,5.89,1.00
2018.11.21 11:38:43.888,1.14092,1.14097,8.51,1.50
2018.11.21 11:38:44.737,1.14094,1.14097,1.00,8.29
2018.11.21 11:38:44.790,1.14092,1.14095,5.89,1.50
2018.11.21 11:38:45.168,1.14095,1.14096,3.37,1.00
2018.11.21 11:38:45.275,1.14093,1.14097,4.12,1.00
2018.11.21 11:38:45.328,1.14093,1.14095,1.87,1.12
2018.11.21 11:38:45.536,1.14091,1.14094,1.00,1.25
2018.11.21 11:38:45.863,1.14089,1.14094,3.26,5.25
2018.11.21 11:38:45.915,1.14092,1.14094,3.00,1.00
2018.11.21 11:38:45.968,1.14093,1.14096,1.00,6.19
2018.11.21 11:38:46.545,1.14092,1.14095,3.00,2.81
2018.11.21 11:38:46.600,1.14093,1.14096,2.06,1.00
2018.11.21 11:38:47.109,1.14093,1.14097,1.50,2.85
2018.11.21 11:38:47.448,1.14095,1.14098,3.07,1.00
2018.11.21 11:38:47.553,1.14096,1.141,2.06,3.75
2018.11.21 11:38:48.072,1.14099,1.141,1.00,1.12
2018.11.21 11:38:48.327,1.14102,1.14104,4.69,1.00
2018.11.21 11:38:48.486,1.14099,1.14102,3.37,3.00
2018.11.21 11:38:49.236,1.14097,1.14099,6.00,2.66
2018.11.21 11:38:49.396,1.14092,1.14096,1.76,4.20
2018.11.21 11:38:49.915,1.14091,1.14094,3.75,2.62
2018.11.21 11:38:50.856,1.1409,1.14092,1.00,2.25
2018.11.21 11:38:51.392,1.1409,1.14093,1.12,3.45
2018.11.21 11:38:52.132,1.1409,1.14092,1.12,1.00
2018.11.21 11:38:52.652,1.1409,1.14093,1.12,3.45
2018.11.21 11:38:52.974,1.14084,1.14087,1.01,1.00
2018.11.21 11:38:53.497,1.14084,1.14087,1.76,1.00
2018.11.21 11:38:53.834,1.14087,1.1409,1.87,1.00
2018.11.21 11:38:54.353,1.14085,1.14089,1.10,1.12
2018.11.21 11:38:55.687,1.14086,1.1409,1.50,8.89
2018.11.21 11:38:55.742,1.14089,1.14092,3.75,1.50
2018.11.21 11:38:56.062,1.14087,1.14091,1.00,8.25
2018.11.21 11:38:56.526,1.14087,1.14088,1.00,1.00
2018.11.21 11:38:56.633,1.14088,1.1409,1.12,1.00
2018.11.21 11:38:56.799,1.14086,1.1409,1.50,3.75
2018.11.21 11:38:57.348,1.14084,1.14088,1.76,1.50
2018.11.21 11:38:58.313,1.14083,1.14087,2.70,1.00
2018.11.21 11:38:58.366,1.14084,1.14085,1.00,1.50
2018.11.21 11:38:58.471,1.14082,1.14085,8.51,2.25
2018.11.21 11:38:58.845,1.14084,1.14086,1.00,2.25
2018.11.21 11:38:59.362,1.14083,1.14086,1.12,1.50
2018.11.21 11:38:59.912,1.14084,1.14087,1.50,1.50
2018.11.21 11:39:04.285,1.14088,1.14089,1.00,3.82
2018.11.21 11:39:04.339,1.1409,1.14092,2.66,1.50
2018.11.21 11:39:04.652,1.14088,1.14092,3.26,3.67
2018.11.21 11:39:05.173,1.14088,1.14093,2.51,2.17
2018.11.21 11:39:05.699,1.14089,1.14093,4.20,1.61
2018.11.21 11:39:06.224,1.14091,1.14094,1.31,1.25
2018.11.21 11:39:06.419,1.14093,1.14094,1.50,1.00
2018.11.21 11:39:06.524,1.14094,1.14097,1.31,1.00
2018.11.21 11:39:07.746,1.14095,1.14097,1.39,1.25
2018.11.21 11:39:08.259,1.14094,1.14097,3.07,1.00
2018.11.21 11:39:09.778,1.14093,1.14097,5.25,1.12
2018.11.21 11:39:10.761,1.14093,1.14097,3.75,2.06
2018.11.21 11:39:11.324,1.14093,1.14097,2.06,1.87
2018.11.21 11:39:12.110,1.14094,1.14097,1.25,2.06
2018.11.21 11:39:12.661,1.14093,1.14097,3.37,1.87
2018.11.21 11:39:13.237,1.14093,1.14097,5.14,1.12
2018.11.21 11:39:13.591,1.14093,1.14094,2.14,2.10
2018.11.21 11:39:13.766,1.14088,1.14092,4.69,2.85
2018.11.21 11:39:14.182,1.14088,1.14092,7.87,2.06
2018.11.21 11:39:14.667,1.14087,1.1409,1.20,3.00
2018.11.21 11:39:15.736,1.14088,1.14091,1.50,1.00
2018.11.21 11:39:16.283,1.1409,1.14091,1.00,1.00
2018.11.21 11:39:17.232,1.1409,1.14092,1.00,1.00
2018.11.21 11:39:17.711,1.14092,1.14094,1.25,1.57
2018.11.21 11:39:17.764,1.14093,1.14096,3.19,1.00
2018.11.21 11:39:17.974,1.1409,1.14094,6.75,1.31
2018.11.21 11:39:18.290,1.14089,1.14094,3.37,6.82
2018.11.21 11:39:19.512,1.14089,1.14093,1.00,3.75
2018.11.21 11:39:20.600,1.14088,1.14093,3.19,5.92
2018.11.21 11:39:21.150,1.14087,1.14089,1.95,2.29
2018.11.21 11:39:21.254,1.14084,1.14088,1.95,1.12
2018.11.21 11:39:21.363,1.14082,1.14083,5.25,1.00
2018.11.21 11:39:21.546,1.14078,1.14082,8.62,3.37
2018.11.21 11:39:21.602,1.14079,1.14083,2.25,3.94
2018.11.21 11:39:21.708,1.14081,1.14083,1.31,2.25
2018.11.21 11:39:21.818,1.14084,1.14087,1.12,1.10
2018.11.21 11:39:22.127,1.14085,1.14088,1.87,1.31
2018.11.21 11:39:22.648,1.14085,1.14088,1.31,1.00
2018.11.21 11:39:23.116,1.14088,1.14089,1.00,5.51
2018.11.21 11:39:23.169,1.14088,1.14092,3.19,2.44
2018.11.21 11:39:23.533,1.14087,1.14091,6.45,1.12
2018.11.21 11:39:23.640,1.14084,1.14089,11.51,3.56
2018.11.21 11:39:25.624,1.14083,1.14087,2.14,1.50
2018.11.21 11:39:26.048,1.14087,1.14088,1.00,1.00
2018.11.21 11:39:26.206,1.14089,1.14091,1.00,1.00
2018.11.21 11:39:27.203,1.14089,1.14092,1.00,1.87
2018.11.21 11:39:27.749,1.14088,1.14092,1.57,1.87
2018.11.21 11:39:28.071,1.14088,1.1409,1.50,1.12
2018.11.21 11:39:28.175,1.14086,1.1409,1.00,11.89
2018.11.21 11:39:28.707,1.14085,1.1409,4.01,2.25
2018.11.21 11:39:30.764,1.14086,1.1409,1.50,3.00
2018.11.21 11:39:31.298,1.14085,1.1409,3.26,1.50
2018.11.21 11:39:32.032,1.14085,1.14089,2.14,1.00
2018.11.21 11:39:32.562,1.14085,1.14089,3.37,3.00
2018.11.21 11:39:36.734,1.14084,1.14087,4.95,1.00
2018.11.21 11:39:36.787,1.14083,1.14086,3.26,2.25
2018.11.21 11:39:37.119,1.1408,1.14084,1.10,3.19
2018.11.21 11:39:37.748,1.14081,1.14084,1.00,1.50
2018.11.21 11:39:38.265,1.1408,1.14084,7.57,1.00
2018.11.21 11:39:38.506,1.14081,1.14083,1.00,4.87
2018.11.21 11:39:38.612,1.14078,1.14083,1.69,6.82
2018.11.21 11:39:39.144,1.14078,1.14083,2.06,6.45
2018.11.21 11:39:39.696,1.14078,1.14083,1.31,4.20
2018.11.21 11:39:41.725,1.14079,1.14082,1.00,1.12
2018.11.21 11:39:41.829,1.14077,1.1408,6.83,1.00
2018.11.21 11:39:42.054,1.14074,1.14078,3.00,1.50
2018.11.21 11:39:42.417,1.14076,1.14078,1.00,1.50
2018.11.21 11:39:42.606,1.14078,1.14081,6.19,1.00
2018.11.21 11:39:42.977,1.14075,1.1408,6.08,1.87
2018.11.21 11:39:43.133,1.14078,1.14081,1.25,1.42
2018.11.21 11:39:43.389,1.14076,1.1408,1.10,2.70
2018.11.21 11:39:43.947,1.14075,1.14081,8.33,10.18
2018.11.21 11:39:44.481,1.14075,1.14079,1.00,2.44
2018.11.21 11:39:45.094,1.14075,1.14078,1.00,1.00
2018.11.21 11:39:45.292,1.14073,1.14077,5.44,3.37
2018.11.21 11:39:45.887,1.14074,1.14077,1.00,3.37
2018.11.21 11:39:46.115,1.14076,1.1408,2.25,4.50
2018.11.21 11:39:46.333,1.14075,1.14079,5.70,2.81
2018.11.21 11:39:46.853,1.14073,1.14077,1.95,1.00
2018.11.21 11:39:47.650,1.14074,1.14077,2.44,1.25
2018.11.21 11:39:47.705,1.14073,1.14076,3.00,1.00
2018.11.21 11:39:47.758,1.14073,1.14078,2.25,7.39
2018.11.21 11:39:48.154,1.14074,1.14077,1.50,2.25
2018.11.21 11:39:48.207,1.14073,1.14078,3.75,8.89
2018.11.21 11:39:48.261,1.14075,1.14078,1.00,1.87
2018.11.21 11:39:48.581,1.14077,1.1408,1.12,4.01
2018.11.21 11:39:48.790,1.14075,1.1408,1.87,4.01
2018.11.21 11:39:49.312,1.14074,1.14079,1.00,4.01
2018.11.21 11:39:49.821,1.14074,1.14078,3.00,1.00
2018.11.21 11:39:51.237,1.14074,1.14076,4.87,4.19
2018.11.21 11:39:51.501,1.14073,1.14078,5.06,5.70
2018.11.21 11:39:51.762,1.14076,1.14078,1.00,2.25
2018.11.21 11:39:51.868,1.14077,1.1408,1.00,3.64
2018.11.21 11:39:51.921,1.14075,1.1408,5.44,2.70
2018.11.21 11:39:52.204,1.14077,1.14081,1.50,4.69
2018.11.21 11:39:52.623,1.14075,1.14079,1.50,1.87
2018.11.21 11:39:53.136,1.14076,1.14079,1.00,3.82
2018.11.21 11:39:53.403,1.14074,1.14078,4.05,1.00
2018.11.21 11:39:53.506,1.14076,1.14078,1.00,2.25
2018.11.21 11:39:54.046,1.14076,1.1408,1.00,8.14
2018.11.21 11:39:54.570,1.14075,1.1408,4.87,5.89
2018.11.21 11:39:55.409,1.14075,1.1408,11.51,1.95
2018.11.21 11:39:55.731,1.14075,1.1408,12.93,1.87
2018.11.21 11:39:56.662,1.14076,1.1408,1.12,2.25
2018.11.21 11:39:56.998,1.14078,1.14081,4.69,1.50
2018.11.21 11:39:57.442,1.14077,1.1408,1.50,3.00
2018.11.21 11:39:57.808,1.14078,1.14082,1.25,3.00
2018.11.21 11:39:58.327,1.14078,1.14081,4.31,1.00
2018.11.21 11:39:58.835,1.14078,1.14082,1.25,2.25
2018.11.21 11:39:59.393,1.14079,1.14082,1.00,2.62
2018.11.21 11:39:59.906,1.14078,1.14082,3.94,1.87
2018.11.21 11:40:00.425,1.14079,1.14082,1.12,1.50
2018.11.21 11:40:00.836,1.1408,1.14084,4.87,4.57
2018.11.21 11:40:01.148,1.14082,1.14085,1.00,2.62
2018.11.21 11:40:01.901,1.14081,1.14086,1.57,11.89
2018.11.21 11:40:02.450,1.14082,1.14085,1.50,1.00
2018.11.21 11:40:03.218,1.14083,1.14086,1.69,1.00
2018.11.21 11:40:03.522,1.14085,1.14088,1.00,3.74
2018.11.21 11:40:04.112,1.14085,1.14088,1.50,5.24
2018.11.21 11:40:04.648,1.14084,1.14088,3.75,1.00
2018.11.21 11:40:05.326,1.14085,1.14088,1.00,1.00
2018.11.21 11:40:05.643,1.1409,1.14093,3.37,1.87
2018.11.21 11:40:07.275,1.1409,1.14091,1.00,1.00
2018.11.21 11:40:07.380,1.14085,1.14089,3.37,2.44
2018.11.21 11:40:08.027,1.14085,1.14089,3.19,7.76
2018.11.21 11:40:08.080,1.14086,1.14089,3.19,2.25
2018.11.21 11:40:08.237,1.14089,1.14091,1.50,1.20
2018.11.21 11:40:08.772,1.14089,1.14092,2.25,1.12
2018.11.21 11:40:09.525,1.14089,1.14093,2.44,5.32
2018.11.21 11:40:11.672,1.14088,1.14093,5.44,5.25
2018.11.21 11:40:12.471,1.14088,1.14093,2.25,4.39
2018.11.21 11:40:13.021,1.14089,1.14092,1.12,1.50
2018.11.21 11:40:14.205,1.14088,1.14093,4.50,3.56
2018.11.21 11:40:15.318,1.14089,1.14092,1.12,1.00
2018.11.21 11:40:15.527,1.14091,1.14093,2.44,1.00
2018.11.21 11:40:15.580,1.1409,1.14095,9.07,3.94
2018.11.21 11:40:15.789,1.14091,1.14093,1.00,1.00
2018.11.21 11:40:16.327,1.1409,1.14093,4.57,1.00
2018.11.21 11:40:17.423,1.14091,1.14093,1.00,1.00
2018.11.21 11:40:17.475,1.14089,1.14093,7.20,1.00
2018.11.21 11:40:18.017,1.1409,1.14093,1.00,1.00
2018.11.21 11:40:18.605,1.14091,1.14094,3.00,2.62
2018.11.21 11:40:18.916,1.14093,1.14096,1.00,1.57
2018.11.21 11:40:19.229,1.1409,1.14095,5.81,4.76
2018.11.21 11:40:19.380,1.14093,1.14097,1.00,6.00
2018.11.21 11:40:19.837,1.14092,1.14095,3.37,1.00
2018.11.21 11:40:20.151,1.14094,1.14097,2.62,1.12
2018.11.21 11:40:20.672,1.14095,1.14097,1.00,1.87
2018.11.21 11:40:22.721,1.14094,1.14098,2.44,3.75
2018.11.21 11:40:23.270,1.14096,1.14098,1.00,1.00
2018.11.21 11:40:23.803,1.14099,1.141,1.50,1.00
2018.11.21 11:40:24.335,1.14099,1.14101,1.00,1.50
2018.11.21 11:40:25.374,1.14098,1.14101,1.12,1.50
2018.11.21 11:40:26.231,1.14099,1.14101,1.10,1.00
2018.11.21 11:40:26.335,1.14099,1.14103,3.00,5.14
2018.11.21 11:40:26.854,1.14099,1.14102,1.00,1.00
2018.11.21 11:40:27.393,1.14098,1.14102,5.25,1.12
2018.11.21 11:40:27.679,1.14097,1.14099,1.00,2.44
2018.11.21 11:40:27.733,1.14096,1.14099,1.00,4.87
2018.11.21 11:40:27.837,1.14093,1.14099,7.20,7.31
2018.11.21 11:40:28.354,1.14093,1.14098,11.51,3.94
2018.11.21 11:40:28.883,1.14094,1.14099,2.89,5.70
2018.11.21 11:40:29.405,1.14094,1.14099,1.25,5.32
2018.11.21 11:40:30.033,1.14096,1.14099,1.00,5.70
2018.11.21 11:40:30.397,1.14096,1.14097,1.00,1.00
2018.11.21 11:40:30.942,1.14096,1.14098,1.50,2.32
2018.11.21 11:40:31.045,1.14094,1.14099,2.32,8.14
2018.11.21 11:40:31.149,1.14097,1.141,1.00,5.70
2018.11.21 11:40:31.410,1.14098,1.14102,4.69,4.05
2018.11.21 11:40:31.915,1.14101,1.14104,1.00,3.56
2018.11.21 11:40:32.423,1.141,1.14104,2.44,2.81
2018.11.21 11:40:32.946,1.14101,1.14103,1.00,2.62
2018.11.21 11:40:33.452,1.141,1.14104,2.62,6.56
2018.11.21 11:40:33.797,1.14103,1.14106,3.07,2.25
2018.11.21 11:40:34.329,1.14103,1.14107,1.50,1.00
2018.11.21 11:40:35.008,1.14102,1.14104,1.00,3.56
2018.11.21 11:40:35.203,1.14099,1.14102,1.00,2.62
2018.11.21 11:40:35.262,1.14097,1.14099,1.00,10.99
2018.11.21 11:40:35.317,1.14094,1.14097,3.45,1.72
2018.11.21 11:40:35.371,1.14093,1.14097,4.20,2.55
2018.11.21 11:40:35.579,1.14092,1.14093,2.70,2.10
2018.11.21 11:40:36.066,1.1409,1.14094,6.00,1.35
2018.11.21 11:40:36.576,1.14091,1.14094,1.00,1.35
2018.11.21 11:40:36.998,1.14094,1.14095,1.00,1.10
2018.11.21 11:40:37.102,1.14094,1.14097,1.87,1.00
2018.11.21 11:40:37.643,1.14095,1.14098,1.00,2.62
2018.11.21 11:40:39.174,1.14096,1.141,1.50,7.76
2018.11.21 11:40:39.385,1.14098,1.141,1.12,1.00
2018.11.21 11:40:39.559,1.14098,1.14102,2.25,3.75
2018.11.21 11:40:39.873,1.14102,1.14103,1.25,5.32
2018.11.21 11:40:39.981,1.141,1.14104,2.62,6.04
2018.11.21 11:40:40.187,1.14098,1.14102,2.06,3.94
2018.11.21 11:40:40.293,1.14097,1.14099,3.19,2.25
2018.11.21 11:40:40.346,1.14094,1.141,8.44,9.49
2018.11.21 11:40:40.399,1.14094,1.14098,3.94,1.69
2018.11.21 11:40:41.646,1.14095,1.14098,2.25,1.87
2018.11.21 11:40:42.169,1.14093,1.14095,1.50,5.36
2018.11.21 11:40:42.378,1.1409,1.14095,4.50,4.61
2018.11.21 11:40:42.921,1.14091,1.14095,1.00,7.24
2018.11.21 11:40:43.340,1.14093,1.14096,1.69,8.32
2018.11.21 11:40:43.733,1.14095,1.14098,1.00,3.75
2018.11.21 11:40:47.534,1.14094,1.14098,3.94,1.87
2018.11.21 11:40:49.070,1.14095,1.14098,1.50,1.87
2018.11.21 11:40:49.174,1.14096,1.141,2.81,5.32
2018.11.21 11:40:49.226,1.14098,1.141,1.00,1.45
2018.11.21 11:40:49.279,1.14099,1.14101,3.75,2.32
2018.11.21 11:40:49.385,1.14102,1.14103,1.00,1.12
2018.11.21 11:40:49.490,1.14104,1.14107,1.00,6.30
2018.11.21 11:40:50.020,1.14104,1.14107,1.00,1.12
2018.11.21 11:40:51.057,1.14103,1.14105,1.00,1.00
2018.11.21 11:40:51.212,1.14101,1.14106,4.69,6.82
2018.11.21 11:40:51.750,1.14101,1.14105,1.69,1.50
2018.11.21 11:40:51.906,1.141,1.14104,1.00,8.55
2018.11.21 11:40:52.433,1.14099,1.14103,3.00,4.12
2018.11.21 11:40:53.224,1.14099,1.14103,1.69,3.56
2018.11.21 11:40:53.728,1.14101,1.14104,1.00,1.87
2018.11.21 11:40:54.041,1.14099,1.14103,2.25,3.00
2018.11.21 11:40:54.374,1.14098,1.14099,1.00,1.00
2018.11.21 11:40:54.480,1.14095,1.14097,1.00,2.25
2018.11.21 11:40:54.693,1.14093,1.14094,1.50,1.00
2018.11.21 11:40:54.798,1.1409,1.14093,3.94,1.00
2018.11.21 11:40:55.311,1.14091,1.14094,2.62,3.00
2018.11.21 11:40:55.885,1.14091,1.14093,1.50,1.00
2018.11.21 11:40:56.494,1.14091,1.14094,1.00,1.50
2018.11.21 11:40:57.324,1.1409,1.14094,5.44,1.50
2018.11.21 11:40:57.931,1.1409,1.14093,2.25,1.00
2018.11.21 11:40:57.985,1.14092,1.14095,4.87,1.50
2018.11.21 11:40:58.092,1.1409,1.14094,1.12,1.50
2018.11.21 11:40:58.353,1.14089,1.14092,2.44,1.00
2018.11.21 11:40:58.737,1.14089,1.1409,1.00,4.12
2018.11.21 11:40:58.789,1.14087,1.1409,1.50,6.86
2018.11.21 11:40:59.306,1.14086,1.1409,1.00,5.44
2018.11.21 11:40:59.603,1.14085,1.14088,1.12,1.00
2018.11.21 11:41:00.111,1.14085,1.14089,3.07,9.67
2018.11.21 11:41:00.429,1.14087,1.14091,2.32,3.64
2018.11.21 11:41:00.955,1.14089,1.1409,1.69,1.00
2018.11.21 11:41:01.454,1.14089,1.14092,1.00,3.75
2018.11.21 11:41:02.265,1.14089,1.14092,1.50,4.50
2018.11.21 11:41:03.377,1.14089,1.14091,1.50,1.00
2018.11.21 11:41:03.930,1.14089,1.14092,1.12,1.00
2018.11.21 11:41:04.036,1.14091,1.14093,1.50,1.37
2018.11.21 11:41:04.141,1.14091,1.14094,1.12,2.25
2018.11.21 11:41:04.249,1.14092,1.14096,4.01,3.75
2018.11.21 11:41:04.765,1.14094,1.14095,1.00,1.00
2018.11.21 11:41:05.311,1.14093,1.14097,2.44,3.37
2018.11.21 11:41:06.216,1.14095,1.14098,1.69,1.87
2018.11.21 11:41:06.732,1.14096,1.14099,1.87,3.00
2018.11.21 11:41:06.835,1.14098,1.14102,7.31,4.87
2018.11.21 11:41:07.626,1.141,1.14103,1.00,2.25
2018.11.21 11:41:07.960,1.14103,1.14106,7.01,1.00
2018.11.21 11:41:08.485,1.14103,1.14107,3.26,2.25
2018.11.21 11:41:09.078,1.14103,1.14107,10.20,1.50
2018.11.21 11:41:09.519,1.14103,1.14106,1.12,2.10
2018.11.21 11:41:09.756,1.141,1.14104,1.87,2.62
2018.11.21 11:41:10.277,1.141,1.14103,1.87,1.00
2018.11.21 11:41:10.548,1.14099,1.14102,1.12,1.37
2018.11.21 11:41:11.334,1.141,1.14102,1.00,1.87
2018.11.21 11:41:11.885,1.14099,1.14102,1.12,1.37
2018.11.21 11:41:13.208,1.14098,1.14101,1.00,6.00
2018.11.21 11:41:13.451,1.14096,1.141,1.50,3.75
2018.11.21 11:41:14.191,1.14096,1.141,1.10,6.64
2018.11.21 11:41:14.503,1.14095,1.14097,1.50,1.00
2018.11.21 11:41:15.435,1.14094,1.14098,6.07,1.00
2018.11.21 11:41:15.786,1.14096,1.14099,3.00,2.25
2018.11.21 11:41:16.389,1.14096,1.14098,1.00,1.00
2018.11.21 11:41:16.937,1.14095,1.14097,1.00,2.62
2018.11.21 11:41:18.619,1.14095,1.14096,1.00,1.00
2018.11.21 11:41:18.796,1.14092,1.14094,1.50,1.00
2018.11.21 11:41:19.315,1.1409,1.14093,1.50,4.50
2018.11.21 11:41:19.703,1.14089,1.14091,1.10,3.75
2018.11.21 11:41:19.775,1.14085,1.1409,6.64,3.45
2018.11.21 11:41:20.089,1.14084,1.14087,3.19,1.00
2018.11.21 11:41:21.028,1.14084,1.14087,1.00,3.00
2018.11.21 11:41:21.556,1.14083,1.14087,1.50,2.25
2018.11.21 11:41:22.176,1.14083,1.14086,6.00,1.00
2018.11.21 11:41:22.678,1.14083,1.14087,3.37,2.25
2018.11.21 11:41:23.961,1.14082,1.14086,5.06,1.37
2018.11.21 11:41:24.275,1.14083,1.14086,1.19,1.87
2018.11.21 11:41:26.462,1.14082,1.14085,1.95,3.75
2018.11.21 11:41:26.984,1.14083,1.14086,1.00,1.37
2018.11.21 11:41:27.433,1.14084,1.14088,1.50,1.20
2018.11.21 11:41:27.958,1.14085,1.14089,3.00,1.12
2018.11.21 11:41:28.539,1.14086,1.14089,1.50,3.37
2018.11.21 11:41:29.055,1.14085,1.14089,6.08,1.10
2018.11.21 11:41:29.763,1.14086,1.14089,1.00,2.25
2018.11.21 11:41:30.268,1.14085,1.14089,2.62,1.00
2018.11.21 11:41:30.922,1.14085,1.14088,1.10,5.06
2018.11.21 11:41:30.978,1.14084,1.14086,1.20,1.00
2018.11.21 11:41:31.082,1.14083,1.14086,3.07,1.12
2018.11.21 11:41:31.135,1.14081,1.14085,1.57,2.25
2018.11.21 11:41:31.685,1.1408,1.14084,10.39,1.00
2018.11.21 11:41:33.647,1.14081,1.14086,3.56,10.76
2018.11.21 11:41:33.816,1.14083,1.14086,1.12,4.01
2018.11.21 11:41:34.338,1.14084,1.14085,1.00,1.00
2018.11.21 11:41:34.808,1.14083,1.14087,1.76,1.10
2018.11.21 11:41:35.504,1.14084,1.14088,2.14,4.12
2018.11.21 11:41:35.826,1.14086,1.1409,1.69,1.87
2018.11.21 11:41:36.427,1.14086,1.14089,4.12,1.00
2018.11.21 11:41:36.944,1.14086,1.1409,3.19,2.62
2018.11.21 11:41:37.556,1.14087,1.1409,1.00,2.62
2018.11.21 11:41:37.662,1.14088,1.14092,8.14,1.50
2018.11.21 11:41:38.204,1.1409,1.14094,1.12,4.50
2018.11.21 11:41:43.729,1.14092,1.14095,1.50,1.20
2018.11.21 11:41:44.041,1.14094,1.14098,1.57,3.37
2018.11.21 11:41:44.618,1.14096,1.14099,1.00,3.07
2018.11.21 11:41:44.830,1.141,1.14104,5.36,8.25
2018.11.21 11:41:45.111,1.141,1.14103,3.37,1.69
2018.11.21 11:41:45.276,1.14097,1.141,3.07,5.44
2018.11.21 11:41:45.435,1.14095,1.14098,3.82,1.00
2018.11.21 11:41:45.909,1.14094,1.14099,1.76,3.45
2018.11.21 11:41:46.746,1.14092,1.14095,2.70,3.00
2018.11.21 11:41:47.689,1.14092,1.14094,2.25,1.00
2018.11.21 11:41:48.057,1.14095,1.14096,1.00,2.62
2018.11.21 11:41:48.572,1.14094,1.14097,1.50,1.00
2018.11.21 11:41:49.103,1.14093,1.14097,2.44,1.00
2018.11.21 11:41:51.232,1.14093,1.14098,3.26,3.97
2018.11.21 11:41:52.041,1.14093,1.14097,6.94,1.50
2018.11.21 11:41:52.579,1.14093,1.14098,4.69,8.55
2018.11.21 11:41:53.082,1.14093,1.14098,2.44,10.05
2018.11.21 11:41:55.207,1.14093,1.14097,6.94,1.50
2018.11.21 11:41:55.653,1.14096,1.14098,2.25,1.50
2018.11.21 11:41:55.760,1.14098,1.14101,4.69,1.95
2018.11.21 11:41:55.924,1.141,1.14103,1.00,5.25
2018.11.21 11:41:56.594,1.14099,1.14103,4.01,4.50
2018.11.21 11:41:57.102,1.141,1.14103,1.00,1.50
2018.11.21 11:41:57.910,1.14099,1.14103,7.39,1.00
2018.11.21 11:41:58.427,1.141,1.14103,1.00,1.00
2018.11.21 11:41:58.942,1.14099,1.14103,7.76,1.00
2018.11.21 11:42:00.532,1.141,1.14103,1.00,1.00
2018.11.21 11:42:01.581,1.14099,1.14103,3.00,1.50
2018.11.21 11:42:03.060,1.14098,1.14101,5.51,1.00
2018.11.21 11:42:07.262,1.14098,1.14102,4.69,1.50
2018.11.21 11:42:07.635,1.14097,1.14099,4.57,2.47
2018.11.21 11:42:07.841,1.14094,1.14098,3.37,3.00
2018.11.21 11:42:08.440,1.14094,1.14097,2.25,1.50
2018.11.21 11:42:10.330,1.14094,1.14098,1.50,2.25
2018.11.21 11:42:12.451,1.14094,1.14097,1.87,3.00
2018.11.21 11:42:12.869,1.14092,1.14095,4.01,1.00
2018.11.21 11:42:13.050,1.14089,1.14093,6.19,1.00
2018.11.21 11:42:13.414,1.14089,1.14091,1.25,1.00
2018.11.21 11:42:13.915,1.14089,1.14092,3.94,1.00
2018.11.21 11:42:16.211,1.14089,1.14092,5.62,3.19
2018.11.21 11:42:16.876,1.14089,1.14092,1.12,1.50
2018.11.21 11:42:20.922,1.14086,1.14089,6.82,1.00
2018.11.21 11:42:21.438,1.14087,1.1409,2.81,1.00
2018.11.21 11:42:22.159,1.14088,1.1409,1.25,1.00
2018.11.21 11:42:23.747,1.14085,1.14089,9.82,1.00
2018.11.21 11:42:23.855,1.14084,1.14088,1.00,5.25
2018.11.21 11:42:24.316,1.14083,1.14086,1.69,1.00
2018.11.21 11:42:24.888,1.14083,1.14087,1.44,1.00
2018.11.21 11:42:25.427,1.14084,1.14087,1.50,1.00
2018.11.21 11:42:25.949,1.14084,1.14088,1.69,2.44
2018.11.21 11:42:26.492,1.14084,1.14088,4.50,1.50
2018.11.21 11:42:28.326,1.14087,1.14089,4.50,1.50
2018.11.21 11:42:28.486,1.14085,1.14089,7.20,1.00
2018.11.21 11:42:28.991,1.14086,1.14089,1.25,1.00
2018.11.21 11:42:30.410,1.14086,1.14089,2.44,2.25
2018.11.21 11:42:30.960,1.14086,1.14089,1.25,1.00
2018.11.21 11:42:31.353,1.14088,1.14091,2.25,1.95
2018.11.21 11:42:31.951,1.14087,1.14089,1.20,1.00
2018.11.21 11:42:32.108,1.14086,1.14089,1.00,3.94
2018.11.21 11:42:32.358,1.14084,1.14088,8.81,1.00
2018.11.21 11:42:32.801,1.14084,1.14087,4.39,3.37
2018.11.21 11:42:33.520,1.14085,1.14087,1.50,2.62
2018.11.21 11:42:34.459,1.14084,1.14087,2.70,1.37
2018.11.21 11:42:35.066,1.14085,1.14087,1.50,1.37
2018.11.21 11:42:35.609,1.14084,1.14087,1.39,1.87
2018.11.21 11:42:36.653,1.14084,1.14087,3.45,2.81
2018.11.21 11:42:37.193,1.14084,1.14087,1.01,1.87
2018.11.21 11:42:39.468,1.14084,1.14087,2.70,2.81
2018.11.21 11:42:40.014,1.14084,1.14087,1.01,1.87
2018.11.21 11:42:40.561,1.14085,1.14087,1.00,2.62
2018.11.21 11:42:41.241,1.14083,1.14087,9.64,1.87
2018.11.21 11:42:41.857,1.14084,1.14087,3.07,2.81
2018.11.21 11:42:42.822,1.14081,1.14083,4.57,1.00
2018.11.21 11:42:42.943,1.14081,1.14084,1.25,2.62
2018.11.21 11:42:44.131,1.14082,1.14084,1.00,3.37
2018.11.21 11:42:44.636,1.14081,1.14084,2.62,2.62
2018.11.21 11:42:45.837,1.14082,1.14084,1.00,1.12
2018.11.21 11:42:46.099,1.14082,1.14086,3.94,1.50
2018.11.21 11:42:48.645,1.14083,1.14086,1.87,2.44
2018.11.21 11:42:50.377,1.14083,1.14086,2.25,3.00
2018.11.21 11:42:50.431,1.14083,1.14085,1.00,1.37
2018.11.21 11:42:50.536,1.14081,1.14083,1.00,1.12
2018.11.21 11:42:51.069,1.1408,1.14083,1.87,1.12
2018.11.21 11:42:52.135,1.14079,1.14082,4.12,1.67
2018.11.21 11:42:52.346,1.14077,1.14079,1.00,1.31
2018.11.21 11:42:52.607,1.14076,1.14081,3.64,10.87
2018.11.21 11:42:53.121,1.14076,1.14081,5.33,11.51
2018.11.21 11:42:53.660,1.14077,1.14081,4.87,4.50
2018.11.21 11:42:53.807,1.14079,1.14081,1.00,1.12
2018.11.21 11:42:55.032,1.14078,1.14082,4.20,2.62
2018.11.21 11:42:56.316,1.14079,1.14083,5.25,2.81
2018.11.21 11:42:56.369,1.1408,1.14083,1.69,2.44
2018.11.21 11:42:56.914,1.14081,1.14085,1.25,8.81
2018.11.21 11:42:59.100,1.14082,1.14085,2.81,1.87
2018.11.21 11:42:59.153,1.14083,1.14086,2.25,3.45
2018.11.21 11:42:59.674,1.14084,1.14087,1.31,1.12
2018.11.21 11:43:00.236,1.14083,1.14088,7.31,8.32
2018.11.21 11:43:00.893,1.14084,1.14087,1.00,1.12
2018.11.21 11:43:01.094,1.14086,1.14088,1.00,2.62
2018.11.21 11:43:01.147,1.14086,1.14089,4.50,3.07
2018.11.21 11:43:01.678,1.14084,1.14088,5.25,1.12
2018.11.21 11:43:03.161,1.14084,1.14088,1.12,1.12
2018.11.21 11:43:03.212,1.14083,1.14087,5.14,1.50
2018.11.21 11:43:03.522,1.1409,1.14093,1.35,4.50
2018.11.21 11:43:04.176,1.1409,1.14093,3.19,4.69
2018.11.21 11:43:04.592,1.14092,1.14095,1.87,4.95
2018.11.21 11:43:04.995,1.14094,1.14096,1.00,1.50
2018.11.21 11:43:05.513,1.14094,1.14097,1.00,5.25
2018.11.21 11:43:06.196,1.14094,1.14096,1.00,1.50
2018.11.21 11:43:06.929,1.14094,1.14097,1.00,3.94
2018.11.21 11:43:07.948,1.14094,1.14096,1.00,1.00
2018.11.21 11:43:09.401,1.14097,1.14098,1.00,1.10
2018.11.21 11:43:09.506,1.14099,1.14102,5.85,3.07
2018.11.21 11:43:09.737,1.14101,1.14104,1.50,5.62
2018.11.21 11:43:10.364,1.14103,1.14105,1.37,3.00
2018.11.21 11:43:10.903,1.14104,1.14107,2.25,3.00
2018.11.21 11:43:11.449,1.14103,1.14107,5.81,1.37
2018.11.21 11:43:11.661,1.141,1.14104,5.44,2.44
2018.11.21 11:43:11.817,1.14102,1.14105,1.12,9.45
2018.11.21 11:43:12.357,1.14101,1.14103,3.00,1.50
2018.11.21 11:43:12.860,1.141,1.14103,1.25,1.00
2018.11.21 11:43:13.401,1.14099,1.14104,2.44,7.01
2018.11.21 11:43:17.470,1.141,1.14103,1.25,1.00
2018.11.21 11:43:17.784,1.14104,1.14106,2.10,1.12
2018.11.21 11:43:18.178,1.14104,1.14108,4.12,3.00
2018.11.21 11:43:18.818,1.14105,1.14108,1.00,2.25
2018.11.21 11:43:19.369,1.14104,1.14108,3.37,2.25
2018.11.21 11:43:19.866,1.14104,1.14106,6.94,1.00
2018.11.21 11:43:20.381,1.14104,1.14107,5.51,1.50
2018.11.21 11:43:22.594,1.14104,1.14106,3.56,1.00
2018.11.21 11:43:23.010,1.14101,1.14104,1.00,1.00
2018.11.21 11:43:23.529,1.141,1.14104,1.20,1.10
2018.11.21 11:43:23.995,1.14101,1.14104,1.31,1.25
2018.11.21 11:43:24.509,1.14101,1.14105,3.37,3.56
2018.11.21 11:43:25.060,1.14101,1.14105,3.00,2.06
2018.11.21 11:43:25.638,1.14101,1.14105,2.66,2.81
2018.11.21 11:43:25.950,1.14104,1.14106,1.00,1.10
2018.11.21 11:43:26.057,1.14105,1.14108,1.54,2.44
2018.11.21 11:43:26.111,1.14107,1.14109,5.06,3.37
2018.11.21 11:43:26.163,1.14108,1.14111,2.06,2.32
2018.11.21 11:43:26.748,1.14108,1.14112,9.60,1.69
2018.11.21 11:43:27.347,1.14108,1.14111,4.12,1.00
2018.11.21 11:43:27.401,1.14107,1.14111,1.95,1.87
2018.11.21 11:43:27.507,1.14106,1.1411,3.26,1.95
2018.11.21 11:43:28.631,1.14107,1.1411,1.00,1.00
2018.11.21 11:43:28.943,1.14108,1.14111,5.81,1.50
2018.11.21 11:43:30.132,1.14109,1.14112,1.12,1.87
2018.11.21 11:43:30.791,1.14113,1.14114,2.10,2.25
2018.11.21 11:43:30.897,1.14115,1.14116,1.12,1.50
2018.11.21 11:43:31.054,1.14115,1.14118,1.12,3.57
2018.11.21 11:43:31.682,1.14114,1.14117,7.12,1.00
2018.11.21 11:43:32.234,1.14114,1.14118,6.19,2.81
2018.11.21 11:43:33.471,1.14114,1.14117,5.44,1.00
2018.11.21 11:43:35.036,1.14114,1.14118,1.37,3.00
2018.11.21 11:43:35.633,1.14114,1.14117,1.37,1.50
2018.11.21 11:43:37.837,1.14114,1.14116,1.37,1.00
2018.11.21 11:43:38.622,1.14113,1.14114,1.39,1.31
2018.11.21 11:43:38.727,1.14109,1.14112,1.57,1.00
2018.11.21 11:43:39.629,1.14108,1.14111,3.82,1.00
2018.11.21 11:43:40.253,1.14109,1.14111,1.00,1.50
2018.11.21 11:43:40.460,1.14112,1.14114,3.56,8.32
2018.11.21 11:43:40.564,1.14113,1.14115,4.72,1.00
2018.11.21 11:43:41.091,1.14113,1.14117,5.92,3.45
2018.11.21 11:43:42.011,1.14113,1.14117,6.86,2.89
2018.11.21 11:43:42.589,1.14113,1.14117,3.07,2.70
2018.11.21 11:43:43.114,1.14114,1.14117,1.00,3.37
2018.11.21 11:43:43.166,1.14113,1.14114,1.87,1.00
2018.11.21 11:43:43.220,1.14111,1.14113,1.00,3.00
2018.11.21 11:43:43.330,1.14109,1.14112,4.57,1.00
2018.11.21 11:43:44.575,1.14108,1.14111,10.20,1.00
2018.11.21 11:43:45.881,1.14108,1.14112,8.70,1.00
2018.11.21 11:43:46.359,1.14107,1.14108,2.70,1.00
2018.11.21 11:43:46.412,1.14105,1.14108,4.50,1.25
2018.11.21 11:43:46.719,1.14103,1.14107,4.57,1.69
2018.11.21 11:43:52.068,1.14104,1.14107,1.50,2.25
2018.11.21 11:43:52.862,1.14104,1.14107,1.50,2.25
2018.11.21 11:43:53.604,1.14103,1.14107,11.06,3.00
2018.11.21 11:43:54.100,1.14102,1.14104,4.57,1.00
2018.11.21 11:43:54.445,1.14097,1.141,1.00,3.94
2018.11.21 11:43:54.964,1.14099,1.14101,1.12,1.57
2018.11.21 11:43:55.505,1.14098,1.14102,5.44,1.12
2018.11.21 11:43:56.189,1.14099,1.14102,2.25,1.87
2018.11.21 11:43:57.258,1.14098,1.14102,6.56,1.00
2018.11.21 11:43:57.959,1.14099,1.14102,2.25,1.50
2018.11.21 11:43:59.917,1.14099,1.14102,2.81,1.69
2018.11.21 11:44:00.530,1.14099,1.14102,1.31,1.00
2018.11.21 11:44:01.259,1.14099,1.14102,2.81,2.44
2018.11.21 11:44:01.872,1.14098,1.14102,11.81,1.50
2018.11.21 11:44:02.517,1.14099,1.14103,1.12,4.87
2018.11.21 11:44:03.166,1.141,1.14103,1.00,2.62
2018.11.21 11:44:04.071,1.14098,1.14103,5.14,3.37
2018.11.21 11:44:04.585,1.14099,1.14102,1.12,1.87
2018.11.21 11:44:05.134,1.14101,1.14104,1.12,4.50
2018.11.21 11:44:05.498,1.14104,1.14107,1.54,2.25
2018.11.21 11:44:08.079,1.14105,1.14108,1.00,7.31
2018.11.21 11:44:08.628,1.14106,1.14108,1.57,1.00
2018.11.21 11:44:09.147,1.14105,1.14109,11.74,1.69
2018.11.21 11:44:10.124,1.14105,1.14109,9.37,1.25
2018.11.21 11:44:10.905,1.14106,1.14108,1.00,1.00
2018.11.21 11:44:11.655,1.14105,1.14109,5.81,2.06
2018.11.21 11:44:12.182,1.14106,1.14109,1.00,2.81
2018.11.21 11:44:12.840,1.14105,1.14109,5.44,2.06
2018.11.21 11:44:13.796,1.14107,1.1411,8.06,2.25
2018.11.21 11:44:14.109,1.14108,1.1411,3.07,1.00
2018.11.21 11:44:14.320,1.14108,1.14112,2.89,2.32
2018.11.21 11:44:15.374,1.14108,1.14111,2.06,1.00
2018.11.21 11:44:15.881,1.14108,1.14112,5.81,1.87
2018.11.21 11:44:16.953,1.14108,1.14111,2.89,1.00
2018.11.21 11:44:18.708,1.14109,1.14112,1.12,1.20
2018.11.21 11:44:19.909,1.14108,1.1411,3.37,1.25
2018.11.21 11:44:19.963,1.14107,1.14109,2.32,2.44
2018.11.21 11:44:20.017,1.14105,1.14108,6.56,1.00
2018.11.21 11:44:20.549,1.14107,1.14109,1.50,4.50
2018.11.21 11:44:20.603,1.14108,1.1411,2.25,1.00
2018.11.21 11:44:20.968,1.14108,1.14112,1.87,3.75
2018.11.21 11:44:21.520,1.14108,1.14112,1.00,3.37
2018.11.21 11:44:22.800,1.14108,1.14112,4.50,3.60
2018.11.21 11:44:24.085,1.14109,1.14112,1.50,3.23
2018.11.21 11:44:26.287,1.14108,1.14112,3.37,4.35
2018.11.21 11:44:27.230,1.14109,1.14111,1.00,1.00
2018.11.21 11:44:27.833,1.14108,1.14112,3.75,3.00
2018.11.21 11:44:28.516,1.14109,1.14112,1.00,6.75
2018.11.21 11:44:29.089,1.14109,1.14111,1.00,1.00
2018.11.21 11:44:29.694,1.14108,1.14111,4.20,1.00
2018.11.21 11:44:30.318,1.14107,1.14108,4.57,1.35
2018.11.21 11:44:30.526,1.14104,1.14108,3.37,5.62
2018.11.21 11:44:31.784,1.14105,1.14107,1.87,1.00
2018.11.21 11:44:32.329,1.14104,1.14108,4.87,3.37
2018.11.21 11:44:33.278,1.14107,1.14109,1.25,1.50
2018.11.21 11:44:33.806,1.14106,1.14109,1.00,2.81
2018.11.21 11:44:34.485,1.14106,1.14108,1.00,1.00
2018.11.21 11:44:36.358,1.14104,1.14108,7.95,3.37
2018.11.21 11:44:37.038,1.14105,1.14108,1.50,4.12
2018.11.21 11:44:37.569,1.14104,1.14107,3.45,1.00
2018.11.21 11:44:40.023,1.14104,1.14106,3.82,1.00
2018.11.21 11:44:40.569,1.14104,1.14107,3.07,1.50
2018.11.21 11:44:41.209,1.14104,1.14108,3.45,2.62
2018.11.21 11:44:41.743,1.14104,1.14108,4.39,2.44
2018.11.21 11:44:42.489,1.14105,1.14108,1.50,2.62
2018.11.21 11:44:43.064,1.14104,1.14108,6.07,1.50
2018.11.21 11:44:43.723,1.14105,1.14108,1.50,2.25
2018.11.21 11:44:44.245,1.14104,1.14108,1.50,2.06
2018.11.21 11:44:44.400,1.14103,1.14105,1.95,3.19
2018.11.21 11:44:44.453,1.14102,1.14104,1.00,4.69
2018.11.21 11:44:44.652,1.141,1.14103,1.00,1.20
2018.11.21 11:44:45.247,1.14099,1.14102,1.20,1.00
2018.11.21 11:44:45.907,1.14098,1.14103,6.82,7.31
2018.11.21 11:44:46.370,1.141,1.14103,1.57,3.37
2018.11.21 11:44:46.980,1.14099,1.14102,1.57,1.00
2018.11.21 11:44:47.034,1.14098,1.14101,2.70,1.00
2018.11.21 11:44:47.088,1.14097,1.14099,1.45,3.00
2018.11.21 11:44:47.140,1.14096,1.14099,2.36,3.75
2018.11.21 11:44:47.193,1.14098,1.14101,1.00,6.82
2018.11.21 11:44:47.732,1.14097,1.141,1.12,4.50
2018.11.21 11:44:48.044,1.14099,1.14101,1.00,1.12
2018.11.21 11:44:49.396,1.14098,1.14102,1.50,3.37
2018.11.21 11:44:50.084,1.14098,1.141,1.31,1.00
2018.11.21 11:44:51.912,1.14098,1.14102,2.55,5.32
2018.11.21 11:44:52.424,1.14099,1.14102,1.00,3.64
2018.11.21 11:44:53.004,1.14099,1.14102,1.00,3.64
2018.11.21 11:44:53.542,1.14098,1.14101,2.36,1.12
2018.11.21 11:44:55.064,1.14097,1.141,3.07,6.00
2018.11.21 11:44:55.194,1.14096,1.14098,1.10,2.25
2018.11.21 11:44:55.786,1.14095,1.14099,1.57,2.32
2018.11.21 11:44:56.096,1.14097,1.14099,1.00,1.12
2018.11.21 11:44:56.665,1.14096,1.141,3.19,3.94
2018.11.21 11:44:57.335,1.14096,1.141,1.25,3.19
2018.11.21 11:44:58.099,1.14096,1.141,3.64,1.87
2018.11.21 11:44:58.410,1.14098,1.14102,4.12,2.62
2018.11.21 11:45:01.061,1.14098,1.14103,3.56,7.01
2018.11.21 11:45:01.618,1.14099,1.14103,1.00,5.51
2018.11.21 11:45:02.191,1.14101,1.14103,2.81,2.70
2018.11.21 11:45:02.564,1.14105,1.14108,3.75,1.00
2018.11.21 11:45:03.887,1.14105,1.14109,2.25,4.69
2018.11.21 11:45:04.407,1.14105,1.14108,1.50,1.12
2018.11.21 11:45:04.918,1.14104,1.14109,2.25,5.70
2018.11.21 11:45:05.437,1.14104,1.14108,1.00,6.37
2018.11.21 11:45:05.982,1.14103,1.14108,1.95,5.06
2018.11.21 11:45:07.034,1.14104,1.14108,1.00,9.00
2018.11.21 11:45:07.651,1.14103,1.14108,2.14,3.00
2018.11.21 11:45:08.224,1.14104,1.14108,1.00,7.87
2018.11.21 11:45:08.770,1.14103,1.14107,4.39,1.69
2018.11.21 11:45:09.712,1.14104,1.14107,1.00,2.44
2018.11.21 11:45:10.314,1.14103,1.14108,3.73,3.75
2018.11.21 11:45:10.960,1.14104,1.14108,1.00,8.25
2018.11.21 11:45:11.558,1.14103,1.14108,2.32,4.31
2018.11.21 11:45:12.092,1.14103,1.14108,2.32,6.19
2018.11.21 11:45:12.612,1.14103,1.14107,1.00,2.25
2018.11.21 11:45:14.452,1.14103,1.14107,2.44,2.44
2018.11.21 11:45:15.234,1.14103,1.14107,1.25,1.00
2018.11.21 11:45:15.792,1.14103,1.14107,5.44,3.94
2018.11.21 11:45:19.055,1.14104,1.14106,1.00,1.00
2018.11.21 11:45:20.604,1.14103,1.14106,2.32,3.19
2018.11.21 11:45:20.710,1.14101,1.14104,1.00,3.75
2018.11.21 11:45:20.764,1.14099,1.14104,5.36,3.75
2018.11.21 11:45:20.817,1.141,1.14103,1.00,1.50
2018.11.21 11:45:21.351,1.141,1.14104,3.19,4.69
2018.11.21 11:45:21.890,1.14099,1.14103,2.06,1.50
2018.11.21 11:45:22.484,1.14099,1.14103,3.56,3.94
2018.11.21 11:45:22.997,1.14099,1.14103,1.69,2.62
2018.11.21 11:45:24.730,1.141,1.14103,1.00,2.25
2018.11.21 11:45:25.497,1.14099,1.14103,3.19,2.25
2018.11.21 11:45:26.055,1.14099,1.14103,3.19,3.94
2018.11.21 11:45:26.666,1.14099,1.14103,1.76,2.62
2018.11.21 11:45:30.073,1.141,1.14103,1.00,4.50
2018.11.21 11:45:30.774,1.14099,1.14103,4.48,2.25
2018.11.21 11:45:31.314,1.141,1.14103,1.50,3.00
2018.11.21 11:45:31.826,1.14099,1.14103,2.62,2.25
2018.11.21 11:45:32.434,1.141,1.14103,1.00,2.25
2018.11.21 11:45:33.121,1.14099,1.14103,4.50,2.25
2018.11.21 11:45:33.441,1.14102,1.14104,2.44,1.87
2018.11.21 11:45:33.962,1.14101,1.14105,2.44,2.25
2018.11.21 11:45:34.469,1.14102,1.14104,1.00,1.00
2018.11.21 11:45:35.012,1.14101,1.14105,1.00,4.31
2018.11.21 11:45:35.400,1.141,1.14103,1.12,1.00
2018.11.21 11:45:37.811,1.14099,1.14102,5.81,2.25
2018.11.21 11:45:41.571,1.14103,1.14104,1.00,1.00
2018.11.21 11:45:41.933,1.14103,1.14106,2.62,4.12
2018.11.21 11:45:43.762,1.14103,1.14106,2.81,1.31
2018.11.21 11:45:44.501,1.14102,1.14107,8.51,6.38
2018.11.21 11:45:51.944,1.14103,1.14107,1.31,5.51
2018.11.21 11:45:52.893,1.14102,1.14106,10.20,1.00
2018.11.21 11:45:53.415,1.14102,1.14106,7.76,1.00
2018.11.21 11:45:54.025,1.14103,1.14106,2.44,1.00
2018.11.21 11:45:55.935,1.14103,1.14106,1.19,1.69
2018.11.21 11:45:56.438,1.14103,1.14106,1.25,1.00
2018.11.21 11:45:56.959,1.14103,1.14107,1.50,4.39
2018.11.21 11:45:57.428,1.141,1.14103,1.00,1.12
2018.11.21 11:45:57.970,1.14099,1.14102,5.62,2.06
2018.11.21 11:45:58.554,1.14099,1.14102,1.69,1.12
2018.11.21 11:45:58.713,1.14096,1.141,3.07,9.11
2018.11.21 11:45:59.221,1.14097,1.141,6.19,3.37
2018.11.21 11:45:59.737,1.14098,1.141,1.69,2.62
2018.11.21 11:46:00.451,1.14098,1.14101,4.69,4.87
2018.11.21 11:46:07.683,1.14098,1.14101,1.00,3.19
2018.11.21 11:46:08.015,1.14102,1.14105,1.25,1.50
2018.11.21 11:46:08.274,1.141,1.14105,6.56,4.20
2018.11.21 11:46:08.378,1.14101,1.14105,1.50,2.06
2018.11.21 11:46:09.408,1.14101,1.14104,3.37,1.00
2018.11.21 11:46:09.513,1.141,1.14103,8.91,1.00
2018.11.21 11:46:09.966,1.14102,1.14105,1.25,9.07
2018.11.21 11:46:10.571,1.14102,1.14105,1.12,2.06
2018.11.21 11:46:10.890,1.141,1.14104,6.56,1.00
2018.11.21 11:46:11.409,1.14101,1.14104,1.25,1.87
2018.11.21 11:46:11.925,1.14102,1.14104,3.94,1.00
2018.11.21 11:46:12.079,1.14103,1.14107,1.44,5.89
2018.11.21 11:46:12.498,1.14103,1.14105,5.25,1.69
2018.11.21 11:46:12.724,1.14101,1.14105,2.44,9.19
2018.11.21 11:46:14.534,1.141,1.14105,4.05,5.06
2018.11.21 11:46:15.074,1.14101,1.14105,1.00,10.95
2018.11.21 11:46:16.119,1.14102,1.14105,7.72,1.95
2018.11.21 11:46:16.629,1.14103,1.14106,1.37,1.00
2018.11.21 11:46:17.495,1.14103,1.14107,1.37,4.39
2018.11.21 11:46:18.067,1.14103,1.14107,2.62,4.39
2018.11.21 11:46:18.687,1.14103,1.14107,2.62,2.81
2018.11.21 11:46:19.355,1.14104,1.14107,1.25,6.37
2018.11.21 11:46:27.329,1.14103,1.14106,3.94,1.12
2018.11.21 11:46:27.649,1.141,1.14103,1.25,1.00
2018.11.21 11:46:28.665,1.141,1.14102,3.19,1.00
2018.11.21 11:46:29.185,1.14098,1.14101,1.50,1.72
2018.11.21 11:46:29.238,1.14097,1.14098,3.37,1.00
2018.11.21 11:46:29.290,1.14095,1.14098,2.25,3.00
2018.11.21 11:46:29.446,1.14093,1.14097,5.81,1.12
2018.11.21 11:46:29.995,1.14093,1.14097,7.31,2.25
2018.11.21 11:46:33.174,1.14095,1.14098,1.00,4.95
2018.11.21 11:46:33.693,1.14094,1.14097,1.12,1.12
2018.11.21 11:46:35.103,1.14094,1.14097,1.87,2.25
2018.11.21 11:46:35.620,1.14093,1.14097,12.75,1.57
2018.11.21 11:46:36.169,1.14094,1.14096,1.00,1.00
2018.11.21 11:46:36.713,1.14093,1.14096,4.87,1.00
2018.11.21 11:46:37.321,1.14093,1.14096,2.44,1.00
2018.11.21 11:46:37.872,1.14093,1.14096,3.19,1.00
2018.11.21 11:46:38.457,1.14093,1.14096,1.19,1.00
2018.11.21 11:46:38.977,1.14093,1.14096,4.69,1.00
2018.11.21 11:46:39.507,1.14093,1.14096,5.44,1.00
2018.11.21 11:46:40.023,1.14093,1.14096,3.19,1.00
2018.11.21 11:46:42.932,1.14093,1.14095,2.62,1.25
2018.11.21 11:46:47.858,1.14093,1.14096,2.06,1.87
2018.11.21 11:46:48.702,1.14094,1.14096,1.19,1.87
2018.11.21 11:46:49.303,1.14093,1.14096,2.81,1.50
2018.11.21 11:46:49.920,1.14093,1.14096,2.62,1.50
2018.11.21 11:46:50.078,1.14091,1.14093,1.20,1.00
2018.11.21 11:46:50.324,1.14089,1.14092,1.00,1.50
2018.11.21 11:46:51.429,1.14091,1.14092,3.41,1.00
2018.11.21 11:46:51.693,1.14093,1.14096,4.35,2.25
2018.11.21 11:46:51.873,1.14094,1.14096,1.56,3.94
2018.11.21 11:46:52.640,1.14093,1.14096,3.11,1.00
2018.11.21 11:46:53.143,1.14093,1.14096,3.79,1.00
2018.11.21 11:46:53.718,1.14094,1.14097,1.00,6.19
2018.11.21 11:46:54.634,1.14094,1.14097,5.66,9.07
2018.11.21 11:46:55.185,1.14094,1.14096,2.06,1.00
2018.11.21 11:46:56.443,1.14094,1.14096,2.06,1.00
2018.11.21 11:46:56.774,1.14097,1.14099,3.94,1.25
2018.11.21 11:46:57.036,1.14096,1.14099,1.10,2.25
2018.11.21 11:46:57.142,1.14093,1.14098,10.24,4.01
2018.11.21 11:46:57.652,1.14095,1.14098,1.50,2.62
2018.11.21 11:46:59.321,1.14094,1.14096,1.50,1.50
2018.11.21 11:47:00.071,1.14093,1.14097,4.35,1.50
2018.11.21 11:47:00.873,1.14094,1.14097,1.00,1.50
2018.11.21 11:47:01.412,1.14096,1.14098,7.91,3.37
2018.11.21 11:47:01.607,1.141,1.14101,1.05,1.00
2018.11.21 11:47:03.273,1.14098,1.14101,5.74,1.50
2018.11.21 11:47:03.935,1.14098,1.14101,2.25,1.50
2018.11.21 11:47:05.243,1.14098,1.141,4.50,1.00
2018.11.21 11:47:05.795,1.14102,1.14105,4.12,1.12
2018.11.21 11:47:06.388,1.14101,1.14105,3.49,1.69
2018.11.21 11:47:06.543,1.141,1.14103,2.81,1.00
2018.11.21 11:47:06.697,1.14099,1.14103,7.24,1.87
2018.11.21 11:47:06.749,1.14101,1.14103,1.00,1.87
2018.11.21 11:47:07.091,1.14099,1.14102,1.39,1.25
2018.11.21 11:47:10.029,1.14099,1.14101,1.00,1.50
2018.11.21 11:47:10.086,1.14097,1.14099,5.51,1.50
2018.11.21 11:47:10.140,1.14096,1.14099,1.87,1.87
2018.11.21 11:47:10.282,1.14094,1.14097,1.95,1.50
2018.11.21 11:47:10.335,1.14092,1.14095,3.64,1.00
2018.11.21 11:47:10.803,1.14093,1.14096,2.44,1.87
2018.11.21 11:47:11.372,1.14093,1.14096,3.00,1.87
2018.11.21 11:47:12.772,1.14093,1.14096,3.90,1.00
2018.11.21 11:47:13.002,1.14095,1.14098,1.00,1.00
2018.11.21 11:47:13.261,1.14093,1.14098,2.62,11.89
2018.11.21 11:47:13.772,1.14092,1.14096,4.20,1.00
2018.11.21 11:47:13.979,1.14094,1.14096,1.31,1.00
2018.11.21 11:47:14.508,1.14093,1.14096,5.06,1.00
2018.11.21 11:47:16.661,1.14093,1.14096,1.00,3.00
2018.11.21 11:47:16.974,1.14094,1.14096,1.19,1.00
2018.11.21 11:47:17.481,1.14093,1.14096,3.00,1.50
2018.11.21 11:47:18.683,1.14092,1.14096,2.66,1.50
2018.11.21 11:47:19.727,1.14092,1.14095,3.30,1.00
2018.11.21 11:47:19.832,1.14091,1.14092,2.25,1.00
2018.11.21 11:47:19.987,1.14089,1.14092,1.87,1.00
2018.11.21 11:47:21.574,1.14088,1.14091,2.10,1.50
2018.11.21 11:47:21.627,1.14088,1.14091,1.00,3.75
2018.11.21 11:47:21.681,1.14086,1.14088,1.00,2.62
2018.11.21 11:47:21.734,1.14084,1.14088,7.01,3.00
2018.11.21 11:47:22.461,1.14084,1.14087,1.19,1.31
2018.11.21 11:47:22.994,1.14083,1.14088,4.69,6.82
2018.11.21 11:47:23.476,1.14086,1.14088,1.69,1.95
2018.11.21 11:47:23.853,1.14087,1.1409,4.69,1.00
2018.11.21 11:47:24.613,1.14087,1.14091,7.95,1.50
2018.11.21 11:47:25.171,1.14088,1.14091,1.69,1.50
2018.11.21 11:47:25.893,1.14088,1.14091,1.25,1.50
2018.11.21 11:47:26.656,1.14088,1.14091,2.44,1.62
2018.11.21 11:47:27.698,1.14087,1.14088,2.25,1.50
2018.11.21 11:47:27.993,1.14084,1.14087,1.10,1.37
2018.11.21 11:47:28.527,1.14084,1.14088,1.69,2.25
2018.11.21 11:47:28.786,1.14084,1.14088,1.00,5.44
2018.11.21 11:47:29.411,1.14083,1.14088,3.45,1.95
2018.11.21 11:47:30.734,1.14084,1.14088,2.06,1.12
2018.11.21 11:47:30.789,1.14088,1.1409,1.87,3.07
2018.11.21 11:47:30.895,1.14089,1.14092,1.05,3.26
2018.11.21 11:47:31.436,1.14088,1.14092,3.37,1.50
2018.11.21 11:47:31.992,1.14088,1.14091,4.57,1.00
2018.11.21 11:47:33.270,1.14088,1.14092,3.07,3.82
2018.11.21 11:47:33.816,1.14088,1.14092,3.45,3.82
2018.11.21 11:47:34.023,1.14089,1.14092,5.32,1.25
2018.11.21 11:47:34.416,1.1409,1.14093,2.44,1.69
2018.11.21 11:47:36.736,1.1409,1.14093,1.50,1.50
2018.11.21 11:47:38.261,1.14089,1.14093,1.00,3.94
2018.11.21 11:47:39.989,1.1409,1.14093,1.69,1.00
2018.11.21 11:47:40.300,1.14088,1.14093,7.42,1.69
2018.11.21 11:47:40.509,1.14089,1.14092,6.00,1.00
2018.11.21 11:47:40.781,1.14092,1.14096,1.31,7.69
2018.11.21 11:47:41.322,1.14094,1.14096,1.25,2.44
2018.11.21 11:47:41.823,1.14093,1.14096,1.00,1.50
2018.11.21 11:47:42.343,1.14093,1.14095,1.00,1.00
2018.11.21 11:47:42.870,1.14092,1.14096,3.26,1.87
2018.11.21 11:47:43.404,1.14093,1.14096,1.25,4.50
2018.11.21 11:47:44.050,1.14093,1.14095,3.19,1.00
2018.11.21 11:47:44.559,1.14091,1.14094,5.70,1.00
2018.11.21 11:47:45.096,1.14091,1.14095,4.50,3.00
2018.11.21 11:47:46.434,1.1409,1.14092,1.57,1.00
2018.11.21 11:47:47.025,1.14089,1.14093,1.50,2.32
2018.11.21 11:47:47.784,1.1409,1.14092,1.00,1.00
2018.11.21 11:47:48.317,1.14089,1.14093,1.50,4.57
2018.11.21 11:47:48.629,1.14089,1.14091,1.00,1.00
2018.11.21 11:47:49.168,1.14089,1.14092,1.00,2.25
2018.11.21 11:47:49.714,1.14088,1.14092,4.69,1.50
2018.11.21 11:47:50.323,1.14089,1.14091,1.00,1.00
2018.11.21 11:47:50.828,1.14088,1.14092,4.69,1.50
2018.11.21 11:47:52.037,1.14088,1.14093,5.44,7.20
2018.11.21 11:47:52.641,1.14088,1.14092,5.81,1.00
2018.11.21 11:47:53.215,1.14089,1.14092,1.00,2.25
2018.11.21 11:47:53.653,1.1409,1.14093,4.12,1.87
2018.11.21 11:47:54.174,1.14091,1.14094,1.50,2.70
2018.11.21 11:47:55.025,1.14091,1.14094,1.50,5.51
2018.11.21 11:47:55.811,1.1409,1.14094,3.37,4.01
2018.11.21 11:47:56.319,1.14089,1.14092,1.12,2.81
2018.11.21 11:47:56.529,1.14087,1.1409,1.50,1.00
2018.11.21 11:47:56.685,1.14089,1.14091,1.00,2.81
2018.11.21 11:47:56.977,1.14084,1.14088,4.87,3.94
2018.11.21 11:47:57.082,1.14086,1.14088,1.00,1.87
2018.11.21 11:47:57.185,1.14084,1.14088,1.00,5.62
2018.11.21 11:47:57.723,1.14083,1.14087,1.76,2.89
2018.11.21 11:47:58.239,1.14083,1.14087,1.57,2.14
2018.11.21 11:48:00.125,1.14083,1.14086,1.39,1.00
2018.11.21 11:48:00.653,1.14083,1.14086,1.20,1.50
2018.11.21 11:48:01.016,1.14082,1.14084,4.57,1.00
2018.11.21 11:48:01.077,1.14081,1.14084,8.81,3.75
2018.11.21 11:48:01.130,1.14083,1.14084,1.00,5.25
2018.11.21 11:48:01.389,1.14082,1.14086,2.81,4.69
2018.11.21 11:48:02.044,1.14082,1.14086,2.62,3.75
2018.11.21 11:48:02.548,1.14082,1.14085,7.88,1.00
2018.11.21 11:48:04.074,1.14082,1.14086,5.81,1.00
2018.11.21 11:48:04.652,1.14086,1.14088,2.25,4.95
2018.11.21 11:48:04.809,1.14087,1.14089,2.25,1.00
2018.11.21 11:48:05.291,1.14087,1.14091,1.00,6.45
2018.11.21 11:48:05.345,1.14086,1.14088,4.12,1.00
2018.11.21 11:48:05.398,1.14084,1.14088,1.57,5.06
2018.11.21 11:48:05.959,1.14083,1.14087,1.87,3.00
2018.11.21 11:48:06.011,1.14084,1.14087,1.19,1.12
2018.11.21 11:48:06.063,1.14083,1.14087,5.25,1.12
2018.11.21 11:48:06.583,1.14083,1.14087,6.75,2.06
2018.11.21 11:48:06.807,1.14083,1.14087,3.37,4.12
2018.11.21 11:48:07.476,1.14084,1.14086,1.00,1.50
2018.11.21 11:48:08.013,1.14083,1.14086,1.12,1.00
2018.11.21 11:48:09.943,1.14083,1.14087,1.12,3.94
2018.11.21 11:48:10.450,1.14083,1.14087,1.31,3.94
2018.11.21 11:48:11.435,1.14084,1.14087,2.44,4.50
2018.11.21 11:48:12.132,1.14083,1.14087,3.94,3.56
2018.11.21 11:48:12.635,1.14082,1.14084,3.75,3.41
2018.11.21 11:48:12.689,1.1408,1.14082,1.00,1.50
2018.11.21 11:48:12.837,1.14079,1.1408,1.00,1.25
2018.11.21 11:48:12.941,1.14078,1.14081,2.25,5.36
2018.11.21 11:48:13.151,1.14079,1.14081,1.87,1.57
2018.11.21 11:48:13.361,1.14077,1.14081,3.60,2.25
2018.11.21 11:48:13.570,1.14076,1.14078,4.12,1.00
2018.11.21 11:48:13.728,1.14074,1.14078,4.50,1.57
2018.11.21 11:48:14.240,1.14074,1.14077,4.12,1.00
2018.11.21 11:48:14.943,1.14074,1.14077,4.12,2.25
2018.11.21 11:48:18.289,1.14073,1.14077,8.63,1.87
2018.11.21 11:48:18.841,1.14075,1.14078,2.25,2.81
2018.11.21 11:48:19.386,1.14075,1.14077,1.50,1.25
2018.11.21 11:48:20.273,1.14074,1.14077,1.00,1.25
2018.11.21 11:48:21.053,1.14074,1.14076,1.00,1.00
2018.11.21 11:48:21.585,1.14074,1.14077,1.00,2.06
2018.11.21 11:48:22.533,1.14074,1.14075,2.25,1.00
2018.11.21 11:48:22.745,1.14071,1.14074,1.50,1.50
2018.11.21 11:48:23.007,1.14072,1.14076,4.91,2.06
2018.11.21 11:48:23.311,1.14077,1.14079,1.35,1.50
2018.11.21 11:48:23.861,1.14075,1.14079,1.50,1.87
2018.11.21 11:48:23.966,1.14075,1.14079,1.87,3.07
2018.11.21 11:48:24.019,1.14075,1.14079,1.50,2.32
2018.11.21 11:48:28.585,1.14074,1.14078,1.54,1.69
2018.11.21 11:48:29.810,1.14075,1.14078,1.69,1.00
2018.11.21 11:48:30.324,1.14076,1.14079,1.00,3.37
2018.11.21 11:48:31.230,1.14076,1.14078,1.00,1.00
2018.11.21 11:48:33.006,1.14075,1.14078,1.50,2.25
2018.11.21 11:48:33.522,1.14074,1.14078,4.12,2.25
2018.11.21 11:48:33.890,1.14076,1.14079,1.00,6.82
2018.11.21 11:48:34.410,1.14075,1.14079,1.25,3.94
2018.11.21 11:48:36.245,1.14075,1.14078,3.19,1.39
2018.11.21 11:48:38.179,1.14074,1.14079,5.32,5.14
2018.11.21 11:48:40.032,1.14075,1.14078,1.19,1.39
2018.11.21 11:48:40.559,1.14074,1.14079,1.39,5.32
2018.11.21 11:48:40.923,1.14076,1.14079,2.25,1.95
2018.11.21 11:48:41.467,1.14078,1.1408,2.25,1.00
2018.11.21 11:48:46.518,1.14078,1.14081,2.25,4.12
2018.11.21 11:48:46.803,1.14074,1.14079,9.26,1.00
2018.11.21 11:48:46.856,1.14074,1.14079,6.82,1.75
2018.11.21 11:48:47.358,1.14077,1.1408,3.75,3.00
2018.11.21 11:48:47.862,1.14078,1.14081,1.00,1.87
2018.11.21 11:48:48.519,1.14079,1.14081,1.00,2.62
2018.11.21 11:48:48.882,1.14077,1.14081,5.62,3.00
2018.11.21 11:48:49.392,1.14078,1.14081,1.00,1.50
2018.11.21 11:48:49.902,1.14078,1.14081,1.00,4.69
2018.11.21 11:48:50.286,1.14077,1.14078,1.00,1.00
2018.11.21 11:48:50.391,1.14075,1.14077,3.00,1.00
2018.11.21 11:48:50.695,1.14077,1.14078,3.00,1.00
2018.11.21 11:48:51.216,1.14077,1.1408,1.00,1.50
2018.11.21 11:48:51.789,1.14078,1.1408,1.00,3.75
2018.11.21 11:48:51.999,1.14076,1.14078,3.00,1.50
2018.11.21 11:48:52.503,1.14075,1.14077,1.00,1.00
2018.11.21 11:48:52.709,1.14073,1.14076,6.45,1.00
2018.11.21 11:48:53.073,1.14072,1.14074,1.10,1.12
2018.11.21 11:48:53.606,1.14071,1.14074,1.25,1.12
2018.11.21 11:48:54.907,1.14071,1.14074,1.19,1.12
2018.11.21 11:48:55.479,1.14072,1.14074,2.44,2.06
2018.11.21 11:48:55.894,1.14074,1.14076,1.31,1.12
2018.11.21 11:48:56.541,1.14074,1.14075,1.31,1.00
2018.11.21 11:48:57.192,1.14074,1.14076,1.25,1.87
2018.11.21 11:48:57.706,1.14073,1.14076,4.39,1.37
2018.11.21 11:48:58.226,1.14074,1.14076,1.31,1.12
2018.11.21 11:48:58.659,1.14076,1.14078,1.12,2.25
2018.11.21 11:48:58.715,1.14078,1.1408,1.50,1.00
2018.11.21 11:48:59.026,1.14083,1.14084,2.25,1.50
2018.11.21 11:48:59.079,1.14081,1.14082,1.00,1.00
2018.11.21 11:48:59.272,1.1408,1.14081,1.00,1.00
2018.11.21 11:48:59.377,1.14078,1.14081,3.45,1.00
2018.11.21 11:48:59.966,1.14078,1.14081,2.62,1.00
2018.11.21 11:49:00.488,1.14078,1.14081,1.25,1.00
2018.11.21 11:49:00.924,1.14079,1.14081,1.19,1.25
2018.11.21 11:49:01.166,1.14077,1.1408,2.32,1.69
2018.11.21 11:49:01.579,1.14075,1.14078,1.95,1.00
2018.11.21 11:49:01.786,1.14075,1.14076,1.00,1.00
2018.11.21 11:49:02.320,1.14074,1.14077,3.19,1.00
2018.11.21 11:49:02.875,1.14074,1.14077,3.37,1.00
2018.11.21 11:49:03.390,1.14074,1.14076,2.81,1.00
2018.11.21 11:49:03.897,1.14073,1.14076,8.32,1.00
2018.11.21 11:49:04.601,1.14072,1.14074,7.57,1.00
2018.11.21 11:49:04.705,1.14071,1.14074,2.81,1.00
2018.11.21 11:49:05.020,1.14069,1.14073,13.01,1.00
2018.11.21 11:49:05.175,1.1407,1.14074,2.25,1.50
2018.11.21 11:49:05.693,1.14071,1.14075,6.00,2.25
2018.11.21 11:49:07.025,1.14072,1.14076,1.01,6.07
2018.11.21 11:49:07.373,1.14074,1.14077,1.25,2.25
2018.11.21 11:49:08.029,1.14073,1.14077,5.62,2.44
2018.11.21 11:49:08.547,1.14073,1.14077,3.00,2.44
2018.11.21 11:49:08.881,1.14079,1.1408,1.69,1.00
2018.11.21 11:49:09.295,1.14078,1.14082,5.32,1.69
2018.11.21 11:49:09.812,1.1408,1.14082,1.69,2.44
2018.11.21 11:49:10.334,1.14079,1.14083,3.37,3.00
2018.11.21 11:49:10.642,1.14079,1.14081,1.00,1.50
2018.11.21 11:49:10.992,1.14076,1.14079,3.37,2.25
2018.11.21 11:49:11.378,1.14077,1.1408,1.00,5.66
2018.11.21 11:49:11.924,1.14077,1.14079,1.69,1.00
2018.11.21 11:49:12.029,1.14077,1.14081,1.69,3.75
2018.11.21 11:49:12.553,1.14078,1.14081,1.69,2.06
2018.11.21 11:49:13.104,1.14077,1.1408,1.50,1.00
2018.11.21 11:49:13.796,1.14077,1.1408,4.69,1.35
2018.11.21 11:49:13.900,1.14077,1.14078,1.00,1.00
2018.11.21 11:49:13.953,1.14075,1.14077,1.69,1.00
2018.11.21 11:49:14.426,1.14076,1.14078,1.69,1.31
2018.11.21 11:49:14.942,1.14076,1.14079,1.69,3.19
2018.11.21 11:49:15.097,1.14076,1.1408,1.25,3.56
2018.11.21 11:49:16.534,1.14078,1.1408,3.37,1.95
2018.11.21 11:49:16.796,1.14079,1.14083,4.69,4.54
2018.11.21 11:49:17.197,1.14083,1.14087,2.25,4.69
2018.11.21 11:49:17.406,1.14084,1.14087,2.32,2.81
2018.11.21 11:49:17.834,1.14085,1.14089,1.39,2.44
2018.11.21 11:49:18.708,1.14085,1.14087,1.00,1.69
2018.11.21 11:49:19.076,1.14086,1.14088,1.69,1.25
2018.11.21 11:49:19.129,1.14085,1.14089,6.64,2.62
2018.11.21 11:49:19.655,1.14086,1.14089,1.00,1.87
2018.11.21 11:49:20.204,1.14085,1.14089,5.51,1.87
2018.11.21 11:49:20.751,1.14086,1.14088,1.12,1.00
2018.11.21 11:49:22.543,1.14085,1.14088,1.12,2.62
2018.11.21 11:49:23.084,1.14084,1.14087,4.87,2.25
2018.11.21 11:49:24.169,1.14085,1.14086,1.00,1.12
2018.11.21 11:49:24.714,1.14084,1.14087,3.00,2.25
2018.11.21 11:49:25.797,1.14085,1.14087,1.00,2.25
2018.11.21 11:49:26.241,1.14085,1.14088,1.12,1.50
2018.11.21 11:49:26.295,1.14087,1.14089,1.25,7.69
2018.11.21 11:49:26.818,1.14089,1.1409,1.00,4.50
2018.11.21 11:49:27.331,1.14088,1.1409,2.44,4.75
2018.11.21 11:49:27.598,1.14088,1.14091,2.44,1.50
2018.11.21 11:49:28.366,1.14089,1.1409,1.00,1.00
2018.11.21 11:49:28.908,1.14088,1.14091,1.87,2.25
2018.11.21 11:49:29.526,1.14088,1.14089,1.00,1.50
2018.11.21 11:49:29.580,1.14086,1.14089,1.12,5.81
2018.11.21 11:49:30.118,1.14085,1.14088,2.81,1.00
2018.11.21 11:49:30.326,1.14086,1.14089,2.44,1.87
2018.11.21 11:49:30.875,1.14086,1.14089,1.87,4.87
2018.11.21 11:49:31.220,1.14086,1.14087,1.00,1.00
2018.11.21 11:49:32.039,1.14085,1.14087,1.12,1.00
2018.11.21 11:49:32.507,1.14087,1.14089,1.00,1.31
2018.11.21 11:49:32.811,1.1409,1.14091,1.00,1.50
2018.11.21 11:49:33.334,1.14089,1.14092,1.00,2.81
2018.11.21 11:49:33.681,1.14093,1.14094,1.25,3.37
2018.11.21 11:49:33.734,1.14095,1.14097,1.00,4.50
2018.11.21 11:49:34.240,1.14094,1.14097,3.75,1.87
2018.11.21 11:49:34.552,1.14092,1.14093,2.70,1.00
2018.11.21 11:49:34.658,1.1409,1.14091,1.00,1.00
2018.11.21 11:49:35.205,1.14088,1.14092,4.76,1.87
2018.11.21 11:49:35.724,1.14089,1.14091,1.12,1.00
2018.11.21 11:49:36.234,1.14089,1.14092,1.00,2.85
2018.11.21 11:49:36.801,1.14092,1.14094,1.20,1.25
2018.11.21 11:49:36.854,1.14093,1.14096,1.25,4.50
2018.11.21 11:49:37.874,1.14094,1.14096,1.19,1.69
2018.11.21 11:49:38.290,1.14093,1.14097,6.26,3.56
2018.11.21 11:49:40.659,1.14093,1.14096,3.19,1.00
2018.11.21 11:49:41.636,1.14093,1.14096,5.70,1.69
2018.11.21 11:49:42.160,1.14094,1.14097,1.20,1.87
2018.11.21 11:49:42.266,1.14095,1.14098,2.89,1.12
2018.11.21 11:49:42.534,1.14099,1.14102,2.25,2.25
2018.11.21 11:49:43.737,1.14098,1.14103,5.14,6.97
2018.11.21 11:49:43.843,1.141,1.14102,1.00,2.62
2018.11.21 11:49:43.951,1.14101,1.14105,2.32,7.12
2018.11.21 11:49:44.109,1.14099,1.14101,1.47,1.00
2018.11.21 11:49:44.163,1.14098,1.14101,1.95,1.50
2018.11.21 11:49:44.588,1.14101,1.14103,1.00,3.37
2018.11.21 11:49:44.924,1.14099,1.14104,1.39,3.75
2018.11.21 11:49:45.238,1.14101,1.14104,3.94,1.50
2018.11.21 11:49:45.488,1.14099,1.14103,2.89,1.50
2018.11.21 11:49:46.377,1.14099,1.14102,6.82,1.25
2018.11.21 11:49:46.481,1.14099,1.14103,1.31,2.25
2018.11.21 11:49:47.000,1.14098,1.14103,7.01,3.56
2018.11.21 11:49:48.016,1.14098,1.14102,4.01,1.00
2018.11.21 11:49:48.561,1.14098,1.14102,3.64,2.25
2018.11.21 11:49:49.484,1.14099,1.14103,1.87,3.56
2018.11.21 11:49:50.005,1.14099,1.14103,1.25,3.37
2018.11.21 11:49:51.208,1.14098,1.141,1.00,1.37
2018.11.21 11:49:51.312,1.14096,1.14098,1.87,2.62
2018.11.21 11:49:51.370,1.14094,1.14096,1.00,2.25
2018.11.21 11:49:51.700,1.14096,1.14098,3.00,3.75
2018.11.21 11:49:51.859,1.14094,1.14097,6.19,1.00
2018.11.21 11:49:52.393,1.14094,1.14096,1.00,1.00
2018.11.21 11:49:52.939,1.14094,1.14097,1.00,1.12
2018.11.21 11:49:53.515,1.14095,1.14097,5.25,1.25
2018.11.21 11:49:53.622,1.14096,1.14099,2.62,1.00
2018.11.21 11:49:53.728,1.14094,1.14098,1.95,3.00
2018.11.21 11:49:54.235,1.14095,1.14098,3.75,1.50
2018.11.21 11:49:55.129,1.14094,1.14098,4.57,3.00
2018.11.21 11:49:55.496,1.14097,1.14099,1.50,2.32
2018.11.21 11:49:55.687,1.14097,1.141,5.44,1.50
2018.11.21 11:49:56.052,1.14099,1.141,1.00,1.00
2018.11.21 11:49:56.588,1.14098,1.14101,1.00,2.25
2018.11.21 11:49:57.354,1.141,1.14101,1.00,1.00
2018.11.21 11:49:57.724,1.141,1.14104,4.72,1.87
2018.11.21 11:49:57.873,1.14103,1.14105,1.00,1.00
2018.11.21 11:49:58.084,1.14103,1.14107,4.87,2.25
2018.11.21 11:49:58.191,1.14106,1.14108,1.69,1.50
2018.11.21 11:49:58.537,1.14104,1.14107,8.62,1.37
2018.11.21 11:49:58.644,1.14104,1.14108,6.82,1.10
2018.11.21 11:49:58.750,1.14103,1.14107,2.70,2.62
2018.11.21 11:49:58.993,1.14101,1.14105,5.62,4.35
2018.11.21 11:49:59.308,1.141,1.14102,2.25,1.87
2018.11.21 11:49:59.622,1.14095,1.14097,1.00,1.00
2018.11.21 11:50:00.236,1.14094,1.14098,4.12,5.47
2018.11.21 11:50:00.341,1.14095,1.14098,1.87,1.50
2018.11.21 11:50:00.455,1.14098,1.14102,3.94,2.62
2018.11.21 11:50:00.614,1.14099,1.14102,2.44,1.00
2018.11.21 11:50:00.876,1.14102,1.14106,2.89,3.07
2018.11.21 11:50:00.928,1.14103,1.14106,1.69,3.07
2018.11.21 11:50:01.086,1.14103,1.14107,2.44,1.87
2018.11.21 11:50:01.709,1.14105,1.14107,1.00,1.00
2018.11.21 11:50:01.973,1.14106,1.14109,2.62,1.00
2018.11.21 11:50:02.252,1.14108,1.14111,1.50,2.44
2018.11.21 11:50:02.769,1.14107,1.14111,4.01,1.50
2018.11.21 11:50:03.544,1.14107,1.14111,7.95,1.69
2018.11.21 11:50:04.134,1.14107,1.14111,3.26,1.87
2018.11.21 11:50:04.186,1.14107,1.14109,3.07,1.12
2018.11.21 11:50:04.291,1.14104,1.14107,4.76,1.00
2018.11.21 11:50:06.062,1.14102,1.14103,2.32,1.00
2018.11.21 11:50:06.116,1.141,1.14103,10.87,1.00
2018.11.21 11:50:06.222,1.14098,1.14102,3.82,1.12
2018.11.21 11:50:06.275,1.14098,1.141,2.14,1.50
2018.11.21 11:50:06.581,1.14094,1.14096,1.12,1.00
2018.11.21 11:50:07.147,1.14094,1.14096,2.87,1.00
2018.11.21 11:50:07.779,1.14094,1.14097,2.25,1.37
2018.11.21 11:50:08.397,1.14094,1.14097,1.00,1.37
2018.11.21 11:50:08.711,1.14091,1.14092,1.00,16.50
2018.11.21 11:50:08.964,1.14089,1.14091,1.50,1.37
2018.11.21 11:50:09.831,1.14089,1.14091,1.00,18.00
2018.11.21 11:50:10.374,1.14089,1.1409,1.00,1.00
2018.11.21 11:50:12.178,1.14087,1.1409,4.20,4.12
2018.11.21 11:50:12.231,1.14086,1.14087,1.95,1.12
2018.11.21 11:50:12.284,1.14084,1.14085,1.12,2.44
2018.11.21 11:50:12.443,1.14082,1.14084,2.25,1.50
2018.11.21 11:50:12.497,1.14082,1.14085,6.00,1.25
2018.11.21 11:50:13.005,1.14082,1.14086,9.07,1.12
2018.11.21 11:50:13.510,1.14084,1.14087,1.25,2.25
2018.11.21 11:50:14.038,1.14083,1.14087,2.25,1.87
2018.11.21 11:50:14.909,1.14084,1.14087,1.87,1.00
2018.11.21 11:50:15.228,1.14086,1.14089,1.39,1.00
2018.11.21 11:50:15.558,1.14083,1.14087,1.19,5.66
2018.11.21 11:50:16.079,1.14083,1.14086,1.29,1.50
2018.11.21 11:50:20.365,1.14084,1.14087,1.19,1.57
2018.11.21 11:50:20.896,1.14084,1.14087,1.25,1.50
2018.11.21 11:50:22.444,1.14083,1.14086,1.19,1.00
2018.11.21 11:50:22.757,1.14082,1.14086,1.20,1.00
2018.11.21 11:50:23.295,1.14082,1.14087,3.45,2.25
2018.11.21 11:50:23.987,1.14082,1.14086,1.57,1.00
2018.11.21 11:50:24.401,1.14082,1.14087,2.32,1.50
2018.11.21 11:50:25.120,1.14082,1.14087,3.07,1.87
2018.11.21 11:50:25.692,1.14083,1.14087,1.57,1.00
2018.11.21 11:50:26.227,1.14083,1.14087,2.81,1.50
2018.11.21 11:50:26.600,1.14084,1.14087,1.87,1.00
2018.11.21 11:50:26.734,1.14085,1.14089,1.12,1.00
2018.11.21 11:50:27.459,1.14086,1.14089,1.69,3.19
2018.11.21 11:50:27.636,1.14087,1.14091,3.26,1.87
2018.11.21 11:50:27.793,1.14087,1.14091,1.01,2.25
2018.11.21 11:50:28.310,1.14088,1.14091,1.01,3.19
2018.11.21 11:50:29.777,1.14083,1.14084,1.20,1.00
2018.11.21 11:50:30.202,1.14084,1.14087,1.10,3.37
2018.11.21 11:50:31.368,1.14084,1.14085,1.00,1.00
2018.11.21 11:50:32.761,1.14085,1.14086,1.31,1.12
2018.11.21 11:50:32.815,1.14085,1.14088,3.19,2.25
2018.11.21 11:50:32.869,1.14086,1.14087,1.00,1.00
2018.11.21 11:50:32.975,1.14083,1.14087,5.36,1.00
2018.11.21 11:50:33.134,1.14086,1.14087,1.00,1.00
2018.11.21 11:50:33.642,1.14086,1.14088,7.69,1.00
2018.11.21 11:50:33.799,1.14087,1.1409,1.50,1.12
2018.11.21 11:50:34.293,1.14089,1.14091,1.37,1.00
2018.11.21 11:50:34.608,1.14093,1.14094,1.00,1.87
2018.11.21 11:50:35.139,1.14094,1.14095,1.50,1.12
2018.11.21 11:50:35.345,1.14094,1.14096,1.00,2.25
2018.11.21 11:50:36.053,1.14093,1.14096,6.94,1.50
2018.11.21 11:50:36.976,1.14094,1.14096,1.00,1.00
2018.11.21 11:50:37.547,1.14093,1.14096,5.14,1.50
2018.11.21 11:50:38.266,1.14092,1.14094,1.57,1.00
2018.11.21 11:50:38.804,1.14094,1.14095,2.25,1.00
2018.11.21 11:50:39.730,1.14093,1.14095,1.69,1.00
2018.11.21 11:50:40.759,1.14094,1.14096,4.87,1.37
2018.11.21 11:50:41.279,1.14094,1.14096,1.39,1.37
2018.11.21 11:50:43.369,1.14093,1.14096,1.31,1.37
2018.11.21 11:50:45.027,1.14093,1.14096,6.94,1.37
2018.11.21 11:50:45.080,1.14094,1.14098,6.94,1.12
2018.11.21 11:50:45.134,1.14098,1.14099,1.00,1.50
2018.11.21 11:50:45.279,1.14098,1.14101,2.06,1.00
2018.11.21 11:50:45.331,1.14101,1.14102,1.00,1.00
2018.11.21 11:50:47.183,1.141,1.14102,1.12,1.00
2018.11.21 11:50:47.808,1.141,1.14101,3.75,1.00
2018.11.21 11:50:48.152,1.14094,1.14095,1.50,1.00
2018.11.21 11:50:48.678,1.14093,1.14095,3.94,1.00
2018.11.21 11:50:49.201,1.14094,1.14095,2.25,1.00
2018.11.21 11:50:49.856,1.14093,1.14095,2.44,1.00
2018.11.21 11:50:50.465,1.14094,1.14095,1.00,1.00
2018.11.21 11:50:50.518,1.14092,1.14095,4.76,1.00
2018.11.21 11:50:51.233,1.14093,1.14095,1.00,1.00
2018.11.21 11:50:52.368,1.14092,1.14095,5.51,1.00
2018.11.21 11:50:52.947,1.14093,1.14095,1.00,1.00
2018.11.21 11:50:53.511,1.14092,1.14095,4.20,1.00
2018.11.21 11:50:54.095,1.14093,1.14095,1.00,1.00
2018.11.21 11:50:54.680,1.14092,1.14095,6.26,1.00
2018.11.21 11:50:55.193,1.14093,1.14095,2.25,1.00
2018.11.21 11:50:55.706,1.14092,1.14095,4.76,1.00
2018.11.21 11:50:55.913,1.14094,1.14095,1.50,1.00
2018.11.21 11:50:56.463,1.14093,1.14095,2.89,1.00
2018.11.21 11:50:57.128,1.14091,1.14093,8.70,2.25
2018.11.21 11:50:57.286,1.14089,1.14091,1.00,1.50
2018.11.21 11:50:57.680,1.14087,1.1409,1.25,3.00
2018.11.21 11:50:57.733,1.14086,1.14088,7.95,1.00
2018.11.21 11:50:58.081,1.14083,1.14085,1.00,2.25
2018.11.21 11:50:58.134,1.1408,1.14082,1.00,1.00
2018.11.21 11:50:58.344,1.14081,1.14083,1.19,1.00
2018.11.21 11:50:58.604,1.14083,1.14085,1.25,1.50
2018.11.21 11:50:58.970,1.14084,1.14086,1.44,1.50
2018.11.21 11:50:59.130,1.14084,1.14087,2.06,1.00
2018.11.21 11:50:59.675,1.14083,1.14087,1.12,1.50
2018.11.21 11:51:00.383,1.14083,1.14087,2.62,1.50
2018.11.21 11:51:00.718,1.14083,1.14085,1.00,1.00
2018.11.21 11:51:01.228,1.1408,1.14084,13.99,2.25
2018.11.21 11:51:01.359,1.14081,1.14083,2.44,1.12
2018.11.21 11:51:01.411,1.14081,1.14084,5.81,1.00
2018.11.21 11:51:01.566,1.14083,1.14085,1.19,1.50
2018.11.21 11:51:02.043,1.14083,1.14086,1.44,1.50
2018.11.21 11:51:03.766,1.14082,1.14084,2.44,1.37
2018.11.21 11:51:04.078,1.14082,1.14085,3.45,2.44
2018.11.21 11:51:06.913,1.14082,1.14085,1.00,1.50
2018.11.21 11:51:08.606,1.14083,1.14086,1.25,3.56
2018.11.21 11:51:09.108,1.14083,1.14086,2.44,1.12
2018.11.21 11:51:11.611,1.14083,1.14086,5.06,1.00
2018.11.21 11:51:11.970,1.14084,1.14087,3.00,1.12
2018.11.21 11:51:12.232,1.14083,1.14087,13.31,2.06
2018.11.21 11:51:13.000,1.1408,1.14084,1.50,1.87
2018.11.21 11:51:15.788,1.1408,1.14083,4.69,1.12
2018.11.21 11:51:16.199,1.14083,1.14085,1.25,4.12
2018.11.21 11:51:16.721,1.14083,1.14085,1.25,1.12
2018.11.21 11:51:23.464,1.14084,1.14086,1.87,3.00
2018.11.21 11:51:23.570,1.14082,1.14086,6.26,4.20
2018.11.21 11:51:24.104,1.14083,1.14086,1.57,2.25
2018.11.21 11:51:24.853,1.14083,1.14086,2.51,1.00
2018.11.21 11:51:25.003,1.14085,1.14089,3.56,1.12
2018.11.21 11:51:25.215,1.14084,1.14088,2.81,1.50
2018.11.21 11:51:25.745,1.14085,1.14088,1.00,1.50
2018.11.21 11:51:26.195,1.14088,1.14089,1.25,1.87
2018.11.21 11:51:26.248,1.14088,1.1409,2.06,1.10
2018.11.21 11:51:26.407,1.1409,1.14093,2.62,2.25
2018.11.21 11:51:26.564,1.14088,1.14092,5.89,1.00
2018.11.21 11:51:27.020,1.14087,1.1409,3.94,2.25
2018.11.21 11:51:27.867,1.14086,1.1409,8.32,1.50
2018.11.21 11:51:28.465,1.14087,1.14091,1.25,4.31
2018.11.21 11:51:29.323,1.14088,1.14091,2.25,1.87
2018.11.21 11:51:29.840,1.14087,1.1409,2.81,1.00
2018.11.21 11:51:30.458,1.14087,1.1409,2.81,1.12
2018.11.21 11:51:31.102,1.14087,1.14091,2.44,1.87
2018.11.21 11:51:31.408,1.14086,1.14087,3.82,2.85
2018.11.21 11:51:31.615,1.14083,1.14087,5.32,1.57
2018.11.21 11:51:32.100,1.14083,1.14085,1.50,1.00
2018.11.21 11:51:32.412,1.14084,1.14086,4.50,1.00
2018.11.21 11:51:32.922,1.14083,1.14086,2.51,1.00
2018.11.21 11:51:33.474,1.14082,1.14087,9.90,3.56
2018.11.21 11:51:33.995,1.14082,1.14087,2.62,6.26
2018.11.21 11:51:34.544,1.14083,1.14086,3.37,1.50
2018.11.21 11:51:35.330,1.14082,1.14086,3.64,1.00
2018.11.21 11:51:36.094,1.14083,1.14086,1.50,2.25
2018.11.21 11:51:36.634,1.14082,1.14086,5.32,1.00
2018.11.21 11:51:36.855,1.14084,1.14086,1.50,1.00
2018.11.21 11:51:37.268,1.14082,1.14085,1.69,1.50
2018.11.21 11:51:37.433,1.14081,1.14084,8.51,1.87
2018.11.21 11:51:37.809,1.14079,1.14081,1.50,1.00
2018.11.21 11:51:37.965,1.14077,1.14081,1.95,1.00
2018.11.21 11:51:38.907,1.14078,1.14079,1.00,1.00
2018.11.21 11:51:39.455,1.14077,1.1408,3.00,1.00
2018.11.21 11:51:39.768,1.14076,1.14077,3.00,1.50
2018.11.21 11:51:40.092,1.14074,1.14075,1.00,1.00
2018.11.21 11:51:40.144,1.14075,1.14076,1.50,1.00
2018.11.21 11:51:40.405,1.14073,1.14076,2.62,1.00
2018.11.21 11:51:41.034,1.14073,1.14077,1.00,2.44
2018.11.21 11:51:41.344,1.14071,1.14075,18.26,1.00
2018.11.21 11:51:41.868,1.14072,1.14075,2.13,1.00
2018.11.21 11:51:42.024,1.14075,1.14078,3.19,1.95
2018.11.21 11:51:42.525,1.14076,1.1408,4.76,1.87
2018.11.21 11:51:43.049,1.14077,1.1408,1.69,1.12
2018.11.21 11:51:43.590,1.14077,1.14079,3.19,1.00
2018.11.21 11:51:44.155,1.14076,1.14077,2.25,1.00
2018.11.21 11:51:44.259,1.14074,1.14077,1.50,1.50
2018.11.21 11:51:44.629,1.14075,1.14077,1.19,1.00
2018.11.21 11:51:44.978,1.14074,1.14077,3.19,1.00
2018.11.21 11:51:45.516,1.14072,1.14077,3.82,2.32
2018.11.21 11:51:46.829,1.14072,1.14076,3.07,1.00
2018.11.21 11:51:47.352,1.14073,1.14075,1.44,1.25
2018.11.21 11:51:48.753,1.14073,1.14076,1.69,4.31
2018.11.21 11:51:49.642,1.14074,1.14076,1.19,2.62
2018.11.21 11:51:50.100,1.14073,1.14076,1.31,1.00
2018.11.21 11:51:51.209,1.14072,1.14075,5.81,1.25
2018.11.21 11:51:51.726,1.14072,1.14076,2.25,3.19
2018.11.21 11:51:52.280,1.14072,1.14076,3.00,2.44
2018.11.21 11:51:52.492,1.14077,1.14078,1.25,2.62
2018.11.21 11:51:52.545,1.14077,1.14079,2.44,1.87
2018.11.21 11:51:53.048,1.14077,1.1408,1.69,1.00
2018.11.21 11:51:53.810,1.14077,1.14079,3.00,2.62
2018.11.21 11:51:53.916,1.14073,1.14075,2.44,1.50
2018.11.21 11:51:54.468,1.14072,1.14075,1.69,1.00
2018.11.21 11:51:54.987,1.14073,1.14076,2.89,2.62
2018.11.21 11:51:55.091,1.14071,1.14074,4.20,4.35
2018.11.21 11:51:55.615,1.1407,1.14073,1.19,1.50
2018.11.21 11:51:56.872,1.14069,1.14073,5.14,1.12
2018.11.21 11:51:57.235,1.14073,1.14074,1.00,1.95
2018.11.21 11:51:57.744,1.14072,1.14075,2.51,1.12
2018.11.21 11:51:58.285,1.14073,1.14077,1.69,9.22
2018.11.21 11:51:58.790,1.14071,1.14073,6.26,1.12
2018.11.21 11:51:58.844,1.14072,1.14075,1.00,2.62
2018.11.21 11:51:59.296,1.14073,1.14076,1.69,5.62
2018.11.21 11:51:59.460,1.14077,1.1408,3.19,5.25
2018.11.21 11:51:59.672,1.14079,1.14081,1.25,1.00
2018.11.21 11:51:59.958,1.1408,1.14083,1.00,2.25
2018.11.21 11:52:00.220,1.14079,1.14081,2.44,1.00
2018.11.21 11:52:00.772,1.14079,1.14082,2.81,1.00
2018.11.21 11:52:01.091,1.14082,1.14084,3.19,1.00
2018.11.21 11:52:01.622,1.14083,1.14084,1.00,1.50
2018.11.21 11:52:02.136,1.14083,1.14085,1.00,1.00
2018.11.21 11:52:05.325,1.14083,1.14085,1.31,1.87
2018.11.21 11:52:05.813,1.14082,1.14085,4.01,2.25
2018.11.21 11:52:06.347,1.14082,1.14086,2.51,3.82
2018.11.21 11:52:06.890,1.14082,1.14085,5.32,1.50
2018.11.21 11:52:07.420,1.14082,1.14086,3.82,5.70
2018.11.21 11:52:08.759,1.14082,1.14085,2.32,1.00
2018.11.21 11:52:09.207,1.14081,1.14083,1.20,4.54
2018.11.21 11:52:09.260,1.14079,1.14081,1.00,6.60
2018.11.21 11:52:09.366,1.14077,1.14078,1.00,1.30
2018.11.21 11:52:09.524,1.14074,1.14078,12.45,1.12
2018.11.21 11:52:10.063,1.14076,1.14079,4.50,2.70
2018.11.21 11:52:10.485,1.14077,1.1408,8.06,5.62
2018.11.21 11:52:11.036,1.14079,1.14081,4.87,1.50
2018.11.21 11:52:11.556,1.14078,1.1408,1.00,1.00
2018.11.21 11:52:11.749,1.14076,1.14079,4.50,3.75
2018.11.21 11:52:12.249,1.14075,1.14077,4.50,1.00
2018.11.21 11:52:12.847,1.14075,1.14076,3.75,1.00
2018.11.21 11:52:14.440,1.14074,1.14076,2.25,1.12
2018.11.21 11:52:14.807,1.14077,1.14078,1.12,1.50
2018.11.21 11:52:14.860,1.14078,1.14079,6.00,2.25
2018.11.21 11:52:15.374,1.14077,1.14081,5.32,9.45
2018.11.21 11:52:15.737,1.14079,1.1408,1.00,1.50
2018.11.21 11:52:16.239,1.14078,1.1408,4.50,1.00
2018.11.21 11:52:16.782,1.14077,1.14081,3.00,3.75
2018.11.21 11:52:17.296,1.14077,1.14081,3.00,3.37
2018.11.21 11:52:17.837,1.14078,1.14081,2.25,2.25
2018.11.21 11:52:18.404,1.14079,1.14081,1.00,1.57
2018.11.21 11:52:18.936,1.14078,1.14081,2.25,1.10
2018.11.21 11:52:20.089,1.14078,1.1408,1.00,1.00
2018.11.21 11:52:20.630,1.14078,1.14081,1.00,2.25
2018.11.21 11:52:22.435,1.14077,1.14078,1.00,1.50
2018.11.21 11:52:22.488,1.14075,1.14077,1.00,1.37
2018.11.21 11:52:23.024,1.14074,1.14077,3.19,6.94
2018.11.21 11:52:29.565,1.14075,1.14077,1.00,1.37
2018.11.21 11:52:30.080,1.14074,1.14077,10.69,1.37
2018.11.21 11:52:30.306,1.14076,1.14078,1.00,3.75
2018.11.21 11:52:30.416,1.14082,1.14084,3.56,4.87
2018.11.21 11:52:30.523,1.14083,1.14086,1.50,1.00
2018.11.21 11:52:30.732,1.14085,1.14087,1.00,2.25
2018.11.21 11:52:31.261,1.14084,1.14087,1.00,1.69
2018.11.21 11:52:31.816,1.14083,1.14084,1.10,3.00
2018.11.21 11:52:31.871,1.14081,1.14084,1.10,6.60
2018.11.21 11:52:32.081,1.14083,1.14085,1.00,4.95
2018.11.21 11:52:32.135,1.14083,1.14086,3.19,3.60
2018.11.21 11:52:32.676,1.14084,1.14086,1.12,1.12
2018.11.21 11:52:34.619,1.14084,1.14087,1.00,3.75
2018.11.21 11:52:38.300,1.14084,1.14086,1.00,1.19
2018.11.21 11:52:38.819,1.14084,1.14087,1.00,5.44
2018.11.21 11:52:40.150,1.14084,1.14087,1.00,7.20
2018.11.21 11:52:40.685,1.14084,1.14086,1.00,1.50
2018.11.21 11:52:41.232,1.14086,1.14088,8.66,1.50
2018.11.21 11:52:41.286,1.14088,1.14091,1.00,2.70
2018.11.21 11:52:41.833,1.14088,1.14091,1.57,1.12
2018.11.21 11:52:46.191,1.14087,1.14088,1.00,1.50
2018.11.21 11:52:46.243,1.14086,1.14088,3.00,1.57
2018.11.21 11:52:46.296,1.14084,1.14087,1.20,3.00
2018.11.21 11:52:46.349,1.14086,1.14089,1.00,19.24
2018.11.21 11:52:46.403,1.14084,1.14087,1.50,2.25
2018.11.21 11:52:46.930,1.14083,1.14087,5.51,1.00
2018.11.21 11:52:47.460,1.14084,1.14088,1.87,7.35
2018.11.21 11:52:48.797,1.14083,1.14087,4.87,1.69
2018.11.21 11:52:49.448,1.14084,1.14087,1.00,5.25
2018.11.21 11:52:51.961,1.14084,1.14088,9.56,1.12
2018.11.21 11:52:52.065,1.14087,1.14089,1.25,1.10
2018.11.21 11:52:52.572,1.14087,1.1409,4.76,1.37
2018.11.21 11:52:59.371,1.14089,1.1409,1.00,1.12
2018.11.21 11:52:59.425,1.14089,1.14091,2.44,1.57
2018.11.21 11:52:59.479,1.1409,1.14093,1.31,1.00
2018.11.21 11:52:59.586,1.14093,1.14094,1.00,1.00
2018.11.21 11:52:59.746,1.14093,1.14097,2.81,3.37
2018.11.21 11:53:00.378,1.14092,1.14094,3.07,4.72
2018.11.21 11:53:00.430,1.14089,1.14093,6.45,3.82
2018.11.21 11:53:00.816,1.14087,1.14089,12.64,1.00
2018.11.21 11:53:00.921,1.14084,1.14088,4.50,6.22
2018.11.21 11:53:01.483,1.14083,1.14087,2.44,1.00
2018.11.21 11:53:03.196,1.14084,1.14087,1.00,1.50
2018.11.21 11:53:04.036,1.14083,1.14087,1.69,1.12
2018.11.21 11:53:05.195,1.14084,1.14087,1.00,1.87
2018.11.21 11:53:05.749,1.14083,1.14087,2.44,2.62
2018.11.21 11:53:07.192,1.14083,1.14085,1.50,2.92
2018.11.21 11:53:07.246,1.14079,1.14082,3.75,1.00
2018.11.21 11:53:07.987,1.14078,1.14082,5.51,1.10
2018.11.21 11:53:11.023,1.1408,1.14082,1.00,1.10
2018.11.21 11:53:12.262,1.14078,1.14082,4.57,1.57
2018.11.21 11:53:12.367,1.1408,1.14081,1.00,1.00
2018.11.21 11:53:12.548,1.14078,1.14081,3.00,1.31
2018.11.21 11:53:13.229,1.14079,1.14082,1.00,7.31
2018.11.21 11:53:13.751,1.14078,1.14082,1.87,3.94
2018.11.21 11:53:16.197,1.14079,1.14082,1.00,2.62
2018.11.21 11:53:16.564,1.14077,1.14079,4.20,1.12
2018.11.21 11:53:16.725,1.14074,1.14078,3.37,3.00
2018.11.21 11:53:16.778,1.14074,1.14078,2.25,3.00
2018.11.21 11:53:17.130,1.14072,1.14073,1.50,1.00
2018.11.21 11:53:17.485,1.14066,1.14069,4.31,1.12
2018.11.21 11:53:17.799,1.14066,1.1407,3.82,3.04
2018.11.21 11:53:17.956,1.14064,1.14068,2.25,5.14
2018.11.21 11:53:18.446,1.14067,1.14068,1.25,1.10
2018.11.21 11:53:18.552,1.14069,1.14072,2.44,6.45
2018.11.21 11:53:18.780,1.14066,1.14068,7.95,1.37
2018.11.21 11:53:18.834,1.14065,1.14066,1.00,1.50
2018.11.21 11:53:19.426,1.14064,1.14066,7.50,1.50
2018.11.21 11:53:20.022,1.14065,1.14066,9.75,1.50
2018.11.21 11:53:20.535,1.14064,1.14067,5.25,1.87
2018.11.21 11:53:21.251,1.14068,1.14069,1.12,10.57
2018.11.21 11:53:21.479,1.14069,1.14071,1.00,1.39
2018.11.21 11:53:21.635,1.14067,1.1407,1.00,1.00
2018.11.21 11:53:21.687,1.14069,1.14071,1.00,5.70
2018.11.21 11:53:22.419,1.1407,1.14071,1.00,1.35
2018.11.21 11:53:23.160,1.1407,1.14072,1.00,5.32
2018.11.21 11:53:23.703,1.1407,1.14072,1.00,34.42
2018.11.21 11:53:24.055,1.14068,1.1407,1.00,3.37
2018.11.21 11:53:24.677,1.14068,1.1407,1.00,5.36
2018.11.21 11:53:25.209,1.14068,1.1407,1.00,4.61
2018.11.21 11:53:25.262,1.14066,1.14069,2.25,1.50
2018.11.21 11:53:25.365,1.14068,1.1407,1.00,6.49
2018.11.21 11:53:26.068,1.14068,1.1407,1.00,3.04
2018.11.21 11:53:27.561,1.14067,1.1407,2.44,1.50
2018.11.21 11:53:27.629,1.14069,1.14071,1.00,6.82
2018.11.21 11:53:27.734,1.14064,1.14067,1.57,2.47
2018.11.21 11:53:27.787,1.14062,1.14067,9.94,3.07
2018.11.21 11:53:28.038,1.14064,1.14067,1.00,5.32
2018.11.21 11:53:29.028,1.14062,1.14065,4.01,1.00
2018.11.21 11:53:29.942,1.14062,1.14066,5.81,1.50
2018.11.21 11:53:35.553,1.14062,1.14066,2.06,1.00
2018.11.21 11:53:35.864,1.1406,1.14062,1.12,1.12
2018.11.21 11:53:39.831,1.14062,1.14063,1.25,1.00
2018.11.21 11:53:40.041,1.1406,1.14062,1.00,1.50
2018.11.21 11:53:40.596,1.14058,1.14062,5.70,1.10
2018.11.21 11:53:40.973,1.14059,1.14061,1.25,1.37
2018.11.21 11:53:42.127,1.14057,1.14059,5.32,1.50
2018.11.21 11:53:42.465,1.1405,1.14053,1.50,3.37
2018.11.21 11:53:42.518,1.14049,1.14053,1.69,6.37
2018.11.21 11:53:43.024,1.14048,1.14051,1.69,1.50
2018.11.21 11:53:43.591,1.14048,1.14052,6.64,2.10
2018.11.21 11:53:43.698,1.1405,1.14053,2.06,1.00
2018.11.21 11:53:44.218,1.1405,1.14053,1.69,1.12
2018.11.21 11:53:45.009,1.1405,1.14052,1.69,1.00
2018.11.21 11:53:45.521,1.1405,1.14053,1.69,1.87
2018.11.21 11:53:46.038,1.14051,1.14053,1.50,1.00
2018.11.21 11:53:46.142,1.1405,1.14054,4.20,1.47
2018.11.21 11:53:46.626,1.14049,1.14051,1.00,1.50
2018.11.21 11:53:47.214,1.14048,1.14051,1.69,1.00
2018.11.21 11:53:47.731,1.14048,1.14052,1.69,1.50
2018.11.21 11:53:48.237,1.14048,1.14052,3.25,2.25
2018.11.21 11:53:48.841,1.14048,1.14052,3.00,5.85
2018.11.21 11:53:49.383,1.14047,1.1405,4.50,5.81
2018.11.21 11:53:49.889,1.14047,1.1405,2.44,1.00
2018.11.21 11:53:49.994,1.14045,1.14048,1.50,1.12
2018.11.21 11:53:50.251,1.14045,1.14048,6.19,1.50
2018.11.21 11:53:50.303,1.14046,1.14051,9.26,1.00
2018.11.21 11:53:50.460,1.14046,1.14049,1.57,4.69
2018.11.21 11:53:50.513,1.14044,1.14049,6.37,8.36
2018.11.21 11:53:51.033,1.14046,1.14049,1.00,7.24
2018.11.21 11:53:51.137,1.14043,1.14044,3.75,2.25
2018.11.21 11:53:51.242,1.14044,1.14046,1.00,4.12
2018.11.21 11:53:51.348,1.14045,1.14047,1.87,2.25
2018.11.21 11:53:51.536,1.14046,1.14049,3.19,1.87
2018.11.21 11:53:52.072,1.14046,1.14049,1.25,1.12
2018.11.21 11:53:52.125,1.14048,1.14051,1.25,1.95
2018.11.21 11:53:52.650,1.14049,1.14052,1.00,1.00
2018.11.21 11:53:52.975,1.14051,1.14053,3.37,1.20
2018.11.21 11:53:53.083,1.14049,1.14053,1.00,1.50
2018.11.21 11:53:53.700,1.14048,1.14053,5.70,1.50
2018.11.21 11:53:54.022,1.14049,1.14053,1.12,2.25
2018.11.21 11:53:55.706,1.14049,1.14052,1.69,2.14
2018.11.21 11:53:56.020,1.14048,1.1405,2.62,1.12
2018.11.21 11:53:56.540,1.14049,1.14052,1.50,1.37
2018.11.21 11:53:56.645,1.14045,1.14049,3.75,2.51
2018.11.21 11:53:56.883,1.14047,1.14049,1.00,4.61
2018.11.21 11:53:57.450,1.14048,1.14051,2.06,1.37
2018.11.21 11:53:57.990,1.14049,1.14051,1.00,1.37
2018.11.21 11:53:58.043,1.14049,1.14052,1.00,1.57
2018.11.21 11:53:58.146,1.14049,1.1405,1.50,1.00
2018.11.21 11:53:58.303,1.14046,1.14049,1.95,2.66
2018.11.21 11:53:58.511,1.14048,1.14051,3.19,1.00
2018.11.21 11:53:58.823,1.14048,1.1405,4.01,1.37
2018.11.21 11:53:58.875,1.14048,1.14051,3.26,1.00
2018.11.21 11:53:59.697,1.14043,1.14045,1.00,1.00
2018.11.21 11:53:59.895,1.14022,1.14024,3.07,1.00
2018.11.21 11:53:59.948,1.14025,1.14026,1.25,1.50
2018.11.21 11:54:00.001,1.14023,1.14027,1.12,1.62
2018.11.21 11:54:00.514,1.14021,1.14027,5.89,7.99
2018.11.21 11:54:01.078,1.14021,1.14026,4.31,2.32
2018.11.21 11:54:01.130,1.14019,1.14023,1.39,3.19
2018.11.21 11:54:01.286,1.14018,1.14021,1.00,1.00
2018.11.21 11:54:01.757,1.14013,1.14014,1.00,2.25
2018.11.21 11:54:01.916,1.14007,1.14011,3.64,1.00
2018.11.21 11:54:01.968,1.14007,1.14011,1.12,1.10
2018.11.21 11:54:02.505,1.14006,1.14012,8.68,1.76
2018.11.21 11:54:02.882,1.14009,1.14012,1.12,1.10
2018.11.21 11:54:02.989,1.14012,1.14016,1.25,1.01
2018.11.21 11:54:03.145,1.14012,1.14015,1.25,1.76
2018.11.21 11:54:03.249,1.1401,1.14014,1.31,2.06
2018.11.21 11:54:03.584,1.14013,1.14014,1.00,1.00
2018.11.21 11:54:03.743,1.14008,1.14012,2.25,1.20
2018.11.21 11:54:04.375,1.14008,1.14011,1.00,1.00
2018.11.21 11:54:04.895,1.14008,1.14011,1.00,1.50
2018.11.21 11:54:05.001,1.14006,1.1401,1.95,3.00
2018.11.21 11:54:05.318,1.14005,1.14008,1.87,1.95
2018.11.21 11:54:05.373,1.14003,1.14006,1.69,1.50
2018.11.21 11:54:05.681,1.14002,1.14004,1.12,1.00
2018.11.21 11:54:06.153,1.14002,1.14006,1.25,3.26
2018.11.21 11:54:06.705,1.14002,1.14005,2.25,1.25
2018.11.21 11:54:07.237,1.14003,1.14006,1.00,1.57
2018.11.21 11:54:07.653,1.14004,1.14009,2.44,1.95
2018.11.21 11:54:07.791,1.14003,1.14007,2.25,1.95
2018.11.21 11:54:09.723,1.14003,1.14006,1.12,1.50
2018.11.21 11:54:10.256,1.14002,1.14007,3.94,1.20
2018.11.21 11:54:10.675,1.14,1.14004,5.44,1.00
2018.11.21 11:54:11.234,1.14002,1.14005,1.00,1.57
2018.11.21 11:54:11.444,1.14002,1.14006,1.00,3.45
2018.11.21 11:54:11.601,1.14002,1.14005,1.00,3.00
2018.11.21 11:54:11.654,1.14001,1.14005,3.00,4.12
2018.11.21 11:54:12.174,1.14002,1.14006,1.01,1.57
2018.11.21 11:54:12.678,1.14003,1.14007,1.25,2.32
2018.11.21 11:54:13.374,1.14002,1.14007,3.56,1.10
2018.11.21 11:54:13.773,1.14003,1.14005,1.00,1.00
2018.11.21 11:54:14.124,1.14007,1.1401,1.65,3.75
2018.11.21 11:54:14.231,1.14008,1.14011,2.25,1.00
2018.11.21 11:54:14.760,1.14008,1.1401,1.00,1.00
2018.11.21 11:54:14.865,1.14006,1.14011,3.90,5.06
2018.11.21 11:54:14.917,1.14006,1.14009,1.20,1.00
2018.11.21 11:54:15.097,1.14003,1.14007,2.25,1.00
2018.11.21 11:54:15.203,1.14004,1.14006,1.00,1.00
2018.11.21 11:54:15.412,1.14004,1.14008,4.87,1.50
2018.11.21 11:54:15.569,1.14006,1.14008,1.25,1.00
2018.11.21 11:54:15.778,1.14007,1.14011,2.44,1.45
2018.11.21 11:54:16.316,1.14008,1.1401,1.00,1.25
2018.11.21 11:54:16.854,1.14007,1.1401,4.50,1.25
2018.11.21 11:54:17.410,1.14008,1.1401,1.00,1.25
2018.11.21 11:54:17.922,1.14007,1.1401,1.87,1.25
2018.11.21 11:54:18.447,1.14007,1.14011,4.87,1.00
2018.11.21 11:54:18.974,1.14007,1.14011,2.25,1.00
2018.11.21 11:54:19.277,1.14006,1.14009,2.25,2.44
2018.11.21 11:54:19.332,1.14003,1.14007,3.19,2.06
2018.11.21 11:54:19.943,1.14004,1.14008,1.12,1.20
2018.11.21 11:54:20.479,1.14003,1.14008,1.69,1.00
2018.11.21 11:54:22.898,1.14004,1.14009,3.19,8.36
2018.11.21 11:54:23.041,1.14006,1.1401,5.81,3.82
2018.11.21 11:54:23.557,1.14007,1.1401,3.00,3.37
2018.11.21 11:54:24.081,1.14006,1.1401,5.81,1.37
2018.11.21 11:54:24.225,1.14006,1.14011,5.81,4.57
2018.11.21 11:54:24.431,1.14006,1.14011,6.19,4.57
2018.11.21 11:54:24.953,1.14007,1.1401,1.12,1.00
2018.11.21 11:54:27.639,1.14006,1.1401,6.37,1.00
2018.11.21 11:54:28.353,1.14007,1.1401,1.00,1.00
2018.11.21 11:54:29.138,1.14006,1.1401,5.62,1.00
2018.11.21 11:54:29.456,1.14008,1.1401,1.00,1.00
2018.11.21 11:54:31.854,1.14007,1.14012,3.56,1.57
2018.11.21 11:54:32.401,1.14009,1.14012,1.00,1.20
2018.11.21 11:54:34.658,1.14007,1.14012,5.81,3.82
2018.11.21 11:54:34.895,1.14007,1.14011,4.69,1.47
2018.11.21 11:54:35.233,1.14007,1.14011,2.06,1.00
2018.11.21 11:54:35.286,1.14007,1.14012,4.31,5.17
2018.11.21 11:54:35.750,1.14009,1.14012,1.00,2.32
2018.11.21 11:54:36.553,1.14009,1.14011,1.00,1.12
2018.11.21 11:54:39.608,1.14007,1.14012,4.87,5.89
2018.11.21 11:54:40.123,1.14009,1.14012,1.00,4.39
2018.11.21 11:54:40.725,1.14009,1.14012,1.00,2.92
2018.11.21 11:54:42.216,1.14007,1.14011,6.19,1.37
2018.11.21 11:54:42.789,1.14007,1.14012,4.31,2.70
2018.11.21 11:54:43.081,1.1401,1.14014,1.25,4.95
2018.11.21 11:54:44.094,1.14011,1.14014,1.00,1.95
2018.11.21 11:54:44.739,1.1401,1.14014,7.01,1.95
2018.11.21 11:54:45.272,1.14011,1.14014,1.10,1.20
2018.11.21 11:54:45.802,1.1401,1.14014,5.51,1.20
2018.11.21 11:54:46.307,1.14011,1.14014,1.50,1.95
2018.11.21 11:54:46.883,1.1401,1.14014,3.64,1.20
2018.11.21 11:54:47.763,1.1401,1.14013,3.56,1.00
2018.11.21 11:54:48.274,1.1401,1.14014,3.19,4.50
2018.11.21 11:54:50.001,1.14011,1.14014,1.00,6.75
2018.11.21 11:54:50.503,1.1401,1.14014,1.25,4.87
2018.11.21 11:54:50.866,1.14012,1.14013,1.00,1.00
2018.11.21 11:54:51.381,1.14012,1.14014,1.25,1.00
2018.11.21 11:54:52.000,1.14011,1.14015,4.69,1.10
2018.11.21 11:54:52.520,1.14013,1.14016,1.00,1.95
2018.11.21 11:54:52.729,1.14013,1.14017,6.94,1.95
2018.11.21 11:54:52.989,1.14015,1.1402,4.84,8.32
2018.11.21 11:54:53.503,1.14016,1.1402,2.81,2.32
2018.11.21 11:54:54.077,1.14017,1.14019,1.50,1.00
2018.11.21 11:54:54.677,1.14016,1.14019,6.38,1.00
2018.11.21 11:54:55.171,1.14023,1.14024,1.00,1.95
2018.11.21 11:54:55.277,1.14024,1.14026,1.50,1.00
2018.11.21 11:54:55.814,1.14024,1.14027,1.25,1.00
2018.11.21 11:54:56.344,1.14025,1.14027,1.00,1.50
2018.11.21 11:54:56.686,1.14027,1.14028,1.00,1.20
2018.11.21 11:54:56.828,1.14026,1.14029,1.25,1.50
2018.11.21 11:54:57.479,1.14026,1.14029,1.00,1.47
2018.11.21 11:54:58.072,1.14026,1.14029,1.25,2.70
2018.11.21 11:54:58.587,1.14026,1.14029,1.25,3.45
2018.11.21 11:55:00.173,1.14026,1.14029,1.25,1.57
2018.11.21 11:55:00.715,1.14026,1.14028,1.25,1.87
2018.11.21 11:55:01.244,1.14026,1.14027,1.00,1.10
2018.11.21 11:55:01.760,1.14025,1.14027,1.00,2.32
2018.11.21 11:55:02.406,1.14025,1.14026,1.50,1.00
2018.11.21 11:55:02.981,1.14025,1.14027,1.00,2.32
2018.11.21 11:55:03.346,1.14026,1.1403,2.44,6.82
2018.11.21 11:55:03.677,1.14025,1.14028,1.00,1.00
2018.11.21 11:55:04.200,1.14027,1.14029,1.00,3.82
2018.11.21 11:55:04.553,1.14027,1.1403,1.50,1.12
2018.11.21 11:55:05.115,1.14028,1.14031,1.00,4.50
2018.11.21 11:55:05.221,1.14028,1.14032,1.69,3.45
2018.11.21 11:55:05.727,1.14028,1.14032,1.50,1.57
2018.11.21 11:55:07.767,1.14029,1.14031,1.12,1.00
2018.11.21 11:55:08.315,1.14028,1.14032,3.94,3.07
2018.11.21 11:55:08.523,1.14032,1.14033,1.50,1.00
2018.11.21 11:55:08.580,1.14034,1.14036,1.00,1.50
2018.11.21 11:55:08.687,1.14034,1.14037,4.69,1.10
2018.11.21 11:55:09.353,1.14034,1.14038,4.69,1.37
2018.11.21 11:55:09.856,1.14035,1.14038,3.00,2.62
2018.11.21 11:55:10.529,1.14034,1.14038,5.18,1.87
2018.11.21 11:55:10.788,1.14035,1.14039,1.95,1.20
2018.11.21 11:55:10.842,1.14038,1.1404,1.00,2.62
2018.11.21 11:55:10.983,1.14037,1.14042,9.45,2.62
2018.11.21 11:55:11.090,1.14039,1.14044,7.39,9.04
2018.11.21 11:55:11.608,1.14039,1.14044,8.89,5.44
2018.11.21 11:55:12.062,1.14043,1.14045,1.00,2.25
2018.11.21 11:55:12.169,1.14045,1.14048,1.00,2.25
2018.11.21 11:55:12.378,1.14045,1.14048,3.19,1.87
2018.11.21 11:55:12.430,1.14044,1.14048,5.62,1.50
2018.11.21 11:55:12.543,1.14046,1.14047,1.00,1.00
2018.11.21 11:55:12.650,1.14042,1.14045,1.00,4.16
2018.11.21 11:55:13.200,1.14042,1.14046,4.39,1.00
2018.11.21 11:55:13.734,1.14042,1.14047,5.02,1.50
2018.11.21 11:55:14.102,1.14045,1.14047,1.50,1.50
2018.11.21 11:55:14.514,1.14042,1.14047,6.15,2.81
2018.11.21 11:55:14.676,1.14044,1.14048,1.50,3.00
2018.11.21 11:55:15.235,1.14044,1.14048,2.58,1.00
2018.11.21 11:55:15.548,1.14045,1.14049,2.51,2.44
2018.11.21 11:55:17.168,1.14044,1.14049,2.58,3.45
2018.11.21 11:55:17.430,1.14044,1.14049,4.50,7.20
2018.11.21 11:55:17.948,1.14044,1.14048,3.94,2.25
2018.11.21 11:55:18.225,1.14046,1.14048,1.00,1.20
2018.11.21 11:55:18.740,1.14045,1.14048,1.25,1.01
2018.11.21 11:55:19.068,1.14048,1.14049,1.00,1.20
2018.11.21 11:55:19.209,1.14045,1.14049,1.00,1.00
2018.11.21 11:55:19.475,1.14044,1.14048,5.62,3.07
2018.11.21 11:55:20.156,1.14044,1.14048,2.81,1.00
2018.11.21 11:55:22.695,1.14043,1.14046,1.00,5.81
2018.11.21 11:55:22.748,1.14041,1.14044,1.95,1.00
2018.11.21 11:55:23.264,1.14041,1.14044,1.00,9.64
2018.11.21 11:55:23.368,1.14038,1.14043,6.94,4.87
2018.11.21 11:55:23.904,1.14038,1.14043,3.19,2.62
2018.11.21 11:55:24.008,1.14037,1.14041,5.51,1.87
2018.11.21 11:55:24.545,1.14036,1.14041,4.69,2.62
2018.11.21 11:55:24.850,1.14035,1.14038,1.00,1.12
2018.11.21 11:55:25.370,1.14035,1.14037,1.00,1.00
2018.11.21 11:55:25.886,1.14034,1.14038,6.94,1.10
2018.11.21 11:55:26.202,1.14036,1.14038,1.31,1.00
2018.11.21 11:55:26.736,1.14035,1.14038,2.62,1.50
2018.11.21 11:55:27.236,1.14034,1.14038,6.56,1.00
2018.11.21 11:55:27.774,1.14035,1.14039,1.50,5.70
2018.11.21 11:55:28.323,1.14036,1.14039,1.50,1.69
2018.11.21 11:55:28.972,1.14036,1.14038,3.00,1.25
2018.11.21 11:55:29.283,1.14039,1.14041,1.87,1.10
2018.11.21 11:55:29.335,1.14041,1.14042,1.25,1.50
2018.11.21 11:55:29.567,1.1404,1.14043,1.00,1.00
2018.11.21 11:55:30.086,1.1404,1.14044,1.00,4.20
2018.11.21 11:55:30.744,1.14039,1.14044,4.69,6.07
2018.11.21 11:55:30.847,1.14039,1.14044,1.69,4.20
2018.11.21 11:55:31.353,1.14039,1.14043,4.69,1.00
2018.11.21 11:55:31.865,1.14039,1.14044,1.69,4.39
2018.11.21 11:55:32.519,1.14039,1.14043,3.94,1.00
2018.11.21 11:55:33.113,1.1404,1.14044,2.25,1.57
2018.11.21 11:55:34.462,1.14043,1.14047,2.62,1.47
2018.11.21 11:55:34.671,1.14043,1.14048,2.81,2.70
2018.11.21 11:55:35.208,1.14043,1.14048,4.12,1.87
2018.11.21 11:55:35.826,1.14045,1.14048,1.50,3.45
2018.11.21 11:55:36.350,1.14044,1.14048,1.87,1.47
2018.11.21 11:55:36.859,1.14044,1.14049,12.75,1.57
2018.11.21 11:55:36.911,1.14046,1.14049,3.19,1.00
2018.11.21 11:55:37.121,1.14047,1.14051,3.19,1.31
2018.11.21 11:55:38.025,1.14048,1.14052,1.25,5.89
2018.11.21 11:55:38.569,1.14052,1.14053,1.50,1.20
2018.11.21 11:55:38.746,1.1405,1.14054,5.44,4.31
2018.11.21 11:55:39.265,1.1405,1.14053,2.25,1.25
2018.11.21 11:55:39.805,1.14052,1.14055,1.69,1.00
2018.11.21 11:55:40.121,1.14055,1.14059,1.00,7.95
2018.11.21 11:55:40.816,1.14055,1.14057,1.00,1.00
2018.11.21 11:55:41.350,1.14055,1.14057,1.00,2.25
2018.11.21 11:55:42.759,1.14055,1.14057,1.00,1.00
2018.11.21 11:55:42.864,1.14053,1.14057,1.31,2.89
2018.11.21 11:55:43.071,1.14054,1.14057,2.44,4.95
2018.11.21 11:55:43.640,1.14054,1.14058,3.19,4.95
2018.11.21 11:55:44.801,1.14054,1.14057,2.06,1.00
2018.11.21 11:55:45.598,1.14052,1.14054,3.19,1.12
2018.11.21 11:55:45.703,1.14051,1.14054,2.06,1.50
2018.11.21 11:55:46.236,1.1405,1.14054,1.69,4.87
2018.11.21 11:55:50.177,1.1405,1.14053,1.12,2.25
2018.11.21 11:55:50.964,1.14048,1.14049,6.37,1.30
2018.11.21 11:55:51.172,1.14044,1.14048,3.00,1.50
2018.11.21 11:55:51.588,1.14043,1.14045,1.87,1.00
2018.11.21 11:55:51.848,1.14039,1.14042,1.25,1.95
2018.11.21 11:55:52.110,1.14037,1.14039,3.37,1.69
2018.11.21 11:55:52.635,1.14036,1.14039,1.31,1.20
2018.11.21 11:55:55.712,1.14036,1.1404,7.69,3.75
2018.11.21 11:55:56.254,1.14038,1.1404,1.00,1.00
2018.11.21 11:55:56.806,1.14037,1.1404,1.00,1.20
2018.11.21 11:55:57.326,1.14038,1.14041,3.19,2.25
2018.11.21 11:55:59.495,1.14038,1.14042,1.25,2.25
2018.11.21 11:56:00.046,1.14038,1.14041,1.31,1.00
2018.11.21 11:56:00.563,1.14037,1.1404,3.75,1.12
2018.11.21 11:56:01.065,1.14036,1.1404,3.00,9.75
2018.11.21 11:56:01.375,1.14035,1.14038,1.00,1.00
2018.11.21 11:56:02.173,1.14035,1.14039,1.50,4.20
2018.11.21 11:56:02.692,1.14035,1.14038,2.44,1.00
2018.11.21 11:56:03.322,1.14035,1.14039,3.19,1.12
2018.11.21 11:56:03.845,1.14036,1.1404,2.81,2.70
2018.11.21 11:56:04.314,1.14038,1.1404,3.67,1.00
2018.11.21 11:56:04.366,1.14039,1.14042,1.00,1.20
2018.11.21 11:56:05.372,1.1404,1.14042,3.94,1.00
2018.11.21 11:56:05.633,1.1404,1.14044,1.12,5.62
2018.11.21 11:56:06.183,1.1404,1.14044,3.19,2.25
2018.11.21 11:56:06.700,1.1404,1.14044,2.06,6.07
2018.11.21 11:56:06.856,1.1404,1.14042,2.06,1.50
2018.11.21 11:56:07.875,1.14041,1.14042,1.00,1.50
2018.11.21 11:56:08.394,1.14041,1.14043,1.25,1.00
2018.11.21 11:56:08.860,1.14039,1.14043,7.31,1.00
2018.11.21 11:56:09.173,1.14039,1.14041,2.06,1.00
2018.11.21 11:56:09.736,1.14038,1.14042,5.81,2.25
2018.11.21 11:56:10.080,1.14036,1.14039,3.19,1.00
2018.11.21 11:56:10.610,1.14035,1.1404,8.81,4.50
2018.11.21 11:56:11.220,1.14036,1.14039,3.94,1.50
2018.11.21 11:56:11.737,1.14035,1.14038,1.12,1.50
2018.11.21 11:56:13.614,1.14035,1.14038,4.00,1.00
2018.11.21 11:56:13.827,1.14037,1.14042,7.57,7.05
2018.11.21 11:56:14.482,1.14038,1.14042,4.87,1.30
2018.11.21 11:56:14.674,1.1404,1.14044,3.19,4.95
2018.11.21 11:56:14.780,1.1404,1.14045,9.63,1.69
2018.11.21 11:56:16.036,1.1404,1.14046,12.18,5.70
2018.11.21 11:56:16.194,1.14043,1.14047,3.94,4.57
2018.11.21 11:56:16.730,1.14041,1.14046,5.06,3.00
2018.11.21 11:56:17.709,1.14041,1.14044,1.87,3.00
2018.11.21 11:56:18.233,1.1404,1.14043,1.87,1.12
2018.11.21 11:56:19.118,1.14041,1.14043,1.00,1.87
2018.11.21 11:56:19.737,1.14039,1.14042,6.19,1.00
2018.11.21 11:56:20.266,1.14037,1.14039,5.70,1.00
2018.11.21 11:56:20.596,1.14033,1.14037,8.44,1.00
2018.11.21 11:56:20.906,1.14033,1.14035,1.00,1.31
2018.11.21 11:56:21.011,1.1403,1.14033,1.50,1.69
2018.11.21 11:56:21.269,1.1403,1.14031,1.00,1.50
2018.11.21 11:56:21.811,1.14029,1.14032,2.06,2.25
2018.11.21 11:56:22.398,1.14029,1.14033,2.06,4.69
2018.11.21 11:56:23.497,1.1403,1.14033,1.00,2.81
2018.11.21 11:56:24.007,1.14029,1.14033,5.44,1.69
2018.11.21 11:56:24.567,1.1403,1.14033,3.75,3.19
2018.11.21 11:56:25.097,1.1403,1.14033,3.75,3.64
2018.11.21 11:56:25.632,1.14029,1.14033,1.87,2.32
2018.11.21 11:56:26.165,1.1403,1.14033,1.00,3.26
2018.11.21 11:56:26.674,1.14029,1.14032,5.62,1.12
2018.11.21 11:56:31.854,1.1403,1.14032,1.00,1.12
2018.11.21 11:56:31.962,1.14032,1.14035,1.69,2.25
2018.11.21 11:56:32.982,1.14032,1.14034,1.69,1.00
2018.11.21 11:56:33.932,1.14032,1.14036,1.37,2.32
2018.11.21 11:56:34.426,1.14031,1.14035,3.37,3.37
2018.11.21 11:56:35.024,1.14031,1.14034,2.62,1.00
2018.11.21 11:56:36.380,1.14031,1.14033,2.25,1.00
2018.11.21 11:56:36.882,1.1403,1.14034,2.44,8.14
2018.11.21 11:56:37.388,1.1403,1.14034,2.44,5.51
2018.11.21 11:56:38.332,1.14029,1.14033,3.19,1.87
2018.11.21 11:56:38.881,1.1403,1.14033,1.00,1.87
2018.11.21 11:56:39.946,1.1403,1.14034,5.81,1.12
2018.11.21 11:56:40.516,1.1403,1.14035,6.56,6.07
2018.11.21 11:56:41.026,1.1403,1.14035,2.81,5.32
2018.11.21 11:56:41.681,1.14031,1.14034,1.50,1.00
2018.11.21 11:56:42.272,1.14032,1.14035,1.00,6.75
2018.11.21 11:56:42.429,1.14031,1.14034,1.00,3.00
2018.11.21 11:56:42.586,1.14029,1.14033,1.50,4.39
2018.11.21 11:56:43.134,1.14029,1.14033,1.00,5.70
2018.11.21 11:56:43.684,1.14029,1.14032,2.81,1.00
2018.11.21 11:56:44.580,1.14029,1.14033,1.87,6.56
2018.11.21 11:56:48.353,1.1403,1.14033,1.00,4.57
2018.11.21 11:56:48.892,1.14027,1.14028,1.87,1.00
2018.11.21 11:56:48.946,1.14026,1.1403,1.50,5.70
2018.11.21 11:56:49.493,1.14025,1.14028,1.12,1.00
2018.11.21 11:56:50.132,1.14026,1.14029,1.12,4.95
2018.11.21 11:56:50.457,1.14026,1.14029,4.69,3.37
2018.11.21 11:56:53.177,1.14027,1.1403,3.56,1.57
2018.11.21 11:56:54.287,1.14029,1.1403,1.12,1.00
2018.11.21 11:56:54.339,1.1403,1.14032,1.00,3.00
2018.11.21 11:56:54.989,1.1403,1.14033,1.00,6.07
2018.11.21 11:56:55.452,1.14031,1.14034,1.69,2.70
2018.11.21 11:56:55.609,1.14032,1.14035,1.31,4.57
2018.11.21 11:56:56.205,1.14031,1.14035,5.81,5.89
2018.11.21 11:56:56.709,1.14029,1.14033,5.62,3.07
2018.11.21 11:56:57.555,1.14031,1.14032,1.00,1.50
2018.11.21 11:56:57.726,1.1403,1.14033,1.00,3.00
2018.11.21 11:56:58.229,1.1403,1.14034,1.00,4.95
2018.11.21 11:56:58.727,1.14031,1.14034,2.44,1.50
2018.11.21 11:56:59.046,1.14037,1.14038,1.25,1.00
2018.11.21 11:56:59.569,1.14037,1.1404,1.69,3.37
2018.11.21 11:57:02.201,1.14035,1.14039,1.87,2.06
2018.11.21 11:57:03.702,1.14036,1.14038,1.00,1.31
2018.11.21 11:57:04.351,1.14037,1.14039,1.00,2.06
2018.11.21 11:57:04.501,1.14035,1.14037,1.10,1.00
2018.11.21 11:57:05.020,1.14034,1.14037,1.50,1.00
2018.11.21 11:57:05.547,1.14033,1.14037,2.62,1.00
2018.11.21 11:57:06.128,1.14034,1.14037,1.69,1.50
2018.11.21 11:57:06.677,1.14033,1.14037,3.75,1.12
2018.11.21 11:57:07.055,1.14033,1.14035,3.00,1.00
2018.11.21 11:57:08.098,1.14033,1.14036,3.37,1.00
2018.11.21 11:57:08.623,1.14032,1.14035,2.62,1.00
2018.11.21 11:57:09.139,1.14032,1.14034,1.87,1.00
2018.11.21 11:57:09.635,1.14031,1.14033,2.32,1.00
2018.11.21 11:57:09.841,1.1403,1.14032,1.12,1.00
2018.11.21 11:57:10.426,1.1403,1.14033,3.37,1.87
2018.11.21 11:57:13.579,1.14033,1.14034,3.37,2.25
2018.11.21 11:57:13.632,1.14034,1.14035,1.12,1.10
2018.11.21 11:57:13.930,1.14032,1.14037,9.07,1.12
2018.11.21 11:57:14.327,1.14034,1.14037,1.53,1.50
2018.11.21 11:57:16.866,1.14034,1.14037,1.25,1.75
2018.11.21 11:57:17.128,1.14031,1.14035,10.20,1.00
2018.11.21 11:57:17.439,1.14031,1.14033,2.44,1.00
2018.11.21 11:57:18.089,1.1403,1.14033,3.37,1.12
2018.11.21 11:57:22.177,1.14031,1.14033,1.00,1.87
2018.11.21 11:57:22.963,1.1403,1.14033,2.62,1.87
2018.11.21 11:57:23.271,1.14033,1.14034,1.00,1.00
2018.11.21 11:57:23.621,1.14023,1.14026,3.75,1.95
2018.11.21 11:57:24.272,1.14021,1.14024,2.25,1.50
2018.11.21 11:57:24.325,1.1402,1.14023,3.37,1.50
2018.11.21 11:57:25.891,1.14023,1.14025,1.00,1.57
2018.11.21 11:57:26.055,1.14025,1.14028,1.00,2.70
2018.11.21 11:57:26.549,1.14027,1.14029,1.00,2.14
2018.11.21 11:57:27.064,1.14026,1.14029,1.50,1.39
2018.11.21 11:57:27.462,1.14019,1.1402,5.81,1.50
2018.11.21 11:57:27.670,1.14016,1.14018,1.50,2.32
2018.11.21 11:57:27.988,1.14014,1.14018,4.12,2.62
2018.11.21 11:57:29.093,1.14014,1.14017,3.00,1.00
2018.11.21 11:57:29.636,1.14015,1.14018,1.00,1.95
2018.11.21 11:57:30.634,1.14016,1.14018,1.00,1.12
2018.11.21 11:57:30.742,1.14018,1.14019,3.75,1.00
2018.11.21 11:57:30.794,1.14017,1.14018,1.00,1.00
2018.11.21 11:57:31.187,1.14018,1.1402,4.12,2.25
2018.11.21 11:57:31.240,1.14019,1.14022,3.75,1.57
2018.11.21 11:57:31.554,1.14018,1.1402,1.20,1.00
2018.11.21 11:57:31.934,1.14018,1.14022,4.01,1.00
2018.11.21 11:57:32.454,1.14018,1.14023,4.01,2.25
2018.11.21 11:57:33.051,1.14019,1.14023,1.50,4.50
2018.11.21 11:57:33.477,1.14021,1.14023,1.00,1.50
2018.11.21 11:57:33.973,1.14022,1.14024,1.37,1.50
2018.11.21 11:57:34.077,1.14023,1.14026,3.75,1.50
2018.11.21 11:57:34.236,1.14024,1.14028,4.12,1.00
2018.11.21 11:57:34.827,1.14025,1.14028,2.70,1.50
2018.11.21 11:57:35.371,1.14026,1.14028,1.00,1.50
2018.11.21 11:57:37.047,1.14026,1.14028,1.50,1.12
2018.11.21 11:57:37.410,1.14025,1.14028,4.12,1.00
2018.11.21 11:57:37.990,1.14026,1.14028,1.12,1.00
2018.11.21 11:57:39.329,1.14026,1.14029,1.00,5.25
2018.11.21 11:57:39.929,1.14025,1.14029,2.25,5.25
2018.11.21 11:57:42.130,1.14026,1.14029,1.00,5.06
2018.11.21 11:57:42.681,1.14024,1.14029,8.70,2.06
2018.11.21 11:57:43.115,1.14022,1.14024,5.70,6.47
2018.11.21 11:57:43.254,1.14021,1.14022,4.50,1.87
2018.11.21 11:57:43.307,1.14019,1.1402,1.00,1.12
2018.11.21 11:57:43.411,1.14017,1.14021,5.44,7.12
2018.11.21 11:57:43.464,1.14018,1.14021,1.47,4.12
2018.11.21 11:57:43.984,1.14019,1.14022,1.10,1.00
2018.11.21 11:57:44.704,1.14021,1.14024,1.69,6.37
2018.11.21 11:57:45.220,1.14022,1.14025,1.00,5.47
2018.11.21 11:57:45.789,1.14023,1.14025,1.50,3.75
2018.11.21 11:57:46.294,1.14023,1.14026,3.07,1.87
2018.11.21 11:57:46.805,1.14023,1.14025,4.57,1.00
2018.11.21 11:57:47.346,1.14023,1.14027,2.32,5.25
2018.11.21 11:57:47.865,1.14024,1.14026,1.00,1.25
2018.11.21 11:57:48.237,1.14022,1.14026,3.07,4.87
2018.11.21 11:57:48.596,1.14024,1.14028,2.06,7.69
2018.11.21 11:57:48.909,1.14025,1.14029,1.47,8.81
2018.11.21 11:57:49.347,1.14024,1.14028,4.76,10.31
2018.11.21 11:57:49.698,1.14026,1.14028,1.00,5.06
2018.11.21 11:57:50.453,1.14026,1.14029,1.00,12.75
2018.11.21 11:57:50.988,1.14025,1.14028,1.20,1.25
2018.11.21 11:57:51.354,1.14027,1.14029,1.50,1.00
2018.11.21 11:57:51.781,1.14025,1.14028,7.20,3.75
2018.11.21 11:57:51.834,1.14027,1.14028,1.00,1.12
2018.11.21 11:57:52.043,1.14027,1.1403,2.25,8.81
2018.11.21 11:57:52.575,1.14027,1.14028,1.57,1.00
2018.11.21 11:57:52.629,1.14025,1.14028,1.00,3.00
2018.11.21 11:57:53.148,1.14024,1.14028,6.64,1.00
2018.11.21 11:57:53.752,1.14025,1.14028,1.50,2.25
2018.11.21 11:57:54.277,1.14024,1.14029,5.14,5.10
2018.11.21 11:57:54.850,1.14025,1.14029,1.00,3.75
2018.11.21 11:57:55.421,1.14024,1.14029,5.14,6.00
2018.11.21 11:57:56.016,1.14025,1.14028,1.00,2.25
2018.11.21 11:57:56.659,1.14025,1.14029,1.12,10.50
2018.11.21 11:57:57.363,1.14024,1.14029,7.39,3.37
2018.11.21 11:57:57.417,1.14028,1.1403,1.00,2.25
2018.11.21 11:57:57.743,1.14029,1.14031,2.32,1.00
2018.11.21 11:57:58.159,1.14028,1.14029,1.00,1.50
2018.11.21 11:57:58.213,1.14026,1.1403,4.57,2.62
2018.11.21 11:57:58.995,1.14026,1.14031,7.39,3.75
2018.11.21 11:58:00.091,1.14028,1.14031,1.12,3.00
2018.11.21 11:58:00.613,1.14031,1.14033,1.00,1.50
2018.11.21 11:58:01.576,1.1403,1.14033,1.00,1.62
2018.11.21 11:58:02.409,1.1403,1.14033,4.12,1.50
2018.11.21 11:58:02.929,1.14031,1.14033,1.00,1.00
2018.11.21 11:58:03.449,1.14031,1.14034,1.57,2.06
2018.11.21 11:58:03.761,1.14033,1.14035,1.00,1.25
2018.11.21 11:58:04.109,1.14031,1.14033,1.00,4.12
2018.11.21 11:58:04.579,1.14033,1.14035,1.00,4.50
2018.11.21 11:58:05.262,1.14033,1.14036,1.00,9.75
2018.11.21 11:58:05.787,1.14033,1.14035,1.00,1.00
2018.11.21 11:58:06.072,1.14031,1.14036,2.06,12.22
2018.11.21 11:58:06.179,1.14029,1.14034,11.51,6.00
2018.11.21 11:58:06.336,1.1403,1.14034,7.69,1.87
2018.11.21 11:58:06.650,1.14029,1.14033,1.50,3.37
2018.11.21 11:58:07.662,1.14029,1.14033,4.12,1.12
2018.11.21 11:58:08.174,1.1403,1.14033,1.00,3.75
2018.11.21 11:58:08.776,1.14029,1.14033,2.25,1.50
2018.11.21 11:58:09.774,1.1403,1.14033,1.00,3.00
2018.11.21 11:58:10.309,1.14029,1.14033,5.70,1.12
2018.11.21 11:58:11.703,1.1403,1.14033,1.00,1.50
2018.11.21 11:58:12.286,1.14029,1.14033,2.70,1.00
2018.11.21 11:58:12.872,1.1403,1.14033,1.50,2.62
2018.11.21 11:58:13.411,1.14029,1.14033,5.06,4.50
2018.11.21 11:58:14.370,1.1403,1.14033,1.00,4.12
2018.11.21 11:58:14.705,1.14023,1.14027,18.07,1.00
2018.11.21 11:58:15.236,1.14024,1.14027,1.47,1.00
2018.11.21 11:58:15.991,1.14026,1.14028,1.00,3.00
2018.11.21 11:58:16.513,1.14024,1.14028,5.25,2.62
2018.11.21 11:58:17.487,1.14025,1.14028,5.81,2.62
2018.11.21 11:58:17.861,1.14027,1.14028,1.00,1.50
2018.11.21 11:58:18.061,1.14027,1.1403,3.19,1.00
2018.11.21 11:58:18.581,1.14028,1.14031,3.56,1.00
2018.11.21 11:58:18.924,1.1403,1.14034,7.69,2.62
2018.11.21 11:58:19.088,1.14028,1.14031,3.07,1.00
2018.11.21 11:58:19.762,1.14029,1.14031,1.00,1.50
2018.11.21 11:58:20.285,1.14028,1.14031,2.81,1.50
2018.11.21 11:58:20.812,1.14029,1.14031,1.00,1.50
2018.11.21 11:58:24.158,1.1403,1.14033,5.62,1.50
2018.11.21 11:58:24.262,1.1403,1.14035,6.64,3.00
2018.11.21 11:58:24.831,1.14031,1.14035,1.12,4.12
2018.11.21 11:58:25.570,1.1403,1.14034,10.01,1.00
2018.11.21 11:58:26.293,1.1403,1.14035,4.76,2.62
2018.11.21 11:58:27.109,1.14031,1.14034,1.87,1.00
2018.11.21 11:58:27.494,1.1403,1.14031,1.95,1.12
2018.11.21 11:58:27.646,1.14028,1.14031,1.69,1.87
2018.11.21 11:58:30.111,1.14028,1.14033,8.25,4.57
2018.11.21 11:58:31.202,1.14029,1.14033,11.63,2.62
2018.11.21 11:58:31.387,1.1403,1.14035,4.87,11.89
2018.11.21 11:58:31.901,1.1403,1.14035,4.95,6.56
2018.11.21 11:58:32.416,1.1403,1.14035,7.01,6.94
2018.11.21 11:58:32.530,1.1403,1.14034,5.51,3.56
2018.11.21 11:58:33.049,1.1403,1.14032,2.62,1.00
2018.11.21 11:58:33.571,1.1403,1.14032,1.00,1.00
2018.11.21 11:58:35.109,1.14029,1.14032,1.69,1.00
2018.11.21 11:58:37.986,1.14029,1.14032,3.19,1.00
2018.11.21 11:58:38.334,1.14022,1.14023,1.00,1.12
2018.11.21 11:58:38.387,1.14018,1.14022,5.51,1.37
2018.11.21 11:58:39.512,1.14017,1.1402,4.50,1.00
2018.11.21 11:58:39.668,1.14016,1.14017,1.00,1.00
2018.11.21 11:58:39.776,1.14017,1.14021,5.44,2.25
2018.11.21 11:58:40.019,1.14016,1.14021,1.87,8.89
2018.11.21 11:58:40.538,1.14016,1.1402,2.25,1.50
2018.11.21 11:58:41.064,1.14016,1.14021,2.25,6.64
2018.11.21 11:58:41.581,1.14016,1.1402,2.81,2.25
2018.11.21 11:58:42.121,1.14016,1.14019,3.00,1.69
2018.11.21 11:58:42.490,1.14016,1.14019,4.57,2.25
2018.11.21 11:58:42.593,1.14016,1.14019,2.62,3.00
2018.11.21 11:58:42.869,1.14014,1.14018,6.94,1.00
2018.11.21 11:58:43.480,1.14015,1.14019,6.56,1.37
2018.11.21 11:58:48.008,1.14018,1.14021,3.19,1.10
2018.11.21 11:58:48.069,1.14021,1.14023,2.25,1.00
2018.11.21 11:58:48.173,1.14024,1.14027,1.25,3.45
2018.11.21 11:58:48.226,1.14027,1.1403,5.44,1.10
2018.11.21 11:58:48.565,1.1403,1.14033,1.00,2.70
2018.11.21 11:58:48.725,1.14031,1.14034,1.31,1.20
2018.11.21 11:58:49.464,1.14031,1.14033,1.31,1.00
2018.11.21 11:58:50.006,1.14032,1.14034,1.00,2.25
2018.11.21 11:58:50.343,1.14029,1.14033,1.31,1.00
2018.11.21 11:58:50.395,1.14031,1.14033,1.00,1.00
2018.11.21 11:58:50.943,1.14031,1.14034,1.31,1.00
2018.11.21 11:58:51.922,1.14032,1.14034,1.25,1.00
2018.11.21 11:58:52.129,1.14032,1.14036,5.70,2.25
2018.11.21 11:58:52.995,1.14033,1.14036,1.00,2.25
2018.11.21 11:58:53.329,1.14031,1.14034,1.00,2.47
2018.11.21 11:58:53.641,1.14031,1.14033,1.00,3.56
2018.11.21 11:58:55.218,1.14031,1.14034,2.62,1.00
2018.11.21 11:58:58.424,1.14031,1.14034,3.94,1.00
2018.11.21 11:58:59.239,1.14031,1.14034,3.19,1.00
2018.11.21 11:58:59.604,1.14031,1.14034,3.37,6.19
2018.11.21 11:58:59.658,1.1403,1.14032,3.82,1.00
2018.11.21 11:59:00.187,1.1403,1.14031,1.25,1.12
2018.11.21 11:59:01.697,1.14031,1.14032,1.50,1.00
2018.11.21 11:59:02.024,1.14032,1.14033,1.00,1.00
2018.11.21 11:59:02.535,1.14032,1.14034,1.00,66.00
2018.11.21 11:59:02.925,1.14031,1.14033,5.25,1.00
2018.11.21 11:59:03.657,1.14031,1.14033,2.25,1.00
2018.11.21 11:59:05.193,1.14032,1.14033,1.00,1.50
2018.11.21 11:59:05.402,1.14032,1.14034,2.62,1.00
2018.11.21 11:59:05.614,1.14028,1.14029,10.12,2.85
2018.11.21 11:59:05.795,1.14022,1.14024,1.69,1.00
2018.11.21 11:59:06.162,1.14021,1.14022,2.25,1.12
2018.11.21 11:59:06.579,1.14019,1.14022,6.26,1.37
2018.11.21 11:59:07.124,1.14019,1.14022,3.26,1.37
2018.11.21 11:59:07.582,1.14021,1.14023,1.12,1.00
2018.11.21 11:59:07.689,1.14022,1.14024,6.64,1.00
2018.11.21 11:59:08.747,1.14022,1.14023,2.25,1.00
2018.11.21 11:59:09.354,1.14021,1.14023,1.00,1.00
2018.11.21 11:59:11.661,1.14022,1.14023,1.00,1.00
2018.11.21 11:59:12.008,1.1401,1.14012,9.00,1.00
2018.11.21 11:59:12.184,1.14014,1.14015,1.00,1.95
2018.11.21 11:59:12.291,1.14012,1.14014,1.00,2.62
2018.11.21 11:59:12.603,1.14014,1.14015,1.00,1.00
2018.11.21 11:59:12.656,1.14012,1.14013,1.50,1.12
2018.11.21 11:59:13.084,1.1401,1.14014,2.44,10.35
2018.11.21 11:59:13.138,1.14008,1.14009,1.69,1.00
2018.11.21 11:59:13.192,1.14006,1.14007,1.50,1.12
2018.11.21 11:59:13.729,1.14004,1.14006,4.69,1.00
2018.11.21 11:59:14.558,1.14006,1.14007,1.00,1.50
2018.11.21 11:59:14.715,1.14007,1.14008,1.87,1.20
2018.11.21 11:59:14.926,1.14009,1.14011,1.25,1.12
2018.11.21 11:59:15.085,1.1401,1.14012,3.00,1.00
2018.11.21 11:59:15.715,1.14011,1.14012,1.00,1.50
2018.11.21 11:59:17.761,1.1401,1.14011,1.25,1.00
2018.11.21 11:59:17.917,1.14008,1.1401,2.44,1.00
2018.11.21 11:59:18.022,1.1401,1.14011,1.00,2.25
2018.11.21 11:59:18.548,1.1401,1.14012,1.00,1.00
2018.11.21 11:59:20.186,1.14011,1.14013,2.44,1.87
2018.11.21 11:59:20.291,1.14013,1.14015,1.50,8.25
2018.11.21 11:59:20.834,1.14013,1.14016,1.50,92.32
2018.11.21 11:59:21.060,1.14013,1.14015,1.50,1.00
2018.11.21 11:59:21.577,1.14012,1.14014,1.50,1.00
2018.11.21 11:59:21.919,1.14013,1.14015,1.69,1.50
2018.11.21 11:59:22.430,1.14015,1.14016,1.00,1.50
2018.11.21 11:59:23.314,1.14016,1.14017,1.00,1.00
2018.11.21 11:59:23.899,1.14014,1.14017,1.25,1.00
2018.11.21 11:59:25.205,1.14014,1.14016,1.50,2.62
2018.11.21 11:59:25.752,1.14013,1.14016,4.87,1.37
2018.11.21 11:59:26.298,1.14014,1.14016,1.00,1.37
2018.11.21 11:59:26.994,1.14013,1.14016,3.56,1.37
2018.11.21 11:59:27.600,1.14014,1.14016,2.25,1.37
2018.11.21 11:59:28.201,1.14013,1.14016,8.89,1.37
2018.11.21 11:59:28.819,1.14014,1.14016,1.50,1.37
2018.11.21 11:59:29.344,1.14012,1.14014,6.75,23.77
2018.11.21 11:59:29.614,1.14004,1.14006,1.50,1.00
2018.11.21 11:59:29.666,1.14006,1.14007,1.00,1.50
2018.11.21 11:59:30.136,1.14003,1.14006,1.69,1.50
2018.11.21 11:59:30.250,1.14001,1.14003,3.07,1.37
2018.11.21 11:59:30.768,1.14001,1.14003,2.06,1.37
2018.11.21 11:59:31.151,1.14002,1.14005,9.75,1.10
2018.11.21 11:59:32.727,1.14004,1.14006,2.44,1.12
2018.11.21 11:59:33.145,1.14006,1.14009,1.12,8.62
2018.11.21 11:59:33.248,1.14006,1.14008,1.87,1.00
2018.11.21 11:59:33.547,1.14009,1.14011,1.00,1.42
2018.11.21 11:59:34.081,1.1401,1.14011,1.00,1.50
2018.11.21 11:59:34.593,1.14009,1.14011,8.25,1.00
2018.11.21 11:59:35.817,1.1401,1.14011,1.00,1.00
2018.11.21 11:59:38.860,1.14009,1.14011,2.62,1.00
2018.11.21 11:59:39.386,1.1401,1.14011,1.87,1.00
2018.11.21 11:59:40.088,1.1401,1.14012,1.87,1.50
2018.11.21 11:59:43.134,1.14009,1.14011,4.12,1.00
2018.11.21 11:59:43.290,1.14009,1.14013,6.37,1.12
2018.11.21 11:59:43.393,1.14011,1.14013,1.12,1.87
2018.11.21 11:59:44.120,1.1401,1.14013,1.50,1.87
2018.11.21 11:59:45.172,1.14009,1.14013,5.62,1.12
2018.11.21 11:59:45.846,1.1401,1.14013,2.62,1.50
2018.11.21 11:59:48.117,1.14012,1.14013,1.00,1.50
2018.11.21 11:59:49.004,1.14012,1.14014,4.76,1.12
2018.11.21 11:59:49.161,1.14014,1.14017,4.50,1.00
2018.11.21 11:59:49.424,1.14016,1.14018,2.81,1.50
2018.11.21 11:59:49.542,1.14017,1.14019,1.57,1.00
2018.11.21 11:59:49.648,1.1402,1.14022,1.00,5.25
2018.11.21 11:59:50.160,1.14019,1.1402,1.00,1.00
2018.11.21 11:59:50.696,1.14019,1.14021,1.50,5.25
2018.11.21 11:59:51.331,1.14019,1.1402,2.25,1.00
2018.11.21 11:59:51.865,1.14017,1.1402,2.25,1.87
2018.11.21 11:59:53.334,1.14016,1.14019,2.89,1.00
2018.11.21 11:59:54.085,1.14017,1.14019,1.50,1.00
2018.11.21 11:59:54.628,1.14016,1.14019,5.14,1.00
2018.11.21 11:59:56.365,1.14019,1.1402,1.00,1.50
2018.11.21 11:59:56.422,1.14018,1.14021,1.69,1.00
2018.11.21 11:59:57.301,1.14019,1.14021,1.00,1.00
2018.11.21 11:59:57.827,1.14019,1.14021,1.00,1.37
