2021.12.14 19:00:03.274,1.12649,1.12651,0.75,0.10
2021.12.14 19:00:03.393,1.12649,1.12652,0.75,1.57
2021.12.14 19:00:03.579,1.12649,1.12651,0.75,0.10
2021.12.14 19:00:04.843,1.12649,1.12652,0.75,1.50
2021.12.14 19:00:05.111,1.12649,1.1265,0.75,0.10
2021.12.14 19:00:11.821,1.12649,1.12652,0.75,1.20
2021.12.14 19:00:18.940,1.12649,1.12651,0.75,0.10
2021.12.14 19:00:21.893,1.1265,1.12651,0.75,0.10
2021.12.14 19:00:22.045,1.12647,1.12651,6.41,0.10
2021.12.14 19:00:23.500,1.1265,1.12651,0.75,0.10
2021.12.14 19:00:25.424,1.12649,1.12651,0.75,0.10
2021.12.14 19:00:26.828,1.12647,1.12651,6.41,0.10
2021.12.14 19:00:31.858,1.1265,1.12652,0.37,0.75
2021.12.14 19:00:31.959,1.12651,1.12653,0.75,0.10
2021.12.14 19:00:32.010,1.1265,1.12652,6.79,0.10
2021.12.14 19:00:32.111,1.12652,1.12654,0.75,3.82
2021.12.14 19:00:32.465,1.1265,1.12653,0.75,0.10
2021.12.14 19:00:32.566,1.12651,1.12653,0.75,0.10
2021.12.14 19:00:32.668,1.12649,1.12653,1.95,0.10
2021.12.14 19:00:34.089,1.1265,1.12653,3.00,0.45
2021.12.14 19:00:35.089,1.12649,1.12653,2.25,0.10
2021.12.14 19:00:35.240,1.12649,1.12652,2.25,0.10
2021.12.14 19:00:36.624,1.12651,1.12652,3.00,0.10
2021.12.14 19:00:40.757,1.12651,1.12653,0.75,0.10
2021.12.14 19:00:48.888,1.12651,1.12654,0.75,0.10
2021.12.14 19:00:49.264,1.1265,1.12654,3.75,0.67
2021.12.14 19:00:49.365,1.1265,1.12652,0.75,0.10
2021.12.14 19:00:49.467,1.12649,1.12652,2.25,0.10
2021.12.14 19:00:49.745,1.12651,1.12653,0.75,0.10
2021.12.14 19:00:56.731,1.12649,1.12652,2.25,0.10
2021.12.14 19:00:57.747,1.12651,1.12653,0.75,0.45
2021.12.14 19:01:07.708,1.1265,1.12653,3.00,0.10
2021.12.14 19:01:11.428,1.12652,1.12653,0.75,0.10
2021.12.14 19:01:11.529,1.1265,1.12653,3.00,0.10
2021.12.14 19:01:12.932,1.12651,1.12653,0.75,0.10
2021.12.14 19:01:15.769,1.12648,1.12652,7.20,0.10
2021.12.14 19:01:15.871,1.12649,1.12652,3.00,0.10
2021.12.14 19:01:16.124,1.12648,1.12652,9.79,0.10
2021.12.14 19:01:17.608,1.12651,1.12653,0.75,0.10
2021.12.14 19:01:24.742,1.1265,1.12651,0.37,0.37
2021.12.14 19:01:24.844,1.12649,1.12651,0.45,0.37
2021.12.14 19:01:25.750,1.12649,1.12651,6.64,0.37
2021.12.14 19:01:27.256,1.12648,1.12652,7.76,0.45
2021.12.14 19:01:27.631,1.1265,1.12652,0.75,0.45
2021.12.14 19:01:30.049,1.1265,1.12653,2.70,0.37
2021.12.14 19:01:30.150,1.12651,1.12653,1.50,0.45
2021.12.14 19:01:36.590,1.1265,1.12652,0.75,0.37
2021.12.14 19:02:02.392,1.12648,1.12651,3.00,0.75
2021.12.14 19:02:03.280,1.1265,1.12652,0.75,1.20
2021.12.14 19:02:10.427,1.1265,1.12653,0.75,0.10
2021.12.14 19:02:11.495,1.12651,1.12654,0.75,1.20
2021.12.14 19:02:15.567,1.12651,1.12653,0.75,1.46
2021.12.14 19:02:19.415,1.12649,1.12652,0.75,0.45
2021.12.14 19:02:19.516,1.12648,1.12652,4.57,0.82
2021.12.14 19:02:19.719,1.1265,1.12652,0.75,0.82
2021.12.14 19:02:21.117,1.1265,1.12653,0.75,0.52
2021.12.14 19:02:21.353,1.1265,1.12652,0.75,0.10
2021.12.14 19:02:21.783,1.1265,1.12653,0.75,0.52
2021.12.14 19:02:23.665,1.1265,1.12652,0.75,0.37
2021.12.14 19:02:24.321,1.1265,1.12654,4.12,1.20
2021.12.14 19:02:24.423,1.12651,1.12654,0.75,1.20
2021.12.14 19:02:27.485,1.12651,1.12655,0.75,1.46
2021.12.14 19:02:28.765,1.12652,1.12655,0.75,1.46
2021.12.14 19:02:30.509,1.1265,1.12653,3.00,1.20
2021.12.14 19:02:30.611,1.12649,1.12653,3.75,1.87
2021.12.14 19:02:30.713,1.1265,1.12653,0.75,2.14
2021.12.14 19:02:42.957,1.12651,1.12653,0.75,4.01
2021.12.14 19:02:43.408,1.1265,1.12653,0.75,0.10
2021.12.14 19:02:45.134,1.1265,1.12654,0.75,3.26
2021.12.14 19:02:45.387,1.12651,1.12654,0.75,0.75
2021.12.14 19:02:45.590,1.12651,1.12653,0.75,0.19
2021.12.14 19:02:45.691,1.12651,1.12654,0.75,0.10
2021.12.14 19:02:48.098,1.12651,1.12653,0.75,0.10
2021.12.14 19:02:52.413,1.12649,1.12652,2.32,0.75
2021.12.14 19:02:59.967,1.12649,1.12651,0.75,0.10
2021.12.14 19:03:00.219,1.12649,1.12652,0.75,2.32
2021.12.14 19:03:02.408,1.12649,1.12651,0.75,0.10
2021.12.14 19:03:03.569,1.12649,1.12652,0.75,1.76
2021.12.14 19:03:11.881,1.12647,1.1265,0.82,0.19
2021.12.14 19:03:11.983,1.12649,1.12651,0.75,1.31
2021.12.14 19:03:15.731,1.12648,1.1265,0.75,0.75
2021.12.14 19:03:16.724,1.12649,1.12651,0.75,0.64
2021.12.14 19:03:17.449,1.12648,1.12651,0.75,1.50
2021.12.14 19:03:17.551,1.12649,1.12651,0.75,0.64
2021.12.14 19:03:20.589,1.12649,1.12652,0.75,0.82
2021.12.14 19:03:22.871,1.12649,1.12651,1.50,0.75
2021.12.14 19:03:28.861,1.12648,1.1265,0.75,0.37
2021.12.14 19:03:29.152,1.12646,1.12649,1.50,0.82
2021.12.14 19:03:29.304,1.12646,1.1265,0.82,2.14
2021.12.14 19:03:29.406,1.12646,1.12649,0.75,0.10
2021.12.14 19:03:38.513,1.12646,1.1265,0.82,4.88
2021.12.14 19:03:39.174,1.12646,1.12649,0.90,0.37
2021.12.14 19:03:40.899,1.12645,1.12647,0.75,2.44
2021.12.14 19:03:40.950,1.12647,1.12649,0.75,5.21
2021.12.14 19:03:41.052,1.12646,1.12648,0.75,0.37
2021.12.14 19:03:41.154,1.12647,1.12648,0.75,1.13
2021.12.14 19:03:42.071,1.12646,1.1265,0.75,4.88
2021.12.14 19:03:42.172,1.12646,1.12649,0.75,0.10
2021.12.14 19:03:44.440,1.12647,1.12649,0.75,6.00
2021.12.14 19:03:44.542,1.12646,1.12649,0.75,0.10
2021.12.14 19:03:48.916,1.12646,1.12648,0.75,1.50
2021.12.14 19:03:54.826,1.12646,1.12648,0.82,0.82
2021.12.14 19:03:55.078,1.12645,1.12648,0.75,0.10
2021.12.14 19:03:55.179,1.12645,1.12649,0.82,0.82
2021.12.14 19:03:55.741,1.12646,1.12649,0.75,1.57
2021.12.14 19:03:55.842,1.12647,1.1265,0.10,2.70
2021.12.14 19:04:03.467,1.12647,1.12649,0.75,0.82
2021.12.14 19:04:03.518,1.12645,1.12649,0.75,0.82
2021.12.14 19:04:05.183,1.12646,1.12648,0.75,2.14
2021.12.14 19:04:05.843,1.12645,1.12647,0.75,0.10
2021.12.14 19:04:06.238,1.12643,1.12646,3.07,0.37
2021.12.14 19:04:06.796,1.12644,1.12648,0.90,0.45
2021.12.14 19:04:21.717,1.12647,1.12651,0.10,3.82
2021.12.14 19:04:21.869,1.12646,1.1265,3.82,0.45
2021.12.14 19:04:23.024,1.12647,1.1265,0.75,1.01
2021.12.14 19:04:23.125,1.12648,1.1265,0.82,3.64
2021.12.14 19:04:23.487,1.12647,1.1265,0.75,0.10
2021.12.14 19:04:28.437,1.12647,1.12649,0.75,1.50
2021.12.14 19:04:30.057,1.12647,1.1265,0.75,1.95
2021.12.14 19:04:30.158,1.12647,1.12651,0.75,5.25
2021.12.14 19:04:30.260,1.12647,1.1265,0.75,0.10
2021.12.14 19:04:31.689,1.12647,1.12651,0.82,4.13
2021.12.14 19:05:01.420,1.12648,1.12652,0.82,3.75
2021.12.14 19:05:05.474,1.12648,1.12651,0.75,0.37
2021.12.14 19:05:05.775,1.12648,1.12652,0.82,3.38
2021.12.14 19:05:06.918,1.12648,1.12651,0.75,0.10
2021.12.14 19:05:07.602,1.12648,1.12652,0.82,3.19
2021.12.14 19:05:07.922,1.12648,1.12651,0.75,0.75
2021.12.14 19:05:08.868,1.12648,1.1265,0.75,0.37
2021.12.14 19:05:14.015,1.12648,1.12651,0.75,0.75
2021.12.14 19:05:22.361,1.12647,1.12649,0.82,0.37
2021.12.14 19:05:23.329,1.12647,1.12651,0.75,1.20
2021.12.14 19:05:25.322,1.12647,1.1265,0.82,0.37
2021.12.14 19:05:28.491,1.12647,1.12649,0.75,0.45
2021.12.14 19:05:28.694,1.12645,1.12649,0.10,2.44
2021.12.14 19:05:28.795,1.12644,1.12649,1.20,2.44
2021.12.14 19:05:30.237,1.12647,1.12648,0.75,2.32
2021.12.14 19:05:30.470,1.12644,1.12649,0.82,3.19
2021.12.14 19:05:33.920,1.12647,1.12649,0.75,2.51
2021.12.14 19:05:37.122,1.12646,1.12649,0.75,0.37
2021.12.14 19:05:37.223,1.12646,1.1265,0.75,1.76
2021.12.14 19:05:43.344,1.12647,1.1265,0.75,0.45
2021.12.14 19:05:47.030,1.12647,1.12648,1.50,0.37
2021.12.14 19:05:52.144,1.12647,1.1265,0.75,1.76
2021.12.14 19:05:52.481,1.12645,1.12647,0.75,0.37
2021.12.14 19:05:52.583,1.12644,1.12647,0.75,1.50
2021.12.14 19:05:52.684,1.12644,1.12645,0.75,0.37
2021.12.14 19:05:52.786,1.12642,1.12645,0.75,2.51
2021.12.14 19:05:53.126,1.12642,1.12644,0.75,0.75
2021.12.14 19:05:54.092,1.12642,1.12645,0.75,3.26
2021.12.14 19:05:57.539,1.12642,1.12644,0.75,0.37
2021.12.14 19:05:58.709,1.12641,1.12644,0.75,0.37
2021.12.14 19:06:00.085,1.12642,1.12644,0.75,2.51
2021.12.14 19:06:05.848,1.12641,1.12646,0.75,4.88
2021.12.14 19:06:06.422,1.12641,1.12645,0.75,1.87
2021.12.14 19:06:07.451,1.12641,1.12644,1.50,0.37
2021.12.14 19:06:11.262,1.12641,1.12643,0.75,0.37
2021.12.14 19:06:11.414,1.12641,1.12644,0.75,0.37
2021.12.14 19:06:14.924,1.12641,1.12645,0.75,2.70
2021.12.14 19:06:16.924,1.12641,1.12644,0.75,0.86
2021.12.14 19:06:17.139,1.12642,1.12644,0.75,2.32
2021.12.14 19:06:20.523,1.12641,1.12644,0.75,0.37
2021.12.14 19:06:22.503,1.12641,1.12645,0.82,1.12
2021.12.14 19:06:32.561,1.12641,1.12644,0.75,0.75
2021.12.14 19:06:33.251,1.12641,1.12645,0.75,2.25
2021.12.14 19:06:43.555,1.12639,1.12643,2.32,0.37
2021.12.14 19:06:43.758,1.12641,1.12644,1.20,1.12
2021.12.14 19:06:43.860,1.1264,1.12644,1.57,1.12
2021.12.14 19:06:49.796,1.1264,1.12642,0.75,0.75
2021.12.14 19:06:49.847,1.12637,1.1264,4.87,0.37
2021.12.14 19:06:49.898,1.12636,1.12638,1.50,0.94
2021.12.14 19:06:50.307,1.12634,1.12638,3.75,1.01
2021.12.14 19:06:50.408,1.12634,1.12637,0.75,0.19
2021.12.14 19:06:50.903,1.12632,1.12637,2.25,2.25
2021.12.14 19:06:51.421,1.12632,1.12636,0.75,0.10
2021.12.14 19:06:52.686,1.12632,1.12637,0.75,3.00
2021.12.14 19:06:52.788,1.12633,1.12635,0.75,0.10
2021.12.14 19:06:54.701,1.12632,1.12635,0.75,0.37
2021.12.14 19:06:56.026,1.12632,1.12636,0.75,2.14
2021.12.14 19:07:02.128,1.12632,1.12635,0.75,0.37
2021.12.14 19:07:06.671,1.12632,1.12634,0.75,0.37
2021.12.14 19:07:08.014,1.12631,1.12634,0.75,0.37
2021.12.14 19:07:09.024,1.1263,1.12633,4.50,0.82
2021.12.14 19:07:09.177,1.12629,1.12633,0.75,1.57
2021.12.14 19:07:09.481,1.12629,1.12634,3.82,0.64
2021.12.14 19:07:09.886,1.1263,1.12634,2.70,0.37
2021.12.14 19:07:17.950,1.12632,1.12633,0.75,0.45
2021.12.14 19:07:18.052,1.12631,1.12636,4.50,3.60
2021.12.14 19:07:18.153,1.12631,1.12635,0.75,0.37
2021.12.14 19:07:20.609,1.12631,1.12634,0.75,0.10
2021.12.14 19:07:20.711,1.12631,1.12635,0.75,0.45
2021.12.14 19:07:21.455,1.12631,1.12636,1.95,3.94
2021.12.14 19:07:24.372,1.12631,1.12635,0.75,0.37
2021.12.14 19:07:25.547,1.12631,1.12634,0.75,0.75
2021.12.14 19:07:26.548,1.12631,1.12635,0.75,0.75
2021.12.14 19:07:27.584,1.12631,1.12634,0.75,0.37
2021.12.14 19:07:28.553,1.12631,1.12635,0.75,0.75
2021.12.14 19:07:44.248,1.12631,1.12634,0.75,0.37
2021.12.14 19:07:51.541,1.1263,1.12634,4.12,0.37
2021.12.14 19:07:53.249,1.12631,1.12634,4.87,2.51
2021.12.14 19:07:54.254,1.1263,1.12634,4.95,0.37
2021.12.14 19:07:56.866,1.12631,1.12634,4.95,1.39
2021.12.14 19:07:57.049,1.1263,1.12634,4.95,0.37
2021.12.14 19:08:03.155,1.12628,1.1263,2.02,0.75
2021.12.14 19:08:03.257,1.12627,1.12631,0.75,2.18
2021.12.14 19:08:07.709,1.12626,1.12631,0.75,2.63
2021.12.14 19:08:12.344,1.12627,1.12631,0.10,1.69
2021.12.14 19:08:22.606,1.12629,1.12632,0.37,1.57
2021.12.14 19:08:22.657,1.12627,1.12631,0.82,0.94
2021.12.14 19:08:24.538,1.12627,1.1263,0.82,0.37
2021.12.14 19:08:25.538,1.12627,1.12631,0.82,1.69
2021.12.14 19:08:27.581,1.12627,1.1263,0.82,0.37
2021.12.14 19:08:41.460,1.12625,1.12629,0.82,1.39
2021.12.14 19:08:44.104,1.12626,1.12629,0.75,0.10
2021.12.14 19:08:48.355,1.12624,1.12627,0.10,0.37
2021.12.14 19:08:48.456,1.12625,1.12628,0.10,0.37
2021.12.14 19:08:48.557,1.12626,1.12629,0.10,0.37
2021.12.14 19:08:52.693,1.12625,1.12629,3.82,0.45
2021.12.14 19:08:52.794,1.12626,1.12629,0.10,0.37
2021.12.14 19:08:52.895,1.12626,1.1263,0.10,0.75
2021.12.14 19:08:55.153,1.12626,1.12629,0.10,0.37
2021.12.14 19:08:59.582,1.12626,1.1263,0.82,0.82
2021.12.14 19:09:00.233,1.12627,1.1263,0.82,0.75
2021.12.14 19:09:00.385,1.12629,1.12633,0.82,7.28
2021.12.14 19:09:00.486,1.12628,1.12632,0.82,1.12
2021.12.14 19:09:00.789,1.1263,1.12633,0.82,0.37
2021.12.14 19:09:01.376,1.1263,1.12634,0.82,1.76
2021.12.14 19:09:01.586,1.12631,1.12634,0.75,1.76
2021.12.14 19:09:05.433,1.1263,1.12634,0.82,1.01
2021.12.14 19:09:10.757,1.12632,1.12634,0.10,0.75
2021.12.14 19:09:10.858,1.12632,1.12635,0.10,2.36
2021.12.14 19:09:11.186,1.12631,1.12635,0.10,2.36
2021.12.14 19:09:11.287,1.12632,1.12635,0.10,1.50
2021.12.14 19:09:12.759,1.12632,1.12636,0.10,4.50
2021.12.14 19:09:12.975,1.12633,1.12634,0.10,0.37
2021.12.14 19:09:14.956,1.12631,1.12635,3.82,0.19
2021.12.14 19:09:15.398,1.12632,1.12635,0.10,0.37
2021.12.14 19:09:15.500,1.12631,1.12635,0.82,0.37
2021.12.14 19:09:19.374,1.12632,1.12635,0.82,4.50
2021.12.14 19:09:20.877,1.1263,1.12633,0.75,1.39
2021.12.14 19:09:25.722,1.12629,1.12633,3.82,0.45
2021.12.14 19:09:26.122,1.12629,1.12632,0.75,0.10
2021.12.14 19:09:26.436,1.12629,1.1263,0.75,0.10
2021.12.14 19:09:28.193,1.12628,1.12632,0.82,3.00
2021.12.14 19:09:29.964,1.12628,1.12631,0.75,0.10
2021.12.14 19:09:31.757,1.12627,1.12631,0.82,1.31
2021.12.14 19:09:32.163,1.12628,1.12632,0.10,3.38
2021.12.14 19:09:32.467,1.1263,1.12633,0.75,6.34
2021.12.14 19:09:32.619,1.1263,1.12634,0.10,1.57
2021.12.14 19:09:34.451,1.1263,1.12633,0.10,0.86
2021.12.14 19:09:34.553,1.1263,1.12634,0.10,3.07
2021.12.14 19:09:38.011,1.12632,1.12633,0.75,0.82
2021.12.14 19:09:39.453,1.12629,1.12633,0.82,0.75
2021.12.14 19:09:39.604,1.1263,1.12633,0.10,0.37
2021.12.14 19:09:39.706,1.12629,1.12633,0.82,0.45
2021.12.14 19:09:43.708,1.1263,1.12633,0.75,0.10
2021.12.14 19:09:45.554,1.12631,1.12634,0.90,1.12
2021.12.14 19:09:45.923,1.12631,1.12635,0.75,1.87
2021.12.14 19:09:46.025,1.12632,1.12635,0.75,2.14
2021.12.14 19:09:46.177,1.12632,1.12634,0.75,0.10
2021.12.14 19:09:46.442,1.12632,1.12635,0.75,0.37
2021.12.14 19:09:46.694,1.12632,1.12634,0.75,0.10
2021.12.14 19:09:49.757,1.12631,1.12634,0.75,0.37
2021.12.14 19:09:50.049,1.12631,1.12635,0.75,3.64
2021.12.14 19:09:50.598,1.12631,1.12634,0.75,0.10
2021.12.14 19:09:52.259,1.12631,1.12635,0.75,3.26
2021.12.14 19:09:52.360,1.12631,1.12634,0.75,0.10
2021.12.14 19:09:58.494,1.12631,1.12635,0.75,4.05
2021.12.14 19:09:58.848,1.12631,1.12634,0.75,0.10
2021.12.14 19:09:58.949,1.12631,1.12635,0.75,1.87
2021.12.14 19:10:01.922,1.12632,1.12635,0.75,1.57
2021.12.14 19:10:04.633,1.12632,1.12636,0.75,1.95
2021.12.14 19:10:04.753,1.12632,1.12635,0.75,0.10
2021.12.14 19:10:06.355,1.12631,1.12635,0.82,0.10
2021.12.14 19:10:06.661,1.12631,1.12634,0.75,0.10
2021.12.14 19:10:06.762,1.12631,1.12635,0.75,2.14
2021.12.14 19:10:06.863,1.12632,1.12633,0.75,0.10
2021.12.14 19:10:06.972,1.12631,1.12635,0.75,2.14
2021.12.14 19:10:07.073,1.1263,1.12634,3.82,0.10
2021.12.14 19:10:09.426,1.1263,1.12635,0.75,6.00
2021.12.14 19:10:09.637,1.1263,1.12634,0.75,0.10
2021.12.14 19:10:11.155,1.1263,1.12633,0.75,1.57
2021.12.14 19:10:12.207,1.12629,1.12632,1.50,1.57
2021.12.14 19:10:14.157,1.12629,1.12631,1.50,0.75
2021.12.14 19:10:18.267,1.12629,1.12632,1.50,2.32
2021.12.14 19:10:18.368,1.12629,1.12633,1.87,2.44
2021.12.14 19:10:18.499,1.12629,1.12631,0.75,0.75
2021.12.14 19:10:18.650,1.12628,1.12631,0.82,0.75
2021.12.14 19:10:19.204,1.12631,1.12632,0.75,0.26
2021.12.14 19:10:20.177,1.12629,1.12633,0.75,1.13
2021.12.14 19:10:20.278,1.12629,1.12631,0.75,0.75
2021.12.14 19:10:21.928,1.12628,1.12631,0.75,0.75
2021.12.14 19:10:22.417,1.12628,1.12632,0.75,1.01
2021.12.14 19:10:24.199,1.12628,1.12631,0.75,0.37
2021.12.14 19:10:26.201,1.12628,1.12632,0.75,2.06
2021.12.14 19:10:27.351,1.12629,1.1263,0.75,0.10
2021.12.14 19:10:32.657,1.12628,1.1263,0.75,1.57
2021.12.14 19:10:36.508,1.12627,1.1263,0.75,1.57
2021.12.14 19:10:38.557,1.12625,1.12628,0.75,1.95
2021.12.14 19:10:38.709,1.12625,1.12627,0.75,1.57
2021.12.14 19:10:38.811,1.12625,1.12628,0.75,1.57
2021.12.14 19:10:38.913,1.12626,1.12627,0.75,1.57
2021.12.14 19:10:39.734,1.12624,1.12627,5.62,1.57
2021.12.14 19:10:39.936,1.12624,1.12626,1.50,0.75
2021.12.14 19:10:40.038,1.12623,1.12626,1.57,2.32
2021.12.14 19:10:41.262,1.12621,1.12624,0.82,2.32
2021.12.14 19:10:41.364,1.12622,1.12625,0.10,1.57
2021.12.14 19:10:41.667,1.12623,1.12626,0.82,2.51
2021.12.14 19:10:43.889,1.12623,1.12625,0.82,1.57
2021.12.14 19:10:49.420,1.12622,1.12625,0.82,1.57
2021.12.14 19:10:54.798,1.1262,1.12623,6.15,1.76
2021.12.14 19:10:54.949,1.12621,1.12623,0.75,1.57
2021.12.14 19:10:59.798,1.12621,1.12624,0.75,2.32
2021.12.14 19:11:02.160,1.12621,1.12623,0.75,1.57
2021.12.14 19:11:06.393,1.12619,1.12622,1.50,1.57
2021.12.14 19:11:06.495,1.1262,1.12622,2.25,1.57
2021.12.14 19:11:13.097,1.1262,1.12623,2.25,0.10
2021.12.14 19:11:14.892,1.12619,1.12622,1.50,0.10
2021.12.14 19:11:16.035,1.12619,1.12623,0.75,1.01
2021.12.14 19:11:16.680,1.12621,1.12622,0.75,0.82
2021.12.14 19:11:17.433,1.12618,1.1262,0.75,1.50
2021.12.14 19:11:17.484,1.12616,1.12619,0.82,0.94
2021.12.14 19:11:17.586,1.12615,1.12619,0.75,3.11
2021.12.14 19:11:17.738,1.12615,1.12618,0.75,3.75
2021.12.14 19:11:17.789,1.12612,1.12614,4.50,1.76
2021.12.14 19:11:17.840,1.12611,1.12612,3.75,1.50
2021.12.14 19:11:17.942,1.12607,1.12611,0.75,2.06
2021.12.14 19:11:17.993,1.12606,1.12608,0.75,0.82
2021.12.14 19:11:18.094,1.12605,1.12608,0.75,0.82
2021.12.14 19:11:18.624,1.12605,1.12609,0.75,0.75
2021.12.14 19:11:19.019,1.12607,1.12608,0.67,1.50
2021.12.14 19:11:19.603,1.12605,1.12609,0.75,1.50
2021.12.14 19:11:20.120,1.12605,1.1261,3.05,0.10
2021.12.14 19:11:20.222,1.12607,1.12611,0.75,3.26
2021.12.14 19:11:20.453,1.12607,1.1261,0.75,0.10
2021.12.14 19:11:20.555,1.12607,1.12611,0.75,1.57
2021.12.14 19:11:20.690,1.12607,1.1261,0.75,0.10
2021.12.14 19:11:27.011,1.12607,1.12611,0.75,1.76
2021.12.14 19:11:29.155,1.12608,1.12611,6.82,0.37
2021.12.14 19:11:29.256,1.12609,1.12611,0.75,0.37
2021.12.14 19:11:29.912,1.12609,1.12612,0.75,1.01
2021.12.14 19:11:30.366,1.12609,1.12613,0.75,0.45
2021.12.14 19:11:32.579,1.1261,1.12614,3.75,0.82
2021.12.14 19:11:33.425,1.12611,1.12612,0.75,0.10
2021.12.14 19:11:44.500,1.1261,1.12614,1.50,0.82
2021.12.14 19:11:46.628,1.12609,1.12612,0.75,0.37
2021.12.14 19:11:50.221,1.12608,1.12612,3.75,0.22
2021.12.14 19:11:50.322,1.12608,1.12611,0.75,0.22
2021.12.14 19:11:54.195,1.12607,1.12611,3.75,0.45
2021.12.14 19:11:56.386,1.12607,1.1261,3.75,0.37
2021.12.14 19:11:59.982,1.12604,1.12609,1.57,1.50
2021.12.14 19:12:00.285,1.12606,1.12608,0.10,0.64
2021.12.14 19:12:00.821,1.12604,1.12609,4.50,0.64
2021.12.14 19:12:02.041,1.12605,1.12609,0.75,0.64
2021.12.14 19:12:10.056,1.12606,1.12609,0.15,0.45
2021.12.14 19:12:17.833,1.12606,1.1261,0.90,2.25
2021.12.14 19:12:22.437,1.12607,1.12611,0.82,2.06
2021.12.14 19:12:22.539,1.12607,1.1261,0.75,0.10
2021.12.14 19:12:25.757,1.12608,1.1261,0.75,0.10
2021.12.14 19:12:27.338,1.12608,1.12611,0.75,1.13
2021.12.14 19:12:30.779,1.12608,1.12612,3.00,0.82
2021.12.14 19:12:30.880,1.12609,1.12612,0.15,1.69
2021.12.14 19:12:34.396,1.12609,1.12613,0.75,1.31
2021.12.14 19:12:37.658,1.1261,1.12613,0.75,1.24
2021.12.14 19:12:38.588,1.12608,1.12613,1.57,0.94
2021.12.14 19:12:40.007,1.12608,1.12612,0.75,0.75
2021.12.14 19:12:40.143,1.12609,1.12612,0.75,0.75
2021.12.14 19:12:52.757,1.12608,1.12612,0.75,2.06
2021.12.14 19:12:52.923,1.1261,1.12614,5.62,2.25
2021.12.14 19:12:53.226,1.1261,1.12613,0.75,0.10
2021.12.14 19:12:53.766,1.1261,1.12614,0.75,1.57
2021.12.14 19:12:53.933,1.1261,1.12613,0.75,0.37
2021.12.14 19:12:54.952,1.12611,1.12613,0.75,1.57
2021.12.14 19:12:55.100,1.1261,1.12613,0.75,0.86
2021.12.14 19:12:55.531,1.1261,1.12614,0.75,1.57
2021.12.14 19:12:58.685,1.1261,1.12613,0.75,0.10
2021.12.14 19:12:58.786,1.1261,1.12614,0.75,1.20
2021.12.14 19:13:00.256,1.12609,1.12614,3.75,1.20
2021.12.14 19:13:00.358,1.1261,1.12614,0.75,0.82
2021.12.14 19:13:03.565,1.12609,1.12614,5.02,0.82
2021.12.14 19:13:13.965,1.1261,1.12614,0.75,1.57
2021.12.14 19:13:14.066,1.12609,1.12614,5.25,1.57
2021.12.14 19:13:16.613,1.12609,1.12612,0.75,1.69
2021.12.14 19:13:16.715,1.12609,1.12613,1.12,0.82
2021.12.14 19:13:17.597,1.1261,1.12613,0.75,0.82
2021.12.14 19:13:18.609,1.12609,1.12613,5.25,0.75
2021.12.14 19:13:20.426,1.1261,1.12614,1.12,0.45
2021.12.14 19:13:23.341,1.1261,1.12615,2.92,5.44
2021.12.14 19:13:23.843,1.12612,1.12614,5.92,1.20
2021.12.14 19:13:25.324,1.12611,1.12614,0.75,0.37
2021.12.14 19:13:27.011,1.12611,1.12615,2.17,1.95
2021.12.14 19:13:29.232,1.12611,1.12614,1.05,0.37
2021.12.14 19:13:31.656,1.12609,1.12613,3.15,0.94
2021.12.14 19:13:31.758,1.12608,1.12611,0.75,0.82
2021.12.14 19:13:31.960,1.12608,1.1261,0.75,0.37
2021.12.14 19:13:33.113,1.12607,1.1261,0.75,0.45
2021.12.14 19:13:33.164,1.12604,1.12607,5.25,0.75
2021.12.14 19:13:34.764,1.12604,1.12609,4.50,1.20
2021.12.14 19:13:36.910,1.12603,1.12606,0.75,2.14
2021.12.14 19:13:37.456,1.12603,1.12607,1.50,3.22
2021.12.14 19:13:37.557,1.12604,1.12608,0.75,1.20
2021.12.14 19:13:39.812,1.12604,1.12607,3.00,0.75
2021.12.14 19:13:41.366,1.12605,1.12607,0.75,0.75
2021.12.14 19:13:41.467,1.12604,1.12607,4.87,0.75
2021.12.14 19:13:44.664,1.12603,1.12608,3.75,1.20
2021.12.14 19:13:44.766,1.12603,1.12607,0.75,0.10
2021.12.14 19:13:44.883,1.12603,1.12606,0.75,0.37
2021.12.14 19:13:47.695,1.12601,1.12606,1.87,2.44
2021.12.14 19:13:47.797,1.12601,1.12604,1.50,0.82
2021.12.14 19:13:48.202,1.12601,1.12605,0.75,4.65
2021.12.14 19:13:55.540,1.126,1.12603,2.25,0.37
2021.12.14 19:13:55.641,1.126,1.12604,2.25,1.57
2021.12.14 19:14:02.606,1.126,1.12603,2.25,0.10
2021.12.14 19:14:05.724,1.12599,1.12603,3.75,3.52
2021.12.14 19:14:20.074,1.12597,1.12601,3.37,1.57
2021.12.14 19:14:20.175,1.126,1.12604,1.12,3.19
2021.12.14 19:14:20.277,1.12601,1.12604,3.45,3.19
2021.12.14 19:14:34.416,1.126,1.12604,1.50,0.37
2021.12.14 19:14:40.046,1.126,1.12602,1.50,0.75
2021.12.14 19:14:40.147,1.126,1.12603,0.75,1.12
2021.12.14 19:14:40.556,1.126,1.12604,0.75,2.63
2021.12.14 19:14:44.662,1.126,1.12603,0.75,0.37
2021.12.14 19:14:45.609,1.12599,1.12603,0.37,0.64
2021.12.14 19:14:45.710,1.126,1.12603,0.75,0.26
2021.12.14 19:14:45.811,1.12601,1.12603,0.75,2.63
2021.12.14 19:14:50.142,1.12598,1.12602,4.50,0.37
2021.12.14 19:14:50.244,1.12599,1.12603,0.75,1.39
2021.12.14 19:14:51.613,1.12598,1.12602,1.50,1.57
2021.12.14 19:14:52.724,1.12598,1.12601,1.50,0.82
2021.12.14 19:14:52.826,1.12598,1.12602,2.25,0.75
2021.12.14 19:14:54.884,1.12599,1.12603,0.75,1.57
2021.12.14 19:14:58.708,1.126,1.12602,0.75,1.57
2021.12.14 19:14:59.747,1.12599,1.12601,0.75,0.75
2021.12.14 19:14:59.849,1.12598,1.12602,0.75,1.50
2021.12.14 19:15:00.001,1.126,1.12602,0.75,0.75
2021.12.14 19:15:00.102,1.12601,1.12603,0.75,7.50
2021.12.14 19:15:04.610,1.12599,1.12603,0.75,0.82
2021.12.14 19:15:07.464,1.12599,1.12602,0.75,0.10
2021.12.14 19:15:10.821,1.12599,1.12603,0.75,0.82
2021.12.14 19:15:10.922,1.12599,1.12602,0.75,0.10
2021.12.14 19:15:14.019,1.12598,1.12602,3.94,0.10
2021.12.14 19:15:14.120,1.12599,1.12602,0.75,0.10
2021.12.14 19:15:14.298,1.12601,1.12603,0.75,0.45
2021.12.14 19:15:16.575,1.12599,1.12602,0.75,0.10
2021.12.14 19:15:16.679,1.12599,1.12603,0.75,0.10
2021.12.14 19:15:16.729,1.12601,1.12603,0.75,0.10
2021.12.14 19:15:23.697,1.12599,1.12602,0.75,0.10
2021.12.14 19:15:23.799,1.126,1.12603,0.75,0.10
2021.12.14 19:15:32.966,1.126,1.12604,0.75,0.45
2021.12.14 19:15:35.837,1.12601,1.12604,0.75,0.10
2021.12.14 19:15:36.005,1.12601,1.12605,0.75,1.31
2021.12.14 19:15:36.620,1.12606,1.12608,0.75,3.90
2021.12.14 19:15:36.722,1.12606,1.12609,2.06,0.94
2021.12.14 19:15:36.773,1.12608,1.12611,0.75,0.10
2021.12.14 19:15:45.153,1.12608,1.12612,0.75,5.14
2021.12.14 19:15:46.578,1.12609,1.12612,0.75,0.10
2021.12.14 19:15:46.680,1.12612,1.12616,0.75,1.39
2021.12.14 19:15:46.782,1.12612,1.12615,0.75,0.75
2021.12.14 19:15:46.883,1.12613,1.12615,0.75,1.39
2021.12.14 19:15:49.392,1.12613,1.12616,0.75,0.75
2021.12.14 19:15:49.494,1.12614,1.12617,0.75,1.76
2021.12.14 19:15:51.001,1.12614,1.12618,0.75,1.69
2021.12.14 19:15:51.153,1.12615,1.12619,1.01,3.52
2021.12.14 19:15:51.254,1.12616,1.12619,0.75,0.10
2021.12.14 19:15:51.406,1.12616,1.1262,0.75,1.31
2021.12.14 19:15:52.726,1.12617,1.1262,0.75,0.94
2021.12.14 19:15:56.790,1.12618,1.12621,0.75,0.82
2021.12.14 19:15:57.572,1.12618,1.1262,0.75,0.10
2021.12.14 19:15:57.673,1.12618,1.12621,1.27,0.10
2021.12.14 19:15:58.912,1.12619,1.12623,4.31,2.77
2021.12.14 19:15:59.014,1.12622,1.12624,0.75,0.82
2021.12.14 19:15:59.115,1.12623,1.12625,0.75,0.37
2021.12.14 19:15:59.267,1.12624,1.12625,0.75,0.10
2021.12.14 19:15:59.318,1.12625,1.12628,0.10,1.12
2021.12.14 19:15:59.419,1.12628,1.1263,0.10,2.40
2021.12.14 19:15:59.470,1.12632,1.12633,0.75,0.82
2021.12.14 19:15:59.571,1.1263,1.12635,0.75,0.82
2021.12.14 19:15:59.622,1.12633,1.12635,0.75,0.10
2021.12.14 19:15:59.673,1.12629,1.12633,1.12,0.10
2021.12.14 19:15:59.724,1.12631,1.12633,0.75,0.10
2021.12.14 19:15:59.825,1.12629,1.12633,0.75,0.10
2021.12.14 19:16:00.088,1.12629,1.12632,0.75,0.10
2021.12.14 19:16:00.240,1.12629,1.12633,0.75,0.45
2021.12.14 19:16:00.392,1.12629,1.12632,0.75,0.10
2021.12.14 19:16:00.547,1.12629,1.12633,0.75,0.45
2021.12.14 19:16:03.627,1.12632,1.12634,0.75,0.75
2021.12.14 19:16:03.729,1.12634,1.12637,0.75,0.45
2021.12.14 19:16:03.830,1.12634,1.12638,0.82,2.47
2021.12.14 19:16:03.931,1.12634,1.12637,0.75,0.10
2021.12.14 19:16:04.035,1.12634,1.12638,0.75,0.82
2021.12.14 19:16:07.177,1.12635,1.12639,0.19,0.82
2021.12.14 19:16:07.278,1.12634,1.12638,0.75,1.20
2021.12.14 19:16:07.329,1.12637,1.1264,0.75,0.82
2021.12.14 19:16:07.430,1.12637,1.12639,0.75,0.10
2021.12.14 19:16:07.632,1.12634,1.12638,1.57,0.10
2021.12.14 19:16:08.841,1.12634,1.12637,0.75,0.10
2021.12.14 19:16:10.576,1.12634,1.12636,0.75,0.10
2021.12.14 19:16:10.677,1.12634,1.12637,0.75,4.76
2021.12.14 19:16:10.880,1.12634,1.12635,0.75,0.82
2021.12.14 19:16:10.981,1.12633,1.12637,0.75,3.45
2021.12.14 19:16:11.133,1.12633,1.12636,0.75,0.45
2021.12.14 19:16:11.286,1.12633,1.12637,0.75,1.69
2021.12.14 19:16:11.337,1.12636,1.12639,0.75,1.27
2021.12.14 19:16:11.438,1.12638,1.1264,0.75,0.10
2021.12.14 19:16:11.539,1.12639,1.12642,0.75,0.82
2021.12.14 19:16:11.641,1.12639,1.12643,1.20,0.10
2021.12.14 19:16:11.742,1.1264,1.12643,0.75,0.10
2021.12.14 19:16:12.868,1.1264,1.12642,0.75,0.45
2021.12.14 19:16:15.052,1.12637,1.12641,0.37,0.10
2021.12.14 19:16:15.154,1.12637,1.12639,0.75,0.10
2021.12.14 19:16:15.205,1.12635,1.12638,1.50,0.10
2021.12.14 19:16:17.836,1.12634,1.12638,0.75,0.10
2021.12.14 19:16:18.825,1.12635,1.12638,0.75,0.10
2021.12.14 19:16:20.687,1.12639,1.12641,0.75,0.75
2021.12.14 19:16:20.788,1.1264,1.12641,0.75,0.10
2021.12.14 19:16:20.839,1.12641,1.12644,0.75,6.19
2021.12.14 19:16:20.941,1.12643,1.12645,0.75,1.57
2021.12.14 19:16:23.834,1.1264,1.12643,0.75,0.10
2021.12.14 19:16:25.402,1.1264,1.12642,0.75,0.10
2021.12.14 19:16:27.624,1.1264,1.12643,0.75,0.82
2021.12.14 19:16:33.952,1.1264,1.12642,0.75,0.10
2021.12.14 19:16:34.741,1.12638,1.12642,1.50,0.10
2021.12.14 19:16:36.633,1.12638,1.12643,1.50,1.69
2021.12.14 19:16:40.322,1.12638,1.12642,4.50,0.10
2021.12.14 19:16:43.795,1.12639,1.12642,0.75,0.10
2021.12.14 19:16:43.914,1.12638,1.12642,0.75,0.10
2021.12.14 19:16:51.177,1.12637,1.12641,0.75,3.82
2021.12.14 19:16:53.017,1.12637,1.1264,0.75,0.67
2021.12.14 19:16:53.270,1.12637,1.12641,0.75,3.82
2021.12.14 19:16:54.170,1.12637,1.1264,0.75,0.67
2021.12.14 19:16:54.271,1.12638,1.12642,2.14,2.40
2021.12.14 19:16:54.372,1.12638,1.12643,2.14,3.11
2021.12.14 19:16:56.206,1.12639,1.12643,0.10,2.06
2021.12.14 19:16:56.408,1.12638,1.12643,2.14,2.06
2021.12.14 19:16:59.679,1.12638,1.12642,6.64,0.67
2021.12.14 19:17:01.791,1.12637,1.12641,1.20,1.80
2021.12.14 19:17:01.892,1.12638,1.12642,1.01,1.05
2021.12.14 19:17:02.514,1.12638,1.12643,1.01,5.32
2021.12.14 19:17:04.556,1.12638,1.12641,0.75,1.87
2021.12.14 19:17:04.658,1.12638,1.12642,3.82,0.82
2021.12.14 19:17:05.091,1.12637,1.1264,0.10,2.74
2021.12.14 19:17:05.141,1.12635,1.12639,3.52,3.56
2021.12.14 19:17:05.243,1.12635,1.12638,0.75,4.61
2021.12.14 19:17:05.353,1.12636,1.12639,0.94,0.94
2021.12.14 19:17:05.455,1.12636,1.1264,0.94,6.19
2021.12.14 19:17:06.192,1.12636,1.12639,0.94,2.74
2021.12.14 19:17:10.459,1.12635,1.12639,0.75,0.37
2021.12.14 19:17:14.409,1.12635,1.12638,0.75,0.30
2021.12.14 19:17:15.609,1.12634,1.12637,0.75,0.30
2021.12.14 19:17:15.812,1.12633,1.12637,0.75,3.75
2021.12.14 19:17:16.330,1.12633,1.12638,0.75,1.24
2021.12.14 19:17:17.514,1.12633,1.12637,0.75,3.75
2021.12.14 19:17:20.712,1.12633,1.12638,0.75,5.06
2021.12.14 19:17:22.234,1.12633,1.12637,0.75,0.86
2021.12.14 19:17:24.030,1.12633,1.12638,0.75,8.21
2021.12.14 19:17:24.182,1.12633,1.12637,0.75,0.86
2021.12.14 19:17:26.204,1.12633,1.12638,0.75,5.44
2021.12.14 19:17:26.354,1.12634,1.12636,0.75,0.86
2021.12.14 19:17:26.468,1.12633,1.12635,0.75,0.10
2021.12.14 19:17:26.569,1.12632,1.12636,0.75,8.40
2021.12.14 19:17:26.722,1.12633,1.12634,0.75,0.10
2021.12.14 19:17:26.987,1.12632,1.12636,0.75,4.65
2021.12.14 19:17:35.027,1.12632,1.12635,0.75,0.37
2021.12.14 19:17:36.237,1.1263,1.12633,3.00,1.20
2021.12.14 19:17:36.338,1.12627,1.1263,2.77,0.37
2021.12.14 19:17:37.736,1.12626,1.1263,0.82,0.37
2021.12.14 19:17:38.812,1.12628,1.12631,0.82,1.99
2021.12.14 19:17:45.584,1.12627,1.12631,1.01,2.81
2021.12.14 19:17:45.852,1.12627,1.1263,1.01,3.56
2021.12.14 19:17:45.953,1.12626,1.1263,1.01,0.10
2021.12.14 19:17:57.863,1.12624,1.12628,1.39,1.12
2021.12.14 19:17:57.965,1.12623,1.12627,1.27,1.24
2021.12.14 19:17:58.494,1.12623,1.12626,0.10,0.86
2021.12.14 19:17:58.905,1.12622,1.12626,0.82,0.86
2021.12.14 19:17:59.610,1.1262,1.12624,3.41,0.86
2021.12.14 19:17:59.762,1.12621,1.12625,0.26,2.36
2021.12.14 19:17:59.863,1.12621,1.12626,0.26,3.60
2021.12.14 19:18:00.427,1.12621,1.12625,0.26,2.44
2021.12.14 19:18:03.381,1.12621,1.12624,0.26,0.10
2021.12.14 19:18:06.473,1.1262,1.12623,0.94,0.45
2021.12.14 19:18:06.624,1.1262,1.12624,0.94,0.45
2021.12.14 19:18:06.726,1.12621,1.12625,0.19,0.86
2021.12.14 19:18:06.987,1.1262,1.12624,1.01,0.10
2021.12.14 19:18:07.099,1.12621,1.12625,0.19,1.76
2021.12.14 19:18:12.848,1.1262,1.12621,0.94,0.10
2021.12.14 19:18:12.949,1.12619,1.12623,0.94,0.15
2021.12.14 19:18:17.389,1.12616,1.1262,0.75,0.75
2021.12.14 19:18:17.541,1.12616,1.12621,1.69,4.24
2021.12.14 19:18:19.183,1.12616,1.12619,0.94,1.39
2021.12.14 19:18:19.284,1.12615,1.12619,0.94,1.01
2021.12.14 19:18:20.492,1.12617,1.12619,0.94,2.36
2021.12.14 19:18:20.697,1.12616,1.12619,0.19,0.86
2021.12.14 19:18:20.849,1.12616,1.1262,0.19,1.69
2021.12.14 19:18:21.572,1.12616,1.12621,0.94,5.96
2021.12.14 19:18:23.692,1.12616,1.1262,0.94,0.86
2021.12.14 19:18:24.469,1.12616,1.12621,0.94,2.06
2021.12.14 19:18:24.741,1.12617,1.12621,0.75,2.06
2021.12.14 19:18:27.252,1.12617,1.1262,0.75,0.37
2021.12.14 19:18:36.659,1.12617,1.12619,0.75,0.75
2021.12.14 19:18:36.769,1.12616,1.12619,0.75,0.37
2021.12.14 19:18:37.697,1.12616,1.1262,0.75,0.45
2021.12.14 19:18:38.534,1.12616,1.12621,0.75,2.06
2021.12.14 19:18:38.743,1.12616,1.1262,0.75,0.10
2021.12.14 19:18:40.082,1.12614,1.12618,3.79,1.95
2021.12.14 19:18:40.183,1.12614,1.12617,0.75,1.57
2021.12.14 19:18:57.060,1.12612,1.12615,3.34,1.50
2021.12.14 19:18:57.161,1.12611,1.12614,0.75,0.10
2021.12.14 19:18:58.039,1.12612,1.12614,0.75,1.61
2021.12.14 19:18:58.140,1.12613,1.12616,0.94,2.77
2021.12.14 19:18:58.935,1.12613,1.12615,0.75,0.37
2021.12.14 19:18:59.634,1.12611,1.12615,3.97,1.12
2021.12.14 19:18:59.786,1.12611,1.12614,0.75,0.10
2021.12.14 19:19:00.235,1.12611,1.12615,0.75,2.32
2021.12.14 19:19:00.337,1.12611,1.12614,0.75,0.10
2021.12.14 19:19:02.058,1.12611,1.12615,0.75,2.32
2021.12.14 19:19:03.495,1.12611,1.12614,0.75,0.10
2021.12.14 19:19:03.907,1.12611,1.12615,0.75,5.25
2021.12.14 19:19:04.970,1.12612,1.12615,1.50,0.37
2021.12.14 19:19:05.021,1.12615,1.12617,1.57,2.40
2021.12.14 19:19:05.122,1.12616,1.12619,0.75,4.50
2021.12.14 19:19:07.771,1.12615,1.12619,0.75,1.20
2021.12.14 19:19:08.786,1.12616,1.12619,0.30,1.12
2021.12.14 19:19:09.530,1.12617,1.12619,0.75,0.94
2021.12.14 19:19:19.494,1.12617,1.1262,0.60,0.10
2021.12.14 19:19:19.754,1.12618,1.12622,1.35,2.32
2021.12.14 19:19:20.007,1.12619,1.1262,0.75,1.50
2021.12.14 19:19:21.442,1.12618,1.12619,0.75,1.95
2021.12.14 19:19:23.348,1.12616,1.1262,0.75,4.87
2021.12.14 19:19:23.878,1.12614,1.12618,0.75,5.85
2021.12.14 19:19:23.979,1.12613,1.12617,1.50,0.82
2021.12.14 19:19:28.956,1.12615,1.12617,0.75,3.75
2021.12.14 19:19:31.979,1.12613,1.12617,0.75,4.99
2021.12.14 19:19:32.607,1.12615,1.12617,0.75,4.50
2021.12.14 19:19:33.211,1.12613,1.12617,0.75,5.36
2021.12.14 19:19:33.698,1.12615,1.12617,0.75,4.50
2021.12.14 19:19:34.278,1.12612,1.12614,0.75,1.57
2021.12.14 19:19:35.314,1.1261,1.12613,0.75,0.37
2021.12.14 19:19:37.847,1.1261,1.12612,0.75,5.36
2021.12.14 19:19:37.948,1.12607,1.12611,2.44,0.37
2021.12.14 19:19:40.392,1.12608,1.12609,0.75,1.99
2021.12.14 19:19:43.519,1.12607,1.12611,0.75,3.15
2021.12.14 19:19:44.602,1.12607,1.1261,0.75,0.86
2021.12.14 19:19:49.683,1.12606,1.12609,3.75,0.10
2021.12.14 19:19:49.935,1.12606,1.1261,0.75,1.31
2021.12.14 19:19:54.564,1.12607,1.12608,0.75,0.10
2021.12.14 19:19:55.136,1.12606,1.1261,0.75,3.19
2021.12.14 19:19:56.752,1.12606,1.12609,0.75,0.45
2021.12.14 19:19:56.903,1.12606,1.1261,0.94,1.31
2021.12.14 19:19:57.106,1.12607,1.1261,0.75,0.37
2021.12.14 19:20:03.071,1.12608,1.1261,0.75,1.69
2021.12.14 19:20:03.173,1.12608,1.12611,0.82,0.37
2021.12.14 19:20:03.745,1.12608,1.12612,0.82,0.10
2021.12.14 19:20:04.131,1.12608,1.12613,2.14,1.69
2021.12.14 19:20:04.296,1.12609,1.12613,0.75,1.31
2021.12.14 19:20:15.616,1.12608,1.12611,0.37,0.10
2021.12.14 19:20:15.718,1.12607,1.12609,1.76,0.10
2021.12.14 19:20:18.109,1.12606,1.12609,0.94,0.10
2021.12.14 19:20:18.401,1.12606,1.1261,0.94,2.06
2021.12.14 19:20:22.850,1.12606,1.12611,2.14,0.45
2021.12.14 19:20:25.188,1.12608,1.12611,0.75,0.94
2021.12.14 19:20:25.289,1.1261,1.12612,1.31,2.77
2021.12.14 19:20:25.391,1.12611,1.12614,0.19,0.45
2021.12.14 19:20:26.261,1.1261,1.12613,1.31,0.10
2021.12.14 19:20:26.383,1.1261,1.12614,1.31,0.45
2021.12.14 19:20:26.484,1.1261,1.12613,1.31,0.10
2021.12.14 19:20:27.500,1.12611,1.12613,1.31,0.45
2021.12.14 19:20:27.602,1.12607,1.12609,2.02,2.25
2021.12.14 19:20:27.652,1.12604,1.12608,4.50,0.10
2021.12.14 19:20:27.754,1.12604,1.12607,4.50,0.10
2021.12.14 19:20:30.125,1.12605,1.12607,0.75,4.61
2021.12.14 19:20:30.426,1.12605,1.12606,0.75,0.10
2021.12.14 19:20:31.722,1.12603,1.12607,2.51,0.10
2021.12.14 19:20:41.814,1.12603,1.12606,0.56,0.10
2021.12.14 19:20:44.104,1.12602,1.12606,0.75,0.94
2021.12.14 19:20:54.920,1.12602,1.12605,0.75,0.37
2021.12.14 19:20:57.969,1.12601,1.12604,0.75,0.10
2021.12.14 19:20:58.070,1.126,1.12605,4.01,2.06
2021.12.14 19:20:58.172,1.12601,1.12605,1.57,0.45
2021.12.14 19:20:58.374,1.12603,1.12607,5.51,0.10
2021.12.14 19:20:58.526,1.12603,1.12608,7.69,0.45
2021.12.14 19:20:59.051,1.12604,1.12608,0.75,0.45
2021.12.14 19:21:13.473,1.12605,1.12609,2.89,0.45
2021.12.14 19:21:16.138,1.12607,1.1261,0.94,1.61
2021.12.14 19:21:16.240,1.12609,1.12612,0.75,0.94
2021.12.14 19:21:17.286,1.12608,1.12611,1.50,0.10
2021.12.14 19:21:17.388,1.12607,1.1261,0.75,0.10
2021.12.14 19:21:21.248,1.12606,1.12609,0.94,0.10
2021.12.14 19:21:21.634,1.12606,1.1261,0.94,0.45
2021.12.14 19:21:27.984,1.12606,1.12609,0.94,0.10
2021.12.14 19:21:28.797,1.12606,1.1261,0.94,4.84
2021.12.14 19:21:28.949,1.12606,1.12609,0.94,0.10
2021.12.14 19:21:32.449,1.12606,1.1261,0.75,4.01
2021.12.14 19:21:32.610,1.12607,1.12608,0.75,3.07
2021.12.14 19:21:32.815,1.12607,1.12609,0.75,4.01
2021.12.14 19:21:34.292,1.12606,1.12609,0.75,0.10
2021.12.14 19:21:43.735,1.12606,1.1261,0.75,4.01
2021.12.14 19:21:44.202,1.12606,1.12609,0.75,0.10
2021.12.14 19:21:44.304,1.12606,1.1261,0.75,4.01
2021.12.14 19:21:44.411,1.12606,1.12609,0.75,0.10
2021.12.14 19:21:45.124,1.12606,1.1261,0.75,4.01
2021.12.14 19:21:46.116,1.12606,1.12609,0.75,3.07
2021.12.14 19:21:46.873,1.12606,1.1261,0.75,4.01
2021.12.14 19:21:54.975,1.12605,1.12607,0.75,0.10
2021.12.14 19:21:55.076,1.12603,1.12606,0.75,0.10
2021.12.14 19:21:55.177,1.12602,1.12606,0.75,0.94
2021.12.14 19:21:55.737,1.12601,1.12605,1.76,0.10
2021.12.14 19:21:57.599,1.12602,1.12605,3.26,2.44
2021.12.14 19:22:01.423,1.12602,1.12606,1.01,0.94
2021.12.14 19:22:01.524,1.12601,1.12606,4.01,0.94
2021.12.14 19:22:01.625,1.12602,1.12606,0.19,0.94
2021.12.14 19:22:04.478,1.12601,1.12605,0.64,0.94
2021.12.14 19:22:04.580,1.126,1.12604,1.76,0.10
2021.12.14 19:22:06.991,1.126,1.12605,1.01,5.59
2021.12.14 19:22:09.250,1.126,1.12604,2.51,0.10
2021.12.14 19:22:10.728,1.126,1.12605,1.01,3.19
2021.12.14 19:22:10.829,1.12601,1.12605,0.19,2.06
2021.12.14 19:22:12.070,1.12602,1.12603,0.19,0.10
2021.12.14 19:22:12.172,1.12601,1.12603,1.01,0.10
2021.12.14 19:22:13.460,1.126,1.12603,0.75,3.07
2021.12.14 19:22:13.561,1.12599,1.12602,0.94,3.07
2021.12.14 19:22:14.924,1.12599,1.12603,0.75,3.15
2021.12.14 19:22:16.054,1.126,1.12604,1.69,0.94
2021.12.14 19:22:19.067,1.126,1.12605,1.01,2.06
2021.12.14 19:22:19.661,1.126,1.12604,1.01,0.10
2021.12.14 19:22:22.206,1.126,1.12605,1.01,2.44
2021.12.14 19:22:22.307,1.126,1.12604,1.01,0.10
2021.12.14 19:22:25.190,1.126,1.12603,1.12,0.10
2021.12.14 19:22:25.292,1.12599,1.12603,1.39,0.10
2021.12.14 19:22:25.394,1.12599,1.12604,1.39,0.94
2021.12.14 19:22:25.667,1.12597,1.12601,5.62,0.10
2021.12.14 19:22:25.769,1.12596,1.126,4.01,0.10
2021.12.14 19:22:26.334,1.12595,1.12599,1.69,3.15
2021.12.14 19:22:26.435,1.12594,1.12597,2.06,0.15
2021.12.14 19:22:28.442,1.12593,1.12597,3.64,0.15
2021.12.14 19:22:31.540,1.12594,1.12597,0.75,3.07
2021.12.14 19:22:33.089,1.12594,1.12599,2.14,4.39
2021.12.14 19:22:36.019,1.12595,1.12599,0.75,4.01
2021.12.14 19:22:38.140,1.12595,1.126,1.69,4.01
2021.12.14 19:22:40.251,1.12596,1.126,0.94,4.01
2021.12.14 19:22:46.539,1.12595,1.12598,0.82,1.05
2021.12.14 19:22:46.640,1.12595,1.12597,0.75,0.45
2021.12.14 19:22:46.742,1.12594,1.12598,1.50,0.10
2021.12.14 19:22:49.401,1.12594,1.12599,2.96,0.94
2021.12.14 19:22:50.101,1.12594,1.12598,3.34,0.10
2021.12.14 19:22:50.253,1.12594,1.12599,3.34,0.94
2021.12.14 19:22:51.312,1.12595,1.12599,2.59,0.10
2021.12.14 19:22:53.072,1.12596,1.12599,0.37,0.10
2021.12.14 19:22:54.177,1.12596,1.126,1.39,1.31
2021.12.14 19:22:57.000,1.12597,1.12601,1.39,0.10
2021.12.14 19:22:57.106,1.12601,1.12603,0.75,0.37
2021.12.14 19:22:57.698,1.126,1.12604,2.14,0.94
2021.12.14 19:22:57.800,1.12601,1.12604,0.19,0.10
2021.12.14 19:22:57.901,1.126,1.12604,4.01,0.10
2021.12.14 19:22:58.129,1.12601,1.12604,0.75,0.10
2021.12.14 19:22:58.619,1.12601,1.12605,0.75,3.19
2021.12.14 19:22:58.785,1.12601,1.12604,0.75,0.10
2021.12.14 19:22:58.886,1.12601,1.12605,0.75,3.19
2021.12.14 19:22:58.987,1.12602,1.12603,0.75,0.10
2021.12.14 19:22:59.395,1.126,1.12605,3.64,2.81
2021.12.14 19:22:59.611,1.12601,1.12604,0.75,0.10
2021.12.14 19:22:59.763,1.12601,1.12605,0.75,1.69
2021.12.14 19:23:01.085,1.12603,1.12606,0.75,3.19
2021.12.14 19:23:01.186,1.12603,1.12607,3.19,1.31
2021.12.14 19:23:01.288,1.12604,1.12608,2.06,0.45
2021.12.14 19:23:02.405,1.12604,1.12607,1.69,0.10
2021.12.14 19:23:02.506,1.12603,1.12606,1.50,0.94
2021.12.14 19:23:03.662,1.12602,1.12606,3.94,0.10
2021.12.14 19:23:06.126,1.12602,1.12604,0.75,0.94
2021.12.14 19:23:06.819,1.12601,1.12604,0.75,0.10
2021.12.14 19:23:06.971,1.12601,1.12605,0.75,0.94
2021.12.14 19:23:10.616,1.12601,1.12604,0.75,0.10
2021.12.14 19:23:12.194,1.12601,1.12605,0.75,0.94
2021.12.14 19:23:12.296,1.12601,1.12606,1.50,2.81
2021.12.14 19:23:12.411,1.12601,1.12605,0.75,0.10
2021.12.14 19:23:12.524,1.12602,1.12605,0.75,0.10
2021.12.14 19:23:13.098,1.12601,1.12604,0.75,0.10
2021.12.14 19:23:13.200,1.12602,1.12604,0.75,4.76
2021.12.14 19:23:13.301,1.12601,1.12604,0.75,0.10
2021.12.14 19:23:14.610,1.12601,1.12605,0.75,0.45
2021.12.14 19:23:14.808,1.12602,1.12603,0.75,0.10
2021.12.14 19:23:16.625,1.12601,1.12605,0.82,0.82
2021.12.14 19:23:17.564,1.12601,1.12603,0.82,0.75
2021.12.14 19:23:17.615,1.12598,1.12601,0.37,1.95
2021.12.14 19:23:17.716,1.12597,1.12601,7.58,3.45
2021.12.14 19:23:17.818,1.12599,1.12601,0.10,3.52
2021.12.14 19:23:19.610,1.12599,1.12602,0.10,8.48
2021.12.14 19:23:20.897,1.12598,1.12602,0.10,3.07
2021.12.14 19:23:20.999,1.12599,1.12602,0.10,5.70
2021.12.14 19:23:21.100,1.12598,1.12602,0.10,3.15
2021.12.14 19:23:23.102,1.12598,1.12603,0.10,5.33
2021.12.14 19:23:25.092,1.12597,1.12601,4.57,0.10
2021.12.14 19:23:25.193,1.12598,1.12602,0.10,3.52
2021.12.14 19:23:25.294,1.12597,1.12602,4.76,3.52
2021.12.14 19:23:27.947,1.12598,1.126,1.01,0.37
2021.12.14 19:23:28.048,1.12597,1.126,0.75,3.22
2021.12.14 19:23:29.103,1.12596,1.126,4.95,3.90
2021.12.14 19:23:33.520,1.12596,1.12599,3.75,0.15
2021.12.14 19:23:33.621,1.12595,1.12598,0.75,3.07
2021.12.14 19:23:33.723,1.12595,1.12597,1.12,3.22
2021.12.14 19:23:33.835,1.12595,1.12598,0.75,3.07
2021.12.14 19:23:35.846,1.12596,1.12598,1.20,2.06
2021.12.14 19:23:35.948,1.12595,1.12598,1.12,0.15
2021.12.14 19:23:36.140,1.12598,1.12601,0.82,2.25
2021.12.14 19:23:36.241,1.12599,1.12602,0.75,0.22
2021.12.14 19:23:36.393,1.12599,1.12603,0.75,1.84
2021.12.14 19:23:36.595,1.12598,1.12602,0.82,0.75
2021.12.14 19:23:37.125,1.12598,1.12601,3.75,0.45
2021.12.14 19:23:37.745,1.12597,1.12601,1.57,0.82
2021.12.14 19:23:37.846,1.12598,1.12601,3.00,0.82
2021.12.14 19:23:38.492,1.12597,1.12601,0.75,1.12
2021.12.14 19:23:38.673,1.12598,1.12601,3.00,1.12
2021.12.14 19:23:39.204,1.12597,1.126,3.00,0.82
2021.12.14 19:23:39.306,1.12596,1.12601,0.82,3.86
2021.12.14 19:23:40.240,1.12597,1.12601,3.00,3.07
2021.12.14 19:23:40.547,1.12596,1.12601,1.50,3.94
2021.12.14 19:23:40.699,1.12597,1.12601,3.00,3.07
2021.12.14 19:23:41.432,1.12597,1.126,3.00,0.82
2021.12.14 19:23:41.533,1.12597,1.12601,3.00,3.07
2021.12.14 19:23:42.363,1.12598,1.12601,3.00,2.25
2021.12.14 19:23:43.774,1.12598,1.12602,0.82,1.87
2021.12.14 19:23:43.875,1.12598,1.12601,0.82,1.50
2021.12.14 19:23:45.135,1.12596,1.126,2.32,0.82
2021.12.14 19:23:45.237,1.12597,1.12601,0.10,1.87
2021.12.14 19:23:45.634,1.12596,1.12601,1.95,2.25
2021.12.14 19:23:45.685,1.12598,1.12601,3.00,2.25
2021.12.14 19:23:46.076,1.12598,1.126,0.75,2.25
2021.12.14 19:23:57.181,1.12597,1.12602,0.82,7.31
2021.12.14 19:23:58.259,1.12597,1.12601,0.82,0.37
2021.12.14 19:23:59.259,1.12597,1.12602,0.82,5.81
2021.12.14 19:24:00.136,1.12598,1.12602,1.57,2.36
2021.12.14 19:24:00.238,1.12598,1.12603,3.75,1.57
2021.12.14 19:24:03.289,1.12599,1.12603,0.75,1.35
2021.12.14 19:24:03.441,1.12599,1.12602,0.75,0.86
2021.12.14 19:24:03.542,1.12599,1.12603,0.75,2.10
2021.12.14 19:24:04.062,1.12599,1.12602,0.75,0.37
2021.12.14 19:24:05.118,1.12598,1.12601,0.75,0.45
2021.12.14 19:24:05.320,1.12598,1.12602,3.75,0.90
2021.12.14 19:24:07.087,1.12599,1.12602,0.75,0.56
2021.12.14 19:24:10.062,1.12595,1.12599,5.02,1.76
2021.12.14 19:24:10.164,1.12594,1.12598,0.82,0.60
2021.12.14 19:24:10.265,1.12596,1.12599,0.75,1.09
2021.12.14 19:24:11.241,1.12597,1.12599,0.75,1.46
2021.12.14 19:24:11.342,1.12598,1.12601,0.75,0.30
2021.12.14 19:24:15.925,1.12598,1.126,0.82,0.30
2021.12.14 19:24:16.026,1.12597,1.12602,0.82,2.06
2021.12.14 19:24:16.178,1.12598,1.126,0.82,0.10
2021.12.14 19:24:16.279,1.12597,1.12602,0.82,2.06
2021.12.14 19:24:17.675,1.12599,1.12603,0.82,3.04
2021.12.14 19:24:22.502,1.12599,1.12602,0.75,1.50
2021.12.14 19:24:30.242,1.12599,1.12601,0.75,0.37
2021.12.14 19:24:32.445,1.12599,1.12602,0.75,1.50
2021.12.14 19:24:32.761,1.12597,1.12601,3.75,3.45
2021.12.14 19:24:32.863,1.12595,1.126,3.82,1.05
2021.12.14 19:24:33.116,1.12597,1.126,0.75,0.86
2021.12.14 19:24:33.976,1.12596,1.126,0.82,0.86
2021.12.14 19:24:36.468,1.12597,1.126,0.75,0.86
2021.12.14 19:24:36.947,1.12597,1.12601,0.82,2.85
2021.12.14 19:24:37.098,1.12598,1.12601,0.10,0.37
2021.12.14 19:24:37.200,1.12598,1.12602,0.10,1.12
2021.12.14 19:24:37.301,1.12599,1.12602,0.75,1.99
2021.12.14 19:24:38.251,1.126,1.12602,0.82,0.37
2021.12.14 19:24:39.104,1.126,1.12603,0.82,0.37
2021.12.14 19:24:39.205,1.12599,1.12603,1.57,1.80
2021.12.14 19:24:43.986,1.12599,1.12602,1.50,0.67
2021.12.14 19:24:47.247,1.12598,1.12602,1.50,1.05
2021.12.14 19:24:53.229,1.12599,1.12602,0.75,0.37
2021.12.14 19:25:01.985,1.12597,1.12599,0.37,0.75
2021.12.14 19:25:02.087,1.12597,1.126,3.07,0.37
2021.12.14 19:25:02.188,1.12599,1.126,0.75,1.12
2021.12.14 19:25:02.289,1.12597,1.126,3.82,0.37
2021.12.14 19:25:02.391,1.12597,1.12602,3.82,1.72
2021.12.14 19:25:02.795,1.12599,1.12602,0.75,0.75
2021.12.14 19:25:04.121,1.12598,1.12602,0.75,2.44
2021.12.14 19:25:05.443,1.12598,1.12603,0.10,3.86
2021.12.14 19:25:06.044,1.12599,1.12603,0.75,3.86
2021.12.14 19:25:06.410,1.12599,1.12602,0.75,0.37
2021.12.14 19:25:08.322,1.12599,1.12603,0.75,3.94
2021.12.14 19:25:08.794,1.12599,1.12602,0.75,0.86
2021.12.14 19:25:10.109,1.12597,1.12602,1.57,1.61
2021.12.14 19:25:10.210,1.12598,1.12602,0.82,1.99
2021.12.14 19:25:13.922,1.12599,1.12602,0.75,1.46
2021.12.14 19:25:14.262,1.12598,1.12602,0.82,1.46
2021.12.14 19:25:17.121,1.12597,1.126,0.82,0.37
2021.12.14 19:25:17.426,1.12598,1.126,0.10,0.37
2021.12.14 19:25:17.527,1.12598,1.12602,0.10,1.61
2021.12.14 19:25:18.408,1.12598,1.12601,0.10,0.37
2021.12.14 19:25:19.193,1.12598,1.12602,0.10,0.86
2021.12.14 19:25:20.603,1.12597,1.12602,1.57,2.36
2021.12.14 19:25:23.108,1.12596,1.12602,1.57,4.13
2021.12.14 19:25:24.024,1.12597,1.12602,0.75,3.49
2021.12.14 19:25:28.075,1.12598,1.12603,0.10,4.16
2021.12.14 19:25:28.177,1.12598,1.12602,0.10,1.24
2021.12.14 19:25:28.278,1.12598,1.12603,0.10,2.21
2021.12.14 19:25:41.531,1.12598,1.12602,0.75,0.37
2021.12.14 19:25:43.231,1.12598,1.12601,0.75,0.37
2021.12.14 19:25:44.226,1.12599,1.12601,0.82,2.25
2021.12.14 19:25:45.228,1.12598,1.12601,0.82,0.37
2021.12.14 19:25:46.183,1.12598,1.12602,0.82,1.87
2021.12.14 19:25:49.086,1.12598,1.12603,0.82,2.44
2021.12.14 19:25:56.118,1.12598,1.12601,1.50,0.37
2021.12.14 19:25:56.577,1.12598,1.12602,0.75,1.50
2021.12.14 19:26:03.080,1.12597,1.12602,1.20,1.12
2021.12.14 19:26:03.181,1.12597,1.12601,1.57,0.37
2021.12.14 19:26:05.197,1.12597,1.12602,1.57,3.94
2021.12.14 19:26:12.715,1.12598,1.126,1.57,0.37
2021.12.14 19:26:12.816,1.12597,1.12602,1.57,2.36
2021.12.14 19:26:15.992,1.12598,1.12602,0.75,1.61
2021.12.14 19:26:17.892,1.12601,1.12603,0.10,0.37
2021.12.14 19:26:18.045,1.126,1.12603,0.26,0.37
2021.12.14 19:26:18.148,1.12601,1.12603,0.75,0.37
2021.12.14 19:26:18.300,1.12601,1.12605,0.75,3.75
2021.12.14 19:26:18.452,1.12601,1.12604,0.10,4.13
2021.12.14 19:26:18.605,1.12601,1.12605,0.75,4.05
2021.12.14 19:26:18.859,1.126,1.12605,0.10,3.56
2021.12.14 19:26:20.104,1.12601,1.12605,0.10,2.36
2021.12.14 19:26:20.917,1.12601,1.12606,1.01,0.86
2021.12.14 19:26:21.350,1.12602,1.12606,0.82,1.24
2021.12.14 19:26:21.553,1.12603,1.12606,0.75,1.24
2021.12.14 19:26:22.135,1.12602,1.12606,1.57,1.24
2021.12.14 19:26:24.315,1.12602,1.12607,1.57,2.63
2021.12.14 19:26:25.390,1.12603,1.12607,0.75,2.63
2021.12.14 19:26:26.124,1.12602,1.12607,1.57,2.55
2021.12.14 19:26:26.985,1.12603,1.12607,0.75,2.63
2021.12.14 19:26:27.173,1.12602,1.12607,1.57,6.00
2021.12.14 19:26:28.216,1.12602,1.12606,1.57,0.37
2021.12.14 19:26:30.114,1.12602,1.12607,1.76,1.24
2021.12.14 19:26:34.384,1.12603,1.12607,0.75,1.24
2021.12.14 19:26:35.134,1.12602,1.12607,0.82,2.81
2021.12.14 19:26:35.236,1.12602,1.12606,4.57,0.37
2021.12.14 19:26:35.438,1.12602,1.12607,4.57,0.75
2021.12.14 19:26:37.487,1.12602,1.12608,4.57,5.63
2021.12.14 19:26:39.427,1.12602,1.12607,4.57,0.37
2021.12.14 19:26:41.811,1.12603,1.12607,0.75,5.93
2021.12.14 19:26:42.129,1.12602,1.12607,1.57,3.68
2021.12.14 19:26:42.180,1.12601,1.12605,1.50,3.00
2021.12.14 19:26:42.318,1.12601,1.12606,3.45,1.61
2021.12.14 19:26:48.012,1.12602,1.12606,0.10,0.75
2021.12.14 19:26:48.113,1.12601,1.12606,1.95,0.75
2021.12.14 19:26:51.077,1.12602,1.12606,0.75,0.75
2021.12.14 19:26:51.179,1.126,1.12605,1.57,1.95
2021.12.14 19:26:53.695,1.12602,1.12605,0.75,0.75
2021.12.14 19:26:54.573,1.12601,1.12605,0.75,1.50
2021.12.14 19:26:56.277,1.126,1.12604,0.75,1.12
2021.12.14 19:26:56.684,1.126,1.12605,0.82,4.31
2021.12.14 19:26:56.785,1.126,1.12604,0.82,0.75
2021.12.14 19:26:57.681,1.12599,1.12604,1.57,3.56
2021.12.14 19:27:00.181,1.12599,1.12603,1.57,0.37
2021.12.14 19:27:02.123,1.12598,1.12602,0.75,0.82
2021.12.14 19:27:02.225,1.12597,1.12602,1.50,2.06
2021.12.14 19:27:03.396,1.12598,1.12602,0.26,0.86
2021.12.14 19:27:03.497,1.12599,1.12604,3.07,0.56
2021.12.14 19:27:03.927,1.12599,1.12605,3.26,3.38
2021.12.14 19:27:05.432,1.12599,1.12604,1.01,0.86
2021.12.14 19:27:06.271,1.12599,1.12605,4.76,7.28
2021.12.14 19:27:06.422,1.126,1.12605,0.19,6.34
2021.12.14 19:27:06.524,1.12601,1.12605,0.10,3.64
2021.12.14 19:27:07.207,1.12602,1.12605,0.10,0.86
2021.12.14 19:27:07.778,1.12601,1.12605,1.95,0.86
2021.12.14 19:27:08.003,1.12601,1.12606,1.95,0.86
2021.12.14 19:27:13.857,1.12602,1.12606,0.82,0.86
2021.12.14 19:27:14.994,1.12603,1.12606,0.10,0.86
2021.12.14 19:27:15.095,1.12602,1.12606,3.07,0.86
2021.12.14 19:27:18.579,1.12608,1.1261,0.10,0.75
2021.12.14 19:27:18.630,1.12608,1.12613,1.57,6.64
2021.12.14 19:27:18.681,1.1261,1.12613,0.10,3.75
2021.12.14 19:27:18.833,1.1261,1.12615,2.51,0.37
2021.12.14 19:27:18.934,1.12611,1.12615,0.75,0.37
2021.12.14 19:27:19.944,1.12608,1.12613,4.01,1.20
2021.12.14 19:27:20.045,1.12608,1.12612,1.50,0.37
2021.12.14 19:27:20.147,1.12608,1.12613,1.50,5.59
2021.12.14 19:27:21.118,1.12607,1.12611,1.57,0.37
2021.12.14 19:27:27.234,1.12607,1.12612,0.75,2.93
2021.12.14 19:27:29.081,1.12607,1.12611,0.75,0.75
2021.12.14 19:27:30.032,1.12608,1.12612,0.10,0.86
2021.12.14 19:27:30.183,1.12608,1.12613,0.82,5.21
2021.12.14 19:27:37.131,1.12608,1.12612,0.75,0.75
2021.12.14 19:27:37.828,1.12608,1.12613,0.82,3.56
2021.12.14 19:27:41.097,1.12608,1.12612,1.57,0.75
2021.12.14 19:27:41.199,1.12608,1.12611,1.57,1.87
2021.12.14 19:27:42.562,1.12608,1.12612,0.10,1.99
2021.12.14 19:27:42.854,1.12607,1.12612,1.57,1.99
2021.12.14 19:27:44.490,1.12608,1.12612,0.10,1.99
2021.12.14 19:27:45.138,1.12607,1.12611,0.75,1.12
2021.12.14 19:27:45.239,1.12608,1.12611,0.75,0.37
2021.12.14 19:27:45.341,1.12607,1.12612,1.95,2.36
2021.12.14 19:27:45.857,1.12608,1.12612,0.10,1.99
2021.12.14 19:27:46.210,1.12607,1.12612,1.57,4.31
2021.12.14 19:27:50.424,1.12608,1.12612,0.10,1.61
2021.12.14 19:27:51.031,1.12609,1.12612,0.75,1.61
2021.12.14 19:27:51.132,1.12608,1.12612,0.82,1.69
2021.12.14 19:27:53.140,1.12607,1.12612,0.75,3.11
2021.12.14 19:27:55.132,1.12606,1.12611,5.02,0.37
2021.12.14 19:27:55.233,1.12607,1.12611,0.30,0.37
2021.12.14 19:27:57.706,1.12608,1.12611,0.30,2.74
2021.12.14 19:28:05.524,1.12609,1.12613,0.10,0.37
2021.12.14 19:28:05.625,1.1261,1.12614,0.30,2.44
2021.12.14 19:28:05.727,1.12611,1.12615,0.10,2.74
2021.12.14 19:28:06.031,1.12612,1.12615,0.30,0.75
2021.12.14 19:28:07.057,1.12612,1.12616,0.30,2.06
2021.12.14 19:28:08.848,1.12611,1.12616,2.02,2.06
2021.12.14 19:28:10.557,1.12612,1.12616,0.30,1.61
2021.12.14 19:28:10.709,1.12611,1.12616,1.95,1.61
2021.12.14 19:28:12.261,1.12612,1.12616,0.75,1.99
2021.12.14 19:28:12.362,1.12611,1.12616,2.32,1.99
2021.12.14 19:28:13.925,1.12612,1.12616,1.05,0.75
2021.12.14 19:28:24.535,1.12612,1.12615,0.75,0.94
2021.12.14 19:28:24.636,1.12612,1.12616,0.75,4.43
2021.12.14 19:28:24.939,1.12612,1.12615,0.75,0.75
2021.12.14 19:28:26.940,1.12611,1.12615,0.82,1.61
2021.12.14 19:28:27.041,1.12611,1.12616,0.82,4.76
2021.12.14 19:28:28.217,1.12612,1.12613,0.75,0.19
2021.12.14 19:28:28.368,1.12611,1.12615,0.82,1.24
2021.12.14 19:28:36.523,1.12612,1.12613,0.75,1.69
2021.12.14 19:28:37.126,1.12611,1.12615,0.82,0.94
2021.12.14 19:28:37.227,1.12612,1.12615,0.10,1.80
2021.12.14 19:28:37.329,1.12611,1.12615,0.82,1.61
2021.12.14 19:28:37.439,1.12612,1.12615,0.10,2.18
2021.12.14 19:28:40.060,1.12612,1.12616,0.10,1.80
2021.12.14 19:28:41.196,1.12612,1.12615,0.10,1.61
2021.12.14 19:28:41.297,1.12612,1.12616,0.10,1.80
2021.12.14 19:28:45.294,1.12611,1.12616,1.95,2.25
2021.12.14 19:28:47.261,1.12612,1.12617,1.12,3.38
2021.12.14 19:28:48.288,1.12611,1.12615,0.75,1.88
2021.12.14 19:28:48.439,1.12612,1.12615,0.10,0.86
2021.12.14 19:28:48.540,1.12611,1.12615,1.42,0.86
2021.12.14 19:28:49.144,1.12611,1.12616,1.42,5.21
2021.12.14 19:28:49.295,1.12613,1.12615,0.67,1.99
2021.12.14 19:28:49.396,1.12611,1.12615,1.42,0.19
2021.12.14 19:28:49.497,1.12612,1.12616,0.10,1.99
2021.12.14 19:28:49.599,1.12611,1.12616,1.42,3.00
2021.12.14 19:28:49.875,1.12612,1.12616,0.10,3.11
2021.12.14 19:28:49.976,1.12612,1.12615,1.42,3.38
2021.12.14 19:28:50.078,1.12612,1.12616,0.10,2.36
2021.12.14 19:28:50.179,1.12611,1.12616,1.42,3.38
2021.12.14 19:28:50.281,1.12612,1.12616,0.10,1.99
2021.12.14 19:28:50.383,1.12612,1.12615,1.42,3.00
2021.12.14 19:28:50.485,1.12612,1.12616,0.10,2.74
2021.12.14 19:28:50.687,1.12611,1.12616,1.42,2.81
2021.12.14 19:28:50.809,1.12611,1.12615,1.42,0.86
2021.12.14 19:28:51.310,1.12612,1.12617,0.67,3.00
2021.12.14 19:28:51.411,1.12613,1.12617,0.60,1.69
2021.12.14 19:28:52.958,1.12612,1.12616,1.35,0.45
2021.12.14 19:28:53.835,1.12612,1.12615,0.75,0.75
2021.12.14 19:28:53.936,1.12612,1.12616,1.50,1.50
2021.12.14 19:28:56.170,1.12611,1.12614,0.75,0.75
2021.12.14 19:28:56.334,1.12611,1.12615,0.82,0.56
2021.12.14 19:28:57.096,1.12611,1.12614,0.75,1.69
2021.12.14 19:28:57.248,1.12612,1.12614,1.35,1.50
2021.12.14 19:28:58.568,1.12613,1.12615,0.67,4.01
2021.12.14 19:28:58.770,1.12613,1.12616,0.60,0.86
2021.12.14 19:28:59.285,1.12613,1.12617,0.60,2.63
2021.12.14 19:28:59.448,1.12611,1.12616,1.42,2.63
2021.12.14 19:28:59.550,1.12612,1.12616,0.67,1.24
2021.12.14 19:28:59.802,1.12611,1.12615,1.42,0.94
2021.12.14 19:28:59.903,1.12612,1.12616,0.67,1.99
2021.12.14 19:29:02.015,1.12613,1.12616,0.60,0.86
2021.12.14 19:29:02.619,1.12612,1.12616,1.72,0.94
2021.12.14 19:29:02.841,1.12613,1.12617,0.30,0.86
2021.12.14 19:29:03.243,1.12614,1.12617,4.80,1.31
2021.12.14 19:29:03.395,1.12614,1.12618,0.45,1.24
2021.12.14 19:29:03.598,1.12617,1.12619,0.75,1.88
2021.12.14 19:29:05.102,1.12617,1.1262,0.22,0.86
2021.12.14 19:29:05.204,1.12617,1.12621,1.05,1.24
2021.12.14 19:29:05.305,1.12622,1.12624,0.75,2.40
2021.12.14 19:29:05.356,1.12622,1.12627,1.80,2.81
2021.12.14 19:29:05.457,1.12623,1.12628,0.60,3.86
2021.12.14 19:29:05.679,1.12623,1.12627,0.30,0.86
2021.12.14 19:29:06.288,1.12624,1.12628,0.75,0.82
2021.12.14 19:29:10.155,1.12624,1.12627,0.75,0.86
2021.12.14 19:29:10.607,1.12624,1.12628,0.75,3.45
2021.12.14 19:29:17.078,1.12624,1.12627,0.75,1.12
2021.12.14 19:29:17.179,1.12624,1.12626,0.75,0.75
2021.12.14 19:29:17.331,1.12623,1.12626,0.75,0.75
2021.12.14 19:29:17.482,1.12623,1.12627,0.75,0.75
2021.12.14 19:29:21.608,1.12623,1.12626,0.75,0.75
2021.12.14 19:29:23.480,1.12623,1.12627,0.75,1.61
2021.12.14 19:29:31.960,1.12624,1.12628,0.15,1.87
2021.12.14 19:29:34.001,1.12623,1.12628,3.97,0.45
2021.12.14 19:29:34.961,1.12624,1.12628,0.15,0.10
2021.12.14 19:29:36.369,1.12623,1.12629,3.97,7.88
2021.12.14 19:29:37.759,1.12623,1.12628,3.97,0.10
2021.12.14 19:29:45.226,1.12624,1.12628,0.10,0.86
2021.12.14 19:29:46.073,1.12623,1.12628,0.45,1.31
2021.12.14 19:29:46.343,1.12624,1.12628,0.10,1.24
2021.12.14 19:29:46.739,1.12623,1.12628,0.45,0.94
2021.12.14 19:29:47.007,1.12624,1.12628,0.10,0.86
2021.12.14 19:29:57.939,1.12626,1.12629,0.15,0.37
2021.12.14 19:29:57.990,1.12624,1.12629,4.57,5.70
2021.12.14 19:29:58.092,1.12624,1.12628,1.57,0.52
2021.12.14 19:30:06.189,1.12625,1.12626,0.75,0.60
2021.12.14 19:30:06.426,1.12625,1.12627,0.82,3.86
2021.12.14 19:30:07.348,1.12623,1.12626,0.10,1.84
2021.12.14 19:30:07.399,1.1262,1.12623,5.06,0.19
2021.12.14 19:30:07.450,1.1262,1.12625,0.97,0.75
2021.12.14 19:30:07.552,1.12621,1.12625,0.22,0.86
2021.12.14 19:30:07.654,1.12621,1.12626,0.97,1.84
2021.12.14 19:30:07.992,1.12621,1.12625,0.97,0.86
2021.12.14 19:30:08.093,1.12622,1.12625,0.97,0.86
2021.12.14 19:30:12.866,1.1262,1.12625,6.22,0.52
2021.12.14 19:30:16.985,1.12621,1.12625,0.15,0.86
2021.12.14 19:30:17.187,1.12621,1.12626,3.15,1.87
2021.12.14 19:30:17.806,1.12621,1.12625,0.10,0.52
2021.12.14 19:30:18.096,1.12622,1.12625,0.10,0.52
2021.12.14 19:30:19.285,1.12622,1.12626,0.82,1.27
2021.12.14 19:30:20.912,1.12622,1.12627,0.82,1.80
2021.12.14 19:30:21.016,1.12622,1.12626,0.82,0.52
2021.12.14 19:30:23.035,1.12623,1.12627,3.07,0.75
2021.12.14 19:30:23.136,1.12624,1.12628,0.10,1.65
2021.12.14 19:30:24.679,1.12626,1.12628,0.10,2.40
2021.12.14 19:30:24.781,1.12626,1.12631,3.07,3.56
2021.12.14 19:30:25.585,1.12627,1.12631,0.10,4.31
2021.12.14 19:30:26.116,1.12626,1.12631,3.07,1.99
2021.12.14 19:30:26.225,1.12627,1.12631,0.10,1.91
2021.12.14 19:30:27.657,1.12626,1.12631,3.26,1.80
2021.12.14 19:30:27.761,1.12627,1.12631,0.10,1.72
2021.12.14 19:30:27.862,1.12626,1.12631,3.07,1.99
2021.12.14 19:30:27.963,1.12627,1.12631,0.10,1.91
2021.12.14 19:30:29.475,1.12626,1.12631,3.07,1.99
2021.12.14 19:30:29.576,1.12627,1.12631,0.10,1.16
2021.12.14 19:30:31.511,1.12626,1.12631,0.10,2.85
2021.12.14 19:30:31.737,1.12627,1.12631,0.10,2.40
2021.12.14 19:30:35.591,1.12626,1.12631,0.10,1.88
2021.12.14 19:30:36.911,1.12625,1.12627,0.75,0.37
2021.12.14 19:30:37.012,1.12623,1.12627,0.10,0.82
2021.12.14 19:30:39.677,1.12622,1.12627,3.07,2.55
2021.12.14 19:30:39.779,1.12622,1.12626,0.10,0.45
2021.12.14 19:30:40.197,1.12623,1.12626,0.10,0.45
2021.12.14 19:30:40.298,1.12622,1.12626,0.10,0.45
2021.12.14 19:30:47.566,1.12622,1.12627,0.10,1.31
2021.12.14 19:30:48.475,1.12623,1.12625,0.10,0.10
2021.12.14 19:30:50.315,1.12624,1.12628,0.10,1.57
2021.12.14 19:30:50.416,1.12623,1.12627,0.10,0.10
2021.12.14 19:30:50.518,1.12624,1.12627,0.10,4.20
2021.12.14 19:30:51.015,1.12623,1.12627,0.10,0.10
2021.12.14 19:30:58.698,1.12624,1.12629,0.10,5.33
2021.12.14 19:30:58.800,1.12623,1.12627,6.22,0.10
2021.12.14 19:31:00.702,1.12623,1.12628,0.10,5.10
2021.12.14 19:31:01.641,1.12623,1.12625,4.57,0.37
2021.12.14 19:31:01.742,1.12622,1.12625,3.82,0.37
2021.12.14 19:31:01.844,1.12622,1.12627,3.82,0.37
2021.12.14 19:31:01.995,1.12622,1.12626,0.10,0.10
2021.12.14 19:31:03.307,1.12621,1.12625,3.07,0.10
2021.12.14 19:31:03.408,1.12621,1.12626,0.10,1.31
2021.12.14 19:31:04.721,1.12621,1.12625,0.10,0.10
2021.12.14 19:31:04.879,1.12621,1.12626,0.10,1.31
2021.12.14 19:31:09.808,1.12621,1.12625,0.10,0.10
2021.12.14 19:31:10.168,1.12621,1.12626,0.10,0.94
2021.12.14 19:31:10.360,1.12621,1.12625,3.07,0.10
2021.12.14 19:31:10.756,1.12621,1.12626,3.07,0.10
2021.12.14 19:31:12.805,1.12622,1.12626,0.52,0.10
2021.12.14 19:31:13.583,1.12622,1.12625,0.52,0.10
2021.12.14 19:31:14.565,1.12622,1.12626,0.52,0.94
2021.12.14 19:31:14.667,1.12622,1.12625,0.52,0.10
2021.12.14 19:31:16.137,1.12621,1.12625,0.10,0.10
2021.12.14 19:31:16.584,1.1262,1.12625,5.10,0.10
2021.12.14 19:31:16.686,1.12621,1.12625,0.10,0.10
2021.12.14 19:31:16.938,1.12622,1.12625,0.52,0.10
2021.12.14 19:31:17.039,1.12621,1.12625,0.60,0.10
2021.12.14 19:31:17.534,1.12622,1.12625,0.52,0.10
2021.12.14 19:31:18.738,1.12621,1.12625,0.10,0.10
2021.12.14 19:31:18.855,1.12622,1.12625,0.37,0.10
2021.12.14 19:31:19.037,1.12621,1.12625,0.10,0.10
2021.12.14 19:31:19.287,1.12622,1.12625,0.75,0.10
2021.12.14 19:31:20.952,1.12623,1.12625,0.30,0.82
2021.12.14 19:31:21.053,1.12622,1.12625,0.30,0.82
2021.12.14 19:31:21.591,1.12623,1.12625,0.30,0.82
2021.12.14 19:31:22.265,1.12623,1.12624,0.30,0.82
2021.12.14 19:31:22.370,1.12623,1.12625,0.75,0.82
2021.12.14 19:31:22.471,1.12622,1.12625,1.05,0.82
2021.12.14 19:31:26.019,1.1262,1.12624,0.82,0.10
2021.12.14 19:31:26.120,1.12621,1.12625,0.37,0.82
2021.12.14 19:31:27.110,1.12622,1.12625,0.30,0.82
2021.12.14 19:31:35.094,1.12622,1.12626,0.30,0.82
2021.12.14 19:31:36.165,1.12621,1.12625,0.30,0.10
2021.12.14 19:31:36.267,1.12622,1.12625,0.30,0.10
2021.12.14 19:31:36.368,1.12622,1.12626,0.30,2.06
2021.12.14 19:31:36.607,1.12623,1.12626,0.37,0.10
2021.12.14 19:31:37.122,1.12624,1.12627,0.30,2.06
2021.12.14 19:31:37.855,1.12623,1.12626,3.30,0.10
2021.12.14 19:31:38.466,1.12622,1.12626,0.45,0.82
2021.12.14 19:31:39.825,1.12622,1.12627,0.45,2.06
2021.12.14 19:31:40.245,1.12623,1.12625,0.45,0.75
2021.12.14 19:31:40.501,1.12623,1.12626,0.30,0.82
2021.12.14 19:31:41.728,1.12623,1.12627,0.30,2.06
2021.12.14 19:31:42.310,1.12623,1.12626,0.30,0.75
2021.12.14 19:31:42.463,1.12624,1.12626,0.30,0.75
2021.12.14 19:31:42.514,1.12623,1.12625,0.10,0.75
2021.12.14 19:31:47.623,1.12621,1.12625,0.10,0.10
2021.12.14 19:31:47.826,1.12621,1.12626,0.10,2.06
2021.12.14 19:31:48.695,1.12621,1.12625,0.10,0.75
2021.12.14 19:31:50.686,1.12622,1.12625,0.10,1.99
2021.12.14 19:31:51.257,1.12622,1.12626,0.10,1.99
2021.12.14 19:31:51.358,1.12621,1.12626,0.10,0.37
2021.12.14 19:31:53.167,1.12622,1.12626,0.10,0.75
2021.12.14 19:31:53.282,1.12621,1.12627,0.10,3.56
2021.12.14 19:31:53.637,1.12621,1.12626,0.10,0.75
2021.12.14 19:31:54.080,1.12621,1.12625,0.10,0.75
2021.12.14 19:31:54.639,1.12621,1.12626,0.10,0.75
2021.12.14 19:31:57.342,1.12622,1.12626,0.37,0.75
2021.12.14 19:31:59.424,1.12621,1.12626,3.45,1.01
2021.12.14 19:31:59.526,1.12621,1.12625,3.45,0.75
2021.12.14 19:31:59.753,1.12621,1.12627,3.45,7.28
2021.12.14 19:31:59.854,1.12621,1.12626,0.45,0.86
2021.12.14 19:32:00.041,1.12622,1.12626,0.37,0.86
2021.12.14 19:32:00.257,1.12621,1.12626,0.45,0.86
2021.12.14 19:32:01.738,1.12618,1.12621,4.88,0.10
2021.12.14 19:32:01.840,1.12618,1.1262,3.75,1.87
2021.12.14 19:32:01.992,1.12615,1.1262,0.37,2.10
2021.12.14 19:32:02.093,1.12615,1.12619,0.37,0.75
2021.12.14 19:32:02.194,1.12615,1.1262,0.37,1.57
2021.12.14 19:32:02.296,1.12616,1.1262,0.10,1.31
2021.12.14 19:32:02.397,1.12615,1.1262,1.39,0.86
2021.12.14 19:32:02.729,1.12616,1.1262,0.37,0.86
2021.12.14 19:32:03.086,1.12612,1.12614,1.87,0.75
2021.12.14 19:32:03.187,1.12611,1.12613,1.65,1.95
2021.12.14 19:32:03.238,1.12609,1.12613,0.10,0.10
2021.12.14 19:32:03.339,1.1261,1.12614,0.10,0.37
2021.12.14 19:32:03.719,1.12609,1.12614,3.07,0.82
2021.12.14 19:32:10.595,1.12611,1.12614,0.10,0.37
2021.12.14 19:32:10.747,1.12611,1.12615,0.10,0.10
2021.12.14 19:32:12.754,1.12613,1.12615,0.82,0.94
2021.12.14 19:32:12.855,1.12613,1.12616,0.10,0.19
2021.12.14 19:32:12.957,1.12613,1.12617,0.10,1.31
2021.12.14 19:32:14.394,1.12612,1.12617,0.82,2.06
2021.12.14 19:32:14.753,1.12612,1.12616,0.82,0.10
2021.12.14 19:32:17.722,1.12612,1.12617,0.10,4.13
2021.12.14 19:32:19.366,1.12611,1.12617,3.82,3.94
2021.12.14 19:32:20.044,1.12611,1.12616,3.82,0.10
2021.12.14 19:32:20.146,1.12612,1.12616,0.10,0.10
2021.12.14 19:32:22.362,1.12611,1.12616,4.20,0.10
2021.12.14 19:32:25.266,1.12611,1.12615,3.00,0.82
2021.12.14 19:32:25.367,1.1261,1.12615,3.82,1.57
2021.12.14 19:32:26.057,1.12611,1.12616,0.10,1.69
2021.12.14 19:32:26.501,1.12611,1.12615,3.07,0.75
2021.12.14 19:32:34.124,1.12611,1.12616,3.07,1.20
2021.12.14 19:32:34.377,1.12613,1.12615,0.10,0.10
2021.12.14 19:32:36.104,1.12611,1.12615,3.07,0.10
2021.12.14 19:32:40.056,1.12609,1.12611,2.40,0.10
2021.12.14 19:32:40.157,1.12608,1.12612,3.75,2.81
2021.12.14 19:32:40.309,1.12609,1.12612,0.10,0.75
2021.12.14 19:32:40.461,1.1261,1.12612,0.10,2.44
2021.12.14 19:32:40.563,1.12608,1.12613,0.26,2.44
2021.12.14 19:32:40.783,1.12609,1.12613,0.10,2.44
2021.12.14 19:32:41.889,1.12609,1.12612,0.26,3.19
2021.12.14 19:32:43.237,1.12609,1.12614,3.82,1.95
2021.12.14 19:32:43.339,1.12609,1.12612,0.10,0.37
2021.12.14 19:32:43.440,1.12608,1.12612,4.01,0.37
2021.12.14 19:32:43.592,1.12608,1.12613,4.01,1.95
2021.12.14 19:32:45.188,1.12609,1.12613,1.50,0.82
2021.12.14 19:32:45.678,1.12609,1.12612,4.01,1.95
2021.12.14 19:32:46.109,1.12609,1.12613,0.10,1.20
2021.12.14 19:32:46.895,1.12608,1.12612,3.07,0.82
2021.12.14 19:32:47.301,1.12609,1.12613,0.10,1.95
2021.12.14 19:32:48.467,1.12608,1.12612,0.10,0.45
2021.12.14 19:32:48.569,1.12607,1.12611,0.10,0.45
2021.12.14 19:32:50.019,1.12606,1.12611,4.01,1.12
2021.12.14 19:32:59.870,1.12606,1.1261,3.26,0.37
2021.12.14 19:33:01.915,1.12607,1.1261,3.26,1.20
2021.12.14 19:33:07.132,1.12606,1.1261,0.82,0.37
2021.12.14 19:33:09.446,1.12606,1.12611,0.82,2.25
2021.12.14 19:33:16.379,1.12606,1.1261,0.82,0.10
2021.12.14 19:33:17.039,1.12606,1.12611,0.82,2.25
2021.12.14 19:33:18.310,1.12606,1.1261,0.82,0.10
2021.12.14 19:33:46.870,1.12607,1.1261,0.37,0.45
2021.12.14 19:33:47.133,1.12606,1.1261,1.12,0.45
2021.12.14 19:33:49.620,1.12608,1.1261,0.10,3.90
2021.12.14 19:33:50.160,1.12606,1.12611,1.12,1.88
2021.12.14 19:33:53.353,1.12606,1.1261,1.12,0.75
2021.12.14 19:33:54.347,1.12607,1.1261,1.20,2.63
2021.12.14 19:33:55.094,1.12606,1.12609,0.82,0.75
2021.12.14 19:33:55.295,1.12607,1.12609,0.10,0.75
2021.12.14 19:33:55.504,1.12607,1.1261,0.10,0.10
2021.12.14 19:33:59.237,1.12606,1.1261,0.45,0.10
2021.12.14 19:33:59.878,1.12604,1.12608,0.75,3.64
2021.12.14 19:33:59.980,1.12603,1.12607,0.45,0.45
2021.12.14 19:34:00.081,1.12601,1.12605,0.10,3.23
2021.12.14 19:34:00.183,1.12599,1.12603,1.72,1.76
2021.12.14 19:34:07.649,1.12598,1.12602,0.10,0.82
2021.12.14 19:34:16.061,1.12598,1.12601,0.10,0.37
2021.12.14 19:34:18.081,1.12597,1.12601,6.41,0.45
2021.12.14 19:34:18.458,1.12598,1.12601,0.10,0.37
2021.12.14 19:34:22.402,1.12597,1.12601,7.91,0.45
2021.12.14 19:34:22.553,1.12598,1.12601,0.10,0.37
2021.12.14 19:34:22.967,1.12597,1.12599,2.40,0.10
2021.12.14 19:34:23.017,1.126,1.12603,0.82,2.40
2021.12.14 19:34:23.119,1.126,1.12604,0.10,0.82
2021.12.14 19:34:26.095,1.126,1.12603,3.07,0.37
2021.12.14 19:34:28.499,1.12599,1.12603,0.10,0.45
2021.12.14 19:34:30.157,1.12599,1.12602,0.10,1.87
2021.12.14 19:34:30.360,1.12598,1.12602,0.82,2.14
2021.12.14 19:34:30.411,1.12596,1.12599,1.65,0.94
2021.12.14 19:34:30.512,1.12596,1.12598,0.10,1.31
2021.12.14 19:34:34.231,1.12595,1.12598,0.10,0.75
2021.12.14 19:34:34.282,1.12594,1.12596,3.22,1.39
2021.12.14 19:34:36.173,1.12594,1.12598,1.57,1.61
2021.12.14 19:34:36.427,1.12593,1.12598,4.57,1.57
2021.12.14 19:34:37.584,1.12593,1.12597,0.82,0.86
2021.12.14 19:34:38.152,1.12592,1.12595,3.00,0.82
2021.12.14 19:34:39.275,1.12592,1.12596,3.00,1.20
2021.12.14 19:34:39.457,1.12591,1.12595,0.10,3.00
2021.12.14 19:34:39.610,1.12592,1.12596,0.10,0.82
2021.12.14 19:34:40.606,1.12593,1.12596,0.37,0.82
2021.12.14 19:34:42.533,1.12592,1.12596,0.30,0.82
2021.12.14 19:34:43.344,1.12593,1.12596,0.30,0.82
2021.12.14 19:34:44.199,1.12594,1.12598,0.37,1.12
2021.12.14 19:34:44.300,1.12592,1.12597,0.45,3.11
2021.12.14 19:34:45.080,1.12592,1.12596,0.37,0.75
2021.12.14 19:34:45.182,1.12591,1.12597,4.57,7.28
2021.12.14 19:34:45.283,1.12592,1.12597,0.10,6.75
2021.12.14 19:34:45.539,1.12591,1.12596,4.57,1.27
2021.12.14 19:34:45.640,1.12591,1.12597,4.57,9.15
2021.12.14 19:34:46.097,1.12592,1.12596,0.30,0.37
2021.12.14 19:34:46.300,1.12593,1.12596,0.30,0.37
2021.12.14 19:34:46.432,1.12592,1.12596,0.30,0.37
2021.12.14 19:34:46.540,1.12592,1.12597,0.30,5.63
2021.12.14 19:34:47.667,1.12592,1.12595,3.00,0.90
2021.12.14 19:34:47.920,1.12591,1.12594,3.07,0.37
2021.12.14 19:34:49.165,1.12591,1.12595,3.07,0.56
2021.12.14 19:34:57.225,1.1259,1.12594,4.57,0.45
2021.12.14 19:34:57.424,1.12591,1.12595,0.10,2.29
2021.12.14 19:34:58.720,1.12591,1.12594,0.10,0.45
2021.12.14 19:35:00.132,1.12589,1.12592,1.72,0.45
2021.12.14 19:35:00.444,1.1259,1.12593,0.10,0.45
2021.12.14 19:35:00.546,1.12589,1.12593,1.57,0.37
2021.12.14 19:35:00.910,1.12589,1.12592,0.10,0.75
2021.12.14 19:35:01.011,1.12588,1.12592,0.82,2.41
2021.12.14 19:35:01.113,1.12588,1.12591,0.10,1.31
2021.12.14 19:35:01.164,1.12585,1.12588,2.40,0.82
2021.12.14 19:35:01.215,1.12582,1.12587,7.20,3.64
2021.12.14 19:35:01.318,1.12582,1.12585,3.75,0.75
2021.12.14 19:35:01.420,1.1258,1.12584,0.10,0.10
2021.12.14 19:35:01.471,1.12579,1.12582,0.10,1.12
2021.12.14 19:35:01.572,1.1258,1.12583,1.50,0.75
2021.12.14 19:35:01.674,1.1258,1.12584,1.57,1.69
2021.12.14 19:35:02.404,1.1258,1.12583,2.32,0.86
2021.12.14 19:35:02.506,1.1258,1.12584,2.32,1.50
2021.12.14 19:35:02.659,1.1258,1.12583,2.32,0.37
2021.12.14 19:35:02.761,1.1258,1.12584,2.32,1.12
2021.12.14 19:35:03.229,1.12581,1.12582,2.32,0.37
2021.12.14 19:35:03.464,1.12581,1.12584,0.82,0.37
2021.12.14 19:35:04.550,1.1258,1.12583,1.57,1.24
2021.12.14 19:35:04.921,1.1258,1.12584,1.57,0.37
2021.12.14 19:35:08.587,1.1258,1.12585,5.32,2.02
2021.12.14 19:35:09.977,1.12581,1.12585,0.10,0.75
2021.12.14 19:35:10.078,1.12581,1.12586,0.10,3.00
2021.12.14 19:35:14.621,1.12581,1.12585,0.10,0.75
2021.12.14 19:35:15.283,1.12581,1.12586,0.10,4.91
2021.12.14 19:35:15.944,1.1258,1.12582,1.12,0.75
2021.12.14 19:35:15.996,1.12577,1.12581,3.07,0.75
2021.12.14 19:35:16.097,1.12577,1.12578,3.75,1.20
2021.12.14 19:35:16.148,1.12571,1.12574,0.64,0.75
2021.12.14 19:35:16.249,1.12571,1.12575,0.37,6.00
2021.12.14 19:35:16.350,1.12569,1.12574,1.39,2.06
2021.12.14 19:35:19.632,1.1257,1.12574,0.75,1.24
2021.12.14 19:35:19.733,1.12572,1.12574,0.10,0.37
2021.12.14 19:35:19.835,1.12571,1.12576,0.10,1.99
2021.12.14 19:35:21.225,1.12575,1.12577,0.26,0.75
2021.12.14 19:35:21.328,1.1258,1.12582,0.10,0.75
2021.12.14 19:35:21.429,1.12581,1.12584,0.10,3.75
2021.12.14 19:35:21.531,1.12581,1.12585,0.10,0.37
2021.12.14 19:35:21.784,1.12582,1.12586,0.37,1.50
2021.12.14 19:35:21.902,1.12581,1.12586,6.49,1.50
2021.12.14 19:35:22.004,1.12582,1.12586,0.75,2.36
2021.12.14 19:35:22.157,1.12581,1.12586,5.74,2.36
2021.12.14 19:35:23.403,1.12583,1.12588,0.10,5.06
2021.12.14 19:35:23.505,1.12584,1.12586,0.82,0.86
2021.12.14 19:35:24.132,1.12583,1.12588,0.10,1.99
2021.12.14 19:35:24.257,1.12582,1.12588,5.14,1.99
2021.12.14 19:35:24.374,1.12583,1.12588,0.10,1.99
2021.12.14 19:35:24.526,1.12582,1.12588,5.14,2.06
2021.12.14 19:35:24.645,1.12584,1.12587,0.10,1.69
2021.12.14 19:35:24.767,1.12582,1.12588,5.14,1.69
2021.12.14 19:35:24.903,1.12583,1.12588,0.10,1.69
2021.12.14 19:35:25.004,1.12582,1.12588,5.14,1.61
2021.12.14 19:35:25.449,1.12584,1.12587,0.10,2.81
2021.12.14 19:35:25.702,1.12584,1.12588,1.57,1.24
2021.12.14 19:35:25.803,1.12586,1.12589,0.37,0.86
2021.12.14 19:35:25.854,1.12587,1.12591,0.45,2.74
2021.12.14 19:35:25.906,1.1259,1.12593,0.82,4.09
2021.12.14 19:35:26.007,1.12591,1.12595,0.37,3.52
2021.12.14 19:35:26.108,1.1259,1.12595,3.94,2.25
2021.12.14 19:35:26.209,1.12589,1.12593,0.82,0.37
2021.12.14 19:35:26.311,1.12589,1.12592,1.76,1.61
2021.12.14 19:35:27.671,1.12588,1.12592,0.75,0.75
2021.12.14 19:35:27.772,1.12588,1.12593,0.75,2.63
2021.12.14 19:35:28.124,1.12588,1.12592,0.75,0.86
2021.12.14 19:35:28.259,1.12588,1.12593,0.75,3.38
2021.12.14 19:35:29.977,1.12588,1.12592,0.75,0.37
2021.12.14 19:35:42.075,1.12587,1.12592,0.15,1.24
2021.12.14 19:35:43.949,1.12586,1.12592,5.29,1.31
2021.12.14 19:35:45.103,1.12586,1.12591,5.29,0.10
2021.12.14 19:35:47.655,1.12586,1.1259,5.29,0.37
2021.12.14 19:35:48.309,1.12584,1.12588,0.37,1.31
2021.12.14 19:35:48.410,1.12583,1.12587,1.20,0.10
2021.12.14 19:35:48.513,1.12582,1.12586,0.75,3.19
2021.12.14 19:35:48.867,1.12582,1.12585,0.75,0.10
2021.12.14 19:35:50.344,1.12582,1.12586,0.75,2.32
2021.12.14 19:35:50.727,1.12582,1.12585,0.75,0.86
2021.12.14 19:35:50.828,1.12582,1.12586,0.75,1.57
2021.12.14 19:35:54.231,1.12583,1.12586,0.75,3.83
2021.12.14 19:35:54.688,1.12581,1.12586,2.40,1.95
2021.12.14 19:35:54.789,1.12583,1.12587,0.75,2.06
2021.12.14 19:35:55.092,1.12584,1.12587,1.95,0.10
2021.12.14 19:35:55.193,1.12584,1.12589,0.15,4.65
2021.12.14 19:35:56.961,1.12585,1.12589,0.15,0.86
2021.12.14 19:35:57.063,1.12584,1.12589,1.12,0.45
2021.12.14 19:35:58.151,1.12584,1.12588,0.82,0.10
2021.12.14 19:35:59.390,1.12584,1.12589,0.97,0.37
2021.12.14 19:35:59.887,1.12583,1.12587,1.57,0.10
2021.12.14 19:36:00.784,1.12583,1.12586,0.75,0.10
2021.12.14 19:36:01.074,1.12583,1.12587,0.82,0.94
2021.12.14 19:36:02.449,1.12583,1.12586,0.75,0.10
2021.12.14 19:36:04.322,1.12583,1.12587,0.75,5.21
2021.12.14 19:36:05.077,1.12583,1.12586,0.75,0.37
2021.12.14 19:36:05.178,1.12582,1.12586,0.75,0.45
2021.12.14 19:36:05.481,1.12582,1.12587,0.75,6.00
2021.12.14 19:36:07.131,1.12583,1.12585,0.75,0.52
2021.12.14 19:36:07.971,1.12582,1.12587,0.75,7.73
2021.12.14 19:36:11.979,1.12582,1.12586,1.12,0.75
2021.12.14 19:36:25.467,1.12583,1.12586,0.15,0.75
2021.12.14 19:36:26.053,1.12582,1.12586,4.20,0.75
2021.12.14 19:36:30.523,1.12581,1.12586,0.82,1.57
2021.12.14 19:36:32.631,1.12581,1.12585,0.82,0.22
2021.12.14 19:36:37.089,1.12581,1.12586,5.14,1.12
2021.12.14 19:36:39.217,1.12582,1.12586,0.37,0.75
2021.12.14 19:36:40.818,1.12581,1.12585,1.12,2.44
2021.12.14 19:36:45.017,1.12579,1.12583,3.22,0.37
2021.12.14 19:36:45.119,1.1258,1.12583,0.10,0.37
2021.12.14 19:36:45.220,1.1258,1.12584,0.10,4.24
2021.12.14 19:36:45.321,1.12579,1.12584,1.57,4.31
2021.12.14 19:36:49.710,1.1258,1.12584,0.75,3.00
2021.12.14 19:36:55.108,1.12579,1.12583,0.75,1.24
2021.12.14 19:36:55.209,1.1258,1.12584,0.15,4.31
2021.12.14 19:36:55.311,1.1258,1.12583,1.35,3.56
2021.12.14 19:37:00.258,1.12579,1.12583,0.82,2.36
2021.12.14 19:37:02.016,1.1258,1.12584,0.45,3.26
2021.12.14 19:37:02.218,1.12579,1.12584,2.14,2.44
2021.12.14 19:37:02.757,1.1258,1.12584,0.15,1.61
2021.12.14 19:37:02.959,1.1258,1.12583,0.15,0.86
2021.12.14 19:37:03.243,1.1258,1.12584,0.15,0.82
2021.12.14 19:37:03.411,1.1258,1.12583,1.20,0.86
2021.12.14 19:37:12.098,1.12581,1.12583,1.57,0.86
2021.12.14 19:37:12.251,1.12581,1.12584,0.37,0.94
2021.12.14 19:37:12.860,1.1258,1.12583,1.12,0.10
2021.12.14 19:37:15.981,1.1258,1.12584,0.75,0.86
2021.12.14 19:37:16.572,1.12581,1.12584,0.15,0.10
2021.12.14 19:37:16.876,1.1258,1.12583,0.75,0.10
2021.12.14 19:37:20.722,1.12579,1.12583,0.97,0.94
2021.12.14 19:37:27.669,1.12578,1.12582,2.89,0.10
2021.12.14 19:37:27.770,1.12577,1.12581,1.57,0.94
2021.12.14 19:37:27.872,1.12577,1.12582,0.75,6.00
2021.12.14 19:37:29.173,1.12577,1.12581,0.97,0.94
2021.12.14 19:37:36.736,1.12577,1.12582,2.51,2.36
2021.12.14 19:37:38.909,1.12578,1.1258,2.51,0.10
2021.12.14 19:37:39.408,1.12579,1.12582,1.01,0.75
2021.12.14 19:37:39.509,1.12579,1.12583,1.39,1.65
2021.12.14 19:37:43.201,1.12581,1.12584,0.15,0.10
2021.12.14 19:37:43.303,1.12581,1.12585,0.10,1.31
2021.12.14 19:37:48.991,1.12581,1.12584,0.75,0.10
2021.12.14 19:37:49.458,1.1258,1.12584,0.75,2.36
2021.12.14 19:37:49.559,1.1258,1.12583,0.75,1.65
2021.12.14 19:37:50.134,1.1258,1.12584,0.75,1.24
2021.12.14 19:37:53.000,1.12579,1.12583,0.75,0.37
2021.12.14 19:37:53.101,1.12578,1.12582,1.16,0.10
2021.12.14 19:37:53.253,1.12578,1.12581,0.75,0.10
2021.12.14 19:37:53.726,1.12578,1.12582,0.75,0.37
2021.12.14 19:37:55.626,1.12578,1.12583,2.14,3.26
2021.12.14 19:37:59.019,1.12579,1.12583,0.10,1.01
2021.12.14 19:38:03.387,1.1258,1.12584,4.39,0.10
2021.12.14 19:38:03.590,1.12581,1.12584,0.15,0.10
2021.12.14 19:38:03.862,1.12581,1.12585,0.15,2.06
2021.12.14 19:38:05.506,1.12581,1.12586,1.16,2.06
2021.12.14 19:38:08.287,1.12581,1.12585,1.01,0.37
2021.12.14 19:38:11.221,1.12581,1.12583,0.75,1.50
2021.12.14 19:38:11.322,1.12578,1.12581,0.75,0.10
2021.12.14 19:38:11.423,1.12577,1.1258,4.88,0.37
2021.12.14 19:38:11.625,1.12577,1.12579,0.75,0.10
2021.12.14 19:38:11.910,1.12577,1.1258,0.75,0.45
2021.12.14 19:38:12.397,1.12577,1.12579,0.75,0.10
2021.12.14 19:38:13.086,1.12578,1.12579,0.75,0.45
2021.12.14 19:38:17.973,1.12577,1.12579,1.39,0.10
2021.12.14 19:38:18.078,1.12576,1.12579,0.82,0.10
2021.12.14 19:38:21.746,1.12576,1.1258,0.90,0.45
2021.12.14 19:38:21.847,1.12576,1.12579,0.82,0.10
2021.12.14 19:38:22.322,1.12577,1.12579,0.90,0.45
2021.12.14 19:38:26.445,1.12576,1.12579,0.75,0.10
2021.12.14 19:38:26.547,1.12576,1.1258,0.75,0.10
2021.12.14 19:38:27.511,1.12576,1.12579,3.82,0.10
2021.12.14 19:38:27.822,1.12577,1.1258,3.07,0.10
2021.12.14 19:38:36.677,1.12576,1.1258,1.01,0.10
2021.12.14 19:38:46.319,1.12576,1.12578,0.75,0.45
2021.12.14 19:38:46.420,1.12576,1.12577,0.75,0.45
2021.12.14 19:38:49.777,1.12574,1.12578,0.75,0.45
2021.12.14 19:38:55.163,1.12575,1.12579,1.20,1.69
2021.12.14 19:38:55.416,1.12575,1.1258,1.20,1.54
2021.12.14 19:38:58.632,1.12575,1.12579,1.12,0.10
2021.12.14 19:38:58.733,1.12577,1.12578,0.75,0.10
2021.12.14 19:39:00.525,1.12576,1.1258,0.75,2.66
2021.12.14 19:39:00.773,1.12576,1.12579,0.75,0.10
2021.12.14 19:39:00.874,1.12576,1.1258,0.75,1.16
2021.12.14 19:39:18.374,1.12575,1.12579,0.82,0.22
2021.12.14 19:39:18.526,1.12575,1.1258,4.01,1.31
2021.12.14 19:39:22.758,1.12576,1.1258,0.75,0.45
2021.12.14 19:39:24.162,1.12576,1.12579,0.75,0.45
2021.12.14 19:39:24.364,1.12576,1.12578,0.75,0.10
2021.12.14 19:39:27.234,1.12576,1.12578,0.75,2.32
2021.12.14 19:39:28.499,1.12575,1.12579,0.90,0.82
2021.12.14 19:39:32.955,1.12576,1.1258,1.12,0.82
2021.12.14 19:39:44.241,1.12577,1.12578,0.75,0.10
2021.12.14 19:39:45.844,1.12576,1.1258,0.75,1.57
2021.12.14 19:39:46.708,1.12576,1.12579,1.12,0.10
2021.12.14 19:39:46.860,1.12576,1.1258,1.20,0.82
2021.12.14 19:40:00.433,1.12576,1.12579,0.75,0.82
2021.12.14 19:40:00.534,1.12576,1.1258,0.90,0.45
2021.12.14 19:40:02.259,1.12577,1.1258,0.75,0.10
2021.12.14 19:40:05.914,1.12577,1.12581,0.82,2.06
2021.12.14 19:40:05.965,1.12582,1.12584,0.82,2.25
2021.12.14 19:40:06.087,1.12581,1.12584,2.92,0.75
2021.12.14 19:40:07.782,1.12583,1.12584,0.22,0.82
2021.12.14 19:40:07.833,1.12579,1.12583,1.50,0.10
2021.12.14 19:40:07.934,1.1258,1.12583,0.75,0.94
2021.12.14 19:40:08.137,1.1258,1.12584,0.75,3.19
2021.12.14 19:40:08.238,1.1258,1.12583,0.75,0.10
2021.12.14 19:40:10.490,1.1258,1.12584,0.75,3.19
2021.12.14 19:40:10.591,1.1258,1.12583,0.75,0.10
2021.12.14 19:40:10.753,1.12581,1.12583,0.75,3.19
2021.12.14 19:40:11.066,1.1258,1.12583,0.75,0.10
2021.12.14 19:40:12.276,1.1258,1.12584,0.75,3.19
2021.12.14 19:40:13.314,1.12578,1.12581,1.87,0.10
2021.12.14 19:40:15.246,1.12577,1.12581,1.39,0.10
2021.12.14 19:40:15.348,1.12579,1.12581,1.80,0.10
2021.12.14 19:40:20.425,1.12578,1.12581,0.75,0.10
2021.12.14 19:40:21.088,1.12578,1.12582,1.05,0.10
2021.12.14 19:40:21.189,1.12579,1.12583,0.97,1.31
2021.12.14 19:40:23.023,1.1258,1.12583,0.75,0.10
2021.12.14 19:40:23.559,1.1258,1.12584,0.75,3.38
2021.12.14 19:40:23.769,1.1258,1.12583,0.75,0.10
2021.12.14 19:40:28.130,1.12581,1.12583,0.75,4.13
2021.12.14 19:40:29.685,1.12582,1.12583,4.05,0.75
2021.12.14 19:40:29.888,1.12582,1.12584,0.10,0.75
2021.12.14 19:40:29.938,1.12582,1.12586,0.10,0.82
2021.12.14 19:40:30.176,1.12581,1.12585,1.05,0.10
2021.12.14 19:40:30.642,1.12581,1.12586,1.80,2.63
2021.12.14 19:40:31.106,1.12582,1.12586,0.10,1.88
2021.12.14 19:40:31.491,1.12581,1.12586,1.99,1.69
2021.12.14 19:40:31.792,1.12583,1.12585,0.10,1.69
2021.12.14 19:40:31.843,1.12584,1.12587,1.50,0.10
2021.12.14 19:40:31.945,1.12586,1.12588,0.75,3.22
2021.12.14 19:40:32.046,1.12586,1.12588,0.75,0.10
2021.12.14 19:40:37.321,1.12584,1.12587,0.15,0.10
2021.12.14 19:40:37.372,1.12583,1.12585,0.75,0.10
2021.12.14 19:40:37.473,1.12582,1.12585,0.75,0.10
2021.12.14 19:40:37.891,1.12582,1.12586,0.75,2.81
2021.12.14 19:40:38.078,1.12582,1.12585,0.75,0.10
2021.12.14 19:40:38.230,1.12582,1.12584,0.75,0.10
2021.12.14 19:40:38.332,1.12581,1.12583,0.75,0.10
2021.12.14 19:40:40.125,1.12578,1.12582,3.82,0.10
2021.12.14 19:40:40.175,1.1258,1.12582,0.75,0.10
2021.12.14 19:40:40.226,1.12578,1.12582,0.75,0.97
2021.12.14 19:40:40.327,1.12579,1.1258,0.75,0.10
2021.12.14 19:40:40.429,1.12578,1.12582,0.75,1.57
2021.12.14 19:40:43.526,1.12578,1.12581,0.75,0.10
2021.12.14 19:40:43.756,1.12579,1.12582,0.75,0.10
2021.12.14 19:40:44.041,1.12578,1.12582,0.75,0.10
2021.12.14 19:40:44.143,1.12576,1.12579,7.84,0.82
2021.12.14 19:40:44.245,1.12575,1.12579,0.75,0.45
2021.12.14 19:40:44.649,1.12575,1.1258,7.01,0.45
2021.12.14 19:40:45.558,1.12576,1.1258,0.75,0.45
2021.12.14 19:40:45.723,1.12576,1.12579,0.75,1.12
2021.12.14 19:40:45.824,1.12577,1.1258,0.75,1.24
2021.12.14 19:40:49.235,1.12578,1.12581,0.75,0.37
2021.12.14 19:40:49.337,1.12578,1.12582,0.75,4.09
2021.12.14 19:40:49.603,1.1258,1.12583,0.82,2.40
2021.12.14 19:40:49.705,1.12582,1.12584,0.75,1.31
2021.12.14 19:40:50.775,1.12582,1.12583,0.75,0.15
2021.12.14 19:40:50.927,1.12581,1.12585,0.75,1.69
2021.12.14 19:40:51.079,1.12581,1.12586,0.82,3.19
2021.12.14 19:40:51.693,1.12582,1.12586,0.10,0.86
2021.12.14 19:40:51.946,1.12582,1.12587,0.82,2.06
2021.12.14 19:40:52.047,1.12583,1.12587,0.82,0.86
2021.12.14 19:40:53.101,1.12583,1.12588,0.82,5.03
2021.12.14 19:40:53.202,1.12583,1.12587,0.75,0.45
2021.12.14 19:40:55.141,1.12583,1.12588,0.75,4.50
2021.12.14 19:40:58.406,1.12583,1.12587,0.75,1.31
2021.12.14 19:41:00.763,1.12584,1.12587,0.75,3.75
2021.12.14 19:41:01.108,1.12583,1.12587,0.75,1.46
2021.12.14 19:41:02.177,1.12585,1.12588,0.75,2.40
2021.12.14 19:41:02.278,1.12585,1.12589,0.75,1.84
2021.12.14 19:41:04.123,1.12584,1.12588,0.75,0.97
2021.12.14 19:41:04.225,1.12584,1.12586,0.75,0.10
2021.12.14 19:41:04.478,1.12585,1.12586,0.75,0.86
2021.12.14 19:41:05.155,1.12584,1.12588,0.75,3.00
2021.12.14 19:41:05.720,1.12584,1.12587,0.75,0.15
2021.12.14 19:41:05.923,1.12584,1.12588,0.75,5.21
2021.12.14 19:41:06.699,1.12583,1.12588,7.57,2.40
2021.12.14 19:41:06.800,1.12583,1.12589,7.57,3.19
2021.12.14 19:41:07.244,1.12583,1.12587,6.82,0.10
2021.12.14 19:41:07.345,1.12583,1.12589,6.82,2.81
2021.12.14 19:41:08.895,1.12584,1.12587,0.75,1.01
2021.12.14 19:41:10.017,1.12584,1.12588,0.75,0.86
2021.12.14 19:41:10.118,1.12584,1.12589,0.75,2.63
2021.12.14 19:41:11.217,1.12584,1.12587,0.75,0.10
2021.12.14 19:41:11.582,1.12584,1.12589,0.75,2.78
2021.12.14 19:41:13.076,1.12584,1.12587,0.75,0.10
2021.12.14 19:41:13.127,1.12584,1.12589,0.75,2.63
2021.12.14 19:41:14.037,1.12584,1.12588,0.82,0.10
2021.12.14 19:41:14.741,1.12585,1.12588,0.75,0.10
2021.12.14 19:41:15.170,1.12586,1.12588,0.82,0.10
2021.12.14 19:41:15.271,1.12586,1.12589,0.75,0.10
2021.12.14 19:41:16.564,1.12586,1.1259,0.75,6.38
2021.12.14 19:41:18.365,1.12586,1.12589,0.75,0.15
2021.12.14 19:41:18.760,1.12586,1.1259,0.75,4.28
2021.12.14 19:41:20.170,1.12586,1.12588,0.75,0.10
2021.12.14 19:41:20.322,1.12586,1.1259,0.75,5.63
2021.12.14 19:41:21.767,1.12586,1.12589,1.12,0.10
2021.12.14 19:41:22.127,1.12586,1.1259,1.20,0.82
2021.12.14 19:41:22.839,1.12588,1.12589,0.37,0.10
2021.12.14 19:41:22.941,1.12587,1.12591,0.37,1.43
2021.12.14 19:41:24.323,1.12587,1.1259,0.37,0.10
2021.12.14 19:41:24.942,1.12586,1.1259,1.57,0.10
2021.12.14 19:41:25.740,1.12587,1.1259,0.75,0.10
2021.12.14 19:41:25.841,1.12587,1.12591,0.82,1.13
2021.12.14 19:41:27.176,1.12587,1.1259,0.75,0.10
2021.12.14 19:41:34.594,1.12585,1.12588,3.37,0.10
2021.12.14 19:41:34.695,1.12587,1.12589,0.75,0.22
2021.12.14 19:41:34.796,1.12586,1.12587,3.00,0.10
2021.12.14 19:41:34.847,1.12587,1.12589,0.75,0.22
2021.12.14 19:41:34.999,1.12584,1.12588,4.57,0.10
2021.12.14 19:41:35.049,1.12586,1.12588,0.75,0.67
2021.12.14 19:41:42.351,1.12585,1.12586,0.75,0.10
2021.12.14 19:41:42.452,1.12585,1.12588,0.75,0.94
2021.12.14 19:41:42.806,1.12585,1.12589,0.75,0.94
2021.12.14 19:41:42.908,1.12587,1.12588,0.75,0.10
2021.12.14 19:41:45.105,1.12588,1.12589,0.75,0.10
2021.12.14 19:41:45.207,1.12587,1.12591,0.82,0.10
2021.12.14 19:41:45.308,1.12588,1.12591,0.75,1.69
2021.12.14 19:42:05.451,1.1259,1.12593,1.95,5.89
2021.12.14 19:42:05.553,1.12592,1.12595,0.75,3.79
2021.12.14 19:42:07.245,1.12593,1.12595,0.75,0.19
2021.12.14 19:42:08.426,1.1259,1.12594,4.20,0.10
2021.12.14 19:42:08.579,1.12593,1.12595,0.75,0.19
2021.12.14 19:42:08.776,1.1259,1.12594,4.20,0.10
2021.12.14 19:42:08.846,1.12593,1.12595,0.75,0.19
2021.12.14 19:42:08.897,1.1259,1.12594,3.82,0.10
2021.12.14 19:42:09.099,1.12593,1.12596,0.75,2.89
2021.12.14 19:42:13.009,1.1259,1.12594,4.39,0.10
2021.12.14 19:42:13.422,1.12593,1.12596,0.75,5.51
2021.12.14 19:42:15.724,1.12593,1.12595,0.75,0.10
2021.12.14 19:42:18.227,1.12593,1.12597,0.75,4.13
2021.12.14 19:42:18.329,1.12593,1.12596,0.75,0.10
2021.12.14 19:42:21.258,1.12594,1.12598,0.75,3.00
2021.12.14 19:42:21.359,1.12594,1.12597,0.75,0.10
2021.12.14 19:42:21.586,1.12594,1.12598,0.75,3.00
2021.12.14 19:42:21.935,1.12594,1.12597,0.75,0.10
2021.12.14 19:42:30.051,1.12594,1.12596,0.75,0.10
2021.12.14 19:42:30.461,1.12594,1.12597,0.75,0.10
2021.12.14 19:42:33.231,1.12594,1.12596,0.75,0.10
2021.12.14 19:42:33.824,1.12594,1.12597,0.75,1.05
2021.12.14 19:42:34.279,1.12594,1.12598,0.75,3.83
2021.12.14 19:42:34.478,1.12594,1.12597,0.75,0.10
2021.12.14 19:42:35.306,1.12594,1.12598,0.75,2.06
2021.12.14 19:42:35.877,1.12594,1.12597,0.75,0.10
2021.12.14 19:42:35.993,1.12594,1.12598,0.75,2.06
2021.12.14 19:42:36.125,1.12594,1.12597,0.75,0.10
2021.12.14 19:42:36.323,1.12594,1.12598,0.75,1.31
2021.12.14 19:42:36.487,1.12594,1.12597,0.75,0.10
2021.12.14 19:42:36.983,1.12595,1.12599,0.10,1.61
2021.12.14 19:42:37.034,1.12597,1.12599,0.75,0.10
2021.12.14 19:42:37.135,1.12597,1.126,0.75,0.41
2021.12.14 19:42:37.236,1.12597,1.12601,0.75,0.82
2021.12.14 19:42:37.337,1.12598,1.12601,0.75,0.82
2021.12.14 19:42:42.926,1.12597,1.12599,0.10,0.75
2021.12.14 19:42:43.242,1.12598,1.12601,0.75,0.82
2021.12.14 19:42:45.551,1.12598,1.126,0.75,0.10
2021.12.14 19:42:52.127,1.12594,1.12598,3.97,0.10
2021.12.14 19:42:53.633,1.12594,1.12597,0.75,0.10
2021.12.14 19:42:53.886,1.12594,1.12596,0.75,0.22
2021.12.14 19:42:54.629,1.12593,1.12594,0.82,0.75
2021.12.14 19:42:54.730,1.12593,1.12596,0.75,1.35
2021.12.14 19:42:57.089,1.12594,1.12596,0.75,0.10
2021.12.14 19:42:57.299,1.12594,1.12597,0.75,1.69
2021.12.14 19:42:57.727,1.12595,1.12598,0.75,2.44
2021.12.14 19:43:02.834,1.12596,1.12598,0.75,0.10
2021.12.14 19:43:02.885,1.12594,1.12598,0.10,0.94
2021.12.14 19:43:04.167,1.12595,1.12599,0.15,1.61
2021.12.14 19:43:04.268,1.12597,1.126,0.75,0.94
2021.12.14 19:43:04.375,1.12597,1.12599,0.75,0.10
2021.12.14 19:43:04.476,1.12597,1.126,0.75,0.10
2021.12.14 19:43:12.307,1.12596,1.126,0.10,0.94
2021.12.14 19:43:12.774,1.12598,1.12601,0.75,0.82
2021.12.14 19:43:14.998,1.12596,1.126,0.37,0.86
2021.12.14 19:43:15.049,1.12598,1.12601,0.75,0.82
2021.12.14 19:43:16.730,1.12599,1.12601,0.82,1.69
2021.12.14 19:43:16.832,1.12599,1.12602,0.75,0.10
2021.12.14 19:43:21.881,1.12599,1.12601,0.75,0.10
2021.12.14 19:43:29.179,1.126,1.12601,0.75,0.10
2021.12.14 19:43:37.624,1.12599,1.12601,0.75,0.10
2021.12.14 19:43:38.093,1.12599,1.12602,0.75,0.10
2021.12.14 19:43:38.196,1.12599,1.12601,0.75,0.10
2021.12.14 19:43:40.756,1.12596,1.126,1.57,0.94
2021.12.14 19:43:43.790,1.12598,1.126,0.75,0.22
2021.12.14 19:43:43.891,1.12598,1.12601,0.75,3.53
2021.12.14 19:43:44.980,1.12596,1.12598,0.82,0.10
2021.12.14 19:43:48.264,1.12594,1.12599,0.82,1.09
2021.12.14 19:43:48.365,1.12595,1.12597,0.82,0.10
2021.12.14 19:43:48.485,1.12595,1.12599,0.10,0.94
2021.12.14 19:43:48.587,1.12597,1.12599,0.75,0.10
2021.12.14 19:43:48.638,1.12595,1.12599,0.10,0.94
2021.12.14 19:43:48.739,1.12594,1.12598,0.45,0.10
2021.12.14 19:43:48.790,1.12596,1.12598,0.75,0.10
2021.12.14 19:43:49.388,1.12595,1.12599,0.45,0.86
2021.12.14 19:43:49.489,1.12597,1.126,0.75,1.69
2021.12.14 19:43:50.317,1.12598,1.12601,0.75,2.25
2021.12.14 19:43:50.671,1.12598,1.126,0.75,0.10
2021.12.14 19:43:50.822,1.12595,1.12599,0.45,0.22
2021.12.14 19:43:54.199,1.12597,1.12599,0.75,0.10
2021.12.14 19:43:55.528,1.12594,1.12599,0.82,1.09
2021.12.14 19:43:55.726,1.12595,1.12599,0.10,1.09
2021.12.14 19:43:56.859,1.12594,1.12598,0.82,0.10
2021.12.14 19:43:56.960,1.12594,1.12599,0.82,1.09
2021.12.14 19:43:57.652,1.12595,1.12599,0.45,0.94
2021.12.14 19:43:57.753,1.12597,1.12598,0.10,0.86
2021.12.14 19:43:57.855,1.12597,1.12599,0.75,0.10
2021.12.14 19:43:58.268,1.12598,1.126,0.75,0.10
2021.12.14 19:43:58.369,1.12598,1.12601,0.75,1.31
2021.12.14 19:43:58.470,1.12598,1.12599,0.75,0.10
2021.12.14 19:44:01.225,1.12598,1.12601,0.75,0.10
2021.12.14 19:44:01.794,1.12598,1.12599,0.75,0.10
2021.12.14 19:44:03.377,1.12598,1.12601,0.75,0.10
2021.12.14 19:44:03.630,1.12601,1.12602,0.75,0.10
2021.12.14 19:44:04.478,1.12601,1.12603,0.75,0.10
2021.12.14 19:44:15.621,1.126,1.12604,0.10,0.94
2021.12.14 19:44:19.411,1.12601,1.12603,0.75,0.10
2021.12.14 19:44:19.512,1.126,1.12603,0.75,0.10
2021.12.14 19:44:23.142,1.12597,1.12601,5.02,0.10
2021.12.14 19:44:23.244,1.126,1.12602,0.75,0.10
2021.12.14 19:44:23.598,1.12597,1.12601,4.95,0.10
2021.12.14 19:44:23.699,1.126,1.12602,0.75,0.10
2021.12.14 19:44:24.572,1.12602,1.12605,0.75,1.95
2021.12.14 19:44:24.673,1.12603,1.12606,0.75,0.71
2021.12.14 19:44:24.774,1.12603,1.12605,0.75,0.10
2021.12.14 19:44:25.507,1.12602,1.12604,0.75,0.10
2021.12.14 19:44:25.608,1.12601,1.12604,3.00,0.10
2021.12.14 19:44:25.709,1.126,1.12604,1.20,0.10
2021.12.14 19:44:26.335,1.12601,1.12604,3.00,0.10
2021.12.14 19:44:27.288,1.12601,1.12605,0.10,1.13
2021.12.14 19:44:27.901,1.12603,1.12605,0.75,0.26
2021.12.14 19:44:28.002,1.12603,1.12606,0.75,0.64
2021.12.14 19:44:30.036,1.12603,1.12604,0.10,0.86
2021.12.14 19:44:30.421,1.12603,1.12606,0.75,0.26
2021.12.14 19:44:30.642,1.12602,1.12605,0.15,0.86
2021.12.14 19:44:33.233,1.12604,1.12605,0.75,0.26
2021.12.14 19:44:33.768,1.12602,1.12605,0.82,0.10
2021.12.14 19:44:34.166,1.12604,1.12606,0.75,0.26
2021.12.14 19:44:35.214,1.12604,1.12606,2.14,0.86
2021.12.14 19:44:35.315,1.12608,1.12609,0.75,1.65
2021.12.14 19:44:35.467,1.12606,1.12609,0.75,0.10
2021.12.14 19:44:35.569,1.12606,1.12608,0.75,0.10
2021.12.14 19:44:35.821,1.12605,1.12608,0.75,0.10
2021.12.14 19:44:36.482,1.12605,1.12607,0.75,0.10
2021.12.14 19:44:39.071,1.12605,1.12608,0.75,1.31
2021.12.14 19:44:39.327,1.12605,1.12607,0.75,0.10
2021.12.14 19:44:39.894,1.12605,1.12608,0.75,1.31
2021.12.14 19:44:40.164,1.12604,1.12608,0.10,0.94
2021.12.14 19:44:40.265,1.12605,1.12608,0.75,1.69
2021.12.14 19:44:42.723,1.12606,1.12609,0.75,0.82
2021.12.14 19:44:42.825,1.12605,1.12608,0.75,1.20
2021.12.14 19:44:50.241,1.12606,1.12609,0.75,0.45
2021.12.14 19:44:55.755,1.12607,1.12609,0.75,0.10
2021.12.14 19:45:00.260,1.12606,1.12607,0.75,1.20
2021.12.14 19:45:01.188,1.12605,1.12607,0.75,0.10
2021.12.14 19:45:01.289,1.12603,1.12606,0.75,0.10
2021.12.14 19:45:01.391,1.12605,1.12607,0.75,0.10
2021.12.14 19:45:01.542,1.12603,1.12606,0.75,0.10
2021.12.14 19:45:01.999,1.12605,1.12607,0.75,0.10
2021.12.14 19:45:04.230,1.12602,1.12606,4.20,0.10
2021.12.14 19:45:04.382,1.12604,1.12606,0.75,0.10
2021.12.14 19:45:04.483,1.12603,1.12605,0.75,0.82
2021.12.14 19:45:04.635,1.12602,1.12604,0.75,0.10
2021.12.14 19:45:04.838,1.12602,1.12605,0.75,0.82
2021.12.14 19:45:04.939,1.12602,1.12604,0.75,0.82
2021.12.14 19:45:05.142,1.12602,1.12605,0.75,0.10
2021.12.14 19:45:05.294,1.12603,1.12605,0.75,0.10
2021.12.14 19:45:05.345,1.12601,1.12605,0.15,0.94
2021.12.14 19:45:06.349,1.12603,1.12606,0.75,0.82
2021.12.14 19:45:11.938,1.12605,1.12607,0.75,0.10
2021.12.14 19:45:12.090,1.12605,1.12608,0.75,0.82
2021.12.14 19:45:12.191,1.12605,1.12606,0.75,0.10
2021.12.14 19:45:12.293,1.12605,1.12608,0.75,0.45
2021.12.14 19:45:12.611,1.12605,1.12607,0.75,0.10
2021.12.14 19:45:13.293,1.12605,1.12608,0.75,1.20
2021.12.14 19:45:13.395,1.12605,1.12607,0.75,0.10
2021.12.14 19:45:21.098,1.12605,1.12608,0.75,0.45
2021.12.14 19:45:21.199,1.12605,1.12607,0.75,0.10
2021.12.14 19:45:21.374,1.12605,1.12608,0.75,0.82
2021.12.14 19:45:21.475,1.12607,1.12609,0.75,0.10
2021.12.14 19:45:26.047,1.12607,1.1261,0.75,0.94
2021.12.14 19:45:26.250,1.12608,1.1261,0.75,0.10
2021.12.14 19:45:26.351,1.12608,1.12611,0.75,1.69
2021.12.14 19:45:26.475,1.12608,1.1261,0.75,0.10
2021.12.14 19:45:26.627,1.12608,1.12611,0.75,1.69
2021.12.14 19:45:28.835,1.12609,1.12612,0.75,0.86
2021.12.14 19:45:28.936,1.12609,1.12613,0.90,0.10
2021.12.14 19:45:29.038,1.12609,1.12612,0.82,0.86
2021.12.14 19:45:29.139,1.12609,1.12613,0.90,0.94
2021.12.14 19:45:29.292,1.1261,1.12613,0.75,0.94
2021.12.14 19:45:29.607,1.1261,1.12612,0.75,0.10
2021.12.14 19:45:29.810,1.1261,1.12613,0.75,3.19
2021.12.14 19:45:29.961,1.1261,1.12612,0.75,0.10
2021.12.14 19:45:30.063,1.12608,1.12612,0.10,0.94
2021.12.14 19:45:31.606,1.12609,1.12612,0.10,0.94
2021.12.14 19:45:31.708,1.12608,1.12612,0.15,0.94
2021.12.14 19:45:31.809,1.12609,1.12612,0.10,0.94
2021.12.14 19:45:31.961,1.12608,1.12612,0.15,0.94
2021.12.14 19:45:32.062,1.12609,1.12612,0.10,0.86
2021.12.14 19:45:32.113,1.12612,1.12614,0.75,2.40
2021.12.14 19:45:32.164,1.12612,1.12616,0.75,0.82
2021.12.14 19:45:32.265,1.12613,1.12616,0.75,0.10
2021.12.14 19:45:32.417,1.12614,1.12616,0.75,1.95
2021.12.14 19:45:32.519,1.12615,1.12617,0.75,0.10
2021.12.14 19:45:32.620,1.12615,1.12618,0.75,2.81
2021.12.14 19:45:33.556,1.12613,1.12617,1.09,0.86
2021.12.14 19:45:33.852,1.12615,1.12617,0.75,0.10
2021.12.14 19:45:33.954,1.12615,1.12618,0.75,0.45
2021.12.14 19:45:36.758,1.12614,1.12617,0.37,0.10
2021.12.14 19:45:36.960,1.12613,1.12617,1.39,0.94
2021.12.14 19:45:37.460,1.12614,1.12617,0.75,0.10
2021.12.14 19:45:54.840,1.12615,1.12618,0.75,0.86
2021.12.14 19:45:54.942,1.12617,1.12618,0.75,0.10
2021.12.14 19:45:55.043,1.12617,1.12619,0.75,0.10
2021.12.14 19:45:56.501,1.12617,1.1262,0.75,0.94
2021.12.14 19:46:00.213,1.12617,1.12619,0.75,0.10
2021.12.14 19:46:02.562,1.12615,1.12617,0.75,0.10
2021.12.14 19:46:08.372,1.12615,1.12618,0.75,0.94
2021.12.14 19:46:08.474,1.12614,1.12618,0.82,1.69
2021.12.14 19:46:08.626,1.12614,1.12617,0.75,0.10
2021.12.14 19:46:08.834,1.12614,1.12618,0.82,2.25
2021.12.14 19:46:09.313,1.12614,1.12617,0.75,0.10
2021.12.14 19:46:15.496,1.12613,1.12616,0.75,0.10
2021.12.14 19:46:18.709,1.12614,1.12617,0.75,1.01
2021.12.14 19:46:23.062,1.12614,1.12616,0.75,0.82
2021.12.14 19:46:23.164,1.12614,1.12617,0.75,1.39
2021.12.14 19:46:24.201,1.12614,1.12616,0.75,0.10
2021.12.14 19:46:24.317,1.12614,1.12617,0.75,0.64
2021.12.14 19:46:25.902,1.12613,1.12616,0.75,0.10
2021.12.14 19:46:26.003,1.1261,1.12612,2.59,0.10
2021.12.14 19:46:26.105,1.12608,1.12611,1.50,0.10
2021.12.14 19:46:26.206,1.12608,1.1261,0.75,0.10
2021.12.14 19:46:26.409,1.12607,1.1261,0.10,0.86
2021.12.14 19:46:26.510,1.12609,1.1261,0.75,0.10
2021.12.14 19:46:34.838,1.12607,1.1261,0.75,0.10
2021.12.14 19:46:35.041,1.12607,1.12611,0.75,1.31
2021.12.14 19:46:39.761,1.12608,1.12611,0.75,1.31
2021.12.14 19:46:42.171,1.12608,1.1261,0.75,0.37
2021.12.14 19:46:58.707,1.12607,1.1261,0.82,0.37
2021.12.14 19:46:59.538,1.12606,1.12608,0.75,0.37
2021.12.14 19:46:59.640,1.12606,1.12609,0.75,0.45
2021.12.14 19:47:01.820,1.12606,1.1261,0.75,2.63
2021.12.14 19:47:04.741,1.12606,1.12609,1.57,2.63
2021.12.14 19:47:05.141,1.12607,1.1261,0.75,0.94
2021.12.14 19:47:10.791,1.12606,1.12609,0.75,0.10
2021.12.14 19:47:11.451,1.12606,1.1261,0.75,2.63
2021.12.14 19:47:14.158,1.12606,1.12609,0.75,0.10
2021.12.14 19:47:16.578,1.12604,1.12605,4.50,0.75
2021.12.14 19:47:16.684,1.12602,1.12605,0.75,0.10
2021.12.14 19:47:16.835,1.12599,1.12602,1.12,1.39
2021.12.14 19:47:16.937,1.12598,1.12601,0.75,0.10
2021.12.14 19:47:17.088,1.12597,1.12599,0.37,0.10
2021.12.14 19:47:17.139,1.12595,1.12598,0.75,0.10
2021.12.14 19:47:17.292,1.12594,1.12598,0.82,0.10
2021.12.14 19:47:18.799,1.12593,1.12597,0.75,2.89
2021.12.14 19:47:18.900,1.12594,1.12595,0.75,0.94
2021.12.14 19:47:19.002,1.12593,1.12595,0.75,0.10
2021.12.14 19:47:19.103,1.12591,1.12594,0.75,0.10
2021.12.14 19:47:19.204,1.12591,1.12595,0.82,0.10
2021.12.14 19:47:21.632,1.12591,1.12596,1.01,1.69
2021.12.14 19:47:23.596,1.12591,1.12595,0.82,0.10
2021.12.14 19:47:23.697,1.12592,1.12595,0.75,0.10
2021.12.14 19:47:23.798,1.12592,1.12596,0.75,1.69
2021.12.14 19:47:28.768,1.12592,1.12595,0.75,1.57
2021.12.14 19:47:30.713,1.12592,1.12596,0.75,4.28
2021.12.14 19:47:34.686,1.12591,1.12595,0.75,0.82
2021.12.14 19:47:36.879,1.12591,1.12596,0.75,2.06
2021.12.14 19:47:40.665,1.12591,1.12595,6.22,0.37
2021.12.14 19:47:40.766,1.12593,1.12594,0.75,0.37
2021.12.14 19:47:49.764,1.12591,1.12594,0.75,0.45
2021.12.14 19:47:52.317,1.12591,1.12595,0.75,1.76
2021.12.14 19:47:52.419,1.12591,1.12594,0.75,1.13
2021.12.14 19:47:54.845,1.12591,1.12595,0.75,2.06
2021.12.14 19:48:01.704,1.12591,1.12596,1.57,1.69
2021.12.14 19:48:02.032,1.12592,1.12596,0.75,0.94
2021.12.14 19:48:07.813,1.12592,1.12595,0.75,0.45
2021.12.14 19:48:08.637,1.12593,1.12595,0.75,2.06
2021.12.14 19:48:10.461,1.12591,1.12595,0.75,0.10
2021.12.14 19:48:10.562,1.12591,1.12596,0.82,4.01
2021.12.14 19:48:13.706,1.12592,1.12596,0.75,1.69
2021.12.14 19:48:16.928,1.12591,1.12595,0.75,0.10
2021.12.14 19:48:19.399,1.12592,1.12595,0.75,0.10
2021.12.14 19:48:21.473,1.12592,1.12596,0.75,2.25
2021.12.14 19:48:35.240,1.12595,1.12597,1.50,7.54
2021.12.14 19:48:35.341,1.12593,1.12597,0.94,1.31
2021.12.14 19:48:35.645,1.12593,1.12598,0.82,1.31
2021.12.14 19:48:35.999,1.12594,1.12598,0.10,1.31
2021.12.14 19:48:38.647,1.12593,1.12598,3.07,1.31
2021.12.14 19:48:38.775,1.12594,1.12598,0.10,1.31
2021.12.14 19:48:41.431,1.12593,1.12597,2.47,0.94
2021.12.14 19:48:44.464,1.12593,1.12596,0.75,0.10
2021.12.14 19:48:45.531,1.12594,1.12596,0.75,2.81
2021.12.14 19:48:51.246,1.12595,1.12598,0.82,0.37
2021.12.14 19:48:51.348,1.12595,1.12599,0.75,0.82
2021.12.14 19:48:58.829,1.12595,1.12597,0.10,2.06
2021.12.14 19:49:00.173,1.12595,1.12596,0.75,0.10
2021.12.14 19:49:02.160,1.12594,1.12596,0.75,0.10
2021.12.14 19:49:02.211,1.12592,1.12596,0.82,0.10
2021.12.14 19:49:02.362,1.12591,1.12595,3.82,0.10
2021.12.14 19:49:04.602,1.12591,1.12596,0.82,0.10
2021.12.14 19:49:17.503,1.12591,1.12595,0.82,0.10
2021.12.14 19:49:18.768,1.12591,1.12596,0.75,1.31
2021.12.14 19:49:20.290,1.12591,1.12595,0.75,0.37
2021.12.14 19:49:23.627,1.12591,1.12596,0.75,2.44
2021.12.14 19:49:25.289,1.12591,1.12595,0.75,0.37
2021.12.14 19:49:49.607,1.12591,1.12596,1.12,2.81
2021.12.14 19:49:49.708,1.12591,1.12595,0.75,0.10
2021.12.14 19:49:50.119,1.12591,1.12596,0.75,2.06
2021.12.14 19:49:50.276,1.12591,1.12597,4.76,2.81
2021.12.14 19:49:50.377,1.12592,1.12597,1.57,2.06
2021.12.14 19:49:52.523,1.12593,1.12595,0.75,0.10
2021.12.14 19:49:52.725,1.12592,1.12597,0.75,2.44
2021.12.14 19:49:54.756,1.12592,1.12596,0.75,0.10
2021.12.14 19:50:00.125,1.12592,1.12595,0.75,0.10
2021.12.14 19:50:00.226,1.12591,1.12595,0.82,0.10
2021.12.14 19:50:00.335,1.12592,1.12595,0.75,2.06
2021.12.14 19:50:02.270,1.12592,1.12596,0.10,0.45
2021.12.14 19:50:02.371,1.12591,1.12596,3.75,0.45
2021.12.14 19:50:04.620,1.12593,1.12595,0.75,0.10
2021.12.14 19:50:07.694,1.12593,1.12596,0.94,1.31
2021.12.14 19:50:14.385,1.12593,1.12597,0.75,0.94
2021.12.14 19:50:15.667,1.12595,1.12596,1.50,0.37
2021.12.14 19:50:15.818,1.12594,1.12596,1.50,0.10
2021.12.14 19:50:19.387,1.12594,1.12597,0.75,0.10
2021.12.14 19:50:20.398,1.12593,1.12597,4.50,0.10
2021.12.14 19:50:21.429,1.12593,1.12596,1.50,0.10
2021.12.14 19:50:22.631,1.12593,1.12594,0.75,0.10
2021.12.14 19:50:23.141,1.12592,1.12596,0.75,1.31
2021.12.14 19:50:25.342,1.12592,1.12595,0.75,0.10
2021.12.14 19:50:25.756,1.12591,1.12595,1.50,0.10
2021.12.14 19:50:29.813,1.12591,1.12596,4.50,0.45
2021.12.14 19:50:30.040,1.12591,1.12595,4.50,0.75
2021.12.14 19:50:32.127,1.12591,1.12596,3.75,0.45
2021.12.14 19:50:36.233,1.12591,1.12595,4.50,0.10
2021.12.14 19:50:39.610,1.1259,1.12594,4.50,0.10
2021.12.14 19:50:40.170,1.12591,1.12594,0.75,0.10
2021.12.14 19:50:40.294,1.1259,1.12594,4.50,0.10
2021.12.14 19:50:47.517,1.1259,1.12595,3.75,0.10
2021.12.14 19:50:48.957,1.1259,1.12594,3.75,0.10
2021.12.14 19:50:54.128,1.12589,1.12593,3.75,0.82
2021.12.14 19:50:55.199,1.1259,1.12594,0.75,0.10
2021.12.14 19:50:55.601,1.12589,1.12593,4.50,0.82
2021.12.14 19:50:59.468,1.1259,1.12594,0.75,2.47
2021.12.14 19:50:59.570,1.1259,1.12595,4.50,0.45
2021.12.14 19:50:59.772,1.12591,1.12594,0.75,0.10
2021.12.14 19:50:59.924,1.12591,1.12595,0.75,0.10
2021.12.14 19:51:04.126,1.12591,1.12593,0.75,0.75
2021.12.14 19:51:04.228,1.12589,1.12592,0.75,0.10
2021.12.14 19:51:04.329,1.12588,1.12592,0.75,2.06
2021.12.14 19:51:04.380,1.12587,1.1259,0.75,0.10
2021.12.14 19:51:05.060,1.12587,1.12591,0.75,1.88
2021.12.14 19:51:08.818,1.12587,1.12592,1.12,0.94
2021.12.14 19:51:12.996,1.12588,1.12592,0.75,2.06
2021.12.14 19:51:13.097,1.12588,1.12591,0.75,0.10
2021.12.14 19:51:13.198,1.12587,1.12591,0.75,0.94
2021.12.14 19:51:13.330,1.12588,1.12589,0.75,0.37
2021.12.14 19:51:17.519,1.12587,1.12591,0.75,0.94
2021.12.14 19:51:24.643,1.12587,1.1259,0.75,0.37
2021.12.14 19:51:28.378,1.12587,1.12591,0.75,0.45
2021.12.14 19:51:37.255,1.12586,1.1259,0.75,0.82
2021.12.14 19:51:44.340,1.12583,1.12585,3.94,0.37
2021.12.14 19:51:44.391,1.12579,1.12582,5.25,0.10
2021.12.14 19:51:44.492,1.12578,1.12582,2.40,1.20
2021.12.14 19:51:44.644,1.12577,1.1258,3.75,0.45
2021.12.14 19:51:49.346,1.12577,1.12581,0.75,1.31
2021.12.14 19:51:49.447,1.1258,1.12582,1.31,0.75
2021.12.14 19:51:49.498,1.12578,1.12582,2.62,0.10
2021.12.14 19:51:49.549,1.1258,1.12582,0.75,0.45
2021.12.14 19:51:49.650,1.1258,1.12583,0.75,3.64
2021.12.14 19:51:49.751,1.12579,1.12583,1.12,4.50
2021.12.14 19:51:50.055,1.12578,1.12582,0.75,0.26
2021.12.14 19:51:53.648,1.12577,1.12581,1.12,1.20
2021.12.14 19:51:54.105,1.12577,1.12582,1.50,3.75
2021.12.14 19:51:54.322,1.12577,1.12581,1.12,0.82
2021.12.14 19:51:56.526,1.12577,1.12582,2.06,1.69
2021.12.14 19:51:56.627,1.12578,1.12582,1.12,0.45
2021.12.14 19:51:59.020,1.12579,1.12582,0.37,0.45
2021.12.14 19:51:59.323,1.12578,1.12582,0.75,0.64
2021.12.14 19:51:59.985,1.12577,1.12582,4.20,0.64
2021.12.14 19:52:04.883,1.12578,1.12582,0.37,0.64
2021.12.14 19:52:04.984,1.12579,1.12582,0.75,0.37
2021.12.14 19:52:05.086,1.1258,1.12582,1.12,0.37
2021.12.14 19:52:05.137,1.12578,1.12582,4.20,0.10
2021.12.14 19:52:11.324,1.12579,1.12583,0.75,2.14
2021.12.14 19:52:11.477,1.12578,1.12583,4.12,3.00
2021.12.14 19:52:13.445,1.1258,1.12583,0.75,1.01
2021.12.14 19:52:13.496,1.12578,1.12582,4.27,0.10
2021.12.14 19:52:15.133,1.12579,1.12583,1.12,3.26
2021.12.14 19:52:21.496,1.12579,1.12584,2.25,4.95
2021.12.14 19:52:21.597,1.12579,1.12583,0.37,2.63
2021.12.14 19:52:22.948,1.12579,1.12582,0.37,0.26
2021.12.14 19:52:23.050,1.12579,1.12581,1.12,0.45
2021.12.14 19:52:23.151,1.12578,1.12581,0.75,0.10
2021.12.14 19:52:25.155,1.1258,1.12582,0.37,0.10
2021.12.14 19:52:25.257,1.12579,1.12582,0.37,0.10
2021.12.14 19:52:25.358,1.12578,1.12582,1.12,0.26
2021.12.14 19:52:28.477,1.12579,1.12583,1.12,1.76
2021.12.14 19:52:30.922,1.12579,1.12582,0.75,0.10
2021.12.14 19:52:31.125,1.12578,1.12582,1.12,0.26
2021.12.14 19:52:34.705,1.12578,1.12581,4.50,1.01
2021.12.14 19:52:36.127,1.12577,1.12581,4.12,0.10
2021.12.14 19:52:40.491,1.12577,1.12582,4.12,2.51
2021.12.14 19:52:46.132,1.12577,1.12581,4.50,0.10
2021.12.14 19:52:46.971,1.12577,1.12582,4.42,1.01
2021.12.14 19:52:48.070,1.1258,1.12582,0.75,1.01
2021.12.14 19:52:48.171,1.12581,1.12582,0.75,3.26
2021.12.14 19:52:55.341,1.12579,1.12581,2.70,0.10
2021.12.14 19:52:55.442,1.12581,1.12582,0.75,1.76
2021.12.14 19:53:01.113,1.12578,1.12582,2.70,0.10
2021.12.14 19:53:03.056,1.12581,1.12582,0.75,2.32
2021.12.14 19:53:03.107,1.12582,1.12585,0.75,0.45
2021.12.14 19:53:07.482,1.12583,1.12585,1.42,1.13
2021.12.14 19:53:08.220,1.12582,1.12585,1.42,0.10
2021.12.14 19:53:08.321,1.12582,1.12586,1.42,1.13
2021.12.14 19:53:09.198,1.12582,1.12585,1.50,0.10
2021.12.14 19:53:09.461,1.12588,1.1259,0.82,0.19
2021.12.14 19:53:09.563,1.12589,1.12591,1.12,6.15
2021.12.14 19:53:09.665,1.12591,1.12593,0.75,0.10
2021.12.14 19:53:10.138,1.12591,1.12594,0.82,0.10
2021.12.14 19:53:10.239,1.12591,1.12595,1.27,0.26
2021.12.14 19:53:10.341,1.12592,1.12595,1.20,0.10
2021.12.14 19:53:10.593,1.12592,1.12596,0.82,0.26
2021.12.14 19:53:15.937,1.12592,1.12595,4.12,0.10
2021.12.14 19:53:16.142,1.12592,1.12596,4.12,0.26
2021.12.14 19:53:16.244,1.12592,1.12595,4.12,0.10
2021.12.14 19:53:18.857,1.12589,1.12591,1.12,0.10
2021.12.14 19:53:18.958,1.12588,1.12592,2.02,0.10
2021.12.14 19:53:21.972,1.12588,1.1259,0.75,0.75
2021.12.14 19:53:22.074,1.12587,1.1259,0.75,1.39
2021.12.14 19:53:22.969,1.12588,1.12591,0.75,1.88
2021.12.14 19:53:24.137,1.12588,1.1259,0.75,0.10
2021.12.14 19:53:27.424,1.12586,1.12589,1.57,0.10
2021.12.14 19:53:27.525,1.12587,1.12589,0.75,0.10
2021.12.14 19:53:31.311,1.12587,1.1259,0.75,0.10
2021.12.14 19:53:31.412,1.12588,1.12591,0.75,0.94
2021.12.14 19:53:33.428,1.12588,1.1259,0.75,0.10
2021.12.14 19:53:34.159,1.12589,1.1259,0.75,0.94
2021.12.14 19:53:34.751,1.12588,1.1259,0.75,0.10
2021.12.14 19:53:34.972,1.12588,1.12591,0.75,0.94
2021.12.14 19:53:35.090,1.12588,1.1259,0.75,0.10
2021.12.14 19:53:35.191,1.12588,1.12591,0.75,0.94
2021.12.14 19:53:35.292,1.12588,1.1259,0.75,0.10
2021.12.14 19:53:35.565,1.12589,1.1259,0.75,0.94
2021.12.14 19:53:38.301,1.12591,1.12593,0.75,1.20
2021.12.14 19:53:38.963,1.12591,1.12594,0.75,1.13
2021.12.14 19:53:40.211,1.12591,1.12593,0.75,0.10
2021.12.14 19:53:41.735,1.12591,1.12594,0.75,1.13
2021.12.14 19:53:42.540,1.12591,1.12592,0.75,0.10
2021.12.14 19:53:45.129,1.12588,1.12592,1.87,0.26
2021.12.14 19:53:45.280,1.12589,1.1259,1.12,0.10
2021.12.14 19:53:45.659,1.12588,1.12592,0.75,1.88
2021.12.14 19:53:45.760,1.12588,1.12591,1.50,0.10
2021.12.14 19:53:50.542,1.12588,1.12592,1.50,1.88
2021.12.14 19:53:51.124,1.12588,1.12591,1.50,0.10
2021.12.14 19:53:51.456,1.12588,1.12592,1.57,1.13
2021.12.14 19:53:52.061,1.12589,1.1259,1.57,0.10
2021.12.14 19:53:54.344,1.12589,1.12592,0.82,0.94
2021.12.14 19:53:55.409,1.1259,1.12593,0.82,0.94
2021.12.14 19:53:56.228,1.12592,1.12595,0.75,0.45
2021.12.14 19:53:56.329,1.12592,1.12596,0.75,1.13
2021.12.14 19:54:00.025,1.12593,1.12596,1.12,0.10
2021.12.14 19:54:00.127,1.12593,1.12597,1.87,0.10
2021.12.14 19:54:00.228,1.12593,1.12596,1.12,0.10
2021.12.14 19:54:02.301,1.12593,1.12595,0.75,0.10
2021.12.14 19:54:03.533,1.12593,1.12596,0.75,0.26
2021.12.14 19:54:04.074,1.12593,1.12595,1.12,4.76
2021.12.14 19:54:04.227,1.12593,1.12596,0.75,0.26
2021.12.14 19:54:07.086,1.12593,1.12595,0.75,0.10
2021.12.14 19:54:09.264,1.12593,1.12596,0.75,0.26
2021.12.14 19:54:10.197,1.12593,1.12595,0.75,0.10
2021.12.14 19:54:10.844,1.12594,1.12595,0.75,0.26
2021.12.14 19:54:17.245,1.12593,1.12595,1.12,0.29
2021.12.14 19:54:17.346,1.12593,1.12596,0.75,0.26
2021.12.14 19:54:19.442,1.12593,1.12595,0.75,0.10
2021.12.14 19:54:22.287,1.12593,1.12596,0.75,1.01
2021.12.14 19:54:22.388,1.12593,1.12595,0.75,0.26
2021.12.14 19:54:27.111,1.12593,1.12596,0.75,0.26
2021.12.14 19:54:31.251,1.12593,1.12595,0.75,0.10
2021.12.14 19:54:34.117,1.12593,1.12596,0.75,0.26
2021.12.14 19:54:36.101,1.12593,1.12595,0.75,0.10
2021.12.14 19:54:43.463,1.1259,1.12593,0.37,0.10
2021.12.14 19:54:44.771,1.12592,1.12593,0.75,0.26
2021.12.14 19:54:44.973,1.12591,1.12593,0.75,1.39
2021.12.14 19:54:45.023,1.12589,1.12592,1.50,0.10
2021.12.14 19:55:00.111,1.12591,1.12594,0.75,0.64
2021.12.14 19:55:00.212,1.12592,1.12594,0.75,0.10
2021.12.14 19:55:01.395,1.12591,1.12594,0.37,0.10
2021.12.14 19:55:02.067,1.12589,1.12593,4.95,0.10
2021.12.14 19:55:02.118,1.12592,1.12594,0.75,1.57
2021.12.14 19:55:15.499,1.1259,1.12592,0.10,0.10
2021.12.14 19:55:15.600,1.12589,1.12591,0.75,0.10
2021.12.14 19:55:15.903,1.1259,1.12591,0.75,1.13
2021.12.14 19:55:16.377,1.12589,1.12591,0.75,0.10
2021.12.14 19:55:16.478,1.12588,1.1259,0.75,0.10
2021.12.14 19:55:16.579,1.12589,1.1259,0.75,0.26
2021.12.14 19:55:17.954,1.12588,1.1259,0.75,0.10
2021.12.14 19:55:18.081,1.12588,1.12591,0.75,0.26
2021.12.14 19:55:20.117,1.12588,1.1259,0.75,0.10
2021.12.14 19:55:20.976,1.12588,1.12591,0.75,0.26
2021.12.14 19:55:24.963,1.12588,1.12589,1.12,0.10
2021.12.14 19:55:25.119,1.12588,1.12591,0.75,0.64
2021.12.14 19:55:25.806,1.12588,1.1259,0.75,0.10
2021.12.14 19:55:25.907,1.12588,1.12591,0.75,0.64
2021.12.14 19:55:26.382,1.12588,1.1259,0.75,0.10
2021.12.14 19:55:26.483,1.12588,1.12591,0.75,0.64
2021.12.14 19:55:26.868,1.12588,1.1259,0.75,0.10
2021.12.14 19:55:26.969,1.12588,1.12591,0.75,0.64
2021.12.14 19:55:40.125,1.12588,1.1259,0.75,0.10
2021.12.14 19:55:42.119,1.12589,1.1259,0.75,1.13
2021.12.14 19:55:44.307,1.1259,1.12593,0.75,3.22
2021.12.14 19:55:44.408,1.12591,1.12593,0.75,0.10
2021.12.14 19:55:44.560,1.12591,1.12594,0.75,0.26
2021.12.14 19:55:45.240,1.12591,1.12593,0.75,0.10
2021.12.14 19:55:45.393,1.12591,1.12594,0.75,0.45
2021.12.14 19:55:45.545,1.12592,1.12594,0.75,5.63
2021.12.14 19:55:48.109,1.1259,1.12592,0.22,0.10
2021.12.14 19:55:48.211,1.12587,1.12591,2.92,0.94
2021.12.14 19:55:48.261,1.12589,1.1259,0.75,0.10
2021.12.14 19:55:52.129,1.12588,1.12591,0.22,0.86
2021.12.14 19:55:54.126,1.1259,1.12593,0.97,0.10
2021.12.14 19:55:55.652,1.12589,1.12593,0.67,0.94
2021.12.14 19:55:55.820,1.12591,1.12593,0.75,0.94
2021.12.14 19:55:55.870,1.12589,1.12593,0.67,0.94
2021.12.14 19:56:02.098,1.12591,1.12592,0.37,0.94
2021.12.14 19:56:04.004,1.12591,1.12593,0.75,0.10
2021.12.14 19:56:09.661,1.12591,1.12594,0.75,1.57
2021.12.14 19:56:11.740,1.12591,1.12595,0.75,7.50
2021.12.14 19:56:12.124,1.12591,1.12594,0.75,3.82
2021.12.14 19:56:14.172,1.12591,1.12595,0.75,7.13
2021.12.14 19:56:14.273,1.12591,1.12594,0.75,0.45
2021.12.14 19:56:14.569,1.12591,1.12595,0.75,7.50
2021.12.14 19:56:14.742,1.12591,1.12594,0.75,0.45
2021.12.14 19:56:14.843,1.12591,1.12595,0.75,7.50
2021.12.14 19:56:15.130,1.12591,1.12594,0.75,0.45
2021.12.14 19:56:15.337,1.12591,1.12595,0.75,7.13
2021.12.14 19:56:20.191,1.12592,1.12595,0.75,2.25
2021.12.14 19:56:20.292,1.12591,1.12595,0.22,1.61
2021.12.14 19:56:20.393,1.12593,1.12596,0.75,7.13
2021.12.14 19:56:20.495,1.12593,1.12595,0.75,1.01
2021.12.14 19:56:20.647,1.12593,1.12596,0.75,6.75
2021.12.14 19:56:29.475,1.12593,1.12597,0.75,2.44
2021.12.14 19:56:34.010,1.12596,1.12599,0.75,0.37
2021.12.14 19:56:34.111,1.12597,1.126,0.75,1.31
2021.12.14 19:56:34.833,1.12597,1.12601,0.75,2.63
2021.12.14 19:56:35.044,1.12598,1.12601,0.75,2.63
2021.12.14 19:56:44.385,1.12598,1.12603,0.82,4.13
2021.12.14 19:56:44.588,1.12598,1.12602,0.75,0.19
2021.12.14 19:56:46.270,1.12598,1.12601,0.75,3.94
2021.12.14 19:56:47.178,1.12598,1.12602,0.75,6.38
2021.12.14 19:56:48.128,1.12598,1.126,0.75,0.19
2021.12.14 19:56:48.330,1.12598,1.12601,0.75,0.26
2021.12.14 19:56:52.998,1.12598,1.126,0.75,0.10
2021.12.14 19:56:54.147,1.12598,1.12601,0.75,1.05
2021.12.14 19:56:54.248,1.12598,1.126,0.75,0.10
2021.12.14 19:56:55.471,1.12598,1.126,0.75,1.05
2021.12.14 19:56:55.572,1.12598,1.126,0.75,0.10
2021.12.14 19:56:57.270,1.12598,1.12601,0.75,1.05
2021.12.14 19:56:57.434,1.12598,1.126,0.75,0.10
2021.12.14 19:57:00.974,1.12598,1.12601,0.75,1.05
2021.12.14 19:57:01.643,1.12598,1.126,0.75,0.10
2021.12.14 19:57:02.954,1.12598,1.12602,1.12,2.59
2021.12.14 19:57:03.055,1.12598,1.12601,0.75,0.10
2021.12.14 19:57:19.194,1.12598,1.12602,0.75,2.44
2021.12.14 19:57:19.310,1.12598,1.12601,0.75,0.10
2021.12.14 19:57:23.754,1.12598,1.126,0.75,0.26
2021.12.14 19:57:23.855,1.12597,1.126,0.75,3.38
2021.12.14 19:57:23.957,1.12598,1.126,0.75,0.10
2021.12.14 19:57:24.058,1.12598,1.12601,0.75,0.10
2021.12.14 19:57:24.159,1.12598,1.126,0.75,0.10
2021.12.14 19:57:26.102,1.12598,1.12601,0.75,0.26
2021.12.14 19:57:27.054,1.12598,1.126,0.75,0.10
2021.12.14 19:57:27.753,1.12598,1.12601,0.75,0.94
2021.12.14 19:57:27.906,1.12598,1.126,0.75,0.10
2021.12.14 19:57:30.055,1.12596,1.12599,2.25,0.10
2021.12.14 19:57:30.207,1.12597,1.12599,3.75,3.94
2021.12.14 19:57:30.258,1.12595,1.12598,0.75,0.10
2021.12.14 19:57:30.359,1.12594,1.12598,5.89,0.94
2021.12.14 19:57:30.662,1.12595,1.12598,3.00,0.10
2021.12.14 19:57:31.350,1.12594,1.12598,4.01,0.94
2021.12.14 19:57:31.713,1.12597,1.12599,0.75,0.10
2021.12.14 19:57:31.865,1.12595,1.12598,0.75,0.86
2021.12.14 19:57:31.968,1.12596,1.12598,1.20,0.94
2021.12.14 19:57:32.398,1.12597,1.12599,0.75,0.10
2021.12.14 19:57:32.499,1.12595,1.12599,2.51,0.94
2021.12.14 19:57:33.652,1.12597,1.12599,0.75,0.10
2021.12.14 19:57:33.703,1.12595,1.12599,1.95,0.94
2021.12.14 19:57:33.804,1.12595,1.12598,0.37,0.94
2021.12.14 19:57:33.956,1.12594,1.12598,2.51,0.94
2021.12.14 19:57:34.297,1.12595,1.12599,0.45,0.94
2021.12.14 19:57:34.398,1.12597,1.12599,0.75,0.10
2021.12.14 19:57:34.500,1.12595,1.12599,2.14,0.94
2021.12.14 19:57:34.550,1.12597,1.12599,0.75,0.10
2021.12.14 19:57:34.601,1.12595,1.12599,4.01,0.94
2021.12.14 19:57:34.652,1.12597,1.12599,0.75,0.10
2021.12.14 19:57:35.667,1.12597,1.126,0.75,0.94
2021.12.14 19:57:39.177,1.12597,1.12599,0.75,0.10
2021.12.14 19:57:39.468,1.12597,1.126,0.75,0.10
2021.12.14 19:57:40.492,1.12597,1.12599,0.75,0.10
2021.12.14 19:57:41.948,1.12597,1.126,0.75,0.10
2021.12.14 19:57:44.271,1.12597,1.12599,0.75,0.10
2021.12.14 19:57:45.129,1.12596,1.12598,0.75,0.10
2021.12.14 19:57:51.040,1.12594,1.12596,8.89,0.10
2021.12.14 19:57:51.141,1.12594,1.12597,3.00,0.10
2021.12.14 19:57:51.242,1.12596,1.12598,0.75,0.10
2021.12.14 19:57:53.540,1.12594,1.12598,3.00,0.94
2021.12.14 19:57:54.083,1.12596,1.12598,0.75,0.10
2021.12.14 19:57:55.245,1.12595,1.12597,0.75,0.10
2021.12.14 19:57:55.346,1.12594,1.12596,0.75,0.10
2021.12.14 19:57:56.062,1.12591,1.12595,4.12,1.31
2021.12.14 19:57:56.113,1.12591,1.12593,0.75,0.10
2021.12.14 19:57:57.157,1.12589,1.12593,1.50,1.20
2021.12.14 19:57:57.259,1.1259,1.12593,0.75,0.82
2021.12.14 19:57:57.512,1.1259,1.12594,0.75,2.06
2021.12.14 19:57:58.872,1.12591,1.12594,0.75,2.06
2021.12.14 19:58:06.001,1.12591,1.12595,0.75,2.44
2021.12.14 19:58:06.102,1.12592,1.12595,0.75,0.10
2021.12.14 19:58:06.632,1.12592,1.12596,0.75,0.26
2021.12.14 19:58:15.056,1.12592,1.12595,0.75,0.10
2021.12.14 19:58:16.933,1.12592,1.12596,0.75,2.51
2021.12.14 19:58:19.241,1.12593,1.12594,0.75,0.10
2021.12.14 19:58:20.163,1.12592,1.12596,0.75,0.64
2021.12.14 19:58:21.477,1.12594,1.12597,1.01,1.61
2021.12.14 19:58:21.578,1.12595,1.12598,0.75,0.10
2021.12.14 19:58:21.688,1.12595,1.12599,0.75,1.31
2021.12.14 19:58:22.367,1.12595,1.126,3.26,2.06
2021.12.14 19:58:22.469,1.12596,1.126,1.01,1.31
2021.12.14 19:58:22.804,1.12596,1.12601,3.26,1.31
2021.12.14 19:58:22.906,1.12597,1.12601,0.10,1.31
2021.12.14 19:58:24.199,1.12597,1.126,0.75,0.10
2021.12.14 19:58:28.174,1.12594,1.12598,6.07,1.20
2021.12.14 19:58:28.276,1.12595,1.12598,0.75,0.10
2021.12.14 19:58:29.144,1.12595,1.12599,0.75,1.88
2021.12.14 19:58:31.122,1.12595,1.12598,0.75,0.10
2021.12.14 19:58:31.287,1.12595,1.12599,0.75,1.88
2021.12.14 19:58:34.416,1.12597,1.12601,0.10,1.13
2021.12.14 19:58:34.517,1.12597,1.126,0.10,0.86
2021.12.14 19:58:34.676,1.12597,1.12601,0.10,1.13
2021.12.14 19:58:57.156,1.12599,1.12603,1.20,3.56
2021.12.14 19:58:57.258,1.12598,1.12602,0.82,0.10
2021.12.14 19:58:57.359,1.12598,1.12601,0.75,0.10
2021.12.14 19:58:57.561,1.12599,1.12601,0.75,1.01
2021.12.14 19:58:57.791,1.12598,1.12601,0.75,0.10
2021.12.14 19:58:57.907,1.12598,1.12602,0.75,1.01
2021.12.14 19:58:58.206,1.12598,1.12601,0.75,0.37
2021.12.14 19:59:00.136,1.12598,1.126,0.75,0.10
2021.12.14 19:59:00.840,1.12598,1.12601,0.75,0.10
2021.12.14 19:59:01.043,1.12598,1.12599,0.75,0.10
2021.12.14 19:59:01.395,1.12599,1.126,0.75,0.82
2021.12.14 19:59:01.496,1.12598,1.126,0.75,0.10
2021.12.14 19:59:01.705,1.12597,1.126,3.75,0.10
2021.12.14 19:59:02.121,1.12597,1.12601,3.75,0.82
2021.12.14 19:59:03.221,1.12598,1.12599,0.75,0.10
2021.12.14 19:59:04.002,1.12597,1.12599,0.75,0.10
2021.12.14 19:59:04.104,1.12594,1.12597,3.75,0.10
2021.12.14 19:59:04.205,1.12595,1.12597,0.75,0.10
2021.12.14 19:59:06.478,1.12592,1.12595,4.31,0.10
2021.12.14 19:59:06.680,1.12592,1.12594,0.75,0.10
2021.12.14 19:59:07.107,1.12592,1.12595,0.75,0.10
2021.12.14 19:59:07.208,1.12592,1.12594,0.75,0.10
2021.12.14 19:59:07.710,1.12591,1.12594,3.75,0.75
2021.12.14 19:59:07.761,1.12589,1.12591,6.34,0.10
2021.12.14 19:59:07.863,1.12588,1.12591,0.94,0.10
2021.12.14 19:59:09.139,1.12587,1.12591,3.00,2.25
2021.12.14 19:59:09.240,1.12585,1.12588,5.77,1.87
2021.12.14 19:59:09.343,1.12586,1.12589,0.75,1.57
2021.12.14 19:59:09.445,1.12586,1.12588,3.75,0.10
2021.12.14 19:59:10.155,1.12587,1.12588,0.75,0.10
2021.12.14 19:59:10.257,1.12586,1.1259,2.25,0.10
2021.12.14 19:59:11.011,1.12586,1.12589,2.25,0.10
2021.12.14 19:59:11.112,1.12586,1.1259,2.32,0.10
2021.12.14 19:59:12.547,1.12586,1.12589,2.25,0.10
2021.12.14 19:59:13.101,1.12587,1.12589,2.25,0.10
2021.12.14 19:59:13.715,1.12587,1.1259,0.75,0.10
2021.12.14 19:59:14.143,1.12588,1.12592,0.10,4.50
2021.12.14 19:59:14.295,1.12587,1.12592,1.76,1.69
2021.12.14 19:59:15.106,1.12589,1.12591,0.82,1.69
2021.12.14 19:59:21.435,1.12581,1.12584,0.75,1.20
2021.12.14 19:59:21.549,1.12579,1.12581,2.32,1.76
2021.12.14 19:59:21.752,1.12577,1.12581,0.82,0.26
2021.12.14 19:59:22.004,1.12577,1.1258,0.75,0.10
2021.12.14 19:59:26.100,1.12577,1.12581,0.75,2.25
2021.12.14 19:59:26.212,1.12577,1.1258,0.75,0.10
2021.12.14 19:59:30.534,1.12572,1.12574,6.90,0.82
2021.12.14 19:59:30.737,1.12568,1.12572,3.00,2.51
2021.12.14 19:59:30.838,1.12568,1.12571,3.00,0.10
2021.12.14 19:59:31.091,1.12569,1.12572,0.75,4.76
2021.12.14 19:59:31.217,1.12569,1.1257,2.25,1.76
2021.12.14 19:59:31.419,1.12567,1.12571,0.82,1.39
2021.12.14 19:59:32.127,1.1257,1.12572,1.12,3.64
2021.12.14 19:59:32.228,1.12568,1.12572,2.70,0.10
2021.12.14 19:59:32.766,1.12567,1.1257,2.10,0.86
2021.12.14 19:59:32.868,1.12566,1.1257,1.76,1.99
2021.12.14 19:59:32.969,1.12567,1.1257,0.10,1.61
2021.12.14 19:59:33.172,1.12568,1.12571,0.75,0.86
2021.12.14 19:59:33.475,1.12567,1.1257,0.10,0.86
2021.12.14 19:59:33.688,1.12568,1.12571,0.75,1.57
2021.12.14 19:59:34.125,1.12566,1.1257,0.10,0.86
2021.12.14 19:59:34.226,1.12567,1.12571,0.82,1.01
2021.12.14 19:59:34.799,1.12567,1.1257,0.82,0.86
2021.12.14 19:59:35.041,1.12568,1.1257,0.82,0.82
2021.12.14 19:59:35.142,1.12567,1.1257,0.82,0.86
2021.12.14 19:59:35.705,1.12566,1.12568,0.75,0.75
2021.12.14 19:59:35.806,1.12567,1.12569,0.75,1.01
2021.12.14 19:59:35.958,1.12566,1.12569,0.75,0.10
2021.12.14 19:59:36.110,1.12566,1.1257,0.82,0.82
2021.12.14 19:59:37.079,1.12566,1.12571,1.76,3.19
2021.12.14 19:59:37.180,1.12568,1.1257,0.10,1.69
2021.12.14 19:59:37.231,1.12563,1.12565,2.02,0.82
2021.12.14 19:59:37.282,1.1256,1.12562,3.75,0.10
2021.12.14 19:59:37.485,1.12558,1.12562,3.37,0.45
2021.12.14 19:59:37.798,1.12559,1.12562,1.50,0.45
2021.12.14 19:59:38.109,1.12559,1.12563,0.75,3.38
2021.12.14 19:59:38.211,1.12558,1.12562,1.50,0.64
2021.12.14 19:59:38.782,1.12558,1.12563,3.94,1.69
2021.12.14 19:59:38.833,1.1256,1.12564,0.75,4.72
2021.12.14 19:59:38.934,1.12561,1.12565,0.37,0.82
2021.12.14 19:59:39.036,1.1256,1.12564,0.75,0.26
2021.12.14 19:59:39.373,1.12559,1.12563,0.75,0.10
2021.12.14 19:59:39.474,1.12559,1.12564,0.75,5.03
2021.12.14 19:59:39.575,1.12559,1.12563,0.75,0.10
2021.12.14 19:59:39.781,1.12559,1.12564,0.75,6.56
2021.12.14 19:59:40.084,1.1256,1.12564,0.75,2.32
2021.12.14 19:59:41.289,1.12561,1.12564,0.75,0.26
2021.12.14 19:59:41.391,1.12561,1.12565,0.75,3.00
2021.12.14 19:59:41.907,1.12562,1.12565,0.75,3.00
2021.12.14 19:59:43.383,1.12563,1.12566,2.25,0.75
2021.12.14 19:59:43.484,1.12563,1.12567,1.50,1.88
2021.12.14 19:59:43.788,1.12565,1.12567,1.31,3.11
2021.12.14 19:59:43.838,1.12565,1.1257,2.44,2.44
2021.12.14 19:59:43.889,1.12567,1.12571,0.75,4.09
2021.12.14 19:59:44.041,1.12569,1.12572,0.82,2.40
2021.12.14 19:59:44.142,1.12571,1.12573,0.75,0.10
2021.12.14 19:59:44.243,1.12571,1.12574,0.75,0.10
2021.12.14 19:59:44.950,1.12571,1.12573,0.75,0.10
2021.12.14 19:59:45.076,1.12571,1.12574,0.75,0.10
2021.12.14 19:59:45.178,1.12572,1.12574,0.75,0.10
2021.12.14 19:59:45.624,1.12569,1.12572,4.12,0.10
2021.12.14 19:59:45.725,1.12571,1.12572,0.75,0.10
2021.12.14 19:59:46.130,1.1257,1.12573,0.75,0.10
2021.12.14 19:59:46.551,1.12568,1.12572,1.50,1.31
2021.12.14 19:59:46.652,1.12568,1.12571,0.75,0.94
2021.12.14 19:59:47.271,1.12568,1.12569,0.75,0.10
2021.12.14 19:59:48.099,1.12567,1.1257,1.50,0.10
2021.12.14 19:59:48.351,1.12567,1.12571,2.44,1.31
2021.12.14 19:59:48.453,1.12567,1.1257,0.75,0.10
2021.12.14 19:59:49.089,1.12565,1.12568,2.25,0.94
2021.12.14 19:59:49.140,1.12563,1.12565,1.65,2.08
2021.12.14 19:59:49.191,1.1256,1.12563,6.75,0.94
2021.12.14 19:59:49.293,1.12558,1.1256,3.90,0.29
2021.12.14 19:59:49.394,1.12557,1.1256,0.75,0.10
2021.12.14 19:59:50.821,1.12559,1.12561,0.75,0.10
2021.12.14 19:59:50.923,1.12557,1.12561,1.57,0.10
2021.12.14 19:59:51.024,1.12558,1.12559,1.50,0.10
2021.12.14 19:59:51.125,1.12558,1.12561,3.00,0.10
2021.12.14 19:59:51.812,1.12559,1.12561,0.75,0.10
2021.12.14 19:59:51.913,1.12559,1.12562,0.75,1.88
2021.12.14 19:59:52.116,1.12559,1.12561,9.81,0.10
2021.12.14 19:59:52.218,1.1256,1.12561,1.12,0.10
2021.12.14 19:59:52.507,1.1256,1.12562,1.50,0.10
2021.12.14 19:59:52.834,1.12563,1.12566,0.75,0.82
2021.12.14 19:59:52.936,1.12564,1.12567,0.75,2.47
2021.12.14 19:59:53.038,1.12565,1.12567,0.75,0.10
2021.12.14 19:59:53.190,1.12565,1.12568,0.75,0.10
2021.12.14 19:59:53.518,1.12566,1.12568,0.75,0.10
2021.12.14 19:59:54.106,1.12566,1.12569,0.75,0.10
2021.12.14 19:59:54.422,1.12567,1.12569,0.75,0.26
2021.12.14 19:59:54.624,1.12567,1.1257,0.75,0.10
2021.12.14 19:59:55.577,1.12567,1.12569,0.75,0.10
2021.12.14 19:59:55.679,1.12567,1.1257,0.75,0.10
2021.12.14 19:59:56.082,1.12567,1.12571,1.50,0.94
2021.12.14 19:59:56.234,1.12567,1.1257,0.75,0.10
2021.12.14 19:59:56.396,1.12567,1.12571,0.75,0.94
2021.12.14 19:59:56.547,1.12567,1.1257,1.50,0.10
2021.12.14 19:59:57.715,1.12567,1.12569,1.50,0.10
2021.12.14 19:59:58.069,1.12567,1.1257,0.75,0.94
2021.12.14 19:59:58.423,1.12564,1.12566,0.75,2.51
2021.12.14 19:59:58.474,1.12562,1.12564,0.37,1.87
2021.12.14 19:59:58.576,1.12558,1.12562,9.11,0.10
2021.12.14 19:59:58.626,1.12561,1.12562,0.75,0.10
2021.12.14 19:59:58.677,1.12558,1.12561,6.67,0.10
2021.12.14 19:59:58.779,1.12557,1.1256,1.50,0.10
2021.12.14 19:59:59.640,1.12557,1.12561,1.57,3.94
2021.12.14 19:59:59.742,1.12558,1.1256,1.50,0.10
2021.12.14 19:59:59.843,1.12558,1.12561,0.75,0.10
