2014.05.14 03:00:01.137,1.37119,1.37121,1.50,2.16
2014.05.14 03:00:01.647,1.37119,1.37121,3.00,1.41
2014.05.14 03:00:02.597,1.37119,1.37121,1.50,2.91
2014.05.14 03:00:11.071,1.37119,1.37121,1.50,1.60
2014.05.14 03:00:11.595,1.37119,1.37121,1.50,1.97
2014.05.14 03:00:19.464,1.3712,1.37121,1.00,1.60
2014.05.14 03:00:21.967,1.3712,1.37121,1.50,1.60
2014.05.14 03:00:22.468,1.3712,1.37122,1.50,4.41
2014.05.14 03:00:36.299,1.37117,1.3712,1.00,2.25
2014.05.14 03:00:36.401,1.37119,1.3712,1.00,2.25
2014.05.14 03:00:36.452,1.37117,1.3712,1.00,2.25
2014.05.14 03:00:36.508,1.37117,1.3712,1.00,2.25
2014.05.14 03:00:37.033,1.37117,1.3712,1.00,2.25
2014.05.14 03:00:37.248,1.37117,1.3712,1.00,2.25
2014.05.14 03:00:37.298,1.37117,1.3712,1.00,2.25
2014.05.14 03:00:37.450,1.37117,1.3712,1.00,3.00
2014.05.14 03:00:37.754,1.37117,1.3712,1.00,2.25
2014.05.14 03:00:37.855,1.37117,1.3712,1.00,2.25
2014.05.14 03:00:37.912,1.37117,1.3712,1.00,2.25
2014.05.14 03:00:38.013,1.37117,1.3712,1.00,2.25
2014.05.14 03:00:38.114,1.37117,1.3712,1.00,2.25
2014.05.14 03:00:38.216,1.37117,1.3712,1.00,2.25
2014.05.14 03:00:38.317,1.37117,1.3712,1.00,2.25
2014.05.14 03:00:38.418,1.37117,1.3712,1.00,2.25
2014.05.14 03:00:38.519,1.37117,1.3712,1.00,2.25
2014.05.14 03:00:38.620,1.37117,1.3712,1.00,2.25
2014.05.14 03:00:38.721,1.37117,1.3712,1.00,2.25
2014.05.14 03:00:40.264,1.37116,1.3712,8.67,2.63
2014.05.14 03:00:41.735,1.37117,1.3712,1.50,1.88
2014.05.14 03:00:41.786,1.37117,1.3712,1.50,1.88
2014.05.14 03:00:41.896,1.37117,1.3712,1.50,1.88
2014.05.14 03:00:41.997,1.37117,1.3712,1.50,1.88
2014.05.14 03:00:44.566,1.37119,1.37122,2.10,4.32
2014.05.14 03:00:44.668,1.37121,1.37123,1.73,2.20
2014.05.14 03:00:44.820,1.37118,1.37122,3.75,7.00
2014.05.14 03:00:44.873,1.37119,1.37121,2.63,1.00
2014.05.14 03:00:44.925,1.3712,1.37123,1.13,4.69
2014.05.14 03:00:44.976,1.3712,1.37121,1.13,1.00
2014.05.14 03:00:45.489,1.37118,1.37121,5.67,1.88
2014.05.14 03:00:49.787,1.37118,1.3712,5.67,1.88
2014.05.14 03:00:51.782,1.37119,1.3712,1.00,1.88
2014.05.14 03:01:05.055,1.37119,1.37122,3.19,1.00
2014.05.14 03:01:06.044,1.37119,1.37122,3.19,1.38
2014.05.14 03:01:14.055,1.37119,1.37123,2.82,3.00
2014.05.14 03:01:14.581,1.3712,1.37123,1.00,3.00
2014.05.14 03:01:15.483,1.37119,1.37123,3.94,1.88
2014.05.14 03:01:15.708,1.3712,1.37123,1.00,1.50
2014.05.14 03:01:15.810,1.37119,1.37123,4.69,1.88
2014.05.14 03:01:42.705,1.37121,1.37124,1.00,4.13
2014.05.14 03:01:43.720,1.37121,1.37123,1.00,1.32
2014.05.14 03:01:43.821,1.37121,1.37123,1.00,1.32
2014.05.14 03:01:44.691,1.37118,1.37123,7.17,2.44
2014.05.14 03:01:57.070,1.3712,1.37123,1.50,5.44
2014.05.14 03:01:57.222,1.37119,1.37123,1.00,5.82
2014.05.14 03:02:01.434,1.3712,1.37123,2.63,1.88
2014.05.14 03:02:01.557,1.37122,1.37123,1.00,1.00
2014.05.14 03:02:01.765,1.37134,1.37139,5.25,1.00
2014.05.14 03:02:01.818,1.37135,1.37138,1.00,1.00
2014.05.14 03:02:01.870,1.37133,1.37135,1.00,2.25
2014.05.14 03:02:01.921,1.37133,1.37135,1.00,3.00
2014.05.14 03:02:01.972,1.37133,1.37134,1.00,1.00
2014.05.14 03:02:02.073,1.37131,1.37134,1.00,1.00
2014.05.14 03:02:02.175,1.3713,1.37132,1.00,1.00
2014.05.14 03:02:02.326,1.37128,1.37131,1.00,1.00
2014.05.14 03:02:02.478,1.37125,1.37129,1.35,1.00
2014.05.14 03:02:02.581,1.37127,1.37129,1.50,1.00
2014.05.14 03:02:02.833,1.37126,1.37127,1.50,1.00
2014.05.14 03:02:03.338,1.37124,1.37127,3.98,1.00
2014.05.14 03:02:04.342,1.37126,1.3713,1.50,4.13
2014.05.14 03:02:05.229,1.37128,1.37137,4.38,1.13
2014.05.14 03:02:05.287,1.37133,1.37141,14.35,1.00
2014.05.14 03:02:05.345,1.3714,1.37141,2.63,1.50
2014.05.14 03:02:05.446,1.37141,1.37143,1.00,1.69
2014.05.14 03:02:05.955,1.37143,1.37144,1.00,1.00
2014.05.14 03:02:06.308,1.37141,1.37144,2.25,2.25
2014.05.14 03:02:06.410,1.37139,1.37141,1.32,1.00
2014.05.14 03:02:06.563,1.37138,1.3714,2.44,2.63
2014.05.14 03:02:07.512,1.37138,1.37139,1.50,1.00
2014.05.14 03:02:07.760,1.37137,1.37139,1.00,3.57
2014.05.14 03:02:07.811,1.37135,1.37138,6.00,2.63
2014.05.14 03:02:08.317,1.37135,1.37137,1.00,1.00
2014.05.14 03:02:08.469,1.37136,1.37138,1.00,3.00
2014.05.14 03:02:08.520,1.37137,1.37142,1.75,3.75
2014.05.14 03:02:08.623,1.37139,1.3714,1.50,3.00
2014.05.14 03:02:08.825,1.37137,1.3714,4.69,2.63
2014.05.14 03:02:12.500,1.37137,1.37139,1.00,1.50
2014.05.14 03:02:12.601,1.37135,1.37139,5.25,3.19
2014.05.14 03:02:14.195,1.37136,1.37139,1.00,7.69
2014.05.14 03:02:16.439,1.37138,1.37141,2.51,2.25
2014.05.14 03:02:16.644,1.37137,1.3714,2.25,1.88
2014.05.14 03:02:21.336,1.37137,1.37141,4.54,1.50
2014.05.14 03:02:21.387,1.3714,1.37142,1.50,2.25
2014.05.14 03:02:21.906,1.3714,1.37143,2.63,1.50
2014.05.14 03:02:22.680,1.37141,1.37143,1.00,1.50
2014.05.14 03:02:22.983,1.37143,1.37145,1.00,5.82
2014.05.14 03:02:24.332,1.37141,1.37143,2.07,1.50
2014.05.14 03:02:24.861,1.37142,1.37146,2.44,4.50
2014.05.14 03:02:25.013,1.37144,1.37145,1.00,1.50
2014.05.14 03:02:25.215,1.37142,1.37145,3.19,1.50
2014.05.14 03:02:25.719,1.37142,1.37144,1.25,1.50
2014.05.14 03:02:29.430,1.37142,1.37145,2.82,1.50
2014.05.14 03:02:29.934,1.37142,1.37146,3.57,2.44
2014.05.14 03:02:30.711,1.37143,1.37146,1.00,2.25
2014.05.14 03:02:31.843,1.37143,1.37145,1.00,1.00
2014.05.14 03:02:32.434,1.37143,1.37146,1.50,4.69
2014.05.14 03:02:34.821,1.37143,1.37146,2.44,3.75
2014.05.14 03:02:35.503,1.37144,1.37146,2.25,1.00
2014.05.14 03:02:41.144,1.37144,1.37145,1.00,1.50
2014.05.14 03:02:41.696,1.37143,1.37145,1.00,1.50
2014.05.14 03:02:42.983,1.37143,1.37146,1.00,3.75
2014.05.14 03:02:43.504,1.37143,1.37145,1.00,1.00
2014.05.14 03:02:44.505,1.37143,1.37144,1.00,1.00
2014.05.14 03:02:45.024,1.37142,1.37144,1.50,1.00
2014.05.14 03:02:45.562,1.37142,1.37144,2.25,1.00
2014.05.14 03:02:47.060,1.37143,1.37144,1.00,1.00
2014.05.14 03:02:47.570,1.37143,1.37145,1.50,1.32
2014.05.14 03:02:50.111,1.37142,1.37145,1.50,1.50
2014.05.14 03:02:50.686,1.37142,1.37146,2.25,3.94
2014.05.14 03:02:51.247,1.37142,1.37145,2.25,1.00
2014.05.14 03:02:53.280,1.37142,1.37146,3.19,3.94
2014.05.14 03:02:54.922,1.37144,1.37146,1.00,2.25
2014.05.14 03:02:58.161,1.37142,1.37146,8.07,2.63
2014.05.14 03:03:00.053,1.37142,1.37145,3.19,1.50
2014.05.14 03:03:00.566,1.37142,1.37144,1.00,1.50
2014.05.14 03:03:01.106,1.37141,1.37144,3.42,1.50
2014.05.14 03:03:06.578,1.37142,1.37144,1.00,1.00
2014.05.14 03:03:07.108,1.37142,1.37145,1.50,1.88
2014.05.14 03:03:09.240,1.37142,1.37145,1.69,3.25
2014.05.14 03:03:09.744,1.37142,1.37145,1.69,3.00
2014.05.14 03:03:10.251,1.37141,1.37144,2.29,2.25
2014.05.14 03:03:10.911,1.37142,1.37144,1.25,1.50
2014.05.14 03:03:11.416,1.37142,1.37145,1.69,1.50
2014.05.14 03:03:14.725,1.37142,1.37146,1.69,3.00
2014.05.14 03:03:14.927,1.37142,1.37144,1.50,3.79
2014.05.14 03:03:15.028,1.3714,1.37143,2.63,1.50
2014.05.14 03:03:15.180,1.3714,1.37142,1.00,6.60
2014.05.14 03:03:15.281,1.37138,1.3714,2.07,1.00
2014.05.14 03:03:18.892,1.37139,1.37141,2.25,1.13
2014.05.14 03:03:19.144,1.3714,1.37143,1.88,2.82
2014.05.14 03:03:19.664,1.3714,1.37142,1.88,1.00
2014.05.14 03:03:35.811,1.3714,1.37143,1.88,3.42
2014.05.14 03:03:36.905,1.3714,1.37142,1.88,1.00
2014.05.14 03:03:41.550,1.37141,1.37142,1.00,1.25
2014.05.14 03:03:43.843,1.37139,1.37141,3.38,2.10
2014.05.14 03:03:44.046,1.37139,1.37141,2.25,2.10
2014.05.14 03:03:44.147,1.37139,1.37143,3.00,4.32
2014.05.14 03:03:44.198,1.37139,1.37142,2.25,2.85
2014.05.14 03:03:44.703,1.37139,1.37142,3.75,1.00
2014.05.14 03:03:46.205,1.37139,1.37143,4.57,3.00
2014.05.14 03:03:47.155,1.37139,1.37141,3.45,1.00
2014.05.14 03:03:56.935,1.37139,1.37142,4.01,1.50
2014.05.14 03:03:59.471,1.3714,1.37142,1.00,1.69
2014.05.14 03:04:00.143,1.3714,1.37141,1.00,1.00
2014.05.14 03:04:00.648,1.37139,1.37143,3.00,4.32
2014.05.14 03:04:03.001,1.3714,1.37143,1.00,4.69
2014.05.14 03:04:03.719,1.3714,1.37143,1.00,3.94
2014.05.14 03:04:05.674,1.37139,1.37143,3.00,4.69
2014.05.14 03:04:06.178,1.37139,1.37141,2.25,1.00
2014.05.14 03:04:06.280,1.37139,1.37143,3.00,4.69
2014.05.14 03:04:06.893,1.37139,1.37142,3.00,1.00
2014.05.14 03:04:12.442,1.37139,1.37141,3.00,1.50
2014.05.14 03:04:16.203,1.3714,1.37141,1.00,1.50
2014.05.14 03:04:18.864,1.37139,1.37141,3.75,1.50
2014.05.14 03:04:21.525,1.37138,1.3714,1.13,1.00
2014.05.14 03:04:22.039,1.37137,1.3714,2.07,3.38
2014.05.14 03:04:23.311,1.37137,1.37139,1.38,1.50
2014.05.14 03:04:24.339,1.37138,1.3714,3.38,3.38
2014.05.14 03:04:24.876,1.37138,1.3714,1.38,3.75
2014.05.14 03:04:26.582,1.37138,1.37141,2.63,2.25
2014.05.14 03:04:26.733,1.3714,1.37142,1.13,1.00
2014.05.14 03:04:38.269,1.37139,1.37141,6.19,1.00
2014.05.14 03:04:38.843,1.37139,1.3714,2.25,1.00
2014.05.14 03:04:39.354,1.37137,1.37139,1.69,1.00
2014.05.14 03:04:41.292,1.37137,1.3714,1.00,5.78
2014.05.14 03:04:41.545,1.37136,1.37141,3.19,5.82
2014.05.14 03:04:42.446,1.37136,1.3714,2.44,2.55
2014.05.14 03:04:42.547,1.37136,1.37141,2.82,2.44
2014.05.14 03:04:43.292,1.37136,1.3714,2.44,4.95
2014.05.14 03:04:43.937,1.37136,1.37141,2.82,6.19
2014.05.14 03:04:45.736,1.37136,1.3714,2.44,5.63
2014.05.14 03:04:46.740,1.37136,1.37141,2.82,6.19
2014.05.14 03:04:57.243,1.37136,1.37139,2.63,1.00
2014.05.14 03:04:59.827,1.37136,1.37141,3.00,8.25
2014.05.14 03:05:05.446,1.37137,1.3714,1.38,6.38
2014.05.14 03:05:06.582,1.37136,1.37141,5.07,2.82
2014.05.14 03:05:07.331,1.37136,1.37139,3.94,1.00
2014.05.14 03:05:07.762,1.37135,1.37138,5.07,2.25
2014.05.14 03:05:07.913,1.37135,1.37138,5.44,2.25
2014.05.14 03:05:08.014,1.37135,1.37138,5.07,2.25
2014.05.14 03:05:08.065,1.37135,1.37138,5.44,2.25
2014.05.14 03:05:08.166,1.37135,1.37138,5.07,2.25
2014.05.14 03:05:11.315,1.37135,1.37138,3.00,2.63
2014.05.14 03:05:11.416,1.37135,1.37138,2.63,2.63
2014.05.14 03:05:11.517,1.37135,1.37138,3.00,2.63
2014.05.14 03:05:11.618,1.37135,1.37138,2.63,2.63
2014.05.14 03:05:11.719,1.37135,1.37138,3.00,2.63
2014.05.14 03:05:11.871,1.37135,1.37138,2.63,2.63
2014.05.14 03:05:11.922,1.37135,1.37138,3.00,2.63
2014.05.14 03:05:12.023,1.37135,1.37138,2.63,2.63
2014.05.14 03:05:12.124,1.37135,1.37138,3.00,2.63
2014.05.14 03:05:12.225,1.37135,1.37138,2.63,2.63
2014.05.14 03:05:12.326,1.37135,1.37138,3.00,2.63
2014.05.14 03:05:12.427,1.37135,1.37138,2.63,2.63
2014.05.14 03:05:12.528,1.37135,1.37138,3.00,2.63
2014.05.14 03:05:12.630,1.37135,1.37138,2.63,2.63
2014.05.14 03:05:12.984,1.37135,1.37138,3.00,2.63
2014.05.14 03:05:13.085,1.37135,1.37138,2.63,2.63
2014.05.14 03:05:13.186,1.37135,1.37138,3.00,2.63
2014.05.14 03:05:13.287,1.37135,1.37138,2.63,2.63
2014.05.14 03:05:13.388,1.37135,1.37138,3.00,2.63
2014.05.14 03:05:13.489,1.37135,1.37138,2.63,2.63
2014.05.14 03:05:13.590,1.37135,1.37138,3.00,2.63
2014.05.14 03:05:13.691,1.37135,1.37138,2.63,2.63
2014.05.14 03:05:13.792,1.37135,1.37138,3.00,1.88
2014.05.14 03:05:13.994,1.37135,1.37138,2.63,1.88
2014.05.14 03:05:14.332,1.37135,1.37138,3.00,1.88
2014.05.14 03:05:14.483,1.37135,1.37138,2.63,1.88
2014.05.14 03:05:14.534,1.37135,1.37138,3.00,1.88
2014.05.14 03:05:14.635,1.37135,1.37138,2.63,1.88
2014.05.14 03:05:14.736,1.37135,1.37138,3.00,1.88
2014.05.14 03:05:14.837,1.37135,1.37138,2.63,1.88
2014.05.14 03:05:14.938,1.37135,1.37138,3.00,1.88
2014.05.14 03:05:15.039,1.37135,1.37138,2.63,1.88
2014.05.14 03:05:15.140,1.37135,1.37138,3.00,1.88
2014.05.14 03:05:15.241,1.37135,1.37138,2.63,1.88
2014.05.14 03:05:15.342,1.37135,1.37138,3.00,1.88
2014.05.14 03:05:15.443,1.37135,1.37138,2.63,1.88
2014.05.14 03:05:15.544,1.37135,1.37138,3.00,1.88
2014.05.14 03:05:15.645,1.37135,1.37138,2.63,1.88
2014.05.14 03:05:15.746,1.37135,1.37138,3.00,1.88
2014.05.14 03:05:15.847,1.37135,1.37138,2.63,1.88
2014.05.14 03:05:15.948,1.37135,1.37138,3.00,1.88
2014.05.14 03:05:16.049,1.37135,1.37138,2.63,1.88
2014.05.14 03:05:16.150,1.37135,1.37138,3.00,1.88
2014.05.14 03:05:16.251,1.37135,1.37138,2.63,1.88
2014.05.14 03:05:16.352,1.37135,1.37138,3.00,1.88
2014.05.14 03:05:16.454,1.37135,1.37138,2.63,1.88
2014.05.14 03:05:16.555,1.37135,1.37138,3.00,1.88
2014.05.14 03:05:16.656,1.37135,1.37138,2.63,1.88
2014.05.14 03:05:16.757,1.37135,1.37138,3.00,1.88
2014.05.14 03:05:16.860,1.37135,1.37138,2.63,1.88
2014.05.14 03:05:16.961,1.37135,1.37138,3.00,1.88
2014.05.14 03:05:17.062,1.37135,1.37138,2.63,1.88
2014.05.14 03:05:17.163,1.37135,1.37138,3.00,1.88
2014.05.14 03:05:17.264,1.37135,1.37138,2.63,1.88
2014.05.14 03:05:17.366,1.37135,1.37138,3.00,1.88
2014.05.14 03:05:17.467,1.37135,1.37138,2.63,1.88
2014.05.14 03:05:17.572,1.37135,1.37138,3.00,1.88
2014.05.14 03:05:17.673,1.37135,1.37138,2.63,2.63
2014.05.14 03:05:17.774,1.37135,1.37138,3.00,2.63
2014.05.14 03:05:17.875,1.37135,1.37138,2.63,2.63
2014.05.14 03:05:17.976,1.37135,1.37138,3.00,2.63
2014.05.14 03:05:18.077,1.37135,1.37138,2.63,2.63
2014.05.14 03:05:18.205,1.37135,1.37138,3.00,2.63
2014.05.14 03:05:18.306,1.37135,1.37138,2.63,2.63
2014.05.14 03:05:18.407,1.37135,1.37138,3.00,2.63
2014.05.14 03:05:18.508,1.37135,1.37138,2.63,2.63
2014.05.14 03:05:18.610,1.37135,1.37138,3.00,2.63
2014.05.14 03:05:18.711,1.37135,1.37138,2.63,2.63
2014.05.14 03:05:18.780,1.37135,1.37138,3.00,2.63
2014.05.14 03:05:18.881,1.37135,1.37138,2.63,2.63
2014.05.14 03:05:18.983,1.37135,1.37138,3.00,2.63
2014.05.14 03:05:19.085,1.37135,1.37138,2.63,2.63
2014.05.14 03:05:19.186,1.37135,1.37138,3.00,2.63
2014.05.14 03:05:19.287,1.37135,1.37138,2.63,2.63
2014.05.14 03:05:19.388,1.37135,1.37138,3.00,2.63
2014.05.14 03:05:19.492,1.37135,1.37138,2.63,2.63
2014.05.14 03:05:19.593,1.37135,1.37138,3.00,2.63
2014.05.14 03:05:19.745,1.37135,1.37138,2.63,2.63
2014.05.14 03:05:19.796,1.37135,1.37138,3.00,2.63
2014.05.14 03:05:19.897,1.37135,1.37138,2.63,2.63
2014.05.14 03:05:19.998,1.37135,1.37138,3.00,2.63
2014.05.14 03:05:20.099,1.37135,1.37138,2.63,2.63
2014.05.14 03:05:20.200,1.37135,1.37138,3.00,2.63
2014.05.14 03:05:20.301,1.37135,1.37138,2.63,2.63
2014.05.14 03:05:20.403,1.37135,1.37138,3.00,2.63
2014.05.14 03:05:20.539,1.37135,1.37138,2.63,2.63
2014.05.14 03:05:20.640,1.37135,1.37138,3.00,2.63
2014.05.14 03:05:20.741,1.37135,1.37138,2.63,2.63
2014.05.14 03:05:20.843,1.37135,1.37138,3.00,2.63
2014.05.14 03:05:20.950,1.37135,1.37138,2.63,2.63
2014.05.14 03:05:21.051,1.37135,1.37138,3.00,2.63
2014.05.14 03:05:21.152,1.37135,1.37138,2.63,2.63
2014.05.14 03:05:21.253,1.37135,1.37138,3.00,2.63
2014.05.14 03:05:21.354,1.37135,1.37138,2.63,2.63
2014.05.14 03:05:21.455,1.37135,1.37138,3.00,2.63
2014.05.14 03:05:21.557,1.37135,1.37138,2.63,2.63
2014.05.14 03:05:21.658,1.37135,1.37138,3.00,2.63
2014.05.14 03:05:21.759,1.37135,1.37138,2.63,2.63
2014.05.14 03:05:21.860,1.37135,1.37138,3.00,2.63
2014.05.14 03:05:21.962,1.37135,1.37138,2.63,2.63
2014.05.14 03:05:22.063,1.37135,1.37138,3.00,2.63
2014.05.14 03:05:22.167,1.37135,1.37138,2.63,2.63
2014.05.14 03:05:22.268,1.37135,1.37138,3.00,2.63
2014.05.14 03:05:22.369,1.37135,1.37138,2.63,2.63
2014.05.14 03:05:22.470,1.37135,1.37138,3.00,2.63
2014.05.14 03:05:22.571,1.37135,1.37138,2.63,2.63
2014.05.14 03:05:22.672,1.37135,1.37138,3.00,2.63
2014.05.14 03:05:22.773,1.37135,1.37138,2.63,2.63
2014.05.14 03:05:22.874,1.37135,1.37138,3.75,2.25
2014.05.14 03:05:24.414,1.37136,1.37139,1.63,3.00
2014.05.14 03:05:25.515,1.37136,1.37139,2.44,1.00
2014.05.14 03:05:27.551,1.37136,1.37139,2.82,1.50
2014.05.14 03:05:27.652,1.37136,1.37139,2.07,1.50
2014.05.14 03:05:27.754,1.37135,1.37138,4.69,2.25
2014.05.14 03:05:29.811,1.37135,1.37138,2.82,2.63
2014.05.14 03:05:32.130,1.37135,1.37138,2.82,1.88
2014.05.14 03:05:32.940,1.37135,1.37138,3.19,1.88
2014.05.14 03:05:33.041,1.37135,1.37138,2.82,1.88
2014.05.14 03:05:33.143,1.37135,1.37138,3.19,1.88
2014.05.14 03:05:33.446,1.37135,1.37138,2.82,1.88
2014.05.14 03:05:33.547,1.37135,1.37138,3.19,1.88
2014.05.14 03:05:33.648,1.37135,1.37138,2.82,1.88
2014.05.14 03:05:33.709,1.37135,1.37138,3.19,1.88
2014.05.14 03:05:33.813,1.37135,1.37138,2.82,1.88
2014.05.14 03:05:33.965,1.37135,1.37138,3.19,1.88
2014.05.14 03:05:34.017,1.37135,1.37138,2.82,1.88
2014.05.14 03:05:34.169,1.37135,1.37138,2.82,2.63
2014.05.14 03:05:34.627,1.37133,1.37135,5.25,1.00
2014.05.14 03:05:34.881,1.37129,1.3713,3.94,2.25
2014.05.14 03:05:35.083,1.37127,1.37129,1.13,1.50
2014.05.14 03:05:35.335,1.37126,1.37129,4.88,1.50
2014.05.14 03:05:35.558,1.37126,1.37129,4.88,1.50
2014.05.14 03:05:35.668,1.37126,1.37129,4.88,1.50
2014.05.14 03:05:38.230,1.37129,1.37131,1.38,1.50
2014.05.14 03:05:39.148,1.37129,1.37131,1.38,1.50
2014.05.14 03:05:43.777,1.37131,1.37133,3.63,2.63
2014.05.14 03:05:43.879,1.37132,1.37133,1.50,1.00
2014.05.14 03:05:44.082,1.37133,1.37136,5.25,2.25
2014.05.14 03:05:44.587,1.37133,1.37136,9.00,1.50
2014.05.14 03:05:50.398,1.37133,1.37135,3.57,1.50
2014.05.14 03:05:50.904,1.37132,1.37134,1.00,1.00
2014.05.14 03:05:52.131,1.37134,1.37136,1.38,1.50
2014.05.14 03:06:00.463,1.37134,1.37135,1.00,1.00
2014.05.14 03:06:00.967,1.37133,1.37136,1.69,1.50
2014.05.14 03:06:04.608,1.37132,1.37135,3.94,1.13
2014.05.14 03:06:05.120,1.37134,1.37136,1.38,5.63
2014.05.14 03:06:05.921,1.37134,1.37136,1.38,2.25
2014.05.14 03:06:06.983,1.37132,1.37135,3.57,3.75
2014.05.14 03:06:07.085,1.37129,1.37132,1.50,2.25
2014.05.14 03:06:07.389,1.37129,1.37131,1.88,1.00
2014.05.14 03:06:07.933,1.37129,1.37131,1.38,1.00
2014.05.14 03:06:11.523,1.3713,1.37132,1.13,3.75
2014.05.14 03:06:35.201,1.3713,1.37133,1.88,1.50
2014.05.14 03:06:46.665,1.3713,1.37133,1.88,2.82
2014.05.14 03:06:51.180,1.3713,1.37133,1.88,1.50
2014.05.14 03:06:53.338,1.3713,1.37134,2.63,6.19
2014.05.14 03:06:53.843,1.3713,1.37133,5.44,1.00
2014.05.14 03:06:54.523,1.3713,1.37134,5.44,1.69
2014.05.14 03:06:56.091,1.37132,1.37134,2.82,1.50
2014.05.14 03:06:56.294,1.37134,1.37138,3.94,2.63
2014.05.14 03:06:56.598,1.37136,1.37138,2.44,6.75
2014.05.14 03:06:58.369,1.37135,1.37138,3.19,3.75
2014.05.14 03:07:00.324,1.37135,1.37138,3.57,3.75
2014.05.14 03:07:06.281,1.37137,1.37138,1.25,1.50
2014.05.14 03:07:06.786,1.37137,1.37139,1.25,1.50
2014.05.14 03:07:09.747,1.37137,1.3714,2.44,4.50
2014.05.14 03:07:11.114,1.37137,1.3714,3.94,3.00
2014.05.14 03:07:12.213,1.37138,1.37142,1.63,8.82
2014.05.14 03:07:18.280,1.37138,1.3714,2.44,3.75
2014.05.14 03:07:18.795,1.37137,1.3714,3.57,4.50
2014.05.14 03:07:20.423,1.37137,1.3714,1.25,5.25
2014.05.14 03:07:20.983,1.37136,1.3714,3.19,5.25
2014.05.14 03:07:22.300,1.37136,1.3714,2.25,5.44
2014.05.14 03:07:24.844,1.37136,1.3714,1.69,5.44
2014.05.14 03:07:30.168,1.37137,1.3714,1.00,3.75
2014.05.14 03:07:33.060,1.37136,1.3714,3.57,3.94
2014.05.14 03:07:33.841,1.37136,1.3714,3.57,3.75
2014.05.14 03:07:40.080,1.37137,1.3714,1.69,3.75
2014.05.14 03:07:42.467,1.37136,1.3714,6.19,3.75
2014.05.14 03:07:53.008,1.37137,1.3714,4.32,1.50
2014.05.14 03:07:53.313,1.37137,1.37141,6.94,2.25
2014.05.14 03:07:56.238,1.37139,1.37142,2.07,2.25
2014.05.14 03:07:56.541,1.37141,1.37143,1.25,2.25
2014.05.14 03:07:56.896,1.37141,1.37143,1.32,1.50
2014.05.14 03:07:57.002,1.37141,1.37143,1.32,1.50
2014.05.14 03:07:57.205,1.37141,1.37143,1.32,1.50
2014.05.14 03:07:57.309,1.37141,1.37143,1.32,1.50
2014.05.14 03:07:57.412,1.37141,1.37143,1.32,1.50
2014.05.14 03:07:57.513,1.37141,1.37143,1.32,1.50
2014.05.14 03:07:57.614,1.37141,1.37143,1.32,1.50
2014.05.14 03:07:57.715,1.3714,1.37143,5.82,1.50
2014.05.14 03:07:57.816,1.3714,1.37143,5.82,1.50
2014.05.14 03:07:57.917,1.3714,1.37143,5.82,1.50
2014.05.14 03:07:58.106,1.3714,1.37143,5.82,1.50
2014.05.14 03:07:58.207,1.3714,1.37143,5.82,1.50
2014.05.14 03:07:58.461,1.37141,1.37143,2.07,1.00
2014.05.14 03:07:58.561,1.37141,1.37144,2.07,1.00
2014.05.14 03:07:58.619,1.37141,1.37144,2.07,1.00
2014.05.14 03:07:58.721,1.37141,1.37144,2.82,1.00
2014.05.14 03:07:58.822,1.37141,1.37144,5.07,1.00
2014.05.14 03:07:58.932,1.37141,1.37144,5.07,1.00
2014.05.14 03:07:59.024,1.37141,1.37144,5.07,1.00
2014.05.14 03:07:59.126,1.37141,1.37144,5.07,1.00
2014.05.14 03:07:59.227,1.37141,1.37144,5.07,1.00
2014.05.14 03:07:59.328,1.37141,1.37144,5.07,1.00
2014.05.14 03:07:59.666,1.37141,1.37144,5.07,1.00
2014.05.14 03:07:59.736,1.37141,1.37144,5.07,1.00
2014.05.14 03:07:59.837,1.37141,1.37144,5.07,1.00
2014.05.14 03:07:59.938,1.37141,1.37144,3.57,1.00
2014.05.14 03:08:00.090,1.37141,1.37144,3.57,1.00
2014.05.14 03:08:00.191,1.37141,1.37144,3.57,1.00
2014.05.14 03:08:00.242,1.37141,1.37144,3.57,1.00
2014.05.14 03:08:00.393,1.37141,1.37144,3.57,1.00
2014.05.14 03:08:00.495,1.37141,1.37144,3.57,1.00
2014.05.14 03:08:00.596,1.37141,1.37144,3.57,1.00
2014.05.14 03:08:00.697,1.37141,1.37144,3.57,1.00
2014.05.14 03:08:00.798,1.37141,1.37144,3.57,1.00
2014.05.14 03:08:00.899,1.37141,1.37144,3.57,1.00
2014.05.14 03:08:00.952,1.37141,1.37144,3.57,1.00
2014.05.14 03:08:01.103,1.37141,1.37144,3.57,1.00
2014.05.14 03:08:01.205,1.37141,1.37144,3.57,1.00
2014.05.14 03:08:01.306,1.37141,1.37144,3.57,1.00
2014.05.14 03:08:01.407,1.37141,1.37144,3.57,1.00
2014.05.14 03:08:01.508,1.37141,1.37144,3.57,1.00
2014.05.14 03:08:01.609,1.37142,1.37146,1.38,6.38
2014.05.14 03:08:01.710,1.37141,1.37145,5.82,5.63
2014.05.14 03:08:01.811,1.37143,1.37147,2.82,7.50
2014.05.14 03:08:02.265,1.37144,1.37147,3.19,3.00
2014.05.14 03:08:15.509,1.37145,1.37146,1.69,1.13
2014.05.14 03:08:15.746,1.37145,1.37149,5.48,4.13
2014.05.14 03:08:16.049,1.37144,1.37146,1.00,1.00
2014.05.14 03:08:17.125,1.37143,1.37147,3.57,3.94
2014.05.14 03:08:17.912,1.37143,1.37146,3.19,1.50
2014.05.14 03:08:18.114,1.37143,1.37145,1.50,2.63
2014.05.14 03:08:18.316,1.37143,1.37146,1.88,2.07
2014.05.14 03:08:44.065,1.37142,1.37144,1.13,1.00
2014.05.14 03:08:47.054,1.37142,1.37144,1.25,1.50
2014.05.14 03:09:14.103,1.37143,1.37146,1.63,1.50
2014.05.14 03:09:14.458,1.37145,1.37148,1.63,3.75
2014.05.14 03:09:18.373,1.37146,1.37147,1.25,1.00
2014.05.14 03:09:18.878,1.37144,1.37147,2.07,2.25
2014.05.14 03:09:19.382,1.37143,1.37146,1.63,3.00
2014.05.14 03:09:22.865,1.37144,1.37147,2.07,1.88
2014.05.14 03:09:28.265,1.37144,1.37146,1.88,1.00
2014.05.14 03:09:32.412,1.37142,1.37145,1.50,3.57
2014.05.14 03:09:33.651,1.37142,1.37146,1.88,6.38
2014.05.14 03:09:33.752,1.37142,1.37144,1.50,1.00
2014.05.14 03:09:33.954,1.3714,1.37143,2.82,1.50
2014.05.14 03:09:49.378,1.37141,1.37143,1.25,1.50
2014.05.14 03:09:51.326,1.37141,1.37143,1.25,1.50
2014.05.14 03:09:51.780,1.37143,1.37146,2.44,1.88
2014.05.14 03:09:58.974,1.37142,1.37145,2.44,3.38
2014.05.14 03:09:59.478,1.37141,1.37144,2.07,1.50
2014.05.14 03:10:02.222,1.3714,1.37144,12.04,1.50
2014.05.14 03:10:19.803,1.37143,1.37146,1.88,6.75
2014.05.14 03:10:22.178,1.37145,1.37146,3.75,1.00
2014.05.14 03:10:22.280,1.37145,1.37148,5.07,2.63
2014.05.14 03:10:22.381,1.37145,1.37148,4.69,1.13
2014.05.14 03:10:22.482,1.37145,1.37148,6.19,1.13
2014.05.14 03:10:24.015,1.37145,1.37148,4.32,1.00
2014.05.14 03:10:24.116,1.37145,1.37148,4.32,1.00
2014.05.14 03:10:24.217,1.37145,1.37148,4.32,1.00
2014.05.14 03:10:24.318,1.37145,1.37148,4.32,1.00
2014.05.14 03:10:24.419,1.37145,1.37148,4.32,1.00
2014.05.14 03:10:24.520,1.37145,1.37148,4.32,1.00
2014.05.14 03:10:24.621,1.37145,1.37148,4.32,1.00
2014.05.14 03:10:24.722,1.37145,1.37148,4.32,1.00
2014.05.14 03:10:24.823,1.37145,1.37148,4.32,1.00
2014.05.14 03:10:24.924,1.37145,1.37148,4.32,1.00
2014.05.14 03:10:25.025,1.37145,1.37148,4.32,1.00
2014.05.14 03:10:25.090,1.37145,1.37148,4.32,1.00
2014.05.14 03:10:25.220,1.37145,1.37148,4.32,1.00
2014.05.14 03:10:25.321,1.37145,1.37148,4.32,1.00
2014.05.14 03:10:25.422,1.37145,1.37148,4.32,1.00
2014.05.14 03:10:25.523,1.37145,1.37148,4.32,1.00
2014.05.14 03:10:25.624,1.37145,1.37148,5.07,1.00
2014.05.14 03:10:25.726,1.37145,1.37148,5.07,1.00
2014.05.14 03:10:25.827,1.37145,1.37148,5.07,1.00
2014.05.14 03:10:25.929,1.37145,1.37148,5.07,1.00
2014.05.14 03:10:26.030,1.37145,1.37148,5.07,1.00
2014.05.14 03:10:26.131,1.37145,1.37148,5.07,1.00
2014.05.14 03:10:26.232,1.37145,1.37148,5.07,1.00
2014.05.14 03:10:26.333,1.37145,1.37148,5.07,1.00
2014.05.14 03:10:26.434,1.37145,1.37148,5.07,1.00
2014.05.14 03:10:26.535,1.37145,1.37148,5.07,1.00
2014.05.14 03:10:26.636,1.37145,1.37148,5.07,1.00
2014.05.14 03:10:26.737,1.37145,1.37148,5.07,1.00
2014.05.14 03:10:26.838,1.37145,1.37148,5.07,1.00
2014.05.14 03:10:26.939,1.37145,1.37148,5.07,1.00
2014.05.14 03:10:27.040,1.37145,1.37148,5.07,1.00
2014.05.14 03:10:27.141,1.37145,1.37148,5.07,1.00
2014.05.14 03:10:27.242,1.37145,1.37148,5.07,1.00
2014.05.14 03:10:27.343,1.37145,1.37148,5.07,1.00
2014.05.14 03:10:27.444,1.37145,1.37148,5.07,1.00
2014.05.14 03:10:27.546,1.37145,1.37148,5.07,1.00
2014.05.14 03:10:27.646,1.37145,1.37148,5.07,1.00
2014.05.14 03:10:27.748,1.37145,1.37148,5.07,1.00
2014.05.14 03:10:28.068,1.37145,1.37148,5.07,1.00
2014.05.14 03:10:28.169,1.37145,1.37148,5.07,1.00
2014.05.14 03:10:28.270,1.37145,1.37148,5.07,1.00
2014.05.14 03:10:28.371,1.37145,1.37148,5.07,1.00
2014.05.14 03:10:28.472,1.37145,1.37148,5.07,1.00
2014.05.14 03:10:28.573,1.37145,1.37148,5.07,1.00
2014.05.14 03:10:28.674,1.37145,1.37148,5.07,1.00
2014.05.14 03:10:28.775,1.37145,1.37148,5.07,1.00
2014.05.14 03:10:28.876,1.37145,1.37148,5.07,1.00
2014.05.14 03:10:28.977,1.37145,1.37148,5.07,1.00
2014.05.14 03:10:29.078,1.37145,1.37148,5.07,1.00
2014.05.14 03:10:29.179,1.37145,1.37148,5.07,1.00
2014.05.14 03:10:29.280,1.37145,1.37148,5.07,1.00
2014.05.14 03:10:29.381,1.37145,1.37148,5.07,1.00
2014.05.14 03:10:29.583,1.37145,1.37148,5.07,1.00
2014.05.14 03:10:29.803,1.37145,1.37148,5.07,1.00
2014.05.14 03:10:29.904,1.37145,1.37148,5.07,1.00
2014.05.14 03:10:30.005,1.37145,1.37148,5.07,1.00
2014.05.14 03:10:30.106,1.37145,1.37148,5.07,1.00
2014.05.14 03:10:30.207,1.37145,1.37148,5.07,1.00
2014.05.14 03:10:30.308,1.37145,1.37148,5.07,1.00
2014.05.14 03:10:30.409,1.37145,1.37148,5.07,1.00
2014.05.14 03:10:30.510,1.37145,1.37148,5.07,1.00
2014.05.14 03:10:30.611,1.37145,1.37148,5.07,1.00
2014.05.14 03:10:30.712,1.37145,1.37148,5.07,1.00
2014.05.14 03:10:30.813,1.37145,1.37148,5.07,1.00
2014.05.14 03:10:30.914,1.37145,1.37148,5.07,1.00
2014.05.14 03:10:31.015,1.37145,1.37148,5.07,1.00
2014.05.14 03:10:31.217,1.37145,1.37148,5.07,1.00
2014.05.14 03:10:31.318,1.37145,1.37148,5.07,1.00
2014.05.14 03:10:31.636,1.37145,1.37148,5.07,1.00
2014.05.14 03:10:31.838,1.37145,1.37148,5.07,1.00
2014.05.14 03:10:31.939,1.37145,1.37148,5.07,1.00
2014.05.14 03:10:32.040,1.37145,1.37148,5.07,1.00
2014.05.14 03:10:32.141,1.37145,1.37148,5.07,1.00
2014.05.14 03:10:32.242,1.37145,1.37148,5.07,1.00
2014.05.14 03:10:32.343,1.37145,1.37148,5.07,1.00
2014.05.14 03:10:32.444,1.37145,1.37148,5.07,1.00
2014.05.14 03:10:32.545,1.37145,1.37148,5.07,1.00
2014.05.14 03:10:32.646,1.37145,1.37148,5.07,1.00
2014.05.14 03:10:32.806,1.37145,1.37148,5.07,1.00
2014.05.14 03:10:33.121,1.37145,1.37148,5.07,1.00
2014.05.14 03:10:33.222,1.37145,1.37148,5.07,1.00
2014.05.14 03:10:33.323,1.37145,1.37148,5.07,1.00
2014.05.14 03:10:33.763,1.37145,1.37148,5.07,1.00
2014.05.14 03:10:33.864,1.37145,1.37148,5.07,1.00
2014.05.14 03:10:33.965,1.37145,1.37148,5.07,1.00
2014.05.14 03:10:34.066,1.37145,1.37148,5.07,1.00
2014.05.14 03:10:34.268,1.37145,1.37148,5.07,1.00
2014.05.14 03:10:34.369,1.37145,1.37148,5.07,1.00
2014.05.14 03:10:34.470,1.37145,1.37148,5.82,1.00
2014.05.14 03:10:34.571,1.37145,1.37148,5.82,1.00
2014.05.14 03:10:34.672,1.37145,1.37148,5.82,1.00
2014.05.14 03:10:34.774,1.37145,1.37148,5.82,1.00
2014.05.14 03:10:34.875,1.37145,1.37148,5.82,1.00
2014.05.14 03:10:34.976,1.37145,1.37148,5.82,1.00
2014.05.14 03:10:35.077,1.37145,1.37148,5.82,1.00
2014.05.14 03:10:35.714,1.37145,1.37148,5.82,1.00
2014.05.14 03:10:35.915,1.37145,1.37148,6.57,1.00
2014.05.14 03:10:36.016,1.37145,1.37148,5.82,1.00
2014.05.14 03:10:36.117,1.37145,1.37148,5.82,1.00
2014.05.14 03:10:36.218,1.37145,1.37148,5.82,1.00
2014.05.14 03:10:36.319,1.37145,1.37148,5.82,1.00
2014.05.14 03:10:36.420,1.37145,1.37148,5.82,1.00
2014.05.14 03:10:36.521,1.37145,1.37148,5.82,1.00
2014.05.14 03:10:36.622,1.37145,1.37148,5.82,1.00
2014.05.14 03:10:36.724,1.37145,1.37148,5.82,1.00
2014.05.14 03:10:36.825,1.37145,1.37148,5.82,1.00
2014.05.14 03:10:36.926,1.37145,1.37148,5.82,1.00
2014.05.14 03:10:37.027,1.37145,1.37148,5.82,1.00
2014.05.14 03:10:37.128,1.37145,1.37148,5.82,1.00
2014.05.14 03:10:37.229,1.37145,1.37148,5.82,1.00
2014.05.14 03:10:37.330,1.37145,1.37148,5.82,1.00
2014.05.14 03:10:37.431,1.37145,1.37148,5.82,1.00
2014.05.14 03:10:37.532,1.37145,1.37148,5.82,1.00
2014.05.14 03:10:37.633,1.37145,1.37148,5.82,1.00
2014.05.14 03:10:37.737,1.37145,1.37148,5.82,1.00
2014.05.14 03:10:37.839,1.37145,1.37148,5.82,1.00
2014.05.14 03:10:37.940,1.37145,1.37148,5.82,1.00
2014.05.14 03:10:38.042,1.37145,1.37148,5.82,1.00
2014.05.14 03:10:38.143,1.37145,1.37148,5.82,1.00
2014.05.14 03:10:38.244,1.37145,1.37148,5.82,1.00
2014.05.14 03:10:38.345,1.37145,1.37148,5.82,1.00
2014.05.14 03:10:38.446,1.37145,1.37148,5.82,1.00
2014.05.14 03:10:38.547,1.37145,1.37148,5.82,1.00
2014.05.14 03:10:38.648,1.37145,1.37148,5.82,1.00
2014.05.14 03:10:38.750,1.37145,1.37148,5.82,1.00
2014.05.14 03:10:38.851,1.37145,1.37148,7.32,1.00
2014.05.14 03:10:38.952,1.37145,1.37148,7.32,1.00
2014.05.14 03:10:39.058,1.37145,1.37148,7.32,1.00
2014.05.14 03:10:39.159,1.37145,1.37148,7.32,1.00
2014.05.14 03:10:39.261,1.37145,1.37148,7.32,1.00
2014.05.14 03:10:39.362,1.37145,1.37148,7.32,1.00
2014.05.14 03:10:39.463,1.37145,1.37148,7.32,1.00
2014.05.14 03:10:39.564,1.37145,1.37148,7.32,1.00
2014.05.14 03:10:39.665,1.37145,1.37148,7.32,1.00
2014.05.14 03:10:39.766,1.37145,1.37148,7.32,1.00
2014.05.14 03:10:39.867,1.37145,1.37148,7.32,1.00
2014.05.14 03:10:39.968,1.37145,1.37148,7.32,1.00
2014.05.14 03:10:40.071,1.37145,1.37148,7.32,1.00
2014.05.14 03:10:40.172,1.37145,1.37148,7.32,1.00
2014.05.14 03:10:40.273,1.37145,1.37148,7.32,1.00
2014.05.14 03:10:40.374,1.37145,1.37148,7.32,1.00
2014.05.14 03:10:40.475,1.37145,1.37148,7.32,1.00
2014.05.14 03:10:40.576,1.37145,1.37148,7.32,1.00
2014.05.14 03:10:40.677,1.37145,1.37148,7.32,1.00
2014.05.14 03:10:40.778,1.37145,1.37148,7.32,1.00
2014.05.14 03:10:40.879,1.37145,1.37148,7.32,1.00
2014.05.14 03:10:40.981,1.37145,1.37148,7.32,1.00
2014.05.14 03:10:41.082,1.37145,1.37148,7.32,1.00
2014.05.14 03:10:41.233,1.37145,1.37148,7.32,1.00
2014.05.14 03:10:41.284,1.37145,1.37148,7.32,1.00
2014.05.14 03:10:41.429,1.37145,1.37148,7.32,1.00
2014.05.14 03:10:41.480,1.37145,1.37148,7.32,1.00
2014.05.14 03:10:41.559,1.37145,1.37148,7.32,1.00
2014.05.14 03:10:41.662,1.37145,1.37148,7.32,1.00
2014.05.14 03:10:41.813,1.37145,1.37148,7.32,1.00
2014.05.14 03:10:41.865,1.37145,1.37148,7.32,1.00
2014.05.14 03:10:42.029,1.37145,1.37148,7.32,1.00
2014.05.14 03:10:42.079,1.37145,1.37148,7.32,1.00
2014.05.14 03:10:42.180,1.37145,1.37148,6.57,1.00
2014.05.14 03:10:42.281,1.37145,1.37148,6.57,1.00
2014.05.14 03:10:42.382,1.37145,1.37148,6.57,1.00
2014.05.14 03:10:42.483,1.37145,1.37148,6.57,1.00
2014.05.14 03:10:42.573,1.37145,1.37148,6.57,1.00
2014.05.14 03:10:42.676,1.37145,1.37148,6.57,1.00
2014.05.14 03:10:42.777,1.37145,1.37148,6.57,1.00
2014.05.14 03:10:42.878,1.37145,1.37148,6.57,1.00
2014.05.14 03:10:42.980,1.37145,1.37148,6.57,1.00
2014.05.14 03:10:43.081,1.37145,1.37148,6.57,1.00
2014.05.14 03:10:43.182,1.37145,1.37148,6.57,1.00
2014.05.14 03:10:43.283,1.37145,1.37148,6.57,1.00
2014.05.14 03:10:43.384,1.37145,1.37148,6.57,1.00
2014.05.14 03:10:43.485,1.37145,1.37148,6.57,1.00
2014.05.14 03:10:43.590,1.37145,1.37148,6.57,1.00
2014.05.14 03:10:43.691,1.37145,1.37148,6.57,1.00
2014.05.14 03:10:43.792,1.37145,1.37148,6.57,1.00
2014.05.14 03:10:43.895,1.37145,1.37148,6.57,1.00
2014.05.14 03:10:43.996,1.37145,1.37148,6.57,1.00
2014.05.14 03:10:44.097,1.37145,1.37148,6.57,1.00
2014.05.14 03:10:44.198,1.37145,1.37148,6.57,1.00
2014.05.14 03:10:44.299,1.37145,1.37148,6.57,1.00
2014.05.14 03:10:44.400,1.37145,1.37148,6.57,1.00
2014.05.14 03:10:44.501,1.37145,1.37148,6.57,1.00
2014.05.14 03:10:44.602,1.37145,1.37148,6.94,1.00
2014.05.14 03:10:44.703,1.37145,1.37148,6.94,1.00
2014.05.14 03:10:45.218,1.37145,1.37148,8.44,1.00
2014.05.14 03:10:45.319,1.37145,1.37148,8.44,1.00
2014.05.14 03:10:45.420,1.37145,1.37148,8.44,1.00
2014.05.14 03:10:45.521,1.37145,1.37148,8.44,1.00
2014.05.14 03:10:46.050,1.37145,1.37148,2.82,2.25
2014.05.14 03:10:47.707,1.37145,1.37146,1.88,1.13
2014.05.14 03:10:48.010,1.37143,1.37145,2.10,5.13
2014.05.14 03:10:48.112,1.37141,1.37142,1.00,1.50
2014.05.14 03:10:48.652,1.37138,1.37142,3.00,3.75
2014.05.14 03:10:49.156,1.37138,1.37142,2.63,3.75
2014.05.14 03:10:49.486,1.3714,1.37144,4.73,1.69
2014.05.14 03:10:49.689,1.37142,1.37144,1.19,1.50
2014.05.14 03:10:49.993,1.37144,1.37146,2.82,1.50
2014.05.14 03:10:50.196,1.37145,1.37148,2.44,1.50
2014.05.14 03:10:50.751,1.37145,1.37148,2.25,2.82
2014.05.14 03:10:50.903,1.37143,1.37145,2.82,1.50
2014.05.14 03:10:51.220,1.37143,1.37145,1.88,4.88
2014.05.14 03:10:51.322,1.37141,1.37143,1.50,1.00
2014.05.14 03:10:51.625,1.37144,1.37146,1.88,5.63
2014.05.14 03:10:51.878,1.37146,1.37148,1.50,1.50
2014.05.14 03:10:52.130,1.37146,1.37149,1.50,2.25
2014.05.14 03:10:52.231,1.37146,1.37149,1.50,2.25
2014.05.14 03:10:52.333,1.37146,1.37148,1.50,1.00
2014.05.14 03:10:52.434,1.37146,1.37148,1.50,1.00
2014.05.14 03:10:52.539,1.37146,1.37148,1.50,1.00
2014.05.14 03:10:52.741,1.37146,1.37148,1.50,1.00
2014.05.14 03:10:52.842,1.37146,1.37148,1.88,1.00
2014.05.14 03:10:53.044,1.37146,1.37148,1.88,1.00
2014.05.14 03:10:53.146,1.37146,1.37148,1.88,1.00
2014.05.14 03:10:53.249,1.37146,1.37148,1.88,1.00
2014.05.14 03:10:53.350,1.37146,1.37148,1.88,1.00
2014.05.14 03:10:53.451,1.37146,1.37148,1.88,1.00
2014.05.14 03:10:53.552,1.37146,1.37148,1.88,1.00
2014.05.14 03:10:53.653,1.37146,1.37148,1.88,1.00
2014.05.14 03:10:53.755,1.37146,1.37148,1.88,1.00
2014.05.14 03:10:53.856,1.37146,1.37148,1.88,1.00
2014.05.14 03:10:53.977,1.37146,1.37148,1.88,1.00
2014.05.14 03:10:54.146,1.37146,1.37148,1.88,1.00
2014.05.14 03:10:54.247,1.37146,1.37148,1.88,1.00
2014.05.14 03:10:54.349,1.37146,1.37148,1.88,1.00
2014.05.14 03:10:54.450,1.37146,1.37148,1.88,1.00
2014.05.14 03:10:54.551,1.37146,1.37148,1.88,1.00
2014.05.14 03:10:54.771,1.37146,1.37148,1.88,1.00
2014.05.14 03:10:54.872,1.37146,1.37148,1.88,1.00
2014.05.14 03:10:54.972,1.37146,1.37148,1.88,1.00
2014.05.14 03:10:55.074,1.37146,1.37148,1.88,1.00
2014.05.14 03:10:55.175,1.37146,1.37148,1.88,1.00
2014.05.14 03:10:55.582,1.37146,1.37148,1.88,1.00
2014.05.14 03:10:55.738,1.37146,1.37148,1.88,1.00
2014.05.14 03:10:55.789,1.37146,1.37148,1.88,1.00
2014.05.14 03:10:55.890,1.37146,1.37148,1.88,1.00
2014.05.14 03:10:56.092,1.37146,1.37148,1.88,1.00
2014.05.14 03:10:56.193,1.37146,1.37148,1.88,1.00
2014.05.14 03:10:56.294,1.37146,1.37148,1.88,1.00
2014.05.14 03:10:56.395,1.37146,1.37148,1.88,1.00
2014.05.14 03:10:56.496,1.37146,1.37148,1.88,1.00
2014.05.14 03:10:56.597,1.37146,1.37148,1.88,1.00
2014.05.14 03:10:56.698,1.37146,1.37148,1.88,1.00
2014.05.14 03:10:56.798,1.37146,1.37148,1.88,1.00
2014.05.14 03:10:56.900,1.37146,1.37148,1.88,1.00
2014.05.14 03:10:57.001,1.37146,1.37148,1.88,1.00
2014.05.14 03:10:57.203,1.37146,1.37148,1.88,1.00
2014.05.14 03:10:57.304,1.37146,1.37149,1.88,1.69
2014.05.14 03:10:57.505,1.37146,1.37149,1.88,1.69
2014.05.14 03:10:57.607,1.37146,1.37149,1.88,1.69
2014.05.14 03:10:57.708,1.37146,1.37149,1.88,1.69
2014.05.14 03:10:57.809,1.37146,1.37149,1.88,1.69
2014.05.14 03:10:57.910,1.37146,1.37149,1.88,1.69
2014.05.14 03:10:57.976,1.37146,1.37149,1.88,1.69
2014.05.14 03:10:58.077,1.37146,1.37149,1.88,1.69
2014.05.14 03:10:58.202,1.37146,1.37149,1.88,1.69
2014.05.14 03:10:58.303,1.37146,1.37149,1.88,1.69
2014.05.14 03:10:58.404,1.37146,1.37149,1.88,1.69
2014.05.14 03:10:58.606,1.37146,1.37149,1.88,1.69
2014.05.14 03:10:59.009,1.37146,1.37149,1.88,1.69
2014.05.14 03:10:59.111,1.37146,1.37149,1.88,1.69
2014.05.14 03:10:59.212,1.37146,1.37149,1.88,1.69
2014.05.14 03:10:59.313,1.37146,1.37149,1.88,1.69
2014.05.14 03:10:59.414,1.37146,1.37149,1.88,1.69
2014.05.14 03:10:59.515,1.37146,1.37149,1.88,1.69
2014.05.14 03:10:59.616,1.37146,1.37149,1.88,1.69
2014.05.14 03:10:59.717,1.37146,1.37149,1.88,1.69
2014.05.14 03:10:59.818,1.37146,1.37149,1.88,1.69
2014.05.14 03:11:00.021,1.37146,1.37149,1.88,1.69
2014.05.14 03:11:00.122,1.37146,1.37149,1.88,1.69
2014.05.14 03:11:00.223,1.37146,1.37149,1.88,1.69
2014.05.14 03:11:00.324,1.37146,1.37149,1.88,1.69
2014.05.14 03:11:00.425,1.37146,1.37149,1.88,1.69
2014.05.14 03:11:00.526,1.37146,1.37149,1.88,1.69
2014.05.14 03:11:00.728,1.37146,1.37149,1.88,1.69
2014.05.14 03:11:00.829,1.37146,1.37149,1.88,1.69
2014.05.14 03:11:00.930,1.37146,1.37149,1.88,1.69
2014.05.14 03:11:01.031,1.37146,1.37149,1.88,1.69
2014.05.14 03:11:01.132,1.37146,1.37149,1.88,1.69
2014.05.14 03:11:01.334,1.37146,1.37149,1.88,1.69
2014.05.14 03:11:01.435,1.37146,1.37149,1.88,1.69
2014.05.14 03:11:01.536,1.37146,1.37149,1.88,1.69
2014.05.14 03:11:01.637,1.37146,1.37149,1.88,1.69
2014.05.14 03:11:01.738,1.37146,1.37149,1.88,1.69
2014.05.14 03:11:01.940,1.37146,1.37149,1.88,1.69
2014.05.14 03:11:02.247,1.37146,1.37148,1.50,1.00
2014.05.14 03:11:02.449,1.37146,1.37149,1.69,1.00
2014.05.14 03:11:02.550,1.37146,1.37149,1.69,1.00
2014.05.14 03:11:02.651,1.37146,1.37149,1.69,1.00
2014.05.14 03:11:02.754,1.37146,1.37149,2.07,1.00
2014.05.14 03:11:02.905,1.37146,1.37149,3.19,1.00
2014.05.14 03:11:02.958,1.37146,1.37149,3.19,1.00
2014.05.14 03:11:03.465,1.37146,1.3715,3.19,6.57
2014.05.14 03:11:03.567,1.37146,1.37151,3.57,3.38
2014.05.14 03:11:03.668,1.37146,1.3715,3.19,6.57
2014.05.14 03:11:03.770,1.37146,1.37151,3.57,3.38
2014.05.14 03:11:03.871,1.37146,1.3715,3.19,6.57
2014.05.14 03:11:03.972,1.37146,1.37151,3.57,3.38
2014.05.14 03:11:04.073,1.37146,1.3715,3.94,6.57
2014.05.14 03:11:04.225,1.37146,1.37151,4.32,3.38
2014.05.14 03:11:04.275,1.37146,1.3715,3.94,6.57
2014.05.14 03:11:04.474,1.37146,1.37151,4.32,3.38
2014.05.14 03:11:04.675,1.37146,1.3715,3.94,6.57
2014.05.14 03:11:04.827,1.37146,1.37151,5.07,2.63
2014.05.14 03:11:04.928,1.37146,1.3715,4.69,5.82
2014.05.14 03:11:04.980,1.37146,1.37151,5.07,3.38
2014.05.14 03:11:05.081,1.37146,1.3715,4.69,5.82
2014.05.14 03:11:05.182,1.37146,1.37151,5.07,3.38
2014.05.14 03:11:05.283,1.37146,1.3715,4.69,5.82
2014.05.14 03:11:05.493,1.37146,1.37151,5.07,3.38
2014.05.14 03:11:05.694,1.37146,1.3715,4.69,5.82
2014.05.14 03:11:05.795,1.37146,1.37151,5.07,3.38
2014.05.14 03:11:05.896,1.37146,1.3715,4.69,5.82
2014.05.14 03:11:05.997,1.37146,1.37151,5.07,3.38
2014.05.14 03:11:06.098,1.37146,1.3715,4.69,5.82
2014.05.14 03:11:06.199,1.37146,1.37151,5.07,3.38
2014.05.14 03:11:06.300,1.37146,1.3715,4.69,5.82
2014.05.14 03:11:06.401,1.37146,1.37151,5.07,3.38
2014.05.14 03:11:06.502,1.37146,1.3715,4.69,5.82
2014.05.14 03:11:06.604,1.37146,1.37151,5.07,3.38
2014.05.14 03:11:06.705,1.37146,1.3715,4.69,5.82
2014.05.14 03:11:06.806,1.37146,1.37151,5.07,3.38
2014.05.14 03:11:06.907,1.37146,1.3715,4.69,5.82
2014.05.14 03:11:07.008,1.37146,1.37151,5.07,3.38
2014.05.14 03:11:07.109,1.37146,1.3715,4.69,5.82
2014.05.14 03:11:07.403,1.37146,1.37151,5.07,3.38
2014.05.14 03:11:07.504,1.37146,1.3715,4.69,5.82
2014.05.14 03:11:07.605,1.37146,1.37151,5.07,3.38
2014.05.14 03:11:07.706,1.37146,1.3715,4.69,5.82
2014.05.14 03:11:07.811,1.37146,1.37151,5.07,3.38
2014.05.14 03:11:07.912,1.37146,1.3715,4.69,5.82
2014.05.14 03:11:08.013,1.37146,1.37151,5.07,3.38
2014.05.14 03:11:08.114,1.37146,1.3715,4.69,5.82
2014.05.14 03:11:08.215,1.37146,1.37151,5.07,3.38
2014.05.14 03:11:08.316,1.37146,1.3715,4.69,5.82
2014.05.14 03:11:08.417,1.37146,1.37151,5.07,3.38
2014.05.14 03:11:08.518,1.37146,1.3715,4.69,5.82
2014.05.14 03:11:08.856,1.37146,1.37151,5.07,3.38
2014.05.14 03:11:09.159,1.37146,1.3715,4.69,5.82
2014.05.14 03:11:09.260,1.37146,1.37151,5.07,3.38
2014.05.14 03:11:09.361,1.37146,1.3715,4.69,5.82
2014.05.14 03:11:09.462,1.37146,1.37151,5.07,3.38
2014.05.14 03:11:09.563,1.37146,1.3715,4.69,5.82
2014.05.14 03:11:09.664,1.37146,1.37151,5.07,3.38
2014.05.14 03:11:10.067,1.37146,1.3715,4.69,5.82
2014.05.14 03:11:10.168,1.37146,1.37151,5.07,3.38
2014.05.14 03:11:10.370,1.37146,1.3715,4.69,5.82
2014.05.14 03:11:10.471,1.37146,1.37151,5.07,3.57
2014.05.14 03:11:10.572,1.37146,1.3715,4.69,5.63
2014.05.14 03:11:10.673,1.37146,1.37151,5.07,3.57
2014.05.14 03:11:10.774,1.37146,1.3715,4.69,5.63
2014.05.14 03:11:10.875,1.37146,1.37151,5.07,3.57
2014.05.14 03:11:10.976,1.37146,1.3715,4.69,5.63
2014.05.14 03:11:11.077,1.37146,1.37151,5.07,3.57
2014.05.14 03:11:11.279,1.37146,1.3715,4.69,5.63
2014.05.14 03:11:11.480,1.37146,1.37151,5.07,3.57
2014.05.14 03:11:11.581,1.37146,1.3715,4.69,5.63
2014.05.14 03:11:11.683,1.37146,1.37151,5.07,3.57
2014.05.14 03:11:11.784,1.37146,1.3715,4.69,5.63
2014.05.14 03:11:11.885,1.37146,1.37151,5.07,3.57
2014.05.14 03:11:12.188,1.37146,1.3715,4.69,5.63
2014.05.14 03:11:12.390,1.37146,1.37151,4.32,2.82
2014.05.14 03:11:12.879,1.37146,1.3715,3.19,6.38
2014.05.14 03:11:12.980,1.37146,1.37151,3.57,2.82
2014.05.14 03:11:13.081,1.37146,1.3715,3.19,6.38
2014.05.14 03:11:13.182,1.37146,1.37151,3.57,2.82
2014.05.14 03:11:13.283,1.37146,1.3715,3.19,6.38
2014.05.14 03:11:13.384,1.37146,1.37151,3.57,2.82
2014.05.14 03:11:13.485,1.37146,1.3715,3.19,6.38
2014.05.14 03:11:13.586,1.37146,1.37151,3.57,2.82
2014.05.14 03:11:13.889,1.37146,1.3715,3.19,6.57
2014.05.14 03:11:13.990,1.37146,1.37151,3.57,2.63
2014.05.14 03:11:14.091,1.37146,1.3715,3.19,6.57
2014.05.14 03:11:14.192,1.37146,1.37151,3.57,2.63
2014.05.14 03:11:14.293,1.37146,1.3715,3.19,6.57
2014.05.14 03:11:14.394,1.37146,1.37151,3.57,2.63
2014.05.14 03:11:14.495,1.37146,1.3715,3.19,6.57
2014.05.14 03:11:14.596,1.37146,1.37151,3.57,2.63
2014.05.14 03:11:15.000,1.37146,1.3715,3.19,6.57
2014.05.14 03:11:15.201,1.37146,1.37151,3.57,2.63
2014.05.14 03:11:15.302,1.37146,1.3715,3.19,6.57
2014.05.14 03:11:15.403,1.37146,1.37151,3.57,2.63
2014.05.14 03:11:15.504,1.37146,1.3715,3.19,6.57
2014.05.14 03:11:15.605,1.37146,1.37151,3.57,2.63
2014.05.14 03:11:15.706,1.37146,1.3715,3.19,6.57
2014.05.14 03:11:15.807,1.37146,1.37151,3.57,2.63
2014.05.14 03:11:16.009,1.37146,1.3715,3.19,6.57
2014.05.14 03:11:16.199,1.37146,1.37151,3.57,2.63
2014.05.14 03:11:16.300,1.37146,1.3715,3.19,6.57
2014.05.14 03:11:16.401,1.37146,1.37151,3.57,2.63
2014.05.14 03:11:16.502,1.37146,1.3715,3.19,6.57
2014.05.14 03:11:16.603,1.37146,1.37151,3.57,2.63
2014.05.14 03:11:16.704,1.37146,1.3715,3.19,6.57
2014.05.14 03:11:16.806,1.37146,1.37151,3.57,2.63
2014.05.14 03:11:16.907,1.37146,1.3715,3.19,6.57
2014.05.14 03:11:17.008,1.37146,1.37151,3.57,2.63
2014.05.14 03:11:17.109,1.37146,1.3715,3.19,6.57
2014.05.14 03:11:17.210,1.37146,1.37151,4.32,2.63
2014.05.14 03:11:17.311,1.37146,1.3715,3.94,6.57
2014.05.14 03:11:17.414,1.37147,1.37151,1.50,3.38
2014.05.14 03:11:17.515,1.37147,1.3715,1.13,5.07
2014.05.14 03:11:17.617,1.37147,1.37151,1.38,3.38
2014.05.14 03:11:17.718,1.37146,1.3715,4.69,5.07
2014.05.14 03:11:17.829,1.37146,1.37151,5.82,4.13
2014.05.14 03:11:17.930,1.37146,1.3715,5.44,5.07
2014.05.14 03:11:18.132,1.37146,1.37151,5.82,4.13
2014.05.14 03:11:18.461,1.37146,1.3715,5.44,4.88
2014.05.14 03:11:18.563,1.37146,1.37151,5.82,4.32
2014.05.14 03:11:18.734,1.37146,1.3715,5.44,4.88
2014.05.14 03:11:18.866,1.37146,1.37151,5.82,4.32
2014.05.14 03:11:18.921,1.37146,1.3715,5.44,4.88
2014.05.14 03:11:19.073,1.37146,1.37151,5.07,4.32
2014.05.14 03:11:19.279,1.37146,1.3715,4.69,4.88
2014.05.14 03:11:19.330,1.37146,1.37151,5.07,4.32
2014.05.14 03:11:19.431,1.37146,1.3715,4.69,4.88
2014.05.14 03:11:19.635,1.37146,1.37151,5.07,4.32
2014.05.14 03:11:19.736,1.37146,1.3715,4.69,4.88
2014.05.14 03:11:19.833,1.37146,1.37151,5.07,4.32
2014.05.14 03:11:19.935,1.37146,1.3715,4.69,4.88
2014.05.14 03:11:20.086,1.37146,1.37151,5.07,4.32
2014.05.14 03:11:20.240,1.37146,1.3715,4.69,4.88
2014.05.14 03:11:20.341,1.37146,1.37151,5.07,4.32
2014.05.14 03:11:20.442,1.37146,1.3715,4.69,4.88
2014.05.14 03:11:20.543,1.37146,1.37151,5.07,4.32
2014.05.14 03:11:20.648,1.37146,1.3715,4.69,4.88
2014.05.14 03:11:20.887,1.37146,1.37151,5.07,4.32
2014.05.14 03:11:20.988,1.37146,1.3715,4.69,5.07
2014.05.14 03:11:21.090,1.37146,1.37151,4.32,6.38
2014.05.14 03:11:21.543,1.37146,1.3715,3.94,4.32
2014.05.14 03:11:21.644,1.37146,1.37151,4.32,6.38
2014.05.14 03:11:21.745,1.37146,1.3715,3.94,4.32
2014.05.14 03:11:21.846,1.37146,1.37151,4.32,6.38
2014.05.14 03:11:21.947,1.37146,1.3715,3.94,4.32
2014.05.14 03:11:22.049,1.37146,1.37151,4.32,6.38
2014.05.14 03:11:22.150,1.37146,1.3715,3.94,4.32
2014.05.14 03:11:22.251,1.37146,1.37151,4.32,6.38
2014.05.14 03:11:22.476,1.37146,1.3715,4.54,4.32
2014.05.14 03:11:22.577,1.37146,1.37151,5.29,6.00
2014.05.14 03:11:22.678,1.37146,1.3715,4.54,4.32
2014.05.14 03:11:22.803,1.37146,1.37151,4.17,6.38
2014.05.14 03:11:22.861,1.37146,1.3715,3.79,4.32
2014.05.14 03:11:22.964,1.37146,1.37151,4.17,6.38
2014.05.14 03:11:23.065,1.37146,1.3715,3.79,4.32
2014.05.14 03:11:23.166,1.37146,1.37151,4.17,6.38
2014.05.14 03:11:23.268,1.37146,1.3715,3.79,4.32
2014.05.14 03:11:23.481,1.37146,1.37151,4.17,6.38
2014.05.14 03:11:23.582,1.37146,1.3715,3.79,4.32
2014.05.14 03:11:23.683,1.37146,1.37151,4.17,6.38
2014.05.14 03:11:23.784,1.37146,1.3715,3.79,4.32
2014.05.14 03:11:23.885,1.37146,1.37151,4.17,6.38
2014.05.14 03:11:23.986,1.37146,1.3715,3.79,4.32
2014.05.14 03:11:24.188,1.37146,1.37151,4.92,7.13
2014.05.14 03:11:24.289,1.37146,1.3715,4.54,3.57
2014.05.14 03:11:24.390,1.37146,1.37151,4.92,7.13
2014.05.14 03:11:24.491,1.37146,1.3715,4.54,3.57
2014.05.14 03:11:24.800,1.37146,1.37151,4.92,7.13
2014.05.14 03:11:24.902,1.37146,1.3715,4.54,3.57
2014.05.14 03:11:25.003,1.37146,1.37151,4.92,7.13
2014.05.14 03:11:25.104,1.37146,1.3715,4.54,3.57
2014.05.14 03:11:25.205,1.37146,1.37151,4.92,7.13
2014.05.14 03:11:25.406,1.37146,1.3715,4.54,3.57
2014.05.14 03:11:25.507,1.37146,1.37151,4.92,7.13
2014.05.14 03:11:25.608,1.37146,1.3715,4.54,3.57
2014.05.14 03:11:25.709,1.37146,1.37151,4.92,7.13
2014.05.14 03:11:25.911,1.37146,1.3715,4.54,3.57
2014.05.14 03:11:26.012,1.37146,1.37151,4.92,7.13
2014.05.14 03:11:26.113,1.37146,1.3715,5.29,3.57
2014.05.14 03:11:26.215,1.37146,1.37151,5.67,7.13
2014.05.14 03:11:26.316,1.37146,1.3715,5.29,3.57
2014.05.14 03:11:26.417,1.37146,1.37151,5.67,7.13
2014.05.14 03:11:26.518,1.37146,1.3715,5.29,3.57
2014.05.14 03:11:26.619,1.37146,1.37151,5.67,7.13
2014.05.14 03:11:26.810,1.37146,1.3715,5.29,3.57
2014.05.14 03:11:26.911,1.37146,1.37151,5.67,7.13
2014.05.14 03:11:27.012,1.37146,1.3715,5.29,3.57
2014.05.14 03:11:27.113,1.37146,1.37151,5.67,7.13
2014.05.14 03:11:27.215,1.37146,1.3715,5.29,3.38
2014.05.14 03:11:27.316,1.37146,1.37151,5.67,7.32
2014.05.14 03:11:27.417,1.37146,1.3715,5.29,3.38
2014.05.14 03:11:27.669,1.37146,1.37151,5.67,7.32
2014.05.14 03:11:27.720,1.37146,1.3715,5.29,3.38
2014.05.14 03:11:27.821,1.37146,1.37151,5.67,7.32
2014.05.14 03:11:27.922,1.37146,1.3715,5.29,3.38
2014.05.14 03:11:28.023,1.37146,1.37151,5.67,7.32
2014.05.14 03:11:28.124,1.37146,1.3715,5.29,3.38
2014.05.14 03:11:28.225,1.37146,1.37151,5.67,7.32
2014.05.14 03:11:28.326,1.37146,1.3715,5.29,3.38
2014.05.14 03:11:28.427,1.37146,1.37151,5.67,7.32
2014.05.14 03:11:28.628,1.37146,1.3715,5.29,3.38
2014.05.14 03:11:28.729,1.37146,1.37151,5.67,7.32
2014.05.14 03:11:28.830,1.37146,1.3715,5.29,3.38
2014.05.14 03:11:28.931,1.37146,1.37151,5.67,7.32
2014.05.14 03:11:29.032,1.37146,1.3715,5.29,3.38
2014.05.14 03:11:29.232,1.37146,1.37151,5.67,7.32
2014.05.14 03:11:29.333,1.37146,1.3715,5.29,3.38
2014.05.14 03:11:29.434,1.37146,1.37151,5.67,7.32
2014.05.14 03:11:29.535,1.37146,1.3715,5.29,3.38
2014.05.14 03:11:29.636,1.37146,1.37151,5.67,7.32
2014.05.14 03:11:29.737,1.37146,1.3715,5.29,3.38
2014.05.14 03:11:29.838,1.37146,1.37151,5.67,7.32
2014.05.14 03:11:29.939,1.37146,1.3715,5.29,3.38
2014.05.14 03:11:30.040,1.37146,1.37151,5.67,7.32
2014.05.14 03:11:30.191,1.37146,1.3715,5.29,3.38
2014.05.14 03:11:30.292,1.37146,1.37151,5.67,7.32
2014.05.14 03:11:30.393,1.37146,1.3715,5.29,3.38
2014.05.14 03:11:30.572,1.37146,1.37151,5.67,7.32
2014.05.14 03:11:30.673,1.37146,1.3715,5.29,3.38
2014.05.14 03:11:30.774,1.37146,1.37151,5.67,7.32
2014.05.14 03:11:30.876,1.37146,1.3715,5.29,3.38
2014.05.14 03:11:31.515,1.37146,1.37151,5.67,7.32
2014.05.14 03:11:31.617,1.37146,1.3715,5.29,3.38
2014.05.14 03:11:31.719,1.37146,1.37151,5.67,7.32
2014.05.14 03:11:31.820,1.37146,1.3715,5.29,3.38
2014.05.14 03:11:31.921,1.37146,1.37151,5.67,7.32
2014.05.14 03:11:32.022,1.37146,1.3715,5.29,3.38
2014.05.14 03:11:32.123,1.37146,1.37151,5.67,7.32
2014.05.14 03:11:32.226,1.37146,1.3715,5.29,3.38
2014.05.14 03:11:32.327,1.37146,1.37151,5.67,7.32
2014.05.14 03:11:32.429,1.37146,1.3715,5.29,3.38
2014.05.14 03:11:32.530,1.37146,1.37151,5.67,7.32
2014.05.14 03:11:32.631,1.37146,1.3715,5.29,3.38
2014.05.14 03:11:32.739,1.37146,1.37151,5.67,7.32
2014.05.14 03:11:32.840,1.37146,1.3715,5.29,3.38
2014.05.14 03:11:32.941,1.37147,1.37151,1.69,4.69
2014.05.14 03:11:33.193,1.3715,1.37152,1.32,2.25
2014.05.14 03:11:33.717,1.3715,1.37153,1.50,1.69
2014.05.14 03:11:34.221,1.37148,1.37152,6.79,1.50
2014.05.14 03:11:35.489,1.37148,1.37152,6.79,1.69
2014.05.14 03:11:35.899,1.37148,1.3715,2.25,1.00
2014.05.14 03:11:36.437,1.37148,1.37152,3.00,1.69
2014.05.14 03:11:36.998,1.37148,1.37152,2.82,1.69
2014.05.14 03:11:37.308,1.37147,1.3715,10.17,1.50
2014.05.14 03:11:41.512,1.37146,1.3715,4.32,3.75
2014.05.14 03:11:54.944,1.37147,1.3715,2.82,3.75
2014.05.14 03:12:03.774,1.37149,1.3715,1.50,2.25
2014.05.14 03:12:05.718,1.37149,1.37152,1.50,1.25
2014.05.14 03:12:08.856,1.37149,1.3715,1.50,1.00
2014.05.14 03:12:45.076,1.37148,1.3715,3.04,1.00
2014.05.14 03:12:48.934,1.37148,1.37152,3.79,2.44
2014.05.14 03:12:55.385,1.37148,1.3715,3.04,1.00
2014.05.14 03:13:23.622,1.37148,1.3715,7.17,1.00
2014.05.14 03:13:26.135,1.37148,1.37152,8.67,3.00
2014.05.14 03:13:27.073,1.37151,1.37152,2.10,1.25
2014.05.14 03:13:27.577,1.37151,1.37153,4.17,1.50
2014.05.14 03:13:38.377,1.37151,1.37153,4.35,1.50
2014.05.14 03:13:40.492,1.37151,1.37153,2.48,1.50
2014.05.14 03:13:44.039,1.37152,1.37153,1.00,1.00
2014.05.14 03:13:44.342,1.37153,1.37155,2.10,4.50
2014.05.14 03:13:55.048,1.37153,1.37155,1.00,3.00
2014.05.14 03:13:55.654,1.37152,1.37155,1.00,5.63
2014.05.14 03:13:56.180,1.37151,1.37154,1.50,1.25
2014.05.14 03:13:56.735,1.37151,1.37154,1.50,1.69
2014.05.14 03:13:57.835,1.37151,1.37154,1.50,1.69
2014.05.14 03:14:01.778,1.37151,1.37154,1.50,1.69
2014.05.14 03:14:02.789,1.37151,1.37154,1.50,1.69
2014.05.14 03:14:11.502,1.37151,1.37154,1.50,2.44
2014.05.14 03:14:12.558,1.37151,1.37154,1.50,1.69
2014.05.14 03:14:21.715,1.37151,1.37153,1.00,3.75
2014.05.14 03:14:21.816,1.3715,1.37151,1.00,1.00
2014.05.14 03:14:21.918,1.3715,1.37153,3.00,2.44
2014.05.14 03:14:25.296,1.37152,1.37154,2.50,1.50
2014.05.14 03:14:25.454,1.37151,1.37153,1.50,1.00
2014.05.14 03:14:25.507,1.37151,1.37155,2.25,2.44
2014.05.14 03:14:26.042,1.37152,1.37155,1.00,2.07
2014.05.14 03:14:26.547,1.37151,1.37155,2.25,2.82
2014.05.14 03:14:27.306,1.37152,1.37155,1.00,3.19
2014.05.14 03:14:29.469,1.37152,1.37155,2.85,1.69
2014.05.14 03:14:30.014,1.37151,1.37155,3.00,3.94
2014.05.14 03:14:30.536,1.37151,1.37155,3.00,4.69
2014.05.14 03:14:34.474,1.37151,1.37155,3.00,4.69
2014.05.14 03:14:39.413,1.37154,1.37155,2.10,2.63
2014.05.14 03:14:39.565,1.37154,1.37157,4.35,2.25
2014.05.14 03:14:39.896,1.37156,1.37158,1.00,2.07
2014.05.14 03:14:40.401,1.37156,1.37157,1.50,1.00
2014.05.14 03:14:41.825,1.37155,1.37157,2.82,1.00
2014.05.14 03:14:43.173,1.37155,1.37158,2.63,2.44
2014.05.14 03:14:44.645,1.37154,1.37157,3.94,1.00
2014.05.14 03:14:45.149,1.37154,1.37157,1.50,1.69
2014.05.14 03:14:45.702,1.37155,1.37157,1.00,1.00
2014.05.14 03:14:46.186,1.37156,1.37159,1.50,1.00
2014.05.14 03:14:49.177,1.37155,1.37158,3.19,3.00
2014.05.14 03:14:49.379,1.37154,1.37156,1.00,1.50
2014.05.14 03:14:49.894,1.37153,1.37156,1.69,1.50
2014.05.14 03:14:52.744,1.37155,1.37157,1.00,2.25
2014.05.14 03:14:52.897,1.37156,1.37158,5.10,1.00
2014.05.14 03:14:52.948,1.37158,1.37159,1.00,1.88
2014.05.14 03:14:53.462,1.37158,1.3716,1.00,2.44
2014.05.14 03:14:53.979,1.37157,1.3716,1.00,2.25
2014.05.14 03:14:56.136,1.37158,1.3716,1.00,3.00
2014.05.14 03:15:00.224,1.37157,1.3716,1.00,2.25
2014.05.14 03:15:08.746,1.37158,1.3716,1.50,1.88
2014.05.14 03:15:12.993,1.37156,1.3716,7.74,2.25
2014.05.14 03:15:16.052,1.37157,1.3716,1.00,2.25
2014.05.14 03:15:25.187,1.37158,1.3716,1.00,3.94
2014.05.14 03:15:25.361,1.37159,1.37161,1.88,1.88
2014.05.14 03:15:25.715,1.37158,1.3716,1.25,3.00
2014.05.14 03:15:27.270,1.37157,1.3716,1.00,2.25
2014.05.14 03:15:32.887,1.3716,1.37161,2.85,1.69
2014.05.14 03:15:33.345,1.37158,1.3716,1.50,1.00
2014.05.14 03:15:33.599,1.37156,1.37159,4.92,1.50
2014.05.14 03:15:34.887,1.37157,1.37159,1.00,1.00
2014.05.14 03:15:35.404,1.37157,1.3716,1.50,1.00
2014.05.14 03:15:38.672,1.37156,1.37159,3.04,1.50
2014.05.14 03:15:41.479,1.37156,1.37158,1.25,1.00
2014.05.14 03:15:41.581,1.37154,1.37156,1.00,2.25
2014.05.14 03:15:41.885,1.37151,1.37154,1.00,1.50
2014.05.14 03:15:42.419,1.3715,1.37154,2.25,2.25
2014.05.14 03:15:46.728,1.3715,1.37154,2.63,2.44
2014.05.14 03:15:53.763,1.3715,1.37154,3.75,3.19
2014.05.14 03:16:10.001,1.37151,1.37153,1.00,1.50
2014.05.14 03:16:10.521,1.3715,1.37153,2.63,1.50
2014.05.14 03:16:16.682,1.37153,1.37156,2.63,6.38
2014.05.14 03:16:16.985,1.37155,1.37157,7.69,1.00
2014.05.14 03:16:17.239,1.37152,1.37154,1.50,1.00
2014.05.14 03:16:17.743,1.37151,1.37154,3.00,1.00
2014.05.14 03:16:19.296,1.37151,1.37155,3.19,3.94
2014.05.14 03:16:22.485,1.37152,1.37155,1.00,3.94
2014.05.14 03:16:24.650,1.37151,1.37155,5.25,3.57
2014.05.14 03:16:25.178,1.37151,1.37155,2.25,4.69
2014.05.14 03:16:26.756,1.37151,1.37155,2.25,3.94
2014.05.14 03:16:28.743,1.37151,1.37155,2.25,3.57
2014.05.14 03:16:28.845,1.37153,1.37155,1.50,2.07
2014.05.14 03:16:29.149,1.37155,1.37157,1.50,2.25
2014.05.14 03:16:29.453,1.37156,1.37159,1.19,1.50
2014.05.14 03:16:29.504,1.37158,1.3716,1.50,3.38
2014.05.14 03:16:50.040,1.37159,1.3716,1.00,1.00
2014.05.14 03:17:03.674,1.3716,1.37163,1.00,5.44
2014.05.14 03:17:04.323,1.37159,1.3716,2.25,1.00
2014.05.14 03:17:04.968,1.37159,1.37161,1.69,1.00
2014.05.14 03:17:25.355,1.3716,1.37163,1.50,3.19
2014.05.14 03:17:25.879,1.37158,1.37161,3.19,1.00
2014.05.14 03:17:31.036,1.37159,1.37161,1.69,1.00
2014.05.14 03:17:34.128,1.37159,1.37163,1.50,4.69
2014.05.14 03:17:41.087,1.37159,1.37163,1.50,7.32
2014.05.14 03:17:43.854,1.3716,1.37163,1.00,7.32
2014.05.14 03:17:49.965,1.3716,1.37163,1.00,8.82
2014.05.14 03:17:50.530,1.3716,1.37163,1.00,8.07
2014.05.14 03:17:52.123,1.3716,1.37163,1.00,7.32
2014.05.14 03:17:53.191,1.3716,1.37163,1.00,7.57
2014.05.14 03:17:53.874,1.3716,1.37163,1.00,8.44
2014.05.14 03:17:54.411,1.37159,1.37161,1.32,2.50
2014.05.14 03:18:00.265,1.3716,1.37161,1.00,2.25
2014.05.14 03:18:18.022,1.3716,1.37163,1.00,5.07
2014.05.14 03:18:18.505,1.37161,1.37163,1.00,4.88
2014.05.14 03:18:19.010,1.37161,1.37163,2.13,3.57
2014.05.14 03:18:19.572,1.37161,1.37162,1.13,1.00
2014.05.14 03:18:21.034,1.37161,1.37162,1.13,1.69
2014.05.14 03:18:21.496,1.37158,1.3716,1.25,1.00
2014.05.14 03:18:21.800,1.37154,1.37157,4.54,4.75
2014.05.14 03:18:21.853,1.37152,1.37155,7.13,2.25
2014.05.14 03:18:23.774,1.37153,1.37155,2.25,1.13
2014.05.14 03:18:23.875,1.37153,1.37157,4.69,2.25
2014.05.14 03:18:24.127,1.37155,1.37157,1.50,1.50
2014.05.14 03:18:26.935,1.37155,1.37159,3.94,2.07
2014.05.14 03:18:31.208,1.37155,1.37159,4.13,3.57
2014.05.14 03:18:31.511,1.37153,1.37157,3.00,1.50
2014.05.14 03:18:32.066,1.37153,1.37155,3.00,1.13
2014.05.14 03:18:32.521,1.37153,1.37157,2.25,1.69
2014.05.14 03:18:32.925,1.37153,1.37155,2.25,1.00
2014.05.14 03:18:33.132,1.37153,1.37157,2.25,2.44
2014.05.14 03:18:33.856,1.37153,1.37157,4.50,1.50
2014.05.14 03:18:34.161,1.37155,1.37159,3.75,2.44
2014.05.14 03:18:34.678,1.37155,1.37158,4.50,1.00
2014.05.14 03:18:35.211,1.37155,1.37157,1.13,1.50
2014.05.14 03:18:35.463,1.37153,1.37157,2.25,7.69
2014.05.14 03:18:36.734,1.37153,1.37157,4.50,3.19
2014.05.14 03:18:37.244,1.37154,1.37157,1.88,1.69
2014.05.14 03:18:39.363,1.37154,1.37156,1.00,1.00
2014.05.14 03:18:39.869,1.37153,1.37155,1.13,1.50
2014.05.14 03:18:45.341,1.37153,1.37156,2.63,1.00
2014.05.14 03:18:45.847,1.37154,1.37157,1.88,2.25
2014.05.14 03:18:46.381,1.37155,1.37158,1.50,2.25
2014.05.14 03:18:46.654,1.37153,1.37157,4.50,1.50
2014.05.14 03:18:47.008,1.37155,1.37157,1.00,1.50
2014.05.14 03:18:47.311,1.37154,1.37156,1.13,2.50
2014.05.14 03:18:47.465,1.37153,1.37155,1.00,1.50
2014.05.14 03:18:47.969,1.37152,1.37155,1.25,1.88
2014.05.14 03:18:51.941,1.37153,1.37155,1.00,1.88
2014.05.14 03:18:52.143,1.37155,1.37156,1.25,1.00
2014.05.14 03:18:52.295,1.37157,1.37159,2.85,2.25
2014.05.14 03:18:52.828,1.37156,1.37159,1.50,3.19
2014.05.14 03:19:09.423,1.37155,1.37158,6.94,1.00
2014.05.14 03:19:09.944,1.37155,1.37159,5.82,3.00
2014.05.14 03:19:10.463,1.37155,1.37159,5.82,3.19
2014.05.14 03:19:11.314,1.37155,1.37159,5.44,2.63
2014.05.14 03:19:33.803,1.37156,1.3716,3.00,3.57
2014.05.14 03:19:37.927,1.37156,1.37159,5.07,1.00
2014.05.14 03:19:38.516,1.37156,1.37159,5.82,1.00
2014.05.14 03:19:42.479,1.37156,1.3716,5.82,3.38
2014.05.14 03:19:59.468,1.37156,1.3716,5.82,3.57
2014.05.14 03:20:00.472,1.37156,1.3716,5.82,3.38
2014.05.14 03:20:01.508,1.37156,1.3716,5.82,3.38
2014.05.14 03:20:05.511,1.37156,1.3716,5.07,3.38
2014.05.14 03:20:11.517,1.37156,1.3716,2.82,4.13
2014.05.14 03:20:14.036,1.37157,1.3716,1.00,3.38
2014.05.14 03:20:28.716,1.37157,1.37161,1.50,6.94
2014.05.14 03:20:29.224,1.37157,1.37161,1.50,7.69
2014.05.14 03:20:33.444,1.37157,1.3716,1.50,1.32
2014.05.14 03:20:33.545,1.37155,1.37157,3.00,1.00
2014.05.14 03:20:33.848,1.37152,1.37155,4.50,2.25
2014.05.14 03:20:34.262,1.37153,1.37155,1.00,2.63
2014.05.14 03:20:34.687,1.37154,1.37156,2.48,1.00
2014.05.14 03:20:34.739,1.37155,1.37157,1.50,1.88
2014.05.14 03:20:37.044,1.37155,1.37157,2.25,2.50
2014.05.14 03:20:37.247,1.37155,1.37157,1.50,1.00
2014.05.14 03:20:37.349,1.37153,1.37157,10.73,1.50
2014.05.14 03:20:37.853,1.37154,1.37157,2.48,1.88
2014.05.14 03:20:38.358,1.37153,1.37157,5.48,1.88
2014.05.14 03:20:38.460,1.37154,1.37157,2.48,1.88
2014.05.14 03:20:38.914,1.37153,1.37157,3.00,1.88
2014.05.14 03:20:39.569,1.37153,1.37157,1.50,4.50
2014.05.14 03:20:41.516,1.37153,1.37155,1.00,1.50
2014.05.14 03:20:42.020,1.37152,1.37155,3.60,2.25
2014.05.14 03:20:53.201,1.37153,1.37155,1.00,1.50
2014.05.14 03:20:54.621,1.37154,1.37155,1.00,1.00
2014.05.14 03:20:55.146,1.37153,1.37155,2.82,1.00
2014.05.14 03:20:59.866,1.37152,1.37155,3.04,2.25
2014.05.14 03:21:05.725,1.37153,1.37155,1.00,1.32
2014.05.14 03:21:06.274,1.37152,1.37155,2.85,2.07
2014.05.14 03:21:09.340,1.37152,1.37155,2.85,2.07
2014.05.14 03:21:20.850,1.37155,1.37157,1.50,3.57
2014.05.14 03:21:20.901,1.37155,1.37157,1.50,1.00
2014.05.14 03:21:21.413,1.37155,1.37158,3.00,1.25
2014.05.14 03:21:36.981,1.37155,1.37159,3.94,4.32
2014.05.14 03:21:43.959,1.37156,1.37159,1.00,3.57
2014.05.14 03:21:46.065,1.37155,1.37159,3.19,3.57
2014.05.14 03:21:53.065,1.37155,1.37158,3.00,1.19
2014.05.14 03:21:53.589,1.37155,1.37159,3.00,4.32
2014.05.14 03:21:59.198,1.37155,1.37159,5.48,3.94
2014.05.14 03:22:00.159,1.37155,1.37159,9.42,3.19
2014.05.14 03:22:04.221,1.37158,1.3716,1.00,7.32
2014.05.14 03:22:19.154,1.37156,1.3716,3.94,2.44
2014.05.14 03:22:19.956,1.37156,1.3716,1.69,3.94
2014.05.14 03:22:25.357,1.37156,1.37159,1.50,1.00
2014.05.14 03:22:25.861,1.37156,1.37158,1.50,1.00
2014.05.14 03:22:26.164,1.37153,1.37156,2.63,1.69
2014.05.14 03:22:26.367,1.37151,1.37155,2.44,2.25
2014.05.14 03:22:30.278,1.37152,1.37155,1.00,1.88
2014.05.14 03:22:30.480,1.37154,1.37156,3.42,1.50
2014.05.14 03:22:30.531,1.37155,1.37159,1.50,5.44
2014.05.14 03:22:31.046,1.37155,1.37159,2.25,2.25
2014.05.14 03:22:31.796,1.37155,1.37158,2.25,1.32
2014.05.14 03:22:31.998,1.37153,1.37157,5.25,1.50
2014.05.14 03:22:37.596,1.37154,1.37157,2.85,1.50
2014.05.14 03:22:37.950,1.37155,1.37159,3.19,2.63
2014.05.14 03:22:41.067,1.37155,1.37159,3.00,3.19
2014.05.14 03:22:42.030,1.37155,1.37158,1.50,2.07
2014.05.14 03:22:45.106,1.37155,1.37156,1.50,1.00
2014.05.14 03:22:45.207,1.37153,1.37156,1.50,2.63
2014.05.14 03:22:45.743,1.37153,1.37157,1.50,2.07
2014.05.14 03:22:46.096,1.37155,1.37157,1.00,1.50
2014.05.14 03:22:46.349,1.37156,1.3716,4.35,4.69
2014.05.14 03:22:46.884,1.37156,1.3716,4.35,3.94
2014.05.14 03:22:51.885,1.37156,1.37158,4.35,1.00
2014.05.14 03:22:52.434,1.37155,1.37158,1.69,2.25
2014.05.14 03:22:53.244,1.37154,1.37158,3.94,2.44
2014.05.14 03:22:53.748,1.37155,1.37158,1.13,2.44
2014.05.14 03:23:11.942,1.37155,1.37157,1.00,1.00
2014.05.14 03:23:20.194,1.37153,1.37155,6.38,1.00
2014.05.14 03:23:20.246,1.37152,1.37154,1.00,1.50
2014.05.14 03:23:20.398,1.37151,1.37153,1.00,1.69
2014.05.14 03:23:20.651,1.37149,1.37151,1.13,1.50
2014.05.14 03:23:21.156,1.37148,1.3715,1.00,1.50
2014.05.14 03:23:21.664,1.3715,1.37152,2.10,1.00
2014.05.14 03:23:22.595,1.3715,1.37153,4.54,1.50
2014.05.14 03:23:22.697,1.37151,1.37153,2.44,1.50
2014.05.14 03:23:22.849,1.37153,1.37155,1.69,4.13
2014.05.14 03:23:22.899,1.37154,1.37156,2.44,1.13
2014.05.14 03:23:23.253,1.37154,1.37157,6.94,1.50
2014.05.14 03:23:28.023,1.37154,1.37157,4.69,1.50
2014.05.14 03:23:34.041,1.37155,1.37158,1.69,1.00
2014.05.14 03:23:35.758,1.37155,1.37157,1.00,1.00
2014.05.14 03:23:36.262,1.37154,1.37157,1.25,1.50
2014.05.14 03:23:46.775,1.37155,1.37157,1.25,1.50
2014.05.14 03:23:50.790,1.37155,1.37157,4.92,1.50
2014.05.14 03:23:54.501,1.37155,1.37157,5.29,1.50
2014.05.14 03:23:55.626,1.37154,1.37156,2.25,1.00
2014.05.14 03:23:55.930,1.37156,1.37158,4.35,1.13
2014.05.14 03:23:55.981,1.37157,1.37159,1.50,1.32
2014.05.14 03:23:56.487,1.37157,1.37159,1.50,1.25
2014.05.14 03:23:57.494,1.37156,1.37159,3.79,1.00
2014.05.14 03:24:04.859,1.37156,1.3716,4.17,5.82
2014.05.14 03:24:05.868,1.37156,1.3716,3.60,5.82
2014.05.14 03:24:08.995,1.37156,1.37158,1.50,1.00
2014.05.14 03:24:16.259,1.37156,1.37158,1.88,1.25
2014.05.14 03:24:16.562,1.37156,1.3716,2.44,4.13
2014.05.14 03:24:18.471,1.37156,1.37159,2.44,1.75
2014.05.14 03:24:18.796,1.37153,1.37156,6.19,2.13
2014.05.14 03:24:19.266,1.37153,1.37155,1.88,1.00
2014.05.14 03:24:20.266,1.37153,1.37155,1.88,1.50
2014.05.14 03:24:20.848,1.37153,1.37156,5.07,1.50
2014.05.14 03:24:21.201,1.37155,1.37158,3.94,1.00
2014.05.14 03:24:21.705,1.37155,1.37159,3.94,1.88
2014.05.14 03:24:23.117,1.37155,1.37159,4.69,1.88
2014.05.14 03:24:23.627,1.37157,1.37159,1.50,1.88
2014.05.14 03:24:24.500,1.37157,1.3716,1.50,5.07
2014.05.14 03:24:25.120,1.37157,1.3716,1.50,5.07
2014.05.14 03:24:26.246,1.37157,1.3716,1.50,5.82
2014.05.14 03:24:26.347,1.37157,1.37158,1.50,1.00
2014.05.14 03:24:26.671,1.37154,1.37156,1.50,1.88
2014.05.14 03:24:27.074,1.37155,1.37157,1.13,1.13
2014.05.14 03:24:27.618,1.37155,1.37158,1.88,1.69
2014.05.14 03:24:27.820,1.37157,1.37159,1.00,2.25
2014.05.14 03:24:28.325,1.37158,1.3716,1.50,3.00
2014.05.14 03:24:31.661,1.37158,1.37162,2.82,3.94
2014.05.14 03:24:32.205,1.37158,1.37162,6.57,1.50
2014.05.14 03:24:32.715,1.37158,1.37161,6.57,1.00
2014.05.14 03:24:33.019,1.37157,1.3716,2.07,4.50
2014.05.14 03:24:35.106,1.37156,1.37159,7.32,1.00
2014.05.14 03:24:36.383,1.37155,1.37158,5.25,1.75
2014.05.14 03:24:36.586,1.37154,1.37155,1.13,1.00
2014.05.14 03:24:37.110,1.37154,1.37156,1.00,2.25
2014.05.14 03:24:42.089,1.37155,1.37156,1.32,1.88
2014.05.14 03:24:42.298,1.37155,1.37158,8.07,1.50
2014.05.14 03:24:42.803,1.37156,1.37159,2.07,1.50
2014.05.14 03:24:46.961,1.37156,1.37158,1.88,1.00
2014.05.14 03:24:47.675,1.37155,1.37156,3.00,1.88
2014.05.14 03:24:48.209,1.37154,1.37156,1.00,1.00
2014.05.14 03:24:48.565,1.37151,1.37154,1.25,3.01
2014.05.14 03:24:48.919,1.37151,1.37154,5.82,1.00
2014.05.14 03:24:49.453,1.37152,1.37155,1.38,4.50
2014.05.14 03:24:50.014,1.37153,1.37155,2.07,3.75
2014.05.14 03:24:50.216,1.37154,1.37157,2.07,1.50
2014.05.14 03:24:50.948,1.37154,1.37157,2.44,2.25
2014.05.14 03:24:51.466,1.37155,1.37157,1.00,1.50
2014.05.14 03:24:52.022,1.37154,1.37157,1.32,1.50
2014.05.14 03:24:52.532,1.37155,1.37158,5.44,1.50
2014.05.14 03:24:53.141,1.37155,1.37158,6.94,1.00
2014.05.14 03:24:53.670,1.37155,1.37158,4.69,1.00
2014.05.14 03:24:55.192,1.37155,1.37157,3.57,1.00
2014.05.14 03:24:55.394,1.37154,1.37157,1.00,6.00
2014.05.14 03:24:55.987,1.37155,1.37157,2.25,5.63
2014.05.14 03:24:56.533,1.37155,1.37156,1.00,1.00
2014.05.14 03:24:57.761,1.37153,1.37155,2.25,1.00
2014.05.14 03:24:58.464,1.37153,1.37155,2.63,1.00
2014.05.14 03:24:58.974,1.37153,1.37157,2.63,5.44
2014.05.14 03:25:03.979,1.37153,1.37157,2.82,4.32
2014.05.14 03:25:04.483,1.37153,1.37157,2.63,5.07
2014.05.14 03:25:06.207,1.37153,1.37157,2.82,4.32
2014.05.14 03:25:11.386,1.37155,1.37157,1.05,2.44
2014.05.14 03:25:11.892,1.37155,1.37159,5.85,6.19
2014.05.14 03:25:12.799,1.37155,1.37157,4.54,1.13
2014.05.14 03:25:13.324,1.37154,1.37157,1.24,3.38
2014.05.14 03:25:23.984,1.37153,1.37157,2.63,6.94
2014.05.14 03:25:29.967,1.37153,1.37157,2.82,6.19
2014.05.14 03:25:33.024,1.37153,1.37156,1.38,1.50
2014.05.14 03:25:33.895,1.37153,1.37156,1.00,3.94
2014.05.14 03:25:34.198,1.3715,1.37154,12.42,2.25
2014.05.14 03:25:36.661,1.3715,1.37152,8.44,1.00
2014.05.14 03:25:36.964,1.37149,1.37151,1.50,2.55
2014.05.14 03:25:37.470,1.37149,1.3715,1.88,1.35
2014.05.14 03:25:46.026,1.37149,1.37151,3.98,2.63
2014.05.14 03:25:46.229,1.37148,1.37151,2.63,4.88
2014.05.14 03:25:46.280,1.37148,1.37151,2.63,3.00
2014.05.14 03:25:46.641,1.3715,1.37153,3.23,5.07
2014.05.14 03:25:46.985,1.3715,1.37153,4.73,2.82
2014.05.14 03:25:49.697,1.3715,1.37153,3.60,1.69
2014.05.14 03:25:53.512,1.37151,1.37153,1.73,1.50
2014.05.14 03:25:53.617,1.37153,1.37155,1.38,1.88
2014.05.14 03:25:53.743,1.37153,1.37155,1.88,1.13
2014.05.14 03:25:54.244,1.37152,1.37154,1.00,1.25
2014.05.14 03:25:54.297,1.3715,1.37154,5.07,1.69
2014.05.14 03:25:55.127,1.3715,1.37154,3.38,3.19
2014.05.14 03:25:57.307,1.3715,1.37152,3.38,1.25
2014.05.14 03:25:57.357,1.37149,1.37151,1.50,1.00
2014.05.14 03:25:57.460,1.37148,1.3715,3.38,1.00
2014.05.14 03:26:00.493,1.37148,1.37151,7.92,1.50
2014.05.14 03:26:00.847,1.3715,1.37153,3.98,1.32
2014.05.14 03:26:03.045,1.3715,1.37153,4.92,1.13
2014.05.14 03:26:03.197,1.37148,1.3715,4.32,1.13
2014.05.14 03:26:03.741,1.37148,1.3715,4.92,1.50
2014.05.14 03:26:03.994,1.37148,1.37152,7.17,2.25
2014.05.14 03:26:04.501,1.3715,1.37154,3.57,3.19
2014.05.14 03:26:05.782,1.3715,1.37154,5.82,3.19
2014.05.14 03:26:16.227,1.3715,1.37154,5.82,3.00
2014.05.14 03:26:18.195,1.3715,1.37154,5.82,2.44
2014.05.14 03:26:20.239,1.3715,1.37154,5.82,2.25
2014.05.14 03:26:24.730,1.37152,1.37154,2.67,2.25
2014.05.14 03:26:25.234,1.37153,1.37155,1.00,1.88
2014.05.14 03:26:30.311,1.37152,1.37155,5.29,1.13
2014.05.14 03:26:30.844,1.37152,1.37156,7.54,6.00
2014.05.14 03:26:31.559,1.37152,1.37156,8.48,6.00
2014.05.14 03:26:32.073,1.37152,1.37156,8.48,6.00
2014.05.14 03:26:53.845,1.37154,1.37156,2.82,1.50
2014.05.14 03:26:56.855,1.37154,1.37156,1.32,1.50
2014.05.14 03:27:04.790,1.37155,1.37156,2.82,2.25
2014.05.14 03:27:05.294,1.37155,1.37157,5.07,1.50
2014.05.14 03:27:06.106,1.37155,1.37157,4.32,1.50
2014.05.14 03:27:06.616,1.37155,1.37157,3.57,1.00
2014.05.14 03:27:12.875,1.37155,1.37157,2.82,1.00
2014.05.14 03:27:13.922,1.37155,1.37157,2.44,1.00
2014.05.14 03:27:19.459,1.37155,1.37157,2.82,1.00
2014.05.14 03:27:20.878,1.37155,1.37158,6.19,1.00
2014.05.14 03:27:21.382,1.37157,1.37158,2.85,1.00
2014.05.14 03:27:21.433,1.37157,1.3716,3.60,6.19
2014.05.14 03:27:23.182,1.37157,1.37159,4.54,1.00
2014.05.14 03:27:31.401,1.37157,1.3716,1.50,6.94
2014.05.14 03:27:43.334,1.37156,1.3716,2.82,6.57
2014.05.14 03:27:44.544,1.37156,1.37158,1.69,1.00
2014.05.14 03:27:44.947,1.37158,1.3716,2.10,4.88
2014.05.14 03:27:44.998,1.37158,1.3716,2.85,5.25
2014.05.14 03:27:45.250,1.37156,1.37158,3.19,1.00
2014.05.14 03:27:45.755,1.37155,1.37158,6.94,1.50
2014.05.14 03:27:46.295,1.37156,1.37159,1.50,1.69
2014.05.14 03:27:47.729,1.37156,1.37158,1.50,1.00
2014.05.14 03:27:48.235,1.37155,1.37157,3.94,1.00
2014.05.14 03:27:48.786,1.37155,1.37158,2.82,2.25
2014.05.14 03:27:49.322,1.37155,1.37157,2.82,1.00
2014.05.14 03:27:50.280,1.37154,1.37158,3.94,3.00
2014.05.14 03:27:50.798,1.37154,1.37157,3.94,1.00
2014.05.14 03:27:51.332,1.37154,1.37157,3.94,1.00
2014.05.14 03:27:55.452,1.37155,1.37157,1.13,1.00
2014.05.14 03:27:57.550,1.37155,1.37158,2.82,1.50
2014.05.14 03:28:08.003,1.37155,1.37159,5.07,7.69
2014.05.14 03:28:12.190,1.37155,1.37159,5.07,7.50
2014.05.14 03:28:14.163,1.37155,1.37159,5.07,6.57
2014.05.14 03:28:17.206,1.37155,1.37159,5.07,5.63
2014.05.14 03:28:18.171,1.37155,1.37159,5.07,5.82
2014.05.14 03:28:19.210,1.37155,1.37159,6.57,4.13
2014.05.14 03:28:19.851,1.37155,1.37158,9.19,1.00
2014.05.14 03:28:21.228,1.37155,1.37158,2.44,1.00
2014.05.14 03:28:23.016,1.37155,1.37157,1.00,1.00
2014.05.14 03:28:23.544,1.37154,1.37157,2.44,1.50
2014.05.14 03:28:24.281,1.37154,1.37157,2.82,1.50
2014.05.14 03:28:26.241,1.37154,1.37157,2.44,1.50
2014.05.14 03:28:26.982,1.37154,1.37155,2.44,1.00
2014.05.14 03:28:28.996,1.37154,1.37157,1.25,2.25
2014.05.14 03:28:31.234,1.37154,1.37157,3.57,1.50
2014.05.14 03:28:32.334,1.37154,1.37157,1.25,3.00
2014.05.14 03:28:34.441,1.37155,1.37157,1.50,3.75
2014.05.14 03:28:36.802,1.37154,1.37157,1.32,3.00
2014.05.14 03:28:37.314,1.37154,1.37156,1.32,1.13
2014.05.14 03:28:41.777,1.37154,1.37156,2.44,1.00
2014.05.14 03:28:43.776,1.37154,1.37156,1.25,1.00
2014.05.14 03:28:45.782,1.37154,1.37156,2.44,1.00
2014.05.14 03:28:46.815,1.37154,1.37156,2.44,1.00
2014.05.14 03:28:54.379,1.37154,1.37156,3.57,2.25
2014.05.14 03:28:59.855,1.37154,1.37156,2.44,1.50
2014.05.14 03:29:00.359,1.37153,1.37156,2.82,5.25
2014.05.14 03:29:04.976,1.37152,1.37155,5.29,2.25
2014.05.14 03:29:19.612,1.37153,1.37155,1.69,2.63
2014.05.14 03:29:20.066,1.37154,1.37157,1.00,1.50
2014.05.14 03:29:20.632,1.37154,1.37157,3.19,1.50
2014.05.14 03:29:21.161,1.37155,1.37158,1.69,1.50
2014.05.14 03:29:44.936,1.37155,1.37157,1.25,1.00
2014.05.14 03:29:55.420,1.37155,1.37156,1.25,1.00
2014.05.14 03:29:56.862,1.37154,1.37156,2.44,1.50
2014.05.14 03:30:00.009,1.37153,1.37155,5.29,1.00
2014.05.14 03:30:00.111,1.37152,1.37154,3.94,1.50
2014.05.14 03:30:00.523,1.37151,1.37153,4.17,1.50
2014.05.14 03:30:01.762,1.37151,1.37152,4.17,1.00
2014.05.14 03:30:08.249,1.37151,1.37153,2.67,2.25
2014.05.14 03:30:24.317,1.37152,1.37153,2.10,1.50
2014.05.14 03:30:30.367,1.37152,1.37154,5.29,1.00
2014.05.14 03:30:31.384,1.37152,1.37153,5.29,1.50
2014.05.14 03:30:32.052,1.37153,1.37156,1.13,4.32
2014.05.14 03:30:32.569,1.37154,1.37156,2.44,1.50
2014.05.14 03:30:47.122,1.37155,1.37156,1.25,1.88
2014.05.14 03:30:51.134,1.37155,1.37157,2.44,1.13
2014.05.14 03:30:53.189,1.37155,1.37156,2.44,1.50
2014.05.14 03:30:58.162,1.37154,1.37156,1.25,1.88
2014.05.14 03:31:00.176,1.37154,1.37156,2.44,1.88
2014.05.14 03:31:01.212,1.37154,1.37156,1.25,1.88
2014.05.14 03:31:05.182,1.37154,1.37156,2.44,1.88
2014.05.14 03:31:13.549,1.37152,1.37155,9.38,1.00
2014.05.14 03:31:14.055,1.37152,1.37153,1.00,1.50
2014.05.14 03:31:14.615,1.37151,1.37153,1.32,1.50
2014.05.14 03:31:20.230,1.37152,1.37153,2.10,2.25
2014.05.14 03:31:23.402,1.37152,1.37153,1.50,1.88
2014.05.14 03:31:23.655,1.37148,1.37151,2.25,1.77
2014.05.14 03:31:23.705,1.37147,1.37149,4.69,1.00
2014.05.14 03:31:23.808,1.37146,1.37148,1.00,1.00
2014.05.14 03:31:24.312,1.37145,1.37148,9.79,1.00
2014.05.14 03:31:27.794,1.37145,1.37148,10.54,1.00
2014.05.14 03:31:31.796,1.37145,1.37148,10.54,1.00
2014.05.14 03:31:32.774,1.37145,1.37148,10.54,1.00
2014.05.14 03:31:44.149,1.37145,1.37148,6.19,1.00
2014.05.14 03:31:44.653,1.37145,1.37147,3.94,2.25
2014.05.14 03:31:49.152,1.37145,1.37147,3.19,2.25
2014.05.14 03:31:52.780,1.37145,1.37147,1.69,2.25
2014.05.14 03:32:04.314,1.37145,1.37147,3.19,1.50
2014.05.14 03:32:05.032,1.37145,1.37148,3.19,1.50
2014.05.14 03:32:11.339,1.37145,1.37148,1.50,1.69
2014.05.14 03:32:14.336,1.37145,1.37148,3.94,1.50
2014.05.14 03:32:15.343,1.37145,1.37148,2.44,1.50
2014.05.14 03:32:18.398,1.37145,1.37148,3.19,1.50
2014.05.14 03:32:26.115,1.37146,1.37147,1.25,1.50
2014.05.14 03:32:34.406,1.37145,1.37147,2.44,1.50
2014.05.14 03:32:36.095,1.37146,1.37149,1.00,2.82
2014.05.14 03:32:36.332,1.37146,1.37149,1.13,2.25
2014.05.14 03:32:40.124,1.37146,1.37149,1.69,2.63
2014.05.14 03:32:42.140,1.37146,1.37149,1.25,2.63
2014.05.14 03:32:48.300,1.37145,1.37147,8.44,1.00
2014.05.14 03:32:48.401,1.37145,1.37149,6.19,2.25
2014.05.14 03:32:48.966,1.37145,1.37148,6.19,1.00
2014.05.14 03:32:57.084,1.37145,1.37148,3.19,1.00
2014.05.14 03:32:57.135,1.37145,1.3715,8.44,5.33
2014.05.14 03:32:57.236,1.37145,1.37148,4.32,2.25
2014.05.14 03:32:58.137,1.37145,1.37148,2.44,2.25
2014.05.14 03:32:59.937,1.37145,1.37148,1.50,2.25
2014.05.14 03:33:06.163,1.37147,1.37148,1.00,2.25
2014.05.14 03:33:06.675,1.37146,1.37149,3.00,1.50
2014.05.14 03:33:15.062,1.37148,1.37149,1.00,1.50
2014.05.14 03:33:15.315,1.37148,1.37151,2.10,1.50
2014.05.14 03:33:15.518,1.37151,1.37152,2.10,1.00
2014.05.14 03:33:15.720,1.37153,1.37154,1.50,1.50
2014.05.14 03:33:15.771,1.37153,1.37154,1.00,1.88
2014.05.14 03:33:16.175,1.37153,1.37155,10.54,5.25
2014.05.14 03:33:16.478,1.37155,1.37156,1.00,1.50
2014.05.14 03:33:16.886,1.37155,1.37159,2.50,6.94
2014.05.14 03:33:16.989,1.37158,1.3716,2.69,2.25
2014.05.14 03:33:17.042,1.37159,1.37162,4.60,3.57
2014.05.14 03:33:17.447,1.37162,1.37164,1.13,3.38
2014.05.14 03:33:18.010,1.37161,1.37162,4.92,1.50
2014.05.14 03:33:18.540,1.3716,1.37162,1.50,2.63
2014.05.14 03:33:19.073,1.37159,1.37161,1.32,1.13
2014.05.14 03:33:19.476,1.37157,1.3716,2.44,2.63
2014.05.14 03:33:20.030,1.37156,1.3716,6.19,2.63
2014.05.14 03:33:20.587,1.37156,1.3716,6.19,3.00
2014.05.14 03:33:21.501,1.37158,1.3716,1.13,2.63
2014.05.14 03:33:22.027,1.37159,1.3716,1.25,1.00
2014.05.14 03:33:22.643,1.37158,1.3716,8.07,1.00
2014.05.14 03:33:26.673,1.37158,1.3716,8.82,1.00
2014.05.14 03:33:27.682,1.37158,1.3716,8.07,1.00
2014.05.14 03:33:30.751,1.37159,1.3716,1.00,1.00
2014.05.14 03:33:33.335,1.37159,1.37161,1.50,1.00
2014.05.14 03:33:33.386,1.37157,1.3716,1.69,1.50
2014.05.14 03:33:35.133,1.37158,1.3716,1.00,2.25
2014.05.14 03:33:36.375,1.37157,1.3716,2.44,2.25
2014.05.14 03:33:38.249,1.37157,1.3716,3.19,2.25
2014.05.14 03:33:38.787,1.37156,1.3716,5.82,2.63
2014.05.14 03:33:39.291,1.37156,1.3716,5.07,2.63
2014.05.14 03:33:39.796,1.37158,1.3716,1.50,1.13
2014.05.14 03:34:00.073,1.37157,1.3716,5.25,1.88
2014.05.14 03:34:01.805,1.37157,1.3716,6.57,1.00
2014.05.14 03:34:09.869,1.37157,1.3716,5.82,1.00
2014.05.14 03:34:43.926,1.37156,1.3716,1.50,5.82
2014.05.14 03:34:44.078,1.37156,1.37157,1.00,1.50
2014.05.14 03:34:44.431,1.37153,1.37156,1.00,2.44
2014.05.14 03:34:44.482,1.37153,1.37155,1.00,3.94
2014.05.14 03:34:44.684,1.37152,1.37155,4.50,2.25
2014.05.14 03:34:44.978,1.37155,1.37156,1.00,1.50
2014.05.14 03:34:45.482,1.37155,1.37156,1.13,1.50
2014.05.14 03:34:47.295,1.37156,1.37158,1.00,1.50
2014.05.14 03:34:47.396,1.37156,1.37158,1.00,3.00
2014.05.14 03:34:51.353,1.37152,1.37157,4.88,1.00
2014.05.14 03:34:51.657,1.37147,1.37149,1.00,1.05
2014.05.14 03:34:51.710,1.37146,1.37148,2.25,1.05
2014.05.14 03:34:51.761,1.37148,1.37149,1.00,1.88
2014.05.14 03:34:51.863,1.37145,1.37148,1.88,1.80
2014.05.14 03:34:52.074,1.37145,1.37148,1.88,2.55
2014.05.14 03:34:52.800,1.37145,1.37147,1.00,1.00
2014.05.14 03:34:53.254,1.37144,1.37145,1.00,1.00
2014.05.14 03:34:53.759,1.37142,1.37145,2.82,2.25
2014.05.14 03:34:59.962,1.37143,1.37147,1.50,8.07
2014.05.14 03:35:00.466,1.37143,1.37145,1.50,1.00
2014.05.14 03:35:14.439,1.37144,1.37145,1.35,1.00
2014.05.14 03:35:14.540,1.37145,1.37148,2.63,1.69
2014.05.14 03:35:15.488,1.37145,1.37149,2.82,5.44
2014.05.14 03:35:17.334,1.37145,1.37148,2.07,1.13
2014.05.14 03:35:17.840,1.37146,1.37149,1.69,2.25
2014.05.14 03:35:19.286,1.37145,1.37149,5.07,2.25
2014.05.14 03:35:19.888,1.37145,1.37149,5.07,1.88
2014.05.14 03:35:20.389,1.37146,1.3715,2.25,6.04
2014.05.14 03:35:21.979,1.37146,1.3715,2.44,5.67
2014.05.14 03:35:22.410,1.37148,1.37151,1.00,4.88
2014.05.14 03:35:22.715,1.37152,1.37154,1.00,2.82
2014.05.14 03:35:23.374,1.37153,1.37155,1.00,3.57
2014.05.14 03:35:23.478,1.37152,1.37155,2.10,4.32
2014.05.14 03:35:23.631,1.37152,1.37155,1.35,4.32
2014.05.14 03:35:24.145,1.37152,1.37155,2.10,4.32
2014.05.14 03:35:25.627,1.37152,1.37155,2.10,4.69
2014.05.14 03:35:29.603,1.37153,1.37155,1.00,6.75
2014.05.14 03:35:29.706,1.37152,1.37155,1.35,4.69
2014.05.14 03:35:29.807,1.37153,1.37155,1.00,3.57
2014.05.14 03:35:30.029,1.37152,1.37155,1.35,3.94
2014.05.14 03:35:32.939,1.37151,1.37155,3.19,9.19
2014.05.14 03:35:42.786,1.37151,1.37154,2.25,2.82
2014.05.14 03:35:43.493,1.37151,1.37154,3.00,2.07
2014.05.14 03:35:44.566,1.37152,1.37154,1.00,1.32
2014.05.14 03:35:45.338,1.37153,1.37155,1.00,7.50
2014.05.14 03:35:45.542,1.37152,1.37154,1.00,1.25
2014.05.14 03:35:48.706,1.37151,1.37154,1.50,3.57
2014.05.14 03:35:49.211,1.3715,1.37153,1.50,1.88
2014.05.14 03:35:56.175,1.3715,1.37151,1.00,1.00
2014.05.14 03:35:56.326,1.37147,1.37149,1.50,1.00
2014.05.14 03:35:56.830,1.37147,1.3715,1.50,2.44
2014.05.14 03:35:59.873,1.37148,1.3715,1.00,2.25
2014.05.14 03:36:00.397,1.37149,1.37153,3.60,5.82
2014.05.14 03:36:00.930,1.37149,1.37153,3.60,5.07
2014.05.14 03:36:05.142,1.37151,1.37154,1.13,4.88
2014.05.14 03:36:05.294,1.3715,1.37152,1.00,1.50
2014.05.14 03:36:05.821,1.37149,1.37152,1.00,1.50
2014.05.14 03:36:06.477,1.37148,1.37152,1.50,1.69
2014.05.14 03:36:30.411,1.37148,1.37152,1.50,5.22
2014.05.14 03:36:30.512,1.37146,1.3715,4.50,1.50
2014.05.14 03:36:30.887,1.37146,1.37148,1.00,3.00
2014.05.14 03:36:31.146,1.37144,1.37148,3.79,5.44
2014.05.14 03:36:31.705,1.37145,1.37148,1.00,5.44
2014.05.14 03:36:32.239,1.37145,1.37148,1.00,4.32
2014.05.14 03:36:40.979,1.37145,1.37148,3.94,1.88
2014.05.14 03:36:43.338,1.37148,1.3715,1.00,2.44
2014.05.14 03:36:43.389,1.37148,1.3715,1.50,1.13
2014.05.14 03:36:44.047,1.37148,1.37152,3.60,2.82
2014.05.14 03:36:46.687,1.37148,1.37152,3.79,3.19
2014.05.14 03:36:50.744,1.37148,1.37152,3.79,2.82
2014.05.14 03:36:51.178,1.3715,1.37152,1.13,2.07
2014.05.14 03:36:51.495,1.37152,1.37154,2.10,2.82
2014.05.14 03:36:51.598,1.37153,1.37154,2.10,1.88
2014.05.14 03:36:54.533,1.37151,1.37154,1.00,1.69
2014.05.14 03:36:55.048,1.3715,1.37154,4.54,2.07
2014.05.14 03:36:55.559,1.3715,1.37154,5.10,4.32
2014.05.14 03:36:59.559,1.3715,1.37154,3.60,4.32
2014.05.14 03:37:00.158,1.3715,1.37154,5.85,2.44
2014.05.14 03:37:00.410,1.3715,1.37155,6.23,7.13
2014.05.14 03:37:00.612,1.3715,1.37154,3.60,2.44
2014.05.14 03:37:09.179,1.3715,1.37154,5.85,3.38
2014.05.14 03:37:09.805,1.3715,1.37154,5.48,3.57
2014.05.14 03:37:10.309,1.3715,1.37152,3.60,1.50
2014.05.14 03:37:21.228,1.37149,1.37152,1.00,1.69
2014.05.14 03:37:24.165,1.3715,1.37152,1.13,1.69
2014.05.14 03:37:24.216,1.3715,1.37152,1.88,1.25
2014.05.14 03:37:24.732,1.3715,1.37154,3.38,6.38
2014.05.14 03:37:25.399,1.3715,1.37154,1.88,5.07
2014.05.14 03:37:34.494,1.3715,1.37154,2.63,3.00
2014.05.14 03:37:34.595,1.3715,1.37154,1.88,3.57
2014.05.14 03:37:34.948,1.37152,1.37155,1.50,6.57
2014.05.14 03:37:35.680,1.37152,1.37155,1.50,5.07
2014.05.14 03:37:36.667,1.37152,1.37155,1.50,4.69
2014.05.14 03:37:37.984,1.37152,1.37155,2.07,1.88
2014.05.14 03:37:39.359,1.37152,1.37155,1.50,3.57
2014.05.14 03:37:44.916,1.3715,1.37153,2.63,1.50
2014.05.14 03:37:49.158,1.3715,1.37153,4.13,1.69
2014.05.14 03:37:49.208,1.37151,1.37154,3.38,3.19
2014.05.14 03:37:50.403,1.37151,1.37155,1.88,7.32
2014.05.14 03:37:51.303,1.37151,1.37154,1.88,1.19
2014.05.14 03:37:51.456,1.3715,1.37153,3.38,2.07
2014.05.14 03:37:58.110,1.37151,1.37153,1.00,1.88
2014.05.14 03:37:58.312,1.37153,1.37155,1.00,10.69
2014.05.14 03:38:01.718,1.37151,1.37154,1.32,1.88
2014.05.14 03:38:02.222,1.3715,1.37154,3.94,3.94
2014.05.14 03:38:09.485,1.3715,1.37156,2.63,5.63
2014.05.14 03:38:10.007,1.37152,1.37155,1.88,6.57
2014.05.14 03:38:11.399,1.3715,1.37154,2.07,2.44
2014.05.14 03:38:11.924,1.3715,1.37154,1.50,3.19
2014.05.14 03:38:18.130,1.3715,1.37154,2.82,3.19
2014.05.14 03:38:18.652,1.3715,1.37154,2.07,3.19
2014.05.14 03:38:19.193,1.3715,1.37154,1.50,3.94
2014.05.14 03:38:20.175,1.3715,1.37154,1.69,3.94
2014.05.14 03:38:21.186,1.3715,1.37154,1.50,5.44
2014.05.14 03:38:22.171,1.3715,1.37154,1.50,4.69
2014.05.14 03:38:22.781,1.3715,1.37154,1.50,4.69
2014.05.14 03:38:27.165,1.37152,1.37154,1.50,1.69
2014.05.14 03:38:27.266,1.3715,1.37154,1.69,2.44
2014.05.14 03:38:28.196,1.3715,1.37154,1.50,3.94
2014.05.14 03:38:45.145,1.3715,1.37154,3.19,2.44
2014.05.14 03:38:46.142,1.3715,1.37154,2.25,3.94
2014.05.14 03:39:02.101,1.3715,1.37153,1.00,2.07
2014.05.14 03:39:03.139,1.37151,1.37154,1.50,3.94
2014.05.14 03:39:03.241,1.3715,1.37154,2.25,5.44
2014.05.14 03:39:05.129,1.3715,1.37154,2.25,3.94
2014.05.14 03:39:06.119,1.3715,1.37154,2.25,4.69
2014.05.14 03:39:10.027,1.3715,1.37154,3.19,3.75
2014.05.14 03:39:10.129,1.37152,1.37154,1.00,2.25
2014.05.14 03:39:10.281,1.37151,1.37154,1.25,1.50
2014.05.14 03:39:12.059,1.37152,1.37154,1.00,1.50
2014.05.14 03:39:12.110,1.37152,1.37154,1.50,1.50
2014.05.14 03:39:12.615,1.37152,1.37157,2.63,9.38
2014.05.14 03:39:17.307,1.37152,1.37155,1.88,2.82
2014.05.14 03:39:17.357,1.37152,1.37156,2.08,6.00
2014.05.14 03:39:17.881,1.37152,1.37157,1.91,1.88
2014.05.14 03:39:19.337,1.37152,1.37157,1.91,12.00
2014.05.14 03:39:23.132,1.37152,1.37154,1.00,1.69
2014.05.14 03:39:23.642,1.37151,1.37153,1.00,2.44
2014.05.14 03:39:24.776,1.3715,1.37153,1.25,2.25
2014.05.14 03:39:25.329,1.37149,1.37153,1.69,2.82
2014.05.14 03:39:25.850,1.37149,1.37153,1.50,3.57
2014.05.14 03:39:27.835,1.37149,1.37151,1.50,1.25
2014.05.14 03:39:27.936,1.37147,1.3715,5.44,1.00
2014.05.14 03:39:28.470,1.37148,1.37151,1.50,1.69
2014.05.14 03:39:31.361,1.37147,1.37151,2.82,5.44
2014.05.14 03:39:31.871,1.37147,1.3715,1.69,1.00
2014.05.14 03:39:33.266,1.37147,1.3715,1.88,1.25
2014.05.14 03:39:33.468,1.3715,1.37152,1.00,1.50
2014.05.14 03:39:33.974,1.37149,1.37153,1.50,5.44
2014.05.14 03:40:00.084,1.37149,1.37151,1.50,1.25
2014.05.14 03:40:00.724,1.37149,1.37153,2.25,5.44
2014.05.14 03:40:01.284,1.37149,1.37153,2.44,3.94
2014.05.14 03:40:05.260,1.37149,1.37153,2.25,4.32
2014.05.14 03:40:11.288,1.37149,1.37153,2.44,4.32
2014.05.14 03:40:12.293,1.37149,1.37153,2.25,5.07
2014.05.14 03:40:16.310,1.37149,1.37153,2.82,3.94
2014.05.14 03:40:18.827,1.3715,1.37153,1.00,3.19
2014.05.14 03:40:21.164,1.3715,1.37153,2.25,1.69
2014.05.14 03:40:21.517,1.37152,1.37155,1.50,2.44
2014.05.14 03:40:24.262,1.37152,1.37155,1.50,4.92
2014.05.14 03:40:24.791,1.37151,1.37153,1.13,1.50
2014.05.14 03:40:26.064,1.37152,1.37155,1.13,3.79
2014.05.14 03:40:26.115,1.37153,1.37155,1.50,3.60
2014.05.14 03:40:26.316,1.37153,1.37157,3.94,2.44
2014.05.14 03:40:32.173,1.37153,1.37156,4.50,1.00
2014.05.14 03:40:32.324,1.37153,1.37155,3.00,5.67
2014.05.14 03:40:32.375,1.37151,1.37155,3.75,6.42
2014.05.14 03:40:35.022,1.37152,1.37155,1.00,3.75
2014.05.14 03:40:37.842,1.37152,1.37154,2.25,2.10
2014.05.14 03:40:41.293,1.37152,1.37153,1.50,1.00
2014.05.14 03:40:41.837,1.3715,1.37152,3.00,2.10
2014.05.14 03:40:42.439,1.3715,1.37152,3.38,2.10
2014.05.14 03:40:43.642,1.37151,1.37152,1.00,2.10
2014.05.14 03:40:43.844,1.37152,1.37154,1.00,2.25
2014.05.14 03:40:43.896,1.37153,1.37155,1.00,1.13
2014.05.14 03:40:44.149,1.37155,1.37157,1.00,3.57
2014.05.14 03:40:44.402,1.37155,1.37158,3.75,2.29
2014.05.14 03:40:44.920,1.37156,1.37158,1.00,2.29
2014.05.14 03:40:45.873,1.37155,1.37158,2.82,2.10
2014.05.14 03:40:47.868,1.37156,1.37158,1.50,2.29
2014.05.14 03:40:48.172,1.37159,1.37163,4.13,4.92
2014.05.14 03:40:48.676,1.3716,1.37163,1.13,3.04
2014.05.14 03:40:49.238,1.37159,1.37163,1.88,3.42
2014.05.14 03:40:51.024,1.37159,1.37163,2.63,4.92
2014.05.14 03:40:53.426,1.3716,1.37163,1.00,3.79
2014.05.14 03:40:54.006,1.3716,1.37163,1.00,4.54
2014.05.14 03:40:55.294,1.37159,1.37163,2.25,3.04
2014.05.14 03:41:02.959,1.37159,1.37163,3.57,1.69
2014.05.14 03:41:03.364,1.37161,1.37163,1.00,1.69
2014.05.14 03:41:05.220,1.3716,1.37163,4.88,1.69
2014.05.14 03:41:08.642,1.37161,1.37163,1.00,1.69
2014.05.14 03:41:39.426,1.37161,1.37165,2.25,5.44
2014.05.14 03:41:43.979,1.37161,1.37163,1.00,1.50
2014.05.14 03:42:00.683,1.3716,1.37163,4.50,1.50
2014.05.14 03:42:01.486,1.37161,1.37163,1.00,1.50
2014.05.14 03:42:01.889,1.37161,1.37165,5.25,3.94
2014.05.14 03:42:11.201,1.37162,1.37165,1.00,3.94
2014.05.14 03:42:11.965,1.37161,1.37165,5.07,3.94
2014.05.14 03:42:12.474,1.37162,1.37165,1.00,3.94
2014.05.14 03:42:19.364,1.37162,1.37164,1.00,1.00
2014.05.14 03:42:26.500,1.37162,1.37165,1.00,5.44
2014.05.14 03:42:30.634,1.37161,1.37164,3.94,2.10
2014.05.14 03:42:31.193,1.37161,1.37163,2.07,1.50
2014.05.14 03:42:34.662,1.3716,1.37162,3.94,1.00
2014.05.14 03:42:35.177,1.37159,1.37162,3.00,3.00
2014.05.14 03:42:36.373,1.37159,1.37162,2.25,2.44
2014.05.14 03:42:42.155,1.3716,1.37162,1.00,2.44
2014.05.14 03:42:42.672,1.37159,1.37162,2.63,1.25
2014.05.14 03:42:43.181,1.37159,1.37163,2.82,6.04
2014.05.14 03:42:46.204,1.3716,1.37163,1.00,3.19
2014.05.14 03:42:46.717,1.37161,1.37163,1.00,1.69
2014.05.14 03:42:51.918,1.37162,1.37164,1.00,1.50
2014.05.14 03:43:01.532,1.37163,1.37165,1.00,4.69
2014.05.14 03:43:11.792,1.37162,1.37165,1.00,5.44
2014.05.14 03:43:12.374,1.37162,1.37164,1.00,2.10
2014.05.14 03:43:15.292,1.37163,1.37165,1.00,5.25
2014.05.14 03:43:15.648,1.37161,1.37163,1.00,2.25
2014.05.14 03:43:15.850,1.37161,1.37165,2.63,10.35
2014.05.14 03:43:15.952,1.37163,1.37165,1.00,6.19
2014.05.14 03:43:16.812,1.37163,1.37164,1.00,1.00
2014.05.14 03:43:17.114,1.37161,1.37164,1.13,1.69
2014.05.14 03:43:19.698,1.37162,1.37164,1.00,1.50
2014.05.14 03:43:20.225,1.37161,1.37164,1.25,1.50
2014.05.14 03:43:24.558,1.37161,1.37164,2.44,1.50
2014.05.14 03:43:24.811,1.37162,1.37166,8.44,2.44
2014.05.14 03:43:24.912,1.37164,1.37166,1.00,1.50
2014.05.14 03:43:27.631,1.37163,1.37166,1.32,1.50
2014.05.14 03:43:28.821,1.37164,1.37165,1.00,1.00
2014.05.14 03:43:28.973,1.37165,1.37167,3.94,1.00
2014.05.14 03:43:29.023,1.37167,1.37168,1.00,1.00
2014.05.14 03:43:29.125,1.37168,1.3717,3.00,2.85
2014.05.14 03:43:29.176,1.37169,1.37171,4.38,3.75
2014.05.14 03:43:29.330,1.37169,1.3717,9.00,2.78
2014.05.14 03:43:29.834,1.37171,1.37172,1.00,2.10
2014.05.14 03:43:29.885,1.37171,1.37172,1.00,2.10
2014.05.14 03:43:29.936,1.37171,1.37174,1.00,2.25
2014.05.14 03:43:33.919,1.37171,1.37173,1.00,1.00
2014.05.14 03:43:34.424,1.37169,1.37172,2.07,3.60
2014.05.14 03:43:39.203,1.3717,1.37172,1.00,6.04
2014.05.14 03:43:39.304,1.37168,1.37172,3.94,6.04
2014.05.14 03:43:39.996,1.37168,1.37172,2.25,7.54
2014.05.14 03:43:43.021,1.37168,1.37172,2.44,6.04
2014.05.14 03:43:44.040,1.37168,1.37172,2.25,6.79
2014.05.14 03:43:45.032,1.37168,1.37172,2.44,5.29
2014.05.14 03:43:48.017,1.37168,1.37172,2.25,6.04
2014.05.14 03:43:49.020,1.37168,1.37172,2.25,6.79
2014.05.14 03:43:49.385,1.37168,1.3717,2.25,2.10
2014.05.14 03:43:49.692,1.37166,1.3717,3.57,6.79
2014.05.14 03:43:52.479,1.37166,1.37168,3.00,2.29
2014.05.14 03:43:54.187,1.37164,1.37166,1.00,1.25
2014.05.14 03:43:54.238,1.37164,1.37165,1.00,1.50
2014.05.14 03:43:54.762,1.37163,1.37165,1.00,1.50
2014.05.14 03:43:55.327,1.37162,1.37165,2.44,1.88
2014.05.14 03:43:59.751,1.37163,1.37165,1.00,2.07
2014.05.14 03:43:59.903,1.37165,1.37166,1.00,2.82
2014.05.14 03:44:00.413,1.37164,1.37166,1.00,3.94
2014.05.14 03:44:00.933,1.37163,1.37166,1.00,6.19
2014.05.14 03:44:01.456,1.37163,1.37166,1.00,6.94
2014.05.14 03:44:08.405,1.37162,1.37166,5.07,6.94
2014.05.14 03:44:20.480,1.37163,1.37166,1.00,7.69
2014.05.14 03:44:20.995,1.37164,1.37166,1.50,4.69
2014.05.14 03:44:25.980,1.37162,1.37166,4.69,6.19
2014.05.14 03:44:32.759,1.37165,1.37168,4.88,8.48
2014.05.14 03:44:32.811,1.37167,1.37171,5.51,5.25
2014.05.14 03:44:32.864,1.3717,1.37171,1.00,1.50
2014.05.14 03:44:32.965,1.3717,1.37173,1.25,2.25
2014.05.14 03:44:33.066,1.3717,1.37172,1.25,1.00
2014.05.14 03:44:33.570,1.37171,1.37172,1.00,1.00
2014.05.14 03:44:42.844,1.3717,1.37172,1.00,2.85
2014.05.14 03:44:43.347,1.37169,1.37172,2.44,3.60
2014.05.14 03:45:02.217,1.3717,1.37172,1.00,2.10
2014.05.14 03:45:03.166,1.37169,1.37172,3.19,2.10
2014.05.14 03:45:09.667,1.3717,1.37172,1.00,2.10
2014.05.14 03:45:12.770,1.3717,1.37171,1.00,2.10
2014.05.14 03:45:32.783,1.37171,1.37174,1.00,4.32
2014.05.14 03:45:32.834,1.37171,1.37174,1.00,4.17
2014.05.14 03:45:33.361,1.37172,1.37174,1.00,2.29
2014.05.14 03:45:33.875,1.37171,1.37174,3.75,2.29
2014.05.14 03:45:35.044,1.37171,1.37174,6.00,2.10
2014.05.14 03:45:36.999,1.37173,1.37174,1.00,2.10
2014.05.14 03:45:37.505,1.37173,1.37176,4.35,4.65
2014.05.14 03:45:41.055,1.37173,1.37174,2.85,1.50
2014.05.14 03:45:56.043,1.37171,1.37173,1.25,1.00
2014.05.14 03:45:57.093,1.37173,1.37174,2.10,1.50
2014.05.14 03:45:57.663,1.3717,1.37173,9.94,1.00
2014.05.14 03:45:58.874,1.37171,1.37173,1.25,1.00
2014.05.14 03:45:59.490,1.3717,1.37174,5.44,3.19
2014.05.14 03:46:00.209,1.3717,1.37174,5.82,3.19
2014.05.14 03:46:00.310,1.37173,1.37175,1.00,1.88
2014.05.14 03:46:00.514,1.37173,1.37176,1.13,2.25
2014.05.14 03:46:01.688,1.37174,1.37176,1.00,2.25
2014.05.14 03:46:02.016,1.37172,1.37176,6.19,2.25
2014.05.14 03:46:04.189,1.37172,1.37175,4.50,1.25
2014.05.14 03:46:04.707,1.37172,1.37174,1.50,1.25
2014.05.14 03:46:04.909,1.3717,1.37174,9.57,2.44
2014.05.14 03:46:14.152,1.3717,1.37174,7.69,3.19
2014.05.14 03:46:18.625,1.3717,1.37172,2.25,1.00
2014.05.14 03:46:23.685,1.3717,1.37173,1.50,2.44
2014.05.14 03:46:25.010,1.37169,1.37173,3.19,3.57
2014.05.14 03:46:25.679,1.37169,1.37173,3.00,3.57
2014.05.14 03:46:29.705,1.37169,1.37173,3.57,2.82
2014.05.14 03:46:32.464,1.3717,1.37173,1.00,2.82
2014.05.14 03:46:32.969,1.37171,1.37173,1.00,1.50
2014.05.14 03:46:34.035,1.3717,1.37173,4.88,1.50
2014.05.14 03:46:54.745,1.3717,1.37173,3.00,3.57
2014.05.14 03:46:55.745,1.3717,1.37173,3.00,2.82
2014.05.14 03:47:02.285,1.37171,1.37173,1.00,2.25
2014.05.14 03:47:02.436,1.37172,1.37174,1.00,1.25
2014.05.14 03:47:02.594,1.37173,1.37175,1.00,2.82
2014.05.14 03:47:04.178,1.37172,1.37175,1.50,1.69
2014.05.14 03:47:05.423,1.37171,1.37175,1.50,5.44
2014.05.14 03:47:05.927,1.37171,1.37173,1.50,1.25
2014.05.14 03:47:20.552,1.37171,1.37174,1.50,1.32
2014.05.14 03:47:21.125,1.37171,1.37173,1.88,1.00
2014.05.14 03:47:26.080,1.37172,1.37173,1.00,1.50
2014.05.14 03:47:26.182,1.37173,1.37175,1.50,1.50
2014.05.14 03:47:26.283,1.37173,1.37177,2.63,5.25
2014.05.14 03:47:26.485,1.37175,1.37177,1.00,2.25
2014.05.14 03:47:26.586,1.37173,1.37177,7.50,2.25
2014.05.14 03:47:29.094,1.37173,1.37177,2.44,4.69
2014.05.14 03:47:30.255,1.37173,1.37175,1.00,4.35
2014.05.14 03:47:30.356,1.37171,1.37175,3.00,6.04
2014.05.14 03:47:36.105,1.37171,1.37175,2.82,3.57
2014.05.14 03:47:36.155,1.37173,1.37175,1.00,3.19
2014.05.14 03:47:44.369,1.37175,1.3718,3.00,16.88
2014.05.14 03:47:44.818,1.37175,1.37178,4.69,2.10
2014.05.14 03:47:48.692,1.37175,1.37178,5.07,2.10
2014.05.14 03:47:49.040,1.37175,1.37176,3.75,1.00
2014.05.14 03:47:49.696,1.37174,1.37176,1.00,2.10
2014.05.14 03:48:00.988,1.37174,1.37176,2.63,1.54
2014.05.14 03:48:01.240,1.37172,1.37175,2.63,3.19
2014.05.14 03:48:04.533,1.37172,1.37174,2.63,2.10
2014.05.14 03:48:11.093,1.37171,1.37173,5.25,2.10
2014.05.14 03:48:17.456,1.37172,1.37175,1.19,4.88
2014.05.14 03:48:17.760,1.37175,1.37176,1.13,4.88
2014.05.14 03:48:18.113,1.37175,1.37177,2.63,1.13
2014.05.14 03:48:18.617,1.37174,1.37177,2.44,2.85
2014.05.14 03:48:30.119,1.37174,1.37177,3.00,2.29
2014.05.14 03:48:33.742,1.37174,1.37176,2.63,2.44
2014.05.14 03:48:34.253,1.37174,1.37176,1.50,3.19
2014.05.14 03:48:44.483,1.37175,1.37177,1.00,2.10
2014.05.14 03:48:44.585,1.37174,1.37176,2.07,1.00
2014.05.14 03:48:45.235,1.37175,1.37177,1.00,2.85
2014.05.14 03:48:45.747,1.37174,1.37177,2.82,2.10
2014.05.14 03:48:46.945,1.37174,1.37176,1.69,1.00
2014.05.14 03:48:47.701,1.37174,1.37175,1.88,1.00
2014.05.14 03:48:48.248,1.37173,1.37175,3.57,1.00
2014.05.14 03:48:49.309,1.37174,1.37177,1.50,4.92
2014.05.14 03:48:53.206,1.37173,1.37176,3.94,1.50
2014.05.14 03:48:53.734,1.37174,1.37176,1.00,1.00
2014.05.14 03:48:54.036,1.37173,1.37174,1.00,1.00
2014.05.14 03:48:55.166,1.37171,1.37174,6.19,1.00
2014.05.14 03:48:56.704,1.37173,1.37175,3.00,4.75
2014.05.14 03:48:57.159,1.37176,1.37177,2.25,2.10
2014.05.14 03:49:00.415,1.37175,1.37177,1.25,3.85
2014.05.14 03:49:00.569,1.37174,1.37177,1.50,2.10
2014.05.14 03:49:02.137,1.37174,1.37176,1.00,3.75
2014.05.14 03:49:02.691,1.37173,1.37175,2.25,1.13
2014.05.14 03:49:10.714,1.37173,1.37176,2.25,1.69
2014.05.14 03:49:11.253,1.37174,1.37177,1.50,4.17
2014.05.14 03:49:11.668,1.37174,1.37177,1.50,4.42
2014.05.14 03:49:12.185,1.37173,1.37177,5.63,4.75
2014.05.14 03:49:12.842,1.37173,1.37177,4.32,4.17
2014.05.14 03:49:13.007,1.37173,1.37177,4.32,5.17
2014.05.14 03:49:16.988,1.37172,1.37174,1.25,2.10
2014.05.14 03:49:17.091,1.37171,1.37173,7.69,2.10
2014.05.14 03:49:19.933,1.3717,1.37173,2.82,3.60
2014.05.14 03:49:40.779,1.37172,1.37173,1.00,3.60
2014.05.14 03:49:44.062,1.37171,1.37173,1.50,3.60
2014.05.14 03:49:47.373,1.3717,1.37173,3.66,3.60
2014.05.14 03:49:47.676,1.37171,1.37173,1.00,4.35
2014.05.14 03:49:49.259,1.3717,1.37173,4.41,1.50
2014.05.14 03:49:50.183,1.3717,1.37173,3.66,1.50
2014.05.14 03:50:00.861,1.3717,1.37172,3.19,1.00
2014.05.14 03:50:28.257,1.3717,1.37171,1.00,1.00
2014.05.14 03:50:28.937,1.3717,1.37172,1.00,2.44
2014.05.14 03:50:37.245,1.37168,1.37172,5.67,1.69
2014.05.14 03:50:37.401,1.3717,1.37172,1.00,1.69
2014.05.14 03:51:00.988,1.3717,1.37173,1.88,1.25
2014.05.14 03:51:06.751,1.3717,1.37173,1.13,2.44
2014.05.14 03:51:11.929,1.3717,1.37171,1.00,1.00
2014.05.14 03:51:12.448,1.37169,1.37172,1.88,1.25
2014.05.14 03:51:14.511,1.37171,1.37172,1.13,1.00
2014.05.14 03:51:14.825,1.37173,1.37176,4.88,5.63
2014.05.14 03:51:15.132,1.37176,1.37179,2.63,1.69
2014.05.14 03:51:15.497,1.37178,1.37179,1.50,1.69
2014.05.14 03:51:17.389,1.37176,1.37179,1.13,3.57
2014.05.14 03:51:23.108,1.37176,1.37179,1.13,4.32
2014.05.14 03:51:23.611,1.37176,1.37177,1.00,1.50
2014.05.14 03:51:31.337,1.37175,1.37177,1.32,1.50
2014.05.14 03:51:31.862,1.37176,1.37177,1.00,1.50
2014.05.14 03:51:32.371,1.37175,1.37177,1.00,1.50
2014.05.14 03:51:32.674,1.37174,1.37175,1.35,1.00
2014.05.14 03:51:32.914,1.37171,1.37174,2.63,1.69
2014.05.14 03:51:39.924,1.37172,1.37174,1.00,1.69
2014.05.14 03:51:40.025,1.37174,1.37175,1.00,1.00
2014.05.14 03:51:40.126,1.37174,1.37177,2.63,2.63
2014.05.14 03:51:40.631,1.37175,1.37178,3.38,4.69
2014.05.14 03:51:41.263,1.37175,1.37177,1.88,3.38
2014.05.14 03:51:41.315,1.37174,1.37176,4.88,1.00
2014.05.14 03:51:41.469,1.37172,1.37174,1.50,1.50
2014.05.14 03:51:41.621,1.37173,1.37176,1.13,1.50
2014.05.14 03:51:43.461,1.37174,1.37176,1.18,1.50
2014.05.14 03:51:43.563,1.37176,1.37178,1.00,1.00
2014.05.14 03:51:43.613,1.37176,1.37178,1.00,1.50
2014.05.14 03:51:45.430,1.37175,1.37177,1.50,1.00
2014.05.14 03:51:45.948,1.37174,1.37177,3.00,1.69
2014.05.14 03:51:48.507,1.37174,1.37176,1.88,1.25
2014.05.14 03:51:49.029,1.37173,1.37176,1.13,2.44
2014.05.14 03:51:49.534,1.37173,1.37176,1.38,1.50
2014.05.14 03:51:49.980,1.37175,1.37178,4.59,1.69
2014.05.14 03:51:51.882,1.37175,1.37177,5.02,1.00
2014.05.14 03:51:52.387,1.37175,1.37178,4.08,2.44
2014.05.14 03:51:52.928,1.37174,1.37177,2.25,1.25
2014.05.14 03:51:54.684,1.37174,1.37176,1.50,1.00
2014.05.14 03:51:55.189,1.37172,1.37175,3.94,1.00
2014.05.14 03:51:57.167,1.37172,1.37176,3.75,2.44
2014.05.14 03:52:13.978,1.37172,1.37176,5.96,2.25
2014.05.14 03:52:20.211,1.37172,1.37176,6.08,1.00
2014.05.14 03:52:20.732,1.37171,1.37175,7.58,1.50
2014.05.14 03:52:21.248,1.37171,1.37175,4.50,3.57
2014.05.14 03:52:29.327,1.37171,1.37175,3.25,5.07
2014.05.14 03:52:31.246,1.37171,1.37175,3.25,6.19
2014.05.14 03:52:31.757,1.37171,1.37175,3.00,8.07
2014.05.14 03:52:32.879,1.37172,1.37175,1.00,8.44
2014.05.14 03:52:33.428,1.37172,1.37175,1.00,6.57
2014.05.14 03:52:33.959,1.37172,1.37175,1.00,4.32
2014.05.14 03:52:35.868,1.37172,1.37175,1.00,5.44
2014.05.14 03:52:39.924,1.37172,1.37174,1.00,1.69
2014.05.14 03:52:40.902,1.37172,1.37174,1.00,1.25
2014.05.14 03:52:47.839,1.37173,1.37174,1.00,1.50
2014.05.14 03:52:48.949,1.37173,1.37175,1.13,1.00
2014.05.14 03:52:49.453,1.37174,1.37176,1.50,1.25
2014.05.14 03:52:49.993,1.37174,1.37177,1.50,1.25
2014.05.14 03:52:50.988,1.37174,1.37177,1.50,2.82
2014.05.14 03:52:51.808,1.37174,1.37177,1.50,3.19
2014.05.14 03:52:51.965,1.37172,1.37175,3.60,3.57
2014.05.14 03:53:07.295,1.37173,1.37175,1.00,3.19
2014.05.14 03:53:18.616,1.37172,1.37175,4.35,2.44
2014.05.14 03:53:26.975,1.37172,1.37175,1.00,8.44
2014.05.14 03:53:28.989,1.37172,1.37175,1.00,6.19
2014.05.14 03:53:37.799,1.37173,1.37177,1.50,6.19
2014.05.14 03:53:38.346,1.37174,1.37177,1.88,1.69
2014.05.14 03:53:38.419,1.37176,1.37177,2.10,1.69
2014.05.14 03:53:38.953,1.37176,1.37179,2.85,3.94
2014.05.14 03:53:39.458,1.37176,1.37179,4.17,1.50
2014.05.14 03:53:39.973,1.37177,1.37179,1.00,1.50
2014.05.14 03:53:43.695,1.37178,1.37179,1.00,1.50
2014.05.14 03:53:46.225,1.37176,1.37179,4.35,5.44
2014.05.14 03:53:46.735,1.37176,1.37178,4.54,1.50
2014.05.14 03:53:47.460,1.37177,1.37179,1.00,3.94
2014.05.14 03:53:47.965,1.37177,1.3718,1.50,2.07
2014.05.14 03:53:52.769,1.37177,1.37179,1.00,1.00
2014.05.14 03:53:53.292,1.37176,1.37179,6.04,1.50
2014.05.14 03:54:13.134,1.37176,1.3718,6.42,4.13
2014.05.14 03:54:22.159,1.37176,1.3718,7.17,3.00
2014.05.14 03:54:22.412,1.37179,1.3718,1.00,3.00
2014.05.14 03:54:28.291,1.37179,1.37182,1.00,3.00
2014.05.14 03:54:28.991,1.37178,1.37182,6.04,3.00
2014.05.14 03:54:29.537,1.37179,1.37182,1.00,3.19
2014.05.14 03:54:32.788,1.37179,1.37182,1.00,5.44
2014.05.14 03:54:32.891,1.37177,1.3718,1.69,4.88
2014.05.14 03:54:40.298,1.37177,1.3718,6.60,1.50
2014.05.14 03:54:40.928,1.37178,1.37182,2.63,4.32
2014.05.14 03:54:44.646,1.37178,1.37181,2.25,1.32
2014.05.14 03:54:44.697,1.37176,1.37179,8.29,1.50
2014.05.14 03:54:48.815,1.37177,1.37179,1.00,1.50
2014.05.14 03:55:00.609,1.37178,1.37179,1.00,1.50
2014.05.14 03:55:07.872,1.37179,1.37181,1.00,1.00
2014.05.14 03:55:07.989,1.37179,1.37181,1.00,1.00
2014.05.14 03:55:08.493,1.37179,1.37182,1.00,2.44
2014.05.14 03:55:48.091,1.37179,1.37183,2.63,3.19
2014.05.14 03:55:52.898,1.3718,1.37183,2.48,2.44
2014.05.14 03:55:53.460,1.37181,1.37183,1.00,1.00
2014.05.14 03:55:53.997,1.3718,1.37183,2.85,1.50
2014.05.14 03:55:55.896,1.3718,1.37183,3.78,1.50
2014.05.14 03:56:06.713,1.37181,1.37185,4.50,5.82
2014.05.14 03:56:07.840,1.37182,1.37185,4.54,2.25
2014.05.14 03:56:15.225,1.37182,1.37183,1.00,1.00
2014.05.14 03:56:15.276,1.3718,1.37183,5.44,1.50
2014.05.14 03:56:23.855,1.37181,1.37183,2.10,1.88
2014.05.14 03:56:24.578,1.37182,1.37183,1.00,1.50
2014.05.14 03:56:36.287,1.37181,1.37183,2.85,1.50
2014.05.14 03:56:51.278,1.37182,1.37183,1.00,1.50
2014.05.14 03:56:51.813,1.37181,1.37183,4.92,1.50
2014.05.14 03:56:57.466,1.37181,1.37185,6.98,3.38
2014.05.14 03:57:00.749,1.37182,1.37185,2.10,3.57
2014.05.14 03:57:15.004,1.37182,1.37185,2.48,3.38
2014.05.14 03:57:17.183,1.37182,1.37185,3.23,3.38
2014.05.14 03:57:18.050,1.37182,1.37184,3.23,1.00
2014.05.14 03:57:26.286,1.37182,1.37185,2.48,1.88
2014.05.14 03:57:30.845,1.37182,1.37184,4.73,1.50
2014.05.14 03:57:32.701,1.37182,1.37184,2.25,1.00
2014.05.14 03:57:33.248,1.37183,1.37186,1.38,3.00
2014.05.14 03:57:33.796,1.37183,1.37185,1.13,1.50
2014.05.14 03:57:34.670,1.37182,1.37185,1.88,1.88
2014.05.14 03:57:35.176,1.37183,1.37184,1.00,1.50
2014.05.14 03:57:35.680,1.37182,1.37185,2.63,1.88
2014.05.14 03:57:37.634,1.37182,1.37184,1.50,1.50
2014.05.14 03:57:37.988,1.3718,1.37184,9.19,2.25
2014.05.14 03:57:42.890,1.3718,1.37184,7.69,2.25
2014.05.14 03:57:49.551,1.37181,1.37184,3.57,1.50
2014.05.14 03:57:50.098,1.37183,1.37185,1.50,1.50
2014.05.14 03:57:52.506,1.37181,1.37184,3.57,1.50
2014.05.14 03:57:53.042,1.37181,1.37184,2.07,1.50
2014.05.14 03:57:54.816,1.37182,1.37184,1.00,1.50
2014.05.14 03:57:58.643,1.37183,1.37184,1.00,1.50
2014.05.14 03:57:58.694,1.37183,1.37184,1.32,1.50
2014.05.14 03:57:58.795,1.37184,1.37186,1.38,1.50
2014.05.14 03:57:59.445,1.37184,1.37186,1.38,1.50
2014.05.14 03:57:59.596,1.37183,1.37184,1.08,1.00
2014.05.14 03:57:59.849,1.37182,1.37184,1.25,1.50
2014.05.14 03:58:00.537,1.37181,1.37184,2.29,1.50
2014.05.14 03:58:02.195,1.3718,1.37182,7.13,1.50
2014.05.14 03:58:02.862,1.3718,1.37182,1.50,1.50
2014.05.14 03:58:11.237,1.3718,1.37183,2.63,1.00
2014.05.14 03:58:16.879,1.3718,1.37183,2.25,1.50
2014.05.14 03:58:17.403,1.3718,1.37181,2.25,1.00
2014.05.14 03:58:18.107,1.3718,1.37182,2.25,1.50
2014.05.14 03:58:24.233,1.3718,1.37181,1.00,1.00
2014.05.14 03:58:24.638,1.37178,1.3718,1.50,3.75
2014.05.14 03:58:24.840,1.37176,1.37179,3.00,1.13
2014.05.14 03:58:31.545,1.37176,1.37179,1.88,3.38
2014.05.14 03:58:31.697,1.37174,1.37176,1.50,3.63
2014.05.14 03:58:31.749,1.37174,1.37175,2.25,1.88
2014.05.14 03:58:31.800,1.37171,1.37174,2.25,1.00
2014.05.14 03:58:31.852,1.37171,1.37173,1.50,1.00
2014.05.14 03:58:31.903,1.37172,1.37175,2.85,6.00
2014.05.14 03:58:32.005,1.37174,1.37175,1.50,4.88
2014.05.14 03:58:32.511,1.37175,1.37177,1.00,4.69
2014.05.14 03:58:32.864,1.37172,1.37175,2.85,1.50
2014.05.14 03:58:35.497,1.37174,1.37176,1.00,1.00
2014.05.14 03:58:35.751,1.37175,1.37177,1.00,6.19
2014.05.14 03:58:52.641,1.37175,1.37176,1.00,1.00
2014.05.14 03:58:53.175,1.37175,1.37176,1.00,1.00
2014.05.14 03:58:55.371,1.37173,1.37177,2.85,3.19
2014.05.14 03:58:55.541,1.37175,1.37177,1.00,3.19
2014.05.14 03:59:06.234,1.37176,1.37177,2.10,2.25
2014.05.14 03:59:06.285,1.37176,1.37177,2.10,1.00
2014.05.14 03:59:07.545,1.37176,1.37178,2.10,1.50
2014.05.14 03:59:08.964,1.37176,1.37179,2.10,4.32
2014.05.14 03:59:10.742,1.37176,1.37178,2.10,1.00
2014.05.14 03:59:13.056,1.37175,1.37178,3.75,2.82
2014.05.14 03:59:13.561,1.37175,1.37177,2.25,1.00
2014.05.14 03:59:14.092,1.37175,1.37176,1.00,1.50
2014.05.14 03:59:24.486,1.37172,1.37175,4.43,1.50
2014.05.14 03:59:25.594,1.37172,1.37174,2.93,1.00
2014.05.14 03:59:26.464,1.37172,1.37175,3.68,3.38
2014.05.14 03:59:27.435,1.37172,1.37176,3.68,4.32
2014.05.14 03:59:28.114,1.37172,1.37175,3.68,1.00
2014.05.14 03:59:30.449,1.37172,1.37176,3.68,4.32
2014.05.14 03:59:31.109,1.37172,1.37175,3.68,1.00
2014.05.14 03:59:37.392,1.37172,1.37176,3.68,3.57
2014.05.14 03:59:37.905,1.37172,1.37175,4.43,1.00
2014.05.14 03:59:40.410,1.37172,1.37176,4.43,3.94
2014.05.14 03:59:41.025,1.37172,1.37175,4.43,1.50
2014.05.14 03:59:42.373,1.37172,1.37174,3.68,1.00
2014.05.14 03:59:48.874,1.3717,1.37173,5.15,1.00
2014.05.14 03:59:51.283,1.3717,1.37174,6.16,3.19
2014.05.14 03:59:59.535,1.3717,1.37174,6.38,2.44
