2014.05.14 20:00:00.187,1.37124,1.37127,3.94,3.94
2014.05.14 20:00:00.238,1.37126,1.37127,1.88,2.44
2014.05.14 20:00:00.743,1.37125,1.37126,2.25,1.00
2014.05.14 20:00:01.071,1.37124,1.37126,2.25,2.82
2014.05.14 20:00:01.576,1.37123,1.37125,3.75,1.00
2014.05.14 20:00:02.082,1.37123,1.37126,3.75,2.07
2014.05.14 20:00:02.599,1.37123,1.37125,1.50,5.10
2014.05.14 20:00:03.108,1.37122,1.37125,2.07,5.48
2014.05.14 20:00:03.637,1.37122,1.37125,3.57,3.23
2014.05.14 20:00:04.511,1.37125,1.37127,1.00,2.25
2014.05.14 20:00:04.815,1.37126,1.3713,1.20,4.13
2014.05.14 20:00:04.916,1.37126,1.3713,1.95,3.75
2014.05.14 20:00:05.745,1.37128,1.3713,1.00,3.00
2014.05.14 20:00:06.456,1.37126,1.3713,2.25,3.75
2014.05.14 20:00:06.986,1.37128,1.3713,1.00,3.19
2014.05.14 20:00:07.512,1.37126,1.3713,2.25,3.19
2014.05.14 20:00:08.020,1.37128,1.3713,1.00,4.69
2014.05.14 20:00:08.645,1.37127,1.3713,1.88,4.88
2014.05.14 20:00:10.835,1.37127,1.37129,2.25,1.00
2014.05.14 20:00:11.486,1.37127,1.3713,1.88,5.07
2014.05.14 20:00:11.839,1.37128,1.3713,1.00,3.94
2014.05.14 20:00:12.145,1.37127,1.3713,1.88,4.88
2014.05.14 20:00:12.196,1.37129,1.3713,1.00,3.38
2014.05.14 20:00:12.449,1.37127,1.3713,1.88,4.88
2014.05.14 20:00:13.741,1.37127,1.37129,1.00,1.00
2014.05.14 20:00:14.256,1.37126,1.37129,3.57,1.50
2014.05.14 20:00:15.030,1.37126,1.37129,4.32,1.50
2014.05.14 20:00:16.185,1.37126,1.37129,3.57,1.50
2014.05.14 20:00:24.887,1.37126,1.37128,3.94,1.50
2014.05.14 20:00:25.391,1.37124,1.37127,2.82,3.00
2014.05.14 20:00:25.935,1.37123,1.37126,5.82,1.50
2014.05.14 20:00:28.830,1.37123,1.37126,3.57,1.69
2014.05.14 20:00:33.974,1.37123,1.37126,3.00,7.17
2014.05.14 20:00:41.705,1.37123,1.37125,3.00,2.07
2014.05.14 20:00:42.244,1.37122,1.37125,1.88,3.57
2014.05.14 20:00:42.995,1.37122,1.37125,2.07,2.82
2014.05.14 20:00:52.168,1.37123,1.37125,1.50,4.13
2014.05.14 20:00:52.676,1.37124,1.37125,1.00,2.25
2014.05.14 20:00:55.003,1.37124,1.37127,1.00,9.00
2014.05.14 20:00:57.422,1.37124,1.37125,1.69,1.50
2014.05.14 20:01:00.293,1.37123,1.37125,3.19,1.88
2014.05.14 20:01:00.501,1.37124,1.37127,1.32,2.25
2014.05.14 20:01:01.037,1.37124,1.37127,1.69,2.25
2014.05.14 20:01:01.584,1.37124,1.37127,2.07,2.25
2014.05.14 20:01:03.725,1.37124,1.37127,2.07,2.25
2014.05.14 20:01:04.265,1.37124,1.37126,2.07,1.00
2014.05.14 20:01:04.797,1.37124,1.37126,2.07,1.00
2014.05.14 20:01:11.385,1.37124,1.37127,1.32,2.25
2014.05.14 20:01:12.217,1.37125,1.37127,1.00,1.50
2014.05.14 20:01:12.368,1.37126,1.37128,1.50,4.35
2014.05.14 20:01:12.914,1.37126,1.37128,1.50,3.23
2014.05.14 20:01:19.398,1.37125,1.37128,1.13,5.86
2014.05.14 20:01:19.499,1.37124,1.37127,1.50,7.73
2014.05.14 20:01:20.024,1.37124,1.37126,1.50,2.73
2014.05.14 20:01:26.361,1.37124,1.37129,4.75,6.19
2014.05.14 20:01:26.465,1.37126,1.37127,1.88,7.50
2014.05.14 20:01:27.047,1.37126,1.37128,2.25,1.00
2014.05.14 20:01:27.582,1.37126,1.37128,5.25,1.00
2014.05.14 20:01:27.684,1.37127,1.3713,1.32,3.00
2014.05.14 20:01:30.516,1.37126,1.3713,3.19,4.88
2014.05.14 20:01:32.397,1.37127,1.3713,1.25,6.57
2014.05.14 20:01:34.493,1.37127,1.37129,1.25,1.50
2014.05.14 20:01:35.034,1.37127,1.3713,1.25,7.32
2014.05.14 20:01:35.845,1.37126,1.37129,4.32,1.50
2014.05.14 20:01:39.169,1.37126,1.37129,2.44,6.42
2014.05.14 20:01:39.716,1.37126,1.37128,2.44,1.50
2014.05.14 20:01:57.619,1.37126,1.37128,2.44,1.50
2014.05.14 20:01:59.510,1.37127,1.37129,1.32,3.98
2014.05.14 20:02:05.379,1.37128,1.37129,1.25,1.50
2014.05.14 20:02:07.783,1.37128,1.37129,1.32,1.50
2014.05.14 20:02:07.935,1.37129,1.37131,3.57,1.50
2014.05.14 20:02:08.754,1.37129,1.3713,2.44,1.00
2014.05.14 20:02:09.294,1.37128,1.3713,2.44,1.00
2014.05.14 20:02:11.887,1.37127,1.3713,2.44,1.88
2014.05.14 20:02:12.648,1.37127,1.37129,2.44,1.00
2014.05.14 20:02:13.194,1.37127,1.37129,3.94,1.00
2014.05.14 20:02:13.727,1.37127,1.3713,3.94,2.63
2014.05.14 20:02:23.135,1.37127,1.3713,1.69,2.63
2014.05.14 20:02:24.394,1.37127,1.37129,2.44,1.00
2014.05.14 20:02:25.008,1.37127,1.3713,2.44,2.63
2014.05.14 20:02:27.457,1.37128,1.3713,1.00,2.63
2014.05.14 20:02:27.559,1.37129,1.37131,1.00,1.50
2014.05.14 20:02:27.784,1.3713,1.37133,3.38,2.25
2014.05.14 20:02:27.835,1.3713,1.37132,2.63,1.00
2014.05.14 20:02:27.988,1.3713,1.37133,4.32,2.44
2014.05.14 20:02:31.024,1.3713,1.37133,5.82,1.50
2014.05.14 20:02:36.877,1.37133,1.37134,1.00,5.25
2014.05.14 20:02:37.130,1.37135,1.37138,2.63,3.38
2014.05.14 20:02:37.635,1.37135,1.37138,1.69,3.75
2014.05.14 20:02:38.146,1.37135,1.37138,4.32,2.44
2014.05.14 20:02:38.661,1.37136,1.37139,1.50,1.88
2014.05.14 20:02:39.871,1.37137,1.37139,1.00,1.88
2014.05.14 20:02:40.480,1.37137,1.37139,1.00,1.13
2014.05.14 20:02:41.090,1.37137,1.37139,1.00,2.07
2014.05.14 20:02:41.292,1.37135,1.37137,1.69,1.50
2014.05.14 20:02:48.504,1.37136,1.37138,1.00,1.00
2014.05.14 20:02:48.709,1.37137,1.37139,1.00,2.07
2014.05.14 20:03:06.785,1.37136,1.37139,3.19,1.69
2014.05.14 20:03:10.381,1.37136,1.37138,2.07,1.00
2014.05.14 20:03:17.888,1.37135,1.37138,3.94,1.32
2014.05.14 20:03:18.393,1.37135,1.37137,2.44,2.63
2014.05.14 20:03:20.023,1.37135,1.37137,2.44,2.63
2014.05.14 20:03:23.530,1.37135,1.37137,1.25,2.63
2014.05.14 20:03:25.191,1.37135,1.37137,1.69,2.25
2014.05.14 20:03:25.746,1.37135,1.37136,1.13,1.00
2014.05.14 20:03:26.287,1.37135,1.37137,1.50,2.44
2014.05.14 20:03:27.460,1.37135,1.37136,1.13,1.00
2014.05.14 20:03:29.244,1.37135,1.37137,1.69,1.50
2014.05.14 20:03:29.754,1.37135,1.37137,1.32,2.50
2014.05.14 20:03:30.290,1.37135,1.37137,1.69,2.25
2014.05.14 20:03:32.971,1.37135,1.37136,1.13,1.00
2014.05.14 20:03:34.485,1.37136,1.3714,5.13,16.50
2014.05.14 20:03:34.741,1.37138,1.3714,2.25,5.44
2014.05.14 20:03:35.277,1.37138,1.3714,1.50,5.44
2014.05.14 20:03:36.035,1.37137,1.3714,1.50,5.44
2014.05.14 20:03:36.467,1.37138,1.3714,1.00,4.69
2014.05.14 20:03:37.024,1.37138,1.3714,1.50,3.38
2014.05.14 20:03:37.377,1.37137,1.37139,1.88,1.13
2014.05.14 20:03:37.933,1.37136,1.37138,3.19,2.25
2014.05.14 20:03:42.105,1.37136,1.37138,1.25,2.63
2014.05.14 20:03:42.609,1.37136,1.37138,1.25,2.63
2014.05.14 20:03:43.195,1.37136,1.37138,1.25,2.63
2014.05.14 20:03:44.429,1.37135,1.37138,11.44,2.82
2014.05.14 20:03:45.652,1.37136,1.37138,1.00,2.82
2014.05.14 20:03:46.727,1.37137,1.37138,1.00,2.63
2014.05.14 20:03:47.975,1.37138,1.3714,1.88,8.25
2014.05.14 20:03:48.497,1.37139,1.3714,1.00,1.88
2014.05.14 20:03:58.418,1.37138,1.3714,1.50,4.32
2014.05.14 20:03:58.671,1.37137,1.37138,1.13,3.38
2014.05.14 20:03:58.773,1.37133,1.37136,2.25,12.04
2014.05.14 20:03:59.127,1.3713,1.37133,4.88,1.69
2014.05.14 20:03:59.632,1.37131,1.37133,1.00,2.07
2014.05.14 20:04:00.133,1.37131,1.37134,2.07,3.75
2014.05.14 20:04:00.664,1.37133,1.37135,1.13,1.25
2014.05.14 20:04:03.178,1.37133,1.37135,1.13,4.69
2014.05.14 20:04:03.740,1.37132,1.37135,3.98,4.69
2014.05.14 20:04:04.401,1.37132,1.37133,1.50,1.00
2014.05.14 20:04:04.915,1.3713,1.37133,3.94,1.50
2014.05.14 20:04:06.678,1.37131,1.37135,3.57,5.59
2014.05.14 20:04:06.830,1.37133,1.37135,1.00,3.72
2014.05.14 20:04:07.133,1.37134,1.37136,1.88,2.44
2014.05.14 20:04:09.012,1.37134,1.37136,2.63,1.25
2014.05.14 20:04:14.932,1.37134,1.37136,1.00,1.69
2014.05.14 20:04:15.455,1.37134,1.37136,1.38,1.69
2014.05.14 20:04:19.244,1.37134,1.37136,1.00,2.07
2014.05.14 20:04:19.548,1.37131,1.37134,3.00,4.88
2014.05.14 20:04:20.053,1.37131,1.37133,5.25,2.63
2014.05.14 20:04:20.167,1.3713,1.37133,1.00,2.63
2014.05.14 20:04:22.170,1.37131,1.37133,1.00,1.00
2014.05.14 20:04:22.271,1.37131,1.37135,2.25,3.19
2014.05.14 20:04:22.790,1.37131,1.37135,3.75,3.19
2014.05.14 20:04:25.189,1.37131,1.37135,3.00,3.19
2014.05.14 20:04:28.087,1.37131,1.37135,2.44,8.07
2014.05.14 20:04:28.388,1.37131,1.37134,2.44,1.13
2014.05.14 20:04:28.489,1.37131,1.37134,2.44,1.13
2014.05.14 20:04:28.968,1.37131,1.37135,3.19,6.57
2014.05.14 20:04:29.069,1.37131,1.37135,3.19,6.94
2014.05.14 20:04:29.170,1.37131,1.37135,3.19,6.57
2014.05.14 20:04:29.272,1.37131,1.37135,3.19,6.94
2014.05.14 20:04:29.474,1.37131,1.37135,3.19,5.82
2014.05.14 20:04:29.677,1.37131,1.37135,3.19,6.19
2014.05.14 20:04:29.778,1.37131,1.37135,3.19,5.82
2014.05.14 20:04:29.879,1.37131,1.37135,3.19,6.19
2014.05.14 20:04:29.980,1.37131,1.37135,3.19,5.82
2014.05.14 20:04:30.081,1.37131,1.37135,3.19,6.19
2014.05.14 20:04:30.182,1.37132,1.37136,1.63,2.63
2014.05.14 20:04:30.284,1.37132,1.37135,2.44,1.50
2014.05.14 20:04:30.486,1.37134,1.37137,1.38,6.94
2014.05.14 20:04:30.990,1.37133,1.37137,2.82,4.69
2014.05.14 20:04:33.227,1.37133,1.37136,2.25,1.19
2014.05.14 20:04:33.431,1.37132,1.37133,1.00,3.38
2014.05.14 20:04:33.684,1.37129,1.37133,3.00,4.13
2014.05.14 20:04:34.744,1.37129,1.37133,3.19,5.07
2014.05.14 20:04:36.608,1.37131,1.37133,2.25,3.57
2014.05.14 20:04:36.711,1.37131,1.37133,2.50,2.63
2014.05.14 20:04:36.813,1.37131,1.37133,2.50,2.63
2014.05.14 20:04:36.916,1.37131,1.37133,2.50,2.63
2014.05.14 20:04:37.018,1.37131,1.37133,2.25,2.82
2014.05.14 20:04:37.220,1.37131,1.37133,1.00,2.82
2014.05.14 20:04:37.322,1.37131,1.37133,1.00,2.82
2014.05.14 20:04:37.423,1.37131,1.37133,1.00,2.82
2014.05.14 20:04:37.524,1.37131,1.37133,1.00,2.07
2014.05.14 20:04:37.625,1.37131,1.37133,1.00,2.07
2014.05.14 20:04:37.827,1.37131,1.37133,1.00,2.07
2014.05.14 20:04:37.928,1.37131,1.37133,1.00,2.07
2014.05.14 20:04:38.029,1.37131,1.37133,1.00,2.07
2014.05.14 20:04:38.130,1.37131,1.37133,1.00,2.07
2014.05.14 20:04:38.231,1.37131,1.37133,1.00,2.07
2014.05.14 20:04:38.559,1.37131,1.37133,1.00,2.07
2014.05.14 20:04:38.660,1.37131,1.37133,1.00,2.07
2014.05.14 20:04:39.164,1.37131,1.37133,1.00,2.07
2014.05.14 20:04:39.265,1.37131,1.37133,1.00,2.07
2014.05.14 20:04:39.366,1.37131,1.37133,1.00,2.07
2014.05.14 20:04:39.467,1.37131,1.37133,1.00,2.07
2014.05.14 20:04:39.568,1.37131,1.37133,1.00,2.07
2014.05.14 20:04:39.669,1.37131,1.37133,1.00,2.07
2014.05.14 20:04:39.771,1.37131,1.37133,1.00,2.07
2014.05.14 20:04:39.872,1.37131,1.37133,1.00,2.07
2014.05.14 20:04:39.973,1.37131,1.37133,1.00,2.07
2014.05.14 20:04:40.074,1.37131,1.37133,1.00,2.07
2014.05.14 20:04:40.175,1.37131,1.37133,1.00,2.07
2014.05.14 20:04:40.911,1.37131,1.37133,1.00,2.07
2014.05.14 20:04:41.012,1.37131,1.37133,1.00,2.07
2014.05.14 20:04:41.113,1.37131,1.37133,1.00,2.07
2014.05.14 20:04:41.214,1.37131,1.37133,1.00,2.07
2014.05.14 20:04:41.320,1.37131,1.37133,1.00,2.07
2014.05.14 20:04:41.376,1.37131,1.37133,1.00,2.07
2014.05.14 20:04:41.477,1.37131,1.37133,1.00,2.07
2014.05.14 20:04:41.578,1.37131,1.37133,1.00,2.07
2014.05.14 20:04:41.931,1.37131,1.37133,1.00,2.07
2014.05.14 20:04:41.982,1.37131,1.37133,1.00,2.07
2014.05.14 20:04:42.083,1.37131,1.37133,1.00,2.07
2014.05.14 20:04:42.234,1.37131,1.37133,1.00,2.07
2014.05.14 20:04:42.335,1.37131,1.37133,1.00,2.07
2014.05.14 20:04:42.386,1.37131,1.37133,1.00,2.07
2014.05.14 20:04:42.538,1.37132,1.37134,2.48,3.38
2014.05.14 20:04:42.791,1.37135,1.37136,1.69,3.38
2014.05.14 20:04:42.913,1.37135,1.37138,1.69,1.88
2014.05.14 20:04:44.493,1.37135,1.37138,3.19,1.88
2014.05.14 20:04:44.997,1.37137,1.3714,1.50,2.82
2014.05.14 20:04:45.099,1.37137,1.3714,1.50,3.19
2014.05.14 20:04:45.200,1.37137,1.3714,1.50,4.32
2014.05.14 20:04:45.301,1.37137,1.3714,1.50,4.69
2014.05.14 20:04:45.402,1.37137,1.3714,1.50,4.32
2014.05.14 20:04:45.504,1.37137,1.3714,1.50,4.69
2014.05.14 20:04:45.605,1.37137,1.3714,1.50,4.32
2014.05.14 20:04:45.706,1.37137,1.3714,1.50,4.69
2014.05.14 20:04:45.807,1.37137,1.3714,1.50,4.32
2014.05.14 20:04:45.908,1.37137,1.3714,1.50,4.69
2014.05.14 20:04:46.009,1.37137,1.3714,1.50,4.32
2014.05.14 20:04:46.110,1.37137,1.3714,1.50,4.69
2014.05.14 20:04:46.312,1.37137,1.37141,2.07,11.07
2014.05.14 20:04:46.514,1.37137,1.3714,1.69,3.94
2014.05.14 20:04:46.818,1.37137,1.3714,1.69,4.92
2014.05.14 20:04:47.023,1.37134,1.37135,1.00,15.75
2014.05.14 20:04:47.125,1.37132,1.37134,1.00,5.82
2014.05.14 20:04:47.480,1.37131,1.37134,2.25,6.57
2014.05.14 20:04:47.581,1.37131,1.37134,2.25,5.82
2014.05.14 20:04:47.682,1.37131,1.37134,2.25,5.82
2014.05.14 20:04:47.783,1.37131,1.37134,2.25,5.82
2014.05.14 20:04:47.898,1.37131,1.37134,4.17,3.38
2014.05.14 20:04:47.999,1.37133,1.37136,3.00,1.69
2014.05.14 20:04:49.329,1.37133,1.37135,2.25,1.32
2014.05.14 20:04:49.858,1.37133,1.37136,2.63,1.00
2014.05.14 20:04:50.391,1.37133,1.37137,2.63,2.82
2014.05.14 20:04:50.947,1.37133,1.37137,3.19,2.82
2014.05.14 20:04:57.257,1.37135,1.37138,1.88,4.88
2014.05.14 20:04:57.308,1.37136,1.37138,1.00,4.13
2014.05.14 20:04:57.612,1.37138,1.37141,1.50,1.88
2014.05.14 20:04:57.915,1.37138,1.37141,3.38,1.50
2014.05.14 20:04:58.435,1.37139,1.37142,1.50,1.38
2014.05.14 20:05:00.328,1.37137,1.37141,4.88,2.07
2014.05.14 20:05:01.975,1.37138,1.37141,1.00,2.25
2014.05.14 20:05:03.483,1.37135,1.37139,5.25,2.10
2014.05.14 20:05:03.535,1.37134,1.37137,2.25,6.11
2014.05.14 20:05:03.640,1.37133,1.37136,4.50,6.26
2014.05.14 20:05:04.148,1.37132,1.37134,1.00,4.32
2014.05.14 20:05:07.881,1.37132,1.37134,1.00,5.82
2014.05.14 20:05:08.083,1.3713,1.37134,7.69,5.82
2014.05.14 20:05:08.184,1.37129,1.37134,5.85,6.19
2014.05.14 20:05:08.244,1.3713,1.37134,7.69,5.82
2014.05.14 20:05:08.345,1.37129,1.37134,5.85,6.19
2014.05.14 20:05:08.446,1.3713,1.37134,8.44,5.82
2014.05.14 20:05:08.547,1.37129,1.37134,6.75,6.19
2014.05.14 20:05:08.968,1.3713,1.37134,10.54,6.57
2014.05.14 20:05:09.069,1.37129,1.37134,9.38,6.19
2014.05.14 20:05:09.271,1.3713,1.37134,10.54,5.82
2014.05.14 20:05:09.372,1.37129,1.37134,9.38,6.19
2014.05.14 20:05:09.573,1.3713,1.37134,10.54,5.82
2014.05.14 20:05:09.675,1.37129,1.37134,9.38,6.19
2014.05.14 20:05:09.775,1.3713,1.37134,9.79,5.82
2014.05.14 20:05:09.877,1.37129,1.37134,9.38,6.19
2014.05.14 20:05:09.978,1.3713,1.37134,9.79,5.82
2014.05.14 20:05:10.079,1.37129,1.37134,9.38,6.19
2014.05.14 20:05:10.180,1.3713,1.37134,9.04,5.82
2014.05.14 20:05:10.281,1.37129,1.37134,9.38,6.19
2014.05.14 20:05:10.382,1.3713,1.37134,9.04,5.82
2014.05.14 20:05:10.684,1.37129,1.37134,9.38,6.19
2014.05.14 20:05:10.785,1.3713,1.37134,9.04,5.82
2014.05.14 20:05:10.886,1.37129,1.37134,9.38,6.19
2014.05.14 20:05:10.988,1.3713,1.37134,9.04,5.82
2014.05.14 20:05:11.088,1.37129,1.37134,9.38,6.19
2014.05.14 20:05:11.189,1.3713,1.37134,9.04,5.82
2014.05.14 20:05:11.291,1.37129,1.37134,9.38,6.19
2014.05.14 20:05:11.392,1.3713,1.37134,9.04,5.82
2014.05.14 20:05:11.493,1.37129,1.37134,8.48,6.19
2014.05.14 20:05:11.594,1.3713,1.37134,9.19,5.07
2014.05.14 20:05:11.696,1.37129,1.37134,7.73,5.44
2014.05.14 20:05:11.797,1.3713,1.37134,9.19,5.07
2014.05.14 20:05:11.898,1.37129,1.37134,7.73,5.44
2014.05.14 20:05:11.999,1.3713,1.37134,9.19,5.07
2014.05.14 20:05:12.100,1.37129,1.37134,7.73,5.44
2014.05.14 20:05:12.201,1.3713,1.37134,9.19,5.07
2014.05.14 20:05:12.302,1.37129,1.37134,7.73,5.44
2014.05.14 20:05:12.403,1.3713,1.37134,9.19,5.07
2014.05.14 20:05:12.504,1.37129,1.37134,7.73,5.44
2014.05.14 20:05:12.605,1.3713,1.37134,9.19,5.07
2014.05.14 20:05:12.706,1.37129,1.37134,7.73,5.44
2014.05.14 20:05:12.807,1.3713,1.37134,9.19,5.07
2014.05.14 20:05:12.908,1.37129,1.37134,7.73,5.44
2014.05.14 20:05:13.111,1.3713,1.37134,9.19,5.07
2014.05.14 20:05:13.313,1.37129,1.37134,7.73,5.44
2014.05.14 20:05:13.414,1.3713,1.37134,9.19,5.07
2014.05.14 20:05:13.515,1.37129,1.37134,7.73,5.44
2014.05.14 20:05:13.616,1.3713,1.37134,9.19,5.07
2014.05.14 20:05:13.717,1.37129,1.37134,7.73,5.44
2014.05.14 20:05:13.818,1.3713,1.37134,9.19,5.07
2014.05.14 20:05:13.919,1.37129,1.37134,7.73,5.44
2014.05.14 20:05:14.020,1.3713,1.37134,9.19,5.07
2014.05.14 20:05:14.121,1.37129,1.37134,6.98,5.44
2014.05.14 20:05:14.222,1.3713,1.37134,9.19,5.07
2014.05.14 20:05:14.323,1.37129,1.37134,6.98,5.44
2014.05.14 20:05:14.424,1.3713,1.37134,9.19,5.07
2014.05.14 20:05:14.525,1.37129,1.37134,7.73,6.19
2014.05.14 20:05:14.626,1.3713,1.37134,8.44,5.82
2014.05.14 20:05:14.727,1.37129,1.37134,7.73,6.19
2014.05.14 20:05:15.029,1.3713,1.37134,8.44,5.82
2014.05.14 20:05:15.139,1.37129,1.37134,7.73,6.19
2014.05.14 20:05:15.240,1.3713,1.37134,8.44,5.82
2014.05.14 20:05:15.341,1.37129,1.37134,7.73,6.19
2014.05.14 20:05:15.442,1.3713,1.37134,8.44,5.82
2014.05.14 20:05:15.543,1.37129,1.37134,7.73,6.19
2014.05.14 20:05:15.644,1.3713,1.37134,8.44,5.82
2014.05.14 20:05:15.745,1.37129,1.37134,7.73,6.19
2014.05.14 20:05:15.847,1.3713,1.37134,8.44,5.82
2014.05.14 20:05:15.948,1.37129,1.37134,7.73,6.19
2014.05.14 20:05:16.049,1.3713,1.37134,8.44,5.82
2014.05.14 20:05:16.150,1.37129,1.37134,7.73,6.19
2014.05.14 20:05:16.420,1.3713,1.37134,8.44,5.82
2014.05.14 20:05:16.572,1.37129,1.37134,7.73,6.19
2014.05.14 20:05:16.673,1.3713,1.37134,8.44,5.82
2014.05.14 20:05:16.774,1.37129,1.37134,7.73,6.19
2014.05.14 20:05:16.875,1.3713,1.37134,8.44,5.82
2014.05.14 20:05:16.939,1.37129,1.37134,7.73,6.19
2014.05.14 20:05:17.040,1.3713,1.37134,8.44,5.82
2014.05.14 20:05:17.141,1.37129,1.37134,7.73,6.19
2014.05.14 20:05:17.242,1.3713,1.37134,8.44,5.82
2014.05.14 20:05:17.343,1.37129,1.37134,7.73,6.19
2014.05.14 20:05:17.444,1.3713,1.37134,8.44,5.82
2014.05.14 20:05:17.545,1.37129,1.37134,7.73,6.19
2014.05.14 20:05:17.948,1.3713,1.37134,8.44,5.82
2014.05.14 20:05:18.049,1.37129,1.37134,7.73,6.19
2014.05.14 20:05:18.150,1.3713,1.37134,8.44,5.82
2014.05.14 20:05:18.251,1.37129,1.37134,7.73,6.19
2014.05.14 20:05:18.453,1.3713,1.37134,8.44,5.82
2014.05.14 20:05:18.554,1.37129,1.37134,7.73,6.19
2014.05.14 20:05:18.705,1.3713,1.37134,8.44,5.82
2014.05.14 20:05:18.756,1.37129,1.37134,7.73,6.19
2014.05.14 20:05:18.857,1.3713,1.37134,8.44,5.82
2014.05.14 20:05:18.958,1.37129,1.37134,7.73,6.19
2014.05.14 20:05:19.059,1.3713,1.37134,8.44,5.82
2014.05.14 20:05:19.160,1.37129,1.37134,7.73,6.19
2014.05.14 20:05:19.261,1.3713,1.37134,8.44,5.82
2014.05.14 20:05:19.463,1.37129,1.37134,7.73,6.19
2014.05.14 20:05:19.564,1.3713,1.37134,8.44,5.82
2014.05.14 20:05:19.765,1.37129,1.37134,8.48,6.57
2014.05.14 20:05:19.983,1.3713,1.37134,7.69,6.19
2014.05.14 20:05:20.085,1.37129,1.37134,8.48,6.57
2014.05.14 20:05:20.186,1.3713,1.37134,7.69,6.19
2014.05.14 20:05:20.287,1.37129,1.37134,8.48,6.57
2014.05.14 20:05:20.488,1.3713,1.37134,7.69,6.19
2014.05.14 20:05:20.589,1.37129,1.37134,8.48,6.57
2014.05.14 20:05:20.690,1.3713,1.37134,7.69,6.19
2014.05.14 20:05:20.791,1.37129,1.37134,8.48,6.57
2014.05.14 20:05:20.892,1.3713,1.37134,7.69,6.19
2014.05.14 20:05:20.993,1.37129,1.37134,8.48,6.57
2014.05.14 20:05:21.095,1.3713,1.37134,7.69,6.19
2014.05.14 20:05:21.196,1.37129,1.37134,8.48,6.57
2014.05.14 20:05:21.297,1.3713,1.37134,7.69,6.19
2014.05.14 20:05:21.403,1.37129,1.37134,8.48,6.57
2014.05.14 20:05:21.505,1.3713,1.37134,7.69,6.19
2014.05.14 20:05:21.706,1.37129,1.37134,8.48,6.57
2014.05.14 20:05:21.808,1.3713,1.37134,7.69,6.19
2014.05.14 20:05:21.909,1.37129,1.37134,8.48,6.57
2014.05.14 20:05:22.010,1.3713,1.37134,7.69,6.19
2014.05.14 20:05:22.111,1.37129,1.37134,8.48,6.57
2014.05.14 20:05:22.312,1.3713,1.37134,5.82,6.19
2014.05.14 20:05:22.413,1.37129,1.37134,9.23,6.57
2014.05.14 20:05:22.514,1.3713,1.37134,5.82,6.19
2014.05.14 20:05:22.615,1.37129,1.37134,9.23,6.57
2014.05.14 20:05:22.716,1.3713,1.37134,5.82,6.19
2014.05.14 20:05:22.817,1.37129,1.37134,9.23,6.57
2014.05.14 20:05:22.918,1.3713,1.37134,5.82,6.19
2014.05.14 20:05:23.322,1.37129,1.37134,9.23,6.57
2014.05.14 20:05:23.423,1.3713,1.37134,5.82,6.19
2014.05.14 20:05:23.524,1.37129,1.37134,9.23,6.57
2014.05.14 20:05:23.625,1.3713,1.37134,5.82,6.19
2014.05.14 20:05:23.726,1.37129,1.37134,9.23,6.57
2014.05.14 20:05:23.827,1.3713,1.37134,5.82,6.19
2014.05.14 20:05:23.928,1.37129,1.37134,9.23,6.57
2014.05.14 20:05:24.029,1.37131,1.37134,1.50,4.69
2014.05.14 20:05:27.089,1.37131,1.37134,1.50,4.69
2014.05.14 20:05:27.323,1.37131,1.37134,1.50,4.69
2014.05.14 20:05:27.373,1.37131,1.37134,1.50,4.69
2014.05.14 20:05:28.029,1.37131,1.37134,1.50,4.69
2014.05.14 20:05:28.130,1.37131,1.37134,1.50,4.69
2014.05.14 20:05:28.221,1.37131,1.37134,1.50,4.69
2014.05.14 20:05:28.340,1.37131,1.37134,1.50,4.69
2014.05.14 20:05:28.464,1.37131,1.37134,1.50,4.69
2014.05.14 20:05:28.566,1.37131,1.37134,1.50,4.69
2014.05.14 20:05:28.667,1.37131,1.37134,1.50,4.69
2014.05.14 20:05:28.769,1.37131,1.37134,1.50,4.69
2014.05.14 20:05:28.870,1.37131,1.37134,1.50,4.69
2014.05.14 20:05:28.972,1.37131,1.37134,1.50,4.69
2014.05.14 20:05:29.073,1.37131,1.37134,1.50,4.69
2014.05.14 20:05:29.357,1.37131,1.37134,1.50,4.69
2014.05.14 20:05:29.478,1.37131,1.37134,1.50,4.69
2014.05.14 20:05:29.579,1.37131,1.37134,1.50,4.69
2014.05.14 20:05:29.681,1.37131,1.37134,1.50,4.69
2014.05.14 20:05:29.732,1.37131,1.37134,1.50,4.69
2014.05.14 20:05:29.833,1.37131,1.37134,1.50,4.69
2014.05.14 20:05:29.934,1.37131,1.37134,1.50,4.69
2014.05.14 20:05:30.035,1.37131,1.37134,1.50,4.69
2014.05.14 20:05:30.136,1.37131,1.37134,1.50,4.69
2014.05.14 20:05:30.288,1.37131,1.37134,1.50,4.69
2014.05.14 20:05:30.338,1.37131,1.37134,1.50,4.69
2014.05.14 20:05:30.440,1.37131,1.37134,1.50,4.69
2014.05.14 20:05:30.541,1.37131,1.37134,1.50,4.69
2014.05.14 20:05:30.642,1.37131,1.37134,1.50,4.69
2014.05.14 20:05:30.743,1.37131,1.37134,1.50,4.69
2014.05.14 20:05:30.898,1.37131,1.37134,1.50,4.69
2014.05.14 20:05:30.949,1.37131,1.37134,1.50,4.69
2014.05.14 20:05:31.050,1.37131,1.37134,1.50,4.69
2014.05.14 20:05:31.151,1.37131,1.37134,1.50,4.69
2014.05.14 20:05:31.247,1.37131,1.37134,1.50,4.69
2014.05.14 20:05:31.347,1.37131,1.37134,1.50,4.69
2014.05.14 20:05:31.448,1.37131,1.37134,1.50,4.69
2014.05.14 20:05:31.549,1.37131,1.37134,1.50,4.69
2014.05.14 20:05:31.650,1.37131,1.37134,1.50,4.69
2014.05.14 20:05:31.751,1.37131,1.37134,1.50,4.69
2014.05.14 20:05:31.852,1.37131,1.37134,1.50,4.69
2014.05.14 20:05:31.953,1.37131,1.37134,1.50,4.69
2014.05.14 20:05:32.055,1.37131,1.37134,1.50,4.69
2014.05.14 20:05:32.158,1.37131,1.37134,1.50,4.69
2014.05.14 20:05:32.259,1.37131,1.37134,1.50,4.69
2014.05.14 20:05:32.360,1.37131,1.37134,1.50,4.69
2014.05.14 20:05:32.461,1.37131,1.37134,1.50,4.69
2014.05.14 20:05:32.562,1.37131,1.37134,1.50,4.69
2014.05.14 20:05:32.663,1.37131,1.37134,1.50,4.69
2014.05.14 20:05:32.764,1.37131,1.37134,1.50,4.69
2014.05.14 20:05:32.865,1.37131,1.37134,1.50,4.69
2014.05.14 20:05:32.967,1.37131,1.37134,1.50,4.69
2014.05.14 20:05:33.067,1.37131,1.37134,1.50,4.69
2014.05.14 20:05:33.168,1.37131,1.37134,1.50,4.69
2014.05.14 20:05:33.269,1.37131,1.37134,1.50,4.69
2014.05.14 20:05:33.370,1.37131,1.37134,1.50,4.69
2014.05.14 20:05:33.471,1.37131,1.37134,1.50,4.69
2014.05.14 20:05:33.572,1.37131,1.37134,1.50,4.69
2014.05.14 20:05:33.674,1.37131,1.37134,1.50,4.69
2014.05.14 20:05:33.786,1.37131,1.37134,1.50,4.69
2014.05.14 20:05:33.879,1.37131,1.37134,1.50,4.69
2014.05.14 20:05:33.980,1.37131,1.37134,1.50,4.69
2014.05.14 20:05:34.081,1.37131,1.37134,1.50,4.69
2014.05.14 20:05:34.187,1.37131,1.37134,1.50,4.69
2014.05.14 20:05:34.288,1.37131,1.37134,1.50,4.69
2014.05.14 20:05:34.389,1.37131,1.37134,1.50,4.69
2014.05.14 20:05:34.490,1.37131,1.37134,1.50,4.69
2014.05.14 20:05:34.591,1.37131,1.37134,1.50,4.69
2014.05.14 20:05:34.692,1.37131,1.37134,1.50,4.69
2014.05.14 20:05:34.793,1.37131,1.37134,1.50,4.69
2014.05.14 20:05:34.944,1.37131,1.37134,1.50,4.69
2014.05.14 20:05:34.995,1.37131,1.37134,1.50,4.69
2014.05.14 20:05:35.096,1.37131,1.37134,1.50,4.69
2014.05.14 20:05:35.198,1.37131,1.37134,1.50,4.69
2014.05.14 20:05:35.299,1.37131,1.37134,1.50,4.69
2014.05.14 20:05:35.400,1.37131,1.37134,1.50,4.69
2014.05.14 20:05:35.501,1.37131,1.37134,1.50,4.69
2014.05.14 20:05:35.602,1.37131,1.37134,1.50,4.69
2014.05.14 20:05:35.708,1.37131,1.37134,1.50,4.69
2014.05.14 20:05:35.809,1.37131,1.37134,1.50,4.69
2014.05.14 20:05:35.910,1.37131,1.37134,1.50,4.69
2014.05.14 20:05:36.011,1.37131,1.37134,1.50,4.69
2014.05.14 20:05:36.112,1.37131,1.37134,1.50,4.69
2014.05.14 20:05:36.213,1.37131,1.37134,1.50,4.69
2014.05.14 20:05:36.314,1.37131,1.37134,1.50,4.69
2014.05.14 20:05:36.415,1.37131,1.37134,1.50,4.69
2014.05.14 20:05:36.516,1.37131,1.37134,1.50,4.69
2014.05.14 20:05:36.617,1.37131,1.37134,1.50,4.69
2014.05.14 20:05:36.718,1.37131,1.37134,1.50,4.69
2014.05.14 20:05:36.819,1.37131,1.37134,1.50,4.69
2014.05.14 20:05:36.921,1.37131,1.37134,1.50,4.69
2014.05.14 20:05:37.022,1.37131,1.37134,1.50,4.69
2014.05.14 20:05:37.123,1.37131,1.37134,1.50,5.44
2014.05.14 20:05:37.224,1.37131,1.37134,1.50,5.44
2014.05.14 20:05:37.325,1.37131,1.37134,1.50,5.44
2014.05.14 20:05:37.426,1.37131,1.37134,1.50,5.44
2014.05.14 20:05:37.957,1.37131,1.37134,1.50,6.94
2014.05.14 20:05:38.058,1.37131,1.37133,1.50,2.07
2014.05.14 20:05:43.417,1.37131,1.37134,1.50,6.94
2014.05.14 20:05:43.922,1.37131,1.37134,1.50,6.19
2014.05.14 20:05:44.023,1.37131,1.37134,1.50,6.19
2014.05.14 20:05:44.124,1.3713,1.37134,7.69,7.69
2014.05.14 20:05:44.225,1.3713,1.37134,8.07,7.69
2014.05.14 20:05:44.326,1.37129,1.37134,5.25,8.07
2014.05.14 20:05:44.427,1.3713,1.37134,8.07,7.69
2014.05.14 20:05:44.528,1.37129,1.37134,5.25,8.07
2014.05.14 20:05:44.629,1.3713,1.37134,8.07,7.69
2014.05.14 20:05:44.730,1.37129,1.37134,5.25,8.07
2014.05.14 20:05:44.832,1.3713,1.37134,8.82,6.94
2014.05.14 20:05:44.933,1.3713,1.37134,8.44,6.94
2014.05.14 20:05:45.034,1.3713,1.37134,8.82,6.94
2014.05.14 20:05:45.236,1.3713,1.37134,8.44,6.94
2014.05.14 20:05:45.438,1.3713,1.37134,8.82,6.94
2014.05.14 20:05:45.539,1.3713,1.37134,8.44,6.94
2014.05.14 20:05:45.640,1.3713,1.37134,8.82,6.94
2014.05.14 20:05:45.741,1.3713,1.37134,8.44,6.94
2014.05.14 20:05:45.842,1.3713,1.37134,8.07,7.69
2014.05.14 20:05:46.255,1.37129,1.37134,4.50,8.07
2014.05.14 20:05:46.524,1.3713,1.37134,8.07,7.69
2014.05.14 20:05:46.754,1.37129,1.37134,4.50,8.07
2014.05.14 20:05:46.855,1.3713,1.37134,8.07,7.69
2014.05.14 20:05:46.956,1.37129,1.37134,4.50,8.07
2014.05.14 20:05:47.057,1.3713,1.37134,8.07,7.69
2014.05.14 20:05:47.159,1.37129,1.37134,4.50,8.07
2014.05.14 20:05:47.264,1.3713,1.37134,8.07,7.69
2014.05.14 20:05:47.365,1.37129,1.37134,4.50,8.07
2014.05.14 20:05:47.466,1.3713,1.37134,8.07,7.69
2014.05.14 20:05:47.567,1.37129,1.37134,4.50,8.07
2014.05.14 20:05:47.668,1.3713,1.37134,8.07,7.69
2014.05.14 20:05:47.769,1.37129,1.37134,4.50,8.07
2014.05.14 20:05:47.870,1.3713,1.37134,8.07,7.69
2014.05.14 20:05:48.368,1.37129,1.37134,4.50,8.07
2014.05.14 20:05:48.469,1.3713,1.37134,8.07,7.69
2014.05.14 20:05:48.570,1.37129,1.37134,4.50,8.07
2014.05.14 20:05:48.671,1.3713,1.37134,8.07,7.69
2014.05.14 20:05:48.772,1.37129,1.37134,4.50,8.07
2014.05.14 20:05:48.873,1.3713,1.37134,8.07,7.69
2014.05.14 20:05:48.974,1.37129,1.37134,4.50,8.07
2014.05.14 20:05:49.076,1.3713,1.37134,8.07,7.69
2014.05.14 20:05:49.177,1.37129,1.37134,4.50,8.07
2014.05.14 20:05:49.285,1.3713,1.37134,8.07,7.69
2014.05.14 20:05:49.386,1.37129,1.37134,4.50,8.07
2014.05.14 20:05:49.487,1.3713,1.37134,8.07,7.69
2014.05.14 20:05:49.588,1.37129,1.37134,4.50,8.07
2014.05.14 20:05:49.890,1.3713,1.37134,8.07,7.69
2014.05.14 20:05:49.991,1.37129,1.37134,4.50,8.07
2014.05.14 20:05:50.092,1.3713,1.37134,8.07,7.69
2014.05.14 20:05:50.193,1.37129,1.37134,4.50,8.07
2014.05.14 20:05:50.294,1.3713,1.37134,8.07,7.69
2014.05.14 20:05:50.395,1.37129,1.37134,4.50,8.07
2014.05.14 20:05:50.496,1.3713,1.37134,8.07,7.69
2014.05.14 20:05:50.598,1.37129,1.37134,4.50,8.07
2014.05.14 20:05:50.699,1.3713,1.37134,8.07,7.69
2014.05.14 20:05:50.800,1.37129,1.37134,4.50,8.07
2014.05.14 20:05:50.901,1.3713,1.37134,8.07,7.69
2014.05.14 20:05:51.002,1.37129,1.37134,4.50,8.07
2014.05.14 20:05:51.103,1.3713,1.37134,8.07,7.69
2014.05.14 20:05:51.305,1.37129,1.37134,4.50,8.07
2014.05.14 20:05:51.513,1.3713,1.37134,8.07,7.69
2014.05.14 20:05:51.615,1.37129,1.37134,4.50,8.07
2014.05.14 20:05:51.716,1.3713,1.37134,8.07,7.69
2014.05.14 20:05:51.817,1.37129,1.37134,4.50,8.07
2014.05.14 20:05:51.918,1.3713,1.37134,8.07,7.69
2014.05.14 20:05:52.019,1.37129,1.37134,4.50,8.07
2014.05.14 20:05:52.120,1.3713,1.37134,8.07,7.69
2014.05.14 20:05:52.221,1.37129,1.37134,4.50,8.07
2014.05.14 20:05:52.322,1.3713,1.37134,8.07,7.69
2014.05.14 20:05:52.424,1.37129,1.37134,4.50,8.07
2014.05.14 20:05:52.525,1.3713,1.37134,8.07,7.69
2014.05.14 20:05:52.828,1.37129,1.37134,4.50,8.07
2014.05.14 20:05:52.929,1.3713,1.37134,8.07,7.69
2014.05.14 20:05:53.030,1.37129,1.37134,4.50,8.07
2014.05.14 20:05:53.131,1.3713,1.37134,8.07,7.69
2014.05.14 20:05:53.232,1.37129,1.37134,4.50,8.07
2014.05.14 20:05:53.333,1.3713,1.37134,8.07,7.69
2014.05.14 20:05:53.434,1.37129,1.37134,4.50,8.07
2014.05.14 20:05:53.535,1.3713,1.37134,8.07,7.69
2014.05.14 20:05:53.636,1.37129,1.37134,4.50,8.07
2014.05.14 20:05:53.738,1.3713,1.37134,8.07,7.69
2014.05.14 20:05:53.839,1.37129,1.37134,4.50,8.07
2014.05.14 20:05:54.040,1.3713,1.37134,8.07,7.69
2014.05.14 20:05:54.142,1.37129,1.37134,4.50,8.07
2014.05.14 20:05:54.353,1.3713,1.37134,8.07,7.69
2014.05.14 20:05:54.454,1.37129,1.37134,4.50,8.07
2014.05.14 20:05:54.853,1.3713,1.37134,8.07,7.69
2014.05.14 20:05:55.058,1.37129,1.37134,4.50,8.07
2014.05.14 20:05:55.159,1.3713,1.37134,8.07,7.69
2014.05.14 20:05:55.665,1.37129,1.37134,4.50,8.07
2014.05.14 20:05:55.766,1.3713,1.37134,8.07,7.69
2014.05.14 20:05:55.872,1.37129,1.37134,4.50,8.07
2014.05.14 20:05:55.974,1.3713,1.37134,8.07,7.69
2014.05.14 20:05:56.077,1.37129,1.37134,4.50,8.07
2014.05.14 20:05:56.179,1.3713,1.37134,8.07,7.69
2014.05.14 20:05:56.317,1.37129,1.37134,4.50,8.07
2014.05.14 20:05:56.368,1.3713,1.37134,8.07,7.69
2014.05.14 20:05:56.484,1.37129,1.37134,4.50,8.07
2014.05.14 20:05:56.588,1.3713,1.37134,8.07,7.69
2014.05.14 20:05:56.689,1.37129,1.37134,4.50,8.07
2014.05.14 20:05:56.790,1.3713,1.37134,8.07,7.69
2014.05.14 20:05:56.891,1.37129,1.37134,4.50,8.07
2014.05.14 20:05:56.996,1.3713,1.37134,8.07,7.69
2014.05.14 20:05:57.097,1.37129,1.37134,4.50,8.07
2014.05.14 20:05:57.198,1.3713,1.37134,8.07,7.69
2014.05.14 20:05:57.301,1.37129,1.37134,4.50,8.07
2014.05.14 20:05:57.353,1.3713,1.37134,8.07,7.69
2014.05.14 20:05:57.457,1.37129,1.37134,4.50,8.07
2014.05.14 20:05:57.979,1.3713,1.37134,8.07,7.69
2014.05.14 20:05:58.080,1.37129,1.37134,4.50,8.07
2014.05.14 20:05:58.181,1.3713,1.37134,8.07,7.69
2014.05.14 20:05:58.282,1.37129,1.37134,4.50,8.07
2014.05.14 20:05:58.383,1.3713,1.37134,8.07,7.69
2014.05.14 20:05:58.485,1.37132,1.37134,1.00,7.32
2014.05.14 20:05:58.888,1.37132,1.37136,4.32,3.00
2014.05.14 20:05:59.716,1.37133,1.37136,1.00,1.69
2014.05.14 20:06:03.813,1.37134,1.37136,1.00,1.50
2014.05.14 20:06:06.844,1.37134,1.37136,5.07,1.00
2014.05.14 20:06:06.945,1.37135,1.37138,2.07,2.63
2014.05.14 20:06:07.777,1.37136,1.3714,3.94,9.19
2014.05.14 20:06:09.112,1.37136,1.3714,3.94,3.94
2014.05.14 20:06:09.616,1.37136,1.37139,7.69,1.35
2014.05.14 20:06:10.528,1.37136,1.37139,1.69,4.17
2014.05.14 20:06:10.933,1.37136,1.3714,4.69,5.44
2014.05.14 20:06:12.525,1.37137,1.3714,1.00,4.69
2014.05.14 20:06:13.965,1.37136,1.3714,3.00,2.82
2014.05.14 20:06:14.269,1.37132,1.37135,1.88,1.17
2014.05.14 20:06:14.370,1.37132,1.37135,1.50,1.54
2014.05.14 20:06:14.886,1.37132,1.37135,2.82,1.30
2014.05.14 20:06:19.756,1.37132,1.37135,3.19,1.05
2014.05.14 20:06:21.081,1.37132,1.37134,2.25,1.13
2014.05.14 20:06:28.477,1.37132,1.37136,3.57,7.32
2014.05.14 20:06:30.419,1.37132,1.37135,1.50,1.69
2014.05.14 20:06:34.549,1.37132,1.37136,4.32,4.69
2014.05.14 20:06:44.439,1.37132,1.37135,2.07,2.07
2014.05.14 20:06:46.898,1.37132,1.37134,1.50,1.25
2014.05.14 20:06:47.447,1.37131,1.37134,5.07,1.25
2014.05.14 20:06:48.971,1.37131,1.37134,5.07,1.00
2014.05.14 20:06:49.475,1.37131,1.37135,6.57,3.94
2014.05.14 20:07:03.030,1.37132,1.37135,1.69,1.69
2014.05.14 20:07:03.550,1.37132,1.37134,1.50,1.88
2014.05.14 20:07:06.329,1.3713,1.37134,5.07,4.32
2014.05.14 20:07:07.057,1.3713,1.37134,5.07,3.57
2014.05.14 20:07:07.562,1.37132,1.37134,1.25,1.50
2014.05.14 20:07:10.562,1.37132,1.37135,3.19,1.32
2014.05.14 20:07:21.757,1.37131,1.37133,5.63,2.85
2014.05.14 20:07:21.911,1.37128,1.3713,4.13,1.00
2014.05.14 20:07:22.114,1.37128,1.37132,1.88,2.44
2014.05.14 20:07:23.056,1.37128,1.37132,8.07,2.07
2014.05.14 20:07:23.966,1.37129,1.37131,2.07,1.00
2014.05.14 20:07:24.485,1.37129,1.37131,2.07,1.00
2014.05.14 20:07:24.788,1.37131,1.37134,1.69,4.32
2014.05.14 20:07:28.945,1.37131,1.37134,3.57,1.88
2014.05.14 20:07:35.162,1.37131,1.37134,3.19,2.07
2014.05.14 20:07:37.366,1.37131,1.37134,1.19,2.25
2014.05.14 20:07:39.508,1.3713,1.37134,11.82,2.44
2014.05.14 20:07:43.497,1.3713,1.37132,8.07,1.00
2014.05.14 20:07:50.940,1.37129,1.37131,4.50,1.00
2014.05.14 20:07:51.495,1.37129,1.37131,1.50,1.50
2014.05.14 20:07:52.105,1.37129,1.3713,1.50,1.00
2014.05.14 20:07:57.566,1.37128,1.3713,2.82,1.50
2014.05.14 20:08:00.260,1.37127,1.37129,3.00,1.00
2014.05.14 20:08:00.761,1.37127,1.37128,1.25,1.00
2014.05.14 20:08:14.790,1.37125,1.37127,8.44,1.00
2014.05.14 20:08:15.294,1.37127,1.37128,1.00,1.00
2014.05.14 20:08:24.735,1.37125,1.37127,8.07,1.00
2014.05.14 20:08:24.787,1.37125,1.37127,6.57,1.50
2014.05.14 20:08:25.712,1.37124,1.37127,1.25,3.00
2014.05.14 20:08:26.390,1.37125,1.37127,1.00,3.19
2014.05.14 20:08:32.787,1.37126,1.37127,1.50,1.00
2014.05.14 20:08:33.039,1.37124,1.37126,3.57,1.00
2014.05.14 20:08:33.556,1.37124,1.37126,4.32,1.00
2014.05.14 20:08:34.664,1.37124,1.37126,2.07,1.44
2014.05.14 20:08:36.712,1.37124,1.37127,3.57,1.50
2014.05.14 20:08:37.259,1.37124,1.37126,3.57,1.00
2014.05.14 20:08:38.776,1.37124,1.37126,4.32,1.00
2014.05.14 20:08:38.827,1.37125,1.37128,1.25,3.00
2014.05.14 20:08:39.368,1.37126,1.37128,1.50,3.00
2014.05.14 20:08:56.525,1.37125,1.37127,2.44,1.00
2014.05.14 20:08:57.030,1.37125,1.37126,1.32,1.50
2014.05.14 20:09:00.796,1.37125,1.37127,1.25,1.50
2014.05.14 20:09:07.175,1.37125,1.37126,1.25,1.00
2014.05.14 20:09:07.694,1.37123,1.37125,1.19,3.00
2014.05.14 20:09:08.295,1.37123,1.37125,1.25,2.25
2014.05.14 20:09:08.985,1.37124,1.37125,1.25,1.50
2014.05.14 20:09:09.087,1.37125,1.37128,1.00,4.69
2014.05.14 20:09:19.956,1.37125,1.37128,2.44,3.75
2014.05.14 20:09:34.926,1.37125,1.37129,5.82,3.57
2014.05.14 20:09:35.438,1.37125,1.37129,6.94,3.38
2014.05.14 20:09:41.481,1.37125,1.37127,4.69,1.00
2014.05.14 20:09:41.985,1.37125,1.37127,3.57,1.00
2014.05.14 20:09:44.020,1.37125,1.37127,3.57,1.00
2014.05.14 20:09:44.375,1.37126,1.37129,1.25,2.82
2014.05.14 20:09:44.686,1.37128,1.3713,1.00,2.29
2014.05.14 20:09:45.232,1.37127,1.37131,1.50,4.54
2014.05.14 20:10:01.432,1.37127,1.37129,1.50,4.32
2014.05.14 20:10:05.015,1.37128,1.37131,1.50,5.82
2014.05.14 20:10:06.173,1.37128,1.37131,1.50,6.19
2014.05.14 20:10:11.486,1.37127,1.37129,1.00,1.38
2014.05.14 20:10:11.688,1.37126,1.37129,1.88,1.13
2014.05.14 20:10:12.203,1.37126,1.37129,1.50,1.88
2014.05.14 20:10:15.964,1.37127,1.3713,1.50,2.44
2014.05.14 20:10:17.831,1.37128,1.3713,1.50,1.50
2014.05.14 20:10:25.611,1.37128,1.3713,1.69,1.00
2014.05.14 20:10:28.196,1.37128,1.37129,1.69,1.00
2014.05.14 20:10:28.810,1.37126,1.3713,1.32,4.69
2014.05.14 20:10:34.034,1.37128,1.3713,1.50,1.69
2014.05.14 20:10:36.985,1.37128,1.3713,1.50,1.50
2014.05.14 20:10:48.324,1.37128,1.37132,3.94,4.69
2014.05.14 20:10:50.702,1.37128,1.37132,4.69,3.57
2014.05.14 20:10:51.673,1.37128,1.37132,4.69,3.57
2014.05.14 20:10:51.976,1.37126,1.37131,4.69,5.07
2014.05.14 20:10:52.451,1.37128,1.3713,2.25,1.00
2014.05.14 20:10:52.959,1.37128,1.37132,4.50,5.07
2014.05.14 20:10:54.992,1.37128,1.37132,3.94,4.32
2014.05.14 20:11:14.920,1.3713,1.37132,1.50,2.07
2014.05.14 20:11:21.804,1.3713,1.37133,2.25,2.07
2014.05.14 20:11:22.482,1.37131,1.37133,1.00,2.07
2014.05.14 20:11:22.838,1.3713,1.37134,3.38,5.44
2014.05.14 20:11:22.940,1.3713,1.37134,2.25,6.19
2014.05.14 20:11:47.739,1.3713,1.37132,1.50,1.38
2014.05.14 20:12:00.486,1.3713,1.37133,1.50,4.69
2014.05.14 20:12:16.533,1.3713,1.37131,3.75,1.13
2014.05.14 20:12:16.992,1.37131,1.37132,1.50,1.00
2014.05.14 20:12:26.829,1.37132,1.37135,1.50,6.19
2014.05.14 20:12:26.981,1.37132,1.37135,3.75,6.57
2014.05.14 20:12:27.082,1.37132,1.37135,3.75,4.32
2014.05.14 20:12:38.015,1.37131,1.37134,3.94,1.63
2014.05.14 20:12:45.002,1.37132,1.37134,1.00,1.63
2014.05.14 20:12:56.022,1.37133,1.37135,1.00,8.63
2014.05.14 20:12:56.533,1.37132,1.37135,1.50,8.82
2014.05.14 20:13:22.461,1.37131,1.37135,4.69,8.82
2014.05.14 20:13:37.610,1.37131,1.37135,5.44,8.07
2014.05.14 20:13:38.206,1.37133,1.37135,3.19,1.38
2014.05.14 20:13:39.124,1.37133,1.37136,2.82,2.07
2014.05.14 20:13:39.641,1.37133,1.37136,4.32,1.38
2014.05.14 20:13:41.907,1.37134,1.37136,2.44,1.00
2014.05.14 20:13:42.925,1.37133,1.37136,5.44,1.38
2014.05.14 20:13:54.979,1.37133,1.37137,8.07,3.57
2014.05.14 20:13:59.467,1.37134,1.37137,1.69,2.63
2014.05.14 20:14:00.591,1.37134,1.37137,3.19,1.38
2014.05.14 20:14:01.151,1.37134,1.37137,2.44,1.63
2014.05.14 20:14:01.810,1.37134,1.37137,2.82,1.25
2014.05.14 20:14:02.696,1.37134,1.37137,3.57,1.00
2014.05.14 20:14:38.880,1.37134,1.37138,3.57,2.82
2014.05.14 20:14:58.822,1.37134,1.37138,2.63,2.63
2014.05.14 20:14:58.923,1.37137,1.37138,1.00,1.50
2014.05.14 20:14:59.431,1.37136,1.37138,1.00,1.50
2014.05.14 20:14:59.948,1.37135,1.37138,4.69,1.50
2014.05.14 20:15:00.539,1.37135,1.3714,5.44,3.75
2014.05.14 20:15:02.505,1.37135,1.37139,7.69,1.88
2014.05.14 20:15:05.743,1.37135,1.37139,5.82,2.07
2014.05.14 20:15:07.943,1.37135,1.37138,3.19,1.00
2014.05.14 20:15:12.561,1.37135,1.37137,3.19,1.00
2014.05.14 20:15:21.999,1.37135,1.37138,3.19,1.25
2014.05.14 20:15:25.509,1.37135,1.37138,2.44,1.50
2014.05.14 20:15:29.118,1.37135,1.37138,1.69,1.69
2014.05.14 20:15:37.132,1.37135,1.37138,1.50,2.44
2014.05.14 20:15:39.138,1.37135,1.37138,1.69,2.44
2014.05.14 20:15:51.581,1.37135,1.37138,1.13,2.44
2014.05.14 20:15:56.209,1.37135,1.37138,1.32,1.69
2014.05.14 20:15:56.737,1.37136,1.37138,1.00,1.50
2014.05.14 20:15:56.990,1.37137,1.3714,3.00,3.19
2014.05.14 20:16:07.417,1.37137,1.37139,1.50,1.00
2014.05.14 20:16:07.922,1.37137,1.3714,1.50,1.69
2014.05.14 20:16:13.841,1.37139,1.3714,1.50,1.00
2014.05.14 20:16:14.379,1.3714,1.37143,1.69,2.07
2014.05.14 20:16:22.089,1.37141,1.37143,1.00,2.07
2014.05.14 20:16:37.283,1.37141,1.37144,1.13,8.44
2014.05.14 20:16:38.218,1.37141,1.37144,1.88,8.44
2014.05.14 20:16:48.137,1.3714,1.37144,7.35,9.19
2014.05.14 20:17:05.246,1.3714,1.37143,3.60,1.57
2014.05.14 20:17:24.502,1.3714,1.37143,2.82,1.32
2014.05.14 20:17:25.167,1.3714,1.37143,1.88,1.32
2014.05.14 20:17:27.790,1.37139,1.37142,1.00,3.38
2014.05.14 20:17:28.295,1.37138,1.37141,1.50,1.88
2014.05.14 20:17:28.964,1.37138,1.37141,1.50,2.82
2014.05.14 20:17:39.726,1.37138,1.37141,2.44,1.88
2014.05.14 20:17:40.230,1.37138,1.37142,1.69,2.82
2014.05.14 20:17:40.901,1.37138,1.37142,1.50,3.57
2014.05.14 20:17:45.609,1.37138,1.37142,1.50,5.44
2014.05.14 20:17:48.930,1.37138,1.37142,1.69,3.94
2014.05.14 20:18:04.351,1.37138,1.37141,1.50,2.07
2014.05.14 20:18:06.176,1.37138,1.37141,1.50,1.32
2014.05.14 20:18:46.526,1.37139,1.37142,1.00,1.69
2014.05.14 20:18:50.136,1.37136,1.3714,5.25,1.50
2014.05.14 20:18:50.745,1.37136,1.37139,4.50,1.00
2014.05.14 20:18:58.087,1.37136,1.37139,1.88,2.63
2014.05.14 20:18:59.088,1.37134,1.37138,5.82,3.94
2014.05.14 20:19:02.239,1.37134,1.37138,5.82,3.94
2014.05.14 20:19:40.743,1.37134,1.37138,3.57,3.94
2014.05.14 20:19:49.912,1.37134,1.37137,4.32,1.00
2014.05.14 20:19:50.428,1.37134,1.37137,4.32,1.00
2014.05.14 20:19:50.955,1.37134,1.37138,3.94,5.44
2014.05.14 20:19:55.227,1.37134,1.37138,3.94,5.44
2014.05.14 20:19:58.940,1.37134,1.37138,3.57,5.44
2014.05.14 20:20:00.541,1.37134,1.37138,2.07,3.94
2014.05.14 20:20:04.977,1.37134,1.37137,2.07,1.00
2014.05.14 20:20:05.129,1.37133,1.37135,3.19,1.00
2014.05.14 20:20:06.561,1.37132,1.37135,5.82,1.13
2014.05.14 20:20:07.097,1.37134,1.37135,1.25,1.13
2014.05.14 20:20:07.690,1.37134,1.37137,2.44,1.32
2014.05.14 20:20:08.475,1.37133,1.37138,3.00,10.69
2014.05.14 20:20:08.678,1.37132,1.37134,3.19,1.50
2014.05.14 20:20:08.880,1.37133,1.37135,1.19,3.00
2014.05.14 20:20:24.021,1.37134,1.37136,1.19,1.50
2014.05.14 20:20:27.936,1.37133,1.37135,3.19,1.00
2014.05.14 20:20:34.846,1.37134,1.37136,1.19,3.75
2014.05.14 20:20:38.476,1.37133,1.37135,1.25,1.00
2014.05.14 20:20:44.925,1.37133,1.37135,1.32,2.25
2014.05.14 20:20:46.297,1.37132,1.37135,5.44,2.25
2014.05.14 20:20:49.503,1.37133,1.37135,1.19,2.25
2014.05.14 20:20:50.964,1.37133,1.37136,3.94,1.50
2014.05.14 20:20:51.216,1.37134,1.37138,4.69,4.69
2014.05.14 20:20:51.720,1.37136,1.37138,1.50,1.50
2014.05.14 20:21:10.321,1.37137,1.3714,1.50,8.25
2014.05.14 20:21:11.305,1.37136,1.37139,2.25,1.38
2014.05.14 20:21:18.145,1.37136,1.3714,3.38,10.50
2014.05.14 20:21:18.196,1.37138,1.3714,1.00,10.13
2014.05.14 20:21:18.602,1.37139,1.37142,1.38,4.50
2014.05.14 20:21:19.416,1.37138,1.37141,3.38,1.00
2014.05.14 20:21:21.874,1.37138,1.3714,2.25,2.25
2014.05.14 20:21:21.976,1.37136,1.3714,2.25,4.50
2014.05.14 20:21:28.033,1.37137,1.3714,1.00,4.13
2014.05.14 20:21:28.084,1.37138,1.37141,1.88,1.00
2014.05.14 20:21:28.642,1.37138,1.37141,2.63,1.00
2014.05.14 20:21:35.757,1.37138,1.37141,1.50,3.01
2014.05.14 20:21:36.308,1.37136,1.37141,3.75,4.51
2014.05.14 20:21:39.405,1.37136,1.3714,2.63,4.88
2014.05.14 20:21:45.882,1.37136,1.3714,3.38,4.50
2014.05.14 20:21:45.983,1.37137,1.3714,1.13,2.63
2014.05.14 20:21:46.547,1.37137,1.3714,1.13,1.88
2014.05.14 20:21:46.698,1.37136,1.37141,2.63,3.57
2014.05.14 20:21:46.861,1.37136,1.3714,2.25,9.38
2014.05.14 20:21:47.063,1.37136,1.37141,2.63,3.57
2014.05.14 20:21:47.164,1.37136,1.3714,2.25,9.38
2014.05.14 20:21:47.273,1.37136,1.37141,2.63,3.57
2014.05.14 20:21:47.375,1.37136,1.3714,2.25,9.38
2014.05.14 20:21:47.476,1.37136,1.37141,2.63,3.57
2014.05.14 20:21:47.577,1.37136,1.3714,2.25,8.63
2014.05.14 20:21:47.678,1.37136,1.37141,2.63,3.57
2014.05.14 20:21:47.779,1.37136,1.3714,2.25,9.38
2014.05.14 20:21:47.880,1.37136,1.37141,2.63,3.57
2014.05.14 20:21:47.981,1.37136,1.3714,2.25,9.38
2014.05.14 20:21:48.082,1.37136,1.37141,2.63,3.57
2014.05.14 20:21:48.183,1.37136,1.3714,2.25,9.38
2014.05.14 20:21:48.284,1.37136,1.37141,2.63,3.57
2014.05.14 20:21:48.385,1.37136,1.3714,2.25,9.38
2014.05.14 20:21:48.486,1.37136,1.37141,2.63,3.57
2014.05.14 20:21:48.587,1.37136,1.3714,2.25,9.38
2014.05.14 20:21:48.688,1.37136,1.37141,2.63,3.57
2014.05.14 20:21:48.762,1.37136,1.3714,2.25,9.38
2014.05.14 20:21:48.863,1.37136,1.37141,2.63,3.57
2014.05.14 20:21:49.268,1.3714,1.37142,4.43,1.13
2014.05.14 20:21:49.777,1.37141,1.37144,1.00,10.69
2014.05.14 20:21:50.299,1.3714,1.37144,4.13,10.69
2014.05.14 20:22:04.013,1.3714,1.37144,2.76,9.38
2014.05.14 20:22:04.530,1.37141,1.37144,1.00,6.00
2014.05.14 20:22:05.038,1.37141,1.37144,1.00,6.00
2014.05.14 20:22:09.405,1.37141,1.37143,1.00,1.00
2014.05.14 20:22:09.919,1.37142,1.37143,1.00,1.50
2014.05.14 20:22:30.073,1.3714,1.37144,8.58,4.88
2014.05.14 20:22:58.486,1.3714,1.37142,4.13,1.00
2014.05.14 20:22:58.639,1.37139,1.3714,1.00,1.00
2014.05.14 20:22:59.143,1.37138,1.37141,1.50,1.00
2014.05.14 20:22:59.677,1.37138,1.37142,1.50,2.25
2014.05.14 20:23:01.491,1.3714,1.37143,1.50,2.25
2014.05.14 20:23:10.874,1.3714,1.37144,3.00,4.73
2014.05.14 20:23:12.873,1.37142,1.37144,1.00,2.10
2014.05.14 20:23:13.418,1.37142,1.37143,1.50,1.00
2014.05.14 20:23:16.847,1.37142,1.37144,1.50,3.23
2014.05.14 20:24:00.312,1.3714,1.37144,3.75,2.25
2014.05.14 20:24:10.662,1.37141,1.37144,2.10,2.25
2014.05.14 20:24:10.971,1.37145,1.37148,2.13,1.50
2014.05.14 20:24:11.029,1.37146,1.37148,1.00,1.50
2014.05.14 20:24:13.159,1.37146,1.37149,2.63,1.13
2014.05.14 20:24:29.411,1.37146,1.3715,4.13,10.50
2014.05.14 20:25:35.028,1.37147,1.3715,1.00,2.25
2014.05.14 20:26:00.093,1.37147,1.3715,1.50,6.75
2014.05.14 20:26:00.144,1.37144,1.37146,6.19,4.73
2014.05.14 20:26:00.449,1.37146,1.37149,1.88,3.38
2014.05.14 20:26:00.551,1.37146,1.37147,1.88,1.00
2014.05.14 20:26:01.056,1.37146,1.37148,2.25,1.00
2014.05.14 20:26:01.613,1.37146,1.37149,2.25,1.13
2014.05.14 20:26:18.226,1.37146,1.37148,2.25,1.00
2014.05.14 20:26:26.562,1.37146,1.37147,1.50,1.50
2014.05.14 20:26:26.865,1.37132,1.37133,1.00,3.75
2014.05.14 20:26:27.118,1.37129,1.37131,1.00,1.00
2014.05.14 20:26:27.422,1.37127,1.3713,1.50,2.25
2014.05.14 20:26:27.948,1.37126,1.3713,1.88,3.75
2014.05.14 20:26:30.135,1.37126,1.37129,2.25,1.00
2014.05.14 20:26:30.237,1.37126,1.37127,1.00,1.50
2014.05.14 20:26:31.576,1.37127,1.37129,1.88,1.00
2014.05.14 20:26:31.678,1.37127,1.37129,3.38,1.50
2014.05.14 20:26:32.193,1.37127,1.37129,2.25,1.50
2014.05.14 20:26:32.730,1.37128,1.37129,1.00,1.50
2014.05.14 20:26:33.311,1.37127,1.37129,1.00,1.50
2014.05.14 20:26:33.816,1.37125,1.37129,5.82,1.50
2014.05.14 20:26:39.683,1.37125,1.37129,3.57,2.25
2014.05.14 20:26:39.734,1.3712,1.37127,11.63,6.23
2014.05.14 20:26:39.840,1.37121,1.37125,1.88,13.50
2014.05.14 20:26:39.944,1.37123,1.37125,1.00,1.88
2014.05.14 20:26:40.551,1.37124,1.37126,1.00,1.50
2014.05.14 20:26:44.887,1.37122,1.37126,9.38,3.75
2014.05.14 20:26:45.191,1.37115,1.37123,1.13,12.42
2014.05.14 20:26:45.246,1.37115,1.37118,1.00,4.51
2014.05.14 20:26:45.301,1.37115,1.37116,1.00,1.50
2014.05.14 20:26:45.403,1.37114,1.37116,1.00,2.63
2014.05.14 20:26:45.455,1.37114,1.37116,1.00,2.63
2014.05.14 20:26:45.709,1.37114,1.37118,5.25,3.00
2014.05.14 20:26:45.961,1.37117,1.37118,1.00,2.25
2014.05.14 20:26:46.163,1.37118,1.37121,1.50,2.63
2014.05.14 20:26:46.668,1.37118,1.37121,1.50,3.19
2014.05.14 20:26:51.059,1.37118,1.37121,1.50,4.13
2014.05.14 20:26:51.249,1.37116,1.37118,1.50,1.00
2014.05.14 20:26:52.305,1.37116,1.37118,1.50,1.00
2014.05.14 20:26:52.854,1.37115,1.3712,2.63,2.82
2014.05.14 20:26:58.569,1.37115,1.37117,1.88,1.50
2014.05.14 20:26:59.724,1.37115,1.37119,2.25,1.88
2014.05.14 20:27:04.465,1.37116,1.37121,2.35,2.44
2014.05.14 20:27:04.517,1.37118,1.37121,3.25,1.69
2014.05.14 20:27:05.315,1.37118,1.37123,2.25,2.44
2014.05.14 20:27:05.669,1.37115,1.3712,6.57,2.13
2014.05.14 20:27:06.208,1.37115,1.3712,6.19,2.63
2014.05.14 20:27:07.078,1.37114,1.37119,6.38,2.13
2014.05.14 20:27:07.594,1.37115,1.37119,2.25,1.50
2014.05.14 20:27:09.747,1.37115,1.37121,3.94,3.38
2014.05.14 20:27:15.724,1.37115,1.37121,5.44,6.00
2014.05.14 20:27:16.805,1.37119,1.3712,1.50,1.13
2014.05.14 20:27:17.007,1.3712,1.37123,1.00,1.88
2014.05.14 20:27:17.513,1.37121,1.37124,1.50,3.57
2014.05.14 20:27:19.947,1.37123,1.37124,1.00,3.19
2014.05.14 20:27:20.288,1.37125,1.37126,1.88,1.00
2014.05.14 20:27:20.338,1.37125,1.37128,1.50,3.75
2014.05.14 20:27:20.972,1.37126,1.37129,1.50,3.00
2014.05.14 20:27:24.242,1.37125,1.37127,3.75,2.50
2014.05.14 20:27:24.647,1.37123,1.37127,2.25,7.05
2014.05.14 20:27:29.342,1.37123,1.37125,3.38,1.00
2014.05.14 20:27:29.847,1.37124,1.37126,1.00,1.00
2014.05.14 20:27:30.342,1.37125,1.37128,1.50,3.75
2014.05.14 20:27:30.494,1.37124,1.37126,2.63,1.00
2014.05.14 20:27:33.776,1.37126,1.37129,2.85,2.25
2014.05.14 20:27:34.079,1.37128,1.37131,4.13,1.50
2014.05.14 20:27:34.335,1.37129,1.37131,1.50,1.50
2014.05.14 20:27:34.690,1.37126,1.37131,4.88,6.75
2014.05.14 20:27:36.254,1.37126,1.37131,2.25,7.32
2014.05.14 20:27:36.765,1.37126,1.37129,2.25,1.00
2014.05.14 20:27:39.285,1.37126,1.37129,1.88,1.00
2014.05.14 20:27:39.591,1.37136,1.37137,3.38,1.50
2014.05.14 20:27:39.692,1.37136,1.37137,3.00,1.50
2014.05.14 20:27:39.794,1.37134,1.37137,3.00,2.25
2014.05.14 20:27:39.947,1.37134,1.37135,1.50,2.25
2014.05.14 20:27:40.150,1.37131,1.37134,5.25,1.00
2014.05.14 20:27:40.202,1.37131,1.37133,5.25,1.00
2014.05.14 20:27:40.355,1.37129,1.37133,1.50,6.00
2014.05.14 20:27:40.956,1.37129,1.37132,1.50,4.00
2014.05.14 20:27:42.003,1.3713,1.37132,1.00,1.69
2014.05.14 20:27:42.105,1.37131,1.37143,13.20,1.88
2014.05.14 20:27:42.210,1.37137,1.37143,3.00,2.25
2014.05.14 20:27:42.465,1.3714,1.37143,1.00,2.63
2014.05.14 20:27:42.717,1.3714,1.37142,2.25,1.00
2014.05.14 20:27:43.264,1.3714,1.37143,2.25,2.63
2014.05.14 20:27:45.481,1.3714,1.37142,1.50,1.00
2014.05.14 20:27:45.582,1.37139,1.37141,1.88,1.00
2014.05.14 20:27:46.071,1.37139,1.37142,3.38,1.00
2014.05.14 20:27:53.230,1.37141,1.37143,1.00,1.13
2014.05.14 20:27:53.736,1.37142,1.37143,2.63,1.00
2014.05.14 20:27:55.666,1.37141,1.37143,4.50,1.00
2014.05.14 20:27:56.173,1.37142,1.37143,1.00,1.00
2014.05.14 20:27:58.932,1.37141,1.37143,2.25,1.88
2014.05.14 20:28:00.421,1.37141,1.37143,2.25,2.88
2014.05.14 20:28:00.724,1.37141,1.37143,1.00,7.88
2014.05.14 20:28:00.775,1.37141,1.37143,1.00,7.88
2014.05.14 20:28:05.061,1.37139,1.37142,5.63,2.25
2014.05.14 20:28:05.213,1.37139,1.37141,4.13,1.00
2014.05.14 20:28:08.121,1.37139,1.37141,2.63,1.00
2014.05.14 20:28:08.715,1.37139,1.37141,2.63,1.00
2014.05.14 20:28:10.498,1.37138,1.3714,3.75,4.13
2014.05.14 20:28:11.003,1.37139,1.37141,1.88,1.00
2014.05.14 20:28:11.205,1.37139,1.37141,2.63,1.00
2014.05.14 20:28:16.659,1.37139,1.37142,2.63,3.00
2014.05.14 20:28:22.755,1.37139,1.37141,1.00,1.00
2014.05.14 20:28:25.857,1.37139,1.37142,1.88,2.25
2014.05.14 20:28:27.622,1.37139,1.3714,1.50,1.00
2014.05.14 20:28:29.813,1.37136,1.37139,1.88,1.00
2014.05.14 20:28:30.067,1.37135,1.37138,1.38,2.25
2014.05.14 20:28:31.233,1.37135,1.37137,1.00,1.00
2014.05.14 20:28:31.388,1.37134,1.37136,5.07,1.00
2014.05.14 20:28:31.895,1.37135,1.37137,1.13,1.00
2014.05.14 20:28:38.411,1.37135,1.37137,1.13,1.00
2014.05.14 20:28:40.606,1.37135,1.37136,1.13,1.00
2014.05.14 20:28:40.657,1.37135,1.37136,1.13,1.50
2014.05.14 20:28:40.910,1.37133,1.37135,1.13,1.00
2014.05.14 20:28:41.690,1.37133,1.37134,1.00,1.00
2014.05.14 20:28:42.205,1.37132,1.37133,2.25,1.00
2014.05.14 20:28:43.421,1.37133,1.37135,1.00,1.50
2014.05.14 20:28:43.472,1.37133,1.37135,1.00,1.00
2014.05.14 20:28:46.021,1.37134,1.37135,1.00,1.00
2014.05.14 20:28:59.430,1.37135,1.37141,6.01,7.13
2014.05.14 20:28:59.636,1.37139,1.37142,1.88,1.50
2014.05.14 20:28:59.839,1.37139,1.3714,1.50,1.00
2014.05.14 20:29:00.345,1.37138,1.3714,1.50,1.50
2014.05.14 20:29:00.497,1.37135,1.37139,5.07,1.88
2014.05.14 20:29:01.018,1.37136,1.37139,1.50,1.50
2014.05.14 20:29:01.549,1.37137,1.3714,1.50,1.88
2014.05.14 20:29:05.392,1.37137,1.37139,1.00,1.00
2014.05.14 20:29:05.921,1.37136,1.37139,1.00,1.50
2014.05.14 20:29:18.210,1.37138,1.37139,1.00,1.50
2014.05.14 20:29:18.311,1.37139,1.37142,2.25,1.00
2014.05.14 20:29:23.788,1.37139,1.37141,3.00,1.00
2014.05.14 20:29:31.982,1.3714,1.37141,1.00,1.50
2014.05.14 20:29:32.336,1.3714,1.37143,2.63,1.13
2014.05.14 20:29:32.904,1.37141,1.37143,1.00,1.13
2014.05.14 20:29:37.918,1.37141,1.37142,1.00,1.00
2014.05.14 20:29:41.692,1.37139,1.37142,5.10,1.00
2014.05.14 20:29:54.965,1.3714,1.37143,1.50,1.69
2014.05.14 20:29:55.165,1.37139,1.37141,5.48,1.00
2014.05.14 20:29:58.551,1.3714,1.37143,1.50,6.23
2014.05.14 20:30:00.945,1.3714,1.37143,1.50,1.13
2014.05.14 20:30:07.620,1.3714,1.37142,3.60,1.00
2014.05.14 20:30:09.586,1.3714,1.37141,2.25,1.00
2014.05.14 20:30:09.839,1.37138,1.3714,1.00,3.00
2014.05.14 20:30:09.941,1.37136,1.3714,1.50,4.50
2014.05.14 20:30:11.487,1.37139,1.3714,1.00,3.38
2014.05.14 20:30:11.639,1.37139,1.37143,2.25,9.57
2014.05.14 20:30:24.686,1.37139,1.37143,4.50,1.50
2014.05.14 20:30:38.183,1.3714,1.37142,1.00,1.00
2014.05.14 20:30:38.486,1.37138,1.37142,3.00,1.88
2014.05.14 20:30:39.456,1.37138,1.37142,4.35,1.88
2014.05.14 20:30:40.026,1.3714,1.37143,1.50,1.00
2014.05.14 20:30:42.465,1.3714,1.37144,1.88,8.44
2014.05.14 20:30:44.266,1.3714,1.37143,1.88,1.00
2014.05.14 20:30:57.715,1.3714,1.37143,1.88,1.00
2014.05.14 20:31:13.377,1.37139,1.37143,5.63,1.50
2014.05.14 20:31:13.919,1.37139,1.37143,6.75,1.50
2014.05.14 20:31:14.786,1.3714,1.37143,1.00,3.00
2014.05.14 20:31:14.964,1.3714,1.37143,1.00,4.50
2014.05.14 20:31:26.881,1.37137,1.37141,3.38,1.50
2014.05.14 20:31:27.428,1.37137,1.37141,3.75,1.50
2014.05.14 20:31:32.447,1.37137,1.37141,3.75,3.00
2014.05.14 20:31:33.015,1.37137,1.37141,3.75,3.00
2014.05.14 20:31:50.121,1.37137,1.37141,3.75,2.25
2014.05.14 20:31:56.465,1.37137,1.3714,1.50,1.50
2014.05.14 20:31:59.152,1.37137,1.3714,1.88,3.00
2014.05.14 20:32:00.299,1.37137,1.3714,1.88,3.00
2014.05.14 20:32:13.049,1.37135,1.37138,5.25,1.00
2014.05.14 20:32:13.599,1.37135,1.37137,4.13,1.00
2014.05.14 20:32:15.774,1.37135,1.37137,2.63,1.00
2014.05.14 20:32:16.309,1.37134,1.37137,1.75,1.00
2014.05.14 20:32:16.872,1.37134,1.37138,1.75,1.50
2014.05.14 20:32:23.707,1.37134,1.37136,1.50,2.25
2014.05.14 20:32:36.130,1.37134,1.37137,1.50,1.50
2014.05.14 20:32:36.991,1.37136,1.37138,1.50,1.00
2014.05.14 20:32:41.284,1.37134,1.37138,5.25,2.63
2014.05.14 20:32:43.348,1.37136,1.37138,1.50,1.13
2014.05.14 20:33:04.083,1.37135,1.37139,1.88,4.13
2014.05.14 20:33:40.570,1.37135,1.37137,1.13,1.00
2014.05.14 20:34:00.929,1.37133,1.37136,3.75,1.00
2014.05.14 20:34:13.552,1.37133,1.37136,2.82,1.50
2014.05.14 20:34:15.894,1.37133,1.37136,3.94,1.50
2014.05.14 20:34:22.044,1.37133,1.37137,4.69,2.63
2014.05.14 20:34:44.061,1.37135,1.37139,1.88,5.63
2014.05.14 20:34:46.652,1.37137,1.37139,1.50,1.88
2014.05.14 20:34:47.005,1.37137,1.3714,3.60,1.88
2014.05.14 20:34:47.409,1.37137,1.3714,3.00,1.38
2014.05.14 20:34:47.925,1.37138,1.37141,1.38,1.50
2014.05.14 20:34:52.206,1.37139,1.37142,1.88,1.88
2014.05.14 20:35:24.934,1.37138,1.37141,1.50,1.50
2014.05.14 20:35:28.802,1.37138,1.37141,1.13,1.50
2014.05.14 20:35:30.196,1.37138,1.37141,1.50,1.50
2014.05.14 20:35:32.792,1.37139,1.37142,1.88,2.07
2014.05.14 20:35:43.919,1.3714,1.37143,1.13,2.82
2014.05.14 20:35:44.223,1.37142,1.37145,2.25,1.88
2014.05.14 20:35:44.781,1.37142,1.37146,3.00,4.32
2014.05.14 20:35:48.195,1.37142,1.37145,2.63,1.00
2014.05.14 20:35:48.296,1.37142,1.37146,3.00,4.32
2014.05.14 20:35:48.600,1.37142,1.37144,1.00,1.00
2014.05.14 20:35:49.003,1.3714,1.37144,3.38,1.88
2014.05.14 20:35:51.998,1.3714,1.37144,2.63,5.07
2014.05.14 20:35:52.535,1.3714,1.37144,2.63,4.69
2014.05.14 20:36:09.056,1.37141,1.37144,1.50,2.63
2014.05.14 20:36:20.476,1.37141,1.37143,1.50,1.50
2014.05.14 20:36:23.419,1.37141,1.37144,1.50,3.38
2014.05.14 20:36:25.571,1.37141,1.37143,1.00,1.50
2014.05.14 20:36:46.076,1.37141,1.37144,1.13,3.00
2014.05.14 20:36:47.908,1.3714,1.37144,3.00,4.32
2014.05.14 20:36:48.412,1.3714,1.37143,3.00,1.50
2014.05.14 20:36:48.926,1.3714,1.37143,1.88,3.38
2014.05.14 20:36:49.487,1.3714,1.37143,1.88,2.63
2014.05.14 20:37:00.455,1.3714,1.37144,3.75,2.44
2014.05.14 20:37:05.412,1.37142,1.37145,1.50,2.25
2014.05.14 20:37:11.931,1.37142,1.37144,1.50,2.10
2014.05.14 20:37:12.473,1.37142,1.37145,1.50,2.25
2014.05.14 20:37:47.111,1.37142,1.37145,1.50,8.25
2014.05.14 20:37:47.212,1.3714,1.37143,2.63,1.88
2014.05.14 20:37:47.922,1.3714,1.37143,2.63,1.88
2014.05.14 20:37:55.606,1.3714,1.37143,2.63,1.88
2014.05.14 20:38:07.079,1.37142,1.37144,1.00,2.63
2014.05.14 20:38:08.012,1.37142,1.37145,1.50,1.50
2014.05.14 20:38:27.283,1.37142,1.37145,1.50,1.50
2014.05.14 20:38:30.832,1.37142,1.37145,1.50,1.50
2014.05.14 20:38:40.521,1.37142,1.37144,1.00,1.00
2014.05.14 20:38:40.572,1.3714,1.37144,4.32,1.50
2014.05.14 20:38:41.299,1.37142,1.37144,1.00,1.00
2014.05.14 20:38:41.825,1.37142,1.37145,1.50,1.50
2014.05.14 20:39:08.180,1.37142,1.37144,1.00,1.00
2014.05.14 20:39:08.231,1.3714,1.37144,6.00,1.50
2014.05.14 20:39:09.452,1.3714,1.37143,3.75,1.13
2014.05.14 20:39:10.057,1.3714,1.37143,3.00,1.88
2014.05.14 20:39:14.962,1.3714,1.37143,3.00,1.88
2014.05.14 20:40:00.635,1.3714,1.37142,1.88,1.00
2014.05.14 20:40:01.837,1.3714,1.37142,3.75,1.00
2014.05.14 20:40:01.888,1.37141,1.37144,3.38,3.00
2014.05.14 20:40:01.989,1.37143,1.37145,2.63,1.50
2014.05.14 20:40:02.407,1.3714,1.37142,1.13,1.88
2014.05.14 20:40:02.660,1.37138,1.37142,2.63,1.50
2014.05.14 20:40:04.476,1.37138,1.37142,3.94,1.50
2014.05.14 20:40:05.805,1.37138,1.37142,4.88,1.50
2014.05.14 20:40:10.927,1.37138,1.37142,4.88,1.50
2014.05.14 20:40:14.637,1.37138,1.37142,4.13,2.63
2014.05.14 20:40:14.791,1.37139,1.3714,1.00,1.00
2014.05.14 20:40:15.325,1.37137,1.37142,2.63,1.88
2014.05.14 20:40:16.417,1.37138,1.37142,2.25,3.00
2014.05.14 20:40:32.550,1.37138,1.37142,1.50,1.50
2014.05.14 20:40:32.919,1.37138,1.37142,2.25,2.25
2014.05.14 20:40:52.472,1.37141,1.37142,1.50,1.00
2014.05.14 20:40:53.028,1.37141,1.37144,1.50,4.69
2014.05.14 20:40:57.230,1.37141,1.37144,1.50,2.63
2014.05.14 20:41:07.272,1.37141,1.37145,3.60,6.38
2014.05.14 20:41:07.374,1.37141,1.37145,4.17,3.75
2014.05.14 20:41:07.691,1.37141,1.37145,5.67,3.00
2014.05.14 20:41:07.792,1.37141,1.37145,5.67,3.38
2014.05.14 20:41:07.894,1.37141,1.37145,5.67,3.00
2014.05.14 20:41:07.995,1.37141,1.37145,6.42,3.38
2014.05.14 20:41:08.096,1.37141,1.37145,5.67,3.00
2014.05.14 20:41:08.197,1.37141,1.37145,5.67,3.38
2014.05.14 20:41:08.299,1.37141,1.37146,6.42,3.00
2014.05.14 20:41:08.400,1.37141,1.37145,6.04,3.38
2014.05.14 20:41:08.502,1.37141,1.37146,6.42,3.00
2014.05.14 20:41:08.603,1.37141,1.37145,6.04,3.38
2014.05.14 20:41:08.704,1.37141,1.37146,6.42,3.00
2014.05.14 20:41:08.805,1.37141,1.37145,6.04,3.38
2014.05.14 20:41:08.906,1.37141,1.37146,6.42,3.00
2014.05.14 20:41:09.007,1.37141,1.37145,6.04,3.38
2014.05.14 20:41:09.108,1.37141,1.37146,6.42,3.00
2014.05.14 20:41:09.229,1.37141,1.37145,6.04,3.38
2014.05.14 20:41:09.332,1.37141,1.37146,6.42,3.00
2014.05.14 20:41:09.433,1.37141,1.37145,6.04,3.38
2014.05.14 20:41:09.487,1.37141,1.37146,6.42,3.00
2014.05.14 20:41:09.588,1.37141,1.37145,6.04,3.38
2014.05.14 20:41:09.689,1.37141,1.37146,6.42,3.00
2014.05.14 20:41:09.790,1.37141,1.37145,6.04,3.38
2014.05.14 20:41:09.941,1.37141,1.37146,6.42,3.00
2014.05.14 20:41:09.992,1.37141,1.37145,6.04,3.38
2014.05.14 20:41:10.093,1.37141,1.37146,6.42,3.00
2014.05.14 20:41:10.195,1.37141,1.37145,6.04,3.38
2014.05.14 20:41:10.300,1.37141,1.37146,6.42,3.00
2014.05.14 20:41:10.400,1.37141,1.37145,6.04,3.38
2014.05.14 20:41:10.504,1.37141,1.37146,6.42,3.00
2014.05.14 20:41:10.609,1.37141,1.37145,6.04,3.38
2014.05.14 20:41:10.705,1.37141,1.37146,6.42,3.00
2014.05.14 20:41:10.808,1.37141,1.37145,6.04,3.38
2014.05.14 20:41:10.909,1.37141,1.37146,6.42,3.00
2014.05.14 20:41:11.012,1.37141,1.37145,6.04,3.38
2014.05.14 20:41:11.114,1.37141,1.37146,6.42,3.00
2014.05.14 20:41:11.417,1.37141,1.37145,6.23,3.38
2014.05.14 20:41:11.518,1.37141,1.37146,6.60,3.00
2014.05.14 20:41:11.619,1.37141,1.37145,6.23,3.38
2014.05.14 20:41:11.720,1.37141,1.37146,6.60,3.00
2014.05.14 20:41:11.821,1.37141,1.37145,6.23,3.38
2014.05.14 20:41:11.922,1.37141,1.37146,6.60,3.00
2014.05.14 20:41:12.023,1.37141,1.37145,6.23,3.38
2014.05.14 20:41:12.124,1.37141,1.37146,6.60,3.00
2014.05.14 20:41:12.225,1.37141,1.37145,6.23,3.38
2014.05.14 20:41:12.636,1.37141,1.37146,6.60,3.00
2014.05.14 20:41:12.939,1.37145,1.37151,14.42,3.00
2014.05.14 20:41:13.145,1.37148,1.3715,4.00,1.00
2014.05.14 20:41:13.298,1.37147,1.37149,2.25,2.25
2014.05.14 20:41:13.602,1.37148,1.3715,1.50,2.25
2014.05.14 20:41:15.079,1.37148,1.3715,1.00,2.63
2014.05.14 20:41:15.130,1.37147,1.3715,1.00,1.88
2014.05.14 20:41:15.534,1.3715,1.37152,1.50,2.63
2014.05.14 20:41:16.085,1.37149,1.37152,1.50,2.63
2014.05.14 20:41:17.477,1.37149,1.37152,1.50,4.13
2014.05.14 20:41:17.995,1.37148,1.3715,1.50,1.13
2014.05.14 20:41:18.512,1.37147,1.3715,1.50,2.25
2014.05.14 20:41:18.563,1.37149,1.3715,1.50,2.63
2014.05.14 20:41:19.239,1.37149,1.3715,1.50,1.00
2014.05.14 20:41:19.756,1.3715,1.37152,1.00,1.50
2014.05.14 20:41:20.297,1.37151,1.37152,1.00,1.88
2014.05.14 20:41:22.015,1.37149,1.37152,1.68,1.88
2014.05.14 20:41:22.269,1.37147,1.3715,3.30,2.63
2014.05.14 20:41:22.798,1.37147,1.37149,1.00,1.13
2014.05.14 20:41:23.303,1.37148,1.37149,1.50,1.13
2014.05.14 20:41:23.903,1.37147,1.37149,1.50,1.13
2014.05.14 20:41:44.011,1.37146,1.3715,3.38,3.75
2014.05.14 20:42:03.490,1.37146,1.3715,3.38,6.00
2014.05.14 20:42:04.079,1.37147,1.3715,2.25,2.63
2014.05.14 20:42:08.918,1.37147,1.37148,2.25,1.00
2014.05.14 20:42:09.221,1.37144,1.37146,3.75,1.00
2014.05.14 20:42:17.349,1.37144,1.37146,3.94,1.00
2014.05.14 20:42:23.514,1.37144,1.37146,3.38,1.00
2014.05.14 20:42:33.618,1.37144,1.37147,2.63,1.13
2014.05.14 20:42:38.797,1.37144,1.37145,1.88,1.00
2014.05.14 20:43:01.453,1.37143,1.37145,3.75,1.00
2014.05.14 20:43:01.970,1.37144,1.37145,2.25,1.00
2014.05.14 20:43:15.082,1.37143,1.37145,4.88,1.00
2014.05.14 20:43:19.302,1.37144,1.37145,1.00,1.13
2014.05.14 20:43:19.403,1.37144,1.37147,1.88,2.07
2014.05.14 20:43:22.338,1.37144,1.37147,2.25,1.50
2014.05.14 20:43:23.861,1.37145,1.37147,2.48,1.50
2014.05.14 20:43:24.064,1.37148,1.37151,5.48,1.00
2014.05.14 20:43:24.371,1.37151,1.37153,2.25,1.50
2014.05.14 20:43:24.574,1.37149,1.37152,2.25,1.88
2014.05.14 20:43:26.230,1.37151,1.37152,1.00,1.13
2014.05.14 20:43:26.792,1.37149,1.37151,3.75,1.00
2014.05.14 20:43:28.332,1.37151,1.37152,1.00,1.00
2014.05.14 20:43:39.625,1.37149,1.37152,2.63,1.00
2014.05.14 20:43:39.676,1.37149,1.37151,2.25,1.00
2014.05.14 20:43:42.341,1.37149,1.37151,1.50,2.50
2014.05.14 20:43:42.646,1.37152,1.37156,2.88,3.00
2014.05.14 20:43:42.800,1.37154,1.37156,1.38,3.38
2014.05.14 20:43:43.478,1.37152,1.37155,1.00,4.94
2014.05.14 20:43:43.581,1.37152,1.37153,1.00,3.00
2014.05.14 20:43:43.632,1.37151,1.37152,1.00,1.00
2014.05.14 20:43:43.784,1.37148,1.3715,1.00,2.25
2014.05.14 20:43:44.290,1.37149,1.3715,1.00,2.25
2014.05.14 20:43:49.480,1.37149,1.37152,3.10,1.13
2014.05.14 20:43:49.532,1.37151,1.37152,1.00,2.25
2014.05.14 20:43:49.634,1.37152,1.37156,2.88,1.25
2014.05.14 20:43:49.686,1.37154,1.37155,1.00,2.63
2014.05.14 20:43:51.333,1.37154,1.37155,1.00,6.75
2014.05.14 20:43:52.394,1.37153,1.37154,1.50,2.25
2014.05.14 20:43:52.596,1.37153,1.37154,1.50,2.25
2014.05.14 20:43:54.121,1.37153,1.37154,1.50,1.50
2014.05.14 20:43:54.576,1.37155,1.37157,1.00,2.25
2014.05.14 20:43:54.678,1.37154,1.37156,1.50,1.50
2014.05.14 20:43:54.780,1.37152,1.37155,5.85,1.50
2014.05.14 20:43:54.881,1.37152,1.37156,6.23,1.88
2014.05.14 20:43:55.202,1.37152,1.37156,5.85,1.88
2014.05.14 20:43:55.303,1.37153,1.37156,1.38,1.50
2014.05.14 20:43:59.033,1.37153,1.37156,1.50,1.50
2014.05.14 20:44:00.861,1.37152,1.37156,8.67,1.50
2014.05.14 20:44:06.507,1.37153,1.37154,1.00,1.00
2014.05.14 20:44:07.293,1.37152,1.37154,2.85,1.50
2014.05.14 20:44:07.394,1.37152,1.37154,2.85,1.50
2014.05.14 20:44:07.932,1.37152,1.37154,2.85,1.88
2014.05.14 20:44:08.841,1.37152,1.37154,2.85,1.88
2014.05.14 20:44:11.781,1.37152,1.37154,2.85,1.88
2014.05.14 20:44:11.832,1.3715,1.37154,9.00,3.00
2014.05.14 20:44:12.828,1.37151,1.37154,1.35,2.25
2014.05.14 20:44:13.082,1.37152,1.37154,1.00,1.88
2014.05.14 20:44:13.627,1.37152,1.37155,2.25,1.63
2014.05.14 20:44:14.134,1.37152,1.37156,2.63,2.25
2014.05.14 20:44:14.441,1.37152,1.37154,1.00,1.50
2014.05.14 20:44:14.942,1.37151,1.37154,1.35,1.50
2014.05.14 20:44:18.719,1.3715,1.37154,4.88,1.88
2014.05.14 20:44:19.281,1.3715,1.37154,6.60,1.88
2014.05.14 20:44:19.786,1.3715,1.37154,6.38,1.88
2014.05.14 20:44:19.836,1.3715,1.37154,6.98,1.50
2014.05.14 20:44:20.232,1.3715,1.37154,6.38,1.88
2014.05.14 20:44:21.249,1.3715,1.37154,6.98,1.50
2014.05.14 20:44:24.313,1.3715,1.37154,7.73,1.88
2014.05.14 20:44:24.633,1.3715,1.37154,7.73,1.88
2014.05.14 20:44:28.049,1.3715,1.37152,5.25,1.38
2014.05.14 20:44:28.558,1.3715,1.37152,4.73,1.13
2014.05.14 20:44:29.184,1.3715,1.37152,4.13,1.38
2014.05.14 20:44:33.360,1.3715,1.37152,5.10,1.13
2014.05.14 20:44:35.272,1.3715,1.37152,5.25,1.38
2014.05.14 20:44:37.247,1.3715,1.37152,5.85,1.13
2014.05.14 20:44:41.297,1.3715,1.37152,3.38,1.38
2014.05.14 20:44:44.800,1.3715,1.37152,1.88,1.38
2014.05.14 20:44:45.745,1.3715,1.37152,2.63,1.13
2014.05.14 20:45:02.568,1.3715,1.37154,2.63,1.88
2014.05.14 20:45:03.073,1.3715,1.37152,1.00,1.88
2014.05.14 20:45:09.395,1.37151,1.37152,1.00,1.50
2014.05.14 20:45:16.297,1.37152,1.37154,1.50,1.00
2014.05.14 20:45:16.347,1.37153,1.37156,1.00,1.00
2014.05.14 20:45:16.400,1.37153,1.37154,1.00,1.50
2014.05.14 20:45:16.501,1.37153,1.37154,1.00,1.50
2014.05.14 20:45:17.391,1.37153,1.37155,1.50,2.25
2014.05.14 20:45:22.009,1.37153,1.37154,1.88,1.50
2014.05.14 20:45:25.869,1.37152,1.37154,2.63,1.00
2014.05.14 20:45:26.224,1.3715,1.37153,1.88,2.25
2014.05.14 20:45:41.079,1.37149,1.37153,4.13,2.25
2014.05.14 20:45:43.748,1.37149,1.37153,3.75,1.50
2014.05.14 20:45:44.291,1.37149,1.37153,3.38,1.50
2014.05.14 20:45:44.445,1.37149,1.37151,1.88,1.50
2014.05.14 20:45:52.030,1.37147,1.37151,4.50,1.50
2014.05.14 20:45:52.283,1.37147,1.37149,1.88,1.50
2014.05.14 20:45:52.386,1.37147,1.3715,1.88,1.88
2014.05.14 20:45:56.266,1.37147,1.3715,3.38,1.88
2014.05.14 20:45:56.368,1.37147,1.3715,2.25,4.13
2014.05.14 20:45:56.671,1.37145,1.37149,3.00,3.25
2014.05.14 20:46:12.952,1.37144,1.37146,1.00,1.13
2014.05.14 20:46:13.055,1.37143,1.37145,1.50,1.88
2014.05.14 20:46:17.160,1.37142,1.37144,1.00,1.00
2014.05.14 20:46:18.392,1.37141,1.37144,4.50,1.50
2014.05.14 20:46:22.204,1.37142,1.37145,3.00,1.88
2014.05.14 20:46:25.054,1.37142,1.37145,6.00,1.00
2014.05.14 20:46:25.853,1.37142,1.37146,6.00,1.50
2014.05.14 20:46:32.566,1.37144,1.37148,1.88,2.63
2014.05.14 20:46:38.493,1.37144,1.37146,1.88,1.00
2014.05.14 20:46:39.054,1.37143,1.37145,2.63,1.13
2014.05.14 20:46:55.118,1.37143,1.37145,1.13,1.13
2014.05.14 20:46:57.036,1.37142,1.37146,4.88,1.50
2014.05.14 20:46:59.045,1.37143,1.37147,1.88,1.88
2014.05.14 20:47:10.139,1.37143,1.37145,1.50,1.13
2014.05.14 20:47:20.032,1.37142,1.37145,1.50,1.88
2014.05.14 20:47:37.632,1.37142,1.37144,1.88,1.00
2014.05.14 20:47:37.935,1.3714,1.37143,1.50,2.63
2014.05.14 20:47:38.038,1.3714,1.37143,2.25,2.63
2014.05.14 20:47:38.341,1.3714,1.37143,1.50,1.50
2014.05.14 20:47:38.412,1.3714,1.37143,1.50,1.50
2014.05.14 20:47:42.102,1.37141,1.37143,1.00,1.50
2014.05.14 20:47:47.106,1.37141,1.37143,1.00,2.25
2014.05.14 20:47:47.208,1.37139,1.37143,1.50,3.57
2014.05.14 20:47:47.310,1.37139,1.37143,1.50,6.19
2014.05.14 20:47:56.552,1.37141,1.37143,1.00,5.44
2014.05.14 20:47:57.127,1.37141,1.37143,1.00,2.82
2014.05.14 20:48:00.199,1.37141,1.37144,1.00,5.07
2014.05.14 20:48:01.696,1.37141,1.37144,1.00,5.07
2014.05.14 20:48:05.698,1.37141,1.37144,1.00,4.32
2014.05.14 20:48:19.039,1.37141,1.37145,2.25,3.38
2014.05.14 20:48:50.937,1.37139,1.37141,1.50,3.38
2014.05.14 20:48:51.441,1.37141,1.37143,1.00,2.25
2014.05.14 20:48:56.639,1.3714,1.37143,1.88,1.50
2014.05.14 20:49:23.681,1.37141,1.37143,1.00,1.00
2014.05.14 20:49:24.210,1.37141,1.37144,1.50,1.13
2014.05.14 20:49:27.766,1.37141,1.37144,1.50,1.38
2014.05.14 20:49:36.151,1.37141,1.37144,1.50,1.13
2014.05.14 20:49:44.057,1.37142,1.37144,1.00,1.13
2014.05.14 20:49:49.357,1.37142,1.37145,1.50,2.25
2014.05.14 20:49:49.906,1.37142,1.37144,1.50,1.13
2014.05.14 20:49:59.531,1.3714,1.37144,4.88,2.25
2014.05.14 20:50:12.779,1.3714,1.37144,2.63,3.98
2014.05.14 20:50:12.881,1.3714,1.37141,1.50,1.50
2014.05.14 20:50:13.184,1.37138,1.37139,1.00,1.50
2014.05.14 20:50:13.235,1.37136,1.37139,1.32,1.50
2014.05.14 20:50:13.737,1.37135,1.37139,5.07,1.50
2014.05.14 20:50:24.084,1.37136,1.37139,1.00,1.50
2014.05.14 20:50:24.697,1.37135,1.37139,5.44,1.50
2014.05.14 20:50:26.961,1.37137,1.3714,1.50,1.50
2014.05.14 20:50:27.416,1.37139,1.37142,1.50,3.00
2014.05.14 20:50:28.927,1.37139,1.37142,1.50,1.13
2014.05.14 20:50:31.124,1.37139,1.37143,2.25,4.13
2014.05.14 20:50:41.571,1.37139,1.37142,2.25,1.00
2014.05.14 20:50:45.241,1.37139,1.37141,1.50,1.13
2014.05.14 20:50:45.344,1.37137,1.37139,1.50,1.00
2014.05.14 20:50:45.849,1.37136,1.37139,2.63,1.50
2014.05.14 20:50:47.379,1.37138,1.37139,1.00,1.00
2014.05.14 20:50:47.480,1.37138,1.37141,1.50,2.25
2014.05.14 20:50:47.682,1.3714,1.37142,1.00,1.13
2014.05.14 20:50:48.216,1.3714,1.37143,1.50,1.50
2014.05.14 20:50:49.797,1.37139,1.37142,1.13,1.50
2014.05.14 20:50:49.949,1.3714,1.37144,1.50,4.50
2014.05.14 20:50:50.513,1.3714,1.37144,1.50,4.32
2014.05.14 20:50:51.719,1.3714,1.37142,1.00,3.00
2014.05.14 20:50:51.770,1.37138,1.37142,3.38,3.75
2014.05.14 20:50:52.298,1.37138,1.37141,1.50,1.00
2014.05.14 20:50:56.348,1.37138,1.37142,1.50,3.75
2014.05.14 20:51:03.178,1.37138,1.37141,1.50,1.13
2014.05.14 20:51:03.280,1.37138,1.37139,1.50,1.00
2014.05.14 20:51:03.381,1.37136,1.37139,1.50,1.13
2014.05.14 20:51:10.657,1.37137,1.3714,1.00,3.75
2014.05.14 20:51:11.339,1.37137,1.3714,1.50,1.50
2014.05.14 20:51:16.705,1.37138,1.3714,1.00,1.00
2014.05.14 20:51:16.807,1.37138,1.37142,1.50,3.00
2014.05.14 20:51:28.867,1.37139,1.37142,1.50,1.50
2014.05.14 20:51:29.433,1.37138,1.37142,1.50,3.00
2014.05.14 20:51:49.928,1.37138,1.37141,1.00,1.00
2014.05.14 20:51:50.662,1.37137,1.37141,1.50,1.50
2014.05.14 20:52:04.394,1.37137,1.3714,1.50,1.75
2014.05.14 20:52:04.601,1.37135,1.37138,1.50,1.88
2014.05.14 20:52:08.370,1.37135,1.37138,1.50,1.50
2014.05.14 20:52:08.522,1.37136,1.3714,3.75,1.88
2014.05.14 20:52:08.835,1.37138,1.3714,1.00,1.00
2014.05.14 20:52:08.885,1.37138,1.37142,1.50,2.63
2014.05.14 20:52:24.819,1.37138,1.3714,1.50,1.00
2014.05.14 20:52:24.971,1.37135,1.37139,3.94,1.50
2014.05.14 20:52:25.375,1.37137,1.37141,1.88,4.13
2014.05.14 20:52:40.874,1.37137,1.3714,1.88,1.00
2014.05.14 20:52:41.390,1.37137,1.37141,1.88,4.13
2014.05.14 20:52:43.862,1.37137,1.3714,1.88,1.00
2014.05.14 20:52:44.391,1.37137,1.37141,1.88,4.13
2014.05.14 20:52:45.831,1.37137,1.37141,3.38,2.25
2014.05.14 20:52:47.867,1.3714,1.37141,1.00,1.00
2014.05.14 20:52:48.019,1.3714,1.37144,7.35,2.63
2014.05.14 20:52:53.120,1.3714,1.37144,5.85,3.38
2014.05.14 20:52:54.329,1.3714,1.37142,5.10,1.00
2014.05.14 20:53:08.512,1.37138,1.37142,4.13,2.63
2014.05.14 20:53:08.563,1.37138,1.3714,3.38,1.00
2014.05.14 20:53:11.376,1.37139,1.3714,1.00,1.00
2014.05.14 20:53:11.427,1.37139,1.37142,1.88,2.63
2014.05.14 20:53:12.787,1.37139,1.37142,3.00,1.50
2014.05.14 20:53:13.383,1.37139,1.3714,1.00,1.50
2014.05.14 20:53:13.943,1.37137,1.37139,1.38,1.00
2014.05.14 20:53:16.278,1.37137,1.37139,1.13,1.00
2014.05.14 20:53:16.842,1.37138,1.3714,1.13,1.50
2014.05.14 20:53:17.158,1.37138,1.37142,2.25,3.00
2014.05.14 20:53:33.020,1.37138,1.37141,3.75,1.50
2014.05.14 20:53:44.650,1.3714,1.37143,3.00,1.00
2014.05.14 20:53:45.301,1.37141,1.37144,1.00,2.63
2014.05.14 20:53:54.602,1.37141,1.37142,1.00,1.00
2014.05.14 20:53:55.201,1.37138,1.37142,5.44,1.50
2014.05.14 20:54:27.040,1.3714,1.37144,1.13,3.00
2014.05.14 20:54:48.776,1.37139,1.37144,1.50,3.75
2014.05.14 20:54:59.936,1.37138,1.37143,4.50,1.00
2014.05.14 20:55:00.454,1.37138,1.37142,1.38,2.25
2014.05.14 20:55:02.215,1.37137,1.37142,2.82,2.25
2014.05.14 20:55:02.736,1.37137,1.37142,3.00,2.25
2014.05.14 20:55:42.795,1.37139,1.37143,1.50,4.13
2014.05.14 20:56:22.391,1.37139,1.37143,1.00,2.25
2014.05.14 20:56:27.594,1.37138,1.37143,2.25,2.25
2014.05.14 20:56:29.293,1.37138,1.37143,2.25,2.63
2014.05.14 20:56:30.907,1.37138,1.37141,2.25,1.00
2014.05.14 20:56:47.427,1.37137,1.3714,1.13,1.50
2014.05.14 20:56:47.730,1.37135,1.37138,2.25,1.00
2014.05.14 20:56:48.436,1.37135,1.37138,2.25,1.00
2014.05.14 20:56:48.537,1.37135,1.37138,1.88,1.00
2014.05.14 20:56:48.718,1.37135,1.37138,1.50,1.00
2014.05.14 20:56:49.986,1.37135,1.37138,1.38,1.00
2014.05.14 20:56:50.036,1.37135,1.37138,1.50,1.00
2014.05.14 20:56:50.238,1.37135,1.37138,1.38,1.00
2014.05.14 20:56:50.339,1.37135,1.37138,1.50,1.00
2014.05.14 20:56:50.440,1.37135,1.37138,1.38,1.00
2014.05.14 20:56:50.541,1.37135,1.37138,1.50,1.00
2014.05.14 20:56:50.643,1.37135,1.37138,1.38,1.00
2014.05.14 20:56:50.744,1.37135,1.37138,1.50,1.00
2014.05.14 20:56:51.046,1.37135,1.37138,1.38,1.00
2014.05.14 20:56:51.652,1.37135,1.37138,1.50,1.00
2014.05.14 20:56:51.780,1.37135,1.37138,1.38,1.00
2014.05.14 20:56:51.988,1.37135,1.37138,1.50,1.00
2014.05.14 20:56:52.089,1.37135,1.37138,1.38,1.00
2014.05.14 20:56:52.190,1.37135,1.37138,1.50,1.00
2014.05.14 20:56:52.254,1.37135,1.37138,1.38,1.00
2014.05.14 20:56:52.406,1.37135,1.37138,1.50,1.00
2014.05.14 20:56:52.457,1.37135,1.37138,1.38,1.00
2014.05.14 20:56:52.810,1.37136,1.37139,1.13,1.00
2014.05.14 20:57:02.382,1.37136,1.37141,1.38,1.00
2014.05.14 20:57:02.483,1.37138,1.37143,3.00,1.00
2014.05.14 20:57:02.584,1.37138,1.37143,1.88,1.13
2014.05.14 20:57:06.820,1.37138,1.37143,1.50,2.63
2014.05.14 20:57:15.772,1.37138,1.37139,1.13,1.00
2014.05.14 20:57:28.362,1.37137,1.37139,2.63,1.00
2014.05.14 20:57:41.176,1.37137,1.3714,2.63,1.13
2014.05.14 20:57:41.530,1.3714,1.37143,1.50,1.88
2014.05.14 20:58:05.625,1.37139,1.37142,1.00,2.25
2014.05.14 20:58:06.127,1.37137,1.37142,1.63,2.63
2014.05.14 20:58:12.109,1.37137,1.37141,1.63,1.00
2014.05.14 20:58:15.430,1.37136,1.37141,4.32,1.38
2014.05.14 20:58:17.036,1.37136,1.37139,2.82,1.00
2014.05.14 20:58:25.202,1.37136,1.37139,1.38,1.00
2014.05.14 20:58:42.359,1.37135,1.37139,2.44,1.00
2014.05.14 20:58:45.827,1.37135,1.37139,1.69,1.00
2014.05.14 20:58:54.492,1.37135,1.37139,1.69,1.00
2014.05.14 20:58:55.697,1.37135,1.37139,1.69,1.00
2014.05.14 20:58:57.017,1.37138,1.3714,1.00,1.88
2014.05.14 20:58:57.221,1.37136,1.37141,2.07,1.50
2014.05.14 20:58:57.745,1.37136,1.37142,2.82,1.88
2014.05.14 20:59:00.558,1.37136,1.37142,2.63,1.88
2014.05.14 20:59:05.235,1.37137,1.37142,0.75,1.88
2014.05.14 20:59:08.227,1.37138,1.37142,0.38,1.88
2014.05.14 20:59:08.765,1.37139,1.37142,0.60,0.38
2014.05.14 20:59:09.307,1.37139,1.37143,0.98,0.38
2014.05.14 20:59:11.202,1.37142,1.37144,0.75,1.50
2014.05.14 20:59:11.505,1.37145,1.37147,0.60,0.38
2014.05.14 20:59:12.227,1.37145,1.37147,0.60,0.38
2014.05.14 20:59:12.794,1.37145,1.37147,0.60,0.38
2014.05.14 20:59:13.109,1.37144,1.37146,1.50,1.50
2014.05.14 20:59:28.361,1.37145,1.37147,0.60,1.50
2014.05.14 20:59:28.781,1.37144,1.37146,1.50,1.50
2014.05.14 20:59:29.745,1.37145,1.37149,0.60,1.50
2014.05.14 20:59:42.020,1.37144,1.37149,0.60,1.50
2014.05.14 20:59:50.048,1.37144,1.3715,2.10,2.25
2014.05.14 20:59:57.502,1.37144,1.37147,1.50,0.75
