2009.06.19 15:00:00.782,1.3925,1.39255,2.20,13.80
2009.06.19 15:00:01.301,1.3925,1.39255,2.20,18.60
2009.06.19 15:00:01.691,1.39245,1.39255,2.40,18.60
2009.06.19 15:00:01.912,1.39255,1.3926,4.20,26.00
2009.06.19 15:00:02.192,1.39255,1.3926,1.60,9.80
2009.06.19 15:00:02.481,1.39255,1.39265,6.60,9.60
2009.06.19 15:00:02.891,1.39255,1.39265,5.60,9.60
2009.06.19 15:00:03.191,1.39255,1.39265,5.60,9.40
2009.06.19 15:00:03.901,1.3926,1.39265,1.00,9.40
2009.06.19 15:00:04.241,1.39255,1.3927,23.60,12.80
2009.06.19 15:00:04.641,1.3926,1.3927,1.00,4.80
2009.06.19 15:00:06.080,1.39255,1.3926,13.20,1.80
2009.06.19 15:00:06.490,1.39265,1.3927,10.80,10.10
2009.06.19 15:00:07.220,1.39265,1.3927,10.80,10.60
2009.06.19 15:00:07.620,1.39255,1.3927,12.40,10.60
2009.06.19 15:00:07.910,1.3926,1.3927,6.60,10.60
2009.06.19 15:00:09.149,1.3927,1.3928,3.20,39.20
2009.06.19 15:00:09.630,1.3927,1.3928,6.60,15.60
2009.06.19 15:00:10.209,1.3927,1.3928,14.60,15.60
2009.06.19 15:00:10.959,1.3928,1.39285,8.00,3.20
2009.06.19 15:00:11.249,1.3928,1.3929,16.40,4.60
2009.06.19 15:00:11.539,1.39285,1.3929,3.40,30.80
2009.06.19 15:00:12.069,1.3928,1.39285,11.20,8.00
2009.06.19 15:00:12.419,1.3929,1.39295,3.40,3.20
2009.06.19 15:00:12.659,1.393,1.39305,3.20,16.50
2009.06.19 15:00:13.009,1.3931,1.39315,1.20,19.30
2009.06.19 15:00:13.289,1.39305,1.3931,1.00,13.50
2009.06.19 15:00:13.619,1.393,1.39305,5.00,7.40
2009.06.19 15:00:15.978,1.39315,1.39325,4.00,15.70
2009.06.19 15:00:16.318,1.39315,1.3932,1.00,11.20
2009.06.19 15:00:16.898,1.3931,1.3932,19.20,3.20
2009.06.19 15:00:17.288,1.3931,1.3932,8.00,9.00
2009.06.19 15:00:17.628,1.3931,1.3932,1.60,10.60
2009.06.19 15:00:18.158,1.39305,1.3932,10.00,10.60
2009.06.19 15:00:18.667,1.39305,1.39315,10.20,1.60
2009.06.19 15:00:19.057,1.39305,1.39315,1.00,7.40
2009.06.19 15:00:19.487,1.39305,1.3931,1.00,3.20
2009.06.19 15:00:20.067,1.39305,1.39315,10.00,7.40
2009.06.19 15:00:20.407,1.39305,1.39315,3.40,7.40
2009.06.19 15:00:20.787,1.39305,1.3931,1.20,9.00
2009.06.19 15:00:21.367,1.393,1.39305,2.40,7.70
2009.06.19 15:00:21.697,1.39295,1.393,1.60,10.60
2009.06.19 15:00:22.046,1.3929,1.393,6.60,10.40
2009.06.19 15:00:22.686,1.3929,1.393,11.60,18.40
2009.06.19 15:00:23.027,1.3928,1.3929,7.40,3.20
2009.06.19 15:00:23.596,1.3928,1.3929,6.60,10.60
2009.06.19 15:00:23.986,1.3928,1.3929,3.20,10.60
2009.06.19 15:00:24.336,1.3928,1.39285,4.40,1.60
2009.06.19 15:00:24.957,1.39275,1.39285,10.40,1.60
2009.06.19 15:00:25.296,1.39275,1.39285,3.20,9.60
2009.06.19 15:00:25.646,1.3928,1.3929,3.20,20.20
2009.06.19 15:00:25.946,1.3928,1.3929,14.60,11.20
2009.06.19 15:00:26.276,1.3928,1.3929,30.20,3.20
2009.06.19 15:00:26.565,1.3928,1.3929,51.00,3.20
2009.06.19 15:00:26.906,1.3928,1.3929,53.20,3.20
2009.06.19 15:00:27.255,1.39285,1.39295,3.20,9.60
2009.06.19 15:00:28.185,1.39285,1.39295,3.40,9.60
2009.06.19 15:00:28.705,1.39285,1.39295,3.20,9.60
2009.06.19 15:00:28.995,1.39275,1.3928,32.60,3.20
2009.06.19 15:00:29.355,1.3927,1.3928,5.60,3.20
2009.06.19 15:00:30.044,1.39275,1.3928,1.60,3.20
2009.06.19 15:00:30.454,1.3927,1.3928,3.20,4.80
2009.06.19 15:00:31.034,1.39275,1.39285,5.60,2.40
2009.06.19 15:00:31.384,1.3928,1.39295,35.40,9.00
2009.06.19 15:00:31.674,1.3928,1.39295,35.40,7.40
2009.06.19 15:00:32.324,1.39285,1.39295,3.20,7.40
2009.06.19 15:00:32.674,1.39285,1.39295,1.00,1.60
2009.06.19 15:00:32.974,1.3929,1.39295,3.20,1.60
2009.06.19 15:00:33.264,1.3929,1.393,3.20,10.60
2009.06.19 15:00:33.664,1.39285,1.393,6.20,18.60
2009.06.19 15:00:34.204,1.39285,1.39295,1.60,9.60
2009.06.19 15:00:34.564,1.3929,1.39295,3.20,8.00
2009.06.19 15:00:35.033,1.3929,1.393,3.20,18.60
2009.06.19 15:00:38.352,1.393,1.39305,2.40,15.40
2009.06.19 15:00:39.292,1.3929,1.39305,7.40,15.40
2009.06.19 15:00:40.752,1.3929,1.39305,8.00,9.60
2009.06.19 15:00:41.132,1.393,1.39305,3.20,1.60
2009.06.19 15:00:43.571,1.393,1.3931,3.20,18.60
2009.06.19 15:00:44.231,1.39305,1.39315,1.00,27.00
2009.06.19 15:00:44.701,1.393,1.39315,8.00,15.40
2009.06.19 15:00:45.051,1.393,1.39315,32.80,9.60
2009.06.19 15:00:45.281,1.39305,1.39315,1.60,8.00
2009.06.19 15:00:45.461,1.39305,1.39315,2.40,13.80
2009.06.19 15:00:45.671,1.393,1.39315,10.40,15.40
2009.06.19 15:00:46.131,1.39305,1.39315,2.40,20.60
2009.06.19 15:00:46.370,1.39305,1.3931,2.40,8.00
2009.06.19 15:00:46.810,1.39305,1.3932,2.40,19.80
2009.06.19 15:00:47.030,1.3931,1.39315,3.20,15.40
2009.06.19 15:00:47.260,1.3931,1.39315,3.20,9.60
2009.06.19 15:00:47.662,1.3931,1.39325,3.20,21.00
2009.06.19 15:00:48.060,1.3931,1.3932,3.20,13.60
2009.06.19 15:00:48.710,1.3931,1.3932,3.20,18.60
2009.06.19 15:00:49.290,1.3931,1.3932,3.20,18.60
2009.06.19 15:00:49.750,1.3931,1.3932,4.00,15.40
2009.06.19 15:00:49.980,1.3931,1.3932,5.60,15.40
2009.06.19 15:00:50.449,1.39315,1.3932,3.40,8.00
2009.06.19 15:00:50.950,1.39325,1.3933,11.20,1.60
2009.06.19 15:00:51.239,1.3933,1.39335,3.20,1.60
2009.06.19 15:00:51.879,1.3933,1.3934,3.20,9.60
2009.06.19 15:00:52.399,1.3933,1.3934,3.20,9.60
2009.06.19 15:00:53.639,1.3933,1.39345,3.20,26.20
2009.06.19 15:00:54.049,1.39325,1.3934,11.80,19.80
2009.06.19 15:00:54.499,1.3932,1.39335,15.20,20.60
2009.06.19 15:00:54.908,1.3932,1.39335,13.60,23.00
2009.06.19 15:00:55.288,1.3932,1.39335,5.80,23.00
2009.06.19 15:00:55.628,1.3932,1.39335,7.20,23.00
2009.06.19 15:00:55.748,1.3932,1.39335,8.80,23.00
2009.06.19 15:00:55.868,1.3932,1.39335,8.60,17.20
2009.06.19 15:00:56.228,1.3932,1.3933,10.00,3.20
2009.06.19 15:00:56.468,1.3932,1.3933,14.80,3.20
2009.06.19 15:00:56.938,1.3932,1.3933,16.80,3.20
2009.06.19 15:00:57.228,1.3932,1.3933,13.40,11.20
2009.06.19 15:00:57.548,1.3932,1.3933,5.60,11.20
2009.06.19 15:00:57.708,1.3932,1.3933,3.20,12.80
2009.06.19 15:00:58.358,1.3932,1.39325,3.20,8.00
2009.06.19 15:00:58.748,1.39315,1.39325,7.80,10.80
2009.06.19 15:00:59.098,1.39315,1.39325,1.00,9.60
2009.06.19 15:01:00.157,1.3931,1.3932,16.00,11.20
2009.06.19 15:01:01.667,1.3931,1.3932,16.00,3.20
2009.06.19 15:01:02.247,1.3931,1.3932,2.80,14.80
2009.06.19 15:01:02.637,1.3931,1.3932,5.60,11.20
2009.06.19 15:01:03.036,1.3931,1.3932,5.80,11.20
2009.06.19 15:01:03.336,1.3931,1.3932,8.40,11.20
2009.06.19 15:01:03.917,1.3931,1.3932,20.40,11.20
2009.06.19 15:01:04.546,1.3931,1.3932,25.20,11.20
2009.06.19 15:01:05.006,1.3931,1.3932,28.00,11.20
2009.06.19 15:01:05.986,1.3932,1.39325,3.20,8.00
2009.06.19 15:01:06.046,1.3932,1.3933,6.60,18.00
2009.06.19 15:01:06.646,1.3932,1.3933,5.40,11.20
2009.06.19 15:01:07.046,1.3932,1.3933,10.20,11.20
2009.06.19 15:01:07.435,1.3932,1.3933,13.00,11.20
2009.06.19 15:01:07.706,1.3932,1.3933,16.20,11.20
2009.06.19 15:01:08.095,1.3932,1.3933,13.00,11.20
2009.06.19 15:01:08.395,1.39315,1.3933,6.40,11.60
2009.06.19 15:01:08.725,1.3932,1.3933,1.00,11.60
2009.06.19 15:01:09.125,1.3932,1.39335,2.00,20.60
2009.06.19 15:01:09.775,1.39325,1.39335,1.00,20.60
2009.06.19 15:01:10.415,1.39325,1.39335,6.00,8.00
2009.06.19 15:01:10.525,1.39325,1.3934,6.00,19.80
2009.06.19 15:01:12.554,1.39325,1.39345,5.80,31.80
2009.06.19 15:01:12.664,1.39325,1.39335,4.80,6.80
2009.06.19 15:01:13.194,1.3932,1.39335,31.40,14.80
2009.06.19 15:01:13.654,1.3932,1.3933,29.00,11.20
2009.06.19 15:01:14.114,1.3932,1.3933,26.60,11.20
2009.06.19 15:01:14.524,1.3932,1.3933,4.00,11.20
2009.06.19 15:01:16.653,1.3932,1.3933,4.00,3.20
2009.06.19 15:01:16.763,1.3932,1.3933,3.20,4.80
2009.06.19 15:01:17.523,1.3932,1.3933,3.20,19.40
2009.06.19 15:01:17.813,1.3932,1.39325,3.20,8.00
2009.06.19 15:01:18.213,1.3931,1.3932,3.20,3.20
2009.06.19 15:01:18.933,1.3931,1.3932,22.40,6.80
2009.06.19 15:01:19.454,1.3931,1.3932,14.60,6.80
2009.06.19 15:01:19.912,1.39305,1.3931,8.20,3.20
2009.06.19 15:01:20.203,1.3931,1.39315,1.00,1.60
2009.06.19 15:01:20.662,1.3931,1.3932,1.00,4.80
2009.06.19 15:01:20.942,1.39305,1.3932,15.40,4.80
2009.06.19 15:01:21.242,1.39305,1.3932,17.60,4.80
2009.06.19 15:01:21.772,1.3931,1.3932,5.60,4.80
2009.06.19 15:01:22.002,1.3931,1.3932,4.00,4.80
2009.06.19 15:01:22.522,1.3931,1.3932,3.20,4.80
2009.06.19 15:01:23.821,1.3931,1.3932,3.40,4.80
2009.06.19 15:01:23.981,1.3931,1.3932,3.40,3.20
2009.06.19 15:01:27.411,1.3931,1.3932,3.40,18.60
2009.06.19 15:01:27.590,1.3931,1.3932,3.20,18.60
2009.06.19 15:01:28.761,1.39305,1.39315,28.00,8.00
2009.06.19 15:01:29.120,1.39305,1.39315,10.40,9.60
2009.06.19 15:01:29.530,1.393,1.39315,10.00,15.40
2009.06.19 15:01:29.950,1.39295,1.393,2.40,8.00
2009.06.19 15:01:30.290,1.39295,1.393,3.80,3.20
2009.06.19 15:01:30.670,1.3929,1.393,3.20,12.80
2009.06.19 15:01:31.020,1.3929,1.393,1.00,12.80
2009.06.19 15:01:31.340,1.3929,1.393,1.60,12.80
2009.06.19 15:01:31.569,1.39295,1.39305,3.20,18.60
2009.06.19 15:01:31.860,1.39295,1.393,9.20,3.20
2009.06.19 15:01:32.320,1.39295,1.393,1.60,10.40
2009.06.19 15:01:32.679,1.393,1.39305,4.40,1.60
2009.06.19 15:01:32.970,1.39295,1.3931,23.40,12.80
2009.06.19 15:01:33.559,1.39295,1.3931,10.60,12.80
2009.06.19 15:01:33.910,1.39295,1.393,2.40,3.20
2009.06.19 15:01:34.249,1.3929,1.393,30.20,3.20
2009.06.19 15:01:34.780,1.3929,1.393,3.20,11.20
2009.06.19 15:01:36.539,1.3929,1.393,3.40,11.20
2009.06.19 15:01:36.829,1.3929,1.393,2.40,11.20
2009.06.19 15:01:37.179,1.393,1.39305,3.20,8.70
2009.06.19 15:01:37.508,1.3929,1.39295,5.80,9.70
2009.06.19 15:01:37.800,1.3929,1.39295,10.80,11.90
2009.06.19 15:01:38.148,1.39285,1.3929,3.20,11.20
2009.06.19 15:01:38.508,1.3929,1.393,3.20,18.60
2009.06.19 15:01:39.099,1.3929,1.39305,9.80,15.40
2009.06.19 15:01:39.438,1.3929,1.39305,9.80,13.80
2009.06.19 15:01:39.958,1.3929,1.393,20.00,8.00
2009.06.19 15:01:40.458,1.3929,1.393,6.20,11.20
2009.06.19 15:01:40.978,1.393,1.39305,3.20,9.30
2009.06.19 15:01:41.328,1.393,1.39305,3.20,8.00
2009.06.19 15:01:41.617,1.393,1.3931,3.20,12.80
2009.06.19 15:01:42.427,1.393,1.3931,12.00,3.20
2009.06.19 15:01:42.657,1.393,1.39315,17.20,18.80
2009.06.19 15:01:42.887,1.393,1.39315,16.60,24.60
2009.06.19 15:01:43.127,1.393,1.3931,3.20,4.80
2009.06.19 15:01:43.477,1.393,1.3931,3.20,12.80
2009.06.19 15:01:46.376,1.3931,1.39315,1.20,7.40
2009.06.19 15:01:47.366,1.39305,1.39315,6.40,8.00
2009.06.19 15:01:47.716,1.39305,1.39315,4.40,9.60
2009.06.19 15:01:48.466,1.3931,1.39315,3.20,9.60
2009.06.19 15:01:49.585,1.3931,1.39315,3.20,11.20
2009.06.19 15:01:49.865,1.393,1.39305,20.80,8.00
2009.06.19 15:01:50.155,1.39305,1.3931,10.80,11.80
2009.06.19 15:01:50.515,1.3929,1.393,3.20,18.60
2009.06.19 15:01:50.985,1.39285,1.393,5.80,18.60
2009.06.19 15:01:51.565,1.3928,1.39285,20.00,5.80
2009.06.19 15:01:51.905,1.3928,1.39285,12.00,5.80
2009.06.19 15:01:52.195,1.3928,1.39285,9.20,5.80
2009.06.19 15:01:52.535,1.3928,1.39285,1.20,5.80
2009.06.19 15:01:52.925,1.39275,1.3928,6.10,3.80
2009.06.19 15:01:53.255,1.39285,1.39295,1.00,15.40
2009.06.19 15:01:53.765,1.3928,1.39295,8.00,15.40
2009.06.19 15:01:54.834,1.3928,1.39295,8.00,17.20
2009.06.19 15:01:55.174,1.3928,1.39285,3.20,5.80
2009.06.19 15:01:55.754,1.39275,1.3928,10.40,5.60
2009.06.19 15:01:56.084,1.3927,1.39275,1.20,10.40
2009.06.19 15:01:56.424,1.39265,1.39275,4.20,10.40
2009.06.19 15:01:56.714,1.3927,1.3928,3.20,18.60
2009.06.19 15:01:57.014,1.3927,1.3928,3.20,13.60
2009.06.19 15:01:57.543,1.3927,1.3928,4.60,13.60
2009.06.19 15:01:57.843,1.3927,1.3928,5.40,13.60
2009.06.19 15:01:58.364,1.3927,1.3928,5.40,11.20
2009.06.19 15:02:01.342,1.39275,1.39285,1.60,9.60
2009.06.19 15:02:01.792,1.3927,1.39285,8.00,9.60
2009.06.19 15:02:02.202,1.39275,1.39285,1.00,9.60
2009.06.19 15:02:02.382,1.39275,1.39285,12.60,1.60
2009.06.19 15:02:02.612,1.39275,1.39285,4.60,1.60
2009.06.19 15:02:02.782,1.3927,1.39285,8.00,9.60
2009.06.19 15:02:06.161,1.39275,1.39285,6.20,8.00
2009.06.19 15:02:06.521,1.39275,1.3929,26.40,16.20
2009.06.19 15:02:06.691,1.39275,1.3928,11.00,11.20
2009.06.19 15:02:07.411,1.3928,1.3929,9.00,9.60
2009.06.19 15:02:07.701,1.3928,1.3929,9.00,9.60
2009.06.19 15:02:08.121,1.3928,1.39295,9.00,15.40
2009.06.19 15:02:08.531,1.3928,1.3929,7.40,11.20
2009.06.19 15:02:08.761,1.3928,1.3929,13.00,11.20
2009.06.19 15:02:09.441,1.3928,1.3929,16.20,11.20
2009.06.19 15:02:10.141,1.3928,1.3929,4.00,11.20
2009.06.19 15:02:10.320,1.3928,1.39285,3.00,3.20
2009.06.19 15:02:10.370,1.39275,1.39285,32.00,11.20
2009.06.19 15:02:10.920,1.3928,1.3929,4.80,9.60
2009.06.19 15:02:11.300,1.39285,1.39295,1.00,15.40
2009.06.19 15:02:11.750,1.3928,1.3929,3.20,30.80
2009.06.19 15:02:12.090,1.39275,1.39285,25.80,8.00
2009.06.19 15:02:12.620,1.3928,1.3929,3.20,18.60
2009.06.19 15:02:13.440,1.3928,1.3929,3.20,12.80
2009.06.19 15:02:15.119,1.3928,1.3929,7.80,9.60
2009.06.19 15:02:15.239,1.3928,1.39295,10.80,21.00
2009.06.19 15:02:18.588,1.3928,1.39295,9.60,21.00
2009.06.19 15:02:19.518,1.3928,1.3929,28.00,11.20
2009.06.19 15:02:19.878,1.3928,1.3929,5.80,11.20
2009.06.19 15:02:20.868,1.39285,1.3929,1.20,11.20
2009.06.19 15:02:21.387,1.3929,1.393,3.20,20.20
2009.06.19 15:02:21.678,1.3929,1.393,3.20,18.60
2009.06.19 15:02:21.798,1.3929,1.393,8.40,12.80
2009.06.19 15:02:22.028,1.3929,1.393,8.60,11.20
2009.06.19 15:02:22.387,1.3929,1.393,9.00,3.20
2009.06.19 15:02:22.677,1.39295,1.39305,3.20,1.60
2009.06.19 15:02:23.457,1.39305,1.3931,6.80,8.80
2009.06.19 15:02:23.737,1.3931,1.3932,3.20,13.80
2009.06.19 15:02:24.087,1.393,1.39315,12.00,1.60
2009.06.19 15:02:24.377,1.393,1.39315,9.40,1.60
2009.06.19 15:02:24.797,1.393,1.3931,16.20,1.60
2009.06.19 15:02:25.088,1.393,1.3931,5.00,1.60
2009.06.19 15:02:25.617,1.39305,1.39315,2.40,11.80
2009.06.19 15:02:25.966,1.3931,1.3932,3.20,28.40
2009.06.19 15:02:26.257,1.3931,1.3932,3.20,18.60
2009.06.19 15:02:27.286,1.393,1.39315,11.20,14.00
2009.06.19 15:02:27.806,1.39315,1.39325,7.20,16.70
2009.06.19 15:02:28.146,1.39315,1.39325,7.40,11.20
2009.06.19 15:02:28.536,1.3932,1.3933,3.20,6.80
2009.06.19 15:02:28.806,1.3932,1.3933,3.20,4.80
2009.06.19 15:02:30.066,1.3932,1.3933,3.20,3.20
2009.06.19 15:02:32.727,1.39325,1.39335,5.00,13.40
2009.06.19 15:02:33.065,1.39325,1.3934,5.80,18.60
2009.06.19 15:02:33.695,1.3933,1.3934,1.00,18.60
2009.06.19 15:02:35.774,1.39325,1.3934,26.60,19.80
2009.06.19 15:02:36.414,1.39325,1.39335,4.80,6.00
2009.06.19 15:02:36.994,1.3932,1.39335,3.20,19.80
2009.06.19 15:02:37.315,1.3932,1.39335,3.20,24.60
2009.06.19 15:02:37.954,1.3932,1.3933,3.20,12.80
2009.06.19 15:02:40.133,1.39315,1.3932,1.20,5.80
2009.06.19 15:02:40.483,1.3931,1.3932,3.20,10.60
2009.06.19 15:02:41.004,1.3931,1.3932,4.00,12.80
2009.06.19 15:02:41.403,1.3931,1.3932,13.40,11.20
2009.06.19 15:02:43.122,1.3931,1.3932,8.60,11.20
2009.06.19 15:02:43.342,1.3931,1.3932,5.60,11.20
2009.06.19 15:02:43.402,1.3931,1.3932,4.00,11.20
2009.06.19 15:02:45.472,1.3931,1.3932,4.00,11.20
2009.06.19 15:02:45.822,1.3931,1.3932,3.20,12.80
2009.06.19 15:02:48.361,1.393,1.39305,3.20,8.00
2009.06.19 15:02:48.711,1.393,1.39315,9.00,20.20
2009.06.19 15:02:49.001,1.393,1.39315,41.00,8.00
2009.06.19 15:02:49.341,1.39305,1.39315,1.00,8.00
2009.06.19 15:02:49.763,1.39305,1.39315,1.60,8.00
2009.06.19 15:02:50.172,1.3931,1.3932,3.40,12.60
2009.06.19 15:02:51.091,1.3931,1.3932,3.20,18.60
2009.06.19 15:02:54.690,1.3931,1.3932,3.20,47.40
2009.06.19 15:02:55.030,1.393,1.3931,4.80,18.60
2009.06.19 15:02:55.840,1.393,1.3931,3.20,18.60
2009.06.19 15:02:56.529,1.393,1.3931,9.00,8.00
2009.06.19 15:02:56.879,1.39305,1.39315,1.00,10.80
2009.06.19 15:02:57.049,1.39305,1.39315,1.00,8.00
2009.06.19 15:02:57.399,1.39305,1.3932,8.80,19.80
2009.06.19 15:02:57.569,1.39305,1.3932,9.80,19.80
2009.06.19 15:02:57.679,1.39305,1.3932,6.20,19.80
2009.06.19 15:03:00.588,1.393,1.3931,3.20,18.60
2009.06.19 15:03:01.188,1.393,1.3931,4.00,11.20
2009.06.19 15:03:01.638,1.3931,1.39315,3.80,9.40
2009.06.19 15:03:02.059,1.39315,1.39325,2.40,8.80
2009.06.19 15:03:02.358,1.39315,1.3933,12.00,14.80
2009.06.19 15:03:02.928,1.3932,1.3933,4.60,11.20
2009.06.19 15:03:03.558,1.3932,1.3933,3.20,18.60
2009.06.19 15:03:03.618,1.39315,1.3932,5.00,11.20
2009.06.19 15:03:06.267,1.39305,1.3932,1.00,19.80
2009.06.19 15:03:06.437,1.39305,1.3931,1.20,11.20
2009.06.19 15:03:06.967,1.393,1.3931,3.20,18.60
2009.06.19 15:03:07.667,1.39295,1.39305,19.40,8.00
2009.06.19 15:03:07.967,1.39295,1.39305,13.00,8.00
2009.06.19 15:03:11.766,1.39305,1.39315,1.60,1.60
2009.06.19 15:03:11.946,1.39305,1.39315,1.00,1.60
2009.06.19 15:03:12.065,1.39305,1.39315,1.00,9.60
2009.06.19 15:03:12.295,1.39305,1.39315,1.00,9.60
2009.06.19 15:03:12.406,1.39305,1.39315,1.60,8.00
2009.06.19 15:03:12.685,1.3931,1.39315,4.80,8.00
2009.06.19 15:03:13.095,1.3931,1.3932,9.00,11.20
2009.06.19 15:03:13.855,1.3931,1.39315,3.20,8.00
2009.06.19 15:03:14.195,1.39305,1.39315,8.40,8.00
2009.06.19 15:03:14.675,1.393,1.39315,4.80,14.00
2009.06.19 15:03:15.005,1.393,1.39315,13.80,14.00
2009.06.19 15:03:15.345,1.39305,1.39315,1.00,9.60
2009.06.19 15:03:15.745,1.39305,1.39315,4.40,9.60
2009.06.19 15:03:16.245,1.39305,1.39315,4.40,8.00
2009.06.19 15:03:16.785,1.39305,1.3932,5.00,41.00
2009.06.19 15:03:17.304,1.39305,1.3932,5.80,18.60
2009.06.19 15:03:18.424,1.3931,1.3932,1.00,12.80
2009.06.19 15:03:18.774,1.3931,1.3932,5.40,11.20
2009.06.19 15:03:19.124,1.3931,1.3932,4.20,11.20
2009.06.19 15:03:19.933,1.3931,1.3932,9.00,8.00
2009.06.19 15:03:20.224,1.39315,1.3932,1.00,1.00
2009.06.19 15:03:20.633,1.3931,1.39325,9.00,15.40
2009.06.19 15:03:21.563,1.3931,1.3932,4.20,3.20
2009.06.19 15:03:21.793,1.3931,1.3932,4.20,8.00
2009.06.19 15:03:21.963,1.39315,1.39325,1.00,15.40
2009.06.19 15:03:22.483,1.3931,1.39325,9.00,15.40
2009.06.19 15:03:23.423,1.3932,1.39325,3.20,8.00
2009.06.19 15:03:23.655,1.3932,1.39335,3.20,23.20
2009.06.19 15:03:24.473,1.3932,1.3933,3.20,18.60
2009.06.19 15:03:25.392,1.3932,1.3933,3.20,18.60
2009.06.19 15:03:25.742,1.3932,1.39325,3.20,1.60
2009.06.19 15:03:25.902,1.39315,1.3932,4.20,3.20
2009.06.19 15:03:26.142,1.39315,1.3933,4.20,25.40
2009.06.19 15:03:26.652,1.3931,1.3932,16.80,3.20
2009.06.19 15:03:28.621,1.39315,1.3932,1.60,3.20
2009.06.19 15:03:28.901,1.3932,1.39325,3.20,9.60
2009.06.19 15:03:29.191,1.3932,1.3933,3.20,18.60
2009.06.19 15:03:29.661,1.3932,1.3933,3.20,18.60
2009.06.19 15:03:30.292,1.3932,1.3933,3.20,18.60
2009.06.19 15:03:31.191,1.39315,1.3932,13.00,4.80
2009.06.19 15:03:31.721,1.3931,1.3932,3.20,12.80
2009.06.19 15:03:32.011,1.3931,1.3932,4.20,12.80
2009.06.19 15:03:34.260,1.39305,1.39315,20.00,9.60
2009.06.19 15:03:34.550,1.39305,1.39315,4.40,9.60
2009.06.19 15:03:35.600,1.3931,1.39315,3.20,8.00
2009.06.19 15:03:35.830,1.3931,1.3932,3.20,18.60
2009.06.19 15:03:36.820,1.3931,1.3932,9.00,9.60
2009.06.19 15:03:37.299,1.3931,1.39325,9.00,15.40
2009.06.19 15:03:37.799,1.39315,1.39325,3.20,9.60
2009.06.19 15:03:38.279,1.39315,1.39325,4.20,9.60
2009.06.19 15:03:38.399,1.39315,1.3933,5.80,19.80
2009.06.19 15:03:39.199,1.3932,1.3933,1.20,6.00
2009.06.19 15:03:39.559,1.39318,1.39338,3.20,18.60
2009.06.19 15:03:40.490,1.3933,1.39355,28.00,18.60
2009.06.19 15:03:40.879,1.3933,1.39345,16.80,19.80
2009.06.19 15:03:41.239,1.3933,1.39345,4.40,19.80
2009.06.19 15:03:42.518,1.3933,1.3934,4.40,9.60
2009.06.19 15:03:42.978,1.3933,1.3934,4.60,9.60
2009.06.19 15:03:43.088,1.3933,1.3934,4.40,9.60
2009.06.19 15:03:43.938,1.3933,1.3934,9.60,3.20
2009.06.19 15:03:44.217,1.39335,1.3935,6.20,23.00
2009.06.19 15:03:44.728,1.3934,1.3935,3.20,21.80
2009.06.19 15:03:45.021,1.3934,1.3935,4.80,16.00
2009.06.19 15:03:45.367,1.3934,1.3935,9.60,12.80
2009.06.19 15:03:45.659,1.39355,1.3936,1.00,7.20
2009.06.19 15:03:46.007,1.3936,1.39375,3.20,19.20
2009.06.19 15:03:46.307,1.39355,1.39375,15.20,18.60
2009.06.19 15:03:46.707,1.39355,1.39375,4.40,20.20
2009.06.19 15:03:47.277,1.3935,1.39365,8.40,12.40
2009.06.19 15:03:47.627,1.3935,1.39365,15.60,12.40
2009.06.19 15:03:48.817,1.3935,1.39365,16.40,14.80
2009.06.19 15:03:49.756,1.3935,1.39365,11.60,18.40
2009.06.19 15:03:50.156,1.39355,1.39365,1.00,18.40
2009.06.19 15:03:50.687,1.3936,1.39365,3.20,10.40
2009.06.19 15:03:51.256,1.39355,1.3937,18.40,13.60
2009.06.19 15:03:51.556,1.39355,1.3937,18.80,14.80
2009.06.19 15:03:51.886,1.39355,1.3937,18.80,12.80
2009.06.19 15:03:52.356,1.3936,1.3937,1.20,12.80
2009.06.19 15:03:52.686,1.3936,1.3937,3.20,12.80
2009.06.19 15:03:52.986,1.3936,1.3937,3.20,19.00
2009.06.19 15:03:53.346,1.39355,1.39365,21.60,8.00
2009.06.19 15:03:53.926,1.39355,1.39365,1.00,9.60
2009.06.19 15:03:55.695,1.3935,1.3936,44.20,3.20
2009.06.19 15:03:55.985,1.3935,1.3936,3.40,11.20
2009.06.19 15:04:03.103,1.3935,1.3936,3.20,11.20
2009.06.19 15:04:03.373,1.3935,1.3936,25.40,21.00
2009.06.19 15:04:03.603,1.3935,1.39355,11.00,7.80
2009.06.19 15:04:03.953,1.39345,1.3935,8.00,3.20
2009.06.19 15:04:04.283,1.39345,1.3935,1.00,9.40
2009.06.19 15:04:04.693,1.3934,1.3935,3.20,19.00
2009.06.19 15:04:09.502,1.39335,1.3934,2.80,11.20
2009.06.19 15:04:09.781,1.3933,1.3934,24.80,11.20
2009.06.19 15:04:10.021,1.3933,1.3934,33.00,3.20
2009.06.19 15:04:10.762,1.3933,1.3934,3.20,11.00
2009.06.19 15:04:10.881,1.3933,1.3934,31.40,12.80
2009.06.19 15:04:11.121,1.3933,1.3934,32.20,11.20
2009.06.19 15:04:11.351,1.3933,1.3934,32.40,3.20
2009.06.19 15:04:12.091,1.39335,1.3934,1.00,3.20
2009.06.19 15:04:12.501,1.39335,1.3935,4.60,19.00
2009.06.19 15:04:13.141,1.39335,1.39345,4.60,8.00
2009.06.19 15:04:15.560,1.39335,1.3935,4.60,19.00
2009.06.19 15:04:15.740,1.39335,1.3935,4.60,20.20
2009.06.19 15:04:16.680,1.3934,1.3935,3.20,11.20
2009.06.19 15:04:17.590,1.3934,1.3935,27.60,11.20
2009.06.19 15:04:17.710,1.3934,1.3935,28.40,3.20
2009.06.19 15:04:20.569,1.3934,1.39355,10.20,15.80
2009.06.19 15:04:20.979,1.39345,1.39355,16.00,7.80
2009.06.19 15:04:21.499,1.39345,1.39355,4.20,9.60
2009.06.19 15:04:22.259,1.39345,1.39355,4.40,9.60
2009.06.19 15:04:23.748,1.39345,1.39355,4.20,9.60
2009.06.19 15:04:24.238,1.3935,1.39355,3.20,9.60
2009.06.19 15:04:24.518,1.3935,1.39355,3.20,8.00
2009.06.19 15:04:24.628,1.3935,1.3936,3.20,19.00
2009.06.19 15:04:25.378,1.3935,1.3936,3.20,12.60
2009.06.19 15:04:26.228,1.3935,1.3936,9.40,9.40
2009.06.19 15:04:26.688,1.3935,1.39365,10.40,15.80
2009.06.19 15:04:30.827,1.3935,1.3936,10.40,3.20
2009.06.19 15:04:30.946,1.3935,1.3936,44.60,11.20
2009.06.19 15:04:31.626,1.3935,1.3936,33.40,11.20
2009.06.19 15:04:34.406,1.3935,1.3936,32.60,11.20
2009.06.19 15:04:35.226,1.3935,1.3936,3.20,11.20
2009.06.19 15:04:37.785,1.39335,1.39345,11.80,8.00
2009.06.19 15:04:38.075,1.3934,1.39345,6.40,8.00
2009.06.19 15:04:38.665,1.39335,1.3935,5.40,8.00
2009.06.19 15:04:38.965,1.39335,1.3935,5.40,19.80
2009.06.19 15:04:39.205,1.39335,1.39345,5.20,8.00
2009.06.19 15:04:39.445,1.39335,1.39345,4.40,9.60
2009.06.19 15:04:40.354,1.39335,1.39345,4.40,1.60
2009.06.19 15:04:40.874,1.3933,1.3934,33.60,2.60
2009.06.19 15:04:41.174,1.3933,1.3934,20.80,2.60
2009.06.19 15:04:41.624,1.3933,1.3934,28.60,2.60
2009.06.19 15:04:41.794,1.3933,1.3934,3.20,10.40
2009.06.19 15:04:42.084,1.3933,1.3934,3.20,18.40
2009.06.19 15:04:42.703,1.3933,1.3934,3.20,4.80
2009.06.19 15:04:42.873,1.3933,1.3934,4.20,3.20
2009.06.19 15:04:43.233,1.39335,1.3934,3.20,3.20
2009.06.19 15:04:43.634,1.39335,1.39345,4.40,22.20
2009.06.19 15:04:43.804,1.3933,1.39345,10.40,13.60
2009.06.19 15:04:44.923,1.3933,1.39345,8.80,13.60
2009.06.19 15:04:45.083,1.3933,1.3934,29.20,11.20
2009.06.19 15:04:45.423,1.39335,1.39345,4.40,9.60
2009.06.19 15:04:45.823,1.3933,1.39345,10.40,9.60
2009.06.19 15:04:46.333,1.3933,1.3934,7.60,11.20
2009.06.19 15:04:46.863,1.3933,1.3934,4.00,17.40
2009.06.19 15:04:47.133,1.3933,1.39335,3.20,8.00
2009.06.19 15:04:47.483,1.3933,1.39335,2.80,10.80
2009.06.19 15:04:47.782,1.3932,1.39335,9.20,9.60
2009.06.19 15:04:48.292,1.3932,1.3933,3.20,19.00
2009.06.19 15:04:48.592,1.3932,1.3933,3.20,12.80
2009.06.19 15:04:48.822,1.3932,1.3933,3.20,12.80
2009.06.19 15:04:50.312,1.3933,1.39335,8.60,8.00
2009.06.19 15:04:50.962,1.39335,1.3934,7.60,11.20
2009.06.19 15:04:51.322,1.39335,1.3935,22.00,12.80
2009.06.19 15:04:51.612,1.39335,1.3935,21.20,12.80
2009.06.19 15:04:52.082,1.3933,1.39335,7.40,8.00
2009.06.19 15:04:52.431,1.3932,1.39335,13.20,11.20
2009.06.19 15:04:53.001,1.3932,1.39335,16.40,11.20
2009.06.19 15:04:53.231,1.3932,1.3933,4.20,11.20
2009.06.19 15:04:54.191,1.39325,1.3933,1.00,11.20
2009.06.19 15:04:54.721,1.3933,1.3934,3.20,23.00
2009.06.19 15:04:55.001,1.3933,1.3934,3.20,19.00
2009.06.19 15:04:55.291,1.39325,1.39335,7.00,8.00
2009.06.19 15:04:55.351,1.39325,1.39335,3.80,8.00
2009.06.19 15:04:55.671,1.39325,1.3934,27.40,15.80
2009.06.19 15:04:56.230,1.39325,1.39335,12.40,14.00
2009.06.19 15:04:56.520,1.39325,1.39335,1.00,14.00
2009.06.19 15:04:59.500,1.39325,1.3933,1.00,1.20
2009.06.19 15:04:59.560,1.3932,1.3933,18.00,11.20
2009.06.19 15:04:59.800,1.3932,1.3933,19.60,11.20
2009.06.19 15:04:59.860,1.3932,1.3933,16.40,11.20
2009.06.19 15:05:00.989,1.39325,1.39335,1.00,9.60
2009.06.19 15:05:01.969,1.39325,1.39335,8.20,9.60
2009.06.19 15:05:02.359,1.39325,1.3934,27.40,15.80
2009.06.19 15:05:02.639,1.39325,1.39335,20.60,2.80
2009.06.19 15:05:02.939,1.39325,1.3933,1.60,3.20
2009.06.19 15:05:03.219,1.39325,1.39335,9.00,9.60
2009.06.19 15:05:03.569,1.39325,1.3934,27.40,15.80
2009.06.19 15:05:06.798,1.3933,1.3934,3.20,12.80
2009.06.19 15:05:07.068,1.3933,1.3934,8.40,9.60
2009.06.19 15:05:07.368,1.3934,1.39345,10.00,8.00
2009.06.19 15:05:07.598,1.39345,1.39355,1.00,18.20
2009.06.19 15:05:07.958,1.3934,1.39355,9.00,18.20
2009.06.19 15:05:08.827,1.3934,1.3935,3.20,4.80
2009.06.19 15:05:09.189,1.3934,1.39345,3.20,8.00
2009.06.19 15:05:09.477,1.39335,1.39345,19.00,8.00
2009.06.19 15:05:09.877,1.39335,1.39345,4.60,8.00
2009.06.19 15:05:12.816,1.39335,1.3934,1.00,3.20
2009.06.19 15:05:13.546,1.3933,1.3934,3.20,12.80
2009.06.19 15:05:14.016,1.3933,1.3934,3.20,19.00
2009.06.19 15:05:14.956,1.3933,1.3934,5.80,8.00
2009.06.19 15:05:15.228,1.3933,1.3934,13.00,8.00
2009.06.19 15:05:15.626,1.39335,1.39345,7.00,8.00
2009.06.19 15:05:15.906,1.3934,1.3935,3.20,20.20
2009.06.19 15:05:16.256,1.3934,1.3935,3.20,11.00
2009.06.19 15:05:17.135,1.3934,1.39345,5.00,1.60
2009.06.19 15:05:17.705,1.39335,1.39345,4.40,1.60
2009.06.19 15:05:22.084,1.3933,1.39335,19.40,1.60
2009.06.19 15:05:22.434,1.3933,1.39335,8.80,10.40
2009.06.19 15:05:22.674,1.3933,1.3934,3.20,11.00
2009.06.19 15:05:23.134,1.3933,1.3934,3.20,19.00
2009.06.19 15:05:25.224,1.3933,1.3934,3.20,12.80
2009.06.19 15:05:27.603,1.3933,1.3934,3.20,19.00
2009.06.19 15:05:27.883,1.3933,1.39335,10.40,11.80
2009.06.19 15:05:28.183,1.39335,1.39345,1.00,19.00
2009.06.19 15:05:28.533,1.3933,1.3934,3.20,9.60
2009.06.19 15:05:28.933,1.3933,1.3934,5.60,8.00
2009.06.19 15:05:29.334,1.3933,1.39345,9.00,15.80
2009.06.19 15:05:29.622,1.3933,1.39345,7.40,17.40
2009.06.19 15:05:30.032,1.3933,1.3934,6.00,20.80
2009.06.19 15:05:30.432,1.39325,1.3934,7.20,15.80
2009.06.19 15:05:31.312,1.3933,1.3934,5.80,8.00
2009.06.19 15:05:31.662,1.3933,1.3934,3.20,8.00
2009.06.19 15:05:32.082,1.39325,1.3933,19.60,3.20
2009.06.19 15:05:32.442,1.3933,1.39335,10.60,5.70
2009.06.19 15:05:32.722,1.3933,1.3934,3.40,11.20
2009.06.19 15:05:33.242,1.3933,1.3934,7.00,9.60
2009.06.19 15:05:33.581,1.3933,1.39345,9.00,17.00
2009.06.19 15:05:33.931,1.3933,1.39345,10.20,17.00
2009.06.19 15:05:34.831,1.3933,1.39345,5.80,17.00
2009.06.19 15:05:35.181,1.3933,1.39345,7.00,15.80
2009.06.19 15:05:35.461,1.3933,1.39345,11.80,15.80
2009.06.19 15:05:35.571,1.3933,1.39345,9.00,15.80
2009.06.19 15:05:35.851,1.39335,1.39345,4.20,9.60
2009.06.19 15:05:36.141,1.39335,1.39345,5.20,8.00
2009.06.19 15:05:36.811,1.3934,1.3935,3.20,19.00
2009.06.19 15:05:37.111,1.3934,1.3935,3.20,12.80
2009.06.19 15:05:40.660,1.3934,1.3935,3.20,14.60
2009.06.19 15:05:40.950,1.3933,1.3934,20.40,11.20
2009.06.19 15:05:41.430,1.39345,1.3935,1.00,6.90
2009.06.19 15:05:41.779,1.39345,1.3935,3.80,12.20
2009.06.19 15:05:42.129,1.39345,1.3935,11.00,12.20
2009.06.19 15:05:42.479,1.39335,1.3935,5.60,20.20
2009.06.19 15:05:42.539,1.39335,1.3935,5.40,20.20
2009.06.19 15:05:42.949,1.39335,1.39345,4.20,9.60
2009.06.19 15:05:43.629,1.3933,1.39345,34.00,9.60
2009.06.19 15:05:43.919,1.3933,1.39345,23.40,20.20
2009.06.19 15:05:44.379,1.39335,1.3934,6.00,11.20
2009.06.19 15:05:44.719,1.39335,1.3934,1.60,10.40
2009.06.19 15:05:45.009,1.3933,1.3934,9.00,9.60
2009.06.19 15:05:45.488,1.3933,1.39345,9.00,15.80
2009.06.19 15:05:47.488,1.3933,1.39345,35.20,15.80
2009.06.19 15:05:47.718,1.39335,1.39345,4.20,9.60
2009.06.19 15:05:48.008,1.3933,1.39345,34.00,9.60
2009.06.19 15:05:51.217,1.3933,1.3934,33.80,8.00
2009.06.19 15:05:51.617,1.3933,1.3934,4.20,11.20
2009.06.19 15:05:52.027,1.3933,1.3934,3.20,19.00
2009.06.19 15:05:52.367,1.39325,1.3933,3.20,3.20
2009.06.19 15:05:52.647,1.3932,1.3933,13.20,3.20
2009.06.19 15:05:53.047,1.3932,1.3933,16.40,11.20
2009.06.19 15:05:54.486,1.39325,1.3933,4.20,8.00
2009.06.19 15:05:55.306,1.39325,1.39335,4.40,9.60
2009.06.19 15:05:55.646,1.39325,1.39335,1.20,9.60
2009.06.19 15:05:59.005,1.39325,1.39335,4.40,9.60
2009.06.19 15:06:00.255,1.39325,1.39335,1.20,9.60
2009.06.19 15:06:05.404,1.3932,1.3933,29.20,8.00
2009.06.19 15:06:05.744,1.3932,1.3933,13.20,11.20
2009.06.19 15:06:09.783,1.39305,1.3931,2.40,3.20
2009.06.19 15:06:10.073,1.393,1.3931,4.20,3.20
2009.06.19 15:06:10.363,1.393,1.3931,5.60,3.20
2009.06.19 15:06:10.663,1.393,1.3931,11.60,4.80
2009.06.19 15:06:11.232,1.39295,1.39305,2.40,8.00
2009.06.19 15:06:11.622,1.39295,1.39305,1.20,8.00
2009.06.19 15:06:12.312,1.39305,1.3931,5.30,14.40
2009.06.19 15:06:12.552,1.393,1.3931,16.60,8.00
2009.06.19 15:06:13.182,1.393,1.3931,5.40,4.40
2009.06.19 15:06:13.532,1.393,1.3931,5.40,8.00
2009.06.19 15:06:13.932,1.393,1.39315,5.40,17.80
2009.06.19 15:06:14.941,1.393,1.39315,8.60,17.80
2009.06.19 15:06:15.361,1.393,1.39315,16.80,15.80
2009.06.19 15:06:15.651,1.393,1.39315,19.60,15.80
2009.06.19 15:06:15.821,1.393,1.39315,16.40,15.80
2009.06.19 15:06:16.091,1.393,1.3931,13.60,4.40
2009.06.19 15:06:16.201,1.393,1.39315,8.80,17.80
2009.06.19 15:06:16.961,1.39305,1.39315,1.00,16.60
2009.06.19 15:06:17.491,1.39305,1.39315,1.00,15.80
2009.06.19 15:06:19.620,1.39305,1.39315,1.20,15.80
2009.06.19 15:06:19.680,1.39305,1.39315,3.40,15.80
2009.06.19 15:06:19.910,1.39305,1.39315,3.60,9.60
2009.06.19 15:06:19.970,1.3931,1.3932,6.20,11.20
2009.06.19 15:06:20.540,1.39315,1.39325,3.60,17.20
2009.06.19 15:06:20.830,1.39315,1.3933,7.00,21.00
2009.06.19 15:06:21.520,1.39315,1.3933,12.20,21.00
2009.06.19 15:06:23.230,1.39315,1.3933,5.00,21.00
2009.06.19 15:06:23.349,1.39315,1.3933,2.20,21.00
2009.06.19 15:06:24.189,1.39315,1.39325,2.20,8.00
2009.06.19 15:06:25.009,1.39315,1.39325,1.20,9.60
2009.06.19 15:06:25.409,1.3931,1.39325,5.60,14.80
2009.06.19 15:06:25.589,1.3931,1.3932,4.60,1.60
2009.06.19 15:06:25.979,1.39305,1.3932,30.00,11.60
2009.06.19 15:06:33.137,1.39305,1.39315,3.80,8.00
2009.06.19 15:06:33.197,1.39305,1.39315,7.00,8.00
2009.06.19 15:06:33.307,1.3931,1.39315,3.20,8.00
2009.06.19 15:06:33.767,1.3931,1.3932,3.20,19.00
2009.06.19 15:06:34.917,1.3931,1.3932,3.20,12.80
2009.06.19 15:06:36.876,1.3931,1.3932,11.20,12.80
2009.06.19 15:06:36.986,1.3931,1.3932,13.40,9.60
2009.06.19 15:06:37.216,1.3932,1.39325,1.00,16.20
2009.06.19 15:06:37.326,1.39315,1.39325,12.40,18.20
2009.06.19 15:06:37.566,1.39315,1.39325,11.60,18.20
2009.06.19 15:06:37.676,1.3931,1.39325,7.40,18.20
2009.06.19 15:06:37.736,1.3931,1.39325,7.40,17.40
2009.06.19 15:06:38.016,1.3931,1.39325,7.40,18.20
2009.06.19 15:06:38.306,1.39315,1.39325,1.00,18.20
2009.06.19 15:06:38.956,1.3931,1.3932,21.00,11.20
2009.06.19 15:06:39.176,1.3931,1.3932,13.00,11.20
2009.06.19 15:06:42.745,1.3931,1.3932,12.00,3.20
2009.06.19 15:06:42.805,1.3932,1.3933,3.20,28.00
2009.06.19 15:06:43.145,1.3932,1.3933,3.20,19.00
2009.06.19 15:06:43.444,1.3932,1.39325,3.20,7.80
2009.06.19 15:06:43.725,1.39315,1.39325,23.40,7.80
2009.06.19 15:06:44.184,1.3931,1.39325,7.60,15.80
2009.06.19 15:06:44.424,1.39315,1.39325,1.00,15.80
2009.06.19 15:07:00.191,1.3932,1.3933,4.60,12.80
2009.06.19 15:07:00.251,1.3932,1.3933,5.40,11.20
2009.06.19 15:07:01.730,1.39325,1.3933,1.20,11.20
2009.06.19 15:07:02.140,1.3933,1.3934,8.80,18.40
2009.06.19 15:07:02.480,1.3933,1.3934,24.60,1.60
2009.06.19 15:07:02.760,1.39335,1.39345,1.00,9.60
2009.06.19 15:07:03.050,1.3934,1.39345,3.20,9.60
2009.06.19 15:07:03.340,1.3934,1.3935,3.20,12.80
2009.06.19 15:07:03.920,1.3934,1.3935,8.60,11.20
2009.06.19 15:07:04.210,1.3934,1.3935,3.20,12.80
2009.06.19 15:07:05.370,1.3934,1.3935,3.20,20.80
2009.06.19 15:07:05.729,1.3933,1.39335,3.20,8.00
2009.06.19 15:07:06.369,1.3933,1.3934,3.20,12.80
2009.06.19 15:07:17.046,1.3933,1.3934,7.80,12.80
2009.06.19 15:07:17.166,1.3933,1.3934,8.60,11.20
2009.06.19 15:07:17.556,1.3933,1.3934,13.40,11.20
2009.06.19 15:07:17.836,1.3933,1.3934,16.20,11.20
2009.06.19 15:07:18.126,1.3934,1.3935,3.20,29.60
2009.06.19 15:07:18.477,1.3934,1.3935,5.80,12.80
2009.06.19 15:07:18.776,1.39345,1.3935,3.40,8.00
2009.06.19 15:07:19.066,1.39345,1.39355,8.00,8.00
2009.06.19 15:07:19.526,1.39345,1.3936,10.40,19.00
2009.06.19 15:07:19.746,1.39345,1.3936,5.60,19.00
2009.06.19 15:07:20.026,1.39345,1.39355,5.60,8.00
2009.06.19 15:07:21.116,1.3934,1.39355,22.80,10.80
2009.06.19 15:07:21.456,1.3934,1.3935,7.80,1.60
2009.06.19 15:07:21.695,1.3934,1.3935,4.40,7.80
2009.06.19 15:07:22.155,1.39335,1.3935,18.40,20.20
2009.06.19 15:07:22.395,1.39335,1.39345,1.00,9.60
2009.06.19 15:07:23.205,1.3933,1.3934,7.40,12.80
2009.06.19 15:07:23.585,1.3933,1.3934,3.20,12.80
2009.06.19 15:07:25.454,1.3933,1.3934,5.60,12.80
2009.06.19 15:07:25.734,1.3933,1.3934,9.00,9.60
2009.06.19 15:07:25.945,1.39335,1.39345,11.80,8.00
2009.06.19 15:07:26.284,1.39335,1.39345,7.00,8.00
2009.06.19 15:07:26.504,1.39335,1.3935,7.00,19.00
2009.06.19 15:07:26.864,1.39335,1.3934,10.20,8.80
2009.06.19 15:07:27.274,1.39335,1.39345,1.00,9.60
2009.06.19 15:07:28.504,1.39335,1.3934,1.00,3.20
2009.06.19 15:07:28.864,1.3933,1.3934,4.20,11.20
2009.06.19 15:07:30.214,1.3933,1.3934,4.00,17.40
2009.06.19 15:07:30.563,1.3933,1.3934,3.20,19.00
2009.06.19 15:07:30.923,1.39325,1.3933,9.60,8.00
2009.06.19 15:07:31.273,1.3932,1.3933,3.20,12.80
2009.06.19 15:07:32.293,1.3932,1.3933,8.80,13.60
2009.06.19 15:07:32.643,1.39315,1.3933,10.40,14.80
2009.06.19 15:07:33.702,1.39315,1.3933,18.40,14.80
2009.06.19 15:07:33.932,1.39315,1.3933,18.80,14.80
2009.06.19 15:07:34.512,1.39315,1.3932,15.20,3.20
2009.06.19 15:07:34.742,1.39315,1.3932,14.00,3.20
2009.06.19 15:07:35.032,1.3931,1.39315,8.00,3.40
2009.06.19 15:07:35.333,1.393,1.3931,28.40,3.20
2009.06.19 15:07:35.622,1.393,1.39315,18.00,24.60
2009.06.19 15:07:35.902,1.39305,1.3931,4.20,8.00
2009.06.19 15:07:36.202,1.39305,1.39315,4.20,16.20
2009.06.19 15:07:36.962,1.39305,1.39315,4.40,16.20
2009.06.19 15:07:37.841,1.393,1.3931,3.20,19.00
2009.06.19 15:07:37.952,1.39295,1.3931,5.40,19.00
2009.06.19 15:07:38.182,1.39295,1.3931,5.60,12.80
2009.06.19 15:07:38.461,1.393,1.3931,3.20,1.60
2009.06.19 15:07:38.761,1.393,1.39315,8.80,24.00
2009.06.19 15:07:39.331,1.393,1.39315,19.60,24.00
2009.06.19 15:07:39.671,1.393,1.39315,19.60,22.80
2009.06.19 15:07:44.100,1.393,1.39305,4.80,16.60
2009.06.19 15:07:44.380,1.3929,1.393,17.20,11.20
2009.06.19 15:07:44.880,1.39295,1.393,4.20,8.00
2009.06.19 15:07:45.100,1.39295,1.39305,4.40,14.20
2009.06.19 15:07:46.869,1.39295,1.39305,1.00,15.80
2009.06.19 15:07:47.229,1.3929,1.39305,21.20,17.20
2009.06.19 15:07:47.289,1.3929,1.39305,16.40,17.20
2009.06.19 15:07:47.339,1.3929,1.39305,19.60,17.20
2009.06.19 15:07:48.319,1.39295,1.39305,1.00,18.00
2009.06.19 15:07:48.439,1.393,1.39305,3.20,18.00
2009.06.19 15:07:48.679,1.393,1.39305,3.20,15.60
2009.06.19 15:07:48.789,1.393,1.39305,1.20,6.70
2009.06.19 15:07:49.069,1.393,1.39305,1.00,8.80
2009.06.19 15:07:49.409,1.39295,1.39305,1.00,15.80
2009.06.19 15:07:50.708,1.3929,1.39295,13.20,1.60
2009.06.19 15:07:50.888,1.39285,1.3929,33.80,9.60
2009.06.19 15:07:51.229,1.3928,1.39285,35.90,9.60
2009.06.19 15:07:51.518,1.39275,1.39285,4.40,3.40
2009.06.19 15:07:51.878,1.3927,1.3928,27.20,3.20
2009.06.19 15:07:52.218,1.3927,1.39285,10.20,14.60
2009.06.19 15:07:52.568,1.39275,1.39285,7.40,6.60
2009.06.19 15:07:53.078,1.3928,1.3929,5.60,4.80
2009.06.19 15:07:53.378,1.3928,1.3929,10.20,1.60
2009.06.19 15:07:53.777,1.3928,1.3929,9.00,16.80
2009.06.19 15:07:54.337,1.3928,1.3929,9.00,16.40
2009.06.19 15:07:54.738,1.39285,1.3929,4.40,14.80
2009.06.19 15:07:55.147,1.39295,1.393,1.00,1.60
2009.06.19 15:07:55.547,1.3929,1.39305,10.20,19.20
2009.06.19 15:07:55.887,1.3929,1.39305,10.20,20.20
2009.06.19 15:08:00.906,1.39285,1.393,8.60,12.80
2009.06.19 15:08:01.086,1.39285,1.393,10.20,12.80
2009.06.19 15:08:01.985,1.39285,1.3929,21.00,3.20
2009.06.19 15:08:02.266,1.3929,1.393,3.20,13.60
2009.06.19 15:08:02.627,1.3929,1.393,9.00,8.00
2009.06.19 15:08:02.915,1.39295,1.39305,1.00,23.00
2009.06.19 15:08:03.206,1.39295,1.39305,1.00,11.20
2009.06.19 15:08:03.495,1.39295,1.39305,1.60,10.20
2009.06.19 15:08:03.905,1.393,1.39305,3.20,8.00
2009.06.19 15:08:04.331,1.393,1.3931,3.20,15.80
2009.06.19 15:08:04.745,1.39305,1.3931,3.20,8.00
2009.06.19 15:08:05.036,1.39305,1.39315,4.20,8.00
2009.06.19 15:08:05.455,1.39305,1.39315,4.40,8.00
2009.06.19 15:08:08.144,1.39305,1.3931,4.40,3.20
2009.06.19 15:08:08.424,1.39305,1.3931,3.20,3.20
2009.06.19 15:08:08.834,1.393,1.3931,17.80,11.20
2009.06.19 15:08:09.174,1.393,1.3931,16.20,11.20
2009.06.19 15:08:09.564,1.393,1.3931,3.20,11.20
2009.06.19 15:08:11.264,1.393,1.3931,3.20,19.00
2009.06.19 15:08:11.613,1.393,1.3931,8.80,15.80
2009.06.19 15:08:11.943,1.3929,1.393,11.40,8.00
2009.06.19 15:08:12.473,1.3929,1.39295,2.80,18.00
2009.06.19 15:08:13.043,1.3928,1.3929,16.20,3.00
2009.06.19 15:08:14.553,1.39285,1.39295,9.20,7.80
2009.06.19 15:08:14.843,1.39285,1.39295,9.20,15.80
2009.06.19 15:08:15.243,1.3929,1.39295,3.20,7.80
2009.06.19 15:08:15.823,1.3929,1.393,4.80,8.00
2009.06.19 15:08:16.122,1.39295,1.39305,4.20,9.60
2009.06.19 15:08:16.402,1.39295,1.39305,5.20,8.00
2009.06.19 15:08:16.802,1.393,1.3931,1.00,12.60
2009.06.19 15:08:17.092,1.393,1.3931,3.20,12.80
2009.06.19 15:08:23.021,1.39295,1.393,29.40,3.20
2009.06.19 15:08:23.261,1.39295,1.393,27.80,3.20
2009.06.19 15:08:23.371,1.393,1.39305,3.20,8.80
2009.06.19 15:08:24.022,1.393,1.39305,1.20,1.60
2009.06.19 15:08:24.310,1.39295,1.39305,15.00,8.00
2009.06.19 15:08:24.600,1.39295,1.3931,5.40,14.00
2009.06.19 15:08:24.940,1.39295,1.39305,5.40,8.00
2009.06.19 15:08:25.450,1.39295,1.39305,1.80,8.00
2009.06.19 15:08:25.810,1.3929,1.393,13.00,11.20
2009.06.19 15:08:26.310,1.3929,1.393,4.20,11.20
2009.06.19 15:08:27.909,1.3929,1.393,16.20,11.20
2009.06.19 15:08:28.199,1.3929,1.393,16.20,11.20
2009.06.19 15:08:28.749,1.39295,1.393,4.40,3.20
2009.06.19 15:08:29.089,1.393,1.39305,3.20,10.40
2009.06.19 15:08:29.429,1.393,1.3931,3.20,12.80
2009.06.19 15:08:31.279,1.393,1.3931,3.20,19.00
2009.06.19 15:08:32.068,1.393,1.3931,1.20,15.80
2009.06.19 15:08:32.638,1.39295,1.393,12.80,8.00
2009.06.19 15:08:32.978,1.3929,1.393,3.20,8.00
2009.06.19 15:08:33.818,1.39295,1.39305,4.40,9.60
2009.06.19 15:08:34.228,1.39295,1.39305,4.20,9.60
2009.06.19 15:08:34.508,1.39295,1.39305,5.20,8.00
2009.06.19 15:08:38.797,1.393,1.3931,1.00,19.00
2009.06.19 15:08:39.157,1.393,1.3931,3.20,19.00
2009.06.19 15:08:40.266,1.39295,1.393,4.00,11.20
2009.06.19 15:08:40.657,1.39295,1.393,15.60,11.20
2009.06.19 15:08:40.996,1.3929,1.393,16.20,3.20
2009.06.19 15:08:41.346,1.39285,1.3929,19.20,11.20
2009.06.19 15:08:41.746,1.39295,1.393,3.20,9.60
2009.06.19 15:08:42.256,1.39295,1.39305,3.20,19.80
2009.06.19 15:08:42.616,1.3929,1.39295,22.40,8.00
2009.06.19 15:08:43.186,1.3929,1.393,8.60,11.20
2009.06.19 15:08:45.735,1.3929,1.393,12.60,11.20
2009.06.19 15:08:45.975,1.3929,1.393,23.40,11.20
2009.06.19 15:08:48.814,1.3929,1.393,23.40,11.20
2009.06.19 15:08:49.414,1.39295,1.393,3.20,3.20
2009.06.19 15:08:49.634,1.39295,1.39305,4.40,9.40
2009.06.19 15:08:49.914,1.3929,1.39305,10.20,9.40
2009.06.19 15:08:50.204,1.39295,1.39305,4.40,9.40
2009.06.19 15:08:55.883,1.39295,1.39305,4.40,8.00
2009.06.19 15:08:57.692,1.39295,1.39305,5.20,8.00
2009.06.19 15:08:57.802,1.39295,1.39305,5.20,8.00
2009.06.19 15:08:58.082,1.39295,1.3931,5.20,19.00
2009.06.19 15:08:59.242,1.39295,1.39305,5.20,8.00
2009.06.19 15:09:00.211,1.39295,1.3931,5.20,19.00
2009.06.19 15:09:00.372,1.39295,1.3931,2.00,19.00
2009.06.19 15:09:00.711,1.39295,1.3931,5.20,19.00
2009.06.19 15:09:01.342,1.39295,1.39305,5.20,2.80
2009.06.19 15:09:01.812,1.39295,1.39305,5.20,9.60
2009.06.19 15:09:02.251,1.393,1.39305,3.20,8.00
2009.06.19 15:09:02.481,1.393,1.3931,3.20,12.80
2009.06.19 15:09:02.871,1.393,1.3931,3.20,11.20
2009.06.19 15:09:03.231,1.393,1.3931,12.40,11.20
2009.06.19 15:09:03.571,1.393,1.3931,23.20,11.20
2009.06.19 15:09:05.950,1.3931,1.39325,10.00,11.40
2009.06.19 15:09:06.180,1.39315,1.39325,1.20,11.40
2009.06.19 15:09:06.530,1.3931,1.39325,8.60,14.60
2009.06.19 15:09:07.150,1.3931,1.3932,3.40,8.00
2009.06.19 15:09:07.450,1.3931,1.3932,7.00,8.00
2009.06.19 15:09:07.740,1.3931,1.39325,4.20,21.80
2009.06.19 15:09:08.150,1.3931,1.3932,4.00,8.00
2009.06.19 15:09:08.480,1.3931,1.3932,5.80,8.00
2009.06.19 15:09:08.769,1.3931,1.3932,10.20,8.00
2009.06.19 15:09:08.930,1.3931,1.39325,8.40,17.00
2009.06.19 15:09:09.519,1.3931,1.3932,10.00,11.20
2009.06.19 15:09:09.800,1.3931,1.3932,8.60,11.20
2009.06.19 15:09:10.439,1.3931,1.3932,12.60,11.20
2009.06.19 15:09:10.729,1.3931,1.3932,23.40,11.20
2009.06.19 15:09:11.409,1.39315,1.3932,1.00,11.20
2009.06.19 15:09:11.739,1.39315,1.3932,3.20,8.00
2009.06.19 15:09:11.969,1.39315,1.39325,4.60,8.00
2009.06.19 15:09:12.189,1.3932,1.39325,3.20,8.00
2009.06.19 15:09:12.419,1.39315,1.3933,5.40,19.00
2009.06.19 15:09:12.989,1.39315,1.3932,1.60,4.40
2009.06.19 15:09:13.158,1.3931,1.3932,8.40,4.40
2009.06.19 15:09:13.788,1.3931,1.3932,8.40,8.00
2009.06.19 15:09:14.818,1.3931,1.3932,8.40,4.40
2009.06.19 15:09:15.168,1.3931,1.39325,9.00,27.00
2009.06.19 15:09:15.328,1.39315,1.39325,4.20,8.00
2009.06.19 15:09:16.358,1.3931,1.39325,25.20,8.00
2009.06.19 15:09:16.698,1.3931,1.39315,8.40,13.00
2009.06.19 15:09:16.927,1.3931,1.39315,5.20,12.40
2009.06.19 15:09:17.327,1.39295,1.393,1.60,9.60
2009.06.19 15:09:17.758,1.3929,1.393,35.20,1.60
2009.06.19 15:09:17.937,1.3929,1.393,35.00,1.60
2009.06.19 15:09:18.507,1.3929,1.393,3.20,13.60
2009.06.19 15:09:18.927,1.3929,1.39295,9.00,7.40
2009.06.19 15:09:19.227,1.39295,1.39305,1.60,7.40
2009.06.19 15:09:20.437,1.39295,1.3931,1.60,18.80
2009.06.19 15:09:21.217,1.39295,1.393,10.20,3.20
2009.06.19 15:09:21.666,1.3929,1.393,35.20,3.20
2009.06.19 15:09:22.066,1.39295,1.393,5.20,7.60
2009.06.19 15:09:22.706,1.39295,1.3931,3.20,20.00
2009.06.19 15:09:23.066,1.393,1.3931,8.40,7.60
2009.06.19 15:09:23.577,1.39305,1.3931,1.60,10.80
2009.06.19 15:09:23.877,1.39305,1.3931,10.60,5.00
2009.06.19 15:09:24.166,1.3931,1.3932,3.20,17.20
2009.06.19 15:09:24.586,1.3931,1.3932,3.20,9.20
2009.06.19 15:09:25.046,1.3931,1.3932,3.80,9.20
2009.06.19 15:09:26.245,1.3931,1.3932,3.20,9.20
2009.06.19 15:09:26.815,1.3931,1.3932,3.80,9.40
2009.06.19 15:09:27.375,1.3931,1.3932,3.80,6.00
2009.06.19 15:09:27.965,1.3931,1.3932,1.00,14.60
2009.06.19 15:09:31.634,1.3931,1.39315,1.00,1.20
2009.06.19 15:09:31.864,1.39305,1.3932,10.60,12.60
2009.06.19 15:09:32.564,1.39305,1.3932,10.60,12.80
2009.06.19 15:09:32.914,1.39305,1.3932,8.20,19.00
2009.06.19 15:09:33.024,1.39305,1.3932,5.00,19.80
2009.06.19 15:09:33.264,1.39305,1.3932,4.80,19.00
2009.06.19 15:09:33.374,1.39305,1.39315,4.80,8.00
2009.06.19 15:09:34.643,1.393,1.39305,3.80,6.20
2009.06.19 15:09:34.753,1.39295,1.39305,11.40,15.80
2009.06.19 15:09:35.033,1.39295,1.39305,9.40,15.80
2009.06.19 15:09:35.373,1.3929,1.39305,22.40,19.00
2009.06.19 15:09:35.733,1.393,1.39305,3.20,14.20
2009.06.19 15:09:36.153,1.39305,1.39315,1.00,15.60
2009.06.19 15:09:36.593,1.39305,1.3932,13.60,12.80
2009.06.19 15:09:36.973,1.39305,1.3932,5.80,12.80
2009.06.19 15:09:37.203,1.39305,1.39315,1.00,9.60
2009.06.19 15:09:37.893,1.393,1.39315,10.60,9.60
2009.06.19 15:09:38.352,1.39305,1.39315,4.80,9.60
2009.06.19 15:09:41.312,1.39305,1.39315,1.00,15.80
2009.06.19 15:09:41.662,1.393,1.3931,3.20,8.00
2009.06.19 15:09:42.002,1.3931,1.39315,1.00,11.90
2009.06.19 15:09:44.221,1.39315,1.39325,1.60,9.60
2009.06.19 15:09:44.511,1.39315,1.39325,1.00,9.60
2009.06.19 15:09:44.921,1.3931,1.39325,49.60,9.60
2009.06.19 15:09:45.551,1.3931,1.39325,4.80,17.20
2009.06.19 15:09:46.261,1.3931,1.3932,1.80,12.80
2009.06.19 15:09:46.671,1.3931,1.3932,1.00,12.80
2009.06.19 15:09:50.150,1.3931,1.39325,3.80,15.80
2009.06.19 15:09:50.270,1.3931,1.39315,13.80,4.60
2009.06.19 15:09:50.489,1.3931,1.39315,21.80,4.60
2009.06.19 15:09:50.839,1.39305,1.39315,6.20,33.80
2009.06.19 15:09:51.249,1.3931,1.39315,1.60,14.20
2009.06.19 15:09:51.649,1.3931,1.39315,13.40,12.80
2009.06.19 15:09:52.109,1.3931,1.3932,3.20,12.80
2009.06.19 15:09:56.978,1.39305,1.3931,8.00,12.80
2009.06.19 15:09:57.328,1.393,1.39305,4.20,8.00
2009.06.19 15:09:57.668,1.393,1.3931,4.20,9.60
2009.06.19 15:10:00.457,1.39305,1.39315,1.20,9.60
2009.06.19 15:10:00.697,1.39305,1.39315,2.40,8.00
2009.06.19 15:10:00.917,1.39305,1.3932,7.40,15.80
2009.06.19 15:10:01.317,1.39305,1.39315,12.60,8.00
2009.06.19 15:10:01.497,1.39305,1.39315,1.00,9.60
2009.06.19 15:10:01.777,1.39305,1.3931,1.00,3.20
2009.06.19 15:10:02.137,1.393,1.3931,4.00,11.20
2009.06.19 15:10:02.577,1.393,1.3931,4.00,12.80
2009.06.19 15:10:02.926,1.393,1.3931,3.80,12.80
2009.06.19 15:10:08.235,1.393,1.3931,3.80,19.00
2009.06.19 15:10:08.455,1.393,1.3931,12.60,19.00
2009.06.19 15:10:08.515,1.393,1.39305,8.60,7.80
2009.06.19 15:10:08.745,1.393,1.39305,1.00,9.20
2009.06.19 15:10:08.805,1.3929,1.393,4.80,8.00
2009.06.19 15:10:09.655,1.3929,1.393,1.40,11.20
2009.06.19 15:10:10.165,1.3928,1.3929,8.00,3.20
2009.06.19 15:10:10.455,1.39285,1.39295,3.00,1.60
2009.06.19 15:10:10.735,1.3929,1.39295,3.20,1.60
2009.06.19 15:10:11.144,1.3929,1.393,3.20,19.00
2009.06.19 15:10:11.365,1.39295,1.393,4.10,8.00
2009.06.19 15:10:11.884,1.39295,1.393,5.80,8.00
2009.06.19 15:10:12.225,1.39295,1.39305,4.80,15.80
2009.06.19 15:10:12.564,1.3929,1.39305,10.60,15.80
2009.06.19 15:10:13.144,1.3929,1.39305,10.60,15.80
2009.06.19 15:10:13.604,1.39305,1.3931,1.00,12.80
2009.06.19 15:10:13.954,1.39305,1.3932,3.20,14.60
2009.06.19 15:10:14.234,1.39315,1.3932,3.20,9.60
2009.06.19 15:10:14.814,1.39315,1.3932,4.20,1.60
2009.06.19 15:10:15.104,1.3931,1.39325,23.20,9.60
2009.06.19 15:10:15.394,1.3931,1.39325,9.00,9.60
2009.06.19 15:10:16.673,1.39315,1.39325,3.20,9.60
2009.06.19 15:10:16.913,1.39315,1.39325,4.20,9.60
2009.06.19 15:10:18.643,1.39315,1.3932,3.20,8.00
2009.06.19 15:10:18.933,1.3931,1.3932,45.60,8.00
2009.06.19 15:10:19.043,1.3931,1.3932,20.20,8.00
2009.06.19 15:10:19.272,1.3931,1.3932,8.80,8.00
2009.06.19 15:10:19.832,1.39305,1.3932,20.00,12.80
2009.06.19 15:10:20.172,1.3931,1.3932,3.20,12.80
2009.06.19 15:10:20.452,1.3931,1.3932,4.00,11.20
2009.06.19 15:10:26.681,1.39315,1.3932,11.20,11.20
2009.06.19 15:10:27.081,1.3932,1.39325,3.20,4.00
2009.06.19 15:10:27.371,1.3932,1.3933,3.20,19.00
2009.06.19 15:10:28.091,1.3932,1.3933,1.20,19.00
2009.06.19 15:10:28.370,1.3931,1.39325,24.80,9.60
2009.06.19 15:10:28.750,1.3931,1.39325,8.40,9.60
2009.06.19 15:10:28.980,1.3931,1.3932,8.40,8.00
2009.06.19 15:10:34.049,1.39315,1.39325,1.00,9.60
2009.06.19 15:10:34.229,1.39315,1.39325,1.00,9.20
2009.06.19 15:10:34.459,1.39315,1.39325,1.00,8.80
2009.06.19 15:10:34.989,1.39315,1.39325,4.40,8.80
2009.06.19 15:10:35.219,1.39315,1.39325,4.40,8.80
2009.06.19 15:10:35.509,1.39315,1.39325,5.20,8.80
2009.06.19 15:10:35.679,1.3932,1.39325,3.20,8.80
2009.06.19 15:10:36.069,1.3932,1.39325,3.20,8.00
2009.06.19 15:10:36.188,1.3932,1.3933,3.80,12.80
2009.06.19 15:10:36.768,1.3932,1.3933,4.80,3.20
2009.06.19 15:10:37.768,1.39325,1.3933,1.60,3.20
2009.06.19 15:10:38.068,1.3933,1.39335,3.20,1.60
2009.06.19 15:10:38.358,1.39325,1.39335,20.60,9.60
2009.06.19 15:10:38.418,1.39325,1.39335,5.80,9.60
2009.06.19 15:10:38.598,1.39325,1.39335,6.40,9.60
2009.06.19 15:10:38.718,1.39325,1.39335,4.80,9.60
2009.06.19 15:10:39.727,1.39325,1.39335,4.20,9.60
2009.06.19 15:10:40.517,1.3933,1.3934,1.20,12.80
2009.06.19 15:10:40.788,1.3933,1.3934,4.00,12.80
2009.06.19 15:10:41.087,1.3933,1.39345,9.00,20.60
2009.06.19 15:10:41.937,1.3933,1.39345,7.40,20.60
2009.06.19 15:10:42.297,1.3933,1.39345,7.40,15.80
2009.06.19 15:10:42.877,1.3933,1.39345,10.60,15.80
2009.06.19 15:10:43.167,1.3933,1.39345,9.00,15.80
2009.06.19 15:10:43.567,1.39335,1.3934,4.20,8.00
2009.06.19 15:10:44.157,1.39335,1.39345,4.20,9.60
2009.06.19 15:10:44.566,1.3933,1.3934,43.20,3.20
2009.06.19 15:10:44.956,1.3933,1.3934,27.20,11.20
2009.06.19 15:10:46.666,1.3933,1.3934,24.00,11.20
2009.06.19 15:10:47.006,1.3933,1.3934,18.60,12.80
2009.06.19 15:10:47.466,1.39325,1.3934,18.60,12.80
2009.06.19 15:10:47.576,1.39325,1.3934,19.20,12.80
2009.06.19 15:10:48.196,1.3933,1.3934,4.00,13.60
2009.06.19 15:10:48.526,1.3933,1.3934,4.00,11.20
2009.06.19 15:10:48.696,1.3933,1.3934,4.80,11.20
2009.06.19 15:10:49.215,1.3933,1.3934,4.60,11.20
2009.06.19 15:10:49.895,1.3933,1.3934,3.80,12.80
2009.06.19 15:10:51.745,1.3933,1.3934,21.40,12.80
2009.06.19 15:10:52.094,1.39335,1.39345,4.80,20.60
2009.06.19 15:10:52.605,1.3933,1.39345,10.00,20.60
2009.06.19 15:10:53.604,1.3934,1.3935,3.20,19.40
2009.06.19 15:10:53.904,1.3934,1.3935,3.20,19.00
2009.06.19 15:10:54.494,1.39335,1.39345,4.40,9.60
2009.06.19 15:10:54.724,1.3933,1.3934,7.60,11.20
2009.06.19 15:10:55.194,1.3933,1.3934,3.20,11.20
2009.06.19 15:10:55.524,1.3933,1.3934,3.20,12.80
2009.06.19 15:10:58.563,1.3934,1.39345,3.20,8.00
2009.06.19 15:10:58.903,1.3934,1.3935,3.20,19.00
2009.06.19 15:10:59.463,1.3934,1.39345,10.80,9.60
2009.06.19 15:10:59.883,1.39335,1.39345,4.20,9.60
2009.06.19 15:11:00.462,1.39335,1.3934,1.20,3.20
2009.06.19 15:11:00.863,1.3933,1.3934,25.20,11.20
2009.06.19 15:11:01.212,1.39335,1.39345,1.00,15.80
2009.06.19 15:11:01.722,1.3933,1.3934,8.00,11.20
2009.06.19 15:11:02.232,1.3933,1.3934,26.00,11.20
2009.06.19 15:11:04.472,1.39335,1.39345,4.80,31.80
2009.06.19 15:11:04.852,1.3933,1.39345,10.60,20.40
2009.06.19 15:11:07.021,1.39335,1.39345,1.60,14.00
2009.06.19 15:11:07.531,1.3934,1.3935,3.20,19.00
2009.06.19 15:11:13.560,1.39335,1.3934,4.60,3.20
2009.06.19 15:11:13.840,1.3933,1.3934,7.40,8.00
2009.06.19 15:11:14.129,1.3933,1.39345,10.60,15.80
2009.06.19 15:11:14.479,1.3933,1.3934,9.60,3.20
2009.06.19 15:11:14.949,1.3933,1.3934,3.80,20.80
2009.06.19 15:11:15.339,1.3933,1.3934,3.80,21.00
2009.06.19 15:11:15.799,1.3933,1.3934,11.40,20.40
2009.06.19 15:11:16.249,1.39325,1.3933,1.20,3.20
2009.06.19 15:11:16.719,1.39325,1.39335,3.80,22.00
2009.06.19 15:11:17.009,1.39325,1.39335,4.80,20.60
2009.06.19 15:11:17.479,1.39325,1.39335,4.80,1.60
2009.06.19 15:11:18.738,1.39325,1.3933,1.20,11.00
2009.06.19 15:11:18.858,1.3932,1.3933,3.80,19.00
2009.06.19 15:11:19.378,1.39325,1.3933,1.00,9.40
2009.06.19 15:11:19.788,1.39325,1.3933,1.60,3.20
2009.06.19 15:11:20.208,1.39325,1.3933,1.00,3.20
2009.06.19 15:11:20.598,1.39325,1.39335,5.60,1.60
2009.06.19 15:11:20.828,1.39325,1.39335,16.60,1.60
2009.06.19 15:11:21.237,1.39325,1.39335,4.80,1.60
2009.06.19 15:11:21.458,1.39325,1.39335,2.20,1.60
2009.06.19 15:11:21.977,1.3933,1.3934,3.20,19.00
2009.06.19 15:11:31.285,1.39325,1.3933,2.40,3.20
2009.06.19 15:11:31.525,1.39325,1.3933,18.60,3.20
2009.06.19 15:11:31.985,1.39325,1.39335,11.20,22.00
2009.06.19 15:11:32.335,1.39325,1.39335,1.00,22.00
2009.06.19 15:11:32.735,1.3932,1.39335,9.60,15.80
2009.06.19 15:11:33.654,1.3932,1.3933,3.80,23.60
2009.06.19 15:11:34.225,1.3932,1.39325,3.80,1.60
2009.06.19 15:11:34.565,1.39315,1.3932,11.60,11.20
2009.06.19 15:11:34.794,1.39315,1.3932,10.80,11.20
2009.06.19 15:11:35.134,1.39315,1.3932,1.00,6.20
2009.06.19 15:11:35.944,1.3932,1.39325,3.20,10.20
2009.06.19 15:11:36.464,1.3931,1.39315,18.90,14.20
2009.06.19 15:11:36.884,1.39305,1.39315,4.80,7.80
2009.06.19 15:11:37.244,1.39305,1.39315,4.20,17.20
2009.06.19 15:11:37.534,1.3931,1.39315,3.20,14.20
2009.06.19 15:11:38.044,1.3931,1.39315,3.80,6.20
2009.06.19 15:11:38.393,1.3931,1.3932,4.80,19.00
2009.06.19 15:11:38.844,1.39305,1.3932,10.40,20.40
2009.06.19 15:11:39.264,1.39305,1.3932,8.00,20.40
2009.06.19 15:11:39.683,1.39305,1.39315,4.60,14.20
2009.06.19 15:11:40.073,1.39305,1.39315,5.60,14.20
2009.06.19 15:11:41.173,1.39305,1.3931,1.40,9.40
2009.06.19 15:11:41.453,1.39305,1.3931,1.00,9.40
2009.06.19 15:11:41.923,1.393,1.39305,3.40,3.60
2009.06.19 15:11:42.193,1.39295,1.39305,5.60,9.60
2009.06.19 15:11:42.493,1.39295,1.39305,4.80,9.60
2009.06.19 15:11:43.292,1.39295,1.39305,1.00,9.60
2009.06.19 15:11:43.862,1.3929,1.393,4.60,11.20
2009.06.19 15:11:44.492,1.3929,1.393,3.80,19.00
2009.06.19 15:11:46.122,1.3929,1.393,4.60,17.40
2009.06.19 15:11:46.292,1.393,1.39305,3.20,8.00
2009.06.19 15:11:46.632,1.393,1.3931,3.20,33.00
2009.06.19 15:11:47.382,1.39305,1.39315,4.80,7.80
2009.06.19 15:11:47.941,1.39305,1.39315,4.80,15.80
2009.06.19 15:11:50.701,1.39305,1.3931,1.00,3.20
2009.06.19 15:11:50.971,1.39305,1.3931,1.00,11.00
2009.06.19 15:11:51.271,1.393,1.3931,4.60,11.00
2009.06.19 15:11:51.620,1.393,1.3931,9.40,14.20
2009.06.19 15:11:51.960,1.393,1.39315,9.60,20.60
2009.06.19 15:11:57.099,1.393,1.39315,10.60,20.60
2009.06.19 15:12:00.988,1.393,1.3931,7.00,19.00
2009.06.19 15:12:01.168,1.393,1.3931,3.20,19.00
2009.06.19 15:12:01.628,1.393,1.3931,9.60,1.60
2009.06.19 15:12:01.978,1.393,1.39315,39.80,20.60
2009.06.19 15:12:02.328,1.39295,1.3931,7.40,15.80
2009.06.19 15:12:03.778,1.39295,1.39305,19.80,9.40
2009.06.19 15:12:04.137,1.39295,1.39305,4.80,9.40
2009.06.19 15:12:04.937,1.39295,1.39305,4.20,9.40
2009.06.19 15:12:08.736,1.3929,1.393,10.60,9.40
2009.06.19 15:12:09.146,1.3929,1.393,3.80,20.40
2009.06.19 15:12:09.486,1.3929,1.393,9.60,8.00
2009.06.19 15:12:09.776,1.39295,1.39305,4.80,15.80
2009.06.19 15:12:09.896,1.39295,1.393,1.00,11.00
2009.06.19 15:12:10.126,1.3929,1.393,4.60,19.00
2009.06.19 15:12:10.366,1.3929,1.393,3.80,19.00
2009.06.19 15:12:11.806,1.39285,1.3929,25.40,3.20
2009.06.19 15:12:12.036,1.39285,1.3929,15.20,11.20
2009.06.19 15:12:12.335,1.3928,1.3929,27.20,11.20
2009.06.19 15:12:12.685,1.3928,1.3929,4.00,11.20
2009.06.19 15:12:12.965,1.3928,1.3929,3.80,17.40
2009.06.19 15:12:13.365,1.3928,1.3929,3.20,19.00
2009.06.19 15:12:14.275,1.3928,1.3929,3.80,11.20
2009.06.19 15:12:14.555,1.3928,1.3929,22.40,11.20
2009.06.19 15:12:15.145,1.3928,1.3929,19.20,11.20
2009.06.19 15:12:15.435,1.3928,1.3929,8.60,12.80
2009.06.19 15:12:15.605,1.39275,1.39285,16.80,8.00
2009.06.19 15:12:15.664,1.3928,1.39285,1.60,8.00
2009.06.19 15:12:16.014,1.39285,1.3929,1.00,14.30
2009.06.19 15:12:16.074,1.39285,1.3929,1.60,15.20
2009.06.19 15:12:16.364,1.39285,1.3929,1.60,11.20
2009.06.19 15:12:16.645,1.39285,1.3929,1.60,11.20
2009.06.19 15:12:16.934,1.39285,1.39295,4.80,6.20
2009.06.19 15:12:17.344,1.39285,1.39295,1.00,7.80
2009.06.19 15:12:17.814,1.3928,1.39295,9.60,15.80
2009.06.19 15:12:19.663,1.3928,1.39295,43.60,9.60
2009.06.19 15:12:19.833,1.39285,1.39295,4.20,9.60
2009.06.19 15:12:20.243,1.39285,1.39295,4.80,8.00
2009.06.19 15:12:21.363,1.39285,1.39295,1.60,8.00
2009.06.19 15:12:21.543,1.39285,1.39295,1.00,8.00
2009.06.19 15:12:21.933,1.3928,1.39295,9.60,9.60
2009.06.19 15:12:24.312,1.3928,1.39295,10.60,9.60
2009.06.19 15:12:24.482,1.3928,1.39295,9.60,9.60
2009.06.19 15:12:25.642,1.3928,1.39295,10.60,9.60
2009.06.19 15:12:27.822,1.3928,1.39295,9.60,9.60
2009.06.19 15:12:30.121,1.3928,1.39295,10.60,9.60
2009.06.19 15:12:31.610,1.3928,1.39295,9.00,9.60
2009.06.19 15:12:31.891,1.39285,1.3929,4.20,8.00
2009.06.19 15:12:32.181,1.3928,1.3929,3.20,19.00
2009.06.19 15:12:35.660,1.3928,1.3929,3.80,19.00
2009.06.19 15:12:36.779,1.3928,1.3929,3.80,12.80
2009.06.19 15:12:37.869,1.3928,1.3929,3.80,19.00
2009.06.19 15:12:38.159,1.3928,1.3929,3.20,19.00
2009.06.19 15:12:40.149,1.3928,1.3929,3.20,12.80
2009.06.19 15:12:40.628,1.3928,1.3929,4.00,11.20
2009.06.19 15:12:45.547,1.3928,1.3929,3.80,19.00
2009.06.19 15:12:45.947,1.3928,1.3929,3.20,19.00
2009.06.19 15:12:47.857,1.3928,1.39285,3.20,1.60
2009.06.19 15:12:48.037,1.3928,1.39285,3.20,9.60
2009.06.19 15:12:48.277,1.39275,1.39285,23.00,9.60
2009.06.19 15:12:48.337,1.39275,1.39285,4.20,9.60
2009.06.19 15:12:48.807,1.39275,1.39285,4.20,10.80
2009.06.19 15:12:49.027,1.39275,1.3928,4.20,8.00
2009.06.19 15:12:49.087,1.3927,1.3928,3.20,19.00
2009.06.19 15:12:49.317,1.3927,1.3928,3.20,12.80
2009.06.19 15:12:49.596,1.39275,1.39285,4.80,17.20
2009.06.19 15:12:50.426,1.3927,1.39285,10.60,15.80
2009.06.19 15:12:50.786,1.3928,1.3929,3.20,19.00
2009.06.19 15:12:54.735,1.3928,1.3929,3.20,12.80
2009.06.19 15:12:55.355,1.3929,1.393,3.80,14.60
2009.06.19 15:12:55.935,1.39285,1.39295,11.60,8.00
2009.06.19 15:12:56.225,1.39285,1.393,10.60,14.00
2009.06.19 15:12:57.964,1.39285,1.39295,3.20,9.40
2009.06.19 15:12:58.134,1.3928,1.39295,29.80,17.20
2009.06.19 15:12:58.814,1.3928,1.3929,10.60,8.00
2009.06.19 15:12:59.574,1.3928,1.39295,9.60,15.80
2009.06.19 15:13:02.893,1.3928,1.39295,10.60,15.80
2009.06.19 15:13:03.413,1.39285,1.39295,4.20,8.00
2009.06.19 15:13:04.033,1.39285,1.39295,4.80,8.00
2009.06.19 15:13:08.172,1.39285,1.39295,4.40,8.00
2009.06.19 15:13:08.522,1.39295,1.393,4.80,11.20
2009.06.19 15:13:08.842,1.39295,1.393,11.00,8.00
2009.06.19 15:13:09.382,1.39305,1.39315,1.00,18.80
2009.06.19 15:13:09.962,1.39305,1.3932,20.80,19.00
2009.06.19 15:13:10.871,1.3931,1.3932,3.80,19.00
2009.06.19 15:13:11.971,1.3931,1.39315,7.60,8.00
2009.06.19 15:13:12.201,1.39305,1.39315,11.20,8.00
2009.06.19 15:13:12.671,1.39305,1.3932,19.20,19.00
2009.06.19 15:13:13.471,1.39305,1.3931,14.00,3.20
2009.06.19 15:13:13.761,1.393,1.3931,3.80,4.80
2009.06.19 15:13:14.061,1.393,1.3931,3.80,12.80
2009.06.19 15:13:14.870,1.393,1.3931,3.80,19.00
2009.06.19 15:13:15.610,1.3929,1.39295,6.00,8.00
2009.06.19 15:13:16.010,1.3929,1.393,8.80,1.60
2009.06.19 15:13:16.540,1.3929,1.393,8.20,1.60
2009.06.19 15:13:16.840,1.3929,1.39305,20.00,10.40
2009.06.19 15:13:17.250,1.39295,1.39305,3.80,2.40
2009.06.19 15:13:17.780,1.39295,1.3931,1.60,19.00
2009.06.19 15:13:18.359,1.393,1.3931,3.20,4.80
2009.06.19 15:13:18.410,1.393,1.3931,3.20,3.20
2009.06.19 15:13:18.859,1.393,1.3931,3.80,3.20
2009.06.19 15:13:22.349,1.393,1.3931,3.80,11.00
2009.06.19 15:13:23.028,1.393,1.3931,3.80,4.80
2009.06.19 15:13:23.208,1.393,1.3931,3.80,3.20
2009.06.19 15:13:24.139,1.393,1.3931,30.00,3.20
2009.06.19 15:13:26.048,1.393,1.3931,30.00,11.20
2009.06.19 15:13:26.917,1.393,1.3931,7.40,3.20
2009.06.19 15:13:27.487,1.393,1.3931,41.20,11.20
2009.06.19 15:13:27.817,1.393,1.3931,30.00,11.20
2009.06.19 15:13:27.937,1.393,1.3931,3.80,11.20
2009.06.19 15:13:31.266,1.393,1.3931,4.60,11.20
2009.06.19 15:13:31.426,1.393,1.3931,6.20,11.20
2009.06.19 15:13:31.826,1.393,1.3931,4.60,11.20
2009.06.19 15:13:32.456,1.393,1.3931,4.60,11.20
2009.06.19 15:13:32.676,1.393,1.3931,20.00,11.20
2009.06.19 15:13:33.376,1.3931,1.39315,3.20,8.80
2009.06.19 15:13:33.606,1.3931,1.39315,3.80,1.60
2009.06.19 15:13:33.906,1.3931,1.3932,3.80,12.80
2009.06.19 15:13:37.715,1.39305,1.3931,1.60,11.20
2009.06.19 15:13:42.553,1.39305,1.3932,10.60,14.00
2009.06.19 15:13:45.713,1.39305,1.3931,9.20,7.80
2009.06.19 15:13:45.953,1.39305,1.3931,4.80,19.00
2009.06.19 15:13:46.293,1.393,1.3931,3.80,17.40
2009.06.19 15:13:46.633,1.393,1.3931,4.00,11.20
2009.06.19 15:13:47.203,1.393,1.3931,3.80,11.20
2009.06.19 15:13:47.533,1.393,1.3931,8.60,9.60
2009.06.19 15:13:47.882,1.393,1.3931,9.60,8.00
2009.06.19 15:13:48.102,1.393,1.39315,9.60,15.80
2009.06.19 15:13:50.752,1.393,1.39315,10.60,15.80
2009.06.19 15:13:50.982,1.39305,1.39315,4.20,9.60
2009.06.19 15:13:51.282,1.39305,1.3931,5.20,8.00
2009.06.19 15:13:51.562,1.39305,1.3931,7.60,8.00
2009.06.19 15:13:51.912,1.39305,1.3932,19.20,19.00
2009.06.19 15:13:52.441,1.39305,1.3932,20.80,20.40
2009.06.19 15:13:53.091,1.39305,1.3932,20.80,27.00
2009.06.19 15:13:54.551,1.39305,1.3932,19.20,27.00
2009.06.19 15:13:54.961,1.39305,1.3932,19.20,25.20
2009.06.19 15:13:55.250,1.39305,1.3932,19.20,20.40
2009.06.19 15:14:00.089,1.3931,1.3932,2.40,20.40
2009.06.19 15:14:03.829,1.39305,1.3931,3.00,3.20
2009.06.19 15:14:04.588,1.39305,1.39315,3.00,9.60
2009.06.19 15:14:07.158,1.39305,1.3931,1.00,11.00
2009.06.19 15:14:07.458,1.393,1.3931,3.80,12.80
2009.06.19 15:14:07.877,1.39305,1.3931,4.20,8.00
2009.06.19 15:14:08.338,1.39305,1.39315,4.80,9.60
2009.06.19 15:14:10.747,1.3931,1.39315,3.20,9.60
2009.06.19 15:14:11.097,1.3931,1.3932,3.80,19.00
2009.06.19 15:14:11.557,1.3931,1.3932,3.80,12.80
2009.06.19 15:14:13.066,1.3931,1.3932,4.60,12.80
2009.06.19 15:14:13.296,1.3931,1.3932,6.20,12.80
2009.06.19 15:14:15.036,1.3931,1.3932,1.60,11.20
2009.06.19 15:14:15.426,1.39305,1.3932,15.40,12.80
2009.06.19 15:14:15.776,1.39305,1.3932,16.00,12.80
2009.06.19 15:14:16.117,1.3931,1.3932,3.80,12.80
2009.06.19 15:14:17.035,1.39305,1.3932,15.40,12.80
2009.06.19 15:14:17.275,1.39305,1.3932,24.00,12.80
2009.06.19 15:14:18.065,1.39305,1.3932,22.40,12.80
2009.06.19 15:14:18.565,1.39305,1.3932,20.80,12.80
2009.06.19 15:14:20.045,1.3931,1.3932,4.80,12.80
2009.06.19 15:14:20.275,1.3931,1.3932,4.80,11.20
2009.06.19 15:14:28.622,1.3931,1.3932,4.00,12.80
2009.06.19 15:14:28.783,1.39305,1.3932,8.80,12.80
2009.06.19 15:14:29.083,1.39305,1.3932,8.80,12.80
2009.06.19 15:14:29.202,1.39305,1.39315,13.80,8.00
2009.06.19 15:14:29.322,1.39305,1.39315,5.80,8.00
2009.06.19 15:14:30.852,1.39305,1.39315,3.20,8.00
2009.06.19 15:14:30.912,1.3931,1.3932,1.00,12.80
2009.06.19 15:14:31.202,1.3931,1.3932,4.80,12.80
2009.06.19 15:14:31.302,1.3931,1.3932,3.80,12.80
2009.06.19 15:14:31.772,1.3931,1.3932,3.80,11.20
2009.06.19 15:14:32.942,1.3931,1.3932,26.00,11.20
2009.06.19 15:14:33.181,1.39315,1.3932,1.60,3.20
2009.06.19 15:14:33.402,1.39315,1.39325,9.00,9.60
2009.06.19 15:14:33.851,1.39315,1.3933,9.60,15.80
2009.06.19 15:14:34.772,1.3932,1.3933,1.00,19.00
2009.06.19 15:14:35.071,1.39315,1.3933,23.20,19.00
2009.06.19 15:14:35.411,1.39315,1.3933,20.00,19.00
2009.06.19 15:14:39.550,1.3932,1.3933,4.20,19.00
2009.06.19 15:14:39.960,1.39315,1.3933,7.40,19.00
2009.06.19 15:14:40.640,1.39315,1.3933,10.60,15.80
2009.06.19 15:14:41.899,1.39315,1.3933,17.00,15.80
2009.06.19 15:14:43.039,1.3932,1.3933,3.20,15.80
2009.06.19 15:14:43.379,1.39315,1.3933,30.40,19.00
2009.06.19 15:14:43.489,1.3932,1.3933,4.20,12.80
2009.06.19 15:14:43.659,1.3932,1.3933,4.20,9.60
2009.06.19 15:14:43.769,1.3932,1.3933,4.40,8.00
2009.06.19 15:14:44.119,1.3932,1.3933,5.00,8.00
2009.06.19 15:14:46.018,1.3932,1.3933,1.00,11.20
2009.06.19 15:14:46.418,1.39315,1.3933,27.20,12.80
2009.06.19 15:14:46.658,1.39315,1.3933,16.80,12.80
2009.06.19 15:14:46.878,1.39315,1.3933,19.20,12.80
2009.06.19 15:14:49.167,1.39325,1.3933,6.40,12.80
2009.06.19 15:14:49.568,1.3933,1.39335,1.00,7.80
2009.06.19 15:14:49.968,1.3932,1.39335,27.80,15.80
2009.06.19 15:14:50.497,1.3932,1.3933,16.40,8.00
2009.06.19 15:14:50.907,1.3932,1.3933,9.00,8.00
2009.06.19 15:14:51.328,1.3932,1.39335,17.00,15.80
2009.06.19 15:14:51.607,1.3932,1.39335,17.00,16.20
2009.06.19 15:14:52.007,1.39325,1.39335,1.00,15.80
2009.06.19 15:14:52.348,1.3932,1.39335,17.00,15.80
2009.06.19 15:14:56.876,1.39325,1.39335,4.20,15.80
2009.06.19 15:14:56.996,1.3932,1.3933,28.60,11.20
2009.06.19 15:14:57.286,1.3932,1.39335,13.80,15.80
2009.06.19 15:14:57.696,1.3932,1.39335,17.00,15.80
2009.06.19 15:14:59.185,1.3932,1.3933,17.00,3.20
2009.06.19 15:14:59.655,1.39325,1.3933,1.00,3.20
2009.06.19 15:15:00.125,1.3932,1.3933,28.60,11.20
2009.06.19 15:15:03.244,1.3932,1.3933,4.60,11.20
2009.06.19 15:15:03.304,1.3932,1.3933,3.80,12.80
2009.06.19 15:15:06.403,1.3932,1.3933,7.00,12.80
2009.06.19 15:15:06.674,1.3932,1.3933,7.00,19.00
2009.06.19 15:15:07.543,1.39315,1.39325,9.00,9.60
2009.06.19 15:15:07.823,1.39315,1.39325,8.20,9.60
2009.06.19 15:15:08.923,1.39315,1.3932,1.00,11.20
2009.06.19 15:15:10.252,1.3931,1.3932,32.00,11.20
2009.06.19 15:15:11.062,1.39315,1.3932,1.00,3.20
2009.06.19 15:15:11.412,1.39315,1.39325,3.20,15.80
2009.06.19 15:15:11.733,1.3932,1.39325,1.20,8.00
2009.06.19 15:15:12.142,1.3932,1.3933,6.40,12.80
2009.06.19 15:15:12.482,1.3932,1.3933,1.00,19.00
2009.06.19 15:15:12.952,1.39315,1.39325,4.00,8.00
2009.06.19 15:15:13.292,1.39315,1.39325,3.80,9.60
2009.06.19 15:15:14.631,1.3931,1.39325,27.80,20.40
2009.06.19 15:15:14.971,1.3931,1.3932,15.80,11.20
2009.06.19 15:15:15.312,1.3931,1.3932,4.80,12.80
2009.06.19 15:15:15.661,1.39305,1.3932,7.40,12.80
2009.06.19 15:15:16.001,1.39305,1.39315,4.20,1.60
2009.06.19 15:15:16.281,1.393,1.3931,7.00,19.00
2009.06.19 15:15:16.571,1.393,1.3931,6.40,19.00
2009.06.19 15:15:17.161,1.393,1.3931,33.60,11.20
2009.06.19 15:15:19.231,1.393,1.3931,7.00,12.80
2009.06.19 15:15:20.330,1.393,1.3931,3.80,12.80
2009.06.19 15:15:20.560,1.39295,1.393,42.80,3.20
2009.06.19 15:15:20.950,1.3929,1.393,38.40,11.20
2009.06.19 15:15:21.280,1.3929,1.393,7.00,11.20
2009.06.19 15:15:22.910,1.39295,1.39305,3.80,15.80
2009.06.19 15:15:23.249,1.39295,1.39305,3.20,15.80
2009.06.19 15:15:23.999,1.39295,1.39305,3.80,9.60
2009.06.19 15:15:24.619,1.393,1.3931,7.00,39.80
2009.06.19 15:15:25.019,1.393,1.3931,7.00,19.00
2009.06.19 15:15:25.359,1.393,1.3931,7.00,12.60
2009.06.19 15:15:25.769,1.393,1.3931,11.40,12.60
2009.06.19 15:15:26.069,1.39295,1.3931,20.00,19.00
2009.06.19 15:15:26.419,1.39295,1.3931,9.00,19.00
2009.06.19 15:15:26.998,1.39295,1.39305,9.00,8.00
2009.06.19 15:15:27.228,1.393,1.3931,7.00,19.00
2009.06.19 15:15:27.788,1.39295,1.39305,5.80,8.00
2009.06.19 15:15:27.898,1.393,1.39305,10.80,8.00
2009.06.19 15:15:28.298,1.39295,1.39305,9.00,8.00
2009.06.19 15:15:29.848,1.39295,1.3931,9.00,19.00
2009.06.19 15:15:30.358,1.39295,1.393,9.00,3.20
2009.06.19 15:15:30.658,1.39295,1.393,5.80,3.20
2009.06.19 15:15:30.718,1.393,1.39305,6.40,2.80
2009.06.19 15:15:30.988,1.393,1.39305,6.40,1.60
2009.06.19 15:15:31.278,1.393,1.3931,7.00,12.80
2009.06.19 15:15:34.177,1.39305,1.3932,4.80,19.40
2009.06.19 15:15:34.527,1.3931,1.3932,8.40,11.20
2009.06.19 15:15:34.927,1.3931,1.3932,12.20,11.20
2009.06.19 15:15:35.287,1.3931,1.3932,16.20,11.20
2009.06.19 15:15:35.686,1.3931,1.3932,27.20,11.20
2009.06.19 15:15:36.376,1.39315,1.3932,3.20,8.00
2009.06.19 15:15:36.666,1.39315,1.39325,3.80,8.00
2009.06.19 15:15:37.646,1.3931,1.3932,40.00,11.20
2009.06.19 15:15:37.986,1.3931,1.3932,32.00,11.20
2009.06.19 15:15:39.205,1.3931,1.3932,32.00,3.20
2009.06.19 15:15:39.565,1.3931,1.3932,40.00,3.20
2009.06.19 15:15:40.145,1.3931,1.3932,40.80,3.20
2009.06.19 15:15:46.414,1.39315,1.3932,1.20,3.20
2009.06.19 15:15:46.644,1.39315,1.3932,8.40,3.20
2009.06.19 15:15:46.874,1.39315,1.3933,5.80,23.80
2009.06.19 15:15:47.104,1.39315,1.3933,9.00,19.00
2009.06.19 15:15:47.504,1.39315,1.3933,20.00,19.00
2009.06.19 15:15:47.963,1.39315,1.3933,9.00,19.00
2009.06.19 15:15:48.553,1.39315,1.3932,3.80,3.20
2009.06.19 15:15:49.183,1.3931,1.3932,50.40,3.20
2009.06.19 15:15:49.404,1.3931,1.3932,42.40,3.20
2009.06.19 15:15:49.753,1.3931,1.3932,40.80,3.20
2009.06.19 15:15:49.923,1.3931,1.3932,32.80,3.20
2009.06.19 15:15:50.343,1.3931,1.3932,8.00,3.20
2009.06.19 15:15:50.683,1.3931,1.3932,8.00,11.20
2009.06.19 15:15:51.442,1.3931,1.3932,16.00,11.20
2009.06.19 15:15:51.843,1.39315,1.39325,3.20,15.80
2009.06.19 15:16:12.158,1.39315,1.39325,3.80,9.60
2009.06.19 15:16:13.547,1.39315,1.39325,3.80,8.00
2009.06.19 15:16:14.307,1.39315,1.39325,3.80,9.60
2009.06.19 15:16:14.647,1.39315,1.39325,3.20,9.60
2009.06.19 15:16:16.157,1.39315,1.3932,4.20,8.00
2009.06.19 15:16:16.627,1.3931,1.39315,11.20,8.00
2009.06.19 15:16:17.067,1.3931,1.3932,7.00,19.00
2009.06.19 15:16:17.866,1.39305,1.3931,18.00,11.20
2009.06.19 15:16:18.106,1.39305,1.3931,15.20,3.20
2009.06.19 15:16:18.326,1.393,1.3931,38.40,3.20
2009.06.19 15:16:18.606,1.393,1.3931,39.20,3.20
2009.06.19 15:16:18.836,1.393,1.3931,36.00,3.20
2009.06.19 15:16:18.996,1.39305,1.3931,3.80,3.20
2009.06.19 15:16:19.226,1.39305,1.39315,3.80,2.80
2009.06.19 15:16:19.396,1.39305,1.39315,3.80,1.60
2009.06.19 15:16:19.736,1.39305,1.39315,3.20,9.60
2009.06.19 15:16:19.856,1.39305,1.39315,8.20,9.60
2009.06.19 15:16:20.256,1.3931,1.39315,6.40,8.00
2009.06.19 15:16:20.426,1.3931,1.3932,7.00,19.00
2009.06.19 15:16:22.255,1.3931,1.39315,6.40,9.60
2009.06.19 15:16:22.715,1.39305,1.39315,3.80,9.60
2009.06.19 15:16:23.495,1.39305,1.39315,4.80,9.60
2009.06.19 15:16:23.895,1.39305,1.39315,4.80,15.80
2009.06.19 15:16:24.175,1.393,1.39315,10.60,15.80
2009.06.19 15:16:24.405,1.39305,1.39315,4.40,15.80
2009.06.19 15:16:24.524,1.3931,1.39315,3.20,1.60
2009.06.19 15:16:24.585,1.3931,1.3932,3.20,20.60
2009.06.19 15:16:24.875,1.3931,1.3932,3.20,21.40
2009.06.19 15:16:24.935,1.39305,1.3931,15.60,3.20
2009.06.19 15:16:25.215,1.39305,1.3931,14.60,3.20
2009.06.19 15:16:25.444,1.393,1.39315,10.60,15.80
2009.06.19 15:16:26.184,1.393,1.39315,10.60,9.60
2009.06.19 15:16:27.804,1.3931,1.39315,1.00,9.60
2009.06.19 15:16:27.864,1.39315,1.3932,1.00,14.30
2009.06.19 15:16:27.984,1.39315,1.3932,5.00,14.30
2009.06.19 15:16:28.324,1.3931,1.39315,15.00,15.80
2009.06.19 15:16:28.554,1.3931,1.39315,12.40,12.60
2009.06.19 15:16:28.844,1.39305,1.3931,5.00,8.00
2009.06.19 15:16:29.184,1.39305,1.39315,4.80,9.60
2009.06.19 15:16:29.524,1.3931,1.39315,5.60,8.00
2009.06.19 15:16:30.035,1.3932,1.39325,3.20,14.20
2009.06.19 15:16:30.723,1.3932,1.39325,1.20,7.80
2009.06.19 15:16:31.113,1.39315,1.39325,2.40,8.00
2009.06.19 15:16:31.403,1.3932,1.3933,3.20,12.80
2009.06.19 15:16:31.823,1.3932,1.39325,1.60,7.60
2009.06.19 15:16:32.153,1.3931,1.39325,10.60,15.60
2009.06.19 15:16:32.733,1.3931,1.3932,9.40,8.00
2009.06.19 15:16:33.272,1.3931,1.39325,10.60,15.80
2009.06.19 15:16:33.433,1.39325,1.39335,1.00,16.80
2009.06.19 15:16:33.783,1.39325,1.39335,2.40,19.30
2009.06.19 15:16:34.142,1.39325,1.3933,5.20,7.80
2009.06.19 15:16:34.372,1.3932,1.39325,1.20,9.40
2009.06.19 15:16:34.762,1.3932,1.39325,1.00,1.60
2009.06.19 15:16:35.112,1.3932,1.3933,1.00,19.00
2009.06.19 15:16:35.442,1.39315,1.39325,3.80,9.60
2009.06.19 15:16:36.312,1.3932,1.39325,5.60,8.00
2009.06.19 15:16:36.602,1.39325,1.39335,3.80,20.80
2009.06.19 15:16:37.062,1.39325,1.39335,3.20,15.80
2009.06.19 15:16:37.291,1.3932,1.3933,47.40,11.20
2009.06.19 15:16:37.572,1.3932,1.3933,42.40,11.20
2009.06.19 15:16:37.751,1.3932,1.3933,31.20,11.20
2009.06.19 15:16:38.161,1.3932,1.3933,30.60,11.20
2009.06.19 15:16:38.341,1.3932,1.3933,30.20,11.20
2009.06.19 15:16:38.751,1.3932,1.3933,29.80,11.20
2009.06.19 15:16:39.501,1.3932,1.3933,29.40,11.20
2009.06.19 15:16:39.621,1.3932,1.3933,29.00,11.20
2009.06.19 15:16:39.741,1.3932,1.3933,7.00,12.80
2009.06.19 15:16:39.971,1.39325,1.3933,2.40,11.20
2009.06.19 15:16:40.141,1.3933,1.39335,3.20,8.80
2009.06.19 15:16:40.311,1.3933,1.3934,7.00,19.00
2009.06.19 15:16:40.791,1.3933,1.39335,6.40,6.20
2009.06.19 15:16:40.851,1.3933,1.39335,3.20,6.20
2009.06.19 15:16:41.371,1.39325,1.39335,3.20,15.80
2009.06.19 15:16:41.691,1.3932,1.3933,7.00,4.60
2009.06.19 15:16:55.037,1.3932,1.3933,30.60,4.60
2009.06.19 15:16:55.147,1.39325,1.39335,6.40,19.80
2009.06.19 15:16:55.427,1.39325,1.3933,3.20,3.20
2009.06.19 15:16:55.727,1.3932,1.3933,38.00,3.20
2009.06.19 15:16:55.787,1.3932,1.3933,26.40,3.20
2009.06.19 15:16:56.537,1.3933,1.39335,3.20,10.80
2009.06.19 15:16:56.777,1.3933,1.39335,3.20,15.80
2009.06.19 15:16:57.177,1.39325,1.39335,3.20,15.80
2009.06.19 15:16:59.796,1.39325,1.3933,3.20,3.20
2009.06.19 15:16:59.856,1.3932,1.3933,36.40,3.20
2009.06.19 15:17:03.925,1.3932,1.3933,27.80,3.20
2009.06.19 15:17:04.145,1.3932,1.3933,9.60,3.20
2009.06.19 15:17:04.485,1.39325,1.39335,3.80,7.80
2009.06.19 15:17:04.715,1.39325,1.39335,3.20,15.80
2009.06.19 15:17:09.274,1.39325,1.39335,3.20,17.20
2009.06.19 15:17:09.784,1.3932,1.3933,33.60,3.20
2009.06.19 15:17:10.413,1.3932,1.3933,33.20,3.20
2009.06.19 15:17:10.584,1.3932,1.3933,32.00,3.20
2009.06.19 15:17:10.873,1.3932,1.3933,31.80,3.20
2009.06.19 15:17:11.223,1.3932,1.3933,7.00,4.80
2009.06.19 15:17:11.403,1.3932,1.3933,7.00,12.80
2009.06.19 15:17:13.733,1.3932,1.3933,6.40,12.80
2009.06.19 15:17:16.412,1.3932,1.3933,7.00,11.20
2009.06.19 15:17:19.781,1.3932,1.3933,7.00,3.20
2009.06.19 15:17:20.491,1.3932,1.39325,3.80,1.60
2009.06.19 15:17:20.771,1.3932,1.39325,3.20,1.60
2009.06.19 15:17:21.242,1.39315,1.39325,1.00,20.40
2009.06.19 15:17:21.831,1.3931,1.3932,8.00,8.00
2009.06.19 15:17:23.510,1.3931,1.3932,8.40,8.00
2009.06.19 15:17:24.070,1.3931,1.3932,9.20,8.00
2009.06.19 15:17:24.360,1.39315,1.39325,3.20,9.60
2009.06.19 15:17:24.700,1.39315,1.39325,3.20,9.60
2009.06.19 15:17:30.949,1.3932,1.3933,7.00,19.00
2009.06.19 15:17:31.678,1.3932,1.3933,6.40,19.00
2009.06.19 15:17:32.399,1.3932,1.3933,11.00,20.40
2009.06.19 15:17:32.678,1.39315,1.39325,3.40,8.00
2009.06.19 15:17:33.648,1.39315,1.39325,3.20,8.00
2009.06.19 15:17:33.988,1.39315,1.39325,3.80,8.00
2009.06.19 15:17:34.288,1.39315,1.39325,3.80,9.60
2009.06.19 15:17:34.408,1.39315,1.39325,3.20,9.60
2009.06.19 15:17:35.207,1.39315,1.39325,3.20,11.20
2009.06.19 15:17:38.387,1.39315,1.3932,3.20,3.20
2009.06.19 15:17:38.737,1.3931,1.39315,7.00,6.20
2009.06.19 15:17:39.037,1.39305,1.3931,3.30,11.20
2009.06.19 15:17:39.317,1.39295,1.39305,3.80,6.20
2009.06.19 15:17:39.547,1.39295,1.39305,4.60,7.80
2009.06.19 15:17:39.887,1.39295,1.39305,3.20,14.20
2009.06.19 15:17:42.656,1.39295,1.393,3.20,1.60
2009.06.19 15:17:43.236,1.3929,1.393,6.40,12.80
2009.06.19 15:17:43.456,1.3929,1.393,7.00,12.80
2009.06.19 15:17:44.025,1.39295,1.39305,1.00,17.20
2009.06.19 15:17:44.375,1.39295,1.39305,3.80,16.00
2009.06.19 15:17:44.486,1.39295,1.39305,3.20,16.00
2009.06.19 15:17:44.725,1.39295,1.39305,3.20,15.80
2009.06.19 15:17:46.085,1.39295,1.39305,3.80,7.80
2009.06.19 15:17:48.284,1.39295,1.39305,3.80,1.60
2009.06.19 15:17:52.274,1.39295,1.39305,3.80,9.60
2009.06.19 15:17:52.604,1.39295,1.39305,3.20,9.60
2009.06.19 15:17:53.743,1.39295,1.39305,3.20,15.80
2009.06.19 15:17:57.062,1.39295,1.39305,3.20,9.60
2009.06.19 15:17:59.442,1.39295,1.393,3.20,6.20
2009.06.19 15:17:59.672,1.3929,1.393,7.00,19.00
2009.06.19 15:18:00.122,1.3929,1.393,6.40,19.00
2009.06.19 15:18:00.452,1.39295,1.393,3.20,8.00
2009.06.19 15:18:00.811,1.39295,1.39305,3.20,15.80
2009.06.19 15:18:01.222,1.3929,1.393,26.60,11.20
2009.06.19 15:18:01.631,1.3929,1.393,33.80,11.20
2009.06.19 15:18:02.041,1.3929,1.393,33.60,11.20
2009.06.19 15:18:02.271,1.3929,1.393,32.80,11.20
2009.06.19 15:18:03.231,1.3929,1.393,32.00,11.20
2009.06.19 15:18:03.571,1.3929,1.393,7.00,11.20
2009.06.19 15:18:05.250,1.3929,1.393,33.60,11.20
2009.06.19 15:18:05.471,1.3929,1.393,30.60,11.20
2009.06.19 15:18:05.710,1.3929,1.393,29.80,11.20
2009.06.19 15:18:06.120,1.3929,1.393,7.00,12.80
2009.06.19 15:18:06.300,1.3929,1.393,31.00,12.80
2009.06.19 15:18:06.470,1.3929,1.393,31.80,11.20
2009.06.19 15:18:07.230,1.3929,1.393,32.20,11.20
2009.06.19 15:18:08.560,1.3929,1.393,39.60,8.00
2009.06.19 15:18:08.830,1.39295,1.39305,3.20,15.80
2009.06.19 15:18:08.949,1.393,1.39305,4.80,8.00
2009.06.19 15:18:09.009,1.393,1.39305,13.20,8.00
2009.06.19 15:18:09.530,1.39305,1.39315,3.20,16.00
2009.06.19 15:18:10.229,1.3931,1.39315,10.40,8.00
2009.06.19 15:18:10.749,1.39315,1.39325,3.20,16.20
2009.06.19 15:18:11.039,1.39315,1.3932,3.20,6.20
2009.06.19 15:18:11.340,1.3931,1.39315,8.60,12.00
2009.06.19 15:18:11.899,1.393,1.39315,18.20,12.80
2009.06.19 15:18:12.289,1.393,1.39315,20.80,14.00
2009.06.19 15:18:13.148,1.393,1.39315,20.00,14.00
2009.06.19 15:18:13.958,1.393,1.39315,20.60,14.00
2009.06.19 15:18:14.068,1.393,1.39315,21.00,14.00
2009.06.19 15:18:14.128,1.393,1.39315,21.00,20.40
2009.06.19 15:18:14.348,1.393,1.39315,20.60,20.40
2009.06.19 15:18:14.408,1.393,1.39315,16.80,23.60
2009.06.19 15:18:14.468,1.393,1.3931,14.60,11.60
2009.06.19 15:18:14.708,1.393,1.3931,14.60,14.80
2009.06.19 15:18:14.768,1.393,1.3931,10.40,20.40
2009.06.19 15:18:15.338,1.393,1.3931,7.00,19.00
2009.06.19 15:18:15.688,1.393,1.3931,1.20,20.40
2009.06.19 15:18:15.918,1.39295,1.39305,4.20,8.00
2009.06.19 15:18:16.208,1.39295,1.39305,3.80,8.00
2009.06.19 15:18:16.548,1.39295,1.39305,1.00,9.60
2009.06.19 15:18:16.848,1.3929,1.39305,33.20,10.80
2009.06.19 15:18:17.128,1.3929,1.39305,24.00,10.80
2009.06.19 15:18:17.607,1.3929,1.393,4.00,8.00
2009.06.19 15:18:17.997,1.39285,1.39295,4.60,1.60
2009.06.19 15:18:18.707,1.3929,1.39295,11.80,8.00
2009.06.19 15:18:19.107,1.3929,1.393,20.20,8.00
2009.06.19 15:18:19.447,1.3929,1.39305,20.20,17.20
2009.06.19 15:18:19.797,1.3929,1.393,24.60,8.00
2009.06.19 15:18:20.097,1.3929,1.393,25.60,8.00
2009.06.19 15:18:20.627,1.3929,1.393,4.80,12.80
2009.06.19 15:18:21.047,1.3929,1.393,4.80,12.80
2009.06.19 15:18:21.386,1.3929,1.393,4.60,12.80
2009.06.19 15:18:21.796,1.3929,1.393,4.80,12.80
2009.06.19 15:18:22.146,1.39285,1.3929,3.20,3.20
2009.06.19 15:18:22.496,1.3928,1.3929,6.40,12.80
2009.06.19 15:18:22.936,1.3928,1.3929,7.40,11.20
2009.06.19 15:18:25.675,1.39285,1.3929,1.60,11.20
2009.06.19 15:18:25.786,1.3929,1.393,6.40,19.00
2009.06.19 15:18:26.065,1.3929,1.393,6.40,12.80
2009.06.19 15:18:26.495,1.3929,1.393,30.00,12.80
2009.06.19 15:18:26.855,1.3929,1.393,30.60,11.20
2009.06.19 15:18:27.375,1.3929,1.393,30.00,11.20
2009.06.19 15:18:27.795,1.3929,1.393,30.00,8.00
2009.06.19 15:18:28.125,1.3929,1.39295,18.80,1.60
2009.06.19 15:18:28.595,1.3929,1.39295,1.60,10.80
2009.06.19 15:18:29.214,1.3929,1.39295,5.80,9.60
2009.06.19 15:18:29.545,1.3929,1.393,6.00,9.60
2009.06.19 15:18:29.655,1.39285,1.393,13.40,9.60
2009.06.19 15:18:29.885,1.3929,1.393,7.00,9.60
2009.06.19 15:18:30.224,1.3929,1.393,3.20,8.00
2009.06.19 15:18:30.634,1.393,1.3931,9.60,9.60
2009.06.19 15:18:30.814,1.393,1.39315,4.80,9.20
2009.06.19 15:18:31.754,1.393,1.39305,10.70,2.80
2009.06.19 15:18:32.034,1.393,1.39315,9.40,15.60
2009.06.19 15:18:32.554,1.393,1.39315,13.80,9.20
2009.06.19 15:18:32.824,1.393,1.39315,3.20,9.20
2009.06.19 15:18:33.393,1.393,1.39315,4.00,9.20
2009.06.19 15:18:33.623,1.393,1.39315,3.20,9.20
2009.06.19 15:18:34.033,1.393,1.3931,11.40,3.20
2009.06.19 15:18:34.093,1.393,1.3931,8.00,3.20
2009.06.19 15:18:34.274,1.393,1.3931,4.00,6.00
2009.06.19 15:18:34.673,1.393,1.3931,3.80,14.00
2009.06.19 15:18:34.893,1.393,1.3931,7.00,12.80
2009.06.19 15:18:35.913,1.393,1.3931,6.40,12.80
2009.06.19 15:18:37.653,1.393,1.39305,6.40,8.00
2009.06.19 15:18:38.242,1.3929,1.393,31.60,3.20
2009.06.19 15:18:38.472,1.3929,1.393,3.20,19.00
2009.06.19 15:18:38.772,1.3929,1.39295,3.20,8.00
2009.06.19 15:18:38.993,1.3929,1.39295,1.00,8.00
2009.06.19 15:18:39.682,1.39285,1.39295,6.40,8.00
2009.06.19 15:18:40.082,1.39285,1.393,10.00,15.80
2009.06.19 15:18:40.472,1.39295,1.393,3.20,9.60
2009.06.19 15:18:40.702,1.39295,1.39305,3.20,15.80
2009.06.19 15:18:40.872,1.39295,1.39305,7.60,9.60
2009.06.19 15:18:41.272,1.39295,1.393,4.20,3.20
2009.06.19 15:18:41.722,1.39295,1.39305,8.40,10.40
2009.06.19 15:18:42.002,1.39295,1.3931,8.40,20.40
2009.06.19 15:18:42.651,1.393,1.3931,1.00,20.40
2009.06.19 15:18:43.301,1.393,1.3931,1.20,20.40
2009.06.19 15:18:43.711,1.393,1.3931,1.00,20.40
2009.06.19 15:18:45.530,1.393,1.3931,1.00,20.40
2009.06.19 15:18:45.931,1.39295,1.3931,8.40,20.40
2009.06.19 15:18:45.991,1.39295,1.3931,9.00,20.40
2009.06.19 15:18:46.230,1.39295,1.3931,17.00,20.40
2009.06.19 15:18:46.521,1.39295,1.3931,20.00,20.40
2009.06.19 15:18:46.870,1.39295,1.393,16.60,3.20
2009.06.19 15:18:47.160,1.39295,1.393,16.60,4.80
2009.06.19 15:18:47.270,1.3929,1.393,7.80,19.00
2009.06.19 15:18:47.611,1.393,1.39305,1.00,9.20
2009.06.19 15:18:47.900,1.393,1.3931,2.40,19.00
2009.06.19 15:18:48.380,1.393,1.3931,2.60,19.00
2009.06.19 15:18:48.550,1.393,1.3931,1.80,20.40
2009.06.19 15:18:50.339,1.393,1.3931,2.00,20.40
2009.06.19 15:18:50.569,1.393,1.3931,1.80,20.40
2009.06.19 15:18:51.199,1.39295,1.3931,9.40,19.00
2009.06.19 15:18:51.369,1.39295,1.3931,9.60,19.00
2009.06.19 15:18:51.539,1.393,1.3931,7.20,11.20
2009.06.19 15:18:52.739,1.39295,1.393,4.50,3.20
2009.06.19 15:18:53.079,1.39295,1.393,11.60,3.20
2009.06.19 15:18:53.469,1.39295,1.39305,10.80,14.00
2009.06.19 15:18:53.999,1.3929,1.393,36.00,3.20
2009.06.19 15:18:54.898,1.3929,1.393,35.60,3.20
2009.06.19 15:18:55.368,1.3929,1.393,35.60,3.20
2009.06.19 15:18:55.699,1.3929,1.393,36.00,3.20
2009.06.19 15:18:55.989,1.3929,1.393,36.20,3.20
2009.06.19 15:18:57.218,1.3929,1.393,36.40,3.20
2009.06.19 15:18:57.388,1.3929,1.393,37.00,3.20
2009.06.19 15:18:57.858,1.3929,1.393,45.00,3.20
2009.06.19 15:18:58.408,1.39295,1.393,1.00,3.20
2009.06.19 15:18:58.817,1.39295,1.3931,4.80,20.40
2009.06.19 15:18:59.517,1.39295,1.393,1.00,3.20
2009.06.19 15:18:59.578,1.3929,1.393,38.40,11.20
2009.06.19 15:18:59.929,1.3929,1.393,34.60,11.20
2009.06.19 15:19:00.287,1.3929,1.393,8.00,11.20
2009.06.19 15:19:03.637,1.3929,1.393,4.60,11.20
2009.06.19 15:19:03.926,1.3929,1.393,3.80,12.80
2009.06.19 15:19:04.036,1.3929,1.393,8.60,12.80
2009.06.19 15:19:04.206,1.3929,1.393,8.60,20.40
2009.06.19 15:19:04.556,1.39285,1.39295,9.00,8.00
2009.06.19 15:19:04.726,1.39285,1.39295,3.80,8.00
2009.06.19 15:19:05.376,1.3929,1.393,3.80,19.00
2009.06.19 15:19:05.706,1.3929,1.393,7.00,19.00
2009.06.19 15:19:06.417,1.3929,1.393,1.00,20.40
2009.06.19 15:19:06.765,1.39285,1.39295,4.00,8.00
2009.06.19 15:19:08.415,1.39285,1.3929,4.00,4.00
2009.06.19 15:19:08.785,1.39285,1.3929,1.00,4.80
2009.06.19 15:19:09.235,1.3928,1.3929,3.80,19.00
2009.06.19 15:19:09.525,1.39275,1.39285,10.60,8.00
2009.06.19 15:19:09.925,1.39275,1.3929,10.60,15.80
2009.06.19 15:19:10.975,1.3928,1.3929,3.20,9.60
2009.06.19 15:19:11.384,1.3928,1.3929,3.20,15.80
2009.06.19 15:19:11.614,1.39275,1.39285,9.00,8.00
2009.06.19 15:19:11.834,1.39275,1.39285,4.60,8.00
2009.06.19 15:19:12.174,1.39275,1.39285,3.20,9.60
2009.06.19 15:19:16.613,1.39275,1.3928,4.40,3.20
2009.06.19 15:19:16.893,1.39275,1.39285,1.00,10.80
2009.06.19 15:19:17.173,1.39275,1.39285,4.20,8.00
2009.06.19 15:19:17.453,1.39275,1.3929,4.80,20.40
2009.06.19 15:19:18.013,1.39275,1.39285,4.80,8.00
2009.06.19 15:19:20.492,1.3927,1.3928,28.00,11.20
2009.06.19 15:19:20.832,1.3927,1.3928,35.20,11.20
2009.06.19 15:19:20.952,1.39275,1.39285,9.00,9.60
2009.06.19 15:19:21.452,1.39275,1.39285,8.00,10.80
2009.06.19 15:19:21.792,1.39275,1.39285,9.00,8.00
2009.06.19 15:19:22.462,1.3928,1.39285,3.20,8.00
2009.06.19 15:19:22.932,1.39275,1.3928,5.30,8.00
2009.06.19 15:19:23.231,1.39275,1.3928,22.60,8.00
2009.06.19 15:19:23.402,1.39275,1.39285,9.00,8.00
2009.06.19 15:19:25.121,1.3927,1.3928,55.60,11.20
2009.06.19 15:19:25.241,1.3927,1.3928,51.20,11.20
2009.06.19 15:19:25.411,1.3927,1.3928,36.80,11.20
2009.06.19 15:19:25.591,1.3927,1.3928,36.40,11.20
2009.06.19 15:19:26.151,1.3927,1.3928,36.00,3.20
2009.06.19 15:19:26.271,1.3927,1.3928,35.60,3.20
2009.06.19 15:19:26.381,1.3927,1.3928,36.00,3.20
2009.06.19 15:19:27.420,1.3927,1.3928,36.40,3.20
2009.06.19 15:19:27.691,1.3927,1.3928,29.00,3.20
2009.06.19 15:19:28.150,1.3927,1.3928,7.00,4.80
2009.06.19 15:19:28.450,1.3927,1.3928,7.00,12.80
2009.06.19 15:19:29.610,1.3927,1.3928,3.80,19.00
2009.06.19 15:19:29.990,1.39265,1.3928,5.60,20.40
2009.06.19 15:19:30.510,1.39265,1.39275,3.60,9.60
2009.06.19 15:19:31.969,1.39265,1.39275,4.40,9.60
2009.06.19 15:19:32.310,1.3927,1.39275,9.20,8.00
2009.06.19 15:19:32.429,1.39275,1.3928,1.50,8.80
2009.06.19 15:19:32.769,1.3928,1.39285,1.20,8.00
2009.06.19 15:19:33.069,1.3928,1.3929,1.60,19.00
2009.06.19 15:19:33.469,1.3928,1.39285,1.60,8.00
2009.06.19 15:19:33.759,1.39275,1.39285,8.00,8.00
2009.06.19 15:19:34.059,1.39275,1.39285,4.80,8.00
2009.06.19 15:19:34.339,1.39275,1.39285,4.60,8.00
2009.06.19 15:19:34.789,1.3927,1.39285,32.80,10.80
2009.06.19 15:19:35.079,1.3927,1.39285,29.20,10.80
2009.06.19 15:19:35.599,1.3927,1.39285,35.20,9.20
2009.06.19 15:19:35.709,1.39275,1.39285,4.00,8.00
2009.06.19 15:19:36.178,1.39275,1.3929,4.00,20.40
2009.06.19 15:19:37.168,1.39275,1.3929,9.00,20.40
2009.06.19 15:19:37.398,1.39275,1.3929,9.00,20.40
2009.06.19 15:19:39.538,1.39275,1.3929,4.00,20.40
2009.06.19 15:19:39.868,1.39275,1.39285,4.00,8.00
2009.06.19 15:19:40.277,1.39275,1.3928,1.00,3.20
2009.06.19 15:19:40.677,1.3927,1.3928,46.40,3.20
2009.06.19 15:19:41.077,1.3927,1.3928,33.80,3.20
2009.06.19 15:19:41.367,1.3927,1.3928,33.60,3.20
2009.06.19 15:19:41.777,1.3927,1.3928,33.20,3.20
2009.06.19 15:19:42.307,1.3927,1.3928,33.80,3.20
2009.06.19 15:19:42.607,1.39275,1.3928,1.00,3.20
2009.06.19 15:19:42.817,1.39275,1.3928,1.60,3.20
2009.06.19 15:19:43.047,1.3928,1.3929,7.00,19.00
2009.06.19 15:19:44.086,1.3928,1.3929,8.00,11.20
2009.06.19 15:19:45.206,1.3928,1.3929,7.80,11.20
2009.06.19 15:19:45.546,1.3928,1.3929,7.00,12.60
2009.06.19 15:19:52.024,1.3928,1.3929,26.60,11.20
2009.06.19 15:19:52.475,1.3928,1.3929,27.00,11.20
2009.06.19 15:19:53.834,1.3928,1.3929,32.60,11.20
2009.06.19 15:19:56.573,1.3928,1.3929,32.20,11.20
2009.06.19 15:19:57.583,1.3928,1.3929,32.60,11.20
2009.06.19 15:19:57.933,1.39285,1.3929,1.60,11.20
2009.06.19 15:20:00.073,1.39288,1.39293,1.20,16.20
2009.06.19 15:20:00.643,1.3929,1.39295,1.00,3.80
2009.06.19 15:20:00.983,1.39305,1.3931,1.40,3.20
2009.06.19 15:20:01.273,1.393,1.3931,31.00,3.20
2009.06.19 15:20:01.682,1.393,1.3931,11.00,8.00
2009.06.19 15:20:02.142,1.393,1.39315,11.40,20.40
2009.06.19 15:20:02.382,1.393,1.39315,10.20,20.40
2009.06.19 15:20:02.672,1.393,1.39315,9.60,20.40
2009.06.19 15:20:03.072,1.393,1.39315,9.20,20.40
2009.06.19 15:20:03.532,1.393,1.3931,1.60,9.60
2009.06.19 15:20:03.872,1.393,1.39305,1.60,10.80
2009.06.19 15:20:04.262,1.3929,1.39305,4.00,17.20
2009.06.19 15:20:05.022,1.3929,1.393,4.00,8.00
2009.06.19 15:20:05.721,1.3929,1.39305,4.00,17.20
2009.06.19 15:20:07.541,1.3929,1.39305,4.80,17.20
2009.06.19 15:20:09.180,1.3929,1.39305,25.00,17.20
2009.06.19 15:20:09.410,1.3929,1.39305,25.20,17.20
2009.06.19 15:20:09.470,1.3929,1.39305,25.40,17.20
2009.06.19 15:20:12.050,1.3929,1.393,3.80,9.60
2009.06.19 15:20:12.390,1.3929,1.393,3.20,9.60
2009.06.19 15:20:14.139,1.3929,1.393,3.80,9.60
2009.06.19 15:20:19.468,1.39285,1.393,20.00,12.80
2009.06.19 15:20:19.758,1.39285,1.393,8.80,12.80
2009.06.19 15:20:19.938,1.39285,1.393,5.80,12.80
2009.06.19 15:20:22.777,1.3929,1.393,6.00,12.80
2009.06.19 15:20:23.007,1.3929,1.393,12.60,8.00
2009.06.19 15:20:23.407,1.3929,1.39305,17.80,17.20
2009.06.19 15:20:23.627,1.3929,1.39305,15.20,17.20
2009.06.19 15:20:24.027,1.3929,1.39305,16.20,17.20
2009.06.19 15:20:24.257,1.3929,1.39305,21.00,17.20
2009.06.19 15:20:25.507,1.3929,1.39305,13.80,17.20
2009.06.19 15:20:25.866,1.3929,1.39305,13.60,17.20
2009.06.19 15:20:26.196,1.3929,1.39305,13.00,17.20
2009.06.19 15:20:26.486,1.3929,1.39305,12.80,17.20
2009.06.19 15:20:26.656,1.3929,1.39305,13.20,17.20
2009.06.19 15:20:26.716,1.3929,1.39305,13.40,17.20
2009.06.19 15:20:27.076,1.3929,1.39305,13.80,17.20
2009.06.19 15:20:27.706,1.3929,1.39305,14.00,17.20
2009.06.19 15:20:30.365,1.39285,1.3929,8.70,3.20
2009.06.19 15:20:30.705,1.3928,1.3929,26.60,3.20
2009.06.19 15:20:31.035,1.3928,1.3929,25.60,11.20
2009.06.19 15:20:31.325,1.39285,1.3929,3.20,8.00
2009.06.19 15:20:31.855,1.3929,1.393,3.20,15.80
2009.06.19 15:20:40.693,1.3929,1.393,4.80,15.80
2009.06.19 15:20:41.053,1.39295,1.39305,4.20,9.60
2009.06.19 15:20:41.173,1.3929,1.39305,21.00,10.80
2009.06.19 15:20:41.473,1.3929,1.39305,29.60,10.80
2009.06.19 15:20:42.122,1.3929,1.39305,27.80,10.80
2009.06.19 15:20:42.522,1.3929,1.39305,28.00,10.80
2009.06.19 15:20:42.762,1.3929,1.39305,28.00,10.80
2009.06.19 15:20:42.992,1.39285,1.3929,26.20,1.40
2009.06.19 15:20:43.272,1.39285,1.3929,1.60,3.20
2009.06.19 15:20:43.672,1.3928,1.39285,17.40,1.60
2009.06.19 15:20:44.551,1.39275,1.39285,1.40,9.80
2009.06.19 15:20:45.062,1.39275,1.39285,3.20,9.80
2009.06.19 15:20:45.482,1.3928,1.39285,6.40,9.60
2009.06.19 15:20:45.892,1.3928,1.3929,12.20,17.40
2009.06.19 15:20:46.302,1.39285,1.39295,3.80,21.00
2009.06.19 15:20:46.712,1.39285,1.39295,3.20,21.00
2009.06.19 15:20:48.761,1.3928,1.3929,8.60,15.80
2009.06.19 15:20:49.041,1.39285,1.3929,1.00,6.20
2009.06.19 15:20:49.151,1.39285,1.39295,3.80,21.00
2009.06.19 15:20:49.501,1.39285,1.39295,3.20,21.00
2009.06.19 15:20:50.330,1.3929,1.39295,3.20,13.00
2009.06.19 15:20:50.601,1.3929,1.393,6.40,24.90
2009.06.19 15:20:50.841,1.3929,1.39295,3.20,8.20
2009.06.19 15:20:51.250,1.3929,1.39295,11.20,1.60
2009.06.19 15:20:51.610,1.39305,1.3931,3.20,12.40
2009.06.19 15:20:51.890,1.393,1.3931,18.20,1.60
2009.06.19 15:20:52.170,1.39305,1.39315,3.20,16.20
2009.06.19 15:20:52.400,1.39305,1.39315,3.20,9.80
2009.06.19 15:20:53.470,1.393,1.39315,26.40,11.20
2009.06.19 15:20:54.010,1.393,1.39315,13.80,11.60
2009.06.19 15:20:54.129,1.393,1.39315,13.80,18.00
2009.06.19 15:20:54.250,1.393,1.39315,13.60,18.00
2009.06.19 15:20:54.479,1.393,1.39315,15.00,18.20
2009.06.19 15:20:54.650,1.39295,1.393,3.20,1.00
2009.06.19 15:20:55.350,1.3929,1.39295,4.30,1.60
2009.06.19 15:20:55.639,1.39285,1.39295,3.20,1.80
2009.06.19 15:20:55.869,1.39285,1.39295,3.20,8.20
2009.06.19 15:20:56.240,1.39285,1.39295,3.20,16.20
2009.06.19 15:20:57.129,1.39285,1.39295,4.40,15.80
2009.06.19 15:20:59.408,1.3929,1.39295,3.20,8.00
2009.06.19 15:20:59.528,1.3929,1.393,3.20,15.80
2009.06.19 15:21:01.438,1.39285,1.3929,5.00,3.20
2009.06.19 15:21:01.618,1.3928,1.3929,26.00,11.20
2009.06.19 15:21:02.258,1.3928,1.3929,8.00,11.20
2009.06.19 15:21:02.608,1.39285,1.39295,3.80,15.80
2009.06.19 15:21:03.008,1.3929,1.39295,3.20,8.00
2009.06.19 15:21:03.367,1.3929,1.393,3.20,15.80
2009.06.19 15:21:04.077,1.3929,1.393,3.20,9.60
2009.06.19 15:21:04.647,1.3929,1.393,4.00,8.00
2009.06.19 15:21:05.057,1.3929,1.39305,4.80,22.00
2009.06.19 15:21:06.617,1.3929,1.39305,4.60,22.00
2009.06.19 15:21:06.676,1.3929,1.393,3.20,9.60
2009.06.19 15:21:09.676,1.3929,1.39305,4.80,22.00
2009.06.19 15:21:10.946,1.3929,1.39305,4.80,14.00
2009.06.19 15:21:13.975,1.3929,1.393,3.80,11.20
2009.06.19 15:21:14.095,1.3929,1.393,3.80,1.60
2009.06.19 15:21:15.045,1.3929,1.393,3.80,11.20
2009.06.19 15:21:16.255,1.3929,1.393,14.60,9.80
2009.06.19 15:21:16.474,1.39295,1.393,3.20,9.80
2009.06.19 15:21:16.575,1.39295,1.39305,3.20,15.80
2009.06.19 15:21:16.974,1.39295,1.39305,3.20,9.60
2009.06.19 15:21:17.494,1.39295,1.39305,4.80,9.60
2009.06.19 15:21:17.774,1.39295,1.3931,9.60,15.80
2009.06.19 15:21:18.234,1.39295,1.3931,20.00,15.80
2009.06.19 15:21:18.524,1.39295,1.3931,28.00,15.80
2009.06.19 15:21:19.943,1.39295,1.393,28.00,1.00
2009.06.19 15:21:20.223,1.39295,1.393,28.00,1.60
2009.06.19 15:21:20.283,1.39295,1.393,9.60,1.60
2009.06.19 15:21:20.343,1.39295,1.393,9.60,1.00
2009.06.19 15:21:20.453,1.39295,1.3931,9.60,15.80
2009.06.19 15:21:21.543,1.39295,1.3931,23.20,20.40
2009.06.19 15:21:21.823,1.39295,1.39305,20.20,8.00
2009.06.19 15:21:22.163,1.39295,1.39305,4.60,8.00
2009.06.19 15:21:22.493,1.39295,1.39305,3.80,9.60
2009.06.19 15:21:23.533,1.39295,1.39305,3.20,15.80
2009.06.19 15:21:31.731,1.39295,1.39305,3.20,17.20
2009.06.19 15:21:32.081,1.3929,1.39305,30.40,17.20
2009.06.19 15:21:32.371,1.3929,1.39305,11.80,17.20
2009.06.19 15:21:33.560,1.3929,1.393,3.80,1.60
2009.06.19 15:21:33.900,1.3929,1.393,3.80,9.60
2009.06.19 15:21:34.640,1.3929,1.393,3.80,1.60
2009.06.19 15:21:35.289,1.3929,1.393,3.80,12.00
2009.06.19 15:21:35.640,1.3929,1.393,3.80,10.40
2009.06.19 15:21:35.810,1.3929,1.393,3.80,9.60
2009.06.19 15:21:36.899,1.39295,1.39305,3.20,15.80
2009.06.19 15:21:37.879,1.39295,1.39305,4.20,14.20
2009.06.19 15:21:38.289,1.39305,1.3931,1.00,8.80
2009.06.19 15:21:38.629,1.39305,1.3932,14.00,27.00
2009.06.19 15:21:38.929,1.3931,1.3932,12.40,15.80
2009.06.19 15:21:39.169,1.3931,1.3932,3.20,8.00
2009.06.19 15:21:39.459,1.3931,1.39325,3.80,17.20
2009.06.19 15:21:39.969,1.3931,1.39325,8.20,20.40
2009.06.19 15:21:40.199,1.3931,1.3932,3.80,8.00
2009.06.19 15:21:40.938,1.3931,1.3932,16.00,3.20
2009.06.19 15:21:41.378,1.3931,1.3932,6.40,3.20
2009.06.19 15:21:41.878,1.39305,1.39315,11.20,10.80
2009.06.19 15:21:42.168,1.393,1.39315,27.80,20.40
2009.06.19 15:21:42.458,1.393,1.39315,27.00,20.40
2009.06.19 15:21:42.778,1.393,1.39315,19.00,20.40
2009.06.19 15:21:42.898,1.393,1.39315,18.20,20.40
2009.06.19 15:21:43.228,1.393,1.39315,18.40,20.40
2009.06.19 15:21:50.866,1.393,1.39315,27.20,11.60
2009.06.19 15:21:51.036,1.393,1.39315,26.40,11.60
2009.06.19 15:21:51.156,1.393,1.39315,25.60,11.60
2009.06.19 15:21:51.216,1.393,1.39315,14.80,11.60
2009.06.19 15:21:51.276,1.393,1.39315,15.20,11.60
2009.06.19 15:21:51.566,1.393,1.39315,15.80,10.40
2009.06.19 15:21:51.616,1.393,1.39315,26.60,10.40
2009.06.19 15:21:52.336,1.393,1.39315,27.40,10.40
2009.06.19 15:21:52.506,1.393,1.39315,27.40,11.60
2009.06.19 15:21:52.616,1.393,1.39315,27.20,11.60
2009.06.19 15:21:52.795,1.393,1.39315,24.40,11.60
2009.06.19 15:21:53.066,1.393,1.39315,16.00,11.60
2009.06.19 15:21:53.405,1.39305,1.39315,3.80,10.40
2009.06.19 15:21:54.265,1.3931,1.39315,3.20,8.00
2009.06.19 15:21:54.495,1.3931,1.39315,5.20,8.00
2009.06.19 15:21:54.775,1.3931,1.39315,6.80,8.00
2009.06.19 15:21:55.115,1.3931,1.3932,7.00,12.80
2009.06.19 15:21:55.175,1.39315,1.3932,1.00,9.60
2009.06.19 15:21:55.455,1.39315,1.3932,10.00,9.60
2009.06.19 15:21:55.795,1.39325,1.3933,1.60,12.80
2009.06.19 15:21:56.095,1.3933,1.39335,15.60,9.40
2009.06.19 15:21:56.575,1.39335,1.39345,3.80,16.80
2009.06.19 15:21:56.865,1.3933,1.39335,6.40,1.20
2009.06.19 15:21:57.156,1.3933,1.3934,1.00,12.40
2009.06.19 15:21:57.444,1.3933,1.3934,5.40,11.00
2009.06.19 15:21:57.885,1.39325,1.3934,6.40,19.80
2009.06.19 15:21:58.235,1.39325,1.39335,1.00,12.40
2009.06.19 15:21:58.575,1.3932,1.39335,1.60,20.40
2009.06.19 15:21:58.864,1.3932,1.39335,25.80,20.40
2009.06.19 15:21:59.264,1.3932,1.39335,17.80,20.40
2009.06.19 15:22:00.864,1.3932,1.39335,18.00,20.40
2009.06.19 15:22:00.923,1.3932,1.39335,18.20,20.40
2009.06.19 15:22:01.733,1.3932,1.3933,18.20,2.40
2009.06.19 15:22:01.793,1.3932,1.3933,18.20,7.20
2009.06.19 15:22:02.203,1.3932,1.39335,10.20,22.00
2009.06.19 15:22:02.813,1.3932,1.39335,10.20,20.40
2009.06.19 15:22:03.053,1.3932,1.39335,10.40,25.20
2009.06.19 15:22:04.103,1.3932,1.3933,9.40,8.00
2009.06.19 15:22:04.393,1.3932,1.3933,10.40,8.00
2009.06.19 15:22:04.803,1.3932,1.3933,11.00,8.00
2009.06.19 15:22:05.082,1.3932,1.3933,10.60,8.00
2009.06.19 15:22:05.502,1.3932,1.3933,9.80,8.00
2009.06.19 15:22:05.802,1.3932,1.3933,4.80,12.80
2009.06.19 15:22:06.082,1.3932,1.3933,4.80,12.80
2009.06.19 15:22:06.643,1.39315,1.39325,3.20,7.80
2009.06.19 15:22:07.042,1.39315,1.3932,3.20,3.20
2009.06.19 15:22:07.332,1.39315,1.3932,7.50,8.00
2009.06.19 15:22:07.632,1.3932,1.39325,3.20,8.00
2009.06.19 15:22:07.982,1.3932,1.3933,6.40,11.20
2009.06.19 15:22:08.662,1.3932,1.3933,6.40,19.00
2009.06.19 15:22:09.062,1.39315,1.3932,8.50,2.40
2009.06.19 15:22:09.552,1.39315,1.39325,3.20,9.60
2009.06.19 15:22:09.951,1.39315,1.39325,3.80,9.60
2009.06.19 15:22:10.881,1.3931,1.39325,36.40,10.80
2009.06.19 15:22:11.161,1.39315,1.39325,3.20,10.80
2009.06.19 15:22:11.511,1.39315,1.39325,3.80,9.60
2009.06.19 15:22:11.951,1.3931,1.39325,24.60,12.80
2009.06.19 15:22:12.361,1.39315,1.39325,3.80,9.60
2009.06.19 15:22:12.581,1.3931,1.39325,22.20,13.60
2009.06.19 15:22:13.111,1.39315,1.39325,3.80,9.60
2009.06.19 15:22:13.691,1.3931,1.3932,32.80,11.20
2009.06.19 15:22:14.260,1.39315,1.3932,6.40,8.00
2009.06.19 15:22:14.610,1.3931,1.3932,33.20,12.80
2009.06.19 15:22:14.890,1.3931,1.3932,7.00,12.80
2009.06.19 15:22:15.170,1.393,1.3931,7.40,6.00
2009.06.19 15:22:15.410,1.39295,1.39305,9.00,8.00
2009.06.19 15:22:15.760,1.39295,1.39305,4.00,8.00
2009.06.19 15:22:16.560,1.39295,1.3931,7.40,19.00
2009.06.19 15:22:16.910,1.39305,1.3931,1.00,7.80
2009.06.19 15:22:17.200,1.39305,1.39315,3.80,12.40
2009.06.19 15:22:17.490,1.393,1.39315,6.80,20.40
2009.06.19 15:22:17.770,1.393,1.39305,2.20,2.80
2009.06.19 15:22:18.299,1.3929,1.39305,29.40,2.80
2009.06.19 15:22:18.699,1.3929,1.39305,24.40,10.80
2009.06.19 15:22:19.249,1.39295,1.39305,4.80,8.00
2009.06.19 15:22:19.589,1.393,1.3931,1.00,4.80
2009.06.19 15:22:19.989,1.39295,1.3931,12.00,14.00
2009.06.19 15:22:20.169,1.39295,1.3931,11.80,20.40
2009.06.19 15:22:20.729,1.39295,1.39305,3.80,1.60
2009.06.19 15:22:21.010,1.39295,1.39305,3.80,2.80
2009.06.19 15:22:21.299,1.39295,1.39305,3.20,9.60
2009.06.19 15:22:21.749,1.393,1.39305,3.20,9.60
2009.06.19 15:22:22.039,1.39295,1.39305,8.60,8.00
2009.06.19 15:22:22.629,1.393,1.3931,3.80,19.00
2009.06.19 15:22:22.978,1.393,1.3931,3.20,12.80
2009.06.19 15:22:23.318,1.393,1.3931,8.40,8.00
2009.06.19 15:22:23.728,1.393,1.3931,4.20,12.40
2009.06.19 15:22:24.078,1.3929,1.39305,22.40,8.00
2009.06.19 15:22:24.778,1.39285,1.3929,11.60,3.20
2009.06.19 15:22:25.128,1.3928,1.3929,4.00,11.20
2009.06.19 15:22:26.857,1.3928,1.3929,11.00,8.00
2009.06.19 15:22:27.267,1.3928,1.39295,18.60,14.40
2009.06.19 15:22:27.657,1.3928,1.39295,22.40,14.40
2009.06.19 15:22:28.167,1.3928,1.39295,25.00,14.40
2009.06.19 15:22:28.497,1.3928,1.39295,24.80,14.40
2009.06.19 15:22:28.737,1.3928,1.39295,24.20,14.40
2009.06.19 15:22:28.917,1.3928,1.39295,22.80,14.40
2009.06.19 15:22:29.406,1.3928,1.39295,22.40,14.40
2009.06.19 15:22:29.847,1.3928,1.39295,22.80,14.40
2009.06.19 15:22:29.967,1.3928,1.39295,22.60,14.40
2009.06.19 15:22:30.537,1.3928,1.39295,22.60,12.80
2009.06.19 15:22:31.016,1.3928,1.39295,20.40,12.80
2009.06.19 15:22:31.456,1.3928,1.39295,20.20,12.80
2009.06.19 15:22:32.036,1.3928,1.3929,25.60,3.20
2009.06.19 15:22:32.436,1.3928,1.3929,3.20,12.80
2009.06.19 15:22:32.726,1.3928,1.3929,4.00,19.00
2009.06.19 15:22:33.296,1.39275,1.3928,1.00,1.60
2009.06.19 15:22:33.626,1.3927,1.39275,6.80,8.00
2009.06.19 15:22:34.036,1.3927,1.39285,11.00,12.60
2009.06.19 15:22:34.615,1.3927,1.3928,25.80,2.20
2009.06.19 15:22:35.056,1.39285,1.3929,1.60,9.60
2009.06.19 15:22:35.405,1.3928,1.39295,9.60,17.40
2009.06.19 15:22:35.685,1.39285,1.3929,1.00,5.80
2009.06.19 15:22:36.435,1.39285,1.39295,1.00,1.60
2009.06.19 15:22:40.264,1.39285,1.393,1.60,20.40
2009.06.19 15:22:40.604,1.39285,1.393,1.60,12.40
2009.06.19 15:22:41.304,1.39285,1.393,1.00,20.40
2009.06.19 15:22:43.903,1.39285,1.3929,1.00,1.00
2009.06.19 15:22:44.123,1.39285,1.3929,1.00,1.20
2009.06.19 15:22:44.853,1.39285,1.39295,1.00,9.20
2009.06.19 15:22:47.232,1.39285,1.39295,3.20,9.20
2009.06.19 15:22:48.152,1.39285,1.39295,1.00,9.20
2009.06.19 15:22:49.312,1.39285,1.39295,1.00,9.20
2009.06.19 15:23:02.159,1.3929,1.393,28.60,3.20
2009.06.19 15:23:02.379,1.3929,1.393,4.80,11.20
2009.06.19 15:23:04.218,1.393,1.39305,3.20,8.80
2009.06.19 15:23:04.658,1.393,1.3931,3.20,12.80
2009.06.19 15:23:04.828,1.393,1.3931,11.20,3.20
2009.06.19 15:23:05.228,1.393,1.3931,10.60,3.20
2009.06.19 15:23:05.748,1.393,1.3931,11.00,3.20
2009.06.19 15:23:08.028,1.39298,1.39308,49.20,8.00
2009.06.19 15:23:08.198,1.39285,1.39295,1.00,1.60
2009.06.19 15:23:08.547,1.39285,1.39295,1.00,9.60
2009.06.19 15:23:08.937,1.39285,1.39295,1.00,9.60
2009.06.19 15:23:09.457,1.39285,1.39295,1.00,8.00
2009.06.19 15:23:09.847,1.39285,1.393,1.00,20.40
2009.06.19 15:23:11.167,1.39285,1.393,1.60,21.20
2009.06.19 15:23:11.796,1.39285,1.393,10.80,21.20
2009.06.19 15:23:12.577,1.3929,1.393,2.60,19.80
2009.06.19 15:23:12.816,1.3929,1.393,3.80,19.00
2009.06.19 15:23:15.916,1.39285,1.3929,16.40,11.20
2009.06.19 15:23:16.275,1.3928,1.3929,34.80,3.20
2009.06.19 15:23:16.745,1.3928,1.3929,41.20,3.20
2009.06.19 15:23:17.006,1.3928,1.3929,42.00,3.20
2009.06.19 15:23:17.405,1.3928,1.3929,35.60,3.20
2009.06.19 15:23:17.935,1.3928,1.3929,40.40,3.20
2009.06.19 15:23:18.745,1.3928,1.3929,40.60,3.20
2009.06.19 15:23:19.974,1.3928,1.3929,41.00,3.20
2009.06.19 15:23:20.724,1.3928,1.3929,42.00,3.20
2009.06.19 15:23:20.904,1.39285,1.393,1.60,20.40
2009.06.19 15:23:21.144,1.39285,1.393,3.20,20.40
2009.06.19 15:23:21.494,1.3929,1.393,3.20,19.00
2009.06.19 15:23:21.604,1.3929,1.393,3.80,19.00
2009.06.19 15:23:21.834,1.3929,1.39295,3.20,8.00
2009.06.19 15:23:22.134,1.3929,1.39295,1.60,8.00
2009.06.19 15:23:22.354,1.39285,1.393,1.60,20.40
2009.06.19 15:23:24.164,1.39285,1.39295,1.00,1.60
2009.06.19 15:23:24.343,1.39285,1.39295,1.00,9.60
2009.06.19 15:23:25.783,1.39285,1.39295,1.40,8.00
2009.06.19 15:23:25.903,1.39285,1.39295,1.60,8.00
2009.06.19 15:23:26.383,1.39285,1.393,1.60,21.20
2009.06.19 15:23:27.013,1.39285,1.393,12.40,21.20
2009.06.19 15:23:28.373,1.39285,1.3929,12.40,6.80
2009.06.19 15:23:28.653,1.39273,1.39298,22.20,11.00
2009.06.19 15:23:28.992,1.39271,1.39295,1.00,20.40
2009.06.19 15:23:29.292,1.39268,1.39293,1.00,19.00
2009.06.19 15:23:30.152,1.39271,1.39286,1.20,21.20
2009.06.19 15:23:30.502,1.3926,1.3927,5.20,17.40
2009.06.19 15:23:30.922,1.3926,1.3927,5.20,11.20
2009.06.19 15:23:31.902,1.39265,1.3927,1.20,11.20
2009.06.19 15:23:32.352,1.39265,1.3927,1.20,8.00
2009.06.19 15:23:32.762,1.3927,1.39275,9.20,8.00
2009.06.19 15:23:33.232,1.3927,1.3928,10.00,8.00
2009.06.19 15:23:33.521,1.3928,1.39285,1.00,15.80
2009.06.19 15:23:33.991,1.39275,1.39285,6.20,11.20
2009.06.19 15:23:34.461,1.39275,1.39285,6.40,11.20
2009.06.19 15:23:34.742,1.3927,1.3928,15.20,8.00
2009.06.19 15:23:35.021,1.3927,1.3928,7.60,8.00
2009.06.19 15:23:35.481,1.3927,1.3928,18.60,3.20
2009.06.19 15:23:35.811,1.3927,1.3928,14.80,11.20
2009.06.19 15:23:36.331,1.3927,1.3928,10.00,8.00
2009.06.19 15:23:36.891,1.3927,1.39285,9.60,9.60
2009.06.19 15:23:37.180,1.3927,1.39285,10.60,9.60
2009.06.19 15:23:37.680,1.39275,1.39285,8.60,8.00
2009.06.19 15:23:38.141,1.3928,1.3929,3.20,19.00
2009.06.19 15:23:38.610,1.3927,1.39285,10.60,9.60
2009.06.19 15:23:41.179,1.39275,1.39285,4.80,1.60
2009.06.19 15:23:41.740,1.3928,1.3929,3.20,20.40
2009.06.19 15:23:41.849,1.3928,1.3929,3.20,19.00
2009.06.19 15:23:42.149,1.3928,1.3929,3.80,12.60
2009.06.19 15:23:48.718,1.3928,1.3929,3.80,19.00
2009.06.19 15:23:50.787,1.3928,1.3929,3.20,19.00
2009.06.19 15:23:50.907,1.39275,1.39285,15.80,1.60
2009.06.19 15:23:51.127,1.39275,1.39285,12.80,1.60
2009.06.19 15:23:51.237,1.39275,1.39285,4.80,9.60
2009.06.19 15:23:51.457,1.39275,1.39285,2.20,9.60
2009.06.19 15:23:51.687,1.3928,1.3929,3.80,19.00
2009.06.19 15:23:52.357,1.3928,1.3929,1.00,20.40
2009.06.19 15:23:52.587,1.39275,1.3929,5.80,20.40
2009.06.19 15:23:54.027,1.39275,1.39285,4.80,1.60
2009.06.19 15:23:54.536,1.3927,1.39285,10.60,9.60
2009.06.19 15:23:58.216,1.3927,1.39285,9.00,9.60
2009.06.19 15:23:58.495,1.39275,1.39285,3.20,10.80
2009.06.19 15:23:58.885,1.3927,1.39285,10.60,9.60
2009.06.19 15:23:59.745,1.3927,1.39285,10.60,15.80
2009.06.19 15:24:00.155,1.3927,1.3928,4.80,3.20
2009.06.19 15:24:02.684,1.3927,1.39285,4.80,22.00
2009.06.19 15:24:03.094,1.39275,1.39285,4.80,12.60
2009.06.19 15:24:03.554,1.3927,1.39285,9.60,20.60
2009.06.19 15:24:04.014,1.3927,1.3928,3.80,11.00
2009.06.19 15:24:04.424,1.3927,1.3928,3.80,19.00
2009.06.19 15:24:04.824,1.39265,1.3927,2.20,3.20
2009.06.19 15:24:05.115,1.3926,1.3927,16.80,3.20
2009.06.19 15:24:05.404,1.3926,1.3927,20.80,11.20
2009.06.19 15:24:05.684,1.39265,1.39275,3.80,9.60
2009.06.19 15:24:06.024,1.39265,1.39275,4.80,9.60
2009.06.19 15:24:06.493,1.3927,1.39275,1.20,9.60
2009.06.19 15:24:07.753,1.3927,1.3928,3.20,19.00
2009.06.19 15:24:07.923,1.3927,1.3928,2.20,19.00
2009.06.19 15:24:08.323,1.39265,1.39275,8.20,8.00
2009.06.19 15:24:08.663,1.3927,1.39275,4.00,8.00
2009.06.19 15:24:09.183,1.39275,1.39285,1.00,15.80
2009.06.19 15:24:09.583,1.3927,1.39285,9.60,15.80
2009.06.19 15:24:11.022,1.3927,1.3928,4.60,11.00
2009.06.19 15:24:11.442,1.3927,1.3928,4.60,19.00
2009.06.19 15:24:11.492,1.3927,1.39275,3.80,1.60
2009.06.19 15:24:11.772,1.3927,1.39275,5.80,1.60
2009.06.19 15:24:12.012,1.3927,1.39275,1.20,9.40
2009.06.19 15:24:12.292,1.39265,1.39275,1.80,9.60
2009.06.19 15:24:13.172,1.39265,1.39275,2.00,9.60
2009.06.19 15:24:13.532,1.39265,1.39275,4.40,8.00
2009.06.19 15:24:13.592,1.39265,1.39275,5.40,8.00
2009.06.19 15:24:13.822,1.39265,1.3928,5.40,19.00
2009.06.19 15:24:14.112,1.39265,1.3928,8.80,19.00
2009.06.19 15:24:18.400,1.39265,1.3928,10.20,19.00
2009.06.19 15:24:18.630,1.3927,1.39285,6.40,15.80
2009.06.19 15:24:19.031,1.3927,1.39285,9.60,15.80
2009.06.19 15:24:20.310,1.3927,1.39285,10.60,15.80
2009.06.19 15:24:20.530,1.3928,1.39285,3.20,15.80
2009.06.19 15:24:20.750,1.39275,1.3928,1.80,3.20
2009.06.19 15:24:20.990,1.3927,1.3928,5.40,4.80
2009.06.19 15:24:21.380,1.3927,1.3928,10.60,1.60
2009.06.19 15:24:21.670,1.3927,1.39285,10.60,15.80
2009.06.19 15:24:23.169,1.39275,1.39285,4.80,9.60
2009.06.19 15:24:24.659,1.3928,1.39285,3.20,9.60
2009.06.19 15:24:25.009,1.3928,1.39285,3.80,1.60
2009.06.19 15:24:25.629,1.3928,1.3929,3.80,19.00
2009.06.19 15:24:30.187,1.39275,1.3929,10.60,15.80
2009.06.19 15:24:31.337,1.3928,1.3929,13.00,8.00
2009.06.19 15:24:31.567,1.3928,1.39295,9.60,15.80
2009.06.19 15:24:35.816,1.3928,1.3929,9.60,1.60
2009.06.19 15:24:35.936,1.3928,1.3929,7.80,7.80
2009.06.19 15:24:36.106,1.3928,1.3929,3.80,19.00
2009.06.19 15:24:37.066,1.3928,1.3929,3.80,12.80
2009.06.19 15:24:37.416,1.39285,1.39295,1.00,15.80
2009.06.19 15:24:37.756,1.3928,1.39295,10.60,15.80
2009.06.19 15:24:38.106,1.39285,1.393,10.60,21.60
2009.06.19 15:24:38.646,1.39285,1.393,10.60,21.40
2009.06.19 15:24:39.185,1.39285,1.393,10.60,21.40
2009.06.19 15:24:39.416,1.39285,1.39295,10.60,3.40
2009.06.19 15:24:39.765,1.39285,1.3929,2.60,8.00
2009.06.19 15:24:40.165,1.3929,1.393,3.20,19.00
2009.06.19 15:24:40.665,1.3929,1.393,4.00,11.20
2009.06.19 15:24:45.424,1.3929,1.393,3.80,11.20
2009.06.19 15:24:45.604,1.3929,1.393,3.80,12.80
2009.06.19 15:24:47.353,1.3929,1.393,3.20,12.80
2009.06.19 15:24:47.793,1.3929,1.393,3.80,12.80
2009.06.19 15:24:52.552,1.3929,1.393,4.80,11.20
2009.06.19 15:24:54.722,1.3929,1.393,4.60,11.20
2009.06.19 15:24:54.782,1.39295,1.393,4.20,8.00
2009.06.19 15:24:55.412,1.393,1.3931,1.60,15.20
2009.06.19 15:24:55.652,1.393,1.39305,9.00,8.00
2009.06.19 15:24:55.762,1.39305,1.39315,1.00,15.80
2009.06.19 15:24:56.281,1.393,1.39315,9.60,15.80
2009.06.19 15:24:56.571,1.393,1.3931,37.40,11.20
2009.06.19 15:24:56.901,1.393,1.3931,3.80,12.80
2009.06.19 15:24:58.001,1.393,1.3931,37.20,8.00
2009.06.19 15:24:58.351,1.393,1.39315,10.60,15.80
2009.06.19 15:24:58.761,1.393,1.39315,9.60,15.80
2009.06.19 15:24:59.741,1.393,1.39315,10.60,15.80
2009.06.19 15:25:00.071,1.393,1.39315,9.60,15.80
2009.06.19 15:25:01.970,1.393,1.3931,8.00,3.20
2009.06.19 15:25:02.190,1.393,1.3931,3.80,19.00
2009.06.19 15:25:02.600,1.39305,1.39315,1.00,9.60
2009.06.19 15:25:03.000,1.3931,1.39315,3.20,8.00
2009.06.19 15:25:03.400,1.39305,1.39315,4.60,6.20
2009.06.19 15:25:03.741,1.393,1.39315,10.60,15.80
2009.06.19 15:25:11.987,1.393,1.39315,35.20,15.80
2009.06.19 15:25:12.107,1.393,1.3931,35.00,11.20
2009.06.19 15:25:12.677,1.393,1.3931,7.40,11.20
2009.06.19 15:25:13.127,1.393,1.39315,10.60,15.80
2009.06.19 15:25:19.106,1.393,1.3931,3.80,4.80
2009.06.19 15:25:19.336,1.393,1.3931,3.80,12.80
2009.06.19 15:25:22.305,1.39295,1.3931,10.60,15.80
2009.06.19 15:25:22.825,1.393,1.39315,9.60,15.80
2009.06.19 15:25:23.175,1.393,1.39315,9.60,20.60
2009.06.19 15:25:24.775,1.393,1.39315,10.60,20.60
2009.06.19 15:25:25.704,1.39305,1.39315,1.20,20.60
2009.06.19 15:25:25.824,1.393,1.3931,31.00,11.20
2009.06.19 15:25:26.174,1.393,1.3931,12.20,11.20
2009.06.19 15:25:26.834,1.393,1.3931,13.40,11.20
2009.06.19 15:25:27.064,1.393,1.3931,13.40,11.20
2009.06.19 15:25:28.683,1.393,1.3931,6.40,8.00
2009.06.19 15:25:29.104,1.39305,1.3931,4.20,8.00
2009.06.19 15:25:29.393,1.3931,1.39315,3.20,8.00
2009.06.19 15:25:29.913,1.3931,1.3932,3.20,12.80
2009.06.19 15:25:30.025,1.3931,1.3932,4.00,11.20
2009.06.19 15:25:30.363,1.3931,1.3932,14.40,11.20
2009.06.19 15:25:30.713,1.3931,1.3932,2.60,12.80
2009.06.19 15:25:31.173,1.3931,1.3932,1.20,12.80
2009.06.19 15:25:31.693,1.39305,1.3932,5.80,12.80
2009.06.19 15:25:31.863,1.39305,1.39315,5.80,8.00
2009.06.19 15:25:34.202,1.3931,1.3932,3.80,11.20
2009.06.19 15:25:34.672,1.3931,1.3932,12.40,11.20
2009.06.19 15:25:34.782,1.3931,1.3932,12.60,11.20
2009.06.19 15:25:35.002,1.39315,1.3932,1.20,11.20
2009.06.19 15:25:35.172,1.3932,1.3933,3.80,19.40
2009.06.19 15:25:35.532,1.3932,1.3933,3.80,19.00
2009.06.19 15:25:35.922,1.3932,1.39325,1.00,1.60
2009.06.19 15:25:36.142,1.39315,1.39325,13.40,12.80
2009.06.19 15:25:36.422,1.3931,1.39325,16.60,12.80
2009.06.19 15:25:37.242,1.3931,1.39325,16.80,12.80
2009.06.19 15:25:37.472,1.3931,1.39325,17.20,12.80
2009.06.19 15:25:37.941,1.3931,1.39325,17.40,12.80
2009.06.19 15:25:38.651,1.3931,1.39325,23.40,12.80
2009.06.19 15:25:38.871,1.3931,1.39325,24.80,12.80
2009.06.19 15:25:39.331,1.3931,1.39325,29.60,12.80
2009.06.19 15:25:39.451,1.3931,1.39325,39.00,12.80
2009.06.19 15:25:39.851,1.3932,1.39325,1.00,12.80
2009.06.19 15:25:40.181,1.3932,1.39325,1.00,14.60
2009.06.19 15:25:40.351,1.3931,1.3932,3.40,11.00
2009.06.19 15:25:40.991,1.39305,1.39315,23.80,14.20
2009.06.19 15:25:41.570,1.393,1.39315,10.60,15.80
2009.06.19 15:25:45.189,1.393,1.39315,9.60,15.80
2009.06.19 15:25:47.679,1.393,1.39315,8.00,15.80
2009.06.19 15:25:47.799,1.393,1.3931,8.00,3.20
2009.06.19 15:25:48.029,1.393,1.3931,33.80,3.20
2009.06.19 15:25:48.259,1.393,1.3931,22.60,11.20
2009.06.19 15:25:48.789,1.393,1.3931,4.00,11.20
2009.06.19 15:25:49.189,1.393,1.3931,4.00,11.20
2009.06.19 15:25:49.529,1.39295,1.39305,8.40,8.00
2009.06.19 15:25:49.638,1.393,1.39305,5.20,8.00
2009.06.19 15:25:49.988,1.393,1.3931,6.60,12.80
2009.06.19 15:25:50.159,1.393,1.3931,7.20,12.80
2009.06.19 15:25:51.678,1.393,1.3931,6.80,12.80
2009.06.19 15:25:52.008,1.393,1.3931,6.60,12.80
2009.06.19 15:25:52.408,1.393,1.3931,3.20,12.80
2009.06.19 15:25:53.018,1.393,1.3931,7.60,12.80
2009.06.19 15:25:53.528,1.393,1.3931,3.80,11.20
2009.06.19 15:25:57.377,1.393,1.3931,8.00,11.20
2009.06.19 15:25:57.677,1.39305,1.39315,1.00,22.00
2009.06.19 15:25:58.186,1.39305,1.39315,1.40,8.00
2009.06.19 15:25:58.248,1.39305,1.39315,5.20,8.00
2009.06.19 15:25:58.806,1.39305,1.39315,1.60,8.00
2009.06.19 15:25:59.966,1.3931,1.39315,1.40,8.00
2009.06.19 15:26:00.296,1.39305,1.39315,1.60,8.00
2009.06.19 15:26:03.755,1.3931,1.39315,6.60,8.00
2009.06.19 15:26:04.155,1.3931,1.39315,3.20,8.00
2009.06.19 15:26:04.275,1.3931,1.3932,4.60,12.80
2009.06.19 15:26:04.335,1.3931,1.3932,11.00,11.20
2009.06.19 15:26:05.325,1.39315,1.3932,1.00,11.20
2009.06.19 15:26:05.725,1.3932,1.3933,1.60,19.00
2009.06.19 15:26:06.065,1.39315,1.39325,21.80,8.00
2009.06.19 15:26:06.405,1.39315,1.39325,5.80,8.00
2009.06.19 15:26:07.564,1.39315,1.39325,5.60,8.00
2009.06.19 15:26:08.034,1.39315,1.39325,1.00,9.60
2009.06.19 15:26:08.555,1.3931,1.39325,30.00,9.60
2009.06.19 15:26:13.873,1.3931,1.39325,29.60,9.60
2009.06.19 15:26:14.113,1.3931,1.39325,34.00,9.60
2009.06.19 15:26:16.672,1.3931,1.39325,35.00,10.80
2009.06.19 15:26:17.012,1.3931,1.3932,7.80,18.60
2009.06.19 15:26:17.422,1.3931,1.3932,3.80,19.00
2009.06.19 15:26:21.151,1.3931,1.3932,3.80,9.60
2009.06.19 15:26:21.561,1.3931,1.39325,9.60,15.80
2009.06.19 15:26:26.110,1.3931,1.39325,9.60,15.80
2009.06.19 15:26:26.990,1.3932,1.39325,2.40,15.80
2009.06.19 15:26:27.349,1.3932,1.39325,5.40,15.80
2009.06.19 15:26:27.649,1.3932,1.39325,3.80,15.80
2009.06.19 15:26:27.950,1.39315,1.3932,1.60,8.00
2009.06.19 15:26:28.240,1.39315,1.39325,4.80,8.00
2009.06.19 15:26:29.399,1.3932,1.39325,3.20,8.00
2009.06.19 15:26:29.969,1.3932,1.3933,3.80,11.20
2009.06.19 15:26:31.758,1.3932,1.3933,3.80,18.80
2009.06.19 15:26:31.818,1.3932,1.3933,1.00,18.80
2009.06.19 15:26:32.058,1.3932,1.3933,1.00,20.40
2009.06.19 15:26:32.118,1.39315,1.39325,2.40,8.00
2009.06.19 15:26:32.288,1.39315,1.39325,1.00,8.00
2009.06.19 15:26:32.508,1.39315,1.39325,1.80,8.00
2009.06.19 15:26:32.559,1.39315,1.39325,5.00,8.00
2009.06.19 15:26:38.307,1.39315,1.39325,4.20,9.60
2009.06.19 15:26:38.527,1.3931,1.39325,9.60,15.80
2009.06.19 15:26:38.767,1.3931,1.3932,8.00,3.20
2009.06.19 15:26:39.217,1.3931,1.3932,36.60,11.20
2009.06.19 15:26:39.396,1.3931,1.3932,3.80,12.80
2009.06.19 15:26:40.148,1.3931,1.39315,21.40,6.20
2009.06.19 15:26:40.536,1.393,1.3931,3.80,15.80
2009.06.19 15:26:40.826,1.393,1.39305,3.20,6.20
2009.06.19 15:26:41.126,1.39295,1.393,2.20,4.80
2009.06.19 15:26:41.356,1.3929,1.393,3.80,12.80
2009.06.19 15:26:41.766,1.3929,1.393,3.80,19.00
2009.06.19 15:26:42.646,1.3929,1.393,3.20,19.00
2009.06.19 15:26:44.316,1.3929,1.393,9.20,9.60
2009.06.19 15:26:44.665,1.393,1.3931,1.00,17.90
2009.06.19 15:26:45.125,1.393,1.3931,4.80,7.80
2009.06.19 15:26:45.425,1.393,1.3931,4.80,1.60
2009.06.19 15:26:46.405,1.393,1.3931,4.80,4.80
2009.06.19 15:26:46.755,1.393,1.3931,4.80,11.00
2009.06.19 15:26:46.865,1.393,1.3931,4.80,4.80
2009.06.19 15:26:47.145,1.393,1.3931,3.20,3.20
2009.06.19 15:26:47.315,1.3931,1.39315,1.00,7.80
2009.06.19 15:26:47.535,1.3931,1.39315,1.00,1.60
2009.06.19 15:26:48.045,1.39305,1.3932,4.80,19.00
2009.06.19 15:26:48.454,1.39305,1.3931,1.00,7.80
2009.06.19 15:26:48.914,1.39305,1.3931,3.80,7.80
2009.06.19 15:26:49.304,1.39305,1.3931,3.80,3.20
2009.06.19 15:26:49.714,1.393,1.3931,19.00,11.00
2009.06.19 15:26:50.064,1.393,1.3931,4.80,11.00
2009.06.19 15:26:50.244,1.393,1.3931,3.80,11.00
2009.06.19 15:26:50.594,1.393,1.39305,1.00,1.60
2009.06.19 15:26:51.004,1.393,1.3931,6.60,8.00
2009.06.19 15:26:51.294,1.39305,1.39315,3.20,15.80
2009.06.19 15:26:51.684,1.39305,1.39315,3.20,9.60
2009.06.19 15:26:51.904,1.3931,1.39315,3.20,9.60
2009.06.19 15:26:52.533,1.39305,1.39315,1.80,9.60
2009.06.19 15:26:52.983,1.39305,1.39315,6.40,9.60
2009.06.19 15:26:53.153,1.39305,1.39315,4.80,9.60
2009.06.19 15:26:53.503,1.39305,1.39315,4.20,9.60
2009.06.19 15:26:54.083,1.393,1.3931,4.80,3.20
2009.06.19 15:26:57.062,1.393,1.3931,20.00,3.20
2009.06.19 15:26:57.302,1.393,1.3931,20.00,3.20
2009.06.19 15:26:58.762,1.393,1.3931,30.40,3.20
2009.06.19 15:26:59.162,1.393,1.3931,30.20,3.20
2009.06.19 15:26:59.381,1.393,1.3931,18.80,11.20
2009.06.19 15:26:59.602,1.393,1.3931,19.80,11.20
2009.06.19 15:26:59.841,1.393,1.3931,20.00,11.20
2009.06.19 15:27:00.372,1.393,1.3931,19.20,12.80
2009.06.19 15:27:00.482,1.393,1.39305,17.40,4.80
2009.06.19 15:27:00.771,1.393,1.39305,9.40,4.80
2009.06.19 15:27:01.231,1.393,1.39305,8.80,12.80
2009.06.19 15:27:01.702,1.39305,1.3931,1.00,10.40
2009.06.19 15:27:02.001,1.39305,1.3931,1.20,8.80
2009.06.19 15:27:02.301,1.39305,1.3932,1.60,14.00
2009.06.19 15:27:02.592,1.39305,1.3932,3.20,12.80
2009.06.19 15:27:02.861,1.39305,1.3932,3.00,19.00
2009.06.19 15:27:03.261,1.39305,1.39315,12.80,8.00
2009.06.19 15:27:03.601,1.39305,1.39315,4.80,8.00
2009.06.19 15:27:04.120,1.39305,1.39315,1.60,8.00
2009.06.19 15:27:04.741,1.39305,1.3931,1.00,3.20
2009.06.19 15:27:05.090,1.393,1.3931,3.80,12.80
2009.06.19 15:27:05.610,1.39295,1.39305,7.40,8.00
2009.06.19 15:27:05.730,1.39295,1.39305,5.80,8.00
2009.06.19 15:27:07.750,1.393,1.39305,8.80,8.00
2009.06.19 15:27:08.030,1.393,1.39305,11.00,8.00
2009.06.19 15:27:08.379,1.393,1.3931,22.80,11.20
2009.06.19 15:27:08.610,1.393,1.3931,27.80,11.20
2009.06.19 15:27:08.950,1.393,1.3931,28.00,11.20
2009.06.19 15:27:09.190,1.393,1.3931,31.80,11.20
2009.06.19 15:27:09.410,1.393,1.3931,20.00,11.20
2009.06.19 15:27:14.398,1.393,1.3931,16.80,17.40
2009.06.19 15:27:14.458,1.393,1.39305,23.40,2.80
2009.06.19 15:27:14.568,1.393,1.39305,10.20,4.60
2009.06.19 15:27:14.808,1.39295,1.393,12.40,11.20
2009.06.19 15:27:15.048,1.39295,1.393,10.80,11.20
2009.06.19 15:27:15.318,1.3929,1.393,20.20,11.20
2009.06.19 15:27:16.038,1.39295,1.393,3.20,8.00
2009.06.19 15:27:16.448,1.39295,1.39305,4.80,8.00
2009.06.19 15:27:17.368,1.39295,1.39305,4.80,8.00
2009.06.19 15:27:17.477,1.39295,1.39305,5.80,8.00
2009.06.19 15:27:18.577,1.39295,1.39305,10.60,8.00
2009.06.19 15:27:20.477,1.39295,1.39305,10.40,8.00
2009.06.19 15:27:20.767,1.39295,1.39305,9.80,8.00
2009.06.19 15:27:21.506,1.39295,1.39305,10.00,8.00
2009.06.19 15:27:21.906,1.39295,1.39305,10.60,8.00
2009.06.19 15:27:23.446,1.393,1.39305,7.00,8.00
2009.06.19 15:27:23.736,1.393,1.3931,6.40,12.80
2009.06.19 15:27:24.196,1.393,1.3931,6.40,11.20
2009.06.19 15:27:24.926,1.39305,1.39315,2.20,14.40
2009.06.19 15:27:25.046,1.39305,1.39315,3.00,9.60
2009.06.19 15:27:25.276,1.39305,1.39315,2.40,9.60
2009.06.19 15:27:26.585,1.3931,1.39315,3.20,12.60
2009.06.19 15:27:26.885,1.39315,1.3932,1.60,14.00
2009.06.19 15:27:27.175,1.3932,1.3933,12.20,15.60
2009.06.19 15:27:27.465,1.3932,1.39325,5.60,8.00
2009.06.19 15:27:27.755,1.3932,1.3933,6.40,12.80
2009.06.19 15:27:28.055,1.3932,1.3933,6.40,11.20
2009.06.19 15:27:29.354,1.3932,1.3933,6.20,12.80
2009.06.19 15:27:29.875,1.39315,1.3932,11.80,3.20
2009.06.19 15:27:30.164,1.3931,1.3932,46.40,11.20
2009.06.19 15:27:30.564,1.3931,1.3932,46.40,11.20
2009.06.19 15:27:30.735,1.3931,1.3932,46.20,11.20
2009.06.19 15:27:31.094,1.3931,1.3932,6.20,12.80
2009.06.19 15:27:31.324,1.39305,1.3932,22.00,12.80
2009.06.19 15:27:31.554,1.3931,1.3932,28.80,12.80
2009.06.19 15:27:31.734,1.3931,1.39315,23.00,8.00
2009.06.19 15:27:32.034,1.3931,1.3932,24.20,12.80
2009.06.19 15:27:32.264,1.3931,1.3932,10.40,12.80
2009.06.19 15:27:32.794,1.3931,1.3932,5.60,12.80
2009.06.19 15:27:32.973,1.3931,1.3932,5.60,11.20
2009.06.19 15:27:33.614,1.3932,1.39325,5.20,15.80
2009.06.19 15:27:34.013,1.39315,1.3932,6.40,8.00
2009.06.19 15:27:34.193,1.3932,1.3933,4.60,19.00
2009.06.19 15:27:34.423,1.3932,1.3933,4.80,19.00
2009.06.19 15:27:34.823,1.39315,1.39325,10.60,8.00
2009.06.19 15:27:35.413,1.39315,1.3932,3.20,11.20
2009.06.19 15:27:35.813,1.3931,1.3932,22.40,11.20
2009.06.19 15:27:36.044,1.3931,1.39315,19.40,8.80
2009.06.19 15:27:36.273,1.3931,1.39315,16.60,8.80
2009.06.19 15:27:36.613,1.3931,1.3932,3.20,12.80
2009.06.19 15:27:36.783,1.3931,1.3932,4.80,11.20
2009.06.19 15:27:37.183,1.39315,1.39325,4.80,9.60
2009.06.19 15:27:37.412,1.39315,1.39325,3.20,9.60
2009.06.19 15:27:37.863,1.39315,1.39325,4.00,9.60
2009.06.19 15:27:38.272,1.39315,1.39325,3.00,12.80
2009.06.19 15:27:38.792,1.3931,1.39325,4.20,19.00
2009.06.19 15:27:38.962,1.3931,1.3932,4.20,11.20
2009.06.19 15:27:39.382,1.3931,1.3932,13.60,12.80
2009.06.19 15:27:39.782,1.3931,1.3932,4.20,19.00
2009.06.19 15:27:40.072,1.39305,1.39315,4.80,8.00
2009.06.19 15:27:40.302,1.39305,1.39315,7.00,8.00
2009.06.19 15:27:40.752,1.3931,1.39315,15.00,8.00
2009.06.19 15:27:40.972,1.3931,1.3932,18.80,19.00
2009.06.19 15:27:41.152,1.3931,1.3932,19.00,19.00
2009.06.19 15:27:41.332,1.3931,1.3932,18.20,19.00
2009.06.19 15:27:41.501,1.3931,1.3932,16.60,19.00
2009.06.19 15:27:42.011,1.3931,1.3932,16.20,19.00
2009.06.19 15:27:42.181,1.3931,1.3932,18.40,19.00
2009.06.19 15:27:42.241,1.3931,1.3932,19.40,19.00
2009.06.19 15:27:42.361,1.3932,1.39325,1.60,24.40
2009.06.19 15:27:42.421,1.3932,1.39325,4.80,25.00
2009.06.19 15:27:42.941,1.3932,1.3933,1.40,22.00
2009.06.19 15:27:43.241,1.39315,1.39325,4.20,9.60
2009.06.19 15:27:49.259,1.39315,1.3932,4.20,8.00
2009.06.19 15:27:49.669,1.3931,1.3932,4.00,9.60
2009.06.19 15:27:51.959,1.39315,1.3932,1.60,8.00
2009.06.19 15:27:52.179,1.39315,1.39325,3.40,15.80
2009.06.19 15:27:53.259,1.39315,1.39325,3.40,9.60
2009.06.19 15:27:53.479,1.3932,1.39325,4.20,8.00
2009.06.19 15:27:53.829,1.39315,1.3932,7.40,11.20
2009.06.19 15:27:54.059,1.39315,1.3932,4.20,11.20
2009.06.19 15:27:58.058,1.3932,1.3933,10.80,12.80
2009.06.19 15:27:58.418,1.3932,1.3933,7.80,12.80
2009.06.19 15:27:58.998,1.3932,1.3933,7.00,12.80
2009.06.19 15:27:59.377,1.3932,1.3933,5.60,12.80
2009.06.19 15:27:59.547,1.39315,1.3933,4.00,19.00
2009.06.19 15:27:59.937,1.39315,1.39325,4.00,8.00
2009.06.19 15:28:00.237,1.3932,1.39325,4.20,8.00
2009.06.19 15:28:00.677,1.3932,1.39325,6.60,8.00
2009.06.19 15:28:00.797,1.3932,1.3933,7.20,19.00
2009.06.19 15:28:01.267,1.39325,1.3933,3.20,19.00
2009.06.19 15:28:01.547,1.3932,1.39325,4.20,8.00
2009.06.19 15:28:01.707,1.3932,1.39325,6.60,8.00
2009.06.19 15:28:02.047,1.3932,1.39325,6.20,8.00
2009.06.19 15:28:02.166,1.3932,1.3933,4.20,19.00
2009.06.19 15:28:02.636,1.39325,1.3933,1.60,13.50
2009.06.19 15:28:03.097,1.39325,1.3933,1.00,11.00
2009.06.19 15:28:03.326,1.3932,1.39325,9.80,8.00
2009.06.19 15:28:03.626,1.39315,1.39325,4.20,8.00
2009.06.19 15:28:04.686,1.39315,1.39325,7.20,8.00
2009.06.19 15:28:04.736,1.3932,1.39325,8.40,8.00
2009.06.19 15:28:04.856,1.3932,1.39325,9.40,8.00
2009.06.19 15:28:05.376,1.39315,1.3933,9.60,19.00
2009.06.19 15:28:05.486,1.39315,1.3933,9.20,19.00
2009.06.19 15:28:05.666,1.39315,1.3933,7.60,19.00
2009.06.19 15:28:06.176,1.39315,1.3933,7.20,19.00
2009.06.19 15:28:06.576,1.39315,1.39325,4.00,1.60
2009.06.19 15:28:06.935,1.39315,1.39325,4.00,9.60
2009.06.19 15:28:08.735,1.39315,1.39325,13.80,8.00
2009.06.19 15:28:09.195,1.39315,1.39325,19.20,8.00
2009.06.19 15:28:09.545,1.39315,1.3933,19.60,19.00
2009.06.19 15:28:09.835,1.39315,1.3933,19.40,19.00
2009.06.19 15:28:09.895,1.39315,1.3933,19.00,19.00
2009.06.19 15:28:10.894,1.39315,1.3933,19.80,19.00
2009.06.19 15:28:11.424,1.39315,1.3933,19.60,19.00
2009.06.19 15:28:14.104,1.3933,1.39335,1.20,11.80
2009.06.19 15:28:14.693,1.3933,1.39335,4.00,17.20
2009.06.19 15:28:15.034,1.39325,1.39335,6.40,17.20
2009.06.19 15:28:15.493,1.39325,1.39335,7.40,15.80
2009.06.19 15:28:16.693,1.39325,1.39335,4.00,15.80
2009.06.19 15:28:17.083,1.39325,1.3933,4.40,1.60
2009.06.19 15:28:17.433,1.3932,1.3933,6.60,9.60
2009.06.19 15:28:17.903,1.3932,1.39335,7.40,15.80
2009.06.19 15:28:19.522,1.39325,1.39335,2.20,15.80
2009.06.19 15:28:19.692,1.39325,1.39335,4.00,9.60
2009.06.19 15:28:20.033,1.39325,1.39335,7.20,9.60
2009.06.19 15:28:20.383,1.39325,1.3934,10.00,19.00
2009.06.19 15:28:20.672,1.39325,1.3934,13.00,19.00
2009.06.19 15:28:21.032,1.3933,1.3934,13.40,11.00
2009.06.19 15:28:21.842,1.3933,1.3934,8.40,11.00
2009.06.19 15:28:22.122,1.3933,1.3934,8.80,4.80
2009.06.19 15:28:22.511,1.3933,1.3934,9.00,4.80
2009.06.19 15:28:22.681,1.3933,1.3934,7.00,4.80
2009.06.19 15:28:23.022,1.3933,1.3934,12.00,1.60
2009.06.19 15:28:23.192,1.3933,1.3934,3.00,1.60
2009.06.19 15:28:23.551,1.39335,1.39345,2.20,7.80
2009.06.19 15:28:24.071,1.3934,1.39345,4.20,7.80
2009.06.19 15:28:24.421,1.39335,1.39345,3.00,7.80
2009.06.19 15:28:25.741,1.3934,1.3935,11.80,11.20
2009.06.19 15:28:25.971,1.3934,1.3935,14.40,11.20
2009.06.19 15:28:26.311,1.39345,1.3935,12.50,4.40
2009.06.19 15:28:26.591,1.3935,1.39355,34.60,1.70
2009.06.19 15:28:26.881,1.39355,1.39365,4.00,15.80
2009.06.19 15:28:27.830,1.39355,1.39365,4.00,11.80
2009.06.19 15:28:28.161,1.39355,1.39365,4.80,2.40
2009.06.19 15:28:28.450,1.39355,1.3937,5.80,15.20
2009.06.19 15:28:29.180,1.39355,1.3937,5.60,15.20
2009.06.19 15:28:29.480,1.39355,1.3937,5.60,21.40
2009.06.19 15:28:29.710,1.39355,1.39365,4.60,8.00
2009.06.19 15:28:29.990,1.39355,1.3936,3.80,3.20
2009.06.19 15:28:30.400,1.39355,1.39365,2.40,17.20
2009.06.19 15:28:30.730,1.39355,1.39365,3.00,9.60
2009.06.19 15:28:31.360,1.39355,1.3936,16.20,3.20
2009.06.19 15:28:31.420,1.3936,1.39365,10.20,8.40
2009.06.19 15:28:31.720,1.39365,1.39375,3.00,9.80
2009.06.19 15:28:32.000,1.39365,1.39375,3.00,1.60
2009.06.19 15:28:32.299,1.39365,1.39375,4.20,1.60
2009.06.19 15:28:33.699,1.39365,1.3937,1.80,3.20
2009.06.19 15:28:34.059,1.3937,1.39375,8.00,1.60
2009.06.19 15:28:34.399,1.3937,1.39375,9.40,1.60
2009.06.19 15:28:34.689,1.3937,1.39375,9.40,1.60
2009.06.19 15:28:34.919,1.3937,1.3938,9.40,11.00
2009.06.19 15:28:35.099,1.3937,1.3938,8.60,11.00
2009.06.19 15:28:35.518,1.3937,1.3938,6.60,16.20
2009.06.19 15:28:35.919,1.3937,1.3938,7.20,4.60
2009.06.19 15:28:36.748,1.39365,1.39375,4.00,1.60
2009.06.19 15:28:37.118,1.39365,1.39375,4.00,7.80
2009.06.19 15:28:39.228,1.39365,1.3937,8.00,4.80
2009.06.19 15:28:39.718,1.3936,1.3937,4.00,11.00
2009.06.19 15:28:40.007,1.3936,1.3937,2.20,11.00
2009.06.19 15:28:40.347,1.3936,1.3937,4.80,11.00
2009.06.19 15:28:40.517,1.3936,1.3937,4.00,11.00
2009.06.19 15:28:41.747,1.39355,1.39365,4.00,9.60
2009.06.19 15:28:42.097,1.39355,1.39365,3.40,9.60
2009.06.19 15:28:42.497,1.39355,1.3936,7.40,3.20
2009.06.19 15:28:42.887,1.3935,1.3936,7.40,11.20
2009.06.19 15:28:45.167,1.39355,1.3936,4.20,11.20
2009.06.19 15:28:45.226,1.39355,1.3936,1.20,11.20
2009.06.19 15:28:45.466,1.3935,1.3936,6.40,11.20
2009.06.19 15:28:45.526,1.3935,1.3936,50.40,11.20
2009.06.19 15:28:45.746,1.3935,1.3936,50.40,11.20
2009.06.19 15:28:46.036,1.3936,1.39365,5.60,9.60
2009.06.19 15:28:46.366,1.3936,1.39365,3.80,1.60
2009.06.19 15:28:46.816,1.39355,1.39365,3.00,9.60
2009.06.19 15:28:47.226,1.39355,1.3936,3.20,11.00
2009.06.19 15:28:47.646,1.39345,1.39355,21.40,8.00
2009.06.19 15:28:47.936,1.39345,1.39355,10.60,8.00
2009.06.19 15:28:48.965,1.3935,1.39355,5.60,9.60
2009.06.19 15:28:49.375,1.3935,1.3936,5.60,12.80
2009.06.19 15:28:49.655,1.39342,1.39372,1.60,7.60
2009.06.19 15:28:50.105,1.39347,1.39372,3.00,1.60
2009.06.19 15:28:50.395,1.39347,1.39377,3.00,7.80
2009.06.19 15:28:51.905,1.3937,1.3938,14.40,28.20
2009.06.19 15:28:52.325,1.39365,1.3938,10.60,28.20
2009.06.19 15:28:53.014,1.3937,1.3938,1.20,28.20
2009.06.19 15:28:53.864,1.3937,1.3938,1.60,28.20
2009.06.19 15:28:54.204,1.3937,1.3938,6.20,4.80
2009.06.19 15:28:55.454,1.39375,1.3938,16.20,3.20
2009.06.19 15:28:55.754,1.3938,1.39385,6.20,1.60
2009.06.19 15:28:56.404,1.3938,1.3939,6.40,4.80
2009.06.19 15:28:56.804,1.3938,1.3939,6.40,12.80
2009.06.19 15:28:57.094,1.3938,1.3939,6.20,19.00
2009.06.19 15:28:58.113,1.3938,1.3939,18.20,19.00
2009.06.19 15:28:58.633,1.3938,1.3939,10.00,21.40
2009.06.19 15:28:59.163,1.3938,1.3939,11.80,19.00
2009.06.19 15:28:59.843,1.39375,1.39385,10.40,9.60
2009.06.19 15:29:00.063,1.3938,1.39385,9.60,9.60
2009.06.19 15:29:00.233,1.3938,1.39385,9.60,1.60
2009.06.19 15:29:00.583,1.3938,1.3939,9.60,19.00
2009.06.19 15:29:00.752,1.3938,1.3939,9.80,19.00
2009.06.19 15:29:01.042,1.39375,1.3938,10.30,1.00
2009.06.19 15:29:01.392,1.39375,1.3938,9.00,3.80
2009.06.19 15:29:01.852,1.3936,1.39365,12.20,6.20
2009.06.19 15:29:02.143,1.39355,1.3936,18.30,3.20
2009.06.19 15:29:02.432,1.3935,1.3936,12.00,11.20
2009.06.19 15:29:02.712,1.3935,1.3936,3.20,11.20
2009.06.19 15:29:02.992,1.39345,1.39355,17.60,8.00
2009.06.19 15:29:03.292,1.39345,1.39355,6.40,8.00
2009.06.19 15:29:03.582,1.39345,1.39355,4.80,8.00
2009.06.19 15:29:03.972,1.39345,1.39355,3.80,8.00
2009.06.19 15:29:04.542,1.39345,1.39355,1.40,3.20
2009.06.19 15:29:05.181,1.39345,1.3936,16.80,19.00
2009.06.19 15:29:05.361,1.39345,1.3936,7.40,19.00
2009.06.19 15:29:05.891,1.39345,1.39355,20.60,8.00
2009.06.19 15:29:06.122,1.39345,1.39355,4.80,9.60
2009.06.19 15:29:06.891,1.39345,1.3935,4.80,3.20
2009.06.19 15:29:07.541,1.39345,1.3935,3.20,11.20
2009.06.19 15:29:07.881,1.3935,1.39355,6.20,8.00
2009.06.19 15:29:08.531,1.39345,1.3936,15.80,12.80
2009.06.19 15:29:08.871,1.3935,1.3936,20.20,4.80
2009.06.19 15:29:09.211,1.3935,1.3936,19.20,4.80
2009.06.19 15:29:09.711,1.39345,1.3936,24.80,12.80
2009.06.19 15:29:10.010,1.39345,1.39355,7.40,8.00
2009.06.19 15:29:10.290,1.3935,1.3936,3.80,12.80
2009.06.19 15:29:10.860,1.3935,1.39355,3.80,1.40
2009.06.19 15:29:11.151,1.39345,1.3935,9.20,3.20
2009.06.19 15:29:11.670,1.39345,1.3935,11.20,17.40
2009.06.19 15:29:11.990,1.3934,1.39345,1.60,7.80
2009.06.19 15:29:12.270,1.3933,1.39345,13.80,15.80
2009.06.19 15:29:12.690,1.3933,1.3934,3.00,4.60
2009.06.19 15:29:13.219,1.39325,1.3934,18.40,12.80
2009.06.19 15:29:13.570,1.3933,1.3934,1.20,12.80
2009.06.19 15:29:14.029,1.39325,1.3934,26.40,12.80
2009.06.19 15:29:14.799,1.3933,1.39345,9.60,15.80
2009.06.19 15:29:15.089,1.3933,1.39345,10.60,15.80
2009.06.19 15:29:15.319,1.39335,1.39345,4.80,15.80
2009.06.19 15:29:16.249,1.3933,1.39345,10.60,15.80
2009.06.19 15:29:18.488,1.3933,1.39345,10.60,17.20
2009.06.19 15:29:18.668,1.3933,1.3934,9.00,7.80
2009.06.19 15:29:19.018,1.3933,1.3934,7.80,4.80
2009.06.19 15:29:19.188,1.3933,1.39345,9.60,15.80
2009.06.19 15:29:20.658,1.3933,1.39345,10.60,15.80
2009.06.19 15:29:21.128,1.39335,1.39345,1.60,15.80
2009.06.19 15:29:21.298,1.39335,1.39345,15.80,15.80
2009.06.19 15:29:21.707,1.3933,1.39345,10.60,15.80
2009.06.19 15:29:22.177,1.39335,1.39345,5.00,14.20
2009.06.19 15:29:22.587,1.3934,1.39345,1.00,8.00
2009.06.19 15:29:23.057,1.3934,1.3935,10.60,8.00
2009.06.19 15:29:23.417,1.39345,1.39355,4.20,14.40
2009.06.19 15:29:23.817,1.3934,1.39355,27.20,9.60
2009.06.19 15:29:24.327,1.39345,1.39355,1.40,8.00
2009.06.19 15:29:24.847,1.39355,1.3936,1.00,1.60
2009.06.19 15:29:25.137,1.3935,1.3936,9.60,1.60
2009.06.19 15:29:25.526,1.3935,1.39365,9.60,9.60
2009.06.19 15:29:25.876,1.3935,1.3936,6.40,8.00
2009.06.19 15:29:26.317,1.39355,1.39365,1.00,9.60
2009.06.19 15:29:26.726,1.3935,1.39365,29.60,9.60
2009.06.19 15:29:27.166,1.39365,1.39375,1.60,10.80
2009.06.19 15:29:27.506,1.39365,1.39375,6.80,9.60
2009.06.19 15:29:27.836,1.3936,1.3938,8.80,19.80
2009.06.19 15:29:28.456,1.39365,1.3938,8.60,19.00
2009.06.19 15:29:29.206,1.39365,1.39375,1.00,4.80
2009.06.19 15:29:29.546,1.3936,1.39375,1.60,19.00
2009.06.19 15:29:30.125,1.3936,1.3937,1.60,3.20
2009.06.19 15:29:31.905,1.3936,1.3937,1.60,11.20
2009.06.19 15:29:32.175,1.3936,1.3937,1.60,3.20
2009.06.19 15:29:32.685,1.3936,1.3937,21.80,3.20
2009.06.19 15:29:32.925,1.3936,1.3937,22.00,3.20
2009.06.19 15:29:33.045,1.3936,1.3937,24.40,3.20
2009.06.19 15:29:33.275,1.3936,1.3937,26.40,3.20
2009.06.19 15:29:33.385,1.3936,1.3937,34.00,3.20
2009.06.19 15:29:33.674,1.3936,1.3937,35.00,3.20
2009.06.19 15:29:34.584,1.3936,1.3937,34.80,3.20
2009.06.19 15:29:34.994,1.3936,1.3937,24.60,3.20
2009.06.19 15:29:35.054,1.3936,1.3937,24.20,3.20
2009.06.19 15:29:35.904,1.39365,1.3937,3.20,3.20
2009.06.19 15:29:36.024,1.3936,1.39375,7.40,9.60
2009.06.19 15:29:36.374,1.3936,1.39375,10.60,9.60
2009.06.19 15:29:36.494,1.39365,1.39375,4.80,9.60
2009.06.19 15:29:40.913,1.3936,1.39375,10.60,9.60
2009.06.19 15:29:41.393,1.3937,1.3938,3.20,19.00
2009.06.19 15:29:41.982,1.3937,1.3938,3.80,4.80
2009.06.19 15:29:43.143,1.39365,1.3937,17.40,3.20
2009.06.19 15:29:43.552,1.39365,1.3937,1.60,11.20
2009.06.19 15:29:43.842,1.3936,1.3937,16.80,3.20
2009.06.19 15:29:45.432,1.3936,1.3937,24.80,3.20
2009.06.19 15:29:46.402,1.3936,1.3937,24.60,3.20
2009.06.19 15:29:46.571,1.3936,1.3937,3.80,4.80
2009.06.19 15:29:46.931,1.3936,1.3937,3.80,12.80
2009.06.19 15:29:47.561,1.3936,1.3937,1.60,19.00
2009.06.19 15:29:47.802,1.39355,1.39365,32.60,8.00
2009.06.19 15:29:48.331,1.39355,1.3936,2.20,4.80
2009.06.19 15:29:48.611,1.3934,1.3935,3.80,12.80
2009.06.19 15:29:48.891,1.39335,1.39345,4.80,8.00
2009.06.19 15:29:49.291,1.39335,1.39345,6.40,9.60
2009.06.19 15:29:49.571,1.3933,1.3934,39.20,11.20
2009.06.19 15:29:49.871,1.3933,1.3934,23.40,12.80
2009.06.19 15:29:50.161,1.3933,1.3934,3.80,12.80
2009.06.19 15:29:51.870,1.3933,1.3934,18.60,11.20
2009.06.19 15:29:52.380,1.3933,1.3934,20.60,11.20
2009.06.19 15:29:52.730,1.3933,1.3934,6.40,11.20
2009.06.19 15:29:53.170,1.39335,1.39345,3.20,9.60
2009.06.19 15:29:54.259,1.39335,1.3934,1.00,1.60
2009.06.19 15:29:54.600,1.3933,1.3934,15.00,12.80
2009.06.19 15:29:55.059,1.3933,1.3934,3.20,15.80
2009.06.19 15:29:55.459,1.39335,1.3934,2.40,14.20
2009.06.19 15:29:55.749,1.39335,1.3934,7.20,8.00
2009.06.19 15:29:56.079,1.39335,1.39345,3.20,15.80
2009.06.19 15:29:57.849,1.39335,1.39345,3.20,9.60
2009.06.19 15:29:59.838,1.39335,1.39345,12.20,9.60
2009.06.19 15:30:00.708,1.3933,1.3934,17.00,3.20
2009.06.19 15:30:01.098,1.3933,1.3934,17.00,11.20
2009.06.19 15:30:01.398,1.39335,1.39345,12.60,15.80
2009.06.19 15:30:01.748,1.39335,1.39345,12.00,15.80
2009.06.19 15:30:02.098,1.39335,1.39345,13.20,8.00
2009.06.19 15:30:02.328,1.39335,1.3935,13.80,19.00
2009.06.19 15:30:02.688,1.3934,1.3935,4.20,19.00
2009.06.19 15:30:03.098,1.3933,1.3934,17.00,3.20
2009.06.19 15:30:03.437,1.39335,1.3935,13.80,20.60
2009.06.19 15:30:03.677,1.39335,1.3935,13.80,19.00
2009.06.19 15:30:05.258,1.39345,1.3935,8.80,8.00
2009.06.19 15:30:05.487,1.3935,1.39355,12.00,8.00
2009.06.19 15:30:05.777,1.3935,1.3936,12.60,12.80
2009.06.19 15:30:06.297,1.3935,1.3936,12.60,11.20
2009.06.19 15:30:07.346,1.3935,1.3936,12.60,3.20
2009.06.19 15:30:07.936,1.3935,1.3936,10.40,3.20
2009.06.19 15:30:08.166,1.39345,1.39355,10.60,8.00
2009.06.19 15:30:08.556,1.39345,1.3935,14.40,3.20
2009.06.19 15:30:08.858,1.3934,1.3935,17.00,11.20
2009.06.19 15:30:09.136,1.3934,1.3935,17.00,11.20
2009.06.19 15:30:09.726,1.3934,1.3935,17.00,11.20
2009.06.19 15:30:10.406,1.39345,1.39355,13.80,9.60
2009.06.19 15:30:10.886,1.39345,1.3935,3.80,3.20
2009.06.19 15:30:11.236,1.3934,1.3935,17.00,3.20
2009.06.19 15:30:11.406,1.39345,1.3935,4.80,3.20
2009.06.19 15:30:12.235,1.39345,1.3935,9.40,3.20
2009.06.19 15:30:12.346,1.39345,1.39355,12.00,9.60
2009.06.19 15:30:13.345,1.3934,1.3935,17.00,3.20
2009.06.19 15:30:13.805,1.3935,1.3936,15.20,18.70
2009.06.19 15:30:14.275,1.3935,1.3936,15.20,12.40
2009.06.19 15:30:14.565,1.3935,1.3936,15.20,11.00
2009.06.19 15:30:14.915,1.3935,1.3936,15.20,4.80
2009.06.19 15:30:15.585,1.3935,1.3936,15.20,11.00
2009.06.19 15:30:16.474,1.3935,1.3936,15.20,19.00
2009.06.19 15:30:17.654,1.3935,1.39355,12.00,8.00
2009.06.19 15:30:17.714,1.3935,1.39355,11.20,9.60
2009.06.19 15:30:18.064,1.39345,1.39355,13.00,9.60
2009.06.19 15:30:18.824,1.39345,1.39355,13.20,8.00
2009.06.19 15:30:19.354,1.39345,1.3936,15.80,12.80
2009.06.19 15:30:19.803,1.39345,1.3936,16.80,12.80
2009.06.19 15:30:20.533,1.3935,1.3936,17.00,11.20
2009.06.19 15:30:21.623,1.3936,1.39365,8.60,6.40
2009.06.19 15:30:21.963,1.3936,1.3937,13.80,15.80
2009.06.19 15:30:25.562,1.39365,1.39375,6.60,15.80
2009.06.19 15:30:26.682,1.3936,1.3937,10.60,11.20
2009.06.19 15:30:27.942,1.3936,1.3937,10.60,12.80
2009.06.19 15:30:29.221,1.3936,1.3937,10.60,11.20
2009.06.19 15:30:29.611,1.3936,1.3937,10.60,11.20
2009.06.19 15:30:29.721,1.3936,1.3937,10.60,3.20
2009.06.19 15:30:32.780,1.3936,1.3937,10.60,4.80
2009.06.19 15:30:33.120,1.3936,1.3937,10.60,12.80
2009.06.19 15:30:36.359,1.39365,1.3937,1.60,12.80
2009.06.19 15:30:36.540,1.39365,1.3937,1.60,9.60
2009.06.19 15:30:36.709,1.39365,1.39375,6.20,20.60
2009.06.19 15:30:36.999,1.39365,1.39375,5.60,20.60
2009.06.19 15:30:37.179,1.39365,1.39375,6.60,15.80
2009.06.19 15:30:38.379,1.3936,1.3937,10.60,23.00
2009.06.19 15:30:38.539,1.3936,1.3937,10.60,26.20
2009.06.19 15:30:38.939,1.3936,1.3937,10.60,25.40
2009.06.19 15:30:39.279,1.3936,1.3937,10.60,19.00
2009.06.19 15:30:39.619,1.39365,1.3937,1.60,14.60
2009.06.19 15:30:39.739,1.39365,1.3937,6.20,1.60
2009.06.19 15:30:40.208,1.39365,1.3937,5.60,1.60
2009.06.19 15:30:40.268,1.39365,1.39375,5.60,20.60
2009.06.19 15:30:44.177,1.39365,1.39375,6.60,20.60
2009.06.19 15:30:47.007,1.39365,1.3937,5.60,3.20
2009.06.19 15:30:47.067,1.39365,1.3937,1.60,3.20
2009.06.19 15:30:47.407,1.3936,1.3937,10.60,3.20
2009.06.19 15:30:47.517,1.3936,1.3937,10.60,11.20
2009.06.19 15:30:48.206,1.3936,1.3937,10.60,12.80
2009.06.19 15:30:48.447,1.3936,1.3937,10.60,12.80
2009.06.19 15:30:48.907,1.3936,1.3937,9.80,12.80
2009.06.19 15:30:49.656,1.39365,1.3937,4.20,11.20
2009.06.19 15:30:50.236,1.3936,1.3937,10.00,11.20
2009.06.19 15:30:56.695,1.39355,1.3936,1.20,14.30
2009.06.19 15:30:56.985,1.39355,1.3936,1.60,9.60
2009.06.19 15:30:57.445,1.39355,1.39365,5.60,20.60
2009.06.19 15:30:57.905,1.39355,1.39365,6.60,15.80
2009.06.19 15:31:02.263,1.39365,1.39375,6.60,15.80
2009.06.19 15:31:03.023,1.3937,1.39375,4.80,7.80
2009.06.19 15:31:03.413,1.3937,1.3938,9.80,20.60
2009.06.19 15:31:03.593,1.3937,1.3938,10.60,20.60
2009.06.19 15:31:03.863,1.39375,1.3938,1.20,20.60
2009.06.19 15:31:04.213,1.3937,1.3938,7.00,20.60
2009.06.19 15:31:11.081,1.3937,1.3938,8.60,20.60
2009.06.19 15:31:11.241,1.3937,1.3938,9.40,12.60
2009.06.19 15:31:11.631,1.3937,1.3938,9.40,6.40
2009.06.19 15:31:12.451,1.3937,1.3938,10.60,4.80
2009.06.19 15:31:15.140,1.3937,1.3938,10.60,12.80
2009.06.19 15:31:15.840,1.3937,1.3938,9.40,14.40
2009.06.19 15:31:16.360,1.3937,1.3938,10.60,14.40
2009.06.19 15:31:16.760,1.3937,1.3938,10.60,20.60
2009.06.19 15:31:17.260,1.3937,1.3938,9.80,19.00
2009.06.19 15:31:18.409,1.3937,1.3938,10.80,8.80
2009.06.19 15:31:18.759,1.39375,1.39385,5.00,20.60
2009.06.19 15:31:19.369,1.39375,1.39385,4.20,20.60
2009.06.19 15:31:21.289,1.3938,1.39385,6.40,12.80
2009.06.19 15:31:21.559,1.39375,1.3938,13.00,8.00
2009.06.19 15:31:22.079,1.3938,1.3939,8.80,25.40
2009.06.19 15:31:23.978,1.39375,1.39385,6.60,15.80
2009.06.19 15:31:28.317,1.3937,1.3938,10.60,12.80
2009.06.19 15:31:34.495,1.3937,1.3938,9.40,12.80
2009.06.19 15:31:37.485,1.3937,1.3938,8.80,12.80
2009.06.19 15:31:38.624,1.3937,1.3938,8.80,19.00
2009.06.19 15:31:43.283,1.3937,1.3938,8.80,12.80
2009.06.19 15:31:51.201,1.3937,1.3938,9.40,12.80
2009.06.19 15:31:51.831,1.3937,1.3938,9.40,19.00
2009.06.19 15:31:52.211,1.3937,1.3938,8.20,11.20
2009.06.19 15:31:52.731,1.39365,1.39375,5.60,9.60
2009.06.19 15:31:54.031,1.39365,1.3937,3.20,11.20
2009.06.19 15:31:54.321,1.3936,1.3937,35.80,11.20
2009.06.19 15:31:54.801,1.3936,1.3937,35.20,11.20
2009.06.19 15:31:55.321,1.3936,1.3937,35.40,11.20
2009.06.19 15:31:56.060,1.3936,1.3937,9.40,12.80
2009.06.19 15:31:57.160,1.3936,1.39365,8.60,1.60
2009.06.19 15:31:57.460,1.39355,1.3936,10.70,3.20
2009.06.19 15:31:57.920,1.3935,1.3936,42.00,3.20
2009.06.19 15:31:58.210,1.3935,1.3936,50.40,3.20
2009.06.19 15:31:58.740,1.3935,1.3936,50.60,3.20
2009.06.19 15:31:59.400,1.39355,1.3936,1.00,3.20
2009.06.19 15:32:04.248,1.3934,1.3935,12.00,14.00
2009.06.19 15:32:04.748,1.3934,1.3935,3.20,14.00
2009.06.19 15:32:05.028,1.3934,1.3935,7.00,12.80
2009.06.19 15:32:05.128,1.3934,1.3935,3.80,12.80
2009.06.19 15:32:05.418,1.39335,1.39345,5.40,9.60
2009.06.19 15:32:06.008,1.39335,1.39345,4.80,15.80
2009.06.19 15:32:18.095,1.39335,1.39345,4.80,9.60
2009.06.19 15:32:18.325,1.39335,1.39345,5.40,9.60
2009.06.19 15:32:19.075,1.39335,1.39345,5.00,15.80
2009.06.19 15:32:19.255,1.39335,1.39345,4.20,15.80
2009.06.19 15:32:24.503,1.39335,1.3934,3.20,3.20
2009.06.19 15:32:24.833,1.3934,1.39345,3.20,9.20
2009.06.19 15:32:25.283,1.3934,1.39345,16.00,8.00
2009.06.19 15:32:25.743,1.3934,1.3935,16.60,14.00
2009.06.19 15:32:28.153,1.3934,1.3935,16.40,14.00
2009.06.19 15:32:28.483,1.3934,1.3935,8.60,14.00
2009.06.19 15:32:28.773,1.3934,1.3935,8.00,14.00
2009.06.19 15:32:29.242,1.3934,1.3935,1.00,20.40
2009.06.19 15:32:29.882,1.3934,1.39345,1.00,8.00
2009.06.19 15:32:30.622,1.3933,1.39335,18.90,3.20
2009.06.19 15:32:30.862,1.3933,1.39335,18.30,11.20
2009.06.19 15:32:31.272,1.3933,1.39335,6.40,8.00
2009.06.19 15:32:31.692,1.39335,1.3934,1.60,9.60
2009.06.19 15:32:32.222,1.39335,1.39345,3.20,15.80
2009.06.19 15:32:32.552,1.39335,1.39345,3.80,9.60
2009.06.19 15:32:34.651,1.39335,1.39345,3.80,20.40
2009.06.19 15:32:35.091,1.39335,1.39345,3.20,20.40
2009.06.19 15:32:36.150,1.39335,1.3934,3.20,6.20
2009.06.19 15:32:36.541,1.3933,1.3934,7.00,19.00
2009.06.19 15:32:36.931,1.39335,1.3934,1.60,15.80
2009.06.19 15:32:37.890,1.39335,1.3934,1.60,19.00
2009.06.19 15:32:38.180,1.39325,1.39335,11.00,8.00
2009.06.19 15:32:38.480,1.3933,1.39335,4.20,8.00
2009.06.19 15:32:38.870,1.3933,1.3934,4.20,15.80
2009.06.19 15:32:40.520,1.3933,1.3934,4.20,19.00
2009.06.19 15:32:42.099,1.39325,1.39335,3.80,9.60
2009.06.19 15:32:43.009,1.39325,1.39335,3.20,9.60
2009.06.19 15:32:43.349,1.39325,1.39335,3.80,9.60
2009.06.19 15:32:44.449,1.39325,1.39335,9.80,8.00
2009.06.19 15:32:44.969,1.3933,1.3934,3.80,9.60
2009.06.19 15:32:46.648,1.3933,1.3934,7.80,12.80
2009.06.19 15:32:46.878,1.3933,1.3934,6.40,12.80
2009.06.19 15:32:47.048,1.3933,1.3934,5.80,12.80
2009.06.19 15:32:47.448,1.3933,1.3934,5.80,19.00
2009.06.19 15:32:47.798,1.3933,1.3934,5.80,20.40
2009.06.19 15:32:48.198,1.3933,1.3934,6.40,20.40
2009.06.19 15:32:48.958,1.3933,1.3934,5.80,20.40
2009.06.19 15:32:49.248,1.3933,1.3934,6.40,20.40
2009.06.19 15:32:49.477,1.3933,1.3934,5.80,20.40
2009.06.19 15:32:49.708,1.3933,1.3934,6.00,20.40
2009.06.19 15:32:49.938,1.39325,1.3934,5.20,20.40
2009.06.19 15:32:50.167,1.39325,1.39335,3.80,9.60
2009.06.19 15:32:53.646,1.3933,1.39335,1.60,9.60
2009.06.19 15:32:53.756,1.3933,1.39335,3.60,8.00
2009.06.19 15:32:54.337,1.3933,1.3934,7.00,11.20
2009.06.19 15:32:54.626,1.3933,1.3934,29.00,11.20
2009.06.19 15:32:54.906,1.3933,1.3934,28.80,11.20
2009.06.19 15:32:55.196,1.3934,1.39345,8.40,12.60
2009.06.19 15:32:55.656,1.3934,1.39345,21.00,9.60
2009.06.19 15:32:55.946,1.3934,1.3935,29.40,11.20
2009.06.19 15:32:56.406,1.39345,1.3935,1.40,3.20
2009.06.19 15:32:56.676,1.39345,1.39355,5.80,10.80
2009.06.19 15:32:57.036,1.3935,1.39355,2.80,8.00
2009.06.19 15:32:57.885,1.3935,1.3936,2.80,19.00
2009.06.19 15:32:58.105,1.3935,1.3936,1.80,19.00
2009.06.19 15:32:58.285,1.39345,1.3935,9.00,2.00
2009.06.19 15:32:58.465,1.39345,1.3935,8.20,3.00
2009.06.19 15:32:58.865,1.39345,1.39355,8.20,10.60
2009.06.19 15:32:59.045,1.39345,1.39355,8.20,8.00
2009.06.19 15:33:00.625,1.39345,1.39355,5.60,8.00
2009.06.19 15:33:00.735,1.3935,1.39355,4.20,8.00
2009.06.19 15:33:01.085,1.3935,1.3936,4.20,19.00
2009.06.19 15:33:01.315,1.39345,1.3936,7.40,19.00
2009.06.19 15:33:04.984,1.39345,1.3936,4.20,19.00
2009.06.19 15:33:05.094,1.39345,1.3936,16.40,19.00
2009.06.19 15:33:05.374,1.39345,1.3936,1.00,19.00
2009.06.19 15:33:08.573,1.39345,1.3936,1.00,19.00
2009.06.19 15:33:08.683,1.39345,1.39355,1.00,1.60
2009.06.19 15:33:08.903,1.39345,1.39355,3.80,1.60
2009.06.19 15:33:09.193,1.3934,1.39355,30.00,9.60
2009.06.19 15:33:11.292,1.3934,1.39355,31.00,9.60
2009.06.19 15:33:11.462,1.3934,1.39355,31.20,9.60
2009.06.19 15:33:11.742,1.3934,1.39355,32.00,9.60
2009.06.19 15:33:11.862,1.3934,1.39355,31.80,9.60
2009.06.19 15:33:12.212,1.3934,1.3935,21.40,12.80
2009.06.19 15:33:12.562,1.3934,1.3935,7.00,12.80
2009.06.19 15:33:12.732,1.3934,1.3935,20.80,11.20
2009.06.19 15:33:13.142,1.3934,1.3935,21.80,11.20
2009.06.19 15:33:13.592,1.3934,1.3935,22.60,11.20
2009.06.19 15:33:13.941,1.39345,1.3935,3.20,8.00
2009.06.19 15:33:14.462,1.39345,1.39355,8.20,8.00
2009.06.19 15:33:14.572,1.39345,1.3936,12.00,19.00
2009.06.19 15:33:14.871,1.39345,1.3936,20.00,19.00
2009.06.19 15:33:15.101,1.39345,1.3936,5.80,19.00
2009.06.19 15:33:15.211,1.39345,1.3936,7.40,19.00
2009.06.19 15:33:16.491,1.39345,1.3936,8.40,19.00
2009.06.19 15:33:16.841,1.39345,1.3936,9.40,19.00
2009.06.19 15:33:17.021,1.3935,1.3936,6.20,12.80
2009.06.19 15:33:17.261,1.3935,1.3936,5.20,12.80
2009.06.19 15:33:17.660,1.3935,1.3936,4.20,12.80
2009.06.19 15:33:18.410,1.3935,1.3936,4.80,12.80
2009.06.19 15:33:18.690,1.3935,1.3936,4.80,11.20
2009.06.19 15:33:19.150,1.39355,1.39365,20.80,8.00
2009.06.19 15:33:19.500,1.3936,1.3937,20.60,11.20
2009.06.19 15:33:19.830,1.3936,1.3937,21.60,11.20
2009.06.19 15:33:20.060,1.3936,1.3937,21.60,3.20
2009.06.19 15:33:20.520,1.3936,1.3937,21.40,3.20
2009.06.19 15:33:20.920,1.3936,1.3937,21.40,3.20
2009.06.19 15:33:21.040,1.3936,1.3937,21.00,3.20
2009.06.19 15:33:23.799,1.3936,1.39375,21.00,15.80
2009.06.19 15:33:23.969,1.3936,1.39375,2.40,15.80
2009.06.19 15:33:24.089,1.39365,1.39375,3.20,15.80
2009.06.19 15:33:24.319,1.3937,1.39375,2.60,9.60
2009.06.19 15:33:24.789,1.39375,1.3938,3.20,11.00
2009.06.19 15:33:25.179,1.3937,1.3938,33.20,12.80
2009.06.19 15:33:25.699,1.3937,1.3938,7.00,12.80
2009.06.19 15:33:28.308,1.3938,1.39385,2.40,12.60
2009.06.19 15:33:28.538,1.39375,1.39385,12.20,9.60
2009.06.19 15:33:28.978,1.3938,1.3939,7.00,11.00
2009.06.19 15:33:29.928,1.3938,1.3939,6.80,11.00
2009.06.19 15:33:30.217,1.3938,1.3939,8.00,11.00
2009.06.19 15:33:30.557,1.39385,1.39395,3.20,15.80
2009.06.19 15:33:30.797,1.3938,1.39395,7.40,20.60
2009.06.19 15:33:31.137,1.39385,1.39395,3.80,7.80
2009.06.19 15:33:31.457,1.39385,1.3939,3.80,4.80
2009.06.19 15:33:34.187,1.3939,1.394,7.00,12.40
2009.06.19 15:33:34.527,1.39395,1.394,4.60,6.60
2009.06.19 15:33:34.916,1.394,1.3941,8.20,13.60
2009.06.19 15:33:35.266,1.39395,1.3941,9.40,28.20
2009.06.19 15:33:35.616,1.394,1.3941,9.20,14.00
2009.06.19 15:33:38.186,1.394,1.3941,20.40,12.80
2009.06.19 15:33:38.636,1.394,1.3941,20.40,15.20
2009.06.19 15:33:39.156,1.394,1.3941,24.00,8.00
2009.06.19 15:33:39.435,1.394,1.39415,24.60,24.60
2009.06.19 15:33:40.145,1.394,1.3941,24.60,8.00
2009.06.19 15:33:40.366,1.394,1.3941,23.80,8.00
2009.06.19 15:33:40.585,1.394,1.3941,23.60,8.00
2009.06.19 15:33:41.005,1.394,1.3941,22.80,8.00
2009.06.19 15:33:41.525,1.394,1.3941,18.20,12.40
2009.06.19 15:33:41.815,1.394,1.3941,25.00,9.60
2009.06.19 15:33:42.155,1.394,1.3941,7.20,1.60
2009.06.19 15:33:42.975,1.394,1.39415,17.00,9.60
2009.06.19 15:33:43.274,1.39405,1.39415,1.60,9.60
2009.06.19 15:33:43.685,1.3941,1.39415,1.60,8.00
2009.06.19 15:33:44.014,1.39405,1.39415,12.80,1.60
2009.06.19 15:33:44.364,1.3941,1.39415,6.20,8.60
2009.06.19 15:33:44.884,1.39405,1.39415,1.60,1.60
2009.06.19 15:33:45.424,1.394,1.3941,7.40,8.00
2009.06.19 15:33:45.774,1.39405,1.39415,4.00,15.80
2009.06.19 15:33:46.064,1.39405,1.39415,3.40,15.80
2009.06.19 15:33:47.153,1.3941,1.39415,4.20,15.80
2009.06.19 15:33:47.863,1.394,1.39415,9.60,15.80
2009.06.19 15:33:48.413,1.39395,1.394,28.40,8.00
2009.06.19 15:33:48.703,1.394,1.39405,3.60,8.80
2009.06.19 15:33:49.483,1.394,1.39405,3.60,8.00
2009.06.19 15:33:49.783,1.394,1.3941,3.60,20.40
2009.06.19 15:33:50.203,1.394,1.3941,3.00,20.40
2009.06.19 15:33:50.963,1.39395,1.39405,1.60,4.80
2009.06.19 15:33:51.242,1.39395,1.39405,1.00,4.80
2009.06.19 15:33:51.472,1.3939,1.39405,9.60,8.20
2009.06.19 15:33:51.713,1.39395,1.39405,1.00,8.20
2009.06.19 15:33:52.342,1.3939,1.39405,9.60,8.20
2009.06.19 15:33:53.142,1.3939,1.394,28.80,11.20
2009.06.19 15:33:53.372,1.39395,1.394,1.20,8.00
2009.06.19 15:33:53.482,1.39395,1.39405,1.00,15.80
2009.06.19 15:33:53.832,1.3939,1.39405,9.60,15.80
2009.06.19 15:33:57.931,1.3939,1.39405,9.60,20.00
2009.06.19 15:33:59.161,1.394,1.39405,3.20,20.00
2009.06.19 15:33:59.400,1.394,1.39405,3.00,8.00
2009.06.19 15:34:00.110,1.394,1.3941,3.00,19.00
2009.06.19 15:34:00.580,1.394,1.3941,3.20,19.00
2009.06.19 15:34:01.170,1.394,1.39405,3.00,8.00
2009.06.19 15:34:02.740,1.394,1.39405,3.20,8.00
2009.06.19 15:34:03.140,1.394,1.3941,3.80,12.80
2009.06.19 15:34:03.949,1.394,1.3941,3.80,19.00
2009.06.19 15:34:05.399,1.3941,1.39415,3.20,9.40
2009.06.19 15:34:05.629,1.3941,1.3942,3.80,19.00
2009.06.19 15:34:05.959,1.3941,1.3942,3.20,19.00
2009.06.19 15:34:06.898,1.3941,1.3942,3.80,19.00
2009.06.19 15:34:07.898,1.3941,1.3942,3.80,4.80
2009.06.19 15:34:10.367,1.3942,1.39425,1.00,10.20
2009.06.19 15:34:10.727,1.3942,1.39425,1.00,12.60
2009.06.19 15:34:11.477,1.39415,1.39425,15.80,12.60
2009.06.19 15:34:11.656,1.39415,1.39425,4.80,12.60
2009.06.19 15:34:14.336,1.3941,1.3942,5.40,4.80
2009.06.19 15:34:14.796,1.3941,1.3942,5.40,3.20
2009.06.19 15:34:17.286,1.3941,1.39425,10.60,15.80
2009.06.19 15:34:17.685,1.39415,1.39425,2.20,7.80
2009.06.19 15:34:20.475,1.39415,1.39425,4.20,15.80
2009.06.19 15:34:20.764,1.39405,1.39415,19.00,1.60
2009.06.19 15:34:21.065,1.39405,1.3941,6.80,8.00
2009.06.19 15:34:21.344,1.39405,1.39415,4.80,27.40
2009.06.19 15:34:21.694,1.39405,1.39415,4.80,15.80
2009.06.19 15:34:22.034,1.39405,1.3941,1.20,8.00
2009.06.19 15:34:22.384,1.39395,1.3941,52.00,11.20
2009.06.19 15:34:22.614,1.394,1.3941,39.80,11.20
2009.06.19 15:34:22.784,1.394,1.3941,40.20,11.20
2009.06.19 15:34:22.904,1.394,1.3941,40.20,11.20
2009.06.19 15:34:23.824,1.39395,1.394,50.40,3.20
2009.06.19 15:34:24.004,1.39385,1.394,35.40,11.20
2009.06.19 15:34:24.223,1.3939,1.394,13.00,11.20
2009.06.19 15:34:24.583,1.3938,1.394,42.00,11.20
2009.06.19 15:34:24.694,1.3939,1.39395,17.60,8.00
2009.06.19 15:34:24.983,1.39395,1.394,2.40,10.40
2009.06.19 15:34:25.424,1.39395,1.394,6.80,8.00
2009.06.19 15:34:25.783,1.394,1.3941,4.60,19.00
2009.06.19 15:34:26.243,1.394,1.3941,4.00,19.00
2009.06.19 15:34:26.543,1.394,1.3941,11.00,19.00
2009.06.19 15:34:27.313,1.394,1.3941,4.60,19.00
2009.06.19 15:34:27.483,1.39395,1.394,18.50,3.20
2009.06.19 15:34:27.713,1.39395,1.394,3.80,3.20
2009.06.19 15:34:27.883,1.3939,1.394,4.60,14.00
2009.06.19 15:34:28.123,1.3939,1.394,7.80,14.00
2009.06.19 15:34:28.473,1.3939,1.394,23.00,11.20
2009.06.19 15:34:28.753,1.39395,1.39405,1.00,9.60
2009.06.19 15:34:28.982,1.394,1.39405,3.20,8.00
2009.06.19 15:34:29.682,1.394,1.3941,3.80,19.00
2009.06.19 15:34:30.232,1.394,1.39405,3.80,1.60
2009.06.19 15:34:30.592,1.39395,1.394,2.40,11.20
2009.06.19 15:34:30.872,1.39395,1.39405,7.60,1.60
2009.06.19 15:34:31.162,1.39395,1.3941,7.60,19.00
2009.06.19 15:34:31.682,1.394,1.3941,1.60,19.00
2009.06.19 15:34:31.852,1.394,1.3941,1.60,19.00
2009.06.19 15:34:32.252,1.394,1.3941,10.00,8.00
2009.06.19 15:34:32.782,1.39405,1.39415,5.00,10.40
2009.06.19 15:34:33.171,1.3941,1.3942,3.20,19.00
2009.06.19 15:34:33.512,1.39405,1.3941,4.60,3.20
2009.06.19 15:34:33.931,1.394,1.3941,3.20,26.60
2009.06.19 15:34:34.291,1.394,1.3941,3.20,34.60
2009.06.19 15:34:34.821,1.394,1.3941,4.00,24.20
2009.06.19 15:34:34.931,1.394,1.3941,4.00,11.20
2009.06.19 15:34:38.360,1.39405,1.39415,4.80,9.60
2009.06.19 15:34:40.480,1.39395,1.394,4.80,3.20
2009.06.19 15:34:40.770,1.394,1.39405,1.00,4.00
2009.06.19 15:34:41.070,1.39385,1.39405,9.20,8.20
2009.06.19 15:34:41.350,1.39385,1.394,8.20,1.00
2009.06.19 15:34:41.649,1.39385,1.39395,3.20,8.00
2009.06.19 15:34:42.009,1.39385,1.39395,4.80,8.00
2009.06.19 15:34:42.469,1.39385,1.3939,6.80,1.00
2009.06.19 15:34:43.099,1.39385,1.3939,6.00,1.00
2009.06.19 15:34:43.949,1.3939,1.394,4.00,15.80
2009.06.19 15:34:44.389,1.394,1.39405,3.20,8.00
2009.06.19 15:34:44.729,1.394,1.3941,5.60,8.00
2009.06.19 15:34:45.239,1.39405,1.3941,3.20,1.60
2009.06.19 15:34:45.579,1.394,1.39405,2.60,3.20
2009.06.19 15:34:45.938,1.39395,1.39405,2.60,3.20
2009.06.19 15:34:46.778,1.39395,1.3941,6.00,19.00
2009.06.19 15:34:47.178,1.39395,1.3941,4.20,19.00
2009.06.19 15:34:47.358,1.39395,1.3941,2.60,19.00
2009.06.19 15:34:47.928,1.39395,1.3941,10.20,12.80
2009.06.19 15:34:48.318,1.39395,1.3941,23.20,9.60
2009.06.19 15:34:48.538,1.39405,1.3941,3.20,8.00
2009.06.19 15:34:49.168,1.394,1.3941,26.00,3.20
2009.06.19 15:34:49.218,1.394,1.3941,32.80,3.20
2009.06.19 15:34:49.517,1.394,1.3941,24.80,3.20
2009.06.19 15:34:49.977,1.394,1.3941,24.00,19.00
2009.06.19 15:34:50.547,1.39395,1.39405,13.60,13.80
2009.06.19 15:34:50.987,1.394,1.39405,8.40,2.40
2009.06.19 15:34:51.387,1.394,1.39405,8.00,2.40
2009.06.19 15:34:52.137,1.394,1.39405,8.40,2.40
2009.06.19 15:34:52.827,1.394,1.39405,4.20,2.40
2009.06.19 15:34:52.937,1.394,1.39405,3.60,6.80
2009.06.19 15:34:54.076,1.39395,1.394,1.00,3.20
2009.06.19 15:34:54.606,1.3939,1.39405,28.20,14.00
2009.06.19 15:34:54.936,1.3939,1.39405,27.80,14.00
2009.06.19 15:35:00.365,1.394,1.3941,7.20,12.80
2009.06.19 15:35:00.665,1.394,1.3941,4.80,3.20
2009.06.19 15:35:01.175,1.39405,1.39415,3.20,17.20
2009.06.19 15:35:01.285,1.39405,1.39415,1.00,19.00
2009.06.19 15:35:01.575,1.394,1.39415,1.60,20.40
2009.06.19 15:35:01.815,1.39405,1.39415,3.20,9.60
2009.06.19 15:35:02.174,1.39405,1.39415,3.80,10.40
2009.06.19 15:35:05.234,1.39405,1.39415,5.00,10.40
2009.06.19 15:35:05.344,1.39405,1.39415,5.00,15.80
2009.06.19 15:35:06.504,1.394,1.39405,10.90,4.00
2009.06.19 15:35:06.793,1.394,1.3941,18.60,9.80
2009.06.19 15:35:07.193,1.39395,1.394,1.00,4.80
2009.06.19 15:35:07.313,1.39385,1.394,12.60,12.80
2009.06.19 15:35:07.833,1.39385,1.394,12.00,12.80
2009.06.19 15:35:08.003,1.39385,1.394,10.20,12.80
2009.06.19 15:35:08.543,1.39385,1.394,10.80,12.80
2009.06.19 15:35:08.773,1.39385,1.394,11.60,12.80
2009.06.19 15:35:09.053,1.39385,1.394,12.20,12.80
2009.06.19 15:35:09.503,1.39385,1.394,11.80,12.80
2009.06.19 15:35:09.793,1.39385,1.394,11.20,12.80
2009.06.19 15:35:10.023,1.39385,1.394,12.40,12.80
2009.06.19 15:35:10.433,1.3939,1.394,16.60,12.80
2009.06.19 15:35:10.723,1.3939,1.394,8.00,11.20
2009.06.19 15:35:11.872,1.3939,1.394,7.00,19.00
2009.06.19 15:35:12.982,1.3939,1.394,7.00,12.80
2009.06.19 15:35:15.081,1.3939,1.394,8.00,11.20
2009.06.19 15:35:17.201,1.3939,1.394,8.00,8.00
2009.06.19 15:35:17.321,1.39395,1.394,4.20,8.00
2009.06.19 15:35:17.621,1.39395,1.39405,7.00,15.80
2009.06.19 15:35:17.791,1.39395,1.39405,7.40,8.00
2009.06.19 15:35:18.021,1.39395,1.39405,9.80,8.00
2009.06.19 15:35:18.191,1.39395,1.3941,10.80,12.80
2009.06.19 15:35:18.541,1.394,1.3941,11.00,12.80
2009.06.19 15:35:18.711,1.394,1.3941,10.80,12.80
2009.06.19 15:35:19.070,1.394,1.3941,11.20,12.80
2009.06.19 15:35:19.452,1.394,1.3941,11.20,4.80
2009.06.19 15:35:19.780,1.394,1.3941,10.40,12.80
2009.06.19 15:35:20.180,1.394,1.3941,8.80,12.80
2009.06.19 15:35:20.420,1.39395,1.3941,8.60,19.00
2009.06.19 15:35:20.600,1.39395,1.3941,6.00,20.40
2009.06.19 15:35:21.080,1.39395,1.3941,7.60,19.00
2009.06.19 15:35:21.300,1.39395,1.3941,8.00,19.00
2009.06.19 15:35:21.530,1.394,1.3941,8.80,12.80
2009.06.19 15:35:21.820,1.394,1.3941,10.60,11.20
2009.06.19 15:35:22.040,1.394,1.3941,12.20,3.20
2009.06.19 15:35:22.969,1.394,1.3941,1.60,6.00
2009.06.19 15:35:23.499,1.39395,1.39405,6.00,8.00
2009.06.19 15:35:23.679,1.39395,1.3941,7.60,19.00
2009.06.19 15:35:29.208,1.3941,1.3942,1.00,26.90
2009.06.19 15:35:30.438,1.39395,1.3941,6.00,19.00
2009.06.19 15:35:30.538,1.39395,1.394,5.00,3.20
2009.06.19 15:35:30.768,1.3939,1.394,24.20,3.20
2009.06.19 15:35:31.057,1.3939,1.394,30.20,3.20
2009.06.19 15:35:31.387,1.3939,1.394,29.60,3.20
2009.06.19 15:35:32.767,1.3939,1.39405,34.40,9.60
2009.06.19 15:35:32.877,1.39395,1.39405,3.80,9.60
2009.06.19 15:35:33.097,1.39395,1.39405,5.00,9.60
2009.06.19 15:35:33.397,1.39395,1.39405,5.20,9.60
2009.06.19 15:35:33.447,1.39395,1.39405,5.20,8.00
2009.06.19 15:35:33.687,1.39395,1.3941,5.20,19.00
2009.06.19 15:35:33.977,1.39395,1.3941,6.00,19.00
2009.06.19 15:35:36.926,1.39395,1.3941,6.00,19.80
2009.06.19 15:35:37.216,1.39395,1.394,1.00,3.20
2009.06.19 15:35:37.446,1.3939,1.394,8.00,3.20
2009.06.19 15:35:39.595,1.3939,1.394,9.60,3.20
2009.06.19 15:35:39.825,1.39395,1.39405,4.80,21.00
2009.06.19 15:35:42.295,1.39395,1.3941,8.40,19.00
2009.06.19 15:35:42.645,1.39395,1.3941,8.20,19.00
2009.06.19 15:35:42.995,1.39395,1.3941,6.20,19.00
2009.06.19 15:35:43.115,1.39395,1.3941,6.00,20.40
2009.06.19 15:35:43.624,1.39395,1.3941,6.00,21.20
2009.06.19 15:35:43.905,1.39395,1.394,3.80,3.20
2009.06.19 15:35:44.374,1.39395,1.39405,5.00,9.60
2009.06.19 15:35:44.834,1.3939,1.394,8.00,11.20
2009.06.19 15:35:45.284,1.3939,1.394,8.00,11.20
2009.06.19 15:35:53.552,1.39405,1.39415,5.60,9.60
2009.06.19 15:35:54.083,1.3941,1.3942,7.00,9.40
2009.06.19 15:35:54.382,1.3942,1.39425,1.00,15.80
2009.06.19 15:35:54.662,1.39415,1.3942,3.20,3.20
2009.06.19 15:35:55.252,1.3942,1.39425,1.00,11.00
2009.06.19 15:35:55.592,1.39415,1.39425,1.60,11.00
2009.06.19 15:35:55.941,1.39415,1.39425,1.60,7.80
2009.06.19 15:35:56.232,1.3942,1.39425,1.00,7.80
2009.06.19 15:35:56.531,1.3941,1.3942,14.60,1.60
2009.06.19 15:35:56.941,1.3941,1.3942,13.00,1.60
2009.06.19 15:35:57.232,1.3941,1.39425,18.60,19.00
2009.06.19 15:35:57.581,1.3942,1.39425,1.00,11.00
2009.06.19 15:35:58.011,1.39415,1.39425,5.00,7.80
2009.06.19 15:35:59.911,1.3942,1.39425,1.00,9.60
2009.06.19 15:36:00.361,1.39415,1.3942,3.80,3.20
2009.06.19 15:36:00.820,1.3941,1.3942,31.60,3.20
2009.06.19 15:36:01.050,1.3941,1.3942,8.00,3.20
2009.06.19 15:36:02.330,1.3942,1.39425,1.00,9.60
2009.06.19 15:36:02.500,1.3942,1.39425,3.20,9.60
2009.06.19 15:36:02.770,1.3942,1.39425,3.80,1.60
2009.06.19 15:36:03.120,1.3942,1.3943,3.20,19.00
2009.06.19 15:36:03.540,1.39415,1.3943,7.60,19.00
2009.06.19 15:36:03.940,1.39415,1.39425,7.00,9.60
2009.06.19 15:36:04.360,1.39415,1.39425,7.40,1.60
2009.06.19 15:36:04.719,1.39415,1.39425,7.60,1.60
2009.06.19 15:36:05.069,1.39415,1.39425,9.20,1.60
2009.06.19 15:36:05.409,1.39415,1.39425,9.00,1.60
2009.06.19 15:36:06.369,1.39415,1.39425,8.20,1.60
2009.06.19 15:36:06.729,1.3942,1.3943,3.80,22.20
2009.06.19 15:36:07.189,1.39415,1.39425,10.00,8.00
2009.06.19 15:36:07.549,1.39415,1.3943,10.80,19.00
2009.06.19 15:36:08.118,1.39415,1.3943,9.60,19.00
2009.06.19 15:36:08.229,1.39415,1.3943,8.60,19.00
2009.06.19 15:36:08.518,1.39415,1.3943,8.40,19.00
2009.06.19 15:36:09.338,1.39415,1.3943,8.80,19.00
2009.06.19 15:36:10.018,1.39415,1.3943,17.00,19.00
2009.06.19 15:36:10.428,1.3942,1.3943,12.00,12.80
2009.06.19 15:36:10.938,1.3942,1.3943,12.00,4.80
2009.06.19 15:36:11.278,1.3942,1.3943,10.00,4.80
2009.06.19 15:36:11.458,1.3942,1.3943,10.00,12.80
2009.06.19 15:36:11.748,1.39415,1.3943,15.80,12.80
2009.06.19 15:36:12.207,1.39425,1.3943,3.20,12.80
2009.06.19 15:36:12.368,1.39425,1.3943,3.20,8.00
2009.06.19 15:36:12.768,1.39425,1.39435,3.20,15.80
2009.06.19 15:36:13.857,1.39425,1.39435,4.00,15.80
2009.06.19 15:36:14.337,1.39425,1.39435,6.40,1.60
2009.06.19 15:36:14.687,1.39425,1.3944,8.20,19.00
2009.06.19 15:36:15.267,1.39425,1.3944,8.80,19.00
2009.06.19 15:36:15.597,1.3943,1.3944,12.00,19.00
2009.06.19 15:36:15.817,1.3943,1.3944,11.40,19.00
2009.06.19 15:36:16.257,1.3943,1.3944,11.20,19.00
2009.06.19 15:36:16.667,1.3943,1.3944,11.80,19.00
2009.06.19 15:36:17.117,1.3943,1.3944,14.60,19.00
2009.06.19 15:36:17.686,1.3943,1.3944,9.60,14.20
2009.06.19 15:36:18.036,1.3943,1.3944,9.60,6.20
2009.06.19 15:36:18.436,1.39435,1.39445,2.40,15.80
2009.06.19 15:36:18.846,1.39435,1.39445,6.80,7.80
2009.06.19 15:36:19.277,1.39435,1.39445,6.80,15.80
2009.06.19 15:36:19.796,1.39435,1.39445,6.60,15.80
2009.06.19 15:36:20.196,1.3944,1.39445,3.20,8.00
2009.06.19 15:36:20.486,1.3944,1.3945,13.40,8.00
2009.06.19 15:36:20.786,1.3945,1.39455,4.00,8.70
2009.06.19 15:36:21.076,1.3945,1.39465,21.20,14.20
2009.06.19 15:36:21.895,1.39465,1.39475,8.20,12.60
2009.06.19 15:36:22.175,1.39465,1.3948,22.40,7.00
2009.06.19 15:36:22.505,1.39465,1.3948,24.60,10.60
2009.06.19 15:36:23.155,1.39465,1.3948,20.00,3.20
2009.06.19 15:36:24.015,1.39465,1.39485,37.80,11.00
2009.06.19 15:36:24.635,1.3947,1.39485,21.40,3.20
2009.06.19 15:36:25.165,1.39475,1.39485,16.00,5.20
2009.06.19 15:36:25.524,1.39477,1.39487,4.80,13.20
2009.06.19 15:36:25.914,1.39477,1.39492,9.20,27.20
2009.06.19 15:36:26.504,1.3948,1.39495,8.00,21.00
2009.06.19 15:36:26.844,1.39482,1.39497,8.00,19.60
2009.06.19 15:36:27.224,1.39484,1.39499,2.40,24.00
2009.06.19 15:36:27.554,1.39487,1.39502,19.80,20.60
2009.06.19 15:36:27.844,1.39492,1.39502,1.00,15.80
2009.06.19 15:36:28.834,1.39497,1.39502,2.40,8.00
2009.06.19 15:36:29.173,1.39499,1.39505,7.20,3.20
2009.06.19 15:36:29.504,1.39499,1.39509,3.80,20.60
2009.06.19 15:36:29.833,1.39501,1.39511,6.40,34.80
2009.06.19 15:36:30.353,1.39501,1.39516,7.00,23.60
2009.06.19 15:36:32.403,1.39503,1.39518,6.80,22.40
2009.06.19 15:36:32.743,1.39505,1.39521,6.80,35.80
2009.06.19 15:36:33.033,1.39511,1.39521,6.80,6.60
2009.06.19 15:36:33.332,1.39514,1.39524,6.80,4.80
2009.06.19 15:36:33.733,1.39516,1.39526,4.20,8.00
2009.06.19 15:36:34.012,1.39521,1.39526,2.80,8.00
2009.06.19 15:36:34.123,1.39521,1.39531,3.40,12.80
2009.06.19 15:36:34.722,1.39535,1.3954,4.40,3.20
2009.06.19 15:36:35.062,1.3953,1.39545,6.80,19.00
2009.06.19 15:36:35.632,1.3954,1.3955,1.20,20.20
2009.06.19 15:36:37.891,1.3955,1.39565,6.40,28.20
2009.06.19 15:36:38.521,1.39545,1.39555,3.80,11.60
2009.06.19 15:36:39.201,1.3954,1.3955,9.60,4.40
2009.06.19 15:36:39.781,1.39535,1.3954,4.90,3.20
2009.06.19 15:36:40.371,1.3953,1.3954,7.80,3.20
2009.06.19 15:36:40.881,1.3953,1.3954,7.00,12.80
2009.06.19 15:36:42.151,1.3953,1.3954,3.80,14.80
2009.06.19 15:36:42.440,1.3953,1.3954,11.20,11.60
2009.06.19 15:36:42.790,1.39525,1.39535,3.80,18.00
2009.06.19 15:36:43.410,1.3952,1.3953,17.80,20.40
2009.06.19 15:36:43.750,1.39515,1.3953,4.60,20.40
2009.06.19 15:36:44.320,1.39515,1.3953,6.60,20.40
2009.06.19 15:36:44.720,1.3952,1.3953,3.20,12.60
2009.06.19 15:36:45.300,1.3953,1.39535,6.20,13.00
2009.06.19 15:36:45.640,1.3952,1.3953,7.80,3.00
2009.06.19 15:36:47.539,1.3953,1.3954,6.40,24.00
2009.06.19 15:36:47.869,1.3953,1.3954,7.00,11.00
2009.06.19 15:36:48.589,1.3953,1.3954,7.00,3.20
2009.06.19 15:36:49.399,1.3953,1.3954,8.60,11.00
2009.06.19 15:36:49.869,1.3954,1.3955,3.20,28.40
2009.06.19 15:36:50.199,1.3954,1.39555,7.00,28.00
2009.06.19 15:36:50.708,1.3954,1.3956,7.00,28.80
2009.06.19 15:36:50.998,1.3954,1.39555,7.00,23.80
2009.06.19 15:36:52.268,1.39545,1.3956,1.00,27.20
2009.06.19 15:36:52.428,1.3955,1.3956,1.60,20.20
2009.06.19 15:36:52.718,1.3955,1.3956,6.40,64.00
2009.06.19 15:36:53.118,1.3955,1.39565,9.00,23.80
2009.06.19 15:36:53.458,1.39555,1.3957,4.60,28.00
2009.06.19 15:36:53.968,1.39555,1.39565,2.60,3.40
2009.06.19 15:36:54.317,1.3956,1.3957,5.80,5.60
2009.06.19 15:36:54.877,1.3956,1.3957,5.80,3.20
2009.06.19 15:36:55.227,1.3957,1.3958,3.80,15.40
2009.06.19 15:36:55.517,1.3957,1.3958,7.00,15.20
2009.06.19 15:36:56.487,1.3957,1.3958,7.00,21.40
2009.06.19 15:36:56.947,1.3957,1.3958,6.40,21.40
2009.06.19 15:36:57.707,1.3957,1.3958,7.00,21.40
2009.06.19 15:36:58.117,1.39565,1.39575,5.80,8.00
2009.06.19 15:36:58.556,1.39575,1.3958,1.60,11.90
2009.06.19 15:36:58.846,1.39575,1.3958,2.40,6.40
2009.06.19 15:36:59.426,1.39575,1.3958,1.60,11.20
2009.06.19 15:36:59.996,1.3957,1.3958,7.20,3.20
2009.06.19 15:37:00.906,1.39565,1.39575,5.00,1.20
2009.06.19 15:37:01.246,1.39565,1.3958,4.20,14.00
2009.06.19 15:37:01.526,1.39565,1.3957,3.20,11.20
2009.06.19 15:37:01.866,1.39565,1.39575,1.60,10.80
2009.06.19 15:37:02.196,1.3957,1.39575,6.40,8.00
2009.06.19 15:37:02.486,1.3957,1.3958,7.00,12.80
2009.06.19 15:37:02.836,1.3957,1.3958,7.80,4.80
2009.06.19 15:37:03.126,1.3957,1.3958,7.00,4.80
2009.06.19 15:37:03.465,1.3957,1.3958,6.40,11.20
2009.06.19 15:37:03.815,1.3958,1.39585,4.00,14.20
2009.06.19 15:37:04.145,1.3958,1.3959,7.20,11.20
2009.06.19 15:37:05.225,1.3958,1.3959,7.80,11.20
2009.06.19 15:37:05.855,1.3959,1.39595,6.40,8.50
2009.06.19 15:37:06.145,1.3959,1.39595,6.40,19.80
2009.06.19 15:37:06.446,1.39585,1.3959,5.10,2.40
2009.06.19 15:37:06.975,1.3958,1.3959,18.80,13.00
2009.06.19 15:37:07.324,1.3958,1.3959,23.40,5.00
2009.06.19 15:37:07.614,1.3958,1.3959,7.80,3.20
2009.06.19 15:37:07.944,1.3958,1.3959,6.40,3.20
2009.06.19 15:37:08.234,1.39595,1.396,2.80,7.80
2009.06.19 15:37:08.574,1.39585,1.396,14.00,11.00
2009.06.19 15:37:08.914,1.3959,1.396,6.40,11.00
2009.06.19 15:37:09.204,1.3959,1.396,7.00,11.00
2009.06.19 15:37:10.514,1.39595,1.39605,3.20,15.80
2009.06.19 15:37:10.914,1.39595,1.39605,3.80,9.60
2009.06.19 15:37:11.253,1.3959,1.39595,5.80,2.40
2009.06.19 15:37:11.653,1.396,1.39605,3.20,11.40
2009.06.19 15:37:12.063,1.39595,1.39605,5.00,7.80
2009.06.19 15:37:12.463,1.39595,1.39605,11.20,1.60
2009.06.19 15:37:13.034,1.39595,1.39605,7.60,1.60
2009.06.19 15:37:13.433,1.39595,1.39605,3.80,1.60
2009.06.19 15:37:13.773,1.39595,1.39605,9.40,1.60
2009.06.19 15:37:14.173,1.396,1.3961,4.60,10.40
2009.06.19 15:37:14.503,1.396,1.3961,6.00,2.40
2009.06.19 15:37:15.072,1.396,1.3961,3.80,5.60
2009.06.19 15:37:15.632,1.396,1.3961,7.00,3.20
2009.06.19 15:37:15.972,1.39605,1.39615,6.00,6.20
2009.06.19 15:37:16.262,1.3961,1.3962,6.40,12.80
2009.06.19 15:37:16.802,1.3961,1.3962,7.00,4.60
2009.06.19 15:37:17.462,1.3961,1.3962,7.00,11.20
2009.06.19 15:37:17.942,1.3961,1.3962,7.00,4.60
2009.06.19 15:37:18.742,1.39615,1.39625,5.60,30.60
2009.06.19 15:37:19.122,1.39615,1.3963,7.00,48.00
2009.06.19 15:37:19.832,1.39615,1.39625,7.00,27.00
2009.06.19 15:37:20.181,1.39615,1.3963,25.80,27.40
2009.06.19 15:37:20.481,1.3962,1.39625,6.40,10.00
2009.06.19 15:37:20.991,1.3962,1.39635,6.40,25.00
2009.06.19 15:37:21.221,1.3962,1.39635,6.40,24.00
2009.06.19 15:37:21.451,1.3962,1.39635,7.00,24.00
2009.06.19 15:37:21.911,1.3962,1.39635,7.00,42.20
2009.06.19 15:37:24.230,1.3962,1.39635,3.20,23.80
2009.06.19 15:37:24.630,1.3962,1.39635,6.40,42.40
2009.06.19 15:37:24.990,1.3962,1.39635,4.80,31.20
2009.06.19 15:37:25.320,1.39625,1.39635,3.20,15.80
2009.06.19 15:37:25.660,1.39625,1.3964,3.20,44.60
2009.06.19 15:37:26.000,1.3962,1.3964,7.80,23.40
2009.06.19 15:37:26.350,1.3962,1.39635,7.20,19.80
2009.06.19 15:37:26.870,1.3962,1.3963,3.20,4.20
2009.06.19 15:37:27.160,1.39615,1.3962,4.00,3.20
2009.06.19 15:37:27.510,1.39615,1.3962,3.20,6.00
2009.06.19 15:37:27.799,1.3961,1.3962,3.20,17.40
2009.06.19 15:37:28.139,1.3961,1.3962,2.60,20.40
2009.06.19 15:37:28.430,1.3961,1.3962,3.80,9.60
2009.06.19 15:37:28.779,1.3961,1.39615,5.80,8.00
2009.06.19 15:37:29.069,1.3961,1.39615,1.20,8.00
2009.06.19 15:37:29.539,1.3961,1.39625,7.80,17.20
2009.06.19 15:37:30.109,1.3961,1.39625,3.20,31.00
2009.06.19 15:37:30.639,1.3961,1.3962,3.20,20.40
2009.06.19 15:37:31.039,1.396,1.3962,10.00,20.20
2009.06.19 15:37:31.390,1.396,1.3962,8.80,20.20
2009.06.19 15:37:31.568,1.396,1.3962,35.60,20.20
2009.06.19 15:37:32.038,1.396,1.3962,39.60,20.20
2009.06.19 15:37:32.438,1.396,1.39615,18.40,20.40
2009.06.19 15:37:33.008,1.396,1.39615,4.80,20.40
2009.06.19 15:37:33.358,1.396,1.3961,6.60,1.60
2009.06.19 15:37:34.008,1.39595,1.396,25.70,3.20
2009.06.19 15:37:37.067,1.39595,1.396,1.00,3.20
2009.06.19 15:37:37.537,1.3959,1.396,26.80,11.20
2009.06.19 15:37:37.877,1.3959,1.396,25.80,11.20
2009.06.19 15:37:38.607,1.3959,1.396,9.40,8.00
2009.06.19 15:37:39.207,1.3959,1.39605,48.20,9.60
2009.06.19 15:37:39.507,1.3959,1.39605,49.60,9.60
2009.06.19 15:37:39.806,1.3959,1.39605,50.40,9.60
2009.06.19 15:37:40.426,1.3959,1.39605,50.60,9.60
2009.06.19 15:37:40.846,1.3959,1.39605,50.80,9.60
2009.06.19 15:37:41.296,1.3959,1.396,49.20,3.20
2009.06.19 15:37:41.396,1.3959,1.396,29.80,11.20
2009.06.19 15:37:41.677,1.3959,1.396,4.60,11.20
2009.06.19 15:37:47.435,1.3959,1.396,4.00,11.20
2009.06.19 15:37:50.774,1.3959,1.396,3.20,12.80
2009.06.19 15:37:51.594,1.3959,1.39595,16.40,3.20
2009.06.19 15:37:51.704,1.3959,1.39595,3.20,8.00
2009.06.19 15:37:51.984,1.3959,1.396,3.20,12.80
2009.06.19 15:37:53.553,1.3959,1.396,3.80,12.80
2009.06.19 15:37:54.083,1.3959,1.39595,11.60,12.00
2009.06.19 15:37:54.323,1.3959,1.39595,11.20,8.80
2009.06.19 15:37:54.603,1.3959,1.396,11.20,14.80
2009.06.19 15:37:54.663,1.3959,1.396,10.80,14.80
2009.06.19 15:37:55.423,1.3959,1.39595,11.20,6.00
2009.06.19 15:37:55.943,1.3959,1.396,3.80,12.80
2009.06.19 15:37:56.343,1.3959,1.396,3.20,12.80
2009.06.19 15:37:56.683,1.3959,1.39595,3.80,2.40
2009.06.19 15:37:57.022,1.3958,1.39595,23.80,13.60
2009.06.19 15:37:57.302,1.3958,1.39595,24.40,13.60
2009.06.19 15:37:58.102,1.3958,1.39595,30.80,9.60
2009.06.19 15:37:58.332,1.3958,1.39595,39.60,9.60
2009.06.19 15:37:58.662,1.3958,1.39595,47.80,9.60
2009.06.19 15:37:58.892,1.39575,1.39585,13.60,10.40
2009.06.19 15:37:59.122,1.39575,1.3958,16.40,13.60
2009.06.19 15:37:59.512,1.39555,1.39565,3.20,2.40
2009.06.19 15:37:59.812,1.39555,1.3957,3.20,11.60
2009.06.19 15:38:00.262,1.39565,1.3958,3.20,13.60
2009.06.19 15:38:00.671,1.3957,1.39575,1.20,10.40
2009.06.19 15:38:01.741,1.3957,1.3958,7.00,10.40
2009.06.19 15:38:02.081,1.3957,1.39585,21.40,15.80
2009.06.19 15:38:02.421,1.39565,1.3957,4.80,8.00
2009.06.19 15:38:02.781,1.3957,1.39575,1.60,12.80
2009.06.19 15:38:03.061,1.3957,1.3958,2.60,22.20
2009.06.19 15:38:03.481,1.3957,1.3958,4.00,12.60
2009.06.19 15:38:04.001,1.3957,1.3958,13.00,8.00
2009.06.19 15:38:04.581,1.3957,1.39585,20.60,9.60
2009.06.19 15:38:04.871,1.3957,1.3958,15.80,3.20
2009.06.19 15:38:05.091,1.3957,1.3958,15.00,11.20
2009.06.19 15:38:05.800,1.3957,1.3958,11.60,11.20
2009.06.19 15:38:06.210,1.3957,1.39575,3.20,8.00
2009.06.19 15:38:06.480,1.3957,1.39575,7.60,11.20
2009.06.19 15:38:06.880,1.3957,1.39575,7.60,27.40
2009.06.19 15:38:07.060,1.39565,1.3957,14.10,8.00
2009.06.19 15:38:07.640,1.3957,1.39575,3.20,8.70
2009.06.19 15:38:07.870,1.3957,1.39575,3.20,8.00
2009.06.19 15:38:08.829,1.3957,1.3958,3.20,36.60
2009.06.19 15:38:09.060,1.3957,1.3958,3.20,19.00
2009.06.19 15:38:10.859,1.39565,1.3957,5.10,1.60
2009.06.19 15:38:11.259,1.39565,1.3957,3.80,11.80
2009.06.19 15:38:11.319,1.39555,1.39565,14.80,8.00
2009.06.19 15:38:11.539,1.39555,1.39565,14.00,8.00
2009.06.19 15:38:11.900,1.39555,1.39565,6.60,8.00
2009.06.19 15:38:12.529,1.39555,1.3957,13.80,21.20
2009.06.19 15:38:12.989,1.39555,1.3957,15.40,21.20
2009.06.19 15:38:13.818,1.39555,1.39565,15.40,6.20
2009.06.19 15:38:14.218,1.39555,1.3956,14.00,3.20
2009.06.19 15:38:14.448,1.39555,1.3956,3.20,3.20
2009.06.19 15:38:14.798,1.3955,1.3956,3.80,11.00
2009.06.19 15:38:14.908,1.3955,1.3956,3.40,21.20
2009.06.19 15:38:15.418,1.39545,1.39555,1.00,15.80
2009.06.19 15:38:15.928,1.3954,1.39555,26.20,15.80
2009.06.19 15:38:16.448,1.3954,1.3955,23.00,3.20
2009.06.19 15:38:16.968,1.3954,1.3955,3.80,11.20
2009.06.19 15:38:18.237,1.3954,1.3955,12.20,11.20
2009.06.19 15:38:20.267,1.3954,1.3955,16.20,11.20
2009.06.19 15:38:20.686,1.3954,1.3955,12.80,11.20
2009.06.19 15:38:21.027,1.3955,1.3956,4.60,16.40
2009.06.19 15:38:21.367,1.3955,1.3956,4.60,11.20
2009.06.19 15:38:21.716,1.3955,1.3956,4.60,3.20
2009.06.19 15:38:22.116,1.3955,1.39565,7.80,22.00
2009.06.19 15:38:22.576,1.39555,1.39565,1.00,7.80
2009.06.19 15:38:23.096,1.39545,1.3956,66.80,3.20
2009.06.19 15:38:23.606,1.3955,1.3956,4.60,11.20
2009.06.19 15:38:24.336,1.3955,1.3956,1.40,17.40
2009.06.19 15:38:24.506,1.3955,1.3956,1.00,21.20
2009.06.19 15:38:25.036,1.39545,1.3956,13.80,21.20
2009.06.19 15:38:25.895,1.3955,1.3956,3.80,12.80
2009.06.19 15:38:26.075,1.3955,1.3956,3.20,12.80
2009.06.19 15:38:26.655,1.3955,1.3956,3.20,11.20
2009.06.19 15:38:27.875,1.39545,1.3955,4.60,3.20
2009.06.19 15:38:27.995,1.3954,1.3955,20.40,3.20
2009.06.19 15:38:28.285,1.3954,1.3955,25.60,3.20
2009.06.19 15:38:28.565,1.3954,1.3955,16.20,11.20
2009.06.19 15:38:28.735,1.3954,1.3955,12.20,11.20
2009.06.19 15:38:29.274,1.3954,1.3955,20.20,3.20
2009.06.19 15:38:29.794,1.3954,1.3955,20.40,3.20
2009.06.19 15:38:30.194,1.3954,1.3955,20.60,3.20
2009.06.19 15:38:31.174,1.3954,1.3955,21.80,3.20
2009.06.19 15:38:33.274,1.39535,1.3954,4.00,3.20
2009.06.19 15:38:33.564,1.39535,1.3954,18.00,11.20
2009.06.19 15:38:33.853,1.39535,1.3954,6.00,11.20
2009.06.19 15:38:34.133,1.3953,1.3954,3.80,3.20
2009.06.19 15:38:34.613,1.3953,1.39535,7.60,4.40
2009.06.19 15:38:35.143,1.39525,1.39535,6.20,1.60
2009.06.19 15:38:35.623,1.3952,1.3953,3.80,11.20
2009.06.19 15:38:36.143,1.3952,1.3953,3.80,17.40
2009.06.19 15:38:36.313,1.3952,1.3953,3.20,17.40
2009.06.19 15:38:36.653,1.3952,1.3953,3.20,19.00
2009.06.19 15:38:36.893,1.39515,1.3952,17.30,3.20
2009.06.19 15:38:37.233,1.3952,1.39525,1.00,11.00
2009.06.19 15:38:37.523,1.3951,1.3952,3.80,4.80
2009.06.19 15:38:37.804,1.39515,1.3952,1.00,3.20
2009.06.19 15:38:38.093,1.3952,1.39525,4.80,2.40
2009.06.19 15:38:38.383,1.3952,1.3953,4.80,11.00
2009.06.19 15:38:39.162,1.39525,1.3953,4.20,3.20
2009.06.19 15:38:39.462,1.3953,1.39535,5.60,9.20
2009.06.19 15:38:39.822,1.39535,1.39545,2.40,3.40
2009.06.19 15:38:40.332,1.3954,1.3955,4.20,22.20
2009.06.19 15:38:40.682,1.39545,1.3955,4.20,3.20
2009.06.19 15:38:41.012,1.3955,1.39555,4.00,9.60
2009.06.19 15:38:41.482,1.3956,1.39565,1.60,1.60
2009.06.19 15:38:41.763,1.3957,1.39575,1.00,9.60
2009.06.19 15:38:42.112,1.3957,1.3958,4.80,12.80
2009.06.19 15:38:42.691,1.3957,1.39585,7.20,11.20
2009.06.19 15:38:43.051,1.3958,1.3959,5.60,8.00
2009.06.19 15:38:43.341,1.3958,1.39595,3.00,9.60
2009.06.19 15:38:43.801,1.3958,1.39585,10.60,1.60
2009.06.19 15:38:44.091,1.3958,1.39585,11.60,1.60
2009.06.19 15:38:44.381,1.3957,1.39585,14.60,1.80
2009.06.19 15:38:44.681,1.39575,1.39585,2.60,1.60
2009.06.19 15:38:44.961,1.3958,1.3959,1.60,4.00
2009.06.19 15:38:45.481,1.39575,1.3959,7.40,4.00
2009.06.19 15:38:45.901,1.39575,1.3959,3.40,4.00
2009.06.19 15:38:46.251,1.3957,1.3958,6.60,3.20
2009.06.19 15:38:48.850,1.3957,1.3958,7.20,11.20
2009.06.19 15:38:49.600,1.39575,1.39585,3.00,23.20
2009.06.19 15:38:49.890,1.39575,1.39585,4.00,8.00
2009.06.19 15:38:50.350,1.3958,1.3959,3.40,11.20
2009.06.19 15:38:50.980,1.3958,1.39585,2.60,1.60
2009.06.19 15:38:51.330,1.39575,1.3958,13.40,3.20
2009.06.19 15:38:51.599,1.3957,1.3958,3.20,15.20
2009.06.19 15:38:51.999,1.3957,1.3958,5.60,9.60
2009.06.19 15:38:52.290,1.3957,1.3958,6.20,12.80
2009.06.19 15:38:52.860,1.3957,1.3958,6.20,11.20
2009.06.19 15:38:55.833,1.39575,1.39595,13.60,14.20
2009.06.19 15:38:56.118,1.39575,1.39595,13.60,8.00
2009.06.19 15:38:56.868,1.3958,1.39595,30.40,8.00
2009.06.19 15:38:57.638,1.3959,1.396,2.60,1.60
2009.06.19 15:38:57.808,1.3959,1.396,5.00,12.80
2009.06.19 15:38:58.038,1.39585,1.39595,4.00,9.60
2009.06.19 15:38:58.318,1.39585,1.3959,19.00,3.20
2009.06.19 15:38:58.648,1.3958,1.3959,7.20,11.20
2009.06.19 15:38:59.797,1.39585,1.3959,1.60,11.20
2009.06.19 15:39:00.257,1.3958,1.39595,20.00,9.60
2009.06.19 15:39:02.877,1.3958,1.3959,10.60,11.20
2009.06.19 15:39:03.237,1.3958,1.3959,7.20,11.20
2009.06.19 15:39:03.466,1.3958,1.3959,7.20,12.80
2009.06.19 15:39:03.927,1.39585,1.3959,1.20,37.20
2009.06.19 15:39:04.266,1.3957,1.39575,22.20,1.60
2009.06.19 15:39:04.667,1.39558,1.39583,12.60,10.60
2009.06.19 15:39:05.186,1.39555,1.3958,9.40,10.60
2009.06.19 15:39:05.486,1.39545,1.3956,2.40,8.00
2009.06.19 15:39:05.766,1.39555,1.39565,4.80,19.00
2009.06.19 15:39:06.166,1.3955,1.39565,16.80,9.40
2009.06.19 15:39:07.765,1.39555,1.3956,1.20,10.60
2009.06.19 15:39:08.185,1.3955,1.3956,19.80,10.60
2009.06.19 15:39:08.695,1.3955,1.3956,27.80,10.60
2009.06.19 15:39:08.815,1.3955,1.3956,27.80,2.60
2009.06.19 15:39:09.255,1.3955,1.3956,27.80,3.20
2009.06.19 15:39:09.605,1.39555,1.3956,1.00,3.20
2009.06.19 15:39:10.015,1.3956,1.39565,1.60,8.00
2009.06.19 15:39:10.405,1.3956,1.39565,3.20,8.00
2009.06.19 15:39:12.124,1.3956,1.39565,12.40,8.00
2009.06.19 15:39:12.514,1.3956,1.3957,12.40,11.20
2009.06.19 15:39:12.864,1.3956,1.3957,17.20,11.20
2009.06.19 15:39:13.214,1.3956,1.3957,18.40,11.20
2009.06.19 15:39:13.774,1.3956,1.3957,19.80,11.20
2009.06.19 15:39:14.294,1.3956,1.3957,19.00,11.20
2009.06.19 15:39:14.414,1.3956,1.3957,18.40,11.20
2009.06.19 15:39:14.993,1.3956,1.3957,20.00,12.80
2009.06.19 15:39:15.633,1.3956,1.3957,21.60,12.80
2009.06.19 15:39:16.263,1.3956,1.3957,21.60,11.20
2009.06.19 15:39:17.343,1.3956,1.3957,21.40,11.20
2009.06.19 15:39:17.753,1.3956,1.3957,3.20,11.20
2009.06.19 15:39:17.993,1.39555,1.3956,7.20,11.20
2009.06.19 15:39:18.443,1.3956,1.39565,6.00,11.80
2009.06.19 15:39:22.082,1.3955,1.3956,26.40,3.20
2009.06.19 15:39:22.262,1.3955,1.3956,4.60,3.20
2009.06.19 15:39:23.542,1.3955,1.3956,4.60,4.80
2009.06.19 15:39:23.661,1.3955,1.3956,3.80,4.80
2009.06.19 15:39:27.890,1.3955,1.3956,4.60,4.80
2009.06.19 15:39:28.180,1.3955,1.3956,4.60,3.20
2009.06.19 15:39:32.000,1.3955,1.3956,29.80,3.20
2009.06.19 15:39:34.249,1.3955,1.3956,30.20,3.20
2009.06.19 15:39:34.359,1.3955,1.3956,30.60,3.20
2009.06.19 15:39:34.419,1.3955,1.3956,31.20,3.20
2009.06.19 15:39:34.709,1.3955,1.3956,25.60,3.20
2009.06.19 15:39:34.819,1.3955,1.3956,32.80,3.20
2009.06.19 15:39:35.658,1.3955,1.3956,27.20,3.20
2009.06.19 15:39:36.759,1.3955,1.3956,27.40,3.20
2009.06.19 15:39:36.818,1.3955,1.3956,28.20,3.20
2009.06.19 15:39:36.878,1.39555,1.3956,8.00,3.20
2009.06.19 15:39:37.108,1.3956,1.39565,3.20,8.00
2009.06.19 15:39:37.218,1.3956,1.3957,3.20,11.00
2009.06.19 15:39:37.628,1.3956,1.3957,3.20,19.00
2009.06.19 15:39:41.367,1.39565,1.3957,4.20,11.00
2009.06.19 15:39:41.657,1.39565,1.3957,12.20,11.00
2009.06.19 15:39:42.587,1.39565,1.3957,11.60,19.00
2009.06.19 15:39:42.697,1.3956,1.3957,3.20,19.00
2009.06.19 15:39:43.267,1.3956,1.3957,4.00,11.20
2009.06.19 15:39:43.597,1.3956,1.3957,4.00,3.20
2009.06.19 15:39:44.056,1.3956,1.3957,3.20,12.80
2009.06.19 15:39:45.346,1.39555,1.3957,9.40,12.80
2009.06.19 15:39:45.626,1.39565,1.3957,1.40,3.20
2009.06.19 15:39:45.916,1.3957,1.39575,1.00,1.60
2009.06.19 15:39:46.316,1.39565,1.3958,24.80,11.00
2009.06.19 15:39:46.596,1.39565,1.3958,27.80,11.00
2009.06.19 15:39:47.046,1.39565,1.3958,19.80,19.00
2009.06.19 15:39:47.696,1.39565,1.39585,37.20,21.00
2009.06.19 15:39:48.225,1.39565,1.39585,48.40,16.20
2009.06.19 15:39:49.305,1.39565,1.39585,44.40,15.80
2009.06.19 15:39:51.965,1.3957,1.39585,15.60,15.80
2009.06.19 15:39:54.154,1.39585,1.396,9.00,17.40
2009.06.19 15:39:54.494,1.3959,1.396,5.00,8.00
2009.06.19 15:39:55.314,1.39595,1.39605,1.00,19.00
2009.06.19 15:39:55.774,1.39595,1.39605,8.60,6.00
2009.06.19 15:39:56.004,1.39595,1.3961,9.20,17.80
2009.06.19 15:39:56.354,1.39605,1.3961,6.40,9.80
2009.06.19 15:39:56.694,1.3961,1.3962,5.80,4.80
2009.06.19 15:39:56.935,1.3961,1.3962,3.20,4.80
2009.06.19 15:39:57.273,1.3961,1.3962,6.40,4.80
2009.06.19 15:39:57.513,1.3961,1.3962,7.40,4.80
2009.06.19 15:39:57.873,1.3961,1.39615,3.20,4.10
2009.06.19 15:39:58.393,1.3961,1.39615,1.60,3.20
2009.06.19 15:39:58.683,1.3961,1.3962,3.40,8.60
2009.06.19 15:39:59.083,1.3962,1.39625,5.60,12.80
2009.06.19 15:39:59.443,1.3961,1.39615,7.00,4.80
2009.06.19 15:39:59.903,1.39625,1.3963,1.60,22.20
2009.06.19 15:40:00.483,1.39625,1.3963,1.60,19.00
2009.06.19 15:40:00.843,1.3963,1.39635,3.20,18.20
2009.06.19 15:40:01.084,1.3963,1.39635,1.00,20.60
2009.06.19 15:40:01.663,1.3962,1.39625,3.80,3.20
2009.06.19 15:40:01.962,1.39615,1.3962,3.60,3.20
2009.06.19 15:40:02.542,1.39615,1.3962,1.00,3.20
2009.06.19 15:40:02.882,1.39615,1.39625,4.60,8.60
2009.06.19 15:40:03.622,1.39615,1.39625,4.00,8.60
2009.06.19 15:40:04.012,1.39615,1.39625,3.40,8.60
2009.06.19 15:40:04.292,1.3961,1.39625,10.20,7.80
2009.06.19 15:40:05.112,1.3961,1.3963,10.20,22.20
2009.06.19 15:40:05.701,1.3961,1.3963,10.20,25.40
2009.06.19 15:40:06.151,1.3961,1.39625,15.80,19.00
2009.06.19 15:40:06.511,1.3961,1.39625,3.20,19.00
2009.06.19 15:40:06.931,1.39605,1.39625,6.40,20.00
2009.06.19 15:40:07.451,1.396,1.39615,10.20,1.60
2009.06.19 15:40:10.080,1.3961,1.3962,3.20,38.20
2009.06.19 15:40:10.190,1.3961,1.3962,3.20,31.80
2009.06.19 15:40:10.590,1.3961,1.3962,3.20,12.80
2009.06.19 15:40:10.870,1.3961,1.3962,3.20,4.80
2009.06.19 15:40:11.830,1.3961,1.3962,8.00,4.80
2009.06.19 15:40:12.180,1.3961,1.39625,15.00,7.80
2009.06.19 15:40:12.520,1.3961,1.3963,10.20,22.60
2009.06.19 15:40:12.870,1.39615,1.3963,4.20,22.60
2009.06.19 15:40:13.289,1.39615,1.39635,3.40,27.60
2009.06.19 15:40:13.739,1.3962,1.39635,3.20,23.40
2009.06.19 15:40:14.139,1.3962,1.39635,3.20,23.40
2009.06.19 15:40:14.359,1.3962,1.39635,3.20,23.60
2009.06.19 15:40:14.689,1.3962,1.39635,8.00,23.60
2009.06.19 15:40:15.039,1.3962,1.39635,3.20,25.20
2009.06.19 15:40:15.609,1.3962,1.3963,3.20,3.20
2009.06.19 15:40:16.139,1.3962,1.39635,17.60,15.80
2009.06.19 15:40:16.899,1.3963,1.3964,4.20,12.80
2009.06.19 15:40:17.239,1.3964,1.3965,3.20,3.20
2009.06.19 15:40:17.509,1.3964,1.3965,3.80,3.20
2009.06.19 15:40:18.088,1.3965,1.39655,4.80,4.80
2009.06.19 15:40:18.489,1.3965,1.3966,17.00,3.20
2009.06.19 15:40:18.838,1.3965,1.3966,26.00,3.20
2009.06.19 15:40:19.188,1.3965,1.3966,6.00,3.20
2009.06.19 15:40:22.717,1.3966,1.3967,5.40,13.20
2009.06.19 15:40:23.127,1.3966,1.3967,5.00,24.20
2009.06.19 15:40:23.537,1.3965,1.3966,7.60,3.20
2009.06.19 15:40:23.977,1.3965,1.3966,6.00,3.20
2009.06.19 15:40:25.487,1.3965,1.3966,5.40,3.20
2009.06.19 15:40:26.306,1.3965,1.3966,7.60,24.40
2009.06.19 15:40:26.666,1.39645,1.3966,8.40,12.80
2009.06.19 15:40:27.056,1.39645,1.3966,16.40,12.80
2009.06.19 15:40:27.786,1.39645,1.3966,5.60,12.80
2009.06.19 15:40:27.946,1.39645,1.3966,4.40,12.80
2009.06.19 15:40:28.116,1.3965,1.3966,3.20,12.80
2009.06.19 15:40:28.336,1.3965,1.3966,3.20,4.80
2009.06.19 15:40:28.506,1.3965,1.3966,3.20,3.20
2009.06.19 15:40:29.896,1.3965,1.3966,3.20,11.20
2009.06.19 15:40:30.395,1.3965,1.3966,8.00,11.20
2009.06.19 15:40:31.475,1.3965,1.3966,8.00,12.80
2009.06.19 15:40:31.805,1.3965,1.3966,4.20,14.00
2009.06.19 15:40:32.145,1.39645,1.3965,10.80,3.20
2009.06.19 15:40:32.445,1.3964,1.3965,28.20,3.20
2009.06.19 15:40:32.925,1.3964,1.3965,27.40,3.20
2009.06.19 15:40:34.014,1.3964,1.3965,23.80,3.20
2009.06.19 15:40:34.314,1.3964,1.3965,23.00,3.20
2009.06.19 15:40:34.544,1.3964,1.3965,30.40,3.20
2009.06.19 15:40:34.784,1.39645,1.39655,3.20,10.80
2009.06.19 15:40:35.194,1.39645,1.3966,5.60,15.00
2009.06.19 15:40:35.374,1.39645,1.3966,16.40,15.00
2009.06.19 15:40:37.024,1.3965,1.3966,1.60,15.00
2009.06.19 15:40:37.424,1.3965,1.3966,3.20,15.00
2009.06.19 15:40:40.173,1.3965,1.3966,4.20,13.60
2009.06.19 15:40:40.353,1.3965,1.3966,11.20,4.80
2009.06.19 15:40:40.583,1.3965,1.3966,8.00,4.80
2009.06.19 15:40:40.923,1.3965,1.3966,3.20,15.00
2009.06.19 15:40:41.503,1.3965,1.3966,3.20,4.80
2009.06.19 15:40:41.673,1.3965,1.3966,11.20,4.80
2009.06.19 15:40:42.203,1.3965,1.3966,3.80,7.00
2009.06.19 15:40:42.553,1.3965,1.3966,3.20,6.00
2009.06.19 15:40:42.783,1.3965,1.3966,3.20,15.00
2009.06.19 15:40:43.702,1.3965,1.3966,3.20,12.80
2009.06.19 15:40:44.442,1.39655,1.3966,1.60,12.80
2009.06.19 15:40:44.672,1.3966,1.39665,4.80,1.60
2009.06.19 15:40:44.892,1.39655,1.3966,7.00,3.20
2009.06.19 15:40:45.242,1.3965,1.3966,11.20,4.80
2009.06.19 15:40:45.602,1.3965,1.39665,10.20,17.20
2009.06.19 15:40:45.832,1.3965,1.39665,10.20,14.00
2009.06.19 15:40:46.402,1.3965,1.39665,10.20,13.40
2009.06.19 15:40:47.321,1.3965,1.39665,10.20,14.00
2009.06.19 15:40:50.151,1.3965,1.3966,25.40,3.20
2009.06.19 15:40:50.551,1.3965,1.3966,19.00,3.20
2009.06.19 15:40:51.201,1.3965,1.3966,20.60,3.20
2009.06.19 15:40:51.550,1.3965,1.3966,21.40,3.20
2009.06.19 15:40:52.120,1.3965,1.3966,20.60,3.20
2009.06.19 15:40:52.240,1.39655,1.39665,4.20,10.40
2009.06.19 15:40:52.810,1.3965,1.39665,22.20,20.40
2009.06.19 15:40:53.210,1.39645,1.39665,10.20,19.80
2009.06.19 15:40:53.450,1.39645,1.39665,16.60,19.00
2009.06.19 15:40:55.009,1.39645,1.3966,13.40,3.20
2009.06.19 15:40:55.569,1.3964,1.3965,9.20,3.20
2009.06.19 15:40:55.859,1.3964,1.3965,7.60,3.20
2009.06.19 15:40:56.899,1.39645,1.3966,5.40,33.20
2009.06.19 15:40:57.689,1.3966,1.3967,1.60,23.30
2009.06.19 15:40:58.049,1.39655,1.39665,5.40,1.60
2009.06.19 15:40:58.329,1.39655,1.39665,4.80,1.60
2009.06.19 15:40:58.679,1.39655,1.39665,4.20,1.60
2009.06.19 15:40:59.378,1.39655,1.39665,4.20,9.60
2009.06.19 15:41:03.997,1.39665,1.3967,3.00,9.60
2009.06.19 15:41:04.407,1.39675,1.3968,1.60,19.00
2009.06.19 15:41:04.697,1.3968,1.39685,3.40,12.00
2009.06.19 15:41:04.997,1.3968,1.39685,6.80,9.60
2009.06.19 15:41:05.337,1.3967,1.3968,3.80,8.40
2009.06.19 15:41:05.917,1.39675,1.3968,1.00,3.20
2009.06.19 15:41:06.317,1.39675,1.3968,4.40,3.20
2009.06.19 15:41:06.587,1.39675,1.3968,6.00,3.20
2009.06.19 15:41:06.907,1.3967,1.3968,6.40,3.20
2009.06.19 15:41:07.207,1.3967,1.3968,1.60,4.80
2009.06.19 15:41:07.497,1.39665,1.3968,4.00,4.80
2009.06.19 15:41:08.256,1.39665,1.3967,21.40,3.20
2009.06.19 15:41:08.557,1.3968,1.39685,4.20,15.10
2009.06.19 15:41:09.066,1.3967,1.3968,19.20,4.00
2009.06.19 15:41:09.586,1.3967,1.3968,9.60,12.80
2009.06.19 15:41:10.036,1.3967,1.3968,8.40,1.60
2009.06.19 15:41:10.316,1.39675,1.3968,5.20,1.60
2009.06.19 15:41:10.616,1.3968,1.3969,5.40,5.60
2009.06.19 15:41:11.126,1.3968,1.39695,2.20,10.30
2009.06.19 15:41:11.426,1.3968,1.3969,8.00,3.20
2009.06.19 15:41:11.756,1.39675,1.3968,6.60,1.60
2009.06.19 15:41:12.275,1.3968,1.3969,2.40,5.60
2009.06.19 15:41:12.505,1.39675,1.3968,9.20,1.60
2009.06.19 15:41:12.975,1.3969,1.397,1.20,14.30
2009.06.19 15:41:13.376,1.39685,1.39695,4.00,8.00
2009.06.19 15:41:13.785,1.39675,1.3968,14.00,1.60
2009.06.19 15:41:15.174,1.39675,1.3968,13.60,1.60
2009.06.19 15:41:15.754,1.39675,1.3968,4.20,12.80
2009.06.19 15:41:16.055,1.39675,1.3968,5.50,1.60
2009.06.19 15:41:16.574,1.39675,1.3968,9.10,1.60
2009.06.19 15:41:17.145,1.39675,1.3968,12.30,1.60
2009.06.19 15:41:17.434,1.3968,1.3969,7.00,7.20
2009.06.19 15:41:17.724,1.3968,1.3969,3.20,11.20
2009.06.19 15:41:18.064,1.3968,1.3969,3.20,3.20
2009.06.19 15:41:18.534,1.3968,1.3969,3.20,11.20
2009.06.19 15:41:19.014,1.3968,1.3969,8.20,7.20
2009.06.19 15:41:19.434,1.39675,1.3968,7.10,1.60
2009.06.19 15:41:20.203,1.3968,1.3969,3.80,3.20
2009.06.19 15:41:20.883,1.3968,1.39695,7.40,13.40
2009.06.19 15:41:21.273,1.3968,1.39695,10.40,8.60
2009.06.19 15:41:21.693,1.3969,1.39695,1.00,9.60
2009.06.19 15:41:22.153,1.3969,1.39695,1.00,8.00
2009.06.19 15:41:22.433,1.3969,1.397,1.00,17.40
2009.06.19 15:41:22.723,1.3969,1.397,1.00,17.40
2009.06.19 15:41:23.173,1.3969,1.397,1.00,17.40
2009.06.19 15:41:23.343,1.3969,1.39695,1.60,8.00
2009.06.19 15:41:23.702,1.3969,1.397,2.20,17.40
2009.06.19 15:41:23.923,1.3969,1.397,3.20,17.40
2009.06.19 15:41:24.282,1.3969,1.397,3.20,13.00
2009.06.19 15:41:24.562,1.3969,1.39695,2.40,4.40
2009.06.19 15:41:24.912,1.39685,1.397,4.00,17.40
2009.06.19 15:41:25.712,1.39685,1.397,4.00,17.40
2009.06.19 15:41:26.012,1.39685,1.397,4.20,17.40
2009.06.19 15:41:27.222,1.39685,1.397,4.80,17.40
2009.06.19 15:41:27.572,1.39685,1.397,5.20,17.40
2009.06.19 15:41:27.752,1.3969,1.397,3.20,17.40
2009.06.19 15:41:29.511,1.3969,1.397,3.20,11.20
2009.06.19 15:41:31.231,1.3969,1.397,3.20,3.20
2009.06.19 15:41:31.970,1.3969,1.397,3.20,11.20
2009.06.19 15:41:32.370,1.3969,1.397,6.00,11.20
2009.06.19 15:41:32.701,1.39705,1.39715,9.20,15.10
2009.06.19 15:41:33.041,1.39705,1.39715,8.20,14.20
2009.06.19 15:41:33.570,1.3971,1.3972,3.20,17.40
2009.06.19 15:41:33.960,1.39705,1.39715,9.20,3.20
2009.06.19 15:41:34.730,1.39705,1.3972,5.60,10.80
2009.06.19 15:41:35.190,1.397,1.3971,29.80,3.20
2009.06.19 15:41:35.590,1.397,1.3971,3.80,3.20
2009.06.19 15:41:36.000,1.397,1.3971,28.20,3.20
2009.06.19 15:41:36.440,1.39705,1.3972,1.00,10.80
2009.06.19 15:41:36.849,1.39705,1.39715,1.00,6.20
2009.06.19 15:41:37.249,1.397,1.3971,3.80,3.20
2009.06.19 15:41:37.429,1.397,1.3971,13.80,10.50
2009.06.19 15:41:37.659,1.397,1.3971,13.40,10.30
2009.06.19 15:41:38.059,1.397,1.3971,2.60,14.30
2009.06.19 15:41:38.409,1.397,1.3971,4.20,12.40
2009.06.19 15:41:38.759,1.397,1.3971,4.00,4.40
2009.06.19 15:41:39.219,1.397,1.3971,4.20,12.40
2009.06.19 15:41:39.679,1.39695,1.3971,2.40,18.80
2009.06.19 15:41:40.019,1.3969,1.397,46.20,1.20
2009.06.19 15:41:40.319,1.3969,1.397,30.60,3.20
2009.06.19 15:41:40.888,1.3969,1.397,29.40,3.20
2009.06.19 15:41:41.238,1.3969,1.397,20.80,3.20
2009.06.19 15:41:41.708,1.3969,1.397,3.20,3.20
2009.06.19 15:41:43.298,1.3969,1.397,3.40,10.80
2009.06.19 15:41:43.698,1.39685,1.397,3.60,10.80
2009.06.19 15:41:43.988,1.39685,1.397,4.20,18.80
2009.06.19 15:41:44.447,1.3969,1.397,3.20,18.80
2009.06.19 15:41:44.737,1.3969,1.397,3.20,9.40
2009.06.19 15:41:45.008,1.3969,1.39695,18.40,2.40
2009.06.19 15:41:45.457,1.39695,1.397,1.20,2.60
2009.06.19 15:41:45.907,1.3969,1.39705,8.40,6.20
2009.06.19 15:41:46.258,1.3969,1.397,3.20,3.20
2009.06.19 15:41:46.597,1.3968,1.3969,6.80,3.20
2009.06.19 15:41:46.927,1.39685,1.3969,4.20,8.00
2009.06.19 15:41:47.487,1.39685,1.397,4.20,18.80
2009.06.19 15:41:48.347,1.39685,1.397,1.20,18.80
2009.06.19 15:41:48.867,1.3968,1.39695,7.80,14.20
2009.06.19 15:41:49.156,1.3968,1.3969,3.20,3.20
2009.06.19 15:41:52.215,1.3968,1.3969,3.20,9.40
2009.06.19 15:41:52.786,1.3968,1.39695,6.20,14.20
2009.06.19 15:41:53.485,1.3968,1.39695,6.20,15.60
2009.06.19 15:41:54.005,1.3968,1.39695,6.80,15.60
2009.06.19 15:41:55.995,1.3968,1.3969,3.20,3.20
2009.06.19 15:41:56.405,1.3968,1.39685,3.20,4.40
2009.06.19 15:41:57.035,1.3968,1.3969,3.20,3.20
2009.06.19 15:42:00.644,1.3967,1.39675,3.20,1.20
2009.06.19 15:42:00.754,1.3967,1.39675,3.20,4.40
2009.06.19 15:42:01.384,1.3968,1.39685,1.00,24.40
2009.06.19 15:42:01.554,1.39675,1.3968,3.00,3.20
2009.06.19 15:42:01.724,1.39675,1.3968,3.50,4.40
2009.06.19 15:42:02.084,1.39675,1.3968,2.20,4.40
2009.06.19 15:42:02.503,1.3968,1.39685,1.00,6.40
2009.06.19 15:42:03.093,1.3968,1.39685,1.00,6.40
2009.06.19 15:42:03.483,1.39675,1.3968,1.60,4.40
2009.06.19 15:42:03.713,1.39675,1.3968,2.00,4.40
2009.06.19 15:42:03.933,1.39675,1.3968,2.20,4.40
2009.06.19 15:42:04.613,1.39675,1.3968,1.80,4.40
2009.06.19 15:42:04.903,1.39675,1.3968,1.60,4.40
2009.06.19 15:42:05.982,1.39675,1.3968,11.40,4.40
2009.06.19 15:42:06.262,1.39675,1.3968,13.20,4.40
2009.06.19 15:42:06.502,1.39675,1.3968,4.80,3.20
2009.06.19 15:42:06.972,1.3967,1.3968,3.20,3.20
2009.06.19 15:42:08.082,1.3967,1.39675,11.00,10.30
2009.06.19 15:42:08.422,1.3967,1.39675,11.20,14.20
2009.06.19 15:42:08.822,1.39665,1.3967,17.00,4.40
2009.06.19 15:42:09.152,1.39665,1.3967,9.00,4.40
2009.06.19 15:42:09.502,1.39665,1.3967,9.00,4.40
2009.06.19 15:42:09.961,1.3967,1.39675,8.40,7.60
2009.06.19 15:42:10.481,1.3967,1.39675,8.40,4.40
2009.06.19 15:42:10.941,1.3967,1.39675,10.00,4.40
2009.06.19 15:42:11.231,1.39665,1.3968,13.80,9.40
2009.06.19 15:42:11.651,1.39665,1.3968,8.80,17.40
2009.06.19 15:42:11.861,1.39665,1.3968,9.00,17.40
2009.06.19 15:42:13.751,1.3967,1.39675,3.00,7.60
2009.06.19 15:42:13.981,1.3967,1.39675,3.20,7.60
2009.06.19 15:42:14.450,1.3967,1.39675,3.80,4.40
2009.06.19 15:42:14.980,1.3967,1.39675,3.20,4.40
2009.06.19 15:42:15.990,1.3967,1.39675,3.20,4.80
2009.06.19 15:42:16.050,1.3967,1.39675,3.20,6.00
2009.06.19 15:42:16.900,1.3967,1.39675,3.20,4.40
2009.06.19 15:42:18.389,1.39665,1.3968,6.20,17.40
2009.06.19 15:42:18.619,1.39665,1.3968,25.80,17.40
2009.06.19 15:42:18.899,1.39665,1.3968,3.80,17.40
2009.06.19 15:42:21.169,1.39665,1.3968,3.80,17.40
2009.06.19 15:42:21.219,1.3967,1.39675,3.20,12.40
2009.06.19 15:42:21.279,1.3967,1.39675,3.20,4.40
2009.06.19 15:42:22.928,1.39665,1.3967,35.80,3.20
2009.06.19 15:42:23.259,1.3966,1.3967,3.20,3.20
2009.06.19 15:42:23.488,1.3966,1.3967,3.80,3.20
2009.06.19 15:42:24.408,1.3966,1.3967,3.20,3.20
2009.06.19 15:42:24.978,1.39655,1.3966,8.00,3.20
2009.06.19 15:42:25.158,1.3966,1.39665,1.20,3.80
2009.06.19 15:42:25.748,1.39665,1.3967,3.20,3.20
2009.06.19 15:42:26.138,1.3966,1.39665,3.80,4.40
2009.06.19 15:42:26.647,1.3966,1.39665,13.00,4.40
2009.06.19 15:42:30.427,1.3966,1.3967,3.80,3.20
2009.06.19 15:42:30.876,1.3966,1.39665,1.00,4.40
2009.06.19 15:42:31.346,1.39655,1.39665,9.80,4.40
2009.06.19 15:42:31.636,1.39655,1.39665,1.00,4.40
2009.06.19 15:42:35.455,1.39665,1.3967,3.20,11.20
2009.06.19 15:42:40.104,1.3966,1.3967,3.20,3.20
2009.06.19 15:42:40.904,1.3966,1.39665,6.00,4.40
2009.06.19 15:42:41.314,1.3966,1.39665,1.20,4.40
2009.06.19 15:42:41.434,1.39655,1.39665,1.00,4.40
2009.06.19 15:42:42.274,1.3966,1.39665,3.20,1.20
2009.06.19 15:42:42.504,1.3966,1.3967,3.80,14.40
2009.06.19 15:42:42.623,1.3966,1.39675,6.80,14.20
2009.06.19 15:42:42.913,1.39665,1.39675,3.20,8.00
2009.06.19 15:42:43.023,1.39665,1.3968,3.80,10.80
2009.06.19 15:42:43.733,1.39665,1.39675,3.80,6.20
2009.06.19 15:42:43.903,1.3966,1.39675,7.00,6.20
2009.06.19 15:42:44.533,1.39665,1.39675,3.80,6.20
2009.06.19 15:42:45.443,1.39665,1.3967,3.20,3.20
2009.06.19 15:42:45.663,1.3966,1.39665,6.60,4.40
2009.06.19 15:42:46.123,1.3966,1.39665,6.00,4.40
2009.06.19 15:42:46.182,1.3966,1.39665,6.60,4.40
2009.06.19 15:42:46.522,1.3966,1.39665,6.00,4.40
2009.06.19 15:42:46.742,1.3966,1.39665,1.20,4.40
2009.06.19 15:42:46.802,1.39655,1.39665,11.40,4.40
2009.06.19 15:42:46.922,1.3966,1.39665,1.00,4.40
2009.06.19 15:42:47.382,1.39655,1.3966,10.40,3.20
2009.06.19 15:42:47.612,1.3966,1.3967,3.20,12.80
2009.06.19 15:42:47.912,1.3966,1.3967,3.80,4.80
2009.06.19 15:42:48.352,1.3966,1.3967,3.80,3.20
2009.06.19 15:42:48.632,1.39665,1.3967,5.00,3.20
2009.06.19 15:42:49.042,1.39665,1.3967,8.20,3.20
2009.06.19 15:42:49.272,1.39665,1.3967,7.60,3.20
2009.06.19 15:42:50.991,1.39665,1.3967,3.20,3.20
2009.06.19 15:42:51.582,1.39665,1.3967,3.20,1.20
2009.06.19 15:42:51.931,1.39665,1.3968,3.20,20.40
2009.06.19 15:42:52.271,1.3966,1.3967,3.80,3.20
2009.06.19 15:42:53.771,1.39665,1.39675,3.20,8.00
2009.06.19 15:42:54.181,1.39665,1.3968,3.20,18.80
2009.06.19 15:42:54.411,1.39665,1.39675,3.20,4.40
2009.06.19 15:42:54.471,1.39665,1.3968,11.20,10.80
2009.06.19 15:42:54.931,1.3966,1.3967,3.80,3.20
2009.06.19 15:42:55.621,1.39655,1.3966,9.60,1.60
2009.06.19 15:42:56.130,1.3965,1.39665,3.80,14.20
2009.06.19 15:42:56.480,1.39645,1.3965,14.50,2.40
2009.06.19 15:42:56.820,1.39645,1.3965,8.60,6.60
2009.06.19 15:42:57.170,1.39645,1.3965,1.00,6.60
2009.06.19 15:42:58.090,1.3964,1.3965,32.20,3.20
2009.06.19 15:42:58.420,1.3964,1.3965,38.60,3.20
2009.06.19 15:42:58.540,1.3964,1.3965,37.40,3.20
2009.06.19 15:42:58.939,1.3964,1.3965,36.80,3.20
2009.06.19 15:42:59.099,1.3964,1.3965,35.40,3.20
2009.06.19 15:42:59.380,1.3964,1.3965,34.40,3.20
2009.06.19 15:42:59.670,1.3964,1.3965,34.60,3.20
2009.06.19 15:43:00.299,1.3964,1.3965,26.60,3.20
2009.06.19 15:43:00.539,1.3964,1.3965,3.80,3.20
2009.06.19 15:43:01.779,1.39635,1.3964,36.50,3.20
2009.06.19 15:43:02.009,1.3964,1.39645,9.60,7.20
2009.06.19 15:43:02.299,1.39635,1.3964,6.00,3.20
2009.06.19 15:43:02.659,1.39635,1.39645,6.00,13.00
2009.06.19 15:43:03.099,1.39635,1.3964,6.00,6.80
2009.06.19 15:43:04.068,1.3964,1.3965,3.20,17.40
2009.06.19 15:43:04.818,1.39635,1.3965,3.60,17.40
2009.06.19 15:43:05.258,1.3963,1.39645,6.20,24.20
2009.06.19 15:43:05.668,1.3963,1.3964,7.00,3.20
2009.06.19 15:43:06.228,1.3963,1.39645,6.20,19.40
2009.06.19 15:43:06.908,1.3963,1.39645,47.40,13.00
2009.06.19 15:43:07.198,1.3964,1.39645,3.20,12.60
2009.06.19 15:43:07.428,1.39635,1.3964,4.70,2.40
2009.06.19 15:43:07.548,1.3964,1.3965,3.20,17.40
2009.06.19 15:43:08.637,1.3964,1.3965,3.20,11.20
2009.06.19 15:43:08.757,1.3964,1.3965,3.20,3.20
2009.06.19 15:43:12.237,1.39635,1.3965,1.00,18.80
2009.06.19 15:43:12.796,1.3963,1.39645,35.80,8.00
2009.06.19 15:43:13.016,1.3963,1.39645,33.40,8.00
2009.06.19 15:43:13.426,1.3963,1.39645,25.40,8.00
2009.06.19 15:43:15.496,1.3963,1.39645,25.20,8.00
2009.06.19 15:43:16.255,1.3963,1.39645,26.00,12.00
2009.06.19 15:43:17.126,1.3963,1.39645,30.80,12.00
2009.06.19 15:43:17.545,1.3963,1.39645,28.80,12.00
2009.06.19 15:43:17.665,1.3963,1.39645,28.80,8.00
2009.06.19 15:43:17.775,1.39635,1.39645,1.00,8.00
2009.06.19 15:43:18.255,1.3964,1.39645,3.20,5.20
2009.06.19 15:43:18.485,1.3964,1.3965,3.20,11.20
2009.06.19 15:43:18.605,1.3964,1.3965,3.20,3.20
2009.06.19 15:43:19.635,1.3964,1.3965,3.20,3.20
2009.06.19 15:43:20.474,1.3964,1.3965,3.80,3.20
2009.06.19 15:43:21.214,1.3964,1.3965,3.20,3.20
2009.06.19 15:43:21.794,1.39635,1.3964,3.20,1.20
2009.06.19 15:43:22.264,1.39635,1.3964,11.40,1.20
2009.06.19 15:43:25.023,1.39635,1.3964,21.00,1.20
2009.06.19 15:43:25.313,1.39635,1.3965,25.40,3.20
2009.06.19 15:43:25.753,1.3965,1.39655,3.20,11.80
2009.06.19 15:43:26.243,1.39645,1.3965,8.60,1.20
2009.06.19 15:43:26.593,1.3964,1.3965,29.40,1.20
2009.06.19 15:43:26.763,1.3964,1.3965,27.00,1.20
2009.06.19 15:43:27.393,1.3964,1.39655,27.00,6.40
2009.06.19 15:43:28.093,1.3964,1.39655,27.00,4.40
2009.06.19 15:43:28.202,1.3964,1.39655,28.60,4.40
2009.06.19 15:43:28.263,1.3964,1.39655,29.40,4.40
2009.06.19 15:43:30.992,1.3964,1.3965,3.80,3.20
2009.06.19 15:43:40.420,1.3964,1.3965,4.80,3.20
2009.06.19 15:43:40.690,1.3964,1.39655,4.80,15.60
2009.06.19 15:43:40.990,1.3964,1.39655,3.20,14.20
2009.06.19 15:43:41.450,1.3964,1.39655,3.80,14.20
2009.06.19 15:43:41.859,1.3964,1.39655,3.80,6.20
2009.06.19 15:43:42.199,1.3964,1.39655,3.80,14.20
2009.06.19 15:43:44.119,1.3964,1.39655,23.80,8.00
2009.06.19 15:43:44.169,1.39645,1.39655,4.20,8.00
2009.06.19 15:43:44.289,1.3965,1.39655,3.20,8.00
2009.06.19 15:43:44.639,1.3965,1.3966,3.20,17.40
2009.06.19 15:43:44.868,1.3965,1.3966,3.20,9.40
2009.06.19 15:43:45.398,1.3965,1.3966,3.20,3.20
2009.06.19 15:43:46.688,1.3965,1.3966,3.80,19.40
2009.06.19 15:43:47.069,1.39655,1.39665,3.20,6.20
2009.06.19 15:43:47.368,1.39655,1.3967,3.80,15.80
2009.06.19 15:43:47.488,1.39655,1.3967,3.80,14.20
2009.06.19 15:43:47.788,1.39655,1.3967,3.20,14.20
2009.06.19 15:43:48.538,1.3966,1.3967,3.20,14.20
2009.06.19 15:43:52.996,1.3965,1.39665,23.80,8.00
2009.06.19 15:43:53.577,1.3965,1.39665,23.80,4.40
2009.06.19 15:43:54.226,1.3965,1.39665,20.60,4.40
2009.06.19 15:43:54.466,1.3965,1.3966,6.40,1.00
2009.06.19 15:43:54.706,1.3966,1.3967,3.20,9.40
2009.06.19 15:43:54.936,1.3966,1.3967,3.20,3.20
2009.06.19 15:43:55.226,1.3966,1.3967,3.20,11.20
2009.06.19 15:43:55.626,1.3966,1.3967,3.20,3.20
2009.06.19 15:43:56.156,1.39655,1.39665,1.00,9.20
2009.06.19 15:43:56.486,1.3965,1.3966,16.20,4.40
2009.06.19 15:43:56.906,1.3965,1.3966,14.60,4.40
2009.06.19 15:43:57.135,1.3965,1.3966,3.80,4.40
2009.06.19 15:43:58.265,1.3965,1.3966,4.40,4.40
2009.06.19 15:43:58.495,1.3965,1.3966,3.80,4.40
2009.06.19 15:44:02.414,1.3965,1.3966,14.60,1.20
2009.06.19 15:44:02.645,1.3965,1.3966,25.00,1.20
2009.06.19 15:44:02.814,1.3965,1.3966,19.40,4.40
2009.06.19 15:44:03.224,1.3965,1.3966,3.80,4.40
2009.06.19 15:44:04.804,1.39645,1.39655,1.00,4.40
2009.06.19 15:44:06.633,1.3965,1.3966,3.20,3.20
2009.06.19 15:44:07.743,1.3965,1.3966,3.20,3.20
2009.06.19 15:44:08.903,1.3965,1.3966,4.20,3.20
2009.06.19 15:44:09.573,1.3965,1.3966,4.20,11.20
2009.06.19 15:44:09.803,1.3965,1.3966,1.20,3.20
2009.06.19 15:44:10.212,1.39645,1.39655,5.00,4.40
2009.06.19 15:44:10.583,1.39645,1.39655,11.40,4.40
2009.06.19 15:44:10.872,1.39645,1.39655,1.00,4.40
2009.06.19 15:44:11.382,1.39645,1.39655,3.80,4.40
2009.06.19 15:44:12.432,1.39645,1.39655,13.00,4.40
2009.06.19 15:44:12.772,1.39645,1.39655,3.80,4.40
2009.06.19 15:44:16.471,1.3964,1.3965,17.60,11.20
2009.06.19 15:44:16.691,1.3964,1.3965,14.40,11.20
2009.06.19 15:44:16.981,1.39635,1.3965,9.60,11.20
2009.06.19 15:44:17.081,1.39635,1.3965,12.00,11.20
2009.06.19 15:44:19.680,1.39635,1.3965,13.60,11.20
2009.06.19 15:44:20.150,1.39635,1.3965,12.00,11.20
2009.06.19 15:44:20.380,1.39635,1.3965,1.60,11.20
2009.06.19 15:44:21.080,1.39635,1.3965,13.60,11.20
2009.06.19 15:44:21.480,1.39635,1.3965,12.00,11.20
2009.06.19 15:44:23.989,1.3964,1.3965,3.80,4.40
2009.06.19 15:44:24.339,1.3964,1.3965,14.60,4.40
2009.06.19 15:44:28.378,1.3964,1.3965,11.40,3.20
2009.06.19 15:44:28.548,1.39635,1.3965,13.60,11.20
2009.06.19 15:44:28.848,1.3964,1.3965,1.00,3.20
2009.06.19 15:44:29.228,1.39635,1.3965,20.00,11.20
2009.06.19 15:44:29.568,1.39635,1.3965,12.00,3.20
2009.06.19 15:44:30.768,1.3964,1.3965,1.00,3.20
2009.06.19 15:44:31.108,1.3964,1.3965,3.80,3.20
2009.06.19 15:44:31.807,1.3964,1.3965,10.80,3.20
2009.06.19 15:44:32.207,1.39635,1.3965,12.00,3.20
2009.06.19 15:44:32.557,1.3964,1.3965,1.00,3.20
2009.06.19 15:44:33.157,1.3964,1.3965,8.60,3.20
2009.06.19 15:44:33.507,1.3964,1.3965,11.40,3.20
2009.06.19 15:44:34.357,1.3964,1.3965,8.60,3.20
2009.06.19 15:44:34.837,1.3964,1.3965,1.00,3.20
2009.06.19 15:44:36.866,1.3964,1.39655,3.80,23.80
2009.06.19 15:44:37.316,1.3964,1.3965,3.80,26.80
2009.06.19 15:44:37.376,1.3964,1.3965,3.20,4.40
2009.06.19 15:44:37.716,1.3964,1.3965,3.80,4.40
2009.06.19 15:44:38.006,1.3964,1.3965,3.80,4.40
2009.06.19 15:44:38.296,1.3964,1.39645,3.80,2.40
2009.06.19 15:44:38.516,1.3964,1.39645,1.00,2.40
2009.06.19 15:44:38.866,1.39635,1.39645,1.60,2.40
2009.06.19 15:44:40.745,1.39635,1.39645,5.80,2.40
2009.06.19 15:44:41.445,1.39635,1.39645,5.80,2.40
2009.06.19 15:44:41.675,1.39635,1.39645,5.20,2.40
2009.06.19 15:44:42.325,1.39635,1.39645,5.80,2.40
2009.06.19 15:44:48.283,1.39635,1.39645,16.20,2.40
2009.06.19 15:44:48.753,1.39635,1.39645,16.20,4.20
2009.06.19 15:44:48.813,1.39635,1.39645,16.20,5.20
2009.06.19 15:44:48.863,1.39635,1.39645,16.20,4.40
2009.06.19 15:44:48.983,1.39635,1.3964,16.80,1.60
2009.06.19 15:44:49.214,1.39635,1.3964,13.60,1.60
2009.06.19 15:44:49.503,1.39635,1.3964,1.00,12.40
2009.06.19 15:44:49.793,1.39625,1.3964,7.20,12.40
2009.06.19 15:44:50.143,1.39625,1.3964,4.80,11.00
2009.06.19 15:44:50.783,1.39625,1.39635,1.60,6.20
2009.06.19 15:44:51.133,1.3962,1.3963,18.20,3.20
2009.06.19 15:44:51.422,1.3962,1.3963,18.80,3.20
2009.06.19 15:44:51.822,1.3962,1.3963,26.80,3.20
2009.06.19 15:44:54.302,1.39625,1.3964,5.60,19.00
2009.06.19 15:44:56.391,1.39625,1.3964,5.60,20.40
2009.06.19 15:44:56.901,1.39625,1.3964,5.60,19.00
2009.06.19 15:44:58.001,1.39625,1.3964,7.20,19.00
2009.06.19 15:44:58.121,1.39625,1.3964,18.00,19.00
2009.06.19 15:45:03.080,1.39625,1.3964,4.80,20.40
2009.06.19 15:45:03.320,1.39625,1.39635,1.00,8.00
2009.06.19 15:45:03.610,1.39625,1.39635,1.60,8.00
2009.06.19 15:45:03.839,1.39625,1.39635,4.80,8.00
2009.06.19 15:45:04.120,1.39625,1.39635,4.20,8.00
2009.06.19 15:45:04.349,1.3962,1.39635,32.60,8.00
2009.06.19 15:45:04.929,1.3962,1.39635,34.00,8.00
2009.06.19 15:45:05.109,1.3962,1.39635,36.40,8.00
2009.06.19 15:45:05.609,1.39625,1.3964,3.20,18.80
2009.06.19 15:45:06.009,1.3962,1.3964,23.80,18.80
2009.06.19 15:45:07.059,1.39625,1.3964,3.20,18.80
2009.06.19 15:45:10.418,1.39625,1.3964,4.40,18.80
2009.06.19 15:45:10.648,1.39625,1.3964,13.00,18.80
2009.06.19 15:45:11.558,1.3963,1.39645,15.80,9.60
2009.06.19 15:45:12.078,1.39635,1.3964,1.00,6.20
2009.06.19 15:45:12.437,1.39625,1.3964,3.80,17.40
2009.06.19 15:45:12.787,1.3963,1.3964,3.80,6.20
2009.06.19 15:45:13.017,1.3963,1.3964,3.20,6.20
2009.06.19 15:45:13.697,1.3963,1.39645,3.20,15.60
2009.06.19 15:45:14.277,1.3963,1.39645,3.80,15.60
2009.06.19 15:45:15.377,1.39635,1.39645,1.60,8.00
2009.06.19 15:45:15.617,1.39635,1.3965,1.60,18.80
2009.06.19 15:45:18.236,1.3963,1.39645,8.60,14.20
2009.06.19 15:45:20.196,1.39635,1.39645,4.20,8.00
2009.06.19 15:45:21.146,1.39635,1.3965,4.20,18.80
2009.06.19 15:45:21.715,1.39635,1.3965,7.40,18.80
2009.06.19 15:45:22.575,1.39635,1.3965,7.40,17.40
2009.06.19 15:45:22.975,1.39635,1.39645,7.40,8.00
2009.06.19 15:45:24.005,1.3963,1.39645,29.40,8.00
2009.06.19 15:45:24.405,1.3963,1.39645,34.20,8.00
2009.06.19 15:45:24.764,1.3964,1.39645,3.20,8.00
2009.06.19 15:45:25.315,1.39645,1.39655,3.00,14.20
2009.06.19 15:45:25.605,1.3964,1.39655,3.80,15.60
2009.06.19 15:45:26.074,1.3964,1.3965,3.80,4.40
2009.06.19 15:45:26.414,1.3964,1.39655,3.80,7.60
2009.06.19 15:45:26.704,1.3964,1.39655,3.80,15.60
2009.06.19 15:45:27.524,1.3964,1.39655,11.20,8.00
2009.06.19 15:45:27.754,1.39645,1.3966,1.60,20.40
2009.06.19 15:45:27.874,1.39645,1.3966,3.20,20.40
2009.06.19 15:45:28.104,1.3964,1.3966,23.80,18.80
2009.06.19 15:45:28.284,1.3964,1.3965,3.80,3.20
2009.06.19 15:45:28.684,1.3964,1.3965,3.20,3.20
2009.06.19 15:45:31.073,1.39635,1.3965,3.60,12.40
2009.06.19 15:45:31.613,1.39635,1.3965,3.80,10.80
2009.06.19 15:45:32.432,1.3964,1.3965,3.20,10.80
2009.06.19 15:45:32.543,1.3964,1.39645,3.20,1.20
2009.06.19 15:45:32.782,1.3964,1.3965,3.20,3.20
2009.06.19 15:45:32.952,1.3964,1.3965,3.80,3.20
2009.06.19 15:45:35.712,1.3964,1.3965,3.20,3.20
2009.06.19 15:45:38.161,1.39645,1.3965,3.20,3.20
2009.06.19 15:45:38.681,1.3965,1.3966,3.20,17.40
2009.06.19 15:45:39.023,1.3966,1.39665,3.20,12.80
2009.06.19 15:45:39.371,1.3966,1.3967,3.20,13.60
2009.06.19 15:45:39.701,1.3966,1.3967,4.80,8.00
2009.06.19 15:45:40.051,1.39665,1.3968,3.20,18.80
2009.06.19 15:45:40.401,1.3966,1.39675,3.80,15.60
2009.06.19 15:45:41.141,1.3966,1.3968,8.60,18.80
2009.06.19 15:45:41.611,1.39665,1.3968,2.20,18.80
2009.06.19 15:45:41.850,1.39665,1.3968,3.80,18.80
2009.06.19 15:45:44.200,1.3967,1.3968,3.20,3.20
2009.06.19 15:45:45.240,1.3967,1.3968,3.80,3.20
2009.06.19 15:45:45.479,1.3967,1.3968,6.80,3.20
2009.06.19 15:45:45.959,1.3968,1.3969,3.20,17.80
2009.06.19 15:45:46.470,1.3968,1.3969,3.20,9.40
2009.06.19 15:45:46.589,1.3968,1.3969,3.20,3.20
2009.06.19 15:45:46.999,1.3968,1.3969,13.60,3.20
2009.06.19 15:45:47.289,1.39685,1.3969,1.60,12.40
2009.06.19 15:45:47.689,1.39685,1.397,3.20,18.80
2009.06.19 15:45:50.069,1.3969,1.397,1.20,9.40
2009.06.19 15:45:50.418,1.3969,1.397,4.80,9.40
2009.06.19 15:45:50.708,1.3969,1.397,3.80,6.20
2009.06.19 15:45:51.168,1.3969,1.397,6.80,6.20
2009.06.19 15:45:51.518,1.3969,1.397,17.80,1.20
2009.06.19 15:45:52.088,1.39695,1.3971,1.00,10.80
2009.06.19 15:45:52.728,1.39695,1.3971,3.80,10.80
2009.06.19 15:45:54.167,1.39695,1.397,3.80,3.20
2009.06.19 15:45:54.397,1.3969,1.397,5.80,3.20
2009.06.19 15:45:54.677,1.3969,1.397,1.60,3.20
2009.06.19 15:45:55.147,1.39685,1.397,9.60,3.20
2009.06.19 15:45:55.497,1.397,1.39705,3.20,8.00
2009.06.19 15:45:55.957,1.39695,1.397,6.00,3.20
2009.06.19 15:45:56.517,1.39685,1.397,3.80,3.20
2009.06.19 15:45:57.637,1.3968,1.3969,17.40,3.20
2009.06.19 15:45:57.867,1.3968,1.39695,5.40,7.60
2009.06.19 15:45:58.207,1.39685,1.39695,3.80,6.20
2009.06.19 15:45:58.487,1.39685,1.397,4.80,10.80
2009.06.19 15:46:00.466,1.39685,1.397,1.00,18.80
2009.06.19 15:46:01.046,1.39685,1.39695,1.00,4.40
2009.06.19 15:46:01.326,1.39685,1.39695,3.80,4.40
2009.06.19 15:46:02.185,1.3969,1.39695,3.20,4.40
2009.06.19 15:46:02.546,1.3969,1.397,3.20,11.20
2009.06.19 15:46:02.835,1.39685,1.39695,12.60,4.40
2009.06.19 15:46:03.415,1.39685,1.39695,3.80,4.40
2009.06.19 15:46:04.395,1.3969,1.39695,3.20,4.40
2009.06.19 15:46:04.915,1.3969,1.397,3.20,3.20
2009.06.19 15:46:05.375,1.39685,1.39695,5.00,4.40
2009.06.19 15:46:05.915,1.39685,1.39695,3.80,4.40
2009.06.19 15:46:07.574,1.3968,1.39685,15.70,2.40
2009.06.19 15:46:07.974,1.39675,1.39685,36.00,8.00
2009.06.19 15:46:08.274,1.39675,1.39685,1.60,14.20
2009.06.19 15:46:08.564,1.3968,1.39685,3.80,6.20
2009.06.19 15:46:08.914,1.3968,1.39695,3.80,15.60
2009.06.19 15:46:09.144,1.3968,1.3969,3.80,3.20
2009.06.19 15:46:10.654,1.39685,1.397,2.20,11.00
2009.06.19 15:46:11.014,1.3969,1.397,4.80,6.20
2009.06.19 15:46:11.363,1.3968,1.39695,5.40,7.60
2009.06.19 15:46:11.663,1.39685,1.39695,4.80,6.20
2009.06.19 15:46:14.503,1.39695,1.397,9.40,6.20
2009.06.19 15:46:14.903,1.397,1.3971,1.60,9.40
2009.06.19 15:46:15.542,1.397,1.3971,4.60,9.40
2009.06.19 15:46:16.112,1.39705,1.39715,3.80,14.20
2009.06.19 15:46:16.512,1.39705,1.3971,13.40,3.20
2009.06.19 15:46:16.852,1.39705,1.39715,3.80,10.80
2009.06.19 15:46:17.372,1.39705,1.3971,3.40,3.20
2009.06.19 15:46:17.772,1.39705,1.3971,12.60,3.20
2009.06.19 15:46:18.232,1.39705,1.3971,1.00,3.20
2009.06.19 15:46:18.702,1.39705,1.3971,11.40,3.20
2009.06.19 15:46:19.411,1.39705,1.3971,14.20,3.20
2009.06.19 15:46:19.751,1.39705,1.39715,5.20,4.40
2009.06.19 15:46:20.261,1.39705,1.39715,9.00,3.20
2009.06.19 15:46:20.671,1.39715,1.3972,3.20,10.30
2009.06.19 15:46:21.411,1.3971,1.39715,17.00,3.20
2009.06.19 15:46:21.821,1.3971,1.39715,18.40,3.20
2009.06.19 15:46:22.341,1.39705,1.3971,24.20,1.20
2009.06.19 15:46:22.631,1.39705,1.3971,10.80,11.20
2009.06.19 15:46:22.961,1.39705,1.3971,6.40,3.20
2009.06.19 15:46:23.370,1.39695,1.3971,15.80,3.20
2009.06.19 15:46:24.510,1.397,1.3971,3.80,3.20
2009.06.19 15:46:24.960,1.397,1.3971,5.40,3.20
2009.06.19 15:46:25.420,1.39705,1.39715,7.80,6.20
2009.06.19 15:46:25.890,1.39705,1.3972,11.20,24.80
2009.06.19 15:46:26.360,1.397,1.3971,9.80,3.20
2009.06.19 15:46:26.869,1.397,1.3971,3.40,3.20
2009.06.19 15:46:28.309,1.397,1.3971,3.80,3.20
2009.06.19 15:46:28.819,1.397,1.3971,3.60,3.20
2009.06.19 15:46:29.099,1.39705,1.3971,9.20,3.20
2009.06.19 15:46:29.439,1.397,1.3971,3.40,3.20
2009.06.19 15:46:32.338,1.397,1.3971,2.00,3.20
2009.06.19 15:46:32.498,1.397,1.3971,1.00,3.20
2009.06.19 15:46:32.618,1.39695,1.3971,14.20,3.20
2009.06.19 15:46:33.028,1.39695,1.397,14.20,1.20
2009.06.19 15:46:33.318,1.39695,1.3971,4.80,11.20
2009.06.19 15:46:33.558,1.39695,1.3971,11.40,11.20
2009.06.19 15:46:34.118,1.39705,1.39715,5.80,8.00
2009.06.19 15:46:34.778,1.39705,1.3972,14.20,17.40
2009.06.19 15:46:36.467,1.39705,1.3972,14.20,9.40
2009.06.19 15:46:36.827,1.3971,1.3972,3.80,3.20
2009.06.19 15:46:37.717,1.39715,1.3972,1.00,3.20
2009.06.19 15:46:38.198,1.39715,1.3972,3.80,1.20
2009.06.19 15:46:38.607,1.39715,1.3973,1.60,17.40
2009.06.19 15:46:38.997,1.3972,1.3973,1.00,17.40
2009.06.19 15:46:41.866,1.3972,1.3973,3.80,9.40
2009.06.19 15:46:42.856,1.3972,1.3973,3.80,3.20
2009.06.19 15:46:49.336,1.3972,1.3973,1.00,9.40
2009.06.19 15:46:49.634,1.39715,1.3973,12.60,17.40
2009.06.19 15:46:51.833,1.3972,1.3973,3.80,9.40
2009.06.19 15:46:53.984,1.3972,1.3973,4.80,6.20
2009.06.19 15:46:54.213,1.3972,1.3973,1.60,11.40
2009.06.19 15:46:54.613,1.39715,1.3972,8.80,1.20
2009.06.19 15:46:55.003,1.3971,1.39725,3.20,7.60
2009.06.19 15:46:55.523,1.3971,1.39715,35.20,3.80
2009.06.19 15:46:56.052,1.39715,1.3972,4.40,3.20
2009.06.19 15:46:56.503,1.39715,1.3972,6.60,1.20
2009.06.19 15:46:56.982,1.3971,1.3973,9.60,9.40
2009.06.19 15:46:57.272,1.3971,1.3972,3.80,3.20
2009.06.19 15:46:58.122,1.3971,1.3972,6.80,3.20
2009.06.19 15:46:58.522,1.39715,1.3972,4.60,3.20
2009.06.19 15:46:58.932,1.3971,1.3972,3.80,3.20
2009.06.19 15:47:02.621,1.3971,1.39725,3.80,15.60
2009.06.19 15:47:03.011,1.39715,1.39725,15.80,6.20
2009.06.19 15:47:03.131,1.39715,1.39725,4.80,6.20
2009.06.19 15:47:04.180,1.3972,1.39725,3.20,6.20
2009.06.19 15:47:04.401,1.3972,1.3973,3.20,17.40
2009.06.19 15:47:04.581,1.3972,1.3973,3.80,9.40
2009.06.19 15:47:07.350,1.39715,1.3972,16.00,3.20
2009.06.19 15:47:07.830,1.3971,1.3972,22.20,3.20
2009.06.19 15:47:07.940,1.3971,1.3972,3.80,3.20
2009.06.19 15:47:09.049,1.3971,1.3972,12.60,3.20
2009.06.19 15:47:09.519,1.3971,1.3972,9.60,3.20
2009.06.19 15:47:09.809,1.39715,1.3973,15.80,17.40
2009.06.19 15:47:10.219,1.3972,1.3973,3.80,9.40
2009.06.19 15:47:10.689,1.39715,1.3972,12.60,3.20
2009.06.19 15:47:11.189,1.3971,1.3972,3.80,3.20
2009.06.19 15:47:11.579,1.3971,1.3972,3.80,3.20
2009.06.19 15:47:11.749,1.3971,1.39725,6.40,15.60
2009.06.19 15:47:11.979,1.3971,1.39725,9.60,15.60
2009.06.19 15:47:12.149,1.39715,1.3973,4.80,17.40
2009.06.19 15:47:12.389,1.39715,1.3973,12.80,9.40
2009.06.19 15:47:12.558,1.39715,1.3973,15.80,9.40
2009.06.19 15:47:13.648,1.39715,1.3973,3.60,9.40
2009.06.19 15:47:15.818,1.39715,1.3973,3.60,17.40
2009.06.19 15:47:18.607,1.3971,1.3972,6.80,5.20
2009.06.19 15:47:18.887,1.3971,1.3972,6.80,3.20
2009.06.19 15:47:19.447,1.39715,1.3972,3.00,5.00
2009.06.19 15:47:19.797,1.3971,1.3972,22.20,3.20
2009.06.19 15:47:20.487,1.39715,1.3972,1.00,3.20
2009.06.19 15:47:20.817,1.39715,1.3972,3.60,3.20
2009.06.19 15:47:21.157,1.39715,1.3972,9.90,1.20
2009.06.19 15:47:21.446,1.3972,1.3973,1.00,10.80
2009.06.19 15:47:21.906,1.39715,1.3973,3.60,18.80
2009.06.19 15:47:23.146,1.3972,1.3973,1.00,10.80
2009.06.19 15:47:23.496,1.39715,1.3973,12.60,23.60
2009.06.19 15:47:23.606,1.39715,1.3972,11.40,3.20
2009.06.19 15:47:24.006,1.39715,1.3972,1.00,3.20
2009.06.19 15:47:26.095,1.3971,1.3972,27.00,3.20
2009.06.19 15:47:26.995,1.39715,1.3972,3.00,1.20
2009.06.19 15:47:27.225,1.39715,1.3972,3.60,1.20
2009.06.19 15:47:27.275,1.39715,1.3973,3.60,18.80
2009.06.19 15:47:30.744,1.39715,1.3973,3.60,10.80
2009.06.19 15:47:32.374,1.3972,1.3973,1.00,10.80
2009.06.19 15:47:32.554,1.39715,1.3973,3.60,18.80
2009.06.19 15:47:32.614,1.39715,1.3973,3.60,35.00
2009.06.19 15:47:37.353,1.39715,1.39725,3.60,6.20
2009.06.19 15:47:37.643,1.3972,1.39725,3.00,10.50
2009.06.19 15:47:38.083,1.3972,1.39725,3.00,8.00
2009.06.19 15:47:38.382,1.39715,1.3973,3.60,35.00
2009.06.19 15:47:41.402,1.39715,1.3972,4.80,3.20
2009.06.19 15:47:41.701,1.39715,1.39725,1.00,7.60
2009.06.19 15:47:42.052,1.39715,1.39725,3.00,14.20
2009.06.19 15:47:43.441,1.39715,1.39725,3.00,8.00
2009.06.19 15:47:43.841,1.39715,1.3973,3.60,35.00
2009.06.19 15:47:44.551,1.39715,1.3972,1.00,3.20
2009.06.19 15:47:45.761,1.39715,1.3973,3.60,35.00
2009.06.19 15:47:46.120,1.3972,1.3973,3.00,35.00
2009.06.19 15:47:46.611,1.3972,1.3973,3.00,33.80
2009.06.19 15:47:48.020,1.39715,1.3972,19.40,3.20
2009.06.19 15:47:48.370,1.39715,1.3972,1.00,3.20
2009.06.19 15:47:49.350,1.3971,1.3972,25.40,3.20
2009.06.19 15:47:49.730,1.39715,1.3972,3.00,1.20
2009.06.19 15:47:49.900,1.39715,1.39725,3.00,8.00
2009.06.19 15:47:50.819,1.39715,1.3973,3.00,31.80
2009.06.19 15:47:51.179,1.3971,1.3972,6.80,3.20
2009.06.19 15:47:51.899,1.39715,1.39725,3.00,14.20
2009.06.19 15:47:52.119,1.39715,1.39725,3.00,8.00
2009.06.19 15:47:52.279,1.39715,1.3973,3.00,31.80
2009.06.19 15:47:52.789,1.3971,1.39715,17.00,1.00
2009.06.19 15:47:53.009,1.39705,1.3971,20.00,3.20
2009.06.19 15:47:53.459,1.39705,1.3971,13.00,3.20
2009.06.19 15:47:53.689,1.39705,1.3971,3.40,3.20
2009.06.19 15:47:53.979,1.397,1.3971,22.60,3.20
2009.06.19 15:47:54.649,1.3971,1.39715,1.00,4.00
2009.06.19 15:47:54.869,1.3971,1.3972,3.60,9.40
2009.06.19 15:47:55.288,1.397,1.3971,6.20,3.20
2009.06.19 15:47:55.638,1.397,1.3971,7.00,3.20
2009.06.19 15:47:59.777,1.39705,1.3971,1.00,3.20
2009.06.19 15:48:00.797,1.3971,1.39715,3.60,5.30
2009.06.19 15:48:01.087,1.3971,1.3972,3.60,8.00
2009.06.19 15:48:01.427,1.3971,1.3972,3.60,3.20
2009.06.19 15:48:05.086,1.39705,1.3971,21.00,3.20
2009.06.19 15:48:05.486,1.39705,1.3971,3.60,9.40
2009.06.19 15:48:05.946,1.39695,1.397,8.60,3.20
2009.06.19 15:48:06.286,1.3969,1.397,7.00,3.20
2009.06.19 15:48:07.115,1.39695,1.39705,6.60,9.20
2009.06.19 15:48:07.575,1.397,1.3971,6.80,3.20
2009.06.19 15:48:08.096,1.397,1.3971,23.80,3.20
2009.06.19 15:48:08.485,1.39705,1.3971,2.20,1.20
2009.06.19 15:48:08.825,1.3971,1.39715,1.00,4.40
2009.06.19 15:48:09.215,1.39705,1.39715,14.60,4.40
2009.06.19 15:48:10.415,1.39705,1.3971,14.60,1.00
2009.06.19 15:48:10.754,1.39705,1.3971,14.60,1.20
2009.06.19 15:48:11.134,1.39705,1.39715,14.60,4.40
2009.06.19 15:48:20.332,1.39705,1.3971,9.80,1.20
2009.06.19 15:48:20.612,1.3971,1.39715,1.20,4.40
2009.06.19 15:48:21.082,1.3971,1.3972,6.80,3.20
2009.06.19 15:48:24.192,1.39715,1.3972,3.00,4.40
2009.06.19 15:48:24.481,1.3972,1.3973,3.00,35.40
2009.06.19 15:48:24.761,1.3972,1.3973,3.00,30.60
2009.06.19 15:48:25.111,1.39715,1.39725,3.00,8.00
2009.06.19 15:48:26.531,1.39715,1.3972,3.00,3.20
2009.06.19 15:48:26.991,1.3971,1.3972,23.20,3.20
2009.06.19 15:48:27.340,1.3971,1.3972,16.60,3.20
2009.06.19 15:48:29.660,1.39715,1.3972,1.60,3.20
2009.06.19 15:48:29.840,1.39715,1.3973,3.00,33.80
2009.06.19 15:48:30.120,1.39715,1.3973,3.00,33.40
2009.06.19 15:48:30.290,1.39715,1.3973,3.60,31.80
2009.06.19 15:48:30.970,1.39715,1.3973,3.00,31.80
2009.06.19 15:48:31.780,1.3971,1.3973,3.80,28.60
2009.06.19 15:48:31.889,1.39725,1.3973,7.40,8.00
2009.06.19 15:48:32.129,1.3973,1.39735,1.00,3.40
2009.06.19 15:48:32.419,1.3972,1.3973,6.80,3.20
2009.06.19 15:48:37.918,1.39725,1.3973,3.20,3.20
2009.06.19 15:48:37.978,1.3973,1.39735,3.00,3.40
2009.06.19 15:48:38.038,1.39725,1.3973,3.50,1.00
2009.06.19 15:48:38.278,1.39725,1.3973,10.70,1.00
2009.06.19 15:48:38.338,1.3973,1.3974,3.60,9.40
2009.06.19 15:48:38.808,1.3973,1.39735,2.40,6.20
2009.06.19 15:48:39.038,1.39725,1.39735,5.40,6.20
2009.06.19 15:48:40.117,1.39725,1.39735,4.80,6.20
2009.06.19 15:48:42.007,1.3973,1.39735,3.20,6.20
2009.06.19 15:48:42.167,1.3973,1.3974,6.80,9.40
2009.06.19 15:48:43.427,1.39725,1.3973,23.20,3.20
2009.06.19 15:48:43.877,1.39735,1.39745,3.60,8.20
2009.06.19 15:48:44.357,1.39735,1.3975,3.60,17.40
2009.06.19 15:48:44.707,1.39735,1.3975,5.20,17.40
2009.06.19 15:48:45.106,1.3974,1.3975,6.80,9.40
2009.06.19 15:48:46.296,1.39745,1.39755,3.60,6.20
2009.06.19 15:48:47.216,1.39745,1.39755,3.00,14.20
2009.06.19 15:48:47.616,1.3974,1.39755,6.80,15.60
2009.06.19 15:48:48.066,1.39745,1.39755,3.60,6.20
2009.06.19 15:48:48.985,1.3974,1.3975,3.60,3.20
2009.06.19 15:48:49.665,1.3974,1.3975,5.60,9.40
2009.06.19 15:48:50.065,1.3974,1.3975,2.00,3.20
2009.06.19 15:48:50.355,1.3974,1.3975,2.80,3.20
2009.06.19 15:48:51.225,1.3974,1.3975,6.80,3.20
2009.06.19 15:48:56.263,1.3974,1.3975,30.00,3.20
2009.06.19 15:48:56.713,1.3975,1.39755,6.20,8.00
2009.06.19 15:48:57.184,1.3975,1.3976,6.20,18.20
2009.06.19 15:48:57.483,1.3975,1.3976,6.80,9.80
2009.06.19 15:48:57.823,1.3975,1.3976,6.80,3.60
2009.06.19 15:48:58.183,1.3975,1.3976,7.00,3.20
2009.06.19 15:48:58.413,1.3975,1.3976,8.60,3.20
2009.06.19 15:48:58.823,1.39755,1.39765,4.00,10.00
2009.06.19 15:48:59.363,1.3976,1.3977,6.80,4.30
2009.06.19 15:48:59.753,1.39765,1.39775,3.00,15.60
2009.06.19 15:48:59.923,1.39765,1.39775,3.00,9.20
2009.06.19 15:49:00.504,1.39765,1.3978,3.60,17.40
2009.06.19 15:49:00.912,1.3977,1.3978,6.80,9.40
2009.06.19 15:49:01.792,1.3977,1.39775,3.20,8.00
2009.06.19 15:49:02.062,1.3977,1.3978,6.80,9.40
2009.06.19 15:49:02.653,1.3977,1.3978,3.60,9.40
2009.06.19 15:49:03.112,1.3977,1.3978,2.00,10.20
2009.06.19 15:49:03.462,1.3977,1.39775,2.00,8.00
2009.06.19 15:49:03.802,1.3977,1.3978,6.20,17.40
2009.06.19 15:49:04.212,1.3977,1.3978,6.80,9.40
2009.06.19 15:49:04.432,1.3977,1.3978,6.80,3.20
2009.06.19 15:49:04.842,1.39775,1.39785,3.20,24.00
2009.06.19 15:49:05.311,1.3977,1.3978,17.80,3.20
2009.06.19 15:49:05.611,1.3977,1.3978,14.80,3.20
2009.06.19 15:49:06.091,1.3977,1.3978,6.80,3.20
2009.06.19 15:49:06.441,1.3977,1.3978,7.00,3.20
2009.06.19 15:49:07.351,1.3977,1.3978,8.00,12.40
2009.06.19 15:49:07.821,1.39765,1.3977,14.60,3.20
2009.06.19 15:49:08.061,1.39765,1.3978,3.60,22.00
2009.06.19 15:49:08.291,1.39765,1.3978,3.60,18.80
2009.06.19 15:49:08.671,1.39765,1.3977,11.80,3.20
2009.06.19 15:49:09.081,1.39755,1.3977,13.80,3.20
2009.06.19 15:49:09.440,1.3976,1.3977,14.80,3.20
2009.06.19 15:49:09.840,1.3976,1.3977,3.80,3.20
2009.06.19 15:49:10.070,1.3976,1.3977,6.80,3.20
2009.06.19 15:49:10.240,1.3976,1.3977,3.60,3.20
2009.06.19 15:49:10.650,1.3976,1.3977,10.80,11.20
2009.06.19 15:49:11.000,1.39755,1.3977,22.20,11.20
2009.06.19 15:49:11.340,1.39755,1.3977,22.20,3.20
2009.06.19 15:49:12.040,1.3976,1.3977,3.20,3.20
2009.06.19 15:49:12.390,1.3976,1.3977,6.80,3.20
2009.06.19 15:49:13.549,1.3976,1.3977,6.20,3.20
2009.06.19 15:49:13.829,1.3976,1.3977,6.20,11.20
2009.06.19 15:49:14.969,1.3976,1.3977,14.20,11.20
2009.06.19 15:49:15.249,1.39765,1.39775,3.00,8.00
2009.06.19 15:49:15.549,1.3976,1.3977,1.60,3.20
2009.06.19 15:49:16.129,1.39765,1.39775,4.60,14.20
2009.06.19 15:49:17.358,1.3977,1.39775,1.60,14.20
2009.06.19 15:49:17.928,1.3978,1.39785,6.20,8.20
2009.06.19 15:49:18.278,1.39775,1.3978,9.40,11.20
2009.06.19 15:49:18.628,1.3978,1.3979,3.20,14.20
2009.06.19 15:49:18.988,1.39775,1.3979,13.20,14.20
2009.06.19 15:49:19.388,1.39775,1.3979,6.20,14.20
2009.06.19 15:49:19.728,1.3978,1.39785,4.80,8.60
2009.06.19 15:49:20.078,1.3979,1.39795,7.40,8.00
2009.06.19 15:49:20.618,1.3979,1.398,7.40,11.20
2009.06.19 15:49:21.248,1.3979,1.398,7.40,3.20
2009.06.19 15:49:22.117,1.39795,1.398,1.60,6.40
2009.06.19 15:49:22.357,1.39795,1.398,5.00,1.20
2009.06.19 15:49:22.697,1.398,1.3981,10.60,11.20
2009.06.19 15:49:22.987,1.39805,1.39815,6.40,10.80
2009.06.19 15:49:23.277,1.39805,1.39815,3.20,3.20
2009.06.19 15:49:23.567,1.39805,1.3981,1.20,3.20
2009.06.19 15:49:23.867,1.398,1.3981,6.40,3.20
2009.06.19 15:49:25.027,1.398,1.3981,8.00,3.20
2009.06.19 15:49:25.427,1.39805,1.3981,1.00,3.20
2009.06.19 15:49:25.926,1.398,1.3981,8.40,3.20
2009.06.19 15:49:26.496,1.398,1.3981,5.40,3.20
2009.06.19 15:49:26.736,1.398,1.3981,4.80,11.20
2009.06.19 15:49:27.136,1.39805,1.39815,5.40,3.20
2009.06.19 15:49:27.706,1.39805,1.39815,4.80,3.20
2009.06.19 15:49:27.986,1.39805,1.39815,6.40,3.20
2009.06.19 15:49:28.626,1.39805,1.39815,6.80,3.20
2009.06.19 15:49:28.976,1.3981,1.39815,2.20,3.20
2009.06.19 15:49:29.096,1.39805,1.39815,4.80,3.20
2009.06.19 15:49:29.625,1.39805,1.39815,5.40,3.20
2009.06.19 15:49:30.205,1.39805,1.39815,8.00,3.20
2009.06.19 15:49:30.545,1.3981,1.3982,12.00,3.20
2009.06.19 15:49:31.075,1.3981,1.3982,14.20,3.20
2009.06.19 15:49:31.375,1.3981,1.3982,15.00,3.20
2009.06.19 15:49:31.895,1.3981,1.3982,12.80,3.20
2009.06.19 15:49:32.235,1.3981,1.3982,3.20,3.20
2009.06.19 15:49:32.575,1.39805,1.39815,28.20,8.00
2009.06.19 15:49:33.095,1.39805,1.3982,7.40,17.40
2009.06.19 15:49:33.555,1.39805,1.3982,4.20,17.40
2009.06.19 15:49:34.065,1.39805,1.3982,7.40,17.40
2009.06.19 15:49:34.354,1.39815,1.3982,3.20,8.00
2009.06.19 15:49:34.654,1.3981,1.3982,9.40,11.20
2009.06.19 15:49:34.954,1.3981,1.3982,3.20,11.20
2009.06.19 15:49:35.364,1.39805,1.3982,11.20,11.20
2009.06.19 15:49:35.774,1.3981,1.3982,3.20,11.20
2009.06.19 15:49:36.114,1.3981,1.3982,1.20,11.20
2009.06.19 15:49:36.524,1.3981,1.3982,3.20,11.20
2009.06.19 15:49:39.573,1.39805,1.3981,5.40,1.00
2009.06.19 15:49:39.853,1.3981,1.3982,7.80,8.00
2009.06.19 15:49:40.313,1.3982,1.3983,3.20,17.40
2009.06.19 15:49:40.773,1.39815,1.39825,1.60,16.20
2009.06.19 15:49:41.163,1.39815,1.3983,12.10,6.50
2009.06.19 15:49:41.693,1.39825,1.3983,4.20,8.00
2009.06.19 15:49:42.093,1.3982,1.39825,3.20,8.00
2009.06.19 15:49:42.373,1.3982,1.39835,6.80,14.20
2009.06.19 15:49:43.192,1.3983,1.39835,14.60,1.20
2009.06.19 15:49:43.482,1.39835,1.3985,3.60,9.40
2009.06.19 15:49:43.762,1.3984,1.39855,3.20,14.20
2009.06.19 15:49:44.062,1.3984,1.3985,6.20,19.00
2009.06.19 15:49:44.342,1.3984,1.3985,16.00,4.70
2009.06.19 15:49:44.642,1.39835,1.39845,7.40,8.00
2009.06.19 15:49:44.922,1.3984,1.3985,3.20,17.40
2009.06.19 15:49:45.212,1.3984,1.3985,3.20,9.40
2009.06.19 15:49:45.572,1.3984,1.3985,3.80,9.40
2009.06.19 15:49:45.972,1.3984,1.3985,3.20,9.40
2009.06.19 15:49:46.433,1.3984,1.3985,1.00,12.10
2009.06.19 15:49:47.432,1.39835,1.3984,4.20,3.20
2009.06.19 15:49:47.601,1.3984,1.3985,3.80,9.40
2009.06.19 15:49:47.831,1.3984,1.3985,3.20,9.40
2009.06.19 15:49:48.791,1.39835,1.3985,6.40,9.40
2009.06.19 15:49:49.191,1.39845,1.39855,1.40,10.80
2009.06.19 15:49:49.591,1.3985,1.3986,3.80,5.60
2009.06.19 15:49:50.021,1.3985,1.3986,3.00,21.20
2009.06.19 15:49:50.361,1.3985,1.3986,1.20,21.20
2009.06.19 15:49:50.691,1.3985,1.3986,6.20,12.40
2009.06.19 15:49:51.031,1.3985,1.3986,6.20,4.40
2009.06.19 15:49:51.550,1.3986,1.3987,3.00,18.80
2009.06.19 15:49:51.890,1.3986,1.3987,6.20,11.20
2009.06.19 15:49:53.360,1.3986,1.3987,6.20,17.40
2009.06.19 15:49:53.580,1.3986,1.39865,6.20,8.00
2009.06.19 15:49:53.910,1.3986,1.39865,3.20,8.00
2009.06.19 15:49:54.260,1.3986,1.3987,1.20,11.20
2009.06.19 15:49:54.600,1.3986,1.39865,1.00,8.00
2009.06.19 15:49:54.950,1.39855,1.3987,10.60,11.20
2009.06.19 15:49:55.300,1.3986,1.3987,3.20,11.20
2009.06.19 15:49:55.869,1.3986,1.39875,3.20,19.00
2009.06.19 15:49:56.259,1.39865,1.39875,3.00,8.00
2009.06.19 15:49:56.789,1.3986,1.3987,19.60,11.20
2009.06.19 15:49:57.069,1.39865,1.39875,3.00,8.00
2009.06.19 15:49:58.469,1.39865,1.39875,3.00,14.20
2009.06.19 15:49:58.919,1.39865,1.3987,3.00,16.00
2009.06.19 15:49:59.309,1.3986,1.39865,1.00,8.00
2009.06.19 15:49:59.639,1.39865,1.3987,3.00,8.00
2009.06.19 15:50:00.158,1.3987,1.3988,5.80,8.00
2009.06.19 15:50:00.518,1.3988,1.39885,3.20,8.00
2009.06.19 15:50:01.048,1.39875,1.3988,3.00,3.20
2009.06.19 15:50:01.448,1.3987,1.3988,6.80,3.20
2009.06.19 15:50:02.368,1.3988,1.3989,1.60,3.20
2009.06.19 15:50:02.837,1.3989,1.39895,3.20,8.00
2009.06.19 15:50:03.118,1.39885,1.39895,4.20,8.00
2009.06.19 15:50:03.398,1.39885,1.39895,3.00,8.00
2009.06.19 15:50:03.967,1.39885,1.3989,3.00,11.20
2009.06.19 15:50:04.248,1.3988,1.3989,7.40,11.20
2009.06.19 15:50:04.717,1.39875,1.39885,8.60,4.40
2009.06.19 15:50:05.187,1.3987,1.39885,6.20,4.40
2009.06.19 15:50:05.487,1.3987,1.3989,9.00,10.80
2009.06.19 15:50:06.007,1.3988,1.3989,1.00,3.20
2009.06.19 15:50:06.567,1.3988,1.3989,3.60,3.20
2009.06.19 15:50:07.037,1.3988,1.3989,4.80,3.20
2009.06.19 15:50:07.277,1.3988,1.39895,3.20,9.20
2009.06.19 15:50:07.576,1.3988,1.39895,4.80,8.00
2009.06.19 15:50:08.146,1.39885,1.3989,3.00,8.00
2009.06.19 15:50:08.496,1.3988,1.3989,2.60,14.20
2009.06.19 15:50:09.076,1.3988,1.3989,3.20,25.40
2009.06.19 15:50:09.366,1.39875,1.3988,3.40,3.20
2009.06.19 15:50:09.726,1.3987,1.3988,10.20,3.20
2009.06.19 15:50:10.236,1.3987,1.3988,4.80,3.20
2009.06.19 15:50:10.586,1.39875,1.3989,3.00,17.40
2009.06.19 15:50:11.156,1.39875,1.3988,3.60,3.20
2009.06.19 15:50:11.506,1.39875,1.3988,1.00,3.20
2009.06.19 15:50:11.855,1.39875,1.3988,1.00,4.40
2009.06.19 15:50:12.505,1.39875,1.3988,1.00,3.20
2009.06.19 15:50:12.895,1.39875,1.3988,1.00,4.80
2009.06.19 15:50:13.235,1.3988,1.3989,1.00,9.40
2009.06.19 15:50:13.625,1.3988,1.3989,1.00,3.20
2009.06.19 15:50:14.095,1.3988,1.3989,3.20,12.40
2009.06.19 15:50:14.555,1.39875,1.39885,4.80,20.40
2009.06.19 15:50:14.956,1.3987,1.3988,5.40,7.00
2009.06.19 15:50:15.355,1.39865,1.3987,4.70,1.20
2009.06.19 15:50:15.634,1.39865,1.3988,4.20,12.80
2009.06.19 15:50:15.915,1.39865,1.3988,16.60,11.20
2009.06.19 15:50:16.204,1.3987,1.3988,1.00,3.20
2009.06.19 15:50:16.714,1.3987,1.3988,3.20,3.20
2009.06.19 15:50:17.104,1.3987,1.39875,3.20,8.00
2009.06.19 15:50:17.444,1.3986,1.39865,17.10,14.40
2009.06.19 15:50:17.784,1.39845,1.3986,15.20,1.20
2009.06.19 15:50:18.354,1.39845,1.39865,3.20,7.60
2009.06.19 15:50:18.684,1.3984,1.39865,4.20,7.60
2009.06.19 15:50:19.034,1.3984,1.3985,4.80,1.20
2009.06.19 15:50:19.274,1.3984,1.39855,6.20,7.60
2009.06.19 15:50:19.614,1.39845,1.3985,14.00,1.20
2009.06.19 15:50:20.074,1.3985,1.3986,3.20,3.20
2009.06.19 15:50:20.423,1.39845,1.3985,6.70,1.80
2009.06.19 15:50:21.003,1.39835,1.3984,1.60,3.20
2009.06.19 15:50:21.393,1.3983,1.3984,3.20,3.20
2009.06.19 15:50:24.302,1.39825,1.3984,1.60,3.20
2009.06.19 15:50:24.702,1.39825,1.3984,17.00,12.40
2009.06.19 15:50:25.102,1.39825,1.3984,4.80,4.40
2009.06.19 15:50:25.572,1.39825,1.3984,4.80,12.60
2009.06.19 15:50:26.142,1.3982,1.39835,3.20,15.60
2009.06.19 15:50:26.472,1.3981,1.3982,5.40,4.40
2009.06.19 15:50:26.862,1.39815,1.39825,6.60,4.40
2009.06.19 15:50:27.322,1.3981,1.39825,8.60,4.40
2009.06.19 15:50:28.301,1.3981,1.3983,8.40,18.80
2009.06.19 15:50:28.881,1.39815,1.39825,1.00,4.40
2009.06.19 15:50:29.291,1.39815,1.39825,3.80,4.40
2009.06.19 15:50:30.051,1.3981,1.39825,8.60,4.40
2009.06.19 15:50:30.381,1.3982,1.39825,3.20,8.00
2009.06.19 15:50:30.731,1.3982,1.3983,3.20,17.40
2009.06.19 15:50:31.011,1.3982,1.3983,3.20,11.20
2009.06.19 15:50:31.421,1.3982,1.3983,3.20,3.20
2009.06.19 15:50:31.691,1.3982,1.3983,3.20,11.20
2009.06.19 15:50:34.460,1.3982,1.3983,1.20,14.20
2009.06.19 15:50:34.850,1.3982,1.3983,3.20,3.20
2009.06.19 15:50:35.380,1.3982,1.3984,8.40,19.00
2009.06.19 15:50:35.700,1.3982,1.39835,6.20,14.20
2009.06.19 15:50:35.980,1.3982,1.3983,3.20,8.00
2009.06.19 15:50:36.739,1.39815,1.39825,7.00,4.40
2009.06.19 15:50:37.209,1.39815,1.39825,1.00,4.40
2009.06.19 15:50:37.779,1.39825,1.39835,1.60,15.60
2009.06.19 15:50:38.119,1.39825,1.3983,1.60,4.40
2009.06.19 15:50:38.479,1.39825,1.3983,1.60,3.20
2009.06.19 15:50:38.829,1.3982,1.39825,1.60,4.40
2009.06.19 15:50:40.659,1.3981,1.3982,3.80,3.20
2009.06.19 15:50:41.178,1.3982,1.39825,1.60,4.40
2009.06.19 15:50:41.568,1.39825,1.3983,1.00,3.20
2009.06.19 15:50:41.958,1.39825,1.39835,1.60,11.20
2009.06.19 15:50:42.248,1.39825,1.39835,1.60,4.40
2009.06.19 15:50:42.308,1.3983,1.39835,3.20,1.20
2009.06.19 15:50:42.989,1.3983,1.3984,3.80,9.40
2009.06.19 15:50:43.388,1.3983,1.3984,3.80,3.20
2009.06.19 15:50:45.357,1.3983,1.39845,4.60,12.40
2009.06.19 15:50:45.827,1.3982,1.3983,3.80,7.60
2009.06.19 15:50:46.407,1.3982,1.39835,3.20,9.20
2009.06.19 15:50:49.556,1.3982,1.39835,3.20,8.00
2009.06.19 15:50:49.846,1.3983,1.39835,3.20,8.00
2009.06.19 15:50:50.196,1.39825,1.3984,9.60,14.00
2009.06.19 15:50:50.496,1.39825,1.3984,4.80,12.40
2009.06.19 15:50:51.306,1.39825,1.3984,4.80,12.40
2009.06.19 15:50:51.656,1.39825,1.3984,4.80,11.20
2009.06.19 15:50:52.235,1.39825,1.39835,1.00,4.40
2009.06.19 15:50:52.586,1.3983,1.39835,3.80,4.40
2009.06.19 15:50:52.946,1.39822,1.39847,3.20,11.20
2009.06.19 15:50:53.236,1.39824,1.39849,3.80,3.20
2009.06.19 15:50:54.855,1.39836,1.39841,4.60,3.20
2009.06.19 15:50:55.325,1.39836,1.39846,3.80,8.00
2009.06.19 15:50:55.805,1.39855,1.3986,2.20,3.20
2009.06.19 15:50:56.385,1.3986,1.39865,1.00,3.20
2009.06.19 15:50:56.835,1.3986,1.3987,7.00,9.60
2009.06.19 15:50:57.355,1.39865,1.3987,1.00,4.40
2009.06.19 15:50:57.814,1.3986,1.3987,7.00,4.40
2009.06.19 15:50:58.454,1.39865,1.3987,6.40,4.40
2009.06.19 15:50:58.724,1.3988,1.3989,3.20,14.00
2009.06.19 15:50:59.024,1.3988,1.39885,3.80,1.60
2009.06.19 15:50:59.374,1.3988,1.3989,3.80,3.20
2009.06.19 15:51:01.444,1.3988,1.3989,6.80,3.20
2009.06.19 15:51:01.853,1.39885,1.39895,3.40,7.60
2009.06.19 15:51:02.263,1.3988,1.39895,6.80,6.20
2009.06.19 15:51:03.043,1.3988,1.3989,12.60,9.40
2009.06.19 15:51:03.503,1.3988,1.39885,15.60,15.80
2009.06.19 15:51:03.863,1.3987,1.39875,4.80,4.40
2009.06.19 15:51:04.313,1.39865,1.39875,12.60,4.40
2009.06.19 15:51:05.712,1.39865,1.39875,12.60,4.00
2009.06.19 15:51:10.301,1.39865,1.39875,1.60,4.00
2009.06.19 15:51:10.881,1.39865,1.3987,1.60,3.20
2009.06.19 15:51:11.231,1.3987,1.3988,3.80,9.40
2009.06.19 15:51:12.510,1.3987,1.3988,1.60,9.40
2009.06.19 15:51:12.731,1.39865,1.39875,13.00,12.40
2009.06.19 15:51:12.970,1.39865,1.3987,10.20,7.20
2009.06.19 15:51:13.260,1.3986,1.3987,1.60,7.20
2009.06.19 15:51:14.240,1.3986,1.39875,4.80,7.60
2009.06.19 15:51:14.410,1.3986,1.39875,4.80,7.60
2009.06.19 15:51:14.870,1.39855,1.3987,17.40,16.80
2009.06.19 15:51:15.230,1.3986,1.3987,3.80,3.20
2009.06.19 15:51:15.930,1.3986,1.3987,8.00,3.20
2009.06.19 15:51:16.270,1.3986,1.3987,7.40,3.20
2009.06.19 15:51:17.849,1.3986,1.3987,7.80,3.20
2009.06.19 15:51:18.200,1.3987,1.3988,9.60,1.60
2009.06.19 15:51:18.549,1.3988,1.3989,4.80,18.80
2009.06.19 15:51:18.789,1.3988,1.3989,5.80,9.40
2009.06.19 15:51:19.089,1.39885,1.3989,1.20,9.40
2009.06.19 15:51:19.379,1.3988,1.39885,1.20,6.20
2009.06.19 15:51:19.969,1.3987,1.3988,3.80,3.20
2009.06.19 15:51:20.249,1.3987,1.3988,1.60,3.20
2009.06.19 15:51:20.539,1.3987,1.3988,4.80,3.20
2009.06.19 15:51:21.118,1.3987,1.3988,1.60,11.20
2009.06.19 15:51:21.468,1.3987,1.3988,3.20,3.20
2009.06.19 15:51:22.048,1.3988,1.39885,4.20,14.20
2009.06.19 15:51:22.398,1.3987,1.39885,6.40,15.80
2009.06.19 15:51:22.798,1.3987,1.3988,4.20,8.00
2009.06.19 15:51:23.158,1.3986,1.39875,6.40,7.60
2009.06.19 15:51:23.388,1.3986,1.39875,5.80,15.60
2009.06.19 15:51:26.027,1.39845,1.3986,7.40,11.20
2009.06.19 15:51:26.307,1.39845,1.3986,4.20,11.20
2009.06.19 15:51:26.697,1.3984,1.3985,20.00,9.40
2009.06.19 15:51:27.217,1.39845,1.3985,16.20,17.40
2009.06.19 15:51:27.567,1.39845,1.3985,16.40,17.40
2009.06.19 15:51:27.857,1.39845,1.3985,16.00,11.20
2009.06.19 15:51:28.027,1.39845,1.3985,12.60,11.20
2009.06.19 15:51:28.597,1.39845,1.3985,12.60,3.20
2009.06.19 15:51:29.726,1.3985,1.39855,19.60,9.20
2009.06.19 15:51:30.067,1.3986,1.39865,4.80,9.20
2009.06.19 15:51:30.356,1.3986,1.3987,4.80,11.20
2009.06.19 15:51:30.636,1.39865,1.39875,2.60,14.20
2009.06.19 15:51:30.926,1.3986,1.3987,3.20,3.20
2009.06.19 15:51:32.096,1.3987,1.39875,4.20,8.00
2009.06.19 15:51:32.496,1.39865,1.3987,4.20,3.20
2009.06.19 15:51:32.665,1.3986,1.3987,3.20,3.20
2009.06.19 15:51:33.485,1.3986,1.39875,6.40,14.20
2009.06.19 15:51:33.765,1.3986,1.39875,4.80,14.20
2009.06.19 15:51:33.935,1.3986,1.39875,17.40,17.40
2009.06.19 15:51:34.115,1.3986,1.39875,14.20,17.40
2009.06.19 15:51:35.145,1.3986,1.39875,12.80,8.00
2009.06.19 15:51:35.205,1.39865,1.39875,4.20,8.00
2009.06.19 15:51:35.775,1.3986,1.39875,3.80,14.20
2009.06.19 15:51:36.115,1.3986,1.3987,3.80,3.20
2009.06.19 15:51:36.965,1.39865,1.3988,8.60,17.40
2009.06.19 15:51:37.305,1.39865,1.3988,11.80,17.40
2009.06.19 15:51:37.994,1.3987,1.3988,4.00,2.40
2009.06.19 15:51:38.464,1.39885,1.3989,1.40,3.20
2009.06.19 15:51:38.754,1.39885,1.39895,3.80,7.60
2009.06.19 15:51:39.084,1.39885,1.39895,4.80,6.20
2009.06.19 15:51:39.384,1.3988,1.39895,16.00,6.20
2009.06.19 15:51:40.064,1.39885,1.39895,1.60,6.20
2009.06.19 15:51:40.384,1.3989,1.399,5.80,9.40
2009.06.19 15:51:40.944,1.39895,1.399,1.20,3.20
2009.06.19 15:51:41.343,1.39885,1.399,2.60,11.20
2009.06.19 15:51:42.013,1.39885,1.399,3.20,11.20
2009.06.19 15:51:42.353,1.39885,1.399,1.60,13.00
2009.06.19 15:51:42.703,1.3989,1.399,1.60,16.20
2009.06.19 15:51:43.093,1.3989,1.399,4.80,3.20
2009.06.19 15:51:43.493,1.3989,1.399,5.40,3.20
2009.06.19 15:51:44.303,1.3989,1.399,6.40,3.20
2009.06.19 15:51:44.533,1.3989,1.399,5.40,3.20
2009.06.19 15:51:44.932,1.39895,1.399,11.40,3.20
2009.06.19 15:51:45.213,1.399,1.39905,1.60,28.20
2009.06.19 15:51:45.723,1.399,1.3991,2.20,3.20
2009.06.19 15:51:48.562,1.39905,1.39915,18.60,8.00
2009.06.19 15:51:48.622,1.39905,1.3992,17.40,11.20
2009.06.19 15:51:49.212,1.3991,1.3992,1.20,11.20
2009.06.19 15:51:49.562,1.3992,1.39925,8.00,8.00
2009.06.19 15:51:49.961,1.3992,1.3993,8.00,9.60
2009.06.19 15:51:50.261,1.3991,1.3992,3.80,9.40
2009.06.19 15:51:50.901,1.399,1.3991,18.80,11.20
2009.06.19 15:51:51.191,1.39895,1.3991,18.40,11.20
2009.06.19 15:51:51.542,1.39895,1.3991,14.20,11.20
2009.06.19 15:51:51.871,1.39895,1.399,4.20,2.40
2009.06.19 15:51:52.341,1.3989,1.399,31.20,3.20
2009.06.19 15:51:52.891,1.39885,1.3989,16.00,3.20
2009.06.19 15:51:53.291,1.3988,1.3989,15.60,3.20
2009.06.19 15:51:53.521,1.3988,1.3989,3.20,3.20
2009.06.19 15:51:54.041,1.3988,1.3989,3.80,3.20
2009.06.19 15:51:55.550,1.3988,1.3989,3.80,9.40
2009.06.19 15:51:55.830,1.3988,1.3989,3.20,9.40
2009.06.19 15:51:57.140,1.3988,1.39895,12.80,6.20
2009.06.19 15:51:57.310,1.3988,1.39895,16.00,6.20
2009.06.19 15:52:00.239,1.399,1.3991,3.80,3.20
2009.06.19 15:52:00.409,1.399,1.3991,7.80,3.20
2009.06.19 15:52:00.639,1.399,1.3991,11.00,3.20
2009.06.19 15:52:01.509,1.39905,1.3991,1.00,3.20
2009.06.19 15:52:02.179,1.39905,1.3991,1.00,3.20
2009.06.19 15:52:02.469,1.399,1.3991,8.00,3.20
2009.06.19 15:52:02.818,1.39905,1.39915,3.00,14.00
2009.06.19 15:52:02.928,1.39905,1.39915,11.00,9.20
2009.06.19 15:52:03.268,1.39905,1.3991,10.20,3.20
2009.06.19 15:52:03.608,1.39905,1.3991,1.00,3.20
2009.06.19 15:52:03.958,1.39905,1.39915,11.20,9.20
2009.06.19 15:52:04.298,1.39905,1.39915,11.20,8.00
2009.06.19 15:52:04.638,1.3991,1.3992,3.20,8.00
2009.06.19 15:52:04.918,1.3991,1.3992,3.20,3.20
2009.06.19 15:52:08.607,1.3991,1.3992,1.20,3.20
2009.06.19 15:52:08.787,1.39905,1.3992,30.20,3.20
2009.06.19 15:52:09.067,1.399,1.3992,9.60,17.40
2009.06.19 15:52:09.347,1.39905,1.3991,1.20,5.00
2009.06.19 15:52:09.747,1.3989,1.399,3.20,9.40
2009.06.19 15:52:10.446,1.3989,1.399,3.20,17.40
2009.06.19 15:52:11.256,1.3988,1.39895,9.60,8.00
2009.06.19 15:52:11.596,1.3988,1.399,9.60,17.40
2009.06.19 15:52:12.756,1.3988,1.39895,9.60,6.20
2009.06.19 15:52:13.436,1.3988,1.39895,9.60,14.20
2009.06.19 15:52:17.025,1.39885,1.39895,4.20,8.00
2009.06.19 15:52:17.615,1.39885,1.399,4.20,17.40
2009.06.19 15:52:18.285,1.3989,1.399,3.20,17.40
2009.06.19 15:52:18.684,1.3989,1.399,3.20,11.20
2009.06.19 15:52:20.434,1.39885,1.399,20.20,11.20
2009.06.19 15:52:20.614,1.39885,1.399,4.20,11.20
2009.06.19 15:52:22.244,1.39885,1.39895,4.20,8.00
2009.06.19 15:52:23.983,1.39885,1.3989,4.20,8.00
2009.06.19 15:52:24.153,1.3988,1.3989,9.00,8.00
2009.06.19 15:52:25.233,1.3988,1.39895,9.00,8.00
2009.06.19 15:52:26.363,1.39885,1.39895,4.20,8.00
2009.06.19 15:52:28.722,1.39885,1.3989,1.20,3.20
2009.06.19 15:52:29.002,1.3988,1.3989,7.00,3.20
2009.06.19 15:52:29.172,1.3988,1.3989,13.60,3.20
2009.06.19 15:52:29.472,1.39885,1.39895,6.20,9.20
2009.06.19 15:52:29.702,1.3989,1.39895,1.20,8.00
2009.06.19 15:52:29.922,1.3989,1.399,1.20,8.00
2009.06.19 15:52:30.262,1.3989,1.399,1.00,8.00
2009.06.19 15:52:30.432,1.3989,1.39905,1.00,11.20
2009.06.19 15:52:31.471,1.3989,1.39905,1.60,11.20
2009.06.19 15:52:31.812,1.39895,1.3991,4.80,9.40
2009.06.19 15:52:34.251,1.399,1.39905,3.20,7.80
2009.06.19 15:52:34.661,1.39895,1.3991,5.60,9.40
2009.06.19 15:52:34.951,1.39895,1.3991,4.80,9.40
2009.06.19 15:52:35.470,1.3989,1.399,12.60,3.20
2009.06.19 15:52:35.930,1.3989,1.399,13.60,3.20
2009.06.19 15:52:36.230,1.3989,1.399,3.80,3.20
2009.06.19 15:52:37.550,1.39895,1.399,1.60,1.20
2009.06.19 15:52:37.670,1.399,1.3991,1.60,9.40
2009.06.19 15:52:38.020,1.3989,1.39905,2.20,7.60
2009.06.19 15:52:38.310,1.3989,1.399,3.80,3.20
2009.06.19 15:52:38.430,1.3989,1.39905,9.40,10.80
2009.06.19 15:52:38.940,1.3989,1.39905,12.60,10.80
2009.06.19 15:52:39.330,1.3989,1.39905,9.40,10.80
2009.06.19 15:52:39.739,1.3989,1.39905,11.00,10.80
2009.06.19 15:52:40.079,1.3989,1.39905,12.60,10.80
2009.06.19 15:52:40.199,1.3989,1.39905,11.00,10.80
2009.06.19 15:52:40.429,1.3989,1.399,9.40,3.20
2009.06.19 15:52:40.749,1.3989,1.399,9.40,9.40
2009.06.19 15:52:41.269,1.39885,1.399,4.80,10.80
2009.06.19 15:52:41.789,1.39885,1.399,4.80,9.40
2009.06.19 15:52:42.319,1.39885,1.399,15.80,9.40
2009.06.19 15:52:42.719,1.39885,1.3989,15.80,3.20
2009.06.19 15:52:43.069,1.39885,1.3989,11.40,3.20
2009.06.19 15:52:43.238,1.39885,1.399,15.80,10.80
2009.06.19 15:52:46.258,1.3988,1.399,8.60,25.00
2009.06.19 15:52:46.538,1.39885,1.399,1.00,24.20
2009.06.19 15:52:46.948,1.39885,1.399,1.00,18.80
2009.06.19 15:52:47.368,1.3988,1.399,8.60,18.80
2009.06.19 15:52:49.207,1.3988,1.399,9.60,17.40
2009.06.19 15:52:49.507,1.3988,1.399,12.00,17.40
2009.06.19 15:52:49.687,1.39885,1.399,5.00,17.40
2009.06.19 15:52:49.977,1.3989,1.399,1.20,17.40
2009.06.19 15:52:50.147,1.3989,1.399,9.00,8.00
2009.06.19 15:52:50.737,1.3989,1.399,6.20,3.20
2009.06.19 15:52:51.077,1.3989,1.399,3.20,3.20
2009.06.19 15:52:52.986,1.3989,1.399,3.20,9.40
2009.06.19 15:52:53.456,1.39885,1.399,30.60,17.40
2009.06.19 15:52:53.976,1.3988,1.39895,9.60,6.20
2009.06.19 15:52:54.156,1.3988,1.39895,16.00,6.20
2009.06.19 15:52:54.456,1.3988,1.399,9.60,17.40
2009.06.19 15:52:56.006,1.3988,1.3989,8.00,3.20
2009.06.19 15:52:56.415,1.3988,1.3989,3.20,3.20
2009.06.19 15:52:58.365,1.39875,1.39885,11.20,6.20
2009.06.19 15:52:58.825,1.3987,1.39885,3.20,15.60
2009.06.19 15:52:59.125,1.3987,1.39885,3.80,15.60
2009.06.19 15:52:59.185,1.3987,1.39885,5.40,15.60
2009.06.19 15:52:59.465,1.39875,1.39885,4.20,9.20
2009.06.19 15:52:59.855,1.39875,1.3989,7.80,17.40
2009.06.19 15:53:00.565,1.39875,1.3989,4.80,17.40
2009.06.19 15:53:00.914,1.39875,1.3988,15.80,3.20
2009.06.19 15:53:01.374,1.3987,1.3988,3.80,3.20
2009.06.19 15:53:01.834,1.39875,1.39885,4.20,8.00
2009.06.19 15:53:02.284,1.3988,1.39895,3.80,14.20
2009.06.19 15:53:03.044,1.3989,1.39895,3.20,14.20
2009.06.19 15:53:03.434,1.39895,1.399,1.20,3.20
2009.06.19 15:53:03.834,1.3989,1.399,4.80,3.20
2009.06.19 15:53:04.124,1.3989,1.39905,8.00,14.20
2009.06.19 15:53:04.693,1.39895,1.399,1.20,3.20
2009.06.19 15:53:04.983,1.3989,1.399,14.60,3.20
2009.06.19 15:53:05.383,1.3989,1.399,8.00,17.40
2009.06.19 15:53:05.883,1.39885,1.399,4.20,17.40
2009.06.19 15:53:06.283,1.39885,1.399,4.20,17.40
2009.06.19 15:53:07.033,1.39885,1.399,5.20,9.40
2009.06.19 15:53:07.653,1.39885,1.399,5.20,9.40
2009.06.19 15:53:08.043,1.39885,1.39895,1.00,4.40
2009.06.19 15:53:08.332,1.3988,1.399,20.60,18.80
2009.06.19 15:53:08.793,1.3988,1.399,16.00,18.80
2009.06.19 15:53:09.252,1.39885,1.399,4.80,17.40
2009.06.19 15:53:10.052,1.39885,1.3989,1.60,3.20
2009.06.19 15:53:10.442,1.3988,1.3989,8.60,3.20
2009.06.19 15:53:10.782,1.39885,1.399,4.20,19.40
2009.06.19 15:53:11.112,1.39885,1.3989,1.00,3.20
2009.06.19 15:53:11.492,1.3988,1.3989,20.20,3.20
2009.06.19 15:53:11.842,1.3988,1.3989,22.40,3.20
2009.06.19 15:53:12.372,1.3989,1.39895,32.80,9.20
2009.06.19 15:53:12.731,1.3989,1.399,6.20,3.20
2009.06.19 15:53:13.172,1.3989,1.399,11.80,3.20
2009.06.19 15:53:13.351,1.3989,1.399,19.80,3.20
2009.06.19 15:53:14.161,1.3989,1.399,32.60,3.20
2009.06.19 15:53:14.791,1.39895,1.39905,1.60,9.20
2009.06.19 15:53:15.191,1.39895,1.3991,10.00,3.20
2009.06.19 15:53:15.481,1.399,1.3991,10.40,3.20
2009.06.19 15:53:15.841,1.39895,1.3991,10.00,3.20
2009.06.19 15:53:16.551,1.399,1.3991,21.80,3.20
2009.06.19 15:53:17.270,1.399,1.3991,25.80,3.20
2009.06.19 15:53:17.560,1.399,1.3991,27.20,3.20
2009.06.19 15:53:17.840,1.399,1.3991,26.00,3.20
2009.06.19 15:53:18.140,1.399,1.3991,25.20,3.20
2009.06.19 15:53:18.620,1.399,1.39915,3.80,9.20
2009.06.19 15:53:18.970,1.3991,1.3992,3.20,19.00
2009.06.19 15:53:19.370,1.3991,1.3992,7.40,9.40
2009.06.19 15:53:19.780,1.39915,1.3992,4.00,8.40
2009.06.19 15:53:20.060,1.3992,1.39925,2.80,6.40
2009.06.19 15:53:20.360,1.3991,1.39915,13.00,3.70
2009.06.19 15:53:20.640,1.399,1.3991,3.80,3.20
2009.06.19 15:53:20.920,1.399,1.3991,3.20,3.20
2009.06.19 15:53:21.799,1.399,1.3991,3.20,3.20
2009.06.19 15:53:24.419,1.39905,1.39915,1.00,8.00
2009.06.19 15:53:24.879,1.39905,1.3991,1.00,3.20
2009.06.19 15:53:25.149,1.399,1.39915,32.60,9.20
2009.06.19 15:53:25.368,1.3991,1.39915,3.20,9.20
2009.06.19 15:53:25.878,1.3991,1.3992,7.40,3.20
2009.06.19 15:53:26.178,1.39905,1.3992,4.20,11.20
2009.06.19 15:53:26.648,1.3991,1.3992,4.20,11.20
2009.06.19 15:53:27.158,1.39905,1.3992,27.00,11.20
2009.06.19 15:53:27.618,1.3991,1.3992,8.80,11.20
2009.06.19 15:53:27.999,1.39905,1.3992,17.00,11.20
2009.06.19 15:53:28.398,1.39905,1.3992,12.60,11.20
2009.06.19 15:53:28.578,1.39905,1.3992,15.40,11.20
2009.06.19 15:53:29.138,1.3991,1.39915,1.20,1.00
2009.06.19 15:53:29.558,1.3991,1.3992,23.40,3.20
2009.06.19 15:53:29.968,1.39915,1.3992,1.20,3.20
2009.06.19 15:53:30.607,1.39915,1.3993,4.60,17.40
2009.06.19 15:53:30.887,1.3992,1.3993,2.80,17.40
2009.06.19 15:53:31.417,1.3992,1.3993,3.20,3.20
2009.06.19 15:53:31.767,1.3992,1.3993,3.80,3.20
2009.06.19 15:53:32.627,1.39925,1.39935,14.40,7.60
2009.06.19 15:53:32.917,1.3992,1.39935,55.60,6.20
2009.06.19 15:53:33.547,1.39915,1.39935,22.40,14.20
2009.06.19 15:53:34.066,1.39915,1.39935,18.60,8.80
2009.06.19 15:53:34.466,1.39915,1.3992,4.80,1.20
2009.06.19 15:53:34.816,1.3991,1.3993,47.60,17.40
2009.06.19 15:53:36.846,1.39915,1.3993,3.80,17.40
2009.06.19 15:53:37.196,1.39915,1.3993,4.60,17.40
2009.06.19 15:53:38.235,1.39915,1.3993,4.80,17.40
2009.06.19 15:53:38.975,1.39915,1.3993,3.40,17.40
2009.06.19 15:53:39.195,1.3992,1.3993,9.60,11.20
2009.06.19 15:53:39.645,1.3992,1.3993,3.20,3.20
2009.06.19 15:53:40.055,1.3992,1.3993,29.80,3.20
2009.06.19 15:53:40.635,1.3992,1.3993,34.60,3.20
2009.06.19 15:53:41.884,1.3992,1.3993,3.80,3.20
2009.06.19 15:53:48.233,1.39925,1.39935,7.80,6.20
2009.06.19 15:53:48.513,1.39915,1.39935,21.00,6.20
2009.06.19 15:53:48.753,1.39915,1.39935,21.60,14.20
2009.06.19 15:53:49.203,1.39915,1.39935,22.80,6.20
2009.06.19 15:53:50.542,1.39925,1.39935,6.40,6.20
2009.06.19 15:53:50.892,1.39925,1.3994,12.60,17.40
2009.06.19 15:53:52.662,1.39925,1.39935,20.80,6.20
2009.06.19 15:53:53.172,1.3992,1.39935,8.00,6.20
2009.06.19 15:53:53.582,1.3992,1.3993,3.80,3.20
2009.06.19 15:53:55.661,1.3992,1.3993,3.80,3.20
2009.06.19 15:53:56.511,1.3992,1.3993,3.20,3.20
2009.06.19 15:53:57.051,1.3992,1.39935,6.40,6.20
2009.06.19 15:53:57.391,1.3992,1.39935,9.60,6.20
2009.06.19 15:53:59.410,1.3992,1.39935,9.60,14.20
2009.06.19 15:54:00.160,1.3992,1.39935,9.60,6.20
2009.06.19 15:54:01.410,1.3992,1.39925,8.40,1.00
2009.06.19 15:54:01.750,1.39915,1.3992,1.60,3.20
2009.06.19 15:54:02.210,1.39915,1.3993,4.00,17.40
2009.06.19 15:54:02.440,1.3992,1.3993,2.60,17.40
2009.06.19 15:54:03.029,1.3992,1.3993,9.00,8.00
2009.06.19 15:54:03.439,1.3992,1.39935,9.60,14.20
2009.06.19 15:54:03.979,1.3992,1.3993,8.40,3.20
2009.06.19 15:54:04.489,1.3992,1.3993,3.20,3.20
2009.06.19 15:54:05.759,1.39915,1.3993,12.00,6.20
2009.06.19 15:54:06.219,1.3991,1.39925,41.40,9.20
2009.06.19 15:54:06.918,1.3991,1.39925,38.20,9.20
2009.06.19 15:54:07.269,1.3991,1.39925,25.60,9.20
2009.06.19 15:54:07.778,1.3991,1.39925,26.20,9.20
2009.06.19 15:54:08.298,1.39915,1.39925,1.60,9.20
2009.06.19 15:54:08.628,1.3992,1.3993,3.20,11.00
2009.06.19 15:54:08.738,1.3992,1.3993,3.20,9.40
2009.06.19 15:54:09.988,1.3992,1.3993,3.20,3.20
2009.06.19 15:54:10.447,1.3992,1.3993,3.80,3.20
2009.06.19 15:54:10.668,1.3992,1.3993,10.80,18.80
2009.06.19 15:54:10.888,1.3992,1.3993,8.00,18.80
2009.06.19 15:54:11.297,1.39915,1.3992,1.00,3.20
2009.06.19 15:54:11.837,1.3991,1.3992,28.40,3.20
2009.06.19 15:54:12.187,1.3991,1.3992,26.40,3.20
2009.06.19 15:54:12.527,1.3991,1.3992,6.20,3.20
2009.06.19 15:54:12.697,1.3991,1.3993,9.60,18.80
2009.06.19 15:54:13.257,1.39915,1.3993,3.20,18.80
2009.06.19 15:54:13.377,1.39915,1.3993,4.80,18.80
2009.06.19 15:54:13.657,1.39915,1.3993,9.60,17.40
2009.06.19 15:54:14.007,1.39915,1.3993,4.80,9.40
2009.06.19 15:54:16.126,1.3991,1.39925,9.00,15.60
2009.06.19 15:54:16.546,1.3991,1.39925,9.60,14.20
2009.06.19 15:54:17.476,1.3991,1.3992,3.20,3.20
2009.06.19 15:54:17.776,1.3991,1.3992,3.80,3.20
2009.06.19 15:54:18.176,1.3991,1.3992,3.20,3.20
2009.06.19 15:54:19.375,1.3991,1.3992,3.20,4.40
2009.06.19 15:54:19.965,1.3991,1.39925,6.20,16.60
2009.06.19 15:54:22.335,1.3991,1.3992,3.80,4.40
2009.06.19 15:54:22.905,1.3992,1.3993,3.20,4.40
2009.06.19 15:54:23.245,1.39915,1.39925,32.60,15.60
2009.06.19 15:54:23.755,1.3991,1.39915,31.80,4.40
2009.06.19 15:54:24.884,1.3991,1.39915,39.80,4.40
2009.06.19 15:54:25.404,1.3991,1.39925,46.20,8.00
2009.06.19 15:54:25.844,1.3992,1.3993,3.20,17.40
2009.06.19 15:54:28.123,1.39915,1.39925,11.40,4.40
2009.06.19 15:54:28.473,1.39915,1.39925,11.40,6.20
2009.06.19 15:54:28.873,1.3991,1.39925,6.20,17.20
2009.06.19 15:54:29.343,1.3991,1.39915,8.00,4.40
2009.06.19 15:54:29.803,1.39905,1.39915,8.60,4.40
2009.06.19 15:54:30.293,1.39905,1.39915,1.00,4.40
2009.06.19 15:54:31.133,1.39905,1.39915,1.00,4.40
2009.06.19 15:54:31.643,1.399,1.39915,34.20,4.40
2009.06.19 15:54:32.042,1.399,1.39915,43.40,4.40
2009.06.19 15:54:32.272,1.39905,1.39915,1.00,4.40
2009.06.19 15:54:34.082,1.39905,1.3992,4.80,3.20
2009.06.19 15:54:34.352,1.3991,1.3992,4.20,3.20
2009.06.19 15:54:34.702,1.39915,1.3993,1.00,12.40
2009.06.19 15:54:35.112,1.3992,1.39925,3.80,4.40
2009.06.19 15:54:35.342,1.3992,1.3993,3.80,3.20
2009.06.19 15:54:37.321,1.39925,1.3993,3.00,1.20
2009.06.19 15:54:37.731,1.39915,1.3993,17.20,9.40
2009.06.19 15:54:38.021,1.39915,1.39935,18.80,7.60
2009.06.19 15:54:38.621,1.39915,1.39935,23.60,7.60
2009.06.19 15:54:44.629,1.3993,1.3994,3.80,15.60
2009.06.19 15:54:45.209,1.39915,1.3993,10.00,3.20
2009.06.19 15:54:45.539,1.39915,1.39935,13.40,8.80
2009.06.19 15:54:45.939,1.39915,1.3993,10.80,9.40
2009.06.19 15:54:46.499,1.3991,1.3992,30.20,4.40
2009.06.19 15:54:55.627,1.39915,1.3992,1.00,4.40
2009.06.19 15:54:55.857,1.3992,1.39925,3.20,8.40
2009.06.19 15:54:56.257,1.3992,1.39925,3.20,7.60
2009.06.19 15:54:56.317,1.39915,1.3992,12.80,1.20
2009.06.19 15:54:56.727,1.39915,1.3992,1.00,1.20
2009.06.19 15:54:57.246,1.3992,1.39925,3.20,4.40
2009.06.19 15:54:58.466,1.39925,1.39935,1.00,10.80
2009.06.19 15:54:58.866,1.3992,1.39935,44.00,7.60
2009.06.19 15:54:59.046,1.39915,1.39935,16.00,15.60
2009.06.19 15:55:00.215,1.39915,1.3993,59.00,4.40
2009.06.19 15:55:00.616,1.39925,1.39935,6.20,8.00
2009.06.19 15:55:00.795,1.3992,1.3993,41.60,4.40
2009.06.19 15:55:01.016,1.3992,1.3993,42.20,4.40
2009.06.19 15:55:01.365,1.39925,1.3994,6.40,12.00
2009.06.19 15:55:01.715,1.3993,1.3994,6.40,3.20
2009.06.19 15:55:02.295,1.3992,1.39935,11.20,6.20
2009.06.19 15:55:02.575,1.39925,1.39935,4.80,6.20
2009.06.19 15:55:03.335,1.3993,1.3994,3.20,10.80
2009.06.19 15:55:03.795,1.3993,1.3994,4.20,17.40
2009.06.19 15:55:04.265,1.39925,1.3994,15.80,10.80
2009.06.19 15:55:04.605,1.3992,1.3994,70.60,10.80
2009.06.19 15:55:05.345,1.3993,1.3994,24.40,9.40
2009.06.19 15:55:05.584,1.3993,1.39945,32.40,7.80
2009.06.19 15:55:06.044,1.39935,1.39945,15.80,6.20
2009.06.19 15:55:06.504,1.39925,1.39945,28.60,6.20
2009.06.19 15:55:10.893,1.39925,1.39945,19.20,6.20
2009.06.19 15:55:11.293,1.39925,1.3994,18.40,3.20
2009.06.19 15:55:11.863,1.3992,1.3994,25.20,10.80
2009.06.19 15:55:12.253,1.3992,1.3994,45.60,17.40
2009.06.19 15:55:13.343,1.3992,1.3994,53.20,18.80
2009.06.19 15:55:13.622,1.3992,1.3994,26.40,17.40
2009.06.19 15:55:14.172,1.3992,1.3994,9.60,18.80
2009.06.19 15:55:14.402,1.39925,1.3994,4.80,18.80
2009.06.19 15:55:16.521,1.3993,1.3994,3.20,17.40
2009.06.19 15:55:16.812,1.39925,1.3994,13.60,9.40
2009.06.19 15:55:17.521,1.39925,1.3994,16.60,3.20
2009.06.19 15:55:17.941,1.39925,1.3994,16.00,3.20
2009.06.19 15:55:19.751,1.3993,1.3994,3.80,9.40
2009.06.19 15:55:20.211,1.3993,1.3994,3.20,9.40
2009.06.19 15:55:20.981,1.3993,1.3994,13.00,9.40
2009.06.19 15:55:21.390,1.3993,1.3994,1.00,10.80
2009.06.19 15:55:21.911,1.3993,1.3994,6.40,9.40
2009.06.19 15:55:22.420,1.39935,1.39945,2.80,6.20
2009.06.19 15:55:22.700,1.39935,1.3995,9.60,9.40
2009.06.19 15:55:23.280,1.3994,1.39955,17.00,7.60
2009.06.19 15:55:23.520,1.3994,1.39955,33.00,6.20
2009.06.19 15:55:23.960,1.39945,1.39955,15.80,6.20
2009.06.19 15:55:26.169,1.3994,1.39955,9.60,6.20
2009.06.19 15:55:26.449,1.3994,1.39955,9.60,14.20
2009.06.19 15:55:27.099,1.3994,1.3995,3.20,9.40
2009.06.19 15:55:27.729,1.39945,1.3995,5.80,3.20
2009.06.19 15:55:27.969,1.39945,1.3995,9.60,5.00
2009.06.19 15:55:29.979,1.3994,1.3996,33.80,17.40
2009.06.19 15:55:30.908,1.39947,1.39957,3.20,17.40
2009.06.19 15:55:31.258,1.39947,1.39962,4.80,9.40
2009.06.19 15:55:31.658,1.39952,1.39962,3.20,17.40
2009.06.19 15:55:32.508,1.39955,1.39965,6.40,4.80
2009.06.19 15:55:32.798,1.39955,1.3997,4.80,9.40
2009.06.19 15:55:33.158,1.3997,1.3998,5.40,3.20
2009.06.19 15:55:33.508,1.39975,1.3998,1.60,3.20
2009.06.19 15:55:33.978,1.3997,1.3998,8.60,3.20
2009.06.19 15:55:36.047,1.3998,1.39995,3.80,15.60
2009.06.19 15:55:36.667,1.39985,1.3999,4.80,9.40
2009.06.19 15:55:37.027,1.39985,1.4,4.80,9.40
2009.06.19 15:55:37.507,1.39975,1.3999,11.60,9.40
2009.06.19 15:55:37.847,1.3998,1.3999,4.80,9.40
2009.06.19 15:55:39.166,1.3997,1.3999,16.40,9.40
2009.06.19 15:55:39.566,1.3998,1.39995,10.00,6.20
2009.06.19 15:55:40.386,1.3998,1.39995,13.20,6.20
2009.06.19 15:55:40.946,1.3999,1.4,3.20,9.40
2009.06.19 15:55:41.456,1.39995,1.4,3.40,3.20
2009.06.19 15:55:41.966,1.4,1.40005,3.20,6.20
2009.06.19 15:55:44.235,1.40005,1.4001,4.30,1.00
2009.06.19 15:55:44.585,1.4001,1.4002,3.20,17.40
2009.06.19 15:55:45.665,1.4001,1.40015,3.20,8.00
2009.06.19 15:55:46.045,1.4,1.40015,6.40,11.20
2009.06.19 15:55:46.454,1.4,1.4001,32.60,3.20
2009.06.19 15:55:47.035,1.3999,1.40005,17.40,6.20
2009.06.19 15:55:47.324,1.3999,1.4,1.60,12.00
2009.06.19 15:55:47.594,1.3999,1.4,3.20,3.20
2009.06.19 15:55:47.884,1.3999,1.4,3.20,17.40
2009.06.19 15:55:48.754,1.3999,1.4,3.20,11.20
2009.06.19 15:55:49.394,1.39985,1.4,19.40,18.20
2009.06.19 15:55:49.804,1.3998,1.39995,5.40,8.00
2009.06.19 15:55:50.094,1.3999,1.39995,3.20,8.00
2009.06.19 15:55:50.394,1.39985,1.39995,8.20,15.00
2009.06.19 15:55:50.674,1.3998,1.3999,5.40,3.20
2009.06.19 15:55:51.433,1.3998,1.39995,3.20,15.80
2009.06.19 15:55:51.833,1.3998,1.3999,3.20,3.20
2009.06.19 15:55:52.303,1.39975,1.3998,4.20,3.20
2009.06.19 15:55:52.803,1.3997,1.3998,3.20,3.20
2009.06.19 15:55:53.153,1.3997,1.3998,3.80,3.20
2009.06.19 15:55:53.633,1.3997,1.3998,3.20,3.20
2009.06.19 15:55:53.992,1.3997,1.3998,3.80,3.20
2009.06.19 15:55:54.992,1.3997,1.3998,1.00,15.00
2009.06.19 15:55:55.263,1.3996,1.3997,3.20,3.20
2009.06.19 15:55:55.552,1.3996,1.39975,4.80,12.80
2009.06.19 15:55:55.903,1.3996,1.3997,34.20,3.20
2009.06.19 15:55:56.292,1.3996,1.3997,3.80,3.20
2009.06.19 15:55:56.992,1.39965,1.3997,1.00,4.80
2009.06.19 15:55:57.352,1.39965,1.3998,1.60,4.40
2009.06.19 15:55:58.502,1.3997,1.3998,1.60,3.20
2009.06.19 15:55:58.911,1.3997,1.3998,4.80,3.20
2009.06.19 15:55:59.402,1.3997,1.3998,9.00,2.80
2009.06.19 15:55:59.692,1.3997,1.3998,2.20,4.40
2009.06.19 15:56:00.141,1.39965,1.3998,6.40,10.80
2009.06.19 15:56:00.541,1.3997,1.39975,2.20,5.40
2009.06.19 15:56:00.891,1.39965,1.39975,1.60,6.80
2009.06.19 15:56:01.121,1.39965,1.39975,1.60,10.00
2009.06.19 15:56:01.531,1.39965,1.3997,1.20,6.00
2009.06.19 15:56:02.041,1.3996,1.39975,22.80,8.00
2009.06.19 15:56:02.451,1.3997,1.3998,6.40,3.20
2009.06.19 15:56:02.511,1.3998,1.39985,3.80,4.60
2009.06.19 15:56:03.021,1.3998,1.3999,3.80,3.20
2009.06.19 15:56:03.300,1.39985,1.3999,2.40,3.20
2009.06.19 15:56:03.600,1.3998,1.3999,3.80,3.20
2009.06.19 15:56:04.820,1.39975,1.3998,8.20,3.20
2009.06.19 15:56:05.220,1.3998,1.39985,4.80,8.00
2009.06.19 15:56:05.460,1.3997,1.3998,3.20,3.20
2009.06.19 15:56:05.870,1.3997,1.3998,3.80,3.20
2009.06.19 15:56:07.160,1.3997,1.3998,5.40,4.80
2009.06.19 15:56:07.609,1.39975,1.3999,1.00,11.00
2009.06.19 15:56:08.079,1.39975,1.3998,1.00,3.20
2009.06.19 15:56:08.419,1.3997,1.3998,3.80,3.20
2009.06.19 15:56:08.719,1.3998,1.39985,2.40,6.20
2009.06.19 15:56:08.999,1.3998,1.3999,3.80,3.20
2009.06.19 15:56:12.028,1.39975,1.3999,6.40,9.40
2009.06.19 15:56:12.378,1.3998,1.3999,3.20,3.20
2009.06.19 15:56:12.788,1.3998,1.3999,3.80,3.20
2009.06.19 15:56:13.808,1.3998,1.3999,1.60,6.20
2009.06.19 15:56:14.338,1.39975,1.3998,1.60,4.80
2009.06.19 15:56:14.628,1.3998,1.3999,3.20,3.20
2009.06.19 15:56:14.808,1.3998,1.3999,3.80,3.20
2009.06.19 15:56:16.358,1.3998,1.3999,3.20,3.20
2009.06.19 15:56:17.287,1.3998,1.39995,4.80,8.00
2009.06.19 15:56:17.587,1.39985,1.4,4.80,17.40
2009.06.19 15:56:17.917,1.39985,1.4,2.20,9.40
2009.06.19 15:56:18.187,1.3999,1.4,3.20,3.20
2009.06.19 15:56:18.907,1.3999,1.4,3.80,3.20
2009.06.19 15:56:19.427,1.3999,1.40005,4.60,16.00
2009.06.19 15:56:19.757,1.4,1.4001,3.80,3.20
2009.06.19 15:56:22.166,1.40005,1.4002,1.60,18.80
2009.06.19 15:56:22.446,1.40005,1.4002,2.20,18.80
2009.06.19 15:56:22.866,1.4,1.40015,9.80,8.00
2009.06.19 15:56:23.156,1.4001,1.40015,3.20,8.00
2009.06.19 15:56:23.676,1.4001,1.4002,3.20,11.20
2009.06.19 15:56:24.035,1.40005,1.4002,3.40,18.80
2009.06.19 15:56:24.566,1.4,1.4002,10.60,18.80
2009.06.19 15:56:24.865,1.4,1.4002,9.00,18.80
2009.06.19 15:56:25.165,1.4,1.4002,10.00,18.80
2009.06.19 15:56:25.455,1.4,1.4002,4.80,18.80
2009.06.19 15:56:25.965,1.4001,1.40015,3.20,7.00
2009.06.19 15:56:26.555,1.40005,1.4002,20.60,10.80
2009.06.19 15:56:27.005,1.4,1.4002,10.00,18.80
2009.06.19 15:56:27.465,1.40005,1.4002,4.80,18.20
2009.06.19 15:56:28.225,1.40005,1.4002,5.80,18.20
2009.06.19 15:56:28.465,1.40005,1.4001,12.40,3.20
2009.06.19 15:56:28.764,1.40005,1.4001,1.20,4.40
2009.06.19 15:56:29.204,1.40005,1.4002,4.80,11.60
2009.06.19 15:56:29.444,1.40005,1.40015,1.00,5.20
2009.06.19 15:56:29.724,1.40005,1.4002,4.80,10.20
2009.06.19 15:56:30.084,1.40005,1.4002,3.20,4.00
2009.06.19 15:56:30.494,1.40005,1.4002,4.80,4.00
2009.06.19 15:56:31.014,1.40005,1.4002,4.80,3.80
2009.06.19 15:56:31.484,1.40005,1.4001,1.00,3.20
2009.06.19 15:56:31.933,1.4,1.4001,22.40,3.20
2009.06.19 15:56:32.214,1.40005,1.4001,2.20,3.20
2009.06.19 15:56:32.743,1.4001,1.40025,9.60,10.80
2009.06.19 15:56:33.083,1.40005,1.4001,1.60,4.80
2009.06.19 15:56:33.413,1.4001,1.4002,3.80,3.20
2009.06.19 15:56:34.603,1.4001,1.4002,8.40,11.40
2009.06.19 15:56:35.083,1.40015,1.4003,12.80,9.40
2009.06.19 15:56:35.553,1.40015,1.4003,1.60,9.20
2009.06.19 15:56:35.963,1.40015,1.4002,4.80,4.80
2009.06.19 15:56:36.432,1.40015,1.4003,4.80,9.40
2009.06.19 15:56:37.642,1.4002,1.4003,3.20,9.40
2009.06.19 15:56:37.982,1.40015,1.4003,4.80,17.40
2009.06.19 15:56:38.272,1.4001,1.4003,10.00,17.40
2009.06.19 15:56:39.542,1.40015,1.4003,3.80,6.20
2009.06.19 15:56:39.892,1.40015,1.4003,3.20,9.40
2009.06.19 15:56:40.292,1.4001,1.4003,10.00,17.40
2009.06.19 15:56:40.412,1.4001,1.4002,10.00,1.00
2009.06.19 15:56:40.651,1.4001,1.4002,6.40,1.00
2009.06.19 15:56:40.991,1.4001,1.4003,10.00,21.00
2009.06.19 15:56:41.451,1.40015,1.4003,4.80,17.40
2009.06.19 15:56:42.971,1.40015,1.4003,3.80,14.20
2009.06.19 15:56:43.261,1.40015,1.4003,6.80,17.40
2009.06.19 15:56:43.501,1.40015,1.4003,15.80,17.40
2009.06.19 15:56:43.841,1.40015,1.4003,4.80,17.40
2009.06.19 15:56:44.181,1.40015,1.4002,6.40,3.20
2009.06.19 15:56:44.941,1.4001,1.4002,3.80,3.20
2009.06.19 15:56:45.470,1.40015,1.4003,9.60,17.40
2009.06.19 15:56:45.750,1.40015,1.4003,4.20,11.20
2009.06.19 15:56:46.160,1.40015,1.4003,12.60,3.20
2009.06.19 15:56:46.560,1.4002,1.4003,6.60,3.20
2009.06.19 15:56:47.090,1.4002,1.4004,10.00,17.40
2009.06.19 15:56:47.430,1.4002,1.40035,10.00,8.00
2009.06.19 15:56:47.950,1.40035,1.4005,14.60,20.60
2009.06.19 15:56:48.230,1.40035,1.4004,13.00,3.20
2009.06.19 15:56:48.520,1.4003,1.4004,8.20,3.20
2009.06.19 15:56:48.920,1.4004,1.4005,4.80,11.20
2009.06.19 15:56:49.210,1.4004,1.4005,5.80,11.20
2009.06.19 15:56:49.539,1.4004,1.4005,5.80,3.20
2009.06.19 15:56:49.999,1.4004,1.40055,9.40,8.00
2009.06.19 15:56:50.289,1.40045,1.4006,4.40,12.80
2009.06.19 15:56:50.579,1.4006,1.4007,3.20,14.40
2009.06.19 15:56:50.879,1.4007,1.40075,6.20,8.00
2009.06.19 15:56:51.439,1.4008,1.401,3.80,17.20
2009.06.19 15:56:51.789,1.40075,1.401,3.20,11.20
2009.06.19 15:56:52.369,1.40065,1.40075,1.00,3.20
2009.06.19 15:56:52.728,1.40055,1.40075,3.80,3.20
2009.06.19 15:56:53.128,1.4006,1.4007,3.20,11.20
2009.06.19 15:56:53.468,1.4006,1.4007,3.20,3.20
2009.06.19 15:56:53.818,1.4006,1.40065,9.20,3.20
2009.06.19 15:56:54.230,1.40055,1.4007,6.20,6.80
2009.06.19 15:56:54.638,1.40065,1.40075,1.60,3.20
2009.06.19 15:56:55.048,1.4007,1.40075,3.80,1.60
2009.06.19 15:56:55.498,1.4007,1.4008,3.80,4.80
2009.06.19 15:56:55.738,1.4007,1.4008,3.80,3.20
2009.06.19 15:56:56.728,1.4007,1.4008,7.40,3.20
2009.06.19 15:56:57.188,1.40075,1.4009,4.00,4.40
2009.06.19 15:56:57.777,1.4008,1.4009,3.80,3.20
2009.06.19 15:57:00.847,1.4009,1.401,3.80,3.20
2009.06.19 15:57:01.947,1.4008,1.4009,3.20,3.20
2009.06.19 15:57:02.816,1.4008,1.4009,3.20,11.20
2009.06.19 15:57:03.226,1.40085,1.4009,3.00,3.20
2009.06.19 15:57:03.527,1.4009,1.401,3.20,12.80
2009.06.19 15:57:04.056,1.4009,1.401,1.60,18.80
2009.06.19 15:57:04.396,1.40085,1.401,5.80,10.80
2009.06.19 15:57:04.966,1.4009,1.401,3.20,3.20
2009.06.19 15:57:06.715,1.4009,1.401,3.20,11.20
2009.06.19 15:57:07.225,1.40095,1.401,9.60,8.00
2009.06.19 15:57:07.555,1.401,1.40115,9.00,8.00
2009.06.19 15:57:07.845,1.4011,1.40115,3.20,8.00
2009.06.19 15:57:08.415,1.4012,1.40125,3.20,9.00
2009.06.19 15:57:08.715,1.4012,1.4013,3.20,17.40
2009.06.19 15:57:09.005,1.40115,1.4013,6.80,14.00
2009.06.19 15:57:09.305,1.4012,1.40125,1.40,7.20
2009.06.19 15:57:09.535,1.4012,1.40125,3.20,8.00
2009.06.19 15:57:09.835,1.40115,1.40125,4.80,8.00
2009.06.19 15:57:10.114,1.401,1.4011,3.20,3.20
2009.06.19 15:57:10.454,1.401,1.4011,3.20,11.20
2009.06.19 15:57:11.034,1.4011,1.4012,3.20,14.20
2009.06.19 15:57:11.564,1.4011,1.4012,3.20,11.20
2009.06.19 15:57:12.994,1.401,1.4011,11.00,3.20
2009.06.19 15:57:13.403,1.401,1.4011,3.20,11.20
2009.06.19 15:57:13.823,1.401,1.4011,3.20,12.00
2009.06.19 15:57:14.234,1.401,1.4011,3.20,12.80
2009.06.19 15:57:15.883,1.40095,1.40105,18.20,8.00
2009.06.19 15:57:16.333,1.4009,1.401,3.20,11.20
2009.06.19 15:57:17.723,1.4009,1.401,3.20,3.20
2009.06.19 15:57:19.892,1.4009,1.401,3.20,11.20
2009.06.19 15:57:20.052,1.40085,1.40095,6.60,4.00
2009.06.19 15:57:20.272,1.40085,1.40095,3.20,4.00
2009.06.19 15:57:20.622,1.4008,1.4009,32.40,3.20
2009.06.19 15:57:21.042,1.4008,1.4009,3.80,3.20
2009.06.19 15:57:22.611,1.4008,1.4009,3.20,3.20
2009.06.19 15:57:23.061,1.40075,1.4008,4.20,3.20
2009.06.19 15:57:23.531,1.4007,1.4008,3.80,3.20
2009.06.19 15:57:23.991,1.4007,1.4008,3.20,3.20
2009.06.19 15:57:24.861,1.4007,1.4008,3.20,11.20
2009.06.19 15:57:25.221,1.40065,1.40075,11.80,4.40
2009.06.19 15:57:25.741,1.40065,1.4007,3.40,4.40
2009.06.19 15:57:26.031,1.4006,1.40075,13.40,4.40
2009.06.19 15:57:26.560,1.4006,1.40075,15.00,8.00
2009.06.19 15:57:26.910,1.4007,1.4008,3.20,17.40
2009.06.19 15:57:27.490,1.4007,1.4008,3.20,3.20
2009.06.19 15:57:28.030,1.4007,1.40075,7.20,4.40
2009.06.19 15:57:28.370,1.40065,1.4007,3.40,3.20
2009.06.19 15:57:28.610,1.4006,1.4007,6.60,3.20
2009.06.19 15:57:29.190,1.40065,1.40075,3.40,14.60
2009.06.19 15:57:29.760,1.4007,1.4008,3.20,11.20
2009.06.19 15:57:30.349,1.4007,1.40085,3.80,8.00
2009.06.19 15:57:30.689,1.4007,1.40085,7.40,8.00
2009.06.19 15:57:31.049,1.4007,1.40085,6.60,8.00
2009.06.19 15:57:34.069,1.4006,1.4007,4.80,3.20
2009.06.19 15:57:34.349,1.4006,1.4007,3.20,3.20
2009.06.19 15:57:35.508,1.4006,1.4007,3.20,11.20
2009.06.19 15:57:37.858,1.40055,1.40065,10.60,8.00
2009.06.19 15:57:38.207,1.4006,1.40065,3.20,8.00
2009.06.19 15:57:38.967,1.4006,1.4007,3.20,11.20
2009.06.19 15:57:39.407,1.4006,1.4007,3.80,3.20
2009.06.19 15:57:39.807,1.40065,1.40075,1.60,12.40
2009.06.19 15:57:40.097,1.40065,1.40075,1.60,4.40
2009.06.19 15:57:40.387,1.40065,1.4007,11.40,3.20
2009.06.19 15:57:40.687,1.4006,1.40065,8.80,4.50
2009.06.19 15:57:41.267,1.4005,1.4006,3.20,3.20
2009.06.19 15:57:42.467,1.4005,1.4006,4.20,5.60
2009.06.19 15:57:43.046,1.4005,1.4006,7.40,3.20
2009.06.19 15:57:43.386,1.40055,1.40065,1.60,6.20
2009.06.19 15:57:43.657,1.40055,1.40065,1.60,4.40
2009.06.19 15:57:43.946,1.40055,1.40065,4.80,4.40
2009.06.19 15:57:44.426,1.40055,1.40065,1.60,4.40
2009.06.19 15:57:46.816,1.40055,1.40065,1.60,4.40
2009.06.19 15:57:47.296,1.40055,1.4006,3.80,1.20
2009.06.19 15:57:47.756,1.40055,1.4007,3.80,3.20
2009.06.19 15:57:50.655,1.4005,1.4006,9.20,3.20
2009.06.19 15:57:50.715,1.40045,1.4005,11.00,3.20
2009.06.19 15:57:51.005,1.40045,1.4005,1.60,3.20
2009.06.19 15:57:51.354,1.4004,1.4005,3.20,9.60
2009.06.19 15:57:54.984,1.4002,1.40035,6.60,9.20
2009.06.19 15:57:55.434,1.40015,1.4002,1.60,11.20
2009.06.19 15:57:56.004,1.40005,1.4001,3.40,3.20
2009.06.19 15:57:56.574,1.4,1.40005,3.40,8.00
2009.06.19 15:57:56.955,1.39995,1.40005,11.20,8.00
2009.06.19 15:57:57.493,1.39995,1.40005,5.00,8.00
2009.06.19 15:57:57.833,1.4,1.4001,8.80,1.20
2009.06.19 15:57:58.243,1.39995,1.40005,2.20,3.20
2009.06.19 15:57:58.513,1.4,1.4001,4.80,11.60
2009.06.19 15:57:58.923,1.4,1.4001,9.20,8.00
2009.06.19 15:57:59.942,1.40005,1.4002,3.80,17.60
2009.06.19 15:58:00.232,1.4,1.4001,8.20,8.00
2009.06.19 15:58:00.682,1.4,1.4001,8.60,8.00
2009.06.19 15:58:01.252,1.4,1.40015,9.20,8.00
2009.06.19 15:58:01.772,1.4,1.40015,8.80,8.00
2009.06.19 15:58:02.182,1.4001,1.40015,3.20,8.00
2009.06.19 15:58:02.772,1.4001,1.4002,3.20,11.20
2009.06.19 15:58:03.292,1.4001,1.4002,9.20,8.00
2009.06.19 15:58:03.632,1.40015,1.40025,1.60,8.00
2009.06.19 15:58:03.861,1.4002,1.40025,3.20,8.00
2009.06.19 15:58:04.941,1.40025,1.40035,1.60,8.00
2009.06.19 15:58:05.291,1.4003,1.40035,3.20,8.00
2009.06.19 15:58:05.581,1.4003,1.4004,3.20,3.20
2009.06.19 15:58:08.110,1.4002,1.40035,17.80,4.40
2009.06.19 15:58:08.640,1.40025,1.4004,1.00,18.60
2009.06.19 15:58:08.980,1.40025,1.4003,1.00,3.20
2009.06.19 15:58:09.340,1.4002,1.4003,4.00,3.20
2009.06.19 15:58:09.720,1.40017,1.40037,4.00,3.20
2009.06.19 15:58:10.070,1.4003,1.40055,5.60,7.60
2009.06.19 15:58:10.710,1.4003,1.4005,4.00,4.40
2009.06.19 15:58:11.010,1.40035,1.4004,1.60,3.20
2009.06.19 15:58:11.420,1.4003,1.4004,5.40,3.20
2009.06.19 15:58:11.749,1.40035,1.40045,1.60,4.80
2009.06.19 15:58:12.330,1.4004,1.4005,3.80,3.20
2009.06.19 15:58:12.909,1.40045,1.4005,1.00,3.20
2009.06.19 15:58:13.419,1.40045,1.4006,1.00,10.80
2009.06.19 15:58:13.809,1.40045,1.40055,2.20,4.40
2009.06.19 15:58:14.219,1.4005,1.4006,3.80,3.20
2009.06.19 15:58:14.519,1.40045,1.4006,1.60,3.20
2009.06.19 15:58:14.819,1.40045,1.4005,3.80,3.20
2009.06.19 15:58:15.279,1.4004,1.4005,3.80,3.20
2009.06.19 15:58:16.298,1.4004,1.4005,3.20,3.20
2009.06.19 15:58:17.148,1.4003,1.4004,3.80,3.20
2009.06.19 15:58:18.918,1.4003,1.4004,16.40,3.20
2009.06.19 15:58:19.318,1.4003,1.4004,1.00,10.80
2009.06.19 15:58:19.678,1.40025,1.4004,4.00,10.80
2009.06.19 15:58:19.958,1.40025,1.4004,1.60,10.80
2009.06.19 15:58:21.437,1.40025,1.4004,1.60,18.80
2009.06.19 15:58:22.787,1.40025,1.4003,1.00,9.60
2009.06.19 15:58:23.307,1.40015,1.40025,1.60,4.40
2009.06.19 15:58:23.947,1.4001,1.40025,9.80,4.40
2009.06.19 15:58:24.526,1.4001,1.4002,3.80,3.20
2009.06.19 15:58:24.817,1.4001,1.4002,3.20,11.20
2009.06.19 15:58:26.136,1.4001,1.4002,6.60,11.20
2009.06.19 15:58:26.586,1.4001,1.4002,3.20,11.20
2009.06.19 15:58:27.166,1.40015,1.40025,1.20,8.00
2009.06.19 15:58:27.456,1.4001,1.40025,8.20,8.00
2009.06.19 15:58:27.746,1.4001,1.40025,3.80,8.00
2009.06.19 15:58:28.096,1.4001,1.40025,8.20,8.00
2009.06.19 15:58:28.845,1.40015,1.40025,1.20,8.00
2009.06.19 15:58:29.315,1.4002,1.4003,3.20,11.20
2009.06.19 15:58:30.095,1.4002,1.4003,6.60,8.00
2009.06.19 15:58:30.325,1.4003,1.40035,3.20,8.00
2009.06.19 15:58:30.665,1.4003,1.4004,3.20,11.20
2009.06.19 15:58:39.493,1.4002,1.40035,12.80,8.00
2009.06.19 15:58:39.893,1.4002,1.4003,3.80,3.20
2009.06.19 15:58:40.243,1.40015,1.40025,4.00,4.40
2009.06.19 15:58:40.593,1.40015,1.40025,3.40,8.00
2009.06.19 15:58:40.992,1.4001,1.40025,9.80,8.00
2009.06.19 15:58:41.522,1.4001,1.4002,3.80,4.80
2009.06.19 15:58:42.042,1.4001,1.4002,3.20,11.20
2009.06.19 15:58:44.761,1.40015,1.4002,1.60,3.20
2009.06.19 15:58:44.811,1.4002,1.40025,3.20,8.00
2009.06.19 15:58:45.452,1.4002,1.4003,9.80,11.20
2009.06.19 15:58:45.791,1.4002,1.40035,9.80,8.00
2009.06.19 15:58:46.311,1.4002,1.40035,9.80,4.40
2009.06.19 15:58:50.470,1.4002,1.40035,9.80,8.00
2009.06.19 15:58:51.860,1.4002,1.40035,8.80,8.00
2009.06.19 15:58:52.570,1.4002,1.4003,7.20,6.40
2009.06.19 15:58:52.909,1.4002,1.4003,3.80,11.20
2009.06.19 15:58:53.250,1.4001,1.40025,8.80,8.00
2009.06.19 15:58:53.540,1.4001,1.40025,9.80,8.00
2009.06.19 15:58:55.929,1.4001,1.40025,8.80,8.00
2009.06.19 15:58:56.159,1.4001,1.4002,6.60,11.20
2009.06.19 15:58:56.439,1.4001,1.4002,16.60,11.20
2009.06.19 15:58:56.829,1.4,1.40015,10.40,8.00
2009.06.19 15:58:57.119,1.4,1.40015,8.80,9.60
2009.06.19 15:58:57.419,1.4,1.4001,7.20,3.20
2009.06.19 15:58:57.698,1.4,1.4001,5.40,3.20
2009.06.19 15:58:58.038,1.4,1.4001,7.20,3.20
2009.06.19 15:58:58.318,1.4,1.4001,3.20,11.20
2009.06.19 15:59:00.178,1.39995,1.4,4.00,3.20
2009.06.19 15:59:00.638,1.39995,1.4,3.40,3.20
2009.06.19 15:59:00.988,1.3999,1.4,3.20,11.20
2009.06.19 15:59:02.297,1.3999,1.39995,3.20,8.00
2009.06.19 15:59:02.707,1.39985,1.3999,2.40,3.20
2009.06.19 15:59:03.047,1.3998,1.39995,5.40,8.00
2009.06.19 15:59:03.977,1.3998,1.39995,8.80,8.00
2009.06.19 15:59:04.377,1.3998,1.39995,9.80,8.00
2009.06.19 15:59:04.797,1.39985,1.39995,4.00,1.20
2009.06.19 15:59:05.137,1.3998,1.3999,5.40,3.20
2009.06.19 15:59:05.537,1.3998,1.39995,8.80,8.00
2009.06.19 15:59:05.890,1.3998,1.39995,9.80,8.00
2009.06.19 15:59:06.416,1.3998,1.39995,7.20,8.00
2009.06.19 15:59:06.936,1.3998,1.3999,4.20,11.20
2009.06.19 15:59:07.296,1.3998,1.3999,3.20,11.20
2009.06.19 15:59:07.646,1.39975,1.3999,16.00,13.60
2009.06.19 15:59:07.996,1.39975,1.3999,14.60,13.60
2009.06.19 15:59:08.736,1.39975,1.3999,5.00,13.60
2009.06.19 15:59:09.416,1.39975,1.39985,1.60,8.00
2009.06.19 15:59:09.705,1.3997,1.3998,5.80,11.20
2009.06.19 15:59:09.986,1.39975,1.3998,1.60,8.00
2009.06.19 15:59:10.405,1.3997,1.3998,4.80,8.00
2009.06.19 15:59:10.685,1.39975,1.3999,2.20,17.60
2009.06.19 15:59:11.325,1.3997,1.3998,5.40,3.20
2009.06.19 15:59:11.905,1.39975,1.3998,2.60,8.00
2009.06.19 15:59:12.285,1.39975,1.39985,2.60,8.00
2009.06.19 15:59:12.635,1.39975,1.3999,2.60,11.20
2009.06.19 15:59:13.555,1.39975,1.3999,2.80,11.20
2009.06.19 15:59:13.894,1.39975,1.3999,3.20,11.20
2009.06.19 15:59:16.414,1.39975,1.3998,1.60,3.20
2009.06.19 15:59:16.774,1.3997,1.39985,5.00,9.60
2009.06.19 15:59:17.294,1.39965,1.39975,5.20,8.00
2009.06.19 15:59:17.644,1.39965,1.3998,3.00,17.60
2009.06.19 15:59:17.704,1.39965,1.3998,3.00,14.40
2009.06.19 15:59:18.293,1.3997,1.3998,1.00,20.00
2009.06.19 15:59:19.214,1.39965,1.3997,2.00,8.00
2009.06.19 15:59:19.653,1.39965,1.39975,3.00,8.00
2009.06.19 15:59:19.893,1.3997,1.39975,1.60,8.00
2009.06.19 15:59:20.173,1.3997,1.3998,4.80,11.20
2009.06.19 15:59:20.633,1.3997,1.3998,3.20,11.20
2009.06.19 15:59:21.093,1.3997,1.39975,3.20,8.00
2009.06.19 15:59:21.603,1.3997,1.3998,5.80,11.20
2009.06.19 15:59:22.173,1.39975,1.3998,4.20,11.20
2009.06.19 15:59:22.642,1.39965,1.39975,2.60,8.00
2009.06.19 15:59:24.822,1.39965,1.3998,2.60,11.20
2009.06.19 15:59:26.571,1.39965,1.39975,2.60,8.00
2009.06.19 15:59:27.831,1.39965,1.3997,1.60,11.20
2009.06.19 15:59:28.352,1.39975,1.3998,2.20,3.20
2009.06.19 15:59:28.701,1.3997,1.3998,5.40,3.20
2009.06.19 15:59:28.931,1.39975,1.3998,3.20,3.20
2009.06.19 15:59:29.221,1.39965,1.3998,3.20,11.20
2009.06.19 15:59:29.521,1.39965,1.3998,1.60,11.20
2009.06.19 15:59:30.081,1.39965,1.39975,1.60,8.00
2009.06.19 15:59:30.421,1.3996,1.3997,16.20,2.80
2009.06.19 15:59:30.961,1.3996,1.3997,3.20,11.20
2009.06.19 15:59:32.910,1.3997,1.39975,10.20,16.80
2009.06.19 15:59:33.440,1.3997,1.39985,13.60,8.00
2009.06.19 15:59:36.109,1.3997,1.3998,6.10,8.00
2009.06.19 15:59:36.399,1.3996,1.3997,3.80,11.20
2009.06.19 15:59:36.949,1.3996,1.3997,3.20,11.20
2009.06.19 15:59:37.309,1.3995,1.39965,3.80,9.20
2009.06.19 15:59:37.669,1.39955,1.39965,1.60,9.20
2009.06.19 15:59:38.019,1.3995,1.3996,3.80,3.20
2009.06.19 15:59:38.609,1.3995,1.39965,5.40,8.00
2009.06.19 15:59:38.908,1.3995,1.39965,6.40,8.00
2009.06.19 15:59:39.319,1.3995,1.39965,5.40,8.00
2009.06.19 15:59:40.548,1.3995,1.39965,5.80,8.00
2009.06.19 15:59:41.068,1.3996,1.3997,3.20,12.40
2009.06.19 15:59:41.418,1.39955,1.3997,6.60,11.20
2009.06.19 15:59:41.818,1.3996,1.3997,3.20,11.20
2009.06.19 15:59:43.267,1.3995,1.3996,7.60,11.20
2009.06.19 15:59:43.508,1.3995,1.39965,9.20,8.00
2009.06.19 15:59:43.907,1.3995,1.39965,10.60,8.00
2009.06.19 15:59:44.197,1.3996,1.39965,3.20,8.00
2009.06.19 15:59:44.717,1.3996,1.3997,3.20,11.20
2009.06.19 15:59:45.117,1.3995,1.39965,9.80,8.00
2009.06.19 15:59:45.747,1.3996,1.39975,8.80,8.20
2009.06.19 15:59:45.977,1.3996,1.39975,8.80,8.00
2009.06.19 15:59:48.026,1.3997,1.39975,3.20,8.00
2009.06.19 15:59:48.136,1.3997,1.3998,3.20,11.20
2009.06.19 15:59:49.636,1.3997,1.3998,3.80,3.20
2009.06.19 15:59:50.046,1.3998,1.39985,1.20,9.00
2009.06.19 15:59:50.226,1.39975,1.3999,1.80,17.80
2009.06.19 15:59:50.466,1.39975,1.3999,1.80,17.60
2009.06.19 15:59:50.815,1.3998,1.39985,1.20,8.00
2009.06.19 15:59:51.336,1.39975,1.39985,2.80,8.00
2009.06.19 15:59:52.285,1.39975,1.39985,1.60,8.00
2009.06.19 15:59:52.865,1.3997,1.3998,4.80,17.60
2009.06.19 15:59:53.265,1.39965,1.3997,1.60,3.20
2009.06.19 15:59:53.605,1.39965,1.39975,1.60,14.40
2009.06.19 15:59:53.955,1.39965,1.39975,1.60,17.60
2009.06.19 15:59:54.825,1.3996,1.39975,16.20,8.00
2009.06.19 15:59:55.395,1.3996,1.39975,9.80,8.00
2009.06.19 15:59:58.544,1.3996,1.39975,5.40,14.40
2009.06.19 15:59:59.004,1.3996,1.39975,9.20,14.40
2009.06.19 15:59:59.234,1.3996,1.39975,9.80,14.40
2009.06.19 15:59:59.713,1.3996,1.39975,9.80,8.00
