2011.12.01 05:00:01.067,1.34663,1.3467,1.88,1.50
2011.12.01 05:00:01.666,1.34663,1.3467,1.88,1.50
2011.12.01 05:00:02.396,1.34663,1.3467,1.88,1.50
2011.12.01 05:00:06.949,1.34664,1.34672,2.25,1.50
2011.12.01 05:00:07.190,1.34666,1.34673,1.50,1.13
2011.12.01 05:00:07.558,1.34664,1.34672,2.25,1.50
2011.12.01 05:00:08.028,1.34663,1.3467,1.88,1.50
2011.12.01 05:00:09.666,1.34664,1.34672,2.25,1.50
2011.12.01 05:00:11.466,1.34664,1.34672,2.25,1.50
2011.12.01 05:00:11.588,1.34666,1.34673,1.50,1.13
2011.12.01 05:00:11.950,1.34668,1.34675,1.50,1.13
2011.12.01 05:00:12.453,1.3467,1.34675,1.50,1.13
2011.12.01 05:00:12.590,1.34668,1.34675,2.25,1.13
2011.12.01 05:00:13.070,1.34671,1.34677,1.50,1.13
2011.12.01 05:00:13.646,1.34669,1.34677,2.25,2.63
2011.12.01 05:00:15.278,1.34669,1.34677,2.25,1.50
2011.12.01 05:00:15.876,1.34669,1.34677,2.25,1.50
2011.12.01 05:00:16.929,1.34671,1.34678,2.25,1.13
2011.12.01 05:00:17.289,1.34673,1.34681,1.50,3.00
2011.12.01 05:00:17.409,1.34675,1.34681,1.50,1.50
2011.12.01 05:00:17.877,1.34673,1.34681,1.50,3.38
2011.12.01 05:00:19.590,1.34675,1.34683,1.50,2.55
2011.12.01 05:00:19.953,1.34682,1.34688,1.50,1.13
2011.12.01 05:00:20.397,1.34682,1.34688,1.50,1.13
2011.12.01 05:00:20.530,1.3468,1.34688,1.50,1.50
2011.12.01 05:00:22.201,1.3468,1.34688,1.88,2.63
2011.12.01 05:00:22.450,1.3468,1.34687,1.50,1.13
2011.12.01 05:00:23.036,1.34678,1.34686,4.13,1.50
2011.12.01 05:00:23.618,1.3468,1.34688,2.63,1.50
2011.12.01 05:00:24.087,1.34677,1.34684,1.88,1.50
2011.12.01 05:00:24.672,1.34676,1.34684,3.00,2.63
2011.12.01 05:00:25.157,1.34678,1.34686,1.50,3.38
2011.12.01 05:00:25.640,1.34678,1.34683,1.50,1.13
2011.12.01 05:00:25.757,1.34676,1.34683,2.25,1.13
2011.12.01 05:00:26.241,1.34678,1.34685,1.50,1.13
2011.12.01 05:00:26.609,1.34678,1.34683,1.50,1.13
2011.12.01 05:00:26.850,1.34676,1.34683,2.25,1.13
2011.12.01 05:00:27.091,1.34679,1.34683,1.50,1.13
2011.12.01 05:00:28.007,1.34677,1.34683,1.50,1.13
2011.12.01 05:00:33.457,1.34677,1.34685,1.50,2.63
2011.12.01 05:00:33.819,1.34679,1.34685,1.50,1.13
2011.12.01 05:00:34.276,1.34677,1.34685,2.25,2.63
2011.12.01 05:00:38.141,1.34675,1.34683,3.38,1.50
2011.12.01 05:00:47.034,1.34673,1.34681,3.38,1.50
2011.12.01 05:00:47.399,1.34672,1.34679,1.88,1.50
2011.12.01 05:00:47.999,1.34672,1.34679,1.88,1.50
2011.12.01 05:00:48.478,1.34672,1.34679,1.88,1.50
2011.12.01 05:00:52.266,1.34671,1.34679,3.38,1.50
2011.12.01 05:00:52.837,1.34671,1.34679,3.38,1.50
2011.12.01 05:00:53.420,1.34671,1.34679,3.38,1.50
2011.12.01 05:00:54.407,1.34672,1.34679,1.13,1.50
2011.12.01 05:00:59.569,1.34673,1.34681,1.50,2.25
2011.12.01 05:00:59.687,1.34672,1.34678,1.88,1.50
2011.12.01 05:01:00.380,1.34671,1.34678,1.88,1.50
2011.12.01 05:01:00.728,1.34673,1.34678,1.13,1.50
2011.12.01 05:01:01.208,1.34674,1.3468,1.50,1.50
2011.12.01 05:01:01.787,1.34675,1.3468,1.50,1.50
2011.12.01 05:01:34.660,1.34673,1.34678,1.88,1.50
2011.12.01 05:01:35.022,1.34668,1.34675,4.95,1.50
2011.12.01 05:01:35.147,1.34668,1.34675,4.73,1.50
2011.12.01 05:01:36.196,1.34668,1.34673,3.98,1.50
2011.12.01 05:01:36.900,1.34666,1.34673,2.03,1.50
2011.12.01 05:01:37.378,1.34665,1.34671,1.50,1.50
2011.12.01 05:01:37.620,1.34663,1.34668,1.88,1.50
2011.12.01 05:01:42.447,1.34663,1.34671,2.63,1.50
2011.12.01 05:01:42.587,1.34662,1.34669,9.83,1.92
2011.12.01 05:01:42.719,1.3466,1.34668,1.50,2.25
2011.12.01 05:01:42.851,1.34659,1.34667,2.25,1.50
2011.12.01 05:01:43.231,1.34657,1.34667,2.25,1.50
2011.12.01 05:01:43.365,1.34658,1.34665,1.13,1.50
2011.12.01 05:01:43.497,1.34656,1.34664,2.25,1.50
2011.12.01 05:01:43.622,1.34655,1.34663,3.00,1.50
2011.12.01 05:01:43.874,1.34654,1.34662,1.50,1.50
2011.12.01 05:01:44.536,1.34654,1.3466,1.88,1.50
2011.12.01 05:01:44.901,1.34649,1.34657,2.25,1.50
2011.12.01 05:01:45.269,1.34647,1.34655,4.13,1.50
2011.12.01 05:01:47.491,1.34649,1.34657,2.25,1.50
2011.12.01 05:01:48.929,1.3465,1.34657,1.88,1.50
2011.12.01 05:01:49.758,1.34649,1.34657,2.25,1.50
2011.12.01 05:01:50.360,1.34649,1.34657,3.38,1.50
2011.12.01 05:01:50.959,1.34649,1.34657,4.13,1.50
2011.12.01 05:01:53.720,1.34651,1.34657,2.63,1.50
2011.12.01 05:01:53.855,1.34653,1.3466,1.88,1.50
2011.12.01 05:01:54.458,1.34653,1.3466,1.88,1.50
2011.12.01 05:01:55.018,1.34653,1.3466,1.88,1.50
2011.12.01 05:01:56.537,1.34653,1.3466,1.88,1.50
2011.12.01 05:01:57.135,1.34653,1.3466,1.88,1.50
2011.12.01 05:02:01.839,1.34654,1.34662,1.50,1.50
2011.12.01 05:02:11.788,1.34654,1.34662,2.25,1.50
2011.12.01 05:02:14.467,1.34654,1.34662,2.25,1.50
2011.12.01 05:02:14.706,1.34653,1.3466,1.88,1.50
2011.12.01 05:02:16.303,1.34649,1.34656,3.00,1.50
2011.12.01 05:02:16.776,1.34651,1.34656,1.13,1.50
2011.12.01 05:02:19.364,1.3465,1.34656,1.13,1.50
2011.12.01 05:02:24.726,1.34649,1.34656,1.88,1.50
2011.12.01 05:02:25.473,1.34644,1.34651,3.00,2.25
2011.12.01 05:02:25.609,1.34645,1.34652,2.63,1.05
2011.12.01 05:02:25.729,1.34647,1.34655,1.50,3.38
2011.12.01 05:02:26.827,1.34647,1.34655,1.50,3.38
2011.12.01 05:02:27.637,1.34647,1.34655,1.50,3.38
2011.12.01 05:02:27.762,1.34645,1.34653,2.63,1.50
2011.12.01 05:02:28.660,1.34644,1.34651,2.63,1.50
2011.12.01 05:02:29.260,1.34643,1.34651,1.50,2.25
2011.12.01 05:02:29.836,1.34642,1.34649,1.13,1.50
2011.12.01 05:02:30.197,1.34642,1.34647,1.13,1.50
2011.12.01 05:02:31.027,1.3464,1.34647,2.63,1.50
2011.12.01 05:02:31.618,1.3464,1.34647,2.63,1.50
2011.12.01 05:02:32.307,1.34642,1.3465,1.50,2.63
2011.12.01 05:02:34.056,1.3464,1.34648,4.13,1.50
2011.12.01 05:02:34.896,1.3464,1.34648,4.13,1.50
2011.12.01 05:02:40.325,1.3464,1.34648,4.13,1.50
2011.12.01 05:02:40.676,1.34642,1.3465,1.50,2.63
2011.12.01 05:02:46.670,1.34642,1.3465,3.00,1.50
2011.12.01 05:02:47.256,1.34645,1.34652,1.50,1.88
2011.12.01 05:02:47.895,1.34645,1.34652,1.50,1.88
2011.12.01 05:02:48.810,1.34645,1.34652,1.50,1.88
2011.12.01 05:02:49.255,1.34645,1.34653,1.50,3.38
2011.12.01 05:02:52.388,1.34643,1.34651,1.88,1.50
2011.12.01 05:02:52.986,1.34643,1.34651,1.50,2.25
2011.12.01 05:03:00.320,1.34641,1.34649,4.13,1.50
2011.12.01 05:03:00.802,1.34641,1.34647,1.88,1.50
2011.12.01 05:03:01.356,1.34641,1.34647,1.13,1.50
2011.12.01 05:03:01.732,1.34636,1.34643,1.50,1.50
2011.12.01 05:03:01.861,1.34636,1.34643,1.50,1.50
2011.12.01 05:03:02.113,1.34634,1.34639,1.13,1.50
2011.12.01 05:03:02.241,1.34633,1.34639,1.13,1.50
2011.12.01 05:03:02.981,1.34635,1.34643,2.63,1.50
2011.12.01 05:03:03.118,1.34633,1.34639,1.88,1.50
2011.12.01 05:03:03.483,1.3463,1.34636,1.88,1.50
2011.12.01 05:03:04.078,1.34632,1.34636,1.13,1.50
2011.12.01 05:03:05.148,1.34632,1.34638,1.88,1.50
2011.12.01 05:03:05.271,1.34631,1.34636,1.88,1.50
2011.12.01 05:03:05.517,1.34631,1.34636,1.88,1.50
2011.12.01 05:03:09.586,1.34632,1.34636,1.13,1.50
2011.12.01 05:03:09.709,1.34636,1.34642,1.84,2.25
2011.12.01 05:03:09.833,1.34631,1.34638,1.50,2.25
2011.12.01 05:03:09.960,1.34634,1.34641,1.50,1.88
2011.12.01 05:03:10.321,1.34635,1.34638,2.25,1.88
2011.12.01 05:03:10.570,1.34634,1.34638,1.13,1.50
2011.12.01 05:03:10.987,1.34632,1.34638,1.50,1.50
2011.12.01 05:03:11.113,1.34631,1.34637,4.47,1.50
2011.12.01 05:03:11.720,1.34631,1.34635,1.50,1.50
2011.12.01 05:03:11.839,1.34628,1.34635,1.50,1.50
2011.12.01 05:03:12.449,1.34628,1.34633,4.65,1.13
2011.12.01 05:03:12.820,1.34627,1.34632,1.50,1.50
2011.12.01 05:03:20.707,1.34626,1.34631,1.13,1.50
2011.12.01 05:03:20.829,1.34623,1.34631,2.63,1.50
2011.12.01 05:03:21.189,1.34619,1.34626,1.50,1.50
2011.12.01 05:03:22.149,1.34619,1.34625,1.50,1.13
2011.12.01 05:03:22.388,1.34617,1.34625,1.50,2.63
2011.12.01 05:03:24.218,1.34615,1.34623,2.25,2.63
2011.12.01 05:03:29.567,1.34616,1.34623,1.50,2.63
2011.12.01 05:03:29.807,1.34617,1.34625,2.25,1.50
2011.12.01 05:03:32.606,1.34618,1.34625,1.13,1.50
2011.12.01 05:03:33.197,1.34617,1.34625,1.50,1.50
2011.12.01 05:03:33.768,1.34615,1.34623,2.25,1.50
2011.12.01 05:03:57.064,1.34614,1.34621,1.13,1.50
2011.12.01 05:03:57.435,1.34608,1.34616,1.88,4.05
2011.12.01 05:03:57.801,1.34604,1.34609,1.88,1.13
2011.12.01 05:03:58.050,1.34604,1.34612,1.88,2.63
2011.12.01 05:03:58.411,1.34606,1.34614,1.50,2.55
2011.12.01 05:03:58.650,1.34608,1.34616,1.50,4.13
2011.12.01 05:04:02.280,1.34606,1.34614,3.38,1.50
2011.12.01 05:04:03.365,1.34609,1.34619,1.50,1.88
2011.12.01 05:04:03.919,1.34612,1.34616,1.88,1.13
2011.12.01 05:04:04.506,1.34612,1.34617,1.88,1.13
2011.12.01 05:04:14.541,1.34606,1.34614,1.88,2.63
2011.12.01 05:04:14.661,1.3461,1.34614,1.13,1.50
2011.12.01 05:04:14.792,1.34604,1.34614,1.88,1.84
2011.12.01 05:04:14.924,1.34604,1.34613,2.25,1.50
2011.12.01 05:04:15.057,1.34609,1.34617,1.88,2.25
2011.12.01 05:04:15.423,1.3461,1.34618,1.50,1.50
2011.12.01 05:04:15.556,1.34614,1.34622,1.13,3.38
2011.12.01 05:04:17.298,1.34612,1.34622,1.88,1.88
2011.12.01 05:04:17.867,1.34613,1.34621,1.50,2.25
2011.12.01 05:04:18.542,1.34613,1.34617,1.50,1.13
2011.12.01 05:04:18.673,1.3461,1.34617,1.50,1.88
2011.12.01 05:04:18.923,1.34608,1.34616,2.63,1.50
2011.12.01 05:04:19.760,1.3461,1.34618,1.50,3.38
2011.12.01 05:04:20.539,1.34614,1.3462,1.13,2.25
2011.12.01 05:04:20.693,1.34616,1.3462,1.50,1.50
2011.12.01 05:04:20.820,1.34615,1.34623,1.50,1.50
2011.12.01 05:04:21.059,1.34617,1.34624,1.50,1.50
2011.12.01 05:04:21.419,1.34618,1.34626,1.50,2.25
2011.12.01 05:04:22.142,1.34619,1.34627,1.50,2.25
2011.12.01 05:04:22.752,1.3462,1.34628,1.50,1.50
2011.12.01 05:04:23.365,1.34627,1.34635,1.50,2.25
2011.12.01 05:04:23.992,1.34627,1.34635,1.50,2.25
2011.12.01 05:04:26.620,1.34629,1.34637,2.25,1.50
2011.12.01 05:04:27.218,1.34629,1.34637,2.25,1.50
2011.12.01 05:04:28.776,1.34629,1.34637,2.25,1.50
2011.12.01 05:04:30.405,1.34629,1.34637,2.25,1.50
2011.12.01 05:04:31.660,1.34629,1.34636,2.25,1.13
2011.12.01 05:04:32.245,1.34627,1.34635,2.25,1.50
2011.12.01 05:04:35.813,1.34627,1.34635,2.25,1.50
2011.12.01 05:04:36.421,1.34627,1.34635,2.25,1.50
2011.12.01 05:04:37.027,1.34627,1.34635,2.25,1.50
2011.12.01 05:04:38.187,1.34627,1.34635,2.25,1.50
2011.12.01 05:04:38.777,1.34627,1.34635,2.25,1.50
2011.12.01 05:04:39.587,1.34627,1.34635,2.25,1.50
2011.12.01 05:04:40.252,1.34627,1.34635,2.25,1.50
2011.12.01 05:04:41.064,1.34627,1.34635,2.25,1.50
2011.12.01 05:04:41.635,1.34627,1.34635,2.25,1.50
2011.12.01 05:04:42.316,1.34627,1.34635,2.25,1.50
2011.12.01 05:04:43.836,1.34627,1.34635,2.25,2.63
2011.12.01 05:04:44.440,1.34627,1.34635,2.25,2.63
2011.12.01 05:04:45.028,1.34627,1.34635,2.25,2.63
2011.12.01 05:04:45.644,1.34627,1.34635,2.25,2.63
2011.12.01 05:04:46.807,1.34629,1.34635,2.25,1.13
2011.12.01 05:04:47.379,1.34629,1.34635,2.25,1.13
2011.12.01 05:04:48.075,1.34629,1.34635,2.25,1.13
2011.12.01 05:04:48.776,1.34629,1.34635,2.25,1.13
2011.12.01 05:04:49.138,1.34629,1.34635,2.25,1.13
2011.12.01 05:04:49.825,1.34629,1.34635,2.25,1.13
2011.12.01 05:04:50.427,1.34629,1.34635,2.25,1.13
2011.12.01 05:04:51.263,1.34629,1.34636,2.25,1.13
2011.12.01 05:04:52.015,1.34626,1.34634,2.25,1.13
2011.12.01 05:04:52.145,1.3462,1.34634,3.00,1.88
2011.12.01 05:04:52.269,1.3462,1.34632,3.00,1.13
2011.12.01 05:04:52.509,1.3462,1.34628,1.50,1.13
2011.12.01 05:04:52.871,1.34618,1.34628,2.63,1.13
2011.12.01 05:04:55.699,1.34621,1.34628,2.25,1.13
2011.12.01 05:04:56.296,1.34621,1.34628,2.25,1.13
2011.12.01 05:04:56.891,1.34619,1.34627,2.25,1.50
2011.12.01 05:04:58.079,1.34621,1.34629,2.25,2.63
2011.12.01 05:04:58.197,1.34621,1.34627,2.25,1.13
2011.12.01 05:04:58.317,1.34621,1.34629,2.25,2.63
2011.12.01 05:04:58.913,1.34621,1.34629,2.25,2.63
2011.12.01 05:05:00.123,1.34623,1.34631,1.50,1.50
2011.12.01 05:05:02.816,1.34621,1.34629,1.50,1.50
2011.12.01 05:05:12.228,1.34623,1.3463,1.50,1.13
2011.12.01 05:05:13.763,1.34621,1.34629,2.25,1.50
2011.12.01 05:05:14.356,1.34621,1.34629,2.25,1.50
2011.12.01 05:05:17.798,1.34623,1.34629,1.50,1.13
2011.12.01 05:05:20.261,1.34623,1.3463,2.25,1.13
2011.12.01 05:05:20.625,1.34626,1.3463,1.50,1.13
2011.12.01 05:05:22.369,1.34623,1.3463,2.25,1.13
2011.12.01 05:05:23.430,1.34623,1.3463,2.25,1.13
2011.12.01 05:05:23.674,1.34626,1.34632,1.50,1.13
2011.12.01 05:05:24.371,1.34626,1.34633,1.50,1.13
2011.12.01 05:05:24.869,1.34626,1.34634,1.50,2.63
2011.12.01 05:05:25.230,1.34624,1.34632,1.50,1.13
2011.12.01 05:05:25.350,1.34627,1.34632,1.50,1.88
2011.12.01 05:05:25.471,1.34622,1.34632,1.88,1.13
2011.12.01 05:05:26.709,1.34622,1.34632,1.88,1.13
2011.12.01 05:05:27.299,1.34622,1.34632,1.88,1.13
2011.12.01 05:05:27.657,1.34621,1.34629,3.00,1.50
2011.12.01 05:05:28.244,1.34621,1.34629,3.00,1.50
2011.12.01 05:05:29.333,1.34621,1.34629,2.25,1.50
2011.12.01 05:05:29.700,1.34619,1.34627,2.25,1.50
2011.12.01 05:05:30.296,1.34619,1.34627,2.25,2.63
2011.12.01 05:05:32.619,1.34621,1.34627,1.50,1.13
2011.12.01 05:05:33.385,1.34623,1.34629,1.50,1.13
2011.12.01 05:05:34.738,1.34623,1.34631,1.50,2.63
2011.12.01 05:05:35.205,1.34623,1.34629,1.50,1.13
2011.12.01 05:05:35.566,1.34625,1.34633,1.50,4.13
2011.12.01 05:05:38.872,1.34622,1.34629,2.25,1.13
2011.12.01 05:05:39.486,1.34622,1.3463,2.63,1.50
2011.12.01 05:05:42.200,1.34625,1.34632,1.50,2.63
2011.12.01 05:05:43.676,1.34622,1.3463,2.63,1.50
2011.12.01 05:05:44.661,1.34627,1.34635,1.50,3.38
2011.12.01 05:05:45.031,1.34629,1.34635,1.50,1.88
2011.12.01 05:05:45.158,1.34627,1.34635,1.50,3.38
2011.12.01 05:05:48.658,1.34629,1.34635,1.50,1.50
2011.12.01 05:05:57.101,1.34629,1.34637,1.50,5.63
2011.12.01 05:05:57.688,1.34629,1.34636,1.50,1.88
2011.12.01 05:05:59.058,1.34627,1.34635,2.25,2.25
2011.12.01 05:06:00.396,1.34627,1.34635,2.25,2.25
2011.12.01 05:06:05.699,1.34627,1.34635,2.25,2.25
2011.12.01 05:06:06.276,1.34627,1.34635,2.25,2.25
2011.12.01 05:06:07.036,1.34627,1.34635,2.25,1.50
2011.12.01 05:06:07.164,1.34626,1.34633,1.88,1.50
2011.12.01 05:06:10.347,1.34627,1.34635,2.25,1.50
2011.12.01 05:06:15.102,1.34627,1.34633,1.50,1.05
2011.12.01 05:06:15.232,1.34624,1.34633,1.13,1.35
2011.12.01 05:06:15.826,1.34624,1.34633,1.13,2.10
2011.12.01 05:06:17.569,1.34624,1.34633,1.13,1.35
2011.12.01 05:06:18.378,1.34624,1.34632,1.13,1.50
2011.12.01 05:06:19.187,1.34624,1.34633,1.13,3.60
2011.12.01 05:06:21.862,1.34627,1.34635,3.38,2.55
2011.12.01 05:06:22.230,1.34629,1.34637,2.25,2.25
2011.12.01 05:06:28.249,1.34631,1.34639,1.50,3.38
2011.12.01 05:06:28.612,1.34633,1.34639,1.13,1.50
2011.12.01 05:06:29.211,1.34633,1.34641,2.63,1.50
2011.12.01 05:06:31.610,1.34633,1.34641,3.00,1.50
2011.12.01 05:06:31.737,1.34639,1.34644,1.88,2.29
2011.12.01 05:06:32.103,1.34645,1.34652,2.63,1.05
2011.12.01 05:06:32.232,1.34645,1.34653,2.63,2.25
2011.12.01 05:06:32.601,1.34645,1.34654,1.13,2.55
2011.12.01 05:06:32.720,1.34645,1.34653,2.63,1.50
2011.12.01 05:06:35.337,1.3465,1.34654,1.13,1.05
2011.12.01 05:06:35.701,1.34649,1.34657,1.13,1.50
2011.12.01 05:06:35.824,1.34656,1.34663,3.98,1.50
2011.12.01 05:06:35.952,1.34657,1.34665,2.25,2.55
2011.12.01 05:06:36.200,1.3466,1.34666,1.50,1.88
2011.12.01 05:06:36.317,1.34658,1.34666,1.50,3.38
2011.12.01 05:06:36.955,1.34658,1.34665,1.50,1.13
2011.12.01 05:06:37.545,1.34658,1.34665,1.50,1.88
2011.12.01 05:06:38.089,1.34655,1.34663,4.13,1.50
2011.12.01 05:06:38.678,1.34655,1.34663,4.13,2.25
2011.12.01 05:06:39.269,1.34655,1.34663,3.00,1.50
2011.12.01 05:06:41.535,1.34655,1.34663,2.25,2.25
2011.12.01 05:06:42.437,1.34654,1.34661,1.88,1.50
2011.12.01 05:06:44.876,1.34654,1.34661,1.88,1.50
2011.12.01 05:06:45.768,1.34654,1.34661,1.88,1.50
2011.12.01 05:06:45.887,1.34655,1.34663,2.25,2.25
2011.12.01 05:06:53.122,1.34658,1.34666,1.50,4.13
2011.12.01 05:06:53.254,1.34658,1.34666,1.50,4.13
2011.12.01 05:06:54.166,1.34658,1.34666,1.50,4.13
2011.12.01 05:06:54.870,1.34658,1.34666,1.50,4.13
2011.12.01 05:06:56.327,1.34656,1.34664,3.38,1.50
2011.12.01 05:07:06.285,1.34656,1.34664,3.38,2.25
2011.12.01 05:07:12.420,1.34658,1.34666,1.50,3.38
2011.12.01 05:07:13.788,1.34658,1.34666,1.50,2.63
2011.12.01 05:07:14.149,1.34658,1.34664,1.50,1.13
2011.12.01 05:07:14.637,1.34656,1.34664,1.50,3.38
2011.12.01 05:07:15.276,1.34654,1.34662,3.38,1.50
2011.12.01 05:07:21.900,1.34654,1.34662,1.50,2.63
2011.12.01 05:07:29.439,1.34652,1.3466,3.38,1.50
2011.12.01 05:07:29.887,1.34652,1.34662,1.13,2.63
2011.12.01 05:07:31.007,1.34652,1.34662,1.88,2.63
2011.12.01 05:07:31.237,1.34652,1.34659,1.88,1.50
2011.12.01 05:07:33.078,1.34652,1.34659,1.88,1.50
2011.12.01 05:07:33.309,1.34653,1.34661,2.25,1.50
2011.12.01 05:07:34.432,1.34653,1.34661,2.25,1.50
2011.12.01 05:07:34.561,1.34652,1.34659,1.88,1.50
2011.12.01 05:07:39.859,1.34651,1.34659,4.13,1.50
2011.12.01 05:07:40.557,1.34648,1.34656,2.25,3.38
2011.12.01 05:07:40.685,1.34644,1.34652,3.00,1.50
2011.12.01 05:07:41.403,1.34644,1.34652,1.50,2.63
2011.12.01 05:07:41.537,1.34646,1.34656,2.59,1.65
2011.12.01 05:07:41.663,1.34647,1.34656,1.50,2.40
2011.12.01 05:07:41.797,1.34647,1.34659,3.00,2.25
2011.12.01 05:07:42.399,1.34647,1.34657,4.50,1.13
2011.12.01 05:07:42.998,1.34648,1.34656,2.25,1.50
2011.12.01 05:07:43.237,1.3465,1.34658,1.50,1.50
2011.12.01 05:07:44.471,1.34652,1.3466,1.50,3.30
2011.12.01 05:07:46.794,1.34652,1.3466,2.63,3.30
2011.12.01 05:07:47.159,1.3465,1.34658,2.25,1.50
2011.12.01 05:07:47.523,1.34648,1.34653,1.50,1.13
2011.12.01 05:07:47.650,1.34644,1.34652,3.00,1.50
2011.12.01 05:07:48.948,1.34644,1.34652,2.25,2.63
2011.12.01 05:07:52.725,1.34644,1.34652,2.25,1.50
2011.12.01 05:07:53.378,1.34646,1.34653,1.50,1.13
2011.12.01 05:07:53.622,1.34646,1.34656,1.88,3.38
2011.12.01 05:07:53.751,1.34648,1.34656,3.00,1.50
2011.12.01 05:07:54.376,1.34651,1.34663,3.76,1.50
2011.12.01 05:07:54.511,1.34653,1.34661,2.25,1.50
2011.12.01 05:07:57.022,1.34653,1.34661,1.50,2.25
2011.12.01 05:07:57.617,1.34654,1.34661,1.13,1.50
2011.12.01 05:07:58.677,1.34655,1.34662,1.50,2.55
2011.12.01 05:07:59.608,1.34655,1.34662,1.50,2.55
2011.12.01 05:07:59.979,1.3465,1.34658,3.38,1.50
2011.12.01 05:08:00.570,1.3465,1.34658,2.25,1.50
2011.12.01 05:08:01.368,1.3465,1.34658,1.50,1.50
2011.12.01 05:08:01.851,1.34646,1.34654,1.50,1.88
2011.12.01 05:08:01.984,1.34645,1.34652,1.35,1.50
2011.12.01 05:08:02.586,1.34644,1.3465,1.50,1.13
2011.12.01 05:08:02.716,1.34645,1.34655,1.88,2.10
2011.12.01 05:08:02.841,1.34645,1.34655,1.88,1.13
2011.12.01 05:08:03.209,1.34648,1.34658,2.63,2.63
2011.12.01 05:08:03.796,1.34648,1.34658,2.63,1.88
2011.12.01 05:08:05.068,1.34648,1.34658,1.88,4.13
2011.12.01 05:08:05.496,1.34646,1.34652,1.84,2.25
2011.12.01 05:08:05.636,1.34647,1.34656,1.13,2.63
2011.12.01 05:08:06.239,1.34648,1.34656,1.50,1.13
2011.12.01 05:08:07.182,1.34652,1.34656,1.50,1.13
2011.12.01 05:08:07.308,1.34652,1.3466,2.63,3.00
2011.12.01 05:08:08.029,1.34652,1.34659,1.50,1.13
2011.12.01 05:08:08.157,1.34649,1.34654,1.88,1.50
2011.12.01 05:08:08.281,1.34648,1.34654,1.50,2.63
2011.12.01 05:08:09.161,1.34649,1.34654,1.50,1.13
2011.12.01 05:08:09.291,1.34647,1.34654,1.13,2.63
2011.12.01 05:08:09.429,1.34646,1.34651,2.97,2.63
2011.12.01 05:08:09.674,1.34644,1.34649,1.50,1.50
2011.12.01 05:08:09.804,1.34645,1.34653,3.00,2.25
2011.12.01 05:08:10.407,1.34646,1.34654,2.59,1.13
2011.12.01 05:08:12.655,1.34646,1.34654,2.59,1.13
2011.12.01 05:08:12.779,1.34646,1.34651,3.34,1.13
2011.12.01 05:08:12.899,1.34646,1.34651,1.50,1.13
2011.12.01 05:08:13.147,1.34643,1.3465,2.25,2.63
2011.12.01 05:08:13.391,1.34642,1.34647,2.25,1.13
2011.12.01 05:08:13.510,1.34638,1.34646,2.25,1.50
2011.12.01 05:08:14.078,1.34638,1.34646,2.25,1.50
2011.12.01 05:08:16.570,1.34638,1.34646,1.50,1.50
2011.12.01 05:08:16.808,1.3464,1.34645,1.50,1.13
2011.12.01 05:08:17.859,1.34635,1.34643,1.50,1.13
2011.12.01 05:08:18.106,1.34636,1.3464,1.50,1.13
2011.12.01 05:08:18.235,1.3463,1.34638,3.00,1.50
2011.12.01 05:08:18.601,1.34628,1.34636,2.25,1.50
2011.12.01 05:08:19.208,1.34628,1.34636,2.25,1.50
2011.12.01 05:08:20.022,1.34628,1.34636,2.25,1.50
2011.12.01 05:08:20.747,1.34628,1.34636,2.25,1.50
2011.12.01 05:08:21.111,1.3463,1.34638,2.63,1.50
2011.12.01 05:08:21.473,1.34636,1.34642,1.50,1.13
2011.12.01 05:08:22.429,1.34638,1.34643,1.50,1.13
2011.12.01 05:08:24.340,1.34636,1.34643,1.50,1.13
2011.12.01 05:08:26.449,1.34634,1.34642,1.50,1.50
2011.12.01 05:08:27.037,1.34634,1.34641,1.50,1.13
2011.12.01 05:08:31.998,1.34632,1.3464,3.38,1.50
2011.12.01 05:08:32.118,1.34637,1.34642,1.50,1.13
2011.12.01 05:08:34.142,1.34634,1.34642,2.25,1.50
2011.12.01 05:08:35.037,1.34634,1.34642,2.25,1.50
2011.12.01 05:08:35.699,1.34636,1.34643,1.50,1.13
2011.12.01 05:08:41.248,1.34636,1.34643,2.25,1.13
2011.12.01 05:08:41.853,1.3464,1.34644,1.50,1.13
2011.12.01 05:08:41.983,1.34641,1.34648,1.50,1.88
2011.12.01 05:08:42.703,1.34638,1.34646,1.50,3.38
2011.12.01 05:08:42.957,1.34638,1.34643,1.50,1.13
2011.12.01 05:08:43.083,1.34633,1.3464,1.88,1.50
2011.12.01 05:08:43.687,1.34634,1.34641,2.25,1.13
2011.12.01 05:08:44.888,1.34632,1.3464,2.25,1.50
2011.12.01 05:08:45.128,1.34632,1.3464,2.25,1.50
2011.12.01 05:08:45.502,1.34635,1.34641,1.50,1.13
2011.12.01 05:08:45.630,1.34635,1.34641,1.50,1.13
2011.12.01 05:08:45.868,1.34633,1.34641,2.25,1.50
2011.12.01 05:08:47.159,1.34633,1.34641,2.25,2.63
2011.12.01 05:08:51.489,1.34633,1.34641,1.50,2.63
2011.12.01 05:08:51.728,1.34631,1.34639,4.13,1.50
2011.12.01 05:08:52.358,1.34634,1.34641,2.25,1.13
2011.12.01 05:08:53.810,1.34634,1.34642,2.63,1.50
2011.12.01 05:08:54.548,1.34637,1.34644,1.50,1.88
2011.12.01 05:08:57.358,1.34634,1.34641,1.88,1.50
2011.12.01 05:08:57.948,1.34636,1.34644,2.25,2.63
2011.12.01 05:08:58.755,1.34636,1.34644,2.25,2.63
2011.12.01 05:08:59.898,1.34634,1.34641,1.88,1.50
2011.12.01 05:09:00.367,1.34634,1.34641,1.88,1.50
2011.12.01 05:09:00.489,1.34636,1.34644,2.25,2.63
2011.12.01 05:09:03.710,1.34633,1.34641,3.00,1.50
2011.12.01 05:09:04.079,1.34632,1.34639,1.88,1.50
2011.12.01 05:09:04.667,1.34632,1.34639,1.88,1.50
2011.12.01 05:09:06.287,1.34632,1.34639,1.88,1.50
2011.12.01 05:09:07.358,1.34633,1.34641,2.25,1.50
2011.12.01 05:09:09.832,1.34632,1.34639,1.88,1.50
2011.12.01 05:09:10.550,1.34633,1.34641,2.25,1.50
2011.12.01 05:09:11.548,1.34633,1.34641,2.25,1.50
2011.12.01 05:09:16.030,1.34635,1.34641,1.88,1.50
2011.12.01 05:09:16.150,1.34636,1.34643,1.13,2.25
2011.12.01 05:09:16.269,1.34637,1.34645,1.50,3.00
2011.12.01 05:09:16.871,1.3464,1.34648,1.50,4.13
2011.12.01 05:09:17.338,1.34638,1.34646,3.38,1.50
2011.12.01 05:09:17.821,1.34638,1.34644,1.13,1.50
2011.12.01 05:09:18.060,1.34636,1.34644,2.25,1.50
2011.12.01 05:09:18.659,1.34639,1.34645,1.50,1.13
2011.12.01 05:09:18.961,1.34636,1.34644,1.50,1.50
2011.12.01 05:09:19.807,1.34639,1.34646,1.50,1.88
2011.12.01 05:09:20.169,1.34637,1.34645,1.50,1.50
2011.12.01 05:09:20.872,1.34641,1.34648,1.50,2.63
2011.12.01 05:09:24.563,1.34639,1.34647,1.50,2.25
2011.12.01 05:09:24.812,1.34639,1.34645,1.50,1.13
2011.12.01 05:09:25.422,1.34637,1.34645,1.50,2.63
2011.12.01 05:09:26.020,1.34635,1.34643,3.38,1.50
2011.12.01 05:09:26.596,1.34637,1.34645,1.50,3.38
2011.12.01 05:09:27.119,1.34637,1.34644,1.50,1.13
2011.12.01 05:09:27.361,1.34635,1.34643,2.25,1.50
2011.12.01 05:09:29.829,1.34637,1.34645,1.50,3.38
2011.12.01 05:09:36.297,1.34637,1.34645,2.25,1.50
2011.12.01 05:09:36.990,1.34639,1.34647,1.50,3.38
2011.12.01 05:09:37.352,1.34641,1.34649,2.25,2.25
2011.12.01 05:09:38.082,1.34641,1.34649,1.50,3.38
2011.12.01 05:09:38.449,1.34636,1.34644,2.25,2.63
2011.12.01 05:09:38.922,1.34639,1.34644,1.50,1.13
2011.12.01 05:09:39.054,1.34639,1.34647,1.50,4.13
2011.12.01 05:09:39.900,1.34638,1.34645,1.13,1.50
2011.12.01 05:09:40.265,1.34641,1.34649,2.25,1.50
2011.12.01 05:09:40.394,1.34637,1.34645,3.38,1.50
2011.12.01 05:09:40.941,1.34637,1.34645,3.38,1.50
2011.12.01 05:09:41.290,1.34644,1.34648,1.13,1.50
2011.12.01 05:09:41.414,1.34644,1.34648,1.13,2.25
2011.12.01 05:09:41.541,1.34644,1.34651,1.13,2.25
2011.12.01 05:09:42.127,1.34644,1.34651,1.88,1.50
2011.12.01 05:09:45.008,1.34646,1.34654,1.50,3.38
2011.12.01 05:09:45.921,1.34646,1.34654,1.50,1.50
2011.12.01 05:09:46.161,1.34647,1.34656,1.88,2.25
2011.12.01 05:09:46.408,1.34646,1.34654,1.50,1.50
2011.12.01 05:09:51.247,1.34644,1.34651,2.25,1.13
2011.12.01 05:09:51.850,1.34644,1.34652,2.25,2.63
2011.12.01 05:09:53.168,1.34644,1.34652,2.25,2.63
2011.12.01 05:09:55.520,1.34644,1.34652,2.25,2.63
2011.12.01 05:09:56.090,1.34644,1.34652,2.25,2.63
2011.12.01 05:09:56.678,1.34644,1.34652,2.25,2.63
2011.12.01 05:09:57.260,1.34644,1.34652,2.25,2.63
2011.12.01 05:09:57.836,1.34646,1.34652,1.50,1.13
2011.12.01 05:09:59.804,1.34646,1.34653,1.50,1.13
2011.12.01 05:10:00.281,1.34644,1.34653,1.50,1.13
2011.12.01 05:10:07.800,1.34647,1.34654,1.50,1.13
2011.12.01 05:10:12.633,1.34645,1.34653,2.25,2.63
2011.12.01 05:10:14.147,1.34645,1.34652,1.50,1.13
2011.12.01 05:10:14.739,1.34645,1.34653,1.50,2.63
2011.12.01 05:10:15.393,1.34643,1.34653,1.88,1.13
2011.12.01 05:10:39.008,1.34645,1.34653,2.25,2.63
2011.12.01 05:10:40.218,1.34645,1.34653,2.25,2.63
2011.12.01 05:10:43.516,1.34645,1.34653,2.25,3.38
2011.12.01 05:10:43.762,1.34643,1.34651,1.50,3.00
2011.12.01 05:10:44.444,1.34645,1.34651,1.50,1.50
2011.12.01 05:10:44.918,1.34643,1.34651,1.50,4.50
2011.12.01 05:10:45.405,1.34644,1.34652,1.13,1.50
2011.12.01 05:10:45.532,1.34644,1.34654,1.13,1.43
2011.12.01 05:10:46.129,1.34644,1.34654,1.88,1.13
2011.12.01 05:11:00.832,1.34647,1.34653,2.25,1.13
2011.12.01 05:11:02.202,1.34645,1.34653,2.25,2.63
2011.12.01 05:11:03.958,1.34643,1.34651,2.25,1.50
2011.12.01 05:11:41.568,1.34642,1.34649,1.88,1.50
2011.12.01 05:11:42.156,1.34642,1.34649,1.88,1.50
2011.12.01 05:11:47.657,1.34642,1.34649,1.88,1.50
2011.12.01 05:12:06.015,1.34642,1.34649,1.88,1.50
2011.12.01 05:12:12.899,1.34642,1.34647,1.88,1.50
2011.12.01 05:12:13.137,1.34641,1.34647,1.50,1.50
2011.12.01 05:12:14.309,1.34641,1.34649,2.25,2.63
2011.12.01 05:12:16.748,1.34639,1.34647,3.38,1.50
2011.12.01 05:12:19.712,1.34639,1.34647,3.38,1.50
2011.12.01 05:12:22.367,1.34641,1.34647,1.50,1.13
2011.12.01 05:12:24.191,1.34641,1.34649,2.25,3.38
2011.12.01 05:12:32.108,1.34641,1.34649,1.50,3.38
2011.12.01 05:12:32.611,1.34636,1.34644,2.63,1.50
2011.12.01 05:12:32.747,1.34641,1.34647,2.25,1.13
2011.12.01 05:12:33.800,1.34638,1.34646,2.25,1.50
2011.12.01 05:12:42.316,1.34638,1.34646,3.38,1.50
2011.12.01 05:12:45.471,1.34638,1.34646,3.38,1.50
2011.12.01 05:12:55.858,1.34638,1.34646,3.38,1.50
2011.12.01 05:12:56.448,1.34638,1.34646,2.25,2.63
2011.12.01 05:12:57.037,1.34638,1.34646,2.25,2.63
2011.12.01 05:12:57.817,1.34636,1.34644,3.38,1.50
2011.12.01 05:12:58.397,1.34636,1.34644,3.38,1.50
2011.12.01 05:13:00.874,1.34636,1.34643,1.50,1.50
2011.12.01 05:13:01.120,1.34634,1.34642,2.63,3.00
2011.12.01 05:13:16.088,1.34634,1.34642,2.25,2.25
2011.12.01 05:13:16.688,1.34634,1.34642,2.25,1.50
2011.12.01 05:13:17.278,1.34634,1.34642,3.38,1.50
2011.12.01 05:13:18.507,1.34634,1.34642,3.38,1.50
2011.12.01 05:13:19.078,1.34634,1.34642,3.38,1.50
2011.12.01 05:13:21.865,1.34634,1.34642,3.38,1.50
2011.12.01 05:13:25.049,1.34634,1.34642,3.38,1.50
2011.12.01 05:13:39.584,1.34629,1.34634,4.73,1.50
2011.12.01 05:13:39.833,1.34631,1.34641,2.63,1.88
2011.12.01 05:13:39.961,1.34632,1.3464,1.50,1.50
2011.12.01 05:13:40.083,1.34632,1.34638,1.50,1.13
2011.12.01 05:13:40.212,1.34633,1.3464,1.13,1.50
2011.12.01 05:13:40.340,1.34633,1.34638,1.13,1.50
2011.12.01 05:13:40.733,1.34634,1.34642,1.50,1.50
2011.12.01 05:13:48.677,1.34634,1.34642,3.38,1.50
2011.12.01 05:13:49.233,1.34634,1.34642,3.38,1.50
2011.12.01 05:13:51.502,1.34634,1.34642,3.38,1.50
2011.12.01 05:13:52.077,1.34634,1.34642,3.38,1.50
2011.12.01 05:13:52.417,1.34634,1.3464,1.88,1.50
2011.12.01 05:14:00.836,1.34634,1.3464,1.88,1.50
2011.12.01 05:14:06.258,1.34634,1.34642,3.38,1.50
2011.12.01 05:14:07.329,1.34634,1.34642,3.38,1.50
2011.12.01 05:14:09.626,1.34634,1.3464,1.88,1.50
2011.12.01 05:14:13.018,1.34632,1.3464,1.50,1.50
2011.12.01 05:14:18.435,1.34629,1.34637,3.75,1.50
2011.12.01 05:14:18.798,1.34627,1.34635,3.00,2.25
2011.12.01 05:14:19.466,1.34625,1.3463,1.50,1.88
2011.12.01 05:14:19.847,1.34622,1.3463,3.00,1.50
2011.12.01 05:14:19.981,1.34623,1.34627,1.50,1.50
2011.12.01 05:14:20.236,1.34616,1.34624,1.50,1.50
2011.12.01 05:14:20.722,1.34615,1.34622,1.88,1.50
2011.12.01 05:14:21.091,1.34615,1.34619,1.13,1.50
2011.12.01 05:14:22.046,1.34615,1.34623,3.38,1.50
2011.12.01 05:14:22.183,1.34617,1.34623,1.13,1.50
2011.12.01 05:14:22.796,1.34615,1.34621,1.50,1.50
2011.12.01 05:14:22.922,1.34615,1.3462,1.50,2.25
2011.12.01 05:14:23.054,1.34613,1.34619,1.50,2.63
2011.12.01 05:14:23.180,1.34609,1.34616,1.88,1.50
2011.12.01 05:14:25.005,1.34607,1.34614,1.50,1.50
2011.12.01 05:14:25.368,1.34608,1.34616,2.25,2.25
2011.12.01 05:14:26.429,1.34609,1.34616,1.13,1.50
2011.12.01 05:14:27.221,1.34608,1.34612,1.50,1.13
2011.12.01 05:14:27.341,1.34604,1.34611,1.88,1.50
2011.12.01 05:14:27.939,1.34603,1.3461,1.88,1.13
2011.12.01 05:14:30.093,1.34607,1.34613,2.63,1.80
2011.12.01 05:14:30.224,1.34607,1.34614,2.63,2.55
2011.12.01 05:14:30.470,1.3461,1.34615,1.13,1.50
2011.12.01 05:14:33.627,1.34611,1.34615,1.13,1.50
2011.12.01 05:14:34.075,1.34611,1.34617,1.13,1.50
2011.12.01 05:14:34.209,1.34613,1.34617,1.13,1.50
2011.12.01 05:14:34.333,1.34613,1.34619,1.13,2.25
2011.12.01 05:14:34.581,1.34613,1.34617,1.13,1.50
2011.12.01 05:14:34.706,1.34611,1.34617,1.88,1.50
2011.12.01 05:14:34.837,1.34609,1.34616,2.25,1.13
2011.12.01 05:14:34.964,1.34605,1.34613,3.75,2.63
2011.12.01 05:14:35.332,1.34603,1.34611,2.25,1.50
2011.12.01 05:14:35.698,1.34602,1.34609,2.63,1.50
2011.12.01 05:14:36.159,1.34603,1.34611,2.25,1.50
2011.12.01 05:14:44.142,1.34606,1.34611,2.59,1.50
2011.12.01 05:14:44.282,1.34607,1.34615,3.75,3.38
2011.12.01 05:14:44.851,1.34607,1.34615,4.13,1.50
2011.12.01 05:14:45.334,1.34608,1.34615,1.13,1.50
2011.12.01 05:14:45.582,1.3461,1.34618,1.50,4.13
2011.12.01 05:14:46.662,1.34608,1.34616,3.38,1.50
2011.12.01 05:14:47.829,1.3461,1.34617,1.50,1.13
2011.12.01 05:14:48.736,1.3461,1.34618,1.50,2.25
2011.12.01 05:14:52.229,1.34611,1.34618,1.13,1.50
2011.12.01 05:14:52.598,1.34616,1.34623,1.50,1.13
2011.12.01 05:14:52.840,1.34616,1.34624,3.38,1.58
2011.12.01 05:14:53.439,1.34618,1.34626,1.50,4.20
2011.12.01 05:14:55.602,1.34616,1.34623,1.13,2.33
2011.12.01 05:14:56.091,1.34619,1.34627,1.50,4.28
2011.12.01 05:14:57.689,1.34617,1.34624,1.13,2.33
2011.12.01 05:14:58.289,1.34616,1.34624,1.50,2.33
2011.12.01 05:14:58.896,1.34617,1.34624,1.13,1.58
2011.12.01 05:14:59.755,1.34618,1.34626,1.50,2.33
2011.12.01 05:15:01.440,1.34617,1.34624,1.13,1.58
2011.12.01 05:15:02.380,1.34618,1.34626,1.50,2.33
2011.12.01 05:15:16.001,1.34616,1.34624,2.25,1.58
2011.12.01 05:15:20.778,1.34616,1.34624,3.38,1.58
2011.12.01 05:15:21.400,1.34618,1.34626,1.50,1.58
2011.12.01 05:15:29.082,1.34618,1.34626,1.50,1.50
2011.12.01 05:15:33.460,1.3462,1.34628,1.50,4.20
2011.12.01 05:15:35.910,1.34618,1.34626,3.38,1.58
2011.12.01 05:15:36.031,1.3462,1.34628,1.50,2.63
2011.12.01 05:15:36.511,1.34621,1.34628,1.88,1.50
2011.12.01 05:15:36.752,1.34626,1.34633,1.50,1.88
2011.12.01 05:15:37.348,1.34626,1.34634,2.25,1.13
2011.12.01 05:15:38.520,1.34624,1.34634,3.38,1.88
2011.12.01 05:15:39.118,1.34624,1.34634,3.38,1.13
2011.12.01 05:15:39.720,1.34623,1.34633,1.88,1.13
2011.12.01 05:15:41.857,1.34623,1.34633,1.88,1.13
2011.12.01 05:15:42.651,1.34623,1.34633,1.88,1.13
2011.12.01 05:15:43.789,1.34623,1.34631,1.50,1.13
2011.12.01 05:15:43.920,1.34624,1.34634,1.88,1.13
2011.12.01 05:15:44.523,1.34625,1.34635,1.88,1.13
2011.12.01 05:15:46.311,1.34624,1.34634,1.88,1.13
2011.12.01 05:15:46.431,1.34623,1.34632,1.50,1.13
2011.12.01 05:15:47.088,1.34621,1.34631,4.13,1.13
2011.12.01 05:15:47.222,1.34623,1.34633,2.25,1.13
2011.12.01 05:15:47.828,1.34624,1.34634,1.88,1.13
2011.12.01 05:15:48.670,1.34626,1.34636,1.13,4.88
2011.12.01 05:15:48.794,1.34629,1.34636,1.50,1.88
2011.12.01 05:15:49.159,1.34631,1.34636,1.50,1.13
2011.12.01 05:15:49.281,1.34629,1.34636,1.50,1.13
2011.12.01 05:15:49.879,1.34631,1.34637,1.13,1.50
2011.12.01 05:15:50.002,1.34632,1.34639,1.88,2.25
2011.12.01 05:15:50.133,1.34632,1.34639,1.88,1.50
2011.12.01 05:15:50.267,1.34634,1.34642,2.25,2.63
2011.12.01 05:15:51.579,1.34634,1.34639,1.13,1.50
2011.12.01 05:15:52.059,1.34634,1.34642,2.63,2.25
2011.12.01 05:15:54.859,1.34634,1.3464,1.13,1.50
2011.12.01 05:15:55.459,1.34633,1.3464,1.13,1.50
2011.12.01 05:16:12.967,1.34634,1.34642,1.50,2.25
2011.12.01 05:16:13.448,1.34636,1.34643,1.50,1.88
2011.12.01 05:16:14.218,1.34637,1.34644,1.13,2.25
2011.12.01 05:16:14.478,1.34639,1.34647,1.50,2.25
2011.12.01 05:16:14.612,1.34636,1.34643,1.50,1.88
2011.12.01 05:16:14.979,1.34629,1.34637,3.38,1.50
2011.12.01 05:16:15.585,1.34635,1.3464,1.50,1.13
2011.12.01 05:16:15.832,1.34635,1.34643,1.50,4.13
2011.12.01 05:16:16.302,1.34637,1.34644,1.50,1.88
2011.12.01 05:16:20.312,1.34639,1.34646,1.50,1.88
2011.12.01 05:16:22.923,1.34637,1.34645,1.50,2.25
2011.12.01 05:16:23.800,1.34635,1.34643,2.25,1.50
2011.12.01 05:16:29.227,1.34635,1.34643,2.25,1.50
2011.12.01 05:16:29.351,1.34637,1.34645,1.50,2.25
2011.12.01 05:16:30.531,1.34633,1.34639,1.13,1.50
2011.12.01 05:16:30.661,1.34633,1.34639,1.13,1.50
2011.12.01 05:16:30.780,1.34631,1.34639,2.63,1.50
2011.12.01 05:16:34.943,1.34632,1.34639,1.13,1.50
2011.12.01 05:16:35.072,1.34633,1.34641,2.25,1.50
2011.12.01 05:16:44.049,1.34632,1.34639,1.88,1.50
2011.12.01 05:16:57.285,1.34632,1.34639,1.88,1.50
2011.12.01 05:16:57.408,1.34633,1.34641,2.25,1.50
2011.12.01 05:16:58.488,1.34629,1.34638,2.25,1.13
2011.12.01 05:16:58.851,1.34631,1.34638,1.50,1.13
2011.12.01 05:17:02.210,1.34631,1.34639,1.50,3.38
2011.12.01 05:17:04.272,1.34631,1.34639,1.50,2.25
2011.12.01 05:17:08.052,1.34631,1.34639,1.50,3.38
2011.12.01 05:17:08.648,1.34632,1.34639,1.50,1.13
2011.12.01 05:17:09.132,1.3463,1.3464,1.88,1.88
2011.12.01 05:17:09.494,1.34633,1.34643,2.63,1.13
2011.12.01 05:17:09.869,1.34635,1.34645,1.88,1.88
2011.12.01 05:17:10.764,1.34638,1.34648,1.50,2.25
2011.12.01 05:17:11.014,1.3464,1.34649,1.50,1.13
2011.12.01 05:17:11.863,1.3464,1.34652,1.50,4.13
2011.12.01 05:17:18.886,1.34642,1.3465,2.25,1.50
2011.12.01 05:17:19.478,1.34643,1.34651,2.25,1.13
2011.12.01 05:17:27.229,1.34644,1.34651,1.50,1.88
2011.12.01 05:17:27.809,1.34644,1.34651,1.50,1.13
2011.12.01 05:17:39.008,1.34642,1.3465,2.25,1.50
2011.12.01 05:17:44.519,1.34642,1.3465,2.25,3.38
2011.12.01 05:17:45.087,1.34642,1.3465,2.25,2.63
2011.12.01 05:18:00.697,1.34642,1.34648,2.25,1.13
2011.12.01 05:18:01.062,1.34642,1.3465,2.25,1.50
2011.12.01 05:18:01.916,1.34642,1.34648,1.50,1.13
2011.12.01 05:18:02.051,1.3464,1.34648,2.25,2.63
2011.12.01 05:18:03.469,1.34639,1.34649,1.88,1.13
2011.12.01 05:18:06.427,1.3464,1.34648,1.50,1.50
2011.12.01 05:18:13.241,1.34641,1.34648,1.13,1.50
2011.12.01 05:18:16.513,1.3464,1.34648,3.00,1.50
2011.12.01 05:18:17.591,1.34639,1.34646,2.63,1.50
2011.12.01 05:18:18.378,1.34638,1.34646,3.00,1.50
2011.12.01 05:18:20.602,1.34638,1.34646,3.00,1.50
2011.12.01 05:18:22.042,1.34638,1.34646,4.13,1.50
2011.12.01 05:18:23.059,1.34638,1.34646,3.00,1.50
2011.12.01 05:18:24.839,1.34638,1.34646,3.00,1.50
2011.12.01 05:18:25.193,1.34636,1.34644,3.00,2.63
2011.12.01 05:18:26.668,1.34636,1.34645,1.50,1.13
2011.12.01 05:18:32.857,1.34637,1.34645,2.25,2.78
2011.12.01 05:18:35.818,1.34636,1.34645,1.50,1.13
2011.12.01 05:18:38.888,1.34637,1.34645,2.25,2.63
2011.12.01 05:18:42.545,1.34637,1.34645,2.25,1.50
2011.12.01 05:18:42.790,1.34637,1.34647,1.88,2.63
2011.12.01 05:19:00.511,1.34637,1.34645,2.25,1.50
2011.12.01 05:19:01.406,1.34637,1.34644,1.50,1.13
2011.12.01 05:19:01.761,1.34635,1.34643,3.00,1.88
2011.12.01 05:19:02.347,1.34635,1.34643,3.00,1.88
2011.12.01 05:19:13.383,1.34634,1.34641,2.63,1.50
2011.12.01 05:19:13.514,1.34633,1.34641,3.00,2.63
2011.12.01 05:19:14.001,1.34631,1.34639,4.13,1.50
2011.12.01 05:19:14.368,1.34626,1.34631,3.64,1.50
2011.12.01 05:19:14.496,1.34623,1.34631,1.50,2.25
2011.12.01 05:19:14.623,1.34621,1.34627,2.85,1.50
2011.12.01 05:19:14.879,1.34621,1.34631,3.98,2.63
2011.12.01 05:19:15.123,1.34623,1.34633,1.88,3.75
2011.12.01 05:19:16.752,1.34623,1.34632,1.50,1.13
2011.12.01 05:19:16.998,1.34623,1.34636,3.00,3.38
2011.12.01 05:19:17.843,1.3463,1.34635,1.50,1.13
2011.12.01 05:19:19.012,1.34627,1.34635,1.50,2.63
2011.12.01 05:19:20.049,1.34629,1.34635,1.50,1.13
2011.12.01 05:19:25.499,1.34629,1.34634,1.50,1.13
2011.12.01 05:19:30.590,1.34626,1.34634,1.50,1.88
2011.12.01 05:19:30.713,1.34627,1.34634,2.25,2.25
2011.12.01 05:19:30.960,1.34623,1.3463,1.50,1.50
2011.12.01 05:19:31.418,1.34622,1.3463,3.75,1.50
2011.12.01 05:19:32.028,1.34622,1.3463,3.00,1.50
2011.12.01 05:19:32.270,1.34624,1.34631,1.50,1.13
2011.12.01 05:19:34.759,1.34622,1.3463,3.00,1.50
2011.12.01 05:19:34.886,1.3462,1.34628,4.13,1.50
2011.12.01 05:19:35.369,1.34622,1.3463,1.50,3.38
2011.12.01 05:19:36.941,1.34624,1.34629,1.50,1.13
2011.12.01 05:19:37.418,1.34622,1.34629,1.50,1.13
2011.12.01 05:19:42.877,1.34622,1.34629,1.50,1.88
2011.12.01 05:19:43.131,1.34619,1.34625,2.25,1.13
2011.12.01 05:19:43.256,1.34617,1.34625,2.25,2.63
2011.12.01 05:19:43.623,1.34621,1.34626,1.50,1.13
2011.12.01 05:19:45.358,1.34619,1.34626,2.25,1.13
2011.12.01 05:19:51.438,1.3462,1.34627,1.13,1.50
2011.12.01 05:19:51.567,1.34622,1.34629,1.13,1.50
2011.12.01 05:19:51.934,1.34628,1.34633,1.50,1.13
2011.12.01 05:19:52.303,1.34631,1.34641,1.88,3.38
2011.12.01 05:19:52.558,1.34631,1.34641,1.88,1.13
2011.12.01 05:19:53.039,1.34631,1.34641,1.13,2.63
2011.12.01 05:19:55.467,1.34633,1.34641,2.25,2.63
2011.12.01 05:20:00.479,1.34634,1.34641,1.88,1.50
2011.12.01 05:20:00.841,1.34635,1.34645,1.88,4.88
2011.12.01 05:20:01.439,1.34635,1.34643,2.25,1.50
2011.12.01 05:20:41.796,1.34637,1.34645,1.50,4.13
2011.12.01 05:20:42.280,1.34638,1.34648,1.88,2.63
2011.12.01 05:20:42.645,1.34641,1.34651,1.88,2.63
2011.12.01 05:20:46.672,1.34643,1.34649,1.50,1.13
2011.12.01 05:20:52.139,1.34641,1.34649,1.50,2.63
2011.12.01 05:20:56.708,1.34641,1.34651,1.88,1.88
2011.12.01 05:20:57.408,1.34642,1.3465,1.50,1.50
2011.12.01 05:20:58.045,1.34642,1.3465,1.50,1.50
2011.12.01 05:20:59.435,1.34644,1.34652,2.25,1.50
2011.12.01 05:21:07.143,1.34645,1.34652,1.88,1.50
2011.12.01 05:21:07.749,1.34645,1.34653,2.63,2.25
2011.12.01 05:21:11.234,1.3464,1.34644,1.80,1.50
2011.12.01 05:21:12.149,1.34639,1.34647,1.50,4.63
2011.12.01 05:21:12.271,1.34643,1.34648,1.13,2.25
2011.12.01 05:21:15.883,1.34641,1.34648,1.13,2.25
2011.12.01 05:21:16.014,1.34639,1.34644,1.13,2.25
2011.12.01 05:21:19.730,1.34637,1.34644,1.50,3.00
2011.12.01 05:21:19.852,1.34636,1.34642,3.34,1.88
2011.12.01 05:21:20.406,1.34633,1.34641,1.50,3.38
2011.12.01 05:21:20.545,1.34633,1.34641,1.50,3.38
2011.12.01 05:21:22.199,1.34631,1.34641,1.88,1.88
2011.12.01 05:21:24.853,1.34635,1.34643,1.50,4.13
2011.12.01 05:21:25.419,1.34635,1.34643,1.50,4.13
2011.12.01 05:21:26.293,1.34635,1.34643,1.50,3.00
2011.12.01 05:21:26.878,1.34635,1.34643,2.63,2.25
2011.12.01 05:21:34.736,1.34635,1.34643,2.63,2.25
2011.12.01 05:21:35.297,1.34635,1.34643,2.63,2.25
2011.12.01 05:21:36.732,1.34635,1.34643,2.63,2.25
2011.12.01 05:21:37.450,1.34635,1.34643,2.63,2.25
2011.12.01 05:21:38.039,1.34635,1.34643,1.50,3.00
2011.12.01 05:21:38.390,1.34633,1.34639,1.13,1.50
2011.12.01 05:21:38.752,1.34631,1.34637,1.13,1.50
2011.12.01 05:21:40.845,1.3463,1.34637,2.63,1.50
2011.12.01 05:21:41.427,1.3463,1.34637,1.88,1.50
2011.12.01 05:21:43.072,1.34629,1.34633,1.50,1.50
2011.12.01 05:21:43.195,1.34629,1.34633,1.50,1.50
2011.12.01 05:21:43.690,1.34628,1.34636,3.38,1.50
2011.12.01 05:21:46.786,1.34632,1.34636,1.13,1.50
2011.12.01 05:21:46.911,1.34632,1.34638,1.13,1.50
2011.12.01 05:21:48.821,1.34631,1.34638,2.03,1.50
2011.12.01 05:21:49.673,1.34631,1.34638,2.03,1.50
2011.12.01 05:21:53.770,1.34632,1.3464,2.25,1.50
2011.12.01 05:22:00.526,1.34631,1.34638,1.88,1.50
2011.12.01 05:22:01.061,1.34631,1.34638,1.88,1.50
2011.12.01 05:22:01.650,1.3463,1.34638,3.38,1.50
2011.12.01 05:22:04.217,1.34629,1.34636,2.63,1.50
2011.12.01 05:22:09.250,1.34629,1.34636,1.50,1.50
2011.12.01 05:22:18.997,1.34629,1.34636,1.50,1.50
2011.12.01 05:22:23.127,1.34628,1.34634,2.25,1.50
2011.12.01 05:22:23.970,1.34627,1.34632,2.03,1.13
2011.12.01 05:22:24.215,1.34624,1.34632,1.50,3.38
2011.12.01 05:22:24.346,1.34619,1.34628,1.50,1.88
2011.12.01 05:22:24.472,1.34618,1.34625,1.13,1.50
2011.12.01 05:22:24.716,1.34618,1.34623,1.13,1.50
2011.12.01 05:22:25.799,1.34615,1.34621,1.50,1.50
2011.12.01 05:22:26.415,1.34612,1.34619,2.63,1.50
2011.12.01 05:22:36.228,1.34611,1.34619,4.13,2.25
2011.12.01 05:22:36.352,1.34611,1.34617,2.63,1.50
2011.12.01 05:22:39.620,1.34609,1.34617,3.75,2.25
2011.12.01 05:22:39.982,1.34608,1.34615,4.13,1.50
2011.12.01 05:22:41.581,1.34608,1.34613,1.50,1.50
2011.12.01 05:22:41.944,1.34606,1.34613,1.13,1.50
2011.12.01 05:22:45.499,1.346,1.34613,4.13,1.50
2011.12.01 05:23:03.673,1.34605,1.34611,1.88,1.50
2011.12.01 05:23:05.597,1.34602,1.34609,3.38,1.50
2011.12.01 05:23:05.964,1.346,1.34607,1.88,1.50
2011.12.01 05:23:07.020,1.34599,1.34607,4.13,1.50
2011.12.01 05:23:09.411,1.34599,1.34605,1.13,1.50
2011.12.01 05:23:10.589,1.34597,1.34605,2.63,2.63
2011.12.01 05:23:10.833,1.34597,1.34603,1.88,1.13
2011.12.01 05:23:11.205,1.34593,1.34598,1.13,1.50
2011.12.01 05:23:11.331,1.34592,1.34598,2.63,1.50
2011.12.01 05:23:12.188,1.34591,1.34597,1.13,1.50
2011.12.01 05:23:12.325,1.34589,1.34595,1.13,1.50
2011.12.01 05:23:12.937,1.34587,1.34595,3.38,1.50
2011.12.01 05:23:15.728,1.34588,1.34595,3.00,1.50
2011.12.01 05:23:15.856,1.34589,1.34597,3.00,1.50
2011.12.01 05:23:16.319,1.34591,1.34604,2.25,1.50
2011.12.01 05:23:17.790,1.34591,1.34598,1.50,1.13
2011.12.01 05:23:17.910,1.34589,1.34597,1.50,1.50
2011.12.01 05:23:18.150,1.34588,1.34595,3.00,1.50
2011.12.01 05:23:19.400,1.34588,1.34595,3.00,1.50
2011.12.01 05:23:20.058,1.34588,1.34595,1.88,1.50
2011.12.01 05:23:20.634,1.34588,1.34595,1.88,1.50
2011.12.01 05:23:20.762,1.34589,1.34597,1.50,2.63
2011.12.01 05:23:21.338,1.34589,1.34597,2.25,1.50
2011.12.01 05:23:23.222,1.34591,1.34599,1.50,3.38
2011.12.01 05:23:23.350,1.34594,1.34601,1.50,2.25
2011.12.01 05:23:23.717,1.346,1.34606,1.13,1.58
2011.12.01 05:23:25.477,1.34598,1.34606,1.50,3.38
2011.12.01 05:23:25.606,1.34596,1.34603,2.25,1.50
2011.12.01 05:23:25.734,1.34595,1.34603,3.38,2.25
2011.12.01 05:23:26.220,1.34595,1.34601,1.13,1.50
2011.12.01 05:23:28.182,1.34594,1.34601,1.13,1.50
2011.12.01 05:23:28.758,1.34595,1.34603,1.50,2.25
2011.12.01 05:23:29.474,1.34596,1.34603,1.13,1.50
2011.12.01 05:23:29.601,1.34598,1.34605,1.13,2.25
2011.12.01 05:23:30.244,1.34599,1.34605,1.13,1.50
2011.12.01 05:23:32.003,1.34597,1.34605,2.63,1.50
2011.12.01 05:23:32.364,1.34595,1.34603,1.50,2.25
2011.12.01 05:23:32.719,1.34594,1.34601,1.13,1.50
2011.12.01 05:23:33.573,1.34596,1.34604,3.38,2.25
2011.12.01 05:23:34.184,1.34596,1.34604,1.50,3.38
2011.12.01 05:23:34.705,1.34594,1.34602,2.63,2.25
2011.12.01 05:23:37.155,1.34593,1.346,1.13,1.50
2011.12.01 05:23:37.528,1.34591,1.34596,1.13,1.50
2011.12.01 05:23:38.905,1.3459,1.34596,1.13,1.50
2011.12.01 05:23:43.561,1.34589,1.34596,1.88,1.50
2011.12.01 05:23:44.248,1.34588,1.34596,2.63,1.50
2011.12.01 05:23:44.609,1.34588,1.34594,1.13,1.50
2011.12.01 05:23:45.209,1.34587,1.34594,1.88,1.50
2011.12.01 05:23:50.597,1.34587,1.34594,1.88,1.50
2011.12.01 05:23:51.380,1.34592,1.34597,1.43,1.88
2011.12.01 05:23:51.504,1.34592,1.34597,1.43,1.13
2011.12.01 05:23:52.100,1.34592,1.34599,3.30,1.88
2011.12.01 05:23:52.343,1.34593,1.346,1.13,2.25
2011.12.01 05:23:52.716,1.34594,1.34602,3.00,1.50
2011.12.01 05:23:52.840,1.34597,1.34602,1.13,1.50
2011.12.01 05:23:52.963,1.34597,1.34604,1.13,1.50
2011.12.01 05:23:54.082,1.34596,1.34604,1.50,2.63
2011.12.01 05:23:54.205,1.34596,1.34604,2.48,3.38
2011.12.01 05:23:54.335,1.34596,1.34604,1.50,3.38
2011.12.01 05:23:54.587,1.34599,1.34603,1.50,1.13
2011.12.01 05:23:54.720,1.34599,1.34605,2.25,1.88
2011.12.01 05:23:54.962,1.34599,1.34607,2.25,3.38
2011.12.01 05:23:55.085,1.34597,1.34604,1.88,1.50
2011.12.01 05:23:56.178,1.34597,1.34604,1.88,1.50
2011.12.01 05:23:56.664,1.34594,1.34602,1.50,1.50
2011.12.01 05:23:56.796,1.34593,1.34599,1.88,1.50
2011.12.01 05:23:57.612,1.34592,1.34599,1.88,1.50
2011.12.01 05:23:57.974,1.34591,1.34597,1.88,1.50
2011.12.01 05:23:58.342,1.34591,1.34595,1.13,1.50
2011.12.01 05:23:58.580,1.34591,1.34597,1.88,1.50
2011.12.01 05:23:59.159,1.34591,1.34597,1.88,1.50
2011.12.01 05:23:59.750,1.34591,1.34597,1.88,1.50
2011.12.01 05:23:59.873,1.34591,1.34599,3.38,1.50
2011.12.01 05:24:02.257,1.34591,1.34599,1.50,4.13
2011.12.01 05:24:02.740,1.34592,1.346,1.50,3.00
2011.12.01 05:24:03.338,1.34592,1.346,1.50,3.00
2011.12.01 05:24:05.598,1.34592,1.346,1.50,3.00
2011.12.01 05:24:05.725,1.3459,1.34598,1.50,2.25
2011.12.01 05:24:06.093,1.34594,1.34598,1.13,1.50
2011.12.01 05:24:06.212,1.34594,1.346,1.13,3.75
2011.12.01 05:24:06.457,1.34596,1.346,1.13,3.75
2011.12.01 05:24:07.026,1.346,1.34608,2.63,3.08
2011.12.01 05:24:07.272,1.34602,1.34608,1.13,1.50
2011.12.01 05:24:07.514,1.34602,1.34606,1.13,1.50
2011.12.01 05:24:08.120,1.34602,1.34608,1.13,1.50
2011.12.01 05:24:08.699,1.34599,1.34606,1.88,1.50
2011.12.01 05:24:09.148,1.346,1.34608,1.50,2.25
2011.12.01 05:24:09.511,1.346,1.34607,1.50,1.88
2011.12.01 05:24:09.635,1.34596,1.34604,2.25,2.63
2011.12.01 05:24:10.165,1.34596,1.34603,2.25,1.13
2011.12.01 05:24:11.021,1.34596,1.34604,2.63,1.50
2011.12.01 05:24:11.149,1.34602,1.34607,1.50,1.88
2011.12.01 05:24:11.392,1.34602,1.34608,1.50,1.50
2011.12.01 05:24:11.629,1.346,1.34608,1.50,2.25
2011.12.01 05:24:12.229,1.346,1.34607,1.50,1.88
2011.12.01 05:24:14.819,1.34602,1.34607,1.50,1.13
2011.12.01 05:24:18.023,1.346,1.34608,1.50,4.13
2011.12.01 05:24:18.628,1.346,1.34608,1.50,4.13
2011.12.01 05:24:19.259,1.346,1.34608,1.50,4.88
2011.12.01 05:24:19.943,1.34599,1.34606,1.13,1.50
2011.12.01 05:24:21.167,1.34597,1.34604,1.13,2.25
2011.12.01 05:24:21.768,1.34596,1.34604,1.50,2.25
2011.12.01 05:24:23.490,1.34595,1.34602,1.13,1.50
2011.12.01 05:24:24.361,1.34594,1.34602,2.63,1.50
2011.12.01 05:24:27.543,1.34592,1.346,3.38,1.50
2011.12.01 05:24:29.072,1.34594,1.34602,1.50,2.63
2011.12.01 05:24:29.548,1.34592,1.346,3.38,1.50
2011.12.01 05:24:30.738,1.34592,1.346,2.63,2.25
2011.12.01 05:24:36.542,1.34592,1.346,2.63,2.25
2011.12.01 05:24:36.778,1.3459,1.34598,4.88,1.50
2011.12.01 05:24:40.219,1.3459,1.34598,3.38,2.25
2011.12.01 05:24:40.787,1.3459,1.34598,3.38,2.25
2011.12.01 05:24:41.602,1.34588,1.34595,1.13,1.50
2011.12.01 05:24:43.470,1.34589,1.34597,1.50,1.50
2011.12.01 05:24:44.619,1.34591,1.34599,1.50,4.13
2011.12.01 05:24:50.229,1.34591,1.34596,1.50,1.13
2011.12.01 05:24:50.596,1.3459,1.34595,1.88,1.50
2011.12.01 05:24:51.134,1.34587,1.34596,1.50,3.00
2011.12.01 05:24:51.381,1.34583,1.34588,1.50,1.50
2011.12.01 05:24:51.501,1.34581,1.34588,1.50,1.50
2011.12.01 05:24:52.091,1.3458,1.34587,1.13,2.25
2011.12.01 05:24:53.521,1.3458,1.34587,1.13,2.25
2011.12.01 05:24:54.122,1.34581,1.34589,1.50,4.13
2011.12.01 05:24:54.631,1.34581,1.34589,1.50,4.13
2011.12.01 05:24:55.196,1.34581,1.34589,1.50,4.13
2011.12.01 05:24:55.913,1.34581,1.34589,1.50,3.38
2011.12.01 05:24:56.048,1.34583,1.3459,1.50,2.25
2011.12.01 05:24:57.530,1.34583,1.3459,1.50,2.25
2011.12.01 05:24:58.373,1.34582,1.34588,1.13,1.50
2011.12.01 05:24:58.971,1.34581,1.34589,1.50,2.25
2011.12.01 05:24:59.745,1.34581,1.34589,1.50,2.25
2011.12.01 05:25:00.352,1.34581,1.34589,1.50,4.13
2011.12.01 05:25:00.949,1.34581,1.34589,1.50,4.88
2011.12.01 05:25:02.781,1.34581,1.34586,1.50,1.13
2011.12.01 05:25:03.143,1.34579,1.34586,1.50,1.88
2011.12.01 05:25:03.718,1.34579,1.34585,1.50,1.13
2011.12.01 05:25:05.053,1.34573,1.3458,1.28,1.50
2011.12.01 05:25:05.177,1.34573,1.34583,1.13,2.25
2011.12.01 05:25:05.310,1.34572,1.3458,1.88,1.50
2011.12.01 05:25:06.034,1.34571,1.3458,1.50,1.88
2011.12.01 05:25:06.161,1.3457,1.3458,2.63,3.38
2011.12.01 05:25:06.281,1.34571,1.3458,1.50,1.88
2011.12.01 05:25:07.000,1.34571,1.3458,1.50,1.88
2011.12.01 05:25:08.950,1.34574,1.34581,1.50,2.63
2011.12.01 05:25:09.528,1.34574,1.34581,1.50,1.88
2011.12.01 05:25:09.891,1.34576,1.34582,1.50,2.25
2011.12.01 05:25:11.535,1.34578,1.34585,1.50,1.50
2011.12.01 05:25:12.213,1.34582,1.34586,1.50,1.13
2011.12.01 05:25:13.756,1.34583,1.3459,1.13,2.25
2011.12.01 05:25:14.361,1.34584,1.34592,1.50,3.00
2011.12.01 05:25:16.364,1.34586,1.34592,1.13,1.50
2011.12.01 05:25:16.494,1.34586,1.34592,1.13,1.50
2011.12.01 05:25:16.983,1.34584,1.34592,2.63,2.25
2011.12.01 05:25:17.813,1.34587,1.34592,1.50,1.88
2011.12.01 05:25:17.936,1.34585,1.34592,1.50,1.88
2011.12.01 05:25:18.305,1.34587,1.34593,1.50,1.50
2011.12.01 05:25:18.434,1.34587,1.34593,1.50,1.13
2011.12.01 05:25:18.561,1.34584,1.34592,2.25,1.50
2011.12.01 05:25:19.414,1.34584,1.34592,1.50,3.38
2011.12.01 05:25:20.169,1.34584,1.34592,1.50,3.38
2011.12.01 05:25:21.093,1.34586,1.34593,1.50,1.88
2011.12.01 05:25:21.889,1.34586,1.34593,1.50,1.88
2011.12.01 05:25:22.249,1.34584,1.34592,1.50,3.38
2011.12.01 05:25:22.819,1.34584,1.34592,1.50,3.38
2011.12.01 05:25:23.053,1.34586,1.34593,1.50,1.88
2011.12.01 05:25:23.922,1.34586,1.34593,1.50,1.88
2011.12.01 05:25:24.158,1.34584,1.34592,1.50,2.25
2011.12.01 05:25:27.418,1.34584,1.34592,1.50,3.38
2011.12.01 05:25:27.539,1.34582,1.3459,2.63,1.50
2011.12.01 05:25:27.891,1.34582,1.34588,1.50,1.13
2011.12.01 05:25:28.132,1.3458,1.34588,3.00,2.63
2011.12.01 05:25:28.371,1.34582,1.34588,1.50,1.13
2011.12.01 05:25:29.090,1.34582,1.34589,1.50,1.13
2011.12.01 05:25:31.780,1.3458,1.34588,1.50,1.50
2011.12.01 05:25:32.378,1.3458,1.34587,1.50,1.88
2011.12.01 05:25:32.980,1.3458,1.34588,3.38,1.50
2011.12.01 05:25:33.100,1.34582,1.34589,1.50,1.13
2011.12.01 05:25:33.937,1.3458,1.34588,3.00,1.50
2011.12.01 05:25:35.812,1.3458,1.34587,1.50,1.13
2011.12.01 05:25:39.282,1.3458,1.34588,2.25,2.63
2011.12.01 05:25:39.858,1.3458,1.34587,2.25,1.13
2011.12.01 05:25:42.535,1.3458,1.34588,2.25,2.63
2011.12.01 05:25:42.782,1.34582,1.34588,1.50,1.13
2011.12.01 05:25:43.363,1.34584,1.3459,1.50,1.88
2011.12.01 05:25:43.722,1.34582,1.3459,2.25,2.63
2011.12.01 05:25:46.897,1.34584,1.34591,1.50,1.88
2011.12.01 05:25:47.579,1.34582,1.3459,1.50,2.63
2011.12.01 05:25:48.313,1.34588,1.34594,1.50,1.13
2011.12.01 05:25:48.674,1.34584,1.34594,1.88,2.63
2011.12.01 05:25:49.139,1.34588,1.34594,1.50,1.88
2011.12.01 05:25:51.581,1.34586,1.34594,1.50,2.25
2011.12.01 05:25:51.714,1.34588,1.34595,1.50,1.13
2011.12.01 05:25:52.088,1.34595,1.34602,1.50,1.05
2011.12.01 05:25:52.696,1.34597,1.34604,1.50,1.50
2011.12.01 05:25:53.065,1.34601,1.34607,1.50,3.30
2011.12.01 05:25:53.638,1.34605,1.34612,2.25,1.96
2011.12.01 05:25:53.895,1.34607,1.34614,1.50,1.20
2011.12.01 05:25:54.261,1.34607,1.34614,1.50,1.13
2011.12.01 05:25:54.973,1.34607,1.34614,2.25,1.13
2011.12.01 05:25:55.558,1.34607,1.34615,3.38,1.50
2011.12.01 05:25:56.158,1.34607,1.34615,3.38,1.50
2011.12.01 05:25:57.453,1.34606,1.34613,1.13,1.88
2011.12.01 05:25:58.040,1.34605,1.34613,3.38,1.88
2011.12.01 05:25:58.649,1.34605,1.34613,3.38,1.50
2011.12.01 05:25:59.230,1.34606,1.34613,1.88,1.50
2011.12.01 05:26:00.901,1.34605,1.34613,3.38,1.50
2011.12.01 05:26:02.787,1.34605,1.34613,3.38,1.50
2011.12.01 05:26:03.572,1.34605,1.34613,3.38,1.88
2011.12.01 05:26:03.946,1.34609,1.34617,2.25,2.63
2011.12.01 05:26:05.941,1.34609,1.34617,2.25,2.63
2011.12.01 05:26:07.621,1.34611,1.34618,2.25,1.13
2011.12.01 05:26:08.689,1.34611,1.34619,2.25,2.25
2011.12.01 05:26:11.721,1.34611,1.34619,2.25,2.25
2011.12.01 05:26:12.084,1.34615,1.34622,1.50,2.93
2011.12.01 05:26:12.689,1.34615,1.34622,1.50,2.18
2011.12.01 05:26:13.533,1.34614,1.34621,1.13,2.25
2011.12.01 05:26:14.016,1.34613,1.34619,1.13,1.50
2011.12.01 05:26:14.611,1.34611,1.34619,3.38,1.50
2011.12.01 05:26:15.171,1.34611,1.34619,3.38,1.50
2011.12.01 05:26:21.040,1.34611,1.34617,1.50,1.13
2011.12.01 05:26:21.281,1.34609,1.34617,2.25,2.63
2011.12.01 05:26:21.399,1.34611,1.34617,1.50,1.13
2011.12.01 05:26:28.049,1.34609,1.34617,2.25,2.63
2011.12.01 05:26:30.940,1.34609,1.34617,2.25,1.50
2011.12.01 05:26:31.528,1.34609,1.34617,3.00,1.50
2011.12.01 05:26:39.071,1.34609,1.34617,3.75,1.50
2011.12.01 05:26:39.769,1.34609,1.34617,3.75,1.50
2011.12.01 05:26:54.111,1.34609,1.34617,3.00,1.50
2011.12.01 05:26:59.601,1.34609,1.34617,3.75,1.50
2011.12.01 05:27:02.729,1.34609,1.34617,3.75,1.50
2011.12.01 05:27:02.855,1.34611,1.34619,2.63,1.50
2011.12.01 05:27:02.980,1.34614,1.34619,1.13,1.50
2011.12.01 05:27:03.335,1.34617,1.34624,1.13,2.55
2011.12.01 05:27:03.699,1.3462,1.34628,1.50,4.13
2011.12.01 05:27:03.940,1.34618,1.34626,2.63,1.50
2011.12.01 05:27:05.600,1.34616,1.34624,3.38,1.50
2011.12.01 05:27:06.208,1.34616,1.34622,1.13,1.50
2011.12.01 05:27:06.333,1.34616,1.34624,1.50,1.50
2011.12.01 05:27:07.519,1.34618,1.34626,1.50,2.25
2011.12.01 05:27:11.589,1.34616,1.34624,2.25,1.50
2011.12.01 05:27:12.780,1.34616,1.34624,2.25,1.50
2011.12.01 05:27:16.888,1.34616,1.34624,1.50,1.50
2011.12.01 05:27:18.199,1.34614,1.34622,3.38,1.50
2011.12.01 05:27:18.720,1.3461,1.34617,2.25,1.50
2011.12.01 05:27:18.846,1.34608,1.34615,1.50,1.50
2011.12.01 05:27:19.092,1.34609,1.34617,2.25,1.50
2011.12.01 05:27:19.693,1.34609,1.34617,2.25,1.50
2011.12.01 05:27:20.380,1.34609,1.34617,2.25,1.50
2011.12.01 05:27:20.970,1.34611,1.34619,2.25,1.50
2011.12.01 05:27:21.550,1.34611,1.34619,2.25,1.50
2011.12.01 05:27:22.138,1.34611,1.34619,2.25,1.50
2011.12.01 05:27:22.710,1.34611,1.34619,2.25,1.50
2011.12.01 05:27:23.278,1.34611,1.34619,2.25,1.50
2011.12.01 05:27:23.967,1.34611,1.34619,2.25,1.50
2011.12.01 05:27:24.527,1.34611,1.34619,2.25,1.50
2011.12.01 05:27:26.800,1.34611,1.34619,2.25,1.50
2011.12.01 05:27:27.484,1.34611,1.34619,2.25,1.50
2011.12.01 05:27:28.058,1.34611,1.34619,2.25,1.50
2011.12.01 05:27:28.567,1.34611,1.34619,2.25,1.50
2011.12.01 05:27:31.078,1.34609,1.34617,2.25,1.50
2011.12.01 05:27:37.032,1.34612,1.3462,2.25,2.25
2011.12.01 05:27:37.289,1.34613,1.34621,1.50,2.25
2011.12.01 05:27:37.415,1.34614,1.34621,1.88,1.50
2011.12.01 05:27:37.549,1.34614,1.34623,1.50,1.50
2011.12.01 05:27:38.154,1.34617,1.34622,1.13,1.50
2011.12.01 05:27:38.886,1.34622,1.3463,2.25,1.50
2011.12.01 05:27:39.134,1.3462,1.34628,2.25,1.50
2011.12.01 05:27:39.621,1.34622,1.3463,2.25,1.50
2011.12.01 05:27:41.410,1.3462,1.34628,2.25,1.50
2011.12.01 05:27:41.920,1.3462,1.34628,2.25,1.50
2011.12.01 05:27:47.594,1.3462,1.34628,2.25,1.50
2011.12.01 05:27:47.963,1.34619,1.34626,1.88,1.50
2011.12.01 05:27:48.561,1.34619,1.34626,1.13,1.50
2011.12.01 05:27:49.164,1.3462,1.34628,2.63,1.50
2011.12.01 05:27:49.858,1.34624,1.34632,1.50,3.38
2011.12.01 05:27:49.989,1.34624,1.34632,3.38,1.50
2011.12.01 05:27:50.235,1.34626,1.34634,1.50,4.13
2011.12.01 05:27:54.541,1.34624,1.34632,3.38,1.50
2011.12.01 05:27:57.075,1.34624,1.3463,1.13,1.50
2011.12.01 05:27:57.671,1.34623,1.3463,1.88,1.50
2011.12.01 05:28:09.022,1.34624,1.3463,1.13,1.50
2011.12.01 05:28:10.368,1.34625,1.34633,1.50,1.50
2011.12.01 05:28:11.639,1.34627,1.34634,1.50,1.13
2011.12.01 05:28:13.388,1.34624,1.34632,3.38,1.50
2011.12.01 05:28:21.998,1.34626,1.34634,2.63,1.50
2011.12.01 05:28:22.126,1.34628,1.34636,1.50,3.53
2011.12.01 05:28:29.700,1.34628,1.34636,1.50,2.25
2011.12.01 05:28:30.039,1.3463,1.34637,1.50,2.63
2011.12.01 05:28:32.112,1.3463,1.34638,1.50,3.38
2011.12.01 05:28:32.474,1.34629,1.3464,3.00,2.25
2011.12.01 05:28:32.843,1.34633,1.3464,1.50,1.50
2011.12.01 05:28:33.196,1.34635,1.34644,1.13,2.25
2011.12.01 05:28:33.669,1.34635,1.34642,1.88,1.50
2011.12.01 05:28:35.059,1.34636,1.34644,1.50,1.50
2011.12.01 05:28:36.280,1.34636,1.34643,1.50,1.13
2011.12.01 05:28:36.523,1.34634,1.3464,1.50,1.88
2011.12.01 05:28:36.772,1.3463,1.34638,2.25,3.38
2011.12.01 05:28:36.893,1.3463,1.34636,2.25,1.13
2011.12.01 05:28:37.450,1.34627,1.34635,1.50,3.38
2011.12.01 05:28:40.988,1.34627,1.34634,1.50,1.13
2011.12.01 05:28:41.223,1.34622,1.34627,1.50,1.13
2011.12.01 05:28:41.469,1.34624,1.34629,1.13,1.13
2011.12.01 05:28:41.714,1.34625,1.3463,1.13,1.50
2011.12.01 05:28:41.843,1.34627,1.34635,1.50,3.38
2011.12.01 05:28:42.697,1.34627,1.34635,1.50,3.38
2011.12.01 05:28:43.790,1.34627,1.34635,1.50,3.38
2011.12.01 05:28:44.381,1.34627,1.34635,1.50,2.25
2011.12.01 05:28:44.944,1.34633,1.34639,1.13,3.00
2011.12.01 05:28:45.076,1.34633,1.34637,1.13,2.25
2011.12.01 05:28:45.329,1.3463,1.3464,2.26,1.50
2011.12.01 05:28:45.458,1.34631,1.34639,1.50,1.50
2011.12.01 05:28:46.374,1.34633,1.34641,2.25,1.50
2011.12.01 05:28:46.506,1.34633,1.34641,2.25,1.50
2011.12.01 05:28:47.109,1.34633,1.34644,4.51,2.25
2011.12.01 05:28:49.090,1.34633,1.34641,2.25,2.25
2011.12.01 05:28:49.571,1.34633,1.34639,1.13,3.00
2011.12.01 05:28:50.702,1.34633,1.34639,1.13,3.00
2011.12.01 05:28:51.298,1.34628,1.34636,3.38,1.50
2011.12.01 05:28:53.420,1.3463,1.34638,1.50,2.25
2011.12.01 05:28:57.582,1.34634,1.34638,1.13,1.50
2011.12.01 05:28:57.706,1.34633,1.3464,1.88,1.50
2011.12.01 05:28:57.834,1.34634,1.34642,2.25,1.50
2011.12.01 05:28:58.084,1.34633,1.3464,1.88,1.50
2011.12.01 05:28:58.846,1.34632,1.3464,2.25,1.50
2011.12.01 05:28:59.099,1.3463,1.34636,1.50,1.65
2011.12.01 05:28:59.703,1.34627,1.34634,1.88,1.50
2011.12.01 05:29:00.290,1.34628,1.34636,1.50,2.25
2011.12.01 05:29:04.924,1.34632,1.34638,1.13,1.50
2011.12.01 05:29:05.390,1.3463,1.34638,1.50,1.50
2011.12.01 05:29:05.512,1.34632,1.3464,1.50,1.50
2011.12.01 05:29:05.761,1.34632,1.34642,4.51,1.88
2011.12.01 05:29:05.886,1.34634,1.34642,2.25,1.50
2011.12.01 05:29:06.139,1.34636,1.34646,2.63,2.33
2011.12.01 05:29:06.273,1.34637,1.34647,1.50,2.25
2011.12.01 05:29:06.395,1.34642,1.3465,1.13,1.50
2011.12.01 05:29:06.529,1.34645,1.34652,1.13,1.88
2011.12.01 05:29:07.714,1.34644,1.34652,3.38,2.63
2011.12.01 05:29:08.447,1.34649,1.34658,2.26,2.63
2011.12.01 05:29:08.573,1.34647,1.34656,3.01,1.50
2011.12.01 05:29:09.072,1.3465,1.34658,1.50,3.00
2011.12.01 05:29:09.659,1.3465,1.34658,1.50,2.25
2011.12.01 05:29:10.741,1.3465,1.34658,1.50,3.38
2011.12.01 05:29:10.868,1.34648,1.34655,1.13,1.50
2011.12.01 05:29:11.352,1.34647,1.34658,1.50,2.33
2011.12.01 05:29:11.474,1.34647,1.34658,1.50,2.48
2011.12.01 05:29:12.999,1.34647,1.34658,1.50,2.25
2011.12.01 05:29:13.719,1.3465,1.34658,1.50,2.25
2011.12.01 05:29:14.503,1.3465,1.34656,1.13,1.50
2011.12.01 05:29:14.632,1.34648,1.34656,1.50,1.58
2011.12.01 05:29:14.751,1.34645,1.34653,2.25,1.50
2011.12.01 05:29:14.872,1.34647,1.34655,1.50,1.50
2011.12.01 05:29:14.989,1.34647,1.34655,2.63,1.50
2011.12.01 05:29:15.814,1.34645,1.34653,3.38,1.50
2011.12.01 05:29:15.946,1.34642,1.3465,3.00,1.50
2011.12.01 05:29:16.076,1.34641,1.34648,1.88,1.50
2011.12.01 05:29:16.208,1.34638,1.34646,3.00,1.50
2011.12.01 05:29:16.572,1.34639,1.34648,1.50,1.50
2011.12.01 05:29:17.054,1.34636,1.34648,1.13,1.50
2011.12.01 05:29:17.183,1.34638,1.34651,2.25,1.50
2011.12.01 05:29:17.305,1.34646,1.34654,2.59,1.50
2011.12.01 05:29:17.822,1.34647,1.34658,1.88,1.13
2011.12.01 05:29:17.954,1.34648,1.34657,1.50,1.50
2011.12.01 05:29:18.445,1.3465,1.3466,3.01,1.50
2011.12.01 05:29:19.625,1.3465,1.34657,1.88,2.25
2011.12.01 05:29:19.756,1.34649,1.34653,1.13,1.50
2011.12.01 05:29:19.885,1.34646,1.34653,1.50,1.50
2011.12.01 05:29:20.374,1.34643,1.34651,3.38,1.50
2011.12.01 05:29:20.507,1.34643,1.34651,2.25,2.63
2011.12.01 05:29:21.090,1.34639,1.34652,2.25,1.50
2011.12.01 05:29:21.217,1.34643,1.34652,1.13,2.25
2011.12.01 05:29:21.581,1.34645,1.34654,1.88,1.50
2011.12.01 05:29:23.140,1.34643,1.34653,1.13,1.13
2011.12.01 05:29:23.854,1.34645,1.34654,1.13,2.25
2011.12.01 05:29:24.220,1.34645,1.34655,1.88,1.88
2011.12.01 05:29:25.021,1.34648,1.34656,1.50,3.38
2011.12.01 05:29:25.800,1.34646,1.34656,1.88,1.88
2011.12.01 05:29:27.952,1.34647,1.34657,1.88,1.13
2011.12.01 05:29:31.729,1.34648,1.34656,1.50,1.50
2011.12.01 05:29:31.852,1.34647,1.34657,1.88,1.13
2011.12.01 05:29:34.580,1.3465,1.34658,2.25,2.63
2011.12.01 05:29:35.168,1.3465,1.34658,1.50,3.38
2011.12.01 05:29:36.149,1.3465,1.34658,1.50,1.50
2011.12.01 05:29:36.749,1.34651,1.3466,1.13,2.25
2011.12.01 05:29:37.291,1.34651,1.34658,1.13,1.50
2011.12.01 05:29:40.962,1.3465,1.34655,1.50,1.13
2011.12.01 05:29:41.204,1.34648,1.34655,2.25,1.13
2011.12.01 05:29:42.035,1.34649,1.34658,1.13,3.00
2011.12.01 05:29:42.619,1.3465,1.34658,1.50,4.13
2011.12.01 05:29:43.374,1.34648,1.34656,2.25,1.50
2011.12.01 05:29:43.957,1.34647,1.34657,1.88,1.88
2011.12.01 05:29:54.327,1.3465,1.34657,1.50,1.88
2011.12.01 05:29:54.452,1.34648,1.34656,1.50,1.50
2011.12.01 05:29:56.640,1.34648,1.34656,1.50,2.25
2011.12.01 05:29:56.997,1.34646,1.34654,2.63,2.25
2011.12.01 05:29:57.124,1.34646,1.34651,1.50,1.13
2011.12.01 05:29:57.247,1.34644,1.34652,1.50,2.25
2011.12.01 05:29:57.375,1.34643,1.34649,1.13,1.50
2011.12.01 05:29:57.503,1.34641,1.34649,2.63,1.50
2011.12.01 05:29:57.742,1.34641,1.34651,1.13,3.38
2011.12.01 05:29:58.346,1.3464,1.34651,1.50,3.38
2011.12.01 05:29:58.873,1.34638,1.34651,3.38,2.25
2011.12.01 05:29:59.012,1.34638,1.34647,2.63,1.50
2011.12.01 05:29:59.131,1.34638,1.34649,1.88,2.25
2011.12.01 05:29:59.975,1.34639,1.34647,1.50,1.50
2011.12.01 05:30:00.581,1.34639,1.34647,1.50,1.50
2011.12.01 05:30:01.061,1.3464,1.34649,1.13,2.25
2011.12.01 05:30:02.121,1.3464,1.34649,1.13,2.25
2011.12.01 05:30:02.577,1.34638,1.34643,1.50,1.50
2011.12.01 05:30:02.712,1.34631,1.34637,3.00,1.50
2011.12.01 05:30:02.953,1.3463,1.34635,2.25,1.50
2011.12.01 05:30:03.083,1.34629,1.34635,1.50,1.50
2011.12.01 05:30:03.438,1.34629,1.34637,3.00,1.50
2011.12.01 05:30:03.562,1.34629,1.34638,1.50,1.13
2011.12.01 05:30:04.983,1.34631,1.34639,2.63,2.25
2011.12.01 05:30:07.521,1.34629,1.34637,3.38,1.50
2011.12.01 05:30:07.886,1.34625,1.34633,2.25,1.50
2011.12.01 05:30:08.133,1.34627,1.34635,2.25,1.50
2011.12.01 05:30:08.491,1.34629,1.34637,1.50,1.50
2011.12.01 05:30:09.081,1.34631,1.34639,1.50,3.38
2011.12.01 05:30:09.557,1.34632,1.34639,1.88,2.63
2011.12.01 05:30:09.924,1.34635,1.34643,3.00,2.25
2011.12.01 05:30:10.059,1.34636,1.34646,1.13,1.43
2011.12.01 05:30:10.645,1.34637,1.34647,1.88,2.63
2011.12.01 05:30:11.125,1.34637,1.34645,3.38,1.50
2011.12.01 05:30:11.721,1.34637,1.34645,1.50,1.50
2011.12.01 05:30:12.085,1.34639,1.34648,2.63,1.50
2011.12.01 05:30:12.452,1.3464,1.3465,1.50,2.25
2011.12.01 05:30:12.810,1.34642,1.3465,1.50,1.50
2011.12.01 05:30:18.058,1.34644,1.34652,2.63,1.50
2011.12.01 05:30:18.630,1.34644,1.34654,1.88,4.13
2011.12.01 05:30:19.103,1.34645,1.34655,1.88,1.88
2011.12.01 05:30:21.505,1.34645,1.34655,1.13,1.88
2011.12.01 05:30:21.631,1.34645,1.34654,1.13,2.25
2011.12.01 05:30:22.080,1.34645,1.34655,1.88,1.13
2011.12.01 05:30:23.158,1.34645,1.34653,3.38,1.50
2011.12.01 05:30:24.481,1.34645,1.34653,3.38,1.50
2011.12.01 05:30:24.841,1.34644,1.34651,1.88,1.50
2011.12.01 05:30:27.481,1.34644,1.34651,1.88,1.50
2011.12.01 05:30:30.919,1.34644,1.34649,1.88,1.50
2011.12.01 05:30:40.790,1.34639,1.34647,3.38,1.50
2011.12.01 05:30:40.916,1.34639,1.34647,1.50,1.50
2011.12.01 05:30:41.043,1.34639,1.34645,1.88,1.50
2011.12.01 05:30:41.282,1.34639,1.34645,1.88,1.50
2011.12.01 05:30:41.402,1.34639,1.34647,3.38,1.50
2011.12.01 05:30:47.610,1.34639,1.34647,3.38,1.73
2011.12.01 05:30:56.286,1.34642,1.34649,1.50,1.50
2011.12.01 05:30:56.883,1.34642,1.3465,1.50,2.63
2011.12.01 05:31:00.897,1.34642,1.3465,3.38,1.50
2011.12.01 05:31:01.438,1.34644,1.34652,1.50,2.63
2011.12.01 05:31:05.166,1.34643,1.34652,1.50,1.13
2011.12.01 05:31:05.721,1.34646,1.34654,1.50,3.38
2011.12.01 05:31:06.093,1.34647,1.34657,4.13,1.13
2011.12.01 05:31:07.870,1.34647,1.34656,3.00,1.13
2011.12.01 05:31:08.460,1.34647,1.34657,4.13,1.13
2011.12.01 05:31:08.825,1.34645,1.34655,2.63,1.88
2011.12.01 05:31:11.432,1.3465,1.34655,1.50,1.13
2011.12.01 05:31:13.036,1.3465,1.34656,1.50,1.88
2011.12.01 05:31:13.525,1.3465,1.34659,1.50,1.88
2011.12.01 05:31:14.104,1.34654,1.34662,1.13,2.18
2011.12.01 05:31:15.636,1.3465,1.34656,2.25,1.13
2011.12.01 05:31:15.764,1.3465,1.34656,1.50,1.88
2011.12.01 05:31:16.122,1.34646,1.34655,1.13,1.50
2011.12.01 05:31:16.607,1.34647,1.34657,1.88,4.88
2011.12.01 05:31:17.358,1.34646,1.34656,3.75,1.88
2011.12.01 05:31:17.856,1.34646,1.34658,4.84,1.88
2011.12.01 05:31:18.226,1.34648,1.34658,1.50,1.88
2011.12.01 05:31:18.473,1.34648,1.34656,1.88,2.63
2011.12.01 05:31:19.073,1.34648,1.34656,1.50,3.38
2011.12.01 05:31:20.961,1.34653,1.34658,1.50,1.88
2011.12.01 05:31:21.637,1.34655,1.34661,1.50,1.50
2011.12.01 05:31:22.369,1.34655,1.34662,2.63,2.18
2011.12.01 05:31:22.498,1.34655,1.34661,1.50,2.63
2011.12.01 05:31:22.863,1.34653,1.34658,1.13,1.50
2011.12.01 05:31:23.102,1.34651,1.34662,1.50,2.25
2011.12.01 05:31:23.551,1.34652,1.3466,2.25,1.50
2011.12.01 05:31:25.903,1.34654,1.34662,1.50,1.50
2011.12.01 05:31:26.693,1.34655,1.34662,1.13,2.25
2011.12.01 05:31:27.266,1.34655,1.34662,1.13,2.25
2011.12.01 05:31:27.512,1.34655,1.34662,1.13,2.25
2011.12.01 05:31:27.631,1.34654,1.3466,1.13,1.50
2011.12.01 05:31:27.987,1.34654,1.34658,1.13,1.50
2011.12.01 05:31:28.117,1.3465,1.34658,1.50,1.50
2011.12.01 05:31:28.251,1.34648,1.34656,2.25,1.50
2011.12.01 05:31:28.619,1.34645,1.34653,1.50,2.25
2011.12.01 05:31:29.104,1.34645,1.34653,1.50,2.25
2011.12.01 05:31:29.611,1.3464,1.34648,1.50,1.50
2011.12.01 05:31:29.745,1.34638,1.34646,1.50,2.25
2011.12.01 05:31:30.232,1.34637,1.34647,1.13,1.88
2011.12.01 05:31:30.834,1.34635,1.34645,3.38,2.03
2011.12.01 05:31:30.957,1.34635,1.34644,1.88,1.50
2011.12.01 05:31:31.085,1.34634,1.34644,1.13,1.88
2011.12.01 05:31:31.452,1.3463,1.34644,4.88,1.88
2011.12.01 05:31:32.056,1.3463,1.34644,2.63,1.88
2011.12.01 05:31:32.966,1.34634,1.34644,1.88,1.88
2011.12.01 05:31:33.563,1.34637,1.34647,1.13,2.63
2011.12.01 05:31:34.162,1.34638,1.34645,1.13,1.50
2011.12.01 05:31:34.751,1.34639,1.34647,1.50,3.38
2011.12.01 05:31:35.334,1.34637,1.34643,2.25,1.13
2011.12.01 05:31:35.701,1.34635,1.34643,1.50,2.63
2011.12.01 05:31:38.201,1.34633,1.34641,3.38,1.50
2011.12.01 05:31:39.400,1.34631,1.34639,2.25,1.50
2011.12.01 05:31:39.767,1.34627,1.34635,1.50,1.50
2011.12.01 05:31:40.141,1.34627,1.34633,1.50,3.00
2011.12.01 05:31:40.511,1.34621,1.34625,1.50,1.13
2011.12.01 05:31:40.642,1.34617,1.34625,1.80,1.50
2011.12.01 05:31:40.887,1.34617,1.34622,1.05,1.13
2011.12.01 05:31:41.132,1.34617,1.34624,1.05,1.13
2011.12.01 05:31:41.375,1.34614,1.34622,1.13,2.25
2011.12.01 05:31:42.041,1.34618,1.34626,1.13,2.25
2011.12.01 05:31:42.406,1.3462,1.34628,1.20,2.25
2011.12.01 05:31:42.654,1.34618,1.34626,1.20,1.50
2011.12.01 05:31:42.785,1.3462,1.34628,1.95,1.50
2011.12.01 05:31:43.754,1.34621,1.34628,1.13,1.50
2011.12.01 05:31:44.353,1.3462,1.34628,3.90,1.50
2011.12.01 05:31:44.916,1.3462,1.34628,3.98,1.50
2011.12.01 05:31:46.069,1.3462,1.34628,4.13,1.50
2011.12.01 05:31:46.431,1.34623,1.34628,1.13,1.50
2011.12.01 05:31:46.556,1.34623,1.3463,1.13,1.50
2011.12.01 05:31:46.686,1.34625,1.3463,1.13,1.50
2011.12.01 05:31:47.291,1.34624,1.3463,1.13,1.50
2011.12.01 05:31:48.453,1.34622,1.3463,2.63,1.50
2011.12.01 05:31:48.575,1.34618,1.34626,2.25,2.63
2011.12.01 05:31:49.129,1.34616,1.34624,2.25,1.50
2011.12.01 05:31:49.375,1.34618,1.34626,1.50,2.25
2011.12.01 05:31:49.622,1.34615,1.34623,2.25,1.50
2011.12.01 05:31:52.626,1.34615,1.34622,1.50,1.88
2011.12.01 05:31:52.757,1.34613,1.34621,1.50,1.50
2011.12.01 05:31:52.886,1.34607,1.34615,3.00,1.50
2011.12.01 05:31:53.020,1.34605,1.34613,2.25,1.50
2011.12.01 05:31:53.712,1.34607,1.34615,2.25,1.50
2011.12.01 05:31:54.381,1.34607,1.34615,1.50,2.25
2011.12.01 05:31:56.558,1.34607,1.34615,1.50,1.50
2011.12.01 05:31:56.797,1.34605,1.34613,1.50,2.25
2011.12.01 05:31:57.162,1.3461,1.34617,1.50,1.35
2011.12.01 05:31:57.718,1.34608,1.34616,2.25,1.73
2011.12.01 05:32:00.506,1.3461,1.34618,1.50,2.85
2011.12.01 05:32:00.938,1.34616,1.34621,1.13,2.48
2011.12.01 05:32:01.074,1.34617,1.34623,1.13,1.50
2011.12.01 05:32:01.679,1.34616,1.3462,1.13,1.50
2011.12.01 05:32:02.043,1.34616,1.34622,1.13,1.50
2011.12.01 05:32:02.166,1.34618,1.34622,1.13,1.50
2011.12.01 05:32:02.298,1.3462,1.34628,1.50,2.25
2011.12.01 05:32:02.668,1.34622,1.3463,1.50,1.50
2011.12.01 05:32:03.514,1.3462,1.34628,2.25,1.50
2011.12.01 05:32:07.308,1.34619,1.34626,1.88,1.50
2011.12.01 05:32:07.681,1.3462,1.34628,2.63,1.50
2011.12.01 05:32:08.521,1.34622,1.3463,1.50,2.25
2011.12.01 05:32:09.821,1.34622,1.3463,1.50,2.25
2011.12.01 05:32:10.435,1.34622,1.3463,1.50,2.25
2011.12.01 05:32:11.286,1.34624,1.34632,1.50,1.50
2011.12.01 05:32:13.337,1.34625,1.34632,1.13,1.50
2011.12.01 05:32:13.865,1.34624,1.34632,2.25,1.50
2011.12.01 05:32:16.847,1.34625,1.34632,1.13,1.50
2011.12.01 05:32:17.221,1.34625,1.34634,3.38,1.50
2011.12.01 05:32:17.891,1.34627,1.34634,1.50,1.50
2011.12.01 05:32:18.251,1.34628,1.34635,3.38,1.50
2011.12.01 05:32:18.494,1.34629,1.34637,1.50,2.25
2011.12.01 05:32:19.795,1.34631,1.34638,1.13,1.50
2011.12.01 05:32:19.922,1.34632,1.34638,1.13,2.25
2011.12.01 05:32:20.167,1.34633,1.34639,1.13,1.50
2011.12.01 05:32:20.534,1.34633,1.34641,2.63,1.50
2011.12.01 05:32:23.284,1.34633,1.34643,2.63,4.13
2011.12.01 05:32:26.031,1.34641,1.34649,2.63,2.25
2011.12.01 05:32:26.393,1.34639,1.34647,1.50,2.63
2011.12.01 05:32:26.923,1.34638,1.34644,1.13,1.50
2011.12.01 05:32:27.285,1.34636,1.34644,1.50,1.50
2011.12.01 05:32:27.415,1.3464,1.34644,1.13,1.50
2011.12.01 05:32:27.670,1.34642,1.34648,1.13,1.50
2011.12.01 05:32:27.804,1.34643,1.3465,1.13,1.50
2011.12.01 05:32:28.752,1.34644,1.34652,1.50,1.50
2011.12.01 05:32:31.313,1.34647,1.34655,1.50,3.00
2011.12.01 05:32:32.143,1.34646,1.34653,1.13,1.50
2011.12.01 05:32:32.502,1.34645,1.34653,2.25,1.50
2011.12.01 05:32:32.970,1.34645,1.34653,2.25,1.50
2011.12.01 05:32:33.459,1.34645,1.34653,2.25,1.50
2011.12.01 05:32:33.823,1.34645,1.34653,2.25,1.50
2011.12.01 05:32:34.424,1.34645,1.34653,2.63,2.25
2011.12.01 05:32:35.004,1.34646,1.34655,3.72,2.25
2011.12.01 05:32:35.863,1.34647,1.34657,6.38,1.50
2011.12.01 05:32:36.228,1.34649,1.34657,1.50,5.03
2011.12.01 05:32:36.833,1.34651,1.34658,1.13,1.50
2011.12.01 05:32:37.313,1.34654,1.34662,2.25,1.50
2011.12.01 05:32:37.895,1.34653,1.3466,1.88,1.50
2011.12.01 05:32:40.092,1.34649,1.34656,3.75,1.50
2011.12.01 05:32:40.700,1.34647,1.34653,1.50,1.13
2011.12.01 05:32:40.825,1.34643,1.34653,1.88,1.13
2011.12.01 05:32:40.958,1.34643,1.34653,1.13,1.88
2011.12.01 05:32:41.552,1.34644,1.34653,1.50,1.88
2011.12.01 05:32:42.275,1.34643,1.34653,1.88,1.88
2011.12.01 05:32:43.241,1.34644,1.34654,1.13,1.88
2011.12.01 05:32:43.483,1.34645,1.34653,1.50,2.25
2011.12.01 05:32:44.884,1.34645,1.34653,1.50,2.25
2011.12.01 05:32:45.122,1.34647,1.34656,1.50,3.38
2011.12.01 05:32:45.362,1.34649,1.34658,1.50,2.63
2011.12.01 05:32:45.726,1.34648,1.34656,3.00,1.50
2011.12.01 05:32:46.321,1.34648,1.34656,3.00,1.50
2011.12.01 05:32:46.444,1.3465,1.34658,3.00,1.50
2011.12.01 05:32:46.926,1.34648,1.34656,2.63,2.25
2011.12.01 05:32:47.298,1.34644,1.34652,3.38,1.50
2011.12.01 05:32:47.839,1.34646,1.34654,1.50,3.38
2011.12.01 05:32:48.312,1.34645,1.34652,1.13,1.50
2011.12.01 05:32:50.642,1.34645,1.3465,1.13,1.50
2011.12.01 05:32:50.760,1.34645,1.34653,2.63,2.25
2011.12.01 05:32:51.222,1.34645,1.34655,1.13,3.38
2011.12.01 05:32:51.453,1.34645,1.34653,2.63,2.25
2011.12.01 05:32:52.121,1.34645,1.34653,2.63,1.50
2011.12.01 05:32:52.242,1.34648,1.34657,1.13,2.25
2011.12.01 05:32:52.363,1.34649,1.34657,2.25,2.25
2011.12.01 05:32:52.721,1.34649,1.34657,3.38,1.50
2011.12.01 05:32:52.840,1.34649,1.34659,1.88,3.38
2011.12.01 05:32:52.962,1.34649,1.34657,3.38,1.50
2011.12.01 05:32:55.394,1.34647,1.34655,6.00,1.50
2011.12.01 05:32:55.758,1.34645,1.34653,1.50,3.38
2011.12.01 05:32:55.888,1.34642,1.3465,2.63,1.50
2011.12.01 05:32:56.257,1.34642,1.3465,2.25,1.50
2011.12.01 05:32:56.382,1.34645,1.34654,1.13,2.25
2011.12.01 05:32:56.981,1.34645,1.34652,1.13,2.25
2011.12.01 05:32:58.910,1.34643,1.34648,1.13,1.50
2011.12.01 05:32:59.032,1.34636,1.34644,3.38,1.50
2011.12.01 05:32:59.391,1.34638,1.34646,1.50,4.13
2011.12.01 05:33:00.588,1.34642,1.34647,1.50,1.88
2011.12.01 05:33:00.718,1.34642,1.3465,1.50,2.25
2011.12.01 05:33:01.202,1.3464,1.34648,4.13,1.50
2011.12.01 05:33:02.885,1.34639,1.34646,2.63,1.50
2011.12.01 05:33:03.135,1.34638,1.34646,2.63,2.25
2011.12.01 05:33:03.742,1.34638,1.34646,2.63,2.25
2011.12.01 05:33:04.341,1.34638,1.34646,2.63,2.25
2011.12.01 05:33:10.896,1.34638,1.34646,1.50,3.38
2011.12.01 05:33:11.022,1.34636,1.34644,2.63,2.25
2011.12.01 05:33:12.217,1.34638,1.34646,1.50,3.38
2011.12.01 05:33:12.582,1.3464,1.34646,1.50,1.88
2011.12.01 05:33:14.082,1.3464,1.34648,1.50,4.13
2011.12.01 05:33:15.624,1.3464,1.34648,3.38,1.50
2011.12.01 05:33:15.972,1.34644,1.34652,1.50,4.80
2011.12.01 05:33:16.214,1.34647,1.34654,1.13,1.50
2011.12.01 05:33:16.451,1.34647,1.34656,1.13,1.50
2011.12.01 05:33:16.682,1.34647,1.34656,1.13,2.25
2011.12.01 05:33:18.801,1.34647,1.34655,1.13,1.13
2011.12.01 05:33:19.041,1.34646,1.34653,1.50,1.13
2011.12.01 05:33:19.282,1.34644,1.34652,2.25,1.88
2011.12.01 05:33:19.405,1.34643,1.3465,1.50,1.50
2011.12.01 05:33:19.892,1.34643,1.34652,1.13,2.63
2011.12.01 05:33:21.492,1.34644,1.34651,1.50,1.13
2011.12.01 05:33:21.612,1.34642,1.3465,2.25,1.50
2011.12.01 05:33:23.694,1.34644,1.3465,1.13,1.50
2011.12.01 05:33:24.053,1.34644,1.34652,2.63,1.88
2011.12.01 05:33:24.630,1.34645,1.34652,1.13,1.88
2011.12.01 05:33:25.454,1.34647,1.34654,1.13,1.50
2011.12.01 05:33:25.695,1.34643,1.34656,6.76,2.25
2011.12.01 05:33:25.931,1.34647,1.34656,1.13,2.25
2011.12.01 05:33:26.294,1.34647,1.34657,1.13,2.63
2011.12.01 05:33:26.880,1.34647,1.34657,1.13,2.63
2011.12.01 05:33:27.470,1.34647,1.34657,1.13,2.63
2011.12.01 05:33:29.081,1.3465,1.34657,1.50,2.63
2011.12.01 05:33:29.323,1.34648,1.34655,1.50,1.88
2011.12.01 05:33:29.560,1.34646,1.34654,1.50,2.25
2011.12.01 05:33:30.550,1.34646,1.34654,2.25,1.50
2011.12.01 05:33:33.059,1.34646,1.34653,2.25,1.13
2011.12.01 05:33:33.641,1.34643,1.3465,1.88,1.50
2011.12.01 05:33:44.372,1.34642,1.3465,3.38,1.50
2011.12.01 05:33:44.615,1.34642,1.3465,2.25,2.63
2011.12.01 05:33:45.110,1.3464,1.34648,3.38,1.50
2011.12.01 05:33:45.820,1.3464,1.34648,3.38,1.50
2011.12.01 05:33:46.401,1.3464,1.34648,3.38,1.50
2011.12.01 05:33:47.003,1.3464,1.34648,3.38,1.50
2011.12.01 05:33:47.630,1.3464,1.34648,3.38,1.50
2011.12.01 05:33:48.420,1.3464,1.34648,3.38,1.50
2011.12.01 05:33:51.279,1.34638,1.34646,3.38,1.50
2011.12.01 05:33:51.883,1.34638,1.34646,2.25,1.50
2011.12.01 05:33:52.246,1.34637,1.34643,1.13,1.50
2011.12.01 05:33:52.817,1.34634,1.34641,2.25,1.88
2011.12.01 05:33:53.186,1.34638,1.34644,1.13,1.47
2011.12.01 05:33:53.556,1.34641,1.34649,1.50,4.13
2011.12.01 05:33:53.683,1.34641,1.34649,2.63,3.00
2011.12.01 05:33:53.807,1.34643,1.34651,1.50,4.13
2011.12.01 05:33:53.933,1.34643,1.34651,1.50,3.38
2011.12.01 05:33:58.805,1.34645,1.34651,1.50,1.88
2011.12.01 05:33:59.175,1.34646,1.34656,1.88,1.13
2011.12.01 05:34:03.583,1.34646,1.34652,1.88,1.88
2011.12.01 05:34:04.400,1.34644,1.34652,3.38,1.88
2011.12.01 05:34:04.981,1.34644,1.34652,3.38,1.88
2011.12.01 05:34:05.629,1.34644,1.34652,3.38,1.88
2011.12.01 05:34:08.965,1.34643,1.3465,1.88,1.50
2011.12.01 05:34:09.207,1.3464,1.34648,2.25,1.50
2011.12.01 05:34:09.861,1.3464,1.34648,2.25,2.25
2011.12.01 05:34:14.101,1.3464,1.34648,2.25,1.50
2011.12.01 05:34:14.691,1.3464,1.34648,2.25,1.50
2011.12.01 05:34:16.115,1.34639,1.34646,1.88,1.50
2011.12.01 05:34:16.365,1.3464,1.34648,1.50,2.63
2011.12.01 05:34:17.512,1.34638,1.34646,2.25,1.50
2011.12.01 05:34:20.581,1.34637,1.34644,1.88,1.50
2011.12.01 05:34:21.087,1.34636,1.34644,3.38,1.50
2011.12.01 05:34:22.862,1.34637,1.34644,1.88,1.50
2011.12.01 05:34:22.982,1.34638,1.34646,2.25,1.50
2011.12.01 05:34:23.703,1.34638,1.34644,1.88,1.50
2011.12.01 05:34:24.062,1.34638,1.34646,2.25,1.50
2011.12.01 05:34:24.422,1.34638,1.34646,3.38,1.50
2011.12.01 05:34:24.545,1.3464,1.34648,2.25,2.63
2011.12.01 05:34:25.380,1.34638,1.34646,4.13,1.50
2011.12.01 05:34:25.960,1.34638,1.34646,4.13,1.50
2011.12.01 05:34:26.939,1.34638,1.34645,2.25,2.48
2011.12.01 05:34:31.451,1.34637,1.34645,1.50,1.13
2011.12.01 05:34:31.697,1.34641,1.34646,1.50,1.50
2011.12.01 05:34:32.185,1.3464,1.34648,3.00,1.50
2011.12.01 05:34:32.318,1.34642,1.34648,2.25,1.50
2011.12.01 05:34:35.767,1.34641,1.34648,1.50,2.63
2011.12.01 05:34:36.014,1.34637,1.34644,3.75,1.50
2011.12.01 05:34:36.606,1.34637,1.34644,3.38,1.50
2011.12.01 05:34:37.070,1.34638,1.34646,2.25,1.50
2011.12.01 05:34:37.674,1.34638,1.34646,1.50,1.65
2011.12.01 05:34:38.259,1.34637,1.34644,2.63,1.50
2011.12.01 05:34:38.829,1.34637,1.34644,2.63,1.50
2011.12.01 05:34:39.406,1.34637,1.34644,2.63,1.50
2011.12.01 05:34:41.764,1.34641,1.34646,1.13,1.65
2011.12.01 05:34:42.001,1.34643,1.34651,1.50,4.13
2011.12.01 05:34:47.119,1.34643,1.34652,2.25,2.25
2011.12.01 05:34:47.484,1.34652,1.34657,2.25,1.20
2011.12.01 05:34:47.728,1.34652,1.3466,3.00,2.25
2011.12.01 05:34:48.096,1.34654,1.34662,1.50,3.68
2011.12.01 05:34:48.344,1.34654,1.34662,3.00,1.80
2011.12.01 05:34:49.082,1.34656,1.34664,1.50,1.50
2011.12.01 05:34:50.481,1.34655,1.34662,2.25,1.50
2011.12.01 05:34:52.102,1.34656,1.34662,1.13,1.88
2011.12.01 05:34:53.844,1.34656,1.3466,1.13,1.50
2011.12.01 05:34:56.352,1.34652,1.34658,2.25,1.50
2011.12.01 05:34:56.472,1.34653,1.34658,1.88,1.50
2011.12.01 05:34:59.092,1.34653,1.34661,2.63,1.50
2011.12.01 05:35:05.551,1.34651,1.34659,4.88,1.50
2011.12.01 05:35:10.472,1.34651,1.34659,4.13,2.25
2011.12.01 05:35:12.059,1.34651,1.34659,4.13,1.50
2011.12.01 05:35:14.333,1.34651,1.34657,2.25,1.13
2011.12.01 05:35:18.004,1.34649,1.34657,2.25,2.63
2011.12.01 05:35:18.363,1.34648,1.34655,1.50,1.50
2011.12.01 05:35:18.485,1.34649,1.34657,1.50,2.63
2011.12.01 05:35:19.458,1.34651,1.34659,1.50,1.80
2011.12.01 05:35:19.708,1.34652,1.34661,1.88,1.50
2011.12.01 05:35:19.839,1.34652,1.34662,2.63,2.25
2011.12.01 05:35:20.551,1.34651,1.34659,1.50,1.13
2011.12.01 05:35:20.671,1.34651,1.34661,2.63,2.63
2011.12.01 05:35:24.467,1.34652,1.34659,1.50,1.50
2011.12.01 05:35:25.074,1.34651,1.34659,1.50,1.13
2011.12.01 05:35:27.739,1.3465,1.3466,2.63,1.88
2011.12.01 05:35:28.552,1.3465,1.34658,1.50,1.13
2011.12.01 05:35:28.780,1.34651,1.34657,2.25,1.13
2011.12.01 05:35:29.333,1.34651,1.34656,2.25,1.13
2011.12.01 05:35:34.180,1.34649,1.34656,3.75,1.13
2011.12.01 05:35:34.959,1.34649,1.34656,2.25,1.13
2011.12.01 05:35:35.710,1.34649,1.34655,2.25,1.13
2011.12.01 05:35:37.349,1.34649,1.34656,2.25,1.13
2011.12.01 05:35:37.580,1.34648,1.34656,1.50,1.13
2011.12.01 05:35:37.703,1.34649,1.34659,2.63,1.13
2011.12.01 05:35:44.253,1.3465,1.34658,2.25,1.50
2011.12.01 05:35:44.847,1.3465,1.34658,2.25,2.63
2011.12.01 05:35:45.427,1.3465,1.34658,2.25,2.63
2011.12.01 05:35:46.551,1.3465,1.34658,2.25,2.63
2011.12.01 05:35:49.603,1.3465,1.34656,2.25,1.13
2011.12.01 05:35:51.731,1.3465,1.34656,1.50,1.13
2011.12.01 05:35:52.205,1.3465,1.34655,1.50,1.88
2011.12.01 05:35:52.702,1.34648,1.34655,2.25,1.13
2011.12.01 05:35:53.396,1.34649,1.34655,1.02,1.13
2011.12.01 05:35:53.765,1.34648,1.34653,1.13,1.50
2011.12.01 05:35:53.894,1.3465,1.34658,2.52,2.63
2011.12.01 05:35:54.133,1.34648,1.34656,3.53,1.50
2011.12.01 05:35:55.300,1.3465,1.34656,1.02,1.50
2011.12.01 05:35:55.644,1.3465,1.34658,3.64,1.50
2011.12.01 05:35:55.884,1.34652,1.34662,1.88,6.00
2011.12.01 05:35:56.626,1.34652,1.34662,1.88,4.50
2011.12.01 05:35:57.903,1.34654,1.34663,1.13,1.13
2011.12.01 05:35:58.500,1.34654,1.34664,1.13,7.21
2011.12.01 05:35:58.620,1.34654,1.34662,2.63,1.50
2011.12.01 05:36:03.843,1.34654,1.34662,1.50,2.25
2011.12.01 05:36:03.966,1.34652,1.34658,1.50,1.13
2011.12.01 05:36:05.055,1.34652,1.3466,2.70,1.50
2011.12.01 05:36:05.187,1.34654,1.34663,1.50,4.28
2011.12.01 05:36:05.437,1.34655,1.34664,2.33,3.08
2011.12.01 05:36:05.689,1.3466,1.34668,1.50,3.00
2011.12.01 05:36:05.818,1.34661,1.34671,2.25,2.25
2011.12.01 05:36:06.489,1.34661,1.34669,3.45,1.50
2011.12.01 05:36:06.854,1.3466,1.34667,1.20,1.50
2011.12.01 05:36:07.095,1.34661,1.34669,2.70,1.50
2011.12.01 05:36:07.816,1.34661,1.34669,1.50,1.50
2011.12.01 05:36:07.946,1.34661,1.34667,1.13,1.50
2011.12.01 05:36:08.196,1.34659,1.34667,2.25,1.50
2011.12.01 05:36:08.323,1.34657,1.34666,2.25,1.13
2011.12.01 05:36:12.002,1.34659,1.34667,1.50,2.25
2011.12.01 05:36:12.620,1.34659,1.34667,1.50,2.25
2011.12.01 05:36:14.153,1.34659,1.34667,1.50,2.25
2011.12.01 05:36:15.229,1.34661,1.34669,2.25,2.63
2011.12.01 05:36:16.420,1.34661,1.34669,2.25,1.50
2011.12.01 05:36:20.281,1.34661,1.34669,1.50,3.38
2011.12.01 05:36:20.648,1.34657,1.34664,1.50,4.13
2011.12.01 05:36:21.166,1.34652,1.3466,2.25,1.50
2011.12.01 05:36:21.423,1.34654,1.34662,2.25,1.50
2011.12.01 05:36:21.545,1.34659,1.34667,1.50,4.88
2011.12.01 05:36:21.781,1.34657,1.34665,2.25,1.50
2011.12.01 05:36:23.159,1.34657,1.34665,2.25,1.50
2011.12.01 05:36:23.953,1.34657,1.34665,2.25,1.50
2011.12.01 05:36:24.629,1.34657,1.34665,2.25,1.50
2011.12.01 05:36:25.209,1.34657,1.34665,2.25,1.50
2011.12.01 05:36:25.790,1.34657,1.34665,2.25,1.50
2011.12.01 05:36:26.148,1.34657,1.34667,3.00,1.13
2011.12.01 05:36:26.637,1.34659,1.34666,1.50,1.50
2011.12.01 05:36:27.822,1.34659,1.34666,1.50,1.50
2011.12.01 05:36:28.427,1.34659,1.34664,1.50,1.50
2011.12.01 05:36:31.571,1.34657,1.34664,2.63,1.50
2011.12.01 05:36:33.883,1.34657,1.34664,1.13,1.88
2011.12.01 05:36:34.255,1.34652,1.34657,1.50,1.88
2011.12.01 05:36:34.380,1.3465,1.34655,1.80,1.65
2011.12.01 05:36:34.503,1.34647,1.34652,1.13,1.50
2011.12.01 05:36:34.624,1.34644,1.3465,1.50,1.50
2011.12.01 05:36:35.226,1.34642,1.34649,1.50,1.88
2011.12.01 05:36:35.358,1.34636,1.34644,4.50,1.50
2011.12.01 05:36:35.957,1.34638,1.34646,1.50,1.50
2011.12.01 05:36:36.333,1.3464,1.34648,1.50,1.50
2011.12.01 05:36:37.055,1.3464,1.34648,3.00,1.50
2011.12.01 05:36:37.427,1.34643,1.3465,1.13,1.50
2011.12.01 05:36:37.561,1.34644,1.34652,1.50,1.50
2011.12.01 05:36:37.688,1.34646,1.34652,1.13,1.50
2011.12.01 05:36:37.819,1.34647,1.34655,1.50,3.00
2011.12.01 05:36:38.421,1.34647,1.34655,1.50,3.00
2011.12.01 05:36:40.891,1.34646,1.34653,1.13,1.50
2011.12.01 05:36:45.924,1.34647,1.34655,1.50,2.25
2011.12.01 05:36:47.189,1.34647,1.34655,1.50,2.25
2011.12.01 05:36:47.771,1.34647,1.34655,1.50,2.25
2011.12.01 05:36:53.291,1.34646,1.34653,1.13,1.50
2011.12.01 05:36:53.870,1.34645,1.34653,2.63,2.25
2011.12.01 05:36:58.096,1.34644,1.34651,1.13,1.50
2011.12.01 05:37:01.383,1.34646,1.34654,1.50,3.38
2011.12.01 05:37:01.507,1.34651,1.34656,1.13,1.50
2011.12.01 05:37:01.635,1.34651,1.34657,1.13,1.50
2011.12.01 05:37:01.772,1.34648,1.34656,2.25,3.00
2011.12.01 05:37:01.898,1.34646,1.34654,1.50,2.25
2011.12.01 05:37:02.873,1.34645,1.34652,1.13,2.25
2011.12.01 05:37:05.192,1.34644,1.34652,1.50,2.25
2011.12.01 05:37:05.436,1.34643,1.3465,1.13,1.50
2011.12.01 05:37:07.082,1.34645,1.34653,1.50,3.38
2011.12.01 05:37:08.323,1.34645,1.34653,1.50,2.25
2011.12.01 05:37:08.910,1.34645,1.34653,1.50,2.25
2011.12.01 05:37:09.033,1.34647,1.34654,1.50,1.88
2011.12.01 05:37:10.855,1.34647,1.34654,1.50,1.88
2011.12.01 05:37:11.420,1.34647,1.34654,1.50,1.88
2011.12.01 05:37:12.831,1.34645,1.34653,1.50,2.25
2011.12.01 05:37:15.007,1.34644,1.34651,1.13,1.50
2011.12.01 05:37:16.082,1.34651,1.34656,1.13,1.50
2011.12.01 05:37:16.210,1.34653,1.34659,2.25,1.50
2011.12.01 05:37:16.341,1.34659,1.34664,1.13,4.50
2011.12.01 05:37:17.042,1.3466,1.34664,1.13,1.50
2011.12.01 05:37:17.178,1.34662,1.34666,1.13,1.50
2011.12.01 05:37:18.122,1.34659,1.34664,1.88,1.50
2011.12.01 05:37:21.861,1.34658,1.34664,1.88,1.50
2011.12.01 05:37:22.108,1.34661,1.34668,1.13,2.25
2011.12.01 05:37:22.947,1.34666,1.34671,1.13,1.50
2011.12.01 05:37:23.074,1.34666,1.34672,2.63,1.05
2011.12.01 05:37:23.197,1.34667,1.34674,1.13,2.25
2011.12.01 05:37:23.563,1.34666,1.34673,1.13,2.25
2011.12.01 05:37:23.684,1.34663,1.34669,1.73,1.50
2011.12.01 05:37:23.805,1.34662,1.34667,3.23,1.50
2011.12.01 05:37:24.402,1.34662,1.34667,1.13,1.50
2011.12.01 05:37:25.327,1.34662,1.34669,1.13,2.25
2011.12.01 05:37:25.459,1.34664,1.34669,1.13,2.25
2011.12.01 05:37:26.064,1.34662,1.34669,1.13,1.50
2011.12.01 05:37:28.431,1.34668,1.34673,1.13,2.93
2011.12.01 05:37:28.679,1.34666,1.34671,3.72,1.50
2011.12.01 05:37:28.805,1.34671,1.34676,1.13,2.55
2011.12.01 05:37:29.294,1.34669,1.34676,1.88,2.55
2011.12.01 05:37:29.900,1.34669,1.34674,1.88,1.50
2011.12.01 05:37:30.853,1.34667,1.34674,1.13,1.50
2011.12.01 05:37:31.446,1.3467,1.34674,1.13,1.50
2011.12.01 05:37:31.696,1.3467,1.34676,1.13,1.50
2011.12.01 05:37:31.830,1.34672,1.34678,1.13,2.25
2011.12.01 05:37:32.200,1.34671,1.34675,1.13,1.50
2011.12.01 05:37:32.325,1.34667,1.34675,2.63,1.50
2011.12.01 05:37:32.459,1.34667,1.34673,1.13,1.50
2011.12.01 05:37:33.433,1.34667,1.34671,1.13,1.50
2011.12.01 05:37:34.858,1.34668,1.34676,1.50,2.25
2011.12.01 05:37:35.322,1.34667,1.34672,1.13,1.50
2011.12.01 05:37:38.654,1.34667,1.34674,1.13,1.50
2011.12.01 05:37:39.129,1.34675,1.3468,1.13,2.25
2011.12.01 05:37:39.382,1.34676,1.34684,3.75,5.63
2011.12.01 05:37:39.628,1.34677,1.34684,1.13,2.25
2011.12.01 05:37:39.874,1.34677,1.34684,2.63,1.50
2011.12.01 05:37:41.652,1.34677,1.34684,1.88,1.50
2011.12.01 05:37:42.255,1.34676,1.34681,1.88,1.13
2011.12.01 05:37:42.625,1.34669,1.34675,3.00,1.50
2011.12.01 05:37:42.872,1.34668,1.34673,1.13,1.50
2011.12.01 05:37:43.117,1.34666,1.34673,1.13,1.50
2011.12.01 05:37:45.018,1.34668,1.34673,1.13,1.50
2011.12.01 05:37:45.263,1.34669,1.34676,1.50,1.50
2011.12.01 05:37:45.863,1.34671,1.34677,1.13,2.25
2011.12.01 05:37:46.223,1.34673,1.34681,1.50,4.13
2011.12.01 05:37:46.345,1.34673,1.3468,1.50,1.88
2011.12.01 05:37:47.078,1.3467,1.34677,2.63,1.50
2011.12.01 05:37:47.447,1.34668,1.34676,2.63,2.25
2011.12.01 05:37:48.031,1.34668,1.34676,2.63,1.50
2011.12.01 05:37:50.145,1.34668,1.34676,3.38,1.50
2011.12.01 05:37:50.519,1.34671,1.34675,1.13,2.25
2011.12.01 05:37:51.021,1.34671,1.34678,1.50,1.88
2011.12.01 05:37:51.512,1.34676,1.34684,5.82,1.50
2011.12.01 05:37:55.460,1.34676,1.34684,3.72,4.88
2011.12.01 05:37:56.041,1.34676,1.34684,3.72,4.88
2011.12.01 05:37:58.513,1.34678,1.34684,1.13,1.50
2011.12.01 05:37:58.649,1.34676,1.34681,2.25,1.13
2011.12.01 05:37:59.018,1.34672,1.3468,1.50,1.88
2011.12.01 05:37:59.147,1.3467,1.34675,1.13,1.50
2011.12.01 05:38:00.458,1.34669,1.34675,1.13,1.50
2011.12.01 05:38:00.708,1.34669,1.34673,1.13,1.50
2011.12.01 05:38:01.197,1.34669,1.34676,1.13,1.50
2011.12.01 05:38:01.329,1.34672,1.34679,2.63,1.50
2011.12.01 05:38:01.575,1.34672,1.3468,2.63,1.50
2011.12.01 05:38:02.053,1.34672,1.3468,3.38,1.50
2011.12.01 05:38:02.172,1.34675,1.34682,1.50,1.13
2011.12.01 05:38:02.412,1.34673,1.34681,2.25,1.50
2011.12.01 05:38:03.247,1.34672,1.34679,1.88,1.50
2011.12.01 05:38:03.688,1.34672,1.34677,1.88,1.50
2011.12.01 05:38:03.829,1.34671,1.34677,1.13,1.50
2011.12.01 05:38:05.142,1.34672,1.34677,1.13,1.50
2011.12.01 05:38:05.265,1.34674,1.34679,1.50,1.50
2011.12.01 05:38:05.386,1.34678,1.34684,1.50,1.50
2011.12.01 05:38:05.514,1.34679,1.34684,1.50,1.50
2011.12.01 05:38:05.636,1.34683,1.34689,1.13,3.00
2011.12.01 05:38:06.475,1.34681,1.34686,1.13,1.50
2011.12.01 05:38:06.596,1.34683,1.34689,1.13,1.50
2011.12.01 05:38:06.963,1.34678,1.34684,2.63,1.50
2011.12.01 05:38:07.436,1.34678,1.34686,3.38,1.50
2011.12.01 05:38:08.434,1.34682,1.34686,1.13,1.50
2011.12.01 05:38:08.559,1.34678,1.34684,1.35,1.50
2011.12.01 05:38:08.920,1.3468,1.34684,1.13,1.50
2011.12.01 05:38:10.922,1.34679,1.34684,1.13,1.50
2011.12.01 05:38:11.883,1.34674,1.34681,1.50,1.88
2011.12.01 05:38:12.258,1.34674,1.3468,1.88,1.50
2011.12.01 05:38:12.627,1.34674,1.34678,1.13,1.50
2011.12.01 05:38:15.276,1.34672,1.34679,2.63,1.50
2011.12.01 05:38:15.411,1.34672,1.34677,2.25,1.50
2011.12.01 05:38:15.779,1.3467,1.34676,1.13,1.50
2011.12.01 05:38:18.157,1.3467,1.34674,1.13,1.50
2011.12.01 05:38:18.301,1.34668,1.34674,1.13,2.25
2011.12.01 05:38:18.426,1.34666,1.34674,2.63,1.50
2011.12.01 05:38:18.554,1.34666,1.34672,1.13,1.50
2011.12.01 05:38:19.624,1.34664,1.34671,1.13,1.50
2011.12.01 05:38:20.683,1.34662,1.34671,1.50,2.25
2011.12.01 05:38:21.162,1.34656,1.34664,1.50,2.25
2011.12.01 05:38:21.281,1.34654,1.34661,1.13,1.50
2011.12.01 05:38:21.908,1.34658,1.34666,2.25,1.50
2011.12.01 05:38:22.161,1.3466,1.34666,1.50,3.00
2011.12.01 05:38:22.769,1.3466,1.34668,1.88,1.50
2011.12.01 05:38:23.374,1.34667,1.34675,1.13,1.50
2011.12.01 05:38:25.573,1.34667,1.34673,1.13,2.25
2011.12.01 05:38:25.949,1.34665,1.34673,1.88,2.25
2011.12.01 05:38:26.073,1.34665,1.34671,1.13,1.50
2011.12.01 05:38:26.316,1.34659,1.34664,1.13,1.50
2011.12.01 05:38:27.005,1.34659,1.34666,1.13,2.25
2011.12.01 05:38:29.445,1.34659,1.34668,1.50,1.50
2011.12.01 05:38:29.808,1.34664,1.34671,1.50,2.25
2011.12.01 05:38:29.942,1.34668,1.34676,1.50,2.25
2011.12.01 05:38:30.552,1.34668,1.34676,2.63,1.50
2011.12.01 05:38:31.758,1.34668,1.34676,2.63,1.65
2011.12.01 05:38:32.008,1.34666,1.34671,1.50,1.13
2011.12.01 05:38:32.374,1.34659,1.34666,1.50,1.50
2011.12.01 05:38:33.580,1.34658,1.34666,3.00,1.50
2011.12.01 05:38:33.815,1.3466,1.34668,1.50,1.50
2011.12.01 05:38:34.407,1.34663,1.3467,1.13,1.50
2011.12.01 05:38:34.777,1.34665,1.34672,1.88,1.50
2011.12.01 05:38:35.381,1.34665,1.34672,1.88,1.50
2011.12.01 05:38:35.861,1.34664,1.3467,1.88,1.50
2011.12.01 05:38:37.577,1.34666,1.3467,1.13,1.50
2011.12.01 05:38:37.709,1.34667,1.34671,2.25,1.88
2011.12.01 05:38:37.833,1.34667,1.34674,2.25,2.25
2011.12.01 05:38:37.961,1.34669,1.34674,1.88,2.33
2011.12.01 05:38:38.544,1.34669,1.34677,4.13,1.58
2011.12.01 05:38:40.168,1.34671,1.34677,2.63,1.58
2011.12.01 05:38:40.896,1.34672,1.34679,1.88,1.58
2011.12.01 05:38:41.511,1.34677,1.34684,2.55,1.20
2011.12.01 05:38:41.874,1.34677,1.34684,2.55,1.95
2011.12.01 05:38:42.429,1.3467,1.34678,2.63,2.63
2011.12.01 05:38:42.563,1.34668,1.34676,3.68,1.50
2011.12.01 05:38:42.687,1.3467,1.34678,1.50,2.25
2011.12.01 05:38:43.171,1.34672,1.3468,1.50,3.38
2011.12.01 05:38:46.588,1.34674,1.34681,2.25,2.63
2011.12.01 05:38:46.834,1.34675,1.34683,1.50,2.25
2011.12.01 05:38:47.452,1.34681,1.34689,2.55,1.50
2011.12.01 05:38:49.416,1.3468,1.34687,1.88,1.50
2011.12.01 05:38:50.953,1.3468,1.34685,1.13,1.50
2011.12.01 05:38:52.242,1.34679,1.34685,1.13,1.50
2011.12.01 05:38:56.161,1.3468,1.34685,1.13,1.50
2011.12.01 05:38:57.401,1.34677,1.34684,2.63,1.13
2011.12.01 05:38:57.979,1.34675,1.34684,1.50,1.50
2011.12.01 05:38:58.111,1.34675,1.34681,1.50,1.13
2011.12.01 05:38:58.365,1.34673,1.3468,1.13,2.25
2011.12.01 05:38:58.838,1.34666,1.34674,1.50,1.50
2011.12.01 05:38:59.663,1.34666,1.34674,1.50,2.25
2011.12.01 05:39:00.250,1.34665,1.34672,1.13,1.50
2011.12.01 05:39:00.853,1.34666,1.34674,1.50,2.25
2011.12.01 05:39:01.083,1.34671,1.34676,1.13,1.50
2011.12.01 05:39:01.206,1.34671,1.34677,2.63,1.50
2011.12.01 05:39:01.802,1.34671,1.34679,2.63,3.75
2011.12.01 05:39:02.404,1.34671,1.34679,2.63,3.75
2011.12.01 05:39:03.000,1.34672,1.34679,1.13,3.75
2011.12.01 05:39:03.504,1.34672,1.34679,1.13,3.75
2011.12.01 05:39:04.013,1.34671,1.34677,1.13,2.25
2011.12.01 05:39:06.454,1.34669,1.34677,2.63,2.25
2011.12.01 05:39:08.812,1.34669,1.34676,1.50,1.13
2011.12.01 05:39:08.935,1.34667,1.34675,2.40,1.50
2011.12.01 05:39:09.903,1.34667,1.34675,2.40,3.00
2011.12.01 05:39:13.851,1.34667,1.34674,2.40,1.88
2011.12.01 05:39:14.432,1.34667,1.34673,2.40,1.50
2011.12.01 05:39:16.134,1.34666,1.34671,2.74,1.50
2011.12.01 05:39:16.375,1.34661,1.34667,1.05,2.63
2011.12.01 05:39:16.510,1.3466,1.34664,2.48,1.13
2011.12.01 05:39:16.759,1.34657,1.34664,1.50,1.13
2011.12.01 05:39:17.367,1.34659,1.34664,1.13,2.63
2011.12.01 05:39:17.505,1.34662,1.3467,3.38,1.50
2011.12.01 05:39:17.988,1.34666,1.34672,4.84,1.96
2011.12.01 05:39:18.121,1.34671,1.34677,1.13,1.05
2011.12.01 05:39:19.203,1.34671,1.34676,1.13,2.25
2011.12.01 05:39:20.251,1.34667,1.34674,2.63,1.50
2011.12.01 05:39:20.493,1.34669,1.34674,1.13,1.50
2011.12.01 05:39:22.420,1.34669,1.34674,1.13,2.25
2011.12.01 05:39:22.921,1.34669,1.34674,1.13,1.50
2011.12.01 05:39:23.579,1.34669,1.34674,1.13,2.25
2011.12.01 05:39:23.823,1.34667,1.34674,2.10,1.88
2011.12.01 05:39:24.452,1.34667,1.34672,2.78,1.13
2011.12.01 05:39:24.582,1.34666,1.34671,1.50,1.50
2011.12.01 05:39:24.710,1.34665,1.3467,1.13,1.50
2011.12.01 05:39:24.842,1.34663,1.3467,3.00,1.50
2011.12.01 05:39:24.967,1.34662,1.34669,3.38,1.50
2011.12.01 05:39:25.101,1.3466,1.34668,1.50,4.13
2011.12.01 05:39:25.806,1.34659,1.34667,1.50,4.13
2011.12.01 05:39:26.402,1.34658,1.34666,2.63,2.25
2011.12.01 05:39:26.879,1.34657,1.34665,2.63,3.00
2011.12.01 05:39:27.007,1.34656,1.34664,3.23,1.50
2011.12.01 05:39:27.139,1.34655,1.34662,3.72,2.25
2011.12.01 05:39:27.668,1.34653,1.34661,1.50,3.38
2011.12.01 05:39:28.273,1.34652,1.34659,1.13,2.25
2011.12.01 05:39:29.684,1.34648,1.34653,1.13,2.25
2011.12.01 05:39:29.804,1.34648,1.34654,1.88,1.50
2011.12.01 05:39:30.043,1.34648,1.34656,4.13,1.50
2011.12.01 05:39:32.548,1.34647,1.34654,1.50,1.50
2011.12.01 05:39:32.916,1.34646,1.34654,1.50,2.25
2011.12.01 05:39:33.042,1.34648,1.34654,1.13,2.25
2011.12.01 05:39:33.523,1.34649,1.34657,1.50,2.25
2011.12.01 05:39:35.884,1.34649,1.34657,1.50,4.13
2011.12.01 05:39:36.002,1.34647,1.34655,2.63,2.25
2011.12.01 05:39:36.124,1.34647,1.34653,1.13,2.25
2011.12.01 05:39:36.362,1.34645,1.34653,2.63,2.25
2011.12.01 05:39:37.275,1.34645,1.34653,1.50,2.25
2011.12.01 05:39:37.633,1.34646,1.34653,2.25,2.25
2011.12.01 05:39:37.752,1.34647,1.34655,1.88,1.50
2011.12.01 05:39:37.876,1.34647,1.34655,3.38,1.50
2011.12.01 05:39:39.812,1.34647,1.34655,3.38,2.63
2011.12.01 05:39:43.602,1.34647,1.34655,1.88,3.38
2011.12.01 05:39:44.193,1.34644,1.34652,2.63,2.25
2011.12.01 05:39:44.786,1.34642,1.3465,1.50,2.25
2011.12.01 05:39:45.155,1.3464,1.34648,1.50,1.50
2011.12.01 05:39:45.514,1.34635,1.34643,2.63,1.50
2011.12.01 05:39:48.249,1.34638,1.34643,1.84,3.38
2011.12.01 05:39:48.965,1.34637,1.34645,4.09,1.50
2011.12.01 05:39:50.562,1.34639,1.34645,1.13,1.13
2011.12.01 05:39:51.165,1.3464,1.34647,3.34,2.63
2011.12.01 05:39:51.409,1.34641,1.34649,2.25,1.50
2011.12.01 05:39:52.015,1.34641,1.34649,1.50,1.50
2011.12.01 05:39:52.242,1.34639,1.34647,2.25,1.50
2011.12.01 05:39:52.974,1.34639,1.34647,1.50,1.50
2011.12.01 05:39:57.851,1.34641,1.34649,1.50,2.25
2011.12.01 05:39:58.216,1.34639,1.34647,1.50,1.50
2011.12.01 05:40:03.075,1.3464,1.34647,1.50,1.50
2011.12.01 05:40:03.199,1.34641,1.34649,1.50,3.38
2011.12.01 05:40:03.561,1.34646,1.34654,2.63,2.25
2011.12.01 05:40:03.914,1.34646,1.34651,1.13,1.50
2011.12.01 05:40:04.160,1.34644,1.34651,1.13,1.50
2011.12.01 05:40:04.525,1.34644,1.34649,1.13,1.50
2011.12.01 05:40:04.767,1.34638,1.34646,2.25,2.25
2011.12.01 05:40:04.896,1.34638,1.34646,1.50,2.25
2011.12.01 05:40:06.593,1.3464,1.34646,1.13,1.50
2011.12.01 05:40:06.953,1.34643,1.34648,1.88,1.50
2011.12.01 05:40:07.072,1.34643,1.3465,1.88,1.50
2011.12.01 05:40:07.639,1.34643,1.3465,1.88,1.50
2011.12.01 05:40:09.951,1.34645,1.34652,1.88,1.50
2011.12.01 05:40:14.196,1.34644,1.34651,3.00,1.13
2011.12.01 05:40:14.323,1.34641,1.34648,1.88,1.50
2011.12.01 05:40:14.911,1.34641,1.34648,1.88,1.50
2011.12.01 05:40:16.316,1.34639,1.34646,1.50,1.50
2011.12.01 05:40:16.446,1.34638,1.34646,3.38,1.50
2011.12.01 05:40:16.700,1.34636,1.34644,2.25,1.50
2011.12.01 05:40:17.308,1.34636,1.34644,2.25,1.50
2011.12.01 05:40:18.032,1.34636,1.34644,2.25,1.50
2011.12.01 05:40:18.501,1.34638,1.34646,1.50,1.50
2011.12.01 05:40:19.575,1.34634,1.3464,2.25,2.25
2011.12.01 05:40:19.711,1.34631,1.3464,1.88,2.25
2011.12.01 05:40:19.836,1.34631,1.34638,1.88,1.50
2011.12.01 05:40:20.451,1.34631,1.34639,1.50,2.63
2011.12.01 05:40:20.574,1.34629,1.34637,3.38,1.50
2011.12.01 05:40:25.711,1.3463,1.34637,1.50,1.50
2011.12.01 05:40:25.837,1.34633,1.34641,2.25,1.50
2011.12.01 05:40:26.083,1.34637,1.34641,1.13,1.50
2011.12.01 05:40:26.663,1.34641,1.34645,2.63,1.13
2011.12.01 05:40:26.792,1.34641,1.34647,1.13,1.50
2011.12.01 05:40:31.493,1.34639,1.34647,2.63,1.50
2011.12.01 05:40:32.080,1.3464,1.34647,1.13,1.50
2011.12.01 05:40:32.660,1.34641,1.34647,1.13,1.50
2011.12.01 05:40:35.650,1.34643,1.34647,1.13,1.50
2011.12.01 05:40:36.003,1.34643,1.34649,1.13,1.50
2011.12.01 05:40:37.993,1.34644,1.34649,1.13,1.50
2011.12.01 05:40:38.113,1.34646,1.34651,1.13,1.50
2011.12.01 05:40:38.356,1.34646,1.34653,1.13,1.50
2011.12.01 05:40:38.843,1.34647,1.34655,1.50,1.50
2011.12.01 05:40:41.316,1.34646,1.34653,1.88,1.50
2011.12.01 05:40:41.693,1.34643,1.34651,2.63,2.25
2011.12.01 05:40:41.814,1.34643,1.34647,1.13,1.50
2011.12.01 05:40:47.564,1.34643,1.34652,1.13,2.25
2011.12.01 05:40:49.881,1.34643,1.3465,1.13,1.50
2011.12.01 05:40:55.563,1.34643,1.34648,1.13,1.50
2011.12.01 05:40:56.034,1.34639,1.34646,1.88,1.50
2011.12.01 05:40:56.622,1.34642,1.34646,1.13,1.50
2011.12.01 05:40:57.340,1.34638,1.34645,1.88,1.50
2011.12.01 05:41:07.261,1.34637,1.34643,2.63,1.50
2011.12.01 05:41:07.384,1.34642,1.34646,1.13,1.50
2011.12.01 05:41:12.780,1.34638,1.34646,1.50,1.88
2011.12.01 05:41:13.143,1.34639,1.34644,1.13,1.50
2011.12.01 05:41:13.265,1.34641,1.34647,1.13,2.25
2011.12.01 05:41:13.625,1.34643,1.34647,1.13,1.50
2011.12.01 05:41:13.752,1.34643,1.34652,1.13,3.00
2011.12.01 05:41:14.345,1.34643,1.34648,1.13,2.25
2011.12.01 05:41:14.921,1.34643,1.34648,1.13,2.25
2011.12.01 05:41:17.685,1.34646,1.34652,1.50,1.50
2011.12.01 05:41:18.170,1.34641,1.34649,2.63,2.25
2011.12.01 05:41:19.405,1.34641,1.34645,1.13,1.65
2011.12.01 05:41:19.525,1.34637,1.34645,3.38,1.50
2011.12.01 05:41:19.658,1.3464,1.34645,1.13,1.50
2011.12.01 05:41:20.263,1.34639,1.34645,1.13,1.50
2011.12.01 05:41:21.042,1.34639,1.34643,1.13,1.88
2011.12.01 05:41:21.166,1.34637,1.34643,1.13,2.63
2011.12.01 05:41:21.294,1.34637,1.34641,1.13,1.50
2011.12.01 05:41:22.356,1.34637,1.34643,1.13,1.88
2011.12.01 05:41:24.572,1.34637,1.34643,1.13,2.63
2011.12.01 05:41:25.163,1.34636,1.34641,1.13,1.50
2011.12.01 05:41:25.527,1.34636,1.34643,1.13,2.25
2011.12.01 05:41:25.883,1.34636,1.34641,1.13,1.50
2011.12.01 05:41:29.502,1.34636,1.34643,1.13,1.50
2011.12.01 05:41:39.623,1.34636,1.34641,1.13,1.50
2011.12.01 05:41:40.228,1.34633,1.34639,3.75,1.50
2011.12.01 05:41:41.732,1.34636,1.34642,1.13,1.50
2011.12.01 05:41:43.017,1.34635,1.34642,1.13,2.25
2011.12.01 05:41:44.224,1.34635,1.34639,1.13,1.50
2011.12.01 05:41:45.738,1.34637,1.34643,1.50,1.50
2011.12.01 05:41:45.863,1.34637,1.34645,1.50,2.25
2011.12.01 05:41:46.702,1.34637,1.34643,1.13,1.50
2011.12.01 05:41:46.822,1.34637,1.34645,2.63,2.25
2011.12.01 05:41:47.411,1.34637,1.34645,2.63,2.25
2011.12.01 05:41:50.733,1.34638,1.34645,1.13,2.25
2011.12.01 05:41:51.319,1.34638,1.34645,1.13,2.25
2011.12.01 05:41:51.921,1.34637,1.34645,2.63,2.25
2011.12.01 05:41:52.842,1.34637,1.34643,1.13,1.50
2011.12.01 05:41:55.238,1.34637,1.34645,2.63,2.25
2011.12.01 05:41:56.253,1.34637,1.34645,2.63,3.00
2011.12.01 05:41:56.499,1.34637,1.34641,1.13,1.50
2011.12.01 05:41:58.064,1.34635,1.34641,1.13,1.50
2011.12.01 05:41:58.665,1.34633,1.34638,2.25,1.50
2011.12.01 05:41:58.784,1.34635,1.34642,1.13,2.25
2011.12.01 05:41:59.334,1.34635,1.34641,1.13,1.50
2011.12.01 05:41:59.575,1.34636,1.34644,2.63,2.25
2011.12.01 05:42:00.863,1.34636,1.34641,1.13,1.50
2011.12.01 05:42:01.103,1.34636,1.34644,2.63,2.25
2011.12.01 05:42:01.348,1.34636,1.34642,1.13,3.00
2011.12.01 05:42:01.474,1.34633,1.3464,1.13,1.50
2011.12.01 05:42:01.714,1.34634,1.34642,1.50,3.00
2011.12.01 05:42:02.193,1.34633,1.3464,2.63,1.50
2011.12.01 05:42:02.999,1.34634,1.3464,1.13,1.50
2011.12.01 05:42:04.703,1.34634,1.34638,1.13,1.50
2011.12.01 05:42:05.187,1.3463,1.34638,2.63,2.25
2011.12.01 05:42:05.445,1.3463,1.34636,1.50,2.25
2011.12.01 05:42:05.567,1.34628,1.34636,1.88,2.25
2011.12.01 05:42:06.155,1.34624,1.3463,1.13,1.50
2011.12.01 05:42:06.393,1.34624,1.34632,2.63,1.50
2011.12.01 05:42:09.291,1.34624,1.3463,1.13,1.50
2011.12.01 05:42:13.164,1.34625,1.3463,1.13,1.50
2011.12.01 05:42:14.672,1.34625,1.34632,1.13,1.50
2011.12.01 05:42:15.793,1.34625,1.3463,1.13,1.50
2011.12.01 05:42:16.613,1.34624,1.3463,1.13,1.50
2011.12.01 05:42:16.732,1.34624,1.34632,2.63,1.50
2011.12.01 05:42:17.320,1.34624,1.3463,1.13,1.50
2011.12.01 05:42:17.901,1.34625,1.3463,1.13,1.50
2011.12.01 05:42:21.794,1.34625,1.34632,1.13,1.50
2011.12.01 05:42:27.830,1.34626,1.34632,1.13,1.50
2011.12.01 05:42:30.483,1.34627,1.34634,1.13,1.50
2011.12.01 05:42:30.603,1.34629,1.34637,1.50,3.38
2011.12.01 05:42:30.728,1.34631,1.34637,1.50,1.88
2011.12.01 05:42:31.098,1.34635,1.34641,1.13,1.50
2011.12.01 05:42:32.885,1.34636,1.34644,1.50,2.25
2011.12.01 05:42:41.472,1.34636,1.34643,1.50,1.13
2011.12.01 05:42:41.595,1.34634,1.34642,2.25,1.50
2011.12.01 05:42:42.200,1.34632,1.34639,1.88,1.50
2011.12.01 05:42:42.323,1.34633,1.34641,2.25,1.50
2011.12.01 05:42:45.862,1.34632,1.34639,1.88,1.50
2011.12.01 05:42:48.493,1.34632,1.34637,1.13,1.50
2011.12.01 05:42:48.853,1.34633,1.34639,1.13,1.50
2011.12.01 05:42:49.791,1.34633,1.34639,1.13,2.25
2011.12.01 05:42:50.154,1.34627,1.34634,4.88,1.50
2011.12.01 05:42:50.277,1.34629,1.34634,1.13,1.50
2011.12.01 05:42:50.758,1.34627,1.34634,3.00,1.50
2011.12.01 05:42:51.256,1.34628,1.34634,1.13,1.50
2011.12.01 05:42:55.036,1.34627,1.34634,1.13,1.50
2011.12.01 05:42:56.218,1.34627,1.34632,1.13,1.50
2011.12.01 05:42:56.681,1.34627,1.34634,1.13,1.50
2011.12.01 05:42:56.913,1.34625,1.34632,1.88,1.50
2011.12.01 05:43:00.393,1.34626,1.34632,1.13,2.25
2011.12.01 05:43:01.404,1.34624,1.34632,2.63,2.25
2011.12.01 05:43:01.852,1.34624,1.3463,1.13,1.50
2011.12.01 05:43:02.303,1.34624,1.34632,2.63,2.25
2011.12.01 05:43:04.272,1.34623,1.3463,1.88,1.50
2011.12.01 05:43:04.391,1.34624,1.34632,1.50,2.25
2011.12.01 05:43:06.008,1.34625,1.34632,1.13,1.50
2011.12.01 05:43:07.336,1.34626,1.34632,1.13,1.50
2011.12.01 05:43:07.939,1.34626,1.3463,1.13,1.50
2011.12.01 05:43:08.066,1.34624,1.3463,1.88,1.50
2011.12.01 05:43:08.918,1.34624,1.34628,1.13,1.50
2011.12.01 05:43:09.162,1.34622,1.34628,1.50,1.50
2011.12.01 05:43:16.265,1.34622,1.3463,3.00,2.25
2011.12.01 05:43:16.852,1.34622,1.34628,1.50,1.50
2011.12.01 05:43:18.505,1.34622,1.3463,1.88,2.25
2011.12.01 05:43:19.454,1.34622,1.3463,1.88,2.25
2011.12.01 05:43:19.983,1.34622,1.3463,1.88,2.25
2011.12.01 05:43:21.667,1.34622,1.3463,3.00,2.25
2011.12.01 05:43:22.638,1.3462,1.34627,1.88,1.13
2011.12.01 05:43:23.275,1.3462,1.34627,1.88,1.88
2011.12.01 05:43:23.875,1.3462,1.34626,1.88,1.13
2011.12.01 05:43:24.241,1.34615,1.34622,1.88,1.50
2011.12.01 05:43:24.488,1.34615,1.34622,1.13,2.25
2011.12.01 05:43:24.862,1.34615,1.3462,1.13,1.88
2011.12.01 05:43:25.583,1.34613,1.3462,1.50,1.50
2011.12.01 05:43:25.717,1.34612,1.34619,1.50,3.38
2011.12.01 05:43:26.330,1.34612,1.34617,2.25,1.88
2011.12.01 05:43:26.696,1.3461,1.34617,2.25,1.13
2011.12.01 05:43:27.074,1.3461,1.34616,3.00,1.13
2011.12.01 05:43:27.199,1.34609,1.34615,1.50,1.88
2011.12.01 05:43:27.323,1.34607,1.34614,1.88,1.13
2011.12.01 05:43:28.865,1.34607,1.34611,1.50,1.13
2011.12.01 05:43:28.998,1.34605,1.34611,1.50,1.13
2011.12.01 05:43:29.127,1.34603,1.34611,2.25,2.63
2011.12.01 05:43:29.373,1.34603,1.3461,1.50,1.50
2011.12.01 05:43:29.494,1.34601,1.3461,3.23,1.50
2011.12.01 05:43:31.027,1.34603,1.34607,1.50,1.88
2011.12.01 05:43:31.564,1.346,1.34607,1.88,3.38
2011.12.01 05:43:31.703,1.34599,1.34606,1.50,1.50
2011.12.01 05:43:32.071,1.34598,1.34604,1.35,3.00
2011.12.01 05:43:32.555,1.34596,1.34603,3.38,1.50
2011.12.01 05:43:33.164,1.34595,1.34602,1.88,1.50
2011.12.01 05:43:33.873,1.34594,1.34601,1.50,1.88
2011.12.01 05:43:33.997,1.34587,1.34594,1.65,1.88
2011.12.01 05:43:34.246,1.34592,1.34596,1.50,1.13
2011.12.01 05:43:34.729,1.34596,1.34602,1.50,3.68
2011.12.01 05:43:34.864,1.34597,1.34602,1.50,1.50
2011.12.01 05:43:35.462,1.34598,1.34605,1.88,2.25
2011.12.01 05:43:35.582,1.34598,1.34604,1.88,2.25
2011.12.01 05:43:35.706,1.34598,1.34606,3.38,3.00
2011.12.01 05:43:36.296,1.34598,1.34606,4.13,2.25
2011.12.01 05:43:36.907,1.346,1.34605,2.25,1.13
2011.12.01 05:43:37.042,1.34598,1.34604,2.63,2.25
2011.12.01 05:43:37.290,1.34601,1.34609,2.25,2.25
2011.12.01 05:43:37.794,1.34603,1.3461,1.50,3.38
2011.12.01 05:43:38.396,1.34603,1.3461,1.50,2.63
2011.12.01 05:43:38.765,1.34603,1.34611,3.00,2.25
2011.12.01 05:43:38.890,1.34604,1.34611,1.50,2.25
2011.12.01 05:43:39.495,1.34605,1.34613,1.50,4.13
2011.12.01 05:43:41.710,1.34603,1.34611,2.63,2.25
2011.12.01 05:43:42.291,1.34603,1.34611,1.50,2.25
2011.12.01 05:43:42.853,1.34603,1.34611,2.25,2.25
2011.12.01 05:43:43.441,1.34605,1.34613,3.38,2.25
2011.12.01 05:43:44.042,1.34605,1.34613,2.63,2.25
2011.12.01 05:43:46.332,1.34605,1.34613,1.50,2.25
2011.12.01 05:43:46.691,1.34608,1.34614,1.50,2.25
2011.12.01 05:43:47.052,1.34606,1.34612,1.13,2.25
2011.12.01 05:43:49.330,1.34606,1.34614,2.63,3.00
2011.12.01 05:43:49.983,1.34606,1.34612,1.13,1.50
2011.12.01 05:43:50.344,1.34608,1.34615,1.13,2.25
2011.12.01 05:43:50.706,1.34609,1.34617,1.50,3.00
2011.12.01 05:43:50.833,1.34608,1.34615,1.13,1.50
2011.12.01 05:43:51.433,1.34607,1.34615,1.50,4.13
2011.12.01 05:43:52.116,1.34607,1.34615,1.50,4.13
2011.12.01 05:43:52.478,1.34605,1.34613,1.50,2.25
2011.12.01 05:43:53.072,1.34602,1.34609,1.88,1.50
2011.12.01 05:43:53.558,1.34603,1.34611,1.50,3.00
2011.12.01 05:43:54.183,1.34603,1.34611,1.50,2.25
2011.12.01 05:43:54.660,1.34597,1.34603,1.50,3.00
2011.12.01 05:43:54.793,1.34595,1.34602,2.25,1.13
2011.12.01 05:43:55.862,1.34596,1.34602,1.35,1.13
2011.12.01 05:43:55.988,1.346,1.34605,1.88,1.05
2011.12.01 05:43:56.236,1.34601,1.34608,1.13,1.50
2011.12.01 05:43:56.835,1.346,1.34608,2.25,1.50
2011.12.01 05:43:57.197,1.34598,1.34606,3.38,1.50
2011.12.01 05:43:57.931,1.34598,1.34606,3.38,1.50
2011.12.01 05:43:58.067,1.34596,1.34603,2.63,1.50
2011.12.01 05:43:58.195,1.34599,1.34607,2.63,3.00
2011.12.01 05:43:58.314,1.34599,1.34607,3.38,1.50
2011.12.01 05:43:59.012,1.34599,1.34605,1.88,1.50
2011.12.01 05:43:59.245,1.34596,1.34603,1.13,1.50
2011.12.01 05:43:59.365,1.34597,1.34605,1.50,2.25
2011.12.01 05:43:59.484,1.34599,1.34605,1.88,1.50
2011.12.01 05:43:59.847,1.34596,1.34603,2.25,1.50
2011.12.01 05:44:00.213,1.34599,1.34607,2.25,2.63
2011.12.01 05:44:00.576,1.34602,1.34607,1.13,1.50
2011.12.01 05:44:01.916,1.34599,1.34607,4.13,1.50
2011.12.01 05:44:02.050,1.34596,1.34603,1.13,1.50
2011.12.01 05:44:02.175,1.34599,1.34606,1.88,1.50
2011.12.01 05:44:03.467,1.346,1.34606,1.88,1.50
2011.12.01 05:44:04.173,1.34602,1.34606,1.13,1.50
2011.12.01 05:44:04.764,1.346,1.34606,1.88,1.50
2011.12.01 05:44:05.770,1.346,1.34608,3.38,1.50
2011.12.01 05:44:07.105,1.34601,1.34608,1.13,1.50
2011.12.01 05:44:09.061,1.34602,1.34608,1.13,1.50
2011.12.01 05:44:09.180,1.34602,1.3461,2.63,1.50
2011.12.01 05:44:18.115,1.3461,1.34614,1.13,2.33
2011.12.01 05:44:18.249,1.34614,1.34619,1.50,1.50
2011.12.01 05:44:18.497,1.34612,1.3462,3.38,3.00
2011.12.01 05:44:19.216,1.3461,1.34617,3.00,1.50
2011.12.01 05:44:19.826,1.34612,1.34618,1.13,1.50
2011.12.01 05:44:21.510,1.34612,1.3462,3.38,1.50
2011.12.01 05:44:22.090,1.34612,1.3462,3.38,1.50
2011.12.01 05:44:22.684,1.3461,1.34618,3.38,2.25
2011.12.01 05:44:23.041,1.34608,1.34616,3.38,1.50
2011.12.01 05:44:23.941,1.34608,1.34616,1.50,1.50
2011.12.01 05:44:24.307,1.34607,1.34611,1.13,1.50
2011.12.01 05:44:24.674,1.34607,1.34614,1.13,3.75
2011.12.01 05:44:24.792,1.34607,1.34612,1.13,1.50
2011.12.01 05:44:25.676,1.34608,1.34612,1.13,1.50
2011.12.01 05:44:27.464,1.34607,1.34612,1.13,1.50
2011.12.01 05:44:27.950,1.34603,1.3461,1.88,1.50
2011.12.01 05:44:28.809,1.34607,1.34612,1.88,1.50
2011.12.01 05:44:29.173,1.34607,1.34614,1.88,1.50
2011.12.01 05:44:29.293,1.34608,1.34616,1.50,1.50
2011.12.01 05:44:29.656,1.34608,1.34613,1.50,1.13
2011.12.01 05:44:29.787,1.34606,1.34613,1.50,1.13
2011.12.01 05:44:30.028,1.34604,1.34612,2.25,1.50
2011.12.01 05:44:30.600,1.34604,1.34612,2.25,1.50
2011.12.01 05:44:31.000,1.34604,1.34609,2.25,2.25
2011.12.01 05:44:31.263,1.34597,1.34606,1.88,1.05
2011.12.01 05:44:31.389,1.346,1.34604,1.13,1.80
2011.12.01 05:44:31.988,1.34604,1.34609,1.13,1.05
2011.12.01 05:44:32.124,1.34604,1.34611,1.88,1.50
2011.12.01 05:44:32.725,1.34605,1.34612,1.50,1.88
2011.12.01 05:44:33.306,1.34605,1.34612,1.50,1.88
2011.12.01 05:44:33.915,1.34605,1.34613,2.25,1.50
2011.12.01 05:44:35.618,1.34605,1.34611,1.50,1.13
2011.12.01 05:44:37.393,1.34602,1.3461,2.25,1.50
2011.12.01 05:44:37.973,1.34604,1.34612,2.25,2.63
2011.12.01 05:44:38.215,1.34602,1.3461,3.38,1.50
2011.12.01 05:44:39.613,1.34603,1.3461,1.88,1.50
2011.12.01 05:44:39.732,1.34604,1.34612,3.38,2.25
2011.12.01 05:44:39.966,1.34606,1.34614,2.25,3.38
2011.12.01 05:44:40.655,1.34607,1.34614,1.88,1.50
2011.12.01 05:44:40.802,1.34609,1.34616,1.50,1.50
2011.12.01 05:44:41.049,1.34611,1.34618,1.88,2.25
2011.12.01 05:44:41.174,1.34613,1.34621,1.50,5.93
2011.12.01 05:44:41.532,1.34613,1.34621,1.50,5.70
2011.12.01 05:44:42.264,1.34613,1.3462,1.50,1.28
2011.12.01 05:44:42.384,1.34609,1.34617,1.50,1.88
2011.12.01 05:44:42.630,1.3461,1.34614,3.00,1.13
2011.12.01 05:44:42.756,1.34608,1.34614,1.50,1.13
2011.12.01 05:44:42.884,1.34606,1.34613,1.50,1.13
2011.12.01 05:44:43.123,1.346,1.34605,1.50,1.88
2011.12.01 05:44:44.215,1.346,1.34608,2.25,3.75
2011.12.01 05:44:44.334,1.34602,1.34608,1.13,3.75
2011.12.01 05:44:44.701,1.34604,1.34612,1.50,2.63
2011.12.01 05:44:44.831,1.34604,1.34612,1.50,1.50
2011.12.01 05:44:45.433,1.34605,1.34613,1.50,3.38
2011.12.01 05:44:45.552,1.34605,1.34611,1.50,1.13
2011.12.01 05:44:46.153,1.34605,1.34612,1.50,1.13
2011.12.01 05:44:51.817,1.34607,1.34614,1.50,1.88
2011.12.01 05:44:54.378,1.34607,1.34614,2.25,1.13
2011.12.01 05:44:54.972,1.34607,1.34615,3.38,2.63
2011.12.01 05:44:55.551,1.34607,1.34615,4.13,2.63
2011.12.01 05:44:56.520,1.34607,1.34615,3.38,2.63
2011.12.01 05:44:57.104,1.34607,1.34615,3.38,2.63
2011.12.01 05:45:12.925,1.34607,1.34615,2.63,1.50
2011.12.01 05:45:14.922,1.34612,1.34619,1.13,2.25
2011.12.01 05:45:15.049,1.34614,1.3462,2.25,1.80
2011.12.01 05:45:15.183,1.34618,1.34622,1.13,3.08
2011.12.01 05:45:15.793,1.34619,1.34626,1.50,1.28
2011.12.01 05:45:16.162,1.34619,1.34626,1.50,1.88
2011.12.01 05:45:16.285,1.34619,1.34626,1.50,1.88
2011.12.01 05:45:16.889,1.34619,1.34625,1.50,1.50
2011.12.01 05:45:17.136,1.34617,1.34623,1.50,1.88
2011.12.01 05:45:17.263,1.34614,1.34622,1.50,2.25
2011.12.01 05:45:17.383,1.34614,1.34621,1.50,1.50
2011.12.01 05:45:17.743,1.34609,1.34616,2.25,1.13
2011.12.01 05:45:18.349,1.34612,1.34617,1.13,1.50
2011.12.01 05:45:18.714,1.34617,1.34622,1.50,2.63
2011.12.01 05:45:19.195,1.34615,1.34621,1.50,1.13
2011.12.01 05:45:21.051,1.34615,1.34622,1.50,1.88
2011.12.01 05:45:22.699,1.34615,1.34621,1.50,1.88
2011.12.01 05:45:22.828,1.34613,1.34621,1.50,3.38
2011.12.01 05:45:26.122,1.34615,1.34622,1.50,1.13
2011.12.01 05:45:27.053,1.34615,1.34623,1.50,1.50
2011.12.01 05:45:28.705,1.34617,1.34625,1.50,4.13
2011.12.01 05:45:29.186,1.34615,1.34623,3.38,1.50
2011.12.01 05:45:29.751,1.34615,1.34623,3.38,1.50
2011.12.01 05:45:41.131,1.34615,1.34623,2.25,1.50
2011.12.01 05:45:41.620,1.34622,1.34627,1.50,2.25
2011.12.01 05:45:41.871,1.34623,1.34629,2.25,1.26
2011.12.01 05:45:42.119,1.34623,1.34631,3.75,2.03
2011.12.01 05:45:42.370,1.34624,1.34632,1.50,3.90
2011.12.01 05:45:42.499,1.34625,1.34634,1.50,1.65
2011.12.01 05:45:42.631,1.34626,1.34636,1.88,3.90
2011.12.01 05:45:43.268,1.34628,1.34636,2.63,2.78
2011.12.01 05:45:43.634,1.34628,1.34638,1.88,3.15
2011.12.01 05:45:45.226,1.3463,1.34638,1.50,2.78
2011.12.01 05:45:45.345,1.34637,1.34643,1.50,1.13
2011.12.01 05:45:45.469,1.34635,1.34643,1.50,4.13
2011.12.01 05:45:45.605,1.34633,1.34638,1.88,1.50
2011.12.01 05:45:45.845,1.34631,1.34638,1.13,1.50
2011.12.01 05:45:46.583,1.3463,1.34638,2.25,1.50
2011.12.01 05:45:48.141,1.34628,1.34636,3.38,1.50
2011.12.01 05:45:48.711,1.34628,1.34636,2.63,1.50
2011.12.01 05:45:49.536,1.3463,1.34638,1.50,2.25
2011.12.01 05:45:50.135,1.3463,1.34638,1.50,2.25
2011.12.01 05:45:50.494,1.34628,1.34636,1.50,1.50
2011.12.01 05:45:51.979,1.34628,1.34636,1.50,3.00
2011.12.01 05:45:52.586,1.34628,1.34636,2.63,2.25
2011.12.01 05:45:58.745,1.34625,1.34633,1.50,2.25
2011.12.01 05:45:58.984,1.34625,1.34633,2.63,2.25
2011.12.01 05:45:59.105,1.34625,1.34633,3.38,2.03
2011.12.01 05:45:59.573,1.34625,1.34629,1.13,1.50
2011.12.01 05:45:59.824,1.34627,1.34635,2.25,1.50
2011.12.01 05:46:00.417,1.34629,1.34637,1.50,1.50
2011.12.01 05:46:00.547,1.3463,1.34635,1.88,1.50
2011.12.01 05:46:00.681,1.3463,1.34638,3.38,1.50
2011.12.01 05:46:00.805,1.3463,1.34638,3.38,1.50
2011.12.01 05:46:01.402,1.3463,1.34638,3.38,1.50
2011.12.01 05:46:01.752,1.3463,1.34636,2.25,1.13
2011.12.01 05:46:02.394,1.34633,1.34637,1.13,2.25
2011.12.01 05:46:02.532,1.34632,1.34639,1.88,1.50
2011.12.01 05:46:02.652,1.34632,1.34639,1.88,1.50
2011.12.01 05:46:03.473,1.34632,1.34637,1.88,1.50
2011.12.01 05:46:05.953,1.34629,1.34635,1.88,1.50
2011.12.01 05:46:06.317,1.34627,1.34635,2.25,1.50
2011.12.01 05:46:07.015,1.34628,1.34635,1.88,1.50
2011.12.01 05:46:08.973,1.34628,1.34635,1.88,1.50
2011.12.01 05:46:09.761,1.34629,1.34637,2.25,1.50
2011.12.01 05:46:10.576,1.34628,1.34635,1.13,1.50
2011.12.01 05:46:11.172,1.34629,1.34636,1.50,1.88
2011.12.01 05:46:13.073,1.34629,1.34635,1.50,1.13
2011.12.01 05:46:13.435,1.34625,1.34633,2.25,2.63
2011.12.01 05:46:13.793,1.34627,1.34633,1.50,1.13
2011.12.01 05:46:16.732,1.34629,1.34633,1.50,1.13
2011.12.01 05:46:16.976,1.34629,1.34637,1.50,4.13
2011.12.01 05:46:17.107,1.34631,1.34637,1.50,1.13
2011.12.01 05:46:17.474,1.34629,1.34635,1.50,1.13
2011.12.01 05:46:17.593,1.34626,1.34634,2.25,2.63
2011.12.01 05:46:18.527,1.34626,1.34634,2.25,2.63
2011.12.01 05:46:19.267,1.34629,1.34634,1.50,1.13
2011.12.01 05:46:19.633,1.34629,1.34637,1.50,4.13
2011.12.01 05:46:19.876,1.34631,1.34638,1.50,3.38
2011.12.01 05:46:20.246,1.34633,1.34638,1.50,1.88
2011.12.01 05:46:20.722,1.34633,1.3464,1.50,2.63
2011.12.01 05:46:23.042,1.34639,1.34644,1.50,1.88
2011.12.01 05:46:23.162,1.34639,1.34644,1.50,1.13
2011.12.01 05:46:24.365,1.34637,1.34644,1.50,1.13
2011.12.01 05:46:25.284,1.34637,1.34645,1.50,3.00
2011.12.01 05:46:25.407,1.34637,1.34645,1.50,1.50
2011.12.01 05:46:25.532,1.34636,1.34646,1.88,1.88
2011.12.01 05:46:26.958,1.34641,1.34647,1.50,1.65
2011.12.01 05:46:28.561,1.34637,1.34647,1.88,1.88
2011.12.01 05:46:28.807,1.34637,1.34644,1.88,1.05
2011.12.01 05:46:29.053,1.34637,1.34647,1.88,1.88
2011.12.01 05:46:29.172,1.34637,1.34647,2.63,1.88
2011.12.01 05:46:30.216,1.34638,1.34648,1.13,2.63
2011.12.01 05:46:31.094,1.34638,1.34646,2.25,2.63
2011.12.01 05:46:33.851,1.34638,1.34646,3.00,1.50
2011.12.01 05:46:34.218,1.3464,1.34647,1.50,1.50
2011.12.01 05:46:34.348,1.34641,1.34649,3.38,1.50
2011.12.01 05:46:34.845,1.34643,1.34649,1.13,1.13
2011.12.01 05:46:34.993,1.34643,1.34651,2.25,1.50
2011.12.01 05:46:35.234,1.34644,1.34652,2.25,1.50
2011.12.01 05:46:38.634,1.34646,1.34653,1.88,1.50
2011.12.01 05:46:40.204,1.34647,1.34655,3.38,2.25
2011.12.01 05:46:40.562,1.3465,1.3466,4.13,1.13
2011.12.01 05:46:41.165,1.3465,1.3466,4.13,1.88
2011.12.01 05:46:41.762,1.3465,1.3466,4.13,1.88
2011.12.01 05:46:42.797,1.3465,1.3466,2.63,2.63
2011.12.01 05:46:43.052,1.3465,1.3466,4.13,1.88
2011.12.01 05:46:43.651,1.3465,1.3466,4.13,1.88
2011.12.01 05:46:43.993,1.3465,1.3466,2.63,2.63
2011.12.01 05:46:45.595,1.34649,1.34656,1.50,1.50
2011.12.01 05:46:45.720,1.34648,1.34656,3.00,2.25
2011.12.01 05:46:45.965,1.34646,1.34653,2.25,1.13
2011.12.01 05:46:46.653,1.34642,1.3465,2.25,1.50
2011.12.01 05:46:46.896,1.3464,1.34648,1.50,1.50
2011.12.01 05:46:47.386,1.34638,1.34646,2.63,2.25
2011.12.01 05:46:47.982,1.3464,1.34646,1.50,2.63
2011.12.01 05:46:49.343,1.3464,1.34645,1.50,1.88
2011.12.01 05:46:49.463,1.34638,1.34645,1.50,2.63
2011.12.01 05:46:50.459,1.34631,1.34639,1.50,1.13
2011.12.01 05:46:50.593,1.3463,1.34637,1.20,1.13
2011.12.01 05:46:51.763,1.3463,1.34637,1.50,1.13
2011.12.01 05:46:51.883,1.34632,1.3464,1.13,1.50
2011.12.01 05:46:52.246,1.34633,1.34643,1.88,1.88
2011.12.01 05:46:52.484,1.34635,1.34644,1.13,1.50
2011.12.01 05:46:53.082,1.34636,1.34644,1.50,2.25
2011.12.01 05:46:53.675,1.34638,1.34645,1.50,1.50
2011.12.01 05:46:54.155,1.3464,1.34647,1.50,1.50
2011.12.01 05:46:54.284,1.34642,1.34649,1.50,1.28
2011.12.01 05:46:54.526,1.3464,1.34648,2.63,2.25
2011.12.01 05:46:55.113,1.3464,1.34648,2.63,2.25
2011.12.01 05:46:55.691,1.3464,1.34648,2.63,2.25
2011.12.01 05:46:56.412,1.34638,1.34646,1.50,4.13
2011.12.01 05:46:57.123,1.34636,1.34642,1.13,1.50
2011.12.01 05:46:58.962,1.34636,1.34644,2.63,3.00
2011.12.01 05:47:00.656,1.34636,1.34642,1.13,1.50
2011.12.01 05:47:01.381,1.34635,1.34642,1.13,1.50
2011.12.01 05:47:03.041,1.34635,1.34642,1.88,1.50
2011.12.01 05:47:03.163,1.34637,1.34645,2.25,6.38
2011.12.01 05:47:03.404,1.34639,1.34645,1.50,3.38
2011.12.01 05:47:04.216,1.34635,1.34643,1.13,1.50
2011.12.01 05:47:04.346,1.34634,1.34643,1.13,2.25
2011.12.01 05:47:04.922,1.34634,1.34643,1.88,1.80
2011.12.01 05:47:06.824,1.34634,1.34643,1.88,1.50
2011.12.01 05:47:07.402,1.34634,1.34643,1.88,1.50
2011.12.01 05:47:07.744,1.34635,1.34645,1.88,2.18
2011.12.01 05:47:07.982,1.34639,1.34645,1.50,1.13
2011.12.01 05:47:08.105,1.34641,1.34645,1.50,1.13
2011.12.01 05:47:08.588,1.34639,1.34645,1.50,1.13
2011.12.01 05:47:09.492,1.34639,1.34644,1.50,1.13
2011.12.01 05:47:10.085,1.34639,1.34645,1.50,1.88
2011.12.01 05:47:10.684,1.34639,1.34646,2.25,1.13
2011.12.01 05:47:11.257,1.34639,1.34647,3.38,2.25
2011.12.01 05:47:11.409,1.34641,1.34649,2.63,2.25
2011.12.01 05:47:11.762,1.34643,1.34651,1.50,4.95
2011.12.01 05:47:12.126,1.34641,1.34649,1.50,2.78
2011.12.01 05:47:12.496,1.34637,1.34645,3.00,2.63
2011.12.01 05:47:23.174,1.34639,1.34644,2.25,1.13
2011.12.01 05:47:23.296,1.34639,1.34647,3.00,2.63
2011.12.01 05:47:23.538,1.34641,1.34647,1.50,1.13
2011.12.01 05:47:23.672,1.34643,1.3465,1.50,1.88
2011.12.01 05:47:24.262,1.34643,1.34651,2.63,3.30
2011.12.01 05:47:26.841,1.34643,1.34651,2.63,3.30
2011.12.01 05:47:28.328,1.34643,1.34651,1.50,3.30
2011.12.01 05:47:28.572,1.34645,1.34651,1.50,1.80
2011.12.01 05:47:35.239,1.34646,1.34653,1.13,1.50
2011.12.01 05:47:37.951,1.34646,1.34653,1.13,2.25
2011.12.01 05:47:38.533,1.34646,1.34653,1.13,2.25
2011.12.01 05:47:43.120,1.34646,1.34653,1.13,2.25
2011.12.01 05:47:43.244,1.34646,1.3465,1.13,1.50
2011.12.01 05:47:43.362,1.34646,1.34653,1.13,1.50
2011.12.01 05:47:45.644,1.34647,1.34655,1.50,2.93
2011.12.01 05:47:46.475,1.34647,1.34655,3.00,2.03
2011.12.01 05:47:47.053,1.34649,1.34656,1.50,1.13
2011.12.01 05:47:47.613,1.34647,1.34655,2.25,1.50
2011.12.01 05:47:48.283,1.34649,1.34656,1.50,1.13
2011.12.01 05:47:51.816,1.34651,1.34656,1.50,1.13
2011.12.01 05:47:52.384,1.34649,1.34656,1.50,1.13
2011.12.01 05:47:56.581,1.34649,1.34656,2.25,1.13
2011.12.01 05:47:57.161,1.34649,1.34656,2.25,1.13
2011.12.01 05:47:57.722,1.34649,1.34656,2.25,1.13
2011.12.01 05:47:58.308,1.34649,1.34656,2.25,1.13
2011.12.01 05:47:59.011,1.34649,1.34656,2.25,1.13
2011.12.01 05:47:59.810,1.34649,1.34656,2.25,1.13
2011.12.01 05:48:00.372,1.34649,1.34656,2.25,1.13
2011.12.01 05:48:01.144,1.34649,1.34656,1.50,1.13
2011.12.01 05:48:02.286,1.34645,1.3465,1.50,1.13
2011.12.01 05:48:02.411,1.34643,1.3465,1.50,1.13
2011.12.01 05:48:02.659,1.34641,1.3465,2.70,1.13
2011.12.01 05:48:03.254,1.34641,1.3465,1.95,2.63
2011.12.01 05:48:03.832,1.34641,1.3465,1.20,2.03
2011.12.01 05:48:04.425,1.3464,1.34649,1.13,1.05
2011.12.01 05:48:05.643,1.3464,1.34649,1.13,1.80
2011.12.01 05:48:05.884,1.3464,1.34645,1.13,1.80
2011.12.01 05:48:06.250,1.34635,1.34642,1.50,1.50
2011.12.01 05:48:06.376,1.34633,1.3464,2.63,1.50
2011.12.01 05:48:06.856,1.34634,1.34642,2.25,2.63
2011.12.01 05:48:06.973,1.34636,1.34642,1.50,1.13
2011.12.01 05:48:09.013,1.34636,1.34641,1.50,1.13
2011.12.01 05:48:10.140,1.34636,1.3464,1.50,1.88
2011.12.01 05:48:10.267,1.3463,1.3464,1.50,1.13
2011.12.01 05:48:12.184,1.34631,1.34641,2.63,2.18
2011.12.01 05:48:13.004,1.34634,1.34641,1.50,1.13
2011.12.01 05:48:18.045,1.34634,1.3464,2.25,1.13
2011.12.01 05:48:22.195,1.34634,1.3464,1.50,1.13
2011.12.01 05:48:22.734,1.34634,1.34638,1.50,1.13
2011.12.01 05:48:23.094,1.34635,1.3464,1.50,1.13
2011.12.01 05:48:23.696,1.34635,1.34639,1.50,1.13
2011.12.01 05:48:24.717,1.34635,1.3464,1.50,1.13
2011.12.01 05:48:24.955,1.34635,1.34642,1.50,1.88
2011.12.01 05:48:31.225,1.34637,1.34644,1.50,1.88
2011.12.01 05:48:31.923,1.34639,1.34644,1.50,1.88
2011.12.01 05:48:32.043,1.34637,1.34644,1.50,1.88
2011.12.01 05:48:32.623,1.34637,1.34642,1.50,1.13
2011.12.01 05:48:32.866,1.34635,1.34642,1.50,1.13
2011.12.01 05:48:34.972,1.34635,1.34641,1.50,1.13
2011.12.01 05:48:45.895,1.34633,1.34641,2.25,2.63
2011.12.01 05:48:59.988,1.34628,1.3464,3.00,1.88
2011.12.01 05:49:00.118,1.34631,1.34636,1.50,1.50
2011.12.01 05:49:00.254,1.34629,1.34636,1.50,1.13
2011.12.01 05:49:00.857,1.34627,1.34633,2.25,1.13
2011.12.01 05:49:01.400,1.34627,1.34633,1.50,1.13
2011.12.01 05:49:04.399,1.34627,1.34634,1.50,1.13
2011.12.01 05:49:04.888,1.34632,1.34637,1.50,1.88
2011.12.01 05:49:05.022,1.34632,1.3464,1.50,2.25
2011.12.01 05:49:05.744,1.34633,1.34641,2.25,2.63
2011.12.01 05:49:05.988,1.34633,1.34639,2.25,1.13
2011.12.01 05:49:06.239,1.34631,1.34638,2.25,1.13
2011.12.01 05:49:06.832,1.34631,1.34637,1.50,1.13
2011.12.01 05:49:08.715,1.34631,1.34636,1.50,1.13
2011.12.01 05:49:09.064,1.34629,1.34636,2.25,1.13
2011.12.01 05:49:09.633,1.34629,1.34637,2.25,2.63
2011.12.01 05:49:09.753,1.34631,1.34637,1.50,1.13
2011.12.01 05:49:14.494,1.34631,1.34637,1.50,1.28
2011.12.01 05:49:15.093,1.34628,1.34634,1.50,1.13
2011.12.01 05:49:15.891,1.34627,1.34634,1.50,1.13
2011.12.01 05:49:25.485,1.34627,1.34634,1.50,1.50
2011.12.01 05:49:25.606,1.34625,1.34633,1.50,2.25
2011.12.01 05:49:25.727,1.34623,1.34632,1.50,2.63
2011.12.01 05:49:25.968,1.34621,1.34629,3.00,1.50
2011.12.01 05:49:26.339,1.34618,1.34627,1.50,1.13
2011.12.01 05:49:26.469,1.3462,1.34628,1.50,1.50
2011.12.01 05:49:27.835,1.34622,1.34626,1.50,1.13
2011.12.01 05:49:27.972,1.34622,1.34628,1.50,1.88
2011.12.01 05:49:28.449,1.34622,1.3463,1.50,3.38
2011.12.01 05:49:28.816,1.34624,1.3463,1.50,1.13
2011.12.01 05:49:32.026,1.34622,1.3463,1.50,1.50
2011.12.01 05:49:32.495,1.34624,1.34629,1.50,1.50
2011.12.01 05:49:33.191,1.34628,1.34634,1.05,1.50
2011.12.01 05:49:33.320,1.3463,1.34638,1.05,3.00
2011.12.01 05:49:33.452,1.34632,1.34639,1.05,1.50
2011.12.01 05:49:33.814,1.34634,1.34639,1.13,1.13
2011.12.01 05:49:34.056,1.34634,1.34641,1.13,1.88
2011.12.01 05:49:34.295,1.34632,1.3464,1.88,1.50
2011.12.01 05:49:35.444,1.34632,1.34639,1.20,1.13
2011.12.01 05:49:35.685,1.34629,1.34637,3.08,1.50
2011.12.01 05:49:36.524,1.34629,1.34637,2.40,1.50
2011.12.01 05:49:37.473,1.34629,1.34637,3.23,1.50
2011.12.01 05:49:37.833,1.34632,1.34639,1.50,1.13
2011.12.01 05:49:38.531,1.3463,1.34638,2.25,1.50
2011.12.01 05:49:43.943,1.3463,1.34638,1.50,1.50
2011.12.01 05:49:44.293,1.3463,1.34636,1.88,1.50
2011.12.01 05:49:44.415,1.3463,1.34638,3.38,1.50
2011.12.01 05:49:46.383,1.34632,1.34639,1.50,1.13
2011.12.01 05:49:53.421,1.34632,1.34639,2.25,1.13
2011.12.01 05:49:54.668,1.34632,1.34639,2.25,1.13
2011.12.01 05:49:55.263,1.34632,1.34639,2.25,1.13
2011.12.01 05:49:55.863,1.34634,1.3464,2.25,1.13
2011.12.01 05:49:59.256,1.34631,1.34639,2.25,1.50
2011.12.01 05:49:59.377,1.34634,1.3464,1.50,1.13
2011.12.01 05:50:03.284,1.34634,1.34641,2.25,1.13
2011.12.01 05:50:03.882,1.34634,1.34642,2.25,2.63
2011.12.01 05:50:04.598,1.34634,1.34642,2.25,2.63
2011.12.01 05:50:09.754,1.34634,1.3464,1.50,1.50
2011.12.01 05:50:10.112,1.34636,1.34642,2.25,1.13
2011.12.01 05:50:13.809,1.34636,1.34643,2.25,1.13
2011.12.01 05:50:14.724,1.34634,1.34642,2.25,1.50
2011.12.01 05:50:15.282,1.34637,1.34643,2.25,1.13
2011.12.01 05:50:17.252,1.34635,1.34643,2.25,2.63
2011.12.01 05:50:17.823,1.34635,1.34643,2.25,2.63
2011.12.01 05:50:18.644,1.34635,1.34642,2.25,1.13
2011.12.01 05:50:19.994,1.34633,1.34641,2.25,1.50
2011.12.01 05:50:20.353,1.34635,1.34643,2.25,1.50
2011.12.01 05:50:20.478,1.34638,1.34643,1.50,1.50
2011.12.01 05:50:21.083,1.34638,1.34644,1.50,1.13
2011.12.01 05:50:22.095,1.34638,1.34643,1.50,2.63
2011.12.01 05:50:22.693,1.34635,1.34643,3.00,2.63
2011.12.01 05:50:22.814,1.34635,1.34641,1.50,1.50
2011.12.01 05:50:22.933,1.34635,1.34643,3.00,2.63
2011.12.01 05:50:23.496,1.34635,1.34643,3.00,2.63
2011.12.01 05:50:23.735,1.34637,1.34645,2.25,2.63
2011.12.01 05:50:24.608,1.34637,1.34645,3.00,2.63
2011.12.01 05:50:25.182,1.3464,1.34645,1.50,1.13
2011.12.01 05:50:26.071,1.3464,1.34646,1.50,1.13
2011.12.01 05:50:26.643,1.34638,1.34646,2.25,2.63
2011.12.01 05:50:29.480,1.34638,1.34646,1.50,2.63
2011.12.01 05:50:29.723,1.34636,1.34643,2.63,1.50
2011.12.01 05:50:29.842,1.3464,1.34646,1.50,1.13
2011.12.01 05:50:30.073,1.3464,1.34644,1.50,1.13
2011.12.01 05:50:30.653,1.34638,1.34644,2.25,1.13
2011.12.01 05:50:31.214,1.34638,1.34643,2.25,1.13
2011.12.01 05:50:31.913,1.34637,1.34643,2.25,1.13
2011.12.01 05:50:32.592,1.34637,1.34643,2.25,1.13
2011.12.01 05:50:33.111,1.34637,1.34643,2.25,1.13
2011.12.01 05:50:34.848,1.34636,1.34644,2.25,1.50
2011.12.01 05:50:38.020,1.34636,1.34643,2.25,1.13
2011.12.01 05:50:39.783,1.34634,1.34643,2.25,1.13
2011.12.01 05:50:40.740,1.34637,1.34643,2.25,1.13
2011.12.01 05:50:41.710,1.34637,1.34643,2.25,1.13
2011.12.01 05:50:42.311,1.34637,1.34643,2.25,1.13
2011.12.01 05:50:42.981,1.34637,1.34643,2.25,1.13
2011.12.01 05:50:43.810,1.34637,1.34643,2.25,1.13
2011.12.01 05:50:45.025,1.34637,1.34643,2.25,1.13
2011.12.01 05:50:45.712,1.34638,1.34643,2.25,1.13
2011.12.01 05:50:47.145,1.34638,1.34644,2.25,1.13
2011.12.01 05:50:47.735,1.34638,1.34643,2.25,1.13
2011.12.01 05:50:49.795,1.34638,1.34644,2.25,1.13
2011.12.01 05:50:53.223,1.34638,1.34644,2.25,1.13
2011.12.01 05:50:53.792,1.34638,1.34644,2.25,1.13
2011.12.01 05:50:54.263,1.3464,1.34646,1.50,1.13
2011.12.01 05:50:54.855,1.3464,1.34644,2.25,1.88
2011.12.01 05:50:55.095,1.34635,1.34643,3.38,1.50
2011.12.01 05:50:55.457,1.34639,1.34645,1.50,1.13
2011.12.01 05:50:55.795,1.34637,1.34642,2.25,1.13
2011.12.01 05:50:56.583,1.34636,1.34644,2.25,1.50
2011.12.01 05:50:56.715,1.3464,1.34648,3.00,1.50
2011.12.01 05:50:56.948,1.3464,1.34644,2.25,1.13
2011.12.01 05:50:57.432,1.34635,1.34643,2.25,2.63
2011.12.01 05:50:58.033,1.34637,1.34644,2.25,1.13
2011.12.01 05:50:58.964,1.34637,1.34644,1.50,1.13
2011.12.01 05:50:59.541,1.34635,1.34643,2.25,1.50
2011.12.01 05:51:00.240,1.34637,1.34644,2.25,1.13
2011.12.01 05:51:02.987,1.34637,1.34644,2.25,1.50
2011.12.01 05:51:03.463,1.34635,1.34643,2.25,3.00
2011.12.01 05:51:03.586,1.34633,1.34641,3.38,1.50
2011.12.01 05:51:04.254,1.34633,1.34638,1.88,1.50
2011.12.01 05:51:04.604,1.34632,1.34642,2.63,1.13
2011.12.01 05:51:04.726,1.34633,1.34641,2.25,1.50
2011.12.01 05:51:05.341,1.34635,1.34643,2.25,2.63
2011.12.01 05:51:11.447,1.34637,1.34644,1.50,1.13
2011.12.01 05:51:11.901,1.34638,1.34645,1.50,2.63
2011.12.01 05:51:16.365,1.3464,1.34645,1.50,1.13
2011.12.01 05:51:17.109,1.34638,1.34645,2.25,1.13
2011.12.01 05:51:17.672,1.34638,1.34645,2.25,1.13
2011.12.01 05:51:18.252,1.34638,1.34645,2.25,1.13
2011.12.01 05:51:20.545,1.34638,1.34644,2.25,1.13
2011.12.01 05:51:21.114,1.34638,1.34642,2.25,1.13
2011.12.01 05:51:21.715,1.34633,1.34641,3.00,1.50
2011.12.01 05:51:22.271,1.34635,1.34642,2.25,1.13
2011.12.01 05:51:26.218,1.34635,1.34642,2.25,1.13
2011.12.01 05:51:26.823,1.34633,1.34641,2.25,1.50
2011.12.01 05:51:27.553,1.34635,1.34642,2.25,1.13
2011.12.01 05:51:28.133,1.34635,1.34643,2.25,1.50
2011.12.01 05:51:28.376,1.34637,1.34645,2.25,2.63
2011.12.01 05:51:28.954,1.34637,1.34645,3.00,2.63
2011.12.01 05:51:29.893,1.34637,1.34644,2.25,1.13
2011.12.01 05:51:30.865,1.34637,1.34645,3.00,2.63
2011.12.01 05:51:31.543,1.34639,1.34645,2.25,1.13
2011.12.01 05:51:34.133,1.34639,1.34645,2.25,1.13
2011.12.01 05:51:34.740,1.34639,1.34645,2.25,1.13
2011.12.01 05:51:35.242,1.34639,1.34645,2.25,1.13
2011.12.01 05:51:35.845,1.34639,1.34645,2.25,1.13
2011.12.01 05:51:36.430,1.34639,1.34644,2.25,1.13
2011.12.01 05:51:36.976,1.34638,1.34642,1.50,1.13
2011.12.01 05:51:37.105,1.34637,1.34642,1.13,1.50
2011.12.01 05:51:37.230,1.34634,1.34643,1.13,2.25
2011.12.01 05:51:37.355,1.34634,1.34642,2.25,2.63
2011.12.01 05:51:37.956,1.34634,1.3464,1.50,1.88
2011.12.01 05:51:38.199,1.34634,1.34638,1.50,1.13
2011.12.01 05:51:38.329,1.34626,1.34634,1.50,2.25
2011.12.01 05:51:38.934,1.34626,1.34634,2.25,1.50
2011.12.01 05:51:40.217,1.34626,1.34634,2.25,1.50
2011.12.01 05:51:41.627,1.34626,1.34634,3.38,1.50
2011.12.01 05:51:42.205,1.34626,1.34633,2.25,1.13
2011.12.01 05:51:42.684,1.34626,1.34634,2.25,1.50
2011.12.01 05:51:42.808,1.34628,1.34636,2.25,1.50
2011.12.01 05:51:43.298,1.34626,1.34634,2.25,1.50
2011.12.01 05:51:44.113,1.34626,1.34634,2.40,1.50
2011.12.01 05:51:45.089,1.34626,1.34634,3.53,1.50
2011.12.01 05:51:46.728,1.34626,1.34634,3.53,1.50
2011.12.01 05:51:47.334,1.34626,1.34634,3.38,1.50
2011.12.01 05:51:48.824,1.34626,1.34634,3.38,1.50
2011.12.01 05:51:49.403,1.34626,1.34634,3.38,1.50
2011.12.01 05:51:50.336,1.34628,1.34636,2.25,2.63
2011.12.01 05:51:50.576,1.3463,1.34638,1.50,1.50
2011.12.01 05:51:50.815,1.3463,1.34638,3.38,1.50
2011.12.01 05:51:51.403,1.3463,1.34638,3.38,1.50
2011.12.01 05:51:52.167,1.3463,1.34638,3.38,1.50
2011.12.01 05:51:55.114,1.34632,1.3464,2.25,2.63
2011.12.01 05:51:55.357,1.34632,1.3464,2.25,1.50
2011.12.01 05:51:55.948,1.34634,1.34641,2.25,1.13
2011.12.01 05:51:56.565,1.34634,1.34641,2.25,1.13
2011.12.01 05:51:58.733,1.34634,1.34641,2.25,1.13
2011.12.01 05:52:01.055,1.34634,1.34641,2.25,1.13
2011.12.01 05:52:02.752,1.34634,1.34641,2.25,1.13
2011.12.01 05:52:03.354,1.34634,1.34642,2.25,2.63
2011.12.01 05:52:03.481,1.34634,1.34642,2.25,2.63
2011.12.01 05:52:04.183,1.34634,1.34642,2.25,2.63
2011.12.01 05:52:04.653,1.34632,1.3464,3.38,1.50
2011.12.01 05:52:04.775,1.34632,1.3464,3.38,1.50
2011.12.01 05:52:06.383,1.34632,1.3464,2.25,2.63
2011.12.01 05:52:06.846,1.3463,1.34638,3.38,1.50
2011.12.01 05:52:08.644,1.34631,1.34638,1.88,1.50
2011.12.01 05:52:09.223,1.3463,1.34638,3.38,1.50
2011.12.01 05:52:09.586,1.34628,1.34636,3.38,1.50
2011.12.01 05:52:11.345,1.34628,1.34636,3.38,1.50
2011.12.01 05:52:15.881,1.34631,1.34638,1.50,1.88
2011.12.01 05:52:16.466,1.34631,1.34639,1.50,1.50
2011.12.01 05:52:18.164,1.34631,1.34639,3.38,1.50
2011.12.01 05:52:18.735,1.34631,1.34639,3.38,1.50
2011.12.01 05:52:19.304,1.34631,1.34639,3.38,1.50
2011.12.01 05:52:21.282,1.34631,1.34639,3.38,1.50
2011.12.01 05:52:21.632,1.34631,1.34637,1.88,1.50
2011.12.01 05:52:22.693,1.34631,1.34639,3.38,1.50
2011.12.01 05:52:23.301,1.34631,1.34639,2.25,2.63
2011.12.01 05:52:23.428,1.34629,1.34637,3.38,1.50
2011.12.01 05:52:27.253,1.34629,1.34637,3.38,1.50
2011.12.01 05:52:28.803,1.34632,1.3464,1.50,2.63
2011.12.01 05:52:30.503,1.3463,1.34638,3.38,1.50
2011.12.01 05:52:30.743,1.34632,1.3464,1.50,1.50
2011.12.01 05:52:31.315,1.34634,1.34641,1.50,1.13
2011.12.01 05:52:44.102,1.34636,1.34642,1.50,1.13
2011.12.01 05:52:47.417,1.34636,1.34643,1.50,1.13
2011.12.01 05:52:47.779,1.34638,1.34644,1.50,1.65
2011.12.01 05:52:48.149,1.34636,1.34644,1.50,3.38
2011.12.01 05:52:48.277,1.34634,1.34642,1.88,2.63
2011.12.01 05:52:48.927,1.34634,1.34642,3.75,1.50
2011.12.01 05:52:49.289,1.34636,1.34644,2.25,3.15
2011.12.01 05:52:49.416,1.34638,1.34644,1.50,1.65
2011.12.01 05:52:50.743,1.34636,1.34644,1.50,2.63
2011.12.01 05:52:51.855,1.34634,1.34642,3.38,1.50
2011.12.01 05:52:52.325,1.34632,1.3464,3.38,1.50
2011.12.01 05:52:52.687,1.34629,1.34637,3.38,1.50
2011.12.01 05:52:53.374,1.34627,1.34632,1.88,1.50
2011.12.01 05:52:53.865,1.34625,1.34632,1.88,1.50
2011.12.01 05:52:54.472,1.34625,1.34632,1.88,1.50
2011.12.01 05:52:55.594,1.34625,1.34632,1.88,1.50
2011.12.01 05:52:56.066,1.34626,1.34632,1.88,1.50
2011.12.01 05:52:56.185,1.34628,1.34636,2.25,2.63
2011.12.01 05:53:00.085,1.34628,1.34634,1.88,1.50
2011.12.01 05:53:00.327,1.34626,1.34634,2.25,1.50
2011.12.01 05:53:00.447,1.34627,1.34634,1.88,1.50
2011.12.01 05:53:00.568,1.3463,1.34637,1.50,1.13
2011.12.01 05:53:01.155,1.3463,1.34638,2.25,1.50
2011.12.01 05:53:02.493,1.3463,1.34638,2.25,1.50
2011.12.01 05:53:02.844,1.34629,1.34636,1.88,1.50
2011.12.01 05:53:03.562,1.34626,1.34634,3.38,1.50
2011.12.01 05:53:03.684,1.34628,1.34636,2.25,2.63
2011.12.01 05:53:03.926,1.34626,1.34634,3.38,1.50
2011.12.01 05:53:04.513,1.34626,1.34634,3.38,1.50
2011.12.01 05:53:04.632,1.34628,1.34636,1.50,2.63
2011.12.01 05:53:04.755,1.34626,1.34634,3.38,1.50
2011.12.01 05:53:20.186,1.34628,1.34636,2.25,2.63
2011.12.01 05:53:20.550,1.3463,1.34638,1.50,2.25
2011.12.01 05:53:20.913,1.34632,1.34639,1.50,1.13
2011.12.01 05:53:21.544,1.3463,1.34638,2.25,1.50
2011.12.01 05:53:30.076,1.34631,1.34638,1.88,1.50
2011.12.01 05:53:30.317,1.34632,1.3464,1.50,1.50
2011.12.01 05:53:31.716,1.34632,1.34639,2.25,1.13
2011.12.01 05:53:32.531,1.3463,1.34638,2.25,2.63
2011.12.01 05:53:32.778,1.34628,1.34636,3.38,1.50
2011.12.01 05:53:33.146,1.34626,1.34634,3.38,1.50
2011.12.01 05:53:36.169,1.34626,1.34634,2.25,1.50
2011.12.01 05:53:37.325,1.34626,1.34634,2.25,1.50
2011.12.01 05:53:38.036,1.34626,1.34634,2.25,1.50
2011.12.01 05:53:38.155,1.34628,1.34636,2.25,1.50
2011.12.01 05:53:38.747,1.34628,1.34635,1.50,1.13
2011.12.01 05:53:39.336,1.3463,1.34638,2.25,1.50
2011.12.01 05:53:40.064,1.3463,1.34637,2.25,1.13
2011.12.01 05:53:40.654,1.3463,1.34637,2.25,1.13
2011.12.01 05:53:41.609,1.3463,1.34637,2.25,1.13
2011.12.01 05:53:42.202,1.3463,1.34637,2.25,1.13
2011.12.01 05:53:43.334,1.3463,1.34638,2.25,1.50
2011.12.01 05:53:46.498,1.34632,1.3464,2.25,2.63
2011.12.01 05:53:47.767,1.34632,1.3464,2.25,1.50
2011.12.01 05:53:48.125,1.34637,1.34641,1.50,1.13
2011.12.01 05:53:48.723,1.34637,1.34642,1.50,1.13
2011.12.01 05:53:50.756,1.34635,1.34642,2.25,1.13
2011.12.01 05:53:51.586,1.34633,1.34641,2.25,1.50
2011.12.01 05:53:52.179,1.34635,1.34641,1.50,1.13
2011.12.01 05:53:53.085,1.34635,1.34642,1.50,1.13
2011.12.01 05:53:54.265,1.34635,1.34642,2.25,1.13
2011.12.01 05:53:54.855,1.34637,1.34643,1.50,1.13
2011.12.01 05:53:55.339,1.34637,1.34645,2.25,2.63
2011.12.01 05:53:55.978,1.34639,1.34645,2.25,1.13
2011.12.01 05:53:56.575,1.34639,1.34645,2.25,1.13
2011.12.01 05:53:57.153,1.34639,1.34646,3.00,1.13
2011.12.01 05:53:57.744,1.34639,1.34646,3.00,1.13
2011.12.01 05:53:58.444,1.34639,1.34647,3.00,1.50
2011.12.01 05:53:59.032,1.34639,1.34647,3.00,1.50
2011.12.01 05:53:59.613,1.3464,1.34647,1.50,1.50
2011.12.01 05:54:00.295,1.34641,1.34649,2.25,1.58
2011.12.01 05:54:01.243,1.34641,1.34649,2.25,1.58
2011.12.01 05:54:01.823,1.34641,1.34649,2.25,1.58
2011.12.01 05:54:02.406,1.34643,1.34651,2.25,3.38
2011.12.01 05:54:02.525,1.3464,1.34645,1.50,1.13
2011.12.01 05:54:02.754,1.34638,1.34642,1.50,1.50
2011.12.01 05:54:02.874,1.34638,1.34644,1.50,1.50
2011.12.01 05:54:03.432,1.34638,1.34644,1.50,1.50
2011.12.01 05:54:06.045,1.3464,1.34644,1.50,1.50
2011.12.01 05:54:06.284,1.3464,1.34648,3.00,2.63
2011.12.01 05:54:07.048,1.3464,1.34648,3.00,2.63
2011.12.01 05:54:07.645,1.34638,1.34646,3.00,2.63
2011.12.01 05:54:19.444,1.34638,1.34645,3.00,1.13
2011.12.01 05:54:20.063,1.34638,1.34644,1.50,1.50
2011.12.01 05:54:20.623,1.34638,1.34644,1.50,1.50
2011.12.01 05:54:21.087,1.34638,1.34642,1.50,1.13
2011.12.01 05:54:21.687,1.34633,1.34641,2.25,1.50
2011.12.01 05:54:22.613,1.34633,1.34641,2.25,1.50
2011.12.01 05:54:25.555,1.34633,1.34641,1.50,3.38
2011.12.01 05:54:25.686,1.34629,1.34637,2.25,1.50
2011.12.01 05:54:26.277,1.34631,1.34638,1.50,1.13
2011.12.01 05:54:26.868,1.34629,1.34637,2.25,1.50
2011.12.01 05:54:27.453,1.34629,1.34637,2.25,1.50
2011.12.01 05:54:33.681,1.34625,1.34631,2.25,1.13
2011.12.01 05:54:33.806,1.34623,1.34631,2.25,2.63
2011.12.01 05:54:34.291,1.34625,1.34631,1.50,1.13
2011.12.01 05:54:37.682,1.34625,1.34632,1.50,1.88
2011.12.01 05:54:39.156,1.34625,1.34631,1.50,1.13
2011.12.01 05:54:39.395,1.34623,1.34631,1.50,2.63
2011.12.01 05:54:41.895,1.34625,1.34631,1.50,1.88
2011.12.01 05:54:46.686,1.34625,1.34632,1.50,1.88
2011.12.01 05:54:47.051,1.34627,1.34635,1.50,2.25
2011.12.01 05:54:47.625,1.34627,1.34633,1.50,1.13
2011.12.01 05:54:48.315,1.34627,1.34634,1.50,1.13
2011.12.01 05:54:49.014,1.34627,1.34633,1.50,1.13
2011.12.01 05:54:49.136,1.34625,1.34633,2.25,2.63
2011.12.01 05:54:49.376,1.34627,1.34635,1.50,2.63
2011.12.01 05:54:49.854,1.34627,1.34633,1.50,1.13
2011.12.01 05:54:50.084,1.34627,1.34635,1.50,2.25
2011.12.01 05:54:50.328,1.34625,1.34633,1.50,2.63
2011.12.01 05:54:51.734,1.34625,1.34632,1.50,1.88
2011.12.01 05:54:52.355,1.34623,1.34631,1.50,1.50
2011.12.01 05:54:52.479,1.34621,1.34629,2.25,1.50
2011.12.01 05:54:52.966,1.34623,1.34631,1.50,1.50
2011.12.01 05:54:53.317,1.34622,1.34629,1.88,1.50
2011.12.01 05:54:53.555,1.34623,1.34631,3.38,1.50
2011.12.01 05:54:54.036,1.34621,1.34629,3.38,1.50
2011.12.01 05:54:54.395,1.34623,1.34631,2.63,1.50
2011.12.01 05:54:54.993,1.34621,1.34629,3.38,1.50
2011.12.01 05:54:55.344,1.34623,1.34631,2.25,2.63
2011.12.01 05:54:57.214,1.34625,1.34633,1.50,4.13
2011.12.01 05:54:57.659,1.34621,1.34629,3.38,1.50
2011.12.01 05:54:58.145,1.34625,1.34633,1.50,4.13
2011.12.01 05:54:58.384,1.34623,1.34631,1.50,2.63
2011.12.01 05:54:59.894,1.34625,1.34633,1.50,3.38
2011.12.01 05:55:00.255,1.34623,1.34631,1.50,2.63
2011.12.01 05:55:00.834,1.34624,1.34632,1.50,1.50
2011.12.01 05:55:01.193,1.34622,1.3463,2.25,1.50
2011.12.01 05:55:01.796,1.34624,1.34632,1.50,1.50
2011.12.01 05:55:02.384,1.34624,1.34631,1.50,1.13
2011.12.01 05:55:02.519,1.34622,1.3463,2.25,1.50
2011.12.01 05:55:03.246,1.3462,1.34627,1.88,1.50
2011.12.01 05:55:03.833,1.34619,1.34627,2.25,1.50
2011.12.01 05:55:04.790,1.34617,1.34625,3.38,1.50
2011.12.01 05:55:05.161,1.34619,1.34626,1.50,1.88
2011.12.01 05:55:05.713,1.34619,1.34625,1.50,1.13
2011.12.01 05:55:05.963,1.34616,1.34624,2.25,1.50
2011.12.01 05:55:06.566,1.34616,1.34624,2.25,1.50
2011.12.01 05:55:07.049,1.34613,1.3462,2.25,1.13
2011.12.01 05:55:07.175,1.34614,1.3462,2.25,1.13
2011.12.01 05:55:07.298,1.34614,1.34622,2.25,1.50
2011.12.01 05:55:07.906,1.34616,1.34623,1.50,1.13
2011.12.01 05:55:10.003,1.34614,1.34622,2.25,1.50
2011.12.01 05:55:11.155,1.34612,1.3462,4.13,1.50
2011.12.01 05:55:11.518,1.3461,1.34618,3.00,2.63
2011.12.01 05:55:12.007,1.34612,1.3462,2.25,3.38
2011.12.01 05:55:12.126,1.34612,1.3462,3.38,1.50
2011.12.01 05:55:12.245,1.34614,1.34622,2.25,2.63
2011.12.01 05:55:12.814,1.34612,1.3462,3.38,1.50
2011.12.01 05:55:13.059,1.34615,1.34623,2.25,2.63
2011.12.01 05:55:18.214,1.34613,1.34621,2.25,1.50
2011.12.01 05:55:18.678,1.34615,1.34623,4.13,1.50
2011.12.01 05:55:19.158,1.3462,1.34625,1.13,1.50
2011.12.01 05:55:19.280,1.34621,1.34628,1.50,1.05
2011.12.01 05:55:26.178,1.3462,1.34627,1.13,2.25
2011.12.01 05:55:32.842,1.34619,1.34627,3.38,2.25
2011.12.01 05:55:35.234,1.34621,1.34627,1.50,1.88
2011.12.01 05:55:35.604,1.34619,1.34624,1.50,1.13
2011.12.01 05:55:35.729,1.34614,1.34621,1.50,2.63
2011.12.01 05:55:35.861,1.34609,1.34616,1.13,2.29
2011.12.01 05:55:35.991,1.34612,1.34617,1.50,1.50
2011.12.01 05:55:36.476,1.34612,1.3462,2.25,2.63
2011.12.01 05:55:37.034,1.34614,1.3462,1.50,1.13
2011.12.01 05:55:39.635,1.34614,1.34621,1.50,1.13
2011.12.01 05:55:39.879,1.34614,1.34619,2.25,1.13
2011.12.01 05:55:40.245,1.34612,1.34619,2.25,1.13
2011.12.01 05:55:40.369,1.34607,1.34614,1.80,1.13
2011.12.01 05:55:40.620,1.3461,1.34614,1.50,1.13
2011.12.01 05:55:41.093,1.3461,1.34617,1.50,1.13
2011.12.01 05:55:41.220,1.3461,1.34617,2.25,1.13
2011.12.01 05:55:41.464,1.34612,1.34619,1.50,1.13
2011.12.01 05:55:42.412,1.34612,1.3462,2.25,3.38
2011.12.01 05:55:42.542,1.34614,1.3462,1.50,1.13
2011.12.01 05:55:42.897,1.34611,1.34619,2.25,1.50
2011.12.01 05:55:43.139,1.34611,1.34617,2.25,1.13
2011.12.01 05:55:43.744,1.34609,1.34616,2.25,1.13
2011.12.01 05:55:52.934,1.34609,1.34617,3.38,1.50
2011.12.01 05:55:53.415,1.34611,1.34619,2.25,2.63
2011.12.01 05:55:59.041,1.34611,1.34619,2.25,2.63
2011.12.01 05:55:59.954,1.34611,1.34619,2.25,2.63
2011.12.01 05:56:00.514,1.34611,1.34619,2.25,2.63
2011.12.01 05:56:02.676,1.34611,1.34619,2.25,1.50
2011.12.01 05:56:03.319,1.34611,1.34619,2.25,1.50
2011.12.01 05:56:05.933,1.34611,1.34619,2.25,1.50
2011.12.01 05:56:07.262,1.34611,1.34619,2.25,1.50
2011.12.01 05:56:08.306,1.34611,1.34619,2.25,1.50
2011.12.01 05:56:08.912,1.34611,1.34619,2.25,1.50
2011.12.01 05:56:09.471,1.34611,1.34619,2.25,1.50
2011.12.01 05:56:10.032,1.34611,1.34619,2.25,1.50
2011.12.01 05:56:10.482,1.34613,1.3462,1.50,1.13
2011.12.01 05:56:11.110,1.34613,1.34619,1.50,1.13
2011.12.01 05:56:11.266,1.34609,1.34617,3.38,1.50
2011.12.01 05:56:13.265,1.34607,1.34615,3.38,1.50
2011.12.01 05:56:16.494,1.34609,1.34617,1.50,3.38
2011.12.01 05:56:29.145,1.34609,1.34616,1.50,1.13
2011.12.01 05:56:30.172,1.34609,1.34615,1.50,1.13
2011.12.01 05:56:32.035,1.34609,1.34616,2.25,1.13
2011.12.01 05:56:34.145,1.34609,1.34616,2.25,1.13
2011.12.01 05:56:34.744,1.34609,1.34617,2.25,2.63
2011.12.01 05:56:36.634,1.34609,1.34616,2.25,1.13
2011.12.01 05:56:37.583,1.34609,1.34615,2.25,1.13
2011.12.01 05:56:39.695,1.34607,1.34615,2.25,2.63
2011.12.01 05:56:41.515,1.34607,1.34615,2.25,2.63
2011.12.01 05:56:42.537,1.34607,1.34615,2.25,3.38
2011.12.01 05:56:43.297,1.34606,1.34614,1.50,2.55
2011.12.01 05:56:43.431,1.34606,1.34611,1.13,1.50
2011.12.01 05:56:43.553,1.34604,1.34611,1.88,1.50
2011.12.01 05:56:43.906,1.34604,1.34609,1.50,1.13
2011.12.01 05:56:44.270,1.34602,1.34609,1.50,1.43
2011.12.01 05:56:44.404,1.34602,1.34607,1.13,1.13
2011.12.01 05:56:44.775,1.34597,1.3461,1.50,3.23
2011.12.01 05:56:44.898,1.34597,1.34608,2.25,2.78
2011.12.01 05:56:45.022,1.34599,1.34604,1.50,1.43
2011.12.01 05:56:47.216,1.34597,1.34603,1.50,1.13
2011.12.01 05:56:47.566,1.34592,1.34597,1.50,1.13
2011.12.01 05:56:48.396,1.3459,1.34597,1.50,1.13
2011.12.01 05:56:50.909,1.3459,1.34595,1.50,1.13
2011.12.01 05:56:51.503,1.3459,1.34596,1.50,1.13
2011.12.01 05:56:52.658,1.34588,1.34596,1.50,2.63
2011.12.01 05:56:52.896,1.3459,1.34596,1.50,1.13
2011.12.01 05:56:55.996,1.3459,1.34597,1.50,1.13
2011.12.01 05:56:57.934,1.3459,1.34596,1.50,1.13
2011.12.01 05:56:58.502,1.3459,1.34597,1.50,1.13
2011.12.01 05:56:59.829,1.3459,1.34598,2.25,2.63
2011.12.01 05:57:07.947,1.34592,1.34598,1.50,1.13
2011.12.01 05:57:08.296,1.34592,1.346,1.50,2.63
2011.12.01 05:57:15.382,1.34592,1.34604,4.13,1.80
2011.12.01 05:57:15.511,1.34597,1.34604,1.50,1.05
2011.12.01 05:57:15.640,1.34597,1.34605,2.25,1.50
2011.12.01 05:57:16.011,1.34602,1.34609,1.13,2.78
2011.12.01 05:57:16.255,1.34604,1.3461,1.50,1.28
2011.12.01 05:57:16.376,1.34602,1.3461,2.63,3.00
2011.12.01 05:57:16.622,1.346,1.34606,1.50,1.50
2011.12.01 05:57:17.096,1.34598,1.34606,3.38,1.50
2011.12.01 05:57:19.604,1.34596,1.34603,1.88,1.50
2011.12.01 05:57:21.364,1.34597,1.34603,1.13,1.50
2011.12.01 05:57:21.593,1.34597,1.34605,2.63,1.50
2011.12.01 05:57:22.505,1.34597,1.34605,3.38,1.50
2011.12.01 05:57:22.626,1.34599,1.34607,2.25,1.50
2011.12.01 05:57:23.554,1.346,1.34607,1.13,1.50
2011.12.01 05:57:26.544,1.34599,1.34607,2.25,1.50
2011.12.01 05:57:27.115,1.346,1.34607,1.88,1.50
2011.12.01 05:57:27.825,1.34597,1.34605,3.38,1.50
2011.12.01 05:57:28.286,1.34597,1.34603,1.88,1.50
2011.12.01 05:57:30.056,1.34598,1.34605,1.88,1.50
2011.12.01 05:57:31.805,1.34598,1.34603,1.13,1.50
2011.12.01 05:57:32.163,1.34597,1.34601,1.13,1.50
2011.12.01 05:57:33.095,1.34596,1.34601,1.88,1.50
2011.12.01 05:57:33.459,1.34591,1.34599,4.35,1.50
2011.12.01 05:57:33.585,1.34594,1.34599,1.13,1.50
2011.12.01 05:57:33.827,1.34597,1.34603,1.88,1.05
2011.12.01 05:57:34.187,1.34601,1.34608,1.88,2.03
2011.12.01 05:57:34.308,1.34603,1.34609,1.50,1.05
2011.12.01 05:57:34.431,1.34603,1.3461,2.63,1.35
2011.12.01 05:57:34.796,1.34603,1.34611,4.13,1.50
2011.12.01 05:57:35.158,1.34606,1.34614,1.50,1.88
2011.12.01 05:57:35.558,1.34606,1.34611,1.13,1.50
2011.12.01 05:57:36.133,1.34605,1.34612,1.88,1.58
2011.12.01 05:57:36.815,1.34606,1.34612,1.13,1.58
2011.12.01 05:57:40.555,1.34605,1.34612,1.88,1.50
2011.12.01 05:57:41.786,1.34605,1.34609,1.13,1.50
2011.12.01 05:57:42.150,1.346,1.34605,1.50,1.50
2011.12.01 05:57:42.586,1.34596,1.34601,1.88,1.50
2011.12.01 05:57:42.714,1.34593,1.34605,2.63,1.35
2011.12.01 05:57:43.545,1.34593,1.34597,1.88,1.50
2011.12.01 05:57:44.025,1.34591,1.34597,1.13,1.50
2011.12.01 05:57:45.967,1.3459,1.34597,1.13,1.50
2011.12.01 05:57:46.087,1.34592,1.34597,1.13,1.50
2011.12.01 05:57:47.375,1.34593,1.34597,1.13,1.50
2011.12.01 05:57:47.617,1.34593,1.34599,1.13,1.20
2011.12.01 05:57:51.165,1.34591,1.34599,4.13,1.35
2011.12.01 05:57:51.293,1.34591,1.34597,1.13,1.35
2011.12.01 05:57:51.873,1.34589,1.34597,3.38,1.43
2011.12.01 05:57:52.474,1.34589,1.34597,3.38,1.43
2011.12.01 05:57:53.084,1.34589,1.34597,3.38,1.50
2011.12.01 05:57:53.654,1.34589,1.34597,3.38,1.50
2011.12.01 05:57:57.876,1.34589,1.34597,1.50,2.25
2011.12.01 05:57:58.320,1.34587,1.34595,2.63,1.50
2011.12.01 05:58:01.104,1.34587,1.34593,1.13,1.50
2011.12.01 05:58:01.909,1.34586,1.34593,1.88,1.50
2011.12.01 05:58:02.287,1.34589,1.34595,1.13,1.50
2011.12.01 05:58:03.764,1.34589,1.34593,1.13,1.50
2011.12.01 05:58:05.222,1.34589,1.34595,1.13,1.50
2011.12.01 05:58:07.455,1.34589,1.34593,1.13,1.50
2011.12.01 05:58:08.026,1.34588,1.34593,1.13,1.50
2011.12.01 05:58:08.812,1.34588,1.34595,1.13,1.50
2011.12.01 05:58:10.590,1.34589,1.34595,1.13,1.50
2011.12.01 05:58:11.286,1.34588,1.34595,1.88,1.50
2011.12.01 05:58:11.753,1.34588,1.34593,1.88,1.50
2011.12.01 05:58:12.956,1.34589,1.34593,1.13,1.50
2011.12.01 05:58:14.063,1.34589,1.34595,1.13,1.50
2011.12.01 05:58:16.343,1.34589,1.34597,3.38,1.50
2011.12.01 05:58:17.297,1.34589,1.34597,3.38,1.50
2011.12.01 05:58:18.122,1.34589,1.34597,3.38,1.50
2011.12.01 05:58:18.803,1.34589,1.34597,3.38,1.50
2011.12.01 05:58:19.404,1.3459,1.34597,1.88,1.50
2011.12.01 05:58:20.195,1.3459,1.34597,1.88,1.50
2011.12.01 05:58:20.884,1.3459,1.34597,1.88,1.50
2011.12.01 05:58:21.444,1.3459,1.34597,1.88,1.50
2011.12.01 05:58:22.003,1.3459,1.34597,1.88,1.50
2011.12.01 05:58:23.159,1.34591,1.34599,2.25,1.80
2011.12.01 05:58:23.633,1.3459,1.34597,3.15,1.50
2011.12.01 05:58:34.457,1.34592,1.34599,1.50,2.63
2011.12.01 05:58:34.995,1.34592,1.34599,1.50,1.50
2011.12.01 05:58:40.142,1.34592,1.34599,1.50,1.50
2011.12.01 05:58:41.135,1.34591,1.34599,3.00,1.50
2011.12.01 05:58:41.726,1.34591,1.34599,3.00,1.50
2011.12.01 05:58:42.303,1.34591,1.34599,3.00,1.50
2011.12.01 05:58:43.248,1.34591,1.34599,3.00,1.50
2011.12.01 05:58:43.942,1.34592,1.34599,1.50,1.50
2011.12.01 05:58:44.395,1.34593,1.346,3.75,1.13
2011.12.01 05:58:44.995,1.34596,1.34601,1.88,1.50
2011.12.01 05:58:45.129,1.34597,1.34604,2.63,1.50
2011.12.01 05:58:45.735,1.34599,1.34606,1.13,1.58
2011.12.01 05:58:47.337,1.34598,1.34604,1.88,1.50
2011.12.01 05:58:47.577,1.34596,1.34602,1.88,1.50
2011.12.01 05:58:48.164,1.34594,1.34602,3.38,1.50
2011.12.01 05:58:52.946,1.34594,1.34602,2.25,2.63
2011.12.01 05:58:53.543,1.34594,1.34602,2.25,2.63
2011.12.01 05:58:57.736,1.34594,1.34602,2.25,1.50
2011.12.01 05:58:59.568,1.34594,1.34602,3.00,1.50
2011.12.01 05:59:00.137,1.34596,1.34603,1.50,1.13
2011.12.01 05:59:00.376,1.34598,1.34606,1.50,3.68
2011.12.01 05:59:02.496,1.34598,1.34606,1.50,3.68
2011.12.01 05:59:02.617,1.34596,1.34604,2.63,1.50
2011.12.01 05:59:03.215,1.34596,1.34603,1.50,1.13
2011.12.01 05:59:04.144,1.34594,1.34602,2.25,1.50
2011.12.01 05:59:15.276,1.34594,1.34602,2.25,1.50
2011.12.01 05:59:17.083,1.34594,1.34602,3.00,1.50
2011.12.01 05:59:17.210,1.34595,1.34602,1.50,1.50
2011.12.01 05:59:17.814,1.34596,1.34603,1.50,1.13
2011.12.01 05:59:18.173,1.34594,1.34602,2.25,1.50
2011.12.01 05:59:23.763,1.34594,1.34602,1.50,4.13
2011.12.01 05:59:23.888,1.34591,1.34597,1.88,1.50
2011.12.01 05:59:24.128,1.34589,1.34597,3.00,1.50
2011.12.01 05:59:37.775,1.34587,1.34595,3.38,1.50
2011.12.01 05:59:38.139,1.34585,1.34593,3.38,1.50
2011.12.01 05:59:38.386,1.34587,1.34595,1.50,2.63
2011.12.01 05:59:40.103,1.34587,1.34594,1.50,1.88
2011.12.01 05:59:40.229,1.34584,1.34592,3.38,1.50
2011.12.01 05:59:40.824,1.34586,1.34594,1.50,4.13
2011.12.01 05:59:41.176,1.34584,1.34591,1.88,1.50
2011.12.01 05:59:43.572,1.34585,1.34593,2.25,1.50
2011.12.01 05:59:45.841,1.34587,1.34594,1.50,1.88
2011.12.01 05:59:48.805,1.34587,1.34595,1.50,4.13
2011.12.01 05:59:49.437,1.34589,1.34596,1.50,1.88
2011.12.01 05:59:49.563,1.34587,1.34595,1.50,1.50
2011.12.01 05:59:50.375,1.34589,1.34597,1.50,4.13
2011.12.01 05:59:50.965,1.34587,1.34595,1.50,1.50
2011.12.01 05:59:52.815,1.34587,1.34595,1.50,3.00
2011.12.01 05:59:53.504,1.34587,1.34595,1.50,2.25
2011.12.01 05:59:55.412,1.34586,1.34593,1.13,1.50
2011.12.01 05:59:56.445,1.34588,1.34593,1.13,1.50
2011.12.01 05:59:56.566,1.34587,1.34595,2.25,1.50
