2007.09.24 06:00:02.135,1.41187,1.41211,1.80,3.00
2007.09.24 06:00:02.438,1.4118,1.41215,12.60,5.40
2007.09.24 06:00:03.522,1.41188,1.41203,3.60,2.40
2007.09.24 06:00:04.363,1.41185,1.412,4.80,3.00
2007.09.24 06:00:04.419,1.41179,1.41199,4.80,7.20
2007.09.24 06:00:05.476,1.41171,1.41206,1.00,7.20
2007.09.24 06:00:05.744,1.41172,1.41202,2.40,2.40
2007.09.24 06:00:05.920,1.41183,1.41193,3.00,6.00
2007.09.24 06:00:06.096,1.4118,1.412,5.40,9.30
2007.09.24 06:00:07.241,1.41187,1.41197,2.40,6.10
2007.09.24 06:00:07.436,1.41188,1.41198,8.70,27.00
2007.09.24 06:00:07.568,1.41189,1.41199,5.40,4.80
2007.09.24 06:00:08.484,1.41191,1.412,1.00,9.30
2007.09.24 06:00:08.648,1.41187,1.41207,3.00,16.90
2007.09.24 06:00:09.004,1.41186,1.41211,3.00,8.40
2007.09.24 06:00:09.220,1.41192,1.41212,3.00,6.10
2007.09.24 06:00:09.439,1.41196,1.41211,2.40,5.40
2007.09.24 06:00:10.199,1.41201,1.41206,6.60,5.40
2007.09.24 06:00:12.973,1.41199,1.41204,6.00,8.70
2007.09.24 06:00:13.614,1.41195,1.412,2.40,6.00
2007.09.24 06:00:13.655,1.41187,1.41202,13.60,1.80
2007.09.24 06:00:13.784,1.41186,1.41196,6.60,7.20
2007.09.24 06:00:13.921,1.4118,1.412,17.40,4.80
2007.09.24 06:00:15.673,1.41181,1.41196,2.40,3.40
2007.09.24 06:00:15.948,1.41179,1.41189,10.80,8.00
2007.09.24 06:00:17.637,1.41168,1.41188,3.00,6.00
2007.09.24 06:00:19.027,1.41166,1.41176,3.60,2.40
2007.09.24 06:00:19.378,1.41166,1.41172,6.60,4.80
2007.09.24 06:00:21.607,1.41168,1.41178,1.00,8.40
2007.09.24 06:00:22.698,1.41176,1.4118,4.80,5.20
2007.09.24 06:00:22.963,1.41178,1.41188,8.80,22.30
2007.09.24 06:00:24.307,1.41186,1.4119,8.40,1.80
2007.09.24 06:00:24.530,1.41189,1.41194,4.80,12.00
2007.09.24 06:00:24.933,1.4119,1.41195,5.40,9.00
2007.09.24 06:00:25.078,1.41186,1.41201,6.00,10.80
2007.09.24 06:00:25.993,1.41187,1.41197,4.80,5.40
2007.09.24 06:00:27.317,1.41189,1.41193,2.40,16.80
2007.09.24 06:00:27.464,1.41183,1.41197,7.20,4.20
2007.09.24 06:00:27.609,1.41188,1.41192,7.80,10.20
2007.09.24 06:00:27.945,1.4118,1.41204,4.90,2.40
2007.09.24 06:00:28.140,1.41182,1.41207,3.00,6.00
2007.09.24 06:00:28.329,1.41192,1.41207,10.20,3.00
2007.09.24 06:00:29.421,1.4119,1.4121,1.00,3.00
2007.09.24 06:00:29.684,1.41195,1.41205,10.60,4.80
2007.09.24 06:00:29.954,1.41189,1.41209,1.00,8.40
2007.09.24 06:00:30.736,1.41187,1.41207,4.80,12.10
2007.09.24 06:00:31.609,1.41183,1.41203,3.00,3.00
2007.09.24 06:00:32.496,1.41186,1.41196,7.20,12.70
2007.09.24 06:00:32.741,1.41183,1.41198,7.20,3.00
2007.09.24 06:00:33.741,1.41185,1.41195,4.80,4.80
2007.09.24 06:00:34.037,1.41187,1.41197,18.00,2.40
2007.09.24 06:00:34.145,1.41187,1.41197,8.40,1.80
2007.09.24 06:00:34.583,1.41181,1.41201,10.20,5.40
2007.09.24 06:00:35.219,1.4118,1.412,4.80,11.20
2007.09.24 06:00:36.021,1.41181,1.41196,9.60,4.80
2007.09.24 06:00:37.988,1.41179,1.41193,3.30,4.80
2007.09.24 06:00:38.180,1.41175,1.41195,5.40,14.40
2007.09.24 06:00:39.288,1.41177,1.41192,3.60,10.20
2007.09.24 06:00:39.488,1.41178,1.41193,11.40,4.80
2007.09.24 06:00:40.650,1.41185,1.4119,11.40,6.00
2007.09.24 06:00:41.004,1.4119,1.41195,3.00,2.70
2007.09.24 06:00:41.183,1.41188,1.41203,7.50,2.40
2007.09.24 06:00:41.359,1.41193,1.41208,3.00,14.50
2007.09.24 06:00:41.535,1.41197,1.41212,12.60,5.10
2007.09.24 06:00:42.207,1.41201,1.41211,2.40,4.50
2007.09.24 06:00:42.546,1.412,1.4122,6.00,1.00
2007.09.24 06:00:42.779,1.41207,1.41223,4.80,28.00
2007.09.24 06:00:42.856,1.41213,1.41227,3.00,6.00
2007.09.24 06:00:42.936,1.41214,1.41228,2.40,6.40
2007.09.24 06:00:43.011,1.4121,1.4122,1.80,9.40
2007.09.24 06:00:43.323,1.41204,1.41214,2.40,19.00
2007.09.24 06:00:43.820,1.41202,1.41208,2.40,9.00
2007.09.24 06:00:45.743,1.41198,1.41208,3.00,1.00
2007.09.24 06:00:47.034,1.41197,1.41207,4.80,4.80
2007.09.24 06:00:47.296,1.41197,1.41207,4.80,1.20
2007.09.24 06:00:47.560,1.41195,1.41211,3.00,4.20
2007.09.24 06:00:48.163,1.41197,1.41211,15.00,9.00
2007.09.24 06:00:48.499,1.41195,1.41215,7.80,2.40
2007.09.24 06:00:49.123,1.41199,1.41214,4.80,10.20
2007.09.24 06:00:49.267,1.41199,1.41214,6.00,2.50
2007.09.24 06:00:53.403,1.41194,1.41214,7.20,2.40
2007.09.24 06:00:53.740,1.41198,1.41208,10.80,10.80
2007.09.24 06:00:53.915,1.41196,1.41201,8.40,2.40
2007.09.24 06:00:54.087,1.41192,1.41197,20.60,2.40
2007.09.24 06:00:54.260,1.41188,1.41198,2.40,13.00
2007.09.24 06:00:54.435,1.41188,1.41198,16.80,7.80
2007.09.24 06:00:55.443,1.41189,1.41199,22.80,16.60
2007.09.24 06:00:55.683,1.41193,1.41198,8.40,4.80
2007.09.24 06:00:56.163,1.41189,1.41204,8.40,17.40
2007.09.24 06:00:56.607,1.4119,1.41205,6.60,4.80
2007.09.24 06:00:56.756,1.41191,1.41207,2.40,2.70
2007.09.24 06:00:56.807,1.41191,1.41206,3.60,6.90
2007.09.24 06:00:57.849,1.41195,1.41205,9.00,14.10
2007.09.24 06:00:57.984,1.41199,1.41204,1.00,2.40
2007.09.24 06:00:58.119,1.412,1.41205,6.00,18.10
2007.09.24 06:00:58.256,1.41195,1.4121,4.80,9.00
2007.09.24 06:00:58.587,1.41199,1.41204,11.60,2.40
2007.09.24 06:00:58.783,1.41191,1.41211,7.80,4.25
2007.09.24 06:01:05.173,1.41186,1.41196,6.00,11.50
2007.09.24 06:01:05.600,1.41186,1.41201,12.00,5.80
2007.09.24 06:01:05.737,1.41188,1.41202,9.00,15.40
2007.09.24 06:01:06.072,1.41192,1.41207,9.70,2.40
2007.09.24 06:01:06.257,1.41196,1.41211,4.80,13.50
2007.09.24 06:01:06.456,1.41198,1.41213,6.00,1.20
2007.09.24 06:01:06.572,1.412,1.41215,13.20,3.00
2007.09.24 06:01:06.688,1.41198,1.41218,6.00,6.00
2007.09.24 06:01:06.804,1.41201,1.41216,2.40,2.40
2007.09.24 06:01:06.920,1.41197,1.41217,2.40,4.80
2007.09.24 06:01:07.937,1.41195,1.41215,9.00,3.30
2007.09.24 06:01:08.279,1.41197,1.41213,5.40,2.40
2007.09.24 06:01:08.440,1.41198,1.41218,1.00,5.40
2007.09.24 06:01:09.336,1.41202,1.41217,1.00,4.80
2007.09.24 06:01:09.612,1.41201,1.41221,3.60,1.00
2007.09.24 06:01:11.096,1.41203,1.41223,6.60,5.40
2007.09.24 06:01:11.853,1.41207,1.41222,2.40,13.90
2007.09.24 06:01:12.720,1.41204,1.41224,6.00,4.80
2007.09.24 06:01:12.885,1.41205,1.4122,18.60,4.20
2007.09.24 06:01:13.064,1.41206,1.41216,1.20,6.00
2007.09.24 06:01:13.216,1.41201,1.41216,13.20,2.40
2007.09.24 06:01:13.617,1.41195,1.41215,16.20,4.80
2007.09.24 06:01:14.132,1.41196,1.41211,12.60,2.40
2007.09.24 06:01:14.368,1.41195,1.4121,15.00,1.00
2007.09.24 06:01:15.437,1.41191,1.41211,11.40,8.70
2007.09.24 06:01:15.945,1.41192,1.41207,6.00,2.40
2007.09.24 06:01:16.161,1.41193,1.41208,14.20,3.00
2007.09.24 06:01:16.378,1.41194,1.4121,2.40,1.00
2007.09.24 06:01:16.605,1.41196,1.4121,16.80,5.10
2007.09.24 06:01:16.764,1.41196,1.41216,9.00,2.40
2007.09.24 06:01:17.458,1.41204,1.41218,6.00,11.70
2007.09.24 06:01:17.640,1.41206,1.41226,17.40,2.40
2007.09.24 06:01:17.699,1.41216,1.41226,5.40,12.00
2007.09.24 06:01:17.937,1.41221,1.41231,13.60,2.40
2007.09.24 06:01:18.177,1.41227,1.41241,9.60,3.00
2007.09.24 06:01:19.288,1.41238,1.41244,32.40,4.80
2007.09.24 06:01:19.480,1.41236,1.41246,13.20,2.40
2007.09.24 06:01:19.852,1.41223,1.41243,21.00,4.80
2007.09.24 06:01:20.032,1.41216,1.41236,2.40,2.10
2007.09.24 06:01:20.285,1.41211,1.41227,1.20,2.40
2007.09.24 06:01:23.371,1.41206,1.41226,6.00,1.00
2007.09.24 06:01:23.600,1.41206,1.41216,5.40,8.40
2007.09.24 06:01:23.764,1.41201,1.41211,4.80,6.60
2007.09.24 06:01:23.936,1.41196,1.41206,12.60,4.80
2007.09.24 06:01:24.088,1.4119,1.4121,9.00,2.40
2007.09.24 06:01:24.241,1.41188,1.41208,6.00,8.60
2007.09.24 06:01:24.396,1.41188,1.41208,4.80,4.80
2007.09.24 06:01:24.593,1.41189,1.41205,7.80,2.40
2007.09.24 06:01:26.420,1.41187,1.41207,3.00,9.00
2007.09.24 06:01:26.584,1.41189,1.41209,10.20,5.40
2007.09.24 06:01:26.637,1.41191,1.41211,12.00,5.80
2007.09.24 06:01:26.853,1.41195,1.41215,7.80,3.00
2007.09.24 06:01:27.585,1.41199,1.41219,10.80,7.20
2007.09.24 06:01:28.335,1.41205,1.41215,8.40,6.60
2007.09.24 06:01:28.452,1.41206,1.41216,18.00,1.20
2007.09.24 06:01:28.684,1.41204,1.41219,9.00,15.10
2007.09.24 06:01:29.849,1.41203,1.41219,7.80,8.40
2007.09.24 06:01:30.641,1.41203,1.41218,18.00,7.20
2007.09.24 06:01:30.970,1.41206,1.41211,13.90,7.80
2007.09.24 06:01:31.096,1.41204,1.41214,6.60,6.60
2007.09.24 06:01:32.643,1.41208,1.41213,2.40,1.00
2007.09.24 06:01:32.688,1.41202,1.41222,4.80,3.60
2007.09.24 06:01:32.905,1.41206,1.41221,14.40,5.70
2007.09.24 06:01:34.158,1.41202,1.41222,15.00,2.40
2007.09.24 06:01:34.384,1.41202,1.41222,18.60,7.00
2007.09.24 06:01:35.817,1.41203,1.41218,2.40,4.50
2007.09.24 06:01:36.010,1.41204,1.41214,11.40,7.50
2007.09.24 06:01:36.380,1.41201,1.41216,4.80,9.60
2007.09.24 06:01:36.875,1.41197,1.41217,9.00,2.80
2007.09.24 06:01:37.117,1.41201,1.41211,19.80,4.80
2007.09.24 06:01:37.280,1.41197,1.41212,9.60,15.40
2007.09.24 06:01:37.440,1.412,1.4121,8.40,6.90
2007.09.24 06:01:37.604,1.412,1.4121,4.80,17.20
2007.09.24 06:01:37.766,1.41193,1.41213,12.60,2.40
2007.09.24 06:01:37.930,1.41194,1.41209,6.00,2.40
2007.09.24 06:01:40.572,1.41196,1.4121,4.80,8.10
2007.09.24 06:01:40.629,1.41202,1.41206,1.80,3.90
2007.09.24 06:01:40.650,1.41202,1.41212,4.80,1.00
2007.09.24 06:01:41.164,1.41204,1.41214,6.00,1.00
2007.09.24 06:01:41.204,1.41208,1.41212,2.40,10.20
2007.09.24 06:01:41.374,1.41206,1.41212,16.80,1.80
2007.09.24 06:01:41.571,1.41202,1.41207,19.50,7.90
2007.09.24 06:01:41.812,1.41188,1.41203,15.00,3.00
2007.09.24 06:01:42.059,1.4118,1.4119,1.00,7.20
2007.09.24 06:01:42.756,1.41172,1.41188,13.20,6.00
2007.09.24 06:01:43.607,1.41174,1.4119,2.40,16.30
2007.09.24 06:01:43.865,1.41185,1.41189,1.20,7.60
2007.09.24 06:01:44.144,1.41186,1.41196,3.00,6.00
2007.09.24 06:01:45.900,1.41188,1.41203,3.00,7.20
2007.09.24 06:01:46.116,1.41192,1.41208,15.00,1.80
2007.09.24 06:01:46.253,1.41197,1.41212,13.20,1.00
2007.09.24 06:01:46.423,1.412,1.41216,4.80,11.40
2007.09.24 06:01:46.570,1.41205,1.41221,2.40,4.80
2007.09.24 06:01:46.655,1.41206,1.41222,2.40,6.00
2007.09.24 06:01:46.776,1.41207,1.41223,4.80,1.00
2007.09.24 06:01:46.812,1.41209,1.41224,2.40,6.00
2007.09.24 06:01:46.907,1.41209,1.41225,7.80,6.40
2007.09.24 06:01:46.944,1.41211,1.41221,12.00,2.40
2007.09.24 06:01:47.243,1.4121,1.4122,21.00,13.80
2007.09.24 06:01:47.550,1.41209,1.41219,2.40,1.00
2007.09.24 06:01:48.385,1.41208,1.41218,10.20,4.80
2007.09.24 06:01:49.216,1.41205,1.4122,11.40,37.50
2007.09.24 06:01:49.356,1.4121,1.41215,1.80,3.90
2007.09.24 06:01:49.696,1.41211,1.41216,3.60,5.40
2007.09.24 06:01:53.324,1.41211,1.41216,3.00,2.40
2007.09.24 06:01:53.652,1.41207,1.41217,6.00,5.70
2007.09.24 06:01:53.980,1.41208,1.41213,6.00,4.80
2007.09.24 06:01:55.585,1.41207,1.41212,4.20,2.40
2007.09.24 06:01:55.710,1.41201,1.41216,13.20,12.60
2007.09.24 06:01:56.828,1.41197,1.41217,3.60,4.20
2007.09.24 06:01:56.910,1.41202,1.41212,13.80,3.60
2007.09.24 06:01:57.068,1.41202,1.41212,10.80,3.30
2007.09.24 06:01:57.228,1.41203,1.41213,8.40,10.20
2007.09.24 06:01:58.289,1.41203,1.41219,10.80,3.00
2007.09.24 06:01:59.308,1.41206,1.41226,22.80,4.80
2007.09.24 06:01:59.543,1.4121,1.4123,4.80,1.20
2007.09.24 06:01:59.762,1.41222,1.41227,7.80,6.60
2007.09.24 06:01:59.956,1.4122,1.41234,2.40,18.90
2007.09.24 06:02:02.352,1.41229,1.41239,12.00,7.50
2007.09.24 06:02:02.549,1.41235,1.41245,8.40,9.60
2007.09.24 06:02:02.749,1.41243,1.41253,14.80,2.40
2007.09.24 06:02:03.149,1.41247,1.41257,1.20,2.40
2007.09.24 06:02:04.460,1.41249,1.41264,13.50,8.70
2007.09.24 06:02:04.707,1.41248,1.41268,9.00,2.40
2007.09.24 06:02:04.953,1.41252,1.41267,5.00,2.40
2007.09.24 06:02:05.199,1.41251,1.41271,2.40,1.80
2007.09.24 06:02:05.398,1.41255,1.4127,14.40,7.80
2007.09.24 06:02:05.797,1.41257,1.41272,2.40,2.40
2007.09.24 06:02:05.997,1.41261,1.41276,2.40,11.40
2007.09.24 06:02:06.197,1.41264,1.41279,6.40,2.40
2007.09.24 06:02:06.267,1.4126,1.41285,6.00,10.80
2007.09.24 06:02:06.398,1.41269,1.41284,4.80,11.40
2007.09.24 06:02:06.561,1.41277,1.41287,10.20,3.00
2007.09.24 06:02:07.041,1.41285,1.41295,18.60,4.20
2007.09.24 06:02:07.562,1.41293,1.41303,5.40,3.00
2007.09.24 06:02:07.762,1.41291,1.41307,9.00,10.20
2007.09.24 06:02:08.627,1.41286,1.41296,1.80,8.40
2007.09.24 06:02:08.769,1.41278,1.41288,2.40,4.80
2007.09.24 06:02:09.026,1.41272,1.41282,13.20,1.00
2007.09.24 06:02:09.094,1.41263,1.41277,2.40,11.40
2007.09.24 06:02:09.287,1.41261,1.41271,15.00,2.40
2007.09.24 06:02:11.434,1.41255,1.41269,5.40,4.00
2007.09.24 06:02:22.410,1.41251,1.41265,2.40,4.80
2007.09.24 06:02:22.677,1.41248,1.41264,3.00,3.00
2007.09.24 06:02:24.606,1.41245,1.41261,19.20,5.40
2007.09.24 06:02:24.673,1.41243,1.41253,9.60,3.60
2007.09.24 06:02:24.801,1.41243,1.41249,1.20,20.40
2007.09.24 06:02:25.065,1.41237,1.41253,8.40,10.20
2007.09.24 06:02:25.664,1.41236,1.41252,9.60,1.00
2007.09.24 06:02:26.101,1.41238,1.41253,14.00,2.40
2007.09.24 06:02:26.368,1.41237,1.41257,12.60,2.40
2007.09.24 06:02:31.157,1.41239,1.41254,3.60,2.40
2007.09.24 06:02:31.266,1.41238,1.41253,4.80,9.70
2007.09.24 06:02:31.976,1.41237,1.41252,29.40,3.00
2007.09.24 06:02:33.355,1.41237,1.41252,5.40,16.80
2007.09.24 06:02:33.624,1.41235,1.4125,9.00,3.40
2007.09.24 06:02:33.800,1.41233,1.41249,14.40,4.80
2007.09.24 06:02:33.834,1.41234,1.41249,6.60,7.20
2007.09.24 06:02:33.899,1.41239,1.41244,13.40,4.80
2007.09.24 06:02:33.931,1.4124,1.41245,1.00,9.60
2007.09.24 06:02:34.129,1.41239,1.41249,8.00,4.80
2007.09.24 06:02:34.165,1.41241,1.41251,9.00,1.00
2007.09.24 06:02:34.905,1.41246,1.41251,2.40,1.00
2007.09.24 06:02:35.377,1.41246,1.41261,14.20,3.00
2007.09.24 06:02:37.787,1.41256,1.4126,2.40,2.10
2007.09.24 06:02:37.960,1.41252,1.41268,4.80,3.60
2007.09.24 06:02:38.029,1.41254,1.41269,4.80,28.00
2007.09.24 06:02:38.078,1.41254,1.4127,13.40,4.80
2007.09.24 06:02:38.177,1.41251,1.41271,1.00,6.00
2007.09.24 06:02:38.201,1.41247,1.41267,4.80,9.00
2007.09.24 06:02:38.313,1.41241,1.41261,3.00,1.00
2007.09.24 06:02:38.498,1.41232,1.41252,2.40,2.40
2007.09.24 06:02:38.521,1.41222,1.41242,19.80,3.60
2007.09.24 06:02:38.873,1.41216,1.4123,19.90,2.40
2007.09.24 06:02:39.695,1.41213,1.41229,2.40,6.00
2007.09.24 06:02:40.101,1.41219,1.41239,4.80,4.80
2007.09.24 06:02:40.295,1.41231,1.41247,6.00,4.20
2007.09.24 06:02:40.489,1.41238,1.41254,3.00,1.20
2007.09.24 06:02:42.705,1.41247,1.41257,5.40,9.30
2007.09.24 06:02:42.785,1.41245,1.41265,9.00,4.80
2007.09.24 06:02:43.344,1.41246,1.41266,3.60,8.40
2007.09.24 06:02:43.439,1.41248,1.41268,5.40,2.40
2007.09.24 06:02:43.589,1.41248,1.41268,4.80,18.10
2007.09.24 06:02:43.849,1.41249,1.41269,3.60,2.40
2007.09.24 06:02:44.033,1.4125,1.4127,6.00,9.60
2007.09.24 06:02:44.389,1.41252,1.41272,4.20,1.00
2007.09.24 06:02:44.928,1.41253,1.41273,2.40,8.80
2007.09.24 06:02:51.685,1.41257,1.41272,8.40,1.00
2007.09.24 06:02:55.613,1.41256,1.41276,3.60,18.10
2007.09.24 06:02:55.753,1.41258,1.41278,1.80,2.40
2007.09.24 06:02:55.893,1.41259,1.41279,2.40,8.40
2007.09.24 06:02:56.035,1.41259,1.41279,9.00,2.40
2007.09.24 06:02:56.460,1.4126,1.41275,1.00,5.40
2007.09.24 06:02:57.284,1.41261,1.41276,2.40,1.00
2007.09.24 06:02:58.622,1.41268,1.41272,4.80,7.20
2007.09.24 06:03:03.363,1.41248,1.41264,2.70,1.00
2007.09.24 06:03:03.632,1.41247,1.41257,7.20,6.00
2007.09.24 06:03:03.854,1.41245,1.4125,6.60,2.70
2007.09.24 06:03:04.075,1.41245,1.4125,10.80,9.00
2007.09.24 06:03:04.294,1.41242,1.41257,7.80,4.80
2007.09.24 06:03:04.514,1.41246,1.41261,3.60,3.00
2007.09.24 06:03:14.052,1.41251,1.41266,4.80,6.60
2007.09.24 06:03:14.861,1.41258,1.41268,1.20,9.00
2007.09.24 06:03:15.014,1.41265,1.41271,7.20,14.20
2007.09.24 06:03:20.792,1.41258,1.41278,13.60,15.40
2007.09.24 06:03:22.112,1.41257,1.41277,13.80,7.20
2007.09.24 06:03:22.334,1.41258,1.41273,2.40,1.00
2007.09.24 06:03:22.554,1.41253,1.41273,3.00,6.00
2007.09.24 06:03:22.774,1.41249,1.41269,21.40,2.40
2007.09.24 06:03:23.330,1.41245,1.41265,5.40,12.00
2007.09.24 06:03:25.321,1.41244,1.41264,12.00,2.40
2007.09.24 06:03:25.437,1.41243,1.41263,6.00,8.70
2007.09.24 06:03:27.720,1.41242,1.41262,8.40,4.20
2007.09.24 06:03:27.818,1.41246,1.41261,8.40,7.20
2007.09.24 06:03:27.971,1.41247,1.41262,7.80,15.00
2007.09.24 06:03:28.126,1.41246,1.41261,4.80,7.80
2007.09.24 06:03:28.646,1.41248,1.41258,1.00,8.40
2007.09.24 06:03:28.798,1.41246,1.41256,10.80,3.30
2007.09.24 06:03:29.130,1.4125,1.41255,2.40,21.40
2007.09.24 06:03:30.817,1.41253,1.41257,2.40,1.20
2007.09.24 06:03:31.140,1.41257,1.41267,9.00,3.00
2007.09.24 06:03:31.325,1.41267,1.41277,3.00,9.00
2007.09.24 06:03:33.436,1.41274,1.41294,13.20,2.40
2007.09.24 06:03:35.592,1.4128,1.413,8.40,4.80
2007.09.24 06:03:35.709,1.41278,1.41298,7.80,4.80
2007.09.24 06:03:35.825,1.41273,1.41293,2.40,9.60
2007.09.24 06:03:37.398,1.41277,1.41282,2.40,3.00
2007.09.24 06:03:37.962,1.41275,1.41281,4.20,1.20
2007.09.24 06:03:38.141,1.41272,1.41282,15.60,9.60
2007.09.24 06:03:38.306,1.41269,1.41279,14.40,8.40
2007.09.24 06:03:38.478,1.41265,1.41281,11.40,8.40
2007.09.24 06:03:38.694,1.41264,1.41279,2.40,6.00
2007.09.24 06:03:38.910,1.41259,1.41279,2.40,8.30
2007.09.24 06:03:39.126,1.4126,1.41275,1.80,3.00
2007.09.24 06:03:39.208,1.41261,1.41271,20.50,8.40
2007.09.24 06:03:39.342,1.41256,1.41272,4.80,24.70
2007.09.24 06:03:40.938,1.4126,1.41265,15.20,6.60
2007.09.24 06:03:40.992,1.41259,1.41264,2.40,12.10
2007.09.24 06:03:41.100,1.41258,1.41263,13.80,7.60
2007.09.24 06:03:41.156,1.41254,1.41264,4.80,15.00
2007.09.24 06:03:41.210,1.41253,1.41263,3.00,6.00
2007.09.24 06:03:41.314,1.41257,1.41262,4.60,6.00
2007.09.24 06:03:41.526,1.41258,1.41263,13.80,3.00
2007.09.24 06:03:41.579,1.41257,1.41267,7.80,3.60
2007.09.24 06:03:42.009,1.41256,1.41271,10.20,13.20
2007.09.24 06:03:42.353,1.41254,1.41274,5.40,4.80
2007.09.24 06:03:42.927,1.41259,1.41264,2.40,8.40
2007.09.24 06:03:43.170,1.41257,1.41262,4.80,1.00
2007.09.24 06:03:43.409,1.41251,1.41261,3.00,9.00
2007.09.24 06:03:43.647,1.41244,1.41259,7.00,5.70
2007.09.24 06:03:43.983,1.41241,1.41256,5.40,10.90
2007.09.24 06:03:44.322,1.41233,1.41253,8.40,7.20
2007.09.24 06:03:44.762,1.41227,1.41247,7.20,15.70
2007.09.24 06:03:44.894,1.41221,1.41241,7.20,8.80
2007.09.24 06:03:45.000,1.41221,1.41241,21.90,1.20
2007.09.24 06:03:45.106,1.4123,1.4125,1.00,8.40
2007.09.24 06:03:45.325,1.41237,1.41257,2.40,7.00
2007.09.24 06:03:45.431,1.41242,1.41262,4.80,9.00
2007.09.24 06:03:45.538,1.41246,1.41262,12.00,6.00
2007.09.24 06:03:45.642,1.41247,1.41262,2.40,8.50
2007.09.24 06:03:45.747,1.41249,1.41259,6.60,5.40
2007.09.24 06:03:45.946,1.41248,1.41258,7.80,1.80
2007.09.24 06:03:46.142,1.41244,1.41259,4.80,1.50
2007.09.24 06:03:46.338,1.41247,1.41257,4.80,1.00
2007.09.24 06:03:46.536,1.41249,1.41253,2.40,3.00
2007.09.24 06:03:46.734,1.41248,1.41254,9.00,20.50
2007.09.24 06:03:46.958,1.41248,1.41252,8.40,2.50
2007.09.24 06:03:47.182,1.41239,1.41259,21.60,15.60
2007.09.24 06:03:47.406,1.41241,1.41256,3.00,3.00
2007.09.24 06:03:47.632,1.4124,1.41255,1.20,13.50
2007.09.24 06:03:47.858,1.41235,1.41255,3.00,15.00
2007.09.24 06:03:47.968,1.4124,1.4125,10.20,4.80
2007.09.24 06:03:48.114,1.41234,1.41254,24.00,13.80
2007.09.24 06:03:50.190,1.41241,1.41251,14.40,2.40
2007.09.24 06:03:50.448,1.41245,1.4125,6.60,6.00
2007.09.24 06:03:50.625,1.41249,1.41254,6.00,10.80
2007.09.24 06:03:50.952,1.41244,1.41259,9.00,5.40
2007.09.24 06:03:51.110,1.41245,1.4126,5.40,6.60
2007.09.24 06:03:51.266,1.41243,1.41258,4.80,1.20
2007.09.24 06:03:51.522,1.4124,1.41255,3.60,9.00
2007.09.24 06:03:51.778,1.41237,1.41252,3.60,8.80
2007.09.24 06:03:52.497,1.41236,1.41246,6.00,10.50
2007.09.24 06:03:53.221,1.41232,1.41247,19.20,4.80
2007.09.24 06:03:53.520,1.41233,1.41248,3.60,2.40
2007.09.24 06:03:53.765,1.41239,1.41244,5.40,2.40
2007.09.24 06:03:54.939,1.41244,1.41249,1.80,7.20
2007.09.24 06:03:55.283,1.41245,1.4126,28.20,2.40
2007.09.24 06:03:56.822,1.41248,1.41264,6.60,10.20
2007.09.24 06:04:02.806,1.41233,1.41253,2.40,10.20
2007.09.24 06:04:03.053,1.41239,1.41254,3.60,10.20
2007.09.24 06:04:03.296,1.4124,1.4126,16.20,2.50
2007.09.24 06:04:03.456,1.41242,1.41262,2.40,3.90
2007.09.24 06:04:03.768,1.41245,1.4126,2.40,8.40
2007.09.24 06:04:04.236,1.41244,1.41259,8.40,3.30
2007.09.24 06:04:04.654,1.41243,1.41258,7.20,7.80
2007.09.24 06:04:06.188,1.41242,1.41256,1.80,8.40
2007.09.24 06:04:06.764,1.41238,1.41258,15.60,6.00
2007.09.24 06:04:06.924,1.41239,1.41254,4.80,3.00
2007.09.24 06:04:07.078,1.41239,1.41254,5.40,3.00
2007.09.24 06:04:07.630,1.41238,1.41253,8.40,12.10
2007.09.24 06:04:07.904,1.41239,1.41254,11.40,3.00
2007.09.24 06:04:07.998,1.4124,1.41255,25.20,5.50
2007.09.24 06:04:08.425,1.41241,1.41256,2.40,1.80
2007.09.24 06:04:08.902,1.41242,1.41257,2.40,6.00
2007.09.24 06:04:09.369,1.41242,1.41256,27.60,2.40
2007.09.24 06:04:09.526,1.41242,1.41252,6.00,7.20
2007.09.24 06:04:09.888,1.4124,1.4125,6.00,14.20
2007.09.24 06:04:10.065,1.41235,1.41245,1.00,10.50
2007.09.24 06:04:10.802,1.4123,1.4124,1.00,4.80
2007.09.24 06:04:11.017,1.41221,1.41237,6.00,18.10
2007.09.24 06:04:11.227,1.4122,1.41236,4.80,3.60
2007.09.24 06:04:12.448,1.4123,1.4124,2.40,10.20
2007.09.24 06:04:12.619,1.41233,1.41247,2.40,9.60
2007.09.24 06:04:12.736,1.41237,1.41253,22.00,1.00
2007.09.24 06:04:13.084,1.41239,1.41253,5.40,11.40
2007.09.24 06:04:13.200,1.41239,1.41255,1.20,2.10
2007.09.24 06:04:14.084,1.41241,1.41256,7.20,4.40
2007.09.24 06:04:14.267,1.4124,1.41255,2.40,13.00
2007.09.24 06:04:14.941,1.41236,1.41256,6.00,16.20
2007.09.24 06:04:15.763,1.41238,1.41254,5.40,4.80
2007.09.24 06:04:16.482,1.4124,1.4125,4.90,2.40
2007.09.24 06:04:17.697,1.41237,1.41257,1.20,8.20
2007.09.24 06:04:17.846,1.41241,1.41255,11.40,1.00
2007.09.24 06:04:18.010,1.41244,1.41254,17.40,2.40
2007.09.24 06:04:18.153,1.41242,1.41252,2.40,6.00
2007.09.24 06:04:18.301,1.41238,1.41253,6.00,5.40
2007.09.24 06:04:18.444,1.41238,1.41253,12.00,3.00
2007.09.24 06:04:19.065,1.41239,1.41249,12.10,2.40
2007.09.24 06:04:21.984,1.41236,1.41252,6.00,4.20
2007.09.24 06:04:24.726,1.41238,1.41253,4.80,27.60
2007.09.24 06:04:26.169,1.41239,1.41254,2.40,5.40
2007.09.24 06:04:26.210,1.41243,1.41253,6.00,13.90
2007.09.24 06:04:26.661,1.41246,1.41256,1.00,7.20
2007.09.24 06:04:27.171,1.41247,1.41262,22.80,2.40
2007.09.24 06:04:29.727,1.41251,1.41266,6.00,11.50
2007.09.24 06:04:29.926,1.41251,1.41266,1.80,4.80
2007.09.24 06:04:29.998,1.41255,1.41265,7.80,2.40
2007.09.24 06:04:30.101,1.4125,1.41265,17.40,4.80
2007.09.24 06:04:30.232,1.41248,1.41263,15.00,4.50
2007.09.24 06:04:32.641,1.41247,1.41262,1.00,9.60
2007.09.24 06:04:33.455,1.41251,1.41261,7.80,4.80
2007.09.24 06:04:33.753,1.4125,1.41265,8.40,8.40
2007.09.24 06:04:34.049,1.41254,1.41264,4.80,9.60
2007.09.24 06:04:34.344,1.41252,1.41267,1.00,8.40
2007.09.24 06:04:34.508,1.41252,1.41262,14.40,1.80
2007.09.24 06:04:34.672,1.41246,1.41261,6.60,2.70
2007.09.24 06:04:34.836,1.41241,1.41261,10.20,4.80
2007.09.24 06:04:35.328,1.41243,1.41257,6.60,11.70
2007.09.24 06:04:35.594,1.41245,1.41255,10.80,1.20
2007.09.24 06:04:35.860,1.41243,1.41259,2.40,9.60
2007.09.24 06:04:37.233,1.41242,1.41262,2.40,1.00
2007.09.24 06:04:37.402,1.41245,1.41265,12.00,4.20
2007.09.24 06:04:37.569,1.41247,1.41267,2.40,6.40
2007.09.24 06:04:37.716,1.41255,1.41269,22.80,2.40
2007.09.24 06:04:37.776,1.4126,1.4128,4.80,7.20
2007.09.24 06:04:37.937,1.41262,1.41278,11.40,2.40
2007.09.24 06:04:38.582,1.41257,1.41271,6.60,4.80
2007.09.24 06:04:38.856,1.4125,1.41265,9.00,6.00
2007.09.24 06:04:39.132,1.41246,1.41261,11.40,2.40
2007.09.24 06:04:39.408,1.41245,1.4126,6.60,6.00
2007.09.24 06:04:43.931,1.41245,1.4126,21.80,1.00
2007.09.24 06:04:48.980,1.41246,1.41261,6.00,5.40
2007.09.24 06:04:49.229,1.41245,1.4126,2.40,6.00
2007.09.24 06:04:49.394,1.41243,1.41258,2.40,7.20
2007.09.24 06:04:49.602,1.4124,1.41255,1.20,2.40
2007.09.24 06:04:50.779,1.4124,1.4125,7.80,9.00
2007.09.24 06:04:52.166,1.41239,1.41249,6.00,2.40
2007.09.24 06:04:52.226,1.41241,1.41251,6.00,2.40
2007.09.24 06:04:52.281,1.41242,1.41252,9.00,26.40
2007.09.24 06:04:52.410,1.4124,1.41255,4.80,6.00
2007.09.24 06:04:52.468,1.41241,1.41251,7.80,9.00
2007.09.24 06:04:52.698,1.41239,1.41249,7.80,7.78
2007.09.24 06:04:52.756,1.41239,1.41249,2.40,8.40
2007.09.24 06:04:52.984,1.41235,1.4125,4.80,2.40
2007.09.24 06:04:53.040,1.41235,1.4125,7.50,4.80
2007.09.24 06:04:53.099,1.41237,1.41252,6.90,24.30
2007.09.24 06:04:55.518,1.4124,1.4125,13.80,6.60
2007.09.24 06:04:55.687,1.41244,1.41249,22.80,9.00
2007.09.24 06:04:56.024,1.4124,1.41256,10.80,1.20
2007.09.24 06:04:58.171,1.41242,1.41258,3.00,9.90
2007.09.24 06:05:02.600,1.41247,1.41253,16.20,2.60
2007.09.24 06:05:02.804,1.41244,1.41259,6.00,4.80
2007.09.24 06:05:03.989,1.41244,1.41254,4.80,1.20
2007.09.24 06:05:04.084,1.4124,1.41255,7.80,8.20
2007.09.24 06:05:04.276,1.41238,1.41253,4.80,3.60
2007.09.24 06:05:04.371,1.41233,1.41248,6.00,2.40
2007.09.24 06:05:04.564,1.41232,1.41247,8.40,7.20
2007.09.24 06:05:04.798,1.4123,1.41245,10.20,4.80
2007.09.24 06:05:05.241,1.41232,1.41242,9.00,16.80
2007.09.24 06:05:05.819,1.41232,1.41247,6.00,5.70
2007.09.24 06:05:06.408,1.41236,1.41246,4.80,2.40
2007.09.24 06:05:11.143,1.4124,1.4125,6.40,3.00
2007.09.24 06:05:11.183,1.41243,1.41253,4.80,10.20
2007.09.24 06:05:11.263,1.41246,1.41256,4.20,8.40
2007.09.24 06:05:11.668,1.41248,1.41263,13.20,4.80
2007.09.24 06:05:12.008,1.41255,1.41265,10.20,3.90
2007.09.24 06:05:12.349,1.41262,1.41267,4.80,3.60
2007.09.24 06:05:12.509,1.41267,1.41277,19.50,7.90
2007.09.24 06:05:15.240,1.41271,1.41275,11.00,1.80
2007.09.24 06:05:15.375,1.41266,1.41271,8.40,7.20
2007.09.24 06:05:15.511,1.41261,1.41266,2.40,3.10
2007.09.24 06:05:15.807,1.41251,1.41267,4.80,11.80
2007.09.24 06:05:16.850,1.4125,1.4126,40.50,3.60
2007.09.24 06:05:17.024,1.41252,1.41256,4.80,4.80
2007.09.24 06:05:17.245,1.41248,1.41258,8.40,1.80
2007.09.24 06:05:17.464,1.41245,1.41259,4.80,3.60
2007.09.24 06:05:17.684,1.41244,1.41259,2.40,15.40
2007.09.24 06:05:17.907,1.41245,1.4126,21.80,1.00
2007.09.24 06:05:18.004,1.41247,1.41262,10.80,7.50
2007.09.24 06:05:18.099,1.41251,1.41261,2.40,3.00
2007.09.24 06:05:18.387,1.41251,1.41261,16.50,2.40
2007.09.24 06:05:18.818,1.41249,1.41259,1.00,6.00
2007.09.24 06:05:18.925,1.41248,1.41258,8.40,16.30
2007.09.24 06:05:20.323,1.41249,1.41253,6.90,1.20
2007.09.24 06:05:20.367,1.41248,1.41252,6.60,6.00
2007.09.24 06:05:20.414,1.41246,1.41252,2.40,12.40
2007.09.24 06:05:20.591,1.41245,1.4125,7.20,1.80
2007.09.24 06:05:20.906,1.41241,1.41251,6.60,8.70
2007.09.24 06:05:21.063,1.41244,1.41249,9.60,4.80
2007.09.24 06:05:21.151,1.41243,1.41253,10.80,10.90
2007.09.24 06:05:21.536,1.41245,1.41255,1.80,6.00
2007.09.24 06:05:21.884,1.41249,1.41254,1.00,7.20
2007.09.24 06:05:22.226,1.41249,1.41255,4.20,2.40
2007.09.24 06:05:22.414,1.41248,1.41253,9.00,4.80
2007.09.24 06:05:22.589,1.41245,1.41255,5.40,2.40
2007.09.24 06:05:26.715,1.41243,1.41253,6.60,7.20
2007.09.24 06:05:26.943,1.41248,1.41253,2.40,3.60
2007.09.24 06:05:27.172,1.41249,1.41254,2.40,10.20
2007.09.24 06:05:27.399,1.4125,1.41255,2.40,6.00
2007.09.24 06:05:27.627,1.41249,1.41259,3.60,2.50
2007.09.24 06:05:31.750,1.41248,1.41264,6.00,1.00
2007.09.24 06:05:34.455,1.41251,1.41261,1.00,4.80
2007.09.24 06:05:35.375,1.41252,1.41262,18.40,1.00
2007.09.24 06:05:35.423,1.41251,1.41266,34.60,2.40
2007.09.24 06:05:35.511,1.41252,1.41267,21.60,3.60
2007.09.24 06:05:35.611,1.41251,1.41267,1.20,5.40
2007.09.24 06:05:35.939,1.41251,1.41265,14.40,24.60
2007.09.24 06:05:36.671,1.41253,1.41263,13.80,1.00
2007.09.24 06:05:36.916,1.41255,1.41259,4.80,5.10
2007.09.24 06:05:37.507,1.41254,1.41264,3.60,3.40
2007.09.24 06:05:39.619,1.41251,1.41261,3.00,3.00
2007.09.24 06:05:41.124,1.41249,1.41259,3.60,2.40
2007.09.24 06:05:41.267,1.41247,1.41257,9.00,5.40
2007.09.24 06:05:41.548,1.41244,1.41248,2.40,17.80
2007.09.24 06:05:41.687,1.41239,1.41244,7.80,2.40
2007.09.24 06:05:41.830,1.41234,1.41238,18.60,4.20
2007.09.24 06:05:42.148,1.41224,1.41234,3.00,3.00
2007.09.24 06:05:44.983,1.41222,1.41232,7.20,2.40
2007.09.24 06:05:45.084,1.41229,1.41233,14.40,4.80
2007.09.24 06:05:45.183,1.41235,1.4124,2.40,7.20
2007.09.24 06:05:45.284,1.41239,1.41243,2.40,4.50
2007.09.24 06:05:45.459,1.41241,1.41251,2.40,1.00
2007.09.24 06:05:50.145,1.41245,1.41255,15.00,15.60
2007.09.24 06:05:51.069,1.41246,1.41256,24.00,2.40
2007.09.24 06:05:51.519,1.41245,1.4126,5.40,6.00
2007.09.24 06:05:51.744,1.41245,1.4126,17.40,4.80
2007.09.24 06:05:51.967,1.41249,1.41259,7.20,13.30
2007.09.24 06:05:53.582,1.41248,1.41258,1.20,4.80
2007.09.24 06:05:53.692,1.41246,1.41256,1.20,5.40
2007.09.24 06:05:53.803,1.41247,1.41252,3.00,7.00
2007.09.24 06:05:53.879,1.41245,1.4125,12.00,3.00
2007.09.24 06:05:54.224,1.41242,1.41252,2.40,16.90
2007.09.24 06:05:55.661,1.41243,1.41248,6.90,7.20
2007.09.24 06:05:55.819,1.41243,1.41248,2.40,4.00
2007.09.24 06:05:55.887,1.41242,1.41247,4.80,10.20
2007.09.24 06:05:56.035,1.41241,1.41246,7.20,8.80
2007.09.24 06:05:56.105,1.41238,1.41248,6.00,3.40
2007.09.24 06:05:57.479,1.41236,1.41246,35.40,2.40
2007.09.24 06:06:04.935,1.4124,1.41256,4.20,1.00
2007.09.24 06:06:05.330,1.41244,1.4125,4.80,10.80
2007.09.24 06:06:05.550,1.41238,1.41248,9.60,5.40
2007.09.24 06:06:06.581,1.41233,1.41243,11.40,4.80
2007.09.24 06:06:08.816,1.4123,1.4124,5.40,2.40
2007.09.24 06:06:11.846,1.41231,1.41236,1.80,15.60
2007.09.24 06:06:11.951,1.41231,1.41236,2.40,6.00
2007.09.24 06:06:12.158,1.41233,1.41238,1.80,15.60
2007.09.24 06:06:12.467,1.41232,1.41242,1.20,7.60
2007.09.24 06:06:21.812,1.41237,1.41242,4.20,9.70
2007.09.24 06:06:21.889,1.41239,1.41244,10.00,1.00
2007.09.24 06:06:21.953,1.41235,1.4125,29.40,3.00
2007.09.24 06:06:22.046,1.4124,1.41245,4.80,12.60
2007.09.24 06:06:22.097,1.41239,1.41244,10.20,4.80
2007.09.24 06:06:22.244,1.41231,1.41246,4.80,13.20
2007.09.24 06:06:22.367,1.41231,1.41241,1.80,2.80
2007.09.24 06:06:22.435,1.4123,1.4124,1.00,2.40
2007.09.24 06:06:22.532,1.41224,1.41244,15.40,3.60
2007.09.24 06:06:23.166,1.41228,1.41243,2.40,10.20
2007.09.24 06:06:25.835,1.41231,1.41241,12.00,51.40
2007.09.24 06:06:25.936,1.41234,1.41239,7.20,18.00
2007.09.24 06:06:26.137,1.41233,1.41238,9.00,3.00
2007.09.24 06:06:26.330,1.41228,1.41233,1.00,4.20
2007.09.24 06:06:26.443,1.41218,1.41228,6.00,13.20
2007.09.24 06:06:26.501,1.41206,1.41221,8.40,2.40
2007.09.24 06:06:26.810,1.41207,1.41217,1.00,2.40
2007.09.24 06:06:27.342,1.41216,1.41222,3.60,3.00
2007.09.24 06:06:27.463,1.41224,1.41234,13.80,8.40
2007.09.24 06:06:27.611,1.41229,1.41245,5.40,5.40
2007.09.24 06:06:27.907,1.41235,1.4125,3.00,3.00
2007.09.24 06:06:28.091,1.41236,1.41251,3.00,16.00
2007.09.24 06:06:28.495,1.41234,1.41249,7.20,10.20
2007.09.24 06:06:29.212,1.41232,1.41246,10.20,2.40
2007.09.24 06:06:32.434,1.41227,1.41243,6.00,6.80
2007.09.24 06:06:32.629,1.4122,1.4124,6.00,4.20
2007.09.24 06:06:32.697,1.41218,1.41238,3.00,6.90
2007.09.24 06:06:32.986,1.41217,1.41237,3.60,4.20
2007.09.24 06:06:34.883,1.41218,1.41238,9.00,4.80
2007.09.24 06:06:35.277,1.41218,1.41238,10.20,9.10
2007.09.24 06:06:36.143,1.41222,1.41237,4.20,4.80
2007.09.24 06:06:36.722,1.41221,1.41241,4.80,4.80
2007.09.24 06:06:37.049,1.41226,1.41241,1.00,7.90
2007.09.24 06:06:37.291,1.41232,1.41238,3.00,2.70
2007.09.24 06:06:37.534,1.41234,1.41238,2.40,8.40
2007.09.24 06:06:37.774,1.41235,1.41241,2.40,6.00
2007.09.24 06:06:38.014,1.41231,1.41247,14.40,1.00
2007.09.24 06:06:39.326,1.41231,1.41241,12.00,4.80
2007.09.24 06:06:39.950,1.41225,1.41245,6.00,72.60
2007.09.24 06:06:40.255,1.41223,1.41238,10.80,1.20
2007.09.24 06:06:40.493,1.41224,1.41234,3.00,9.60
2007.09.24 06:06:41.448,1.41223,1.41233,7.20,7.20
2007.09.24 06:06:41.575,1.41221,1.41236,1.20,2.40
2007.09.24 06:06:41.752,1.41227,1.41232,19.20,9.00
2007.09.24 06:06:41.839,1.41227,1.41232,17.60,1.20
2007.09.24 06:06:41.884,1.41227,1.41232,7.80,4.80
2007.09.24 06:06:41.989,1.41225,1.4123,10.20,1.80
2007.09.24 06:06:42.036,1.41221,1.41236,2.40,3.30
2007.09.24 06:06:42.082,1.41222,1.41237,7.80,6.60
2007.09.24 06:06:42.188,1.41223,1.41238,7.20,4.80
2007.09.24 06:06:42.234,1.41225,1.4124,2.40,2.70
2007.09.24 06:06:42.278,1.41224,1.41244,1.00,8.90
2007.09.24 06:06:42.321,1.41227,1.41242,20.40,6.30
2007.09.24 06:06:42.882,1.41226,1.41246,2.40,5.40
2007.09.24 06:06:43.110,1.4123,1.41244,13.80,3.00
2007.09.24 06:06:43.338,1.41233,1.41243,2.40,4.80
2007.09.24 06:06:43.566,1.41232,1.41247,6.60,8.40
2007.09.24 06:06:43.902,1.41233,1.41248,6.00,2.40
2007.09.24 06:06:44.238,1.41234,1.41249,24.00,13.80
2007.09.24 06:06:44.575,1.4123,1.4125,14.40,1.80
2007.09.24 06:06:44.757,1.41231,1.41246,7.20,6.00
2007.09.24 06:06:44.939,1.41226,1.41246,4.20,2.40
2007.09.24 06:06:45.118,1.41224,1.41244,4.80,2.10
2007.09.24 06:06:45.298,1.41221,1.41241,8.40,6.60
2007.09.24 06:06:45.495,1.41219,1.41239,5.40,7.20
2007.09.24 06:06:45.646,1.41221,1.41237,15.00,9.00
2007.09.24 06:06:45.794,1.41226,1.41242,8.40,7.80
2007.09.24 06:06:46.398,1.41239,1.41249,10.80,7.80
2007.09.24 06:06:46.551,1.41249,1.41259,6.00,1.80
2007.09.24 06:06:46.831,1.41254,1.41264,9.60,4.80
2007.09.24 06:06:47.028,1.41249,1.41259,2.40,18.60
2007.09.24 06:06:47.110,1.4124,1.41254,3.00,9.90
2007.09.24 06:06:47.390,1.41238,1.41242,2.40,8.60
2007.09.24 06:06:47.670,1.4123,1.4124,3.60,3.00
2007.09.24 06:06:47.950,1.41223,1.41238,7.20,3.20
2007.09.24 06:06:48.382,1.4122,1.41235,13.00,2.40
2007.09.24 06:06:48.615,1.41216,1.41231,5.40,8.40
2007.09.24 06:06:48.834,1.41221,1.41226,7.20,5.40
2007.09.24 06:06:49.162,1.41217,1.41227,6.60,3.00
2007.09.24 06:06:49.490,1.41215,1.41225,2.40,6.40
2007.09.24 06:06:49.818,1.41217,1.41221,13.00,2.40
2007.09.24 06:06:50.103,1.41211,1.41225,13.80,4.80
2007.09.24 06:06:50.670,1.4121,1.41225,9.60,1.00
2007.09.24 06:06:52.078,1.4121,1.41225,12.60,2.40
2007.09.24 06:06:52.341,1.41209,1.41229,7.80,2.40
2007.09.24 06:06:52.605,1.41209,1.41229,7.80,4.80
2007.09.24 06:06:52.871,1.41213,1.41228,2.40,5.40
2007.09.24 06:06:52.985,1.41214,1.41229,8.40,1.00
2007.09.24 06:06:53.102,1.41215,1.4123,24.00,7.20
2007.09.24 06:06:53.218,1.41218,1.41228,3.00,4.80
2007.09.24 06:06:57.034,1.41217,1.41232,6.60,3.00
2007.09.24 06:06:57.127,1.41221,1.41231,6.00,6.00
2007.09.24 06:06:57.215,1.41222,1.41232,1.00,11.50
2007.09.24 06:06:57.390,1.41224,1.41229,9.00,8.50
2007.09.24 06:06:57.754,1.41217,1.41232,10.20,8.40
2007.09.24 06:06:57.842,1.41213,1.41233,10.20,4.80
2007.09.24 06:06:57.933,1.41217,1.41227,7.50,6.00
2007.09.24 06:06:58.022,1.41216,1.41226,8.10,2.40
2007.09.24 06:06:58.110,1.41216,1.41226,6.60,11.70
2007.09.24 06:06:58.439,1.41215,1.4123,9.60,1.00
2007.09.24 06:06:58.770,1.4122,1.4123,6.60,7.20
2007.09.24 06:06:59.098,1.41225,1.41235,6.00,72.60
2007.09.24 06:06:59.326,1.41232,1.41237,10.80,4.50
2007.09.24 06:06:59.554,1.41235,1.41239,6.60,4.80
2007.09.24 06:07:01.969,1.41243,1.41259,12.00,4.80
2007.09.24 06:07:05.017,1.41245,1.41259,27.60,2.40
2007.09.24 06:07:05.797,1.41252,1.41257,14.40,4.20
2007.09.24 06:07:06.469,1.41248,1.41263,22.80,2.40
2007.09.24 06:07:06.785,1.41254,1.41264,3.60,13.30
2007.09.24 06:07:07.391,1.41259,1.41264,2.40,5.40
2007.09.24 06:07:07.623,1.4126,1.41265,9.00,2.80
2007.09.24 06:07:07.739,1.41261,1.41266,4.80,7.20
2007.09.24 06:07:07.855,1.41262,1.41267,2.40,15.00
2007.09.24 06:07:08.203,1.41258,1.41268,2.40,20.80
2007.09.24 06:07:08.449,1.41254,1.41269,6.60,13.00
2007.09.24 06:07:08.691,1.41253,1.41268,21.90,14.80
2007.09.24 06:07:08.931,1.41251,1.41266,12.00,6.30
2007.09.24 06:07:10.055,1.41255,1.4126,4.80,4.80
2007.09.24 06:07:10.203,1.41249,1.41264,6.80,4.80
2007.09.24 06:07:10.539,1.41253,1.41258,3.60,1.00
2007.09.24 06:07:12.314,1.41247,1.41262,6.60,3.90
2007.09.24 06:07:13.430,1.41245,1.4126,6.00,13.30
2007.09.24 06:07:14.540,1.41246,1.41261,1.00,24.70
2007.09.24 06:07:14.695,1.41249,1.41264,6.60,4.20
2007.09.24 06:07:15.007,1.41253,1.41268,1.20,6.30
2007.09.24 06:07:15.163,1.41258,1.41273,6.00,1.80
2007.09.24 06:07:15.319,1.41268,1.41278,2.40,2.40
2007.09.24 06:07:15.799,1.41278,1.41283,10.20,6.00
2007.09.24 06:07:16.451,1.41279,1.41283,9.00,1.00
2007.09.24 06:07:16.765,1.41271,1.41281,13.80,4.80
2007.09.24 06:07:17.067,1.41265,1.41275,4.20,4.80
2007.09.24 06:07:17.371,1.41258,1.41268,4.80,4.40
2007.09.24 06:07:17.675,1.41254,1.41264,5.40,16.40
2007.09.24 06:07:17.851,1.41251,1.41261,7.20,1.00
2007.09.24 06:07:18.370,1.41247,1.41263,15.00,2.40
2007.09.24 06:07:18.648,1.41246,1.41262,9.00,3.00
2007.09.24 06:07:19.732,1.41254,1.41259,21.00,5.40
2007.09.24 06:07:22.948,1.41251,1.41265,5.40,11.10
2007.09.24 06:07:23.164,1.41249,1.41269,24.60,10.80
2007.09.24 06:07:23.273,1.41258,1.41262,5.40,4.80
2007.09.24 06:07:23.699,1.41258,1.41262,13.20,7.80
2007.09.24 06:07:23.915,1.41259,1.41263,2.40,8.50
2007.09.24 06:07:24.023,1.41256,1.41261,4.80,4.80
2007.09.24 06:07:24.415,1.41252,1.41262,1.00,7.20
2007.09.24 06:07:24.611,1.41253,1.41258,6.00,4.20
2007.09.24 06:07:24.807,1.41248,1.41253,10.20,5.40
2007.09.24 06:07:25.002,1.41248,1.41253,3.00,16.20
2007.09.24 06:07:25.527,1.41246,1.41252,4.80,11.40
2007.09.24 06:07:25.790,1.41243,1.41253,9.00,1.20
2007.09.24 06:07:26.015,1.41246,1.41251,4.80,4.80
2007.09.24 06:07:26.411,1.41245,1.41255,10.50,6.40
2007.09.24 06:07:26.719,1.41246,1.41256,2.50,9.60
2007.09.24 06:07:27.404,1.41247,1.41257,2.40,8.40
2007.09.24 06:07:27.823,1.41245,1.41259,21.00,1.80
2007.09.24 06:07:35.763,1.41244,1.41259,21.00,1.00
2007.09.24 06:07:36.385,1.41242,1.41258,9.00,4.80
2007.09.24 06:07:43.775,1.41242,1.41252,22.80,10.20
2007.09.24 06:07:43.863,1.4124,1.4125,2.40,3.00
2007.09.24 06:07:44.119,1.41238,1.41248,2.40,9.10
2007.09.24 06:07:44.291,1.41237,1.41247,7.20,5.40
2007.09.24 06:07:44.342,1.41233,1.41248,1.00,3.00
2007.09.24 06:07:45.347,1.41234,1.41244,2.40,11.20
2007.09.24 06:07:45.655,1.41233,1.41248,7.20,5.20
2007.09.24 06:07:45.831,1.41236,1.41246,2.40,1.00
2007.09.24 06:07:46.006,1.4124,1.41245,6.60,4.80
2007.09.24 06:07:46.193,1.41242,1.41247,1.20,5.40
2007.09.24 06:07:46.367,1.41243,1.41248,7.80,9.00
2007.09.24 06:07:46.880,1.41243,1.41248,11.40,37.50
2007.09.24 06:07:47.222,1.41242,1.41252,2.40,1.20
2007.09.24 06:07:47.563,1.41246,1.4125,4.80,15.70
2007.09.24 06:07:47.680,1.41245,1.41255,10.20,11.50
2007.09.24 06:07:47.799,1.41247,1.41252,6.00,6.00
2007.09.24 06:07:47.916,1.41245,1.4125,10.20,9.60
2007.09.24 06:07:48.035,1.41239,1.41253,1.80,7.80
2007.09.24 06:07:48.160,1.4124,1.4125,12.00,1.20
2007.09.24 06:07:48.278,1.41242,1.41252,2.40,15.00
2007.09.24 06:07:48.396,1.41243,1.41253,3.00,9.00
2007.09.24 06:07:48.511,1.41241,1.41257,7.20,14.20
2007.09.24 06:07:48.763,1.41243,1.41258,2.40,6.60
2007.09.24 06:07:48.967,1.41246,1.41256,7.80,8.70
2007.09.24 06:07:49.259,1.41245,1.4126,4.80,7.80
2007.09.24 06:07:49.507,1.41245,1.4126,2.40,9.40
2007.09.24 06:07:49.686,1.41243,1.41259,2.40,8.20
2007.09.24 06:07:49.866,1.41241,1.41251,12.00,6.90
2007.09.24 06:07:50.046,1.41234,1.41244,17.50,4.80
2007.09.24 06:07:50.227,1.41229,1.41235,4.80,8.30
2007.09.24 06:07:50.407,1.41223,1.41233,15.00,13.20
2007.09.24 06:07:50.806,1.41226,1.41242,11.40,37.50
2007.09.24 06:07:51.317,1.41232,1.41248,13.20,4.80
2007.09.24 06:07:51.543,1.41238,1.41253,8.40,3.00
2007.09.24 06:07:51.767,1.41241,1.41256,24.00,2.40
2007.09.24 06:07:52.451,1.41243,1.41257,13.20,12.60
2007.09.24 06:07:52.806,1.41248,1.41253,2.40,3.00
2007.09.24 06:07:52.889,1.41244,1.41259,13.40,7.20
2007.09.24 06:07:53.047,1.41247,1.41257,6.00,2.40
2007.09.24 06:07:53.289,1.41248,1.41258,3.00,10.00
2007.09.24 06:07:53.531,1.41247,1.41262,4.80,4.80
2007.09.24 06:07:53.771,1.41248,1.41263,11.40,1.00
2007.09.24 06:07:53.987,1.41249,1.41264,1.00,7.80
2007.09.24 06:07:54.203,1.4125,1.41265,2.40,17.50
2007.09.24 06:07:55.473,1.41249,1.41264,2.40,8.50
2007.09.24 06:07:55.697,1.41249,1.41264,20.40,5.40
2007.09.24 06:07:55.915,1.41252,1.41262,2.40,11.70
2007.09.24 06:07:56.256,1.41252,1.41262,23.60,4.80
2007.09.24 06:07:56.595,1.41248,1.41263,1.20,15.40
2007.09.24 06:07:56.935,1.41252,1.41257,6.00,11.50
2007.09.24 06:07:57.432,1.41248,1.41258,10.80,1.90
2007.09.24 06:07:57.683,1.41244,1.41259,2.40,10.50
2007.09.24 06:07:57.930,1.41242,1.41257,1.00,6.60
2007.09.24 06:07:58.215,1.41245,1.41255,1.00,2.40
2007.09.24 06:07:58.736,1.41242,1.41258,20.60,2.40
2007.09.24 06:08:04.245,1.41281,1.41287,18.00,1.80
2007.09.24 06:08:04.339,1.41274,1.41279,2.40,4.20
2007.09.24 06:08:04.435,1.41267,1.41272,6.00,10.20
2007.09.24 06:08:04.571,1.41261,1.41266,6.00,1.00
2007.09.24 06:08:04.706,1.41255,1.41265,18.90,8.10
2007.09.24 06:08:04.975,1.41255,1.41265,20.00,2.40
2007.09.24 06:08:05.111,1.41256,1.41261,6.00,2.40
2007.09.24 06:08:05.246,1.41252,1.41262,6.00,9.60
2007.09.24 06:08:05.382,1.41253,1.41258,7.80,4.80
2007.09.24 06:08:05.519,1.41248,1.41263,4.80,4.00
2007.09.24 06:08:06.530,1.41246,1.41266,4.20,12.00
2007.09.24 06:08:07.026,1.41247,1.41267,4.80,9.60
2007.09.24 06:08:07.234,1.41248,1.41268,2.40,10.30
2007.09.24 06:08:07.442,1.41252,1.41267,7.80,8.40
2007.09.24 06:08:08.358,1.41254,1.41269,7.80,7.20
2007.09.24 06:08:09.036,1.41253,1.41268,27.00,2.40
2007.09.24 06:08:10.999,1.41255,1.4127,3.00,6.00
2007.09.24 06:08:11.028,1.41256,1.41271,11.40,7.80
2007.09.24 06:08:11.086,1.41257,1.41272,10.20,5.40
2007.09.24 06:08:11.603,1.41258,1.41273,9.00,3.00
2007.09.24 06:08:11.822,1.41257,1.41273,21.60,4.80
2007.09.24 06:08:13.272,1.41259,1.41269,32.40,4.80
2007.09.24 06:08:13.527,1.41261,1.41265,3.00,2.40
2007.09.24 06:08:13.646,1.41253,1.41263,10.20,1.20
2007.09.24 06:08:13.888,1.41245,1.41261,7.80,4.80
2007.09.24 06:08:14.006,1.41241,1.41257,1.80,2.40
2007.09.24 06:08:14.126,1.41243,1.41253,6.00,8.40
2007.09.24 06:08:16.817,1.4124,1.41254,4.80,1.00
2007.09.24 06:08:19.910,1.4124,1.4125,6.00,1.80
2007.09.24 06:08:20.022,1.41239,1.41254,1.80,3.90
2007.09.24 06:08:20.062,1.4124,1.41254,10.20,6.60
2007.09.24 06:08:20.113,1.41239,1.41253,7.80,8.80
2007.09.24 06:08:20.154,1.41238,1.41252,3.00,8.40
2007.09.24 06:08:20.384,1.41234,1.41249,1.80,7.80
2007.09.24 06:08:21.090,1.41228,1.41243,7.80,22.80
2007.09.24 06:08:21.271,1.41224,1.41234,1.00,13.80
2007.09.24 06:08:27.711,1.41223,1.41233,9.00,3.00
2007.09.24 06:08:27.975,1.4123,1.41235,13.20,2.40
2007.09.24 06:08:28.230,1.41236,1.41241,1.20,2.40
2007.09.24 06:08:29.144,1.4124,1.41245,1.00,11.70
2007.09.24 06:08:30.500,1.41242,1.41252,8.40,2.40
2007.09.24 06:08:30.575,1.41246,1.41256,4.80,4.80
2007.09.24 06:08:30.651,1.41251,1.41261,5.40,10.80
2007.09.24 06:08:30.812,1.41254,1.41259,4.20,18.30
2007.09.24 06:08:31.236,1.4125,1.41265,4.20,9.00
2007.09.24 06:08:31.350,1.41251,1.41266,4.40,9.20
2007.09.24 06:08:31.579,1.41252,1.41267,20.40,5.40
2007.09.24 06:08:31.694,1.41253,1.41268,1.00,2.40
2007.09.24 06:08:31.970,1.41254,1.41269,4.80,12.60
2007.09.24 06:08:32.423,1.41258,1.41268,5.40,2.40
2007.09.24 06:08:32.763,1.41256,1.41271,7.20,4.80
2007.09.24 06:08:33.102,1.41255,1.4127,2.40,2.40
2007.09.24 06:08:40.564,1.41259,1.41263,1.20,1.80
2007.09.24 06:08:40.680,1.41257,1.41263,4.80,8.80
2007.09.24 06:08:40.806,1.41255,1.41265,4.20,1.00
2007.09.24 06:08:40.994,1.41254,1.41269,1.20,19.50
2007.09.24 06:08:41.167,1.41255,1.4127,15.00,7.20
2007.09.24 06:08:41.335,1.41254,1.41269,8.40,10.90
2007.09.24 06:08:41.504,1.41252,1.41267,2.40,4.80
2007.09.24 06:08:41.671,1.41251,1.41265,1.00,9.60
2007.09.24 06:08:41.838,1.41249,1.41265,7.20,4.80
2007.09.24 06:08:42.520,1.41248,1.41264,19.20,2.40
2007.09.24 06:08:42.861,1.41246,1.41262,7.80,4.80
2007.09.24 06:08:43.087,1.41246,1.41262,1.00,4.80
2007.09.24 06:08:43.311,1.41248,1.41258,4.80,1.80
2007.09.24 06:08:43.539,1.41246,1.41262,2.40,2.40
2007.09.24 06:08:43.759,1.41246,1.41262,7.80,8.40
2007.09.24 06:08:43.983,1.41247,1.41261,1.00,6.00
2007.09.24 06:08:44.146,1.41246,1.41262,9.60,4.80
2007.09.24 06:08:44.722,1.41249,1.41259,18.60,4.80
2007.09.24 06:08:45.271,1.41248,1.41263,14.40,4.80
2007.09.24 06:08:47.131,1.4125,1.41264,6.00,1.80
2007.09.24 06:08:47.498,1.41249,1.41264,1.20,2.40
2007.09.24 06:08:48.934,1.41248,1.41263,13.20,1.00
2007.09.24 06:08:49.791,1.41247,1.41262,17.00,4.80
2007.09.24 06:08:49.828,1.41246,1.41261,1.00,8.20
2007.09.24 06:08:49.864,1.41248,1.41258,1.00,10.50
2007.09.24 06:08:50.150,1.41244,1.41259,7.20,3.00
2007.09.24 06:08:50.303,1.4124,1.4126,4.30,4.80
2007.09.24 06:08:52.858,1.41241,1.41256,2.40,4.30
2007.09.24 06:08:52.982,1.4124,1.41255,4.80,7.20
2007.09.24 06:08:53.428,1.41241,1.41251,6.60,2.70
2007.09.24 06:08:56.542,1.41238,1.41253,3.60,9.00
2007.09.24 06:08:56.854,1.41238,1.41253,18.60,3.60
2007.09.24 06:08:56.966,1.41239,1.41249,6.60,16.80
2007.09.24 06:08:57.143,1.41242,1.41252,3.00,4.80
2007.09.24 06:08:57.196,1.41244,1.41254,2.40,10.20
2007.09.24 06:08:57.406,1.41247,1.41262,19.20,21.60
2007.09.24 06:08:57.747,1.41254,1.41269,4.80,7.80
2007.09.24 06:08:58.112,1.41258,1.41272,5.40,4.80
2007.09.24 06:09:00.496,1.41273,1.41287,2.40,5.40
2007.09.24 06:09:00.680,1.41271,1.41286,3.00,1.00
2007.09.24 06:09:00.900,1.41272,1.41282,8.40,1.80
2007.09.24 06:09:01.120,1.4127,1.4128,27.00,7.80
2007.09.24 06:09:01.342,1.41265,1.4128,4.80,6.60
2007.09.24 06:09:01.560,1.41269,1.41274,14.40,2.40
2007.09.24 06:09:01.780,1.41265,1.41275,7.80,11.40
2007.09.24 06:09:02.120,1.41262,1.41277,24.10,13.80
2007.09.24 06:09:02.462,1.41264,1.41279,2.40,1.80
2007.09.24 06:09:07.799,1.41266,1.41276,4.80,7.20
2007.09.24 06:09:08.197,1.41266,1.41276,12.60,5.10
2007.09.24 06:09:08.557,1.41262,1.41277,6.60,8.40
2007.09.24 06:09:09.768,1.41264,1.41274,1.20,3.00
2007.09.24 06:09:10.115,1.41262,1.41277,3.00,4.20
2007.09.24 06:09:13.814,1.41264,1.41279,2.40,1.00
2007.09.24 06:09:13.937,1.41265,1.41275,4.80,11.80
2007.09.24 06:09:14.088,1.41265,1.41275,27.60,4.80
2007.09.24 06:09:15.733,1.41259,1.41279,20.40,1.00
2007.09.24 06:09:18.934,1.41263,1.41273,8.40,3.00
2007.09.24 06:09:19.053,1.41262,1.41278,3.60,2.40
2007.09.24 06:09:19.172,1.41266,1.41276,32.40,3.60
2007.09.24 06:09:19.292,1.41265,1.41281,5.40,4.80
2007.09.24 06:09:19.412,1.41269,1.41279,10.50,1.80
2007.09.24 06:09:19.532,1.41266,1.41282,2.40,1.80
2007.09.24 06:09:19.825,1.41268,1.41283,12.00,3.00
2007.09.24 06:09:19.973,1.4127,1.41284,3.00,8.40
2007.09.24 06:09:20.600,1.41266,1.41286,15.00,9.00
2007.09.24 06:09:21.582,1.41268,1.41282,7.80,4.80
2007.09.24 06:09:21.640,1.41266,1.41286,3.00,1.00
2007.09.24 06:09:22.498,1.4127,1.41286,7.80,4.80
2007.09.24 06:09:23.072,1.41275,1.4129,2.40,29.50
2007.09.24 06:09:25.580,1.41283,1.41298,23.60,4.80
2007.09.24 06:09:25.636,1.41284,1.413,6.60,4.80
2007.09.24 06:09:25.694,1.41279,1.41294,10.80,3.00
2007.09.24 06:09:25.748,1.4127,1.4129,5.40,9.00
2007.09.24 06:09:26.088,1.41266,1.41286,6.60,8.40
2007.09.24 06:09:26.316,1.41262,1.41282,4.80,2.20
2007.09.24 06:09:26.492,1.41261,1.41281,28.80,2.40
2007.09.24 06:09:26.668,1.41262,1.41277,1.00,11.10
2007.09.24 06:09:26.949,1.41263,1.41278,10.20,6.00
2007.09.24 06:09:27.016,1.41266,1.41276,6.00,4.40
2007.09.24 06:09:29.258,1.41264,1.41279,4.80,5.40
2007.09.24 06:09:29.335,1.41263,1.41278,10.80,7.80
2007.09.24 06:09:30.813,1.41261,1.41276,6.60,1.00
2007.09.24 06:09:30.854,1.4126,1.41275,16.80,5.10
2007.09.24 06:09:31.088,1.41258,1.41273,4.20,2.40
2007.09.24 06:09:31.240,1.41256,1.41271,1.20,1.50
2007.09.24 06:09:31.280,1.41255,1.4127,7.20,6.30
2007.09.24 06:09:35.615,1.41253,1.41269,4.80,1.20
2007.09.24 06:09:38.573,1.41255,1.41265,10.20,2.80
2007.09.24 06:09:38.810,1.41253,1.41268,3.00,6.00
2007.09.24 06:09:38.824,1.41254,1.4127,7.80,1.00
2007.09.24 06:09:38.904,1.41258,1.41268,3.00,8.40
2007.09.24 06:09:39.270,1.41255,1.41271,18.00,10.50
2007.09.24 06:09:40.047,1.41255,1.41271,3.00,6.10
2007.09.24 06:09:40.877,1.41256,1.41266,8.40,1.80
2007.09.24 06:09:40.933,1.41253,1.41267,3.00,2.40
2007.09.24 06:09:40.993,1.41251,1.41265,3.60,2.40
2007.09.24 06:09:41.108,1.41249,1.41259,6.00,1.00
2007.09.24 06:09:42.644,1.41242,1.41257,3.00,9.00
2007.09.24 06:09:43.556,1.41239,1.41249,39.00,7.80
2007.09.24 06:09:43.877,1.41234,1.41244,7.80,4.80
2007.09.24 06:09:43.948,1.41229,1.41244,12.60,5.40
2007.09.24 06:09:44.602,1.41232,1.41247,2.40,6.60
2007.09.24 06:09:45.015,1.41237,1.41252,7.80,4.80
2007.09.24 06:09:45.160,1.41239,1.41254,1.00,5.60
2007.09.24 06:09:45.304,1.4124,1.41256,7.20,5.40
2007.09.24 06:09:46.088,1.41247,1.41251,12.60,5.40
2007.09.24 06:09:46.316,1.41245,1.41249,20.40,3.00
2007.09.24 06:09:46.544,1.4124,1.4125,6.60,4.80
2007.09.24 06:09:46.772,1.41237,1.41252,7.80,8.40
2007.09.24 06:09:48.077,1.41236,1.41251,16.00,4.80
2007.09.24 06:09:48.198,1.41237,1.41247,7.80,7.20
2007.09.24 06:09:48.432,1.41235,1.4125,3.00,7.20
2007.09.24 06:09:48.668,1.41237,1.41252,3.60,10.20
2007.09.24 06:09:48.788,1.41238,1.41253,7.80,6.60
2007.09.24 06:09:49.152,1.41239,1.41254,10.20,1.00
2007.09.24 06:09:49.336,1.41241,1.41256,4.80,8.40
2007.09.24 06:09:49.520,1.41248,1.41258,6.00,2.40
2007.09.24 06:09:50.060,1.41253,1.41263,10.80,8.40
2007.09.24 06:09:50.900,1.41257,1.41267,2.40,6.00
2007.09.24 06:09:51.445,1.41262,1.41272,4.80,4.80
2007.09.24 06:09:51.632,1.41263,1.41278,2.40,5.40
2007.09.24 06:09:51.820,1.41268,1.41278,7.80,11.70
2007.09.24 06:09:52.009,1.4127,1.4128,9.90,3.30
2007.09.24 06:09:52.316,1.41272,1.41282,3.00,7.20
2007.09.24 06:09:52.624,1.41271,1.41285,10.80,4.20
2007.09.24 06:10:00.396,1.41274,1.41278,1.80,8.40
2007.09.24 06:10:00.605,1.41265,1.41275,15.00,4.80
2007.09.24 06:10:00.812,1.41257,1.41272,7.80,7.20
2007.09.24 06:10:01.020,1.41254,1.41269,3.70,5.40
2007.09.24 06:10:01.228,1.41252,1.41267,5.40,18.30
2007.09.24 06:10:01.640,1.41253,1.41263,10.20,7.20
2007.09.24 06:10:02.068,1.41253,1.41263,8.40,6.00
2007.09.24 06:10:02.276,1.41255,1.41265,7.20,4.80
2007.09.24 06:10:02.456,1.41256,1.41266,4.80,7.20
2007.09.24 06:10:04.416,1.4125,1.4127,11.10,7.20
2007.09.24 06:10:05.233,1.41252,1.41267,21.40,4.80
2007.09.24 06:10:05.418,1.41253,1.41263,4.80,3.40
2007.09.24 06:10:05.498,1.41252,1.41262,9.60,4.20
2007.09.24 06:10:05.880,1.41251,1.41261,2.40,10.80
2007.09.24 06:10:06.113,1.4125,1.41265,32.40,4.80
2007.09.24 06:10:06.192,1.41251,1.41266,7.80,6.00
2007.09.24 06:10:06.351,1.41252,1.41267,6.60,21.00
2007.09.24 06:10:06.604,1.41256,1.41266,4.80,4.80
2007.09.24 06:10:06.874,1.41255,1.41265,12.60,2.40
2007.09.24 06:10:06.936,1.41249,1.41269,6.00,2.40
2007.09.24 06:10:07.385,1.41253,1.41263,42.00,14.40
2007.09.24 06:10:07.512,1.41256,1.41261,8.40,6.60
2007.09.24 06:10:07.764,1.41257,1.41262,10.20,1.00
2007.09.24 06:10:07.892,1.41257,1.41267,16.50,2.40
2007.09.24 06:10:08.020,1.41264,1.41269,5.40,4.80
2007.09.24 06:10:08.133,1.41257,1.41277,4.80,3.60
2007.09.24 06:10:08.396,1.41267,1.41271,19.20,4.80
2007.09.24 06:10:10.908,1.41263,1.41273,7.20,3.00
2007.09.24 06:10:11.311,1.41262,1.41272,4.80,1.00
2007.09.24 06:10:11.356,1.41262,1.41272,4.80,7.20
2007.09.24 06:10:11.541,1.41262,1.41272,3.60,8.40
2007.09.24 06:10:11.740,1.41263,1.41267,13.80,6.40
2007.09.24 06:10:11.868,1.41256,1.41271,3.60,8.80
2007.09.24 06:10:12.023,1.41253,1.41267,2.40,11.40
2007.09.24 06:10:12.120,1.41251,1.41261,13.60,2.40
2007.09.24 06:10:12.536,1.41245,1.41255,4.80,2.20
2007.09.24 06:10:12.676,1.41235,1.41255,9.00,19.20
2007.09.24 06:10:13.991,1.41231,1.41247,11.40,37.50
2007.09.24 06:10:15.132,1.41231,1.41245,1.20,2.40
2007.09.24 06:10:16.540,1.41238,1.41254,2.40,22.20
2007.09.24 06:10:16.604,1.41246,1.41261,8.50,4.80
2007.09.24 06:10:16.728,1.41253,1.41268,1.00,9.30
2007.09.24 06:10:16.860,1.41258,1.41272,20.60,2.40
2007.09.24 06:10:16.924,1.41258,1.41273,10.50,9.00
2007.09.24 06:10:16.988,1.41256,1.41272,7.20,4.80
2007.09.24 06:10:17.192,1.41254,1.41268,2.40,12.30
2007.09.24 06:10:17.376,1.4125,1.41266,3.00,16.00
2007.09.24 06:10:17.560,1.41246,1.41261,9.00,2.40
2007.09.24 06:10:17.744,1.41246,1.41256,14.40,2.40
2007.09.24 06:10:17.929,1.41246,1.41256,4.80,11.40
2007.09.24 06:10:18.292,1.41244,1.41259,4.80,28.00
2007.09.24 06:10:19.960,1.41245,1.4126,2.40,2.40
2007.09.24 06:10:20.234,1.41249,1.41259,6.60,4.80
2007.09.24 06:10:20.493,1.4125,1.4126,14.60,1.20
2007.09.24 06:10:20.731,1.41251,1.41267,21.40,2.40
2007.09.24 06:10:20.779,1.41253,1.41268,18.60,4.20
2007.09.24 06:10:20.925,1.41255,1.4127,6.60,8.90
2007.09.24 06:10:20.960,1.41256,1.41272,4.80,4.80
2007.09.24 06:10:21.335,1.4126,1.41275,6.00,15.00
2007.09.24 06:10:21.672,1.41262,1.41277,2.40,3.30
2007.09.24 06:10:21.909,1.41263,1.41278,9.70,4.20
2007.09.24 06:10:22.377,1.41267,1.41277,13.80,6.60
2007.09.24 06:10:22.497,1.41268,1.41278,7.80,4.25
2007.09.24 06:10:22.619,1.41266,1.41281,8.40,6.00
2007.09.24 06:10:22.812,1.41267,1.41282,8.40,2.40
2007.09.24 06:10:22.912,1.41268,1.41283,7.80,11.40
2007.09.24 06:10:23.012,1.41269,1.41284,2.40,6.00
2007.09.24 06:10:23.207,1.41268,1.41283,6.00,22.00
2007.09.24 06:10:23.308,1.41268,1.41283,14.40,17.40
2007.09.24 06:10:23.407,1.41267,1.41282,10.80,6.60
2007.09.24 06:10:23.773,1.41265,1.4128,7.20,7.20
2007.09.24 06:10:24.208,1.41264,1.41279,22.80,1.00
2007.09.24 06:10:24.548,1.41262,1.41277,3.00,1.00
2007.09.24 06:10:29.430,1.41257,1.41272,18.00,6.00
2007.09.24 06:10:33.608,1.41253,1.41268,7.20,5.20
2007.09.24 06:10:33.748,1.41251,1.41266,12.60,9.00
2007.09.24 06:10:33.888,1.4125,1.41265,6.60,4.80
2007.09.24 06:10:34.028,1.41251,1.41266,26.40,21.00
2007.09.24 06:10:35.132,1.41252,1.41267,3.00,6.40
2007.09.24 06:10:35.413,1.41253,1.41273,10.20,3.10
2007.09.24 06:10:35.832,1.4126,1.41275,6.00,2.40
2007.09.24 06:10:35.957,1.41264,1.41279,1.20,9.40
2007.09.24 06:10:36.439,1.41265,1.4128,5.90,4.80
2007.09.24 06:10:38.656,1.41269,1.41274,2.40,18.60
2007.09.24 06:10:39.356,1.4126,1.4128,3.00,2.70
2007.09.24 06:10:39.695,1.41259,1.41274,7.80,25.30
2007.09.24 06:10:39.910,1.41256,1.41276,1.00,3.00
2007.09.24 06:10:41.263,1.41261,1.41271,6.60,3.00
2007.09.24 06:10:41.368,1.41263,1.41273,8.40,1.00
2007.09.24 06:10:41.474,1.41266,1.41276,11.10,15.60
2007.09.24 06:10:41.577,1.41272,1.41276,1.20,2.40
2007.09.24 06:10:41.680,1.41273,1.41283,3.00,7.20
2007.09.24 06:10:41.936,1.41277,1.41287,2.40,10.20
2007.09.24 06:10:42.093,1.41281,1.41291,6.00,11.60
2007.09.24 06:10:42.248,1.41286,1.41296,5.40,7.20
2007.09.24 06:10:42.561,1.41292,1.41297,17.40,1.00
2007.09.24 06:10:42.716,1.41285,1.41301,4.80,24.10
2007.09.24 06:10:42.993,1.41283,1.41289,6.60,11.50
2007.09.24 06:10:43.268,1.41277,1.41282,16.20,4.80
2007.09.24 06:10:43.544,1.4126,1.4129,11.40,2.40
2007.09.24 06:10:43.824,1.41263,1.41287,3.00,9.00
2007.09.24 06:10:44.166,1.41265,1.41285,4.80,18.10
2007.09.24 06:10:44.505,1.41265,1.41285,2.40,3.00
2007.09.24 06:10:44.845,1.41268,1.41284,7.20,6.60
2007.09.24 06:10:45.009,1.4127,1.41285,16.50,2.40
2007.09.24 06:10:47.108,1.41272,1.41282,8.40,17.50
2007.09.24 06:10:47.243,1.41271,1.41281,14.40,2.40
2007.09.24 06:10:47.365,1.41268,1.41278,6.00,2.40
2007.09.24 06:10:47.496,1.41263,1.41278,6.60,7.20
2007.09.24 06:10:47.617,1.41265,1.41275,2.40,2.40
2007.09.24 06:10:47.700,1.41259,1.41279,2.40,2.40
2007.09.24 06:10:47.857,1.41263,1.41273,1.00,2.80
2007.09.24 06:10:48.532,1.41265,1.41275,5.40,12.00
2007.09.24 06:10:48.872,1.41265,1.41275,10.00,1.00
2007.09.24 06:10:49.212,1.41266,1.41276,6.60,10.20
2007.09.24 06:10:49.697,1.41266,1.41276,2.40,1.00
2007.09.24 06:10:49.940,1.41262,1.41277,2.40,9.40
2007.09.24 06:10:50.224,1.41261,1.41276,3.60,8.80
2007.09.24 06:10:51.070,1.41261,1.41271,4.80,12.70
2007.09.24 06:10:51.374,1.41255,1.4127,8.40,6.00
2007.09.24 06:10:52.326,1.41253,1.41263,3.00,8.40
2007.09.24 06:10:52.430,1.41252,1.41257,11.40,4.80
2007.09.24 06:10:52.534,1.41252,1.41257,4.80,2.40
2007.09.24 06:10:52.636,1.41252,1.41257,5.40,4.80
2007.09.24 06:10:52.740,1.41253,1.41258,16.20,2.40
2007.09.24 06:10:52.844,1.41256,1.41261,20.20,2.40
2007.09.24 06:10:53.048,1.41261,1.41266,4.80,16.60
2007.09.24 06:10:53.364,1.41262,1.41267,4.50,4.80
2007.09.24 06:10:53.681,1.4126,1.4127,7.80,6.60
2007.09.24 06:10:54.011,1.41261,1.41271,4.80,9.00
2007.09.24 06:10:54.347,1.41254,1.41274,3.00,6.00
2007.09.24 06:10:54.660,1.41256,1.41271,3.60,1.90
2007.09.24 06:10:54.976,1.41252,1.41272,4.80,7.10
2007.09.24 06:10:55.292,1.4125,1.4127,7.20,2.40
2007.09.24 06:10:55.448,1.41251,1.41266,4.80,1.20
2007.09.24 06:10:55.627,1.41247,1.41267,1.00,7.20
2007.09.24 06:10:55.916,1.41253,1.41263,7.20,1.20
2007.09.24 06:10:56.072,1.41252,1.41262,12.00,3.00
2007.09.24 06:10:56.228,1.41251,1.41261,1.00,4.80
2007.09.24 06:10:56.568,1.41246,1.41261,8.40,1.20
2007.09.24 06:10:56.908,1.41244,1.4126,3.60,2.40
2007.09.24 06:11:00.775,1.41255,1.41265,16.20,2.40
2007.09.24 06:11:01.068,1.41255,1.41265,16.00,4.80
2007.09.24 06:11:01.359,1.41251,1.41266,24.00,1.00
2007.09.24 06:11:01.651,1.41256,1.41261,7.20,9.60
2007.09.24 06:11:01.791,1.41257,1.41262,8.40,8.50
2007.09.24 06:11:01.931,1.41257,1.41262,7.80,8.40
2007.09.24 06:11:02.209,1.41259,1.41264,2.40,9.00
2007.09.24 06:11:02.347,1.41258,1.41268,3.00,8.40
2007.09.24 06:11:02.613,1.41259,1.41264,2.40,5.40
2007.09.24 06:11:03.138,1.41256,1.41266,2.40,2.40
2007.09.24 06:11:04.429,1.41256,1.41266,16.20,6.60
2007.09.24 06:11:04.737,1.41252,1.41267,8.40,2.40
2007.09.24 06:11:05.239,1.41251,1.41266,15.00,7.50
2007.09.24 06:11:05.356,1.4125,1.41265,1.20,11.50
2007.09.24 06:11:05.465,1.41249,1.41264,2.40,7.20
2007.09.24 06:11:05.680,1.41248,1.41263,2.40,1.80
2007.09.24 06:11:05.893,1.4125,1.4126,17.40,5.20
2007.09.24 06:11:06.102,1.41251,1.41261,3.00,9.50
2007.09.24 06:11:06.322,1.41249,1.41264,2.40,8.40
2007.09.24 06:11:06.945,1.4125,1.41265,6.60,5.40
2007.09.24 06:11:07.164,1.41254,1.41264,5.40,1.80
2007.09.24 06:11:07.374,1.41256,1.41261,2.40,20.80
2007.09.24 06:11:07.583,1.41256,1.4126,6.00,7.20
2007.09.24 06:11:07.884,1.41258,1.41262,3.60,3.20
2007.09.24 06:11:08.183,1.41256,1.41266,39.00,7.80
2007.09.24 06:11:08.481,1.4126,1.41265,9.20,2.40
2007.09.24 06:11:08.777,1.41256,1.41271,9.00,5.40
2007.09.24 06:11:09.115,1.41255,1.41269,3.00,10.20
2007.09.24 06:11:09.455,1.41258,1.41264,4.80,2.40
2007.09.24 06:11:09.795,1.41252,1.41267,27.00,7.80
2007.09.24 06:11:09.859,1.41257,1.41261,33.00,2.40
2007.09.24 06:11:10.400,1.41248,1.41268,2.40,3.00
2007.09.24 06:11:10.703,1.41249,1.41265,12.00,3.00
2007.09.24 06:11:10.844,1.41249,1.41264,5.40,2.40
2007.09.24 06:11:10.983,1.41252,1.41262,3.00,2.40
2007.09.24 06:11:11.261,1.41254,1.41264,2.40,15.10
2007.09.24 06:11:11.411,1.41255,1.41265,6.60,2.40
2007.09.24 06:11:11.551,1.41253,1.41269,4.80,1.20
2007.09.24 06:11:11.691,1.41258,1.41268,2.40,5.40
2007.09.24 06:11:11.898,1.41257,1.41271,13.20,10.00
2007.09.24 06:11:11.952,1.4126,1.4127,16.20,2.40
2007.09.24 06:11:12.107,1.4126,1.41276,1.80,6.00
2007.09.24 06:11:12.330,1.41267,1.41281,24.00,21.00
2007.09.24 06:11:12.542,1.41274,1.41288,2.40,6.60
2007.09.24 06:11:12.752,1.4127,1.41294,4.80,2.40
2007.09.24 06:11:13.007,1.41272,1.41282,3.00,11.20
2007.09.24 06:11:13.091,1.41259,1.41283,8.40,1.00
2007.09.24 06:11:13.432,1.41257,1.41277,3.60,3.40
2007.09.24 06:11:13.772,1.41259,1.41269,3.00,4.80
2007.09.24 06:11:14.030,1.41257,1.41271,1.20,2.40
2007.09.24 06:11:14.291,1.41257,1.41267,2.40,6.00
2007.09.24 06:11:14.551,1.41254,1.41269,6.00,4.80
2007.09.24 06:11:14.811,1.4125,1.4127,3.60,2.40
2007.09.24 06:11:15.090,1.41256,1.41261,2.40,1.80
2007.09.24 06:11:15.911,1.4125,1.41265,3.60,3.40
2007.09.24 06:11:16.095,1.41255,1.4126,1.80,2.40
2007.09.24 06:11:16.279,1.41249,1.41264,3.00,10.80
2007.09.24 06:11:17.847,1.4125,1.41265,22.00,1.00
2007.09.24 06:11:18.111,1.41254,1.41264,19.20,5.40
2007.09.24 06:11:18.375,1.41258,1.41263,6.00,59.60
2007.09.24 06:11:18.639,1.41259,1.41264,10.20,6.00
2007.09.24 06:11:18.903,1.41259,1.41264,13.80,3.60
2007.09.24 06:11:19.143,1.41255,1.41265,2.40,7.20
2007.09.24 06:11:19.621,1.41251,1.41266,1.80,2.40
2007.09.24 06:11:19.860,1.41252,1.41262,6.00,4.20
2007.09.24 06:11:20.099,1.41252,1.41262,2.40,15.00
2007.09.24 06:11:20.343,1.41254,1.41264,6.00,8.40
2007.09.24 06:11:20.958,1.41252,1.41262,6.00,2.40
2007.09.24 06:11:21.367,1.41249,1.41264,15.00,15.60
2007.09.24 06:11:21.933,1.41249,1.41265,2.40,3.00
2007.09.24 06:11:22.228,1.41253,1.41263,4.80,6.00
2007.09.24 06:11:22.315,1.41256,1.4126,10.20,4.80
2007.09.24 06:11:24.770,1.41258,1.41262,11.60,3.60
2007.09.24 06:11:25.228,1.41254,1.41269,3.00,9.90
2007.09.24 06:11:25.413,1.41256,1.4127,2.40,3.00
2007.09.24 06:11:25.475,1.41258,1.41268,2.40,3.60
2007.09.24 06:11:25.718,1.41255,1.41265,6.00,8.40
2007.09.24 06:11:25.947,1.4125,1.4126,3.60,6.80
2007.09.24 06:11:26.134,1.4124,1.41256,6.00,3.00
2007.09.24 06:11:27.476,1.41233,1.41249,5.40,4.80
2007.09.24 06:11:27.579,1.41235,1.41245,8.40,10.80
2007.09.24 06:11:27.683,1.41241,1.41251,2.40,18.20
2007.09.24 06:11:27.991,1.41249,1.41259,2.40,1.00
2007.09.24 06:11:28.094,1.41256,1.41266,10.00,2.40
2007.09.24 06:11:28.299,1.41257,1.41273,2.40,4.80
2007.09.24 06:11:29.354,1.41261,1.41276,24.00,1.00
2007.09.24 06:11:31.995,1.41261,1.41277,4.80,18.10
2007.09.24 06:11:32.135,1.41261,1.41277,3.00,4.80
2007.09.24 06:11:32.274,1.41261,1.41276,10.80,4.20
2007.09.24 06:11:32.415,1.41262,1.41272,19.30,7.20
2007.09.24 06:11:32.691,1.41263,1.41268,8.40,6.00
2007.09.24 06:11:33.372,1.41259,1.41269,1.20,2.40
2007.09.24 06:11:35.732,1.41258,1.41268,5.40,10.20
2007.09.24 06:11:36.201,1.41255,1.41269,8.40,8.40
2007.09.24 06:11:36.487,1.41254,1.41268,12.30,7.00
2007.09.24 06:11:36.731,1.41256,1.41266,4.80,12.60
2007.09.24 06:11:37.129,1.41252,1.41272,2.40,6.00
2007.09.24 06:11:37.269,1.41257,1.41267,3.00,4.80
2007.09.24 06:11:37.701,1.41259,1.41269,1.80,9.00
2007.09.24 06:11:39.006,1.41261,1.41271,4.80,7.20
2007.09.24 06:11:39.550,1.41261,1.41271,6.00,6.00
2007.09.24 06:11:39.890,1.41259,1.41269,2.40,12.10
2007.09.24 06:11:40.231,1.41261,1.41266,2.40,9.10
2007.09.24 06:11:40.359,1.4126,1.41265,4.80,23.50
2007.09.24 06:11:41.959,1.41258,1.41268,4.80,12.60
2007.09.24 06:11:42.223,1.41256,1.41271,6.60,15.40
2007.09.24 06:11:42.378,1.41257,1.41267,13.20,2.40
2007.09.24 06:11:43.378,1.41254,1.41269,21.00,1.80
2007.09.24 06:11:44.391,1.41255,1.41265,4.80,4.80
2007.09.24 06:11:45.066,1.41254,1.41269,19.80,17.40
2007.09.24 06:11:45.302,1.41257,1.41267,1.00,7.20
2007.09.24 06:11:45.559,1.41254,1.41269,3.60,5.40
2007.09.24 06:11:49.789,1.41252,1.41268,1.80,3.00
2007.09.24 06:11:50.139,1.41251,1.41266,17.40,4.80
2007.09.24 06:11:50.867,1.41251,1.41266,4.80,7.80
2007.09.24 06:11:53.824,1.41252,1.41262,21.90,14.80
2007.09.24 06:11:54.023,1.41251,1.41261,5.40,10.60
2007.09.24 06:11:54.289,1.41249,1.41259,8.40,34.20
2007.09.24 06:11:54.551,1.41248,1.41258,2.40,6.00
2007.09.24 06:11:54.815,1.41246,1.41256,3.00,1.00
2007.09.24 06:12:01.559,1.41227,1.41237,6.00,1.00
2007.09.24 06:12:05.373,1.41231,1.41236,8.40,10.20
2007.09.24 06:12:05.714,1.4123,1.4124,5.80,6.40
2007.09.24 06:12:06.053,1.41232,1.41242,1.00,15.20
2007.09.24 06:12:06.261,1.41233,1.41243,4.80,1.00
2007.09.24 06:12:06.470,1.41235,1.41245,7.80,1.00
2007.09.24 06:12:06.679,1.41236,1.41246,19.80,6.10
2007.09.24 06:12:06.886,1.4124,1.41245,18.00,10.50
2007.09.24 06:12:07.093,1.41239,1.41249,13.20,15.60
2007.09.24 06:12:07.302,1.41237,1.41252,4.80,10.20
2007.09.24 06:12:07.421,1.41238,1.41253,4.80,5.50
2007.09.24 06:12:07.773,1.41239,1.41254,1.00,2.40
2007.09.24 06:12:08.125,1.41238,1.41253,8.40,6.00
2007.09.24 06:12:08.405,1.41237,1.41252,7.20,6.00
2007.09.24 06:12:08.570,1.41238,1.41248,1.00,8.80
2007.09.24 06:12:09.053,1.41238,1.41243,1.00,8.40
2007.09.24 06:12:09.218,1.41234,1.41244,2.40,1.00
2007.09.24 06:12:09.402,1.4123,1.41245,7.20,4.80
2007.09.24 06:12:09.934,1.41229,1.41239,3.60,3.60
2007.09.24 06:12:10.290,1.41225,1.41235,10.80,7.50
2007.09.24 06:12:10.630,1.41225,1.41235,9.60,3.60
2007.09.24 06:12:12.974,1.41223,1.41233,13.80,5.40
2007.09.24 06:12:13.394,1.41217,1.41237,16.20,6.60
2007.09.24 06:12:13.413,1.41221,1.41236,9.00,3.00
2007.09.24 06:12:13.847,1.41225,1.41235,2.40,6.00
2007.09.24 06:12:13.954,1.41224,1.41238,13.80,6.60
2007.09.24 06:12:14.158,1.41224,1.41239,4.80,2.40
2007.09.24 06:12:14.362,1.41227,1.41237,4.80,10.20
2007.09.24 06:12:14.467,1.41225,1.41235,6.00,10.50
2007.09.24 06:12:14.769,1.41223,1.41233,14.40,2.40
2007.09.24 06:12:16.238,1.41219,1.41235,5.40,3.00
2007.09.24 06:12:16.456,1.41219,1.41233,5.40,9.00
2007.09.24 06:12:17.373,1.41219,1.41233,1.20,2.40
2007.09.24 06:12:17.511,1.41219,1.41235,3.00,3.00
2007.09.24 06:12:17.911,1.41218,1.41238,2.40,1.00
2007.09.24 06:12:18.045,1.41222,1.41237,7.90,10.20
2007.09.24 06:12:18.906,1.41221,1.41241,7.20,4.20
2007.09.24 06:12:19.102,1.41222,1.41242,4.80,7.20
2007.09.24 06:12:19.298,1.41228,1.41238,4.80,4.30
2007.09.24 06:12:19.509,1.41229,1.41243,12.60,7.80
2007.09.24 06:12:19.654,1.41232,1.41242,3.00,10.80
2007.09.24 06:12:19.718,1.41235,1.41245,2.40,5.40
2007.09.24 06:12:20.057,1.41237,1.41247,1.20,11.50
2007.09.24 06:12:20.517,1.41245,1.4125,3.60,1.00
2007.09.24 06:12:20.858,1.41251,1.41255,7.80,11.70
2007.09.24 06:12:21.199,1.41255,1.41265,18.00,1.20
2007.09.24 06:12:22.580,1.4126,1.41265,1.00,4.80
2007.09.24 06:12:22.697,1.41255,1.41265,2.40,8.70
2007.09.24 06:12:23.034,1.41251,1.41256,3.00,8.40
2007.09.24 06:12:23.261,1.41244,1.41254,25.30,7.20
2007.09.24 06:12:23.917,1.4124,1.4125,6.00,5.40
2007.09.24 06:12:24.291,1.41238,1.41248,2.40,9.10
2007.09.24 06:12:24.478,1.41237,1.41247,3.00,4.80
2007.09.24 06:12:24.680,1.41238,1.41243,12.00,2.40
2007.09.24 06:12:24.879,1.41239,1.41244,10.20,1.20
2007.09.24 06:12:25.273,1.4124,1.41245,4.80,4.80
2007.09.24 06:12:27.091,1.41236,1.41251,2.40,2.50
2007.09.24 06:12:27.118,1.41237,1.41252,1.00,7.20
2007.09.24 06:12:27.183,1.41238,1.41248,2.40,12.30
2007.09.24 06:12:27.455,1.41237,1.41247,8.40,4.80
2007.09.24 06:12:28.706,1.41238,1.41243,8.40,4.80
2007.09.24 06:12:28.925,1.41234,1.41244,2.40,8.40
2007.09.24 06:12:29.818,1.4123,1.41245,1.80,7.80
2007.09.24 06:12:29.946,1.4123,1.41245,7.80,6.00
2007.09.24 06:12:30.105,1.41234,1.41239,6.60,1.00
2007.09.24 06:12:31.034,1.41232,1.41237,4.80,12.60
2007.09.24 06:12:31.316,1.41228,1.41238,2.40,6.60
2007.09.24 06:12:31.457,1.41227,1.41237,5.40,11.40
2007.09.24 06:12:31.747,1.41225,1.41235,6.00,4.80
2007.09.24 06:12:32.267,1.41224,1.41234,2.40,7.80
2007.09.24 06:12:32.643,1.41222,1.41232,9.60,4.20
2007.09.24 06:12:32.831,1.41222,1.41232,10.20,4.80
2007.09.24 06:12:33.018,1.41221,1.41231,10.80,10.90
2007.09.24 06:12:33.113,1.41223,1.41233,4.20,4.80
2007.09.24 06:12:33.209,1.41225,1.41235,7.20,12.60
2007.09.24 06:12:33.397,1.41227,1.41237,7.20,9.00
2007.09.24 06:12:33.545,1.41229,1.41239,6.00,8.40
2007.09.24 06:12:33.693,1.41229,1.41239,2.40,2.40
2007.09.24 06:12:33.985,1.41228,1.41243,1.00,2.70
2007.09.24 06:12:36.611,1.41227,1.41247,2.40,8.50
2007.09.24 06:12:36.789,1.41228,1.41248,10.20,3.00
2007.09.24 06:12:36.981,1.41229,1.41243,6.00,1.80
2007.09.24 06:12:37.513,1.41226,1.41242,7.20,15.10
2007.09.24 06:12:37.709,1.41228,1.41238,6.00,2.40
2007.09.24 06:12:37.974,1.41227,1.41237,1.20,20.40
2007.09.24 06:12:38.112,1.41221,1.41237,10.80,11.80
2007.09.24 06:12:38.509,1.4122,1.4123,1.00,2.40
2007.09.24 06:12:39.517,1.41214,1.41224,7.20,14.10
2007.09.24 06:12:39.961,1.4121,1.4122,4.80,3.00
2007.09.24 06:12:40.145,1.41203,1.41213,6.00,5.70
2007.09.24 06:12:40.978,1.41201,1.41211,4.90,4.80
2007.09.24 06:12:44.249,1.41199,1.41215,4.90,4.80
2007.09.24 06:12:45.338,1.4121,1.41214,4.80,4.80
2007.09.24 06:12:45.471,1.41215,1.41219,10.20,9.10
2007.09.24 06:12:45.707,1.41217,1.41227,15.00,2.40
2007.09.24 06:12:45.828,1.41222,1.41232,8.40,12.10
2007.09.24 06:12:46.064,1.41225,1.41235,2.40,3.60
2007.09.24 06:12:48.057,1.41227,1.41237,4.80,4.80
2007.09.24 06:12:48.526,1.41231,1.41236,14.40,1.00
2007.09.24 06:12:48.856,1.41228,1.41238,6.00,10.80
2007.09.24 06:12:49.342,1.41227,1.41237,8.40,15.60
2007.09.24 06:12:49.505,1.41223,1.41238,2.40,1.00
2007.09.24 06:12:49.685,1.41224,1.41234,2.40,6.00
2007.09.24 06:12:49.865,1.41218,1.41238,6.00,4.80
2007.09.24 06:12:51.671,1.41223,1.41238,2.40,2.40
2007.09.24 06:12:51.755,1.41227,1.41237,13.20,4.80
2007.09.24 06:12:52.189,1.41229,1.41239,1.00,2.40
2007.09.24 06:12:52.823,1.41232,1.41242,5.40,1.00
2007.09.24 06:12:53.130,1.41236,1.41246,2.40,7.00
2007.09.24 06:12:53.287,1.41238,1.41248,10.80,5.40
2007.09.24 06:12:53.442,1.41242,1.41247,2.40,2.40
2007.09.24 06:12:53.599,1.4124,1.41245,35.40,1.20
2007.09.24 06:12:53.713,1.41235,1.41245,3.00,8.40
2007.09.24 06:12:53.829,1.41233,1.41243,14.00,2.40
2007.09.24 06:12:53.946,1.41228,1.41238,4.80,7.80
2007.09.24 06:12:54.061,1.41225,1.41235,9.00,3.00
2007.09.24 06:12:54.302,1.41221,1.41231,11.40,2.40
2007.09.24 06:12:54.406,1.41218,1.41228,17.40,2.40
2007.09.24 06:12:54.521,1.41219,1.41224,6.00,3.30
2007.09.24 06:12:54.861,1.41218,1.41223,1.00,8.40
2007.09.24 06:12:55.201,1.41215,1.41225,9.00,3.60
2007.09.24 06:13:04.080,1.41221,1.41231,2.40,6.10
2007.09.24 06:13:04.196,1.41213,1.41228,10.20,4.80
2007.09.24 06:13:04.424,1.41209,1.41224,4.20,4.20
2007.09.24 06:13:04.540,1.41207,1.41217,14.40,1.00
2007.09.24 06:13:04.880,1.41204,1.41219,7.80,11.70
2007.09.24 06:13:05.557,1.412,1.4122,2.40,4.80
2007.09.24 06:13:05.911,1.41201,1.41221,3.00,7.20
2007.09.24 06:13:06.252,1.41207,1.41217,2.40,1.00
2007.09.24 06:13:06.705,1.41208,1.41218,3.00,6.00
2007.09.24 06:13:06.890,1.4121,1.4122,4.80,4.80
2007.09.24 06:13:07.098,1.41211,1.41221,2.40,10.30
2007.09.24 06:13:07.157,1.41209,1.41219,9.60,11.40
2007.09.24 06:13:07.385,1.41208,1.41223,2.40,4.80
2007.09.24 06:13:08.249,1.41211,1.41221,6.00,2.40
2007.09.24 06:13:08.340,1.41209,1.41219,1.20,2.40
2007.09.24 06:13:08.642,1.41206,1.41221,7.20,4.80
2007.09.24 06:13:11.225,1.41208,1.41223,22.20,4.80
2007.09.24 06:13:11.388,1.41209,1.41224,2.70,3.00
2007.09.24 06:13:11.556,1.4121,1.41225,16.20,1.00
2007.09.24 06:13:11.664,1.41211,1.41226,10.20,13.80
2007.09.24 06:13:12.084,1.41215,1.41225,12.00,5.80
2007.09.24 06:13:12.192,1.41217,1.41227,1.00,7.80
2007.09.24 06:13:12.327,1.41218,1.41228,2.50,9.60
2007.09.24 06:13:12.437,1.41219,1.41229,9.60,3.00
2007.09.24 06:13:15.722,1.41217,1.41232,9.60,2.40
2007.09.24 06:13:15.815,1.41219,1.41229,1.00,9.60
2007.09.24 06:13:15.910,1.4122,1.41226,8.40,2.70
2007.09.24 06:13:16.004,1.41215,1.41225,7.80,8.40
2007.09.24 06:13:16.376,1.41212,1.41226,7.20,7.80
2007.09.24 06:13:16.472,1.41211,1.41225,25.80,12.00
2007.09.24 06:13:16.976,1.41211,1.41221,4.80,11.40
2007.09.24 06:13:17.592,1.4121,1.4122,6.00,2.40
2007.09.24 06:13:17.800,1.4121,1.41214,1.20,12.70
2007.09.24 06:13:17.960,1.41206,1.41212,8.70,2.40
2007.09.24 06:13:18.120,1.41202,1.41207,5.40,2.40
2007.09.24 06:13:18.280,1.41192,1.41202,3.00,7.00
2007.09.24 06:13:18.441,1.41188,1.41192,3.60,19.60
2007.09.24 06:13:18.603,1.41186,1.4119,5.40,2.40
2007.09.24 06:13:18.943,1.41188,1.41193,1.80,2.40
2007.09.24 06:13:19.283,1.41193,1.41197,20.50,9.00
2007.09.24 06:13:19.624,1.41191,1.41206,10.80,3.00
2007.09.24 06:13:19.969,1.41194,1.41209,10.80,16.80
2007.09.24 06:13:20.306,1.41195,1.4121,10.80,4.50
2007.09.24 06:13:20.658,1.41203,1.41207,7.00,8.40
2007.09.24 06:13:20.832,1.41205,1.4121,5.40,12.30
2007.09.24 06:13:21.008,1.41207,1.41217,2.40,22.20
2007.09.24 06:13:21.184,1.41207,1.41222,6.00,5.70
2007.09.24 06:13:21.247,1.41214,1.41218,2.40,1.80
2007.09.24 06:13:21.360,1.41212,1.41222,10.20,8.50
2007.09.24 06:13:21.536,1.41214,1.41224,3.60,3.60
2007.09.24 06:13:21.712,1.41219,1.41223,3.60,9.00
2007.09.24 06:13:22.200,1.41218,1.41228,5.40,9.90
2007.09.24 06:13:22.828,1.41219,1.41229,9.60,6.60
2007.09.24 06:13:23.116,1.41218,1.41233,12.00,4.80
2007.09.24 06:13:23.405,1.41223,1.41229,7.80,1.20
2007.09.24 06:13:23.692,1.41218,1.41233,2.40,6.90
2007.09.24 06:13:23.980,1.41223,1.41228,6.60,5.20
2007.09.24 06:13:24.256,1.41216,1.41232,21.60,15.60
2007.09.24 06:13:24.532,1.4122,1.41225,6.00,4.80
2007.09.24 06:13:24.808,1.41216,1.41231,14.20,3.00
2007.09.24 06:13:25.085,1.41219,1.41229,6.00,2.40
2007.09.24 06:13:25.389,1.41219,1.41224,6.00,2.40
2007.09.24 06:13:25.692,1.41215,1.41225,1.00,4.80
2007.09.24 06:13:25.998,1.41211,1.41226,20.40,6.30
2007.09.24 06:13:26.227,1.41207,1.41227,3.00,1.00
2007.09.24 06:13:26.458,1.41201,1.41231,15.60,9.60
2007.09.24 06:13:26.686,1.41212,1.41217,2.40,1.80
2007.09.24 06:13:26.915,1.41204,1.41224,5.40,4.80
2007.09.24 06:13:27.156,1.41202,1.41222,1.80,7.20
2007.09.24 06:13:27.405,1.41193,1.41232,16.20,2.40
2007.09.24 06:13:27.653,1.41193,1.41233,2.40,7.70
2007.09.24 06:13:27.901,1.41194,1.41234,3.00,11.80
2007.09.24 06:13:28.148,1.41198,1.41228,4.80,5.10
2007.09.24 06:13:28.404,1.412,1.41225,5.40,9.30
2007.09.24 06:13:28.663,1.41204,1.41219,2.40,15.10
2007.09.24 06:13:28.916,1.41205,1.4122,3.00,2.80
2007.09.24 06:13:29.172,1.41201,1.41226,2.40,15.10
2007.09.24 06:13:29.512,1.41205,1.41225,11.40,9.70
2007.09.24 06:13:29.853,1.41205,1.41225,2.40,2.40
2007.09.24 06:13:29.980,1.41212,1.41216,2.50,11.10
2007.09.24 06:13:30.528,1.4121,1.41216,7.80,7.60
2007.09.24 06:13:30.869,1.41212,1.41216,3.00,6.00
2007.09.24 06:13:31.209,1.41205,1.41225,1.20,2.40
2007.09.24 06:13:31.368,1.41199,1.41234,13.80,6.40
2007.09.24 06:13:31.528,1.41202,1.41232,18.60,3.60
2007.09.24 06:13:31.688,1.41204,1.41234,8.40,3.60
2007.09.24 06:13:31.848,1.41205,1.41235,2.40,6.00
2007.09.24 06:13:32.008,1.41207,1.41237,2.40,2.40
2007.09.24 06:13:32.168,1.41211,1.41236,19.90,7.20
2007.09.24 06:13:32.812,1.4122,1.4123,10.20,6.00
2007.09.24 06:13:33.136,1.41219,1.41229,4.80,24.70
2007.09.24 06:13:33.463,1.41218,1.41228,11.40,10.80
2007.09.24 06:13:33.744,1.41217,1.41227,2.40,5.40
2007.09.24 06:13:35.260,1.41219,1.41224,4.80,4.80
2007.09.24 06:13:35.544,1.41217,1.41227,2.40,2.70
2007.09.24 06:13:35.828,1.41222,1.41227,7.80,6.00
2007.09.24 06:13:36.113,1.41224,1.41229,7.80,22.80
2007.09.24 06:13:36.804,1.41229,1.41234,6.00,8.70
2007.09.24 06:13:37.219,1.41233,1.41239,4.80,23.50
2007.09.24 06:13:37.500,1.41238,1.41243,15.00,3.00
2007.09.24 06:13:39.192,1.41243,1.41247,2.40,1.80
2007.09.24 06:13:40.296,1.41237,1.41253,17.40,21.60
2007.09.24 06:13:42.332,1.41235,1.41245,4.80,3.60
2007.09.24 06:13:42.465,1.4123,1.4124,2.40,9.30
2007.09.24 06:13:42.549,1.41225,1.41235,6.00,3.00
2007.09.24 06:13:42.716,1.41221,1.41231,4.80,7.20
2007.09.24 06:13:43.720,1.41219,1.41224,2.40,11.40
2007.09.24 06:13:45.171,1.41217,1.41223,4.80,4.80
2007.09.24 06:13:45.440,1.41216,1.41221,4.80,14.40
2007.09.24 06:13:45.981,1.41212,1.41222,12.00,2.40
2007.09.24 06:13:46.260,1.41211,1.41221,6.60,4.80
2007.09.24 06:13:46.540,1.41213,1.41218,10.80,5.40
2007.09.24 06:13:46.848,1.41207,1.41222,19.80,5.40
2007.09.24 06:13:47.612,1.41212,1.41217,2.40,9.10
2007.09.24 06:13:48.017,1.41211,1.41221,12.60,11.80
2007.09.24 06:13:48.421,1.41214,1.41219,6.00,3.00
2007.09.24 06:13:48.717,1.41211,1.41221,2.40,8.40
2007.09.24 06:13:48.870,1.4121,1.4122,7.20,5.40
2007.09.24 06:13:48.935,1.41207,1.41223,4.80,2.40
2007.09.24 06:13:49.360,1.41209,1.41224,18.30,12.00
2007.09.24 06:13:49.620,1.41211,1.41226,1.00,4.80
2007.09.24 06:13:49.769,1.41215,1.41225,2.40,12.40
2007.09.24 06:13:49.862,1.41214,1.41234,1.20,2.40
2007.09.24 06:13:50.102,1.4122,1.41235,12.00,7.20
2007.09.24 06:13:50.342,1.41223,1.41233,2.40,6.00
2007.09.24 06:13:50.583,1.41222,1.41237,6.60,5.40
2007.09.24 06:13:50.859,1.41228,1.41234,15.20,3.00
2007.09.24 06:13:52.471,1.41228,1.41234,5.40,9.90
2007.09.24 06:13:53.622,1.41225,1.41235,1.20,1.00
2007.09.24 06:13:54.012,1.41227,1.41232,7.80,11.20
2007.09.24 06:13:54.048,1.41228,1.41233,3.00,6.00
2007.09.24 06:13:54.349,1.41227,1.41232,7.80,2.40
2007.09.24 06:13:54.495,1.41222,1.41232,13.80,4.80
2007.09.24 06:13:54.610,1.41218,1.41233,1.00,4.40
2007.09.24 06:13:54.660,1.41211,1.41231,5.40,6.00
2007.09.24 06:13:55.000,1.41211,1.41221,6.00,8.60
2007.09.24 06:13:57.901,1.41209,1.41219,7.80,12.60
2007.09.24 06:14:03.268,1.4121,1.41226,4.80,7.20
2007.09.24 06:14:04.149,1.41211,1.41221,2.40,6.00
2007.09.24 06:14:04.368,1.41212,1.41217,7.20,9.00
2007.09.24 06:14:04.468,1.41208,1.41218,2.40,2.40
2007.09.24 06:14:04.568,1.41208,1.41218,2.40,11.20
2007.09.24 06:14:04.668,1.41207,1.41222,14.80,2.40
2007.09.24 06:14:04.866,1.41207,1.41222,4.80,9.00
2007.09.24 06:14:05.126,1.41206,1.41221,15.00,1.20
2007.09.24 06:14:05.386,1.41206,1.41221,3.60,4.80
2007.09.24 06:14:06.349,1.41207,1.41217,9.00,1.20
2007.09.24 06:14:06.737,1.41206,1.41221,3.00,11.50
2007.09.24 06:14:07.811,1.4121,1.4122,18.30,16.30
2007.09.24 06:14:08.056,1.41208,1.41223,2.40,4.80
2007.09.24 06:14:08.269,1.41207,1.41222,2.40,6.60
2007.09.24 06:14:09.444,1.41208,1.41218,7.20,4.80
2007.09.24 06:14:09.566,1.41207,1.41217,4.80,4.80
2007.09.24 06:14:10.048,1.41203,1.41218,2.40,3.30
2007.09.24 06:14:10.414,1.41201,1.41217,4.80,5.10
2007.09.24 06:14:10.873,1.412,1.41215,12.00,7.80
2007.09.24 06:14:11.400,1.41199,1.41214,19.80,5.40
2007.09.24 06:14:11.598,1.41198,1.41213,9.00,6.40
2007.09.24 06:14:11.699,1.412,1.4121,4.80,4.80
2007.09.24 06:14:11.892,1.41199,1.41214,4.90,4.80
2007.09.24 06:14:12.088,1.41204,1.41214,4.20,7.20
2007.09.24 06:14:12.380,1.41205,1.41215,3.60,3.00
2007.09.24 06:14:12.664,1.41204,1.41219,10.20,4.20
2007.09.24 06:14:13.196,1.41204,1.41219,7.50,2.40
2007.09.24 06:14:14.770,1.4121,1.41215,6.60,5.60
2007.09.24 06:14:14.861,1.41208,1.41213,4.80,9.00
2007.09.24 06:14:15.029,1.41207,1.41212,1.00,10.20
2007.09.24 06:14:15.118,1.41202,1.41212,11.40,8.40
2007.09.24 06:14:17.228,1.41198,1.41208,15.00,4.80
2007.09.24 06:14:17.412,1.41195,1.412,5.40,11.10
2007.09.24 06:14:17.607,1.41187,1.41192,2.40,2.40
2007.09.24 06:14:17.768,1.41176,1.41186,2.40,4.80
2007.09.24 06:14:17.932,1.41173,1.41183,9.00,5.40
2007.09.24 06:14:18.096,1.41176,1.41186,6.60,3.00
2007.09.24 06:14:18.260,1.4118,1.41194,7.20,6.60
2007.09.24 06:14:18.836,1.41182,1.41208,6.60,2.40
2007.09.24 06:14:19.344,1.41191,1.41207,3.60,3.20
2007.09.24 06:14:19.601,1.41198,1.41208,1.00,8.40
2007.09.24 06:14:19.977,1.41201,1.41211,4.80,9.40
2007.09.24 06:14:21.803,1.41199,1.41214,16.20,1.80
2007.09.24 06:14:23.542,1.41202,1.41212,2.40,12.60
2007.09.24 06:14:23.881,1.41203,1.41208,1.00,3.60
2007.09.24 06:14:23.998,1.41199,1.41209,4.80,8.90
2007.09.24 06:14:24.224,1.41194,1.4121,3.60,7.90
2007.09.24 06:14:24.452,1.41194,1.41208,5.40,1.80
2007.09.24 06:14:27.758,1.4119,1.4121,8.40,10.20
2007.09.24 06:14:28.096,1.41189,1.41209,2.40,12.00
2007.09.24 06:14:28.453,1.4119,1.41206,3.00,9.30
2007.09.24 06:14:28.792,1.41192,1.41202,6.00,5.40
2007.09.24 06:14:28.972,1.41191,1.41201,2.40,10.20
2007.09.24 06:14:29.152,1.41188,1.41203,1.20,10.80
2007.09.24 06:14:29.508,1.41189,1.41204,7.80,8.40
2007.09.24 06:14:30.968,1.41189,1.41204,7.80,2.40
2007.09.24 06:14:31.108,1.41191,1.41201,36.00,4.80
2007.09.24 06:14:31.248,1.4119,1.412,4.80,8.90
2007.09.24 06:14:31.524,1.41189,1.41199,5.40,4.50
2007.09.24 06:14:31.672,1.41191,1.41201,10.20,3.00
2007.09.24 06:14:31.983,1.41192,1.41202,5.80,6.40
2007.09.24 06:14:32.148,1.41191,1.41206,1.00,4.80
2007.09.24 06:14:32.296,1.41193,1.41208,3.00,2.40
2007.09.24 06:14:34.008,1.41199,1.41209,7.20,3.00
2007.09.24 06:14:34.108,1.41198,1.41213,10.20,6.00
2007.09.24 06:14:34.215,1.412,1.41215,4.80,3.00
2007.09.24 06:14:34.519,1.412,1.41215,1.00,7.90
2007.09.24 06:14:34.678,1.41201,1.41216,7.50,2.40
2007.09.24 06:14:34.780,1.41202,1.41212,4.80,7.20
2007.09.24 06:14:34.884,1.41202,1.41217,8.40,4.80
2007.09.24 06:14:35.272,1.41204,1.4122,27.00,7.80
2007.09.24 06:14:35.560,1.41209,1.41224,6.60,1.00
2007.09.24 06:14:37.096,1.41218,1.41228,8.40,1.00
2007.09.24 06:14:37.220,1.41226,1.41236,2.40,6.00
2007.09.24 06:14:37.420,1.41227,1.41237,6.00,2.40
2007.09.24 06:14:37.620,1.41221,1.41235,3.00,1.00
2007.09.24 06:14:37.820,1.41216,1.41226,7.20,5.40
2007.09.24 06:14:38.020,1.41206,1.41222,9.00,1.00
2007.09.24 06:14:38.220,1.41205,1.41215,7.80,7.20
2007.09.24 06:14:38.464,1.41199,1.41213,15.60,2.40
2007.09.24 06:14:38.713,1.41197,1.41212,7.20,15.10
2007.09.24 06:14:38.956,1.41193,1.41213,8.40,6.90
2007.09.24 06:14:39.200,1.41192,1.41212,8.40,3.60
2007.09.24 06:14:39.415,1.41195,1.4121,4.80,2.40
2007.09.24 06:14:39.780,1.41198,1.41208,1.80,11.10
2007.09.24 06:14:39.977,1.41196,1.41206,4.80,3.60
2007.09.24 06:14:40.365,1.41192,1.41212,6.00,2.40
2007.09.24 06:14:40.521,1.41197,1.41211,5.40,11.10
2007.09.24 06:14:40.677,1.41196,1.41212,5.00,2.40
2007.09.24 06:14:40.757,1.41198,1.41214,2.40,6.00
2007.09.24 06:14:40.984,1.41199,1.41215,7.20,6.00
2007.09.24 06:14:41.140,1.41199,1.41214,9.60,1.80
2007.09.24 06:14:41.825,1.41203,1.41208,11.40,2.40
2007.09.24 06:14:42.064,1.41201,1.41206,2.40,13.00
2007.09.24 06:14:42.304,1.41202,1.41207,1.00,4.80
2007.09.24 06:14:42.759,1.41198,1.41213,4.80,7.20
2007.09.24 06:14:42.964,1.41202,1.41212,4.80,13.20
2007.09.24 06:14:43.168,1.41204,1.41214,5.60,2.40
2007.09.24 06:14:43.372,1.41205,1.41215,1.00,8.40
2007.09.24 06:14:43.576,1.41205,1.41215,8.40,4.80
2007.09.24 06:14:44.185,1.41199,1.41224,5.40,6.60
2007.09.24 06:14:45.014,1.41207,1.41217,17.80,1.80
2007.09.24 06:14:45.217,1.41202,1.41222,7.80,1.20
2007.09.24 06:14:45.317,1.41203,1.41218,7.20,6.60
2007.09.24 06:14:45.477,1.41207,1.41212,14.40,6.00
2007.09.24 06:14:45.789,1.41203,1.41213,8.40,15.60
2007.09.24 06:14:51.388,1.41202,1.41212,4.80,8.40
2007.09.24 06:14:53.100,1.41203,1.41208,5.40,7.80
2007.09.24 06:14:53.347,1.412,1.4121,4.80,7.20
2007.09.24 06:14:53.588,1.41199,1.41214,11.40,6.40
2007.09.24 06:14:53.712,1.41202,1.41212,6.00,3.30
2007.09.24 06:14:54.002,1.41201,1.41216,6.00,4.20
2007.09.24 06:14:54.858,1.41204,1.41214,12.60,2.40
2007.09.24 06:14:55.069,1.41205,1.41215,3.00,15.00
2007.09.24 06:14:55.229,1.41206,1.41216,4.80,10.20
2007.09.24 06:14:55.407,1.41208,1.41218,1.20,2.80
2007.09.24 06:14:55.464,1.41209,1.41219,18.00,6.00
2007.09.24 06:14:55.519,1.41211,1.41221,15.60,9.60
2007.09.24 06:14:58.287,1.4121,1.41225,15.00,4.80
2007.09.24 06:14:59.067,1.4121,1.41225,11.40,14.40
2007.09.24 06:14:59.176,1.41211,1.41227,9.60,3.00
2007.09.24 06:15:04.674,1.41198,1.41214,4.20,8.40
2007.09.24 06:15:04.950,1.41194,1.41209,8.40,12.10
2007.09.24 06:15:05.498,1.4119,1.41205,7.20,1.00
2007.09.24 06:15:05.726,1.41186,1.41201,13.20,6.00
2007.09.24 06:15:07.405,1.41178,1.41203,10.20,6.00
2007.09.24 06:15:08.354,1.41182,1.41197,13.80,3.00
2007.09.24 06:15:08.609,1.41179,1.41199,8.40,4.80
2007.09.24 06:15:09.266,1.4118,1.412,2.40,16.80
2007.09.24 06:15:10.083,1.41184,1.41199,2.50,9.60
2007.09.24 06:15:10.425,1.41187,1.41202,1.00,15.20
2007.09.24 06:15:10.762,1.41191,1.41206,8.40,3.60
2007.09.24 06:15:11.102,1.4119,1.4121,18.60,8.40
2007.09.24 06:15:11.330,1.41193,1.41208,4.80,9.00
2007.09.24 06:15:11.447,1.41194,1.41209,1.00,2.40
2007.09.24 06:15:11.786,1.41193,1.41208,10.80,10.90
2007.09.24 06:15:12.014,1.41194,1.41209,2.40,8.40
2007.09.24 06:15:12.494,1.41195,1.4121,6.00,4.20
2007.09.24 06:15:12.841,1.41199,1.41209,1.20,7.60
2007.09.24 06:15:13.018,1.412,1.4121,10.20,4.80
2007.09.24 06:15:13.194,1.41198,1.41208,2.40,6.10
2007.09.24 06:15:13.353,1.41194,1.41209,4.80,8.40
2007.09.24 06:15:13.513,1.412,1.41206,7.80,3.00
2007.09.24 06:15:13.829,1.41202,1.41206,8.40,7.80
2007.09.24 06:15:13.990,1.41204,1.4121,2.40,4.00
2007.09.24 06:15:14.150,1.41204,1.41214,7.20,23.20
2007.09.24 06:15:14.766,1.4121,1.4122,8.40,5.70
2007.09.24 06:15:15.514,1.41213,1.41229,16.80,7.80
2007.09.24 06:15:16.334,1.41217,1.41227,17.40,8.40
2007.09.24 06:15:16.460,1.4121,1.4122,6.00,2.40
2007.09.24 06:15:16.583,1.41204,1.41214,6.00,3.10
2007.09.24 06:15:16.707,1.41197,1.41207,6.00,2.40
2007.09.24 06:15:17.070,1.41194,1.41204,7.80,7.20
2007.09.24 06:15:17.194,1.41187,1.41207,10.20,1.00
2007.09.24 06:15:17.318,1.41186,1.41206,9.00,4.80
2007.09.24 06:15:17.442,1.41185,1.41205,4.80,10.20
2007.09.24 06:15:17.566,1.41187,1.41207,1.00,10.00
2007.09.24 06:15:17.689,1.41187,1.41207,14.60,1.20
2007.09.24 06:15:17.813,1.41191,1.41206,7.50,5.40
2007.09.24 06:15:17.868,1.41192,1.41208,8.20,6.10
2007.09.24 06:15:18.058,1.41197,1.41207,7.20,4.80
2007.09.24 06:15:18.354,1.41198,1.41208,2.40,1.60
2007.09.24 06:15:18.530,1.41199,1.41209,17.40,4.80
2007.09.24 06:15:19.878,1.41202,1.41207,5.40,2.10
2007.09.24 06:15:19.983,1.41202,1.41208,6.00,4.80
2007.09.24 06:15:20.091,1.412,1.41205,9.60,3.00
2007.09.24 06:15:20.195,1.41193,1.41208,3.00,6.10
2007.09.24 06:15:21.502,1.41186,1.41206,4.80,9.00
2007.09.24 06:15:22.068,1.41184,1.41199,11.40,5.70
2007.09.24 06:15:25.346,1.41179,1.41194,2.40,11.40
2007.09.24 06:15:25.506,1.41181,1.41191,5.40,11.40
2007.09.24 06:15:25.735,1.4118,1.4119,5.40,1.00
2007.09.24 06:15:26.849,1.4118,1.41195,3.60,12.90
2007.09.24 06:15:27.054,1.41185,1.412,6.00,5.40
2007.09.24 06:15:27.262,1.4119,1.41205,1.00,7.20
2007.09.24 06:15:27.389,1.41195,1.4121,4.80,8.40
2007.09.24 06:15:27.471,1.41204,1.41209,12.60,4.80
2007.09.24 06:15:27.679,1.41203,1.41213,12.00,6.90
2007.09.24 06:15:27.874,1.41206,1.41211,4.80,11.20
2007.09.24 06:15:28.070,1.41202,1.41212,9.00,4.80
2007.09.24 06:15:28.268,1.41201,1.41211,3.00,3.00
2007.09.24 06:15:28.927,1.41196,1.41211,7.20,3.60
2007.09.24 06:15:30.513,1.41194,1.41204,5.40,13.20
2007.09.24 06:15:30.812,1.41186,1.41196,9.00,12.00
2007.09.24 06:15:30.999,1.41177,1.41187,2.40,9.60
2007.09.24 06:15:31.665,1.41171,1.41187,24.00,2.40
2007.09.24 06:15:33.398,1.41177,1.41191,21.00,2.40
2007.09.24 06:15:34.324,1.41185,1.41195,5.40,7.80
2007.09.24 06:15:34.469,1.41186,1.4121,2.40,2.40
2007.09.24 06:15:34.842,1.41197,1.41207,7.80,4.80
2007.09.24 06:15:34.918,1.41204,1.41208,17.40,4.80
2007.09.24 06:15:35.158,1.41201,1.41211,18.00,4.80
2007.09.24 06:15:35.634,1.412,1.4121,4.80,12.60
2007.09.24 06:15:35.874,1.41195,1.41209,3.00,1.00
2007.09.24 06:15:36.410,1.41195,1.41205,1.00,2.40
2007.09.24 06:15:36.710,1.41194,1.41204,8.40,7.80
2007.09.24 06:15:37.010,1.41194,1.41204,8.40,5.40
2007.09.24 06:15:37.482,1.41192,1.41207,2.40,6.10
2007.09.24 06:15:37.660,1.41193,1.41203,6.00,2.40
2007.09.24 06:15:37.834,1.41188,1.41204,17.40,4.80
2007.09.24 06:15:38.011,1.41188,1.41203,21.40,4.80
2007.09.24 06:15:38.199,1.41188,1.41202,15.00,1.20
2007.09.24 06:15:38.482,1.41188,1.41203,1.20,7.60
2007.09.24 06:15:40.033,1.41189,1.41204,2.40,1.00
2007.09.24 06:15:40.302,1.41192,1.41206,4.80,9.60
2007.09.24 06:15:40.578,1.41195,1.41205,11.40,37.50
2007.09.24 06:15:40.855,1.41199,1.41209,8.40,2.40
2007.09.24 06:15:40.934,1.41202,1.41208,1.00,13.00
2007.09.24 06:15:43.819,1.41201,1.41211,2.40,4.80
2007.09.24 06:15:43.930,1.41199,1.41209,18.00,6.00
2007.09.24 06:15:44.162,1.41193,1.41208,9.00,1.20
2007.09.24 06:15:46.595,1.41193,1.41203,4.20,2.40
2007.09.24 06:15:49.298,1.4119,1.41205,2.40,13.40
2007.09.24 06:15:49.426,1.41192,1.41202,15.60,4.80
2007.09.24 06:15:49.678,1.41191,1.41206,10.80,1.20
2007.09.24 06:15:50.268,1.41195,1.41205,9.60,1.90
2007.09.24 06:15:50.606,1.41197,1.41207,8.40,1.00
2007.09.24 06:15:53.975,1.41199,1.41204,24.60,4.20
2007.09.24 06:15:54.178,1.41192,1.41207,5.40,1.80
2007.09.24 06:15:54.406,1.41188,1.41208,4.80,4.00
2007.09.24 06:15:54.633,1.41188,1.41208,13.80,6.60
2007.09.24 06:15:55.086,1.41189,1.41204,16.20,1.80
2007.09.24 06:15:55.855,1.41189,1.41204,3.20,5.40
2007.09.24 06:15:56.322,1.41189,1.41209,7.80,2.40
2007.09.24 06:15:57.009,1.41196,1.41211,18.00,6.00
2007.09.24 06:15:57.803,1.41199,1.41215,7.20,4.20
2007.09.24 06:16:03.722,1.41194,1.41198,4.80,2.20
2007.09.24 06:16:04.632,1.412,1.4121,6.00,3.00
2007.09.24 06:16:04.926,1.41204,1.41219,1.80,4.20
2007.09.24 06:16:05.072,1.41211,1.41226,15.60,10.80
2007.09.24 06:16:05.231,1.41217,1.41227,2.40,3.30
2007.09.24 06:16:05.379,1.4122,1.4123,1.00,2.40
2007.09.24 06:16:05.623,1.41219,1.41234,5.40,6.60
2007.09.24 06:16:05.867,1.41225,1.4123,2.40,8.70
2007.09.24 06:16:06.111,1.41225,1.41235,4.80,7.20
2007.09.24 06:16:06.355,1.41225,1.4124,2.40,8.80
2007.09.24 06:16:06.601,1.41227,1.41242,11.40,2.40
2007.09.24 06:16:06.839,1.41231,1.41241,3.60,3.00
2007.09.24 06:16:07.079,1.41229,1.41239,17.40,4.80
2007.09.24 06:16:07.555,1.41229,1.41234,9.00,2.40
2007.09.24 06:16:07.882,1.41224,1.41234,2.40,2.40
2007.09.24 06:16:08.202,1.4122,1.4123,4.80,9.00
2007.09.24 06:16:08.527,1.41215,1.41225,7.20,4.80
2007.09.24 06:16:08.766,1.4121,1.4122,5.40,3.00
2007.09.24 06:16:09.007,1.41205,1.41215,3.00,5.40
2007.09.24 06:16:10.252,1.41204,1.41209,15.60,4.80
2007.09.24 06:16:10.431,1.412,1.4121,4.80,1.20
2007.09.24 06:16:10.605,1.41197,1.41212,3.60,10.20
2007.09.24 06:16:10.876,1.41202,1.41212,25.80,29.50
2007.09.24 06:16:12.358,1.41207,1.41217,11.40,5.70
2007.09.24 06:16:12.535,1.41214,1.41218,8.40,1.00
2007.09.24 06:16:12.711,1.41216,1.41221,1.00,2.40
2007.09.24 06:16:13.051,1.41214,1.41224,10.20,7.70
2007.09.24 06:16:13.391,1.41209,1.41229,5.00,7.20
2007.09.24 06:16:13.731,1.41208,1.41228,3.60,12.00
2007.09.24 06:16:15.022,1.41211,1.41221,4.20,12.00
2007.09.24 06:16:15.285,1.41204,1.41219,6.00,5.40
2007.09.24 06:16:15.547,1.41199,1.41214,11.10,7.20
2007.09.24 06:16:15.828,1.41194,1.41204,2.40,5.40
2007.09.24 06:16:15.951,1.41185,1.41195,1.00,7.20
2007.09.24 06:16:16.091,1.41177,1.41187,10.80,4.80
2007.09.24 06:16:16.366,1.41172,1.41188,19.80,24.00
2007.09.24 06:16:16.506,1.41176,1.41196,6.00,9.60
2007.09.24 06:16:16.646,1.41184,1.41204,2.70,4.20
2007.09.24 06:16:16.787,1.41197,1.41207,5.40,4.20
2007.09.24 06:16:16.982,1.41204,1.41214,4.80,1.00
2007.09.24 06:16:17.178,1.4121,1.4122,3.60,2.40
2007.09.24 06:16:17.374,1.41211,1.41226,16.20,2.40
2007.09.24 06:16:17.573,1.41215,1.41225,10.20,2.80
2007.09.24 06:16:17.768,1.41216,1.41226,2.40,6.00
2007.09.24 06:16:18.442,1.41217,1.41222,2.40,6.00
2007.09.24 06:16:18.783,1.41212,1.41227,19.80,2.40
2007.09.24 06:16:18.910,1.41211,1.41226,3.00,1.00
2007.09.24 06:16:19.038,1.4121,1.41225,2.40,4.80
2007.09.24 06:16:19.166,1.41208,1.41223,4.80,1.20
2007.09.24 06:16:19.542,1.41208,1.41223,1.00,10.50
2007.09.24 06:16:19.670,1.41208,1.41228,8.40,2.20
2007.09.24 06:16:19.798,1.41209,1.41229,4.80,11.40
2007.09.24 06:16:20.074,1.41215,1.41225,12.00,1.20
2007.09.24 06:16:20.351,1.41214,1.41229,2.40,1.20
2007.09.24 06:16:20.626,1.41215,1.4123,6.60,1.00
2007.09.24 06:16:21.700,1.41222,1.41226,10.80,4.80
2007.09.24 06:16:26.112,1.41217,1.41232,1.00,4.80
2007.09.24 06:16:27.314,1.41217,1.41232,2.40,4.50
2007.09.24 06:16:27.507,1.41216,1.41231,2.40,13.00
2007.09.24 06:16:27.713,1.41217,1.41227,1.20,7.60
2007.09.24 06:16:33.557,1.41211,1.41231,9.00,15.10
2007.09.24 06:16:33.803,1.41214,1.41229,5.40,7.80
2007.09.24 06:16:34.006,1.41218,1.41228,1.20,3.00
2007.09.24 06:16:34.821,1.41219,1.41229,7.80,4.80
2007.09.24 06:16:35.047,1.41218,1.41233,15.00,4.80
2007.09.24 06:16:35.144,1.41222,1.41227,2.40,12.00
2007.09.24 06:16:35.306,1.41218,1.41228,13.20,4.80
2007.09.24 06:16:35.470,1.41219,1.41229,10.20,4.80
2007.09.24 06:16:36.580,1.41221,1.41225,2.40,9.30
2007.09.24 06:16:36.809,1.41217,1.41227,12.60,4.80
2007.09.24 06:16:38.679,1.4122,1.41225,6.00,4.80
2007.09.24 06:16:39.032,1.41219,1.41233,2.40,3.00
2007.09.24 06:16:39.407,1.41225,1.41235,2.40,6.10
2007.09.24 06:16:39.603,1.41229,1.41249,7.80,4.80
2007.09.24 06:16:39.799,1.4124,1.41255,10.40,4.80
2007.09.24 06:16:40.438,1.41238,1.41258,14.40,17.40
2007.09.24 06:16:40.655,1.41232,1.41247,4.80,6.00
2007.09.24 06:16:40.872,1.41222,1.41238,3.90,8.50
2007.09.24 06:16:41.085,1.41215,1.41231,35.40,7.30
2007.09.24 06:16:41.282,1.41211,1.41226,6.00,8.40
2007.09.24 06:16:41.482,1.41211,1.41225,2.40,10.80
2007.09.24 06:16:41.682,1.4121,1.41225,4.80,7.80
2007.09.24 06:16:41.882,1.41209,1.41224,2.40,14.70
2007.09.24 06:16:42.102,1.41206,1.41222,6.00,9.40
2007.09.24 06:16:42.323,1.41206,1.41221,4.80,12.60
2007.09.24 06:16:43.312,1.41204,1.4122,1.80,14.00
2007.09.24 06:16:43.651,1.41203,1.41218,2.40,1.00
2007.09.24 06:16:44.002,1.41205,1.41215,3.60,13.60
2007.09.24 06:16:44.460,1.41206,1.41216,13.80,6.40
2007.09.24 06:16:44.614,1.41205,1.41221,10.20,4.20
2007.09.24 06:16:44.770,1.41207,1.41222,16.40,2.40
2007.09.24 06:16:44.927,1.41206,1.41221,1.00,6.60
2007.09.24 06:16:45.086,1.41207,1.41217,4.80,23.20
2007.09.24 06:16:45.400,1.41203,1.41218,12.60,7.20
2007.09.24 06:16:49.491,1.41201,1.41216,4.20,12.00
2007.09.24 06:16:49.827,1.41202,1.41212,7.20,9.60
2007.09.24 06:16:49.878,1.41198,1.41213,1.00,2.40
2007.09.24 06:16:50.045,1.41196,1.41216,7.80,7.20
2007.09.24 06:16:50.123,1.41198,1.41218,7.20,4.80
2007.09.24 06:16:50.203,1.41202,1.41217,12.00,3.00
2007.09.24 06:16:50.438,1.41205,1.41215,7.80,3.00
2007.09.24 06:16:50.674,1.41207,1.41217,3.00,3.00
2007.09.24 06:16:50.910,1.41211,1.41216,1.20,6.00
2007.09.24 06:16:51.152,1.41207,1.41217,4.80,7.20
2007.09.24 06:16:51.386,1.41206,1.41221,21.40,4.80
2007.09.24 06:16:52.798,1.41207,1.41222,5.40,6.00
2007.09.24 06:16:53.194,1.41208,1.41223,5.40,10.50
2007.09.24 06:16:53.394,1.4121,1.41225,2.40,3.00
2007.09.24 06:16:53.941,1.41217,1.41221,4.80,14.40
2007.09.24 06:16:54.094,1.4121,1.41225,6.40,3.00
2007.09.24 06:16:54.331,1.41208,1.41223,20.40,8.40
2007.09.24 06:16:54.839,1.41206,1.41221,4.20,8.80
2007.09.24 06:16:54.979,1.41207,1.41217,6.60,5.40
2007.09.24 06:17:04.200,1.41178,1.41194,10.80,3.00
2007.09.24 06:17:04.563,1.41186,1.41201,14.40,2.40
2007.09.24 06:17:08.288,1.41195,1.4121,12.60,5.10
2007.09.24 06:17:12.712,1.41202,1.41217,15.60,6.60
2007.09.24 06:17:12.809,1.41209,1.41224,1.80,2.40
2007.09.24 06:17:13.662,1.41213,1.41228,1.00,4.40
2007.09.24 06:17:13.803,1.41214,1.41229,16.20,11.40
2007.09.24 06:17:13.941,1.41217,1.41227,14.40,4.20
2007.09.24 06:17:17.051,1.41213,1.41228,10.20,6.60
2007.09.24 06:17:17.256,1.41207,1.41222,2.40,3.00
2007.09.24 06:17:17.464,1.41201,1.41211,2.40,12.60
2007.09.24 06:17:17.601,1.41192,1.41197,9.00,2.80
2007.09.24 06:17:17.672,1.41177,1.41193,2.40,1.00
2007.09.24 06:17:29.884,1.41175,1.41191,1.00,8.40
2007.09.24 06:17:30.286,1.4118,1.41196,5.40,6.00
2007.09.24 06:17:30.533,1.41189,1.41205,2.40,4.80
2007.09.24 06:17:30.781,1.41199,1.41209,4.90,5.40
2007.09.24 06:17:31.649,1.41209,1.41213,15.00,8.40
2007.09.24 06:17:35.069,1.41207,1.41221,4.80,28.00
2007.09.24 06:17:35.413,1.41212,1.41222,1.80,2.40
2007.09.24 06:17:35.670,1.41213,1.41223,4.90,5.40
2007.09.24 06:17:36.196,1.41215,1.41225,9.00,2.80
2007.09.24 06:17:36.356,1.41217,1.41227,3.60,7.20
2007.09.24 06:17:36.533,1.41218,1.41228,4.90,2.40
2007.09.24 06:17:37.150,1.41218,1.41228,2.40,1.80
2007.09.24 06:17:37.344,1.41218,1.41223,12.60,9.00
2007.09.24 06:17:37.541,1.41214,1.41224,1.80,2.70
2007.09.24 06:17:38.300,1.41215,1.4122,8.40,7.80
2007.09.24 06:17:38.400,1.41208,1.41224,8.40,4.80
2007.09.24 06:17:38.484,1.41208,1.41218,20.40,5.40
2007.09.24 06:17:38.668,1.41204,1.41219,9.00,1.00
2007.09.24 06:17:38.852,1.41208,1.41218,6.00,1.80
2007.09.24 06:17:39.216,1.41212,1.41222,9.90,3.30
2007.09.24 06:17:39.890,1.41219,1.41229,3.00,9.90
2007.09.24 06:17:40.228,1.41228,1.41242,7.20,4.80
2007.09.24 06:17:40.480,1.4124,1.4125,2.40,8.50
2007.09.24 06:17:40.608,1.41245,1.41255,8.40,3.30
2007.09.24 06:17:40.862,1.41241,1.41251,4.80,2.40
2007.09.24 06:17:40.992,1.41238,1.41242,1.20,34.40
2007.09.24 06:17:41.244,1.4123,1.4124,1.20,9.40
2007.09.24 06:17:41.584,1.41225,1.41235,3.00,9.40
2007.09.24 06:17:44.875,1.41224,1.41234,13.80,1.00
2007.09.24 06:17:46.293,1.41222,1.41232,4.80,2.40
2007.09.24 06:17:48.654,1.41224,1.41228,4.80,7.80
2007.09.24 06:17:51.884,1.41218,1.41228,27.60,2.40
2007.09.24 06:17:52.433,1.41217,1.41227,9.60,2.40
2007.09.24 06:17:52.719,1.41213,1.41228,8.50,4.80
2007.09.24 06:17:54.156,1.41214,1.41224,8.50,3.00
2007.09.24 06:17:54.404,1.41215,1.4122,2.40,3.00
2007.09.24 06:17:56.713,1.41215,1.4122,5.40,4.80
2007.09.24 06:17:56.752,1.41211,1.41221,6.00,5.40
2007.09.24 06:17:56.825,1.41215,1.4122,7.80,2.40
2007.09.24 06:17:57.048,1.41217,1.41222,6.60,4.20
2007.09.24 06:17:57.085,1.41218,1.41228,3.00,15.00
2007.09.24 06:17:57.320,1.41221,1.41236,11.40,2.40
2007.09.24 06:17:57.452,1.41228,1.41238,2.40,11.20
2007.09.24 06:17:57.589,1.41231,1.41241,6.40,1.20
2007.09.24 06:18:02.092,1.41243,1.41253,7.20,1.20
2007.09.24 06:18:03.500,1.41239,1.41249,10.80,9.40
2007.09.24 06:18:03.920,1.41233,1.41247,3.60,3.40
2007.09.24 06:18:04.028,1.4123,1.4124,8.40,6.00
2007.09.24 06:18:04.193,1.41225,1.4124,2.40,18.90
2007.09.24 06:18:04.356,1.41223,1.41239,10.20,3.00
2007.09.24 06:18:04.803,1.41223,1.41237,8.40,9.40
2007.09.24 06:18:04.948,1.41224,1.41234,5.40,1.20
2007.09.24 06:18:05.018,1.41223,1.41233,4.40,9.20
2007.09.24 06:18:05.317,1.41222,1.41232,1.00,9.60
2007.09.24 06:18:09.879,1.41225,1.41235,1.00,4.80
2007.09.24 06:18:10.927,1.41226,1.41236,10.80,3.00
2007.09.24 06:18:12.487,1.41232,1.41242,16.20,2.50
2007.09.24 06:18:12.579,1.41238,1.41248,7.20,4.20
2007.09.24 06:18:12.788,1.41246,1.41256,7.80,23.40
2007.09.24 06:18:12.895,1.41254,1.41264,5.40,8.40
2007.09.24 06:18:12.999,1.41255,1.41265,3.60,8.80
2007.09.24 06:18:13.255,1.41249,1.41259,11.20,7.20
2007.09.24 06:18:13.411,1.41241,1.41251,6.00,5.40
2007.09.24 06:18:13.829,1.41234,1.41244,7.20,5.40
2007.09.24 06:18:14.019,1.41227,1.41242,10.80,1.00
2007.09.24 06:18:14.171,1.41229,1.41239,5.40,6.00
2007.09.24 06:18:14.380,1.41232,1.41236,11.40,2.40
2007.09.24 06:18:14.588,1.41228,1.41243,6.00,3.00
2007.09.24 06:18:14.795,1.41235,1.41239,8.40,5.70
2007.09.24 06:18:15.545,1.41233,1.41243,6.60,13.00
2007.09.24 06:18:15.884,1.41234,1.41244,7.80,10.30
2007.09.24 06:18:16.223,1.41231,1.41246,23.40,4.20
2007.09.24 06:18:17.349,1.41235,1.41245,3.00,8.40
2007.09.24 06:18:18.510,1.41236,1.41246,13.20,2.40
2007.09.24 06:18:18.705,1.41233,1.41249,15.00,13.20
2007.09.24 06:18:19.776,1.41238,1.41248,10.20,3.00
2007.09.24 06:18:22.628,1.41239,1.41249,6.00,3.00
2007.09.24 06:18:25.512,1.41238,1.41254,2.40,1.00
2007.09.24 06:18:25.756,1.41237,1.41252,10.20,6.00
2007.09.24 06:18:27.997,1.41238,1.41248,21.40,2.40
2007.09.24 06:18:28.309,1.41237,1.41247,3.60,12.10
2007.09.24 06:18:30.375,1.41233,1.41248,10.20,6.40
2007.09.24 06:18:30.715,1.41238,1.41242,28.20,1.80
2007.09.24 06:18:31.056,1.41233,1.41243,13.20,2.40
2007.09.24 06:18:31.203,1.41229,1.41245,2.40,1.00
2007.09.24 06:18:31.395,1.41232,1.41242,6.00,30.00
2007.09.24 06:18:36.382,1.41228,1.41242,4.80,7.20
2007.09.24 06:18:39.348,1.41229,1.41239,1.00,3.90
2007.09.24 06:18:39.375,1.41224,1.41234,4.80,13.80
2007.09.24 06:18:39.461,1.41222,1.41227,3.00,8.80
2007.09.24 06:18:39.545,1.41215,1.41219,3.60,4.80
2007.09.24 06:18:39.939,1.41202,1.41216,11.40,1.00
2007.09.24 06:18:40.628,1.41198,1.41213,4.20,1.00
2007.09.24 06:18:40.979,1.41201,1.41215,2.40,1.20
2007.09.24 06:18:41.632,1.41207,1.41217,4.80,11.80
2007.09.24 06:18:41.831,1.41211,1.41221,6.00,13.90
2007.09.24 06:18:42.028,1.41211,1.41227,4.80,1.20
2007.09.24 06:18:42.229,1.41212,1.41228,9.60,4.80
2007.09.24 06:18:42.427,1.41219,1.41223,12.00,1.20
2007.09.24 06:18:42.627,1.41214,1.41234,4.80,7.80
2007.09.24 06:18:42.871,1.41216,1.41236,7.20,4.80
2007.09.24 06:18:43.118,1.41218,1.41238,8.40,6.00
2007.09.24 06:18:43.599,1.41216,1.41241,3.60,4.80
2007.09.24 06:18:43.783,1.41217,1.41237,14.40,24.60
2007.09.24 06:18:44.811,1.41217,1.41232,2.40,9.00
2007.09.24 06:18:44.935,1.41214,1.41229,7.50,6.00
2007.09.24 06:18:45.365,1.41213,1.41228,10.80,1.20
2007.09.24 06:18:47.108,1.41215,1.41225,11.40,1.00
2007.09.24 06:18:48.957,1.41211,1.41226,2.40,5.70
2007.09.24 06:18:49.909,1.4121,1.41225,4.80,1.20
2007.09.24 06:18:49.969,1.41213,1.41223,11.40,3.00
2007.09.24 06:18:50.459,1.41218,1.41223,6.00,8.40
2007.09.24 06:18:51.004,1.41217,1.41227,10.20,4.80
2007.09.24 06:18:51.292,1.41219,1.41229,18.10,2.40
2007.09.24 06:18:51.705,1.41226,1.41231,7.80,6.10
2007.09.24 06:18:51.911,1.41225,1.4124,14.60,1.20
2007.09.24 06:18:52.117,1.41233,1.41243,2.40,8.50
2007.09.24 06:18:52.562,1.41235,1.41251,1.20,2.40
2007.09.24 06:18:54.189,1.41239,1.41253,23.40,2.40
2007.09.24 06:19:04.512,1.41244,1.41258,4.80,11.40
2007.09.24 06:19:04.844,1.4125,1.41255,20.60,2.40
2007.09.24 06:19:05.019,1.41251,1.41256,1.20,1.00
2007.09.24 06:19:05.185,1.41251,1.41256,3.00,6.00
2007.09.24 06:19:05.529,1.41245,1.41265,7.20,13.20
2007.09.24 06:19:06.506,1.41251,1.41261,2.40,4.80
2007.09.24 06:19:06.814,1.41252,1.41262,4.80,7.20
2007.09.24 06:19:07.370,1.41248,1.41268,2.40,11.20
2007.09.24 06:19:08.570,1.41254,1.41264,1.00,2.40
2007.09.24 06:19:09.285,1.41254,1.41264,1.20,19.10
2007.09.24 06:19:09.373,1.41252,1.41262,2.40,1.00
2007.09.24 06:19:09.460,1.4125,1.4126,2.40,1.60
2007.09.24 06:19:09.548,1.41252,1.41257,7.60,6.00
2007.09.24 06:19:09.636,1.41248,1.41258,22.80,7.20
2007.09.24 06:19:09.720,1.41244,1.41259,14.60,1.20
2007.09.24 06:19:09.804,1.41244,1.41259,4.80,10.20
2007.09.24 06:19:09.888,1.41245,1.4126,3.00,9.60
2007.09.24 06:19:10.056,1.41245,1.4126,7.20,9.60
2007.09.24 06:19:10.157,1.41244,1.41259,6.00,5.70
2007.09.24 06:19:10.246,1.41243,1.41258,15.00,1.80
2007.09.24 06:19:10.499,1.41247,1.41252,9.60,4.80
2007.09.24 06:19:10.584,1.41245,1.41255,8.40,6.00
2007.09.24 06:19:10.921,1.41241,1.41261,4.80,7.80
2007.09.24 06:19:11.264,1.41245,1.4126,23.40,8.40
2007.09.24 06:19:11.472,1.41249,1.41259,12.10,2.40
2007.09.24 06:19:13.555,1.4125,1.4126,4.80,2.40
2007.09.24 06:19:13.662,1.41252,1.41262,3.60,3.00
2007.09.24 06:19:13.838,1.41251,1.41266,10.20,6.00
2007.09.24 06:19:13.968,1.41252,1.41268,14.40,1.00
2007.09.24 06:19:14.180,1.41253,1.41269,2.40,1.10
2007.09.24 06:19:16.880,1.41258,1.41268,3.00,9.90
2007.09.24 06:19:16.953,1.41261,1.41271,1.20,3.00
2007.09.24 06:19:17.096,1.41266,1.41276,4.60,6.00
2007.09.24 06:19:17.240,1.41269,1.41279,3.00,4.80
2007.09.24 06:19:17.456,1.41265,1.41279,6.00,1.00
2007.09.24 06:19:17.676,1.41261,1.41271,6.00,4.80
2007.09.24 06:19:18.044,1.41255,1.41265,13.80,27.60
2007.09.24 06:19:18.780,1.41252,1.41262,9.60,11.40
2007.09.24 06:19:24.189,1.41252,1.41257,2.40,2.40
2007.09.24 06:19:24.330,1.41247,1.41262,3.00,9.90
2007.09.24 06:19:24.435,1.41249,1.41259,7.80,12.60
2007.09.24 06:19:24.540,1.41248,1.41263,7.20,6.00
2007.09.24 06:19:25.760,1.41248,1.41264,5.40,15.00
2007.09.24 06:19:26.656,1.41249,1.41265,10.20,3.00
2007.09.24 06:19:26.898,1.41248,1.41263,4.80,7.20
2007.09.24 06:19:27.034,1.41248,1.41262,1.20,1.80
2007.09.24 06:19:27.319,1.41246,1.4126,2.40,10.60
2007.09.24 06:19:28.783,1.41248,1.41258,9.00,2.40
2007.09.24 06:19:33.246,1.41249,1.41259,2.40,1.00
2007.09.24 06:19:33.313,1.41249,1.41259,1.00,2.40
2007.09.24 06:19:33.561,1.41249,1.41259,1.00,8.40
2007.09.24 06:19:33.602,1.4125,1.41255,3.10,6.30
2007.09.24 06:19:34.121,1.41245,1.41261,2.40,10.20
2007.09.24 06:19:34.191,1.41248,1.41263,17.40,4.20
2007.09.24 06:19:36.606,1.41248,1.41263,7.80,12.00
2007.09.24 06:19:38.659,1.41252,1.41262,8.40,4.20
2007.09.24 06:19:38.803,1.41256,1.41261,2.40,5.20
2007.09.24 06:19:39.040,1.41257,1.41262,7.20,4.80
2007.09.24 06:19:39.280,1.41254,1.41264,2.40,6.00
2007.09.24 06:19:39.516,1.41252,1.41262,9.00,20.50
2007.09.24 06:19:39.752,1.41251,1.41261,11.40,6.00
2007.09.24 06:19:40.028,1.41249,1.41259,7.20,9.60
2007.09.24 06:19:40.304,1.41247,1.41257,16.20,3.60
2007.09.24 06:19:40.580,1.41248,1.41253,7.20,16.80
2007.09.24 06:19:40.856,1.41244,1.41254,11.40,6.40
2007.09.24 06:19:41.172,1.41245,1.4125,7.20,6.00
2007.09.24 06:19:41.808,1.41241,1.41251,5.40,11.80
2007.09.24 06:19:42.028,1.41243,1.41248,18.00,10.50
2007.09.24 06:19:42.256,1.4124,1.4125,8.80,3.00
2007.09.24 06:19:42.478,1.41244,1.41249,2.40,9.00
2007.09.24 06:19:42.700,1.41246,1.4125,2.40,15.60
2007.09.24 06:19:43.160,1.41245,1.41255,5.40,4.80
2007.09.24 06:19:43.400,1.41245,1.41255,6.60,8.50
2007.09.24 06:19:43.636,1.41245,1.41255,25.20,5.50
2007.09.24 06:19:44.344,1.41246,1.41251,13.80,6.10
2007.09.24 06:19:44.580,1.4124,1.41255,2.40,1.80
2007.09.24 06:19:44.816,1.41245,1.4125,1.80,2.40
2007.09.24 06:19:45.156,1.41247,1.41252,13.40,7.20
2007.09.24 06:19:45.492,1.41246,1.41256,6.60,5.40
2007.09.24 06:19:45.832,1.41249,1.41255,9.00,3.40
2007.09.24 06:19:46.120,1.41251,1.41256,3.60,19.60
2007.09.24 06:19:46.404,1.41252,1.41257,7.80,1.00
2007.09.24 06:19:46.691,1.41249,1.41263,4.80,4.20
2007.09.24 06:19:46.977,1.41247,1.41262,9.00,26.40
2007.09.24 06:19:47.191,1.41241,1.41265,4.80,14.40
2007.09.24 06:19:47.404,1.41241,1.41261,5.40,3.00
2007.09.24 06:19:47.616,1.41235,1.41255,10.80,3.00
2007.09.24 06:19:47.841,1.41236,1.4124,7.20,5.40
2007.09.24 06:19:48.056,1.41224,1.41239,7.80,9.60
2007.09.24 06:19:48.449,1.41223,1.41233,3.00,2.80
2007.09.24 06:19:48.648,1.41226,1.41241,11.40,2.40
2007.09.24 06:19:48.844,1.41237,1.41242,6.00,3.00
2007.09.24 06:19:49.296,1.4124,1.4125,46.80,10.80
2007.09.24 06:19:49.556,1.41246,1.41251,11.40,13.20
2007.09.24 06:19:49.812,1.41246,1.41256,17.40,4.80
2007.09.24 06:19:50.068,1.41242,1.41262,7.80,7.80
2007.09.24 06:19:50.348,1.41246,1.41261,6.60,5.40
2007.09.24 06:19:50.911,1.41248,1.41258,1.20,2.40
2007.09.24 06:19:51.483,1.41245,1.41257,17.40,4.80
2007.09.24 06:19:51.782,1.41248,1.41252,7.80,1.00
2007.09.24 06:19:52.080,1.4124,1.4126,6.00,2.40
2007.09.24 06:19:52.376,1.41246,1.41251,6.00,1.90
2007.09.24 06:19:52.740,1.4124,1.4126,2.40,2.70
2007.09.24 06:19:52.920,1.41242,1.41262,7.80,12.60
2007.09.24 06:19:53.540,1.41242,1.41262,8.40,4.30
2007.09.24 06:19:53.800,1.41248,1.41258,2.40,3.00
2007.09.24 06:19:54.061,1.41248,1.41258,2.40,3.00
2007.09.24 06:19:54.321,1.41244,1.41259,2.40,9.00
2007.09.24 06:19:54.924,1.41241,1.41261,4.20,10.20
2007.09.24 06:19:55.172,1.41245,1.41255,7.20,3.20
2007.09.24 06:19:55.296,1.41246,1.41251,7.80,10.20
2007.09.24 06:19:55.508,1.41243,1.41253,18.00,3.00
2007.09.24 06:19:55.724,1.41247,1.41252,4.80,16.90
2007.09.24 06:19:56.148,1.41246,1.41256,2.40,2.90
2007.09.24 06:19:56.360,1.41247,1.41257,9.60,3.00
2007.09.24 06:19:56.576,1.41245,1.4126,4.80,1.20
2007.09.24 06:19:56.792,1.41249,1.41259,3.60,12.00
2007.09.24 06:19:57.010,1.41251,1.41261,11.40,5.70
2007.09.24 06:19:57.228,1.41248,1.41263,9.00,2.40
2007.09.24 06:19:57.709,1.41249,1.41259,9.00,1.00
2007.09.24 06:19:57.977,1.41248,1.41258,13.80,3.00
2007.09.24 06:19:58.508,1.41244,1.41254,1.00,4.80
2007.09.24 06:19:58.767,1.4124,1.41255,7.80,6.10
2007.09.24 06:19:58.895,1.41239,1.41254,1.20,2.80
2007.09.24 06:19:59.021,1.4124,1.4125,7.20,19.60
2007.09.24 06:19:59.148,1.41241,1.41246,6.60,2.40
2007.09.24 06:19:59.396,1.41237,1.41247,2.40,6.10
2007.09.24 06:19:59.968,1.41238,1.41244,2.40,1.20
2007.09.24 06:20:04.644,1.41232,1.41236,11.40,5.70
2007.09.24 06:20:05.054,1.4123,1.41245,3.60,18.40
2007.09.24 06:20:05.261,1.41237,1.41247,41.80,2.40
2007.09.24 06:20:05.474,1.41239,1.41254,1.20,7.50
2007.09.24 06:20:05.910,1.41243,1.41258,2.40,18.40
2007.09.24 06:20:06.560,1.41244,1.41259,11.40,9.00
2007.09.24 06:20:08.489,1.4125,1.41255,12.00,8.40
2007.09.24 06:20:08.736,1.41245,1.41255,1.20,8.20
2007.09.24 06:20:08.929,1.41239,1.41259,2.50,11.10
2007.09.24 06:20:09.123,1.4124,1.41255,12.60,4.20
2007.09.24 06:20:09.317,1.4124,1.41255,3.00,4.80
2007.09.24 06:20:09.509,1.41239,1.41254,8.40,4.80
2007.09.24 06:20:12.017,1.41238,1.41253,2.40,1.00
2007.09.24 06:20:12.221,1.41241,1.41251,5.40,9.00
2007.09.24 06:20:12.427,1.4124,1.41255,2.40,14.40
2007.09.24 06:20:12.634,1.41239,1.41254,12.00,3.00
2007.09.24 06:20:12.840,1.41237,1.41252,3.00,15.00
2007.09.24 06:20:15.402,1.41235,1.4125,10.80,4.80
2007.09.24 06:20:15.945,1.41229,1.41244,2.40,3.30
2007.09.24 06:20:17.970,1.41226,1.4123,8.20,2.40
2007.09.24 06:20:18.122,1.41219,1.41223,18.60,2.40
2007.09.24 06:20:18.262,1.41213,1.41223,6.00,1.00
2007.09.24 06:20:18.401,1.41218,1.41223,4.20,2.40
2007.09.24 06:20:18.834,1.41222,1.41232,7.20,14.20
2007.09.24 06:20:18.977,1.41229,1.41239,10.20,4.80
2007.09.24 06:20:19.117,1.41234,1.41244,3.60,3.00
2007.09.24 06:20:19.369,1.41235,1.41249,7.20,7.30
2007.09.24 06:20:19.621,1.41241,1.41251,9.00,7.80
2007.09.24 06:20:19.873,1.41242,1.41258,7.80,4.80
2007.09.24 06:20:20.124,1.41243,1.41259,27.60,4.80
2007.09.24 06:20:25.456,1.41245,1.4126,5.40,2.40
2007.09.24 06:20:25.670,1.41247,1.41262,11.40,1.00
2007.09.24 06:20:25.777,1.41246,1.41261,4.80,13.30
2007.09.24 06:20:25.813,1.4125,1.4126,6.00,2.40
2007.09.24 06:20:26.059,1.41246,1.41261,36.00,11.40
2007.09.24 06:20:29.274,1.41246,1.41256,9.00,3.10
2007.09.24 06:20:29.525,1.41242,1.41257,12.60,4.80
2007.09.24 06:20:29.736,1.41241,1.41256,3.00,2.40
2007.09.24 06:20:32.345,1.41242,1.41252,1.80,2.40
2007.09.24 06:20:38.435,1.41238,1.41253,4.20,5.10
2007.09.24 06:20:38.785,1.41239,1.41249,10.80,3.30
2007.09.24 06:20:38.905,1.41239,1.41244,1.20,2.40
2007.09.24 06:20:39.253,1.41232,1.41242,3.00,12.00
2007.09.24 06:20:39.551,1.41233,1.41237,7.20,22.00
2007.09.24 06:20:40.155,1.41232,1.41237,7.80,2.40
2007.09.24 06:20:40.401,1.41228,1.41238,8.40,9.60
2007.09.24 06:20:40.890,1.41229,1.41233,18.30,10.20
2007.09.24 06:20:41.384,1.41226,1.41242,9.00,2.40
2007.09.24 06:20:41.508,1.4123,1.4124,4.80,7.20
2007.09.24 06:20:43.365,1.41237,1.41241,12.60,2.40
2007.09.24 06:20:43.441,1.41242,1.41246,3.00,3.00
2007.09.24 06:20:43.673,1.41248,1.41252,18.00,1.20
2007.09.24 06:20:45.823,1.41255,1.41261,4.80,10.90
2007.09.24 06:20:45.962,1.41262,1.41272,15.90,6.00
2007.09.24 06:20:46.098,1.41272,1.41282,11.40,1.00
2007.09.24 06:20:46.448,1.41281,1.41291,7.20,9.00
2007.09.24 06:20:46.574,1.41287,1.41291,8.40,2.40
2007.09.24 06:20:46.648,1.4128,1.41284,4.80,3.60
2007.09.24 06:20:47.182,1.41269,1.41279,7.80,25.30
2007.09.24 06:20:47.409,1.41265,1.4127,1.00,4.80
2007.09.24 06:20:47.507,1.41253,1.41273,6.00,8.40
2007.09.24 06:20:47.696,1.41256,1.41261,10.20,1.00
2007.09.24 06:20:47.796,1.41255,1.4126,5.20,4.50
2007.09.24 06:20:47.989,1.41254,1.41259,6.60,8.40
2007.09.24 06:20:48.084,1.41248,1.41263,16.90,2.40
2007.09.24 06:20:48.182,1.41248,1.41263,8.40,6.60
2007.09.24 06:20:48.709,1.41249,1.41264,1.00,1.00
2007.09.24 06:20:49.036,1.41253,1.41263,1.00,2.40
2007.09.24 06:20:55.082,1.41257,1.41262,2.40,4.80
2007.09.24 06:20:55.303,1.4126,1.41265,3.00,2.40
2007.09.24 06:20:55.929,1.41262,1.41272,5.40,6.10
2007.09.24 06:20:56.200,1.41269,1.41279,2.40,9.90
2007.09.24 06:20:58.695,1.41278,1.41283,7.20,4.80
2007.09.24 06:20:59.065,1.4128,1.4129,7.20,7.20
2007.09.24 06:21:02.584,1.41263,1.41273,6.60,7.20
2007.09.24 06:21:04.491,1.41261,1.41267,21.80,1.00
2007.09.24 06:21:04.943,1.41256,1.41266,9.00,7.80
2007.09.24 06:21:05.004,1.41255,1.41265,3.60,5.40
2007.09.24 06:21:05.064,1.41256,1.41261,2.40,10.20
2007.09.24 06:21:05.183,1.41254,1.41259,3.00,4.20
2007.09.24 06:21:05.511,1.41253,1.41258,2.40,9.60
2007.09.24 06:21:07.477,1.41251,1.41256,4.20,9.00
2007.09.24 06:21:07.721,1.41251,1.41256,8.40,1.00
2007.09.24 06:21:07.832,1.41245,1.4126,27.60,2.40
2007.09.24 06:21:07.888,1.41246,1.41256,4.60,6.00
2007.09.24 06:21:08.103,1.41242,1.41257,9.60,11.70
2007.09.24 06:21:08.371,1.41243,1.41253,2.40,1.00
2007.09.24 06:21:08.427,1.41245,1.41255,8.40,1.80
2007.09.24 06:21:08.539,1.41246,1.41256,4.80,7.20
2007.09.24 06:21:08.883,1.41248,1.41258,3.00,2.40
2007.09.24 06:21:09.059,1.41252,1.41257,13.80,3.00
2007.09.24 06:21:09.424,1.41254,1.41259,10.20,1.00
2007.09.24 06:21:09.600,1.41252,1.41262,4.80,10.20
2007.09.24 06:21:09.776,1.41256,1.41261,2.40,3.00
2007.09.24 06:21:09.834,1.41256,1.41261,2.40,13.30
2007.09.24 06:21:09.960,1.41252,1.41262,6.60,1.00
2007.09.24 06:21:10.137,1.41249,1.41259,16.20,2.40
2007.09.24 06:21:11.791,1.41248,1.41258,5.40,7.20
2007.09.24 06:21:12.641,1.41246,1.41256,13.80,10.80
2007.09.24 06:21:13.141,1.41245,1.41255,2.40,2.40
2007.09.24 06:21:13.349,1.41239,1.41259,4.80,4.00
2007.09.24 06:21:13.560,1.4124,1.41256,1.00,7.80
2007.09.24 06:21:13.768,1.41237,1.41252,15.00,7.20
2007.09.24 06:21:13.976,1.41232,1.41246,9.60,4.80
2007.09.24 06:21:14.139,1.41226,1.41242,4.30,4.80
2007.09.24 06:21:14.298,1.41221,1.41231,6.00,2.20
2007.09.24 06:21:14.815,1.41214,1.41224,14.40,2.40
2007.09.24 06:21:18.047,1.41215,1.41225,2.40,6.60
2007.09.24 06:21:18.882,1.41224,1.4123,11.40,2.40
2007.09.24 06:21:20.893,1.4123,1.4124,4.80,9.60
2007.09.24 06:21:21.059,1.41238,1.41248,5.40,15.00
2007.09.24 06:21:21.115,1.41244,1.41254,6.00,6.00
2007.09.24 06:21:21.545,1.41248,1.41258,6.60,5.40
2007.09.24 06:21:22.644,1.41252,1.41256,5.40,2.40
2007.09.24 06:21:22.819,1.41248,1.41258,6.60,5.40
2007.09.24 06:21:23.083,1.41244,1.4126,21.00,3.00
2007.09.24 06:21:23.259,1.41241,1.41261,12.00,2.40
2007.09.24 06:21:23.757,1.41242,1.41257,16.50,2.40
2007.09.24 06:21:24.217,1.41243,1.41253,2.40,1.20
2007.09.24 06:21:25.175,1.41237,1.41262,8.40,3.00
2007.09.24 06:21:25.375,1.41241,1.41261,1.20,1.00
2007.09.24 06:21:25.575,1.41244,1.41259,4.80,2.40
2007.09.24 06:21:25.844,1.41248,1.41258,6.00,3.10
2007.09.24 06:21:26.357,1.41247,1.41262,4.80,7.20
2007.09.24 06:21:27.957,1.41251,1.41261,11.60,5.50
2007.09.24 06:21:28.017,1.4125,1.4126,1.00,11.50
2007.09.24 06:21:28.211,1.4125,1.4126,2.40,10.30
2007.09.24 06:21:28.259,1.41248,1.41263,11.40,7.80
2007.09.24 06:21:30.300,1.4125,1.4126,7.80,1.00
2007.09.24 06:21:30.428,1.41251,1.41261,4.80,5.80
2007.09.24 06:21:30.555,1.4125,1.41265,19.20,10.20
2007.09.24 06:21:31.151,1.4125,1.41265,23.40,4.20
2007.09.24 06:21:33.004,1.41251,1.41266,2.40,10.30
2007.09.24 06:21:33.099,1.41252,1.41267,23.40,4.20
2007.09.24 06:21:33.196,1.41256,1.41266,7.20,8.80
2007.09.24 06:21:33.391,1.41255,1.41271,8.40,10.90
2007.09.24 06:21:33.487,1.41257,1.41272,6.60,3.00
2007.09.24 06:21:33.583,1.41261,1.41271,7.80,14.40
2007.09.24 06:21:33.679,1.41262,1.41272,2.40,4.80
2007.09.24 06:21:34.119,1.41262,1.41272,8.40,7.20
2007.09.24 06:21:34.367,1.41257,1.41273,14.40,2.40
2007.09.24 06:21:34.616,1.41254,1.41274,1.80,5.50
2007.09.24 06:21:34.866,1.41262,1.41266,2.40,9.10
2007.09.24 06:21:35.016,1.41257,1.41267,2.40,10.20
2007.09.24 06:21:35.164,1.41256,1.41266,5.40,7.20
2007.09.24 06:21:35.478,1.41258,1.41268,11.40,11.60
2007.09.24 06:21:36.947,1.41262,1.41267,6.00,6.00
2007.09.24 06:21:37.211,1.41258,1.41273,1.20,7.00
2007.09.24 06:21:37.467,1.41263,1.41277,6.00,3.00
2007.09.24 06:21:37.723,1.41264,1.41284,1.00,2.40
2007.09.24 06:21:37.979,1.41269,1.41289,4.80,1.20
2007.09.24 06:21:39.576,1.41277,1.41292,2.40,12.40
2007.09.24 06:21:39.772,1.41289,1.41295,7.80,6.60
2007.09.24 06:21:40.163,1.41288,1.41298,4.80,4.80
2007.09.24 06:21:40.691,1.41282,1.41297,25.30,7.20
2007.09.24 06:21:40.867,1.41276,1.41291,21.60,4.80
2007.09.24 06:21:41.624,1.41274,1.41284,6.60,11.70
2007.09.24 06:21:42.112,1.41265,1.41285,7.20,4.80
2007.09.24 06:21:42.452,1.41269,1.41275,4.80,9.60
2007.09.24 06:21:42.623,1.4126,1.41275,2.40,2.40
2007.09.24 06:21:42.868,1.41255,1.41275,11.40,8.40
2007.09.24 06:21:43.937,1.41255,1.4127,6.00,2.40
2007.09.24 06:21:44.620,1.4125,1.41265,28.20,8.40
2007.09.24 06:21:45.527,1.41248,1.41258,4.20,13.80
2007.09.24 06:21:46.300,1.41246,1.41256,8.50,4.80
2007.09.24 06:21:48.627,1.41245,1.41255,3.60,4.80
2007.09.24 06:21:49.422,1.41241,1.41256,2.40,22.30
2007.09.24 06:21:49.767,1.41238,1.41258,10.20,4.80
2007.09.24 06:21:51.319,1.41238,1.41258,2.40,8.10
2007.09.24 06:21:53.999,1.41244,1.41254,2.40,2.40
2007.09.24 06:21:54.099,1.41239,1.41259,4.80,3.60
2007.09.24 06:21:54.199,1.41238,1.41258,5.40,13.20
2007.09.24 06:21:54.299,1.41242,1.41257,4.30,4.80
2007.09.24 06:21:54.603,1.41244,1.41259,2.40,7.80
2007.09.24 06:21:55.167,1.41244,1.41259,3.00,7.00
2007.09.24 06:21:55.465,1.41243,1.41258,2.40,7.20
2007.09.24 06:21:55.743,1.41243,1.41253,9.60,4.80
2007.09.24 06:21:56.019,1.41239,1.41254,12.00,11.40
2007.09.24 06:21:56.279,1.41237,1.41252,11.40,2.40
2007.09.24 06:21:56.540,1.41234,1.4125,6.60,2.40
2007.09.24 06:22:02.280,1.41227,1.41241,14.40,5.40
2007.09.24 06:22:02.519,1.41231,1.41246,2.40,11.40
2007.09.24 06:22:03.083,1.41236,1.41251,2.40,7.50
2007.09.24 06:22:03.272,1.4124,1.41255,6.60,4.80
2007.09.24 06:22:04.455,1.41247,1.41257,16.60,3.60
2007.09.24 06:22:04.797,1.4125,1.4126,2.40,11.70
2007.09.24 06:22:05.135,1.41252,1.41262,4.20,21.60
2007.09.24 06:22:05.475,1.41253,1.41263,1.00,3.00
2007.09.24 06:22:05.818,1.41253,1.41263,1.20,13.20
2007.09.24 06:22:06.116,1.41254,1.41259,4.80,3.00
2007.09.24 06:22:06.267,1.41252,1.41257,3.60,3.00
2007.09.24 06:22:06.415,1.41251,1.41256,6.60,2.40
2007.09.24 06:22:06.563,1.4125,1.41255,2.40,1.00
2007.09.24 06:22:06.783,1.41251,1.41256,2.40,6.00
2007.09.24 06:22:07.003,1.41252,1.41257,4.80,11.40
2007.09.24 06:22:07.885,1.41248,1.41258,8.40,10.20
2007.09.24 06:22:08.047,1.41245,1.41255,12.20,2.40
2007.09.24 06:22:08.367,1.41241,1.41251,7.30,1.00
2007.09.24 06:22:08.527,1.41233,1.41243,2.40,3.30
2007.09.24 06:22:09.009,1.41224,1.41239,1.00,6.00
2007.09.24 06:22:11.199,1.41226,1.4123,7.80,4.80
2007.09.24 06:22:11.526,1.41227,1.41237,5.40,11.20
2007.09.24 06:22:11.853,1.41233,1.41243,4.80,2.70
2007.09.24 06:22:12.455,1.41237,1.41247,7.20,1.20
2007.09.24 06:22:12.608,1.41242,1.41248,3.60,1.00
2007.09.24 06:22:12.932,1.41244,1.4125,24.60,4.20
2007.09.24 06:22:13.151,1.41246,1.41251,2.40,1.00
2007.09.24 06:22:13.369,1.41248,1.41258,3.90,14.10
2007.09.24 06:22:13.587,1.41252,1.41262,4.20,7.20
2007.09.24 06:22:14.019,1.41254,1.41264,5.40,5.40
2007.09.24 06:22:14.374,1.41256,1.41262,4.80,19.60
2007.09.24 06:22:14.703,1.41255,1.41265,8.40,4.80
2007.09.24 06:22:15.044,1.41259,1.41264,6.60,11.70
2007.09.24 06:22:15.186,1.41249,1.41269,4.80,4.80
2007.09.24 06:22:15.707,1.41253,1.41263,2.40,6.60
2007.09.24 06:22:16.478,1.41251,1.41261,4.80,8.40
2007.09.24 06:22:18.158,1.41249,1.41259,12.60,9.00
2007.09.24 06:22:18.975,1.41249,1.41259,12.60,2.40
2007.09.24 06:22:21.233,1.41251,1.41255,14.40,2.40
2007.09.24 06:22:21.336,1.41247,1.41257,10.20,6.00
2007.09.24 06:22:21.436,1.4125,1.41256,5.40,2.40
2007.09.24 06:22:21.536,1.41251,1.41255,6.00,6.00
2007.09.24 06:22:21.638,1.41249,1.41259,2.40,3.00
2007.09.24 06:22:21.863,1.41251,1.41261,14.60,5.40
2007.09.24 06:22:22.044,1.41249,1.41264,1.20,1.80
2007.09.24 06:22:22.379,1.41253,1.41258,8.40,7.80
2007.09.24 06:22:22.619,1.41252,1.41257,12.60,2.40
2007.09.24 06:22:22.861,1.41246,1.41261,10.20,11.50
2007.09.24 06:22:23.088,1.41248,1.41258,4.80,6.10
2007.09.24 06:22:23.331,1.41244,1.41259,7.20,9.00
2007.09.24 06:22:23.671,1.41245,1.41255,2.40,6.00
2007.09.24 06:22:24.024,1.41241,1.41256,2.40,13.20
2007.09.24 06:22:24.351,1.41241,1.41256,16.50,2.40
2007.09.24 06:22:24.588,1.41242,1.41257,2.40,16.80
2007.09.24 06:22:24.742,1.41246,1.41256,1.20,8.60
2007.09.24 06:22:24.824,1.41248,1.41262,4.80,3.60
2007.09.24 06:22:25.059,1.41254,1.41269,3.60,3.40
2007.09.24 06:22:25.295,1.41262,1.41277,5.40,7.80
2007.09.24 06:22:25.459,1.41266,1.41282,2.40,20.40
2007.09.24 06:22:25.637,1.41268,1.41278,2.40,6.00
2007.09.24 06:22:25.803,1.41265,1.41279,1.20,3.00
2007.09.24 06:22:25.968,1.4126,1.41275,3.00,13.20
2007.09.24 06:22:26.143,1.41258,1.41273,9.00,1.80
2007.09.24 06:22:26.308,1.41257,1.41272,21.60,4.80
2007.09.24 06:22:26.522,1.4126,1.41266,4.80,9.40
2007.09.24 06:22:26.723,1.41259,1.41264,12.00,2.40
2007.09.24 06:22:26.925,1.41251,1.41267,7.80,9.60
2007.09.24 06:22:27.127,1.41248,1.41264,1.20,2.40
2007.09.24 06:22:27.327,1.41239,1.41264,10.80,9.70
2007.09.24 06:22:27.551,1.41243,1.41259,2.40,14.40
2007.09.24 06:22:27.775,1.41247,1.41252,7.80,8.50
2007.09.24 06:22:27.999,1.41246,1.4125,7.20,15.00
2007.09.24 06:22:28.225,1.41246,1.41251,16.20,2.40
2007.09.24 06:22:28.451,1.41242,1.41258,6.00,4.80
2007.09.24 06:22:28.759,1.41243,1.41259,6.00,6.00
2007.09.24 06:22:29.067,1.41245,1.4126,2.40,1.00
2007.09.24 06:22:29.375,1.41246,1.41262,9.60,10.80
2007.09.24 06:22:29.903,1.41248,1.41258,7.80,9.00
2007.09.24 06:22:30.751,1.41247,1.41257,4.80,4.80
2007.09.24 06:22:30.872,1.41246,1.41256,7.80,9.60
2007.09.24 06:22:31.111,1.41248,1.41258,2.40,3.00
2007.09.24 06:22:31.231,1.41245,1.4126,2.40,3.00
2007.09.24 06:22:31.353,1.41247,1.41257,2.40,1.00
2007.09.24 06:22:31.475,1.41246,1.41256,21.60,4.80
2007.09.24 06:22:34.366,1.41245,1.41255,10.20,28.50
2007.09.24 06:22:34.431,1.41246,1.41251,16.20,1.80
2007.09.24 06:22:34.608,1.41243,1.41253,2.40,12.00
2007.09.24 06:22:34.983,1.41242,1.41257,2.40,4.80
2007.09.24 06:22:35.444,1.41243,1.41258,7.20,8.80
2007.09.24 06:22:36.278,1.41245,1.41255,11.40,4.80
2007.09.24 06:22:36.903,1.41241,1.41256,5.40,1.20
2007.09.24 06:22:40.061,1.4124,1.41255,2.40,11.70
2007.09.24 06:22:42.435,1.41236,1.41256,1.00,2.40
2007.09.24 06:22:49.638,1.41238,1.41258,6.60,8.50
2007.09.24 06:22:52.192,1.41241,1.41256,6.00,4.20
2007.09.24 06:22:52.277,1.41242,1.41257,12.60,1.80
2007.09.24 06:22:52.379,1.41242,1.41257,6.00,7.20
2007.09.24 06:22:52.480,1.41244,1.41259,2.40,4.80
2007.09.24 06:22:52.779,1.41246,1.41261,6.00,4.80
2007.09.24 06:22:53.483,1.41246,1.41266,6.60,3.60
2007.09.24 06:22:54.795,1.41248,1.41268,1.00,3.60
2007.09.24 06:23:07.460,1.41253,1.41263,1.00,2.40
2007.09.24 06:23:08.126,1.41249,1.41259,13.80,2.40
2007.09.24 06:23:08.425,1.41245,1.41255,2.40,6.10
2007.09.24 06:23:08.723,1.4124,1.4125,25.20,5.50
2007.09.24 06:23:08.947,1.41238,1.41248,10.60,1.20
2007.09.24 06:23:09.169,1.41235,1.4125,24.40,5.20
2007.09.24 06:23:09.829,1.41236,1.41246,9.60,4.80
2007.09.24 06:23:10.109,1.41234,1.41244,14.40,1.00
2007.09.24 06:23:10.396,1.41232,1.41242,4.80,8.30
2007.09.24 06:23:10.677,1.41231,1.41241,13.20,5.40
2007.09.24 06:23:10.997,1.41232,1.41237,2.40,9.30
2007.09.24 06:23:12.478,1.41227,1.41237,24.60,2.40
2007.09.24 06:23:12.586,1.41219,1.41234,2.40,9.00
2007.09.24 06:23:12.812,1.41217,1.41227,1.00,13.90
2007.09.24 06:23:13.834,1.41215,1.41221,9.00,7.20
2007.09.24 06:23:14.221,1.41214,1.4122,8.40,17.80
2007.09.24 06:23:14.509,1.41214,1.41224,11.40,1.20
2007.09.24 06:23:15.685,1.41215,1.41231,2.40,5.70
2007.09.24 06:23:15.761,1.41225,1.41229,6.60,8.40
2007.09.24 06:23:16.065,1.41227,1.41233,10.50,4.80
2007.09.24 06:23:16.434,1.41229,1.41234,8.40,1.90
2007.09.24 06:23:25.567,1.41228,1.41238,7.20,9.60
2007.09.24 06:23:25.601,1.41232,1.41237,2.40,6.00
2007.09.24 06:23:25.649,1.41234,1.41239,14.70,7.20
2007.09.24 06:23:25.737,1.41236,1.4124,7.20,6.60
2007.09.24 06:23:25.853,1.41236,1.41242,7.20,12.00
2007.09.24 06:23:25.920,1.41238,1.41242,1.00,4.40
2007.09.24 06:23:26.078,1.41236,1.41246,3.60,14.60
2007.09.24 06:23:26.322,1.41235,1.41251,1.20,2.40
2007.09.24 06:23:27.644,1.41242,1.41246,12.60,2.40
2007.09.24 06:23:32.396,1.41242,1.41246,17.70,3.00
2007.09.24 06:23:36.981,1.41238,1.41253,24.00,6.00
2007.09.24 06:23:37.153,1.41244,1.41249,2.40,3.00
2007.09.24 06:23:37.243,1.41238,1.41253,9.00,4.80
2007.09.24 06:23:37.289,1.41245,1.41249,4.80,2.40
2007.09.24 06:23:37.550,1.41246,1.41251,4.80,3.00
2007.09.24 06:23:37.833,1.41247,1.41253,14.40,2.40
2007.09.24 06:23:38.178,1.41252,1.41257,7.80,5.40
2007.09.24 06:23:38.518,1.41257,1.41262,2.40,2.40
2007.09.24 06:23:38.860,1.4126,1.4127,1.00,5.40
2007.09.24 06:23:39.005,1.41269,1.41274,1.00,4.80
2007.09.24 06:23:39.149,1.41271,1.41277,21.00,1.80
2007.09.24 06:23:41.697,1.41267,1.41272,16.20,2.40
2007.09.24 06:23:41.833,1.41258,1.41268,22.80,2.40
2007.09.24 06:23:41.970,1.41253,1.41259,3.00,15.00
2007.09.24 06:23:43.920,1.4125,1.41255,17.40,6.00
2007.09.24 06:23:44.213,1.41246,1.4125,4.80,1.50
2007.09.24 06:23:44.450,1.41241,1.41247,16.50,2.40
2007.09.24 06:23:44.880,1.41238,1.41248,4.80,7.80
2007.09.24 06:23:46.541,1.4124,1.41244,3.60,12.00
2007.09.24 06:23:46.577,1.41238,1.41244,7.20,8.80
2007.09.24 06:23:46.655,1.41239,1.41245,4.80,2.40
2007.09.24 06:23:47.100,1.4124,1.41246,7.80,6.80
2007.09.24 06:23:47.780,1.41242,1.41247,4.80,9.60
2007.09.24 06:23:49.239,1.41243,1.41248,2.40,3.30
2007.09.24 06:23:49.353,1.41243,1.41248,2.40,1.00
2007.09.24 06:23:49.670,1.41244,1.41249,2.20,2.50
2007.09.24 06:23:49.726,1.41245,1.4125,4.80,9.00
2007.09.24 06:23:49.781,1.41247,1.41252,3.60,2.40
2007.09.24 06:23:50.061,1.41247,1.41252,9.00,4.80
2007.09.24 06:23:50.229,1.41244,1.41249,24.00,2.40
2007.09.24 06:23:50.340,1.41243,1.41248,7.80,8.20
2007.09.24 06:23:50.617,1.41242,1.41247,2.40,4.80
2007.09.24 06:23:53.241,1.41241,1.41246,1.80,2.40
2007.09.24 06:23:53.586,1.41237,1.41247,3.00,5.40
2007.09.24 06:23:53.936,1.41233,1.41243,8.40,2.40
2007.09.24 06:23:58.852,1.41229,1.41239,1.00,3.60
2007.09.24 06:23:59.081,1.4123,1.41235,10.20,4.80
2007.09.24 06:23:59.769,1.4123,1.41235,24.60,4.20
2007.09.24 06:24:05.619,1.41266,1.4127,6.00,5.50
2007.09.24 06:24:13.445,1.41262,1.41266,6.00,7.80
2007.09.24 06:24:13.545,1.41252,1.41267,7.20,1.20
2007.09.24 06:24:13.642,1.41252,1.41257,9.60,9.00
2007.09.24 06:24:13.848,1.41245,1.41255,7.90,10.20
2007.09.24 06:24:14.218,1.41244,1.41249,11.40,4.80
2007.09.24 06:24:14.390,1.41243,1.41247,5.40,4.20
2007.09.24 06:24:17.101,1.4124,1.41246,2.40,5.40
2007.09.24 06:24:18.013,1.41238,1.41248,2.40,9.00
2007.09.24 06:24:18.161,1.41239,1.41244,6.60,4.80
2007.09.24 06:24:18.309,1.41235,1.41245,4.80,1.00
2007.09.24 06:24:18.457,1.41236,1.41241,12.60,2.40
2007.09.24 06:24:18.605,1.41235,1.41245,1.00,17.40
2007.09.24 06:24:18.944,1.41236,1.41246,8.20,7.20
2007.09.24 06:24:19.338,1.41239,1.41244,1.00,7.20
2007.09.24 06:24:19.533,1.41235,1.41245,2.40,6.00
2007.09.24 06:24:19.729,1.41235,1.41245,9.60,1.80
2007.09.24 06:24:19.828,1.41236,1.41246,2.40,3.30
2007.09.24 06:24:19.928,1.4124,1.41245,9.00,4.80
2007.09.24 06:24:20.125,1.41238,1.41243,4.80,8.90
2007.09.24 06:24:20.224,1.41237,1.41242,7.20,14.20
2007.09.24 06:24:20.324,1.41236,1.41241,1.20,5.40
2007.09.24 06:24:20.520,1.41234,1.41239,3.00,9.30
2007.09.24 06:24:20.725,1.4123,1.4124,14.40,4.80
2007.09.24 06:24:21.746,1.41231,1.41236,5.40,4.20
2007.09.24 06:24:21.936,1.41228,1.41233,3.60,2.40
2007.09.24 06:24:22.802,1.41221,1.41231,2.40,4.80
2007.09.24 06:24:24.587,1.41219,1.41224,6.60,2.80
2007.09.24 06:24:24.834,1.41212,1.41217,13.20,2.40
2007.09.24 06:24:24.957,1.41204,1.41209,4.80,11.10
2007.09.24 06:24:25.143,1.41197,1.41201,7.80,11.20
2007.09.24 06:24:26.220,1.41195,1.412,6.00,4.80
2007.09.24 06:24:26.300,1.41198,1.41202,2.40,5.40
2007.09.24 06:24:26.563,1.41204,1.4121,9.00,3.40
2007.09.24 06:24:26.905,1.4121,1.41214,6.60,6.00
2007.09.24 06:24:27.132,1.41213,1.41219,6.00,30.00
2007.09.24 06:24:27.360,1.41217,1.41221,7.20,5.40
2007.09.24 06:24:27.476,1.4122,1.41225,8.40,4.80
2007.09.24 06:24:27.708,1.41219,1.41229,15.60,4.80
2007.09.24 06:24:27.825,1.41219,1.41229,39.00,7.80
2007.09.24 06:24:27.940,1.41221,1.41231,6.60,4.80
2007.09.24 06:24:28.081,1.4122,1.41235,2.40,8.60
2007.09.24 06:24:28.249,1.41219,1.41234,2.40,8.50
2007.09.24 06:24:28.557,1.41224,1.41228,1.20,3.00
2007.09.24 06:24:28.866,1.41222,1.41227,6.00,1.00
2007.09.24 06:24:29.172,1.41221,1.41231,10.50,4.80
2007.09.24 06:24:29.508,1.41225,1.4123,4.80,7.20
2007.09.24 06:24:29.677,1.41226,1.41231,3.60,12.90
2007.09.24 06:24:29.845,1.41226,1.41236,19.80,17.40
2007.09.24 06:24:30.013,1.41229,1.41235,12.00,9.90
2007.09.24 06:24:30.437,1.41229,1.41239,5.40,1.20
2007.09.24 06:24:30.692,1.41232,1.41242,2.40,10.20
2007.09.24 06:24:30.949,1.41239,1.41244,3.00,7.00
2007.09.24 06:24:31.205,1.41238,1.41248,4.80,9.00
2007.09.24 06:24:31.444,1.41241,1.41247,2.40,6.00
2007.09.24 06:24:31.545,1.41243,1.41248,24.00,9.00
2007.09.24 06:24:31.885,1.41242,1.41252,8.40,2.40
2007.09.24 06:24:32.225,1.41245,1.4125,4.80,8.40
2007.09.24 06:24:32.364,1.41245,1.4125,4.80,5.30
2007.09.24 06:24:32.641,1.41244,1.41249,12.00,3.00
2007.09.24 06:24:33.540,1.41243,1.41248,7.80,4.80
2007.09.24 06:24:33.684,1.41239,1.41249,9.00,3.00
2007.09.24 06:24:34.464,1.41238,1.41248,21.40,4.80
2007.09.24 06:24:34.684,1.41236,1.41246,4.80,7.80
2007.09.24 06:24:34.904,1.41236,1.41246,12.20,2.40
2007.09.24 06:24:37.587,1.41241,1.41245,7.80,9.60
2007.09.24 06:24:39.274,1.41239,1.41249,3.00,8.40
2007.09.24 06:24:40.400,1.41238,1.41253,6.00,2.40
2007.09.24 06:24:40.742,1.41241,1.41251,20.40,9.00
2007.09.24 06:24:41.081,1.41245,1.4125,3.60,6.00
2007.09.24 06:24:41.435,1.41247,1.41252,22.90,10.20
2007.09.24 06:24:41.613,1.41248,1.41253,2.40,15.10
2007.09.24 06:24:41.965,1.41247,1.41257,6.00,7.20
2007.09.24 06:24:43.718,1.41248,1.41253,10.50,4.80
2007.09.24 06:24:43.896,1.41247,1.41251,7.80,12.60
2007.09.24 06:24:44.057,1.41242,1.41252,12.00,10.80
2007.09.24 06:24:44.709,1.41243,1.41248,2.40,7.20
2007.09.24 06:24:44.878,1.41241,1.41247,13.80,1.00
2007.09.24 06:24:45.212,1.41236,1.41252,2.40,10.30
2007.09.24 06:24:45.320,1.4124,1.4125,6.00,2.40
2007.09.24 06:24:45.721,1.41242,1.41252,12.60,5.40
2007.09.24 06:24:45.850,1.41244,1.41254,7.60,1.00
2007.09.24 06:24:46.067,1.41252,1.41256,9.60,4.20
2007.09.24 06:24:46.409,1.41257,1.41261,3.00,6.40
2007.09.24 06:24:46.637,1.41258,1.41272,11.40,20.10
2007.09.24 06:24:46.866,1.41266,1.41282,5.40,6.00
2007.09.24 06:24:47.094,1.41278,1.41282,17.40,1.00
2007.09.24 06:24:47.325,1.41274,1.41284,3.00,9.60
2007.09.24 06:24:47.521,1.41268,1.41274,10.80,9.00
2007.09.24 06:24:47.717,1.41256,1.41266,1.20,11.50
2007.09.24 06:24:47.914,1.41246,1.41256,6.00,4.80
2007.09.24 06:24:48.110,1.41237,1.41247,19.20,4.80
2007.09.24 06:24:48.521,1.41233,1.41239,12.00,3.00
2007.09.24 06:24:50.332,1.41227,1.41233,21.90,2.40
2007.09.24 06:24:50.507,1.41225,1.41229,6.00,6.00
2007.09.24 06:24:50.777,1.41219,1.41229,7.20,1.00
2007.09.24 06:24:51.060,1.41222,1.41226,4.80,3.60
2007.09.24 06:24:51.329,1.4122,1.41226,7.80,4.80
2007.09.24 06:24:51.597,1.4122,1.41225,3.60,8.40
2007.09.24 06:24:51.846,1.41216,1.41231,1.20,7.20
2007.09.24 06:24:52.099,1.41221,1.41231,2.40,6.00
2007.09.24 06:24:52.349,1.41225,1.4123,1.20,2.40
2007.09.24 06:24:52.601,1.41224,1.41234,1.00,4.80
2007.09.24 06:24:52.918,1.41223,1.41239,6.60,8.40
2007.09.24 06:24:53.199,1.41228,1.41238,11.40,2.40
2007.09.24 06:24:54.496,1.41229,1.41239,7.20,7.80
2007.09.24 06:24:54.633,1.41233,1.41238,7.20,25.20
2007.09.24 06:24:54.769,1.41233,1.41238,4.80,2.40
2007.09.24 06:24:54.977,1.41234,1.41239,16.20,6.60
2007.09.24 06:24:55.184,1.41233,1.41238,7.20,5.40
2007.09.24 06:24:55.393,1.41232,1.41237,7.80,6.60
2007.09.24 06:24:55.610,1.4123,1.41235,3.60,2.40
2007.09.24 06:24:57.467,1.41228,1.41233,2.40,2.70
2007.09.24 06:24:57.666,1.41226,1.41231,6.00,7.20
2007.09.24 06:24:57.866,1.41222,1.41227,8.80,22.30
2007.09.24 06:24:58.069,1.41217,1.41227,7.20,3.00
2007.09.24 06:25:02.203,1.41204,1.41208,2.40,11.40
2007.09.24 06:25:02.512,1.41199,1.41204,1.80,14.50
2007.09.24 06:25:02.714,1.41193,1.41203,1.00,4.80
2007.09.24 06:25:02.951,1.41191,1.41196,6.00,17.40
2007.09.24 06:25:03.154,1.41187,1.41192,33.00,2.40
2007.09.24 06:25:07.221,1.41182,1.41187,2.40,2.40
2007.09.24 06:25:07.365,1.41181,1.41186,7.20,6.00
2007.09.24 06:25:07.493,1.41178,1.41188,5.40,4.50
2007.09.24 06:25:07.553,1.4118,1.41185,2.40,12.00
2007.09.24 06:25:08.029,1.41182,1.41187,14.40,1.80
2007.09.24 06:25:08.711,1.41181,1.41191,13.80,3.60
2007.09.24 06:25:08.885,1.41184,1.41194,21.00,1.00
2007.09.24 06:25:09.061,1.41186,1.41196,5.60,2.40
2007.09.24 06:25:09.239,1.4119,1.41195,4.80,7.20
2007.09.24 06:25:09.413,1.41191,1.41196,4.80,6.40
2007.09.24 06:25:11.872,1.41192,1.41197,6.60,8.90
2007.09.24 06:25:11.967,1.41195,1.41205,4.80,23.20
2007.09.24 06:25:12.221,1.41195,1.41215,9.60,6.00
2007.09.24 06:25:12.483,1.41203,1.41223,3.00,9.90
2007.09.24 06:25:12.729,1.41212,1.41227,14.40,2.40
2007.09.24 06:25:12.978,1.41212,1.41232,4.80,12.60
2007.09.24 06:25:13.318,1.41212,1.41227,2.40,3.30
2007.09.24 06:25:14.527,1.41211,1.41217,8.40,2.50
2007.09.24 06:25:15.163,1.41207,1.41213,7.20,4.80
2007.09.24 06:25:15.417,1.41202,1.41208,14.40,2.40
2007.09.24 06:25:15.961,1.41197,1.41202,5.40,10.80
2007.09.24 06:25:16.442,1.41194,1.41198,2.40,4.60
2007.09.24 06:25:16.597,1.4119,1.41194,7.20,4.80
2007.09.24 06:25:17.657,1.41189,1.41194,15.00,15.60
2007.09.24 06:25:17.962,1.41188,1.41192,4.80,3.60
2007.09.24 06:25:18.597,1.41184,1.41194,19.30,7.20
2007.09.24 06:25:18.935,1.41183,1.41193,5.40,2.40
2007.09.24 06:25:19.271,1.41181,1.41191,12.60,4.80
2007.09.24 06:25:19.507,1.41179,1.41189,2.40,9.00
2007.09.24 06:25:19.629,1.41179,1.41189,6.60,1.00
2007.09.24 06:25:19.750,1.41178,1.41193,9.00,3.00
2007.09.24 06:25:19.869,1.41182,1.41192,6.60,4.80
2007.09.24 06:25:19.989,1.41183,1.41193,4.80,2.40
2007.09.24 06:25:20.109,1.41182,1.41197,6.00,4.20
2007.09.24 06:25:20.427,1.41186,1.41196,3.00,11.30
2007.09.24 06:25:20.725,1.41184,1.41198,8.20,2.40
2007.09.24 06:25:21.023,1.41187,1.41192,2.40,10.80
2007.09.24 06:25:21.318,1.41184,1.41194,6.00,11.70
2007.09.24 06:25:21.533,1.41188,1.41193,1.00,4.80
2007.09.24 06:25:21.962,1.41189,1.41194,10.20,6.00
2007.09.24 06:25:23.478,1.4119,1.41195,10.20,9.10
2007.09.24 06:25:23.645,1.41191,1.41196,8.40,7.20
2007.09.24 06:25:23.979,1.41193,1.41198,1.00,2.50
2007.09.24 06:25:25.042,1.41194,1.41199,6.00,11.50
2007.09.24 06:25:25.353,1.41194,1.41199,1.20,2.40
2007.09.24 06:25:25.522,1.41193,1.41198,2.40,8.80
2007.09.24 06:25:25.690,1.41192,1.41197,13.60,2.40
2007.09.24 06:25:25.858,1.41188,1.41198,7.80,2.40
2007.09.24 06:25:26.027,1.41188,1.41198,9.00,20.50
2007.09.24 06:25:26.610,1.41189,1.41194,1.00,10.20
2007.09.24 06:25:26.854,1.41186,1.41196,14.40,2.40
2007.09.24 06:25:27.099,1.41187,1.41197,9.00,5.40
2007.09.24 06:25:27.569,1.41188,1.41198,4.80,4.00
2007.09.24 06:25:27.800,1.41189,1.41199,1.00,4.80
2007.09.24 06:25:27.978,1.41192,1.41197,10.80,4.10
2007.09.24 06:25:28.473,1.41191,1.41201,7.20,13.20
2007.09.24 06:25:29.914,1.41194,1.41198,11.60,5.50
2007.09.24 06:25:32.289,1.41191,1.41201,1.20,4.80
2007.09.24 06:25:32.369,1.4119,1.412,2.40,6.00
2007.09.24 06:25:32.513,1.41187,1.41197,1.80,3.60
2007.09.24 06:25:32.998,1.41185,1.41195,20.00,2.40
2007.09.24 06:25:33.893,1.41183,1.41187,3.00,6.00
2007.09.24 06:25:34.069,1.41173,1.41183,27.00,4.80
2007.09.24 06:25:34.261,1.41162,1.41178,2.40,4.80
2007.09.24 06:25:34.609,1.41154,1.4117,2.40,10.30
2007.09.24 06:25:34.798,1.41154,1.41164,5.40,9.00
2007.09.24 06:25:37.388,1.41161,1.41171,3.00,2.80
2007.09.24 06:25:39.514,1.41171,1.41176,7.20,4.20
2007.09.24 06:25:42.203,1.41175,1.41185,2.40,1.00
2007.09.24 06:25:42.409,1.41182,1.41192,3.00,6.00
2007.09.24 06:25:42.618,1.41187,1.41197,18.40,1.00
2007.09.24 06:25:42.920,1.41194,1.412,7.80,2.40
2007.09.24 06:25:43.219,1.41194,1.41204,12.20,2.40
2007.09.24 06:25:43.518,1.41195,1.41205,2.40,3.00
2007.09.24 06:25:43.818,1.41198,1.41208,11.40,1.80
2007.09.24 06:25:44.158,1.41197,1.41212,12.00,2.40
2007.09.24 06:25:45.354,1.41197,1.41217,13.80,6.60
2007.09.24 06:25:45.642,1.41206,1.41211,3.00,2.40
2007.09.24 06:25:47.970,1.41207,1.41212,16.20,2.40
2007.09.24 06:25:48.265,1.41208,1.41213,3.60,2.40
2007.09.24 06:25:48.544,1.41208,1.41213,5.40,16.90
2007.09.24 06:25:48.830,1.41204,1.41214,5.40,5.40
2007.09.24 06:25:49.146,1.41203,1.41213,3.60,2.40
2007.09.24 06:25:49.777,1.41205,1.4121,10.80,2.40
2007.09.24 06:25:50.093,1.41204,1.41209,8.40,10.20
2007.09.24 06:25:50.231,1.412,1.4121,9.00,3.00
2007.09.24 06:25:50.520,1.41201,1.41206,13.80,6.60
2007.09.24 06:25:50.657,1.41201,1.41206,3.60,6.00
2007.09.24 06:25:50.925,1.41199,1.41209,19.40,5.40
2007.09.24 06:25:51.315,1.412,1.41205,8.40,10.80
2007.09.24 06:25:52.777,1.41199,1.41204,5.40,4.80
2007.09.24 06:25:55.162,1.41194,1.41204,3.60,3.40
2007.09.24 06:25:55.930,1.41192,1.41197,13.80,5.40
2007.09.24 06:25:56.449,1.41185,1.41199,2.40,6.40
2007.09.24 06:26:01.560,1.4119,1.41206,2.40,2.40
2007.09.24 06:26:01.724,1.4119,1.412,2.40,5.40
2007.09.24 06:26:01.902,1.41186,1.41201,27.00,7.80
2007.09.24 06:26:05.606,1.41187,1.41197,1.00,8.80
2007.09.24 06:26:06.884,1.41184,1.41194,2.40,8.60
2007.09.24 06:26:11.109,1.4118,1.41195,2.40,1.80
2007.09.24 06:26:11.395,1.41179,1.41194,2.40,9.90
2007.09.24 06:26:11.680,1.41178,1.41193,3.00,6.00
2007.09.24 06:26:11.965,1.41176,1.41191,34.60,2.40
2007.09.24 06:26:13.391,1.41173,1.41188,14.40,4.80
2007.09.24 06:26:13.705,1.41174,1.41184,7.20,4.80
2007.09.24 06:26:14.035,1.41175,1.4118,4.80,12.00
2007.09.24 06:26:14.424,1.41171,1.41181,3.00,8.40
2007.09.24 06:26:16.096,1.41173,1.41178,7.20,12.60
2007.09.24 06:26:16.140,1.41174,1.41179,4.80,27.60
2007.09.24 06:26:16.265,1.41173,1.41183,19.20,10.20
2007.09.24 06:26:16.483,1.41172,1.41187,3.00,21.00
2007.09.24 06:26:16.666,1.41178,1.41183,3.00,4.80
2007.09.24 06:26:16.711,1.41179,1.41184,10.20,2.40
2007.09.24 06:26:16.795,1.41183,1.41188,9.20,6.00
2007.09.24 06:26:16.983,1.41184,1.41194,4.80,1.20
2007.09.24 06:26:17.027,1.41184,1.41194,4.80,7.20
2007.09.24 06:26:17.122,1.41187,1.41193,1.00,11.60
2007.09.24 06:26:18.152,1.41186,1.41196,2.40,8.20
2007.09.24 06:26:18.487,1.41185,1.41195,3.00,2.40
2007.09.24 06:26:18.824,1.41184,1.41199,3.60,12.90
2007.09.24 06:26:19.159,1.41191,1.41195,2.70,1.00
2007.09.24 06:26:19.347,1.41192,1.41197,6.60,4.80
2007.09.24 06:26:19.535,1.41191,1.41201,1.20,2.40
2007.09.24 06:26:19.723,1.41191,1.41201,24.00,2.40
2007.09.24 06:26:19.911,1.41193,1.41203,2.40,4.00
2007.09.24 06:26:20.099,1.4119,1.412,2.40,4.20
2007.09.24 06:26:22.613,1.41191,1.41197,15.70,12.60
2007.09.24 06:26:22.908,1.41188,1.41198,6.10,1.80
2007.09.24 06:26:23.055,1.41184,1.41198,4.80,9.40
2007.09.24 06:26:23.203,1.41182,1.41196,2.40,2.40
2007.09.24 06:26:23.879,1.41177,1.41192,6.00,7.20
2007.09.24 06:26:25.356,1.41176,1.41181,10.80,6.00
2007.09.24 06:26:25.512,1.41166,1.41176,3.60,2.40
2007.09.24 06:26:25.771,1.41156,1.41166,15.00,4.20
2007.09.24 06:26:26.683,1.41148,1.41164,6.00,1.00
2007.09.24 06:26:26.799,1.41152,1.41162,4.80,23.20
2007.09.24 06:26:26.896,1.41154,1.41164,3.00,2.40
2007.09.24 06:26:27.098,1.41155,1.41165,19.80,4.80
2007.09.24 06:26:27.307,1.41158,1.41168,10.20,4.80
2007.09.24 06:26:27.912,1.4116,1.4117,10.20,1.00
2007.09.24 06:26:28.243,1.41163,1.41169,28.60,4.20
2007.09.24 06:26:28.451,1.41163,1.41173,2.40,3.30
2007.09.24 06:26:28.711,1.41165,1.4118,6.30,4.80
2007.09.24 06:26:28.971,1.41164,1.41184,2.40,10.20
2007.09.24 06:26:29.231,1.41168,1.41188,24.00,9.00
2007.09.24 06:26:29.491,1.41171,1.41191,1.00,14.50
2007.09.24 06:26:30.227,1.41173,1.41193,3.60,12.00
2007.09.24 06:26:30.649,1.41174,1.41194,3.00,6.00
2007.09.24 06:26:31.443,1.41173,1.41193,2.40,11.40
2007.09.24 06:26:31.633,1.41174,1.41189,3.00,15.00
2007.09.24 06:26:31.700,1.4117,1.4119,8.40,10.90
2007.09.24 06:26:31.807,1.41172,1.41187,17.20,8.80
2007.09.24 06:26:31.997,1.41168,1.41188,1.00,7.20
2007.09.24 06:26:32.105,1.41167,1.41187,4.80,6.20
2007.09.24 06:26:32.160,1.41166,1.41186,6.60,3.00
2007.09.24 06:26:32.728,1.41172,1.41182,2.40,9.60
2007.09.24 06:26:33.891,1.41171,1.41186,6.60,4.80
2007.09.24 06:26:34.169,1.41176,1.41186,9.60,4.20
2007.09.24 06:26:34.230,1.41178,1.41188,6.00,1.80
2007.09.24 06:26:34.455,1.41179,1.41189,10.80,16.80
2007.09.24 06:26:34.724,1.41181,1.41191,3.00,7.20
2007.09.24 06:26:34.935,1.41183,1.41197,2.40,7.20
2007.09.24 06:26:35.043,1.41191,1.41201,4.80,16.80
2007.09.24 06:26:35.255,1.41198,1.41208,9.00,4.80
2007.09.24 06:26:35.651,1.41203,1.41218,5.40,10.90
2007.09.24 06:26:36.032,1.41207,1.41217,9.00,3.40
2007.09.24 06:26:36.933,1.41202,1.41212,5.40,11.10
2007.09.24 06:26:37.017,1.41195,1.41205,21.00,1.00
2007.09.24 06:26:37.180,1.41189,1.41195,2.40,2.40
2007.09.24 06:26:37.266,1.41182,1.41192,2.40,3.00
2007.09.24 06:26:37.687,1.41181,1.41185,11.60,4.80
2007.09.24 06:26:37.771,1.41177,1.41187,21.60,15.60
2007.09.24 06:26:38.095,1.41175,1.41185,1.00,4.20
2007.09.24 06:26:38.339,1.41178,1.41188,3.60,5.40
2007.09.24 06:26:38.823,1.41183,1.41189,11.40,2.40
2007.09.24 06:26:39.067,1.41188,1.41193,2.40,9.60
2007.09.24 06:26:39.145,1.41191,1.41196,10.80,3.30
2007.09.24 06:26:39.372,1.4119,1.412,1.00,9.60
2007.09.24 06:26:39.675,1.41191,1.41201,6.00,7.20
2007.09.24 06:26:39.759,1.41192,1.41197,3.60,8.80
2007.09.24 06:26:39.979,1.41187,1.41197,2.40,9.00
2007.09.24 06:26:40.127,1.41185,1.41195,4.80,4.80
2007.09.24 06:26:40.860,1.41185,1.41195,5.40,2.40
2007.09.24 06:26:41.007,1.41186,1.41191,30.00,2.40
2007.09.24 06:26:41.487,1.41182,1.41192,10.80,2.40
2007.09.24 06:26:42.400,1.41183,1.41193,2.40,1.80
2007.09.24 06:26:43.419,1.41184,1.41194,7.80,3.60
2007.09.24 06:26:43.704,1.41183,1.41193,7.80,2.40
2007.09.24 06:26:43.972,1.41182,1.41192,3.00,4.80
2007.09.24 06:26:44.239,1.41183,1.41188,1.00,7.20
2007.09.24 06:26:44.379,1.41182,1.41187,7.00,15.60
2007.09.24 06:26:44.527,1.41178,1.41188,2.40,2.40
2007.09.24 06:26:44.667,1.41179,1.41184,22.80,2.40
2007.09.24 06:26:44.807,1.41177,1.41192,2.40,7.00
2007.09.24 06:26:45.084,1.41181,1.41191,4.80,5.40
2007.09.24 06:26:45.383,1.41182,1.41192,4.80,1.20
2007.09.24 06:26:45.981,1.41188,1.41193,1.00,10.50
2007.09.24 06:26:46.290,1.41188,1.41198,2.40,14.70
2007.09.24 06:26:46.532,1.41187,1.41202,2.40,7.20
2007.09.24 06:26:46.652,1.41187,1.41202,3.00,4.20
2007.09.24 06:26:46.774,1.41186,1.41201,1.80,2.40
2007.09.24 06:26:47.015,1.41185,1.412,11.40,16.20
2007.09.24 06:26:47.495,1.41186,1.41196,4.80,3.60
2007.09.24 06:26:47.708,1.41184,1.41194,12.60,7.20
2007.09.24 06:26:49.232,1.41184,1.41194,13.20,1.00
2007.09.24 06:26:49.416,1.41185,1.41195,2.40,11.20
2007.09.24 06:26:49.599,1.41187,1.41197,13.80,3.00
2007.09.24 06:26:52.324,1.41192,1.41202,24.60,2.40
2007.09.24 06:26:52.431,1.41197,1.41207,7.80,9.00
2007.09.24 06:26:52.865,1.41198,1.41214,9.60,4.80
2007.09.24 06:27:02.758,1.41193,1.41203,16.00,13.80
2007.09.24 06:27:03.098,1.41189,1.41199,12.60,4.80
2007.09.24 06:27:03.438,1.41184,1.41194,6.00,13.20
2007.09.24 06:27:04.005,1.41179,1.41194,11.40,4.80
2007.09.24 06:27:04.873,1.41172,1.41192,8.70,7.80
2007.09.24 06:27:05.206,1.41176,1.41186,1.20,10.20
2007.09.24 06:27:05.374,1.41174,1.41184,2.40,3.00
2007.09.24 06:27:05.954,1.41173,1.41183,4.80,2.70
2007.09.24 06:27:06.262,1.41171,1.41181,4.80,4.80
2007.09.24 06:27:06.874,1.41167,1.41182,7.20,4.80
2007.09.24 06:27:07.063,1.41165,1.41181,9.00,4.80
2007.09.24 06:27:07.262,1.41168,1.41178,2.40,11.40
2007.09.24 06:27:07.451,1.41165,1.4118,3.00,6.00
2007.09.24 06:27:07.640,1.41166,1.41181,4.20,6.10
2007.09.24 06:27:09.635,1.41164,1.4118,6.00,7.90
2007.09.24 06:27:09.940,1.41162,1.41178,4.80,9.60
2007.09.24 06:27:11.490,1.41161,1.41177,4.80,4.80
2007.09.24 06:27:11.710,1.41166,1.41176,9.00,2.40
2007.09.24 06:27:12.362,1.41167,1.41172,1.00,1.00
2007.09.24 06:27:12.460,1.41162,1.41172,6.60,4.80
2007.09.24 06:27:12.663,1.4116,1.41164,2.40,5.40
2007.09.24 06:27:12.962,1.41152,1.41162,14.40,2.40
2007.09.24 06:27:13.262,1.41146,1.41156,10.20,10.50
2007.09.24 06:27:13.482,1.41144,1.41154,13.80,27.60
2007.09.24 06:27:13.918,1.41149,1.41159,11.40,6.40
2007.09.24 06:27:16.488,1.41156,1.41166,14.40,2.40
2007.09.24 06:27:18.030,1.41163,1.41173,14.40,24.60
2007.09.24 06:27:18.158,1.4117,1.41175,6.60,1.00
2007.09.24 06:27:18.663,1.41171,1.41181,1.00,4.50
2007.09.24 06:27:19.211,1.41174,1.41184,21.40,6.00
2007.09.24 06:27:19.565,1.41175,1.41185,6.60,12.60
2007.09.24 06:27:21.625,1.41177,1.41187,7.20,12.60
2007.09.24 06:27:22.735,1.41177,1.41187,21.40,4.80
2007.09.24 06:27:22.830,1.41175,1.41191,4.80,11.80
2007.09.24 06:27:23.027,1.41178,1.41188,7.80,4.80
2007.09.24 06:27:23.222,1.41179,1.41184,4.80,4.80
2007.09.24 06:27:23.418,1.41177,1.41187,3.00,1.00
2007.09.24 06:27:23.564,1.41177,1.41187,6.00,2.40
2007.09.24 06:27:24.826,1.41176,1.41186,6.60,7.80
2007.09.24 06:27:25.000,1.41177,1.41187,2.40,6.10
2007.09.24 06:27:25.075,1.41177,1.41187,19.20,2.40
2007.09.24 06:27:25.307,1.41178,1.41188,2.40,14.40
2007.09.24 06:27:26.743,1.4118,1.4119,2.40,5.20
2007.09.24 06:27:27.007,1.41179,1.41189,2.40,4.80
2007.09.24 06:27:27.119,1.41181,1.41186,3.40,1.00
2007.09.24 06:27:27.242,1.41177,1.41187,3.60,9.00
2007.09.24 06:27:27.300,1.41175,1.41185,11.40,14.40
2007.09.24 06:27:27.418,1.41176,1.41186,12.00,6.90
2007.09.24 06:27:27.498,1.4118,1.41186,11.40,2.40
2007.09.24 06:27:27.555,1.41182,1.41192,20.50,9.00
2007.09.24 06:27:27.875,1.41188,1.41198,7.20,1.80
2007.09.24 06:27:28.214,1.41196,1.41206,4.20,7.20
2007.09.24 06:27:28.554,1.41203,1.41213,1.00,7.80
2007.09.24 06:27:29.790,1.41207,1.41212,4.80,7.30
2007.09.24 06:27:30.018,1.41199,1.41209,16.80,17.80
2007.09.24 06:27:30.474,1.41189,1.41199,7.80,4.80
2007.09.24 06:27:32.325,1.41185,1.4119,3.60,4.80
2007.09.24 06:27:35.672,1.41178,1.41182,5.40,4.80
2007.09.24 06:27:37.362,1.41163,1.41183,1.00,7.80
2007.09.24 06:27:39.002,1.41167,1.41172,13.80,6.40
2007.09.24 06:27:44.978,1.41163,1.41167,5.40,9.00
2007.09.24 06:27:45.154,1.41159,1.41169,6.60,2.40
2007.09.24 06:27:45.330,1.41161,1.41166,4.80,2.40
2007.09.24 06:27:45.506,1.41162,1.41167,4.80,2.40
2007.09.24 06:27:45.682,1.41162,1.41172,5.40,2.40
2007.09.24 06:27:49.210,1.41164,1.41174,9.60,6.00
2007.09.24 06:27:50.060,1.41166,1.41181,15.00,7.20
2007.09.24 06:27:51.061,1.41173,1.41183,11.40,1.90
2007.09.24 06:27:53.226,1.41173,1.41188,2.40,6.10
2007.09.24 06:27:53.309,1.41175,1.4119,4.80,4.80
2007.09.24 06:27:53.730,1.41179,1.41194,7.20,6.00
2007.09.24 06:27:54.161,1.41183,1.41198,7.20,23.20
2007.09.24 06:27:54.532,1.41188,1.41198,6.60,2.40
2007.09.24 06:27:55.265,1.41191,1.41201,5.40,2.40
2007.09.24 06:27:55.855,1.41192,1.41202,2.40,1.80
2007.09.24 06:27:58.482,1.41193,1.41203,4.80,23.50
2007.09.24 06:28:00.173,1.41195,1.41205,9.00,5.40
2007.09.24 06:28:01.572,1.41195,1.41205,2.40,4.80
2007.09.24 06:28:01.760,1.41196,1.41201,3.00,4.10
2007.09.24 06:28:01.948,1.41193,1.41203,3.90,4.80
2007.09.24 06:28:02.136,1.41189,1.41204,1.00,4.80
2007.09.24 06:28:02.332,1.41191,1.41201,5.40,13.20
2007.09.24 06:28:02.527,1.41192,1.41202,2.40,23.20
2007.09.24 06:28:02.724,1.41194,1.41204,5.40,11.40
2007.09.24 06:28:04.003,1.41194,1.41204,7.80,11.70
2007.09.24 06:28:04.647,1.41193,1.41203,5.40,3.00
2007.09.24 06:28:05.250,1.41188,1.41208,13.80,1.00
2007.09.24 06:28:05.816,1.41194,1.41199,13.20,10.00
2007.09.24 06:28:06.028,1.41189,1.41204,7.80,5.40
2007.09.24 06:28:06.343,1.4119,1.41205,6.00,7.00
2007.09.24 06:28:06.452,1.41191,1.41206,4.80,4.80
2007.09.24 06:28:06.560,1.41195,1.41205,4.80,7.20
2007.09.24 06:28:06.668,1.41195,1.41205,1.00,6.00
2007.09.24 06:28:06.776,1.41196,1.41206,6.00,2.40
2007.09.24 06:28:07.116,1.41192,1.41207,2.40,16.00
2007.09.24 06:28:07.461,1.41194,1.41204,1.00,4.80
2007.09.24 06:28:07.802,1.41193,1.41208,14.40,2.40
2007.09.24 06:28:08.083,1.41194,1.41209,10.80,2.40
2007.09.24 06:28:08.228,1.41197,1.41207,3.00,4.80
2007.09.24 06:28:08.372,1.41193,1.41208,6.30,1.90
2007.09.24 06:28:08.515,1.41191,1.41206,8.40,2.40
2007.09.24 06:28:08.659,1.4119,1.41205,16.80,3.00
2007.09.24 06:28:08.950,1.41189,1.41204,14.40,2.40
2007.09.24 06:28:09.127,1.41188,1.41203,6.00,1.20
2007.09.24 06:28:09.349,1.41189,1.41199,2.40,2.40
2007.09.24 06:28:09.455,1.41185,1.412,6.00,11.50
2007.09.24 06:28:11.584,1.41187,1.41197,2.40,10.20
2007.09.24 06:28:11.784,1.41183,1.41198,8.40,2.40
2007.09.24 06:28:12.503,1.41182,1.41196,14.40,9.00
2007.09.24 06:28:14.486,1.41187,1.41197,3.00,9.30
2007.09.24 06:28:14.687,1.41185,1.41201,2.40,18.20
2007.09.24 06:28:14.876,1.41191,1.41206,4.80,4.00
2007.09.24 06:28:15.064,1.41198,1.41208,6.60,1.00
2007.09.24 06:28:15.436,1.41207,1.41217,5.40,6.00
2007.09.24 06:28:16.012,1.41214,1.41224,1.80,6.60
2007.09.24 06:28:16.848,1.41219,1.41224,24.00,1.00
2007.09.24 06:28:17.112,1.41211,1.41221,32.40,7.50
2007.09.24 06:28:17.375,1.41204,1.41214,3.00,7.20
2007.09.24 06:28:17.686,1.41201,1.41206,22.80,7.20
2007.09.24 06:28:18.172,1.41197,1.41202,1.60,4.80
2007.09.24 06:28:18.440,1.41196,1.41201,7.80,2.40
2007.09.24 06:28:18.598,1.41195,1.41199,7.20,6.10
2007.09.24 06:28:18.752,1.4119,1.41205,21.00,4.80
2007.09.24 06:28:18.918,1.41189,1.41205,2.40,9.20
2007.09.24 06:28:19.232,1.41191,1.41205,10.80,4.50
2007.09.24 06:28:20.952,1.41197,1.41201,7.60,1.00
2007.09.24 06:28:21.212,1.41197,1.41201,16.80,6.00
2007.09.24 06:28:21.485,1.4119,1.4121,3.00,7.00
2007.09.24 06:28:21.704,1.41189,1.41209,3.00,11.20
2007.09.24 06:28:21.924,1.41189,1.41209,5.40,4.20
2007.09.24 06:28:22.144,1.4119,1.4121,27.00,7.80
2007.09.24 06:28:22.378,1.41188,1.41208,8.40,1.00
2007.09.24 06:28:22.584,1.41189,1.41205,4.80,1.00
2007.09.24 06:28:23.259,1.41189,1.41205,6.00,4.80
2007.09.24 06:28:24.496,1.41194,1.41204,7.20,5.20
2007.09.24 06:28:24.644,1.41198,1.41203,6.60,3.00
2007.09.24 06:28:24.868,1.412,1.41204,2.40,11.40
2007.09.24 06:28:25.092,1.412,1.41205,8.40,4.80
2007.09.24 06:28:25.315,1.41196,1.41211,4.80,3.60
2007.09.24 06:28:26.091,1.41197,1.41212,4.80,9.00
2007.09.24 06:28:27.596,1.41202,1.41207,8.40,4.80
2007.09.24 06:28:27.916,1.41191,1.41215,3.00,9.90
2007.09.24 06:28:28.025,1.41189,1.41214,15.30,2.40
2007.09.24 06:28:28.080,1.41183,1.41217,6.00,4.40
2007.09.24 06:28:28.242,1.41182,1.41218,7.20,2.10
2007.09.24 06:28:28.362,1.41184,1.41214,15.60,4.80
2007.09.24 06:28:28.469,1.41182,1.41212,2.40,2.40
2007.09.24 06:28:28.523,1.41184,1.41212,24.40,19.80
2007.09.24 06:28:28.580,1.41182,1.41212,2.40,32.50
2007.09.24 06:28:28.693,1.41183,1.41208,7.80,4.90
2007.09.24 06:28:29.032,1.41188,1.41198,6.60,16.80
2007.09.24 06:28:29.385,1.41189,1.41194,3.00,2.70
2007.09.24 06:28:29.713,1.41187,1.41192,2.40,1.00
2007.09.24 06:28:29.853,1.41186,1.41191,19.20,4.80
2007.09.24 06:28:30.130,1.41182,1.41192,4.80,9.00
2007.09.24 06:28:30.410,1.41184,1.41194,4.80,7.20
2007.09.24 06:28:30.550,1.41185,1.41195,6.00,6.00
2007.09.24 06:28:30.823,1.41189,1.41194,2.40,1.00
2007.09.24 06:28:31.164,1.41188,1.41198,1.00,4.80
2007.09.24 06:28:31.504,1.4119,1.412,11.40,1.80
2007.09.24 06:28:31.844,1.41193,1.41198,2.40,9.30
2007.09.24 06:28:32.184,1.41193,1.41198,4.80,7.20
2007.09.24 06:28:32.524,1.41193,1.41198,1.00,4.20
2007.09.24 06:28:32.864,1.41189,1.41199,24.00,1.00
2007.09.24 06:28:33.157,1.41188,1.41198,5.40,6.00
2007.09.24 06:28:33.455,1.41189,1.41194,20.40,4.80
2007.09.24 06:28:33.891,1.41188,1.41198,1.20,2.80
2007.09.24 06:28:34.256,1.41191,1.41196,19.30,7.20
2007.09.24 06:28:34.440,1.41185,1.41205,18.60,3.30
2007.09.24 06:28:34.624,1.41188,1.41203,21.60,4.20
2007.09.24 06:28:34.808,1.41191,1.41201,3.00,10.60
2007.09.24 06:28:36.113,1.41191,1.41201,2.40,1.00
2007.09.24 06:28:37.493,1.41193,1.41203,10.80,9.90
2007.09.24 06:28:38.229,1.41194,1.41204,12.00,6.10
2007.09.24 06:28:38.535,1.4119,1.41206,5.10,8.10
2007.09.24 06:28:38.615,1.41194,1.41199,8.40,17.80
2007.09.24 06:28:38.695,1.4119,1.412,3.60,2.40
2007.09.24 06:28:38.775,1.41187,1.41202,3.00,1.00
2007.09.24 06:28:38.931,1.41185,1.41205,7.80,4.80
2007.09.24 06:28:39.011,1.41191,1.41201,5.40,4.80
2007.09.24 06:28:39.787,1.41194,1.41199,24.00,3.00
2007.09.24 06:28:40.018,1.41193,1.41198,4.20,8.40
2007.09.24 06:28:40.252,1.41188,1.41198,5.40,11.10
2007.09.24 06:28:40.462,1.41183,1.41193,2.40,7.00
2007.09.24 06:28:40.668,1.41182,1.41186,14.90,3.60
2007.09.24 06:28:40.878,1.41176,1.41182,8.40,7.80
2007.09.24 06:28:41.084,1.41171,1.41181,18.60,4.20
2007.09.24 06:28:41.296,1.41178,1.41183,2.40,1.00
2007.09.24 06:28:41.533,1.41177,1.41193,2.40,6.00
2007.09.24 06:28:41.643,1.41182,1.41197,11.00,26.40
2007.09.24 06:28:41.979,1.41188,1.41198,1.20,5.40
2007.09.24 06:28:42.320,1.41191,1.41201,1.20,7.20
2007.09.24 06:28:42.514,1.4119,1.41205,12.60,12.40
2007.09.24 06:28:43.476,1.41197,1.41207,8.40,4.80
2007.09.24 06:28:44.692,1.41202,1.41212,2.40,12.10
2007.09.24 06:28:45.956,1.41202,1.41212,9.60,6.00
2007.09.24 06:28:46.173,1.41201,1.41216,8.40,2.40
2007.09.24 06:28:46.402,1.412,1.4122,6.00,1.00
2007.09.24 06:28:46.616,1.41198,1.41218,16.20,17.40
2007.09.24 06:28:46.834,1.41197,1.41217,6.00,13.90
2007.09.24 06:28:47.172,1.412,1.4121,2.40,2.70
2007.09.24 06:28:47.512,1.41197,1.41212,2.40,7.20
2007.09.24 06:28:47.852,1.41193,1.41213,12.60,3.60
2007.09.24 06:28:48.076,1.41192,1.41212,2.40,13.30
2007.09.24 06:28:48.296,1.41191,1.41211,1.80,14.20
2007.09.24 06:28:48.515,1.41189,1.41209,1.00,2.80
2007.09.24 06:28:48.736,1.4119,1.4121,3.00,16.20
2007.09.24 06:28:49.119,1.41192,1.41212,2.40,6.40
2007.09.24 06:28:49.287,1.41196,1.41211,4.80,4.80
2007.09.24 06:28:49.456,1.41197,1.41212,5.40,2.80
2007.09.24 06:28:49.624,1.41201,1.41211,10.20,6.00
2007.09.24 06:28:49.792,1.41205,1.4121,3.00,8.40
2007.09.24 06:28:49.959,1.41202,1.41212,6.00,2.40
2007.09.24 06:28:50.303,1.41201,1.41211,9.60,3.00
2007.09.24 06:28:50.836,1.41201,1.41211,7.20,9.60
2007.09.24 06:28:50.930,1.41201,1.41211,6.00,22.00
2007.09.24 06:28:51.016,1.41203,1.41208,2.40,25.60
2007.09.24 06:28:51.196,1.41199,1.41209,22.90,10.20
2007.09.24 06:28:51.536,1.412,1.41205,1.20,2.40
2007.09.24 06:28:51.876,1.41199,1.41204,2.40,2.40
2007.09.24 06:28:52.216,1.41193,1.41208,10.20,2.40
2007.09.24 06:28:52.451,1.41194,1.41209,9.60,1.00
2007.09.24 06:28:52.920,1.412,1.41205,3.60,4.80
2007.09.24 06:28:53.096,1.41199,1.41209,9.10,3.00
2007.09.24 06:28:53.276,1.412,1.4121,2.40,7.50
2007.09.24 06:28:53.492,1.41196,1.41211,1.20,10.20
2007.09.24 06:28:54.167,1.41197,1.41207,12.40,11.20
2007.09.24 06:28:54.675,1.41195,1.41205,9.00,3.60
2007.09.24 06:29:02.701,1.41188,1.41208,5.10,1.00
2007.09.24 06:29:02.870,1.41187,1.41202,15.60,9.60
2007.09.24 06:29:03.544,1.41183,1.41198,2.40,13.20
2007.09.24 06:29:03.884,1.41181,1.41196,4.80,7.20
2007.09.24 06:29:04.223,1.4118,1.41195,5.40,4.50
2007.09.24 06:29:05.091,1.4118,1.41195,6.60,7.20
2007.09.24 06:29:06.467,1.41179,1.41194,1.00,8.40
2007.09.24 06:29:06.693,1.4118,1.4119,3.60,4.80
2007.09.24 06:29:06.916,1.41176,1.41191,3.60,3.40
2007.09.24 06:29:07.152,1.4118,1.4119,4.80,7.20
2007.09.24 06:29:07.376,1.41181,1.41191,19.20,4.80
2007.09.24 06:29:07.592,1.41185,1.4119,5.40,11.40
2007.09.24 06:29:07.808,1.4118,1.41195,15.00,4.80
2007.09.24 06:29:07.866,1.41179,1.41199,3.60,11.80
2007.09.24 06:29:08.023,1.41186,1.41196,5.40,6.40
2007.09.24 06:29:08.240,1.41187,1.41197,4.80,2.10
2007.09.24 06:29:08.456,1.41185,1.41195,21.40,2.40
2007.09.24 06:29:09.347,1.41183,1.41198,8.40,12.60
2007.09.24 06:29:09.527,1.41183,1.41198,6.00,9.40
2007.09.24 06:29:09.867,1.41184,1.41199,21.60,2.40
2007.09.24 06:29:10.208,1.41186,1.41201,3.00,2.70
2007.09.24 06:29:10.548,1.4119,1.412,2.40,6.00
2007.09.24 06:29:10.792,1.4119,1.412,4.80,7.80
2007.09.24 06:29:11.036,1.41186,1.41201,2.40,6.00
2007.09.24 06:29:11.279,1.41187,1.41197,11.40,3.10
2007.09.24 06:29:11.784,1.41185,1.41195,4.80,3.00
2007.09.24 06:29:12.048,1.41185,1.41195,8.40,6.70
2007.09.24 06:29:12.311,1.41181,1.41196,10.80,10.90
2007.09.24 06:29:12.576,1.41181,1.41196,6.60,2.40
2007.09.24 06:29:12.885,1.41186,1.41191,6.60,1.00
2007.09.24 06:29:13.041,1.41187,1.41192,8.40,7.80
2007.09.24 06:29:13.197,1.41188,1.41193,10.20,2.70
2007.09.24 06:29:13.353,1.41187,1.41192,1.80,10.20
2007.09.24 06:29:13.507,1.4118,1.41196,14.60,1.20
2007.09.24 06:29:14.120,1.41183,1.41193,2.40,6.00
2007.09.24 06:29:14.428,1.41182,1.41197,4.80,4.80
2007.09.24 06:29:15.587,1.4118,1.41196,2.40,9.10
2007.09.24 06:29:15.872,1.41184,1.41189,1.00,4.20
2007.09.24 06:29:16.168,1.41179,1.41189,10.20,4.80
2007.09.24 06:29:16.464,1.4118,1.41185,19.20,5.40
2007.09.24 06:29:16.760,1.41173,1.41183,1.00,9.30
2007.09.24 06:29:17.025,1.41169,1.41179,9.00,15.10
2007.09.24 06:29:17.563,1.41159,1.41179,2.40,1.00
2007.09.24 06:29:17.828,1.41159,1.41173,2.40,1.80
2007.09.24 06:29:18.044,1.41161,1.41181,10.20,4.80
2007.09.24 06:29:18.260,1.41175,1.41181,10.20,10.50
2007.09.24 06:29:18.476,1.41181,1.41186,2.40,15.40
2007.09.24 06:29:18.691,1.41177,1.41197,1.20,5.40
2007.09.24 06:29:18.907,1.41181,1.41196,9.60,22.00
2007.09.24 06:29:19.163,1.4118,1.412,2.40,12.60
2007.09.24 06:29:19.419,1.41184,1.41198,7.20,6.00
2007.09.24 06:29:19.928,1.41179,1.41199,3.60,3.00
2007.09.24 06:29:20.228,1.41177,1.41202,41.80,2.40
2007.09.24 06:29:20.528,1.41173,1.41208,4.80,12.00
2007.09.24 06:29:20.828,1.41169,1.41213,3.00,9.60
2007.09.24 06:29:21.143,1.41169,1.41215,2.40,1.00
2007.09.24 06:29:21.472,1.41185,1.41201,6.60,3.90
2007.09.24 06:29:21.787,1.41181,1.41207,3.00,6.00
2007.09.24 06:29:22.103,1.41181,1.41207,4.80,9.00
2007.09.24 06:29:22.443,1.41183,1.41203,6.00,3.00
2007.09.24 06:29:22.783,1.41179,1.41204,9.00,1.20
2007.09.24 06:29:23.123,1.41183,1.41197,8.40,9.10
2007.09.24 06:29:23.307,1.41178,1.41198,18.00,7.20
2007.09.24 06:29:23.422,1.41179,1.41195,22.80,9.00
2007.09.24 06:29:23.492,1.41181,1.41196,7.20,4.80
2007.09.24 06:29:23.675,1.41184,1.41198,10.80,3.30
2007.09.24 06:29:23.863,1.41185,1.41199,6.00,12.30
2007.09.24 06:29:24.073,1.41188,1.41198,4.80,3.00
2007.09.24 06:29:24.279,1.41192,1.41197,7.80,4.80
2007.09.24 06:29:24.487,1.41191,1.41201,7.80,14.70
2007.09.24 06:29:24.899,1.41192,1.41202,4.80,2.40
2007.09.24 06:29:25.240,1.4119,1.41205,2.40,11.50
2007.09.24 06:29:25.579,1.41191,1.41206,1.00,2.50
2007.09.24 06:29:25.920,1.41194,1.41204,2.40,2.40
2007.09.24 06:29:26.082,1.41195,1.412,7.20,9.60
2007.09.24 06:29:26.262,1.41186,1.41206,5.40,5.40
2007.09.24 06:29:26.395,1.4119,1.412,2.40,1.00
2007.09.24 06:29:26.868,1.41187,1.41197,5.40,15.10
2007.09.24 06:29:27.704,1.41181,1.41201,9.00,2.40
2007.09.24 06:29:28.045,1.41182,1.41197,4.40,4.80
2007.09.24 06:29:28.323,1.41181,1.41196,13.80,1.00
2007.09.24 06:29:28.603,1.41181,1.41196,2.40,2.40
2007.09.24 06:29:28.711,1.41185,1.41195,8.40,4.80
2007.09.24 06:29:29.159,1.41187,1.41197,3.30,3.00
2007.09.24 06:29:29.301,1.41191,1.41196,12.00,4.80
2007.09.24 06:29:29.575,1.4119,1.412,4.80,4.80
2007.09.24 06:29:29.715,1.41192,1.41197,2.40,2.40
2007.09.24 06:29:29.855,1.41189,1.41199,7.20,4.20
2007.09.24 06:29:29.995,1.41188,1.41198,6.60,4.20
2007.09.24 06:29:30.136,1.41187,1.41197,2.40,10.20
2007.09.24 06:29:30.475,1.41183,1.41198,12.60,5.50
2007.09.24 06:29:30.815,1.41184,1.41199,4.80,11.40
2007.09.24 06:29:31.155,1.41187,1.41197,6.00,4.80
2007.09.24 06:29:31.424,1.41185,1.41195,3.60,8.80
2007.09.24 06:29:31.559,1.41181,1.41196,10.20,6.60
2007.09.24 06:29:31.696,1.41183,1.41193,2.40,1.60
2007.09.24 06:29:31.831,1.41179,1.41199,12.60,7.20
2007.09.24 06:29:31.967,1.4118,1.412,2.40,1.20
2007.09.24 06:29:32.775,1.41184,1.41199,2.40,4.80
2007.09.24 06:29:33.115,1.41187,1.41197,5.40,11.80
2007.09.24 06:29:33.431,1.41188,1.41198,7.80,9.60
2007.09.24 06:29:34.639,1.41192,1.41196,13.40,4.80
2007.09.24 06:29:34.744,1.41191,1.41201,6.00,8.40
2007.09.24 06:29:34.980,1.41193,1.41199,4.20,1.00
2007.09.24 06:29:35.251,1.41187,1.41202,7.80,3.00
2007.09.24 06:29:35.544,1.41186,1.412,4.80,4.80
2007.09.24 06:29:35.821,1.41184,1.41199,2.40,7.90
2007.09.24 06:29:36.652,1.41188,1.41192,9.20,2.40
2007.09.24 06:29:36.833,1.41187,1.41191,20.40,1.20
2007.09.24 06:29:37.190,1.41183,1.41193,3.00,16.90
2007.09.24 06:29:37.373,1.41184,1.41189,9.60,1.90
2007.09.24 06:29:37.714,1.41183,1.41187,6.60,7.50
2007.09.24 06:29:38.055,1.41181,1.41187,6.60,5.60
2007.09.24 06:29:38.393,1.41181,1.41185,9.60,22.00
2007.09.24 06:29:38.484,1.41174,1.41189,10.20,5.40
2007.09.24 06:29:38.783,1.41179,1.41184,5.40,7.80
2007.09.24 06:29:38.982,1.41178,1.41183,7.20,5.40
2007.09.24 06:29:39.164,1.41178,1.41183,16.20,2.40
2007.09.24 06:29:39.347,1.41179,1.41184,6.00,15.40
2007.09.24 06:29:39.688,1.41179,1.41189,7.60,6.00
2007.09.24 06:29:40.029,1.41186,1.41191,16.60,3.60
2007.09.24 06:29:40.367,1.41192,1.41197,4.80,4.20
2007.09.24 06:29:40.936,1.412,1.41205,7.80,4.80
2007.09.24 06:29:41.211,1.41207,1.41212,2.40,6.00
2007.09.24 06:29:41.487,1.41211,1.41215,15.20,3.00
2007.09.24 06:29:41.663,1.4121,1.41214,7.20,12.00
2007.09.24 06:29:41.839,1.41206,1.41212,6.00,4.20
2007.09.24 06:29:42.016,1.41195,1.41215,3.60,13.60
2007.09.24 06:29:42.191,1.41188,1.41213,2.40,10.20
2007.09.24 06:29:42.368,1.4119,1.41204,6.60,6.00
2007.09.24 06:29:42.544,1.41186,1.41206,3.00,8.70
2007.09.24 06:29:42.778,1.41188,1.41203,1.20,2.10
2007.09.24 06:29:42.883,1.41187,1.41202,21.00,1.80
2007.09.24 06:29:43.225,1.4119,1.412,2.40,8.40
2007.09.24 06:29:43.579,1.41194,1.41199,9.60,6.00
2007.09.24 06:29:43.809,1.41195,1.412,4.80,3.60
2007.09.24 06:29:44.024,1.41196,1.41201,4.80,5.20
2007.09.24 06:29:44.240,1.41194,1.41204,8.40,10.60
2007.09.24 06:29:44.456,1.41194,1.41204,1.20,13.50
2007.09.24 06:29:44.796,1.41195,1.412,10.20,21.70
2007.09.24 06:29:45.136,1.41194,1.41199,7.80,8.50
2007.09.24 06:29:45.476,1.4119,1.412,4.80,2.90
2007.09.24 06:29:45.560,1.41189,1.41204,4.20,9.00
2007.09.24 06:29:46.039,1.41192,1.41202,15.00,4.20
2007.09.24 06:29:46.323,1.41192,1.41197,14.40,2.40
2007.09.24 06:29:46.953,1.4119,1.41195,2.40,2.40
2007.09.24 06:29:47.293,1.41186,1.41196,22.80,2.40
2007.09.24 06:29:47.633,1.41184,1.41189,6.00,5.50
2007.09.24 06:29:47.953,1.41179,1.41184,5.40,7.20
2007.09.24 06:29:48.268,1.41173,1.41183,16.20,1.20
2007.09.24 06:29:48.429,1.4117,1.41185,3.00,6.00
2007.09.24 06:29:48.588,1.41169,1.41184,9.00,1.20
2007.09.24 06:29:48.892,1.41171,1.41186,7.80,8.40
2007.09.24 06:29:49.196,1.41172,1.41187,1.00,2.40
2007.09.24 06:29:49.868,1.41172,1.41192,8.40,2.40
2007.09.24 06:29:50.459,1.4118,1.4119,11.40,7.90
2007.09.24 06:29:53.411,1.41185,1.41195,2.40,12.60
2007.09.24 06:29:54.079,1.41188,1.41198,2.40,6.00
2007.09.24 06:29:54.454,1.41191,1.41196,4.80,7.20
2007.09.24 06:29:54.594,1.41192,1.41197,2.40,8.80
2007.09.24 06:29:54.737,1.41188,1.41198,10.20,1.00
2007.09.24 06:29:55.077,1.41187,1.41197,1.00,4.80
2007.09.24 06:29:57.907,1.41185,1.41195,2.40,6.00
2007.09.24 06:30:00.970,1.41195,1.41205,10.20,1.00
2007.09.24 06:30:01.062,1.41191,1.41206,9.00,6.00
2007.09.24 06:30:01.508,1.41192,1.41202,3.60,2.40
2007.09.24 06:30:01.713,1.4119,1.41205,4.80,4.80
2007.09.24 06:30:01.915,1.41189,1.41204,2.40,3.00
2007.09.24 06:30:02.515,1.41189,1.41204,10.20,3.00
2007.09.24 06:30:03.071,1.4119,1.412,7.80,8.40
2007.09.24 06:30:03.269,1.41193,1.41198,3.00,9.00
2007.09.24 06:30:03.879,1.41189,1.41204,3.00,7.80
2007.09.24 06:30:04.095,1.41192,1.41202,8.40,1.00
2007.09.24 06:30:04.311,1.4119,1.41205,15.60,4.80
2007.09.24 06:30:04.527,1.41189,1.41204,1.20,2.40
2007.09.24 06:30:04.867,1.4119,1.412,8.40,10.80
2007.09.24 06:30:05.141,1.41189,1.41199,2.40,7.80
2007.09.24 06:30:05.207,1.4119,1.41195,14.40,7.20
2007.09.24 06:30:05.548,1.41189,1.41199,4.80,11.40
2007.09.24 06:30:05.795,1.4119,1.412,6.00,1.00
2007.09.24 06:30:05.950,1.41191,1.41201,2.40,7.20
2007.09.24 06:30:07.011,1.41193,1.41203,2.40,3.30
2007.09.24 06:30:07.693,1.41194,1.41204,7.20,1.00
2007.09.24 06:30:07.839,1.41198,1.41203,11.40,1.00
2007.09.24 06:30:08.363,1.41197,1.41207,6.60,4.80
2007.09.24 06:30:08.439,1.41198,1.41208,2.40,1.60
2007.09.24 06:30:09.500,1.41202,1.41206,6.00,1.00
2007.09.24 06:30:09.730,1.412,1.41205,2.40,15.40
2007.09.24 06:30:09.786,1.41198,1.41204,7.80,4.90
2007.09.24 06:30:09.979,1.41194,1.41204,20.60,2.40
2007.09.24 06:30:10.227,1.4119,1.412,7.80,5.40
2007.09.24 06:30:10.719,1.41186,1.41196,2.40,8.40
2007.09.24 06:30:11.027,1.41184,1.4119,16.20,2.60
2007.09.24 06:30:11.335,1.4118,1.4119,24.30,3.30
2007.09.24 06:30:11.947,1.41178,1.41188,24.60,4.20
2007.09.24 06:30:12.103,1.41177,1.41187,9.00,8.50
2007.09.24 06:30:12.259,1.41176,1.41186,6.00,2.40
2007.09.24 06:30:12.415,1.41174,1.41184,4.80,12.60
2007.09.24 06:30:13.075,1.4117,1.4118,15.00,4.20
2007.09.24 06:30:13.927,1.41166,1.41176,12.00,1.90
2007.09.24 06:30:14.395,1.41166,1.4117,18.00,2.40
2007.09.24 06:30:14.631,1.41161,1.41171,6.60,1.00
2007.09.24 06:30:16.111,1.41167,1.41177,2.40,1.60
2007.09.24 06:30:16.312,1.41176,1.41182,2.40,8.40
2007.09.24 06:30:17.838,1.41184,1.41188,13.20,2.40
2007.09.24 06:30:18.775,1.41188,1.41198,6.00,6.00
2007.09.24 06:30:18.923,1.41191,1.41201,7.20,5.40
2007.09.24 06:30:19.599,1.41198,1.41202,6.00,8.40
2007.09.24 06:30:19.940,1.41199,1.41205,5.40,11.10
2007.09.24 06:30:20.103,1.41198,1.41208,4.80,18.00
2007.09.24 06:30:21.067,1.41198,1.41208,2.40,2.40
2007.09.24 06:30:21.351,1.41198,1.41208,2.40,8.20
2007.09.24 06:30:21.635,1.41199,1.41209,2.40,8.40
2007.09.24 06:30:21.919,1.412,1.4121,4.40,9.20
2007.09.24 06:30:22.203,1.41203,1.41208,2.40,6.00
2007.09.24 06:30:22.383,1.41197,1.41212,1.00,22.20
2007.09.24 06:30:22.563,1.41193,1.41213,16.20,2.50
2007.09.24 06:30:22.743,1.41195,1.4121,4.80,11.40
2007.09.24 06:30:22.923,1.41196,1.41206,6.00,1.90
2007.09.24 06:30:23.103,1.41192,1.41207,2.40,6.90
2007.09.24 06:30:23.303,1.41195,1.41205,9.00,3.60
2007.09.24 06:30:23.503,1.41193,1.41208,2.40,3.00
2007.09.24 06:30:23.899,1.41194,1.41209,6.60,13.00
2007.09.24 06:30:24.099,1.41198,1.41208,6.60,16.80
2007.09.24 06:30:25.511,1.412,1.4121,12.60,2.40
2007.09.24 06:30:26.391,1.41204,1.41209,4.20,1.00
2007.09.24 06:30:26.679,1.412,1.41215,4.40,9.20
2007.09.24 06:30:26.979,1.41198,1.41213,7.20,2.10
2007.09.24 06:30:27.924,1.41205,1.4121,2.40,8.40
2007.09.24 06:30:28.066,1.41206,1.41211,3.00,8.40
2007.09.24 06:30:28.171,1.41208,1.41213,4.20,4.80
2007.09.24 06:30:28.279,1.41213,1.41219,2.40,20.20
2007.09.24 06:30:28.592,1.41219,1.41223,1.00,8.80
2007.09.24 06:30:28.699,1.41218,1.41228,7.80,10.30
2007.09.24 06:30:29.408,1.41213,1.41223,4.80,9.60
2007.09.24 06:30:33.400,1.41203,1.41218,10.20,1.20
2007.09.24 06:30:34.844,1.412,1.4121,15.60,9.00
2007.09.24 06:30:34.871,1.41199,1.41203,2.40,6.10
2007.09.24 06:30:35.415,1.41196,1.41201,24.30,4.00
2007.09.24 06:30:35.959,1.41196,1.412,1.20,2.80
2007.09.24 06:30:37.083,1.41192,1.41202,2.40,12.10
2007.09.24 06:30:37.271,1.41195,1.412,14.40,2.40
2007.09.24 06:30:38.093,1.41193,1.41203,2.40,29.50
2007.09.24 06:30:38.236,1.41194,1.41204,2.40,1.00
2007.09.24 06:30:38.428,1.41195,1.41205,9.00,11.70
2007.09.24 06:30:40.945,1.41197,1.41207,6.00,1.00
2007.09.24 06:30:41.089,1.41193,1.41208,4.20,9.90
2007.09.24 06:30:41.267,1.41192,1.41207,1.00,2.80
2007.09.24 06:30:41.449,1.41193,1.41203,1.00,3.00
2007.09.24 06:30:42.364,1.41191,1.41201,3.60,6.00
2007.09.24 06:30:42.480,1.4119,1.41205,2.40,7.00
2007.09.24 06:30:42.596,1.41192,1.41207,4.80,10.20
2007.09.24 06:30:42.711,1.41193,1.41209,22.80,3.00
2007.09.24 06:30:43.374,1.41196,1.4121,2.40,7.70
2007.09.24 06:30:44.047,1.41199,1.41209,4.80,6.00
2007.09.24 06:30:44.255,1.41198,1.41213,6.00,2.40
2007.09.24 06:30:44.463,1.41204,1.41209,1.00,22.50
2007.09.24 06:30:44.671,1.41205,1.4121,12.60,2.40
2007.09.24 06:30:44.879,1.41204,1.41214,14.40,2.40
2007.09.24 06:30:44.949,1.41205,1.41215,10.20,15.60
2007.09.24 06:30:45.087,1.41206,1.41216,7.20,8.10
2007.09.24 06:30:47.853,1.41207,1.41212,8.50,3.00
2007.09.24 06:30:48.015,1.41207,1.41212,9.60,4.20
2007.09.24 06:30:48.259,1.41206,1.41211,3.00,2.40
2007.09.24 06:30:48.425,1.412,1.41215,14.80,2.40
2007.09.24 06:30:48.647,1.412,1.41215,11.80,2.40
2007.09.24 06:30:48.871,1.41199,1.41214,4.80,7.20
2007.09.24 06:30:50.763,1.41199,1.41209,3.00,8.40
2007.09.24 06:30:50.923,1.412,1.41205,4.80,3.70
2007.09.24 06:30:51.239,1.41192,1.41207,6.60,13.00
2007.09.24 06:30:51.401,1.41193,1.41203,20.50,9.00
2007.09.24 06:30:51.559,1.41191,1.41201,12.00,5.40
2007.09.24 06:30:51.719,1.4119,1.412,8.40,1.80
2007.09.24 06:30:52.348,1.41193,1.41198,29.70,2.40
2007.09.24 06:30:53.490,1.41191,1.41196,12.60,3.00
2007.09.24 06:30:53.880,1.41193,1.41198,7.20,4.80
2007.09.24 06:30:54.101,1.41195,1.412,10.20,3.00
2007.09.24 06:30:54.321,1.41195,1.412,13.20,4.80
2007.09.24 06:30:54.541,1.41197,1.41201,3.60,2.40
2007.09.24 06:31:02.649,1.41177,1.41187,14.60,1.20
2007.09.24 06:31:02.817,1.41183,1.41188,1.20,10.80
2007.09.24 06:31:02.985,1.41187,1.41192,3.60,3.00
2007.09.24 06:31:03.245,1.41188,1.41193,4.80,11.80
2007.09.24 06:31:03.830,1.41187,1.41197,2.40,1.00
2007.09.24 06:31:04.862,1.41191,1.41196,5.40,4.80
2007.09.24 06:31:05.266,1.41193,1.41198,3.00,8.80
2007.09.24 06:31:05.466,1.41193,1.41198,2.40,4.20
2007.09.24 06:31:05.665,1.41194,1.41199,10.20,1.80
2007.09.24 06:31:05.865,1.41195,1.412,4.20,5.70
2007.09.24 06:31:06.065,1.41196,1.41201,1.20,2.40
2007.09.24 06:31:07.082,1.41196,1.41201,27.00,7.80
2007.09.24 06:31:07.959,1.41192,1.41202,2.40,8.70
2007.09.24 06:31:09.049,1.41193,1.41198,3.00,1.00
2007.09.24 06:31:09.685,1.41191,1.41196,6.00,13.80
2007.09.24 06:31:09.987,1.41191,1.41196,2.40,6.00
2007.09.24 06:31:10.287,1.4119,1.41195,4.20,4.80
2007.09.24 06:31:11.953,1.41191,1.41196,17.40,7.80
2007.09.24 06:31:12.152,1.41192,1.41197,2.40,4.80
2007.09.24 06:31:12.348,1.41193,1.41198,7.20,12.60
2007.09.24 06:31:12.573,1.41194,1.41199,6.00,13.30
2007.09.24 06:31:13.033,1.41193,1.41203,19.20,9.00
2007.09.24 06:31:13.538,1.41195,1.412,1.80,15.60
2007.09.24 06:31:13.833,1.41194,1.41199,6.00,1.20
2007.09.24 06:31:14.130,1.41193,1.41198,5.40,16.80
2007.09.24 06:31:14.427,1.4119,1.412,8.40,5.40
2007.09.24 06:31:14.768,1.41188,1.41198,13.20,4.80
2007.09.24 06:31:15.444,1.41191,1.41196,2.40,12.00
2007.09.24 06:31:15.750,1.41192,1.41197,2.40,2.40
2007.09.24 06:31:15.907,1.41191,1.41201,1.20,2.40
2007.09.24 06:31:16.365,1.41192,1.41202,12.60,5.40
2007.09.24 06:31:16.579,1.41197,1.41201,7.20,4.80
2007.09.24 06:31:17.689,1.41193,1.41203,5.40,12.00
2007.09.24 06:31:18.017,1.41194,1.41199,10.80,2.40
2007.09.24 06:31:18.346,1.4119,1.412,2.40,1.00
2007.09.24 06:31:18.673,1.41186,1.41201,8.40,10.20
2007.09.24 06:31:19.013,1.41184,1.41199,2.40,9.00
2007.09.24 06:31:20.026,1.41188,1.41192,19.20,2.40
2007.09.24 06:31:20.367,1.41188,1.41192,9.00,4.80
2007.09.24 06:31:20.722,1.41186,1.41191,8.40,2.40
2007.09.24 06:31:21.174,1.41185,1.41195,10.80,3.00
2007.09.24 06:31:21.289,1.41184,1.41199,6.00,1.20
2007.09.24 06:31:21.407,1.41191,1.41195,5.40,2.40
2007.09.24 06:31:21.805,1.41186,1.41202,2.40,13.90
2007.09.24 06:31:22.095,1.41186,1.41201,5.40,16.80
2007.09.24 06:31:22.383,1.41185,1.41199,4.80,3.60
2007.09.24 06:31:22.671,1.41181,1.41191,2.40,4.80
2007.09.24 06:31:22.877,1.41174,1.41184,2.40,10.20
2007.09.24 06:31:23.085,1.41169,1.41175,16.00,5.40
2007.09.24 06:31:23.294,1.41168,1.41172,10.20,4.80
2007.09.24 06:31:23.503,1.41172,1.41182,4.80,13.90
2007.09.24 06:31:24.717,1.41179,1.41189,6.60,11.70
2007.09.24 06:31:25.569,1.41186,1.41196,3.00,3.00
2007.09.24 06:31:25.909,1.41193,1.41203,9.60,10.80
2007.09.24 06:31:26.065,1.412,1.41205,42.00,14.40
2007.09.24 06:31:26.221,1.41196,1.41212,12.00,4.80
2007.09.24 06:31:26.377,1.41201,1.41211,28.60,7.20
2007.09.24 06:31:26.441,1.41199,1.41214,16.50,2.40
2007.09.24 06:31:26.533,1.41205,1.4121,7.20,11.70
2007.09.24 06:31:26.733,1.41198,1.41213,19.30,7.20
2007.09.24 06:31:26.854,1.41197,1.41211,13.80,3.00
2007.09.24 06:31:27.101,1.41198,1.41208,9.60,3.60
2007.09.24 06:31:27.349,1.41197,1.41207,2.40,6.00
2007.09.24 06:31:27.597,1.41195,1.41205,18.00,1.20
2007.09.24 06:31:28.366,1.41194,1.41204,1.20,7.60
2007.09.24 06:31:28.569,1.41196,1.41201,7.20,12.00
2007.09.24 06:31:28.773,1.41192,1.41207,5.40,2.40
2007.09.24 06:31:29.113,1.41196,1.41206,9.60,4.80
2007.09.24 06:31:29.455,1.412,1.41205,4.80,4.80
2007.09.24 06:31:29.796,1.41199,1.41204,1.00,5.20
2007.09.24 06:31:30.405,1.41195,1.41205,16.20,2.40
2007.09.24 06:31:30.489,1.41193,1.41207,12.60,4.80
2007.09.24 06:31:30.831,1.41188,1.41208,2.40,1.00
2007.09.24 06:31:31.006,1.41192,1.41202,2.40,10.20
2007.09.24 06:31:31.167,1.41188,1.41203,7.80,9.60
2007.09.24 06:31:31.328,1.41187,1.41202,2.40,13.60
2007.09.24 06:31:31.486,1.41186,1.41201,15.60,6.00
2007.09.24 06:31:32.191,1.41186,1.41201,8.40,3.30
2007.09.24 06:31:32.427,1.41188,1.41198,7.80,9.60
2007.09.24 06:31:32.894,1.41185,1.412,15.00,1.00
2007.09.24 06:31:33.404,1.41186,1.41201,6.00,1.00
2007.09.24 06:31:33.657,1.41187,1.41202,9.00,6.10
2007.09.24 06:31:33.913,1.41191,1.41201,16.50,10.20
2007.09.24 06:31:34.425,1.41197,1.41202,10.20,2.40
2007.09.24 06:31:34.934,1.41201,1.41206,6.00,2.40
2007.09.24 06:31:36.987,1.41203,1.41208,6.00,2.40
2007.09.24 06:31:37.158,1.41201,1.41211,4.80,26.80
2007.09.24 06:31:37.245,1.41202,1.41212,15.60,1.20
2007.09.24 06:31:37.501,1.41202,1.41212,2.40,3.00
2007.09.24 06:31:37.576,1.41203,1.41209,1.20,3.00
2007.09.24 06:31:37.674,1.41204,1.41208,7.80,7.60
2007.09.24 06:31:37.784,1.41202,1.41212,1.20,5.40
2007.09.24 06:31:37.953,1.41202,1.41218,2.40,10.10
2007.09.24 06:31:38.041,1.41204,1.41218,15.60,4.80
2007.09.24 06:31:38.381,1.41206,1.4122,4.80,7.20
2007.09.24 06:31:38.721,1.41211,1.41227,7.80,9.70
2007.09.24 06:31:39.061,1.41215,1.4123,1.20,2.40
2007.09.24 06:31:39.344,1.41217,1.41233,3.00,4.20
2007.09.24 06:31:39.898,1.41215,1.4123,8.40,5.80
2007.09.24 06:31:40.706,1.41211,1.41225,16.20,4.80
2007.09.24 06:31:40.810,1.41206,1.41221,10.20,1.80
2007.09.24 06:31:43.455,1.41201,1.41217,1.00,3.60
2007.09.24 06:31:43.677,1.41197,1.41217,5.40,11.20
2007.09.24 06:31:43.903,1.41198,1.41212,16.20,2.40
2007.09.24 06:31:44.374,1.41194,1.41214,1.00,6.00
2007.09.24 06:31:44.719,1.41193,1.41209,13.20,3.00
2007.09.24 06:31:45.058,1.41191,1.41211,5.40,7.20
2007.09.24 06:31:45.399,1.41189,1.41209,4.80,4.80
2007.09.24 06:31:45.945,1.41189,1.41209,15.00,1.00
2007.09.24 06:31:46.222,1.41192,1.41212,6.40,7.20
2007.09.24 06:31:46.361,1.41193,1.41213,6.00,7.80
2007.09.24 06:31:47.191,1.41204,1.41209,1.20,5.70
2007.09.24 06:31:47.614,1.41204,1.41209,7.20,4.80
2007.09.24 06:31:47.688,1.41206,1.4121,4.80,9.00
2007.09.24 06:31:47.761,1.41204,1.41209,13.80,9.70
2007.09.24 06:31:48.236,1.41199,1.41209,1.80,1.00
2007.09.24 06:31:48.460,1.41196,1.41206,19.80,8.40
2007.09.24 06:31:49.933,1.41195,1.41199,2.40,4.80
2007.09.24 06:31:50.113,1.41191,1.41201,5.40,2.10
2007.09.24 06:31:50.178,1.41192,1.41197,6.60,7.20
2007.09.24 06:31:50.292,1.41193,1.41198,1.00,2.70
2007.09.24 06:31:50.469,1.4119,1.41205,9.60,10.80
2007.09.24 06:31:51.917,1.41194,1.41204,33.00,2.40
2007.09.24 06:31:52.109,1.41195,1.4121,5.10,8.10
2007.09.24 06:31:54.032,1.41202,1.41212,9.00,13.20
2007.09.24 06:31:54.833,1.41205,1.41215,2.40,7.90
2007.09.24 06:31:55.121,1.41208,1.41218,2.40,4.80
2007.09.24 06:31:55.225,1.41209,1.41219,4.80,10.20
2007.09.24 06:31:56.314,1.41213,1.41218,2.40,1.10
2007.09.24 06:31:56.508,1.4121,1.4122,3.00,6.00
2007.09.24 06:31:56.703,1.41208,1.41218,4.80,6.00
2007.09.24 06:31:57.035,1.4121,1.41215,1.80,6.00
2007.09.24 06:31:57.173,1.41208,1.41213,11.40,1.00
2007.09.24 06:31:57.313,1.41207,1.41212,6.00,2.40
2007.09.24 06:31:57.466,1.41203,1.41213,4.80,6.40
2007.09.24 06:31:57.605,1.41199,1.41214,3.60,2.40
2007.09.24 06:31:57.745,1.412,1.41215,6.60,4.80
2007.09.24 06:31:57.890,1.41199,1.41219,6.00,11.60
2007.09.24 06:31:58.029,1.412,1.41215,6.00,8.70
2007.09.24 06:31:58.374,1.41199,1.41214,4.80,9.60
2007.09.24 06:31:58.725,1.41194,1.41214,7.20,5.40
2007.09.24 06:31:59.069,1.4119,1.4121,7.80,4.80
2007.09.24 06:31:59.459,1.41191,1.41201,2.40,8.80
2007.09.24 06:31:59.547,1.41185,1.412,9.60,2.70
2007.09.24 06:32:05.214,1.4122,1.4123,3.60,5.40
2007.09.24 06:32:05.535,1.41218,1.41223,4.20,9.00
2007.09.24 06:32:05.749,1.4121,1.41215,7.80,8.40
2007.09.24 06:32:05.965,1.41204,1.41214,4.80,2.40
2007.09.24 06:32:06.181,1.41199,1.41209,1.80,2.40
2007.09.24 06:32:06.345,1.41195,1.41205,7.80,12.60
2007.09.24 06:32:06.510,1.41194,1.41204,2.40,8.80
2007.09.24 06:32:06.673,1.41188,1.41208,7.20,1.80
2007.09.24 06:32:06.849,1.41187,1.41207,6.60,8.50
2007.09.24 06:32:07.015,1.41187,1.41207,24.00,8.40
2007.09.24 06:32:08.463,1.41193,1.41198,27.60,4.80
2007.09.24 06:32:08.941,1.41189,1.41204,7.20,1.00
2007.09.24 06:32:10.201,1.41193,1.41203,10.40,4.80
2007.09.24 06:32:10.785,1.41192,1.41207,3.00,2.40
2007.09.24 06:32:10.885,1.41193,1.41208,4.80,24.10
2007.09.24 06:32:10.990,1.41197,1.41207,13.80,7.60
2007.09.24 06:32:11.090,1.41198,1.41208,6.00,2.40
2007.09.24 06:32:11.333,1.41195,1.41205,17.40,13.80
2007.09.24 06:32:11.570,1.41191,1.41206,2.40,3.30
2007.09.24 06:32:11.830,1.4119,1.41205,8.40,1.00
2007.09.24 06:32:12.090,1.41191,1.41201,1.00,11.50
2007.09.24 06:32:12.349,1.41186,1.41201,2.40,4.80
2007.09.24 06:32:12.509,1.41183,1.41198,4.80,17.20
2007.09.24 06:32:12.824,1.41181,1.41196,2.40,12.00
2007.09.24 06:32:13.511,1.41185,1.4119,2.40,10.30
2007.09.24 06:32:13.749,1.41181,1.41191,4.80,4.80
2007.09.24 06:32:13.992,1.4118,1.41194,4.80,1.80
2007.09.24 06:32:14.230,1.41178,1.41198,4.80,3.60
2007.09.24 06:32:14.469,1.4118,1.412,12.00,3.00
2007.09.24 06:32:14.810,1.41179,1.41204,6.60,21.00
2007.09.24 06:32:15.194,1.4118,1.41206,9.00,1.20
2007.09.24 06:32:15.324,1.41189,1.41199,3.20,5.40
2007.09.24 06:32:15.534,1.41185,1.41205,4.80,8.40
2007.09.24 06:32:15.613,1.41187,1.41207,12.60,11.80
2007.09.24 06:32:15.845,1.41189,1.41209,4.80,24.10
2007.09.24 06:32:16.322,1.41191,1.41211,5.40,4.80
2007.09.24 06:32:16.894,1.41191,1.41215,2.40,5.40
2007.09.24 06:32:18.293,1.41197,1.41212,4.80,8.80
2007.09.24 06:32:18.413,1.41201,1.41211,16.20,4.80
2007.09.24 06:32:18.649,1.41204,1.41219,12.10,2.40
2007.09.24 06:32:19.740,1.41206,1.41226,3.00,4.20
2007.09.24 06:32:20.061,1.41214,1.41234,6.00,6.00
2007.09.24 06:32:20.341,1.41221,1.41237,2.40,1.80
2007.09.24 06:32:20.897,1.41222,1.41238,8.40,4.20
2007.09.24 06:32:21.381,1.41211,1.41231,4.80,4.80
2007.09.24 06:32:21.467,1.41204,1.41224,16.50,2.40
2007.09.24 06:32:21.550,1.41197,1.41217,4.20,2.40
2007.09.24 06:32:21.635,1.41193,1.41213,2.40,12.60
2007.09.24 06:32:23.033,1.41198,1.41208,6.00,2.40
2007.09.24 06:32:23.235,1.41199,1.41209,16.50,2.40
2007.09.24 06:32:23.434,1.41198,1.41212,10.20,1.80
2007.09.24 06:32:23.961,1.41204,1.41214,4.80,13.90
2007.09.24 06:32:24.161,1.41202,1.41217,10.90,4.20
2007.09.24 06:32:24.457,1.41203,1.41219,19.20,4.80
2007.09.24 06:32:24.753,1.41203,1.41218,26.40,1.80
2007.09.24 06:32:25.049,1.412,1.4122,2.40,12.00
2007.09.24 06:32:25.285,1.41201,1.41216,11.40,7.80
2007.09.24 06:32:25.521,1.41205,1.4121,2.40,8.70
2007.09.24 06:32:25.757,1.41201,1.41211,4.80,4.80
2007.09.24 06:32:26.006,1.41198,1.41213,2.40,15.00
2007.09.24 06:32:26.272,1.41194,1.41214,2.40,4.80
2007.09.24 06:32:26.541,1.41192,1.41212,6.00,5.40
2007.09.24 06:32:27.338,1.41193,1.41208,6.40,10.20
2007.09.24 06:32:27.567,1.4119,1.41205,10.80,6.00
2007.09.24 06:32:27.772,1.41193,1.41198,7.80,7.80
2007.09.24 06:32:28.717,1.41185,1.41205,2.40,24.60
2007.09.24 06:32:29.472,1.41189,1.41199,17.40,2.40
2007.09.24 06:32:30.874,1.41185,1.412,18.00,6.00
2007.09.24 06:32:31.069,1.41184,1.41199,4.80,7.20
2007.09.24 06:32:31.111,1.41186,1.41201,10.20,2.40
2007.09.24 06:32:31.264,1.41187,1.41202,2.40,1.00
2007.09.24 06:32:31.668,1.41188,1.41203,6.00,5.40
2007.09.24 06:32:35.109,1.41189,1.41204,6.00,2.40
2007.09.24 06:32:35.230,1.41195,1.412,7.80,3.60
2007.09.24 06:32:35.349,1.41196,1.41201,1.00,4.80
2007.09.24 06:32:35.584,1.41192,1.41208,10.80,7.90
2007.09.24 06:32:35.704,1.41194,1.41208,9.60,4.80
2007.09.24 06:32:35.835,1.41194,1.4121,1.00,8.80
2007.09.24 06:32:35.955,1.41198,1.41208,2.40,14.40
2007.09.24 06:32:36.075,1.41198,1.41208,1.00,13.00
2007.09.24 06:32:36.355,1.412,1.41204,6.00,3.00
2007.09.24 06:32:36.633,1.41192,1.41207,1.00,9.60
2007.09.24 06:32:36.928,1.41193,1.41203,6.00,2.40
2007.09.24 06:32:37.205,1.41188,1.41203,4.80,4.80
2007.09.24 06:32:37.368,1.41184,1.41199,24.60,2.40
2007.09.24 06:32:38.016,1.41183,1.41193,4.90,5.40
2007.09.24 06:32:38.725,1.4118,1.41194,4.80,7.80
2007.09.24 06:32:38.985,1.41178,1.41193,4.80,4.80
2007.09.24 06:32:39.245,1.41177,1.41191,10.20,1.00
2007.09.24 06:32:39.504,1.41176,1.41191,3.00,12.00
2007.09.24 06:32:40.048,1.41174,1.41189,1.00,13.00
2007.09.24 06:32:41.887,1.41171,1.41187,6.00,1.00
2007.09.24 06:32:41.959,1.41169,1.41179,7.80,11.70
2007.09.24 06:32:42.046,1.41165,1.41171,8.40,5.40
2007.09.24 06:32:42.086,1.41156,1.41166,7.20,6.00
2007.09.24 06:32:42.224,1.41155,1.41165,4.80,9.60
2007.09.24 06:32:42.285,1.41164,1.41174,4.80,6.10
2007.09.24 06:32:42.451,1.41172,1.41187,8.40,8.50
2007.09.24 06:32:42.541,1.41181,1.41196,9.60,1.00
2007.09.24 06:32:42.839,1.41187,1.41203,10.20,1.80
2007.09.24 06:32:43.977,1.41194,1.41204,5.40,2.40
2007.09.24 06:32:45.383,1.41194,1.41204,24.40,19.80
2007.09.24 06:32:45.667,1.41195,1.41205,4.80,7.30
2007.09.24 06:32:46.354,1.4119,1.41206,3.60,18.00
2007.09.24 06:32:46.489,1.41191,1.41201,1.20,20.40
2007.09.24 06:32:46.601,1.41191,1.41195,6.00,2.40
2007.09.24 06:32:46.724,1.41187,1.41197,6.00,2.40
2007.09.24 06:32:46.968,1.41187,1.41197,1.00,13.00
2007.09.24 06:32:47.437,1.41185,1.41195,7.80,4.90
2007.09.24 06:32:48.343,1.41185,1.41195,12.00,2.70
2007.09.24 06:32:48.469,1.41187,1.41197,16.20,1.20
2007.09.24 06:32:48.817,1.41188,1.41198,13.20,10.00
2007.09.24 06:32:49.057,1.4119,1.412,6.60,5.20
2007.09.24 06:32:49.297,1.41191,1.41201,3.00,3.00
2007.09.24 06:32:49.569,1.41191,1.41201,1.80,9.00
2007.09.24 06:32:49.830,1.41189,1.41199,6.00,5.40
2007.09.24 06:32:51.457,1.41188,1.41198,7.20,9.60
2007.09.24 06:32:51.541,1.41189,1.41194,1.20,4.20
2007.09.24 06:32:51.625,1.41188,1.41198,5.40,12.70
2007.09.24 06:32:52.232,1.41189,1.41199,2.40,1.80
2007.09.24 06:32:52.536,1.41192,1.41202,1.00,5.80
2007.09.24 06:32:54.128,1.41198,1.41202,2.40,9.60
2007.09.24 06:32:55.239,1.412,1.4121,10.20,12.40
2007.09.24 06:32:55.381,1.41206,1.41211,1.80,2.40
2007.09.24 06:32:55.565,1.41206,1.41211,7.80,8.40
2007.09.24 06:32:55.749,1.41204,1.41214,7.20,1.00
2007.09.24 06:32:55.943,1.41203,1.41213,9.00,4.80
2007.09.24 06:32:56.117,1.41199,1.41214,6.60,15.30
2007.09.24 06:32:57.246,1.41199,1.41209,18.00,4.80
2007.09.24 06:32:57.541,1.41194,1.41204,4.80,7.80
2007.09.24 06:32:57.892,1.4119,1.412,3.60,9.00
2007.09.24 06:32:58.050,1.41188,1.41192,4.80,7.20
2007.09.24 06:32:58.784,1.41179,1.41189,2.40,18.40
2007.09.24 06:32:59.006,1.41169,1.41184,3.00,4.80
2007.09.24 06:32:59.229,1.41164,1.41174,0.25,16.60
2007.09.24 06:32:59.453,1.41157,1.41173,4.80,9.60
2007.09.24 06:33:08.233,1.41165,1.41175,2.40,1.20
2007.09.24 06:33:08.435,1.41164,1.41174,1.00,4.80
2007.09.24 06:33:08.540,1.41164,1.41174,24.00,1.00
2007.09.24 06:33:08.643,1.41165,1.41175,15.00,15.60
2007.09.24 06:33:08.925,1.41164,1.41179,9.00,16.80
2007.09.24 06:33:09.202,1.41166,1.41176,7.80,11.20
2007.09.24 06:33:09.481,1.41164,1.41174,3.00,6.40
2007.09.24 06:33:10.087,1.41163,1.41173,7.80,6.10
2007.09.24 06:33:10.621,1.41161,1.41171,6.00,2.40
2007.09.24 06:33:10.706,1.4116,1.4117,4.80,4.80
2007.09.24 06:33:15.718,1.41161,1.41166,14.40,4.80
2007.09.24 06:33:16.204,1.41154,1.41169,2.40,4.20
2007.09.24 06:33:16.303,1.41155,1.41165,2.40,1.00
2007.09.24 06:33:17.374,1.41154,1.41164,7.50,5.40
2007.09.24 06:33:17.431,1.41155,1.4116,2.40,2.70
2007.09.24 06:33:17.491,1.41154,1.41159,6.90,7.20
2007.09.24 06:33:17.550,1.41155,1.4116,12.60,1.80
2007.09.24 06:33:17.667,1.41155,1.4116,2.40,4.60
2007.09.24 06:33:17.785,1.41156,1.41161,11.40,2.40
2007.09.24 06:33:17.900,1.41158,1.41163,7.80,9.70
2007.09.24 06:33:18.070,1.4116,1.41165,18.40,1.00
2007.09.24 06:33:18.132,1.41164,1.41169,6.00,2.40
2007.09.24 06:33:18.193,1.41166,1.41171,7.80,12.60
2007.09.24 06:33:18.306,1.41168,1.41173,10.80,3.00
2007.09.24 06:33:18.762,1.4117,1.4118,1.00,17.50
2007.09.24 06:33:19.107,1.41175,1.41185,3.00,4.80
2007.09.24 06:33:19.447,1.41178,1.41188,3.00,11.40
2007.09.24 06:33:19.696,1.41176,1.41191,6.60,4.80
2007.09.24 06:33:19.942,1.41174,1.41184,14.40,1.00
2007.09.24 06:33:21.698,1.41167,1.41181,4.80,5.10
2007.09.24 06:33:22.350,1.41163,1.41178,5.40,2.40
2007.09.24 06:33:22.518,1.41161,1.41171,10.80,16.80
2007.09.24 06:33:22.649,1.4116,1.41166,9.00,4.80
2007.09.24 06:33:22.750,1.41159,1.41163,6.00,2.40
2007.09.24 06:33:22.866,1.41154,1.41164,8.40,2.40
2007.09.24 06:33:22.981,1.41153,1.41163,6.60,7.20
2007.09.24 06:33:23.209,1.41151,1.41161,6.00,7.80
2007.09.24 06:33:24.455,1.41151,1.41156,8.40,4.80
2007.09.24 06:33:25.845,1.41148,1.41152,19.80,6.60
2007.09.24 06:33:26.118,1.41146,1.41152,3.00,9.60
2007.09.24 06:33:26.395,1.4114,1.41155,6.00,4.80
2007.09.24 06:33:26.827,1.41144,1.41148,2.40,12.30
2007.09.24 06:33:26.989,1.41138,1.41154,2.40,2.40
2007.09.24 06:33:27.155,1.41143,1.41153,4.80,4.80
2007.09.24 06:33:27.318,1.41144,1.41154,4.80,4.80
2007.09.24 06:33:27.641,1.41145,1.41155,10.80,8.50
2007.09.24 06:33:27.806,1.41149,1.41154,17.40,4.80
2007.09.24 06:33:28.041,1.41148,1.41158,18.30,12.00
2007.09.24 06:33:28.580,1.4115,1.41156,9.60,10.80
2007.09.24 06:33:28.741,1.41149,1.41159,9.00,3.00
2007.09.24 06:33:28.885,1.4115,1.4116,4.80,4.80
2007.09.24 06:33:29.309,1.41148,1.41158,6.00,2.40
2007.09.24 06:33:29.454,1.41145,1.4116,9.00,2.40
2007.09.24 06:33:30.466,1.41147,1.41157,3.60,6.00
2007.09.24 06:33:30.834,1.4115,1.41154,6.60,5.40
2007.09.24 06:33:31.025,1.41149,1.41159,8.40,2.70
2007.09.24 06:33:31.470,1.41153,1.41158,4.80,2.40
2007.09.24 06:33:31.708,1.41152,1.41162,1.20,4.80
2007.09.24 06:33:31.829,1.41154,1.41164,9.00,10.20
2007.09.24 06:33:32.478,1.41156,1.41166,4.80,8.90
2007.09.24 06:33:32.597,1.41157,1.41167,6.60,3.60
2007.09.24 06:33:32.717,1.41156,1.41166,7.90,3.60
2007.09.24 06:33:32.838,1.41158,1.41163,2.40,6.10
2007.09.24 06:33:33.034,1.41154,1.41164,16.20,2.40
2007.09.24 06:33:34.334,1.41155,1.4116,27.60,2.40
2007.09.24 06:33:34.607,1.41151,1.41166,2.40,6.00
2007.09.24 06:33:35.201,1.4115,1.41165,7.80,3.00
2007.09.24 06:33:35.523,1.41151,1.41166,2.40,13.20
2007.09.24 06:33:35.863,1.41154,1.41164,2.40,6.10
2007.09.24 06:33:36.183,1.41156,1.41166,3.60,4.80
2007.09.24 06:33:36.515,1.41155,1.4117,3.00,10.80
2007.09.24 06:33:36.834,1.41159,1.41169,8.30,6.00
2007.09.24 06:33:37.262,1.41155,1.41175,3.60,26.40
2007.09.24 06:33:37.449,1.4116,1.4117,2.40,2.70
2007.09.24 06:33:37.657,1.41157,1.41172,7.80,4.80
2007.09.24 06:33:37.866,1.41155,1.41171,5.40,7.30
2007.09.24 06:33:38.189,1.4116,1.41164,2.40,6.00
2007.09.24 06:33:38.354,1.41158,1.41163,2.40,12.00
2007.09.24 06:33:38.677,1.41154,1.41164,19.00,4.80
2007.09.24 06:33:38.841,1.41156,1.41161,15.60,9.60
2007.09.24 06:33:39.270,1.41152,1.41162,13.30,6.00
2007.09.24 06:33:39.538,1.41156,1.41162,13.20,15.60
2007.09.24 06:33:39.808,1.41155,1.41165,3.00,7.20
2007.09.24 06:33:40.074,1.41154,1.41168,6.00,6.00
2007.09.24 06:33:40.409,1.41153,1.41173,3.00,12.30
2007.09.24 06:33:40.745,1.41153,1.41173,8.40,1.80
2007.09.24 06:33:41.081,1.41151,1.41171,4.80,3.00
2007.09.24 06:33:41.507,1.41158,1.41162,4.80,9.60
2007.09.24 06:33:41.818,1.41148,1.41168,3.00,4.80
2007.09.24 06:33:41.948,1.4115,1.4116,31.00,6.00
2007.09.24 06:33:42.201,1.41143,1.41159,5.40,2.10
2007.09.24 06:33:42.307,1.41138,1.41153,4.80,10.20
2007.09.24 06:33:42.413,1.4113,1.41145,2.40,3.40
2007.09.24 06:33:42.521,1.41121,1.41141,3.00,6.10
2007.09.24 06:33:42.733,1.41121,1.41135,2.50,1.80
2007.09.24 06:33:42.843,1.41128,1.41138,4.80,4.20
2007.09.24 06:33:43.131,1.41134,1.41144,8.40,5.70
2007.09.24 06:33:44.395,1.4114,1.4115,4.80,1.00
2007.09.24 06:33:44.759,1.41144,1.41154,9.60,1.80
2007.09.24 06:33:44.906,1.41147,1.41157,6.00,4.20
2007.09.24 06:33:45.478,1.41148,1.41158,4.80,2.40
2007.09.24 06:33:45.746,1.41147,1.41161,9.60,4.80
2007.09.24 06:33:46.013,1.41144,1.41164,1.80,4.80
2007.09.24 06:33:46.888,1.41143,1.41163,4.80,16.20
2007.09.24 06:33:46.955,1.41145,1.41159,2.40,6.00
2007.09.24 06:33:47.043,1.41146,1.41156,3.00,7.20
2007.09.24 06:33:47.091,1.41145,1.41155,4.80,5.40
2007.09.24 06:33:47.542,1.41147,1.41157,8.40,7.00
2007.09.24 06:33:48.144,1.41152,1.41157,1.00,16.70
2007.09.24 06:33:51.705,1.41153,1.41158,3.60,4.80
2007.09.24 06:33:51.822,1.41156,1.41161,10.20,4.80
2007.09.24 06:33:52.161,1.41158,1.41168,4.20,5.10
2007.09.24 06:33:52.569,1.4116,1.4117,4.80,2.40
2007.09.24 06:33:53.999,1.41161,1.41171,2.40,2.70
2007.09.24 06:33:54.985,1.41161,1.41171,6.00,1.60
2007.09.24 06:33:55.215,1.41157,1.41172,17.40,4.20
2007.09.24 06:33:55.442,1.41156,1.41171,7.80,13.90
2007.09.24 06:33:57.174,1.41155,1.4117,9.00,3.00
2007.09.24 06:33:57.374,1.41152,1.41162,1.20,7.60
2007.09.24 06:33:57.541,1.41147,1.41157,2.40,9.30
2007.09.24 06:33:57.753,1.41142,1.41152,9.60,22.00
2007.09.24 06:33:58.263,1.41139,1.41149,3.60,4.80
2007.09.24 06:34:04.348,1.41126,1.4114,16.40,2.40
2007.09.24 06:34:04.820,1.41129,1.41144,7.20,12.00
2007.09.24 06:34:04.969,1.41131,1.41151,3.60,11.10
2007.09.24 06:34:05.051,1.41137,1.41152,25.80,12.00
2007.09.24 06:34:05.128,1.41137,1.41152,22.80,1.20
2007.09.24 06:34:05.207,1.41141,1.41151,4.80,11.70
2007.09.24 06:34:05.287,1.41141,1.41151,1.20,3.00
2007.09.24 06:34:05.443,1.41137,1.41152,12.60,11.80
2007.09.24 06:34:05.609,1.41137,1.41152,1.20,3.00
2007.09.24 06:34:05.687,1.41138,1.41153,14.40,1.80
2007.09.24 06:34:05.768,1.41139,1.41154,4.80,6.50
2007.09.24 06:34:05.880,1.41137,1.41157,6.60,8.50
2007.09.24 06:34:05.963,1.41136,1.41156,6.00,2.40
2007.09.24 06:34:06.230,1.41135,1.41155,21.80,1.00
2007.09.24 06:34:06.759,1.41136,1.41151,3.40,1.00
2007.09.24 06:34:07.511,1.41137,1.41147,2.40,1.20
2007.09.24 06:34:07.743,1.41137,1.41152,8.40,1.20
2007.09.24 06:34:07.979,1.41138,1.41153,4.80,5.40
2007.09.24 06:34:08.215,1.4114,1.41155,42.30,7.80
2007.09.24 06:34:08.555,1.41144,1.41154,16.80,1.80
2007.09.24 06:34:08.896,1.41148,1.41158,1.60,4.80
2007.09.24 06:34:09.232,1.4115,1.4116,11.40,3.00
2007.09.24 06:34:09.555,1.4115,1.4116,10.80,6.00
2007.09.24 06:34:11.834,1.41149,1.41159,4.80,6.00
2007.09.24 06:34:11.885,1.41145,1.41155,4.80,6.80
2007.09.24 06:34:12.008,1.41139,1.41144,15.00,7.20
2007.09.24 06:34:12.029,1.41125,1.4114,1.00,1.80
2007.09.24 06:34:12.067,1.41115,1.4113,3.00,3.00
2007.09.24 06:34:12.139,1.4111,1.41126,6.00,4.80
2007.09.24 06:34:12.179,1.41113,1.41128,20.40,3.00
2007.09.24 06:34:12.239,1.41116,1.4113,9.00,3.00
2007.09.24 06:34:12.268,1.4112,1.41135,13.40,7.20
2007.09.24 06:34:12.959,1.41122,1.41142,8.40,5.80
2007.09.24 06:34:14.020,1.41129,1.41144,3.60,2.40
2007.09.24 06:34:14.203,1.41138,1.41144,5.40,11.40
2007.09.24 06:34:14.389,1.41137,1.41147,10.80,16.20
2007.09.24 06:34:14.574,1.41139,1.41149,4.80,8.30
2007.09.24 06:34:14.882,1.4114,1.4115,1.20,10.20
2007.09.24 06:34:15.187,1.41138,1.41153,10.80,9.60
2007.09.24 06:34:15.344,1.41138,1.41154,4.80,13.90
2007.09.24 06:34:15.501,1.41139,1.41155,12.60,4.80
2007.09.24 06:34:15.756,1.4114,1.41155,5.40,11.40
2007.09.24 06:34:16.013,1.41144,1.41154,13.20,6.00
2007.09.24 06:34:16.269,1.41146,1.41156,23.60,4.80
2007.09.24 06:34:16.524,1.41147,1.41157,4.80,10.20
2007.09.24 06:34:16.631,1.41146,1.41161,4.80,1.00
2007.09.24 06:34:17.324,1.41147,1.41157,1.00,8.80
2007.09.24 06:34:17.603,1.41149,1.41153,2.40,6.00
2007.09.24 06:34:17.930,1.41143,1.41158,10.80,11.40
2007.09.24 06:34:18.095,1.41144,1.41154,5.40,12.00
2007.09.24 06:34:18.271,1.41145,1.41155,24.30,3.30
2007.09.24 06:34:18.431,1.41147,1.41157,2.40,10.20
2007.09.24 06:34:18.597,1.41147,1.41157,8.80,22.30
2007.09.24 06:34:18.934,1.41143,1.41158,6.60,7.20
2007.09.24 06:34:19.270,1.41145,1.41155,6.60,4.80
2007.09.24 06:34:19.606,1.41141,1.41157,17.20,8.80
2007.09.24 06:34:19.994,1.41143,1.41153,2.40,1.00
2007.09.24 06:34:20.251,1.41141,1.41151,1.20,7.20
2007.09.24 06:34:20.489,1.4114,1.4115,12.60,2.40
2007.09.24 06:34:20.743,1.41139,1.41149,3.60,4.20
2007.09.24 06:34:20.877,1.4114,1.4115,7.80,6.00
2007.09.24 06:34:21.011,1.41141,1.41151,8.40,4.80
2007.09.24 06:34:26.771,1.41141,1.41151,5.40,7.20
2007.09.24 06:34:26.978,1.41137,1.41152,8.40,4.80
2007.09.24 06:34:27.183,1.41141,1.41146,4.80,6.10
2007.09.24 06:34:27.336,1.41137,1.41147,6.00,6.80
2007.09.24 06:34:27.493,1.41137,1.41147,4.80,8.40
2007.09.24 06:34:27.648,1.41137,1.41147,9.60,8.80
2007.09.24 06:34:27.707,1.41139,1.41149,19.30,7.20
2007.09.24 06:34:27.803,1.4114,1.4115,15.00,1.20
2007.09.24 06:34:29.775,1.4114,1.4115,10.80,11.80
2007.09.24 06:34:29.824,1.41138,1.41148,2.40,8.40
2007.09.24 06:34:29.907,1.41135,1.4115,12.60,4.20
2007.09.24 06:34:30.008,1.41139,1.41149,3.00,3.00
2007.09.24 06:34:30.032,1.41141,1.41151,8.40,1.50
2007.09.24 06:34:30.105,1.41142,1.41152,7.80,9.60
2007.09.24 06:34:30.132,1.41141,1.41156,10.80,3.00
2007.09.24 06:34:30.295,1.41148,1.41158,8.40,5.80
2007.09.24 06:34:30.635,1.41151,1.41161,19.20,3.00
2007.09.24 06:34:33.684,1.4115,1.41165,3.00,2.40
2007.09.24 06:34:33.831,1.41152,1.41167,13.80,13.20
2007.09.24 06:34:33.977,1.41153,1.41168,2.40,6.00
2007.09.24 06:34:34.123,1.41157,1.41172,2.40,12.60
2007.09.24 06:34:34.271,1.41162,1.41177,11.40,7.90
2007.09.24 06:34:34.419,1.41169,1.41179,2.40,12.10
2007.09.24 06:34:34.567,1.4118,1.41185,9.60,10.20
2007.09.24 06:34:34.711,1.41185,1.41195,6.60,4.80
2007.09.24 06:34:34.855,1.41196,1.41202,11.10,15.60
2007.09.24 06:34:34.999,1.41194,1.41204,6.60,5.40
2007.09.24 06:34:35.143,1.4119,1.41195,13.00,2.40
2007.09.24 06:34:35.287,1.41181,1.41186,6.00,1.80
2007.09.24 06:34:35.429,1.41168,1.41184,3.00,11.50
2007.09.24 06:34:35.571,1.41163,1.41173,4.80,8.80
2007.09.24 06:34:35.779,1.41159,1.41169,8.40,4.30
2007.09.24 06:34:35.987,1.41156,1.41166,4.80,3.00
2007.09.24 06:34:36.118,1.41152,1.41168,3.60,12.00
2007.09.24 06:34:36.195,1.41152,1.41166,2.40,8.70
2007.09.24 06:34:36.603,1.4115,1.4117,2.40,11.20
2007.09.24 06:34:36.868,1.41155,1.41165,15.00,2.40
2007.09.24 06:34:37.131,1.41156,1.41161,24.60,10.80
2007.09.24 06:34:37.395,1.41152,1.41162,4.80,2.40
2007.09.24 06:34:37.659,1.41148,1.41163,3.00,12.00
2007.09.24 06:34:37.927,1.41148,1.41158,9.00,2.40
2007.09.24 06:34:38.195,1.41144,1.41154,8.40,9.40
2007.09.24 06:34:38.463,1.41144,1.41154,2.40,15.00
2007.09.24 06:34:39.067,1.41143,1.41153,7.20,4.80
2007.09.24 06:34:39.407,1.41141,1.41151,2.40,4.20
2007.09.24 06:34:39.563,1.41137,1.41152,15.00,12.30
2007.09.24 06:34:39.747,1.41143,1.41148,1.20,5.70
2007.09.24 06:34:39.867,1.41144,1.41149,12.60,4.80
2007.09.24 06:34:39.987,1.41143,1.41153,10.20,6.90
2007.09.24 06:34:40.107,1.41147,1.41152,6.00,11.50
2007.09.24 06:34:40.223,1.41146,1.41156,2.40,1.20
2007.09.24 06:34:40.455,1.41149,1.41154,12.60,1.20
2007.09.24 06:34:40.795,1.41148,1.41153,8.40,1.00
2007.09.24 06:34:41.019,1.41144,1.41154,6.00,22.00
2007.09.24 06:34:41.243,1.41143,1.41153,10.20,3.00
2007.09.24 06:34:41.609,1.41141,1.41151,8.40,7.80
2007.09.24 06:34:43.543,1.41137,1.41152,8.40,1.00
2007.09.24 06:34:43.777,1.41139,1.41149,5.40,11.40
2007.09.24 06:34:43.891,1.41137,1.41147,1.80,2.40
2007.09.24 06:34:44.184,1.41139,1.41144,10.80,6.60
2007.09.24 06:34:44.327,1.41138,1.41148,4.20,5.10
2007.09.24 06:34:44.471,1.4114,1.4115,1.00,2.70
2007.09.24 06:34:48.021,1.41141,1.41151,2.40,6.00
2007.09.24 06:34:48.484,1.41142,1.41152,7.20,4.80
2007.09.24 06:34:51.812,1.41144,1.41154,7.20,6.10
2007.09.24 06:34:52.306,1.41146,1.41156,7.20,7.80
2007.09.24 06:34:52.584,1.41151,1.41161,11.40,6.00
2007.09.24 06:34:52.873,1.41154,1.41164,2.40,6.00
2007.09.24 06:34:53.156,1.41159,1.41164,18.60,6.00
2007.09.24 06:34:53.439,1.41158,1.41168,18.60,4.20
2007.09.24 06:34:53.683,1.4116,1.4117,6.00,7.80
2007.09.24 06:34:54.266,1.4116,1.4117,19.20,5.40
2007.09.24 06:34:54.419,1.41164,1.41169,3.00,9.50
2007.09.24 06:34:54.577,1.41162,1.41167,3.00,17.50
2007.09.24 06:34:54.731,1.41161,1.41166,20.40,4.80
2007.09.24 06:34:54.887,1.41157,1.41167,5.40,7.20
2007.09.24 06:34:58.996,1.41152,1.41168,1.20,1.80
2007.09.24 06:35:06.383,1.41142,1.41152,5.40,2.40
2007.09.24 06:35:06.784,1.41142,1.41147,5.40,6.00
2007.09.24 06:35:06.894,1.41138,1.41143,2.40,2.40
2007.09.24 06:35:07.039,1.41137,1.41142,10.20,10.20
2007.09.24 06:35:07.082,1.41137,1.41142,12.00,2.40
2007.09.24 06:35:07.120,1.41137,1.41142,2.40,3.30
2007.09.24 06:35:07.275,1.41136,1.41146,4.80,8.20
2007.09.24 06:35:07.316,1.4114,1.41145,27.00,7.80
2007.09.24 06:35:07.361,1.41142,1.41147,4.80,7.20
2007.09.24 06:35:07.399,1.41143,1.41148,15.90,11.20
2007.09.24 06:35:07.442,1.41143,1.41148,5.40,2.10
2007.09.24 06:35:08.173,1.41139,1.41149,17.40,4.20
2007.09.24 06:35:08.511,1.41138,1.41148,7.20,4.80
2007.09.24 06:35:08.853,1.41137,1.41147,2.40,7.80
2007.09.24 06:35:09.786,1.41133,1.41148,8.40,10.90
2007.09.24 06:35:10.506,1.41132,1.41147,9.00,1.00
2007.09.24 06:35:10.756,1.41133,1.41148,12.60,9.60
2007.09.24 06:35:11.138,1.41135,1.41145,7.80,14.40
2007.09.24 06:35:11.286,1.41133,1.41148,7.20,4.80
2007.09.24 06:35:11.430,1.41137,1.41147,2.40,11.40
2007.09.24 06:35:11.722,1.41135,1.4115,16.20,1.80
2007.09.24 06:35:11.866,1.41134,1.41149,10.20,1.00
2007.09.24 06:35:12.329,1.41132,1.41148,21.90,2.40
2007.09.24 06:35:12.477,1.41134,1.41149,1.80,2.80
2007.09.24 06:35:12.646,1.41135,1.41151,9.00,3.00
2007.09.24 06:35:15.459,1.41137,1.41152,6.60,8.40
2007.09.24 06:35:16.767,1.41144,1.41154,8.40,7.80
2007.09.24 06:35:16.827,1.41147,1.41161,4.80,8.40
2007.09.24 06:35:16.948,1.41158,1.41168,6.60,4.80
2007.09.24 06:35:17.066,1.41167,1.41173,6.00,2.40
2007.09.24 06:35:17.130,1.41171,1.41175,27.00,7.80
2007.09.24 06:35:17.195,1.4117,1.41174,1.00,2.40
2007.09.24 06:35:17.313,1.41163,1.41173,9.60,4.80
2007.09.24 06:35:17.654,1.4116,1.4117,2.40,8.40
2007.09.24 06:35:18.610,1.41158,1.41163,2.40,13.00
2007.09.24 06:35:18.950,1.41153,1.41163,2.40,2.40
2007.09.24 06:35:19.290,1.4115,1.4116,2.40,3.00
2007.09.24 06:35:19.495,1.41146,1.41156,11.40,1.80
2007.09.24 06:35:20.094,1.41142,1.41152,12.60,2.40
2007.09.24 06:35:20.294,1.41139,1.41149,1.00,8.80
2007.09.24 06:35:20.504,1.41135,1.4115,4.80,17.50
2007.09.24 06:35:20.702,1.41137,1.41147,1.20,12.70
2007.09.24 06:35:21.308,1.41135,1.41145,6.00,5.40
2007.09.24 06:35:21.895,1.41136,1.41141,6.00,1.20
2007.09.24 06:35:22.351,1.41135,1.4114,4.80,6.00
2007.09.24 06:35:22.647,1.41134,1.41144,3.00,3.00
2007.09.24 06:35:22.782,1.41136,1.41146,9.00,1.90
2007.09.24 06:35:22.916,1.41137,1.41147,0.75,4.80
2007.09.24 06:35:23.050,1.41137,1.41147,16.20,4.20
2007.09.24 06:35:23.355,1.41133,1.41148,27.60,4.80
2007.09.24 06:35:25.466,1.41131,1.41147,6.00,13.00
2007.09.24 06:35:34.606,1.41133,1.41143,6.00,4.80
2007.09.24 06:35:36.458,1.41127,1.41143,6.00,10.50
2007.09.24 06:35:36.695,1.41129,1.41139,7.50,5.40
2007.09.24 06:35:40.224,1.41127,1.41137,12.60,6.10
2007.09.24 06:35:40.390,1.41126,1.41136,1.00,4.20
2007.09.24 06:35:40.821,1.41122,1.41132,2.40,4.80
2007.09.24 06:35:42.903,1.41119,1.41123,17.40,4.80
2007.09.24 06:35:43.202,1.41114,1.41118,22.20,10.20
2007.09.24 06:35:43.517,1.41104,1.41114,4.20,15.30
2007.09.24 06:35:44.386,1.41101,1.41111,8.40,4.80
2007.09.24 06:35:44.584,1.41108,1.41113,21.90,2.40
2007.09.24 06:35:44.778,1.41115,1.4112,7.20,2.10
2007.09.24 06:35:45.114,1.41115,1.41135,7.50,4.80
2007.09.24 06:35:45.457,1.41123,1.41138,10.00,6.00
2007.09.24 06:35:45.796,1.41128,1.41142,6.60,4.80
2007.09.24 06:35:45.962,1.41129,1.41145,2.40,17.50
2007.09.24 06:35:46.619,1.41129,1.41149,1.20,4.80
2007.09.24 06:35:47.046,1.41132,1.41148,14.40,2.40
2007.09.24 06:35:49.750,1.41131,1.41146,6.00,5.40
2007.09.24 06:35:50.034,1.4113,1.41146,15.00,7.20
2007.09.24 06:35:50.178,1.41133,1.41143,17.40,2.40
2007.09.24 06:35:50.456,1.41131,1.41146,4.20,1.00
2007.09.24 06:35:50.612,1.41132,1.41147,3.60,1.90
2007.09.24 06:35:50.904,1.41133,1.41143,7.80,4.80
2007.09.24 06:35:51.063,1.41129,1.41144,6.40,5.40
2007.09.24 06:35:51.142,1.41127,1.41142,15.70,4.80
2007.09.24 06:35:51.222,1.41126,1.41141,2.40,3.40
2007.09.24 06:35:51.414,1.41122,1.41137,3.60,3.00
2007.09.24 06:35:51.654,1.41122,1.41137,6.60,4.80
2007.09.24 06:35:52.366,1.41123,1.41133,4.80,3.00
2007.09.24 06:35:52.602,1.41119,1.41134,4.80,1.00
2007.09.24 06:35:55.959,1.41118,1.41133,4.80,7.20
2007.09.24 06:35:56.296,1.41125,1.4113,11.40,4.80
2007.09.24 06:35:56.401,1.41126,1.41131,7.20,2.10
2007.09.24 06:35:56.516,1.41121,1.41136,10.20,13.80
2007.09.24 06:35:56.618,1.41127,1.41131,4.80,3.60
2007.09.24 06:35:56.720,1.41125,1.4113,9.00,4.20
2007.09.24 06:35:56.923,1.41125,1.4113,9.70,2.40
2007.09.24 06:35:57.026,1.41124,1.41134,2.40,15.60
2007.09.24 06:35:57.561,1.41125,1.41135,4.80,15.00
2007.09.24 06:36:00.135,1.41117,1.41123,4.80,7.80
2007.09.24 06:36:00.488,1.41116,1.41121,2.40,18.30
2007.09.24 06:36:02.066,1.41117,1.41122,21.00,1.80
2007.09.24 06:36:02.425,1.41118,1.41123,6.00,4.80
2007.09.24 06:36:03.797,1.41116,1.41126,6.00,1.00
2007.09.24 06:36:04.137,1.41114,1.41124,2.40,1.00
2007.09.24 06:36:04.945,1.41118,1.41123,6.60,6.00
2007.09.24 06:36:05.097,1.41119,1.41124,7.20,10.80
2007.09.24 06:36:05.274,1.4112,1.41125,2.40,8.40
2007.09.24 06:36:05.454,1.41121,1.41126,4.80,9.00
2007.09.24 06:36:05.633,1.41122,1.41127,4.80,3.00
2007.09.24 06:36:05.813,1.41121,1.41126,3.00,1.00
2007.09.24 06:36:06.165,1.4112,1.41125,6.60,9.00
2007.09.24 06:36:06.457,1.41119,1.41124,9.70,4.20
2007.09.24 06:36:11.081,1.41117,1.41123,11.40,7.20
2007.09.24 06:36:13.416,1.41118,1.41124,2.40,1.00
2007.09.24 06:36:16.401,1.4112,1.41124,10.80,6.00
2007.09.24 06:36:18.313,1.41118,1.41128,7.20,3.00
2007.09.24 06:36:18.630,1.41122,1.41127,3.00,4.80
2007.09.24 06:36:18.813,1.41124,1.41128,3.60,1.00
2007.09.24 06:36:18.997,1.41125,1.41129,4.80,3.60
2007.09.24 06:36:19.177,1.41125,1.41131,9.60,4.80
2007.09.24 06:36:19.357,1.41124,1.41134,2.40,16.30
2007.09.24 06:36:19.537,1.41123,1.41133,13.80,6.10
2007.09.24 06:36:20.054,1.41124,1.41129,2.40,1.00
2007.09.24 06:36:20.393,1.4112,1.4113,9.00,10.50
2007.09.24 06:36:20.728,1.41119,1.41129,2.40,1.00
2007.09.24 06:36:21.233,1.41117,1.41127,3.00,6.40
2007.09.24 06:36:21.489,1.41116,1.41126,2.40,11.40
2007.09.24 06:36:21.740,1.41111,1.41126,9.00,8.80
2007.09.24 06:36:22.076,1.41107,1.41122,3.00,4.20
2007.09.24 06:36:22.416,1.41107,1.41113,21.70,1.80
2007.09.24 06:36:22.753,1.411,1.4111,7.80,3.60
2007.09.24 06:36:23.665,1.41091,1.41106,8.70,2.40
2007.09.24 06:36:23.777,1.41093,1.41103,2.40,2.40
2007.09.24 06:36:24.090,1.41098,1.41108,20.00,2.40
2007.09.24 06:36:24.405,1.41106,1.41116,7.20,9.00
2007.09.24 06:36:25.275,1.41112,1.41122,21.60,4.80
2007.09.24 06:36:26.362,1.41117,1.41127,1.20,2.40
2007.09.24 06:36:26.854,1.4112,1.4113,13.80,4.80
2007.09.24 06:36:27.098,1.41123,1.41133,2.40,2.70
2007.09.24 06:36:27.341,1.41124,1.41134,4.20,1.00
2007.09.24 06:36:28.250,1.41128,1.41133,2.40,3.00
2007.09.24 06:36:29.317,1.4113,1.41135,20.40,6.30
2007.09.24 06:36:29.471,1.41132,1.41137,6.00,1.20
2007.09.24 06:36:29.639,1.41133,1.41138,7.80,4.80
2007.09.24 06:36:29.777,1.41133,1.41138,13.80,6.40
2007.09.24 06:36:29.932,1.41134,1.4114,8.40,1.00
2007.09.24 06:36:30.084,1.41135,1.4114,11.40,2.40
2007.09.24 06:36:30.665,1.41131,1.41141,5.40,2.40
2007.09.24 06:36:30.940,1.41131,1.41136,4.80,7.20
2007.09.24 06:36:31.217,1.41127,1.41137,7.20,7.80
2007.09.24 06:36:31.494,1.41123,1.41133,2.40,1.00
2007.09.24 06:36:31.702,1.41119,1.41129,1.80,4.80
2007.09.24 06:36:32.113,1.41116,1.41126,3.60,26.40
2007.09.24 06:36:32.521,1.41111,1.41121,6.70,4.80
2007.09.24 06:36:32.661,1.41106,1.41116,11.60,5.50
2007.09.24 06:36:32.802,1.41106,1.41116,6.60,8.40
2007.09.24 06:36:33.085,1.41101,1.41117,6.00,11.50
2007.09.24 06:36:34.440,1.41106,1.41116,7.20,1.00
2007.09.24 06:36:36.884,1.41108,1.41118,16.80,1.80
2007.09.24 06:36:38.762,1.41112,1.41122,7.80,4.80
2007.09.24 06:36:39.441,1.41117,1.41127,4.20,2.40
2007.09.24 06:36:40.872,1.41124,1.41128,15.00,1.20
2007.09.24 06:36:41.367,1.41128,1.41138,7.80,2.40
2007.09.24 06:36:41.621,1.41136,1.41146,6.00,18.60
2007.09.24 06:36:41.875,1.41147,1.41151,4.80,7.20
2007.09.24 06:36:45.350,1.41149,1.41153,5.40,15.40
2007.09.24 06:36:45.485,1.41142,1.41152,14.40,13.30
2007.09.24 06:36:45.698,1.41135,1.41145,6.60,10.20
2007.09.24 06:36:45.817,1.41129,1.41139,4.80,3.00
2007.09.24 06:36:46.165,1.41124,1.41134,8.70,27.00
2007.09.24 06:36:46.726,1.41121,1.41131,4.80,4.80
2007.09.24 06:36:47.067,1.4112,1.4113,17.40,1.00
2007.09.24 06:36:47.404,1.41118,1.41128,7.20,12.00
2007.09.24 06:36:47.511,1.4112,1.4113,4.80,2.90
2007.09.24 06:36:47.566,1.41117,1.41133,1.20,8.50
2007.09.24 06:36:47.625,1.41122,1.41132,12.00,4.20
2007.09.24 06:36:47.834,1.41118,1.41133,5.40,14.40
2007.09.24 06:36:47.940,1.41118,1.41133,12.60,6.00
2007.09.24 06:36:49.176,1.4112,1.4113,6.60,11.50
2007.09.24 06:36:49.361,1.41119,1.41129,15.00,7.20
2007.09.24 06:36:49.789,1.41118,1.41128,10.80,3.30
2007.09.24 06:36:50.032,1.4112,1.4113,9.00,1.00
2007.09.24 06:36:52.095,1.41121,1.41131,11.10,4.80
2007.09.24 06:36:55.478,1.41123,1.41133,25.80,12.00
2007.09.24 06:36:55.563,1.41126,1.4113,1.20,4.50
2007.09.24 06:37:03.342,1.41131,1.41141,5.40,6.00
2007.09.24 06:37:03.447,1.41138,1.41148,16.40,2.40
2007.09.24 06:37:03.554,1.41148,1.41153,21.60,15.60
2007.09.24 06:37:03.660,1.41154,1.41159,12.00,1.20
2007.09.24 06:37:03.768,1.41155,1.4116,15.00,2.40
2007.09.24 06:37:03.873,1.41149,1.41164,11.40,2.40
2007.09.24 06:37:04.084,1.41148,1.41163,7.80,6.10
2007.09.24 06:37:04.188,1.41145,1.4116,33.00,2.40
2007.09.24 06:37:04.291,1.41146,1.41161,8.40,15.60
2007.09.24 06:37:04.616,1.41148,1.41163,4.80,3.00
2007.09.24 06:37:04.941,1.41158,1.41168,1.20,4.20
2007.09.24 06:37:05.589,1.41171,1.41181,6.00,5.50
2007.09.24 06:37:07.092,1.41185,1.41195,4.80,2.40
2007.09.24 06:37:07.242,1.41189,1.41205,11.40,1.80
2007.09.24 06:37:07.383,1.41183,1.41203,1.00,1.00
2007.09.24 06:37:09.249,1.41179,1.41195,2.40,13.60
2007.09.24 06:37:10.702,1.41172,1.41187,1.20,7.60
2007.09.24 06:37:10.857,1.41168,1.41182,2.40,2.10
2007.09.24 06:37:10.890,1.41162,1.41178,6.00,5.20
2007.09.24 06:37:11.100,1.41158,1.41172,2.40,3.00
2007.09.24 06:37:17.099,1.41155,1.41165,7.20,13.20
2007.09.24 06:37:20.047,1.41148,1.41163,5.80,6.40
2007.09.24 06:37:22.270,1.41143,1.41158,4.80,17.20
2007.09.24 06:37:22.366,1.41138,1.41153,24.60,4.80
2007.09.24 06:37:22.793,1.41133,1.41148,6.30,10.00
2007.09.24 06:37:23.266,1.41132,1.41142,7.80,4.80
2007.09.24 06:37:23.432,1.41129,1.41139,2.40,1.80
2007.09.24 06:37:23.676,1.41123,1.41138,6.00,2.40
2007.09.24 06:37:25.801,1.41122,1.41128,5.40,6.00
2007.09.24 06:37:26.025,1.41115,1.41121,3.00,4.80
2007.09.24 06:37:26.248,1.41104,1.41119,6.00,6.00
2007.09.24 06:37:26.473,1.41107,1.41113,7.80,3.00
2007.09.24 06:37:26.700,1.4111,1.41126,10.20,1.20
2007.09.24 06:37:26.924,1.4112,1.41134,7.80,12.00
2007.09.24 06:37:27.515,1.41129,1.41143,2.40,1.00
2007.09.24 06:37:28.108,1.41136,1.41152,15.00,9.00
2007.09.24 06:37:32.676,1.41143,1.41158,4.80,14.40
2007.09.24 06:37:42.573,1.4115,1.41166,3.00,6.00
2007.09.24 06:37:42.778,1.41157,1.41172,2.40,11.10
2007.09.24 06:37:45.943,1.41161,1.41175,1.20,3.00
2007.09.24 06:37:46.082,1.41163,1.41178,4.20,5.10
2007.09.24 06:37:47.719,1.41163,1.41178,7.20,7.80
2007.09.24 06:37:47.876,1.41164,1.41174,4.80,2.40
2007.09.24 06:37:48.100,1.41162,1.41172,4.20,1.00
2007.09.24 06:37:48.194,1.41158,1.41168,16.20,2.40
2007.09.24 06:37:48.348,1.41151,1.41166,2.40,7.20
2007.09.24 06:37:48.506,1.41146,1.41161,16.00,7.80
2007.09.24 06:37:49.003,1.41144,1.41154,16.20,2.40
2007.09.24 06:37:55.006,1.41137,1.41153,7.80,4.80
2007.09.24 06:37:56.690,1.41141,1.41145,21.00,13.80
2007.09.24 06:38:03.438,1.41125,1.41135,8.40,4.80
2007.09.24 06:38:04.724,1.41126,1.41136,2.40,12.40
2007.09.24 06:38:04.839,1.41126,1.41136,1.00,17.50
2007.09.24 06:38:05.070,1.41123,1.41138,1.20,3.30
2007.09.24 06:38:05.650,1.41122,1.41137,8.10,2.40
2007.09.24 06:38:05.746,1.41124,1.41134,10.80,4.80
2007.09.24 06:38:05.842,1.41123,1.41133,8.80,3.00
2007.09.24 06:38:06.035,1.41123,1.41133,2.40,21.40
2007.09.24 06:38:06.417,1.41123,1.41133,2.40,4.80
2007.09.24 06:38:06.802,1.41122,1.41137,4.80,2.40
2007.09.24 06:38:07.139,1.41126,1.41136,1.20,6.60
2007.09.24 06:38:07.440,1.41127,1.41137,7.20,5.40
2007.09.24 06:38:07.842,1.41125,1.4114,2.40,3.00
2007.09.24 06:38:07.982,1.41123,1.41138,2.40,12.90
2007.09.24 06:38:08.122,1.41126,1.41131,8.40,9.30
2007.09.24 06:38:08.262,1.41118,1.41133,7.20,16.80
2007.09.24 06:38:08.498,1.41114,1.41129,5.40,12.00
2007.09.24 06:38:08.737,1.41113,1.41128,9.60,4.20
2007.09.24 06:38:10.226,1.41114,1.41124,1.80,11.10
2007.09.24 06:38:10.272,1.41114,1.41124,1.20,2.40
2007.09.24 06:38:10.551,1.41113,1.41128,16.80,12.90
2007.09.24 06:38:11.482,1.41114,1.41129,5.40,9.00
2007.09.24 06:38:12.358,1.41117,1.41132,2.40,11.40
2007.09.24 06:38:12.494,1.41121,1.41131,4.80,4.80
2007.09.24 06:38:12.630,1.41123,1.41133,3.00,7.20
2007.09.24 06:38:12.766,1.41121,1.41136,3.60,17.40
2007.09.24 06:38:14.714,1.41117,1.41137,10.20,2.40
2007.09.24 06:38:16.050,1.41117,1.41133,8.70,2.40
2007.09.24 06:38:16.196,1.41117,1.41132,1.00,8.80
2007.09.24 06:38:16.662,1.41116,1.41131,7.68,1.00
2007.09.24 06:38:16.808,1.4112,1.41124,5.40,5.40
2007.09.24 06:38:17.333,1.41114,1.41128,15.00,7.20
2007.09.24 06:38:17.567,1.41117,1.41127,2.40,2.40
2007.09.24 06:38:17.799,1.41118,1.41128,3.60,4.20
2007.09.24 06:38:18.034,1.41117,1.41132,3.00,1.80
2007.09.24 06:38:18.602,1.41118,1.41133,24.30,3.30
2007.09.24 06:38:18.939,1.41122,1.41132,13.80,6.60
2007.09.24 06:38:19.152,1.41121,1.41135,9.20,6.00
2007.09.24 06:38:19.276,1.41124,1.4113,4.80,8.80
2007.09.24 06:38:19.490,1.41124,1.41129,6.00,7.20
2007.09.24 06:38:19.702,1.41124,1.41128,12.60,4.20
2007.09.24 06:38:19.918,1.41118,1.41133,13.20,2.40
2007.09.24 06:38:20.135,1.41121,1.41126,3.00,9.90
2007.09.24 06:38:20.299,1.41115,1.41129,2.40,8.40
2007.09.24 06:38:20.623,1.41114,1.41124,10.80,11.80
2007.09.24 06:38:20.787,1.41108,1.41118,3.60,2.40
2007.09.24 06:38:21.107,1.41104,1.41114,2.40,8.40
2007.09.24 06:38:21.573,1.41101,1.41111,7.20,4.80
2007.09.24 06:38:21.876,1.41109,1.41113,7.20,4.90
2007.09.24 06:38:22.183,1.41113,1.41117,2.40,1.80
2007.09.24 06:38:22.671,1.41117,1.41122,14.40,1.00
2007.09.24 06:38:22.917,1.41118,1.41123,5.40,4.80
2007.09.24 06:38:23.163,1.41119,1.41125,12.00,4.80
2007.09.24 06:38:23.999,1.41121,1.41125,8.40,9.60
2007.09.24 06:38:24.058,1.41117,1.41131,1.80,10.20
2007.09.24 06:38:24.298,1.41123,1.41128,4.80,11.40
2007.09.24 06:38:24.469,1.41116,1.41136,1.20,6.00
2007.09.24 06:38:25.288,1.41122,1.41127,27.00,7.80
2007.09.24 06:38:25.563,1.41118,1.41128,9.00,4.80
2007.09.24 06:38:25.658,1.41117,1.41127,19.20,4.80
2007.09.24 06:38:25.939,1.41121,1.41126,18.60,9.60
2007.09.24 06:38:26.134,1.4112,1.4113,18.60,4.20
2007.09.24 06:38:26.244,1.41121,1.41131,4.80,10.20
2007.09.24 06:38:26.522,1.41123,1.41133,2.40,4.80
2007.09.24 06:38:26.799,1.41121,1.41131,6.90,3.00
2007.09.24 06:38:27.075,1.41123,1.41128,6.00,2.40
2007.09.24 06:38:27.351,1.41125,1.4113,6.00,1.00
2007.09.24 06:38:27.626,1.41124,1.41134,4.80,1.00
2007.09.24 06:38:27.863,1.41126,1.41136,6.00,2.40
2007.09.24 06:38:28.107,1.41125,1.41139,3.00,2.70
2007.09.24 06:38:28.346,1.41125,1.4114,2.40,4.80
2007.09.24 06:38:28.859,1.41125,1.4114,11.40,4.90
2007.09.24 06:38:29.136,1.41126,1.41136,4.80,12.60
2007.09.24 06:38:29.412,1.41124,1.41134,11.40,6.60
2007.09.24 06:38:29.878,1.41125,1.4113,12.60,11.80
2007.09.24 06:38:29.975,1.41123,1.41133,6.90,1.20
2007.09.24 06:38:30.166,1.41124,1.41134,12.60,2.40
2007.09.24 06:38:30.262,1.41126,1.41136,2.40,20.20
2007.09.24 06:38:33.067,1.41125,1.4114,3.00,4.80
2007.09.24 06:38:33.472,1.41129,1.41139,4.80,2.40
2007.09.24 06:38:33.672,1.41132,1.41142,4.80,4.80
2007.09.24 06:38:33.831,1.41135,1.4115,6.00,9.00
2007.09.24 06:38:33.910,1.41143,1.41158,2.40,11.70
2007.09.24 06:38:34.138,1.4115,1.41154,10.20,3.60
2007.09.24 06:38:34.221,1.41144,1.41154,6.00,10.80
2007.09.24 06:38:34.382,1.4114,1.4115,10.80,16.20
2007.09.24 06:38:35.720,1.41135,1.41145,4.30,4.80
2007.09.24 06:38:35.938,1.41128,1.41142,12.00,7.50
2007.09.24 06:38:36.299,1.41129,1.41139,18.60,1.20
2007.09.24 06:38:36.448,1.41123,1.41143,5.40,4.80
2007.09.24 06:38:36.594,1.41122,1.41142,9.00,8.80
2007.09.24 06:38:36.742,1.4112,1.4114,9.00,2.40
2007.09.24 06:38:36.986,1.41121,1.41137,6.00,5.70
2007.09.24 06:38:37.474,1.41123,1.41133,10.20,4.80
2007.09.24 06:38:38.686,1.41122,1.41132,21.00,4.80
2007.09.24 06:38:39.033,1.41119,1.41133,4.80,6.20
2007.09.24 06:38:39.134,1.41117,1.41131,6.00,1.00
2007.09.24 06:38:39.336,1.41116,1.4113,11.40,37.50
2007.09.24 06:38:39.554,1.41118,1.41128,1.80,14.40
2007.09.24 06:38:40.170,1.41116,1.4113,10.20,1.80
2007.09.24 06:38:40.586,1.41119,1.41129,4.80,7.20
2007.09.24 06:38:43.161,1.41119,1.41134,1.20,1.80
2007.09.24 06:38:45.233,1.41117,1.41137,9.60,6.00
2007.09.24 06:38:48.405,1.41126,1.41131,36.00,13.80
2007.09.24 06:38:48.514,1.41127,1.41132,2.40,11.20
2007.09.24 06:38:48.622,1.41128,1.41133,8.40,3.30
2007.09.24 06:38:48.762,1.41129,1.41134,1.80,6.00
2007.09.24 06:38:48.917,1.41128,1.41138,21.00,1.80
2007.09.24 06:38:49.478,1.41127,1.41137,4.80,3.00
2007.09.24 06:38:51.691,1.41125,1.4114,19.80,4.80
2007.09.24 06:38:51.806,1.41129,1.41139,7.20,3.00
2007.09.24 06:38:51.942,1.41133,1.41138,3.00,3.00
2007.09.24 06:38:52.070,1.41129,1.41144,6.00,3.00
2007.09.24 06:38:52.198,1.41132,1.41137,9.00,4.80
2007.09.24 06:38:52.326,1.41126,1.41141,4.80,4.80
2007.09.24 06:38:52.582,1.41125,1.4114,4.20,2.70
2007.09.24 06:38:52.848,1.41126,1.41136,6.00,1.00
2007.09.24 06:38:52.978,1.41127,1.41132,6.60,3.60
2007.09.24 06:38:53.246,1.41123,1.41133,12.60,3.00
2007.09.24 06:38:53.622,1.41122,1.41132,18.60,3.60
2007.09.24 06:38:53.798,1.41124,1.41129,2.40,1.20
2007.09.24 06:38:54.068,1.4112,1.4113,2.40,25.60
2007.09.24 06:38:56.672,1.41114,1.41134,3.60,4.80
2007.09.24 06:38:57.020,1.41122,1.41127,4.80,3.00
2007.09.24 06:38:57.399,1.4112,1.4113,5.40,11.10
2007.09.24 06:38:57.446,1.41119,1.41129,5.40,9.00
2007.09.24 06:38:57.530,1.41123,1.41128,3.00,3.00
2007.09.24 06:38:57.752,1.41122,1.41132,4.80,2.40
2007.09.24 06:38:57.974,1.41126,1.41131,21.00,13.80
2007.09.24 06:38:58.415,1.41125,1.41135,10.50,12.90
2007.09.24 06:39:02.521,1.4112,1.4113,8.40,4.80
2007.09.24 06:39:02.838,1.41125,1.41135,20.40,3.00
2007.09.24 06:39:03.452,1.41129,1.41144,3.60,2.40
2007.09.24 06:39:04.906,1.41133,1.41148,5.40,1.80
2007.09.24 06:39:05.066,1.4114,1.41145,2.40,15.00
2007.09.24 06:39:05.146,1.41141,1.41146,33.00,2.40
2007.09.24 06:39:05.226,1.41142,1.41147,14.40,17.60
2007.09.24 06:39:05.389,1.41139,1.41144,2.40,12.60
2007.09.24 06:39:05.471,1.41138,1.41143,2.40,3.40
2007.09.24 06:39:05.562,1.41132,1.41147,4.80,5.20
2007.09.24 06:39:05.642,1.4113,1.41146,2.40,1.10
2007.09.24 06:39:05.730,1.41129,1.41144,1.80,7.60
2007.09.24 06:39:06.410,1.41124,1.41138,9.60,3.60
2007.09.24 06:39:07.211,1.41119,1.41134,5.40,9.00
2007.09.24 06:39:07.420,1.4111,1.41126,2.40,2.70
2007.09.24 06:39:07.972,1.41103,1.41117,4.80,2.40
2007.09.24 06:39:08.948,1.41094,1.41108,22.80,2.40
2007.09.24 06:39:09.516,1.41094,1.41104,13.20,2.40
2007.09.24 06:39:09.794,1.41096,1.41112,25.20,15.40
2007.09.24 06:39:10.074,1.41105,1.41119,2.40,1.00
2007.09.24 06:39:10.334,1.41112,1.41122,4.80,14.20
2007.09.24 06:39:11.278,1.41114,1.4113,21.00,1.80
2007.09.24 06:39:13.859,1.41118,1.41128,14.40,4.80
2007.09.24 06:39:17.032,1.41117,1.41132,8.40,6.00
2007.09.24 06:39:17.214,1.41118,1.41132,2.40,12.10
2007.09.24 06:39:17.395,1.41119,1.41135,15.60,10.80
2007.09.24 06:39:17.574,1.41121,1.41135,2.40,3.00
2007.09.24 06:39:18.698,1.41121,1.41136,4.80,2.40
2007.09.24 06:39:18.887,1.41122,1.41137,3.00,8.40
2007.09.24 06:39:19.077,1.41123,1.41138,2.40,1.20
2007.09.24 06:39:19.393,1.41127,1.41137,27.60,4.80
2007.09.24 06:39:23.776,1.41126,1.41136,13.80,4.80
2007.09.24 06:39:24.091,1.41127,1.41132,5.40,2.40
2007.09.24 06:39:24.356,1.41126,1.41136,13.60,8.70
2007.09.24 06:39:24.446,1.41125,1.4114,4.80,3.00
2007.09.24 06:39:24.618,1.41132,1.41136,15.00,1.20
2007.09.24 06:39:24.794,1.41129,1.41144,4.80,2.40
2007.09.24 06:39:24.954,1.41133,1.41143,27.00,7.80
2007.09.24 06:39:25.114,1.41131,1.41146,12.60,11.80
2007.09.24 06:39:25.274,1.41137,1.41142,2.40,2.40
2007.09.24 06:39:25.377,1.41134,1.41144,5.40,7.30
2007.09.24 06:39:25.435,1.41136,1.41146,12.60,2.40
2007.09.24 06:39:25.762,1.41137,1.41152,4.80,12.60
2007.09.24 06:39:26.102,1.41143,1.41163,8.40,6.00
2007.09.24 06:39:26.444,1.41154,1.41174,4.30,4.80
2007.09.24 06:39:26.787,1.41168,1.41182,4.80,4.80
2007.09.24 06:39:27.098,1.41169,1.41189,3.00,9.90
2007.09.24 06:39:27.715,1.41163,1.41183,5.40,7.30
2007.09.24 06:39:28.206,1.41159,1.41173,8.40,8.40
2007.09.24 06:39:28.476,1.41152,1.41167,5.40,16.40
2007.09.24 06:39:28.744,1.41145,1.41165,8.70,2.40
2007.09.24 06:39:29.179,1.41145,1.41159,23.60,4.80
2007.09.24 06:39:30.844,1.41146,1.41156,4.80,6.88
2007.09.24 06:39:31.671,1.41141,1.41151,2.40,3.10
2007.09.24 06:39:32.872,1.41135,1.41149,42.00,4.80
2007.09.24 06:39:35.106,1.41134,1.41144,2.40,8.20
2007.09.24 06:39:35.418,1.4113,1.41146,3.00,2.20
2007.09.24 06:39:35.643,1.4113,1.41145,4.80,3.00
2007.09.24 06:39:36.903,1.41134,1.41144,16.00,7.80
2007.09.24 06:39:37.123,1.41136,1.41146,4.80,4.80
2007.09.24 06:39:37.349,1.41137,1.41152,11.40,7.80
2007.09.24 06:39:37.489,1.41142,1.41157,4.80,11.40
2007.09.24 06:39:37.715,1.41149,1.41159,4.80,14.40
2007.09.24 06:39:38.361,1.41154,1.41164,3.60,7.20
2007.09.24 06:39:39.066,1.41157,1.41167,1.20,2.40
2007.09.24 06:39:39.202,1.41157,1.41167,5.40,11.40
2007.09.24 06:39:39.344,1.41156,1.41166,8.40,15.60
2007.09.24 06:39:39.634,1.41154,1.41164,7.20,15.00
2007.09.24 06:39:42.362,1.41151,1.41161,2.40,10.20
2007.09.24 06:39:48.660,1.41147,1.41157,2.40,6.00
2007.09.24 06:39:52.099,1.41148,1.41153,8.40,4.80
2007.09.24 06:39:52.391,1.41144,1.41154,1.00,2.40
2007.09.24 06:39:52.629,1.41144,1.41154,5.40,6.00
2007.09.24 06:39:56.077,1.41144,1.41154,2.40,6.00
2007.09.24 06:39:58.095,1.41145,1.41155,2.40,6.60
2007.09.24 06:40:00.871,1.41165,1.41179,2.40,5.20
2007.09.24 06:40:01.145,1.41171,1.41176,8.40,4.80
2007.09.24 06:40:01.305,1.41171,1.41176,3.00,1.00
2007.09.24 06:40:01.441,1.41171,1.41176,3.60,7.90
2007.09.24 06:40:01.577,1.4117,1.41175,6.00,2.40
2007.09.24 06:40:01.849,1.41166,1.41176,16.20,1.20
2007.09.24 06:40:02.190,1.41164,1.41169,7.20,9.00
2007.09.24 06:40:03.534,1.4116,1.41165,3.60,12.90
2007.09.24 06:40:03.749,1.41155,1.41165,4.80,14.40
2007.09.24 06:40:03.936,1.41152,1.41167,8.40,1.00
2007.09.24 06:40:04.073,1.41153,1.41163,26.50,8.40
2007.09.24 06:40:04.181,1.41151,1.41161,10.20,4.80
2007.09.24 06:40:04.397,1.41153,1.41163,6.60,6.00
2007.09.24 06:40:04.505,1.41152,1.41167,3.00,8.80
2007.09.24 06:40:04.721,1.41149,1.41174,2.40,1.80
2007.09.24 06:40:04.937,1.41153,1.41173,7.20,7.00
2007.09.24 06:40:05.045,1.41155,1.41175,11.40,9.70
2007.09.24 06:40:05.385,1.41161,1.41171,11.10,15.60
2007.09.24 06:40:05.725,1.41164,1.41174,20.60,2.40
2007.09.24 06:40:06.068,1.41166,1.41181,15.00,4.20
2007.09.24 06:40:06.551,1.41171,1.41186,4.80,7.20
2007.09.24 06:40:08.885,1.41176,1.4119,8.40,6.00
2007.09.24 06:40:09.070,1.4118,1.41195,10.20,5.40
2007.09.24 06:40:09.169,1.41187,1.41202,3.20,5.40
2007.09.24 06:40:09.269,1.41194,1.41209,2.40,3.00
2007.09.24 06:40:09.369,1.41197,1.41207,8.40,17.80
2007.09.24 06:40:10.517,1.41188,1.41198,9.00,9.40
2007.09.24 06:40:11.149,1.4118,1.4119,7.20,6.60
2007.09.24 06:40:12.749,1.41175,1.41179,4.20,6.10
2007.09.24 06:40:14.803,1.41171,1.41177,6.60,4.80
2007.09.24 06:40:14.861,1.41169,1.41173,6.60,6.10
2007.09.24 06:40:14.981,1.41167,1.41171,3.00,16.90
2007.09.24 06:40:15.101,1.41167,1.41171,2.40,1.00
2007.09.24 06:40:15.161,1.41167,1.41172,8.40,7.20
2007.09.24 06:40:16.041,1.41166,1.41172,4.80,7.80
2007.09.24 06:40:16.394,1.41162,1.41172,8.40,2.40
2007.09.24 06:40:16.573,1.41159,1.41173,4.80,6.60
2007.09.24 06:40:16.763,1.41157,1.41171,7.80,10.20
2007.09.24 06:40:17.108,1.41154,1.41169,15.00,1.00
2007.09.24 06:40:17.449,1.41152,1.41168,4.20,21.60
2007.09.24 06:40:20.614,1.41151,1.41166,1.20,1.80
2007.09.24 06:40:20.702,1.4115,1.41166,4.80,4.30
2007.09.24 06:40:20.877,1.41151,1.41161,4.80,1.20
2007.09.24 06:40:20.964,1.41153,1.41163,10.20,21.70
2007.09.24 06:40:21.053,1.41155,1.41165,28.50,5.40
2007.09.24 06:40:22.349,1.41157,1.41167,27.60,4.80
2007.09.24 06:40:22.837,1.41156,1.41171,14.40,17.40
2007.09.24 06:40:23.517,1.41158,1.41173,2.40,15.00
2007.09.24 06:40:23.858,1.41163,1.41178,2.40,10.80
2007.09.24 06:40:24.021,1.41166,1.41181,5.40,5.40
2007.09.24 06:40:24.185,1.41166,1.41181,2.40,3.30
2007.09.24 06:40:24.349,1.41167,1.41182,25.20,15.40
2007.09.24 06:40:24.513,1.41166,1.41181,18.00,10.50
2007.09.24 06:40:24.677,1.41168,1.41178,6.00,1.20
2007.09.24 06:40:24.913,1.41164,1.41179,2.40,4.80
2007.09.24 06:40:25.149,1.41163,1.41178,1.00,2.50
2007.09.24 06:40:25.385,1.41163,1.41178,18.60,4.20
2007.09.24 06:40:25.621,1.4117,1.41174,2.40,2.40
2007.09.24 06:40:25.857,1.41171,1.41176,3.00,9.90
2007.09.24 06:40:26.033,1.41167,1.41182,10.20,6.00
2007.09.24 06:40:26.209,1.41167,1.41182,2.40,3.40
2007.09.24 06:40:27.209,1.41168,1.41183,6.60,7.20
2007.09.24 06:40:27.801,1.41168,1.41178,2.40,24.00
2007.09.24 06:40:28.101,1.41164,1.41179,7.80,13.20
2007.09.24 06:40:29.005,1.41165,1.41175,1.00,6.40
2007.09.24 06:40:29.193,1.41158,1.41172,2.40,6.00
2007.09.24 06:40:29.557,1.41159,1.41163,3.60,2.40
2007.09.24 06:40:29.766,1.41155,1.41159,3.00,4.20
2007.09.24 06:40:29.953,1.41143,1.41153,32.40,3.00
2007.09.24 06:40:30.161,1.41135,1.41145,2.40,9.00
2007.09.24 06:40:31.643,1.41129,1.41135,1.20,2.40
2007.09.24 06:40:31.976,1.41128,1.41134,18.60,4.80
2007.09.24 06:40:32.548,1.41138,1.41142,2.40,2.40
2007.09.24 06:40:32.785,1.41149,1.41153,3.00,13.20
2007.09.24 06:40:33.021,1.41158,1.41163,13.80,1.00
2007.09.24 06:40:33.257,1.41162,1.41172,7.80,8.40
2007.09.24 06:40:33.806,1.41164,1.4118,1.20,3.00
2007.09.24 06:40:34.277,1.41171,1.41181,2.40,5.40
2007.09.24 06:40:34.502,1.41176,1.41181,7.20,5.40
2007.09.24 06:40:34.758,1.41176,1.41181,2.40,6.10
2007.09.24 06:40:34.885,1.41177,1.41182,13.80,7.20
2007.09.24 06:40:35.013,1.41178,1.41184,2.40,25.30
2007.09.24 06:40:35.141,1.41177,1.41187,3.00,11.50
2007.09.24 06:40:35.269,1.41175,1.41185,3.30,2.40
2007.09.24 06:40:35.737,1.41171,1.41186,6.60,3.60
2007.09.24 06:40:38.445,1.41172,1.41182,2.40,10.20
2007.09.24 06:40:38.584,1.4117,1.4118,30.00,2.40
2007.09.24 06:40:40.108,1.41166,1.41181,8.40,2.40
2007.09.24 06:40:40.380,1.41165,1.4118,9.00,4.80
2007.09.24 06:40:40.913,1.41163,1.41178,2.40,1.20
2007.09.24 06:40:43.145,1.41164,1.41174,7.80,1.20
2007.09.24 06:40:43.331,1.41163,1.41173,2.40,4.20
2007.09.24 06:40:45.797,1.41159,1.41174,16.20,1.20
2007.09.24 06:40:45.853,1.4116,1.4117,2.40,3.00
2007.09.24 06:40:46.133,1.41158,1.41168,9.60,1.00
2007.09.24 06:40:46.189,1.4116,1.41165,24.30,4.00
2007.09.24 06:40:46.245,1.4116,1.4117,2.40,6.00
2007.09.24 06:40:47.096,1.41161,1.41171,15.00,4.20
2007.09.24 06:40:47.399,1.41161,1.41176,4.80,7.80
2007.09.24 06:40:47.714,1.41165,1.4118,14.40,2.40
2007.09.24 06:40:48.014,1.41172,1.41182,2.40,9.30
2007.09.24 06:40:48.354,1.41179,1.41184,8.40,7.20
2007.09.24 06:40:49.417,1.41182,1.41192,8.40,5.80
2007.09.24 06:40:49.541,1.41187,1.41197,9.00,3.00
2007.09.24 06:40:51.107,1.41194,1.41198,19.80,2.40
2007.09.24 06:41:08.029,1.4119,1.41194,13.80,4.80
2007.09.24 06:41:08.184,1.41191,1.41196,7.20,4.80
2007.09.24 06:41:08.668,1.41192,1.41197,8.40,1.80
2007.09.24 06:41:08.825,1.41191,1.41201,1.00,6.30
2007.09.24 06:41:09.011,1.41192,1.41202,7.80,3.60
2007.09.24 06:41:11.053,1.41194,1.41204,7.20,3.00
2007.09.24 06:41:11.421,1.41197,1.41202,5.40,2.40
2007.09.24 06:41:11.554,1.41196,1.41201,7.90,10.20
2007.09.24 06:41:12.057,1.41196,1.41201,3.00,9.00
2007.09.24 06:41:13.196,1.41194,1.41204,5.40,7.20
2007.09.24 06:41:13.535,1.41193,1.41203,2.40,24.00
2007.09.24 06:41:14.531,1.41189,1.41203,6.60,2.70
2007.09.24 06:41:14.820,1.4119,1.412,7.20,9.90
2007.09.24 06:41:14.947,1.41182,1.41197,9.00,6.00
2007.09.24 06:41:15.071,1.41178,1.41193,5.40,2.40
2007.09.24 06:41:15.802,1.4117,1.41185,1.80,15.60
2007.09.24 06:41:15.965,1.41166,1.41176,6.60,9.00
2007.09.24 06:41:16.129,1.41163,1.41173,9.00,6.00
2007.09.24 06:41:16.292,1.41166,1.41176,2.40,21.10
2007.09.24 06:41:16.455,1.41171,1.41181,10.20,8.40
2007.09.24 06:41:17.315,1.41175,1.41185,4.80,15.00
2007.09.24 06:41:17.999,1.41177,1.41192,1.20,5.40
2007.09.24 06:41:18.136,1.41178,1.41194,9.60,6.00
2007.09.24 06:41:19.364,1.41185,1.41195,2.20,1.00
2007.09.24 06:41:19.652,1.4119,1.412,7.80,20.80
2007.09.24 06:41:19.940,1.41192,1.41202,6.00,8.70
2007.09.24 06:41:20.228,1.41194,1.41204,7.20,5.40
2007.09.24 06:41:25.797,1.41194,1.41204,10.20,6.60
2007.09.24 06:41:26.530,1.41195,1.41205,13.80,4.80
2007.09.24 06:41:30.660,1.41194,1.41204,18.60,4.80
2007.09.24 06:41:30.710,1.41195,1.41199,10.20,4.80
2007.09.24 06:41:30.998,1.41191,1.41201,4.80,11.40
2007.09.24 06:41:31.094,1.41189,1.41199,9.60,5.80
2007.09.24 06:41:31.642,1.41187,1.41197,3.00,15.00
2007.09.24 06:41:31.984,1.41186,1.41196,7.80,4.80
2007.09.24 06:41:32.629,1.41185,1.41195,7.80,12.00
2007.09.24 06:41:34.795,1.41179,1.41199,2.40,10.20
2007.09.24 06:41:35.031,1.41183,1.41193,3.00,8.40
2007.09.24 06:41:35.119,1.41181,1.41191,5.40,4.80
2007.09.24 06:41:40.613,1.41179,1.41189,8.40,3.60
2007.09.24 06:41:41.452,1.41181,1.41191,2.40,6.60
2007.09.24 06:41:42.696,1.41182,1.41192,4.80,1.20
2007.09.24 06:41:42.915,1.41184,1.41194,9.00,4.80
2007.09.24 06:41:44.472,1.41188,1.41193,15.00,2.40
2007.09.24 06:41:44.808,1.41187,1.41197,8.40,2.70
2007.09.24 06:41:44.957,1.41191,1.41196,4.80,32.40
2007.09.24 06:41:45.104,1.41187,1.41202,5.60,1.00
2007.09.24 06:41:45.252,1.41191,1.41201,1.00,3.90
2007.09.24 06:41:45.400,1.4119,1.41206,2.40,1.60
2007.09.24 06:41:45.548,1.41192,1.41207,15.60,1.20
2007.09.24 06:41:45.695,1.41193,1.41209,1.00,4.80
2007.09.24 06:41:45.996,1.41195,1.41209,6.00,4.80
2007.09.24 06:41:46.296,1.41194,1.41214,18.30,10.20
2007.09.24 06:41:46.595,1.41198,1.41213,7.80,14.40
2007.09.24 06:41:46.896,1.41199,1.41214,17.40,4.80
2007.09.24 06:41:47.053,1.41198,1.41218,27.60,2.40
2007.09.24 06:41:47.208,1.41201,1.41221,24.00,9.00
2007.09.24 06:41:47.365,1.41206,1.4122,7.20,4.80
2007.09.24 06:41:47.522,1.4121,1.41225,9.60,9.00
2007.09.24 06:41:47.679,1.41214,1.41229,8.40,10.80
2007.09.24 06:41:48.403,1.41219,1.41223,3.00,6.00
2007.09.24 06:41:48.624,1.41211,1.41217,9.60,6.60
2007.09.24 06:41:48.844,1.412,1.4121,7.20,4.80
2007.09.24 06:41:49.185,1.41193,1.41203,11.40,2.40
2007.09.24 06:41:50.429,1.41187,1.41197,3.00,3.00
2007.09.24 06:41:50.677,1.4118,1.41195,10.20,21.70
2007.09.24 06:41:50.926,1.4118,1.41195,4.80,2.20
2007.09.24 06:41:51.084,1.41186,1.41192,2.40,2.40
2007.09.24 06:41:54.225,1.41185,1.41195,2.40,8.40
2007.09.24 06:41:54.506,1.41188,1.41198,13.80,3.00
2007.09.24 06:41:56.253,1.41193,1.41203,7.80,8.40
2007.09.24 06:41:56.678,1.412,1.41205,3.00,4.80
2007.09.24 06:41:56.968,1.41197,1.41212,5.40,10.80
2007.09.24 06:41:57.256,1.41197,1.41212,2.40,1.80
2007.09.24 06:41:58.760,1.41197,1.41212,5.40,6.00
2007.09.24 06:41:59.004,1.41198,1.41208,7.20,7.80
2007.09.24 06:41:59.243,1.41196,1.41206,1.20,2.40
2007.09.24 06:42:04.727,1.41208,1.41212,1.20,5.40
2007.09.24 06:42:06.705,1.41209,1.41214,8.40,1.00
2007.09.24 06:42:06.803,1.41208,1.41213,11.40,7.80
2007.09.24 06:42:06.900,1.41203,1.41218,7.80,18.00
2007.09.24 06:42:07.011,1.41205,1.41215,8.40,6.00
2007.09.24 06:42:07.107,1.41204,1.41214,25.20,5.50
2007.09.24 06:42:07.224,1.412,1.41215,12.60,9.60
2007.09.24 06:42:07.415,1.412,1.41215,4.80,1.00
2007.09.24 06:42:08.340,1.41198,1.41213,2.40,12.40
2007.09.24 06:42:09.033,1.41202,1.41208,6.60,12.60
2007.09.24 06:42:11.032,1.412,1.4121,8.40,2.40
2007.09.24 06:42:11.340,1.41204,1.41209,6.60,7.20
2007.09.24 06:42:11.648,1.41205,1.4121,1.00,3.00
2007.09.24 06:42:11.988,1.412,1.41215,8.40,6.60
2007.09.24 06:42:12.327,1.41198,1.41213,6.60,4.80
2007.09.24 06:42:12.667,1.41197,1.41212,7.50,4.80
2007.09.24 06:42:13.990,1.41199,1.41209,9.00,26.40
2007.09.24 06:42:14.407,1.41198,1.41213,9.60,4.80
2007.09.24 06:42:14.509,1.41202,1.41212,1.00,12.90
2007.09.24 06:42:14.609,1.41202,1.41212,2.40,1.20
2007.09.24 06:42:14.804,1.41197,1.41212,11.40,7.80
2007.09.24 06:42:14.905,1.41201,1.41206,6.00,11.50
2007.09.24 06:42:15.253,1.41194,1.41209,13.80,7.60
2007.09.24 06:42:15.499,1.41193,1.41208,10.20,9.10
2007.09.24 06:42:17.671,1.41194,1.41204,6.00,15.00
2007.09.24 06:42:18.014,1.41193,1.41203,14.60,1.20
2007.09.24 06:42:18.365,1.41196,1.41202,4.30,14.70
2007.09.24 06:42:19.965,1.41195,1.41205,10.80,6.00
2007.09.24 06:42:21.284,1.41199,1.41204,6.30,7.90
2007.09.24 06:42:21.460,1.41202,1.41206,7.20,3.00
2007.09.24 06:42:21.637,1.41201,1.41211,2.40,15.00
2007.09.24 06:42:22.581,1.41202,1.41212,5.40,7.80
2007.09.24 06:42:22.936,1.41206,1.41211,9.00,6.40
2007.09.24 06:42:23.241,1.41205,1.4121,7.20,4.80
2007.09.24 06:42:23.563,1.41202,1.41208,2.40,8.70
2007.09.24 06:42:24.080,1.41199,1.41209,2.40,2.40
2007.09.24 06:42:24.349,1.412,1.41206,19.40,5.40
2007.09.24 06:42:24.657,1.412,1.41204,7.80,8.40
2007.09.24 06:42:24.963,1.41197,1.41207,12.00,3.00
2007.09.24 06:42:25.120,1.41202,1.41207,2.40,1.00
2007.09.24 06:42:25.275,1.41203,1.41209,2.40,3.00
2007.09.24 06:42:25.757,1.41207,1.41212,3.00,9.60
2007.09.24 06:42:26.407,1.41212,1.41216,6.60,5.20
2007.09.24 06:42:26.711,1.41215,1.41219,7.80,6.00
2007.09.24 06:42:26.994,1.41218,1.41223,20.50,9.00
2007.09.24 06:42:27.276,1.4122,1.41224,3.00,6.20
2007.09.24 06:42:27.557,1.4122,1.4123,9.00,3.10
2007.09.24 06:42:27.821,1.41218,1.41232,0.75,4.80
2007.09.24 06:42:28.943,1.41216,1.41226,11.40,1.00
2007.09.24 06:42:29.063,1.41212,1.41222,8.40,1.00
2007.09.24 06:42:29.183,1.41208,1.41218,3.00,1.00
2007.09.24 06:42:29.304,1.41207,1.41213,4.80,1.00
2007.09.24 06:42:29.424,1.41208,1.41212,3.60,1.00
2007.09.24 06:42:29.543,1.41206,1.41211,11.40,3.00
2007.09.24 06:42:30.004,1.41205,1.41209,25.20,5.50
2007.09.24 06:42:30.688,1.41201,1.41211,17.40,4.80
2007.09.24 06:42:30.798,1.41204,1.41209,7.20,4.80
2007.09.24 06:42:31.027,1.41204,1.4121,10.50,4.80
2007.09.24 06:42:31.368,1.41205,1.4121,9.00,11.70
2007.09.24 06:42:31.709,1.41204,1.41209,4.80,7.80
2007.09.24 06:42:32.419,1.41198,1.41212,15.00,2.40
2007.09.24 06:42:32.685,1.41202,1.41207,4.80,4.80
2007.09.24 06:42:33.058,1.41202,1.41207,2.40,4.80
2007.09.24 06:42:33.167,1.41202,1.41207,16.20,14.40
2007.09.24 06:42:33.345,1.41198,1.41208,16.20,1.00
2007.09.24 06:42:33.852,1.41197,1.41207,11.60,5.50
2007.09.24 06:42:34.047,1.41195,1.41205,5.40,8.40
2007.09.24 06:42:34.245,1.41199,1.41204,4.80,7.20
2007.09.24 06:42:34.443,1.412,1.41205,3.00,2.40
2007.09.24 06:42:34.637,1.41201,1.41206,10.80,7.80
2007.09.24 06:42:34.832,1.41202,1.41212,1.00,13.80
2007.09.24 06:42:35.048,1.41204,1.41214,21.00,13.80
2007.09.24 06:42:35.263,1.41204,1.41214,9.00,2.40
2007.09.24 06:42:35.479,1.41208,1.41213,6.60,4.80
2007.09.24 06:42:35.697,1.4121,1.41215,7.80,8.40
2007.09.24 06:42:35.911,1.41206,1.41221,2.40,11.40
2007.09.24 06:42:36.247,1.41206,1.41221,4.90,5.40
2007.09.24 06:42:36.583,1.41205,1.4122,12.60,2.40
2007.09.24 06:42:36.644,1.41206,1.41216,2.40,24.60
2007.09.24 06:42:37.233,1.41203,1.41218,24.60,4.20
2007.09.24 06:42:37.493,1.41202,1.41217,6.00,4.80
2007.09.24 06:42:37.739,1.41206,1.41216,13.90,1.80
2007.09.24 06:42:37.987,1.41207,1.41217,3.00,2.80
2007.09.24 06:42:38.135,1.41208,1.41218,9.00,1.00
2007.09.24 06:42:38.283,1.41211,1.41216,20.20,2.40
2007.09.24 06:42:38.577,1.4121,1.41215,2.40,9.30
2007.09.24 06:42:38.736,1.41206,1.41216,7.80,7.20
2007.09.24 06:42:38.887,1.41207,1.41217,4.20,4.80
2007.09.24 06:42:39.037,1.41205,1.41215,3.00,9.30
2007.09.24 06:42:39.291,1.41204,1.41214,3.00,2.40
2007.09.24 06:42:39.416,1.41203,1.41213,9.00,1.80
2007.09.24 06:42:39.546,1.41201,1.41217,25.20,5.50
2007.09.24 06:42:39.674,1.41205,1.41215,2.40,2.40
2007.09.24 06:42:39.920,1.41204,1.41214,10.80,4.80
2007.09.24 06:42:40.047,1.412,1.4121,21.60,15.60
2007.09.24 06:42:40.368,1.41194,1.41204,6.00,4.20
2007.09.24 06:42:40.463,1.41189,1.41195,9.00,1.00
2007.09.24 06:42:40.691,1.41183,1.41193,18.60,1.20
2007.09.24 06:42:41.017,1.41188,1.41198,6.00,2.40
2007.09.24 06:42:41.405,1.41198,1.41202,3.00,13.20
2007.09.24 06:42:41.823,1.41203,1.41208,2.40,2.90
2007.09.24 06:42:42.025,1.41204,1.41214,1.20,4.50
2007.09.24 06:42:42.365,1.41204,1.41214,1.00,3.60
2007.09.24 06:42:43.160,1.41205,1.4121,7.20,9.60
2007.09.24 06:42:44.381,1.41201,1.41211,1.00,14.70
2007.09.24 06:42:44.517,1.41197,1.41207,3.00,1.00
2007.09.24 06:42:44.573,1.41196,1.41206,15.90,11.20
2007.09.24 06:42:44.682,1.41195,1.41205,7.20,5.40
2007.09.24 06:42:44.846,1.41195,1.41205,2.40,10.20
2007.09.24 06:42:45.164,1.41196,1.41206,1.20,13.60
2007.09.24 06:42:45.546,1.41197,1.41207,5.40,7.80
2007.09.24 06:42:45.818,1.41195,1.41205,8.40,2.40
2007.09.24 06:42:46.084,1.41197,1.41202,42.00,14.40
2007.09.24 06:42:46.351,1.41197,1.41203,12.60,1.80
2007.09.24 06:42:46.843,1.41199,1.41204,5.40,7.80
2007.09.24 06:42:47.064,1.412,1.41205,4.80,8.50
2007.09.24 06:42:47.284,1.41199,1.41209,2.40,12.10
2007.09.24 06:42:47.504,1.412,1.41205,5.40,4.80
2007.09.24 06:42:47.791,1.41199,1.41204,1.00,4.80
2007.09.24 06:42:48.067,1.41195,1.41205,5.40,8.40
2007.09.24 06:42:48.615,1.41194,1.41204,8.40,4.80
2007.09.24 06:42:48.893,1.41196,1.412,4.80,1.20
2007.09.24 06:42:49.173,1.41196,1.41201,5.60,2.40
2007.09.24 06:42:49.452,1.41195,1.41205,6.00,3.30
2007.09.24 06:42:49.731,1.41196,1.41206,9.00,15.10
2007.09.24 06:42:49.891,1.41194,1.41209,10.80,16.80
2007.09.24 06:42:50.051,1.41195,1.41205,6.60,3.00
2007.09.24 06:42:50.211,1.41191,1.41206,9.60,5.40
2007.09.24 06:42:50.371,1.41192,1.41202,12.00,7.50
2007.09.24 06:42:50.531,1.41193,1.41198,8.40,1.00
2007.09.24 06:42:51.028,1.41193,1.41198,9.00,3.00
2007.09.24 06:42:51.368,1.41192,1.41202,9.00,5.40
2007.09.24 06:42:51.707,1.41189,1.41209,7.80,6.00
2007.09.24 06:42:51.841,1.41193,1.41208,2.40,3.00
2007.09.24 06:42:51.991,1.41197,1.41212,7.68,1.00
2007.09.24 06:42:52.965,1.41202,1.41212,4.80,13.80
2007.09.24 06:42:53.149,1.41202,1.41212,4.80,3.60
2007.09.24 06:42:53.513,1.41206,1.41211,6.40,2.40
2007.09.24 06:42:53.938,1.41208,1.41212,5.40,7.20
2007.09.24 06:42:54.135,1.41203,1.41213,13.80,4.80
2007.09.24 06:42:55.839,1.41201,1.41211,3.60,2.40
2007.09.24 06:42:56.146,1.41199,1.41209,7.20,5.40
2007.09.24 06:42:56.452,1.41199,1.41205,15.00,4.20
2007.09.24 06:43:01.021,1.41206,1.4121,7.20,9.60
2007.09.24 06:43:01.177,1.41202,1.41207,5.40,1.20
2007.09.24 06:43:01.331,1.41201,1.41206,4.80,11.80
2007.09.24 06:43:01.489,1.41197,1.41207,4.80,12.60
2007.09.24 06:43:01.574,1.41196,1.41206,7.80,2.40
2007.09.24 06:43:01.658,1.41198,1.41208,2.40,4.80
2007.09.24 06:43:01.823,1.41199,1.41209,10.20,5.40
2007.09.24 06:43:01.912,1.412,1.4121,7.80,7.20
2007.09.24 06:43:01.996,1.41199,1.41209,10.20,4.80
2007.09.24 06:43:02.080,1.41195,1.4121,8.40,9.60
2007.09.24 06:43:02.243,1.41195,1.41211,2.40,2.40
2007.09.24 06:43:02.825,1.41199,1.41209,10.80,9.00
2007.09.24 06:43:03.164,1.41203,1.41213,25.80,12.00
2007.09.24 06:43:04.051,1.41206,1.41222,9.60,4.80
2007.09.24 06:43:04.240,1.41216,1.41226,12.60,9.70
2007.09.24 06:43:05.637,1.41218,1.41228,2.40,1.60
2007.09.24 06:43:06.791,1.41217,1.41227,7.80,7.20
2007.09.24 06:43:07.228,1.41216,1.4122,19.20,4.80
2007.09.24 06:43:08.739,1.41208,1.41218,10.80,8.00
2007.09.24 06:43:09.851,1.41204,1.41214,2.40,6.40
2007.09.24 06:43:10.192,1.41202,1.41206,2.40,12.00
2007.09.24 06:43:10.503,1.41196,1.41206,12.00,6.60
2007.09.24 06:43:15.196,1.41198,1.41202,7.20,10.30
2007.09.24 06:43:19.649,1.41198,1.41204,3.60,4.80
2007.09.24 06:43:20.099,1.41199,1.41205,28.60,4.20
2007.09.24 06:43:20.327,1.41203,1.41207,1.00,8.80
2007.09.24 06:43:20.596,1.41205,1.4121,7.20,4.80
2007.09.24 06:43:20.731,1.412,1.41215,2.40,18.60
2007.09.24 06:43:20.867,1.41206,1.41212,4.80,12.00
2007.09.24 06:43:21.837,1.41203,1.41213,10.20,1.20
2007.09.24 06:43:27.407,1.41204,1.41209,2.40,4.60
2007.09.24 06:43:30.308,1.41201,1.41211,3.00,9.60
2007.09.24 06:43:30.495,1.41204,1.41209,12.60,3.00
2007.09.24 06:43:33.825,1.41205,1.4121,7.80,3.00
2007.09.24 06:43:33.963,1.41205,1.4121,3.00,8.50
2007.09.24 06:43:34.099,1.41204,1.41209,14.40,2.40
2007.09.24 06:43:34.235,1.41202,1.41207,3.40,1.00
2007.09.24 06:43:35.276,1.41199,1.41205,3.00,1.90
2007.09.24 06:43:37.339,1.41196,1.412,2.40,2.40
2007.09.24 06:43:37.611,1.41191,1.41201,6.60,4.20
2007.09.24 06:43:37.791,1.41191,1.41201,1.00,1.00
2007.09.24 06:43:37.973,1.4119,1.412,1.00,7.20
2007.09.24 06:43:38.151,1.41192,1.41202,15.00,7.20
2007.09.24 06:43:38.507,1.41194,1.41204,2.40,6.60
2007.09.24 06:43:40.544,1.41195,1.41205,2.40,13.90
2007.09.24 06:43:45.356,1.41194,1.4121,9.00,11.80
2007.09.24 06:43:45.720,1.41197,1.41213,3.00,4.80
2007.09.24 06:43:45.845,1.41198,1.41214,7.80,6.00
2007.09.24 06:43:45.925,1.41203,1.41207,1.20,3.00
2007.09.24 06:43:46.081,1.41198,1.41204,6.00,4.80
2007.09.24 06:43:46.247,1.4119,1.41195,10.20,5.40
2007.09.24 06:43:46.472,1.41181,1.41186,1.80,6.00
2007.09.24 06:43:47.710,1.41178,1.41182,2.40,2.40
2007.09.24 06:43:48.009,1.41184,1.41189,12.60,2.40
2007.09.24 06:43:48.309,1.41191,1.41196,21.90,2.40
2007.09.24 06:43:48.612,1.41198,1.41203,3.00,6.00
2007.09.24 06:43:48.911,1.41203,1.41208,1.00,2.40
2007.09.24 06:43:49.224,1.41206,1.41211,4.80,18.10
2007.09.24 06:43:49.563,1.41204,1.41214,9.60,1.80
2007.09.24 06:43:49.903,1.41204,1.41214,6.00,4.80
2007.09.24 06:43:50.244,1.41202,1.41212,11.40,2.40
2007.09.24 06:43:50.469,1.41201,1.41211,2.40,2.40
2007.09.24 06:43:50.907,1.41202,1.41208,10.20,5.40
2007.09.24 06:43:50.987,1.41201,1.41206,3.60,5.40
2007.09.24 06:43:51.164,1.41201,1.41206,9.00,3.40
2007.09.24 06:43:52.133,1.412,1.41205,10.20,4.80
2007.09.24 06:43:53.792,1.41195,1.41205,6.60,11.70
2007.09.24 06:43:54.131,1.41194,1.41199,12.60,5.40
2007.09.24 06:43:54.416,1.4119,1.41195,32.40,3.00
2007.09.24 06:43:56.894,1.41177,1.41197,13.20,2.40
2007.09.24 06:43:57.799,1.41179,1.41189,2.40,1.20
2007.09.24 06:44:03.012,1.41201,1.41217,4.80,7.20
2007.09.24 06:44:03.313,1.41205,1.4121,7.20,7.80
2007.09.24 06:44:05.171,1.41204,1.41209,9.60,6.60
2007.09.24 06:44:05.328,1.412,1.4121,12.60,5.40
2007.09.24 06:44:05.515,1.41198,1.41208,6.60,10.20
2007.09.24 06:44:06.275,1.41199,1.41204,7.80,7.20
2007.09.24 06:44:06.463,1.41198,1.41203,1.00,6.60
2007.09.24 06:44:06.803,1.41195,1.41205,1.20,14.40
2007.09.24 06:44:07.143,1.41194,1.41204,4.80,4.20
2007.09.24 06:44:07.627,1.41195,1.412,2.40,15.00
2007.09.24 06:44:07.775,1.41191,1.41201,4.50,4.80
2007.09.24 06:44:07.923,1.41191,1.41201,9.00,4.80
2007.09.24 06:44:09.810,1.41189,1.41199,4.80,10.20
2007.09.24 06:44:10.039,1.4119,1.41195,8.40,4.20
2007.09.24 06:44:10.267,1.41185,1.41195,5.40,12.00
2007.09.24 06:44:10.495,1.41184,1.41194,39.00,7.80
2007.09.24 06:44:10.831,1.41185,1.4119,7.80,13.20
2007.09.24 06:44:11.167,1.41181,1.41191,4.20,1.00
2007.09.24 06:44:11.503,1.41178,1.41188,6.00,2.40
2007.09.24 06:44:11.711,1.41176,1.41181,14.40,4.80
2007.09.24 06:44:11.915,1.4117,1.41176,7.20,6.30
2007.09.24 06:44:12.331,1.41166,1.41171,9.00,1.80
2007.09.24 06:44:12.416,1.41161,1.41166,1.00,10.00
2007.09.24 06:44:12.564,1.41157,1.41161,2.40,6.00
2007.09.24 06:44:13.814,1.41151,1.41156,7.80,10.80
2007.09.24 06:44:14.018,1.41141,1.41151,15.00,1.00
2007.09.24 06:44:14.222,1.41136,1.41142,5.10,1.00
2007.09.24 06:44:14.424,1.41136,1.4114,14.40,7.80
2007.09.24 06:44:14.764,1.41142,1.41147,9.60,1.00
2007.09.24 06:44:15.104,1.4115,1.41155,15.60,1.00
2007.09.24 06:44:16.249,1.41157,1.41161,14.40,1.00
2007.09.24 06:44:16.387,1.41164,1.41169,7.20,4.80
2007.09.24 06:44:16.637,1.41171,1.41175,4.80,2.40
2007.09.24 06:44:16.773,1.41175,1.4118,10.20,7.70
2007.09.24 06:44:16.892,1.41177,1.41187,21.40,4.80
2007.09.24 06:44:21.177,1.41175,1.4119,7.80,1.00
2007.09.24 06:44:21.384,1.41179,1.41189,4.20,7.20
2007.09.24 06:44:21.400,1.41181,1.41191,9.00,2.40
2007.09.24 06:44:21.723,1.41185,1.4119,7.60,1.00
2007.09.24 06:44:21.874,1.41181,1.41191,6.00,4.20
2007.09.24 06:44:21.947,1.4118,1.4119,10.50,6.40
2007.09.24 06:44:22.487,1.41178,1.41188,4.20,13.80
2007.09.24 06:44:22.635,1.4118,1.41186,4.80,6.00
2007.09.24 06:44:22.783,1.41177,1.41187,7.00,5.70
2007.09.24 06:44:22.932,1.41178,1.41183,14.40,2.40
2007.09.24 06:44:23.079,1.41179,1.41184,6.60,3.00
2007.09.24 06:44:24.167,1.41181,1.41185,22.80,5.40
2007.09.24 06:44:24.520,1.41179,1.41189,7.20,1.80
2007.09.24 06:44:24.847,1.41184,1.41188,22.80,2.40
2007.09.24 06:44:25.175,1.41182,1.41192,19.50,7.90
2007.09.24 06:44:25.503,1.41181,1.41196,7.80,3.60
2007.09.24 06:44:27.675,1.4118,1.41195,7.80,8.40
2007.09.24 06:44:28.394,1.41179,1.41194,8.20,2.70
2007.09.24 06:44:29.989,1.41183,1.41188,7.20,5.40
2007.09.24 06:44:30.704,1.41182,1.41187,1.00,2.40
2007.09.24 06:44:30.863,1.41182,1.41187,4.20,2.70
2007.09.24 06:44:31.024,1.41178,1.41188,5.70,7.20
2007.09.24 06:44:31.365,1.41179,1.41184,4.80,1.00
2007.09.24 06:44:31.708,1.41176,1.41186,1.00,7.90
2007.09.24 06:44:31.963,1.4118,1.41185,2.40,7.00
2007.09.24 06:44:32.048,1.41179,1.41189,7.80,4.80
2007.09.24 06:44:32.235,1.41183,1.41188,1.20,19.10
2007.09.24 06:44:32.607,1.41184,1.41189,7.80,10.20
2007.09.24 06:44:32.795,1.41186,1.41191,7.80,4.80
2007.09.24 06:44:32.983,1.41186,1.41191,2.40,11.10
2007.09.24 06:44:33.171,1.41187,1.41192,1.20,2.40
2007.09.24 06:44:33.511,1.41188,1.41193,2.40,5.70
2007.09.24 06:44:33.851,1.41187,1.41197,2.40,10.20
2007.09.24 06:44:34.191,1.41191,1.41196,6.00,3.90
2007.09.24 06:44:34.491,1.4119,1.412,24.00,2.40
2007.09.24 06:44:34.791,1.41192,1.41197,9.70,1.00
2007.09.24 06:44:35.091,1.41191,1.41196,7.80,8.40
2007.09.24 06:44:35.369,1.41193,1.41198,1.20,3.00
2007.09.24 06:44:35.649,1.41191,1.41201,1.00,8.40
2007.09.24 06:44:35.927,1.41192,1.41197,12.00,7.80
2007.09.24 06:44:36.368,1.41191,1.41196,2.40,1.00
2007.09.24 06:44:36.535,1.41189,1.41195,21.40,2.40
2007.09.24 06:44:36.703,1.41191,1.41196,21.60,15.60
2007.09.24 06:44:37.027,1.41193,1.41198,6.00,6.00
2007.09.24 06:44:37.195,1.41194,1.41199,10.20,6.00
2007.09.24 06:44:37.553,1.41195,1.41201,7.20,1.00
2007.09.24 06:44:39.693,1.41194,1.41204,7.80,13.10
2007.09.24 06:44:39.999,1.41198,1.41202,3.60,12.00
2007.09.24 06:44:40.517,1.41202,1.41207,2.40,11.40
2007.09.24 06:44:40.687,1.41208,1.41212,7.80,4.80
2007.09.24 06:44:40.871,1.41212,1.41217,1.20,2.10
2007.09.24 06:44:41.055,1.41216,1.41221,6.60,1.80
2007.09.24 06:44:41.248,1.41219,1.41229,2.40,2.40
2007.09.24 06:44:41.432,1.41226,1.41236,18.60,8.40
2007.09.24 06:44:41.828,1.41229,1.41239,2.40,2.40
2007.09.24 06:44:42.467,1.41224,1.41234,14.40,2.40
2007.09.24 06:44:42.684,1.4122,1.41225,1.80,2.40
2007.09.24 06:44:42.912,1.41212,1.41217,3.00,6.00
2007.09.24 06:44:43.139,1.41207,1.41212,1.20,2.40
2007.09.24 06:44:43.367,1.412,1.4121,7.80,4.40
2007.09.24 06:44:43.501,1.41198,1.41202,8.40,2.40
2007.09.24 06:44:43.872,1.41188,1.41202,4.80,11.40
2007.09.24 06:44:44.152,1.41184,1.41198,4.80,7.20
2007.09.24 06:44:44.431,1.41182,1.41192,3.00,2.80
2007.09.24 06:44:44.584,1.41181,1.41186,2.40,2.40
2007.09.24 06:44:44.711,1.41177,1.41187,12.60,7.80
2007.09.24 06:44:45.039,1.41176,1.41186,4.80,5.10
2007.09.24 06:44:45.368,1.41178,1.41183,7.80,2.40
2007.09.24 06:44:45.695,1.41174,1.41184,4.80,3.70
2007.09.24 06:44:46.854,1.41176,1.41181,8.40,8.50
2007.09.24 06:44:46.961,1.41177,1.41182,2.40,9.60
2007.09.24 06:44:47.062,1.41178,1.41183,4.20,9.00
2007.09.24 06:44:47.164,1.41179,1.41184,7.20,5.20
2007.09.24 06:44:47.462,1.41181,1.41186,2.40,18.60
2007.09.24 06:44:47.586,1.41183,1.41188,4.80,4.80
2007.09.24 06:44:48.048,1.41186,1.41191,7.80,8.70
2007.09.24 06:44:48.316,1.41188,1.41193,6.00,2.40
2007.09.24 06:44:50.713,1.41188,1.41198,6.00,6.00
2007.09.24 06:44:51.015,1.4119,1.412,2.40,3.00
2007.09.24 06:44:51.176,1.41196,1.41201,2.40,5.40
2007.09.24 06:44:51.462,1.41198,1.41203,4.40,1.00
2007.09.24 06:44:51.609,1.41199,1.41204,2.40,2.40
2007.09.24 06:44:51.754,1.412,1.41205,12.00,3.00
2007.09.24 06:44:52.039,1.41198,1.41208,4.80,2.90
2007.09.24 06:44:52.271,1.41197,1.41212,12.60,2.40
2007.09.24 06:44:53.259,1.41203,1.41208,5.40,16.80
2007.09.24 06:44:53.503,1.41202,1.41212,9.00,9.00
2007.09.24 06:44:53.763,1.41203,1.41208,13.00,2.40
2007.09.24 06:44:54.007,1.41197,1.41212,12.00,10.80
2007.09.24 06:44:55.367,1.41198,1.41213,16.80,3.00
2007.09.24 06:44:57.795,1.41201,1.41211,9.00,4.80
2007.09.24 06:44:57.873,1.41202,1.41212,3.00,1.00
2007.09.24 06:44:57.911,1.41204,1.41214,2.40,4.80
2007.09.24 06:44:57.993,1.41205,1.41215,7.80,12.00
2007.09.24 06:45:02.133,1.41205,1.41211,2.40,6.40
2007.09.24 06:45:04.356,1.41202,1.41207,3.00,11.30
2007.09.24 06:45:04.541,1.41195,1.41205,2.40,7.80
2007.09.24 06:45:04.908,1.41192,1.41202,7.80,22.80
2007.09.24 06:45:05.501,1.41191,1.41201,2.40,8.40
2007.09.24 06:45:06.436,1.41192,1.41197,2.40,3.00
2007.09.24 06:45:06.631,1.41188,1.41198,4.80,7.20
2007.09.24 06:45:06.830,1.41191,1.41196,5.40,2.40
2007.09.24 06:45:07.036,1.41193,1.41198,12.60,1.20
2007.09.24 06:45:07.237,1.41194,1.41199,12.60,2.40
2007.09.24 06:45:07.408,1.41195,1.412,7.20,15.00
2007.09.24 06:45:07.761,1.41191,1.41201,6.00,7.20
2007.09.24 06:45:07.931,1.41189,1.41199,7.80,11.40
2007.09.24 06:45:09.507,1.41191,1.41195,4.80,2.40
2007.09.24 06:45:11.639,1.41189,1.41194,3.60,2.40
2007.09.24 06:45:11.775,1.41191,1.41196,7.20,4.80
2007.09.24 06:45:12.130,1.41192,1.41197,2.40,3.00
2007.09.24 06:45:12.838,1.41193,1.41198,2.40,7.20
2007.09.24 06:45:12.938,1.41194,1.41199,11.40,3.00
2007.09.24 06:45:13.134,1.41193,1.41203,2.40,13.00
2007.09.24 06:45:13.797,1.41194,1.41204,1.20,2.80
2007.09.24 06:45:14.098,1.41194,1.41204,2.40,13.00
2007.09.24 06:45:14.233,1.41195,1.412,6.00,2.40
2007.09.24 06:45:14.369,1.41195,1.412,1.80,4.80
2007.09.24 06:45:14.505,1.41194,1.41199,9.00,15.40
2007.09.24 06:45:14.641,1.41192,1.41198,7.20,4.80
2007.09.24 06:45:14.777,1.41191,1.41197,2.40,10.20
2007.09.24 06:45:14.913,1.41192,1.41198,6.90,1.20
2007.09.24 06:45:15.253,1.41192,1.41197,2.40,6.00
2007.09.24 06:45:15.594,1.41185,1.412,10.20,6.00
2007.09.24 06:45:15.934,1.4118,1.412,1.20,2.40
2007.09.24 06:45:16.277,1.41183,1.41188,1.80,4.20
2007.09.24 06:45:16.619,1.41176,1.4118,9.40,3.00
2007.09.24 06:45:16.971,1.41169,1.41185,7.20,2.10
2007.09.24 06:45:17.835,1.41174,1.41184,10.10,1.00
2007.09.24 06:45:17.974,1.4118,1.41185,6.00,10.50
2007.09.24 06:45:18.239,1.41183,1.41188,7.80,8.40
2007.09.24 06:45:18.373,1.41185,1.41189,42.00,14.40
2007.09.24 06:45:18.642,1.41186,1.41191,26.40,1.80
2007.09.24 06:45:18.909,1.41186,1.41191,1.00,10.50
2007.09.24 06:45:19.153,1.41185,1.41195,3.00,4.20
2007.09.24 06:45:20.752,1.41184,1.41199,1.00,3.00
2007.09.24 06:45:21.021,1.4119,1.41194,10.20,2.40
2007.09.24 06:45:21.361,1.41187,1.41201,19.80,24.00
2007.09.24 06:45:21.718,1.41193,1.41198,3.00,6.00
2007.09.24 06:45:22.082,1.41192,1.41202,27.60,2.40
2007.09.24 06:45:22.241,1.41194,1.41204,2.40,9.30
2007.09.24 06:45:22.401,1.412,1.41204,16.80,4.80
2007.09.24 06:45:22.561,1.41201,1.41206,1.20,7.20
2007.09.24 06:45:22.721,1.412,1.4121,5.40,6.00
2007.09.24 06:45:22.881,1.41198,1.41213,9.60,9.00
2007.09.24 06:45:23.505,1.41197,1.41213,4.80,5.00
2007.09.24 06:45:23.974,1.41197,1.41212,4.80,7.80
2007.09.24 06:45:24.237,1.41198,1.41208,4.20,4.80
2007.09.24 06:45:24.377,1.41199,1.41209,7.20,4.80
2007.09.24 06:45:24.652,1.41195,1.41215,6.00,8.40
2007.09.24 06:45:24.875,1.41196,1.41216,9.00,4.80
2007.09.24 06:45:25.872,1.41196,1.41211,8.40,9.60
2007.09.24 06:45:26.213,1.41197,1.41207,4.80,6.00
2007.09.24 06:45:26.602,1.41196,1.41206,15.00,7.80
2007.09.24 06:45:26.797,1.41195,1.41205,9.60,1.00
2007.09.24 06:45:26.993,1.41194,1.41204,5.40,7.80
2007.09.24 06:45:27.525,1.4119,1.41205,1.00,9.40
2007.09.24 06:45:27.866,1.41191,1.41201,21.00,13.80
2007.09.24 06:45:28.205,1.41189,1.41199,9.60,4.80
2007.09.24 06:45:28.753,1.41189,1.41199,4.80,3.60
2007.09.24 06:45:30.230,1.41191,1.41201,9.30,1.00
2007.09.24 06:45:30.592,1.4119,1.412,5.40,11.40
2007.09.24 06:45:30.772,1.41189,1.41204,5.40,1.80
2007.09.24 06:45:30.953,1.4119,1.41205,8.40,1.00
2007.09.24 06:45:31.133,1.41191,1.41206,3.00,4.80
2007.09.24 06:45:31.553,1.41193,1.41203,2.40,2.40
2007.09.24 06:45:31.797,1.41191,1.41201,4.80,2.40
2007.09.24 06:45:32.041,1.4119,1.412,8.40,1.00
2007.09.24 06:45:32.285,1.41191,1.41201,8.40,8.40
2007.09.24 06:45:32.485,1.41194,1.41198,2.40,9.40
2007.09.24 06:45:32.883,1.41195,1.41199,7.20,6.30
2007.09.24 06:45:33.081,1.41191,1.41206,6.00,6.60
2007.09.24 06:45:33.625,1.41192,1.41208,3.60,3.00
2007.09.24 06:45:33.967,1.41194,1.41209,1.20,10.80
2007.09.24 06:45:34.307,1.41198,1.41208,1.20,2.10
2007.09.24 06:45:34.505,1.41199,1.41209,3.60,6.00
2007.09.24 06:45:37.870,1.41201,1.41205,3.00,9.90
2007.09.24 06:45:38.668,1.41197,1.41207,3.60,2.40
2007.09.24 06:45:38.866,1.41195,1.41205,6.00,4.80
2007.09.24 06:45:39.400,1.41197,1.41201,22.80,4.80
2007.09.24 06:45:39.470,1.41195,1.412,2.40,29.50
2007.09.24 06:45:39.538,1.41191,1.41201,3.00,13.80
2007.09.24 06:45:39.733,1.41193,1.41198,2.40,1.80
2007.09.24 06:45:39.801,1.41194,1.41199,7.20,1.00
2007.09.24 06:45:39.869,1.41196,1.41201,11.00,1.80
2007.09.24 06:45:40.273,1.41199,1.41209,4.80,1.00
2007.09.24 06:45:40.615,1.4121,1.41214,7.20,4.40
2007.09.24 06:45:40.954,1.41214,1.41224,2.40,8.50
2007.09.24 06:45:41.270,1.4122,1.41225,2.40,2.40
2007.09.24 06:45:41.599,1.41214,1.41224,18.30,11.50
2007.09.24 06:45:42.398,1.4121,1.4122,7.80,8.40
2007.09.24 06:45:42.563,1.41205,1.41215,10.20,3.00
2007.09.24 06:45:42.725,1.41199,1.41214,3.00,3.00
2007.09.24 06:45:42.889,1.41197,1.41213,5.40,4.80
2007.09.24 06:45:43.052,1.41198,1.41208,7.20,9.60
2007.09.24 06:45:44.473,1.41197,1.41207,11.40,2.40
2007.09.24 06:45:44.741,1.41198,1.41203,3.60,2.40
2007.09.24 06:45:44.878,1.41197,1.41202,4.80,3.00
2007.09.24 06:45:45.013,1.41195,1.412,2.40,7.80
2007.09.24 06:45:45.149,1.41191,1.41201,1.80,4.80
2007.09.24 06:45:45.418,1.41189,1.41199,10.80,9.40
2007.09.24 06:45:45.974,1.41188,1.41198,5.40,5.40
2007.09.24 06:45:46.242,1.41182,1.41202,4.80,4.80
2007.09.24 06:45:46.511,1.41183,1.41198,3.00,2.40
2007.09.24 06:45:46.778,1.41184,1.41194,10.20,6.00
2007.09.24 06:45:47.046,1.41182,1.41192,10.20,6.60
2007.09.24 06:45:47.314,1.41184,1.41194,4.80,10.80
2007.09.24 06:45:47.549,1.41185,1.41195,5.40,4.80
2007.09.24 06:45:47.669,1.41184,1.41194,4.80,4.80
2007.09.24 06:45:53.933,1.41184,1.41194,1.20,3.00
2007.09.24 06:45:54.693,1.41185,1.41195,1.20,3.00
2007.09.24 06:45:56.617,1.41187,1.41197,13.20,3.00
2007.09.24 06:45:57.078,1.41188,1.41198,7.80,6.00
2007.09.24 06:45:57.265,1.41189,1.41199,4.20,6.00
2007.09.24 06:45:57.455,1.41188,1.41203,1.00,8.40
2007.09.24 06:45:57.643,1.41188,1.41203,2.40,5.20
2007.09.24 06:45:57.891,1.41189,1.41204,2.40,1.00
2007.09.24 06:45:58.013,1.4119,1.41205,8.40,3.60
2007.09.24 06:45:58.137,1.41191,1.41206,1.00,4.80
2007.09.24 06:45:58.656,1.41195,1.41205,4.80,8.80
2007.09.24 06:46:00.875,1.41201,1.41211,20.50,9.00
2007.09.24 06:46:01.553,1.41197,1.41207,7.80,14.70
2007.09.24 06:46:01.775,1.4119,1.41205,6.30,10.80
2007.09.24 06:46:02.009,1.41187,1.41202,20.50,9.00
2007.09.24 06:46:02.226,1.41182,1.41197,3.60,9.70
2007.09.24 06:46:02.966,1.41177,1.41192,2.40,6.00
2007.09.24 06:46:03.240,1.41177,1.41187,21.90,2.40
2007.09.24 06:46:03.512,1.41177,1.41187,12.00,3.00
2007.09.24 06:46:05.139,1.41175,1.41185,7.80,4.00
2007.09.24 06:46:05.218,1.41178,1.41183,15.00,7.20
2007.09.24 06:46:05.374,1.41177,1.41187,22.90,10.20
2007.09.24 06:46:05.454,1.41178,1.41188,2.40,3.50
2007.09.24 06:46:05.759,1.41177,1.41192,2.40,10.80
2007.09.24 06:46:06.087,1.41181,1.41191,15.00,11.40
2007.09.24 06:46:06.560,1.41181,1.41191,9.00,1.80
2007.09.24 06:46:07.167,1.41183,1.41193,7.80,4.80
2007.09.24 06:46:07.513,1.41181,1.41197,14.60,5.40
2007.09.24 06:46:07.604,1.41187,1.41192,22.90,10.20
2007.09.24 06:46:09.149,1.41183,1.41193,8.40,6.00
2007.09.24 06:46:09.747,1.41182,1.41192,9.00,8.50
2007.09.24 06:46:10.687,1.41184,1.41189,21.80,1.00
2007.09.24 06:46:10.739,1.41187,1.41192,11.40,6.00
2007.09.24 06:46:10.788,1.41189,1.41193,3.00,8.40
2007.09.24 06:46:10.936,1.41188,1.41198,2.40,12.60
2007.09.24 06:46:11.658,1.41189,1.41199,9.00,1.00
2007.09.24 06:46:11.806,1.41188,1.41204,2.40,1.00
2007.09.24 06:46:12.467,1.41193,1.41203,3.60,17.40
2007.09.24 06:46:12.807,1.41194,1.41204,18.60,6.00
2007.09.24 06:46:13.147,1.41192,1.41202,14.40,13.30
2007.09.24 06:46:13.327,1.41193,1.41198,1.00,6.00
2007.09.24 06:46:13.506,1.41191,1.41195,13.60,15.40
2007.09.24 06:46:13.686,1.41189,1.41194,2.40,11.50
2007.09.24 06:46:13.867,1.41185,1.4119,12.60,9.60
2007.09.24 06:46:14.066,1.4118,1.41185,4.80,7.80
2007.09.24 06:46:14.462,1.41176,1.41186,2.40,24.60
2007.09.24 06:46:15.469,1.41173,1.41183,4.20,4.20
2007.09.24 06:46:15.697,1.41175,1.4118,26.50,8.40
2007.09.24 06:46:15.919,1.41174,1.41179,9.60,4.80
2007.09.24 06:46:16.199,1.41172,1.41182,7.80,8.40
2007.09.24 06:46:17.977,1.41175,1.41181,13.60,2.40
2007.09.24 06:46:18.173,1.41181,1.41185,21.00,4.80
2007.09.24 06:46:18.351,1.41184,1.41194,2.40,10.30
2007.09.24 06:46:18.527,1.41193,1.41203,10.20,4.80
2007.09.24 06:46:18.605,1.41205,1.41209,22.20,1.00
2007.09.24 06:46:18.703,1.41209,1.41213,2.40,1.00
2007.09.24 06:46:19.374,1.41201,1.41211,12.20,2.40
2007.09.24 06:46:19.702,1.41191,1.41207,4.80,2.10
2007.09.24 06:46:19.817,1.4119,1.41195,3.00,10.80
2007.09.24 06:46:20.030,1.41184,1.41194,1.00,8.40
2007.09.24 06:46:20.796,1.41183,1.41187,6.00,8.40
2007.09.24 06:46:22.814,1.41173,1.41188,32.40,4.80
2007.09.24 06:46:23.447,1.41171,1.41186,8.40,1.00
2007.09.24 06:46:23.566,1.41171,1.41186,6.00,3.00
2007.09.24 06:46:23.687,1.41174,1.4118,10.20,4.20
2007.09.24 06:46:23.807,1.41174,1.41179,3.60,12.00
2007.09.24 06:46:23.927,1.41176,1.41181,11.40,1.20
2007.09.24 06:46:24.311,1.41175,1.41185,6.00,4.80
2007.09.24 06:46:24.579,1.41169,1.41194,9.00,4.80
2007.09.24 06:46:24.847,1.41174,1.41189,9.00,1.90
2007.09.24 06:46:25.115,1.4117,1.41195,6.00,13.30
2007.09.24 06:46:25.455,1.41174,1.41194,8.80,22.30
2007.09.24 06:46:25.795,1.4118,1.4119,10.80,4.80
2007.09.24 06:46:26.134,1.41181,1.41191,6.00,9.00
2007.09.24 06:46:26.637,1.41183,1.41188,2.40,6.90
2007.09.24 06:46:29.482,1.41179,1.41189,1.20,5.40
2007.09.24 06:46:29.759,1.41181,1.41186,6.00,13.30
2007.09.24 06:46:30.019,1.41177,1.41187,3.00,2.40
2007.09.24 06:46:30.076,1.41175,1.41185,6.60,6.00
2007.09.24 06:46:30.279,1.41177,1.41187,32.40,1.00
2007.09.24 06:46:30.646,1.41181,1.41186,14.40,17.60
2007.09.24 06:46:30.815,1.41182,1.41187,2.40,9.00
2007.09.24 06:46:31.059,1.41182,1.41187,12.60,5.40
2007.09.24 06:46:31.323,1.41177,1.41187,9.60,4.80
2007.09.24 06:46:31.922,1.41176,1.41186,42.00,24.00
2007.09.24 06:46:32.599,1.41174,1.41184,2.40,11.50
2007.09.24 06:46:32.682,1.41175,1.4118,6.00,1.00
2007.09.24 06:46:32.766,1.41171,1.41181,7.80,9.60
2007.09.24 06:46:33.023,1.4117,1.4118,2.40,1.20
2007.09.24 06:46:33.267,1.41167,1.41182,4.80,7.20
2007.09.24 06:46:33.430,1.41169,1.41184,13.60,2.40
2007.09.24 06:46:33.525,1.41173,1.41183,1.00,2.70
2007.09.24 06:46:34.300,1.41174,1.41179,16.90,2.40
2007.09.24 06:46:34.410,1.4117,1.4118,5.40,11.40
2007.09.24 06:46:34.643,1.41168,1.41178,4.80,4.80
2007.09.24 06:46:34.895,1.41165,1.41175,4.80,6.10
2007.09.24 06:46:35.149,1.4116,1.4117,20.40,9.00
2007.09.24 06:46:35.274,1.41153,1.41163,2.40,8.50
2007.09.24 06:46:35.403,1.41152,1.41162,7.80,4.80
2007.09.24 06:46:35.655,1.41156,1.41166,3.60,3.00
2007.09.24 06:46:35.995,1.41162,1.41168,4.20,5.10
2007.09.24 06:46:36.338,1.41165,1.41171,5.40,15.00
2007.09.24 06:46:36.436,1.41165,1.41175,12.60,17.70
2007.09.24 06:46:36.679,1.4117,1.41174,8.40,2.40
2007.09.24 06:46:37.019,1.41166,1.41176,4.80,3.60
2007.09.24 06:46:37.359,1.4117,1.41174,12.00,3.00
2007.09.24 06:46:37.699,1.41171,1.41175,29.70,2.40
2007.09.24 06:46:37.875,1.41173,1.41177,18.00,3.00
2007.09.24 06:46:38.050,1.41166,1.41186,4.80,17.20
2007.09.24 06:46:38.226,1.41172,1.41182,2.40,11.40
2007.09.24 06:46:38.403,1.41174,1.41178,16.50,2.40
2007.09.24 06:46:40.240,1.41173,1.41177,5.40,7.80
2007.09.24 06:46:40.379,1.41169,1.41179,33.00,2.40
2007.09.24 06:46:40.664,1.41168,1.41178,32.70,7.90
2007.09.24 06:46:40.805,1.41167,1.41177,6.00,3.60
2007.09.24 06:46:40.997,1.41168,1.41172,9.00,4.80
2007.09.24 06:46:41.083,1.41164,1.41179,2.40,1.00
2007.09.24 06:46:41.364,1.41168,1.41178,2.40,1.00
2007.09.24 06:46:41.655,1.41167,1.41182,24.60,6.00
2007.09.24 06:46:41.937,1.41169,1.41184,4.80,1.80
2007.09.24 06:46:42.254,1.41171,1.41186,10.80,10.90
2007.09.24 06:46:42.505,1.41177,1.41182,3.00,4.80
2007.09.24 06:46:42.575,1.4118,1.41185,7.80,6.00
2007.09.24 06:46:42.723,1.41181,1.41187,5.10,1.00
2007.09.24 06:46:42.895,1.41183,1.41188,3.00,21.60
2007.09.24 06:46:43.216,1.41179,1.41189,3.60,11.80
2007.09.24 06:46:43.482,1.41174,1.41189,13.60,2.40
2007.09.24 06:46:43.751,1.41173,1.41188,4.80,12.00
2007.09.24 06:46:44.019,1.41172,1.41182,23.40,4.20
2007.09.24 06:46:45.636,1.41169,1.41184,1.20,2.40
2007.09.24 06:46:45.843,1.41167,1.41182,2.40,10.50
2007.09.24 06:46:46.050,1.41168,1.41183,21.40,2.40
2007.09.24 06:46:46.645,1.41171,1.41181,4.80,9.00
2007.09.24 06:46:47.318,1.41175,1.4118,19.80,4.80
2007.09.24 06:46:47.675,1.41174,1.41184,5.40,11.10
2007.09.24 06:46:47.855,1.41176,1.41186,7.80,22.80
2007.09.24 06:46:48.034,1.41174,1.41184,7.20,2.10
2007.09.24 06:46:48.214,1.41173,1.41183,4.80,1.00
2007.09.24 06:46:48.866,1.41171,1.41181,10.20,6.60
2007.09.24 06:46:49.086,1.4117,1.4118,8.40,8.40
2007.09.24 06:46:51.702,1.41172,1.41177,2.40,10.20
2007.09.24 06:46:52.226,1.41171,1.41181,25.80,29.50
2007.09.24 06:46:52.426,1.41174,1.41179,11.40,2.40
2007.09.24 06:46:52.643,1.41176,1.41181,6.00,4.20
2007.09.24 06:46:52.858,1.41176,1.41181,2.40,5.40
2007.09.24 06:46:53.076,1.41175,1.41185,3.00,6.00
2007.09.24 06:47:00.889,1.41165,1.41169,1.80,4.80
2007.09.24 06:47:02.893,1.41161,1.41166,17.00,4.80
2007.09.24 06:47:03.122,1.41157,1.41162,10.00,2.40
2007.09.24 06:47:03.461,1.41154,1.41164,2.20,1.00
2007.09.24 06:47:03.839,1.41152,1.41162,13.60,2.40
2007.09.24 06:47:04.083,1.41153,1.41158,7.80,7.20
2007.09.24 06:47:04.325,1.41152,1.41162,9.00,2.40
2007.09.24 06:47:05.122,1.41154,1.41164,7.80,1.00
2007.09.24 06:47:10.737,1.41159,1.41163,7.80,11.70
2007.09.24 06:47:12.197,1.41157,1.41167,19.80,4.80
2007.09.24 06:47:13.121,1.41155,1.41165,7.80,12.00
2007.09.24 06:47:13.273,1.41154,1.41164,6.60,7.20
2007.09.24 06:47:13.342,1.41155,1.41165,10.00,2.40
2007.09.24 06:47:13.641,1.41156,1.41166,6.00,2.40
2007.09.24 06:47:14.533,1.41157,1.41167,22.80,1.20
2007.09.24 06:47:15.625,1.41158,1.41168,2.40,4.80
2007.09.24 06:47:15.771,1.4116,1.4117,2.40,10.20
2007.09.24 06:47:15.917,1.4116,1.4117,2.40,8.20
2007.09.24 06:47:16.065,1.41158,1.41168,1.70,1.20
2007.09.24 06:47:16.215,1.41159,1.41164,3.00,7.20
2007.09.24 06:47:16.378,1.41157,1.41162,5.40,2.40
2007.09.24 06:47:16.501,1.41156,1.41162,11.20,7.20
2007.09.24 06:47:16.639,1.41152,1.41162,7.80,5.40
2007.09.24 06:47:16.774,1.4115,1.41166,16.00,5.40
2007.09.24 06:47:16.910,1.41157,1.41161,19.20,4.80
2007.09.24 06:47:17.046,1.41158,1.41162,7.20,6.00
2007.09.24 06:47:17.191,1.41153,1.41163,1.20,2.40
2007.09.24 06:47:17.325,1.41154,1.41159,1.20,2.40
2007.09.24 06:47:17.665,1.41138,1.41173,1.20,10.20
2007.09.24 06:47:18.005,1.41136,1.41171,32.40,3.00
2007.09.24 06:47:18.345,1.41135,1.4117,4.80,6.10
2007.09.24 06:47:18.581,1.41135,1.4116,8.40,1.00
2007.09.24 06:47:18.818,1.41135,1.4115,1.20,7.60
2007.09.24 06:47:19.053,1.41129,1.41145,3.00,6.40
2007.09.24 06:47:19.540,1.41127,1.41137,6.00,3.40
2007.09.24 06:47:19.753,1.41121,1.41136,3.60,1.00
2007.09.24 06:47:19.972,1.41121,1.41135,4.80,6.20
2007.09.24 06:47:20.185,1.41126,1.41142,7.80,1.00
2007.09.24 06:47:20.402,1.41134,1.41149,2.40,6.90
2007.09.24 06:47:21.709,1.41144,1.41154,11.40,10.20
2007.09.24 06:47:21.833,1.41147,1.41157,7.20,4.20
2007.09.24 06:47:21.957,1.41151,1.41161,4.80,6.00
2007.09.24 06:47:22.333,1.4115,1.41166,1.20,2.40
2007.09.24 06:47:22.700,1.41151,1.41166,3.00,4.80
2007.09.24 06:47:22.875,1.41151,1.41166,1.00,5.60
2007.09.24 06:47:23.050,1.4115,1.41165,3.60,26.40
2007.09.24 06:47:23.226,1.41152,1.41162,18.60,3.30
2007.09.24 06:47:23.402,1.41151,1.41161,7.20,6.60
2007.09.24 06:47:23.915,1.4115,1.4116,20.40,3.00
2007.09.24 06:47:24.254,1.4115,1.4116,18.60,7.00
2007.09.24 06:47:24.595,1.41146,1.41161,10.80,15.60
2007.09.24 06:47:24.854,1.41145,1.4116,10.80,9.70
2007.09.24 06:47:25.114,1.41144,1.41159,10.20,4.80
2007.09.24 06:47:25.375,1.41144,1.41159,8.40,7.20
2007.09.24 06:47:25.635,1.41143,1.41158,4.80,2.20
2007.09.24 06:47:25.884,1.41147,1.41152,2.40,8.40
2007.09.24 06:47:26.122,1.41146,1.41151,4.20,5.10
2007.09.24 06:47:26.353,1.41147,1.41152,2.40,6.00
2007.09.24 06:47:26.590,1.41147,1.41152,2.40,3.30
2007.09.24 06:47:26.837,1.41149,1.41154,4.80,11.40
2007.09.24 06:47:27.329,1.41148,1.41158,15.00,9.00
2007.09.24 06:47:27.577,1.41153,1.41163,4.80,4.80
2007.09.24 06:47:27.825,1.41156,1.41172,4.80,4.80
2007.09.24 06:47:28.001,1.41165,1.4118,2.40,13.60
2007.09.24 06:47:28.743,1.41177,1.41181,5.40,12.00
2007.09.24 06:47:29.023,1.41177,1.41187,4.90,4.80
2007.09.24 06:47:29.303,1.41171,1.41181,3.00,5.10
2007.09.24 06:47:29.582,1.4116,1.4118,1.20,13.60
2007.09.24 06:47:29.880,1.41157,1.41172,4.80,2.40
2007.09.24 06:47:29.982,1.41156,1.41166,7.20,9.00
2007.09.24 06:47:30.224,1.41151,1.41167,23.40,1.80
2007.09.24 06:47:31.606,1.4115,1.41166,8.40,6.00
2007.09.24 06:47:32.962,1.4115,1.41165,10.20,12.40
2007.09.24 06:47:33.557,1.41154,1.41164,2.40,2.40
2007.09.24 06:47:33.653,1.41152,1.41162,1.80,8.40
2007.09.24 06:47:34.936,1.41153,1.41159,9.00,2.40
2007.09.24 06:47:35.278,1.4115,1.4116,10.80,16.80
2007.09.24 06:47:35.620,1.41151,1.41156,10.80,10.90
2007.09.24 06:47:35.958,1.41148,1.41158,7.20,1.20
2007.09.24 06:47:36.777,1.41142,1.41162,32.40,3.00
2007.09.24 06:47:37.055,1.41144,1.41158,1.50,8.60
2007.09.24 06:47:43.297,1.41142,1.41158,27.60,2.40
2007.09.24 06:47:44.213,1.41141,1.41157,4.80,1.20
2007.09.24 06:47:44.429,1.41143,1.41159,8.40,4.80
2007.09.24 06:47:44.645,1.41145,1.4116,5.40,7.80
2007.09.24 06:47:44.861,1.41146,1.41161,7.20,15.00
2007.09.24 06:47:45.329,1.41148,1.41163,5.40,1.00
2007.09.24 06:47:46.512,1.41152,1.41162,27.60,2.40
2007.09.24 06:47:46.763,1.41154,1.41164,6.60,11.70
2007.09.24 06:47:48.121,1.41155,1.41165,17.10,1.90
2007.09.24 06:47:48.449,1.41159,1.41164,11.40,3.00
2007.09.24 06:47:48.777,1.4116,1.41165,4.80,7.80
2007.09.24 06:47:49.105,1.41158,1.41168,2.40,6.60
2007.09.24 06:47:49.433,1.4116,1.4117,6.00,11.60
2007.09.24 06:47:49.773,1.41164,1.41169,8.40,1.80
2007.09.24 06:47:50.113,1.41163,1.41173,18.90,8.10
2007.09.24 06:47:50.453,1.41164,1.41174,7.20,9.60
2007.09.24 06:47:50.697,1.41164,1.41174,4.20,12.70
2007.09.24 06:47:52.610,1.41165,1.4117,13.20,8.80
2007.09.24 06:47:52.758,1.41164,1.41169,15.00,7.20
2007.09.24 06:47:52.906,1.4116,1.41165,9.00,4.80
2007.09.24 06:47:53.053,1.41154,1.41164,5.40,11.40
2007.09.24 06:47:53.201,1.4115,1.4116,22.80,2.40
2007.09.24 06:47:53.516,1.41149,1.41159,13.20,4.80
2007.09.24 06:47:54.009,1.41149,1.41154,8.40,8.40
2007.09.24 06:47:54.338,1.41146,1.41151,7.20,1.00
2007.09.24 06:47:54.662,1.41139,1.41149,6.00,8.60
2007.09.24 06:47:55.736,1.41139,1.41145,2.40,2.40
2007.09.24 06:48:01.382,1.41128,1.41138,4.20,2.40
2007.09.24 06:48:01.630,1.4113,1.4114,12.60,2.40
2007.09.24 06:48:01.926,1.41134,1.41144,2.40,1.00
2007.09.24 06:48:02.222,1.41138,1.41148,4.80,2.90
2007.09.24 06:48:02.810,1.41142,1.41147,7.20,5.80
2007.09.24 06:48:03.126,1.41141,1.41151,5.40,11.40
2007.09.24 06:48:04.066,1.41141,1.41151,8.40,6.00
2007.09.24 06:48:04.246,1.41142,1.41147,12.60,1.20
2007.09.24 06:48:04.426,1.41141,1.41146,9.00,2.40
2007.09.24 06:48:04.606,1.41138,1.41148,6.00,4.80
2007.09.24 06:48:04.905,1.41137,1.41147,7.80,4.80
2007.09.24 06:48:05.378,1.41137,1.41147,6.00,7.80
2007.09.24 06:48:05.618,1.41139,1.41149,8.20,7.20
2007.09.24 06:48:05.859,1.41141,1.41146,7.80,2.40
2007.09.24 06:48:06.118,1.41139,1.41149,5.40,10.80
2007.09.24 06:48:06.380,1.4114,1.41145,7.20,1.00
2007.09.24 06:48:06.639,1.41139,1.41144,6.60,21.00
2007.09.24 06:48:06.898,1.41135,1.41145,4.80,9.80
2007.09.24 06:48:07.198,1.41132,1.41142,37.80,4.80
2007.09.24 06:48:07.347,1.41127,1.41142,7.20,4.80
2007.09.24 06:48:07.498,1.4113,1.41135,15.00,3.00
2007.09.24 06:48:07.799,1.41129,1.41134,1.00,6.60
2007.09.24 06:48:08.099,1.41125,1.41135,6.00,28.20
2007.09.24 06:48:08.438,1.41122,1.41137,4.80,6.00
2007.09.24 06:48:08.778,1.41124,1.41134,2.40,8.40
2007.09.24 06:48:08.861,1.4112,1.41136,9.00,20.50
2007.09.24 06:48:09.118,1.41121,1.41131,10.20,19.20
2007.09.24 06:48:09.282,1.41123,1.41128,7.20,4.80
2007.09.24 06:48:09.446,1.41123,1.41133,12.60,2.40
2007.09.24 06:48:09.610,1.41124,1.41134,10.80,3.30
2007.09.24 06:48:09.774,1.41123,1.41138,5.60,1.00
2007.09.24 06:48:09.938,1.41127,1.41137,4.80,7.20
2007.09.24 06:48:10.240,1.41128,1.41138,7.80,6.10
2007.09.24 06:48:10.538,1.41127,1.41142,12.00,9.30
2007.09.24 06:48:11.718,1.41128,1.41143,10.20,2.40
2007.09.24 06:48:12.002,1.41132,1.41142,10.20,5.80
2007.09.24 06:48:12.166,1.41133,1.41149,7.80,2.40
2007.09.24 06:48:12.331,1.4114,1.4115,7.20,6.78
2007.09.24 06:48:12.494,1.41141,1.41156,4.80,5.10
2007.09.24 06:48:12.658,1.4114,1.4116,2.40,1.00
2007.09.24 06:48:12.822,1.4114,1.4116,2.40,4.00
2007.09.24 06:48:13.301,1.41149,1.41154,16.20,4.80
2007.09.24 06:48:13.601,1.4115,1.41155,6.00,8.40
2007.09.24 06:48:13.897,1.41151,1.41156,5.40,8.40
2007.09.24 06:48:14.196,1.41151,1.41156,7.80,4.80
2007.09.24 06:48:14.479,1.41149,1.41155,1.00,4.80
2007.09.24 06:48:14.763,1.41144,1.41154,13.80,4.80
2007.09.24 06:48:15.047,1.41145,1.4115,4.80,4.80
2007.09.24 06:48:15.461,1.41141,1.41145,13.20,4.80
2007.09.24 06:48:15.870,1.41132,1.41152,2.40,1.80
2007.09.24 06:48:17.019,1.41135,1.41145,16.00,5.40
2007.09.24 06:48:17.430,1.41132,1.41146,10.00,1.00
2007.09.24 06:48:17.755,1.4113,1.4115,10.80,30.10
2007.09.24 06:48:18.075,1.41131,1.41151,15.00,1.80
2007.09.24 06:48:18.726,1.41135,1.41149,6.00,1.00
2007.09.24 06:48:18.839,1.41134,1.4115,8.40,2.40
2007.09.24 06:48:19.046,1.41134,1.41149,8.80,22.30
2007.09.24 06:48:19.171,1.41135,1.41145,3.00,2.40
2007.09.24 06:48:19.370,1.41133,1.41138,3.60,12.00
2007.09.24 06:48:19.575,1.41125,1.41131,14.80,2.40
2007.09.24 06:48:19.778,1.41114,1.41129,7.80,2.40
2007.09.24 06:48:19.982,1.41115,1.41125,10.20,2.40
2007.09.24 06:48:20.834,1.41122,1.41132,27.00,7.80
2007.09.24 06:48:21.162,1.41129,1.41139,8.40,8.50
2007.09.24 06:48:21.678,1.41133,1.41148,2.40,7.80
2007.09.24 06:48:21.938,1.41137,1.41153,2.40,4.80
2007.09.24 06:48:22.198,1.41138,1.41153,18.00,10.50
2007.09.24 06:48:22.794,1.41145,1.41149,7.20,2.40
2007.09.24 06:48:23.147,1.41143,1.41149,1.00,15.60
2007.09.24 06:48:23.486,1.41141,1.41146,1.00,2.40
2007.09.24 06:48:23.642,1.41138,1.41143,9.00,3.00
2007.09.24 06:48:23.799,1.41137,1.41142,2.40,1.00
2007.09.24 06:48:23.954,1.41135,1.4114,10.20,12.00
2007.09.24 06:48:24.110,1.41134,1.41139,11.40,1.00
2007.09.24 06:48:24.266,1.41134,1.41139,12.00,10.20
2007.09.24 06:48:24.422,1.41128,1.41143,3.00,4.80
2007.09.24 06:48:24.758,1.41133,1.41138,2.40,6.00
2007.09.24 06:48:25.094,1.4113,1.4114,14.40,5.40
2007.09.24 06:48:25.430,1.4113,1.4114,8.40,1.00
2007.09.24 06:48:25.826,1.41133,1.41138,2.40,3.00
2007.09.24 06:48:26.026,1.41133,1.41138,2.40,2.40
2007.09.24 06:48:26.227,1.41134,1.41139,26.40,1.80
2007.09.24 06:48:26.438,1.41135,1.4114,3.00,4.00
2007.09.24 06:48:26.791,1.41134,1.41139,7.20,1.80
2007.09.24 06:48:27.130,1.41134,1.41139,15.00,13.20
2007.09.24 06:48:27.471,1.4113,1.4114,5.40,9.60
2007.09.24 06:48:27.810,1.41131,1.41136,7.80,6.40
2007.09.24 06:48:28.150,1.4113,1.41135,2.40,13.00
2007.09.24 06:48:28.490,1.41129,1.41139,2.40,6.00
2007.09.24 06:48:28.790,1.41134,1.41139,1.00,15.60
2007.09.24 06:48:29.090,1.4113,1.41145,1.20,10.20
2007.09.24 06:48:29.686,1.41131,1.41146,2.40,13.00
2007.09.24 06:48:29.862,1.41136,1.41151,3.00,10.80
2007.09.24 06:48:30.625,1.41139,1.41149,2.25,4.80
2007.09.24 06:48:30.942,1.4114,1.4115,6.00,3.30
2007.09.24 06:48:31.263,1.41139,1.41154,10.80,7.80
2007.09.24 06:48:31.582,1.41137,1.41152,2.40,1.00
2007.09.24 06:48:31.902,1.41139,1.41149,4.80,2.40
2007.09.24 06:48:32.314,1.41137,1.41147,17.40,2.40
2007.09.24 06:48:32.508,1.41138,1.41143,41.80,2.40
2007.09.24 06:48:32.810,1.41137,1.41142,10.20,4.80
2007.09.24 06:48:33.150,1.41136,1.41146,2.40,12.40
2007.09.24 06:48:33.490,1.41135,1.4115,2.40,12.70
2007.09.24 06:48:34.190,1.41135,1.4115,6.60,7.20
2007.09.24 06:48:34.374,1.41136,1.4115,2.40,2.40
2007.09.24 06:48:34.570,1.41134,1.41148,15.60,9.00
2007.09.24 06:48:34.754,1.4113,1.4115,11.40,1.90
2007.09.24 06:48:34.998,1.41129,1.41145,4.80,6.20
2007.09.24 06:48:35.242,1.41126,1.41141,11.20,7.20
2007.09.24 06:48:35.486,1.41124,1.41134,7.80,6.60
2007.09.24 06:48:35.730,1.41122,1.41132,21.40,6.00
2007.09.24 06:48:36.046,1.4112,1.4113,13.40,4.80
2007.09.24 06:48:36.362,1.4112,1.4113,2.40,12.10
2007.09.24 06:48:36.678,1.41123,1.41129,2.40,6.00
2007.09.24 06:48:36.922,1.41126,1.41131,20.40,6.00
2007.09.24 06:48:37.112,1.41126,1.41136,6.00,7.00
2007.09.24 06:48:37.166,1.41128,1.41143,3.00,10.20
2007.09.24 06:48:37.410,1.41128,1.41144,2.40,10.20
2007.09.24 06:48:37.654,1.41133,1.41143,8.40,9.40
2007.09.24 06:48:37.898,1.41134,1.41144,16.50,2.40
2007.09.24 06:48:38.162,1.41133,1.41143,1.00,2.80
2007.09.24 06:48:38.426,1.41132,1.41142,1.00,11.50
2007.09.24 06:48:38.950,1.41135,1.41139,9.60,2.40
2007.09.24 06:48:39.206,1.41137,1.41143,23.40,8.40
2007.09.24 06:48:39.463,1.4114,1.4115,3.00,6.00
2007.09.24 06:48:39.971,1.41146,1.41156,4.80,7.20
2007.09.24 06:48:40.370,1.41156,1.41161,8.40,1.00
2007.09.24 06:48:40.635,1.41159,1.41165,1.80,4.80
2007.09.24 06:48:40.823,1.41157,1.41162,2.40,20.20
2007.09.24 06:48:41.123,1.4115,1.4116,2.40,4.80
2007.09.24 06:48:41.423,1.41148,1.41152,9.60,10.20
2007.09.24 06:48:41.724,1.4114,1.4115,9.60,4.80
2007.09.24 06:48:42.024,1.4114,1.4115,13.50,8.70
2007.09.24 06:48:42.361,1.41136,1.41151,42.00,24.00
2007.09.24 06:48:42.707,1.41137,1.41147,4.80,7.20
2007.09.24 06:48:43.043,1.41134,1.41148,27.60,2.40
2007.09.24 06:48:43.301,1.41137,1.41142,6.90,24.30
2007.09.24 06:48:43.558,1.41135,1.4114,6.00,6.60
2007.09.24 06:48:43.823,1.41129,1.41144,6.00,11.70
2007.09.24 06:48:45.562,1.4113,1.4114,1.20,13.50
2007.09.24 06:48:45.839,1.41128,1.41138,4.80,5.60
2007.09.24 06:48:46.114,1.41125,1.41135,1.20,12.70
2007.09.24 06:48:46.390,1.41126,1.41131,9.70,1.00
2007.09.24 06:48:46.610,1.41123,1.41133,5.60,2.40
2007.09.24 06:48:46.830,1.41125,1.41135,2.40,8.60
2007.09.24 06:48:47.266,1.41129,1.41134,6.00,13.20
2007.09.24 06:48:47.486,1.41131,1.41136,7.20,3.00
2007.09.24 06:48:47.826,1.4113,1.4114,9.60,4.80
2007.09.24 06:48:49.262,1.41132,1.41142,10.80,4.50
2007.09.24 06:48:49.447,1.41135,1.4114,7.20,5.80
2007.09.24 06:48:49.710,1.41133,1.41143,12.00,7.50
2007.09.24 06:48:50.983,1.41132,1.41142,2.40,4.80
2007.09.24 06:48:51.200,1.41134,1.41139,15.90,3.30
2007.09.24 06:48:51.415,1.41133,1.41143,2.40,8.70
2007.09.24 06:48:51.755,1.41133,1.41143,2.40,19.90
2007.09.24 06:48:52.094,1.41137,1.41142,16.50,2.40
2007.09.24 06:48:52.435,1.41138,1.41143,8.40,1.20
2007.09.24 06:48:52.678,1.41139,1.41144,2.40,2.40
2007.09.24 06:48:52.923,1.4114,1.41145,3.00,9.30
2007.09.24 06:48:53.406,1.41139,1.41149,5.40,1.20
2007.09.24 06:48:54.126,1.41143,1.41148,3.60,3.00
2007.09.24 06:48:54.294,1.41144,1.41149,9.00,4.80
2007.09.24 06:48:54.463,1.41144,1.41149,2.40,11.40
2007.09.24 06:48:54.667,1.41142,1.41147,6.00,10.20
2007.09.24 06:48:54.872,1.41138,1.41148,16.20,2.50
2007.09.24 06:48:55.076,1.41134,1.41149,7.80,3.60
2007.09.24 06:48:55.762,1.41133,1.41148,4.80,8.30
2007.09.24 06:48:56.867,1.41132,1.41147,2.40,6.00
2007.09.24 06:48:56.991,1.41134,1.41144,14.40,9.00
2007.09.24 06:48:57.234,1.41135,1.4114,6.60,4.20
2007.09.24 06:48:57.493,1.41135,1.4114,20.60,2.40
2007.09.24 06:48:57.616,1.41133,1.41143,4.80,9.60
2007.09.24 06:48:58.531,1.41132,1.41146,1.00,15.20
2007.09.24 06:49:05.803,1.41135,1.41145,4.80,12.60
2007.09.24 06:49:06.019,1.41137,1.41147,2.40,15.60
2007.09.24 06:49:06.233,1.41138,1.41148,14.40,10.90
2007.09.24 06:49:06.858,1.41139,1.41144,3.00,3.00
2007.09.24 06:49:08.818,1.41135,1.41145,8.40,4.20
2007.09.24 06:49:09.043,1.41137,1.41142,4.80,4.80
2007.09.24 06:49:09.267,1.41135,1.4114,8.40,2.40
2007.09.24 06:49:09.490,1.41131,1.41141,15.60,9.00
2007.09.24 06:49:10.155,1.41133,1.41143,1.80,10.80
2007.09.24 06:49:10.599,1.41133,1.41143,14.70,7.20
2007.09.24 06:49:10.867,1.41132,1.41142,1.20,2.40
2007.09.24 06:49:11.397,1.41129,1.41144,3.00,1.90
2007.09.24 06:49:11.665,1.41133,1.41138,10.80,2.40
2007.09.24 06:49:11.906,1.41129,1.41139,1.00,4.80
2007.09.24 06:49:12.146,1.41127,1.41137,3.20,5.40
2007.09.24 06:49:12.621,1.41126,1.41136,3.60,10.20
2007.09.24 06:49:12.861,1.41124,1.41134,1.20,7.60
2007.09.24 06:49:13.166,1.41123,1.41138,6.60,5.40
2007.09.24 06:49:13.475,1.41127,1.41137,4.80,7.80
2007.09.24 06:49:15.025,1.41128,1.41138,1.00,2.40
2007.09.24 06:49:15.650,1.41132,1.41137,12.00,3.00
2007.09.24 06:49:18.477,1.41132,1.41142,6.00,2.40
2007.09.24 06:49:18.736,1.41135,1.41145,11.40,1.00
2007.09.24 06:49:18.991,1.41134,1.41149,3.60,2.40
2007.09.24 06:49:19.499,1.4114,1.41145,2.40,4.80
2007.09.24 06:49:19.904,1.41141,1.41146,4.80,3.60
2007.09.24 06:49:20.103,1.41132,1.41152,12.60,2.40
2007.09.24 06:49:20.497,1.41133,1.41148,3.00,3.00
2007.09.24 06:49:20.697,1.41137,1.41147,5.20,4.50
2007.09.24 06:49:20.933,1.41139,1.41149,5.40,1.20
2007.09.24 06:49:21.169,1.41141,1.41151,6.00,10.20
2007.09.24 06:49:21.405,1.41148,1.41153,7.20,4.80
2007.09.24 06:49:21.641,1.41152,1.41157,4.80,1.00
2007.09.24 06:49:22.189,1.41145,1.41165,7.20,7.30
2007.09.24 06:49:22.465,1.41146,1.41156,4.80,2.40
2007.09.24 06:49:22.741,1.41145,1.41151,7.80,2.40
2007.09.24 06:49:23.081,1.41141,1.41146,1.00,2.80
2007.09.24 06:49:23.421,1.41135,1.41145,2.40,11.20
2007.09.24 06:49:24.057,1.41136,1.41142,5.40,7.80
2007.09.24 06:49:24.357,1.41133,1.41143,4.80,7.20
2007.09.24 06:49:24.657,1.41132,1.41142,6.00,1.80
2007.09.24 06:49:26.537,1.41133,1.41138,10.00,6.00
2007.09.24 06:49:26.701,1.41129,1.41139,1.20,10.20
2007.09.24 06:49:26.897,1.41127,1.41137,4.20,8.40
2007.09.24 06:49:27.095,1.41127,1.41137,5.40,6.00
2007.09.24 06:49:27.497,1.41127,1.41137,3.00,6.90
2007.09.24 06:49:27.694,1.41127,1.41137,12.60,2.40
2007.09.24 06:49:27.783,1.41131,1.41135,2.40,3.00
2007.09.24 06:49:28.021,1.4113,1.4114,3.00,3.00
2007.09.24 06:49:28.350,1.41131,1.41141,2.40,19.90
2007.09.24 06:49:28.678,1.41133,1.41143,3.00,6.60
2007.09.24 06:49:29.432,1.41137,1.41141,1.00,7.80
2007.09.24 06:49:29.669,1.41134,1.41144,1.00,4.80
2007.09.24 06:49:30.082,1.41138,1.41143,6.60,2.40
2007.09.24 06:49:30.285,1.41134,1.41144,3.00,9.00
2007.09.24 06:49:32.036,1.41133,1.41143,3.00,6.00
2007.09.24 06:49:32.117,1.41132,1.41142,6.00,8.40
2007.09.24 06:49:32.241,1.4113,1.4114,7.80,4.80
2007.09.24 06:49:32.486,1.41127,1.41142,3.00,9.90
2007.09.24 06:49:32.848,1.41128,1.41138,2.40,6.00
2007.09.24 06:49:33.063,1.4113,1.41135,6.00,8.70
2007.09.24 06:49:33.186,1.41126,1.41136,6.00,2.40
2007.09.24 06:49:33.354,1.41124,1.41134,9.20,6.00
2007.09.24 06:49:33.522,1.41123,1.41133,32.40,4.80
2007.09.24 06:49:33.689,1.4112,1.4113,7.20,19.60
2007.09.24 06:49:33.857,1.4112,1.41125,6.00,5.70
2007.09.24 06:49:34.025,1.41119,1.41124,14.20,3.00
2007.09.24 06:49:34.194,1.41116,1.41126,10.20,21.70
2007.09.24 06:49:34.420,1.41114,1.41124,4.80,4.80
2007.09.24 06:49:34.645,1.41117,1.41127,3.30,11.80
2007.09.24 06:49:34.870,1.41121,1.41126,6.60,5.20
2007.09.24 06:49:35.093,1.41124,1.41129,12.80,4.80
2007.09.24 06:49:35.311,1.41128,1.41133,4.80,7.80
2007.09.24 06:49:35.737,1.41127,1.41137,7.20,15.00
2007.09.24 06:49:36.166,1.41131,1.41136,5.40,1.80
2007.09.24 06:49:36.273,1.41132,1.41137,5.40,9.00
2007.09.24 06:49:36.381,1.41133,1.41138,5.40,4.80
2007.09.24 06:49:36.489,1.4113,1.4114,5.40,9.40
2007.09.24 06:49:36.597,1.41129,1.41139,7.20,4.80
2007.09.24 06:49:36.706,1.41127,1.41137,3.60,18.10
2007.09.24 06:49:36.813,1.41128,1.41133,4.80,16.30
2007.09.24 06:49:37.025,1.41124,1.41134,2.40,5.40
2007.09.24 06:49:37.573,1.41123,1.41133,7.80,1.00
2007.09.24 06:49:37.912,1.41124,1.41129,12.00,1.80
2007.09.24 06:49:38.253,1.41121,1.41131,3.00,10.00
2007.09.24 06:49:38.736,1.41123,1.41127,3.60,10.20
2007.09.24 06:49:38.901,1.41119,1.41129,7.20,9.00
2007.09.24 06:49:39.065,1.41123,1.41127,9.00,1.20
2007.09.24 06:49:39.229,1.41122,1.41132,3.00,2.40
2007.09.24 06:49:39.785,1.41119,1.41129,12.60,2.40
2007.09.24 06:49:43.800,1.41121,1.41125,2.40,1.00
2007.09.24 06:49:44.116,1.41116,1.4112,20.00,2.40
2007.09.24 06:49:44.430,1.41111,1.41116,7.80,1.20
2007.09.24 06:49:44.705,1.41104,1.41114,5.40,4.80
2007.09.24 06:49:45.998,1.41106,1.4111,36.00,6.00
2007.09.24 06:49:46.132,1.41111,1.41117,12.00,5.80
2007.09.24 06:49:46.403,1.41117,1.41123,2.40,4.80
2007.09.24 06:49:46.537,1.41121,1.41131,1.80,2.40
2007.09.24 06:49:46.665,1.41124,1.41134,12.60,5.10
2007.09.24 06:49:46.793,1.41127,1.41133,10.80,11.40
2007.09.24 06:49:46.921,1.41129,1.41134,10.80,1.00
2007.09.24 06:49:47.049,1.4113,1.41134,3.00,3.00
2007.09.24 06:49:47.177,1.41127,1.41137,6.00,5.40
2007.09.24 06:49:47.305,1.41126,1.41142,7.80,7.60
2007.09.24 06:49:47.432,1.41125,1.41145,7.20,7.20
2007.09.24 06:49:47.561,1.41129,1.41144,4.80,8.10
2007.09.24 06:49:47.914,1.4113,1.41146,5.40,2.40
2007.09.24 06:49:48.255,1.41131,1.41146,6.60,4.20
2007.09.24 06:49:48.593,1.41129,1.41145,7.20,5.40
2007.09.24 06:49:48.914,1.41128,1.41143,2.40,9.00
2007.09.24 06:49:49.236,1.41124,1.41144,3.00,1.00
2007.09.24 06:49:49.554,1.41126,1.41141,6.60,6.00
2007.09.24 06:49:49.872,1.41124,1.41144,1.20,2.40
2007.09.24 06:49:51.325,1.4113,1.4114,1.80,6.00
2007.09.24 06:49:51.412,1.41131,1.41141,15.40,7.30
2007.09.24 06:49:51.493,1.41133,1.41143,2.40,12.40
2007.09.24 06:49:51.929,1.41136,1.41141,4.80,8.40
2007.09.24 06:49:52.137,1.41132,1.41147,2.40,1.00
2007.09.24 06:49:52.333,1.4113,1.41145,7.20,5.40
2007.09.24 06:49:52.913,1.41131,1.41141,1.00,2.40
2007.09.24 06:49:53.137,1.41126,1.41141,20.40,3.00
2007.09.24 06:49:53.276,1.41126,1.41136,3.00,15.00
2007.09.24 06:49:53.360,1.41122,1.41137,2.40,11.40
2007.09.24 06:49:53.804,1.4112,1.41135,3.60,6.90
2007.09.24 06:49:54.491,1.4112,1.41135,6.60,3.60
2007.09.24 06:49:54.829,1.4112,1.41135,7.80,6.40
2007.09.24 06:49:54.894,1.41124,1.41134,9.00,1.00
2007.09.24 06:49:54.950,1.41123,1.41138,7.20,2.40
2007.09.24 06:49:55.068,1.41125,1.4114,10.80,6.00
2007.09.24 06:49:55.188,1.41126,1.41141,4.80,7.80
2007.09.24 06:49:57.085,1.4113,1.4114,10.80,2.40
2007.09.24 06:49:58.592,1.41134,1.41139,3.00,9.50
2007.09.24 06:49:58.781,1.41135,1.4114,9.60,4.20
2007.09.24 06:49:58.969,1.41135,1.4114,16.20,11.40
2007.09.24 06:49:59.153,1.41133,1.41138,2.40,7.20
2007.09.24 06:49:59.337,1.41132,1.41137,2.40,4.80
2007.09.24 06:49:59.521,1.41125,1.41135,1.20,2.40
2007.09.24 06:49:59.705,1.4112,1.4113,13.20,1.00
2007.09.24 06:49:59.889,1.41121,1.41125,2.40,11.70
2007.09.24 06:50:00.128,1.41146,1.4115,5.40,2.40
2007.09.24 06:50:00.324,1.41142,1.41147,3.00,1.00
2007.09.24 06:50:00.528,1.4113,1.4115,35.40,7.30
2007.09.24 06:50:00.724,1.41127,1.41147,7.80,10.90
2007.09.24 06:50:00.919,1.41126,1.41146,7.80,6.00
2007.09.24 06:50:01.116,1.41125,1.41145,5.40,2.40
2007.09.24 06:50:01.457,1.41126,1.41141,9.60,1.00
2007.09.24 06:50:01.795,1.41128,1.41138,6.60,4.20
2007.09.24 06:50:05.968,1.41131,1.41136,4.80,4.80
2007.09.24 06:50:06.237,1.4113,1.4114,8.50,4.80
2007.09.24 06:50:06.505,1.41132,1.41142,4.20,18.30
2007.09.24 06:50:06.771,1.41129,1.41144,3.00,7.20
2007.09.24 06:50:06.911,1.41129,1.41144,2.40,10.80
2007.09.24 06:50:07.436,1.41131,1.41141,2.40,9.40
2007.09.24 06:50:10.795,1.41125,1.41145,7.80,8.70
2007.09.24 06:50:11.035,1.41126,1.41141,5.70,7.20
2007.09.24 06:50:11.161,1.41127,1.41137,7.20,4.80
2007.09.24 06:50:11.284,1.41126,1.41136,2.40,4.20
2007.09.24 06:50:12.555,1.41129,1.41135,6.60,1.00
2007.09.24 06:50:13.076,1.41127,1.41137,15.00,7.20
2007.09.24 06:50:13.719,1.41122,1.41137,11.40,1.20
2007.09.24 06:50:13.799,1.4112,1.41136,13.80,6.10
2007.09.24 06:50:13.879,1.41116,1.41132,12.00,2.40
2007.09.24 06:50:13.960,1.41114,1.41124,15.90,6.00
2007.09.24 06:50:14.348,1.4111,1.4112,4.80,14.40
2007.09.24 06:50:19.132,1.41111,1.41121,2.40,1.00
2007.09.24 06:50:19.160,1.41117,1.41127,10.80,9.40
2007.09.24 06:50:19.187,1.41121,1.41131,2.40,12.00
2007.09.24 06:50:19.281,1.41122,1.41138,2.40,22.20
2007.09.24 06:50:19.306,1.41123,1.41137,2.40,9.30
2007.09.24 06:50:20.491,1.41129,1.41134,12.60,2.40
2007.09.24 06:50:21.739,1.41125,1.41141,2.40,1.00
2007.09.24 06:50:24.255,1.4113,1.4114,6.00,7.80
2007.09.24 06:50:24.440,1.41132,1.41138,1.00,7.20
2007.09.24 06:50:24.618,1.41133,1.41139,10.20,3.00
2007.09.24 06:50:24.792,1.41129,1.41143,9.00,4.80
2007.09.24 06:50:25.529,1.4113,1.4114,8.40,8.40
2007.09.24 06:50:25.813,1.41126,1.41141,4.80,12.00
2007.09.24 06:50:26.095,1.41122,1.41142,1.00,6.00
2007.09.24 06:50:26.323,1.41126,1.41141,3.60,2.40
2007.09.24 06:50:26.554,1.41127,1.41143,3.60,3.60
2007.09.24 06:50:29.104,1.41129,1.41139,10.20,3.10
2007.09.24 06:50:29.303,1.41129,1.41139,7.80,6.00
2007.09.24 06:50:29.700,1.41128,1.41143,6.80,4.80
2007.09.24 06:50:29.939,1.41129,1.41144,9.60,4.20
2007.09.24 06:50:30.415,1.41128,1.41148,3.60,2.40
2007.09.24 06:50:30.655,1.4113,1.4115,6.60,1.00
2007.09.24 06:50:30.897,1.41132,1.41152,2.40,5.40
2007.09.24 06:50:31.153,1.41136,1.41151,2.40,6.00
2007.09.24 06:50:35.257,1.41139,1.41149,8.40,4.20
2007.09.24 06:50:35.557,1.4114,1.4115,2.40,2.90
2007.09.24 06:50:35.841,1.41137,1.41147,5.40,12.00
2007.09.24 06:50:37.014,1.41135,1.41145,12.00,4.80
2007.09.24 06:50:37.213,1.41137,1.41142,7.80,1.20
2007.09.24 06:50:37.408,1.4114,1.41145,6.00,7.80
2007.09.24 06:50:37.668,1.41142,1.41158,8.40,2.40
2007.09.24 06:50:37.737,1.41144,1.4116,5.40,12.40
2007.09.24 06:50:37.803,1.41141,1.41156,11.40,6.00
2007.09.24 06:50:37.913,1.41136,1.41152,6.00,3.40
2007.09.24 06:50:40.315,1.41133,1.41147,4.80,29.50
2007.09.24 06:50:40.409,1.41129,1.41144,8.40,3.60
2007.09.24 06:50:40.491,1.41131,1.41141,3.00,7.80
2007.09.24 06:50:40.575,1.4113,1.4114,6.60,16.80
2007.09.24 06:50:40.915,1.4113,1.4114,21.60,4.80
2007.09.24 06:50:41.591,1.41127,1.41143,2.40,11.20
2007.09.24 06:50:42.051,1.41126,1.41141,15.00,4.80
2007.09.24 06:50:42.522,1.41127,1.41137,21.40,6.00
2007.09.24 06:50:42.643,1.41125,1.41139,20.60,2.40
2007.09.24 06:50:42.861,1.41123,1.41137,7.20,4.80
2007.09.24 06:50:44.817,1.41124,1.41134,13.80,4.80
2007.09.24 06:50:45.025,1.41123,1.41139,5.40,4.80
2007.09.24 06:50:45.232,1.41125,1.4114,12.90,5.40
2007.09.24 06:50:45.439,1.41127,1.41142,2.40,6.00
2007.09.24 06:50:45.647,1.41129,1.41144,1.00,4.80
2007.09.24 06:50:47.805,1.41128,1.41148,9.40,7.20
2007.09.24 06:50:48.128,1.4113,1.41145,7.20,12.60
2007.09.24 06:50:48.494,1.41129,1.41144,4.80,2.40
2007.09.24 06:50:48.874,1.41134,1.41139,22.80,1.20
2007.09.24 06:50:49.051,1.41133,1.41138,14.70,2.40
2007.09.24 06:50:49.231,1.41132,1.41142,8.40,2.70
2007.09.24 06:50:49.411,1.41135,1.4114,4.80,2.10
2007.09.24 06:50:49.594,1.41137,1.41142,4.20,13.80
2007.09.24 06:50:49.774,1.41136,1.41146,2.40,4.80
2007.09.24 06:50:50.729,1.41137,1.41147,8.40,5.40
2007.09.24 06:50:51.959,1.41138,1.41148,9.60,6.60
2007.09.24 06:50:52.087,1.41133,1.41148,9.60,3.00
2007.09.24 06:50:52.215,1.41128,1.41143,9.00,1.20
2007.09.24 06:50:52.343,1.4112,1.41135,2.40,6.00
2007.09.24 06:50:52.683,1.41117,1.41133,10.00,10.80
2007.09.24 06:51:01.926,1.41133,1.41143,16.80,4.80
2007.09.24 06:51:03.187,1.41134,1.41139,17.50,4.80
2007.09.24 06:51:03.656,1.41128,1.41143,4.80,16.20
2007.09.24 06:51:03.890,1.41127,1.41142,5.40,8.40
2007.09.24 06:51:05.165,1.41127,1.41142,6.00,1.00
2007.09.24 06:51:05.266,1.41126,1.41141,12.60,2.40
2007.09.24 06:51:05.387,1.41127,1.41137,2.40,8.70
2007.09.24 06:51:05.662,1.41128,1.41138,3.00,7.20
2007.09.24 06:51:07.071,1.41127,1.41137,9.60,2.80
2007.09.24 06:51:07.297,1.41123,1.41138,2.40,2.40
2007.09.24 06:51:07.534,1.41122,1.41137,2.40,6.60
2007.09.24 06:51:07.870,1.4112,1.4114,26.40,1.80
2007.09.24 06:51:08.210,1.41122,1.41142,3.60,7.90
2007.09.24 06:51:13.721,1.41127,1.41137,22.80,7.20
2007.09.24 06:51:14.003,1.41127,1.41137,2.40,4.80
2007.09.24 06:51:14.287,1.41127,1.41137,4.80,4.80
2007.09.24 06:51:15.922,1.41129,1.41134,10.80,1.20
2007.09.24 06:51:16.042,1.41128,1.41133,10.80,3.30
2007.09.24 06:51:16.152,1.41127,1.41132,14.40,24.60
2007.09.24 06:51:16.702,1.41123,1.41133,6.00,1.00
2007.09.24 06:51:16.899,1.41122,1.41137,2.40,4.80
2007.09.24 06:51:18.579,1.41123,1.41138,2.40,1.00
2007.09.24 06:51:18.862,1.41127,1.41142,8.40,6.00
2007.09.24 06:51:19.118,1.41133,1.41148,7.20,4.80
2007.09.24 06:51:19.374,1.41142,1.41157,10.20,7.80
2007.09.24 06:51:19.631,1.41155,1.41165,4.80,5.40
2007.09.24 06:51:19.946,1.41167,1.41177,1.80,6.00
2007.09.24 06:51:20.262,1.41175,1.4119,7.20,19.20
2007.09.24 06:51:20.580,1.41183,1.41188,4.80,4.80
2007.09.24 06:51:20.688,1.41172,1.41182,2.40,1.00
2007.09.24 06:51:20.796,1.41154,1.41174,10.20,7.80
2007.09.24 06:51:20.903,1.41147,1.41157,9.00,16.80
2007.09.24 06:51:21.010,1.41132,1.41152,5.40,6.10
2007.09.24 06:51:21.118,1.41121,1.41145,21.90,2.40
2007.09.24 06:51:21.540,1.41114,1.41139,1.80,3.60
2007.09.24 06:51:21.874,1.41117,1.41127,6.00,3.10
2007.09.24 06:51:22.222,1.41112,1.41128,12.60,2.40
2007.09.24 06:51:22.543,1.41113,1.41127,9.00,4.80
2007.09.24 06:51:22.914,1.41114,1.41124,1.00,2.40
2007.09.24 06:51:23.106,1.41116,1.41126,19.20,5.40
2007.09.24 06:51:25.064,1.41117,1.41127,10.00,4.80
2007.09.24 06:51:25.406,1.41119,1.41129,24.00,4.80
2007.09.24 06:51:25.488,1.41118,1.41133,3.00,4.80
2007.09.24 06:51:25.658,1.41118,1.41134,8.40,1.00
2007.09.24 06:51:25.989,1.4112,1.4113,10.20,5.40
2007.09.24 06:51:29.934,1.41119,1.41129,5.40,10.80
2007.09.24 06:51:30.035,1.41117,1.41131,4.80,9.00
2007.09.24 06:51:30.423,1.41118,1.41133,6.80,6.60
2007.09.24 06:51:30.738,1.41119,1.41134,5.40,11.40
2007.09.24 06:51:30.834,1.41123,1.41133,12.60,1.80
2007.09.24 06:51:31.111,1.41124,1.41134,11.00,26.40
2007.09.24 06:51:31.634,1.41126,1.41136,4.80,8.80
2007.09.24 06:51:31.810,1.41127,1.41137,9.00,4.80
2007.09.24 06:51:31.992,1.41129,1.41139,5.40,7.80
2007.09.24 06:51:32.334,1.4113,1.4114,7.80,4.80
2007.09.24 06:51:32.683,1.41129,1.41144,3.00,2.40
2007.09.24 06:51:33.023,1.41132,1.41142,1.00,8.80
2007.09.24 06:51:33.362,1.4113,1.4114,1.20,3.30
2007.09.24 06:51:33.703,1.41128,1.41138,16.80,1.80
2007.09.24 06:51:34.042,1.41128,1.41133,9.00,14.10
2007.09.24 06:51:34.194,1.41122,1.41132,10.20,5.40
2007.09.24 06:51:34.334,1.4112,1.4113,12.00,7.80
2007.09.24 06:51:34.611,1.41116,1.41131,4.80,6.00
2007.09.24 06:51:34.750,1.41115,1.4113,15.90,6.00
2007.09.24 06:51:35.038,1.41112,1.41127,8.40,4.20
2007.09.24 06:51:37.029,1.41112,1.41122,2.40,2.40
2007.09.24 06:51:37.470,1.41108,1.41118,13.20,5.60
2007.09.24 06:51:37.794,1.41103,1.41113,20.40,3.00
2007.09.24 06:51:38.690,1.41101,1.41106,3.00,9.90
2007.09.24 06:51:38.953,1.41094,1.41104,22.90,10.20
2007.09.24 06:51:39.213,1.41087,1.41102,2.40,3.00
2007.09.24 06:51:39.472,1.41081,1.41096,15.00,4.80
2007.09.24 06:51:40.544,1.4108,1.411,7.20,15.10
2007.09.24 06:51:40.687,1.41089,1.41109,1.80,4.80
2007.09.24 06:51:40.721,1.411,1.4112,12.60,2.40
2007.09.24 06:51:40.798,1.41112,1.41127,6.00,2.40
2007.09.24 06:51:40.908,1.41122,1.41132,8.40,12.60
2007.09.24 06:51:41.109,1.4113,1.4114,2.40,7.80
2007.09.24 06:51:42.216,1.41135,1.4114,7.20,9.00
2007.09.24 06:51:42.558,1.41137,1.41142,2.40,4.20
2007.09.24 06:51:42.727,1.41136,1.41146,7.80,3.60
2007.09.24 06:51:42.895,1.41135,1.41145,2.40,19.00
2007.09.24 06:51:43.075,1.41137,1.41141,6.60,3.00
2007.09.24 06:51:43.575,1.41133,1.41143,6.60,4.80
2007.09.24 06:51:43.928,1.41134,1.41139,3.60,8.40
2007.09.24 06:51:44.268,1.41136,1.4114,1.20,16.50
2007.09.24 06:51:44.606,1.41134,1.41144,3.00,9.90
2007.09.24 06:51:44.882,1.41135,1.41145,2.40,21.60
2007.09.24 06:51:45.160,1.41134,1.4115,8.40,1.80
2007.09.24 06:51:45.706,1.41136,1.41146,4.80,3.70
2007.09.24 06:51:45.981,1.41132,1.41147,9.00,2.40
2007.09.24 06:51:46.126,1.41134,1.41139,8.40,1.20
2007.09.24 06:51:46.274,1.41133,1.41137,2.40,2.40
2007.09.24 06:51:46.710,1.41127,1.41137,3.60,5.40
2007.09.24 06:51:47.371,1.41123,1.41138,6.00,13.90
2007.09.24 06:51:47.631,1.41127,1.41132,12.00,5.80
2007.09.24 06:51:47.890,1.41121,1.41136,4.80,28.00
2007.09.24 06:51:48.194,1.41125,1.4113,17.40,4.80
2007.09.24 06:51:48.498,1.41124,1.41129,19.50,7.90
2007.09.24 06:51:48.802,1.41121,1.41131,9.70,2.40
2007.09.24 06:51:49.109,1.41121,1.41131,7.20,13.30
2007.09.24 06:51:49.404,1.41123,1.41133,7.20,3.20
2007.09.24 06:51:49.562,1.41124,1.41134,9.00,4.80
2007.09.24 06:51:49.722,1.41126,1.41136,4.80,13.20
2007.09.24 06:51:49.885,1.41127,1.41137,9.00,6.00
2007.09.24 06:51:50.560,1.41126,1.41141,13.80,13.20
2007.09.24 06:51:50.900,1.41129,1.41139,16.00,5.40
2007.09.24 06:51:51.064,1.4113,1.4114,2.40,1.00
2007.09.24 06:51:51.146,1.41132,1.41142,2.40,5.40
2007.09.24 06:51:51.451,1.41131,1.41146,2.40,3.00
2007.09.24 06:51:51.534,1.4113,1.41145,17.60,1.20
2007.09.24 06:51:51.788,1.4113,1.41145,10.80,1.90
2007.09.24 06:51:52.211,1.41131,1.41141,5.10,8.10
2007.09.24 06:51:52.883,1.41128,1.41143,2.40,9.00
2007.09.24 06:51:53.715,1.41129,1.41144,9.00,12.90
2007.09.24 06:51:53.997,1.41135,1.4114,1.20,3.00
2007.09.24 06:51:54.882,1.41134,1.41144,2.40,15.10
2007.09.24 06:51:58.735,1.41132,1.41148,16.80,12.90
2007.09.24 06:52:01.518,1.41153,1.41157,13.80,6.60
2007.09.24 06:52:01.747,1.41146,1.41151,3.60,3.00
2007.09.24 06:52:02.087,1.41137,1.41147,6.00,6.00
2007.09.24 06:52:03.250,1.41136,1.41141,7.20,1.80
2007.09.24 06:52:04.387,1.41135,1.4114,2.40,8.40
2007.09.24 06:52:04.563,1.41135,1.4114,3.00,1.20
2007.09.24 06:52:04.744,1.41134,1.41144,19.20,10.20
2007.09.24 06:52:04.918,1.41138,1.41143,15.00,7.80
2007.09.24 06:52:05.274,1.41138,1.41143,12.00,4.80
2007.09.24 06:52:05.615,1.41139,1.41144,6.00,8.40
2007.09.24 06:52:05.951,1.41138,1.41148,12.00,5.40
2007.09.24 06:52:06.546,1.4114,1.4115,6.60,3.00
2007.09.24 06:52:06.802,1.41141,1.41151,3.00,4.20
2007.09.24 06:52:07.067,1.41144,1.41149,7.20,12.60
2007.09.24 06:52:07.323,1.41143,1.41148,8.40,2.20
2007.09.24 06:52:07.387,1.41139,1.41149,1.00,2.50
2007.09.24 06:52:07.678,1.4114,1.41145,11.40,2.40
2007.09.24 06:52:08.034,1.41139,1.41149,4.80,7.20
2007.09.24 06:52:08.812,1.41142,1.41147,3.60,17.20
2007.09.24 06:52:09.114,1.41141,1.41151,21.80,1.00
2007.09.24 06:52:09.420,1.41145,1.4115,4.80,1.00
2007.09.24 06:52:09.723,1.41145,1.4115,2.40,20.40
2007.09.24 06:52:09.785,1.41144,1.41149,1.00,8.40
2007.09.24 06:52:10.011,1.41144,1.41149,5.40,2.40
2007.09.24 06:52:10.298,1.41143,1.41147,5.40,3.60
2007.09.24 06:52:10.574,1.41142,1.41148,4.20,6.10
2007.09.24 06:52:10.851,1.41143,1.41148,8.40,1.00
2007.09.24 06:52:11.126,1.41139,1.41149,6.00,1.00
2007.09.24 06:52:11.700,1.4114,1.41145,9.00,26.40
2007.09.24 06:52:12.294,1.41139,1.41145,9.60,3.60
2007.09.24 06:52:12.354,1.41137,1.41147,1.00,16.70
2007.09.24 06:52:13.303,1.4114,1.41146,13.80,7.20
2007.09.24 06:52:13.590,1.4114,1.41146,4.80,5.00
2007.09.24 06:52:13.888,1.41137,1.41147,7.20,19.60
2007.09.24 06:52:14.175,1.41139,1.41144,2.40,10.30
2007.09.24 06:52:14.464,1.41138,1.41143,2.40,2.40
2007.09.24 06:52:14.999,1.41134,1.41144,2.40,2.40
2007.09.24 06:52:15.250,1.41135,1.41145,5.40,8.10
2007.09.24 06:52:15.514,1.41134,1.41149,10.20,2.40
2007.09.24 06:52:17.833,1.41139,1.41154,12.00,1.80
2007.09.24 06:52:18.074,1.41144,1.41164,7.20,3.00
2007.09.24 06:52:18.288,1.41156,1.41166,11.40,2.40
2007.09.24 06:52:20.014,1.41159,1.41169,3.60,18.00
2007.09.24 06:52:20.472,1.41154,1.41168,2.40,1.60
2007.09.24 06:52:21.468,1.41154,1.41164,2.40,23.70
2007.09.24 06:52:21.595,1.4115,1.4116,6.60,4.80
2007.09.24 06:52:21.910,1.41147,1.41157,6.00,2.40
2007.09.24 06:52:22.102,1.41146,1.41151,4.80,9.00
2007.09.24 06:52:22.222,1.41145,1.4115,2.40,12.40
2007.09.24 06:52:22.349,1.41141,1.41151,13.90,1.00
2007.09.24 06:52:22.471,1.41141,1.41151,10.80,4.10
2007.09.24 06:52:22.647,1.41141,1.41151,12.60,4.80
2007.09.24 06:52:22.822,1.41138,1.41153,8.40,2.70
2007.09.24 06:52:23.166,1.41142,1.41147,6.00,4.80
2007.09.24 06:52:23.342,1.4114,1.41146,2.40,11.20
2007.09.24 06:52:23.514,1.41139,1.41144,4.80,5.50
2007.09.24 06:52:23.751,1.41133,1.41148,10.20,6.00
2007.09.24 06:52:23.810,1.41134,1.41144,1.20,3.00
2007.09.24 06:52:24.107,1.41133,1.41143,10.20,4.80
2007.09.24 06:52:24.402,1.41129,1.41144,7.80,6.40
2007.09.24 06:52:24.698,1.4113,1.41145,4.80,1.80
2007.09.24 06:52:25.374,1.41132,1.41147,14.60,5.40
2007.09.24 06:52:25.714,1.41133,1.41143,3.60,3.20
2007.09.24 06:52:25.911,1.41131,1.41141,3.60,1.90
2007.09.24 06:52:26.108,1.41127,1.41142,7.80,16.90
2007.09.24 06:52:26.308,1.41123,1.41138,1.20,9.60
2007.09.24 06:52:26.696,1.41123,1.41138,14.40,2.40
2007.09.24 06:52:27.791,1.41122,1.41137,7.20,2.40
2007.09.24 06:52:27.978,1.41122,1.41137,3.00,14.50
2007.09.24 06:52:28.123,1.41123,1.41138,6.00,2.40
2007.09.24 06:52:28.268,1.41127,1.41137,4.80,1.20
2007.09.24 06:52:28.662,1.4113,1.41135,2.40,1.20
2007.09.24 06:52:28.734,1.41132,1.41137,4.80,9.60
2007.09.24 06:52:28.818,1.41133,1.41138,22.80,10.20
2007.09.24 06:52:29.146,1.4113,1.4114,15.00,4.80
2007.09.24 06:52:29.470,1.41131,1.41136,19.80,4.80
2007.09.24 06:52:29.925,1.4113,1.41134,2.40,1.00
2007.09.24 06:52:30.859,1.41128,1.41133,5.40,5.40
2007.09.24 06:52:31.142,1.41128,1.41133,4.80,6.20
2007.09.24 06:52:31.214,1.4113,1.41135,1.00,7.20
2007.09.24 06:52:31.548,1.41131,1.41136,13.00,2.40
2007.09.24 06:52:31.610,1.41133,1.41138,10.80,16.80
2007.09.24 06:52:31.992,1.41133,1.41143,9.00,4.80
2007.09.24 06:52:32.646,1.41135,1.41145,20.60,2.40
2007.09.24 06:52:32.993,1.4114,1.41144,7.80,8.00
2007.09.24 06:52:33.898,1.41137,1.41147,19.20,4.80
2007.09.24 06:52:34.581,1.41142,1.41146,12.00,6.60
2007.09.24 06:52:35.743,1.41138,1.41152,6.00,6.00
2007.09.24 06:52:36.034,1.4114,1.41154,3.00,2.40
2007.09.24 06:52:36.182,1.4114,1.41156,3.00,2.40
2007.09.24 06:52:39.065,1.41147,1.41151,5.20,7.20
2007.09.24 06:52:39.510,1.41145,1.41155,1.00,2.40
2007.09.24 06:52:39.714,1.41144,1.41154,20.50,9.00
2007.09.24 06:52:39.914,1.41142,1.41152,32.70,2.50
2007.09.24 06:52:42.627,1.41143,1.41149,5.40,1.20
2007.09.24 06:52:42.770,1.41142,1.41146,1.00,4.80
2007.09.24 06:52:43.057,1.4114,1.41144,8.40,1.20
2007.09.24 06:52:43.198,1.41135,1.41145,9.00,16.80
2007.09.24 06:52:43.534,1.41131,1.41146,5.40,2.40
2007.09.24 06:52:43.871,1.41132,1.41142,2.40,6.00
2007.09.24 06:52:44.782,1.41129,1.41143,6.00,2.40
2007.09.24 06:52:45.206,1.41133,1.41137,9.00,2.40
2007.09.24 06:52:45.422,1.41131,1.41136,21.60,6.00
2007.09.24 06:52:45.682,1.41129,1.41133,25.80,12.00
2007.09.24 06:52:45.946,1.41122,1.41132,3.00,7.20
2007.09.24 06:52:46.210,1.4112,1.41124,2.40,6.00
2007.09.24 06:52:46.471,1.41111,1.41126,3.00,2.40
2007.09.24 06:52:46.815,1.41108,1.41124,15.20,6.60
2007.09.24 06:52:47.159,1.41108,1.41128,2.40,2.40
2007.09.24 06:52:47.339,1.41115,1.4113,6.00,4.80
2007.09.24 06:52:47.471,1.41119,1.41134,4.80,1.67
2007.09.24 06:52:47.602,1.41123,1.41138,1.00,4.80
2007.09.24 06:52:49.066,1.41127,1.41137,6.60,4.80
2007.09.24 06:52:50.983,1.41128,1.41138,19.20,4.80
2007.09.24 06:52:51.454,1.41129,1.41139,2.40,3.00
2007.09.24 06:52:52.158,1.41128,1.41138,7.20,13.20
2007.09.24 06:52:52.258,1.41124,1.41139,3.00,16.90
2007.09.24 06:52:52.472,1.41125,1.41135,7.80,3.00
2007.09.24 06:52:52.574,1.41123,1.41138,16.80,7.80
2007.09.24 06:52:54.337,1.41128,1.41138,4.80,1.20
2007.09.24 06:52:54.475,1.4113,1.4114,3.00,2.40
2007.09.24 06:52:54.614,1.41132,1.41142,3.00,2.70
2007.09.24 06:52:54.754,1.41137,1.41147,13.80,4.80
2007.09.24 06:52:55.052,1.41138,1.41148,7.20,4.80
2007.09.24 06:52:55.351,1.4114,1.4115,10.80,6.60
2007.09.24 06:52:55.947,1.41141,1.41151,6.00,2.40
2007.09.24 06:52:56.142,1.41141,1.41151,4.80,1.00
2007.09.24 06:52:56.338,1.4114,1.41155,16.50,2.40
2007.09.24 06:52:56.535,1.41142,1.41157,14.40,9.00
2007.09.24 06:52:56.734,1.41145,1.41155,1.00,4.80
2007.09.24 06:52:56.930,1.41141,1.41156,9.00,1.00
2007.09.24 06:52:57.106,1.41145,1.4115,4.20,1.80
2007.09.24 06:52:57.282,1.41144,1.41149,20.50,9.00
2007.09.24 06:52:57.462,1.41145,1.4115,24.00,6.00
2007.09.24 06:52:57.642,1.41144,1.41154,7.20,11.50
2007.09.24 06:52:57.818,1.41144,1.41159,10.20,6.00
2007.09.24 06:52:57.998,1.4115,1.4116,21.00,13.80
2007.09.24 06:52:58.358,1.41152,1.41162,3.00,1.00
2007.09.24 06:53:00.964,1.41135,1.41145,10.20,5.40
2007.09.24 06:53:01.264,1.41139,1.41144,13.90,7.80
2007.09.24 06:53:01.323,1.4114,1.41145,14.00,2.40
2007.09.24 06:53:01.384,1.41139,1.41149,3.00,11.40
2007.09.24 06:53:01.688,1.41143,1.41148,12.60,14.40
2007.09.24 06:53:01.900,1.41137,1.41157,1.00,3.00
2007.09.24 06:53:02.052,1.41139,1.41159,6.00,7.20
2007.09.24 06:53:02.204,1.4114,1.4116,3.90,14.10
2007.09.24 06:53:02.356,1.4114,1.4116,1.00,4.20
2007.09.24 06:53:04.981,1.41144,1.41159,7.20,9.90
2007.09.24 06:53:05.546,1.41145,1.41161,6.00,4.80
2007.09.24 06:53:05.623,1.41151,1.41156,1.20,4.20
2007.09.24 06:53:05.659,1.41152,1.41157,7.20,6.30
2007.09.24 06:53:05.696,1.41151,1.41156,1.80,4.00
2007.09.24 06:53:05.791,1.4115,1.41155,4.20,10.80
2007.09.24 06:53:05.864,1.4115,1.41155,7.20,7.20
2007.09.24 06:53:06.206,1.41149,1.41154,7.80,4.80
2007.09.24 06:53:06.505,1.41145,1.41155,3.60,2.40
2007.09.24 06:53:06.806,1.41142,1.41157,7.80,2.40
2007.09.24 06:53:08.445,1.41142,1.41157,4.80,2.40
2007.09.24 06:53:08.724,1.4114,1.41156,1.00,2.50
2007.09.24 06:53:09.096,1.41139,1.41154,4.80,7.20
2007.09.24 06:53:10.599,1.41142,1.41152,2.50,9.60
2007.09.24 06:53:10.651,1.41145,1.4115,5.40,1.00
2007.09.24 06:53:10.668,1.41146,1.41151,1.20,2.40
2007.09.24 06:53:10.725,1.41148,1.41152,6.30,1.90
2007.09.24 06:53:10.834,1.41147,1.41157,4.80,3.30
2007.09.24 06:53:10.874,1.41149,1.41159,3.00,7.20
2007.09.24 06:53:10.942,1.41152,1.41162,7.80,7.60
2007.09.24 06:53:11.011,1.41151,1.41165,6.00,6.00
2007.09.24 06:53:11.112,1.41151,1.41165,2.40,11.20
2007.09.24 06:53:11.163,1.41153,1.41163,4.80,18.10
2007.09.24 06:53:11.235,1.4115,1.4116,24.60,8.40
2007.09.24 06:53:11.319,1.41149,1.41159,4.80,15.00
2007.09.24 06:53:11.424,1.41145,1.41155,1.20,4.80
2007.09.24 06:53:11.717,1.41138,1.41153,14.60,5.40
2007.09.24 06:53:12.058,1.41138,1.41148,4.80,3.00
2007.09.24 06:53:12.416,1.41131,1.41146,4.80,2.40
2007.09.24 06:53:12.755,1.41125,1.4114,3.60,7.90
2007.09.24 06:53:13.010,1.41121,1.41136,7.20,6.10
2007.09.24 06:53:14.476,1.41118,1.41134,3.00,8.40
2007.09.24 06:53:14.925,1.41124,1.41138,10.80,4.80
2007.09.24 06:53:15.040,1.41127,1.41143,2.40,4.80
2007.09.24 06:53:15.264,1.41132,1.41147,13.20,1.00
2007.09.24 06:53:15.376,1.41135,1.41151,3.60,2.40
2007.09.24 06:53:15.587,1.4114,1.41154,4.80,3.00
2007.09.24 06:53:16.196,1.41141,1.41156,4.20,2.40
2007.09.24 06:53:17.240,1.41145,1.41155,22.80,1.20
2007.09.24 06:53:17.332,1.41144,1.41154,2.40,18.90
2007.09.24 06:53:17.425,1.41145,1.41151,2.40,1.00
2007.09.24 06:53:17.616,1.41142,1.41157,8.40,4.80
2007.09.24 06:53:17.724,1.41143,1.41158,6.60,1.00
2007.09.24 06:53:17.806,1.41144,1.41159,6.00,4.50
2007.09.24 06:53:18.237,1.41147,1.41162,5.40,2.40
2007.09.24 06:53:18.574,1.41147,1.41162,3.60,12.90
2007.09.24 06:53:19.393,1.4115,1.4116,2.40,3.00
2007.09.24 06:53:19.726,1.41149,1.41159,2.40,6.00
2007.09.24 06:53:20.061,1.4115,1.41155,10.00,6.00
2007.09.24 06:53:20.145,1.41141,1.41155,14.40,2.40
2007.09.24 06:53:20.548,1.4114,1.41155,7.20,12.70
2007.09.24 06:53:20.628,1.41139,1.41154,9.60,4.20
2007.09.24 06:53:20.822,1.41137,1.41152,3.00,3.00
2007.09.24 06:53:21.224,1.41138,1.41153,1.00,8.80
2007.09.24 06:53:23.028,1.41141,1.41151,10.20,5.40
2007.09.24 06:53:23.169,1.41141,1.41151,6.60,2.40
2007.09.24 06:53:23.420,1.41137,1.41152,6.60,8.40
2007.09.24 06:53:24.056,1.41136,1.41151,6.00,2.40
2007.09.24 06:53:24.744,1.41137,1.41152,9.00,4.80
2007.09.24 06:53:25.830,1.41141,1.41151,2.40,9.00
2007.09.24 06:53:25.974,1.41141,1.41151,6.00,6.00
2007.09.24 06:53:26.117,1.41137,1.41152,1.20,10.20
2007.09.24 06:53:26.399,1.41136,1.41151,11.40,3.00
2007.09.24 06:53:26.538,1.41138,1.41148,4.80,8.40
2007.09.24 06:53:26.640,1.41139,1.41149,10.80,7.50
2007.09.24 06:53:26.840,1.41137,1.41153,7.80,6.00
2007.09.24 06:53:27.154,1.41144,1.41149,6.90,1.80
2007.09.24 06:53:27.403,1.41143,1.41153,2.40,1.00
2007.09.24 06:53:27.504,1.41146,1.41151,13.20,2.40
2007.09.24 06:53:27.606,1.41145,1.41149,7.20,3.60
2007.09.24 06:53:27.846,1.41142,1.41147,9.00,4.80
2007.09.24 06:53:28.087,1.4114,1.41146,3.60,6.00
2007.09.24 06:53:28.325,1.41138,1.41143,7.20,5.40
2007.09.24 06:53:28.804,1.41138,1.41143,7.80,3.60
2007.09.24 06:53:29.141,1.41137,1.41142,11.40,13.20
2007.09.24 06:53:29.484,1.4113,1.41146,3.00,3.00
2007.09.24 06:53:29.825,1.41135,1.4114,8.40,34.20
2007.09.24 06:53:29.914,1.41136,1.41142,1.20,12.70
2007.09.24 06:53:30.003,1.41134,1.41149,4.80,9.00
2007.09.24 06:53:30.182,1.41138,1.41148,2.40,1.00
2007.09.24 06:53:30.360,1.4114,1.4115,2.40,6.00
2007.09.24 06:53:31.077,1.4114,1.41154,1.00,8.40
2007.09.24 06:53:32.239,1.41148,1.41158,4.80,8.50
2007.09.24 06:53:34.898,1.41159,1.41163,8.40,7.80
2007.09.24 06:53:34.956,1.41167,1.41171,2.40,10.20
2007.09.24 06:53:35.499,1.41167,1.41177,8.40,2.40
2007.09.24 06:53:36.106,1.41166,1.41171,3.00,6.00
2007.09.24 06:53:36.307,1.41159,1.41169,4.80,4.80
2007.09.24 06:53:38.002,1.41152,1.41167,11.40,1.20
2007.09.24 06:53:38.055,1.41148,1.41164,2.40,5.40
2007.09.24 06:53:39.725,1.41152,1.41156,7.20,7.20
2007.09.24 06:53:39.945,1.41148,1.41153,6.00,12.00
2007.09.24 06:53:40.162,1.41143,1.41158,15.60,7.20
2007.09.24 06:53:40.319,1.41144,1.41154,16.20,4.80
2007.09.24 06:53:40.472,1.41145,1.41155,1.20,2.70
2007.09.24 06:53:40.623,1.41148,1.41158,2.40,14.70
2007.09.24 06:53:41.128,1.41152,1.41157,9.60,2.40
2007.09.24 06:53:41.307,1.41154,1.41159,2.40,12.60
2007.09.24 06:53:41.487,1.41155,1.4116,4.80,17.20
2007.09.24 06:53:41.668,1.41155,1.4116,20.50,9.00
2007.09.24 06:53:41.848,1.4115,1.41165,6.00,5.40
2007.09.24 06:53:42.028,1.41151,1.41161,3.00,2.70
2007.09.24 06:53:42.207,1.4115,1.4116,10.80,10.90
2007.09.24 06:53:42.760,1.4115,1.41155,0.75,4.80
2007.09.24 06:53:43.312,1.41148,1.41153,2.40,6.00
2007.09.24 06:53:43.648,1.41143,1.41148,7.80,9.00
2007.09.24 06:53:48.643,1.41139,1.41144,6.60,3.00
2007.09.24 06:53:48.956,1.41134,1.41144,1.20,3.00
2007.09.24 06:53:49.268,1.4113,1.41145,4.80,6.00
2007.09.24 06:53:49.580,1.41129,1.41144,2.40,2.40
2007.09.24 06:53:50.052,1.4113,1.4114,7.20,12.60
2007.09.24 06:53:50.356,1.41128,1.41138,7.80,22.80
2007.09.24 06:53:50.731,1.4113,1.41135,10.20,2.40
2007.09.24 06:53:50.956,1.41129,1.41134,2.40,13.60
2007.09.24 06:53:51.182,1.41129,1.41134,4.80,4.80
2007.09.24 06:53:51.613,1.41131,1.41136,1.20,1.80
2007.09.24 06:53:52.228,1.41133,1.41138,3.60,7.20
2007.09.24 06:53:52.755,1.41132,1.41142,10.80,7.50
2007.09.24 06:53:53.068,1.41136,1.41141,13.80,7.60
2007.09.24 06:53:53.387,1.41138,1.41143,6.60,6.10
2007.09.24 06:53:53.612,1.41137,1.41152,2.40,9.00
2007.09.24 06:53:53.701,1.41144,1.41154,4.20,5.20
2007.09.24 06:53:53.977,1.41149,1.41159,4.80,2.40
2007.09.24 06:53:54.551,1.41155,1.41159,12.60,4.80
2007.09.24 06:54:03.339,1.41146,1.4116,4.80,2.40
2007.09.24 06:54:05.843,1.41152,1.41162,14.70,7.20
2007.09.24 06:54:05.888,1.41153,1.41168,2.40,15.60
2007.09.24 06:54:05.932,1.41157,1.41172,2.40,2.80
2007.09.24 06:54:05.976,1.41159,1.41174,10.60,5.80
2007.09.24 06:54:06.312,1.4116,1.41175,5.40,11.40
2007.09.24 06:54:06.647,1.41164,1.41174,5.40,8.40
2007.09.24 06:54:08.988,1.41162,1.41177,2.40,1.00
2007.09.24 06:54:09.251,1.41166,1.41171,7.20,23.20
2007.09.24 06:54:09.372,1.4116,1.41175,3.00,16.00
2007.09.24 06:54:09.886,1.41163,1.41168,4.80,7.20
2007.09.24 06:54:10.521,1.4116,1.41165,6.60,10.80
2007.09.24 06:54:12.880,1.41157,1.41162,4.80,9.70
2007.09.24 06:54:13.196,1.41153,1.41163,10.20,4.20
2007.09.24 06:54:13.508,1.41151,1.41161,3.00,7.20
2007.09.24 06:54:14.027,1.4115,1.4116,15.60,10.80
2007.09.24 06:54:18.606,1.41148,1.41158,3.00,6.10
2007.09.24 06:54:18.946,1.41149,1.41159,9.00,5.40
2007.09.24 06:54:19.285,1.41148,1.41163,6.00,2.40
2007.09.24 06:54:19.869,1.41152,1.41162,5.40,3.00
2007.09.24 06:54:20.113,1.41155,1.41171,7.80,5.40
2007.09.24 06:54:20.357,1.4116,1.41175,2.40,12.60
2007.09.24 06:54:20.600,1.41167,1.41177,7.20,4.80
2007.09.24 06:54:20.791,1.41169,1.41184,1.80,4.80
2007.09.24 06:54:20.985,1.41176,1.41186,2.40,5.40
2007.09.24 06:54:21.952,1.41181,1.41191,1.80,2.40
2007.09.24 06:54:22.656,1.41186,1.41196,8.40,4.80
2007.09.24 06:54:22.800,1.41192,1.41196,5.40,15.40
2007.09.24 06:54:23.522,1.41186,1.4119,1.20,18.10
2007.09.24 06:54:23.765,1.41177,1.41187,7.20,2.40
2007.09.24 06:54:23.948,1.41172,1.41182,7.80,7.20
2007.09.24 06:54:29.210,1.41169,1.41175,11.40,3.00
2007.09.24 06:54:29.465,1.41166,1.41172,2.40,15.40
2007.09.24 06:54:29.720,1.41162,1.41172,3.00,8.40
2007.09.24 06:54:29.980,1.41161,1.41171,4.80,1.20
2007.09.24 06:54:30.232,1.4116,1.4117,15.00,1.00
2007.09.24 06:54:30.413,1.41158,1.41168,2.40,7.80
2007.09.24 06:54:30.592,1.41157,1.41167,11.40,10.20
2007.09.24 06:54:30.778,1.41153,1.41168,12.60,8.40
2007.09.24 06:54:32.748,1.41157,1.41162,7.20,15.10
2007.09.24 06:54:32.932,1.41159,1.41164,33.00,4.20
2007.09.24 06:54:33.116,1.4116,1.41165,3.60,12.00
2007.09.24 06:54:33.304,1.4116,1.41165,13.20,1.00
2007.09.24 06:54:33.455,1.41149,1.41174,5.40,6.10
2007.09.24 06:54:33.607,1.41149,1.41174,21.00,5.40
2007.09.24 06:54:33.911,1.4115,1.41175,2.40,16.80
2007.09.24 06:54:34.367,1.41151,1.41176,2.40,18.60
2007.09.24 06:54:34.519,1.41155,1.41175,9.60,20.70
2007.09.24 06:54:34.857,1.41159,1.41174,10.00,1.00
2007.09.24 06:54:35.196,1.4116,1.41175,12.60,1.20
2007.09.24 06:54:36.165,1.4116,1.41175,2.40,2.40
2007.09.24 06:54:36.291,1.41161,1.41176,1.00,4.80
2007.09.24 06:54:36.417,1.4116,1.41175,1.00,4.80
2007.09.24 06:54:36.546,1.41159,1.41174,4.80,6.00
2007.09.24 06:54:37.038,1.41163,1.41168,3.60,18.00
2007.09.24 06:54:37.519,1.41159,1.41169,7.30,1.00
2007.09.24 06:54:37.855,1.41158,1.41168,4.80,3.00
2007.09.24 06:54:38.192,1.41157,1.41167,2.40,6.00
2007.09.24 06:54:38.528,1.41157,1.41167,2.40,4.80
2007.09.24 06:54:38.793,1.41161,1.41165,19.50,8.10
2007.09.24 06:54:39.060,1.41159,1.41169,1.00,2.40
2007.09.24 06:54:39.888,1.4116,1.4117,9.00,2.40
2007.09.24 06:54:40.198,1.41163,1.41168,4.80,3.60
2007.09.24 06:54:40.365,1.41159,1.41169,15.60,9.00
2007.09.24 06:54:40.497,1.41153,1.41163,10.80,10.90
2007.09.24 06:54:40.796,1.41145,1.41155,4.80,8.40
2007.09.24 06:54:41.020,1.41137,1.41147,12.00,6.90
2007.09.24 06:54:41.251,1.4113,1.41146,4.80,3.60
2007.09.24 06:54:41.700,1.41135,1.41145,2.40,11.40
2007.09.24 06:54:41.941,1.41143,1.41149,10.80,1.20
2007.09.24 06:54:42.143,1.41147,1.41157,2.40,6.00
2007.09.24 06:54:42.902,1.41148,1.41164,10.20,1.20
2007.09.24 06:54:43.206,1.41151,1.41167,4.80,7.20
2007.09.24 06:54:43.543,1.41156,1.41166,2.40,1.20
2007.09.24 06:54:45.268,1.41156,1.41166,4.80,9.00
2007.09.24 06:54:45.461,1.41152,1.41167,6.00,7.90
2007.09.24 06:54:45.656,1.41153,1.41163,4.80,3.00
2007.09.24 06:54:46.051,1.41149,1.41164,8.40,6.00
2007.09.24 06:54:46.665,1.41145,1.41165,6.00,4.80
2007.09.24 06:54:46.896,1.41147,1.41162,2.40,12.40
2007.09.24 06:54:49.561,1.41151,1.41161,10.80,6.60
2007.09.24 06:54:49.989,1.41152,1.41162,7.20,12.60
2007.09.24 06:54:50.180,1.41154,1.41164,5.40,2.40
2007.09.24 06:54:52.670,1.41152,1.41168,19.30,7.20
2007.09.24 06:54:53.568,1.41154,1.41169,20.60,2.40
2007.09.24 06:54:53.871,1.41157,1.41172,9.60,3.60
2007.09.24 06:54:54.174,1.41162,1.41172,8.80,8.40
2007.09.24 06:54:54.842,1.41164,1.41174,2.40,12.60
2007.09.24 06:54:57.746,1.41165,1.41175,5.40,2.40
2007.09.24 06:54:59.211,1.41164,1.41179,4.80,3.00
2007.09.24 06:54:59.489,1.41171,1.41181,6.00,3.40
2007.09.24 06:54:59.774,1.41173,1.41183,3.00,6.00
2007.09.24 06:55:11.327,1.4116,1.4118,2.40,8.50
2007.09.24 06:55:31.972,1.41158,1.41163,16.20,17.40
2007.09.24 06:55:32.294,1.41163,1.41167,3.00,5.40
2007.09.24 06:55:40.386,1.41181,1.41191,16.20,4.80
2007.09.24 06:55:41.140,1.41197,1.41207,9.00,13.30
2007.09.24 06:55:41.908,1.41195,1.41209,1.80,2.70
2007.09.24 06:55:45.040,1.41195,1.412,2.40,2.40
2007.09.24 06:55:49.338,1.41191,1.41197,9.60,11.40
2007.09.24 06:56:04.180,1.41209,1.41219,2.40,6.00
2007.09.24 06:56:04.523,1.41198,1.41213,7.50,5.40
2007.09.24 06:56:04.864,1.41188,1.41208,12.00,5.80
2007.09.24 06:56:05.204,1.41184,1.41199,7.20,7.80
2007.09.24 06:56:05.431,1.41179,1.41194,1.00,2.40
2007.09.24 06:56:05.659,1.41174,1.41189,7.20,6.60
2007.09.24 06:56:06.155,1.41174,1.41184,4.80,13.30
2007.09.24 06:56:08.202,1.41171,1.41186,22.90,10.20
2007.09.24 06:56:08.857,1.41172,1.41182,10.20,1.20
2007.09.24 06:56:08.908,1.41174,1.41184,4.80,7.20
2007.09.24 06:56:09.033,1.41176,1.41186,10.20,7.80
2007.09.24 06:56:09.147,1.4118,1.41185,1.20,2.40
2007.09.24 06:56:09.315,1.41176,1.41186,1.20,7.20
2007.09.24 06:56:09.914,1.41174,1.41184,11.40,7.20
2007.09.24 06:56:11.771,1.41175,1.4118,1.00,1.00
2007.09.24 06:56:12.091,1.41172,1.41182,8.40,6.90
2007.09.24 06:56:12.252,1.41174,1.41179,2.40,4.80
2007.09.24 06:56:12.338,1.41175,1.4118,4.80,9.60
2007.09.24 06:56:12.420,1.41174,1.41184,2.40,17.70
2007.09.24 06:56:12.503,1.41176,1.41186,4.80,10.90
2007.09.24 06:56:12.584,1.41177,1.41192,15.00,9.00
2007.09.24 06:56:12.872,1.41177,1.41192,7.80,3.00
2007.09.24 06:56:13.165,1.41181,1.41191,8.40,2.40
2007.09.24 06:56:13.467,1.41184,1.41189,6.00,1.20
2007.09.24 06:56:13.755,1.4118,1.4119,1.20,7.00
2007.09.24 06:56:13.955,1.41178,1.41193,5.00,2.40
2007.09.24 06:56:14.168,1.41183,1.41193,17.50,4.80
2007.09.24 06:56:14.367,1.41183,1.41198,4.80,7.30
2007.09.24 06:56:14.567,1.41188,1.41203,6.00,7.80
2007.09.24 06:56:15.275,1.41196,1.41201,10.20,3.00
2007.09.24 06:56:15.447,1.41195,1.41205,27.60,4.80
2007.09.24 06:56:15.788,1.41193,1.41208,12.00,4.80
2007.09.24 06:56:16.015,1.41191,1.41207,9.00,13.30
2007.09.24 06:56:17.267,1.4119,1.41205,13.80,10.80
2007.09.24 06:56:17.608,1.41189,1.41199,4.20,1.00
2007.09.24 06:56:17.947,1.4119,1.41194,7.20,5.40
2007.09.24 06:56:18.107,1.41184,1.41198,4.80,8.40
2007.09.24 06:56:20.807,1.41188,1.41192,4.20,4.00
2007.09.24 06:56:21.056,1.41182,1.41188,3.60,2.40
2007.09.24 06:56:21.159,1.41176,1.41186,10.20,3.60
2007.09.24 06:56:21.680,1.41167,1.41187,12.00,1.20
2007.09.24 06:56:21.783,1.41163,1.41183,8.50,4.80
2007.09.24 06:56:23.236,1.41167,1.41177,4.80,4.80
2007.09.24 06:56:23.396,1.41167,1.41177,11.40,1.00
2007.09.24 06:56:23.570,1.41164,1.41178,4.80,7.20
2007.09.24 06:56:23.717,1.41164,1.41179,5.40,15.00
2007.09.24 06:56:23.879,1.41166,1.41181,4.20,2.40
2007.09.24 06:56:24.039,1.41171,1.41181,2.40,11.70
2007.09.24 06:56:24.200,1.41174,1.41184,10.20,10.50
2007.09.24 06:56:24.483,1.41173,1.41193,5.40,2.10
2007.09.24 06:56:24.767,1.41181,1.41195,36.00,13.80
2007.09.24 06:56:25.335,1.41181,1.41196,3.60,12.10
2007.09.24 06:56:26.711,1.41181,1.41197,3.00,11.80
2007.09.24 06:56:26.889,1.4118,1.41195,7.20,1.20
2007.09.24 06:56:26.968,1.41178,1.41193,2.40,2.40
2007.09.24 06:56:27.043,1.41174,1.41189,6.00,5.20
2007.09.24 06:56:27.196,1.41166,1.41186,2.40,8.30
2007.09.24 06:56:27.501,1.41167,1.41171,13.60,15.40
2007.09.24 06:56:27.553,1.41151,1.41171,2.40,10.60
2007.09.24 06:56:27.755,1.41147,1.41167,2.40,9.00
2007.09.24 06:56:27.848,1.41151,1.41165,6.90,1.20
2007.09.24 06:56:29.339,1.41155,1.4117,22.80,3.00
2007.09.24 06:56:29.544,1.41154,1.41174,4.20,4.80
2007.09.24 06:56:30.103,1.41155,1.41175,5.40,2.40
2007.09.24 06:56:30.398,1.41159,1.41174,8.40,4.80
2007.09.24 06:56:30.521,1.41159,1.41174,2.40,9.40
2007.09.24 06:56:32.701,1.41163,1.41173,4.80,4.00
2007.09.24 06:56:32.775,1.41164,1.41174,4.80,2.40
2007.09.24 06:56:33.127,1.4116,1.41175,6.60,8.40
2007.09.24 06:56:33.191,1.41161,1.41176,10.20,5.40
2007.09.24 06:56:33.235,1.41162,1.41177,6.00,8.40
2007.09.24 06:56:33.279,1.41163,1.41178,10.20,12.40
2007.09.24 06:56:33.463,1.41166,1.41181,13.60,2.40
2007.09.24 06:56:33.551,1.41167,1.41182,8.40,2.50
2007.09.24 06:56:33.887,1.4117,1.4118,5.40,11.40
2007.09.24 06:56:34.223,1.41169,1.41184,17.40,2.40
2007.09.24 06:56:34.559,1.41171,1.41186,2.40,2.40
2007.09.24 06:56:34.899,1.41175,1.41185,4.80,2.40
2007.09.24 06:56:35.579,1.41174,1.41189,3.00,6.40
2007.09.24 06:56:35.974,1.41177,1.41193,1.20,2.40
2007.09.24 06:56:36.171,1.41184,1.41194,4.80,4.80
2007.09.24 06:56:38.249,1.41186,1.41196,9.00,19.20
2007.09.24 06:56:40.243,1.41184,1.41198,1.20,2.40
2007.09.24 06:56:40.333,1.41184,1.41199,24.00,8.40
2007.09.24 06:56:40.601,1.41185,1.41195,10.80,5.40
2007.09.24 06:56:40.753,1.41181,1.41197,1.00,8.40
2007.09.24 06:56:41.095,1.41178,1.41194,2.40,1.00
2007.09.24 06:56:42.994,1.41177,1.41192,24.60,6.00
2007.09.24 06:56:43.201,1.41176,1.41191,22.20,4.80
2007.09.24 06:56:43.304,1.41178,1.41188,1.00,11.60
2007.09.24 06:56:43.607,1.41176,1.41191,6.00,4.20
2007.09.24 06:56:43.815,1.41174,1.4119,10.20,2.40
2007.09.24 06:56:43.915,1.41172,1.41188,5.40,8.70
2007.09.24 06:56:44.695,1.41171,1.41186,5.40,3.60
2007.09.24 06:56:45.035,1.41175,1.41179,5.40,2.40
2007.09.24 06:56:45.203,1.41173,1.41178,1.20,3.00
2007.09.24 06:56:45.371,1.41172,1.41177,40.50,3.60
2007.09.24 06:56:45.540,1.41167,1.41182,6.60,1.00
2007.09.24 06:56:45.707,1.41168,1.41178,15.60,7.20
2007.09.24 06:56:45.875,1.41167,1.41177,7.20,4.80
2007.09.24 06:56:46.044,1.41166,1.41176,10.80,4.80
2007.09.24 06:56:46.319,1.41162,1.41177,2.40,14.40
2007.09.24 06:56:46.595,1.41165,1.41179,6.00,4.20
2007.09.24 06:56:47.165,1.41165,1.41181,21.00,14.40
2007.09.24 06:56:47.507,1.41172,1.41177,6.00,2.40
2007.09.24 06:56:47.847,1.41172,1.41182,3.00,2.40
2007.09.24 06:56:48.187,1.41175,1.41185,13.80,5.40
2007.09.24 06:56:48.371,1.41173,1.41188,2.40,1.20
2007.09.24 06:56:48.630,1.41174,1.41189,2.40,1.20
2007.09.24 06:56:48.816,1.41176,1.41186,1.20,4.20
2007.09.24 06:56:49.000,1.41175,1.41185,4.80,8.40
2007.09.24 06:56:50.640,1.41176,1.41181,2.40,4.80
2007.09.24 06:56:50.758,1.41174,1.41179,12.60,9.60
2007.09.24 06:56:50.863,1.41173,1.41178,2.40,1.20
2007.09.24 06:56:50.971,1.41171,1.41181,13.60,2.40
2007.09.24 06:56:51.296,1.4117,1.4118,1.00,2.80
2007.09.24 06:56:51.517,1.4117,1.4118,4.20,12.70
2007.09.24 06:56:52.543,1.41168,1.41178,2.40,7.20
2007.09.24 06:56:52.627,1.41171,1.41181,10.80,3.30
2007.09.24 06:56:52.963,1.4117,1.41185,13.20,4.80
2007.09.24 06:56:53.054,1.41173,1.41188,9.60,1.00
2007.09.24 06:56:53.139,1.4118,1.4119,1.00,4.80
2007.09.24 06:56:53.391,1.41178,1.41193,9.60,2.40
2007.09.24 06:56:53.479,1.41177,1.41192,20.60,2.40
2007.09.24 06:56:53.610,1.41176,1.41191,9.00,4.80
2007.09.24 06:56:53.951,1.41172,1.41187,3.60,7.20
2007.09.24 06:56:54.291,1.41169,1.41184,18.00,1.20
2007.09.24 06:56:54.633,1.41168,1.41183,10.80,4.80
2007.09.24 06:56:55.005,1.41165,1.41185,20.40,6.30
2007.09.24 06:56:55.571,1.41164,1.41184,13.90,7.80
2007.09.24 06:56:57.667,1.41168,1.41183,7.20,4.80
2007.09.24 06:56:57.728,1.4117,1.41185,12.60,2.40
2007.09.24 06:56:57.803,1.41173,1.41188,16.50,10.20
2007.09.24 06:56:57.880,1.41178,1.41193,7.20,1.20
2007.09.24 06:56:58.156,1.4118,1.41195,1.00,4.80
2007.09.24 06:56:58.322,1.41182,1.41196,6.60,3.00
2007.09.24 06:57:05.345,1.4118,1.41196,4.80,9.00
2007.09.24 06:57:06.751,1.41179,1.41195,1.00,6.30
2007.09.24 06:57:06.984,1.41176,1.41196,21.00,7.80
2007.09.24 06:57:07.188,1.41177,1.41192,4.80,9.00
2007.09.24 06:57:07.392,1.41178,1.41188,2.40,1.00
2007.09.24 06:57:07.608,1.41174,1.41189,1.00,2.40
2007.09.24 06:57:07.812,1.41175,1.41185,5.40,11.40
2007.09.24 06:57:08.152,1.41174,1.41184,11.40,12.60
2007.09.24 06:57:08.492,1.41177,1.41182,4.40,4.80
2007.09.24 06:57:08.832,1.41171,1.41186,11.40,3.00
2007.09.24 06:57:09.088,1.41172,1.41182,6.00,4.20
2007.09.24 06:57:09.344,1.41166,1.41186,8.40,10.60
2007.09.24 06:57:09.600,1.41165,1.41185,2.40,17.80
2007.09.24 06:57:09.798,1.41169,1.41179,5.40,4.80
2007.09.24 06:57:09.856,1.41166,1.41181,7.80,7.20
2007.09.24 06:57:10.072,1.41168,1.41178,2.40,1.00
2007.09.24 06:57:10.288,1.4116,1.41185,3.00,6.00
2007.09.24 06:57:11.083,1.41167,1.41177,8.40,6.60
2007.09.24 06:57:11.306,1.41164,1.41179,9.00,1.80
2007.09.24 06:57:11.526,1.41165,1.41175,4.80,12.60
2007.09.24 06:57:11.744,1.41166,1.41171,4.80,28.00
2007.09.24 06:57:11.964,1.41165,1.4117,2.40,11.40
2007.09.24 06:57:12.184,1.4116,1.41175,5.40,2.80
2007.09.24 06:57:12.624,1.41161,1.41171,10.20,4.80
2007.09.24 06:57:12.844,1.41159,1.41174,1.20,4.80
2007.09.24 06:57:13.148,1.41165,1.4117,7.80,9.00
2007.09.24 06:57:13.452,1.4116,1.41175,4.80,2.40
2007.09.24 06:57:13.756,1.41161,1.41176,2.40,1.00
2007.09.24 06:57:13.899,1.41161,1.41176,7.20,4.80
2007.09.24 06:57:14.050,1.41165,1.41175,6.00,7.20
2007.09.24 06:57:14.196,1.41167,1.41177,1.20,15.40
2007.09.24 06:57:14.341,1.41168,1.41178,3.00,2.40
2007.09.24 06:57:14.485,1.41167,1.41182,15.60,1.00
2007.09.24 06:57:14.632,1.41167,1.41182,5.40,11.40
2007.09.24 06:57:15.116,1.41166,1.41181,4.80,3.00
2007.09.24 06:57:15.456,1.41167,1.41177,5.40,6.00
2007.09.24 06:57:15.796,1.41167,1.41177,8.40,5.40
2007.09.24 06:57:16.136,1.41167,1.41177,3.60,2.40
2007.09.24 06:57:16.698,1.41165,1.41175,8.40,6.00
2007.09.24 06:57:17.343,1.41161,1.41171,6.00,2.40
2007.09.24 06:57:17.628,1.41152,1.41168,1.20,4.80
2007.09.24 06:57:17.912,1.41147,1.41157,6.00,4.20
2007.09.24 06:57:18.196,1.41142,1.41152,2.40,9.60
2007.09.24 06:57:21.754,1.41144,1.41154,4.80,17.20
2007.09.24 06:57:22.069,1.41149,1.41159,4.80,7.20
2007.09.24 06:57:22.385,1.41156,1.41162,15.00,2.40
2007.09.24 06:57:22.570,1.41158,1.41162,12.00,4.80
2007.09.24 06:57:22.756,1.41157,1.41167,6.00,5.70
2007.09.24 06:57:22.940,1.41158,1.41168,9.10,3.00
2007.09.24 06:57:23.657,1.41161,1.41171,9.60,2.40
2007.09.24 06:57:24.450,1.41162,1.41172,3.00,11.50
2007.09.24 06:57:25.932,1.41161,1.41176,6.00,1.00
2007.09.24 06:57:26.496,1.41164,1.41174,2.40,9.00
2007.09.24 06:57:26.846,1.41162,1.41178,10.20,2.40
2007.09.24 06:57:27.048,1.41167,1.41177,10.20,6.40
2007.09.24 06:57:27.148,1.41165,1.41175,5.40,2.40
2007.09.24 06:57:27.263,1.41164,1.4118,1.00,10.20
2007.09.24 06:57:27.364,1.41165,1.41181,11.60,4.80
2007.09.24 06:57:27.705,1.41163,1.41183,3.00,9.30
2007.09.24 06:57:28.045,1.41167,1.41182,6.00,1.20
2007.09.24 06:57:28.240,1.41167,1.41177,4.80,2.20
2007.09.24 06:57:28.828,1.41168,1.41173,10.20,6.60
2007.09.24 06:57:29.084,1.41164,1.41174,4.80,7.20
2007.09.24 06:57:29.340,1.41159,1.41174,1.00,2.40
2007.09.24 06:57:29.596,1.41161,1.41171,1.20,2.40
2007.09.24 06:57:29.780,1.41157,1.41172,9.60,1.00
2007.09.24 06:57:30.099,1.41159,1.41169,2.40,12.00
2007.09.24 06:57:30.284,1.41161,1.41171,12.60,9.00
2007.09.24 06:57:30.469,1.41162,1.41172,7.80,14.40
2007.09.24 06:57:30.656,1.41161,1.41176,5.40,4.80
2007.09.24 06:57:30.842,1.41162,1.41177,7.80,2.40
2007.09.24 06:57:31.028,1.41163,1.41178,11.40,2.40
2007.09.24 06:57:31.395,1.41164,1.41179,1.80,6.00
2007.09.24 06:57:31.580,1.41166,1.41181,2.40,1.20
2007.09.24 06:57:31.744,1.41167,1.41182,18.00,2.40
2007.09.24 06:57:31.909,1.41169,1.41184,12.60,3.10
2007.09.24 06:57:32.075,1.41168,1.41183,6.00,13.80
2007.09.24 06:57:32.403,1.41164,1.41184,6.00,13.90
2007.09.24 06:57:32.828,1.41162,1.41182,4.80,18.10
2007.09.24 06:57:35.657,1.41166,1.41176,3.00,9.00
2007.09.24 06:57:36.418,1.41164,1.41174,10.80,3.30
2007.09.24 06:57:36.526,1.41164,1.41174,8.40,1.80
2007.09.24 06:57:36.807,1.41165,1.41175,7.20,15.00
2007.09.24 06:57:36.964,1.41164,1.41179,15.60,4.80
2007.09.24 06:57:37.120,1.41167,1.41182,6.60,4.80
2007.09.24 06:57:37.588,1.4117,1.41185,3.00,8.80
2007.09.24 06:57:37.744,1.41172,1.41187,11.40,7.80
2007.09.24 06:57:38.085,1.41172,1.41187,3.00,11.50
2007.09.24 06:57:38.436,1.41172,1.41188,4.70,5.40
2007.09.24 06:57:38.775,1.41171,1.41186,7.20,4.80
2007.09.24 06:57:38.996,1.41169,1.41184,8.40,5.70
2007.09.24 06:57:39.216,1.4117,1.4118,3.00,6.20
2007.09.24 06:57:39.436,1.41167,1.41182,3.60,9.00
2007.09.24 06:57:39.657,1.41169,1.41185,8.40,2.70
2007.09.24 06:57:40.770,1.41175,1.4119,12.60,2.40
2007.09.24 06:57:41.334,1.41182,1.41197,17.40,4.80
2007.09.24 06:57:42.092,1.41184,1.412,3.00,2.40
2007.09.24 06:57:42.942,1.41181,1.41197,10.20,5.40
2007.09.24 06:57:44.369,1.41177,1.41187,4.80,7.20
2007.09.24 06:57:44.446,1.41174,1.41184,4.80,24.10
2007.09.24 06:57:44.524,1.41166,1.41186,13.80,4.80
2007.09.24 06:57:44.676,1.4117,1.4118,2.10,7.80
2007.09.24 06:57:44.832,1.41168,1.41178,10.20,12.00
2007.09.24 06:57:45.150,1.41167,1.41182,4.80,12.00
2007.09.24 06:57:45.471,1.41169,1.41184,4.80,7.20
2007.09.24 06:57:46.653,1.41173,1.41178,6.00,3.00
2007.09.24 06:57:50.233,1.41165,1.41185,20.40,9.00
2007.09.24 06:57:50.327,1.41171,1.41181,4.80,7.20
2007.09.24 06:57:50.440,1.41174,1.41184,2.40,2.40
2007.09.24 06:57:50.558,1.41175,1.41185,2.40,3.30
2007.09.24 06:57:50.676,1.41179,1.41184,2.40,5.40
2007.09.24 06:57:50.977,1.41181,1.41186,2.40,17.80
2007.09.24 06:57:52.420,1.41182,1.41186,8.40,2.40
2007.09.24 06:57:53.188,1.4118,1.4119,4.80,2.40
2007.09.24 06:57:53.491,1.41178,1.41188,3.00,13.20
2007.09.24 06:57:53.707,1.41174,1.41189,20.00,2.40
2007.09.24 06:57:53.924,1.41174,1.41189,12.00,2.40
2007.09.24 06:57:55.453,1.41173,1.41188,2.40,1.00
2007.09.24 06:57:56.060,1.41179,1.41184,7.20,6.10
2007.09.24 06:57:56.956,1.41173,1.41188,4.80,7.20
2007.09.24 06:57:57.091,1.41172,1.41187,7.80,4.80
2007.09.24 06:57:57.423,1.41173,1.41183,9.00,3.00
2007.09.24 06:57:57.848,1.4117,1.4118,17.40,13.80
2007.09.24 06:57:58.135,1.41167,1.41177,3.00,4.80
2007.09.24 06:57:58.714,1.41167,1.41177,14.60,1.20
2007.09.24 06:57:58.933,1.41169,1.41174,4.80,4.80
2007.09.24 06:57:59.152,1.41171,1.41176,14.40,24.60
2007.09.24 06:57:59.592,1.41168,1.41183,6.00,4.80
2007.09.24 06:57:59.812,1.41175,1.4118,15.20,3.00
2007.09.24 06:57:59.980,1.41174,1.41184,2.40,12.40
2007.09.24 06:58:04.255,1.41177,1.41183,19.40,5.40
2007.09.24 06:58:05.374,1.41178,1.41182,2.40,7.20
2007.09.24 06:58:05.510,1.41178,1.41183,4.80,3.00
2007.09.24 06:58:05.783,1.41177,1.41187,5.40,2.40
2007.09.24 06:58:05.982,1.41179,1.41184,3.00,11.50
2007.09.24 06:58:06.382,1.41177,1.41182,18.30,9.10
2007.09.24 06:58:07.122,1.41173,1.41183,5.40,6.00
2007.09.24 06:58:07.463,1.41168,1.41183,4.80,4.80
2007.09.24 06:58:07.651,1.4117,1.41175,18.60,1.20
2007.09.24 06:58:07.816,1.41161,1.41181,6.00,2.40
2007.09.24 06:58:07.918,1.41159,1.41179,7.80,6.00
2007.09.24 06:58:08.117,1.41158,1.41178,27.60,4.80
2007.09.24 06:58:08.217,1.41157,1.41177,6.70,4.80
2007.09.24 06:58:08.322,1.41163,1.41168,2.40,6.00
2007.09.24 06:58:08.518,1.4116,1.41175,6.60,3.00
2007.09.24 06:58:08.630,1.41161,1.41176,6.60,16.80
2007.09.24 06:58:08.729,1.41165,1.41175,1.20,2.40
2007.09.24 06:58:08.885,1.4117,1.41174,3.60,26.40
2007.09.24 06:58:09.772,1.41171,1.41181,3.00,9.60
2007.09.24 06:58:09.963,1.41174,1.41184,35.40,1.20
2007.09.24 06:58:10.251,1.41175,1.41185,10.20,4.20
2007.09.24 06:58:10.444,1.41179,1.41184,9.00,6.10
2007.09.24 06:58:10.542,1.41177,1.41187,26.40,21.00
2007.09.24 06:58:10.829,1.41178,1.41183,6.00,2.40
2007.09.24 06:58:11.165,1.41174,1.41184,10.20,4.80
2007.09.24 06:58:13.054,1.41171,1.41181,2.40,7.90
2007.09.24 06:58:13.134,1.4117,1.4118,3.60,3.40
2007.09.24 06:58:13.220,1.4117,1.4118,6.60,7.20
2007.09.24 06:58:13.306,1.41168,1.41178,4.80,1.20
2007.09.24 06:58:13.476,1.41169,1.41174,7.80,2.40
2007.09.24 06:58:13.734,1.41168,1.41178,6.00,8.20
2007.09.24 06:58:14.477,1.41169,1.41179,6.60,3.00
2007.09.24 06:58:14.806,1.41173,1.41183,1.80,2.80
2007.09.24 06:58:14.926,1.41181,1.41187,7.20,1.00
2007.09.24 06:58:15.134,1.41187,1.41197,6.00,1.00
2007.09.24 06:58:16.635,1.41196,1.41201,24.60,10.80
2007.09.24 06:58:16.934,1.41197,1.41207,12.60,4.20
2007.09.24 06:58:17.234,1.41191,1.41201,13.20,4.20
2007.09.24 06:58:17.545,1.41184,1.41194,11.40,4.80
2007.09.24 06:58:17.847,1.4118,1.41185,14.40,4.80
2007.09.24 06:58:18.145,1.41172,1.41182,11.40,3.00
2007.09.24 06:58:18.449,1.41165,1.4118,2.40,9.30
2007.09.24 06:58:18.667,1.41162,1.41177,11.40,4.80
2007.09.24 06:58:18.886,1.41164,1.41174,4.80,9.00
2007.09.24 06:58:19.102,1.41161,1.41177,4.20,14.80
2007.09.24 06:58:19.317,1.41163,1.41178,2.40,5.40
2007.09.24 06:58:19.574,1.41166,1.41176,4.20,15.30
2007.09.24 06:58:19.830,1.41167,1.41177,1.20,7.00
2007.09.24 06:58:20.099,1.41171,1.41175,7.80,13.90
2007.09.24 06:58:20.342,1.4117,1.4118,6.00,13.80
2007.09.24 06:58:20.541,1.41171,1.41181,7.80,4.80
2007.09.24 06:58:20.761,1.4117,1.4118,6.00,13.30
2007.09.24 06:58:21.719,1.41172,1.41178,1.00,7.20
2007.09.24 06:58:22.059,1.41171,1.41177,21.60,4.80
2007.09.24 06:58:22.415,1.4117,1.41175,5.40,3.00
2007.09.24 06:58:23.038,1.41169,1.41179,10.80,16.20
2007.09.24 06:58:23.194,1.41166,1.41186,17.40,1.00
2007.09.24 06:58:23.357,1.41171,1.41181,3.60,13.60
2007.09.24 06:58:23.608,1.41167,1.41183,3.00,9.90
2007.09.24 06:58:23.748,1.41172,1.41176,7.80,8.20
2007.09.24 06:58:24.105,1.41166,1.41181,14.40,4.80
2007.09.24 06:58:25.329,1.41167,1.41177,13.20,1.00
2007.09.24 06:58:25.650,1.41168,1.41173,1.00,6.10
2007.09.24 06:58:26.571,1.41167,1.41172,7.80,4.80
2007.09.24 06:58:27.130,1.41164,1.41174,7.20,15.70
2007.09.24 06:58:27.470,1.41161,1.41176,8.40,1.20
2007.09.24 06:58:27.812,1.4116,1.41175,6.00,1.00
2007.09.24 06:58:28.022,1.41166,1.41171,3.00,6.00
2007.09.24 06:58:28.231,1.41162,1.41177,2.40,10.30
2007.09.24 06:58:28.442,1.41165,1.41175,6.60,8.70
2007.09.24 06:58:28.651,1.41167,1.41177,0.75,4.80
2007.09.24 06:58:28.859,1.41168,1.41178,24.00,3.00
2007.09.24 06:58:29.425,1.41172,1.41177,13.80,3.00
2007.09.24 06:58:29.995,1.41171,1.41181,6.00,3.00
2007.09.24 06:58:30.313,1.41173,1.41183,7.20,5.70
2007.09.24 06:58:30.825,1.4117,1.41185,14.80,2.40
2007.09.24 06:58:31.339,1.41174,1.41179,13.60,2.40
2007.09.24 06:58:31.641,1.4117,1.4118,7.80,11.70
2007.09.24 06:58:31.929,1.41168,1.41178,10.20,3.00
2007.09.24 06:58:32.831,1.41169,1.41174,10.20,3.10
2007.09.24 06:58:33.066,1.41165,1.41175,6.00,1.00
2007.09.24 06:58:33.264,1.41164,1.41174,2.40,12.10
2007.09.24 06:58:33.461,1.41163,1.41178,15.00,1.80
2007.09.24 06:58:35.234,1.41167,1.41177,20.20,2.40
2007.09.24 06:58:35.817,1.41166,1.41181,7.20,4.20
2007.09.24 06:58:35.965,1.41166,1.41181,4.80,7.80
2007.09.24 06:58:36.505,1.41167,1.41182,9.60,1.20
2007.09.24 06:58:36.769,1.41169,1.41184,4.80,6.60
2007.09.24 06:58:37.228,1.41175,1.41181,9.90,3.30
2007.09.24 06:58:37.296,1.41177,1.41183,2.40,4.80
2007.09.24 06:58:37.498,1.41176,1.41181,17.40,4.80
2007.09.24 06:58:37.697,1.41175,1.4118,4.90,2.40
2007.09.24 06:58:38.097,1.4117,1.4118,8.70,27.00
2007.09.24 06:58:38.298,1.41167,1.41177,2.40,6.60
2007.09.24 06:58:38.497,1.41163,1.41178,10.20,3.10
2007.09.24 06:58:38.697,1.41163,1.41178,4.80,1.20
2007.09.24 06:58:39.097,1.41162,1.41177,19.90,2.40
2007.09.24 06:58:40.288,1.41164,1.41178,5.40,12.00
2007.09.24 06:58:40.452,1.41167,1.41177,2.40,5.40
2007.09.24 06:58:40.954,1.41167,1.41182,7.80,4.80
2007.09.24 06:58:41.132,1.41172,1.41182,2.40,9.10
2007.09.24 06:58:41.325,1.41169,1.41189,7.20,7.80
2007.09.24 06:58:41.633,1.41173,1.41187,10.80,5.40
2007.09.24 06:58:42.765,1.41174,1.41184,13.40,7.20
2007.09.24 06:58:42.974,1.41171,1.41181,12.00,3.70
2007.09.24 06:58:43.124,1.41168,1.41174,15.40,3.60
2007.09.24 06:58:45.324,1.4116,1.41164,10.80,10.90
2007.09.24 06:58:46.225,1.41148,1.41158,5.40,2.10
2007.09.24 06:58:47.819,1.41144,1.41154,5.40,7.80
2007.09.24 06:58:48.084,1.41147,1.41157,1.20,2.40
2007.09.24 06:58:48.144,1.41154,1.41164,7.80,6.00
2007.09.24 06:58:48.352,1.41165,1.41169,15.60,7.20
2007.09.24 06:58:48.788,1.41171,1.41176,4.80,9.60
2007.09.24 06:58:49.028,1.41175,1.4118,1.20,2.40
2007.09.24 06:58:49.210,1.41178,1.41183,3.00,8.70
2007.09.24 06:58:49.386,1.41181,1.41187,4.90,5.40
2007.09.24 06:58:49.564,1.41183,1.41187,1.00,1.00
2007.09.24 06:58:49.746,1.41181,1.41191,22.80,9.00
2007.09.24 06:58:49.934,1.41184,1.41188,16.80,5.10
2007.09.24 06:58:50.157,1.41185,1.41189,2.40,8.40
2007.09.24 06:58:50.381,1.41184,1.4119,8.40,11.50
2007.09.24 06:58:50.675,1.41182,1.41188,4.80,5.50
2007.09.24 06:58:51.021,1.41181,1.41186,24.00,10.20
2007.09.24 06:58:51.141,1.4118,1.41185,4.80,1.20
2007.09.24 06:58:51.261,1.41176,1.41186,1.80,4.80
2007.09.24 06:58:51.381,1.41175,1.41185,7.20,8.80
2007.09.24 06:58:51.502,1.41176,1.41181,20.60,2.40
2007.09.24 06:58:52.557,1.41172,1.41182,25.20,15.40
2007.09.24 06:58:52.899,1.41171,1.41181,10.80,3.30
2007.09.24 06:58:53.242,1.41171,1.41181,7.20,4.80
2007.09.24 06:58:54.681,1.41172,1.41182,2.40,1.20
2007.09.24 06:58:55.099,1.41177,1.41181,6.00,3.00
2007.09.24 06:58:55.148,1.41178,1.41183,13.90,7.80
2007.09.24 06:58:55.441,1.41177,1.41182,2.40,6.00
2007.09.24 06:58:55.489,1.41176,1.41181,12.90,5.40
2007.09.24 06:58:55.551,1.41174,1.41179,2.40,7.20
2007.09.24 06:58:56.207,1.41173,1.41178,4.80,7.20
2007.09.24 06:58:57.428,1.4117,1.4118,6.00,2.40
2007.09.24 06:58:58.581,1.4117,1.41175,26.40,2.40
2007.09.24 06:58:58.922,1.41169,1.41174,3.00,3.00
2007.09.24 06:58:59.261,1.41168,1.41173,3.60,12.10
2007.09.24 06:58:59.601,1.41165,1.4117,20.20,2.40
2007.09.24 06:58:59.655,1.41163,1.41168,11.40,3.10
2007.09.24 06:58:59.727,1.41159,1.41169,12.00,4.80
2007.09.24 06:58:59.851,1.41157,1.41167,1.00,10.20
2007.09.24 06:58:59.975,1.41157,1.41167,6.90,3.00
2007.09.24 06:59:00.916,1.41167,1.41173,10.80,6.00
2007.09.24 06:59:01.351,1.41166,1.41171,5.40,17.80
2007.09.24 06:59:01.493,1.41162,1.41172,5.40,7.80
2007.09.24 06:59:01.635,1.41161,1.41171,3.00,7.90
2007.09.24 06:59:01.715,1.41165,1.4117,7.80,10.30
2007.09.24 06:59:01.779,1.41163,1.41173,4.20,1.00
2007.09.24 06:59:01.921,1.41164,1.41169,17.40,4.80
2007.09.24 06:59:02.060,1.41163,1.41168,9.20,2.40
2007.09.24 06:59:02.809,1.4116,1.4117,6.00,13.80
2007.09.24 06:59:03.137,1.41165,1.4117,5.40,7.50
2007.09.24 06:59:03.464,1.41166,1.41171,4.80,9.00
2007.09.24 06:59:04.860,1.41167,1.41172,8.40,5.80
2007.09.24 06:59:05.148,1.41167,1.41177,1.00,32.50
2007.09.24 06:59:05.432,1.41168,1.41178,7.80,12.00
2007.09.24 06:59:07.498,1.41168,1.41178,12.00,4.80
2007.09.24 06:59:07.928,1.41172,1.41177,4.80,10.20
2007.09.24 06:59:08.051,1.41169,1.41184,7.20,4.80
2007.09.24 06:59:08.172,1.41173,1.41178,30.00,2.50
2007.09.24 06:59:08.425,1.41172,1.41177,4.80,7.20
2007.09.24 06:59:08.532,1.41169,1.41179,1.00,8.50
2007.09.24 06:59:08.645,1.41172,1.41177,1.00,8.80
2007.09.24 06:59:09.028,1.41169,1.41179,2.40,6.00
2007.09.24 06:59:10.669,1.4117,1.4118,1.20,3.00
2007.09.24 06:59:11.218,1.41171,1.41181,10.80,9.00
2007.09.24 06:59:11.549,1.4117,1.41185,1.20,3.00
2007.09.24 06:59:11.877,1.41175,1.4118,2.40,13.00
2007.09.24 06:59:12.033,1.41176,1.41181,9.00,8.50
2007.09.24 06:59:12.188,1.41177,1.41183,9.00,11.70
2007.09.24 06:59:12.356,1.41171,1.41191,2.40,8.30
2007.09.24 06:59:12.825,1.41173,1.41188,4.80,9.60
2007.09.24 06:59:12.980,1.41177,1.41187,10.50,4.80
2007.09.24 06:59:13.301,1.41178,1.41188,12.00,2.40
2007.09.24 06:59:13.620,1.41179,1.41189,9.00,14.10
2007.09.24 06:59:14.387,1.41178,1.41194,9.10,4.80
2007.09.24 06:59:14.610,1.4118,1.41195,3.00,12.00
2007.09.24 06:59:15.065,1.41187,1.41191,6.00,2.40
2007.09.24 06:59:15.350,1.41187,1.41193,5.40,2.40
2007.09.24 06:59:15.492,1.41188,1.41193,2.40,1.60
2007.09.24 06:59:15.636,1.41189,1.41194,7.80,8.40
2007.09.24 06:59:15.780,1.4119,1.41195,11.40,33.10
2007.09.24 06:59:15.924,1.41189,1.41195,1.80,6.00
2007.09.24 06:59:16.068,1.41186,1.41196,3.00,2.40
2007.09.24 06:59:16.408,1.41182,1.41197,2.40,23.70
2007.09.24 06:59:16.748,1.41182,1.41192,9.00,5.40
2007.09.24 06:59:17.089,1.4118,1.4119,4.80,3.60
2007.09.24 06:59:17.353,1.41181,1.41186,7.80,5.40
2007.09.24 06:59:17.617,1.41177,1.41187,3.00,4.80
2007.09.24 06:59:17.880,1.4117,1.41185,1.20,4.80
2007.09.24 06:59:18.984,1.41165,1.41179,17.60,1.90
2007.09.24 06:59:19.853,1.41157,1.41173,6.00,4.80
2007.09.24 06:59:20.192,1.41144,1.41164,1.00,4.80
2007.09.24 06:59:20.320,1.41142,1.41146,1.80,3.90
2007.09.24 06:59:20.448,1.41134,1.41144,5.40,4.80
2007.09.24 06:59:20.704,1.41139,1.41149,9.00,4.80
2007.09.24 06:59:20.833,1.41148,1.41153,12.00,1.80
2007.09.24 06:59:20.960,1.41155,1.41161,12.10,2.40
2007.09.24 06:59:21.089,1.41157,1.41167,4.80,2.40
2007.09.24 06:59:21.354,1.41161,1.41171,7.80,12.00
2007.09.24 06:59:21.529,1.41167,1.41172,35.40,7.30
2007.09.24 06:59:21.846,1.41169,1.41174,12.00,3.00
2007.09.24 06:59:22.161,1.41164,1.41179,5.40,2.40
2007.09.24 06:59:22.403,1.41166,1.4118,9.00,2.80
2007.09.24 06:59:22.904,1.41164,1.41179,17.40,6.60
2007.09.24 06:59:23.153,1.41168,1.41178,4.80,2.40
2007.09.24 06:59:23.681,1.41167,1.41177,2.40,8.20
2007.09.24 06:59:24.020,1.41165,1.41175,2.40,9.60
2007.09.24 06:59:24.360,1.41161,1.41176,1.00,22.50
2007.09.24 06:59:24.620,1.41157,1.41177,10.20,6.00
2007.09.24 06:59:24.881,1.41161,1.41171,20.50,9.00
2007.09.24 06:59:25.141,1.41157,1.41172,15.00,9.00
2007.09.24 06:59:25.400,1.41157,1.41172,33.00,9.00
2007.09.24 06:59:25.640,1.41159,1.41174,4.80,4.80
2007.09.24 06:59:25.881,1.4116,1.41175,21.00,13.80
2007.09.24 06:59:26.121,1.41163,1.41178,11.40,33.10
2007.09.24 06:59:26.361,1.41164,1.41179,11.40,1.00
2007.09.24 06:59:26.608,1.41165,1.4118,4.80,7.20
2007.09.24 06:59:26.856,1.41164,1.41184,13.20,3.00
2007.09.24 06:59:27.105,1.41165,1.41185,3.60,10.20
2007.09.24 06:59:27.352,1.41167,1.41182,21.90,9.00
2007.09.24 06:59:27.874,1.4117,1.4118,42.00,14.40
2007.09.24 06:59:28.045,1.41171,1.41181,4.40,9.20
2007.09.24 06:59:28.213,1.41172,1.41182,1.00,6.00
2007.09.24 06:59:28.382,1.41171,1.41187,2.40,1.00
2007.09.24 06:59:28.629,1.41173,1.41188,4.80,4.80
2007.09.24 06:59:28.872,1.41174,1.41189,1.20,2.40
2007.09.24 06:59:29.357,1.41177,1.41187,4.80,15.00
2007.09.24 06:59:29.428,1.41176,1.41186,2.40,9.60
2007.09.24 06:59:29.698,1.41169,1.41189,10.20,8.80
2007.09.24 06:59:29.965,1.41172,1.41182,3.00,2.40
2007.09.24 06:59:30.038,1.41166,1.41186,2.40,12.60
2007.09.24 06:59:30.389,1.41164,1.41184,16.20,2.40
2007.09.24 06:59:30.548,1.41163,1.41183,7.20,9.60
2007.09.24 06:59:31.322,1.41169,1.41179,7.80,7.20
2007.09.24 06:59:31.426,1.4117,1.4118,6.00,1.00
2007.09.24 06:59:31.629,1.41165,1.41185,7.80,14.40
2007.09.24 06:59:32.132,1.41166,1.41181,6.00,5.70
2007.09.24 06:59:32.377,1.41165,1.4118,5.00,7.20
2007.09.24 06:59:32.578,1.4116,1.4118,7.80,12.00
2007.09.24 06:59:33.467,1.41167,1.41171,4.30,4.80
2007.09.24 06:59:33.627,1.41166,1.4117,19.80,8.40
2007.09.24 06:59:33.712,1.41162,1.41172,6.00,1.80
2007.09.24 06:59:33.941,1.41154,1.41178,2.40,1.80
2007.09.24 06:59:34.388,1.41162,1.41167,29.40,4.80
2007.09.24 06:59:34.523,1.41161,1.41171,4.80,12.00
2007.09.24 06:59:35.692,1.41162,1.41172,22.80,2.40
2007.09.24 06:59:36.672,1.41161,1.41176,19.20,4.80
2007.09.24 06:59:36.837,1.4117,1.41174,10.50,4.80
2007.09.24 06:59:37.013,1.41174,1.41178,6.60,2.40
2007.09.24 06:59:37.176,1.41169,1.41184,7.20,6.00
2007.09.24 06:59:37.341,1.41176,1.4118,1.00,4.80
2007.09.24 06:59:37.504,1.41177,1.41181,3.00,3.00
2007.09.24 06:59:37.752,1.41178,1.41182,3.00,31.00
2007.09.24 06:59:38.000,1.41177,1.41187,1.00,8.80
2007.09.24 06:59:38.248,1.41181,1.41186,6.00,5.40
2007.09.24 06:59:38.497,1.4118,1.4119,12.60,5.40
2007.09.24 06:59:38.746,1.4118,1.4119,1.00,11.10
2007.09.24 06:59:39.011,1.41178,1.41188,4.80,1.00
2007.09.24 06:59:39.261,1.41177,1.41187,10.00,2.40
2007.09.24 06:59:39.508,1.41172,1.41192,10.80,1.90
2007.09.24 06:59:39.848,1.41177,1.41192,8.40,4.80
2007.09.24 06:59:40.124,1.41184,1.41188,9.60,2.40
2007.09.24 06:59:40.188,1.41181,1.41196,23.40,8.40
2007.09.24 06:59:40.529,1.41189,1.41199,1.80,2.40
2007.09.24 06:59:40.868,1.41194,1.41209,7.20,4.20
2007.09.24 06:59:41.096,1.41205,1.41215,16.60,3.60
2007.09.24 06:59:41.324,1.41215,1.41221,2.40,2.40
2007.09.24 06:59:41.552,1.41215,1.41225,13.20,4.80
2007.09.24 06:59:41.892,1.4121,1.4122,28.50,5.40
2007.09.24 06:59:42.409,1.41202,1.41212,1.80,2.40
2007.09.24 06:59:42.572,1.41192,1.41207,12.20,2.40
2007.09.24 06:59:42.823,1.41193,1.41197,5.40,21.00
2007.09.24 06:59:43.234,1.41186,1.41196,6.00,2.40
2007.09.24 06:59:43.401,1.41183,1.41193,28.20,1.80
2007.09.24 06:59:43.725,1.41181,1.41191,17.40,8.40
2007.09.24 06:59:43.976,1.41179,1.41189,24.00,8.40
2007.09.24 06:59:44.713,1.4118,1.41185,24.00,1.00
2007.09.24 06:59:44.930,1.41178,1.41183,16.80,5.10
2007.09.24 06:59:45.052,1.41175,1.41185,12.60,2.40
2007.09.24 06:59:45.392,1.41176,1.41181,6.00,13.30
2007.09.24 06:59:45.732,1.41174,1.41179,21.60,15.60
2007.09.24 06:59:45.929,1.41173,1.41178,12.00,4.20
2007.09.24 06:59:46.122,1.41172,1.41177,14.40,2.40
2007.09.24 06:59:46.305,1.41167,1.41182,10.80,7.80
2007.09.24 06:59:46.484,1.41169,1.41184,2.40,1.00
2007.09.24 06:59:46.664,1.4117,1.41185,2.40,2.40
2007.09.24 06:59:46.992,1.41171,1.41186,20.00,2.40
2007.09.24 06:59:48.290,1.41175,1.41185,15.00,1.20
2007.09.24 06:59:48.582,1.41179,1.41184,6.60,7.20
2007.09.24 06:59:49.108,1.41178,1.41183,5.80,6.40
2007.09.24 06:59:49.336,1.41177,1.41182,6.00,11.80
2007.09.24 06:59:49.565,1.41173,1.41183,6.60,4.80
2007.09.24 06:59:50.205,1.41171,1.41181,7.20,6.00
2007.09.24 06:59:50.340,1.4117,1.4118,4.80,5.70
2007.09.24 06:59:50.603,1.41169,1.41179,7.20,2.40
2007.09.24 06:59:50.680,1.4117,1.41175,4.80,9.70
2007.09.24 06:59:51.232,1.41167,1.41177,11.40,4.50
2007.09.24 06:59:51.454,1.41168,1.41173,5.40,6.10
2007.09.24 06:59:51.692,1.41166,1.41176,3.00,16.90
2007.09.24 06:59:52.033,1.41168,1.41178,5.40,10.80
2007.09.24 06:59:53.583,1.41175,1.41181,18.60,4.20
2007.09.24 06:59:54.023,1.41182,1.41186,4.80,5.70
2007.09.24 06:59:54.813,1.41187,1.41197,7.20,4.80
2007.09.24 06:59:57.188,1.4119,1.412,7.80,1.00
