2020.07.22 02:00:00.083,1.15396,1.15398,2.25,1.50
2020.07.22 02:00:00.185,1.15395,1.15399,0.19,3.00
2020.07.22 02:00:00.337,1.15396,1.15399,0.75,0.45
2020.07.22 02:00:00.438,1.15395,1.154,4.46,3.71
2020.07.22 02:00:02.263,1.15396,1.15399,0.75,0.37
2020.07.22 02:00:02.364,1.15395,1.15399,2.44,1.12
2020.07.22 02:00:02.465,1.15395,1.15398,0.75,4.08
2020.07.22 02:00:02.567,1.15394,1.15398,0.37,2.32
2020.07.22 02:00:02.719,1.15395,1.15398,0.19,1.57
2020.07.22 02:00:02.820,1.15395,1.15399,0.94,2.32
2020.07.22 02:00:04.635,1.15395,1.154,2.89,5.96
2020.07.22 02:00:05.704,1.15395,1.15399,2.81,1.20
2020.07.22 02:00:05.856,1.15394,1.15398,2.25,3.26
2020.07.22 02:00:06.008,1.15394,1.15399,4.76,5.58
2020.07.22 02:00:06.110,1.15395,1.154,3.34,4.83
2020.07.22 02:00:06.211,1.15396,1.154,0.19,1.50
2020.07.22 02:00:08.894,1.15397,1.154,0.75,1.20
2020.07.22 02:00:09.046,1.15397,1.15401,3.26,1.12
2020.07.22 02:00:09.250,1.15398,1.154,1.12,0.37
2020.07.22 02:00:09.302,1.15399,1.15402,0.19,5.21
2020.07.22 02:00:09.404,1.15398,1.15402,3.37,0.82
2020.07.22 02:00:09.557,1.15399,1.15402,0.19,0.75
2020.07.22 02:00:09.710,1.15398,1.15402,3.45,0.75
2020.07.22 02:00:10.004,1.15399,1.15402,0.75,0.75
2020.07.22 02:00:10.363,1.15398,1.15402,3.37,0.75
2020.07.22 02:00:10.764,1.15398,1.15403,3.37,6.71
2020.07.22 02:00:10.923,1.15399,1.15403,0.19,3.82
2020.07.22 02:00:11.933,1.15401,1.15403,0.75,0.37
2020.07.22 02:00:12.035,1.15401,1.15404,1.69,0.75
2020.07.22 02:00:13.436,1.15403,1.15405,2.44,0.10
2020.07.22 02:00:13.537,1.15403,1.15407,2.44,4.08
2020.07.22 02:00:14.275,1.15404,1.15407,0.19,1.87
2020.07.22 02:00:14.811,1.15405,1.15408,0.19,1.20
2020.07.22 02:00:15.013,1.15406,1.15408,0.19,0.75
2020.07.22 02:00:15.166,1.15405,1.15408,3.56,0.75
2020.07.22 02:00:17.451,1.15405,1.15409,3.19,0.75
2020.07.22 02:00:17.553,1.15405,1.15407,0.56,0.75
2020.07.22 02:00:17.755,1.15405,1.15408,0.19,1.87
2020.07.22 02:00:18.565,1.15405,1.15409,0.19,4.20
2020.07.22 02:00:19.614,1.15405,1.15407,0.19,0.37
2020.07.22 02:00:19.665,1.15405,1.15409,0.19,3.07
2020.07.22 02:00:21.886,1.15405,1.15408,0.19,0.37
2020.07.22 02:00:22.088,1.15404,1.15408,0.94,1.95
2020.07.22 02:00:22.240,1.15403,1.15407,5.06,1.50
2020.07.22 02:00:22.759,1.15404,1.15407,0.75,1.87
2020.07.22 02:00:22.994,1.15405,1.15407,0.75,0.37
2020.07.22 02:00:23.095,1.15404,1.15407,1.50,0.37
2020.07.22 02:00:23.197,1.15404,1.15408,0.56,1.95
2020.07.22 02:00:27.954,1.15403,1.15408,3.56,5.96
2020.07.22 02:00:28.056,1.15404,1.15408,0.75,3.82
2020.07.22 02:00:28.167,1.15403,1.15408,3.56,5.96
2020.07.22 02:00:30.407,1.15403,1.15407,0.19,1.50
2020.07.22 02:00:30.509,1.15403,1.15406,0.19,1.20
2020.07.22 02:00:30.955,1.15402,1.15405,0.19,0.45
2020.07.22 02:00:33.234,1.15401,1.15405,0.94,2.32
2020.07.22 02:00:33.336,1.15401,1.15404,0.19,2.13
2020.07.22 02:00:33.740,1.154,1.15404,4.69,0.37
2020.07.22 02:00:34.113,1.154,1.15405,0.94,2.32
2020.07.22 02:00:34.316,1.15401,1.15405,0.75,2.32
2020.07.22 02:00:34.417,1.154,1.15405,3.64,2.32
2020.07.22 02:00:34.632,1.15402,1.15405,0.75,0.82
2020.07.22 02:00:34.784,1.15401,1.15405,2.59,0.82
2020.07.22 02:00:35.258,1.15402,1.15405,0.75,0.37
2020.07.22 02:00:35.741,1.15401,1.15405,1.09,1.57
2020.07.22 02:00:36.266,1.15402,1.15405,0.82,0.37
2020.07.22 02:00:36.367,1.15401,1.15405,3.79,0.37
2020.07.22 02:00:36.470,1.15402,1.15406,1.95,3.07
2020.07.22 02:00:36.571,1.15402,1.15405,0.82,0.45
2020.07.22 02:00:36.673,1.15401,1.15405,1.09,1.20
2020.07.22 02:00:36.826,1.15402,1.15405,0.15,1.95
2020.07.22 02:00:36.978,1.15401,1.15405,1.09,1.20
2020.07.22 02:00:42.679,1.15402,1.15405,0.15,1.95
2020.07.22 02:00:42.957,1.15401,1.15405,1.09,1.95
2020.07.22 02:00:43.544,1.15401,1.15404,0.30,0.37
2020.07.22 02:00:44.589,1.154,1.15404,3.19,1.50
2020.07.22 02:00:44.893,1.154,1.15402,0.75,2.25
2020.07.22 02:00:44.943,1.15398,1.15402,3.34,1.12
2020.07.22 02:00:45.045,1.15398,1.15401,0.34,1.50
2020.07.22 02:00:45.197,1.15397,1.154,1.01,0.37
2020.07.22 02:00:46.834,1.15396,1.154,6.56,0.37
2020.07.22 02:00:48.089,1.15396,1.15401,6.56,2.70
2020.07.22 02:00:48.466,1.15397,1.15401,0.10,1.95
2020.07.22 02:00:48.679,1.15396,1.15401,8.14,1.95
2020.07.22 02:00:49.186,1.15397,1.15401,0.82,1.95
2020.07.22 02:00:49.860,1.15396,1.154,6.64,0.82
2020.07.22 02:00:50.012,1.15396,1.15399,1.39,0.75
2020.07.22 02:00:52.356,1.15394,1.15398,5.89,3.26
2020.07.22 02:00:53.121,1.15395,1.15398,0.82,0.75
2020.07.22 02:00:53.608,1.15394,1.15398,2.14,1.50
2020.07.22 02:00:54.113,1.15395,1.15398,0.82,0.75
2020.07.22 02:00:54.359,1.15394,1.15398,3.26,0.82
2020.07.22 02:00:54.510,1.15395,1.15398,0.82,0.82
2020.07.22 02:00:54.612,1.15395,1.15399,1.20,3.07
2020.07.22 02:00:54.713,1.15396,1.15399,0.82,2.70
2020.07.22 02:00:54.815,1.15395,1.15399,1.57,3.82
2020.07.22 02:00:54.932,1.15394,1.15399,4.39,2.70
2020.07.22 02:00:55.051,1.15394,1.15398,3.56,0.10
2020.07.22 02:00:56.354,1.15395,1.15398,0.82,0.10
2020.07.22 02:00:56.505,1.15394,1.15398,4.69,0.10
2020.07.22 02:00:57.413,1.15394,1.15399,4.31,3.07
2020.07.22 02:00:57.742,1.15395,1.15398,1.20,0.10
2020.07.22 02:00:57.885,1.15395,1.15399,1.20,3.07
2020.07.22 02:00:58.701,1.15398,1.15399,1.87,0.10
2020.07.22 02:00:58.803,1.15398,1.15402,2.51,5.96
2020.07.22 02:00:58.904,1.15399,1.15401,0.37,0.37
2020.07.22 02:00:59.218,1.15398,1.15402,3.26,0.10
2020.07.22 02:00:59.320,1.15398,1.15403,2.89,5.96
2020.07.22 02:00:59.421,1.15398,1.15401,2.62,0.10
2020.07.22 02:01:00.047,1.15399,1.15401,0.86,0.10
2020.07.22 02:01:00.155,1.15398,1.15401,2.62,0.10
2020.07.22 02:01:00.257,1.15398,1.15402,2.51,0.45
2020.07.22 02:01:01.998,1.15399,1.15402,0.75,0.45
2020.07.22 02:01:02.099,1.15398,1.15402,2.44,0.45
2020.07.22 02:01:02.474,1.15399,1.15403,0.82,5.96
2020.07.22 02:01:02.727,1.15399,1.15402,1.61,0.75
2020.07.22 02:01:02.829,1.15399,1.15403,0.11,6.14
2020.07.22 02:01:02.942,1.15398,1.15403,2.44,6.14
2020.07.22 02:01:03.906,1.15398,1.15402,2.32,0.75
2020.07.22 02:01:06.909,1.15397,1.15401,0.37,0.90
2020.07.22 02:01:07.011,1.15396,1.15401,5.06,1.20
2020.07.22 02:01:08.193,1.15396,1.154,0.75,1.20
2020.07.22 02:01:08.295,1.15395,1.154,3.56,4.64
2020.07.22 02:01:09.119,1.15395,1.15399,3.56,0.10
2020.07.22 02:01:10.598,1.15396,1.154,1.01,2.70
2020.07.22 02:01:12.513,1.15397,1.154,0.82,2.32
2020.07.22 02:01:12.614,1.15398,1.15399,0.82,0.75
2020.07.22 02:01:12.715,1.15396,1.154,2.96,1.57
2020.07.22 02:01:15.718,1.15397,1.154,0.82,1.57
2020.07.22 02:01:15.924,1.15396,1.154,3.94,1.57
2020.07.22 02:01:17.575,1.15396,1.15399,1.50,0.10
2020.07.22 02:01:18.043,1.15396,1.154,1.50,5.77
2020.07.22 02:01:19.294,1.15396,1.15399,2.25,0.10
2020.07.22 02:01:20.274,1.15394,1.15398,5.06,3.37
2020.07.22 02:01:20.477,1.15395,1.15398,0.75,1.95
2020.07.22 02:01:20.579,1.15394,1.15398,3.19,1.57
2020.07.22 02:01:22.626,1.15392,1.15396,4.69,1.12
2020.07.22 02:01:22.728,1.1539,1.15393,0.10,0.75
2020.07.22 02:01:22.829,1.15389,1.15393,3.56,0.45
2020.07.22 02:01:23.082,1.1539,1.15392,0.75,0.10
2020.07.22 02:01:23.566,1.15389,1.15392,3.56,0.10
2020.07.22 02:01:25.609,1.15387,1.15391,0.19,3.00
2020.07.22 02:01:25.711,1.15386,1.1539,3.45,1.20
2020.07.22 02:01:25.863,1.15386,1.15389,0.37,0.75
2020.07.22 02:01:28.256,1.15384,1.15387,3.56,0.75
2020.07.22 02:01:28.358,1.15383,1.15386,1.50,3.00
2020.07.22 02:01:28.459,1.15383,1.15385,0.75,1.12
2020.07.22 02:01:28.561,1.15381,1.15383,0.75,0.37
2020.07.22 02:01:28.662,1.15381,1.15384,0.75,1.57
2020.07.22 02:01:28.763,1.1538,1.15384,2.44,2.25
2020.07.22 02:01:28.865,1.1538,1.15383,2.44,1.87
2020.07.22 02:01:29.217,1.1538,1.15384,3.64,3.82
2020.07.22 02:01:29.521,1.15381,1.15384,1.57,2.70
2020.07.22 02:01:29.724,1.1538,1.15384,4.46,2.62
2020.07.22 02:01:29.981,1.15381,1.15384,0.75,0.75
2020.07.22 02:01:30.082,1.1538,1.15384,5.89,0.75
2020.07.22 02:01:30.466,1.15381,1.15384,1.50,0.75
2020.07.22 02:01:30.568,1.15382,1.15384,0.75,0.82
2020.07.22 02:01:30.669,1.15382,1.15385,1.57,2.88
2020.07.22 02:01:30.771,1.15384,1.15387,0.75,0.37
2020.07.22 02:01:30.873,1.15383,1.15386,1.69,0.75
2020.07.22 02:01:30.974,1.15384,1.15387,0.75,2.32
2020.07.22 02:01:31.075,1.15383,1.15387,1.69,1.20
2020.07.22 02:01:32.146,1.15383,1.15386,1.69,1.50
2020.07.22 02:01:32.249,1.15382,1.15386,0.94,3.45
2020.07.22 02:01:33.835,1.15382,1.15385,0.94,0.10
2020.07.22 02:01:35.170,1.15382,1.15384,0.75,0.75
2020.07.22 02:01:35.271,1.1538,1.15384,2.44,1.50
2020.07.22 02:01:36.102,1.15381,1.15384,0.37,1.57
2020.07.22 02:01:37.234,1.1538,1.15384,2.44,2.32
2020.07.22 02:01:40.950,1.1538,1.15383,2.44,1.50
2020.07.22 02:01:41.103,1.15379,1.15382,0.19,0.75
2020.07.22 02:01:41.255,1.1538,1.15383,0.37,6.33
2020.07.22 02:01:41.457,1.15378,1.15382,3.56,0.82
2020.07.22 02:01:41.559,1.15379,1.15382,0.94,0.75
2020.07.22 02:01:41.761,1.15379,1.15383,0.94,5.96
2020.07.22 02:01:42.070,1.1538,1.15383,0.37,1.57
2020.07.22 02:01:43.294,1.15379,1.15383,1.31,1.95
2020.07.22 02:01:44.196,1.15379,1.15382,1.31,2.13
2020.07.22 02:01:50.053,1.15379,1.15383,2.44,1.95
2020.07.22 02:01:50.155,1.1538,1.15384,0.37,2.70
2020.07.22 02:01:50.459,1.15381,1.15384,0.82,1.12
2020.07.22 02:01:50.611,1.1538,1.15384,2.70,1.12
2020.07.22 02:01:51.558,1.15381,1.15384,0.75,1.20
2020.07.22 02:01:51.783,1.1538,1.15384,1.87,1.20
2020.07.22 02:01:54.426,1.15384,1.15385,0.37,0.45
2020.07.22 02:01:54.476,1.15384,1.15388,0.37,4.20
2020.07.22 02:01:54.578,1.15385,1.15388,0.75,1.95
2020.07.22 02:01:54.629,1.15383,1.15387,1.01,0.75
2020.07.22 02:01:54.730,1.15382,1.15386,2.62,0.75
2020.07.22 02:01:54.781,1.15381,1.15384,4.12,1.50
2020.07.22 02:01:54.883,1.1538,1.15385,2.06,2.51
2020.07.22 02:01:54.984,1.1538,1.15384,2.06,0.10
2020.07.22 02:01:55.085,1.15381,1.15384,1.50,0.10
2020.07.22 02:01:56.395,1.1538,1.15384,2.06,0.75
2020.07.22 02:01:56.597,1.15381,1.15384,0.75,0.75
2020.07.22 02:01:56.698,1.1538,1.15384,2.89,0.75
2020.07.22 02:01:57.421,1.15381,1.15384,0.37,0.75
2020.07.22 02:01:59.198,1.15383,1.15385,0.37,1.87
2020.07.22 02:01:59.300,1.15385,1.15388,0.37,3.78
2020.07.22 02:01:59.502,1.15385,1.15389,0.56,5.21
2020.07.22 02:02:00.034,1.15385,1.15388,0.56,0.10
2020.07.22 02:02:00.566,1.15385,1.15389,2.06,4.08
2020.07.22 02:02:01.286,1.15386,1.15389,0.37,3.71
2020.07.22 02:02:04.889,1.15385,1.15389,2.51,0.82
2020.07.22 02:02:08.940,1.15386,1.15389,0.37,1.20
2020.07.22 02:02:10.190,1.15385,1.15389,1.31,0.82
2020.07.22 02:02:10.291,1.15386,1.15389,1.50,0.75
2020.07.22 02:02:10.392,1.15388,1.1539,1.12,0.10
2020.07.22 02:02:10.494,1.15388,1.15391,1.57,0.75
2020.07.22 02:02:10.595,1.15388,1.15392,1.57,0.45
2020.07.22 02:02:10.697,1.15388,1.15391,1.50,0.45
2020.07.22 02:02:11.359,1.15389,1.15391,0.75,0.10
2020.07.22 02:02:11.510,1.15388,1.15391,1.12,0.10
2020.07.22 02:02:11.612,1.15387,1.1539,0.75,1.50
2020.07.22 02:02:11.763,1.15386,1.1539,4.31,1.50
2020.07.22 02:02:11.865,1.15386,1.15389,0.37,1.12
2020.07.22 02:02:12.725,1.15386,1.1539,1.57,1.87
2020.07.22 02:02:12.826,1.15385,1.1539,5.14,1.50
2020.07.22 02:02:13.394,1.15385,1.15389,4.31,0.10
2020.07.22 02:02:13.496,1.15384,1.15388,5.06,0.75
2020.07.22 02:02:13.648,1.15383,1.15388,4.69,1.57
2020.07.22 02:02:13.851,1.15384,1.15388,0.19,1.57
2020.07.22 02:02:13.952,1.15385,1.15389,0.94,4.83
2020.07.22 02:02:15.036,1.15387,1.15389,0.37,2.32
2020.07.22 02:02:16.232,1.15385,1.15389,0.56,1.95
2020.07.22 02:02:17.388,1.15386,1.15389,0.37,1.57
2020.07.22 02:02:19.768,1.15388,1.15389,0.75,0.75
2020.07.22 02:02:19.869,1.15388,1.1539,1.12,0.10
2020.07.22 02:02:19.971,1.15388,1.15392,1.31,2.58
2020.07.22 02:02:20.072,1.1539,1.15393,0.37,4.83
2020.07.22 02:02:21.190,1.15391,1.15394,0.37,2.88
2020.07.22 02:02:21.292,1.15391,1.15395,1.87,1.20
2020.07.22 02:02:21.444,1.15393,1.15396,1.95,1.20
2020.07.22 02:02:21.546,1.15396,1.15398,0.37,3.33
2020.07.22 02:02:21.597,1.15394,1.15398,1.87,1.12
2020.07.22 02:02:21.698,1.15394,1.15399,5.06,4.46
2020.07.22 02:02:21.800,1.15393,1.15397,1.50,1.50
2020.07.22 02:02:22.003,1.15392,1.15396,0.37,1.12
2020.07.22 02:02:22.855,1.15391,1.15396,2.81,1.57
2020.07.22 02:02:23.303,1.15391,1.15395,2.81,0.37
2020.07.22 02:02:25.602,1.1539,1.15395,1.76,3.07
2020.07.22 02:02:25.704,1.1539,1.15394,1.01,0.10
2020.07.22 02:02:31.640,1.15388,1.15393,3.94,1.12
2020.07.22 02:02:31.842,1.15389,1.15393,0.75,1.20
2020.07.22 02:02:31.943,1.15388,1.15393,2.44,1.57
2020.07.22 02:02:32.045,1.15388,1.15392,2.44,0.10
2020.07.22 02:02:32.380,1.15387,1.1539,0.19,0.37
2020.07.22 02:02:32.481,1.15386,1.1539,1.50,0.37
2020.07.22 02:02:32.633,1.15387,1.1539,0.75,1.31
2020.07.22 02:02:32.735,1.15386,1.1539,0.75,1.31
2020.07.22 02:02:33.954,1.15386,1.15389,0.75,0.10
2020.07.22 02:02:34.005,1.15383,1.15388,3.94,3.44
2020.07.22 02:02:34.106,1.15384,1.15388,0.94,3.71
2020.07.22 02:02:35.065,1.15384,1.15387,1.69,0.37
2020.07.22 02:02:35.222,1.15384,1.15388,2.44,1.20
2020.07.22 02:02:37.488,1.15383,1.15387,2.44,0.37
2020.07.22 02:02:41.827,1.15383,1.15388,2.44,5.77
2020.07.22 02:02:42.609,1.15383,1.15387,1.50,0.19
2020.07.22 02:02:47.998,1.15383,1.15386,0.75,0.75
2020.07.22 02:02:48.150,1.15381,1.15383,3.00,0.75
2020.07.22 02:02:48.252,1.15379,1.15382,1.50,0.37
2020.07.22 02:02:48.353,1.15379,1.15381,1.50,0.19
2020.07.22 02:02:48.404,1.15379,1.15383,1.69,4.83
2020.07.22 02:02:48.724,1.1538,1.15383,0.75,2.25
2020.07.22 02:02:48.826,1.15379,1.15383,2.44,2.25
2020.07.22 02:02:49.086,1.1538,1.15383,1.57,2.25
2020.07.22 02:02:50.243,1.15379,1.15383,3.34,2.62
2020.07.22 02:02:51.245,1.1538,1.15383,1.95,1.20
2020.07.22 02:02:51.613,1.15381,1.15383,1.57,0.75
2020.07.22 02:02:52.340,1.1538,1.15383,3.15,1.12
2020.07.22 02:02:53.151,1.15381,1.15383,0.37,0.75
2020.07.22 02:02:55.687,1.15379,1.15382,0.75,0.94
2020.07.22 02:02:56.154,1.1538,1.15382,0.37,0.75
2020.07.22 02:02:56.840,1.1538,1.15383,0.37,4.83
2020.07.22 02:02:56.942,1.15379,1.15383,0.94,4.08
2020.07.22 02:02:58.723,1.15379,1.15382,0.75,1.39
2020.07.22 02:02:58.825,1.15381,1.15382,1.12,0.75
2020.07.22 02:02:58.876,1.15382,1.15384,0.75,0.19
2020.07.22 02:02:58.978,1.15382,1.15385,1.76,0.82
2020.07.22 02:02:59.029,1.15384,1.15386,0.94,1.20
2020.07.22 02:02:59.282,1.15385,1.15386,0.82,0.75
2020.07.22 02:02:59.383,1.15384,1.15386,1.76,0.75
2020.07.22 02:03:01.201,1.15385,1.15386,0.82,0.75
2020.07.22 02:03:01.862,1.15388,1.1539,1.50,1.69
2020.07.22 02:03:01.963,1.15389,1.15391,0.82,0.45
2020.07.22 02:03:02.065,1.15389,1.15392,1.69,0.37
2020.07.22 02:03:02.268,1.1539,1.15392,0.82,0.37
2020.07.22 02:03:02.370,1.15389,1.15392,2.51,0.37
2020.07.22 02:03:02.471,1.15389,1.15394,2.51,2.32
2020.07.22 02:03:03.511,1.15391,1.15394,0.37,1.87
2020.07.22 02:03:04.138,1.15388,1.15393,12.26,1.12
2020.07.22 02:03:04.240,1.15388,1.15392,1.50,0.75
2020.07.22 02:03:04.392,1.15387,1.15392,10.54,1.87
2020.07.22 02:03:05.029,1.15387,1.15391,2.32,2.81
2020.07.22 02:03:05.184,1.15386,1.15391,5.25,2.89
2020.07.22 02:03:05.235,1.15386,1.15389,0.37,0.37
2020.07.22 02:03:07.185,1.15386,1.15388,0.37,0.37
2020.07.22 02:03:07.287,1.15386,1.15387,0.37,0.75
2020.07.22 02:03:07.388,1.15384,1.15388,0.75,5.39
2020.07.22 02:03:08.244,1.15384,1.15387,0.75,1.50
2020.07.22 02:03:09.010,1.15384,1.15388,0.75,5.02
2020.07.22 02:03:10.059,1.15384,1.15387,1.50,0.37
2020.07.22 02:03:11.405,1.15383,1.15387,1.87,2.14
2020.07.22 02:03:11.990,1.15384,1.15387,0.19,1.95
2020.07.22 02:03:14.424,1.15384,1.15388,0.19,5.13
2020.07.22 02:03:14.657,1.15385,1.15388,0.75,5.13
2020.07.22 02:03:14.861,1.15384,1.15388,1.69,2.62
2020.07.22 02:03:15.517,1.15385,1.15388,1.20,2.25
2020.07.22 02:03:15.568,1.15386,1.15388,0.82,3.00
2020.07.22 02:03:15.724,1.15384,1.15388,2.44,2.62
2020.07.22 02:03:15.876,1.15384,1.15387,2.44,0.75
2020.07.22 02:03:17.764,1.15384,1.15388,3.19,1.87
2020.07.22 02:03:18.298,1.15385,1.15388,0.37,1.20
2020.07.22 02:03:21.651,1.15384,1.15387,2.06,0.75
2020.07.22 02:03:22.301,1.15384,1.15388,1.39,1.50
2020.07.22 02:03:24.742,1.15384,1.15387,0.75,0.37
2020.07.22 02:03:24.844,1.15383,1.15387,2.62,4.39
2020.07.22 02:03:25.212,1.15382,1.15385,3.37,0.37
2020.07.22 02:03:25.315,1.15381,1.15385,0.75,4.01
2020.07.22 02:03:25.519,1.15381,1.15384,1.57,0.37
2020.07.22 02:03:25.620,1.15381,1.15385,0.75,2.81
2020.07.22 02:03:25.880,1.1538,1.15385,6.00,3.26
2020.07.22 02:03:27.224,1.1538,1.15384,6.00,0.37
2020.07.22 02:03:27.662,1.15378,1.15382,3.00,0.75
2020.07.22 02:03:27.970,1.15379,1.15382,0.75,0.75
2020.07.22 02:03:28.182,1.15378,1.15382,1.50,0.75
2020.07.22 02:03:30.245,1.15378,1.15383,2.14,6.33
2020.07.22 02:03:30.346,1.15379,1.15383,1.84,4.08
2020.07.22 02:03:30.599,1.15378,1.15383,6.26,1.50
2020.07.22 02:03:30.700,1.15379,1.15383,2.51,1.50
2020.07.22 02:03:30.802,1.15378,1.15383,6.94,1.50
2020.07.22 02:03:30.954,1.15379,1.15383,0.82,1.50
2020.07.22 02:03:31.055,1.15378,1.15383,5.51,1.50
2020.07.22 02:03:31.309,1.15379,1.15383,1.50,1.50
2020.07.22 02:03:32.214,1.1538,1.15383,0.75,1.87
2020.07.22 02:03:32.315,1.15379,1.15383,2.32,1.87
2020.07.22 02:03:35.578,1.1538,1.15383,0.37,1.87
2020.07.22 02:03:36.524,1.1538,1.15383,0.74,6.44
2020.07.22 02:03:38.040,1.1538,1.15383,0.37,6.89
2020.07.22 02:03:38.533,1.15381,1.15383,0.37,2.81
2020.07.22 02:03:39.517,1.1538,1.15383,0.37,2.89
2020.07.22 02:03:40.072,1.15378,1.15381,2.25,0.75
2020.07.22 02:03:40.123,1.15376,1.1538,1.65,1.87
2020.07.22 02:03:40.275,1.15375,1.15379,5.70,0.19
2020.07.22 02:03:40.478,1.15375,1.15377,0.37,0.75
2020.07.22 02:03:40.701,1.15374,1.15377,1.69,0.75
2020.07.22 02:03:44.053,1.15373,1.15378,2.32,6.07
2020.07.22 02:03:45.954,1.15374,1.15378,0.37,3.56
2020.07.22 02:03:48.081,1.15374,1.15377,0.37,0.75
2020.07.22 02:03:48.183,1.15373,1.15375,0.37,0.75
2020.07.22 02:03:48.834,1.15372,1.15375,1.12,0.75
2020.07.22 02:03:49.374,1.15374,1.15376,0.37,0.10
2020.07.22 02:03:49.475,1.15374,1.15378,0.37,2.81
2020.07.22 02:03:49.526,1.15376,1.15378,0.37,1.69
2020.07.22 02:03:50.523,1.15376,1.15379,4.20,0.94
2020.07.22 02:03:51.176,1.15377,1.1538,0.10,2.51
2020.07.22 02:03:51.278,1.15378,1.15381,3.75,1.69
2020.07.22 02:03:51.379,1.15376,1.15381,5.02,4.76
2020.07.22 02:03:51.481,1.15376,1.15379,5.25,0.94
2020.07.22 02:03:52.209,1.15377,1.1538,0.37,0.94
2020.07.22 02:03:52.310,1.15378,1.1538,0.37,0.94
2020.07.22 02:03:52.513,1.15376,1.15379,4.50,0.19
2020.07.22 02:03:52.715,1.15376,1.1538,3.37,2.14
2020.07.22 02:03:52.816,1.15376,1.15379,3.75,0.19
2020.07.22 02:03:52.917,1.15377,1.1538,0.75,1.76
2020.07.22 02:03:53.019,1.15378,1.15381,0.75,0.94
2020.07.22 02:03:53.120,1.15379,1.15381,0.75,0.75
2020.07.22 02:03:53.246,1.15379,1.15382,0.75,4.31
2020.07.22 02:03:53.483,1.15378,1.15382,1.12,3.56
2020.07.22 02:03:59.231,1.15379,1.15382,0.37,2.25
2020.07.22 02:04:00.332,1.15378,1.15382,4.87,2.06
2020.07.22 02:04:00.666,1.15379,1.15381,0.37,0.37
2020.07.22 02:04:07.560,1.1538,1.15382,0.37,2.81
2020.07.22 02:04:08.708,1.15378,1.15382,4.50,2.06
2020.07.22 02:04:15.967,1.15379,1.15382,0.37,1.69
2020.07.22 02:04:21.120,1.15379,1.15381,0.75,0.37
2020.07.22 02:04:21.221,1.15378,1.1538,0.37,0.19
2020.07.22 02:04:21.817,1.15376,1.1538,4.95,0.94
2020.07.22 02:04:21.918,1.15376,1.15381,4.20,4.31
2020.07.22 02:04:22.020,1.15376,1.15379,1.12,0.19
2020.07.22 02:04:23.966,1.15375,1.15379,6.37,0.19
2020.07.22 02:04:25.115,1.15374,1.15377,0.19,0.75
2020.07.22 02:04:30.990,1.15373,1.15377,0.75,2.44
2020.07.22 02:04:31.343,1.15372,1.15377,9.26,2.44
2020.07.22 02:04:31.546,1.15373,1.15377,0.75,2.44
2020.07.22 02:04:33.287,1.15374,1.15377,0.19,0.75
2020.07.22 02:04:33.389,1.15374,1.15378,2.14,3.33
2020.07.22 02:04:33.490,1.15375,1.15378,3.75,0.10
2020.07.22 02:04:33.592,1.15376,1.1538,0.75,2.06
2020.07.22 02:04:34.162,1.15377,1.1538,0.82,0.37
2020.07.22 02:04:34.264,1.15379,1.15381,0.82,1.31
2020.07.22 02:04:34.604,1.15378,1.15381,0.75,1.31
2020.07.22 02:04:35.509,1.15376,1.15381,4.95,2.51
2020.07.22 02:04:35.610,1.15377,1.1538,0.75,0.75
2020.07.22 02:04:35.712,1.15377,1.15379,0.75,0.37
2020.07.22 02:04:36.145,1.15376,1.15379,0.75,0.37
2020.07.22 02:04:39.042,1.15375,1.15379,1.50,1.50
2020.07.22 02:04:39.215,1.15375,1.1538,1.50,7.64
2020.07.22 02:04:39.466,1.15376,1.1538,0.75,5.02
2020.07.22 02:04:40.516,1.15376,1.15378,0.75,0.37
2020.07.22 02:04:41.123,1.15375,1.15378,1.87,0.37
2020.07.22 02:04:41.540,1.15375,1.15379,5.25,0.37
2020.07.22 02:04:42.044,1.15376,1.15379,1.50,0.37
2020.07.22 02:04:42.762,1.15376,1.1538,5.70,2.81
2020.07.22 02:04:42.965,1.15377,1.1538,0.75,4.94
2020.07.22 02:04:44.897,1.15379,1.15382,1.12,1.20
2020.07.22 02:04:44.999,1.15379,1.15384,2.06,4.27
2020.07.22 02:04:45.100,1.15381,1.15384,0.37,4.64
2020.07.22 02:04:45.201,1.15382,1.15384,1.50,1.69
2020.07.22 02:04:45.303,1.1538,1.15384,0.75,4.94
2020.07.22 02:04:45.404,1.15379,1.15383,2.44,0.75
2020.07.22 02:04:45.658,1.15378,1.15382,4.50,0.94
2020.07.22 02:04:46.546,1.15379,1.15382,0.19,0.75
2020.07.22 02:04:47.388,1.15378,1.15381,0.75,0.94
2020.07.22 02:04:47.608,1.15377,1.15381,3.75,0.19
2020.07.22 02:04:48.476,1.15377,1.1538,0.37,0.56
2020.07.22 02:04:49.136,1.15376,1.1538,1.12,0.56
2020.07.22 02:04:51.864,1.15376,1.15379,0.75,0.37
2020.07.22 02:04:51.965,1.15375,1.15379,1.50,0.37
2020.07.22 02:04:52.319,1.15375,1.15378,0.82,0.37
2020.07.22 02:04:52.521,1.15376,1.15378,0.75,0.37
2020.07.22 02:04:53.009,1.15377,1.15378,0.37,0.37
2020.07.22 02:04:53.429,1.15376,1.15379,0.37,0.56
2020.07.22 02:04:53.530,1.15376,1.15378,0.37,0.37
2020.07.22 02:04:53.760,1.15375,1.15378,0.75,0.37
2020.07.22 02:04:54.268,1.15374,1.15379,8.89,0.56
2020.07.22 02:04:55.739,1.15375,1.15379,0.37,0.56
2020.07.22 02:04:56.148,1.15376,1.15379,0.37,0.56
2020.07.22 02:04:58.101,1.15378,1.1538,0.19,1.87
2020.07.22 02:04:58.203,1.15378,1.15381,1.69,3.33
2020.07.22 02:04:58.304,1.15379,1.15382,0.75,0.75
2020.07.22 02:04:59.268,1.1538,1.15382,1.50,0.75
2020.07.22 02:04:59.369,1.15379,1.15383,5.89,0.75
2020.07.22 02:04:59.471,1.1538,1.15383,0.75,0.75
2020.07.22 02:04:59.738,1.15381,1.15383,1.57,0.75
2020.07.22 02:05:01.177,1.15382,1.15383,2.25,0.75
2020.07.22 02:05:01.228,1.15382,1.15386,7.57,1.20
2020.07.22 02:05:01.329,1.15383,1.15387,3.94,0.37
2020.07.22 02:05:01.482,1.15384,1.15387,0.82,0.37
2020.07.22 02:05:01.583,1.15383,1.15387,3.75,0.56
2020.07.22 02:05:03.728,1.15384,1.15387,2.62,0.37
2020.07.22 02:05:03.830,1.15384,1.15388,3.37,1.31
2020.07.22 02:05:06.634,1.15383,1.15388,8.81,0.94
2020.07.22 02:05:08.315,1.15383,1.15387,6.94,0.37
2020.07.22 02:05:09.771,1.15384,1.15387,0.75,0.37
2020.07.22 02:05:09.872,1.15383,1.15387,3.94,0.37
2020.07.22 02:05:10.777,1.15383,1.15386,0.37,0.94
2020.07.22 02:05:10.980,1.15382,1.15386,1.87,1.31
2020.07.22 02:05:11.571,1.15381,1.15385,4.12,1.31
2020.07.22 02:05:11.676,1.1538,1.15383,3.00,0.94
2020.07.22 02:05:11.785,1.15379,1.15383,6.45,0.94
2020.07.22 02:05:12.165,1.1538,1.15383,0.75,0.94
2020.07.22 02:05:12.317,1.15379,1.15383,3.45,1.31
2020.07.22 02:05:13.769,1.15379,1.15382,6.64,0.19
2020.07.22 02:05:13.870,1.15379,1.15383,6.71,0.82
2020.07.22 02:05:13.971,1.15379,1.15384,6.64,3.64
2020.07.22 02:05:14.073,1.15379,1.15383,5.32,0.94
2020.07.22 02:05:14.575,1.1538,1.15383,0.75,1.31
2020.07.22 02:05:14.676,1.15379,1.15383,5.25,1.31
2020.07.22 02:05:17.931,1.1538,1.15383,0.82,0.37
2020.07.22 02:05:18.033,1.15381,1.15384,0.82,2.89
2020.07.22 02:05:18.134,1.15383,1.15386,2.44,0.75
2020.07.22 02:05:18.236,1.15383,1.15387,2.25,4.31
2020.07.22 02:05:18.337,1.15383,1.15386,1.50,1.69
2020.07.22 02:05:18.489,1.15382,1.15386,1.12,3.82
2020.07.22 02:05:18.614,1.15382,1.15385,1.87,0.37
2020.07.22 02:05:18.917,1.15381,1.15385,6.45,1.12
2020.07.22 02:05:19.019,1.15382,1.15385,0.37,1.12
2020.07.22 02:05:19.120,1.15381,1.15385,6.00,0.75
2020.07.22 02:05:19.273,1.15382,1.15385,0.37,0.75
2020.07.22 02:05:21.106,1.15381,1.15385,7.20,0.94
2020.07.22 02:05:25.075,1.15382,1.15385,0.37,1.69
2020.07.22 02:05:26.340,1.15381,1.15385,1.87,0.94
2020.07.22 02:05:28.141,1.15382,1.15385,0.75,1.31
2020.07.22 02:05:29.069,1.15381,1.15385,2.32,0.94
2020.07.22 02:05:29.409,1.15382,1.15385,0.37,0.94
2020.07.22 02:05:30.069,1.15381,1.15385,1.50,1.31
2020.07.22 02:05:30.542,1.15382,1.15385,0.10,1.31
2020.07.22 02:05:30.643,1.15381,1.15385,1.57,1.31
2020.07.22 02:05:33.643,1.15382,1.15385,0.82,0.94
2020.07.22 02:05:33.744,1.15381,1.15385,1.57,1.01
2020.07.22 02:05:34.102,1.15381,1.15384,2.40,0.19
2020.07.22 02:05:35.933,1.15381,1.15382,0.75,1.50
2020.07.22 02:05:36.135,1.1538,1.15383,0.75,0.82
2020.07.22 02:05:36.416,1.15379,1.15383,3.07,0.82
2020.07.22 02:05:37.096,1.15379,1.15382,2.70,0.19
2020.07.22 02:05:37.202,1.15379,1.15383,2.89,0.75
2020.07.22 02:05:42.899,1.1538,1.15383,0.75,1.57
2020.07.22 02:05:43.016,1.15379,1.15383,2.51,0.82
2020.07.22 02:05:44.165,1.1538,1.15383,0.37,0.75
2020.07.22 02:05:44.267,1.1538,1.15384,2.02,2.89
2020.07.22 02:05:44.739,1.15381,1.15384,0.10,2.81
2020.07.22 02:05:44.842,1.15382,1.15385,0.75,6.14
2020.07.22 02:05:45.897,1.15383,1.15385,1.57,1.69
2020.07.22 02:05:45.998,1.15382,1.15385,1.57,2.89
2020.07.22 02:05:46.357,1.15383,1.15385,0.75,2.14
2020.07.22 02:05:46.509,1.15382,1.15385,1.95,2.14
2020.07.22 02:05:48.014,1.15381,1.15385,2.32,1.69
2020.07.22 02:05:48.323,1.15382,1.15385,0.75,1.69
2020.07.22 02:05:48.425,1.15381,1.15385,2.32,1.69
2020.07.22 02:05:53.955,1.1538,1.15383,5.70,0.94
2020.07.22 02:05:55.678,1.15381,1.15385,1.65,4.01
2020.07.22 02:05:59.444,1.15382,1.15385,0.82,4.01
2020.07.22 02:06:02.501,1.15381,1.15385,2.77,2.51
2020.07.22 02:06:11.320,1.15382,1.15384,0.75,0.75
2020.07.22 02:06:11.541,1.15381,1.15385,1.57,2.51
2020.07.22 02:06:20.380,1.15382,1.15385,0.82,2.89
2020.07.22 02:06:20.481,1.15381,1.15385,2.70,2.89
2020.07.22 02:06:20.712,1.15382,1.15385,0.82,2.51
2020.07.22 02:06:20.865,1.15381,1.15385,2.77,2.51
2020.07.22 02:06:25.040,1.1538,1.15384,4.20,2.06
2020.07.22 02:06:25.141,1.1538,1.15383,0.37,0.19
2020.07.22 02:06:25.243,1.15376,1.1538,3.82,0.94
2020.07.22 02:06:25.344,1.15375,1.15379,4.20,0.19
2020.07.22 02:06:25.446,1.15374,1.15379,5.51,2.51
2020.07.22 02:06:29.531,1.15376,1.15378,0.82,0.75
2020.07.22 02:06:29.633,1.15375,1.15378,0.82,1.69
2020.07.22 02:06:29.684,1.15379,1.1538,0.10,0.45
2020.07.22 02:06:29.735,1.15379,1.15383,0.10,6.14
2020.07.22 02:06:30.615,1.1538,1.15383,0.37,1.69
2020.07.22 02:06:31.393,1.1538,1.15382,0.37,0.94
2020.07.22 02:06:31.444,1.15378,1.15381,0.37,0.94
2020.07.22 02:06:31.546,1.15376,1.1538,1.95,0.94
2020.07.22 02:06:31.647,1.15374,1.15378,0.90,2.44
2020.07.22 02:06:31.900,1.15374,1.15377,1.20,0.19
2020.07.22 02:06:34.102,1.15374,1.15378,3.56,0.75
2020.07.22 02:06:34.204,1.15376,1.15378,0.37,0.75
2020.07.22 02:06:34.305,1.15376,1.15379,0.37,0.94
2020.07.22 02:06:35.256,1.15378,1.15379,0.37,0.75
2020.07.22 02:06:35.307,1.1538,1.15381,0.37,1.20
2020.07.22 02:06:35.409,1.1538,1.15383,1.20,0.19
2020.07.22 02:06:35.561,1.15381,1.15383,0.82,0.19
2020.07.22 02:06:40.195,1.15383,1.15384,0.82,0.19
2020.07.22 02:06:40.246,1.15384,1.15386,0.75,0.75
2020.07.22 02:06:40.347,1.15385,1.15387,0.37,0.75
2020.07.22 02:06:40.398,1.15386,1.15389,1.20,1.76
2020.07.22 02:06:40.954,1.15384,1.15388,0.45,0.94
2020.07.22 02:06:41.056,1.15384,1.15387,0.37,0.19
2020.07.22 02:06:42.992,1.15383,1.15387,2.62,1.31
2020.07.22 02:06:47.096,1.15384,1.15387,0.75,2.06
2020.07.22 02:06:47.368,1.15383,1.15386,0.37,0.19
2020.07.22 02:06:47.673,1.15382,1.15386,1.12,2.06
2020.07.22 02:06:47.978,1.15382,1.15385,0.37,0.19
2020.07.22 02:06:49.163,1.15383,1.15385,0.82,0.94
2020.07.22 02:06:49.315,1.15383,1.15386,2.25,2.81
2020.07.22 02:06:49.517,1.15384,1.15387,1.12,0.10
2020.07.22 02:06:49.618,1.15384,1.15388,0.37,3.56
2020.07.22 02:06:51.199,1.15385,1.15388,0.75,0.37
2020.07.22 02:06:51.301,1.15384,1.15388,3.94,0.37
2020.07.22 02:06:52.477,1.15385,1.15388,0.37,1.20
2020.07.22 02:06:52.579,1.15383,1.15387,1.12,0.94
2020.07.22 02:06:52.746,1.15383,1.15386,0.37,1.50
2020.07.22 02:06:52.847,1.15382,1.15386,7.01,1.50
2020.07.22 02:06:53.579,1.15383,1.15386,0.37,1.69
2020.07.22 02:06:56.218,1.15382,1.15386,5.70,2.06
2020.07.22 02:06:56.733,1.15383,1.15386,0.75,2.81
2020.07.22 02:06:56.834,1.15382,1.15386,6.52,2.06
2020.07.22 02:06:57.990,1.15381,1.15385,4.12,2.06
2020.07.22 02:06:58.580,1.15381,1.15384,1.12,0.75
2020.07.22 02:07:00.015,1.1538,1.15384,5.81,0.75
2020.07.22 02:07:00.167,1.15381,1.15384,0.75,0.75
2020.07.22 02:07:01.194,1.15382,1.15385,1.20,0.19
2020.07.22 02:07:01.296,1.15383,1.15387,1.95,0.94
2020.07.22 02:07:01.397,1.15384,1.15388,0.10,1.31
2020.07.22 02:07:03.643,1.15385,1.15389,0.75,3.56
2020.07.22 02:07:03.745,1.15384,1.15389,8.51,2.81
2020.07.22 02:07:03.948,1.15385,1.15389,1.57,2.81
2020.07.22 02:07:04.050,1.15384,1.15389,8.51,2.81
2020.07.22 02:07:04.152,1.15385,1.15389,0.37,2.89
2020.07.22 02:07:06.326,1.15385,1.15388,0.37,0.75
2020.07.22 02:07:06.428,1.15385,1.15389,0.37,2.89
2020.07.22 02:07:07.773,1.15386,1.15389,0.37,1.69
2020.07.22 02:07:08.917,1.15388,1.15389,0.75,0.75
2020.07.22 02:07:08.968,1.15388,1.15391,4.50,0.45
2020.07.22 02:07:09.069,1.15388,1.15392,5.21,1.20
2020.07.22 02:07:09.221,1.15389,1.15393,0.45,2.06
2020.07.22 02:07:09.323,1.1539,1.15394,5.02,0.82
2020.07.22 02:07:09.525,1.15391,1.15394,0.82,0.75
2020.07.22 02:07:09.974,1.15392,1.15394,0.75,0.75
2020.07.22 02:07:10.075,1.15391,1.15395,2.62,1.69
2020.07.22 02:07:10.177,1.15392,1.15395,1.87,1.69
2020.07.22 02:07:10.785,1.15394,1.15396,3.00,0.10
2020.07.22 02:07:10.887,1.15395,1.15397,0.37,0.75
2020.07.22 02:07:11.386,1.15395,1.15399,1.12,2.44
2020.07.22 02:07:11.515,1.15396,1.15399,0.37,1.69
2020.07.22 02:07:11.616,1.15397,1.15399,0.37,2.44
2020.07.22 02:07:11.938,1.15396,1.15399,1.95,1.69
2020.07.22 02:07:13.259,1.15397,1.15399,0.82,1.01
2020.07.22 02:07:13.563,1.15396,1.15399,3.00,0.94
2020.07.22 02:07:16.025,1.15397,1.15399,0.82,0.94
2020.07.22 02:07:16.655,1.15396,1.15399,0.75,0.94
2020.07.22 02:07:17.728,1.15397,1.15399,0.82,0.94
2020.07.22 02:07:17.829,1.15396,1.15399,1.95,0.94
2020.07.22 02:07:18.082,1.15396,1.15398,0.37,0.94
2020.07.22 02:07:19.030,1.15395,1.15398,2.32,0.94
2020.07.22 02:07:19.223,1.15396,1.15398,0.37,0.94
2020.07.22 02:07:20.024,1.15395,1.15398,2.32,0.94
2020.07.22 02:07:20.125,1.15395,1.154,5.14,2.14
2020.07.22 02:07:20.227,1.15396,1.154,0.37,1.69
2020.07.22 02:07:20.328,1.15395,1.154,7.76,1.76
2020.07.22 02:07:20.947,1.15396,1.154,0.82,1.01
2020.07.22 02:07:21.049,1.15395,1.154,5.14,1.76
2020.07.22 02:07:21.382,1.15396,1.154,0.82,2.14
2020.07.22 02:07:21.487,1.15395,1.154,5.06,1.76
2020.07.22 02:07:23.770,1.15396,1.154,0.37,1.69
2020.07.22 02:07:24.654,1.15397,1.154,0.82,1.69
2020.07.22 02:07:24.755,1.15396,1.154,1.87,1.69
2020.07.22 02:07:25.507,1.15394,1.15397,0.10,0.19
2020.07.22 02:07:25.608,1.15393,1.15398,3.37,2.44
2020.07.22 02:07:25.710,1.15393,1.15397,2.62,0.19
2020.07.22 02:07:26.064,1.15393,1.15398,2.81,2.32
2020.07.22 02:07:29.228,1.15393,1.15397,1.12,1.50
2020.07.22 02:07:29.533,1.15392,1.15397,1.39,1.57
2020.07.22 02:07:32.452,1.15392,1.15396,1.01,1.50
2020.07.22 02:07:32.553,1.15391,1.15396,1.69,3.37
2020.07.22 02:07:32.655,1.15391,1.15395,0.75,0.56
2020.07.22 02:07:32.857,1.15394,1.15397,0.19,0.45
2020.07.22 02:07:32.959,1.15395,1.15398,0.19,0.75
2020.07.22 02:07:33.060,1.15395,1.15399,1.69,5.21
2020.07.22 02:07:33.263,1.15396,1.15399,0.75,4.01
2020.07.22 02:07:34.232,1.15395,1.15399,1.84,1.50
2020.07.22 02:07:35.062,1.15396,1.15399,0.37,1.50
2020.07.22 02:07:35.163,1.15395,1.15399,1.01,1.50
2020.07.22 02:07:36.122,1.15393,1.15398,6.56,2.44
2020.07.22 02:07:36.274,1.15393,1.15397,0.19,1.12
2020.07.22 02:07:43.846,1.15393,1.15396,0.19,0.82
2020.07.22 02:07:43.948,1.15393,1.15397,0.19,3.71
2020.07.22 02:07:49.076,1.15394,1.15397,0.82,0.75
2020.07.22 02:07:49.487,1.15393,1.15397,1.39,0.75
2020.07.22 02:07:50.031,1.15394,1.15397,0.37,1.57
2020.07.22 02:07:50.132,1.15393,1.15396,1.01,0.37
2020.07.22 02:07:50.233,1.15393,1.15397,0.19,0.75
2020.07.22 02:07:53.003,1.15392,1.15397,6.94,0.75
2020.07.22 02:07:53.860,1.15392,1.15396,6.19,0.75
2020.07.22 02:07:54.163,1.15391,1.15396,6.34,0.75
2020.07.22 02:07:54.985,1.15392,1.15396,0.82,0.75
2020.07.22 02:07:55.087,1.15391,1.15396,7.84,0.75
2020.07.22 02:07:55.514,1.15392,1.15396,0.82,0.75
2020.07.22 02:07:55.615,1.15391,1.15396,6.71,0.75
2020.07.22 02:07:56.477,1.15391,1.15395,5.44,0.37
2020.07.22 02:07:58.616,1.15392,1.15395,0.82,1.12
2020.07.22 02:07:58.785,1.15391,1.15395,2.44,1.50
2020.07.22 02:07:59.717,1.15392,1.15395,0.82,1.12
2020.07.22 02:07:59.974,1.15391,1.15395,2.51,1.12
2020.07.22 02:08:01.638,1.15392,1.15395,0.82,1.12
2020.07.22 02:08:01.911,1.15393,1.15396,3.64,0.75
2020.07.22 02:08:02.013,1.15394,1.15396,0.94,0.75
2020.07.22 02:08:02.114,1.15393,1.15396,2.51,0.75
2020.07.22 02:08:03.014,1.15394,1.15396,1.76,0.75
2020.07.22 02:08:03.115,1.15395,1.15397,1.20,0.75
2020.07.22 02:08:03.166,1.15393,1.15396,6.64,0.75
2020.07.22 02:08:03.268,1.15394,1.15396,1.76,0.75
2020.07.22 02:08:03.369,1.15395,1.15396,0.82,0.75
2020.07.22 02:08:03.420,1.15393,1.15396,2.89,0.75
2020.07.22 02:08:03.674,1.15394,1.15396,0.94,0.75
2020.07.22 02:08:03.776,1.15394,1.15397,2.14,0.75
2020.07.22 02:08:06.177,1.15393,1.15397,0.19,2.25
2020.07.22 02:08:06.279,1.15391,1.15393,1.20,0.75
2020.07.22 02:08:06.381,1.1539,1.15393,2.89,0.75
2020.07.22 02:08:07.059,1.15391,1.15393,0.75,0.75
2020.07.22 02:08:07.161,1.1539,1.15393,5.44,0.75
2020.07.22 02:08:09.057,1.15391,1.15393,0.82,0.75
2020.07.22 02:08:09.953,1.15393,1.15396,4.39,0.82
2020.07.22 02:08:10.055,1.15395,1.15397,0.82,0.75
2020.07.22 02:08:10.585,1.15396,1.15397,0.37,0.75
2020.07.22 02:08:10.686,1.15395,1.15397,1.20,0.75
2020.07.22 02:08:10.788,1.15395,1.15398,1.20,0.75
2020.07.22 02:08:11.167,1.15393,1.15398,5.96,1.12
2020.07.22 02:08:11.269,1.15392,1.15396,2.14,0.75
2020.07.22 02:08:11.421,1.15391,1.15396,6.19,1.50
2020.07.22 02:08:11.522,1.15391,1.15395,0.94,0.75
2020.07.22 02:08:12.317,1.15392,1.15395,1.76,1.12
2020.07.22 02:08:12.419,1.15391,1.15395,1.76,1.12
2020.07.22 02:08:12.520,1.15392,1.15395,0.82,1.12
2020.07.22 02:08:12.695,1.1539,1.15395,7.76,1.12
2020.07.22 02:08:12.949,1.15391,1.15395,0.82,2.62
2020.07.22 02:08:13.051,1.1539,1.15395,4.39,1.95
2020.07.22 02:08:13.153,1.15391,1.15395,1.20,1.87
2020.07.22 02:08:13.256,1.1539,1.15395,4.46,1.87
2020.07.22 02:08:14.014,1.15391,1.15395,0.75,4.12
2020.07.22 02:08:14.578,1.1539,1.15395,4.76,2.70
2020.07.22 02:08:15.498,1.15391,1.15395,0.75,5.51
2020.07.22 02:08:15.599,1.1539,1.15395,3.19,5.51
2020.07.22 02:08:16.244,1.1539,1.15394,3.19,0.37
2020.07.22 02:08:16.772,1.15391,1.15394,0.82,0.37
2020.07.22 02:08:17.197,1.1539,1.15394,7.69,0.37
2020.07.22 02:08:18.766,1.15391,1.15394,0.82,0.37
2020.07.22 02:08:18.870,1.15391,1.15395,1.20,1.87
2020.07.22 02:08:18.971,1.15391,1.15394,1.57,0.37
2020.07.22 02:08:19.139,1.1539,1.15395,6.71,1.87
2020.07.22 02:08:19.529,1.1539,1.15394,6.19,0.37
2020.07.22 02:08:21.550,1.15391,1.15394,0.82,0.37
2020.07.22 02:08:21.601,1.15393,1.15396,4.01,0.10
2020.07.22 02:08:21.703,1.15394,1.15397,2.14,1.50
2020.07.22 02:08:23.175,1.15394,1.15398,2.14,1.87
2020.07.22 02:08:24.713,1.15394,1.15397,0.94,0.75
2020.07.22 02:08:29.026,1.15394,1.15398,3.56,1.87
2020.07.22 02:08:29.127,1.15395,1.15399,0.82,2.88
2020.07.22 02:08:29.229,1.15396,1.154,0.82,1.12
2020.07.22 02:08:30.943,1.15395,1.154,4.31,1.87
2020.07.22 02:08:31.044,1.15395,1.15398,0.37,0.75
2020.07.22 02:08:31.145,1.15394,1.15398,1.50,1.12
2020.07.22 02:08:31.247,1.15393,1.15398,5.06,3.26
2020.07.22 02:08:32.025,1.15393,1.15397,5.06,1.12
2020.07.22 02:08:33.957,1.15394,1.15398,3.19,1.12
2020.07.22 02:08:34.058,1.15396,1.15398,0.82,1.12
2020.07.22 02:08:34.408,1.15396,1.15399,0.82,1.50
2020.07.22 02:08:35.138,1.15394,1.15399,8.14,1.12
2020.07.22 02:08:36.256,1.15394,1.15398,3.75,1.12
2020.07.22 02:08:41.198,1.15393,1.15398,4.31,1.50
2020.07.22 02:08:41.401,1.15392,1.15396,5.25,1.12
2020.07.22 02:08:41.502,1.15391,1.15396,4.31,1.87
2020.07.22 02:08:41.654,1.15391,1.15395,7.31,0.75
2020.07.22 02:08:42.308,1.15392,1.15395,0.75,0.75
2020.07.22 02:08:42.409,1.15391,1.15395,2.62,0.75
2020.07.22 02:08:48.670,1.1539,1.15394,7.31,0.37
2020.07.22 02:08:49.735,1.15391,1.15394,1.50,0.37
2020.07.22 02:08:49.836,1.1539,1.15395,5.06,1.50
2020.07.22 02:08:50.017,1.15391,1.15395,0.75,1.50
2020.07.22 02:08:50.185,1.1539,1.15395,8.14,1.50
2020.07.22 02:08:51.326,1.1539,1.15393,0.19,1.69
2020.07.22 02:08:51.478,1.15389,1.15393,2.44,1.50
2020.07.22 02:08:53.614,1.15389,1.15392,2.44,0.37
2020.07.22 02:08:53.918,1.1539,1.15393,0.75,2.62
2020.07.22 02:08:55.578,1.15389,1.15393,2.44,1.12
2020.07.22 02:09:00.132,1.1539,1.15393,0.75,3.26
2020.07.22 02:09:00.295,1.15389,1.15393,5.44,3.26
2020.07.22 02:09:02.242,1.1539,1.15393,0.82,2.51
2020.07.22 02:09:02.343,1.1539,1.15394,4.84,0.75
2020.07.22 02:09:02.445,1.15391,1.15394,1.20,0.75
2020.07.22 02:09:02.552,1.1539,1.15394,1.84,0.75
2020.07.22 02:09:02.783,1.1539,1.15395,2.21,1.87
2020.07.22 02:09:03.801,1.1539,1.15394,0.94,1.12
2020.07.22 02:09:04.839,1.15391,1.15395,1.20,1.50
2020.07.22 02:09:04.941,1.15392,1.15395,1.57,0.37
2020.07.22 02:09:05.042,1.15393,1.15396,0.82,1.87
2020.07.22 02:09:05.144,1.15392,1.15396,0.37,1.12
2020.07.22 02:09:06.312,1.15391,1.15396,4.69,2.25
2020.07.22 02:09:07.757,1.15391,1.15394,3.00,0.37
2020.07.22 02:09:07.858,1.1539,1.15394,2.06,0.37
2020.07.22 02:09:07.959,1.15391,1.15394,0.82,0.37
2020.07.22 02:09:08.061,1.15391,1.15393,1.57,0.37
2020.07.22 02:09:09.112,1.15391,1.15395,0.82,1.31
2020.07.22 02:09:09.213,1.1539,1.15395,5.62,1.31
2020.07.22 02:09:09.664,1.15391,1.15395,1.57,2.81
2020.07.22 02:09:09.976,1.15392,1.15395,0.82,1.31
2020.07.22 02:09:10.086,1.15391,1.15395,0.37,1.31
2020.07.22 02:09:11.290,1.1539,1.15395,4.12,1.69
2020.07.22 02:09:11.449,1.15389,1.15394,11.21,0.19
2020.07.22 02:09:11.550,1.15389,1.15395,10.39,3.19
2020.07.22 02:09:11.702,1.15389,1.15394,11.21,0.19
2020.07.22 02:09:11.803,1.1539,1.15395,0.82,2.44
2020.07.22 02:09:11.905,1.15389,1.15394,11.21,0.19
2020.07.22 02:09:12.006,1.1539,1.15395,0.82,2.44
2020.07.22 02:09:12.108,1.15389,1.15394,10.46,0.19
2020.07.22 02:09:12.209,1.1539,1.15395,0.82,2.44
2020.07.22 02:09:13.006,1.15391,1.15394,0.37,0.37
2020.07.22 02:09:13.128,1.15391,1.15395,0.75,3.19
2020.07.22 02:09:13.453,1.1539,1.15395,1.57,2.44
2020.07.22 02:09:13.885,1.15391,1.15395,0.37,2.06
2020.07.22 02:09:14.668,1.15392,1.15395,0.82,2.06
2020.07.22 02:09:17.967,1.15391,1.15395,2.25,2.06
2020.07.22 02:09:20.805,1.15391,1.15394,1.50,0.37
2020.07.22 02:09:21.023,1.15391,1.15395,1.50,2.06
2020.07.22 02:09:21.989,1.15389,1.15393,3.75,1.69
2020.07.22 02:09:22.090,1.15388,1.15393,7.46,4.31
2020.07.22 02:09:22.192,1.15388,1.15392,7.20,0.56
2020.07.22 02:09:22.568,1.15389,1.15392,0.19,0.37
2020.07.22 02:09:22.720,1.15388,1.15392,8.14,0.37
2020.07.22 02:09:22.934,1.15389,1.15392,0.75,0.37
2020.07.22 02:09:23.036,1.15388,1.15392,6.56,0.37
2020.07.22 02:09:26.729,1.15388,1.15391,5.44,0.75
2020.07.22 02:09:28.600,1.15388,1.15392,8.06,0.37
2020.07.22 02:09:30.950,1.15389,1.15391,0.37,0.37
2020.07.22 02:09:31.051,1.15388,1.15392,6.34,0.37
2020.07.22 02:09:32.376,1.15389,1.15392,0.82,0.37
2020.07.22 02:09:32.561,1.15388,1.15392,6.71,0.37
2020.07.22 02:09:32.814,1.15389,1.15392,0.82,1.12
2020.07.22 02:09:32.966,1.15388,1.15392,6.56,0.37
2020.07.22 02:09:34.093,1.15389,1.15392,1.50,0.37
2020.07.22 02:09:34.684,1.15388,1.15392,6.19,0.37
2020.07.22 02:09:35.265,1.15389,1.15392,1.50,0.37
2020.07.22 02:09:35.417,1.1539,1.15393,0.82,2.81
2020.07.22 02:09:35.722,1.1539,1.15394,1.20,4.19
2020.07.22 02:09:35.969,1.1539,1.15393,0.75,0.37
2020.07.22 02:09:36.340,1.1539,1.15394,0.75,4.19
2020.07.22 02:09:37.224,1.15389,1.15394,7.46,2.06
2020.07.22 02:09:37.376,1.15389,1.15393,6.75,0.19
2020.07.22 02:09:39.793,1.1539,1.15393,0.82,1.12
2020.07.22 02:09:40.045,1.15391,1.15393,0.82,0.75
2020.07.22 02:09:41.003,1.1539,1.15393,1.20,0.75
2020.07.22 02:09:41.882,1.15391,1.15393,0.82,0.75
2020.07.22 02:09:44.630,1.15393,1.15394,0.75,0.75
2020.07.22 02:09:44.732,1.15393,1.15395,5.14,0.75
2020.07.22 02:09:44.833,1.15394,1.15395,0.82,0.75
2020.07.22 02:09:44.935,1.15393,1.15395,5.89,0.75
2020.07.22 02:09:45.036,1.15394,1.15396,1.20,0.75
2020.07.22 02:09:52.832,1.15393,1.15395,3.19,0.75
2020.07.22 02:09:53.704,1.15392,1.15395,5.25,0.75
2020.07.22 02:09:54.650,1.15391,1.15395,4.01,0.75
2020.07.22 02:09:54.853,1.1539,1.15395,8.51,1.87
2020.07.22 02:09:54.954,1.1539,1.15394,3.00,1.12
2020.07.22 02:09:55.511,1.1539,1.15393,0.75,0.56
2020.07.22 02:09:55.612,1.1539,1.15392,0.75,0.75
2020.07.22 02:10:05.745,1.15389,1.15391,1.12,0.75
2020.07.22 02:10:05.846,1.15389,1.15391,0.75,1.50
2020.07.22 02:10:05.948,1.15386,1.15387,0.45,0.75
2020.07.22 02:10:06.050,1.15385,1.15387,0.75,0.75
2020.07.22 02:10:06.151,1.15385,1.15388,0.37,1.12
2020.07.22 02:10:06.666,1.15386,1.15388,0.37,1.12
2020.07.22 02:10:07.187,1.15385,1.15388,0.37,1.12
2020.07.22 02:10:07.964,1.15384,1.15388,3.00,1.12
2020.07.22 02:10:10.709,1.15385,1.15388,0.19,1.12
2020.07.22 02:10:11.754,1.15385,1.15389,4.76,2.06
2020.07.22 02:10:14.999,1.15385,1.15388,2.25,0.75
2020.07.22 02:10:15.101,1.15383,1.15387,1.57,3.63
2020.07.22 02:10:17.754,1.15384,1.15387,0.75,1.87
2020.07.22 02:10:17.856,1.15383,1.15387,1.87,1.87
2020.07.22 02:10:19.201,1.15384,1.15387,0.82,4.76
2020.07.22 02:10:19.303,1.15385,1.15388,0.75,0.75
2020.07.22 02:10:21.296,1.15386,1.15388,0.19,0.75
2020.07.22 02:10:21.397,1.15386,1.15389,0.19,3.26
2020.07.22 02:10:23.915,1.15389,1.1539,1.50,1.12
2020.07.22 02:10:24.068,1.1539,1.15391,0.75,1.12
2020.07.22 02:10:24.220,1.15391,1.15392,0.19,0.75
2020.07.22 02:10:25.324,1.1539,1.15392,0.94,0.75
2020.07.22 02:10:36.650,1.1539,1.15391,0.75,0.75
2020.07.22 02:10:36.803,1.15387,1.15389,0.94,6.63
2020.07.22 02:10:36.905,1.15386,1.15388,0.19,0.37
2020.07.22 02:10:37.006,1.15385,1.15388,0.19,0.37
2020.07.22 02:10:37.108,1.15386,1.15388,0.19,0.37
2020.07.22 02:10:38.053,1.15386,1.15389,0.19,2.62
2020.07.22 02:10:43.520,1.15388,1.1539,3.26,0.75
2020.07.22 02:10:43.571,1.15389,1.15392,0.94,1.57
2020.07.22 02:10:44.775,1.15389,1.15393,3.19,1.12
2020.07.22 02:10:45.962,1.1539,1.15393,0.19,1.50
2020.07.22 02:10:48.150,1.1539,1.15392,0.94,0.75
2020.07.22 02:10:50.535,1.15389,1.15391,2.44,0.37
2020.07.22 02:10:54.226,1.15389,1.15392,1.69,1.50
2020.07.22 02:10:54.819,1.15389,1.15391,1.69,1.50
2020.07.22 02:10:56.323,1.15389,1.15392,1.69,1.50
2020.07.22 02:10:57.161,1.15389,1.15391,0.19,1.50
2020.07.22 02:11:02.148,1.15389,1.15392,0.19,3.63
2020.07.22 02:11:03.697,1.15388,1.15391,0.19,1.50
2020.07.22 02:11:05.554,1.15389,1.15391,0.19,4.76
2020.07.22 02:11:09.935,1.15389,1.15392,0.94,4.38
2020.07.22 02:11:10.036,1.15389,1.15391,0.94,0.37
2020.07.22 02:11:12.488,1.15387,1.15391,2.81,1.50
2020.07.22 02:11:12.590,1.15387,1.15389,1.87,0.75
2020.07.22 02:11:12.691,1.15386,1.15389,3.19,0.75
2020.07.22 02:11:16.580,1.15385,1.15389,2.81,1.87
2020.07.22 02:11:16.681,1.15385,1.15388,1.12,0.37
2020.07.22 02:11:16.835,1.15384,1.15387,2.32,0.75
2020.07.22 02:11:16.994,1.15384,1.15386,0.75,0.37
2020.07.22 02:11:17.814,1.15383,1.15386,2.25,0.37
2020.07.22 02:11:21.672,1.15381,1.15384,6.64,1.50
2020.07.22 02:11:21.874,1.1538,1.15384,0.94,2.62
2020.07.22 02:11:21.976,1.15379,1.15383,0.19,3.00
2020.07.22 02:11:22.077,1.15378,1.15382,0.94,3.00
2020.07.22 02:11:22.179,1.15379,1.15382,0.94,3.00
2020.07.22 02:11:22.533,1.1538,1.15382,0.37,1.50
2020.07.22 02:11:23.027,1.15379,1.15382,0.19,1.50
2020.07.22 02:11:27.547,1.15378,1.15381,0.94,1.12
2020.07.22 02:11:27.648,1.15379,1.15381,0.19,1.87
2020.07.22 02:11:27.801,1.15379,1.15382,0.19,0.75
2020.07.22 02:11:27.902,1.1538,1.15383,0.19,3.26
2020.07.22 02:11:32.117,1.15379,1.15383,2.44,2.25
2020.07.22 02:11:37.868,1.15378,1.15382,3.19,1.12
2020.07.22 02:11:39.498,1.15379,1.15382,0.19,0.75
2020.07.22 02:11:39.600,1.1538,1.15382,0.37,1.12
2020.07.22 02:11:39.702,1.15379,1.15382,1.01,0.75
2020.07.22 02:11:47.333,1.15379,1.15383,0.19,5.88
2020.07.22 02:11:47.434,1.15379,1.15382,0.19,1.50
2020.07.22 02:11:47.535,1.15379,1.15381,0.19,0.75
2020.07.22 02:11:48.537,1.15379,1.15382,0.19,2.25
2020.07.22 02:11:49.163,1.15378,1.15382,1.69,2.25
2020.07.22 02:11:49.315,1.15379,1.15382,0.19,0.75
2020.07.22 02:11:57.212,1.15379,1.15381,0.19,0.75
2020.07.22 02:11:57.313,1.15378,1.15381,1.69,2.25
2020.07.22 02:11:57.415,1.15379,1.15382,0.19,3.75
2020.07.22 02:11:57.618,1.1538,1.15382,0.19,4.50
2020.07.22 02:11:58.603,1.1538,1.15383,0.19,6.37
2020.07.22 02:11:59.582,1.1538,1.15382,0.19,6.37
2020.07.22 02:12:00.848,1.1538,1.15383,1.39,2.62
2020.07.22 02:12:01.593,1.1538,1.15384,2.14,7.12
2020.07.22 02:12:04.047,1.15381,1.15384,0.37,4.50
2020.07.22 02:12:05.015,1.1538,1.15383,1.69,0.37
2020.07.22 02:12:07.416,1.15382,1.15384,0.82,7.12
2020.07.22 02:12:07.518,1.15383,1.15385,0.82,6.37
2020.07.22 02:12:07.569,1.15381,1.15385,5.89,7.50
2020.07.22 02:12:07.670,1.1538,1.15385,8.96,7.87
2020.07.22 02:12:07.772,1.1538,1.15384,6.19,1.12
2020.07.22 02:12:08.076,1.1538,1.15383,2.44,0.75
2020.07.22 02:12:08.178,1.1538,1.15384,3.94,1.12
2020.07.22 02:12:11.276,1.15379,1.15383,4.69,1.50
2020.07.22 02:12:12.029,1.15379,1.15382,3.19,0.37
2020.07.22 02:12:12.608,1.1538,1.15382,1.01,0.37
2020.07.22 02:12:13.168,1.1538,1.15383,1.39,6.37
2020.07.22 02:12:13.552,1.15379,1.15383,1.69,6.75
2020.07.22 02:12:13.653,1.15379,1.15382,0.19,1.12
2020.07.22 02:12:16.468,1.15378,1.15382,3.19,1.87
2020.07.22 02:12:16.519,1.15378,1.1538,0.94,0.75
2020.07.22 02:12:16.722,1.1538,1.15382,0.19,1.50
2020.07.22 02:12:16.823,1.1538,1.15383,1.01,9.00
2020.07.22 02:12:16.874,1.15378,1.15382,5.89,0.75
2020.07.22 02:12:17.183,1.15379,1.15382,0.94,0.75
2020.07.22 02:12:17.792,1.15381,1.15382,0.82,0.37
2020.07.22 02:12:17.843,1.15379,1.15383,1.76,8.62
2020.07.22 02:12:19.207,1.15379,1.15382,1.69,0.75
2020.07.22 02:12:20.177,1.15379,1.15383,0.94,8.62
2020.07.22 02:12:20.280,1.15378,1.15382,3.19,2.62
2020.07.22 02:12:21.217,1.15378,1.15381,1.01,0.75
2020.07.22 02:12:22.312,1.15379,1.15382,0.56,6.00
2020.07.22 02:12:23.160,1.15379,1.15381,0.19,0.37
2020.07.22 02:12:24.161,1.15379,1.15382,1.69,1.50
2020.07.22 02:12:24.697,1.15379,1.15381,0.19,0.37
2020.07.22 02:12:26.439,1.15378,1.15381,0.19,0.37
2020.07.22 02:12:26.541,1.15377,1.1538,0.75,1.12
2020.07.22 02:12:26.642,1.15379,1.15381,0.37,1.87
2020.07.22 02:12:26.845,1.15379,1.15382,1.76,5.25
2020.07.22 02:12:27.097,1.1538,1.15383,0.37,0.37
2020.07.22 02:12:27.199,1.15379,1.15384,6.71,4.38
2020.07.22 02:12:27.300,1.1538,1.15384,0.82,4.01
2020.07.22 02:12:27.452,1.15379,1.15384,5.89,4.83
2020.07.22 02:12:28.435,1.15379,1.15383,3.94,0.45
2020.07.22 02:12:28.661,1.15379,1.15384,3.94,5.13
2020.07.22 02:12:29.802,1.1538,1.15384,0.75,4.38
2020.07.22 02:12:29.954,1.15379,1.15384,8.59,4.83
2020.07.22 02:12:30.258,1.1538,1.15384,0.75,2.70
2020.07.22 02:12:30.410,1.15379,1.15384,7.76,4.83
2020.07.22 02:12:31.265,1.1538,1.15384,0.82,2.32
2020.07.22 02:12:32.172,1.15379,1.15384,7.76,2.32
2020.07.22 02:12:32.324,1.1538,1.15384,0.82,2.32
2020.07.22 02:12:33.011,1.15381,1.15384,1.01,0.37
2020.07.22 02:12:33.112,1.1538,1.15384,0.19,1.50
2020.07.22 02:12:33.617,1.1538,1.15383,0.26,0.37
2020.07.22 02:12:33.770,1.1538,1.15382,0.64,0.37
2020.07.22 02:12:33.871,1.15381,1.15384,0.82,0.75
2020.07.22 02:12:35.681,1.15382,1.15384,0.82,0.75
2020.07.22 02:12:36.288,1.15381,1.15384,0.26,1.12
2020.07.22 02:12:36.390,1.15379,1.15383,5.21,1.87
2020.07.22 02:12:36.492,1.15378,1.15381,0.37,4.12
2020.07.22 02:12:36.594,1.15377,1.15381,2.62,5.25
2020.07.22 02:12:36.746,1.15377,1.1538,1.57,1.12
2020.07.22 02:12:36.849,1.15375,1.15378,4.95,0.75
2020.07.22 02:12:36.951,1.15373,1.15377,2.25,1.12
2020.07.22 02:12:37.003,1.15372,1.15375,2.70,4.50
2020.07.22 02:12:37.104,1.15371,1.15375,3.19,4.87
2020.07.22 02:12:38.315,1.1537,1.15372,0.75,0.75
2020.07.22 02:12:38.366,1.15367,1.15372,5.89,2.06
2020.07.22 02:12:38.467,1.15367,1.15371,0.37,2.62
2020.07.22 02:12:38.518,1.15366,1.15369,0.75,1.12
2020.07.22 02:12:38.569,1.15364,1.15368,7.16,0.75
2020.07.22 02:12:38.670,1.15362,1.15363,0.37,0.75
2020.07.22 02:12:38.722,1.15359,1.15363,9.82,4.38
2020.07.22 02:12:38.823,1.15358,1.15361,0.34,1.87
2020.07.22 02:12:38.975,1.15357,1.1536,0.37,0.75
2020.07.22 02:12:39.077,1.15358,1.15361,1.31,2.13
2020.07.22 02:12:39.179,1.15359,1.15362,1.31,0.75
2020.07.22 02:12:39.281,1.1536,1.15363,0.19,1.87
2020.07.22 02:12:39.736,1.1536,1.15364,1.57,2.62
2020.07.22 02:12:39.838,1.15363,1.15365,1.12,0.75
2020.07.22 02:12:40.215,1.15363,1.15366,0.75,0.37
2020.07.22 02:12:41.792,1.15361,1.15366,0.94,3.00
2020.07.22 02:12:41.894,1.15361,1.15365,0.19,2.25
2020.07.22 02:12:41.995,1.1536,1.15365,1.12,2.25
2020.07.22 02:12:42.147,1.15361,1.15365,0.37,1.87
2020.07.22 02:12:42.571,1.1536,1.15365,1.87,4.76
2020.07.22 02:12:43.584,1.15363,1.15366,2.81,6.37
2020.07.22 02:12:43.686,1.15363,1.15368,7.39,2.62
2020.07.22 02:12:43.787,1.15364,1.15368,0.37,1.20
2020.07.22 02:12:43.941,1.15365,1.15369,1.50,5.21
2020.07.22 02:12:47.231,1.15366,1.15369,0.37,1.20
2020.07.22 02:12:48.302,1.15365,1.15369,0.37,1.20
2020.07.22 02:12:49.026,1.15366,1.15369,0.82,1.20
2020.07.22 02:12:49.531,1.15367,1.15369,1.95,0.75
2020.07.22 02:12:49.633,1.15368,1.15371,0.82,5.88
2020.07.22 02:12:49.734,1.15367,1.15372,2.06,5.96
2020.07.22 02:12:49.835,1.15367,1.15371,2.81,0.10
2020.07.22 02:12:50.800,1.15366,1.1537,0.56,1.20
2020.07.22 02:12:50.902,1.15365,1.15368,3.56,0.75
2020.07.22 02:12:51.003,1.15363,1.15366,1.69,1.12
2020.07.22 02:12:51.156,1.15362,1.15365,0.19,0.75
2020.07.22 02:12:51.257,1.15361,1.15365,0.56,1.20
2020.07.22 02:12:53.719,1.15361,1.15364,0.19,0.37
2020.07.22 02:12:54.539,1.1536,1.15364,0.19,1.50
2020.07.22 02:12:54.793,1.15361,1.15364,0.37,0.37
2020.07.22 02:12:54.894,1.15362,1.15364,0.37,0.37
2020.07.22 02:12:55.046,1.1536,1.15364,0.56,1.12
2020.07.22 02:12:55.148,1.1536,1.15363,0.56,0.75
2020.07.22 02:12:55.199,1.15358,1.15362,3.56,0.75
2020.07.22 02:12:55.301,1.15358,1.15361,1.69,0.37
2020.07.22 02:12:55.507,1.15356,1.1536,0.94,1.50
2020.07.22 02:12:55.609,1.15355,1.15359,0.19,1.12
2020.07.22 02:12:56.615,1.15355,1.15358,0.19,2.25
2020.07.22 02:12:57.549,1.15354,1.15357,0.19,1.12
2020.07.22 02:12:57.652,1.15354,1.15356,0.19,1.87
2020.07.22 02:12:57.755,1.15352,1.15356,1.69,1.12
2020.07.22 02:12:57.857,1.15351,1.15355,2.06,1.50
2020.07.22 02:12:58.112,1.1535,1.15355,1.69,4.38
2020.07.22 02:12:58.164,1.15352,1.15355,0.75,3.63
2020.07.22 02:13:00.068,1.15353,1.15355,0.75,4.12
2020.07.22 02:13:00.464,1.15352,1.15355,1.69,4.12
2020.07.22 02:13:02.077,1.15351,1.15354,1.31,0.10
2020.07.22 02:13:02.179,1.1535,1.15354,2.06,0.10
2020.07.22 02:13:02.330,1.1535,1.15355,2.44,5.58
2020.07.22 02:13:02.431,1.1535,1.15354,0.75,0.45
2020.07.22 02:13:03.107,1.15349,1.15354,6.94,0.82
2020.07.22 02:13:04.511,1.1535,1.15354,0.37,1.20
2020.07.22 02:13:04.764,1.1535,1.15355,1.31,5.58
2020.07.22 02:13:05.225,1.1535,1.15354,1.31,0.75
2020.07.22 02:13:06.920,1.15353,1.15355,2.44,0.10
2020.07.22 02:13:07.021,1.15353,1.15357,2.81,0.37
2020.07.22 02:13:07.122,1.15354,1.15358,0.75,5.21
2020.07.22 02:13:08.079,1.15353,1.15357,0.75,1.12
2020.07.22 02:13:08.490,1.15354,1.15358,0.37,4.08
2020.07.22 02:13:09.422,1.15353,1.15358,2.81,4.46
2020.07.22 02:13:09.473,1.15353,1.15356,2.81,0.37
2020.07.22 02:13:09.575,1.15352,1.15355,0.37,2.25
2020.07.22 02:13:10.461,1.1535,1.15354,0.94,0.82
2020.07.22 02:13:11.888,1.15349,1.15354,4.31,2.32
2020.07.22 02:13:12.602,1.15349,1.15353,4.31,0.10
2020.07.22 02:13:13.382,1.15347,1.15351,4.39,0.75
2020.07.22 02:13:13.586,1.15347,1.15349,0.19,0.75
2020.07.22 02:13:13.688,1.15345,1.15348,0.94,0.75
2020.07.22 02:13:13.890,1.15344,1.15348,0.19,1.12
2020.07.22 02:13:13.992,1.15344,1.15347,0.19,0.45
2020.07.22 02:13:14.094,1.15343,1.15347,1.69,0.45
2020.07.22 02:13:15.074,1.15344,1.15347,0.75,0.45
2020.07.22 02:13:15.176,1.15343,1.15346,0.94,0.37
2020.07.22 02:13:15.378,1.15343,1.15347,0.94,1.57
2020.07.22 02:13:15.734,1.15344,1.15347,0.37,0.45
2020.07.22 02:13:16.077,1.15343,1.15347,2.44,0.45
2020.07.22 02:13:16.243,1.15344,1.15347,0.19,0.45
2020.07.22 02:13:16.700,1.15344,1.15348,0.56,4.46
2020.07.22 02:13:16.852,1.15345,1.15348,0.19,4.08
2020.07.22 02:13:16.954,1.15344,1.15348,1.31,3.71
2020.07.22 02:13:17.055,1.15345,1.15348,0.19,2.32
2020.07.22 02:13:19.092,1.15345,1.15347,0.19,0.75
2020.07.22 02:13:19.194,1.15343,1.15346,3.94,0.37
2020.07.22 02:13:20.635,1.15344,1.15347,0.75,1.57
2020.07.22 02:13:24.126,1.15344,1.15348,0.75,5.21
2020.07.22 02:13:24.277,1.15345,1.15347,0.37,0.37
2020.07.22 02:13:24.328,1.15347,1.15348,0.37,0.10
2020.07.22 02:13:24.531,1.15348,1.15349,0.19,0.45
2020.07.22 02:13:25.416,1.15353,1.15354,0.75,0.75
2020.07.22 02:13:25.518,1.15352,1.15355,0.37,26.44
2020.07.22 02:13:25.619,1.15353,1.15356,1.69,47.25
2020.07.22 02:13:25.721,1.15352,1.15355,0.19,1.12
2020.07.22 02:13:25.986,1.15351,1.15353,0.19,3.82
2020.07.22 02:13:26.797,1.1535,1.15352,6.19,2.32
2020.07.22 02:13:27.130,1.15349,1.15351,0.94,0.75
2020.07.22 02:13:27.232,1.15348,1.15349,1.01,0.45
2020.07.22 02:13:27.935,1.15349,1.15351,0.37,0.75
2020.07.22 02:13:27.986,1.15348,1.1535,0.56,0.45
2020.07.22 02:13:31.461,1.15348,1.15352,0.19,5.51
2020.07.22 02:13:35.366,1.15348,1.15351,0.19,0.37
2020.07.22 02:13:37.735,1.15348,1.1535,0.19,0.37
2020.07.22 02:13:38.044,1.15348,1.15351,0.19,0.75
2020.07.22 02:13:38.696,1.15347,1.1535,1.50,0.75
2020.07.22 02:13:38.747,1.15346,1.15348,0.75,0.37
2020.07.22 02:13:38.848,1.15345,1.15349,1.69,1.12
2020.07.22 02:13:39.667,1.15345,1.15348,1.69,0.37
2020.07.22 02:13:39.870,1.15344,1.15347,5.81,0.75
2020.07.22 02:13:39.971,1.15345,1.15348,0.19,0.45
2020.07.22 02:13:40.072,1.15344,1.15348,3.56,0.10
2020.07.22 02:13:40.174,1.15345,1.15349,0.94,2.70
2020.07.22 02:13:40.882,1.15345,1.15348,0.94,0.10
2020.07.22 02:13:41.151,1.15346,1.15348,0.82,0.45
2020.07.22 02:13:41.253,1.15345,1.15348,1.31,0.10
2020.07.22 02:13:41.356,1.15345,1.15349,1.31,0.82
2020.07.22 02:13:41.784,1.15345,1.15348,0.94,0.37
2020.07.22 02:13:42.485,1.15345,1.15349,0.94,1.57
2020.07.22 02:13:43.877,1.15345,1.15348,1.01,0.37
2020.07.22 02:13:43.978,1.15345,1.15349,2.14,0.75
2020.07.22 02:13:46.891,1.15348,1.1535,0.82,0.45
2020.07.22 02:13:47.043,1.15349,1.15352,4.95,0.10
2020.07.22 02:13:47.145,1.15349,1.15353,6.56,0.75
2020.07.22 02:13:47.247,1.1535,1.15354,0.75,1.12
2020.07.22 02:13:47.399,1.15349,1.15354,9.71,1.12
2020.07.22 02:13:47.723,1.1535,1.15354,0.82,1.12
2020.07.22 02:13:48.520,1.15348,1.15352,6.45,0.75
2020.07.22 02:13:53.323,1.15349,1.15353,0.82,4.08
2020.07.22 02:13:53.424,1.15349,1.15352,1.57,0.37
2020.07.22 02:13:53.525,1.15348,1.15352,3.94,1.12
2020.07.22 02:13:54.451,1.15348,1.15353,4.69,2.70
2020.07.22 02:13:55.808,1.15348,1.15352,1.69,0.75
2020.07.22 02:13:55.910,1.15348,1.15353,1.69,4.83
2020.07.22 02:13:56.086,1.15348,1.15352,1.31,1.12
2020.07.22 02:13:56.188,1.15347,1.1535,1.87,0.75
2020.07.22 02:13:56.290,1.15346,1.1535,1.50,0.75
2020.07.22 02:13:57.978,1.15347,1.1535,0.75,1.50
2020.07.22 02:13:59.047,1.15346,1.1535,0.94,4.76
2020.07.22 02:13:59.199,1.15345,1.15349,1.69,1.12
2020.07.22 02:14:00.770,1.15345,1.15348,0.94,0.75
2020.07.22 02:14:01.104,1.15345,1.15349,0.19,0.75
2020.07.22 02:14:02.232,1.15345,1.15348,0.19,2.13
2020.07.22 02:14:02.334,1.15345,1.15349,0.19,0.82
2020.07.22 02:14:03.697,1.15345,1.15347,0.19,0.37
2020.07.22 02:14:03.798,1.15346,1.15347,0.75,0.37
2020.07.22 02:14:03.901,1.15346,1.15348,0.75,2.58
2020.07.22 02:14:04.469,1.15345,1.15348,0.94,2.88
2020.07.22 02:14:05.428,1.15346,1.15348,0.75,0.37
2020.07.22 02:14:06.374,1.15346,1.15349,0.75,5.58
2020.07.22 02:14:07.171,1.15346,1.15348,1.12,0.37
2020.07.22 02:14:07.580,1.1535,1.15351,0.75,1.20
2020.07.22 02:14:07.630,1.1535,1.15353,0.75,5.13
2020.07.22 02:14:07.833,1.15351,1.15353,0.75,1.12
2020.07.22 02:14:07.934,1.1535,1.15353,0.94,1.12
2020.07.22 02:14:08.036,1.15351,1.15353,0.75,0.75
2020.07.22 02:14:08.137,1.1535,1.15353,0.75,3.45
2020.07.22 02:14:08.239,1.15349,1.15352,0.75,1.20
2020.07.22 02:14:08.785,1.15348,1.15352,0.94,4.91
2020.07.22 02:14:09.207,1.15348,1.15351,0.94,0.75
2020.07.22 02:14:10.073,1.15349,1.15351,0.75,0.75
2020.07.22 02:14:10.174,1.15349,1.15352,0.75,1.95
2020.07.22 02:14:10.276,1.15349,1.15351,0.75,0.75
2020.07.22 02:14:10.714,1.15349,1.1535,1.57,0.37
2020.07.22 02:14:10.818,1.15349,1.15351,0.75,0.37
2020.07.22 02:14:11.256,1.15349,1.15352,0.75,5.21
2020.07.22 02:14:11.766,1.15349,1.15351,0.75,0.37
2020.07.22 02:14:12.026,1.15349,1.15352,0.75,4.83
2020.07.22 02:14:14.222,1.15348,1.15352,0.94,2.70
2020.07.22 02:14:14.531,1.15348,1.15351,0.94,0.37
2020.07.22 02:14:17.623,1.1535,1.15351,0.75,0.37
2020.07.22 02:14:17.725,1.15351,1.15352,0.75,0.75
2020.07.22 02:14:17.776,1.15351,1.15354,0.75,1.95
2020.07.22 02:14:19.118,1.1535,1.15353,3.19,0.37
2020.07.22 02:14:20.267,1.1535,1.15354,3.19,4.38
2020.07.22 02:14:20.368,1.15352,1.15354,0.75,4.38
2020.07.22 02:14:20.672,1.15352,1.15355,0.75,4.83
2020.07.22 02:14:22.065,1.15352,1.15354,0.75,0.37
2020.07.22 02:14:22.318,1.15351,1.15354,0.75,0.37
2020.07.22 02:14:22.985,1.15351,1.15355,1.12,4.76
2020.07.22 02:14:28.633,1.15352,1.15354,0.37,1.12
2020.07.22 02:14:29.186,1.15351,1.15354,1.12,1.12
2020.07.22 02:14:30.878,1.15352,1.15354,0.82,0.75
2020.07.22 02:14:34.341,1.15354,1.15357,0.94,3.71
2020.07.22 02:14:34.442,1.15355,1.15358,1.12,2.13
2020.07.22 02:14:34.544,1.15356,1.15359,0.75,3.63
2020.07.22 02:14:37.085,1.15356,1.1536,1.12,1.12
2020.07.22 02:14:37.349,1.15356,1.15359,0.75,0.37
2020.07.22 02:14:38.550,1.15356,1.1536,1.95,1.50
2020.07.22 02:14:38.670,1.15356,1.15359,0.75,0.10
2020.07.22 02:14:38.772,1.15356,1.1536,0.75,1.87
2020.07.22 02:14:39.025,1.15356,1.15359,1.12,0.37
2020.07.22 02:14:39.126,1.15356,1.1536,0.75,2.06
2020.07.22 02:14:40.184,1.15357,1.15359,0.37,0.75
2020.07.22 02:14:40.336,1.15356,1.1536,0.75,2.06
2020.07.22 02:14:40.538,1.15357,1.1536,0.75,2.06
2020.07.22 02:14:40.639,1.15356,1.1536,1.57,1.12
2020.07.22 02:14:40.892,1.15356,1.15359,1.12,0.75
2020.07.22 02:14:40.993,1.15356,1.1536,1.12,4.19
2020.07.22 02:14:42.553,1.15357,1.1536,1.57,2.51
2020.07.22 02:14:42.655,1.15357,1.15359,1.50,0.37
2020.07.22 02:14:42.756,1.15355,1.1536,3.26,4.19
2020.07.22 02:14:42.858,1.15356,1.1536,0.75,2.14
2020.07.22 02:14:43.161,1.15355,1.1536,5.14,1.87
2020.07.22 02:14:43.313,1.15356,1.15359,1.95,0.37
2020.07.22 02:14:43.763,1.15356,1.1536,1.95,1.50
2020.07.22 02:14:43.865,1.15357,1.1536,0.82,1.50
2020.07.22 02:14:44.679,1.15356,1.1536,1.76,1.50
2020.07.22 02:14:44.832,1.15357,1.1536,0.82,1.50
2020.07.22 02:14:45.098,1.15356,1.1536,1.76,1.12
2020.07.22 02:14:50.042,1.15355,1.15359,1.69,0.37
2020.07.22 02:14:51.020,1.15356,1.15359,0.37,1.12
2020.07.22 02:14:51.419,1.15355,1.15359,4.69,0.37
2020.07.22 02:14:51.523,1.15356,1.15359,0.82,0.37
2020.07.22 02:14:51.625,1.15356,1.1536,1.31,1.20
2020.07.22 02:14:53.607,1.15357,1.1536,0.82,1.12
2020.07.22 02:14:53.708,1.15356,1.1536,1.76,1.12
2020.07.22 02:14:54.108,1.15355,1.1536,5.14,2.06
2020.07.22 02:14:55.293,1.15356,1.1536,0.75,1.57
2020.07.22 02:14:59.414,1.15357,1.1536,0.37,1.12
2020.07.22 02:14:59.465,1.15359,1.1536,1.57,1.50
2020.07.22 02:14:59.567,1.15359,1.15362,0.82,1.87
2020.07.22 02:14:59.668,1.15357,1.1536,3.00,0.37
2020.07.22 02:14:59.770,1.15356,1.1536,0.75,0.75
2020.07.22 02:14:59.871,1.15355,1.1536,4.39,2.06
2020.07.22 02:15:00.268,1.15355,1.15359,1.01,0.37
2020.07.22 02:15:02.339,1.15354,1.15357,1.69,0.37
2020.07.22 02:15:02.440,1.15353,1.15357,1.12,0.75
2020.07.22 02:15:02.542,1.15352,1.15355,1.12,0.37
2020.07.22 02:15:03.008,1.15351,1.15355,1.31,1.12
2020.07.22 02:15:05.006,1.15352,1.15355,1.76,0.37
2020.07.22 02:15:05.168,1.15354,1.15357,1.57,3.33
2020.07.22 02:15:05.270,1.15355,1.15358,0.94,0.75
2020.07.22 02:15:05.371,1.15355,1.15359,0.94,3.26
2020.07.22 02:15:05.475,1.15355,1.15358,1.31,0.75
2020.07.22 02:15:05.589,1.15355,1.15359,0.94,3.26
2020.07.22 02:15:06.049,1.15356,1.15359,1.95,1.12
2020.07.22 02:15:06.156,1.15356,1.15358,1.95,0.37
2020.07.22 02:15:06.258,1.15355,1.15359,3.64,1.87
2020.07.22 02:15:06.511,1.15355,1.15358,0.19,0.75
2020.07.22 02:15:06.614,1.15354,1.15358,0.94,3.63
2020.07.22 02:15:06.827,1.15354,1.15357,0.19,0.37
2020.07.22 02:15:09.213,1.15354,1.15356,0.19,0.37
2020.07.22 02:15:09.314,1.15353,1.15355,1.12,0.37
2020.07.22 02:15:09.365,1.15351,1.15356,5.44,2.62
2020.07.22 02:15:09.643,1.15352,1.15356,0.37,1.95
2020.07.22 02:15:09.744,1.15351,1.15355,1.31,0.37
2020.07.22 02:15:10.302,1.1535,1.15354,2.06,0.75
2020.07.22 02:15:10.454,1.15349,1.15354,0.56,2.70
2020.07.22 02:15:10.505,1.15349,1.15352,0.37,0.37
2020.07.22 02:15:10.606,1.15348,1.15352,0.37,1.12
2020.07.22 02:15:10.988,1.15347,1.15351,1.31,0.37
2020.07.22 02:15:11.140,1.15347,1.1535,1.69,0.37
2020.07.22 02:15:11.241,1.15347,1.15351,1.31,0.37
2020.07.22 02:15:12.254,1.15347,1.1535,0.94,0.37
2020.07.22 02:15:12.355,1.15347,1.15351,0.19,1.95
2020.07.22 02:15:12.456,1.15346,1.1535,0.75,0.37
2020.07.22 02:15:13.637,1.15347,1.1535,1.76,0.37
2020.07.22 02:15:13.739,1.15347,1.15351,2.14,1.87
2020.07.22 02:15:18.912,1.15348,1.15351,1.12,0.37
2020.07.22 02:15:20.267,1.15348,1.15352,4.12,3.26
2020.07.22 02:15:25.476,1.15347,1.15352,2.06,3.63
2020.07.22 02:15:26.632,1.15348,1.15352,1.12,1.12
2020.07.22 02:15:26.845,1.15347,1.15352,2.06,1.87
2020.07.22 02:15:27.739,1.15349,1.15352,0.75,3.26
2020.07.22 02:15:27.841,1.1535,1.15353,0.19,0.82
2020.07.22 02:15:27.942,1.1535,1.15354,0.94,3.63
2020.07.22 02:15:30.313,1.1535,1.15353,1.76,0.37
2020.07.22 02:15:30.414,1.1535,1.15354,0.94,3.63
2020.07.22 02:15:32.944,1.1535,1.15353,2.51,0.37
2020.07.22 02:15:33.045,1.1535,1.15354,1.76,3.26
2020.07.22 02:15:35.012,1.15351,1.15354,0.75,2.88
2020.07.22 02:15:35.214,1.15353,1.15356,1.69,0.45
2020.07.22 02:15:35.315,1.15354,1.15357,0.37,1.50
2020.07.22 02:15:35.518,1.15353,1.15357,1.87,4.01
2020.07.22 02:15:35.619,1.15352,1.15357,1.31,3.71
2020.07.22 02:15:37.587,1.15351,1.15356,5.44,0.37
2020.07.22 02:15:37.688,1.15351,1.15355,5.06,0.37
2020.07.22 02:15:38.650,1.15352,1.15355,0.75,0.37
2020.07.22 02:15:39.408,1.15352,1.15356,0.75,0.75
2020.07.22 02:15:39.632,1.15353,1.15356,0.82,0.37
2020.07.22 02:15:39.784,1.15353,1.15357,1.20,4.01
2020.07.22 02:15:39.913,1.15354,1.15358,1.31,1.20
2020.07.22 02:15:40.014,1.15355,1.15358,0.94,2.51
2020.07.22 02:15:40.397,1.15354,1.15357,4.01,0.37
2020.07.22 02:15:40.499,1.15352,1.15357,5.89,1.12
2020.07.22 02:15:40.600,1.15352,1.15356,2.44,0.37
2020.07.22 02:15:41.138,1.15351,1.15355,4.69,0.37
2020.07.22 02:15:44.631,1.15351,1.15354,2.44,0.37
2020.07.22 02:15:48.070,1.15351,1.15356,2.44,1.50
2020.07.22 02:15:48.231,1.15352,1.15356,0.75,1.50
2020.07.22 02:15:54.724,1.15351,1.15356,2.81,2.32
2020.07.22 02:15:54.825,1.15351,1.15355,1.69,0.37
2020.07.22 02:15:58.733,1.1535,1.15354,4.50,0.37
2020.07.22 02:15:58.836,1.15351,1.15354,0.75,0.37
2020.07.22 02:16:01.410,1.15351,1.15355,0.75,4.08
2020.07.22 02:16:02.263,1.1535,1.15355,1.12,4.08
2020.07.22 02:16:02.858,1.1535,1.15354,1.12,0.82
2020.07.22 02:16:03.010,1.1535,1.15355,1.12,4.46
2020.07.22 02:16:03.944,1.1535,1.15354,4.12,0.37
2020.07.22 02:16:05.796,1.15351,1.15355,1.20,1.12
2020.07.22 02:16:21.330,1.15352,1.15355,0.37,1.12
2020.07.22 02:16:21.431,1.15351,1.15354,5.89,0.37
2020.07.22 02:16:21.985,1.15355,1.15356,0.75,0.45
2020.07.22 02:16:22.086,1.15354,1.15358,1.01,1.50
2020.07.22 02:16:22.188,1.15355,1.15359,0.94,1.95
2020.07.22 02:16:22.290,1.15355,1.15358,2.06,0.37
2020.07.22 02:16:22.391,1.15355,1.15359,1.76,1.50
2020.07.22 02:16:22.644,1.15356,1.15359,0.19,1.50
2020.07.22 02:16:22.745,1.15355,1.15359,0.94,1.50
2020.07.22 02:16:22.847,1.15356,1.15359,0.75,0.75
2020.07.22 02:16:22.948,1.15355,1.15359,0.94,0.75
2020.07.22 02:16:24.323,1.15355,1.15358,0.94,0.37
2020.07.22 02:16:24.424,1.15354,1.15357,4.31,0.37
2020.07.22 02:16:24.526,1.15353,1.15357,0.75,1.31
2020.07.22 02:16:24.627,1.15352,1.15357,1.50,5.39
2020.07.22 02:16:24.729,1.15352,1.15356,1.12,0.37
2020.07.22 02:16:25.825,1.15351,1.15356,4.69,1.50
2020.07.22 02:16:25.926,1.15352,1.15355,0.37,0.37
2020.07.22 02:16:26.324,1.15351,1.15356,1.69,1.50
2020.07.22 02:16:30.020,1.15351,1.15355,5.14,0.37
2020.07.22 02:16:32.942,1.15353,1.15356,2.89,0.75
2020.07.22 02:16:33.043,1.15354,1.15358,2.51,4.38
2020.07.22 02:16:33.145,1.15355,1.15359,0.75,3.63
2020.07.22 02:16:33.247,1.15355,1.15358,1.31,0.37
2020.07.22 02:16:33.348,1.15355,1.15359,3.64,0.75
2020.07.22 02:16:33.449,1.15356,1.15359,0.75,0.75
2020.07.22 02:16:33.551,1.15357,1.15359,0.75,0.37
2020.07.22 02:16:34.604,1.15356,1.15359,0.75,0.37
2020.07.22 02:16:36.045,1.15356,1.1536,0.75,2.25
2020.07.22 02:16:36.854,1.15357,1.1536,0.75,2.62
2020.07.22 02:16:37.496,1.15356,1.1536,1.57,1.50
2020.07.22 02:16:38.062,1.15357,1.1536,0.37,2.62
2020.07.22 02:16:38.675,1.15358,1.1536,0.82,1.50
2020.07.22 02:16:38.784,1.15357,1.1536,1.20,1.50
2020.07.22 02:16:39.356,1.15356,1.1536,1.57,1.50
2020.07.22 02:16:40.062,1.15359,1.1536,0.75,0.75
2020.07.22 02:16:40.113,1.1536,1.15362,0.75,0.10
2020.07.22 02:16:40.164,1.1536,1.15364,2.70,2.88
2020.07.22 02:16:40.266,1.15362,1.15364,0.82,0.75
2020.07.22 02:16:40.316,1.15361,1.15365,1.95,3.26
2020.07.22 02:16:40.468,1.15362,1.15365,0.82,0.37
2020.07.22 02:16:40.570,1.15361,1.15366,1.50,1.57
2020.07.22 02:16:41.754,1.15362,1.15366,0.37,1.87
2020.07.22 02:16:45.737,1.15362,1.15365,0.37,0.37
2020.07.22 02:16:46.273,1.15361,1.15365,1.87,0.37
2020.07.22 02:16:47.576,1.15362,1.15365,0.75,0.37
2020.07.22 02:16:47.677,1.15362,1.15366,0.37,1.50
2020.07.22 02:16:47.930,1.15361,1.15366,1.50,1.95
2020.07.22 02:16:49.526,1.1536,1.15364,8.32,0.75
2020.07.22 02:16:49.628,1.15361,1.15363,0.75,0.75
2020.07.22 02:16:49.729,1.1536,1.15363,3.00,1.12
2020.07.22 02:16:51.875,1.15359,1.15363,0.45,2.77
2020.07.22 02:16:51.977,1.15357,1.1536,1.20,0.19
2020.07.22 02:16:52.231,1.15356,1.15359,1.50,1.31
2020.07.22 02:16:52.332,1.15355,1.15358,2.32,0.56
2020.07.22 02:16:52.603,1.15355,1.15359,0.75,5.39
2020.07.22 02:16:52.705,1.15354,1.15359,3.56,5.77
2020.07.22 02:16:52.808,1.15352,1.15355,0.10,1.31
2020.07.22 02:16:52.909,1.15352,1.15356,1.57,0.82
2020.07.22 02:16:53.011,1.15352,1.15355,0.75,0.37
2020.07.22 02:16:53.476,1.15351,1.15355,4.12,0.37
2020.07.22 02:16:57.495,1.15352,1.15355,0.82,0.37
2020.07.22 02:16:59.054,1.15352,1.15356,0.82,4.94
2020.07.22 02:16:59.424,1.15354,1.15356,0.82,2.88
2020.07.22 02:16:59.525,1.15354,1.15357,1.12,2.25
2020.07.22 02:16:59.627,1.15355,1.15358,0.75,5.51
2020.07.22 02:17:01.678,1.15354,1.15358,1.01,4.76
2020.07.22 02:17:03.282,1.15355,1.15358,0.82,4.76
2020.07.22 02:17:04.343,1.15355,1.15357,3.07,0.75
2020.07.22 02:17:04.736,1.15355,1.15358,0.37,2.25
2020.07.22 02:17:04.938,1.15354,1.15358,2.44,4.38
2020.07.22 02:17:12.238,1.15355,1.15358,0.37,2.51
2020.07.22 02:17:12.390,1.15356,1.15359,1.20,0.75
2020.07.22 02:17:13.024,1.15355,1.15357,4.50,0.56
2020.07.22 02:17:13.126,1.15354,1.15357,0.37,0.56
2020.07.22 02:17:15.804,1.15354,1.15358,2.14,4.76
2020.07.22 02:17:15.905,1.15355,1.15358,0.82,0.75
2020.07.22 02:17:16.006,1.15355,1.15359,2.70,4.94
2020.07.22 02:17:16.108,1.15356,1.15359,0.82,2.51
2020.07.22 02:17:16.460,1.15355,1.15359,2.62,2.51
2020.07.22 02:17:18.104,1.15356,1.15359,0.37,0.37
2020.07.22 02:17:20.490,1.15355,1.15359,2.70,0.37
2020.07.22 02:17:20.707,1.15356,1.15358,0.37,0.37
2020.07.22 02:17:22.292,1.15355,1.15358,1.12,0.19
2020.07.22 02:17:22.393,1.15355,1.15359,1.12,6.44
2020.07.22 02:17:23.160,1.15354,1.15359,1.69,6.82
2020.07.22 02:17:23.278,1.15354,1.15358,1.50,0.94
2020.07.22 02:17:25.439,1.15354,1.15357,0.75,0.37
2020.07.22 02:17:26.416,1.15354,1.15358,0.75,4.57
2020.07.22 02:17:27.751,1.15353,1.15357,3.75,0.75
2020.07.22 02:17:29.515,1.15354,1.15357,1.12,1.87
2020.07.22 02:17:30.263,1.15353,1.15357,2.25,2.44
2020.07.22 02:17:30.580,1.15353,1.15356,0.75,2.06
2020.07.22 02:17:31.274,1.15353,1.15355,0.75,0.37
2020.07.22 02:17:31.426,1.15351,1.15355,2.32,1.31
2020.07.22 02:17:31.529,1.15352,1.15355,0.37,0.94
2020.07.22 02:17:34.135,1.15351,1.15355,3.07,0.94
2020.07.22 02:17:34.287,1.15352,1.15355,0.82,0.94
2020.07.22 02:17:37.705,1.15351,1.15355,6.45,0.94
2020.07.22 02:17:40.626,1.15353,1.15356,1.57,1.87
2020.07.22 02:17:40.727,1.15354,1.15357,2.89,2.13
2020.07.22 02:17:40.829,1.15355,1.15358,0.82,5.13
2020.07.22 02:17:40.930,1.15354,1.15358,2.96,5.13
2020.07.22 02:17:41.268,1.15355,1.15358,0.82,5.13
2020.07.22 02:17:41.369,1.15354,1.15358,2.96,5.13
2020.07.22 02:17:41.470,1.15356,1.15358,0.82,4.38
2020.07.22 02:17:41.572,1.15355,1.15358,0.82,5.13
2020.07.22 02:17:42.937,1.15354,1.15358,6.71,2.25
2020.07.22 02:17:44.268,1.15356,1.15358,0.82,2.25
2020.07.22 02:17:44.421,1.15355,1.15358,1.20,2.25
2020.07.22 02:17:44.574,1.15356,1.15358,0.82,2.25
2020.07.22 02:17:44.714,1.15355,1.15358,1.20,2.25
2020.07.22 02:17:45.292,1.15355,1.15357,1.95,0.75
2020.07.22 02:17:45.396,1.15355,1.15358,1.20,2.25
2020.07.22 02:17:46.047,1.15355,1.15357,1.95,0.75
2020.07.22 02:17:47.164,1.15355,1.15358,0.82,2.25
2020.07.22 02:17:47.266,1.15356,1.15358,0.37,2.25
2020.07.22 02:17:47.470,1.15356,1.1536,1.95,4.57
2020.07.22 02:17:47.572,1.15357,1.15359,0.82,0.75
2020.07.22 02:17:47.674,1.15357,1.1536,0.82,2.25
2020.07.22 02:17:48.624,1.15358,1.1536,0.82,2.25
2020.07.22 02:17:48.981,1.15357,1.1536,1.12,2.25
2020.07.22 02:17:49.083,1.15357,1.15361,0.37,2.44
2020.07.22 02:17:50.735,1.1536,1.15361,0.37,0.75
2020.07.22 02:17:50.786,1.1536,1.15363,0.37,4.01
2020.07.22 02:17:51.090,1.15359,1.15363,2.25,1.76
2020.07.22 02:17:54.422,1.1536,1.15363,0.75,2.44
2020.07.22 02:17:55.242,1.15359,1.15363,2.25,1.69
2020.07.22 02:17:58.051,1.15359,1.15362,2.32,0.19
2020.07.22 02:18:02.534,1.1536,1.15362,0.37,0.19
2020.07.22 02:18:02.635,1.15359,1.15362,1.57,0.19
2020.07.22 02:18:05.049,1.1536,1.15362,0.75,0.94
2020.07.22 02:18:12.384,1.15359,1.15362,1.50,0.19
2020.07.22 02:18:12.649,1.1536,1.15363,0.37,0.19
2020.07.22 02:18:12.822,1.1536,1.15364,2.70,2.69
2020.07.22 02:18:12.974,1.15361,1.15364,0.10,0.56
2020.07.22 02:18:13.075,1.1536,1.15364,5.70,0.56
2020.07.22 02:18:13.291,1.15361,1.15364,0.75,0.19
2020.07.22 02:18:19.018,1.1536,1.15364,1.95,0.56
2020.07.22 02:18:22.383,1.15361,1.15364,1.50,0.19
2020.07.22 02:18:29.046,1.15362,1.15364,0.37,0.19
2020.07.22 02:18:30.488,1.15361,1.15364,1.12,2.32
2020.07.22 02:18:31.632,1.15362,1.15364,0.37,2.69
2020.07.22 02:18:32.784,1.15361,1.15363,0.75,0.19
2020.07.22 02:18:43.314,1.15359,1.15363,3.37,1.01
2020.07.22 02:18:45.327,1.15359,1.15362,1.12,0.37
2020.07.22 02:18:56.367,1.1536,1.15363,2.25,0.19
2020.07.22 02:18:56.468,1.15361,1.15363,0.37,0.19
2020.07.22 02:18:56.964,1.15361,1.15364,1.12,0.75
2020.07.22 02:18:57.066,1.15361,1.15365,1.50,1.69
2020.07.22 02:18:57.269,1.15363,1.15365,0.37,1.12
2020.07.22 02:18:58.699,1.15362,1.15366,1.95,1.50
2020.07.22 02:19:02.516,1.15364,1.15366,0.37,2.25
2020.07.22 02:19:02.822,1.15364,1.15368,1.50,5.21
2020.07.22 02:19:02.924,1.15366,1.15369,0.37,2.88
2020.07.22 02:19:03.026,1.15365,1.15368,1.50,0.56
2020.07.22 02:19:03.128,1.15366,1.15369,0.75,0.75
2020.07.22 02:19:03.229,1.15367,1.1537,0.37,1.57
2020.07.22 02:19:03.331,1.15367,1.15371,0.37,2.44
2020.07.22 02:19:04.891,1.15368,1.15371,0.37,3.26
2020.07.22 02:19:04.993,1.15372,1.15374,0.75,1.95
2020.07.22 02:19:05.094,1.15373,1.15375,1.12,0.94
2020.07.22 02:19:05.196,1.15373,1.15377,2.62,2.88
2020.07.22 02:19:05.398,1.15375,1.15378,0.75,0.94
2020.07.22 02:19:05.500,1.15375,1.15379,1.12,4.27
2020.07.22 02:19:05.753,1.15376,1.15379,0.37,0.19
2020.07.22 02:19:06.338,1.15376,1.15378,0.75,0.75
2020.07.22 02:19:06.440,1.15375,1.15378,1.12,1.31
2020.07.22 02:19:06.541,1.15374,1.15376,0.75,0.75
2020.07.22 02:19:06.592,1.15372,1.15376,2.44,0.75
2020.07.22 02:19:06.694,1.15373,1.15376,0.37,1.57
2020.07.22 02:19:07.145,1.15372,1.15376,2.06,1.12
2020.07.22 02:19:14.209,1.15371,1.15375,1.39,0.37
2020.07.22 02:19:14.462,1.15371,1.15374,0.37,0.37
2020.07.22 02:19:14.563,1.1537,1.15372,2.25,0.82
2020.07.22 02:19:14.614,1.1537,1.15374,1.50,1.65
2020.07.22 02:19:14.766,1.1537,1.15373,1.50,0.75
2020.07.22 02:19:15.047,1.1537,1.15374,1.95,2.96
2020.07.22 02:19:17.834,1.1537,1.15373,2.32,0.82
2020.07.22 02:19:18.627,1.1537,1.15374,1.95,1.57
2020.07.22 02:19:20.591,1.1537,1.15375,1.95,4.91
2020.07.22 02:19:20.692,1.15371,1.15375,0.37,3.26
2020.07.22 02:19:21.963,1.15371,1.15376,0.75,7.34
2020.07.22 02:19:22.075,1.15371,1.15375,0.75,0.37
2020.07.22 02:19:26.615,1.15371,1.15374,0.75,0.37
2020.07.22 02:19:26.716,1.1537,1.15374,1.12,0.37
2020.07.22 02:19:26.818,1.15369,1.15373,0.82,2.44
2020.07.22 02:19:27.143,1.15368,1.15373,1.20,4.94
2020.07.22 02:19:27.245,1.15368,1.15371,0.37,1.12
2020.07.22 02:19:28.821,1.15367,1.15371,1.12,2.88
2020.07.22 02:19:28.974,1.15367,1.1537,0.75,0.37
2020.07.22 02:19:29.128,1.15366,1.1537,0.75,1.12
2020.07.22 02:19:29.230,1.15366,1.15369,0.75,2.13
2020.07.22 02:19:31.073,1.15366,1.1537,0.75,3.63
2020.07.22 02:19:31.883,1.15367,1.1537,0.82,0.75
2020.07.22 02:19:31.934,1.15369,1.15373,1.50,4.38
2020.07.22 02:19:32.097,1.1537,1.15374,0.94,2.88
2020.07.22 02:19:34.465,1.15369,1.15373,0.82,0.94
2020.07.22 02:19:34.566,1.15369,1.15372,1.50,0.37
2020.07.22 02:19:36.011,1.15369,1.15373,3.26,2.51
2020.07.22 02:19:36.422,1.1537,1.15374,1.76,2.51
2020.07.22 02:19:41.079,1.1537,1.15375,2.25,3.82
2020.07.22 02:19:47.463,1.15371,1.15375,0.37,3.44
2020.07.22 02:19:48.342,1.15373,1.15376,0.75,2.21
2020.07.22 02:19:48.443,1.15375,1.15379,1.12,3.07
2020.07.22 02:19:48.545,1.15376,1.15379,1.87,0.56
2020.07.22 02:19:52.702,1.15375,1.15378,1.12,0.37
2020.07.22 02:19:53.651,1.15374,1.15378,0.75,4.19
2020.07.22 02:19:53.803,1.15373,1.15377,0.45,3.07
2020.07.22 02:19:56.023,1.15372,1.15377,2.44,3.44
2020.07.22 02:19:57.772,1.15373,1.15378,1.31,4.94
2020.07.22 02:19:57.874,1.15374,1.15378,0.94,2.13
2020.07.22 02:19:57.975,1.15374,1.15379,1.01,1.69
2020.07.22 02:20:00.384,1.15374,1.15378,0.94,0.37
2020.07.22 02:20:00.485,1.15374,1.15377,0.19,0.37
2020.07.22 02:20:00.587,1.15373,1.15377,0.75,4.01
2020.07.22 02:20:00.688,1.15372,1.15377,2.44,3.63
2020.07.22 02:20:01.585,1.15372,1.15376,1.76,1.20
2020.07.22 02:20:05.218,1.15372,1.15377,1.50,4.64
2020.07.22 02:20:06.217,1.15372,1.15376,1.50,0.37
2020.07.22 02:20:14.513,1.15371,1.15374,3.19,0.37
2020.07.22 02:20:18.342,1.15371,1.15375,2.96,0.37
2020.07.22 02:20:19.727,1.15371,1.15374,1.87,0.75
2020.07.22 02:20:19.828,1.15371,1.15375,0.75,4.27
2020.07.22 02:20:19.930,1.1537,1.15373,2.06,0.37
2020.07.22 02:20:20.031,1.15369,1.15372,1.69,0.37
2020.07.22 02:20:21.916,1.15369,1.15373,1.69,3.52
2020.07.22 02:20:28.645,1.1537,1.15373,0.37,2.51
2020.07.22 02:20:28.747,1.1537,1.15374,0.82,2.88
2020.07.22 02:20:28.849,1.15371,1.15375,2.81,4.38
2020.07.22 02:20:44.038,1.15371,1.15374,0.75,0.37
2020.07.22 02:20:44.140,1.15371,1.15375,1.12,0.75
2020.07.22 02:20:44.342,1.15371,1.15376,1.87,6.07
2020.07.22 02:20:48.769,1.15371,1.15375,0.75,0.37
2020.07.22 02:20:56.777,1.15372,1.15375,0.82,0.37
2020.07.22 02:20:59.224,1.15372,1.15376,3.75,4.57
2020.07.22 02:21:02.507,1.15374,1.15376,0.37,2.13
2020.07.22 02:21:02.558,1.15374,1.15378,0.75,0.10
2020.07.22 02:21:02.609,1.15376,1.15378,0.37,0.45
2020.07.22 02:21:02.710,1.15375,1.15379,1.12,2.39
2020.07.22 02:21:02.812,1.15375,1.1538,1.39,6.44
2020.07.22 02:21:03.127,1.15376,1.1538,0.37,2.51
2020.07.22 02:21:06.418,1.15377,1.1538,0.37,4.01
2020.07.22 02:21:07.611,1.15375,1.1538,5.89,0.94
2020.07.22 02:21:07.713,1.15376,1.1538,0.37,0.37
2020.07.22 02:21:08.699,1.15377,1.1538,0.75,0.37
2020.07.22 02:21:08.801,1.15376,1.1538,1.01,0.37
2020.07.22 02:21:09.056,1.15377,1.1538,0.82,0.37
2020.07.22 02:21:09.208,1.15379,1.15382,0.75,1.12
2020.07.22 02:21:09.310,1.15379,1.15383,1.69,2.51
2020.07.22 02:21:09.411,1.15379,1.15384,2.44,4.08
2020.07.22 02:21:10.915,1.15381,1.15384,0.37,2.51
2020.07.22 02:21:11.258,1.15381,1.15385,2.51,2.88
2020.07.22 02:21:11.961,1.15382,1.15385,0.37,0.19
2020.07.22 02:21:12.113,1.15382,1.15386,1.12,0.37
2020.07.22 02:21:12.215,1.15384,1.15388,0.75,4.76
2020.07.22 02:21:12.316,1.15385,1.15388,0.75,0.37
2020.07.22 02:21:12.521,1.15386,1.15389,0.75,0.37
2020.07.22 02:21:13.592,1.15386,1.1539,1.12,1.12
2020.07.22 02:21:15.742,1.15386,1.15388,0.75,0.37
2020.07.22 02:21:15.793,1.15386,1.1539,0.75,1.12
2020.07.22 02:21:15.894,1.15385,1.15388,2.51,0.37
2020.07.22 02:21:17.445,1.15385,1.1539,2.06,3.26
2020.07.22 02:21:18.435,1.15385,1.15389,1.69,0.37
2020.07.22 02:21:20.196,1.15385,1.15387,0.75,0.75
2020.07.22 02:21:20.298,1.15385,1.15388,0.75,1.69
2020.07.22 02:21:20.349,1.15383,1.15387,1.50,1.87
2020.07.22 02:21:20.450,1.15383,1.15386,1.50,0.75
2020.07.22 02:21:20.552,1.15383,1.15387,2.81,0.37
2020.07.22 02:21:21.277,1.15382,1.15387,3.19,1.12
2020.07.22 02:21:21.378,1.15382,1.15386,3.56,0.75
2020.07.22 02:21:22.380,1.15383,1.15386,1.69,0.37
2020.07.22 02:21:22.481,1.15383,1.15388,3.64,1.50
2020.07.22 02:21:22.532,1.15385,1.15388,0.75,1.50
2020.07.22 02:21:22.684,1.15385,1.15389,3.34,2.88
2020.07.22 02:21:22.785,1.15386,1.15389,1.12,2.88
2020.07.22 02:21:23.559,1.15386,1.1539,0.37,2.62
2020.07.22 02:21:27.155,1.15385,1.15388,0.82,0.37
2020.07.22 02:21:27.307,1.15384,1.15388,1.95,0.37
2020.07.22 02:21:29.179,1.15383,1.15386,0.10,0.75
2020.07.22 02:21:29.333,1.15382,1.15386,1.12,0.75
2020.07.22 02:21:31.607,1.15383,1.15386,1.12,0.37
2020.07.22 02:21:31.658,1.15384,1.15388,0.37,4.01
2020.07.22 02:21:31.760,1.15385,1.15388,0.94,0.37
2020.07.22 02:21:31.861,1.15386,1.15389,1.69,0.19
2020.07.22 02:21:31.963,1.15386,1.1539,1.20,0.75
2020.07.22 02:21:33.011,1.15387,1.1539,0.10,1.31
2020.07.22 02:21:33.113,1.15386,1.1539,1.12,1.31
2020.07.22 02:21:33.216,1.15385,1.1539,1.69,3.44
2020.07.22 02:21:34.256,1.15385,1.15389,1.69,2.51
2020.07.22 02:21:37.032,1.15385,1.15388,1.31,0.37
2020.07.22 02:21:37.184,1.15384,1.15387,0.10,0.37
2020.07.22 02:21:37.286,1.15383,1.15387,3.00,0.37
2020.07.22 02:21:40.860,1.15384,1.15387,0.75,0.37
2020.07.22 02:21:41.338,1.15383,1.15387,3.07,0.37
2020.07.22 02:21:47.963,1.15383,1.15385,1.50,0.37
2020.07.22 02:21:48.065,1.15382,1.15385,0.75,0.75
2020.07.22 02:21:52.051,1.1538,1.15383,2.51,0.37
2020.07.22 02:21:53.275,1.1538,1.15384,2.44,4.08
2020.07.22 02:22:00.646,1.15381,1.15384,0.75,2.51
2020.07.22 02:22:00.748,1.1538,1.15384,3.64,2.51
2020.07.22 02:22:00.900,1.15381,1.15384,0.10,0.37
2020.07.22 02:22:01.065,1.15381,1.15385,0.10,4.01
2020.07.22 02:22:02.829,1.15382,1.15385,0.75,0.37
2020.07.22 02:22:03.566,1.15381,1.15386,3.64,2.88
2020.07.22 02:22:09.581,1.15382,1.15387,0.37,7.19
2020.07.22 02:22:09.904,1.15382,1.15386,0.37,1.12
2020.07.22 02:22:10.681,1.15381,1.15385,1.76,0.37
2020.07.22 02:22:10.782,1.15381,1.15384,0.45,0.75
2020.07.22 02:22:10.884,1.1538,1.15384,0.64,1.50
2020.07.22 02:22:16.657,1.1538,1.15383,0.19,0.37
2020.07.22 02:22:26.179,1.1538,1.15384,0.19,3.63
2020.07.22 02:22:27.345,1.15379,1.15383,0.10,1.69
2020.07.22 02:22:31.626,1.15379,1.15382,0.10,0.75
2020.07.22 02:22:31.728,1.15377,1.15381,0.45,1.50
2020.07.22 02:22:31.830,1.15376,1.15381,2.51,1.50
2020.07.22 02:22:31.983,1.15376,1.1538,2.14,0.94
2020.07.22 02:22:34.815,1.15376,1.15379,2.14,0.37
2020.07.22 02:22:34.966,1.15377,1.1538,0.37,0.37
2020.07.22 02:22:36.264,1.15376,1.1538,2.89,0.37
2020.07.22 02:22:38.740,1.15376,1.15379,0.75,0.37
2020.07.22 02:22:39.059,1.15375,1.15379,1.57,0.37
2020.07.22 02:22:40.404,1.15375,1.15378,0.10,1.50
2020.07.22 02:22:40.455,1.15375,1.15376,0.10,0.37
2020.07.22 02:22:40.506,1.15373,1.15377,1.01,2.88
2020.07.22 02:22:42.396,1.15373,1.15376,0.19,1.12
2020.07.22 02:22:45.166,1.15372,1.15376,0.94,4.08
2020.07.22 02:22:46.108,1.15372,1.15375,0.19,0.37
2020.07.22 02:22:49.966,1.15372,1.15374,0.19,0.37
2020.07.22 02:22:50.067,1.15371,1.15374,0.10,1.69
2020.07.22 02:22:50.169,1.1537,1.15375,1.39,3.82
2020.07.22 02:22:50.321,1.15371,1.15375,1.39,3.63
2020.07.22 02:22:57.291,1.15373,1.15377,1.57,4.01
2020.07.22 02:22:57.595,1.15374,1.15377,0.10,0.75
2020.07.22 02:22:59.246,1.15374,1.15378,1.20,1.50
2020.07.22 02:22:59.563,1.15374,1.15377,0.37,0.37
2020.07.22 02:23:04.328,1.15373,1.15378,5.59,3.63
2020.07.22 02:23:04.429,1.15374,1.15378,0.37,3.26
2020.07.22 02:23:05.875,1.15373,1.15377,4.39,0.37
2020.07.22 02:23:09.023,1.15373,1.15378,5.66,4.01
2020.07.22 02:23:09.768,1.15374,1.15378,0.37,4.01
2020.07.22 02:23:10.852,1.15374,1.15377,0.75,0.37
2020.07.22 02:23:12.826,1.15375,1.15378,0.37,2.88
2020.07.22 02:23:13.103,1.15374,1.15378,1.57,0.75
2020.07.22 02:23:13.610,1.15375,1.15378,0.37,0.75
2020.07.22 02:23:18.723,1.15376,1.15379,0.37,2.88
2020.07.22 02:23:19.377,1.15375,1.15379,1.50,2.88
2020.07.22 02:23:20.054,1.15376,1.15379,0.37,2.88
2020.07.22 02:23:23.308,1.15376,1.1538,0.37,4.27
2020.07.22 02:23:30.588,1.15376,1.15379,0.37,2.96
2020.07.22 02:23:31.718,1.15375,1.15379,1.12,3.71
2020.07.22 02:23:33.522,1.15375,1.15378,0.37,6.14
2020.07.22 02:23:33.573,1.15373,1.15377,1.95,1.50
2020.07.22 02:23:33.775,1.15375,1.15378,0.37,4.38
2020.07.22 02:23:33.876,1.15376,1.15378,0.37,1.87
2020.07.22 02:23:34.981,1.15374,1.15378,2.06,2.88
2020.07.22 02:23:42.477,1.15374,1.15377,0.56,0.82
2020.07.22 02:23:43.105,1.15373,1.15377,0.37,3.89
2020.07.22 02:23:43.309,1.15372,1.15376,1.12,2.13
2020.07.22 02:23:43.513,1.15372,1.15377,1.12,5.84
2020.07.22 02:23:44.958,1.15372,1.15376,3.75,2.13
2020.07.22 02:23:45.324,1.15372,1.15377,1.20,5.02
2020.07.22 02:23:45.526,1.15373,1.15377,0.37,5.02
2020.07.22 02:23:47.168,1.15372,1.15377,1.12,5.02
2020.07.22 02:23:48.031,1.15374,1.15377,0.75,2.88
2020.07.22 02:23:48.132,1.15375,1.15378,0.75,0.45
2020.07.22 02:23:53.272,1.15374,1.15378,1.69,0.19
2020.07.22 02:23:56.974,1.15375,1.15378,0.37,0.19
2020.07.22 02:23:57.075,1.15375,1.15379,0.37,3.37
2020.07.22 02:23:57.379,1.15375,1.15378,0.75,0.75
2020.07.22 02:23:58.114,1.15375,1.15379,0.75,2.70
2020.07.22 02:23:59.137,1.15374,1.15379,2.81,2.70
2020.07.22 02:23:59.238,1.15375,1.15379,0.37,1.87
2020.07.22 02:24:00.156,1.15376,1.15379,0.37,0.75
2020.07.22 02:24:00.740,1.15376,1.1538,0.75,5.69
2020.07.22 02:24:05.651,1.15376,1.15379,1.12,1.50
2020.07.22 02:24:13.795,1.15377,1.15379,0.37,0.75
2020.07.22 02:24:14.802,1.15376,1.15379,0.75,0.75
2020.07.22 02:24:17.967,1.15376,1.1538,1.50,3.00
2020.07.22 02:24:19.109,1.15377,1.1538,0.37,3.00
2020.07.22 02:24:20.726,1.15376,1.1538,0.75,3.00
2020.07.22 02:24:24.660,1.15377,1.1538,0.37,3.00
2020.07.22 02:24:25.838,1.15376,1.1538,1.20,3.00
2020.07.22 02:24:27.030,1.15377,1.1538,0.37,2.25
2020.07.22 02:24:32.026,1.15376,1.1538,1.20,0.75
2020.07.22 02:24:32.178,1.15377,1.15379,0.37,1.50
2020.07.22 02:24:32.280,1.15376,1.15379,0.75,1.50
2020.07.22 02:24:40.695,1.15375,1.15379,0.75,1.50
2020.07.22 02:24:41.665,1.15374,1.15377,0.37,0.75
2020.07.22 02:24:41.768,1.15373,1.15377,0.82,0.75
2020.07.22 02:24:41.869,1.15374,1.15377,0.75,0.75
2020.07.22 02:24:42.310,1.15373,1.15377,0.75,0.75
2020.07.22 02:24:42.854,1.15374,1.15377,0.37,0.75
2020.07.22 02:24:49.517,1.15374,1.15376,0.37,0.75
2020.07.22 02:24:51.379,1.15374,1.15377,0.75,3.63
2020.07.22 02:25:00.673,1.15375,1.15378,0.56,1.50
2020.07.22 02:25:01.133,1.15375,1.15379,0.56,5.32
2020.07.22 02:25:01.236,1.15375,1.15378,0.56,0.75
2020.07.22 02:25:01.337,1.15377,1.15378,0.37,0.75
2020.07.22 02:25:04.012,1.15376,1.15379,0.37,3.82
2020.07.22 02:25:04.113,1.15377,1.15379,0.37,0.75
2020.07.22 02:25:04.265,1.15378,1.15379,0.82,0.75
2020.07.22 02:25:04.367,1.15377,1.15379,0.37,0.75
2020.07.22 02:25:06.774,1.15379,1.15381,0.75,2.88
2020.07.22 02:25:06.875,1.15379,1.15382,2.44,2.13
2020.07.22 02:25:06.977,1.15379,1.15383,2.51,1.12
2020.07.22 02:25:07.091,1.1538,1.15383,0.82,1.87
2020.07.22 02:25:07.534,1.15381,1.15383,0.37,0.75
2020.07.22 02:25:07.787,1.15381,1.15384,2.02,0.75
2020.07.22 02:25:07.889,1.15381,1.15385,2.10,1.87
2020.07.22 02:25:07.991,1.15383,1.15387,2.89,1.87
2020.07.22 02:25:08.092,1.15385,1.15388,0.37,0.75
2020.07.22 02:25:08.396,1.15386,1.15388,0.37,1.12
2020.07.22 02:25:09.355,1.15386,1.15389,0.75,1.50
2020.07.22 02:25:10.393,1.15387,1.15389,0.37,0.75
2020.07.22 02:25:20.030,1.15386,1.15389,1.50,0.75
2020.07.22 02:25:20.149,1.15386,1.1539,1.50,1.12
2020.07.22 02:25:25.022,1.15384,1.15388,0.94,2.25
2020.07.22 02:25:25.123,1.15383,1.15385,0.82,1.12
2020.07.22 02:25:25.225,1.15381,1.15385,0.94,1.12
2020.07.22 02:25:25.326,1.15381,1.15384,0.56,1.12
2020.07.22 02:25:25.913,1.1538,1.15384,1.09,1.12
2020.07.22 02:25:26.268,1.15381,1.15384,0.75,1.12
2020.07.22 02:25:26.369,1.15382,1.15385,1.20,0.75
2020.07.22 02:25:26.421,1.15384,1.15386,0.75,1.20
2020.07.22 02:25:26.623,1.15383,1.15386,0.75,1.12
2020.07.22 02:25:28.313,1.15384,1.15386,0.82,0.75
2020.07.22 02:25:28.414,1.15383,1.15386,2.70,0.75
2020.07.22 02:25:29.878,1.15384,1.15386,0.82,0.75
2020.07.22 02:25:32.449,1.15383,1.15386,1.95,0.75
2020.07.22 02:25:35.077,1.15384,1.15386,0.37,0.75
2020.07.22 02:25:35.847,1.15385,1.15388,0.37,4.01
2020.07.22 02:25:37.954,1.15386,1.15388,0.37,0.75
2020.07.22 02:25:38.306,1.15385,1.15388,1.69,0.75
2020.07.22 02:25:38.407,1.15386,1.15388,0.37,0.75
2020.07.22 02:25:39.311,1.15385,1.15388,2.06,0.75
2020.07.22 02:25:44.513,1.15386,1.15388,0.37,1.12
2020.07.22 02:25:44.564,1.15388,1.15389,1.50,1.12
2020.07.22 02:25:44.666,1.15388,1.15391,0.75,1.12
2020.07.22 02:25:46.515,1.15389,1.15392,0.37,1.69
2020.07.22 02:25:48.606,1.15388,1.15392,1.65,1.69
2020.07.22 02:25:49.135,1.15387,1.1539,1.20,0.75
2020.07.22 02:25:49.287,1.15387,1.15389,0.75,1.50
2020.07.22 02:25:49.893,1.15386,1.15389,0.75,0.75
2020.07.22 02:25:51.289,1.15387,1.15389,0.82,0.75
2020.07.22 02:25:51.797,1.15386,1.15389,1.12,0.75
2020.07.22 02:25:56.021,1.15385,1.15389,6.00,1.50
2020.07.22 02:25:56.985,1.15386,1.15389,0.37,1.50
2020.07.22 02:25:59.489,1.15387,1.15389,0.37,0.75
2020.07.22 02:26:00.533,1.15386,1.15389,1.12,0.75
2020.07.22 02:26:01.468,1.15388,1.15391,2.32,0.37
2020.07.22 02:26:01.569,1.15389,1.15392,0.82,0.75
2020.07.22 02:26:01.671,1.1539,1.15393,0.56,1.50
2020.07.22 02:26:02.835,1.15389,1.15393,1.50,1.50
2020.07.22 02:26:03.431,1.15389,1.15392,0.37,0.37
2020.07.22 02:26:03.536,1.15389,1.15393,0.37,1.87
2020.07.22 02:26:06.067,1.15389,1.15392,0.37,0.37
2020.07.22 02:26:07.528,1.15389,1.15393,1.50,1.50
2020.07.22 02:26:07.631,1.1539,1.15393,0.19,1.50
2020.07.22 02:26:07.733,1.15389,1.15393,0.45,2.25
2020.07.22 02:26:08.088,1.15388,1.15391,3.19,0.75
2020.07.22 02:26:08.393,1.15387,1.15391,1.20,0.75
2020.07.22 02:26:08.602,1.15387,1.1539,0.37,0.75
2020.07.22 02:26:10.831,1.15386,1.1539,0.37,1.12
2020.07.22 02:26:12.150,1.15387,1.1539,0.37,1.50
2020.07.22 02:26:15.037,1.15386,1.1539,0.75,1.12
2020.07.22 02:26:25.154,1.15384,1.15388,5.51,0.37
2020.07.22 02:26:25.662,1.15383,1.15388,5.89,1.87
2020.07.22 02:26:25.763,1.15383,1.15387,2.89,0.75
2020.07.22 02:26:32.122,1.15384,1.15387,0.37,1.50
2020.07.22 02:26:37.802,1.15383,1.15387,6.71,1.50
2020.07.22 02:26:38.624,1.15385,1.15388,1.12,1.50
2020.07.22 02:26:41.026,1.15386,1.15388,0.37,0.75
2020.07.22 02:26:41.178,1.15386,1.15389,0.37,1.50
2020.07.22 02:26:45.067,1.15387,1.15389,0.82,1.87
2020.07.22 02:26:45.169,1.15386,1.15389,0.37,1.50
2020.07.22 02:26:59.808,1.15385,1.15389,0.75,0.75
2020.07.22 02:27:00.464,1.15386,1.15389,0.37,0.75
2020.07.22 02:27:02.017,1.15385,1.15389,0.37,0.75
2020.07.22 02:27:03.456,1.15386,1.15389,0.37,0.75
2020.07.22 02:27:04.078,1.15385,1.15389,3.75,0.75
2020.07.22 02:27:06.217,1.15384,1.15389,1.12,4.46
2020.07.22 02:27:07.870,1.15384,1.15387,2.70,0.75
2020.07.22 02:27:07.972,1.15384,1.15386,0.37,0.75
2020.07.22 02:27:08.023,1.15382,1.15386,3.75,1.12
2020.07.22 02:27:09.036,1.15381,1.15386,5.89,1.12
2020.07.22 02:27:12.058,1.15382,1.15386,0.37,1.12
2020.07.22 02:27:13.553,1.15382,1.15385,1.12,0.37
2020.07.22 02:27:38.715,1.15382,1.15387,4.50,1.76
2020.07.22 02:27:38.816,1.15383,1.15387,0.75,0.64
2020.07.22 02:27:38.867,1.15385,1.15387,1.12,0.26
2020.07.22 02:27:38.968,1.15386,1.1539,1.50,0.82
2020.07.22 02:27:39.019,1.15388,1.1539,2.25,0.10
2020.07.22 02:27:39.070,1.15388,1.15392,5.25,0.75
2020.07.22 02:27:39.172,1.1539,1.15394,0.37,2.21
2020.07.22 02:27:41.696,1.1539,1.15395,4.20,3.64
2020.07.22 02:27:41.797,1.15391,1.15395,0.37,3.64
2020.07.22 02:27:42.071,1.15391,1.15394,0.37,0.75
2020.07.22 02:27:42.189,1.15391,1.15395,0.37,3.64
2020.07.22 02:27:43.630,1.15392,1.15395,1.01,0.37
2020.07.22 02:27:43.783,1.15392,1.15396,0.82,3.26
2020.07.22 02:27:44.535,1.15393,1.15396,0.37,3.26
2020.07.22 02:27:45.081,1.15395,1.15397,0.37,0.10
2020.07.22 02:27:45.183,1.15394,1.15398,0.37,3.07
2020.07.22 02:27:45.284,1.15394,1.15399,0.37,8.09
2020.07.22 02:27:46.063,1.15395,1.15399,0.37,4.08
2020.07.22 02:27:46.972,1.15395,1.154,1.50,3.64
2020.07.22 02:27:48.613,1.15396,1.15399,0.37,0.45
2020.07.22 02:27:48.714,1.15396,1.154,0.37,1.76
2020.07.22 02:27:49.669,1.15396,1.15401,0.37,7.34
2020.07.22 02:27:53.812,1.15396,1.154,0.37,0.45
2020.07.22 02:27:54.992,1.15395,1.154,5.51,0.37
2020.07.22 02:27:56.181,1.15396,1.154,0.37,0.82
2020.07.22 02:28:00.079,1.15395,1.15399,5.06,0.37
2020.07.22 02:28:01.647,1.15394,1.15399,2.89,3.26
2020.07.22 02:28:02.915,1.15395,1.15399,0.37,0.37
2020.07.22 02:28:03.067,1.15395,1.15398,0.75,0.37
2020.07.22 02:28:06.738,1.15395,1.15399,0.37,0.37
2020.07.22 02:28:23.692,1.15396,1.15399,0.75,0.75
2020.07.22 02:28:24.958,1.15396,1.15398,0.75,0.75
2020.07.22 02:28:25.488,1.15395,1.15398,3.19,0.75
2020.07.22 02:28:27.206,1.15395,1.15399,1.69,0.75
2020.07.22 02:28:27.308,1.15394,1.15396,1.69,0.75
2020.07.22 02:28:27.409,1.15395,1.15396,0.75,0.75
2020.07.22 02:28:27.510,1.15394,1.15396,1.50,0.75
2020.07.22 02:28:28.315,1.15395,1.15396,0.75,0.75
2020.07.22 02:28:28.418,1.15394,1.15396,1.50,0.75
2020.07.22 02:28:28.826,1.15394,1.15395,0.75,0.75
2020.07.22 02:28:28.877,1.15392,1.15395,2.25,1.12
2020.07.22 02:28:29.384,1.15392,1.15394,2.25,1.50
2020.07.22 02:28:29.486,1.1539,1.15393,3.19,0.75
2020.07.22 02:28:29.587,1.1539,1.15394,3.19,1.12
2020.07.22 02:28:30.374,1.15391,1.15394,0.82,1.50
2020.07.22 02:28:30.646,1.1539,1.15394,3.19,0.75
2020.07.22 02:28:31.360,1.15391,1.15394,0.75,1.87
2020.07.22 02:28:31.462,1.1539,1.15394,3.19,1.12
2020.07.22 02:28:32.142,1.15391,1.15394,0.75,1.50
2020.07.22 02:28:32.296,1.1539,1.15394,3.19,0.75
2020.07.22 02:28:34.430,1.1539,1.15393,3.19,0.37
2020.07.22 02:28:34.602,1.1539,1.15394,3.26,0.75
2020.07.22 02:28:42.377,1.1539,1.15393,2.44,0.37
2020.07.22 02:28:44.450,1.1539,1.15392,2.44,0.37
2020.07.22 02:28:44.753,1.1539,1.15393,2.44,0.37
2020.07.22 02:28:47.757,1.15392,1.15395,0.37,5.28
2020.07.22 02:28:49.447,1.15392,1.15394,0.37,1.12
2020.07.22 02:28:51.650,1.15392,1.15394,0.37,1.57
2020.07.22 02:28:53.048,1.15389,1.15393,5.06,1.12
2020.07.22 02:28:53.149,1.1539,1.15393,0.37,1.12
2020.07.22 02:28:53.301,1.15389,1.15392,3.19,0.37
2020.07.22 02:28:54.853,1.15389,1.15393,2.51,1.50
2020.07.22 02:28:54.954,1.1539,1.15393,0.37,1.12
2020.07.22 02:28:56.054,1.15389,1.15393,1.69,1.50
2020.07.22 02:28:57.688,1.1539,1.15393,0.37,1.12
2020.07.22 02:28:58.443,1.1539,1.15394,0.37,3.37
2020.07.22 02:28:58.567,1.15389,1.15393,8.89,0.75
2020.07.22 02:28:59.030,1.15389,1.15394,8.96,3.37
2020.07.22 02:29:02.229,1.1539,1.15394,0.82,2.62
2020.07.22 02:29:02.829,1.15389,1.15394,7.31,2.62
2020.07.22 02:29:03.753,1.1539,1.15394,0.75,2.62
2020.07.22 02:29:03.855,1.15389,1.15394,7.39,2.62
2020.07.22 02:29:04.893,1.1539,1.15394,0.37,2.62
2020.07.22 02:29:07.269,1.15389,1.15394,7.31,2.70
2020.07.22 02:29:07.523,1.1539,1.15393,0.37,0.75
2020.07.22 02:29:08.634,1.15389,1.15393,6.94,0.37
2020.07.22 02:29:09.474,1.15389,1.15394,6.94,3.37
2020.07.22 02:29:09.625,1.15389,1.15393,10.69,0.75
2020.07.22 02:29:10.392,1.1539,1.15392,0.37,0.37
2020.07.22 02:29:10.693,1.15389,1.15393,8.44,1.12
2020.07.22 02:29:12.096,1.1539,1.15393,0.75,1.12
2020.07.22 02:29:12.198,1.15389,1.15393,6.64,0.37
2020.07.22 02:29:12.575,1.1539,1.15393,1.50,0.37
2020.07.22 02:29:12.975,1.1539,1.15394,2.25,1.87
2020.07.22 02:29:13.274,1.15394,1.15396,0.75,0.82
2020.07.22 02:29:13.375,1.15394,1.15397,0.94,1.12
2020.07.22 02:29:13.578,1.15394,1.15398,2.06,1.31
2020.07.22 02:29:13.679,1.15395,1.15398,0.82,1.31
2020.07.22 02:29:13.781,1.15394,1.15398,6.64,1.31
2020.07.22 02:29:14.777,1.15395,1.15397,0.37,0.37
2020.07.22 02:29:14.911,1.15394,1.15398,7.39,0.19
2020.07.22 02:29:16.475,1.15395,1.15398,2.32,0.37
2020.07.22 02:29:16.577,1.15395,1.15399,6.00,0.75
2020.07.22 02:29:16.678,1.15396,1.154,0.75,1.69
2020.07.22 02:29:18.143,1.15397,1.154,0.82,1.39
2020.07.22 02:29:18.244,1.15396,1.154,3.45,0.64
2020.07.22 02:29:24.815,1.15396,1.15399,0.94,1.87
2020.07.22 02:29:27.629,1.15396,1.154,0.82,1.57
2020.07.22 02:29:27.730,1.15397,1.154,0.75,0.75
2020.07.22 02:29:28.270,1.15396,1.15401,4.57,4.20
2020.07.22 02:29:30.146,1.15396,1.154,1.50,0.37
2020.07.22 02:29:32.089,1.15396,1.15399,0.75,0.75
2020.07.22 02:29:32.190,1.15396,1.154,1.50,0.94
2020.07.22 02:29:33.502,1.15395,1.154,7.31,2.06
2020.07.22 02:29:33.604,1.15396,1.15399,0.75,1.50
2020.07.22 02:29:33.705,1.15395,1.15399,3.56,0.75
2020.07.22 02:29:38.052,1.15396,1.15399,0.75,1.87
2020.07.22 02:29:38.446,1.15395,1.15399,3.94,1.12
2020.07.22 02:29:46.974,1.15396,1.15399,0.37,0.75
2020.07.22 02:29:47.126,1.15396,1.154,0.37,3.44
2020.07.22 02:29:52.065,1.15396,1.15401,2.44,6.33
2020.07.22 02:29:53.041,1.15397,1.15401,0.19,6.33
2020.07.22 02:29:54.612,1.15397,1.154,0.19,0.37
2020.07.22 02:29:56.248,1.15396,1.154,2.44,0.75
2020.07.22 02:29:59.320,1.15396,1.15401,4.69,3.45
2020.07.22 02:29:59.523,1.15397,1.15401,0.75,3.37
2020.07.22 02:29:59.624,1.15398,1.15401,0.75,2.62
2020.07.22 02:29:59.726,1.15399,1.15402,0.19,0.82
2020.07.22 02:29:59.993,1.15399,1.15403,1.31,1.50
2020.07.22 02:30:00.384,1.154,1.15403,0.19,1.12
2020.07.22 02:30:00.536,1.154,1.15402,0.19,0.37
2020.07.22 02:30:00.688,1.154,1.15403,2.44,0.75
2020.07.22 02:30:00.789,1.154,1.15404,2.44,0.75
2020.07.22 02:30:02.468,1.154,1.15403,2.44,0.37
2020.07.22 02:30:05.657,1.154,1.15402,0.94,0.37
2020.07.22 02:30:05.809,1.15399,1.15402,0.37,1.12
2020.07.22 02:30:06.062,1.15399,1.154,0.37,0.75
2020.07.22 02:30:06.164,1.15399,1.15401,0.37,2.89
2020.07.22 02:30:06.956,1.15397,1.15399,1.12,0.37
2020.07.22 02:30:07.208,1.15395,1.15399,1.87,3.07
2020.07.22 02:30:07.259,1.15393,1.15398,5.14,4.08
2020.07.22 02:30:07.310,1.15393,1.15395,0.75,0.37
2020.07.22 02:30:07.462,1.15392,1.15395,1.87,0.37
2020.07.22 02:30:08.026,1.15392,1.15396,1.12,3.63
2020.07.22 02:30:09.719,1.15392,1.15395,0.75,0.37
2020.07.22 02:30:09.871,1.15392,1.15394,0.75,0.75
2020.07.22 02:30:09.973,1.15391,1.15394,0.75,0.75
2020.07.22 02:30:10.884,1.1539,1.15394,2.25,0.75
2020.07.22 02:30:14.954,1.1539,1.15395,7.01,1.20
2020.07.22 02:30:17.600,1.1539,1.15394,2.25,0.37
2020.07.22 02:30:25.223,1.1539,1.15393,3.75,0.37
2020.07.22 02:30:28.138,1.1539,1.15392,3.00,1.12
2020.07.22 02:30:28.239,1.15388,1.15391,1.31,2.13
2020.07.22 02:30:28.341,1.15387,1.15391,3.37,0.37
2020.07.22 02:30:30.251,1.15386,1.1539,2.81,1.50
2020.07.22 02:30:30.352,1.15385,1.15389,1.69,1.12
2020.07.22 02:30:30.454,1.15385,1.15388,1.69,0.37
2020.07.22 02:30:31.851,1.15385,1.15389,2.06,0.75
2020.07.22 02:30:42.274,1.15385,1.15388,0.94,0.37
2020.07.22 02:30:42.967,1.15385,1.15389,1.31,0.37
2020.07.22 02:30:43.965,1.15385,1.15388,0.94,0.37
2020.07.22 02:30:44.676,1.15384,1.15387,2.44,0.37
2020.07.22 02:30:46.389,1.15383,1.15387,0.94,0.37
2020.07.22 02:30:46.491,1.15383,1.15386,1.12,0.75
2020.07.22 02:30:46.593,1.15381,1.15386,8.06,1.12
2020.07.22 02:30:46.745,1.15381,1.15385,3.19,0.37
2020.07.22 02:30:47.052,1.15383,1.15385,0.37,0.37
2020.07.22 02:30:48.048,1.15382,1.15385,0.37,0.37
2020.07.22 02:30:48.415,1.15381,1.15385,6.19,0.37
2020.07.22 02:30:49.297,1.1538,1.15384,0.75,0.37
2020.07.22 02:30:49.499,1.1538,1.15383,0.37,2.25
2020.07.22 02:30:50.287,1.15379,1.15383,0.37,2.25
2020.07.22 02:30:50.388,1.15378,1.15383,5.81,2.25
2020.07.22 02:30:51.553,1.15379,1.15383,1.69,1.50
2020.07.22 02:30:52.764,1.15379,1.15382,2.14,0.37
2020.07.22 02:30:53.278,1.15379,1.15383,5.89,1.50
2020.07.22 02:30:53.638,1.1538,1.15382,0.37,0.37
2020.07.22 02:30:54.046,1.15379,1.15383,2.14,0.75
2020.07.22 02:30:54.958,1.1538,1.15383,3.00,0.75
2020.07.22 02:30:56.313,1.1538,1.15384,1.57,1.50
2020.07.22 02:30:56.414,1.15381,1.15385,2.51,1.87
2020.07.22 02:30:56.618,1.15382,1.15385,0.82,0.75
2020.07.22 02:30:56.720,1.15384,1.15388,0.37,1.20
2020.07.22 02:30:57.811,1.15382,1.15386,5.81,0.37
2020.07.22 02:31:00.268,1.15382,1.15385,0.75,0.37
2020.07.22 02:31:01.556,1.15383,1.15385,0.82,0.37
2020.07.22 02:31:01.657,1.15382,1.15386,4.12,1.12
2020.07.22 02:31:01.759,1.15383,1.15387,1.69,2.32
2020.07.22 02:31:01.861,1.15384,1.15387,2.14,0.37
2020.07.22 02:31:01.963,1.15384,1.15388,5.06,0.37
2020.07.22 02:31:02.216,1.15384,1.15389,7.31,1.12
2020.07.22 02:31:02.317,1.15385,1.15389,0.75,0.45
2020.07.22 02:31:03.213,1.15386,1.15389,0.37,0.37
2020.07.22 02:31:04.184,1.15385,1.15389,1.50,0.37
2020.07.22 02:31:04.749,1.15386,1.1539,5.14,2.77
2020.07.22 02:31:05.605,1.15388,1.1539,0.75,2.13
2020.07.22 02:31:05.707,1.15389,1.15393,4.69,1.20
2020.07.22 02:31:06.011,1.1539,1.15393,1.69,1.12
2020.07.22 02:31:07.122,1.1539,1.15394,2.06,0.45
2020.07.22 02:31:07.224,1.15388,1.15391,8.81,0.37
2020.07.22 02:31:07.325,1.15387,1.15391,4.31,0.37
2020.07.22 02:31:07.427,1.15386,1.1539,8.06,0.37
2020.07.22 02:31:08.274,1.15386,1.15389,0.75,0.37
2020.07.22 02:31:08.426,1.15386,1.15387,0.75,0.37
2020.07.22 02:31:08.771,1.15385,1.15387,1.69,0.37
2020.07.22 02:31:10.709,1.15385,1.15388,0.94,0.37
2020.07.22 02:31:17.269,1.15385,1.15389,1.69,4.08
2020.07.22 02:31:17.523,1.15386,1.15389,0.75,0.75
2020.07.22 02:31:18.526,1.15386,1.1539,0.75,0.37
2020.07.22 02:31:20.787,1.15387,1.1539,0.94,0.75
2020.07.22 02:31:21.905,1.15385,1.15389,8.81,0.75
2020.07.22 02:31:22.410,1.15386,1.15389,0.75,0.75
2020.07.22 02:31:22.512,1.15387,1.1539,0.75,0.45
2020.07.22 02:31:22.710,1.15387,1.15391,0.75,4.83
2020.07.22 02:31:24.007,1.15388,1.15391,0.82,3.33
2020.07.22 02:31:24.160,1.15388,1.15393,7.76,1.57
2020.07.22 02:31:24.261,1.1539,1.15393,0.75,0.82
2020.07.22 02:31:24.363,1.1539,1.15394,0.75,0.37
2020.07.22 02:31:26.662,1.1539,1.15395,1.20,2.14
2020.07.22 02:31:28.054,1.15391,1.15395,0.75,2.14
2020.07.22 02:31:28.383,1.1539,1.15395,1.12,2.14
2020.07.22 02:31:28.484,1.1539,1.15394,0.37,1.50
2020.07.22 02:31:28.586,1.15388,1.15392,4.69,0.94
2020.07.22 02:31:28.687,1.15388,1.15391,1.69,0.37
2020.07.22 02:31:28.789,1.15388,1.15393,6.19,4.57
2020.07.22 02:31:29.710,1.15389,1.15393,0.75,2.70
2020.07.22 02:31:30.459,1.15388,1.15393,6.26,2.70
2020.07.22 02:31:32.154,1.15389,1.15392,0.37,0.75
2020.07.22 02:31:35.232,1.15388,1.15392,2.81,0.37
2020.07.22 02:31:35.353,1.15388,1.15393,2.44,3.07
2020.07.22 02:31:35.622,1.15387,1.15391,5.44,0.37
2020.07.22 02:31:36.626,1.15386,1.1539,8.44,0.37
2020.07.22 02:31:36.778,1.15386,1.15389,3.00,0.45
2020.07.22 02:31:36.980,1.15385,1.15389,0.94,3.82
2020.07.22 02:31:37.082,1.15384,1.15389,7.69,4.01
2020.07.22 02:31:38.035,1.15384,1.15388,8.06,0.37
2020.07.22 02:31:38.918,1.15385,1.15388,0.19,0.37
2020.07.22 02:31:39.427,1.15384,1.15388,6.19,0.37
2020.07.22 02:31:39.803,1.15385,1.15388,0.19,0.37
2020.07.22 02:31:43.813,1.15384,1.15388,0.19,1.50
2020.07.22 02:31:45.234,1.15385,1.15388,0.19,1.50
2020.07.22 02:31:47.106,1.15385,1.15387,0.94,0.37
2020.07.22 02:31:47.951,1.15385,1.15388,0.94,1.12
2020.07.22 02:31:48.103,1.15385,1.15389,6.19,0.45
2020.07.22 02:31:48.204,1.15386,1.1539,0.75,4.76
2020.07.22 02:31:50.461,1.15387,1.1539,0.75,4.76
2020.07.22 02:31:50.562,1.15386,1.1539,1.12,5.66
2020.07.22 02:31:50.664,1.15386,1.15389,0.75,0.82
2020.07.22 02:31:53.916,1.15385,1.15389,6.56,0.10
2020.07.22 02:31:54.018,1.15386,1.15389,0.37,0.10
2020.07.22 02:31:54.169,1.15386,1.1539,1.12,4.76
2020.07.22 02:31:54.271,1.15387,1.15389,0.75,0.37
2020.07.22 02:31:54.923,1.15388,1.1539,3.75,2.25
2020.07.22 02:31:55.024,1.15389,1.15391,1.69,1.50
2020.07.22 02:31:55.075,1.1539,1.15393,1.87,0.45
2020.07.22 02:31:55.177,1.15392,1.15394,0.37,0.45
2020.07.22 02:31:55.278,1.15392,1.15395,0.37,3.82
2020.07.22 02:31:55.682,1.15392,1.15394,0.37,0.75
2020.07.22 02:31:55.784,1.15392,1.15395,0.37,1.50
2020.07.22 02:31:58.842,1.15391,1.15395,4.69,1.57
2020.07.22 02:32:00.161,1.15395,1.15396,1.12,1.57
2020.07.22 02:32:00.263,1.15396,1.15399,1.12,1.20
2020.07.22 02:32:00.365,1.15396,1.154,1.50,0.10
2020.07.22 02:32:00.854,1.15397,1.154,2.25,1.50
2020.07.22 02:32:01.473,1.15398,1.154,0.37,1.50
2020.07.22 02:32:01.839,1.15399,1.15401,2.06,1.50
2020.07.22 02:32:02.759,1.15401,1.15405,2.25,0.45
2020.07.22 02:32:02.861,1.15401,1.15406,2.44,0.45
2020.07.22 02:32:03.344,1.15402,1.15406,0.82,0.82
2020.07.22 02:32:03.599,1.15403,1.15407,0.37,1.39
2020.07.22 02:32:04.022,1.15402,1.15407,5.70,1.39
2020.07.22 02:32:05.472,1.15402,1.15406,1.87,0.37
2020.07.22 02:32:08.182,1.15402,1.15405,0.75,0.19
2020.07.22 02:32:08.284,1.15401,1.15405,4.12,1.46
2020.07.22 02:32:10.019,1.15401,1.15404,0.75,0.10
2020.07.22 02:32:11.649,1.15401,1.15405,0.75,169.39
2020.07.22 02:32:12.085,1.15401,1.15404,0.75,0.10
2020.07.22 02:32:12.186,1.15401,1.15405,0.75,3.26
2020.07.22 02:32:15.393,1.15401,1.15404,1.50,0.75
2020.07.22 02:32:17.500,1.15401,1.15405,1.50,2.89
2020.07.22 02:32:27.889,1.15403,1.15405,0.75,1.50
2020.07.22 02:32:27.990,1.15402,1.15405,2.06,1.50
2020.07.22 02:32:30.635,1.15404,1.15405,0.75,1.50
2020.07.22 02:32:30.736,1.15405,1.15406,0.94,1.50
2020.07.22 02:32:30.787,1.15405,1.15408,1.31,0.45
2020.07.22 02:32:30.889,1.15405,1.15409,4.31,2.25
2020.07.22 02:32:30.990,1.15406,1.1541,0.19,2.62
2020.07.22 02:32:31.092,1.15405,1.15409,6.56,0.37
2020.07.22 02:32:31.244,1.15403,1.15407,7.50,1.27
2020.07.22 02:32:32.356,1.15403,1.15406,0.75,0.82
2020.07.22 02:32:32.457,1.15403,1.15407,0.75,1.65
2020.07.22 02:32:33.273,1.15403,1.15406,0.75,0.37
2020.07.22 02:32:35.329,1.15403,1.15407,0.75,5.02
2020.07.22 02:32:36.114,1.15404,1.15407,1.50,0.10
2020.07.22 02:32:36.215,1.15404,1.15408,0.94,0.37
2020.07.22 02:32:38.841,1.15404,1.15409,0.94,4.57
2020.07.22 02:32:42.721,1.15406,1.15409,0.75,4.57
2020.07.22 02:32:42.874,1.15405,1.15407,0.75,0.75
2020.07.22 02:32:42.975,1.15404,1.15409,2.44,5.96
2020.07.22 02:32:43.076,1.15404,1.15408,3.94,0.82
2020.07.22 02:32:44.846,1.15405,1.15408,0.75,0.10
2020.07.22 02:32:44.948,1.15405,1.15409,2.25,0.45
2020.07.22 02:32:44.999,1.15407,1.15409,0.75,0.10
2020.07.22 02:32:45.100,1.15406,1.1541,1.12,3.75
2020.07.22 02:32:50.126,1.15406,1.15409,1.50,1.12
2020.07.22 02:32:50.177,1.15403,1.15407,5.14,0.37
2020.07.22 02:32:50.279,1.15403,1.15406,0.94,0.10
2020.07.22 02:32:50.380,1.15402,1.15406,2.06,1.20
2020.07.22 02:32:50.714,1.15402,1.15407,2.06,1.57
2020.07.22 02:32:52.944,1.15401,1.15405,6.19,0.75
2020.07.22 02:32:53.528,1.15401,1.15406,5.06,2.32
2020.07.22 02:32:54.864,1.15402,1.15406,0.75,2.32
2020.07.22 02:32:59.222,1.15401,1.15406,5.06,1.20
2020.07.22 02:33:00.082,1.15401,1.15405,4.31,0.10
2020.07.22 02:33:00.185,1.154,1.15405,2.81,4.34
2020.07.22 02:33:00.286,1.154,1.15404,2.81,0.82
2020.07.22 02:33:00.388,1.154,1.15405,2.81,4.64
2020.07.22 02:33:00.531,1.154,1.15404,2.81,0.10
2020.07.22 02:33:00.885,1.154,1.15405,2.81,3.52
2020.07.22 02:33:02.835,1.154,1.15404,1.69,0.82
2020.07.22 02:33:02.987,1.154,1.15405,1.69,4.72
2020.07.22 02:33:03.191,1.154,1.15404,1.69,0.10
2020.07.22 02:33:03.687,1.154,1.15405,1.69,5.09
2020.07.22 02:33:04.388,1.154,1.15404,1.69,0.10
2020.07.22 02:33:07.422,1.15399,1.15403,3.56,3.07
2020.07.22 02:33:08.216,1.15399,1.15402,1.50,0.75
2020.07.22 02:33:08.267,1.15397,1.15402,3.94,4.01
2020.07.22 02:33:08.369,1.15398,1.15401,3.00,0.10
2020.07.22 02:33:08.470,1.15398,1.15402,3.00,4.46
2020.07.22 02:33:08.572,1.15397,1.15402,3.94,2.32
2020.07.22 02:33:09.805,1.15397,1.15401,0.94,0.45
2020.07.22 02:33:09.957,1.15396,1.15401,6.37,3.04
2020.07.22 02:33:10.059,1.15396,1.154,4.31,0.10
2020.07.22 02:33:10.160,1.15397,1.154,0.37,0.37
2020.07.22 02:33:10.674,1.15396,1.15401,7.31,2.62
2020.07.22 02:33:12.304,1.15396,1.154,3.37,0.75
2020.07.22 02:33:12.406,1.15397,1.15401,0.75,4.94
2020.07.22 02:33:12.884,1.15396,1.15401,4.69,4.76
2020.07.22 02:33:13.097,1.15397,1.15401,0.75,4.76
2020.07.22 02:33:13.455,1.15396,1.15401,8.06,2.70
2020.07.22 02:33:15.805,1.15399,1.15401,0.75,0.75
2020.07.22 02:33:15.906,1.15399,1.15403,1.50,3.37
2020.07.22 02:33:16.577,1.15399,1.15402,0.75,0.75
2020.07.22 02:33:17.762,1.15399,1.15403,2.25,1.50
2020.07.22 02:33:17.864,1.154,1.15404,1.50,4.83
2020.07.22 02:33:17.966,1.154,1.15405,4.31,4.83
2020.07.22 02:33:18.274,1.154,1.15404,1.12,1.95
2020.07.22 02:33:19.687,1.15399,1.15404,1.12,6.89
2020.07.22 02:33:19.789,1.15399,1.15403,0.75,0.37
2020.07.22 02:33:19.942,1.15399,1.15402,0.75,0.37
2020.07.22 02:33:21.368,1.15399,1.15403,2.25,1.57
2020.07.22 02:33:24.196,1.154,1.15403,1.50,1.95
2020.07.22 02:33:24.399,1.15399,1.15403,0.75,1.20
2020.07.22 02:33:28.256,1.15399,1.15402,1.12,0.10
2020.07.22 02:33:29.247,1.15399,1.15403,1.12,1.95
2020.07.22 02:33:30.325,1.15398,1.15403,1.69,4.46
2020.07.22 02:33:30.834,1.15398,1.15402,0.94,0.37
2020.07.22 02:33:30.943,1.15397,1.15402,2.44,4.83
2020.07.22 02:33:30.994,1.15397,1.154,3.94,0.37
2020.07.22 02:33:31.096,1.15396,1.154,0.75,0.37
2020.07.22 02:33:33.302,1.15394,1.15398,2.44,1.12
2020.07.22 02:33:41.812,1.15394,1.15397,2.81,0.37
2020.07.22 02:33:41.913,1.15394,1.15398,2.81,2.32
2020.07.22 02:33:43.096,1.15395,1.15398,0.75,2.70
2020.07.22 02:33:43.985,1.15396,1.15399,0.75,0.10
2020.07.22 02:33:44.087,1.15395,1.154,5.32,3.64
2020.07.22 02:33:44.188,1.15396,1.154,0.75,1.76
2020.07.22 02:33:44.594,1.15395,1.154,5.81,3.56
2020.07.22 02:33:44.695,1.15395,1.15398,0.19,0.75
2020.07.22 02:33:44.802,1.15394,1.15398,1.69,2.89
2020.07.22 02:33:46.153,1.15395,1.15398,0.37,0.75
2020.07.22 02:33:47.029,1.15394,1.15398,2.81,0.75
2020.07.22 02:33:58.202,1.15394,1.15399,6.19,5.32
2020.07.22 02:33:58.459,1.15395,1.15399,0.75,3.45
2020.07.22 02:33:59.026,1.15394,1.15399,6.56,3.52
2020.07.22 02:34:00.837,1.15394,1.15398,6.56,0.10
2020.07.22 02:34:01.514,1.15395,1.15398,0.94,0.10
2020.07.22 02:34:01.665,1.15395,1.15399,0.94,3.45
2020.07.22 02:34:03.085,1.15395,1.15398,2.44,0.75
2020.07.22 02:34:04.172,1.15395,1.15399,2.51,3.45
2020.07.22 02:34:04.279,1.15397,1.15399,0.75,1.20
2020.07.22 02:34:04.381,1.15399,1.15402,2.44,0.10
2020.07.22 02:34:04.483,1.15401,1.15404,0.19,6.71
2020.07.22 02:34:04.584,1.15401,1.15403,0.19,0.10
2020.07.22 02:34:04.685,1.15401,1.15404,0.19,6.78
2020.07.22 02:34:05.776,1.15401,1.15403,0.19,0.82
2020.07.22 02:34:06.276,1.15401,1.15404,0.19,6.33
2020.07.22 02:34:09.420,1.15402,1.15405,0.56,0.10
2020.07.22 02:34:09.521,1.15402,1.15407,2.81,8.92
2020.07.22 02:34:09.623,1.15403,1.15407,0.94,0.45
2020.07.22 02:34:12.641,1.15403,1.15406,0.19,0.37
2020.07.22 02:34:13.034,1.15402,1.15406,5.81,0.37
2020.07.22 02:34:13.774,1.15402,1.15407,5.81,2.14
2020.07.22 02:34:14.074,1.15402,1.15406,5.81,0.37
2020.07.22 02:34:14.180,1.15402,1.15405,1.69,0.75
2020.07.22 02:34:14.485,1.15403,1.15407,0.19,3.71
2020.07.22 02:34:17.963,1.15403,1.15406,0.19,0.37
2020.07.22 02:34:18.065,1.15402,1.15405,0.75,0.75
2020.07.22 02:34:18.593,1.15402,1.15406,0.75,1.09
2020.07.22 02:34:19.456,1.15402,1.15407,2.81,8.02
2020.07.22 02:34:19.557,1.15403,1.15407,0.94,0.10
2020.07.22 02:34:19.987,1.15402,1.15406,3.56,0.37
2020.07.22 02:34:24.142,1.15402,1.15405,0.75,0.37
2020.07.22 02:34:24.457,1.15402,1.15404,0.75,1.57
2020.07.22 02:34:24.508,1.154,1.15404,1.69,5.13
2020.07.22 02:34:26.467,1.154,1.15403,1.69,2.13
2020.07.22 02:34:27.782,1.15399,1.15403,2.06,2.32
2020.07.22 02:34:29.715,1.15399,1.15402,1.69,2.13
2020.07.22 02:34:30.282,1.15399,1.15403,1.69,3.45
2020.07.22 02:34:30.430,1.15399,1.15402,1.69,0.75
2020.07.22 02:34:30.640,1.15399,1.15403,1.69,2.70
2020.07.22 02:34:31.033,1.154,1.15404,0.94,8.96
2020.07.22 02:34:31.651,1.154,1.15405,1.69,5.39
2020.07.22 02:34:33.021,1.15401,1.15405,1.12,3.89
2020.07.22 02:34:33.831,1.15402,1.15405,0.10,0.19
2020.07.22 02:34:34.168,1.15401,1.15405,1.12,0.19
2020.07.22 02:34:39.244,1.15402,1.15406,1.12,3.63
2020.07.22 02:34:41.124,1.15403,1.15406,0.37,1.57
2020.07.22 02:34:41.238,1.15402,1.15406,2.44,0.75
2020.07.22 02:34:41.426,1.15403,1.15406,0.75,0.75
2020.07.22 02:34:41.729,1.15402,1.15406,6.64,0.75
2020.07.22 02:34:43.125,1.15404,1.15408,1.69,2.21
2020.07.22 02:34:43.227,1.15405,1.15409,0.75,2.21
2020.07.22 02:34:43.530,1.15406,1.15409,0.75,2.13
2020.07.22 02:34:43.631,1.15406,1.1541,0.75,4.64
2020.07.22 02:34:43.733,1.15406,1.15409,0.75,2.96
2020.07.22 02:34:43.834,1.15406,1.1541,0.75,4.27
2020.07.22 02:34:45.005,1.15406,1.15409,0.75,0.19
2020.07.22 02:34:46.436,1.15406,1.1541,3.37,0.19
2020.07.22 02:34:46.538,1.15407,1.1541,0.75,0.19
2020.07.22 02:34:47.926,1.15407,1.15409,0.75,0.82
2020.07.22 02:34:47.977,1.15405,1.15407,0.75,0.94
2020.07.22 02:34:48.129,1.15405,1.15408,0.75,0.26
2020.07.22 02:34:49.353,1.15403,1.15407,3.00,1.16
2020.07.22 02:34:49.454,1.15402,1.15406,3.19,2.13
2020.07.22 02:34:59.720,1.15402,1.15405,0.75,1.12
2020.07.22 02:34:59.771,1.154,1.15404,1.20,2.81
2020.07.22 02:35:00.025,1.15401,1.15405,0.75,4.64
2020.07.22 02:35:00.126,1.15402,1.15406,1.50,0.82
2020.07.22 02:35:03.809,1.15402,1.15405,0.75,0.10
2020.07.22 02:35:03.927,1.15402,1.15406,0.75,3.89
2020.07.22 02:35:10.906,1.15403,1.15407,0.75,1.76
2020.07.22 02:35:11.060,1.15404,1.15408,3.00,0.10
2020.07.22 02:35:11.162,1.15405,1.1541,0.75,7.34
2020.07.22 02:35:11.264,1.15405,1.15409,3.75,2.13
2020.07.22 02:35:16.611,1.15405,1.1541,1.50,5.14
2020.07.22 02:35:17.769,1.15405,1.15409,0.75,3.71
2020.07.22 02:35:20.105,1.15403,1.15408,4.12,4.16
2020.07.22 02:35:20.206,1.15403,1.15407,1.12,0.10
2020.07.22 02:35:20.308,1.15403,1.15408,6.26,0.37
2020.07.22 02:35:20.842,1.15404,1.15409,3.00,5.02
2020.07.22 02:35:21.242,1.15405,1.15409,2.44,2.13
2020.07.22 02:35:21.344,1.15405,1.1541,5.70,1.76
2020.07.22 02:35:21.445,1.15405,1.15408,3.82,0.82
2020.07.22 02:35:21.496,1.15405,1.1541,2.40,1.69
2020.07.22 02:35:21.699,1.15406,1.1541,0.75,0.15
2020.07.22 02:35:29.154,1.15408,1.1541,0.75,0.19
2020.07.22 02:35:30.141,1.15409,1.15411,0.75,5.47
2020.07.22 02:35:30.243,1.15411,1.15412,0.75,0.10
2020.07.22 02:35:30.345,1.1541,1.15413,1.12,0.75
2020.07.22 02:35:30.396,1.15412,1.15414,0.75,7.72
2020.07.22 02:35:31.353,1.15411,1.15414,0.75,4.46
2020.07.22 02:35:31.454,1.15412,1.15413,0.75,1.57
2020.07.22 02:35:31.555,1.15411,1.15413,0.75,0.82
2020.07.22 02:35:32.023,1.15411,1.15414,0.75,3.34
2020.07.22 02:35:34.046,1.15411,1.15413,0.75,1.50
2020.07.22 02:35:34.147,1.15411,1.15414,0.75,3.79
2020.07.22 02:35:34.249,1.15411,1.15413,0.75,0.90
2020.07.22 02:35:34.742,1.15412,1.15414,0.75,1.76
2020.07.22 02:35:34.894,1.15411,1.15414,0.75,1.46
2020.07.22 02:35:35.374,1.1541,1.15414,1.12,1.84
2020.07.22 02:35:39.871,1.15411,1.15414,0.75,1.84
2020.07.22 02:35:40.431,1.1541,1.15414,0.82,1.39
2020.07.22 02:35:40.533,1.1541,1.15413,0.75,0.82
2020.07.22 02:35:40.785,1.1541,1.15414,0.75,2.29
2020.07.22 02:35:40.887,1.15409,1.15413,1.50,2.21
2020.07.22 02:35:40.988,1.15409,1.15412,0.75,0.10
2020.07.22 02:35:41.090,1.15409,1.15413,0.75,4.72
2020.07.22 02:35:41.653,1.15409,1.15412,0.75,0.10
2020.07.22 02:35:44.336,1.15409,1.15413,0.75,4.09
2020.07.22 02:35:44.437,1.15409,1.15412,0.75,0.10
2020.07.22 02:35:45.114,1.15409,1.15413,0.75,2.59
2020.07.22 02:35:45.215,1.15409,1.15412,0.75,0.10
2020.07.22 02:35:46.877,1.15409,1.15413,0.75,0.64
2020.07.22 02:35:59.461,1.15408,1.15413,3.19,2.40
2020.07.22 02:36:00.388,1.1541,1.15413,0.75,0.10
2020.07.22 02:36:00.489,1.1541,1.15414,0.75,1.76
2020.07.22 02:36:02.040,1.15411,1.15414,0.75,0.37
2020.07.22 02:36:02.141,1.15411,1.15415,0.75,5.39
2020.07.22 02:36:02.243,1.15412,1.15415,0.75,0.10
2020.07.22 02:36:02.808,1.15412,1.15416,0.75,5.84
2020.07.22 02:36:05.941,1.15411,1.15414,0.75,1.12
2020.07.22 02:36:06.043,1.1541,1.15413,0.75,2.69
2020.07.22 02:36:06.195,1.15409,1.15412,1.69,0.37
2020.07.22 02:36:06.296,1.15408,1.15412,2.25,0.37
2020.07.22 02:36:08.121,1.15411,1.15413,0.75,2.21
2020.07.22 02:36:08.223,1.15411,1.15415,0.75,5.77
2020.07.22 02:36:09.933,1.15412,1.15415,0.75,1.50
2020.07.22 02:36:10.787,1.15412,1.15416,2.25,3.45
2020.07.22 02:36:10.888,1.15412,1.15415,2.25,0.75
2020.07.22 02:36:11.556,1.15412,1.15416,1.69,2.25
2020.07.22 02:36:11.759,1.15415,1.15417,0.75,0.75
2020.07.22 02:36:11.810,1.15416,1.15419,0.75,5.29
2020.07.22 02:36:11.911,1.15416,1.1542,3.37,0.26
2020.07.22 02:36:12.013,1.15418,1.1542,0.75,0.94
2020.07.22 02:36:13.309,1.15417,1.1542,1.50,0.94
2020.07.22 02:36:14.954,1.15417,1.15419,1.50,0.75
2020.07.22 02:36:15.463,1.15415,1.15418,2.81,0.75
2020.07.22 02:36:18.125,1.15416,1.15418,0.75,0.75
2020.07.22 02:36:18.387,1.15416,1.15419,0.75,3.45
2020.07.22 02:36:18.488,1.15417,1.15419,0.75,0.75
2020.07.22 02:36:18.590,1.15417,1.1542,0.75,0.94
2020.07.22 02:36:37.321,1.15417,1.15421,0.75,5.02
2020.07.22 02:36:38.423,1.15417,1.1542,0.75,0.75
2020.07.22 02:36:42.071,1.15416,1.1542,2.81,0.75
2020.07.22 02:36:42.223,1.15415,1.15418,6.37,2.25
2020.07.22 02:36:42.325,1.15416,1.15418,0.75,3.00
2020.07.22 02:36:42.476,1.15414,1.15415,0.94,0.75
2020.07.22 02:36:42.628,1.15412,1.15415,0.19,2.25
2020.07.22 02:36:42.983,1.15411,1.15415,1.50,2.25
2020.07.22 02:36:44.614,1.1541,1.15413,3.75,0.37
2020.07.22 02:36:50.221,1.15409,1.15413,3.56,2.62
2020.07.22 02:36:50.396,1.1541,1.15413,0.75,2.62
2020.07.22 02:36:50.548,1.15411,1.15414,0.19,3.00
2020.07.22 02:37:03.198,1.15409,1.15413,1.50,2.44
2020.07.22 02:37:03.401,1.15409,1.15412,0.75,0.10
2020.07.22 02:37:06.461,1.15409,1.15413,0.94,1.50
2020.07.22 02:37:06.563,1.1541,1.15414,0.19,4.83
2020.07.22 02:37:07.991,1.1541,1.15413,0.19,0.37
2020.07.22 02:37:08.426,1.15409,1.15413,5.81,0.37
2020.07.22 02:37:08.476,1.15409,1.15411,3.75,0.75
2020.07.22 02:37:08.527,1.15407,1.15411,5.51,2.25
2020.07.22 02:37:09.119,1.15408,1.1541,0.75,0.75
2020.07.22 02:37:09.269,1.15406,1.15411,3.56,5.47
2020.07.22 02:37:12.327,1.15406,1.1541,3.56,0.82
2020.07.22 02:37:12.630,1.15405,1.15409,5.44,3.75
2020.07.22 02:37:12.732,1.15404,1.15407,2.44,0.19
2020.07.22 02:37:12.884,1.15403,1.15407,0.10,3.19
2020.07.22 02:37:12.985,1.15402,1.15407,2.81,4.39
2020.07.22 02:37:13.695,1.15403,1.15407,0.37,4.39
2020.07.22 02:37:13.982,1.15402,1.15407,5.81,4.39
2020.07.22 02:37:14.084,1.15404,1.15408,3.00,5.96
2020.07.22 02:37:15.294,1.15403,1.15408,7.69,3.45
2020.07.22 02:37:18.396,1.15404,1.15408,3.94,2.25
2020.07.22 02:37:18.497,1.15406,1.15408,0.10,0.75
2020.07.22 02:37:18.548,1.15406,1.1541,2.44,2.96
2020.07.22 02:37:18.650,1.15407,1.15411,0.19,4.46
2020.07.22 02:37:20.133,1.15409,1.15412,0.19,5.58
2020.07.22 02:37:20.336,1.15409,1.15413,0.19,2.25
2020.07.22 02:37:24.670,1.1541,1.15413,0.19,2.32
2020.07.22 02:37:24.772,1.1541,1.15414,0.94,1.20
2020.07.22 02:37:26.127,1.1541,1.15413,0.94,0.82
2020.07.22 02:37:26.346,1.1541,1.15414,0.94,1.20
2020.07.22 02:37:27.854,1.15412,1.15414,0.75,0.37
2020.07.22 02:37:27.905,1.15412,1.15416,1.31,1.57
2020.07.22 02:37:27.956,1.15414,1.15416,0.37,0.10
2020.07.22 02:37:28.007,1.15417,1.15418,0.75,0.10
2020.07.22 02:37:28.108,1.15416,1.1542,1.12,1.76
2020.07.22 02:37:28.210,1.15417,1.1542,0.75,3.07
2020.07.22 02:37:29.715,1.15416,1.15419,0.75,3.71
2020.07.22 02:37:29.817,1.15414,1.15418,0.56,6.33
2020.07.22 02:37:29.918,1.15414,1.15417,0.56,0.10
2020.07.22 02:37:30.590,1.15414,1.15418,0.19,4.23
2020.07.22 02:37:31.599,1.15414,1.15417,0.19,0.45
2020.07.22 02:37:32.607,1.15415,1.15419,0.56,2.32
2020.07.22 02:37:32.709,1.15416,1.15419,0.75,0.75
2020.07.22 02:37:33.695,1.15415,1.15419,2.06,1.12
2020.07.22 02:37:34.133,1.15415,1.15418,0.94,0.37
2020.07.22 02:37:34.490,1.15415,1.15419,0.94,4.46
2020.07.22 02:37:40.865,1.15415,1.15418,1.69,0.75
2020.07.22 02:37:40.966,1.15415,1.15419,0.94,4.08
2020.07.22 02:37:42.112,1.15415,1.15418,1.69,0.75
2020.07.22 02:37:44.102,1.15415,1.15419,0.94,4.46
2020.07.22 02:37:46.366,1.15416,1.15419,0.75,0.75
2020.07.22 02:37:52.774,1.15416,1.15418,0.37,0.75
2020.07.22 02:37:52.875,1.15415,1.15419,3.64,0.75
2020.07.22 02:37:52.926,1.15416,1.15421,0.94,4.31
2020.07.22 02:37:55.377,1.15416,1.1542,3.19,0.75
2020.07.22 02:37:57.824,1.15416,1.15421,0.64,2.81
2020.07.22 02:37:59.243,1.15417,1.15421,0.37,4.57
2020.07.22 02:37:59.445,1.15416,1.15421,1.01,2.44
2020.07.22 02:38:00.228,1.15416,1.1542,3.56,2.13
2020.07.22 02:38:00.775,1.15416,1.15421,0.56,2.44
2020.07.22 02:38:01.357,1.15417,1.15421,0.19,2.25
2020.07.22 02:38:02.385,1.15416,1.15421,2.44,3.82
2020.07.22 02:38:02.692,1.15416,1.1542,1.57,0.75
2020.07.22 02:38:02.793,1.15415,1.1542,4.39,5.51
2020.07.22 02:38:02.895,1.15415,1.15419,4.39,1.57
2020.07.22 02:38:02.996,1.15415,1.1542,4.01,5.58
2020.07.22 02:38:05.240,1.15416,1.15419,0.75,0.75
2020.07.22 02:38:05.634,1.15415,1.1542,4.01,5.21
2020.07.22 02:38:05.903,1.15414,1.15418,2.70,3.63
2020.07.22 02:38:06.005,1.15413,1.15418,1.57,7.19
2020.07.22 02:38:06.338,1.15416,1.15418,1.50,0.75
2020.07.22 02:38:06.440,1.15416,1.1542,0.75,5.77
2020.07.22 02:38:11.868,1.15416,1.15419,1.50,0.75
2020.07.22 02:38:12.086,1.15416,1.1542,0.75,2.25
2020.07.22 02:38:13.816,1.15416,1.15419,1.50,0.75
2020.07.22 02:38:13.921,1.15416,1.1542,0.75,4.38
2020.07.22 02:38:13.972,1.15416,1.15418,0.75,3.00
2020.07.22 02:38:14.023,1.15414,1.15418,0.45,5.88
2020.07.22 02:38:14.074,1.15413,1.15416,1.12,0.37
2020.07.22 02:38:14.466,1.15414,1.15417,2.25,0.37
2020.07.22 02:38:14.567,1.15414,1.15418,2.70,4.76
2020.07.22 02:38:17.476,1.15415,1.15417,0.75,0.75
2020.07.22 02:38:17.577,1.15414,1.15418,2.25,4.83
2020.07.22 02:38:17.628,1.15412,1.15417,8.51,2.25
2020.07.22 02:38:18.579,1.15413,1.15416,0.75,0.75
2020.07.22 02:38:19.613,1.15412,1.15416,5.25,1.50
2020.07.22 02:38:22.126,1.15412,1.15415,5.25,0.75
2020.07.22 02:38:22.227,1.15412,1.15416,5.25,1.57
2020.07.22 02:38:22.524,1.15413,1.15418,3.00,5.66
2020.07.22 02:38:22.676,1.15413,1.15417,3.00,0.37
2020.07.22 02:38:25.421,1.15413,1.15418,4.69,4.12
2020.07.22 02:38:25.523,1.15414,1.15417,0.75,0.75
2020.07.22 02:38:25.626,1.15412,1.15416,7.20,0.82
2020.07.22 02:38:25.728,1.15412,1.15417,6.45,3.94
2020.07.22 02:38:25.779,1.15412,1.15415,0.45,0.82
2020.07.22 02:38:25.933,1.15411,1.15415,3.75,0.82
2020.07.22 02:38:26.038,1.15411,1.15416,3.07,3.19
2020.07.22 02:38:26.189,1.15411,1.15415,3.00,1.57
2020.07.22 02:38:26.341,1.15411,1.15414,1.50,0.82
2020.07.22 02:38:26.992,1.15411,1.15415,0.75,3.37
2020.07.22 02:38:28.299,1.15411,1.15414,1.50,0.75
2020.07.22 02:38:28.436,1.15411,1.15415,0.75,3.07
2020.07.22 02:38:29.309,1.15411,1.15414,0.75,0.75
2020.07.22 02:38:29.411,1.1541,1.15414,4.87,1.50
2020.07.22 02:38:29.512,1.1541,1.15413,3.00,2.25
2020.07.22 02:38:29.613,1.15409,1.15413,1.69,2.25
2020.07.22 02:38:40.752,1.1541,1.15413,0.75,0.75
2020.07.22 02:38:40.955,1.15409,1.15413,2.51,0.75
2020.07.22 02:38:41.057,1.1541,1.15413,0.75,0.75
2020.07.22 02:38:41.160,1.15409,1.15413,3.26,0.75
2020.07.22 02:38:45.942,1.1541,1.15413,0.75,0.75
2020.07.22 02:38:46.256,1.15409,1.15413,2.89,0.75
2020.07.22 02:38:48.463,1.1541,1.15413,1.20,0.75
2020.07.22 02:38:49.381,1.15411,1.15413,0.10,0.75
2020.07.22 02:38:49.811,1.1541,1.15413,1.20,0.75
2020.07.22 02:38:50.427,1.15411,1.15413,0.10,0.75
2020.07.22 02:38:50.797,1.1541,1.15413,2.70,0.75
2020.07.22 02:38:51.160,1.15413,1.15415,1.50,0.75
2020.07.22 02:38:51.262,1.15412,1.15415,0.82,1.12
2020.07.22 02:38:51.364,1.1541,1.15413,1.39,0.75
2020.07.22 02:38:52.899,1.1541,1.15414,0.94,2.25
2020.07.22 02:38:56.456,1.1541,1.15413,1.76,0.75
2020.07.22 02:38:56.557,1.15411,1.15413,0.90,0.75
2020.07.22 02:38:56.659,1.15411,1.15415,4.01,0.37
2020.07.22 02:38:56.760,1.15412,1.15415,0.45,0.37
2020.07.22 02:38:56.861,1.15413,1.15417,2.62,0.37
2020.07.22 02:38:56.963,1.15413,1.15418,2.62,3.52
2020.07.22 02:38:57.064,1.15414,1.15418,1.57,2.69
2020.07.22 02:39:00.667,1.15416,1.15418,0.37,2.51
2020.07.22 02:39:01.177,1.15415,1.15419,1.12,3.82
2020.07.22 02:39:02.056,1.15414,1.15418,1.57,4.83
2020.07.22 02:39:18.668,1.15413,1.15417,1.95,0.37
2020.07.22 02:39:18.770,1.15412,1.15415,3.45,0.37
2020.07.22 02:39:18.924,1.15411,1.15414,2.14,0.37
2020.07.22 02:39:19.289,1.15411,1.15415,1.76,0.37
2020.07.22 02:39:19.875,1.15411,1.15414,1.76,0.37
2020.07.22 02:39:28.954,1.1541,1.15414,4.12,1.95
2020.07.22 02:39:29.056,1.15409,1.15413,3.94,1.87
2020.07.22 02:39:29.157,1.15408,1.15412,3.26,1.50
2020.07.22 02:39:29.816,1.15408,1.15411,0.19,2.62
2020.07.22 02:39:29.918,1.15407,1.15411,2.44,3.37
2020.07.22 02:39:30.261,1.15407,1.1541,0.19,1.57
2020.07.22 02:39:43.230,1.15408,1.1541,0.19,0.75
2020.07.22 02:39:43.383,1.15408,1.15411,0.75,1.87
2020.07.22 02:39:43.535,1.15408,1.15412,3.07,0.19
2020.07.22 02:39:47.273,1.15409,1.15412,0.75,0.56
2020.07.22 02:39:49.070,1.15408,1.15412,3.45,0.56
2020.07.22 02:40:03.882,1.15409,1.15412,1.39,0.75
2020.07.22 02:40:04.034,1.15411,1.15413,0.75,0.37
2020.07.22 02:40:04.237,1.15413,1.15414,0.75,0.37
2020.07.22 02:40:04.288,1.15414,1.15417,0.75,0.19
2020.07.22 02:40:06.040,1.15413,1.15416,0.75,0.94
2020.07.22 02:40:06.141,1.15411,1.15415,3.07,0.56
2020.07.22 02:40:11.385,1.15412,1.15415,0.75,0.75
2020.07.22 02:40:11.922,1.15411,1.15415,0.94,0.75
2020.07.22 02:40:12.128,1.15411,1.15414,0.75,2.13
2020.07.22 02:40:12.614,1.15411,1.15415,0.75,2.51
2020.07.22 02:40:15.076,1.15411,1.15414,0.75,0.37
2020.07.22 02:40:16.389,1.15413,1.15414,0.75,0.75
2020.07.22 02:40:16.440,1.15413,1.15417,3.00,1.57
2020.07.22 02:40:21.654,1.15413,1.15416,1.50,0.75
2020.07.22 02:40:21.756,1.15413,1.15417,1.57,2.62
2020.07.22 02:40:22.196,1.15412,1.15417,6.34,2.62
2020.07.22 02:40:23.536,1.15414,1.15418,0.82,5.13
2020.07.22 02:40:23.638,1.15413,1.15418,7.01,4.38
2020.07.22 02:40:24.295,1.15414,1.15418,0.75,4.38
2020.07.22 02:40:24.622,1.15413,1.15417,3.64,1.50
2020.07.22 02:40:29.142,1.15414,1.15417,0.75,2.25
2020.07.22 02:40:29.937,1.15413,1.15418,3.56,5.51
2020.07.22 02:40:30.354,1.15414,1.15417,0.75,0.75
2020.07.22 02:40:30.509,1.15413,1.15418,3.56,5.51
2020.07.22 02:40:46.836,1.15414,1.15418,1.50,4.38
2020.07.22 02:40:49.231,1.15413,1.15417,2.62,0.37
2020.07.22 02:40:49.434,1.15412,1.15417,6.19,1.50
2020.07.22 02:40:52.264,1.15412,1.15416,6.00,0.37
2020.07.22 02:40:56.647,1.15413,1.15416,1.50,0.37
2020.07.22 02:40:56.698,1.15414,1.15418,0.75,0.37
2020.07.22 02:40:57.601,1.15413,1.15418,8.14,0.37
2020.07.22 02:40:57.803,1.15413,1.15419,8.14,7.19
2020.07.22 02:40:59.599,1.15413,1.15418,7.76,0.37
2020.07.22 02:41:01.420,1.15414,1.15418,0.75,1.12
2020.07.22 02:41:03.324,1.15414,1.15419,3.00,7.94
2020.07.22 02:41:04.622,1.15415,1.15418,0.75,0.75
2020.07.22 02:41:04.723,1.15414,1.15419,3.00,6.44
2020.07.22 02:41:05.827,1.15415,1.15418,0.75,0.75
2020.07.22 02:41:06.226,1.15414,1.15419,2.25,7.94
2020.07.22 02:41:09.302,1.15414,1.15418,2.25,0.37
2020.07.22 02:41:09.718,1.15413,1.15417,1.12,0.94
2020.07.22 02:41:15.319,1.15412,1.15417,1.31,3.37
2020.07.22 02:41:15.622,1.15412,1.15416,1.87,0.75
2020.07.22 02:41:15.723,1.15412,1.15417,1.12,3.56
2020.07.22 02:41:19.952,1.15412,1.15416,4.12,0.37
2020.07.22 02:41:20.159,1.15414,1.15417,0.75,0.37
2020.07.22 02:41:20.261,1.15414,1.15418,1.87,0.75
2020.07.22 02:41:20.362,1.15414,1.15419,1.87,5.69
2020.07.22 02:41:21.420,1.15414,1.15418,0.75,0.37
2020.07.22 02:41:30.740,1.15414,1.15419,0.75,6.44
2020.07.22 02:41:32.687,1.15414,1.15418,0.75,2.13
2020.07.22 02:41:33.490,1.15414,1.15417,0.75,2.25
2020.07.22 02:41:33.541,1.15412,1.15417,1.76,5.21
2020.07.22 02:41:33.643,1.15412,1.15416,1.50,1.39
2020.07.22 02:41:33.744,1.15412,1.15415,1.50,0.37
2020.07.22 02:41:35.300,1.15414,1.15417,0.75,1.87
2020.07.22 02:41:36.514,1.15414,1.15418,0.75,4.76
2020.07.22 02:41:39.556,1.15414,1.15417,0.75,0.37
2020.07.22 02:41:43.281,1.15414,1.15418,0.75,3.63
2020.07.22 02:41:45.515,1.15414,1.15417,0.75,0.37
2020.07.22 02:41:46.357,1.15414,1.15418,0.75,4.76
2020.07.22 02:41:49.076,1.15412,1.15417,4.76,1.12
2020.07.22 02:41:55.893,1.15412,1.15416,0.82,3.00
2020.07.22 02:41:55.994,1.15412,1.15415,0.75,1.31
2020.07.22 02:41:56.096,1.15412,1.15414,0.75,1.57
2020.07.22 02:41:56.197,1.15412,1.15415,0.75,5.84
2020.07.22 02:41:56.399,1.15411,1.15415,0.37,4.94
2020.07.22 02:41:57.445,1.15412,1.15415,0.75,5.32
2020.07.22 02:41:58.373,1.15412,1.15414,0.75,0.37
2020.07.22 02:41:58.424,1.1541,1.15414,3.94,0.37
2020.07.22 02:41:59.604,1.15411,1.15414,0.75,0.37
2020.07.22 02:41:59.910,1.1541,1.15413,2.25,2.70
2020.07.22 02:42:00.012,1.15411,1.15412,1.50,0.82
2020.07.22 02:42:00.113,1.1541,1.15413,2.25,4.46
2020.07.22 02:42:00.316,1.15409,1.15412,1.69,2.32
2020.07.22 02:42:00.417,1.15409,1.15411,0.19,0.75
2020.07.22 02:42:00.993,1.15408,1.15411,0.19,1.20
2020.07.22 02:42:03.766,1.15408,1.1541,0.19,1.12
2020.07.22 02:42:03.868,1.15408,1.15411,0.19,5.21
2020.07.22 02:42:08.394,1.15407,1.15411,0.75,4.46
2020.07.22 02:42:09.172,1.15406,1.15411,3.94,4.46
2020.07.22 02:42:09.764,1.15407,1.15411,0.94,4.46
2020.07.22 02:42:11.807,1.15406,1.15411,4.69,5.13
2020.07.22 02:42:12.826,1.15407,1.15411,0.75,5.13
2020.07.22 02:42:13.817,1.15406,1.15411,3.94,3.63
2020.07.22 02:42:17.926,1.15406,1.1541,3.94,0.37
2020.07.22 02:42:18.027,1.15406,1.15408,0.75,1.01
2020.07.22 02:42:18.129,1.15405,1.15408,2.25,1.09
2020.07.22 02:42:18.230,1.15404,1.15408,4.31,2.51
2020.07.22 02:42:19.947,1.15405,1.15407,0.75,0.75
2020.07.22 02:42:20.321,1.15404,1.15408,6.19,3.26
2020.07.22 02:42:24.317,1.15404,1.15407,3.00,0.37
2020.07.22 02:42:24.418,1.15403,1.15407,2.62,4.01
2020.07.22 02:42:24.787,1.15405,1.15407,0.75,1.87
2020.07.22 02:42:24.838,1.15406,1.15409,0.75,2.32
2020.07.22 02:42:24.940,1.15405,1.15409,3.19,0.75
2020.07.22 02:42:26.706,1.15404,1.15409,3.94,5.88
2020.07.22 02:42:29.982,1.15404,1.15408,2.32,0.37
2020.07.22 02:42:30.154,1.15405,1.15408,0.75,1.12
2020.07.22 02:42:30.279,1.15404,1.15408,2.32,0.37
2020.07.22 02:42:31.199,1.15403,1.15406,5.32,0.37
2020.07.22 02:42:31.452,1.15403,1.15407,2.25,1.12
2020.07.22 02:42:32.868,1.15402,1.15404,0.10,1.50
2020.07.22 02:42:32.970,1.15401,1.15404,2.25,1.50
2020.07.22 02:42:33.122,1.154,1.15404,2.81,4.38
2020.07.22 02:42:33.579,1.15399,1.15402,0.10,6.15
2020.07.22 02:42:33.681,1.15398,1.15403,2.62,5.69
2020.07.22 02:42:33.783,1.15398,1.15402,1.87,2.13
2020.07.22 02:42:33.885,1.15398,1.15403,1.87,6.44
2020.07.22 02:42:33.986,1.15399,1.15403,0.94,6.44
2020.07.22 02:42:35.564,1.15398,1.15403,1.50,7.57
2020.07.22 02:42:35.666,1.15399,1.15402,0.75,2.13
2020.07.22 02:42:35.818,1.15397,1.15401,0.82,0.37
2020.07.22 02:42:38.612,1.15397,1.154,0.75,0.37
2020.07.22 02:42:39.393,1.15396,1.154,0.82,0.37
2020.07.22 02:42:40.723,1.15396,1.15401,0.82,5.69
2020.07.22 02:42:41.763,1.15396,1.154,0.75,2.25
2020.07.22 02:42:41.915,1.15395,1.15399,2.89,1.50
2020.07.22 02:42:42.754,1.15393,1.15396,1.57,0.75
2020.07.22 02:42:45.113,1.15394,1.15399,0.75,8.02
2020.07.22 02:42:45.214,1.15395,1.15399,0.94,0.19
2020.07.22 02:42:45.366,1.15395,1.154,6.79,0.75
2020.07.22 02:42:45.637,1.15396,1.154,0.10,0.75
2020.07.22 02:42:45.770,1.15395,1.15401,9.41,4.69
2020.07.22 02:42:49.565,1.15395,1.154,5.14,0.37
2020.07.22 02:42:49.717,1.15396,1.154,0.82,0.37
2020.07.22 02:42:50.038,1.15395,1.154,5.96,0.37
2020.07.22 02:42:53.379,1.15396,1.154,0.75,0.37
2020.07.22 02:42:53.481,1.15396,1.15401,1.12,3.82
2020.07.22 02:43:08.704,1.15396,1.15398,0.75,0.75
2020.07.22 02:43:08.805,1.15395,1.15397,0.75,0.37
2020.07.22 02:43:08.912,1.15394,1.15397,2.25,0.37
2020.07.22 02:43:09.474,1.15395,1.15397,0.75,0.37
2020.07.22 02:43:09.850,1.15394,1.15397,2.25,0.37
2020.07.22 02:43:10.715,1.15394,1.15398,2.25,1.50
2020.07.22 02:43:10.969,1.15395,1.15398,0.75,0.75
2020.07.22 02:43:11.230,1.15395,1.15399,0.75,1.87
2020.07.22 02:43:11.501,1.15394,1.15399,6.04,0.37
2020.07.22 02:43:11.984,1.15394,1.15398,4.57,1.50
2020.07.22 02:43:15.024,1.15395,1.15398,1.50,2.13
2020.07.22 02:43:15.125,1.15395,1.15399,1.50,3.37
2020.07.22 02:43:16.219,1.15395,1.15398,1.50,0.37
2020.07.22 02:43:19.769,1.15395,1.15399,1.50,3.37
2020.07.22 02:43:19.972,1.15395,1.15398,1.50,0.75
2020.07.22 02:43:21.099,1.15394,1.15396,0.37,0.75
2020.07.22 02:43:21.200,1.15394,1.15397,0.75,4.50
2020.07.22 02:43:21.302,1.15393,1.15397,0.75,3.00
2020.07.22 02:43:21.403,1.15394,1.15397,0.75,3.00
2020.07.22 02:43:21.504,1.15393,1.15397,0.75,3.00
2020.07.22 02:43:23.834,1.15393,1.15396,0.37,0.75
2020.07.22 02:43:23.936,1.15392,1.15396,5.70,0.75
2020.07.22 02:43:30.514,1.15393,1.15396,0.75,1.87
2020.07.22 02:43:30.619,1.15392,1.15396,1.95,1.12
2020.07.22 02:43:32.030,1.15392,1.15395,1.95,0.75
2020.07.22 02:43:32.145,1.15391,1.15395,3.07,0.75
2020.07.22 02:43:33.258,1.15392,1.15394,0.75,0.75
2020.07.22 02:43:34.285,1.15391,1.15395,1.50,3.07
2020.07.22 02:43:34.386,1.15391,1.15394,1.50,1.12
2020.07.22 02:43:36.970,1.15392,1.15394,0.75,4.46
2020.07.22 02:43:37.996,1.15391,1.15394,1.50,3.71
2020.07.22 02:43:41.228,1.15389,1.15391,0.10,1.12
2020.07.22 02:43:41.330,1.15387,1.15389,0.10,0.75
2020.07.22 02:43:41.431,1.15386,1.15389,1.87,0.75
2020.07.22 02:43:42.502,1.15385,1.15389,4.95,0.75
2020.07.22 02:43:44.256,1.15386,1.15389,0.75,1.57
2020.07.22 02:43:44.357,1.15385,1.15389,4.95,0.75
2020.07.22 02:43:50.297,1.15386,1.15389,0.75,3.71
2020.07.22 02:43:50.399,1.15385,1.15389,4.57,0.75
2020.07.22 02:43:52.166,1.15386,1.15389,0.75,1.57
2020.07.22 02:43:53.076,1.15385,1.15389,3.82,0.75
2020.07.22 02:43:57.581,1.15385,1.1539,4.20,4.39
2020.07.22 02:43:58.627,1.15385,1.15389,4.20,0.75
2020.07.22 02:44:06.824,1.15385,1.15388,5.25,0.75
2020.07.22 02:44:06.925,1.15385,1.15387,2.25,0.75
2020.07.22 02:44:07.027,1.15385,1.15388,2.25,0.75
2020.07.22 02:44:12.205,1.15385,1.15389,2.32,3.75
2020.07.22 02:44:13.152,1.15386,1.15389,0.75,3.75
2020.07.22 02:44:17.365,1.15388,1.15389,1.50,0.75
2020.07.22 02:44:17.416,1.15388,1.15392,3.00,4.50
2020.07.22 02:44:17.517,1.15389,1.15392,0.75,1.50
2020.07.22 02:44:17.619,1.15388,1.15392,7.57,1.50
2020.07.22 02:44:17.720,1.15389,1.15392,0.75,1.50
2020.07.22 02:44:17.956,1.15388,1.15392,3.52,1.50
2020.07.22 02:44:21.993,1.15389,1.15392,3.00,1.50
2020.07.22 02:44:22.910,1.15388,1.15392,4.12,1.50
2020.07.22 02:44:23.916,1.15388,1.15391,1.50,0.75
2020.07.22 02:44:24.119,1.15386,1.15391,8.51,1.50
2020.07.22 02:44:24.889,1.15387,1.15391,0.75,1.50
2020.07.22 02:44:25.155,1.15386,1.15391,7.20,1.69
2020.07.22 02:44:25.357,1.15387,1.15391,0.10,1.69
2020.07.22 02:44:25.820,1.15386,1.15391,7.20,1.69
2020.07.22 02:44:26.627,1.15386,1.1539,7.20,0.75
2020.07.22 02:44:26.834,1.15387,1.1539,0.75,0.75
2020.07.22 02:44:26.936,1.15386,1.1539,0.75,3.75
2020.07.22 02:44:32.381,1.15386,1.15389,0.75,0.75
2020.07.22 02:44:32.587,1.15385,1.15389,7.76,0.75
2020.07.22 02:44:33.552,1.15386,1.15389,0.75,0.75
2020.07.22 02:44:39.498,1.15389,1.15391,0.75,0.75
2020.07.22 02:44:39.549,1.1539,1.15393,0.75,4.83
2020.07.22 02:44:41.702,1.15391,1.15393,0.75,0.75
2020.07.22 02:44:44.898,1.1539,1.15393,1.50,0.75
2020.07.22 02:44:59.950,1.15392,1.15393,0.37,1.50
2020.07.22 02:45:00.102,1.15392,1.15394,4.31,2.25
2020.07.22 02:45:00.153,1.15394,1.15396,5.44,0.10
2020.07.22 02:45:00.255,1.15395,1.15399,6.26,3.82
2020.07.22 02:45:00.356,1.15396,1.15399,0.75,0.75
2020.07.22 02:45:00.458,1.15397,1.154,0.75,0.75
2020.07.22 02:45:01.119,1.154,1.15401,2.25,0.10
2020.07.22 02:45:01.170,1.154,1.15403,3.75,0.26
2020.07.22 02:45:01.322,1.15402,1.15404,1.57,0.19
2020.07.22 02:45:09.728,1.15403,1.15405,3.00,0.94
2020.07.22 02:45:09.880,1.15404,1.15408,2.25,2.06
2020.07.22 02:45:10.584,1.15405,1.15408,0.75,1.50
2020.07.22 02:45:10.686,1.15404,1.15408,5.44,0.75
2020.07.22 02:45:16.537,1.15404,1.15407,4.69,1.50
2020.07.22 02:45:18.305,1.15403,1.15404,0.75,2.25
2020.07.22 02:45:18.356,1.15401,1.15402,0.10,0.75
2020.07.22 02:45:18.458,1.15398,1.15401,6.26,0.75
2020.07.22 02:45:19.337,1.154,1.15403,0.19,3.07
2020.07.22 02:45:20.793,1.154,1.15402,0.94,0.75
2020.07.22 02:45:21.490,1.154,1.15403,0.19,2.25
2020.07.22 02:45:25.071,1.15399,1.15403,3.75,3.00
2020.07.22 02:45:29.525,1.154,1.15403,0.19,1.50
2020.07.22 02:45:31.318,1.15401,1.15403,1.20,1.50
2020.07.22 02:45:31.369,1.15402,1.15406,1.76,2.32
2020.07.22 02:45:31.470,1.15403,1.15406,0.82,2.25
2020.07.22 02:45:31.571,1.15402,1.15406,2.14,2.25
2020.07.22 02:45:39.571,1.15401,1.15406,3.07,1.76
2020.07.22 02:45:39.673,1.15401,1.15405,2.25,0.37
2020.07.22 02:45:50.737,1.15403,1.15406,2.25,2.25
2020.07.22 02:45:50.839,1.15403,1.15407,9.94,0.10
2020.07.22 02:45:50.940,1.15404,1.15408,0.19,3.00
2020.07.22 02:45:52.225,1.15403,1.15408,8.44,3.34
2020.07.22 02:45:52.555,1.15403,1.15407,8.44,0.10
2020.07.22 02:45:55.968,1.15403,1.15406,0.75,0.37
2020.07.22 02:45:56.329,1.15403,1.15407,0.94,2.25
2020.07.22 02:45:56.481,1.15404,1.15407,0.75,2.25
2020.07.22 02:45:56.611,1.15403,1.15407,0.94,2.25
2020.07.22 02:46:00.477,1.15402,1.15407,5.70,3.26
2020.07.22 02:46:00.579,1.15402,1.15405,0.75,1.39
2020.07.22 02:46:00.682,1.154,1.15404,1.69,2.25
2020.07.22 02:46:02.081,1.15401,1.15404,0.10,0.37
2020.07.22 02:46:02.259,1.154,1.15404,5.14,0.37
2020.07.22 02:46:02.843,1.15402,1.15405,0.75,2.25
2020.07.22 02:46:02.945,1.15404,1.15407,0.75,1.87
2020.07.22 02:46:03.452,1.15404,1.15408,3.19,2.25
2020.07.22 02:46:03.604,1.15405,1.15408,0.19,2.25
2020.07.22 02:46:03.705,1.15405,1.15409,0.94,2.25
2020.07.22 02:46:03.995,1.15405,1.15408,1.76,0.75
2020.07.22 02:46:04.219,1.15405,1.15409,1.76,2.25
2020.07.22 02:46:04.371,1.15404,1.15409,6.26,3.15
2020.07.22 02:46:04.810,1.15405,1.15409,0.75,3.07
2020.07.22 02:46:04.912,1.15405,1.15408,1.50,0.75
2020.07.22 02:46:05.013,1.15405,1.15409,0.75,3.07
2020.07.22 02:46:05.164,1.15405,1.15408,0.75,1.50
2020.07.22 02:46:05.215,1.15403,1.15408,6.82,6.71
2020.07.22 02:46:05.317,1.15403,1.15407,3.00,2.32
2020.07.22 02:46:05.418,1.15402,1.15407,4.31,3.07
2020.07.22 02:46:05.520,1.15402,1.15406,6.56,0.82
2020.07.22 02:46:14.957,1.15403,1.15406,0.75,2.25
2020.07.22 02:46:15.282,1.15402,1.15406,3.37,1.50
2020.07.22 02:46:15.509,1.15403,1.15407,0.75,3.00
2020.07.22 02:46:19.314,1.15404,1.15407,0.82,1.50
2020.07.22 02:46:20.432,1.15404,1.15408,2.25,3.00
2020.07.22 02:46:24.443,1.15404,1.15407,2.25,0.37
2020.07.22 02:46:30.985,1.15404,1.15408,1.50,2.25
2020.07.22 02:46:37.240,1.15405,1.15407,4.57,0.75
2020.07.22 02:46:37.341,1.15406,1.15409,1.57,4.38
2020.07.22 02:46:37.443,1.15406,1.1541,3.34,0.75
2020.07.22 02:46:37.544,1.15407,1.1541,0.82,0.75
2020.07.22 02:46:37.645,1.15406,1.1541,4.91,0.75
2020.07.22 02:46:38.060,1.15406,1.15411,7.46,2.62
2020.07.22 02:46:39.119,1.15406,1.1541,4.01,0.37
2020.07.22 02:46:40.750,1.15405,1.15409,0.82,7.27
2020.07.22 02:46:40.801,1.15405,1.15407,1.57,1.50
2020.07.22 02:46:41.850,1.15405,1.15408,0.75,5.13
2020.07.22 02:46:41.951,1.15404,1.15408,1.87,3.00
2020.07.22 02:46:49.551,1.15405,1.15407,0.75,0.75
2020.07.22 02:46:49.652,1.15405,1.15409,0.75,4.38
2020.07.22 02:46:51.316,1.15406,1.15409,0.75,1.50
2020.07.22 02:46:54.023,1.15406,1.15408,0.75,0.37
2020.07.22 02:46:57.155,1.15406,1.15409,0.75,4.46
2020.07.22 02:46:57.257,1.15406,1.15408,0.75,0.75
2020.07.22 02:46:57.667,1.15405,1.15409,1.50,0.75
2020.07.22 02:46:57.822,1.15405,1.15408,1.50,1.50
2020.07.22 02:46:58.024,1.15405,1.15409,4.50,2.88
2020.07.22 02:46:58.401,1.15404,1.15408,1.50,2.51
2020.07.22 02:46:58.503,1.15404,1.15407,0.75,2.25
2020.07.22 02:46:59.549,1.15403,1.15407,2.25,2.25
2020.07.22 02:47:02.791,1.15403,1.15406,1.50,0.37
2020.07.22 02:47:03.074,1.15403,1.15407,1.87,2.51
2020.07.22 02:47:04.045,1.15403,1.15408,1.87,3.56
2020.07.22 02:47:04.847,1.15403,1.15407,4.87,1.50
2020.07.22 02:47:05.205,1.15403,1.15406,1.12,1.01
2020.07.22 02:47:05.306,1.15402,1.15406,0.75,4.57
2020.07.22 02:47:06.215,1.15402,1.15405,0.75,0.75
2020.07.22 02:47:06.701,1.15402,1.15404,0.75,0.37
2020.07.22 02:47:06.903,1.154,1.15404,0.75,1.57
2020.07.22 02:47:07.055,1.15399,1.15404,4.31,0.82
2020.07.22 02:47:07.207,1.154,1.15403,0.37,0.37
2020.07.22 02:47:07.569,1.15399,1.15404,2.14,0.75
2020.07.22 02:47:07.998,1.15399,1.15403,2.06,0.37
2020.07.22 02:47:08.150,1.15399,1.15402,0.37,0.75
2020.07.22 02:47:08.251,1.15399,1.15403,0.37,0.37
2020.07.22 02:47:08.783,1.15398,1.15403,4.31,1.20
2020.07.22 02:47:10.641,1.15398,1.15402,3.56,0.75
2020.07.22 02:47:10.742,1.15398,1.15403,3.56,0.82
2020.07.22 02:47:15.464,1.15399,1.15403,0.75,0.37
2020.07.22 02:47:17.661,1.15398,1.15403,5.06,0.82
2020.07.22 02:47:17.816,1.15398,1.15402,3.37,1.50
2020.07.22 02:47:18.070,1.15398,1.15401,0.75,0.94
2020.07.22 02:47:18.323,1.15398,1.15403,1.50,6.44
2020.07.22 02:47:19.902,1.15399,1.15402,0.75,0.75
2020.07.22 02:47:20.003,1.15398,1.15403,3.94,2.25
2020.07.22 02:47:35.536,1.154,1.15404,0.75,4.38
2020.07.22 02:47:35.638,1.154,1.15403,3.71,0.75
2020.07.22 02:47:35.689,1.15401,1.15405,2.25,0.75
2020.07.22 02:47:35.841,1.15401,1.15406,4.76,2.25
2020.07.22 02:47:36.246,1.15402,1.15406,0.82,2.25
2020.07.22 02:47:36.448,1.15401,1.15406,10.01,2.25
2020.07.22 02:47:37.293,1.15402,1.15406,0.82,2.25
2020.07.22 02:47:37.344,1.15404,1.15407,0.37,4.38
2020.07.22 02:47:37.445,1.15403,1.15407,4.76,2.25
2020.07.22 02:47:37.547,1.15404,1.15406,0.75,0.75
2020.07.22 02:47:37.648,1.15403,1.15407,4.69,2.25
2020.07.22 02:47:37.952,1.15403,1.15408,5.25,3.19
2020.07.22 02:47:38.054,1.15404,1.15408,1.87,0.94
2020.07.22 02:47:38.307,1.15405,1.15409,1.50,1.50
2020.07.22 02:47:38.409,1.15406,1.1541,1.12,0.75
2020.07.22 02:47:38.510,1.15406,1.15411,1.12,3.56
2020.07.22 02:47:40.191,1.15407,1.15411,0.75,3.45
2020.07.22 02:47:40.293,1.15407,1.1541,1.57,0.75
2020.07.22 02:47:40.495,1.15407,1.15411,0.75,1.87
2020.07.22 02:47:42.594,1.1541,1.15413,0.75,1.20
2020.07.22 02:47:42.695,1.15409,1.15414,1.50,4.39
2020.07.22 02:47:43.518,1.1541,1.15415,0.75,6.26
2020.07.22 02:47:43.672,1.15412,1.15415,0.75,2.44
2020.07.22 02:47:43.774,1.15412,1.15416,0.75,2.32
2020.07.22 02:47:44.584,1.15412,1.15415,0.75,0.37
2020.07.22 02:47:44.738,1.1541,1.15413,1.87,0.82
2020.07.22 02:47:44.840,1.1541,1.15414,4.50,1.95
2020.07.22 02:47:45.210,1.1541,1.15412,3.75,0.82
2020.07.22 02:47:45.261,1.15408,1.15413,4.57,2.89
2020.07.22 02:47:45.463,1.15409,1.15412,0.75,0.75
2020.07.22 02:47:46.209,1.15411,1.15415,0.75,4.76
2020.07.22 02:47:46.412,1.15412,1.15416,0.37,3.37
2020.07.22 02:47:46.514,1.15411,1.15416,7.01,3.00
2020.07.22 02:47:46.616,1.15411,1.15415,7.69,0.75
2020.07.22 02:47:46.918,1.15412,1.15415,0.75,0.75
2020.07.22 02:47:47.019,1.15412,1.15416,0.75,2.25
2020.07.22 02:47:48.958,1.15411,1.15415,1.50,0.19
2020.07.22 02:47:49.110,1.15411,1.15416,2.44,1.50
2020.07.22 02:47:49.211,1.15411,1.15415,1.50,0.82
2020.07.22 02:47:50.288,1.15411,1.15414,1.50,0.75
2020.07.22 02:47:50.389,1.1541,1.15413,0.82,1.50
2020.07.22 02:47:50.440,1.15408,1.15413,6.64,2.32
2020.07.22 02:47:50.664,1.15408,1.15412,1.69,0.82
2020.07.22 02:47:52.629,1.15408,1.15413,4.69,1.12
2020.07.22 02:47:55.537,1.15408,1.15412,0.75,3.71
2020.07.22 02:47:56.899,1.15407,1.15412,3.64,3.71
2020.07.22 02:47:57.853,1.15407,1.15411,6.64,0.82
2020.07.22 02:47:58.975,1.15407,1.15412,6.64,4.95
2020.07.22 02:47:59.589,1.15407,1.15411,6.64,0.82
2020.07.22 02:48:02.229,1.15407,1.15412,6.64,4.20
2020.07.22 02:48:02.331,1.15408,1.15412,3.00,0.75
2020.07.22 02:48:05.190,1.15408,1.15413,4.01,2.25
2020.07.22 02:48:05.485,1.15409,1.15413,0.19,2.25
2020.07.22 02:48:08.656,1.15408,1.15411,0.75,0.37
2020.07.22 02:48:08.758,1.15407,1.15411,4.31,0.37
2020.07.22 02:48:11.144,1.15408,1.15412,2.44,0.75
2020.07.22 02:48:11.246,1.15408,1.15413,2.06,2.25
2020.07.22 02:48:18.258,1.15409,1.15413,0.37,2.62
2020.07.22 02:48:21.218,1.15408,1.15413,2.44,1.50
2020.07.22 02:48:21.555,1.1541,1.15414,0.75,2.25
2020.07.22 02:48:26.527,1.1541,1.15413,3.00,0.75
2020.07.22 02:48:26.678,1.15409,1.15413,6.00,0.75
2020.07.22 02:48:29.720,1.15409,1.15412,3.00,1.57
2020.07.22 02:48:29.822,1.15408,1.15411,0.75,1.76
2020.07.22 02:48:29.872,1.15406,1.15411,6.56,2.89
2020.07.22 02:48:30.075,1.15407,1.1541,0.75,1.57
2020.07.22 02:48:30.192,1.15406,1.1541,5.89,0.82
2020.07.22 02:48:31.951,1.15406,1.15411,5.81,3.64
2020.07.22 02:48:36.739,1.15406,1.1541,7.31,0.82
2020.07.22 02:48:36.841,1.15406,1.15409,1.69,1.50
2020.07.22 02:48:36.942,1.15406,1.1541,1.69,5.51
2020.07.22 02:48:37.043,1.15406,1.15409,0.94,0.75
2020.07.22 02:48:37.145,1.15405,1.15408,0.56,0.75
2020.07.22 02:48:43.782,1.15406,1.1541,0.75,0.94
2020.07.22 02:48:43.884,1.15407,1.15412,1.01,6.52
2020.07.22 02:48:44.594,1.15407,1.15411,3.94,0.75
2020.07.22 02:48:45.144,1.15407,1.15412,0.94,4.31
2020.07.22 02:48:45.308,1.15407,1.15411,0.94,0.75
2020.07.22 02:48:46.278,1.15408,1.15412,0.75,3.56
2020.07.22 02:48:47.897,1.15409,1.15412,0.19,0.94
2020.07.22 02:48:48.049,1.15409,1.15413,0.94,2.25
2020.07.22 02:48:48.150,1.1541,1.15414,1.01,0.75
2020.07.22 02:48:48.252,1.15411,1.15415,0.75,2.44
2020.07.22 02:48:48.353,1.1541,1.15415,3.64,2.81
2020.07.22 02:48:48.734,1.15411,1.15415,0.75,4.69
2020.07.22 02:48:48.879,1.15411,1.15414,0.75,0.82
2020.07.22 02:48:49.466,1.1541,1.15414,3.19,0.82
2020.07.22 02:48:49.568,1.1541,1.15415,3.19,2.44
2020.07.22 02:48:52.186,1.15411,1.15415,0.75,2.44
2020.07.22 02:48:52.704,1.15412,1.15415,0.75,1.50
2020.07.22 02:48:52.805,1.15412,1.15417,3.19,5.39
2020.07.22 02:48:55.127,1.15412,1.15416,6.19,0.75
2020.07.22 02:48:55.231,1.15412,1.15417,3.94,2.51
2020.07.22 02:49:05.212,1.15413,1.15417,0.94,1.57
2020.07.22 02:49:05.815,1.15414,1.15417,0.75,3.00
2020.07.22 02:49:06.272,1.15414,1.15418,0.75,1.57
2020.07.22 02:49:06.943,1.15413,1.15418,3.94,0.82
2020.07.22 02:49:06.994,1.15415,1.15419,0.75,4.91
2020.07.22 02:49:07.095,1.15415,1.15418,0.75,0.90
2020.07.22 02:49:07.298,1.15414,1.15418,3.94,1.20
2020.07.22 02:49:11.343,1.15413,1.15414,0.75,0.15
2020.07.22 02:49:11.394,1.15411,1.15413,1.87,0.15
2020.07.22 02:49:11.546,1.15411,1.15414,0.75,1.20
2020.07.22 02:49:11.648,1.15411,1.15413,0.75,0.82
2020.07.22 02:49:11.750,1.15411,1.15414,0.75,1.65
2020.07.22 02:49:13.072,1.15411,1.15413,0.75,0.37
2020.07.22 02:49:14.763,1.15414,1.15415,0.75,0.45
2020.07.22 02:49:14.814,1.15414,1.15419,5.62,2.96
2020.07.22 02:49:14.915,1.15415,1.1542,0.19,4.84
2020.07.22 02:49:15.017,1.15417,1.15419,2.25,0.10
2020.07.22 02:49:15.119,1.15417,1.15421,4.50,1.01
2020.07.22 02:49:15.372,1.15418,1.15421,1.50,0.19
2020.07.22 02:49:15.423,1.15419,1.15423,1.50,2.21
2020.07.22 02:49:15.676,1.15418,1.15422,4.95,1.01
2020.07.22 02:49:15.878,1.15417,1.15421,1.12,1.01
2020.07.22 02:49:16.890,1.15416,1.15421,2.25,1.01
2020.07.22 02:49:18.000,1.15416,1.15422,5.14,5.47
2020.07.22 02:49:18.440,1.15417,1.15422,3.07,3.07
2020.07.22 02:49:19.476,1.15417,1.15421,0.82,0.10
2020.07.22 02:49:20.105,1.15417,1.15419,0.82,0.75
2020.07.22 02:49:20.450,1.15417,1.1542,0.82,0.75
2020.07.22 02:49:21.565,1.15417,1.15419,0.75,3.26
2020.07.22 02:49:21.617,1.15414,1.15418,0.26,1.50
2020.07.22 02:49:21.719,1.15413,1.15417,1.87,3.63
2020.07.22 02:49:21.872,1.15412,1.15416,1.12,0.75
2020.07.22 02:49:22.125,1.15412,1.15417,1.12,3.71
2020.07.22 02:49:23.842,1.15414,1.15418,1.87,0.82
2020.07.22 02:49:23.944,1.15415,1.15419,0.37,2.89
2020.07.22 02:49:26.366,1.15414,1.15419,2.62,2.51
2020.07.22 02:49:29.780,1.15413,1.15418,0.75,7.39
2020.07.22 02:49:29.882,1.15413,1.15417,0.75,0.82
2020.07.22 02:49:30.237,1.15413,1.15416,0.75,0.82
2020.07.22 02:49:30.338,1.15412,1.15416,1.12,0.82
2020.07.22 02:49:30.442,1.15412,1.15417,1.12,6.52
2020.07.22 02:49:31.432,1.15412,1.15416,0.75,0.75
2020.07.22 02:49:31.702,1.15412,1.15417,0.75,7.27
2020.07.22 02:49:33.133,1.15413,1.15417,0.75,2.32
2020.07.22 02:49:33.853,1.15412,1.15417,1.87,5.84
2020.07.22 02:49:34.854,1.15412,1.15416,1.12,0.75
2020.07.22 02:49:37.086,1.15412,1.15417,1.50,5.84
2020.07.22 02:49:37.188,1.15413,1.15418,1.12,3.26
2020.07.22 02:49:38.838,1.15414,1.15418,0.75,0.75
2020.07.22 02:49:39.172,1.15414,1.15419,0.75,3.64
2020.07.22 02:49:40.618,1.15415,1.15419,0.75,3.82
2020.07.22 02:49:53.546,1.15415,1.15416,0.75,0.82
2020.07.22 02:49:53.648,1.15413,1.15417,1.12,1.50
2020.07.22 02:49:53.954,1.15413,1.15416,1.12,0.75
2020.07.22 02:49:54.930,1.15412,1.15417,1.12,4.53
2020.07.22 02:49:55.183,1.15412,1.15416,1.12,0.75
2020.07.22 02:49:55.285,1.15412,1.15415,1.12,0.37
2020.07.22 02:49:55.437,1.15412,1.15416,1.12,0.37
2020.07.22 02:50:00.517,1.15413,1.15416,0.75,0.37
2020.07.22 02:50:00.619,1.15413,1.15418,0.75,9.14
2020.07.22 02:50:00.720,1.15413,1.15417,0.75,0.10
2020.07.22 02:50:01.115,1.15413,1.15418,0.75,8.02
2020.07.22 02:50:01.994,1.15413,1.15417,0.75,0.75
2020.07.22 02:50:02.095,1.15413,1.15418,1.50,7.64
2020.07.22 02:50:02.774,1.15414,1.15418,1.12,0.94
2020.07.22 02:50:02.880,1.15413,1.15418,3.64,1.50
2020.07.22 02:50:03.234,1.15412,1.15417,1.20,4.76
2020.07.22 02:50:03.436,1.15412,1.15416,1.12,0.75
2020.07.22 02:50:08.588,1.15412,1.15417,1.57,0.75
2020.07.22 02:50:09.281,1.15412,1.15418,2.32,7.01
2020.07.22 02:50:10.810,1.15413,1.15418,0.37,8.02
2020.07.22 02:50:13.534,1.15413,1.15417,2.25,0.82
2020.07.22 02:50:15.096,1.15412,1.15417,5.32,0.37
2020.07.22 02:50:15.722,1.15412,1.15418,5.70,9.07
2020.07.22 02:50:15.828,1.15413,1.15418,0.75,8.32
2020.07.22 02:50:20.140,1.15412,1.15417,2.70,0.75
2020.07.22 02:50:20.499,1.15412,1.15416,2.70,1.50
2020.07.22 02:50:20.805,1.15412,1.15415,1.12,0.19
2020.07.22 02:50:20.957,1.15412,1.15417,1.12,5.77
2020.07.22 02:50:21.311,1.15413,1.15417,0.75,0.94
2020.07.22 02:50:23.417,1.15412,1.15417,3.82,0.19
2020.07.22 02:50:27.123,1.15413,1.15416,0.37,0.75
2020.07.22 02:50:29.565,1.15412,1.15416,2.32,2.25
2020.07.22 02:50:36.262,1.15414,1.15416,0.75,0.75
2020.07.22 02:50:36.414,1.15413,1.15416,0.75,0.75
2020.07.22 02:50:39.316,1.15412,1.15416,2.25,1.87
2020.07.22 02:50:49.760,1.15413,1.15418,1.95,6.82
2020.07.22 02:50:49.862,1.15413,1.15417,1.95,0.75
2020.07.22 02:50:49.964,1.15413,1.15418,0.45,6.82
2020.07.22 02:50:50.168,1.15412,1.15417,2.51,3.37
2020.07.22 02:50:50.321,1.15412,1.15416,1.20,1.01
2020.07.22 02:50:50.422,1.15411,1.15416,6.07,2.25
2020.07.22 02:50:50.523,1.15411,1.15415,6.07,0.19
2020.07.22 02:50:50.675,1.15412,1.15415,0.10,0.19
2020.07.22 02:50:51.926,1.15411,1.15415,2.32,0.19
2020.07.22 02:50:52.028,1.15412,1.15416,0.10,0.75
2020.07.22 02:50:52.644,1.15411,1.15416,3.45,0.75
2020.07.22 02:50:52.802,1.15412,1.15416,0.10,0.75
2020.07.22 02:50:53.604,1.15413,1.15416,3.37,1.50
2020.07.22 02:50:56.129,1.15412,1.15416,0.10,0.75
2020.07.22 02:50:57.868,1.15411,1.15414,1.20,1.87
2020.07.22 02:50:58.071,1.15411,1.15415,0.75,4.94
2020.07.22 02:50:58.645,1.15412,1.15415,0.75,2.06
2020.07.22 02:50:59.139,1.15411,1.15415,1.57,1.69
2020.07.22 02:51:01.882,1.15412,1.15416,0.75,3.82
2020.07.22 02:51:01.984,1.15413,1.15417,1.50,2.25
2020.07.22 02:51:02.764,1.15414,1.15418,0.75,1.12
2020.07.22 02:51:03.809,1.15414,1.15419,1.95,7.19
2020.07.22 02:51:10.352,1.15414,1.15418,0.75,3.63
2020.07.22 02:51:10.454,1.15415,1.15419,0.37,4.94
2020.07.22 02:51:17.853,1.15415,1.15418,0.75,0.82
2020.07.22 02:51:18.106,1.15415,1.15419,0.75,3.64
2020.07.22 02:51:18.556,1.15416,1.15419,0.75,3.64
2020.07.22 02:51:18.657,1.15416,1.15418,0.75,2.13
2020.07.22 02:51:20.838,1.15415,1.15418,1.12,2.96
2020.07.22 02:51:26.016,1.15415,1.15417,1.50,1.20
2020.07.22 02:51:26.168,1.15413,1.15418,1.69,2.32
2020.07.22 02:51:26.756,1.15414,1.15418,0.10,1.50
2020.07.22 02:51:26.857,1.15413,1.15418,0.94,2.62
2020.07.22 02:51:31.368,1.15415,1.15419,0.75,6.14
2020.07.22 02:51:31.942,1.15415,1.15418,0.94,0.82
2020.07.22 02:51:32.044,1.15415,1.15419,0.94,3.26
2020.07.22 02:51:32.911,1.15415,1.15418,0.94,0.75
2020.07.22 02:51:33.192,1.15415,1.15419,0.94,3.26
2020.07.22 02:51:43.391,1.15415,1.15418,0.19,0.75
2020.07.22 02:51:43.492,1.15414,1.15418,1.12,0.75
2020.07.22 02:51:51.565,1.15413,1.15418,4.87,1.76
2020.07.22 02:51:57.101,1.15414,1.15418,0.37,2.14
2020.07.22 02:51:59.805,1.15414,1.15419,4.12,3.89
2020.07.22 02:51:59.907,1.15415,1.15419,0.75,3.07
2020.07.22 02:52:00.898,1.15415,1.15418,0.75,0.75
2020.07.22 02:52:00.999,1.15416,1.15418,0.37,0.75
2020.07.22 02:52:01.101,1.15416,1.15419,0.37,0.94
2020.07.22 02:52:04.228,1.15415,1.15419,1.57,0.94
2020.07.22 02:52:06.960,1.15416,1.1542,0.82,2.51
2020.07.22 02:52:07.940,1.15416,1.15419,1.87,0.82
2020.07.22 02:52:08.042,1.15416,1.1542,0.37,2.51
2020.07.22 02:52:12.583,1.15416,1.15419,0.75,0.82
2020.07.22 02:52:12.734,1.15415,1.15419,0.75,1.20
2020.07.22 02:52:14.967,1.15413,1.15417,1.95,1.57
2020.07.22 02:52:15.068,1.15412,1.15417,5.89,3.07
2020.07.22 02:52:17.827,1.15412,1.15416,3.56,0.75
2020.07.22 02:52:17.929,1.15412,1.15417,2.44,3.60
2020.07.22 02:52:18.796,1.15412,1.15415,1.12,0.19
2020.07.22 02:52:18.948,1.15412,1.15416,0.75,2.44
2020.07.22 02:52:19.099,1.15412,1.15415,0.75,0.19
2020.07.22 02:52:19.229,1.15412,1.15416,0.75,0.19
2020.07.22 02:52:20.174,1.15412,1.15417,0.75,6.14
2020.07.22 02:52:20.670,1.15411,1.15417,5.89,5.39
2020.07.22 02:52:22.182,1.15413,1.15417,0.75,2.32
2020.07.22 02:52:22.335,1.15414,1.15417,3.75,2.25
2020.07.22 02:52:22.436,1.15413,1.15417,9.71,2.25
2020.07.22 02:52:22.854,1.15414,1.15416,2.25,0.75
2020.07.22 02:52:23.037,1.15415,1.15417,0.75,2.25
2020.07.22 02:52:23.317,1.15415,1.15417,0.75,2.25
2020.07.22 02:52:24.967,1.15415,1.15417,0.75,2.25
2020.07.22 02:52:29.446,1.15415,1.15417,0.75,2.25
2020.07.22 02:52:30.350,1.15415,1.15417,0.75,2.25
2020.07.22 02:52:32.923,1.15415,1.1542,5.25,3.64
2020.07.22 02:52:33.601,1.15416,1.1542,0.75,5.77
2020.07.22 02:52:40.115,1.15415,1.15419,3.07,0.75
2020.07.22 02:52:40.217,1.15415,1.15418,0.75,2.25
2020.07.22 02:52:40.326,1.15414,1.15418,2.32,2.51
2020.07.22 02:52:40.580,1.15413,1.15417,6.19,0.75
2020.07.22 02:52:41.523,1.15413,1.15416,1.69,0.82
2020.07.22 02:52:41.726,1.15413,1.15417,0.94,5.28
2020.07.22 02:52:52.092,1.15414,1.15417,1.50,0.75
2020.07.22 02:52:52.193,1.15414,1.15418,0.75,4.38
2020.07.22 02:52:56.378,1.15413,1.15418,0.75,4.64
2020.07.22 02:53:02.482,1.15413,1.15416,0.75,0.37
2020.07.22 02:53:02.584,1.15412,1.15416,3.75,2.44
2020.07.22 02:53:02.736,1.15412,1.15417,0.75,7.08
2020.07.22 02:53:04.268,1.15411,1.15417,10.84,3.07
2020.07.22 02:53:04.370,1.15413,1.15417,0.37,3.07
2020.07.22 02:53:04.475,1.15412,1.15417,1.50,3.07
2020.07.22 02:53:05.433,1.15413,1.15417,0.37,3.82
2020.07.22 02:53:06.603,1.15412,1.15417,1.50,3.82
2020.07.22 02:53:07.740,1.15415,1.15419,0.37,3.26
2020.07.22 02:53:08.559,1.15415,1.15418,1.12,0.75
2020.07.22 02:53:11.408,1.15415,1.15419,1.69,2.44
2020.07.22 02:53:13.759,1.15413,1.15418,4.87,1.57
2020.07.22 02:53:14.063,1.15413,1.15417,1.50,0.75
2020.07.22 02:53:14.215,1.15412,1.15416,0.75,3.89
2020.07.22 02:53:14.418,1.15411,1.15415,0.10,4.01
2020.07.22 02:53:14.519,1.1541,1.15414,1.12,1.50
2020.07.22 02:53:14.982,1.15409,1.15414,5.06,3.82
2020.07.22 02:53:16.181,1.15409,1.15413,1.12,0.45
2020.07.22 02:53:16.283,1.15408,1.15412,1.95,0.75
2020.07.22 02:53:25.955,1.1541,1.15415,1.12,5.77
2020.07.22 02:53:26.057,1.15411,1.15415,3.75,3.07
2020.07.22 02:53:27.947,1.15411,1.15416,3.64,0.75
2020.07.22 02:53:30.450,1.15414,1.15417,0.75,0.75
2020.07.22 02:53:30.552,1.15414,1.15418,1.69,2.88
2020.07.22 02:53:30.805,1.15415,1.15418,0.94,0.75
2020.07.22 02:53:30.957,1.15415,1.15419,0.94,2.44
2020.07.22 02:53:44.553,1.15414,1.15417,0.75,0.75
2020.07.22 02:53:44.656,1.15412,1.15417,5.89,2.25
2020.07.22 02:53:44.861,1.15411,1.15414,0.82,0.75
2020.07.22 02:53:44.964,1.1541,1.15413,2.14,0.19
2020.07.22 02:54:07.109,1.15414,1.15416,0.37,1.20
2020.07.22 02:54:07.211,1.15414,1.15418,1.50,2.13
2020.07.22 02:54:07.938,1.15415,1.15418,1.12,2.13
2020.07.22 02:54:08.039,1.15415,1.15419,1.12,3.44
2020.07.22 02:54:10.124,1.15414,1.15418,1.50,5.02
2020.07.22 02:54:11.314,1.15414,1.15419,0.75,3.52
2020.07.22 02:54:12.689,1.15414,1.15418,0.75,1.50
2020.07.22 02:54:13.119,1.15414,1.15417,0.75,0.10
2020.07.22 02:54:19.674,1.15413,1.15417,1.12,0.82
2020.07.22 02:54:20.433,1.15415,1.15418,0.75,0.75
2020.07.22 02:54:20.535,1.15415,1.15419,0.75,1.57
2020.07.22 02:54:37.172,1.15416,1.15419,0.75,0.75
2020.07.22 02:54:41.016,1.15415,1.15419,1.12,2.88
2020.07.22 02:54:41.269,1.15415,1.15418,0.37,1.57
2020.07.22 02:54:41.370,1.15414,1.15419,1.87,4.34
2020.07.22 02:54:41.866,1.15414,1.15418,1.50,0.37
2020.07.22 02:54:42.144,1.15414,1.15419,0.75,5.17
2020.07.22 02:54:45.016,1.15414,1.15418,0.75,1.50
2020.07.22 02:54:51.465,1.15415,1.15418,0.37,0.75
2020.07.22 02:54:53.000,1.15414,1.15418,1.87,1.69
2020.07.22 02:54:53.790,1.15413,1.15418,3.07,5.32
2020.07.22 02:55:00.290,1.15414,1.15418,3.00,2.88
2020.07.22 02:55:00.393,1.15415,1.15418,0.37,0.75
2020.07.22 02:55:00.495,1.15415,1.15419,1.12,3.07
2020.07.22 02:55:02.672,1.15416,1.15419,0.37,1.01
2020.07.22 02:55:02.878,1.15416,1.15418,0.37,0.82
2020.07.22 02:55:02.980,1.15415,1.15418,0.75,0.82
2020.07.22 02:55:03.090,1.15415,1.15419,0.75,1.39
2020.07.22 02:55:05.128,1.15415,1.1542,2.62,5.02
2020.07.22 02:55:08.720,1.15415,1.15419,1.50,0.82
2020.07.22 02:55:10.566,1.15415,1.1542,0.75,5.09
2020.07.22 02:55:10.872,1.15415,1.15419,0.75,0.75
2020.07.22 02:55:12.306,1.15415,1.1542,1.50,4.64
2020.07.22 02:55:13.873,1.15416,1.1542,0.37,4.46
2020.07.22 02:55:13.974,1.15415,1.1542,1.95,2.88
2020.07.22 02:55:16.567,1.15416,1.1542,0.75,4.08
2020.07.22 02:55:16.669,1.1542,1.15422,0.75,0.10
2020.07.22 02:55:16.771,1.15419,1.15423,0.75,0.75
2020.07.22 02:55:17.677,1.1542,1.15423,0.75,0.75
2020.07.22 02:55:17.779,1.1542,1.15425,2.81,5.39
2020.07.22 02:55:18.132,1.15421,1.15425,0.37,5.39
2020.07.22 02:55:18.960,1.15424,1.15426,1.12,0.10
2020.07.22 02:55:19.062,1.15425,1.15429,2.32,1.50
2020.07.22 02:55:19.164,1.15425,1.1543,1.12,5.14
2020.07.22 02:55:20.013,1.15426,1.1543,0.37,4.31
2020.07.22 02:55:20.836,1.15426,1.15429,0.37,0.19
2020.07.22 02:55:21.935,1.15426,1.1543,3.37,5.51
2020.07.22 02:55:22.036,1.15427,1.1543,0.37,5.13
2020.07.22 02:55:22.992,1.15426,1.1543,3.37,5.13
2020.07.22 02:55:23.307,1.15428,1.15432,4.31,1.57
2020.07.22 02:55:23.409,1.15429,1.15433,1.69,2.25
2020.07.22 02:55:23.612,1.1543,1.15434,0.94,3.63
2020.07.22 02:55:23.814,1.15431,1.15435,0.82,3.07
2020.07.22 02:55:24.758,1.15432,1.15436,0.75,0.91
2020.07.22 02:55:25.857,1.15434,1.15437,1.12,0.31
2020.07.22 02:55:25.959,1.15435,1.15438,0.75,0.10
2020.07.22 02:55:26.060,1.15436,1.15439,0.75,0.19
2020.07.22 02:55:26.111,1.15434,1.15439,6.26,4.69
2020.07.22 02:55:26.212,1.15435,1.15439,0.75,3.26
2020.07.22 02:55:26.718,1.15437,1.15439,1.50,0.19
2020.07.22 02:55:30.605,1.15437,1.1544,3.00,0.75
2020.07.22 02:55:31.270,1.15436,1.15439,0.82,1.69
2020.07.22 02:55:31.372,1.15435,1.15439,3.37,0.94
2020.07.22 02:55:31.474,1.15436,1.1544,1.50,0.19
2020.07.22 02:55:31.577,1.15437,1.15441,0.75,2.81
2020.07.22 02:55:31.679,1.15436,1.15441,2.59,1.31
2020.07.22 02:55:31.782,1.15437,1.15441,1.12,1.31
2020.07.22 02:55:31.884,1.15439,1.15442,1.12,0.10
2020.07.22 02:55:31.985,1.15439,1.15444,2.06,1.50
2020.07.22 02:55:32.289,1.1544,1.15444,0.37,0.28
2020.07.22 02:55:32.543,1.15441,1.15445,0.75,0.22
2020.07.22 02:55:32.745,1.15439,1.15444,2.62,2.54
2020.07.22 02:55:32.847,1.15438,1.15443,1.57,5.69
2020.07.22 02:55:33.049,1.15438,1.15442,1.12,0.75
2020.07.22 02:55:33.151,1.15438,1.15443,1.12,2.96
2020.07.22 02:55:33.303,1.15439,1.15443,1.87,1.12
2020.07.22 02:55:33.454,1.1544,1.15443,0.75,0.75
2020.07.22 02:55:33.556,1.1544,1.15444,0.94,0.37
2020.07.22 02:55:33.708,1.15441,1.15445,0.75,0.97
2020.07.22 02:55:33.810,1.15444,1.15446,0.75,0.56
2020.07.22 02:55:33.911,1.15445,1.15449,2.06,1.20
2020.07.22 02:55:34.518,1.15446,1.15449,0.19,0.75
2020.07.22 02:55:35.404,1.15444,1.15449,2.06,3.45
2020.07.22 02:55:36.382,1.15443,1.15448,3.56,3.08
2020.07.22 02:55:36.534,1.15443,1.15445,1.12,0.19
2020.07.22 02:55:36.636,1.15442,1.15444,0.94,0.75
2020.07.22 02:55:36.996,1.15442,1.15445,0.94,0.19
2020.07.22 02:55:37.148,1.15444,1.15445,1.50,0.10
2020.07.22 02:55:37.250,1.15444,1.15448,1.69,0.83
2020.07.22 02:55:37.452,1.15443,1.15447,5.06,0.10
2020.07.22 02:55:38.906,1.15444,1.15447,0.75,0.82
2020.07.22 02:55:40.051,1.15446,1.15449,1.50,1.20
2020.07.22 02:55:40.154,1.15446,1.1545,0.75,0.19
2020.07.22 02:55:40.409,1.1545,1.15452,0.75,4.39
2020.07.22 02:55:40.510,1.15451,1.15453,1.50,0.75
2020.07.22 02:55:40.612,1.1545,1.15452,0.75,0.10
2020.07.22 02:55:40.714,1.1545,1.15455,2.06,3.97
2020.07.22 02:55:40.816,1.15451,1.15455,0.37,1.31
2020.07.22 02:55:40.917,1.15454,1.15456,0.75,0.94
2020.07.22 02:55:41.019,1.15452,1.15457,1.76,4.77
2020.07.22 02:55:41.172,1.15453,1.15455,0.75,0.75
2020.07.22 02:55:41.273,1.15452,1.15456,1.50,2.06
2020.07.22 02:55:41.324,1.15451,1.15454,0.75,3.75
2020.07.22 02:55:41.426,1.1545,1.15453,0.19,3.00
2020.07.22 02:55:41.784,1.15449,1.15452,1.50,0.75
2020.07.22 02:55:41.886,1.15449,1.15453,0.75,3.19
2020.07.22 02:55:42.472,1.1545,1.15453,0.75,3.19
2020.07.22 02:55:43.304,1.15449,1.15453,1.12,3.19
2020.07.22 02:55:43.970,1.15451,1.15453,0.75,2.25
2020.07.22 02:55:44.021,1.15452,1.15455,0.75,5.02
2020.07.22 02:55:44.072,1.1545,1.15454,0.94,0.75
2020.07.22 02:55:44.427,1.15451,1.15454,2.25,0.75
2020.07.22 02:55:44.528,1.15451,1.15455,2.81,0.60
2020.07.22 02:55:44.868,1.15451,1.15456,2.06,1.50
2020.07.22 02:55:45.903,1.15451,1.15454,0.10,1.50
2020.07.22 02:55:46.004,1.1545,1.15454,2.25,5.02
2020.07.22 02:55:46.106,1.15449,1.15453,0.45,0.75
2020.07.22 02:55:46.207,1.15448,1.15453,4.76,1.50
2020.07.22 02:55:47.377,1.15448,1.15452,3.37,0.19
2020.07.22 02:55:47.620,1.15448,1.15451,0.75,0.19
2020.07.22 02:55:47.725,1.15447,1.15451,4.95,0.19
2020.07.22 02:55:48.821,1.15449,1.15451,0.75,0.94
2020.07.22 02:55:48.923,1.15448,1.15453,0.94,3.64
2020.07.22 02:55:49.024,1.15447,1.15452,7.39,1.01
2020.07.22 02:55:49.075,1.15449,1.15452,0.19,0.82
2020.07.22 02:55:49.824,1.15448,1.15452,0.75,0.94
2020.07.22 02:55:50.337,1.15446,1.15449,0.82,2.44
2020.07.22 02:55:50.438,1.15445,1.15449,6.45,0.94
2020.07.22 02:55:50.539,1.15444,1.15448,1.46,0.75
2020.07.22 02:55:50.994,1.15445,1.15448,0.75,0.94
2020.07.22 02:55:51.898,1.15443,1.15444,0.37,0.94
2020.07.22 02:55:51.949,1.15442,1.15444,1.20,0.19
2020.07.22 02:55:52.051,1.15442,1.15445,0.75,1.69
2020.07.22 02:55:52.152,1.15441,1.15444,1.12,0.19
2020.07.22 02:55:52.253,1.1544,1.15443,1.12,0.19
2020.07.22 02:55:54.142,1.15441,1.15443,0.37,2.44
2020.07.22 02:55:54.244,1.1544,1.15444,2.62,2.51
2020.07.22 02:55:54.295,1.15442,1.15444,1.12,1.50
2020.07.22 02:55:54.397,1.15442,1.15446,2.62,0.94
2020.07.22 02:55:54.498,1.15443,1.15446,0.37,0.10
2020.07.22 02:55:54.600,1.15443,1.15447,0.37,2.44
2020.07.22 02:55:55.577,1.15445,1.15448,0.75,2.51
2020.07.22 02:55:55.679,1.15444,1.15448,1.87,1.69
2020.07.22 02:56:00.110,1.15444,1.15447,1.12,0.19
2020.07.22 02:56:00.328,1.15444,1.15448,2.25,1.57
2020.07.22 02:56:00.430,1.15446,1.15449,0.75,1.76
2020.07.22 02:56:01.715,1.15446,1.1545,0.75,1.69
2020.07.22 02:56:05.098,1.1545,1.15452,0.37,1.20
2020.07.22 02:56:05.200,1.1545,1.15454,1.87,2.14
2020.07.22 02:56:05.303,1.15451,1.15454,1.12,1.69
2020.07.22 02:56:05.404,1.15452,1.15454,0.37,1.69
2020.07.22 02:56:05.608,1.15452,1.15456,1.12,3.45
2020.07.22 02:56:05.710,1.15452,1.15455,1.12,0.10
2020.07.22 02:56:05.813,1.15452,1.15456,1.12,3.45
2020.07.22 02:56:06.604,1.15451,1.15455,1.50,0.26
2020.07.22 02:56:07.784,1.15452,1.15455,0.37,0.19
2020.07.22 02:56:08.571,1.1545,1.15454,3.07,3.19
2020.07.22 02:56:08.723,1.15451,1.15454,1.12,1.50
2020.07.22 02:56:10.440,1.15451,1.15453,2.62,0.75
2020.07.22 02:56:10.593,1.15453,1.15455,0.37,0.75
2020.07.22 02:56:10.695,1.15453,1.15456,0.37,2.32
2020.07.22 02:56:10.797,1.15452,1.15456,1.12,1.50
2020.07.22 02:56:10.898,1.15452,1.15455,1.12,0.19
2020.07.22 02:56:11.444,1.15452,1.15456,1.12,1.87
2020.07.22 02:56:11.545,1.15453,1.15456,0.37,1.50
2020.07.22 02:56:12.099,1.15452,1.15455,0.75,0.19
2020.07.22 02:56:12.201,1.15452,1.15456,0.75,2.06
2020.07.22 02:56:12.302,1.15452,1.15455,1.50,1.01
2020.07.22 02:56:12.404,1.15452,1.15456,1.12,1.12
2020.07.22 02:56:13.096,1.15453,1.15456,0.37,1.50
2020.07.22 02:56:13.198,1.15452,1.15455,0.75,0.19
2020.07.22 02:56:13.301,1.15453,1.15456,0.37,0.75
2020.07.22 02:56:13.453,1.15453,1.15455,0.37,0.19
2020.07.22 02:56:14.901,1.15453,1.15456,0.37,0.75
2020.07.22 02:56:25.293,1.15451,1.15454,1.20,2.25
2020.07.22 02:56:26.315,1.15451,1.15453,2.44,0.75
2020.07.22 02:56:26.586,1.15451,1.15454,1.69,1.50
2020.07.22 02:56:28.367,1.1545,1.15452,2.44,0.75
2020.07.22 02:56:28.569,1.15451,1.15453,0.94,1.50
2020.07.22 02:56:28.620,1.15452,1.15455,0.19,4.69
2020.07.22 02:56:28.772,1.15452,1.15456,2.81,3.00
2020.07.22 02:56:30.531,1.15451,1.15455,4.39,2.25
2020.07.22 02:56:31.089,1.15451,1.15454,0.19,1.50
2020.07.22 02:56:33.767,1.1545,1.15454,5.81,2.25
2020.07.22 02:56:33.919,1.1545,1.15453,0.19,2.62
2020.07.22 02:56:34.021,1.15449,1.15453,3.19,2.62
2020.07.22 02:56:34.223,1.15448,1.15449,0.82,0.75
2020.07.22 02:56:34.274,1.15448,1.15451,0.10,3.00
2020.07.22 02:56:34.724,1.15447,1.15451,2.25,2.44
2020.07.22 02:56:42.443,1.15447,1.1545,2.25,0.82
2020.07.22 02:56:46.203,1.15447,1.15451,2.25,3.26
2020.07.22 02:56:46.355,1.15448,1.15451,0.19,1.50
2020.07.22 02:56:46.406,1.1545,1.15452,0.19,3.63
2020.07.22 02:56:46.507,1.15449,1.15452,0.94,1.50
2020.07.22 02:56:53.691,1.1545,1.15453,0.56,1.50
2020.07.22 02:56:53.793,1.15451,1.15455,0.19,5.51
2020.07.22 02:56:55.437,1.15453,1.15455,0.19,2.25
2020.07.22 02:56:55.588,1.15453,1.15456,0.19,3.63
2020.07.22 02:56:57.267,1.15456,1.15457,0.19,0.75
2020.07.22 02:56:57.318,1.15456,1.15459,0.19,5.58
2020.07.22 02:56:59.470,1.15456,1.15458,0.19,0.75
2020.07.22 02:56:59.775,1.15456,1.15459,0.19,5.21
2020.07.22 02:57:01.336,1.15455,1.15457,0.75,2.88
2020.07.22 02:57:01.437,1.15453,1.15457,0.19,5.96
2020.07.22 02:57:01.776,1.15453,1.15456,0.19,0.82
2020.07.22 02:57:01.903,1.15453,1.15457,0.19,6.33
2020.07.22 02:57:02.755,1.15453,1.15456,0.19,0.75
2020.07.22 02:57:06.639,1.15453,1.15454,0.19,0.75
2020.07.22 02:57:06.691,1.15451,1.15455,2.89,2.25
2020.07.22 02:57:06.792,1.15451,1.15456,3.94,7.27
2020.07.22 02:57:06.894,1.15452,1.15456,0.19,2.25
2020.07.22 02:57:09.486,1.15451,1.15456,2.89,4.57
2020.07.22 02:57:09.587,1.15451,1.15455,4.01,0.75
2020.07.22 02:57:10.345,1.15451,1.15456,2.44,6.52
2020.07.22 02:57:11.700,1.15451,1.15455,2.44,0.82
2020.07.22 02:57:11.801,1.15451,1.15456,2.44,6.52
2020.07.22 02:57:13.980,1.15452,1.15456,0.56,3.63
2020.07.22 02:57:14.436,1.15451,1.15456,5.14,4.57
2020.07.22 02:57:15.024,1.15452,1.15456,0.82,4.57
2020.07.22 02:57:19.443,1.15453,1.15456,0.19,1.50
2020.07.22 02:57:20.463,1.15454,1.15457,0.19,2.62
2020.07.22 02:57:20.767,1.15454,1.15456,0.19,0.75
2020.07.22 02:57:20.868,1.15454,1.15457,0.19,2.62
2020.07.22 02:57:21.675,1.15455,1.15457,0.19,2.62
2020.07.22 02:57:21.726,1.15452,1.15456,5.25,4.01
2020.07.22 02:57:21.929,1.15451,1.15456,3.64,5.14
2020.07.22 02:57:22.080,1.15452,1.15456,0.19,4.12
2020.07.22 02:57:26.515,1.15451,1.15456,6.64,4.31
2020.07.22 02:57:26.620,1.15452,1.15456,0.19,3.37
2020.07.22 02:57:26.822,1.15454,1.15456,0.19,3.00
2020.07.22 02:57:27.910,1.15451,1.15456,7.01,3.94
2020.07.22 02:57:28.067,1.15452,1.15456,0.19,4.76
2020.07.22 02:57:28.421,1.15453,1.15456,0.19,2.25
2020.07.22 02:57:33.046,1.15452,1.15456,0.19,2.32
2020.07.22 02:57:33.863,1.15453,1.15456,0.19,2.32
2020.07.22 02:57:37.445,1.15452,1.15456,0.19,2.32
2020.07.22 02:57:40.822,1.15453,1.15455,0.19,1.57
2020.07.22 02:57:40.923,1.15451,1.15455,3.94,2.32
2020.07.22 02:57:41.075,1.15452,1.15455,1.01,2.25
2020.07.22 02:57:45.967,1.15453,1.15455,0.37,0.75
2020.07.22 02:57:47.445,1.15452,1.15456,0.94,4.01
2020.07.22 02:57:47.546,1.15451,1.15456,4.76,4.19
2020.07.22 02:57:47.648,1.15452,1.15456,0.75,4.94
2020.07.22 02:57:47.900,1.15451,1.15456,5.14,4.94
2020.07.22 02:57:48.164,1.15451,1.15455,4.01,0.75
2020.07.22 02:57:48.265,1.15451,1.15456,0.94,4.94
2020.07.22 02:57:48.366,1.15451,1.15455,0.94,0.75
2020.07.22 02:57:48.619,1.1545,1.15455,5.89,1.20
2020.07.22 02:57:49.174,1.1545,1.15453,1.01,0.75
2020.07.22 02:57:49.326,1.15448,1.15451,1.27,0.19
2020.07.22 02:57:49.428,1.15449,1.15451,0.94,0.75
2020.07.22 02:57:49.479,1.15447,1.15451,2.14,1.12
2020.07.22 02:57:49.580,1.15446,1.15451,5.59,1.31
2020.07.22 02:57:49.732,1.15446,1.1545,2.51,0.75
2020.07.22 02:57:52.382,1.15446,1.15451,2.14,1.31
2020.07.22 02:57:52.894,1.15448,1.15451,0.19,1.31
2020.07.22 02:57:55.594,1.15446,1.15451,5.06,1.87
2020.07.22 02:57:55.743,1.15446,1.1545,5.06,0.75
2020.07.22 02:57:55.844,1.15446,1.15451,4.76,1.12
2020.07.22 02:57:57.785,1.15444,1.15447,0.64,0.75
2020.07.22 02:57:57.987,1.15443,1.15447,5.06,0.75
2020.07.22 02:57:58.089,1.15443,1.15446,0.10,1.50
2020.07.22 02:57:58.190,1.15442,1.15445,0.94,0.75
2020.07.22 02:58:05.222,1.15441,1.15445,1.76,0.75
2020.07.22 02:58:09.238,1.15442,1.15445,0.45,0.75
2020.07.22 02:58:10.879,1.15443,1.15445,0.37,0.75
2020.07.22 02:58:11.053,1.15444,1.15445,0.37,0.75
2020.07.22 02:58:11.104,1.15444,1.15447,0.37,1.12
2020.07.22 02:58:11.205,1.15444,1.15448,1.01,3.26
2020.07.22 02:58:13.485,1.15443,1.15447,0.10,3.26
2020.07.22 02:58:13.587,1.15442,1.15447,2.51,3.26
2020.07.22 02:58:16.357,1.15443,1.15447,1.50,1.12
2020.07.22 02:58:16.943,1.15442,1.15447,3.64,1.12
2020.07.22 02:58:19.052,1.15443,1.15447,0.75,1.12
2020.07.22 02:58:20.051,1.15444,1.15447,0.10,1.87
2020.07.22 02:58:21.795,1.15446,1.15449,0.82,3.26
2020.07.22 02:58:21.897,1.15447,1.1545,0.10,0.19
2020.07.22 02:58:21.999,1.15448,1.15451,0.10,1.12
2020.07.22 02:58:22.204,1.15447,1.15451,0.82,1.12
2020.07.22 02:58:22.806,1.15447,1.1545,0.10,0.75
2020.07.22 02:58:22.908,1.15446,1.1545,2.14,0.75
2020.07.22 02:58:33.527,1.15445,1.15448,0.82,2.25
2020.07.22 02:58:33.629,1.15443,1.15448,8.96,4.57
2020.07.22 02:58:34.772,1.15443,1.15447,1.76,1.12
2020.07.22 02:58:36.091,1.15444,1.15447,0.10,1.50
2020.07.22 02:58:37.146,1.15443,1.15447,1.69,1.12
2020.07.22 02:58:40.025,1.15444,1.15447,0.75,0.75
2020.07.22 02:58:40.912,1.15445,1.15448,0.82,1.12
2020.07.22 02:58:41.014,1.15445,1.15449,2.25,0.75
2020.07.22 02:58:41.267,1.15444,1.15448,1.87,0.75
2020.07.22 02:58:41.470,1.15443,1.15448,2.96,0.75
2020.07.22 02:58:41.920,1.15444,1.15448,0.19,0.75
2020.07.22 02:58:44.682,1.15444,1.15446,0.37,0.75
2020.07.22 02:58:44.784,1.15442,1.15446,2.89,0.75
2020.07.22 02:58:46.374,1.15445,1.15448,7.50,0.10
2020.07.22 02:58:46.526,1.15446,1.1545,0.37,2.89
2020.07.22 02:58:46.779,1.15448,1.1545,0.75,0.94
2020.07.22 02:58:48.227,1.15448,1.15449,0.75,0.19
2020.07.22 02:58:48.328,1.15448,1.1545,0.75,0.94
2020.07.22 02:58:54.056,1.15449,1.1545,0.82,0.75
2020.07.22 02:58:54.107,1.1545,1.15453,0.45,0.64
2020.07.22 02:58:54.160,1.1545,1.15451,0.10,0.75
2020.07.22 02:58:54.695,1.15451,1.15452,0.10,0.75
2020.07.22 02:58:55.045,1.1545,1.15451,0.10,0.75
2020.07.22 02:58:55.399,1.15449,1.15451,2.32,0.75
2020.07.22 02:58:55.500,1.1545,1.15451,1.01,0.75
2020.07.22 02:58:56.610,1.15449,1.15451,3.07,0.75
2020.07.22 02:58:57.545,1.1545,1.15451,0.75,0.75
2020.07.22 02:58:58.745,1.15449,1.15451,3.07,0.75
2020.07.22 02:59:02.167,1.1545,1.15451,0.75,0.75
2020.07.22 02:59:05.199,1.15449,1.15451,2.96,0.75
2020.07.22 02:59:11.412,1.15448,1.15451,3.19,0.75
2020.07.22 02:59:12.327,1.15447,1.15451,4.76,0.75
2020.07.22 02:59:12.720,1.15447,1.1545,2.06,3.00
2020.07.22 02:59:12.922,1.15447,1.15449,2.06,2.32
2020.07.22 02:59:13.193,1.15447,1.15448,2.06,0.75
2020.07.22 02:59:13.348,1.15447,1.15449,2.06,2.25
2020.07.22 02:59:17.026,1.15447,1.15448,2.06,1.12
2020.07.22 02:59:17.128,1.15443,1.15446,0.10,4.38
2020.07.22 02:59:17.229,1.15442,1.15446,8.40,0.75
2020.07.22 02:59:18.343,1.15442,1.15445,34.57,0.75
2020.07.22 02:59:19.581,1.15443,1.15445,0.75,0.75
2020.07.22 02:59:20.809,1.15447,1.15448,2.81,2.70
2020.07.22 02:59:20.910,1.15447,1.1545,2.81,1.20
2020.07.22 02:59:21.012,1.15448,1.15451,0.75,2.96
2020.07.22 02:59:21.215,1.15449,1.15451,1.12,1.20
2020.07.22 02:59:21.367,1.15448,1.15451,1.87,0.75
2020.07.22 02:59:21.570,1.1545,1.15451,0.75,0.75
2020.07.22 02:59:23.129,1.15449,1.15451,1.12,0.75
2020.07.22 02:59:23.631,1.1545,1.15451,0.75,0.75
2020.07.22 02:59:25.047,1.15451,1.15452,0.75,0.75
2020.07.22 02:59:25.098,1.15452,1.15453,0.75,0.75
2020.07.22 02:59:27.601,1.15451,1.15452,1.01,0.75
2020.07.22 02:59:30.009,1.15452,1.15456,0.75,5.96
2020.07.22 02:59:32.303,1.15453,1.15456,0.64,0.75
2020.07.22 02:59:32.412,1.15453,1.15457,0.56,5.58
2020.07.22 02:59:32.986,1.15454,1.15457,0.75,0.75
2020.07.22 02:59:33.587,1.15454,1.15458,1.39,2.25
2020.07.22 02:59:33.688,1.15455,1.15458,1.01,2.32
2020.07.22 02:59:33.841,1.15456,1.15458,0.19,2.25
2020.07.22 02:59:34.664,1.15456,1.15459,1.69,0.75
2020.07.22 02:59:34.765,1.15456,1.1546,1.69,0.75
2020.07.22 02:59:37.754,1.15457,1.1546,0.75,0.19
2020.07.22 02:59:40.804,1.15457,1.15459,0.75,0.75
2020.07.22 02:59:40.905,1.15455,1.15458,0.75,0.37
2020.07.22 02:59:41.501,1.15455,1.15459,0.75,5.21
2020.07.22 02:59:41.830,1.15455,1.15458,0.75,0.37
2020.07.22 02:59:42.099,1.15456,1.15459,0.75,5.21
2020.07.22 02:59:43.037,1.15456,1.15458,0.75,0.56
2020.07.22 02:59:43.139,1.15456,1.15459,0.75,1.65
2020.07.22 02:59:47.061,1.15456,1.15458,0.75,0.10
2020.07.22 02:59:47.112,1.15453,1.15454,1.20,0.94
2020.07.22 02:59:47.163,1.15451,1.15453,0.75,0.75
2020.07.22 02:59:47.265,1.15451,1.15454,0.75,0.82
2020.07.22 02:59:47.892,1.15451,1.15455,0.75,6.22
2020.07.22 02:59:48.534,1.15451,1.15454,0.75,0.75
2020.07.22 02:59:49.594,1.15451,1.15455,0.75,5.84
2020.07.22 02:59:51.290,1.15451,1.15454,0.75,0.10
2020.07.22 02:59:51.780,1.15451,1.15455,0.75,5.84
2020.07.22 02:59:52.049,1.15451,1.15454,0.75,0.37
2020.07.22 02:59:52.688,1.15451,1.15453,0.75,0.37
2020.07.22 02:59:53.222,1.1545,1.15453,0.94,0.37
2020.07.22 02:59:54.144,1.1545,1.15454,1.69,2.25
2020.07.22 02:59:55.060,1.1545,1.15453,3.94,0.75
2020.07.22 02:59:55.423,1.1545,1.15454,1.69,2.25
2020.07.22 02:59:55.574,1.15451,1.15454,0.75,2.25
2020.07.22 02:59:55.675,1.1545,1.15454,1.69,2.25
2020.07.22 02:59:58.099,1.15451,1.15454,0.19,2.44
2020.07.22 02:59:58.252,1.15451,1.15456,7.31,2.32
2020.07.22 02:59:58.353,1.15452,1.15456,0.19,2.25
2020.07.22 02:59:59.099,1.15454,1.15456,0.75,0.10
2020.07.22 02:59:59.201,1.15454,1.15458,5.25,2.25
2020.07.22 02:59:59.403,1.15454,1.15457,6.00,0.75
2020.07.22 02:59:59.696,1.15454,1.15458,3.37,2.25
2020.07.22 02:59:59.848,1.15453,1.15457,6.00,2.32
