2010.11.12 04:00:01.386,1.36236,1.36244,1.50,3.80
2010.11.12 04:00:06.094,1.36237,1.36241,1.50,1.90
2010.11.12 04:00:09.976,1.36235,1.36244,1.50,3.40
2010.11.12 04:00:12.016,1.36236,1.36247,1.50,2.50
2010.11.12 04:00:14.713,1.36242,1.36248,2.90,1.50
2010.11.12 04:00:16.098,1.36239,1.36247,1.50,2.50
2010.11.12 04:00:17.003,1.36231,1.36241,4.00,2.30
2010.11.12 04:00:19.104,1.36222,1.36232,2.30,2.90
2010.11.12 04:00:23.387,1.36211,1.36222,1.50,2.10
2010.11.12 04:00:26.471,1.362,1.3621,1.20,2.30
2010.11.12 04:00:26.598,1.36192,1.36197,1.50,3.60
2010.11.12 04:00:32.883,1.36186,1.36192,3.80,3.40
2010.11.12 04:00:44.642,1.36189,1.36195,1.70,3.00
2010.11.12 04:00:44.768,1.36192,1.36201,1.50,1.50
2010.11.12 04:00:51.279,1.36196,1.36207,1.50,4.00
2010.11.12 04:00:53.978,1.36201,1.36212,2.30,1.50
2010.11.12 04:00:54.629,1.36209,1.36214,1.50,1.50
2010.11.12 04:00:58.552,1.36212,1.36218,2.70,4.00
2010.11.12 04:00:58.692,1.36213,1.36222,2.30,1.20
2010.11.12 04:01:03.746,1.36212,1.36222,2.30,3.20
2010.11.12 04:01:05.953,1.36219,1.36231,3.00,1.70
2010.11.12 04:01:06.297,1.3622,1.36224,1.50,4.50
2010.11.12 04:01:15.747,1.36201,1.36209,3.40,1.60
2010.11.12 04:01:15.986,1.36193,1.36197,1.20,1.50
2010.11.12 04:01:36.466,1.36194,1.36203,1.50,3.60
2010.11.12 04:01:46.709,1.362,1.36211,1.50,1.50
2010.11.12 04:01:47.115,1.36209,1.36214,1.70,1.50
2010.11.12 04:01:58.827,1.36211,1.36219,1.20,1.50
2010.11.12 04:02:00.589,1.36213,1.36222,1.20,1.50
2010.11.12 04:02:02.704,1.36209,1.36216,1.90,8.50
2010.11.12 04:02:04.745,1.36204,1.36214,1.20,1.90
2010.11.12 04:02:04.985,1.36203,1.36209,1.50,2.70
2010.11.12 04:02:05.436,1.36201,1.3621,1.50,1.90
2010.11.12 04:02:06.076,1.36203,1.36207,3.00,1.50
2010.11.12 04:02:07.791,1.36201,1.36212,2.30,1.90
2010.11.12 04:02:11.488,1.36207,1.36216,3.00,1.50
2010.11.12 04:02:11.600,1.36213,1.3622,2.90,1.50
2010.11.12 04:02:13.147,1.36217,1.36226,1.50,1.90
2010.11.12 04:02:13.584,1.36215,1.36225,1.90,1.50
2010.11.12 04:02:17.036,1.36206,1.36217,1.50,2.30
2010.11.12 04:02:18.719,1.36193,1.36201,1.50,1.50
2010.11.12 04:02:21.232,1.36181,1.36187,1.40,4.90
2010.11.12 04:02:23.736,1.36167,1.36175,1.50,1.90
2010.11.12 04:02:26.220,1.36153,1.36162,1.50,1.90
2010.11.12 04:02:28.287,1.36141,1.36151,3.40,5.70
2010.11.12 04:02:31.920,1.36135,1.36147,10.20,1.70
2010.11.12 04:02:37.771,1.36142,1.3615,1.70,1.50
2010.11.12 04:02:38.428,1.36147,1.3616,1.50,2.70
2010.11.12 04:02:38.548,1.36155,1.36165,1.50,3.60
2010.11.12 04:02:41.364,1.36161,1.36167,8.30,1.70
2010.11.12 04:02:41.484,1.36162,1.36169,1.70,2.30
2010.11.12 04:02:42.510,1.3616,1.36169,1.90,1.50
2010.11.12 04:02:44.875,1.3616,1.36167,14.10,4.50
2010.11.12 04:02:49.814,1.36156,1.36163,1.50,5.90
2010.11.12 04:02:52.770,1.3615,1.36161,3.20,6.20
2010.11.12 04:02:55.169,1.36148,1.36158,1.30,2.30
2010.11.12 04:03:08.078,1.36159,1.36167,4.50,2.50
2010.11.12 04:03:10.257,1.36163,1.36171,2.30,5.70
2010.11.12 04:03:14.317,1.36167,1.36176,6.60,3.00
2010.11.12 04:03:23.133,1.36168,1.36173,1.50,4.40
2010.11.12 04:03:25.306,1.36159,1.36164,1.50,1.70
2010.11.12 04:03:30.267,1.36147,1.36156,1.20,1.70
2010.11.12 04:03:32.714,1.36139,1.36143,1.50,4.70
2010.11.12 04:03:35.565,1.36128,1.36136,3.20,4.20
2010.11.12 04:03:37.916,1.36125,1.36133,3.20,1.50
2010.11.12 04:03:40.725,1.3613,1.36134,1.70,1.50
2010.11.12 04:03:43.077,1.36137,1.36141,1.90,1.50
2010.11.12 04:03:43.658,1.36141,1.36149,2.70,1.50
2010.11.12 04:03:47.888,1.36144,1.36153,1.50,1.70
2010.11.12 04:03:50.176,1.36149,1.36157,1.70,2.10
2010.11.12 04:03:52.495,1.36155,1.36161,1.50,1.50
2010.11.12 04:03:52.613,1.36154,1.36162,1.90,1.70
2010.11.12 04:04:05.230,1.36143,1.36153,2.10,2.30
2010.11.12 04:04:07.556,1.36142,1.36149,3.80,1.20
2010.11.12 04:04:09.756,1.36136,1.36147,1.60,1.50
2010.11.12 04:04:12.177,1.36132,1.36143,2.30,3.60
2010.11.12 04:04:14.656,1.36131,1.36141,1.70,3.00
2010.11.12 04:04:18.893,1.36136,1.36145,1.50,1.50
2010.11.12 04:04:21.125,1.36141,1.36149,6.40,1.50
2010.11.12 04:04:23.692,1.36146,1.36153,1.50,1.50
2010.11.12 04:04:27.981,1.36153,1.3616,1.50,1.50
2010.11.12 04:04:30.145,1.36161,1.3617,1.50,3.20
2010.11.12 04:04:32.321,1.36169,1.36176,1.70,1.50
2010.11.12 04:04:40.415,1.36174,1.36184,3.00,4.20
2010.11.12 04:04:42.323,1.36179,1.36188,2.70,3.20
2010.11.12 04:04:49.251,1.36176,1.36186,1.20,4.90
2010.11.12 04:04:51.822,1.36172,1.36182,2.50,1.50
2010.11.12 04:04:53.357,1.36171,1.36182,2.30,5.10
2010.11.12 04:04:55.390,1.36174,1.36178,7.30,2.10
2010.11.12 04:04:56.775,1.36174,1.36181,1.90,1.50
2010.11.12 04:04:59.513,1.36175,1.36183,16.90,1.50
2010.11.12 04:05:00.733,1.36155,1.36164,10.90,1.40
2010.11.12 04:05:02.742,1.36157,1.36164,1.50,1.50
2010.11.12 04:05:05.218,1.36156,1.36164,4.20,2.20
2010.11.12 04:05:05.456,1.36154,1.36163,2.90,1.50
2010.11.12 04:05:07.797,1.36152,1.36163,1.40,1.50
2010.11.12 04:05:08.035,1.36146,1.36157,11.70,4.20
2010.11.12 04:05:14.777,1.36144,1.36152,6.60,3.00
2010.11.12 04:05:22.182,1.36142,1.3615,1.70,3.40
2010.11.12 04:05:29.133,1.36146,1.36156,1.70,1.70
2010.11.12 04:05:31.212,1.36153,1.36162,1.70,1.50
2010.11.12 04:05:34.757,1.36163,1.36167,2.70,2.70
2010.11.12 04:05:38.135,1.36167,1.36175,1.50,4.70
2010.11.12 04:05:40.978,1.36173,1.3618,2.90,1.90
2010.11.12 04:05:43.189,1.36181,1.36188,1.70,3.60
2010.11.12 04:05:45.225,1.36189,1.36196,1.20,2.30
2010.11.12 04:05:45.343,1.36197,1.36202,13.80,1.40
2010.11.12 04:05:46.040,1.36199,1.36205,2.10,1.20
2010.11.12 04:05:46.278,1.36194,1.36204,1.50,1.50
2010.11.12 04:05:48.872,1.36191,1.36198,1.50,2.70
2010.11.12 04:05:49.013,1.36189,1.36194,1.50,1.50
2010.11.12 04:05:56.860,1.36185,1.36195,1.90,1.50
2010.11.12 04:05:57.251,1.36183,1.36193,2.30,2.10
2010.11.12 04:05:57.370,1.36186,1.36194,2.10,1.70
2010.11.12 04:06:05.011,1.36186,1.36196,1.70,2.70
2010.11.12 04:06:07.506,1.36189,1.36196,1.50,2.50
2010.11.12 04:06:10.436,1.3619,1.36199,9.00,1.50
2010.11.12 04:06:26.595,1.36191,1.36198,1.40,1.50
2010.11.12 04:06:29.525,1.36185,1.36194,2.50,1.20
2010.11.12 04:06:32.052,1.36169,1.36177,6.20,1.90
2010.11.12 04:06:38.807,1.36149,1.36156,1.90,3.00
2010.11.12 04:06:43.354,1.36131,1.36139,3.40,3.00
2010.11.12 04:06:45.814,1.36117,1.36127,1.50,2.10
2010.11.12 04:06:52.566,1.36119,1.36128,6.00,1.50
2010.11.12 04:06:54.564,1.36123,1.36132,1.50,1.50
2010.11.12 04:06:55.741,1.3613,1.36139,1.50,1.90
2010.11.12 04:06:57.427,1.36132,1.36142,1.40,2.10
2010.11.12 04:07:01.433,1.36133,1.36143,2.50,1.50
2010.11.12 04:07:06.134,1.36128,1.36137,3.60,2.50
2010.11.12 04:07:08.194,1.36124,1.36133,1.50,4.70
2010.11.12 04:07:11.613,1.3612,1.36128,1.50,1.90
2010.11.12 04:07:13.822,1.36116,1.36124,3.60,1.70
2010.11.12 04:07:17.137,1.36112,1.36121,1.50,1.50
2010.11.12 04:07:20.541,1.36113,1.36123,3.40,3.40
2010.11.12 04:07:27.971,1.36123,1.36133,4.00,1.20
2010.11.12 04:07:33.563,1.36134,1.36144,1.70,1.50
2010.11.12 04:07:36.251,1.36147,1.36158,6.00,7.70
2010.11.12 04:07:38.507,1.3616,1.36169,1.50,1.50
2010.11.12 04:07:39.123,1.36167,1.36175,7.40,7.40
2010.11.12 04:07:41.212,1.36165,1.36174,1.50,1.50
2010.11.12 04:07:43.249,1.36164,1.36171,1.50,3.60
2010.11.12 04:07:47.031,1.36161,1.36168,1.50,1.10
2010.11.12 04:07:47.372,1.3616,1.36166,7.00,1.50
2010.11.12 04:07:50.908,1.36159,1.36169,7.40,1.50
2010.11.12 04:07:52.951,1.36163,1.36171,4.20,2.20
2010.11.12 04:07:58.351,1.36164,1.36172,3.20,3.40
2010.11.12 04:08:27.764,1.36147,1.36155,2.00,1.70
2010.11.12 04:08:30.255,1.36136,1.36142,1.80,1.90
2010.11.12 04:08:32.698,1.36119,1.36128,1.50,15.40
2010.11.12 04:08:35.184,1.36107,1.36111,1.50,3.60
2010.11.12 04:08:40.885,1.36104,1.36112,2.10,1.90
2010.11.12 04:08:44.515,1.36119,1.36127,1.90,1.50
2010.11.12 04:08:44.742,1.36139,1.36143,2.30,6.60
2010.11.12 04:08:46.716,1.36153,1.36163,2.30,3.00
2010.11.12 04:08:48.740,1.36161,1.36167,2.80,3.00
2010.11.12 04:08:51.374,1.36151,1.36162,1.50,1.90
2010.11.12 04:08:54.046,1.36141,1.36151,1.50,1.70
2010.11.12 04:08:56.455,1.36131,1.36137,1.20,1.50
2010.11.12 04:08:58.544,1.36123,1.3613,3.00,1.50
2010.11.12 04:09:03.432,1.36112,1.36122,3.00,1.90
2010.11.12 04:09:13.536,1.36121,1.3613,3.40,1.40
2010.11.12 04:09:17.683,1.36132,1.36138,1.50,1.70
2010.11.12 04:09:19.707,1.36134,1.36142,1.50,1.90
2010.11.12 04:09:20.530,1.36124,1.36135,1.70,3.50
2010.11.12 04:09:28.864,1.36112,1.36123,4.50,9.20
2010.11.12 04:09:33.707,1.36099,1.36108,4.00,1.50
2010.11.12 04:09:35.708,1.36083,1.36092,1.60,2.10
2010.11.12 04:09:38.078,1.36076,1.36088,2.30,1.90
2010.11.12 04:09:40.669,1.36079,1.3609,1.70,1.50
2010.11.12 04:09:47.236,1.36086,1.36097,1.70,1.70
2010.11.12 04:09:50.567,1.36097,1.36102,1.90,3.40
2010.11.12 04:09:50.728,1.36102,1.3611,3.40,1.50
2010.11.12 04:09:53.174,1.36106,1.36115,1.50,2.30
2010.11.12 04:09:55.296,1.36111,1.36117,3.80,4.40
2010.11.12 04:09:55.747,1.36114,1.3612,1.50,1.90
2010.11.12 04:10:03.620,1.36103,1.36111,2.30,3.60
2010.11.12 04:10:08.306,1.36101,1.36105,2.90,1.70
2010.11.12 04:10:12.846,1.36094,1.36098,1.50,1.50
2010.11.12 04:10:20.457,1.36088,1.36093,2.30,4.50
2010.11.12 04:10:25.989,1.36087,1.36094,1.50,2.50
2010.11.12 04:10:28.302,1.36095,1.36105,1.50,2.50
2010.11.12 04:10:28.762,1.36107,1.36118,9.80,2.30
2010.11.12 04:10:30.852,1.36119,1.3613,1.90,1.90
2010.11.12 04:10:33.600,1.36126,1.36136,4.00,2.70
2010.11.12 04:10:39.308,1.36124,1.36132,3.00,2.90
2010.11.12 04:10:42.743,1.3612,1.36129,1.50,1.70
2010.11.12 04:10:49.431,1.36117,1.36126,3.00,1.20
2010.11.12 04:10:52.436,1.36119,1.36129,4.00,1.50
2010.11.12 04:10:55.004,1.3612,1.36131,1.50,3.80
2010.11.12 04:10:55.242,1.36122,1.36134,1.50,1.50
2010.11.12 04:11:01.463,1.3612,1.36124,2.00,1.50
2010.11.12 04:11:04.546,1.36122,1.36131,2.50,2.70
2010.11.12 04:11:06.696,1.36126,1.36135,4.90,1.90
2010.11.12 04:11:08.767,1.36128,1.36137,6.80,3.80
2010.11.12 04:11:10.833,1.36123,1.36129,2.30,1.90
2010.11.12 04:11:15.496,1.36105,1.36114,2.50,3.00
2010.11.12 04:11:22.203,1.36088,1.36095,1.50,2.30
2010.11.12 04:11:22.553,1.3608,1.36084,1.90,1.70
2010.11.12 04:11:29.996,1.36078,1.36086,1.50,1.90
2010.11.12 04:11:32.795,1.36081,1.36092,5.10,1.50
2010.11.12 04:11:35.628,1.36089,1.36095,1.70,1.50
2010.11.12 04:11:42.292,1.36091,1.36102,3.40,1.50
2010.11.12 04:11:42.645,1.36098,1.36103,1.50,1.70
2010.11.12 04:11:46.767,1.36101,1.3611,1.50,41.90
2010.11.12 04:11:49.894,1.36109,1.36116,1.20,1.50
2010.11.12 04:11:50.121,1.36111,1.36121,2.70,1.50
2010.11.12 04:12:01.673,1.36093,1.36101,1.50,1.50
2010.11.12 04:12:03.898,1.36088,1.36096,1.50,1.50
2010.11.12 04:12:04.086,1.36084,1.36088,2.90,1.50
2010.11.12 04:12:08.562,1.36075,1.36085,1.40,1.50
2010.11.12 04:12:08.642,1.36078,1.36088,2.70,5.30
2010.11.12 04:12:17.557,1.36096,1.36102,1.70,1.50
2010.11.12 04:12:19.674,1.36112,1.3612,3.80,5.40
2010.11.12 04:12:29.976,1.36124,1.36132,1.20,2.30
2010.11.12 04:12:30.853,1.36123,1.36132,1.20,1.70
2010.11.12 04:12:33.012,1.36118,1.36127,2.00,2.50
2010.11.12 04:12:33.784,1.36113,1.36122,3.40,5.30
2010.11.12 04:12:35.801,1.36107,1.36118,2.30,1.90
2010.11.12 04:12:42.693,1.36103,1.36113,1.30,3.00
2010.11.12 04:12:43.243,1.361,1.36108,2.50,43.40
2010.11.12 04:12:54.625,1.36097,1.36107,1.40,1.50
2010.11.12 04:13:00.522,1.36101,1.36105,1.50,1.50
2010.11.12 04:13:04.961,1.36102,1.36113,1.90,1.50
2010.11.12 04:13:07.771,1.36109,1.36121,2.30,1.50
2010.11.12 04:13:09.872,1.36117,1.36125,2.30,1.50
2010.11.12 04:13:14.912,1.36113,1.36123,4.20,1.50
2010.11.12 04:13:22.713,1.36101,1.36111,2.30,1.70
2010.11.12 04:13:24.320,1.36087,1.36096,2.90,1.90
2010.11.12 04:13:31.694,1.36078,1.36085,1.50,1.20
2010.11.12 04:13:36.198,1.36081,1.36086,1.50,4.00
2010.11.12 04:13:41.429,1.36084,1.36091,1.70,3.80
2010.11.12 04:13:44.102,1.36087,1.36095,4.20,1.20
2010.11.12 04:13:51.831,1.36091,1.361,3.80,1.50
2010.11.12 04:13:55.833,1.36094,1.36101,5.30,2.70
2010.11.12 04:13:58.909,1.36095,1.36103,3.20,1.70
2010.11.12 04:14:01.957,1.36106,1.36114,1.40,3.00
2010.11.12 04:14:04.474,1.36105,1.36118,1.50,1.70
2010.11.12 04:14:05.909,1.36106,1.36116,1.90,1.50
2010.11.12 04:14:09.615,1.36104,1.36112,2.70,4.00
2010.11.12 04:14:11.798,1.36098,1.36109,1.50,2.40
2010.11.12 04:14:13.865,1.36095,1.361,1.50,1.70
2010.11.12 04:14:15.977,1.36086,1.36094,1.30,2.10
2010.11.12 04:14:16.099,1.36084,1.3609,3.60,1.50
2010.11.12 04:14:23.389,1.36085,1.36092,3.40,3.20
2010.11.12 04:14:26.375,1.3609,1.36096,1.70,4.70
2010.11.12 04:14:26.493,1.36096,1.361,2.10,2.50
2010.11.12 04:14:26.728,1.36099,1.36107,1.80,1.50
2010.11.12 04:14:31.608,1.36103,1.36112,1.90,1.70
2010.11.12 04:14:33.698,1.36109,1.36117,2.30,3.00
2010.11.12 04:14:35.395,1.36113,1.36122,1.50,1.50
2010.11.12 04:14:37.507,1.3612,1.36124,4.40,1.70
2010.11.12 04:14:39.321,1.3612,1.36127,2.30,3.00
2010.11.12 04:14:39.885,1.36119,1.36125,2.50,2.30
2010.11.12 04:14:41.358,1.36116,1.36122,1.50,2.90
2010.11.12 04:14:48.376,1.36114,1.36122,2.30,1.50
2010.11.12 04:14:53.008,1.36115,1.36123,4.20,1.20
2010.11.12 04:14:57.056,1.36115,1.36125,1.70,1.50
2010.11.12 04:15:00.051,1.36102,1.36112,1.50,2.70
2010.11.12 04:15:04.861,1.36096,1.36106,1.50,2.70
2010.11.12 04:15:14.838,1.36089,1.361,5.10,2.30
2010.11.12 04:15:21.192,1.36083,1.36093,2.90,2.30
2010.11.12 04:15:29.800,1.36087,1.36097,2.70,2.30
2010.11.12 04:15:32.058,1.36102,1.36107,1.50,2.10
2010.11.12 04:15:42.701,1.36117,1.36127,4.30,1.70
2010.11.12 04:15:46.074,1.36133,1.36143,2.30,1.80
2010.11.12 04:15:46.209,1.36143,1.3615,1.50,2.50
2010.11.12 04:15:48.260,1.36138,1.36147,1.50,5.90
2010.11.12 04:15:54.024,1.36132,1.36138,6.00,5.70
2010.11.12 04:15:56.054,1.36124,1.36131,1.50,1.90
2010.11.12 04:15:58.514,1.3612,1.3613,2.30,1.50
2010.11.12 04:16:01.155,1.36109,1.36117,16.00,1.50
2010.11.12 04:16:03.472,1.36126,1.36135,1.70,1.50
2010.11.12 04:16:06.022,1.36145,1.36151,2.50,1.50
2010.11.12 04:16:08.234,1.36149,1.36157,1.50,1.50
2010.11.12 04:16:16.197,1.36138,1.36147,5.30,3.00
2010.11.12 04:16:19.013,1.36123,1.36133,1.90,3.60
2010.11.12 04:16:23.341,1.36108,1.36115,1.90,2.50
2010.11.12 04:16:36.499,1.36098,1.36108,6.40,3.80
2010.11.12 04:16:38.685,1.36105,1.36112,2.30,3.80
2010.11.12 04:16:40.740,1.36115,1.36119,1.20,10.50
2010.11.12 04:16:52.241,1.36123,1.3613,5.90,3.40
2010.11.12 04:16:58.225,1.36129,1.36137,3.20,1.20
2010.11.12 04:17:06.237,1.3613,1.3614,3.00,1.90
2010.11.12 04:17:09.287,1.36126,1.36132,1.50,2.30
2010.11.12 04:17:20.618,1.36116,1.36128,1.50,5.10
2010.11.12 04:17:22.865,1.36117,1.36125,2.70,1.90
2010.11.12 04:17:25.302,1.36128,1.36138,9.00,1.70
2010.11.12 04:17:27.317,1.36143,1.36152,1.50,1.20
2010.11.12 04:17:27.459,1.36158,1.36167,6.60,1.50
2010.11.12 04:17:39.106,1.36166,1.36174,1.50,1.50
2010.11.12 04:17:46.915,1.36167,1.36174,1.50,4.50
2010.11.12 04:17:49.386,1.36163,1.36173,3.20,6.60
2010.11.12 04:17:51.466,1.3616,1.36167,9.60,3.60
2010.11.12 04:17:59.616,1.36157,1.36167,1.50,3.00
2010.11.12 04:18:05.540,1.3613,1.36142,2.30,1.50
2010.11.12 04:18:10.620,1.36139,1.36148,2.30,3.00
2010.11.12 04:18:17.369,1.36148,1.36159,4.30,2.50
2010.11.12 04:18:19.930,1.36158,1.36164,1.50,1.90
2010.11.12 04:18:26.610,1.36156,1.36166,1.90,1.50
2010.11.12 04:18:31.089,1.36148,1.36158,4.70,1.50
2010.11.12 04:18:33.383,1.36138,1.36148,1.50,1.70
2010.11.12 04:18:42.242,1.36131,1.36138,1.70,1.50
2010.11.12 04:18:44.371,1.36127,1.36135,1.70,1.50
2010.11.12 04:18:46.901,1.36131,1.36141,1.70,2.50
2010.11.12 04:18:48.979,1.36139,1.36148,3.20,3.30
2010.11.12 04:18:51.528,1.36144,1.36155,1.70,5.30
2010.11.12 04:18:54.270,1.36146,1.36155,2.70,5.50
2010.11.12 04:18:58.504,1.36148,1.36154,3.40,1.50
2010.11.12 04:18:59.397,1.36145,1.36155,3.20,1.90
2010.11.12 04:19:02.117,1.3614,1.3615,2.50,1.50
2010.11.12 04:19:12.120,1.36133,1.36144,1.90,1.60
2010.11.12 04:19:22.484,1.3613,1.36135,15.30,3.20
2010.11.12 04:19:23.378,1.36126,1.36138,1.90,1.20
2010.11.12 04:19:26.298,1.3614,1.36148,1.50,3.60
2010.11.12 04:19:31.668,1.36154,1.36163,2.50,1.50
2010.11.12 04:19:36.709,1.36168,1.36179,1.90,1.50
2010.11.12 04:19:39.160,1.36175,1.36187,2.50,1.50
2010.11.12 04:19:46.065,1.36173,1.36184,1.50,2.30
2010.11.12 04:19:48.764,1.3617,1.36181,1.50,1.50
2010.11.12 04:19:51.187,1.36168,1.36176,2.50,3.80
2010.11.12 04:19:51.358,1.36168,1.36175,4.50,2.70
2010.11.12 04:19:56.839,1.36165,1.36175,1.50,3.20
2010.11.12 04:20:00.604,1.36162,1.36168,2.50,2.30
2010.11.12 04:20:01.799,1.36155,1.36165,1.50,2.70
2010.11.12 04:20:02.842,1.36149,1.3616,1.20,3.00
2010.11.12 04:20:05.402,1.36148,1.36157,3.00,1.40
2010.11.12 04:20:05.523,1.3615,1.36155,3.20,4.70
2010.11.12 04:20:10.681,1.3615,1.3616,3.80,1.50
2010.11.12 04:20:11.314,1.36159,1.36165,1.50,2.00
2010.11.12 04:20:29.103,1.36164,1.36173,1.70,3.40
2010.11.12 04:20:31.722,1.36165,1.36173,4.70,4.00
2010.11.12 04:20:33.741,1.36156,1.36167,2.90,1.90
2010.11.12 04:20:36.086,1.36149,1.36153,2.40,1.50
2010.11.12 04:20:36.211,1.36139,1.36143,5.10,1.50
2010.11.12 04:20:36.322,1.36129,1.36134,1.50,2.10
2010.11.12 04:20:39.681,1.36125,1.36131,5.90,5.10
2010.11.12 04:20:44.025,1.36129,1.36138,1.70,1.70
2010.11.12 04:20:45.682,1.36137,1.36142,1.50,3.40
2010.11.12 04:20:45.799,1.36139,1.36151,1.70,3.40
2010.11.12 04:20:46.879,1.36145,1.36153,1.70,2.30
2010.11.12 04:20:49.684,1.36147,1.36157,1.50,1.70
2010.11.12 04:20:52.081,1.3615,1.36154,3.00,1.50
2010.11.12 04:20:52.720,1.36151,1.36155,1.90,3.00
2010.11.12 04:20:55.828,1.36147,1.36156,3.40,4.20
2010.11.12 04:20:57.898,1.36146,1.36154,1.40,12.00
2010.11.12 04:21:00.286,1.36139,1.36151,1.90,1.50
2010.11.12 04:21:01.377,1.36148,1.36157,1.50,3.20
2010.11.12 04:21:01.495,1.36157,1.36163,3.40,1.50
2010.11.12 04:21:05.589,1.36164,1.36174,5.90,6.60
2010.11.12 04:21:11.233,1.36176,1.36182,2.30,1.40
2010.11.12 04:21:15.171,1.36184,1.36192,2.30,1.90
2010.11.12 04:21:21.031,1.36188,1.36192,1.50,3.00
2010.11.12 04:21:24.491,1.3618,1.3619,1.50,1.50
2010.11.12 04:21:26.700,1.36169,1.36179,2.30,2.90
2010.11.12 04:21:31.240,1.36158,1.36166,11.10,1.70
2010.11.12 04:21:38.810,1.36143,1.36154,2.30,3.80
2010.11.12 04:21:40.819,1.36132,1.3614,1.90,4.20
2010.11.12 04:21:43.360,1.36128,1.36136,8.30,4.70
2010.11.12 04:21:48.889,1.36133,1.36141,2.70,1.70
2010.11.12 04:21:51.279,1.36142,1.36151,1.50,4.70
2010.11.12 04:21:53.281,1.36153,1.36161,2.00,4.40
2010.11.12 04:21:56.267,1.36161,1.36172,2.30,2.70
2010.11.12 04:21:58.369,1.36169,1.36177,3.20,2.30
2010.11.12 04:22:03.727,1.36178,1.36186,4.40,3.00
2010.11.12 04:22:04.349,1.36168,1.36176,1.70,1.90
2010.11.12 04:22:06.877,1.36158,1.36164,4.00,1.50
2010.11.12 04:22:08.094,1.36147,1.36154,1.50,1.20
2010.11.12 04:22:11.594,1.36138,1.36147,2.30,1.40
2010.11.12 04:22:22.682,1.36134,1.36144,2.70,4.90
2010.11.12 04:22:25.750,1.36138,1.36151,8.30,1.90
2010.11.12 04:22:26.351,1.36151,1.36155,3.00,4.20
2010.11.12 04:22:26.587,1.36161,1.36165,3.20,1.50
2010.11.12 04:22:26.711,1.36171,1.36179,1.50,2.30
2010.11.12 04:22:30.682,1.3618,1.36191,3.40,1.50
2010.11.12 04:22:33.111,1.36187,1.36195,2.70,1.50
2010.11.12 04:22:34.312,1.36185,1.36192,1.50,4.50
2010.11.12 04:22:37.683,1.36178,1.36188,2.30,1.50
2010.11.12 04:22:38.118,1.36176,1.36183,5.90,1.50
2010.11.12 04:22:40.429,1.3617,1.3618,1.70,1.20
2010.11.12 04:22:41.098,1.36171,1.36175,10.00,1.50
2010.11.12 04:22:43.196,1.36168,1.36177,1.50,3.80
2010.11.12 04:22:43.434,1.36166,1.36175,1.70,1.90
2010.11.12 04:22:49.012,1.36165,1.36174,1.90,1.90
2010.11.12 04:23:02.963,1.36167,1.36179,1.50,2.50
2010.11.12 04:23:05.285,1.36173,1.36182,4.40,1.50
2010.11.12 04:23:12.995,1.36177,1.36186,1.90,1.80
2010.11.12 04:23:16.755,1.36177,1.36188,5.10,2.30
2010.11.12 04:23:19.813,1.36172,1.36176,3.40,2.70
2010.11.12 04:23:33.641,1.36157,1.36167,3.00,3.00
2010.11.12 04:23:37.677,1.36144,1.36154,3.40,1.90
2010.11.12 04:23:40.216,1.36134,1.36141,3.00,2.30
2010.11.12 04:23:44.294,1.3613,1.36136,1.70,1.50
2010.11.12 04:23:48.675,1.36136,1.36143,7.20,1.50
2010.11.12 04:23:56.283,1.36145,1.36152,2.50,6.00
2010.11.12 04:23:58.334,1.36148,1.3616,1.50,1.50
2010.11.12 04:24:00.346,1.36151,1.36159,1.70,1.90
2010.11.12 04:24:02.616,1.36146,1.3615,3.80,2.90
2010.11.12 04:24:04.787,1.36135,1.36146,1.50,5.30
2010.11.12 04:24:07.508,1.36129,1.36136,2.70,2.10
2010.11.12 04:24:10.427,1.36129,1.36137,3.80,3.20
2010.11.12 04:24:14.148,1.3614,1.3615,3.00,1.50
2010.11.12 04:24:17.406,1.36157,1.36162,1.50,1.50
2010.11.12 04:24:21.007,1.36165,1.36173,1.70,1.90
2010.11.12 04:24:21.124,1.36166,1.36173,3.80,1.70
2010.11.12 04:24:23.590,1.36162,1.36169,1.50,4.50
2010.11.12 04:24:25.966,1.36158,1.36166,2.30,3.20
2010.11.12 04:24:48.707,1.36157,1.36165,1.50,3.00
2010.11.12 04:24:52.861,1.36156,1.36166,6.50,1.50
2010.11.12 04:25:04.027,1.36167,1.36179,6.40,1.20
2010.11.12 04:25:06.679,1.36174,1.36181,1.90,1.50
2010.11.12 04:25:10.401,1.36178,1.36185,1.50,3.80
2010.11.12 04:25:13.729,1.36179,1.36185,1.70,1.50
2010.11.12 04:25:14.131,1.36169,1.36178,1.20,1.90
2010.11.12 04:25:16.372,1.36158,1.36165,1.50,2.90
2010.11.12 04:25:19.984,1.36146,1.3615,3.40,5.70
2010.11.12 04:25:25.311,1.3613,1.36141,12.80,2.50
2010.11.12 04:25:31.271,1.36125,1.36135,11.90,1.50
2010.11.12 04:25:39.630,1.36129,1.36138,2.30,1.50
2010.11.12 04:25:41.653,1.36134,1.36145,1.50,2.10
2010.11.12 04:25:45.489,1.36143,1.36152,4.50,3.20
2010.11.12 04:25:48.327,1.3615,1.3616,2.10,1.50
2010.11.12 04:25:56.286,1.36157,1.36168,1.50,3.40
2010.11.12 04:25:58.709,1.3616,1.36172,1.70,1.50
2010.11.12 04:26:00.123,1.36156,1.36163,1.50,1.50
2010.11.12 04:26:00.592,1.36154,1.36163,2.30,1.70
2010.11.12 04:26:01.984,1.36154,1.36161,1.30,2.30
2010.11.12 04:26:05.172,1.36151,1.36159,2.50,1.50
2010.11.12 04:26:09.145,1.36145,1.36154,2.30,1.50
2010.11.12 04:26:13.133,1.36142,1.36151,1.20,6.40
2010.11.12 04:26:16.240,1.36144,1.36152,1.50,2.90
2010.11.12 04:26:23.622,1.36152,1.36156,3.60,3.00
2010.11.12 04:26:24.826,1.36155,1.36165,4.50,4.20
2010.11.12 04:26:24.959,1.36165,1.36169,1.50,1.70
2010.11.12 04:26:27.622,1.36166,1.36176,3.80,3.20
2010.11.12 04:26:34.192,1.36169,1.3618,1.50,1.50
2010.11.12 04:26:34.420,1.36175,1.36181,1.70,3.00
2010.11.12 04:26:34.541,1.36177,1.36188,1.50,1.20
2010.11.12 04:26:36.849,1.36182,1.36192,4.40,1.50
2010.11.12 04:26:37.166,1.36188,1.36196,1.70,1.50
2010.11.12 04:26:37.610,1.36192,1.36196,1.50,3.60
2010.11.12 04:26:38.184,1.36187,1.36198,9.00,1.50
2010.11.12 04:26:39.557,1.36182,1.36193,1.50,1.50
2010.11.12 04:26:41.874,1.3618,1.36187,7.90,1.50
2010.11.12 04:26:44.835,1.36174,1.36185,2.50,2.30
2010.11.12 04:26:48.903,1.36174,1.36185,1.90,1.50
2010.11.12 04:26:52.225,1.36172,1.36183,15.00,1.90
2010.11.12 04:26:54.889,1.36175,1.36183,1.50,4.40
2010.11.12 04:26:56.235,1.36174,1.36186,3.00,2.50
2010.11.12 04:27:00.747,1.36177,1.36189,1.50,4.40
2010.11.12 04:27:08.403,1.36183,1.36193,2.30,5.50
2010.11.12 04:27:10.439,1.36187,1.36197,1.50,4.90
2010.11.12 04:27:12.523,1.36189,1.36196,1.50,3.80
2010.11.12 04:27:17.690,1.3618,1.36189,2.10,1.50
2010.11.12 04:27:19.955,1.3617,1.36178,1.90,1.50
2010.11.12 04:27:23.416,1.36161,1.36167,1.70,2.30
2010.11.12 04:27:26.266,1.36151,1.36157,2.30,1.50
2010.11.12 04:27:28.316,1.36142,1.36154,1.40,1.50
2010.11.12 04:27:30.369,1.36144,1.36151,2.50,4.50
2010.11.12 04:27:33.712,1.36145,1.36156,1.50,3.40
2010.11.12 04:27:36.404,1.3615,1.36161,1.50,1.40
2010.11.12 04:27:42.327,1.36158,1.36163,19.50,1.50
2010.11.12 04:27:48.494,1.36163,1.36168,2.10,4.50
2010.11.12 04:27:50.559,1.36164,1.36172,1.70,3.00
2010.11.12 04:28:04.267,1.3617,1.36178,9.50,1.50
2010.11.12 04:28:07.108,1.36159,1.36169,1.50,3.40
2010.11.12 04:28:13.796,1.3615,1.36159,1.50,3.60
2010.11.12 04:28:16.841,1.36146,1.36154,2.10,3.00
2010.11.12 04:28:18.939,1.36152,1.36161,1.90,3.80
2010.11.12 04:28:21.453,1.36162,1.3617,2.30,2.90
2010.11.12 04:28:29.876,1.36173,1.3618,2.30,1.70
2010.11.12 04:28:39.460,1.36182,1.36189,1.50,1.90
2010.11.12 04:28:42.548,1.36187,1.36196,1.70,1.50
2010.11.12 04:28:45.158,1.36183,1.36193,1.50,4.50
2010.11.12 04:28:45.819,1.3618,1.36184,1.90,1.50
2010.11.12 04:28:46.468,1.36175,1.36181,3.80,4.50
2010.11.12 04:28:46.704,1.36171,1.36177,1.20,1.50
2010.11.12 04:28:48.027,1.36166,1.36178,2.30,1.70
2010.11.12 04:28:50.664,1.36165,1.36177,2.70,2.30
2010.11.12 04:29:07.363,1.36187,1.36197,1.70,3.00
2010.11.12 04:29:12.179,1.36187,1.36199,2.30,2.30
2010.11.12 04:29:15.312,1.36181,1.36189,3.80,1.90
2010.11.12 04:29:17.952,1.36163,1.36172,1.50,2.50
2010.11.12 04:29:20.462,1.36157,1.36165,1.20,5.70
2010.11.12 04:29:47.382,1.36165,1.36176,1.50,4.20
2010.11.12 04:29:57.611,1.36173,1.36185,2.30,5.50
2010.11.12 04:30:21.335,1.36187,1.36197,2.50,1.50
2010.11.12 04:30:21.568,1.36189,1.36197,1.50,1.50
2010.11.12 04:30:32.728,1.36182,1.36194,1.90,1.50
2010.11.12 04:30:39.782,1.36168,1.36177,1.50,3.20
2010.11.12 04:30:46.798,1.36157,1.36167,7.70,2.30
2010.11.12 04:30:47.205,1.3616,1.36165,2.90,1.50
2010.11.12 04:30:50.921,1.36165,1.36172,3.40,1.50
2010.11.12 04:30:53.015,1.3617,1.36178,7.70,2.30
2010.11.12 04:30:55.345,1.36173,1.36181,1.50,1.70
2010.11.12 04:31:04.752,1.3618,1.36189,2.50,2.50
2010.11.12 04:31:06.835,1.36189,1.36194,4.90,2.50
2010.11.12 04:31:10.183,1.36193,1.36205,2.90,1.50
2010.11.12 04:31:15.131,1.36203,1.36211,2.50,1.50
2010.11.12 04:31:18.734,1.36202,1.3621,5.10,2.30
2010.11.12 04:31:24.956,1.36186,1.36195,28.80,1.20
2010.11.12 04:31:27.846,1.36168,1.36179,1.20,1.90
2010.11.12 04:31:30.300,1.36158,1.3617,1.20,1.50
2010.11.12 04:31:35.085,1.36161,1.36171,3.00,1.50
2010.11.12 04:31:39.533,1.36168,1.36177,1.50,6.60
2010.11.12 04:31:43.664,1.36176,1.36184,1.70,2.30
2010.11.12 04:31:54.476,1.3618,1.36189,1.50,1.50
2010.11.12 04:31:56.914,1.36183,1.36191,1.50,3.80
2010.11.12 04:32:18.955,1.36185,1.36195,1.50,7.00
2010.11.12 04:32:25.128,1.36175,1.36185,2.50,1.50
2010.11.12 04:32:37.378,1.3618,1.36189,1.70,3.20
2010.11.12 04:32:45.338,1.36202,1.36212,1.50,7.30
2010.11.12 04:32:47.626,1.3622,1.36228,1.50,1.70
2010.11.12 04:32:50.559,1.36221,1.36231,1.50,1.70
2010.11.12 04:32:52.944,1.36217,1.36229,3.60,3.60
2010.11.12 04:32:55.036,1.36217,1.36221,1.50,1.70
2010.11.12 04:32:55.830,1.36209,1.3622,1.70,3.40
2010.11.12 04:32:55.953,1.36208,1.36216,1.70,1.50
2010.11.12 04:33:01.305,1.36204,1.36212,3.80,1.40
2010.11.12 04:33:04.409,1.362,1.36208,4.40,4.40
2010.11.12 04:33:06.894,1.36195,1.36203,5.90,1.50
2010.11.12 04:33:11.246,1.3619,1.36197,1.70,1.50
2010.11.12 04:33:17.778,1.36183,1.3619,4.50,2.50
2010.11.12 04:33:19.980,1.36173,1.36183,2.50,2.80
2010.11.12 04:33:22.665,1.36169,1.36175,3.40,2.10
2010.11.12 04:33:27.308,1.36164,1.36172,1.50,1.90
2010.11.12 04:33:31.005,1.36168,1.36176,1.50,1.70
2010.11.12 04:33:33.412,1.36175,1.36182,4.70,6.80
2010.11.12 04:33:36.661,1.36184,1.36189,3.00,1.50
2010.11.12 04:33:38.712,1.3619,1.36198,1.50,1.50
2010.11.12 04:33:40.940,1.36197,1.36208,1.90,28.20
2010.11.12 04:33:43.012,1.36207,1.36212,2.30,2.70
2010.11.12 04:33:43.132,1.3621,1.36214,3.20,1.50
2010.11.12 04:33:44.146,1.36205,1.36213,3.00,3.00
2010.11.12 04:33:46.500,1.36199,1.36206,2.60,1.50
2010.11.12 04:33:48.703,1.36192,1.36199,1.20,5.30
2010.11.12 04:33:50.762,1.36189,1.36193,3.20,1.70
2010.11.12 04:33:51.917,1.36183,1.36192,2.40,1.90
2010.11.12 04:33:56.211,1.3618,1.36187,1.50,2.30
2010.11.12 04:33:56.332,1.36178,1.36187,6.60,1.50
2010.11.12 04:33:59.384,1.36177,1.36187,1.50,3.80
2010.11.12 04:33:59.624,1.36178,1.36183,1.50,8.90
2010.11.12 04:34:04.325,1.36194,1.362,1.50,2.50
2010.11.12 04:34:06.371,1.36203,1.36208,3.80,4.50
2010.11.12 04:34:08.483,1.36213,1.36221,1.50,1.70
2010.11.12 04:34:10.534,1.36222,1.36231,2.30,3.10
2010.11.12 04:34:10.978,1.36219,1.36229,1.50,1.70
2010.11.12 04:34:13.203,1.36203,1.36213,2.50,4.50
2010.11.12 04:34:15.255,1.36185,1.36197,1.50,1.40
2010.11.12 04:34:17.876,1.36179,1.36188,1.50,7.00
2010.11.12 04:34:19.970,1.36184,1.3619,1.50,1.50
2010.11.12 04:34:21.042,1.36189,1.36199,2.30,1.50
2010.11.12 04:34:23.062,1.36197,1.36207,1.20,1.50
2010.11.12 04:34:28.252,1.36203,1.36209,1.50,3.40
2010.11.12 04:34:30.308,1.36205,1.36213,5.70,1.70
2010.11.12 04:34:44.823,1.36207,1.36215,1.50,4.20
2010.11.12 04:34:57.384,1.36206,1.36217,1.50,6.80
2010.11.12 04:34:59.136,1.36205,1.36216,5.70,1.70
2010.11.12 04:35:05.966,1.36199,1.36207,1.90,1.50
2010.11.12 04:35:06.206,1.3619,1.36199,1.20,4.50
2010.11.12 04:35:06.330,1.36182,1.36186,1.50,2.70
2010.11.12 04:35:15.538,1.36178,1.36185,1.90,5.50
2010.11.12 04:35:16.325,1.36185,1.36191,3.00,1.20
2010.11.12 04:35:16.471,1.36194,1.362,1.50,1.50
2010.11.12 04:35:23.140,1.36203,1.36212,4.50,6.00
2010.11.12 04:35:26.550,1.36213,1.36222,1.50,1.70
2010.11.12 04:35:31.126,1.36216,1.36228,2.50,2.30
2010.11.12 04:35:33.157,1.36216,1.36223,2.50,1.50
2010.11.12 04:35:38.116,1.36211,1.36221,1.50,5.70
2010.11.12 04:35:45.730,1.36209,1.36216,1.50,2.70
2010.11.12 04:35:47.991,1.36206,1.36216,3.00,1.90
2010.11.12 04:35:57.688,1.36207,1.36213,2.60,2.70
2010.11.12 04:35:59.979,1.36204,1.36216,2.50,4.40
2010.11.12 04:36:02.541,1.36201,1.36205,3.40,1.50
2010.11.12 04:36:06.090,1.36188,1.362,2.30,1.70
2010.11.12 04:36:15.583,1.36179,1.36189,1.50,3.20
2010.11.12 04:36:17.788,1.36174,1.36186,1.20,5.30
2010.11.12 04:36:18.788,1.36183,1.36191,2.50,1.90
2010.11.12 04:36:22.167,1.36191,1.362,4.70,14.10
2010.11.12 04:36:25.008,1.36203,1.36211,2.50,1.50
2010.11.12 04:36:27.290,1.36211,1.36222,1.70,1.50
2010.11.12 04:36:45.698,1.36215,1.36225,4.00,1.70
2010.11.12 04:36:49.099,1.36208,1.36218,5.30,1.20
2010.11.12 04:36:52.546,1.36199,1.36208,1.50,2.10
2010.11.12 04:36:55.176,1.36189,1.36199,2.10,2.10
2010.11.12 04:36:59.398,1.36182,1.36192,2.50,1.50
2010.11.12 04:37:02.318,1.36192,1.36202,1.50,3.20
2010.11.12 04:37:03.420,1.362,1.36211,15.60,1.50
2010.11.12 04:37:06.993,1.36193,1.36205,1.20,1.50
2010.11.12 04:37:22.941,1.36176,1.36186,3.40,1.50
2010.11.12 04:37:35.281,1.36165,1.3617,2.50,6.80
2010.11.12 04:37:47.722,1.36166,1.36178,4.40,1.50
2010.11.12 04:37:53.842,1.36174,1.36184,3.80,1.50
2010.11.12 04:37:55.901,1.36182,1.36186,1.50,1.90
2010.11.12 04:38:10.046,1.36198,1.36202,1.90,2.30
2010.11.12 04:38:21.037,1.36205,1.36217,3.40,2.30
2010.11.12 04:38:23.113,1.36205,1.36209,3.40,1.90
2010.11.12 04:38:24.725,1.36184,1.36194,1.50,1.70
2010.11.12 04:38:41.874,1.36172,1.36179,3.60,1.50
2010.11.12 04:38:50.147,1.36173,1.36182,2.30,3.80
2010.11.12 04:38:53.043,1.3618,1.36189,1.50,1.50
2010.11.12 04:38:56.294,1.36186,1.36197,1.50,1.50
2010.11.12 04:38:59.108,1.36192,1.36199,2.10,3.00
2010.11.12 04:39:02.080,1.36209,1.36213,1.90,2.50
2010.11.12 04:39:05.658,1.36208,1.36218,4.70,5.70
2010.11.12 04:39:07.880,1.36211,1.36218,3.00,1.50
2010.11.12 04:39:08.807,1.36216,1.36225,1.40,1.50
2010.11.12 04:39:14.251,1.36221,1.36226,1.50,1.50
2010.11.12 04:39:16.931,1.36219,1.36225,1.20,2.90
2010.11.12 04:39:23.004,1.36212,1.36217,1.90,2.90
2010.11.12 04:39:28.501,1.362,1.36209,1.50,2.30
2010.11.12 04:39:31.120,1.36189,1.36199,2.50,2.70
2010.11.12 04:39:41.636,1.36182,1.36186,3.00,1.40
2010.11.12 04:39:43.641,1.36176,1.36182,1.70,2.30
2010.11.12 04:39:45.203,1.36176,1.36187,5.70,1.50
2010.11.12 04:39:45.637,1.36183,1.36189,1.70,1.50
2010.11.12 04:39:46.728,1.36185,1.36196,3.40,3.40
2010.11.12 04:39:50.628,1.3619,1.36198,1.50,2.30
2010.11.12 04:39:51.887,1.36189,1.36199,2.70,2.90
2010.11.12 04:39:54.165,1.36191,1.36199,1.20,8.30
2010.11.12 04:39:54.744,1.3619,1.36198,1.70,2.30
2010.11.12 04:39:56.851,1.36186,1.36198,1.50,1.70
2010.11.12 04:39:58.966,1.36189,1.36195,2.50,1.90
2010.11.12 04:40:01.847,1.36176,1.36188,1.50,1.70
2010.11.12 04:40:02.247,1.36182,1.36187,1.50,5.90
2010.11.12 04:40:04.754,1.36181,1.3619,1.50,4.40
2010.11.12 04:40:04.997,1.36183,1.36188,2.50,1.50
2010.11.12 04:40:07.963,1.36183,1.36189,6.00,1.50
2010.11.12 04:40:09.949,1.36182,1.36186,4.40,1.50
2010.11.12 04:40:10.068,1.36178,1.36187,1.20,21.60
2010.11.12 04:40:10.304,1.36174,1.36183,1.50,4.40
2010.11.12 04:40:12.139,1.36169,1.36178,1.50,7.50
2010.11.12 04:40:14.138,1.36167,1.36171,1.50,1.50
2010.11.12 04:40:14.258,1.36163,1.36167,4.70,1.50
2010.11.12 04:40:16.169,1.3616,1.3617,5.30,1.70
2010.11.12 04:40:16.285,1.36168,1.36174,1.70,1.50
2010.11.12 04:40:16.417,1.36172,1.3618,2.30,1.70
2010.11.12 04:40:17.681,1.36177,1.36185,1.50,1.70
2010.11.12 04:40:20.161,1.36176,1.36187,1.50,1.50
2010.11.12 04:40:21.355,1.3618,1.36186,1.50,4.70
2010.11.12 04:40:21.479,1.36181,1.36188,3.80,1.50
2010.11.12 04:40:25.071,1.36181,1.36192,2.90,6.00
2010.11.12 04:40:27.591,1.36182,1.36193,1.50,2.70
2010.11.12 04:40:28.912,1.36184,1.36193,1.50,6.00
2010.11.12 04:40:29.309,1.36188,1.36192,5.70,2.50
2010.11.12 04:40:33.566,1.36187,1.36196,1.20,3.40
2010.11.12 04:40:34.581,1.36191,1.36202,3.80,1.50
2010.11.12 04:40:36.942,1.36196,1.36207,1.50,1.90
2010.11.12 04:40:39.109,1.36201,1.36211,2.50,2.50
2010.11.12 04:40:40.027,1.36209,1.36213,1.90,1.50
2010.11.12 04:40:41.430,1.36209,1.3622,1.20,1.50
2010.11.12 04:40:42.730,1.36208,1.3622,2.40,1.50
2010.11.12 04:40:44.620,1.36204,1.36211,2.90,4.50
2010.11.12 04:40:47.077,1.36196,1.36203,1.40,7.90
2010.11.12 04:40:49.179,1.3619,1.36198,1.90,3.80
2010.11.12 04:40:49.647,1.36188,1.36192,4.20,1.50
2010.11.12 04:40:51.544,1.36184,1.36195,3.80,6.00
2010.11.12 04:40:52.420,1.36184,1.36192,4.20,2.90
2010.11.12 04:40:52.650,1.36188,1.36192,2.10,1.50
2010.11.12 04:40:52.962,1.36187,1.36196,1.50,1.50
2010.11.12 04:40:53.317,1.36189,1.36196,2.10,1.50
2010.11.12 04:40:57.301,1.36191,1.36199,1.70,1.50
2010.11.12 04:40:59.382,1.36194,1.36202,37.50,3.80
2010.11.12 04:41:02.318,1.36188,1.36198,2.70,4.20
2010.11.12 04:41:04.455,1.36179,1.36188,1.90,1.50
2010.11.12 04:41:04.572,1.36169,1.36175,1.50,2.70
2010.11.12 04:41:05.119,1.36157,1.36168,3.20,1.90
2010.11.12 04:41:05.810,1.36152,1.36164,4.20,2.30
2010.11.12 04:41:08.651,1.36155,1.36166,2.30,3.60
2010.11.12 04:41:11.286,1.36161,1.36169,1.50,2.90
2010.11.12 04:41:12.135,1.36168,1.36175,2.30,1.90
2010.11.12 04:41:20.192,1.36175,1.36184,1.30,1.70
2010.11.12 04:41:23.949,1.36184,1.36193,1.90,17.50
2010.11.12 04:41:24.449,1.36194,1.36201,2.50,4.70
2010.11.12 04:41:34.979,1.36198,1.36205,1.40,5.70
2010.11.12 04:41:35.109,1.36191,1.36203,7.90,4.50
2010.11.12 04:41:35.421,1.36188,1.36195,4.40,31.40
2010.11.12 04:41:39.136,1.36183,1.36192,1.80,1.50
2010.11.12 04:41:42.412,1.36179,1.36187,2.50,1.40
2010.11.12 04:41:45.231,1.36178,1.36187,3.40,1.50
2010.11.12 04:41:59.535,1.36177,1.36185,1.90,2.30
2010.11.12 04:42:02.158,1.36185,1.36195,10.90,4.80
2010.11.12 04:42:03.039,1.36197,1.36205,2.30,3.40
2010.11.12 04:42:04.137,1.36192,1.36204,1.90,1.50
2010.11.12 04:42:06.042,1.36175,1.36183,2.30,1.50
2010.11.12 04:42:12.746,1.36163,1.36171,1.70,1.50
2010.11.12 04:42:44.008,1.36162,1.36173,5.90,4.50
2010.11.12 04:42:44.268,1.3617,1.36181,2.50,4.20
2010.11.12 04:42:49.836,1.36178,1.36185,1.70,1.50
2010.11.12 04:42:58.713,1.36182,1.36188,4.90,1.70
2010.11.12 04:43:07.033,1.3617,1.3618,2.70,1.50
2010.11.12 04:43:11.499,1.36164,1.36173,4.70,1.20
2010.11.12 04:43:14.636,1.36156,1.36166,1.70,1.50
2010.11.12 04:43:17.334,1.3615,1.36155,11.70,1.70
2010.11.12 04:43:17.881,1.36153,1.36159,2.30,3.20
2010.11.12 04:43:23.786,1.36168,1.36178,1.50,2.50
2010.11.12 04:43:26.482,1.36189,1.36199,4.50,23.90
2010.11.12 04:43:37.690,1.36199,1.36211,1.50,1.90
2010.11.12 04:43:39.707,1.362,1.3621,2.90,1.50
2010.11.12 04:43:43.506,1.36196,1.36207,1.20,2.70
2010.11.12 04:43:45.617,1.36193,1.36203,2.10,3.00
2010.11.12 04:43:47.654,1.36195,1.36203,4.90,1.20
2010.11.12 04:43:48.301,1.36196,1.36204,1.50,2.40
2010.11.12 04:43:50.257,1.362,1.36208,1.30,2.30
2010.11.12 04:43:52.707,1.36203,1.36212,1.20,3.60
2010.11.12 04:44:05.325,1.36206,1.36215,1.50,2.30
2010.11.12 04:44:07.515,1.36215,1.36226,3.40,3.80
2010.11.12 04:44:16.518,1.36211,1.36221,2.30,1.50
2010.11.12 04:44:35.669,1.36187,1.36199,1.40,10.50
2010.11.12 04:44:40.543,1.36174,1.36184,15.30,1.70
2010.11.12 04:44:42.461,1.36177,1.36187,3.40,5.30
2010.11.12 04:44:44.885,1.36184,1.36195,1.50,1.50
2010.11.12 04:44:54.284,1.36193,1.36205,2.10,1.40
2010.11.12 04:44:56.989,1.36198,1.3621,1.50,1.90
2010.11.12 04:45:10.035,1.362,1.36211,1.50,2.70
2010.11.12 04:45:14.101,1.36193,1.36204,2.10,3.80
2010.11.12 04:45:14.336,1.36187,1.36194,1.50,1.50
2010.11.12 04:45:14.771,1.36174,1.36186,6.60,1.50
2010.11.12 04:45:16.782,1.36167,1.36175,3.00,3.00
2010.11.12 04:45:20.820,1.36166,1.36173,1.50,2.50
2010.11.12 04:45:25.200,1.36172,1.36177,3.60,3.00
2010.11.12 04:45:25.489,1.36179,1.36186,6.50,1.50
2010.11.12 04:45:27.901,1.36185,1.36197,2.30,1.70
2010.11.12 04:45:28.343,1.36196,1.362,1.50,1.70
2010.11.12 04:45:30.685,1.36206,1.36211,7.70,1.50
2010.11.12 04:45:31.653,1.36214,1.36222,1.50,1.20
2010.11.12 04:45:34.852,1.36215,1.36225,1.50,3.60
2010.11.12 04:45:39.553,1.3621,1.36222,4.30,4.50
2010.11.12 04:45:43.113,1.36205,1.36212,3.40,1.90
2010.11.12 04:45:46.844,1.36196,1.36207,2.90,3.00
2010.11.12 04:45:50.688,1.36192,1.36202,3.40,2.30
2010.11.12 04:45:53.251,1.36189,1.36198,1.50,1.70
2010.11.12 04:45:53.370,1.36188,1.36196,2.10,1.50
2010.11.12 04:45:53.981,1.36186,1.36195,45.40,1.50
2010.11.12 04:45:54.093,1.36188,1.36193,3.60,1.50
2010.11.12 04:46:03.253,1.36192,1.36202,1.90,2.70
2010.11.12 04:46:25.768,1.36203,1.36214,1.50,1.50
2010.11.12 04:46:26.111,1.36215,1.3622,2.70,1.50
2010.11.12 04:46:28.181,1.36214,1.36224,1.50,2.90
2010.11.12 04:46:31.256,1.36206,1.36214,2.30,2.30
2010.11.12 04:46:35.247,1.36195,1.36205,3.40,1.50
2010.11.12 04:46:38.177,1.36184,1.36196,1.50,1.20
2010.11.12 04:46:41.597,1.36177,1.36187,1.70,1.50
2010.11.12 04:46:41.937,1.36176,1.36183,3.00,1.70
2010.11.12 04:46:48.077,1.36181,1.36187,3.40,3.60
2010.11.12 04:46:52.226,1.36188,1.36196,3.40,1.70
2010.11.12 04:46:58.730,1.36191,1.362,1.50,4.90
2010.11.12 04:47:06.941,1.36186,1.36194,1.50,4.50
2010.11.12 04:47:09.155,1.36176,1.36182,2.30,1.70
2010.11.12 04:47:09.377,1.36175,1.36185,1.50,2.70
2010.11.12 04:47:11.464,1.3619,1.36201,2.70,1.50
2010.11.12 04:47:18.445,1.36201,1.36213,5.50,1.50
2010.11.12 04:47:39.318,1.36204,1.36214,1.50,1.90
2010.11.12 04:47:44.176,1.36201,1.36211,2.30,5.50
2010.11.12 04:47:52.386,1.36199,1.36207,3.00,1.70
2010.11.12 04:47:54.445,1.36197,1.36208,2.50,3.20
2010.11.12 04:47:58.052,1.36196,1.36206,1.50,1.70
2010.11.12 04:48:02.939,1.36153,1.36163,2.70,2.00
2010.11.12 04:48:09.630,1.36152,1.3616,1.50,2.70
2010.11.12 04:48:10.365,1.36146,1.36155,3.00,1.50
2010.11.12 04:48:14.390,1.36145,1.36152,2.10,2.70
2010.11.12 04:48:19.615,1.36146,1.36156,3.00,5.70
2010.11.12 04:48:33.934,1.36157,1.36168,3.20,3.20
2010.11.12 04:48:40.251,1.36172,1.36182,1.50,2.30
2010.11.12 04:48:42.491,1.36187,1.36197,2.70,1.50
2010.11.12 04:48:45.047,1.36196,1.36202,1.50,2.30
2010.11.12 04:48:52.396,1.36193,1.362,3.60,1.50
2010.11.12 04:48:52.820,1.3619,1.36194,2.50,1.50
2010.11.12 04:48:56.288,1.36182,1.36194,3.80,6.00
2010.11.12 04:48:56.700,1.36181,1.36188,1.70,13.40
2010.11.12 04:48:59.438,1.36177,1.36187,4.00,1.50
2010.11.12 04:49:01.489,1.36169,1.36176,4.00,2.30
2010.11.12 04:49:01.971,1.36158,1.36171,3.80,9.60
2010.11.12 04:49:05.592,1.36148,1.36159,2.90,6.00
2010.11.12 04:49:07.663,1.3614,1.36149,2.70,3.40
2010.11.12 04:49:07.994,1.36141,1.36145,1.50,1.20
2010.11.12 04:49:08.668,1.36147,1.36158,1.50,12.10
2010.11.12 04:49:13.442,1.3616,1.36172,2.30,2.50
2010.11.12 04:49:16.235,1.36178,1.36186,1.50,3.60
2010.11.12 04:49:17.172,1.36185,1.36195,1.50,1.50
2010.11.12 04:49:24.052,1.36185,1.36196,1.70,3.00
2010.11.12 04:49:30.623,1.36182,1.36192,1.50,3.60
2010.11.12 04:49:35.448,1.3618,1.36185,1.50,2.50
2010.11.12 04:49:37.979,1.36178,1.36185,2.60,2.30
2010.11.12 04:49:56.893,1.36176,1.36185,1.50,4.40
2010.11.12 04:50:00.145,1.36172,1.36182,1.70,1.50
2010.11.12 04:50:02.401,1.36169,1.36178,2.90,3.80
2010.11.12 04:50:03.013,1.36166,1.36177,2.30,1.70
2010.11.12 04:50:03.361,1.36167,1.36173,2.70,2.90
2010.11.12 04:50:03.782,1.3617,1.36174,1.50,2.50
2010.11.12 04:50:05.558,1.36172,1.36183,5.50,1.50
2010.11.12 04:50:07.561,1.36176,1.36187,1.50,4.00
2010.11.12 04:50:07.798,1.36179,1.36188,1.50,1.90
2010.11.12 04:50:12.984,1.36174,1.36184,1.50,4.90
2010.11.12 04:50:15.911,1.36169,1.36175,1.50,3.60
2010.11.12 04:50:16.037,1.3616,1.3617,1.50,1.20
2010.11.12 04:50:18.518,1.36157,1.36164,3.80,2.30
2010.11.12 04:50:21.245,1.36151,1.36162,1.50,1.90
2010.11.12 04:50:22.027,1.36144,1.36153,1.90,1.80
2010.11.12 04:50:24.737,1.36136,1.36143,1.50,2.10
2010.11.12 04:50:26.806,1.36126,1.36137,2.30,2.30
2010.11.12 04:50:29.041,1.36122,1.36134,1.20,2.70
2010.11.12 04:50:31.035,1.36125,1.36136,2.30,2.50
2010.11.12 04:50:31.498,1.36132,1.36142,3.00,5.10
2010.11.12 04:50:35.519,1.36137,1.36148,1.50,3.40
2010.11.12 04:50:36.004,1.36142,1.36153,3.80,1.50
2010.11.12 04:50:54.364,1.36147,1.36157,3.40,1.90
2010.11.12 04:50:56.375,1.36153,1.36159,1.50,4.70
2010.11.12 04:51:09.491,1.36127,1.36139,1.50,1.90
2010.11.12 04:51:11.240,1.3612,1.3613,1.50,1.50
2010.11.12 04:51:14.475,1.36123,1.36135,1.70,1.50
2010.11.12 04:51:20.869,1.36138,1.3615,2.10,1.50
2010.11.12 04:51:24.134,1.3615,1.36164,1.50,2.50
2010.11.12 04:51:25.742,1.36152,1.36162,9.80,3.40
2010.11.12 04:51:31.068,1.36152,1.36158,1.70,1.50
2010.11.12 04:51:51.132,1.36145,1.36155,1.50,1.50
2010.11.12 04:51:51.490,1.36144,1.36149,4.90,2.30
2010.11.12 04:51:51.875,1.36137,1.36148,1.50,1.70
2010.11.12 04:51:52.662,1.36133,1.36151,1.50,1.50
2010.11.12 04:52:19.857,1.36136,1.36148,3.00,1.50
2010.11.12 04:52:27.382,1.3615,1.36161,3.00,5.30
2010.11.12 04:52:33.413,1.36147,1.36159,4.50,3.80
2010.11.12 04:52:33.550,1.36131,1.36135,4.50,32.60
2010.11.12 04:52:38.722,1.36115,1.36123,1.70,12.40
2010.11.12 04:52:42.052,1.36115,1.36126,1.50,1.20
2010.11.12 04:52:49.977,1.36124,1.36133,1.50,2.10
2010.11.12 04:52:50.869,1.36132,1.36143,1.80,2.70
2010.11.12 04:52:52.899,1.36139,1.36147,6.20,1.50
2010.11.12 04:53:00.946,1.36142,1.36154,2.80,1.50
2010.11.12 04:53:05.618,1.36129,1.36141,2.30,2.50
2010.11.12 04:53:13.727,1.36132,1.3614,2.10,3.40
2010.11.12 04:53:18.451,1.36152,1.36162,4.50,2.90
2010.11.12 04:53:20.581,1.36169,1.36179,3.80,6.60
2010.11.12 04:53:23.896,1.36173,1.3618,2.10,2.50
2010.11.12 04:53:33.490,1.3617,1.36179,1.50,1.50
2010.11.12 04:53:39.827,1.36168,1.36176,1.20,1.90
2010.11.12 04:54:00.536,1.36177,1.36188,2.30,2.10
2010.11.12 04:54:15.825,1.36183,1.36193,3.40,1.50
2010.11.12 04:54:20.268,1.36191,1.36198,1.50,5.30
2010.11.12 04:54:24.864,1.36197,1.36203,1.90,3.50
2010.11.12 04:54:29.005,1.36189,1.36195,2.10,1.90
2010.11.12 04:54:29.228,1.36161,1.36177,1.50,1.50
2010.11.12 04:54:33.776,1.36138,1.36147,1.50,2.50
2010.11.12 04:54:38.829,1.36125,1.36132,1.50,1.50
2010.11.12 04:54:40.877,1.36127,1.36136,3.80,5.30
2010.11.12 04:54:45.478,1.36136,1.36143,4.20,5.50
2010.11.12 04:54:47.905,1.36147,1.36153,2.90,3.80
2010.11.12 04:54:50.733,1.36155,1.36163,2.70,1.90
2010.11.12 04:54:54.722,1.36161,1.36167,3.40,1.50
2010.11.12 04:55:00.931,1.36163,1.36171,3.80,3.40
2010.11.12 04:55:03.542,1.36158,1.36167,2.70,1.50
2010.11.12 04:55:05.411,1.36155,1.36159,2.30,1.90
2010.11.12 04:55:08.854,1.36148,1.36157,1.50,2.30
2010.11.12 04:55:13.151,1.36143,1.36152,1.50,2.50
2010.11.12 04:55:16.952,1.36141,1.36149,1.50,2.90
2010.11.12 04:55:19.164,1.36144,1.36152,1.50,2.70
2010.11.12 04:55:21.364,1.36148,1.36157,3.00,4.00
2010.11.12 04:55:24.802,1.36157,1.36165,1.70,7.50
2010.11.12 04:55:27.191,1.36165,1.36172,1.70,2.30
2010.11.12 04:55:31.942,1.36174,1.36183,10.20,4.70
2010.11.12 04:55:40.872,1.36177,1.36185,3.00,1.50
2010.11.12 04:55:43.890,1.36176,1.36182,6.60,3.10
2010.11.12 04:55:47.008,1.36171,1.36181,1.20,6.40
2010.11.12 04:55:50.899,1.36169,1.36175,1.40,4.20
2010.11.12 04:55:53.135,1.36167,1.36173,2.30,1.50
2010.11.12 04:55:54.372,1.36163,1.36174,2.90,1.50
2010.11.12 04:55:57.235,1.36164,1.36175,1.50,26.10
2010.11.12 04:55:59.260,1.36166,1.36174,3.80,1.20
2010.11.12 04:55:59.436,1.36166,1.36173,1.90,1.50
2010.11.12 04:56:05.690,1.36153,1.3616,4.50,2.70
2010.11.12 04:56:13.874,1.36161,1.36169,1.50,1.50
2010.11.12 04:56:14.336,1.36158,1.36169,1.70,1.50
2010.11.12 04:56:21.244,1.36147,1.36157,1.50,2.50
2010.11.12 04:56:33.526,1.36139,1.36149,1.50,1.50
2010.11.12 04:56:34.722,1.36145,1.36154,13.50,1.40
2010.11.12 04:56:41.764,1.36149,1.36158,65.40,4.20
2010.11.12 04:57:03.987,1.36139,1.36149,1.50,1.50
2010.11.12 04:57:12.797,1.36144,1.36156,1.50,14.70
2010.11.12 04:57:16.257,1.36153,1.36163,1.50,1.50
2010.11.12 04:57:16.487,1.36163,1.3617,5.10,2.30
2010.11.12 04:57:23.519,1.36169,1.36179,1.50,4.00
2010.11.12 04:57:26.236,1.36175,1.36185,2.50,1.50
2010.11.12 04:57:26.608,1.36175,1.36183,1.50,1.40
2010.11.12 04:57:29.321,1.36166,1.36176,4.20,1.50
2010.11.12 04:57:34.888,1.36153,1.36163,1.30,1.50
2010.11.12 04:57:35.453,1.36142,1.36151,1.70,1.50
2010.11.12 04:57:38.250,1.36135,1.36142,2.90,3.80
2010.11.12 04:57:40.924,1.36136,1.36147,1.50,4.20
2010.11.12 04:57:44.186,1.36142,1.3615,2.30,3.20
2010.11.12 04:57:47.548,1.36148,1.36157,2.30,3.40
2010.11.12 04:57:49.657,1.36151,1.36162,3.60,1.50
2010.11.12 04:57:51.717,1.36158,1.36164,4.50,1.50
2010.11.12 04:57:59.045,1.3616,1.36169,1.20,1.50
2010.11.12 04:57:59.279,1.36166,1.3617,5.90,5.90
2010.11.12 04:57:59.402,1.36167,1.36171,2.70,2.30
2010.11.12 04:58:02.137,1.36154,1.36164,1.50,2.10
2010.11.12 04:58:05.402,1.36153,1.3616,1.70,1.90
2010.11.12 04:58:07.582,1.36149,1.36161,1.50,1.70
2010.11.12 04:58:12.278,1.36145,1.36156,3.20,1.50
2010.11.12 04:58:14.587,1.36139,1.3615,1.50,2.70
2010.11.12 04:58:20.715,1.36134,1.36143,7.40,1.50
2010.11.12 04:58:22.747,1.36136,1.3614,2.50,4.50
2010.11.12 04:58:24.997,1.3614,1.3615,2.30,1.40
2010.11.12 04:58:29.341,1.36152,1.36159,1.90,1.50
2010.11.12 04:58:37.017,1.36162,1.3617,1.90,1.90
2010.11.12 04:58:45.387,1.36171,1.36181,1.40,3.20
2010.11.12 04:58:46.990,1.36175,1.36185,3.20,1.90
2010.11.12 04:58:47.600,1.3617,1.36179,1.50,1.70
2010.11.12 04:58:48.375,1.36164,1.36172,1.50,3.40
2010.11.12 04:58:51.526,1.36157,1.36164,11.30,1.20
2010.11.12 04:58:51.753,1.36148,1.36159,8.50,1.20
2010.11.12 04:58:52.178,1.36146,1.36151,1.50,1.70
2010.11.12 04:58:55.676,1.3614,1.3615,2.30,1.90
2010.11.12 04:58:57.456,1.36139,1.36146,1.50,2.50
2010.11.12 04:59:00.913,1.36138,1.36148,1.50,4.20
2010.11.12 04:59:08.171,1.36145,1.36149,6.80,1.70
2010.11.12 04:59:12.263,1.36147,1.36159,1.50,1.40
2010.11.12 04:59:14.771,1.36155,1.36166,4.60,5.30
2010.11.12 04:59:16.793,1.36162,1.36174,1.90,1.40
2010.11.12 04:59:18.982,1.36173,1.36183,3.00,1.90
2010.11.12 04:59:26.292,1.36178,1.36186,3.00,2.90
2010.11.12 04:59:28.322,1.36177,1.36184,3.40,3.80
2010.11.12 04:59:33.140,1.3617,1.3618,6.70,1.50
2010.11.12 04:59:37.031,1.36162,1.36171,1.50,8.30
2010.11.12 04:59:42.239,1.36152,1.36161,6.80,5.90
2010.11.12 04:59:46.054,1.36138,1.3615,2.90,3.40
2010.11.12 04:59:49.013,1.36134,1.36146,3.60,1.50
2010.11.12 04:59:49.349,1.36137,1.36148,1.50,1.50
2010.11.12 04:59:49.476,1.36144,1.36152,1.20,1.90
2010.11.12 04:59:51.730,1.36147,1.36156,4.70,1.50
2010.11.12 04:59:51.952,1.3615,1.36162,2.70,3.80
2010.11.12 04:59:53.012,1.36155,1.36161,1.50,4.00
2010.11.12 04:59:55.905,1.36155,1.36163,1.50,1.50
