2018.02.27 11:00:01.304,1.23276,1.23279,2.32,1.50
2018.02.27 11:00:01.610,1.23272,1.23275,1.12,5.89
2018.02.27 11:00:02.127,1.23272,1.23275,2.81,1.50
2018.02.27 11:00:02.436,1.23271,1.23274,3.00,1.12
2018.02.27 11:00:03.597,1.23272,1.23275,1.25,3.75
2018.02.27 11:00:04.130,1.23272,1.23276,1.31,5.14
2018.02.27 11:00:05.429,1.23272,1.23276,1.31,2.14
2018.02.27 11:00:06.763,1.23272,1.23273,2.25,1.50
2018.02.27 11:00:06.987,1.2327,1.23272,1.00,1.50
2018.02.27 11:00:07.039,1.23268,1.23271,2.62,1.00
2018.02.27 11:00:07.565,1.23268,1.23272,4.16,2.44
2018.02.27 11:00:07.668,1.2327,1.23272,3.19,1.31
2018.02.27 11:00:07.982,1.23273,1.23274,2.62,1.00
2018.02.27 11:00:11.378,1.23273,1.23275,2.62,1.00
2018.02.27 11:00:19.278,1.23272,1.23274,1.00,1.25
2018.02.27 11:00:19.788,1.23272,1.23274,1.37,1.25
2018.02.27 11:00:20.110,1.23279,1.2328,2.62,1.00
2018.02.27 11:00:20.922,1.23279,1.23281,1.87,1.00
2018.02.27 11:00:21.446,1.23279,1.2328,2.25,1.00
2018.02.27 11:00:22.617,1.23279,1.2328,1.12,1.00
2018.02.27 11:00:23.140,1.2328,1.23281,1.00,1.00
2018.02.27 11:00:23.686,1.23279,1.23281,4.87,1.00
2018.02.27 11:00:23.791,1.23279,1.23282,3.75,1.50
2018.02.27 11:00:24.307,1.2328,1.23283,1.00,1.50
2018.02.27 11:00:24.909,1.2328,1.23282,3.56,1.25
2018.02.27 11:00:25.450,1.23281,1.23282,1.69,1.25
2018.02.27 11:00:26.338,1.23281,1.23282,1.00,1.25
2018.02.27 11:00:27.100,1.23283,1.23285,1.50,6.26
2018.02.27 11:00:27.462,1.23289,1.23291,6.37,1.00
2018.02.27 11:00:27.575,1.23289,1.23292,1.12,1.50
2018.02.27 11:00:28.110,1.2329,1.23292,1.00,1.50
2018.02.27 11:00:29.295,1.23288,1.23292,7.35,1.50
2018.02.27 11:00:29.499,1.23288,1.23292,6.75,2.06
2018.02.27 11:00:30.863,1.23289,1.23292,1.00,1.31
2018.02.27 11:00:31.453,1.23288,1.23292,8.70,1.50
2018.02.27 11:00:32.670,1.23288,1.23292,8.52,2.51
2018.02.27 11:00:40.137,1.23288,1.23291,1.62,2.25
2018.02.27 11:00:40.242,1.23287,1.23291,1.00,10.02
2018.02.27 11:00:40.295,1.23285,1.23289,3.75,8.81
2018.02.27 11:00:40.605,1.23281,1.23284,1.50,2.51
2018.02.27 11:00:41.123,1.23279,1.23282,1.12,3.37
2018.02.27 11:00:41.631,1.23279,1.23281,1.12,1.00
2018.02.27 11:00:42.136,1.23279,1.23282,1.12,1.87
2018.02.27 11:00:42.693,1.2328,1.23282,1.31,1.69
2018.02.27 11:00:43.502,1.2328,1.23282,1.19,1.69
2018.02.27 11:00:44.020,1.2328,1.23282,1.00,2.44
2018.02.27 11:00:45.696,1.2328,1.23283,7.31,1.31
2018.02.27 11:00:47.117,1.2328,1.23283,1.91,1.31
2018.02.27 11:00:47.174,1.23283,1.23285,1.69,2.89
2018.02.27 11:00:47.708,1.23284,1.23285,1.00,1.25
2018.02.27 11:00:48.246,1.23285,1.23286,1.12,1.25
2018.02.27 11:00:48.526,1.23285,1.23288,1.12,1.69
2018.02.27 11:00:49.210,1.23285,1.23288,2.25,1.00
2018.02.27 11:00:49.762,1.23285,1.23287,3.00,1.00
2018.02.27 11:00:50.310,1.23285,1.23287,1.00,1.25
2018.02.27 11:00:50.969,1.23285,1.23286,1.25,1.25
2018.02.27 11:00:51.021,1.23283,1.23286,1.50,3.45
2018.02.27 11:00:51.533,1.23284,1.23287,1.00,3.00
2018.02.27 11:00:52.249,1.23285,1.23287,1.00,1.25
2018.02.27 11:00:53.202,1.23285,1.23286,1.25,1.25
2018.02.27 11:00:53.733,1.23286,1.23288,2.62,1.25
2018.02.27 11:00:54.753,1.23287,1.23291,5.66,1.87
2018.02.27 11:00:54.806,1.23288,1.2329,4.35,1.25
2018.02.27 11:00:54.859,1.23289,1.23292,1.50,1.95
2018.02.27 11:00:55.317,1.23289,1.2329,1.00,1.00
2018.02.27 11:00:56.449,1.23289,1.23291,1.50,1.25
2018.02.27 11:00:56.954,1.23289,1.2329,1.25,1.25
2018.02.27 11:00:58.253,1.23289,1.23291,1.50,1.25
2018.02.27 11:01:00.479,1.23288,1.2329,4.69,1.25
2018.02.27 11:01:00.854,1.23287,1.2329,2.62,1.00
2018.02.27 11:01:01.488,1.23287,1.2329,1.19,1.01
2018.02.27 11:01:02.774,1.23287,1.2329,1.25,1.01
2018.02.27 11:01:04.770,1.23288,1.23291,1.00,3.19
2018.02.27 11:01:06.752,1.23288,1.23291,1.87,3.37
2018.02.27 11:01:07.360,1.23288,1.2329,1.50,1.00
2018.02.27 11:01:08.021,1.23288,1.23291,1.50,3.37
2018.02.27 11:01:09.774,1.23288,1.2329,1.50,1.00
2018.02.27 11:01:11.043,1.23288,1.23291,1.00,4.20
2018.02.27 11:01:11.549,1.2329,1.23291,1.00,1.00
2018.02.27 11:01:12.088,1.23289,1.23291,3.94,1.25
2018.02.27 11:01:12.398,1.23297,1.23299,11.10,1.56
2018.02.27 11:01:12.502,1.23299,1.23302,1.50,1.69
2018.02.27 11:01:13.028,1.23299,1.23302,1.50,2.06
2018.02.27 11:01:13.473,1.23301,1.23304,1.13,2.44
2018.02.27 11:01:13.812,1.23304,1.23306,1.00,2.25
2018.02.27 11:01:14.348,1.23303,1.23306,2.62,1.00
2018.02.27 11:01:14.864,1.23302,1.23305,1.50,1.50
2018.02.27 11:01:15.406,1.23301,1.23305,3.00,2.25
2018.02.27 11:01:15.713,1.23299,1.23303,6.72,3.00
2018.02.27 11:01:16.020,1.23297,1.23299,3.19,1.25
2018.02.27 11:01:17.044,1.23298,1.233,1.31,1.00
2018.02.27 11:01:17.567,1.23298,1.233,1.16,1.00
2018.02.27 11:01:21.123,1.23299,1.233,1.50,1.00
2018.02.27 11:01:28.396,1.23298,1.233,9.60,1.00
2018.02.27 11:01:30.422,1.23299,1.23301,1.72,1.00
2018.02.27 11:01:31.019,1.23298,1.233,3.97,1.00
2018.02.27 11:01:32.305,1.233,1.23302,1.12,2.32
2018.02.27 11:01:35.130,1.233,1.23303,2.25,5.62
2018.02.27 11:01:35.550,1.233,1.23301,3.75,1.25
2018.02.27 11:01:35.603,1.23301,1.23303,1.50,1.57
2018.02.27 11:01:36.332,1.233,1.23303,8.63,1.00
2018.02.27 11:01:36.990,1.23301,1.23303,1.12,1.00
2018.02.27 11:01:37.565,1.23301,1.23302,1.11,1.00
2018.02.27 11:01:37.826,1.23298,1.23301,4.50,2.25
2018.02.27 11:01:38.361,1.23297,1.233,1.87,2.25
2018.02.27 11:01:38.897,1.23297,1.23299,1.00,1.50
2018.02.27 11:01:39.676,1.23296,1.23299,2.62,1.00
2018.02.27 11:01:40.342,1.23297,1.23299,1.00,1.50
2018.02.27 11:01:41.171,1.23296,1.23299,2.62,1.00
2018.02.27 11:01:41.697,1.23297,1.23299,4.72,1.00
2018.02.27 11:01:42.315,1.23296,1.23298,2.25,1.00
2018.02.27 11:01:42.930,1.23296,1.23299,3.11,1.00
2018.02.27 11:01:43.748,1.23296,1.23299,1.87,1.12
2018.02.27 11:01:44.400,1.23297,1.233,1.25,3.04
2018.02.27 11:01:46.637,1.23296,1.23298,1.12,1.00
2018.02.27 11:01:47.512,1.23297,1.23298,1.00,1.00
2018.02.27 11:01:48.172,1.23296,1.23298,1.25,1.00
2018.02.27 11:01:50.628,1.23297,1.23298,1.00,1.00
2018.02.27 11:01:50.858,1.23297,1.233,4.39,1.91
2018.02.27 11:01:51.260,1.23296,1.23299,4.76,1.12
2018.02.27 11:01:51.765,1.23296,1.23299,2.81,3.64
2018.02.27 11:01:52.277,1.23296,1.23299,1.69,3.07
2018.02.27 11:01:52.835,1.23295,1.23299,6.52,3.26
2018.02.27 11:01:53.983,1.23298,1.23299,1.00,1.00
2018.02.27 11:01:54.330,1.233,1.23301,1.87,1.95
2018.02.27 11:01:54.384,1.233,1.23302,8.44,1.50
2018.02.27 11:01:54.695,1.23301,1.23303,9.90,1.00
2018.02.27 11:01:54.800,1.23303,1.23305,3.75,2.25
2018.02.27 11:01:55.073,1.23305,1.23306,1.50,1.69
2018.02.27 11:01:55.775,1.23304,1.23306,7.16,1.25
2018.02.27 11:01:56.467,1.23305,1.23306,1.00,1.25
2018.02.27 11:01:57.244,1.23304,1.23306,3.19,1.25
2018.02.27 11:01:57.754,1.23304,1.23305,2.74,1.50
2018.02.27 11:01:58.550,1.23304,1.23306,2.81,1.69
2018.02.27 11:01:58.653,1.23307,1.23308,4.87,1.00
2018.02.27 11:01:58.807,1.23305,1.23308,1.00,2.25
2018.02.27 11:01:59.941,1.23304,1.23308,8.73,5.06
2018.02.27 11:02:00.580,1.23305,1.23308,2.06,2.25
2018.02.27 11:02:01.090,1.23304,1.23307,4.05,1.00
2018.02.27 11:02:02.112,1.23304,1.23307,3.94,1.00
2018.02.27 11:02:02.652,1.23305,1.23307,1.00,1.00
2018.02.27 11:02:03.399,1.23304,1.23307,3.00,1.00
2018.02.27 11:02:04.006,1.23305,1.23307,1.50,1.00
2018.02.27 11:02:04.943,1.23307,1.23309,3.62,6.45
2018.02.27 11:02:05.474,1.23306,1.23308,2.25,1.00
2018.02.27 11:02:06.107,1.23306,1.23308,3.19,1.00
2018.02.27 11:02:06.687,1.23305,1.23308,3.56,1.00
2018.02.27 11:02:07.001,1.23302,1.23304,1.12,1.57
2018.02.27 11:02:07.351,1.233,1.23303,2.81,1.69
2018.02.27 11:02:07.916,1.233,1.23303,1.31,1.25
2018.02.27 11:02:08.465,1.233,1.23303,4.69,2.44
2018.02.27 11:02:13.128,1.23304,1.23305,1.00,1.39
2018.02.27 11:02:16.773,1.23305,1.23306,1.00,1.57
2018.02.27 11:02:17.443,1.23305,1.23306,1.12,1.50
2018.02.27 11:02:18.099,1.23304,1.23306,1.25,1.50
2018.02.27 11:02:19.079,1.23303,1.23306,7.31,2.44
2018.02.27 11:02:19.405,1.23303,1.23304,5.62,2.06
2018.02.27 11:02:19.747,1.23298,1.23301,5.06,1.25
2018.02.27 11:02:21.620,1.233,1.23301,1.00,1.25
2018.02.27 11:02:22.138,1.23299,1.23301,1.69,1.25
2018.02.27 11:02:23.119,1.233,1.23301,1.25,1.25
2018.02.27 11:02:23.320,1.23301,1.23303,4.72,1.25
2018.02.27 11:02:23.838,1.23303,1.23304,1.50,1.25
2018.02.27 11:02:24.362,1.23302,1.23304,4.72,1.25
2018.02.27 11:02:25.120,1.23302,1.23304,1.69,1.25
2018.02.27 11:02:25.325,1.233,1.23303,1.12,2.51
2018.02.27 11:02:25.428,1.23296,1.23298,1.31,1.12
2018.02.27 11:02:30.303,1.23296,1.23298,3.07,1.69
2018.02.27 11:02:30.911,1.23296,1.23298,2.14,1.69
2018.02.27 11:02:31.463,1.23296,1.23298,1.95,3.19
2018.02.27 11:02:31.567,1.23295,1.23298,1.00,4.39
2018.02.27 11:02:31.879,1.23293,1.23295,3.79,1.12
2018.02.27 11:02:32.194,1.23287,1.2329,1.31,2.06
2018.02.27 11:02:32.793,1.23289,1.2329,1.50,1.25
2018.02.27 11:02:33.300,1.23288,1.2329,2.62,1.25
2018.02.27 11:02:33.820,1.23289,1.2329,1.00,1.25
2018.02.27 11:02:34.441,1.23289,1.2329,1.69,1.25
2018.02.27 11:02:34.978,1.23287,1.2329,3.79,1.25
2018.02.27 11:02:35.431,1.23286,1.23289,1.30,1.00
2018.02.27 11:02:35.534,1.23284,1.23287,1.54,1.25
2018.02.27 11:02:35.586,1.23283,1.23286,1.12,1.00
2018.02.27 11:02:35.689,1.23283,1.23285,1.12,3.56
2018.02.27 11:02:35.740,1.23281,1.23283,3.00,1.25
2018.02.27 11:02:35.945,1.23279,1.23282,1.00,1.12
2018.02.27 11:02:37.096,1.2328,1.23283,1.00,4.20
2018.02.27 11:02:38.244,1.23279,1.23283,5.05,4.20
2018.02.27 11:02:38.782,1.2328,1.23283,1.50,3.82
2018.02.27 11:02:42.038,1.23279,1.23283,4.12,2.62
2018.02.27 11:02:42.678,1.2328,1.23283,1.50,2.25
2018.02.27 11:02:43.594,1.23283,1.23285,2.44,7.01
2018.02.27 11:02:43.700,1.23284,1.23287,1.12,1.10
2018.02.27 11:02:43.872,1.23284,1.23285,1.50,6.64
2018.02.27 11:02:44.136,1.23281,1.23283,1.12,1.25
2018.02.27 11:02:44.295,1.23281,1.23285,1.00,2.81
2018.02.27 11:02:44.348,1.23281,1.23283,1.50,1.00
2018.02.27 11:02:44.401,1.23279,1.23284,6.37,2.70
2018.02.27 11:02:44.453,1.23279,1.23282,6.37,1.00
2018.02.27 11:02:44.954,1.2328,1.23283,2.44,1.25
2018.02.27 11:02:46.176,1.2328,1.23282,2.44,1.00
2018.02.27 11:02:46.738,1.23281,1.23283,1.00,1.50
2018.02.27 11:02:47.344,1.2328,1.23283,1.00,1.25
2018.02.27 11:02:48.141,1.23279,1.23283,6.40,1.25
2018.02.27 11:02:48.859,1.2328,1.23283,1.00,1.69
2018.02.27 11:02:49.422,1.23279,1.23283,6.40,1.25
2018.02.27 11:02:50.079,1.2328,1.23283,1.00,1.69
2018.02.27 11:02:51.080,1.2328,1.23282,1.00,1.00
2018.02.27 11:02:51.650,1.23279,1.23282,3.37,1.00
2018.02.27 11:02:52.323,1.2328,1.23283,1.00,2.25
2018.02.27 11:02:53.132,1.23283,1.23284,1.50,1.00
2018.02.27 11:02:53.336,1.23281,1.23283,1.87,1.50
2018.02.27 11:02:53.553,1.23279,1.23281,1.12,4.50
2018.02.27 11:02:53.657,1.23277,1.2328,5.62,3.37
2018.02.27 11:02:54.805,1.23277,1.2328,1.12,1.00
2018.02.27 11:02:56.279,1.23276,1.23279,4.20,1.12
2018.02.27 11:02:56.618,1.23278,1.23281,1.87,2.70
2018.02.27 11:02:57.136,1.23278,1.23283,11.74,4.57
2018.02.27 11:02:57.871,1.23278,1.23283,11.45,3.64
2018.02.27 11:02:58.831,1.2328,1.23283,1.00,3.64
2018.02.27 11:02:59.306,1.23278,1.23281,2.10,1.00
2018.02.27 11:02:59.619,1.23275,1.23278,3.75,1.00
2018.02.27 11:02:59.932,1.23272,1.23273,1.50,1.12
2018.02.27 11:03:00.150,1.23268,1.2327,2.70,1.12
2018.02.27 11:03:00.202,1.2327,1.23271,1.00,1.00
2018.02.27 11:03:00.306,1.2327,1.23273,1.12,3.45
2018.02.27 11:03:03.543,1.2327,1.23274,4.50,1.50
2018.02.27 11:03:03.646,1.23273,1.23274,1.50,1.10
2018.02.27 11:03:03.766,1.23274,1.23276,1.00,1.25
2018.02.27 11:03:03.819,1.23271,1.23274,1.00,1.10
2018.02.27 11:03:04.086,1.23268,1.23271,2.70,1.00
2018.02.27 11:03:04.319,1.23264,1.23268,2.25,1.10
2018.02.27 11:03:05.716,1.23264,1.23269,1.87,7.95
2018.02.27 11:03:06.259,1.23266,1.2327,1.87,4.95
2018.02.27 11:03:07.398,1.23265,1.23269,1.12,1.20
2018.02.27 11:03:07.450,1.23265,1.23267,1.12,1.00
2018.02.27 11:03:08.086,1.23265,1.23268,1.12,1.00
2018.02.27 11:03:08.679,1.23264,1.23268,5.44,1.00
2018.02.27 11:03:09.201,1.23265,1.23267,1.50,1.00
2018.02.27 11:03:09.706,1.23265,1.23266,1.00,1.00
2018.02.27 11:03:10.162,1.23263,1.23267,5.51,3.56
2018.02.27 11:03:10.319,1.23263,1.23265,1.00,1.12
2018.02.27 11:03:11.006,1.23263,1.23266,1.50,1.50
2018.02.27 11:03:11.321,1.23261,1.23263,1.00,1.00
2018.02.27 11:03:11.833,1.23261,1.23264,1.00,2.06
2018.02.27 11:03:12.372,1.23261,1.23263,1.00,1.01
2018.02.27 11:03:13.725,1.23261,1.23264,1.00,2.62
2018.02.27 11:03:14.506,1.23261,1.23263,1.00,1.25
2018.02.27 11:03:14.852,1.23263,1.23266,3.60,1.00
2018.02.27 11:03:14.904,1.23263,1.23268,4.72,2.70
2018.02.27 11:03:15.111,1.23265,1.23268,2.06,1.69
2018.02.27 11:03:15.427,1.2327,1.23272,1.00,1.50
2018.02.27 11:03:15.964,1.23269,1.23271,1.12,1.00
2018.02.27 11:03:16.433,1.23268,1.23273,7.73,1.00
2018.02.27 11:03:17.290,1.2327,1.23273,1.00,1.69
2018.02.27 11:03:17.998,1.2327,1.23273,1.00,3.37
2018.02.27 11:03:18.103,1.23269,1.2327,1.50,2.44
2018.02.27 11:03:18.259,1.23268,1.23272,5.47,1.50
2018.02.27 11:03:19.424,1.23267,1.23271,12.11,1.12
2018.02.27 11:03:19.975,1.23267,1.23271,6.00,1.10
2018.02.27 11:03:20.625,1.23269,1.23271,1.00,1.00
2018.02.27 11:03:21.139,1.23269,1.23272,3.75,1.87
2018.02.27 11:03:21.687,1.2327,1.23272,1.50,1.87
2018.02.27 11:03:22.365,1.23269,1.23272,2.32,1.12
2018.02.27 11:03:25.309,1.2327,1.23272,1.00,1.12
2018.02.27 11:03:25.978,1.23269,1.23272,2.25,1.12
2018.02.27 11:03:26.474,1.23268,1.2327,1.12,1.12
2018.02.27 11:03:27.029,1.23267,1.23271,4.50,3.75
2018.02.27 11:03:31.477,1.23267,1.2327,4.87,1.12
2018.02.27 11:03:34.439,1.23267,1.23271,5.62,4.50
2018.02.27 11:03:34.754,1.23272,1.23273,1.00,1.00
2018.02.27 11:03:35.272,1.23271,1.23275,8.25,6.19
2018.02.27 11:03:38.478,1.23272,1.23273,1.00,1.00
2018.02.27 11:03:38.811,1.23267,1.2327,9.00,1.00
2018.02.27 11:03:38.864,1.23267,1.2327,8.06,1.00
2018.02.27 11:03:39.600,1.23267,1.23272,6.37,5.89
2018.02.27 11:03:39.756,1.23268,1.23272,3.75,8.89
2018.02.27 11:03:41.496,1.23269,1.23272,6.00,1.12
2018.02.27 11:03:41.997,1.23269,1.23273,3.94,1.47
2018.02.27 11:03:42.322,1.23267,1.23268,3.00,1.00
2018.02.27 11:03:42.481,1.23265,1.23267,1.87,1.00
2018.02.27 11:03:43.028,1.23263,1.23266,3.37,1.00
2018.02.27 11:03:43.620,1.23263,1.23266,6.75,1.00
2018.02.27 11:03:44.142,1.23264,1.23266,1.00,1.00
2018.02.27 11:03:45.225,1.23263,1.23265,1.00,6.94
2018.02.27 11:03:45.277,1.23262,1.23264,2.44,1.00
2018.02.27 11:03:45.793,1.23262,1.23263,1.00,1.00
2018.02.27 11:03:46.500,1.2326,1.23263,12.19,1.00
2018.02.27 11:03:47.011,1.23262,1.23263,1.12,1.00
2018.02.27 11:03:47.368,1.23263,1.23265,1.87,1.50
2018.02.27 11:03:50.858,1.23262,1.23265,2.44,3.00
2018.02.27 11:03:51.388,1.23261,1.23264,1.12,3.07
2018.02.27 11:03:52.937,1.23261,1.23263,1.00,1.95
2018.02.27 11:03:53.482,1.23259,1.23262,5.25,1.10
2018.02.27 11:03:54.195,1.23261,1.23262,1.00,1.00
2018.02.27 11:03:54.713,1.23259,1.23263,7.69,1.00
2018.02.27 11:03:55.592,1.23259,1.23264,7.12,5.32
2018.02.27 11:03:55.797,1.23261,1.23264,1.12,1.12
2018.02.27 11:03:56.322,1.2326,1.23263,1.00,1.10
2018.02.27 11:03:57.085,1.23259,1.23263,2.25,1.20
2018.02.27 11:03:58.298,1.23259,1.23264,2.25,7.57
2018.02.27 11:03:59.056,1.2326,1.23263,1.00,3.07
2018.02.27 11:03:59.575,1.23259,1.23263,2.70,3.07
2018.02.27 11:04:01.209,1.2326,1.23264,1.00,12.45
2018.02.27 11:04:02.451,1.23259,1.23264,1.95,10.20
2018.02.27 11:04:03.009,1.2326,1.23264,1.00,13.57
2018.02.27 11:04:03.682,1.23259,1.23264,2.70,10.95
2018.02.27 11:04:04.497,1.23258,1.23263,6.82,5.70
2018.02.27 11:04:05.063,1.23259,1.23262,1.12,3.82
2018.02.27 11:04:06.401,1.23258,1.23262,4.87,1.20
2018.02.27 11:04:06.908,1.23258,1.23262,5.81,4.01
2018.02.27 11:04:07.415,1.23258,1.23262,4.12,4.76
2018.02.27 11:04:08.982,1.23258,1.2326,3.75,1.50
2018.02.27 11:04:09.305,1.23252,1.23254,1.50,1.69
2018.02.27 11:04:09.656,1.23254,1.23256,1.00,7.39
2018.02.27 11:04:10.905,1.23254,1.23256,1.00,5.14
2018.02.27 11:04:14.331,1.23253,1.23256,3.45,5.89
2018.02.27 11:04:14.729,1.23251,1.23255,2.62,3.26
2018.02.27 11:04:15.318,1.23251,1.23254,2.25,2.44
2018.02.27 11:04:15.835,1.23251,1.23255,3.26,4.01
2018.02.27 11:04:16.096,1.2325,1.23253,3.00,1.12
2018.02.27 11:04:16.608,1.23251,1.23253,1.12,1.50
2018.02.27 11:04:17.703,1.23251,1.23252,1.12,1.00
2018.02.27 11:04:17.889,1.23249,1.23252,2.44,1.69
2018.02.27 11:04:18.412,1.23249,1.23252,5.62,1.50
2018.02.27 11:04:18.927,1.23249,1.23252,3.00,4.95
2018.02.27 11:04:19.474,1.23249,1.23251,1.87,1.01
2018.02.27 11:04:20.334,1.2325,1.23251,2.02,1.25
2018.02.27 11:04:21.071,1.23249,1.23251,1.87,1.25
2018.02.27 11:04:21.735,1.2325,1.23251,1.10,1.25
2018.02.27 11:04:22.392,1.2325,1.23251,1.25,1.25
2018.02.27 11:04:22.908,1.2325,1.23252,1.42,1.25
2018.02.27 11:04:23.429,1.23249,1.23251,1.84,1.25
2018.02.27 11:04:24.099,1.23248,1.2325,3.34,1.25
2018.02.27 11:04:24.648,1.23248,1.23251,3.37,1.69
2018.02.27 11:04:25.568,1.23248,1.2325,1.12,1.00
2018.02.27 11:04:25.936,1.23249,1.23252,2.00,1.12
2018.02.27 11:04:26.686,1.23249,1.23253,4.31,1.10
2018.02.27 11:04:27.515,1.23251,1.23254,1.31,1.69
2018.02.27 11:04:28.018,1.23252,1.23254,1.00,1.31
2018.02.27 11:04:28.325,1.2325,1.23254,6.75,1.25
2018.02.27 11:04:28.855,1.2325,1.23253,2.06,3.26
2018.02.27 11:04:29.694,1.2325,1.23253,3.56,1.10
2018.02.27 11:04:31.842,1.23249,1.23253,5.25,3.45
2018.02.27 11:04:32.155,1.23249,1.23253,1.69,6.86
2018.02.27 11:04:32.208,1.23248,1.23251,4.88,1.10
2018.02.27 11:04:33.031,1.23248,1.23251,2.62,1.10
2018.02.27 11:04:33.291,1.23247,1.23249,1.00,1.50
2018.02.27 11:04:33.806,1.23247,1.23248,1.00,1.00
2018.02.27 11:04:34.320,1.23245,1.23248,1.50,1.00
2018.02.27 11:04:34.634,1.23244,1.23247,3.37,1.00
2018.02.27 11:04:36.943,1.23245,1.23247,1.00,1.10
2018.02.27 11:04:36.998,1.23246,1.23248,5.81,1.39
2018.02.27 11:04:37.260,1.23246,1.2325,6.37,2.25
2018.02.27 11:04:37.910,1.23246,1.2325,5.62,5.70
2018.02.27 11:04:38.449,1.23246,1.23249,2.44,2.44
2018.02.27 11:04:39.458,1.23246,1.23249,1.69,1.50
2018.02.27 11:04:40.105,1.23247,1.23249,3.19,1.31
2018.02.27 11:04:40.534,1.2325,1.23251,6.19,1.10
2018.02.27 11:04:40.693,1.23252,1.23254,2.25,1.10
2018.02.27 11:04:41.234,1.23251,1.23254,4.31,1.39
2018.02.27 11:04:42.409,1.23251,1.23255,3.56,2.89
2018.02.27 11:04:43.127,1.23253,1.23254,1.12,1.00
2018.02.27 11:04:44.661,1.23254,1.23256,2.25,7.20
2018.02.27 11:04:44.715,1.23256,1.23258,2.25,1.00
2018.02.27 11:04:45.249,1.23255,1.23258,20.16,1.25
2018.02.27 11:04:45.302,1.23257,1.2326,1.50,5.92
2018.02.27 11:04:45.552,1.23255,1.23259,3.56,2.44
2018.02.27 11:04:46.074,1.23255,1.23258,1.69,1.25
2018.02.27 11:04:46.954,1.23254,1.23258,4.12,1.10
2018.02.27 11:04:47.159,1.23253,1.23256,4.50,1.00
2018.02.27 11:04:49.968,1.23253,1.23257,2.81,1.01
2018.02.27 11:04:50.870,1.23253,1.23256,3.37,1.00
2018.02.27 11:04:51.402,1.23253,1.23257,2.62,1.57
2018.02.27 11:04:51.913,1.23254,1.23257,1.00,1.76
2018.02.27 11:04:52.372,1.23257,1.23259,1.50,4.20
2018.02.27 11:04:52.882,1.23255,1.23259,10.12,2.51
2018.02.27 11:04:53.431,1.23257,1.23258,1.50,1.00
2018.02.27 11:04:53.952,1.23257,1.23259,1.00,1.00
2018.02.27 11:04:54.668,1.23256,1.23259,2.25,1.20
2018.02.27 11:04:55.361,1.23256,1.23258,5.44,1.25
2018.02.27 11:04:57.968,1.23256,1.23259,4.50,1.12
2018.02.27 11:04:58.514,1.23255,1.23258,5.25,1.00
2018.02.27 11:04:59.128,1.23255,1.23258,6.00,4.87
2018.02.27 11:05:01.362,1.23255,1.23258,5.81,3.56
2018.02.27 11:05:01.633,1.23255,1.23258,5.06,1.12
2018.02.27 11:05:02.190,1.23256,1.23258,1.00,1.87
2018.02.27 11:05:03.091,1.23257,1.23259,1.00,2.51
2018.02.27 11:05:03.660,1.23256,1.23259,6.75,2.70
2018.02.27 11:05:05.069,1.23257,1.23259,1.00,1.12
2018.02.27 11:05:06.010,1.23258,1.23259,1.00,1.12
2018.02.27 11:05:06.530,1.23258,1.2326,6.75,1.00
2018.02.27 11:05:07.141,1.23259,1.2326,1.50,1.00
2018.02.27 11:05:07.589,1.23257,1.23259,3.00,1.00
2018.02.27 11:05:08.108,1.23257,1.23259,6.00,1.00
2018.02.27 11:05:09.200,1.23257,1.23259,1.12,2.85
2018.02.27 11:05:10.133,1.23256,1.23259,1.00,4.05
2018.02.27 11:05:11.221,1.23256,1.23258,1.50,1.00
2018.02.27 11:05:17.321,1.23255,1.23259,1.87,6.26
2018.02.27 11:05:17.842,1.23255,1.23259,1.50,7.95
2018.02.27 11:05:20.002,1.23255,1.23258,1.00,2.51
2018.02.27 11:05:21.197,1.23255,1.23257,1.00,1.00
2018.02.27 11:05:21.711,1.23255,1.23258,1.00,1.57
2018.02.27 11:05:22.330,1.23255,1.23257,1.00,1.00
2018.02.27 11:05:23.111,1.23255,1.23258,1.00,1.57
2018.02.27 11:05:23.249,1.23255,1.23256,1.00,1.25
2018.02.27 11:05:23.785,1.23255,1.23257,1.00,1.25
2018.02.27 11:05:25.442,1.23255,1.23256,1.00,1.00
2018.02.27 11:05:26.616,1.23254,1.23257,1.50,1.00
2018.02.27 11:05:29.522,1.23255,1.23257,1.00,1.25
2018.02.27 11:05:30.062,1.23256,1.23258,1.00,2.70
2018.02.27 11:05:30.645,1.23256,1.23259,1.00,5.14
2018.02.27 11:05:31.154,1.23256,1.23259,1.00,4.76
2018.02.27 11:05:35.236,1.23256,1.23259,1.50,5.14
2018.02.27 11:05:35.749,1.23256,1.23259,1.00,5.14
2018.02.27 11:05:39.333,1.23256,1.23259,1.00,2.51
2018.02.27 11:05:40.008,1.23256,1.23258,1.25,1.25
2018.02.27 11:05:43.588,1.23257,1.23259,2.25,1.39
2018.02.27 11:05:44.105,1.23257,1.23259,9.19,1.00
2018.02.27 11:05:44.813,1.23259,1.2326,1.50,1.25
2018.02.27 11:05:44.866,1.23259,1.23262,3.75,3.45
2018.02.27 11:05:45.022,1.23262,1.23263,1.00,1.12
2018.02.27 11:05:45.128,1.23263,1.23264,2.25,1.00
2018.02.27 11:05:45.420,1.23264,1.23266,3.75,1.00
2018.02.27 11:05:45.951,1.23264,1.23267,4.12,1.01
2018.02.27 11:05:46.461,1.23264,1.23267,7.12,1.01
2018.02.27 11:05:48.642,1.23264,1.23266,2.62,1.00
2018.02.27 11:05:50.059,1.23264,1.23267,2.81,1.01
2018.02.27 11:05:50.616,1.23265,1.23267,1.00,1.01
2018.02.27 11:05:51.183,1.23264,1.23267,3.00,1.25
2018.02.27 11:05:52.160,1.23265,1.23267,1.00,1.25
2018.02.27 11:05:53.948,1.23264,1.23267,2.43,1.25
2018.02.27 11:05:55.127,1.23264,1.23266,3.56,1.25
2018.02.27 11:05:58.773,1.23265,1.23266,1.00,1.25
2018.02.27 11:05:59.316,1.23265,1.23267,2.25,1.25
2018.02.27 11:05:59.592,1.23269,1.2327,1.00,1.76
2018.02.27 11:05:59.646,1.2327,1.23271,1.50,1.00
2018.02.27 11:06:00.132,1.2327,1.23273,5.25,1.10
2018.02.27 11:06:00.652,1.2327,1.23273,2.62,1.50
2018.02.27 11:06:00.808,1.23268,1.23272,3.19,2.81
2018.02.27 11:06:01.372,1.23268,1.2327,3.75,1.00
2018.02.27 11:06:01.885,1.2327,1.23271,1.00,1.00
2018.02.27 11:06:02.579,1.23268,1.23271,3.00,1.00
2018.02.27 11:06:03.006,1.23266,1.23269,2.62,1.00
2018.02.27 11:06:03.550,1.23266,1.23269,5.25,1.00
2018.02.27 11:06:04.108,1.23266,1.23268,1.50,1.50
2018.02.27 11:06:05.489,1.23266,1.23269,1.87,7.87
2018.02.27 11:06:06.488,1.23268,1.23269,1.00,3.00
2018.02.27 11:06:07.049,1.23268,1.23269,2.62,1.00
2018.02.27 11:06:07.154,1.23265,1.23269,3.94,1.39
2018.02.27 11:06:08.225,1.23265,1.23268,4.12,1.00
2018.02.27 11:06:08.772,1.23265,1.23269,2.62,4.76
2018.02.27 11:06:09.290,1.23265,1.23268,2.62,1.00
2018.02.27 11:06:09.811,1.23265,1.23269,2.62,5.36
2018.02.27 11:06:10.443,1.23266,1.23268,2.25,1.00
2018.02.27 11:06:10.979,1.23266,1.23269,2.25,3.00
2018.02.27 11:06:12.071,1.23265,1.23268,3.94,1.25
2018.02.27 11:06:12.584,1.23267,1.23269,1.00,1.39
2018.02.27 11:06:13.860,1.23267,1.23268,1.00,1.31
2018.02.27 11:06:15.271,1.23267,1.23269,1.00,1.25
2018.02.27 11:06:15.375,1.23269,1.2327,1.69,1.69
2018.02.27 11:06:15.891,1.23269,1.23271,1.50,1.25
2018.02.27 11:06:30.534,1.23267,1.2327,1.57,5.85
2018.02.27 11:06:30.651,1.23266,1.23268,1.12,1.50
2018.02.27 11:06:31.158,1.23265,1.23269,4.69,5.47
2018.02.27 11:06:31.660,1.23265,1.23268,3.94,1.00
2018.02.27 11:06:32.269,1.23265,1.23269,5.06,5.47
2018.02.27 11:06:32.582,1.23264,1.23267,1.69,3.45
2018.02.27 11:06:33.104,1.23264,1.23266,1.12,1.43
2018.02.27 11:06:34.114,1.23264,1.23266,1.12,1.11
2018.02.27 11:06:34.754,1.23263,1.23267,5.62,4.11
2018.02.27 11:06:35.731,1.23263,1.23266,4.12,1.11
2018.02.27 11:06:38.381,1.23263,1.23267,3.37,1.38
2018.02.27 11:06:40.754,1.23264,1.23266,3.75,1.00
2018.02.27 11:06:41.271,1.23264,1.23266,1.31,1.25
2018.02.27 11:06:41.781,1.23265,1.23267,1.12,2.06
2018.02.27 11:06:43.025,1.23264,1.23266,1.69,1.25
2018.02.27 11:06:43.598,1.23264,1.23267,5.47,1.00
2018.02.27 11:06:44.249,1.23265,1.23267,1.00,1.00
2018.02.27 11:06:44.750,1.23265,1.23266,1.50,1.00
2018.02.27 11:06:46.172,1.23264,1.23267,4.91,1.00
2018.02.27 11:06:49.732,1.23265,1.23267,1.00,1.00
2018.02.27 11:06:50.206,1.23267,1.2327,1.87,2.70
2018.02.27 11:06:50.517,1.23269,1.23271,3.37,1.00
2018.02.27 11:06:51.395,1.23269,1.23271,2.81,1.00
2018.02.27 11:06:52.947,1.23269,1.23271,1.87,1.00
2018.02.27 11:06:54.079,1.23269,1.23271,1.50,1.00
2018.02.27 11:06:54.611,1.2327,1.23271,1.00,1.00
2018.02.27 11:06:55.753,1.23269,1.23271,3.37,1.00
2018.02.27 11:06:56.821,1.2327,1.23272,2.62,1.25
2018.02.27 11:06:57.334,1.23269,1.23271,7.31,1.00
2018.02.27 11:06:58.069,1.2327,1.23272,1.50,1.00
2018.02.27 11:06:59.747,1.23272,1.23273,1.00,1.57
2018.02.27 11:06:59.980,1.23272,1.23275,3.75,2.25
2018.02.27 11:07:00.243,1.23271,1.23274,4.95,1.00
2018.02.27 11:07:00.553,1.2327,1.23273,3.19,1.20
2018.02.27 11:07:01.094,1.2327,1.23273,3.56,1.10
2018.02.27 11:07:01.621,1.2327,1.23273,3.19,1.10
2018.02.27 11:07:02.293,1.2327,1.23272,2.06,1.00
2018.02.27 11:07:02.796,1.2327,1.23272,3.19,1.00
2018.02.27 11:07:05.003,1.2327,1.23273,1.31,1.00
2018.02.27 11:07:05.790,1.2327,1.23272,2.06,1.00
2018.02.27 11:07:07.389,1.2327,1.23273,4.31,1.00
2018.02.27 11:07:07.905,1.23269,1.23272,6.37,1.00
2018.02.27 11:07:11.740,1.23269,1.23273,1.12,1.50
2018.02.27 11:07:12.440,1.23269,1.23272,1.87,1.00
2018.02.27 11:07:13.261,1.23269,1.23273,1.87,2.25
2018.02.27 11:07:13.602,1.23265,1.23269,4.87,1.42
2018.02.27 11:07:14.088,1.23263,1.23268,9.94,2.70
2018.02.27 11:07:14.448,1.23262,1.23263,3.00,1.50
2018.02.27 11:07:14.501,1.2326,1.23262,2.25,1.50
2018.02.27 11:07:14.881,1.2326,1.23263,3.00,3.60
2018.02.27 11:07:17.099,1.23259,1.23262,3.00,1.10
2018.02.27 11:07:20.628,1.23258,1.2326,4.12,5.44
2018.02.27 11:07:20.831,1.23253,1.23258,3.94,3.07
2018.02.27 11:07:21.656,1.23257,1.23258,1.00,1.20
2018.02.27 11:07:21.761,1.23258,1.2326,2.06,1.00
2018.02.27 11:07:22.177,1.23262,1.23264,2.69,4.57
2018.02.27 11:07:22.334,1.23264,1.23267,2.62,1.25
2018.02.27 11:07:22.439,1.23265,1.23269,1.31,2.70
2018.02.27 11:07:22.956,1.23265,1.23268,1.00,1.00
2018.02.27 11:07:25.867,1.23265,1.23267,1.87,1.00
2018.02.27 11:07:25.969,1.23262,1.23264,11.62,1.12
2018.02.27 11:07:26.072,1.23258,1.2326,1.00,4.35
2018.02.27 11:07:26.226,1.23255,1.23259,2.44,1.57
2018.02.27 11:07:26.731,1.23255,1.23259,1.69,3.07
2018.02.27 11:07:27.261,1.23257,1.23259,1.00,1.00
2018.02.27 11:07:27.599,1.23258,1.23261,5.06,1.00
2018.02.27 11:07:30.142,1.23259,1.23261,1.25,1.00
2018.02.27 11:07:30.575,1.23262,1.23264,6.56,1.00
2018.02.27 11:07:30.712,1.23264,1.23265,1.12,1.00
2018.02.27 11:07:30.764,1.23264,1.23267,1.12,1.87
2018.02.27 11:07:32.473,1.23265,1.23267,1.50,1.12
2018.02.27 11:07:33.050,1.23265,1.23266,1.00,1.00
2018.02.27 11:07:33.364,1.23271,1.23274,1.00,3.26
2018.02.27 11:07:33.520,1.23273,1.23274,1.50,1.00
2018.02.27 11:07:33.574,1.23273,1.23276,1.00,1.00
2018.02.27 11:07:34.076,1.23273,1.23277,3.00,1.00
2018.02.27 11:07:35.172,1.23271,1.23273,7.57,3.56
2018.02.27 11:07:35.225,1.23268,1.23271,5.44,1.12
2018.02.27 11:07:35.743,1.23269,1.2327,1.00,1.00
2018.02.27 11:07:36.263,1.23268,1.23269,1.00,1.00
2018.02.27 11:07:36.711,1.23266,1.23267,1.12,1.00
2018.02.27 11:07:37.075,1.23268,1.23269,1.50,1.00
2018.02.27 11:07:37.493,1.23271,1.23273,2.69,7.76
2018.02.27 11:07:37.665,1.23273,1.23275,1.69,3.00
2018.02.27 11:07:38.136,1.23273,1.23277,2.62,1.25
2018.02.27 11:07:39.310,1.23273,1.23276,2.62,1.00
2018.02.27 11:07:39.460,1.23272,1.23274,1.00,4.12
2018.02.27 11:07:39.513,1.23269,1.23274,1.87,1.57
2018.02.27 11:07:40.187,1.2327,1.23273,1.00,2.51
2018.02.27 11:07:40.847,1.2327,1.23272,1.00,1.00
2018.02.27 11:07:41.557,1.2327,1.23273,1.00,2.89
2018.02.27 11:07:42.853,1.2327,1.23272,1.00,1.00
2018.02.27 11:07:43.369,1.2327,1.23273,1.00,2.74
2018.02.27 11:07:44.648,1.2327,1.23272,1.00,1.00
2018.02.27 11:07:45.213,1.2327,1.23273,1.00,2.74
2018.02.27 11:07:45.743,1.2327,1.23272,1.00,1.00
2018.02.27 11:07:46.099,1.23268,1.23272,1.87,4.50
2018.02.27 11:07:46.607,1.23268,1.23271,1.12,1.69
2018.02.27 11:07:47.189,1.23268,1.2327,1.12,1.25
2018.02.27 11:07:51.190,1.23268,1.23271,1.00,1.12
2018.02.27 11:07:53.372,1.23268,1.2327,1.00,1.00
2018.02.27 11:07:53.892,1.23268,1.23271,2.44,1.00
2018.02.27 11:07:54.698,1.23269,1.2327,1.00,1.00
2018.02.27 11:07:55.209,1.23268,1.23271,1.12,5.74
2018.02.27 11:07:59.709,1.23267,1.2327,1.20,6.79
2018.02.27 11:07:59.813,1.23266,1.23269,1.12,6.30
2018.02.27 11:08:00.331,1.23265,1.23269,1.12,6.30
2018.02.27 11:08:00.949,1.23265,1.23267,1.12,1.69
2018.02.27 11:08:01.570,1.23265,1.23266,1.50,1.50
2018.02.27 11:08:01.827,1.23268,1.2327,1.12,1.00
2018.02.27 11:08:02.524,1.23269,1.23271,1.00,1.50
2018.02.27 11:08:05.814,1.23269,1.2327,1.00,1.00
2018.02.27 11:08:06.328,1.23269,1.23271,1.00,1.00
2018.02.27 11:08:06.867,1.23267,1.23269,1.50,1.12
2018.02.27 11:08:07.020,1.23264,1.23268,3.56,4.69
2018.02.27 11:08:07.328,1.23264,1.23267,1.12,12.19
2018.02.27 11:08:07.870,1.23263,1.23265,1.00,1.25
2018.02.27 11:08:07.923,1.23261,1.23264,3.00,1.69
2018.02.27 11:08:08.026,1.23259,1.23262,5.06,1.00
2018.02.27 11:08:08.561,1.2326,1.23262,1.12,1.00
2018.02.27 11:08:09.092,1.23259,1.23262,2.81,1.00
2018.02.27 11:08:09.694,1.23259,1.23263,2.44,1.88
2018.02.27 11:08:12.194,1.23259,1.23262,4.12,1.00
2018.02.27 11:08:12.754,1.23259,1.23263,3.75,1.00
2018.02.27 11:08:13.492,1.2326,1.23263,1.00,1.50
2018.02.27 11:08:14.011,1.23259,1.23263,9.00,1.00
2018.02.27 11:08:14.538,1.2326,1.23263,1.00,1.50
2018.02.27 11:08:17.766,1.23259,1.23262,2.62,1.00
2018.02.27 11:08:22.775,1.23259,1.23263,8.06,1.20
2018.02.27 11:08:23.304,1.2326,1.23262,1.00,1.00
2018.02.27 11:08:24.039,1.23259,1.23262,7.69,1.00
2018.02.27 11:08:24.637,1.23259,1.23263,8.81,1.57
2018.02.27 11:08:25.143,1.23259,1.23262,5.06,1.57
2018.02.27 11:08:27.751,1.2326,1.23263,1.00,3.45
2018.02.27 11:08:28.751,1.2326,1.23262,2.25,1.00
2018.02.27 11:08:29.409,1.2326,1.23263,1.50,3.45
2018.02.27 11:08:30.510,1.2326,1.23262,2.25,1.00
2018.02.27 11:08:30.914,1.23259,1.23261,2.81,1.00
2018.02.27 11:08:31.247,1.23256,1.23259,1.50,1.00
2018.02.27 11:08:31.760,1.23258,1.2326,1.87,1.10
2018.02.27 11:08:32.300,1.23259,1.23261,1.50,1.12
2018.02.27 11:08:34.888,1.23259,1.23262,1.87,1.50
2018.02.27 11:08:35.963,1.23259,1.23261,3.37,1.00
2018.02.27 11:08:36.546,1.2326,1.23261,1.87,1.00
2018.02.27 11:08:37.106,1.23259,1.23262,5.06,1.50
2018.02.27 11:08:37.624,1.23259,1.23261,1.50,1.00
2018.02.27 11:08:38.146,1.23257,1.23261,1.87,3.94
2018.02.27 11:08:38.452,1.23257,1.23259,1.37,1.00
2018.02.27 11:08:38.978,1.23257,1.23259,1.00,1.00
2018.02.27 11:08:39.495,1.23256,1.23259,4.87,1.00
2018.02.27 11:08:40.720,1.23256,1.23259,2.62,1.00
2018.02.27 11:08:41.418,1.23258,1.2326,1.00,1.12
2018.02.27 11:08:41.939,1.23258,1.23262,7.50,3.00
2018.02.27 11:08:45.159,1.23258,1.23261,4.12,1.00
2018.02.27 11:08:50.059,1.23258,1.23262,5.62,1.57
2018.02.27 11:08:57.396,1.2326,1.23262,1.00,1.20
2018.02.27 11:09:04.145,1.23259,1.23261,1.00,1.87
2018.02.27 11:09:04.747,1.23258,1.23261,1.00,4.20
2018.02.27 11:09:05.268,1.23258,1.2326,1.00,1.25
2018.02.27 11:09:05.792,1.23258,1.23259,1.00,1.25
2018.02.27 11:09:08.206,1.23258,1.2326,1.00,1.25
2018.02.27 11:09:08.684,1.23256,1.23257,1.95,1.87
2018.02.27 11:09:08.816,1.23254,1.23257,1.50,3.64
2018.02.27 11:09:10.603,1.23255,1.23258,1.00,4.95
2018.02.27 11:09:11.135,1.23254,1.23258,3.75,7.95
2018.02.27 11:09:11.686,1.23255,1.23258,3.00,2.25
2018.02.27 11:09:16.232,1.23255,1.23258,1.00,1.50
2018.02.27 11:09:16.910,1.23254,1.23256,1.12,1.00
2018.02.27 11:09:17.268,1.23253,1.23256,1.12,2.72
2018.02.27 11:09:17.791,1.23251,1.23254,3.00,1.31
2018.02.27 11:09:18.341,1.23252,1.23255,1.00,2.79
2018.02.27 11:09:18.941,1.23251,1.23255,1.12,3.92
2018.02.27 11:09:18.993,1.23251,1.23252,1.12,1.00
2018.02.27 11:09:19.588,1.2325,1.23253,2.25,1.69
2018.02.27 11:09:20.701,1.2325,1.23253,1.87,1.88
2018.02.27 11:09:21.013,1.23249,1.23251,1.00,1.00
2018.02.27 11:09:21.582,1.2325,1.23252,1.25,1.31
2018.02.27 11:09:22.123,1.23249,1.23253,1.50,5.36
2018.02.27 11:09:22.656,1.23249,1.23253,3.00,1.91
2018.02.27 11:09:24.156,1.2325,1.23253,1.50,1.00
2018.02.27 11:09:24.698,1.2325,1.23253,1.00,3.94
2018.02.27 11:09:25.207,1.2325,1.23253,1.00,1.00
2018.02.27 11:09:27.241,1.23249,1.23253,6.37,3.19
2018.02.27 11:09:27.812,1.2325,1.23253,1.00,4.31
2018.02.27 11:09:31.182,1.23249,1.23253,2.25,1.50
2018.02.27 11:09:34.177,1.23249,1.23253,3.94,1.50
2018.02.27 11:09:36.111,1.23249,1.23253,1.31,8.17
2018.02.27 11:09:39.530,1.23249,1.23253,1.31,6.67
2018.02.27 11:09:40.153,1.23249,1.23252,1.31,3.00
2018.02.27 11:09:41.355,1.23249,1.23251,1.25,3.00
2018.02.27 11:09:41.872,1.2325,1.23252,1.50,1.00
2018.02.27 11:09:41.978,1.23251,1.23255,1.87,6.77
2018.02.27 11:09:42.104,1.23251,1.23253,1.12,3.00
2018.02.27 11:09:42.156,1.23251,1.23254,1.12,9.47
2018.02.27 11:09:42.767,1.23251,1.23253,1.12,1.00
2018.02.27 11:09:43.147,1.23253,1.23255,1.00,3.54
2018.02.27 11:09:43.653,1.23254,1.23256,1.50,2.64
2018.02.27 11:09:47.426,1.23255,1.23256,1.00,1.00
2018.02.27 11:09:47.480,1.23256,1.23259,2.06,1.76
2018.02.27 11:09:47.533,1.23259,1.2326,1.00,1.00
2018.02.27 11:09:47.750,1.23259,1.23262,1.12,3.94
2018.02.27 11:09:47.801,1.23259,1.2326,1.12,1.00
2018.02.27 11:09:48.318,1.23258,1.23259,1.00,1.12
2018.02.27 11:09:48.899,1.23256,1.23259,1.12,2.44
2018.02.27 11:09:49.056,1.23258,1.23259,1.00,3.67
2018.02.27 11:09:49.615,1.23257,1.23259,1.25,4.91
2018.02.27 11:09:51.540,1.23256,1.23258,1.00,1.00
2018.02.27 11:09:52.736,1.23257,1.23259,1.25,7.24
2018.02.27 11:09:56.125,1.23256,1.23258,1.25,1.87
2018.02.27 11:09:59.584,1.23257,1.23258,1.00,1.00
2018.02.27 11:10:00.129,1.23256,1.23258,1.12,1.00
2018.02.27 11:10:01.123,1.23257,1.23258,1.00,1.00
2018.02.27 11:10:02.026,1.23256,1.23258,1.00,1.00
2018.02.27 11:10:02.550,1.23257,1.23258,1.00,1.00
2018.02.27 11:10:03.087,1.23256,1.23257,1.00,1.00
2018.02.27 11:10:03.631,1.23256,1.23258,1.25,2.06
2018.02.27 11:10:04.489,1.23256,1.23258,1.25,2.06
2018.02.27 11:10:08.552,1.23256,1.23258,1.25,3.00
2018.02.27 11:10:10.075,1.23254,1.23256,1.00,1.72
2018.02.27 11:10:10.596,1.23254,1.23255,1.25,1.00
2018.02.27 11:10:11.146,1.23252,1.23255,1.69,5.32
2018.02.27 11:10:11.352,1.23251,1.23255,3.37,8.85
2018.02.27 11:10:12.150,1.23251,1.23254,4.12,3.00
2018.02.27 11:10:13.906,1.23251,1.23253,2.44,1.12
2018.02.27 11:10:14.577,1.2325,1.23253,1.25,4.99
2018.02.27 11:10:15.108,1.23251,1.23253,1.00,4.80
2018.02.27 11:10:15.652,1.23251,1.23252,1.00,1.00
2018.02.27 11:10:16.362,1.23251,1.23253,1.00,4.05
2018.02.27 11:10:16.831,1.2325,1.23252,1.25,2.89
2018.02.27 11:10:16.934,1.23248,1.23249,1.50,1.00
2018.02.27 11:10:16.986,1.23248,1.23251,2.62,2.14
2018.02.27 11:10:17.487,1.23248,1.23251,6.00,3.00
2018.02.27 11:10:18.313,1.23249,1.23251,1.00,3.00
2018.02.27 11:10:19.030,1.2325,1.23253,3.75,8.32
2018.02.27 11:10:19.083,1.23251,1.23253,1.69,2.62
2018.02.27 11:10:19.135,1.23253,1.23256,3.75,6.26
2018.02.27 11:10:19.240,1.23254,1.23258,1.00,6.86
2018.02.27 11:10:19.809,1.23254,1.23258,1.69,3.82
2018.02.27 11:10:20.709,1.23254,1.23258,2.25,2.51
2018.02.27 11:10:22.565,1.23256,1.23258,1.00,1.87
2018.02.27 11:10:22.773,1.23258,1.2326,1.00,2.32
2018.02.27 11:10:22.877,1.23259,1.23263,1.12,3.64
2018.02.27 11:10:22.982,1.2326,1.23262,5.06,1.00
2018.02.27 11:10:23.260,1.23261,1.23264,1.87,3.19
2018.02.27 11:10:24.104,1.2326,1.23262,1.87,1.00
2018.02.27 11:10:24.385,1.23258,1.2326,1.31,1.00
2018.02.27 11:10:24.906,1.23259,1.2326,1.00,1.12
2018.02.27 11:10:25.455,1.23259,1.23262,3.37,1.50
2018.02.27 11:10:26.989,1.23259,1.23262,3.75,1.12
2018.02.27 11:10:27.491,1.23259,1.23262,4.69,1.12
2018.02.27 11:10:30.571,1.23259,1.23261,1.00,2.06
2018.02.27 11:10:32.771,1.23259,1.23261,1.00,4.12
2018.02.27 11:10:35.798,1.23259,1.23262,5.44,1.00
2018.02.27 11:10:36.407,1.23259,1.23262,3.94,1.00
2018.02.27 11:10:36.942,1.23259,1.23264,3.19,13.13
2018.02.27 11:10:37.573,1.2326,1.23264,1.00,10.43
2018.02.27 11:10:37.677,1.23263,1.23265,1.00,2.62
2018.02.27 11:10:37.730,1.23264,1.23266,1.00,1.69
2018.02.27 11:10:37.937,1.23262,1.23265,1.00,2.25
2018.02.27 11:10:38.040,1.23261,1.23263,1.87,1.00
2018.02.27 11:10:38.564,1.23262,1.23264,1.00,1.00
2018.02.27 11:10:39.550,1.23262,1.23263,1.00,1.00
2018.02.27 11:10:40.061,1.23261,1.23263,1.87,1.00
2018.02.27 11:10:40.699,1.23261,1.23264,1.87,1.12
2018.02.27 11:10:41.236,1.23261,1.23263,1.87,1.00
2018.02.27 11:10:41.739,1.23262,1.23264,1.00,1.12
2018.02.27 11:10:42.241,1.23262,1.23263,1.00,1.00
2018.02.27 11:10:42.782,1.23262,1.23264,1.00,3.75
2018.02.27 11:10:43.338,1.23262,1.23263,1.50,1.00
2018.02.27 11:10:43.849,1.23262,1.23264,1.50,2.62
2018.02.27 11:10:44.724,1.23262,1.23263,1.50,1.00
2018.02.27 11:10:45.266,1.23262,1.23265,1.50,3.67
2018.02.27 11:10:45.582,1.23262,1.23266,1.00,3.19
2018.02.27 11:10:45.634,1.23264,1.23266,1.00,2.25
2018.02.27 11:10:45.982,1.23269,1.23271,2.62,4.57
2018.02.27 11:10:46.038,1.2327,1.23272,1.87,1.50
2018.02.27 11:10:46.649,1.23269,1.23273,2.06,6.22
2018.02.27 11:10:47.164,1.2327,1.23272,1.25,2.62
2018.02.27 11:10:47.320,1.23269,1.2327,1.00,1.00
2018.02.27 11:10:47.918,1.23269,1.23271,1.00,1.12
2018.02.27 11:10:48.469,1.2327,1.23271,1.00,1.12
2018.02.27 11:10:49.191,1.23269,1.23272,1.00,1.57
2018.02.27 11:10:52.130,1.2327,1.23271,1.00,1.12
2018.02.27 11:10:53.052,1.23269,1.23271,1.12,1.12
2018.02.27 11:10:54.039,1.2327,1.23271,1.00,1.50
2018.02.27 11:10:54.356,1.23262,1.23264,1.00,7.76
2018.02.27 11:10:54.461,1.23261,1.23262,1.00,1.00
2018.02.27 11:10:56.213,1.23261,1.23263,1.00,2.44
2018.02.27 11:10:56.758,1.2326,1.23262,1.00,1.87
2018.02.27 11:10:57.298,1.23261,1.23263,1.00,3.37
2018.02.27 11:10:57.949,1.2326,1.23262,1.00,1.12
2018.02.27 11:11:01.503,1.23258,1.2326,2.25,2.62
2018.02.27 11:11:02.624,1.23258,1.2326,1.00,1.37
2018.02.27 11:11:03.779,1.23259,1.23261,1.00,3.19
2018.02.27 11:11:04.224,1.2326,1.23263,1.12,5.62
2018.02.27 11:11:06.995,1.2326,1.23263,1.12,3.37
2018.02.27 11:11:07.335,1.23262,1.23264,1.00,7.76
2018.02.27 11:11:07.641,1.23261,1.23262,1.25,1.00
2018.02.27 11:11:08.927,1.23261,1.23263,1.00,11.32
2018.02.27 11:11:12.223,1.23257,1.2326,1.50,1.31
2018.02.27 11:11:12.429,1.23258,1.23261,1.00,18.11
2018.02.27 11:11:12.938,1.23258,1.2326,1.00,9.00
2018.02.27 11:11:13.658,1.23258,1.2326,1.00,7.73
2018.02.27 11:11:14.254,1.23258,1.2326,1.00,5.48
2018.02.27 11:11:14.831,1.23258,1.23259,1.00,1.50
2018.02.27 11:11:15.349,1.23258,1.2326,1.00,3.97
2018.02.27 11:11:15.876,1.23255,1.23257,2.25,1.00
2018.02.27 11:11:16.244,1.23257,1.23259,1.00,8.33
2018.02.27 11:11:16.753,1.23257,1.23258,1.00,1.00
2018.02.27 11:11:17.278,1.23257,1.23259,1.00,6.75
2018.02.27 11:11:17.790,1.23257,1.23259,1.00,5.63
2018.02.27 11:11:18.518,1.23257,1.23258,1.00,2.25
2018.02.27 11:11:19.092,1.23257,1.23259,1.00,4.50
2018.02.27 11:11:19.433,1.23256,1.23259,1.00,9.60
2018.02.27 11:11:20.172,1.23254,1.23256,3.00,1.00
2018.02.27 11:11:20.227,1.23253,1.23254,2.06,2.29
2018.02.27 11:11:20.279,1.23251,1.23252,1.00,1.00
2018.02.27 11:11:21.078,1.23249,1.23251,1.50,1.50
2018.02.27 11:11:21.131,1.23247,1.23249,4.12,1.50
2018.02.27 11:11:21.632,1.23247,1.2325,2.25,1.00
2018.02.27 11:11:23.232,1.23247,1.23251,1.44,3.94
2018.02.27 11:11:23.782,1.23249,1.23252,1.00,3.60
2018.02.27 11:11:30.441,1.2325,1.23252,1.25,1.00
2018.02.27 11:11:31.183,1.23251,1.23254,1.00,3.82
2018.02.27 11:11:33.302,1.23251,1.23253,1.31,1.00
2018.02.27 11:11:34.951,1.23252,1.23253,1.25,1.00
2018.02.27 11:11:36.176,1.23251,1.23253,1.00,1.00
2018.02.27 11:11:38.103,1.23252,1.23253,1.00,1.00
2018.02.27 11:11:38.774,1.23252,1.23254,1.00,4.50
2018.02.27 11:11:39.322,1.23252,1.23253,1.00,1.00
2018.02.27 11:11:41.105,1.23252,1.23254,1.00,4.87
2018.02.27 11:11:41.663,1.23252,1.23253,1.00,1.00
2018.02.27 11:11:42.300,1.23252,1.23254,1.00,4.87
2018.02.27 11:11:42.820,1.23253,1.23255,3.00,2.25
2018.02.27 11:11:45.210,1.23252,1.23255,2.62,2.06
2018.02.27 11:11:46.037,1.23251,1.23254,1.25,3.94
2018.02.27 11:11:46.819,1.23252,1.23254,1.00,9.00
2018.02.27 11:11:47.807,1.23251,1.23254,1.25,9.19
2018.02.27 11:11:48.330,1.23252,1.23254,1.00,7.12
2018.02.27 11:11:50.215,1.23251,1.23254,1.00,8.25
2018.02.27 11:11:53.574,1.23253,1.23255,2.25,1.12
2018.02.27 11:11:54.309,1.23254,1.23256,1.00,2.25
2018.02.27 11:11:54.645,1.23256,1.23259,3.37,3.45
2018.02.27 11:11:54.998,1.23261,1.23262,1.00,1.12
2018.02.27 11:11:55.522,1.23261,1.23263,1.00,1.12
2018.02.27 11:11:58.790,1.2326,1.23261,1.69,1.69
2018.02.27 11:11:58.958,1.23256,1.23259,1.00,1.69
2018.02.27 11:11:59.464,1.23257,1.23259,1.25,2.44
2018.02.27 11:12:00.664,1.23257,1.23259,1.25,5.51
2018.02.27 11:12:01.210,1.23257,1.23259,1.25,3.45
2018.02.27 11:12:01.366,1.23255,1.23257,1.25,3.00
2018.02.27 11:12:01.740,1.23254,1.23256,1.00,9.56
2018.02.27 11:12:02.107,1.23251,1.23255,1.00,2.10
2018.02.27 11:12:02.160,1.23253,1.23255,1.00,5.47
2018.02.27 11:12:03.176,1.23253,1.23254,1.25,1.50
2018.02.27 11:12:03.228,1.23251,1.23254,1.00,2.25
2018.02.27 11:12:03.332,1.23252,1.23254,1.25,4.87
2018.02.27 11:12:04.611,1.23253,1.23255,1.00,17.18
2018.02.27 11:12:05.147,1.23253,1.23254,1.25,1.00
2018.02.27 11:12:05.797,1.23251,1.23254,1.50,5.47
2018.02.27 11:12:06.364,1.23252,1.23253,1.00,4.50
2018.02.27 11:12:06.880,1.23251,1.23252,1.00,1.12
2018.02.27 11:12:07.100,1.23254,1.23255,1.00,1.95
2018.02.27 11:12:08.090,1.23253,1.23255,1.69,1.12
2018.02.27 11:12:08.591,1.23254,1.23256,1.00,2.25
2018.02.27 11:12:09.113,1.23254,1.23255,1.00,1.87
2018.02.27 11:12:09.797,1.23254,1.23255,1.00,2.25
2018.02.27 11:12:10.260,1.23252,1.23253,1.25,1.50
2018.02.27 11:12:11.039,1.23252,1.23254,1.25,3.82
2018.02.27 11:12:11.751,1.23252,1.23254,1.00,5.25
2018.02.27 11:12:12.358,1.23253,1.23255,1.25,5.51
2018.02.27 11:12:12.883,1.23252,1.23254,1.25,1.87
2018.02.27 11:12:13.665,1.23252,1.23255,1.25,9.86
2018.02.27 11:12:16.695,1.23252,1.23254,1.25,1.12
2018.02.27 11:12:17.302,1.23253,1.23255,1.25,36.86
2018.02.27 11:12:18.014,1.23252,1.23253,1.25,1.00
2018.02.27 11:12:18.541,1.23252,1.23254,1.25,3.37
2018.02.27 11:12:20.151,1.23252,1.23253,1.25,1.00
2018.02.27 11:12:22.098,1.23251,1.23253,1.25,1.31
2018.02.27 11:12:22.384,1.23252,1.23254,1.25,15.75
2018.02.27 11:12:22.540,1.2325,1.23252,1.00,4.16
2018.02.27 11:12:22.644,1.23247,1.23249,1.87,1.00
2018.02.27 11:12:22.747,1.23245,1.23249,1.50,4.13
2018.02.27 11:12:22.800,1.23247,1.23249,1.00,1.10
2018.02.27 11:12:23.348,1.23248,1.2325,1.25,1.00
2018.02.27 11:12:23.891,1.23248,1.23251,1.25,7.12
2018.02.27 11:12:24.428,1.23249,1.23252,1.87,1.87
2018.02.27 11:12:25.967,1.23249,1.23252,1.50,1.00
2018.02.27 11:12:26.700,1.23249,1.23253,1.50,8.33
2018.02.27 11:12:27.337,1.23249,1.23252,1.50,1.00
2018.02.27 11:12:27.898,1.23249,1.23253,1.00,4.31
2018.02.27 11:12:29.127,1.23249,1.23253,1.12,5.44
2018.02.27 11:12:29.733,1.2325,1.23253,1.00,3.75
2018.02.27 11:12:30.496,1.23249,1.23253,4.31,5.29
2018.02.27 11:12:31.028,1.2325,1.23252,1.00,1.12
2018.02.27 11:12:31.563,1.23249,1.23253,1.87,5.29
2018.02.27 11:12:32.064,1.2325,1.23253,1.00,2.85
2018.02.27 11:12:35.243,1.2325,1.23253,1.00,2.66
2018.02.27 11:12:36.188,1.2325,1.23253,1.00,3.04
2018.02.27 11:12:39.384,1.23249,1.23252,2.25,1.87
2018.02.27 11:12:40.667,1.23249,1.2325,1.12,1.50
2018.02.27 11:12:41.131,1.23247,1.23248,1.00,1.87
2018.02.27 11:12:41.516,1.23245,1.23249,1.12,6.37
2018.02.27 11:12:41.618,1.23247,1.23249,1.00,7.87
2018.02.27 11:12:42.164,1.23246,1.23248,1.25,2.62
2018.02.27 11:12:42.678,1.23245,1.23248,1.00,1.12
2018.02.27 11:12:46.932,1.23247,1.23249,1.25,4.12
2018.02.27 11:12:47.481,1.23247,1.23249,1.25,2.06
2018.02.27 11:12:48.490,1.23247,1.23249,1.25,6.37
2018.02.27 11:12:49.003,1.23248,1.23249,1.25,2.62
2018.02.27 11:12:50.921,1.23248,1.2325,1.00,8.51
2018.02.27 11:12:52.662,1.23248,1.23249,1.25,2.62
2018.02.27 11:12:54.112,1.23246,1.23247,1.25,1.50
2018.02.27 11:12:54.217,1.23244,1.23246,1.69,1.25
2018.02.27 11:12:54.752,1.23245,1.23246,1.25,1.00
2018.02.27 11:12:55.387,1.23245,1.23247,1.00,4.50
2018.02.27 11:12:56.886,1.23245,1.23247,1.25,2.81
2018.02.27 11:12:57.409,1.23245,1.23247,1.25,2.62
2018.02.27 11:12:58.222,1.23245,1.23247,1.25,3.19
2018.02.27 11:12:58.769,1.23245,1.23247,1.00,5.25
2018.02.27 11:12:59.313,1.23245,1.23246,1.25,1.00
2018.02.27 11:13:00.188,1.23245,1.23247,1.25,4.01
2018.02.27 11:13:00.822,1.23245,1.23246,1.25,2.25
2018.02.27 11:13:05.155,1.23245,1.23247,1.25,11.36
2018.02.27 11:13:07.352,1.23243,1.23245,1.00,1.00
2018.02.27 11:13:07.405,1.23245,1.23247,1.25,6.26
2018.02.27 11:13:08.254,1.23245,1.23247,1.25,3.07
2018.02.27 11:13:08.843,1.23246,1.23248,1.25,3.60
2018.02.27 11:13:09.893,1.23245,1.23247,2.06,1.69
2018.02.27 11:13:10.206,1.23243,1.23244,1.25,3.94
2018.02.27 11:13:10.516,1.23241,1.23243,2.06,5.12
2018.02.27 11:13:10.848,1.2324,1.23243,1.25,2.25
2018.02.27 11:13:11.060,1.23243,1.23244,1.31,1.00
2018.02.27 11:13:11.166,1.23243,1.23247,4.12,7.12
2018.02.27 11:13:11.852,1.23244,1.23248,1.25,6.63
2018.02.27 11:13:12.399,1.23245,1.23248,1.25,4.87
2018.02.27 11:13:12.975,1.23244,1.23248,2.06,6.26
2018.02.27 11:13:13.913,1.23245,1.23248,1.25,6.37
2018.02.27 11:13:15.069,1.23244,1.23247,1.50,3.00
2018.02.27 11:13:15.120,1.23244,1.23245,1.00,3.00
2018.02.27 11:13:15.630,1.23244,1.23245,1.25,1.00
2018.02.27 11:13:16.163,1.23244,1.23246,1.25,6.11
2018.02.27 11:13:17.324,1.23244,1.23245,1.25,1.00
2018.02.27 11:13:17.926,1.23244,1.23246,1.25,4.39
2018.02.27 11:13:18.273,1.23243,1.23244,1.25,1.57
2018.02.27 11:13:18.366,1.23242,1.23244,1.00,1.57
2018.02.27 11:13:18.917,1.23242,1.23244,1.00,2.32
2018.02.27 11:13:19.630,1.23242,1.23244,1.00,1.95
2018.02.27 11:13:20.136,1.23242,1.23244,1.25,2.51
2018.02.27 11:13:20.897,1.23242,1.23244,1.00,3.82
2018.02.27 11:13:21.558,1.23242,1.23243,1.00,1.50
2018.02.27 11:13:22.109,1.2324,1.23241,1.25,1.00
2018.02.27 11:13:22.160,1.23238,1.23241,2.59,3.37
2018.02.27 11:13:22.212,1.23239,1.23241,1.00,2.25
2018.02.27 11:13:22.810,1.2324,1.23242,1.25,14.32
2018.02.27 11:13:23.464,1.23239,1.23241,1.25,3.94
2018.02.27 11:13:23.567,1.23238,1.2324,1.12,2.25
2018.02.27 11:13:24.639,1.23239,1.23241,1.25,3.19
2018.02.27 11:13:25.002,1.2324,1.23242,1.69,1.00
2018.02.27 11:13:25.668,1.23237,1.23241,2.40,9.30
2018.02.27 11:13:26.492,1.23237,1.2324,2.02,2.25
2018.02.27 11:13:27.040,1.23237,1.2324,2.77,4.50
2018.02.27 11:13:27.839,1.23239,1.2324,1.50,1.00
2018.02.27 11:13:28.172,1.2324,1.23242,1.00,9.45
2018.02.27 11:13:29.363,1.2324,1.23242,1.00,6.94
2018.02.27 11:13:29.902,1.2324,1.23243,1.50,3.75
2018.02.27 11:13:30.290,1.23242,1.23244,1.00,7.31
2018.02.27 11:13:30.826,1.23242,1.23244,1.00,11.89
2018.02.27 11:13:32.009,1.23242,1.23244,1.00,6.75
2018.02.27 11:13:32.750,1.23242,1.23244,1.00,12.37
2018.02.27 11:13:33.270,1.23242,1.23245,1.00,12.56
2018.02.27 11:13:33.637,1.23244,1.23246,1.00,1.00
2018.02.27 11:13:33.742,1.23244,1.23248,1.50,4.39
2018.02.27 11:13:34.123,1.23247,1.23248,1.00,1.00
2018.02.27 11:13:34.641,1.23247,1.23249,1.31,1.00
2018.02.27 11:13:35.177,1.23247,1.2325,1.31,3.19
2018.02.27 11:13:35.686,1.23247,1.23249,1.31,1.00
2018.02.27 11:13:36.190,1.23248,1.2325,1.25,3.75
2018.02.27 11:13:36.520,1.23247,1.23248,1.31,1.00
2018.02.27 11:13:37.038,1.23247,1.23249,1.25,1.12
2018.02.27 11:13:38.175,1.23248,1.2325,2.25,1.87
2018.02.27 11:13:39.319,1.23248,1.2325,1.00,3.00
2018.02.27 11:13:40.669,1.23246,1.23248,1.25,13.13
2018.02.27 11:13:40.827,1.2324,1.23242,1.50,6.00
2018.02.27 11:13:40.952,1.23237,1.23239,1.20,2.25
2018.02.27 11:13:41.105,1.2324,1.23242,1.00,3.75
2018.02.27 11:13:41.614,1.2324,1.23243,3.00,10.31
2018.02.27 11:13:43.024,1.2324,1.23244,4.12,6.07
2018.02.27 11:13:43.527,1.2324,1.23244,1.50,6.64
2018.02.27 11:13:44.241,1.23241,1.23244,2.06,3.75
2018.02.27 11:13:44.958,1.23241,1.23244,1.12,4.31
2018.02.27 11:13:45.488,1.2324,1.23242,1.00,1.00
2018.02.27 11:13:46.634,1.23241,1.23243,1.50,1.07
2018.02.27 11:13:47.158,1.23241,1.23244,1.00,7.01
2018.02.27 11:13:52.181,1.23241,1.23243,1.50,1.87
2018.02.27 11:13:53.709,1.23243,1.23244,1.00,1.10
2018.02.27 11:13:54.249,1.23242,1.23243,1.00,1.12
2018.02.27 11:13:54.788,1.23242,1.23244,1.00,7.69
2018.02.27 11:13:55.380,1.23241,1.23243,1.00,2.32
2018.02.27 11:13:55.910,1.23241,1.23242,1.00,1.00
2018.02.27 11:13:56.471,1.23241,1.23244,1.00,47.78
2018.02.27 11:13:58.409,1.23242,1.23244,1.00,4.95
2018.02.27 11:13:59.557,1.23243,1.23244,1.00,1.69
2018.02.27 11:13:59.610,1.23243,1.23245,1.00,2.62
2018.02.27 11:13:59.718,1.23245,1.23247,1.00,2.25
2018.02.27 11:14:00.227,1.23244,1.23247,2.25,1.87
2018.02.27 11:14:00.781,1.23244,1.23247,2.25,1.12
2018.02.27 11:14:01.649,1.23246,1.23248,1.00,1.20
2018.02.27 11:14:02.479,1.23244,1.23248,3.37,1.00
2018.02.27 11:14:04.749,1.23245,1.23248,1.25,3.26
2018.02.27 11:14:05.430,1.23244,1.23248,3.00,3.07
2018.02.27 11:14:10.403,1.23246,1.23248,1.00,1.50
2018.02.27 11:14:10.785,1.23248,1.23251,1.50,3.94
2018.02.27 11:14:10.889,1.23249,1.23252,2.62,1.37
2018.02.27 11:14:11.200,1.23251,1.23253,1.00,1.87
2018.02.27 11:14:11.722,1.23251,1.23254,1.87,1.12
2018.02.27 11:14:12.242,1.23252,1.23255,1.25,8.21
2018.02.27 11:14:12.761,1.23252,1.23255,1.87,2.32
2018.02.27 11:14:13.236,1.23251,1.23254,2.06,4.42
2018.02.27 11:14:13.775,1.23251,1.23252,1.25,1.25
2018.02.27 11:14:14.290,1.23252,1.23253,1.25,1.25
2018.02.27 11:14:14.802,1.23251,1.23253,1.25,1.25
2018.02.27 11:14:16.134,1.23251,1.23254,1.25,11.92
2018.02.27 11:14:16.667,1.23251,1.23253,1.25,3.00
2018.02.27 11:14:17.197,1.23251,1.23254,1.25,12.38
2018.02.27 11:14:17.720,1.23251,1.23254,1.25,10.99
2018.02.27 11:14:18.233,1.23252,1.23253,1.25,3.00
2018.02.27 11:14:19.227,1.23251,1.23253,1.25,2.44
2018.02.27 11:14:20.134,1.23251,1.23252,1.25,1.00
2018.02.27 11:14:20.673,1.23251,1.23253,1.25,1.87
2018.02.27 11:14:23.721,1.23251,1.23252,1.00,1.12
2018.02.27 11:14:23.777,1.23249,1.2325,1.00,5.25
2018.02.27 11:14:23.830,1.23246,1.23248,1.10,1.12
2018.02.27 11:14:24.151,1.23247,1.23249,1.00,11.89
2018.02.27 11:14:24.662,1.23245,1.23246,3.94,1.00
2018.02.27 11:14:24.815,1.23241,1.23242,1.00,4.12
2018.02.27 11:14:25.225,1.23238,1.23241,1.87,6.82
2018.02.27 11:14:26.694,1.23241,1.23243,1.00,4.20
2018.02.27 11:14:26.800,1.23242,1.23244,1.00,1.10
2018.02.27 11:14:27.010,1.23241,1.23242,1.00,1.00
2018.02.27 11:14:27.165,1.23239,1.23242,1.12,1.50
2018.02.27 11:14:27.217,1.23241,1.23243,1.00,2.81
2018.02.27 11:14:28.665,1.23238,1.23242,7.69,2.25
2018.02.27 11:14:28.991,1.23241,1.23243,1.00,2.51
2018.02.27 11:14:30.612,1.23242,1.23244,1.00,5.89
2018.02.27 11:14:31.688,1.23243,1.23245,1.37,7.20
2018.02.27 11:14:31.798,1.23244,1.23247,2.44,1.25
2018.02.27 11:14:31.903,1.23246,1.23248,1.25,1.10
2018.02.27 11:14:32.063,1.23248,1.23252,2.62,4.76
2018.02.27 11:14:32.344,1.2325,1.23253,1.00,7.31
2018.02.27 11:14:32.874,1.23251,1.23253,1.25,1.69
2018.02.27 11:14:33.079,1.23252,1.23255,1.00,4.84
2018.02.27 11:14:33.182,1.23254,1.23256,1.00,1.12
2018.02.27 11:14:33.725,1.23254,1.23258,1.87,2.25
2018.02.27 11:14:34.373,1.23253,1.23258,8.44,2.51
2018.02.27 11:14:34.705,1.23249,1.23251,1.12,18.19
2018.02.27 11:14:34.861,1.23248,1.2325,1.69,4.01
2018.02.27 11:14:35.381,1.23248,1.2325,1.25,10.24
2018.02.27 11:14:36.087,1.23248,1.23249,1.25,1.20
2018.02.27 11:14:36.645,1.23248,1.2325,1.25,9.64
2018.02.27 11:14:37.683,1.23248,1.23249,1.25,1.57
2018.02.27 11:14:38.511,1.23247,1.23249,1.25,2.40
2018.02.27 11:14:39.283,1.23247,1.23249,1.25,4.01
2018.02.27 11:14:39.731,1.2325,1.23252,2.25,1.10
2018.02.27 11:14:39.835,1.2325,1.23254,1.87,1.57
2018.02.27 11:14:39.889,1.23252,1.23254,1.00,1.10
2018.02.27 11:14:40.839,1.23252,1.23254,1.00,1.57
2018.02.27 11:14:47.105,1.23252,1.23255,1.00,5.33
2018.02.27 11:14:48.773,1.23253,1.23255,1.00,4.01
2018.02.27 11:14:49.292,1.23254,1.23258,1.69,3.37
2018.02.27 11:14:50.282,1.23254,1.23258,1.69,2.70
2018.02.27 11:14:50.830,1.23255,1.23258,1.25,2.62
2018.02.27 11:14:52.535,1.23254,1.23258,3.19,4.50
2018.02.27 11:14:52.847,1.23256,1.2326,3.00,4.76
2018.02.27 11:14:53.377,1.23256,1.2326,1.31,5.92
2018.02.27 11:14:54.011,1.23257,1.2326,1.25,8.36
2018.02.27 11:14:54.521,1.23256,1.2326,1.25,8.17
2018.02.27 11:14:55.422,1.23256,1.2326,1.25,4.80
2018.02.27 11:15:00.075,1.23256,1.2326,1.25,4.99
2018.02.27 11:15:01.481,1.23257,1.23259,1.00,1.12
2018.02.27 11:15:01.585,1.23258,1.23262,1.69,6.49
2018.02.27 11:15:02.121,1.23258,1.23262,1.87,4.31
2018.02.27 11:15:02.636,1.2326,1.23262,1.25,1.95
2018.02.27 11:15:03.189,1.2326,1.23262,1.25,1.01
2018.02.27 11:15:04.359,1.23259,1.2326,1.25,4.50
2018.02.27 11:15:04.793,1.2326,1.23263,1.31,1.50
2018.02.27 11:15:05.730,1.2326,1.23261,1.00,1.00
2018.02.27 11:15:06.353,1.23258,1.2326,1.25,3.37
2018.02.27 11:15:06.865,1.23259,1.2326,1.00,1.50
2018.02.27 11:15:06.969,1.2326,1.23262,1.25,1.20
2018.02.27 11:15:08.755,1.2326,1.23263,1.25,3.07
2018.02.27 11:15:14.678,1.23261,1.23263,1.25,1.69
2018.02.27 11:15:15.092,1.23263,1.23265,1.50,3.07
2018.02.27 11:15:15.611,1.23264,1.23265,1.25,1.12
2018.02.27 11:15:16.143,1.23264,1.23266,1.25,3.19
2018.02.27 11:15:16.813,1.23264,1.23265,1.25,1.00
2018.02.27 11:15:17.623,1.23263,1.23264,1.25,1.00
2018.02.27 11:15:18.172,1.23262,1.23264,1.25,1.54
2018.02.27 11:15:18.277,1.23261,1.23263,1.25,2.40
2018.02.27 11:15:18.382,1.23262,1.23264,1.25,2.92
2018.02.27 11:15:19.067,1.23261,1.23263,1.25,3.94
2018.02.27 11:15:19.378,1.23259,1.23261,1.25,3.60
2018.02.27 11:15:19.431,1.23258,1.23259,1.31,3.00
2018.02.27 11:15:19.538,1.23256,1.23257,2.06,1.00
2018.02.27 11:15:19.879,1.23253,1.23255,1.00,6.82
2018.02.27 11:15:20.138,1.23254,1.23257,1.25,1.01
2018.02.27 11:15:20.688,1.23254,1.23259,5.44,6.45
2018.02.27 11:15:22.554,1.23255,1.23259,1.31,3.08
2018.02.27 11:15:23.494,1.23254,1.23257,3.56,1.95
2018.02.27 11:15:23.603,1.23254,1.23256,1.25,4.61
2018.02.27 11:15:24.135,1.23254,1.23256,1.25,1.20
2018.02.27 11:15:24.796,1.23254,1.23256,1.25,1.57
2018.02.27 11:15:26.593,1.23254,1.23256,1.25,2.32
2018.02.27 11:15:27.137,1.23254,1.23256,1.25,3.82
2018.02.27 11:15:27.190,1.23253,1.23255,1.31,2.44
2018.02.27 11:15:27.664,1.23254,1.23258,3.19,1.69
2018.02.27 11:15:28.320,1.23255,1.23258,1.25,1.25
2018.02.27 11:15:29.102,1.23256,1.23258,1.00,1.00
2018.02.27 11:15:29.364,1.23256,1.2326,3.56,2.74
2018.02.27 11:15:30.022,1.23256,1.23259,3.56,1.50
2018.02.27 11:15:34.225,1.23258,1.2326,1.00,4.80
2018.02.27 11:15:34.690,1.23256,1.23258,1.25,2.06
2018.02.27 11:15:35.224,1.23255,1.23258,1.25,9.07
2018.02.27 11:15:35.706,1.23254,1.23257,1.25,1.25
2018.02.27 11:15:37.283,1.23255,1.23256,1.25,2.44
2018.02.27 11:15:37.813,1.23254,1.23257,3.37,1.00
2018.02.27 11:15:38.223,1.23254,1.23259,5.81,8.14
2018.02.27 11:15:39.231,1.23254,1.23258,4.31,1.00
2018.02.27 11:15:40.163,1.23254,1.23257,4.69,1.50
2018.02.27 11:15:41.480,1.23255,1.23257,1.25,2.81
2018.02.27 11:15:42.617,1.23256,1.23259,1.00,9.82
2018.02.27 11:15:42.669,1.23257,1.23259,1.00,3.82
2018.02.27 11:15:43.172,1.23257,1.23259,1.25,9.71
2018.02.27 11:15:45.208,1.23257,1.23259,1.25,4.99
2018.02.27 11:15:47.095,1.23257,1.23259,1.00,1.87
2018.02.27 11:15:50.940,1.23254,1.23257,3.00,1.50
2018.02.27 11:15:50.991,1.23256,1.23258,1.25,4.12
2018.02.27 11:15:51.756,1.23256,1.23258,1.25,3.64
2018.02.27 11:15:52.326,1.23256,1.23257,1.25,1.00
2018.02.27 11:15:53.064,1.23256,1.23258,1.25,6.26
2018.02.27 11:15:53.381,1.23251,1.23253,1.00,1.95
2018.02.27 11:15:53.897,1.23252,1.23254,1.25,1.95
2018.02.27 11:15:54.208,1.23251,1.23253,1.25,2.14
2018.02.27 11:15:54.738,1.23251,1.23253,1.25,2.06
2018.02.27 11:16:00.144,1.23251,1.23253,1.25,2.81
2018.02.27 11:16:00.197,1.23249,1.23251,1.12,1.25
2018.02.27 11:16:00.248,1.2325,1.23251,1.25,3.37
2018.02.27 11:16:00.300,1.23249,1.23251,1.25,2.25
2018.02.27 11:16:00.352,1.23248,1.23249,1.25,1.50
2018.02.27 11:16:00.715,1.23246,1.23248,1.00,1.00
2018.02.27 11:16:01.504,1.23245,1.23248,1.87,1.57
2018.02.27 11:16:01.556,1.23247,1.23249,1.25,5.89
2018.02.27 11:16:02.064,1.23247,1.23248,1.25,1.00
2018.02.27 11:16:02.653,1.23246,1.23248,1.25,5.06
2018.02.27 11:16:03.187,1.23246,1.23248,1.25,3.56
2018.02.27 11:16:04.020,1.23246,1.23248,1.25,5.44
2018.02.27 11:16:06.460,1.23246,1.23248,1.25,4.50
2018.02.27 11:16:08.051,1.23246,1.23249,1.25,8.14
2018.02.27 11:16:10.345,1.23246,1.23248,1.25,4.39
2018.02.27 11:16:15.111,1.23246,1.23248,1.25,4.57
2018.02.27 11:16:17.439,1.23246,1.23248,1.25,3.19
2018.02.27 11:16:19.711,1.23246,1.23248,1.25,5.51
2018.02.27 11:16:20.924,1.23246,1.23248,1.00,3.75
2018.02.27 11:16:21.804,1.23246,1.23249,1.00,10.76
2018.02.27 11:16:22.485,1.23243,1.23245,1.00,10.57
2018.02.27 11:16:23.199,1.23242,1.23244,1.00,3.37
2018.02.27 11:16:23.745,1.23242,1.23244,1.00,5.62
2018.02.27 11:16:24.367,1.23242,1.23243,1.00,3.07
2018.02.27 11:16:25.906,1.23241,1.23242,1.00,1.00
2018.02.27 11:16:28.932,1.23238,1.23241,1.50,1.12
2018.02.27 11:16:29.698,1.23237,1.23239,1.25,8.92
2018.02.27 11:16:29.840,1.23234,1.23235,1.00,2.62
2018.02.27 11:16:29.893,1.23232,1.23233,1.00,1.00
2018.02.27 11:16:29.946,1.2323,1.23232,1.50,1.00
2018.02.27 11:16:29.998,1.23231,1.23233,1.00,1.12
2018.02.27 11:16:33.470,1.2323,1.23231,1.00,1.00
2018.02.27 11:16:33.776,1.23227,1.23229,5.25,1.00
2018.02.27 11:16:34.280,1.23226,1.23228,1.00,4.12
2018.02.27 11:16:34.791,1.23226,1.23227,1.00,1.50
2018.02.27 11:16:35.319,1.23226,1.23227,1.00,1.12
2018.02.27 11:16:35.843,1.23226,1.23228,1.00,3.45
2018.02.27 11:16:36.409,1.23226,1.23227,1.00,1.12
2018.02.27 11:16:36.571,1.23228,1.23231,2.44,7.95
2018.02.27 11:16:36.624,1.23229,1.23231,1.25,2.32
2018.02.27 11:16:36.936,1.2323,1.23233,1.25,2.89
2018.02.27 11:16:37.245,1.23227,1.23229,1.25,7.76
2018.02.27 11:16:38.171,1.23227,1.23228,1.12,5.70
2018.02.27 11:16:38.274,1.23228,1.23231,1.00,7.57
2018.02.27 11:16:38.583,1.23229,1.23232,1.12,3.45
2018.02.27 11:16:39.097,1.2323,1.23232,1.25,1.25
2018.02.27 11:16:39.617,1.23229,1.2323,1.87,1.50
2018.02.27 11:16:40.129,1.23229,1.2323,1.00,1.00
2018.02.27 11:16:40.899,1.23229,1.23231,1.25,4.31
2018.02.27 11:16:41.416,1.23229,1.23232,1.87,2.32
2018.02.27 11:16:41.873,1.23231,1.23233,1.25,3.75
2018.02.27 11:16:42.666,1.23231,1.23233,1.00,1.12
2018.02.27 11:16:43.280,1.23231,1.23232,1.00,1.10
2018.02.27 11:16:45.078,1.23231,1.23233,1.00,3.37
2018.02.27 11:16:46.749,1.23231,1.23232,1.00,1.00
2018.02.27 11:16:48.222,1.23231,1.23233,1.00,4.50
2018.02.27 11:16:51.474,1.23231,1.23232,1.00,1.00
2018.02.27 11:16:51.785,1.23233,1.23234,1.25,4.31
2018.02.27 11:16:52.265,1.2323,1.23235,5.62,2.51
2018.02.27 11:16:52.370,1.23233,1.23235,1.25,4.20
2018.02.27 11:16:52.983,1.23233,1.23235,1.25,4.39
2018.02.27 11:16:54.663,1.23232,1.23234,1.25,3.00
2018.02.27 11:16:54.967,1.23231,1.23232,1.25,1.00
2018.02.27 11:16:55.021,1.23229,1.2323,1.69,2.62
2018.02.27 11:16:55.236,1.23227,1.23229,1.25,1.50
2018.02.27 11:16:56.307,1.23228,1.2323,1.25,8.70
2018.02.27 11:16:56.723,1.23227,1.23228,1.00,1.00
2018.02.27 11:16:56.775,1.23228,1.2323,1.00,2.70
2018.02.27 11:16:57.080,1.23229,1.23231,1.00,2.25
2018.02.27 11:16:57.596,1.2323,1.23232,1.25,5.66
2018.02.27 11:16:58.148,1.23231,1.23233,1.25,1.12
2018.02.27 11:16:59.337,1.2323,1.23231,2.06,1.00
2018.02.27 11:16:59.496,1.23228,1.2323,1.25,6.45
2018.02.27 11:17:00.029,1.23227,1.23229,1.25,4.10
2018.02.27 11:17:00.560,1.23227,1.23229,1.25,2.60
2018.02.27 11:17:01.158,1.23227,1.23229,1.25,3.35
2018.02.27 11:17:02.169,1.23227,1.23228,1.00,2.25
2018.02.27 11:17:02.686,1.23227,1.23229,1.25,4.78
2018.02.27 11:17:03.347,1.23227,1.23228,1.25,2.25
2018.02.27 11:17:03.857,1.23227,1.23229,1.25,3.09
2018.02.27 11:17:03.963,1.23228,1.2323,1.31,1.10
2018.02.27 11:17:04.069,1.2323,1.23232,1.25,3.75
2018.02.27 11:17:04.225,1.23231,1.23233,1.25,1.25
2018.02.27 11:17:04.796,1.23231,1.23233,1.00,1.10
2018.02.27 11:17:04.927,1.2323,1.23234,2.06,5.51
2018.02.27 11:17:05.448,1.2323,1.23234,1.69,4.76
2018.02.27 11:17:08.306,1.2323,1.23234,1.25,6.07
2018.02.27 11:17:09.407,1.23231,1.23234,1.25,6.45
2018.02.27 11:17:10.083,1.2323,1.23234,1.25,5.70
2018.02.27 11:17:10.669,1.23231,1.23234,1.25,2.51
2018.02.27 11:17:12.476,1.23233,1.23234,1.12,1.25
2018.02.27 11:17:12.530,1.23235,1.23236,1.00,2.70
2018.02.27 11:17:13.050,1.23235,1.23238,1.25,4.39
2018.02.27 11:17:14.874,1.23234,1.23237,3.56,1.01
2018.02.27 11:17:16.025,1.23234,1.23236,2.44,1.00
2018.02.27 11:17:16.192,1.23228,1.2323,3.37,3.62
2018.02.27 11:17:16.244,1.23227,1.23228,1.31,1.00
2018.02.27 11:17:16.751,1.23226,1.23228,1.25,1.57
2018.02.27 11:17:17.437,1.23226,1.23228,1.25,1.39
2018.02.27 11:17:18.352,1.23226,1.23228,1.25,1.10
2018.02.27 11:17:20.143,1.23226,1.23228,1.25,5.70
2018.02.27 11:17:21.560,1.23225,1.23227,1.25,3.75
2018.02.27 11:17:37.247,1.23225,1.23227,1.00,3.07
2018.02.27 11:17:38.833,1.23223,1.23224,3.19,1.00
2018.02.27 11:17:38.885,1.23222,1.23223,1.00,1.50
2018.02.27 11:17:39.231,1.2322,1.23222,1.10,3.37
2018.02.27 11:17:39.283,1.23218,1.23219,1.50,1.50
2018.02.27 11:17:39.441,1.23217,1.23218,1.00,1.69
2018.02.27 11:17:39.755,1.23214,1.23216,1.25,3.00
2018.02.27 11:17:39.810,1.23212,1.23214,1.00,4.20
2018.02.27 11:17:39.995,1.23209,1.23212,5.06,2.25
2018.02.27 11:17:40.305,1.23209,1.23211,1.12,1.00
2018.02.27 11:17:42.691,1.23209,1.23213,1.31,9.26
2018.02.27 11:17:42.900,1.23213,1.23214,1.50,2.32
2018.02.27 11:17:43.208,1.23217,1.2322,2.44,2.44
2018.02.27 11:17:43.446,1.23217,1.23221,9.00,1.57
2018.02.27 11:17:43.550,1.23219,1.23222,1.00,1.76
2018.02.27 11:17:43.861,1.23222,1.23223,1.00,1.69
2018.02.27 11:17:43.964,1.23219,1.23223,4.12,1.00
2018.02.27 11:17:44.805,1.23219,1.23222,1.87,3.19
2018.02.27 11:17:44.862,1.23219,1.2322,1.50,1.00
2018.02.27 11:17:45.018,1.23216,1.23219,1.00,2.32
2018.02.27 11:17:45.575,1.23215,1.23218,1.12,1.50
2018.02.27 11:17:45.783,1.23213,1.23215,8.62,1.00
2018.02.27 11:17:45.992,1.23211,1.23215,1.50,1.57
2018.02.27 11:17:46.046,1.23212,1.23215,5.44,1.20
2018.02.27 11:17:46.099,1.23212,1.23216,5.06,1.57
2018.02.27 11:17:47.439,1.23213,1.23217,1.31,1.31
2018.02.27 11:17:47.595,1.23213,1.23215,1.50,1.00
2018.02.27 11:17:47.911,1.23213,1.23217,4.12,2.70
2018.02.27 11:17:49.362,1.23213,1.23216,1.87,1.00
2018.02.27 11:17:49.566,1.23211,1.23214,3.37,1.12
2018.02.27 11:17:49.914,1.23208,1.23212,2.81,1.20
2018.02.27 11:17:51.976,1.23208,1.23211,3.94,3.75
2018.02.27 11:17:52.277,1.23202,1.23205,3.00,2.14
2018.02.27 11:17:52.434,1.23202,1.23207,5.71,1.76
2018.02.27 11:17:52.949,1.23203,1.23207,3.75,2.62
2018.02.27 11:17:53.137,1.23206,1.23209,1.12,4.39
2018.02.27 11:17:53.191,1.23206,1.2321,2.06,3.00
2018.02.27 11:17:53.399,1.23205,1.23208,1.50,1.57
2018.02.27 11:17:53.904,1.23206,1.23208,1.00,1.00
2018.02.27 11:17:54.451,1.23205,1.23209,1.12,1.50
2018.02.27 11:17:54.875,1.23208,1.23211,1.87,2.32
2018.02.27 11:17:54.927,1.23208,1.23212,3.00,3.82
2018.02.27 11:17:55.459,1.23208,1.23212,3.94,1.10
2018.02.27 11:17:55.717,1.2321,1.23213,1.00,1.95
2018.02.27 11:17:56.029,1.23212,1.23214,1.50,1.20
2018.02.27 11:17:56.414,1.23212,1.23217,10.40,1.39
2018.02.27 11:17:56.823,1.23214,1.23217,1.37,1.00
2018.02.27 11:17:56.926,1.23213,1.23218,3.75,1.50
2018.02.27 11:17:57.131,1.23215,1.23218,1.00,1.50
2018.02.27 11:17:57.695,1.23214,1.23218,1.12,1.50
2018.02.27 11:17:58.720,1.23215,1.23218,1.00,1.69
2018.02.27 11:17:59.805,1.23217,1.2322,1.87,1.10
2018.02.27 11:18:00.117,1.23214,1.23217,1.87,1.25
2018.02.27 11:18:02.339,1.23214,1.23217,1.00,1.95
2018.02.27 11:18:02.392,1.23212,1.23215,2.44,1.69
2018.02.27 11:18:02.445,1.23211,1.23212,1.00,1.00
2018.02.27 11:18:02.548,1.23209,1.23213,1.12,3.26
2018.02.27 11:18:02.807,1.23213,1.23214,1.00,1.87
2018.02.27 11:18:02.945,1.23214,1.23217,1.00,3.45
2018.02.27 11:18:03.049,1.23214,1.23218,1.00,1.39
2018.02.27 11:18:04.424,1.23217,1.23219,1.00,1.57
2018.02.27 11:18:04.478,1.23215,1.23218,2.44,2.62
2018.02.27 11:18:04.583,1.23213,1.23215,4.87,1.00
2018.02.27 11:18:04.636,1.23214,1.23217,1.00,1.12
2018.02.27 11:18:05.284,1.23214,1.23218,1.00,1.95
2018.02.27 11:18:05.889,1.23214,1.23218,1.12,1.57
2018.02.27 11:18:06.400,1.23214,1.23217,1.12,1.70
2018.02.27 11:18:07.403,1.23214,1.23218,1.00,5.14
2018.02.27 11:18:08.838,1.23214,1.23217,1.00,1.07
2018.02.27 11:18:10.466,1.23215,1.23219,4.12,3.45
2018.02.27 11:18:10.571,1.23216,1.23219,1.00,1.57
2018.02.27 11:18:10.623,1.23216,1.23218,1.00,2.70
2018.02.27 11:18:10.926,1.23212,1.23214,1.50,4.39
2018.02.27 11:18:11.237,1.23213,1.23216,2.25,4.76
2018.02.27 11:18:11.393,1.23214,1.23218,2.25,3.82
2018.02.27 11:18:13.455,1.23214,1.23218,1.87,1.95
2018.02.27 11:18:13.507,1.23214,1.23219,3.37,6.71
2018.02.27 11:18:13.612,1.23214,1.23217,1.87,1.20
2018.02.27 11:18:14.149,1.23214,1.23217,2.25,3.26
2018.02.27 11:18:19.030,1.23217,1.2322,1.50,6.37
2018.02.27 11:18:19.307,1.23211,1.23214,1.12,3.07
2018.02.27 11:18:19.671,1.23209,1.23211,1.00,1.12
2018.02.27 11:18:21.616,1.23209,1.23212,1.00,9.26
2018.02.27 11:18:22.277,1.23209,1.23211,1.00,1.25
2018.02.27 11:18:22.794,1.23209,1.23213,1.37,8.14
2018.02.27 11:18:24.574,1.2321,1.23212,1.65,1.25
2018.02.27 11:18:25.048,1.23209,1.23211,2.62,1.25
2018.02.27 11:18:25.151,1.23206,1.23207,3.75,1.50
2018.02.27 11:18:25.258,1.23205,1.23209,1.00,8.85
2018.02.27 11:18:25.412,1.23205,1.23208,1.50,1.39
2018.02.27 11:18:25.464,1.23205,1.23208,1.12,1.01
2018.02.27 11:18:26.057,1.23208,1.2321,1.00,3.64
2018.02.27 11:18:26.109,1.23208,1.2321,2.25,1.10
2018.02.27 11:18:26.373,1.2321,1.23213,1.00,2.89
2018.02.27 11:18:26.955,1.23209,1.23213,1.12,6.07
2018.02.27 11:18:27.540,1.2321,1.23213,1.00,4.57
2018.02.27 11:18:28.123,1.23209,1.23211,1.00,2.32
2018.02.27 11:18:28.174,1.23207,1.23211,2.25,2.70
2018.02.27 11:18:28.689,1.23206,1.23208,1.12,1.31
2018.02.27 11:18:29.079,1.23208,1.2321,1.87,5.70
2018.02.27 11:18:29.288,1.23208,1.23211,1.87,3.45
2018.02.27 11:18:29.811,1.23208,1.2321,1.12,3.07
2018.02.27 11:18:30.555,1.23208,1.23209,1.87,1.25
2018.02.27 11:18:31.096,1.23208,1.2321,1.50,2.51
2018.02.27 11:18:31.862,1.23208,1.23209,1.50,1.25
2018.02.27 11:18:33.047,1.23208,1.2321,1.50,4.01
2018.02.27 11:18:34.604,1.23208,1.2321,1.50,2.14
2018.02.27 11:18:34.759,1.23209,1.2321,1.00,1.10
2018.02.27 11:18:39.380,1.23209,1.23212,1.50,5.51
2018.02.27 11:18:39.693,1.23213,1.23215,1.00,3.26
2018.02.27 11:18:39.929,1.23209,1.23213,3.07,3.94
2018.02.27 11:18:39.984,1.23211,1.23213,1.00,6.26
2018.02.27 11:18:40.496,1.2321,1.23212,1.50,1.69
2018.02.27 11:18:41.443,1.2321,1.23211,1.00,1.00
2018.02.27 11:18:41.955,1.2321,1.23212,1.00,5.44
2018.02.27 11:18:43.280,1.23211,1.23213,1.00,4.57
2018.02.27 11:18:43.815,1.23212,1.23214,1.50,5.62
2018.02.27 11:18:44.074,1.2321,1.23212,1.00,4.20
2018.02.27 11:18:44.588,1.23209,1.23212,1.50,1.95
2018.02.27 11:18:44.951,1.2321,1.23211,1.00,1.00
2018.02.27 11:18:45.004,1.23209,1.23212,1.00,1.20
2018.02.27 11:18:45.514,1.23208,1.23212,1.87,4.58
2018.02.27 11:18:46.079,1.23208,1.23212,3.37,7.20
2018.02.27 11:18:46.132,1.23208,1.2321,1.50,1.69
2018.02.27 11:18:46.637,1.23207,1.2321,3.94,2.44
2018.02.27 11:18:47.475,1.23207,1.23209,3.94,1.25
2018.02.27 11:18:48.014,1.23206,1.23209,2.25,2.62
2018.02.27 11:18:49.132,1.23206,1.23208,1.12,1.57
2018.02.27 11:18:49.945,1.23206,1.23208,1.00,2.06
2018.02.27 11:18:51.168,1.23206,1.23209,2.25,1.01
2018.02.27 11:18:51.995,1.23205,1.2321,2.25,9.45
2018.02.27 11:18:52.331,1.23207,1.23209,3.37,1.31
2018.02.27 11:18:52.980,1.23206,1.2321,3.00,7.95
2018.02.27 11:18:53.718,1.23205,1.23209,4.50,1.25
2018.02.27 11:18:54.233,1.23205,1.23209,2.06,4.20
2018.02.27 11:18:54.963,1.23205,1.23209,1.87,5.51
2018.02.27 11:18:55.307,1.23205,1.23208,1.87,2.89
2018.02.27 11:18:55.575,1.23206,1.23209,6.60,2.51
2018.02.27 11:18:57.800,1.23207,1.2321,1.50,4.31
2018.02.27 11:18:58.567,1.23208,1.23209,1.00,1.31
2018.02.27 11:18:59.002,1.23206,1.2321,6.37,6.19
2018.02.27 11:18:59.314,1.23204,1.23207,3.75,1.00
2018.02.27 11:18:59.846,1.23205,1.23208,1.50,6.82
2018.02.27 11:19:00.428,1.23204,1.23208,5.63,6.07
2018.02.27 11:19:01.494,1.23204,1.23208,2.63,8.14
2018.02.27 11:19:01.772,1.23202,1.23206,4.35,1.69
2018.02.27 11:19:01.825,1.232,1.23204,6.60,1.87
2018.02.27 11:19:02.138,1.23204,1.23207,1.00,1.87
2018.02.27 11:19:02.726,1.23204,1.23206,1.00,1.00
2018.02.27 11:19:03.244,1.23203,1.23207,1.87,1.76
2018.02.27 11:19:04.303,1.23203,1.23207,2.25,1.20
2018.02.27 11:19:05.002,1.23203,1.23207,4.50,1.10
2018.02.27 11:19:05.531,1.23204,1.23206,1.50,1.00
2018.02.27 11:19:06.089,1.23203,1.23206,4.87,1.00
2018.02.27 11:19:06.770,1.23204,1.23206,1.00,1.00
2018.02.27 11:19:09.128,1.23205,1.23207,1.87,1.25
2018.02.27 11:19:09.631,1.23204,1.23206,2.25,1.00
2018.02.27 11:19:10.151,1.23205,1.23207,1.00,1.25
2018.02.27 11:19:10.725,1.23204,1.23206,6.00,1.25
2018.02.27 11:19:11.238,1.23204,1.23207,3.00,1.12
2018.02.27 11:19:11.997,1.23204,1.23206,3.00,1.25
2018.02.27 11:19:12.531,1.23205,1.23207,1.12,1.25
2018.02.27 11:19:16.282,1.23207,1.23209,1.00,2.51
2018.02.27 11:19:17.041,1.23208,1.23209,2.25,1.00
2018.02.27 11:19:17.573,1.23208,1.23209,1.50,1.00
2018.02.27 11:19:19.869,1.23208,1.23209,1.00,1.12
2018.02.27 11:19:19.974,1.23206,1.23208,1.00,1.12
2018.02.27 11:19:20.132,1.23204,1.23205,1.00,1.00
2018.02.27 11:19:20.185,1.23203,1.23205,1.50,1.50
2018.02.27 11:19:20.290,1.232,1.23202,8.25,1.00
2018.02.27 11:19:20.798,1.232,1.23203,7.31,1.00
2018.02.27 11:19:21.108,1.23203,1.23205,1.00,1.00
2018.02.27 11:19:21.263,1.23203,1.23207,2.25,3.26
2018.02.27 11:19:22.254,1.23203,1.23206,7.50,1.00
2018.02.27 11:19:22.781,1.23203,1.23206,4.12,1.00
2018.02.27 11:19:23.399,1.23203,1.23207,3.00,2.62
2018.02.27 11:19:23.792,1.23203,1.23205,1.50,1.00
2018.02.27 11:19:23.896,1.23202,1.23204,1.00,1.00
2018.02.27 11:19:24.439,1.23202,1.23204,2.25,1.00
2018.02.27 11:19:24.943,1.23202,1.23204,3.75,1.00
2018.02.27 11:19:25.536,1.23202,1.23204,1.50,1.00
2018.02.27 11:19:25.758,1.23204,1.23205,1.00,1.00
2018.02.27 11:19:26.301,1.23204,1.23206,1.50,1.00
2018.02.27 11:19:26.867,1.23204,1.23206,1.50,1.00
2018.02.27 11:19:27.187,1.23206,1.23207,1.50,1.00
2018.02.27 11:19:27.724,1.23207,1.23208,1.00,1.00
2018.02.27 11:19:27.881,1.23207,1.2321,3.94,1.01
2018.02.27 11:19:27.933,1.23209,1.23211,1.00,4.39
2018.02.27 11:19:28.037,1.23208,1.23211,2.62,1.25
2018.02.27 11:19:28.140,1.23209,1.23211,3.75,2.06
2018.02.27 11:19:28.807,1.23209,1.23211,6.56,2.12
2018.02.27 11:19:29.327,1.23209,1.23211,5.62,1.87
2018.02.27 11:19:38.604,1.23209,1.23211,3.00,1.00
2018.02.27 11:19:39.147,1.23209,1.23212,3.37,1.31
2018.02.27 11:19:44.003,1.23209,1.23212,2.25,1.12
2018.02.27 11:19:45.150,1.23209,1.23211,1.12,1.87
2018.02.27 11:19:45.459,1.23204,1.23206,1.50,1.00
2018.02.27 11:19:45.996,1.23203,1.23206,1.50,3.19
2018.02.27 11:19:46.466,1.23205,1.23207,1.31,1.25
2018.02.27 11:19:46.636,1.23206,1.23208,1.50,3.26
2018.02.27 11:19:47.761,1.23205,1.23207,3.75,1.00
2018.02.27 11:19:48.127,1.23209,1.2321,1.72,4.20
2018.02.27 11:19:48.264,1.2321,1.23212,2.06,2.62
2018.02.27 11:19:48.781,1.23209,1.23211,1.31,1.25
2018.02.27 11:19:50.832,1.23208,1.2321,3.19,1.00
2018.02.27 11:19:51.334,1.23208,1.23211,1.50,2.25
2018.02.27 11:19:52.086,1.23208,1.2321,1.00,1.00
2018.02.27 11:19:52.469,1.23206,1.23209,1.12,1.12
2018.02.27 11:19:52.977,1.23206,1.23208,1.00,2.81
2018.02.27 11:19:53.030,1.23204,1.23207,1.87,1.00
2018.02.27 11:19:53.536,1.23205,1.23207,2.62,1.00
2018.02.27 11:19:54.078,1.23206,1.23208,1.00,1.39
2018.02.27 11:19:54.317,1.23208,1.2321,1.50,1.69
2018.02.27 11:19:54.840,1.23209,1.2321,1.00,1.25
2018.02.27 11:19:55.379,1.23208,1.2321,4.69,1.25
2018.02.27 11:19:56.259,1.23209,1.2321,1.00,1.25
2018.02.27 11:19:56.836,1.23208,1.2321,1.69,1.25
2018.02.27 11:19:57.816,1.23208,1.2321,1.87,1.00
2018.02.27 11:19:58.840,1.23209,1.2321,1.00,1.50
2018.02.27 11:20:00.448,1.23208,1.2321,1.69,1.00
2018.02.27 11:20:02.193,1.23208,1.23209,3.75,1.00
2018.02.27 11:20:02.812,1.23209,1.2321,1.00,1.50
2018.02.27 11:20:03.610,1.23208,1.2321,3.00,1.00
2018.02.27 11:20:04.287,1.23209,1.2321,2.25,1.00
2018.02.27 11:20:05.602,1.23209,1.2321,2.62,1.00
2018.02.27 11:20:06.828,1.23209,1.23211,3.37,1.00
2018.02.27 11:20:07.360,1.23208,1.2321,1.87,1.00
2018.02.27 11:20:07.902,1.23209,1.23211,2.62,1.25
2018.02.27 11:20:08.452,1.2321,1.23211,2.25,1.00
2018.02.27 11:20:08.763,1.23214,1.23215,1.00,1.00
2018.02.27 11:20:09.314,1.23214,1.23216,1.00,1.00
2018.02.27 11:20:11.131,1.23212,1.23215,1.00,4.50
2018.02.27 11:20:11.452,1.23211,1.23213,2.25,1.00
2018.02.27 11:20:12.189,1.23211,1.23214,1.12,1.00
2018.02.27 11:20:13.015,1.23211,1.23214,1.00,6.37
2018.02.27 11:20:13.565,1.23211,1.23212,1.00,1.12
2018.02.27 11:20:16.079,1.23211,1.23213,1.00,3.19
2018.02.27 11:20:16.952,1.23211,1.23212,1.00,1.00
2018.02.27 11:20:17.789,1.23211,1.23213,1.00,2.44
2018.02.27 11:20:21.169,1.23211,1.23214,1.00,1.00
2018.02.27 11:20:21.689,1.23211,1.23215,1.50,4.76
2018.02.27 11:20:22.277,1.23211,1.23214,1.50,1.25
2018.02.27 11:20:22.820,1.23212,1.23214,1.00,1.69
2018.02.27 11:20:23.359,1.23213,1.23214,1.50,1.00
2018.02.27 11:20:23.654,1.23218,1.2322,1.00,3.82
2018.02.27 11:20:24.163,1.23219,1.23221,1.50,5.51
2018.02.27 11:20:24.877,1.23219,1.23221,1.50,4.01
2018.02.27 11:20:26.384,1.23219,1.23223,5.44,1.95
2018.02.27 11:20:27.064,1.23221,1.23223,1.00,1.12
2018.02.27 11:20:27.289,1.23219,1.23222,1.87,1.00
2018.02.27 11:20:27.817,1.23219,1.23223,4.50,7.39
2018.02.27 11:20:28.330,1.23219,1.23223,3.00,1.12
2018.02.27 11:20:29.505,1.23219,1.23223,5.62,1.87
2018.02.27 11:20:30.047,1.23219,1.23223,4.12,4.69
2018.02.27 11:20:31.286,1.23219,1.23223,1.50,1.87
2018.02.27 11:20:32.148,1.23219,1.23222,3.75,1.00
2018.02.27 11:20:34.104,1.2322,1.23222,1.00,1.00
2018.02.27 11:20:35.115,1.2322,1.23223,1.00,3.00
2018.02.27 11:20:35.167,1.23222,1.23223,1.12,2.32
2018.02.27 11:20:35.273,1.23223,1.23225,3.75,2.32
2018.02.27 11:20:35.418,1.23227,1.23228,1.12,1.20
2018.02.27 11:20:36.058,1.23226,1.23229,1.00,1.76
2018.02.27 11:20:36.728,1.23226,1.23228,1.87,1.25
2018.02.27 11:20:37.038,1.23219,1.2322,1.50,1.00
2018.02.27 11:20:37.243,1.23216,1.23219,6.75,1.00
2018.02.27 11:20:37.761,1.23217,1.23219,1.00,1.69
2018.02.27 11:20:40.623,1.23217,1.23218,1.00,1.00
2018.02.27 11:20:41.199,1.23217,1.23219,1.00,4.69
2018.02.27 11:20:41.954,1.23217,1.23219,1.00,3.37
2018.02.27 11:20:43.227,1.23215,1.23216,3.00,1.00
2018.02.27 11:20:43.739,1.23215,1.23217,1.12,2.81
2018.02.27 11:20:44.612,1.23215,1.23216,3.00,1.25
2018.02.27 11:20:44.716,1.23215,1.23219,4.12,2.32
2018.02.27 11:20:45.356,1.23215,1.23219,3.00,1.87
2018.02.27 11:20:45.909,1.23216,1.23219,1.50,1.31
2018.02.27 11:20:48.215,1.23216,1.23218,2.44,1.25
2018.02.27 11:20:50.128,1.23217,1.23218,2.44,1.25
2018.02.27 11:20:50.285,1.23219,1.23221,4.87,1.00
2018.02.27 11:20:51.429,1.2322,1.23221,1.00,1.00
2018.02.27 11:20:52.903,1.23218,1.2322,1.12,1.00
2018.02.27 11:20:53.391,1.23216,1.23219,1.50,2.25
2018.02.27 11:20:53.495,1.23215,1.23217,1.50,1.00
2018.02.27 11:20:53.807,1.23212,1.23216,4.50,4.39
2018.02.27 11:20:54.855,1.23212,1.23215,3.37,1.50
2018.02.27 11:20:55.190,1.23209,1.23212,3.56,1.00
2018.02.27 11:20:57.336,1.23212,1.23213,1.12,5.06
2018.02.27 11:20:57.390,1.23212,1.23215,3.37,3.07
2018.02.27 11:20:57.955,1.23213,1.23214,1.00,1.25
2018.02.27 11:20:58.636,1.23214,1.23216,1.50,1.00
2018.02.27 11:20:59.426,1.23213,1.23216,14.17,1.00
2018.02.27 11:21:00.131,1.23213,1.23215,3.75,1.00
2018.02.27 11:21:02.625,1.23214,1.23215,1.87,1.00
2018.02.27 11:21:03.301,1.23213,1.23215,5.25,1.00
2018.02.27 11:21:03.406,1.23212,1.23215,6.00,1.50
2018.02.27 11:21:03.927,1.2321,1.23214,4.12,1.12
2018.02.27 11:21:05.560,1.23212,1.23214,1.00,1.87
2018.02.27 11:21:06.703,1.23212,1.23215,3.00,1.00
2018.02.27 11:21:10.648,1.23212,1.23215,2.62,1.00
2018.02.27 11:21:10.940,1.23216,1.23219,2.25,2.44
2018.02.27 11:21:11.599,1.23218,1.23219,1.00,1.00
2018.02.27 11:21:15.273,1.23218,1.23219,1.31,1.25
2018.02.27 11:21:15.849,1.23217,1.23219,5.62,1.00
2018.02.27 11:21:15.980,1.23218,1.23222,2.62,4.69
2018.02.27 11:21:16.500,1.2322,1.23222,2.62,1.00
2018.02.27 11:21:17.584,1.2322,1.23221,2.62,1.00
2018.02.27 11:21:18.128,1.2322,1.23222,1.12,1.00
2018.02.27 11:21:19.242,1.23221,1.23224,1.00,2.14
2018.02.27 11:21:19.346,1.23223,1.23224,1.50,1.69
2018.02.27 11:21:19.452,1.23224,1.23226,4.50,1.12
2018.02.27 11:21:20.359,1.23225,1.23226,1.00,1.25
2018.02.27 11:21:20.983,1.23224,1.23226,2.25,1.25
2018.02.27 11:21:24.125,1.23224,1.23226,3.56,1.25
2018.02.27 11:21:24.662,1.23224,1.23226,1.12,1.25
2018.02.27 11:21:28.788,1.23223,1.23224,2.25,1.00
2018.02.27 11:21:28.841,1.23219,1.23222,5.06,1.10
2018.02.27 11:21:29.091,1.23222,1.23225,1.25,6.15
2018.02.27 11:21:29.402,1.23224,1.23225,1.00,1.00
2018.02.27 11:21:29.906,1.23224,1.23225,1.00,1.00
2018.02.27 11:21:30.496,1.23223,1.23225,3.00,1.00
2018.02.27 11:21:32.528,1.23224,1.23225,2.25,1.00
2018.02.27 11:21:36.960,1.23224,1.23225,3.00,1.00
2018.02.27 11:21:43.875,1.23223,1.23225,2.62,1.00
2018.02.27 11:21:43.981,1.23221,1.23224,3.00,1.00
2018.02.27 11:21:44.500,1.23221,1.23224,4.12,1.25
2018.02.27 11:21:45.014,1.23223,1.23224,3.75,1.50
2018.02.27 11:21:45.119,1.23223,1.23227,13.16,1.57
2018.02.27 11:21:45.627,1.23224,1.23227,1.50,1.87
2018.02.27 11:21:46.133,1.23223,1.23227,7.12,1.12
2018.02.27 11:21:46.663,1.23224,1.23226,3.37,1.00
2018.02.27 11:21:47.381,1.23225,1.23227,4.50,1.00
2018.02.27 11:21:47.435,1.23227,1.2323,1.12,3.82
2018.02.27 11:21:47.592,1.23229,1.23231,1.00,4.76
2018.02.27 11:21:48.189,1.23228,1.23231,1.87,3.26
2018.02.27 11:21:48.519,1.2323,1.23233,2.63,1.50
2018.02.27 11:21:49.080,1.23231,1.23233,1.00,1.12
2018.02.27 11:21:49.596,1.2323,1.23233,2.25,2.62
2018.02.27 11:21:50.465,1.2323,1.23232,1.50,1.00
2018.02.27 11:21:50.972,1.2323,1.23233,1.50,2.62
2018.02.27 11:21:51.627,1.2323,1.23232,1.12,1.50
2018.02.27 11:21:52.580,1.23229,1.23231,3.37,1.00
2018.02.27 11:21:56.727,1.23229,1.23231,2.62,1.50
2018.02.27 11:21:57.511,1.23229,1.2323,1.69,1.50
2018.02.27 11:21:57.562,1.23227,1.23228,1.00,1.00
2018.02.27 11:21:57.614,1.23226,1.23228,1.12,1.00
2018.02.27 11:21:57.938,1.23224,1.23228,3.22,1.10
2018.02.27 11:21:58.788,1.23224,1.23228,3.00,1.20
2018.02.27 11:22:02.172,1.23224,1.23228,4.31,2.51
2018.02.27 11:22:04.315,1.23224,1.23228,3.56,1.76
2018.02.27 11:22:07.575,1.23224,1.23227,3.75,2.44
2018.02.27 11:22:07.628,1.23223,1.23224,1.00,2.25
2018.02.27 11:22:07.679,1.23222,1.23223,1.87,1.00
2018.02.27 11:22:07.731,1.2322,1.23223,1.50,2.25
2018.02.27 11:22:08.266,1.2322,1.23222,3.00,1.00
2018.02.27 11:22:08.944,1.2322,1.23222,3.00,1.00
2018.02.27 11:22:09.472,1.23222,1.23223,1.00,1.00
2018.02.27 11:22:10.969,1.23221,1.23223,3.56,1.00
2018.02.27 11:22:13.115,1.2322,1.23223,2.44,1.50
2018.02.27 11:22:14.320,1.23221,1.23223,1.50,2.25
2018.02.27 11:22:16.266,1.2322,1.23223,4.54,1.50
2018.02.27 11:22:16.908,1.23221,1.23223,1.50,1.50
2018.02.27 11:22:17.649,1.2322,1.23223,6.04,1.50
2018.02.27 11:22:18.161,1.23221,1.23223,1.50,1.50
2018.02.27 11:22:18.662,1.2322,1.23223,8.74,1.50
2018.02.27 11:22:19.793,1.23221,1.23223,1.50,1.50
2018.02.27 11:22:20.325,1.2322,1.23223,6.11,1.50
2018.02.27 11:22:21.290,1.23221,1.23223,1.50,2.25
2018.02.27 11:22:21.997,1.2322,1.23223,7.01,1.50
2018.02.27 11:22:23.513,1.23221,1.23223,1.00,2.25
2018.02.27 11:22:24.054,1.2322,1.23223,9.26,1.50
2018.02.27 11:22:24.543,1.23222,1.23223,1.00,1.50
2018.02.27 11:22:24.646,1.23224,1.23226,2.25,1.50
2018.02.27 11:22:24.699,1.23225,1.23228,8.25,2.14
2018.02.27 11:22:25.069,1.23227,1.23229,7.76,2.31
2018.02.27 11:22:25.171,1.2323,1.23232,2.25,2.25
2018.02.27 11:22:25.375,1.23229,1.2323,1.87,3.00
2018.02.27 11:22:25.561,1.23229,1.23232,3.75,1.12
2018.02.27 11:22:26.096,1.23229,1.23231,5.89,1.00
2018.02.27 11:22:26.985,1.2323,1.23231,1.00,4.50
2018.02.27 11:22:27.037,1.2323,1.23232,1.00,2.44
2018.02.27 11:22:27.563,1.2323,1.23233,1.87,2.81
2018.02.27 11:22:32.401,1.23231,1.23233,1.00,1.19
2018.02.27 11:22:37.134,1.2323,1.23233,1.50,1.87
2018.02.27 11:22:40.407,1.23229,1.2323,2.25,3.00
2018.02.27 11:22:40.461,1.23227,1.23228,1.57,1.00
2018.02.27 11:22:40.568,1.23223,1.23226,4.12,2.62
2018.02.27 11:22:40.674,1.23221,1.23223,1.50,1.00
2018.02.27 11:22:40.986,1.23223,1.23224,1.00,1.00
2018.02.27 11:22:41.039,1.23223,1.23225,2.25,1.12
2018.02.27 11:22:41.376,1.23225,1.23227,1.00,1.69
2018.02.27 11:22:46.286,1.23226,1.23227,1.00,1.00
2018.02.27 11:22:50.298,1.23227,1.23229,3.37,2.25
2018.02.27 11:22:50.402,1.23229,1.2323,1.00,1.12
2018.02.27 11:22:50.799,1.23227,1.23229,2.25,1.12
2018.02.27 11:22:51.541,1.23225,1.23228,3.00,3.00
2018.02.27 11:22:52.505,1.23225,1.23227,2.62,1.00
2018.02.27 11:22:53.020,1.23225,1.23228,1.87,2.62
2018.02.27 11:22:53.692,1.23225,1.23228,1.00,2.44
2018.02.27 11:22:54.594,1.23225,1.23228,1.00,2.44
2018.02.27 11:23:00.646,1.23224,1.23228,4.50,3.75
2018.02.27 11:23:01.669,1.23224,1.23226,1.00,1.00
2018.02.27 11:23:02.162,1.23223,1.23225,1.00,8.25
2018.02.27 11:23:02.369,1.23221,1.23224,1.12,1.50
2018.02.27 11:23:06.280,1.23222,1.23224,1.00,2.25
2018.02.27 11:23:06.856,1.23221,1.23224,2.25,2.25
2018.02.27 11:23:07.977,1.2322,1.23224,9.00,3.00
2018.02.27 11:23:08.497,1.2322,1.23224,3.75,1.50
2018.02.27 11:23:15.790,1.2322,1.23224,2.62,4.12
2018.02.27 11:23:16.529,1.23221,1.23222,1.12,1.00
2018.02.27 11:23:20.034,1.2322,1.23222,3.37,1.00
2018.02.27 11:23:20.872,1.23221,1.23222,1.00,1.00
2018.02.27 11:23:22.346,1.2322,1.23222,3.56,1.00
2018.02.27 11:23:23.048,1.23221,1.23222,1.50,1.00
2018.02.27 11:23:23.201,1.23223,1.23224,1.12,2.32
2018.02.27 11:23:23.304,1.23223,1.23226,4.72,1.87
2018.02.27 11:23:24.345,1.23223,1.23227,6.60,3.00
2018.02.27 11:23:24.882,1.23223,1.23227,6.41,2.62
2018.02.27 11:23:26.205,1.23223,1.23226,2.47,1.00
2018.02.27 11:23:26.767,1.23224,1.23226,1.50,1.12
2018.02.27 11:23:26.821,1.23226,1.23227,2.62,1.50
2018.02.27 11:23:26.977,1.23233,1.23236,2.62,1.00
2018.02.27 11:23:27.030,1.23233,1.23235,1.31,1.00
2018.02.27 11:23:27.183,1.23231,1.23233,1.25,1.25
2018.02.27 11:23:27.771,1.23231,1.23233,2.44,1.00
2018.02.27 11:23:27.929,1.23236,1.23237,1.00,1.12
2018.02.27 11:23:28.035,1.23236,1.23239,5.62,1.69
2018.02.27 11:23:28.584,1.23236,1.2324,1.20,3.00
2018.02.27 11:23:28.946,1.2324,1.23241,4.69,1.00
2018.02.27 11:23:28.998,1.23241,1.23243,1.87,1.00
2018.02.27 11:23:29.051,1.2324,1.23243,1.00,5.63
2018.02.27 11:23:29.558,1.23239,1.23241,1.31,1.31
2018.02.27 11:23:30.074,1.23238,1.2324,2.44,1.87
2018.02.27 11:23:30.322,1.2324,1.23243,3.19,1.25
2018.02.27 11:23:31.471,1.2324,1.23243,3.56,1.19
2018.02.27 11:23:32.263,1.2324,1.23243,1.12,1.00
2018.02.27 11:23:33.113,1.23239,1.23242,1.10,1.25
2018.02.27 11:23:33.620,1.2324,1.23242,1.31,1.69
2018.02.27 11:23:34.139,1.23239,1.2324,3.94,1.00
2018.02.27 11:23:34.245,1.23235,1.23238,1.00,1.12
2018.02.27 11:23:34.404,1.23237,1.23239,1.00,4.87
2018.02.27 11:23:34.709,1.2324,1.23242,1.50,1.00
2018.02.27 11:23:35.232,1.2324,1.23243,1.00,2.62
2018.02.27 11:23:35.824,1.2324,1.23242,1.50,1.00
2018.02.27 11:23:37.780,1.23237,1.23239,3.07,1.00
2018.02.27 11:23:37.934,1.2324,1.23243,6.37,3.37
2018.02.27 11:23:38.036,1.2324,1.23245,4.50,6.19
2018.02.27 11:23:38.190,1.23242,1.23244,1.31,1.25
2018.02.27 11:23:38.837,1.23241,1.23245,1.25,8.32
2018.02.27 11:23:39.148,1.23237,1.23239,1.12,1.00
2018.02.27 11:23:39.868,1.23237,1.2324,3.00,1.12
2018.02.27 11:23:42.520,1.23239,1.23241,1.87,4.12
2018.02.27 11:23:42.574,1.2324,1.23243,1.00,1.31
2018.02.27 11:23:43.548,1.2324,1.23243,1.69,1.31
2018.02.27 11:23:44.058,1.2324,1.23242,2.44,1.00
2018.02.27 11:23:46.802,1.2324,1.23244,1.50,5.32
2018.02.27 11:23:48.496,1.2324,1.23242,4.50,1.00
2018.02.27 11:23:49.943,1.2324,1.23244,1.50,5.32
2018.02.27 11:23:50.404,1.23243,1.23245,1.50,1.00
2018.02.27 11:23:51.136,1.23243,1.23244,2.25,1.00
2018.02.27 11:23:51.652,1.23241,1.23244,1.12,2.62
2018.02.27 11:23:52.235,1.23241,1.23243,1.12,1.37
2018.02.27 11:23:53.535,1.23241,1.23243,1.12,1.12
2018.02.27 11:23:55.539,1.23243,1.23244,1.00,1.00
2018.02.27 11:23:55.733,1.23246,1.23249,1.50,1.87
2018.02.27 11:23:55.786,1.23248,1.23249,3.75,1.00
2018.02.27 11:23:56.309,1.23246,1.2325,1.50,2.81
2018.02.27 11:23:56.628,1.23243,1.23248,8.70,2.06
2018.02.27 11:23:57.002,1.23243,1.23247,7.01,1.50
2018.02.27 11:23:57.466,1.23244,1.23248,3.45,2.25
2018.02.27 11:23:58.016,1.23244,1.23249,1.95,5.81
2018.02.27 11:23:58.540,1.23244,1.23248,3.45,2.25
2018.02.27 11:23:59.050,1.23244,1.23249,3.64,3.94
2018.02.27 11:23:59.675,1.23244,1.23249,3.64,5.81
2018.02.27 11:24:00.311,1.23244,1.23249,2.14,3.56
2018.02.27 11:24:01.080,1.23244,1.23248,2.14,1.12
2018.02.27 11:24:01.455,1.23243,1.23246,3.00,1.00
2018.02.27 11:24:02.096,1.23243,1.23247,1.00,3.19
2018.02.27 11:24:02.599,1.23243,1.23246,3.75,1.00
2018.02.27 11:24:03.037,1.23241,1.23244,4.57,1.50
2018.02.27 11:24:03.343,1.23245,1.23247,1.31,1.50
2018.02.27 11:24:04.164,1.23244,1.23247,1.50,1.12
2018.02.27 11:24:05.568,1.23243,1.23245,2.25,1.00
2018.02.27 11:24:05.622,1.23242,1.23245,1.00,2.62
2018.02.27 11:24:05.725,1.23241,1.23243,1.25,1.50
2018.02.27 11:24:06.238,1.2324,1.23244,8.33,1.12
2018.02.27 11:24:06.696,1.23244,1.23246,1.00,1.00
2018.02.27 11:24:08.022,1.23243,1.23246,1.95,1.50
2018.02.27 11:24:08.384,1.23242,1.23245,3.00,4.12
2018.02.27 11:24:08.490,1.23244,1.23247,1.87,1.87
2018.02.27 11:24:09.023,1.23245,1.23248,1.87,1.87
2018.02.27 11:24:10.111,1.23243,1.23247,3.82,1.25
2018.02.27 11:24:10.809,1.23243,1.23248,1.87,7.65
2018.02.27 11:24:10.861,1.23243,1.23246,2.62,1.00
2018.02.27 11:24:11.120,1.23243,1.23247,1.50,1.25
2018.02.27 11:24:11.434,1.23243,1.23245,1.69,1.25
2018.02.27 11:24:12.447,1.23242,1.23245,3.56,1.00
2018.02.27 11:24:15.140,1.23241,1.23244,2.81,1.00
2018.02.27 11:24:15.245,1.23244,1.23247,1.00,2.25
2018.02.27 11:24:15.812,1.23243,1.23245,1.00,1.50
2018.02.27 11:24:15.971,1.2324,1.23243,1.31,1.50
2018.02.27 11:24:16.514,1.2324,1.23243,3.75,1.50
2018.02.27 11:24:18.843,1.23239,1.23241,2.81,3.37
2018.02.27 11:24:19.001,1.23236,1.23238,1.76,1.00
2018.02.27 11:24:20.008,1.23234,1.23238,4.69,1.56
2018.02.27 11:24:20.165,1.23234,1.23238,1.12,1.69
2018.02.27 11:24:21.791,1.23233,1.23236,9.45,1.00
2018.02.27 11:24:22.322,1.23232,1.23236,2.14,1.87
2018.02.27 11:24:22.872,1.23231,1.23235,6.26,1.00
2018.02.27 11:24:23.026,1.2323,1.23233,6.07,1.00
2018.02.27 11:24:23.620,1.23231,1.23233,1.50,1.00
2018.02.27 11:24:24.501,1.23231,1.23234,1.00,1.87
2018.02.27 11:24:24.842,1.23231,1.23232,1.00,1.50
2018.02.27 11:24:25.196,1.2323,1.23234,1.25,1.87
2018.02.27 11:24:30.109,1.2323,1.23233,2.06,1.00
2018.02.27 11:24:30.895,1.2323,1.23234,2.44,2.40
2018.02.27 11:24:31.400,1.2323,1.23233,3.19,1.20
2018.02.27 11:24:32.187,1.2323,1.23232,1.00,4.05
2018.02.27 11:24:32.240,1.23226,1.23229,7.12,1.12
2018.02.27 11:24:32.431,1.23224,1.23229,2.14,3.56
2018.02.27 11:24:32.944,1.23224,1.23229,3.26,2.62
2018.02.27 11:24:33.097,1.23226,1.23229,1.87,1.87
2018.02.27 11:24:33.427,1.23228,1.23231,1.25,9.22
2018.02.27 11:24:33.793,1.23231,1.23232,2.25,1.00
2018.02.27 11:24:34.556,1.23231,1.23234,1.69,3.00
2018.02.27 11:24:35.241,1.23232,1.23234,1.00,2.25
2018.02.27 11:24:35.761,1.23232,1.23235,3.26,1.69
2018.02.27 11:24:36.332,1.23231,1.23234,8.06,1.87
2018.02.27 11:24:36.486,1.2323,1.23234,2.62,4.12
2018.02.27 11:24:36.597,1.23229,1.23231,1.25,1.00
2018.02.27 11:24:36.910,1.23227,1.2323,1.00,1.00
2018.02.27 11:24:37.423,1.23226,1.2323,1.12,3.45
2018.02.27 11:24:40.418,1.23228,1.2323,2.25,3.75
2018.02.27 11:24:41.051,1.23227,1.23229,6.00,1.00
2018.02.27 11:24:41.765,1.23227,1.2323,1.00,2.62
2018.02.27 11:24:42.337,1.23227,1.23229,1.12,1.12
2018.02.27 11:24:42.443,1.23225,1.23228,1.31,1.31
2018.02.27 11:24:47.284,1.23224,1.23228,1.12,4.80
2018.02.27 11:24:47.337,1.23222,1.23225,6.56,1.00
2018.02.27 11:24:47.611,1.23221,1.23224,2.62,1.12
2018.02.27 11:24:48.148,1.23221,1.23223,1.12,1.00
2018.02.27 11:24:48.572,1.23222,1.23226,8.25,1.95
2018.02.27 11:24:48.914,1.23224,1.23228,2.81,4.91
2018.02.27 11:24:52.003,1.23224,1.23226,1.50,1.00
2018.02.27 11:24:52.057,1.23224,1.23228,1.50,2.89
2018.02.27 11:24:52.751,1.23224,1.23227,1.00,1.00
2018.02.27 11:24:53.272,1.23223,1.23228,5.85,3.75
2018.02.27 11:24:55.179,1.23224,1.23227,1.00,1.50
2018.02.27 11:24:55.706,1.23224,1.23227,1.00,1.39
2018.02.27 11:24:56.252,1.23224,1.23227,1.00,1.09
2018.02.27 11:24:56.991,1.23223,1.23227,5.29,1.00
2018.02.27 11:24:58.259,1.23224,1.23227,1.50,1.50
2018.02.27 11:24:58.668,1.23222,1.23225,1.12,2.81
2018.02.27 11:24:58.774,1.2322,1.23224,1.00,6.56
2018.02.27 11:24:58.957,1.23219,1.23223,3.37,1.91
2018.02.27 11:25:00.013,1.23219,1.23222,1.00,2.06
2018.02.27 11:25:00.534,1.23217,1.23221,1.69,2.25
2018.02.27 11:25:01.566,1.23217,1.23221,2.06,2.25
2018.02.27 11:25:02.183,1.23217,1.23221,1.31,2.81
2018.02.27 11:25:03.692,1.23217,1.23219,1.12,1.12
2018.02.27 11:25:04.205,1.23216,1.23219,1.69,1.00
2018.02.27 11:25:04.772,1.23216,1.23218,3.56,1.00
2018.02.27 11:25:05.339,1.23216,1.23219,2.06,1.25
2018.02.27 11:25:05.890,1.23214,1.23219,6.94,1.87
2018.02.27 11:25:06.202,1.23212,1.23215,1.69,3.37
2018.02.27 11:25:06.737,1.23211,1.23216,4.87,7.20
2018.02.27 11:25:07.663,1.23213,1.23216,2.62,3.75
2018.02.27 11:25:07.822,1.23216,1.23219,1.50,3.37
2018.02.27 11:25:08.396,1.23216,1.23219,2.25,1.00
2018.02.27 11:25:08.944,1.23216,1.2322,2.81,4.31
2018.02.27 11:25:09.304,1.23215,1.23218,2.25,1.50
2018.02.27 11:25:09.823,1.23215,1.23219,1.50,2.25
2018.02.27 11:25:10.332,1.23215,1.23219,1.12,2.25
2018.02.27 11:25:10.909,1.23214,1.23219,4.31,3.00
2018.02.27 11:25:13.701,1.23214,1.23219,3.38,2.62
2018.02.27 11:25:14.702,1.23214,1.23218,4.69,1.00
2018.02.27 11:25:15.343,1.23214,1.23219,2.44,2.70
2018.02.27 11:25:15.968,1.23215,1.23219,1.00,4.20
2018.02.27 11:25:16.550,1.23214,1.23219,5.44,2.62
2018.02.27 11:25:16.905,1.23215,1.23219,1.87,4.12
2018.02.27 11:25:17.524,1.23215,1.23219,2.72,4.50
2018.02.27 11:25:18.271,1.23214,1.23219,6.19,3.00
2018.02.27 11:25:20.954,1.23216,1.2322,2.44,6.26
2018.02.27 11:25:21.316,1.23215,1.2322,12.19,1.57
2018.02.27 11:25:22.235,1.23216,1.23219,1.12,1.12
2018.02.27 11:25:22.858,1.23215,1.23219,1.12,2.70
2018.02.27 11:25:24.408,1.23215,1.23219,1.50,3.07
2018.02.27 11:25:24.620,1.23215,1.23219,8.06,1.69
2018.02.27 11:25:25.134,1.23215,1.23219,6.37,1.47
2018.02.27 11:25:25.649,1.23215,1.23219,1.12,1.87
2018.02.27 11:25:27.100,1.23215,1.23218,2.85,1.25
2018.02.27 11:25:28.335,1.23214,1.23219,6.19,4.31
2018.02.27 11:25:29.139,1.23214,1.23217,1.87,1.00
2018.02.27 11:25:29.656,1.23214,1.23218,6.94,1.00
2018.02.27 11:25:30.254,1.23214,1.23219,4.76,6.00
2018.02.27 11:25:30.513,1.23215,1.23219,5.44,1.87
2018.02.27 11:25:31.040,1.23215,1.23219,4.20,2.62
2018.02.27 11:25:33.678,1.23215,1.2322,3.37,11.25
2018.02.27 11:25:34.108,1.23218,1.2322,6.56,1.12
2018.02.27 11:25:34.162,1.2322,1.23224,2.25,7.57
2018.02.27 11:25:34.215,1.23221,1.23224,2.62,1.87
2018.02.27 11:25:34.375,1.23224,1.23225,1.12,1.00
2018.02.27 11:25:34.427,1.23224,1.23227,1.12,3.75
2018.02.27 11:25:34.984,1.23224,1.23228,5.32,5.44
2018.02.27 11:25:40.583,1.23224,1.23228,3.64,6.79
2018.02.27 11:25:42.742,1.23224,1.23228,1.95,1.12
2018.02.27 11:25:43.465,1.23223,1.23225,3.07,3.62
2018.02.27 11:25:43.621,1.23217,1.23219,1.69,1.50
2018.02.27 11:25:43.674,1.23216,1.23219,3.56,3.19
2018.02.27 11:25:44.221,1.23217,1.23219,1.00,1.00
2018.02.27 11:25:44.529,1.2322,1.23222,1.00,3.75
2018.02.27 11:25:44.634,1.23221,1.23224,1.00,2.25
2018.02.27 11:25:45.596,1.2322,1.23222,1.00,3.00
2018.02.27 11:25:45.702,1.23217,1.2322,1.12,6.37
2018.02.27 11:25:45.755,1.23216,1.23219,1.00,1.69
2018.02.27 11:25:46.282,1.23215,1.23218,1.20,3.00
2018.02.27 11:25:46.784,1.23216,1.23219,1.95,2.25
2018.02.27 11:25:46.938,1.23216,1.2322,1.95,2.25
2018.02.27 11:25:49.136,1.23219,1.23221,1.00,3.75
2018.02.27 11:25:49.241,1.23219,1.23223,5.25,5.06
2018.02.27 11:25:50.582,1.2322,1.23223,1.00,2.81
2018.02.27 11:25:54.143,1.2322,1.23222,1.00,1.00
2018.02.27 11:25:54.703,1.23219,1.23223,1.31,1.87
2018.02.27 11:25:55.228,1.23219,1.23223,1.12,2.62
2018.02.27 11:25:57.251,1.23219,1.23223,1.00,2.25
2018.02.27 11:25:58.638,1.23219,1.23222,1.25,1.00
2018.02.27 11:26:01.760,1.23218,1.23222,5.89,1.50
2018.02.27 11:26:01.862,1.23217,1.2322,3.30,1.12
2018.02.27 11:26:02.371,1.23218,1.23221,1.00,3.19
2018.02.27 11:26:03.776,1.23218,1.2322,2.32,1.00
2018.02.27 11:26:03.829,1.23218,1.23222,7.31,1.00
2018.02.27 11:26:03.882,1.2322,1.23223,1.00,1.12
2018.02.27 11:26:04.513,1.23219,1.2322,2.32,1.00
2018.02.27 11:26:04.565,1.23218,1.2322,1.00,3.94
2018.02.27 11:26:04.669,1.23216,1.23219,2.70,1.12
2018.02.27 11:26:05.610,1.23219,1.23221,1.00,1.00
2018.02.27 11:26:06.210,1.23219,1.23223,6.00,1.50
2018.02.27 11:26:06.713,1.23219,1.23224,3.94,5.02
2018.02.27 11:26:07.548,1.23219,1.23223,2.25,1.20
2018.02.27 11:26:08.295,1.23219,1.23223,2.25,2.40
2018.02.27 11:26:15.144,1.23219,1.23223,5.51,1.27
2018.02.27 11:26:15.739,1.2322,1.23222,1.50,1.00
2018.02.27 11:26:16.419,1.2322,1.23223,1.50,1.87
2018.02.27 11:26:17.980,1.2322,1.23222,1.00,1.00
2018.02.27 11:26:18.500,1.2322,1.23224,1.00,8.25
2018.02.27 11:26:19.062,1.23219,1.23222,2.70,4.87
2018.02.27 11:26:19.840,1.23221,1.23222,1.00,1.00
2018.02.27 11:26:20.396,1.23221,1.23223,1.00,1.50
2018.02.27 11:26:20.979,1.2322,1.23223,1.12,1.00
2018.02.27 11:26:22.808,1.23221,1.23223,1.00,1.50
2018.02.27 11:26:23.491,1.2322,1.23223,1.50,1.00
2018.02.27 11:26:24.291,1.2322,1.23223,2.62,1.00
2018.02.27 11:26:25.973,1.2322,1.23223,3.19,1.15
2018.02.27 11:26:27.279,1.23221,1.23223,1.00,1.62
2018.02.27 11:26:27.958,1.2322,1.23223,1.95,1.25
2018.02.27 11:26:30.568,1.23221,1.23222,1.00,1.00
2018.02.27 11:26:31.354,1.2322,1.23223,1.57,1.62
2018.02.27 11:26:31.693,1.23218,1.23221,4.20,2.25
2018.02.27 11:26:32.012,1.23215,1.23219,8.89,1.00
2018.02.27 11:26:32.684,1.23216,1.23219,1.00,1.00
2018.02.27 11:26:33.210,1.23215,1.23219,4.76,1.50
2018.02.27 11:26:33.720,1.23215,1.23218,3.64,1.00
2018.02.27 11:26:34.881,1.23215,1.23219,3.45,4.50
2018.02.27 11:26:35.906,1.23215,1.23217,1.69,1.00
2018.02.27 11:26:36.011,1.23213,1.23217,4.20,7.69
2018.02.27 11:26:37.500,1.23213,1.23216,1.50,1.00
2018.02.27 11:26:40.091,1.23213,1.23217,3.75,4.43
2018.02.27 11:26:40.738,1.23215,1.23218,3.26,1.25
2018.02.27 11:26:40.892,1.23218,1.2322,1.69,1.00
2018.02.27 11:26:41.548,1.23219,1.23221,1.00,1.12
2018.02.27 11:26:42.209,1.23218,1.23222,4.01,2.25
2018.02.27 11:26:42.314,1.23219,1.23222,2.44,1.00
2018.02.27 11:26:42.860,1.23219,1.23223,1.54,2.62
2018.02.27 11:26:43.908,1.23219,1.23223,4.16,4.50
2018.02.27 11:26:46.011,1.2322,1.23223,1.00,3.00
2018.02.27 11:26:46.544,1.23219,1.23222,2.44,2.62
2018.02.27 11:26:48.373,1.23218,1.23221,6.64,1.00
2018.02.27 11:26:48.819,1.23225,1.23228,1.37,2.06
2018.02.27 11:26:48.979,1.23224,1.23228,11.51,1.12
2018.02.27 11:26:49.505,1.23225,1.23229,2.06,2.81
2018.02.27 11:26:50.127,1.23229,1.23231,1.00,3.75
2018.02.27 11:26:50.680,1.23229,1.23232,2.70,1.00
2018.02.27 11:26:51.212,1.2323,1.23233,2.32,1.00
2018.02.27 11:26:55.958,1.23228,1.2323,3.07,5.62
2018.02.27 11:26:56.012,1.23225,1.23228,2.32,3.37
2018.02.27 11:26:56.547,1.23224,1.23228,3.37,3.56
2018.02.27 11:26:57.965,1.23225,1.23227,1.00,1.50
2018.02.27 11:26:58.121,1.23227,1.23229,2.25,1.50
2018.02.27 11:26:58.349,1.23224,1.23227,2.62,1.12
2018.02.27 11:26:59.197,1.23225,1.23227,1.87,1.12
2018.02.27 11:26:59.508,1.23226,1.23229,3.45,1.87
2018.02.27 11:27:00.172,1.23227,1.23229,1.25,1.31
2018.02.27 11:27:00.223,1.23225,1.23228,9.64,1.00
2018.02.27 11:27:00.826,1.23225,1.23229,3.26,2.62
2018.02.27 11:27:01.623,1.23225,1.23229,4.76,2.62
2018.02.27 11:27:02.999,1.23226,1.23229,2.06,3.94
2018.02.27 11:27:03.548,1.23225,1.23227,3.00,1.87
2018.02.27 11:27:06.601,1.23226,1.23227,1.00,1.87
2018.02.27 11:27:07.287,1.23225,1.23227,4.76,1.50
2018.02.27 11:27:07.810,1.23226,1.23228,1.00,1.12
2018.02.27 11:27:08.443,1.23226,1.23228,2.35,1.12
2018.02.27 11:27:09.097,1.23225,1.23228,1.50,1.12
2018.02.27 11:27:09.804,1.23224,1.23227,5.14,1.00
2018.02.27 11:27:10.678,1.23224,1.23228,4.01,8.06
2018.02.27 11:27:12.077,1.23225,1.23228,1.31,7.50
2018.02.27 11:27:12.130,1.23223,1.23224,5.89,1.00
2018.02.27 11:27:12.432,1.23215,1.23218,1.20,2.25
2018.02.27 11:27:12.484,1.23216,1.23219,4.50,6.00
2018.02.27 11:27:12.537,1.23218,1.2322,1.77,1.50
2018.02.27 11:27:12.690,1.23219,1.23222,3.26,1.00
2018.02.27 11:27:13.320,1.2322,1.23222,1.00,1.00
2018.02.27 11:27:14.572,1.23218,1.23222,5.89,1.50
2018.02.27 11:27:14.725,1.23218,1.2322,1.00,1.50
2018.02.27 11:27:16.235,1.23218,1.23221,5.89,1.12
2018.02.27 11:27:17.613,1.23218,1.23222,2.62,6.37
2018.02.27 11:27:18.310,1.23218,1.23222,1.12,4.31
2018.02.27 11:27:18.635,1.23216,1.23219,1.12,4.31
2018.02.27 11:27:19.553,1.23214,1.23218,4.95,1.00
2018.02.27 11:27:19.888,1.23218,1.23221,1.87,2.70
2018.02.27 11:27:20.253,1.23215,1.23219,5.89,1.00
2018.02.27 11:27:23.484,1.23217,1.23219,1.87,1.50
2018.02.27 11:27:23.588,1.23218,1.23221,1.12,1.00
2018.02.27 11:27:24.124,1.23217,1.2322,3.37,2.25
2018.02.27 11:27:25.138,1.23218,1.2322,1.00,1.87
2018.02.27 11:27:25.615,1.23215,1.23219,2.25,6.22
2018.02.27 11:27:25.720,1.23213,1.23215,8.70,1.00
2018.02.27 11:27:25.824,1.23214,1.23217,1.87,3.56
2018.02.27 11:27:25.938,1.23216,1.23217,1.50,1.00
2018.02.27 11:27:26.300,1.23213,1.23217,5.70,3.94
2018.02.27 11:27:26.712,1.23216,1.23217,1.00,1.00
2018.02.27 11:27:26.817,1.23217,1.2322,1.00,3.75
2018.02.27 11:27:26.920,1.23217,1.23218,1.00,1.00
2018.02.27 11:27:27.024,1.23214,1.23218,3.00,4.50
2018.02.27 11:27:28.077,1.23213,1.23218,7.39,4.76
2018.02.27 11:27:28.622,1.23213,1.23218,1.95,5.59
2018.02.27 11:27:32.115,1.23213,1.23216,1.00,1.00
2018.02.27 11:27:32.652,1.23212,1.23214,2.32,4.31
2018.02.27 11:27:32.758,1.23208,1.23211,3.45,5.25
2018.02.27 11:27:32.863,1.23208,1.2321,1.00,9.56
2018.02.27 11:27:33.174,1.23206,1.23208,1.00,1.12
2018.02.27 11:27:33.369,1.23203,1.23207,2.81,2.81
2018.02.27 11:27:37.340,1.23203,1.23207,1.00,1.43
2018.02.27 11:27:38.048,1.23204,1.23207,1.00,1.31
2018.02.27 11:27:38.791,1.23203,1.23207,1.00,1.12
2018.02.27 11:27:39.340,1.23204,1.23207,1.00,1.12
2018.02.27 11:27:40.492,1.23203,1.23207,1.00,1.12
2018.02.27 11:27:41.974,1.23204,1.23207,6.19,1.69
2018.02.27 11:27:42.507,1.23205,1.23207,1.12,1.00
2018.02.27 11:27:43.648,1.23205,1.23209,4.69,3.19
2018.02.27 11:27:44.164,1.23205,1.23208,2.25,1.00
2018.02.27 11:27:44.711,1.23205,1.23208,1.87,1.00
2018.02.27 11:27:45.833,1.23203,1.23208,6.07,2.32
2018.02.27 11:27:47.105,1.23205,1.23207,1.37,1.00
2018.02.27 11:27:48.672,1.23204,1.23208,3.07,1.00
2018.02.27 11:27:51.770,1.23207,1.23208,1.00,1.12
2018.02.27 11:27:54.438,1.23206,1.23208,1.12,1.12
2018.02.27 11:27:55.013,1.23207,1.23208,1.00,1.12
2018.02.27 11:27:55.561,1.23206,1.23208,1.00,1.12
2018.02.27 11:27:56.259,1.23206,1.23207,1.12,1.00
2018.02.27 11:28:01.295,1.23204,1.23207,1.39,1.00
2018.02.27 11:28:01.400,1.23203,1.23204,1.00,7.13
2018.02.27 11:28:01.515,1.23198,1.23201,7.39,2.06
2018.02.27 11:28:01.568,1.23197,1.23198,6.75,2.02
2018.02.27 11:28:01.781,1.23195,1.23198,1.00,2.89
2018.02.27 11:28:01.836,1.23196,1.23197,1.87,1.00
2018.02.27 11:28:01.994,1.23197,1.232,1.25,2.51
2018.02.27 11:28:02.535,1.23195,1.23198,1.69,1.00
2018.02.27 11:28:03.201,1.23197,1.23199,1.25,3.19
2018.02.27 11:28:04.273,1.23196,1.232,3.64,1.69
2018.02.27 11:28:04.790,1.23197,1.23199,1.00,1.12
2018.02.27 11:28:05.364,1.23196,1.23198,1.12,1.00
2018.02.27 11:28:05.722,1.23196,1.232,1.00,12.00
2018.02.27 11:28:06.232,1.23195,1.23199,1.31,1.00
2018.02.27 11:28:06.465,1.23199,1.23201,1.50,3.82
2018.02.27 11:28:06.632,1.23201,1.23204,1.69,3.94
2018.02.27 11:28:07.142,1.232,1.23205,5.89,8.78
2018.02.27 11:28:07.945,1.232,1.23205,7.01,6.94
2018.02.27 11:28:08.511,1.23201,1.23205,1.57,7.31
2018.02.27 11:28:10.685,1.232,1.23205,7.76,5.81
2018.02.27 11:28:11.296,1.232,1.23205,4.12,4.87
2018.02.27 11:28:11.586,1.23202,1.23206,3.37,7.69
2018.02.27 11:28:11.797,1.23204,1.23208,1.20,3.19
2018.02.27 11:28:11.901,1.23206,1.23209,1.50,1.12
2018.02.27 11:28:12.226,1.23209,1.23213,1.12,2.06
2018.02.27 11:28:12.329,1.2321,1.23213,2.06,2.06
2018.02.27 11:28:12.843,1.2321,1.23214,1.87,2.06
2018.02.27 11:28:13.439,1.2321,1.23214,1.50,1.69
2018.02.27 11:28:13.971,1.23211,1.23213,1.00,1.00
2018.02.27 11:28:15.786,1.2321,1.23213,1.57,1.00
2018.02.27 11:28:21.634,1.23209,1.23212,3.45,1.00
2018.02.27 11:28:22.222,1.23209,1.23213,1.95,3.94
2018.02.27 11:28:22.737,1.23208,1.2321,1.00,2.25
2018.02.27 11:28:23.244,1.23209,1.23213,3.75,4.57
2018.02.27 11:28:23.870,1.23209,1.23213,3.64,2.47
2018.02.27 11:28:24.541,1.23209,1.23213,6.19,1.00
2018.02.27 11:28:25.192,1.2321,1.23214,1.00,9.41
2018.02.27 11:28:25.694,1.23209,1.23214,3.19,5.85
2018.02.27 11:28:26.512,1.23209,1.23213,4.31,1.12
2018.02.27 11:28:30.140,1.23209,1.23214,3.56,7.84
2018.02.27 11:28:31.840,1.23209,1.23213,4.31,1.95
2018.02.27 11:28:33.438,1.23211,1.23213,1.00,1.50
2018.02.27 11:28:33.976,1.2321,1.23213,1.12,1.00
2018.02.27 11:28:34.969,1.23211,1.23213,1.00,1.00
2018.02.27 11:28:35.473,1.2321,1.23213,1.12,1.00
2018.02.27 11:28:36.005,1.2321,1.23214,1.12,6.56
2018.02.27 11:28:41.025,1.2321,1.23213,2.25,1.00
2018.02.27 11:28:41.543,1.2321,1.23213,6.37,1.00
2018.02.27 11:28:41.987,1.23213,1.23217,8.62,4.31
2018.02.27 11:28:42.090,1.23217,1.2322,1.50,1.00
2018.02.27 11:28:42.142,1.2322,1.23221,1.00,1.50
2018.02.27 11:28:42.194,1.23219,1.23223,3.75,4.50
2018.02.27 11:28:42.390,1.23223,1.23224,1.00,1.50
2018.02.27 11:28:42.443,1.23224,1.23225,1.12,1.50
2018.02.27 11:28:42.810,1.23222,1.23224,1.00,1.00
2018.02.27 11:28:43.162,1.2322,1.23224,4.95,5.06
2018.02.27 11:28:44.469,1.23219,1.23223,1.12,1.12
2018.02.27 11:28:45.000,1.23218,1.23223,2.70,2.62
2018.02.27 11:28:45.534,1.23218,1.23223,2.32,1.50
2018.02.27 11:28:46.081,1.23218,1.23222,1.12,1.69
2018.02.27 11:28:46.132,1.23217,1.23219,1.10,1.00
2018.02.27 11:28:46.235,1.23213,1.23218,5.14,2.62
2018.02.27 11:28:46.408,1.23213,1.23217,1.39,1.12
2018.02.27 11:28:46.657,1.23212,1.23215,6.00,2.06
2018.02.27 11:28:47.191,1.2321,1.23214,3.00,1.12
2018.02.27 11:28:47.830,1.2321,1.23214,3.75,1.12
2018.02.27 11:28:51.216,1.2321,1.23213,2.81,1.00
2018.02.27 11:28:52.132,1.23209,1.23211,1.10,1.25
2018.02.27 11:28:52.582,1.23208,1.23209,1.12,1.00
2018.02.27 11:28:53.091,1.23206,1.2321,4.95,1.00
2018.02.27 11:28:53.721,1.23206,1.23209,1.76,1.00
2018.02.27 11:28:54.023,1.23205,1.23207,1.00,1.00
2018.02.27 11:28:54.702,1.23205,1.23208,1.00,1.00
2018.02.27 11:28:55.433,1.23204,1.23208,3.07,1.50
2018.02.27 11:28:56.456,1.23204,1.23207,3.07,1.00
2018.02.27 11:28:57.280,1.23204,1.23206,2.62,1.00
2018.02.27 11:28:57.926,1.23204,1.23207,2.62,1.00
2018.02.27 11:28:58.583,1.23204,1.23208,2.62,2.25
2018.02.27 11:28:59.533,1.23204,1.23207,2.62,1.00
2018.02.27 11:29:00.810,1.23204,1.23208,1.87,2.25
2018.02.27 11:29:01.319,1.23204,1.23207,1.87,1.00
2018.02.27 11:29:01.868,1.23204,1.23208,1.87,2.25
2018.02.27 11:29:02.418,1.23204,1.23208,1.87,2.62
2018.02.27 11:29:02.958,1.23204,1.23207,3.00,1.00
2018.02.27 11:29:04.320,1.23204,1.23208,2.25,2.62
2018.02.27 11:29:04.909,1.23204,1.23207,2.62,1.00
2018.02.27 11:29:05.607,1.23205,1.23208,1.31,1.87
2018.02.27 11:29:06.135,1.23205,1.23208,8.70,1.00
2018.02.27 11:29:06.995,1.23205,1.23209,3.19,3.37
2018.02.27 11:29:07.751,1.23205,1.23208,6.00,1.50
2018.02.27 11:29:09.716,1.23205,1.23209,3.75,2.06
2018.02.27 11:29:13.604,1.23209,1.23211,1.00,6.45
2018.02.27 11:29:13.658,1.23209,1.23213,1.12,4.31
2018.02.27 11:29:13.801,1.23211,1.23213,1.00,2.25
2018.02.27 11:29:14.063,1.23211,1.23216,3.07,3.94
2018.02.27 11:29:14.168,1.23215,1.23218,2.81,2.81
2018.02.27 11:29:14.658,1.23217,1.2322,1.95,1.00
2018.02.27 11:29:14.997,1.2322,1.23223,2.25,1.00
2018.02.27 11:29:15.319,1.23219,1.2322,1.95,1.69
2018.02.27 11:29:15.834,1.23216,1.2322,3.19,1.50
2018.02.27 11:29:16.537,1.23216,1.2322,1.57,2.25
2018.02.27 11:29:17.251,1.23215,1.23219,4.76,1.50
2018.02.27 11:29:19.242,1.23215,1.23219,3.82,1.00
2018.02.27 11:29:20.835,1.23215,1.23219,1.76,1.87
2018.02.27 11:29:21.389,1.23215,1.23218,8.32,1.00
2018.02.27 11:29:21.893,1.23215,1.23219,1.57,1.87
2018.02.27 11:29:23.305,1.23215,1.23219,1.47,3.00
2018.02.27 11:29:24.500,1.23214,1.23217,3.82,1.12
2018.02.27 11:29:25.086,1.23213,1.23217,3.64,1.19
2018.02.27 11:29:25.665,1.23213,1.23216,7.01,1.00
2018.02.27 11:29:26.199,1.23215,1.23219,4.76,1.94
2018.02.27 11:29:26.254,1.23219,1.23221,1.50,1.69
2018.02.27 11:29:26.358,1.2322,1.23223,5.06,1.00
2018.02.27 11:29:26.726,1.23221,1.23225,6.37,1.00
2018.02.27 11:29:27.047,1.23224,1.23228,1.12,2.44
2018.02.27 11:29:28.120,1.23225,1.23228,1.00,4.12
2018.02.27 11:29:28.759,1.23224,1.23228,2.89,1.87
2018.02.27 11:29:29.484,1.23224,1.23228,4.39,1.69
2018.02.27 11:29:29.998,1.23226,1.23229,2.44,1.87
2018.02.27 11:29:30.335,1.23228,1.2323,1.00,4.20
2018.02.27 11:29:30.441,1.23227,1.2323,1.87,1.00
2018.02.27 11:29:30.961,1.23225,1.2323,9.26,6.19
2018.02.27 11:29:31.197,1.23226,1.23228,1.69,1.00
2018.02.27 11:29:31.560,1.23221,1.23224,5.25,1.00
2018.02.27 11:29:33.338,1.23221,1.23224,1.12,2.25
2018.02.27 11:29:33.597,1.23222,1.23226,3.94,1.12
2018.02.27 11:29:34.199,1.23223,1.23227,1.50,8.81
2018.02.27 11:29:34.611,1.23223,1.23225,1.69,1.25
2018.02.27 11:29:35.021,1.23221,1.23223,3.07,1.69
2018.02.27 11:29:35.124,1.23218,1.23223,2.14,5.06
2018.02.27 11:29:35.299,1.23217,1.2322,1.00,1.50
2018.02.27 11:29:35.841,1.23216,1.23219,1.50,1.00
2018.02.27 11:29:36.153,1.23214,1.23218,2.70,3.56
2018.02.27 11:29:36.480,1.2321,1.23213,3.94,1.12
2018.02.27 11:29:36.688,1.23213,1.23216,1.00,6.75
2018.02.27 11:29:37.224,1.23212,1.23215,1.87,1.12
2018.02.27 11:29:37.521,1.2321,1.23213,4.87,1.00
2018.02.27 11:29:38.039,1.2321,1.23214,2.62,1.87
2018.02.27 11:29:38.503,1.2321,1.23214,1.69,2.06
2018.02.27 11:29:41.589,1.2321,1.23213,1.12,1.00
2018.02.27 11:29:42.164,1.23209,1.23214,8.89,1.87
2018.02.27 11:29:42.681,1.2321,1.23215,8.06,4.31
2018.02.27 11:29:42.886,1.23213,1.23215,1.12,1.50
2018.02.27 11:29:43.041,1.23214,1.23217,1.50,1.12
2018.02.27 11:29:43.246,1.23213,1.23214,2.62,4.31
2018.02.27 11:29:43.350,1.23211,1.23213,5.62,3.45
2018.02.27 11:29:43.402,1.2321,1.23211,4.87,1.00
2018.02.27 11:29:43.530,1.23208,1.23212,4.01,2.25
2018.02.27 11:29:44.062,1.23209,1.23212,1.50,1.12
2018.02.27 11:29:44.628,1.23208,1.23212,5.06,1.12
2018.02.27 11:29:45.170,1.23208,1.23212,4.31,1.12
2018.02.27 11:29:47.167,1.23208,1.23211,1.12,1.00
2018.02.27 11:29:47.476,1.23206,1.2321,2.44,4.69
2018.02.27 11:29:47.817,1.23209,1.23212,1.50,1.00
2018.02.27 11:29:52.209,1.23213,1.23214,1.00,1.57
2018.02.27 11:29:52.316,1.23214,1.23217,1.00,2.06
2018.02.27 11:29:52.837,1.23215,1.23218,1.25,1.69
2018.02.27 11:29:53.875,1.23213,1.23214,1.01,1.00
2018.02.27 11:29:54.081,1.2321,1.23213,1.12,1.50
2018.02.27 11:29:55.194,1.2321,1.23213,1.12,1.50
2018.02.27 11:29:55.733,1.23209,1.23213,2.44,3.00
2018.02.27 11:29:58.849,1.2321,1.23213,1.00,1.12
2018.02.27 11:30:05.742,1.23211,1.23215,3.37,1.76
2018.02.27 11:30:05.794,1.23213,1.23215,1.50,1.00
2018.02.27 11:30:05.846,1.23213,1.23217,1.12,1.25
2018.02.27 11:30:05.899,1.23215,1.23217,1.00,1.00
2018.02.27 11:30:06.492,1.23214,1.23217,1.50,1.00
2018.02.27 11:30:07.008,1.23215,1.23218,3.94,1.87
2018.02.27 11:30:07.636,1.23216,1.23219,2.14,1.00
2018.02.27 11:30:08.140,1.23215,1.23218,1.00,1.87
2018.02.27 11:30:08.679,1.23214,1.23218,2.32,1.87
2018.02.27 11:30:09.283,1.23215,1.23218,1.20,1.87
2018.02.27 11:30:10.897,1.23213,1.23218,9.83,1.12
2018.02.27 11:30:12.066,1.23213,1.23216,4.01,1.12
2018.02.27 11:30:12.275,1.23209,1.23213,1.12,3.37
2018.02.27 11:30:12.781,1.23208,1.23212,8.89,1.00
2018.02.27 11:30:13.991,1.23208,1.23211,6.75,1.00
2018.02.27 11:30:15.419,1.23208,1.23212,7.12,1.00
2018.02.27 11:30:15.921,1.23208,1.23213,3.37,2.33
2018.02.27 11:30:16.520,1.23208,1.23213,2.62,2.33
2018.02.27 11:30:18.083,1.23208,1.23213,5.06,3.26
2018.02.27 11:30:18.700,1.23211,1.23213,1.50,1.50
2018.02.27 11:30:18.759,1.23212,1.23217,4.87,5.62
2018.02.27 11:30:18.811,1.23213,1.23217,1.37,2.25
2018.02.27 11:30:24.242,1.23212,1.23216,1.39,3.37
2018.02.27 11:30:24.293,1.23211,1.23214,6.45,1.00
2018.02.27 11:30:24.803,1.23211,1.23214,7.39,1.00
2018.02.27 11:30:25.404,1.2321,1.23212,1.50,1.87
2018.02.27 11:30:26.020,1.23208,1.23211,3.19,1.00
2018.02.27 11:30:26.921,1.23208,1.23211,2.62,1.50
2018.02.27 11:30:28.539,1.23209,1.23212,6.37,1.50
2018.02.27 11:30:34.248,1.2321,1.23212,1.00,1.00
2018.02.27 11:30:36.469,1.23209,1.23212,7.20,1.00
2018.02.27 11:30:39.310,1.23209,1.23212,4.01,1.00
2018.02.27 11:30:41.477,1.2321,1.23213,5.62,1.50
2018.02.27 11:30:41.792,1.23218,1.2322,2.62,4.69
2018.02.27 11:30:41.846,1.23218,1.23221,7.39,1.00
2018.02.27 11:30:41.899,1.2322,1.23222,1.12,2.25
2018.02.27 11:30:42.548,1.2322,1.23224,2.32,2.25
2018.02.27 11:30:43.085,1.23221,1.23224,1.00,1.87
2018.02.27 11:30:43.397,1.23218,1.23221,1.12,1.00
2018.02.27 11:30:43.983,1.23218,1.2322,1.12,1.00
2018.02.27 11:30:44.548,1.23217,1.2322,7.20,1.00
2018.02.27 11:30:44.964,1.23215,1.23218,1.57,1.00
2018.02.27 11:30:45.668,1.23214,1.23219,7.39,3.00
2018.02.27 11:30:46.204,1.23217,1.2322,1.12,3.00
2018.02.27 11:30:46.712,1.23218,1.23221,1.00,2.06
2018.02.27 11:30:47.265,1.23217,1.23221,3.64,4.31
2018.02.27 11:30:47.904,1.23218,1.23221,2.51,1.12
2018.02.27 11:30:48.421,1.23217,1.23222,6.82,4.16
2018.02.27 11:30:48.951,1.23217,1.23222,11.51,3.41
2018.02.27 11:30:49.499,1.23218,1.23221,3.00,1.12
2018.02.27 11:30:50.043,1.23218,1.23222,2.51,5.85
2018.02.27 11:30:51.390,1.23218,1.23221,1.31,2.44
2018.02.27 11:30:51.896,1.23219,1.2322,1.00,1.00
2018.02.27 11:30:52.657,1.23219,1.23222,1.00,2.29
2018.02.27 11:30:53.320,1.23219,1.23222,1.00,6.04
2018.02.27 11:31:00.537,1.2322,1.23222,1.31,1.50
2018.02.27 11:31:03.396,1.2322,1.23223,1.50,2.81
2018.02.27 11:31:03.922,1.2322,1.23222,1.50,1.00
2018.02.27 11:31:04.493,1.2322,1.23223,1.50,1.87
2018.02.27 11:31:05.504,1.2322,1.23222,1.00,1.25
2018.02.27 11:31:06.053,1.23219,1.23223,2.51,6.07
2018.02.27 11:31:06.917,1.23219,1.23223,1.57,6.52
2018.02.27 11:31:07.500,1.23219,1.23222,1.57,1.00
2018.02.27 11:31:08.014,1.23219,1.23223,1.57,5.96
2018.02.27 11:31:10.285,1.23219,1.23223,2.14,3.75
2018.02.27 11:31:11.195,1.23219,1.23223,1.57,3.75
2018.02.27 11:31:12.040,1.23219,1.23222,1.57,1.50
2018.02.27 11:31:12.354,1.23214,1.23217,2.32,2.25
2018.02.27 11:31:12.668,1.23213,1.23215,2.25,8.62
2018.02.27 11:31:12.773,1.23211,1.23214,1.95,1.12
2018.02.27 11:31:13.358,1.23211,1.23215,2.32,9.00
2018.02.27 11:31:14.686,1.23211,1.23215,3.64,2.25
2018.02.27 11:31:15.235,1.23211,1.23215,3.26,2.25
2018.02.27 11:31:17.338,1.23211,1.23215,7.39,2.81
2018.02.27 11:31:17.964,1.23211,1.23215,4.76,1.00
2018.02.27 11:31:18.304,1.23215,1.23218,3.37,2.02
2018.02.27 11:31:18.561,1.23218,1.23222,1.50,4.69
2018.02.27 11:31:18.716,1.23218,1.23222,5.25,5.81
2018.02.27 11:31:19.263,1.23219,1.23223,4.20,1.62
2018.02.27 11:31:20.311,1.23219,1.23223,5.32,1.31
2018.02.27 11:31:21.174,1.23219,1.23223,5.89,2.06
2018.02.27 11:31:21.629,1.23219,1.23221,1.50,1.00
2018.02.27 11:31:21.732,1.23216,1.23219,3.19,1.12
2018.02.27 11:31:22.317,1.23215,1.23218,2.62,1.50
2018.02.27 11:31:22.601,1.23214,1.23217,1.69,2.06
2018.02.27 11:31:22.706,1.23214,1.23215,1.00,1.12
2018.02.27 11:31:22.765,1.23212,1.23214,2.32,1.00
2018.02.27 11:31:22.870,1.23211,1.23214,2.32,3.75
2018.02.27 11:31:24.089,1.23209,1.23213,4.95,2.06
2018.02.27 11:31:24.193,1.23209,1.23213,3.00,1.10
2018.02.27 11:31:24.769,1.23209,1.23213,2.25,1.57
2018.02.27 11:31:25.551,1.23209,1.23213,2.44,2.14
2018.02.27 11:31:26.069,1.23209,1.23212,2.44,1.10
2018.02.27 11:31:26.579,1.2321,1.23213,1.12,3.37
2018.02.27 11:31:27.111,1.23211,1.23214,1.12,1.12
2018.02.27 11:31:27.662,1.2321,1.23213,4.54,1.00
2018.02.27 11:31:27.766,1.23209,1.23213,1.87,3.79
2018.02.27 11:31:32.532,1.23209,1.23211,2.06,1.00
2018.02.27 11:31:33.100,1.2321,1.23211,4.50,1.00
2018.02.27 11:31:34.093,1.2321,1.23212,1.24,1.00
2018.02.27 11:31:34.786,1.23209,1.23213,5.15,2.06
2018.02.27 11:31:35.991,1.23211,1.23213,1.12,3.06
2018.02.27 11:31:36.695,1.2321,1.23212,1.12,1.00
2018.02.27 11:31:37.746,1.23209,1.23213,4.39,3.19
2018.02.27 11:31:38.848,1.23209,1.23213,4.39,1.50
2018.02.27 11:31:39.177,1.23211,1.23213,1.00,1.69
2018.02.27 11:31:40.590,1.23212,1.23214,1.00,1.50
2018.02.27 11:31:41.125,1.23212,1.23215,4.01,1.12
2018.02.27 11:31:41.650,1.23213,1.23215,1.12,1.12
2018.02.27 11:31:42.194,1.23211,1.23215,1.46,1.69
2018.02.27 11:31:42.735,1.2321,1.23213,1.39,1.25
2018.02.27 11:31:43.370,1.23209,1.23213,4.09,2.25
2018.02.27 11:31:45.140,1.23209,1.23213,4.84,3.00
2018.02.27 11:31:45.648,1.23209,1.23213,3.34,1.50
2018.02.27 11:31:48.249,1.23209,1.23213,4.20,1.50
2018.02.27 11:31:48.758,1.23209,1.23213,4.54,1.50
2018.02.27 11:31:49.324,1.23211,1.23213,4.57,1.00
2018.02.27 11:31:49.378,1.23211,1.23215,6.26,2.25
2018.02.27 11:31:49.637,1.2321,1.23214,5.62,1.31
2018.02.27 11:31:50.247,1.2321,1.23214,2.06,4.39
2018.02.27 11:31:50.849,1.2321,1.23214,1.47,5.44
2018.02.27 11:31:51.378,1.23209,1.23214,6.22,6.19
2018.02.27 11:31:52.577,1.23209,1.23213,3.11,4.35
2018.02.27 11:31:53.102,1.23209,1.23213,2.37,1.35
2018.02.27 11:31:53.639,1.23209,1.23213,1.61,1.35
2018.02.27 11:31:55.075,1.23208,1.23211,10.91,1.00
2018.02.27 11:31:55.626,1.23208,1.23212,5.51,3.60
2018.02.27 11:31:56.619,1.23209,1.23211,1.25,1.50
2018.02.27 11:31:57.223,1.23209,1.23212,1.00,3.00
2018.02.27 11:31:57.855,1.23208,1.2321,2.25,1.00
2018.02.27 11:31:58.198,1.23206,1.23208,2.32,1.00
2018.02.27 11:32:00.152,1.23205,1.23208,4.95,1.00
2018.02.27 11:32:04.456,1.23206,1.23209,9.64,1.87
2018.02.27 11:32:04.560,1.23208,1.23212,1.87,3.75
2018.02.27 11:32:05.161,1.23209,1.23212,1.00,1.50
2018.02.27 11:32:06.551,1.23209,1.23212,1.12,1.87
2018.02.27 11:32:07.841,1.23209,1.23212,2.62,1.12
2018.02.27 11:32:08.747,1.23209,1.23212,2.25,1.12
2018.02.27 11:32:11.604,1.23207,1.2321,4.20,2.25
2018.02.27 11:32:11.783,1.23206,1.23209,2.70,1.12
2018.02.27 11:32:12.329,1.23206,1.23209,1.87,4.12
2018.02.27 11:32:12.964,1.23206,1.23209,1.50,2.62
2018.02.27 11:32:17.912,1.23206,1.23208,1.39,1.00
2018.02.27 11:32:18.429,1.23206,1.23209,3.56,1.50
2018.02.27 11:32:18.981,1.23206,1.23209,4.31,1.50
2018.02.27 11:32:20.077,1.23209,1.23211,1.12,1.25
2018.02.27 11:32:20.185,1.2321,1.23213,1.69,1.50
2018.02.27 11:32:21.268,1.23211,1.23213,1.00,1.00
2018.02.27 11:32:23.603,1.2321,1.23212,4.39,1.00
2018.02.27 11:32:25.992,1.23211,1.23213,1.50,1.00
2018.02.27 11:32:26.520,1.2321,1.23213,5.51,1.00
2018.02.27 11:32:27.618,1.2321,1.23213,9.45,1.00
2018.02.27 11:32:27.671,1.23211,1.23213,3.37,1.00
2018.02.27 11:32:28.202,1.23212,1.23214,1.69,1.00
2018.02.27 11:32:28.565,1.2321,1.23213,7.57,1.00
2018.02.27 11:32:29.373,1.23209,1.23212,7.76,1.00
2018.02.27 11:32:29.678,1.23206,1.23208,4.95,1.00
2018.02.27 11:32:34.165,1.23204,1.23206,5.51,1.00
2018.02.27 11:32:34.219,1.23203,1.23204,1.00,1.00
2018.02.27 11:32:34.485,1.23199,1.23201,1.87,1.00
2018.02.27 11:32:37.678,1.23199,1.23202,4.50,1.12
2018.02.27 11:32:38.192,1.232,1.23202,3.75,1.12
2018.02.27 11:32:38.751,1.23199,1.23202,1.00,1.00
2018.02.27 11:32:39.494,1.23198,1.23202,4.50,1.00
2018.02.27 11:32:45.564,1.23202,1.23203,6.19,1.57
2018.02.27 11:32:45.620,1.23202,1.23205,7.50,1.31
2018.02.27 11:32:45.864,1.23204,1.23206,1.50,1.50
2018.02.27 11:32:46.414,1.23203,1.23207,10.99,1.00
2018.02.27 11:32:48.482,1.23204,1.23206,1.20,1.00
2018.02.27 11:32:49.443,1.23204,1.23207,1.20,1.00
2018.02.27 11:32:51.069,1.23204,1.23206,1.57,1.00
2018.02.27 11:32:51.848,1.23206,1.23208,3.75,1.69
2018.02.27 11:32:51.951,1.23207,1.2321,2.25,3.37
2018.02.27 11:32:52.054,1.23208,1.2321,2.25,1.12
2018.02.27 11:32:52.329,1.23207,1.2321,1.00,1.12
2018.02.27 11:32:52.927,1.23208,1.23211,3.00,5.06
2018.02.27 11:32:53.369,1.2321,1.23211,1.50,1.00
2018.02.27 11:32:58.373,1.23209,1.23212,1.50,2.25
2018.02.27 11:32:58.920,1.23209,1.23211,2.25,1.00
2018.02.27 11:32:59.468,1.23209,1.23212,2.25,1.50
2018.02.27 11:33:03.443,1.23213,1.23214,1.00,1.76
2018.02.27 11:33:03.783,1.23214,1.23216,5.25,1.00
2018.02.27 11:33:04.345,1.23215,1.23216,1.00,1.00
2018.02.27 11:33:05.411,1.23214,1.23216,1.00,1.00
2018.02.27 11:33:06.648,1.23213,1.23216,6.45,1.00
2018.02.27 11:33:07.165,1.23213,1.23216,11.25,1.00
2018.02.27 11:33:07.778,1.23214,1.23215,1.87,1.00
2018.02.27 11:33:08.349,1.23215,1.23216,1.00,1.00
2018.02.27 11:33:08.996,1.23214,1.23215,6.00,1.00
2018.02.27 11:33:10.145,1.23215,1.23216,1.00,1.00
2018.02.27 11:33:10.741,1.23214,1.23216,1.00,1.50
2018.02.27 11:33:11.287,1.23213,1.23215,4.31,1.00
2018.02.27 11:33:11.803,1.23214,1.23215,1.00,1.00
2018.02.27 11:33:12.521,1.23214,1.23216,1.00,1.00
2018.02.27 11:33:13.554,1.23215,1.23217,1.00,1.95
2018.02.27 11:33:15.100,1.23214,1.23219,10.65,6.45
2018.02.27 11:33:19.416,1.23215,1.23219,1.50,1.95
2018.02.27 11:33:20.140,1.23216,1.23219,1.00,1.95
2018.02.27 11:33:22.986,1.23215,1.23219,2.77,1.20
2018.02.27 11:33:25.265,1.23215,1.23219,13.27,2.32
2018.02.27 11:33:25.319,1.23219,1.23221,1.00,2.70
2018.02.27 11:33:25.372,1.23219,1.23222,7.12,1.25
2018.02.27 11:33:25.933,1.23221,1.23225,7.87,4.76
2018.02.27 11:33:26.087,1.23224,1.23226,2.44,1.01
2018.02.27 11:33:26.599,1.23225,1.23227,1.00,1.12
2018.02.27 11:33:27.131,1.23224,1.23227,6.00,1.12
2018.02.27 11:33:27.632,1.23224,1.23228,4.50,1.95
2018.02.27 11:33:28.162,1.23225,1.23227,1.20,1.00
2018.02.27 11:33:28.690,1.23224,1.23228,2.40,2.70
2018.02.27 11:33:29.250,1.23224,1.23227,6.37,1.00
2018.02.27 11:33:29.814,1.23225,1.23228,1.00,1.57
2018.02.27 11:33:30.342,1.23226,1.23229,1.00,4.95
2018.02.27 11:33:30.663,1.23229,1.23231,1.00,1.39
2018.02.27 11:33:30.716,1.23229,1.23232,4.12,1.00
2018.02.27 11:33:31.024,1.2323,1.23234,3.37,1.31
2018.02.27 11:33:32.100,1.2323,1.23234,2.62,2.06
2018.02.27 11:33:33.237,1.23231,1.23233,1.00,1.12
2018.02.27 11:33:35.101,1.23231,1.23232,1.00,1.00
2018.02.27 11:33:35.832,1.23231,1.23234,1.00,5.51
2018.02.27 11:33:36.343,1.23231,1.23233,1.00,4.12
2018.02.27 11:33:37.517,1.2323,1.23234,1.00,7.76
2018.02.27 11:33:41.257,1.23229,1.23234,3.75,6.26
2018.02.27 11:33:41.876,1.2323,1.23233,1.00,2.44
2018.02.27 11:33:42.530,1.2323,1.23234,1.50,6.64
2018.02.27 11:33:42.912,1.23229,1.2323,1.50,1.00
2018.02.27 11:33:43.016,1.23225,1.23228,1.00,1.69
2018.02.27 11:33:43.558,1.23224,1.23226,1.12,1.00
2018.02.27 11:33:45.219,1.23224,1.23227,1.12,1.12
2018.02.27 11:33:46.899,1.23225,1.23226,1.00,1.00
2018.02.27 11:33:50.147,1.23224,1.23226,1.00,1.00
2018.02.27 11:33:51.010,1.23224,1.23227,1.00,1.20
2018.02.27 11:33:53.136,1.23225,1.23227,1.50,1.57
2018.02.27 11:33:53.804,1.23224,1.23227,3.75,1.10
2018.02.27 11:33:54.391,1.23225,1.23227,1.00,1.57
2018.02.27 11:33:57.230,1.23224,1.23227,3.00,1.10
2018.02.27 11:33:58.240,1.23225,1.23227,1.00,1.57
2018.02.27 11:33:58.862,1.23224,1.23227,1.50,1.10
2018.02.27 11:33:59.070,1.23223,1.23225,1.00,2.25
2018.02.27 11:33:59.122,1.23221,1.23224,1.87,1.12
2018.02.27 11:33:59.657,1.23222,1.23225,1.00,3.64
2018.02.27 11:34:00.493,1.23223,1.23225,1.00,1.95
2018.02.27 11:34:00.713,1.23223,1.23227,3.00,2.70
2018.02.27 11:34:00.866,1.23225,1.23227,1.00,2.44
2018.02.27 11:34:01.371,1.23224,1.23227,4.12,1.69
2018.02.27 11:34:01.905,1.23225,1.23228,1.00,8.14
2018.02.27 11:34:03.347,1.23223,1.23224,1.25,1.12
2018.02.27 11:34:03.452,1.23218,1.23221,1.50,3.60
2018.02.27 11:34:03.612,1.23218,1.23222,2.81,2.81
2018.02.27 11:34:03.665,1.2322,1.23222,1.00,1.00
2018.02.27 11:34:04.166,1.23219,1.23222,1.00,1.87
2018.02.27 11:34:05.943,1.2322,1.23222,1.00,1.50
2018.02.27 11:34:06.253,1.23218,1.23222,10.58,1.10
2018.02.27 11:34:06.356,1.23218,1.23222,6.71,1.10
2018.02.27 11:34:06.861,1.23218,1.23222,6.71,1.00
2018.02.27 11:34:07.397,1.23219,1.23223,2.40,1.87
2018.02.27 11:34:08.433,1.23219,1.23223,1.15,2.25
2018.02.27 11:34:20.417,1.23221,1.23222,5.85,1.20
2018.02.27 11:34:20.470,1.23222,1.23224,2.25,1.87
2018.02.27 11:34:20.523,1.2322,1.23224,6.00,1.57
2018.02.27 11:34:20.786,1.23218,1.2322,3.52,1.20
2018.02.27 11:34:21.369,1.23218,1.2322,2.02,1.20
2018.02.27 11:34:23.162,1.23215,1.23218,2.40,1.12
2018.02.27 11:34:23.267,1.23213,1.23217,5.62,3.07
2018.02.27 11:34:23.950,1.23214,1.23216,1.50,1.20
2018.02.27 11:34:24.510,1.23213,1.23216,9.37,1.20
2018.02.27 11:34:25.172,1.23214,1.23216,1.50,1.95
2018.02.27 11:34:25.962,1.23215,1.23217,1.00,2.32
2018.02.27 11:34:26.466,1.23215,1.23217,1.00,1.87
2018.02.27 11:34:27.440,1.23217,1.2322,4.31,1.95
2018.02.27 11:34:27.583,1.23218,1.23221,1.00,1.12
2018.02.27 11:34:30.291,1.23218,1.2322,2.25,1.00
2018.02.27 11:34:31.742,1.23217,1.2322,2.32,3.07
2018.02.27 11:34:31.878,1.23216,1.23219,1.87,1.69
2018.02.27 11:34:31.931,1.23214,1.23218,2.25,1.50
2018.02.27 11:34:32.683,1.23216,1.23219,1.00,5.32
2018.02.27 11:34:33.152,1.23218,1.23222,1.00,5.14
2018.02.27 11:34:33.691,1.23219,1.23222,1.00,1.85
2018.02.27 11:34:34.236,1.23219,1.23222,1.50,1.10
2018.02.27 11:34:37.705,1.2322,1.23222,1.00,1.12
2018.02.27 11:34:38.232,1.23219,1.23222,1.31,1.12
2018.02.27 11:34:38.856,1.2322,1.23222,1.50,1.00
2018.02.27 11:34:39.406,1.23219,1.23223,6.19,1.95
2018.02.27 11:34:40.892,1.23219,1.23223,6.56,1.95
2018.02.27 11:34:41.411,1.23218,1.23222,10.95,1.00
2018.02.27 11:34:42.622,1.23218,1.23223,6.60,2.89
2018.02.27 11:34:44.980,1.23219,1.23222,1.50,1.00
2018.02.27 11:34:46.128,1.23219,1.23223,1.12,2.70
2018.02.27 11:34:46.632,1.23219,1.23222,1.87,1.00
2018.02.27 11:34:49.958,1.23218,1.23221,4.12,1.12
2018.02.27 11:34:50.011,1.23218,1.23221,3.37,2.81
2018.02.27 11:34:50.065,1.23218,1.23221,1.00,2.51
2018.02.27 11:34:50.690,1.23219,1.23222,1.50,1.50
2018.02.27 11:34:53.612,1.23219,1.23222,2.06,1.69
2018.02.27 11:34:58.903,1.23219,1.23223,1.87,2.14
2018.02.27 11:34:59.519,1.23219,1.23222,2.06,1.25
2018.02.27 11:35:00.028,1.23219,1.23223,2.62,1.39
2018.02.27 11:35:01.220,1.23219,1.23223,1.50,1.01
2018.02.27 11:35:04.694,1.23219,1.23224,5.21,2.51
2018.02.27 11:35:04.868,1.23223,1.23225,3.00,1.00
2018.02.27 11:35:04.920,1.23223,1.23228,2.62,13.87
2018.02.27 11:35:05.483,1.23226,1.23228,10.27,1.00
2018.02.27 11:35:05.536,1.23227,1.23229,1.00,1.95
2018.02.27 11:35:06.084,1.23225,1.23229,3.75,1.10
2018.02.27 11:35:06.839,1.23226,1.23228,1.69,1.50
2018.02.27 11:35:06.891,1.23227,1.2323,1.00,3.37
2018.02.27 11:35:07.419,1.23227,1.23229,3.56,3.00
2018.02.27 11:35:07.815,1.23226,1.2323,1.87,3.67
2018.02.27 11:35:12.093,1.23226,1.23228,1.31,2.25
2018.02.27 11:35:12.353,1.23224,1.23227,3.37,2.25
2018.02.27 11:35:12.457,1.23222,1.23223,1.31,1.30
2018.02.27 11:35:12.510,1.23221,1.23224,1.69,4.95
2018.02.27 11:35:12.613,1.23219,1.23224,2.81,5.70
2018.02.27 11:35:13.153,1.23219,1.23222,3.00,1.57
2018.02.27 11:35:25.651,1.23217,1.2322,1.69,2.25
2018.02.27 11:35:25.993,1.23215,1.23218,1.12,1.00
2018.02.27 11:35:27.946,1.23215,1.23219,2.62,1.39
2018.02.27 11:35:29.621,1.23215,1.23219,1.12,2.89
2018.02.27 11:35:32.944,1.23215,1.23219,5.81,10.20
2018.02.27 11:35:35.217,1.23216,1.23219,1.00,3.45
2018.02.27 11:35:35.765,1.23214,1.23219,9.94,2.51
2018.02.27 11:35:36.279,1.23215,1.23218,5.77,1.10
2018.02.27 11:35:37.782,1.23215,1.23218,4.87,1.10
2018.02.27 11:35:39.217,1.23214,1.23217,4.31,1.01
2018.02.27 11:35:59.369,1.23216,1.23219,1.00,4.95
2018.02.27 11:35:59.476,1.2322,1.23223,2.62,3.07
2018.02.27 11:35:59.626,1.23221,1.23224,3.25,4.76
2018.02.27 11:35:59.731,1.23221,1.23225,3.37,7.76
2018.02.27 11:36:01.451,1.2322,1.23223,4.69,1.00
2018.02.27 11:36:02.201,1.2322,1.23224,4.84,2.14
2018.02.27 11:36:02.371,1.2322,1.23222,1.40,1.20
2018.02.27 11:36:02.424,1.23218,1.23221,6.56,1.50
2018.02.27 11:36:02.478,1.23218,1.23219,1.12,1.20
2018.02.27 11:36:02.580,1.23215,1.23218,2.96,1.00
2018.02.27 11:36:03.212,1.23215,1.23218,1.31,1.20
2018.02.27 11:36:03.728,1.23215,1.23218,1.12,1.57
2018.02.27 11:36:04.799,1.23215,1.23218,1.12,4.01
2018.02.27 11:36:07.131,1.23215,1.23218,2.06,2.51
2018.02.27 11:36:07.233,1.23215,1.23218,2.06,2.89
2018.02.27 11:36:08.381,1.23215,1.23218,1.12,2.32
2018.02.27 11:36:12.490,1.23214,1.23218,2.44,1.76
2018.02.27 11:36:17.479,1.23214,1.23218,2.81,2.14
2018.02.27 11:36:18.054,1.23215,1.23217,1.25,1.39
2018.02.27 11:36:18.555,1.23214,1.23217,4.12,1.20
2018.02.27 11:36:20.159,1.23215,1.23218,1.00,2.32
2018.02.27 11:36:29.488,1.23215,1.23218,3.37,1.95
2018.02.27 11:36:30.098,1.23215,1.23218,3.37,1.95
2018.02.27 11:36:32.522,1.23216,1.23217,1.87,1.00
2018.02.27 11:36:33.063,1.23216,1.23218,2.25,1.95
2018.02.27 11:36:33.775,1.23216,1.23218,3.00,2.14
2018.02.27 11:36:34.809,1.23215,1.23218,4.50,1.95
2018.02.27 11:36:35.338,1.23215,1.23217,4.12,1.00
2018.02.27 11:36:36.607,1.23215,1.23218,3.37,2.14
2018.02.27 11:36:37.187,1.23215,1.23217,3.75,1.00
2018.02.27 11:36:37.703,1.23215,1.23218,3.00,2.14
2018.02.27 11:36:38.649,1.23215,1.23218,2.62,2.32
2018.02.27 11:36:43.951,1.23215,1.23218,3.37,3.07
2018.02.27 11:36:44.003,1.23217,1.2322,2.62,6.07
2018.02.27 11:36:44.055,1.23218,1.2322,1.00,3.07
2018.02.27 11:36:44.573,1.23219,1.23221,2.25,1.20
2018.02.27 11:36:52.332,1.23219,1.23223,3.19,6.34
2018.02.27 11:36:52.796,1.2322,1.23223,3.56,2.14
2018.02.27 11:36:53.342,1.2322,1.23223,6.19,2.14
2018.02.27 11:36:58.280,1.2322,1.23223,5.96,4.39
2018.02.27 11:36:58.501,1.23221,1.23224,3.00,1.95
2018.02.27 11:36:58.553,1.23222,1.23224,1.12,1.00
2018.02.27 11:36:59.104,1.23222,1.23225,1.12,4.01
2018.02.27 11:36:59.782,1.2322,1.23222,9.75,2.25
2018.02.27 11:36:59.885,1.23217,1.23219,2.62,1.27
2018.02.27 11:37:00.629,1.23215,1.23219,6.19,2.70
2018.02.27 11:37:01.430,1.23218,1.23219,1.00,1.57
2018.02.27 11:37:01.816,1.23216,1.23219,3.37,1.12
2018.02.27 11:37:02.326,1.23215,1.23219,3.19,4.39
2018.02.27 11:37:07.071,1.23217,1.23219,1.00,4.95
2018.02.27 11:37:07.227,1.23218,1.2322,1.50,2.25
2018.02.27 11:37:08.050,1.23217,1.2322,3.75,1.12
2018.02.27 11:37:08.895,1.23216,1.23219,1.50,3.00
2018.02.27 11:37:09.649,1.23215,1.23218,1.50,1.10
2018.02.27 11:37:09.877,1.23215,1.23218,2.44,1.10
2018.02.27 11:37:11.843,1.23215,1.23218,5.62,1.10
2018.02.27 11:37:12.376,1.23216,1.23218,1.00,1.10
2018.02.27 11:37:12.953,1.23215,1.23218,1.87,1.10
2018.02.27 11:37:21.317,1.23216,1.23218,2.25,1.10
2018.02.27 11:37:21.474,1.23218,1.2322,1.00,2.70
2018.02.27 11:37:25.867,1.23217,1.2322,5.81,2.14
2018.02.27 11:37:27.504,1.23216,1.23219,1.62,1.69
2018.02.27 11:37:27.819,1.23215,1.23218,1.50,3.45
2018.02.27 11:37:29.738,1.23214,1.23218,3.22,5.51
2018.02.27 11:37:31.632,1.23214,1.23216,1.72,1.00
2018.02.27 11:37:40.682,1.23214,1.23216,3.00,1.00
2018.02.27 11:37:41.259,1.23212,1.23214,1.37,2.70
2018.02.27 11:37:41.312,1.23211,1.23212,1.00,1.50
2018.02.27 11:37:41.365,1.23208,1.23211,12.60,1.10
2018.02.27 11:37:41.597,1.23199,1.23203,1.37,4.76
2018.02.27 11:37:41.703,1.23199,1.23201,1.19,1.00
2018.02.27 11:37:41.912,1.23198,1.23201,8.47,1.00
2018.02.27 11:37:42.539,1.23199,1.23201,2.25,1.00
2018.02.27 11:37:43.052,1.23199,1.23201,1.50,1.00
2018.02.27 11:37:43.577,1.232,1.23202,2.62,1.20
2018.02.27 11:37:43.785,1.23199,1.232,3.94,1.50
2018.02.27 11:37:44.942,1.23198,1.232,3.56,1.00
2018.02.27 11:37:46.661,1.23198,1.23202,7.31,4.01
2018.02.27 11:37:47.819,1.23198,1.23202,5.06,1.10
2018.02.27 11:37:48.339,1.23198,1.23201,2.06,1.00
2018.02.27 11:37:48.909,1.23199,1.23201,1.00,1.57
2018.02.27 11:37:49.511,1.23198,1.23201,3.19,1.12
2018.02.27 11:37:50.059,1.23199,1.23202,2.25,4.57
2018.02.27 11:37:50.579,1.232,1.23203,1.00,3.64
2018.02.27 11:37:50.862,1.232,1.23203,1.69,5.70
2018.02.27 11:37:54.564,1.23201,1.23203,1.25,2.51
2018.02.27 11:37:54.723,1.23199,1.23201,3.00,1.00
2018.02.27 11:37:54.935,1.23196,1.23198,9.07,1.50
2018.02.27 11:37:55.197,1.23189,1.23191,2.25,1.12
2018.02.27 11:37:55.458,1.2319,1.23193,1.00,4.01
2018.02.27 11:37:55.964,1.23189,1.23193,3.81,4.01
2018.02.27 11:37:56.673,1.2319,1.23193,1.00,3.07
2018.02.27 11:37:57.212,1.2319,1.23193,1.50,3.07
2018.02.27 11:37:57.755,1.2319,1.23193,1.12,3.45
2018.02.27 11:37:59.486,1.2319,1.23192,1.18,1.00
2018.02.27 11:38:00.089,1.2319,1.23193,1.18,4.20
2018.02.27 11:38:00.642,1.2319,1.23192,1.50,1.00
2018.02.27 11:38:01.168,1.2319,1.23193,1.50,3.07
2018.02.27 11:38:03.051,1.23193,1.23194,4.69,1.87
2018.02.27 11:38:03.104,1.23194,1.23197,1.50,5.62
2018.02.27 11:38:03.158,1.23197,1.23198,1.12,4.01
2018.02.27 11:38:03.366,1.23196,1.23199,3.75,1.12
2018.02.27 11:38:03.419,1.23196,1.23198,3.00,1.47
2018.02.27 11:38:03.678,1.23195,1.23198,1.00,1.47
2018.02.27 11:38:04.209,1.23195,1.23199,1.12,2.32
2018.02.27 11:38:05.324,1.23197,1.23199,1.12,2.32
2018.02.27 11:38:05.428,1.232,1.23202,1.50,1.87
2018.02.27 11:38:05.482,1.23201,1.23203,8.81,1.12
2018.02.27 11:38:05.689,1.23205,1.23208,2.62,1.10
2018.02.27 11:38:05.897,1.23208,1.23211,2.62,4.31
2018.02.27 11:38:06.212,1.2321,1.23213,1.00,2.32
2018.02.27 11:38:06.646,1.23209,1.2321,1.12,3.75
2018.02.27 11:38:06.700,1.23206,1.2321,1.87,2.51
2018.02.27 11:38:07.213,1.23205,1.23209,11.25,1.50
2018.02.27 11:38:07.882,1.23205,1.23208,1.12,1.20
2018.02.27 11:38:08.752,1.23204,1.23208,3.37,1.01
2018.02.27 11:38:09.646,1.23205,1.23207,1.00,1.00
2018.02.27 11:38:10.154,1.23204,1.23208,1.87,1.76
2018.02.27 11:38:12.390,1.23205,1.23208,1.50,1.07
2018.02.27 11:38:12.914,1.23204,1.23209,4.12,4.01
2018.02.27 11:38:13.731,1.23205,1.23209,1.00,4.20
2018.02.27 11:38:14.292,1.23204,1.23208,7.12,1.00
2018.02.27 11:38:16.476,1.23205,1.23209,2.44,1.10
2018.02.27 11:38:17.564,1.23206,1.23209,1.00,2.14
2018.02.27 11:38:18.096,1.23204,1.23208,3.19,1.39
2018.02.27 11:38:21.424,1.23205,1.23208,1.00,1.20
2018.02.27 11:38:23.910,1.23206,1.2321,6.19,3.82
2018.02.27 11:38:25.107,1.23206,1.2321,5.62,1.10
2018.02.27 11:38:25.263,1.23205,1.23209,1.00,1.57
2018.02.27 11:38:25.798,1.23205,1.23208,1.25,1.00
2018.02.27 11:38:27.073,1.23204,1.23209,4.69,1.95
2018.02.27 11:38:27.579,1.23205,1.23208,1.12,1.00
2018.02.27 11:38:28.388,1.23205,1.23209,1.31,2.89
2018.02.27 11:38:28.934,1.23206,1.23209,2.25,1.76
2018.02.27 11:38:29.407,1.23208,1.23212,1.12,1.95
2018.02.27 11:38:29.933,1.23209,1.23212,1.25,1.39
2018.02.27 11:38:32.436,1.23208,1.23212,7.31,1.57
2018.02.27 11:38:32.960,1.2321,1.23212,1.00,1.20
2018.02.27 11:38:34.040,1.23208,1.23212,9.27,1.10
2018.02.27 11:38:39.303,1.23208,1.23212,8.06,3.07
2018.02.27 11:38:39.812,1.23209,1.23212,1.50,1.10
2018.02.27 11:38:41.177,1.23208,1.23211,3.00,1.25
2018.02.27 11:38:41.490,1.23204,1.23208,6.00,1.10
2018.02.27 11:38:45.340,1.23204,1.23208,4.87,1.39
2018.02.27 11:38:45.895,1.23205,1.23208,1.00,1.20
2018.02.27 11:38:49.237,1.23204,1.23209,5.34,5.70
2018.02.27 11:38:49.741,1.23204,1.23208,3.37,1.10
2018.02.27 11:38:50.319,1.23204,1.23208,3.46,1.57
2018.02.27 11:38:53.088,1.23204,1.23207,4.59,1.10
2018.02.27 11:38:53.635,1.23204,1.23208,4.96,1.20
2018.02.27 11:38:57.351,1.23204,1.23208,2.44,2.70
2018.02.27 11:38:57.944,1.23204,1.23208,2.25,2.32
2018.02.27 11:39:00.281,1.23204,1.23208,1.37,2.70
2018.02.27 11:39:01.489,1.23205,1.23208,1.12,2.32
2018.02.27 11:39:03.814,1.23204,1.23207,3.19,1.12
2018.02.27 11:39:04.407,1.23205,1.23207,1.12,1.20
2018.02.27 11:39:05.248,1.23205,1.23207,1.00,1.20
2018.02.27 11:39:13.370,1.23204,1.23207,8.44,1.20
2018.02.27 11:39:13.974,1.23205,1.23207,1.00,1.00
2018.02.27 11:39:14.817,1.23202,1.23203,1.25,1.00
2018.02.27 11:39:14.869,1.232,1.23202,2.25,1.00
2018.02.27 11:39:15.398,1.232,1.23201,2.25,1.00
2018.02.27 11:39:16.048,1.232,1.23202,1.25,2.89
2018.02.27 11:39:16.115,1.23195,1.23198,8.62,1.00
2018.02.27 11:39:16.710,1.23196,1.23198,1.00,1.20
2018.02.27 11:39:17.212,1.23195,1.23198,5.81,1.20
2018.02.27 11:39:17.959,1.23196,1.23197,1.00,1.10
2018.02.27 11:39:19.528,1.23195,1.23197,5.81,1.10
2018.02.27 11:39:20.075,1.23196,1.23197,1.00,1.10
2018.02.27 11:39:21.025,1.23195,1.23197,3.56,1.10
2018.02.27 11:39:28.364,1.23194,1.23197,4.31,1.57
2018.02.27 11:39:30.956,1.23197,1.23199,2.62,1.95
2018.02.27 11:39:31.008,1.23199,1.232,1.50,1.87
2018.02.27 11:39:31.162,1.232,1.23202,1.00,1.10
2018.02.27 11:39:34.210,1.232,1.23202,2.44,2.14
2018.02.27 11:39:35.474,1.232,1.23202,3.75,1.00
2018.02.27 11:39:38.777,1.23199,1.23202,7.31,1.95
2018.02.27 11:39:39.442,1.23199,1.23202,5.25,1.00
2018.02.27 11:39:40.252,1.23199,1.23202,7.87,1.00
2018.02.27 11:39:41.525,1.23198,1.23199,1.50,1.00
2018.02.27 11:39:41.867,1.23195,1.23196,2.25,3.07
2018.02.27 11:39:41.971,1.23195,1.23198,2.62,1.95
2018.02.27 11:39:42.508,1.23194,1.23198,3.75,1.45
2018.02.27 11:39:43.033,1.23195,1.23197,1.00,1.07
2018.02.27 11:39:44.204,1.23194,1.23198,3.37,2.70
2018.02.27 11:39:46.949,1.23194,1.23198,2.62,3.45
2018.02.27 11:39:47.052,1.23194,1.23198,2.62,2.70
2018.02.27 11:39:47.105,1.23197,1.23199,2.62,4.95
2018.02.27 11:39:47.159,1.23198,1.232,1.87,1.10
2018.02.27 11:39:47.266,1.23198,1.23199,1.00,1.00
2018.02.27 11:39:47.769,1.23196,1.23198,2.81,1.00
2018.02.27 11:39:48.476,1.23196,1.23198,2.44,1.00
2018.02.27 11:39:49.091,1.23198,1.232,3.75,1.10
2018.02.27 11:39:49.491,1.232,1.23202,2.25,1.00
2018.02.27 11:39:50.135,1.232,1.23203,1.50,1.95
2018.02.27 11:39:51.968,1.232,1.23202,1.25,1.00
2018.02.27 11:39:52.498,1.23199,1.23203,4.12,2.51
2018.02.27 11:39:53.002,1.23199,1.23202,6.94,1.50
2018.02.27 11:39:53.553,1.23199,1.23201,5.52,1.00
2018.02.27 11:39:54.541,1.23199,1.23202,2.81,1.95
2018.02.27 11:39:57.453,1.23199,1.23202,3.94,1.57
2018.02.27 11:40:02.034,1.23199,1.23201,3.94,1.00
2018.02.27 11:40:03.087,1.23199,1.23202,2.25,1.57
2018.02.27 11:40:04.965,1.23199,1.23201,3.00,1.00
2018.02.27 11:40:05.507,1.23199,1.23202,1.50,3.86
2018.02.27 11:40:14.144,1.23198,1.23201,3.00,1.10
2018.02.27 11:40:14.660,1.23198,1.232,1.25,1.57
2018.02.27 11:40:15.186,1.23197,1.232,2.06,1.00
2018.02.27 11:40:19.629,1.23197,1.23199,1.87,1.10
2018.02.27 11:40:19.783,1.23195,1.23198,8.63,1.00
2018.02.27 11:40:20.039,1.23197,1.23198,1.00,1.57
2018.02.27 11:40:20.193,1.23195,1.23197,1.12,1.20
2018.02.27 11:40:23.519,1.23194,1.23197,2.25,1.20
2018.02.27 11:40:26.910,1.23197,1.23198,1.00,1.00
2018.02.27 11:40:27.070,1.23199,1.23201,2.25,1.10
2018.02.27 11:40:27.611,1.23199,1.23203,3.75,2.32
2018.02.27 11:40:28.974,1.232,1.23202,1.00,1.12
2018.02.27 11:40:29.499,1.23199,1.23203,5.25,5.70
2018.02.27 11:40:31.731,1.23199,1.23202,2.25,2.51
2018.02.27 11:40:32.270,1.23198,1.23201,2.25,1.20
2018.02.27 11:40:32.850,1.23199,1.23201,1.00,1.20
2018.02.27 11:40:36.250,1.23198,1.23202,5.25,1.20
2018.02.27 11:40:38.204,1.23198,1.23202,7.69,3.26
2018.02.27 11:40:38.743,1.23198,1.23202,8.06,2.32
2018.02.27 11:40:39.260,1.23198,1.23202,8.25,2.32
2018.02.27 11:40:40.148,1.23198,1.23202,6.94,1.07
2018.02.27 11:40:42.664,1.23198,1.23199,1.69,1.25
2018.02.27 11:40:42.716,1.23197,1.23198,2.62,1.00
2018.02.27 11:40:43.217,1.23196,1.23198,1.12,1.95
2018.02.27 11:40:43.722,1.23195,1.23197,6.00,1.00
2018.02.27 11:40:44.405,1.23195,1.23198,5.62,1.10
2018.02.27 11:40:45.880,1.23195,1.23197,6.37,1.00
2018.02.27 11:40:46.488,1.23195,1.23198,1.50,2.51
2018.02.27 11:40:46.541,1.23195,1.23196,1.12,1.00
2018.02.27 11:40:47.044,1.23194,1.23197,1.69,1.39
2018.02.27 11:40:47.692,1.23194,1.23196,2.44,1.00
2018.02.27 11:40:48.363,1.23194,1.23198,3.00,9.82
2018.02.27 11:40:49.417,1.23194,1.23197,2.62,1.07
2018.02.27 11:40:49.574,1.23195,1.23198,1.87,1.10
2018.02.27 11:40:50.111,1.23195,1.23199,1.00,2.70
2018.02.27 11:40:50.621,1.23195,1.23199,1.00,3.82
2018.02.27 11:40:53.048,1.23194,1.23198,6.79,1.95
2018.02.27 11:40:59.909,1.23194,1.23197,3.22,1.00
2018.02.27 11:41:00.428,1.23194,1.23199,4.35,4.76
2018.02.27 11:41:01.247,1.23195,1.23199,1.00,10.24
2018.02.27 11:41:02.441,1.23194,1.23198,3.60,1.20
2018.02.27 11:41:03.342,1.23195,1.23198,1.25,1.10
2018.02.27 11:41:03.498,1.23197,1.23199,1.50,3.45
2018.02.27 11:41:03.550,1.23195,1.23198,7.12,1.00
2018.02.27 11:41:04.404,1.23195,1.23198,3.75,1.57
2018.02.27 11:41:05.308,1.23194,1.23197,1.12,1.07
2018.02.27 11:41:15.556,1.23193,1.23195,1.00,1.57
2018.02.27 11:41:15.609,1.2319,1.23193,2.62,1.00
2018.02.27 11:41:15.713,1.23193,1.23195,1.00,1.07
2018.02.27 11:41:15.971,1.23191,1.23195,3.82,2.89
2018.02.27 11:41:16.024,1.23193,1.23195,1.00,1.57
2018.02.27 11:41:16.552,1.23193,1.23197,1.87,1.20
2018.02.27 11:41:21.304,1.23193,1.23197,1.87,1.07
2018.02.27 11:41:21.887,1.23193,1.23196,2.25,1.39
2018.02.27 11:41:22.492,1.23192,1.23196,5.44,1.61
2018.02.27 11:41:23.610,1.23191,1.23195,1.50,4.76
2018.02.27 11:41:23.662,1.23191,1.23195,1.00,8.14
2018.02.27 11:41:27.747,1.23193,1.23195,1.00,2.70
2018.02.27 11:41:27.951,1.23193,1.23197,4.69,8.89
2018.02.27 11:41:30.280,1.23194,1.23197,1.00,2.70
2018.02.27 11:41:31.434,1.23193,1.23196,9.19,1.57
2018.02.27 11:41:32.135,1.23193,1.23196,3.19,1.75
2018.02.27 11:41:33.515,1.23192,1.23194,1.00,1.39
2018.02.27 11:41:34.126,1.23192,1.23194,1.00,1.07
2018.02.27 11:41:35.694,1.23193,1.23195,1.69,3.26
2018.02.27 11:41:35.899,1.23191,1.23194,1.00,4.01
2018.02.27 11:41:40.335,1.23191,1.23194,1.50,3.64
2018.02.27 11:41:43.440,1.23193,1.23195,1.00,7.39
2018.02.27 11:41:43.959,1.23192,1.23196,1.50,2.32
2018.02.27 11:41:44.485,1.23192,1.23195,3.56,1.20
2018.02.27 11:41:44.893,1.23194,1.23196,1.00,1.95
2018.02.27 11:41:45.406,1.23193,1.23196,3.37,1.47
2018.02.27 11:41:45.927,1.23193,1.23197,3.00,7.01
2018.02.27 11:41:46.573,1.23194,1.23196,1.00,1.20
2018.02.27 11:41:47.300,1.23193,1.23197,1.50,8.51
2018.02.27 11:41:47.606,1.23191,1.23194,2.25,3.45
2018.02.27 11:41:48.144,1.23193,1.23194,1.00,1.10
2018.02.27 11:41:48.650,1.23193,1.23195,1.00,1.00
2018.02.27 11:41:49.170,1.23192,1.23196,4.35,2.32
2018.02.27 11:41:49.697,1.23193,1.23197,1.00,8.55
2018.02.27 11:41:54.098,1.23193,1.23194,1.50,1.00
2018.02.27 11:41:54.256,1.23191,1.23194,3.00,5.51
2018.02.27 11:41:54.433,1.23189,1.23193,5.10,1.20
2018.02.27 11:41:55.018,1.2319,1.23193,1.12,1.20
2018.02.27 11:41:55.765,1.23189,1.23193,10.91,1.95
2018.02.27 11:41:56.150,1.23189,1.23191,3.37,1.00
2018.02.27 11:41:56.468,1.23182,1.23184,3.19,5.14
2018.02.27 11:41:56.635,1.23178,1.23181,5.62,1.12
2018.02.27 11:41:56.757,1.23176,1.23178,1.00,2.32
2018.02.27 11:41:56.963,1.23174,1.23176,1.00,1.45
2018.02.27 11:41:57.469,1.23174,1.23177,2.44,2.32
2018.02.27 11:42:01.130,1.23173,1.23174,1.90,1.00
2018.02.27 11:42:01.680,1.23172,1.23175,2.70,3.82
2018.02.27 11:42:02.978,1.23173,1.23175,1.10,3.45
2018.02.27 11:42:03.573,1.23171,1.23174,1.57,3.07
2018.02.27 11:42:04.091,1.2317,1.23173,1.32,1.20
2018.02.27 11:42:04.904,1.2317,1.23174,3.52,6.64
2018.02.27 11:42:05.435,1.2317,1.23173,1.27,1.10
2018.02.27 11:42:06.113,1.2317,1.23174,2.70,8.51
2018.02.27 11:42:06.646,1.2317,1.23173,5.77,2.14
2018.02.27 11:42:07.210,1.2317,1.23173,3.26,1.76
2018.02.27 11:42:07.779,1.2317,1.23173,2.25,1.76
2018.02.27 11:42:08.238,1.23167,1.23169,7.09,3.25
2018.02.27 11:42:08.392,1.23165,1.23167,1.54,1.50
2018.02.27 11:42:09.084,1.23165,1.23168,1.31,4.01
2018.02.27 11:42:09.344,1.23164,1.23168,3.37,2.70
2018.02.27 11:42:09.845,1.23165,1.23168,1.50,3.07
2018.02.27 11:42:11.723,1.23166,1.23168,1.00,2.70
2018.02.27 11:42:11.827,1.23165,1.23168,1.50,3.07
2018.02.27 11:42:11.931,1.23167,1.23168,1.87,3.07
2018.02.27 11:42:12.242,1.23166,1.23169,1.00,5.70
2018.02.27 11:42:12.294,1.23167,1.23169,1.00,6.85
2018.02.27 11:42:12.397,1.23166,1.23168,1.12,1.10
2018.02.27 11:42:12.601,1.23168,1.23169,1.00,1.95
2018.02.27 11:42:12.806,1.23164,1.23167,3.94,1.20
2018.02.27 11:42:13.466,1.23164,1.23167,1.87,2.32
2018.02.27 11:42:13.719,1.23163,1.23165,1.00,2.62
2018.02.27 11:42:13.877,1.23162,1.23164,1.00,1.95
2018.02.27 11:42:14.423,1.2316,1.23163,1.91,2.02
2018.02.27 11:42:15.776,1.23159,1.23163,4.53,2.70
2018.02.27 11:42:16.090,1.23158,1.23162,3.07,1.57
2018.02.27 11:42:16.508,1.23158,1.2316,1.32,1.00
2018.02.27 11:42:17.013,1.23159,1.23161,1.25,1.12
2018.02.27 11:42:17.523,1.23158,1.23161,1.57,1.87
2018.02.27 11:42:17.858,1.2316,1.23161,1.00,1.12
2018.02.27 11:42:17.910,1.2316,1.23163,1.69,2.62
2018.02.27 11:42:18.421,1.23159,1.23162,4.95,1.57
2018.02.27 11:42:18.887,1.23161,1.23164,1.31,1.57
2018.02.27 11:42:19.411,1.23161,1.23164,1.19,1.69
2018.02.27 11:42:19.914,1.2316,1.23164,2.81,1.00
2018.02.27 11:42:20.535,1.23161,1.23162,1.00,1.12
2018.02.27 11:42:20.843,1.23158,1.23161,3.00,2.25
2018.02.27 11:42:21.806,1.23158,1.23162,3.00,9.82
2018.02.27 11:42:22.479,1.23158,1.2316,1.00,1.50
2018.02.27 11:42:23.019,1.23157,1.2316,9.37,1.00
2018.02.27 11:42:23.620,1.23158,1.2316,1.00,1.00
2018.02.27 11:42:24.099,1.2316,1.23161,1.00,1.20
2018.02.27 11:42:24.408,1.23169,1.23171,2.25,2.32
2018.02.27 11:42:24.672,1.23167,1.23171,9.37,2.70
2018.02.27 11:42:24.776,1.23167,1.23169,1.00,1.95
2018.02.27 11:42:25.286,1.23166,1.23168,2.06,2.51
2018.02.27 11:42:26.422,1.23166,1.23169,2.06,1.07
2018.02.27 11:42:26.784,1.23168,1.2317,6.37,1.10
2018.02.27 11:42:26.837,1.23168,1.23171,3.19,1.57
2018.02.27 11:42:27.123,1.23166,1.23169,3.19,1.50
2018.02.27 11:42:27.668,1.23168,1.2317,1.00,1.07
2018.02.27 11:42:28.174,1.23167,1.2317,1.50,3.07
2018.02.27 11:42:28.691,1.23168,1.2317,1.50,2.25
2018.02.27 11:42:29.063,1.23166,1.23169,3.00,2.70
2018.02.27 11:42:29.167,1.23167,1.2317,1.25,4.20
2018.02.27 11:42:29.699,1.23169,1.23172,1.00,2.32
2018.02.27 11:42:31.113,1.23169,1.23172,1.69,1.20
2018.02.27 11:42:31.719,1.23169,1.23172,2.62,1.10
2018.02.27 11:42:32.705,1.23169,1.23173,1.12,8.14
2018.02.27 11:42:33.248,1.23169,1.23173,3.56,6.82
2018.02.27 11:42:33.587,1.23172,1.23176,7.87,5.51
2018.02.27 11:42:33.949,1.23172,1.23176,6.75,4.01
2018.02.27 11:42:35.050,1.23172,1.23175,1.12,1.01
2018.02.27 11:42:35.103,1.23171,1.23173,2.25,1.45
2018.02.27 11:42:35.155,1.2317,1.23173,1.69,3.45
2018.02.27 11:42:35.208,1.23169,1.2317,1.12,2.81
2018.02.27 11:42:35.312,1.23166,1.23168,1.12,1.45
2018.02.27 11:42:35.572,1.23167,1.23169,1.25,1.20
2018.02.27 11:42:36.115,1.23168,1.2317,1.12,2.32
2018.02.27 11:42:37.435,1.23167,1.23169,1.12,1.20
2018.02.27 11:42:37.748,1.23158,1.23159,4.87,1.57
2018.02.27 11:42:38.181,1.23154,1.23157,3.79,1.76
2018.02.27 11:42:38.390,1.23153,1.23156,2.44,1.95
2018.02.27 11:42:38.494,1.23153,1.23156,2.47,1.57
2018.02.27 11:42:38.650,1.23153,1.23156,3.19,1.10
2018.02.27 11:42:39.530,1.23155,1.23156,1.00,1.10
2018.02.27 11:42:40.034,1.23155,1.23157,1.30,3.07
2018.02.27 11:42:41.400,1.23154,1.23158,4.35,8.06
2018.02.27 11:42:41.803,1.23158,1.23162,3.19,1.57
2018.02.27 11:42:42.316,1.23158,1.23162,4.31,1.95
2018.02.27 11:42:42.829,1.23159,1.23162,3.19,1.57
2018.02.27 11:42:43.366,1.23159,1.23162,1.69,1.76
2018.02.27 11:42:44.738,1.23158,1.2316,1.12,1.10
2018.02.27 11:42:44.791,1.23157,1.23159,1.50,1.20
2018.02.27 11:42:44.843,1.23156,1.23158,1.00,1.10
2018.02.27 11:42:45.052,1.23155,1.23158,1.50,3.26
2018.02.27 11:42:45.582,1.23155,1.23158,1.00,3.64
2018.02.27 11:42:46.055,1.23155,1.23157,1.00,2.51
2018.02.27 11:42:46.260,1.23153,1.23155,1.25,1.10
2018.02.27 11:42:46.952,1.23151,1.23156,5.44,3.45
2018.02.27 11:42:47.491,1.23153,1.23156,1.50,2.32
2018.02.27 11:42:48.034,1.23152,1.23156,2.81,1.57
2018.02.27 11:42:48.561,1.23152,1.23156,3.56,1.57
2018.02.27 11:42:49.081,1.23155,1.23157,3.56,1.45
2018.02.27 11:42:49.185,1.23157,1.2316,6.56,1.57
2018.02.27 11:42:49.721,1.23158,1.23161,1.00,2.14
2018.02.27 11:42:50.239,1.23158,1.23161,10.50,1.10
2018.02.27 11:42:50.490,1.23161,1.23164,3.56,3.07
2018.02.27 11:42:50.797,1.23163,1.23166,1.69,1.10
2018.02.27 11:42:51.205,1.23163,1.23166,1.69,3.15
2018.02.27 11:42:51.308,1.23162,1.23164,1.00,1.07
2018.02.27 11:42:51.731,1.23159,1.23161,1.00,1.00
2018.02.27 11:42:52.243,1.23158,1.23161,1.12,1.57
2018.02.27 11:42:52.647,1.23155,1.23159,1.25,2.70
2018.02.27 11:42:53.204,1.23158,1.2316,1.50,2.89
2018.02.27 11:42:53.257,1.23158,1.2316,1.00,1.20
2018.02.27 11:42:53.478,1.23156,1.23159,1.50,1.95
2018.02.27 11:42:56.128,1.23154,1.23158,5.44,1.01
2018.02.27 11:42:56.995,1.23154,1.23158,6.94,1.01
2018.02.27 11:42:57.849,1.23157,1.23159,1.69,1.76
2018.02.27 11:42:58.373,1.23157,1.2316,2.25,10.57
2018.02.27 11:42:59.245,1.23157,1.23159,1.00,2.14
2018.02.27 11:42:59.793,1.23155,1.23159,3.75,2.89
2018.02.27 11:43:02.401,1.23158,1.23161,2.44,3.07
2018.02.27 11:43:02.925,1.23159,1.23163,2.06,4.39
2018.02.27 11:43:04.053,1.23159,1.23163,3.00,4.01
2018.02.27 11:43:04.636,1.23158,1.23162,6.00,1.39
2018.02.27 11:43:06.456,1.23159,1.23162,2.81,1.76
2018.02.27 11:43:06.960,1.23159,1.23162,2.06,3.64
2018.02.27 11:43:08.049,1.23161,1.23163,3.97,1.70
2018.02.27 11:43:08.101,1.23163,1.23165,3.75,3.37
2018.02.27 11:43:08.205,1.23164,1.23167,2.62,4.80
2018.02.27 11:43:08.258,1.23164,1.23167,1.87,2.32
2018.02.27 11:43:09.033,1.23169,1.2317,1.00,2.62
2018.02.27 11:43:09.138,1.23171,1.23173,1.50,2.62
2018.02.27 11:43:09.694,1.2317,1.23174,1.25,1.95
2018.02.27 11:43:10.395,1.2317,1.23174,4.31,3.81
2018.02.27 11:43:10.552,1.2317,1.23171,1.50,5.81
2018.02.27 11:43:10.693,1.23169,1.2317,4.50,3.00
2018.02.27 11:43:10.745,1.23167,1.23169,1.50,3.94
2018.02.27 11:43:10.798,1.23168,1.2317,1.50,1.69
2018.02.27 11:43:10.902,1.23169,1.23172,2.81,2.06
2018.02.27 11:43:11.318,1.23169,1.23171,1.87,3.94
2018.02.27 11:43:11.986,1.23167,1.2317,3.00,1.50
2018.02.27 11:43:12.888,1.23168,1.2317,1.00,2.25
2018.02.27 11:43:13.216,1.23169,1.23172,1.69,1.95
2018.02.27 11:43:14.237,1.23168,1.23171,1.31,1.00
2018.02.27 11:43:14.289,1.23168,1.23169,1.50,1.00
2018.02.27 11:43:14.826,1.23167,1.23169,1.00,3.00
2018.02.27 11:43:15.366,1.23167,1.23168,1.00,1.00
2018.02.27 11:43:16.699,1.23168,1.23169,2.62,1.00
2018.02.27 11:43:16.751,1.23168,1.23171,3.37,5.44
2018.02.27 11:43:17.255,1.23169,1.23171,1.00,1.12
2018.02.27 11:43:17.309,1.23168,1.23169,1.00,1.50
2018.02.27 11:43:17.824,1.23167,1.2317,1.12,4.31
2018.02.27 11:43:18.327,1.23167,1.2317,1.12,3.00
2018.02.27 11:43:19.111,1.23168,1.2317,1.00,3.75
2018.02.27 11:43:19.899,1.23169,1.23171,1.00,2.25
2018.02.27 11:43:20.297,1.23166,1.23168,1.50,1.00
2018.02.27 11:43:20.846,1.23166,1.23169,1.69,3.75
2018.02.27 11:43:21.354,1.23165,1.2317,12.26,4.20
2018.02.27 11:43:21.731,1.23167,1.23168,1.12,1.50
2018.02.27 11:43:22.469,1.23166,1.23169,1.50,2.44
2018.02.27 11:43:22.779,1.23166,1.23167,1.00,1.69
2018.02.27 11:43:23.013,1.23162,1.23164,1.50,1.31
2018.02.27 11:43:23.667,1.23164,1.23165,1.50,3.37
2018.02.27 11:43:24.060,1.23163,1.23167,4.31,2.70
2018.02.27 11:43:27.181,1.23165,1.23168,1.00,3.37
2018.02.27 11:43:27.848,1.23164,1.23168,3.00,1.50
2018.02.27 11:43:28.392,1.23165,1.23168,1.12,1.12
2018.02.27 11:43:29.822,1.23165,1.23169,1.31,4.12
2018.02.27 11:43:30.689,1.23165,1.23168,2.06,1.00
2018.02.27 11:43:31.348,1.23164,1.23169,9.19,5.44
2018.02.27 11:43:32.473,1.23165,1.23168,1.31,1.00
2018.02.27 11:43:33.400,1.23164,1.23169,6.19,4.12
2018.02.27 11:43:34.668,1.23166,1.23169,1.00,6.45
2018.02.27 11:43:35.210,1.23165,1.23169,1.31,3.45
2018.02.27 11:43:35.363,1.23169,1.2317,2.25,1.95
2018.02.27 11:43:35.531,1.23169,1.23172,3.37,2.25
2018.02.27 11:43:35.584,1.23171,1.23172,1.50,2.25
2018.02.27 11:43:35.638,1.23169,1.23172,3.37,1.50
2018.02.27 11:43:36.181,1.2317,1.23172,1.00,1.12
2018.02.27 11:43:36.702,1.23169,1.23172,1.12,1.50
2018.02.27 11:43:36.961,1.23167,1.2317,1.87,2.25
2018.02.27 11:43:37.351,1.23165,1.23168,3.19,1.00
2018.02.27 11:43:39.032,1.23166,1.23169,2.06,2.70
2018.02.27 11:43:39.343,1.23167,1.2317,4.31,1.00
2018.02.27 11:43:39.863,1.23166,1.23169,1.75,1.25
2018.02.27 11:43:40.564,1.23166,1.23169,1.12,1.25
2018.02.27 11:43:44.479,1.23165,1.23169,12.64,1.69
2018.02.27 11:43:45.022,1.23167,1.2317,1.12,6.75
2018.02.27 11:43:45.542,1.23166,1.23169,1.87,2.25
2018.02.27 11:43:46.085,1.23166,1.2317,4.12,10.01
2018.02.27 11:43:47.588,1.23166,1.2317,2.62,13.84
2018.02.27 11:43:48.706,1.23167,1.2317,2.06,1.95
2018.02.27 11:43:49.122,1.23165,1.23166,2.70,1.00
2018.02.27 11:43:49.176,1.23162,1.23164,1.87,1.12
2018.02.27 11:43:49.281,1.2316,1.23162,2.50,1.69
2018.02.27 11:43:49.564,1.23158,1.23159,1.00,1.00
2018.02.27 11:43:49.879,1.23158,1.23161,3.94,1.87
2018.02.27 11:43:50.392,1.23159,1.23161,1.31,2.25
2018.02.27 11:43:50.907,1.23159,1.23161,2.06,1.00
2018.02.27 11:43:52.786,1.23162,1.23164,31.73,3.52
2018.02.27 11:43:53.130,1.2317,1.23172,1.25,1.87
2018.02.27 11:43:53.648,1.23168,1.23171,6.75,1.00
2018.02.27 11:43:54.269,1.23169,1.23172,3.19,1.00
2018.02.27 11:43:54.374,1.23172,1.23174,1.00,6.19
2018.02.27 11:43:54.931,1.2317,1.23174,3.19,3.37
2018.02.27 11:43:56.098,1.2317,1.23173,1.50,1.00
2018.02.27 11:43:56.740,1.2317,1.23174,1.69,4.87
2018.02.27 11:43:57.296,1.2317,1.23173,1.69,1.00
2018.02.27 11:43:57.873,1.2317,1.23172,2.25,1.00
2018.02.27 11:43:59.715,1.2317,1.23173,3.19,1.00
2018.02.27 11:44:03.186,1.23171,1.23173,2.06,1.00
2018.02.27 11:44:03.743,1.23171,1.23173,2.06,1.00
2018.02.27 11:44:04.322,1.23171,1.23173,2.81,1.00
2018.02.27 11:44:04.753,1.23171,1.23175,5.81,2.14
2018.02.27 11:44:05.654,1.23171,1.23175,5.06,2.70
2018.02.27 11:44:09.084,1.23171,1.23175,2.06,1.57
2018.02.27 11:44:11.771,1.23171,1.23175,6.00,3.82
2018.02.27 11:44:13.001,1.23171,1.23173,1.50,1.50
2018.02.27 11:44:17.712,1.2317,1.23171,2.25,1.35
2018.02.27 11:44:17.866,1.23166,1.23168,1.57,4.87
2018.02.27 11:44:18.019,1.23164,1.23166,1.00,1.00
2018.02.27 11:44:18.607,1.23164,1.23166,1.69,1.50
2018.02.27 11:44:19.157,1.23164,1.23166,1.25,1.00
2018.02.27 11:44:20.658,1.23162,1.23166,4.31,3.22
2018.02.27 11:44:21.025,1.23164,1.23166,3.75,2.32
2018.02.27 11:44:21.487,1.23165,1.23168,1.69,1.69
2018.02.27 11:44:21.646,1.23163,1.23168,3.08,1.50
2018.02.27 11:44:22.179,1.23165,1.23168,1.00,2.25
2018.02.27 11:44:22.763,1.23164,1.23167,2.06,1.00
2018.02.27 11:44:22.949,1.23167,1.23169,1.50,8.25
2018.02.27 11:44:23.007,1.23167,1.23171,3.00,3.37
2018.02.27 11:44:23.061,1.23168,1.23169,1.00,1.00
2018.02.27 11:44:23.166,1.23167,1.23169,1.50,1.00
2018.02.27 11:44:24.238,1.23167,1.23169,2.44,1.00
2018.02.27 11:44:24.755,1.23167,1.23169,1.69,1.50
2018.02.27 11:44:25.334,1.23167,1.2317,1.25,3.94
2018.02.27 11:44:25.519,1.23169,1.23171,1.25,1.00
2018.02.27 11:44:26.243,1.23169,1.23172,1.12,2.62
2018.02.27 11:44:27.122,1.23169,1.23172,1.19,1.12
2018.02.27 11:44:27.645,1.23171,1.23173,1.12,1.50
2018.02.27 11:44:28.883,1.2317,1.23173,1.87,4.50
2018.02.27 11:44:29.415,1.23169,1.23173,1.12,3.75
2018.02.27 11:44:32.247,1.23169,1.23173,2.51,10.65
2018.02.27 11:44:33.639,1.23169,1.23173,1.76,3.75
2018.02.27 11:44:34.164,1.23168,1.23173,7.39,3.37
2018.02.27 11:44:36.370,1.23171,1.23172,1.00,1.00
2018.02.27 11:44:36.424,1.23172,1.23174,2.70,1.87
2018.02.27 11:44:36.952,1.23171,1.23173,1.31,1.50
2018.02.27 11:44:37.496,1.2317,1.23173,1.57,1.87
2018.02.27 11:44:38.218,1.2317,1.23173,2.32,2.81
2018.02.27 11:44:38.873,1.23172,1.23175,1.50,4.31
2018.02.27 11:44:38.927,1.23172,1.23176,3.75,6.56
2018.02.27 11:44:39.113,1.23172,1.23175,1.00,9.94
2018.02.27 11:44:39.636,1.2317,1.23173,7.01,1.00
2018.02.27 11:44:41.801,1.23169,1.2317,4.01,4.87
2018.02.27 11:44:42.049,1.2316,1.23162,1.50,1.25
2018.02.27 11:44:42.617,1.2316,1.23163,1.12,2.25
2018.02.27 11:44:45.423,1.2316,1.23162,1.00,1.00
2018.02.27 11:44:45.986,1.2316,1.23163,1.00,1.50
2018.02.27 11:44:47.279,1.2316,1.23162,1.00,1.00
2018.02.27 11:44:47.789,1.2316,1.23163,1.00,3.37
2018.02.27 11:44:48.199,1.23159,1.23162,1.12,6.75
2018.02.27 11:44:49.008,1.23157,1.23161,1.69,1.76
2018.02.27 11:44:50.622,1.23156,1.23159,6.64,6.00
2018.02.27 11:44:51.037,1.23154,1.23159,5.06,5.89
2018.02.27 11:44:51.552,1.23154,1.23159,6.37,6.37
2018.02.27 11:44:52.198,1.23154,1.23158,6.19,1.12
2018.02.27 11:44:52.769,1.23155,1.23158,1.12,1.69
2018.02.27 11:44:53.809,1.23155,1.23157,1.12,3.00
2018.02.27 11:44:54.319,1.23155,1.23158,1.12,4.50
2018.02.27 11:44:56.173,1.23153,1.23154,1.69,1.00
2018.02.27 11:44:56.371,1.2315,1.23152,1.00,1.00
2018.02.27 11:44:56.526,1.23149,1.23154,6.00,10.16
2018.02.27 11:44:57.049,1.23149,1.23154,3.94,9.22
2018.02.27 11:44:57.587,1.23149,1.23152,3.37,1.00
2018.02.27 11:44:58.117,1.2315,1.23153,1.12,2.25
2018.02.27 11:44:59.141,1.2315,1.23152,2.06,1.00
2018.02.27 11:44:59.702,1.2315,1.23153,1.87,3.56
2018.02.27 11:45:00.390,1.23151,1.23153,1.00,1.00
2018.02.27 11:45:00.496,1.23154,1.23155,1.50,1.12
2018.02.27 11:45:00.607,1.23156,1.23158,1.50,4.50
2018.02.27 11:45:00.763,1.23154,1.23158,1.12,4.31
2018.02.27 11:45:00.951,1.23154,1.23155,1.00,1.00
2018.02.27 11:45:01.454,1.23153,1.23156,2.70,1.31
2018.02.27 11:45:01.768,1.2315,1.23153,1.50,1.12
2018.02.27 11:45:02.962,1.2315,1.23154,1.50,4.50
2018.02.27 11:45:03.511,1.23149,1.23154,7.76,6.45
2018.02.27 11:45:04.331,1.23152,1.23154,1.50,1.50
2018.02.27 11:45:04.843,1.23151,1.23154,2.25,6.64
2018.02.27 11:45:05.354,1.2315,1.23153,6.00,1.12
2018.02.27 11:45:06.239,1.2315,1.23154,5.44,2.06
2018.02.27 11:45:06.549,1.23153,1.23156,4.50,4.87
2018.02.27 11:45:07.097,1.23153,1.23155,1.00,1.00
2018.02.27 11:45:07.518,1.23155,1.23158,9.94,1.00
2018.02.27 11:45:07.621,1.23157,1.23158,1.50,1.00
2018.02.27 11:45:07.826,1.23155,1.23157,5.62,1.00
2018.02.27 11:45:08.377,1.23155,1.23158,1.12,2.25
2018.02.27 11:45:08.895,1.23154,1.23158,4.50,2.21
2018.02.27 11:45:08.947,1.23154,1.23156,3.75,1.00
2018.02.27 11:45:09.209,1.23152,1.23155,1.12,1.00
2018.02.27 11:45:09.751,1.23153,1.23157,3.75,7.72
2018.02.27 11:45:12.668,1.23153,1.23155,2.44,1.00
2018.02.27 11:45:12.953,1.23151,1.23153,6.64,1.50
2018.02.27 11:45:13.217,1.23146,1.23149,1.00,4.12
2018.02.27 11:45:13.791,1.23145,1.23148,2.25,1.12
2018.02.27 11:45:14.418,1.23146,1.2315,7.12,3.00
2018.02.27 11:45:14.473,1.23149,1.23151,1.00,4.50
2018.02.27 11:45:14.649,1.23147,1.23151,6.00,1.12
2018.02.27 11:45:14.804,1.23149,1.23151,1.50,1.00
2018.02.27 11:45:14.856,1.23149,1.23152,1.50,1.50
2018.02.27 11:45:15.870,1.2315,1.23152,1.00,1.50
2018.02.27 11:45:17.432,1.23149,1.2315,1.12,1.00
2018.02.27 11:45:17.535,1.23147,1.2315,2.25,2.62
2018.02.27 11:45:17.690,1.23146,1.23148,2.62,1.87
2018.02.27 11:45:18.620,1.23145,1.23148,1.69,1.00
2018.02.27 11:45:19.139,1.23143,1.23147,4.50,1.00
2018.02.27 11:45:19.964,1.23144,1.23148,3.37,3.75
2018.02.27 11:45:20.578,1.23144,1.23147,3.37,1.00
2018.02.27 11:45:21.218,1.23144,1.23148,3.37,2.32
2018.02.27 11:45:21.741,1.23145,1.23147,1.00,2.44
2018.02.27 11:45:22.385,1.23144,1.23148,1.00,6.64
2018.02.27 11:45:23.035,1.23144,1.23148,4.95,1.12
2018.02.27 11:45:23.476,1.23147,1.2315,3.00,1.12
2018.02.27 11:45:23.890,1.23149,1.23151,2.06,1.00
2018.02.27 11:45:24.251,1.23156,1.23159,2.62,21.45
2018.02.27 11:45:24.305,1.23157,1.23161,4.12,1.25
2018.02.27 11:45:24.832,1.23157,1.23161,2.44,1.25
2018.02.27 11:45:25.350,1.23157,1.23161,2.06,1.25
2018.02.27 11:45:25.510,1.23156,1.23159,1.95,1.00
2018.02.27 11:45:25.820,1.23158,1.23161,1.00,1.50
2018.02.27 11:45:26.945,1.23157,1.23159,2.25,1.00
2018.02.27 11:45:27.346,1.23151,1.23154,7.39,1.00
2018.02.27 11:45:27.399,1.23153,1.23155,3.75,1.00
2018.02.27 11:45:28.621,1.23154,1.23155,1.50,1.00
2018.02.27 11:45:29.156,1.23153,1.23155,3.07,1.00
2018.02.27 11:45:30.031,1.23154,1.23155,1.00,1.00
2018.02.27 11:45:31.026,1.23153,1.23155,2.70,1.00
2018.02.27 11:45:31.847,1.23152,1.23154,1.00,2.25
2018.02.27 11:45:31.921,1.2315,1.23152,1.87,1.50
2018.02.27 11:45:34.325,1.2315,1.23153,1.50,2.25
2018.02.27 11:45:34.714,1.23152,1.23155,3.00,1.00
2018.02.27 11:45:35.238,1.23153,1.23155,2.50,2.25
2018.02.27 11:45:35.452,1.23156,1.23158,1.00,1.69
2018.02.27 11:45:35.968,1.23157,1.23159,3.00,1.12
2018.02.27 11:45:37.809,1.23157,1.2316,2.70,3.00
2018.02.27 11:45:38.064,1.23158,1.2316,2.12,2.25
2018.02.27 11:45:38.680,1.23158,1.2316,1.50,1.50
2018.02.27 11:45:38.999,1.23153,1.23155,2.25,1.00
2018.02.27 11:45:40.182,1.23154,1.23155,2.25,1.00
2018.02.27 11:45:40.340,1.23156,1.23159,1.87,2.70
2018.02.27 11:45:40.391,1.23156,1.23158,2.62,1.00
2018.02.27 11:45:42.041,1.23157,1.23158,1.00,1.00
2018.02.27 11:45:42.094,1.23156,1.23159,3.94,1.50
2018.02.27 11:45:42.146,1.23157,1.23159,3.75,1.00
2018.02.27 11:45:42.679,1.23158,1.2316,3.37,1.50
2018.02.27 11:45:43.044,1.23156,1.23158,2.32,1.00
2018.02.27 11:45:43.729,1.23155,1.23157,6.94,1.00
2018.02.27 11:45:44.238,1.23155,1.23157,3.19,1.00
2018.02.27 11:45:44.750,1.23156,1.23157,1.00,1.00
2018.02.27 11:45:45.280,1.23155,1.23157,2.06,1.00
2018.02.27 11:45:45.792,1.23155,1.23157,3.19,1.00
2018.02.27 11:45:46.797,1.23154,1.23157,4.57,1.00
2018.02.27 11:45:47.607,1.23154,1.23156,2.70,1.00
2018.02.27 11:45:47.661,1.23152,1.23154,6.07,1.50
2018.02.27 11:45:47.717,1.23151,1.23153,1.00,1.50
2018.02.27 11:45:48.222,1.23151,1.23152,1.00,1.50
2018.02.27 11:45:48.769,1.2315,1.23152,3.19,1.00
2018.02.27 11:45:49.488,1.23148,1.2315,2.89,1.00
2018.02.27 11:45:50.241,1.23149,1.23151,4.31,1.50
2018.02.27 11:45:50.344,1.23155,1.23157,1.50,1.50
2018.02.27 11:45:50.683,1.23154,1.23155,1.12,1.00
2018.02.27 11:45:51.040,1.23152,1.23155,6.83,1.00
2018.02.27 11:45:51.704,1.23153,1.23155,1.00,1.00
2018.02.27 11:45:52.242,1.23155,1.23156,1.12,1.50
2018.02.27 11:45:52.347,1.23155,1.23158,3.75,1.12
2018.02.27 11:45:52.844,1.23155,1.23157,2.25,1.00
2018.02.27 11:45:53.374,1.23156,1.23158,1.00,1.00
2018.02.27 11:45:55.179,1.23156,1.23159,5.44,1.50
2018.02.27 11:45:58.588,1.23156,1.23158,3.00,1.00
2018.02.27 11:45:58.743,1.23155,1.23157,6.07,1.00
2018.02.27 11:45:59.114,1.23156,1.23158,1.87,1.50
2018.02.27 11:45:59.596,1.23158,1.2316,1.50,1.87
2018.02.27 11:46:02.057,1.2316,1.23161,1.00,2.25
2018.02.27 11:46:02.604,1.23159,1.2316,1.12,1.50
2018.02.27 11:46:03.096,1.23157,1.23158,1.00,1.00
2018.02.27 11:46:03.200,1.23158,1.2316,1.87,2.25
2018.02.27 11:46:03.784,1.23158,1.2316,5.62,1.50
2018.02.27 11:46:05.189,1.23159,1.23161,2.06,2.25
2018.02.27 11:46:05.863,1.23158,1.2316,3.56,2.25
2018.02.27 11:46:09.234,1.23158,1.2316,6.94,2.25
2018.02.27 11:46:12.322,1.23157,1.23158,1.25,1.00
2018.02.27 11:46:12.373,1.23156,1.23158,1.76,1.00
2018.02.27 11:46:16.419,1.23157,1.23158,1.00,1.00
2018.02.27 11:46:23.084,1.23156,1.23158,1.25,1.00
2018.02.27 11:46:23.136,1.23155,1.23156,1.10,1.00
2018.02.27 11:46:23.690,1.23154,1.23156,3.37,1.00
2018.02.27 11:46:25.200,1.23155,1.23158,1.50,1.87
2018.02.27 11:46:25.299,1.23155,1.23157,10.50,1.00
2018.02.27 11:46:25.368,1.23153,1.23155,2.25,1.00
2018.02.27 11:46:25.998,1.23152,1.23154,13.76,1.00
2018.02.27 11:46:26.540,1.23153,1.23156,3.75,1.50
2018.02.27 11:46:27.843,1.23153,1.23156,4.87,1.00
2018.02.27 11:46:30.237,1.23154,1.23155,1.12,1.00
2018.02.27 11:46:31.308,1.23153,1.23155,2.81,1.00
2018.02.27 11:46:31.889,1.23153,1.23155,2.32,1.00
2018.02.27 11:46:33.258,1.23155,1.23157,11.25,1.50
2018.02.27 11:46:34.582,1.23155,1.23156,11.25,1.50
2018.02.27 11:46:35.508,1.23153,1.23157,3.64,1.50
2018.02.27 11:46:37.663,1.23153,1.23156,5.32,1.50
2018.02.27 11:46:38.162,1.23152,1.23154,1.45,1.50
2018.02.27 11:46:38.347,1.2315,1.23152,3.45,1.50
2018.02.27 11:46:39.700,1.23151,1.23153,1.07,1.50
2018.02.27 11:46:40.901,1.23151,1.23152,1.10,1.00
2018.02.27 11:46:41.004,1.23148,1.23149,4.20,2.47
2018.02.27 11:46:41.249,1.23141,1.23142,1.00,1.00
2018.02.27 11:46:41.516,1.2314,1.23141,1.10,1.00
2018.02.27 11:46:41.842,1.2314,1.23142,1.07,1.69
2018.02.27 11:46:42.101,1.23139,1.23141,1.95,1.00
2018.02.27 11:46:42.205,1.23139,1.23142,1.95,1.12
2018.02.27 11:46:42.464,1.2314,1.23141,1.87,1.00
2018.02.27 11:46:42.906,1.23139,1.23142,1.47,2.44
2018.02.27 11:46:43.271,1.23139,1.23141,1.95,1.00
2018.02.27 11:46:44.134,1.23139,1.2314,1.10,1.00
2018.02.27 11:46:44.309,1.23139,1.23142,1.57,2.44
2018.02.27 11:46:44.364,1.23139,1.23141,1.10,1.00
2018.02.27 11:46:44.734,1.23137,1.2314,2.14,1.12
2018.02.27 11:46:45.147,1.23137,1.23139,1.10,1.00
2018.02.27 11:46:45.594,1.23134,1.23136,1.95,1.00
2018.02.27 11:46:45.647,1.23134,1.23136,1.57,1.00
2018.02.27 11:46:45.699,1.23132,1.23135,9.26,1.00
2018.02.27 11:46:45.751,1.23134,1.23136,1.20,1.00
2018.02.27 11:46:46.463,1.23133,1.23135,1.00,1.00
2018.02.27 11:46:47.031,1.23133,1.23134,1.00,1.00
2018.02.27 11:46:47.251,1.2313,1.23134,4.20,3.00
2018.02.27 11:46:47.507,1.23133,1.23134,1.00,1.00
2018.02.27 11:46:48.017,1.23133,1.23136,1.57,1.50
2018.02.27 11:46:48.656,1.23133,1.23136,1.50,1.12
2018.02.27 11:46:51.181,1.23134,1.23137,1.00,4.50
2018.02.27 11:46:51.761,1.23134,1.23137,1.50,6.37
2018.02.27 11:46:53.675,1.23137,1.23138,1.00,1.00
2018.02.27 11:46:53.831,1.23135,1.23139,3.37,4.50
2018.02.27 11:46:55.061,1.23135,1.23137,1.00,1.12
2018.02.27 11:46:55.574,1.23134,1.23137,1.50,1.31
2018.02.27 11:46:56.239,1.23134,1.23137,1.50,1.69
2018.02.27 11:46:56.769,1.23135,1.23137,1.00,1.69
2018.02.27 11:46:57.376,1.23134,1.23137,2.25,1.31
2018.02.27 11:46:57.982,1.23135,1.23138,1.00,3.37
2018.02.27 11:46:58.499,1.23134,1.23138,2.25,3.37
2018.02.27 11:46:59.084,1.23134,1.23137,1.50,4.87
2018.02.27 11:46:59.878,1.23135,1.23136,1.00,1.00
2018.02.27 11:47:00.410,1.23134,1.23136,1.50,1.00
2018.02.27 11:47:00.959,1.23135,1.23136,1.00,1.00
2018.02.27 11:47:01.510,1.23134,1.23138,5.25,4.57
2018.02.27 11:47:02.430,1.23134,1.23137,1.50,1.50
2018.02.27 11:47:03.193,1.23133,1.23137,4.50,1.50
2018.02.27 11:47:03.842,1.23134,1.23137,1.00,1.69
2018.02.27 11:47:05.321,1.23135,1.23137,1.00,1.50
2018.02.27 11:47:05.836,1.23135,1.23137,1.00,1.12
2018.02.27 11:47:07.204,1.23133,1.23135,2.06,1.00
2018.02.27 11:47:07.307,1.23133,1.23137,1.12,3.94
2018.02.27 11:47:07.878,1.23133,1.23136,4.87,2.06
2018.02.27 11:47:10.105,1.23133,1.23136,1.12,3.94
2018.02.27 11:47:10.935,1.23133,1.23136,1.12,1.69
2018.02.27 11:47:11.044,1.23132,1.23134,6.37,1.69
2018.02.27 11:47:11.465,1.23134,1.23136,1.00,2.62
2018.02.27 11:47:11.997,1.23133,1.23136,2.81,1.87
2018.02.27 11:47:13.476,1.23133,1.23137,1.69,2.70
2018.02.27 11:47:13.790,1.23135,1.23138,1.00,3.00
2018.02.27 11:47:14.691,1.23137,1.23139,1.00,8.89
2018.02.27 11:47:14.795,1.23138,1.23141,2.25,2.14
2018.02.27 11:47:14.901,1.23139,1.23142,1.00,2.62
2018.02.27 11:47:18.774,1.23138,1.2314,1.00,3.60
2018.02.27 11:47:19.226,1.23136,1.23139,1.00,2.62
2018.02.27 11:47:20.139,1.23136,1.23139,1.00,1.56
2018.02.27 11:47:21.306,1.23136,1.23139,1.12,1.87
2018.02.27 11:47:21.951,1.23137,1.2314,1.00,4.87
2018.02.27 11:47:22.055,1.23137,1.23141,4.50,1.12
2018.02.27 11:47:22.606,1.23138,1.23141,3.00,2.44
2018.02.27 11:47:23.156,1.23137,1.23141,1.50,2.44
2018.02.27 11:47:23.726,1.23136,1.23138,1.07,1.12
2018.02.27 11:47:24.253,1.23136,1.2314,2.89,1.87
2018.02.27 11:47:24.972,1.23136,1.2314,2.14,3.00
2018.02.27 11:47:25.573,1.23136,1.2314,3.82,1.12
2018.02.27 11:47:26.089,1.23136,1.2314,2.25,1.12
2018.02.27 11:47:26.497,1.23138,1.2314,1.00,1.12
2018.02.27 11:47:27.339,1.23138,1.2314,1.95,1.00
2018.02.27 11:47:28.131,1.23138,1.2314,1.20,1.00
2018.02.27 11:47:28.828,1.23138,1.23141,1.20,1.87
2018.02.27 11:47:30.726,1.23138,1.23142,3.37,3.75
2018.02.27 11:47:32.758,1.23138,1.23142,4.95,2.25
2018.02.27 11:47:33.084,1.23143,1.23146,1.50,1.12
2018.02.27 11:47:33.915,1.23142,1.23145,4.50,1.50
2018.02.27 11:47:34.018,1.23141,1.23144,1.50,5.10
2018.02.27 11:47:34.528,1.23139,1.23143,3.75,1.95
2018.02.27 11:47:34.681,1.23139,1.23142,1.50,1.00
2018.02.27 11:47:35.221,1.23139,1.23142,1.00,5.62
2018.02.27 11:47:35.563,1.23138,1.23139,1.87,1.00
2018.02.27 11:47:36.104,1.23138,1.23141,1.00,3.00
2018.02.27 11:47:36.839,1.23139,1.23142,1.20,7.68
2018.02.27 11:47:36.943,1.23139,1.23143,2.25,6.07
2018.02.27 11:47:37.445,1.2314,1.23143,1.50,3.75
2018.02.27 11:47:38.590,1.2314,1.23143,1.87,3.37
2018.02.27 11:47:39.107,1.2314,1.23141,1.00,1.00
2018.02.27 11:47:39.631,1.23139,1.23142,1.12,5.10
2018.02.27 11:47:40.151,1.23137,1.23142,6.00,5.29
2018.02.27 11:47:40.524,1.23137,1.2314,1.00,1.37
2018.02.27 11:47:41.033,1.23138,1.23141,1.00,2.06
2018.02.27 11:47:41.659,1.23137,1.23141,1.12,4.50
2018.02.27 11:47:41.970,1.23137,1.23139,1.50,1.50
2018.02.27 11:47:42.480,1.23135,1.23139,8.14,1.00
2018.02.27 11:47:44.070,1.23136,1.2314,1.50,3.56
2018.02.27 11:47:44.175,1.23138,1.23141,1.87,3.07
2018.02.27 11:47:44.649,1.23139,1.23142,1.37,1.87
2018.02.27 11:47:45.683,1.23138,1.2314,1.10,2.62
2018.02.27 11:47:46.193,1.23138,1.23141,1.00,1.31
2018.02.27 11:47:47.452,1.23138,1.23142,1.20,1.69
2018.02.27 11:47:48.122,1.23139,1.23142,1.10,1.12
2018.02.27 11:47:52.646,1.2314,1.23143,1.00,5.25
2018.02.27 11:47:53.744,1.2314,1.23143,1.12,2.62
2018.02.27 11:47:54.250,1.23139,1.23143,3.45,1.50
2018.02.27 11:47:54.770,1.2314,1.23143,1.12,1.69
2018.02.27 11:47:56.127,1.2314,1.23142,1.12,1.00
2018.02.27 11:47:56.644,1.23139,1.23142,5.25,1.12
2018.02.27 11:47:57.304,1.23138,1.23143,13.01,7.69
2018.02.27 11:47:57.877,1.23137,1.23141,5.70,1.69
2018.02.27 11:47:58.400,1.23137,1.23141,5.62,2.10
2018.02.27 11:47:59.628,1.23138,1.23141,1.00,2.29
2018.02.27 11:48:00.248,1.23137,1.23142,9.64,3.19
2018.02.27 11:48:01.838,1.23137,1.23139,1.00,1.00
2018.02.27 11:48:02.255,1.23139,1.23142,1.12,3.22
2018.02.27 11:48:02.389,1.23142,1.23143,1.50,1.50
2018.02.27 11:48:02.493,1.23143,1.23146,6.37,1.12
2018.02.27 11:48:03.015,1.23144,1.23146,1.50,1.00
2018.02.27 11:48:03.764,1.23144,1.23146,2.25,1.87
2018.02.27 11:48:04.321,1.23144,1.23146,1.00,1.12
2018.02.27 11:48:04.869,1.23143,1.23147,3.94,1.50
2018.02.27 11:48:05.407,1.23144,1.23146,1.00,1.00
2018.02.27 11:48:05.910,1.23143,1.23147,3.56,1.87
2018.02.27 11:48:06.859,1.23144,1.23146,1.00,1.00
2018.02.27 11:48:07.687,1.23143,1.23147,4.31,1.87
2018.02.27 11:48:08.275,1.23144,1.23146,1.00,1.00
2018.02.27 11:48:10.426,1.23143,1.23147,5.44,1.87
2018.02.27 11:48:11.886,1.23144,1.23146,1.00,1.00
2018.02.27 11:48:12.298,1.23143,1.23145,1.00,6.75
2018.02.27 11:48:12.503,1.23141,1.23144,1.50,2.25
2018.02.27 11:48:13.531,1.23141,1.23143,3.00,1.00
2018.02.27 11:48:14.478,1.23141,1.23144,2.25,2.25
2018.02.27 11:48:15.006,1.23141,1.23143,1.69,1.31
2018.02.27 11:48:15.659,1.2314,1.23142,2.06,1.00
2018.02.27 11:48:16.534,1.2314,1.23144,3.19,6.26
2018.02.27 11:48:21.199,1.23139,1.23142,7.87,1.00
2018.02.27 11:48:23.117,1.23139,1.23142,3.37,1.00
2018.02.27 11:48:23.751,1.23139,1.23141,4.12,1.00
2018.02.27 11:48:25.297,1.23139,1.23142,2.25,5.44
2018.02.27 11:48:28.403,1.2314,1.23143,2.25,4.69
2018.02.27 11:48:28.914,1.23141,1.23143,1.00,4.31
2018.02.27 11:48:30.148,1.2314,1.23142,2.25,1.00
2018.02.27 11:48:34.937,1.2314,1.23143,1.50,4.91
2018.02.27 11:48:35.225,1.2314,1.23141,1.50,1.00
2018.02.27 11:48:35.764,1.2314,1.23142,1.50,1.00
2018.02.27 11:48:36.284,1.2314,1.23141,1.50,1.00
2018.02.27 11:48:37.546,1.2314,1.23143,1.50,4.54
2018.02.27 11:48:38.265,1.2314,1.23142,1.87,1.00
2018.02.27 11:48:38.801,1.2314,1.23143,1.87,1.00
2018.02.27 11:48:39.149,1.23143,1.23144,1.12,1.00
2018.02.27 11:48:39.202,1.23145,1.23147,1.00,2.29
2018.02.27 11:48:39.758,1.23145,1.23148,1.50,1.50
2018.02.27 11:48:44.668,1.23149,1.2315,2.25,5.25
2018.02.27 11:48:44.908,1.23154,1.23155,1.00,2.25
2018.02.27 11:48:44.962,1.23151,1.23154,1.47,1.87
2018.02.27 11:48:45.015,1.2315,1.23154,6.64,3.25
2018.02.27 11:48:45.119,1.2315,1.23154,4.87,1.12
2018.02.27 11:48:45.688,1.23151,1.23154,1.00,2.31
2018.02.27 11:48:46.201,1.23151,1.23153,1.00,1.87
2018.02.27 11:48:46.760,1.2315,1.23153,2.70,2.50
2018.02.27 11:48:47.287,1.2315,1.23153,1.95,2.25
2018.02.27 11:48:48.126,1.2315,1.23153,2.70,1.00
2018.02.27 11:48:49.112,1.2315,1.23153,1.00,1.50
2018.02.27 11:48:50.343,1.2315,1.23153,1.25,2.69
2018.02.27 11:48:51.059,1.2315,1.23153,1.25,1.69
2018.02.27 11:49:05.687,1.23149,1.23152,2.70,3.75
2018.02.27 11:49:05.739,1.23147,1.23149,5.25,28.69
2018.02.27 11:49:05.842,1.23142,1.23145,26.46,3.00
2018.02.27 11:49:06.476,1.23141,1.23144,1.57,1.00
2018.02.27 11:49:06.580,1.2314,1.23143,2.44,1.25
2018.02.27 11:49:10.626,1.2314,1.23144,3.00,1.87
2018.02.27 11:49:10.730,1.23143,1.23145,1.50,1.12
2018.02.27 11:49:11.239,1.23142,1.23144,1.00,1.69
2018.02.27 11:49:12.597,1.23142,1.23145,1.00,7.87
2018.02.27 11:49:13.187,1.23142,1.23144,1.00,1.00
2018.02.27 11:49:13.958,1.23142,1.23145,1.00,10.87
2018.02.27 11:49:14.266,1.23142,1.23144,1.00,3.37
2018.02.27 11:49:17.346,1.23141,1.23143,2.16,1.00
2018.02.27 11:49:18.040,1.2315,1.23151,1.00,1.69
2018.02.27 11:49:18.349,1.23154,1.23157,24.45,1.00
2018.02.27 11:49:18.941,1.23156,1.23157,1.00,1.00
2018.02.27 11:49:19.099,1.23157,1.23159,5.25,1.00
2018.02.27 11:49:19.212,1.23158,1.23161,7.01,1.00
2018.02.27 11:49:19.318,1.23158,1.2316,10.95,1.25
2018.02.27 11:49:19.422,1.2316,1.23163,1.27,3.94
2018.02.27 11:49:19.630,1.23158,1.2316,1.57,5.50
2018.02.27 11:49:20.143,1.23157,1.23159,1.57,1.00
2018.02.27 11:49:20.659,1.23156,1.23159,1.87,2.25
2018.02.27 11:49:21.203,1.23155,1.23158,1.57,1.50
2018.02.27 11:49:21.384,1.23155,1.23156,1.00,1.31
2018.02.27 11:49:23.594,1.23156,1.23157,1.00,1.00
2018.02.27 11:49:24.123,1.23156,1.23157,1.00,1.00
2018.02.27 11:49:24.885,1.23156,1.23158,1.87,1.00
2018.02.27 11:49:25.502,1.23156,1.23157,1.12,1.00
2018.02.27 11:49:25.890,1.23152,1.23153,1.12,1.50
2018.02.27 11:49:26.408,1.23153,1.23154,1.00,1.12
2018.02.27 11:49:27.202,1.2315,1.23153,6.64,1.25
2018.02.27 11:49:28.729,1.23151,1.23154,1.00,1.87
2018.02.27 11:49:29.279,1.2315,1.23154,7.20,1.12
2018.02.27 11:49:29.893,1.2315,1.23154,3.82,2.44
2018.02.27 11:49:30.384,1.2315,1.23152,3.26,1.25
2018.02.27 11:49:31.137,1.2315,1.23152,2.70,1.00
2018.02.27 11:49:33.024,1.2315,1.23152,1.10,1.25
2018.02.27 11:49:35.083,1.23149,1.23152,3.64,1.00
2018.02.27 11:49:36.760,1.23149,1.23152,2.89,6.00
2018.02.27 11:49:37.090,1.2315,1.23153,4.39,1.69
2018.02.27 11:49:37.570,1.23152,1.23154,1.50,1.69
2018.02.27 11:49:38.087,1.23151,1.23154,3.07,1.12
2018.02.27 11:49:39.952,1.23152,1.23154,1.00,1.12
2018.02.27 11:49:40.509,1.23152,1.23154,4.57,1.00
2018.02.27 11:49:41.020,1.23152,1.23154,3.82,1.00
2018.02.27 11:49:41.667,1.23152,1.23154,4.95,1.00
2018.02.27 11:49:42.262,1.23152,1.23154,2.70,1.00
2018.02.27 11:49:42.763,1.23152,1.23154,2.44,1.25
2018.02.27 11:49:43.372,1.23151,1.23154,6.26,1.25
2018.02.27 11:49:44.145,1.23151,1.23154,3.26,5.44
2018.02.27 11:49:46.359,1.23151,1.23153,1.95,1.50
2018.02.27 11:49:46.804,1.2315,1.23153,4.95,1.00
2018.02.27 11:49:47.441,1.2315,1.23154,5.70,4.12
2018.02.27 11:49:48.268,1.2315,1.23153,7.76,1.00
2018.02.27 11:49:48.782,1.23151,1.23154,1.00,3.00
2018.02.27 11:49:49.194,1.2315,1.23151,1.87,1.00
2018.02.27 11:49:49.497,1.23151,1.23154,1.00,2.06
2018.02.27 11:49:50.409,1.23151,1.23153,2.25,1.00
2018.02.27 11:49:50.929,1.23151,1.23154,1.00,3.37
2018.02.27 11:49:51.430,1.23151,1.23153,4.69,1.00
2018.02.27 11:49:52.915,1.23151,1.23154,2.44,3.37
2018.02.27 11:49:53.578,1.23152,1.23154,1.00,2.62
2018.02.27 11:49:53.740,1.23155,1.23157,2.25,1.00
2018.02.27 11:49:54.085,1.23155,1.23158,7.20,1.00
2018.02.27 11:49:54.748,1.23156,1.23158,2.25,1.00
2018.02.27 11:49:54.801,1.23155,1.23157,1.20,1.00
2018.02.27 11:49:55.618,1.23155,1.23156,1.12,1.00
2018.02.27 11:49:56.151,1.23154,1.23157,1.00,1.00
2018.02.27 11:49:56.514,1.23154,1.23158,9.07,3.19
2018.02.27 11:49:57.984,1.23154,1.23157,1.57,1.00
2018.02.27 11:49:58.485,1.23155,1.23158,1.00,4.37
2018.02.27 11:49:58.990,1.23154,1.23157,1.57,1.00
2018.02.27 11:50:00.279,1.23154,1.23158,5.51,1.37
2018.02.27 11:50:06.869,1.23156,1.23158,1.20,1.00
2018.02.27 11:50:07.380,1.23155,1.23158,9.45,1.00
2018.02.27 11:50:09.633,1.23155,1.23158,1.10,2.62
2018.02.27 11:50:09.742,1.23153,1.23155,1.10,1.00
2018.02.27 11:50:10.053,1.23155,1.23156,1.00,1.25
2018.02.27 11:50:10.595,1.23154,1.23156,1.95,1.00
2018.02.27 11:50:11.104,1.23153,1.23156,1.12,3.56
2018.02.27 11:50:11.792,1.23154,1.23155,1.10,1.00
2018.02.27 11:50:12.342,1.23153,1.23156,3.07,1.50
2018.02.27 11:50:12.888,1.23153,1.23155,1.20,1.00
2018.02.27 11:50:13.256,1.23151,1.23153,2.32,1.00
2018.02.27 11:50:13.798,1.23151,1.23153,1.10,1.50
2018.02.27 11:50:16.728,1.2315,1.23152,1.95,9.94
2018.02.27 11:50:16.781,1.23149,1.2315,1.00,2.62
2018.02.27 11:50:17.109,1.2315,1.23153,1.39,3.37
2018.02.27 11:50:17.627,1.2315,1.23153,4.20,2.62
2018.02.27 11:50:18.227,1.2315,1.23154,3.26,4.50
2018.02.27 11:50:18.618,1.23152,1.23154,4.20,1.00
2018.02.27 11:50:18.886,1.23151,1.23153,1.00,3.37
2018.02.27 11:50:19.122,1.23153,1.23154,1.00,1.25
2018.02.27 11:50:20.126,1.23152,1.23153,1.10,1.00
2018.02.27 11:50:20.758,1.23151,1.23153,1.20,1.00
2018.02.27 11:50:21.337,1.23151,1.23154,1.20,5.25
2018.02.27 11:50:27.710,1.23151,1.23154,1.57,4.37
2018.02.27 11:50:28.092,1.23151,1.23153,1.95,3.00
2018.02.27 11:50:28.729,1.23151,1.23152,1.57,1.12
2018.02.27 11:50:29.446,1.23151,1.23153,1.57,1.50
2018.02.27 11:50:29.989,1.23151,1.23152,1.57,1.00
2018.02.27 11:50:30.493,1.2315,1.23153,1.57,3.81
2018.02.27 11:50:31.107,1.2315,1.23153,1.10,4.56
2018.02.27 11:50:31.972,1.2315,1.23153,1.95,2.25
2018.02.27 11:50:32.505,1.2315,1.23152,1.10,1.50
2018.02.27 11:50:33.030,1.2315,1.23153,1.57,2.25
2018.02.27 11:50:34.901,1.2315,1.23154,5.70,7.12
2018.02.27 11:50:36.548,1.2315,1.23153,5.70,1.25
2018.02.27 11:50:38.530,1.2315,1.23154,1.57,1.50
2018.02.27 11:50:38.848,1.2315,1.23152,4.20,1.50
2018.02.27 11:50:39.752,1.2315,1.23152,4.76,1.00
2018.02.27 11:50:40.437,1.2315,1.23152,3.26,1.25
2018.02.27 11:50:40.773,1.23148,1.23149,1.20,1.25
2018.02.27 11:50:40.929,1.23146,1.23148,1.10,1.69
2018.02.27 11:50:42.717,1.23146,1.23148,2.89,1.25
2018.02.27 11:50:42.840,1.23148,1.23149,1.20,1.50
2018.02.27 11:50:43.044,1.23149,1.2315,1.12,1.50
2018.02.27 11:50:43.566,1.23149,1.23151,4.27,1.00
2018.02.27 11:50:44.217,1.23149,1.23151,1.20,1.00
2018.02.27 11:50:44.741,1.23148,1.2315,5.70,1.25
2018.02.27 11:50:45.275,1.23147,1.23149,2.70,1.00
2018.02.27 11:50:45.781,1.23147,1.23149,1.00,2.25
2018.02.27 11:50:46.647,1.23146,1.23149,1.95,6.00
2018.02.27 11:50:58.486,1.23145,1.23147,1.95,1.50
2018.02.27 11:50:58.956,1.23143,1.23145,1.95,2.25
2018.02.27 11:50:59.061,1.23141,1.23144,2.70,5.06
2018.02.27 11:50:59.402,1.23141,1.23142,1.20,1.00
2018.02.27 11:51:00.185,1.2314,1.23143,2.32,2.25
2018.02.27 11:51:00.691,1.2314,1.23144,1.95,17.47
2018.02.27 11:51:01.208,1.2314,1.23143,1.95,1.00
2018.02.27 11:51:04.921,1.2314,1.23142,1.31,1.25
2018.02.27 11:51:05.271,1.23135,1.23138,1.50,7.16
2018.02.27 11:51:06.067,1.23132,1.23134,3.07,5.44
2018.02.27 11:51:06.226,1.23132,1.23135,3.64,2.81
2018.02.27 11:51:06.740,1.23132,1.23133,1.12,1.50
2018.02.27 11:51:07.763,1.23131,1.23133,3.07,6.37
2018.02.27 11:51:08.371,1.23131,1.23133,3.07,4.87
2018.02.27 11:51:09.067,1.23131,1.23133,1.95,8.62
2018.02.27 11:51:11.423,1.23132,1.23135,3.00,12.37
2018.02.27 11:51:11.734,1.23134,1.23136,1.95,1.25
2018.02.27 11:51:12.314,1.23134,1.23136,4.76,1.25
2018.02.27 11:51:14.068,1.23135,1.23136,1.12,1.00
2018.02.27 11:51:15.389,1.23134,1.23136,4.01,1.25
2018.02.27 11:51:15.912,1.23135,1.23137,3.00,1.01
2018.02.27 11:51:17.057,1.23135,1.23137,3.00,2.32
2018.02.27 11:51:17.622,1.23135,1.23138,3.00,19.20
2018.02.27 11:51:17.950,1.23135,1.23137,3.00,1.00
2018.02.27 11:51:21.995,1.23134,1.23136,6.56,1.00
2018.02.27 11:51:23.495,1.23136,1.23138,3.37,1.25
2018.02.27 11:51:23.548,1.23138,1.2314,4.12,1.00
2018.02.27 11:51:24.055,1.23139,1.23141,2.62,1.25
2018.02.27 11:51:24.578,1.2314,1.23142,2.62,1.25
2018.02.27 11:51:24.630,1.23142,1.23143,1.00,1.50
2018.02.27 11:51:24.978,1.23149,1.2315,2.70,1.12
2018.02.27 11:51:25.030,1.2315,1.23152,1.00,6.86
2018.02.27 11:51:25.339,1.23148,1.2315,1.10,2.62
2018.02.27 11:51:25.842,1.23146,1.2315,1.37,3.64
2018.02.27 11:51:26.597,1.23146,1.23148,1.37,1.20
2018.02.27 11:51:27.122,1.23146,1.23147,1.00,1.25
2018.02.27 11:51:27.628,1.23145,1.23148,2.32,2.89
2018.02.27 11:51:33.679,1.23146,1.23148,1.57,1.25
2018.02.27 11:51:33.916,1.23148,1.2315,6.82,1.00
2018.02.27 11:51:34.870,1.23149,1.2315,1.87,1.00
2018.02.27 11:51:35.515,1.23149,1.23151,3.00,1.00
2018.02.27 11:51:36.065,1.2315,1.23151,1.50,1.00
2018.02.27 11:51:36.589,1.2315,1.23152,1.00,1.50
2018.02.27 11:51:38.768,1.23149,1.23151,7.57,1.00
2018.02.27 11:51:41.251,1.23151,1.23152,1.00,1.00
2018.02.27 11:51:41.304,1.23152,1.23154,2.81,1.69
2018.02.27 11:51:41.825,1.23155,1.23157,3.45,1.00
2018.02.27 11:51:41.878,1.23158,1.2316,4.76,1.00
2018.02.27 11:51:41.984,1.23161,1.23164,4.20,4.05
2018.02.27 11:51:42.041,1.23163,1.23164,1.50,3.07
2018.02.27 11:51:42.200,1.2316,1.23163,1.95,1.00
2018.02.27 11:51:42.722,1.23161,1.23164,1.00,1.00
2018.02.27 11:51:42.776,1.23165,1.23166,1.12,1.01
2018.02.27 11:51:42.883,1.23166,1.23168,1.50,3.00
2018.02.27 11:51:43.093,1.23166,1.2317,1.00,3.51
2018.02.27 11:51:43.586,1.23167,1.23171,3.26,1.25
2018.02.27 11:51:44.131,1.23168,1.23172,1.20,2.25
2018.02.27 11:51:44.439,1.23161,1.23164,3.07,1.01
2018.02.27 11:51:45.285,1.23161,1.23163,1.00,1.87
2018.02.27 11:51:45.804,1.23159,1.23162,1.95,1.50
2018.02.27 11:51:45.855,1.23158,1.23159,1.95,1.50
2018.02.27 11:51:45.958,1.23157,1.23159,1.00,1.69
2018.02.27 11:51:47.391,1.23155,1.23158,2.44,1.00
2018.02.27 11:51:47.903,1.23156,1.23159,1.50,1.95
2018.02.27 11:51:48.649,1.23154,1.23159,5.51,1.10
2018.02.27 11:51:49.509,1.23156,1.2316,2.62,1.57
2018.02.27 11:51:49.665,1.23158,1.2316,1.12,1.00
2018.02.27 11:51:50.056,1.23159,1.23162,1.75,1.00
2018.02.27 11:51:50.860,1.23159,1.23162,2.51,1.00
2018.02.27 11:51:51.506,1.2316,1.23163,1.12,1.12
2018.02.27 11:51:55.761,1.2316,1.23163,2.32,1.00
2018.02.27 11:51:56.366,1.2316,1.23165,2.25,7.99
2018.02.27 11:51:59.875,1.2316,1.23163,1.95,1.00
2018.02.27 11:52:00.218,1.23174,1.23176,1.00,3.45
2018.02.27 11:52:00.323,1.23172,1.23175,2.25,2.81
2018.02.27 11:52:00.838,1.23172,1.23175,1.87,1.69
2018.02.27 11:52:01.506,1.23172,1.23175,1.12,1.69
2018.02.27 11:52:01.819,1.2317,1.23172,1.00,1.10
2018.02.27 11:52:02.340,1.23169,1.23173,3.64,2.06
2018.02.27 11:52:03.025,1.2317,1.23174,1.50,3.07
2018.02.27 11:52:03.601,1.2317,1.23173,1.50,1.00
2018.02.27 11:52:03.944,1.23174,1.23178,6.45,1.50
2018.02.27 11:52:04.785,1.23175,1.23179,3.56,2.89
2018.02.27 11:52:05.413,1.23175,1.23178,2.62,1.00
2018.02.27 11:52:05.962,1.23174,1.23175,1.10,1.00
2018.02.27 11:52:06.576,1.23175,1.23177,1.50,1.76
2018.02.27 11:52:07.092,1.23175,1.23178,1.50,3.00
2018.02.27 11:52:07.599,1.23175,1.23177,1.50,1.00
2018.02.27 11:52:08.125,1.23175,1.23178,1.50,3.75
2018.02.27 11:52:08.945,1.23175,1.23178,1.50,2.44
2018.02.27 11:52:09.982,1.23175,1.23178,1.50,2.25
2018.02.27 11:52:10.502,1.23175,1.23178,1.12,4.31
2018.02.27 11:52:11.201,1.23174,1.23176,2.32,3.37
2018.02.27 11:52:11.335,1.23171,1.23174,3.07,3.00
2018.02.27 11:52:11.594,1.23168,1.23171,4.20,2.25
2018.02.27 11:52:11.904,1.2317,1.23172,3.45,1.00
2018.02.27 11:52:12.057,1.2317,1.23174,1.95,1.20
2018.02.27 11:52:15.104,1.23169,1.23173,9.07,1.00
2018.02.27 11:52:15.260,1.23169,1.23174,4.57,7.76
2018.02.27 11:52:15.771,1.2317,1.23173,1.00,2.44
2018.02.27 11:52:16.492,1.2317,1.23173,3.75,1.25
2018.02.27 11:52:16.685,1.23169,1.23173,5.70,1.69
2018.02.27 11:52:17.193,1.23169,1.23174,3.82,6.49
2018.02.27 11:52:20.374,1.23169,1.23174,3.45,5.51
2018.02.27 11:52:21.424,1.2317,1.23172,1.69,1.25
2018.02.27 11:52:21.940,1.2317,1.23174,1.12,4.39
2018.02.27 11:52:22.596,1.23171,1.23175,1.50,5.89
2018.02.27 11:52:24.241,1.23171,1.23175,7.57,3.37
2018.02.27 11:52:24.295,1.23173,1.23175,1.50,1.00
2018.02.27 11:52:24.680,1.23174,1.23177,2.25,1.25
2018.02.27 11:52:24.785,1.23176,1.23179,1.12,4.01
2018.02.27 11:52:25.094,1.23174,1.23175,2.25,1.00
2018.02.27 11:52:25.301,1.23172,1.23175,1.00,1.50
2018.02.27 11:52:26.322,1.23173,1.23177,2.25,5.14
2018.02.27 11:52:26.853,1.23173,1.23176,3.00,1.95
2018.02.27 11:52:27.509,1.23175,1.23177,1.12,1.39
2018.02.27 11:52:27.562,1.23176,1.23178,1.00,2.14
2018.02.27 11:52:28.094,1.23175,1.23179,1.87,4.01
2018.02.27 11:52:29.219,1.23175,1.23179,3.75,3.64
2018.02.27 11:52:33.264,1.23175,1.23177,2.25,1.00
2018.02.27 11:52:33.792,1.23175,1.23178,2.25,4.57
2018.02.27 11:52:34.335,1.23177,1.23179,1.00,4.01
2018.02.27 11:52:34.837,1.23175,1.23179,8.63,2.89
2018.02.27 11:52:36.027,1.23175,1.23179,6.75,2.89
2018.02.27 11:52:36.875,1.23176,1.23179,1.00,4.39
2018.02.27 11:52:43.391,1.23176,1.23178,1.87,1.00
2018.02.27 11:52:43.935,1.23177,1.23178,2.25,1.00
2018.02.27 11:52:44.546,1.23176,1.2318,1.12,8.70
2018.02.27 11:52:49.559,1.23176,1.2318,1.00,2.51
2018.02.27 11:52:59.315,1.23176,1.23177,1.12,1.00
2018.02.27 11:52:59.374,1.23173,1.23174,2.70,1.50
2018.02.27 11:52:59.478,1.23172,1.23174,2.25,2.89
2018.02.27 11:53:01.262,1.23172,1.23173,1.00,1.00
2018.02.27 11:53:05.194,1.23171,1.23173,1.50,1.00
2018.02.27 11:53:05.984,1.23171,1.23174,1.50,2.89
2018.02.27 11:53:06.266,1.2317,1.23171,1.00,1.00
2018.02.27 11:53:06.374,1.23167,1.23169,1.50,4.01
2018.02.27 11:53:06.891,1.23167,1.23168,1.00,1.00
2018.02.27 11:53:07.359,1.23166,1.23168,1.50,1.12
2018.02.27 11:53:07.564,1.23162,1.23165,3.94,9.94
2018.02.27 11:53:08.210,1.23161,1.23163,1.12,2.62
2018.02.27 11:53:08.644,1.23164,1.23165,2.32,1.00
2018.02.27 11:53:08.697,1.23165,1.23166,2.25,1.00
2018.02.27 11:53:08.801,1.23166,1.23169,1.00,4.91
2018.02.27 11:53:09.366,1.23166,1.23169,1.20,2.44
2018.02.27 11:53:11.983,1.23165,1.23166,1.20,3.38
2018.02.27 11:53:12.089,1.23162,1.23164,1.95,1.12
2018.02.27 11:53:12.590,1.23162,1.23164,1.45,1.00
2018.02.27 11:53:12.850,1.23161,1.23163,5.17,1.00
2018.02.27 11:53:13.005,1.23161,1.23165,6.30,7.35
2018.02.27 11:53:14.762,1.23162,1.23164,1.20,1.00
2018.02.27 11:53:15.317,1.23161,1.23163,2.70,1.50
2018.02.27 11:53:15.626,1.23164,1.23166,5.32,1.50
2018.02.27 11:53:15.679,1.23165,1.2317,10.95,10.42
2018.02.27 11:53:15.835,1.23168,1.23171,1.57,7.20
2018.02.27 11:53:16.199,1.2317,1.23173,3.75,1.31
2018.02.27 11:53:16.406,1.23172,1.23175,1.95,1.39
2018.02.27 11:53:16.921,1.23172,1.23174,1.12,1.12
2018.02.27 11:53:18.223,1.23171,1.23174,1.12,2.06
2018.02.27 11:53:18.796,1.23171,1.23173,4.12,1.69
2018.02.27 11:53:19.374,1.23171,1.23174,1.87,7.20
2018.02.27 11:53:19.427,1.23171,1.23172,1.00,1.00
2018.02.27 11:53:19.585,1.23169,1.23171,1.12,1.12
2018.02.27 11:53:19.742,1.23171,1.23174,1.00,3.26
2018.02.27 11:53:23.067,1.2317,1.23171,1.00,1.12
2018.02.27 11:53:23.604,1.2317,1.23174,1.50,8.14
2018.02.27 11:53:24.112,1.23171,1.23173,1.00,1.31
2018.02.27 11:53:24.840,1.23171,1.23173,1.00,1.00
2018.02.27 11:53:25.874,1.2317,1.23173,1.12,1.25
2018.02.27 11:53:26.416,1.2317,1.23174,1.12,10.65
2018.02.27 11:53:26.932,1.2317,1.23173,1.87,2.25
2018.02.27 11:53:28.109,1.2317,1.23172,1.87,1.25
2018.02.27 11:53:28.915,1.2317,1.23173,1.12,2.66
2018.02.27 11:53:29.955,1.2317,1.23173,1.12,4.54
2018.02.27 11:53:30.588,1.2317,1.23173,1.12,3.60
2018.02.27 11:53:31.132,1.2317,1.23172,1.12,1.25
2018.02.27 11:53:31.812,1.2317,1.23173,1.10,2.14
2018.02.27 11:53:32.329,1.2317,1.23172,1.10,1.00
2018.02.27 11:53:32.852,1.23171,1.23173,1.00,2.70
2018.02.27 11:53:36.264,1.2317,1.23173,1.12,6.07
2018.02.27 11:53:37.270,1.2317,1.23173,2.25,1.87
2018.02.27 11:53:37.616,1.23172,1.23173,1.50,1.00
2018.02.27 11:53:40.392,1.23172,1.23174,1.00,1.00
2018.02.27 11:53:41.189,1.23171,1.23175,1.87,17.63
2018.02.27 11:53:41.508,1.23167,1.23169,1.00,1.00
2018.02.27 11:53:42.176,1.23166,1.2317,2.25,11.81
2018.02.27 11:53:43.243,1.23167,1.2317,1.00,8.17
2018.02.27 11:53:43.915,1.23166,1.23169,3.00,3.37
2018.02.27 11:53:44.461,1.23167,1.23169,1.00,4.50
2018.02.27 11:53:45.232,1.23167,1.23168,1.00,1.00
2018.02.27 11:53:45.895,1.23167,1.23169,1.00,3.82
2018.02.27 11:53:53.446,1.23167,1.23168,1.00,1.00
2018.02.27 11:53:56.924,1.23167,1.23169,1.00,1.00
2018.02.27 11:53:58.459,1.23167,1.23168,1.00,1.00
2018.02.27 11:53:59.536,1.23166,1.23168,1.12,1.00
2018.02.27 11:53:59.588,1.23163,1.23165,2.25,2.25
2018.02.27 11:53:59.692,1.23162,1.23165,1.12,3.19
2018.02.27 11:54:03.984,1.23164,1.23166,1.00,1.69
2018.02.27 11:54:04.141,1.23167,1.2317,1.00,5.74
2018.02.27 11:54:04.689,1.23167,1.2317,5.25,4.87
2018.02.27 11:54:05.232,1.23167,1.2317,6.00,4.87
2018.02.27 11:54:06.533,1.23167,1.2317,1.50,4.20
2018.02.27 11:54:07.126,1.23167,1.23168,1.50,1.00
2018.02.27 11:54:07.179,1.23165,1.23168,3.00,1.50
2018.02.27 11:54:07.283,1.23164,1.23166,1.10,3.94
2018.02.27 11:54:07.492,1.23162,1.23165,1.00,5.51
2018.02.27 11:54:12.740,1.23162,1.23164,1.50,1.00
2018.02.27 11:54:13.339,1.23162,1.23165,1.50,4.57
2018.02.27 11:54:16.570,1.23162,1.23164,1.50,1.00
2018.02.27 11:54:17.338,1.23162,1.23165,1.00,3.82
2018.02.27 11:54:17.861,1.23162,1.23165,1.00,7.20
2018.02.27 11:54:18.742,1.23161,1.23165,3.37,8.89
2018.02.27 11:54:19.465,1.23161,1.23163,1.87,1.00
2018.02.27 11:54:21.118,1.23161,1.23164,1.87,1.50
2018.02.27 11:54:21.223,1.23163,1.23165,1.87,3.00
2018.02.27 11:54:21.534,1.23165,1.23168,4.87,1.69
2018.02.27 11:54:22.101,1.23165,1.23167,3.37,1.00
2018.02.27 11:54:23.102,1.23165,1.23166,1.12,1.00
2018.02.27 11:54:24.672,1.23164,1.23166,1.00,1.00
2018.02.27 11:54:24.725,1.23163,1.23165,2.62,1.00
2018.02.27 11:54:24.980,1.23164,1.23166,1.00,1.00
2018.02.27 11:54:28.698,1.23164,1.23166,1.00,5.14
2018.02.27 11:54:29.199,1.23163,1.23164,1.12,1.00
2018.02.27 11:54:29.718,1.23162,1.23165,1.57,1.76
2018.02.27 11:54:30.440,1.23162,1.23165,1.20,1.01
2018.02.27 11:54:31.252,1.23162,1.23164,1.10,1.50
2018.02.27 11:54:31.810,1.23162,1.23165,1.10,1.95
2018.02.27 11:54:37.580,1.23163,1.23165,1.00,1.57
2018.02.27 11:54:37.970,1.23164,1.23167,1.50,1.50
2018.02.27 11:54:38.526,1.23164,1.23168,1.50,4.39
2018.02.27 11:54:39.176,1.23164,1.23168,1.50,4.57
2018.02.27 11:54:39.681,1.23164,1.23167,4.12,1.00
2018.02.27 11:54:40.540,1.23164,1.23168,3.00,2.89
2018.02.27 11:54:41.086,1.23166,1.23169,1.00,5.17
2018.02.27 11:54:41.613,1.23166,1.23169,7.20,1.12
2018.02.27 11:54:45.902,1.23166,1.23167,1.00,1.12
2018.02.27 11:54:46.232,1.23162,1.23165,1.50,7.39
2018.02.27 11:54:46.743,1.23162,1.23164,1.12,2.25
2018.02.27 11:54:48.124,1.23162,1.23164,1.12,6.56
2018.02.27 11:54:49.102,1.2316,1.23161,2.25,1.00
2018.02.27 11:54:49.156,1.23158,1.2316,3.07,1.72
2018.02.27 11:54:49.265,1.23157,1.23159,1.00,1.50
2018.02.27 11:54:49.421,1.23157,1.2316,1.95,1.95
2018.02.27 11:54:49.941,1.23157,1.2316,2.70,1.20
2018.02.27 11:54:50.467,1.23157,1.2316,3.07,6.07
2018.02.27 11:54:51.487,1.23157,1.23159,1.50,6.94
2018.02.27 11:54:51.795,1.23156,1.23159,1.12,1.69
2018.02.27 11:54:52.952,1.23156,1.23158,1.12,1.00
2018.02.27 11:54:53.106,1.23157,1.2316,1.00,2.25
2018.02.27 11:54:53.159,1.23157,1.2316,3.75,1.00
2018.02.27 11:54:53.261,1.2316,1.23162,1.12,2.32
2018.02.27 11:54:53.364,1.23162,1.23164,1.00,3.82
2018.02.27 11:54:53.940,1.23161,1.23164,1.50,1.50
2018.02.27 11:54:57.105,1.23162,1.23164,1.00,1.50
2018.02.27 11:54:57.640,1.23161,1.23164,1.50,8.92
2018.02.27 11:54:57.948,1.23162,1.23164,1.50,1.87
2018.02.27 11:55:00.462,1.23161,1.23164,1.12,4.39
2018.02.27 11:55:00.778,1.23163,1.23164,1.00,1.10
2018.02.27 11:55:00.832,1.23163,1.23167,3.75,4.39
2018.02.27 11:55:02.329,1.23162,1.23167,6.64,6.45
2018.02.27 11:55:02.591,1.23165,1.23168,2.62,1.87
2018.02.27 11:55:03.559,1.23166,1.23168,1.00,1.00
2018.02.27 11:55:04.110,1.23166,1.23169,1.00,1.10
2018.02.27 11:55:08.172,1.23166,1.23169,1.50,1.10
2018.02.27 11:55:08.725,1.23166,1.23169,1.50,1.29
2018.02.27 11:55:17.683,1.23165,1.23167,2.25,2.88
2018.02.27 11:55:17.997,1.23166,1.23168,1.50,3.64
2018.02.27 11:55:19.732,1.23166,1.23169,1.12,5.14
2018.02.27 11:55:20.043,1.23168,1.2317,1.50,2.32
2018.02.27 11:55:22.558,1.23165,1.23166,1.57,1.00
2018.02.27 11:55:22.663,1.23164,1.23166,1.12,1.25
2018.02.27 11:55:23.107,1.23167,1.23168,1.00,1.50
2018.02.27 11:55:23.210,1.23165,1.23168,4.20,1.50
2018.02.27 11:55:23.789,1.23164,1.23165,3.07,3.19
2018.02.27 11:55:23.893,1.23161,1.23164,2.89,3.94
2018.02.27 11:55:24.095,1.23158,1.23161,1.87,4.50
2018.02.27 11:55:24.626,1.23157,1.2316,1.12,3.00
2018.02.27 11:55:25.161,1.23157,1.2316,1.12,1.87
2018.02.27 11:55:25.317,1.23159,1.23161,1.00,3.45
2018.02.27 11:55:25.831,1.23159,1.23162,1.00,1.39
2018.02.27 11:55:26.153,1.23161,1.23164,1.12,1.31
2018.02.27 11:55:27.961,1.23161,1.23165,1.00,8.40
2018.02.27 11:55:28.535,1.23161,1.23165,1.00,5.70
2018.02.27 11:55:29.466,1.23161,1.23164,1.50,1.00
2018.02.27 11:55:30.772,1.23161,1.23164,1.00,1.69
2018.02.27 11:55:32.336,1.23161,1.23165,1.57,3.82
2018.02.27 11:55:32.841,1.23161,1.23164,1.57,1.00
2018.02.27 11:55:33.600,1.23161,1.23164,1.50,1.00
2018.02.27 11:55:33.912,1.23164,1.23167,1.00,4.57
2018.02.27 11:55:33.968,1.23165,1.23167,1.50,1.00
2018.02.27 11:55:34.072,1.23166,1.23169,1.12,1.10
2018.02.27 11:55:34.760,1.23166,1.23168,1.12,1.00
2018.02.27 11:55:35.501,1.23166,1.23169,1.00,1.20
2018.02.27 11:55:36.096,1.23166,1.23168,1.00,2.32
2018.02.27 11:55:36.301,1.23164,1.23168,1.00,7.58
2018.02.27 11:55:36.850,1.23164,1.23167,1.00,3.37
2018.02.27 11:55:37.581,1.23167,1.23168,1.05,1.50
2018.02.27 11:55:37.847,1.23176,1.2318,4.69,3.82
2018.02.27 11:55:38.283,1.23179,1.23181,1.00,1.50
2018.02.27 11:55:38.650,1.23182,1.23184,4.20,1.00
2018.02.27 11:55:38.823,1.23186,1.23188,1.20,1.44
2018.02.27 11:55:38.932,1.23186,1.23189,3.64,2.25
2018.02.27 11:55:39.138,1.23187,1.2319,4.57,1.12
2018.02.27 11:55:39.491,1.23187,1.23188,1.12,1.12
2018.02.27 11:55:39.701,1.23184,1.23186,1.95,3.26
2018.02.27 11:55:39.858,1.23181,1.23185,2.14,4.01
2018.02.27 11:55:40.261,1.23184,1.23187,1.87,2.32
2018.02.27 11:55:40.418,1.23184,1.23189,4.50,7.61
2018.02.27 11:55:40.940,1.23184,1.23187,3.82,1.10
2018.02.27 11:55:41.936,1.23186,1.23187,1.87,1.00
2018.02.27 11:55:42.116,1.23186,1.2319,1.12,4.01
2018.02.27 11:55:42.480,1.23188,1.23191,1.50,4.69
2018.02.27 11:55:42.741,1.23186,1.2319,1.95,5.81
2018.02.27 11:55:43.286,1.23184,1.23186,6.07,1.00
2018.02.27 11:55:43.441,1.23185,1.23189,1.57,9.11
2018.02.27 11:55:44.000,1.23184,1.23187,4.57,1.00
2018.02.27 11:55:44.052,1.23184,1.23189,3.82,7.27
2018.02.27 11:55:44.933,1.23186,1.23189,1.00,2.32
2018.02.27 11:55:45.255,1.23184,1.23187,3.37,1.00
2018.02.27 11:55:45.460,1.23188,1.23189,1.00,3.82
2018.02.27 11:55:45.511,1.23188,1.2319,1.00,1.12
2018.02.27 11:55:46.016,1.23188,1.23192,1.50,3.26
2018.02.27 11:55:48.254,1.23189,1.23192,1.00,6.26
2018.02.27 11:55:48.306,1.23187,1.23191,1.76,10.31
2018.02.27 11:55:48.725,1.23186,1.23187,1.00,1.12
2018.02.27 11:55:48.778,1.23184,1.23188,3.82,3.94
2018.02.27 11:55:49.323,1.23185,1.23187,1.00,1.00
2018.02.27 11:55:49.833,1.23184,1.23188,3.45,1.87
2018.02.27 11:55:50.120,1.23182,1.23185,3.45,4.69
2018.02.27 11:55:50.632,1.23183,1.23186,1.95,1.57
2018.02.27 11:55:52.768,1.23182,1.23186,3.45,4.20
2018.02.27 11:55:53.272,1.23182,1.23186,2.70,3.82
2018.02.27 11:55:54.732,1.23182,1.23186,1.87,8.32
2018.02.27 11:55:58.121,1.2318,1.23184,6.67,3.07
2018.02.27 11:56:04.462,1.23181,1.23184,1.20,1.20
2018.02.27 11:56:05.038,1.23181,1.23184,1.20,4.01
2018.02.27 11:56:06.031,1.23181,1.23183,1.20,1.00
2018.02.27 11:56:06.243,1.2317,1.23173,1.20,9.64
2018.02.27 11:56:06.887,1.2317,1.23173,1.10,4.01
2018.02.27 11:56:07.147,1.23173,1.23176,1.12,5.89
2018.02.27 11:56:07.304,1.23175,1.23177,1.00,5.62
2018.02.27 11:56:07.834,1.23174,1.23177,1.00,2.89
2018.02.27 11:56:08.474,1.23175,1.23177,1.00,2.06
2018.02.27 11:56:09.004,1.23175,1.23177,1.00,5.44
2018.02.27 11:56:09.537,1.23175,1.23177,1.00,5.44
2018.02.27 11:56:10.325,1.23175,1.23177,1.00,2.62
2018.02.27 11:56:10.614,1.23173,1.23176,1.00,5.51
2018.02.27 11:56:10.929,1.23174,1.23178,2.62,4.39
2018.02.27 11:56:12.658,1.23173,1.23175,7.12,2.50
2018.02.27 11:56:12.763,1.23171,1.23174,3.22,6.38
2018.02.27 11:56:12.815,1.23171,1.23172,1.12,3.37
2018.02.27 11:56:12.976,1.23168,1.23171,1.50,10.12
2018.02.27 11:56:13.292,1.23169,1.23172,1.00,1.12
2018.02.27 11:56:15.145,1.23169,1.23173,1.00,1.95
2018.02.27 11:56:15.648,1.23169,1.23172,1.00,1.00
2018.02.27 11:56:16.517,1.23169,1.23173,1.50,3.63
2018.02.27 11:56:21.123,1.23169,1.23173,1.87,3.26
2018.02.27 11:56:21.744,1.2317,1.23173,1.00,1.95
2018.02.27 11:56:33.214,1.23169,1.23172,2.32,1.00
2018.02.27 11:56:33.425,1.23167,1.23169,1.12,1.00
2018.02.27 11:56:34.188,1.23165,1.23167,2.62,1.00
2018.02.27 11:56:34.497,1.23157,1.23158,1.00,1.50
2018.02.27 11:56:35.107,1.23155,1.23157,3.75,1.00
2018.02.27 11:56:36.025,1.23156,1.23159,1.87,1.12
2018.02.27 11:56:36.608,1.23158,1.2316,2.62,1.50
2018.02.27 11:56:36.712,1.23159,1.23163,3.00,1.95
2018.02.27 11:56:37.060,1.23162,1.23165,1.12,1.10
2018.02.27 11:56:37.572,1.23161,1.23164,1.10,1.10
2018.02.27 11:56:38.520,1.23161,1.23164,1.57,1.10
2018.02.27 11:56:43.083,1.2316,1.23163,5.51,1.00
2018.02.27 11:56:43.292,1.23156,1.23159,2.62,1.50
2018.02.27 11:56:47.443,1.23155,1.23159,2.32,1.00
2018.02.27 11:56:51.571,1.23156,1.23159,2.25,2.44
2018.02.27 11:56:55.053,1.23156,1.23159,1.87,1.50
2018.02.27 11:56:56.332,1.23156,1.2316,3.75,5.51
2018.02.27 11:56:56.384,1.23159,1.23163,1.57,1.39
2018.02.27 11:56:56.489,1.23159,1.23164,1.57,6.07
2018.02.27 11:56:58.166,1.23159,1.23163,2.32,1.50
2018.02.27 11:56:58.285,1.23159,1.23163,2.70,1.50
2018.02.27 11:56:58.718,1.2316,1.23161,1.00,2.25
2018.02.27 11:56:58.770,1.23157,1.23161,1.76,3.00
2018.02.27 11:56:58.823,1.23157,1.2316,1.20,1.10
2018.02.27 11:56:59.332,1.23156,1.23159,4.58,1.00
2018.02.27 11:57:01.053,1.23155,1.23158,5.51,1.00
2018.02.27 11:57:01.569,1.23156,1.23157,1.00,1.12
2018.02.27 11:57:01.966,1.23155,1.23157,1.10,1.12
2018.02.27 11:57:07.917,1.23154,1.23158,5.62,1.57
2018.02.27 11:57:08.020,1.23153,1.23154,2.17,3.56
2018.02.27 11:57:08.174,1.23143,1.23145,2.32,4.87
2018.02.27 11:57:08.328,1.2314,1.23142,1.95,1.00
2018.02.27 11:57:08.496,1.23134,1.23137,1.87,2.44
2018.02.27 11:57:09.009,1.23135,1.23138,2.25,2.89
2018.02.27 11:57:10.101,1.23135,1.23137,2.25,1.07
2018.02.27 11:57:10.481,1.23135,1.23138,3.00,1.20
2018.02.27 11:57:10.664,1.23138,1.2314,3.75,1.50
2018.02.27 11:57:11.171,1.23138,1.23143,2.70,10.61
2018.02.27 11:57:11.982,1.23138,1.23143,6.07,12.45
2018.02.27 11:57:13.277,1.23139,1.23143,1.31,4.20
2018.02.27 11:57:16.644,1.23138,1.23142,6.00,1.20
2018.02.27 11:57:17.184,1.23138,1.23142,4.31,1.20
2018.02.27 11:57:17.690,1.23138,1.23141,6.00,1.00
2018.02.27 11:57:18.225,1.23137,1.2314,10.20,1.10
2018.02.27 11:57:18.900,1.23138,1.23142,1.87,3.58
2018.02.27 11:57:19.411,1.23138,1.23142,5.25,5.32
2018.02.27 11:57:19.567,1.23138,1.23142,6.75,3.45
2018.02.27 11:57:19.891,1.23142,1.23144,2.10,2.51
2018.02.27 11:57:19.943,1.23142,1.23144,2.25,1.57
2018.02.27 11:57:20.462,1.23141,1.23143,1.12,1.10
2018.02.27 11:57:23.187,1.2314,1.23143,1.87,1.95
2018.02.27 11:57:25.066,1.23138,1.2314,1.69,2.25
2018.02.27 11:57:25.595,1.2314,1.23142,1.00,1.07
2018.02.27 11:57:26.817,1.2314,1.23143,1.12,1.57
2018.02.27 11:57:27.580,1.2314,1.23143,1.00,4.95
2018.02.27 11:57:28.098,1.23139,1.23142,2.62,1.20
2018.02.27 11:57:28.654,1.2314,1.23143,1.00,4.01
2018.02.27 11:57:30.106,1.2314,1.23143,3.56,1.20
2018.02.27 11:57:30.470,1.23141,1.23145,5.25,1.57
2018.02.27 11:57:30.784,1.23143,1.23147,4.50,1.45
2018.02.27 11:57:31.313,1.23144,1.23147,4.12,1.39
2018.02.27 11:57:31.894,1.23144,1.23148,4.12,11.70
2018.02.27 11:57:32.649,1.23143,1.23145,1.00,1.31
2018.02.27 11:57:32.702,1.23141,1.23145,3.45,1.00
2018.02.27 11:57:32.755,1.23142,1.23146,10.69,2.32
2018.02.27 11:57:33.070,1.23145,1.23148,1.50,3.82
2018.02.27 11:57:34.695,1.23145,1.23148,1.50,2.14
2018.02.27 11:57:35.217,1.23145,1.23148,3.75,1.20
2018.02.27 11:57:35.981,1.23145,1.23148,1.95,1.57
2018.02.27 11:57:36.327,1.23147,1.2315,5.63,1.87
2018.02.27 11:57:36.635,1.23145,1.23148,1.12,4.95
2018.02.27 11:57:39.073,1.23144,1.23147,1.12,1.39
2018.02.27 11:57:39.386,1.23143,1.23145,1.50,1.07
2018.02.27 11:57:39.936,1.23142,1.23146,4.12,2.14
2018.02.27 11:57:40.302,1.23144,1.23146,1.00,1.45
2018.02.27 11:57:40.407,1.23144,1.23148,4.50,1.20
2018.02.27 11:57:40.923,1.23145,1.23149,3.37,6.82
2018.02.27 11:57:41.954,1.23148,1.23149,2.25,1.01
2018.02.27 11:57:42.263,1.23146,1.23149,1.87,1.57
2018.02.27 11:57:43.201,1.23146,1.23148,1.87,1.00
2018.02.27 11:57:43.757,1.23146,1.23149,1.87,2.70
2018.02.27 11:57:44.658,1.23146,1.23148,1.87,1.00
2018.02.27 11:57:45.201,1.23146,1.23149,1.87,2.70
2018.02.27 11:57:45.805,1.23146,1.23148,1.87,1.00
2018.02.27 11:57:45.857,1.23149,1.23151,4.12,12.49
2018.02.27 11:57:46.013,1.23152,1.23156,10.87,2.51
2018.02.27 11:57:46.132,1.23155,1.23158,5.70,1.57
2018.02.27 11:57:46.643,1.23155,1.23158,7.01,1.12
2018.02.27 11:57:47.224,1.23156,1.2316,1.12,4.76
2018.02.27 11:57:47.710,1.23158,1.23161,4.95,1.05
2018.02.27 11:57:48.228,1.23159,1.23161,1.00,1.87
2018.02.27 11:57:48.732,1.23159,1.23161,1.00,1.50
2018.02.27 11:57:49.328,1.23158,1.23161,4.50,1.50
2018.02.27 11:57:51.133,1.23158,1.23159,1.00,1.69
2018.02.27 11:57:51.655,1.23157,1.23159,1.12,1.45
2018.02.27 11:57:52.382,1.23155,1.2316,9.08,4.39
2018.02.27 11:57:55.152,1.23158,1.2316,4.50,2.89
2018.02.27 11:57:55.206,1.2316,1.23161,2.25,1.20
2018.02.27 11:57:55.311,1.2316,1.23163,1.12,1.01
2018.02.27 11:57:55.838,1.23161,1.23164,1.00,1.76
2018.02.27 11:57:57.929,1.23161,1.23165,3.37,4.39
2018.02.27 11:57:57.982,1.23162,1.23165,2.62,1.20
2018.02.27 11:57:58.034,1.23164,1.23167,1.00,7.76
2018.02.27 11:57:58.338,1.23162,1.23165,1.00,3.07
2018.02.27 11:57:58.593,1.23161,1.23165,3.37,6.52
2018.02.27 11:57:59.102,1.23161,1.23164,3.56,1.00
2018.02.27 11:58:00.073,1.23161,1.23164,1.50,1.95
2018.02.27 11:58:00.583,1.2316,1.23164,2.62,1.39
2018.02.27 11:58:01.213,1.2316,1.23163,4.87,1.00
2018.02.27 11:58:01.724,1.23159,1.23163,13.01,1.50
2018.02.27 11:58:02.183,1.23163,1.23164,1.50,1.10
2018.02.27 11:58:02.234,1.23161,1.23166,3.56,4.91
2018.02.27 11:58:02.793,1.23161,1.23164,1.00,1.07
2018.02.27 11:58:03.052,1.23161,1.23165,2.25,5.47
2018.02.27 11:58:03.595,1.23161,1.23165,1.10,12.82
2018.02.27 11:58:04.582,1.2316,1.23165,4.50,4.95
2018.02.27 11:58:05.860,1.23161,1.23164,1.00,1.01
2018.02.27 11:58:06.388,1.2316,1.23164,7.12,1.10
2018.02.27 11:58:07.400,1.23162,1.23165,2.25,9.82
2018.02.27 11:58:07.712,1.2316,1.23165,4.31,6.98
2018.02.27 11:58:09.359,1.23161,1.23165,1.50,8.32
2018.02.27 11:58:10.085,1.2316,1.23164,5.70,1.75
2018.02.27 11:58:10.138,1.2316,1.23161,1.57,1.00
2018.02.27 11:58:10.245,1.23156,1.23159,1.95,1.25
2018.02.27 11:58:10.790,1.23155,1.23159,2.25,1.76
2018.02.27 11:58:11.317,1.23155,1.23159,1.50,6.64
2018.02.27 11:58:13.168,1.23154,1.23157,1.50,3.19
2018.02.27 11:58:13.219,1.23152,1.23156,2.32,3.82
2018.02.27 11:58:14.252,1.23153,1.23156,1.00,3.26
2018.02.27 11:58:14.355,1.23155,1.23157,1.50,1.95
2018.02.27 11:58:14.458,1.23156,1.2316,3.94,1.01
2018.02.27 11:58:14.959,1.23157,1.2316,1.00,3.04
2018.02.27 11:58:15.484,1.23157,1.2316,1.00,6.26
2018.02.27 11:58:17.195,1.23158,1.2316,1.00,7.20
2018.02.27 11:58:17.248,1.23156,1.23159,1.00,3.04
2018.02.27 11:58:17.354,1.23154,1.23157,8.62,1.00
2018.02.27 11:58:17.669,1.23156,1.23159,6.26,1.20
2018.02.27 11:58:18.008,1.23156,1.23159,3.75,4.76
2018.02.27 11:58:18.833,1.23154,1.23157,2.44,1.25
2018.02.27 11:58:18.936,1.23151,1.23154,1.01,1.47
2018.02.27 11:58:19.445,1.23152,1.23155,1.00,2.14
2018.02.27 11:58:20.271,1.23155,1.23156,1.50,1.10
2018.02.27 11:58:20.324,1.23156,1.23157,1.50,1.00
2018.02.27 11:58:20.426,1.23156,1.23159,4.50,1.95
2018.02.27 11:58:20.938,1.23158,1.23159,1.50,1.10
2018.02.27 11:58:20.990,1.2316,1.23161,1.12,1.00
2018.02.27 11:58:21.499,1.2316,1.23163,1.87,4.39
2018.02.27 11:58:22.462,1.2316,1.23163,2.25,1.76
2018.02.27 11:58:22.773,1.23159,1.23163,1.87,5.89
2018.02.27 11:58:23.402,1.23158,1.2316,1.00,1.88
2018.02.27 11:58:23.455,1.23156,1.23159,4.31,1.10
2018.02.27 11:58:23.986,1.23157,1.23159,1.50,1.10
2018.02.27 11:58:25.895,1.23157,1.23159,1.12,1.57
2018.02.27 11:58:25.949,1.23153,1.23155,2.62,2.89
2018.02.27 11:58:26.055,1.23151,1.23155,2.62,3.26
2018.02.27 11:58:26.212,1.23154,1.23156,3.19,2.25
2018.02.27 11:58:26.756,1.23155,1.23158,6.94,1.00
2018.02.27 11:58:26.910,1.23156,1.23159,2.62,1.10
2018.02.27 11:58:27.280,1.23156,1.23159,6.37,1.10
2018.02.27 11:58:28.105,1.23157,1.23159,1.50,1.01
2018.02.27 11:58:28.999,1.23156,1.23159,4.87,1.10
2018.02.27 11:58:30.231,1.23157,1.23159,2.25,1.10
2018.02.27 11:58:32.871,1.23156,1.23159,8.63,1.20
2018.02.27 11:58:33.380,1.23156,1.2316,4.12,11.14
2018.02.27 11:58:35.170,1.23156,1.23159,1.50,1.39
2018.02.27 11:58:35.735,1.23156,1.23159,2.62,2.14
2018.02.27 11:58:36.123,1.23156,1.23159,2.62,2.89
2018.02.27 11:58:36.746,1.23156,1.23159,3.45,1.39
2018.02.27 11:58:36.902,1.23158,1.2316,1.00,1.39
2018.02.27 11:58:37.242,1.23162,1.23164,1.50,3.07
2018.02.27 11:58:37.752,1.23161,1.23164,1.50,2.32
2018.02.27 11:58:38.390,1.23161,1.23164,4.12,1.57
2018.02.27 11:58:38.647,1.23166,1.23169,1.00,1.95
2018.02.27 11:58:39.172,1.23167,1.23169,1.00,1.10
2018.02.27 11:58:40.274,1.23166,1.23169,1.87,1.95
2018.02.27 11:58:44.915,1.23167,1.23169,1.00,2.32
2018.02.27 11:58:45.021,1.2317,1.23172,1.12,2.14
2018.02.27 11:58:45.544,1.2317,1.23173,2.62,1.39
2018.02.27 11:58:47.104,1.23171,1.23173,1.00,1.20
2018.02.27 11:58:50.064,1.23171,1.23174,1.00,2.32
2018.02.27 11:58:53.067,1.2317,1.23174,1.00,4.95
2018.02.27 11:58:53.172,1.23168,1.2317,4.69,1.00
2018.02.27 11:58:53.677,1.23169,1.23171,1.00,1.01
2018.02.27 11:58:54.233,1.23168,1.23172,2.81,5.32
2018.02.27 11:58:54.743,1.23167,1.2317,1.31,11.70
2018.02.27 11:58:56.163,1.23167,1.23169,1.50,1.00
2018.02.27 11:58:56.677,1.23167,1.2317,1.50,7.01
2018.02.27 11:58:58.037,1.23164,1.23166,7.39,4.12
2018.02.27 11:58:58.090,1.23162,1.23164,1.50,1.00
2018.02.27 11:58:58.393,1.2316,1.23163,3.64,1.20
2018.02.27 11:58:58.959,1.23161,1.23164,2.25,4.20
2018.02.27 11:59:00.957,1.23162,1.23163,3.75,1.00
2018.02.27 11:59:01.066,1.23164,1.23165,3.97,2.70
2018.02.27 11:59:01.119,1.23167,1.23169,1.50,2.32
2018.02.27 11:59:01.275,1.23166,1.23169,1.50,1.10
2018.02.27 11:59:01.779,1.23166,1.23169,1.50,1.32
2018.02.27 11:59:02.358,1.23166,1.23169,2.25,1.01
2018.02.27 11:59:03.695,1.23165,1.2317,8.70,8.32
2018.02.27 11:59:07.984,1.23167,1.2317,1.00,2.32
2018.02.27 11:59:08.227,1.23169,1.2317,2.44,1.76
2018.02.27 11:59:08.281,1.23172,1.23175,2.25,3.45
2018.02.27 11:59:08.878,1.23171,1.23175,3.07,5.51
2018.02.27 11:59:09.428,1.2317,1.23173,4.50,1.00
2018.02.27 11:59:09.958,1.23171,1.23174,1.00,1.95
2018.02.27 11:59:10.503,1.23171,1.23174,1.10,1.57
2018.02.27 11:59:13.360,1.23171,1.23174,1.57,1.76
2018.02.27 11:59:13.892,1.23171,1.23174,1.10,1.01
2018.02.27 11:59:15.126,1.23171,1.23173,1.12,1.31
2018.02.27 11:59:15.688,1.23171,1.23174,1.12,7.76
2018.02.27 11:59:15.902,1.23171,1.23174,1.12,4.95
2018.02.27 11:59:16.420,1.2317,1.23174,6.30,1.57
2018.02.27 11:59:16.986,1.23171,1.23174,1.57,1.00
2018.02.27 11:59:17.503,1.23171,1.23175,2.32,6.00
2018.02.27 11:59:18.118,1.23171,1.23175,1.95,6.00
2018.02.27 11:59:20.444,1.23171,1.23175,1.95,1.50
2018.02.27 11:59:21.132,1.23172,1.23173,1.00,1.00
2018.02.27 11:59:21.654,1.2317,1.23174,4.95,2.44
2018.02.27 11:59:22.200,1.2317,1.23174,3.82,3.37
2018.02.27 11:59:22.740,1.2317,1.23174,1.95,4.87
2018.02.27 11:59:24.367,1.23171,1.23173,1.00,1.00
2018.02.27 11:59:24.779,1.2317,1.23175,5.70,3.64
2018.02.27 11:59:25.470,1.23171,1.23174,2.62,1.00
2018.02.27 11:59:26.090,1.2317,1.23173,3.45,1.00
2018.02.27 11:59:26.195,1.23169,1.2317,3.45,2.25
2018.02.27 11:59:26.367,1.23167,1.2317,1.87,2.06
2018.02.27 11:59:26.874,1.23167,1.2317,1.87,6.22
2018.02.27 11:59:29.717,1.23167,1.2317,1.50,9.45
2018.02.27 11:59:30.499,1.23166,1.23169,1.00,5.14
2018.02.27 11:59:31.031,1.23164,1.23168,9.19,1.10
2018.02.27 11:59:35.625,1.23164,1.23167,2.81,1.69
2018.02.27 11:59:36.137,1.23165,1.23169,1.00,4.39
2018.02.27 11:59:36.659,1.23163,1.23167,9.07,3.19
2018.02.27 11:59:37.187,1.23163,1.23166,1.50,4.57
2018.02.27 11:59:37.744,1.23163,1.23166,1.87,2.32
2018.02.27 11:59:38.056,1.23166,1.23168,2.25,1.20
2018.02.27 11:59:38.573,1.23165,1.23166,1.87,1.01
2018.02.27 11:59:38.626,1.23162,1.23166,4.20,10.95
2018.02.27 11:59:39.058,1.23161,1.23166,6.26,10.95
2018.02.27 11:59:39.587,1.23163,1.23165,1.57,1.25
2018.02.27 11:59:41.535,1.23163,1.23165,1.20,4.69
2018.02.27 11:59:42.075,1.23163,1.23165,1.20,1.69
2018.02.27 11:59:43.110,1.23161,1.23165,4.99,5.44
2018.02.27 11:59:43.898,1.23162,1.23164,1.95,1.00
2018.02.27 11:59:44.626,1.23162,1.23165,3.07,5.44
2018.02.27 11:59:49.167,1.23164,1.23165,5.62,1.69
2018.02.27 11:59:49.486,1.23173,1.23175,1.57,4.69
2018.02.27 11:59:49.644,1.23172,1.23175,1.39,3.19
2018.02.27 11:59:50.101,1.23168,1.23169,1.12,1.00
2018.02.27 11:59:50.616,1.23169,1.23171,1.57,1.69
2018.02.27 11:59:50.971,1.23171,1.23174,4.95,4.20
2018.02.27 11:59:51.518,1.23171,1.23174,4.57,9.64
2018.02.27 11:59:51.710,1.23168,1.23172,2.70,10.27
2018.02.27 11:59:52.329,1.23168,1.23172,2.32,9.94
2018.02.27 11:59:53.142,1.23168,1.23171,4.20,1.00
2018.02.27 11:59:53.488,1.2317,1.23173,5.14,1.00
2018.02.27 11:59:54.160,1.2317,1.23173,1.95,2.62
2018.02.27 11:59:56.539,1.2317,1.23172,1.57,1.00
2018.02.27 11:59:57.053,1.2317,1.23173,2.70,2.06
2018.02.27 11:59:57.389,1.23174,1.23176,2.32,3.00
2018.02.27 11:59:57.543,1.23172,1.23175,1.87,13.69
2018.02.27 11:59:57.595,1.23172,1.23174,1.87,2.81
2018.02.27 11:59:58.179,1.23171,1.23174,1.00,2.25
2018.02.27 11:59:58.544,1.23169,1.23171,2.32,1.00
2018.02.27 11:59:58.860,1.23171,1.23174,4.20,1.20
2018.02.27 11:59:59.557,1.23173,1.23175,1.12,1.50
