2008.01.14 03:00:01.019,1.48052,1.48062,7.80,4.80
2008.01.14 03:00:01.468,1.48046,1.48056,2.40,7.80
2008.01.14 03:00:01.710,1.48037,1.48052,27.60,3.60
2008.01.14 03:00:02.655,1.48034,1.48049,6.00,7.90
2008.01.14 03:00:06.853,1.48033,1.48048,2.40,11.40
2008.01.14 03:00:07.043,1.48034,1.48049,2.40,6.00
2008.01.14 03:00:07.284,1.4804,1.4805,5.40,10.80
2008.01.14 03:00:10.307,1.48039,1.48059,5.40,6.00
2008.01.14 03:00:10.694,1.48045,1.48065,4.80,2.40
2008.01.14 03:00:15.121,1.48049,1.48069,1.20,3.00
2008.01.14 03:00:15.277,1.48054,1.48068,9.60,4.80
2008.01.14 03:00:15.431,1.48049,1.48069,2.40,3.30
2008.01.14 03:00:15.589,1.48047,1.48067,4.80,5.20
2008.01.14 03:00:15.744,1.48042,1.48062,4.80,1.20
2008.01.14 03:00:17.850,1.48037,1.48057,10.20,1.80
2008.01.14 03:00:18.025,1.48035,1.48055,7.20,5.00
2008.01.14 03:00:18.312,1.48037,1.48052,4.80,2.40
2008.01.14 03:00:18.551,1.48031,1.48057,2.40,8.40
2008.01.14 03:00:21.075,1.48031,1.48055,28.20,8.40
2008.01.14 03:00:21.245,1.48028,1.48053,1.20,5.40
2008.01.14 03:00:21.329,1.48022,1.48048,5.40,7.20
2008.01.14 03:00:21.414,1.48016,1.48041,5.40,13.20
2008.01.14 03:00:21.498,1.48021,1.48041,12.40,4.80
2008.01.14 03:00:21.845,1.48032,1.48047,1.00,3.00
2008.01.14 03:00:27.331,1.48041,1.48056,12.60,2.40
2008.01.14 03:00:34.872,1.48049,1.48064,2.25,4.80
2008.01.14 03:00:35.098,1.48052,1.48072,2.40,8.70
2008.01.14 03:00:35.309,1.48058,1.48073,6.00,2.40
2008.01.14 03:00:37.621,1.48065,1.48075,1.80,4.80
2008.01.14 03:00:38.021,1.48063,1.48083,10.80,10.80
2008.01.14 03:00:40.395,1.48063,1.48083,6.60,6.00
2008.01.14 03:00:40.497,1.48066,1.48076,9.20,2.40
2008.01.14 03:00:40.611,1.48057,1.48077,6.60,2.40
2008.01.14 03:00:42.314,1.48049,1.48069,14.40,2.40
2008.01.14 03:00:42.404,1.48046,1.48066,6.00,6.00
2008.01.14 03:00:42.976,1.48045,1.48071,4.80,6.00
2008.01.14 03:00:43.291,1.48052,1.48078,3.00,8.40
2008.01.14 03:00:43.568,1.48063,1.48083,10.00,1.00
2008.01.14 03:00:43.931,1.48062,1.48088,2.40,11.50
2008.01.14 03:00:44.180,1.48055,1.48075,10.20,2.40
2008.01.14 03:00:46.535,1.48046,1.48066,4.80,3.00
2008.01.14 03:00:46.593,1.4804,1.4806,6.00,1.00
2008.01.14 03:00:49.052,1.48045,1.48055,2.40,2.40
2008.01.14 03:00:49.539,1.48041,1.48057,8.40,10.80
2008.01.14 03:00:49.778,1.4804,1.48055,9.00,1.20
2008.01.14 03:00:50.122,1.48039,1.48054,36.00,6.00
2008.01.14 03:00:50.383,1.48039,1.48054,4.80,3.70
2008.01.14 03:00:50.648,1.48035,1.48055,7.20,5.40
2008.01.14 03:00:50.911,1.48034,1.48059,1.00,7.20
2008.01.14 03:00:51.177,1.48038,1.48058,21.00,25.80
2008.01.14 03:00:53.277,1.48037,1.48057,10.00,6.40
2008.01.14 03:00:53.563,1.48036,1.48056,16.60,13.00
2008.01.14 03:00:53.775,1.48037,1.48057,12.00,7.50
2008.01.14 03:00:54.592,1.48038,1.48058,3.60,3.00
2008.01.14 03:00:56.265,1.48041,1.48056,9.30,4.80
2008.01.14 03:00:57.179,1.48039,1.48059,9.60,1.80
2008.01.14 03:00:57.376,1.4804,1.4806,2.40,1.20
2008.01.14 03:01:04.166,1.48057,1.48077,2.40,4.80
2008.01.14 03:01:04.254,1.48051,1.48076,8.40,58.80
2008.01.14 03:01:04.692,1.48054,1.48069,6.00,2.40
2008.01.14 03:01:04.779,1.48051,1.48071,6.60,7.20
2008.01.14 03:01:05.023,1.48052,1.48072,3.00,7.20
2008.01.14 03:01:05.272,1.48052,1.48072,4.80,11.20
2008.01.14 03:01:05.994,1.48052,1.48067,7.20,4.80
2008.01.14 03:01:06.151,1.48049,1.48059,9.60,1.80
2008.01.14 03:01:06.308,1.48043,1.48053,2.40,6.00
2008.01.14 03:01:06.463,1.48031,1.48051,4.80,7.20
2008.01.14 03:01:06.924,1.48024,1.48049,44.80,2.40
2008.01.14 03:01:08.094,1.48025,1.48049,12.00,2.40
2008.01.14 03:01:08.162,1.4803,1.48054,4.20,6.10
2008.01.14 03:01:08.516,1.48039,1.48059,6.60,6.00
2008.01.14 03:01:08.646,1.48043,1.48063,31.20,12.60
2008.01.14 03:01:08.839,1.48045,1.48065,7.20,19.60
2008.01.14 03:01:09.260,1.48044,1.4807,6.00,8.80
2008.01.14 03:01:18.323,1.48048,1.48068,2.40,9.10
2008.01.14 03:01:18.775,1.48045,1.4807,12.40,1.20
2008.01.14 03:01:18.900,1.48046,1.48072,19.50,7.90
2008.01.14 03:01:18.927,1.48049,1.48069,1.20,7.00
2008.01.14 03:01:19.201,1.48049,1.48069,15.60,7.80
2008.01.14 03:01:19.957,1.48051,1.48071,2.40,6.60
2008.01.14 03:01:39.795,1.48052,1.48072,6.00,1.00
2008.01.14 03:01:40.170,1.48051,1.48071,2.40,5.40
2008.01.14 03:01:44.257,1.48049,1.48069,23.40,8.40
2008.01.14 03:01:44.298,1.48048,1.48068,1.20,6.00
2008.01.14 03:01:44.434,1.48054,1.48068,9.60,3.60
2008.01.14 03:01:44.458,1.48057,1.48067,7.80,13.80
2008.01.14 03:01:44.813,1.48059,1.48073,10.80,4.80
2008.01.14 03:01:47.398,1.4806,1.4808,2.40,21.60
2008.01.14 03:01:47.741,1.48061,1.48081,1.00,7.20
2008.01.14 03:01:50.844,1.48056,1.48076,7.20,1.00
2008.01.14 03:01:50.978,1.48052,1.48067,4.80,11.80
2008.01.14 03:01:51.114,1.48049,1.48064,20.40,9.00
2008.01.14 03:01:51.250,1.48047,1.48057,1.00,15.60
2008.01.14 03:01:51.386,1.48043,1.48058,5.40,6.00
2008.01.14 03:01:53.048,1.48045,1.48055,4.80,29.50
2008.01.14 03:01:53.364,1.48044,1.48054,2.40,21.40
2008.01.14 03:01:53.524,1.4804,1.4806,2.40,1.00
2008.01.14 03:01:53.552,1.4804,1.4806,4.80,11.20
2008.01.14 03:01:53.626,1.48046,1.48056,19.80,4.80
2008.01.14 03:01:53.722,1.48041,1.48061,2.40,4.80
2008.01.14 03:01:53.961,1.48039,1.48059,35.40,2.40
2008.01.14 03:01:55.959,1.48038,1.48058,5.40,2.70
2008.01.14 03:01:58.674,1.4804,1.4806,5.40,4.80
2008.01.14 03:02:16.715,1.48044,1.48064,1.00,2.40
2008.01.14 03:02:16.854,1.48053,1.48068,2.40,7.20
2008.01.14 03:02:16.941,1.48061,1.48076,5.40,2.40
2008.01.14 03:02:17.401,1.4807,1.48085,5.40,8.40
2008.01.14 03:02:17.581,1.48073,1.48087,1.00,11.70
2008.01.14 03:02:17.836,1.48064,1.48084,11.40,13.80
2008.01.14 03:02:17.990,1.48057,1.48077,7.20,3.00
2008.01.14 03:02:23.407,1.48054,1.48074,7.80,8.20
2008.01.14 03:02:23.523,1.48053,1.48068,11.00,4.80
2008.01.14 03:02:23.863,1.4805,1.48065,7.20,4.80
2008.01.14 03:02:30.387,1.48044,1.48058,4.80,7.20
2008.01.14 03:02:30.597,1.48033,1.48053,4.80,8.40
2008.01.14 03:02:31.900,1.48028,1.48048,36.00,13.80
2008.01.14 03:02:43.008,1.48031,1.48051,6.00,3.00
2008.01.14 03:02:43.215,1.48034,1.48059,10.80,3.00
2008.01.14 03:02:43.279,1.48043,1.48063,4.80,1.20
2008.01.14 03:02:43.475,1.4805,1.4807,1.20,7.60
2008.01.14 03:02:43.539,1.48053,1.48077,10.20,8.50
2008.01.14 03:03:22.399,1.48056,1.48076,8.40,7.20
2008.01.14 03:03:22.553,1.48054,1.48069,12.60,6.00
2008.01.14 03:03:22.609,1.48045,1.48065,4.80,4.40
2008.01.14 03:03:22.973,1.48042,1.48057,5.40,3.00
2008.01.14 03:03:23.198,1.48038,1.48058,9.00,2.40
2008.01.14 03:03:23.242,1.48042,1.48062,2.40,10.20
2008.01.14 03:03:23.296,1.48047,1.48067,9.00,20.50
2008.01.14 03:03:23.406,1.48048,1.48073,2.40,6.00
2008.01.14 03:03:26.471,1.4805,1.4807,4.80,12.70
2008.01.14 03:03:26.681,1.4805,1.4807,2.40,14.70
2008.01.14 03:03:26.905,1.48053,1.48073,6.00,11.40
2008.01.14 03:03:28.923,1.4806,1.4808,2.40,1.80
2008.01.14 03:03:28.999,1.4806,1.48084,36.00,11.40
2008.01.14 03:03:29.115,1.48063,1.48078,6.00,12.60
2008.01.14 03:03:35.156,1.48062,1.48078,1.80,2.40
2008.01.14 03:03:35.276,1.48063,1.48079,3.60,9.00
2008.01.14 03:03:35.400,1.48062,1.48082,2.40,8.50
2008.01.14 03:03:44.163,1.48062,1.48077,15.00,4.20
2008.01.14 03:03:44.242,1.48058,1.48073,18.30,17.40
2008.01.14 03:03:44.476,1.4805,1.48065,9.60,4.80
2008.01.14 03:03:44.712,1.48043,1.48067,21.00,1.90
2008.01.14 03:04:00.564,1.48068,1.48088,2.40,3.30
2008.01.14 03:04:00.711,1.48068,1.48083,28.20,6.60
2008.01.14 03:04:00.744,1.48062,1.48082,3.00,3.00
2008.01.14 03:04:00.847,1.48063,1.48078,2.40,4.80
2008.01.14 03:04:00.860,1.48061,1.48076,14.40,9.40
2008.01.14 03:04:00.876,1.48061,1.48076,3.60,4.80
2008.01.14 03:04:00.949,1.48064,1.48074,7.80,17.50
2008.01.14 03:04:01.289,1.48068,1.48078,12.60,3.00
2008.01.14 03:04:01.630,1.48074,1.48084,10.20,6.60
2008.01.14 03:04:01.967,1.48076,1.48086,2.40,4.60
2008.01.14 03:04:09.960,1.4807,1.4808,15.70,4.80
2008.01.14 03:04:10.165,1.48065,1.48075,24.10,13.80
2008.01.14 03:04:10.239,1.48056,1.48076,5.40,4.80
2008.01.14 03:04:16.916,1.48054,1.48074,6.60,7.20
2008.01.14 03:04:17.019,1.48055,1.48069,7.20,4.80
2008.01.14 03:04:17.124,1.48052,1.48068,14.80,2.40
2008.01.14 03:04:17.228,1.48053,1.48063,2.40,18.20
2008.01.14 03:04:17.332,1.4805,1.4806,4.80,6.10
2008.01.14 03:04:17.437,1.48049,1.48059,18.60,2.40
2008.01.14 03:04:17.544,1.48048,1.48063,4.20,4.00
2008.01.14 03:04:17.731,1.48048,1.48068,6.00,1.00
2008.01.14 03:04:18.441,1.48048,1.48068,12.60,3.00
2008.01.14 03:04:23.462,1.48049,1.48069,3.00,2.40
2008.01.14 03:04:25.066,1.4805,1.48065,21.00,4.80
2008.01.14 03:04:25.124,1.48046,1.48062,8.40,8.40
2008.01.14 03:04:25.229,1.48043,1.48053,4.80,5.20
2008.01.14 03:04:25.270,1.48037,1.48047,2.40,6.00
2008.01.14 03:04:28.012,1.48034,1.48044,5.40,2.10
2008.01.14 03:04:28.196,1.48042,1.48047,9.60,6.00
2008.01.14 03:04:28.382,1.48042,1.48058,4.80,1.20
2008.01.14 03:04:28.448,1.48045,1.48061,2.40,12.40
2008.01.14 03:04:28.658,1.48045,1.48065,4.80,17.20
2008.01.14 03:04:30.277,1.48048,1.48064,7.20,8.40
2008.01.14 03:04:30.408,1.48049,1.48065,2.40,6.00
2008.01.14 03:04:30.468,1.48051,1.48065,7.80,13.10
2008.01.14 03:04:30.652,1.48049,1.48069,10.80,2.40
2008.01.14 03:04:30.711,1.48047,1.48067,32.10,8.40
2008.01.14 03:04:30.772,1.48048,1.48063,13.80,4.80
2008.01.14 03:04:31.208,1.48045,1.48065,19.20,4.80
2008.01.14 03:04:32.568,1.48049,1.48059,18.00,4.80
2008.01.14 03:04:43.527,1.48049,1.48059,2.40,10.00
2008.01.14 03:04:43.695,1.48053,1.48063,38.40,13.20
2008.01.14 03:04:43.759,1.48052,1.48072,4.80,2.40
2008.01.14 03:04:46.126,1.4806,1.4808,2.40,1.80
2008.01.14 03:04:50.656,1.48065,1.48085,10.80,1.90
2008.01.14 03:05:22.635,1.48065,1.48075,4.20,18.30
2008.01.14 03:05:25.969,1.48064,1.48079,5.60,1.00
2008.01.14 03:05:29.613,1.48062,1.48076,10.80,9.40
2008.01.14 03:05:29.907,1.4806,1.4807,2.40,9.00
2008.01.14 03:05:38.422,1.48055,1.48061,3.00,1.00
2008.01.14 03:05:46.715,1.4804,1.4806,6.60,10.20
2008.01.14 03:05:52.889,1.48038,1.48058,8.40,6.00
2008.01.14 03:05:57.547,1.48042,1.48067,6.00,9.00
2008.01.14 03:05:57.587,1.48053,1.48077,19.20,3.00
2008.01.14 03:05:57.634,1.48068,1.48083,3.00,1.00
2008.01.14 03:05:57.995,1.48075,1.48091,4.80,9.40
2008.01.14 03:06:02.761,1.48053,1.48073,15.60,9.10
2008.01.14 03:06:02.857,1.48055,1.48075,11.40,10.00
2008.01.14 03:06:02.953,1.48054,1.48079,15.00,12.30
2008.01.14 03:06:03.049,1.48057,1.48077,2.40,4.80
2008.01.14 03:06:03.573,1.48055,1.48075,1.00,4.80
2008.01.14 03:06:03.914,1.48054,1.48074,3.00,6.00
2008.01.14 03:06:04.255,1.48053,1.48073,3.00,9.00
2008.01.14 03:06:04.456,1.48055,1.4807,12.00,3.00
2008.01.14 03:06:04.643,1.48055,1.4807,2.40,6.10
2008.01.14 03:06:05.015,1.48052,1.48072,6.00,11.40
2008.01.14 03:06:05.203,1.48055,1.48075,13.60,2.40
2008.01.14 03:06:05.389,1.48058,1.48073,7.20,7.20
2008.01.14 03:06:05.479,1.48062,1.48072,13.60,2.40
2008.01.14 03:06:05.649,1.4806,1.48075,2.40,8.40
2008.01.14 03:06:05.945,1.48055,1.48075,1.00,2.40
2008.01.14 03:06:06.614,1.48057,1.48073,3.60,18.30
2008.01.14 03:06:06.781,1.48052,1.48077,8.80,15.60
2008.01.14 03:06:06.868,1.48059,1.48073,13.20,9.00
2008.01.14 03:06:07.029,1.48062,1.48072,5.40,11.40
2008.01.14 03:06:07.193,1.48065,1.4807,13.20,1.00
2008.01.14 03:06:07.635,1.48046,1.48081,15.70,12.60
2008.01.14 03:06:07.976,1.48037,1.48073,6.00,3.00
2008.01.14 03:06:08.314,1.48031,1.48061,6.60,4.20
2008.01.14 03:06:08.669,1.48036,1.48046,3.00,2.50
2008.01.14 03:06:08.896,1.48043,1.48049,8.40,7.80
2008.01.14 03:06:09.135,1.48051,1.48055,1.20,9.00
2008.01.14 03:06:09.389,1.4804,1.48075,1.20,9.00
2008.01.14 03:06:09.490,1.48052,1.48072,2.40,11.50
2008.01.14 03:06:09.626,1.48049,1.48085,3.60,2.40
2008.01.14 03:06:10.540,1.48059,1.48079,9.90,1.00
2008.01.14 03:06:10.879,1.4806,1.4808,10.80,4.80
2008.01.14 03:06:15.474,1.48062,1.48077,9.00,2.40
2008.01.14 03:06:15.913,1.48063,1.48073,7.80,4.90
2008.01.14 03:06:16.039,1.48065,1.4807,6.00,4.20
2008.01.14 03:06:16.168,1.48065,1.48075,2.40,5.70
2008.01.14 03:06:16.294,1.48061,1.48081,4.80,3.00
2008.01.14 03:06:16.421,1.48061,1.48081,2.40,6.00
2008.01.14 03:06:16.673,1.48056,1.48081,3.60,10.20
2008.01.14 03:06:16.801,1.48052,1.48082,3.60,1.20
2008.01.14 03:06:17.992,1.4805,1.4808,4.80,9.40
2008.01.14 03:06:18.157,1.48051,1.48076,21.60,4.80
2008.01.14 03:06:19.521,1.48047,1.48077,7.80,1.00
2008.01.14 03:06:19.647,1.48045,1.48075,4.80,3.60
2008.01.14 03:06:19.823,1.4805,1.4807,15.00,3.00
2008.01.14 03:06:23.637,1.48052,1.48072,4.80,4.20
2008.01.14 03:06:23.833,1.48054,1.48079,1.00,5.60
2008.01.14 03:06:24.030,1.48058,1.48083,3.60,4.80
2008.01.14 03:06:24.225,1.48065,1.48085,10.80,5.60
2008.01.14 03:06:24.421,1.48072,1.48092,4.20,1.80
2008.01.14 03:06:24.797,1.48072,1.48096,7.80,3.60
2008.01.14 03:06:28.987,1.48075,1.48091,1.00,6.00
2008.01.14 03:06:31.013,1.48066,1.4809,2.40,3.30
2008.01.14 03:06:31.131,1.48067,1.48087,4.20,8.40
2008.01.14 03:06:31.177,1.48065,1.48085,2.40,6.60
2008.01.14 03:06:31.195,1.4806,1.48085,1.80,25.90
2008.01.14 03:06:31.678,1.48056,1.4808,4.80,6.60
2008.01.14 03:06:32.607,1.4805,1.48076,5.40,6.00
2008.01.14 03:06:38.999,1.48046,1.48072,13.80,6.10
2008.01.14 03:06:39.258,1.48051,1.48065,22.20,9.30
2008.01.14 03:06:39.518,1.4805,1.48065,22.00,3.00
2008.01.14 03:06:39.778,1.48047,1.48072,3.60,3.00
2008.01.14 03:06:40.273,1.48048,1.48074,14.40,1.80
2008.01.14 03:06:40.689,1.48058,1.48074,3.00,11.20
2008.01.14 03:06:41.495,1.48059,1.48075,1.20,14.80
2008.01.14 03:06:41.513,1.48061,1.48076,4.80,3.00
2008.01.14 03:06:41.578,1.48054,1.48079,5.40,4.80
2008.01.14 03:06:41.595,1.48052,1.48077,1.00,1.20
2008.01.14 03:06:41.670,1.48051,1.48076,7.20,9.60
2008.01.14 03:06:41.824,1.4805,1.48075,13.20,4.80
2008.01.14 03:06:42.129,1.48049,1.48074,4.20,1.80
2008.01.14 03:06:44.738,1.48054,1.48069,8.40,2.10
2008.01.14 03:06:44.960,1.48056,1.48066,10.20,1.80
2008.01.14 03:06:45.173,1.48055,1.48065,2.40,19.90
2008.01.14 03:06:45.377,1.48055,1.48065,5.40,9.60
2008.01.14 03:06:45.581,1.48059,1.48064,3.60,2.40
2008.01.14 03:06:45.785,1.48058,1.48068,1.00,2.40
2008.01.14 03:06:45.989,1.48053,1.48073,7.80,4.80
2008.01.14 03:06:46.393,1.48052,1.48077,3.00,4.00
2008.01.14 03:06:55.219,1.48055,1.4807,20.40,5.40
2008.01.14 03:06:55.334,1.48055,1.48065,10.40,4.80
2008.01.14 03:06:55.682,1.48051,1.48061,6.00,4.80
2008.01.14 03:06:55.912,1.48048,1.48058,4.80,6.00
2008.01.14 03:07:00.195,1.48039,1.48059,5.40,5.40
2008.01.14 03:07:01.808,1.48035,1.4806,2.40,1.20
2008.01.14 03:07:01.912,1.48041,1.48051,18.60,4.80
2008.01.14 03:07:02.743,1.48034,1.48054,6.60,27.10
2008.01.14 03:07:02.919,1.48031,1.48056,7.20,9.00
2008.01.14 03:07:03.095,1.48031,1.48051,9.60,6.00
2008.01.14 03:07:03.267,1.4803,1.4805,21.00,4.80
2008.01.14 03:07:03.759,1.48028,1.48048,7.20,8.80
2008.01.14 03:07:04.079,1.48024,1.48049,22.80,5.40
2008.01.14 03:07:04.394,1.4803,1.4804,2.40,8.80
2008.01.14 03:07:04.842,1.48023,1.48038,4.80,27.60
2008.01.14 03:07:05.001,1.48019,1.48034,1.00,16.80
2008.01.14 03:07:05.161,1.48017,1.48027,7.20,5.40
2008.01.14 03:07:05.322,1.48016,1.48026,4.80,7.20
2008.01.14 03:07:05.481,1.48015,1.48025,7.20,1.00
2008.01.14 03:07:05.639,1.48014,1.48024,12.60,9.70
2008.01.14 03:07:07.039,1.4801,1.4803,21.00,2.40
2008.01.14 03:07:07.489,1.48014,1.48028,2.40,8.40
2008.01.14 03:07:08.191,1.4802,1.48025,8.40,1.80
2008.01.14 03:07:08.215,1.48021,1.48026,3.00,7.20
2008.01.14 03:07:08.399,1.48018,1.48028,4.80,1.00
2008.01.14 03:07:08.583,1.48015,1.48035,1.20,4.80
2008.01.14 03:07:08.767,1.48013,1.48039,7.80,18.00
2008.01.14 03:07:08.951,1.48015,1.4804,2.40,3.30
2008.01.14 03:07:10.748,1.48022,1.48037,16.80,6.00
2008.01.14 03:07:11.293,1.48021,1.48047,13.20,9.60
2008.01.14 03:07:11.632,1.48029,1.48049,4.80,3.00
2008.01.14 03:07:11.785,1.48034,1.48054,2.40,12.40
2008.01.14 03:07:11.944,1.48039,1.48059,10.20,13.90
2008.01.14 03:07:12.053,1.48044,1.48064,4.80,2.40
2008.01.14 03:07:12.163,1.48054,1.48068,10.80,2.70
2008.01.14 03:07:12.228,1.48052,1.48072,10.80,4.80
2008.01.14 03:07:12.899,1.48044,1.48064,2.40,20.80
2008.01.14 03:07:15.774,1.48035,1.4806,14.70,1.90
2008.01.14 03:07:15.952,1.48032,1.48052,3.00,6.90
2008.01.14 03:07:16.483,1.48028,1.48048,2.40,22.20
2008.01.14 03:07:22.959,1.48024,1.48044,21.60,3.60
2008.01.14 03:07:23.079,1.48025,1.48041,2.40,1.20
2008.01.14 03:07:23.375,1.48027,1.48037,12.60,1.20
2008.01.14 03:07:23.676,1.48026,1.48036,7.20,6.78
2008.01.14 03:07:24.656,1.48027,1.48031,7.20,5.40
2008.01.14 03:07:24.805,1.48025,1.48031,4.80,6.88
2008.01.14 03:07:25.096,1.48027,1.48032,2.40,7.20
2008.01.14 03:07:25.179,1.48028,1.48034,3.00,9.50
2008.01.14 03:07:25.343,1.48033,1.48037,9.60,7.80
2008.01.14 03:07:25.427,1.48034,1.48044,6.00,4.00
2008.01.14 03:07:25.511,1.48037,1.48047,4.80,4.80
2008.01.14 03:07:25.591,1.4804,1.48045,2.40,4.50
2008.01.14 03:07:25.752,1.48038,1.48048,14.40,1.00
2008.01.14 03:07:25.831,1.48038,1.48043,6.00,3.00
2008.01.14 03:07:25.911,1.48036,1.4804,6.60,3.90
2008.01.14 03:07:26.221,1.48031,1.48037,12.00,10.80
2008.01.14 03:07:26.368,1.48027,1.48037,4.80,12.00
2008.01.14 03:07:26.672,1.48026,1.48036,2.40,15.00
2008.01.14 03:07:26.819,1.48026,1.48036,8.40,2.40
2008.01.14 03:07:26.967,1.48025,1.4804,2.40,9.20
2008.01.14 03:07:27.116,1.48024,1.48039,23.40,3.60
2008.01.14 03:07:27.395,1.48028,1.48033,12.00,5.40
2008.01.14 03:07:27.690,1.48026,1.48031,6.00,12.60
2008.01.14 03:07:27.967,1.4802,1.4803,1.20,6.00
2008.01.14 03:07:28.247,1.4802,1.48025,2.40,4.80
2008.01.14 03:07:28.583,1.48017,1.48027,11.70,4.80
2008.01.14 03:07:29.252,1.48016,1.48026,6.00,3.00
2008.01.14 03:07:29.587,1.48014,1.48029,41.80,2.40
2008.01.14 03:07:29.812,1.48014,1.48034,3.00,4.20
2008.01.14 03:07:30.256,1.48015,1.48035,2.40,10.20
2008.01.14 03:07:34.507,1.48015,1.4804,14.40,7.80
2008.01.14 03:07:34.598,1.48029,1.48033,11.60,4.80
2008.01.14 03:07:34.711,1.48026,1.48046,2.40,6.30
2008.01.14 03:07:34.921,1.48027,1.48047,7.80,17.50
2008.01.14 03:07:35.333,1.48028,1.48048,6.40,7.80
2008.01.14 03:07:36.833,1.48028,1.48043,1.00,4.80
2008.01.14 03:07:36.889,1.48025,1.4804,14.50,2.40
2008.01.14 03:07:36.975,1.48021,1.48036,4.80,1.20
2008.01.14 03:07:37.003,1.4802,1.4803,2.40,4.80
2008.01.14 03:07:37.021,1.48016,1.48026,3.00,8.40
2008.01.14 03:07:37.093,1.48009,1.48029,7.80,4.80
2008.01.14 03:07:37.098,1.48003,1.48023,16.60,4.80
2008.01.14 03:07:37.129,1.47999,1.48019,6.00,7.80
2008.01.14 03:07:37.326,1.47998,1.48018,11.40,9.70
2008.01.14 03:07:37.395,1.48001,1.48027,8.40,1.80
2008.01.14 03:07:37.479,1.4801,1.48034,9.60,1.80
2008.01.14 03:07:37.569,1.48019,1.48039,6.00,2.40
2008.01.14 03:07:37.744,1.48021,1.48045,3.60,12.10
2008.01.14 03:07:38.131,1.48024,1.48049,5.40,1.20
2008.01.14 03:07:38.771,1.48027,1.48052,17.40,1.00
2008.01.14 03:07:39.219,1.4803,1.4805,20.20,2.40
2008.01.14 03:07:39.443,1.48029,1.48049,4.80,7.20
2008.01.14 03:07:39.672,1.48025,1.48049,4.80,1.20
2008.01.14 03:07:39.899,1.48023,1.48047,1.00,2.40
2008.01.14 03:07:40.667,1.4802,1.48046,2.40,11.70
2008.01.14 03:07:40.831,1.48022,1.48042,20.50,8.40
2008.01.14 03:07:45.382,1.48027,1.48037,6.60,1.00
2008.01.14 03:07:45.561,1.4803,1.48035,2.40,4.80
2008.01.14 03:07:45.719,1.48031,1.48036,10.80,4.10
2008.01.14 03:07:45.880,1.48028,1.48038,3.00,4.20
2008.01.14 03:07:46.195,1.48023,1.48043,18.00,1.80
2008.01.14 03:07:46.351,1.48023,1.48043,1.00,6.00
2008.01.14 03:07:46.511,1.48027,1.48037,10.80,14.50
2008.01.14 03:07:46.676,1.48022,1.48042,2.40,4.80
2008.01.14 03:07:46.919,1.48027,1.48041,1.00,8.80
2008.01.14 03:07:46.982,1.48033,1.48039,5.00,2.40
2008.01.14 03:07:47.041,1.48028,1.48048,4.80,19.60
2008.01.14 03:07:47.167,1.48027,1.48052,4.80,1.00
2008.01.14 03:07:47.280,1.4803,1.4805,3.00,4.10
2008.01.14 03:07:47.416,1.48029,1.48054,18.60,3.00
2008.01.14 03:07:47.665,1.48031,1.48051,23.40,3.00
2008.01.14 03:07:47.910,1.48034,1.48049,16.80,3.00
2008.01.14 03:07:48.071,1.48035,1.48045,4.80,12.60
2008.01.14 03:07:48.151,1.48036,1.48041,3.00,6.00
2008.01.14 03:07:48.311,1.48034,1.48039,1.20,9.10
2008.01.14 03:07:48.396,1.48033,1.48038,6.00,6.00
2008.01.14 03:07:48.475,1.48027,1.48042,4.80,4.80
2008.01.14 03:07:48.555,1.48023,1.48043,11.40,4.80
2008.01.14 03:07:48.719,1.48021,1.48041,3.60,4.80
2008.01.14 03:07:48.799,1.48027,1.48032,10.00,1.00
2008.01.14 03:07:49.139,1.48025,1.4803,7.20,4.80
2008.01.14 03:07:49.481,1.48021,1.48031,12.60,11.80
2008.01.14 03:07:49.820,1.4802,1.4803,2.40,13.90
2008.01.14 03:07:49.983,1.48017,1.48027,6.00,1.40
2008.01.14 03:07:50.525,1.48018,1.48023,12.60,9.70
2008.01.14 03:07:50.688,1.48017,1.48022,9.00,4.80
2008.01.14 03:07:50.768,1.4801,1.4803,4.20,10.20
2008.01.14 03:07:50.941,1.48014,1.48029,6.60,4.20
2008.01.14 03:07:51.032,1.48022,1.48027,2.40,9.20
2008.01.14 03:07:51.405,1.48024,1.48034,4.80,8.40
2008.01.14 03:07:51.495,1.48026,1.48041,6.00,3.00
2008.01.14 03:07:51.771,1.48025,1.48045,4.80,7.80
2008.01.14 03:07:52.212,1.48023,1.48048,2.40,4.80
2008.01.14 03:07:53.335,1.48026,1.48046,4.80,17.80
2008.01.14 03:07:53.592,1.48021,1.48046,35.40,7.20
2008.01.14 03:07:53.867,1.4802,1.48045,1.00,2.40
2008.01.14 03:07:54.077,1.48022,1.48042,2.40,5.40
2008.01.14 03:08:25.792,1.48018,1.48044,2.40,1.80
2008.01.14 03:08:30.597,1.48019,1.48044,18.00,2.40
2008.01.14 03:08:37.479,1.48024,1.48039,9.00,9.00
2008.01.14 03:08:37.737,1.48023,1.48038,1.20,20.40
2008.01.14 03:08:37.957,1.48019,1.48039,4.80,3.60
2008.01.14 03:08:38.181,1.48014,1.48034,3.60,13.60
2008.01.14 03:08:38.623,1.48007,1.48032,11.40,1.00
2008.01.14 03:08:39.429,1.48003,1.48023,13.60,2.40
2008.01.14 03:08:39.609,1.47995,1.48015,14.40,8.40
2008.01.14 03:08:39.790,1.47987,1.48007,4.20,5.10
2008.01.14 03:08:39.854,1.47978,1.48003,7.20,9.00
2008.01.14 03:08:39.981,1.4798,1.48,11.40,2.40
2008.01.14 03:08:40.045,1.47985,1.48005,17.40,4.80
2008.01.14 03:08:40.237,1.47993,1.48013,4.80,5.20
2008.01.14 03:08:40.301,1.47998,1.48018,4.80,1.20
2008.01.14 03:08:40.365,1.48002,1.48022,8.40,5.40
2008.01.14 03:08:40.429,1.48005,1.48025,10.80,16.80
2008.01.14 03:08:40.496,1.48005,1.48029,1.00,3.00
2008.01.14 03:08:40.625,1.48007,1.48033,2.40,25.60
2008.01.14 03:08:40.689,1.48013,1.48038,26.40,21.00
2008.01.14 03:08:40.846,1.48017,1.48042,6.60,1.00
2008.01.14 03:08:42.928,1.48023,1.48047,1.00,14.20
2008.01.14 03:08:45.790,1.48035,1.4805,6.60,2.40
2008.01.14 03:08:45.914,1.4804,1.4806,7.80,7.78
2008.01.14 03:08:46.207,1.48047,1.48067,2.40,7.20
2008.01.14 03:08:46.355,1.48047,1.48067,14.40,8.40
2008.01.14 03:08:46.573,1.48033,1.48059,4.80,21.00
2008.01.14 03:08:47.009,1.48022,1.48048,7.80,7.80
2008.01.14 03:08:47.344,1.48017,1.48041,2.40,6.60
2008.01.14 03:08:47.681,1.48015,1.48039,4.80,5.50
2008.01.14 03:08:49.840,1.48013,1.48038,4.80,3.60
2008.01.14 03:08:50.475,1.48016,1.48036,6.60,4.20
2008.01.14 03:08:50.678,1.48014,1.48034,8.40,7.20
2008.01.14 03:08:50.878,1.48013,1.48033,6.00,1.00
2008.01.14 03:08:51.091,1.48011,1.48031,13.80,7.80
2008.01.14 03:08:51.277,1.48007,1.48032,3.00,6.10
2008.01.14 03:08:51.370,1.48009,1.48034,21.00,1.20
2008.01.14 03:08:58.222,1.48014,1.48034,2.40,10.90
2008.01.14 03:08:58.311,1.48019,1.48039,10.80,3.00
2008.01.14 03:08:58.498,1.48023,1.48043,2.40,7.20
2008.01.14 03:08:58.865,1.48027,1.48047,8.40,15.00
2008.01.14 03:09:03.427,1.48027,1.48043,9.60,1.00
2008.01.14 03:09:16.220,1.48022,1.48042,2.40,1.00
2008.01.14 03:09:16.266,1.48017,1.48037,6.00,8.40
2008.01.14 03:09:16.492,1.48013,1.48038,2.40,2.40
2008.01.14 03:09:16.564,1.48014,1.48039,9.60,9.60
2008.01.14 03:09:16.597,1.48016,1.48041,2.40,9.10
2008.01.14 03:09:18.051,1.48028,1.48043,10.80,10.90
2008.01.14 03:09:22.733,1.48032,1.48058,4.80,8.80
2008.01.14 03:09:26.886,1.4804,1.4806,2.40,4.80
2008.01.14 03:09:28.426,1.48037,1.48057,3.00,7.80
2008.01.14 03:09:30.464,1.48032,1.48052,18.60,8.40
2008.01.14 03:09:30.483,1.48027,1.48047,9.00,4.80
2008.01.14 03:09:30.512,1.48021,1.48041,2.40,3.60
2008.01.14 03:09:30.591,1.48013,1.48033,11.40,17.40
2008.01.14 03:09:30.752,1.48001,1.48025,8.40,3.00
2008.01.14 03:09:30.851,1.48001,1.48021,2.40,9.00
2008.01.14 03:09:33.857,1.48005,1.48025,6.00,4.80
2008.01.14 03:09:41.331,1.48013,1.48033,3.00,4.00
2008.01.14 03:09:41.382,1.48018,1.48038,4.80,4.80
2008.01.14 03:09:41.514,1.48021,1.48041,20.10,2.40
2008.01.14 03:09:45.453,1.48025,1.48045,4.80,7.20
2008.01.14 03:09:46.530,1.48028,1.48048,10.20,1.00
2008.01.14 03:10:08.641,1.48042,1.48052,1.50,3.60
2008.01.14 03:10:08.844,1.48037,1.48047,15.60,10.80
2008.01.14 03:10:09.044,1.48033,1.48043,2.40,13.60
2008.01.14 03:10:09.244,1.48018,1.48048,2.40,2.70
2008.01.14 03:10:09.827,1.48017,1.48042,3.00,2.40
2008.01.14 03:10:10.119,1.4801,1.4804,2.40,12.40
2008.01.14 03:10:15.960,1.48012,1.48032,4.80,17.20
2008.01.14 03:10:16.055,1.4801,1.48026,2.40,17.50
2008.01.14 03:10:16.150,1.48006,1.48026,11.10,15.60
2008.01.14 03:10:16.239,1.48005,1.48025,4.80,6.10
2008.01.14 03:10:16.331,1.48004,1.48024,4.20,4.80
2008.01.14 03:10:16.795,1.48003,1.48028,4.20,2.40
2008.01.14 03:10:18.965,1.48003,1.48028,3.70,24.00
2008.01.14 03:10:19.007,1.48003,1.48023,13.20,8.40
2008.01.14 03:10:19.048,1.47998,1.48018,9.00,2.80
2008.01.14 03:10:19.087,1.47997,1.48017,1.60,11.50
2008.01.14 03:10:19.211,1.48001,1.48021,3.60,2.40
2008.01.14 03:10:54.543,1.48004,1.48024,4.20,9.20
2008.01.14 03:10:54.595,1.4801,1.48024,7.20,5.40
2008.01.14 03:10:54.891,1.48014,1.48024,8.40,6.90
2008.01.14 03:10:55.189,1.48015,1.48025,9.00,4.80
2008.01.14 03:10:55.780,1.48016,1.48031,19.50,7.90
2008.01.14 03:10:55.973,1.48013,1.48038,4.80,1.20
2008.01.14 03:10:56.036,1.48022,1.48037,7.20,9.60
2008.01.14 03:10:56.227,1.48027,1.48042,6.30,2.40
2008.01.14 03:10:56.291,1.48032,1.48052,11.60,1.20
2008.01.14 03:10:56.421,1.48039,1.48059,6.60,9.40
2008.01.14 03:10:56.615,1.48045,1.48065,2.40,7.20
2008.01.14 03:11:02.575,1.48016,1.48032,1.80,8.50
2008.01.14 03:11:02.769,1.48021,1.48036,4.20,13.80
2008.01.14 03:11:02.965,1.48019,1.48044,2.40,2.40
2008.01.14 03:11:03.349,1.4803,1.4804,12.60,2.40
2008.01.14 03:11:03.771,1.48032,1.48042,6.00,3.30
2008.01.14 03:11:03.848,1.48029,1.48049,4.20,8.40
2008.01.14 03:11:03.923,1.4803,1.4805,1.20,15.40
2008.01.14 03:11:03.999,1.48033,1.48043,5.40,8.40
2008.01.14 03:11:04.088,1.48023,1.48048,8.40,2.70
2008.01.14 03:11:04.239,1.4802,1.48045,5.40,1.20
2008.01.14 03:11:04.315,1.48022,1.48042,7.20,1.20
2008.01.14 03:11:04.727,1.48024,1.48044,1.00,1.00
2008.01.14 03:11:05.066,1.48028,1.48043,4.80,7.20
2008.01.14 03:11:05.401,1.48026,1.48046,20.40,8.40
2008.01.14 03:11:05.739,1.48027,1.48047,24.00,9.00
2008.01.14 03:11:07.723,1.48031,1.48045,1.00,5.40
2008.01.14 03:11:07.823,1.48035,1.4804,9.60,4.80
2008.01.14 03:11:07.925,1.48033,1.48038,9.00,1.80
2008.01.14 03:11:08.025,1.48028,1.48038,9.20,2.40
2008.01.14 03:11:08.327,1.48021,1.48041,15.60,4.80
2008.01.14 03:11:08.427,1.4802,1.4804,4.80,4.80
2008.01.14 03:11:08.527,1.48024,1.48034,8.40,11.50
2008.01.14 03:11:08.827,1.48024,1.48028,11.40,2.40
2008.01.14 03:11:09.163,1.48014,1.48034,7.80,7.20
2008.01.14 03:11:09.499,1.48015,1.48035,10.80,5.40
2008.01.14 03:11:09.852,1.48029,1.48033,1.00,3.00
2008.01.14 03:11:10.028,1.48035,1.48049,2.40,6.00
2008.01.14 03:11:10.219,1.48039,1.48059,5.10,1.00
2008.01.14 03:11:10.411,1.48036,1.4806,1.00,7.20
2008.01.14 03:11:10.603,1.48031,1.48057,5.40,10.60
2008.01.14 03:11:10.795,1.4803,1.48055,2.40,3.60
2008.01.14 03:11:10.987,1.4803,1.48055,4.20,7.20
2008.01.14 03:11:11.301,1.48031,1.48056,12.60,7.80
2008.01.14 03:11:14.070,1.48038,1.48053,1.00,10.00
2008.01.14 03:11:14.108,1.48034,1.48054,4.80,3.40
2008.01.14 03:11:14.127,1.48033,1.48053,13.60,2.40
2008.01.14 03:11:14.480,1.48035,1.48045,11.40,9.00
2008.01.14 03:11:14.819,1.48034,1.48044,8.40,8.40
2008.01.14 03:11:15.159,1.48035,1.4804,7.20,9.00
2008.01.14 03:11:15.544,1.48024,1.48049,8.40,34.20
2008.01.14 03:11:15.737,1.48026,1.48046,8.40,5.40
2008.01.14 03:11:15.927,1.48032,1.48042,2.40,1.80
2008.01.14 03:11:16.121,1.48032,1.48042,9.00,13.30
2008.01.14 03:11:16.311,1.48028,1.48043,7.20,8.40
2008.01.14 03:11:16.535,1.48029,1.48039,7.80,11.70
2008.01.14 03:11:16.647,1.48025,1.48045,1.00,5.80
2008.01.14 03:11:19.251,1.48021,1.48046,6.60,9.00
2008.01.14 03:11:19.588,1.48026,1.48036,6.00,16.20
2008.01.14 03:11:19.924,1.48018,1.48033,17.40,15.00
2008.01.14 03:11:20.259,1.48011,1.48027,1.00,6.00
2008.01.14 03:11:20.619,1.48007,1.48022,3.60,14.60
2008.01.14 03:11:20.799,1.48002,1.48016,21.10,13.20
2008.01.14 03:11:21.236,1.47996,1.48016,3.60,3.00
2008.01.14 03:11:30.609,1.48002,1.48022,4.80,12.60
2008.01.14 03:11:30.712,1.48014,1.48019,1.20,7.20
2008.01.14 03:11:30.812,1.48019,1.48023,4.80,15.70
2008.01.14 03:11:30.911,1.48016,1.48036,1.00,2.40
2008.01.14 03:11:31.011,1.48018,1.48042,11.40,2.40
2008.01.14 03:11:31.147,1.48029,1.48033,3.00,4.80
2008.01.14 03:11:31.288,1.48022,1.48042,9.90,6.00
2008.01.14 03:11:31.428,1.48022,1.48042,10.20,6.00
2008.01.14 03:11:31.707,1.48015,1.4805,11.40,1.00
2008.01.14 03:11:31.847,1.48021,1.48046,6.00,6.00
2008.01.14 03:11:31.987,1.48021,1.48046,2.40,8.40
2008.01.14 03:11:32.287,1.48023,1.48048,7.60,6.00
2008.01.14 03:11:33.807,1.48021,1.48046,2.40,4.80
2008.01.14 03:11:34.003,1.4802,1.48045,4.80,23.50
2008.01.14 03:11:34.100,1.48019,1.48044,7.20,1.20
2008.01.14 03:11:34.635,1.48017,1.48042,9.00,9.00
2008.01.14 03:11:43.065,1.48017,1.48042,4.80,11.40
2008.01.14 03:11:43.825,1.48019,1.48044,6.00,3.60
2008.01.14 03:11:54.300,1.48023,1.48043,1.80,6.00
2008.01.14 03:11:54.631,1.48025,1.48045,7.20,4.20
2008.01.14 03:11:55.287,1.48028,1.48048,1.80,4.80
2008.01.14 03:12:01.174,1.48015,1.48039,14.60,5.40
2008.01.14 03:12:04.730,1.48009,1.48035,1.80,4.80
2008.01.14 03:12:09.362,1.48006,1.48026,2.40,3.40
2008.01.14 03:12:09.738,1.47997,1.48023,2.40,4.80
2008.01.14 03:12:10.464,1.48002,1.48022,2.40,1.20
2008.01.14 03:12:14.850,1.4801,1.48036,2.40,8.50
2008.01.14 03:12:15.001,1.48023,1.48048,2.40,1.20
2008.01.14 03:12:15.198,1.4803,1.48054,2.40,2.40
2008.01.14 03:12:15.591,1.48029,1.48055,4.80,3.40
2008.01.14 03:12:18.585,1.48029,1.48049,13.20,1.00
2008.01.14 03:12:18.656,1.48023,1.48043,9.60,4.20
2008.01.14 03:12:19.890,1.48016,1.48041,6.00,28.20
2008.01.14 03:12:20.141,1.48013,1.48037,8.40,5.40
2008.01.14 03:12:20.387,1.48008,1.48034,19.20,1.20
2008.01.14 03:12:31.228,1.48013,1.48028,13.40,4.80
2008.01.14 03:12:50.624,1.4801,1.4803,5.40,2.70
2008.01.14 03:13:04.686,1.48021,1.48041,5.40,7.20
2008.01.14 03:13:05.382,1.48023,1.48043,3.70,3.00
2008.01.14 03:13:05.620,1.48028,1.48048,2.40,10.20
2008.01.14 03:13:05.655,1.48034,1.48054,5.40,4.80
2008.01.14 03:13:08.034,1.48039,1.48063,3.00,6.10
2008.01.14 03:13:16.958,1.48039,1.48064,2.40,16.20
2008.01.14 03:13:18.956,1.48036,1.48056,3.60,9.00
2008.01.14 03:13:21.661,1.48029,1.48049,3.00,9.50
2008.01.14 03:13:21.784,1.48022,1.48042,6.00,1.00
2008.01.14 03:13:21.906,1.48015,1.48039,4.80,6.00
2008.01.14 03:13:22.145,1.48009,1.48033,4.80,5.10
2008.01.14 03:13:23.221,1.48009,1.48025,7.20,5.40
2008.01.14 03:13:27.958,1.48002,1.48022,9.60,4.20
2008.01.14 03:13:30.487,1.47991,1.48017,4.80,10.20
2008.01.14 03:13:30.741,1.47993,1.48003,6.00,13.30
2008.01.14 03:13:32.066,1.47983,1.48009,1.80,10.80
2008.01.14 03:13:32.363,1.47986,1.48011,4.80,9.90
2008.01.14 03:13:42.110,1.47993,1.48013,7.20,4.20
2008.01.14 03:13:42.187,1.47995,1.48015,4.80,6.00
2008.01.14 03:13:42.296,1.47997,1.48017,1.00,7.80
2008.01.14 03:13:42.620,1.47999,1.48019,9.70,7.80
2008.01.14 03:13:42.727,1.48,1.48026,2.40,3.30
2008.01.14 03:13:47.065,1.48004,1.48028,6.60,8.50
2008.01.14 03:13:47.261,1.48011,1.48021,7.20,1.00
2008.01.14 03:13:53.148,1.48001,1.48027,5.40,7.30
2008.01.14 03:13:58.015,1.48003,1.48023,27.90,6.00
2008.01.14 03:14:11.059,1.47992,1.48012,12.60,5.40
2008.01.14 03:14:12.230,1.47996,1.48016,6.00,6.60
2008.01.14 03:14:12.289,1.48004,1.48014,4.80,16.20
2008.01.14 03:14:12.605,1.48009,1.48019,4.80,3.00
2008.01.14 03:14:12.706,1.48015,1.48025,7.80,1.00
2008.01.14 03:14:25.084,1.48015,1.48025,10.80,2.40
2008.01.14 03:14:25.454,1.48008,1.48018,6.00,9.40
2008.01.14 03:14:27.153,1.48001,1.48011,2.40,12.10
2008.01.14 03:14:27.256,1.47997,1.48007,7.20,26.80
2008.01.14 03:14:27.365,1.47991,1.48006,4.80,11.50
2008.01.14 03:14:27.479,1.47987,1.48007,2.40,25.60
2008.01.14 03:14:31.626,1.47984,1.48004,10.20,3.00
2008.01.14 03:14:31.808,1.47987,1.47997,18.60,7.00
2008.01.14 03:14:33.258,1.47985,1.47995,4.80,12.60
2008.01.14 03:14:33.389,1.47975,1.47995,10.20,1.80
2008.01.14 03:14:34.949,1.47976,1.47996,5.40,2.40
2008.01.14 03:14:35.147,1.47986,1.47996,6.00,9.40
2008.01.14 03:14:35.345,1.47989,1.48005,10.20,4.80
2008.01.14 03:14:35.858,1.47991,1.48011,4.00,7.20
2008.01.14 03:14:36.114,1.47996,1.48016,6.00,13.90
2008.01.14 03:14:37.708,1.48001,1.48021,3.60,2.40
2008.01.14 03:14:37.918,1.48007,1.48022,7.80,1.20
2008.01.14 03:14:38.020,1.48013,1.48023,6.00,3.00
2008.01.14 03:15:08.148,1.48011,1.48021,1.80,6.00
2008.01.14 03:15:08.407,1.48005,1.48015,1.00,6.00
2008.01.14 03:15:08.661,1.47997,1.48017,7.80,2.40
2008.01.14 03:15:13.190,1.47998,1.48013,7.20,9.30
2008.01.14 03:15:13.822,1.47999,1.48009,4.80,10.80
2008.01.14 03:15:15.473,1.47995,1.48011,7.20,4.80
2008.01.14 03:15:16.479,1.47992,1.48012,8.40,6.00
2008.01.14 03:15:16.697,1.47996,1.48006,13.20,15.60
2008.01.14 03:15:19.335,1.4799,1.48,9.00,20.50
2008.01.14 03:15:20.903,1.47984,1.47994,21.40,2.40
2008.01.14 03:15:21.163,1.47972,1.47992,8.50,3.00
2008.01.14 03:15:21.400,1.4797,1.4799,4.80,3.00
2008.01.14 03:15:22.747,1.47978,1.47998,19.20,10.20
2008.01.14 03:15:24.723,1.47987,1.48007,20.40,6.10
2008.01.14 03:15:25.076,1.47998,1.48013,2.40,15.40
2008.01.14 03:15:25.383,1.47999,1.48019,1.80,2.40
2008.01.14 03:15:25.555,1.48006,1.48022,10.80,6.00
2008.01.14 03:15:25.631,1.48005,1.48025,9.00,1.20
2008.01.14 03:15:25.779,1.48007,1.48027,7.20,9.60
2008.01.14 03:15:25.855,1.48016,1.48026,5.40,4.80
2008.01.14 03:15:31.859,1.48021,1.48031,7.20,6.10
2008.01.14 03:15:32.248,1.48022,1.48042,9.60,8.40
2008.01.14 03:15:34.918,1.48031,1.48035,6.00,13.30
2008.01.14 03:15:38.926,1.48017,1.48037,18.30,15.60
2008.01.14 03:15:39.051,1.48011,1.48031,4.80,4.80
2008.01.14 03:15:45.291,1.48005,1.48029,3.10,6.30
2008.01.14 03:15:45.784,1.48003,1.48023,5.40,4.80
2008.01.14 03:15:47.494,1.47999,1.48019,3.60,1.00
2008.01.14 03:15:48.498,1.48001,1.48011,2.40,2.40
2008.01.14 03:15:49.247,1.47993,1.48013,10.20,9.60
2008.01.14 03:15:49.679,1.47997,1.48007,10.50,1.80
2008.01.14 03:15:52.704,1.47995,1.48005,8.40,4.20
2008.01.14 03:15:56.165,1.4799,1.4801,15.00,4.80
2008.01.14 03:15:57.831,1.47995,1.48005,2.40,13.00
2008.01.14 03:15:59.819,1.47996,1.48006,3.00,2.40
2008.01.14 03:15:59.984,1.47998,1.48002,8.40,9.60
2008.01.14 03:16:01.863,1.48006,1.4803,2.40,2.40
2008.01.14 03:16:02.543,1.48007,1.48027,2.40,2.40
2008.01.14 03:16:02.867,1.48004,1.48024,2.40,2.40
2008.01.14 03:16:03.191,1.48003,1.48023,2.40,4.80
2008.01.14 03:16:04.823,1.48,1.4802,6.60,4.80
2008.01.14 03:16:05.099,1.47994,1.48019,8.40,8.50
2008.01.14 03:16:05.504,1.47993,1.48018,11.40,1.80
2008.01.14 03:16:14.103,1.47994,1.48014,5.40,4.80
2008.01.14 03:16:14.182,1.47995,1.48015,4.80,1.20
2008.01.14 03:16:18.637,1.47996,1.48016,7.80,4.80
2008.01.14 03:16:23.836,1.47997,1.48012,16.50,2.40
2008.01.14 03:16:24.657,1.47993,1.48013,12.60,2.40
2008.01.14 03:16:28.647,1.47994,1.48014,3.60,4.80
2008.01.14 03:16:28.812,1.47995,1.48015,10.20,12.00
2008.01.14 03:16:28.895,1.47997,1.48017,6.60,2.40
2008.01.14 03:16:33.572,1.47996,1.48016,6.60,4.20
2008.01.14 03:16:33.752,1.48,1.4801,6.00,8.60
2008.01.14 03:16:38.029,1.48,1.4801,9.10,4.80
2008.01.14 03:16:38.111,1.48001,1.48011,7.20,1.80
2008.01.14 03:16:39.333,1.48006,1.48016,9.00,7.20
2008.01.14 03:16:39.671,1.48011,1.48027,5.40,5.40
2008.01.14 03:16:40.012,1.48012,1.48032,6.60,2.40
2008.01.14 03:16:43.370,1.4801,1.48024,4.80,3.60
2008.01.14 03:16:43.519,1.48004,1.48014,10.80,2.40
2008.01.14 03:16:44.030,1.47997,1.48007,5.40,7.30
2008.01.14 03:16:44.179,1.4799,1.48,9.00,3.00
2008.01.14 03:16:44.254,1.47986,1.47996,6.00,3.00
2008.01.14 03:16:44.595,1.47982,1.47997,2.40,8.50
2008.01.14 03:16:44.939,1.47978,1.47998,1.00,7.90
2008.01.14 03:16:45.275,1.4798,1.48,6.60,2.40
2008.01.14 03:16:45.430,1.47983,1.48003,6.60,4.80
2008.01.14 03:16:45.494,1.47985,1.48005,7.20,5.70
2008.01.14 03:16:45.738,1.47986,1.48012,2.40,8.30
2008.01.14 03:16:45.894,1.47987,1.48011,4.80,2.40
2008.01.14 03:16:46.367,1.4799,1.4801,5.40,6.40
2008.01.14 03:16:46.454,1.47988,1.48008,2.40,8.50
2008.01.14 03:16:46.543,1.47987,1.48007,8.40,7.20
2008.01.14 03:16:46.800,1.47983,1.48008,3.60,11.80
2008.01.14 03:16:47.115,1.47984,1.48004,9.00,1.80
2008.01.14 03:16:47.289,1.47979,1.48004,7.20,7.00
2008.01.14 03:16:47.379,1.47985,1.47995,8.40,9.30
2008.01.14 03:16:47.628,1.47984,1.47994,20.40,5.40
2008.01.14 03:16:47.876,1.4798,1.47995,20.50,9.00
2008.01.14 03:16:48.069,1.47979,1.47999,6.00,9.00
2008.01.14 03:16:48.123,1.47979,1.47999,2.40,6.60
2008.01.14 03:16:48.374,1.47983,1.47998,3.00,11.20
2008.01.14 03:16:48.517,1.47986,1.48001,3.30,4.80
2008.01.14 03:16:48.611,1.47984,1.48009,7.80,6.00
2008.01.14 03:16:48.851,1.47987,1.48007,1.20,5.50
2008.01.14 03:16:49.091,1.47986,1.48011,4.80,9.00
2008.01.14 03:16:49.330,1.47984,1.4801,2.40,6.00
2008.01.14 03:16:50.115,1.47987,1.48007,6.00,2.40
2008.01.14 03:16:50.390,1.47987,1.48012,20.00,2.40
2008.01.14 03:16:50.843,1.47993,1.48008,5.40,7.80
2008.01.14 03:16:51.058,1.47989,1.48015,7.20,4.80
2008.01.14 03:16:51.170,1.47993,1.48013,3.00,9.00
2008.01.14 03:16:51.258,1.4799,1.48014,5.40,15.40
2008.01.14 03:16:51.682,1.47993,1.48008,17.40,1.00
2008.01.14 03:16:51.911,1.47989,1.48004,4.80,10.20
2008.01.14 03:16:52.139,1.47982,1.48002,7.80,8.40
2008.01.14 03:16:52.366,1.47974,1.47999,8.40,4.80
2008.01.14 03:16:52.594,1.47972,1.47998,3.00,5.10
2008.01.14 03:16:52.822,1.47976,1.48,2.40,4.80
2008.01.14 03:16:54.798,1.47979,1.48005,4.80,7.20
2008.01.14 03:16:54.963,1.47989,1.48005,4.20,6.10
2008.01.14 03:16:55.072,1.47994,1.4801,8.80,2.40
2008.01.14 03:16:55.179,1.47996,1.48016,8.40,3.60
2008.01.14 03:16:55.302,1.48003,1.48017,2.40,22.90
2008.01.14 03:16:55.512,1.48003,1.48019,4.80,8.50
2008.01.14 03:16:55.620,1.48006,1.48016,4.80,1.00
2008.01.14 03:16:55.726,1.48004,1.48014,4.80,28.00
2008.01.14 03:16:55.835,1.47996,1.48016,2.40,12.70
2008.01.14 03:16:56.087,1.47998,1.48013,2.40,8.40
2008.01.14 03:16:56.235,1.47998,1.48013,4.20,15.30
2008.01.14 03:16:56.383,1.48002,1.48012,10.20,1.20
2008.01.14 03:16:56.464,1.47999,1.48019,3.60,12.10
2008.01.14 03:16:56.674,1.48003,1.48018,2.40,20.80
2008.01.14 03:16:56.823,1.47998,1.48018,4.80,10.20
2008.01.14 03:16:56.971,1.47996,1.48016,9.70,2.40
2008.01.14 03:16:57.311,1.47992,1.48017,2.40,9.60
2008.01.14 03:16:57.651,1.4799,1.48015,7.20,4.80
2008.01.14 03:16:57.991,1.4799,1.48015,8.40,3.60
2008.01.14 03:16:58.179,1.4799,1.4801,2.40,6.00
2008.01.14 03:16:58.367,1.47989,1.48009,3.00,5.40
2008.01.14 03:16:58.555,1.47988,1.48003,31.20,4.80
2008.01.14 03:16:58.743,1.4798,1.48006,3.60,3.00
2008.01.14 03:17:03.708,1.47988,1.47998,7.20,3.00
2008.01.14 03:17:03.952,1.47992,1.48002,4.80,4.80
2008.01.14 03:17:12.608,1.47994,1.48008,2.40,4.50
2008.01.14 03:17:12.777,1.47996,1.48011,20.60,2.40
2008.01.14 03:17:12.944,1.47996,1.48011,15.60,9.60
2008.01.14 03:17:13.112,1.47988,1.48008,20.20,2.40
2008.01.14 03:17:15.412,1.47981,1.48001,2.40,1.00
2008.01.14 03:17:15.606,1.4798,1.48,7.20,5.40
2008.01.14 03:17:15.668,1.47987,1.48002,4.80,12.10
2008.01.14 03:17:15.929,1.47994,1.48004,35.80,3.00
2008.01.14 03:17:16.446,1.48,1.48005,22.80,4.80
2008.01.14 03:17:16.706,1.47997,1.48007,5.40,11.40
2008.01.14 03:17:17.858,1.47991,1.48011,5.40,5.40
2008.01.14 03:17:27.542,1.47996,1.4801,9.00,4.80
2008.01.14 03:17:33.532,1.47999,1.48019,2.40,5.40
2008.01.14 03:17:33.879,1.4801,1.48024,2.40,6.00
2008.01.14 03:17:37.752,1.48015,1.48031,7.20,8.80
2008.01.14 03:17:40.927,1.48011,1.48031,2.40,1.00
2008.01.14 03:17:41.777,1.48007,1.48027,2.40,1.00
2008.01.14 03:17:49.638,1.48009,1.48019,8.40,9.40
2008.01.14 03:17:53.312,1.48002,1.48022,21.60,4.80
2008.01.14 03:17:53.776,1.48001,1.48021,7.20,1.00
2008.01.14 03:18:08.157,1.47997,1.48007,2.40,10.60
2008.01.14 03:18:08.333,1.48001,1.48011,3.00,6.00
2008.01.14 03:18:08.507,1.47997,1.48017,4.80,5.60
2008.01.14 03:18:08.683,1.48003,1.48013,1.50,8.60
2008.01.14 03:18:08.859,1.48006,1.48016,2.40,13.20
2008.01.14 03:18:09.035,1.48006,1.48026,10.20,3.00
2008.01.14 03:18:12.001,1.48014,1.4803,30.00,4.80
2008.01.14 03:18:12.063,1.48017,1.48033,5.40,2.10
2008.01.14 03:18:12.202,1.48016,1.48032,7.20,1.00
2008.01.14 03:18:12.459,1.48015,1.48025,4.20,6.10
2008.01.14 03:18:12.715,1.4801,1.4802,22.20,3.00
2008.01.14 03:18:35.803,1.48006,1.48016,19.90,7.20
2008.01.14 03:18:35.993,1.48001,1.48011,10.20,10.20
2008.01.14 03:18:36.283,1.47989,1.48009,8.40,17.80
2008.01.14 03:18:49.711,1.47985,1.48005,9.00,26.40
2008.01.14 03:19:06.595,1.4799,1.4801,23.40,17.50
2008.01.14 03:19:07.027,1.47991,1.48011,2.40,11.40
2008.01.14 03:19:07.198,1.47996,1.48006,8.40,4.80
2008.01.14 03:19:07.420,1.47994,1.48004,8.40,8.50
2008.01.14 03:19:21.468,1.47995,1.48005,21.60,4.80
2008.01.14 03:19:25.206,1.47997,1.48007,26.40,3.60
2008.01.14 03:19:25.472,1.47999,1.48009,5.40,8.40
2008.01.14 03:19:25.672,1.47998,1.48018,8.40,11.20
2008.01.14 03:19:26.460,1.48007,1.48027,4.80,8.20
2008.01.14 03:19:26.660,1.48021,1.48031,7.80,10.20
2008.01.14 03:19:26.786,1.48025,1.48035,1.00,3.00
2008.01.14 03:19:27.028,1.48022,1.48032,12.00,2.40
2008.01.14 03:19:33.611,1.48015,1.48025,20.40,2.40
2008.01.14 03:19:33.832,1.48012,1.48018,14.40,17.40
2008.01.14 03:19:35.593,1.48006,1.48016,1.00,4.80
2008.01.14 03:19:35.930,1.48002,1.48012,2.40,15.30
2008.01.14 03:19:36.266,1.47995,1.48015,1.00,9.60
2008.01.14 03:19:36.600,1.47996,1.48016,3.00,4.80
2008.01.14 03:19:36.709,1.47998,1.48018,3.60,4.20
2008.01.14 03:19:37.249,1.48,1.4802,4.80,9.60
2008.01.14 03:19:37.358,1.47998,1.48024,8.40,1.00
2008.01.14 03:19:37.432,1.48,1.4802,4.20,4.00
2008.01.14 03:19:37.509,1.47998,1.48018,11.40,15.10
2008.01.14 03:19:37.584,1.47996,1.48016,4.80,2.40
2008.01.14 03:19:37.833,1.47995,1.48015,19.80,4.80
2008.01.14 03:19:38.328,1.47995,1.48015,7.20,14.20
2008.01.14 03:19:43.972,1.47996,1.48016,3.00,1.20
2008.01.14 03:19:44.892,1.47998,1.48014,18.00,3.00
2008.01.14 03:19:44.980,1.47996,1.4801,47.10,2.40
2008.01.14 03:19:45.307,1.47987,1.48007,3.40,13.20
2008.01.14 03:19:45.532,1.47979,1.47999,6.60,3.90
2008.01.14 03:19:45.756,1.47978,1.47998,33.00,2.40
2008.01.14 03:19:45.981,1.47982,1.48002,2.40,11.40
2008.01.14 03:19:46.204,1.47987,1.48007,9.10,4.80
2008.01.14 03:19:46.761,1.47988,1.48008,2.40,6.00
2008.01.14 03:19:47.317,1.47992,1.48007,6.00,8.40
2008.01.14 03:19:47.610,1.47993,1.48008,6.00,59.60
2008.01.14 03:19:47.638,1.47997,1.48007,3.60,11.80
2008.01.14 03:19:47.825,1.48,1.4801,8.40,4.80
2008.01.14 03:19:47.937,1.47996,1.48016,12.00,13.90
2008.01.14 03:19:48.096,1.48002,1.48017,6.00,6.00
2008.01.14 03:19:48.168,1.48005,1.48025,17.40,2.40
2008.01.14 03:19:48.360,1.48011,1.48031,4.80,12.60
2008.01.14 03:19:51.131,1.48015,1.48035,7.20,4.40
2008.01.14 03:20:12.309,1.48014,1.48024,2.40,33.40
2008.01.14 03:20:12.552,1.48012,1.48022,1.00,7.80
2008.01.14 03:20:12.584,1.48006,1.48026,3.00,3.00
2008.01.14 03:20:12.639,1.48008,1.48023,3.60,2.40
2008.01.14 03:20:12.682,1.48009,1.48024,6.00,1.00
2008.01.14 03:20:12.740,1.4801,1.48025,5.40,16.80
2008.01.14 03:20:12.856,1.4801,1.4802,6.00,22.00
2008.01.14 03:20:12.908,1.48009,1.48019,8.40,1.20
2008.01.14 03:20:13.074,1.48007,1.48017,18.00,6.00
2008.01.14 03:20:14.114,1.48005,1.4801,6.60,4.80
2008.01.14 03:20:14.918,1.48,1.48005,6.60,4.80
2008.01.14 03:20:15.314,1.47996,1.48,5.40,2.40
2008.01.14 03:20:15.710,1.47995,1.48001,7.20,1.20
2008.01.14 03:20:15.898,1.48002,1.48006,4.80,4.80
2008.01.14 03:20:16.270,1.48001,1.48021,3.00,4.80
2008.01.14 03:20:16.458,1.48007,1.48023,3.60,1.00
2008.01.14 03:20:16.646,1.48011,1.48026,15.00,9.00
2008.01.14 03:20:16.886,1.48011,1.48031,1.00,11.70
2008.01.14 03:20:17.126,1.48015,1.48029,6.00,2.40
2008.01.14 03:20:17.378,1.48013,1.48033,3.00,15.30
2008.01.14 03:20:17.618,1.48014,1.48034,9.00,4.80
2008.01.14 03:20:17.858,1.4802,1.4803,4.80,7.80
2008.01.14 03:20:18.098,1.48021,1.48031,10.50,1.80
2008.01.14 03:20:18.302,1.48021,1.48031,8.40,5.40
2008.01.14 03:20:18.506,1.48023,1.48028,2.40,8.40
2008.01.14 03:20:18.710,1.48019,1.48029,1.20,2.40
2008.01.14 03:20:18.914,1.48015,1.4803,3.00,7.20
2008.01.14 03:20:19.074,1.48016,1.48031,8.00,1.00
2008.01.14 03:20:19.234,1.48015,1.48035,5.40,1.20
2008.01.14 03:20:19.394,1.48017,1.48037,2.40,19.30
2008.01.14 03:20:19.554,1.48019,1.48039,6.00,6.00
2008.01.14 03:20:19.714,1.48024,1.4804,2.40,3.00
2008.01.14 03:20:19.874,1.48027,1.48037,28.20,8.40
2008.01.14 03:20:20.370,1.48023,1.48043,2.40,6.00
2008.01.14 03:20:20.711,1.48024,1.48044,8.40,4.80
2008.01.14 03:20:21.050,1.48022,1.48042,3.00,17.10
2008.01.14 03:20:21.230,1.48024,1.48039,1.20,4.80
2008.01.14 03:20:21.410,1.48023,1.48037,3.00,1.00
2008.01.14 03:20:21.600,1.48027,1.48037,3.00,7.20
2008.01.14 03:20:21.956,1.48031,1.48041,4.80,7.20
2008.01.14 03:20:23.494,1.48036,1.48046,2.40,9.30
2008.01.14 03:20:23.642,1.48037,1.48051,8.40,5.40
2008.01.14 03:20:23.911,1.48028,1.48048,18.20,5.50
2008.01.14 03:20:24.046,1.48023,1.48043,9.60,6.00
2008.01.14 03:20:29.059,1.48026,1.48036,6.00,13.30
2008.01.14 03:20:29.266,1.48024,1.48034,2.40,6.00
2008.01.14 03:20:29.850,1.48023,1.48033,7.80,7.20
2008.01.14 03:20:30.160,1.48023,1.48033,9.00,2.40
2008.01.14 03:20:30.520,1.48018,1.48034,6.00,2.40
2008.01.14 03:20:31.135,1.4802,1.4803,1.20,7.20
2008.01.14 03:20:31.393,1.48018,1.48028,2.40,6.00
2008.01.14 03:20:34.843,1.48015,1.48025,18.30,11.50
2008.01.14 03:20:34.990,1.48014,1.48024,7.20,4.80
2008.01.14 03:20:35.138,1.48012,1.48022,4.80,6.10
2008.01.14 03:20:35.285,1.48012,1.48022,11.40,9.70
2008.01.14 03:20:37.427,1.48008,1.48028,9.60,25.80
2008.01.14 03:20:52.200,1.48014,1.48024,2.40,21.40
2008.01.14 03:20:56.355,1.48015,1.48025,5.40,16.90
2008.01.14 03:21:00.937,1.4803,1.4804,7.20,13.20
2008.01.14 03:21:01.066,1.48025,1.48035,2.40,1.00
2008.01.14 03:21:01.159,1.48017,1.48032,6.00,15.40
2008.01.14 03:21:01.232,1.48011,1.48031,3.60,7.20
2008.01.14 03:21:01.481,1.48016,1.48031,6.00,6.60
2008.01.14 03:21:01.551,1.48022,1.48032,3.00,9.00
2008.01.14 03:21:01.590,1.48028,1.48038,19.80,6.10
2008.01.14 03:21:01.751,1.48027,1.48052,6.60,2.40
2008.01.14 03:21:01.909,1.48029,1.48055,9.00,15.10
2008.01.14 03:21:09.010,1.48026,1.48052,2.40,1.00
2008.01.14 03:21:09.225,1.4802,1.48046,1.80,9.00
2008.01.14 03:21:13.044,1.48015,1.48035,3.00,21.60
2008.01.14 03:21:13.119,1.48011,1.48026,1.00,5.60
2008.01.14 03:21:13.195,1.48008,1.48028,7.80,6.00
2008.01.14 03:21:13.273,1.48013,1.48033,7.20,7.80
2008.01.14 03:21:13.349,1.48024,1.48034,6.00,2.40
2008.01.14 03:21:13.496,1.48028,1.48038,2.40,10.20
2008.01.14 03:21:22.381,1.48035,1.48039,19.80,7.20
2008.01.14 03:21:22.597,1.48036,1.48042,7.80,6.30
2008.01.14 03:21:23.503,1.48037,1.48041,3.60,4.20
2008.01.14 03:21:23.898,1.48035,1.48045,8.40,6.00
2008.01.14 03:21:24.158,1.48027,1.48052,7.80,1.00
2008.01.14 03:21:24.403,1.48024,1.48054,2.40,1.00
2008.01.14 03:21:46.543,1.48029,1.48049,3.60,14.80
2008.01.14 03:21:46.748,1.48028,1.48052,6.60,4.80
2008.01.14 03:22:15.143,1.48057,1.48067,1.00,7.80
2008.01.14 03:22:16.390,1.4805,1.48055,10.80,2.40
2008.01.14 03:22:18.762,1.48042,1.48047,42.00,11.40
2008.01.14 03:22:27.627,1.48034,1.48044,1.20,7.20
2008.01.14 03:22:33.546,1.48027,1.48047,3.00,4.80
2008.01.14 03:22:33.727,1.48025,1.48045,8.50,9.00
2008.01.14 03:22:33.802,1.48027,1.48047,8.40,4.80
2008.01.14 03:22:33.878,1.48026,1.48051,2.40,3.30
2008.01.14 03:22:34.601,1.48024,1.48049,1.20,2.40
2008.01.14 03:22:36.813,1.48028,1.48043,2.40,5.70
2008.01.14 03:22:37.150,1.48024,1.48044,7.20,5.40
2008.01.14 03:22:37.378,1.48023,1.48043,9.00,4.80
2008.01.14 03:22:37.479,1.48021,1.48046,1.20,1.50
2008.01.14 03:22:37.539,1.48022,1.48047,6.00,6.80
2008.01.14 03:22:37.598,1.48025,1.48045,9.00,1.00
2008.01.14 03:22:37.658,1.48027,1.48047,9.60,6.60
2008.01.14 03:22:37.718,1.48027,1.48047,12.60,4.20
2008.01.14 03:22:37.778,1.48024,1.48048,21.00,1.00
2008.01.14 03:22:38.119,1.48032,1.48036,4.20,11.10
2008.01.14 03:22:38.221,1.4802,1.48046,22.90,3.90
2008.01.14 03:22:38.514,1.48019,1.48044,6.60,6.00
2008.01.14 03:22:38.826,1.4802,1.48044,24.00,9.00
2008.01.14 03:22:39.322,1.4802,1.48046,7.80,8.40
2008.01.14 03:22:39.532,1.48024,1.48048,3.00,3.60
2008.01.14 03:22:39.944,1.48024,1.4805,7.20,9.00
2008.01.14 03:22:40.494,1.48027,1.48047,1.80,2.40
2008.01.14 03:22:40.671,1.48028,1.48048,4.80,4.80
2008.01.14 03:22:40.847,1.48027,1.48047,6.00,4.80
2008.01.14 03:22:41.022,1.48026,1.48046,3.00,6.90
2008.01.14 03:22:41.230,1.48024,1.48048,2.40,13.40
2008.01.14 03:22:41.848,1.48026,1.48046,7.80,3.60
2008.01.14 03:22:42.066,1.48025,1.48045,4.80,11.40
2008.01.14 03:22:42.534,1.48022,1.48042,7.80,7.20
2008.01.14 03:22:42.694,1.48016,1.48031,4.80,14.40
2008.01.14 03:22:43.012,1.48003,1.48028,7.20,7.20
2008.01.14 03:22:43.210,1.47999,1.48023,1.00,2.70
2008.01.14 03:22:43.410,1.48006,1.48026,11.40,1.00
2008.01.14 03:22:43.610,1.4801,1.4803,2.40,11.40
2008.01.14 03:22:46.055,1.48015,1.4803,10.20,8.80
2008.01.14 03:22:46.266,1.48012,1.48036,10.20,4.80
2008.01.14 03:22:46.374,1.48015,1.48035,16.80,1.80
2008.01.14 03:22:46.514,1.48013,1.48038,4.80,6.60
2008.01.14 03:22:46.654,1.48017,1.48037,4.80,29.50
2008.01.14 03:22:46.794,1.4802,1.48034,1.80,6.40
2008.01.14 03:22:47.070,1.48016,1.48036,4.80,7.20
2008.01.14 03:22:47.646,1.48011,1.48037,4.80,6.50
2008.01.14 03:22:47.871,1.48012,1.48038,21.00,12.60
2008.01.14 03:22:48.095,1.48014,1.48038,12.60,7.20
2008.01.14 03:22:48.319,1.48016,1.4804,1.20,10.80
2008.01.14 03:22:48.360,1.48022,1.48042,2.40,17.50
2008.01.14 03:22:48.549,1.48021,1.48045,6.60,6.00
2008.01.14 03:22:48.587,1.48021,1.48046,4.80,1.20
2008.01.14 03:22:48.675,1.48021,1.48047,5.40,2.40
2008.01.14 03:22:48.794,1.48022,1.48047,7.80,8.40
2008.01.14 03:22:48.872,1.48025,1.48045,3.00,4.80
2008.01.14 03:22:48.910,1.48024,1.48049,6.00,13.80
2008.01.14 03:22:49.266,1.48026,1.48051,3.00,4.80
2008.01.14 03:22:50.079,1.48026,1.48051,3.60,9.00
2008.01.14 03:22:57.718,1.4803,1.4805,7.20,2.10
2008.01.14 03:22:57.818,1.48027,1.48047,31.20,12.60
2008.01.14 03:22:58.007,1.48026,1.48046,4.80,7.20
2008.01.14 03:22:58.334,1.48024,1.48044,2.40,11.40
2008.01.14 03:22:58.856,1.48027,1.48037,15.00,4.20
2008.01.14 03:23:24.973,1.48018,1.48044,5.40,11.40
2008.01.14 03:23:25.648,1.48019,1.48044,4.80,4.00
2008.01.14 03:23:26.211,1.48022,1.48042,2.40,3.00
2008.01.14 03:23:26.255,1.48018,1.48043,6.40,7.80
2008.01.14 03:23:26.797,1.48015,1.4804,1.60,11.50
2008.01.14 03:23:27.120,1.48013,1.48038,7.80,1.00
2008.01.14 03:23:29.171,1.4802,1.4803,5.40,12.00
2008.01.14 03:23:29.412,1.48014,1.48039,15.00,3.00
2008.01.14 03:23:29.556,1.48008,1.48043,6.00,2.40
2008.01.14 03:23:29.831,1.48008,1.48043,1.00,15.20
2008.01.14 03:23:29.971,1.48011,1.48041,7.80,4.80
2008.01.14 03:23:30.111,1.48013,1.48043,13.90,7.80
2008.01.14 03:23:30.407,1.48014,1.48039,4.80,6.00
2008.01.14 03:23:30.559,1.48014,1.48034,22.80,9.00
2008.01.14 03:23:30.717,1.48011,1.48031,4.80,4.20
2008.01.14 03:23:30.873,1.4801,1.4803,2.40,2.70
2008.01.14 03:23:31.179,1.48005,1.48031,7.20,4.80
2008.01.14 03:23:31.579,1.48004,1.4803,1.20,3.00
2008.01.14 03:23:31.829,1.48006,1.48031,13.20,8.40
2008.01.14 03:23:32.329,1.48007,1.48031,4.80,8.20
2008.01.14 03:23:32.447,1.48013,1.48023,4.80,3.60
2008.01.14 03:23:32.564,1.4801,1.4802,7.20,10.80
2008.01.14 03:23:32.603,1.48004,1.48024,6.00,1.20
2008.01.14 03:23:32.681,1.48004,1.48024,4.20,9.00
2008.01.14 03:23:32.720,1.48002,1.48026,2.40,4.80
2008.01.14 03:23:33.067,1.48007,1.48027,8.40,47.80
2008.01.14 03:23:37.154,1.48008,1.48028,1.00,1.00
2008.01.14 03:23:37.273,1.48011,1.48031,2.40,12.40
2008.01.14 03:23:37.376,1.4801,1.48035,2.40,6.00
2008.01.14 03:23:37.481,1.48013,1.48037,10.20,3.60
2008.01.14 03:23:37.585,1.48017,1.48037,11.40,7.80
2008.01.14 03:23:37.687,1.48016,1.48041,1.80,3.60
2008.01.14 03:23:37.891,1.48017,1.48041,3.00,7.20
2008.01.14 03:23:37.995,1.48017,1.48042,7.80,7.20
2008.01.14 03:23:38.352,1.48015,1.48041,1.20,3.60
2008.01.14 03:23:38.691,1.48014,1.48039,2.40,1.80
2008.01.14 03:23:39.032,1.48013,1.48037,4.20,2.40
2008.01.14 03:23:39.373,1.48019,1.48029,7.20,4.80
2008.01.14 03:23:39.880,1.48014,1.48038,8.40,7.20
2008.01.14 03:23:39.923,1.48018,1.48038,9.00,26.40
2008.01.14 03:23:40.102,1.48019,1.48039,42.00,14.40
2008.01.14 03:23:42.428,1.4802,1.48034,35.80,3.00
2008.01.14 03:23:42.755,1.48015,1.48035,1.00,5.50
2008.01.14 03:23:42.906,1.48017,1.48037,4.20,6.00
2008.01.14 03:23:43.694,1.48018,1.48042,2.40,6.00
2008.01.14 03:23:44.549,1.48026,1.4804,8.40,1.00
2008.01.14 03:23:44.777,1.48024,1.48044,2.40,3.30
2008.01.14 03:23:46.535,1.48027,1.48042,2.40,18.30
2008.01.14 03:23:46.595,1.48026,1.48041,4.80,3.60
2008.01.14 03:23:46.699,1.48019,1.48039,6.30,10.00
2008.01.14 03:23:46.755,1.48014,1.48034,4.80,3.40
2008.01.14 03:23:46.967,1.48012,1.48032,2.40,9.60
2008.01.14 03:23:50.648,1.48014,1.48029,10.20,4.20
2008.01.14 03:23:50.756,1.48015,1.48035,7.20,16.90
2008.01.14 03:23:51.099,1.48019,1.48039,24.30,3.30
2008.01.14 03:23:51.403,1.4802,1.4804,1.20,4.80
2008.01.14 03:23:51.461,1.48024,1.48039,1.00,8.80
2008.01.14 03:23:51.647,1.48022,1.48042,16.20,5.40
2008.01.14 03:23:51.849,1.48025,1.48045,2.40,2.40
2008.01.14 03:23:53.389,1.48024,1.4805,3.00,7.20
2008.01.14 03:24:08.564,1.48021,1.48035,6.00,4.20
2008.01.14 03:24:08.616,1.48017,1.48037,15.00,4.80
2008.01.14 03:24:09.580,1.48018,1.48033,20.40,6.00
2008.01.14 03:24:09.939,1.48014,1.48034,9.00,1.80
2008.01.14 03:24:10.279,1.48014,1.48034,1.00,2.40
2008.01.14 03:24:12.127,1.48021,1.48026,2.40,8.10
2008.01.14 03:24:12.263,1.4802,1.4803,2.40,6.10
2008.01.14 03:24:12.443,1.48021,1.48031,3.60,4.80
2008.01.14 03:24:12.625,1.48017,1.48032,7.20,6.60
2008.01.14 03:24:12.803,1.48016,1.48036,4.20,9.20
2008.01.14 03:24:12.983,1.48016,1.48036,4.80,4.00
2008.01.14 03:24:13.163,1.48014,1.48034,9.00,2.40
2008.01.14 03:24:13.357,1.48013,1.48033,4.80,6.10
2008.01.14 03:24:13.580,1.48011,1.48031,11.40,1.80
2008.01.14 03:24:15.314,1.48013,1.48023,4.80,9.40
2008.01.14 03:24:15.528,1.48011,1.48021,2.40,21.10
2008.01.14 03:24:15.745,1.48011,1.48021,18.60,2.40
2008.01.14 03:24:15.959,1.4801,1.4802,6.00,2.40
2008.01.14 03:24:16.175,1.48006,1.48021,6.00,6.60
2008.01.14 03:24:16.391,1.48005,1.4802,2.40,3.30
2008.01.14 03:24:16.607,1.48003,1.48023,2.40,4.20
2008.01.14 03:24:18.065,1.48007,1.48022,5.40,13.20
2008.01.14 03:24:18.330,1.4801,1.48025,6.60,3.00
2008.01.14 03:24:18.444,1.48012,1.48026,12.00,12.60
2008.01.14 03:24:18.571,1.48015,1.48025,2.50,13.80
2008.01.14 03:24:20.411,1.48017,1.48023,1.20,2.40
2008.01.14 03:24:20.576,1.48019,1.48023,7.80,9.60
2008.01.14 03:24:20.664,1.48017,1.48027,21.00,13.80
2008.01.14 03:24:20.748,1.48016,1.48026,7.80,5.40
2008.01.14 03:24:20.925,1.48012,1.48022,2.40,2.40
2008.01.14 03:24:21.007,1.47999,1.48023,14.40,12.90
2008.01.14 03:24:21.171,1.47989,1.48015,6.60,7.20
2008.01.14 03:24:21.256,1.47984,1.48014,3.00,9.00
2008.01.14 03:24:21.340,1.47986,1.48016,7.80,4.80
2008.01.14 03:24:21.774,1.47992,1.48017,3.00,7.20
2008.01.14 03:24:22.786,1.47994,1.48024,28.20,1.50
2008.01.14 03:24:24.100,1.47994,1.48024,8.40,1.00
2008.01.14 03:24:24.429,1.47996,1.48026,6.60,2.40
2008.01.14 03:24:24.525,1.47999,1.48025,1.00,11.10
2008.01.14 03:24:24.631,1.48003,1.48023,10.80,3.00
2008.01.14 03:24:24.787,1.48004,1.48019,1.20,2.40
2008.01.14 03:24:25.096,1.48,1.4802,10.80,17.80
2008.01.14 03:24:31.288,1.48,1.4802,21.00,1.80
2008.01.14 03:24:31.439,1.47996,1.48021,2.40,1.20
2008.01.14 03:24:34.223,1.48,1.48015,14.40,4.80
2008.01.14 03:24:34.327,1.48002,1.48017,3.00,12.60
2008.01.14 03:24:34.432,1.48003,1.48018,7.80,8.40
2008.01.14 03:24:34.550,1.48004,1.48019,3.00,4.00
2008.01.14 03:24:34.651,1.48007,1.48017,1.80,25.90
2008.01.14 03:24:34.755,1.48005,1.4802,3.00,2.80
2008.01.14 03:24:34.858,1.47999,1.48024,2.40,12.10
2008.01.14 03:24:34.959,1.48001,1.48021,1.20,6.00
2008.01.14 03:24:35.263,1.48004,1.48024,2.40,4.80
2008.01.14 03:24:35.605,1.48005,1.48025,12.60,2.40
2008.01.14 03:24:36.407,1.48009,1.48024,2.40,6.10
2008.01.14 03:24:36.475,1.48011,1.48026,7.20,9.00
2008.01.14 03:24:36.733,1.48013,1.48028,2.40,12.00
2008.01.14 03:24:38.890,1.48013,1.48033,10.80,9.00
2008.01.14 03:24:38.944,1.48018,1.48038,3.00,4.80
2008.01.14 03:24:39.055,1.48024,1.48044,16.50,2.40
2008.01.14 03:24:39.174,1.48031,1.48051,4.80,7.70
2008.01.14 03:24:39.364,1.48033,1.48053,9.00,26.50
2008.01.14 03:24:39.472,1.48027,1.48047,2.40,1.00
2008.01.14 03:24:39.580,1.48024,1.48039,2.40,5.40
2008.01.14 03:24:39.687,1.4802,1.48036,12.60,2.40
2008.01.14 03:24:39.899,1.48018,1.48028,7.20,4.80
2008.01.14 03:24:40.007,1.48014,1.48024,2.40,6.00
2008.01.14 03:24:40.115,1.48014,1.48024,2.40,3.30
2008.01.14 03:24:40.223,1.48015,1.48025,9.00,3.00
2008.01.14 03:24:40.331,1.48009,1.48033,1.00,3.00
2008.01.14 03:24:40.667,1.48012,1.48032,20.40,2.40
2008.01.14 03:24:41.006,1.48011,1.48031,4.80,17.50
2008.01.14 03:24:41.343,1.48007,1.48032,8.40,1.00
2008.01.14 03:24:43.842,1.48006,1.48026,8.40,17.50
2008.01.14 03:24:44.000,1.48001,1.48021,5.40,8.80
2008.01.14 03:24:44.052,1.48005,1.48015,6.00,4.70
2008.01.14 03:24:46.439,1.48005,1.48015,10.20,4.80
2008.01.14 03:24:46.696,1.48005,1.48019,2.40,2.40
2008.01.14 03:24:46.955,1.48002,1.48028,1.00,3.00
2008.01.14 03:24:47.968,1.4801,1.4803,6.60,2.40
2008.01.14 03:24:48.192,1.48012,1.48032,10.80,2.40
2008.01.14 03:24:48.412,1.48018,1.48028,3.00,5.10
2008.01.14 03:24:50.630,1.48019,1.48029,6.60,5.40
2008.01.14 03:24:50.703,1.4802,1.4803,7.20,14.20
2008.01.14 03:24:50.767,1.48019,1.48034,2.40,21.40
2008.01.14 03:24:50.831,1.48016,1.48036,4.80,5.40
2008.01.14 03:24:50.898,1.48013,1.48033,3.00,6.00
2008.01.14 03:24:54.102,1.48019,1.48024,2.40,2.40
2008.01.14 03:24:54.139,1.48016,1.48021,4.20,4.80
2008.01.14 03:24:54.271,1.48012,1.48017,21.00,4.80
2008.01.14 03:24:54.293,1.4801,1.48015,36.00,4.80
2008.01.14 03:24:54.450,1.48007,1.48017,8.40,5.40
2008.01.14 03:24:54.511,1.48005,1.48015,3.00,1.90
2008.01.14 03:24:54.599,1.48005,1.4802,2.40,12.40
2008.01.14 03:24:54.623,1.48006,1.48021,10.80,2.40
2008.01.14 03:24:54.775,1.48011,1.48026,2.40,6.60
2008.01.14 03:24:54.912,1.48013,1.48028,2.40,6.00
2008.01.14 03:24:56.914,1.48014,1.48029,3.60,9.00
2008.01.14 03:24:57.088,1.48013,1.48033,1.80,7.20
2008.01.14 03:24:57.127,1.48011,1.48031,8.40,1.80
2008.01.14 03:24:57.243,1.48013,1.48033,12.60,4.80
2008.01.14 03:24:57.362,1.48018,1.48028,27.60,4.80
2008.01.14 03:24:57.679,1.48017,1.48027,1.20,6.60
2008.01.14 03:24:57.998,1.48015,1.48025,8.40,1.20
2008.01.14 03:25:07.167,1.48021,1.48031,1.80,26.20
2008.01.14 03:25:07.293,1.48014,1.48029,16.50,3.00
2008.01.14 03:25:07.522,1.48005,1.48025,19.20,5.40
2008.01.14 03:25:09.106,1.48006,1.48016,7.20,4.20
2008.01.14 03:25:09.409,1.48,1.48015,7.20,4.80
2008.01.14 03:25:09.595,1.47996,1.48011,19.80,2.40
2008.01.14 03:25:09.780,1.47996,1.48011,42.00,1.00
2008.01.14 03:25:09.968,1.48,1.4801,10.80,7.50
2008.01.14 03:25:10.155,1.48001,1.48011,1.20,10.20
2008.01.14 03:25:10.855,1.48005,1.4801,24.60,4.20
2008.01.14 03:25:10.957,1.48006,1.48011,3.00,2.40
2008.01.14 03:25:11.151,1.48002,1.48018,10.20,2.40
2008.01.14 03:25:11.251,1.48,1.4802,3.00,10.80
2008.01.14 03:25:11.487,1.48001,1.48021,17.40,7.80
2008.01.14 03:25:11.727,1.48002,1.48022,6.00,6.00
2008.01.14 03:25:11.968,1.47999,1.48023,5.40,13.80
2008.01.14 03:25:12.208,1.47999,1.48015,2.40,6.70
2008.01.14 03:25:12.447,1.47991,1.48007,2.40,18.60
2008.01.14 03:25:12.851,1.47983,1.47999,3.00,4.80
2008.01.14 03:25:23.830,1.47985,1.47995,22.80,14.20
2008.01.14 03:25:23.891,1.47987,1.48003,10.20,3.00
2008.01.14 03:25:24.072,1.47993,1.48008,19.20,4.80
2008.01.14 03:25:26.062,1.48,1.4801,4.80,2.40
2008.01.14 03:25:26.202,1.47998,1.48013,2.40,4.80
2008.01.14 03:25:26.326,1.48,1.4801,5.40,6.00
2008.01.14 03:25:26.450,1.47999,1.48009,6.60,7.20
2008.01.14 03:25:26.822,1.48,1.4801,9.00,4.80
2008.01.14 03:25:29.566,1.48002,1.48012,4.20,4.20
2008.01.14 03:25:29.710,1.48006,1.48011,5.60,4.80
2008.01.14 03:25:29.904,1.48011,1.48016,1.20,4.50
2008.01.14 03:25:30.027,1.48012,1.48027,8.20,2.70
2008.01.14 03:25:32.370,1.48017,1.48033,2.40,5.40
2008.01.14 03:25:32.611,1.4802,1.4804,8.40,2.40
2008.01.14 03:25:32.735,1.48027,1.48037,2.40,28.40
2008.01.14 03:25:32.858,1.48021,1.48031,1.80,13.90
2008.01.14 03:25:32.978,1.48017,1.48027,2.40,16.30
2008.01.14 03:25:34.843,1.48013,1.48023,1.20,3.00
2008.01.14 03:25:35.017,1.48007,1.48027,3.30,4.80
2008.01.14 03:25:35.659,1.48007,1.48027,11.40,1.20
2008.01.14 03:25:37.802,1.48008,1.48028,1.00,8.40
2008.01.14 03:25:37.886,1.4801,1.48025,2.40,3.00
2008.01.14 03:25:37.971,1.48009,1.48024,7.80,4.80
2008.01.14 03:25:38.058,1.48007,1.48022,10.20,8.50
2008.01.14 03:25:38.142,1.48006,1.48021,7.20,1.20
2008.01.14 03:25:38.226,1.48001,1.48021,17.40,7.80
2008.01.14 03:25:38.562,1.48001,1.48021,2.40,7.20
2008.01.14 03:25:38.646,1.48001,1.48021,5.40,4.80
2008.01.14 03:25:43.312,1.48004,1.48024,1.20,2.40
2008.01.14 03:25:43.375,1.48011,1.48021,1.20,11.70
2008.01.14 03:25:45.549,1.48012,1.48022,4.20,7.20
2008.01.14 03:25:45.667,1.4801,1.48025,23.40,1.80
2008.01.14 03:25:45.783,1.48009,1.48029,6.40,5.40
2008.01.14 03:26:09.913,1.48012,1.48032,16.20,4.20
2008.01.14 03:26:19.596,1.48015,1.48035,6.00,4.20
2008.01.14 03:26:20.060,1.48021,1.48041,5.40,12.00
2008.01.14 03:26:20.156,1.48025,1.48045,11.40,2.40
2008.01.14 03:26:20.255,1.48032,1.48047,3.00,14.50
2008.01.14 03:26:20.351,1.48037,1.48052,7.20,4.80
2008.01.14 03:26:24.009,1.48036,1.48051,3.00,1.00
2008.01.14 03:26:24.136,1.4803,1.4805,7.20,10.80
2008.01.14 03:26:24.250,1.48032,1.48042,21.00,2.70
2008.01.14 03:26:24.473,1.48031,1.48041,8.50,1.00
2008.01.14 03:26:24.809,1.48031,1.48041,17.60,6.00
2008.01.14 03:26:25.029,1.48026,1.48046,9.60,8.80
2008.01.14 03:26:25.754,1.48033,1.48039,6.00,2.40
2008.01.14 03:26:25.982,1.48028,1.48038,2.40,3.30
2008.01.14 03:26:26.097,1.48022,1.48037,7.80,1.20
2008.01.14 03:26:31.364,1.48017,1.48027,12.60,2.40
2008.01.14 03:26:31.692,1.48005,1.48021,2.40,8.10
2008.01.14 03:26:31.856,1.48004,1.48014,13.20,4.80
2008.01.14 03:26:32.072,1.48008,1.48018,4.20,14.80
2008.01.14 03:26:34.096,1.4801,1.4803,4.80,1.20
2008.01.14 03:26:36.990,1.48014,1.48034,3.60,1.00
2008.01.14 03:26:40.898,1.48018,1.48038,4.80,5.00
2008.01.14 03:26:57.294,1.48025,1.48031,9.60,2.70
2008.01.14 03:26:57.793,1.48021,1.48035,26.80,2.40
2008.01.14 03:26:59.067,1.48024,1.48028,2.10,7.80
2008.01.14 03:26:59.158,1.48017,1.48027,7.20,7.20
2008.01.14 03:26:59.203,1.48012,1.48022,3.60,17.40
2008.01.14 03:26:59.333,1.4801,1.48016,4.80,2.40
2008.01.14 03:27:01.316,1.4802,1.4804,1.20,2.70
2008.01.14 03:27:01.521,1.4802,1.4804,12.00,3.00
2008.01.14 03:27:01.579,1.48026,1.48031,3.00,6.00
2008.01.14 03:27:01.728,1.48015,1.4804,7.20,9.60
2008.01.14 03:27:01.952,1.48015,1.4804,11.40,8.70
2008.01.14 03:27:02.156,1.48016,1.48036,15.00,1.20
2008.01.14 03:27:04.171,1.48022,1.48027,2.40,15.10
2008.01.14 03:27:04.205,1.4802,1.4803,2.40,3.30
2008.01.14 03:27:04.316,1.48024,1.48029,8.40,11.50
2008.01.14 03:27:04.380,1.48026,1.48032,1.20,3.00
2008.01.14 03:27:04.512,1.48028,1.48038,3.00,9.70
2008.01.14 03:27:04.928,1.48033,1.48043,19.00,4.80
2008.01.14 03:27:05.899,1.48041,1.48051,7.80,2.40
2008.01.14 03:27:06.120,1.48049,1.48059,13.20,9.00
2008.01.14 03:27:06.182,1.48057,1.48062,1.20,2.40
2008.01.14 03:27:06.256,1.48058,1.48062,6.60,3.70
2008.01.14 03:27:06.404,1.48047,1.48057,6.60,20.10
2008.01.14 03:27:06.440,1.48039,1.48049,4.80,4.80
2008.01.14 03:27:06.476,1.48033,1.48038,2.40,2.40
2008.01.14 03:27:06.548,1.48025,1.48035,2.40,1.00
2008.01.14 03:27:06.792,1.48024,1.48029,7.20,10.30
2008.01.14 03:27:07.216,1.48023,1.48028,2.40,8.40
2008.01.14 03:27:07.552,1.4802,1.4803,40.50,3.60
2008.01.14 03:27:07.889,1.48021,1.48031,10.50,4.80
2008.01.14 03:27:08.225,1.4802,1.48036,3.00,4.80
2008.01.14 03:27:08.420,1.48019,1.48039,3.00,6.00
2008.01.14 03:27:08.804,1.48021,1.48037,4.80,10.80
2008.01.14 03:27:08.996,1.48026,1.48036,3.40,6.10
2008.01.14 03:27:09.240,1.48024,1.48034,27.60,4.80
2008.01.14 03:27:09.484,1.48025,1.48035,7.80,6.80
2008.01.14 03:27:09.728,1.48024,1.48034,6.60,4.20
2008.01.14 03:27:12.133,1.48024,1.48029,6.60,6.00
2008.01.14 03:27:15.242,1.4802,1.4803,6.00,7.80
2008.01.14 03:27:16.040,1.48015,1.48025,7.80,9.60
2008.01.14 03:27:21.630,1.4801,1.4802,4.80,3.60
2008.01.14 03:27:23.030,1.47998,1.48018,9.00,6.00
2008.01.14 03:27:24.549,1.48002,1.48012,5.40,4.50
2008.01.14 03:27:33.688,1.48,1.48025,4.80,7.80
2008.01.14 03:27:55.217,1.48014,1.48024,7.80,3.00
2008.01.14 03:27:55.337,1.4802,1.4803,1.00,10.20
2008.01.14 03:27:55.437,1.48024,1.48034,6.00,16.20
2008.01.14 03:27:55.556,1.48022,1.48042,9.00,1.80
2008.01.14 03:27:55.678,1.48024,1.48044,3.60,1.90
2008.01.14 03:27:55.797,1.48028,1.48043,20.40,1.00
2008.01.14 03:27:55.916,1.48029,1.48044,28.20,8.40
2008.01.14 03:27:56.036,1.48028,1.48048,13.80,9.00
2008.01.14 03:27:56.156,1.48025,1.48051,3.00,19.80
2008.01.14 03:27:58.015,1.48034,1.48044,1.80,8.70
2008.01.14 03:28:18.651,1.48017,1.48033,18.00,6.00
2008.01.14 03:28:23.735,1.48012,1.48032,9.60,2.70
2008.01.14 03:28:24.111,1.48019,1.48039,8.40,9.60
2008.01.14 03:28:26.968,1.48041,1.48057,7.80,8.40
2008.01.14 03:28:28.514,1.48054,1.4807,5.40,1.80
2008.01.14 03:28:35.104,1.48051,1.48071,8.30,4.80
2008.01.14 03:28:41.368,1.48045,1.48059,2.40,6.60
2008.01.14 03:28:52.012,1.48039,1.48055,8.40,15.00
2008.01.14 03:29:09.469,1.48042,1.48058,7.80,7.78
2008.01.14 03:29:37.643,1.48053,1.48068,3.60,2.40
2008.01.14 03:29:39.657,1.48057,1.48063,6.00,4.20
2008.01.14 03:29:43.008,1.48037,1.48052,3.00,16.00
2008.01.14 03:29:43.108,1.48025,1.48041,6.00,4.80
2008.01.14 03:29:48.040,1.48026,1.48041,20.40,1.20
2008.01.14 03:29:53.926,1.48033,1.48043,2.40,1.00
2008.01.14 03:29:57.202,1.4804,1.48045,2.40,3.40
2008.01.14 03:29:58.525,1.48036,1.48056,4.80,7.20
2008.01.14 03:30:02.285,1.48063,1.48079,16.20,1.00
2008.01.14 03:30:17.812,1.48066,1.48081,26.80,2.40
2008.01.14 03:30:43.889,1.48067,1.48082,9.60,3.00
2008.01.14 03:30:44.110,1.48066,1.4808,6.30,10.80
2008.01.14 03:30:44.576,1.48057,1.48073,44.80,2.40
2008.01.14 03:30:44.680,1.48046,1.48061,3.60,8.40
2008.01.14 03:30:44.783,1.48034,1.48054,5.40,8.30
2008.01.14 03:30:46.023,1.48031,1.48045,2.40,1.00
2008.01.14 03:30:46.204,1.48031,1.48047,1.00,1.00
2008.01.14 03:30:46.450,1.48035,1.48049,4.80,1.80
2008.01.14 03:30:46.696,1.48038,1.48052,3.00,10.80
2008.01.14 03:30:46.939,1.48037,1.48053,36.00,13.80
2008.01.14 03:30:47.437,1.48035,1.48055,6.60,4.80
2008.01.14 03:30:50.883,1.48033,1.48053,6.60,4.80
2008.01.14 03:30:52.711,1.48032,1.48052,7.80,4.80
2008.01.14 03:31:09.274,1.48053,1.48067,2.40,8.50
2008.01.14 03:31:10.190,1.48063,1.48078,7.20,14.20
2008.01.14 03:31:16.846,1.48059,1.48075,2.40,2.40
2008.01.14 03:31:22.723,1.48042,1.48056,4.80,7.20
2008.01.14 03:31:29.566,1.48032,1.48042,16.80,1.80
2008.01.14 03:31:38.219,1.48032,1.48048,7.80,12.60
2008.01.14 03:31:38.347,1.48041,1.48051,6.00,18.60
2008.01.14 03:31:38.932,1.48045,1.48061,15.60,3.00
2008.01.14 03:31:40.998,1.48053,1.48068,6.60,5.20
2008.01.14 03:31:41.156,1.48054,1.48074,2.40,20.20
2008.01.14 03:31:52.091,1.48057,1.48077,3.60,13.50
2008.01.14 03:32:02.363,1.48056,1.48066,2.40,5.80
2008.01.14 03:32:03.576,1.4804,1.48055,5.40,15.10
2008.01.14 03:32:08.779,1.48026,1.48046,2.40,16.80
2008.01.14 03:32:10.397,1.4803,1.48044,2.50,4.80
2008.01.14 03:32:10.516,1.48047,1.48057,5.40,11.20
2008.01.14 03:32:10.632,1.48064,1.4808,5.40,9.30
2008.01.14 03:32:11.166,1.48084,1.48094,3.00,1.80
2008.01.14 03:32:11.574,1.48083,1.48103,2.40,7.20
2008.01.14 03:32:11.778,1.48074,1.48094,7.20,4.80
2008.01.14 03:32:21.129,1.48061,1.48077,8.40,8.40
2008.01.14 03:32:37.967,1.48045,1.48065,1.00,2.40
2008.01.14 03:32:49.509,1.48041,1.48057,13.20,5.40
2008.01.14 03:33:02.696,1.48045,1.48059,18.60,4.80
2008.01.14 03:33:08.877,1.48046,1.48061,10.20,2.40
2008.01.14 03:33:09.158,1.48045,1.48065,3.60,10.20
2008.01.14 03:33:09.332,1.48043,1.48063,4.80,1.00
2008.01.14 03:33:18.179,1.48037,1.48057,13.80,9.70
2008.01.14 03:33:19.302,1.48036,1.48056,3.00,4.20
2008.01.14 03:33:28.343,1.48039,1.48055,4.80,9.60
2008.01.14 03:33:28.552,1.48046,1.48056,4.80,2.40
2008.01.14 03:33:28.752,1.48051,1.48061,10.80,10.90
2008.01.14 03:33:29.072,1.48053,1.48068,4.80,4.80
2008.01.14 03:33:29.924,1.4806,1.4807,17.10,1.90
2008.01.14 03:33:30.216,1.48067,1.48077,1.00,4.80
2008.01.14 03:33:30.365,1.48063,1.48083,3.00,12.30
2008.01.14 03:33:30.512,1.48059,1.48079,11.40,6.00
2008.01.14 03:33:34.435,1.48055,1.48075,2.40,2.40
2008.01.14 03:33:34.894,1.48051,1.48071,4.80,9.00
2008.01.14 03:33:35.472,1.48051,1.48071,2.10,8.40
2008.01.14 03:34:15.928,1.48086,1.48106,10.80,8.00
2008.01.14 03:34:16.189,1.48083,1.48098,10.80,1.00
2008.01.14 03:34:16.336,1.4808,1.48095,7.80,4.80
2008.01.14 03:34:19.992,1.48076,1.48091,6.00,4.80
2008.01.14 03:34:20.230,1.48073,1.48093,2.40,6.20
2008.01.14 03:34:20.464,1.48074,1.48094,7.20,4.90
2008.01.14 03:34:21.818,1.48076,1.48096,1.20,2.40
2008.01.14 03:34:22.067,1.48081,1.48091,17.40,7.80
2008.01.14 03:34:22.203,1.4808,1.48094,8.40,1.60
2008.01.14 03:34:25.589,1.48079,1.48089,9.20,2.40
2008.01.14 03:34:26.160,1.48082,1.48086,1.30,4.80
2008.01.14 03:34:26.363,1.48081,1.48086,1.00,5.40
2008.01.14 03:34:26.565,1.48083,1.48087,24.00,7.20
2008.01.14 03:34:26.768,1.48072,1.48102,4.80,7.20
2008.01.14 03:34:26.964,1.48074,1.48104,2.40,4.80
2008.01.14 03:34:27.160,1.48077,1.48102,2.40,6.10
2008.01.14 03:34:28.794,1.48081,1.48101,6.00,2.40
2008.01.14 03:34:28.920,1.48081,1.48101,7.20,5.40
2008.01.14 03:34:29.044,1.4808,1.481,3.60,18.10
2008.01.14 03:34:46.969,1.48079,1.48099,7.20,6.10
2008.01.14 03:34:46.977,1.48078,1.48098,6.00,2.40
2008.01.14 03:34:47.020,1.48077,1.48097,21.00,3.00
2008.01.14 03:34:47.169,1.48081,1.48097,6.60,8.40
2008.01.14 03:34:47.181,1.48081,1.48097,24.60,2.40
2008.01.14 03:34:48.028,1.48083,1.48098,1.20,10.60
2008.01.14 03:34:48.359,1.48084,1.48098,7.90,3.60
2008.01.14 03:34:48.677,1.48083,1.48099,6.00,3.00
2008.01.14 03:34:49.007,1.48081,1.48101,6.60,6.00
2008.01.14 03:34:49.916,1.48079,1.48099,4.80,6.88
2008.01.14 03:34:56.991,1.48079,1.48099,17.40,6.00
2008.01.14 03:34:57.192,1.48083,1.48098,6.00,2.40
2008.01.14 03:34:57.258,1.48081,1.48096,9.00,16.80
2008.01.14 03:34:57.395,1.48078,1.48093,3.60,2.40
2008.01.14 03:34:57.444,1.4807,1.4809,3.00,11.40
2008.01.14 03:34:57.592,1.48067,1.48083,2.40,30.00
2008.01.14 03:35:02.829,1.48086,1.481,2.40,18.30
2008.01.14 03:35:03.041,1.48077,1.48092,2.40,12.60
2008.01.14 03:35:03.148,1.48066,1.48081,13.20,2.40
2008.01.14 03:35:03.255,1.48052,1.48067,2.40,1.00
2008.01.14 03:35:03.482,1.48037,1.48057,4.20,5.10
2008.01.14 03:35:03.875,1.48031,1.48051,6.00,4.90
2008.01.14 03:35:05.534,1.48038,1.48054,2.40,8.70
2008.01.14 03:35:05.721,1.4805,1.48064,1.20,12.70
2008.01.14 03:35:05.860,1.48064,1.48079,4.80,5.70
2008.01.14 03:35:06.272,1.48081,1.48096,6.60,2.40
2008.01.14 03:35:08.618,1.48089,1.48105,8.40,3.60
2008.01.14 03:35:08.787,1.48086,1.48102,7.20,12.70
2008.01.14 03:35:08.931,1.48081,1.48097,8.40,2.70
2008.01.14 03:35:09.075,1.48072,1.48092,14.40,1.20
2008.01.14 03:35:30.504,1.48066,1.48086,36.00,2.40
2008.01.14 03:35:30.625,1.48063,1.48078,15.90,6.00
2008.01.14 03:35:30.744,1.48059,1.48074,3.60,10.50
2008.01.14 03:35:30.864,1.48055,1.48071,10.80,1.90
2008.01.14 03:36:05.350,1.48034,1.4805,13.80,1.00
2008.01.14 03:36:10.314,1.48037,1.48052,1.80,4.90
2008.01.14 03:36:10.942,1.48038,1.48053,5.40,2.70
2008.01.14 03:36:18.765,1.48039,1.48054,3.00,2.80
2008.01.14 03:36:18.858,1.48039,1.48054,2.40,1.00
2008.01.14 03:36:18.883,1.48039,1.48054,14.40,2.40
2008.01.14 03:36:19.100,1.48042,1.48052,4.20,9.60
2008.01.14 03:36:19.171,1.48041,1.48056,14.40,13.30
2008.01.14 03:36:19.196,1.48044,1.48059,2.40,7.90
2008.01.14 03:36:19.255,1.48045,1.4806,1.00,1.80
2008.01.14 03:36:19.379,1.48046,1.48061,8.40,8.50
2008.01.14 03:36:28.479,1.48047,1.48062,4.80,6.60
2008.01.14 03:36:28.585,1.48051,1.48061,4.80,10.20
2008.01.14 03:36:28.787,1.48054,1.4806,20.20,2.40
2008.01.14 03:36:29.171,1.48048,1.48068,1.20,2.80
2008.01.14 03:36:29.455,1.48047,1.48067,6.00,7.20
2008.01.14 03:36:31.231,1.48045,1.48065,10.20,7.20
2008.01.14 03:36:31.327,1.48046,1.4806,5.40,21.00
2008.01.14 03:36:31.423,1.48047,1.48057,2.40,4.00
2008.01.14 03:36:31.613,1.48041,1.48051,6.60,16.80
2008.01.14 03:36:31.711,1.48035,1.48045,2.40,2.40
2008.01.14 03:36:31.807,1.48027,1.48037,13.20,6.10
2008.01.14 03:36:31.903,1.48029,1.48033,17.40,1.00
2008.01.14 03:36:31.999,1.48031,1.48041,3.00,3.00
2008.01.14 03:36:32.339,1.48035,1.48051,4.90,2.40
2008.01.14 03:36:32.679,1.48036,1.48062,4.80,2.40
2008.01.14 03:36:33.499,1.48038,1.48068,7.20,1.20
2008.01.14 03:36:34.047,1.48044,1.48064,1.20,2.40
2008.01.14 03:36:34.195,1.48045,1.48065,3.60,1.00
2008.01.14 03:36:34.463,1.48044,1.48069,15.00,4.80
2008.01.14 03:36:34.731,1.48044,1.48069,10.20,5.40
2008.01.14 03:36:34.999,1.48046,1.48066,7.20,4.80
2008.01.14 03:36:36.379,1.48051,1.48056,14.40,1.80
2008.01.14 03:36:36.509,1.48051,1.48056,4.80,7.20
2008.01.14 03:36:36.603,1.48045,1.4806,6.00,5.40
2008.01.14 03:36:36.794,1.4805,1.4806,11.40,3.00
2008.01.14 03:36:37.070,1.48053,1.48068,6.00,1.00
2008.01.14 03:36:38.136,1.48061,1.48075,4.80,1.00
2008.01.14 03:36:38.627,1.4806,1.4808,5.40,2.40
2008.01.14 03:36:39.291,1.48057,1.48073,10.80,3.00
2008.01.14 03:36:39.367,1.48051,1.48066,4.80,1.00
2008.01.14 03:36:39.443,1.48047,1.48061,1.80,2.40
2008.01.14 03:36:40.083,1.48044,1.4806,8.40,17.40
2008.01.14 03:36:40.299,1.48045,1.48055,3.00,2.20
2008.01.14 03:36:40.522,1.48041,1.48057,8.40,1.00
2008.01.14 03:36:40.765,1.48037,1.48061,3.60,2.40
2008.01.14 03:36:41.615,1.48037,1.48063,36.00,1.80
2008.01.14 03:36:41.791,1.48041,1.48061,23.40,17.50
2008.01.14 03:36:41.967,1.48041,1.48061,21.00,5.40
2008.01.14 03:36:42.142,1.48043,1.48063,25.20,15.40
2008.01.14 03:36:46.525,1.48048,1.48063,8.40,13.60
2008.01.14 03:36:46.611,1.48049,1.48064,3.60,4.80
2008.01.14 03:36:46.699,1.48049,1.48064,3.00,1.20
2008.01.14 03:36:46.787,1.4805,1.48065,2.40,3.00
2008.01.14 03:36:47.127,1.48049,1.48069,12.00,3.00
2008.01.14 03:36:47.467,1.48048,1.48068,6.00,5.20
2008.01.14 03:36:47.984,1.48045,1.48065,10.00,4.80
2008.01.14 03:36:48.165,1.48041,1.48061,8.70,4.80
2008.01.14 03:36:48.522,1.48034,1.48059,5.40,7.80
2008.01.14 03:36:48.699,1.4803,1.48056,2.40,9.10
2008.01.14 03:37:09.279,1.48036,1.48056,24.60,5.10
2008.01.14 03:37:09.626,1.48043,1.48068,1.00,2.40
2008.01.14 03:37:26.174,1.48052,1.48077,1.20,2.40
2008.01.14 03:37:26.309,1.48055,1.48081,11.40,4.80
2008.01.14 03:37:26.447,1.48045,1.48071,8.40,6.60
2008.01.14 03:37:45.084,1.48039,1.48055,12.60,16.20
2008.01.14 03:37:45.148,1.48025,1.48045,2.40,6.60
2008.01.14 03:37:45.313,1.48022,1.48038,2.40,11.40
2008.01.14 03:37:45.477,1.48026,1.48042,4.80,7.20
2008.01.14 03:37:45.641,1.48032,1.48052,11.40,33.10
2008.01.14 03:37:46.285,1.4804,1.4806,1.00,8.40
2008.01.14 03:37:46.505,1.48044,1.48074,9.00,7.20
2008.01.14 03:37:47.164,1.4805,1.4808,4.80,9.00
2008.01.14 03:38:06.339,1.48092,1.48108,9.60,9.30
2008.01.14 03:38:06.533,1.48086,1.48116,8.40,7.90
2008.01.14 03:38:06.736,1.48089,1.48119,9.00,8.40
2008.01.14 03:38:20.332,1.48092,1.48112,8.40,2.40
2008.01.14 03:38:20.442,1.48079,1.48105,4.20,6.10
2008.01.14 03:38:20.520,1.48063,1.48093,10.80,9.00
2008.01.14 03:38:52.684,1.48053,1.48073,6.00,2.50
2008.01.14 03:38:52.924,1.48039,1.48059,8.70,2.40
2008.01.14 03:38:53.130,1.48032,1.48052,6.60,2.40
2008.01.14 03:38:54.792,1.48036,1.48056,2.40,15.60
2008.01.14 03:38:54.888,1.48043,1.48063,6.00,1.80
2008.01.14 03:38:55.184,1.4804,1.4807,1.80,6.00
2008.01.14 03:39:11.927,1.4804,1.48066,7.80,7.80
2008.01.14 03:39:12.051,1.48045,1.4807,3.00,9.00
2008.01.14 03:39:25.464,1.48051,1.48071,2.40,2.70
2008.01.14 03:39:26.117,1.48051,1.48071,1.20,1.00
2008.01.14 03:39:26.338,1.48055,1.4807,8.40,1.00
2008.01.14 03:39:26.647,1.48054,1.48069,3.00,11.80
2008.01.14 03:39:27.437,1.48053,1.48068,6.00,2.40
2008.01.14 03:39:27.586,1.48053,1.48063,2.40,2.40
2008.01.14 03:39:27.745,1.48043,1.48063,9.60,1.00
2008.01.14 03:39:29.364,1.48036,1.48051,5.40,1.80
2008.01.14 03:39:29.575,1.48027,1.48042,33.00,9.00
2008.01.14 03:39:29.795,1.48023,1.48037,1.80,4.80
2008.01.14 03:39:30.239,1.4803,1.4804,6.00,1.90
2008.01.14 03:39:30.579,1.48032,1.48048,1.20,3.00
2008.01.14 03:39:30.921,1.48045,1.48049,7.20,7.80
2008.01.14 03:39:31.582,1.48043,1.48057,4.80,2.40
2008.01.14 03:39:31.663,1.48045,1.4806,4.80,5.40
2008.01.14 03:39:31.747,1.48049,1.48064,2.40,6.00
2008.01.14 03:39:31.831,1.48051,1.48071,1.20,7.20
2008.01.14 03:39:31.915,1.48057,1.48077,6.00,3.60
2008.01.14 03:39:31.999,1.48067,1.48082,12.60,4.80
2008.01.14 03:39:32.323,1.48071,1.48091,13.80,1.00
2008.01.14 03:39:32.649,1.48069,1.48089,2.40,7.00
2008.01.14 03:39:32.973,1.48057,1.48083,10.20,7.70
2008.01.14 03:39:37.980,1.48052,1.48072,4.20,6.00
2008.01.14 03:39:38.037,1.48047,1.48067,1.80,11.90
2008.01.14 03:39:38.094,1.48043,1.48063,7.20,10.20
2008.01.14 03:39:38.271,1.48041,1.48061,20.40,6.00
2008.01.14 03:39:38.525,1.48037,1.48061,9.10,3.00
2008.01.14 03:39:50.867,1.48036,1.48061,6.00,4.80
2008.01.14 03:39:50.972,1.48036,1.48061,21.00,3.00
2008.01.14 03:39:51.418,1.48038,1.48063,4.80,4.80
2008.01.14 03:39:51.532,1.48039,1.48064,20.50,4.80
2008.01.14 03:39:51.639,1.48043,1.48063,6.00,8.60
2008.01.14 03:39:51.698,1.48045,1.48065,1.00,22.50
2008.01.14 03:39:51.755,1.48048,1.48068,8.40,34.20
2008.01.14 03:40:00.308,1.48039,1.48063,6.00,2.40
2008.01.14 03:40:04.799,1.48041,1.48061,7.80,7.60
2008.01.14 03:40:04.905,1.48038,1.48063,3.60,12.90
2008.01.14 03:40:05.135,1.4804,1.48065,2.40,9.20
2008.01.14 03:40:06.782,1.48041,1.48066,4.80,12.60
2008.01.14 03:40:06.977,1.48046,1.4807,1.00,5.40
2008.01.14 03:40:09.121,1.4805,1.48074,9.00,19.20
2008.01.14 03:40:09.397,1.48053,1.48077,4.80,7.80
2008.01.14 03:40:09.617,1.48053,1.48079,17.40,1.00
2008.01.14 03:40:13.173,1.48055,1.48075,6.70,4.20
2008.01.14 03:40:17.061,1.48056,1.48076,1.00,1.00
2008.01.14 03:40:29.040,1.48056,1.48081,5.40,9.00
2008.01.14 03:40:32.770,1.48064,1.48084,4.80,1.00
2008.01.14 03:40:40.257,1.4807,1.4809,12.00,5.80
2008.01.14 03:40:40.891,1.48074,1.48094,4.80,7.20
2008.01.14 03:40:41.097,1.48073,1.48093,7.20,4.80
2008.01.14 03:40:41.305,1.48066,1.48091,7.40,10.80
2008.01.14 03:40:41.789,1.48062,1.48087,2.40,7.80
2008.01.14 03:40:42.345,1.48057,1.48082,10.80,2.40
2008.01.14 03:40:45.750,1.48059,1.48069,10.20,1.20
2008.01.14 03:40:45.785,1.4805,1.48065,12.60,7.20
2008.01.14 03:40:45.824,1.4805,1.48054,7.20,1.20
2008.01.14 03:40:45.889,1.48043,1.48047,6.00,1.80
2008.01.14 03:40:46.085,1.48033,1.48043,1.20,9.00
2008.01.14 03:40:46.706,1.48029,1.48045,4.20,3.60
2008.01.14 03:40:54.645,1.48035,1.48049,2.40,5.10
2008.01.14 03:40:54.737,1.48046,1.4805,2.40,1.80
2008.01.14 03:40:54.918,1.4805,1.48056,8.40,2.40
2008.01.14 03:40:55.066,1.48054,1.48058,4.80,2.40
2008.01.14 03:40:55.244,1.48053,1.48063,2.44,1.00
2008.01.14 03:40:55.283,1.48047,1.48067,7.20,7.20
2008.01.14 03:40:55.297,1.48046,1.48066,5.40,7.00
2008.01.14 03:40:55.425,1.48047,1.48067,1.00,8.40
2008.01.14 03:40:55.464,1.48049,1.48069,6.60,12.60
2008.01.14 03:40:55.578,1.48052,1.48072,1.00,2.40
2008.01.14 03:40:55.863,1.48056,1.48076,31.80,1.80
2008.01.14 03:40:56.163,1.48055,1.4808,5.40,6.00
2008.01.14 03:40:56.433,1.48056,1.48082,24.90,4.00
2008.01.14 03:41:06.082,1.48054,1.48078,7.80,9.00
2008.01.14 03:41:06.280,1.48048,1.48073,9.00,20.50
2008.01.14 03:41:17.849,1.48046,1.48066,6.00,2.40
2008.01.14 03:41:18.174,1.48044,1.48059,2.40,1.00
2008.01.14 03:41:18.331,1.48036,1.48056,2.40,9.00
2008.01.14 03:41:18.948,1.48029,1.48049,2.40,1.00
2008.01.14 03:41:24.117,1.4803,1.48046,6.60,1.20
2008.01.14 03:41:24.319,1.48038,1.48048,5.40,9.10
2008.01.14 03:41:24.513,1.48039,1.48064,6.00,5.40
2008.01.14 03:41:24.709,1.48052,1.48072,12.60,7.80
2008.01.14 03:41:24.905,1.48061,1.48085,4.80,13.80
2008.01.14 03:41:25.064,1.48069,1.48089,7.20,1.00
2008.01.14 03:41:25.380,1.48065,1.48085,9.60,1.80
2008.01.14 03:41:40.573,1.48063,1.48079,3.00,13.20
2008.01.14 03:41:40.650,1.4806,1.4808,2.40,21.10
2008.01.14 03:41:40.778,1.48054,1.48074,2.40,10.30
2008.01.14 03:41:40.797,1.48049,1.48069,6.00,2.40
2008.01.14 03:41:40.804,1.48045,1.48065,7.80,6.00
2008.01.14 03:42:04.735,1.48037,1.48061,4.80,7.20
2008.01.14 03:42:04.852,1.48048,1.48068,33.00,9.00
2008.01.14 03:42:04.968,1.48057,1.48077,6.00,11.70
2008.01.14 03:42:12.171,1.48067,1.48081,16.50,2.40
2008.01.14 03:42:12.317,1.48073,1.48089,2.40,2.90
2008.01.14 03:42:12.597,1.48074,1.4809,8.40,4.80
2008.01.14 03:42:13.067,1.48065,1.48085,8.40,3.00
2008.01.14 03:42:17.013,1.48055,1.48081,3.00,4.20
2008.01.14 03:42:19.981,1.48051,1.48077,10.20,1.80
2008.01.14 03:42:20.179,1.4805,1.4807,16.80,4.80
2008.01.14 03:42:20.309,1.48049,1.48069,4.80,3.00
2008.01.14 03:42:21.319,1.48049,1.48069,9.60,4.20
2008.01.14 03:42:22.426,1.4805,1.4807,2.40,7.20
2008.01.14 03:43:25.367,1.48053,1.48067,15.60,7.80
2008.01.14 03:43:34.263,1.48042,1.48057,13.20,1.00
2008.01.14 03:43:34.726,1.4804,1.4806,2.40,10.60
2008.01.14 03:43:34.931,1.48055,1.48075,2.40,6.60
2008.01.14 03:43:37.457,1.48067,1.48077,2.40,8.80
2008.01.14 03:43:50.739,1.48056,1.48072,2.40,28.40
2008.01.14 03:43:50.885,1.48044,1.48064,18.60,4.20
2008.01.14 03:43:51.309,1.48038,1.48058,8.40,1.20
2008.01.14 03:44:18.712,1.48045,1.48059,5.40,12.00
2008.01.14 03:44:18.966,1.48045,1.4806,1.20,6.00
2008.01.14 03:44:19.030,1.48044,1.48059,4.50,6.30
2008.01.14 03:44:19.093,1.4804,1.4806,20.60,2.40
2008.01.14 03:44:19.285,1.4804,1.48055,6.00,6.00
2008.01.14 03:44:19.413,1.48039,1.48054,4.80,7.80
2008.01.14 03:44:19.606,1.48037,1.48057,6.60,5.40
2008.01.14 03:44:20.118,1.48045,1.48061,3.60,2.40
2008.01.14 03:44:23.349,1.48056,1.48071,8.40,2.70
2008.01.14 03:44:23.530,1.48061,1.48071,4.80,23.20
2008.01.14 03:44:23.719,1.4805,1.48066,1.00,4.80
2008.01.14 03:44:23.863,1.48042,1.48058,7.20,4.80
2008.01.14 03:44:24.001,1.48039,1.48054,18.60,1.20
2008.01.14 03:44:24.141,1.48039,1.48053,6.60,6.00
2008.01.14 03:44:24.421,1.48035,1.48055,8.70,2.40
2008.01.14 03:44:24.561,1.48035,1.48055,10.20,9.10
2008.01.14 03:44:24.701,1.48035,1.48055,2.40,2.40
2008.01.14 03:44:24.865,1.48035,1.48055,7.80,9.60
2008.01.14 03:44:25.029,1.48036,1.48056,2.40,16.20
2008.01.14 03:44:25.193,1.48034,1.48059,12.00,6.10
2008.01.14 03:44:25.357,1.48038,1.48058,7.80,12.70
2008.01.14 03:44:25.523,1.48038,1.48058,1.00,16.50
2008.01.14 03:44:25.689,1.48038,1.48058,7.80,4.80
2008.01.14 03:44:28.907,1.48038,1.48058,12.60,8.40
2008.01.14 03:44:29.098,1.48037,1.48057,6.60,2.40
2008.01.14 03:44:29.290,1.48036,1.48056,8.40,5.40
2008.01.14 03:44:29.655,1.48034,1.48058,8.40,5.40
2008.01.14 03:44:29.930,1.48034,1.48054,1.00,3.60
2008.01.14 03:44:30.291,1.48027,1.48053,7.80,1.20
2008.01.14 03:44:30.435,1.48025,1.48049,5.40,15.10
2008.01.14 03:44:30.579,1.48026,1.4805,15.60,7.20
2008.01.14 03:44:30.966,1.48029,1.48055,4.80,1.00
2008.01.14 03:44:31.037,1.48036,1.48062,4.80,11.40
2008.01.14 03:44:31.489,1.4804,1.48065,1.20,5.40
2008.01.14 03:44:31.632,1.48046,1.48066,4.80,4.80
2008.01.14 03:44:31.775,1.48048,1.48068,2.40,1.00
2008.01.14 03:44:31.930,1.48044,1.48069,10.20,4.80
2008.01.14 03:44:32.073,1.48043,1.48068,2.40,1.00
2008.01.14 03:44:32.213,1.48042,1.48067,9.90,3.30
2008.01.14 03:44:32.961,1.48037,1.48062,19.20,10.20
2008.01.14 03:44:43.786,1.48033,1.48058,3.00,21.00
2008.01.14 03:44:44.019,1.4803,1.48055,9.00,2.40
2008.01.14 03:44:44.102,1.48032,1.48052,1.20,6.30
2008.01.14 03:45:04.679,1.48035,1.48045,3.00,2.40
2008.01.14 03:45:04.774,1.48035,1.48045,13.20,9.60
2008.01.14 03:45:04.865,1.48031,1.48046,9.00,4.80
2008.01.14 03:45:05.094,1.48028,1.48048,8.40,1.00
2008.01.14 03:45:21.960,1.48028,1.48053,8.30,6.00
2008.01.14 03:45:22.204,1.4803,1.48055,8.40,7.30
2008.01.14 03:45:22.447,1.4803,1.48055,9.00,1.00
2008.01.14 03:45:22.694,1.48028,1.48053,10.80,18.30
2008.01.14 03:45:25.891,1.48032,1.48047,7.20,6.78
2008.01.14 03:45:26.018,1.48031,1.48046,6.00,2.40
2008.01.14 03:45:26.056,1.48031,1.48046,3.00,6.00
2008.01.14 03:45:26.164,1.48031,1.48051,9.00,2.40
2008.01.14 03:45:26.553,1.48038,1.48058,4.80,2.40
2008.01.14 03:45:28.141,1.48046,1.48066,2.40,6.00
2008.01.14 03:45:35.947,1.48051,1.48071,3.00,9.50
2008.01.14 03:45:35.953,1.4805,1.4807,2.40,8.40
2008.01.14 03:45:36.080,1.48043,1.48069,20.40,9.00
2008.01.14 03:45:36.204,1.48038,1.48064,4.80,13.50
2008.01.14 03:45:36.328,1.48037,1.48062,1.20,7.20
2008.01.14 03:45:36.452,1.48038,1.48058,16.20,1.00
2008.01.14 03:45:36.576,1.48035,1.48059,4.80,4.80
2008.01.14 03:45:36.699,1.48033,1.48058,2.40,5.40
2008.01.14 03:45:36.824,1.48032,1.48057,21.00,1.80
2008.01.14 03:45:36.947,1.48031,1.48056,4.80,13.80
2008.01.14 03:45:37.444,1.4803,1.48055,29.40,4.80
2008.01.14 03:45:38.909,1.4803,1.48055,3.00,6.00
2008.01.14 03:45:38.955,1.48029,1.48053,17.40,2.40
2008.01.14 03:45:39.043,1.48026,1.48052,2.40,2.40
2008.01.14 03:45:39.088,1.48024,1.48044,1.00,17.50
2008.01.14 03:45:40.882,1.48019,1.48039,42.00,23.40
2008.01.14 03:45:40.927,1.48019,1.48035,3.60,3.00
2008.01.14 03:45:41.371,1.48019,1.48043,6.60,4.80
2008.01.14 03:45:42.203,1.48022,1.48047,1.00,4.80
2008.01.14 03:45:42.404,1.48025,1.48045,2.40,4.80
2008.01.14 03:45:48.724,1.48029,1.48044,5.40,11.10
2008.01.14 03:45:48.836,1.4803,1.48045,23.40,1.00
2008.01.14 03:45:48.949,1.48032,1.48047,2.40,2.10
2008.01.14 03:45:54.423,1.48036,1.48046,2.40,2.40
2008.01.14 03:45:54.590,1.48034,1.48049,7.20,4.80
2008.01.14 03:45:54.601,1.4803,1.4805,2.40,8.70
2008.01.14 03:45:56.911,1.48031,1.48046,9.00,11.80
2008.01.14 03:45:57.124,1.48033,1.48043,30.00,2.40
2008.01.14 03:45:57.337,1.48031,1.48046,11.40,8.40
2008.01.14 03:45:57.552,1.48029,1.48049,12.00,2.40
2008.01.14 03:46:02.154,1.48037,1.48047,7.80,8.40
2008.01.14 03:46:02.279,1.48038,1.48048,12.60,6.00
2008.01.14 03:46:02.527,1.48039,1.48049,13.80,4.20
2008.01.14 03:46:22.501,1.4804,1.4805,8.40,9.60
2008.01.14 03:46:22.719,1.48038,1.48053,12.00,3.00
2008.01.14 03:46:22.903,1.48038,1.48053,11.40,2.40
2008.01.14 03:46:23.057,1.48037,1.48057,12.60,6.00
2008.01.14 03:46:23.083,1.48035,1.4806,7.20,8.10
2008.01.14 03:46:23.107,1.48041,1.48056,6.00,2.40
2008.01.14 03:46:23.238,1.48041,1.48056,2.40,9.60
2008.01.14 03:46:23.337,1.4804,1.48055,2.40,5.80
2008.01.14 03:46:23.537,1.48037,1.48057,3.00,6.00
2008.01.14 03:46:23.837,1.48037,1.48057,39.00,7.80
2008.01.14 03:46:24.037,1.48035,1.48055,16.20,1.00
2008.01.14 03:46:24.137,1.48035,1.48055,1.00,6.00
2008.01.14 03:46:24.464,1.48041,1.48055,2.40,3.00
2008.01.14 03:46:24.799,1.48047,1.48057,11.40,6.40
2008.01.14 03:46:25.126,1.48058,1.48062,3.00,2.40
2008.01.14 03:46:25.452,1.48056,1.48066,4.80,8.30
2008.01.14 03:46:30.005,1.4805,1.4806,2.40,4.20
2008.01.14 03:46:30.528,1.48039,1.48059,6.40,10.20
2008.01.14 03:46:30.786,1.48035,1.4805,3.90,14.10
2008.01.14 03:46:31.046,1.48034,1.48044,11.40,1.80
2008.01.14 03:46:31.381,1.48029,1.48044,6.00,3.00
2008.01.14 03:46:31.465,1.48026,1.48046,7.80,6.00
2008.01.14 03:46:31.549,1.48025,1.48045,6.00,12.90
2008.01.14 03:46:32.079,1.48027,1.48047,2.40,6.00
2008.01.14 03:46:32.384,1.48028,1.48043,1.20,3.00
2008.01.14 03:46:32.682,1.48029,1.48039,2.40,3.30
2008.01.14 03:46:33.679,1.48026,1.48041,6.00,3.00
2008.01.14 03:46:33.809,1.48025,1.48045,6.00,8.60
2008.01.14 03:46:33.873,1.48025,1.48045,3.00,1.20
2008.01.14 03:46:33.937,1.48025,1.48045,2.40,12.40
2008.01.14 03:46:34.065,1.48024,1.48044,8.40,5.80
2008.01.14 03:46:34.130,1.48025,1.48045,4.80,2.40
2008.01.14 03:46:34.257,1.48027,1.48041,1.20,3.00
2008.01.14 03:46:34.527,1.48022,1.48042,7.20,9.60
2008.01.14 03:46:35.066,1.48016,1.48036,5.40,21.00
2008.01.14 03:46:35.336,1.4801,1.4803,5.60,4.80
2008.01.14 03:46:35.513,1.48009,1.48029,2.40,1.00
2008.01.14 03:46:40.878,1.48011,1.48037,4.80,4.80
2008.01.14 03:46:41.085,1.48016,1.48041,3.00,9.60
2008.01.14 03:46:41.233,1.48017,1.48043,6.00,1.00
2008.01.14 03:46:41.551,1.48017,1.48043,20.60,2.40
2008.01.14 03:46:49.279,1.48018,1.48043,2.40,13.20
2008.01.14 03:46:49.332,1.4802,1.4804,3.00,6.00
2008.01.14 03:46:49.546,1.4802,1.4804,22.80,16.60
2008.01.14 03:46:49.753,1.48019,1.48044,7.20,3.00
2008.01.14 03:46:53.839,1.48024,1.48044,7.80,7.60
2008.01.14 03:46:54.075,1.48025,1.48045,15.00,7.80
2008.01.14 03:46:54.126,1.48027,1.48047,21.00,13.80
2008.01.14 03:46:54.481,1.48024,1.48044,7.80,7.20
2008.01.14 03:46:54.745,1.48022,1.48042,21.00,1.20
2008.01.14 03:46:55.009,1.48016,1.48036,9.60,4.80
2008.01.14 03:46:55.273,1.48011,1.48037,4.80,4.80
2008.01.14 03:47:01.073,1.4802,1.4804,4.80,7.80
2008.01.14 03:47:02.425,1.48012,1.48027,1.00,15.00
2008.01.14 03:47:02.591,1.48002,1.48017,10.20,12.40
2008.01.14 03:47:02.966,1.47995,1.4801,24.00,3.00
2008.01.14 03:47:05.489,1.47996,1.48006,9.00,4.80
2008.01.14 03:47:05.841,1.4799,1.4801,6.00,6.00
2008.01.14 03:47:06.237,1.47993,1.48008,2.40,10.00
2008.01.14 03:47:06.459,1.47991,1.48006,24.60,4.20
2008.01.14 03:47:08.326,1.47992,1.47997,3.00,11.60
2008.01.14 03:47:08.937,1.47979,1.47999,2.40,1.00
2008.01.14 03:47:09.449,1.47965,1.47991,32.40,7.50
2008.01.14 03:47:11.796,1.47954,1.47978,12.00,1.20
2008.01.14 03:47:11.959,1.47949,1.47973,6.40,2.40
2008.01.14 03:47:12.120,1.47951,1.47975,2.40,2.40
2008.01.14 03:47:12.279,1.47957,1.47982,6.60,2.40
2008.01.14 03:47:12.441,1.47965,1.47985,3.60,3.40
2008.01.14 03:47:29.815,1.47968,1.47988,24.00,2.40
2008.01.14 03:47:30.457,1.4797,1.4799,3.60,3.00
2008.01.14 03:47:30.714,1.47973,1.47988,2.40,4.80
2008.01.14 03:47:30.969,1.47974,1.47989,3.60,6.90
2008.01.14 03:47:31.227,1.47979,1.47989,6.00,8.40
2008.01.14 03:47:31.710,1.47976,1.47996,7.90,3.60
2008.01.14 03:47:33.280,1.4798,1.48,6.80,6.60
2008.01.14 03:47:33.427,1.47983,1.48008,2.40,5.80
2008.01.14 03:47:33.563,1.47991,1.48016,14.70,7.20
2008.01.14 03:47:33.791,1.48004,1.48028,6.00,7.80
2008.01.14 03:47:34.068,1.48018,1.48043,4.80,6.00
2008.01.14 03:47:37.301,1.48025,1.48049,8.60,5.60
2008.01.14 03:47:37.426,1.48021,1.48045,4.80,7.20
2008.01.14 03:47:37.551,1.48012,1.48036,2.40,1.80
2008.01.14 03:47:37.596,1.48002,1.48028,9.00,5.40
2008.01.14 03:47:37.650,1.47995,1.48019,18.60,3.60
2008.01.14 03:47:37.865,1.4799,1.48016,4.80,8.20
2008.01.14 03:47:38.017,1.47987,1.48012,3.60,11.40
2008.01.14 03:47:38.061,1.47987,1.48012,7.20,11.40
2008.01.14 03:47:38.696,1.47986,1.48011,4.80,11.80
2008.01.14 03:47:39.385,1.47986,1.48011,4.80,7.20
2008.01.14 03:47:41.227,1.47988,1.48008,7.80,13.80
2008.01.14 03:47:45.545,1.47984,1.48004,6.00,6.00
2008.01.14 03:47:45.753,1.47978,1.47998,10.20,4.80
2008.01.14 03:47:46.029,1.47969,1.47994,4.80,1.20
2008.01.14 03:47:50.845,1.47964,1.47988,2.40,8.10
2008.01.14 03:48:20.650,1.47966,1.47986,2.40,3.00
2008.01.14 03:48:20.748,1.47963,1.47983,12.00,2.40
2008.01.14 03:48:20.872,1.47959,1.47979,2.40,6.70
2008.01.14 03:48:20.997,1.47959,1.47979,2.40,3.00
2008.01.14 03:48:21.487,1.47957,1.47977,2.40,1.00
2008.01.14 03:48:21.611,1.47956,1.47981,3.00,7.20
2008.01.14 03:48:21.735,1.47959,1.47984,1.00,2.50
2008.01.14 03:48:21.859,1.47968,1.47993,1.20,4.80
2008.01.14 03:48:22.419,1.4798,1.48005,2.10,7.80
2008.01.14 03:48:23.641,1.47989,1.48009,1.00,4.80
2008.01.14 03:48:23.785,1.47986,1.48006,42.00,14.40
2008.01.14 03:48:24.073,1.4798,1.48004,3.60,2.40
2008.01.14 03:48:24.215,1.47976,1.48,2.40,7.20
2008.01.14 03:48:24.275,1.47976,1.48,2.40,13.60
2008.01.14 03:48:25.443,1.47974,1.48,1.00,6.00
2008.01.14 03:48:25.515,1.47977,1.47997,6.60,3.00
2008.01.14 03:48:25.629,1.47975,1.47995,7.60,3.00
2008.01.14 03:48:25.719,1.47972,1.47992,9.70,1.00
2008.01.14 03:48:26.167,1.47967,1.47991,2.40,7.80
2008.01.14 03:48:26.595,1.47966,1.47991,2.40,8.10
2008.01.14 03:48:27.615,1.47967,1.47992,7.80,8.40
2008.01.14 03:48:28.864,1.47969,1.47994,4.80,7.80
2008.01.14 03:48:29.623,1.4797,1.47996,8.50,6.00
2008.01.14 03:48:30.895,1.47973,1.47993,3.00,3.00
2008.01.14 03:48:31.068,1.47974,1.47994,7.20,8.80
2008.01.14 03:48:31.077,1.47976,1.47992,2.40,2.40
2008.01.14 03:48:31.397,1.47975,1.47991,4.80,1.20
2008.01.14 03:48:31.466,1.47971,1.47991,3.60,6.00
2008.01.14 03:48:35.455,1.4797,1.47985,12.60,1.80
2008.01.14 03:48:35.616,1.47964,1.47978,20.20,2.40
2008.01.14 03:48:35.672,1.47953,1.47969,6.00,6.60
2008.01.14 03:48:35.709,1.47935,1.47961,1.20,5.80
2008.01.14 03:48:35.744,1.47931,1.47957,2.40,6.00
2008.01.14 03:48:36.075,1.47939,1.47963,6.00,3.00
2008.01.14 03:48:36.235,1.47945,1.4797,3.00,9.00
2008.01.14 03:48:37.375,1.47952,1.47976,1.20,12.60
2008.01.14 03:48:43.123,1.47955,1.4798,7.20,9.60
2008.01.14 03:48:43.475,1.47958,1.47983,1.20,9.10
2008.01.14 03:48:54.050,1.47959,1.47984,7.80,4.40
2008.01.14 03:48:54.132,1.47959,1.47984,6.00,15.70
2008.01.14 03:48:54.287,1.4796,1.47985,4.80,7.20
2008.01.14 03:48:54.523,1.47958,1.47983,4.80,7.20
2008.01.14 03:48:54.603,1.47954,1.47979,1.20,7.20
2008.01.14 03:48:57.241,1.4795,1.47976,1.20,7.20
2008.01.14 03:49:06.488,1.47948,1.47972,2.40,8.50
2008.01.14 03:49:06.650,1.47949,1.47974,21.60,4.80
2008.01.14 03:49:06.808,1.4795,1.47975,4.80,4.80
2008.01.14 03:49:06.968,1.47953,1.47973,1.20,2.40
2008.01.14 03:49:07.128,1.47953,1.47973,18.00,1.20
2008.01.14 03:49:07.264,1.47955,1.47975,17.70,3.00
2008.01.14 03:49:07.532,1.47956,1.47976,4.20,2.70
2008.01.14 03:49:08.073,1.47953,1.47978,3.00,4.80
2008.01.14 03:49:08.308,1.47953,1.47978,12.00,5.80
2008.01.14 03:49:08.409,1.47957,1.47972,4.20,2.40
2008.01.14 03:49:08.508,1.47953,1.47973,3.60,3.20
2008.01.14 03:49:08.608,1.47954,1.47974,5.40,14.40
2008.01.14 03:49:08.708,1.47957,1.47977,6.00,3.60
2008.01.14 03:49:08.908,1.47958,1.47983,5.40,3.00
2008.01.14 03:49:17.757,1.47962,1.47987,1.00,2.40
2008.01.14 03:49:17.802,1.47967,1.47987,4.80,5.40
2008.01.14 03:49:17.884,1.47967,1.47987,12.00,3.00
2008.01.14 03:49:18.069,1.47965,1.47985,2.40,10.00
2008.01.14 03:49:18.339,1.47963,1.47979,4.80,28.00
2008.01.14 03:49:18.581,1.47954,1.47974,9.00,4.20
2008.01.14 03:49:19.092,1.47943,1.47968,5.40,9.60
2008.01.14 03:49:21.689,1.47939,1.47959,17.40,4.80
2008.01.14 03:49:21.778,1.47938,1.47958,2.40,10.80
2008.01.14 03:49:21.886,1.47942,1.47962,2.40,1.20
2008.01.14 03:49:22.393,1.47944,1.47968,5.40,6.00
2008.01.14 03:49:23.380,1.47947,1.47972,4.80,3.00
2008.01.14 03:49:23.460,1.47949,1.47973,4.80,3.00
2008.01.14 03:49:23.626,1.4795,1.47974,4.80,13.20
2008.01.14 03:49:25.298,1.47953,1.47973,2.40,4.80
2008.01.14 03:49:27.172,1.47956,1.47976,1.00,2.40
2008.01.14 03:49:27.251,1.47959,1.47979,2.40,9.00
2008.01.14 03:49:27.612,1.47963,1.47983,10.80,1.00
2008.01.14 03:49:27.910,1.47963,1.47988,10.00,2.40
2008.01.14 03:49:30.392,1.47965,1.4799,4.80,4.30
2008.01.14 03:49:30.733,1.47964,1.47989,2.40,7.20
2008.01.14 03:49:32.111,1.47963,1.47987,3.00,4.80
2008.01.14 03:49:32.510,1.47965,1.47985,6.00,2.40
2008.01.14 03:49:32.588,1.47964,1.47984,8.40,11.50
2008.01.14 03:49:32.649,1.47963,1.47983,5.40,6.60
2008.01.14 03:49:32.685,1.47963,1.47983,4.20,2.40
2008.01.14 03:49:32.722,1.47961,1.47981,15.00,2.40
2008.01.14 03:49:33.153,1.47959,1.47984,7.80,6.00
2008.01.14 03:49:33.849,1.47962,1.47987,4.80,2.40
2008.01.14 03:49:36.361,1.47968,1.47994,3.00,6.60
2008.01.14 03:49:41.482,1.47983,1.47993,6.60,8.40
2008.01.14 03:49:41.946,1.47976,1.48,1.20,6.00
2008.01.14 03:49:43.498,1.47967,1.47992,2.40,7.80
2008.01.14 03:49:44.116,1.47962,1.47982,7.80,8.40
2008.01.14 03:49:44.352,1.4796,1.4798,6.60,1.20
2008.01.14 03:49:44.588,1.47959,1.47983,11.40,9.60
2008.01.14 03:49:47.005,1.4796,1.47985,1.00,3.00
2008.01.14 03:49:47.220,1.47962,1.47988,4.80,12.60
2008.01.14 03:49:47.288,1.47963,1.47988,2.20,2.50
2008.01.14 03:49:47.378,1.47962,1.47988,7.20,4.80
2008.01.14 03:49:48.118,1.47962,1.47986,2.40,14.70
2008.01.14 03:49:48.296,1.47963,1.47983,7.20,8.10
2008.01.14 03:49:48.472,1.47961,1.47981,9.60,4.80
2008.01.14 03:49:48.991,1.47957,1.47982,4.80,7.30
2008.01.14 03:49:49.393,1.47959,1.47979,10.80,4.80
2008.01.14 03:49:56.928,1.47955,1.4798,2.40,1.80
2008.01.14 03:49:57.214,1.47954,1.47979,2.40,1.00
2008.01.14 03:49:57.384,1.47955,1.47975,7.20,22.00
2008.01.14 03:49:57.605,1.47959,1.47965,10.20,12.00
2008.01.14 03:49:57.693,1.47959,1.47964,8.40,9.10
2008.01.14 03:49:57.869,1.47958,1.47963,2.40,6.00
2008.01.14 03:49:57.957,1.47959,1.47964,3.00,7.20
2008.01.14 03:49:58.072,1.4796,1.47965,5.40,4.80
2008.01.14 03:49:58.299,1.47956,1.47971,3.00,1.80
2008.01.14 03:49:58.416,1.47958,1.47973,2.40,6.00
2008.01.14 03:49:58.546,1.47957,1.47977,3.00,20.50
2008.01.14 03:49:58.664,1.47958,1.47978,28.60,7.20
2008.01.14 03:49:58.779,1.47962,1.47982,6.60,2.40
2008.01.14 03:49:58.895,1.47963,1.47988,7.80,22.80
2008.01.14 03:49:59.284,1.47965,1.47991,6.60,1.00
2008.01.14 03:50:06.998,1.4798,1.48,3.00,1.90
2008.01.14 03:50:07.263,1.4798,1.48,4.80,10.20
2008.01.14 03:50:07.527,1.47984,1.47999,6.60,7.20
2008.01.14 03:50:10.029,1.47987,1.47997,6.00,8.70
2008.01.14 03:50:10.192,1.47986,1.48001,11.40,3.00
2008.01.14 03:50:10.355,1.47987,1.48002,1.00,8.80
2008.01.14 03:50:10.799,1.47987,1.48002,10.80,1.60
2008.01.14 03:50:10.890,1.47985,1.48,16.20,2.40
2008.01.14 03:50:11.044,1.47984,1.47999,2.40,9.30
2008.01.14 03:50:11.180,1.4798,1.48,12.60,4.80
2008.01.14 03:50:11.271,1.4798,1.47995,3.60,1.00
2008.01.14 03:50:11.571,1.47978,1.47993,2.40,19.90
2008.01.14 03:50:11.872,1.47979,1.47994,13.80,2.40
2008.01.14 03:50:12.474,1.47979,1.47999,2.40,2.40
2008.01.14 03:50:12.700,1.47989,1.48009,1.00,7.90
2008.01.14 03:50:12.927,1.48007,1.48017,6.60,4.80
2008.01.14 03:50:13.151,1.48013,1.48019,9.60,4.80
2008.01.14 03:50:13.375,1.48005,1.48015,2.40,17.40
2008.01.14 03:50:13.599,1.47995,1.48005,1.00,1.00
2008.01.14 03:50:13.844,1.47988,1.48002,2.40,1.20
2008.01.14 03:50:14.087,1.47977,1.48003,1.00,11.50
2008.01.14 03:50:14.338,1.47977,1.48002,6.00,2.40
2008.01.14 03:50:14.576,1.47979,1.47999,6.30,11.50
2008.01.14 03:50:14.752,1.47985,1.47995,5.40,6.00
2008.01.14 03:50:15.042,1.4798,1.48004,9.60,11.70
2008.01.14 03:50:15.719,1.47982,1.48002,8.40,8.50
2008.01.14 03:50:15.860,1.47982,1.48002,7.20,3.00
2008.01.14 03:50:15.993,1.47979,1.47999,4.80,18.10
2008.01.14 03:50:16.263,1.47983,1.47993,4.80,9.00
2008.01.14 03:50:16.543,1.47976,1.47991,12.00,6.90
2008.01.14 03:50:16.679,1.4797,1.4799,12.00,8.40
2008.01.14 03:50:16.815,1.47968,1.47988,17.40,1.00
2008.01.14 03:50:17.051,1.4797,1.4799,4.20,8.10
2008.01.14 03:50:17.286,1.4797,1.47995,2.40,9.00
2008.01.14 03:50:17.790,1.47976,1.47996,7.20,12.70
2008.01.14 03:50:18.030,1.4798,1.47995,1.00,2.40
2008.01.14 03:50:18.291,1.47981,1.47996,4.80,15.00
2008.01.14 03:50:18.556,1.47973,1.47999,3.60,2.40
2008.01.14 03:50:18.820,1.47969,1.47994,4.80,7.80
2008.01.14 03:50:19.080,1.47964,1.4799,2.40,8.80
2008.01.14 03:50:19.756,1.47956,1.47981,1.00,8.80
2008.01.14 03:50:19.816,1.47949,1.47973,1.20,13.50
2008.01.14 03:50:19.962,1.47949,1.47973,9.00,4.80
2008.01.14 03:50:20.006,1.47957,1.47983,6.00,3.00
2008.01.14 03:50:20.056,1.47966,1.4799,6.00,3.00
2008.01.14 03:50:20.239,1.47972,1.47997,8.40,10.90
2008.01.14 03:50:20.350,1.47978,1.48004,1.20,9.60
2008.01.14 03:50:23.951,1.4799,1.48,2.40,4.20
2008.01.14 03:50:27.175,1.47983,1.48009,7.80,14.70
2008.01.14 03:50:28.467,1.47992,1.48002,8.80,8.80
2008.01.14 03:50:29.697,1.47983,1.48008,3.00,6.40
2008.01.14 03:50:29.875,1.47989,1.47999,7.20,3.60
2008.01.14 03:50:30.300,1.47979,1.48005,7.80,17.50
2008.01.14 03:50:30.584,1.47977,1.48003,3.00,6.00
2008.01.14 03:50:34.272,1.47982,1.47996,2.40,5.40
2008.01.14 03:50:45.118,1.47976,1.48,9.00,2.40
2008.01.14 03:50:46.978,1.47976,1.48001,8.40,8.40
2008.01.14 03:50:47.006,1.47977,1.48002,3.00,6.00
2008.01.14 03:50:47.034,1.47977,1.48002,12.60,15.70
2008.01.14 03:50:47.104,1.47977,1.48002,8.30,4.80
2008.01.14 03:50:47.208,1.47978,1.48003,2.25,4.80
2008.01.14 03:50:47.542,1.47984,1.47999,7.80,8.40
2008.01.14 03:50:51.588,1.47981,1.48006,3.00,23.40
2008.01.14 03:50:57.109,1.47989,1.47999,1.80,3.00
2008.01.14 03:50:57.635,1.47983,1.48008,10.80,7.80
2008.01.14 03:50:57.882,1.47987,1.48007,11.80,2.40
2008.01.14 03:50:58.131,1.47991,1.48006,4.80,8.80
2008.01.14 03:50:58.391,1.47996,1.48011,6.00,4.20
2008.01.14 03:50:58.870,1.47994,1.4802,4.80,4.20
2008.01.14 03:51:07.036,1.48003,1.48023,6.60,12.10
2008.01.14 03:51:07.309,1.48,1.4801,1.20,3.00
2008.01.14 03:51:07.841,1.47991,1.48006,10.80,3.00
2008.01.14 03:51:08.100,1.47981,1.48006,3.00,11.50
2008.01.14 03:51:08.874,1.47983,1.48003,6.00,6.00
2008.01.14 03:51:09.018,1.47981,1.48001,20.50,9.00
2008.01.14 03:51:09.177,1.47983,1.48003,8.40,8.40
2008.01.14 03:51:09.306,1.47981,1.48001,14.40,1.00
2008.01.14 03:51:10.777,1.47977,1.47997,5.40,6.60
2008.01.14 03:51:13.706,1.47969,1.47989,2.40,29.50
2008.01.14 03:51:14.286,1.47967,1.47987,2.40,4.80
2008.01.14 03:51:14.482,1.47969,1.47989,8.40,2.50
2008.01.14 03:51:15.887,1.47972,1.47996,7.80,5.40
2008.01.14 03:51:15.966,1.4798,1.48,12.00,4.20
2008.01.14 03:51:16.120,1.47986,1.48006,19.80,4.80
2008.01.14 03:51:16.200,1.47991,1.48011,3.60,13.20
2008.01.14 03:51:16.460,1.48,1.4801,2.40,8.40
2008.01.14 03:51:21.014,1.48004,1.48014,7.80,6.80
2008.01.14 03:51:21.052,1.48001,1.48021,2.40,2.40
2008.01.14 03:51:21.170,1.48004,1.48024,10.80,7.90
2008.01.14 03:51:21.199,1.48008,1.48028,9.00,13.30
2008.01.14 03:51:21.268,1.48017,1.48027,12.00,13.90
2008.01.14 03:51:21.294,1.48019,1.48029,6.00,1.80
2008.01.14 03:51:21.716,1.48016,1.48026,1.00,3.60
2008.01.14 03:51:21.785,1.48007,1.48023,9.00,10.50
2008.01.14 03:51:22.043,1.48,1.48016,5.80,6.40
2008.01.14 03:51:22.104,1.47996,1.48012,6.00,8.40
2008.01.14 03:51:22.552,1.4799,1.4801,1.20,6.00
2008.01.14 03:51:22.894,1.47988,1.48008,7.80,8.40
2008.01.14 03:51:23.232,1.47986,1.48006,24.30,3.30
2008.01.14 03:51:31.188,1.47982,1.48007,6.00,13.30
2008.01.14 03:51:35.624,1.47983,1.48003,8.40,6.60
2008.01.14 03:51:43.008,1.47982,1.48002,11.40,2.40
2008.01.14 03:51:46.949,1.47981,1.48001,3.60,13.60
2008.01.14 03:51:49.184,1.47984,1.48004,27.60,2.40
2008.01.14 03:51:51.850,1.47987,1.48007,18.30,17.40
2008.01.14 03:51:52.184,1.47994,1.48004,1.00,11.80
2008.01.14 03:51:52.714,1.47993,1.48008,7.80,14.40
2008.01.14 03:51:53.256,1.4799,1.4801,4.80,11.80
2008.01.14 03:52:02.363,1.47992,1.48012,10.20,1.80
2008.01.14 03:52:03.363,1.47994,1.48014,10.80,1.20
2008.01.14 03:52:03.464,1.47998,1.48018,2.40,20.60
2008.01.14 03:52:03.566,1.48002,1.48022,4.20,3.60
2008.01.14 03:52:03.663,1.48008,1.48023,4.80,7.20
2008.01.14 03:52:03.975,1.48012,1.48027,6.00,2.40
2008.01.14 03:52:04.075,1.4801,1.4803,16.20,17.40
2008.01.14 03:52:04.176,1.48014,1.48028,21.60,8.40
2008.01.14 03:52:04.274,1.48012,1.48028,2.40,2.40
2008.01.14 03:52:04.610,1.48009,1.48029,2.40,7.20
2008.01.14 03:52:04.930,1.48008,1.48028,1.80,2.40
2008.01.14 03:52:08.337,1.48011,1.48026,6.60,2.80
2008.01.14 03:52:08.568,1.48012,1.48026,1.20,14.80
2008.01.14 03:52:08.656,1.48016,1.48026,6.00,5.50
2008.01.14 03:52:13.505,1.48012,1.48032,2.40,4.80
2008.01.14 03:52:17.313,1.48015,1.48035,1.00,6.00
2008.01.14 03:52:39.690,1.48023,1.48033,10.20,1.00
2008.01.14 03:52:39.751,1.48022,1.48042,10.80,9.90
2008.01.14 03:52:39.821,1.48023,1.48043,22.80,16.60
2008.01.14 03:52:39.874,1.48024,1.48039,2.40,11.20
2008.01.14 03:52:39.954,1.48023,1.48033,4.80,8.70
2008.01.14 03:52:40.010,1.48019,1.48029,4.20,9.60
2008.01.14 03:52:40.112,1.48012,1.48032,6.00,1.00
2008.01.14 03:52:40.186,1.48013,1.48023,3.60,9.00
2008.01.14 03:52:40.295,1.4801,1.4802,5.40,5.40
2008.01.14 03:52:40.402,1.48012,1.48017,5.40,2.40
2008.01.14 03:52:41.473,1.48011,1.48016,13.80,6.00
2008.01.14 03:52:41.735,1.48005,1.4802,7.20,19.60
2008.01.14 03:52:42.034,1.48003,1.48018,5.40,9.00
2008.01.14 03:52:44.084,1.47999,1.48015,4.60,6.00
2008.01.14 03:52:44.326,1.47997,1.48003,4.80,13.20
2008.01.14 03:52:44.570,1.47984,1.48,2.40,2.10
2008.01.14 03:52:44.814,1.4798,1.47996,2.40,4.80
2008.01.14 03:52:44.999,1.47982,1.48002,5.40,5.40
2008.01.14 03:52:45.902,1.47988,1.48008,4.80,4.80
2008.01.14 03:52:46.158,1.47994,1.48014,1.20,6.60
2008.01.14 03:52:46.414,1.47994,1.4802,6.00,8.40
2008.01.14 03:52:48.875,1.47996,1.48021,12.80,5.40
2008.01.14 03:52:48.951,1.47997,1.48022,4.80,3.60
2008.01.14 03:52:49.026,1.48001,1.48016,17.40,4.20
2008.01.14 03:52:49.269,1.48003,1.48018,13.80,5.80
2008.01.14 03:52:50.136,1.48002,1.48022,8.40,2.40
2008.01.14 03:52:52.750,1.48006,1.48021,7.20,1.00
2008.01.14 03:52:54.690,1.48008,1.48023,4.80,9.60
2008.01.14 03:52:54.855,1.48013,1.48028,12.60,10.20
2008.01.14 03:52:55.205,1.48016,1.48031,6.00,5.70
2008.01.14 03:52:55.405,1.48017,1.48037,2.40,2.40
2008.01.14 03:53:11.941,1.48022,1.48038,3.00,2.70
2008.01.14 03:53:13.143,1.48022,1.48036,6.00,3.00
2008.01.14 03:53:13.329,1.4802,1.48035,2.40,2.90
2008.01.14 03:53:13.512,1.48023,1.48033,2.40,2.40
2008.01.14 03:53:13.699,1.48023,1.48033,22.20,7.20
2008.01.14 03:53:13.894,1.48021,1.48031,10.20,3.10
2008.01.14 03:53:14.040,1.48022,1.48027,2.40,1.00
2008.01.14 03:53:14.188,1.48018,1.48028,28.80,2.40
2008.01.14 03:53:14.336,1.48016,1.48026,2.40,12.60
2008.01.14 03:53:14.484,1.48012,1.48027,7.80,9.00
2008.01.14 03:53:14.633,1.48009,1.48029,26.00,2.40
2008.01.14 03:53:14.780,1.48012,1.48027,1.20,2.40
2008.01.14 03:53:15.266,1.48013,1.48028,4.80,16.30
2008.01.14 03:53:15.606,1.4801,1.4803,1.20,6.00
2008.01.14 03:53:17.144,1.48014,1.48024,1.00,16.50
2008.01.14 03:53:17.280,1.48004,1.48024,4.80,11.40
2008.01.14 03:53:17.552,1.47998,1.48018,8.40,2.40
2008.01.14 03:53:21.461,1.47991,1.48011,6.00,12.10
2008.01.14 03:53:23.086,1.4799,1.48006,9.00,3.00
2008.01.14 03:53:23.248,1.47994,1.48009,24.00,4.80
2008.01.14 03:53:23.412,1.47996,1.48016,4.20,1.00
2008.01.14 03:53:23.576,1.48001,1.48021,23.60,4.80
2008.01.14 03:53:23.741,1.48,1.48025,6.00,7.80
2008.01.14 03:53:23.957,1.48004,1.48024,11.40,4.20
2008.01.14 03:53:30.498,1.48009,1.48024,3.00,7.00
2008.01.14 03:53:30.529,1.4801,1.48025,11.40,3.00
2008.01.14 03:53:30.677,1.4801,1.4803,10.80,15.60
2008.01.14 03:53:30.748,1.48011,1.48031,4.80,7.80
2008.01.14 03:53:31.065,1.48012,1.48032,2.40,21.60
2008.01.14 03:53:31.326,1.48015,1.4803,8.70,7.20
2008.01.14 03:53:31.508,1.48014,1.4803,19.20,4.80
2008.01.14 03:53:31.699,1.48015,1.48029,3.10,9.60
2008.01.14 03:53:31.885,1.48013,1.48033,27.60,4.80
2008.01.14 03:53:32.075,1.48011,1.48031,13.50,8.70
2008.01.14 03:53:32.260,1.48009,1.48029,1.20,11.40
2008.01.14 03:53:32.560,1.48007,1.48027,7.80,3.00
2008.01.14 03:53:33.452,1.48006,1.48026,13.80,6.10
2008.01.14 03:53:36.398,1.48008,1.48023,2.40,1.00
2008.01.14 03:53:36.423,1.4801,1.48025,4.80,28.00
2008.01.14 03:53:36.428,1.48014,1.48029,8.40,8.40
2008.01.14 03:53:36.499,1.48021,1.48036,12.60,3.00
2008.01.14 03:53:36.572,1.48027,1.48047,1.00,3.00
2008.01.14 03:53:36.632,1.48039,1.48054,6.60,4.80
2008.01.14 03:53:36.721,1.48041,1.48057,7.20,4.40
2008.01.14 03:53:36.727,1.48033,1.48053,6.00,8.70
2008.01.14 03:53:36.948,1.48026,1.48046,1.20,2.80
2008.01.14 03:53:36.952,1.48023,1.48038,1.00,4.80
2008.01.14 03:53:37.046,1.4802,1.48035,12.60,4.80
2008.01.14 03:53:37.098,1.4802,1.48035,2.40,6.60
2008.01.14 03:53:37.435,1.48016,1.48036,13.20,2.40
2008.01.14 03:53:37.770,1.48014,1.48034,4.80,1.20
2008.01.14 03:53:39.413,1.48014,1.48034,7.20,6.00
2008.01.14 03:53:39.532,1.48018,1.48032,7.80,3.00
2008.01.14 03:53:39.652,1.48019,1.48034,2.40,1.00
2008.01.14 03:53:39.893,1.48016,1.48036,14.50,1.20
2008.01.14 03:53:40.133,1.48014,1.48034,6.60,5.40
2008.01.14 03:53:40.373,1.48013,1.48033,7.80,1.20
2008.01.14 03:53:43.739,1.48012,1.48032,3.00,11.20
2008.01.14 03:53:43.868,1.48013,1.48028,6.00,6.00
2008.01.14 03:53:44.009,1.48013,1.48028,3.00,2.70
2008.01.14 03:53:44.428,1.48009,1.48029,8.40,4.30
2008.01.14 03:53:44.752,1.48013,1.48028,2.40,14.30
2008.01.14 03:53:44.870,1.48012,1.48032,17.40,1.00
2008.01.14 03:53:45.216,1.48014,1.48034,2.40,3.00
2008.01.14 03:53:45.459,1.48016,1.48036,4.80,4.20
2008.01.14 03:53:56.772,1.48014,1.48034,18.60,4.20
2008.01.14 03:53:56.854,1.48015,1.48035,3.00,4.80
2008.01.14 03:53:56.900,1.48019,1.48034,10.20,4.80
2008.01.14 03:53:56.994,1.4802,1.48035,2.40,5.40
2008.01.14 03:53:57.096,1.48023,1.48033,2.40,3.00
2008.01.14 03:53:57.145,1.48022,1.48037,7.20,4.80
2008.01.14 03:53:57.194,1.48023,1.48038,4.80,1.80
2008.01.14 03:53:57.284,1.48021,1.48036,1.00,16.80
2008.01.14 03:53:57.372,1.48022,1.48032,8.40,2.70
2008.01.14 03:53:57.480,1.48017,1.48032,3.60,3.00
2008.01.14 03:53:57.832,1.48015,1.48029,1.20,6.30
2008.01.14 03:54:08.689,1.48013,1.48029,4.80,3.60
2008.01.14 03:54:09.025,1.48014,1.48034,2.40,12.10
2008.01.14 03:54:09.336,1.48019,1.48034,2.40,1.80
2008.01.14 03:54:09.519,1.48019,1.48034,3.60,2.40
2008.01.14 03:54:09.657,1.48019,1.48034,2.40,15.90
2008.01.14 03:54:09.720,1.48018,1.48033,4.40,2.40
2008.01.14 03:54:09.784,1.48013,1.48033,3.00,4.80
2008.01.14 03:54:10.137,1.48009,1.48034,7.80,9.70
2008.01.14 03:54:10.696,1.48003,1.48029,13.80,3.60
2008.01.14 03:54:10.845,1.47996,1.48021,3.00,2.50
2008.01.14 03:54:11.279,1.47994,1.48018,3.60,9.00
2008.01.14 03:54:15.312,1.47994,1.48019,2.40,9.30
2008.01.14 03:54:15.444,1.47998,1.48018,6.60,8.90
2008.01.14 03:54:15.569,1.47997,1.48017,2.40,6.10
2008.01.14 03:54:15.697,1.47996,1.48016,18.60,3.60
2008.01.14 03:54:15.950,1.47993,1.48017,9.00,26.40
2008.01.14 03:54:16.217,1.47995,1.48015,2.40,6.00
2008.01.14 03:54:19.733,1.47997,1.48017,9.00,4.80
2008.01.14 03:54:19.855,1.47997,1.48017,3.00,2.40
2008.01.14 03:54:20.021,1.47996,1.48021,6.40,7.80
2008.01.14 03:54:34.076,1.48006,1.48016,10.20,6.00
2008.01.14 03:54:34.356,1.48008,1.48018,11.60,4.80
2008.01.14 03:54:34.505,1.48014,1.48024,8.40,2.40
2008.01.14 03:54:34.774,1.48015,1.48035,6.90,1.80
2008.01.14 03:54:34.908,1.48025,1.48041,4.20,12.70
2008.01.14 03:54:35.344,1.48032,1.48048,12.00,1.00
2008.01.14 03:54:35.566,1.48033,1.48047,5.40,3.60
2008.01.14 03:54:44.474,1.48025,1.48045,1.00,3.00
2008.01.14 03:54:44.511,1.4802,1.4804,7.20,12.60
2008.01.14 03:54:44.764,1.48018,1.48038,21.60,4.80
2008.01.14 03:54:44.875,1.48019,1.48039,8.40,9.10
2008.01.14 03:54:45.152,1.48018,1.48043,12.60,1.00
2008.01.14 03:54:45.644,1.48016,1.48041,6.60,12.60
2008.01.14 03:54:47.604,1.48014,1.48039,2.40,8.50
2008.01.14 03:54:47.784,1.4801,1.48035,4.80,12.00
2008.01.14 03:54:47.964,1.48009,1.48034,10.50,6.40
2008.01.14 03:54:48.164,1.48014,1.48034,8.40,9.60
2008.01.14 03:54:48.559,1.48016,1.48036,7.80,4.80
2008.01.14 03:54:48.760,1.48016,1.4804,7.80,9.00
2008.01.14 03:55:01.290,1.48013,1.48027,3.60,7.20
2008.01.14 03:55:07.848,1.48012,1.48027,10.60,5.80
2008.01.14 03:55:10.618,1.48005,1.4803,3.00,8.40
2008.01.14 03:55:16.102,1.48001,1.48026,12.60,4.80
2008.01.14 03:55:20.589,1.47997,1.48021,4.80,10.80
2008.01.14 03:55:33.460,1.47993,1.48018,7.20,4.80
2008.01.14 03:55:33.578,1.47994,1.48018,4.20,9.20
2008.01.14 03:55:33.696,1.47998,1.48022,3.00,11.40
2008.01.14 03:55:34.058,1.48002,1.48026,17.60,6.00
2008.01.14 03:55:46.995,1.48003,1.48029,12.00,5.40
2008.01.14 03:55:50.224,1.48009,1.48025,2.40,6.60
2008.01.14 03:55:50.450,1.48018,1.48028,2.40,15.00
2008.01.14 03:55:51.148,1.48022,1.48038,11.40,2.40
2008.01.14 03:55:51.302,1.48031,1.48045,4.80,6.10
2008.01.14 03:55:51.459,1.48034,1.48048,2.40,9.60
2008.01.14 03:55:51.615,1.48028,1.48044,10.80,2.40
2008.01.14 03:55:51.771,1.48022,1.48037,18.00,10.50
2008.01.14 03:55:52.294,1.48011,1.48037,13.20,3.00
2008.01.14 03:55:52.395,1.4801,1.4803,11.40,9.70
2008.01.14 03:55:53.430,1.48008,1.48024,2.40,27.60
2008.01.14 03:55:53.550,1.48011,1.48021,10.50,1.00
2008.01.14 03:55:53.786,1.48013,1.48023,2.40,3.60
2008.01.14 03:55:55.620,1.48007,1.48033,5.60,5.40
2008.01.14 03:55:56.086,1.48016,1.48032,5.40,7.30
2008.01.14 03:55:56.208,1.4802,1.48035,6.00,2.40
2008.01.14 03:55:56.498,1.48022,1.48036,26.40,21.00
2008.01.14 03:56:03.267,1.47999,1.48023,13.60,2.40
2008.01.14 03:56:03.462,1.48,1.48025,15.70,12.60
2008.01.14 03:56:03.657,1.48001,1.48026,2.40,2.90
2008.01.14 03:56:03.869,1.48003,1.48028,25.20,5.50
2008.01.14 03:56:04.555,1.48004,1.48029,6.00,6.60
2008.01.14 03:56:06.263,1.48005,1.4803,4.80,1.00
2008.01.14 03:56:07.533,1.48011,1.48031,5.40,6.40
2008.01.14 03:56:07.670,1.48012,1.48032,2.40,5.20
2008.01.14 03:56:07.806,1.48014,1.48034,1.20,2.80
2008.01.14 03:56:09.236,1.48014,1.48034,6.00,6.60
2008.01.14 03:56:09.406,1.48018,1.48028,17.40,3.00
2008.01.14 03:56:09.587,1.48014,1.48024,6.00,4.80
2008.01.14 03:56:09.754,1.48008,1.48023,4.80,1.20
2008.01.14 03:56:10.032,1.48003,1.48028,4.80,2.40
2008.01.14 03:56:10.260,1.48007,1.48027,2.40,12.40
2008.01.14 03:56:10.376,1.48011,1.48031,9.00,6.00
2008.01.14 03:56:10.497,1.48014,1.48034,4.80,7.20
2008.01.14 03:56:10.608,1.48016,1.48036,6.00,2.40
2008.01.14 03:56:10.725,1.48016,1.48036,10.20,10.50
2008.01.14 03:56:10.840,1.48012,1.48037,1.00,26.90
2008.01.14 03:56:10.956,1.48009,1.48035,1.00,2.40
2008.01.14 03:56:11.208,1.48006,1.48031,7.80,1.20
2008.01.14 03:56:11.338,1.48007,1.48027,21.00,14.40
2008.01.14 03:56:11.466,1.48007,1.48027,4.80,3.70
2008.01.14 03:56:11.594,1.48008,1.48028,12.00,7.80
2008.01.14 03:56:11.844,1.48007,1.48027,2.40,2.90
2008.01.14 03:56:11.972,1.48002,1.48028,8.40,12.60
2008.01.14 03:56:13.404,1.47996,1.48021,2.40,2.40
2008.01.14 03:56:14.324,1.47994,1.48018,1.80,4.80
2008.01.14 03:56:15.337,1.47999,1.48019,4.80,3.00
2008.01.14 03:56:15.482,1.48004,1.48024,1.00,7.80
2008.01.14 03:56:15.640,1.48007,1.48032,3.00,4.80
2008.01.14 03:56:15.790,1.48011,1.48036,8.40,11.50
2008.01.14 03:56:15.902,1.48014,1.48039,1.00,2.40
2008.01.14 03:56:16.202,1.48016,1.48041,2.40,14.40
2008.01.14 03:56:17.469,1.48016,1.48041,4.80,7.20
2008.01.14 03:56:18.786,1.48017,1.48037,3.00,9.60
2008.01.14 03:56:23.827,1.48016,1.48036,12.60,2.40
2008.01.14 03:56:24.000,1.48014,1.48034,8.40,2.40
2008.01.14 03:56:24.153,1.4801,1.48036,4.80,8.10
2008.01.14 03:56:24.764,1.48011,1.48036,9.70,1.00
2008.01.14 03:56:27.781,1.48016,1.48031,8.40,6.00
2008.01.14 03:56:27.936,1.4801,1.48035,9.60,22.00
2008.01.14 03:56:28.160,1.48008,1.48034,2.40,6.60
2008.01.14 03:56:28.604,1.48007,1.48033,7.80,7.80
2008.01.14 03:56:28.830,1.48003,1.48029,15.00,12.30
2008.01.14 03:56:28.997,1.47999,1.48025,3.00,10.80
2008.01.14 03:56:30.720,1.48,1.48024,1.00,3.60
2008.01.14 03:56:31.806,1.48,1.48024,6.60,7.20
2008.01.14 03:56:32.173,1.48004,1.48024,7.20,2.40
2008.01.14 03:56:35.693,1.48003,1.48027,38.40,2.40
2008.01.14 03:56:35.825,1.4801,1.48025,6.60,2.40
2008.01.14 03:56:35.853,1.48013,1.48028,4.80,10.20
2008.01.14 03:56:35.886,1.48018,1.48033,6.60,1.00
2008.01.14 03:56:35.916,1.4802,1.48036,3.60,2.40
2008.01.14 03:56:36.042,1.48017,1.48037,8.40,34.20
2008.01.14 03:56:36.433,1.4801,1.48035,4.80,7.20
2008.01.14 03:56:37.556,1.48005,1.4803,8.40,6.00
2008.01.14 03:56:37.800,1.48002,1.48027,2.40,4.80
2008.01.14 03:56:38.809,1.48004,1.48024,2.40,11.20
2008.01.14 03:56:39.031,1.48003,1.48028,1.00,8.80
2008.01.14 03:56:39.426,1.48015,1.48025,2.40,3.00
2008.01.14 03:56:39.626,1.48022,1.48027,4.80,8.80
2008.01.14 03:56:39.825,1.48016,1.48031,7.20,4.80
2008.01.14 03:56:40.148,1.4801,1.48035,9.60,5.40
2008.01.14 03:56:40.236,1.48009,1.48034,9.00,11.70
2008.01.14 03:56:40.408,1.48011,1.48031,2.40,3.00
2008.01.14 03:56:40.497,1.48012,1.48032,3.00,14.50
2008.01.14 03:56:40.676,1.48011,1.48036,9.60,2.40
2008.01.14 03:56:40.763,1.48012,1.48037,12.60,5.40
2008.01.14 03:56:40.848,1.48014,1.48039,2.40,2.40
2008.01.14 03:56:47.764,1.48014,1.48039,12.60,2.40
2008.01.14 03:56:50.107,1.48016,1.48041,2.40,9.00
2008.01.14 03:56:51.047,1.48016,1.48041,11.40,1.00
2008.01.14 03:56:51.273,1.48017,1.48037,7.20,4.20
2008.01.14 03:56:51.502,1.48018,1.48038,2.40,4.20
2008.01.14 03:56:51.729,1.48022,1.48042,4.80,5.00
2008.01.14 03:56:53.773,1.48025,1.48045,11.40,3.10
2008.01.14 03:57:27.548,1.48027,1.48033,7.20,9.60
2008.01.14 03:57:38.062,1.48031,1.48051,2.40,2.70
2008.01.14 03:57:45.684,1.48036,1.4805,10.20,6.00
2008.01.14 03:57:47.634,1.48021,1.48041,7.20,5.40
2008.01.14 03:57:54.628,1.48016,1.48032,3.00,14.50
2008.01.14 03:57:54.766,1.48024,1.48038,1.00,6.70
2008.01.14 03:57:54.906,1.48031,1.48046,4.80,4.80
2008.01.14 03:57:55.046,1.48034,1.48054,9.00,3.10
2008.01.14 03:58:52.155,1.48028,1.48048,7.20,5.80
2008.01.14 03:58:52.214,1.48024,1.48044,1.80,8.50
2008.01.14 03:58:52.384,1.48019,1.48039,2.40,4.80
2008.01.14 03:58:52.460,1.4802,1.4803,3.60,3.00
2008.01.14 03:58:52.519,1.48016,1.48026,19.80,6.10
2008.01.14 03:58:52.579,1.4801,1.48026,4.80,4.20
2008.01.14 03:58:52.651,1.48013,1.48027,3.30,3.00
2008.01.14 03:58:52.885,1.48026,1.48036,1.80,2.80
2008.01.14 03:58:52.999,1.48038,1.48048,4.20,5.10
2008.01.14 03:58:53.418,1.48052,1.48062,11.40,11.60
2008.01.14 03:58:53.756,1.48067,1.48077,2.40,12.40
2008.01.14 03:58:54.110,1.4807,1.48086,5.40,6.10
2008.01.14 03:58:54.483,1.48064,1.48084,18.60,1.00
2008.01.14 03:58:55.491,1.48063,1.48073,32.40,1.00
2008.01.14 03:58:55.566,1.48056,1.48066,7.80,2.40
2008.01.14 03:58:55.616,1.48054,1.48059,1.20,2.40
2008.01.14 03:58:55.680,1.48048,1.48058,7.20,2.40
2008.01.14 03:58:55.830,1.48044,1.4806,2.40,24.60
2008.01.14 03:59:13.468,1.48031,1.48045,18.60,4.20
2008.01.14 03:59:13.734,1.48032,1.48042,4.80,3.00
2008.01.14 03:59:14.540,1.48028,1.48038,4.80,2.40
2008.01.14 03:59:19.178,1.48028,1.48038,2.40,4.80
2008.01.14 03:59:19.345,1.48028,1.48038,2.40,7.80
2008.01.14 03:59:19.693,1.48031,1.48041,1.00,2.40
2008.01.14 03:59:21.003,1.48037,1.48047,7.90,4.80
2008.01.14 03:59:21.202,1.48046,1.48051,1.80,22.30
2008.01.14 03:59:21.416,1.48051,1.48055,1.00,3.30
2008.01.14 03:59:21.613,1.48046,1.48056,7.20,4.80
2008.01.14 03:59:23.086,1.48041,1.48051,2.40,1.00
2008.01.14 03:59:23.799,1.48039,1.48045,2.40,6.90
2008.01.14 03:59:24.044,1.48035,1.48045,2.40,2.70
2008.01.14 03:59:26.799,1.48027,1.48047,2.40,12.00
2008.01.14 03:59:27.816,1.4803,1.4804,2.40,8.80
2008.01.14 03:59:28.153,1.48028,1.48038,5.40,6.10
2008.01.14 03:59:32.517,1.48027,1.48037,7.20,5.40
2008.01.14 03:59:32.713,1.48028,1.48032,1.00,8.80
2008.01.14 03:59:32.909,1.48021,1.48036,12.00,2.40
2008.01.14 03:59:33.105,1.48016,1.48041,16.80,6.00
2008.01.14 03:59:33.301,1.48014,1.48039,16.20,2.50
2008.01.14 03:59:33.557,1.48013,1.48038,2.40,2.10
2008.01.14 03:59:33.810,1.48018,1.48028,8.40,13.60
2008.01.14 03:59:34.066,1.4801,1.4803,15.00,15.60
2008.01.14 03:59:36.692,1.48004,1.4803,6.00,1.90
2008.01.14 03:59:36.889,1.48004,1.4803,3.00,4.20
2008.01.14 03:59:37.336,1.48009,1.48035,2.40,6.10
2008.01.14 03:59:42.071,1.48017,1.48037,15.00,9.00
2008.01.14 03:59:55.903,1.48021,1.48041,3.00,1.80
2008.01.14 03:59:55.999,1.48021,1.48041,18.00,4.80
2008.01.14 03:59:56.032,1.48021,1.48041,4.80,11.80
2008.01.14 03:59:56.056,1.48021,1.48041,8.40,9.40
2008.01.14 03:59:56.118,1.4802,1.4804,6.00,1.00
2008.01.14 03:59:56.334,1.48022,1.48037,2.40,1.20
2008.01.14 03:59:56.487,1.48021,1.48036,4.80,1.00
2008.01.14 03:59:56.560,1.48017,1.48037,10.80,2.40
2008.01.14 03:59:56.578,1.48019,1.48034,7.20,5.40
2008.01.14 03:59:56.776,1.48015,1.48035,6.00,2.40
2008.01.14 03:59:57.219,1.4802,1.48035,10.80,4.50
2008.01.14 03:59:57.556,1.48015,1.48041,27.40,5.40
