2015.01.16 18:00:01.284,1.15473,1.15478,3.37,1.50
2015.01.16 18:00:01.843,1.15473,1.15477,1.47,1.00
2015.01.16 18:00:02.249,1.15472,1.15477,1.95,2.70
2015.01.16 18:00:02.351,1.15472,1.15477,1.45,2.25
2015.01.16 18:00:02.856,1.15472,1.15476,1.95,1.50
2015.01.16 18:00:03.463,1.15472,1.15477,1.95,3.00
2015.01.16 18:00:04.138,1.15472,1.15475,1.07,1.00
2015.01.16 18:00:04.644,1.15471,1.15475,1.07,1.00
2015.01.16 18:00:05.251,1.15471,1.15476,1.50,1.00
2015.01.16 18:00:06.349,1.1547,1.15476,7.87,1.00
2015.01.16 18:00:07.579,1.1547,1.15475,2.62,1.00
2015.01.16 18:00:07.630,1.1547,1.15475,1.87,1.50
2015.01.16 18:00:08.005,1.15468,1.15475,1.00,5.25
2015.01.16 18:00:08.462,1.1547,1.15475,1.37,4.20
2015.01.16 18:00:08.766,1.15473,1.15475,2.25,1.50
2015.01.16 18:00:08.817,1.15473,1.15477,2.25,1.50
2015.01.16 18:00:09.019,1.15471,1.15477,2.62,1.50
2015.01.16 18:00:09.120,1.15471,1.15477,1.87,1.95
2015.01.16 18:00:09.425,1.15472,1.15477,1.37,1.95
2015.01.16 18:00:10.084,1.15472,1.15476,1.00,1.50
2015.01.16 18:00:10.185,1.15472,1.15474,1.00,1.00
2015.01.16 18:00:10.236,1.1547,1.15474,1.87,1.50
2015.01.16 18:00:10.743,1.15467,1.15474,5.62,1.50
2015.01.16 18:00:10.844,1.1547,1.15474,1.87,1.50
2015.01.16 18:00:11.149,1.15472,1.15476,1.37,3.37
2015.01.16 18:00:13.071,1.15471,1.15476,1.45,1.00
2015.01.16 18:00:13.375,1.15468,1.1547,1.00,3.97
2015.01.16 18:00:13.426,1.15466,1.15469,3.45,4.12
2015.01.16 18:00:14.168,1.15466,1.15468,1.37,1.00
2015.01.16 18:00:14.774,1.15466,1.15469,1.37,3.82
2015.01.16 18:00:16.844,1.15467,1.15468,1.00,1.00
2015.01.16 18:00:16.895,1.15464,1.15468,1.57,1.00
2015.01.16 18:00:17.400,1.15463,1.15468,1.82,2.32
2015.01.16 18:00:18.804,1.15463,1.15468,1.44,1.10
2015.01.16 18:00:20.617,1.15463,1.15469,4.29,9.82
2015.01.16 18:00:20.668,1.15466,1.15469,3.00,5.32
2015.01.16 18:00:20.771,1.15466,1.15473,7.94,1.50
2015.01.16 18:00:20.873,1.15466,1.15472,7.72,1.00
2015.01.16 18:00:21.378,1.15465,1.15472,3.37,1.57
2015.01.16 18:00:21.429,1.15465,1.15472,2.32,1.87
2015.01.16 18:00:22.238,1.15465,1.15468,1.10,1.00
2015.01.16 18:00:22.743,1.15463,1.15468,2.29,1.57
2015.01.16 18:00:23.174,1.15463,1.15468,2.21,2.62
2015.01.16 18:00:23.731,1.15463,1.15468,2.21,2.62
2015.01.16 18:00:24.187,1.15466,1.15468,5.25,1.05
2015.01.16 18:00:24.391,1.15463,1.15466,2.70,1.00
2015.01.16 18:00:24.493,1.15462,1.15466,2.06,1.00
2015.01.16 18:00:24.998,1.15463,1.15465,1.09,1.00
2015.01.16 18:00:25.974,1.15461,1.15464,2.40,2.10
2015.01.16 18:00:26.026,1.1546,1.15463,1.57,2.10
2015.01.16 18:00:26.128,1.15459,1.15461,3.00,2.10
2015.01.16 18:00:26.280,1.15458,1.15462,1.68,1.42
2015.01.16 18:00:26.895,1.15458,1.1546,1.23,1.50
2015.01.16 18:00:27.401,1.15455,1.1546,2.01,2.92
2015.01.16 18:00:27.907,1.15456,1.15462,2.97,2.62
2015.01.16 18:00:29.507,1.15456,1.15459,1.50,1.00
2015.01.16 18:00:29.558,1.15456,1.15457,1.00,1.00
2015.01.16 18:00:29.660,1.15453,1.15457,1.12,1.07
2015.01.16 18:00:30.176,1.15453,1.15457,1.12,1.12
2015.01.16 18:00:30.714,1.15452,1.15457,1.37,1.07
2015.01.16 18:00:31.103,1.15455,1.15461,2.62,9.75
2015.01.16 18:00:31.205,1.15458,1.15459,1.00,1.50
2015.01.16 18:00:31.551,1.15459,1.1546,1.00,1.20
2015.01.16 18:00:31.703,1.15454,1.15458,1.00,1.50
2015.01.16 18:00:31.754,1.15454,1.15458,1.00,1.90
2015.01.16 18:00:32.262,1.15453,1.15457,1.00,1.90
2015.01.16 18:00:32.772,1.15453,1.15455,1.00,1.00
2015.01.16 18:00:33.373,1.15451,1.15455,1.37,1.00
2015.01.16 18:00:33.727,1.15453,1.15455,5.25,1.00
2015.01.16 18:00:34.249,1.15455,1.15457,2.25,1.33
2015.01.16 18:00:35.669,1.15458,1.15459,1.00,1.57
2015.01.16 18:00:35.720,1.15458,1.15461,1.00,1.57
2015.01.16 18:00:36.075,1.15458,1.15464,3.45,1.10
2015.01.16 18:00:36.591,1.15457,1.15463,1.50,1.00
2015.01.16 18:00:36.642,1.15456,1.15463,10.95,1.10
2015.01.16 18:00:36.693,1.15459,1.15463,1.00,2.25
2015.01.16 18:00:37.199,1.15458,1.15463,3.45,1.50
2015.01.16 18:00:37.827,1.1546,1.15463,1.00,1.50
2015.01.16 18:00:38.131,1.1546,1.15465,3.37,1.57
2015.01.16 18:00:38.653,1.15461,1.15465,1.12,5.32
2015.01.16 18:00:40.043,1.15461,1.15465,1.37,2.32
2015.01.16 18:00:41.770,1.15461,1.15467,1.45,1.57
2015.01.16 18:00:42.778,1.1546,1.15465,7.12,1.00
2015.01.16 18:00:43.736,1.15461,1.15466,1.45,1.00
2015.01.16 18:00:44.444,1.1546,1.15465,6.75,1.00
2015.01.16 18:00:44.950,1.1546,1.15466,3.37,1.00
2015.01.16 18:00:45.257,1.15465,1.15467,1.50,2.32
2015.01.16 18:00:45.763,1.15465,1.15468,1.57,1.35
2015.01.16 18:00:46.218,1.15466,1.15468,1.00,1.50
2015.01.16 18:00:46.371,1.15469,1.1547,1.87,1.00
2015.01.16 18:00:47.250,1.15468,1.15471,2.25,1.50
2015.01.16 18:00:47.401,1.15464,1.1547,1.07,1.00
2015.01.16 18:00:47.907,1.15465,1.15469,1.10,1.72
2015.01.16 18:00:48.412,1.15465,1.15468,1.57,1.00
2015.01.16 18:00:48.969,1.15461,1.15466,4.50,1.00
2015.01.16 18:00:49.288,1.15461,1.15466,1.42,1.00
2015.01.16 18:00:49.743,1.1546,1.15466,1.80,5.85
2015.01.16 18:00:50.148,1.1546,1.15466,1.87,6.60
2015.01.16 18:00:50.719,1.1546,1.15465,2.62,3.75
2015.01.16 18:00:51.073,1.1546,1.15466,4.57,1.20
2015.01.16 18:00:51.580,1.1546,1.15466,1.57,2.20
2015.01.16 18:00:52.881,1.15461,1.15466,1.10,1.95
2015.01.16 18:00:53.387,1.15461,1.15465,1.10,1.00
2015.01.16 18:00:54.653,1.15461,1.15466,1.10,2.32
2015.01.16 18:00:55.237,1.15461,1.15465,1.10,1.00
2015.01.16 18:00:55.592,1.1546,1.15464,1.07,2.85
2015.01.16 18:00:55.693,1.1546,1.15465,1.20,5.85
2015.01.16 18:00:56.199,1.1546,1.15464,3.07,1.00
2015.01.16 18:00:56.705,1.1546,1.15464,5.70,1.10
2015.01.16 18:00:57.960,1.15459,1.15463,1.14,1.00
2015.01.16 18:00:59.008,1.15459,1.15463,1.57,1.57
2015.01.16 18:00:59.262,1.15459,1.1546,1.10,1.00
2015.01.16 18:00:59.363,1.15457,1.1546,1.00,4.20
2015.01.16 18:00:59.414,1.15453,1.15458,1.87,1.12
2015.01.16 18:01:00.157,1.15453,1.15456,1.07,1.50
2015.01.16 18:01:00.461,1.15452,1.15455,1.12,3.75
2015.01.16 18:01:01.067,1.1545,1.15455,2.25,1.50
2015.01.16 18:01:02.432,1.1545,1.15455,1.50,1.50
2015.01.16 18:01:02.584,1.1545,1.15452,1.50,1.00
2015.01.16 18:01:02.686,1.1545,1.15453,2.25,1.50
2015.01.16 18:01:03.091,1.1545,1.15454,1.07,2.25
2015.01.16 18:01:03.597,1.15448,1.15454,1.87,1.50
2015.01.16 18:01:04.203,1.15451,1.15454,1.00,1.00
2015.01.16 18:01:04.254,1.15451,1.15457,1.50,1.95
2015.01.16 18:01:04.305,1.15453,1.15457,1.00,1.12
2015.01.16 18:01:04.832,1.15453,1.15459,1.07,3.45
2015.01.16 18:01:07.481,1.1545,1.15452,1.57,1.00
2015.01.16 18:01:07.633,1.1545,1.15453,1.50,1.50
2015.01.16 18:01:07.684,1.15452,1.15453,1.00,1.50
2015.01.16 18:01:07.735,1.15452,1.15457,1.57,1.50
2015.01.16 18:01:08.241,1.15451,1.15455,1.07,1.50
2015.01.16 18:01:08.887,1.15451,1.15455,1.10,1.50
2015.01.16 18:01:09.645,1.15452,1.15455,1.00,1.50
2015.01.16 18:01:09.949,1.1545,1.15453,1.00,1.00
2015.01.16 18:01:10.252,1.1545,1.15453,1.12,1.00
2015.01.16 18:01:10.860,1.15452,1.15458,1.10,1.95
2015.01.16 18:01:11.366,1.15454,1.15458,1.10,1.50
2015.01.16 18:01:12.328,1.15454,1.1546,1.10,4.20
2015.01.16 18:01:12.632,1.15455,1.1546,1.07,1.00
2015.01.16 18:01:13.137,1.15455,1.15461,1.07,1.50
2015.01.16 18:01:13.542,1.15457,1.15463,1.87,1.50
2015.01.16 18:01:14.047,1.15459,1.15463,1.07,1.50
2015.01.16 18:01:15.110,1.15459,1.15465,2.32,5.62
2015.01.16 18:01:18.733,1.15459,1.15465,1.07,4.87
2015.01.16 18:01:19.282,1.1546,1.15465,1.00,1.57
2015.01.16 18:01:20.688,1.1546,1.15465,1.57,1.57
2015.01.16 18:01:22.973,1.1546,1.15464,1.95,1.00
2015.01.16 18:01:23.928,1.1546,1.15463,2.70,1.00
2015.01.16 18:01:24.434,1.15458,1.15462,2.62,1.00
2015.01.16 18:01:24.941,1.15458,1.15463,1.57,1.00
2015.01.16 18:01:25.486,1.1546,1.15463,1.00,1.00
2015.01.16 18:01:25.992,1.15458,1.15463,2.32,1.00
2015.01.16 18:01:26.497,1.15458,1.15462,2.32,1.00
2015.01.16 18:01:27.818,1.15457,1.15463,1.87,1.50
2015.01.16 18:01:28.501,1.15457,1.15463,1.12,1.37
2015.01.16 18:01:28.653,1.15457,1.15461,1.10,1.00
2015.01.16 18:01:29.201,1.15456,1.15462,1.57,1.87
2015.01.16 18:01:29.454,1.15456,1.15459,1.57,1.00
2015.01.16 18:01:29.960,1.15452,1.1546,1.87,5.92
2015.01.16 18:01:30.466,1.15452,1.1546,1.87,6.07
2015.01.16 18:01:32.561,1.15455,1.1546,1.00,6.82
2015.01.16 18:01:32.765,1.15456,1.15462,2.32,1.57
2015.01.16 18:01:33.778,1.15456,1.1546,4.35,1.00
2015.01.16 18:01:34.672,1.15456,1.15459,4.27,1.00
2015.01.16 18:01:34.773,1.15455,1.15458,3.00,1.47
2015.01.16 18:01:34.824,1.15453,1.15458,2.32,1.95
2015.01.16 18:01:35.335,1.15451,1.15457,2.32,1.47
2015.01.16 18:01:35.841,1.15453,1.15457,1.00,1.47
2015.01.16 18:01:35.992,1.15454,1.15457,1.37,1.47
2015.01.16 18:01:36.681,1.15454,1.15457,1.00,1.47
2015.01.16 18:01:36.732,1.15452,1.15457,1.57,1.47
2015.01.16 18:01:37.451,1.1545,1.15456,3.45,1.05
2015.01.16 18:01:37.957,1.1545,1.15456,1.57,4.05
2015.01.16 18:01:38.008,1.1545,1.15453,2.70,2.10
2015.01.16 18:01:38.210,1.15449,1.15455,4.20,6.30
2015.01.16 18:01:38.491,1.15449,1.15454,1.50,2.55
2015.01.16 18:01:39.310,1.1545,1.15454,1.00,1.20
2015.01.16 18:01:39.462,1.15454,1.15456,3.00,1.00
2015.01.16 18:01:39.969,1.15455,1.15458,10.27,1.37
2015.01.16 18:01:40.474,1.15456,1.15458,2.25,1.37
2015.01.16 18:01:41.015,1.15455,1.15459,8.40,1.47
2015.01.16 18:01:41.369,1.15456,1.1546,2.25,3.07
2015.01.16 18:01:41.980,1.15455,1.1546,10.65,2.32
2015.01.16 18:01:42.524,1.15456,1.1546,2.25,1.57
2015.01.16 18:01:43.770,1.15456,1.15458,2.25,1.00
2015.01.16 18:01:44.074,1.15454,1.15457,4.12,1.00
2015.01.16 18:01:44.585,1.15455,1.15458,2.25,1.10
2015.01.16 18:01:44.636,1.15455,1.15456,2.25,1.00
2015.01.16 18:01:45.142,1.15453,1.15456,1.37,1.57
2015.01.16 18:01:45.446,1.15457,1.1546,1.30,2.70
2015.01.16 18:01:45.951,1.15458,1.1546,1.00,6.07
2015.01.16 18:01:46.456,1.15458,1.15461,1.47,6.00
2015.01.16 18:01:46.868,1.15458,1.15463,1.47,1.10
2015.01.16 18:01:47.781,1.15458,1.15462,1.47,1.00
2015.01.16 18:01:49.000,1.15458,1.15463,1.37,2.62
2015.01.16 18:01:51.272,1.15457,1.1546,1.37,1.50
2015.01.16 18:01:51.323,1.15457,1.1546,1.00,2.10
2015.01.16 18:01:51.375,1.15455,1.15458,1.57,1.00
2015.01.16 18:01:51.882,1.15453,1.15458,1.87,1.00
2015.01.16 18:01:52.440,1.15453,1.15457,1.00,1.00
2015.01.16 18:01:52.970,1.15451,1.15456,1.87,1.00
2015.01.16 18:01:53.477,1.15453,1.15456,1.00,1.00
2015.01.16 18:01:55.600,1.15452,1.15456,1.12,1.00
2015.01.16 18:01:57.284,1.15454,1.15456,1.00,1.00
2015.01.16 18:01:57.589,1.15457,1.1546,1.37,1.12
2015.01.16 18:01:57.893,1.15458,1.15462,2.62,1.10
2015.01.16 18:01:58.402,1.15458,1.15461,1.37,1.10
2015.01.16 18:01:58.908,1.15458,1.1546,1.37,1.00
2015.01.16 18:01:59.413,1.15456,1.15462,3.90,1.07
2015.01.16 18:01:59.919,1.15458,1.15464,1.37,5.10
2015.01.16 18:02:00.574,1.15458,1.15464,1.37,5.02
2015.01.16 18:02:00.676,1.15458,1.15465,4.50,9.37
2015.01.16 18:02:00.727,1.15461,1.15465,1.00,3.07
2015.01.16 18:02:01.232,1.15461,1.15466,1.37,1.07
2015.01.16 18:02:01.839,1.15461,1.15467,2.62,1.07
2015.01.16 18:02:03.329,1.15461,1.15466,1.37,1.07
2015.01.16 18:02:03.584,1.15461,1.15464,1.37,1.00
2015.01.16 18:02:04.105,1.1546,1.15464,2.62,1.00
2015.01.16 18:02:05.446,1.1546,1.15463,1.87,1.00
2015.01.16 18:02:05.497,1.15459,1.1546,1.10,2.10
2015.01.16 18:02:05.801,1.1545,1.15457,1.95,7.35
2015.01.16 18:02:05.851,1.1545,1.15454,1.10,1.00
2015.01.16 18:02:06.361,1.15448,1.15453,4.95,1.00
2015.01.16 18:02:06.866,1.15451,1.15454,1.00,1.00
2015.01.16 18:02:07.444,1.15452,1.15454,1.00,1.00
2015.01.16 18:02:07.647,1.1545,1.15454,1.00,1.50
2015.01.16 18:02:08.159,1.15449,1.15454,1.87,1.00
2015.01.16 18:02:08.696,1.1545,1.15454,1.00,1.00
2015.01.16 18:02:09.202,1.15449,1.15454,1.87,1.50
2015.01.16 18:02:09.911,1.15452,1.15454,1.00,1.50
2015.01.16 18:02:10.012,1.15449,1.15454,1.12,1.50
2015.01.16 18:02:10.838,1.15448,1.15451,4.20,1.00
2015.01.16 18:02:11.366,1.15448,1.15451,3.45,1.00
2015.01.16 18:02:12.073,1.15446,1.15449,2.70,5.47
2015.01.16 18:02:12.376,1.15444,1.15447,1.73,1.00
2015.01.16 18:02:12.680,1.15443,1.15448,1.26,1.50
2015.01.16 18:02:13.224,1.15441,1.15444,6.75,1.00
2015.01.16 18:02:15.042,1.15443,1.15448,1.20,1.91
2015.01.16 18:02:15.245,1.15442,1.15445,1.00,1.00
2015.01.16 18:02:15.774,1.15441,1.15443,1.00,1.00
2015.01.16 18:02:16.178,1.15441,1.15443,1.10,1.00
2015.01.16 18:02:18.518,1.15441,1.15443,1.00,1.00
2015.01.16 18:02:19.038,1.1544,1.15443,1.57,1.00
2015.01.16 18:02:19.100,1.1544,1.15445,1.57,1.16
2015.01.16 18:02:21.019,1.1544,1.15445,1.37,1.00
2015.01.16 18:02:22.565,1.1544,1.15445,1.00,1.00
2015.01.16 18:02:24.377,1.1544,1.15446,1.50,1.57
2015.01.16 18:02:24.983,1.15444,1.15447,1.00,1.00
2015.01.16 18:02:25.085,1.15447,1.15448,1.00,1.10
2015.01.16 18:02:25.237,1.15449,1.15451,1.00,1.10
2015.01.16 18:02:25.389,1.15449,1.15453,1.00,2.62
2015.01.16 18:02:25.845,1.15451,1.15455,1.00,4.57
2015.01.16 18:02:26.331,1.15453,1.15455,1.00,3.86
2015.01.16 18:02:26.485,1.15452,1.15455,1.00,1.87
2015.01.16 18:02:26.687,1.1545,1.15455,3.07,2.62
2015.01.16 18:02:29.993,1.15449,1.15454,1.57,1.20
2015.01.16 18:02:30.499,1.15449,1.15455,1.50,3.82
2015.01.16 18:02:31.025,1.15449,1.15455,2.50,2.70
2015.01.16 18:02:31.575,1.15451,1.15455,1.00,2.70
2015.01.16 18:02:32.832,1.15452,1.15455,1.00,4.27
2015.01.16 18:02:32.933,1.15451,1.15455,1.50,2.40
2015.01.16 18:02:33.288,1.15448,1.15454,2.32,1.10
2015.01.16 18:02:33.592,1.15448,1.15452,1.00,1.50
2015.01.16 18:02:34.098,1.15447,1.15451,1.00,2.25
2015.01.16 18:02:34.817,1.15449,1.15451,1.00,2.25
2015.01.16 18:02:35.071,1.1545,1.15453,1.30,1.10
2015.01.16 18:02:39.145,1.1545,1.15454,1.30,1.07
2015.01.16 18:02:39.953,1.15448,1.15452,2.10,3.82
2015.01.16 18:02:40.055,1.15446,1.15447,6.75,3.00
2015.01.16 18:02:40.106,1.15441,1.15446,20.25,1.00
2015.01.16 18:02:40.207,1.15432,1.15436,1.00,1.00
2015.01.16 18:02:40.258,1.15429,1.15434,6.75,3.15
2015.01.16 18:02:40.309,1.1543,1.15434,3.00,3.15
2015.01.16 18:02:40.511,1.15428,1.15434,1.12,1.05
2015.01.16 18:02:40.562,1.15428,1.15431,1.12,1.50
2015.01.16 18:02:40.664,1.15428,1.15433,1.12,1.50
2015.01.16 18:02:41.169,1.15428,1.15433,1.12,2.32
2015.01.16 18:02:41.682,1.15429,1.15433,1.00,2.32
2015.01.16 18:02:43.320,1.15434,1.15435,1.00,2.17
2015.01.16 18:02:43.422,1.15433,1.15436,3.37,1.50
2015.01.16 18:02:43.472,1.15433,1.15437,3.75,2.32
2015.01.16 18:02:44.832,1.15433,1.15435,2.62,1.00
2015.01.16 18:02:44.934,1.1543,1.15435,1.87,3.00
2015.01.16 18:02:44.985,1.1543,1.15435,1.87,3.07
2015.01.16 18:02:46.678,1.1543,1.15435,1.00,3.07
2015.01.16 18:02:48.156,1.1543,1.15435,2.62,3.82
2015.01.16 18:02:49.388,1.15434,1.15435,3.00,1.00
2015.01.16 18:02:49.439,1.15437,1.1544,1.00,7.87
2015.01.16 18:02:49.744,1.15436,1.15439,1.50,1.57
2015.01.16 18:02:49.795,1.15438,1.1544,3.75,3.82
2015.01.16 18:02:50.048,1.1545,1.15454,1.87,1.50
2015.01.16 18:02:51.516,1.1545,1.15452,1.10,1.00
2015.01.16 18:02:51.820,1.15443,1.15448,1.00,1.87
2015.01.16 18:02:52.325,1.15443,1.15448,1.00,1.57
2015.01.16 18:02:52.831,1.15442,1.15446,1.00,1.57
2015.01.16 18:02:53.261,1.1544,1.15446,1.00,2.32
2015.01.16 18:02:53.363,1.1544,1.15444,1.00,1.95
2015.01.16 18:02:53.667,1.15433,1.15435,1.50,1.50
2015.01.16 18:02:53.718,1.15433,1.15435,1.50,1.50
2015.01.16 18:02:53.769,1.15431,1.15435,1.50,1.50
2015.01.16 18:02:53.820,1.15433,1.15435,1.87,1.50
2015.01.16 18:02:54.099,1.15439,1.15443,1.87,1.57
2015.01.16 18:02:54.604,1.1544,1.15443,1.00,1.57
2015.01.16 18:02:55.161,1.15439,1.15443,1.00,1.10
2015.01.16 18:02:55.316,1.15438,1.15442,1.00,1.07
2015.01.16 18:02:55.621,1.15433,1.15437,1.00,1.10
2015.01.16 18:02:55.672,1.15432,1.15437,1.00,1.10
2015.01.16 18:02:55.823,1.1543,1.15437,1.80,1.10
2015.01.16 18:02:56.077,1.1543,1.15435,1.80,1.00
2015.01.16 18:02:56.380,1.15433,1.15435,1.00,1.50
2015.01.16 18:02:56.431,1.15432,1.15435,1.00,1.50
2015.01.16 18:02:57.309,1.1543,1.15435,2.55,1.50
2015.01.16 18:02:57.563,1.15431,1.15433,1.00,1.00
2015.01.16 18:02:58.069,1.15434,1.15435,1.50,1.00
2015.01.16 18:02:58.222,1.15436,1.15437,3.75,1.10
2015.01.16 18:02:58.727,1.15438,1.15442,1.00,1.07
2015.01.16 18:02:58.778,1.15438,1.1544,1.00,1.00
2015.01.16 18:02:59.435,1.15438,1.15441,1.00,1.10
2015.01.16 18:03:00.021,1.15436,1.15441,5.70,1.10
2015.01.16 18:03:00.528,1.15437,1.15443,1.00,2.32
2015.01.16 18:03:01.186,1.15436,1.15443,5.70,2.32
2015.01.16 18:03:02.746,1.15437,1.15443,1.00,1.57
2015.01.16 18:03:04.182,1.15436,1.15441,2.06,1.10
2015.01.16 18:03:04.688,1.15436,1.1544,1.31,1.00
2015.01.16 18:03:06.746,1.15435,1.1544,2.06,1.07
2015.01.16 18:03:07.248,1.15437,1.15441,1.00,1.07
2015.01.16 18:03:08.094,1.15436,1.15441,2.81,1.07
2015.01.16 18:03:08.297,1.15437,1.15441,1.00,1.00
2015.01.16 18:03:10.149,1.15437,1.15439,1.00,1.00
2015.01.16 18:03:10.201,1.15435,1.15438,5.32,1.00
2015.01.16 18:03:10.302,1.15437,1.1544,1.00,2.32
2015.01.16 18:03:10.404,1.15436,1.15442,7.27,1.57
2015.01.16 18:03:10.910,1.15437,1.15442,1.00,1.57
2015.01.16 18:03:11.748,1.15438,1.15442,1.00,1.57
2015.01.16 18:03:12.257,1.1544,1.15443,1.00,1.00
2015.01.16 18:03:12.561,1.15441,1.15443,1.00,1.00
2015.01.16 18:03:14.109,1.15441,1.15444,1.00,1.50
2015.01.16 18:03:14.414,1.15447,1.15448,1.00,1.05
2015.01.16 18:03:14.567,1.15447,1.15451,2.25,1.10
2015.01.16 18:03:14.618,1.15447,1.1545,1.50,1.00
2015.01.16 18:03:14.669,1.15445,1.15447,2.32,1.00
2015.01.16 18:03:14.770,1.15443,1.15448,4.87,1.50
2015.01.16 18:03:15.225,1.15441,1.15447,1.50,2.32
2015.01.16 18:03:15.327,1.1544,1.15447,4.50,2.32
2015.01.16 18:03:15.986,1.1544,1.15447,5.25,2.32
2015.01.16 18:03:16.188,1.1544,1.15446,2.25,1.07
2015.01.16 18:03:16.593,1.15438,1.15444,1.10,2.25
2015.01.16 18:03:18.326,1.15437,1.15444,3.07,2.32
2015.01.16 18:03:18.427,1.1544,1.15444,1.00,2.32
2015.01.16 18:03:18.883,1.15439,1.15442,1.00,1.00
2015.01.16 18:03:19.238,1.15438,1.15444,1.00,1.57
2015.01.16 18:03:19.441,1.1544,1.15444,1.00,2.32
2015.01.16 18:03:21.236,1.15441,1.15444,1.00,1.57
2015.01.16 18:03:21.504,1.15442,1.15445,1.00,1.57
2015.01.16 18:03:21.765,1.15443,1.15445,1.00,1.10
2015.01.16 18:03:22.311,1.15444,1.15446,1.00,1.50
2015.01.16 18:03:22.852,1.15444,1.15447,1.00,1.00
2015.01.16 18:03:23.722,1.15443,1.15446,1.00,1.57
2015.01.16 18:03:24.237,1.15445,1.15447,1.00,1.10
2015.01.16 18:03:24.706,1.15444,1.15447,1.00,1.10
2015.01.16 18:03:25.234,1.15446,1.15448,6.22,1.57
2015.01.16 18:03:25.436,1.1545,1.15452,1.00,1.10
2015.01.16 18:03:25.538,1.1545,1.15454,1.00,1.10
2015.01.16 18:03:26.144,1.15452,1.15455,1.00,2.32
2015.01.16 18:03:26.669,1.15452,1.15455,1.00,1.00
2015.01.16 18:03:26.973,1.15453,1.15457,1.00,2.32
2015.01.16 18:03:27.883,1.15453,1.15457,1.00,2.32
2015.01.16 18:03:28.669,1.15451,1.15457,2.25,3.07
2015.01.16 18:03:28.872,1.15449,1.15455,1.00,2.25
2015.01.16 18:03:29.402,1.15449,1.15454,1.00,1.10
2015.01.16 18:03:31.408,1.1545,1.15454,1.00,1.00
2015.01.16 18:03:31.975,1.1545,1.15455,1.00,2.32
2015.01.16 18:03:32.491,1.1545,1.15455,1.00,2.92
2015.01.16 18:03:32.542,1.15448,1.1545,2.25,1.00
2015.01.16 18:03:32.694,1.15443,1.15444,1.00,1.00
2015.01.16 18:03:32.746,1.15441,1.15444,1.00,1.50
2015.01.16 18:03:32.796,1.1544,1.15442,1.00,1.00
2015.01.16 18:03:32.999,1.15439,1.15444,1.10,1.00
2015.01.16 18:03:33.050,1.15439,1.15446,1.07,1.57
2015.01.16 18:03:33.252,1.15442,1.15446,2.10,1.50
2015.01.16 18:03:33.567,1.1545,1.15453,1.00,1.57
2015.01.16 18:03:35.524,1.1545,1.15453,1.00,1.57
2015.01.16 18:03:36.281,1.15451,1.15453,1.00,1.57
2015.01.16 18:03:36.588,1.15449,1.15453,1.00,1.57
2015.01.16 18:03:37.487,1.15448,1.15453,1.50,1.57
2015.01.16 18:03:38.093,1.15448,1.15453,1.00,1.57
2015.01.16 18:03:38.600,1.15447,1.15453,1.50,1.57
2015.01.16 18:03:42.051,1.15447,1.1545,1.00,1.00
2015.01.16 18:03:42.356,1.15441,1.15445,1.00,1.57
2015.01.16 18:03:42.660,1.15438,1.15445,1.00,2.32
2015.01.16 18:03:43.990,1.15439,1.15445,1.00,2.32
2015.01.16 18:03:44.949,1.15438,1.15445,1.00,2.32
2015.01.16 18:03:45.669,1.15438,1.15441,1.00,1.00
2015.01.16 18:03:45.822,1.15434,1.15438,1.00,1.57
2015.01.16 18:03:46.731,1.15432,1.15438,1.10,1.57
2015.01.16 18:03:46.883,1.15432,1.15437,1.00,1.07
2015.01.16 18:03:47.389,1.15432,1.15436,1.00,1.95
2015.01.16 18:03:47.923,1.15431,1.15436,1.00,1.57
2015.01.16 18:03:50.782,1.15432,1.15436,1.00,1.57
2015.01.16 18:03:52.749,1.15433,1.15436,1.00,1.57
2015.01.16 18:03:53.988,1.15432,1.15436,1.00,1.57
2015.01.16 18:03:54.140,1.15431,1.15436,1.00,1.87
2015.01.16 18:03:54.443,1.15432,1.15436,1.00,1.87
2015.01.16 18:03:54.959,1.15429,1.15432,1.00,2.25
2015.01.16 18:03:55.112,1.15429,1.15432,1.00,3.00
2015.01.16 18:03:57.348,1.15429,1.15432,1.00,4.35
2015.01.16 18:03:57.553,1.15427,1.1543,1.00,1.00
2015.01.16 18:03:58.618,1.15426,1.1543,8.25,1.00
2015.01.16 18:03:58.720,1.15428,1.1543,1.00,1.00
2015.01.16 18:03:59.427,1.15426,1.15428,7.27,2.10
2015.01.16 18:04:00.854,1.15425,1.15428,1.00,1.57
2015.01.16 18:04:01.659,1.15422,1.15427,1.00,2.92
2015.01.16 18:04:01.711,1.15423,1.15427,1.00,2.92
2015.01.16 18:04:01.812,1.1542,1.15425,4.87,1.00
2015.01.16 18:04:02.470,1.1542,1.15424,1.87,1.00
2015.01.16 18:04:02.571,1.1542,1.15422,1.12,1.00
2015.01.16 18:04:02.724,1.15418,1.15421,1.00,1.00
2015.01.16 18:04:03.230,1.15417,1.15421,1.00,1.00
2015.01.16 18:04:03.796,1.15416,1.15421,8.32,1.00
2015.01.16 18:04:04.302,1.15416,1.15422,10.57,1.00
2015.01.16 18:04:05.872,1.15416,1.15421,10.57,1.00
2015.01.16 18:04:06.377,1.15416,1.15418,2.32,1.00
2015.01.16 18:04:06.479,1.15413,1.15416,3.07,1.00
2015.01.16 18:04:06.778,1.15411,1.15417,3.82,1.57
2015.01.16 18:04:07.322,1.15411,1.15417,3.07,1.00
2015.01.16 18:04:07.840,1.15412,1.15418,1.10,1.10
2015.01.16 18:04:08.345,1.1541,1.15417,6.45,1.10
2015.01.16 18:04:08.851,1.1541,1.15416,2.70,1.10
2015.01.16 18:04:09.004,1.1541,1.15416,2.62,1.12
2015.01.16 18:04:09.308,1.15408,1.15415,1.57,2.32
2015.01.16 18:04:09.848,1.15408,1.15415,1.00,2.62
2015.01.16 18:04:11.005,1.15407,1.15415,4.57,1.87
2015.01.16 18:04:11.520,1.15408,1.15415,3.00,1.87
2015.01.16 18:04:11.829,1.15408,1.15411,1.50,1.50
2015.01.16 18:04:11.983,1.154,1.15405,4.50,1.37
2015.01.16 18:04:12.085,1.15398,1.15404,1.50,2.05
2015.01.16 18:04:12.187,1.15398,1.15403,1.50,1.12
2015.01.16 18:04:12.642,1.15395,1.15398,5.62,1.00
2015.01.16 18:04:12.744,1.1539,1.15397,8.62,3.97
2015.01.16 18:04:12.796,1.1539,1.15395,3.37,1.10
2015.01.16 18:04:13.150,1.15394,1.15396,2.62,1.05
2015.01.16 18:04:13.302,1.15397,1.15402,1.50,1.37
2015.01.16 18:04:13.403,1.15397,1.15403,3.75,1.12
2015.01.16 18:04:13.810,1.15399,1.15405,1.00,1.87
2015.01.16 18:04:14.317,1.15399,1.15407,3.00,3.37
2015.01.16 18:04:15.229,1.154,1.15406,1.50,1.37
2015.01.16 18:04:15.381,1.15401,1.15407,1.00,2.25
2015.01.16 18:04:17.148,1.15403,1.15407,1.00,3.00
2015.01.16 18:04:17.350,1.15406,1.1541,2.06,3.45
2015.01.16 18:04:17.554,1.15408,1.1541,2.25,1.00
2015.01.16 18:04:17.756,1.15408,1.15414,3.00,2.32
2015.01.16 18:04:18.261,1.15409,1.15414,1.50,1.57
2015.01.16 18:04:18.778,1.15408,1.15414,2.32,2.32
2015.01.16 18:04:20.051,1.15409,1.15414,1.00,1.57
2015.01.16 18:04:20.568,1.1541,1.15414,1.00,1.57
2015.01.16 18:04:21.075,1.15408,1.15414,1.50,2.32
2015.01.16 18:04:21.379,1.15406,1.15409,6.60,1.00
2015.01.16 18:04:21.531,1.15405,1.15409,9.45,1.00
2015.01.16 18:04:21.960,1.15407,1.15411,1.00,1.07
2015.01.16 18:04:22.414,1.15408,1.15413,1.00,1.07
2015.01.16 18:04:24.045,1.15408,1.15411,1.00,1.00
2015.01.16 18:04:24.096,1.15408,1.15409,1.00,1.00
2015.01.16 18:04:24.500,1.15402,1.15406,1.00,2.32
2015.01.16 18:04:24.552,1.154,1.15406,1.12,2.32
2015.01.16 18:04:25.058,1.15399,1.15406,2.32,1.57
2015.01.16 18:04:26.410,1.15399,1.15406,1.50,1.87
2015.01.16 18:04:26.933,1.154,1.15406,1.00,1.87
2015.01.16 18:04:26.984,1.15402,1.15406,1.00,1.87
2015.01.16 18:04:27.500,1.15402,1.15406,1.50,1.57
2015.01.16 18:04:28.026,1.15401,1.15406,2.25,1.57
2015.01.16 18:04:28.633,1.15402,1.15406,1.00,1.57
2015.01.16 18:04:28.992,1.15404,1.15406,1.00,1.50
2015.01.16 18:04:30.317,1.15403,1.15406,1.00,1.57
2015.01.16 18:04:30.418,1.15401,1.15406,1.00,1.57
2015.01.16 18:04:30.929,1.15401,1.15404,1.00,1.57
2015.01.16 18:04:31.640,1.15402,1.15406,1.00,2.62
2015.01.16 18:04:31.973,1.15402,1.15406,1.00,2.55
2015.01.16 18:04:32.277,1.15402,1.15406,1.50,1.57
2015.01.16 18:04:34.209,1.15401,1.15406,1.00,1.57
2015.01.16 18:04:35.273,1.15403,1.15406,1.00,1.57
2015.01.16 18:04:35.374,1.15402,1.15404,1.00,1.00
2015.01.16 18:04:35.728,1.15401,1.15403,1.00,1.07
2015.01.16 18:04:36.032,1.15402,1.15406,1.00,3.00
2015.01.16 18:04:36.336,1.154,1.15406,1.87,3.75
2015.01.16 18:04:36.438,1.154,1.15406,1.87,3.75
2015.01.16 18:04:36.792,1.15402,1.15406,1.50,2.25
2015.01.16 18:04:36.843,1.15402,1.15406,1.00,1.57
2015.01.16 18:04:37.349,1.15402,1.15405,1.00,1.57
2015.01.16 18:04:37.855,1.154,1.15405,3.37,1.57
2015.01.16 18:04:38.310,1.154,1.15405,2.62,1.57
2015.01.16 18:04:38.815,1.15401,1.15403,1.50,1.00
2015.01.16 18:04:38.866,1.15401,1.15403,1.50,2.25
2015.01.16 18:04:38.968,1.15398,1.15399,1.00,1.87
2015.01.16 18:04:39.019,1.15398,1.15399,1.00,1.87
2015.01.16 18:04:39.070,1.15396,1.15398,7.72,1.00
2015.01.16 18:04:40.054,1.15395,1.15397,15.00,1.00
2015.01.16 18:04:40.604,1.15395,1.15397,7.27,1.57
2015.01.16 18:04:41.382,1.15395,1.15396,3.75,1.50
2015.01.16 18:04:41.908,1.15395,1.15397,1.37,1.57
2015.01.16 18:04:42.413,1.15395,1.15396,3.00,1.10
2015.01.16 18:04:42.822,1.15394,1.15395,3.00,3.00
2015.01.16 18:04:42.873,1.15392,1.15395,1.00,4.12
2015.01.16 18:04:42.975,1.1539,1.15392,1.87,1.07
2015.01.16 18:04:44.216,1.1539,1.15392,1.50,1.00
2015.01.16 18:04:44.317,1.15391,1.15395,2.25,2.32
2015.01.16 18:04:44.368,1.15391,1.15395,3.25,1.57
2015.01.16 18:04:44.419,1.15392,1.15397,1.50,1.07
2015.01.16 18:04:45.921,1.15395,1.15397,1.00,1.07
2015.01.16 18:04:46.427,1.15396,1.15397,5.06,1.00
2015.01.16 18:04:46.832,1.15387,1.15392,1.00,1.00
2015.01.16 18:04:47.035,1.15389,1.15395,1.00,7.12
2015.01.16 18:04:47.087,1.1539,1.15395,1.00,5.70
2015.01.16 18:04:47.693,1.15394,1.15397,2.50,2.25
2015.01.16 18:04:47.744,1.15395,1.15396,1.50,1.10
2015.01.16 18:04:48.098,1.15393,1.15396,1.50,1.10
2015.01.16 18:04:48.150,1.15394,1.15396,1.50,1.10
2015.01.16 18:04:48.555,1.15391,1.15396,1.50,1.57
2015.01.16 18:04:48.656,1.15391,1.15392,1.00,1.00
2015.01.16 18:04:49.113,1.15388,1.15392,1.00,1.10
2015.01.16 18:04:49.215,1.15386,1.15388,5.32,2.10
2015.01.16 18:04:49.316,1.15385,1.15388,5.25,1.20
2015.01.16 18:04:49.367,1.15384,1.15388,6.75,1.50
2015.01.16 18:04:49.945,1.15383,1.15387,1.00,1.07
2015.01.16 18:04:50.096,1.15381,1.15387,1.50,1.07
2015.01.16 18:04:50.365,1.15379,1.15381,5.32,1.00
2015.01.16 18:04:50.469,1.15371,1.15375,9.00,9.00
2015.01.16 18:04:50.570,1.15369,1.15372,12.75,1.07
2015.01.16 18:04:50.672,1.15368,1.15375,6.00,3.75
2015.01.16 18:04:50.774,1.15365,1.1537,6.75,5.62
2015.01.16 18:04:50.875,1.1536,1.15364,1.50,1.00
2015.01.16 18:04:50.977,1.1536,1.15365,1.00,2.17
2015.01.16 18:04:51.285,1.15357,1.15365,1.00,1.75
2015.01.16 18:04:51.537,1.15359,1.15363,1.00,1.07
2015.01.16 18:04:52.083,1.15358,1.15362,1.00,1.10
2015.01.16 18:04:52.588,1.15359,1.15362,1.00,1.10
2015.01.16 18:04:53.245,1.1536,1.15365,1.00,3.00
2015.01.16 18:04:53.750,1.15361,1.15365,1.00,3.00
2015.01.16 18:04:54.167,1.15358,1.15362,1.00,8.32
2015.01.16 18:04:54.269,1.15358,1.15362,2.25,3.82
2015.01.16 18:04:54.373,1.1536,1.15365,1.50,3.00
2015.01.16 18:04:54.879,1.15361,1.15364,1.00,1.07
2015.01.16 18:04:56.286,1.15362,1.15365,1.00,1.24
2015.01.16 18:04:57.205,1.15361,1.15366,1.50,2.25
2015.01.16 18:04:57.461,1.15359,1.15362,2.50,2.25
2015.01.16 18:04:57.512,1.15357,1.15359,1.00,1.00
2015.01.16 18:04:58.034,1.15357,1.15359,1.00,1.37
2015.01.16 18:04:58.563,1.15357,1.15359,1.00,1.12
2015.01.16 18:04:58.614,1.15355,1.15358,10.00,1.50
2015.01.16 18:04:58.666,1.15352,1.15354,4.05,2.85
2015.01.16 18:04:58.717,1.1535,1.15354,6.00,3.60
2015.01.16 18:04:58.767,1.15348,1.15352,1.50,3.37
2015.01.16 18:04:59.273,1.15345,1.15349,1.00,1.12
2015.01.16 18:04:59.627,1.15346,1.1535,6.75,3.37
2015.01.16 18:05:00.300,1.15346,1.1535,7.50,1.95
2015.01.16 18:05:00.828,1.15348,1.1535,1.00,3.07
2015.01.16 18:05:00.929,1.15346,1.1535,8.25,2.62
2015.01.16 18:05:01.442,1.15346,1.1535,8.25,3.07
2015.01.16 18:05:01.959,1.15346,1.15349,7.50,1.20
2015.01.16 18:05:02.061,1.15344,1.15349,1.57,1.95
2015.01.16 18:05:02.162,1.15342,1.15347,1.00,1.87
2015.01.16 18:05:02.365,1.1534,1.15346,2.25,1.87
2015.01.16 18:05:02.670,1.1534,1.15346,1.50,4.87
2015.01.16 18:05:03.126,1.15343,1.15346,1.00,2.92
2015.01.16 18:05:03.430,1.15341,1.15345,1.00,1.87
2015.01.16 18:05:03.532,1.15338,1.15345,3.82,2.62
2015.01.16 18:05:03.634,1.1534,1.15345,1.50,1.87
2015.01.16 18:05:04.170,1.15339,1.15342,1.00,1.57
2015.01.16 18:05:04.675,1.15339,1.15341,1.00,1.10
2015.01.16 18:05:05.587,1.15337,1.1534,1.00,1.37
2015.01.16 18:05:05.841,1.15331,1.15333,1.00,1.00
2015.01.16 18:05:05.942,1.15328,1.15331,1.50,1.00
2015.01.16 18:05:06.450,1.15327,1.15333,1.00,1.07
2015.01.16 18:05:07.208,1.15326,1.15333,12.82,1.07
2015.01.16 18:05:07.461,1.15328,1.15334,1.00,1.87
2015.01.16 18:05:08.117,1.15326,1.15331,10.57,1.00
2015.01.16 18:05:08.705,1.15327,1.15331,1.00,1.10
2015.01.16 18:05:09.010,1.15326,1.15331,10.50,1.95
2015.01.16 18:05:09.678,1.15329,1.15331,1.00,1.57
2015.01.16 18:05:10.245,1.15326,1.15331,10.50,1.57
2015.01.16 18:05:11.104,1.15326,1.1533,10.57,1.12
2015.01.16 18:05:11.307,1.15324,1.15329,6.37,1.87
2015.01.16 18:05:11.357,1.15323,1.15329,1.10,1.87
2015.01.16 18:05:11.509,1.15321,1.15327,1.76,1.10
2015.01.16 18:05:12.015,1.15322,1.15326,1.00,1.00
2015.01.16 18:05:12.521,1.15322,1.15327,1.07,1.12
2015.01.16 18:05:13.228,1.15321,1.15326,2.81,1.00
2015.01.16 18:05:13.430,1.1532,1.15324,1.91,1.00
2015.01.16 18:05:13.481,1.1532,1.15324,1.61,1.00
2015.01.16 18:05:15.174,1.1532,1.15322,1.15,1.00
2015.01.16 18:05:15.377,1.15317,1.1532,2.25,2.25
2015.01.16 18:05:15.782,1.15317,1.1532,1.12,4.12
2015.01.16 18:05:16.036,1.15319,1.15324,1.80,1.00
2015.01.16 18:05:16.558,1.1532,1.15325,2.25,1.00
2015.01.16 18:05:17.065,1.15322,1.15326,1.00,1.20
2015.01.16 18:05:17.485,1.15325,1.15326,1.00,1.00
2015.01.16 18:05:17.637,1.15326,1.1533,5.14,5.62
2015.01.16 18:05:17.688,1.15328,1.1533,1.00,4.12
2015.01.16 18:05:18.194,1.15326,1.1533,5.51,4.12
2015.01.16 18:05:19.031,1.15328,1.1533,1.00,3.00
2015.01.16 18:05:19.891,1.15326,1.1533,2.70,1.00
2015.01.16 18:05:19.965,1.15329,1.15332,1.00,1.57
2015.01.16 18:05:20.118,1.15326,1.15332,7.20,2.25
2015.01.16 18:05:20.371,1.15328,1.15331,1.00,1.00
2015.01.16 18:05:20.675,1.15331,1.15334,1.00,1.00
2015.01.16 18:05:21.182,1.15332,1.15335,1.00,1.10
2015.01.16 18:05:21.676,1.1533,1.15333,1.57,1.00
2015.01.16 18:05:21.778,1.1533,1.15331,1.10,1.50
2015.01.16 18:05:21.951,1.15327,1.15331,1.12,1.00
2015.01.16 18:05:22.458,1.15326,1.15334,8.47,2.62
2015.01.16 18:05:22.964,1.15326,1.15334,4.95,2.32
2015.01.16 18:05:23.814,1.1533,1.15334,1.00,1.57
2015.01.16 18:05:24.066,1.1533,1.15336,3.82,2.32
2015.01.16 18:05:24.621,1.15329,1.15336,1.10,2.70
2015.01.16 18:05:25.317,1.15328,1.15334,1.20,1.00
2015.01.16 18:05:25.822,1.15327,1.15334,2.70,1.10
2015.01.16 18:05:26.753,1.15328,1.15334,1.20,1.00
2015.01.16 18:05:28.239,1.15328,1.15335,2.70,1.10
2015.01.16 18:05:30.995,1.15328,1.15332,1.57,1.37
2015.01.16 18:05:31.046,1.15327,1.15331,2.32,1.37
2015.01.16 18:05:31.974,1.15326,1.15329,8.32,1.37
2015.01.16 18:05:32.842,1.15327,1.15329,3.07,1.00
2015.01.16 18:05:32.944,1.15328,1.15335,3.37,4.87
2015.01.16 18:05:34.896,1.15331,1.15337,1.00,2.70
2015.01.16 18:05:36.469,1.1533,1.15337,1.10,3.45
2015.01.16 18:05:36.624,1.15333,1.15337,1.00,3.07
2015.01.16 18:05:36.776,1.15336,1.15337,5.81,1.00
2015.01.16 18:05:36.929,1.15336,1.15339,4.31,1.00
2015.01.16 18:05:37.081,1.15336,1.15338,5.14,1.00
2015.01.16 18:05:37.184,1.15337,1.15342,1.00,1.10
2015.01.16 18:05:37.689,1.15337,1.15343,1.57,1.10
2015.01.16 18:05:40.245,1.15338,1.15345,1.00,5.25
2015.01.16 18:05:41.407,1.15338,1.15345,1.07,3.07
2015.01.16 18:05:41.682,1.15342,1.15345,1.00,2.25
2015.01.16 18:05:41.886,1.15341,1.15345,1.00,1.57
2015.01.16 18:05:42.055,1.15343,1.15347,1.00,1.45
2015.01.16 18:05:43.626,1.15343,1.15347,1.00,1.20
2015.01.16 18:05:44.084,1.15342,1.15349,1.00,1.57
2015.01.16 18:05:44.388,1.15341,1.15348,2.32,1.07
2015.01.16 18:05:44.743,1.15339,1.15345,1.07,1.00
2015.01.16 18:05:45.249,1.15339,1.15343,1.57,1.00
2015.01.16 18:05:45.782,1.15338,1.15343,1.20,1.00
2015.01.16 18:05:46.493,1.15338,1.1534,1.10,1.00
2015.01.16 18:05:46.594,1.15335,1.1534,1.95,1.00
2015.01.16 18:05:47.201,1.15335,1.15341,1.95,1.00
2015.01.16 18:05:47.707,1.15337,1.15342,1.50,1.10
2015.01.16 18:05:47.909,1.15338,1.15345,1.12,1.57
2015.01.16 18:05:49.898,1.15339,1.15345,1.00,1.57
2015.01.16 18:05:50.406,1.15338,1.15345,1.10,1.57
2015.01.16 18:05:52.590,1.15339,1.15347,1.50,3.75
2015.01.16 18:05:52.894,1.15341,1.15347,1.50,1.20
2015.01.16 18:05:53.404,1.15341,1.15347,1.50,1.20
2015.01.16 18:05:53.910,1.15341,1.15347,1.57,1.20
2015.01.16 18:05:59.731,1.15343,1.15348,1.00,1.07
2015.01.16 18:05:59.883,1.1534,1.15348,1.10,3.35
2015.01.16 18:05:59.985,1.1534,1.15345,1.00,2.32
2015.01.16 18:06:00.193,1.15337,1.15341,3.45,1.00
2015.01.16 18:06:00.699,1.15335,1.1534,1.57,1.00
2015.01.16 18:06:01.431,1.15335,1.1534,1.57,1.00
2015.01.16 18:06:04.022,1.15336,1.15342,2.10,1.10
2015.01.16 18:06:04.073,1.15336,1.15342,6.82,1.10
2015.01.16 18:06:04.225,1.1534,1.15345,3.37,3.00
2015.01.16 18:06:04.681,1.15341,1.15347,1.00,1.10
2015.01.16 18:06:06.174,1.15341,1.15348,1.07,3.07
2015.01.16 18:06:07.106,1.15341,1.15346,1.57,1.00
2015.01.16 18:06:07.257,1.1534,1.15346,1.10,2.32
2015.01.16 18:06:10.241,1.1534,1.15345,1.10,1.00
2015.01.16 18:06:10.751,1.15339,1.15346,1.07,1.57
2015.01.16 18:06:10.953,1.15338,1.15341,1.07,1.00
2015.01.16 18:06:11.105,1.15336,1.15341,7.27,1.00
2015.01.16 18:06:11.207,1.15336,1.15339,1.00,1.00
2015.01.16 18:06:11.712,1.15334,1.1534,1.47,1.00
2015.01.16 18:06:12.218,1.15333,1.15338,1.20,1.50
2015.01.16 18:06:12.601,1.15332,1.15336,1.95,1.00
2015.01.16 18:06:13.207,1.15331,1.15336,3.07,1.50
2015.01.16 18:06:13.612,1.15334,1.15336,1.00,1.00
2015.01.16 18:06:13.663,1.15334,1.15338,1.00,1.50
2015.01.16 18:06:14.241,1.15334,1.15337,1.00,1.00
2015.01.16 18:06:16.777,1.15335,1.15339,1.00,1.20
2015.01.16 18:06:16.879,1.15337,1.15339,1.00,1.95
2015.01.16 18:06:17.391,1.15337,1.1534,1.00,1.10
2015.01.16 18:06:19.114,1.15339,1.1534,1.50,1.10
2015.01.16 18:06:19.265,1.1534,1.15343,1.00,2.25
2015.01.16 18:06:19.771,1.1534,1.15344,1.00,2.32
2015.01.16 18:06:22.663,1.1534,1.15344,1.00,4.50
2015.01.16 18:06:22.715,1.15338,1.15344,1.00,6.09
2015.01.16 18:06:22.818,1.15336,1.15342,1.00,3.00
2015.01.16 18:06:22.921,1.15335,1.1534,1.50,1.95
2015.01.16 18:06:23.327,1.15333,1.15339,2.25,3.00
2015.01.16 18:06:25.616,1.15335,1.15338,1.00,1.07
2015.01.16 18:06:26.688,1.15333,1.15338,1.00,1.07
2015.01.16 18:06:26.789,1.15332,1.15334,1.00,1.00
2015.01.16 18:06:26.890,1.15331,1.15334,3.00,1.00
2015.01.16 18:06:26.941,1.15331,1.15336,1.50,2.32
2015.01.16 18:06:27.144,1.1533,1.15335,2.25,1.57
2015.01.16 18:06:30.649,1.15332,1.15335,1.00,3.45
2015.01.16 18:06:31.518,1.15331,1.15334,1.00,1.07
2015.01.16 18:06:31.823,1.1533,1.15332,1.00,1.07
2015.01.16 18:06:34.080,1.15332,1.15334,1.50,2.55
2015.01.16 18:06:34.380,1.15331,1.15337,1.00,2.25
2015.01.16 18:06:34.836,1.15336,1.15338,1.27,1.80
2015.01.16 18:06:35.344,1.15336,1.15338,1.27,1.50
2015.01.16 18:06:36.759,1.15336,1.1534,1.50,3.75
2015.01.16 18:06:40.649,1.15339,1.1534,1.00,1.80
2015.01.16 18:06:40.902,1.1534,1.15342,2.25,1.07
2015.01.16 18:06:44.008,1.15341,1.15344,1.00,3.30
2015.01.16 18:06:44.576,1.1534,1.15343,1.87,1.57
2015.01.16 18:06:46.309,1.1534,1.15343,2.62,1.05
2015.01.16 18:06:46.833,1.1534,1.15344,3.00,3.37
2015.01.16 18:06:49.054,1.15341,1.15346,1.12,3.00
2015.01.16 18:06:49.667,1.15344,1.15346,1.50,1.42
2015.01.16 18:06:49.819,1.15349,1.15351,3.00,5.25
2015.01.16 18:06:50.074,1.1535,1.15354,2.25,1.10
2015.01.16 18:06:50.800,1.15351,1.15356,1.00,1.57
2015.01.16 18:06:51.155,1.15352,1.15356,1.37,1.07
2015.01.16 18:06:51.661,1.15356,1.15357,1.00,1.05
2015.01.16 18:06:51.813,1.15356,1.15358,5.44,1.04
2015.01.16 18:06:52.217,1.15354,1.15356,1.00,1.00
2015.01.16 18:06:52.371,1.15349,1.15351,1.12,1.07
2015.01.16 18:06:52.476,1.15352,1.15356,2.25,4.72
2015.01.16 18:06:53.134,1.15349,1.15351,1.12,1.00
2015.01.16 18:06:54.484,1.15349,1.15351,2.25,1.00
2015.01.16 18:06:54.586,1.15349,1.15353,1.87,1.00
2015.01.16 18:06:54.687,1.15349,1.15353,2.25,1.07
2015.01.16 18:06:55.193,1.15349,1.15355,2.25,1.87
2015.01.16 18:06:55.952,1.15354,1.15356,1.50,1.48
2015.01.16 18:06:56.003,1.15356,1.15357,1.12,5.25
2015.01.16 18:06:56.207,1.15355,1.15357,1.50,1.00
2015.01.16 18:06:56.258,1.15352,1.15357,4.12,1.00
2015.01.16 18:06:56.308,1.15352,1.15357,1.87,1.12
2015.01.16 18:06:56.832,1.15352,1.15356,1.12,1.07
2015.01.16 18:06:57.440,1.15351,1.15356,1.12,1.07
2015.01.16 18:06:58.098,1.15351,1.15356,2.62,1.07
2015.01.16 18:06:58.603,1.15351,1.15356,3.75,1.10
2015.01.16 18:06:58.907,1.15353,1.15356,1.50,1.00
2015.01.16 18:06:59.261,1.15353,1.15359,2.25,1.07
2015.01.16 18:06:59.868,1.15353,1.15357,1.12,2.32
2015.01.16 18:07:00.171,1.1535,1.15356,3.37,1.05
2015.01.16 18:07:00.701,1.1535,1.15356,3.37,2.87
2015.01.16 18:07:01.408,1.1535,1.15356,4.69,2.25
2015.01.16 18:07:03.861,1.15353,1.15357,1.00,2.92
2015.01.16 18:07:04.367,1.15352,1.15357,1.00,3.37
2015.01.16 18:07:04.872,1.15352,1.15358,1.00,1.87
2015.01.16 18:07:06.677,1.15354,1.15359,1.00,4.50
2015.01.16 18:07:06.981,1.15355,1.15358,1.50,1.07
2015.01.16 18:07:07.032,1.15353,1.15358,3.37,1.07
2015.01.16 18:07:07.538,1.15356,1.15359,1.00,1.07
2015.01.16 18:07:07.843,1.15359,1.15361,1.00,1.00
2015.01.16 18:07:07.893,1.15362,1.15365,1.00,1.12
2015.01.16 18:07:08.197,1.15362,1.15366,1.00,1.57
2015.01.16 18:07:09.295,1.15361,1.15366,1.00,1.57
2015.01.16 18:07:09.851,1.15361,1.15363,1.00,1.00
2015.01.16 18:07:10.003,1.15358,1.15359,1.50,1.87
2015.01.16 18:07:10.055,1.15356,1.15358,3.25,1.00
2015.01.16 18:07:10.107,1.15356,1.15358,3.25,1.50
2015.01.16 18:07:10.157,1.15354,1.15355,1.50,1.12
2015.01.16 18:07:10.411,1.15353,1.15355,1.00,1.12
2015.01.16 18:07:10.462,1.15353,1.15357,1.00,1.20
2015.01.16 18:07:10.513,1.15353,1.15358,1.00,2.25
2015.01.16 18:07:10.817,1.15358,1.15365,1.50,1.95
2015.01.16 18:07:11.073,1.15358,1.15365,2.50,1.50
2015.01.16 18:07:11.428,1.15358,1.15365,3.32,1.20
2015.01.16 18:07:11.479,1.15358,1.15365,3.32,1.20
2015.01.16 18:07:11.631,1.15358,1.15364,2.25,1.57
2015.01.16 18:07:11.986,1.15358,1.15365,2.50,3.00
2015.01.16 18:07:12.087,1.15358,1.15365,2.50,2.70
2015.01.16 18:07:13.310,1.15358,1.15365,3.00,1.57
2015.01.16 18:07:13.412,1.1536,1.15365,1.50,1.57
2015.01.16 18:07:13.716,1.15365,1.15368,3.25,1.00
2015.01.16 18:07:13.869,1.15366,1.15371,6.97,1.95
2015.01.16 18:07:14.123,1.15368,1.15371,2.25,7.35
2015.01.16 18:07:14.428,1.15365,1.1537,2.25,2.62
2015.01.16 18:07:14.884,1.15363,1.1537,1.50,3.07
2015.01.16 18:07:15.946,1.15363,1.15371,1.50,2.92
2015.01.16 18:07:16.451,1.15363,1.1537,1.50,1.12
2015.01.16 18:07:16.776,1.15363,1.15368,1.50,1.00
2015.01.16 18:07:17.282,1.15363,1.15367,1.50,1.00
2015.01.16 18:07:20.499,1.15363,1.15368,1.50,1.00
2015.01.16 18:07:21.038,1.15367,1.1537,1.00,2.25
2015.01.16 18:07:21.342,1.15378,1.1538,2.25,2.70
2015.01.16 18:07:21.393,1.15376,1.1538,1.50,1.07
2015.01.16 18:07:21.494,1.15375,1.15377,3.00,1.00
2015.01.16 18:07:21.596,1.15373,1.15376,1.10,1.00
2015.01.16 18:07:21.698,1.1537,1.15376,5.32,1.00
2015.01.16 18:07:21.850,1.1537,1.15375,5.70,1.00
2015.01.16 18:07:21.952,1.15371,1.15378,1.47,2.32
2015.01.16 18:07:22.103,1.15373,1.15378,2.85,3.07
2015.01.16 18:07:22.407,1.15376,1.1538,1.87,1.95
2015.01.16 18:07:22.509,1.15376,1.1538,7.12,1.20
2015.01.16 18:07:23.014,1.15376,1.15381,4.87,1.10
2015.01.16 18:07:24.631,1.15382,1.15383,2.10,1.50
2015.01.16 18:07:24.835,1.15385,1.15386,1.00,1.10
2015.01.16 18:07:24.886,1.15382,1.15386,1.87,1.10
2015.01.16 18:07:24.938,1.15384,1.15388,1.00,1.50
2015.01.16 18:07:25.140,1.15382,1.15388,1.12,1.50
2015.01.16 18:07:25.443,1.15382,1.15386,1.12,1.00
2015.01.16 18:07:25.949,1.15382,1.15385,1.00,1.12
2015.01.16 18:07:26.504,1.15382,1.15386,1.00,1.10
2015.01.16 18:07:27.028,1.15383,1.15388,1.00,1.07
2015.01.16 18:07:27.333,1.15388,1.15394,1.12,1.87
2015.01.16 18:07:27.637,1.1539,1.15394,1.00,1.07
2015.01.16 18:07:28.142,1.1539,1.15394,1.00,1.07
2015.01.16 18:07:28.645,1.15388,1.15394,2.62,1.07
2015.01.16 18:07:29.174,1.15388,1.15394,2.25,1.07
2015.01.16 18:07:31.443,1.15388,1.15394,2.32,1.10
2015.01.16 18:07:31.952,1.15387,1.15394,2.32,1.57
2015.01.16 18:07:32.258,1.15386,1.15389,1.07,5.62
2015.01.16 18:07:32.308,1.15383,1.15386,3.75,1.50
2015.01.16 18:07:32.713,1.1538,1.15386,1.00,2.32
2015.01.16 18:07:32.814,1.1538,1.15384,1.00,1.50
2015.01.16 18:07:33.319,1.15379,1.15384,1.00,1.57
2015.01.16 18:07:33.825,1.15378,1.15384,1.00,2.32
2015.01.16 18:07:34.128,1.15373,1.15375,1.10,1.50
2015.01.16 18:07:34.179,1.15371,1.15375,1.00,1.50
2015.01.16 18:07:34.381,1.15373,1.15375,1.00,1.87
2015.01.16 18:07:34.635,1.1538,1.15383,1.00,1.07
2015.01.16 18:07:34.837,1.15379,1.15385,1.50,1.20
2015.01.16 18:07:36.179,1.15378,1.15385,1.50,2.32
2015.01.16 18:07:36.687,1.15377,1.15383,2.32,1.57
2015.01.16 18:07:37.662,1.15377,1.15383,2.32,1.95
2015.01.16 18:07:38.168,1.15376,1.15381,5.25,1.20
2015.01.16 18:07:38.472,1.15374,1.15378,1.10,1.87
2015.01.16 18:07:38.734,1.15372,1.15378,2.32,1.87
2015.01.16 18:07:39.250,1.15373,1.15378,1.00,1.57
2015.01.16 18:07:39.865,1.15371,1.15378,1.57,1.57
2015.01.16 18:07:40.018,1.15371,1.15374,1.00,1.00
2015.01.16 18:07:40.322,1.15376,1.1538,4.87,1.95
2015.01.16 18:07:40.795,1.15372,1.15379,2.32,1.20
2015.01.16 18:07:41.300,1.1537,1.15378,4.20,1.57
2015.01.16 18:07:41.553,1.1537,1.15378,4.20,1.95
2015.01.16 18:07:42.059,1.1537,1.15375,4.57,1.00
2015.01.16 18:07:42.464,1.15372,1.15376,1.00,1.87
2015.01.16 18:07:43.484,1.15371,1.15376,1.57,1.87
2015.01.16 18:07:44.597,1.15372,1.15376,1.00,1.50
2015.01.16 18:07:45.105,1.15373,1.15378,1.00,1.87
2015.01.16 18:07:45.649,1.15373,1.15378,1.00,1.87
2015.01.16 18:07:46.155,1.15371,1.15378,1.10,2.62
2015.01.16 18:07:46.451,1.15367,1.1537,6.37,1.87
2015.01.16 18:07:46.502,1.15371,1.15372,2.17,2.25
2015.01.16 18:07:46.553,1.15372,1.15374,1.50,1.00
2015.01.16 18:07:46.655,1.15375,1.15377,1.00,1.05
2015.01.16 18:07:46.807,1.15375,1.1538,2.25,1.07
2015.01.16 18:07:46.959,1.15375,1.15381,1.00,1.20
2015.01.16 18:07:47.667,1.15376,1.15382,1.50,3.45
2015.01.16 18:07:48.172,1.15376,1.15381,2.25,1.20
2015.01.16 18:07:48.678,1.15377,1.15381,2.25,1.20
2015.01.16 18:07:49.336,1.15377,1.15379,2.25,1.00
2015.01.16 18:07:49.974,1.15376,1.15381,1.31,1.20
2015.01.16 18:07:50.176,1.15374,1.1538,1.50,4.20
2015.01.16 18:07:51.029,1.15374,1.15379,1.00,1.07
2015.01.16 18:07:51.723,1.15375,1.1538,1.00,1.07
2015.01.16 18:07:51.976,1.15378,1.1538,1.00,1.00
2015.01.16 18:07:52.182,1.15381,1.15384,1.00,3.37
2015.01.16 18:07:52.233,1.15384,1.15385,1.00,1.50
2015.01.16 18:07:52.385,1.15384,1.15388,1.00,1.50
2015.01.16 18:07:52.487,1.15383,1.1539,1.00,1.00
2015.01.16 18:07:53.902,1.15383,1.15389,1.00,1.00
2015.01.16 18:07:54.408,1.15382,1.15389,2.25,1.00
2015.01.16 18:07:54.943,1.15383,1.15389,1.00,1.00
2015.01.16 18:07:57.694,1.15386,1.15389,1.00,1.00
2015.01.16 18:07:57.796,1.15382,1.15389,1.00,3.00
2015.01.16 18:07:58.150,1.15384,1.15388,1.00,1.50
2015.01.16 18:07:58.474,1.15384,1.15386,1.00,1.50
2015.01.16 18:07:58.576,1.15381,1.15386,1.00,2.25
2015.01.16 18:07:58.880,1.15378,1.15384,1.07,2.25
2015.01.16 18:07:59.033,1.15377,1.15384,3.07,3.45
2015.01.16 18:07:59.564,1.15377,1.15383,3.07,1.50
2015.01.16 18:07:59.969,1.1538,1.15383,1.00,1.50
2015.01.16 18:08:00.540,1.15376,1.15383,4.57,1.00
2015.01.16 18:08:02.657,1.15377,1.15384,1.57,2.70
2015.01.16 18:08:07.522,1.15378,1.15384,1.00,1.57
2015.01.16 18:08:08.029,1.15377,1.15384,4.57,1.57
2015.01.16 18:08:09.140,1.15377,1.15382,3.07,1.00
2015.01.16 18:08:09.468,1.15375,1.1538,4.87,1.00
2015.01.16 18:08:09.620,1.15375,1.1538,1.00,1.57
2015.01.16 18:08:09.873,1.15375,1.15377,1.00,1.00
2015.01.16 18:08:09.975,1.15373,1.15377,1.00,1.50
2015.01.16 18:08:10.177,1.15373,1.15375,1.00,1.00
2015.01.16 18:08:10.380,1.15368,1.15373,1.00,2.25
2015.01.16 18:08:10.734,1.1537,1.15374,1.00,1.00
2015.01.16 18:08:11.240,1.15369,1.15374,1.00,1.00
2015.01.16 18:08:13.438,1.15371,1.15374,1.00,1.00
2015.01.16 18:08:13.489,1.15371,1.15376,1.00,2.32
2015.01.16 18:08:13.792,1.15371,1.15374,1.00,1.50
2015.01.16 18:08:14.215,1.15368,1.15374,2.32,3.00
2015.01.16 18:08:14.267,1.15372,1.15375,1.00,1.57
2015.01.16 18:08:14.421,1.15377,1.15379,2.25,1.87
2015.01.16 18:08:14.876,1.15374,1.15379,1.00,1.57
2015.01.16 18:08:15.543,1.15373,1.15379,2.25,2.32
2015.01.16 18:08:15.746,1.15375,1.15379,1.00,1.57
2015.01.16 18:08:16.305,1.15374,1.15376,1.50,1.50
2015.01.16 18:08:16.356,1.15371,1.15376,1.07,1.50
2015.01.16 18:08:16.508,1.1537,1.15376,1.10,2.25
2015.01.16 18:08:16.761,1.15368,1.15375,3.82,1.20
2015.01.16 18:08:21.121,1.15371,1.15375,1.50,1.20
2015.01.16 18:08:21.324,1.15372,1.15376,1.00,1.57
2015.01.16 18:08:21.426,1.15374,1.15377,1.00,1.10
2015.01.16 18:08:21.932,1.15374,1.15379,1.00,3.07
2015.01.16 18:08:23.679,1.15372,1.15378,1.10,1.57
2015.01.16 18:08:23.730,1.15372,1.15376,1.10,1.50
2015.01.16 18:08:23.924,1.1537,1.15376,3.00,1.57
2015.01.16 18:08:24.430,1.1537,1.15375,1.50,1.00
2015.01.16 18:08:24.991,1.1537,1.15374,1.00,1.00
2015.01.16 18:08:28.492,1.1537,1.15373,1.87,1.00
2015.01.16 18:08:28.644,1.15369,1.1537,2.25,1.00
2015.01.16 18:08:28.948,1.15361,1.15366,1.00,1.50
2015.01.16 18:08:29.050,1.1536,1.15366,7.12,1.50
2015.01.16 18:08:29.101,1.1536,1.15366,6.37,1.07
2015.01.16 18:08:29.311,1.15364,1.15366,1.00,1.00
2015.01.16 18:08:29.518,1.1537,1.15374,1.50,1.12
2015.01.16 18:08:29.569,1.1537,1.15374,3.00,1.00
2015.01.16 18:08:29.671,1.15372,1.15375,1.00,1.00
2015.01.16 18:08:29.874,1.15368,1.15372,1.50,1.50
2015.01.16 18:08:29.975,1.15371,1.15374,1.00,1.50
2015.01.16 18:08:30.026,1.15371,1.15376,1.00,2.25
2015.01.16 18:08:30.430,1.15373,1.15375,1.00,1.50
2015.01.16 18:08:30.633,1.15371,1.15375,4.12,1.00
2015.01.16 18:08:31.038,1.1537,1.15372,1.12,1.00
2015.01.16 18:08:31.141,1.15367,1.15372,2.62,1.00
2015.01.16 18:08:31.293,1.15367,1.15371,1.37,1.00
2015.01.16 18:08:31.496,1.15382,1.15384,2.62,1.00
2015.01.16 18:08:31.548,1.15386,1.15388,1.00,1.07
2015.01.16 18:08:31.598,1.15388,1.1539,1.00,2.25
2015.01.16 18:08:31.649,1.15386,1.15391,1.50,1.00
2015.01.16 18:08:31.700,1.1539,1.15392,1.00,1.00
2015.01.16 18:08:32.004,1.1539,1.15394,1.50,1.00
2015.01.16 18:08:32.308,1.15392,1.15394,1.12,1.00
2015.01.16 18:08:32.843,1.15392,1.15395,1.87,1.00
2015.01.16 18:08:33.352,1.15392,1.15396,1.12,1.00
2015.01.16 18:08:33.885,1.15392,1.15395,1.12,1.00
2015.01.16 18:08:33.936,1.15394,1.15396,3.75,1.50
2015.01.16 18:08:34.037,1.154,1.15404,13.87,7.50
2015.01.16 18:08:34.138,1.15406,1.15409,1.50,4.37
2015.01.16 18:08:34.240,1.1541,1.15414,2.25,1.87
2015.01.16 18:08:34.291,1.1541,1.15414,2.25,1.00
2015.01.16 18:08:34.342,1.15412,1.15415,1.00,1.00
2015.01.16 18:08:34.545,1.1541,1.15414,4.50,1.00
2015.01.16 18:08:34.697,1.15407,1.15412,1.87,1.00
2015.01.16 18:08:35.203,1.15407,1.15411,4.87,1.00
2015.01.16 18:08:35.558,1.15407,1.15409,3.00,2.10
2015.01.16 18:08:35.609,1.15405,1.15408,6.75,1.00
2015.01.16 18:08:35.660,1.15405,1.15406,6.75,1.50
2015.01.16 18:08:35.761,1.15401,1.15406,1.37,2.25
2015.01.16 18:08:36.217,1.15401,1.15408,4.50,1.00
2015.01.16 18:08:36.318,1.15403,1.1541,1.12,1.50
2015.01.16 18:08:36.571,1.15403,1.15407,1.12,1.50
2015.01.16 18:08:36.723,1.15401,1.15409,4.12,6.00
2015.01.16 18:08:36.774,1.15401,1.15404,1.00,1.50
2015.01.16 18:08:36.876,1.15397,1.15402,1.00,1.50
2015.01.16 18:08:37.028,1.15394,1.154,3.00,1.00
2015.01.16 18:08:37.079,1.15397,1.154,1.00,1.00
2015.01.16 18:08:37.231,1.15397,1.15402,1.00,2.25
2015.01.16 18:08:37.456,1.15397,1.15401,1.00,1.07
2015.01.16 18:08:38.328,1.15396,1.15401,1.00,1.57
2015.01.16 18:08:38.633,1.15401,1.15403,1.00,1.10
2015.01.16 18:08:38.939,1.15416,1.15419,1.00,1.00
2015.01.16 18:08:38.990,1.15417,1.15419,1.00,1.07
2015.01.16 18:08:39.193,1.15413,1.15417,1.87,1.00
2015.01.16 18:08:39.416,1.15411,1.15416,1.00,1.00
2015.01.16 18:08:39.670,1.15411,1.15413,1.00,1.00
2015.01.16 18:08:39.822,1.15403,1.15409,9.00,1.50
2015.01.16 18:08:39.873,1.15403,1.15406,1.00,1.00
2015.01.16 18:08:40.075,1.154,1.15406,3.00,1.50
2015.01.16 18:08:40.177,1.154,1.15404,1.12,1.00
2015.01.16 18:08:40.695,1.154,1.15402,1.00,1.00
2015.01.16 18:08:40.747,1.15398,1.15401,1.00,1.00
2015.01.16 18:08:40.798,1.15397,1.15403,4.50,1.00
2015.01.16 18:08:41.051,1.154,1.15404,1.00,1.50
2015.01.16 18:08:41.979,1.15402,1.15404,1.00,1.50
2015.01.16 18:08:42.283,1.15406,1.15411,1.65,1.87
2015.01.16 18:08:42.789,1.15404,1.15409,1.87,1.45
2015.01.16 18:08:43.328,1.15404,1.15409,1.00,1.45
2015.01.16 18:08:44.440,1.15402,1.15404,1.50,2.25
2015.01.16 18:08:44.593,1.154,1.15402,11.32,3.00
2015.01.16 18:08:44.795,1.15401,1.15405,1.00,1.30
2015.01.16 18:08:44.897,1.15404,1.1541,1.00,4.50
2015.01.16 18:08:45.049,1.15406,1.1541,1.00,3.75
2015.01.16 18:08:45.355,1.15402,1.15409,2.25,1.02
2015.01.16 18:08:45.658,1.15404,1.15407,1.00,1.02
2015.01.16 18:08:46.279,1.15403,1.15407,1.87,1.02
2015.01.16 18:08:46.917,1.15403,1.15407,1.00,1.00
2015.01.16 18:08:47.473,1.15403,1.15408,1.12,1.10
2015.01.16 18:08:47.827,1.15405,1.15408,1.12,1.10
2015.01.16 18:08:47.928,1.15403,1.15408,1.50,1.10
2015.01.16 18:08:48.534,1.15412,1.15413,2.25,3.75
2015.01.16 18:08:48.686,1.15417,1.15421,2.25,1.50
2015.01.16 18:08:48.737,1.15418,1.15421,1.00,1.50
2015.01.16 18:08:48.788,1.15419,1.15424,1.50,1.50
2015.01.16 18:08:48.840,1.15423,1.15425,1.00,1.10
2015.01.16 18:08:49.166,1.1542,1.15423,1.00,1.00
2015.01.16 18:08:49.320,1.15418,1.15421,1.87,1.00
2015.01.16 18:08:49.524,1.15409,1.15414,1.00,1.00
2015.01.16 18:08:49.726,1.15408,1.15412,1.00,1.50
2015.01.16 18:08:50.031,1.15406,1.15411,1.00,1.07
2015.01.16 18:08:50.538,1.15407,1.15411,2.25,1.00
2015.01.16 18:08:50.842,1.15407,1.15409,1.50,1.00
2015.01.16 18:08:51.044,1.15405,1.15411,2.62,1.00
2015.01.16 18:08:51.095,1.15405,1.15411,2.62,1.07
2015.01.16 18:08:51.731,1.15404,1.15412,4.87,2.62
2015.01.16 18:08:52.086,1.15406,1.15412,1.00,2.62
2015.01.16 18:08:52.389,1.15408,1.15413,1.87,1.10
2015.01.16 18:08:52.592,1.15408,1.15414,3.00,1.57
2015.01.16 18:08:52.897,1.15413,1.15416,3.00,1.00
2015.01.16 18:08:52.949,1.15413,1.15416,1.50,1.00
2015.01.16 18:08:53.100,1.15411,1.15414,1.95,1.00
2015.01.16 18:08:53.606,1.1541,1.15414,1.00,2.32
2015.01.16 18:08:54.011,1.15416,1.15419,2.62,5.62
2015.01.16 18:08:54.164,1.15418,1.1542,1.00,2.25
2015.01.16 18:08:54.727,1.15417,1.15421,1.00,3.00
2015.01.16 18:08:54.778,1.15416,1.15418,1.10,1.00
2015.01.16 18:08:54.982,1.15413,1.15419,2.25,2.32
2015.01.16 18:08:55.441,1.15415,1.15419,4.50,2.32
2015.01.16 18:08:55.745,1.15413,1.15419,1.10,2.32
2015.01.16 18:08:55.846,1.15416,1.15419,1.00,2.32
2015.01.16 18:08:56.150,1.1543,1.15433,2.25,1.50
2015.01.16 18:08:56.201,1.15425,1.15433,21.56,1.50
2015.01.16 18:08:56.252,1.15423,1.15431,6.75,9.75
2015.01.16 18:08:56.454,1.1543,1.15433,1.00,1.00
2015.01.16 18:08:56.707,1.15428,1.15432,1.20,1.00
2015.01.16 18:08:57.316,1.15429,1.15432,1.00,1.00
2015.01.16 18:08:57.367,1.15429,1.1543,1.00,6.00
2015.01.16 18:08:57.671,1.15414,1.15416,1.20,1.50
2015.01.16 18:08:57.775,1.1541,1.15414,1.50,1.57
2015.01.16 18:08:58.282,1.15409,1.15414,2.25,1.50
2015.01.16 18:08:59.293,1.15418,1.15421,1.00,7.67
2015.01.16 18:08:59.344,1.15418,1.1542,1.00,1.00
2015.01.16 18:08:59.395,1.15417,1.15424,3.81,1.07
2015.01.16 18:08:59.461,1.15417,1.15424,3.81,1.00
2015.01.16 18:08:59.764,1.1542,1.15426,3.37,1.50
2015.01.16 18:09:01.191,1.1542,1.15424,4.12,1.00
2015.01.16 18:09:01.343,1.15419,1.15424,1.15,1.50
2015.01.16 18:09:01.870,1.15418,1.15423,1.13,1.00
2015.01.16 18:09:02.485,1.15417,1.15422,3.13,1.00
2015.01.16 18:09:02.895,1.15417,1.15418,1.10,1.00
2015.01.16 18:09:03.098,1.1541,1.15412,3.82,1.00
2015.01.16 18:09:03.604,1.15415,1.15417,2.25,1.50
2015.01.16 18:09:03.656,1.15416,1.15418,3.00,2.62
2015.01.16 18:09:03.708,1.15419,1.15422,3.00,9.75
2015.01.16 18:09:03.860,1.15427,1.15429,1.00,9.17
2015.01.16 18:09:03.911,1.1542,1.15427,15.37,2.25
2015.01.16 18:09:04.012,1.15425,1.1543,9.45,3.00
2015.01.16 18:09:04.316,1.15429,1.15433,1.00,1.00
2015.01.16 18:09:05.541,1.15429,1.15434,2.62,2.32
2015.01.16 18:09:06.048,1.15429,1.15434,5.25,1.57
2015.01.16 18:09:06.704,1.15429,1.15434,1.50,1.57
2015.01.16 18:09:07.761,1.15431,1.15434,1.50,1.57
2015.01.16 18:09:07.862,1.15429,1.15435,2.62,1.07
2015.01.16 18:09:08.368,1.1543,1.15434,1.00,1.10
2015.01.16 18:09:08.773,1.15428,1.15435,1.50,3.07
2015.01.16 18:09:10.000,1.15428,1.15435,1.87,1.57
2015.01.16 18:09:10.532,1.15429,1.15435,1.50,1.57
2015.01.16 18:09:11.043,1.1543,1.15437,4.12,1.57
2015.01.16 18:09:13.999,1.1543,1.15437,3.37,1.07
2015.01.16 18:09:14.761,1.15432,1.15435,1.00,1.10
2015.01.16 18:09:15.289,1.15433,1.15439,1.00,3.00
2015.01.16 18:09:15.828,1.15432,1.15436,1.00,1.07
2015.01.16 18:09:18.263,1.15433,1.15438,1.00,1.87
2015.01.16 18:09:18.365,1.15437,1.15438,1.50,1.50
2015.01.16 18:09:18.467,1.15437,1.15438,3.75,1.10
2015.01.16 18:09:18.569,1.15437,1.1544,3.75,1.10
2015.01.16 18:09:19.026,1.15435,1.15439,10.12,1.07
2015.01.16 18:09:19.561,1.15434,1.15439,1.00,2.32
2015.01.16 18:09:19.613,1.15431,1.15439,2.32,3.07
2015.01.16 18:09:20.018,1.15433,1.15438,1.00,1.07
2015.01.16 18:09:20.532,1.15433,1.15435,1.00,1.00
2015.01.16 18:09:21.046,1.15433,1.15439,1.00,2.62
2015.01.16 18:09:21.575,1.15436,1.15439,1.00,2.55
2015.01.16 18:09:21.678,1.15434,1.15439,1.50,1.07
2015.01.16 18:09:21.729,1.15436,1.15439,1.00,1.07
2015.01.16 18:09:21.882,1.15437,1.15443,3.75,1.87
2015.01.16 18:09:22.387,1.15438,1.15443,1.00,1.57
2015.01.16 18:09:23.547,1.15437,1.15442,6.37,1.95
2015.01.16 18:09:23.750,1.15434,1.15438,3.00,1.07
2015.01.16 18:09:23.851,1.15432,1.15436,1.00,1.00
2015.01.16 18:09:24.255,1.1543,1.15436,1.12,1.57
2015.01.16 18:09:24.710,1.15432,1.15437,1.00,1.57
2015.01.16 18:09:24.862,1.15433,1.1544,2.25,3.75
2015.01.16 18:09:25.796,1.15432,1.15438,1.00,2.32
2015.01.16 18:09:25.948,1.15432,1.15437,1.00,1.07
2015.01.16 18:09:26.285,1.15438,1.15443,1.00,1.12
2015.01.16 18:09:26.994,1.15437,1.1544,6.75,1.50
2015.01.16 18:09:27.536,1.15438,1.15444,1.00,2.02
2015.01.16 18:09:29.020,1.15437,1.15444,6.00,1.87
2015.01.16 18:09:29.664,1.15437,1.15443,3.75,1.12
2015.01.16 18:09:29.968,1.15437,1.15441,4.50,1.87
2015.01.16 18:09:30.020,1.15437,1.15441,4.50,1.57
2015.01.16 18:09:30.172,1.15437,1.15439,4.50,1.00
2015.01.16 18:09:30.628,1.15435,1.15438,1.00,5.55
2015.01.16 18:09:30.679,1.15433,1.15438,1.50,3.45
2015.01.16 18:09:30.730,1.1543,1.15437,3.82,1.57
2015.01.16 18:09:30.983,1.1543,1.15435,2.25,1.95
2015.01.16 18:09:31.501,1.15429,1.15435,1.50,2.70
2015.01.16 18:09:32.026,1.1543,1.15435,1.00,3.45
2015.01.16 18:09:32.330,1.15428,1.15435,1.50,4.50
2015.01.16 18:09:33.450,1.15429,1.15435,2.25,3.75
2015.01.16 18:09:33.966,1.1543,1.15435,1.00,1.95
2015.01.16 18:09:34.169,1.15429,1.15431,1.00,1.00
2015.01.16 18:09:34.723,1.15428,1.15434,1.00,1.57
2015.01.16 18:09:35.253,1.15427,1.15434,3.00,1.57
2015.01.16 18:09:35.757,1.15428,1.15434,1.00,1.57
2015.01.16 18:09:37.070,1.15428,1.1543,1.50,1.00
2015.01.16 18:09:37.374,1.15419,1.15424,1.00,1.12
2015.01.16 18:09:37.821,1.15419,1.15425,1.00,4.20
2015.01.16 18:09:41.027,1.15418,1.15423,1.50,1.57
2015.01.16 18:09:41.556,1.15419,1.15423,1.00,1.57
2015.01.16 18:09:42.380,1.15418,1.15423,1.50,1.57
2015.01.16 18:09:43.238,1.15417,1.15423,3.07,1.57
2015.01.16 18:09:43.784,1.15418,1.15423,1.00,1.57
2015.01.16 18:09:44.664,1.15419,1.15423,1.00,1.57
2015.01.16 18:09:46.297,1.1542,1.15425,1.00,3.07
2015.01.16 18:09:47.062,1.15418,1.15422,1.00,1.00
2015.01.16 18:09:47.581,1.15417,1.15421,3.00,1.00
2015.01.16 18:09:48.115,1.15418,1.15421,1.00,1.00
2015.01.16 18:09:48.629,1.15417,1.1542,4.50,1.00
2015.01.16 18:09:49.144,1.15418,1.15421,1.00,1.00
2015.01.16 18:09:50.260,1.15418,1.15423,1.10,1.00
2015.01.16 18:09:50.564,1.1542,1.15425,1.00,3.45
2015.01.16 18:09:51.221,1.15419,1.15425,2.32,3.45
2015.01.16 18:09:51.726,1.1542,1.15425,1.00,2.70
2015.01.16 18:09:54.103,1.15423,1.15425,1.00,1.10
2015.01.16 18:09:54.204,1.15421,1.15427,1.00,2.32
2015.01.16 18:09:54.725,1.15421,1.15426,1.00,1.10
2015.01.16 18:09:55.242,1.15421,1.15425,1.00,1.00
2015.01.16 18:09:55.761,1.1542,1.15422,2.25,1.00
2015.01.16 18:09:55.992,1.15417,1.15422,1.50,1.10
2015.01.16 18:09:56.847,1.15417,1.15422,2.25,1.00
2015.01.16 18:09:57.349,1.15418,1.15422,1.00,1.00
2015.01.16 18:10:00.654,1.15418,1.15419,1.00,1.00
2015.01.16 18:10:01.172,1.15417,1.15421,1.50,1.07
2015.01.16 18:10:01.480,1.15418,1.15422,1.00,1.10
2015.01.16 18:10:01.989,1.15419,1.15423,2.25,1.27
2015.01.16 18:10:03.694,1.1542,1.15423,1.00,1.27
2015.01.16 18:10:04.199,1.15419,1.15423,2.25,1.27
2015.01.16 18:10:04.502,1.1542,1.15424,2.50,1.80
2015.01.16 18:10:04.654,1.15427,1.15428,5.25,1.50
2015.01.16 18:10:04.755,1.15427,1.15432,2.32,1.00
2015.01.16 18:10:05.260,1.15429,1.15434,1.00,1.57
2015.01.16 18:10:06.127,1.1543,1.15435,1.00,2.25
2015.01.16 18:10:07.703,1.15428,1.15431,1.57,1.00
2015.01.16 18:10:07.756,1.15428,1.15431,2.32,1.00
2015.01.16 18:10:07.807,1.15428,1.15434,1.57,4.57
2015.01.16 18:10:08.313,1.15429,1.15434,1.00,3.07
2015.01.16 18:10:08.516,1.15426,1.15432,2.32,1.10
2015.01.16 18:10:08.718,1.15426,1.15429,1.57,1.00
2015.01.16 18:10:09.324,1.15426,1.15428,1.00,1.50
2015.01.16 18:10:09.728,1.15424,1.15427,1.00,1.07
2015.01.16 18:10:09.981,1.15423,1.15426,1.00,1.10
2015.01.16 18:10:10.488,1.15422,1.15426,1.00,1.07
2015.01.16 18:10:12.959,1.1542,1.15425,3.75,1.20
2015.01.16 18:10:13.540,1.15421,1.15425,1.00,1.20
2015.01.16 18:10:13.592,1.15428,1.15431,2.25,9.37
2015.01.16 18:10:13.695,1.15425,1.15431,2.25,3.37
2015.01.16 18:10:14.303,1.15424,1.15431,3.00,3.75
2015.01.16 18:10:14.809,1.15425,1.15431,1.50,1.50
2015.01.16 18:10:17.430,1.15425,1.15427,1.00,1.00
2015.01.16 18:10:17.734,1.15422,1.15424,1.00,1.00
2015.01.16 18:10:17.858,1.1542,1.15421,1.50,1.00
2015.01.16 18:10:17.911,1.15424,1.15431,2.25,2.25
2015.01.16 18:10:18.014,1.1542,1.15428,1.00,2.10
2015.01.16 18:10:18.116,1.1542,1.15424,1.00,1.00
2015.01.16 18:10:18.621,1.15421,1.15424,1.00,1.00
2015.01.16 18:10:18.924,1.15423,1.15426,1.50,1.05
2015.01.16 18:10:18.976,1.15422,1.15426,1.00,1.12
2015.01.16 18:10:19.583,1.1542,1.15426,2.25,1.87
2015.01.16 18:10:19.634,1.15423,1.15426,1.50,1.05
2015.01.16 18:10:19.787,1.15424,1.15429,1.50,5.25
2015.01.16 18:10:19.968,1.1542,1.15429,7.12,3.00
2015.01.16 18:10:20.480,1.1542,1.15428,2.62,1.50
2015.01.16 18:10:20.531,1.1542,1.15426,2.62,1.00
2015.01.16 18:10:21.037,1.15421,1.15427,1.00,1.57
2015.01.16 18:10:21.341,1.1542,1.1543,4.87,16.50
2015.01.16 18:10:21.543,1.1542,1.15428,4.87,1.00
2015.01.16 18:10:21.874,1.15425,1.15428,1.50,1.10
2015.01.16 18:10:22.594,1.15427,1.15431,2.25,2.25
2015.01.16 18:10:22.799,1.15422,1.1543,1.57,4.42
2015.01.16 18:10:23.304,1.15422,1.15429,1.57,1.00
2015.01.16 18:10:23.779,1.15427,1.15429,1.50,1.57
2015.01.16 18:10:24.032,1.15424,1.15429,1.50,1.07
2015.01.16 18:10:24.538,1.15423,1.15428,1.00,1.10
2015.01.16 18:10:24.690,1.15424,1.15428,1.37,1.10
2015.01.16 18:10:24.842,1.15424,1.15429,1.50,1.57
2015.01.16 18:10:25.538,1.15426,1.15429,1.00,1.07
2015.01.16 18:10:25.791,1.15427,1.1543,3.00,1.00
2015.01.16 18:10:26.397,1.15427,1.15431,3.00,1.00
2015.01.16 18:10:29.224,1.15427,1.15429,3.00,1.00
2015.01.16 18:10:29.729,1.15427,1.1543,1.50,1.00
2015.01.16 18:10:31.519,1.15427,1.15429,1.50,2.85
2015.01.16 18:10:31.621,1.15422,1.15424,1.37,2.06
2015.01.16 18:10:31.723,1.1542,1.15422,1.50,3.75
2015.01.16 18:10:31.824,1.15423,1.15426,1.00,1.00
2015.01.16 18:10:31.875,1.15421,1.15427,1.57,1.10
2015.01.16 18:10:31.926,1.1542,1.15423,9.00,2.06
2015.01.16 18:10:32.440,1.15419,1.15422,1.07,2.06
2015.01.16 18:10:32.968,1.15419,1.15422,1.10,2.06
2015.01.16 18:10:34.083,1.15418,1.15422,2.70,2.06
2015.01.16 18:10:34.588,1.15419,1.15422,1.00,2.14
2015.01.16 18:10:36.450,1.15419,1.15423,2.25,1.20
2015.01.16 18:10:36.956,1.1542,1.15423,3.00,1.12
2015.01.16 18:10:38.194,1.1542,1.15423,1.50,1.57
2015.01.16 18:10:39.543,1.15419,1.15423,1.50,2.32
2015.01.16 18:10:39.745,1.1542,1.15423,1.00,2.32
2015.01.16 18:10:44.028,1.1542,1.15424,1.00,1.87
2015.01.16 18:10:45.999,1.1542,1.15424,1.00,1.50
2015.01.16 18:10:46.269,1.15418,1.15425,5.62,9.97
2015.01.16 18:10:46.780,1.15419,1.15424,1.00,2.25
2015.01.16 18:10:47.285,1.15419,1.15422,1.00,1.20
2015.01.16 18:10:47.651,1.1542,1.15424,1.00,1.45
2015.01.16 18:10:48.164,1.15421,1.15422,1.00,1.12
2015.01.16 18:10:48.699,1.15419,1.15422,3.07,1.12
2015.01.16 18:10:49.232,1.15419,1.15424,3.07,1.87
2015.01.16 18:10:50.332,1.1542,1.15424,1.57,1.37
2015.01.16 18:10:52.227,1.1542,1.15424,1.95,1.00
2015.01.16 18:10:52.379,1.15421,1.15425,2.25,1.00
2015.01.16 18:10:52.884,1.15421,1.15424,3.00,1.00
2015.01.16 18:10:53.338,1.15425,1.15427,1.00,2.62
2015.01.16 18:10:53.440,1.15423,1.15427,1.95,1.87
2015.01.16 18:10:53.693,1.1542,1.15425,4.12,1.50
2015.01.16 18:10:54.029,1.1542,1.15423,3.37,1.00
2015.01.16 18:10:56.143,1.1542,1.15423,3.82,1.00
2015.01.16 18:10:56.650,1.15419,1.15422,2.25,1.00
2015.01.16 18:10:57.842,1.1542,1.15425,2.32,1.50
2015.01.16 18:10:59.248,1.15422,1.15425,1.50,1.50
2015.01.16 18:10:59.768,1.15422,1.15427,2.32,3.37
2015.01.16 18:11:00.315,1.1542,1.15425,7.57,1.50
2015.01.16 18:11:00.842,1.1542,1.15424,1.57,1.00
2015.01.16 18:11:03.789,1.15422,1.15425,1.00,1.50
2015.01.16 18:11:04.176,1.1542,1.15425,1.00,2.25
2015.01.16 18:11:08.223,1.15422,1.15425,1.00,3.00
2015.01.16 18:11:09.031,1.1542,1.15425,1.12,2.25
2015.01.16 18:11:09.132,1.1542,1.15423,1.12,1.00
2015.01.16 18:11:09.385,1.15417,1.15423,1.07,1.57
2015.01.16 18:11:09.740,1.1542,1.15423,2.25,1.10
2015.01.16 18:11:10.264,1.15419,1.15423,2.32,1.00
2015.01.16 18:11:10.746,1.1542,1.15425,3.00,1.20
2015.01.16 18:11:10.949,1.1542,1.15425,3.07,1.12
2015.01.16 18:11:11.051,1.15423,1.15425,1.00,1.12
2015.01.16 18:11:11.556,1.15422,1.15425,1.00,1.00
2015.01.16 18:11:11.708,1.15422,1.15425,1.00,1.00
2015.01.16 18:11:11.961,1.1542,1.15422,1.80,3.67
2015.01.16 18:11:12.222,1.15421,1.15425,1.00,1.57
2015.01.16 18:11:12.728,1.15421,1.15425,1.00,1.57
2015.01.16 18:11:12.779,1.15419,1.15425,3.07,1.57
2015.01.16 18:11:12.981,1.15421,1.15425,1.00,1.50
2015.01.16 18:11:14.143,1.15422,1.15425,1.00,1.00
2015.01.16 18:11:15.892,1.15425,1.15426,1.00,1.00
2015.01.16 18:11:16.399,1.15424,1.15428,1.00,4.95
2015.01.16 18:11:17.107,1.15423,1.15427,1.50,1.20
2015.01.16 18:11:17.979,1.15424,1.15428,1.00,3.45
2015.01.16 18:11:19.125,1.15423,1.15428,1.50,4.20
2015.01.16 18:11:19.429,1.15429,1.1543,1.00,2.25
2015.01.16 18:11:19.884,1.1543,1.15433,1.00,2.70
2015.01.16 18:11:20.420,1.1543,1.15433,1.00,1.95
2015.01.16 18:11:20.825,1.15427,1.15429,1.10,1.00
2015.01.16 18:11:21.332,1.15424,1.15429,3.07,3.00
2015.01.16 18:11:21.383,1.15424,1.15429,3.07,3.00
2015.01.16 18:11:21.738,1.15424,1.15427,1.00,1.00
2015.01.16 18:11:22.258,1.15422,1.15427,1.45,1.00
2015.01.16 18:11:22.918,1.15426,1.15429,1.00,9.07
2015.01.16 18:11:23.257,1.15435,1.15441,13.87,1.00
2015.01.16 18:11:23.308,1.15444,1.15446,2.25,1.00
2015.01.16 18:11:23.460,1.15444,1.15447,1.05,1.00
2015.01.16 18:11:23.511,1.1544,1.15444,1.87,1.00
2015.01.16 18:11:23.764,1.15439,1.15445,1.57,1.00
2015.01.16 18:11:24.286,1.15437,1.15444,1.37,1.87
2015.01.16 18:11:24.388,1.15436,1.15442,1.87,1.37
2015.01.16 18:11:24.691,1.15433,1.15435,1.00,1.00
2015.01.16 18:11:25.301,1.1543,1.15435,1.10,2.40
2015.01.16 18:11:29.189,1.15432,1.15435,1.00,1.27
2015.01.16 18:11:29.240,1.15432,1.15437,1.00,1.57
2015.01.16 18:11:29.595,1.1543,1.15436,1.50,1.10
2015.01.16 18:11:29.747,1.15428,1.15435,3.07,1.50
2015.01.16 18:11:31.085,1.15427,1.15435,3.07,6.75
2015.01.16 18:11:31.593,1.15427,1.15434,2.32,1.12
2015.01.16 18:11:32.575,1.15427,1.15434,2.32,1.20
2015.01.16 18:11:33.082,1.15427,1.15434,3.82,1.20
2015.01.16 18:11:33.818,1.15429,1.15434,1.00,1.20
2015.01.16 18:11:34.333,1.15429,1.15435,3.07,4.27
2015.01.16 18:11:35.055,1.1543,1.15435,1.00,8.02
2015.01.16 18:11:35.561,1.15429,1.15435,2.32,6.52
2015.01.16 18:11:38.368,1.1543,1.15434,1.00,1.37
2015.01.16 18:11:39.144,1.15429,1.15434,1.10,1.87
2015.01.16 18:11:43.710,1.15426,1.15433,1.50,4.12
2015.01.16 18:11:43.761,1.15426,1.15432,1.10,1.20
2015.01.16 18:11:43.965,1.15432,1.15435,1.50,8.17
2015.01.16 18:11:44.117,1.15436,1.15439,1.00,1.20
2015.01.16 18:11:44.219,1.15434,1.1544,1.00,3.07
2015.01.16 18:11:44.283,1.15436,1.1544,1.00,2.32
2015.01.16 18:11:44.741,1.15437,1.15441,2.25,1.10
2015.01.16 18:11:44.893,1.15438,1.15443,1.10,1.10
2015.01.16 18:11:45.552,1.15439,1.15445,1.00,1.87
2015.01.16 18:11:45.957,1.1544,1.15445,1.57,1.57
2015.01.16 18:11:46.260,1.15443,1.15445,1.00,1.57
2015.01.16 18:11:46.794,1.15442,1.15445,1.00,1.50
2015.01.16 18:11:47.357,1.15441,1.15445,1.10,1.50
2015.01.16 18:11:48.583,1.15442,1.15445,1.00,1.57
2015.01.16 18:11:48.892,1.1544,1.15447,2.25,1.87
2015.01.16 18:11:49.147,1.15446,1.15448,1.00,1.00
2015.01.16 18:11:49.199,1.15448,1.15451,1.50,9.75
2015.01.16 18:11:49.300,1.15444,1.15446,1.00,1.00
2015.01.16 18:11:49.402,1.1544,1.15446,3.07,1.10
2015.01.16 18:11:49.913,1.15441,1.15446,1.00,1.10
2015.01.16 18:11:51.799,1.1544,1.15446,1.20,1.10
2015.01.16 18:11:52.328,1.15441,1.15446,1.00,1.07
2015.01.16 18:11:52.746,1.15445,1.15446,1.00,1.00
2015.01.16 18:11:52.797,1.15444,1.15447,1.00,1.50
2015.01.16 18:11:53.606,1.15445,1.15447,1.00,1.50
2015.01.16 18:11:54.385,1.15445,1.15447,1.00,1.50
2015.01.16 18:11:54.892,1.15445,1.15447,1.00,1.50
2015.01.16 18:11:55.407,1.15444,1.15447,1.00,1.50
2015.01.16 18:11:55.710,1.15441,1.15447,1.07,1.50
2015.01.16 18:11:57.105,1.1544,1.15445,1.50,1.50
2015.01.16 18:11:59.187,1.1544,1.15445,1.50,1.50
2015.01.16 18:11:59.745,1.15445,1.15448,3.75,4.20
2015.01.16 18:11:59.847,1.15446,1.15449,7.31,1.07
2015.01.16 18:11:59.898,1.15448,1.1545,1.50,1.00
2015.01.16 18:12:00.201,1.15453,1.15457,1.00,1.45
2015.01.16 18:12:00.303,1.15452,1.15456,1.00,1.45
2015.01.16 18:12:00.614,1.1545,1.15452,1.57,1.00
2015.01.16 18:12:00.766,1.15449,1.15456,1.07,1.95
2015.01.16 18:12:01.271,1.1545,1.15456,1.00,1.95
2015.01.16 18:12:01.710,1.15448,1.15456,3.75,2.70
2015.01.16 18:12:03.482,1.15449,1.15456,1.00,3.30
2015.01.16 18:12:04.589,1.1545,1.15456,1.00,3.30
2015.01.16 18:12:05.559,1.15451,1.15456,2.10,1.95
2015.01.16 18:12:05.610,1.15456,1.15458,1.00,1.12
2015.01.16 18:12:05.762,1.15458,1.1546,1.00,1.00
2015.01.16 18:12:06.269,1.15457,1.15465,3.75,8.77
2015.01.16 18:12:11.598,1.15457,1.15458,1.10,1.00
2015.01.16 18:12:11.801,1.15451,1.15457,1.00,1.07
2015.01.16 18:12:12.315,1.15451,1.15455,1.00,1.50
2015.01.16 18:12:12.822,1.15448,1.15455,2.25,1.50
2015.01.16 18:12:17.307,1.15448,1.15453,1.12,1.50
2015.01.16 18:12:17.409,1.15447,1.15453,1.07,1.50
2015.01.16 18:12:17.915,1.15449,1.15453,1.00,1.57
2015.01.16 18:12:18.421,1.15449,1.15453,1.00,2.32
2015.01.16 18:12:18.958,1.15448,1.15453,1.00,1.57
2015.01.16 18:12:19.464,1.15448,1.15453,1.00,1.50
2015.01.16 18:12:19.969,1.15446,1.15452,1.07,1.00
2015.01.16 18:12:21.469,1.15447,1.15451,1.10,1.00
2015.01.16 18:12:21.994,1.15446,1.1545,1.65,1.39
2015.01.16 18:12:22.519,1.15445,1.15449,2.62,3.75
2015.01.16 18:12:22.925,1.15445,1.15452,1.50,3.75
2015.01.16 18:12:23.434,1.15446,1.15452,2.25,1.00
2015.01.16 18:12:23.945,1.15446,1.15452,1.07,1.00
2015.01.16 18:12:26.395,1.15446,1.1545,2.32,1.00
2015.01.16 18:12:26.649,1.1544,1.15447,7.87,2.25
2015.01.16 18:12:26.955,1.1544,1.15445,3.75,1.50
2015.01.16 18:12:27.462,1.15442,1.15444,1.00,1.00
2015.01.16 18:12:27.614,1.15439,1.15444,1.10,1.00
2015.01.16 18:12:29.820,1.15438,1.15445,1.07,2.32
2015.01.16 18:12:30.800,1.15442,1.15445,1.00,1.57
2015.01.16 18:12:31.002,1.1544,1.15445,1.57,2.25
2015.01.16 18:12:42.798,1.15441,1.15445,1.00,1.50
2015.01.16 18:12:42.901,1.15444,1.15447,1.50,1.07
2015.01.16 18:12:43.004,1.15447,1.15448,1.00,1.05
2015.01.16 18:12:43.055,1.15447,1.1545,1.00,1.95
2015.01.16 18:12:43.157,1.15448,1.15453,1.00,1.95
2015.01.16 18:12:43.973,1.15449,1.15454,1.00,2.70
2015.01.16 18:12:44.024,1.15451,1.15454,1.00,2.70
2015.01.16 18:12:45.681,1.15452,1.15454,1.00,1.47
2015.01.16 18:12:45.934,1.15451,1.15457,1.07,2.62
2015.01.16 18:12:46.086,1.1545,1.15452,1.87,1.00
2015.01.16 18:12:46.239,1.15447,1.15449,1.00,1.87
2015.01.16 18:12:46.290,1.15443,1.15446,1.80,1.00
2015.01.16 18:12:46.442,1.15443,1.15445,1.10,1.00
2015.01.16 18:12:46.544,1.15444,1.15447,1.00,1.87
2015.01.16 18:12:46.955,1.15442,1.15447,1.10,1.87
2015.01.16 18:12:47.113,1.15445,1.15448,1.00,1.57
2015.01.16 18:12:47.368,1.15449,1.1545,1.00,3.75
2015.01.16 18:12:47.520,1.15446,1.15452,1.00,1.57
2015.01.16 18:12:48.078,1.15446,1.15452,5.77,1.00
2015.01.16 18:12:48.635,1.15447,1.15452,1.50,1.00
2015.01.16 18:12:48.736,1.1545,1.15452,1.00,1.00
2015.01.16 18:12:48.838,1.1545,1.15454,1.00,1.50
2015.01.16 18:12:59.016,1.15449,1.15455,1.07,1.00
2015.01.16 18:12:59.849,1.15449,1.15454,1.07,1.00
2015.01.16 18:12:59.950,1.1545,1.15456,1.57,1.50
2015.01.16 18:13:00.052,1.15453,1.15457,1.00,1.57
2015.01.16 18:13:00.204,1.15454,1.15459,1.50,1.10
2015.01.16 18:13:00.709,1.15455,1.15459,1.00,1.00
2015.01.16 18:13:01.236,1.15454,1.15459,1.50,1.10
2015.01.16 18:13:01.842,1.15453,1.15459,1.10,1.57
2015.01.16 18:13:01.993,1.15453,1.15457,1.10,1.00
2015.01.16 18:13:02.499,1.15453,1.15456,1.10,1.00
2015.01.16 18:13:02.904,1.15451,1.15458,1.12,1.12
2015.01.16 18:13:03.359,1.15455,1.15458,1.00,1.12
2015.01.16 18:13:03.887,1.15457,1.15458,1.00,1.00
2015.01.16 18:13:04.089,1.15459,1.15463,1.00,1.95
2015.01.16 18:13:04.291,1.15457,1.15463,3.00,1.20
2015.01.16 18:13:04.797,1.15458,1.15463,2.25,1.20
2015.01.16 18:13:05.204,1.1546,1.15463,1.00,1.20
2015.01.16 18:13:06.260,1.15459,1.15464,1.50,1.07
2015.01.16 18:13:06.614,1.15459,1.15461,1.50,1.00
2015.01.16 18:13:07.523,1.15459,1.15463,1.50,1.95
2015.01.16 18:13:09.757,1.15459,1.15461,1.50,1.00
2015.01.16 18:13:14.658,1.15458,1.15461,1.00,1.00
2015.01.16 18:13:15.163,1.15457,1.1546,1.50,1.00
2015.01.16 18:13:16.477,1.15455,1.1546,1.57,1.00
2015.01.16 18:13:16.983,1.15455,1.15459,1.57,1.00
2015.01.16 18:13:17.492,1.15455,1.1546,1.57,1.00
2015.01.16 18:13:18.290,1.15456,1.1546,1.00,1.00
2015.01.16 18:13:18.825,1.15455,1.1546,1.57,1.00
2015.01.16 18:13:19.698,1.15456,1.1546,1.00,1.00
2015.01.16 18:13:19.799,1.15459,1.15465,1.00,7.20
2015.01.16 18:13:20.308,1.1546,1.15465,1.00,4.95
2015.01.16 18:13:20.815,1.1546,1.15465,1.50,6.07
2015.01.16 18:13:21.387,1.15459,1.15464,1.57,1.37
2015.01.16 18:13:21.992,1.15458,1.15464,1.50,2.70
2015.01.16 18:13:23.352,1.15457,1.15463,1.10,1.95
2015.01.16 18:13:23.656,1.15457,1.15462,1.57,1.37
2015.01.16 18:13:24.886,1.15457,1.15459,1.10,1.50
2015.01.16 18:13:25.205,1.15454,1.15458,1.07,1.12
2015.01.16 18:13:25.309,1.15453,1.15458,1.57,1.87
2015.01.16 18:13:25.814,1.15453,1.15456,1.10,1.50
2015.01.16 18:13:26.118,1.15446,1.15451,1.05,3.07
2015.01.16 18:13:26.321,1.15444,1.15448,3.00,1.00
2015.01.16 18:13:26.371,1.15443,1.15447,1.00,1.37
2015.01.16 18:13:26.523,1.15441,1.15447,2.25,1.87
2015.01.16 18:13:27.230,1.15442,1.15447,1.00,1.87
2015.01.16 18:13:28.147,1.15441,1.15447,2.25,1.87
2015.01.16 18:13:28.694,1.15442,1.15447,1.00,1.87
2015.01.16 18:13:30.413,1.15442,1.15447,1.00,1.50
2015.01.16 18:13:30.616,1.15446,1.15447,1.00,1.00
2015.01.16 18:13:30.818,1.15448,1.15452,1.50,1.10
2015.01.16 18:13:30.920,1.15448,1.15455,2.32,1.87
2015.01.16 18:13:31.122,1.15448,1.15454,1.87,1.50
2015.01.16 18:13:31.333,1.15446,1.15454,1.57,2.70
2015.01.16 18:13:31.536,1.15445,1.15449,1.12,3.37
2015.01.16 18:13:31.688,1.15444,1.15449,1.07,5.62
2015.01.16 18:13:32.096,1.15442,1.15448,1.07,1.50
2015.01.16 18:13:32.627,1.15442,1.15448,1.10,3.45
2015.01.16 18:13:33.640,1.15441,1.15447,1.57,1.00
2015.01.16 18:13:36.515,1.1544,1.15447,2.92,3.75
2015.01.16 18:13:37.627,1.15441,1.15447,1.00,3.00
2015.01.16 18:13:41.615,1.1544,1.15447,3.90,2.25
2015.01.16 18:13:43.259,1.15441,1.15447,1.00,2.25
2015.01.16 18:13:43.570,1.15442,1.15445,1.00,2.25
2015.01.16 18:13:43.825,1.15437,1.15442,2.32,1.00
2015.01.16 18:13:43.876,1.15437,1.15444,1.57,1.50
2015.01.16 18:13:43.927,1.15436,1.1544,1.87,1.50
2015.01.16 18:13:44.231,1.15435,1.15437,1.00,1.00
2015.01.16 18:13:44.383,1.15435,1.1544,1.00,1.10
2015.01.16 18:13:44.536,1.15435,1.15443,1.95,3.07
2015.01.16 18:13:45.041,1.15435,1.15441,2.32,1.00
2015.01.16 18:13:45.565,1.15435,1.15443,1.95,1.07
2015.01.16 18:13:47.031,1.15435,1.15439,3.45,1.00
2015.01.16 18:13:48.037,1.15436,1.15439,1.10,1.00
2015.01.16 18:13:48.578,1.15435,1.15439,1.00,1.37
2015.01.16 18:13:49.892,1.15435,1.15437,1.00,1.00
2015.01.16 18:13:51.311,1.15436,1.1544,1.00,1.00
2015.01.16 18:13:51.841,1.15435,1.15437,1.57,1.00
2015.01.16 18:13:52.194,1.15435,1.15441,1.10,1.57
2015.01.16 18:13:52.521,1.15435,1.15444,4.20,1.57
2015.01.16 18:13:53.027,1.15435,1.15442,3.45,1.00
2015.01.16 18:13:54.680,1.15436,1.15444,2.89,1.57
2015.01.16 18:13:54.731,1.15438,1.15444,1.00,1.57
2015.01.16 18:13:55.276,1.15438,1.15444,1.10,1.57
2015.01.16 18:13:55.783,1.15435,1.15443,4.20,1.10
2015.01.16 18:14:00.618,1.15436,1.1544,1.10,1.00
2015.01.16 18:14:01.123,1.15434,1.15439,1.57,5.62
2015.01.16 18:14:01.627,1.15435,1.15438,1.00,1.00
2015.01.16 18:14:02.736,1.15434,1.15438,1.50,1.00
2015.01.16 18:14:03.261,1.15435,1.15438,1.00,1.00
2015.01.16 18:14:04.134,1.15431,1.15437,3.22,1.00
2015.01.16 18:14:04.337,1.15431,1.15437,1.10,1.00
2015.01.16 18:14:05.284,1.1543,1.15434,2.70,1.00
2015.01.16 18:14:05.539,1.15424,1.15429,1.00,4.12
2015.01.16 18:14:05.640,1.15426,1.15429,1.50,3.37
2015.01.16 18:14:05.944,1.15423,1.1543,1.07,5.70
2015.01.16 18:14:06.450,1.15421,1.15429,2.51,1.10
2015.01.16 18:14:06.602,1.15428,1.1543,1.00,2.32
2015.01.16 18:14:06.754,1.15427,1.15434,1.00,1.07
2015.01.16 18:14:07.262,1.15426,1.15433,1.10,1.10
2015.01.16 18:14:08.809,1.15426,1.15429,1.10,1.50
2015.01.16 18:14:09.013,1.15428,1.15435,1.00,1.07
2015.01.16 18:14:09.165,1.15429,1.15436,1.10,1.57
2015.01.16 18:14:09.671,1.15429,1.15434,1.10,2.25
2015.01.16 18:14:13.068,1.15429,1.15435,1.10,1.57
2015.01.16 18:14:13.119,1.15431,1.15435,1.00,1.10
2015.01.16 18:14:13.624,1.15431,1.15436,1.00,1.50
2015.01.16 18:14:14.862,1.15434,1.15437,1.00,1.10
2015.01.16 18:14:15.116,1.15438,1.1544,1.50,3.07
2015.01.16 18:14:15.218,1.1544,1.15445,2.25,3.37
2015.01.16 18:14:15.724,1.15441,1.15445,1.57,1.00
2015.01.16 18:14:15.775,1.15441,1.15447,1.57,1.57
2015.01.16 18:14:16.027,1.15441,1.15449,1.57,2.32
2015.01.16 18:14:16.533,1.15442,1.15448,1.10,1.50
2015.01.16 18:14:17.039,1.15443,1.15448,1.00,1.50
2015.01.16 18:14:17.544,1.15441,1.15448,2.32,1.50
2015.01.16 18:14:18.056,1.15441,1.15447,2.32,1.00
2015.01.16 18:14:19.225,1.15441,1.15446,1.57,1.00
2015.01.16 18:14:19.735,1.1544,1.15447,1.20,1.07
2015.01.16 18:14:20.241,1.15438,1.15445,2.32,1.10
2015.01.16 18:14:20.847,1.15438,1.15445,1.57,2.32
2015.01.16 18:14:21.353,1.15438,1.15445,2.32,1.57
2015.01.16 18:14:21.506,1.15441,1.15445,1.00,1.57
2015.01.16 18:14:22.274,1.15442,1.1545,1.00,4.87
2015.01.16 18:14:22.375,1.15442,1.1545,1.50,2.32
2015.01.16 18:14:22.780,1.15442,1.15444,1.00,1.00
2015.01.16 18:14:23.235,1.1544,1.15444,1.57,1.00
2015.01.16 18:14:23.757,1.15439,1.15443,1.00,1.00
2015.01.16 18:14:25.363,1.15438,1.15443,10.87,1.00
2015.01.16 18:14:25.849,1.1544,1.15443,1.00,1.00
2015.01.16 18:14:25.950,1.15441,1.15445,3.75,1.00
2015.01.16 18:14:26.001,1.15445,1.15448,1.00,2.32
2015.01.16 18:14:26.102,1.15441,1.15446,1.00,1.50
2015.01.16 18:14:26.254,1.15443,1.15446,1.00,1.50
2015.01.16 18:14:26.356,1.15448,1.1545,3.00,1.50
2015.01.16 18:14:26.458,1.15449,1.15454,1.50,1.00
2015.01.16 18:14:26.610,1.15448,1.15452,1.00,1.00
2015.01.16 18:14:26.660,1.15446,1.15452,1.00,1.07
2015.01.16 18:14:27.172,1.15445,1.15451,1.12,1.10
2015.01.16 18:14:28.664,1.15447,1.15451,1.50,1.10
2015.01.16 18:14:28.867,1.15447,1.15453,1.00,1.50
2015.01.16 18:14:29.532,1.15448,1.15453,1.00,1.50
2015.01.16 18:14:31.278,1.1545,1.15453,1.00,1.50
2015.01.16 18:14:31.807,1.15449,1.15453,1.00,1.50
2015.01.16 18:14:32.312,1.15448,1.15453,2.70,1.50
2015.01.16 18:14:33.772,1.15447,1.15453,2.70,1.50
2015.01.16 18:14:34.365,1.15448,1.15453,1.47,1.50
2015.01.16 18:14:34.889,1.15448,1.15453,1.10,1.50
2015.01.16 18:14:35.414,1.15447,1.15451,1.10,1.00
2015.01.16 18:14:35.719,1.15445,1.15452,1.95,1.57
2015.01.16 18:14:35.972,1.15444,1.15448,3.07,1.00
2015.01.16 18:14:36.225,1.15447,1.15453,1.00,1.00
2015.01.16 18:14:36.275,1.1545,1.15454,1.12,2.32
2015.01.16 18:14:36.579,1.15449,1.1545,1.00,2.62
2015.01.16 18:14:36.681,1.15443,1.15447,1.00,1.00
2015.01.16 18:14:36.883,1.15445,1.15447,1.00,1.00
2015.01.16 18:14:37.440,1.15445,1.15447,1.00,1.00
2015.01.16 18:14:38.374,1.15445,1.15449,1.00,1.57
2015.01.16 18:14:38.881,1.15445,1.15448,1.00,1.50
2015.01.16 18:14:39.540,1.15445,1.15449,1.00,3.82
2015.01.16 18:14:40.049,1.15445,1.15449,1.00,6.45
2015.01.16 18:14:41.133,1.15447,1.15449,2.25,4.12
2015.01.16 18:14:41.286,1.15448,1.1545,1.00,1.00
2015.01.16 18:14:41.541,1.1545,1.15452,1.12,1.00
2015.01.16 18:14:41.592,1.1545,1.15455,1.87,1.00
2015.01.16 18:14:41.643,1.15453,1.15455,1.00,1.00
2015.01.16 18:14:42.148,1.15454,1.15456,1.00,1.10
2015.01.16 18:14:43.523,1.15451,1.15454,1.00,1.50
2015.01.16 18:14:46.466,1.1545,1.15454,1.87,1.57
2015.01.16 18:14:46.619,1.15447,1.15449,3.82,3.75
2015.01.16 18:14:46.822,1.15445,1.15446,1.00,1.10
2015.01.16 18:14:47.236,1.15443,1.15446,1.00,1.10
2015.01.16 18:14:50.896,1.15443,1.15446,1.00,1.07
2015.01.16 18:14:51.754,1.15443,1.15444,1.00,1.50
2015.01.16 18:14:51.855,1.15441,1.15444,1.00,1.57
2015.01.16 18:14:56.459,1.1544,1.15444,1.00,1.57
2015.01.16 18:14:57.578,1.1544,1.15444,1.00,1.95
2015.01.16 18:14:58.269,1.15436,1.15439,1.00,1.50
2015.01.16 18:14:58.321,1.15436,1.15439,1.00,3.00
2015.01.16 18:14:58.676,1.15435,1.15437,1.00,1.50
2015.01.16 18:14:59.182,1.15434,1.15437,1.00,1.57
2015.01.16 18:15:00.010,1.15435,1.15437,1.00,1.50
2015.01.16 18:15:00.213,1.1544,1.15443,3.00,2.17
2015.01.16 18:15:00.464,1.15442,1.15445,1.00,2.55
2015.01.16 18:15:00.667,1.15445,1.15449,5.62,2.25
2015.01.16 18:15:00.718,1.15447,1.15453,3.75,2.25
2015.01.16 18:15:00.769,1.15448,1.15453,1.00,1.87
2015.01.16 18:15:00.820,1.1545,1.15453,1.00,1.87
2015.01.16 18:15:01.124,1.15451,1.15455,1.00,2.25
2015.01.16 18:15:01.643,1.1545,1.15454,2.32,1.00
2015.01.16 18:15:01.744,1.1545,1.15454,1.00,2.32
2015.01.16 18:15:01.846,1.15446,1.15452,3.82,1.10
2015.01.16 18:15:01.897,1.15446,1.1545,1.00,1.50
2015.01.16 18:15:02.151,1.15442,1.15448,1.10,1.50
2015.01.16 18:15:04.160,1.15444,1.15448,1.00,1.50
2015.01.16 18:15:05.834,1.15445,1.15448,1.00,1.50
2015.01.16 18:15:06.037,1.15448,1.15453,1.00,3.07
2015.01.16 18:15:06.542,1.15449,1.15453,1.00,1.57
2015.01.16 18:15:06.695,1.15446,1.15449,2.06,3.00
2015.01.16 18:15:06.998,1.1544,1.15443,1.00,1.00
2015.01.16 18:15:07.524,1.15441,1.15443,1.00,1.00
2015.01.16 18:15:08.032,1.15441,1.15445,1.00,1.57
2015.01.16 18:15:09.684,1.15441,1.15445,1.00,1.57
2015.01.16 18:15:10.745,1.15442,1.15445,1.00,1.57
2015.01.16 18:15:11.227,1.15443,1.15448,1.00,1.57
2015.01.16 18:15:17.255,1.15445,1.15448,1.00,1.57
2015.01.16 18:15:17.610,1.15446,1.15453,7.31,1.87
2015.01.16 18:15:17.813,1.15448,1.15453,1.00,1.57
2015.01.16 18:15:18.167,1.15449,1.15453,1.00,2.25
2015.01.16 18:15:19.241,1.1545,1.15453,1.00,2.25
2015.01.16 18:15:26.936,1.15451,1.15453,1.00,1.50
2015.01.16 18:15:27.139,1.15451,1.15455,1.00,2.32
2015.01.16 18:15:33.647,1.15451,1.15455,1.00,1.57
2015.01.16 18:15:35.666,1.15452,1.15453,1.00,1.00
2015.01.16 18:15:37.391,1.15451,1.15453,1.00,1.50
2015.01.16 18:15:37.695,1.15453,1.15455,1.00,1.00
2015.01.16 18:15:37.796,1.15453,1.15455,1.37,2.25
2015.01.16 18:15:37.847,1.15452,1.15455,1.00,1.50
2015.01.16 18:15:38.353,1.15451,1.15455,1.00,1.50
2015.01.16 18:15:39.467,1.15454,1.15455,1.00,1.50
2015.01.16 18:15:39.568,1.15457,1.15459,1.00,3.30
2015.01.16 18:15:39.619,1.15457,1.1546,1.50,3.75
2015.01.16 18:15:40.125,1.15456,1.15461,5.70,1.50
2015.01.16 18:15:40.479,1.15456,1.15458,3.82,1.00
2015.01.16 18:15:40.530,1.15455,1.15458,1.57,1.00
2015.01.16 18:15:40.580,1.15453,1.15456,3.00,1.57
2015.01.16 18:15:40.833,1.15454,1.15457,1.00,1.12
2015.01.16 18:15:41.036,1.15453,1.15459,1.00,1.57
2015.01.16 18:15:45.024,1.15454,1.15459,1.00,1.10
2015.01.16 18:15:45.226,1.15458,1.15461,1.00,1.07
2015.01.16 18:15:45.328,1.15458,1.15463,1.00,2.32
2015.01.16 18:15:46.232,1.15458,1.15461,1.00,1.87
2015.01.16 18:15:46.283,1.15456,1.15461,8.17,2.62
2015.01.16 18:15:46.435,1.15459,1.15462,1.00,1.10
2015.01.16 18:15:46.588,1.15459,1.15464,1.50,2.32
2015.01.16 18:15:46.740,1.15462,1.15465,1.00,1.61
2015.01.16 18:15:46.893,1.15461,1.15467,1.00,5.32
2015.01.16 18:15:47.298,1.15458,1.15464,1.10,1.50
2015.01.16 18:15:48.011,1.15458,1.15463,1.57,1.00
2015.01.16 18:15:48.517,1.15458,1.15464,1.50,3.00
2015.01.16 18:15:48.821,1.15458,1.15464,1.37,2.25
2015.01.16 18:15:49.327,1.15459,1.15465,2.25,1.57
2015.01.16 18:15:49.832,1.15458,1.15464,1.00,2.25
2015.01.16 18:15:49.882,1.1546,1.15464,1.00,2.25
2015.01.16 18:15:51.672,1.15457,1.15459,1.00,1.00
2015.01.16 18:15:51.976,1.15456,1.15458,1.00,1.00
2015.01.16 18:15:52.179,1.15459,1.15461,2.25,3.30
2015.01.16 18:15:52.229,1.1546,1.15461,4.50,1.80
2015.01.16 18:15:52.331,1.15457,1.15461,1.50,1.07
2015.01.16 18:15:52.836,1.15457,1.15461,2.25,1.10
2015.01.16 18:15:53.887,1.15457,1.15464,2.25,1.87
2015.01.16 18:15:54.090,1.15463,1.15465,4.50,1.00
2015.01.16 18:15:54.192,1.15467,1.15471,2.25,10.87
2015.01.16 18:15:54.495,1.15459,1.15468,1.00,1.12
2015.01.16 18:15:54.964,1.15458,1.15459,1.00,3.75
2015.01.16 18:15:55.116,1.15456,1.15462,1.00,2.32
2015.01.16 18:15:55.167,1.15459,1.15462,3.75,1.50
2015.01.16 18:15:55.219,1.15461,1.15464,3.75,1.10
2015.01.16 18:15:55.321,1.15464,1.15469,1.00,1.50
2015.01.16 18:15:55.423,1.15459,1.15467,2.25,1.00
2015.01.16 18:15:56.080,1.15465,1.15467,1.00,1.00
2015.01.16 18:15:56.234,1.15466,1.15473,2.02,1.37
2015.01.16 18:15:56.436,1.15464,1.15472,2.32,5.25
2015.01.16 18:15:56.841,1.15464,1.15468,1.10,1.00
2015.01.16 18:15:56.993,1.1546,1.15465,1.12,1.00
2015.01.16 18:15:57.195,1.15459,1.15465,2.25,2.25
2015.01.16 18:15:57.347,1.1546,1.15465,1.00,1.57
2015.01.16 18:15:57.398,1.1546,1.15461,1.00,1.00
2015.01.16 18:15:57.499,1.15456,1.1546,8.25,2.25
2015.01.16 18:15:57.550,1.15456,1.1546,4.57,2.25
2015.01.16 18:15:57.601,1.15458,1.15462,1.00,1.07
2015.01.16 18:15:57.754,1.1546,1.15465,4.50,1.07
2015.01.16 18:15:57.855,1.15458,1.15466,2.62,1.57
2015.01.16 18:15:58.109,1.15467,1.15471,2.25,3.37
2015.01.16 18:15:58.263,1.1546,1.15466,2.62,1.50
2015.01.16 18:15:58.973,1.15458,1.15466,3.37,3.07
2015.01.16 18:15:59.074,1.15464,1.15466,3.75,1.57
2015.01.16 18:15:59.125,1.15467,1.15471,4.50,7.12
2015.01.16 18:15:59.227,1.15461,1.15466,1.10,1.00
2015.01.16 18:15:59.532,1.15458,1.15462,2.62,1.00
2015.01.16 18:15:59.836,1.15461,1.15464,1.50,1.07
2015.01.16 18:15:59.938,1.15458,1.15465,1.10,1.10
2015.01.16 18:16:00.089,1.15463,1.15467,1.50,1.07
2015.01.16 18:16:00.356,1.15464,1.1547,1.50,1.37
2015.01.16 18:16:00.407,1.15466,1.1547,1.00,1.12
2015.01.16 18:16:00.509,1.15463,1.15468,1.57,1.50
2015.01.16 18:16:00.610,1.1546,1.15468,3.75,1.57
2015.01.16 18:16:00.762,1.15462,1.15466,2.32,1.00
2015.01.16 18:16:00.964,1.1546,1.15462,1.00,1.00
2015.01.16 18:16:01.015,1.15458,1.15462,1.50,1.00
2015.01.16 18:16:01.066,1.15458,1.15464,1.57,2.25
2015.01.16 18:16:01.117,1.1546,1.15464,1.00,2.25
2015.01.16 18:16:01.218,1.15458,1.15464,1.10,1.50
2015.01.16 18:16:01.750,1.15459,1.15464,1.00,1.57
2015.01.16 18:16:02.111,1.15465,1.15467,4.50,4.12
2015.01.16 18:16:02.314,1.1546,1.15461,1.10,1.00
2015.01.16 18:16:02.417,1.1546,1.15464,1.87,3.00
2015.01.16 18:16:02.671,1.15458,1.15465,1.00,3.07
2015.01.16 18:16:02.722,1.15458,1.15463,1.00,1.50
2015.01.16 18:16:03.228,1.15459,1.15466,1.50,2.25
2015.01.16 18:16:03.380,1.1546,1.15466,1.00,1.57
2015.01.16 18:16:03.532,1.15458,1.15464,1.57,1.00
2015.01.16 18:16:03.583,1.15458,1.15461,1.10,1.00
2015.01.16 18:16:03.887,1.15458,1.15462,1.50,6.00
2015.01.16 18:16:03.938,1.1546,1.15467,1.50,2.62
2015.01.16 18:16:04.040,1.1546,1.15467,1.12,2.32
2015.01.16 18:16:04.546,1.1546,1.15466,3.00,1.50
2015.01.16 18:16:04.900,1.15458,1.1546,1.00,3.25
2015.01.16 18:16:05.003,1.15461,1.15465,1.12,5.25
2015.01.16 18:16:05.205,1.15465,1.15467,1.00,4.50
2015.01.16 18:16:05.357,1.15459,1.15465,1.50,1.12
2015.01.16 18:16:06.022,1.15459,1.15467,3.07,3.37
2015.01.16 18:16:06.074,1.15464,1.15467,7.50,3.30
2015.01.16 18:16:06.177,1.15465,1.15467,3.00,1.05
2015.01.16 18:16:06.282,1.15458,1.15461,1.50,5.25
2015.01.16 18:16:06.434,1.15455,1.15458,1.00,1.50
2015.01.16 18:16:06.485,1.15457,1.15459,1.00,1.57
2015.01.16 18:16:06.587,1.1546,1.15464,5.25,1.67
2015.01.16 18:16:06.690,1.15458,1.15462,1.10,1.00
2015.01.16 18:16:06.792,1.15458,1.15464,1.00,2.25
2015.01.16 18:16:06.843,1.15456,1.15461,1.00,1.57
2015.01.16 18:16:07.045,1.15455,1.15463,1.57,2.62
2015.01.16 18:16:07.096,1.15464,1.15466,1.00,7.50
2015.01.16 18:16:07.199,1.15457,1.15465,3.00,1.50
2015.01.16 18:16:07.250,1.15457,1.15465,3.00,3.00
2015.01.16 18:16:07.684,1.15457,1.15461,1.00,1.07
2015.01.16 18:16:07.736,1.15452,1.15454,1.42,1.50
2015.01.16 18:16:07.889,1.15453,1.15454,1.00,1.50
2015.01.16 18:16:07.939,1.15455,1.15458,1.12,2.32
2015.01.16 18:16:07.990,1.15457,1.15459,2.25,1.00
2015.01.16 18:16:08.142,1.15455,1.15461,1.57,1.07
2015.01.16 18:16:08.648,1.15455,1.15461,1.57,1.10
2015.01.16 18:16:09.607,1.15454,1.1546,1.57,1.50
2015.01.16 18:16:09.710,1.15454,1.15458,1.07,1.00
2015.01.16 18:16:09.964,1.15454,1.1546,1.10,1.57
2015.01.16 18:16:10.218,1.15453,1.15458,1.12,1.00
2015.01.16 18:16:10.319,1.15452,1.15457,1.57,1.00
2015.01.16 18:16:10.371,1.15458,1.15461,1.00,7.69
2015.01.16 18:16:10.627,1.15456,1.15459,3.00,1.00
2015.01.16 18:16:10.728,1.15454,1.1546,1.00,1.10
2015.01.16 18:16:11.185,1.15454,1.15461,1.87,1.57
2015.01.16 18:16:13.226,1.15453,1.15457,1.87,1.00
2015.01.16 18:16:13.379,1.15453,1.15457,1.50,1.00
2015.01.16 18:16:13.430,1.15453,1.15459,2.25,1.00
2015.01.16 18:16:13.480,1.15453,1.15461,3.37,2.32
2015.01.16 18:16:13.784,1.15451,1.15457,1.12,1.50
2015.01.16 18:16:14.088,1.15457,1.15459,3.75,2.25
2015.01.16 18:16:14.139,1.15458,1.15459,2.25,2.25
2015.01.16 18:16:14.291,1.15457,1.15462,1.47,3.07
2015.01.16 18:16:14.796,1.15456,1.15461,1.57,1.00
2015.01.16 18:16:15.341,1.15456,1.15463,3.07,1.07
2015.01.16 18:16:17.445,1.15455,1.15461,1.07,1.10
2015.01.16 18:16:17.996,1.15454,1.1546,3.75,1.00
2015.01.16 18:16:19.308,1.15454,1.15461,3.00,1.10
2015.01.16 18:16:19.970,1.15457,1.15461,1.00,1.57
2015.01.16 18:16:20.223,1.15456,1.15459,1.10,1.00
2015.01.16 18:16:20.324,1.15456,1.15461,1.10,2.32
2015.01.16 18:16:20.375,1.15456,1.15459,1.10,1.00
2015.01.16 18:16:20.477,1.15456,1.15461,1.10,1.57
2015.01.16 18:16:21.280,1.15457,1.15461,1.00,1.57
2015.01.16 18:16:25.251,1.15456,1.15462,1.50,2.32
2015.01.16 18:16:25.757,1.15457,1.15462,1.00,2.32
2015.01.16 18:16:26.340,1.15456,1.15462,2.02,2.32
2015.01.16 18:16:26.391,1.15458,1.15464,1.00,3.00
2015.01.16 18:16:26.696,1.15459,1.15464,1.10,1.10
2015.01.16 18:16:27.270,1.15458,1.15459,1.00,2.62
2015.01.16 18:16:27.472,1.15451,1.15457,3.00,1.50
2015.01.16 18:16:27.624,1.15455,1.15457,1.50,2.25
2015.01.16 18:16:27.827,1.15453,1.1546,2.32,9.60
2015.01.16 18:16:27.878,1.15453,1.15457,1.10,1.00
2015.01.16 18:16:28.183,1.15456,1.15458,3.39,1.00
2015.01.16 18:16:28.506,1.15458,1.1546,1.00,1.00
2015.01.16 18:16:28.961,1.15456,1.15459,1.57,1.00
2015.01.16 18:16:29.164,1.15456,1.15461,1.57,1.10
2015.01.16 18:16:29.921,1.15455,1.1546,1.13,1.00
2015.01.16 18:16:30.427,1.15457,1.1546,1.10,1.00
2015.01.16 18:16:30.836,1.15457,1.15459,1.10,1.00
2015.01.16 18:16:31.060,1.15457,1.1546,1.00,1.00
2015.01.16 18:16:31.263,1.15457,1.15458,1.00,1.50
2015.01.16 18:16:31.315,1.15452,1.15458,2.25,2.25
2015.01.16 18:16:31.823,1.15454,1.15458,1.07,1.50
2015.01.16 18:16:32.180,1.15451,1.15457,1.07,2.25
2015.01.16 18:16:32.383,1.15454,1.15456,2.25,1.00
2015.01.16 18:16:32.586,1.15458,1.15461,1.00,1.12
2015.01.16 18:16:32.637,1.15458,1.15461,1.10,1.00
2015.01.16 18:16:33.143,1.15456,1.1546,2.32,1.00
2015.01.16 18:16:33.648,1.15458,1.1546,1.50,1.00
2015.01.16 18:16:33.699,1.1546,1.15465,1.00,4.50
2015.01.16 18:16:33.800,1.15458,1.15461,1.50,1.00
2015.01.16 18:16:34.313,1.15459,1.15462,1.10,1.00
2015.01.16 18:16:37.773,1.15459,1.15462,1.07,1.00
2015.01.16 18:16:39.613,1.15459,1.15463,1.07,1.00
2015.01.16 18:16:40.287,1.15459,1.15462,1.07,1.00
2015.01.16 18:16:40.616,1.1546,1.15465,1.07,2.25
2015.01.16 18:16:41.071,1.1546,1.15463,1.07,1.00
2015.01.16 18:16:41.596,1.1546,1.15463,1.10,1.00
2015.01.16 18:16:42.152,1.15458,1.15462,1.87,1.00
2015.01.16 18:16:42.676,1.15458,1.15461,2.32,1.00
2015.01.16 18:16:43.183,1.15457,1.1546,1.12,1.00
2015.01.16 18:16:43.436,1.15454,1.15456,1.00,1.00
2015.01.16 18:16:45.068,1.15454,1.15458,1.00,3.82
2015.01.16 18:16:46.864,1.15451,1.15453,1.07,1.00
2015.01.16 18:16:47.016,1.15448,1.15452,1.37,1.50
2015.01.16 18:16:47.067,1.15447,1.15451,1.10,1.00
2015.01.16 18:16:47.270,1.15447,1.15452,1.50,1.50
2015.01.16 18:16:47.371,1.15446,1.15452,2.62,2.25
2015.01.16 18:16:47.675,1.15447,1.1545,1.07,1.00
2015.01.16 18:16:47.827,1.15442,1.1545,3.75,4.12
2015.01.16 18:16:48.458,1.15447,1.1545,1.00,3.37
2015.01.16 18:16:49.017,1.15447,1.15451,1.10,1.00
2015.01.16 18:16:50.179,1.15444,1.15449,1.37,1.00
2015.01.16 18:16:50.331,1.15445,1.15449,1.10,1.00
2015.01.16 18:16:51.040,1.15443,1.1545,1.12,4.50
2015.01.16 18:16:54.008,1.15446,1.1545,1.00,1.50
2015.01.16 18:16:54.059,1.15446,1.1545,3.90,1.00
2015.01.16 18:16:54.312,1.15449,1.15452,1.00,1.50
2015.01.16 18:16:54.841,1.15449,1.15452,1.07,1.50
2015.01.16 18:16:55.043,1.15445,1.1545,5.25,1.00
2015.01.16 18:16:55.195,1.15445,1.1545,5.32,1.00
2015.01.16 18:16:56.955,1.15449,1.15451,2.25,3.00
2015.01.16 18:16:57.057,1.15448,1.1545,2.25,1.00
2015.01.16 18:16:57.108,1.15449,1.15453,1.00,1.07
2015.01.16 18:16:57.159,1.1545,1.15455,1.10,4.57
2015.01.16 18:16:57.665,1.15451,1.15455,1.10,5.25
2015.01.16 18:16:58.965,1.15452,1.15455,1.00,1.00
2015.01.16 18:16:59.494,1.15452,1.15456,1.07,2.25
2015.01.16 18:17:00.454,1.1545,1.15456,4.87,3.00
2015.01.16 18:17:02.672,1.1545,1.15456,1.95,3.07
2015.01.16 18:17:04.332,1.15455,1.15457,1.00,1.50
2015.01.16 18:17:04.485,1.1546,1.15461,2.25,3.00
2015.01.16 18:17:04.587,1.15457,1.15463,3.00,1.30
2015.01.16 18:17:04.638,1.15457,1.1546,2.62,1.00
2015.01.16 18:17:04.840,1.15453,1.15457,1.12,2.25
2015.01.16 18:17:04.891,1.15456,1.15458,1.50,1.00
2015.01.16 18:17:05.094,1.15452,1.15459,1.12,1.87
2015.01.16 18:17:05.246,1.15451,1.15457,1.50,1.50
2015.01.16 18:17:05.700,1.15451,1.15457,2.62,1.50
2015.01.16 18:17:05.954,1.15448,1.15452,1.00,1.07
2015.01.16 18:17:06.005,1.15448,1.15454,1.00,1.50
2015.01.16 18:17:06.056,1.15449,1.15454,1.00,1.07
2015.01.16 18:17:06.158,1.1545,1.15455,1.57,1.57
2015.01.16 18:17:06.209,1.1545,1.15455,1.95,1.57
2015.01.16 18:17:07.950,1.15451,1.15456,1.45,1.00
2015.01.16 18:17:08.963,1.15451,1.15457,1.57,3.07
2015.01.16 18:17:09.468,1.15453,1.15458,1.57,1.00
2015.01.16 18:17:09.772,1.15457,1.15463,1.37,1.12
2015.01.16 18:17:09.924,1.15457,1.15463,1.45,1.00
2015.01.16 18:17:10.076,1.15457,1.15459,1.07,1.00
2015.01.16 18:17:10.379,1.15453,1.15459,1.07,1.00
2015.01.16 18:17:11.284,1.15452,1.15457,1.50,1.00
2015.01.16 18:17:11.792,1.1545,1.15457,6.75,1.50
2015.01.16 18:17:12.297,1.1545,1.15457,6.37,3.07
2015.01.16 18:17:13.424,1.1545,1.15457,6.82,3.82
2015.01.16 18:17:14.855,1.1545,1.15457,5.62,2.32
2015.01.16 18:17:15.462,1.15454,1.15457,1.00,1.57
2015.01.16 18:17:15.917,1.15452,1.15457,1.20,1.57
2015.01.16 18:17:17.003,1.15455,1.15457,1.00,1.57
2015.01.16 18:17:17.306,1.15458,1.15461,3.37,1.30
2015.01.16 18:17:17.408,1.1546,1.15465,1.00,2.25
2015.01.16 18:17:17.913,1.15461,1.15466,1.00,1.87
2015.01.16 18:17:18.984,1.15462,1.15466,1.00,1.87
2015.01.16 18:17:21.852,1.15461,1.15466,1.00,1.87
2015.01.16 18:17:26.845,1.15461,1.15466,1.00,1.57
2015.01.16 18:17:29.204,1.15462,1.15466,1.00,1.57
2015.01.16 18:17:29.801,1.15461,1.15466,1.50,1.57
2015.01.16 18:17:33.123,1.15464,1.15468,1.00,2.55
2015.01.16 18:17:33.360,1.15466,1.15468,1.00,1.50
2015.01.16 18:17:33.411,1.15468,1.15469,1.00,1.10
2015.01.16 18:17:33.614,1.15466,1.15469,5.85,1.00
2015.01.16 18:17:34.119,1.15465,1.1547,1.57,4.50
2015.01.16 18:17:34.832,1.15466,1.1547,1.00,1.50
2015.01.16 18:17:34.884,1.15469,1.15471,1.50,1.69
2015.01.16 18:17:35.239,1.1547,1.15473,1.50,1.57
2015.01.16 18:17:35.391,1.15467,1.15473,1.50,1.07
2015.01.16 18:17:35.846,1.1547,1.15475,2.25,3.75
2015.01.16 18:17:35.998,1.1547,1.15475,2.25,1.07
2015.01.16 18:17:36.503,1.15471,1.15477,1.00,1.37
2015.01.16 18:17:38.276,1.15471,1.15477,1.00,1.57
2015.01.16 18:17:40.443,1.15472,1.15477,1.00,1.57
2015.01.16 18:17:41.141,1.15472,1.15477,1.10,1.57
2015.01.16 18:17:42.859,1.15472,1.15476,1.10,1.00
2015.01.16 18:17:42.910,1.15468,1.15471,3.67,5.50
2015.01.16 18:17:43.012,1.15464,1.15465,1.00,1.00
2015.01.16 18:17:43.063,1.15459,1.15461,6.07,1.00
2015.01.16 18:17:43.114,1.15458,1.15459,1.00,1.00
2015.01.16 18:17:43.217,1.15456,1.15457,1.00,1.00
2015.01.16 18:17:43.268,1.15456,1.15459,3.00,3.75
2015.01.16 18:17:43.319,1.15465,1.15466,1.50,3.75
2015.01.16 18:17:43.538,1.15458,1.15459,1.00,1.00
2015.01.16 18:17:43.741,1.15458,1.15465,1.07,1.10
2015.01.16 18:17:43.842,1.15458,1.15463,1.07,1.00
2015.01.16 18:17:43.943,1.15458,1.15466,1.07,2.32
2015.01.16 18:17:44.045,1.15462,1.15464,1.00,1.00
2015.01.16 18:17:44.147,1.15461,1.15466,3.00,1.00
2015.01.16 18:17:44.249,1.15461,1.15468,1.50,1.12
2015.01.16 18:17:44.754,1.1546,1.15468,1.10,1.12
2015.01.16 18:17:45.152,1.1546,1.15468,1.47,1.05
2015.01.16 18:17:45.306,1.15462,1.15469,1.00,1.37
2015.01.16 18:17:45.812,1.1546,1.15467,3.00,1.10
2015.01.16 18:17:46.117,1.15463,1.15468,1.00,1.57
2015.01.16 18:17:46.219,1.15465,1.15467,1.50,1.10
2015.01.16 18:17:46.321,1.1546,1.15467,2.25,1.10
2015.01.16 18:17:47.092,1.15465,1.15468,1.37,1.50
2015.01.16 18:17:47.217,1.15464,1.15466,1.00,1.00
2015.01.16 18:17:48.227,1.15466,1.15471,2.06,1.57
2015.01.16 18:17:48.378,1.15467,1.15469,2.25,1.00
2015.01.16 18:17:48.430,1.15471,1.15472,1.50,1.00
2015.01.16 18:17:48.481,1.15471,1.15473,2.25,1.05
2015.01.16 18:17:48.633,1.1547,1.15477,1.87,1.12
2015.01.16 18:17:50.329,1.1547,1.15476,1.87,1.57
2015.01.16 18:17:51.674,1.1547,1.15474,1.50,1.00
2015.01.16 18:17:52.178,1.1547,1.15475,1.57,1.00
2015.01.16 18:17:52.687,1.15472,1.15475,1.00,1.00
2015.01.16 18:17:52.789,1.15469,1.15473,1.57,1.00
2015.01.16 18:17:53.296,1.15469,1.15475,1.50,3.00
2015.01.16 18:17:53.498,1.15467,1.15473,2.70,1.10
2015.01.16 18:17:53.700,1.15467,1.15473,1.87,1.12
2015.01.16 18:17:54.393,1.15467,1.15473,3.82,1.10
2015.01.16 18:17:54.899,1.15467,1.15474,5.32,1.57
2015.01.16 18:17:55.152,1.15467,1.15474,3.45,4.10
2015.01.16 18:17:55.358,1.15474,1.15476,2.25,1.00
2015.01.16 18:17:55.613,1.15475,1.1548,6.00,8.32
2015.01.16 18:17:56.412,1.1548,1.15482,1.00,1.05
2015.01.16 18:17:56.514,1.15478,1.15481,1.12,3.00
2015.01.16 18:17:56.615,1.1548,1.15481,1.00,1.50
2015.01.16 18:17:56.666,1.1548,1.15481,1.00,1.57
2015.01.16 18:17:56.819,1.15476,1.1548,5.44,2.25
2015.01.16 18:17:56.870,1.15476,1.1548,1.12,4.50
2015.01.16 18:17:57.376,1.15476,1.1548,1.00,1.10
2015.01.16 18:17:57.477,1.15478,1.15481,2.25,1.00
2015.01.16 18:17:57.680,1.15481,1.15486,1.10,1.00
2015.01.16 18:17:58.034,1.15482,1.15487,2.62,1.57
2015.01.16 18:17:58.338,1.15484,1.15486,1.00,1.00
2015.01.16 18:17:58.843,1.15484,1.15488,1.37,1.07
2015.01.16 18:17:58.995,1.15488,1.15489,1.50,3.30
2015.01.16 18:17:59.226,1.1549,1.15493,3.37,1.07
2015.01.16 18:17:59.343,1.15492,1.15496,1.00,1.00
2015.01.16 18:17:59.445,1.15492,1.15494,1.00,1.00
2015.01.16 18:17:59.959,1.15492,1.15495,1.07,1.00
2015.01.16 18:18:00.591,1.15491,1.15494,1.42,1.00
2015.01.16 18:18:01.124,1.1549,1.15494,12.00,1.00
2015.01.16 18:18:01.434,1.15487,1.15489,1.87,1.00
2015.01.16 18:18:01.739,1.15487,1.15493,1.87,1.07
2015.01.16 18:18:01.789,1.15489,1.15495,1.00,3.75
2015.01.16 18:18:01.941,1.15489,1.15496,1.00,1.57
2015.01.16 18:18:03.293,1.1549,1.15495,1.50,1.07
2015.01.16 18:18:03.346,1.15496,1.15498,2.50,1.12
2015.01.16 18:18:03.401,1.15504,1.15505,2.10,1.00
2015.01.16 18:18:03.453,1.15504,1.15506,2.10,1.00
2015.01.16 18:18:03.555,1.155,1.15503,2.25,1.87
2015.01.16 18:18:03.657,1.155,1.15503,1.00,2.25
2015.01.16 18:18:03.710,1.15497,1.15502,2.62,3.00
2015.01.16 18:18:03.811,1.15497,1.155,3.60,1.00
2015.01.16 18:18:04.115,1.15495,1.15498,3.62,1.50
2015.01.16 18:18:04.216,1.15489,1.15498,5.32,2.32
2015.01.16 18:18:04.317,1.15489,1.15494,5.32,1.00
2015.01.16 18:18:04.620,1.15499,1.155,1.50,3.75
2015.01.16 18:18:04.722,1.15501,1.15504,2.62,1.07
2015.01.16 18:18:04.773,1.15503,1.15506,1.50,1.30
2015.01.16 18:18:04.925,1.15502,1.15509,1.12,1.50
2015.01.16 18:18:05.309,1.15505,1.15509,1.00,3.07
2015.01.16 18:18:05.512,1.15507,1.15512,2.25,1.07
2015.01.16 18:18:05.816,1.15508,1.15515,1.00,1.10
2015.01.16 18:18:06.069,1.15511,1.15516,1.50,1.50
2015.01.16 18:18:06.170,1.15512,1.15515,5.25,1.10
2015.01.16 18:18:06.373,1.15511,1.15515,1.50,1.50
2015.01.16 18:18:06.475,1.15509,1.15514,1.00,1.50
2015.01.16 18:18:06.937,1.15508,1.15516,3.37,1.87
2015.01.16 18:18:07.316,1.15511,1.15517,1.00,5.25
2015.01.16 18:18:07.551,1.15512,1.15519,1.00,1.12
2015.01.16 18:18:07.653,1.1551,1.15518,1.00,1.05
2015.01.16 18:18:08.158,1.15509,1.15518,1.00,2.50
2015.01.16 18:18:08.664,1.1551,1.15518,1.00,4.02
2015.01.16 18:18:08.968,1.1551,1.15517,1.00,2.20
2015.01.16 18:18:09.475,1.1551,1.15516,1.00,1.00
2015.01.16 18:18:10.386,1.1551,1.15516,3.00,1.00
2015.01.16 18:18:10.892,1.15506,1.15509,1.50,1.12
2015.01.16 18:18:11.098,1.155,1.15506,1.27,1.87
2015.01.16 18:18:11.250,1.15498,1.15506,10.87,3.44
2015.01.16 18:18:11.301,1.15498,1.15506,9.75,3.45
2015.01.16 18:18:11.352,1.15498,1.15506,10.12,4.47
2015.01.16 18:18:11.858,1.15499,1.15504,1.10,1.00
2015.01.16 18:18:12.363,1.155,1.15503,1.00,1.00
2015.01.16 18:18:13.312,1.155,1.15502,1.50,1.00
2015.01.16 18:18:13.833,1.155,1.15503,1.63,1.50
2015.01.16 18:18:15.656,1.155,1.15502,2.01,1.00
2015.01.16 18:18:16.044,1.15499,1.15501,1.12,5.25
2015.01.16 18:18:16.146,1.155,1.15503,1.00,1.57
2015.01.16 18:18:16.197,1.155,1.15501,1.00,1.00
2015.01.16 18:18:16.551,1.15503,1.15505,1.00,3.30
2015.01.16 18:18:16.602,1.15505,1.15506,4.50,1.12
2015.01.16 18:18:16.806,1.15505,1.1551,4.87,1.57
2015.01.16 18:18:17.008,1.15503,1.15506,2.17,1.00
2015.01.16 18:18:17.059,1.15503,1.15506,1.00,1.00
2015.01.16 18:18:17.262,1.15501,1.15506,1.50,1.00
2015.01.16 18:18:17.776,1.15502,1.15506,1.00,1.00
2015.01.16 18:18:18.080,1.15505,1.15507,6.75,1.00
2015.01.16 18:18:18.183,1.15508,1.15513,1.80,1.20
2015.01.16 18:18:18.235,1.15508,1.15514,2.17,1.00
2015.01.16 18:18:18.538,1.15505,1.15508,7.50,1.00
2015.01.16 18:18:18.589,1.15505,1.1551,1.00,1.50
2015.01.16 18:18:18.691,1.15506,1.15511,1.53,1.00
2015.01.16 18:18:18.944,1.15509,1.15515,1.50,1.00
2015.01.16 18:18:19.461,1.1551,1.15515,5.62,1.00
2015.01.16 18:18:19.971,1.1551,1.15516,6.37,1.50
2015.01.16 18:18:21.192,1.1551,1.15514,2.62,1.00
2015.01.16 18:18:22.251,1.1551,1.15514,6.37,1.00
2015.01.16 18:18:23.613,1.1551,1.15513,1.87,1.00
2015.01.16 18:18:23.920,1.1551,1.15514,5.25,1.00
2015.01.16 18:18:26.534,1.1551,1.15515,3.75,1.00
2015.01.16 18:18:27.721,1.15513,1.15517,1.00,1.07
2015.01.16 18:18:27.822,1.15512,1.15517,1.87,1.10
2015.01.16 18:18:28.378,1.15511,1.15517,1.87,1.07
2015.01.16 18:18:29.528,1.15513,1.15518,1.00,1.07
2015.01.16 18:18:30.605,1.15512,1.15518,1.12,1.07
2015.01.16 18:18:32.283,1.15511,1.15514,1.37,1.00
2015.01.16 18:18:32.813,1.15511,1.15515,1.37,1.00
2015.01.16 18:18:33.325,1.15511,1.15514,1.37,1.00
2015.01.16 18:18:33.706,1.15512,1.15514,1.12,1.00
2015.01.16 18:18:33.853,1.15517,1.15519,1.00,1.80
2015.01.16 18:18:34.059,1.15514,1.15516,1.00,1.00
2015.01.16 18:18:34.111,1.15513,1.15515,1.10,1.00
2015.01.16 18:18:34.718,1.15511,1.15514,1.87,1.00
2015.01.16 18:18:36.355,1.1551,1.15514,3.75,1.00
2015.01.16 18:18:41.151,1.1551,1.15513,3.37,1.00
2015.01.16 18:18:41.404,1.15508,1.15511,3.82,1.00
2015.01.16 18:18:41.758,1.15509,1.15513,1.37,1.00
2015.01.16 18:18:42.431,1.1551,1.15514,1.12,1.57
2015.01.16 18:18:43.179,1.1551,1.15513,1.12,1.00
2015.01.16 18:18:44.172,1.15509,1.15511,1.10,1.00
2015.01.16 18:18:44.679,1.15507,1.15511,3.07,1.00
2015.01.16 18:18:45.203,1.15507,1.1551,1.87,1.00
2015.01.16 18:18:45.710,1.15506,1.15509,2.07,1.00
2015.01.16 18:18:46.114,1.15509,1.15514,2.10,1.07
2015.01.16 18:18:46.165,1.15509,1.15511,2.10,1.00
2015.01.16 18:18:46.317,1.15513,1.15515,1.00,1.07
2015.01.16 18:18:46.569,1.15519,1.15523,1.00,3.67
2015.01.16 18:18:46.621,1.15519,1.15523,1.00,1.10
2015.01.16 18:18:46.723,1.15519,1.15526,1.00,1.07
2015.01.16 18:18:47.228,1.15518,1.15525,4.20,1.07
2015.01.16 18:18:47.683,1.15518,1.15521,5.32,1.00
2015.01.16 18:18:47.784,1.1552,1.15522,1.12,1.00
2015.01.16 18:18:48.139,1.1552,1.15522,3.97,1.00
2015.01.16 18:18:48.695,1.15521,1.15527,1.50,1.07
2015.01.16 18:18:49.235,1.1552,1.15523,6.37,1.00
2015.01.16 18:18:50.136,1.1552,1.15523,1.00,1.00
2015.01.16 18:18:50.646,1.1552,1.15524,2.62,1.00
2015.01.16 18:18:50.798,1.1552,1.15523,1.95,1.00
2015.01.16 18:18:51.122,1.1552,1.15526,1.87,1.07
2015.01.16 18:18:51.480,1.15525,1.15527,1.87,1.00
2015.01.16 18:18:51.585,1.15526,1.1553,1.00,1.20
2015.01.16 18:18:51.636,1.15524,1.15529,1.00,1.00
2015.01.16 18:18:51.686,1.15524,1.15529,1.00,1.50
2015.01.16 18:18:52.193,1.15523,1.15529,1.00,1.12
2015.01.16 18:18:52.244,1.15523,1.15529,1.00,1.07
2015.01.16 18:18:52.750,1.15521,1.15528,3.45,1.10
2015.01.16 18:18:53.509,1.1552,1.15526,2.25,1.00
2015.01.16 18:18:53.662,1.1552,1.15526,1.12,1.10
2015.01.16 18:18:53.865,1.1552,1.15528,2.47,1.57
2015.01.16 18:18:55.657,1.1552,1.15528,11.05,1.10
2015.01.16 18:18:55.758,1.15521,1.15529,5.62,1.07
2015.01.16 18:18:56.265,1.15522,1.15529,3.45,1.07
2015.01.16 18:18:56.568,1.15526,1.15533,4.50,4.50
2015.01.16 18:18:56.619,1.15526,1.15533,9.37,1.10
2015.01.16 18:18:56.922,1.15528,1.15533,2.85,1.10
2015.01.16 18:18:57.176,1.1553,1.15538,7.57,1.15
2015.01.16 18:18:57.277,1.1553,1.15537,1.57,1.00
2015.01.16 18:18:57.732,1.1553,1.15535,1.12,1.00
2015.01.16 18:18:58.187,1.15531,1.15538,3.37,1.10
2015.01.16 18:18:58.289,1.15531,1.15539,5.31,1.07
2015.01.16 18:18:58.391,1.15532,1.1554,1.87,1.07
2015.01.16 18:18:58.492,1.15532,1.15541,4.95,1.50
2015.01.16 18:18:58.897,1.15535,1.15542,1.00,1.87
2015.01.16 18:18:59.461,1.15534,1.1554,1.00,1.57
2015.01.16 18:18:59.722,1.15537,1.15545,2.25,4.87
2015.01.16 18:18:59.824,1.15537,1.15545,1.10,3.07
2015.01.16 18:19:00.331,1.15538,1.15546,1.00,3.45
2015.01.16 18:19:00.432,1.15538,1.15546,2.85,1.07
2015.01.16 18:19:00.937,1.1554,1.15547,1.00,1.37
2015.01.16 18:19:02.594,1.1554,1.15548,1.00,1.50
2015.01.16 18:19:02.906,1.15542,1.15549,1.12,6.75
2015.01.16 18:19:03.008,1.15542,1.15549,1.12,4.57
2015.01.16 18:19:03.546,1.15542,1.15549,1.12,3.75
2015.01.16 18:19:03.850,1.15545,1.1555,3.75,6.30
2015.01.16 18:19:04.002,1.15551,1.15554,1.00,1.07
2015.01.16 18:19:04.104,1.1555,1.15557,1.50,1.87
2015.01.16 18:19:04.205,1.15547,1.15555,4.20,2.70
2015.01.16 18:19:04.559,1.15546,1.15554,1.57,1.20
2015.01.16 18:19:04.660,1.15547,1.15555,1.72,6.37
2015.01.16 18:19:04.963,1.15548,1.15555,2.47,6.45
2015.01.16 18:19:05.475,1.15549,1.15555,3.60,7.05
2015.01.16 18:19:06.243,1.15549,1.15555,1.50,7.30
2015.01.16 18:19:06.547,1.15548,1.15551,2.17,1.50
2015.01.16 18:19:06.598,1.15549,1.15553,2.10,1.50
2015.01.16 18:19:06.649,1.15549,1.15555,2.10,7.57
2015.01.16 18:19:06.902,1.1555,1.15557,2.62,1.50
2015.01.16 18:19:07.104,1.1555,1.15557,3.00,1.00
2015.01.16 18:19:07.649,1.1555,1.15557,2.25,1.00
2015.01.16 18:19:07.952,1.15553,1.15558,1.00,1.50
2015.01.16 18:19:08.407,1.15554,1.15559,1.07,3.75
2015.01.16 18:19:08.711,1.15559,1.1556,1.57,0.10
2015.01.16 18:19:08.964,1.15561,1.15567,1.10,1.10
2015.01.16 18:19:09.218,1.15561,1.15569,5.35,4.76
2015.01.16 18:19:09.522,1.15564,1.15569,3.60,5.25
2015.01.16 18:19:10.028,1.15564,1.15569,1.00,5.25
2015.01.16 18:19:10.382,1.15563,1.15569,2.55,3.37
2015.01.16 18:19:10.686,1.15563,1.15569,1.59,3.37
2015.01.16 18:19:10.787,1.15563,1.15569,1.20,1.50
2015.01.16 18:19:11.646,1.15563,1.15569,1.20,3.75
2015.01.16 18:19:11.747,1.15568,1.15572,1.12,1.57
2015.01.16 18:19:11.799,1.15571,1.15576,8.85,1.12
2015.01.16 18:19:11.903,1.1557,1.15576,1.00,1.87
2015.01.16 18:19:12.004,1.15571,1.15573,1.35,1.00
2015.01.16 18:19:12.106,1.15569,1.15571,1.87,1.12
2015.01.16 18:19:12.157,1.15569,1.15572,1.87,1.50
2015.01.16 18:19:12.258,1.15567,1.1557,1.50,1.00
2015.01.16 18:19:12.309,1.15569,1.1557,2.09,1.00
2015.01.16 18:19:12.815,1.15565,1.15569,5.25,3.00
2015.01.16 18:19:12.916,1.15569,1.15573,1.35,1.00
2015.01.16 18:19:13.270,1.1557,1.15578,2.32,2.51
2015.01.16 18:19:13.321,1.15572,1.15578,1.00,1.76
2015.01.16 18:19:13.644,1.15571,1.15575,1.00,1.87
2015.01.16 18:19:14.150,1.15571,1.15576,1.00,1.45
2015.01.16 18:19:14.655,1.15571,1.15579,1.00,5.70
2015.01.16 18:19:15.185,1.15572,1.15579,1.00,3.45
2015.01.16 18:19:15.655,1.15574,1.15579,1.00,5.32
2015.01.16 18:19:16.161,1.15574,1.15579,1.00,2.70
2015.01.16 18:19:17.056,1.15572,1.15579,1.00,2.51
2015.01.16 18:19:18.840,1.15571,1.15579,1.10,7.57
2015.01.16 18:19:19.823,1.1557,1.15576,1.95,1.00
2015.01.16 18:19:20.329,1.1557,1.15575,1.95,1.00
2015.01.16 18:19:21.245,1.1557,1.15572,1.20,1.00
2015.01.16 18:19:21.447,1.1557,1.15574,1.00,1.10
2015.01.16 18:19:21.701,1.15571,1.15576,1.20,1.00
2015.01.16 18:19:22.408,1.15572,1.15576,2.62,1.00
2015.01.16 18:19:22.509,1.15572,1.15576,3.00,1.00
2015.01.16 18:19:22.661,1.15572,1.15579,3.70,2.25
2015.01.16 18:19:22.863,1.15574,1.15579,1.00,3.25
2015.01.16 18:19:23.217,1.1557,1.15578,4.12,1.50
2015.01.16 18:19:23.859,1.15569,1.15577,1.50,1.57
2015.01.16 18:19:24.364,1.1557,1.15576,1.20,3.00
2015.01.16 18:19:24.928,1.15574,1.15577,1.00,1.57
2015.01.16 18:19:24.979,1.15578,1.15581,2.25,9.37
2015.01.16 18:19:25.183,1.1557,1.15578,6.07,4.00
2015.01.16 18:19:25.235,1.1557,1.15577,3.07,2.25
2015.01.16 18:19:25.652,1.1557,1.15577,1.20,1.37
2015.01.16 18:19:25.908,1.15566,1.15569,1.07,4.12
2015.01.16 18:19:26.212,1.15563,1.15568,1.57,1.00
2015.01.16 18:19:26.769,1.15564,1.15568,2.92,1.00
2015.01.16 18:19:26.871,1.15564,1.15568,4.05,1.00
2015.01.16 18:19:26.972,1.15565,1.1557,4.57,1.12
2015.01.16 18:19:27.023,1.15566,1.15573,1.87,2.77
2015.01.16 18:19:27.074,1.15566,1.15571,1.87,1.00
2015.01.16 18:19:27.580,1.15565,1.1557,3.37,1.87
2015.01.16 18:19:28.390,1.15565,1.15569,1.87,1.00
2015.01.16 18:19:28.744,1.15563,1.15567,1.87,1.00
2015.01.16 18:19:28.846,1.15563,1.15567,1.50,1.00
2015.01.16 18:19:28.947,1.15563,1.15566,1.42,1.00
2015.01.16 18:19:29.454,1.15562,1.15566,1.37,1.47
2015.01.16 18:19:29.980,1.15562,1.15567,1.37,1.57
2015.01.16 18:19:30.486,1.15562,1.15565,1.37,1.00
2015.01.16 18:19:31.072,1.15562,1.15567,1.00,1.57
2015.01.16 18:19:31.223,1.1556,1.15565,2.70,1.00
2015.01.16 18:19:31.584,1.15565,1.15568,3.22,1.87
2015.01.16 18:19:31.837,1.15565,1.15569,1.50,4.95
2015.01.16 18:19:31.888,1.15563,1.15569,1.10,4.95
2015.01.16 18:19:32.294,1.15563,1.15569,1.37,3.75
2015.01.16 18:19:32.953,1.15563,1.15569,1.12,3.00
2015.01.16 18:19:33.459,1.15561,1.15568,1.50,1.00
2015.01.16 18:19:33.713,1.15568,1.15573,1.57,1.50
2015.01.16 18:19:33.915,1.15568,1.15571,1.10,1.00
2015.01.16 18:19:34.017,1.15567,1.15575,3.37,6.45
2015.01.16 18:19:34.169,1.1557,1.15575,3.00,1.00
2015.01.16 18:19:34.472,1.1557,1.15575,1.87,1.00
2015.01.16 18:19:35.706,1.15569,1.15576,4.12,1.50
2015.01.16 18:19:36.011,1.15567,1.15569,1.45,1.00
2015.01.16 18:19:36.316,1.15569,1.15572,2.12,1.00
2015.01.16 18:19:36.366,1.1557,1.15572,1.50,1.50
2015.01.16 18:19:36.873,1.15569,1.15571,1.12,1.00
2015.01.16 18:19:37.025,1.15569,1.15573,1.00,1.57
2015.01.16 18:19:37.430,1.15569,1.1557,1.00,1.00
2015.01.16 18:19:37.532,1.15569,1.15573,2.62,1.57
2015.01.16 18:19:37.684,1.15572,1.15575,1.00,1.12
2015.01.16 18:19:37.988,1.15579,1.15582,2.25,1.05
2015.01.16 18:19:38.090,1.15578,1.15581,3.00,1.92
2015.01.16 18:19:38.191,1.15578,1.15579,1.50,2.25
2015.01.16 18:19:38.242,1.15573,1.15579,2.62,2.25
2015.01.16 18:19:38.343,1.15572,1.15576,1.95,1.00
2015.01.16 18:19:38.866,1.15572,1.15575,1.07,1.00
2015.01.16 18:19:38.967,1.15573,1.15579,1.10,4.20
2015.01.16 18:19:39.478,1.15574,1.15579,1.00,4.20
2015.01.16 18:19:40.951,1.15572,1.15579,1.95,4.57
2015.01.16 18:19:41.935,1.15572,1.15575,1.20,1.00
2015.01.16 18:19:42.676,1.15571,1.15576,3.00,1.00
2015.01.16 18:19:43.183,1.15573,1.15577,2.32,1.00
2015.01.16 18:19:43.487,1.15576,1.15577,1.00,1.00
2015.01.16 18:19:43.792,1.15578,1.1558,1.37,1.00
2015.01.16 18:19:44.298,1.15578,1.1558,1.12,1.00
2015.01.16 18:19:44.702,1.15575,1.15579,2.32,1.00
2015.01.16 18:19:45.921,1.15577,1.15579,1.37,1.00
2015.01.16 18:19:46.124,1.15579,1.15582,1.12,1.00
2015.01.16 18:19:46.629,1.1558,1.15582,2.62,1.00
2015.01.16 18:19:46.730,1.15578,1.15582,1.10,1.00
2015.01.16 18:19:46.781,1.15578,1.15579,1.00,1.00
2015.01.16 18:19:47.134,1.15575,1.15579,6.07,1.00
2015.01.16 18:19:48.964,1.15575,1.1558,4.57,1.00
2015.01.16 18:19:49.883,1.15575,1.1558,6.00,1.50
2015.01.16 18:19:50.162,1.15578,1.1558,1.12,1.00
2015.01.16 18:19:50.264,1.15575,1.1558,7.50,1.50
2015.01.16 18:19:51.173,1.15578,1.1558,1.00,1.50
2015.01.16 18:19:51.477,1.15579,1.15581,1.87,3.25
2015.01.16 18:19:51.679,1.1558,1.15583,1.00,3.82
2015.01.16 18:19:51.730,1.15577,1.1558,3.37,1.10
2015.01.16 18:19:52.235,1.15577,1.15581,3.75,1.10
2015.01.16 18:19:52.740,1.15576,1.1558,1.00,1.50
2015.01.16 18:19:53.246,1.15575,1.1558,5.32,1.50
2015.01.16 18:19:54.711,1.15575,1.15579,4.20,1.50
2015.01.16 18:19:56.075,1.15575,1.15578,1.12,1.00
2015.01.16 18:19:56.126,1.15573,1.15578,1.10,1.50
2015.01.16 18:19:56.429,1.1557,1.15576,9.00,1.00
2015.01.16 18:19:56.480,1.15569,1.15572,2.32,1.00
2015.01.16 18:19:56.582,1.1557,1.15575,4.50,3.37
2015.01.16 18:19:57.087,1.15571,1.15575,1.00,1.00
2015.01.16 18:19:57.651,1.1557,1.15575,3.00,1.00
2015.01.16 18:19:57.752,1.15572,1.15576,1.00,1.00
2015.01.16 18:19:58.430,1.15573,1.15576,1.00,1.00
2015.01.16 18:19:58.942,1.15572,1.15576,1.00,1.00
2015.01.16 18:20:00.175,1.15571,1.15576,1.10,1.00
2015.01.16 18:20:00.682,1.15571,1.15576,1.57,1.47
2015.01.16 18:20:01.188,1.15572,1.15576,1.00,1.72
2015.01.16 18:20:01.724,1.15571,1.15576,1.57,1.72
2015.01.16 18:20:02.238,1.15571,1.15576,1.10,1.00
2015.01.16 18:20:03.522,1.15572,1.15576,1.00,1.00
2015.01.16 18:20:04.046,1.15571,1.15575,1.00,3.82
2015.01.16 18:20:05.422,1.1557,1.15574,3.82,1.50
2015.01.16 18:20:05.927,1.15571,1.15576,1.00,1.50
2015.01.16 18:20:06.634,1.1557,1.15576,2.70,1.50
2015.01.16 18:20:07.227,1.1557,1.15575,2.70,1.50
2015.01.16 18:20:07.756,1.1557,1.15574,2.70,1.00
2015.01.16 18:20:09.542,1.1557,1.15575,2.32,3.75
2015.01.16 18:20:09.788,1.15573,1.15575,2.10,2.50
2015.01.16 18:20:09.942,1.15571,1.15577,1.57,1.50
2015.01.16 18:20:10.464,1.15571,1.15577,1.00,1.50
2015.01.16 18:20:12.753,1.1557,1.15577,5.70,1.50
2015.01.16 18:20:12.855,1.15571,1.15577,1.07,1.50
2015.01.16 18:20:13.360,1.15571,1.15577,1.10,1.50
2015.01.16 18:20:13.664,1.1557,1.15572,1.12,1.00
2015.01.16 18:20:13.868,1.15568,1.1557,1.00,1.12
2015.01.16 18:20:13.969,1.15565,1.1557,4.80,3.00
2015.01.16 18:20:14.071,1.15564,1.15569,1.57,1.37
2015.01.16 18:20:14.374,1.15568,1.15573,1.00,2.25
2015.01.16 18:20:14.633,1.15566,1.15573,1.00,1.95
2015.01.16 18:20:14.735,1.15568,1.15573,1.00,1.95
2015.01.16 18:20:15.252,1.15567,1.15573,1.00,1.57
2015.01.16 18:20:15.811,1.15569,1.15573,1.00,1.07
2015.01.16 18:20:15.963,1.15569,1.15573,1.00,1.10
2015.01.16 18:20:16.064,1.15566,1.15574,1.10,2.32
2015.01.16 18:20:16.165,1.15569,1.15574,1.00,1.57
2015.01.16 18:20:16.637,1.15571,1.15574,1.00,1.50
2015.01.16 18:20:16.738,1.15573,1.15577,1.00,3.75
2015.01.16 18:20:17.243,1.15573,1.15577,1.00,3.45
2015.01.16 18:20:17.800,1.15573,1.15577,1.00,3.07
2015.01.16 18:20:18.335,1.15573,1.15577,1.00,2.32
2015.01.16 18:20:18.488,1.15571,1.15572,1.50,1.00
2015.01.16 18:20:18.589,1.15573,1.15576,1.00,1.50
2015.01.16 18:20:18.641,1.15573,1.15576,1.00,1.07
2015.01.16 18:20:19.177,1.15575,1.15577,1.00,1.07
2015.01.16 18:20:20.902,1.15574,1.15578,1.50,1.95
2015.01.16 18:20:21.458,1.15574,1.15578,1.00,2.06
2015.01.16 18:20:22.009,1.15573,1.15578,1.50,2.51
2015.01.16 18:20:22.212,1.15577,1.15579,2.25,5.86
2015.01.16 18:20:22.315,1.15578,1.15581,3.75,1.00
2015.01.16 18:20:22.417,1.15576,1.15579,1.00,4.51
2015.01.16 18:20:22.468,1.15575,1.15579,1.00,6.76
2015.01.16 18:20:22.974,1.15574,1.15578,1.00,1.32
2015.01.16 18:20:23.871,1.15573,1.15578,1.50,1.32
2015.01.16 18:20:27.241,1.1557,1.15573,4.42,1.87
2015.01.16 18:20:27.292,1.15571,1.15573,1.00,2.25
2015.01.16 18:20:27.495,1.1557,1.15573,1.87,1.00
2015.01.16 18:20:27.546,1.1557,1.15571,1.87,1.00
2015.01.16 18:20:27.698,1.1557,1.15573,1.12,1.00
2015.01.16 18:20:28.153,1.15571,1.15576,1.00,1.00
2015.01.16 18:20:29.803,1.15571,1.15577,1.00,2.32
2015.01.16 18:20:30.309,1.15571,1.15576,1.00,1.00
2015.01.16 18:20:30.893,1.15571,1.15575,1.00,1.00
2015.01.16 18:20:31.574,1.15572,1.15575,1.00,1.00
2015.01.16 18:20:32.131,1.15572,1.15577,1.00,1.57
2015.01.16 18:20:32.649,1.15572,1.15576,1.00,1.00
2015.01.16 18:20:32.902,1.15572,1.15574,1.00,1.00
2015.01.16 18:20:33.514,1.15572,1.15575,1.00,1.10
2015.01.16 18:20:35.230,1.15574,1.15577,1.00,2.32
2015.01.16 18:20:35.533,1.15574,1.15579,2.62,4.95
2015.01.16 18:20:35.685,1.15576,1.15579,2.47,4.20
2015.01.16 18:20:35.989,1.15581,1.15582,1.00,1.00
2015.01.16 18:20:36.531,1.15578,1.15581,1.00,1.00
2015.01.16 18:20:37.064,1.1558,1.15582,1.00,1.00
2015.01.16 18:20:37.216,1.15579,1.15582,1.00,1.00
2015.01.16 18:20:37.821,1.15579,1.15585,1.35,3.45
2015.01.16 18:20:37.872,1.15581,1.15585,1.00,1.95
2015.01.16 18:20:37.923,1.15581,1.15585,1.00,1.95
2015.01.16 18:20:38.948,1.15581,1.15586,1.00,1.10
2015.01.16 18:20:39.572,1.15582,1.15587,1.00,2.70
2015.01.16 18:20:40.085,1.15581,1.15587,1.00,2.70
2015.01.16 18:20:40.697,1.1558,1.15587,2.70,2.70
2015.01.16 18:20:40.748,1.1558,1.15585,2.70,1.50
2015.01.16 18:20:41.264,1.1558,1.15585,2.25,4.20
2015.01.16 18:20:41.594,1.15582,1.15584,1.00,1.10
2015.01.16 18:20:41.998,1.15586,1.15588,1.00,1.42
2015.01.16 18:20:42.253,1.15588,1.1559,1.00,2.50
2015.01.16 18:20:42.607,1.15587,1.15589,1.50,3.00
2015.01.16 18:20:43.114,1.15587,1.15588,1.00,1.00
2015.01.16 18:20:43.215,1.15585,1.15588,4.87,1.00
2015.01.16 18:20:43.317,1.15583,1.15588,1.00,1.00
2015.01.16 18:20:43.824,1.15582,1.15588,2.32,1.00
2015.01.16 18:20:44.242,1.15584,1.15589,1.00,5.32
2015.01.16 18:20:44.963,1.15587,1.15589,1.12,1.57
2015.01.16 18:20:45.266,1.15605,1.15608,3.75,4.12
2015.01.16 18:20:45.368,1.15607,1.15611,1.28,3.37
2015.01.16 18:20:45.419,1.15607,1.15614,1.65,1.00
2015.01.16 18:20:45.470,1.15613,1.15614,2.25,1.00
2015.01.16 18:20:45.521,1.15615,1.15616,1.57,1.00
2015.01.16 18:20:45.876,1.15613,1.15617,1.10,1.00
2015.01.16 18:20:46.179,1.15613,1.15615,1.20,1.00
2015.01.16 18:20:46.730,1.15613,1.15616,1.10,1.00
2015.01.16 18:20:47.137,1.15615,1.15617,1.12,1.00
2015.01.16 18:20:48.379,1.15615,1.15617,1.12,1.00
2015.01.16 18:20:48.785,1.15617,1.15619,1.00,1.19
2015.01.16 18:20:50.353,1.15617,1.15619,1.00,1.19
2015.01.16 18:20:51.023,1.15616,1.15618,1.00,1.00
2015.01.16 18:20:51.530,1.15615,1.15619,1.00,1.29
2015.01.16 18:20:52.036,1.15615,1.15617,2.62,1.00
2015.01.16 18:20:52.548,1.15615,1.15617,2.62,1.00
2015.01.16 18:20:52.599,1.15615,1.15617,2.87,1.00
2015.01.16 18:20:53.004,1.15615,1.15618,7.12,1.00
2015.01.16 18:20:53.359,1.15613,1.15618,1.20,1.00
2015.01.16 18:20:53.864,1.15612,1.15618,1.57,1.50
2015.01.16 18:20:55.193,1.15612,1.15617,1.07,1.00
2015.01.16 18:20:55.694,1.15613,1.15617,1.07,1.00
2015.01.16 18:20:56.301,1.15615,1.15617,1.12,1.00
2015.01.16 18:20:56.818,1.15613,1.15617,1.07,1.00
2015.01.16 18:20:56.869,1.15613,1.15616,1.07,1.00
2015.01.16 18:20:57.374,1.15612,1.15615,1.07,1.00
2015.01.16 18:20:57.880,1.15612,1.15616,1.07,1.00
2015.01.16 18:20:58.385,1.15611,1.15616,1.07,1.00
2015.01.16 18:20:58.755,1.15614,1.15616,1.00,1.00
2015.01.16 18:20:59.060,1.15617,1.15623,1.50,1.57
2015.01.16 18:20:59.161,1.15618,1.1562,1.00,1.00
2015.01.16 18:20:59.415,1.15619,1.15623,1.12,1.07
2015.01.16 18:20:59.516,1.15616,1.15623,1.00,1.07
2015.01.16 18:21:00.482,1.15616,1.1562,1.00,2.62
2015.01.16 18:21:00.836,1.15615,1.15619,1.87,5.32
2015.01.16 18:21:01.292,1.15612,1.15618,4.57,2.32
2015.01.16 18:21:01.343,1.15611,1.15614,1.00,2.25
2015.01.16 18:21:01.445,1.15611,1.15614,1.50,1.00
2015.01.16 18:21:01.597,1.15611,1.15617,1.00,1.57
2015.01.16 18:21:01.698,1.15611,1.15613,1.00,1.00
2015.01.16 18:21:02.002,1.15608,1.15609,1.00,4.12
2015.01.16 18:21:02.054,1.15606,1.15609,1.12,4.20
2015.01.16 18:21:02.610,1.15605,1.15611,6.60,1.87
2015.01.16 18:21:02.913,1.15605,1.1561,4.50,1.45
2015.01.16 18:21:03.218,1.15606,1.15607,1.50,1.00
2015.01.16 18:21:03.320,1.15605,1.15607,1.72,1.37
2015.01.16 18:21:05.651,1.15605,1.15608,1.00,1.37
2015.01.16 18:21:10.053,1.15605,1.15608,3.37,1.12
2015.01.16 18:21:10.256,1.15607,1.1561,2.85,2.70
2015.01.16 18:21:10.589,1.1561,1.15613,1.87,1.45
2015.01.16 18:21:12.161,1.15611,1.15618,1.50,5.02
2015.01.16 18:21:12.667,1.15612,1.15618,1.00,1.65
2015.01.16 18:21:13.176,1.15611,1.15618,2.25,2.02
2015.01.16 18:21:13.642,1.15612,1.15618,1.00,2.25
2015.01.16 18:21:14.047,1.15614,1.1562,1.00,4.60
2015.01.16 18:21:14.552,1.15615,1.1562,1.12,3.19
2015.01.16 18:21:15.046,1.15617,1.15619,1.00,1.05
2015.01.16 18:21:15.353,1.1562,1.15622,1.00,1.00
2015.01.16 18:21:15.558,1.15624,1.15626,1.00,4.42
2015.01.16 18:21:15.929,1.1562,1.15625,3.75,1.07
2015.01.16 18:21:17.580,1.15621,1.15627,1.00,1.87
2015.01.16 18:21:18.036,1.15623,1.15627,1.00,1.30
2015.01.16 18:21:18.557,1.15622,1.15627,3.75,1.37
2015.01.16 18:21:18.880,1.15624,1.15628,1.00,2.74
2015.01.16 18:21:19.387,1.15623,1.15628,1.00,2.62
2015.01.16 18:21:19.924,1.15622,1.15628,1.50,3.37
2015.01.16 18:21:21.618,1.15623,1.15628,1.00,2.81
2015.01.16 18:21:22.154,1.15624,1.15628,1.00,2.74
2015.01.16 18:21:22.660,1.15623,1.15628,1.00,2.06
2015.01.16 18:21:23.166,1.15621,1.15626,4.12,1.12
2015.01.16 18:21:23.419,1.15621,1.15626,1.50,1.12
2015.01.16 18:21:23.722,1.15623,1.15626,1.00,1.05
2015.01.16 18:21:23.925,1.15624,1.15629,1.50,2.62
2015.01.16 18:21:24.981,1.15623,1.15629,1.50,4.12
2015.01.16 18:21:26.032,1.15622,1.15628,6.00,1.50
2015.01.16 18:21:26.538,1.15623,1.15628,1.00,1.50
2015.01.16 18:21:27.874,1.15623,1.15628,1.50,1.95
2015.01.16 18:21:27.975,1.15625,1.15628,1.00,1.95
2015.01.16 18:21:28.482,1.15625,1.15628,1.50,1.45
2015.01.16 18:21:30.686,1.15626,1.15629,1.00,3.82
2015.01.16 18:21:30.839,1.15626,1.1563,1.50,1.07
2015.01.16 18:21:31.093,1.15628,1.15631,1.00,1.07
2015.01.16 18:21:31.194,1.15628,1.15631,1.00,1.50
2015.01.16 18:21:31.346,1.15627,1.15629,1.50,1.50
2015.01.16 18:21:31.498,1.15625,1.15628,1.12,1.00
2015.01.16 18:21:32.004,1.15625,1.1563,2.62,1.00
2015.01.16 18:21:32.352,1.15626,1.15631,2.10,1.50
2015.01.16 18:21:32.453,1.15638,1.15642,3.60,18.62
2015.01.16 18:21:32.504,1.15642,1.15646,1.87,1.00
2015.01.16 18:21:32.555,1.15647,1.15648,2.85,1.00
2015.01.16 18:21:32.657,1.15647,1.1565,1.00,6.75
2015.01.16 18:21:32.758,1.15645,1.1565,4.12,10.57
2015.01.16 18:21:32.910,1.15641,1.15644,3.67,1.50
2015.01.16 18:21:32.961,1.1564,1.15642,1.50,1.00
2015.01.16 18:21:33.063,1.1564,1.15642,3.67,1.00
2015.01.16 18:21:33.349,1.15641,1.15643,1.00,1.00
2015.01.16 18:21:33.401,1.15641,1.15643,1.05,2.25
2015.01.16 18:21:33.452,1.15639,1.15641,1.10,1.12
2015.01.16 18:21:33.655,1.1564,1.15642,1.00,1.50
2015.01.16 18:21:33.859,1.15645,1.1565,2.25,5.26
2015.01.16 18:21:33.910,1.15645,1.15647,3.00,1.00
2015.01.16 18:21:34.214,1.15646,1.15649,1.00,2.25
2015.01.16 18:21:34.417,1.15645,1.15648,2.25,1.00
2015.01.16 18:21:34.520,1.15646,1.1565,1.12,2.20
2015.01.16 18:21:34.722,1.15646,1.15648,1.87,1.00
2015.01.16 18:21:34.924,1.15646,1.1565,1.00,2.20
2015.01.16 18:21:35.431,1.15648,1.1565,1.00,2.20
2015.01.16 18:21:35.735,1.15648,1.1565,3.45,0.20
2015.01.16 18:21:36.039,1.15649,1.1565,7.20,0.20
2015.01.16 18:21:36.141,1.15652,1.15658,1.00,1.87
2015.01.16 18:21:38.351,1.15655,1.15657,3.82,1.00
2015.01.16 18:21:38.982,1.15654,1.15656,1.95,1.00
2015.01.16 18:21:39.487,1.15654,1.15656,1.57,1.00
2015.01.16 18:21:40.548,1.15656,1.15658,1.00,1.50
2015.01.16 18:21:41.079,1.15651,1.15653,1.00,1.00
2015.01.16 18:21:41.130,1.15651,1.15652,1.00,1.00
2015.01.16 18:21:41.434,1.15647,1.15649,1.00,1.07
2015.01.16 18:21:41.535,1.15645,1.15647,1.12,1.00
2015.01.16 18:21:42.041,1.15645,1.15648,1.56,1.00
2015.01.16 18:21:43.001,1.15645,1.15647,1.00,1.00
2015.01.16 18:21:43.052,1.15643,1.15647,1.57,1.00
2015.01.16 18:21:43.762,1.15645,1.15647,1.00,1.00
2015.01.16 18:21:44.273,1.15644,1.15647,7.12,1.00
2015.01.16 18:21:44.806,1.15643,1.15648,1.57,1.00
2015.01.16 18:21:46.311,1.15644,1.15648,1.00,1.00
2015.01.16 18:21:46.817,1.15643,1.15648,1.10,1.00
2015.01.16 18:21:47.928,1.15643,1.15649,1.57,1.00
2015.01.16 18:21:48.231,1.15643,1.15647,1.57,1.00
2015.01.16 18:21:48.535,1.15646,1.15651,1.00,2.62
2015.01.16 18:21:48.688,1.15647,1.15651,6.97,1.00
2015.01.16 18:21:48.841,1.1565,1.15653,5.62,1.00
2015.01.16 18:21:48.893,1.15651,1.15653,1.07,2.25
2015.01.16 18:21:49.096,1.15647,1.15652,8.32,2.62
2015.01.16 18:21:49.298,1.1565,1.15652,1.12,1.00
2015.01.16 18:21:49.626,1.15648,1.1565,4.50,1.50
2015.01.16 18:21:50.630,1.15647,1.1565,10.35,1.00
2015.01.16 18:21:51.720,1.15647,1.15651,6.75,1.12
2015.01.16 18:21:52.228,1.15647,1.1565,4.50,1.00
2015.01.16 18:21:53.546,1.15648,1.1565,1.00,1.00
2015.01.16 18:21:54.052,1.15647,1.1565,4.50,1.00
2015.01.16 18:21:59.979,1.15647,1.15649,4.50,1.00
2015.01.16 18:22:00.259,1.15644,1.15648,1.20,1.00
2015.01.16 18:22:00.766,1.15642,1.15647,1.07,1.00
2015.01.16 18:22:01.291,1.15642,1.15648,1.07,3.07
2015.01.16 18:22:01.796,1.15641,1.15647,3.37,1.00
2015.01.16 18:22:02.310,1.15642,1.15648,1.57,2.32
2015.01.16 18:22:02.895,1.15642,1.15648,1.57,1.57
2015.01.16 18:22:04.805,1.15643,1.15647,1.00,1.10
2015.01.16 18:22:06.550,1.15642,1.15647,1.57,1.10
2015.01.16 18:22:07.740,1.15642,1.15646,1.10,1.00
2015.01.16 18:22:08.569,1.15642,1.15644,1.10,1.50
2015.01.16 18:22:09.079,1.1564,1.15642,3.75,3.00
2015.01.16 18:22:09.385,1.15638,1.15642,4.50,3.37
2015.01.16 18:22:09.486,1.1564,1.15642,1.12,2.25
2015.01.16 18:22:09.746,1.15641,1.15646,1.07,1.00
2015.01.16 18:22:10.530,1.15643,1.15646,1.00,1.00
2015.01.16 18:22:11.169,1.15642,1.15646,2.32,1.00
2015.01.16 18:22:14.303,1.15642,1.15647,1.57,1.10
2015.01.16 18:22:15.156,1.15645,1.15647,1.00,1.10
2015.01.16 18:22:15.410,1.15647,1.1565,3.00,2.62
2015.01.16 18:22:16.469,1.15647,1.1565,5.10,2.25
2015.01.16 18:22:16.986,1.15648,1.15651,1.00,1.87
2015.01.16 18:22:17.140,1.15647,1.15651,8.85,1.87
2015.01.16 18:22:17.646,1.15647,1.15651,5.25,1.87
2015.01.16 18:22:18.678,1.15646,1.15649,6.37,1.00
2015.01.16 18:22:18.982,1.15642,1.15645,2.62,1.65
2015.01.16 18:22:19.084,1.15639,1.15643,1.00,4.75
2015.01.16 18:22:19.416,1.15633,1.15637,1.00,1.67
2015.01.16 18:22:19.467,1.15632,1.15634,2.25,2.25
2015.01.16 18:22:19.518,1.1563,1.15632,2.62,1.50
2015.01.16 18:22:19.569,1.1563,1.15632,2.62,1.50
2015.01.16 18:22:19.721,1.15628,1.15631,1.50,1.00
2015.01.16 18:22:19.933,1.1563,1.15632,1.00,1.57
2015.01.16 18:22:20.034,1.15628,1.15631,1.00,1.00
2015.01.16 18:22:20.554,1.15629,1.15631,1.00,1.00
2015.01.16 18:22:20.756,1.15627,1.15631,3.75,1.00
2015.01.16 18:22:21.317,1.15627,1.15632,3.37,2.70
2015.01.16 18:22:21.866,1.15627,1.15631,5.47,1.00
2015.01.16 18:22:22.184,1.1563,1.15634,2.87,1.50
2015.01.16 18:22:22.488,1.15631,1.15634,1.05,3.00
2015.01.16 18:22:22.589,1.1563,1.15632,5.17,2.62
2015.01.16 18:22:22.691,1.1563,1.15632,1.07,2.62
2015.01.16 18:22:26.765,1.15627,1.15632,4.20,1.87
2015.01.16 18:22:27.434,1.15629,1.15632,1.00,2.62
2015.01.16 18:22:27.954,1.15627,1.15632,4.95,2.62
2015.01.16 18:22:30.915,1.15627,1.15632,9.22,3.37
2015.01.16 18:22:32.921,1.15627,1.1563,6.30,1.00
2015.01.16 18:22:33.149,1.15626,1.15629,5.32,1.00
2015.01.16 18:22:33.251,1.15626,1.15631,5.32,1.10
2015.01.16 18:22:33.505,1.15625,1.15629,2.70,1.00
2015.01.16 18:22:34.011,1.15625,1.15629,1.12,1.20
2015.01.16 18:22:34.518,1.15623,1.15629,1.45,1.95
2015.01.16 18:22:34.569,1.15623,1.15626,1.00,1.00
2015.01.16 18:22:34.872,1.15623,1.15627,1.47,1.00
2015.01.16 18:22:35.125,1.15623,1.15628,1.47,1.10
2015.01.16 18:22:35.631,1.15623,1.15625,1.10,1.00
2015.01.16 18:22:36.137,1.15623,1.15626,1.47,1.00
2015.01.16 18:22:36.441,1.15623,1.15627,1.47,1.00
2015.01.16 18:22:36.644,1.15621,1.15624,1.95,1.00
2015.01.16 18:22:40.956,1.15621,1.15625,1.47,1.00
2015.01.16 18:22:43.048,1.15621,1.15627,2.70,1.10
2015.01.16 18:22:43.554,1.15621,1.15626,1.10,1.00
2015.01.16 18:22:43.909,1.15623,1.15627,1.00,1.10
2015.01.16 18:22:44.333,1.1562,1.15625,4.12,1.00
2015.01.16 18:22:44.687,1.1562,1.15625,4.57,1.10
2015.01.16 18:22:45.405,1.15621,1.15625,1.00,1.10
2015.01.16 18:22:45.513,1.15623,1.15625,1.00,1.10
2015.01.16 18:22:45.818,1.15622,1.15624,1.00,1.07
2015.01.16 18:22:46.132,1.15623,1.15625,2.89,1.10
2015.01.16 18:22:46.537,1.1562,1.15625,3.75,1.10
2015.01.16 18:22:47.165,1.15621,1.15625,1.00,1.10
2015.01.16 18:22:47.680,1.1562,1.15625,3.00,1.10
2015.01.16 18:22:49.267,1.15618,1.1562,3.75,1.00
2015.01.16 18:22:49.483,1.1561,1.15615,3.37,10.22
2015.01.16 18:22:49.534,1.15608,1.15612,1.50,1.10
2015.01.16 18:22:49.636,1.15608,1.15612,1.00,1.50
2015.01.16 18:22:50.143,1.15607,1.1561,3.56,1.50
2015.01.16 18:22:50.649,1.15607,1.1561,4.31,1.07
2015.01.16 18:22:51.181,1.15607,1.1561,5.06,1.00
2015.01.16 18:22:52.160,1.15609,1.15611,2.10,1.20
2015.01.16 18:22:52.465,1.15617,1.15619,2.70,1.10
2015.01.16 18:22:52.668,1.15618,1.15623,1.00,1.87
2015.01.16 18:22:53.123,1.15617,1.1562,3.52,3.00
2015.01.16 18:22:53.427,1.15613,1.15617,1.00,2.55
2015.01.16 18:22:53.579,1.1561,1.15617,2.32,4.12
2015.01.16 18:22:55.389,1.15609,1.15617,1.87,5.12
2015.01.16 18:22:56.000,1.15609,1.15617,1.87,5.12
2015.01.16 18:22:57.574,1.15609,1.15615,1.00,2.32
2015.01.16 18:22:57.888,1.15609,1.15615,1.00,1.87
2015.01.16 18:22:58.419,1.15609,1.15614,1.10,1.10
2015.01.16 18:23:00.259,1.15608,1.15611,1.07,1.00
2015.01.16 18:23:00.412,1.15605,1.15608,1.95,1.47
2015.01.16 18:23:01.567,1.15607,1.1561,1.00,1.57
2015.01.16 18:23:01.720,1.15607,1.15612,3.45,1.12
2015.01.16 18:23:01.822,1.15608,1.15613,1.00,1.07
2015.01.16 18:23:02.328,1.15607,1.15612,1.57,1.10
2015.01.16 18:23:03.199,1.15608,1.15612,1.00,1.10
2015.01.16 18:23:03.553,1.1561,1.15614,1.00,1.07
2015.01.16 18:23:04.059,1.1561,1.15614,1.00,1.10
2015.01.16 18:23:05.426,1.15609,1.15614,1.57,1.10
2015.01.16 18:23:05.679,1.15603,1.15609,1.57,3.45
2015.01.16 18:23:05.881,1.15601,1.15609,2.70,4.50
2015.01.16 18:23:06.666,1.15601,1.15608,1.95,1.07
2015.01.16 18:23:07.173,1.15602,1.15609,2.70,3.07
2015.01.16 18:23:07.659,1.15605,1.15609,1.00,2.32
2015.01.16 18:23:08.359,1.15605,1.15609,1.00,1.10
2015.01.16 18:23:08.867,1.15605,1.1561,3.07,1.00
2015.01.16 18:23:09.685,1.15605,1.1561,4.20,4.87
2015.01.16 18:23:09.939,1.15603,1.15609,1.20,1.95
2015.01.16 18:23:10.192,1.15602,1.15608,1.37,1.32
2015.01.16 18:23:12.266,1.15601,1.15608,3.45,1.07
2015.01.16 18:23:12.771,1.156,1.15607,10.20,1.10
2015.01.16 18:23:13.309,1.156,1.15606,9.45,1.00
2015.01.16 18:23:14.039,1.15601,1.15606,1.47,1.00
2015.01.16 18:23:14.545,1.15601,1.15607,3.45,1.10
2015.01.16 18:23:15.002,1.15604,1.15607,1.37,1.10
2015.01.16 18:23:16.539,1.156,1.15601,2.25,1.00
2015.01.16 18:23:16.590,1.15599,1.15601,3.37,1.12
2015.01.16 18:23:16.743,1.15595,1.156,10.87,2.25
2015.01.16 18:23:17.249,1.15595,1.15599,2.25,1.00
2015.01.16 18:23:18.105,1.15595,1.156,1.12,2.62
2015.01.16 18:23:18.261,1.15599,1.15601,8.25,3.00
2015.01.16 18:23:18.566,1.15596,1.15598,1.37,1.00
2015.01.16 18:23:18.617,1.15596,1.15598,1.37,1.00
2015.01.16 18:23:18.669,1.15599,1.156,1.00,1.00
2015.01.16 18:23:18.871,1.156,1.15606,5.25,8.62
2015.01.16 18:23:19.074,1.15597,1.15601,2.25,1.50
2015.01.16 18:23:19.276,1.15595,1.15598,3.75,1.00
2015.01.16 18:23:19.889,1.15595,1.15598,1.00,1.07
2015.01.16 18:23:20.041,1.1559,1.15598,8.32,1.07
2015.01.16 18:23:20.546,1.15591,1.15594,1.10,1.00
2015.01.16 18:23:21.102,1.15591,1.15598,1.57,1.10
2015.01.16 18:23:23.230,1.15591,1.15593,1.10,1.00
2015.01.16 18:23:23.756,1.15591,1.15598,1.57,1.10
2015.01.16 18:23:24.061,1.1559,1.15594,4.20,1.00
2015.01.16 18:23:24.314,1.1559,1.15593,5.70,1.00
2015.01.16 18:23:24.769,1.1559,1.15596,5.70,1.00
2015.01.16 18:23:27.727,1.15591,1.15599,5.32,2.25
2015.01.16 18:23:27.778,1.15596,1.15599,1.00,1.12
2015.01.16 18:23:28.134,1.15596,1.156,1.00,1.95
2015.01.16 18:23:28.287,1.15598,1.156,1.00,1.57
2015.01.16 18:23:28.542,1.15598,1.15603,1.57,1.10
2015.01.16 18:23:29.756,1.15601,1.15605,1.00,1.12
2015.01.16 18:23:30.565,1.15599,1.15605,1.00,1.12
2015.01.16 18:23:30.919,1.15598,1.15601,1.10,1.50
2015.01.16 18:23:31.123,1.15595,1.156,6.45,1.50
2015.01.16 18:23:31.326,1.15595,1.156,4.50,1.87
2015.01.16 18:23:31.377,1.15592,1.156,1.57,1.87
2015.01.16 18:23:31.579,1.15595,1.156,1.00,1.07
2015.01.16 18:23:31.898,1.15599,1.15604,1.00,5.25
2015.01.16 18:23:31.949,1.156,1.15604,1.00,1.12
2015.01.16 18:23:32.455,1.15598,1.15603,1.50,1.95
2015.01.16 18:23:32.657,1.15597,1.156,1.35,1.12
2015.01.16 18:23:32.859,1.15595,1.15601,1.00,2.70
2015.01.16 18:23:32.961,1.15597,1.156,1.00,1.00
2015.01.16 18:23:33.466,1.15596,1.15601,1.00,2.70
2015.01.16 18:23:34.828,1.15596,1.15599,1.00,1.00
2015.01.16 18:23:34.980,1.15593,1.15599,1.57,2.62
2015.01.16 18:23:35.031,1.15593,1.15599,1.50,3.00
2015.01.16 18:23:35.787,1.15593,1.15598,1.00,1.87
2015.01.16 18:23:36.090,1.15595,1.15599,1.00,2.25
2015.01.16 18:23:36.141,1.15595,1.15599,1.50,1.57
2015.01.16 18:23:36.647,1.15596,1.156,1.00,1.57
2015.01.16 18:23:38.345,1.15595,1.156,1.50,1.57
2015.01.16 18:23:38.548,1.15597,1.156,5.47,1.20
2015.01.16 18:23:38.700,1.15597,1.15601,4.95,1.00
2015.01.16 18:23:38.954,1.156,1.15604,1.00,2.62
2015.01.16 18:23:39.006,1.156,1.15604,1.00,2.32
2015.01.16 18:23:39.511,1.156,1.15606,2.25,1.07
2015.01.16 18:23:40.811,1.156,1.15603,2.25,1.00
2015.01.16 18:23:41.114,1.15596,1.15598,1.00,2.25
2015.01.16 18:23:41.418,1.15591,1.15594,1.07,1.00
2015.01.16 18:23:42.260,1.15595,1.15597,1.00,1.57
2015.01.16 18:23:42.614,1.15592,1.15596,1.10,1.00
2015.01.16 18:23:43.019,1.15591,1.15599,3.07,1.12
2015.01.16 18:23:43.120,1.15596,1.15599,1.00,1.07
2015.01.16 18:23:43.651,1.15595,1.15598,1.00,1.00
2015.01.16 18:23:44.007,1.15591,1.15596,3.75,1.00
2015.01.16 18:23:45.208,1.15594,1.15598,1.10,1.00
2015.01.16 18:23:46.381,1.15595,1.15598,1.00,1.00
2015.01.16 18:23:47.235,1.15592,1.15598,3.00,1.00
2015.01.16 18:23:47.490,1.15597,1.15598,2.25,1.00
2015.01.16 18:23:47.542,1.15598,1.15602,1.00,3.37
2015.01.16 18:23:47.694,1.15598,1.15602,1.57,2.25
2015.01.16 18:23:48.203,1.15598,1.15602,1.00,1.57
2015.01.16 18:23:48.709,1.15597,1.15599,4.65,1.00
2015.01.16 18:23:48.911,1.15592,1.15598,1.87,1.00
2015.01.16 18:23:49.994,1.15592,1.15597,1.12,1.00
2015.01.16 18:23:50.499,1.15593,1.15599,1.10,1.07
2015.01.16 18:23:51.009,1.15591,1.15597,1.87,1.00
2015.01.16 18:23:51.514,1.1559,1.15596,4.20,1.00
2015.01.16 18:23:52.007,1.1559,1.15592,5.32,1.00
2015.01.16 18:23:52.209,1.15586,1.1559,1.27,1.00
2015.01.16 18:23:52.311,1.15585,1.1559,6.07,3.75
2015.01.16 18:23:52.513,1.15583,1.15589,1.07,1.50
2015.01.16 18:23:53.020,1.15583,1.1559,1.10,1.12
2015.01.16 18:23:54.342,1.15586,1.1559,1.00,1.12
2015.01.16 18:23:54.544,1.15586,1.15591,1.87,1.07
2015.01.16 18:23:55.100,1.15586,1.15589,1.52,1.00
2015.01.16 18:23:56.542,1.15586,1.1559,2.02,1.10
2015.01.16 18:23:57.249,1.15583,1.15589,1.95,1.12
2015.01.16 18:23:57.754,1.15581,1.15589,4.50,1.07
2015.01.16 18:23:57.982,1.15587,1.15592,1.00,1.50
2015.01.16 18:23:58.406,1.15587,1.15593,1.50,7.50
2015.01.16 18:23:58.610,1.15589,1.15595,1.00,3.37
2015.01.16 18:23:58.711,1.15593,1.15595,1.00,1.05
2015.01.16 18:23:59.218,1.15593,1.15599,1.00,4.50
2015.01.16 18:23:59.320,1.15591,1.15599,2.25,1.50
2015.01.16 18:23:59.422,1.15595,1.15599,1.00,1.42
2015.01.16 18:23:59.473,1.15595,1.15599,1.00,1.07
2015.01.16 18:23:59.574,1.15591,1.15599,3.00,1.07
2015.01.16 18:23:59.625,1.15595,1.15599,1.00,1.07
2015.01.16 18:23:59.935,1.15593,1.156,2.25,3.37
2015.01.16 18:24:00.339,1.15594,1.15602,1.00,5.62
2015.01.16 18:24:01.790,1.15593,1.15601,1.00,1.07
2015.01.16 18:24:02.197,1.15593,1.15597,1.00,1.50
2015.01.16 18:24:02.808,1.15593,1.156,1.00,1.20
2015.01.16 18:24:12.512,1.15593,1.15597,1.00,1.00
2015.01.16 18:24:13.018,1.15593,1.15598,1.00,1.10
2015.01.16 18:24:13.676,1.15591,1.15596,1.10,1.00
2015.01.16 18:24:13.929,1.15592,1.15598,1.00,1.10
2015.01.16 18:24:14.452,1.15592,1.15597,1.10,1.00
2015.01.16 18:24:14.698,1.15592,1.15599,1.10,1.10
2015.01.16 18:24:15.062,1.15591,1.15597,1.57,1.12
2015.01.16 18:24:15.570,1.1559,1.15596,1.07,1.00
2015.01.16 18:24:16.075,1.1559,1.15597,1.00,2.70
2015.01.16 18:24:16.669,1.15589,1.15596,1.57,1.07
2015.01.16 18:24:16.972,1.15586,1.1559,1.87,5.25
2015.01.16 18:24:17.023,1.15585,1.15589,2.25,1.09
2015.01.16 18:24:17.176,1.15582,1.15585,1.00,1.00
2015.01.16 18:24:17.226,1.15582,1.15583,1.00,2.62
2015.01.16 18:24:17.277,1.1558,1.15583,1.00,2.62
2015.01.16 18:24:17.783,1.1558,1.15582,1.50,2.62
2015.01.16 18:24:18.288,1.1558,1.15583,3.00,1.39
2015.01.16 18:24:20.965,1.1558,1.15582,1.50,1.50
2015.01.16 18:24:21.015,1.15577,1.1558,5.25,1.50
2015.01.16 18:24:21.066,1.15577,1.1558,5.25,2.62
2015.01.16 18:24:21.944,1.15577,1.1558,6.00,2.70
2015.01.16 18:24:25.070,1.15577,1.15578,3.52,1.00
2015.01.16 18:24:25.172,1.15573,1.15578,1.57,1.00
2015.01.16 18:24:25.374,1.15572,1.15578,1.12,1.10
2015.01.16 18:24:25.886,1.15573,1.15577,1.00,1.50
2015.01.16 18:24:26.427,1.15572,1.15577,1.12,1.50
2015.01.16 18:24:27.729,1.15573,1.15577,1.00,1.00
2015.01.16 18:24:31.967,1.15576,1.15579,1.00,1.07
2015.01.16 18:24:32.146,1.15577,1.15579,2.02,1.50
2015.01.16 18:24:32.197,1.15573,1.15579,1.57,2.25
2015.01.16 18:24:32.450,1.15572,1.15576,2.70,1.00
2015.01.16 18:24:37.041,1.15572,1.15577,1.12,1.57
2015.01.16 18:24:37.547,1.15573,1.15577,1.00,1.10
2015.01.16 18:24:37.901,1.15575,1.15577,1.00,1.10
2015.01.16 18:24:38.229,1.15578,1.1558,1.00,1.50
2015.01.16 18:24:38.331,1.1558,1.15584,1.50,1.07
2015.01.16 18:24:38.535,1.15581,1.15586,1.00,2.77
2015.01.16 18:24:38.687,1.15583,1.15585,1.00,1.30
2015.01.16 18:24:39.193,1.15583,1.15587,1.00,1.87
2015.01.16 18:24:41.081,1.15585,1.15587,4.50,1.80
2015.01.16 18:24:41.385,1.1559,1.15592,1.00,1.07
2015.01.16 18:24:41.588,1.1559,1.15595,1.00,1.57
2015.01.16 18:24:41.689,1.15588,1.15595,2.62,1.57
2015.01.16 18:24:41.902,1.1559,1.15595,1.00,2.32
2015.01.16 18:24:42.477,1.1559,1.15593,1.00,1.07
2015.01.16 18:24:42.578,1.15587,1.15593,2.40,1.07
2015.01.16 18:24:43.247,1.15587,1.15593,2.40,1.12
2015.01.16 18:24:43.810,1.15588,1.15594,1.12,1.07
2015.01.16 18:24:44.316,1.15588,1.15594,1.37,1.07
2015.01.16 18:24:44.821,1.1559,1.15596,1.87,3.37
2015.01.16 18:24:45.739,1.15589,1.15595,5.62,1.07
2015.01.16 18:24:46.263,1.1559,1.15595,1.00,1.57
2015.01.16 18:24:47.892,1.1559,1.15592,1.00,1.07
2015.01.16 18:24:47.943,1.15586,1.15592,1.00,1.20
2015.01.16 18:24:48.044,1.15582,1.1559,10.12,1.57
2015.01.16 18:24:48.095,1.15582,1.1559,4.50,1.57
2015.01.16 18:24:48.955,1.15583,1.15589,1.00,1.87
2015.01.16 18:24:50.705,1.15581,1.15587,1.50,1.07
2015.01.16 18:24:51.224,1.1558,1.15587,2.25,1.57
2015.01.16 18:24:52.145,1.15581,1.15587,1.00,1.07
2015.01.16 18:24:56.039,1.1558,1.15587,2.62,1.20
2015.01.16 18:24:56.587,1.15581,1.15586,3.00,1.10
2015.01.16 18:24:57.127,1.15582,1.15585,1.50,1.00
2015.01.16 18:24:57.652,1.15581,1.15584,1.00,1.00
2015.01.16 18:24:59.292,1.1558,1.15584,3.75,1.00
2015.01.16 18:24:59.494,1.15582,1.15584,1.00,1.00
2015.01.16 18:25:00.437,1.15582,1.15585,1.00,1.00
2015.01.16 18:25:00.950,1.15582,1.15587,1.00,1.20
2015.01.16 18:25:01.506,1.15581,1.15587,2.25,1.20
2015.01.16 18:25:01.938,1.15583,1.15587,1.00,1.20
2015.01.16 18:25:02.447,1.15582,1.15587,1.50,1.20
2015.01.16 18:25:03.794,1.15583,1.15587,1.00,1.07
2015.01.16 18:25:04.303,1.15584,1.15586,1.00,1.00
2015.01.16 18:25:04.665,1.15581,1.15586,1.10,1.00
2015.01.16 18:25:05.170,1.1558,1.15585,1.57,1.00
2015.01.16 18:25:05.595,1.1558,1.15587,1.07,1.10
2015.01.16 18:25:06.165,1.15582,1.15587,1.00,1.07
2015.01.16 18:25:06.267,1.15582,1.15584,1.00,1.00
2015.01.16 18:25:06.772,1.15583,1.15587,1.00,1.07
2015.01.16 18:25:07.623,1.15584,1.15588,1.00,1.42
2015.01.16 18:25:07.675,1.15585,1.1559,1.00,6.75
2015.01.16 18:25:08.180,1.15585,1.15589,1.50,1.95
2015.01.16 18:25:08.231,1.15587,1.15589,2.81,1.45
2015.01.16 18:25:08.738,1.15586,1.15589,1.52,1.20
2015.01.16 18:25:09.566,1.15586,1.15588,1.00,2.25
2015.01.16 18:25:09.668,1.15582,1.15587,2.32,1.50
2015.01.16 18:25:09.719,1.15582,1.15585,1.57,1.00
2015.01.16 18:25:09.932,1.1558,1.15585,1.00,1.00
2015.01.16 18:25:09.983,1.15582,1.15585,1.00,1.00
2015.01.16 18:25:10.699,1.1558,1.15585,5.62,1.00
2015.01.16 18:25:11.003,1.15583,1.15586,1.00,1.00
2015.01.16 18:25:11.105,1.1558,1.15586,5.70,1.00
2015.01.16 18:25:11.614,1.15581,1.15585,1.00,1.00
2015.01.16 18:25:12.120,1.1558,1.15584,3.82,1.00
2015.01.16 18:25:12.806,1.15582,1.15585,1.00,1.07
2015.01.16 18:25:16.590,1.15586,1.15587,1.00,1.80
2015.01.16 18:25:16.792,1.1559,1.15593,1.00,1.87
2015.01.16 18:25:16.995,1.1559,1.15593,1.12,1.10
2015.01.16 18:25:17.708,1.15591,1.15593,1.00,1.10
2015.01.16 18:25:18.222,1.1559,1.15594,1.10,2.70
2015.01.16 18:25:18.737,1.15589,1.15594,3.75,2.70
2015.01.16 18:25:19.413,1.1559,1.15594,1.10,3.45
2015.01.16 18:25:20.019,1.15589,1.15594,5.32,3.45
2015.01.16 18:25:20.545,1.1559,1.15594,1.10,1.95
2015.01.16 18:25:22.802,1.15589,1.15594,5.32,1.95
2015.01.16 18:25:23.343,1.1559,1.15594,1.12,1.95
2015.01.16 18:25:25.649,1.15589,1.15593,6.15,1.12
2015.01.16 18:25:26.155,1.1559,1.15593,1.87,1.12
2015.01.16 18:25:28.521,1.15589,1.15594,4.95,1.47
2015.01.16 18:25:29.029,1.1559,1.15594,1.12,1.47
2015.01.16 18:25:30.083,1.15589,1.15594,4.95,1.47
2015.01.16 18:25:30.736,1.1559,1.15593,1.20,1.12
2015.01.16 18:25:49.867,1.15589,1.15594,4.20,1.87
2015.01.16 18:25:49.970,1.15589,1.15593,1.57,1.12
2015.01.16 18:25:50.021,1.15588,1.15591,3.07,1.00
2015.01.16 18:25:50.578,1.15589,1.15593,2.25,1.00
2015.01.16 18:25:51.769,1.1559,1.15593,1.00,1.00
2015.01.16 18:25:52.322,1.15589,1.15593,1.50,1.00
2015.01.16 18:25:55.344,1.15589,1.15593,2.62,1.00
2015.01.16 18:25:55.849,1.15589,1.15593,2.25,1.00
2015.01.16 18:25:56.355,1.15589,1.15594,2.25,1.10
2015.01.16 18:25:56.860,1.1559,1.15596,1.50,1.07
2015.01.16 18:25:57.013,1.1559,1.15596,1.87,1.60
2015.01.16 18:25:59.802,1.15591,1.15596,1.37,2.10
2015.01.16 18:26:00.473,1.15591,1.15596,1.37,2.32
2015.01.16 18:26:00.985,1.15591,1.15595,1.37,1.27
2015.01.16 18:26:01.340,1.1559,1.15596,1.87,2.10
2015.01.16 18:26:02.725,1.15589,1.15594,1.95,1.00
2015.01.16 18:26:05.030,1.1559,1.15595,1.12,1.57
2015.01.16 18:26:07.788,1.15588,1.15595,3.07,4.72
2015.01.16 18:26:08.515,1.15588,1.15593,1.57,1.00
2015.01.16 18:26:09.023,1.15586,1.15592,2.85,1.10
2015.01.16 18:26:11.618,1.15588,1.15592,1.00,1.10
2015.01.16 18:26:12.124,1.15588,1.15594,1.50,1.07
2015.01.16 18:26:14.729,1.15587,1.15594,5.10,1.07
2015.01.16 18:26:15.234,1.15586,1.15593,2.70,1.57
2015.01.16 18:26:18.172,1.15587,1.15591,1.12,1.00
2015.01.16 18:26:18.507,1.15584,1.15591,1.00,2.10
2015.01.16 18:26:19.216,1.15584,1.15588,1.00,1.00
2015.01.16 18:26:20.605,1.15584,1.15588,2.50,1.00
2015.01.16 18:26:20.909,1.15587,1.1559,2.25,1.00
2015.01.16 18:26:23.616,1.15588,1.15592,1.50,1.10
2015.01.16 18:26:25.663,1.15588,1.15593,1.50,1.10
2015.01.16 18:26:25.815,1.15588,1.15591,1.50,1.00
2015.01.16 18:26:26.572,1.15588,1.15592,1.50,1.00
2015.01.16 18:26:27.761,1.1559,1.15592,1.00,1.00
2015.01.16 18:26:27.964,1.15597,1.156,3.99,1.57
2015.01.16 18:26:28.117,1.15597,1.156,8.14,1.00
2015.01.16 18:26:28.168,1.15597,1.15601,5.32,1.00
2015.01.16 18:26:28.522,1.15599,1.15603,1.00,1.00
2015.01.16 18:26:28.875,1.156,1.15605,4.20,1.00
2015.01.16 18:26:29.431,1.156,1.15602,1.10,1.00
2015.01.16 18:26:29.630,1.15595,1.156,5.32,1.00
2015.01.16 18:26:29.884,1.15599,1.15603,1.00,1.12
2015.01.16 18:26:30.188,1.15602,1.15606,1.00,2.25
2015.01.16 18:26:30.693,1.15602,1.15606,1.00,1.95
2015.01.16 18:26:30.997,1.15604,1.15608,1.00,1.87
2015.01.16 18:26:31.099,1.15602,1.15607,3.37,1.50
2015.01.16 18:26:31.150,1.15602,1.15607,2.25,1.50
2015.01.16 18:26:33.786,1.15602,1.15606,1.00,1.07
2015.01.16 18:26:34.039,1.15598,1.15606,3.07,1.07
2015.01.16 18:26:34.299,1.15598,1.15603,2.25,1.87
2015.01.16 18:26:34.401,1.156,1.15602,1.00,1.50
2015.01.16 18:26:34.452,1.15598,1.15604,1.00,1.57
2015.01.16 18:26:34.604,1.15598,1.15602,1.00,1.87
2015.01.16 18:26:34.756,1.15598,1.15602,1.00,4.12
2015.01.16 18:26:35.009,1.15598,1.156,1.00,1.00
2015.01.16 18:26:35.211,1.15598,1.15602,1.00,3.45
2015.01.16 18:26:35.635,1.15598,1.15601,1.00,2.62
2015.01.16 18:26:36.292,1.15597,1.15601,1.00,3.07
2015.01.16 18:26:36.394,1.15596,1.15599,1.00,1.12
2015.01.16 18:26:37.460,1.15598,1.15599,1.00,1.12
2015.01.16 18:26:37.763,1.15599,1.15602,1.50,1.00
2015.01.16 18:26:38.169,1.15598,1.15605,1.00,1.57
2015.01.16 18:26:38.712,1.15599,1.15605,1.00,1.57
2015.01.16 18:26:42.121,1.156,1.15606,1.00,1.07
2015.01.16 18:26:42.173,1.15602,1.15606,1.00,1.07
2015.01.16 18:26:42.326,1.156,1.15606,5.62,1.10
2015.01.16 18:26:42.378,1.156,1.15605,3.75,1.07
2015.01.16 18:26:42.903,1.15601,1.15605,1.00,1.07
2015.01.16 18:26:43.418,1.15598,1.15605,3.00,1.07
2015.01.16 18:26:43.873,1.15597,1.156,4.57,1.87
2015.01.16 18:26:44.026,1.15595,1.15596,3.00,1.00
2015.01.16 18:26:44.532,1.15594,1.15596,1.00,1.10
2015.01.16 18:26:45.049,1.15594,1.15596,1.00,1.10
2015.01.16 18:26:45.454,1.15598,1.156,3.25,1.50
2015.01.16 18:26:45.556,1.15599,1.15602,3.07,1.50
2015.01.16 18:26:45.860,1.156,1.15605,5.32,5.25
2015.01.16 18:26:46.366,1.15601,1.15605,1.00,1.00
2015.01.16 18:26:46.872,1.156,1.15605,1.50,1.10
2015.01.16 18:26:47.125,1.15602,1.15607,1.00,1.07
2015.01.16 18:26:47.656,1.15603,1.15608,1.00,2.25
2015.01.16 18:26:48.997,1.15602,1.15608,1.50,1.50
2015.01.16 18:26:49.324,1.15604,1.15607,1.00,1.20
2015.01.16 18:26:52.987,1.15601,1.15605,1.00,1.37
2015.01.16 18:26:53.090,1.15601,1.15602,1.00,1.00
2015.01.16 18:26:53.192,1.156,1.15602,1.50,1.00
2015.01.16 18:26:53.295,1.15601,1.15604,1.00,1.00
2015.01.16 18:26:53.397,1.15599,1.15602,1.00,1.00
2015.01.16 18:26:53.802,1.15597,1.15601,6.82,2.62
2015.01.16 18:26:55.623,1.15598,1.15601,1.00,2.70
2015.01.16 18:26:56.808,1.15597,1.15601,7.50,2.70
2015.01.16 18:27:00.585,1.15597,1.15601,6.37,2.32
2015.01.16 18:27:00.687,1.15598,1.156,1.00,3.37
2015.01.16 18:27:00.789,1.15597,1.156,5.06,1.50
2015.01.16 18:27:01.196,1.15598,1.15603,1.87,1.12
2015.01.16 18:27:01.297,1.15598,1.15603,1.50,1.12
2015.01.16 18:27:01.802,1.15597,1.15603,5.81,2.25
2015.01.16 18:27:04.158,1.15598,1.15601,1.00,1.57
2015.01.16 18:27:04.260,1.15597,1.15599,5.06,1.00
2015.01.16 18:27:04.513,1.15595,1.15598,1.87,1.57
2015.01.16 18:27:05.019,1.15596,1.15598,1.00,1.57
2015.01.16 18:27:05.878,1.15596,1.15598,1.37,1.57
2015.01.16 18:27:05.929,1.15599,1.156,1.00,1.50
2015.01.16 18:27:06.186,1.15601,1.15603,1.00,1.50
2015.01.16 18:27:06.804,1.15599,1.15603,1.50,1.50
2015.01.16 18:27:07.310,1.15599,1.15603,1.00,1.57
2015.01.16 18:27:07.614,1.15599,1.156,1.00,1.50
2015.01.16 18:27:07.716,1.15595,1.156,4.50,1.57
2015.01.16 18:27:09.496,1.15594,1.156,1.12,1.57
2015.01.16 18:27:10.074,1.15594,1.156,1.37,1.57
2015.01.16 18:27:10.615,1.15594,1.156,1.12,1.57
2015.01.16 18:27:11.133,1.15594,1.156,1.37,1.57
2015.01.16 18:27:11.597,1.15597,1.15599,2.25,1.10
2015.01.16 18:27:11.901,1.15601,1.15602,1.00,1.50
2015.01.16 18:27:12.256,1.15599,1.15602,3.00,1.50
2015.01.16 18:27:12.661,1.15597,1.15602,11.10,1.50
2015.01.16 18:27:12.838,1.15597,1.15602,7.50,1.57
2015.01.16 18:27:13.142,1.15596,1.15599,2.25,1.00
2015.01.16 18:27:13.396,1.15597,1.15599,5.25,1.87
2015.01.16 18:27:13.598,1.15597,1.15602,6.82,1.47
2015.01.16 18:27:13.649,1.15599,1.15603,1.12,1.95
2015.01.16 18:27:13.952,1.15598,1.15601,1.50,1.95
2015.01.16 18:27:14.357,1.156,1.15603,1.12,2.55
2015.01.16 18:27:14.408,1.156,1.15603,1.12,1.95
2015.01.16 18:27:15.016,1.15601,1.15603,1.00,1.50
2015.01.16 18:27:15.555,1.156,1.15603,1.00,1.57
2015.01.16 18:27:21.303,1.156,1.15605,1.50,2.70
2015.01.16 18:27:21.941,1.15599,1.156,1.00,1.00
2015.01.16 18:27:22.042,1.15597,1.15599,1.10,1.37
2015.01.16 18:27:22.548,1.15596,1.15598,1.00,1.00
2015.01.16 18:27:23.257,1.15595,1.15598,1.00,1.00
2015.01.16 18:27:23.409,1.15597,1.15599,2.02,2.32
2015.01.16 18:27:23.611,1.156,1.15605,2.26,3.45
2015.01.16 18:27:23.764,1.15602,1.15605,1.00,1.45
2015.01.16 18:27:24.272,1.156,1.15607,3.37,4.95
2015.01.16 18:27:25.602,1.15601,1.15607,1.00,4.20
2015.01.16 18:27:26.060,1.15603,1.15604,1.00,1.50
2015.01.16 18:27:26.365,1.15604,1.15606,1.00,1.95
2015.01.16 18:27:29.072,1.15604,1.15608,1.00,1.95
2015.01.16 18:27:29.628,1.15601,1.15608,1.00,3.45
2015.01.16 18:27:30.979,1.15603,1.15607,1.00,1.45
2015.01.16 18:27:35.613,1.15603,1.15608,1.00,3.37
2015.01.16 18:27:35.916,1.15609,1.15614,1.00,5.25
2015.01.16 18:27:36.018,1.15611,1.15617,1.50,1.20
2015.01.16 18:27:36.524,1.15612,1.15618,1.50,1.45
2015.01.16 18:27:37.067,1.15611,1.15619,5.25,4.57
2015.01.16 18:27:37.426,1.15614,1.15619,1.00,3.45
2015.01.16 18:27:37.832,1.15617,1.1562,1.00,5.32
2015.01.16 18:27:38.136,1.15619,1.15623,2.25,1.50
2015.01.16 18:27:38.541,1.15621,1.15628,1.00,1.07
2015.01.16 18:27:39.019,1.1562,1.15625,3.45,1.00
2015.01.16 18:27:39.324,1.15619,1.15621,1.00,7.35
2015.01.16 18:27:39.780,1.15615,1.15617,7.50,1.50
2015.01.16 18:27:40.287,1.15615,1.15618,3.75,6.67
2015.01.16 18:27:40.743,1.15616,1.15617,4.50,1.00
2015.01.16 18:27:40.997,1.1562,1.15625,1.87,2.25
2015.01.16 18:27:41.503,1.15624,1.15627,1.00,6.75
2015.01.16 18:27:41.857,1.15623,1.1563,2.25,2.32
2015.01.16 18:27:42.520,1.15622,1.1563,5.70,1.95
2015.01.16 18:27:43.106,1.15622,1.1563,6.07,3.82
2015.01.16 18:27:43.259,1.15622,1.15629,1.57,2.62
2015.01.16 18:27:45.816,1.15624,1.1563,1.00,3.45
2015.01.16 18:27:46.529,1.15623,1.15629,1.00,1.45
2015.01.16 18:27:47.564,1.15625,1.15629,1.00,1.45
2015.01.16 18:27:47.867,1.15628,1.15631,1.00,1.20
2015.01.16 18:27:48.323,1.15629,1.15633,1.00,1.37
2015.01.16 18:27:48.829,1.15628,1.15634,1.00,1.45
2015.01.16 18:27:49.369,1.15628,1.1563,1.00,1.00
2015.01.16 18:27:49.674,1.15628,1.15635,1.00,2.10
2015.01.16 18:27:49.775,1.15628,1.15631,1.00,3.00
2015.01.16 18:27:50.080,1.1563,1.15635,5.62,3.67
2015.01.16 18:27:50.131,1.15633,1.15635,1.50,1.00
2015.01.16 18:27:50.283,1.15634,1.15637,1.30,1.00
2015.01.16 18:27:50.941,1.15635,1.1564,6.45,2.25
2015.01.16 18:27:50.992,1.15638,1.1564,1.00,2.25
2015.01.16 18:27:51.447,1.15625,1.15638,3.69,1.50
2015.01.16 18:27:51.827,1.1564,1.15648,1.58,2.25
2015.01.16 18:27:51.980,1.1564,1.15648,3.83,3.37
2015.01.16 18:27:52.486,1.15641,1.15646,1.00,1.07
2015.01.16 18:27:53.255,1.15641,1.15646,1.37,1.00
2015.01.16 18:27:53.610,1.15649,1.1565,1.12,9.75
2015.01.16 18:27:53.661,1.15648,1.1565,3.00,4.57
2015.01.16 18:27:54.167,1.15648,1.15652,3.75,2.25
2015.01.16 18:27:54.724,1.1565,1.15654,3.49,2.25
2015.01.16 18:27:54.927,1.1565,1.15655,3.49,11.25
2015.01.16 18:27:55.245,1.15652,1.15655,1.00,7.50
2015.01.16 18:27:55.549,1.15653,1.15655,3.00,1.05
2015.01.16 18:27:55.600,1.15655,1.15657,3.37,1.00
2015.01.16 18:27:55.702,1.15655,1.15657,1.12,1.00
2015.01.16 18:27:55.904,1.1566,1.15662,2.25,1.00
2015.01.16 18:27:55.955,1.15659,1.15662,6.37,1.10
2015.01.16 18:27:56.006,1.1566,1.15665,1.50,10.42
2015.01.16 18:27:56.209,1.15663,1.15666,1.00,10.75
2015.01.16 18:27:56.513,1.15653,1.15656,1.50,2.10
2015.01.16 18:27:56.564,1.15653,1.15656,1.00,2.10
2015.01.16 18:27:56.615,1.15655,1.15658,1.00,2.32
2015.01.16 18:27:56.666,1.1565,1.15652,1.50,1.50
2015.01.16 18:27:56.717,1.1565,1.15652,2.25,1.00
2015.01.16 18:27:56.819,1.1565,1.15652,3.45,1.00
2015.01.16 18:27:56.971,1.15647,1.15649,1.10,3.10
2015.01.16 18:27:57.022,1.15649,1.15651,3.75,1.00
2015.01.16 18:27:57.174,1.15645,1.1565,6.00,4.87
2015.01.16 18:27:57.225,1.15643,1.15645,1.00,1.00
2015.01.16 18:27:57.326,1.15644,1.15646,1.00,1.50
2015.01.16 18:27:57.429,1.15641,1.15645,6.75,1.12
2015.01.16 18:27:57.480,1.15641,1.15645,2.25,1.20
2015.01.16 18:27:58.193,1.15641,1.15644,1.00,1.07
2015.01.16 18:27:58.708,1.15641,1.15644,1.00,1.07
2015.01.16 18:27:58.966,1.15641,1.15646,1.50,1.50
2015.01.16 18:27:59.067,1.15641,1.15644,1.00,1.07
2015.01.16 18:27:59.583,1.1564,1.15644,3.00,1.07
2015.01.16 18:27:59.887,1.1564,1.15644,2.62,1.07
2015.01.16 18:28:00.393,1.1564,1.15644,1.87,1.57
2015.01.16 18:28:01.531,1.15639,1.15641,1.12,1.57
2015.01.16 18:28:02.038,1.15638,1.15641,1.00,1.07
2015.01.16 18:28:04.249,1.15638,1.15641,1.50,1.57
2015.01.16 18:28:04.502,1.15639,1.15641,2.62,1.10
2015.01.16 18:28:05.010,1.1564,1.15641,1.12,1.00
2015.01.16 18:28:05.466,1.1564,1.15641,1.00,1.00
2015.01.16 18:28:06.029,1.15641,1.15642,1.00,1.00
2015.01.16 18:28:06.725,1.15638,1.1564,1.50,1.00
2015.01.16 18:28:06.878,1.15638,1.15641,1.00,1.00
2015.01.16 18:28:06.980,1.15638,1.15639,1.00,1.00
2015.01.16 18:28:07.059,1.15635,1.15639,9.07,2.25
2015.01.16 18:28:07.263,1.15635,1.15637,7.50,1.10
2015.01.16 18:28:07.874,1.15636,1.15637,1.00,1.10
2015.01.16 18:28:08.177,1.15631,1.15635,1.37,1.57
2015.01.16 18:28:08.764,1.15633,1.15634,1.12,1.10
2015.01.16 18:28:09.275,1.15631,1.15633,1.00,1.00
2015.01.16 18:28:09.781,1.15632,1.15634,1.37,1.10
2015.01.16 18:28:09.983,1.15631,1.15633,1.12,1.00
2015.01.16 18:28:10.489,1.1563,1.15633,6.00,1.57
2015.01.16 18:28:10.994,1.1563,1.15633,5.25,1.00
2015.01.16 18:28:11.500,1.15633,1.15634,1.00,1.00
2015.01.16 18:28:12.974,1.15631,1.15635,1.50,1.87
2015.01.16 18:28:24.901,1.15631,1.15635,1.37,1.57
2015.01.16 18:28:25.815,1.15631,1.15635,1.00,1.57
2015.01.16 18:28:27.513,1.15632,1.15635,1.00,1.57
2015.01.16 18:28:29.031,1.1563,1.15635,1.00,1.57
2015.01.16 18:28:29.996,1.1563,1.15634,1.12,1.07
2015.01.16 18:28:30.199,1.15627,1.1563,1.50,1.00
2015.01.16 18:28:30.250,1.15627,1.1563,1.00,1.50
2015.01.16 18:28:30.301,1.15625,1.15628,1.12,1.00
2015.01.16 18:28:30.352,1.15625,1.15628,1.12,1.00
2015.01.16 18:28:30.403,1.15622,1.15628,1.00,1.57
2015.01.16 18:28:30.605,1.15621,1.15626,1.00,1.07
2015.01.16 18:28:30.909,1.15619,1.15623,1.50,1.07
2015.01.16 18:28:31.441,1.15618,1.15621,2.25,1.00
2015.01.16 18:28:33.564,1.15619,1.15621,1.12,1.00
2015.01.16 18:28:34.272,1.15618,1.15621,3.00,1.00
2015.01.16 18:28:34.805,1.15619,1.15621,1.50,1.00
2015.01.16 18:28:38.286,1.15619,1.15622,1.00,1.10
2015.01.16 18:28:40.022,1.15619,1.15622,1.00,1.00
2015.01.16 18:28:41.248,1.15619,1.15625,1.12,1.12
2015.01.16 18:28:41.450,1.15617,1.15622,1.50,2.32
2015.01.16 18:28:41.552,1.15617,1.15622,4.95,4.45
2015.01.16 18:28:41.653,1.15617,1.15622,1.50,2.12
2015.01.16 18:28:41.806,1.15621,1.15624,1.00,1.07
2015.01.16 18:28:42.464,1.15624,1.15627,1.00,1.42
2015.01.16 18:28:42.971,1.15624,1.15628,1.00,2.55
2015.01.16 18:28:43.489,1.15623,1.15628,1.00,1.50
2015.01.16 18:28:43.793,1.15625,1.15628,1.00,1.42
2015.01.16 18:28:44.423,1.15624,1.15628,3.00,1.42
2015.01.16 18:28:44.962,1.15625,1.15628,1.00,1.42
2015.01.16 18:28:45.216,1.15627,1.15631,2.25,1.12
2015.01.16 18:28:45.318,1.15629,1.15632,2.25,1.07
2015.01.16 18:28:47.407,1.15629,1.15635,1.00,1.50
2015.01.16 18:28:47.966,1.1563,1.15635,1.00,1.50
2015.01.16 18:28:50.377,1.15628,1.15634,2.62,1.12
2015.01.16 18:28:50.580,1.15627,1.15629,3.52,1.12
2015.01.16 18:28:50.934,1.15628,1.15633,1.00,1.57
2015.01.16 18:28:56.763,1.1563,1.15635,1.00,2.62
2015.01.16 18:28:57.067,1.15632,1.15637,1.00,1.67
2015.01.16 18:28:57.220,1.15634,1.15638,1.50,1.12
2015.01.16 18:28:57.324,1.15636,1.15639,1.00,1.42
2015.01.16 18:28:57.628,1.15638,1.15639,1.00,1.05
2015.01.16 18:28:57.966,1.15638,1.15641,1.50,1.07
2015.01.16 18:28:58.017,1.15638,1.15641,1.50,1.07
2015.01.16 18:28:58.068,1.15639,1.15642,1.00,1.00
2015.01.16 18:28:58.170,1.15638,1.15643,1.00,1.12
2015.01.16 18:28:58.271,1.1564,1.15644,1.00,1.05
2015.01.16 18:28:58.777,1.1564,1.15645,1.50,1.37
2015.01.16 18:29:00.061,1.15641,1.15646,1.00,3.00
2015.01.16 18:29:00.463,1.15639,1.15646,1.00,3.00
2015.01.16 18:29:01.172,1.15638,1.15646,3.07,3.75
2015.01.16 18:29:02.254,1.15638,1.15646,1.50,3.37
2015.01.16 18:29:04.391,1.1564,1.15646,1.00,3.37
2015.01.16 18:29:04.745,1.1564,1.15646,1.50,3.37
2015.01.16 18:29:04.796,1.15648,1.15649,2.25,8.25
2015.01.16 18:29:04.949,1.15646,1.15649,1.56,3.67
2015.01.16 18:29:05.051,1.15647,1.15651,1.12,1.20
2015.01.16 18:29:05.152,1.15647,1.15652,2.81,1.12
2015.01.16 18:29:05.558,1.15643,1.1565,1.00,2.32
2015.01.16 18:29:06.316,1.15642,1.1565,3.07,1.95
2015.01.16 18:29:08.747,1.15642,1.15646,1.10,1.00
2015.01.16 18:29:09.102,1.15638,1.15645,1.87,1.10
2015.01.16 18:29:11.077,1.15638,1.15645,1.07,1.57
2015.01.16 18:29:11.627,1.15638,1.15645,1.10,2.32
2015.01.16 18:29:12.900,1.15638,1.1564,1.10,1.50
2015.01.16 18:29:13.204,1.15631,1.15634,1.20,1.00
2015.01.16 18:29:13.255,1.15631,1.15635,1.20,1.00
2015.01.16 18:29:15.662,1.15631,1.15639,1.57,1.07
2015.01.16 18:29:16.231,1.15633,1.1564,1.00,1.87
2015.01.16 18:29:17.636,1.15634,1.1564,1.00,1.87
2015.01.16 18:29:18.403,1.15636,1.15641,1.00,1.87
2015.01.16 18:29:18.918,1.15636,1.1564,1.00,1.07
2015.01.16 18:29:22.513,1.15635,1.1564,1.00,1.07
2015.01.16 18:29:24.867,1.15635,1.1564,1.00,3.45
2015.01.16 18:29:24.918,1.15633,1.15639,1.10,4.20
2015.01.16 18:29:25.071,1.15633,1.15636,1.00,1.07
2015.01.16 18:29:26.909,1.15631,1.15638,1.50,2.62
2015.01.16 18:29:27.365,1.15634,1.15637,1.00,1.10
2015.01.16 18:29:30.018,1.15633,1.15637,1.00,1.10
2015.01.16 18:29:30.775,1.15631,1.15637,1.00,1.57
2015.01.16 18:29:32.891,1.15631,1.15636,2.25,1.00
2015.01.16 18:29:38.657,1.15631,1.15637,1.00,1.57
2015.01.16 18:29:38.708,1.1563,1.15633,1.12,1.00
2015.01.16 18:29:43.188,1.15628,1.15633,1.47,1.00
2015.01.16 18:29:43.915,1.15628,1.15633,1.95,1.00
2015.01.16 18:29:47.049,1.15628,1.15633,1.95,1.00
2015.01.16 18:29:47.685,1.15628,1.15633,1.47,1.00
2015.01.16 18:29:50.335,1.15629,1.15633,1.00,1.00
2015.01.16 18:29:50.943,1.15629,1.15633,1.37,1.00
2015.01.16 18:29:52.996,1.15629,1.15634,1.37,1.57
2015.01.16 18:29:53.577,1.15629,1.15634,1.37,1.00
2015.01.16 18:29:55.212,1.15629,1.15634,1.37,1.10
2015.01.16 18:29:56.555,1.15629,1.15634,1.12,1.10
2015.01.16 18:29:57.079,1.15629,1.15634,1.37,1.10
2015.01.16 18:29:59.125,1.15627,1.15633,7.57,1.00
2015.01.16 18:29:59.654,1.15627,1.15633,9.37,1.07
2015.01.16 18:30:00.181,1.15627,1.15633,9.37,1.07
2015.01.16 18:30:00.434,1.15627,1.1563,3.00,1.00
2015.01.16 18:30:00.485,1.15627,1.15629,3.00,1.00
2015.01.16 18:30:00.789,1.15625,1.15627,1.50,1.10
2015.01.16 18:30:00.992,1.15622,1.15628,1.00,1.57
2015.01.16 18:30:03.177,1.15624,1.15629,1.00,1.87
2015.01.16 18:30:03.480,1.15621,1.15629,1.57,1.57
2015.01.16 18:30:06.396,1.15626,1.15629,2.50,1.07
2015.01.16 18:30:06.498,1.15622,1.15629,1.10,1.57
2015.01.16 18:30:06.651,1.15625,1.15629,1.00,1.87
2015.01.16 18:30:06.752,1.15622,1.15629,1.00,1.87
2015.01.16 18:30:07.257,1.15621,1.15629,2.32,1.87
2015.01.16 18:30:07.763,1.15622,1.15628,1.00,1.07
2015.01.16 18:30:09.908,1.15621,1.15628,1.10,2.32
2015.01.16 18:30:10.161,1.1562,1.15626,3.00,2.32
2015.01.16 18:30:12.271,1.15619,1.15624,3.82,1.00
2015.01.16 18:30:14.731,1.15619,1.15625,3.07,1.50
2015.01.16 18:30:15.253,1.15619,1.15625,3.00,1.07
2015.01.16 18:30:16.097,1.15619,1.15625,3.00,1.12
2015.01.16 18:30:17.107,1.15622,1.15626,1.00,4.87
2015.01.16 18:30:17.504,1.1562,1.15624,1.00,1.57
2015.01.16 18:30:18.015,1.15619,1.15626,2.25,5.62
2015.01.16 18:30:18.571,1.1562,1.15626,1.00,4.12
2015.01.16 18:30:19.147,1.15619,1.15626,2.25,3.75
2015.01.16 18:30:22.680,1.1562,1.15624,1.00,1.10
2015.01.16 18:30:23.195,1.15619,1.15624,2.25,1.10
2015.01.16 18:30:25.258,1.1562,1.15626,1.00,3.75
2015.01.16 18:30:25.660,1.15622,1.15626,1.00,1.87
2015.01.16 18:30:37.924,1.15622,1.15623,1.00,1.00
2015.01.16 18:30:38.430,1.15622,1.15626,1.00,1.57
2015.01.16 18:30:41.492,1.15622,1.15625,1.00,1.00
2015.01.16 18:30:42.151,1.15622,1.15626,1.00,1.10
2015.01.16 18:30:42.657,1.15622,1.15625,1.00,1.00
2015.01.16 18:30:44.362,1.15621,1.15625,1.50,1.10
2015.01.16 18:30:47.847,1.15621,1.15624,1.50,1.00
2015.01.16 18:30:48.369,1.15621,1.15626,1.50,2.32
2015.01.16 18:30:50.246,1.15623,1.15626,1.00,1.57
2015.01.16 18:30:55.195,1.15621,1.15625,1.00,1.10
2015.01.16 18:30:56.258,1.1562,1.15626,4.50,2.32
2015.01.16 18:30:56.937,1.15621,1.15626,1.00,3.07
2015.01.16 18:30:57.918,1.1562,1.15626,5.25,2.32
2015.01.16 18:30:58.423,1.15621,1.15626,1.00,3.07
2015.01.16 18:30:58.829,1.15619,1.15622,1.87,1.00
2015.01.16 18:30:58.880,1.15618,1.15622,3.37,1.00
2015.01.16 18:30:58.931,1.1562,1.15623,1.00,2.85
2015.01.16 18:30:59.033,1.15617,1.15619,1.50,1.00
2015.01.16 18:30:59.545,1.15613,1.15617,1.50,1.07
2015.01.16 18:30:59.596,1.15613,1.15617,1.50,1.07
2015.01.16 18:31:00.127,1.15612,1.15615,1.00,1.00
2015.01.16 18:31:00.634,1.15612,1.15614,1.00,1.10
2015.01.16 18:31:00.836,1.15609,1.15613,1.00,1.12
2015.01.16 18:31:01.645,1.15611,1.15613,1.00,1.10
2015.01.16 18:31:01.999,1.15614,1.15615,1.00,1.05
2015.01.16 18:31:02.050,1.15614,1.15615,1.00,1.50
2015.01.16 18:31:03.388,1.15613,1.15615,1.00,1.00
2015.01.16 18:31:04.046,1.15613,1.15616,1.00,1.57
2015.01.16 18:31:04.931,1.15615,1.15617,1.00,1.00
2015.01.16 18:31:05.135,1.15619,1.1562,1.50,4.50
2015.01.16 18:31:05.590,1.1562,1.15625,3.75,1.00
2015.01.16 18:31:05.793,1.15621,1.15624,1.00,1.07
2015.01.16 18:31:06.462,1.1562,1.15624,1.00,1.57
2015.01.16 18:31:09.424,1.1562,1.15624,1.00,1.87
2015.01.16 18:31:11.452,1.15619,1.15624,1.00,1.87
2015.01.16 18:31:11.654,1.15617,1.15624,3.60,2.62
2015.01.16 18:31:13.070,1.15617,1.15623,1.27,1.37
2015.01.16 18:31:13.653,1.15618,1.15623,1.00,1.37
2015.01.16 18:31:13.855,1.1562,1.15626,2.25,2.62
2015.01.16 18:31:14.396,1.15621,1.15626,1.00,2.62
2015.01.16 18:31:16.175,1.1562,1.15626,3.00,1.87
2015.01.16 18:31:17.058,1.15621,1.15626,1.00,1.87
2015.01.16 18:31:21.442,1.1562,1.15624,1.00,1.07
2015.01.16 18:31:21.695,1.15617,1.15623,3.75,1.50
2015.01.16 18:31:21.746,1.15617,1.15623,1.12,1.87
2015.01.16 18:31:22.505,1.15614,1.15621,2.31,1.45
2015.01.16 18:31:23.774,1.15614,1.15619,3.06,1.00
2015.01.16 18:31:23.876,1.15611,1.15617,1.93,1.00
2015.01.16 18:31:24.749,1.1561,1.15617,2.70,1.07
2015.01.16 18:31:25.052,1.1561,1.15617,3.45,1.07
2015.01.16 18:31:31.721,1.1561,1.15615,1.87,1.00
2015.01.16 18:31:32.637,1.1561,1.15616,1.87,2.32
2015.01.16 18:31:33.394,1.1561,1.15616,2.32,3.45
2015.01.16 18:31:34.001,1.15611,1.15616,1.00,2.70
2015.01.16 18:31:34.503,1.15611,1.15616,1.00,2.32
2015.01.16 18:31:35.322,1.1561,1.15616,4.12,2.70
2015.01.16 18:31:35.851,1.15611,1.15616,1.00,2.70
2015.01.16 18:31:36.367,1.1561,1.15616,1.00,1.20
2015.01.16 18:31:36.872,1.15609,1.15616,3.75,1.20
2015.01.16 18:31:37.442,1.1561,1.15616,1.00,1.20
2015.01.16 18:31:38.565,1.15609,1.15616,1.50,2.70
2015.01.16 18:31:39.155,1.15609,1.15614,1.50,1.00
2015.01.16 18:31:39.949,1.15609,1.15615,2.25,1.57
2015.01.16 18:31:41.744,1.1561,1.15614,1.00,1.00
2015.01.16 18:31:41.947,1.15608,1.15614,10.50,1.00
2015.01.16 18:31:42.457,1.15609,1.15613,1.00,1.00
2015.01.16 18:31:42.811,1.15609,1.15615,1.00,1.57
2015.01.16 18:31:42.862,1.15609,1.15613,1.00,1.00
2015.01.16 18:31:43.168,1.15607,1.15608,1.50,1.50
2015.01.16 18:31:43.321,1.15599,1.15606,1.00,3.37
2015.01.16 18:31:43.524,1.15597,1.15605,2.85,3.00
2015.01.16 18:31:43.929,1.15595,1.15601,1.57,1.10
2015.01.16 18:31:44.030,1.15598,1.15601,3.75,1.10
2015.01.16 18:31:44.182,1.156,1.15605,1.00,1.87
2015.01.16 18:31:44.708,1.156,1.15606,1.00,5.47
2015.01.16 18:31:45.214,1.156,1.15606,1.12,1.57
2015.01.16 18:31:45.732,1.15601,1.15607,1.50,4.12
2015.01.16 18:31:46.269,1.15601,1.15607,1.00,1.45
2015.01.16 18:31:48.410,1.15604,1.15607,1.00,1.07
2015.01.16 18:31:48.764,1.15601,1.15608,1.10,3.82
2015.01.16 18:31:49.572,1.15601,1.15608,1.00,3.37
2015.01.16 18:31:50.165,1.15601,1.15605,1.00,1.00
2015.01.16 18:31:50.334,1.15599,1.15605,1.50,1.95
2015.01.16 18:31:50.637,1.156,1.15605,2.10,1.57
2015.01.16 18:31:50.942,1.15608,1.15609,1.00,1.10
2015.01.16 18:31:51.094,1.15606,1.15609,1.57,1.00
2015.01.16 18:31:51.500,1.15603,1.15609,5.32,2.25
2015.01.16 18:31:51.652,1.15603,1.15609,5.25,2.62
2015.01.16 18:31:52.157,1.15603,1.15609,1.00,4.50
2015.01.16 18:31:52.410,1.15601,1.15608,1.50,1.87
2015.01.16 18:31:52.865,1.156,1.15602,2.62,1.00
2015.01.16 18:31:53.169,1.15595,1.15599,1.50,3.37
2015.01.16 18:31:53.422,1.15597,1.156,1.00,1.20
2015.01.16 18:31:53.928,1.15598,1.15601,1.00,1.12
2015.01.16 18:31:54.374,1.156,1.15601,1.00,1.05
2015.01.16 18:31:54.880,1.15598,1.15601,1.50,1.07
2015.01.16 18:31:55.689,1.156,1.15601,1.00,1.00
2015.01.16 18:31:55.740,1.15602,1.15605,1.00,1.12
2015.01.16 18:31:56.195,1.15603,1.15608,2.25,3.45
2015.01.16 18:31:56.719,1.15602,1.15608,1.50,4.20
2015.01.16 18:31:57.230,1.15603,1.15608,1.50,1.57
2015.01.16 18:31:57.644,1.15605,1.15608,1.00,2.32
2015.01.16 18:31:57.947,1.15603,1.15606,1.50,1.05
2015.01.16 18:31:58.049,1.15605,1.15607,1.00,1.57
2015.01.16 18:31:58.378,1.15603,1.15607,3.00,1.57
2015.01.16 18:31:58.914,1.15602,1.15607,3.07,1.50
2015.01.16 18:31:59.419,1.15604,1.15607,1.50,1.50
2015.01.16 18:32:00.610,1.15603,1.15607,1.50,1.50
2015.01.16 18:32:04.271,1.15604,1.15607,1.00,1.50
2015.01.16 18:32:04.776,1.15603,1.15607,1.00,1.50
2015.01.16 18:32:05.281,1.15604,1.15607,1.00,3.00
2015.01.16 18:32:05.585,1.15602,1.15607,1.50,1.00
2015.01.16 18:32:06.090,1.15603,1.15607,1.00,1.07
2015.01.16 18:32:07.638,1.15602,1.15607,1.50,1.07
2015.01.16 18:32:08.433,1.15601,1.15608,1.50,2.32
2015.01.16 18:32:08.949,1.15602,1.15607,1.50,1.07
2015.01.16 18:32:09.538,1.15603,1.15607,2.25,2.32
2015.01.16 18:32:14.261,1.15605,1.15607,1.00,2.32
2015.01.16 18:32:14.710,1.15605,1.15607,1.00,1.57
2015.01.16 18:32:15.288,1.15605,1.15608,1.00,1.07
2015.01.16 18:32:15.597,1.15605,1.15608,1.00,1.07
2015.01.16 18:32:17.130,1.15604,1.15608,2.25,1.95
2015.01.16 18:32:17.636,1.15605,1.15608,3.25,2.62
2015.01.16 18:32:17.941,1.1561,1.15615,3.00,6.00
2015.01.16 18:32:18.092,1.15616,1.15618,1.00,1.10
2015.01.16 18:32:18.194,1.15613,1.15618,1.50,1.57
2015.01.16 18:32:18.346,1.15611,1.15617,1.50,1.10
2015.01.16 18:32:18.562,1.15616,1.15618,1.00,1.07
2015.01.16 18:32:18.866,1.15627,1.15629,1.00,1.10
2015.01.16 18:32:18.967,1.15632,1.15633,1.00,1.10
2015.01.16 18:32:19.120,1.15631,1.15636,1.00,1.95
2015.01.16 18:32:19.322,1.15628,1.15633,1.07,6.75
2015.01.16 18:32:19.728,1.15629,1.15634,1.00,1.00
2015.01.16 18:32:20.278,1.15628,1.15636,2.25,2.70
2015.01.16 18:32:20.791,1.15629,1.15635,1.00,1.57
2015.01.16 18:32:20.842,1.15629,1.15634,1.00,1.07
2015.01.16 18:32:21.347,1.15628,1.15634,1.50,1.07
2015.01.16 18:32:21.686,1.1563,1.15634,1.50,1.57
2015.01.16 18:32:22.045,1.15633,1.15637,2.50,1.87
2015.01.16 18:32:22.197,1.15646,1.15648,1.00,2.25
2015.01.16 18:32:22.299,1.15647,1.15651,2.77,16.12
2015.01.16 18:32:22.505,1.15647,1.1565,1.00,3.37
2015.01.16 18:32:22.556,1.15644,1.15647,1.10,5.25
2015.01.16 18:32:22.760,1.15643,1.15648,2.25,1.07
2015.01.16 18:32:23.267,1.15642,1.15647,1.00,1.57
2015.01.16 18:32:23.773,1.15641,1.15647,1.00,1.07
2015.01.16 18:32:24.379,1.1564,1.15646,1.00,1.57
2015.01.16 18:32:24.508,1.15639,1.15644,1.10,1.00
2015.01.16 18:32:24.863,1.15639,1.15642,1.00,1.00
2015.01.16 18:32:25.015,1.15635,1.15639,1.00,1.12
2015.01.16 18:32:25.066,1.15633,1.15636,1.10,1.00
2015.01.16 18:32:25.925,1.15632,1.15636,1.00,1.50
2015.01.16 18:32:26.463,1.15631,1.15636,1.00,1.57
2015.01.16 18:32:27.227,1.15632,1.15636,1.00,1.57
2015.01.16 18:32:27.732,1.15631,1.15636,1.00,1.57
2015.01.16 18:32:28.421,1.15631,1.15636,1.00,1.57
2015.01.16 18:32:30.879,1.1563,1.15636,1.31,1.57
2015.01.16 18:32:31.652,1.1563,1.15636,1.00,4.47
2015.01.16 18:32:31.955,1.15627,1.15634,3.19,2.55
2015.01.16 18:32:32.168,1.15627,1.15634,6.64,1.10
2015.01.16 18:32:32.698,1.15627,1.15634,7.01,1.10
2015.01.16 18:32:33.913,1.15628,1.15635,1.69,1.95
2015.01.16 18:32:34.416,1.15628,1.15635,2.44,1.95
2015.01.16 18:32:34.965,1.15629,1.15636,1.00,4.95
2015.01.16 18:32:35.490,1.15629,1.15635,1.56,1.20
2015.01.16 18:32:38.040,1.15629,1.15633,1.56,1.00
2015.01.16 18:32:38.580,1.15629,1.15633,1.31,1.10
2015.01.16 18:32:39.159,1.15629,1.15633,1.56,1.10
2015.01.16 18:32:41.239,1.15628,1.15634,1.56,2.32
2015.01.16 18:32:41.747,1.15627,1.15634,2.25,1.57
2015.01.16 18:32:45.160,1.15627,1.15632,5.25,1.00
2015.01.16 18:32:45.666,1.15627,1.15631,7.12,1.00
2015.01.16 18:32:46.185,1.15627,1.1563,6.37,1.00
2015.01.16 18:32:46.287,1.15625,1.15627,11.89,1.00
2015.01.16 18:32:46.389,1.15624,1.15626,2.25,1.12
2015.01.16 18:32:46.440,1.15624,1.15626,1.00,2.62
2015.01.16 18:32:46.491,1.15624,1.15626,1.00,2.62
2015.01.16 18:32:46.543,1.15618,1.15621,2.25,1.00
2015.01.16 18:32:47.070,1.15618,1.15622,1.50,1.00
2015.01.16 18:32:47.475,1.15623,1.15625,1.00,3.75
2015.01.16 18:32:47.779,1.15633,1.15637,1.50,5.24
2015.01.16 18:32:47.830,1.15633,1.1564,1.50,1.00
2015.01.16 18:32:47.881,1.15636,1.1564,1.50,1.00
2015.01.16 18:32:47.982,1.15633,1.15641,2.25,2.25
2015.01.16 18:32:48.033,1.15635,1.15639,1.00,1.00
2015.01.16 18:32:48.236,1.15635,1.15641,1.00,1.50
2015.01.16 18:32:48.337,1.15633,1.15641,2.25,2.25
2015.01.16 18:32:48.590,1.15633,1.15637,1.50,1.00
2015.01.16 18:32:49.792,1.15633,1.15638,1.50,1.00
2015.01.16 18:32:50.856,1.15631,1.15638,3.37,1.00
2015.01.16 18:32:50.957,1.15631,1.15637,2.32,1.00
2015.01.16 18:32:52.186,1.1563,1.15637,6.82,2.25
2015.01.16 18:32:52.728,1.15629,1.15636,3.64,1.00
2015.01.16 18:32:53.032,1.15629,1.15633,1.50,1.00
2015.01.16 18:32:54.751,1.15627,1.15634,4.20,1.00
2015.01.16 18:32:58.490,1.15627,1.15632,6.30,1.00
2015.01.16 18:32:59.033,1.15627,1.15633,6.30,1.00
2015.01.16 18:33:03.847,1.15627,1.15628,2.25,1.00
2015.01.16 18:33:04.049,1.15623,1.15627,1.00,1.50
2015.01.16 18:33:04.151,1.15623,1.15629,1.10,2.70
2015.01.16 18:33:04.201,1.15627,1.15629,1.00,1.57
2015.01.16 18:33:04.404,1.1563,1.15635,1.00,2.62
2015.01.16 18:33:04.506,1.1563,1.15635,1.00,1.10
2015.01.16 18:33:08.604,1.15629,1.15635,1.10,1.10
2015.01.16 18:33:09.132,1.15629,1.15635,1.00,1.07
2015.01.16 18:33:09.335,1.15627,1.15634,2.32,1.10
2015.01.16 18:33:09.689,1.15625,1.15632,2.32,1.12
2015.01.16 18:33:09.993,1.15624,1.15628,1.00,1.00
2015.01.16 18:33:10.972,1.15624,1.15628,1.00,1.07
2015.01.16 18:33:11.326,1.15622,1.15628,1.00,3.45
2015.01.16 18:33:11.782,1.1562,1.15626,1.31,1.57
2015.01.16 18:33:14.749,1.15622,1.15626,1.00,1.57
2015.01.16 18:33:15.416,1.1562,1.15626,3.56,1.57
2015.01.16 18:33:16.830,1.15622,1.15626,1.00,1.57
2015.01.16 18:33:17.630,1.1562,1.15626,1.00,1.57
2015.01.16 18:33:17.934,1.15623,1.15627,1.00,1.50
2015.01.16 18:33:18.035,1.1562,1.15626,1.00,1.57
2015.01.16 18:33:18.289,1.15618,1.15626,3.07,1.57
2015.01.16 18:33:18.391,1.15622,1.15626,1.00,1.57
2015.01.16 18:33:20.807,1.15623,1.15626,1.00,1.50
2015.01.16 18:33:21.345,1.15623,1.15626,1.00,1.57
2015.01.16 18:33:21.446,1.15621,1.15626,1.00,1.57
2015.01.16 18:33:21.547,1.15623,1.15626,1.00,1.50
2015.01.16 18:33:21.901,1.1562,1.15626,1.00,1.57
2015.01.16 18:33:23.768,1.15622,1.15628,1.50,2.55
2015.01.16 18:33:23.920,1.15625,1.15627,1.00,1.50
2015.01.16 18:33:23.971,1.15621,1.15623,2.25,1.50
2015.01.16 18:33:24.022,1.15621,1.15623,1.00,1.50
2015.01.16 18:33:24.173,1.15619,1.15624,1.00,2.62
2015.01.16 18:33:24.821,1.15618,1.15622,1.00,1.57
2015.01.16 18:33:24.872,1.15617,1.15622,1.00,1.57
2015.01.16 18:33:24.973,1.15618,1.1562,1.00,1.50
2015.01.16 18:33:25.344,1.15618,1.15623,1.00,1.07
2015.01.16 18:33:25.850,1.15619,1.15623,1.00,1.07
2015.01.16 18:33:26.205,1.15621,1.15623,1.00,1.00
2015.01.16 18:33:26.711,1.15622,1.15623,1.00,1.00
2015.01.16 18:33:27.577,1.15617,1.15623,1.00,1.07
2015.01.16 18:33:28.092,1.1562,1.15623,1.00,1.07
2015.01.16 18:33:28.143,1.15618,1.15623,1.00,1.07
2015.01.16 18:33:28.396,1.1562,1.15623,1.00,1.07
2015.01.16 18:33:28.498,1.15619,1.15623,1.00,1.07
2015.01.16 18:33:29.004,1.15619,1.15623,1.00,1.07
2015.01.16 18:33:29.156,1.15617,1.15623,1.00,1.07
2015.01.16 18:33:29.362,1.15616,1.15618,1.00,1.00
2015.01.16 18:33:30.576,1.15615,1.15618,1.00,1.57
2015.01.16 18:33:30.931,1.1561,1.15616,2.70,2.25
2015.01.16 18:33:31.234,1.15614,1.15618,1.00,1.07
2015.01.16 18:33:31.285,1.15614,1.15619,1.50,1.50
2015.01.16 18:33:31.437,1.15616,1.1562,3.75,2.32
2015.01.16 18:33:31.791,1.15613,1.15618,1.10,1.00
2015.01.16 18:33:32.095,1.15613,1.15617,1.00,2.32
2015.01.16 18:33:32.247,1.15609,1.15617,2.70,2.32
2015.01.16 18:33:32.752,1.15609,1.15617,1.95,2.32
2015.01.16 18:33:33.407,1.15608,1.15615,1.57,1.50
2015.01.16 18:33:33.559,1.15608,1.15615,2.32,1.57
2015.01.16 18:33:33.762,1.15608,1.15615,2.32,1.57
2015.01.16 18:33:33.812,1.1561,1.15615,1.00,1.57
2015.01.16 18:33:34.859,1.1561,1.15617,1.00,1.57
2015.01.16 18:33:37.735,1.15619,1.15621,1.50,1.12
2015.01.16 18:33:37.838,1.1562,1.15625,1.00,1.87
2015.01.16 18:33:37.939,1.1562,1.15626,1.50,2.70
2015.01.16 18:33:38.798,1.15619,1.15625,1.50,2.32
2015.01.16 18:33:38.899,1.15619,1.15625,1.50,3.75
2015.01.16 18:33:39.416,1.15618,1.15625,1.50,1.12
2015.01.16 18:33:39.921,1.15619,1.15625,1.50,1.50
2015.01.16 18:33:40.224,1.15623,1.15626,1.00,1.57
2015.01.16 18:33:40.629,1.15622,1.15626,1.00,1.57
2015.01.16 18:33:41.134,1.15619,1.15621,1.00,1.00
2015.01.16 18:33:41.237,1.1562,1.15622,1.10,1.00
2015.01.16 18:33:41.339,1.15617,1.15622,1.00,1.12
2015.01.16 18:33:41.642,1.15619,1.15623,1.00,2.17
2015.01.16 18:33:41.946,1.15617,1.1562,1.00,3.82
2015.01.16 18:33:42.251,1.15618,1.15625,1.50,7.12
2015.01.16 18:33:42.399,1.15618,1.1562,1.00,3.07
2015.01.16 18:33:42.555,1.15621,1.15624,1.00,1.67
2015.01.16 18:33:42.656,1.15621,1.15625,1.50,1.50
2015.01.16 18:33:42.707,1.15624,1.15627,1.00,1.37
2015.01.16 18:33:42.759,1.15622,1.15627,1.00,1.12
2015.01.16 18:33:43.113,1.15624,1.15627,1.00,1.07
2015.01.16 18:33:44.650,1.15621,1.15623,1.50,1.00
2015.01.16 18:33:44.751,1.15618,1.15621,1.00,1.00
2015.01.16 18:33:44.852,1.15617,1.15619,1.00,1.10
2015.01.16 18:33:44.903,1.15616,1.15618,1.00,1.00
2015.01.16 18:33:45.106,1.15612,1.15618,1.00,1.87
2015.01.16 18:33:45.207,1.15612,1.15618,1.00,1.57
2015.01.16 18:33:45.713,1.1561,1.15616,5.82,1.00
2015.01.16 18:33:45.764,1.15614,1.15616,1.00,1.50
2015.01.16 18:33:45.967,1.1561,1.15616,1.69,1.57
2015.01.16 18:33:46.473,1.15613,1.15616,1.00,1.50
2015.01.16 18:33:48.162,1.15612,1.15614,1.00,1.20
2015.01.16 18:33:49.225,1.1561,1.15615,1.60,2.70
2015.01.16 18:33:49.580,1.15613,1.15615,1.50,1.07
2015.01.16 18:33:49.682,1.15615,1.15618,3.00,1.57
2015.01.16 18:33:49.733,1.15616,1.15618,1.00,1.57
2015.01.16 18:33:50.038,1.15623,1.15626,1.00,2.32
2015.01.16 18:33:50.948,1.15624,1.15627,1.00,1.50
2015.01.16 18:33:51.477,1.15624,1.15627,1.00,2.32
2015.01.16 18:33:52.017,1.15623,1.15626,1.00,3.00
2015.01.16 18:33:52.351,1.15618,1.15622,2.32,1.00
2015.01.16 18:33:52.453,1.15614,1.15617,1.80,1.50
2015.01.16 18:33:52.554,1.15615,1.15618,1.00,1.20
2015.01.16 18:33:52.605,1.15616,1.15618,1.00,1.20
2015.01.16 18:33:52.909,1.15617,1.1562,1.00,2.25
2015.01.16 18:33:53.434,1.15615,1.15619,1.00,3.82
2015.01.16 18:33:53.689,1.15616,1.15619,1.00,2.70
2015.01.16 18:33:54.629,1.15614,1.15619,1.00,2.32
2015.01.16 18:33:54.782,1.15614,1.15618,1.00,1.45
2015.01.16 18:33:55.246,1.15615,1.15618,1.00,1.12
2015.01.16 18:33:55.347,1.15614,1.15617,1.50,1.45
2015.01.16 18:33:55.854,1.15613,1.15619,1.00,6.75
2015.01.16 18:33:56.667,1.15614,1.15619,1.00,6.75
2015.01.16 18:33:57.507,1.15617,1.15619,1.00,3.75
2015.01.16 18:33:57.711,1.15617,1.15623,5.70,1.75
2015.01.16 18:33:57.863,1.15618,1.15624,1.57,1.57
2015.01.16 18:33:57.964,1.15622,1.15626,1.00,1.07
2015.01.16 18:33:58.470,1.15623,1.15626,1.00,1.07
2015.01.16 18:33:59.617,1.15624,1.15626,1.00,1.00
2015.01.16 18:34:00.133,1.15624,1.15626,1.00,1.10
2015.01.16 18:34:00.437,1.15625,1.1563,1.00,1.95
2015.01.16 18:34:01.019,1.15626,1.1563,1.00,2.40
2015.01.16 18:34:02.061,1.15626,1.1563,1.00,1.95
2015.01.16 18:34:02.112,1.15626,1.1563,1.50,1.12
2015.01.16 18:34:02.163,1.1563,1.15632,1.00,1.50
2015.01.16 18:34:02.265,1.1563,1.15633,1.00,1.80
2015.01.16 18:34:02.720,1.15626,1.15632,3.75,1.07
2015.01.16 18:34:02.822,1.15628,1.1563,1.00,1.20
2015.01.16 18:34:03.025,1.15628,1.15631,1.00,1.37
2015.01.16 18:34:03.126,1.15631,1.15634,1.00,1.07
2015.01.16 18:34:03.228,1.15633,1.15636,1.00,1.50
2015.01.16 18:34:04.446,1.15632,1.15635,1.00,3.45
2015.01.16 18:34:04.954,1.15628,1.15634,1.50,1.57
2015.01.16 18:34:05.465,1.15628,1.15634,1.50,1.57
2015.01.16 18:34:07.266,1.15628,1.15634,1.50,3.45
2015.01.16 18:34:07.368,1.15628,1.15633,1.00,1.57
2015.01.16 18:34:07.419,1.15629,1.15632,1.00,1.57
2015.01.16 18:34:07.521,1.15625,1.15632,1.57,1.12
2015.01.16 18:34:08.027,1.15625,1.15633,1.57,1.57
2015.01.16 18:34:08.836,1.15631,1.15635,1.00,1.87
2015.01.16 18:34:09.155,1.15628,1.15635,1.00,1.57
2015.01.16 18:34:12.067,1.15634,1.15636,1.00,1.80
2015.01.16 18:34:12.272,1.15638,1.15641,1.50,2.57
2015.01.16 18:34:12.324,1.15644,1.15646,1.00,8.22
2015.01.16 18:34:12.374,1.15645,1.15647,1.00,1.57
2015.01.16 18:34:12.628,1.15648,1.15653,1.50,1.12
2015.01.16 18:34:12.679,1.1565,1.15653,1.00,1.00
2015.01.16 18:34:12.982,1.15653,1.15655,1.00,2.70
2015.01.16 18:34:13.084,1.15652,1.15654,1.00,1.00
2015.01.16 18:34:13.590,1.15647,1.15652,4.27,1.00
2015.01.16 18:34:14.096,1.15647,1.15652,2.25,1.00
2015.01.16 18:34:14.808,1.1565,1.15652,1.00,1.00
2015.01.16 18:34:15.374,1.15651,1.15654,1.00,1.57
2015.01.16 18:34:15.798,1.1565,1.15652,1.00,1.00
2015.01.16 18:34:16.253,1.15647,1.15649,1.00,1.12
2015.01.16 18:34:16.355,1.15646,1.15648,1.00,1.50
2015.01.16 18:34:16.559,1.15645,1.15646,4.50,1.00
2015.01.16 18:34:17.065,1.15644,1.15646,1.00,1.50
2015.01.16 18:34:17.572,1.15639,1.15646,1.19,1.57
2015.01.16 18:34:18.467,1.15638,1.15646,2.52,1.57
2015.01.16 18:34:18.871,1.15639,1.15646,1.19,1.57
2015.01.16 18:34:19.226,1.15643,1.15646,1.00,2.62
2015.01.16 18:34:19.467,1.1564,1.15642,1.00,2.85
2015.01.16 18:34:19.519,1.15637,1.15638,1.00,1.00
2015.01.16 18:34:19.571,1.15633,1.15636,1.80,1.50
2015.01.16 18:34:19.622,1.15633,1.15636,1.00,2.25
2015.01.16 18:34:19.723,1.15632,1.15636,1.00,2.32
2015.01.16 18:34:20.482,1.15628,1.15636,2.35,1.87
2015.01.16 18:34:21.190,1.15632,1.15636,1.00,1.87
2015.01.16 18:34:22.629,1.1563,1.15635,1.00,5.17
2015.01.16 18:34:23.134,1.15629,1.15631,1.00,1.00
2015.01.16 18:34:23.185,1.15626,1.1563,1.52,3.00
2015.01.16 18:34:23.236,1.15625,1.15629,1.00,1.00
2015.01.16 18:34:23.287,1.15627,1.15629,1.50,1.00
2015.01.16 18:34:23.591,1.1563,1.15635,1.00,2.25
2015.01.16 18:34:23.896,1.15636,1.15638,1.00,2.92
2015.01.16 18:34:23.949,1.15635,1.15639,1.50,1.67
2015.01.16 18:34:24.101,1.15636,1.15642,1.52,2.25
2015.01.16 18:34:24.253,1.15634,1.15642,1.50,3.75
2015.01.16 18:34:24.305,1.15636,1.15642,1.00,3.75
2015.01.16 18:34:24.508,1.15634,1.1564,1.50,1.57
2015.01.16 18:34:24.710,1.15634,1.15638,1.60,1.00
2015.01.16 18:34:24.913,1.15655,1.15658,1.00,1.12
2015.01.16 18:34:24.964,1.15653,1.15657,1.00,1.12
2015.01.16 18:34:25.015,1.15653,1.15655,1.00,1.00
2015.01.16 18:34:25.318,1.15649,1.15652,1.07,1.00
2015.01.16 18:34:25.369,1.15649,1.15655,1.07,3.30
2015.01.16 18:34:25.471,1.15652,1.15655,1.00,2.55
2015.01.16 18:34:25.643,1.1565,1.15653,1.10,1.00
2015.01.16 18:34:25.694,1.1565,1.15653,1.57,1.00
2015.01.16 18:34:25.796,1.1565,1.15655,1.57,1.65
2015.01.16 18:34:26.251,1.15648,1.15655,1.57,3.37
2015.01.16 18:34:26.707,1.15647,1.15652,4.35,1.50
2015.01.16 18:34:26.942,1.15642,1.15649,2.32,1.20
2015.01.16 18:34:27.346,1.15642,1.15645,1.00,1.00
2015.01.16 18:34:27.656,1.1563,1.15633,4.50,2.10
2015.01.16 18:34:27.709,1.15625,1.15629,1.07,1.87
2015.01.16 18:34:27.761,1.15624,1.15627,1.10,1.00
2015.01.16 18:34:27.964,1.1562,1.15623,3.45,1.00
2015.01.16 18:34:28.116,1.1562,1.15625,2.62,1.00
2015.01.16 18:34:28.622,1.1562,1.15624,1.00,1.00
2015.01.16 18:34:29.138,1.15619,1.15624,1.68,1.00
2015.01.16 18:34:29.240,1.15616,1.1562,2.73,1.50
2015.01.16 18:34:29.443,1.15614,1.15619,1.57,1.00
2015.01.16 18:34:29.669,1.15615,1.15622,1.00,1.57
2015.01.16 18:34:30.126,1.15617,1.15624,1.00,3.00
2015.01.16 18:34:31.062,1.15618,1.15624,1.00,2.62
2015.01.16 18:34:31.266,1.15621,1.15627,1.50,1.57
2015.01.16 18:34:31.774,1.15622,1.15629,1.00,1.95
2015.01.16 18:34:32.844,1.15621,1.15629,3.07,2.70
2015.01.16 18:34:33.848,1.15623,1.15629,1.00,1.57
2015.01.16 18:34:36.778,1.15626,1.15629,1.00,1.87
2015.01.16 18:34:36.931,1.15625,1.15631,1.50,2.25
2015.01.16 18:34:36.982,1.15625,1.15631,1.50,1.57
2015.01.16 18:34:37.488,1.15624,1.15631,1.10,1.57
2015.01.16 18:34:38.009,1.15624,1.15631,1.00,2.32
2015.01.16 18:34:38.415,1.15622,1.15629,1.10,3.07
2015.01.16 18:34:38.466,1.15622,1.15626,1.10,1.00
2015.01.16 18:34:39.817,1.15623,1.15626,1.00,1.50
2015.01.16 18:34:40.659,1.15621,1.15626,1.50,1.00
2015.01.16 18:34:41.165,1.15621,1.15628,1.00,1.57
2015.01.16 18:34:41.674,1.15622,1.15628,1.00,1.57
2015.01.16 18:34:42.979,1.1562,1.15625,6.37,1.00
2015.01.16 18:34:43.282,1.15617,1.15622,6.37,2.25
2015.01.16 18:34:43.586,1.15617,1.15622,3.52,1.95
2015.01.16 18:34:45.544,1.15614,1.15617,1.00,1.00
2015.01.16 18:34:45.646,1.15614,1.15616,1.00,1.00
2015.01.16 18:34:45.952,1.1561,1.15616,1.95,2.25
2015.01.16 18:34:46.477,1.1561,1.15615,1.50,1.50
2015.01.16 18:34:47.150,1.1561,1.15616,2.25,3.07
2015.01.16 18:34:47.758,1.1561,1.15615,2.25,1.00
2015.01.16 18:34:48.364,1.15609,1.15615,2.32,1.00
2015.01.16 18:34:48.870,1.1561,1.15615,1.00,1.10
2015.01.16 18:34:52.831,1.1561,1.15616,3.00,1.50
2015.01.16 18:34:53.337,1.1561,1.15617,5.25,1.00
2015.01.16 18:34:53.846,1.1561,1.15617,4.57,1.10
2015.01.16 18:34:53.998,1.1561,1.15613,3.82,1.00
2015.01.16 18:34:54.150,1.15605,1.15609,9.82,1.50
2015.01.16 18:34:54.201,1.15605,1.15606,9.00,1.00
2015.01.16 18:34:54.251,1.15599,1.15606,1.57,1.00
2015.01.16 18:34:54.353,1.15602,1.15606,1.00,1.00
2015.01.16 18:34:54.455,1.15599,1.15606,1.50,1.07
2015.01.16 18:34:54.961,1.15598,1.15605,1.10,1.57
2015.01.16 18:34:58.767,1.15599,1.15605,1.50,2.32
2015.01.16 18:34:59.286,1.15599,1.15605,1.00,4.87
2015.01.16 18:34:59.666,1.15597,1.15604,5.06,1.07
2015.01.16 18:35:00.277,1.15598,1.15605,1.00,3.34
2015.01.16 18:35:00.783,1.15598,1.15605,1.50,3.04
2015.01.16 18:35:01.292,1.15599,1.15605,1.00,1.57
2015.01.16 18:35:01.445,1.15599,1.15601,1.00,1.50
2015.01.16 18:35:01.547,1.15597,1.15601,1.50,1.00
2015.01.16 18:35:01.598,1.15599,1.15601,1.00,1.00
2015.01.16 18:35:01.699,1.15597,1.15601,6.00,1.00
2015.01.16 18:35:02.263,1.15598,1.15601,1.00,1.00
2015.01.16 18:35:02.768,1.15597,1.156,3.75,1.20
2015.01.16 18:35:05.175,1.15597,1.15601,2.81,1.95
2015.01.16 18:35:06.128,1.15599,1.15601,1.00,1.00
2015.01.16 18:35:06.229,1.15597,1.15601,1.39,2.25
2015.01.16 18:35:06.382,1.15595,1.15601,3.56,1.57
2015.01.16 18:35:06.887,1.15595,1.15599,2.02,1.10
2015.01.16 18:35:07.536,1.15595,1.15599,2.02,2.92
2015.01.16 18:35:07.803,1.15597,1.15601,1.50,1.57
2015.01.16 18:35:08.663,1.15597,1.15601,3.37,1.95
2015.01.16 18:35:08.966,1.15597,1.15601,4.87,1.57
2015.01.16 18:35:09.739,1.15597,1.156,4.87,1.00
2015.01.16 18:35:11.169,1.15597,1.15599,4.87,1.00
2015.01.16 18:35:11.372,1.15599,1.15601,1.50,3.07
2015.01.16 18:35:11.525,1.15597,1.15604,4.20,1.07
2015.01.16 18:35:11.627,1.15599,1.15602,1.00,1.50
2015.01.16 18:35:12.040,1.15599,1.156,1.00,1.00
2015.01.16 18:35:12.348,1.15599,1.15602,1.00,1.10
2015.01.16 18:35:12.602,1.15597,1.15605,12.75,1.87
2015.01.16 18:35:12.653,1.15598,1.15605,1.00,1.57
2015.01.16 18:35:12.705,1.15598,1.15605,1.00,1.57
2015.01.16 18:35:17.208,1.15598,1.15605,1.00,3.07
2015.01.16 18:35:17.714,1.15598,1.15605,1.00,3.07
2015.01.16 18:35:18.712,1.15597,1.15602,4.20,1.50
2015.01.16 18:35:18.764,1.156,1.15602,1.00,1.50
2015.01.16 18:35:18.867,1.15598,1.15603,1.00,1.10
2015.01.16 18:35:19.374,1.15598,1.15606,2.62,2.32
2015.01.16 18:35:19.879,1.15598,1.15603,1.12,2.25
2015.01.16 18:35:20.183,1.15594,1.15599,7.50,1.50
2015.01.16 18:35:20.690,1.15591,1.15599,1.57,1.57
2015.01.16 18:35:20.994,1.15591,1.15594,1.07,1.50
2015.01.16 18:35:21.095,1.15589,1.15591,1.87,1.00
2015.01.16 18:35:21.198,1.15591,1.15594,1.00,1.50
2015.01.16 18:35:21.300,1.15592,1.15594,1.00,1.50
2015.01.16 18:35:21.402,1.15591,1.15593,1.00,1.00
2015.01.16 18:35:21.756,1.15593,1.15595,1.00,1.50
2015.01.16 18:35:22.282,1.1559,1.15594,1.00,1.57
2015.01.16 18:35:22.988,1.15587,1.15592,4.95,1.00
2015.01.16 18:35:23.039,1.15589,1.15592,1.00,2.25
2015.01.16 18:35:23.292,1.15587,1.15592,4.87,1.57
2015.01.16 18:35:23.396,1.15589,1.15592,1.00,2.25
2015.01.16 18:35:23.901,1.15589,1.1559,1.00,1.00
2015.01.16 18:35:23.952,1.15587,1.1559,4.12,1.50
2015.01.16 18:35:24.458,1.15586,1.15591,1.56,1.50
2015.01.16 18:35:24.721,1.1559,1.15592,1.00,1.00
2015.01.16 18:35:24.824,1.15587,1.15592,4.27,1.07
2015.01.16 18:35:25.129,1.15587,1.15592,5.10,1.00
2015.01.16 18:35:25.230,1.1559,1.15592,1.00,1.00
2015.01.16 18:35:25.383,1.15587,1.15592,4.27,1.00
2015.01.16 18:35:25.485,1.15587,1.1559,2.77,1.00
2015.01.16 18:35:25.587,1.15584,1.1559,1.07,2.25
2015.01.16 18:35:25.639,1.15584,1.15587,1.00,1.00
2015.01.16 18:35:26.465,1.15585,1.15587,1.00,1.50
2015.01.16 18:35:26.970,1.15584,1.15587,1.00,1.50
2015.01.16 18:35:27.644,1.15585,1.15587,1.00,1.50
2015.01.16 18:35:28.228,1.15584,1.15587,1.00,1.50
2015.01.16 18:35:28.481,1.15581,1.15585,1.00,1.50
2015.01.16 18:35:28.987,1.1558,1.15585,1.00,2.32
2015.01.16 18:35:29.518,1.15579,1.15585,1.57,1.57
2015.01.16 18:35:30.686,1.15579,1.15584,1.57,1.00
2015.01.16 18:35:30.737,1.15579,1.15582,1.57,1.00
2015.01.16 18:35:32.932,1.15578,1.15582,1.00,1.50
2015.01.16 18:35:34.623,1.15574,1.15575,2.25,1.00
2015.01.16 18:35:34.887,1.1557,1.15572,1.04,1.50
2015.01.16 18:35:35.039,1.15567,1.1557,3.07,1.00
2015.01.16 18:35:35.090,1.15567,1.1557,9.82,1.50
2015.01.16 18:35:35.293,1.15566,1.1557,1.50,1.87
2015.01.16 18:35:36.360,1.15568,1.1557,1.00,1.80
2015.01.16 18:35:36.513,1.15568,1.1557,1.00,1.50
2015.01.16 18:35:36.665,1.15568,1.15572,1.00,1.50
2015.01.16 18:35:37.125,1.15572,1.15574,1.00,1.00
2015.01.16 18:35:37.635,1.15572,1.15574,1.00,1.00
2015.01.16 18:35:37.960,1.1557,1.15574,3.37,1.00
2015.01.16 18:35:38.264,1.15577,1.15578,2.02,3.30
2015.01.16 18:35:38.365,1.15577,1.15578,3.52,1.00
2015.01.16 18:35:38.466,1.15575,1.15577,2.32,1.50
2015.01.16 18:35:38.517,1.15574,1.15575,1.00,1.00
2015.01.16 18:35:38.619,1.15572,1.15575,1.00,1.50
2015.01.16 18:35:38.720,1.15571,1.15572,1.00,1.00
2015.01.16 18:35:39.332,1.1557,1.15572,1.00,1.50
2015.01.16 18:35:39.878,1.15569,1.15572,1.00,1.50
2015.01.16 18:35:40.407,1.15568,1.15572,1.00,1.50
2015.01.16 18:35:40.711,1.15562,1.15565,1.00,1.50
2015.01.16 18:35:42.178,1.15564,1.15565,1.00,1.10
2015.01.16 18:35:42.330,1.15564,1.15567,1.00,1.57
2015.01.16 18:35:43.291,1.15563,1.15567,1.00,1.57
2015.01.16 18:35:43.797,1.15562,1.15569,1.00,1.07
2015.01.16 18:35:44.329,1.15561,1.15567,1.10,1.57
2015.01.16 18:35:44.887,1.15561,1.15565,1.10,1.00
2015.01.16 18:35:45.394,1.15559,1.15565,1.07,1.50
2015.01.16 18:35:45.900,1.15559,1.15567,2.25,2.32
2015.01.16 18:35:46.204,1.15557,1.15563,11.25,1.00
2015.01.16 18:35:46.508,1.15567,1.1557,2.81,1.57
2015.01.16 18:35:46.609,1.15567,1.1557,1.00,1.10
2015.01.16 18:35:46.711,1.15566,1.15568,1.00,1.00
2015.01.16 18:35:47.065,1.15563,1.15568,2.25,1.07
2015.01.16 18:35:47.571,1.15563,1.15569,3.00,1.07
2015.01.16 18:35:48.076,1.15562,1.15568,1.57,4.57
2015.01.16 18:35:48.281,1.1556,1.15566,6.00,1.50
2015.01.16 18:35:48.769,1.15565,1.15568,1.00,3.07
2015.01.16 18:35:49.073,1.15567,1.15568,2.06,1.00
2015.01.16 18:35:49.125,1.15567,1.15571,2.06,1.07
2015.01.16 18:35:49.580,1.15567,1.15572,2.06,1.10
2015.01.16 18:35:49.682,1.15569,1.15572,1.00,1.10
2015.01.16 18:35:50.472,1.1557,1.15574,1.00,1.57
2015.01.16 18:35:50.877,1.15567,1.15569,2.14,1.37
2015.01.16 18:35:50.928,1.15567,1.15569,2.14,1.37
2015.01.16 18:35:51.383,1.15565,1.15568,1.12,1.37
2015.01.16 18:35:51.486,1.15562,1.15567,1.50,1.12
2015.01.16 18:35:52.142,1.15562,1.15567,1.50,1.95
2015.01.16 18:35:52.243,1.1556,1.15566,5.25,1.57
2015.01.16 18:35:52.446,1.15563,1.15566,1.00,1.57
2015.01.16 18:35:52.819,1.15567,1.15569,2.81,1.00
2015.01.16 18:35:52.870,1.15562,1.15565,3.37,1.50
2015.01.16 18:35:53.174,1.1556,1.15565,1.00,1.50
2015.01.16 18:35:53.377,1.15558,1.15565,2.25,1.50
2015.01.16 18:35:53.479,1.15558,1.15563,1.50,1.50
2015.01.16 18:35:55.409,1.15559,1.15563,1.00,1.50
2015.01.16 18:35:57.803,1.15559,1.15565,1.00,1.50
2015.01.16 18:35:58.466,1.15561,1.15565,1.00,1.50
2015.01.16 18:35:59.755,1.15557,1.15565,12.07,1.50
2015.01.16 18:36:00.318,1.15559,1.15565,1.00,1.50
2015.01.16 18:36:00.716,1.15559,1.15565,1.12,1.50
2015.01.16 18:36:03.502,1.15557,1.15563,12.00,1.00
2015.01.16 18:36:03.705,1.15557,1.15564,10.57,1.50
2015.01.16 18:36:03.879,1.15557,1.15561,9.37,1.50
2015.01.16 18:36:04.031,1.15557,1.15559,3.64,1.00
2015.01.16 18:36:04.543,1.15557,1.15561,2.06,1.20
2015.01.16 18:36:05.200,1.15557,1.15559,2.06,2.25
2015.01.16 18:36:05.251,1.15555,1.15559,1.10,5.62
2015.01.16 18:36:05.762,1.15554,1.1556,1.10,1.20
2015.01.16 18:36:06.890,1.15554,1.15559,1.00,5.70
2015.01.16 18:36:07.671,1.15553,1.15559,1.57,5.32
2015.01.16 18:36:07.975,1.1555,1.15557,3.45,1.57
2015.01.16 18:36:08.494,1.15549,1.15555,1.57,1.57
2015.01.16 18:36:09.003,1.1555,1.15555,1.00,1.57
2015.01.16 18:36:10.331,1.15549,1.15555,1.10,1.57
2015.01.16 18:36:10.534,1.15552,1.15558,1.50,1.37
2015.01.16 18:36:10.636,1.1555,1.15558,4.95,2.62
2015.01.16 18:36:10.737,1.1555,1.15558,4.20,2.25
2015.01.16 18:36:11.243,1.15552,1.15558,1.50,1.00
2015.01.16 18:36:11.850,1.15552,1.15559,1.50,1.10
2015.01.16 18:36:12.320,1.15556,1.15559,1.50,1.10
2015.01.16 18:36:12.573,1.15557,1.15563,2.25,1.57
2015.01.16 18:36:13.382,1.1556,1.15563,1.00,1.57
2015.01.16 18:36:13.873,1.15557,1.15561,3.75,1.87
2015.01.16 18:36:13.924,1.15557,1.15561,3.75,1.87
2015.01.16 18:36:14.160,1.15553,1.1556,1.10,1.45
2015.01.16 18:36:14.313,1.15555,1.15559,1.00,1.20
2015.01.16 18:36:14.618,1.15559,1.15564,1.00,1.50
2015.01.16 18:36:14.669,1.15559,1.15564,1.00,1.07
2015.01.16 18:36:15.378,1.15558,1.15564,4.57,1.07
2015.01.16 18:36:15.884,1.15559,1.15565,2.25,1.57
2015.01.16 18:36:19.372,1.15558,1.15565,6.07,1.57
2015.01.16 18:36:19.883,1.15559,1.15565,1.00,1.57
2015.01.16 18:36:20.345,1.15563,1.15567,1.00,2.25
2015.01.16 18:36:21.895,1.1556,1.15567,3.00,2.25
2015.01.16 18:36:22.422,1.1556,1.15567,3.00,4.87
2015.01.16 18:36:24.028,1.15561,1.15567,1.00,5.62
2015.01.16 18:36:24.185,1.15563,1.15567,1.00,5.62
2015.01.16 18:36:24.287,1.1556,1.15567,4.12,6.37
2015.01.16 18:36:24.806,1.1556,1.15567,4.37,6.37
2015.01.16 18:36:25.231,1.15557,1.15565,9.07,2.32
2015.01.16 18:36:25.333,1.15557,1.15564,9.07,1.07
2015.01.16 18:36:30.284,1.15557,1.15563,1.57,1.47
2015.01.16 18:36:30.386,1.15555,1.15561,1.87,2.70
2015.01.16 18:36:30.538,1.15553,1.15561,3.07,3.00
2015.01.16 18:36:31.463,1.15553,1.15558,1.00,1.50
2015.01.16 18:36:34.235,1.15555,1.15558,2.25,1.50
2015.01.16 18:36:34.539,1.15557,1.1556,2.77,1.47
2015.01.16 18:36:35.722,1.15556,1.1556,2.81,1.47
2015.01.16 18:36:36.249,1.15556,1.15561,2.81,1.95
2015.01.16 18:36:36.553,1.15557,1.15558,2.06,2.25
2015.01.16 18:36:36.654,1.15552,1.15555,1.07,1.50
2015.01.16 18:36:36.937,1.15552,1.15555,1.00,1.50
2015.01.16 18:36:36.990,1.15553,1.15558,1.00,1.57
2015.01.16 18:36:37.193,1.15553,1.15555,1.10,1.50
2015.01.16 18:36:37.345,1.15551,1.15555,1.00,1.50
2015.01.16 18:36:41.875,1.15552,1.15555,1.00,1.50
2015.01.16 18:36:42.129,1.1555,1.15555,1.00,3.00
2015.01.16 18:36:42.230,1.1555,1.15553,1.00,1.00
2015.01.16 18:36:42.281,1.15548,1.15553,1.10,1.00
2015.01.16 18:36:42.687,1.15554,1.15557,3.25,2.25
2015.01.16 18:36:42.788,1.15554,1.15555,3.00,2.25
2015.01.16 18:36:42.839,1.15554,1.15555,5.25,1.50
2015.01.16 18:36:42.992,1.15547,1.15554,9.07,2.70
2015.01.16 18:36:43.093,1.15547,1.15551,8.25,1.00
2015.01.16 18:36:43.347,1.15547,1.15555,9.00,4.05
2015.01.16 18:36:43.398,1.1555,1.15555,1.00,3.30
2015.01.16 18:36:43.703,1.15553,1.15555,1.00,1.00
2015.01.16 18:36:43.956,1.15555,1.1556,1.00,4.87
2015.01.16 18:36:44.492,1.15555,1.1556,1.00,1.95
2015.01.16 18:36:49.152,1.15554,1.1556,2.25,2.22
2015.01.16 18:36:51.010,1.15556,1.15559,1.00,1.10
2015.01.16 18:36:51.516,1.15557,1.1556,1.00,1.20
2015.01.16 18:36:51.819,1.15559,1.15561,1.00,1.00
2015.01.16 18:36:52.325,1.15559,1.15561,1.50,1.37
2015.01.16 18:36:52.732,1.1556,1.15563,1.00,1.00
2015.01.16 18:36:53.238,1.1556,1.15564,1.00,1.10
2015.01.16 18:36:54.189,1.1556,1.15566,1.00,1.20
2015.01.16 18:36:54.646,1.15559,1.15563,2.25,1.00
2015.01.16 18:36:54.950,1.15554,1.15556,1.00,1.07
2015.01.16 18:36:55.616,1.1555,1.15556,1.12,1.00
2015.01.16 18:36:56.132,1.15549,1.15556,3.97,1.00
2015.01.16 18:36:56.660,1.15549,1.15557,4.97,2.32
2015.01.16 18:36:57.307,1.15549,1.15556,3.07,1.00
2015.01.16 18:36:57.741,1.15549,1.15556,3.22,1.19
2015.01.16 18:37:05.862,1.15551,1.15556,1.00,1.29
2015.01.16 18:37:06.842,1.15551,1.15556,1.00,1.29
2015.01.16 18:37:07.379,1.1555,1.15556,1.00,1.29
2015.01.16 18:37:08.464,1.1555,1.15554,1.00,1.19
2015.01.16 18:37:09.373,1.1555,1.15554,1.00,1.00
2015.01.16 18:37:09.424,1.1555,1.15556,1.00,1.10
2015.01.16 18:37:13.826,1.15552,1.15556,1.00,1.10
2015.01.16 18:37:14.080,1.15553,1.15558,2.25,1.20
2015.01.16 18:37:15.737,1.15554,1.15559,1.00,1.45
2015.01.16 18:37:15.838,1.15556,1.15559,1.52,1.07
2015.01.16 18:37:16.344,1.15557,1.15563,5.02,1.50
2015.01.16 18:37:16.394,1.15557,1.15563,5.02,1.12
2015.01.16 18:37:16.698,1.15558,1.15565,1.10,1.07
2015.01.16 18:37:17.204,1.15558,1.15565,1.57,1.00
2015.01.16 18:37:17.951,1.15558,1.15565,1.57,1.07
2015.01.16 18:37:20.515,1.15559,1.15565,1.00,1.07
2015.01.16 18:37:24.636,1.15559,1.15565,1.10,1.10
2015.01.16 18:37:26.178,1.15559,1.15565,1.00,1.12
2015.01.16 18:37:27.410,1.15558,1.15565,1.50,1.12
2015.01.16 18:37:28.092,1.15558,1.15565,1.57,1.07
2015.01.16 18:37:32.687,1.15557,1.1556,2.10,1.00
2015.01.16 18:37:36.205,1.15558,1.1556,1.00,1.00
2015.01.16 18:37:37.478,1.15557,1.1556,2.25,1.00
2015.01.16 18:37:38.710,1.1556,1.15562,1.00,1.07
2015.01.16 18:37:38.965,1.15559,1.15565,2.32,1.57
2015.01.16 18:37:39.373,1.15558,1.15565,1.12,1.00
2015.01.16 18:37:40.129,1.15559,1.15566,1.07,1.00
2015.01.16 18:37:40.664,1.15559,1.15567,1.07,2.32
2015.01.16 18:37:43.827,1.1556,1.15563,1.07,1.00
2015.01.16 18:37:44.131,1.15559,1.15562,1.00,1.00
2015.01.16 18:37:44.538,1.15557,1.15561,6.60,1.00
2015.01.16 18:37:44.639,1.15557,1.1556,7.35,1.00
2015.01.16 18:37:45.618,1.15557,1.1556,7.27,1.00
2015.01.16 18:37:46.023,1.15556,1.1556,2.25,1.00
2015.01.16 18:37:46.497,1.15557,1.1556,6.52,1.00
2015.01.16 18:37:47.003,1.15558,1.1556,1.00,1.00
2015.01.16 18:37:49.902,1.15558,1.15561,1.00,1.00
2015.01.16 18:37:50.409,1.15558,1.15561,1.07,1.00
2015.01.16 18:37:51.523,1.15558,1.15562,1.07,1.00
2015.01.16 18:37:51.676,1.15558,1.15561,1.50,1.00
2015.01.16 18:37:51.778,1.15558,1.1556,1.50,1.00
2015.01.16 18:37:52.082,1.15556,1.15561,1.07,1.00
2015.01.16 18:37:52.436,1.15554,1.15559,1.57,1.37
2015.01.16 18:37:52.537,1.15554,1.15556,1.10,1.00
2015.01.16 18:37:52.892,1.15555,1.15558,1.00,1.37
2015.01.16 18:37:53.409,1.15557,1.1556,3.52,1.57
2015.01.16 18:37:53.915,1.15557,1.15558,3.52,1.00
2015.01.16 18:37:54.371,1.15554,1.15558,1.57,1.37
2015.01.16 18:37:56.375,1.15553,1.15556,1.07,1.00
2015.01.16 18:37:56.476,1.15557,1.15558,1.27,1.00
2015.01.16 18:37:57.009,1.15557,1.15558,1.27,1.00
2015.01.16 18:37:57.592,1.15558,1.15559,1.50,1.12
2015.01.16 18:37:58.119,1.15558,1.15561,1.50,4.65
2015.01.16 18:37:58.628,1.15558,1.1556,1.50,2.85
2015.01.16 18:37:59.240,1.15558,1.1556,1.00,2.48
2015.01.16 18:37:59.443,1.15556,1.15559,1.27,1.95
2015.01.16 18:37:59.746,1.15554,1.15555,1.00,1.50
2015.01.16 18:37:59.847,1.15553,1.15555,1.00,2.18
2015.01.16 18:37:59.949,1.15551,1.15553,2.32,3.75
2015.01.16 18:38:00.054,1.15548,1.1555,1.00,1.12
2015.01.16 18:38:00.206,1.15548,1.15553,1.00,1.12
2015.01.16 18:38:01.301,1.15549,1.15554,1.00,1.57
2015.01.16 18:38:03.224,1.15548,1.15554,1.00,3.45
2015.01.16 18:38:03.628,1.15546,1.1555,3.37,1.00
2015.01.16 18:38:03.831,1.15545,1.15549,4.50,3.37
2015.01.16 18:38:04.084,1.15545,1.15546,4.50,1.00
2015.01.16 18:38:04.843,1.15541,1.15546,1.87,1.50
2015.01.16 18:38:04.945,1.15545,1.15546,1.00,1.50
2015.01.16 18:38:05.097,1.15542,1.15548,2.32,1.00
2015.01.16 18:38:05.219,1.15542,1.15545,1.07,1.00
2015.01.16 18:38:05.928,1.15542,1.15545,1.07,1.00
2015.01.16 18:38:06.367,1.1554,1.15542,1.50,1.50
2015.01.16 18:38:06.876,1.15541,1.15543,1.00,1.50
2015.01.16 18:38:06.927,1.15541,1.15544,1.00,1.50
2015.01.16 18:38:07.029,1.15542,1.15544,1.00,1.50
2015.01.16 18:38:07.332,1.15539,1.15541,1.00,1.50
2015.01.16 18:38:07.383,1.1554,1.15542,1.10,5.25
2015.01.16 18:38:07.485,1.15539,1.15542,1.00,1.50
2015.01.16 18:38:07.637,1.15539,1.15542,1.07,1.50
2015.01.16 18:38:08.142,1.15544,1.15545,1.50,1.00
2015.01.16 18:38:08.244,1.15549,1.1555,1.00,3.67
2015.01.16 18:38:08.295,1.15547,1.15549,3.37,1.00
2015.01.16 18:38:08.346,1.15546,1.15549,1.00,5.62
2015.01.16 18:38:08.397,1.15544,1.15545,1.00,2.25
2015.01.16 18:38:08.448,1.15539,1.15544,1.57,1.00
2015.01.16 18:38:08.499,1.15539,1.15542,1.57,1.00
2015.01.16 18:38:08.551,1.15537,1.15541,1.50,1.50
2015.01.16 18:38:08.703,1.15542,1.15544,1.00,4.50
2015.01.16 18:38:08.805,1.15539,1.15541,1.00,1.50
2015.01.16 18:38:09.058,1.15542,1.15546,1.50,1.00
2015.01.16 18:38:09.190,1.1554,1.15544,6.75,1.00
2015.01.16 18:38:09.291,1.15539,1.15541,1.00,1.00
2015.01.16 18:38:09.596,1.15534,1.15536,3.00,1.00
2015.01.16 18:38:09.901,1.15532,1.15536,1.00,1.00
2015.01.16 18:38:10.405,1.15531,1.15536,1.00,1.00
2015.01.16 18:38:11.120,1.1553,1.15536,4.87,1.00
2015.01.16 18:38:11.703,1.15529,1.15536,4.50,1.00
2015.01.16 18:38:13.567,1.1553,1.15537,1.12,4.65
2015.01.16 18:38:15.170,1.15534,1.15536,1.00,1.20
2015.01.16 18:38:15.675,1.15531,1.15535,1.87,1.50
2015.01.16 18:38:16.457,1.1553,1.15535,2.25,1.50
2015.01.16 18:38:18.437,1.1553,1.15535,3.07,1.50
2015.01.16 18:38:19.922,1.1553,1.15534,4.20,1.00
2015.01.16 18:38:20.681,1.1553,1.15533,2.32,1.00
2015.01.16 18:38:20.897,1.1553,1.15535,2.32,2.25
2015.01.16 18:38:23.324,1.1553,1.15533,3.82,1.00
2015.01.16 18:38:23.829,1.1553,1.15533,1.57,1.00
2015.01.16 18:38:24.717,1.15529,1.15532,1.00,1.50
2015.01.16 18:38:25.729,1.15527,1.15532,4.39,1.50
2015.01.16 18:38:26.875,1.15525,1.1553,2.40,1.00
2015.01.16 18:38:27.407,1.15525,1.1553,1.65,2.25
2015.01.16 18:38:28.074,1.15528,1.1553,1.00,1.00
2015.01.16 18:38:28.378,1.1553,1.15533,1.57,1.50
2015.01.16 18:38:28.682,1.15533,1.15535,1.00,4.50
2015.01.16 18:38:30.031,1.15529,1.15532,1.87,1.50
2015.01.16 18:38:30.184,1.15529,1.15532,1.57,1.50
2015.01.16 18:38:31.124,1.15529,1.15531,1.57,1.50
2015.01.16 18:38:31.479,1.1553,1.15531,1.00,1.50
2015.01.16 18:38:34.355,1.15527,1.15528,1.05,1.50
2015.01.16 18:38:34.660,1.15517,1.1552,1.00,9.37
2015.01.16 18:38:34.713,1.15513,1.15516,1.00,3.07
2015.01.16 18:38:34.815,1.15512,1.15515,1.00,8.25
2015.01.16 18:38:35.069,1.1551,1.15512,1.07,1.50
2015.01.16 18:38:38.414,1.15506,1.1551,3.75,3.00
2015.01.16 18:38:38.515,1.15507,1.1551,1.50,1.50
2015.01.16 18:38:38.566,1.15507,1.1551,1.00,1.50
2015.01.16 18:38:38.719,1.15508,1.1551,1.00,1.00
2015.01.16 18:38:38.821,1.15508,1.1551,1.00,1.50
2015.01.16 18:38:39.118,1.15509,1.15512,1.00,1.50
2015.01.16 18:38:39.169,1.1551,1.15512,1.00,1.50
2015.01.16 18:38:40.087,1.15511,1.15513,1.00,1.00
2015.01.16 18:38:40.138,1.15511,1.15515,1.00,1.57
2015.01.16 18:38:40.290,1.15508,1.1551,1.50,1.50
2015.01.16 18:38:40.546,1.15497,1.155,1.00,1.50
2015.01.16 18:38:40.597,1.15494,1.15496,3.75,2.25
2015.01.16 18:38:40.699,1.15487,1.1549,2.32,1.00
2015.01.16 18:38:40.800,1.15487,1.1549,2.32,1.12
2015.01.16 18:38:40.902,1.15487,1.1549,2.25,2.62
2015.01.16 18:38:41.055,1.15485,1.15489,3.82,1.00
2015.01.16 18:38:41.106,1.15488,1.1549,1.50,1.00
2015.01.16 18:38:41.207,1.15489,1.15494,1.50,1.07
2015.01.16 18:38:41.359,1.15492,1.15494,1.00,1.00
2015.01.16 18:38:41.463,1.15491,1.15494,1.00,1.07
2015.01.16 18:38:41.615,1.15491,1.15494,1.00,1.00
2015.01.16 18:38:41.717,1.15492,1.15494,1.00,1.00
2015.01.16 18:38:41.919,1.1549,1.15494,1.00,1.00
2015.01.16 18:38:42.122,1.1549,1.15492,1.00,1.00
2015.01.16 18:38:42.593,1.15488,1.15492,2.25,1.00
2015.01.16 18:38:43.130,1.15489,1.15492,1.50,1.00
2015.01.16 18:38:43.181,1.15489,1.15495,1.50,1.57
2015.01.16 18:38:43.254,1.15491,1.15495,4.50,2.32
2015.01.16 18:38:43.406,1.15495,1.15497,1.00,1.57
2015.01.16 18:38:43.457,1.15493,1.15497,1.00,1.57
2015.01.16 18:38:43.966,1.15491,1.15497,1.07,1.50
2015.01.16 18:38:44.491,1.15492,1.15499,1.10,1.57
2015.01.16 18:38:44.795,1.15497,1.15501,1.50,1.87
2015.01.16 18:38:45.048,1.15498,1.15504,1.00,1.57
2015.01.16 18:38:45.458,1.15496,1.15504,8.10,2.25
2015.01.16 18:38:45.509,1.15496,1.15504,7.35,2.32
2015.01.16 18:38:45.819,1.15499,1.15504,1.00,1.57
2015.01.16 18:38:46.637,1.155,1.15504,1.00,1.57
2015.01.16 18:38:47.429,1.15499,1.15504,1.00,1.57
2015.01.16 18:38:48.063,1.15497,1.15504,1.00,2.32
2015.01.16 18:38:48.114,1.15497,1.15504,1.00,4.76
2015.01.16 18:38:48.216,1.15495,1.15501,1.57,1.50
2015.01.16 18:38:48.367,1.15494,1.15501,1.00,1.12
2015.01.16 18:38:48.469,1.15495,1.15501,1.00,1.07
2015.01.16 18:38:49.253,1.15494,1.155,1.10,1.57
2015.01.16 18:38:49.507,1.15496,1.155,1.00,1.57
2015.01.16 18:38:50.015,1.15495,1.155,1.00,1.57
2015.01.16 18:38:50.571,1.15495,1.15498,1.00,1.00
2015.01.16 18:38:51.076,1.15492,1.15498,1.12,1.50
2015.01.16 18:38:51.406,1.15496,1.155,3.52,2.32
2015.01.16 18:38:51.710,1.15498,1.15502,2.47,1.07
2015.01.16 18:38:51.864,1.155,1.15505,1.30,4.12
2015.01.16 18:38:51.915,1.155,1.15505,1.30,3.75
2015.01.16 18:38:53.507,1.155,1.15504,2.10,1.00
2015.01.16 18:38:54.244,1.155,1.15505,3.97,3.00
2015.01.16 18:38:59.574,1.15501,1.15505,1.00,1.50
2015.01.16 18:38:59.878,1.15506,1.15508,5.06,3.82
2015.01.16 18:39:00.030,1.15506,1.15512,3.56,3.75
2015.01.16 18:39:00.131,1.15506,1.15512,7.31,1.50
2015.01.16 18:39:00.283,1.15506,1.15509,3.75,3.00
2015.01.16 18:39:00.587,1.15499,1.15501,1.50,1.05
2015.01.16 18:39:00.739,1.155,1.15506,1.50,3.00
2015.01.16 18:39:00.992,1.155,1.15504,1.50,1.00
2015.01.16 18:39:03.091,1.155,1.15505,2.25,1.00
2015.01.16 18:39:03.406,1.155,1.15503,1.50,1.00
2015.01.16 18:39:05.694,1.155,1.15505,2.25,1.10
2015.01.16 18:39:06.854,1.155,1.15506,2.32,2.32
2015.01.16 18:39:08.452,1.15501,1.15506,1.00,1.57
2015.01.16 18:39:08.554,1.155,1.15503,3.82,1.00
2015.01.16 18:39:09.060,1.155,1.15504,4.20,1.00
2015.01.16 18:39:09.566,1.155,1.15504,3.45,1.00
2015.01.16 18:39:09.871,1.15503,1.15508,1.50,1.07
2015.01.16 18:39:10.377,1.15503,1.15506,1.57,1.00
2015.01.16 18:39:11.186,1.15504,1.1551,1.00,1.07
2015.01.16 18:39:12.032,1.15506,1.1551,3.75,1.07
2015.01.16 18:39:12.083,1.15506,1.15513,6.56,3.00
2015.01.16 18:39:12.235,1.15506,1.15513,8.06,2.70
2015.01.16 18:39:12.539,1.15507,1.15513,1.50,1.07
2015.01.16 18:39:12.943,1.15507,1.1551,2.32,1.00
2015.01.16 18:39:13.752,1.15508,1.15515,1.12,1.50
2015.01.16 18:39:14.162,1.15508,1.15512,1.12,1.00
2015.01.16 18:39:14.734,1.15508,1.15513,1.12,1.00
2015.01.16 18:39:14.936,1.1551,1.15516,6.07,1.00
2015.01.16 18:39:14.987,1.15516,1.15518,1.00,1.57
2015.01.16 18:39:15.038,1.15516,1.15518,1.27,1.10
2015.01.16 18:39:16.245,1.15513,1.15517,1.80,1.00
2015.01.16 18:39:19.167,1.15517,1.15523,1.50,1.07
2015.01.16 18:39:19.674,1.15516,1.15519,5.02,1.00
2015.01.16 18:39:20.236,1.15515,1.15518,2.25,2.25
2015.01.16 18:39:20.287,1.15513,1.15515,2.32,1.50
2015.01.16 18:39:20.896,1.15509,1.15515,6.07,1.50
2015.01.16 18:39:21.326,1.15509,1.15512,1.50,1.00
2015.01.16 18:39:21.834,1.15509,1.15512,1.57,1.00
2015.01.16 18:39:24.719,1.1551,1.15517,1.10,1.57
2015.01.16 18:39:24.871,1.15512,1.15518,1.10,1.10
2015.01.16 18:39:25.520,1.15511,1.15518,1.12,1.00
2015.01.16 18:39:30.830,1.15511,1.15518,1.37,1.50
2015.01.16 18:39:31.328,1.1551,1.15515,5.62,1.00
2015.01.16 18:39:31.634,1.1551,1.15518,4.50,1.00
2015.01.16 18:39:32.996,1.1551,1.15518,2.62,1.57
2015.01.16 18:39:33.993,1.15506,1.15509,1.12,1.00
2015.01.16 18:39:34.347,1.15509,1.15512,1.00,1.00
2015.01.16 18:39:34.883,1.1551,1.15512,1.00,1.00
2015.01.16 18:39:37.618,1.1551,1.15513,1.50,1.00
2015.01.16 18:39:39.466,1.1551,1.15514,1.00,1.10
2015.01.16 18:39:41.829,1.15509,1.15516,3.00,1.75
2015.01.16 18:39:42.345,1.1551,1.15517,2.25,1.12
2015.01.16 18:39:42.446,1.1551,1.15517,2.32,1.07
2015.01.16 18:39:42.751,1.1551,1.15517,2.70,1.07
2015.01.16 18:39:46.748,1.15511,1.15517,1.47,1.10
2015.01.16 18:39:47.408,1.15511,1.15516,1.47,1.00
2015.01.16 18:39:47.950,1.15511,1.15516,1.47,1.67
2015.01.16 18:39:48.987,1.15511,1.15516,1.47,1.42
2015.01.16 18:39:49.295,1.15511,1.15515,1.10,1.00
2015.01.16 18:39:49.703,1.15512,1.15518,1.37,1.07
2015.01.16 18:39:52.249,1.15513,1.15518,1.37,1.10
2015.01.16 18:39:52.653,1.15516,1.15518,1.00,1.10
2015.01.16 18:39:53.161,1.15517,1.15518,1.00,1.00
2015.01.16 18:39:53.490,1.15519,1.15521,2.25,1.00
2015.01.16 18:39:53.693,1.1552,1.15527,1.20,1.57
2015.01.16 18:39:53.997,1.15523,1.15527,1.00,1.57
2015.01.16 18:39:56.531,1.1552,1.15527,2.62,1.50
2015.01.16 18:39:57.841,1.15524,1.15527,1.00,1.50
2015.01.16 18:39:58.145,1.15525,1.15527,1.00,1.10
2015.01.16 18:39:58.195,1.15522,1.15527,1.00,1.10
2015.01.16 18:39:58.347,1.15522,1.15525,1.20,1.00
2015.01.16 18:39:58.550,1.15521,1.15527,1.47,1.95
2015.01.16 18:39:59.302,1.15523,1.15527,1.00,1.10
2015.01.16 18:40:00.273,1.15522,1.15527,1.20,2.62
2015.01.16 18:40:00.807,1.15522,1.15526,1.20,1.00
2015.01.16 18:40:01.433,1.15522,1.15527,1.20,1.87
2015.01.16 18:40:04.340,1.15522,1.15527,1.20,2.25
2015.01.16 18:40:04.853,1.15522,1.15527,1.50,2.25
2015.01.16 18:40:06.467,1.15522,1.1553,2.25,3.52
2015.01.16 18:40:06.518,1.15528,1.1553,1.00,2.77
2015.01.16 18:40:06.771,1.15528,1.15532,1.10,2.25
2015.01.16 18:40:07.276,1.15529,1.15532,1.00,1.00
2015.01.16 18:40:07.327,1.15529,1.15535,1.00,4.20
2015.01.16 18:40:08.824,1.15528,1.15535,1.20,2.32
2015.01.16 18:40:09.516,1.15527,1.15532,1.20,1.00
2015.01.16 18:40:11.133,1.15527,1.15533,1.20,1.50
2015.01.16 18:40:12.050,1.15527,1.15533,1.12,2.25
2015.01.16 18:40:12.909,1.15528,1.15533,1.00,3.00
2015.01.16 18:40:14.253,1.15524,1.15528,2.32,1.00
2015.01.16 18:40:14.356,1.15524,1.15526,1.10,1.00
2015.01.16 18:40:14.457,1.1552,1.15526,1.00,1.12
2015.01.16 18:40:14.812,1.15517,1.15524,1.07,1.47
2015.01.16 18:40:14.914,1.15516,1.15524,1.00,1.87
2015.01.16 18:40:15.682,1.15515,1.15523,2.32,1.37
2015.01.16 18:40:16.552,1.15515,1.15521,1.00,2.62
2015.01.16 18:40:17.058,1.15516,1.15521,1.00,2.62
2015.01.16 18:40:17.109,1.15514,1.15518,1.10,1.00
2015.01.16 18:40:17.362,1.15513,1.15518,1.00,3.56
2015.01.16 18:40:17.767,1.15509,1.15513,3.82,1.50
2015.01.16 18:40:17.869,1.15508,1.15509,1.00,4.35
2015.01.16 18:40:17.920,1.15498,1.15502,4.25,1.00
2015.01.16 18:40:18.021,1.15498,1.15501,1.00,1.10
2015.01.16 18:40:18.072,1.15497,1.15502,1.00,5.32
2015.01.16 18:40:18.224,1.15499,1.15502,1.00,6.07
2015.01.16 18:40:18.573,1.15502,1.15505,1.00,1.50
2015.01.16 18:40:18.625,1.15502,1.15507,1.50,1.57
2015.01.16 18:40:18.728,1.15504,1.15507,1.00,1.00
2015.01.16 18:40:19.186,1.15505,1.15511,1.10,1.57
2015.01.16 18:40:21.297,1.15506,1.15511,1.00,1.57
2015.01.16 18:40:23.418,1.15505,1.15511,1.10,1.57
2015.01.16 18:40:24.411,1.15506,1.15511,1.00,1.57
2015.01.16 18:40:26.466,1.15507,1.15511,1.00,1.57
2015.01.16 18:40:26.973,1.15506,1.15511,1.10,1.50
2015.01.16 18:40:27.227,1.15505,1.15509,1.07,1.00
2015.01.16 18:40:27.532,1.15505,1.15507,1.00,1.00
2015.01.16 18:40:27.634,1.15505,1.1551,1.50,1.00
2015.01.16 18:40:27.736,1.15505,1.15507,1.00,1.00
2015.01.16 18:40:27.787,1.15504,1.15506,1.10,1.50
2015.01.16 18:40:28.106,1.15503,1.15505,1.10,1.50
2015.01.16 18:40:28.612,1.15506,1.15507,2.06,3.00
2015.01.16 18:40:28.714,1.15505,1.1551,1.12,3.94
2015.01.16 18:40:28.815,1.15507,1.15511,1.50,1.00
2015.01.16 18:40:29.120,1.15495,1.15497,4.57,1.50
2015.01.16 18:40:29.222,1.1549,1.15494,1.12,1.00
2015.01.16 18:40:29.324,1.15487,1.15494,1.75,1.00
2015.01.16 18:40:29.831,1.1549,1.15493,1.10,1.50
2015.01.16 18:40:31.100,1.15495,1.15496,3.75,3.00
2015.01.16 18:40:31.253,1.155,1.15505,3.00,9.37
2015.01.16 18:40:31.304,1.15507,1.15508,1.00,1.87
2015.01.16 18:40:31.406,1.15507,1.1551,2.25,1.87
2015.01.16 18:40:31.457,1.15509,1.15512,1.00,2.17
2015.01.16 18:40:31.508,1.15509,1.15512,1.00,2.25
2015.01.16 18:40:32.021,1.15506,1.15511,6.82,1.00
2015.01.16 18:40:32.945,1.15507,1.1551,1.87,1.00
2015.01.16 18:40:33.857,1.15505,1.15508,4.50,1.00
2015.01.16 18:40:34.208,1.15502,1.15506,2.25,1.00
2015.01.16 18:40:34.512,1.15498,1.155,1.57,1.00
2015.01.16 18:40:34.563,1.15495,1.155,2.02,1.00
2015.01.16 18:40:34.614,1.15495,1.155,1.65,1.00
2015.01.16 18:40:34.816,1.15497,1.15501,1.12,1.50
2015.01.16 18:40:35.071,1.15507,1.1551,1.50,4.57
2015.01.16 18:40:35.223,1.15509,1.1551,1.00,2.25
2015.01.16 18:40:35.628,1.1551,1.15512,1.00,1.50
2015.01.16 18:40:36.477,1.15507,1.15512,1.87,1.50
2015.01.16 18:40:37.922,1.15507,1.1551,1.12,1.00
2015.01.16 18:40:38.226,1.15505,1.15508,3.75,1.00
2015.01.16 18:40:38.479,1.15503,1.15507,1.10,1.50
2015.01.16 18:40:39.940,1.15505,1.15507,1.00,1.00
2015.01.16 18:40:40.370,1.15502,1.15507,4.57,1.00
2015.01.16 18:40:40.876,1.15504,1.15507,1.50,1.50
2015.01.16 18:40:41.282,1.15502,1.15507,1.57,1.87
2015.01.16 18:40:41.535,1.15501,1.15503,1.10,1.50
2015.01.16 18:40:42.040,1.15502,1.15503,1.00,1.50
2015.01.16 18:40:42.371,1.155,1.15502,1.00,1.50
2015.01.16 18:40:42.626,1.15497,1.15498,1.00,1.00
2015.01.16 18:40:43.141,1.15497,1.15498,1.00,1.00
2015.01.16 18:40:43.646,1.15497,1.15498,1.00,1.00
2015.01.16 18:40:43.949,1.15499,1.155,1.00,1.00
2015.01.16 18:40:44.050,1.155,1.15502,1.07,1.00
2015.01.16 18:40:44.505,1.15503,1.15504,1.50,1.00
2015.01.16 18:40:44.556,1.15503,1.15504,1.50,1.50
2015.01.16 18:40:44.607,1.15503,1.15504,1.00,1.00
2015.01.16 18:40:44.759,1.15504,1.15506,1.00,1.50
2015.01.16 18:40:45.063,1.15503,1.15506,1.50,1.50
2015.01.16 18:40:45.477,1.15502,1.15503,1.00,1.00
2015.01.16 18:40:46.349,1.155,1.15503,1.00,1.00
2015.01.16 18:40:46.402,1.155,1.15505,1.00,2.32
2015.01.16 18:40:50.425,1.155,1.15503,1.00,1.00
2015.01.16 18:40:53.509,1.155,1.15503,1.00,1.00
2015.01.16 18:40:54.022,1.15499,1.15503,1.00,1.07
2015.01.16 18:40:54.187,1.15497,1.15499,1.10,1.00
2015.01.16 18:40:54.241,1.15497,1.15501,1.10,1.37
2015.01.16 18:40:56.611,1.15495,1.15499,1.57,4.50
2015.01.16 18:40:56.813,1.15492,1.15496,1.10,1.50
2015.01.16 18:40:57.575,1.1549,1.15492,2.55,1.00
2015.01.16 18:40:58.032,1.15488,1.15494,1.37,1.00
2015.01.16 18:40:58.133,1.15488,1.15495,1.07,3.07
2015.01.16 18:40:58.458,1.15489,1.15491,1.10,1.00
2015.01.16 18:40:58.965,1.15489,1.15492,1.07,1.00
2015.01.16 18:40:59.371,1.15489,1.15493,1.07,1.00
2015.01.16 18:41:00.520,1.15491,1.15493,1.00,1.00
2015.01.16 18:41:00.672,1.15497,1.15499,1.00,1.00
2015.01.16 18:41:00.774,1.15499,1.15503,1.00,1.57
2015.01.16 18:41:01.279,1.155,1.15505,1.00,1.57
2015.01.16 18:41:01.954,1.15501,1.15505,1.00,1.57
2015.01.16 18:41:03.281,1.155,1.15505,1.00,2.32
2015.01.16 18:41:03.487,1.155,1.15504,1.00,1.57
2015.01.16 18:41:03.640,1.15498,1.155,1.00,1.37
2015.01.16 18:41:05.276,1.15498,1.15501,1.00,1.00
2015.01.16 18:41:05.580,1.15499,1.15504,1.50,1.07
2015.01.16 18:41:05.631,1.15501,1.15505,1.00,4.50
2015.01.16 18:41:05.732,1.15501,1.15505,1.00,3.45
2015.01.16 18:41:06.306,1.15503,1.15507,2.25,1.87
2015.01.16 18:41:06.610,1.15509,1.15514,1.87,1.10
2015.01.16 18:41:06.813,1.15511,1.15515,1.10,1.50
2015.01.16 18:41:07.066,1.15512,1.15517,1.10,2.32
2015.01.16 18:41:09.691,1.15516,1.15519,1.00,3.30
2015.01.16 18:41:10.198,1.15516,1.15519,1.00,2.32
2015.01.16 18:41:10.779,1.15517,1.15519,1.00,1.50
2015.01.16 18:41:11.445,1.15513,1.15519,1.20,1.00
2015.01.16 18:41:11.951,1.15518,1.15521,1.00,1.87
2015.01.16 18:41:12.863,1.1552,1.15524,1.00,2.62
2015.01.16 18:41:13.166,1.1552,1.15526,1.10,1.07
2015.01.16 18:41:13.680,1.1552,1.15526,1.07,1.10
2015.01.16 18:41:14.249,1.15521,1.15528,1.07,3.82
2015.01.16 18:41:14.658,1.15524,1.15528,1.00,1.07
2015.01.16 18:41:14.861,1.15524,1.15529,1.00,3.07
2015.01.16 18:41:15.434,1.15525,1.15533,1.57,3.37
2015.01.16 18:41:16.514,1.15528,1.15532,1.00,1.12
2015.01.16 18:41:16.971,1.15526,1.15532,3.00,1.50
2015.01.16 18:41:17.326,1.15525,1.15527,1.10,1.50
2015.01.16 18:41:17.932,1.15524,1.15527,1.00,1.50
2015.01.16 18:41:19.387,1.15523,1.15527,1.00,1.57
2015.01.16 18:41:19.641,1.15521,1.15527,2.32,1.57
2015.01.16 18:41:20.516,1.1552,1.15526,2.70,1.00
2015.01.16 18:41:21.773,1.15521,1.15526,1.47,1.00
2015.01.16 18:41:28.089,1.15525,1.15526,1.12,1.00
2015.01.16 18:41:28.418,1.15521,1.15526,6.75,1.00
2015.01.16 18:41:30.923,1.15521,1.15527,2.70,1.00
2015.01.16 18:41:33.169,1.15521,1.15526,2.70,1.00
2015.01.16 18:41:33.371,1.15523,1.15528,1.12,2.32
2015.01.16 18:41:33.900,1.15523,1.15528,1.20,2.25
2015.01.16 18:41:34.405,1.15521,1.15527,2.70,1.00
2015.01.16 18:41:34.911,1.15522,1.15527,2.25,1.00
2015.01.16 18:41:35.416,1.15522,1.15526,1.47,1.00
2015.01.16 18:41:35.874,1.15522,1.15528,1.47,2.32
2015.01.16 18:41:36.409,1.15522,1.15528,1.47,3.07
2015.01.16 18:41:36.922,1.1552,1.15525,2.70,1.50
2015.01.16 18:41:36.973,1.1552,1.15525,3.00,1.57
2015.01.16 18:41:37.479,1.1552,1.15525,1.50,1.57
2015.01.16 18:41:37.531,1.15519,1.15521,1.00,1.00
2015.01.16 18:41:41.145,1.15518,1.15519,1.50,2.25
2015.01.16 18:41:41.651,1.15515,1.15518,1.10,1.00
2015.01.16 18:41:42.169,1.15518,1.1552,1.00,2.77
2015.01.16 18:41:43.008,1.1552,1.15523,1.12,1.07
2015.01.16 18:41:43.413,1.15518,1.1552,1.50,1.00
2015.01.16 18:41:44.409,1.15519,1.15522,1.00,1.10
2015.01.16 18:41:44.614,1.15521,1.15526,1.00,2.25
2015.01.16 18:41:44.665,1.15521,1.15526,1.00,1.10
2015.01.16 18:41:44.767,1.15521,1.15524,1.00,1.00
2015.01.16 18:41:45.071,1.15511,1.15514,1.87,1.00
2015.01.16 18:41:45.375,1.1551,1.15512,2.25,1.00
2015.01.16 18:41:45.680,1.15502,1.15507,1.87,1.00
2015.01.16 18:41:45.883,1.15502,1.15507,1.07,1.00
2015.01.16 18:41:46.579,1.15502,1.15506,1.07,1.00
2015.01.16 18:41:47.085,1.15501,1.15505,1.10,1.00
2015.01.16 18:41:47.338,1.15503,1.15507,1.00,2.32
2015.01.16 18:41:48.065,1.15503,1.15507,1.00,1.10
2015.01.16 18:41:48.631,1.15502,1.15507,1.57,1.10
2015.01.16 18:41:48.935,1.15505,1.15511,1.50,2.62
2015.01.16 18:41:49.087,1.15506,1.15511,1.07,1.00
2015.01.16 18:41:49.666,1.1551,1.15513,1.00,1.57
2015.01.16 18:41:50.182,1.1551,1.15512,1.50,1.00
2015.01.16 18:41:50.536,1.1551,1.15513,1.12,1.00
2015.01.16 18:41:50.845,1.1551,1.15516,1.87,1.07
2015.01.16 18:41:50.947,1.15512,1.15516,1.00,1.10
2015.01.16 18:41:54.694,1.15512,1.15514,1.10,1.00
2015.01.16 18:41:54.897,1.15518,1.1552,1.10,3.00
2015.01.16 18:41:54.948,1.15521,1.15522,1.00,1.00
2015.01.16 18:41:55.201,1.15523,1.15527,1.00,1.57
2015.01.16 18:41:55.252,1.15525,1.15528,1.00,1.50
2015.01.16 18:41:55.505,1.15528,1.1553,1.00,1.10
2015.01.16 18:41:56.062,1.15527,1.15529,1.50,1.00
2015.01.16 18:41:56.316,1.15525,1.15528,1.10,1.50
2015.01.16 18:41:56.823,1.15526,1.15527,1.50,1.00
2015.01.16 18:41:58.210,1.15526,1.15531,1.50,1.20
2015.01.16 18:41:58.413,1.15522,1.15525,1.12,1.00
2015.01.16 18:41:58.925,1.1552,1.15524,2.25,1.00
2015.01.16 18:41:59.434,1.1552,1.15528,1.50,3.07
2015.01.16 18:41:59.942,1.1552,1.15528,1.50,3.07
2015.01.16 18:42:00.696,1.15523,1.15528,1.00,3.07
2015.01.16 18:42:01.202,1.1552,1.15524,2.25,1.00
2015.01.16 18:42:01.608,1.15523,1.15529,1.07,1.00
2015.01.16 18:42:02.113,1.15525,1.1553,1.50,1.31
2015.01.16 18:42:02.637,1.15523,1.15527,1.07,1.00
2015.01.16 18:42:03.144,1.15525,1.15527,1.87,1.00
2015.01.16 18:42:04.275,1.15525,1.15528,1.50,1.00
2015.01.16 18:42:04.943,1.15527,1.15528,1.00,1.00
2015.01.16 18:42:05.044,1.15527,1.1553,1.50,1.10
2015.01.16 18:42:05.595,1.15527,1.1553,3.07,1.00
2015.01.16 18:42:05.798,1.15527,1.15531,3.00,1.00
2015.01.16 18:42:06.331,1.15528,1.15532,1.12,1.00
2015.01.16 18:42:07.110,1.15532,1.15535,1.00,1.24
2015.01.16 18:42:07.161,1.15532,1.15536,2.25,1.57
2015.01.16 18:42:07.212,1.15534,1.15536,1.00,1.10
2015.01.16 18:42:07.719,1.15536,1.15539,1.00,4.95
2015.01.16 18:42:08.225,1.15536,1.15539,1.07,4.87
2015.01.16 18:42:12.282,1.15536,1.15539,1.45,4.87
2015.01.16 18:42:12.912,1.15534,1.15535,1.00,1.00
2015.01.16 18:42:13.114,1.15527,1.15529,1.00,2.25
2015.01.16 18:42:13.266,1.15526,1.15528,1.00,1.50
2015.01.16 18:42:13.317,1.15524,1.15526,1.10,1.00
2015.01.16 18:42:13.418,1.15524,1.15527,1.10,1.00
2015.01.16 18:42:13.924,1.15524,1.15526,1.10,1.00
2015.01.16 18:42:15.153,1.15523,1.15526,1.07,1.71
2015.01.16 18:42:20.883,1.1552,1.15522,6.67,2.25
2015.01.16 18:42:20.985,1.15521,1.15523,1.57,4.12
2015.01.16 18:42:21.087,1.15517,1.15519,1.95,3.00
2015.01.16 18:42:21.138,1.15517,1.15519,1.20,1.50
2015.01.16 18:42:21.189,1.15517,1.15519,1.07,1.00
2015.01.16 18:42:21.291,1.15515,1.15517,1.10,1.50
2015.01.16 18:42:21.443,1.15513,1.15519,1.57,1.00
2015.01.16 18:42:21.544,1.15513,1.15519,1.87,1.50
2015.01.16 18:42:22.843,1.15513,1.15518,2.62,1.00
2015.01.16 18:42:23.348,1.15513,1.15517,1.87,1.00
2015.01.16 18:42:23.853,1.15513,1.15517,1.07,1.00
2015.01.16 18:42:23.955,1.1551,1.15513,8.55,1.50
2015.01.16 18:42:24.056,1.1551,1.15512,1.00,1.00
2015.01.16 18:42:24.158,1.15511,1.15516,1.07,2.25
2015.01.16 18:42:24.361,1.1551,1.15512,1.57,1.00
2015.01.16 18:42:24.715,1.15512,1.15513,1.00,1.00
2015.01.16 18:42:24.816,1.1551,1.15512,5.92,1.00
2015.01.16 18:42:24.918,1.1551,1.15512,1.95,1.00
2015.01.16 18:42:25.070,1.15511,1.15513,1.57,3.00
2015.01.16 18:42:25.171,1.15512,1.15514,1.00,1.50
2015.01.16 18:42:25.677,1.15512,1.15514,1.00,1.00
2015.01.16 18:42:26.174,1.15513,1.15517,1.07,2.25
2015.01.16 18:42:26.276,1.15513,1.15517,1.58,2.25
2015.01.16 18:42:26.580,1.1551,1.15514,4.05,1.50
2015.01.16 18:42:26.714,1.1551,1.15514,1.95,1.50
2015.01.16 18:42:27.219,1.1551,1.15513,1.95,1.00
2015.01.16 18:42:27.847,1.1551,1.15512,1.95,1.00
2015.01.16 18:42:27.999,1.15507,1.15511,1.50,1.56
2015.01.16 18:42:28.100,1.15507,1.15509,1.07,1.87
2015.01.16 18:42:29.312,1.15508,1.15511,1.07,2.14
2015.01.16 18:42:30.593,1.15506,1.1551,1.12,1.00
2015.01.16 18:42:35.229,1.15506,1.15509,1.05,1.00
2015.01.16 18:42:37.250,1.15506,1.15509,5.02,3.00
2015.01.16 18:42:37.453,1.15506,1.15508,6.52,1.00
2015.01.16 18:42:37.959,1.15503,1.15509,1.50,7.12
2015.01.16 18:42:38.112,1.15502,1.15506,2.55,1.00
2015.01.16 18:42:38.264,1.15502,1.15506,1.95,1.50
2015.01.16 18:42:38.769,1.15504,1.15509,8.17,4.50
2015.01.16 18:42:38.821,1.15508,1.15511,1.00,2.85
2015.01.16 18:42:39.025,1.15516,1.15519,1.00,1.95
2015.01.16 18:42:39.076,1.15509,1.15515,2.55,6.75
2015.01.16 18:42:39.583,1.1551,1.15512,2.62,1.50
2015.01.16 18:42:39.886,1.15508,1.15511,1.57,1.50
2015.01.16 18:42:40.090,1.15508,1.15512,1.57,1.00
2015.01.16 18:42:40.444,1.15509,1.15514,1.50,1.00
2015.01.16 18:42:40.596,1.15512,1.15514,1.00,1.00
2015.01.16 18:42:41.161,1.15512,1.15518,1.10,2.25
2015.01.16 18:42:43.721,1.1551,1.15512,1.00,1.00
2015.01.16 18:42:43.976,1.15506,1.15509,1.12,1.87
2015.01.16 18:42:44.498,1.15506,1.1551,2.32,3.75
2015.01.16 18:42:45.010,1.15506,1.1551,3.07,1.50
2015.01.16 18:42:45.163,1.15509,1.15512,1.87,1.00
2015.01.16 18:42:45.265,1.1551,1.15518,2.70,1.57
2015.01.16 18:42:48.383,1.15511,1.15518,1.07,2.32
2015.01.16 18:42:49.656,1.15511,1.15517,1.07,1.50
2015.01.16 18:42:49.707,1.1551,1.15512,1.50,1.00
2015.01.16 18:42:49.910,1.1551,1.15514,2.25,1.00
2015.01.16 18:42:50.011,1.15512,1.15514,1.00,1.00
2015.01.16 18:42:50.719,1.15511,1.15518,2.32,2.25
2015.01.16 18:42:51.430,1.15511,1.15518,2.32,2.32
2015.01.16 18:42:52.056,1.15511,1.15514,1.57,1.00
2015.01.16 18:42:52.360,1.15511,1.15516,1.10,1.00
2015.01.16 18:42:52.890,1.15511,1.15517,1.10,1.10
2015.01.16 18:42:53.581,1.15511,1.15516,1.10,1.00
2015.01.16 18:42:56.211,1.15511,1.15516,1.57,1.50
2015.01.16 18:42:58.266,1.15511,1.15516,1.00,1.50
2015.01.16 18:43:03.656,1.15514,1.15516,1.00,1.00
2015.01.16 18:43:03.808,1.15509,1.15516,1.57,3.37
2015.01.16 18:43:03.909,1.15508,1.15514,1.57,1.00
2015.01.16 18:43:03.961,1.15508,1.15514,1.57,1.00
2015.01.16 18:43:04.466,1.15509,1.15514,1.00,1.00
2015.01.16 18:43:05.457,1.1551,1.15516,1.00,1.57
2015.01.16 18:43:05.962,1.1551,1.15516,1.00,1.57
2015.01.16 18:43:15.371,1.15512,1.15516,1.00,1.00
2015.01.16 18:43:24.169,1.15511,1.15516,1.00,1.00
2015.01.16 18:43:24.676,1.1551,1.15516,1.50,1.00
2015.01.16 18:43:27.004,1.15509,1.15516,1.20,1.50
2015.01.16 18:43:31.649,1.15511,1.15516,1.00,1.57
2015.01.16 18:43:33.520,1.1551,1.15516,1.00,1.57
2015.01.16 18:43:34.929,1.15509,1.15514,1.20,1.00
2015.01.16 18:43:37.660,1.15509,1.15515,1.10,1.00
2015.01.16 18:43:42.778,1.15511,1.15515,1.00,1.00
2015.01.16 18:43:43.284,1.15511,1.15514,1.00,1.00
2015.01.16 18:43:45.299,1.15511,1.15513,1.00,1.00
2015.01.16 18:43:45.952,1.15511,1.15515,1.50,1.00
2015.01.16 18:43:46.558,1.15512,1.15515,1.00,1.00
2015.01.16 18:43:47.065,1.15512,1.15516,1.10,2.25
2015.01.16 18:43:49.761,1.15511,1.15515,1.07,1.00
2015.01.16 18:43:53.541,1.15512,1.15513,1.00,1.00
2015.01.16 18:43:54.600,1.15514,1.15516,1.00,1.57
2015.01.16 18:43:54.651,1.15515,1.15517,1.00,1.50
2015.01.16 18:43:55.055,1.15511,1.15516,1.50,2.25
2015.01.16 18:43:55.308,1.15511,1.15513,1.50,1.00
2015.01.16 18:43:55.561,1.15501,1.15505,1.50,1.50
2015.01.16 18:43:55.764,1.15502,1.15505,1.00,1.07
2015.01.16 18:43:56.472,1.15504,1.15506,1.00,1.07
2015.01.16 18:43:56.776,1.15512,1.15518,4.50,6.75
2015.01.16 18:43:56.878,1.15513,1.15515,1.00,1.00
2015.01.16 18:43:57.208,1.15515,1.15518,1.12,3.82
2015.01.16 18:43:57.612,1.15513,1.15515,1.00,1.00
2015.01.16 18:43:57.815,1.15514,1.15516,1.87,1.00
2015.01.16 18:43:58.338,1.15515,1.15516,1.12,1.00
2015.01.16 18:43:58.540,1.15505,1.15507,5.32,1.00
2015.01.16 18:43:58.693,1.15505,1.15507,6.00,1.00
2015.01.16 18:43:59.047,1.1551,1.15512,3.00,1.47
2015.01.16 18:43:59.219,1.15509,1.15512,1.50,1.00
2015.01.16 18:43:59.625,1.15509,1.15515,1.00,1.00
2015.01.16 18:43:59.777,1.15513,1.15515,1.00,1.00
2015.01.16 18:44:00.585,1.15514,1.15516,1.00,2.25
2015.01.16 18:44:00.889,1.15519,1.15521,2.62,2.25
2015.01.16 18:44:01.293,1.15523,1.15525,1.00,2.32
2015.01.16 18:44:01.895,1.15521,1.15523,2.92,1.00
2015.01.16 18:44:02.098,1.15521,1.15523,1.00,2.32
2015.01.16 18:44:02.906,1.1552,1.15525,3.75,2.32
2015.01.16 18:44:03.109,1.1552,1.15525,4.12,1.57
2015.01.16 18:44:03.186,1.15522,1.15525,1.00,1.57
2015.01.16 18:44:03.642,1.15524,1.15526,1.00,1.00
2015.01.16 18:44:04.148,1.15523,1.15525,1.00,1.00
2015.01.16 18:44:06.112,1.15522,1.15525,1.50,1.00
2015.01.16 18:44:06.415,1.15522,1.15523,1.00,1.00
2015.01.16 18:44:06.618,1.1552,1.15523,3.00,1.00
2015.01.16 18:44:07.376,1.1552,1.15522,2.62,1.00
2015.01.16 18:44:08.184,1.15521,1.15523,1.00,1.00
2015.01.16 18:44:08.589,1.1552,1.15525,2.62,1.00
2015.01.16 18:44:08.792,1.1552,1.15522,1.87,1.00
2015.01.16 18:44:09.098,1.1552,1.15524,1.87,2.32
2015.01.16 18:44:10.316,1.1552,1.15523,2.62,1.00
2015.01.16 18:44:10.468,1.1552,1.15522,1.87,1.00
2015.01.16 18:44:11.096,1.15518,1.15521,1.00,1.10
2015.01.16 18:44:11.198,1.15518,1.15523,1.50,1.10
2015.01.16 18:44:11.300,1.15518,1.15523,1.87,1.00
2015.01.16 18:44:11.806,1.1552,1.15524,3.00,1.50
2015.01.16 18:44:17.390,1.1552,1.15523,1.50,1.00
2015.01.16 18:44:18.406,1.1552,1.15522,1.50,1.00
2015.01.16 18:44:18.711,1.15501,1.15508,1.95,1.00
2015.01.16 18:44:18.762,1.15501,1.15508,1.87,1.12
2015.01.16 18:44:18.915,1.15501,1.15505,1.12,1.10
2015.01.16 18:44:21.328,1.155,1.15506,6.82,1.00
2015.01.16 18:44:22.368,1.155,1.15508,6.07,3.07
2015.01.16 18:44:22.419,1.155,1.15505,6.07,1.00
2015.01.16 18:44:23.232,1.155,1.15506,3.45,1.00
2015.01.16 18:44:24.129,1.155,1.15505,6.07,1.00
2015.01.16 18:44:25.663,1.15501,1.15502,1.50,1.50
2015.01.16 18:44:25.967,1.15503,1.15504,1.00,1.00
2015.01.16 18:44:26.068,1.15501,1.15504,1.00,1.00
2015.01.16 18:44:26.775,1.15501,1.15505,1.00,1.00
2015.01.16 18:44:27.180,1.15503,1.15505,1.00,1.00
2015.01.16 18:44:29.164,1.15503,1.15506,1.00,2.32
2015.01.16 18:44:29.418,1.15501,1.15505,1.50,1.00
2015.01.16 18:44:30.158,1.15501,1.15505,1.00,1.00
2015.01.16 18:44:30.363,1.15508,1.1551,2.25,3.00
2015.01.16 18:44:30.464,1.15506,1.1551,1.50,1.57
2015.01.16 18:44:30.515,1.15508,1.1551,1.00,2.32
2015.01.16 18:44:30.769,1.15505,1.1551,1.00,2.32
2015.01.16 18:44:30.819,1.15508,1.1551,2.25,6.45
2015.01.16 18:44:30.972,1.15509,1.1551,1.50,1.10
2015.01.16 18:44:31.123,1.15507,1.15511,1.50,1.07
2015.01.16 18:44:31.430,1.15506,1.15507,1.00,1.50
2015.01.16 18:44:32.155,1.15503,1.15507,1.00,1.50
2015.01.16 18:44:33.385,1.15501,1.15507,1.45,1.50
2015.01.16 18:44:35.400,1.15502,1.15508,1.20,1.10
2015.01.16 18:44:35.501,1.15503,1.15507,1.07,1.00
2015.01.16 18:44:36.574,1.15501,1.15506,3.00,1.00
2015.01.16 18:44:36.911,1.15504,1.1551,1.57,5.51
2015.01.16 18:44:37.013,1.15506,1.1551,1.00,1.57
2015.01.16 18:44:38.318,1.15504,1.15508,1.07,1.00
2015.01.16 18:44:38.372,1.15504,1.15507,1.00,1.00
2015.01.16 18:44:38.891,1.15502,1.15506,2.70,1.00
2015.01.16 18:44:39.720,1.15502,1.15507,1.95,1.00
2015.01.16 18:44:43.283,1.15501,1.15506,1.87,1.00
2015.01.16 18:44:44.248,1.155,1.15504,1.87,1.00
2015.01.16 18:44:44.761,1.15499,1.15504,1.87,1.00
2015.01.16 18:44:46.446,1.15503,1.15505,1.00,1.00
2015.01.16 18:44:46.547,1.15505,1.15508,1.00,1.10
2015.01.16 18:44:47.053,1.15503,1.15508,1.57,1.00
2015.01.16 18:44:53.249,1.15502,1.15506,2.25,1.00
2015.01.16 18:44:54.648,1.155,1.15506,4.87,1.50
2015.01.16 18:44:54.750,1.155,1.15506,1.57,1.50
2015.01.16 18:44:55.261,1.155,1.15505,1.10,1.00
2015.01.16 18:44:56.201,1.155,1.15505,1.07,1.00
2015.01.16 18:44:56.752,1.155,1.15506,3.45,1.50
2015.01.16 18:44:58.735,1.155,1.15506,1.95,2.25
2015.01.16 18:45:00.737,1.15499,1.15505,1.12,1.00
2015.01.16 18:45:01.251,1.15499,1.15506,1.12,2.25
2015.01.16 18:45:01.752,1.15499,1.15505,1.12,1.00
2015.01.16 18:45:02.967,1.15499,1.15506,1.12,2.25
2015.01.16 18:45:03.170,1.15504,1.15506,1.00,1.50
2015.01.16 18:45:04.832,1.15505,1.15506,1.50,1.50
2015.01.16 18:45:05.135,1.15508,1.1551,1.50,1.00
2015.01.16 18:45:05.389,1.15508,1.15513,1.00,1.20
2015.01.16 18:45:05.918,1.15507,1.15513,2.25,1.20
2015.01.16 18:45:06.312,1.1551,1.15513,1.00,1.57
2015.01.16 18:45:06.515,1.15511,1.15515,1.00,1.12
2015.01.16 18:45:06.932,1.15511,1.15515,4.35,1.12
2015.01.16 18:45:07.135,1.15517,1.15521,1.50,1.87
2015.01.16 18:45:07.186,1.15517,1.15521,1.57,1.50
2015.01.16 18:45:07.237,1.15518,1.15525,1.10,4.95
2015.01.16 18:45:07.761,1.15519,1.15525,1.10,2.32
2015.01.16 18:45:08.216,1.15521,1.15525,1.00,2.25
2015.01.16 18:45:08.728,1.15519,1.15525,1.07,3.00
2015.01.16 18:45:09.234,1.15517,1.15525,2.62,4.20
2015.01.16 18:45:09.777,1.15517,1.15525,1.57,5.55
2015.01.16 18:45:10.081,1.15515,1.15522,3.45,1.00
2015.01.16 18:45:10.586,1.15515,1.15522,1.57,1.10
2015.01.16 18:45:11.798,1.15515,1.15522,1.50,1.07
2015.01.16 18:45:12.115,1.15515,1.15519,1.50,1.00
2015.01.16 18:45:12.631,1.15515,1.15518,1.00,1.50
2015.01.16 18:45:12.935,1.15516,1.15522,1.00,4.20
2015.01.16 18:45:13.238,1.15517,1.15524,1.50,2.32
2015.01.16 18:45:13.390,1.15516,1.15519,3.07,1.00
2015.01.16 18:45:13.694,1.15511,1.15515,2.62,1.00
2015.01.16 18:45:13.897,1.15511,1.15516,1.57,1.50
2015.01.16 18:45:14.403,1.15512,1.15516,1.00,1.50
2015.01.16 18:45:14.773,1.15514,1.15516,1.00,1.50
2015.01.16 18:45:14.824,1.15514,1.15518,1.00,1.50
2015.01.16 18:45:14.926,1.15514,1.1552,1.00,2.32
2015.01.16 18:45:15.281,1.15516,1.1552,4.12,1.50
2015.01.16 18:45:15.433,1.15517,1.15523,1.10,1.10
2015.01.16 18:45:15.953,1.15516,1.15522,2.85,1.00
2015.01.16 18:45:16.459,1.15514,1.15521,1.87,1.00
2015.01.16 18:45:18.024,1.15512,1.1552,3.00,1.00
2015.01.16 18:45:20.713,1.15512,1.1552,2.62,1.00
2015.01.16 18:45:23.065,1.15512,1.15519,2.62,1.00
2015.01.16 18:45:24.323,1.15512,1.15518,1.87,1.00
2015.01.16 18:45:24.727,1.15515,1.1552,3.22,2.25
2015.01.16 18:45:25.244,1.15515,1.1552,2.10,2.25
2015.01.16 18:45:25.750,1.15513,1.15518,1.12,1.50
2015.01.16 18:45:28.543,1.15518,1.15519,4.87,1.50
2015.01.16 18:45:28.644,1.15516,1.1552,1.00,1.00
2015.01.16 18:45:29.150,1.15514,1.1552,1.10,1.10
2015.01.16 18:45:29.797,1.15517,1.1552,1.50,1.57
2015.01.16 18:45:30.303,1.15516,1.15519,2.25,1.00
2015.01.16 18:45:30.606,1.15518,1.15519,1.00,1.00
2015.01.16 18:45:30.708,1.15516,1.15519,1.57,2.25
2015.01.16 18:45:30.809,1.15518,1.1552,2.32,1.50
2015.01.16 18:45:31.114,1.15519,1.15524,1.00,1.07
2015.01.16 18:45:31.165,1.15519,1.15524,1.57,1.10
2015.01.16 18:45:31.418,1.1552,1.15522,1.50,1.00
2015.01.16 18:45:31.929,1.1552,1.15523,1.50,1.00
2015.01.16 18:45:33.355,1.15518,1.15523,1.57,1.35
2015.01.16 18:45:33.810,1.15517,1.15523,1.00,1.57
2015.01.16 18:45:36.943,1.15516,1.1552,1.12,1.00
2015.01.16 18:45:37.503,1.15516,1.15522,1.12,2.32
2015.01.16 18:45:38.262,1.15516,1.1552,8.02,1.00
2015.01.16 18:45:38.618,1.15517,1.15522,1.00,1.10
2015.01.16 18:45:38.771,1.15519,1.15522,1.50,1.10
2015.01.16 18:45:40.773,1.15518,1.15522,1.00,1.10
2015.01.16 18:45:41.078,1.15522,1.15526,1.50,1.07
2015.01.16 18:45:41.129,1.15522,1.15525,1.50,1.10
2015.01.16 18:45:41.230,1.15524,1.15525,1.00,1.00
2015.01.16 18:45:41.382,1.15524,1.15527,1.50,1.10
2015.01.16 18:45:41.483,1.15522,1.15527,3.00,1.10
2015.01.16 18:45:42.512,1.15522,1.15526,1.00,1.00
2015.01.16 18:45:42.613,1.1552,1.15526,1.10,2.25
2015.01.16 18:45:43.129,1.15518,1.15525,2.70,1.00
2015.01.16 18:45:43.180,1.15518,1.15525,2.70,1.00
2015.01.16 18:45:43.332,1.15528,1.1553,4.50,3.75
2015.01.16 18:45:43.838,1.15528,1.15534,3.00,3.07
2015.01.16 18:45:44.266,1.1553,1.15534,1.00,2.32
2015.01.16 18:45:44.778,1.1553,1.15536,1.87,2.32
2015.01.16 18:45:45.851,1.1553,1.15534,3.75,1.00
2015.01.16 18:45:46.457,1.1553,1.15537,4.57,1.10
2015.01.16 18:45:46.964,1.1553,1.15534,2.32,1.00
2015.01.16 18:45:47.515,1.1553,1.15535,3.00,1.00
2015.01.16 18:45:48.070,1.15528,1.15534,1.57,1.00
2015.01.16 18:45:48.433,1.15538,1.15539,1.00,6.30
2015.01.16 18:45:48.535,1.15538,1.1554,1.00,3.82
2015.01.16 18:45:48.889,1.15539,1.15543,1.00,1.50
2015.01.16 18:45:48.990,1.15539,1.15541,1.00,3.00
2015.01.16 18:45:49.192,1.15539,1.15543,1.00,1.50
2015.01.16 18:45:50.297,1.15538,1.15543,3.82,1.50
2015.01.16 18:45:52.163,1.15539,1.15543,1.00,1.00
2015.01.16 18:45:52.700,1.15539,1.15544,2.25,1.00
2015.01.16 18:45:53.213,1.1554,1.15544,1.12,1.00
2015.01.16 18:45:54.178,1.15539,1.15544,2.62,1.00
2015.01.16 18:45:54.728,1.1554,1.15545,1.12,1.10
2015.01.16 18:45:55.947,1.1554,1.15546,1.87,1.50
2015.01.16 18:45:57.320,1.1554,1.15545,1.87,1.00
2015.01.16 18:45:57.472,1.15538,1.15544,1.07,1.87
2015.01.16 18:45:57.980,1.15538,1.15542,1.07,1.50
2015.01.16 18:45:58.863,1.15541,1.15542,1.00,1.50
2015.01.16 18:45:58.914,1.15541,1.15545,1.00,1.00
2015.01.16 18:45:59.116,1.1554,1.15547,7.87,1.00
2015.01.16 18:46:00.035,1.1554,1.15546,4.12,1.00
2015.01.16 18:46:00.188,1.1554,1.15545,1.57,1.00
2015.01.16 18:46:00.392,1.15539,1.15541,1.00,1.00
2015.01.16 18:46:00.746,1.15539,1.15544,1.00,1.57
2015.01.16 18:46:01.367,1.15538,1.15544,1.50,1.57
2015.01.16 18:46:02.368,1.1554,1.15544,1.00,1.57
2015.01.16 18:46:03.007,1.15539,1.15544,1.00,1.57
2015.01.16 18:46:03.788,1.1554,1.15544,1.00,2.32
2015.01.16 18:46:06.332,1.15541,1.15544,1.00,1.07
2015.01.16 18:46:08.068,1.1554,1.15545,3.75,1.57
2015.01.16 18:46:08.576,1.15543,1.15545,1.00,1.50
2015.01.16 18:46:10.704,1.1554,1.15545,1.00,1.07
2015.01.16 18:46:11.210,1.15543,1.15545,1.00,1.00
2015.01.16 18:46:14.997,1.15542,1.15545,1.00,1.57
2015.01.16 18:46:15.997,1.15542,1.15545,1.00,2.32
2015.01.16 18:46:16.099,1.1554,1.15543,1.12,1.00
2015.01.16 18:46:16.403,1.15543,1.15545,1.00,1.00
2015.01.16 18:46:16.505,1.15542,1.15544,1.10,1.00
2015.01.16 18:46:16.556,1.15542,1.15545,1.10,1.00
2015.01.16 18:46:17.062,1.15542,1.15545,1.10,1.00
2015.01.16 18:46:17.316,1.15542,1.15549,1.57,1.10
2015.01.16 18:46:17.467,1.15546,1.1555,1.00,5.36
2015.01.16 18:46:17.569,1.15546,1.1555,6.56,2.70
2015.01.16 18:46:17.670,1.15548,1.1555,1.00,3.00
2015.01.16 18:46:17.974,1.15546,1.1555,7.39,3.75
2015.01.16 18:46:19.748,1.15546,1.15551,4.57,1.95
2015.01.16 18:46:19.869,1.1555,1.15553,1.00,1.00
2015.01.16 18:46:20.021,1.1555,1.15557,5.25,1.57
2015.01.16 18:46:20.122,1.15553,1.15557,1.00,1.07
2015.01.16 18:46:20.543,1.15556,1.15557,3.37,1.00
2015.01.16 18:46:20.644,1.15552,1.15557,1.00,2.25
2015.01.16 18:46:20.948,1.1555,1.15557,1.10,2.32
2015.01.16 18:46:26.077,1.15551,1.15557,1.00,1.57
2015.01.16 18:46:28.547,1.1555,1.15557,4.95,1.57
2015.01.16 18:46:29.053,1.1555,1.15557,1.00,2.32
2015.01.16 18:46:30.017,1.15549,1.15557,10.20,2.32
2015.01.16 18:46:30.523,1.1555,1.15557,2.62,3.07
2015.01.16 18:46:31.681,1.1555,1.15557,6.00,2.25
2015.01.16 18:46:31.732,1.15552,1.15557,1.00,2.25
2015.01.16 18:46:33.333,1.1555,1.15557,6.00,2.25
2015.01.16 18:46:36.462,1.15552,1.15557,1.00,2.25
2015.01.16 18:46:36.969,1.1555,1.15557,5.25,2.25
2015.01.16 18:46:39.758,1.1555,1.15556,3.75,1.00
2015.01.16 18:46:45.828,1.1555,1.15557,3.07,2.32
2015.01.16 18:46:46.520,1.1555,1.15555,2.32,1.00
2015.01.16 18:46:52.461,1.1555,1.15556,2.32,1.00
2015.01.16 18:46:53.238,1.1555,1.15555,3.45,1.00
2015.01.16 18:46:54.988,1.15551,1.15555,1.50,1.00
2015.01.16 18:46:55.505,1.15552,1.15555,1.00,1.00
2015.01.16 18:46:56.111,1.15551,1.15555,1.50,1.00
2015.01.16 18:46:56.730,1.15551,1.15556,1.50,1.00
2015.01.16 18:46:57.392,1.15551,1.15553,1.00,1.50
2015.01.16 18:46:57.493,1.15547,1.15551,3.00,1.00
2015.01.16 18:46:57.797,1.15549,1.15552,1.00,1.10
2015.01.16 18:46:58.309,1.15549,1.15551,1.00,1.00
2015.01.16 18:46:58.411,1.15544,1.15548,2.55,1.00
2015.01.16 18:46:58.867,1.15541,1.15547,1.00,1.10
2015.01.16 18:46:59.071,1.1554,1.15545,2.70,1.00
2015.01.16 18:46:59.678,1.15539,1.15543,3.82,1.00
2015.01.16 18:47:01.156,1.15539,1.15543,4.95,1.00
2015.01.16 18:47:01.995,1.15539,1.15544,3.82,1.00
2015.01.16 18:47:02.703,1.15542,1.15544,1.00,1.00
2015.01.16 18:47:03.007,1.15549,1.15553,1.95,1.00
2015.01.16 18:47:03.109,1.15549,1.15552,1.95,1.00
2015.01.16 18:47:03.261,1.15549,1.15552,1.95,1.00
2015.01.16 18:47:03.464,1.15549,1.15552,1.10,1.50
2015.01.16 18:47:03.514,1.15547,1.15549,1.80,1.00
2015.01.16 18:47:03.567,1.15546,1.15548,1.50,1.50
2015.01.16 18:47:03.668,1.15543,1.15548,1.57,1.00
2015.01.16 18:47:04.185,1.15543,1.15547,1.57,1.00
2015.01.16 18:47:04.438,1.1554,1.15546,1.57,1.00
2015.01.16 18:47:04.943,1.1554,1.15545,1.57,1.00
2015.01.16 18:47:05.696,1.15539,1.15546,4.65,1.00
2015.01.16 18:47:06.227,1.1554,1.15545,1.07,1.00
2015.01.16 18:47:08.142,1.15539,1.15546,5.40,1.00
2015.01.16 18:47:08.649,1.1554,1.15547,4.87,1.50
2015.01.16 18:47:09.947,1.1554,1.15547,1.57,2.25
2015.01.16 18:47:09.997,1.1554,1.15545,1.57,1.00
2015.01.16 18:47:13.981,1.15539,1.15546,3.90,1.00
2015.01.16 18:47:14.523,1.15539,1.15545,2.25,1.00
2015.01.16 18:47:16.016,1.15539,1.15546,5.40,1.00
2015.01.16 18:47:16.562,1.15539,1.15545,5.40,1.00
2015.01.16 18:47:18.208,1.15539,1.15545,3.97,1.00
2015.01.16 18:47:22.945,1.1554,1.15545,3.82,1.00
2015.01.16 18:47:23.859,1.1554,1.15547,7.57,2.25
2015.01.16 18:47:23.986,1.1554,1.15545,6.07,1.00
2015.01.16 18:47:26.350,1.1554,1.15545,5.70,1.00
2015.01.16 18:47:26.887,1.1554,1.15545,6.07,1.00
2015.01.16 18:47:29.876,1.1554,1.15545,2.62,1.10
2015.01.16 18:47:30.381,1.15539,1.15545,1.87,2.32
2015.01.16 18:47:36.093,1.15539,1.15542,1.87,1.00
2015.01.16 18:47:36.619,1.1554,1.15542,1.00,1.00
2015.01.16 18:47:37.162,1.1554,1.15543,1.00,1.00
2015.01.16 18:47:37.743,1.15539,1.15544,1.87,1.57
2015.01.16 18:47:38.046,1.15539,1.15541,1.00,1.00
2015.01.16 18:47:38.207,1.15536,1.15541,10.95,1.00
2015.01.16 18:47:38.712,1.15536,1.15541,9.07,1.00
2015.01.16 18:47:38.965,1.15536,1.15538,4.50,1.10
2015.01.16 18:47:39.067,1.15532,1.15538,2.25,1.10
2015.01.16 18:47:39.269,1.15534,1.15538,1.50,1.10
2015.01.16 18:47:39.472,1.15532,1.15539,2.25,1.07
2015.01.16 18:47:40.848,1.15532,1.15538,1.50,1.07
2015.01.16 18:47:41.354,1.15531,1.15538,1.50,1.57
2015.01.16 18:47:41.860,1.15532,1.15538,1.00,1.07
2015.01.16 18:47:43.207,1.1553,1.15538,4.12,1.57
2015.01.16 18:47:43.713,1.1553,1.15536,1.87,1.47
2015.01.16 18:47:44.291,1.15528,1.15534,1.95,1.00
2015.01.16 18:47:44.393,1.15528,1.15535,1.00,2.32
2015.01.16 18:47:45.200,1.15529,1.15535,1.00,1.57
2015.01.16 18:47:45.251,1.15531,1.15535,1.00,1.57
2015.01.16 18:47:45.353,1.15531,1.15536,1.00,1.57
2015.01.16 18:47:45.858,1.1553,1.15536,3.00,1.10
2015.01.16 18:47:48.096,1.15529,1.15537,1.57,2.32
2015.01.16 18:47:48.860,1.15529,1.15536,1.00,1.07
2015.01.16 18:47:51.079,1.15528,1.15534,1.00,1.10
2015.01.16 18:47:53.068,1.15528,1.15534,1.00,1.07
2015.01.16 18:47:53.228,1.15526,1.15534,8.70,1.07
2015.01.16 18:47:55.192,1.15527,1.15533,1.00,1.10
2015.01.16 18:47:55.697,1.15527,1.15533,1.00,1.07
2015.01.16 18:47:56.355,1.15526,1.15533,5.81,1.57
2015.01.16 18:47:57.329,1.15526,1.15535,6.00,3.82
2015.01.16 18:47:58.559,1.15527,1.15535,1.00,4.20
2015.01.16 18:48:01.533,1.15526,1.15529,6.56,1.00
2015.01.16 18:48:02.909,1.15529,1.15533,1.00,1.00
2015.01.16 18:48:03.061,1.1553,1.15533,1.00,1.00
2015.01.16 18:48:03.567,1.15529,1.15533,1.50,1.00
2015.01.16 18:48:04.022,1.15528,1.15534,1.50,1.10
2015.01.16 18:48:04.225,1.15525,1.15527,4.50,2.25
2015.01.16 18:48:04.276,1.15523,1.15526,1.00,1.07
2015.01.16 18:48:04.335,1.15522,1.15526,1.00,1.57
2015.01.16 18:48:04.389,1.15519,1.15521,1.10,1.00
2015.01.16 18:48:04.693,1.15518,1.15521,1.57,1.00
2015.01.16 18:48:04.846,1.1552,1.15525,1.00,1.37
2015.01.16 18:48:04.948,1.15518,1.15525,1.00,1.87
2015.01.16 18:48:05.049,1.15517,1.15519,1.13,1.00
2015.01.16 18:48:05.354,1.15514,1.15516,4.50,1.00
2015.01.16 18:48:05.558,1.15511,1.15516,1.07,1.00
2015.01.16 18:48:06.017,1.15516,1.1552,1.00,6.37
2015.01.16 18:48:06.352,1.15514,1.1552,1.50,4.50
2015.01.16 18:48:06.454,1.15519,1.15522,1.00,1.50
2015.01.16 18:48:06.505,1.15519,1.15522,1.00,1.12
2015.01.16 18:48:06.709,1.1552,1.15525,1.00,6.75
2015.01.16 18:48:06.811,1.15522,1.15525,1.00,4.95
2015.01.16 18:48:09.530,1.15522,1.15525,1.00,1.12
2015.01.16 18:48:10.948,1.15522,1.15525,1.00,1.20
2015.01.16 18:48:12.378,1.15522,1.15525,1.00,1.20
2015.01.16 18:48:12.926,1.15521,1.15525,1.00,1.20
2015.01.16 18:48:14.594,1.1552,1.15525,2.62,1.20
2015.01.16 18:48:16.904,1.1552,1.15525,1.00,3.37
2015.01.16 18:48:17.798,1.15521,1.15525,1.00,1.67
2015.01.16 18:48:17.900,1.15524,1.15526,3.75,1.50
2015.01.16 18:48:17.951,1.15526,1.15529,1.00,1.10
2015.01.16 18:48:18.002,1.15526,1.15529,1.00,1.10
2015.01.16 18:48:18.103,1.15524,1.15529,1.00,1.10
2015.01.16 18:48:18.256,1.15524,1.15527,1.00,1.00
2015.01.16 18:48:18.469,1.15519,1.15527,2.14,2.32
2015.01.16 18:48:18.520,1.15524,1.15527,2.25,2.32
2015.01.16 18:48:18.876,1.1552,1.15526,1.76,1.95
2015.01.16 18:48:19.382,1.1552,1.15525,1.39,1.12
2015.01.16 18:48:21.650,1.15522,1.15525,1.00,1.10
2015.01.16 18:48:22.582,1.15521,1.15525,1.00,1.95
2015.01.16 18:48:23.098,1.15518,1.15525,2.98,1.95
2015.01.16 18:48:26.156,1.15521,1.15525,1.00,2.70
2015.01.16 18:48:26.662,1.15518,1.15524,1.85,1.00
2015.01.16 18:48:27.836,1.15518,1.15523,1.85,1.00
2015.01.16 18:48:27.938,1.15515,1.1552,4.66,1.50
2015.01.16 18:48:28.040,1.15512,1.1552,1.10,4.12
2015.01.16 18:48:28.293,1.15517,1.1552,1.47,1.95
2015.01.16 18:48:28.344,1.15519,1.15522,1.00,1.00
2015.01.16 18:48:28.455,1.15519,1.15524,1.50,1.10
2015.01.16 18:48:28.961,1.1552,1.15526,2.25,2.25
2015.01.16 18:48:29.214,1.15518,1.15526,1.10,2.62
2015.01.16 18:48:30.477,1.15518,1.15525,1.07,2.70
2015.01.16 18:48:30.983,1.1552,1.15525,1.10,1.12
2015.01.16 18:48:31.540,1.1552,1.15526,1.10,2.70
2015.01.16 18:48:31.996,1.15521,1.15528,1.10,2.25
2015.01.16 18:48:33.519,1.1552,1.15527,4.20,1.00
2015.01.16 18:48:34.025,1.15521,1.15528,1.57,1.00
2015.01.16 18:48:34.076,1.15521,1.15528,1.87,1.00
2015.01.16 18:48:36.970,1.1552,1.15528,2.25,4.57
2015.01.16 18:48:37.584,1.1552,1.15528,2.70,4.87
2015.01.16 18:48:39.592,1.1552,1.15526,1.00,1.07
2015.01.16 18:48:48.963,1.15521,1.15526,1.00,1.07
2015.01.16 18:48:49.015,1.15523,1.15526,1.00,1.45
2015.01.16 18:48:49.066,1.1553,1.15531,2.81,1.50
2015.01.16 18:48:49.168,1.15528,1.15532,2.25,1.00
2015.01.16 18:48:49.269,1.15531,1.15535,1.00,1.10
2015.01.16 18:48:49.573,1.15529,1.1553,1.00,1.00
2015.01.16 18:48:49.674,1.15524,1.15529,6.37,3.37
2015.01.16 18:48:49.725,1.15524,1.15528,5.25,1.00
2015.01.16 18:48:50.240,1.15521,1.15527,1.00,1.50
2015.01.16 18:48:50.770,1.15521,1.15525,1.00,1.00
2015.01.16 18:48:52.588,1.15521,1.15526,1.00,1.00
2015.01.16 18:48:53.282,1.15521,1.15525,1.00,1.00
2015.01.16 18:48:53.625,1.15519,1.15522,1.87,1.00
2015.01.16 18:48:54.132,1.15519,1.15522,1.87,1.00
2015.01.16 18:48:54.638,1.15519,1.15522,1.87,1.00
2015.01.16 18:48:55.499,1.1552,1.15524,1.12,1.10
2015.01.16 18:48:57.976,1.1552,1.15525,1.12,1.20
2015.01.16 18:48:59.172,1.15519,1.15526,2.62,1.57
2015.01.16 18:48:59.678,1.1552,1.15525,1.12,1.10
2015.01.16 18:49:01.789,1.15522,1.15526,1.00,1.07
2015.01.16 18:49:02.042,1.1552,1.15525,3.37,1.10
2015.01.16 18:49:02.736,1.15519,1.15525,3.00,1.10
2015.01.16 18:49:03.260,1.1552,1.15525,1.12,1.10
2015.01.16 18:49:06.521,1.15519,1.15525,5.62,1.57
2015.01.16 18:49:07.057,1.1552,1.15525,1.00,1.57
2015.01.16 18:49:07.562,1.1552,1.15524,1.12,1.00
2015.01.16 18:49:08.156,1.15519,1.15524,4.87,1.00
2015.01.16 18:49:08.733,1.1552,1.15524,1.12,1.00
2015.01.16 18:49:08.784,1.15522,1.15524,1.00,1.00
2015.01.16 18:49:08.885,1.1552,1.15525,1.12,1.57
2015.01.16 18:49:10.010,1.15519,1.15521,3.00,1.00
2015.01.16 18:49:10.112,1.15518,1.1552,1.10,1.00
2015.01.16 18:49:10.214,1.15519,1.15522,2.25,1.00
2015.01.16 18:49:10.265,1.15519,1.15524,2.25,1.00
2015.01.16 18:49:10.770,1.1552,1.15525,1.12,1.10
2015.01.16 18:49:11.286,1.15519,1.15525,3.37,1.10
2015.01.16 18:49:11.794,1.1552,1.15525,1.12,1.10
2015.01.16 18:49:12.947,1.15519,1.15525,2.62,1.10
2015.01.16 18:49:13.712,1.15519,1.15525,2.62,1.39
2015.01.16 18:49:13.865,1.15523,1.15525,1.00,1.95
2015.01.16 18:49:14.168,1.1552,1.15525,1.87,1.76
2015.01.16 18:49:19.018,1.1552,1.15523,1.00,1.00
2015.01.16 18:49:19.321,1.15519,1.1552,1.50,1.12
2015.01.16 18:49:20.383,1.1552,1.15522,1.00,2.62
2015.01.16 18:49:20.944,1.15519,1.1552,2.25,1.12
2015.01.16 18:49:21.807,1.15519,1.15525,1.00,4.95
2015.01.16 18:49:21.858,1.15519,1.15521,1.00,1.00
2015.01.16 18:49:22.061,1.15519,1.15524,1.50,1.10
2015.01.16 18:49:23.149,1.15519,1.15525,3.37,2.51
2015.01.16 18:49:25.429,1.15518,1.15522,6.37,1.00
2015.01.16 18:49:25.530,1.15518,1.15522,5.25,1.00
2015.01.16 18:49:25.632,1.15519,1.15524,1.50,2.32
2015.01.16 18:49:25.784,1.15519,1.15524,1.50,2.62
2015.01.16 18:49:27.786,1.1552,1.15525,1.00,5.44
2015.01.16 18:49:28.911,1.15521,1.15525,1.00,4.69
2015.01.16 18:49:29.114,1.15521,1.15527,1.50,1.07
2015.01.16 18:49:29.518,1.15524,1.15527,1.00,2.32
2015.01.16 18:49:29.833,1.15522,1.15527,1.00,2.32
2015.01.16 18:49:30.361,1.15522,1.15525,1.00,1.50
2015.01.16 18:49:32.784,1.15521,1.15525,1.00,3.19
2015.01.16 18:49:33.873,1.15522,1.15525,1.00,2.06
2015.01.16 18:49:34.025,1.1552,1.15525,1.50,2.06
2015.01.16 18:49:38.904,1.15523,1.15525,1.00,1.00
2015.01.16 18:49:39.209,1.15529,1.15532,1.00,1.87
2015.01.16 18:49:39.715,1.15529,1.15533,1.00,2.92
2015.01.16 18:49:40.025,1.1553,1.15535,1.00,5.14
2015.01.16 18:49:40.530,1.15531,1.15535,1.00,6.75
2015.01.16 18:49:41.036,1.1553,1.15534,1.00,1.87
2015.01.16 18:49:41.137,1.1553,1.15534,1.00,2.55
2015.01.16 18:49:42.308,1.15532,1.15534,1.00,1.05
2015.01.16 18:49:42.511,1.15536,1.1554,6.56,2.32
2015.01.16 18:49:42.613,1.15536,1.1554,5.89,1.00
2015.01.16 18:49:42.715,1.15536,1.15543,5.89,2.32
2015.01.16 18:49:43.605,1.15536,1.15543,5.14,1.10
2015.01.16 18:49:44.220,1.15537,1.15543,1.10,1.10
2015.01.16 18:49:46.306,1.15537,1.15544,1.10,1.07
2015.01.16 18:49:46.814,1.15536,1.15544,11.70,1.07
2015.01.16 18:49:47.319,1.15536,1.15544,10.95,1.07
2015.01.16 18:49:50.607,1.15536,1.15543,9.82,1.57
2015.01.16 18:49:51.477,1.15538,1.15543,1.00,1.57
2015.01.16 18:49:52.037,1.15537,1.15543,1.10,1.57
2015.01.16 18:49:53.908,1.15537,1.15543,2.70,1.57
2015.01.16 18:49:56.337,1.15541,1.15545,1.50,1.50
2015.01.16 18:49:56.388,1.15544,1.15547,1.00,1.07
2015.01.16 18:49:56.489,1.15542,1.15547,1.00,1.07
2015.01.16 18:49:56.793,1.15544,1.15548,1.50,1.07
2015.01.16 18:49:56.945,1.15542,1.1555,1.10,5.25
2015.01.16 18:49:57.148,1.1554,1.15546,1.95,2.32
2015.01.16 18:49:57.249,1.1554,1.15546,1.00,2.62
2015.01.16 18:49:58.314,1.15538,1.15546,1.07,2.25
2015.01.16 18:49:58.569,1.15539,1.15548,2.25,1.57
2015.01.16 18:49:59.024,1.15537,1.15546,7.12,1.57
2015.01.16 18:49:59.839,1.15538,1.15545,1.57,1.20
2015.01.16 18:50:00.344,1.15537,1.15546,5.32,1.87
2015.01.16 18:50:01.169,1.15537,1.15542,1.57,1.00
2015.01.16 18:50:01.692,1.15536,1.15542,1.50,1.95
2015.01.16 18:50:02.570,1.15536,1.1554,1.00,1.50
2015.01.16 18:50:02.621,1.15536,1.1554,1.00,1.87
2015.01.16 18:50:02.723,1.15533,1.1554,1.00,2.25
2015.01.16 18:50:03.279,1.15533,1.15537,1.00,1.00
2015.01.16 18:50:04.989,1.15533,1.15539,1.00,1.57
2015.01.16 18:50:05.495,1.15534,1.15539,1.00,1.57
2015.01.16 18:50:05.901,1.15534,1.15536,1.00,1.50
2015.01.16 18:50:06.255,1.15529,1.15536,1.45,1.50
2015.01.16 18:50:07.943,1.15534,1.15537,3.25,1.50
2015.01.16 18:50:08.045,1.15531,1.15537,2.25,1.07
2015.01.16 18:50:08.147,1.15534,1.15538,1.00,1.07
2015.01.16 18:50:08.582,1.1553,1.15535,2.32,1.57
2015.01.16 18:50:09.263,1.1553,1.15535,1.00,4.20
2015.01.16 18:50:10.418,1.15529,1.15535,1.00,1.57
2015.01.16 18:50:11.020,1.1553,1.15535,1.00,4.20
2015.01.16 18:50:11.732,1.15528,1.15535,1.00,3.07
2015.01.16 18:50:13.726,1.15528,1.15534,1.00,1.07
2015.01.16 18:50:16.248,1.15527,1.15534,1.00,1.57
2015.01.16 18:50:16.754,1.15528,1.15534,1.00,1.07
2015.01.16 18:50:17.768,1.15527,1.15534,1.00,1.57
2015.01.16 18:50:20.125,1.15527,1.15535,1.07,2.32
2015.01.16 18:50:22.366,1.1553,1.15535,1.00,1.57
2015.01.16 18:50:22.669,1.15532,1.15535,1.00,1.95
2015.01.16 18:50:23.394,1.15528,1.15535,2.32,1.95
2015.01.16 18:50:24.445,1.15529,1.15535,1.00,1.95
2015.01.16 18:50:24.546,1.15529,1.15537,3.00,6.82
2015.01.16 18:50:25.051,1.15529,1.15537,3.37,5.32
2015.01.16 18:50:26.045,1.15528,1.15535,1.10,3.45
2015.01.16 18:50:27.682,1.15529,1.15535,1.00,1.57
2015.01.16 18:50:28.360,1.1553,1.15535,1.00,1.57
2015.01.16 18:50:29.099,1.15531,1.15535,1.00,1.57
2015.01.16 18:50:33.503,1.1553,1.15535,1.00,1.57
2015.01.16 18:50:33.654,1.1553,1.15535,1.00,1.57
2015.01.16 18:50:34.160,1.15529,1.15535,1.00,3.07
2015.01.16 18:50:40.183,1.1553,1.15535,1.12,1.07
2015.01.16 18:50:40.697,1.1553,1.15536,1.87,1.57
2015.01.16 18:50:50.834,1.15529,1.15535,1.87,1.07
2015.01.16 18:50:52.297,1.15529,1.15536,4.12,1.87
2015.01.16 18:50:52.843,1.1553,1.15536,1.12,1.87
2015.01.16 18:50:54.794,1.15529,1.15535,1.50,1.57
2015.01.16 18:50:55.399,1.1553,1.15534,1.00,1.07
2015.01.16 18:51:03.302,1.15529,1.15534,2.25,1.07
2015.01.16 18:51:03.454,1.15527,1.15533,3.07,1.10
2015.01.16 18:51:07.193,1.15529,1.15533,1.00,1.10
2015.01.16 18:51:07.972,1.15527,1.15533,3.07,1.10
2015.01.16 18:51:08.394,1.15527,1.1553,1.10,1.00
2015.01.16 18:51:08.495,1.15526,1.15532,1.07,1.00
2015.01.16 18:51:08.546,1.15525,1.15532,4.12,1.07
2015.01.16 18:51:08.849,1.15525,1.15528,2.62,1.00
2015.01.16 18:51:08.954,1.15525,1.15531,2.62,1.07
2015.01.16 18:51:09.309,1.15524,1.15529,1.50,4.95
2015.01.16 18:51:12.947,1.15524,1.15529,1.00,4.20
2015.01.16 18:51:13.603,1.15523,1.15529,1.50,2.32
2015.01.16 18:51:13.906,1.15527,1.15529,3.25,2.25
2015.01.16 18:51:14.058,1.15528,1.15532,3.75,1.57
2015.01.16 18:51:14.563,1.15531,1.15535,1.00,1.07
2015.01.16 18:51:15.220,1.15529,1.15535,3.37,1.35
2015.01.16 18:51:15.776,1.1553,1.15535,1.12,1.10
2015.01.16 18:51:16.946,1.1553,1.15534,1.12,1.00
2015.01.16 18:51:17.098,1.15529,1.15532,1.50,1.00
2015.01.16 18:51:17.630,1.15529,1.15531,1.00,1.00
2015.01.16 18:51:18.098,1.15527,1.15531,1.10,1.00
2015.01.16 18:51:18.300,1.15525,1.1553,2.62,1.00
2015.01.16 18:51:18.554,1.15525,1.15528,1.00,1.00
2015.01.16 18:51:19.059,1.15523,1.15527,1.52,1.00
2015.01.16 18:51:19.581,1.15521,1.15525,1.87,1.00
2015.01.16 18:51:21.621,1.15522,1.15527,1.12,1.00
2015.01.16 18:51:24.166,1.15522,1.15527,1.10,1.00
2015.01.16 18:51:24.924,1.15522,1.15529,2.32,1.07
2015.01.16 18:51:30.734,1.15522,1.15527,1.10,1.00
2015.01.16 18:51:31.334,1.15521,1.15529,2.32,2.32
2015.01.16 18:51:32.862,1.15521,1.15526,1.07,1.00
2015.01.16 18:51:32.964,1.1552,1.15526,3.37,1.57
2015.01.16 18:51:33.268,1.15522,1.15526,1.00,1.57
2015.01.16 18:51:33.521,1.1552,1.15526,2.62,1.57
2015.01.16 18:51:34.102,1.1552,1.15525,2.62,1.00
2015.01.16 18:51:37.336,1.15519,1.15525,3.07,1.00
2015.01.16 18:51:37.993,1.1552,1.15525,2.62,1.00
2015.01.16 18:51:38.448,1.15519,1.15523,2.70,1.00
2015.01.16 18:51:38.962,1.15519,1.15523,3.45,1.00
2015.01.16 18:51:41.317,1.15519,1.15523,3.07,1.00
2015.01.16 18:51:43.424,1.1552,1.15523,3.37,1.00
2015.01.16 18:51:45.460,1.1552,1.15524,3.37,1.00
2015.01.16 18:51:47.438,1.1552,1.15523,3.37,1.00
2015.01.16 18:51:49.531,1.1552,1.15525,3.37,1.00
2015.01.16 18:51:51.655,1.1552,1.15527,4.50,1.00
2015.01.16 18:51:52.413,1.15521,1.15524,1.57,1.00
2015.01.16 18:51:53.262,1.15521,1.15524,1.57,1.00
2015.01.16 18:51:53.516,1.15525,1.15529,7.50,1.07
2015.01.16 18:51:53.718,1.15526,1.15529,8.02,1.00
2015.01.16 18:51:56.034,1.15527,1.1553,1.57,1.00
2015.01.16 18:51:57.257,1.15527,1.1553,1.10,1.00
2015.01.16 18:51:59.000,1.15526,1.15529,10.57,1.00
2015.01.16 18:52:02.702,1.15527,1.1553,1.37,1.00
2015.01.16 18:52:03.214,1.15527,1.15529,1.00,1.00
2015.01.16 18:52:04.071,1.15527,1.1553,1.00,1.00
2015.01.16 18:52:05.279,1.15527,1.15529,1.00,1.00
2015.01.16 18:52:05.592,1.15527,1.15533,1.00,2.32
2015.01.16 18:52:11.755,1.15527,1.15533,3.00,1.07
2015.01.16 18:52:12.326,1.15528,1.15534,1.00,1.95
2015.01.16 18:52:20.518,1.15527,1.15533,2.25,1.07
2015.01.16 18:52:33.484,1.15528,1.15534,1.00,1.20
2015.01.16 18:52:33.990,1.15529,1.15534,4.50,1.20
2015.01.16 18:52:34.656,1.15528,1.15534,3.00,1.20
2015.01.16 18:52:38.385,1.15527,1.15534,5.32,1.95
2015.01.16 18:52:38.789,1.15527,1.15534,3.00,2.25
2015.01.16 18:52:40.847,1.15527,1.15529,3.00,3.00
2015.01.16 18:52:40.999,1.15522,1.15525,1.00,1.00
2015.01.16 18:52:41.101,1.1552,1.15524,1.50,1.10
2015.01.16 18:52:41.152,1.15518,1.15524,1.50,1.57
2015.01.16 18:52:41.254,1.1552,1.15524,1.00,1.10
2015.01.16 18:52:41.759,1.1552,1.15525,1.00,1.07
2015.01.16 18:52:42.453,1.15519,1.15525,3.75,1.07
2015.01.16 18:52:42.657,1.15519,1.15526,4.87,1.07
2015.01.16 18:52:43.162,1.1552,1.15526,1.12,1.07
2015.01.16 18:52:43.756,1.15521,1.15526,1.00,1.07
2015.01.16 18:52:44.261,1.15521,1.15526,1.00,1.07
2015.01.16 18:52:50.572,1.15521,1.15527,1.00,3.07
2015.01.16 18:52:51.091,1.1552,1.15526,4.12,1.07
2015.01.16 18:52:57.167,1.1552,1.15526,5.70,1.10
2015.01.16 18:52:57.673,1.15521,1.15527,1.00,1.57
2015.01.16 18:52:58.183,1.1552,1.15526,1.12,1.50
2015.01.16 18:53:05.315,1.15521,1.15527,1.00,2.32
2015.01.16 18:53:09.731,1.1552,1.15527,4.87,2.32
2015.01.16 18:53:13.012,1.1552,1.15527,4.12,2.32
2015.01.16 18:53:15.340,1.15521,1.15527,1.00,2.32
2015.01.16 18:53:19.969,1.15522,1.15527,1.00,3.82
2015.01.16 18:53:26.465,1.1552,1.15527,3.30,3.82
2015.01.16 18:53:28.471,1.15524,1.15527,6.00,3.75
2015.01.16 18:53:28.725,1.15532,1.15535,1.00,2.70
2015.01.16 18:53:28.979,1.1553,1.15535,1.50,1.57
2015.01.16 18:53:29.334,1.15532,1.15535,1.00,1.57
2015.01.16 18:53:32.265,1.15528,1.15534,5.62,1.95
2015.01.16 18:53:32.433,1.15522,1.15527,1.57,1.00
2015.01.16 18:53:32.636,1.15525,1.15527,1.00,1.50
2015.01.16 18:53:33.802,1.15525,1.15528,1.00,3.00
2015.01.16 18:53:35.930,1.15524,1.15527,1.00,1.57
2015.01.16 18:53:38.082,1.15526,1.15528,1.50,2.32
2015.01.16 18:53:38.284,1.15535,1.1554,1.00,6.75
2015.01.16 18:53:38.335,1.15535,1.1554,1.00,3.97
2015.01.16 18:53:39.094,1.15537,1.1554,1.00,2.62
2015.01.16 18:53:39.551,1.15535,1.1554,1.10,3.37
2015.01.16 18:53:40.056,1.15535,1.15539,1.10,1.87
2015.01.16 18:53:42.498,1.15532,1.15538,1.07,1.87
2015.01.16 18:53:42.802,1.15531,1.15536,1.12,1.00
2015.01.16 18:53:42.955,1.15531,1.15536,1.10,1.50
2015.01.16 18:53:48.014,1.15531,1.15536,1.07,2.25
2015.01.16 18:53:53.603,1.1553,1.15536,1.07,2.25
2015.01.16 18:53:54.109,1.15532,1.15536,1.00,2.25
2015.01.16 18:53:54.640,1.15533,1.15536,1.00,2.25
2015.01.16 18:53:55.280,1.15533,1.15536,1.00,2.25
2015.01.16 18:53:55.817,1.15533,1.15536,1.00,2.25
2015.01.16 18:53:56.500,1.15529,1.15536,1.12,2.25
2015.01.16 18:53:57.106,1.15527,1.15535,3.37,1.00
2015.01.16 18:54:00.339,1.15527,1.15534,2.62,1.00
2015.01.16 18:54:01.641,1.15527,1.15535,3.37,1.00
2015.01.16 18:54:02.159,1.15527,1.15534,2.62,1.00
2015.01.16 18:54:05.512,1.15528,1.15536,1.50,3.07
2015.01.16 18:54:07.831,1.15529,1.15536,1.00,3.86
2015.01.16 18:54:08.365,1.15529,1.15535,1.07,1.04
2015.01.16 18:54:08.901,1.15529,1.15536,1.50,4.61
2015.01.16 18:54:09.335,1.15529,1.15535,1.07,1.50
2015.01.16 18:54:10.337,1.15534,1.15537,3.25,1.87
2015.01.16 18:54:10.627,1.15535,1.15538,1.00,1.50
2015.01.16 18:54:10.679,1.15535,1.15539,1.00,3.07
2015.01.16 18:54:10.730,1.15531,1.15537,3.37,1.12
2015.01.16 18:54:10.781,1.15531,1.15537,2.32,1.12
2015.01.16 18:54:11.286,1.1553,1.15537,1.20,1.95
2015.01.16 18:54:15.256,1.15529,1.15537,1.07,4.16
2015.01.16 18:54:17.248,1.15529,1.15537,1.07,4.91
2015.01.16 18:54:18.361,1.15527,1.15535,1.57,3.45
2015.01.16 18:54:25.234,1.1553,1.15535,1.00,3.41
2015.01.16 18:54:25.740,1.15527,1.15535,4.20,2.70
2015.01.16 18:54:26.245,1.15527,1.15534,3.45,1.00
2015.01.16 18:54:26.550,1.15534,1.15537,3.00,1.42
2015.01.16 18:54:26.756,1.15536,1.1554,3.00,3.45
2015.01.16 18:54:26.807,1.15536,1.15538,2.25,1.37
2015.01.16 18:54:26.960,1.15534,1.15538,1.00,1.95
2015.01.16 18:54:27.465,1.15535,1.15537,2.25,1.12
2015.01.16 18:54:27.796,1.15533,1.15537,1.00,1.12
2015.01.16 18:54:28.152,1.1553,1.15536,1.07,2.62
2015.01.16 18:54:28.304,1.15527,1.15534,3.82,1.00
2015.01.16 18:54:28.818,1.15527,1.15533,3.82,1.00
2015.01.16 18:54:29.783,1.15527,1.15532,1.57,1.00
2015.01.16 18:54:33.292,1.15528,1.15535,1.07,2.70
2015.01.16 18:54:34.200,1.1553,1.15535,1.00,1.95
2015.01.16 18:54:34.707,1.15528,1.15534,1.57,1.50
2015.01.16 18:54:36.394,1.1553,1.15534,1.00,1.50
2015.01.16 18:54:36.909,1.15527,1.15534,3.07,1.50
2015.01.16 18:54:37.451,1.1553,1.15534,1.00,1.50
2015.01.16 18:54:40.216,1.15527,1.15534,1.57,2.25
2015.01.16 18:54:40.318,1.15526,1.15532,10.12,1.00
2015.01.16 18:54:40.470,1.15526,1.15534,9.82,3.07
2015.01.16 18:54:43.438,1.15526,1.15534,8.32,3.07
2015.01.16 18:54:44.504,1.15526,1.15531,6.45,1.00
2015.01.16 18:54:44.960,1.15525,1.15531,1.95,1.35
2015.01.16 18:54:45.598,1.15525,1.15531,1.95,2.10
2015.01.16 18:54:46.243,1.15524,1.15529,1.07,1.50
2015.01.16 18:54:46.547,1.15523,1.15527,1.07,1.50
2015.01.16 18:54:47.087,1.15523,1.15527,1.10,1.50
2015.01.16 18:54:48.282,1.15527,1.15529,1.50,6.45
2015.01.16 18:54:48.333,1.15528,1.1553,2.50,3.75
2015.01.16 18:54:48.384,1.15529,1.15531,1.00,2.25
2015.01.16 18:54:48.486,1.15529,1.15535,3.75,3.07
2015.01.16 18:54:48.588,1.15528,1.15531,2.25,1.87
2015.01.16 18:54:48.690,1.15525,1.15528,1.00,1.50
2015.01.16 18:54:48.820,1.15523,1.15528,1.00,2.32
2015.01.16 18:54:48.921,1.15521,1.15528,1.57,2.32
2015.01.16 18:54:53.767,1.15526,1.15528,1.00,1.10
2015.01.16 18:54:53.920,1.15522,1.15527,1.00,1.10
2015.01.16 18:54:54.425,1.15521,1.15527,1.50,1.10
2015.01.16 18:54:56.144,1.1552,1.15527,1.87,1.95
2015.01.16 18:54:57.179,1.1552,1.15527,1.87,2.70
2015.01.16 18:54:59.893,1.15519,1.15526,1.57,2.62
2015.01.16 18:54:59.944,1.15519,1.15526,1.50,3.00
2015.01.16 18:55:02.794,1.15518,1.1552,6.82,1.87
2015.01.16 18:55:02.947,1.15514,1.15518,1.10,3.00
2015.01.16 18:55:03.049,1.15511,1.15518,1.57,3.07
2015.01.16 18:55:03.555,1.15511,1.15518,1.00,2.32
2015.01.16 18:55:03.707,1.15511,1.15516,1.00,1.00
2015.01.16 18:55:03.968,1.15511,1.15518,1.50,1.57
2015.01.16 18:55:04.070,1.15513,1.15518,1.00,1.57
2015.01.16 18:55:04.998,1.15513,1.15516,1.00,1.00
2015.01.16 18:55:05.251,1.15513,1.15518,1.00,2.32
2015.01.16 18:55:05.302,1.15514,1.15517,1.00,1.10
2015.01.16 18:55:05.405,1.1551,1.15516,2.70,1.00
2015.01.16 18:55:05.608,1.1551,1.15513,1.07,1.00
2015.01.16 18:55:05.811,1.15508,1.15513,3.07,1.20
2015.01.16 18:55:05.963,1.15508,1.15513,3.00,1.87
2015.01.16 18:55:06.266,1.15513,1.15515,1.00,3.82
2015.01.16 18:55:06.317,1.15515,1.15517,4.00,1.00
2015.01.16 18:55:06.420,1.15511,1.15515,1.07,1.00
2015.01.16 18:55:06.471,1.15513,1.15518,1.10,1.00
2015.01.16 18:55:06.756,1.15511,1.15518,1.10,1.00
2015.01.16 18:55:07.377,1.15518,1.15519,1.50,1.57
2015.01.16 18:55:07.632,1.1552,1.15527,7.95,1.87
2015.01.16 18:55:07.734,1.1552,1.15523,3.00,1.12
2015.01.16 18:55:07.986,1.15515,1.1552,1.12,1.95
2015.01.16 18:55:08.492,1.15514,1.15518,1.57,1.00
2015.01.16 18:55:09.022,1.15514,1.15517,1.00,1.00
2015.01.16 18:55:10.259,1.15511,1.15517,1.07,1.00
2015.01.16 18:55:10.613,1.1551,1.15517,4.57,1.20
2015.01.16 18:55:10.816,1.15512,1.15517,1.00,1.07
2015.01.16 18:55:11.809,1.15513,1.15517,1.00,1.07
2015.01.16 18:55:17.456,1.15512,1.15517,1.00,1.95
2015.01.16 18:55:17.610,1.1551,1.15517,1.95,2.70
2015.01.16 18:55:20.039,1.1551,1.15517,1.87,3.45
2015.01.16 18:55:20.595,1.15511,1.15515,1.00,5.36
2015.01.16 18:55:21.122,1.15512,1.15515,1.00,2.36
2015.01.16 18:55:22.010,1.15513,1.15515,1.00,1.50
2015.01.16 18:55:22.560,1.15511,1.15515,1.00,1.50
2015.01.16 18:55:25.417,1.1551,1.15515,1.50,1.57
2015.01.16 18:55:26.171,1.15509,1.15515,1.10,1.95
2015.01.16 18:55:26.676,1.15509,1.15515,1.00,2.70
2015.01.16 18:55:28.603,1.1551,1.15515,1.00,2.70
2015.01.16 18:55:28.654,1.1551,1.15512,1.00,1.50
2015.01.16 18:55:28.958,1.15507,1.15508,1.00,1.50
2015.01.16 18:55:29.262,1.15506,1.1551,1.00,1.00
2015.01.16 18:55:29.795,1.15507,1.1551,1.00,1.57
2015.01.16 18:55:30.154,1.15504,1.1551,1.47,1.57
2015.01.16 18:55:30.357,1.15505,1.15508,1.00,1.50
2015.01.16 18:55:30.868,1.15506,1.15508,1.00,1.50
2015.01.16 18:55:31.398,1.15505,1.15508,1.00,1.50
2015.01.16 18:55:31.904,1.15504,1.15508,1.00,3.00
2015.01.16 18:55:32.591,1.15505,1.15508,1.00,3.00
2015.01.16 18:55:34.897,1.15503,1.15508,1.10,3.75
2015.01.16 18:55:35.101,1.155,1.15505,3.75,1.00
2015.01.16 18:55:35.152,1.155,1.15505,1.95,1.00
2015.01.16 18:55:35.667,1.155,1.15505,1.95,1.00
2015.01.16 18:55:43.708,1.155,1.15506,1.00,3.45
2015.01.16 18:55:43.809,1.15502,1.15506,1.00,2.70
2015.01.16 18:55:50.435,1.15498,1.15499,1.00,2.62
2015.01.16 18:55:50.537,1.15491,1.15495,1.10,1.50
2015.01.16 18:55:50.589,1.1549,1.15495,1.50,1.50
2015.01.16 18:55:50.843,1.15491,1.15497,1.07,1.00
2015.01.16 18:55:51.350,1.15491,1.15498,1.57,1.00
2015.01.16 18:55:53.232,1.15491,1.15497,1.07,1.00
2015.01.16 18:55:53.385,1.1549,1.15497,3.00,1.95
2015.01.16 18:55:53.913,1.15491,1.15497,1.00,1.95
2015.01.16 18:55:55.721,1.15494,1.15497,1.00,3.67
2015.01.16 18:55:56.383,1.15497,1.15499,1.00,1.80
2015.01.16 18:55:56.484,1.15498,1.15503,1.00,5.62
2015.01.16 18:55:56.586,1.15499,1.15503,1.00,2.17
2015.01.16 18:55:57.248,1.15499,1.15503,1.00,1.87
2015.01.16 18:55:58.135,1.15497,1.15503,1.00,3.00
2015.01.16 18:55:59.478,1.15497,1.15499,1.00,1.10
2015.01.16 18:55:59.586,1.15493,1.15499,1.00,1.57
2015.01.16 18:56:00.092,1.15494,1.15499,1.00,1.57
2015.01.16 18:56:00.648,1.15493,1.15499,1.00,3.37
2015.01.16 18:56:00.851,1.15491,1.15499,1.00,2.62
2015.01.16 18:56:01.391,1.15492,1.15499,1.00,2.62
2015.01.16 18:56:02.136,1.15491,1.15499,1.00,3.37
2015.01.16 18:56:03.299,1.1549,1.15498,2.70,3.00
2015.01.16 18:56:03.501,1.15489,1.15496,1.87,2.25
2015.01.16 18:56:03.960,1.15487,1.15495,2.32,1.50
2015.01.16 18:56:05.021,1.15488,1.15495,1.00,1.12
2015.01.16 18:56:05.527,1.15489,1.15495,1.00,1.57
2015.01.16 18:56:06.032,1.15488,1.15495,1.10,2.21
2015.01.16 18:56:06.533,1.15489,1.15495,1.00,2.21
2015.01.16 18:56:07.352,1.15489,1.15495,1.10,2.21
2015.01.16 18:56:07.879,1.15489,1.15495,1.10,4.84
2015.01.16 18:56:09.879,1.15488,1.15495,1.10,3.34
2015.01.16 18:56:12.654,1.15487,1.15495,1.57,2.70
2015.01.16 18:56:12.857,1.15488,1.1549,1.00,1.00
2015.01.16 18:56:12.959,1.15486,1.1549,1.10,1.00
2015.01.16 18:56:13.060,1.15486,1.15494,1.10,3.45
2015.01.16 18:56:13.565,1.15486,1.15493,2.81,1.45
2015.01.16 18:56:14.272,1.15487,1.15493,1.00,1.45
2015.01.16 18:56:15.925,1.15488,1.15494,1.42,1.45
2015.01.16 18:56:16.446,1.15489,1.15495,1.00,3.71
2015.01.16 18:56:16.703,1.15489,1.15496,1.67,2.25
2015.01.16 18:56:17.831,1.15489,1.15496,2.25,1.07
2015.01.16 18:56:19.841,1.15489,1.15496,3.00,1.07
2015.01.16 18:56:20.682,1.15492,1.15496,1.00,1.20
2015.01.16 18:56:21.189,1.15492,1.15496,1.67,1.07
2015.01.16 18:56:21.716,1.15493,1.15496,1.42,1.10
2015.01.16 18:56:22.426,1.15492,1.15496,1.00,1.10
2015.01.16 18:56:24.821,1.15492,1.15496,1.00,1.10
2015.01.16 18:56:24.973,1.15498,1.155,1.67,3.75
2015.01.16 18:56:25.075,1.15498,1.15503,1.42,1.47
2015.01.16 18:56:25.176,1.155,1.15503,1.00,1.47
2015.01.16 18:56:25.482,1.15498,1.15503,1.00,1.47
2015.01.16 18:56:25.532,1.15498,1.15503,1.00,1.47
2015.01.16 18:56:26.038,1.15497,1.15502,1.00,1.47
2015.01.16 18:56:27.137,1.15496,1.15502,8.77,1.47
2015.01.16 18:56:28.106,1.15496,1.15499,1.57,2.25
2015.01.16 18:56:28.158,1.15494,1.15498,1.10,1.12
2015.01.16 18:56:28.259,1.15494,1.15496,1.00,1.00
2015.01.16 18:56:28.310,1.15491,1.15496,1.07,1.50
2015.01.16 18:56:28.817,1.15489,1.15496,1.50,1.50
2015.01.16 18:56:29.382,1.1549,1.15496,5.17,1.00
2015.01.16 18:56:29.433,1.15492,1.15498,1.00,1.95
2015.01.16 18:56:32.112,1.1549,1.15498,1.07,4.95
2015.01.16 18:56:33.645,1.15492,1.15497,1.00,1.10
2015.01.16 18:56:34.262,1.15491,1.15497,1.10,1.10
2015.01.16 18:56:35.431,1.1549,1.15496,1.57,1.00
2015.01.16 18:56:43.326,1.15492,1.15496,1.00,1.50
2015.01.16 18:56:44.677,1.15493,1.15496,1.00,1.50
2015.01.16 18:56:47.089,1.15492,1.15496,1.00,1.50
2015.01.16 18:56:47.595,1.15492,1.15495,1.00,1.00
2015.01.16 18:56:52.679,1.15491,1.15495,1.10,1.50
2015.01.16 18:56:53.807,1.15492,1.15495,1.00,1.00
2015.01.16 18:56:54.938,1.15492,1.15496,1.00,1.10
2015.01.16 18:56:55.680,1.15492,1.15497,1.00,1.95
2015.01.16 18:56:59.834,1.15494,1.15498,1.00,1.69
2015.01.16 18:56:59.937,1.15493,1.15497,1.57,1.12
2015.01.16 18:56:59.988,1.15496,1.15499,1.00,9.00
2015.01.16 18:57:00.090,1.15493,1.15497,1.00,3.37
2015.01.16 18:57:03.561,1.15492,1.15497,1.10,3.37
2015.01.16 18:57:04.117,1.15494,1.15497,1.00,3.00
2015.01.16 18:57:04.471,1.15496,1.15498,1.50,1.50
2015.01.16 18:57:04.876,1.15496,1.15499,1.00,1.50
2015.01.16 18:57:05.381,1.15495,1.15498,1.00,2.81
2015.01.16 18:57:06.328,1.15492,1.15497,1.07,1.50
2015.01.16 18:57:06.530,1.15495,1.15497,1.00,1.50
2015.01.16 18:57:09.889,1.15496,1.15498,2.02,1.12
2015.01.16 18:57:10.042,1.15499,1.15501,1.00,1.12
2015.01.16 18:57:10.145,1.15499,1.15501,1.00,1.12
2015.01.16 18:57:11.257,1.15499,1.15504,1.00,2.70
2015.01.16 18:57:11.409,1.15501,1.15504,1.00,1.95
2015.01.16 18:57:13.573,1.15502,1.15505,1.00,4.57
2015.01.16 18:57:14.079,1.15502,1.15506,1.00,2.70
2015.01.16 18:57:14.583,1.15503,1.15506,1.00,2.70
2015.01.16 18:57:15.536,1.15502,1.15506,1.00,2.70
2015.01.16 18:57:17.849,1.15501,1.15506,1.00,2.70
2015.01.16 18:57:26.211,1.15503,1.15506,1.00,2.62
2015.01.16 18:57:27.990,1.15505,1.15507,1.01,1.57
2015.01.16 18:57:33.056,1.15509,1.15511,3.10,1.80
2015.01.16 18:57:33.108,1.15509,1.15511,2.10,3.30
2015.01.16 18:57:33.159,1.1551,1.15513,4.12,1.00
2015.01.16 18:57:33.210,1.15512,1.15513,1.00,1.00
2015.01.16 18:57:33.261,1.15513,1.15516,1.00,1.37
2015.01.16 18:57:33.363,1.15515,1.15518,1.00,2.62
2015.01.16 18:57:33.870,1.15515,1.15517,1.00,1.00
2015.01.16 18:57:34.460,1.15514,1.15517,1.00,1.00
2015.01.16 18:57:36.764,1.15514,1.15518,1.00,3.37
2015.01.16 18:57:37.280,1.15515,1.15518,1.00,3.37
2015.01.16 18:57:37.585,1.1552,1.15522,14.32,1.00
2015.01.16 18:57:37.910,1.15526,1.15529,1.00,1.45
2015.01.16 18:57:38.031,1.15523,1.15529,1.00,1.45
2015.01.16 18:57:38.346,1.15521,1.15528,1.10,2.70
2015.01.16 18:57:38.801,1.1552,1.15526,1.57,1.37
2015.01.16 18:57:39.661,1.15517,1.15521,8.25,1.00
2015.01.16 18:57:39.864,1.15515,1.15518,2.32,1.00
2015.01.16 18:57:39.965,1.15514,1.15516,3.00,2.85
2015.01.16 18:57:40.088,1.15511,1.15516,2.32,2.85
2015.01.16 18:57:40.342,1.1551,1.15515,1.10,1.00
2015.01.16 18:57:41.024,1.15509,1.15515,3.07,2.29
2015.01.16 18:57:41.539,1.15509,1.15515,1.57,1.00
2015.01.16 18:57:45.615,1.15509,1.15516,1.57,2.70
2015.01.16 18:57:56.762,1.1551,1.15512,1.10,1.00
2015.01.16 18:57:57.066,1.15507,1.15509,1.00,4.50
2015.01.16 18:57:57.168,1.15504,1.15508,1.12,1.00
2015.01.16 18:57:57.270,1.15504,1.15508,1.10,1.00
2015.01.16 18:57:57.472,1.15503,1.15508,2.25,1.00
2015.01.16 18:57:57.573,1.15507,1.1551,1.50,1.50
2015.01.16 18:57:57.725,1.15509,1.15515,1.00,4.57
2015.01.16 18:57:57.826,1.15514,1.15517,1.00,1.07
2015.01.16 18:57:58.761,1.15515,1.15517,1.00,1.00
2015.01.16 18:58:01.848,1.15515,1.15517,1.00,1.00
2015.01.16 18:58:02.620,1.15515,1.15517,1.00,1.00
2015.01.16 18:58:03.276,1.15514,1.15517,1.00,1.00
2015.01.16 18:58:03.956,1.15517,1.1552,2.25,5.70
2015.01.16 18:58:04.058,1.15518,1.15524,1.00,1.45
2015.01.16 18:58:07.434,1.15519,1.15525,1.50,3.45
2015.01.16 18:58:11.171,1.15519,1.15524,1.50,1.00
2015.01.16 18:58:11.750,1.15519,1.15525,1.57,3.30
2015.01.16 18:58:12.257,1.15519,1.15525,1.57,4.45
2015.01.16 18:58:13.772,1.15518,1.15525,1.00,6.30
2015.01.16 18:58:14.316,1.15517,1.15525,7.57,7.05
2015.01.16 18:58:14.847,1.15517,1.15525,6.07,7.45
2015.01.16 18:58:16.571,1.15518,1.15523,1.00,3.00
2015.01.16 18:58:17.099,1.15518,1.15522,1.00,1.50
2015.01.16 18:58:20.391,1.15517,1.15522,3.82,2.17
2015.01.16 18:58:21.099,1.15517,1.15521,4.57,1.00
2015.01.16 18:58:22.106,1.15517,1.15522,2.32,2.92
2015.01.16 18:58:22.621,1.15517,1.15522,3.82,2.17
2015.01.16 18:58:23.131,1.15517,1.15521,3.07,1.00
2015.01.16 18:58:23.182,1.15515,1.15516,9.30,2.10
2015.01.16 18:58:23.487,1.15505,1.15507,2.17,1.00
2015.01.16 18:58:23.538,1.15505,1.15508,1.00,2.25
2015.01.16 18:58:23.639,1.15494,1.15496,1.57,1.00
2015.01.16 18:58:23.842,1.15489,1.15495,1.12,2.62
2015.01.16 18:58:24.349,1.15489,1.15494,1.57,1.00
2015.01.16 18:58:24.856,1.15489,1.15495,1.07,1.87
2015.01.16 18:58:25.622,1.15495,1.15497,2.50,1.00
2015.01.16 18:58:25.876,1.15492,1.15498,1.00,1.87
2015.01.16 18:58:26.078,1.15493,1.15498,1.07,1.87
2015.01.16 18:58:26.605,1.15493,1.15498,1.10,1.87
2015.01.16 18:58:27.010,1.15492,1.15498,1.07,1.87
2015.01.16 18:58:27.163,1.15491,1.15496,1.10,1.87
2015.01.16 18:58:27.721,1.1549,1.15496,1.20,1.87
2015.01.16 18:58:28.936,1.15493,1.15496,1.00,1.87
2015.01.16 18:58:29.088,1.15491,1.15496,1.00,1.87
2015.01.16 18:58:29.593,1.15492,1.15496,1.00,1.87
2015.01.16 18:58:30.502,1.1549,1.15496,1.10,1.87
2015.01.16 18:58:32.091,1.15491,1.15496,1.00,1.87
2015.01.16 18:58:32.141,1.15495,1.15497,1.00,1.47
2015.01.16 18:58:32.348,1.15497,1.15502,3.00,2.70
2015.01.16 18:58:32.450,1.15497,1.15504,3.07,2.92
2015.01.16 18:58:32.956,1.15498,1.15504,1.57,1.57
2015.01.16 18:58:33.108,1.155,1.15504,1.00,1.57
2015.01.16 18:58:33.614,1.155,1.15503,1.00,1.00
2015.01.16 18:58:33.917,1.15498,1.15502,1.00,2.70
2015.01.16 18:58:34.422,1.15497,1.15502,1.00,1.95
2015.01.16 18:58:34.991,1.155,1.15505,1.00,4.12
2015.01.16 18:58:35.092,1.15498,1.15504,1.50,1.45
2015.01.16 18:58:35.244,1.15501,1.15504,1.00,1.20
2015.01.16 18:58:35.396,1.15501,1.15505,1.00,2.32
2015.01.16 18:58:35.901,1.15502,1.15505,1.00,1.57
2015.01.16 18:58:37.653,1.15502,1.15508,1.00,1.95
2015.01.16 18:58:37.906,1.15503,1.15508,1.00,1.57
2015.01.16 18:58:38.538,1.15504,1.1551,1.00,1.95
2015.01.16 18:58:39.477,1.15504,1.1551,1.00,1.95
2015.01.16 18:58:40.533,1.15504,1.1551,1.00,1.95
2015.01.16 18:58:41.078,1.15504,1.1551,1.00,4.57
2015.01.16 18:58:41.685,1.15504,1.15508,1.00,1.50
2015.01.16 18:58:42.402,1.15504,1.1551,1.00,3.45
2015.01.16 18:58:42.852,1.15504,1.15508,1.00,1.50
2015.01.16 18:58:43.105,1.155,1.15502,1.57,1.00
2015.01.16 18:58:43.257,1.15503,1.15505,1.00,4.50
2015.01.16 18:58:44.364,1.15503,1.15508,1.00,1.95
2015.01.16 18:58:44.465,1.15504,1.15508,1.00,1.95
2015.01.16 18:58:44.769,1.15504,1.15505,1.00,1.50
2015.01.16 18:58:45.022,1.15502,1.15505,1.00,1.50
2015.01.16 18:58:45.529,1.15501,1.15505,1.00,1.50
2015.01.16 18:58:45.681,1.15499,1.15505,1.00,1.50
2015.01.16 18:58:46.186,1.15499,1.15505,1.00,3.45
2015.01.16 18:58:48.430,1.155,1.15505,1.00,3.45
2015.01.16 18:58:49.277,1.15499,1.15505,1.00,3.45
2015.01.16 18:58:50.470,1.15499,1.155,1.00,1.00
2015.01.16 18:58:50.673,1.15499,1.15503,1.00,2.32
2015.01.16 18:58:51.200,1.15498,1.15503,1.00,1.07
2015.01.16 18:58:51.707,1.15498,1.15503,1.00,1.10
2015.01.16 18:58:54.014,1.15498,1.15505,1.10,3.45
2015.01.16 18:58:54.525,1.15498,1.15503,1.00,1.10
2015.01.16 18:58:54.778,1.15499,1.15505,1.00,2.70
2015.01.16 18:58:55.689,1.15497,1.15504,6.07,1.00
2015.01.16 18:58:56.194,1.15497,1.15503,5.32,1.00
2015.01.16 18:58:56.574,1.15498,1.15505,1.07,2.62
2015.01.16 18:58:57.320,1.15498,1.15504,1.07,2.10
2015.01.16 18:58:57.422,1.15497,1.15502,1.07,1.00
2015.01.16 18:58:57.728,1.15494,1.15498,1.45,1.00
2015.01.16 18:58:58.233,1.15493,1.15498,1.07,1.00
2015.01.16 18:58:58.386,1.1549,1.15497,4.87,1.50
2015.01.16 18:58:59.374,1.15492,1.15497,1.10,2.25
2015.01.16 18:58:59.881,1.15494,1.15497,1.00,2.25
2015.01.16 18:59:00.399,1.15493,1.155,1.00,5.70
2015.01.16 18:59:00.905,1.15492,1.15498,1.07,1.12
2015.01.16 18:59:01.410,1.15492,1.15497,1.07,1.00
2015.01.16 18:59:01.714,1.1549,1.15495,2.32,1.50
2015.01.16 18:59:02.220,1.15488,1.15495,1.45,2.25
2015.01.16 18:59:02.750,1.15488,1.15495,1.07,4.97
2015.01.16 18:59:07.102,1.15487,1.15494,5.32,1.00
2015.01.16 18:59:08.480,1.15487,1.15495,5.32,7.13
2015.01.16 18:59:09.010,1.15487,1.15494,5.32,1.10
2015.01.16 18:59:11.529,1.15488,1.15493,1.10,1.00
2015.01.16 18:59:11.883,1.15488,1.15492,1.10,1.87
2015.01.16 18:59:12.389,1.15487,1.15489,3.00,2.62
2015.01.16 18:59:12.497,1.15485,1.15486,0.10,2.47
2015.01.16 18:59:13.258,1.15485,1.15487,0.10,2.55
2015.01.16 18:59:14.272,1.15485,1.15486,0.10,1.20
2015.01.16 18:59:14.814,1.15485,1.15487,0.10,4.05
2015.01.16 18:59:15.774,1.15485,1.15486,0.10,4.72
2015.01.16 18:59:16.027,1.15477,1.15479,4.50,1.50
2015.01.16 18:59:16.130,1.15479,1.15481,1.00,3.07
2015.01.16 18:59:16.484,1.15477,1.15479,3.75,1.50
2015.01.16 18:59:21.439,1.15476,1.15478,1.50,1.00
2015.01.16 18:59:21.592,1.15474,1.15475,1.10,1.00
2015.01.16 18:59:21.643,1.15471,1.15475,1.50,1.00
2015.01.16 18:59:22.048,1.15472,1.15473,1.00,1.00
2015.01.16 18:59:22.200,1.1547,1.15472,1.00,1.50
2015.01.16 18:59:22.351,1.15468,1.15469,1.00,1.50
2015.01.16 18:59:22.503,1.15466,1.15468,1.00,1.50
2015.01.16 18:59:23.110,1.15465,1.15469,6.00,3.97
2015.01.16 18:59:23.616,1.15466,1.15468,1.50,1.50
2015.01.16 18:59:24.330,1.15465,1.15468,6.00,2.10
2015.01.16 18:59:24.381,1.15465,1.15466,4.50,2.10
2015.01.16 18:59:24.509,1.15461,1.15464,1.00,4.35
2015.01.16 18:59:24.560,1.1546,1.15462,3.07,1.00
2015.01.16 18:59:24.611,1.15458,1.15462,1.50,1.00
2015.01.16 18:59:24.964,1.15459,1.15461,1.00,1.10
2015.01.16 18:59:25.249,1.15457,1.15459,3.75,1.87
2015.01.16 18:59:25.351,1.1546,1.15462,1.50,1.07
2015.01.16 18:59:25.452,1.1546,1.15462,1.00,1.00
2015.01.16 18:59:25.553,1.15458,1.15462,1.50,1.00
2015.01.16 18:59:25.806,1.1546,1.15461,1.00,1.00
2015.01.16 18:59:27.047,1.1546,1.15462,1.00,1.57
2015.01.16 18:59:27.561,1.15457,1.15461,3.75,1.00
2015.01.16 18:59:28.016,1.15457,1.15461,4.75,1.00
2015.01.16 18:59:28.526,1.15457,1.15462,3.25,1.57
2015.01.16 18:59:29.079,1.15457,1.15461,4.75,1.00
2015.01.16 18:59:29.436,1.15457,1.15461,4.75,1.00
2015.01.16 18:59:29.972,1.15457,1.15461,4.75,1.00
2015.01.16 18:59:30.276,1.15457,1.15458,2.25,1.00
2015.01.16 18:59:30.328,1.15453,1.15456,2.32,1.50
2015.01.16 18:59:30.379,1.15453,1.15455,1.50,1.50
2015.01.16 18:59:30.431,1.1545,1.15452,1.20,1.50
2015.01.16 18:59:30.586,1.15449,1.1545,1.00,1.00
2015.01.16 18:59:30.839,1.15449,1.15451,1.00,1.00
2015.01.16 18:59:30.890,1.15449,1.15451,1.50,1.00
2015.01.16 18:59:30.992,1.15449,1.1545,1.00,2.25
2015.01.16 18:59:31.195,1.15447,1.1545,1.50,2.25
2015.01.16 18:59:31.498,1.15447,1.15451,1.00,1.50
2015.01.16 18:59:31.600,1.15451,1.15453,1.00,1.07
2015.01.16 18:59:31.752,1.15448,1.15451,1.50,1.00
2015.01.16 18:59:31.853,1.15448,1.1545,1.00,1.00
2015.01.16 18:59:32.259,1.15449,1.15451,1.87,1.50
2015.01.16 18:59:32.563,1.15448,1.15451,4.50,1.00
2015.01.16 18:59:32.614,1.15447,1.1545,1.00,1.50
2015.01.16 18:59:33.120,1.15446,1.15449,9.07,1.50
2015.01.16 18:59:33.222,1.15447,1.15449,1.00,1.50
2015.01.16 18:59:33.323,1.15453,1.15455,1.00,1.50
2015.01.16 18:59:33.425,1.15454,1.15456,2.77,1.50
2015.01.16 18:59:33.526,1.1545,1.15454,1.87,2.25
2015.01.16 18:59:33.578,1.1545,1.15452,1.87,1.00
2015.01.16 18:59:34.291,1.1545,1.15451,1.00,1.00
2015.01.16 18:59:35.072,1.15446,1.15449,9.75,1.50
2015.01.16 18:59:35.426,1.15449,1.15451,1.00,1.10
2015.01.16 18:59:35.477,1.15449,1.15451,1.00,1.10
2015.01.16 18:59:35.596,1.15449,1.15451,1.00,1.10
2015.01.16 18:59:35.899,1.15444,1.15446,1.07,1.00
2015.01.16 18:59:35.950,1.15446,1.15447,4.27,1.00
2015.01.16 18:59:36.632,1.15447,1.15448,1.00,1.50
2015.01.16 18:59:37.139,1.15448,1.1545,1.00,1.57
2015.01.16 18:59:37.709,1.15447,1.1545,1.00,3.82
2015.01.16 18:59:37.810,1.15445,1.15449,2.25,2.25
2015.01.16 18:59:38.114,1.15446,1.15449,1.31,1.50
2015.01.16 18:59:39.335,1.15446,1.1545,4.31,3.75
2015.01.16 18:59:39.688,1.15448,1.1545,1.00,3.00
2015.01.16 18:59:40.195,1.15448,1.1545,1.00,2.50
2015.01.16 18:59:40.296,1.15446,1.1545,4.50,1.50
2015.01.16 18:59:41.306,1.15446,1.1545,3.97,5.92
2015.01.16 18:59:41.812,1.15442,1.15447,1.00,4.57
2015.01.16 18:59:41.964,1.1544,1.15446,3.00,1.50
2015.01.16 18:59:42.116,1.15439,1.15445,1.50,3.67
2015.01.16 18:59:42.420,1.15437,1.15442,1.00,4.42
2015.01.16 18:59:42.951,1.15436,1.1544,11.32,4.35
2015.01.16 18:59:43.458,1.15437,1.1544,2.25,2.25
2015.01.16 18:59:43.963,1.15436,1.15439,8.25,2.62
2015.01.16 18:59:44.698,1.15437,1.15439,1.00,1.00
2015.01.16 18:59:45.002,1.15439,1.1544,1.00,1.50
2015.01.16 18:59:45.306,1.15435,1.15436,2.92,2.25
2015.01.16 18:59:45.610,1.15436,1.1544,6.75,2.25
2015.01.16 18:59:45.661,1.15436,1.15438,7.50,1.00
2015.01.16 18:59:46.066,1.15436,1.15438,5.77,1.50
2015.01.16 18:59:46.521,1.15436,1.1544,6.37,2.32
2015.01.16 18:59:48.443,1.15436,1.1544,3.97,3.07
2015.01.16 18:59:48.949,1.15436,1.15438,5.25,1.07
2015.01.16 18:59:49.454,1.15436,1.15438,6.00,1.10
2015.01.16 18:59:50.690,1.15434,1.15435,5.62,1.00
2015.01.16 18:59:51.146,1.15432,1.15435,3.75,12.37
2015.01.16 18:59:51.348,1.1543,1.15435,1.87,13.12
2015.01.16 18:59:51.399,1.1543,1.15433,1.50,2.10
2015.01.16 18:59:51.835,1.15428,1.15433,5.25,3.22
2015.01.16 18:59:52.342,1.15429,1.15432,1.00,1.12
2015.01.16 18:59:52.697,1.15426,1.15432,8.25,1.30
2015.01.16 18:59:53.203,1.15426,1.15432,10.50,1.37
2015.01.16 18:59:53.892,1.15427,1.15434,1.00,3.60
2015.01.16 18:59:55.178,1.15426,1.15433,4.50,1.45
2015.01.16 18:59:55.532,1.15426,1.15427,1.00,1.00
2015.01.16 18:59:55.787,1.1541,1.15416,1.87,1.37
2015.01.16 18:59:55.940,1.1541,1.15415,1.00,3.45
2015.01.16 18:59:55.992,1.15408,1.15415,1.00,3.45
2015.01.16 18:59:56.094,1.15407,1.15415,1.12,5.32
2015.01.16 18:59:56.499,1.1541,1.15416,1.00,1.12
2015.01.16 18:59:56.923,1.15408,1.15415,1.57,4.20
2015.01.16 18:59:57.076,1.15408,1.15415,1.50,4.50
2015.01.16 18:59:58.289,1.15408,1.1541,1.50,1.00
2015.01.16 18:59:58.491,1.15397,1.154,1.00,1.50
2015.01.16 18:59:58.542,1.15396,1.15398,3.00,2.10
2015.01.16 18:59:58.593,1.15395,1.15397,4.50,2.21
2015.01.16 18:59:58.694,1.15388,1.15393,1.50,1.10
2015.01.16 18:59:58.796,1.15386,1.15394,4.50,1.75
2015.01.16 18:59:58.948,1.15389,1.15394,1.00,1.12
2015.01.16 18:59:59.453,1.1539,1.15393,1.00,1.07
2015.01.16 18:59:59.806,1.15391,1.15393,1.00,1.00
