2015.01.28 11:00:00.527,1.13622,1.13624,1.12,1.00
2015.01.28 11:00:01.381,1.13622,1.13623,1.12,1.00
2015.01.28 11:00:02.548,1.13621,1.13623,1.12,1.50
2015.01.28 11:00:02.857,1.1362,1.13621,1.00,1.35
2015.01.28 11:00:03.363,1.13619,1.13621,1.12,3.26
2015.01.28 11:00:04.173,1.13619,1.13623,1.87,3.67
2015.01.28 11:00:04.324,1.1362,1.13623,1.37,1.10
2015.01.28 11:00:04.830,1.13622,1.13624,1.00,1.10
2015.01.28 11:00:06.410,1.13622,1.13625,1.00,1.99
2015.01.28 11:00:06.714,1.13625,1.1363,3.75,11.36
2015.01.28 11:00:07.017,1.1364,1.13643,1.87,3.37
2015.01.28 11:00:07.169,1.13644,1.13646,1.00,1.80
2015.01.28 11:00:07.371,1.13645,1.13648,2.25,2.47
2015.01.28 11:00:07.422,1.13646,1.1365,1.00,1.57
2015.01.28 11:00:08.956,1.13647,1.1365,1.00,2.25
2015.01.28 11:00:10.335,1.13647,1.13651,1.00,5.32
2015.01.28 11:00:10.436,1.13645,1.13646,1.00,1.00
2015.01.28 11:00:10.487,1.13645,1.13646,1.00,5.10
2015.01.28 11:00:10.841,1.13642,1.13645,1.00,3.60
2015.01.28 11:00:11.360,1.13643,1.13645,1.00,3.75
2015.01.28 11:00:12.600,1.13643,1.13644,1.00,1.00
2015.01.28 11:00:13.424,1.13643,1.13645,1.00,3.75
2015.01.28 11:00:16.338,1.13646,1.13648,1.00,1.30
2015.01.28 11:00:16.845,1.13646,1.13649,1.50,1.37
2015.01.28 11:00:16.996,1.13646,1.13649,1.87,1.10
2015.01.28 11:00:17.730,1.13646,1.13649,1.50,1.10
2015.01.28 11:00:19.649,1.13647,1.13649,2.47,1.10
2015.01.28 11:00:19.966,1.13651,1.13653,1.35,1.00
2015.01.28 11:00:20.169,1.13648,1.13652,2.92,1.00
2015.01.28 11:00:20.726,1.13648,1.13651,1.57,1.12
2015.01.28 11:00:21.031,1.13644,1.13648,2.62,2.25
2015.01.28 11:00:21.083,1.13643,1.13647,1.87,3.75
2015.01.28 11:00:21.134,1.13643,1.13646,1.00,5.62
2015.01.28 11:00:21.541,1.13641,1.13645,1.12,3.75
2015.01.28 11:00:21.946,1.13644,1.13646,1.72,1.00
2015.01.28 11:00:22.048,1.13644,1.13648,1.50,2.32
2015.01.28 11:00:22.150,1.13643,1.13647,1.87,2.25
2015.01.28 11:00:22.656,1.13643,1.13647,1.50,3.32
2015.01.28 11:00:24.110,1.13641,1.13645,3.00,1.50
2015.01.28 11:00:24.160,1.1364,1.13643,1.87,2.25
2015.01.28 11:00:24.665,1.1364,1.13643,1.00,1.00
2015.01.28 11:00:25.475,1.1364,1.13644,1.37,2.25
2015.01.28 11:00:25.577,1.1364,1.13644,1.12,1.50
2015.01.28 11:00:25.779,1.1364,1.13646,5.99,5.62
2015.01.28 11:00:26.284,1.13642,1.13646,1.12,2.40
2015.01.28 11:00:28.007,1.13642,1.13646,4.12,2.32
2015.01.28 11:00:28.426,1.13644,1.13648,1.50,1.87
2015.01.28 11:00:28.781,1.13646,1.13651,3.75,1.10
2015.01.28 11:00:29.185,1.13649,1.13651,1.00,1.10
2015.01.28 11:00:29.691,1.1365,1.13651,1.12,1.00
2015.01.28 11:00:30.350,1.13648,1.13651,1.00,1.50
2015.01.28 11:00:30.401,1.13648,1.13649,1.50,1.00
2015.01.28 11:00:30.452,1.13648,1.1365,1.00,2.62
2015.01.28 11:00:30.604,1.13644,1.13646,1.57,1.00
2015.01.28 11:00:31.110,1.13644,1.13646,1.37,1.12
2015.01.28 11:00:33.030,1.13645,1.13647,1.50,1.37
2015.01.28 11:00:33.436,1.1364,1.13644,4.20,1.00
2015.01.28 11:00:33.487,1.13643,1.13644,1.00,1.00
2015.01.28 11:00:33.639,1.13642,1.13645,1.00,2.25
2015.01.28 11:00:33.791,1.13643,1.13646,1.00,3.00
2015.01.28 11:00:34.297,1.13645,1.13646,1.00,1.00
2015.01.28 11:00:34.822,1.13645,1.13647,1.12,1.00
2015.01.28 11:00:35.276,1.13646,1.13649,1.50,1.00
2015.01.28 11:00:35.481,1.13651,1.13653,1.00,1.20
2015.01.28 11:00:35.785,1.13649,1.13651,1.50,1.00
2015.01.28 11:00:36.189,1.13647,1.13649,1.00,1.00
2015.01.28 11:00:36.493,1.13646,1.13647,1.00,1.00
2015.01.28 11:00:36.594,1.13645,1.13649,2.25,3.60
2015.01.28 11:00:36.695,1.13645,1.13649,2.25,2.02
2015.01.28 11:00:36.999,1.13645,1.1365,1.87,4.95
2015.01.28 11:00:37.100,1.13645,1.13647,1.87,1.00
2015.01.28 11:00:37.815,1.13645,1.13649,2.25,1.00
2015.01.28 11:00:38.849,1.13646,1.13649,1.00,2.25
2015.01.28 11:00:39.776,1.13646,1.13648,1.00,1.50
2015.01.28 11:00:40.286,1.13646,1.13647,1.00,1.00
2015.01.28 11:00:40.744,1.13646,1.13649,1.00,2.25
2015.01.28 11:00:41.252,1.13645,1.13648,2.25,1.00
2015.01.28 11:00:44.170,1.13643,1.13646,1.50,1.00
2015.01.28 11:00:44.437,1.13646,1.13649,2.25,1.00
2015.01.28 11:00:44.589,1.13648,1.13651,1.50,1.00
2015.01.28 11:00:44.841,1.13648,1.13654,6.25,2.32
2015.01.28 11:00:46.334,1.1365,1.13654,1.87,2.25
2015.01.28 11:00:46.638,1.1365,1.13652,1.12,1.00
2015.01.28 11:00:46.789,1.1365,1.13651,1.12,1.29
2015.01.28 11:00:47.302,1.13651,1.13652,1.00,1.00
2015.01.28 11:00:47.707,1.13651,1.13654,1.50,1.50
2015.01.28 11:00:48.793,1.13651,1.13655,2.62,3.82
2015.01.28 11:00:48.995,1.13653,1.13655,1.00,2.70
2015.01.28 11:00:51.128,1.13654,1.13656,1.12,1.80
2015.01.28 11:00:51.331,1.13654,1.13659,3.62,1.50
2015.01.28 11:00:51.533,1.13654,1.13657,1.00,1.00
2015.01.28 11:00:51.685,1.13654,1.13659,2.87,1.50
2015.01.28 11:00:51.837,1.13654,1.13657,1.00,1.00
2015.01.28 11:00:51.988,1.13654,1.13659,2.25,1.12
2015.01.28 11:00:52.090,1.13654,1.13657,1.00,1.50
2015.01.28 11:00:52.855,1.13654,1.13659,1.50,2.10
2015.01.28 11:00:53.131,1.13654,1.13657,1.50,1.00
2015.01.28 11:00:53.435,1.13654,1.13659,2.25,1.12
2015.01.28 11:00:53.738,1.13655,1.1366,5.55,1.00
2015.01.28 11:00:56.062,1.13657,1.13659,1.00,2.10
2015.01.28 11:00:56.366,1.13654,1.13656,1.50,2.85
2015.01.28 11:00:56.467,1.13653,1.13654,1.00,1.50
2015.01.28 11:00:56.518,1.1365,1.13652,2.70,1.00
2015.01.28 11:00:56.569,1.1365,1.13652,3.37,1.00
2015.01.28 11:00:56.620,1.1365,1.13651,1.00,2.10
2015.01.28 11:00:57.024,1.13645,1.13646,1.10,6.75
2015.01.28 11:00:57.227,1.13645,1.13646,0.10,11.40
2015.01.28 11:00:57.530,1.13641,1.13642,1.00,1.00
2015.01.28 11:00:59.601,1.13641,1.13642,1.00,1.10
2015.01.28 11:00:59.854,1.13642,1.13644,1.00,1.00
2015.01.28 11:01:00.465,1.13643,1.13644,1.00,1.00
2015.01.28 11:01:00.612,1.13643,1.13645,2.25,2.25
2015.01.28 11:01:01.118,1.13643,1.13644,1.00,1.00
2015.01.28 11:01:03.177,1.13643,1.13644,1.87,1.00
2015.01.28 11:01:03.735,1.13643,1.13648,2.62,3.37
2015.01.28 11:01:03.938,1.13644,1.13649,3.75,1.12
2015.01.28 11:01:04.039,1.13646,1.1365,1.50,3.00
2015.01.28 11:01:04.192,1.13647,1.13653,5.25,1.57
2015.01.28 11:01:04.698,1.13649,1.13653,1.12,1.50
2015.01.28 11:01:06.143,1.13648,1.1365,4.12,1.00
2015.01.28 11:01:06.397,1.13647,1.13649,1.87,2.50
2015.01.28 11:01:06.700,1.13644,1.13646,2.62,1.12
2015.01.28 11:01:07.206,1.13644,1.13646,1.12,1.37
2015.01.28 11:01:08.061,1.13644,1.13646,1.50,1.00
2015.01.28 11:01:08.163,1.13644,1.13648,1.50,1.50
2015.01.28 11:01:09.095,1.13646,1.13648,1.00,1.00
2015.01.28 11:01:09.611,1.13647,1.1365,1.00,3.37
2015.01.28 11:01:10.123,1.13646,1.1365,1.00,4.12
2015.01.28 11:01:12.572,1.13646,1.13647,1.00,1.00
2015.01.28 11:01:15.889,1.13643,1.13647,3.75,1.52
2015.01.28 11:01:16.407,1.13644,1.13645,1.12,1.00
2015.01.28 11:01:18.041,1.13645,1.13647,1.00,1.00
2015.01.28 11:01:18.092,1.13645,1.13647,1.00,1.00
2015.01.28 11:01:21.429,1.13646,1.13649,1.00,1.50
2015.01.28 11:01:23.896,1.13646,1.13649,1.00,1.50
2015.01.28 11:01:25.290,1.13645,1.13647,1.50,1.00
2015.01.28 11:01:29.360,1.13646,1.13647,1.00,1.00
2015.01.28 11:01:31.316,1.13646,1.13648,1.00,1.00
2015.01.28 11:01:31.832,1.13646,1.13649,1.00,1.50
2015.01.28 11:01:34.511,1.13645,1.13649,2.62,1.00
2015.01.28 11:01:36.747,1.13646,1.13649,1.00,1.00
2015.01.28 11:01:43.544,1.13645,1.13649,2.62,1.00
2015.01.28 11:01:44.056,1.13646,1.13649,1.00,1.00
2015.01.28 11:01:48.484,1.13647,1.13649,1.00,1.00
2015.01.28 11:01:48.788,1.13649,1.13652,1.00,1.95
2015.01.28 11:01:48.839,1.13649,1.13653,1.12,1.87
2015.01.28 11:01:48.991,1.13649,1.13651,1.00,1.72
2015.01.28 11:01:49.143,1.13646,1.1365,2.62,1.12
2015.01.28 11:01:51.704,1.13645,1.13649,2.62,1.00
2015.01.28 11:01:52.245,1.13646,1.13648,1.00,1.00
2015.01.28 11:01:52.790,1.13645,1.13648,1.50,1.00
2015.01.28 11:01:53.144,1.13646,1.1365,1.50,1.12
2015.01.28 11:01:53.346,1.1365,1.13652,1.00,1.12
2015.01.28 11:01:53.448,1.1365,1.13652,1.00,1.00
2015.01.28 11:01:59.490,1.1365,1.13652,1.00,1.00
2015.01.28 11:02:00.147,1.13651,1.13654,1.00,1.12
2015.01.28 11:02:00.652,1.13651,1.13654,1.00,1.10
2015.01.28 11:02:01.158,1.1365,1.13654,2.25,1.57
2015.01.28 11:02:02.902,1.1365,1.13654,2.25,1.87
2015.01.28 11:02:05.780,1.13651,1.13654,1.00,1.87
2015.01.28 11:02:06.293,1.1365,1.13654,1.50,1.57
2015.01.28 11:02:09.311,1.1365,1.13653,2.25,1.00
2015.01.28 11:02:10.780,1.1365,1.13653,1.37,1.10
2015.01.28 11:02:11.134,1.1365,1.13654,3.75,1.50
2015.01.28 11:02:11.725,1.13652,1.13654,1.00,1.50
2015.01.28 11:02:12.505,1.13652,1.13654,1.00,1.20
2015.01.28 11:02:16.965,1.13651,1.13654,1.00,1.80
2015.01.28 11:02:17.268,1.13651,1.13652,1.00,1.00
2015.01.28 11:02:17.775,1.1365,1.13652,2.25,1.00
2015.01.28 11:02:23.456,1.13651,1.13652,1.00,1.00
2015.01.28 11:02:24.024,1.1365,1.13652,1.00,1.00
2015.01.28 11:02:24.327,1.13652,1.13654,1.00,1.50
2015.01.28 11:02:25.836,1.13653,1.13656,1.00,3.82
2015.01.28 11:02:25.887,1.13652,1.13656,1.00,2.70
2015.01.28 11:02:26.797,1.13653,1.13655,1.00,1.50
2015.01.28 11:02:31.372,1.13653,1.13655,1.00,1.87
2015.01.28 11:02:31.937,1.13653,1.13655,1.00,1.50
2015.01.28 11:02:32.362,1.13654,1.13656,1.00,2.70
2015.01.28 11:02:35.547,1.13654,1.13655,1.00,1.00
2015.01.28 11:02:40.373,1.13654,1.13656,1.00,7.72
2015.01.28 11:02:43.470,1.13654,1.13655,1.00,1.00
2015.01.28 11:02:43.978,1.13651,1.13654,1.00,1.00
2015.01.28 11:02:49.678,1.13653,1.13654,1.00,1.00
2015.01.28 11:02:50.967,1.13654,1.13656,1.00,3.00
2015.01.28 11:02:51.394,1.13654,1.13657,1.00,2.32
2015.01.28 11:02:51.909,1.13654,1.13656,1.00,1.50
2015.01.28 11:02:52.734,1.13654,1.13656,1.00,1.50
2015.01.28 11:02:54.497,1.13653,1.13655,1.00,1.37
2015.01.28 11:02:54.802,1.13651,1.13654,1.00,2.25
2015.01.28 11:02:57.024,1.13653,1.13655,1.00,1.57
2015.01.28 11:02:58.134,1.13653,1.13655,1.00,2.25
2015.01.28 11:02:59.250,1.13653,1.13655,1.50,1.00
2015.01.28 11:02:59.755,1.13653,1.13656,1.50,2.85
2015.01.28 11:03:00.507,1.13653,1.13656,1.12,3.22
2015.01.28 11:03:01.274,1.13653,1.13654,1.00,1.00
2015.01.28 11:03:01.792,1.13653,1.13655,1.00,1.50
2015.01.28 11:03:02.308,1.13653,1.13655,1.00,1.50
2015.01.28 11:03:02.650,1.13651,1.13654,1.50,1.00
2015.01.28 11:03:03.258,1.13651,1.13653,2.25,1.00
2015.01.28 11:03:08.969,1.13651,1.13654,1.00,1.00
2015.01.28 11:03:09.222,1.13653,1.13654,1.00,1.00
2015.01.28 11:03:09.748,1.13653,1.13655,1.00,5.25
2015.01.28 11:03:11.861,1.13652,1.13655,1.00,3.75
2015.01.28 11:03:12.703,1.13654,1.13655,2.10,1.12
2015.01.28 11:03:12.805,1.13656,1.13657,1.00,1.87
2015.01.28 11:03:13.310,1.13655,1.13659,2.25,4.50
2015.01.28 11:03:14.704,1.13657,1.13658,1.00,1.10
2015.01.28 11:03:15.007,1.13659,1.13663,1.00,2.25
2015.01.28 11:03:15.563,1.13662,1.13664,1.50,1.87
2015.01.28 11:03:15.715,1.13662,1.13664,1.50,1.50
2015.01.28 11:03:16.220,1.13663,1.13666,1.00,1.37
2015.01.28 11:03:17.050,1.13662,1.13666,2.25,1.37
2015.01.28 11:03:20.619,1.13662,1.13666,1.50,2.12
2015.01.28 11:03:21.125,1.13661,1.13662,1.00,1.00
2015.01.28 11:03:21.877,1.1366,1.13662,1.00,1.00
2015.01.28 11:03:22.360,1.1366,1.13662,1.00,1.00
2015.01.28 11:03:22.462,1.13658,1.1366,1.12,2.25
2015.01.28 11:03:22.563,1.13656,1.13658,1.00,4.50
2015.01.28 11:03:22.867,1.13653,1.13655,1.00,2.62
2015.01.28 11:03:27.171,1.13649,1.13651,1.95,1.12
2015.01.28 11:03:27.273,1.13649,1.1365,2.25,1.57
2015.01.28 11:03:27.426,1.13649,1.13651,1.12,1.12
2015.01.28 11:03:37.054,1.13649,1.13651,1.00,2.70
2015.01.28 11:03:37.748,1.13649,1.13651,1.00,1.12
2015.01.28 11:03:38.910,1.13648,1.13649,1.00,1.12
2015.01.28 11:03:39.264,1.13646,1.13648,1.10,1.37
2015.01.28 11:03:43.643,1.13644,1.13648,1.10,1.37
2015.01.28 11:03:45.679,1.13643,1.13645,6.37,1.00
2015.01.28 11:03:45.781,1.13643,1.13645,1.87,3.75
2015.01.28 11:03:45.984,1.13642,1.13645,1.00,6.75
2015.01.28 11:03:50.506,1.13641,1.13644,1.00,1.50
2015.01.28 11:03:52.891,1.1364,1.13644,3.00,1.50
2015.01.28 11:03:53.144,1.13638,1.1364,1.50,1.50
2015.01.28 11:03:53.245,1.13636,1.13638,1.00,1.00
2015.01.28 11:03:53.347,1.13637,1.1364,2.25,2.25
2015.01.28 11:03:53.599,1.13637,1.13638,1.00,1.00
2015.01.28 11:03:53.903,1.13634,1.13636,2.32,3.00
2015.01.28 11:03:54.004,1.13632,1.13635,1.50,1.75
2015.01.28 11:03:54.105,1.13634,1.13636,1.00,2.25
2015.01.28 11:03:54.409,1.13635,1.13638,1.00,1.00
2015.01.28 11:03:55.991,1.13634,1.13638,2.25,1.00
2015.01.28 11:03:56.495,1.13635,1.13638,1.00,1.00
2015.01.28 11:03:56.899,1.13635,1.13636,1.00,1.00
2015.01.28 11:03:57.303,1.13635,1.13638,1.00,1.00
2015.01.28 11:03:59.933,1.13636,1.13638,1.00,1.00
2015.01.28 11:04:00.135,1.13633,1.13636,1.95,1.37
2015.01.28 11:04:00.272,1.13633,1.13635,1.00,3.00
2015.01.28 11:04:00.323,1.13631,1.13632,1.00,1.50
2015.01.28 11:04:00.374,1.13629,1.1363,1.12,1.00
2015.01.28 11:04:00.475,1.13627,1.1363,1.00,2.25
2015.01.28 11:04:00.831,1.13626,1.13628,1.00,1.00
2015.01.28 11:04:00.933,1.13624,1.13626,1.87,1.37
2015.01.28 11:04:01.137,1.13623,1.13625,1.00,2.32
2015.01.28 11:04:01.238,1.13621,1.13623,1.00,1.00
2015.01.28 11:04:01.289,1.13621,1.13623,1.00,1.00
2015.01.28 11:04:01.594,1.13622,1.13625,1.00,3.75
2015.01.28 11:04:01.747,1.13623,1.13625,1.00,1.50
2015.01.28 11:04:03.516,1.13623,1.13624,1.00,1.00
2015.01.28 11:04:04.021,1.13622,1.13625,1.00,2.25
2015.01.28 11:04:08.249,1.13622,1.13624,1.00,1.37
2015.01.28 11:04:08.374,1.13619,1.13623,2.25,1.00
2015.01.28 11:04:08.476,1.13617,1.13618,1.00,1.00
2015.01.28 11:04:08.527,1.13617,1.13618,1.50,1.00
2015.01.28 11:04:08.578,1.13617,1.1362,1.50,1.00
2015.01.28 11:04:09.184,1.13618,1.1362,1.00,1.00
2015.01.28 11:04:10.477,1.13621,1.13622,3.37,1.00
2015.01.28 11:04:10.680,1.13622,1.13624,1.50,1.00
2015.01.28 11:04:10.782,1.13624,1.13627,1.00,1.87
2015.01.28 11:04:11.287,1.13623,1.13627,1.50,1.87
2015.01.28 11:04:12.631,1.13622,1.13625,1.50,1.12
2015.01.28 11:04:13.136,1.13623,1.13625,1.00,1.00
2015.01.28 11:04:13.287,1.13621,1.13625,1.87,1.00
2015.01.28 11:04:13.389,1.13621,1.13623,1.50,1.00
2015.01.28 11:04:14.991,1.13618,1.13621,2.32,1.00
2015.01.28 11:04:15.496,1.1362,1.13621,1.00,1.00
2015.01.28 11:04:17.015,1.13622,1.13624,1.00,4.50
2015.01.28 11:04:17.119,1.13622,1.13624,1.00,1.00
2015.01.28 11:04:17.627,1.13622,1.13625,1.00,1.12
2015.01.28 11:04:18.401,1.13621,1.13625,2.25,1.12
2015.01.28 11:04:18.818,1.13621,1.13624,1.50,1.75
2015.01.28 11:04:19.172,1.13619,1.13622,1.00,1.12
2015.01.28 11:04:19.223,1.13619,1.1362,1.00,1.00
2015.01.28 11:04:19.728,1.13618,1.13621,1.50,2.10
2015.01.28 11:04:19.930,1.13618,1.1362,1.00,1.00
2015.01.28 11:04:20.436,1.13617,1.1362,1.00,1.00
2015.01.28 11:04:23.809,1.13618,1.1362,1.00,1.00
2015.01.28 11:04:24.382,1.13619,1.1362,1.00,1.00
2015.01.28 11:04:24.888,1.13618,1.1362,1.00,1.00
2015.01.28 11:04:25.394,1.13617,1.1362,1.50,1.50
2015.01.28 11:04:25.748,1.13617,1.13618,1.00,1.87
2015.01.28 11:04:25.901,1.13614,1.13616,1.00,1.12
2015.01.28 11:04:25.952,1.13612,1.13616,3.00,1.12
2015.01.28 11:04:26.003,1.13612,1.13614,1.50,1.87
2015.01.28 11:04:26.155,1.1361,1.13613,3.00,2.25
2015.01.28 11:04:26.256,1.1361,1.13614,3.75,1.50
2015.01.28 11:04:26.307,1.1361,1.13612,1.00,2.10
2015.01.28 11:04:26.510,1.13607,1.1361,1.10,1.50
2015.01.28 11:04:27.015,1.13608,1.1361,1.00,1.12
2015.01.28 11:04:27.319,1.13609,1.13612,1.00,2.62
2015.01.28 11:04:30.527,1.13608,1.13612,1.50,4.12
2015.01.28 11:04:30.830,1.13608,1.13612,1.00,5.62
2015.01.28 11:04:31.487,1.13608,1.13612,1.00,4.12
2015.01.28 11:04:31.992,1.13609,1.13612,1.00,3.37
2015.01.28 11:04:35.550,1.13609,1.13612,6.60,2.25
2015.01.28 11:04:35.854,1.13614,1.13617,1.00,1.50
2015.01.28 11:04:36.158,1.13617,1.1362,1.87,1.87
2015.01.28 11:04:36.209,1.13617,1.13621,2.25,1.87
2015.01.28 11:04:36.259,1.13619,1.13622,1.00,1.87
2015.01.28 11:04:36.664,1.13618,1.1362,1.00,1.00
2015.01.28 11:04:37.119,1.13616,1.1362,1.57,1.50
2015.01.28 11:04:37.624,1.13616,1.13619,1.50,1.00
2015.01.28 11:04:38.129,1.13616,1.13618,1.00,1.00
2015.01.28 11:04:38.640,1.13615,1.13618,1.00,2.62
2015.01.28 11:04:38.792,1.13614,1.13616,1.12,1.12
2015.01.28 11:04:40.594,1.13613,1.13615,3.37,1.50
2015.01.28 11:04:40.746,1.13612,1.13614,1.87,1.87
2015.01.28 11:04:40.899,1.13608,1.13611,1.95,1.50
2015.01.28 11:04:41.419,1.13607,1.1361,3.07,1.50
2015.01.28 11:04:41.945,1.13607,1.13609,1.10,1.27
2015.01.28 11:04:42.148,1.13603,1.13606,1.00,2.77
2015.01.28 11:04:42.351,1.13603,1.13606,1.00,3.60
2015.01.28 11:04:42.452,1.13603,1.13606,1.50,4.65
2015.01.28 11:04:43.219,1.13604,1.13606,1.00,1.00
2015.01.28 11:04:44.733,1.13605,1.13608,1.00,1.42
2015.01.28 11:04:45.038,1.13607,1.13609,1.12,1.42
2015.01.28 11:04:45.240,1.13606,1.13607,1.00,1.00
2015.01.28 11:04:45.443,1.13603,1.13606,1.87,1.12
2015.01.28 11:04:45.847,1.13603,1.13606,1.12,1.80
2015.01.28 11:04:45.999,1.13603,1.13606,1.87,1.05
2015.01.28 11:04:46.463,1.13603,1.13606,1.87,5.77
2015.01.28 11:04:47.303,1.13603,1.13606,1.72,9.11
2015.01.28 11:04:47.404,1.13603,1.13606,3.37,1.50
2015.01.28 11:04:47.809,1.13605,1.13606,1.00,1.00
2015.01.28 11:04:48.112,1.13607,1.1361,1.00,2.62
2015.01.28 11:04:48.215,1.13608,1.1361,1.00,1.12
2015.01.28 11:04:48.367,1.13609,1.13611,1.00,1.00
2015.01.28 11:04:48.770,1.13607,1.1361,1.50,1.00
2015.01.28 11:04:49.275,1.1361,1.13612,1.00,2.25
2015.01.28 11:04:50.539,1.13607,1.1361,2.25,1.00
2015.01.28 11:04:50.641,1.13609,1.13613,1.50,1.00
2015.01.28 11:04:51.549,1.13611,1.13613,1.00,1.50
2015.01.28 11:04:51.702,1.1361,1.13611,1.00,1.12
2015.01.28 11:04:51.853,1.13608,1.13611,1.00,2.25
2015.01.28 11:04:52.005,1.13607,1.1361,1.00,1.87
2015.01.28 11:04:52.510,1.13608,1.13609,1.00,1.50
2015.01.28 11:04:53.015,1.13609,1.1361,1.00,1.50
2015.01.28 11:04:54.129,1.13609,1.13611,1.00,2.25
2015.01.28 11:04:54.432,1.13609,1.13612,1.00,1.00
2015.01.28 11:04:57.970,1.13612,1.13613,2.62,1.00
2015.01.28 11:04:58.071,1.13614,1.13615,1.00,1.50
2015.01.28 11:04:58.578,1.13614,1.13618,2.25,1.87
2015.01.28 11:04:59.423,1.13615,1.13617,1.00,1.47
2015.01.28 11:04:59.575,1.13617,1.13618,2.25,1.00
2015.01.28 11:04:59.879,1.1362,1.13622,1.00,1.50
2015.01.28 11:05:00.285,1.13618,1.1362,1.00,1.00
2015.01.28 11:05:00.386,1.13616,1.1362,1.12,2.25
2015.01.28 11:05:00.437,1.13615,1.13618,3.37,1.00
2015.01.28 11:05:02.816,1.13615,1.13618,1.00,2.25
2015.01.28 11:05:04.331,1.13615,1.13618,1.00,1.50
2015.01.28 11:05:04.483,1.13617,1.13618,1.00,1.00
2015.01.28 11:05:04.988,1.13616,1.13618,1.00,1.00
2015.01.28 11:05:06.763,1.13616,1.1362,2.25,6.45
2015.01.28 11:05:09.030,1.13616,1.13619,1.50,1.00
2015.01.28 11:05:09.556,1.13616,1.1362,1.50,3.45
2015.01.28 11:05:10.512,1.13617,1.1362,1.00,2.70
2015.01.28 11:05:10.614,1.13619,1.13621,1.00,1.00
2015.01.28 11:05:10.666,1.1362,1.13622,1.50,2.32
2015.01.28 11:05:16.696,1.13619,1.13622,1.00,1.50
2015.01.28 11:05:18.865,1.1362,1.13622,1.00,2.25
2015.01.28 11:05:19.370,1.13619,1.13621,1.00,1.50
2015.01.28 11:05:19.877,1.13619,1.13622,1.07,3.00
2015.01.28 11:05:20.382,1.13619,1.13621,1.00,1.50
2015.01.28 11:05:21.078,1.1362,1.13621,1.00,1.50
2015.01.28 11:05:21.584,1.1362,1.13622,1.00,2.25
2015.01.28 11:05:22.090,1.1362,1.13623,1.00,2.25
2015.01.28 11:05:26.151,1.13621,1.13623,1.27,1.00
2015.01.28 11:05:26.202,1.13622,1.13624,1.50,1.50
2015.01.28 11:05:26.304,1.13625,1.13627,1.00,2.70
2015.01.28 11:05:28.446,1.13628,1.1363,1.00,1.12
2015.01.28 11:05:28.749,1.1363,1.13632,1.00,1.87
2015.01.28 11:05:29.255,1.1363,1.13632,1.00,1.00
2015.01.28 11:05:29.912,1.13631,1.13632,1.00,1.00
2015.01.28 11:05:30.064,1.13633,1.13635,2.62,3.45
2015.01.28 11:05:30.116,1.13634,1.13637,1.50,1.67
2015.01.28 11:05:30.319,1.13637,1.13638,1.00,1.12
2015.01.28 11:05:30.522,1.13637,1.13641,1.50,1.95
2015.01.28 11:05:31.027,1.13637,1.13641,1.50,1.12
2015.01.28 11:05:31.431,1.13634,1.13639,2.25,1.87
2015.01.28 11:05:33.091,1.13636,1.13639,1.00,1.00
2015.01.28 11:05:33.664,1.13636,1.1364,1.00,3.37
2015.01.28 11:05:34.886,1.13636,1.13638,1.00,1.00
2015.01.28 11:05:35.391,1.13635,1.13638,1.50,1.50
2015.01.28 11:05:35.695,1.1363,1.13635,1.95,1.50
2015.01.28 11:05:36.235,1.1363,1.13635,2.32,1.75
2015.01.28 11:05:36.825,1.13633,1.13636,1.00,4.87
2015.01.28 11:05:37.536,1.13629,1.13631,1.05,1.00
2015.01.28 11:05:37.589,1.13629,1.1363,1.00,1.00
2015.01.28 11:05:37.640,1.13626,1.13629,2.25,1.00
2015.01.28 11:05:37.742,1.13626,1.1363,1.50,5.25
2015.01.28 11:05:38.247,1.13625,1.1363,1.50,6.75
2015.01.28 11:05:39.246,1.13625,1.13626,1.00,1.00
2015.01.28 11:05:39.452,1.13623,1.13626,2.25,1.87
2015.01.28 11:05:39.808,1.13621,1.13626,1.00,2.62
2015.01.28 11:05:39.960,1.1362,1.13624,1.00,2.85
2015.01.28 11:05:40.467,1.13619,1.13622,1.50,1.50
2015.01.28 11:05:42.224,1.13621,1.13622,1.12,1.12
2015.01.28 11:05:42.274,1.13621,1.13624,1.50,1.50
2015.01.28 11:05:42.426,1.13623,1.13625,1.00,1.87
2015.01.28 11:05:42.932,1.13624,1.13625,1.00,1.50
2015.01.28 11:05:43.438,1.13625,1.13626,1.50,1.00
2015.01.28 11:05:43.953,1.13625,1.13627,1.50,1.00
2015.01.28 11:05:46.736,1.13624,1.13627,1.50,1.00
2015.01.28 11:05:48.785,1.13623,1.13626,1.57,1.00
2015.01.28 11:05:49.088,1.13622,1.13623,1.00,1.00
2015.01.28 11:05:49.543,1.13623,1.13625,1.00,4.87
2015.01.28 11:05:49.593,1.13624,1.13626,1.00,10.12
2015.01.28 11:05:49.899,1.13621,1.13624,1.00,1.00
2015.01.28 11:05:50.375,1.13624,1.13626,2.25,3.07
2015.01.28 11:05:50.478,1.13625,1.13632,6.75,5.24
2015.01.28 11:05:50.580,1.13637,1.1364,1.50,1.50
2015.01.28 11:05:50.733,1.13643,1.13644,3.75,3.00
2015.01.28 11:05:50.835,1.13643,1.13647,3.75,1.12
2015.01.28 11:05:50.988,1.13645,1.13647,1.00,1.12
2015.01.28 11:05:51.039,1.13645,1.13649,1.50,1.00
2015.01.28 11:05:52.027,1.13644,1.13646,1.05,1.00
2015.01.28 11:05:52.230,1.13644,1.13648,1.50,1.50
2015.01.28 11:05:53.447,1.13644,1.13647,1.00,1.00
2015.01.28 11:05:54.459,1.13641,1.13643,3.82,1.50
2015.01.28 11:05:54.611,1.13639,1.13641,1.87,1.00
2015.01.28 11:05:54.971,1.13637,1.13641,1.87,1.87
2015.01.28 11:05:56.298,1.13637,1.13639,1.12,1.00
2015.01.28 11:05:56.501,1.13635,1.13639,3.00,1.50
2015.01.28 11:05:56.969,1.13638,1.13641,1.37,4.12
2015.01.28 11:05:57.071,1.13639,1.13641,1.12,1.00
2015.01.28 11:05:57.172,1.1364,1.13643,1.00,1.50
2015.01.28 11:05:57.476,1.13639,1.13641,1.00,1.50
2015.01.28 11:05:57.983,1.13639,1.13642,2.25,1.00
2015.01.28 11:05:58.237,1.13637,1.13641,2.25,1.00
2015.01.28 11:06:00.231,1.13639,1.13641,1.00,1.00
2015.01.28 11:06:00.587,1.13637,1.1364,1.00,1.50
2015.01.28 11:06:01.160,1.13637,1.1364,1.10,4.12
2015.01.28 11:06:01.262,1.13637,1.1364,1.10,3.37
2015.01.28 11:06:01.969,1.13637,1.13641,1.57,1.50
2015.01.28 11:06:04.301,1.13637,1.1364,1.00,1.00
2015.01.28 11:06:05.059,1.13637,1.13639,1.00,1.00
2015.01.28 11:06:05.573,1.13637,1.1364,1.00,1.00
2015.01.28 11:06:10.709,1.13637,1.1364,1.67,1.00
2015.01.28 11:06:11.012,1.1364,1.13643,1.12,1.37
2015.01.28 11:06:11.164,1.1364,1.13644,1.87,1.12
2015.01.28 11:06:12.223,1.1364,1.13643,2.62,1.00
2015.01.28 11:06:14.328,1.13641,1.13645,1.12,5.25
2015.01.28 11:06:14.847,1.13641,1.13645,1.12,5.62
2015.01.28 11:06:16.627,1.13642,1.13645,1.37,2.62
2015.01.28 11:06:19.420,1.13644,1.13646,1.82,1.00
2015.01.28 11:06:19.522,1.13647,1.1365,1.70,5.25
2015.01.28 11:06:19.624,1.13647,1.13651,1.60,1.57
2015.01.28 11:06:19.675,1.13647,1.13651,2.10,1.57
2015.01.28 11:06:19.776,1.1365,1.13653,1.35,2.25
2015.01.28 11:06:20.437,1.1365,1.13653,1.00,1.50
2015.01.28 11:06:20.971,1.1365,1.13653,1.35,1.50
2015.01.28 11:06:22.175,1.1365,1.13653,1.35,1.50
2015.01.28 11:06:22.795,1.1365,1.13653,1.35,2.25
2015.01.28 11:06:23.300,1.13648,1.13653,2.17,3.37
2015.01.28 11:06:23.806,1.13648,1.13652,2.17,1.00
2015.01.28 11:06:24.325,1.13648,1.13652,2.08,1.00
2015.01.28 11:06:27.081,1.13648,1.13652,1.21,1.50
2015.01.28 11:06:27.133,1.13648,1.13652,1.00,1.00
2015.01.28 11:06:27.184,1.13648,1.13652,1.00,3.25
2015.01.28 11:06:27.337,1.13644,1.13648,1.00,4.50
2015.01.28 11:06:27.541,1.13644,1.13648,2.25,1.00
2015.01.28 11:06:31.006,1.13644,1.13648,1.50,2.50
2015.01.28 11:06:31.057,1.13644,1.13648,1.50,4.00
2015.01.28 11:06:31.260,1.13645,1.13648,1.00,1.00
2015.01.28 11:06:31.462,1.13643,1.13648,1.57,1.50
2015.01.28 11:06:32.437,1.13642,1.13647,1.87,3.00
2015.01.28 11:06:33.184,1.13644,1.13645,1.00,1.00
2015.01.28 11:06:33.286,1.13645,1.13647,1.00,1.00
2015.01.28 11:06:33.792,1.13643,1.13647,2.32,1.00
2015.01.28 11:06:35.159,1.13642,1.13645,1.87,1.12
2015.01.28 11:06:35.506,1.13642,1.13643,1.00,1.00
2015.01.28 11:06:36.014,1.13641,1.13643,1.00,1.00
2015.01.28 11:06:40.711,1.13642,1.13644,1.00,1.37
2015.01.28 11:06:40.813,1.13641,1.13645,3.52,1.00
2015.01.28 11:06:41.822,1.13641,1.13643,1.20,1.12
2015.01.28 11:06:42.076,1.13638,1.13641,1.00,1.00
2015.01.28 11:06:42.581,1.13637,1.1364,1.00,1.87
2015.01.28 11:06:48.219,1.13638,1.1364,2.10,1.00
2015.01.28 11:06:48.523,1.13647,1.13648,1.50,1.00
2015.01.28 11:06:48.574,1.13648,1.13649,1.00,1.00
2015.01.28 11:06:48.675,1.13648,1.13651,1.00,3.00
2015.01.28 11:06:49.180,1.13649,1.13651,1.00,3.00
2015.01.28 11:06:49.708,1.13649,1.1365,1.00,1.00
2015.01.28 11:06:56.614,1.13649,1.13651,1.00,4.50
2015.01.28 11:06:57.121,1.13648,1.13651,1.00,3.75
2015.01.28 11:06:58.190,1.13648,1.13652,1.37,1.37
2015.01.28 11:06:58.241,1.13649,1.13653,1.00,4.50
2015.01.28 11:06:58.746,1.1365,1.13651,1.00,1.00
2015.01.28 11:06:59.050,1.13655,1.13658,1.50,1.37
2015.01.28 11:06:59.100,1.13655,1.13659,1.87,1.05
2015.01.28 11:06:59.202,1.13656,1.1366,1.00,1.50
2015.01.28 11:06:59.708,1.13657,1.13662,1.37,1.50
2015.01.28 11:06:59.759,1.13658,1.13662,1.00,1.50
2015.01.28 11:07:00.213,1.13662,1.13664,1.00,1.00
2015.01.28 11:07:00.519,1.13664,1.13667,1.00,1.50
2015.01.28 11:07:00.671,1.13665,1.1367,3.75,4.12
2015.01.28 11:07:00.823,1.13667,1.1367,1.00,1.37
2015.01.28 11:07:00.874,1.13667,1.13671,1.50,1.50
2015.01.28 11:07:01.076,1.13669,1.13673,3.22,1.12
2015.01.28 11:07:01.127,1.13671,1.13674,1.00,3.37
2015.01.28 11:07:01.481,1.13673,1.13674,3.75,1.00
2015.01.28 11:07:01.583,1.13671,1.13675,3.00,2.25
2015.01.28 11:07:01.684,1.13671,1.13675,1.87,3.97
2015.01.28 11:07:02.008,1.13667,1.13671,3.00,1.67
2015.01.28 11:07:02.059,1.13667,1.1367,2.25,1.12
2015.01.28 11:07:02.313,1.13665,1.13668,2.62,3.15
2015.01.28 11:07:02.415,1.13664,1.13666,1.00,3.00
2015.01.28 11:07:02.516,1.13662,1.13664,3.75,2.10
2015.01.28 11:07:02.619,1.13661,1.13663,1.00,1.60
2015.01.28 11:07:02.720,1.13659,1.1366,1.00,1.00
2015.01.28 11:07:02.771,1.13658,1.1366,1.00,1.00
2015.01.28 11:07:02.873,1.13656,1.1366,2.25,1.50
2015.01.28 11:07:05.172,1.13657,1.1366,1.00,1.50
2015.01.28 11:07:05.986,1.13658,1.1366,1.00,1.00
2015.01.28 11:07:06.494,1.13659,1.13662,1.87,1.00
2015.01.28 11:07:06.647,1.13661,1.13665,1.00,2.32
2015.01.28 11:07:06.697,1.13663,1.13665,1.00,1.50
2015.01.28 11:07:07.002,1.13666,1.13667,1.00,1.00
2015.01.28 11:07:07.205,1.13666,1.13669,1.00,1.00
2015.01.28 11:07:08.549,1.13666,1.13671,2.25,1.95
2015.01.28 11:07:08.903,1.13669,1.13672,1.12,1.12
2015.01.28 11:07:09.014,1.13669,1.13673,1.87,1.57
2015.01.28 11:07:09.469,1.13669,1.13671,1.00,2.47
2015.01.28 11:07:09.773,1.13667,1.13671,1.12,1.30
2015.01.28 11:07:09.876,1.13665,1.13668,2.61,1.00
2015.01.28 11:07:10.381,1.13664,1.13668,1.00,1.50
2015.01.28 11:07:10.803,1.13664,1.13666,1.00,1.00
2015.01.28 11:07:10.955,1.13661,1.13665,1.87,1.00
2015.01.28 11:07:11.360,1.1366,1.13663,1.00,1.00
2015.01.28 11:07:12.697,1.1366,1.13661,1.00,1.00
2015.01.28 11:07:13.216,1.13661,1.13663,1.00,1.00
2015.01.28 11:07:13.734,1.1366,1.13662,1.12,1.00
2015.01.28 11:07:14.246,1.13657,1.13661,3.37,1.00
2015.01.28 11:07:14.500,1.13657,1.13659,1.00,1.00
2015.01.28 11:07:14.601,1.13655,1.13658,1.00,1.00
2015.01.28 11:07:15.882,1.13655,1.13658,1.37,1.00
2015.01.28 11:07:16.085,1.13656,1.1366,5.85,1.00
2015.01.28 11:07:16.186,1.13658,1.1366,1.00,1.00
2015.01.28 11:07:16.287,1.13658,1.13662,2.25,1.57
2015.01.28 11:07:16.798,1.13659,1.13662,1.00,1.50
2015.01.28 11:07:17.001,1.13658,1.1366,1.50,1.50
2015.01.28 11:07:17.103,1.13656,1.1366,1.57,3.00
2015.01.28 11:07:17.306,1.13658,1.1366,1.00,1.00
2015.01.28 11:07:17.508,1.13659,1.13662,1.00,1.50
2015.01.28 11:07:18.551,1.13658,1.13662,1.50,1.50
2015.01.28 11:07:21.310,1.13658,1.13661,1.00,1.00
2015.01.28 11:07:24.420,1.13659,1.13661,1.00,1.00
2015.01.28 11:07:24.926,1.13658,1.13662,1.00,2.32
2015.01.28 11:07:25.596,1.13658,1.13662,3.75,1.10
2015.01.28 11:07:26.539,1.13658,1.13662,5.25,1.95
2015.01.28 11:07:27.701,1.13658,1.13662,3.00,2.32
2015.01.28 11:07:28.929,1.13658,1.13662,4.12,1.50
2015.01.28 11:07:29.760,1.13661,1.13662,1.00,1.00
2015.01.28 11:07:30.014,1.13664,1.13666,1.12,1.00
2015.01.28 11:07:30.166,1.13665,1.13668,1.50,1.87
2015.01.28 11:07:30.925,1.13668,1.13669,1.00,1.00
2015.01.28 11:07:31.129,1.1367,1.13672,1.00,1.00
2015.01.28 11:07:31.331,1.1367,1.13674,1.00,1.50
2015.01.28 11:07:34.293,1.1367,1.13673,1.27,1.00
2015.01.28 11:07:39.772,1.13673,1.13674,4.12,1.50
2015.01.28 11:07:39.925,1.13675,1.13676,1.12,1.00
2015.01.28 11:07:40.027,1.13675,1.13678,1.12,1.50
2015.01.28 11:07:41.983,1.13676,1.13678,1.00,1.00
2015.01.28 11:07:42.751,1.13675,1.13678,3.00,1.00
2015.01.28 11:07:45.538,1.13676,1.13678,1.00,1.00
2015.01.28 11:07:46.043,1.13675,1.13678,4.12,1.00
2015.01.28 11:07:46.548,1.13676,1.13678,1.00,1.00
2015.01.28 11:07:47.174,1.13675,1.13678,2.62,1.00
2015.01.28 11:08:00.565,1.13675,1.13677,1.50,1.00
2015.01.28 11:08:00.666,1.13673,1.13675,8.62,1.00
2015.01.28 11:08:00.920,1.13671,1.13675,1.50,2.62
2015.01.28 11:08:01.426,1.13671,1.13675,1.00,1.87
2015.01.28 11:08:02.032,1.13671,1.13672,1.00,1.12
2015.01.28 11:08:02.184,1.13667,1.1367,1.50,1.00
2015.01.28 11:08:02.995,1.13667,1.13669,1.50,1.00
2015.01.28 11:08:03.046,1.13665,1.13667,2.25,3.75
2015.01.28 11:08:03.097,1.13664,1.13665,2.25,1.00
2015.01.28 11:08:03.198,1.13662,1.13664,1.10,1.00
2015.01.28 11:08:03.401,1.1366,1.13663,1.12,1.00
2015.01.28 11:08:03.832,1.13658,1.13662,1.00,1.50
2015.01.28 11:08:03.983,1.13658,1.1366,1.00,1.00
2015.01.28 11:08:04.489,1.13658,1.13661,1.00,2.32
2015.01.28 11:08:05.002,1.13657,1.1366,1.00,1.00
2015.01.28 11:08:09.507,1.13657,1.13662,1.87,2.32
2015.01.28 11:08:09.609,1.13658,1.13662,1.00,1.57
2015.01.28 11:08:10.468,1.1366,1.13662,1.00,1.00
2015.01.28 11:08:12.729,1.13659,1.13661,1.00,1.37
2015.01.28 11:08:12.780,1.13656,1.1366,1.12,1.35
2015.01.28 11:08:13.033,1.13656,1.13658,1.00,1.00
2015.01.28 11:08:13.589,1.13654,1.13657,2.17,1.12
2015.01.28 11:08:15.768,1.13655,1.13658,1.42,1.00
2015.01.28 11:08:16.287,1.13655,1.13659,1.42,2.25
2015.01.28 11:08:16.814,1.13655,1.13658,1.42,1.00
2015.01.28 11:08:17.479,1.13655,1.13658,1.00,1.37
2015.01.28 11:08:17.782,1.13653,1.13654,1.00,1.50
2015.01.28 11:08:17.884,1.13649,1.13653,1.37,1.87
2015.01.28 11:08:17.935,1.13648,1.13652,3.00,1.00
2015.01.28 11:08:18.036,1.13648,1.1365,1.12,1.12
2015.01.28 11:08:18.349,1.13646,1.13648,1.50,1.00
2015.01.28 11:08:18.861,1.13646,1.13649,1.50,1.00
2015.01.28 11:08:21.963,1.13645,1.13649,1.42,1.37
2015.01.28 11:08:22.267,1.13643,1.13645,1.00,1.00
2015.01.28 11:08:22.318,1.13642,1.13644,1.95,1.00
2015.01.28 11:08:22.673,1.13639,1.13643,1.75,1.37
2015.01.28 11:08:22.824,1.13638,1.13641,1.50,1.00
2015.01.28 11:08:22.926,1.13636,1.13639,1.00,1.00
2015.01.28 11:08:23.095,1.13636,1.13638,1.50,1.00
2015.01.28 11:08:29.193,1.13636,1.13639,1.00,1.00
2015.01.28 11:08:30.304,1.13636,1.13638,1.00,1.00
2015.01.28 11:08:30.809,1.13636,1.13639,1.00,1.00
2015.01.28 11:08:31.539,1.13637,1.13639,1.00,1.00
2015.01.28 11:08:32.084,1.13637,1.1364,1.00,1.00
2015.01.28 11:08:34.082,1.13637,1.13641,1.00,1.00
2015.01.28 11:08:34.588,1.13638,1.13642,1.00,1.10
2015.01.28 11:08:35.094,1.13639,1.13644,1.00,3.37
2015.01.28 11:08:36.000,1.13639,1.13644,1.00,3.07
2015.01.28 11:08:36.555,1.13639,1.13643,1.00,1.00
2015.01.28 11:08:37.263,1.13638,1.13643,1.50,1.50
2015.01.28 11:08:38.362,1.13638,1.13642,1.50,1.00
2015.01.28 11:08:39.022,1.13639,1.13642,1.00,1.00
2015.01.28 11:08:39.551,1.13638,1.13642,1.50,1.00
2015.01.28 11:08:40.642,1.13638,1.1364,1.00,1.00
2015.01.28 11:08:41.169,1.13638,1.13641,1.00,1.00
2015.01.28 11:08:42.852,1.13638,1.1364,1.00,1.00
2015.01.28 11:08:43.416,1.13637,1.1364,1.00,1.00
2015.01.28 11:08:48.939,1.13635,1.1364,3.22,1.00
2015.01.28 11:08:49.451,1.13636,1.1364,1.00,3.75
2015.01.28 11:08:54.752,1.13636,1.13639,1.12,1.50
2015.01.28 11:08:55.258,1.13637,1.1364,1.00,1.00
2015.01.28 11:08:59.369,1.13636,1.1364,1.12,1.00
2015.01.28 11:09:00.228,1.13636,1.13639,1.12,1.00
2015.01.28 11:09:00.734,1.13636,1.13638,1.00,1.00
2015.01.28 11:09:02.431,1.13636,1.13638,1.00,1.00
2015.01.28 11:09:02.936,1.13635,1.13638,1.35,4.00
2015.01.28 11:09:04.946,1.13635,1.13638,1.35,3.00
2015.01.28 11:09:08.554,1.13635,1.13639,2.06,4.50
2015.01.28 11:09:10.402,1.13635,1.13638,2.06,1.00
2015.01.28 11:09:13.578,1.13636,1.13638,1.00,1.00
2015.01.28 11:09:13.679,1.13637,1.1364,1.37,1.95
2015.01.28 11:09:13.985,1.13638,1.1364,2.50,1.20
2015.01.28 11:09:15.528,1.13639,1.13642,1.00,1.87
2015.01.28 11:09:16.038,1.13639,1.1364,1.00,1.00
2015.01.28 11:09:18.735,1.13639,1.13642,1.52,1.00
2015.01.28 11:09:24.888,1.1364,1.13642,1.00,1.50
2015.01.28 11:09:26.104,1.13639,1.13642,1.00,1.37
2015.01.28 11:09:26.609,1.13641,1.13642,1.00,1.00
2015.01.28 11:09:28.723,1.13641,1.13643,1.00,3.37
2015.01.28 11:09:33.987,1.1364,1.13644,1.50,4.95
2015.01.28 11:09:35.011,1.1364,1.13642,1.24,1.12
2015.01.28 11:09:38.266,1.13639,1.13642,1.50,1.87
2015.01.28 11:09:38.832,1.13639,1.13642,1.99,1.87
2015.01.28 11:09:39.494,1.13639,1.13642,1.00,1.87
2015.01.28 11:09:39.545,1.13638,1.1364,2.25,1.12
2015.01.28 11:09:40.053,1.13637,1.13639,1.50,1.00
2015.01.28 11:09:41.134,1.13638,1.13639,1.50,1.00
2015.01.28 11:09:41.388,1.13648,1.13649,1.00,2.62
2015.01.28 11:09:41.440,1.13648,1.13649,1.00,1.87
2015.01.28 11:09:41.491,1.13649,1.1365,1.00,1.12
2015.01.28 11:09:41.593,1.13651,1.13653,1.12,1.20
2015.01.28 11:09:41.695,1.13654,1.13656,1.00,4.50
2015.01.28 11:09:41.798,1.13655,1.13656,1.00,1.87
2015.01.28 11:09:41.849,1.13655,1.13657,1.00,1.12
2015.01.28 11:09:42.354,1.13656,1.13658,1.00,1.00
2015.01.28 11:09:43.314,1.13655,1.13657,2.10,1.00
2015.01.28 11:09:43.827,1.13655,1.13657,1.00,1.37
2015.01.28 11:09:44.592,1.13654,1.13657,1.50,1.37
2015.01.28 11:09:45.111,1.13655,1.13657,1.00,1.37
2015.01.28 11:09:47.234,1.13654,1.13656,1.00,1.12
2015.01.28 11:09:47.443,1.13652,1.13655,1.00,3.00
2015.01.28 11:09:47.950,1.1365,1.13653,1.00,1.00
2015.01.28 11:09:48.977,1.13649,1.13653,2.25,1.00
2015.01.28 11:09:49.522,1.1365,1.13653,1.00,1.00
2015.01.28 11:09:50.027,1.13651,1.13653,1.00,1.00
2015.01.28 11:09:50.533,1.1365,1.13653,1.12,1.10
2015.01.28 11:09:51.089,1.1365,1.13653,1.12,2.20
2015.01.28 11:09:51.830,1.1365,1.13653,1.12,2.25
2015.01.28 11:09:57.969,1.13648,1.13653,2.85,2.62
2015.01.28 11:09:58.475,1.13648,1.13652,1.50,1.12
2015.01.28 11:09:59.405,1.13648,1.13653,2.85,3.07
2015.01.28 11:09:59.962,1.13649,1.13653,1.50,3.45
2015.01.28 11:10:00.482,1.13649,1.13653,3.22,3.07
2015.01.28 11:10:02.811,1.13653,1.13655,1.37,6.30
2015.01.28 11:10:02.963,1.13656,1.13658,3.60,1.00
2015.01.28 11:10:03.014,1.13657,1.1366,1.37,2.62
2015.01.28 11:10:03.065,1.13658,1.1366,1.37,1.00
2015.01.28 11:10:03.217,1.13659,1.13662,3.00,1.00
2015.01.28 11:10:03.268,1.13659,1.13663,3.00,1.00
2015.01.28 11:10:03.773,1.13661,1.13662,1.00,1.00
2015.01.28 11:10:03.975,1.13661,1.13665,1.75,5.25
2015.01.28 11:10:04.697,1.13663,1.13665,1.12,7.50
2015.01.28 11:10:04.798,1.13663,1.13666,7.50,1.87
2015.01.28 11:10:05.304,1.13663,1.13666,6.00,1.50
2015.01.28 11:10:06.264,1.13666,1.1367,1.12,2.70
2015.01.28 11:10:06.415,1.13666,1.13668,1.00,1.00
2015.01.28 11:10:06.466,1.13664,1.13668,4.12,1.00
2015.01.28 11:10:06.517,1.13664,1.13669,4.12,2.32
2015.01.28 11:10:07.022,1.13665,1.13668,1.50,1.00
2015.01.28 11:10:08.237,1.13664,1.13669,4.87,2.25
2015.01.28 11:10:08.742,1.13665,1.13669,1.00,3.75
2015.01.28 11:10:10.004,1.13665,1.13666,1.50,1.00
2015.01.28 11:10:10.512,1.13663,1.13667,2.62,1.00
2015.01.28 11:10:12.909,1.13664,1.13669,2.25,5.25
2015.01.28 11:10:12.959,1.13665,1.13669,1.00,4.50
2015.01.28 11:10:13.600,1.13665,1.13669,2.25,2.62
2015.01.28 11:10:14.391,1.13667,1.13668,1.00,1.00
2015.01.28 11:10:17.363,1.13667,1.13669,1.00,2.25
2015.01.28 11:10:20.735,1.13667,1.1367,2.25,1.20
2015.01.28 11:10:20.886,1.1367,1.13671,1.00,1.00
2015.01.28 11:10:20.988,1.13673,1.13675,1.00,1.50
2015.01.28 11:10:21.090,1.13674,1.13677,1.00,2.25
2015.01.28 11:10:21.542,1.13676,1.13677,1.00,1.50
2015.01.28 11:10:21.593,1.13676,1.13679,1.00,1.00
2015.01.28 11:10:22.099,1.13677,1.1368,1.00,1.00
2015.01.28 11:10:22.605,1.13678,1.13681,1.50,1.00
2015.01.28 11:10:23.137,1.13678,1.13682,1.50,1.50
2015.01.28 11:10:25.404,1.13678,1.13681,1.00,1.00
2015.01.28 11:10:26.225,1.13679,1.13681,1.00,1.00
2015.01.28 11:10:26.970,1.1368,1.13681,1.00,1.00
2015.01.28 11:10:27.662,1.13679,1.13681,1.00,1.00
2015.01.28 11:10:28.239,1.1368,1.13681,1.00,1.00
2015.01.28 11:10:30.335,1.1368,1.13682,1.00,1.87
2015.01.28 11:10:30.931,1.13679,1.13682,1.50,1.87
2015.01.28 11:10:31.438,1.1368,1.13682,1.00,1.12
2015.01.28 11:10:32.014,1.13679,1.13682,1.50,1.12
2015.01.28 11:10:32.552,1.1368,1.13682,1.00,1.87
2015.01.28 11:10:33.463,1.13679,1.13682,1.00,1.12
2015.01.28 11:10:34.293,1.1368,1.13682,1.00,1.12
2015.01.28 11:10:34.697,1.13678,1.13682,1.50,1.12
2015.01.28 11:10:34.910,1.1368,1.13682,1.00,1.12
2015.01.28 11:10:35.552,1.13679,1.13682,1.00,1.12
2015.01.28 11:10:35.956,1.13678,1.1368,1.00,1.00
2015.01.28 11:10:36.259,1.13676,1.13679,1.00,1.87
2015.01.28 11:10:36.783,1.13676,1.13679,1.00,3.75
2015.01.28 11:10:37.165,1.13676,1.13679,1.00,3.75
2015.01.28 11:10:37.824,1.13675,1.13679,1.08,2.25
2015.01.28 11:10:37.875,1.13674,1.13676,1.06,1.00
2015.01.28 11:10:38.381,1.13675,1.13677,1.00,1.00
2015.01.28 11:10:38.686,1.13675,1.13679,1.00,1.87
2015.01.28 11:10:38.837,1.13677,1.13679,1.00,1.12
2015.01.28 11:10:39.343,1.13678,1.13679,1.00,1.12
2015.01.28 11:10:41.339,1.13677,1.13679,1.50,1.12
2015.01.28 11:10:41.642,1.13676,1.13678,1.00,1.37
2015.01.28 11:10:41.693,1.13674,1.13677,1.50,1.12
2015.01.28 11:10:42.198,1.13673,1.13676,1.50,1.00
2015.01.28 11:10:42.931,1.13674,1.13676,1.00,1.00
2015.01.28 11:10:43.450,1.13674,1.13677,1.00,1.12
2015.01.28 11:10:43.957,1.13674,1.13676,1.10,1.00
2015.01.28 11:10:44.412,1.13673,1.13674,1.00,1.00
2015.01.28 11:10:44.665,1.13669,1.13671,1.50,1.00
2015.01.28 11:10:45.170,1.13668,1.1367,1.50,1.00
2015.01.28 11:10:45.624,1.13666,1.13669,1.87,1.00
2015.01.28 11:10:46.230,1.13667,1.13669,1.00,1.00
2015.01.28 11:10:46.779,1.13666,1.1367,1.87,1.00
2015.01.28 11:10:47.321,1.13667,1.1367,1.00,1.00
2015.01.28 11:10:49.282,1.13666,1.13669,2.62,1.00
2015.01.28 11:10:49.940,1.13666,1.1367,1.12,1.10
2015.01.28 11:10:50.451,1.13666,1.13671,1.12,1.57
2015.01.28 11:10:50.606,1.13668,1.13671,1.00,1.10
2015.01.28 11:10:51.947,1.13668,1.13669,1.00,1.00
2015.01.28 11:10:52.049,1.13666,1.13669,3.75,1.50
2015.01.28 11:10:52.100,1.13666,1.13667,1.00,1.00
2015.01.28 11:10:52.202,1.13664,1.13667,1.50,1.12
2015.01.28 11:10:52.354,1.13664,1.13665,1.50,1.00
2015.01.28 11:10:52.859,1.13664,1.13666,1.50,1.00
2015.01.28 11:10:53.133,1.13662,1.13665,1.50,3.00
2015.01.28 11:10:53.637,1.13661,1.13665,1.50,4.87
2015.01.28 11:10:54.318,1.13662,1.13665,4.12,4.87
2015.01.28 11:10:54.369,1.13664,1.13665,1.00,1.12
2015.01.28 11:10:54.874,1.13662,1.13665,1.00,3.82
2015.01.28 11:10:55.627,1.13662,1.13665,1.87,1.00
2015.01.28 11:10:56.133,1.13662,1.13665,1.00,4.50
2015.01.28 11:10:56.638,1.13662,1.13665,1.00,4.75
2015.01.28 11:10:57.169,1.13661,1.13665,1.00,4.50
2015.01.28 11:10:57.321,1.13658,1.13663,5.25,5.10
2015.01.28 11:10:57.626,1.13655,1.13658,1.00,1.50
2015.01.28 11:10:57.727,1.13655,1.13658,1.00,1.50
2015.01.28 11:10:57.930,1.13656,1.1366,1.00,1.50
2015.01.28 11:10:58.435,1.13657,1.1366,1.50,1.00
2015.01.28 11:10:58.940,1.13657,1.13659,1.12,1.00
2015.01.28 11:11:00.595,1.13658,1.13661,1.00,2.25
2015.01.28 11:11:00.698,1.13659,1.13661,1.00,1.00
2015.01.28 11:11:01.203,1.13661,1.13664,1.37,4.65
2015.01.28 11:11:01.711,1.13661,1.13662,1.00,1.10
2015.01.28 11:11:02.225,1.1366,1.13662,2.25,1.10
2015.01.28 11:11:05.371,1.1366,1.13661,1.50,2.10
2015.01.28 11:11:05.523,1.13658,1.13659,1.12,1.00
2015.01.28 11:11:05.574,1.13656,1.13659,2.62,1.00
2015.01.28 11:11:07.217,1.13657,1.13659,1.00,1.00
2015.01.28 11:11:08.075,1.13657,1.1366,1.00,1.50
2015.01.28 11:11:10.201,1.13657,1.1366,1.37,1.50
2015.01.28 11:11:11.692,1.13656,1.1366,2.25,1.50
2015.01.28 11:11:12.470,1.13656,1.13659,1.50,1.00
2015.01.28 11:11:15.244,1.13655,1.13659,2.62,1.00
2015.01.28 11:11:15.768,1.13656,1.13659,1.00,1.00
2015.01.28 11:11:18.627,1.13655,1.13659,4.50,1.00
2015.01.28 11:11:19.144,1.13656,1.13659,1.00,1.00
2015.01.28 11:11:21.036,1.13656,1.13657,1.00,1.00
2015.01.28 11:11:21.543,1.13655,1.13657,2.74,1.00
2015.01.28 11:11:24.120,1.13654,1.13656,1.00,1.00
2015.01.28 11:11:25.470,1.13655,1.13657,1.50,1.00
2015.01.28 11:11:25.976,1.13654,1.13656,1.00,7.35
2015.01.28 11:11:26.027,1.13653,1.13654,3.00,1.50
2015.01.28 11:11:26.128,1.1365,1.13653,3.00,1.50
2015.01.28 11:11:26.179,1.1365,1.13651,1.50,1.00
2015.01.28 11:11:26.483,1.13648,1.1365,1.50,1.00
2015.01.28 11:11:29.300,1.13648,1.13649,1.00,1.50
2015.01.28 11:11:32.871,1.13646,1.13649,2.25,1.50
2015.01.28 11:11:36.027,1.13646,1.13649,1.50,1.50
2015.01.28 11:11:51.296,1.1365,1.13651,1.00,1.00
2015.01.28 11:11:51.801,1.1365,1.13652,1.87,1.50
2015.01.28 11:11:52.370,1.1365,1.13651,1.87,1.00
2015.01.28 11:11:52.880,1.1365,1.13652,2.62,1.00
2015.01.28 11:11:53.492,1.1365,1.13651,2.62,1.00
2015.01.28 11:11:57.555,1.13648,1.13651,1.00,1.00
2015.01.28 11:11:58.060,1.13648,1.1365,1.00,1.00
2015.01.28 11:11:58.565,1.13648,1.13651,1.00,1.00
2015.01.28 11:12:01.169,1.13648,1.13652,3.00,1.20
2015.01.28 11:12:01.473,1.13655,1.13656,1.00,1.00
2015.01.28 11:12:01.676,1.13655,1.13658,1.12,1.00
2015.01.28 11:12:02.181,1.13654,1.13657,1.50,1.00
2015.01.28 11:12:02.636,1.13653,1.13655,3.75,1.00
2015.01.28 11:12:02.788,1.13652,1.13654,1.50,1.10
2015.01.28 11:12:03.041,1.13654,1.13655,1.00,1.57
2015.01.28 11:12:03.193,1.13653,1.13656,2.25,1.95
2015.01.28 11:12:03.700,1.13653,1.13656,3.00,2.95
2015.01.28 11:12:04.206,1.13653,1.13656,1.50,1.87
2015.01.28 11:12:04.711,1.13653,1.13656,2.25,2.12
2015.01.28 11:12:05.231,1.13653,1.13656,2.25,2.15
2015.01.28 11:12:06.218,1.13654,1.13655,1.00,1.10
2015.01.28 11:12:07.460,1.13655,1.13656,1.00,1.00
2015.01.28 11:12:07.662,1.13655,1.13657,1.00,2.25
2015.01.28 11:12:08.168,1.13654,1.13656,1.50,1.00
2015.01.28 11:12:11.776,1.13654,1.13657,1.50,2.25
2015.01.28 11:12:15.039,1.13654,1.13656,1.00,1.00
2015.01.28 11:12:16.659,1.13655,1.13656,1.00,1.00
2015.01.28 11:12:18.449,1.13655,1.13657,1.50,1.50
2015.01.28 11:12:21.084,1.13656,1.13657,1.00,1.00
2015.01.28 11:12:21.135,1.13659,1.13661,1.00,7.50
2015.01.28 11:12:21.238,1.1366,1.13661,1.50,1.00
2015.01.28 11:12:21.743,1.1366,1.13662,2.25,1.00
2015.01.28 11:12:33.022,1.13658,1.1366,3.37,2.25
2015.01.28 11:12:33.175,1.13655,1.13656,1.12,2.62
2015.01.28 11:12:33.327,1.13652,1.13655,2.25,1.12
2015.01.28 11:12:33.479,1.1365,1.13654,7.20,1.00
2015.01.28 11:12:33.530,1.1365,1.13652,5.62,1.00
2015.01.28 11:12:33.833,1.13649,1.1365,1.00,1.00
2015.01.28 11:12:34.137,1.13649,1.13652,1.00,1.10
2015.01.28 11:12:35.496,1.13648,1.1365,1.00,1.00
2015.01.28 11:12:35.758,1.13649,1.13651,1.00,1.00
2015.01.28 11:12:40.721,1.1365,1.13653,1.00,1.57
2015.01.28 11:12:40.925,1.13651,1.13655,2.25,3.37
2015.01.28 11:12:43.184,1.13651,1.13655,2.25,1.87
2015.01.28 11:12:44.056,1.13652,1.13656,1.75,1.50
2015.01.28 11:12:44.209,1.13655,1.13657,1.87,1.10
2015.01.28 11:12:46.869,1.13655,1.13658,1.87,1.20
2015.01.28 11:12:48.386,1.13655,1.13658,3.97,2.70
2015.01.28 11:12:48.892,1.13655,1.13658,6.22,1.00
2015.01.28 11:12:49.448,1.13656,1.13658,1.00,1.00
2015.01.28 11:12:49.651,1.13657,1.13659,1.50,2.25
2015.01.28 11:12:50.055,1.13656,1.13659,1.00,1.87
2015.01.28 11:12:50.207,1.13656,1.13659,1.00,2.25
2015.01.28 11:12:50.762,1.13656,1.13659,1.67,1.50
2015.01.28 11:12:51.269,1.13657,1.13659,1.37,1.50
2015.01.28 11:12:51.421,1.13656,1.1366,2.10,3.45
2015.01.28 11:12:51.926,1.13656,1.13659,1.00,1.00
2015.01.28 11:12:53.757,1.13655,1.13659,3.07,1.37
2015.01.28 11:12:54.262,1.13656,1.13657,1.00,1.00
2015.01.28 11:12:54.413,1.13653,1.13657,2.62,1.50
2015.01.28 11:12:54.934,1.13653,1.13655,1.12,3.00
2015.01.28 11:12:55.447,1.13652,1.13654,1.37,1.00
2015.01.28 11:12:56.824,1.13653,1.13655,1.87,2.25
2015.01.28 11:12:57.330,1.13653,1.13656,1.87,3.00
2015.01.28 11:12:58.795,1.13653,1.13656,1.12,3.00
2015.01.28 11:13:00.161,1.13652,1.13654,1.10,2.10
2015.01.28 11:13:00.617,1.13652,1.13655,1.87,1.12
2015.01.28 11:13:02.378,1.13652,1.13654,1.00,1.00
2015.01.28 11:13:02.682,1.13655,1.13656,1.00,4.12
2015.01.28 11:13:05.984,1.13654,1.13656,1.87,1.50
2015.01.28 11:13:06.086,1.13655,1.13658,1.50,1.50
2015.01.28 11:13:06.600,1.13657,1.13658,1.12,1.00
2015.01.28 11:13:07.105,1.13655,1.13658,1.87,1.50
2015.01.28 11:13:09.924,1.13654,1.13656,2.25,2.85
2015.01.28 11:13:10.127,1.13654,1.13656,1.12,1.50
2015.01.28 11:13:10.632,1.13655,1.13657,1.12,1.00
2015.01.28 11:13:11.138,1.13655,1.13658,1.12,1.00
2015.01.28 11:13:12.931,1.13655,1.13659,1.12,3.75
2015.01.28 11:13:20.307,1.13655,1.13658,1.00,1.00
2015.01.28 11:13:20.358,1.13654,1.13656,1.12,1.50
2015.01.28 11:13:20.562,1.13653,1.13655,1.00,1.50
2015.01.28 11:13:21.067,1.13654,1.13656,1.12,1.00
2015.01.28 11:13:23.368,1.13654,1.13655,1.12,1.00
2015.01.28 11:13:23.873,1.13653,1.13654,1.00,1.00
2015.01.28 11:13:23.924,1.13651,1.13653,2.62,1.00
2015.01.28 11:13:23.975,1.13651,1.13655,2.62,3.00
2015.01.28 11:13:24.278,1.13653,1.13655,1.37,1.00
2015.01.28 11:13:26.228,1.13653,1.13657,5.62,2.25
2015.01.28 11:13:28.410,1.13654,1.13658,1.87,2.25
2015.01.28 11:13:28.461,1.13654,1.13656,1.87,1.50
2015.01.28 11:13:29.016,1.13654,1.13655,1.12,1.00
2015.01.28 11:13:29.545,1.13654,1.13656,1.12,1.00
2015.01.28 11:13:30.532,1.13654,1.13657,1.87,1.00
2015.01.28 11:13:33.306,1.13654,1.13656,1.87,1.00
2015.01.28 11:13:36.594,1.13655,1.13658,1.00,1.50
2015.01.28 11:13:40.783,1.13655,1.13657,2.25,1.00
2015.01.28 11:13:41.289,1.13655,1.13658,1.50,1.00
2015.01.28 11:13:41.800,1.13656,1.13659,1.00,3.07
2015.01.28 11:13:54.577,1.13655,1.13658,1.00,1.00
2015.01.28 11:13:58.093,1.13655,1.13658,4.00,1.00
2015.01.28 11:13:58.598,1.13655,1.13658,3.00,1.00
2015.01.28 11:13:59.147,1.13654,1.13658,5.62,1.00
2015.01.28 11:14:00.136,1.13654,1.13658,7.72,1.00
2015.01.28 11:14:00.439,1.13676,1.13677,1.00,1.57
2015.01.28 11:14:00.540,1.13675,1.13676,1.00,1.50
2015.01.28 11:14:01.053,1.13675,1.13678,1.00,1.50
2015.01.28 11:14:01.512,1.13673,1.13678,2.32,2.25
2015.01.28 11:14:02.126,1.13673,1.13678,8.70,2.50
2015.01.28 11:14:08.894,1.13674,1.13676,1.12,1.00
2015.01.28 11:14:08.996,1.13672,1.13674,1.50,1.00
2015.01.28 11:14:09.150,1.13671,1.13673,1.00,2.25
2015.01.28 11:14:09.252,1.1367,1.13671,1.00,1.35
2015.01.28 11:14:09.759,1.13668,1.13671,1.50,1.00
2015.01.28 11:14:10.582,1.13668,1.13672,1.50,1.95
2015.01.28 11:14:11.088,1.13666,1.13671,3.37,2.25
2015.01.28 11:14:13.056,1.13666,1.1367,3.37,1.00
2015.01.28 11:14:18.593,1.13668,1.1367,1.00,1.00
2015.01.28 11:14:18.899,1.13672,1.13673,1.00,1.00
2015.01.28 11:14:18.950,1.13672,1.13673,1.00,1.00
2015.01.28 11:14:19.455,1.13672,1.13674,1.00,3.00
2015.01.28 11:14:21.019,1.13671,1.13674,1.00,3.00
2015.01.28 11:14:21.532,1.1367,1.13673,1.50,2.25
2015.01.28 11:14:23.661,1.1367,1.13673,2.25,3.25
2015.01.28 11:14:24.167,1.13669,1.13673,1.87,5.50
2015.01.28 11:14:24.470,1.13671,1.13673,1.00,4.75
2015.01.28 11:14:27.060,1.13671,1.13673,1.00,2.25
2015.01.28 11:14:29.034,1.13671,1.13675,2.25,5.32
2015.01.28 11:14:29.136,1.13673,1.13675,1.00,3.00
2015.01.28 11:14:29.237,1.13673,1.13677,1.50,4.12
2015.01.28 11:14:30.177,1.13673,1.13677,2.25,3.75
2015.01.28 11:14:30.430,1.13676,1.13678,1.00,1.57
2015.01.28 11:14:30.948,1.13675,1.13679,2.25,3.07
2015.01.28 11:14:33.842,1.13675,1.13677,1.50,1.00
2015.01.28 11:14:36.169,1.13675,1.13676,1.00,1.00
2015.01.28 11:14:44.209,1.13675,1.13677,1.00,2.25
2015.01.28 11:14:48.647,1.13674,1.13677,1.87,2.25
2015.01.28 11:14:48.950,1.13674,1.13675,1.20,1.00
2015.01.28 11:14:49.405,1.13672,1.13674,1.20,3.00
2015.01.28 11:14:49.456,1.13671,1.13673,1.05,1.00
2015.01.28 11:14:50.264,1.13671,1.13672,1.00,1.00
2015.01.28 11:14:50.467,1.13671,1.13674,1.00,2.25
2015.01.28 11:14:52.264,1.13672,1.13674,1.00,2.25
2015.01.28 11:14:53.029,1.13671,1.13674,1.00,2.25
2015.01.28 11:14:55.636,1.13671,1.13673,1.00,1.00
2015.01.28 11:14:56.143,1.13671,1.13672,1.00,1.00
2015.01.28 11:14:56.679,1.13671,1.13673,1.37,1.00
2015.01.28 11:14:56.729,1.13671,1.13673,1.37,1.00
2015.01.28 11:14:56.831,1.13673,1.13675,1.00,1.50
2015.01.28 11:14:57.186,1.13674,1.13676,1.12,2.25
2015.01.28 11:14:57.287,1.13673,1.13675,1.37,1.00
2015.01.28 11:14:57.833,1.13674,1.13676,1.00,3.00
2015.01.28 11:14:58.359,1.13675,1.13676,1.00,3.75
2015.01.28 11:15:01.286,1.13674,1.13676,1.12,3.00
2015.01.28 11:15:02.504,1.13673,1.13675,4.50,1.00
2015.01.28 11:15:03.566,1.13672,1.13674,1.57,1.00
2015.01.28 11:15:06.122,1.13673,1.13674,1.00,1.00
2015.01.28 11:15:09.504,1.13671,1.13674,1.12,1.00
2015.01.28 11:15:09.605,1.1367,1.13674,3.30,5.25
2015.01.28 11:15:09.757,1.1367,1.13674,1.10,5.25
2015.01.28 11:15:14.242,1.13668,1.13671,2.25,1.00
2015.01.28 11:15:14.377,1.13668,1.1367,1.00,1.50
2015.01.28 11:15:14.530,1.13667,1.1367,1.10,4.50
2015.01.28 11:15:16.449,1.13667,1.1367,1.00,1.50
2015.01.28 11:15:17.235,1.13668,1.1367,1.00,1.50
2015.01.28 11:15:20.700,1.13668,1.1367,1.00,3.60
2015.01.28 11:15:20.805,1.13666,1.1367,1.10,4.35
2015.01.28 11:15:21.317,1.13666,1.1367,1.00,3.00
2015.01.28 11:15:21.946,1.13665,1.1367,1.57,3.00
2015.01.28 11:15:22.925,1.13665,1.13668,1.57,2.25
2015.01.28 11:15:23.228,1.13662,1.13665,1.00,5.25
2015.01.28 11:15:23.769,1.13663,1.13665,1.00,3.00
2015.01.28 11:15:24.276,1.13662,1.13665,1.00,3.00
2015.01.28 11:15:25.572,1.13662,1.13665,1.00,8.10
2015.01.28 11:15:25.724,1.1366,1.13665,2.62,9.97
2015.01.28 11:15:26.230,1.1366,1.13665,2.62,12.22
2015.01.28 11:15:27.015,1.1366,1.13664,2.62,2.25
2015.01.28 11:15:27.066,1.1366,1.13664,1.87,6.22
2015.01.28 11:15:27.269,1.13655,1.13658,3.00,1.00
2015.01.28 11:15:27.623,1.13653,1.13657,5.25,1.00
2015.01.28 11:15:29.929,1.13653,1.13656,5.25,1.00
2015.01.28 11:15:30.030,1.13652,1.13654,1.30,1.50
2015.01.28 11:15:30.233,1.1365,1.13652,1.79,4.50
2015.01.28 11:15:30.385,1.13648,1.13649,1.43,1.00
2015.01.28 11:15:30.486,1.13648,1.13651,1.50,1.50
2015.01.28 11:15:31.151,1.13648,1.1365,1.50,1.00
2015.01.28 11:15:32.330,1.13646,1.13649,3.37,1.00
2015.01.28 11:15:32.483,1.13646,1.13648,1.05,1.50
2015.01.28 11:15:32.988,1.13646,1.13648,1.10,2.25
2015.01.28 11:15:34.992,1.13646,1.13648,1.00,1.00
2015.01.28 11:15:35.498,1.13646,1.13649,1.00,1.50
2015.01.28 11:15:36.745,1.13646,1.13648,1.10,1.00
2015.01.28 11:15:37.149,1.13646,1.13649,1.00,1.00
2015.01.28 11:15:37.607,1.13643,1.13646,4.80,1.00
2015.01.28 11:15:37.708,1.13643,1.13646,1.00,2.25
2015.01.28 11:15:37.759,1.13642,1.13644,1.67,1.00
2015.01.28 11:15:37.912,1.1364,1.13643,2.62,2.85
2015.01.28 11:15:38.013,1.1364,1.13643,1.00,3.60
2015.01.28 11:15:38.114,1.13639,1.13642,1.00,3.22
2015.01.28 11:15:39.031,1.13635,1.13638,2.25,1.00
2015.01.28 11:15:39.133,1.13635,1.13638,3.25,1.00
2015.01.28 11:15:39.790,1.13636,1.13638,1.00,1.00
2015.01.28 11:15:40.408,1.13635,1.13638,1.00,1.00
2015.01.28 11:15:40.914,1.13634,1.13638,1.00,1.00
2015.01.28 11:15:41.494,1.13634,1.13637,1.00,1.50
2015.01.28 11:15:41.546,1.13631,1.13634,1.10,1.00
2015.01.28 11:15:41.850,1.13634,1.13636,1.00,1.00
2015.01.28 11:15:42.254,1.13635,1.13638,1.00,1.50
2015.01.28 11:15:43.698,1.13634,1.13638,3.04,1.00
2015.01.28 11:15:44.238,1.13635,1.13638,1.00,1.00
2015.01.28 11:15:45.014,1.13634,1.13638,4.01,1.00
2015.01.28 11:15:45.118,1.13637,1.1364,1.37,1.00
2015.01.28 11:15:46.750,1.13637,1.1364,1.37,1.50
2015.01.28 11:15:48.001,1.13638,1.13641,2.59,1.00
2015.01.28 11:15:48.507,1.13638,1.1364,1.87,1.00
2015.01.28 11:15:49.012,1.13639,1.1364,1.00,1.00
2015.01.28 11:15:52.779,1.13639,1.13641,1.00,1.00
2015.01.28 11:15:53.995,1.13639,1.13643,1.00,1.61
2015.01.28 11:15:54.500,1.13638,1.13642,1.20,1.00
2015.01.28 11:15:56.806,1.13636,1.13641,5.25,1.00
2015.01.28 11:15:59.776,1.13638,1.13642,1.20,1.50
2015.01.28 11:16:01.949,1.13639,1.13642,1.09,1.50
2015.01.28 11:16:02.404,1.13641,1.13642,2.10,1.00
2015.01.28 11:16:02.607,1.13644,1.13646,1.00,1.57
2015.01.28 11:16:03.113,1.13645,1.13646,1.50,1.00
2015.01.28 11:16:03.620,1.13645,1.13647,1.87,1.00
2015.01.28 11:16:03.823,1.13646,1.13649,2.47,1.50
2015.01.28 11:16:03.874,1.13646,1.13651,4.35,3.00
2015.01.28 11:16:03.925,1.13649,1.13651,1.35,2.25
2015.01.28 11:16:04.433,1.1365,1.13651,1.00,1.00
2015.01.28 11:16:04.953,1.13649,1.13651,1.57,1.00
2015.01.28 11:16:05.758,1.13647,1.13651,2.25,1.00
2015.01.28 11:16:06.893,1.13647,1.13651,1.10,1.50
2015.01.28 11:16:07.206,1.13646,1.13648,1.12,1.00
2015.01.28 11:16:07.307,1.13643,1.13648,3.37,1.25
2015.01.28 11:16:07.358,1.13643,1.13646,2.25,1.00
2015.01.28 11:16:07.662,1.13641,1.13644,1.50,1.00
2015.01.28 11:16:08.068,1.13638,1.13642,1.75,1.00
2015.01.28 11:16:08.573,1.13638,1.13643,1.95,1.50
2015.01.28 11:16:13.309,1.1364,1.13643,1.00,1.00
2015.01.28 11:16:13.814,1.13639,1.13642,1.00,1.50
2015.01.28 11:16:14.168,1.13638,1.13641,1.10,3.00
2015.01.28 11:16:14.673,1.13638,1.13641,1.00,2.62
2015.01.28 11:16:15.185,1.13638,1.13641,1.00,2.62
2015.01.28 11:16:16.106,1.13638,1.13641,1.00,2.62
2015.01.28 11:16:16.613,1.13638,1.13641,1.00,2.62
2015.01.28 11:16:17.275,1.13638,1.13641,1.00,2.25
2015.01.28 11:16:20.014,1.13638,1.1364,1.00,1.00
2015.01.28 11:16:21.504,1.13635,1.13638,4.87,1.37
2015.01.28 11:16:21.555,1.13635,1.13636,2.17,2.85
2015.01.28 11:16:21.707,1.13633,1.13634,1.00,1.00
2015.01.28 11:16:22.061,1.1363,1.13632,1.42,1.00
2015.01.28 11:16:22.112,1.1363,1.13632,1.00,1.00
2015.01.28 11:16:22.264,1.13628,1.13631,1.00,1.12
2015.01.28 11:16:22.769,1.13627,1.13631,1.00,1.12
2015.01.28 11:16:24.598,1.13627,1.13632,1.00,1.00
2015.01.28 11:16:24.649,1.1363,1.13632,1.00,1.00
2015.01.28 11:16:24.801,1.13631,1.13634,2.10,1.00
2015.01.28 11:16:25.306,1.1363,1.13635,2.62,1.00
2015.01.28 11:16:26.026,1.1363,1.13631,1.87,1.00
2015.01.28 11:16:26.077,1.13627,1.13631,1.00,1.87
2015.01.28 11:16:26.178,1.13628,1.13631,1.35,1.50
2015.01.28 11:16:26.482,1.13629,1.13633,1.10,1.50
2015.01.28 11:16:27.913,1.13629,1.13634,2.32,2.25
2015.01.28 11:16:27.964,1.13631,1.13634,1.00,1.00
2015.01.28 11:16:28.116,1.13631,1.13636,2.10,1.87
2015.01.28 11:16:28.268,1.13633,1.13637,1.00,2.62
2015.01.28 11:16:28.774,1.13633,1.13637,1.00,1.00
2015.01.28 11:16:29.078,1.13639,1.13643,2.25,1.95
2015.01.28 11:16:29.482,1.13641,1.13643,1.00,1.10
2015.01.28 11:16:30.620,1.13642,1.13644,1.00,1.12
2015.01.28 11:16:30.772,1.13643,1.13646,1.00,1.95
2015.01.28 11:16:31.278,1.13644,1.13646,1.00,1.00
2015.01.28 11:16:31.834,1.13644,1.13647,1.00,1.50
2015.01.28 11:16:31.986,1.13646,1.13648,1.00,1.57
2015.01.28 11:16:45.491,1.13646,1.13649,1.00,1.00
2015.01.28 11:16:53.927,1.13646,1.13648,1.00,1.00
2015.01.28 11:16:54.432,1.13646,1.13649,1.00,1.00
2015.01.28 11:16:56.724,1.13646,1.13648,1.00,1.00
2015.01.28 11:16:57.675,1.13646,1.13647,1.00,1.00
2015.01.28 11:16:57.979,1.13641,1.13643,1.50,2.85
2015.01.28 11:16:58.080,1.13638,1.13642,1.87,1.00
2015.01.28 11:16:58.131,1.13638,1.1364,1.00,1.00
2015.01.28 11:17:02.360,1.13636,1.13639,2.31,1.00
2015.01.28 11:17:02.664,1.13638,1.13641,1.87,1.00
2015.01.28 11:17:03.170,1.13638,1.1364,1.12,1.00
2015.01.28 11:17:04.945,1.13638,1.1364,1.37,1.00
2015.01.28 11:17:05.657,1.13638,1.1364,1.12,1.00
2015.01.28 11:17:06.271,1.13638,1.1364,1.37,1.00
2015.01.28 11:17:08.560,1.13639,1.13642,1.87,1.50
2015.01.28 11:17:08.662,1.1364,1.13643,2.24,1.50
2015.01.28 11:17:09.168,1.13641,1.13643,1.50,1.00
2015.01.28 11:17:10.217,1.13641,1.13643,1.87,1.00
2015.01.28 11:17:10.823,1.13641,1.13643,1.12,1.00
2015.01.28 11:17:11.719,1.13641,1.13643,1.37,1.00
2015.01.28 11:17:12.489,1.13641,1.13643,1.37,1.12
2015.01.28 11:17:12.643,1.13639,1.1364,1.05,1.50
2015.01.28 11:17:12.696,1.13633,1.13634,2.25,1.00
2015.01.28 11:17:12.747,1.13633,1.13634,1.50,1.00
2015.01.28 11:17:12.799,1.13631,1.13633,1.10,1.50
2015.01.28 11:17:13.313,1.13631,1.13633,1.00,1.50
2015.01.28 11:17:16.543,1.1363,1.13634,1.50,2.25
2015.01.28 11:17:20.684,1.13629,1.13634,2.25,5.25
2015.01.28 11:17:20.735,1.13629,1.1363,1.50,1.00
2015.01.28 11:17:21.039,1.13623,1.13625,1.80,4.35
2015.01.28 11:17:21.241,1.13619,1.13621,1.07,1.00
2015.01.28 11:17:21.343,1.13617,1.1362,1.05,1.00
2015.01.28 11:17:21.848,1.13616,1.13621,1.57,1.00
2015.01.28 11:17:24.306,1.13617,1.13622,1.00,2.25
2015.01.28 11:17:24.815,1.13616,1.13621,1.57,1.00
2015.01.28 11:17:25.329,1.13617,1.13622,1.10,1.00
2015.01.28 11:17:25.989,1.13621,1.13622,1.50,1.00
2015.01.28 11:17:26.140,1.13624,1.13626,1.00,1.30
2015.01.28 11:17:26.192,1.13625,1.13626,1.00,1.00
2015.01.28 11:17:26.693,1.13624,1.13626,1.10,1.00
2015.01.28 11:17:27.958,1.13622,1.13626,2.25,3.85
2015.01.28 11:17:28.161,1.13621,1.13626,1.12,2.12
2015.01.28 11:17:28.666,1.13621,1.13626,1.87,1.12
2015.01.28 11:17:30.288,1.13622,1.13627,1.50,4.50
2015.01.28 11:17:30.944,1.13622,1.13627,1.00,2.62
2015.01.28 11:17:31.448,1.13622,1.13627,1.00,3.37
2015.01.28 11:17:32.007,1.13622,1.13627,1.00,1.87
2015.01.28 11:17:33.005,1.13622,1.13626,5.47,1.00
2015.01.28 11:17:35.686,1.13624,1.13626,1.00,1.00
2015.01.28 11:17:36.515,1.13625,1.13626,1.00,1.00
2015.01.28 11:17:36.772,1.13627,1.13629,1.00,1.12
2015.01.28 11:17:36.826,1.13627,1.13629,1.00,1.12
2015.01.28 11:17:36.876,1.13629,1.1363,1.00,1.12
2015.01.28 11:17:36.978,1.1363,1.13632,1.00,1.50
2015.01.28 11:17:37.500,1.1363,1.13633,1.00,1.00
2015.01.28 11:17:42.502,1.13629,1.13633,1.00,2.25
2015.01.28 11:17:42.704,1.13629,1.13632,1.00,1.37
2015.01.28 11:17:43.008,1.13626,1.1363,3.75,1.00
2015.01.28 11:17:43.513,1.13626,1.1363,2.70,1.00
2015.01.28 11:17:44.559,1.13626,1.1363,2.70,1.00
2015.01.28 11:17:44.660,1.1363,1.13632,1.00,3.00
2015.01.28 11:17:44.813,1.13631,1.13634,1.50,3.00
2015.01.28 11:17:45.167,1.13629,1.13633,1.87,2.25
2015.01.28 11:17:45.874,1.1363,1.13633,1.00,2.25
2015.01.28 11:17:46.379,1.13629,1.13633,1.87,2.25
2015.01.28 11:17:48.544,1.1363,1.13633,1.00,2.25
2015.01.28 11:17:50.610,1.13629,1.13632,1.12,1.50
2015.01.28 11:17:50.712,1.13627,1.1363,2.62,1.87
2015.01.28 11:17:50.814,1.13628,1.13631,1.10,1.00
2015.01.28 11:17:51.319,1.13629,1.13632,1.00,1.50
2015.01.28 11:17:55.661,1.1363,1.13632,1.37,1.12
2015.01.28 11:17:55.763,1.13631,1.13634,1.00,1.50
2015.01.28 11:17:56.471,1.13633,1.13636,1.12,2.25
2015.01.28 11:17:56.976,1.13633,1.13636,1.00,1.12
2015.01.28 11:17:57.575,1.13633,1.13636,2.62,1.00
2015.01.28 11:17:58.081,1.13635,1.13637,1.00,1.50
2015.01.28 11:18:00.051,1.13635,1.13637,1.00,1.50
2015.01.28 11:18:00.152,1.13631,1.13635,2.85,3.00
2015.01.28 11:18:00.254,1.13631,1.13635,1.20,8.72
2015.01.28 11:18:00.758,1.13631,1.13635,1.12,11.47
2015.01.28 11:18:05.266,1.13632,1.13633,1.00,1.50
2015.01.28 11:18:05.793,1.13632,1.13634,1.00,1.87
2015.01.28 11:18:06.886,1.13633,1.13634,1.00,1.50
2015.01.28 11:18:07.040,1.13636,1.13637,1.00,3.07
2015.01.28 11:18:07.091,1.13636,1.13637,1.00,1.50
2015.01.28 11:18:07.345,1.13637,1.1364,1.87,3.37
2015.01.28 11:18:07.446,1.13639,1.13641,1.72,3.00
2015.01.28 11:18:07.568,1.13639,1.13643,1.50,2.62
2015.01.28 11:18:09.411,1.13639,1.13643,2.62,2.25
2015.01.28 11:18:11.400,1.13639,1.1364,1.50,1.00
2015.01.28 11:18:11.501,1.13638,1.1364,1.00,1.00
2015.01.28 11:18:11.603,1.13636,1.1364,3.82,1.50
2015.01.28 11:18:12.109,1.13636,1.1364,1.50,2.50
2015.01.28 11:18:12.637,1.13636,1.1364,1.50,2.25
2015.01.28 11:18:13.142,1.13636,1.1364,1.50,3.00
2015.01.28 11:18:14.606,1.13636,1.1364,1.00,2.25
2015.01.28 11:18:15.111,1.13636,1.1364,1.37,2.25
2015.01.28 11:18:16.257,1.13636,1.1364,2.32,1.87
2015.01.28 11:18:17.807,1.13636,1.13637,1.20,1.72
2015.01.28 11:18:18.333,1.13636,1.13639,1.57,1.50
2015.01.28 11:18:18.956,1.13636,1.1364,1.87,3.37
2015.01.28 11:18:19.993,1.13639,1.1364,1.00,1.87
2015.01.28 11:18:20.145,1.1364,1.13642,1.00,3.00
2015.01.28 11:18:20.246,1.1364,1.13644,2.25,1.00
2015.01.28 11:18:20.701,1.13643,1.13645,1.00,4.87
2015.01.28 11:18:20.854,1.13645,1.13648,1.50,2.62
2015.01.28 11:18:22.659,1.13643,1.13646,3.45,2.10
2015.01.28 11:18:22.812,1.13641,1.13642,1.00,1.00
2015.01.28 11:18:22.964,1.13639,1.13642,1.50,1.00
2015.01.28 11:18:23.520,1.13639,1.13642,1.00,1.37
2015.01.28 11:18:24.065,1.13639,1.13642,1.00,1.37
2015.01.28 11:18:24.318,1.13639,1.13642,1.00,1.00
2015.01.28 11:18:24.830,1.13638,1.13642,1.87,1.12
2015.01.28 11:18:26.945,1.13638,1.13641,1.87,1.00
2015.01.28 11:18:27.198,1.13636,1.13639,1.87,1.00
2015.01.28 11:18:28.636,1.13636,1.13641,3.00,3.97
2015.01.28 11:18:29.292,1.13636,1.13641,3.00,3.37
2015.01.28 11:18:29.813,1.13636,1.13641,3.75,3.37
2015.01.28 11:18:30.125,1.13635,1.13636,4.50,4.50
2015.01.28 11:18:30.227,1.13634,1.13635,1.20,3.75
2015.01.28 11:18:30.732,1.13633,1.13635,1.00,1.87
2015.01.28 11:18:31.252,1.13634,1.13636,1.00,2.25
2015.01.28 11:18:31.405,1.13634,1.13638,2.50,1.50
2015.01.28 11:18:32.505,1.13634,1.13637,1.87,1.50
2015.01.28 11:18:32.555,1.13634,1.13636,1.12,2.47
2015.01.28 11:18:33.068,1.13633,1.13635,1.00,1.00
2015.01.28 11:18:33.575,1.13632,1.13634,1.37,1.00
2015.01.28 11:18:33.778,1.13631,1.13634,1.87,1.00
2015.01.28 11:18:34.436,1.13631,1.13635,1.87,4.12
2015.01.28 11:18:35.616,1.13631,1.13634,1.87,2.10
2015.01.28 11:18:37.197,1.13631,1.13634,1.87,1.35
2015.01.28 11:18:37.702,1.13632,1.13635,1.00,3.75
2015.01.28 11:18:38.207,1.13633,1.13636,1.87,1.00
2015.01.28 11:18:38.914,1.13633,1.13637,1.87,2.25
2015.01.28 11:18:40.330,1.13634,1.13637,1.37,1.87
2015.01.28 11:18:42.519,1.13635,1.13638,1.00,1.20
2015.01.28 11:18:43.025,1.13635,1.13639,1.50,3.07
2015.01.28 11:18:43.530,1.13636,1.13639,1.00,3.07
2015.01.28 11:18:49.625,1.13636,1.13638,1.00,1.00
2015.01.28 11:18:52.042,1.13635,1.13638,3.37,1.00
2015.01.28 11:18:53.205,1.13636,1.13638,1.50,1.10
2015.01.28 11:18:56.245,1.13636,1.13638,1.37,1.00
2015.01.28 11:18:57.928,1.13636,1.13638,1.12,1.00
2015.01.28 11:18:59.357,1.13637,1.13638,1.30,1.00
2015.01.28 11:18:59.867,1.13637,1.13639,1.12,1.87
2015.01.28 11:19:00.378,1.13635,1.13639,3.37,1.87
2015.01.28 11:19:00.885,1.13635,1.13637,1.50,1.00
2015.01.28 11:19:01.138,1.13633,1.13636,3.00,1.00
2015.01.28 11:19:01.645,1.13633,1.13635,1.00,3.00
2015.01.28 11:19:03.370,1.13633,1.13636,2.25,1.00
2015.01.28 11:19:03.974,1.13634,1.13637,1.00,1.50
2015.01.28 11:19:06.934,1.13633,1.13635,1.50,1.00
2015.01.28 11:19:07.238,1.13628,1.13631,2.25,1.00
2015.01.28 11:19:07.339,1.13628,1.13633,1.50,1.87
2015.01.28 11:19:07.491,1.13627,1.13629,1.00,1.00
2015.01.28 11:19:07.896,1.13624,1.13627,1.95,1.50
2015.01.28 11:19:07.947,1.13625,1.13626,1.50,4.35
2015.01.28 11:19:08.149,1.13622,1.13626,1.37,6.30
2015.01.28 11:19:08.688,1.13622,1.13625,1.37,1.50
2015.01.28 11:19:09.205,1.13622,1.13626,1.87,1.50
2015.01.28 11:19:09.710,1.13622,1.13625,1.50,1.00
2015.01.28 11:19:10.316,1.13622,1.13626,1.00,4.65
2015.01.28 11:19:10.720,1.13624,1.13626,1.00,1.50
2015.01.28 11:19:11.243,1.13624,1.13627,1.12,1.12
2015.01.28 11:19:11.950,1.13625,1.13627,1.50,1.12
2015.01.28 11:19:12.479,1.13626,1.13627,1.50,1.12
2015.01.28 11:19:15.609,1.13624,1.13626,1.00,1.00
2015.01.28 11:19:15.710,1.13624,1.13626,1.00,4.09
2015.01.28 11:19:16.215,1.13623,1.13625,1.00,3.75
2015.01.28 11:19:16.736,1.13624,1.13625,1.00,1.00
2015.01.28 11:19:17.241,1.13623,1.13625,1.00,1.00
2015.01.28 11:19:18.867,1.13623,1.13625,1.37,1.00
2015.01.28 11:19:18.918,1.13624,1.13627,1.00,2.25
2015.01.28 11:19:19.423,1.13623,1.13625,1.37,1.50
2015.01.28 11:19:19.929,1.13624,1.13626,1.00,1.50
2015.01.28 11:19:20.434,1.13624,1.13627,1.00,1.00
2015.01.28 11:19:20.939,1.13624,1.13628,1.50,3.00
2015.01.28 11:19:21.445,1.13625,1.13628,1.00,3.00
2015.01.28 11:19:22.152,1.13624,1.13628,1.50,3.00
2015.01.28 11:19:22.763,1.13624,1.13626,1.00,1.00
2015.01.28 11:19:23.067,1.13622,1.13623,1.00,1.00
2015.01.28 11:19:23.853,1.13621,1.13624,1.87,1.00
2015.01.28 11:19:29.307,1.13623,1.13625,1.37,3.00
2015.01.28 11:19:29.408,1.13624,1.13627,2.25,2.32
2015.01.28 11:19:29.812,1.13626,1.13628,1.00,2.62
2015.01.28 11:19:30.325,1.13625,1.13627,1.00,1.12
2015.01.28 11:19:30.628,1.13624,1.13627,2.62,1.00
2015.01.28 11:19:32.128,1.13626,1.13628,1.00,2.62
2015.01.28 11:19:32.635,1.13626,1.13628,1.00,1.50
2015.01.28 11:19:33.424,1.13626,1.13628,1.50,1.87
2015.01.28 11:19:33.931,1.13626,1.13628,1.50,1.00
2015.01.28 11:19:34.436,1.13624,1.13628,3.37,1.00
2015.01.28 11:19:35.093,1.13624,1.13627,4.12,1.00
2015.01.28 11:19:35.598,1.13625,1.13628,1.00,1.50
2015.01.28 11:19:36.393,1.13625,1.13627,1.00,1.00
2015.01.28 11:19:37.214,1.13624,1.13625,1.50,1.50
2015.01.28 11:19:37.316,1.13623,1.13626,1.00,3.30
2015.01.28 11:19:38.934,1.13623,1.13627,3.37,1.12
2015.01.28 11:19:39.358,1.13625,1.13627,1.00,1.12
2015.01.28 11:19:39.560,1.13623,1.13627,4.87,1.12
2015.01.28 11:19:40.955,1.13624,1.13627,1.00,1.12
2015.01.28 11:19:41.475,1.13623,1.13627,3.37,1.12
2015.01.28 11:19:42.491,1.13623,1.13627,2.25,3.00
2015.01.28 11:19:43.199,1.13623,1.13628,2.25,2.32
2015.01.28 11:19:43.502,1.13626,1.13628,1.00,1.57
2015.01.28 11:19:44.007,1.13626,1.13628,1.00,1.00
2015.01.28 11:19:44.542,1.13625,1.13628,1.50,1.00
2015.01.28 11:19:49.463,1.13625,1.13627,1.00,1.00
2015.01.28 11:19:50.062,1.13625,1.13628,1.50,1.00
2015.01.28 11:19:52.035,1.13625,1.13627,1.00,1.00
2015.01.28 11:19:52.559,1.13625,1.13628,1.00,1.57
2015.01.28 11:19:53.064,1.13625,1.13627,1.00,1.00
2015.01.28 11:19:55.114,1.13625,1.13628,1.00,1.10
2015.01.28 11:19:57.201,1.13625,1.13627,1.00,1.50
2015.01.28 11:19:57.706,1.13625,1.13626,1.00,1.00
2015.01.28 11:19:59.406,1.13625,1.13627,1.00,2.32
2015.01.28 11:20:01.024,1.13625,1.13626,1.00,1.00
2015.01.28 11:20:01.178,1.13622,1.13626,1.87,4.87
2015.01.28 11:20:01.280,1.13622,1.13624,1.37,1.00
2015.01.28 11:20:01.634,1.13621,1.13623,1.00,2.85
2015.01.28 11:20:01.736,1.13619,1.13621,3.75,1.00
2015.01.28 11:20:01.787,1.13618,1.13621,1.00,1.00
2015.01.28 11:20:02.040,1.13619,1.13621,1.50,1.00
2015.01.28 11:20:02.294,1.13617,1.13618,1.00,1.00
2015.01.28 11:20:02.396,1.13616,1.13619,1.50,2.32
2015.01.28 11:20:02.497,1.13614,1.13618,2.25,1.50
2015.01.28 11:20:06.234,1.13615,1.13618,1.00,1.50
2015.01.28 11:20:06.739,1.13616,1.13618,1.00,1.50
2015.01.28 11:20:07.144,1.13618,1.13619,1.12,1.00
2015.01.28 11:20:07.245,1.1362,1.13621,1.00,2.25
2015.01.28 11:20:08.964,1.13619,1.13621,1.00,2.25
2015.01.28 11:20:10.484,1.13619,1.13621,1.00,2.25
2015.01.28 11:20:11.936,1.1362,1.13622,1.00,1.00
2015.01.28 11:20:13.024,1.1362,1.13622,1.00,1.50
2015.01.28 11:20:13.540,1.13619,1.13621,1.12,1.50
2015.01.28 11:20:14.063,1.13618,1.13621,1.50,1.50
2015.01.28 11:20:14.368,1.1362,1.13621,3.00,1.00
2015.01.28 11:20:14.876,1.13621,1.13622,1.12,1.10
2015.01.28 11:20:15.355,1.13619,1.13621,1.12,1.00
2015.01.28 11:20:15.860,1.13618,1.13621,2.62,1.00
2015.01.28 11:20:16.112,1.13618,1.13619,1.00,1.00
2015.01.28 11:20:16.416,1.13616,1.13619,1.00,3.97
2015.01.28 11:20:16.568,1.13614,1.13616,1.50,1.00
2015.01.28 11:20:16.871,1.13617,1.13619,1.00,3.45
2015.01.28 11:20:16.922,1.13617,1.13618,1.00,1.00
2015.01.28 11:20:17.023,1.13614,1.13618,3.75,1.00
2015.01.28 11:20:17.579,1.13615,1.13617,1.12,1.00
2015.01.28 11:20:17.933,1.13613,1.13614,1.00,1.00
2015.01.28 11:20:18.034,1.13611,1.13613,2.25,1.00
2015.01.28 11:20:18.541,1.13612,1.13614,1.00,1.00
2015.01.28 11:20:20.946,1.13611,1.13613,1.50,1.00
2015.01.28 11:20:22.941,1.13612,1.13614,1.00,1.00
2015.01.28 11:20:23.194,1.13615,1.13616,1.00,1.00
2015.01.28 11:20:23.699,1.13615,1.13617,1.00,1.87
2015.01.28 11:20:26.096,1.13616,1.13617,1.50,1.00
2015.01.28 11:20:26.734,1.13615,1.13617,3.75,1.00
2015.01.28 11:20:27.245,1.13616,1.13617,1.00,1.00
2015.01.28 11:20:28.578,1.13615,1.13617,3.00,1.00
2015.01.28 11:20:29.102,1.13616,1.13617,1.00,1.00
2015.01.28 11:20:30.622,1.13615,1.13617,2.25,1.00
2015.01.28 11:20:31.939,1.13616,1.13617,1.00,1.00
2015.01.28 11:20:32.440,1.13614,1.13616,1.50,1.00
2015.01.28 11:20:32.542,1.13614,1.13617,1.50,1.00
2015.01.28 11:20:32.644,1.13614,1.13616,1.12,1.00
2015.01.28 11:20:32.948,1.13613,1.13615,2.62,1.00
2015.01.28 11:20:33.479,1.13612,1.13614,1.10,1.00
2015.01.28 11:20:33.987,1.13612,1.13613,1.12,1.50
2015.01.28 11:20:34.527,1.13611,1.13614,3.37,1.00
2015.01.28 11:20:35.158,1.13611,1.13613,3.00,1.00
2015.01.28 11:20:41.379,1.13611,1.13613,3.60,1.00
2015.01.28 11:20:41.531,1.13613,1.13616,1.00,1.87
2015.01.28 11:20:41.632,1.13611,1.13613,2.62,1.00
2015.01.28 11:20:42.842,1.13612,1.13613,1.00,1.00
2015.01.28 11:20:43.599,1.13613,1.13617,2.25,4.87
2015.01.28 11:20:44.111,1.13613,1.13615,1.50,1.00
2015.01.28 11:20:48.051,1.13613,1.13615,1.50,1.00
2015.01.28 11:20:48.559,1.13615,1.13616,1.00,1.00
2015.01.28 11:20:49.577,1.13614,1.13617,1.50,1.87
2015.01.28 11:20:49.931,1.13615,1.13618,5.85,1.37
2015.01.28 11:20:51.372,1.13614,1.13615,2.62,1.87
2015.01.28 11:20:51.423,1.13615,1.13616,1.00,1.00
2015.01.28 11:20:52.926,1.13615,1.13617,1.50,1.37
2015.01.28 11:20:53.434,1.13613,1.13617,4.87,2.62
2015.01.28 11:21:06.625,1.13615,1.13616,1.76,1.12
2015.01.28 11:21:07.131,1.13615,1.13617,7.09,1.00
2015.01.28 11:21:07.638,1.13616,1.13618,2.08,1.12
2015.01.28 11:21:07.790,1.13617,1.13619,1.00,1.00
2015.01.28 11:21:07.892,1.13618,1.1362,2.25,1.00
2015.01.28 11:21:07.943,1.13621,1.13622,1.00,1.50
2015.01.28 11:21:08.146,1.13622,1.13624,1.00,1.12
2015.01.28 11:21:08.247,1.13624,1.13625,1.35,2.25
2015.01.28 11:21:08.752,1.13625,1.13626,1.00,1.87
2015.01.28 11:21:11.679,1.13625,1.13626,2.25,1.12
2015.01.28 11:21:13.549,1.13628,1.1363,1.00,1.10
2015.01.28 11:21:13.701,1.13629,1.13631,1.50,2.10
2015.01.28 11:21:13.752,1.1363,1.13633,1.10,1.10
2015.01.28 11:21:13.853,1.13632,1.13633,1.00,1.00
2015.01.28 11:21:16.053,1.1363,1.13633,1.95,1.00
2015.01.28 11:21:16.563,1.13629,1.13633,1.50,2.25
2015.01.28 11:21:17.088,1.1363,1.13633,1.00,1.50
2015.01.28 11:21:17.605,1.13631,1.13633,1.00,1.50
2015.01.28 11:21:20.924,1.13632,1.13633,1.00,1.50
2015.01.28 11:21:21.076,1.13634,1.13636,1.00,1.00
2015.01.28 11:21:26.014,1.13635,1.13637,1.00,2.62
2015.01.28 11:21:30.813,1.13633,1.13636,7.87,1.00
2015.01.28 11:21:31.325,1.13633,1.13637,7.12,2.25
2015.01.28 11:21:37.898,1.13633,1.13637,5.10,2.62
2015.01.28 11:21:38.404,1.13635,1.13636,1.00,1.00
2015.01.28 11:21:40.311,1.13635,1.13637,1.50,1.12
2015.01.28 11:21:40.412,1.13637,1.13638,1.87,1.00
2015.01.28 11:21:40.464,1.13638,1.13639,1.00,1.50
2015.01.28 11:21:40.515,1.13639,1.1364,1.00,1.00
2015.01.28 11:21:40.616,1.1364,1.13642,2.62,1.00
2015.01.28 11:21:41.929,1.1364,1.13641,1.00,1.00
2015.01.28 11:21:42.434,1.13637,1.1364,1.87,1.00
2015.01.28 11:21:44.231,1.13638,1.13641,1.87,1.50
2015.01.28 11:21:44.752,1.13639,1.13643,7.72,4.12
2015.01.28 11:21:45.268,1.13639,1.13643,7.60,3.37
2015.01.28 11:21:48.936,1.13639,1.13643,7.72,3.37
2015.01.28 11:21:49.442,1.13639,1.13643,3.37,2.62
2015.01.28 11:21:49.967,1.13641,1.13643,1.00,2.25
2015.01.28 11:21:50.271,1.13645,1.13647,1.35,1.00
2015.01.28 11:21:50.322,1.13645,1.13647,1.42,1.00
2015.01.28 11:21:50.828,1.13645,1.13647,2.32,1.00
2015.01.28 11:21:51.336,1.13645,1.13647,2.32,1.00
2015.01.28 11:21:51.850,1.13645,1.13647,1.12,1.00
2015.01.28 11:21:54.657,1.13645,1.13647,2.25,1.00
2015.01.28 11:21:54.960,1.13644,1.13647,3.82,2.85
2015.01.28 11:21:55.265,1.13634,1.13635,4.50,2.62
2015.01.28 11:21:55.366,1.1363,1.13635,2.62,8.92
2015.01.28 11:21:55.518,1.1363,1.13632,1.12,2.85
2015.01.28 11:21:55.569,1.13628,1.13631,1.00,1.35
2015.01.28 11:21:56.153,1.13628,1.13629,1.00,1.00
2015.01.28 11:21:57.468,1.13628,1.13631,1.00,1.00
2015.01.28 11:21:57.982,1.13628,1.13632,2.25,1.50
2015.01.28 11:21:58.336,1.13629,1.13632,1.50,1.50
2015.01.28 11:21:58.437,1.1363,1.13634,4.87,2.25
2015.01.28 11:22:00.118,1.1363,1.13634,5.62,2.25
2015.01.28 11:22:00.633,1.13631,1.13634,1.00,2.25
2015.01.28 11:22:01.290,1.13632,1.13634,1.00,1.00
2015.01.28 11:22:01.952,1.13633,1.13635,1.12,1.00
2015.01.28 11:22:02.003,1.13634,1.13638,3.22,2.32
2015.01.28 11:22:02.054,1.13637,1.13638,1.50,2.32
2015.01.28 11:22:02.105,1.13637,1.13638,1.12,1.00
2015.01.28 11:22:02.258,1.13637,1.13641,3.97,3.00
2015.01.28 11:22:02.764,1.13638,1.13641,1.50,1.00
2015.01.28 11:22:04.422,1.13638,1.13641,2.23,1.00
2015.01.28 11:22:04.777,1.13637,1.13639,1.48,1.50
2015.01.28 11:22:04.880,1.13635,1.13636,1.05,1.50
2015.01.28 11:22:04.982,1.13628,1.1363,1.00,1.00
2015.01.28 11:22:05.083,1.13627,1.13631,1.00,1.00
2015.01.28 11:22:05.134,1.13625,1.13628,3.75,1.00
2015.01.28 11:22:05.438,1.13628,1.13631,2.25,1.00
2015.01.28 11:22:05.489,1.13628,1.13631,1.00,1.12
2015.01.28 11:22:05.793,1.13627,1.13629,1.00,1.00
2015.01.28 11:22:08.314,1.13625,1.13629,3.07,1.87
2015.01.28 11:22:08.416,1.13625,1.13627,1.10,1.12
2015.01.28 11:22:08.921,1.13624,1.13626,1.50,1.00
2015.01.28 11:22:13.570,1.13624,1.13627,1.50,1.00
2015.01.28 11:22:13.722,1.13626,1.13627,1.00,1.00
2015.01.28 11:22:17.200,1.13626,1.13628,1.00,1.00
2015.01.28 11:22:17.706,1.13625,1.13627,1.00,1.12
2015.01.28 11:22:19.540,1.13625,1.13628,1.00,2.25
2015.01.28 11:22:20.733,1.13625,1.13627,1.50,1.00
2015.01.28 11:22:22.592,1.13623,1.13625,4.20,1.50
2015.01.28 11:22:22.643,1.13622,1.13625,3.75,2.25
2015.01.28 11:22:23.148,1.13622,1.13626,1.12,3.75
2015.01.28 11:22:24.811,1.13625,1.13627,1.00,2.62
2015.01.28 11:22:25.347,1.13625,1.13627,1.00,1.00
2015.01.28 11:22:25.872,1.13624,1.13627,1.12,1.12
2015.01.28 11:22:26.836,1.13625,1.13627,1.00,1.00
2015.01.28 11:22:29.136,1.13624,1.13626,1.00,1.00
2015.01.28 11:22:29.643,1.13623,1.13625,1.20,1.00
2015.01.28 11:22:30.137,1.13622,1.13624,2.55,1.37
2015.01.28 11:22:30.441,1.13618,1.13621,5.25,1.87
2015.01.28 11:22:30.492,1.13617,1.13621,1.37,5.10
2015.01.28 11:22:31.600,1.13617,1.13619,1.12,1.12
2015.01.28 11:22:31.651,1.13617,1.13621,2.35,2.25
2015.01.28 11:22:31.701,1.13617,1.13621,2.35,1.00
2015.01.28 11:22:31.752,1.13617,1.1362,1.50,1.00
2015.01.28 11:22:32.258,1.13617,1.1362,1.50,1.00
2015.01.28 11:22:32.864,1.13615,1.1362,4.95,1.12
2015.01.28 11:22:34.312,1.13621,1.13624,1.37,5.02
2015.01.28 11:22:34.517,1.13624,1.13627,1.50,1.57
2015.01.28 11:22:34.669,1.13626,1.13628,1.00,4.05
2015.01.28 11:22:34.974,1.13626,1.13628,1.00,2.32
2015.01.28 11:22:35.431,1.13627,1.1363,1.00,1.00
2015.01.28 11:22:35.685,1.13629,1.13631,1.00,1.00
2015.01.28 11:22:35.989,1.13632,1.13633,1.12,2.25
2015.01.28 11:22:36.091,1.13629,1.13632,1.95,1.50
2015.01.28 11:22:36.243,1.13627,1.13632,1.57,3.00
2015.01.28 11:22:37.255,1.13627,1.13631,1.20,1.50
2015.01.28 11:22:38.063,1.13627,1.1363,1.20,1.37
2015.01.28 11:22:38.602,1.13625,1.13628,3.00,1.12
2015.01.28 11:22:44.087,1.13627,1.13628,1.00,1.00
2015.01.28 11:22:44.239,1.13627,1.1363,1.50,1.50
2015.01.28 11:22:44.391,1.13629,1.13631,1.00,1.50
2015.01.28 11:22:44.695,1.13631,1.13633,2.25,1.00
2015.01.28 11:22:44.847,1.13631,1.13635,1.50,2.25
2015.01.28 11:22:46.301,1.1363,1.13632,1.05,1.00
2015.01.28 11:22:46.403,1.13629,1.1363,1.00,2.25
2015.01.28 11:22:46.504,1.13627,1.1363,1.10,1.50
2015.01.28 11:22:47.261,1.13627,1.13629,1.10,1.00
2015.01.28 11:22:47.779,1.13628,1.1363,1.87,1.00
2015.01.28 11:22:47.830,1.1363,1.13631,1.00,1.00
2015.01.28 11:22:47.982,1.13631,1.13634,2.10,2.25
2015.01.28 11:22:48.540,1.13633,1.13634,1.00,1.00
2015.01.28 11:22:48.641,1.13631,1.13634,1.12,1.00
2015.01.28 11:22:50.280,1.1363,1.13632,2.70,1.12
2015.01.28 11:22:50.535,1.13627,1.1363,1.20,1.50
2015.01.28 11:22:51.042,1.13626,1.13629,1.20,1.12
2015.01.28 11:22:52.144,1.13626,1.13628,1.20,1.12
2015.01.28 11:22:52.649,1.13626,1.13627,1.00,1.12
2015.01.28 11:22:55.555,1.13626,1.13627,1.00,1.50
2015.01.28 11:22:57.647,1.13625,1.13626,1.50,1.12
2015.01.28 11:22:58.199,1.13625,1.13627,1.00,2.62
2015.01.28 11:22:59.431,1.13624,1.13626,1.95,1.12
2015.01.28 11:23:01.931,1.13624,1.13627,1.12,2.62
2015.01.28 11:23:02.466,1.13624,1.13627,1.12,2.62
2015.01.28 11:23:03.622,1.13625,1.13627,1.00,2.62
2015.01.28 11:23:03.926,1.13627,1.13629,1.50,1.00
2015.01.28 11:23:04.128,1.13628,1.13629,1.12,1.12
2015.01.28 11:23:04.179,1.13628,1.13631,1.50,3.00
2015.01.28 11:23:04.432,1.13632,1.13633,1.00,1.00
2015.01.28 11:23:05.038,1.13632,1.13635,1.95,3.00
2015.01.28 11:23:05.139,1.13632,1.13636,1.57,2.62
2015.01.28 11:23:07.305,1.13632,1.13636,2.62,2.62
2015.01.28 11:23:08.485,1.13632,1.13635,2.62,1.50
2015.01.28 11:23:08.992,1.1363,1.13634,11.62,1.87
2015.01.28 11:23:09.497,1.13632,1.13635,1.12,1.00
2015.01.28 11:23:11.599,1.13632,1.13634,1.12,1.00
2015.01.28 11:23:12.119,1.13632,1.13635,1.12,1.00
2015.01.28 11:23:14.775,1.13631,1.13634,3.75,1.35
2015.01.28 11:23:14.826,1.13631,1.13634,1.57,2.85
2015.01.28 11:23:14.876,1.13631,1.13632,1.10,1.00
2015.01.28 11:23:14.927,1.13629,1.13632,1.10,1.50
2015.01.28 11:23:15.449,1.13628,1.1363,1.10,1.00
2015.01.28 11:23:16.259,1.13627,1.13629,1.50,1.00
2015.01.28 11:23:16.664,1.13626,1.13628,1.57,1.00
2015.01.28 11:23:17.201,1.13626,1.13628,1.50,1.00
2015.01.28 11:23:18.010,1.13626,1.13628,1.50,1.00
2015.01.28 11:23:20.219,1.13624,1.13628,2.62,1.50
2015.01.28 11:23:24.707,1.13626,1.13628,1.00,1.50
2015.01.28 11:23:28.229,1.13626,1.13629,1.50,1.50
2015.01.28 11:23:32.405,1.13626,1.13628,1.50,1.00
2015.01.28 11:23:32.860,1.13625,1.13627,2.70,1.00
2015.01.28 11:23:33.370,1.13626,1.13627,1.00,1.00
2015.01.28 11:23:34.059,1.13625,1.13627,1.12,1.37
2015.01.28 11:23:37.408,1.13625,1.13627,1.00,1.87
2015.01.28 11:23:42.836,1.13625,1.13627,1.87,1.50
2015.01.28 11:23:43.988,1.13625,1.13626,1.00,1.00
2015.01.28 11:23:44.291,1.1362,1.13624,3.45,1.50
2015.01.28 11:23:44.495,1.1362,1.13622,1.00,1.00
2015.01.28 11:23:44.646,1.13618,1.13622,1.00,2.25
2015.01.28 11:23:45.151,1.13617,1.13622,1.50,3.37
2015.01.28 11:23:45.669,1.13619,1.13622,2.62,1.12
2015.01.28 11:23:54.520,1.1362,1.13622,1.00,1.00
2015.01.28 11:23:55.025,1.13619,1.13623,3.75,1.00
2015.01.28 11:23:56.634,1.1362,1.13623,1.00,1.00
2015.01.28 11:23:56.968,1.13619,1.13621,2.25,2.62
2015.01.28 11:23:57.019,1.13617,1.1362,2.47,1.00
2015.01.28 11:23:57.525,1.13617,1.1362,2.32,1.00
2015.01.28 11:23:59.044,1.13617,1.1362,1.95,1.12
2015.01.28 11:23:59.563,1.13618,1.13621,1.50,2.25
2015.01.28 11:24:00.179,1.13619,1.13621,2.25,1.00
2015.01.28 11:24:00.230,1.13623,1.13625,2.87,6.07
2015.01.28 11:24:00.737,1.13624,1.13626,2.32,1.00
2015.01.28 11:24:01.322,1.13624,1.13626,1.57,1.00
2015.01.28 11:24:01.862,1.13624,1.13627,1.57,1.00
2015.01.28 11:24:02.403,1.13624,1.13626,1.57,1.00
2015.01.28 11:24:03.225,1.13624,1.13626,1.10,1.37
2015.01.28 11:24:03.480,1.13618,1.13622,3.00,1.00
2015.01.28 11:24:03.984,1.13618,1.13621,2.32,1.00
2015.01.28 11:24:04.812,1.13617,1.13621,1.87,1.87
2015.01.28 11:24:04.863,1.13617,1.13619,1.12,1.12
2015.01.28 11:24:05.269,1.13614,1.13618,5.25,1.12
2015.01.28 11:24:05.513,1.13614,1.13616,5.25,1.00
2015.01.28 11:24:07.262,1.13615,1.13617,1.87,1.00
2015.01.28 11:24:10.673,1.13616,1.13617,1.00,1.50
2015.01.28 11:24:11.178,1.13615,1.13618,1.87,1.00
2015.01.28 11:24:15.703,1.13614,1.13617,1.20,1.00
2015.01.28 11:24:16.320,1.13613,1.13616,1.50,1.00
2015.01.28 11:24:16.682,1.13613,1.13614,1.50,1.00
2015.01.28 11:24:17.036,1.13611,1.13614,2.25,1.00
2015.01.28 11:24:18.175,1.13611,1.13615,3.00,2.25
2015.01.28 11:24:19.808,1.13611,1.13615,2.25,1.87
2015.01.28 11:24:20.163,1.13611,1.13615,3.75,1.12
2015.01.28 11:24:20.466,1.13612,1.13615,4.12,1.12
2015.01.28 11:24:20.971,1.13614,1.13615,1.12,1.00
2015.01.28 11:24:21.578,1.13613,1.13615,1.87,2.85
2015.01.28 11:24:21.730,1.1361,1.13613,2.25,1.00
2015.01.28 11:24:21.781,1.13611,1.13612,1.00,1.00
2015.01.28 11:24:22.034,1.13612,1.13614,1.50,2.25
2015.01.28 11:24:24.123,1.13614,1.13616,1.00,1.00
2015.01.28 11:24:24.629,1.13613,1.13615,1.50,1.00
2015.01.28 11:24:25.336,1.13614,1.13616,2.25,1.00
2015.01.28 11:24:25.387,1.13616,1.13618,1.00,1.50
2015.01.28 11:24:25.892,1.13615,1.13616,1.50,1.00
2015.01.28 11:24:26.406,1.13614,1.13616,1.50,1.00
2015.01.28 11:24:26.914,1.1361,1.13614,6.00,1.12
2015.01.28 11:24:27.066,1.1361,1.13613,1.00,1.00
2015.01.28 11:24:27.571,1.1361,1.13614,1.87,1.50
2015.01.28 11:24:27.830,1.1361,1.13614,6.00,1.12
2015.01.28 11:24:28.386,1.13612,1.13616,1.00,1.50
2015.01.28 11:24:28.943,1.13612,1.13614,1.00,1.00
2015.01.28 11:24:30.273,1.13615,1.13616,1.30,2.25
2015.01.28 11:24:30.374,1.13613,1.13617,1.50,1.00
2015.01.28 11:24:30.476,1.13612,1.13616,4.87,1.00
2015.01.28 11:24:30.998,1.13614,1.13616,1.87,1.00
2015.01.28 11:24:31.352,1.13611,1.13614,1.57,1.50
2015.01.28 11:24:32.061,1.13611,1.13614,1.10,2.25
2015.01.28 11:24:32.566,1.1361,1.13613,1.95,1.00
2015.01.28 11:24:35.867,1.1361,1.13614,1.57,2.25
2015.01.28 11:24:44.763,1.1361,1.13613,1.00,1.00
2015.01.28 11:24:51.278,1.1361,1.13614,1.00,2.62
2015.01.28 11:24:51.811,1.1361,1.13613,1.00,1.00
2015.01.28 11:24:52.316,1.13609,1.13613,1.50,1.50
2015.01.28 11:24:53.275,1.13609,1.13613,1.00,1.87
2015.01.28 11:24:53.680,1.13607,1.13611,1.50,1.50
2015.01.28 11:24:53.731,1.13607,1.13611,1.50,1.87
2015.01.28 11:24:53.782,1.13607,1.13608,1.00,1.00
2015.01.28 11:24:54.085,1.13604,1.13605,1.05,3.75
2015.01.28 11:24:54.237,1.13602,1.13604,1.00,1.50
2015.01.28 11:24:54.390,1.13602,1.13605,4.87,2.62
2015.01.28 11:24:54.441,1.13604,1.13607,1.00,1.00
2015.01.28 11:24:54.946,1.13604,1.13608,1.50,1.50
2015.01.28 11:24:55.965,1.13604,1.13606,1.50,1.00
2015.01.28 11:24:56.370,1.13604,1.13608,1.50,1.50
2015.01.28 11:24:57.231,1.13604,1.13607,1.50,1.00
2015.01.28 11:24:58.399,1.13603,1.13607,1.37,1.37
2015.01.28 11:24:58.552,1.13602,1.13606,3.75,1.00
2015.01.28 11:24:59.878,1.13603,1.13606,1.00,1.00
2015.01.28 11:25:00.384,1.13602,1.13606,3.82,1.00
2015.01.28 11:25:02.607,1.13603,1.13606,1.00,1.00
2015.01.28 11:25:07.366,1.13603,1.13608,1.87,2.25
2015.01.28 11:25:07.417,1.13604,1.13608,1.00,2.25
2015.01.28 11:25:08.795,1.13603,1.13608,1.37,3.00
2015.01.28 11:25:09.302,1.13603,1.13607,1.00,1.50
2015.01.28 11:25:09.766,1.13603,1.13607,1.00,3.75
2015.01.28 11:25:09.918,1.13603,1.13606,1.00,1.00
2015.01.28 11:25:10.776,1.13603,1.13608,2.62,3.00
2015.01.28 11:25:11.281,1.13603,1.13606,1.00,1.00
2015.01.28 11:25:13.149,1.13602,1.13606,2.32,1.00
2015.01.28 11:25:15.049,1.13603,1.13606,1.00,1.00
2015.01.28 11:25:15.605,1.13602,1.13606,2.32,1.00
2015.01.28 11:25:19.439,1.13603,1.13606,1.00,1.00
2015.01.28 11:25:20.848,1.13603,1.13608,4.12,2.25
2015.01.28 11:25:20.899,1.13604,1.13608,1.00,2.25
2015.01.28 11:25:21.406,1.13604,1.13607,1.00,1.00
2015.01.28 11:25:21.912,1.13604,1.13606,1.00,1.00
2015.01.28 11:25:23.608,1.13604,1.13607,1.50,1.00
2015.01.28 11:25:25.607,1.13604,1.13606,1.50,1.00
2015.01.28 11:25:29.329,1.13604,1.13607,1.50,1.00
2015.01.28 11:25:30.083,1.13604,1.13608,1.50,2.25
2015.01.28 11:25:32.402,1.13605,1.13608,1.00,1.00
2015.01.28 11:25:33.311,1.13604,1.13608,3.07,1.00
2015.01.28 11:25:33.900,1.13605,1.13609,1.87,1.87
2015.01.28 11:25:34.305,1.13607,1.1361,2.10,1.00
2015.01.28 11:25:34.608,1.13609,1.13611,1.12,1.37
2015.01.28 11:25:34.659,1.13609,1.13612,1.50,1.87
2015.01.28 11:25:35.062,1.13612,1.13613,2.10,1.00
2015.01.28 11:25:35.366,1.13616,1.13617,1.00,1.00
2015.01.28 11:25:35.619,1.13616,1.13618,1.87,1.00
2015.01.28 11:25:36.125,1.13615,1.13619,3.00,1.37
2015.01.28 11:25:36.677,1.13615,1.13618,1.12,1.12
2015.01.28 11:25:39.474,1.13614,1.13617,3.75,1.37
2015.01.28 11:25:47.607,1.13614,1.13617,2.62,1.87
2015.01.28 11:25:56.149,1.13615,1.13617,1.00,1.00
2015.01.28 11:25:58.378,1.13615,1.13616,1.00,2.85
2015.01.28 11:25:58.587,1.13612,1.13614,1.12,1.50
2015.01.28 11:25:58.689,1.1361,1.13612,2.62,1.00
2015.01.28 11:25:59.196,1.13608,1.13611,2.25,1.00
2015.01.28 11:25:59.550,1.13608,1.13611,5.25,1.00
2015.01.28 11:25:59.703,1.13613,1.13615,9.97,1.42
2015.01.28 11:25:59.855,1.13613,1.13618,13.87,1.50
2015.01.28 11:26:00.006,1.13615,1.13618,1.00,1.00
2015.01.28 11:26:00.513,1.13616,1.13618,1.00,1.00
2015.01.28 11:26:01.018,1.13616,1.13618,1.00,1.37
2015.01.28 11:26:03.333,1.13616,1.13618,1.00,1.00
2015.01.28 11:26:04.658,1.13616,1.13617,1.00,1.00
2015.01.28 11:26:05.186,1.13615,1.13617,1.00,1.00
2015.01.28 11:26:05.852,1.13615,1.13616,1.00,1.00
2015.01.28 11:26:08.159,1.13615,1.13617,1.00,1.00
2015.01.28 11:26:08.889,1.13614,1.13617,1.50,1.00
2015.01.28 11:26:10.670,1.13614,1.13616,1.50,1.00
2015.01.28 11:26:11.936,1.13614,1.13616,1.00,2.85
2015.01.28 11:26:12.240,1.13607,1.13609,1.37,1.00
2015.01.28 11:26:12.492,1.13605,1.13609,2.25,1.00
2015.01.28 11:26:12.997,1.13605,1.13608,1.50,1.50
2015.01.28 11:26:14.042,1.13604,1.13608,2.62,1.00
2015.01.28 11:26:14.245,1.13604,1.13606,1.50,1.00
2015.01.28 11:26:14.549,1.136,1.13602,1.12,1.00
2015.01.28 11:26:14.700,1.13599,1.13601,1.50,1.00
2015.01.28 11:26:15.105,1.13598,1.13602,2.62,1.50
2015.01.28 11:26:15.649,1.13601,1.13602,1.00,1.00
2015.01.28 11:26:15.700,1.13601,1.13604,1.00,1.57
2015.01.28 11:26:15.751,1.13602,1.13604,1.87,1.57
2015.01.28 11:26:16.054,1.13603,1.13606,1.12,1.57
2015.01.28 11:26:16.156,1.13605,1.13606,1.00,1.57
2015.01.28 11:26:16.308,1.13606,1.13608,1.00,1.00
2015.01.28 11:26:16.813,1.13606,1.13609,1.00,1.50
2015.01.28 11:26:17.571,1.13607,1.1361,1.87,1.37
2015.01.28 11:26:18.100,1.13608,1.1361,1.12,1.00
2015.01.28 11:26:19.883,1.1361,1.13612,1.00,1.10
2015.01.28 11:26:20.391,1.13611,1.13614,1.00,1.87
2015.01.28 11:26:20.897,1.1361,1.13611,1.00,1.00
2015.01.28 11:26:21.400,1.13611,1.13613,1.00,1.00
2015.01.28 11:26:21.855,1.13609,1.13611,3.75,1.00
2015.01.28 11:26:22.108,1.13611,1.13613,1.00,1.00
2015.01.28 11:26:23.586,1.1361,1.13612,2.25,1.00
2015.01.28 11:26:24.064,1.13612,1.13613,1.00,1.00
2015.01.28 11:26:24.519,1.1361,1.13612,3.75,1.00
2015.01.28 11:26:25.126,1.13609,1.13611,1.00,1.00
2015.01.28 11:26:25.328,1.13607,1.13611,1.00,2.62
2015.01.28 11:26:25.530,1.13607,1.13608,1.00,1.00
2015.01.28 11:26:27.729,1.13606,1.13608,1.00,1.00
2015.01.28 11:26:29.242,1.13605,1.13607,1.87,1.00
2015.01.28 11:26:31.466,1.13604,1.13606,1.37,1.00
2015.01.28 11:26:31.568,1.13602,1.13605,3.82,1.37
2015.01.28 11:26:32.350,1.13602,1.13604,2.62,1.12
2015.01.28 11:26:32.567,1.13601,1.13603,1.00,1.00
2015.01.28 11:26:32.821,1.13601,1.13604,1.87,1.12
2015.01.28 11:26:32.973,1.13601,1.13603,1.37,1.00
2015.01.28 11:26:33.276,1.13596,1.136,1.50,3.60
2015.01.28 11:26:36.554,1.13596,1.13598,1.00,1.37
2015.01.28 11:26:36.757,1.13596,1.13598,1.50,1.12
2015.01.28 11:26:40.320,1.13595,1.13599,1.50,2.25
2015.01.28 11:26:41.910,1.13595,1.13597,1.00,1.00
2015.01.28 11:26:42.439,1.13594,1.13597,1.50,1.12
2015.01.28 11:26:45.018,1.13594,1.13598,4.57,1.00
2015.01.28 11:26:45.068,1.13596,1.13598,1.00,1.00
2015.01.28 11:26:45.473,1.13597,1.13599,2.85,2.62
2015.01.28 11:26:45.726,1.13605,1.13608,1.87,1.00
2015.01.28 11:26:45.928,1.13607,1.13611,1.00,3.37
2015.01.28 11:26:49.689,1.13606,1.13611,3.37,7.87
2015.01.28 11:26:49.992,1.13605,1.13607,2.25,1.00
2015.01.28 11:26:50.295,1.13603,1.13607,3.82,1.50
2015.01.28 11:26:50.847,1.13603,1.13606,1.50,1.12
2015.01.28 11:26:51.371,1.13603,1.13606,2.12,1.12
2015.01.28 11:26:51.625,1.136,1.13602,14.10,1.00
2015.01.28 11:26:51.777,1.13597,1.13599,1.80,1.50
2015.01.28 11:26:52.282,1.13595,1.13599,2.40,2.10
2015.01.28 11:26:53.235,1.13595,1.13597,3.07,1.00
2015.01.28 11:26:53.775,1.13595,1.13597,2.25,1.00
2015.01.28 11:26:55.950,1.13595,1.13598,1.50,1.00
2015.01.28 11:26:56.456,1.13595,1.13599,2.25,1.50
2015.01.28 11:26:56.960,1.13596,1.13599,1.00,1.50
2015.01.28 11:26:58.560,1.13596,1.13599,2.62,1.50
2015.01.28 11:27:00.205,1.13599,1.13601,6.37,1.50
2015.01.28 11:27:00.307,1.13602,1.13603,1.87,2.25
2015.01.28 11:27:00.358,1.13604,1.13605,1.50,1.00
2015.01.28 11:27:00.460,1.13604,1.13606,2.10,1.50
2015.01.28 11:27:00.928,1.13603,1.13605,5.55,1.00
2015.01.28 11:27:01.182,1.13598,1.13602,2.25,4.35
2015.01.28 11:27:01.233,1.13599,1.13604,3.75,3.00
2015.01.28 11:27:01.335,1.13599,1.13603,1.50,1.50
2015.01.28 11:27:01.538,1.13599,1.13603,2.87,1.50
2015.01.28 11:27:01.589,1.13601,1.13605,1.50,2.62
2015.01.28 11:27:02.094,1.13601,1.13605,1.57,1.50
2015.01.28 11:27:02.599,1.13601,1.13605,5.10,1.00
2015.01.28 11:27:03.105,1.13601,1.13605,5.10,1.00
2015.01.28 11:27:04.275,1.13602,1.13605,1.00,1.00
2015.01.28 11:27:04.780,1.13603,1.13604,1.00,1.00
2015.01.28 11:27:04.881,1.13603,1.13606,1.00,1.00
2015.01.28 11:27:04.983,1.13603,1.13605,1.00,1.00
2015.01.28 11:27:05.186,1.13601,1.13604,3.07,1.00
2015.01.28 11:27:05.288,1.13603,1.13604,1.00,1.00
2015.01.28 11:27:05.491,1.13601,1.13604,5.25,1.00
2015.01.28 11:27:05.996,1.136,1.13604,1.57,1.50
2015.01.28 11:27:13.509,1.13599,1.13604,2.32,3.75
2015.01.28 11:27:13.763,1.13599,1.13601,1.00,1.00
2015.01.28 11:27:14.067,1.13596,1.13598,1.00,1.12
2015.01.28 11:27:16.052,1.13595,1.13598,2.25,1.37
2015.01.28 11:27:16.355,1.13594,1.13596,2.25,1.00
2015.01.28 11:27:19.581,1.13595,1.13596,1.00,1.00
2015.01.28 11:27:22.810,1.13595,1.13597,1.00,1.12
2015.01.28 11:27:23.326,1.13595,1.13596,1.00,1.00
2015.01.28 11:27:25.462,1.13595,1.13597,1.00,1.87
2015.01.28 11:27:30.681,1.13593,1.13597,3.75,1.50
2015.01.28 11:27:30.835,1.13591,1.13592,1.00,1.00
2015.01.28 11:27:30.886,1.13591,1.13592,1.00,1.50
2015.01.28 11:27:31.039,1.13585,1.13586,1.00,3.37
2015.01.28 11:27:31.140,1.13582,1.13585,1.00,1.00
2015.01.28 11:27:31.646,1.13581,1.13584,1.00,2.25
2015.01.28 11:27:33.113,1.13581,1.13583,1.00,1.00
2015.01.28 11:27:33.366,1.13579,1.13581,3.07,2.50
2015.01.28 11:27:33.571,1.13575,1.13576,1.50,1.12
2015.01.28 11:27:34.076,1.13574,1.13576,1.00,1.12
2015.01.28 11:27:34.330,1.13572,1.13574,1.00,1.00
2015.01.28 11:27:34.432,1.13573,1.13575,1.50,1.00
2015.01.28 11:27:34.583,1.13571,1.13575,5.62,1.50
2015.01.28 11:27:34.685,1.13573,1.13576,1.87,2.62
2015.01.28 11:27:35.192,1.13573,1.13576,2.25,1.50
2015.01.28 11:27:35.495,1.1357,1.13571,1.10,1.00
2015.01.28 11:27:35.596,1.13567,1.1357,1.12,1.37
2015.01.28 11:27:35.748,1.13569,1.1357,1.00,2.25
2015.01.28 11:27:35.951,1.13567,1.13569,1.00,1.12
2015.01.28 11:27:36.053,1.13568,1.1357,1.37,8.70
2015.01.28 11:27:36.306,1.13566,1.1357,1.35,2.25
2015.01.28 11:27:36.760,1.13568,1.1357,1.00,3.37
2015.01.28 11:27:36.962,1.1357,1.13573,1.00,2.32
2015.01.28 11:27:37.114,1.13571,1.13575,1.00,1.95
2015.01.28 11:27:37.481,1.13573,1.13575,4.35,1.00
2015.01.28 11:27:38.012,1.13574,1.13577,1.00,3.00
2015.01.28 11:27:39.128,1.13575,1.13577,1.00,1.12
2015.01.28 11:27:39.639,1.13575,1.13576,2.25,1.00
2015.01.28 11:27:41.318,1.13574,1.13576,2.25,1.00
2015.01.28 11:27:44.050,1.13573,1.13576,4.50,1.50
2015.01.28 11:27:44.557,1.13572,1.13576,1.50,1.50
2015.01.28 11:27:48.526,1.13571,1.13576,2.77,1.87
2015.01.28 11:27:49.031,1.13572,1.13576,1.00,1.50
2015.01.28 11:27:50.705,1.13572,1.13575,1.50,1.00
2015.01.28 11:27:54.136,1.13572,1.13574,1.00,1.00
2015.01.28 11:27:54.669,1.1357,1.13573,4.87,1.00
2015.01.28 11:27:55.429,1.13571,1.13574,1.20,1.50
2015.01.28 11:27:55.733,1.13573,1.13576,1.00,1.50
2015.01.28 11:27:56.240,1.13571,1.13576,3.97,5.10
2015.01.28 11:27:59.555,1.1357,1.13574,5.25,1.00
2015.01.28 11:28:02.318,1.13572,1.13574,1.00,1.00
2015.01.28 11:28:02.470,1.13573,1.13576,1.00,1.50
2015.01.28 11:28:04.584,1.13572,1.13576,1.00,2.25
2015.01.28 11:28:04.992,1.13571,1.13574,1.20,1.37
2015.01.28 11:28:05.657,1.13571,1.13575,1.20,3.37
2015.01.28 11:28:06.163,1.13572,1.13576,3.00,1.50
2015.01.28 11:28:06.683,1.13572,1.13575,3.75,1.00
2015.01.28 11:28:07.188,1.13573,1.13575,4.12,1.00
2015.01.28 11:28:08.272,1.13572,1.13575,2.25,1.00
2015.01.28 11:28:09.390,1.13573,1.13575,1.00,1.00
2015.01.28 11:28:10.872,1.13574,1.13576,1.00,1.00
2015.01.28 11:28:11.127,1.13576,1.13578,4.35,1.12
2015.01.28 11:28:11.178,1.13578,1.1358,1.00,1.00
2015.01.28 11:28:11.280,1.13578,1.1358,1.00,1.00
2015.01.28 11:28:11.887,1.13578,1.13581,1.00,1.50
2015.01.28 11:28:12.429,1.13579,1.13582,1.00,2.62
2015.01.28 11:28:13.008,1.13578,1.13582,3.00,1.87
2015.01.28 11:28:13.210,1.13581,1.13582,1.00,1.12
2015.01.28 11:28:13.362,1.13584,1.13586,1.00,2.32
2015.01.28 11:28:13.818,1.13585,1.13588,1.12,1.00
2015.01.28 11:28:13.919,1.13586,1.1359,1.87,1.95
2015.01.28 11:28:14.223,1.13586,1.13588,1.87,1.00
2015.01.28 11:28:14.528,1.13575,1.13579,5.25,1.37
2015.01.28 11:28:15.033,1.13575,1.13579,1.50,2.62
2015.01.28 11:28:15.439,1.13576,1.13578,1.00,1.37
2015.01.28 11:28:17.631,1.13577,1.13578,1.00,1.00
2015.01.28 11:28:17.683,1.13577,1.13579,1.00,2.62
2015.01.28 11:28:18.197,1.13577,1.13578,1.00,1.00
2015.01.28 11:28:19.055,1.13576,1.13578,1.50,1.00
2015.01.28 11:28:19.106,1.13577,1.13579,1.87,1.12
2015.01.28 11:28:19.208,1.13578,1.13582,1.00,2.62
2015.01.28 11:28:19.715,1.13579,1.13582,1.00,1.50
2015.01.28 11:28:20.019,1.13579,1.13582,1.00,1.37
2015.01.28 11:28:20.171,1.13584,1.13586,1.00,1.05
2015.01.28 11:28:20.679,1.13585,1.13587,2.62,1.37
2015.01.28 11:28:21.835,1.13586,1.13587,1.00,1.00
2015.01.28 11:28:22.564,1.13586,1.13587,1.00,1.00
2015.01.28 11:28:23.765,1.13585,1.13587,1.87,1.00
2015.01.28 11:28:24.619,1.13584,1.13587,3.07,1.00
2015.01.28 11:28:25.165,1.13584,1.13586,1.57,1.00
2015.01.28 11:28:25.369,1.1358,1.13583,1.50,1.00
2015.01.28 11:28:25.572,1.13579,1.13582,1.00,1.87
2015.01.28 11:28:25.977,1.13577,1.1358,1.50,1.00
2015.01.28 11:28:29.102,1.13577,1.1358,2.50,1.00
2015.01.28 11:28:29.407,1.13577,1.1358,1.00,1.12
2015.01.28 11:28:29.571,1.13578,1.13582,1.50,1.12
2015.01.28 11:28:30.077,1.13578,1.13581,1.00,1.50
2015.01.28 11:28:30.734,1.13577,1.13581,2.32,1.87
2015.01.28 11:28:32.483,1.13577,1.13581,3.32,1.87
2015.01.28 11:28:32.888,1.1358,1.13582,1.00,1.87
2015.01.28 11:28:33.393,1.1358,1.13583,1.00,1.50
2015.01.28 11:28:33.898,1.13581,1.13583,1.00,1.50
2015.01.28 11:28:36.452,1.13582,1.13585,1.00,3.75
2015.01.28 11:28:36.606,1.13584,1.13586,1.50,1.10
2015.01.28 11:28:36.707,1.13585,1.13589,1.50,3.37
2015.01.28 11:28:37.213,1.13586,1.13589,1.00,1.00
2015.01.28 11:28:39.439,1.13586,1.13587,1.00,1.00
2015.01.28 11:28:40.619,1.13585,1.13587,1.87,1.00
2015.01.28 11:28:40.923,1.13582,1.13585,1.50,1.12
2015.01.28 11:28:41.630,1.13582,1.13584,1.50,1.00
2015.01.28 11:28:42.675,1.13582,1.13586,2.25,2.25
2015.01.28 11:28:42.827,1.13582,1.13586,7.50,3.30
2015.01.28 11:28:42.928,1.13582,1.13585,2.25,1.00
2015.01.28 11:28:43.080,1.1358,1.13581,1.00,1.00
2015.01.28 11:28:43.131,1.1358,1.13581,1.00,1.00
2015.01.28 11:28:43.649,1.13578,1.13581,1.50,1.00
2015.01.28 11:28:44.489,1.13578,1.13582,3.00,1.00
2015.01.28 11:28:45.000,1.13579,1.13583,3.07,1.00
2015.01.28 11:28:45.511,1.1358,1.13583,3.37,1.00
2015.01.28 11:28:45.867,1.13581,1.13585,2.25,2.25
2015.01.28 11:28:46.428,1.13581,1.13585,2.25,1.00
2015.01.28 11:28:49.592,1.13581,1.13586,3.00,3.75
2015.01.28 11:28:50.109,1.13581,1.13586,3.75,4.37
2015.01.28 11:28:50.646,1.13582,1.13585,1.00,1.00
2015.01.28 11:28:51.151,1.13581,1.13585,4.50,1.00
2015.01.28 11:28:51.675,1.13581,1.13583,3.75,1.00
2015.01.28 11:28:51.878,1.13576,1.13579,1.10,2.25
2015.01.28 11:29:08.552,1.13574,1.13579,4.87,3.37
2015.01.28 11:29:08.855,1.13571,1.13573,1.10,1.87
2015.01.28 11:29:08.906,1.1357,1.13573,1.57,1.87
2015.01.28 11:29:11.430,1.1357,1.13571,2.25,1.12
2015.01.28 11:29:11.750,1.13567,1.13569,2.25,1.00
2015.01.28 11:29:12.004,1.13569,1.13572,1.87,1.10
2015.01.28 11:29:12.055,1.13569,1.13573,2.62,3.00
2015.01.28 11:29:12.571,1.13571,1.13573,1.00,1.10
2015.01.28 11:29:14.004,1.13571,1.13574,1.50,1.00
2015.01.28 11:29:14.390,1.13574,1.13575,1.00,8.70
2015.01.28 11:29:14.643,1.13574,1.13576,1.50,2.25
2015.01.28 11:29:15.163,1.13575,1.13576,1.00,1.50
2015.01.28 11:29:15.730,1.13574,1.13576,2.25,1.50
2015.01.28 11:29:16.234,1.13575,1.13576,2.25,1.50
2015.01.28 11:29:16.739,1.13575,1.13578,1.50,1.47
2015.01.28 11:29:18.554,1.13576,1.13579,1.00,3.75
2015.01.28 11:29:19.549,1.13575,1.13578,1.00,1.47
2015.01.28 11:29:20.581,1.13574,1.13577,3.00,1.12
2015.01.28 11:29:21.136,1.13575,1.13577,1.00,1.12
2015.01.28 11:29:21.657,1.13574,1.13577,1.50,1.12
2015.01.28 11:29:22.226,1.13574,1.13577,1.00,3.22
2015.01.28 11:29:22.429,1.13572,1.13575,1.00,2.25
2015.01.28 11:29:23.187,1.13571,1.13575,1.50,3.00
2015.01.28 11:29:28.915,1.13572,1.13576,1.50,3.75
2015.01.28 11:29:29.067,1.13572,1.13575,3.37,1.00
2015.01.28 11:29:29.931,1.13572,1.13575,1.50,1.00
2015.01.28 11:29:30.234,1.13571,1.13575,2.25,2.25
2015.01.28 11:29:30.741,1.13572,1.13575,1.00,1.50
2015.01.28 11:29:32.622,1.13571,1.13575,1.50,1.12
2015.01.28 11:29:33.127,1.13573,1.13575,1.50,1.00
2015.01.28 11:29:33.718,1.13575,1.13577,1.37,1.20
2015.01.28 11:29:34.231,1.13575,1.13576,1.00,1.00
2015.01.28 11:29:35.383,1.13575,1.13576,1.00,1.00
2015.01.28 11:29:37.215,1.13575,1.13577,1.50,1.37
2015.01.28 11:29:37.569,1.13572,1.13573,1.50,1.87
2015.01.28 11:29:37.619,1.13566,1.13569,4.50,2.25
2015.01.28 11:29:37.670,1.13566,1.13569,3.75,2.25
2015.01.28 11:29:37.721,1.13566,1.13567,3.37,1.50
2015.01.28 11:29:38.226,1.13564,1.13567,1.95,1.87
2015.01.28 11:29:38.529,1.13564,1.13567,2.32,1.50
2015.01.28 11:29:38.630,1.13565,1.13567,1.12,1.87
2015.01.28 11:29:39.287,1.13565,1.13567,1.50,1.50
2015.01.28 11:29:53.123,1.13565,1.13567,3.37,1.37
2015.01.28 11:29:55.388,1.13565,1.13566,1.00,1.87
2015.01.28 11:29:55.894,1.13564,1.13566,1.00,3.37
2015.01.28 11:29:56.505,1.13564,1.13566,1.00,2.40
2015.01.28 11:29:57.033,1.13566,1.13568,1.60,3.82
2015.01.28 11:29:57.085,1.13567,1.13569,2.35,1.42
2015.01.28 11:29:57.238,1.13569,1.13572,1.50,1.87
2015.01.28 11:29:57.340,1.13569,1.13573,2.25,1.50
2015.01.28 11:30:01.101,1.13569,1.13573,3.00,2.50
2015.01.28 11:30:02.646,1.13569,1.13573,3.00,2.25
2015.01.28 11:30:03.100,1.13571,1.13573,1.00,1.87
2015.01.28 11:30:03.606,1.13572,1.13574,1.00,1.00
2015.01.28 11:30:04.031,1.13574,1.13575,2.10,1.00
2015.01.28 11:30:04.182,1.13575,1.13578,2.25,1.50
2015.01.28 11:30:04.435,1.13576,1.1358,2.25,1.00
2015.01.28 11:30:04.946,1.13576,1.13579,3.75,1.00
2015.01.28 11:30:05.456,1.13576,1.1358,3.00,1.50
2015.01.28 11:30:05.678,1.13578,1.1358,1.50,1.50
2015.01.28 11:30:05.780,1.13579,1.13582,1.00,1.10
2015.01.28 11:30:06.284,1.1358,1.13582,1.00,1.00
2015.01.28 11:30:06.789,1.13579,1.13582,2.25,1.00
2015.01.28 11:30:07.445,1.1358,1.13582,1.00,1.00
2015.01.28 11:30:09.001,1.13578,1.13582,3.75,1.00
2015.01.28 11:30:18.049,1.13578,1.13582,3.25,1.00
2015.01.28 11:30:18.201,1.13578,1.13583,5.25,1.50
2015.01.28 11:30:19.342,1.1358,1.13584,5.25,1.00
2015.01.28 11:30:23.039,1.1358,1.13584,2.62,1.87
2015.01.28 11:30:23.559,1.1358,1.13583,1.50,1.00
2015.01.28 11:30:23.863,1.13577,1.13581,2.70,1.50
2015.01.28 11:30:24.368,1.13578,1.13581,1.00,1.00
2015.01.28 11:30:27.705,1.13578,1.1358,1.00,1.00
2015.01.28 11:30:32.185,1.13577,1.1358,1.87,2.47
2015.01.28 11:30:32.489,1.13576,1.13577,1.12,1.00
2015.01.28 11:30:32.894,1.13574,1.13576,2.25,1.50
2015.01.28 11:30:33.198,1.13579,1.13581,1.37,1.00
2015.01.28 11:30:33.300,1.1358,1.13582,1.50,1.00
2015.01.28 11:30:33.605,1.13582,1.13585,1.12,10.20
2015.01.28 11:30:33.809,1.13587,1.13589,1.00,1.50
2015.01.28 11:30:34.316,1.13588,1.1359,1.50,1.00
2015.01.28 11:30:34.469,1.13585,1.13588,2.25,1.00
2015.01.28 11:30:34.520,1.13587,1.13588,1.12,1.50
2015.01.28 11:30:34.975,1.13587,1.1359,1.50,1.50
2015.01.28 11:30:37.032,1.13587,1.1359,1.50,1.00
2015.01.28 11:30:40.543,1.13586,1.1359,1.00,2.25
2015.01.28 11:30:40.695,1.13586,1.13588,1.00,1.00
2015.01.28 11:30:41.706,1.13586,1.13589,1.00,1.00
2015.01.28 11:30:42.219,1.13586,1.13588,1.00,1.00
2015.01.28 11:30:44.650,1.13586,1.13589,1.50,1.00
2015.01.28 11:30:50.034,1.13586,1.13588,1.50,1.00
2015.01.28 11:30:51.137,1.13584,1.13585,1.00,1.50
2015.01.28 11:30:51.239,1.13582,1.13585,1.50,3.75
2015.01.28 11:30:55.623,1.13581,1.13585,1.87,4.50
2015.01.28 11:30:56.259,1.13581,1.13584,1.00,1.00
2015.01.28 11:31:00.042,1.13581,1.13585,1.50,7.87
2015.01.28 11:31:00.433,1.1358,1.13585,2.62,8.47
2015.01.28 11:31:00.737,1.13579,1.13581,1.00,1.00
2015.01.28 11:31:08.523,1.13579,1.1358,1.00,1.00
2015.01.28 11:31:09.505,1.13578,1.1358,1.87,1.00
2015.01.28 11:31:10.282,1.13578,1.13582,1.87,1.12
2015.01.28 11:31:10.737,1.13578,1.13582,1.87,1.00
2015.01.28 11:31:11.243,1.13577,1.13582,2.32,4.00
2015.01.28 11:31:13.261,1.13577,1.13579,2.25,1.00
2015.01.28 11:31:14.481,1.13579,1.13582,1.00,4.35
2015.01.28 11:31:15.087,1.13577,1.1358,3.00,1.00
2015.01.28 11:31:15.785,1.13577,1.13579,1.87,1.00
2015.01.28 11:31:16.114,1.13572,1.13573,1.12,1.00
2015.01.28 11:31:19.112,1.13572,1.13575,1.12,3.82
2015.01.28 11:31:20.597,1.13572,1.13574,1.00,1.00
2015.01.28 11:31:21.002,1.1357,1.13574,1.00,2.25
2015.01.28 11:31:21.053,1.1357,1.13572,1.00,1.00
2015.01.28 11:31:21.407,1.1357,1.13574,1.50,1.50
2015.01.28 11:31:21.509,1.13572,1.13574,1.00,1.50
2015.01.28 11:31:21.812,1.13575,1.13577,1.50,1.00
2015.01.28 11:31:21.863,1.13575,1.13578,1.00,1.50
2015.01.28 11:31:21.965,1.13575,1.13579,3.00,1.50
2015.01.28 11:31:22.066,1.13577,1.13579,1.00,1.50
2015.01.28 11:31:23.028,1.13577,1.1358,1.00,1.50
2015.01.28 11:31:23.547,1.13577,1.13579,1.00,1.00
2015.01.28 11:31:23.599,1.13578,1.1358,3.25,1.87
2015.01.28 11:31:23.700,1.13582,1.13583,1.12,1.50
2015.01.28 11:31:23.801,1.13582,1.13585,1.87,3.37
2015.01.28 11:31:23.954,1.13583,1.13587,1.87,2.62
2015.01.28 11:31:24.006,1.13585,1.13587,1.87,1.50
2015.01.28 11:31:24.191,1.13585,1.13589,3.00,1.87
2015.01.28 11:31:24.697,1.13586,1.13589,1.00,2.62
2015.01.28 11:31:25.203,1.13586,1.13589,1.00,3.22
2015.01.28 11:31:37.115,1.13586,1.13589,2.25,1.50
2015.01.28 11:31:44.026,1.13586,1.1359,1.87,3.22
2015.01.28 11:31:44.128,1.13587,1.1359,2.62,1.00
2015.01.28 11:31:44.532,1.1359,1.13592,1.00,1.12
2015.01.28 11:31:45.066,1.1359,1.13594,1.12,1.57
2015.01.28 11:31:45.319,1.13592,1.13594,1.12,1.00
2015.01.28 11:31:45.421,1.13592,1.13596,2.25,1.00
2015.01.28 11:31:45.522,1.13593,1.13597,1.87,1.47
2015.01.28 11:31:46.028,1.13595,1.13597,2.25,1.00
2015.01.28 11:31:46.552,1.13596,1.13597,1.00,1.00
2015.01.28 11:31:49.118,1.13596,1.13599,1.00,2.85
2015.01.28 11:31:50.549,1.13597,1.13599,1.00,1.35
2015.01.28 11:31:54.055,1.13596,1.13599,2.25,1.00
2015.01.28 11:31:55.128,1.13599,1.13601,2.50,1.12
2015.01.28 11:31:55.333,1.13603,1.13605,1.00,1.00
2015.01.28 11:31:55.384,1.13604,1.13606,1.00,3.37
2015.01.28 11:31:55.587,1.13606,1.13608,1.00,1.00
2015.01.28 11:31:55.790,1.13606,1.1361,2.25,1.00
2015.01.28 11:31:56.302,1.13607,1.13611,1.00,2.10
2015.01.28 11:31:56.807,1.13606,1.1361,3.07,1.50
2015.01.28 11:31:59.526,1.13606,1.13608,1.57,2.10
2015.01.28 11:31:59.831,1.13596,1.13598,1.50,2.10
2015.01.28 11:31:59.882,1.13596,1.13599,1.50,1.72
2015.01.28 11:31:59.983,1.13596,1.13598,1.50,2.10
2015.01.28 11:32:00.488,1.13595,1.13597,1.00,1.00
2015.01.28 11:32:01.121,1.13595,1.13596,1.00,2.25
2015.01.28 11:32:01.273,1.13591,1.13593,1.50,1.50
2015.01.28 11:32:01.324,1.13591,1.13593,1.00,1.00
2015.01.28 11:32:01.527,1.1359,1.13594,2.25,3.56
2015.01.28 11:32:02.033,1.1359,1.13593,2.62,1.00
2015.01.28 11:32:03.476,1.13589,1.13593,3.37,1.00
2015.01.28 11:32:04.884,1.1359,1.13593,1.00,1.00
2015.01.28 11:32:05.389,1.13591,1.13594,2.62,1.39
2015.01.28 11:32:08.423,1.13591,1.13593,1.50,2.10
2015.01.28 11:32:08.524,1.1359,1.13592,1.00,1.00
2015.01.28 11:32:08.627,1.13591,1.13594,2.25,2.06
2015.01.28 11:32:12.584,1.13591,1.13594,1.50,1.76
2015.01.28 11:32:15.067,1.1359,1.13591,1.00,2.10
2015.01.28 11:32:15.371,1.13587,1.13589,1.50,1.00
2015.01.28 11:32:15.876,1.13587,1.13588,1.50,1.00
2015.01.28 11:32:16.147,1.13587,1.13588,1.50,1.00
2015.01.28 11:32:16.652,1.13586,1.13589,1.00,1.00
2015.01.28 11:32:19.478,1.13587,1.13592,2.25,2.62
2015.01.28 11:32:19.529,1.13587,1.1359,2.25,1.00
2015.01.28 11:32:21.116,1.13587,1.1359,1.00,1.00
2015.01.28 11:32:24.307,1.13586,1.1359,3.37,1.50
2015.01.28 11:32:26.481,1.13586,1.13589,1.50,2.10
2015.01.28 11:32:26.786,1.13583,1.13584,3.82,3.86
2015.01.28 11:32:26.837,1.13582,1.13584,1.00,2.51
2015.01.28 11:32:26.888,1.1358,1.13582,1.12,1.00
2015.01.28 11:32:26.940,1.1358,1.13581,1.12,1.00
2015.01.28 11:32:27.142,1.13578,1.13581,1.50,1.00
2015.01.28 11:32:27.452,1.13577,1.13579,1.00,1.00
2015.01.28 11:32:27.971,1.13577,1.13578,1.00,1.00
2015.01.28 11:32:28.276,1.13575,1.13577,1.50,1.00
2015.01.28 11:32:32.925,1.13575,1.13577,1.50,1.00
2015.01.28 11:32:36.452,1.13575,1.13577,1.50,1.00
2015.01.28 11:32:40.283,1.13573,1.13577,6.75,1.00
2015.01.28 11:32:41.838,1.13573,1.13575,4.12,3.75
2015.01.28 11:32:41.939,1.13571,1.13573,1.50,1.35
2015.01.28 11:32:42.244,1.13567,1.13571,3.37,1.35
2015.01.28 11:32:42.762,1.13567,1.1357,1.87,1.00
2015.01.28 11:32:43.804,1.13567,1.13569,1.37,1.00
2015.01.28 11:32:44.360,1.13567,1.1357,2.62,1.00
2015.01.28 11:32:44.713,1.13569,1.13571,1.00,1.00
2015.01.28 11:32:44.968,1.13573,1.13575,1.50,1.12
2015.01.28 11:32:46.079,1.13573,1.13575,1.50,1.00
2015.01.28 11:32:48.074,1.13573,1.13575,1.37,1.50
2015.01.28 11:32:48.227,1.13569,1.13571,1.50,3.22
2015.01.28 11:32:48.532,1.13569,1.13573,2.62,1.00
2015.01.28 11:32:49.037,1.13569,1.13574,2.96,2.62
2015.01.28 11:32:49.562,1.13569,1.13574,3.00,2.62
2015.01.28 11:32:49.816,1.13569,1.13571,2.59,1.12
2015.01.28 11:32:50.019,1.13567,1.1357,1.50,1.50
2015.01.28 11:32:50.322,1.13567,1.13568,1.12,1.00
2015.01.28 11:32:51.477,1.13565,1.13567,1.00,2.47
2015.01.28 11:32:51.579,1.13564,1.13566,1.00,1.35
2015.01.28 11:32:51.781,1.13561,1.13565,2.25,1.12
2015.01.28 11:32:52.286,1.13562,1.13564,1.00,1.00
2015.01.28 11:32:52.388,1.13561,1.13562,1.00,1.00
2015.01.28 11:32:52.893,1.13561,1.13563,1.00,1.35
2015.01.28 11:32:53.398,1.1356,1.13564,2.96,2.85
2015.01.28 11:32:55.234,1.13561,1.13564,1.00,1.00
2015.01.28 11:32:55.537,1.13563,1.13565,1.00,1.95
2015.01.28 11:32:55.741,1.13565,1.13568,1.50,1.50
2015.01.28 11:32:56.247,1.13565,1.13569,2.62,1.00
2015.01.28 11:32:56.500,1.13566,1.1357,1.37,1.50
2015.01.28 11:32:57.013,1.13566,1.13568,1.00,1.00
2015.01.28 11:32:57.517,1.13565,1.13567,2.14,1.00
2015.01.28 11:32:58.224,1.13565,1.1357,3.37,3.45
2015.01.28 11:32:58.729,1.13567,1.1357,1.00,1.87
2015.01.28 11:33:00.651,1.13567,1.13571,1.87,1.57
2015.01.28 11:33:04.541,1.13567,1.13569,1.12,1.00
2015.01.28 11:33:05.046,1.13566,1.1357,1.50,1.50
2015.01.28 11:33:05.855,1.13567,1.1357,1.00,1.00
2015.01.28 11:33:06.366,1.13566,1.13571,4.50,2.70
2015.01.28 11:33:08.143,1.13566,1.1357,2.25,1.00
2015.01.28 11:33:08.346,1.13565,1.13569,4.80,3.75
2015.01.28 11:33:10.534,1.13566,1.13569,2.25,1.00
2015.01.28 11:33:10.887,1.13564,1.13567,5.17,1.50
2015.01.28 11:33:10.938,1.13557,1.13559,13.87,1.35
2015.01.28 11:33:11.090,1.13557,1.1356,2.25,3.22
2015.01.28 11:33:11.622,1.13555,1.13557,1.50,1.00
2015.01.28 11:33:12.085,1.13557,1.13559,2.25,2.32
2015.01.28 11:33:12.489,1.13557,1.13559,1.50,1.00
2015.01.28 11:33:12.641,1.1356,1.13561,1.00,1.00
2015.01.28 11:33:14.156,1.13558,1.1356,2.25,2.25
2015.01.28 11:33:14.309,1.13551,1.13554,2.17,2.25
2015.01.28 11:33:14.360,1.13547,1.13549,1.12,4.20
2015.01.28 11:33:14.512,1.13546,1.13547,1.00,4.57
2015.01.28 11:33:14.715,1.13545,1.13546,1.00,1.00
2015.01.28 11:33:14.766,1.13542,1.13544,1.00,1.00
2015.01.28 11:33:14.817,1.13542,1.13545,1.00,2.25
2015.01.28 11:33:15.330,1.13539,1.13541,1.12,1.00
2015.01.28 11:33:15.382,1.13539,1.13541,1.12,1.00
2015.01.28 11:33:15.892,1.13537,1.1354,1.37,1.12
2015.01.28 11:33:16.420,1.13537,1.13539,1.00,1.50
2015.01.28 11:33:21.331,1.13537,1.1354,1.50,1.12
2015.01.28 11:33:21.584,1.13539,1.13541,1.12,1.00
2015.01.28 11:33:21.788,1.13544,1.13548,1.87,1.57
2015.01.28 11:33:22.355,1.13544,1.13546,1.00,1.00
2015.01.28 11:33:22.661,1.13535,1.13538,4.87,1.00
2015.01.28 11:33:23.218,1.13535,1.13537,3.37,1.00
2015.01.28 11:33:23.650,1.13536,1.13539,2.25,1.00
2015.01.28 11:33:23.978,1.13536,1.13537,1.80,1.00
2015.01.28 11:33:24.281,1.13523,1.13529,3.75,6.30
2015.01.28 11:33:24.332,1.13523,1.13526,3.75,1.00
2015.01.28 11:33:24.433,1.13523,1.13526,6.00,1.00
2015.01.28 11:33:24.846,1.13523,1.13527,6.00,1.00
2015.01.28 11:33:25.049,1.13526,1.13531,1.50,2.32
2015.01.28 11:33:25.828,1.13526,1.13529,1.00,1.00
2015.01.28 11:33:26.547,1.13527,1.13529,1.00,1.00
2015.01.28 11:33:26.850,1.13533,1.13535,1.87,1.42
2015.01.28 11:33:26.901,1.13535,1.13537,1.12,1.00
2015.01.28 11:33:27.108,1.1353,1.13534,10.87,4.50
2015.01.28 11:33:27.310,1.13515,1.13516,1.00,2.25
2015.01.28 11:33:27.412,1.13512,1.13515,2.62,1.00
2015.01.28 11:33:27.816,1.13511,1.13512,1.50,1.00
2015.01.28 11:33:27.968,1.1351,1.13512,2.62,1.00
2015.01.28 11:33:28.069,1.1351,1.13513,1.50,1.00
2015.01.28 11:33:28.221,1.13508,1.13511,1.87,1.00
2015.01.28 11:33:28.322,1.13511,1.13514,1.00,1.00
2015.01.28 11:33:28.373,1.13513,1.13514,2.25,1.00
2015.01.28 11:33:28.474,1.13513,1.13516,1.12,1.00
2015.01.28 11:33:28.576,1.13513,1.13518,1.12,1.00
2015.01.28 11:33:28.778,1.13516,1.13519,1.00,3.00
2015.01.28 11:33:28.930,1.1352,1.13524,1.12,1.35
2015.01.28 11:33:29.284,1.13517,1.13522,1.50,1.00
2015.01.28 11:33:29.487,1.13515,1.1352,1.00,1.00
2015.01.28 11:33:30.599,1.13517,1.13521,1.00,1.00
2015.01.28 11:33:30.700,1.13519,1.1352,1.50,1.00
2015.01.28 11:33:30.852,1.13517,1.1352,1.87,1.00
2015.01.28 11:33:30.903,1.13517,1.13522,1.50,2.25
2015.01.28 11:33:31.005,1.13516,1.1352,1.00,1.00
2015.01.28 11:33:33.527,1.13516,1.13521,1.00,1.00
2015.01.28 11:33:34.513,1.13516,1.1352,1.00,1.00
2015.01.28 11:33:35.050,1.13516,1.13519,1.00,1.00
2015.01.28 11:33:35.354,1.13518,1.1352,1.00,1.00
2015.01.28 11:33:36.062,1.1352,1.13522,3.22,1.10
2015.01.28 11:33:36.164,1.13523,1.13524,1.35,1.50
2015.01.28 11:33:36.215,1.13524,1.13527,2.62,1.10
2015.01.28 11:33:36.317,1.13526,1.13529,1.00,1.00
2015.01.28 11:33:36.772,1.13528,1.1353,1.00,1.00
2015.01.28 11:33:37.075,1.13527,1.1353,1.00,1.00
2015.01.28 11:33:37.985,1.13525,1.13528,1.12,1.00
2015.01.28 11:33:38.037,1.13524,1.13526,1.00,1.50
2015.01.28 11:33:38.088,1.13522,1.13526,1.87,1.50
2015.01.28 11:33:38.594,1.13523,1.13525,1.00,1.00
2015.01.28 11:33:39.503,1.13522,1.13525,1.50,1.00
2015.01.28 11:33:39.605,1.13521,1.13524,1.50,3.60
2015.01.28 11:33:39.913,1.13518,1.13521,1.00,1.00
2015.01.28 11:33:41.621,1.13518,1.13519,1.00,1.00
2015.01.28 11:33:41.925,1.13516,1.13518,1.50,1.00
2015.01.28 11:33:42.179,1.13516,1.13517,1.50,1.00
2015.01.28 11:33:42.694,1.13515,1.13517,1.00,1.00
2015.01.28 11:33:43.210,1.13515,1.13516,1.00,1.00
2015.01.28 11:33:43.724,1.13515,1.13517,1.00,1.00
2015.01.28 11:33:43.926,1.13515,1.13518,1.00,1.00
2015.01.28 11:33:44.432,1.13515,1.13519,3.45,1.00
2015.01.28 11:33:44.937,1.13515,1.13518,3.62,1.00
2015.01.28 11:33:45.442,1.13515,1.13517,1.00,1.00
2015.01.28 11:33:46.152,1.13517,1.13519,1.00,1.00
2015.01.28 11:33:46.657,1.13516,1.1352,1.50,2.25
2015.01.28 11:33:47.578,1.13517,1.13521,1.00,4.95
2015.01.28 11:33:48.083,1.13517,1.13521,1.00,4.20
2015.01.28 11:33:48.387,1.1352,1.13522,1.00,1.80
2015.01.28 11:33:48.439,1.13521,1.13522,3.00,1.80
2015.01.28 11:33:48.490,1.13523,1.13525,5.70,3.88
2015.01.28 11:33:48.643,1.1353,1.13532,1.50,1.00
2015.01.28 11:33:48.694,1.13532,1.13535,1.00,2.75
2015.01.28 11:33:48.796,1.13534,1.13535,1.00,1.12
2015.01.28 11:33:48.847,1.13535,1.13538,1.00,1.00
2015.01.28 11:33:49.354,1.13535,1.13539,1.12,1.12
2015.01.28 11:33:49.859,1.13536,1.13539,1.00,1.00
2015.01.28 11:33:50.162,1.13534,1.13537,1.00,3.00
2015.01.28 11:33:50.264,1.13535,1.13537,1.50,1.00
2015.01.28 11:33:50.415,1.13535,1.13539,2.25,1.50
2015.01.28 11:33:50.832,1.13535,1.13537,2.25,1.00
2015.01.28 11:33:52.240,1.13535,1.13539,1.00,2.25
2015.01.28 11:33:52.760,1.13534,1.13537,1.50,1.00
2015.01.28 11:33:53.265,1.13533,1.13535,1.00,3.75
2015.01.28 11:33:53.317,1.13531,1.13535,1.50,4.50
2015.01.28 11:33:53.822,1.13531,1.13534,1.50,1.50
2015.01.28 11:33:54.327,1.13531,1.13533,1.50,1.00
2015.01.28 11:33:54.833,1.13531,1.13534,1.50,1.00
2015.01.28 11:33:58.451,1.13532,1.13534,1.00,1.00
2015.01.28 11:33:58.502,1.13534,1.13535,1.03,3.75
2015.01.28 11:33:59.008,1.13533,1.13535,1.00,1.00
2015.01.28 11:33:59.514,1.13533,1.13534,1.00,1.00
2015.01.28 11:33:59.717,1.13531,1.13534,1.87,1.00
2015.01.28 11:34:00.474,1.13531,1.13533,1.12,1.00
2015.01.28 11:34:00.676,1.13531,1.13535,2.55,1.12
2015.01.28 11:34:00.777,1.13531,1.13534,1.87,1.00
2015.01.28 11:34:00.828,1.13533,1.13534,1.00,1.00
2015.01.28 11:34:01.333,1.13532,1.13534,1.00,1.00
2015.01.28 11:34:01.807,1.13533,1.13537,1.00,3.00
2015.01.28 11:34:02.929,1.13534,1.13537,1.00,1.00
2015.01.28 11:34:03.434,1.13533,1.13536,2.25,1.00
2015.01.28 11:34:03.990,1.13534,1.13536,1.00,1.00
2015.01.28 11:34:04.192,1.13532,1.13536,2.62,1.87
2015.01.28 11:34:04.698,1.13532,1.13535,1.50,1.50
2015.01.28 11:34:05.497,1.13533,1.13535,1.00,1.00
2015.01.28 11:34:06.419,1.13533,1.13536,1.00,2.25
2015.01.28 11:34:06.776,1.13535,1.13536,1.00,1.50
2015.01.28 11:34:06.979,1.13535,1.13538,1.50,1.00
2015.01.28 11:34:07.186,1.13534,1.13536,1.00,1.00
2015.01.28 11:34:07.288,1.13533,1.13535,3.00,1.87
2015.01.28 11:34:07.339,1.13531,1.13535,3.82,2.25
2015.01.28 11:34:07.743,1.13532,1.13534,2.25,1.50
2015.01.28 11:34:07.845,1.13538,1.13539,1.00,1.00
2015.01.28 11:34:07.896,1.1354,1.13542,1.87,1.40
2015.01.28 11:34:07.947,1.1354,1.13543,2.25,1.00
2015.01.28 11:34:08.452,1.1354,1.13545,5.17,1.00
2015.01.28 11:34:08.654,1.13545,1.13551,1.50,1.50
2015.01.28 11:34:08.755,1.13548,1.13553,1.12,1.75
2015.01.28 11:34:09.261,1.13548,1.13552,1.00,1.00
2015.01.28 11:34:10.106,1.13548,1.1355,1.00,1.00
2015.01.28 11:34:10.413,1.13547,1.13548,1.00,1.00
2015.01.28 11:34:10.920,1.13546,1.13547,1.00,2.70
2015.01.28 11:34:11.023,1.13542,1.13545,1.00,1.50
2015.01.28 11:34:11.325,1.1354,1.13545,1.50,7.12
2015.01.28 11:34:15.373,1.13539,1.13542,1.00,1.12
2015.01.28 11:34:16.425,1.13539,1.13543,1.45,2.25
2015.01.28 11:34:17.050,1.13539,1.13543,1.95,2.25
2015.01.28 11:34:17.596,1.13539,1.13544,3.60,1.12
2015.01.28 11:34:18.631,1.1354,1.13545,2.10,1.87
2015.01.28 11:34:19.218,1.13541,1.13546,1.57,2.70
2015.01.28 11:34:23.729,1.13545,1.13547,1.00,1.50
2015.01.28 11:34:23.830,1.13545,1.13547,1.50,1.00
2015.01.28 11:34:24.032,1.13544,1.13547,1.00,1.00
2015.01.28 11:34:24.690,1.13545,1.13547,1.50,1.00
2015.01.28 11:34:24.791,1.13545,1.13549,1.50,1.50
2015.01.28 11:34:24.943,1.13547,1.13549,1.00,1.00
2015.01.28 11:34:25.448,1.13546,1.13549,1.00,1.50
2015.01.28 11:34:32.649,1.13546,1.13549,1.50,1.00
2015.01.28 11:34:35.484,1.13546,1.13549,1.50,1.00
2015.01.28 11:34:39.769,1.13546,1.13549,1.00,1.00
2015.01.28 11:34:39.921,1.13544,1.13545,1.00,1.00
2015.01.28 11:34:40.448,1.13544,1.13546,1.00,1.95
2015.01.28 11:34:42.299,1.13544,1.13545,1.00,1.00
2015.01.28 11:34:43.518,1.13544,1.13546,1.00,1.00
2015.01.28 11:34:44.510,1.13545,1.13546,1.00,1.00
2015.01.28 11:34:45.015,1.13546,1.13547,1.00,1.50
2015.01.28 11:34:45.118,1.13546,1.13549,2.25,1.50
2015.01.28 11:34:45.624,1.13547,1.13549,1.00,1.00
2015.01.28 11:34:47.869,1.13546,1.13548,1.37,1.87
2015.01.28 11:34:47.920,1.13545,1.13548,1.69,2.25
2015.01.28 11:34:48.425,1.13546,1.13548,1.00,2.25
2015.01.28 11:34:48.931,1.13547,1.13549,1.50,1.00
2015.01.28 11:34:49.537,1.13547,1.13548,1.50,1.00
2015.01.28 11:34:50.046,1.13546,1.13548,1.00,1.00
2015.01.28 11:34:53.164,1.13541,1.13545,6.00,2.80
2015.01.28 11:34:53.316,1.13539,1.1354,1.12,1.00
2015.01.28 11:34:53.367,1.13539,1.13541,1.12,1.87
2015.01.28 11:34:53.570,1.1354,1.13542,1.00,1.00
2015.01.28 11:34:54.396,1.13541,1.13542,1.00,1.00
2015.01.28 11:34:58.892,1.13539,1.13542,1.00,1.37
2015.01.28 11:34:59.148,1.13538,1.13541,3.37,1.00
2015.01.28 11:34:59.351,1.13537,1.13539,1.12,1.00
2015.01.28 11:34:59.654,1.13536,1.13537,1.50,1.35
2015.01.28 11:34:59.756,1.13533,1.13535,2.25,1.00
2015.01.28 11:34:59.807,1.13533,1.13534,1.00,1.00
2015.01.28 11:35:00.161,1.13531,1.13532,1.12,1.00
2015.01.28 11:35:00.212,1.13531,1.13533,1.00,1.87
2015.01.28 11:35:00.566,1.13529,1.1353,1.00,1.00
2015.01.28 11:35:00.668,1.13526,1.13528,1.00,1.60
2015.01.28 11:35:00.719,1.13525,1.13528,1.00,2.47
2015.01.28 11:35:01.234,1.13524,1.13526,1.12,3.97
2015.01.28 11:35:03.463,1.13523,1.13526,1.87,1.99
2015.01.28 11:35:03.565,1.13522,1.13524,1.50,1.50
2015.01.28 11:35:03.717,1.13519,1.13522,2.62,2.17
2015.01.28 11:35:03.769,1.13517,1.13521,1.50,2.25
2015.01.28 11:35:03.870,1.13517,1.13521,1.00,7.50
2015.01.28 11:35:04.526,1.13518,1.13521,1.00,1.50
2015.01.28 11:35:04.678,1.1352,1.13521,1.00,1.00
2015.01.28 11:35:04.830,1.1352,1.13524,3.37,1.00
2015.01.28 11:35:05.335,1.1352,1.13525,15.75,1.00
2015.01.28 11:35:05.950,1.1352,1.13525,10.12,1.00
2015.01.28 11:35:06.461,1.13523,1.13527,1.12,1.24
2015.01.28 11:35:07.356,1.13522,1.13527,1.00,1.99
2015.01.28 11:35:09.551,1.13524,1.13527,1.00,1.99
2015.01.28 11:35:09.805,1.13528,1.1353,1.00,1.12
2015.01.28 11:35:12.488,1.13528,1.13529,1.00,1.00
2015.01.28 11:35:12.691,1.13525,1.13529,3.82,1.00
2015.01.28 11:35:12.943,1.1353,1.13531,1.00,1.00
2015.01.28 11:35:13.095,1.1353,1.13533,1.00,1.10
2015.01.28 11:35:17.500,1.13531,1.13533,1.00,1.10
2015.01.28 11:35:17.955,1.13532,1.13533,2.85,1.00
2015.01.28 11:35:18.056,1.13535,1.13536,1.00,4.95
2015.01.28 11:35:18.561,1.13534,1.13538,1.50,3.82
2015.01.28 11:35:19.066,1.13533,1.13537,1.50,1.87
2015.01.28 11:35:19.937,1.13534,1.13537,1.00,1.37
2015.01.28 11:35:20.946,1.13533,1.13536,1.00,1.12
2015.01.28 11:35:21.603,1.13533,1.13536,2.87,1.00
2015.01.28 11:35:21.654,1.13534,1.13538,2.10,2.32
2015.01.28 11:35:22.259,1.13534,1.13538,1.00,2.25
2015.01.28 11:35:22.310,1.13534,1.13536,1.00,3.60
2015.01.28 11:35:22.616,1.13527,1.13529,1.00,1.00
2015.01.28 11:35:22.668,1.13527,1.13529,1.00,1.00
2015.01.28 11:35:23.920,1.13527,1.1353,1.00,1.12
2015.01.28 11:35:24.425,1.13527,1.13531,3.25,1.50
2015.01.28 11:35:24.948,1.13527,1.13532,3.75,1.50
2015.01.28 11:35:26.612,1.13529,1.13533,1.50,1.50
2015.01.28 11:35:26.966,1.13529,1.13533,1.50,2.62
2015.01.28 11:35:27.269,1.13528,1.1353,1.00,2.25
2015.01.28 11:35:28.207,1.13526,1.13528,1.50,1.00
2015.01.28 11:35:28.723,1.13526,1.1353,1.50,3.75
2015.01.28 11:35:31.137,1.13526,1.13529,1.50,1.00
2015.01.28 11:35:31.923,1.13526,1.13528,1.50,1.00
2015.01.28 11:35:39.719,1.13524,1.13527,2.62,2.10
2015.01.28 11:35:40.226,1.13523,1.13525,1.12,2.25
2015.01.28 11:35:40.787,1.13525,1.13527,1.50,2.62
2015.01.28 11:35:40.938,1.13526,1.13528,1.00,1.50
2015.01.28 11:35:41.907,1.13527,1.13528,1.00,1.87
2015.01.28 11:35:42.427,1.13526,1.13528,1.00,1.87
2015.01.28 11:35:42.973,1.13527,1.13528,1.00,1.87
2015.01.28 11:35:48.006,1.13525,1.13528,1.00,1.87
2015.01.28 11:35:48.514,1.13526,1.13527,1.00,1.12
2015.01.28 11:35:49.183,1.13525,1.13527,1.00,3.37
2015.01.28 11:35:49.689,1.13526,1.13527,1.00,1.12
2015.01.28 11:35:50.198,1.13527,1.13529,1.00,3.07
2015.01.28 11:36:00.312,1.13527,1.13528,1.00,1.00
2015.01.28 11:36:00.833,1.13527,1.13529,1.00,1.50
2015.01.28 11:36:06.035,1.13528,1.13529,1.00,1.00
2015.01.28 11:36:06.186,1.13528,1.13531,1.00,1.87
2015.01.28 11:36:08.355,1.13529,1.13531,1.00,1.12
2015.01.28 11:36:08.861,1.13528,1.13531,1.00,1.00
2015.01.28 11:36:09.215,1.13528,1.13531,1.87,1.00
2015.01.28 11:36:09.750,1.13528,1.1353,1.00,1.50
2015.01.28 11:36:09.802,1.13526,1.1353,3.00,3.00
2015.01.28 11:36:10.420,1.13526,1.13529,2.25,1.00
2015.01.28 11:36:12.563,1.13524,1.13527,5.92,1.00
2015.01.28 11:36:12.767,1.13522,1.13525,1.87,1.50
2015.01.28 11:36:13.180,1.13525,1.13527,1.50,1.00
2015.01.28 11:36:13.231,1.13525,1.13529,2.25,3.75
2015.01.28 11:36:13.747,1.13526,1.13529,1.00,3.00
2015.01.28 11:36:17.581,1.13525,1.13529,2.25,3.75
2015.01.28 11:36:19.058,1.13526,1.13529,1.00,2.25
2015.01.28 11:36:20.079,1.13526,1.13529,1.87,1.00
2015.01.28 11:36:21.278,1.13527,1.1353,1.12,1.57
2015.01.28 11:36:22.985,1.13531,1.13533,1.00,10.50
2015.01.28 11:36:23.138,1.13534,1.13538,1.35,1.95
2015.01.28 11:36:23.189,1.13535,1.13538,1.12,1.10
2015.01.28 11:36:23.695,1.13534,1.13538,1.12,2.62
2015.01.28 11:36:24.654,1.13536,1.13538,1.00,1.87
2015.01.28 11:36:26.590,1.13535,1.13537,1.00,1.00
2015.01.28 11:36:28.725,1.13533,1.13535,3.75,1.35
2015.01.28 11:36:28.826,1.13532,1.13534,1.00,1.50
2015.01.28 11:36:28.978,1.1353,1.13534,1.00,1.50
2015.01.28 11:36:29.521,1.13529,1.13534,2.62,2.25
2015.01.28 11:36:30.036,1.1353,1.13534,1.00,1.50
2015.01.28 11:36:32.349,1.13531,1.13534,1.00,3.00
2015.01.28 11:36:33.136,1.13531,1.13534,1.50,1.50
2015.01.28 11:36:34.494,1.1353,1.13534,1.00,2.25
2015.01.28 11:36:41.348,1.13531,1.13534,1.00,2.25
2015.01.28 11:36:41.652,1.13534,1.13536,1.00,1.50
2015.01.28 11:36:41.804,1.13532,1.13536,1.00,3.37
2015.01.28 11:36:42.663,1.13534,1.13536,1.00,1.00
2015.01.28 11:36:42.814,1.13536,1.13539,1.00,1.10
2015.01.28 11:36:43.777,1.13536,1.13538,1.00,1.00
2015.01.28 11:36:44.252,1.13538,1.1354,2.85,1.50
2015.01.28 11:36:44.555,1.13541,1.13543,1.50,1.00
2015.01.28 11:36:44.909,1.13541,1.13545,2.25,1.00
2015.01.28 11:36:44.960,1.13543,1.13546,1.00,1.10
2015.01.28 11:36:45.263,1.13545,1.13549,2.62,1.50
2015.01.28 11:36:45.768,1.13546,1.13549,1.00,2.25
2015.01.28 11:36:46.273,1.13546,1.13549,3.22,1.50
2015.01.28 11:36:46.785,1.13546,1.13549,2.25,2.25
2015.01.28 11:36:47.629,1.13546,1.13549,2.10,1.50
2015.01.28 11:36:47.731,1.13549,1.13551,2.25,2.32
2015.01.28 11:36:48.036,1.13557,1.13559,1.00,1.57
2015.01.28 11:36:48.087,1.13557,1.13559,1.00,1.57
2015.01.28 11:36:50.597,1.13557,1.13558,1.00,1.00
2015.01.28 11:36:50.903,1.13557,1.1356,1.87,1.00
2015.01.28 11:36:50.954,1.13558,1.13561,4.05,1.10
2015.01.28 11:36:51.055,1.13558,1.13563,5.85,1.00
2015.01.28 11:36:51.571,1.13559,1.13563,1.95,1.00
2015.01.28 11:36:53.738,1.1356,1.13565,1.37,1.57
2015.01.28 11:36:53.890,1.13562,1.13565,1.37,2.32
2015.01.28 11:36:53.991,1.13564,1.13566,1.37,1.10
2015.01.28 11:36:54.092,1.13566,1.13569,1.00,3.37
2015.01.28 11:36:54.143,1.13566,1.13569,1.00,3.00
2015.01.28 11:36:54.245,1.13566,1.13567,1.00,1.00
2015.01.28 11:36:59.583,1.13565,1.13567,1.00,1.00
2015.01.28 11:36:59.886,1.13562,1.13563,1.00,1.12
2015.01.28 11:37:00.426,1.13562,1.13564,1.37,1.87
2015.01.28 11:37:00.935,1.13562,1.13563,1.00,1.12
2015.01.28 11:37:01.528,1.13562,1.13564,1.37,1.87
2015.01.28 11:37:02.059,1.13562,1.13563,1.00,1.12
2015.01.28 11:37:06.662,1.13562,1.13564,1.37,1.62
2015.01.28 11:37:07.205,1.13562,1.13563,1.00,1.16
2015.01.28 11:37:07.770,1.13562,1.13564,1.37,1.62
2015.01.28 11:37:08.341,1.13562,1.13563,1.00,1.16
2015.01.28 11:37:09.941,1.13561,1.13563,2.62,2.97
2015.01.28 11:37:10.245,1.13552,1.13554,1.00,1.00
2015.01.28 11:37:10.396,1.1355,1.13554,4.12,2.85
2015.01.28 11:37:10.700,1.13548,1.13551,1.00,1.00
2015.01.28 11:37:11.104,1.13548,1.13553,1.50,3.07
2015.01.28 11:37:11.614,1.13549,1.13554,1.12,1.00
2015.01.28 11:37:11.716,1.13551,1.13555,1.00,1.20
2015.01.28 11:37:12.020,1.13554,1.13556,1.00,1.05
2015.01.28 11:37:12.526,1.13553,1.13556,4.87,1.30
2015.01.28 11:37:13.031,1.13552,1.13555,1.50,1.00
2015.01.28 11:37:13.537,1.13553,1.13556,1.00,1.30
2015.01.28 11:37:15.228,1.13553,1.13557,1.00,2.55
2015.01.28 11:37:15.532,1.13543,1.13546,1.00,5.47
2015.01.28 11:37:15.633,1.13541,1.13543,1.00,1.00
2015.01.28 11:37:16.089,1.13539,1.13542,1.00,1.10
2015.01.28 11:37:16.797,1.13539,1.13544,1.50,2.62
2015.01.28 11:37:17.647,1.1354,1.13544,1.00,1.87
2015.01.28 11:37:19.283,1.13539,1.13544,1.50,3.37
2015.01.28 11:37:20.143,1.13541,1.13544,2.25,3.37
2015.01.28 11:37:20.447,1.13554,1.13557,4.95,1.12
2015.01.28 11:37:20.498,1.13557,1.13559,1.00,1.00
2015.01.28 11:37:20.752,1.13558,1.13562,2.25,1.50
2015.01.28 11:37:21.257,1.13559,1.13562,1.50,1.00
2015.01.28 11:37:31.269,1.13559,1.13561,1.00,1.00
2015.01.28 11:37:31.787,1.13559,1.13561,1.00,1.00
2015.01.28 11:37:32.260,1.13558,1.13562,1.00,1.50
2015.01.28 11:37:32.412,1.13565,1.13568,4.35,1.30
2015.01.28 11:37:32.516,1.13572,1.13574,4.35,1.37
2015.01.28 11:37:32.618,1.13575,1.13578,1.50,3.00
2015.01.28 11:37:32.669,1.13575,1.1358,1.50,1.50
2015.01.28 11:37:33.175,1.13575,1.13578,1.00,1.00
2015.01.28 11:37:33.682,1.13578,1.13579,1.00,1.00
2015.01.28 11:37:33.733,1.13578,1.13581,1.00,1.00
2015.01.28 11:37:33.835,1.13578,1.13583,1.50,1.50
2015.01.28 11:37:34.341,1.13578,1.13582,1.00,1.00
2015.01.28 11:37:34.862,1.13578,1.13583,1.00,1.00
2015.01.28 11:37:35.380,1.13578,1.13583,1.37,1.50
2015.01.28 11:37:37.811,1.13579,1.13584,1.12,2.32
2015.01.28 11:37:40.519,1.1358,1.13584,1.00,1.57
2015.01.28 11:37:40.973,1.13581,1.13586,1.50,1.95
2015.01.28 11:37:41.528,1.13581,1.13585,1.00,1.00
2015.01.28 11:37:42.657,1.13582,1.13585,1.00,1.00
2015.01.28 11:37:42.758,1.13583,1.13587,2.47,1.65
2015.01.28 11:37:43.062,1.13587,1.13589,1.50,1.00
2015.01.28 11:37:43.264,1.13588,1.13591,1.00,1.00
2015.01.28 11:37:43.517,1.13589,1.13593,1.00,1.00
2015.01.28 11:37:44.376,1.13589,1.13591,1.35,1.00
2015.01.28 11:37:44.580,1.13586,1.13588,1.57,1.00
2015.01.28 11:37:45.389,1.13586,1.1359,1.50,1.00
2015.01.28 11:37:46.589,1.13586,1.13591,2.25,2.25
2015.01.28 11:37:46.792,1.13586,1.13589,1.00,1.50
2015.01.28 11:37:47.095,1.13581,1.13583,2.32,1.00
2015.01.28 11:37:47.146,1.13581,1.13583,1.00,1.00
2015.01.28 11:37:47.197,1.13581,1.13585,1.00,5.62
2015.01.28 11:37:47.249,1.1358,1.13583,2.62,1.00
2015.01.28 11:37:47.806,1.13578,1.13582,1.50,1.00
2015.01.28 11:37:48.109,1.13578,1.1358,1.00,1.00
2015.01.28 11:37:48.642,1.13577,1.1358,1.00,1.00
2015.01.28 11:37:49.668,1.13574,1.13576,1.57,4.50
2015.01.28 11:37:49.771,1.13573,1.13575,1.50,2.25
2015.01.28 11:37:49.872,1.13572,1.13575,1.00,1.50
2015.01.28 11:37:50.024,1.13572,1.13574,1.00,1.60
2015.01.28 11:37:50.075,1.1357,1.13574,1.50,1.60
2015.01.28 11:37:50.126,1.13569,1.13571,1.00,1.00
2015.01.28 11:37:50.631,1.1357,1.13571,1.00,1.00
2015.01.28 11:37:50.884,1.13573,1.13575,1.00,2.25
2015.01.28 11:37:51.389,1.13573,1.13576,1.00,1.20
2015.01.28 11:37:54.057,1.13573,1.13578,1.50,3.37
2015.01.28 11:37:54.209,1.13574,1.13579,1.50,2.32
2015.01.28 11:37:55.698,1.13574,1.13578,1.50,1.00
2015.01.28 11:37:56.208,1.13575,1.13578,1.00,1.00
2015.01.28 11:38:04.328,1.13574,1.13578,1.00,1.00
2015.01.28 11:38:05.359,1.13574,1.13578,1.00,1.60
2015.01.28 11:38:05.864,1.13573,1.13577,2.62,1.00
2015.01.28 11:38:08.339,1.13574,1.13578,1.00,2.17
2015.01.28 11:38:14.204,1.13573,1.13579,3.37,5.47
2015.01.28 11:38:15.359,1.13576,1.13579,1.00,3.37
2015.01.28 11:38:15.562,1.13576,1.13581,1.50,3.75
2015.01.28 11:38:15.816,1.13579,1.13581,1.00,1.50
2015.01.28 11:38:15.968,1.1358,1.13584,1.00,1.95
2015.01.28 11:38:16.473,1.1358,1.13584,1.00,1.95
2015.01.28 11:38:19.032,1.1358,1.13584,1.00,1.95
2015.01.28 11:38:19.543,1.1358,1.13584,1.00,1.95
2015.01.28 11:38:21.080,1.1358,1.13584,1.00,1.95
2015.01.28 11:38:21.602,1.1358,1.13584,1.00,1.95
2015.01.28 11:38:22.112,1.1358,1.13584,1.00,1.95
2015.01.28 11:38:22.722,1.1358,1.13584,1.00,1.95
2015.01.28 11:38:23.178,1.13584,1.13585,1.50,6.30
2015.01.28 11:38:23.330,1.13586,1.13588,1.00,1.00
2015.01.28 11:38:23.861,1.13585,1.1359,2.25,2.32
2015.01.28 11:38:27.494,1.13586,1.1359,1.00,1.10
2015.01.28 11:38:28.000,1.13587,1.1359,1.87,1.10
2015.01.28 11:38:28.152,1.13589,1.13592,2.25,1.50
2015.01.28 11:38:28.304,1.1359,1.13595,1.00,4.57
2015.01.28 11:38:29.253,1.13592,1.13595,1.00,1.10
2015.01.28 11:38:29.822,1.13591,1.13595,1.50,1.00
2015.01.28 11:38:30.126,1.13593,1.13596,1.87,1.00
2015.01.28 11:38:30.884,1.13593,1.13595,1.12,1.35
2015.01.28 11:38:31.138,1.13589,1.13593,1.00,2.62
2015.01.28 11:38:31.289,1.13587,1.13592,1.50,2.17
2015.01.28 11:38:33.473,1.13585,1.13592,4.57,1.95
2015.01.28 11:38:33.676,1.13585,1.13588,2.25,1.37
2015.01.28 11:38:33.879,1.13585,1.13586,1.00,7.27
2015.01.28 11:38:34.232,1.13582,1.13585,1.50,3.97
2015.01.28 11:38:37.865,1.13582,1.13584,1.00,1.00
2015.01.28 11:38:38.017,1.13583,1.13585,1.00,1.80
2015.01.28 11:38:38.523,1.13584,1.13586,1.00,5.40
2015.01.28 11:38:39.777,1.13584,1.13586,1.00,5.40
2015.01.28 11:38:40.233,1.13583,1.13587,3.75,1.37
2015.01.28 11:38:40.384,1.13582,1.13585,1.00,2.10
2015.01.28 11:38:40.486,1.13581,1.13582,1.50,3.00
2015.01.28 11:38:41.093,1.13582,1.13584,1.00,1.95
2015.01.28 11:38:41.144,1.13582,1.13585,1.00,4.87
2015.01.28 11:38:41.396,1.13582,1.13586,1.50,1.12
2015.01.28 11:38:41.902,1.13583,1.13587,1.00,1.37
2015.01.28 11:38:42.407,1.13584,1.13587,1.00,1.37
2015.01.28 11:38:43.179,1.13583,1.13587,3.75,1.37
2015.01.28 11:38:44.260,1.13584,1.13587,1.00,1.72
2015.01.28 11:38:44.766,1.13582,1.13584,1.50,2.10
2015.01.28 11:38:44.918,1.1358,1.13582,2.62,3.75
2015.01.28 11:38:45.019,1.13578,1.13582,3.07,3.97
2015.01.28 11:38:45.070,1.13578,1.13581,1.57,1.37
2015.01.28 11:38:45.272,1.13579,1.13582,3.00,1.20
2015.01.28 11:38:45.777,1.13579,1.13582,2.25,1.37
2015.01.28 11:38:46.286,1.1358,1.13582,1.12,1.37
2015.01.28 11:38:47.770,1.13579,1.13582,6.37,1.37
2015.01.28 11:38:48.275,1.13579,1.13582,4.87,1.37
2015.01.28 11:38:49.426,1.13578,1.13582,2.25,3.22
2015.01.28 11:38:49.527,1.13577,1.13581,3.82,2.47
2015.01.28 11:38:52.926,1.13577,1.1358,1.00,1.47
2015.01.28 11:38:53.027,1.13575,1.13576,1.87,6.67
2015.01.28 11:38:53.078,1.13575,1.13576,1.12,12.67
2015.01.28 11:38:53.808,1.13574,1.13576,1.12,3.11
2015.01.28 11:38:54.313,1.13574,1.13575,1.00,1.87
2015.01.28 11:38:55.407,1.13573,1.13575,1.00,1.87
2015.01.28 11:38:55.922,1.13573,1.13575,1.00,3.00
2015.01.28 11:38:56.437,1.13573,1.13574,1.00,1.00
2015.01.28 11:38:56.740,1.1357,1.13571,2.62,1.50
2015.01.28 11:38:56.842,1.13569,1.13571,2.17,1.37
2015.01.28 11:38:57.044,1.13571,1.13572,1.00,1.50
2015.01.28 11:38:57.570,1.13572,1.13574,1.00,1.47
2015.01.28 11:38:57.874,1.13573,1.13575,1.00,2.25
2015.01.28 11:38:58.492,1.13571,1.13573,1.50,3.25
2015.01.28 11:38:58.594,1.13569,1.13571,1.80,2.50
2015.01.28 11:38:58.746,1.13567,1.1357,1.07,1.00
2015.01.28 11:38:59.252,1.13569,1.13572,1.00,1.87
2015.01.28 11:38:59.767,1.1357,1.13572,1.00,1.50
2015.01.28 11:39:00.273,1.13571,1.13572,1.00,1.00
2015.01.28 11:39:00.576,1.13573,1.13575,1.00,2.62
2015.01.28 11:39:02.213,1.13574,1.13575,1.00,2.25
2015.01.28 11:39:02.517,1.13577,1.13579,1.00,1.87
2015.01.28 11:39:02.568,1.13577,1.13579,1.87,1.00
2015.01.28 11:39:02.619,1.13578,1.1358,1.00,1.95
2015.01.28 11:39:03.125,1.1358,1.13582,1.87,1.00
2015.01.28 11:39:03.175,1.1358,1.13583,1.87,1.12
2015.01.28 11:39:03.681,1.13581,1.13583,1.00,1.00
2015.01.28 11:39:04.633,1.13582,1.13584,1.00,1.87
2015.01.28 11:39:05.141,1.13584,1.13585,4.50,1.50
2015.01.28 11:39:05.684,1.13584,1.13586,3.75,1.50
2015.01.28 11:39:06.253,1.13584,1.13586,3.75,2.62
2015.01.28 11:39:06.870,1.13586,1.13587,1.00,1.00
2015.01.28 11:39:13.309,1.13586,1.13587,1.00,1.00
2015.01.28 11:39:13.815,1.13586,1.13587,1.00,1.00
2015.01.28 11:39:15.214,1.13585,1.13586,1.00,3.22
2015.01.28 11:39:15.517,1.13583,1.13584,1.50,1.00
2015.01.28 11:39:15.619,1.13581,1.13584,1.10,1.37
2015.01.28 11:39:16.124,1.13582,1.13584,1.00,1.87
2015.01.28 11:39:16.276,1.1358,1.13584,3.37,1.50
2015.01.28 11:39:16.428,1.13585,1.13587,1.00,4.20
2015.01.28 11:39:16.933,1.13585,1.13587,1.00,1.87
2015.01.28 11:39:18.910,1.13585,1.13587,1.00,1.00
2015.01.28 11:39:19.416,1.13585,1.13588,1.87,2.25
2015.01.28 11:39:24.219,1.13585,1.13587,1.37,1.00
2015.01.28 11:39:26.619,1.13586,1.13587,3.00,1.00
2015.01.28 11:39:26.720,1.13588,1.13589,1.00,1.00
2015.01.28 11:39:29.476,1.13585,1.13588,2.92,1.37
2015.01.28 11:39:29.577,1.13585,1.13588,2.70,1.37
2015.01.28 11:39:29.830,1.13584,1.13587,4.57,1.37
2015.01.28 11:39:31.322,1.13584,1.13585,3.75,1.00
2015.01.28 11:39:31.832,1.13584,1.13586,2.25,2.47
2015.01.28 11:39:34.526,1.13585,1.13587,1.00,1.87
2015.01.28 11:39:36.067,1.13586,1.13587,1.00,1.00
2015.01.28 11:39:38.940,1.13586,1.13588,1.00,1.37
2015.01.28 11:39:39.092,1.13586,1.13589,1.00,1.00
2015.01.28 11:39:39.619,1.13586,1.1359,5.69,2.25
2015.01.28 11:39:40.125,1.13586,1.13589,1.50,1.00
2015.01.28 11:39:40.683,1.13586,1.13589,1.50,1.37
2015.01.28 11:39:41.195,1.13584,1.13586,1.57,6.85
2015.01.28 11:39:41.298,1.13585,1.13588,1.12,1.50
2015.01.28 11:39:42.095,1.13585,1.13589,1.12,3.75
2015.01.28 11:39:46.250,1.13587,1.13589,1.00,1.50
2015.01.28 11:39:46.556,1.13594,1.13597,1.50,1.67
2015.01.28 11:39:46.607,1.13595,1.13599,1.00,2.25
2015.01.28 11:39:47.636,1.13597,1.13599,1.00,1.50
2015.01.28 11:39:48.327,1.136,1.13601,1.00,1.10
2015.01.28 11:39:48.429,1.13601,1.13602,1.00,2.55
2015.01.28 11:39:48.481,1.13603,1.13604,3.75,1.00
2015.01.28 11:39:48.562,1.13605,1.13607,1.87,1.05
2015.01.28 11:39:48.614,1.13605,1.13607,1.87,1.00
2015.01.28 11:39:48.817,1.13606,1.13609,1.95,1.00
2015.01.28 11:39:49.071,1.13609,1.1361,1.00,1.00
2015.01.28 11:39:49.224,1.1361,1.13613,1.12,2.25
2015.01.28 11:39:49.375,1.1361,1.13611,1.12,1.00
2015.01.28 11:39:49.881,1.13609,1.13612,1.00,1.00
2015.01.28 11:39:50.525,1.13609,1.1361,1.00,1.00
2015.01.28 11:39:50.829,1.13606,1.13608,1.10,1.00
2015.01.28 11:39:50.931,1.13605,1.13606,1.87,1.50
2015.01.28 11:39:51.285,1.13605,1.13608,1.69,1.05
2015.01.28 11:39:51.387,1.13604,1.13607,4.87,1.00
2015.01.28 11:39:51.690,1.13604,1.13606,1.87,1.00
2015.01.28 11:39:52.046,1.13605,1.13608,2.25,1.87
2015.01.28 11:40:01.295,1.13606,1.13607,1.00,1.00
2015.01.28 11:40:02.470,1.13606,1.13608,1.00,1.50
2015.01.28 11:40:04.912,1.13608,1.1361,1.00,1.00
2015.01.28 11:40:05.436,1.13608,1.1361,1.12,1.00
2015.01.28 11:40:10.205,1.13606,1.13609,5.25,1.00
2015.01.28 11:40:10.709,1.13607,1.13609,1.00,1.50
2015.01.28 11:40:11.215,1.13608,1.13609,1.00,1.00
2015.01.28 11:40:11.719,1.13608,1.1361,1.50,1.00
2015.01.28 11:40:11.871,1.13608,1.13613,2.85,1.95
2015.01.28 11:40:11.922,1.13612,1.13613,1.50,1.87
2015.01.28 11:40:12.125,1.13614,1.13617,1.00,1.50
2015.01.28 11:40:12.176,1.13614,1.13617,1.37,1.12
2015.01.28 11:40:12.530,1.13616,1.13619,1.00,1.50
2015.01.28 11:40:13.035,1.13616,1.1362,1.50,1.50
2015.01.28 11:40:13.540,1.13616,1.1362,2.25,1.00
2015.01.28 11:40:15.297,1.13617,1.13619,1.37,1.00
2015.01.28 11:40:15.694,1.1362,1.13621,1.00,1.12
2015.01.28 11:40:16.251,1.1362,1.13622,1.87,1.00
2015.01.28 11:40:16.555,1.13621,1.13625,1.00,6.00
2015.01.28 11:40:17.088,1.13621,1.13625,2.25,1.87
2015.01.28 11:40:21.861,1.13621,1.13624,1.50,2.10
2015.01.28 11:40:22.166,1.13623,1.13628,2.25,1.87
2015.01.28 11:40:22.217,1.13624,1.13628,1.35,1.37
2015.01.28 11:40:22.268,1.13624,1.13629,3.22,3.37
2015.01.28 11:40:24.939,1.13626,1.13629,1.00,1.50
2015.01.28 11:40:25.445,1.13625,1.13629,9.07,1.50
2015.01.28 11:40:28.030,1.13625,1.13627,7.20,1.00
2015.01.28 11:40:28.570,1.13625,1.13628,5.32,1.00
2015.01.28 11:40:48.155,1.13624,1.13626,8.23,2.10
2015.01.28 11:40:48.459,1.13615,1.13616,1.00,2.25
2015.01.28 11:40:48.510,1.13612,1.13615,1.00,1.00
2015.01.28 11:40:48.966,1.13612,1.13613,1.00,1.00
2015.01.28 11:40:49.571,1.13614,1.13615,1.00,1.50
2015.01.28 11:40:51.320,1.13614,1.13616,1.00,1.00
2015.01.28 11:40:51.837,1.13614,1.13615,1.00,1.00
2015.01.28 11:40:56.774,1.13615,1.13618,1.50,2.25
2015.01.28 11:40:57.784,1.13614,1.13616,1.00,2.40
2015.01.28 11:41:00.477,1.13615,1.13617,1.00,1.57
2015.01.28 11:41:00.982,1.13616,1.13617,1.00,1.00
2015.01.28 11:41:01.488,1.13615,1.13618,1.00,1.87
2015.01.28 11:41:09.574,1.13616,1.13618,1.50,1.87
2015.01.28 11:41:14.508,1.13616,1.13619,1.50,1.12
2015.01.28 11:41:14.559,1.13618,1.13619,1.00,1.12
2015.01.28 11:41:14.862,1.13618,1.1362,1.10,2.62
2015.01.28 11:41:14.913,1.13618,1.1362,1.57,1.87
2015.01.28 11:41:15.014,1.13617,1.13619,1.80,1.00
2015.01.28 11:41:15.521,1.13618,1.13619,1.00,1.00
2015.01.28 11:41:16.573,1.13618,1.1362,1.00,3.75
2015.01.28 11:41:17.096,1.13618,1.13619,1.00,1.00
2015.01.28 11:41:18.321,1.13618,1.1362,1.00,3.00
2015.01.28 11:41:18.896,1.13618,1.13619,1.00,1.00
2015.01.28 11:41:19.810,1.13618,1.1362,1.00,2.10
2015.01.28 11:41:20.133,1.13618,1.13619,1.00,1.00
2015.01.28 11:41:20.752,1.13616,1.13619,2.20,1.00
2015.01.28 11:41:22.502,1.13616,1.1362,2.27,4.12
2015.01.28 11:41:23.018,1.13616,1.13619,2.20,1.00
2015.01.28 11:41:23.695,1.13616,1.13619,2.20,1.37
2015.01.28 11:41:26.229,1.13616,1.13619,1.00,1.37
2015.01.28 11:41:26.782,1.13616,1.13617,1.00,2.25
2015.01.28 11:41:27.288,1.13612,1.13614,1.50,1.00
2015.01.28 11:41:27.339,1.13612,1.13614,1.50,1.00
2015.01.28 11:41:27.591,1.1361,1.13613,3.37,1.00
2015.01.28 11:41:28.097,1.1361,1.13613,1.87,1.37
2015.01.28 11:41:28.609,1.1361,1.13613,2.62,1.00
2015.01.28 11:41:29.123,1.1361,1.13612,1.87,1.00
2015.01.28 11:41:30.973,1.13609,1.13612,1.87,1.00
2015.01.28 11:41:31.488,1.1361,1.13612,1.12,1.00
2015.01.28 11:41:34.780,1.1361,1.13613,1.87,1.00
2015.01.28 11:41:35.436,1.1361,1.13614,2.62,1.87
2015.01.28 11:41:35.588,1.13613,1.13614,1.00,1.00
2015.01.28 11:41:35.689,1.13614,1.13616,1.50,3.67
2015.01.28 11:41:35.740,1.13615,1.13617,1.37,1.12
2015.01.28 11:41:36.245,1.13616,1.13617,1.00,1.12
2015.01.28 11:41:36.544,1.13616,1.13619,2.85,1.87
2015.01.28 11:41:36.646,1.13618,1.1362,1.00,3.37
2015.01.28 11:41:37.152,1.13617,1.1362,1.00,5.62
2015.01.28 11:41:37.657,1.13616,1.13618,1.50,1.37
2015.01.28 11:41:38.406,1.13616,1.13618,1.50,1.00
2015.01.28 11:41:38.928,1.13616,1.13619,1.50,1.00
2015.01.28 11:41:40.970,1.13616,1.13618,1.00,1.00
2015.01.28 11:41:41.475,1.13615,1.13618,4.12,1.00
2015.01.28 11:41:45.440,1.13615,1.13619,4.65,2.62
2015.01.28 11:41:45.951,1.13616,1.13619,1.50,1.00
2015.01.28 11:41:46.524,1.13616,1.13619,1.57,1.00
2015.01.28 11:41:47.246,1.13616,1.1362,1.57,3.00
2015.01.28 11:41:48.379,1.13616,1.1362,1.50,3.00
2015.01.28 11:41:48.884,1.13616,1.13619,1.00,1.50
2015.01.28 11:41:49.756,1.13616,1.1362,3.00,3.07
2015.01.28 11:41:50.262,1.13616,1.13619,3.00,1.00
2015.01.28 11:41:50.773,1.13616,1.13618,2.25,1.00
2015.01.28 11:41:51.962,1.13616,1.13618,2.25,1.00
2015.01.28 11:41:52.512,1.13615,1.13618,6.00,1.00
2015.01.28 11:41:54.354,1.13614,1.13617,3.00,1.00
2015.01.28 11:41:55.674,1.13615,1.13617,5.62,1.00
2015.01.28 11:41:57.875,1.13615,1.13617,3.37,1.00
2015.01.28 11:41:59.194,1.13615,1.13618,1.50,1.00
2015.01.28 11:41:59.705,1.13615,1.13619,3.37,2.25
2015.01.28 11:42:01.304,1.13615,1.13618,4.12,1.00
2015.01.28 11:42:01.817,1.13615,1.13618,4.12,1.37
2015.01.28 11:42:04.172,1.13616,1.13619,1.00,2.62
2015.01.28 11:42:06.908,1.13617,1.13619,1.00,1.50
2015.01.28 11:42:07.414,1.13616,1.13619,1.00,1.87
2015.01.28 11:42:07.959,1.13617,1.13619,1.00,1.50
2015.01.28 11:42:09.967,1.13617,1.13619,1.00,1.50
2015.01.28 11:42:11.765,1.13617,1.13618,1.00,1.00
2015.01.28 11:42:12.727,1.13617,1.13619,1.00,1.50
2015.01.28 11:42:14.198,1.13617,1.13618,1.00,1.00
2015.01.28 11:42:15.827,1.13617,1.13619,1.00,1.00
2015.01.28 11:42:16.350,1.13617,1.13618,1.00,1.00
2015.01.28 11:42:16.907,1.13617,1.13619,1.00,1.50
2015.01.28 11:42:18.523,1.13616,1.13619,2.25,1.00
2015.01.28 11:42:19.029,1.13616,1.1362,3.75,1.00
2015.01.28 11:42:23.445,1.13616,1.1362,3.00,1.00
2015.01.28 11:42:26.899,1.13617,1.13618,1.00,1.00
2015.01.28 11:42:30.800,1.13616,1.13618,1.50,1.00
2015.01.28 11:42:32.433,1.13617,1.13618,1.10,1.00
2015.01.28 11:42:34.398,1.13617,1.13619,1.00,1.50
2015.01.28 11:42:37.405,1.13615,1.13618,5.70,2.10
2015.01.28 11:42:37.506,1.13615,1.13616,1.12,3.60
2015.01.28 11:42:37.860,1.13613,1.13615,1.12,1.00
2015.01.28 11:42:38.367,1.13613,1.13616,1.37,1.50
2015.01.28 11:42:40.763,1.13613,1.13616,1.87,1.00
2015.01.28 11:42:42.194,1.13615,1.13616,1.12,1.12
2015.01.28 11:42:43.730,1.13617,1.13619,1.12,1.12
2015.01.28 11:42:43.882,1.13617,1.13619,4.87,1.00
2015.01.28 11:42:43.983,1.13617,1.13621,7.35,2.62
2015.01.28 11:42:46.672,1.13617,1.13621,1.50,3.60
2015.01.28 11:42:47.189,1.13617,1.13621,1.00,4.35
2015.01.28 11:42:49.715,1.13617,1.13619,2.25,1.00
2015.01.28 11:42:50.592,1.13617,1.1362,2.25,1.00
2015.01.28 11:42:53.863,1.13617,1.13619,1.50,1.00
2015.01.28 11:42:55.104,1.13617,1.13619,1.00,1.50
2015.01.28 11:42:57.095,1.13617,1.13618,1.00,1.00
2015.01.28 11:42:59.021,1.13619,1.13621,1.00,2.62
2015.01.28 11:42:59.275,1.13621,1.13624,1.00,2.25
2015.01.28 11:42:59.780,1.1362,1.13624,2.62,2.25
2015.01.28 11:42:59.933,1.1362,1.13622,1.87,1.00
2015.01.28 11:43:00.084,1.13618,1.13621,2.70,1.00
2015.01.28 11:43:00.236,1.13619,1.13623,2.25,1.37
2015.01.28 11:43:00.757,1.1362,1.13623,1.87,1.00
2015.01.28 11:43:03.229,1.1362,1.13624,6.00,2.32
2015.01.28 11:43:06.439,1.1362,1.13623,6.00,1.00
2015.01.28 11:43:12.716,1.1362,1.13623,6.00,1.00
2015.01.28 11:43:15.422,1.13622,1.13623,1.87,1.00
2015.01.28 11:43:15.558,1.13625,1.13627,1.87,1.50
2015.01.28 11:43:15.609,1.13625,1.13628,3.37,1.50
2015.01.28 11:43:16.114,1.13625,1.13628,1.50,1.00
2015.01.28 11:43:16.721,1.13625,1.13628,3.15,1.00
2015.01.28 11:43:17.176,1.13627,1.1363,1.00,1.50
2015.01.28 11:43:17.883,1.13627,1.13629,1.10,1.00
2015.01.28 11:43:17.934,1.13625,1.13629,11.25,1.87
2015.01.28 11:43:18.137,1.13624,1.13625,1.00,2.62
2015.01.28 11:43:18.239,1.13622,1.13624,1.00,2.10
2015.01.28 11:43:18.391,1.1362,1.13624,1.50,2.70
2015.01.28 11:43:18.492,1.13618,1.1362,4.12,1.00
2015.01.28 11:43:18.896,1.13618,1.13622,1.37,1.00
2015.01.28 11:43:19.756,1.13617,1.1362,3.00,1.00
2015.01.28 11:43:23.580,1.13618,1.13621,4.12,1.00
2015.01.28 11:43:23.683,1.13618,1.13623,4.37,1.50
2015.01.28 11:43:24.202,1.1362,1.13624,1.00,2.32
2015.01.28 11:43:25.690,1.1362,1.13623,1.50,1.00
2015.01.28 11:43:26.195,1.1362,1.13624,9.00,1.10
2015.01.28 11:43:28.733,1.1362,1.13624,9.75,1.10
2015.01.28 11:43:28.936,1.13625,1.13628,1.00,1.87
2015.01.28 11:43:28.987,1.13626,1.13629,2.62,1.10
2015.01.28 11:43:29.291,1.13629,1.13631,1.00,1.00
2015.01.28 11:43:29.594,1.13624,1.13626,1.20,3.37
2015.01.28 11:43:29.645,1.13624,1.13625,1.20,1.00
2015.01.28 11:43:29.696,1.13624,1.13625,1.12,1.12
2015.01.28 11:43:29.898,1.13621,1.13624,4.50,1.00
2015.01.28 11:43:30.101,1.13621,1.13624,3.75,1.00
2015.01.28 11:43:30.506,1.13623,1.13626,3.75,11.55
2015.01.28 11:43:30.658,1.13625,1.13628,1.00,1.10
2015.01.28 11:43:31.214,1.13626,1.13628,1.12,1.00
2015.01.28 11:43:31.416,1.13628,1.1363,1.37,1.10
2015.01.28 11:43:31.720,1.13631,1.13634,1.50,1.12
2015.01.28 11:43:32.269,1.13632,1.13634,1.00,1.10
2015.01.28 11:43:33.748,1.13632,1.13635,1.00,1.00
2015.01.28 11:43:34.051,1.1363,1.13631,4.57,1.12
2015.01.28 11:43:34.153,1.13631,1.13633,1.00,1.50
2015.01.28 11:43:34.305,1.13628,1.1363,1.57,4.35
2015.01.28 11:43:34.608,1.13625,1.13626,1.00,1.27
2015.01.28 11:43:34.710,1.13624,1.13626,1.50,1.50
2015.01.28 11:43:34.963,1.13622,1.13626,3.75,1.50
2015.01.28 11:43:35.272,1.13625,1.13626,1.00,1.00
2015.01.28 11:43:35.323,1.13625,1.13629,1.61,2.32
2015.01.28 11:43:36.131,1.13625,1.13626,1.24,1.00
2015.01.28 11:43:36.484,1.13623,1.13626,1.00,2.85
2015.01.28 11:43:37.149,1.13622,1.13626,4.50,4.35
2015.01.28 11:43:37.301,1.13624,1.13626,1.00,1.87
2015.01.28 11:43:37.402,1.13622,1.13626,3.37,1.00
2015.01.28 11:43:37.605,1.13624,1.13625,1.00,1.00
2015.01.28 11:43:37.757,1.13622,1.13625,1.95,1.00
2015.01.28 11:43:37.909,1.13624,1.13625,1.00,1.00
2015.01.28 11:43:38.010,1.13625,1.13627,1.87,1.00
2015.01.28 11:43:38.515,1.13624,1.13627,3.00,1.00
2015.01.28 11:43:41.051,1.13624,1.13627,3.75,1.37
2015.01.28 11:43:41.556,1.13624,1.13627,3.75,1.00
2015.01.28 11:43:42.337,1.13625,1.13627,1.12,1.00
2015.01.28 11:43:44.471,1.13625,1.13628,2.25,1.00
2015.01.28 11:43:44.623,1.13627,1.1363,2.62,2.25
2015.01.28 11:43:45.128,1.13627,1.13631,2.62,3.45
2015.01.28 11:43:45.760,1.13627,1.1363,1.87,1.00
2015.01.28 11:43:49.418,1.13627,1.1363,2.62,1.00
2015.01.28 11:43:49.569,1.13628,1.13631,3.00,2.32
2015.01.28 11:43:49.722,1.13627,1.1363,1.57,1.00
2015.01.28 11:43:54.955,1.13627,1.13631,1.50,3.67
2015.01.28 11:43:55.006,1.13629,1.1363,1.00,1.00
2015.01.28 11:43:55.108,1.13627,1.1363,2.25,1.00
2015.01.28 11:43:58.225,1.13627,1.13631,5.10,3.00
2015.01.28 11:43:58.731,1.13628,1.13631,1.50,2.62
2015.01.28 11:44:00.543,1.13628,1.1363,1.00,1.00
2015.01.28 11:44:01.859,1.13626,1.13628,3.00,1.00
2015.01.28 11:44:02.062,1.13624,1.13625,1.00,1.87
2015.01.28 11:44:02.568,1.13625,1.13626,1.87,1.00
2015.01.28 11:44:03.031,1.13625,1.13628,1.87,2.25
2015.01.28 11:44:06.085,1.13625,1.13629,4.50,1.37
2015.01.28 11:44:06.591,1.13625,1.13629,5.12,1.00
2015.01.28 11:44:08.293,1.13625,1.13629,1.50,2.62
2015.01.28 11:44:08.799,1.13625,1.13628,1.87,1.50
2015.01.28 11:44:12.966,1.13625,1.13627,1.87,1.37
2015.01.28 11:44:16.768,1.13624,1.13626,2.62,1.00
2015.01.28 11:44:20.548,1.13624,1.13625,2.62,1.00
2015.01.28 11:44:22.465,1.13624,1.13627,2.62,2.25
2015.01.28 11:44:22.566,1.13624,1.13628,4.87,1.50
2015.01.28 11:44:23.071,1.13624,1.13628,6.37,1.00
2015.01.28 11:44:24.071,1.13624,1.13628,6.37,1.00
2015.01.28 11:44:24.577,1.13625,1.13629,6.45,1.00
2015.01.28 11:44:27.524,1.13626,1.1363,1.87,3.00
2015.01.28 11:44:28.031,1.13626,1.13629,1.87,1.35
2015.01.28 11:44:30.435,1.13626,1.1363,2.62,2.25
2015.01.28 11:44:30.738,1.13626,1.13629,1.95,2.10
2015.01.28 11:44:31.092,1.13626,1.1363,1.87,4.42
2015.01.28 11:44:31.702,1.13626,1.13629,2.62,1.00
2015.01.28 11:44:33.275,1.13626,1.13628,2.62,2.10
2015.01.28 11:44:33.932,1.13626,1.13629,1.00,2.25
2015.01.28 11:44:34.437,1.13626,1.1363,3.00,2.25
2015.01.28 11:44:40.420,1.13627,1.1363,1.00,1.50
2015.01.28 11:44:48.628,1.13626,1.1363,3.75,1.50
2015.01.28 11:44:49.451,1.13626,1.1363,5.62,1.50
2015.01.28 11:44:49.956,1.13626,1.1363,2.25,2.25
2015.01.28 11:44:52.832,1.13627,1.1363,1.00,1.50
2015.01.28 11:44:52.984,1.13629,1.13631,1.50,1.00
2015.01.28 11:44:53.287,1.1363,1.13632,1.87,1.50
2015.01.28 11:44:53.591,1.13629,1.13631,2.25,2.25
2015.01.28 11:44:53.692,1.13627,1.1363,1.57,1.00
2015.01.28 11:44:54.147,1.13629,1.13631,3.75,1.00
2015.01.28 11:44:54.198,1.1363,1.13632,1.12,1.00
2015.01.28 11:44:54.349,1.13633,1.13635,1.12,1.10
2015.01.28 11:44:54.400,1.13633,1.13636,2.62,1.00
2015.01.28 11:44:55.112,1.13633,1.13637,3.00,1.00
2015.01.28 11:44:55.618,1.13634,1.13637,1.00,1.50
2015.01.28 11:44:56.124,1.13634,1.13636,2.62,1.00
2015.01.28 11:44:57.386,1.13634,1.13638,2.25,2.25
2015.01.28 11:45:02.601,1.13635,1.13638,1.00,2.32
2015.01.28 11:45:03.108,1.13634,1.13638,2.25,2.32
2015.01.28 11:45:05.259,1.13634,1.13637,2.25,1.00
2015.01.28 11:45:05.310,1.13634,1.13636,1.12,1.37
2015.01.28 11:45:05.361,1.13632,1.13635,1.50,1.00
2015.01.28 11:45:05.867,1.13631,1.13635,4.87,1.50
2015.01.28 11:45:12.464,1.13632,1.13635,1.50,1.50
2015.01.28 11:45:12.667,1.13628,1.13632,1.10,1.87
2015.01.28 11:45:14.180,1.13627,1.13628,1.20,2.85
2015.01.28 11:45:14.433,1.13623,1.13625,1.50,2.10
2015.01.28 11:45:14.938,1.13623,1.13625,1.00,3.00
2015.01.28 11:45:17.226,1.13624,1.13625,1.12,1.00
2015.01.28 11:45:17.461,1.13625,1.13628,1.12,1.10
2015.01.28 11:45:17.664,1.13625,1.13626,1.00,4.87
2015.01.28 11:45:18.198,1.13624,1.13625,1.12,1.00
2015.01.28 11:45:18.932,1.13624,1.13626,1.12,8.25
2015.01.28 11:45:19.437,1.13623,1.13625,3.37,1.00
2015.01.28 11:45:20.211,1.13623,1.13626,3.37,4.61
2015.01.28 11:45:21.499,1.13625,1.13627,1.12,1.99
2015.01.28 11:45:21.702,1.13623,1.13626,1.50,2.25
2015.01.28 11:45:22.409,1.13623,1.13626,2.62,5.74
2015.01.28 11:45:26.102,1.13625,1.13626,1.00,3.75
2015.01.28 11:45:26.649,1.13624,1.13626,5.10,3.00
2015.01.28 11:45:26.801,1.13627,1.1363,1.00,1.50
2015.01.28 11:45:27.322,1.13627,1.13631,1.00,3.75
2015.01.28 11:45:27.838,1.13627,1.1363,2.10,1.00
2015.01.28 11:45:28.343,1.13627,1.13631,2.47,3.00
2015.01.28 11:45:32.087,1.13627,1.1363,3.07,1.00
2015.01.28 11:45:32.768,1.13627,1.13631,3.07,3.00
2015.01.28 11:45:33.137,1.13629,1.13631,1.00,1.50
2015.01.28 11:45:33.441,1.13627,1.13629,2.25,1.00
2015.01.28 11:45:33.542,1.13627,1.13629,1.00,1.00
2015.01.28 11:45:34.099,1.13625,1.13629,2.25,1.50
2015.01.28 11:45:37.255,1.13625,1.13628,1.00,1.00
2015.01.28 11:45:37.306,1.13625,1.13627,1.12,3.25
2015.01.28 11:45:37.561,1.13625,1.13628,1.87,1.00
2015.01.28 11:45:39.063,1.13624,1.13628,5.62,1.00
2015.01.28 11:45:39.573,1.13625,1.13628,3.75,1.00
2015.01.28 11:45:46.248,1.13626,1.13628,1.00,1.00
2015.01.28 11:45:47.896,1.13625,1.13628,3.37,1.00
2015.01.28 11:45:51.571,1.13626,1.13628,1.00,1.00
2015.01.28 11:45:53.347,1.13625,1.13628,4.50,2.85
2015.01.28 11:45:53.600,1.13624,1.13626,1.87,1.57
2015.01.28 11:45:55.099,1.13624,1.13625,1.12,1.00
2015.01.28 11:45:58.478,1.13624,1.13626,1.00,2.70
2015.01.28 11:46:10.409,1.13623,1.13625,2.62,1.00
2015.01.28 11:46:14.735,1.13624,1.13626,1.12,6.82
2015.01.28 11:46:15.301,1.13625,1.13626,1.00,1.61
2015.01.28 11:46:15.810,1.13624,1.13626,1.00,3.67
2015.01.28 11:46:18.750,1.13625,1.13626,1.00,2.92
2015.01.28 11:46:19.256,1.13625,1.13627,1.00,3.00
2015.01.28 11:46:19.560,1.13624,1.13626,1.50,2.74
2015.01.28 11:46:22.457,1.13626,1.13628,1.00,1.50
2015.01.28 11:46:23.070,1.13624,1.13626,2.25,2.62
2015.01.28 11:46:28.735,1.13625,1.13627,1.00,3.75
2015.01.28 11:46:30.385,1.13625,1.13626,1.00,2.70
2015.01.28 11:46:30.915,1.13624,1.13625,1.00,1.50
2015.01.28 11:46:31.471,1.13624,1.13626,1.00,4.42
2015.01.28 11:46:32.348,1.13624,1.13625,1.50,2.25
2015.01.28 11:46:35.480,1.13624,1.13626,1.50,7.12
2015.01.28 11:46:38.990,1.13624,1.13625,1.50,1.00
2015.01.28 11:46:39.294,1.13625,1.13627,1.00,8.55
2015.01.28 11:46:39.396,1.13624,1.13626,1.50,7.12
2015.01.28 11:46:40.002,1.13625,1.13626,1.00,4.95
2015.01.28 11:46:40.053,1.13627,1.13628,1.50,1.00
2015.01.28 11:46:40.356,1.13629,1.1363,1.50,1.00
2015.01.28 11:46:40.659,1.1363,1.13632,1.00,4.50
2015.01.28 11:46:41.015,1.13632,1.13633,1.00,1.50
2015.01.28 11:46:41.116,1.13632,1.13633,1.00,2.25
2015.01.28 11:46:41.370,1.13632,1.13635,1.00,2.25
2015.01.28 11:46:41.623,1.13636,1.13641,1.00,4.87
2015.01.28 11:46:42.281,1.13636,1.13639,1.00,1.00
2015.01.28 11:46:42.584,1.13635,1.13636,1.50,1.50
2015.01.28 11:46:42.736,1.13636,1.13639,1.00,1.00
2015.01.28 11:46:42.787,1.13638,1.13639,1.00,1.00
2015.01.28 11:46:43.090,1.13644,1.13646,4.22,1.00
2015.01.28 11:46:43.141,1.13647,1.1365,1.00,3.80
2015.01.28 11:46:43.192,1.13647,1.13651,1.87,1.37
2015.01.28 11:46:43.316,1.13654,1.13655,1.50,5.25
2015.01.28 11:46:43.468,1.13656,1.13657,1.50,1.00
2015.01.28 11:46:43.519,1.13656,1.13657,1.50,1.00
2015.01.28 11:46:43.570,1.13658,1.13659,1.00,1.50
2015.01.28 11:46:43.671,1.13658,1.13661,1.00,4.50
2015.01.28 11:46:43.974,1.13658,1.13659,1.00,1.00
2015.01.28 11:46:44.177,1.13658,1.13661,1.00,2.25
2015.01.28 11:46:44.683,1.13658,1.1366,1.00,2.25
2015.01.28 11:46:44.886,1.13655,1.13658,3.07,1.37
2015.01.28 11:46:45.038,1.13655,1.13658,1.50,1.50
2015.01.28 11:46:46.109,1.13654,1.13655,1.50,1.50
2015.01.28 11:46:46.624,1.13654,1.13655,1.50,2.25
2015.01.28 11:46:47.312,1.13653,1.13654,1.00,1.00
2015.01.28 11:46:47.363,1.13649,1.1365,1.20,2.25
2015.01.28 11:46:47.465,1.13644,1.13646,1.95,4.00
2015.01.28 11:46:47.971,1.13642,1.13644,1.37,1.50
2015.01.28 11:46:48.494,1.13644,1.13645,1.12,1.00
2015.01.28 11:46:48.799,1.13647,1.1365,1.00,2.62
2015.01.28 11:46:49.310,1.13647,1.1365,1.00,1.00
2015.01.28 11:46:49.840,1.13647,1.13649,1.00,1.00
2015.01.28 11:46:50.811,1.13645,1.13647,2.25,1.00
2015.01.28 11:46:50.965,1.13646,1.13648,2.25,1.00
2015.01.28 11:46:51.017,1.13646,1.13649,2.25,2.25
2015.01.28 11:46:54.747,1.13645,1.13647,2.25,1.52
2015.01.28 11:46:55.555,1.13644,1.13646,1.00,1.00
2015.01.28 11:46:56.761,1.13645,1.13646,1.00,1.00
2015.01.28 11:46:58.463,1.13645,1.13646,1.00,1.00
2015.01.28 11:46:58.514,1.13646,1.13648,1.00,1.50
2015.01.28 11:46:58.566,1.13645,1.13648,1.50,2.25
2015.01.28 11:46:58.617,1.13645,1.13647,1.50,1.52
2015.01.28 11:47:03.141,1.13643,1.13646,1.00,1.00
2015.01.28 11:47:03.647,1.13643,1.13645,1.00,4.20
2015.01.28 11:47:06.082,1.13642,1.13644,1.50,1.00
2015.01.28 11:47:10.373,1.13644,1.13645,1.00,1.10
2015.01.28 11:47:10.909,1.13644,1.13647,1.50,1.45
2015.01.28 11:47:11.643,1.13644,1.13647,1.50,1.82
2015.01.28 11:47:12.607,1.13642,1.13645,1.50,2.10
2015.01.28 11:47:12.860,1.13633,1.13635,2.25,1.00
2015.01.28 11:47:13.315,1.13632,1.13634,1.00,1.12
2015.01.28 11:47:13.821,1.13632,1.13634,1.00,1.47
2015.01.28 11:47:14.127,1.13631,1.13633,1.00,1.00
2015.01.28 11:47:14.329,1.13633,1.13635,1.00,2.25
2015.01.28 11:47:14.853,1.13631,1.13634,1.87,1.00
2015.01.28 11:47:25.086,1.13633,1.13635,1.00,2.25
2015.01.28 11:47:29.456,1.13631,1.13635,1.50,2.62
2015.01.28 11:47:29.964,1.13631,1.13634,1.50,1.00
2015.01.28 11:47:31.662,1.13631,1.13635,1.50,2.62
2015.01.28 11:47:32.792,1.13631,1.13634,1.50,1.00
2015.01.28 11:47:34.381,1.13631,1.13634,1.50,1.00
2015.01.28 11:47:35.712,1.13632,1.13635,1.00,2.32
2015.01.28 11:47:36.218,1.13633,1.13635,1.00,3.75
2015.01.28 11:47:37.027,1.13633,1.13635,1.00,3.75
2015.01.28 11:47:37.749,1.13632,1.13634,1.00,1.00
2015.01.28 11:47:38.305,1.13631,1.13633,1.37,1.00
2015.01.28 11:47:38.407,1.1363,1.13631,1.50,1.00
2015.01.28 11:47:38.458,1.1363,1.13632,1.00,1.00
2015.01.28 11:47:38.965,1.13629,1.13632,1.00,1.00
2015.01.28 11:47:39.494,1.13626,1.13627,3.07,2.25
2015.01.28 11:47:39.545,1.13625,1.13626,1.80,5.17
2015.01.28 11:47:39.646,1.13623,1.13625,1.00,3.00
2015.01.28 11:47:39.798,1.13623,1.13625,1.50,3.00
2015.01.28 11:47:41.556,1.13624,1.13625,1.00,3.00
2015.01.28 11:47:42.620,1.13624,1.13626,1.87,4.50
2015.01.28 11:47:42.671,1.13625,1.13628,1.50,1.87
2015.01.28 11:47:42.722,1.13625,1.13628,1.50,1.80
2015.01.28 11:47:42.823,1.13626,1.1363,1.37,1.87
2015.01.28 11:47:43.278,1.13629,1.13632,1.00,1.37
2015.01.28 11:47:43.581,1.13631,1.13633,1.00,1.00
2015.01.28 11:47:44.088,1.1363,1.13633,1.00,1.50
2015.01.28 11:47:45.857,1.13631,1.13633,1.00,1.00
2015.01.28 11:47:46.363,1.13631,1.13633,1.00,2.25
2015.01.28 11:47:46.668,1.13629,1.13631,1.00,2.25
2015.01.28 11:47:47.021,1.13627,1.13631,1.50,2.25
2015.01.28 11:47:48.435,1.13627,1.13631,1.50,1.50
2015.01.28 11:47:48.790,1.1363,1.13633,1.00,1.12
2015.01.28 11:47:49.296,1.13631,1.13633,1.00,1.00
2015.01.28 11:47:49.801,1.13631,1.13634,1.50,1.00
2015.01.28 11:47:52.393,1.13631,1.13634,1.12,1.37
2015.01.28 11:47:52.898,1.13632,1.13633,1.00,1.00
2015.01.28 11:47:53.404,1.13631,1.13633,1.00,1.00
2015.01.28 11:47:54.838,1.1363,1.13633,1.50,1.00
2015.01.28 11:47:55.079,1.1363,1.13632,1.00,1.50
2015.01.28 11:47:55.180,1.13629,1.13631,1.00,1.00
2015.01.28 11:47:55.282,1.13628,1.13629,1.00,1.00
2015.01.28 11:47:55.484,1.13623,1.13626,3.00,2.66
2015.01.28 11:47:55.838,1.13623,1.13624,1.00,1.00
2015.01.28 11:47:57.169,1.13623,1.13625,1.00,3.00
2015.01.28 11:47:58.391,1.13624,1.13627,1.00,1.00
2015.01.28 11:47:58.693,1.13625,1.13629,1.00,3.00
2015.01.28 11:48:00.048,1.13626,1.13629,1.00,1.00
2015.01.28 11:48:00.251,1.13625,1.13628,2.25,2.10
2015.01.28 11:48:00.353,1.13625,1.13628,1.50,1.00
2015.01.28 11:48:00.707,1.13624,1.13627,2.85,1.56
2015.01.28 11:48:00.808,1.13625,1.13629,1.00,3.45
2015.01.28 11:48:00.859,1.13627,1.13629,1.00,2.25
2015.01.28 11:48:01.163,1.13629,1.13631,1.12,2.12
2015.01.28 11:48:01.367,1.13633,1.13636,1.00,3.75
2015.01.28 11:48:01.881,1.13633,1.13636,1.00,6.49
2015.01.28 11:48:02.395,1.13632,1.13634,1.00,1.00
2015.01.28 11:48:02.859,1.13632,1.13636,3.00,2.25
2015.01.28 11:48:03.112,1.13636,1.13639,1.00,1.87
2015.01.28 11:48:04.769,1.13636,1.13637,1.00,1.00
2015.01.28 11:48:05.727,1.13636,1.13638,1.00,1.12
2015.01.28 11:48:08.056,1.13636,1.13637,1.00,1.00
2015.01.28 11:48:08.469,1.13637,1.13639,1.37,1.00
2015.01.28 11:48:08.724,1.13641,1.13642,1.12,1.00
2015.01.28 11:48:08.775,1.13641,1.13643,1.50,1.00
2015.01.28 11:48:08.876,1.13643,1.13645,1.00,1.50
2015.01.28 11:48:11.115,1.13644,1.13645,1.50,1.12
2015.01.28 11:48:11.216,1.13645,1.13646,2.62,1.12
2015.01.28 11:48:11.519,1.13647,1.13649,2.47,1.37
2015.01.28 11:48:11.570,1.13648,1.13649,1.00,1.00
2015.01.28 11:48:11.671,1.13648,1.1365,1.12,1.50
2015.01.28 11:48:11.772,1.13648,1.1365,1.00,2.25
2015.01.28 11:48:11.874,1.13648,1.1365,1.12,3.00
2015.01.28 11:48:12.126,1.13646,1.1365,2.77,2.62
2015.01.28 11:48:14.878,1.13646,1.13648,1.57,1.00
2015.01.28 11:48:14.979,1.13646,1.1365,2.32,2.62
2015.01.28 11:48:15.181,1.13647,1.1365,3.00,4.12
2015.01.28 11:48:17.842,1.13647,1.1365,1.30,3.37
2015.01.28 11:48:17.944,1.13645,1.13648,3.45,2.70
2015.01.28 11:48:17.995,1.13644,1.13646,2.55,1.00
2015.01.28 11:48:18.501,1.13646,1.13647,1.50,4.95
2015.01.28 11:48:19.007,1.13646,1.13648,1.50,1.37
2015.01.28 11:48:19.428,1.13646,1.13648,1.00,1.37
2015.01.28 11:48:19.832,1.13648,1.1365,1.87,1.87
2015.01.28 11:48:20.237,1.13649,1.13651,1.00,1.00
2015.01.28 11:48:20.540,1.13647,1.13648,2.32,1.00
2015.01.28 11:48:23.440,1.13646,1.13648,4.80,1.37
2015.01.28 11:48:31.277,1.13646,1.13649,3.75,1.37
2015.01.28 11:48:33.593,1.13648,1.13649,1.00,1.00
2015.01.28 11:48:33.897,1.13654,1.13656,1.00,1.87
2015.01.28 11:48:33.948,1.13654,1.13658,1.50,3.37
2015.01.28 11:48:34.201,1.13654,1.13658,1.57,2.25
2015.01.28 11:48:34.605,1.13656,1.13658,1.00,1.50
2015.01.28 11:48:35.931,1.13656,1.1366,2.55,1.12
2015.01.28 11:48:36.234,1.13656,1.13659,1.50,1.00
2015.01.28 11:48:36.739,1.13657,1.13659,1.00,1.00
2015.01.28 11:48:37.778,1.13657,1.13661,1.50,3.37
2015.01.28 11:48:37.829,1.13657,1.13661,1.50,3.00
2015.01.28 11:48:38.031,1.13662,1.13664,1.12,1.12
2015.01.28 11:48:38.082,1.13663,1.13665,2.10,2.25
2015.01.28 11:48:38.387,1.13669,1.13671,1.37,1.00
2015.01.28 11:48:38.489,1.13673,1.13674,1.87,1.00
2015.01.28 11:48:38.540,1.13677,1.1368,1.00,3.00
2015.01.28 11:48:38.794,1.13677,1.1368,1.57,1.00
2015.01.28 11:48:38.844,1.13679,1.1368,1.00,1.00
2015.01.28 11:48:39.148,1.13683,1.13687,1.87,1.50
2015.01.28 11:48:39.249,1.13685,1.13689,1.12,1.00
2015.01.28 11:48:39.351,1.13687,1.1369,1.12,2.13
2015.01.28 11:48:39.655,1.13686,1.13689,1.42,1.50
2015.01.28 11:48:39.806,1.13685,1.13687,2.62,1.00
2015.01.28 11:48:40.009,1.13675,1.13677,3.82,3.45
2015.01.28 11:48:40.060,1.13675,1.13677,3.82,3.45
2015.01.28 11:48:40.162,1.13672,1.13676,1.00,1.00
2015.01.28 11:48:40.213,1.1367,1.13672,2.70,2.10
2015.01.28 11:48:40.315,1.1367,1.13673,1.50,1.50
2015.01.28 11:48:40.416,1.13668,1.13673,2.25,2.25
2015.01.28 11:48:40.770,1.13668,1.13671,1.87,1.00
2015.01.28 11:48:41.074,1.13668,1.1367,1.12,5.10
2015.01.28 11:48:41.226,1.13662,1.13666,1.50,6.45
2015.01.28 11:48:41.277,1.13662,1.13664,1.50,1.00
2015.01.28 11:48:41.430,1.1366,1.13663,3.07,1.00
2015.01.28 11:48:41.582,1.1366,1.13662,1.50,1.00
2015.01.28 11:48:42.087,1.1366,1.13662,1.00,1.00
2015.01.28 11:48:43.567,1.1366,1.13663,1.50,1.00
2015.01.28 11:48:43.871,1.13665,1.13666,1.00,1.00
2015.01.28 11:48:44.023,1.13667,1.1367,1.50,3.00
2015.01.28 11:48:44.074,1.13669,1.13671,1.00,2.25
2015.01.28 11:48:44.327,1.13669,1.13673,2.25,2.25
2015.01.28 11:48:45.236,1.13671,1.13673,1.00,1.00
2015.01.28 11:48:46.599,1.13674,1.13676,2.25,1.50
2015.01.28 11:48:46.650,1.13675,1.13676,1.87,1.50
2015.01.28 11:48:46.701,1.13677,1.13678,1.00,1.10
2015.01.28 11:48:47.005,1.13683,1.13686,1.87,1.12
2015.01.28 11:48:47.511,1.13685,1.13687,1.50,1.37
2015.01.28 11:48:50.197,1.13684,1.13687,1.50,1.37
2015.01.28 11:48:50.299,1.13686,1.13688,1.00,1.00
2015.01.28 11:48:50.401,1.13686,1.13688,1.00,1.00
2015.01.28 11:48:50.906,1.13684,1.13689,3.37,1.50
2015.01.28 11:48:54.305,1.13684,1.13689,3.45,1.50
2015.01.28 11:48:54.507,1.13684,1.13687,3.07,1.12
2015.01.28 11:48:54.911,1.13684,1.13685,1.87,1.00
2015.01.28 11:48:55.164,1.13684,1.13687,1.12,1.12
2015.01.28 11:48:55.669,1.13684,1.13687,1.12,1.50
2015.01.28 11:48:56.174,1.13684,1.13689,1.87,3.37
2015.01.28 11:48:56.698,1.13683,1.13686,1.87,1.27
2015.01.28 11:48:58.133,1.13683,1.13687,1.87,4.12
2015.01.28 11:48:59.832,1.13685,1.13689,1.00,1.87
2015.01.28 11:49:00.659,1.13685,1.13687,1.00,3.22
2015.01.28 11:49:01.198,1.13684,1.13686,1.87,3.22
2015.01.28 11:49:01.985,1.13682,1.13686,2.25,8.96
2015.01.28 11:49:02.699,1.13682,1.13685,2.25,1.00
2015.01.28 11:49:03.670,1.13682,1.13686,2.25,1.35
2015.01.28 11:49:04.175,1.13682,1.13687,1.50,4.35
2015.01.28 11:49:04.277,1.13684,1.13687,1.00,3.52
2015.01.28 11:49:06.497,1.13684,1.13686,1.00,2.10
2015.01.28 11:49:07.005,1.13683,1.13686,1.00,3.00
2015.01.28 11:49:09.188,1.13681,1.13685,2.62,2.25
2015.01.28 11:49:11.442,1.13681,1.13684,1.12,1.00
2015.01.28 11:49:13.067,1.13681,1.13685,1.00,4.95
2015.01.28 11:49:13.572,1.1368,1.13684,1.50,1.00
2015.01.28 11:49:14.197,1.1368,1.13685,1.50,7.95
2015.01.28 11:49:14.754,1.1368,1.13682,1.00,4.12
2015.01.28 11:49:14.805,1.13678,1.13681,2.25,1.87
2015.01.28 11:49:15.158,1.13676,1.1368,5.62,1.60
2015.01.28 11:49:15.664,1.13676,1.13679,1.87,1.00
2015.01.28 11:49:16.171,1.13675,1.13679,3.37,1.00
2015.01.28 11:49:16.475,1.13675,1.13676,2.25,3.37
2015.01.28 11:49:16.577,1.13673,1.13676,1.50,2.62
2015.01.28 11:49:16.981,1.13675,1.13677,1.50,1.50
2015.01.28 11:49:17.184,1.13677,1.13681,3.97,2.62
2015.01.28 11:49:17.689,1.13677,1.13681,4.72,1.87
2015.01.28 11:49:20.084,1.13677,1.13681,2.25,1.87
2015.01.28 11:49:21.344,1.13677,1.13681,1.50,1.87
2015.01.28 11:49:29.043,1.13677,1.13679,1.00,1.87
2015.01.28 11:49:29.549,1.13676,1.13679,1.50,1.87
2015.01.28 11:49:29.852,1.13674,1.13677,1.00,1.12
2015.01.28 11:49:30.257,1.13673,1.13675,1.00,1.12
2015.01.28 11:49:30.762,1.13674,1.13675,1.00,1.12
2015.01.28 11:49:31.268,1.13674,1.13676,1.50,1.12
2015.01.28 11:49:31.773,1.13676,1.13679,1.00,3.37
2015.01.28 11:49:32.651,1.13675,1.13678,1.50,1.37
2015.01.28 11:49:33.256,1.13676,1.13679,1.00,2.62
2015.01.28 11:49:33.761,1.13677,1.13679,3.10,3.00
2015.01.28 11:49:34.266,1.13677,1.13679,2.92,2.62
2015.01.28 11:49:34.864,1.13678,1.13679,1.00,2.25
2015.01.28 11:49:34.966,1.13676,1.13679,3.30,2.62
2015.01.28 11:49:35.471,1.13676,1.13679,3.00,2.62
2015.01.28 11:49:35.775,1.13674,1.13676,3.75,6.75
2015.01.28 11:49:36.080,1.1366,1.13662,4.05,1.12
2015.01.28 11:49:36.283,1.13654,1.13656,1.00,1.50
2015.01.28 11:49:36.587,1.13656,1.13657,1.00,1.50
2015.01.28 11:49:36.791,1.13656,1.1366,1.00,1.87
2015.01.28 11:49:38.873,1.13658,1.13661,1.00,1.87
2015.01.28 11:49:39.379,1.13659,1.13662,1.00,3.37
2015.01.28 11:49:39.884,1.13659,1.13662,1.50,1.87
2015.01.28 11:49:40.220,1.13661,1.13663,1.00,1.37
2015.01.28 11:49:42.223,1.13661,1.13663,1.50,1.12
2015.01.28 11:49:42.527,1.13669,1.1367,1.00,1.00
2015.01.28 11:49:42.578,1.13669,1.13673,1.50,2.62
2015.01.28 11:49:43.083,1.13671,1.13673,1.00,2.25
2015.01.28 11:49:43.588,1.13669,1.13673,2.70,1.00
2015.01.28 11:49:45.879,1.13669,1.13673,3.07,1.00
2015.01.28 11:49:46.182,1.13669,1.13671,1.50,1.87
2015.01.28 11:49:46.991,1.13667,1.1367,2.62,1.00
2015.01.28 11:49:47.496,1.13667,1.1367,1.50,1.00
2015.01.28 11:49:48.047,1.13667,1.13669,1.12,1.00
2015.01.28 11:49:48.300,1.13664,1.13667,1.10,1.72
2015.01.28 11:49:48.807,1.13664,1.13665,1.10,2.10
2015.01.28 11:49:49.087,1.13662,1.13664,1.00,1.00
2015.01.28 11:49:50.258,1.13662,1.13665,1.50,1.12
2015.01.28 11:49:50.764,1.13661,1.13666,2.32,5.74
2015.01.28 11:49:51.573,1.13661,1.13666,2.32,6.86
2015.01.28 11:49:53.407,1.13661,1.13666,2.25,6.86
2015.01.28 11:49:54.215,1.13663,1.13666,1.00,1.57
2015.01.28 11:49:54.721,1.13664,1.13667,1.00,3.00
2015.01.28 11:49:55.380,1.13664,1.13667,1.00,2.77
2015.01.28 11:49:56.087,1.13662,1.13664,1.00,1.00
2015.01.28 11:49:56.240,1.13652,1.13656,1.75,2.25
2015.01.28 11:49:56.341,1.1365,1.13654,2.62,1.00
2015.01.28 11:49:56.392,1.1365,1.13652,1.95,1.00
2015.01.28 11:49:56.797,1.13653,1.13656,1.37,2.32
2015.01.28 11:49:56.848,1.13653,1.13655,1.00,1.12
2015.01.28 11:49:57.358,1.13653,1.13657,1.87,2.25
2015.01.28 11:49:57.460,1.13656,1.13657,1.00,1.00
2015.01.28 11:49:57.662,1.1366,1.13661,1.00,1.00
2015.01.28 11:49:58.179,1.1366,1.13662,1.50,1.00
2015.01.28 11:49:58.230,1.13661,1.13662,1.00,1.00
2015.01.28 11:49:58.752,1.13663,1.13665,1.00,2.62
2015.01.28 11:49:59.267,1.13664,1.13666,1.87,3.00
2015.01.28 11:49:59.419,1.13665,1.13666,1.00,1.50
2015.01.28 11:50:00.862,1.13665,1.13667,1.00,3.00
2015.01.28 11:50:01.370,1.13666,1.13668,1.12,1.00
2015.01.28 11:50:04.869,1.13665,1.13667,4.50,1.50
2015.01.28 11:50:05.374,1.13665,1.13667,3.00,1.50
2015.01.28 11:50:06.521,1.13663,1.13665,2.55,1.87
2015.01.28 11:50:06.580,1.13662,1.13664,1.50,1.50
2015.01.28 11:50:06.985,1.1366,1.13664,3.82,1.50
2015.01.28 11:50:20.435,1.13662,1.13664,1.00,1.00
2015.01.28 11:50:20.740,1.1367,1.13672,3.30,1.50
2015.01.28 11:50:20.791,1.13673,1.13676,1.12,1.63
2015.01.28 11:50:20.993,1.13676,1.13677,1.12,1.00
2015.01.28 11:50:21.094,1.13675,1.13679,1.37,1.50
2015.01.28 11:50:21.347,1.13678,1.13681,1.00,2.25
2015.01.28 11:50:21.398,1.13679,1.13682,1.12,2.47
2015.01.28 11:50:21.600,1.13681,1.13683,1.00,1.50
2015.01.28 11:50:21.904,1.13684,1.13685,1.00,1.50
2015.01.28 11:50:22.156,1.13684,1.13687,1.37,1.50
2015.01.28 11:50:22.207,1.13685,1.13688,3.60,1.87
2015.01.28 11:50:22.308,1.13687,1.1369,1.35,1.00
2015.01.28 11:50:22.510,1.13685,1.13689,2.17,1.52
2015.01.28 11:50:22.827,1.13687,1.13689,3.60,1.00
2015.01.28 11:50:22.979,1.13688,1.13691,1.00,1.87
2015.01.28 11:50:23.384,1.1369,1.13692,1.00,1.00
2015.01.28 11:50:23.536,1.1369,1.13694,1.50,1.00
2015.01.28 11:50:24.047,1.13691,1.13695,1.00,3.75
2015.01.28 11:50:24.532,1.13693,1.13696,1.00,1.10
2015.01.28 11:50:25.546,1.13693,1.13695,1.00,3.75
2015.01.28 11:50:26.001,1.13692,1.13694,1.00,1.00
2015.01.28 11:50:26.254,1.1369,1.13693,1.50,1.00
2015.01.28 11:50:26.759,1.13691,1.13693,1.00,1.00
2015.01.28 11:50:27.266,1.13691,1.13694,1.00,1.00
2015.01.28 11:50:27.771,1.1369,1.13693,1.00,1.00
2015.01.28 11:50:28.280,1.1369,1.13694,1.00,1.50
2015.01.28 11:50:29.490,1.1369,1.13693,1.00,1.35
2015.01.28 11:50:29.541,1.1369,1.13692,1.00,2.62
2015.01.28 11:50:29.743,1.13686,1.13688,2.32,1.35
2015.01.28 11:50:29.845,1.13684,1.13686,1.00,1.00
2015.01.28 11:50:30.501,1.13684,1.13687,1.00,1.00
2015.01.28 11:50:30.804,1.13685,1.13689,1.00,1.57
2015.01.28 11:50:31.311,1.13685,1.1369,1.50,3.07
2015.01.28 11:50:31.614,1.13687,1.13689,1.00,1.00
2015.01.28 11:50:31.715,1.13685,1.13689,1.00,2.25
2015.01.28 11:50:34.737,1.13685,1.13688,1.00,1.00
2015.01.28 11:50:35.270,1.13685,1.13689,1.50,1.00
2015.01.28 11:50:36.341,1.13685,1.13688,1.87,1.00
2015.01.28 11:50:36.846,1.13685,1.13687,1.00,1.00
2015.01.28 11:50:37.285,1.13683,1.13686,1.87,2.85
2015.01.28 11:50:37.539,1.13677,1.13679,1.00,2.85
2015.01.28 11:50:37.741,1.13675,1.13676,1.50,2.10
2015.01.28 11:50:37.893,1.13673,1.13675,2.25,1.50
2015.01.28 11:50:38.903,1.13674,1.13675,1.50,1.00
2015.01.28 11:50:39.055,1.13673,1.13677,1.50,2.25
2015.01.28 11:50:41.377,1.13672,1.13675,2.62,1.00
2015.01.28 11:50:41.895,1.13672,1.13675,1.37,2.25
2015.01.28 11:50:42.251,1.1367,1.13673,4.87,2.10
2015.01.28 11:50:42.555,1.13667,1.13671,1.00,1.00
2015.01.28 11:50:43.233,1.13668,1.13672,1.00,1.10
2015.01.28 11:50:43.739,1.13669,1.13673,1.12,1.10
2015.01.28 11:50:44.042,1.13672,1.13674,1.00,1.12
2015.01.28 11:50:44.347,1.13672,1.13676,1.00,1.50
2015.01.28 11:50:44.852,1.13673,1.13676,1.00,1.00
2015.01.28 11:50:46.037,1.13674,1.13676,2.25,1.00
2015.01.28 11:50:46.239,1.13675,1.13679,2.62,1.00
2015.01.28 11:50:46.745,1.13676,1.1368,1.50,1.00
2015.01.28 11:50:53.756,1.13676,1.13679,1.50,1.00
2015.01.28 11:50:54.261,1.13675,1.13679,1.50,1.00
2015.01.28 11:50:57.071,1.13673,1.13677,1.50,1.00
2015.01.28 11:50:57.962,1.13673,1.13678,1.50,1.50
2015.01.28 11:50:58.870,1.13673,1.13677,1.50,1.00
2015.01.28 11:50:59.444,1.13673,1.13678,1.50,1.00
2015.01.28 11:51:00.914,1.13673,1.13676,1.00,1.00
2015.01.28 11:51:01.117,1.1367,1.13674,1.87,1.00
2015.01.28 11:51:01.622,1.13671,1.13675,1.00,7.57
2015.01.28 11:51:02.134,1.13671,1.13674,1.00,1.00
2015.01.28 11:51:02.829,1.1367,1.13674,1.12,2.25
2015.01.28 11:51:02.931,1.1367,1.13672,1.50,1.00
2015.01.28 11:51:03.437,1.1367,1.13673,1.00,2.32
2015.01.28 11:51:04.346,1.1367,1.13671,1.00,1.00
2015.01.28 11:51:04.956,1.13668,1.1367,2.25,1.00
2015.01.28 11:51:09.232,1.13668,1.13671,1.00,1.50
2015.01.28 11:51:10.369,1.1367,1.13673,1.00,1.10
2015.01.28 11:51:10.522,1.13672,1.13674,1.00,2.62
2015.01.28 11:51:11.330,1.13672,1.13674,1.37,1.00
2015.01.28 11:51:11.432,1.1367,1.13674,1.87,4.50
2015.01.28 11:51:11.584,1.13669,1.13673,1.50,2.32
2015.01.28 11:51:11.786,1.13667,1.13671,1.00,3.00
2015.01.28 11:51:15.716,1.13666,1.13669,1.50,1.12
2015.01.28 11:51:15.767,1.13665,1.13667,2.70,1.31
2015.01.28 11:51:15.971,1.13659,1.13662,1.10,1.12
2015.01.28 11:51:16.022,1.13659,1.13662,1.00,1.12
2015.01.28 11:51:16.680,1.1366,1.13662,1.00,1.12
2015.01.28 11:51:17.943,1.1366,1.13664,3.37,1.12
2015.01.28 11:51:18.448,1.13662,1.13664,1.00,1.00
2015.01.28 11:51:19.911,1.13662,1.13666,1.50,2.25
2015.01.28 11:51:20.273,1.13664,1.13667,2.10,1.00
2015.01.28 11:51:20.591,1.13675,1.13677,1.87,1.00
2015.01.28 11:51:20.693,1.13675,1.13678,1.87,1.00
2015.01.28 11:51:21.199,1.13676,1.13678,1.00,1.00
2015.01.28 11:51:21.554,1.13677,1.13679,1.87,1.00
2015.01.28 11:51:22.876,1.13677,1.13678,1.95,1.00
2015.01.28 11:51:22.927,1.13677,1.1368,3.45,1.12
2015.01.28 11:51:23.836,1.13677,1.13679,1.50,1.00
2015.01.28 11:51:25.761,1.13677,1.1368,1.50,1.00
2015.01.28 11:51:33.171,1.13677,1.13681,3.22,1.87
2015.01.28 11:51:36.509,1.1368,1.13683,1.47,1.37
2015.01.28 11:51:36.560,1.13681,1.13684,1.57,2.25
2015.01.28 11:51:36.661,1.13684,1.13686,1.00,1.00
2015.01.28 11:51:36.815,1.13685,1.13688,2.32,1.00
2015.01.28 11:51:37.320,1.13685,1.13687,1.00,1.50
2015.01.28 11:51:37.775,1.13685,1.13689,1.00,2.25
2015.01.28 11:51:39.111,1.13685,1.13688,1.00,1.00
2015.01.28 11:51:39.162,1.13685,1.13687,1.00,2.10
2015.01.28 11:51:39.669,1.13683,1.13685,4.20,1.50
2015.01.28 11:51:40.179,1.13683,1.13685,1.95,1.50
2015.01.28 11:51:40.785,1.13683,1.13684,1.00,2.25
2015.01.28 11:51:40.937,1.1368,1.13684,1.57,4.50
2015.01.28 11:51:43.161,1.13679,1.13682,3.00,1.00
2015.01.28 11:51:43.682,1.13678,1.13681,1.20,2.25
2015.01.28 11:51:45.520,1.13678,1.1368,1.10,1.00
2015.01.28 11:51:48.769,1.13677,1.1368,1.85,2.62
2015.01.28 11:51:52.279,1.13678,1.1368,1.00,1.00
2015.01.28 11:51:54.883,1.13678,1.1368,1.37,1.00
2015.01.28 11:51:55.035,1.13679,1.13682,1.20,1.00
2015.01.28 11:51:55.338,1.13679,1.13684,4.80,2.25
2015.01.28 11:51:55.389,1.13681,1.13684,1.37,1.87
2015.01.28 11:51:55.697,1.13686,1.13688,1.50,1.00
2015.01.28 11:51:55.900,1.13683,1.13686,1.10,1.50
2015.01.28 11:51:57.427,1.13685,1.13686,1.12,1.50
2015.01.28 11:51:57.629,1.13685,1.13689,2.25,1.50
2015.01.28 11:51:59.414,1.13684,1.13686,7.20,1.00
2015.01.28 11:51:59.617,1.13681,1.13683,3.00,1.00
2015.01.28 11:51:59.971,1.13679,1.13683,2.25,3.00
2015.01.28 11:52:00.478,1.13679,1.13682,2.25,1.00
2015.01.28 11:52:00.580,1.13679,1.1368,1.50,1.50
2015.01.28 11:52:01.085,1.13678,1.1368,1.50,3.75
2015.01.28 11:52:01.611,1.13679,1.1368,1.50,3.75
2015.01.28 11:52:03.715,1.13678,1.1368,1.00,1.37
2015.01.28 11:52:04.278,1.13678,1.1368,1.00,3.00
2015.01.28 11:52:07.829,1.13676,1.13679,1.20,1.87
2015.01.28 11:52:07.931,1.13675,1.13677,1.57,1.87
2015.01.28 11:52:07.982,1.13673,1.13675,2.17,1.50
2015.01.28 11:52:08.033,1.13673,1.13675,1.00,2.25
2015.01.28 11:52:08.134,1.13671,1.13674,2.25,1.87
2015.01.28 11:52:09.443,1.1367,1.13672,1.00,2.25
2015.01.28 11:52:09.746,1.13666,1.13668,1.50,1.00
2015.01.28 11:52:10.557,1.13665,1.13668,1.50,1.50
2015.01.28 11:52:10.660,1.13663,1.13665,1.00,1.00
2015.01.28 11:52:10.761,1.13662,1.13664,1.00,2.25
2015.01.28 11:52:11.272,1.13662,1.13664,1.00,2.25
2015.01.28 11:52:11.792,1.13662,1.13664,1.00,1.87
2015.01.28 11:52:12.644,1.13663,1.13664,1.00,1.12
2015.01.28 11:52:13.149,1.13664,1.13665,1.00,1.00
2015.01.28 11:52:13.856,1.13664,1.13666,1.00,1.50
2015.01.28 11:52:14.755,1.13666,1.13667,1.00,1.00
2015.01.28 11:52:15.267,1.13666,1.13667,1.00,1.00
2015.01.28 11:52:16.852,1.13665,1.13667,1.00,1.00
2015.01.28 11:52:18.155,1.13664,1.13667,1.50,1.00
2015.01.28 11:52:18.661,1.13665,1.13667,1.50,1.00
2015.01.28 11:52:21.609,1.13666,1.13667,1.00,1.00
2015.01.28 11:52:22.268,1.13666,1.13668,1.00,1.12
2015.01.28 11:52:25.802,1.13665,1.13668,2.25,1.87
2015.01.28 11:52:26.444,1.13667,1.13668,2.10,1.12
2015.01.28 11:52:26.747,1.13669,1.13672,1.00,1.50
2015.01.28 11:52:26.849,1.13666,1.1367,3.37,1.50
2015.01.28 11:52:27.840,1.13666,1.1367,2.32,1.50
2015.01.28 11:52:31.080,1.13666,1.1367,2.25,1.12
2015.01.28 11:52:31.586,1.13669,1.13671,1.00,1.00
2015.01.28 11:52:32.246,1.13668,1.13671,1.87,1.00
2015.01.28 11:52:32.753,1.13671,1.13674,1.00,2.25
2015.01.28 11:52:36.419,1.13671,1.13672,1.00,1.00
2015.01.28 11:52:38.724,1.13671,1.13674,1.00,2.25
2015.01.28 11:52:44.474,1.13671,1.13672,1.00,1.00
2015.01.28 11:52:46.377,1.13669,1.13672,1.00,1.87
2015.01.28 11:52:46.579,1.13667,1.1367,4.20,1.00
2015.01.28 11:52:46.680,1.13667,1.13671,1.47,3.00
2015.01.28 11:52:50.838,1.1367,1.13671,1.00,1.00
2015.01.28 11:52:54.669,1.1367,1.13672,1.00,1.50
2015.01.28 11:52:55.573,1.1367,1.13672,1.00,1.50
2015.01.28 11:52:56.775,1.13668,1.13672,2.62,2.25
2015.01.28 11:52:58.332,1.13668,1.13672,3.37,1.50
2015.01.28 11:53:00.535,1.1367,1.13672,1.00,1.50
2015.01.28 11:53:03.990,1.13674,1.13675,1.00,3.30
2015.01.28 11:53:04.091,1.13675,1.13676,1.00,1.42
2015.01.28 11:53:04.192,1.13674,1.13677,5.25,1.00
2015.01.28 11:53:04.344,1.13676,1.13679,1.50,1.10
2015.01.28 11:53:04.497,1.13676,1.1368,5.25,1.12
2015.01.28 11:53:05.205,1.13678,1.13682,2.62,1.57
2015.01.28 11:53:05.710,1.13679,1.13682,1.00,1.50
2015.01.28 11:53:05.912,1.13678,1.13681,1.50,1.37
2015.01.28 11:53:06.418,1.13677,1.13679,1.00,1.00
2015.01.28 11:53:07.074,1.13676,1.13679,1.12,1.37
2015.01.28 11:53:12.166,1.13675,1.13678,1.00,2.10
2015.01.28 11:53:15.254,1.13676,1.13678,1.00,1.50
2015.01.28 11:53:21.758,1.13675,1.13678,1.87,1.00
2015.01.28 11:53:22.269,1.13676,1.13679,1.00,2.17
2015.01.28 11:53:23.722,1.13676,1.13678,1.00,1.00
2015.01.28 11:53:24.025,1.13674,1.13675,2.62,1.05
2015.01.28 11:53:24.150,1.13674,1.13676,3.37,1.00
2015.01.28 11:53:24.302,1.13674,1.13678,4.87,1.72
2015.01.28 11:53:24.807,1.13675,1.13678,1.00,1.72
2015.01.28 11:53:25.160,1.13675,1.13677,1.00,2.10
2015.01.28 11:53:25.565,1.13673,1.13674,1.50,1.00
2015.01.28 11:53:25.717,1.1367,1.13672,1.00,1.50
2015.01.28 11:53:26.222,1.1367,1.13673,1.00,2.85
2015.01.28 11:53:26.424,1.13672,1.13674,1.00,2.47
2015.01.28 11:53:26.577,1.13675,1.13678,1.00,3.00
2015.01.28 11:53:26.628,1.13675,1.13678,1.12,1.00
2015.01.28 11:53:28.500,1.13674,1.13677,4.12,1.00
2015.01.28 11:53:34.771,1.13674,1.13676,4.50,1.00
2015.01.28 11:53:35.564,1.13674,1.13676,3.00,1.00
2015.01.28 11:53:35.615,1.13672,1.13673,1.50,1.50
2015.01.28 11:53:35.717,1.13671,1.13672,1.00,1.35
2015.01.28 11:53:35.818,1.13669,1.13671,3.37,2.92
2015.01.28 11:53:38.176,1.13668,1.13671,1.87,1.42
2015.01.28 11:53:38.681,1.13668,1.13671,1.37,2.17
2015.01.28 11:53:39.563,1.13668,1.1367,1.37,1.00
2015.01.28 11:53:40.221,1.13669,1.13671,1.12,2.92
2015.01.28 11:53:40.882,1.1367,1.13671,1.00,1.10
2015.01.28 11:53:40.933,1.1367,1.13671,2.25,1.10
2015.01.28 11:53:41.085,1.13672,1.13673,1.12,1.57
2015.01.28 11:53:41.237,1.13673,1.13675,1.00,1.57
2015.01.28 11:53:42.332,1.13673,1.13674,1.00,1.00
2015.01.28 11:53:42.838,1.13671,1.13673,2.62,1.00
2015.01.28 11:53:43.796,1.13671,1.13674,2.62,1.80
2015.01.28 11:53:44.302,1.13673,1.13674,1.12,1.00
2015.01.28 11:53:51.669,1.13671,1.13674,1.12,1.87
2015.01.28 11:53:51.771,1.13669,1.13673,1.50,2.25
2015.01.28 11:53:52.277,1.13669,1.1367,1.00,1.00
2015.01.28 11:53:52.783,1.13666,1.13669,1.00,3.97
2015.01.28 11:53:52.885,1.13663,1.13665,1.50,1.00
2015.01.28 11:53:52.987,1.13661,1.13663,1.50,1.00
2015.01.28 11:53:53.341,1.13663,1.13664,1.00,1.80
2015.01.28 11:53:53.493,1.13665,1.13666,1.00,1.12
2015.01.28 11:53:53.998,1.13666,1.13667,1.12,1.00
2015.01.28 11:53:56.444,1.13667,1.13669,1.00,1.37
2015.01.28 11:53:56.596,1.13667,1.13669,1.50,1.37
2015.01.28 11:53:57.994,1.13667,1.13669,1.00,1.00
2015.01.28 11:53:58.196,1.13665,1.13668,3.75,1.87
2015.01.28 11:53:59.508,1.13665,1.13667,1.50,1.00
2015.01.28 11:54:00.013,1.13665,1.13668,1.50,1.12
2015.01.28 11:54:02.591,1.13666,1.13668,1.00,1.00
2015.01.28 11:54:02.693,1.13669,1.13671,1.00,2.62
2015.01.28 11:54:02.744,1.13669,1.13671,1.00,1.87
2015.01.28 11:54:02.794,1.13667,1.1367,1.00,4.12
2015.01.28 11:54:04.045,1.13667,1.13669,1.50,1.10
2015.01.28 11:54:06.875,1.13666,1.1367,4.12,5.25
2015.01.28 11:54:07.380,1.13666,1.13669,1.87,1.05
2015.01.28 11:54:08.180,1.13666,1.13668,1.50,2.47
2015.01.28 11:54:08.704,1.13666,1.13668,1.12,1.72
2015.01.28 11:54:18.196,1.13666,1.1367,1.87,5.25
2015.01.28 11:54:18.700,1.13666,1.1367,2.87,4.20
2015.01.28 11:54:21.836,1.13668,1.1367,1.00,1.57
2015.01.28 11:54:22.140,1.13672,1.13674,1.00,1.95
2015.01.28 11:54:22.680,1.13671,1.13674,1.00,2.70
2015.01.28 11:54:23.441,1.13671,1.13673,2.77,1.00
2015.01.28 11:54:23.947,1.13671,1.13673,1.00,1.12
2015.01.28 11:54:24.452,1.13671,1.13674,2.25,1.95
2015.01.28 11:54:25.553,1.13672,1.13674,1.00,1.20
2015.01.28 11:54:29.186,1.13672,1.13674,1.00,1.20
2015.01.28 11:54:29.715,1.13672,1.13674,1.00,1.20
2015.01.28 11:54:30.989,1.13673,1.13674,1.00,1.10
2015.01.28 11:54:31.090,1.13675,1.13676,1.00,2.17
2015.01.28 11:54:31.242,1.13675,1.13678,3.37,1.00
2015.01.28 11:54:31.293,1.13676,1.13679,1.00,1.95
2015.01.28 11:54:31.495,1.13677,1.13679,1.00,1.95
2015.01.28 11:54:31.849,1.13678,1.13681,1.00,1.20
2015.01.28 11:54:31.950,1.13679,1.13681,1.00,1.00
2015.01.28 11:54:32.456,1.1368,1.13682,1.00,1.10
2015.01.28 11:54:33.892,1.13679,1.13683,1.50,2.62
2015.01.28 11:54:34.553,1.1368,1.13683,1.00,1.87
2015.01.28 11:54:35.325,1.13681,1.13683,1.00,1.87
2015.01.28 11:54:35.982,1.13681,1.13683,1.00,1.57
2015.01.28 11:54:46.483,1.13684,1.13685,3.75,4.12
2015.01.28 11:54:47.007,1.13684,1.13688,6.00,2.25
2015.01.28 11:54:47.311,1.13681,1.13683,1.87,2.25
2015.01.28 11:54:47.362,1.13681,1.13683,1.12,1.00
2015.01.28 11:54:48.625,1.13681,1.13683,1.00,1.12
2015.01.28 11:54:54.076,1.1368,1.13683,1.00,1.87
2015.01.28 11:55:00.546,1.1368,1.13681,1.00,1.00
2015.01.28 11:55:01.051,1.13679,1.13681,1.00,1.95
2015.01.28 11:55:05.273,1.13678,1.13679,1.00,2.10
2015.01.28 11:55:05.476,1.13664,1.13665,2.25,2.62
2015.01.28 11:55:05.577,1.13661,1.13664,1.50,2.17
2015.01.28 11:55:05.729,1.1366,1.13661,1.00,2.47
2015.01.28 11:55:06.033,1.13658,1.1366,1.00,1.80
2015.01.28 11:55:07.234,1.13657,1.1366,1.00,3.75
2015.01.28 11:55:07.386,1.13655,1.13659,3.37,2.32
2015.01.28 11:55:07.487,1.13655,1.13658,1.12,2.85
2015.01.28 11:55:07.643,1.13652,1.13656,1.50,4.05
2015.01.28 11:55:07.796,1.1365,1.13655,3.37,8.62
2015.01.28 11:55:07.847,1.13652,1.13655,1.00,6.14
2015.01.28 11:55:07.999,1.1365,1.13655,1.87,3.30
2015.01.28 11:55:08.504,1.1365,1.13655,1.00,2.55
2015.01.28 11:55:09.011,1.1365,1.13655,1.50,2.20
2015.01.28 11:55:09.165,1.13652,1.13656,1.00,6.82
2015.01.28 11:55:09.469,1.13654,1.13656,1.00,1.20
2015.01.28 11:55:09.978,1.13657,1.13659,1.00,1.50
2015.01.28 11:55:10.080,1.13657,1.1366,1.00,1.00
2015.01.28 11:55:10.232,1.13659,1.13662,1.00,1.12
2015.01.28 11:55:10.789,1.13658,1.13662,1.00,1.12
2015.01.28 11:55:11.888,1.13658,1.13662,1.00,2.47
2015.01.28 11:55:12.416,1.13658,1.13662,1.00,3.15
2015.01.28 11:55:13.043,1.13658,1.13662,1.00,2.47
2015.01.28 11:55:13.852,1.13658,1.13661,1.00,1.27
2015.01.28 11:55:14.054,1.13645,1.13649,1.00,12.45
2015.01.28 11:55:14.105,1.13645,1.13649,1.00,3.45
2015.01.28 11:55:14.206,1.13645,1.13648,1.12,2.70
2015.01.28 11:55:14.935,1.13645,1.13649,1.50,1.87
2015.01.28 11:55:15.239,1.13641,1.13643,1.00,1.37
2015.01.28 11:55:15.392,1.13641,1.13643,1.00,1.12
2015.01.28 11:55:15.493,1.13641,1.13645,1.50,1.12
2015.01.28 11:55:17.010,1.13641,1.13646,1.00,1.50
2015.01.28 11:55:19.793,1.13643,1.13647,2.25,1.37
2015.01.28 11:55:20.097,1.13645,1.13648,1.00,1.67
2015.01.28 11:55:23.536,1.13645,1.13648,1.50,1.75
2015.01.28 11:55:25.789,1.13645,1.13648,2.25,1.75
2015.01.28 11:55:25.941,1.13649,1.1365,1.35,2.17
2015.01.28 11:55:26.043,1.13651,1.13653,1.00,1.05
2015.01.28 11:55:26.247,1.13653,1.13655,1.00,1.00
2015.01.28 11:55:26.298,1.13653,1.13658,2.25,2.62
2015.01.28 11:55:26.804,1.13652,1.13654,6.00,1.00
2015.01.28 11:55:27.260,1.13651,1.13654,1.00,1.87
2015.01.28 11:55:27.765,1.13652,1.13654,1.00,1.00
2015.01.28 11:55:28.119,1.13654,1.13656,1.00,1.12
2015.01.28 11:55:28.422,1.13647,1.13651,2.62,2.32
2015.01.28 11:55:28.827,1.13648,1.13651,1.50,2.10
2015.01.28 11:55:29.352,1.13648,1.13651,1.87,1.72
2015.01.28 11:55:31.106,1.13648,1.13651,1.87,1.50
2015.01.28 11:55:32.556,1.13647,1.1365,1.87,1.10
2015.01.28 11:55:33.757,1.13646,1.1365,2.70,2.62
2015.01.28 11:55:34.514,1.13646,1.13649,1.87,1.72
2015.01.28 11:55:35.019,1.13646,1.13648,1.10,1.05
2015.01.28 11:55:35.576,1.13645,1.13648,2.25,1.80
2015.01.28 11:55:36.081,1.13645,1.13648,1.57,1.20
2015.01.28 11:55:36.283,1.13645,1.13646,1.00,2.10
2015.01.28 11:55:36.384,1.13643,1.13644,1.00,1.00
2015.01.28 11:55:36.890,1.13644,1.13645,1.00,1.00
2015.01.28 11:55:37.411,1.13643,1.13645,1.00,1.50
2015.01.28 11:55:37.916,1.13643,1.13645,1.00,1.50
2015.01.28 11:55:38.272,1.13642,1.13645,1.50,1.50
2015.01.28 11:55:40.804,1.13642,1.13644,1.00,1.00
2015.01.28 11:55:41.310,1.13642,1.13645,1.50,1.50
2015.01.28 11:55:41.663,1.13644,1.13646,1.00,1.20
2015.01.28 11:55:42.170,1.13645,1.13648,1.00,2.62
2015.01.28 11:55:50.780,1.13645,1.13647,1.00,1.37
2015.01.28 11:55:50.932,1.1365,1.13652,1.00,3.07
2015.01.28 11:55:51.236,1.1365,1.13653,1.00,1.85
2015.01.28 11:55:51.490,1.13649,1.13653,1.50,3.00
2015.01.28 11:55:51.793,1.13645,1.13649,8.32,1.00
2015.01.28 11:55:51.844,1.13645,1.13649,6.07,1.50
2015.01.28 11:55:51.945,1.13645,1.13647,1.50,1.00
2015.01.28 11:55:52.248,1.13643,1.13646,1.50,1.00
2015.01.28 11:55:53.795,1.13644,1.13646,3.75,1.00
2015.01.28 11:55:55.331,1.13645,1.13646,1.00,1.00
2015.01.28 11:55:55.433,1.13645,1.13649,1.50,1.50
2015.01.28 11:55:55.888,1.13645,1.13649,1.50,2.62
2015.01.28 11:55:56.400,1.13645,1.13646,1.00,1.12
2015.01.28 11:55:57.764,1.13642,1.13643,1.00,1.50
2015.01.28 11:55:57.865,1.1364,1.13643,1.12,1.87
2015.01.28 11:55:57.966,1.13638,1.1364,1.50,1.00
2015.01.28 11:55:58.271,1.13636,1.13639,1.00,1.00
2015.01.28 11:55:58.372,1.13638,1.1364,1.00,2.25
2015.01.28 11:55:58.625,1.13646,1.13649,3.60,2.23
2015.01.28 11:56:01.453,1.13647,1.1365,3.37,1.87
2015.01.28 11:56:01.605,1.13651,1.13653,1.50,1.50
2015.01.28 11:56:01.959,1.13651,1.13655,1.00,2.62
2015.01.28 11:56:02.060,1.13653,1.13656,1.00,2.62
2015.01.28 11:56:02.363,1.1365,1.13653,1.87,1.50
2015.01.28 11:56:03.223,1.13648,1.13651,2.32,1.37
2015.01.28 11:56:03.274,1.13648,1.13651,3.07,1.37
2015.01.28 11:56:04.334,1.13647,1.13649,1.00,1.12
2015.01.28 11:56:04.438,1.13646,1.13649,1.00,1.12
2015.01.28 11:56:06.431,1.13646,1.13649,1.00,3.22
2015.01.28 11:56:09.848,1.13644,1.13646,1.50,2.62
2015.01.28 11:56:10.000,1.13643,1.13644,1.00,1.50
2015.01.28 11:56:10.051,1.13641,1.13643,1.50,1.00
2015.01.28 11:56:10.204,1.1364,1.13642,1.00,1.00
2015.01.28 11:56:10.356,1.13637,1.13641,2.25,1.00
2015.01.28 11:56:10.407,1.13637,1.13642,2.25,1.12
2015.01.28 11:56:11.267,1.13637,1.13639,2.25,1.00
2015.01.28 11:56:16.028,1.13637,1.13639,1.00,2.85
2015.01.28 11:56:16.080,1.13634,1.13635,4.80,1.50
2015.01.28 11:56:16.131,1.13632,1.13633,1.12,1.00
2015.01.28 11:56:16.233,1.1363,1.13631,1.87,1.12
2015.01.28 11:56:16.334,1.13627,1.13629,1.00,4.60
2015.01.28 11:56:16.437,1.13624,1.13626,1.50,1.00
2015.01.28 11:56:16.488,1.13624,1.13627,1.50,1.00
2015.01.28 11:56:17.661,1.13625,1.13629,1.50,1.50
2015.01.28 11:56:17.863,1.13626,1.1363,1.50,2.25
2015.01.28 11:56:19.076,1.13626,1.1363,1.00,4.49
2015.01.28 11:56:19.582,1.13625,1.1363,1.12,5.24
2015.01.28 11:56:20.428,1.13625,1.13629,1.12,2.62
2015.01.28 11:56:20.732,1.13624,1.13628,1.50,3.75
2015.01.28 11:56:21.238,1.13624,1.13627,1.50,4.12
2015.01.28 11:56:21.744,1.13626,1.13628,1.00,1.87
2015.01.28 11:56:22.874,1.13624,1.13627,1.50,1.37
2015.01.28 11:56:23.423,1.13625,1.13627,1.00,1.00
2015.01.28 11:56:24.771,1.13626,1.13627,1.00,1.00
2015.01.28 11:56:27.232,1.13626,1.13627,1.00,1.00
2015.01.28 11:56:27.738,1.13625,1.13627,3.00,1.00
2015.01.28 11:56:28.445,1.13626,1.13627,1.00,1.00
2015.01.28 11:56:28.496,1.13626,1.13629,1.00,2.25
2015.01.28 11:56:29.103,1.13626,1.13629,1.87,1.12
2015.01.28 11:56:29.305,1.13627,1.13631,2.62,1.00
2015.01.28 11:56:29.609,1.13629,1.13632,1.37,1.37
2015.01.28 11:56:29.710,1.13631,1.13633,1.00,1.57
2015.01.28 11:56:29.811,1.13631,1.13633,1.00,1.57
2015.01.28 11:56:29.963,1.13628,1.1363,1.50,1.12
2015.01.28 11:56:30.620,1.13628,1.13632,1.00,2.62
2015.01.28 11:56:31.310,1.13628,1.13632,1.72,2.25
2015.01.28 11:56:31.513,1.13629,1.13632,4.72,1.12
2015.01.28 11:56:31.615,1.13632,1.13636,1.12,6.75
2015.01.28 11:56:31.717,1.13633,1.13637,4.12,1.37
2015.01.28 11:56:31.818,1.13635,1.13638,2.25,1.00
2015.01.28 11:56:32.123,1.13636,1.13641,1.35,1.50
2015.01.28 11:56:32.174,1.13636,1.13641,4.22,1.50
2015.01.28 11:56:32.715,1.13637,1.13643,1.50,2.25
2015.01.28 11:56:34.056,1.13637,1.13641,1.00,1.50
2015.01.28 11:56:34.359,1.1363,1.13632,1.00,1.00
2015.01.28 11:56:34.713,1.1363,1.13633,1.00,1.00
2015.01.28 11:56:35.623,1.13632,1.13633,1.00,1.00
2015.01.28 11:56:36.131,1.13632,1.13635,1.00,1.50
2015.01.28 11:56:36.589,1.13633,1.13635,1.12,1.87
2015.01.28 11:56:38.652,1.13632,1.13634,1.00,1.50
2015.01.28 11:56:38.804,1.1363,1.13633,1.37,1.37
2015.01.28 11:56:38.905,1.1363,1.13632,1.00,1.00
2015.01.28 11:56:41.182,1.13629,1.13632,1.00,1.00
2015.01.28 11:56:41.720,1.13628,1.13632,2.25,1.00
2015.01.28 11:56:42.101,1.13628,1.1363,1.50,1.00
2015.01.28 11:56:42.304,1.13626,1.13629,1.00,1.50
2015.01.28 11:56:43.710,1.13624,1.13628,3.00,1.50
2015.01.28 11:56:43.862,1.13623,1.13625,1.12,1.00
2015.01.28 11:56:44.874,1.13622,1.13623,1.00,1.00
2015.01.28 11:56:46.059,1.13622,1.13623,1.50,1.00
2015.01.28 11:56:47.588,1.13622,1.13625,1.50,8.10
2015.01.28 11:56:47.790,1.13624,1.13626,1.00,2.55
2015.01.28 11:56:48.094,1.13631,1.13634,2.47,1.50
2015.01.28 11:56:48.347,1.13633,1.13636,1.10,2.62
2015.01.28 11:56:48.449,1.13635,1.13636,1.00,1.12
2015.01.28 11:56:49.005,1.13634,1.13636,4.95,1.12
2015.01.28 11:56:49.308,1.13636,1.13638,1.00,1.50
2015.01.28 11:56:49.848,1.13635,1.13636,1.12,1.12
2015.01.28 11:56:50.374,1.13632,1.13635,2.92,1.00
2015.01.28 11:56:50.880,1.13635,1.13637,1.50,1.12
2015.01.28 11:56:53.750,1.13636,1.13638,1.00,1.00
2015.01.28 11:56:54.408,1.13635,1.13637,1.57,1.12
2015.01.28 11:56:55.596,1.13636,1.13638,1.00,1.00
2015.01.28 11:56:56.560,1.13635,1.13637,1.95,1.12
2015.01.28 11:56:56.866,1.13636,1.13639,2.10,1.50
2015.01.28 11:56:57.371,1.13638,1.13639,1.00,1.50
2015.01.28 11:56:57.873,1.13636,1.13639,3.22,1.50
2015.01.28 11:56:59.398,1.13636,1.13639,1.42,1.50
2015.01.28 11:57:00.079,1.13636,1.13639,2.92,1.50
2015.01.28 11:57:00.332,1.1364,1.13641,1.00,1.87
2015.01.28 11:57:00.484,1.13645,1.13646,1.00,2.62
2015.01.28 11:57:00.636,1.13646,1.13648,1.87,2.25
2015.01.28 11:57:00.789,1.13647,1.1365,1.57,2.25
2015.01.28 11:57:00.839,1.13647,1.1365,1.87,2.25
2015.01.28 11:57:01.143,1.13651,1.13652,1.00,1.00
2015.01.28 11:57:01.446,1.13652,1.13655,1.37,1.50
2015.01.28 11:57:03.197,1.13653,1.13656,2.25,1.99
2015.01.28 11:57:03.299,1.13655,1.13658,2.55,1.50
2015.01.28 11:57:03.401,1.1366,1.13661,1.00,2.62
2015.01.28 11:57:03.937,1.1366,1.13662,1.12,1.00
2015.01.28 11:57:09.341,1.1366,1.13662,3.37,1.00
2015.01.28 11:57:09.543,1.13663,1.13666,1.10,2.25
2015.01.28 11:57:10.049,1.13663,1.13666,1.12,1.27
2015.01.28 11:57:10.428,1.13662,1.13664,1.30,1.00
2015.01.28 11:57:10.732,1.13664,1.13665,1.10,1.00
2015.01.28 11:57:11.037,1.13674,1.13676,1.60,1.00
2015.01.28 11:57:11.088,1.13677,1.1368,1.10,1.50
2015.01.28 11:57:11.189,1.13678,1.13682,1.37,1.00
2015.01.28 11:57:11.240,1.13678,1.13682,1.50,1.50
2015.01.28 11:57:11.443,1.13676,1.13681,1.12,1.72
2015.01.28 11:57:11.493,1.13677,1.13681,1.10,1.37
2015.01.28 11:57:11.798,1.13677,1.13681,6.00,1.00
2015.01.28 11:57:12.304,1.13684,1.13685,1.00,3.00
2015.01.28 11:57:12.405,1.13685,1.13686,2.32,1.00
2015.01.28 11:57:12.456,1.13685,1.13686,1.57,1.00
2015.01.28 11:57:12.658,1.13683,1.13685,1.05,1.00
2015.01.28 11:57:12.760,1.13681,1.13684,1.20,1.00
2015.01.28 11:57:12.962,1.13683,1.13684,1.10,1.00
2015.01.28 11:57:13.467,1.13683,1.13685,1.12,1.00
2015.01.28 11:57:20.544,1.13681,1.13685,2.55,3.25
2015.01.28 11:57:21.307,1.13683,1.13685,1.10,3.25
2015.01.28 11:57:21.562,1.1368,1.13685,1.87,3.00
2015.01.28 11:57:22.068,1.1368,1.13685,1.57,2.62
2015.01.28 11:57:22.982,1.13681,1.13685,1.00,1.00
2015.01.28 11:57:24.390,1.13681,1.13684,1.00,1.72
2015.01.28 11:57:24.644,1.13676,1.13681,1.10,1.87
2015.01.28 11:57:25.168,1.13676,1.13679,1.10,1.00
2015.01.28 11:57:26.292,1.13674,1.13676,11.92,1.00
2015.01.28 11:57:26.545,1.13669,1.13671,1.10,1.00
2015.01.28 11:57:26.596,1.13667,1.13669,4.12,1.00
2015.01.28 11:57:26.749,1.13663,1.13666,1.50,1.00
2015.01.28 11:57:26.800,1.13663,1.13666,1.00,1.00
2015.01.28 11:57:27.306,1.13662,1.13667,1.57,1.56
2015.01.28 11:57:27.811,1.13661,1.13666,1.57,2.55
2015.01.28 11:57:28.369,1.13662,1.13666,1.10,1.05
2015.01.28 11:57:28.925,1.13664,1.13667,1.00,1.30
2015.01.28 11:57:29.229,1.13666,1.13669,1.00,1.87
2015.01.28 11:57:29.634,1.13666,1.1367,1.10,1.50
2015.01.28 11:57:29.786,1.13669,1.13671,1.00,1.00
2015.01.28 11:57:33.112,1.13668,1.13671,1.10,1.00
2015.01.28 11:57:33.617,1.13668,1.13671,1.12,1.00
2015.01.28 11:57:33.769,1.1367,1.13673,1.00,1.00
2015.01.28 11:57:34.276,1.13671,1.13674,1.00,1.00
2015.01.28 11:57:37.859,1.13672,1.13674,1.00,1.00
2015.01.28 11:57:38.364,1.13671,1.13674,1.00,1.50
2015.01.28 11:57:41.809,1.13672,1.13674,1.00,1.00
2015.01.28 11:57:42.011,1.13672,1.13674,1.50,1.00
2015.01.28 11:57:42.214,1.13674,1.13678,1.00,2.62
2015.01.28 11:57:42.568,1.13672,1.13674,1.10,1.00
2015.01.28 11:57:43.073,1.13671,1.13673,1.00,1.00
2015.01.28 11:57:44.313,1.13671,1.13674,2.85,1.50
2015.01.28 11:57:44.567,1.13673,1.13677,1.00,2.62
2015.01.28 11:57:44.618,1.13672,1.13677,3.75,2.25
2015.01.28 11:57:45.125,1.13676,1.13678,2.25,1.00
2015.01.28 11:57:45.177,1.13676,1.1368,3.75,1.00
2015.01.28 11:57:45.227,1.13679,1.13681,1.00,1.00
2015.01.28 11:57:45.329,1.13682,1.13684,1.00,1.00
2015.01.28 11:57:45.431,1.13685,1.13687,1.00,2.25
2015.01.28 11:57:45.937,1.13684,1.13688,1.50,1.00
2015.01.28 11:57:46.442,1.13684,1.13687,1.10,1.00
2015.01.28 11:57:47.860,1.13683,1.13686,1.12,1.00
2015.01.28 11:57:48.164,1.13677,1.13679,1.30,1.00
2015.01.28 11:57:48.266,1.13675,1.13679,3.75,3.37
2015.01.28 11:57:48.317,1.13674,1.13678,1.00,1.00
2015.01.28 11:57:48.418,1.13673,1.13676,1.00,2.10
2015.01.28 11:57:48.722,1.13669,1.13673,2.62,1.42
2015.01.28 11:57:49.046,1.13669,1.13672,1.87,2.10
2015.01.28 11:57:49.574,1.13669,1.13672,1.12,2.10
2015.01.28 11:57:50.127,1.13669,1.13671,1.12,1.00
2015.01.28 11:57:50.660,1.13669,1.1367,1.12,1.50
2015.01.28 11:57:50.963,1.1367,1.13672,1.00,1.00
2015.01.28 11:57:51.469,1.13671,1.13674,2.85,2.25
2015.01.28 11:57:51.924,1.13673,1.13675,1.50,1.00
2015.01.28 11:57:52.076,1.13675,1.13677,1.00,1.20
2015.01.28 11:57:52.228,1.13673,1.13675,1.50,1.37
2015.01.28 11:57:52.380,1.13671,1.13675,1.00,1.87
2015.01.28 11:57:53.238,1.13672,1.13674,1.00,1.00
2015.01.28 11:57:53.895,1.13673,1.13676,1.00,3.15
2015.01.28 11:57:54.400,1.13673,1.13676,1.00,1.12
2015.01.28 11:57:54.906,1.13672,1.13676,1.00,1.12
2015.01.28 11:57:55.108,1.13671,1.13676,2.25,2.25
2015.01.28 11:57:55.412,1.1367,1.13675,1.00,2.25
2015.01.28 11:57:55.463,1.1367,1.13675,1.00,5.24
2015.01.28 11:57:55.564,1.13672,1.13675,1.00,2.62
2015.01.28 11:57:56.121,1.13671,1.13675,1.00,3.37
2015.01.28 11:57:57.031,1.13671,1.13675,1.00,3.37
2015.01.28 11:57:57.351,1.13669,1.13673,3.75,1.50
2015.01.28 11:57:57.503,1.13671,1.13674,1.00,1.50
2015.01.28 11:57:59.266,1.13673,1.13675,1.00,1.12
2015.01.28 11:57:59.771,1.13674,1.13675,1.00,1.00
2015.01.28 11:58:00.277,1.13673,1.13675,1.12,1.00
2015.01.28 11:58:00.582,1.13668,1.1367,1.30,1.00
2015.01.28 11:58:00.633,1.13668,1.1367,1.10,1.00
2015.01.28 11:58:02.236,1.13667,1.1367,1.50,1.00
2015.01.28 11:58:02.439,1.13666,1.13668,1.87,1.00
2015.01.28 11:58:02.744,1.13658,1.1366,1.00,1.00
2015.01.28 11:58:02.898,1.13657,1.13659,1.00,1.00
2015.01.28 11:58:03.256,1.13655,1.13658,2.77,1.00
2015.01.28 11:58:03.358,1.13655,1.13657,1.87,1.00
2015.01.28 11:58:03.875,1.13656,1.13658,1.50,1.00
2015.01.28 11:58:04.794,1.13656,1.13659,2.25,1.00
2015.01.28 11:58:05.308,1.13656,1.1366,2.25,2.25
2015.01.28 11:58:07.296,1.13656,1.13657,1.00,1.50
2015.01.28 11:58:07.448,1.13648,1.13652,1.87,1.57
2015.01.28 11:58:07.499,1.13649,1.13652,1.00,1.10
2015.01.28 11:58:07.651,1.13648,1.13651,1.00,1.00
2015.01.28 11:58:11.626,1.13649,1.13651,1.50,1.00
2015.01.28 11:58:11.728,1.13649,1.13652,2.85,1.00
2015.01.28 11:58:11.829,1.13651,1.13653,1.00,1.50
2015.01.28 11:58:12.032,1.13656,1.13659,2.10,1.50
2015.01.28 11:58:12.285,1.13657,1.13661,1.00,2.25
2015.01.28 11:58:12.831,1.13657,1.1366,1.00,1.00
2015.01.28 11:58:14.571,1.13657,1.1366,2.62,1.00
2015.01.28 11:58:17.533,1.13656,1.13659,4.05,1.12
2015.01.28 11:58:17.836,1.13655,1.13659,6.00,1.50
2015.01.28 11:58:18.856,1.13655,1.13657,2.25,5.10
2015.01.28 11:58:19.361,1.13654,1.13656,1.00,1.61
2015.01.28 11:58:20.524,1.13655,1.13657,1.57,3.00
2015.01.28 11:58:20.827,1.13655,1.13659,2.25,1.50
2015.01.28 11:58:23.278,1.13655,1.13659,5.62,3.00
2015.01.28 11:58:25.493,1.13655,1.13659,5.55,3.25
2015.01.28 11:58:35.150,1.13655,1.13657,1.87,1.00
2015.01.28 11:58:39.416,1.13655,1.13656,1.05,1.00
2015.01.28 11:58:39.620,1.13652,1.13653,1.10,3.97
2015.01.28 11:58:39.671,1.13649,1.13651,1.20,3.60
2015.01.28 11:58:39.823,1.13643,1.13646,2.62,6.45
2015.01.28 11:58:39.874,1.13643,1.13644,1.00,1.00
2015.01.28 11:58:39.976,1.1364,1.13644,1.87,3.37
2015.01.28 11:58:40.027,1.1364,1.13644,1.50,3.37
2015.01.28 11:58:40.331,1.13638,1.13639,1.50,1.00
2015.01.28 11:58:40.432,1.13637,1.13639,1.00,1.00
2015.01.28 11:58:40.634,1.13634,1.13638,1.95,2.25
2015.01.28 11:58:40.735,1.13633,1.13634,1.05,1.50
2015.01.28 11:58:40.887,1.13631,1.13634,1.47,1.50
2015.01.28 11:58:40.938,1.13631,1.13635,1.47,1.00
2015.01.28 11:58:41.444,1.13633,1.13636,1.37,3.00
2015.01.28 11:58:41.546,1.13633,1.13635,1.37,1.12
2015.01.28 11:58:42.078,1.13632,1.13635,1.50,1.12
2015.01.28 11:58:42.584,1.13633,1.13635,3.75,3.25
2015.01.28 11:58:42.738,1.13629,1.13633,1.95,4.50
2015.01.28 11:58:42.840,1.1363,1.13633,4.12,1.00
2015.01.28 11:58:43.093,1.13636,1.1364,1.47,1.50
2015.01.28 11:58:43.295,1.13635,1.13638,1.12,1.00
2015.01.28 11:58:43.800,1.13635,1.13638,1.10,1.00
2015.01.28 11:58:44.352,1.13635,1.13637,1.10,1.00
2015.01.28 11:58:45.176,1.13636,1.13638,1.00,1.00
2015.01.28 11:58:45.429,1.13638,1.13643,3.67,1.87
2015.01.28 11:58:45.480,1.13641,1.13644,1.00,2.25
2015.01.28 11:58:45.581,1.13643,1.13645,1.37,1.12
2015.01.28 11:58:45.784,1.13641,1.13646,3.37,3.41
2015.01.28 11:58:45.885,1.13641,1.13643,1.12,1.00
2015.01.28 11:58:45.936,1.1364,1.13643,3.07,1.87
2015.01.28 11:58:46.088,1.13639,1.13643,1.50,2.25
2015.01.28 11:58:46.341,1.13641,1.13644,1.37,1.87
2015.01.28 11:58:46.392,1.13641,1.13644,1.50,1.12
2015.01.28 11:58:46.695,1.13631,1.13633,1.00,1.37
2015.01.28 11:58:46.746,1.13629,1.13632,1.95,1.00
2015.01.28 11:58:46.797,1.13627,1.13629,1.50,1.50
2015.01.28 11:58:47.051,1.13623,1.13626,1.00,8.25
2015.01.28 11:58:47.556,1.13621,1.13626,1.37,10.05
2015.01.28 11:58:48.214,1.13621,1.13625,1.37,1.37
2015.01.28 11:58:48.737,1.13621,1.13625,1.37,1.37
2015.01.28 11:58:48.990,1.1362,1.13625,2.70,1.37
2015.01.28 11:58:49.775,1.1362,1.13624,1.87,1.12
2015.01.28 11:58:50.433,1.1362,1.13622,1.50,1.00
2015.01.28 11:58:50.837,1.13618,1.13622,1.87,1.50
2015.01.28 11:58:50.888,1.13618,1.1362,1.12,1.00
2015.01.28 11:58:51.393,1.13618,1.13619,1.00,1.00
2015.01.28 11:58:51.494,1.13616,1.13618,1.57,1.00
2015.01.28 11:58:52.000,1.13615,1.13618,1.10,1.00
2015.01.28 11:58:52.050,1.13616,1.13618,2.10,1.00
2015.01.28 11:58:52.101,1.13617,1.1362,1.35,2.62
2015.01.28 11:58:52.606,1.13616,1.1362,1.10,1.50
2015.01.28 11:58:53.636,1.13615,1.13618,2.25,1.00
2015.01.28 11:58:53.840,1.13612,1.13615,1.00,1.50
2015.01.28 11:58:54.346,1.13611,1.13614,1.87,1.00
2015.01.28 11:58:54.852,1.13611,1.13615,1.87,1.87
2015.01.28 11:58:54.903,1.13614,1.13615,2.10,1.87
2015.01.28 11:58:55.055,1.13614,1.13618,1.00,2.62
2015.01.28 11:58:55.257,1.13612,1.13616,1.57,1.87
2015.01.28 11:58:56.248,1.13612,1.13613,1.00,1.00
2015.01.28 11:58:56.602,1.13607,1.13612,2.25,1.50
2015.01.28 11:58:56.703,1.13607,1.1361,1.50,1.00
2015.01.28 11:58:57.057,1.13608,1.13612,1.00,1.00
2015.01.28 11:58:57.562,1.13609,1.13612,1.00,1.00
2015.01.28 11:58:59.341,1.13608,1.13612,1.00,1.50
2015.01.28 11:58:59.544,1.13607,1.1361,1.57,1.00
2015.01.28 11:58:59.847,1.13607,1.13608,1.00,1.00
2015.01.28 11:59:00.978,1.13607,1.1361,1.50,1.00
2015.01.28 11:59:01.029,1.13607,1.1361,1.50,1.00
2015.01.28 11:59:01.231,1.13614,1.13615,3.00,1.50
2015.01.28 11:59:01.687,1.13616,1.13618,1.00,1.37
2015.01.28 11:59:02.746,1.13616,1.13617,1.00,1.12
2015.01.28 11:59:03.414,1.13617,1.1362,1.00,2.25
2015.01.28 11:59:03.516,1.13618,1.13622,1.00,1.00
2015.01.28 11:59:06.842,1.13617,1.13622,1.50,1.50
2015.01.28 11:59:09.661,1.13617,1.1362,1.00,1.00
2015.01.28 11:59:10.195,1.13616,1.1362,3.07,1.00
2015.01.28 11:59:10.696,1.13616,1.1362,3.32,1.00
2015.01.28 11:59:11.774,1.13616,1.1362,1.50,1.00
2015.01.28 11:59:12.301,1.13614,1.13616,1.80,1.00
2015.01.28 11:59:12.809,1.13613,1.13614,1.00,1.00
2015.01.28 11:59:12.860,1.13613,1.13616,1.00,2.62
2015.01.28 11:59:13.524,1.13612,1.13614,1.50,1.00
2015.01.28 11:59:14.051,1.13613,1.13614,1.50,1.00
2015.01.28 11:59:14.204,1.13613,1.13614,1.50,1.00
2015.01.28 11:59:14.744,1.13612,1.13615,1.00,2.62
2015.01.28 11:59:15.250,1.13611,1.13614,1.50,1.00
2015.01.28 11:59:18.893,1.13612,1.13614,1.00,1.00
2015.01.28 11:59:19.399,1.13611,1.13612,1.57,1.00
2015.01.28 11:59:19.500,1.13611,1.13612,1.00,1.50
2015.01.28 11:59:19.551,1.13609,1.13611,1.50,1.00
2015.01.28 11:59:20.006,1.1361,1.13613,1.50,1.50
2015.01.28 11:59:20.512,1.1361,1.13614,1.00,4.50
2015.01.28 11:59:21.226,1.1361,1.13613,1.00,1.00
2015.01.28 11:59:25.417,1.1361,1.13614,1.00,4.12
2015.01.28 11:59:25.939,1.1361,1.13613,1.00,1.50
2015.01.28 11:59:26.445,1.1361,1.13614,1.50,1.50
2015.01.28 11:59:26.849,1.13609,1.13611,1.10,1.50
2015.01.28 11:59:27.154,1.13601,1.13603,1.00,1.42
2015.01.28 11:59:27.204,1.136,1.13603,3.37,1.12
2015.01.28 11:59:27.356,1.13604,1.13607,2.10,2.55
2015.01.28 11:59:27.508,1.13606,1.13609,1.35,1.87
2015.01.28 11:59:28.769,1.13606,1.13607,1.00,1.00
2015.01.28 11:59:28.972,1.13606,1.13609,1.00,1.00
2015.01.28 11:59:29.477,1.13606,1.1361,1.00,3.75
2015.01.28 11:59:29.779,1.13606,1.13608,1.00,3.00
2015.01.28 11:59:30.083,1.136,1.13602,1.50,1.00
2015.01.28 11:59:30.235,1.136,1.13604,2.10,2.25
2015.01.28 11:59:30.336,1.136,1.13604,2.25,1.12
2015.01.28 11:59:30.488,1.13601,1.13604,1.00,1.00
2015.01.28 11:59:30.539,1.13601,1.13606,1.50,3.52
2015.01.28 11:59:30.842,1.13607,1.1361,1.00,2.32
2015.01.28 11:59:30.893,1.13605,1.13608,3.37,1.00
2015.01.28 11:59:30.994,1.13607,1.1361,1.00,1.87
2015.01.28 11:59:31.298,1.13605,1.13608,2.62,1.00
2015.01.28 11:59:31.400,1.13605,1.13607,1.12,1.00
2015.01.28 11:59:31.857,1.13602,1.13605,1.47,1.87
2015.01.28 11:59:31.908,1.136,1.13604,4.12,1.00
2015.01.28 11:59:32.262,1.136,1.13605,4.27,1.50
2015.01.28 11:59:32.517,1.13605,1.13607,1.00,1.00
2015.01.28 11:59:32.972,1.13605,1.1361,3.00,1.50
2015.01.28 11:59:33.428,1.13604,1.13608,2.25,5.25
2015.01.28 11:59:33.529,1.13602,1.13607,3.07,2.25
2015.01.28 11:59:34.034,1.13602,1.13607,1.50,9.34
2015.01.28 11:59:34.251,1.13604,1.13607,3.00,5.85
2015.01.28 11:59:34.302,1.13604,1.13607,6.22,1.00
2015.01.28 11:59:34.807,1.13605,1.13608,1.50,1.50
2015.01.28 11:59:36.464,1.13604,1.13608,6.37,1.50
2015.01.28 11:59:36.997,1.13605,1.13608,2.62,1.50
2015.01.28 11:59:37.704,1.13605,1.13608,1.87,2.10
2015.01.28 11:59:37.755,1.13604,1.13605,7.12,1.00
2015.01.28 11:59:38.008,1.13599,1.13601,1.00,3.00
2015.01.28 11:59:38.109,1.13597,1.136,1.87,1.87
2015.01.28 11:59:38.952,1.13599,1.13601,1.00,1.10
2015.01.28 11:59:39.460,1.13599,1.13601,1.00,1.50
2015.01.28 11:59:40.686,1.13601,1.13603,1.00,1.00
2015.01.28 11:59:40.889,1.13601,1.13605,1.50,2.62
2015.01.28 11:59:43.595,1.136,1.13602,1.50,1.00
2015.01.28 11:59:43.898,1.13593,1.13596,1.50,1.57
2015.01.28 11:59:43.949,1.13593,1.13596,1.50,1.57
2015.01.28 11:59:44.404,1.13592,1.13595,1.00,1.50
2015.01.28 11:59:45.061,1.13591,1.13594,1.00,1.12
2015.01.28 11:59:45.567,1.13592,1.13594,1.00,1.12
2015.01.28 11:59:46.122,1.1359,1.13592,1.12,1.00
2015.01.28 11:59:46.173,1.1359,1.13591,1.87,1.00
2015.01.28 11:59:46.325,1.13587,1.13591,1.50,1.87
2015.01.28 11:59:46.580,1.13588,1.13591,1.00,1.37
2015.01.28 11:59:46.631,1.13591,1.13594,1.00,1.50
2015.01.28 11:59:48.057,1.1359,1.13594,1.50,1.00
2015.01.28 11:59:48.412,1.1359,1.13594,1.50,1.12
2015.01.28 11:59:49.077,1.13592,1.13595,1.00,2.70
2015.01.28 11:59:49.886,1.13592,1.13593,1.50,1.00
2015.01.28 11:59:50.392,1.13591,1.13592,1.00,1.00
2015.01.28 11:59:50.847,1.13589,1.13591,1.50,1.00
2015.01.28 11:59:51.201,1.13586,1.13588,2.32,1.00
2015.01.28 11:59:51.672,1.13587,1.13588,1.50,1.00
2015.01.28 11:59:52.227,1.13584,1.13587,5.62,1.00
2015.01.28 11:59:52.379,1.13585,1.13587,1.00,4.35
2015.01.28 11:59:52.481,1.13582,1.13586,1.47,4.99
2015.01.28 11:59:53.446,1.13579,1.13583,1.87,1.50
2015.01.28 11:59:53.764,1.13572,1.13574,1.05,2.25
2015.01.28 11:59:53.866,1.1357,1.13572,1.00,1.87
2015.01.28 11:59:53.967,1.13567,1.13571,1.00,2.17
2015.01.28 11:59:54.472,1.13566,1.1357,1.50,1.57
2015.01.28 11:59:54.978,1.13566,1.1357,1.50,1.00
2015.01.28 11:59:55.079,1.13569,1.13571,1.00,1.10
2015.01.28 11:59:55.181,1.13567,1.13571,1.00,1.10
2015.01.28 11:59:55.711,1.13567,1.1357,1.00,1.00
2015.01.28 11:59:56.227,1.13567,1.13571,1.00,1.57
2015.01.28 11:59:57.568,1.13567,1.1357,1.00,1.50
2015.01.28 11:59:58.174,1.13567,1.13571,1.00,1.57
2015.01.28 11:59:58.529,1.13568,1.13571,3.00,2.10
2015.01.28 11:59:58.681,1.1357,1.13575,1.00,7.87
2015.01.28 11:59:59.186,1.1357,1.13575,2.62,2.25
2015.01.28 11:59:59.692,1.13572,1.13575,1.00,1.50
