2015.01.21 00:00:00.848,1.15454,1.15458,1.12,1.10
2015.01.21 00:00:01.353,1.15455,1.15458,1.00,1.10
2015.01.21 00:00:01.861,1.15454,1.15458,1.12,1.10
2015.01.21 00:00:02.367,1.15454,1.15458,1.12,1.87
2015.01.21 00:00:02.944,1.15454,1.15457,1.00,1.47
2015.01.21 00:00:07.280,1.15455,1.15458,1.50,2.25
2015.01.21 00:00:08.476,1.15454,1.15457,3.75,1.47
2015.01.21 00:00:08.982,1.15455,1.15457,1.00,1.47
2015.01.21 00:00:09.647,1.15454,1.15457,3.00,1.47
2015.01.21 00:00:10.172,1.15455,1.15458,1.00,2.25
2015.01.21 00:00:10.778,1.15455,1.15457,1.00,1.95
2015.01.21 00:00:11.730,1.15455,1.15457,1.00,1.95
2015.01.21 00:00:13.052,1.15455,1.15457,1.00,1.10
2015.01.21 00:00:13.613,1.15456,1.15457,1.00,1.00
2015.01.21 00:00:16.775,1.15455,1.15456,1.50,1.00
2015.01.21 00:00:17.339,1.15455,1.15456,1.00,1.00
2015.01.21 00:00:21.560,1.15455,1.15456,1.50,1.12
2015.01.21 00:00:22.217,1.15455,1.15457,1.00,1.87
2015.01.21 00:00:24.005,1.15456,1.15457,1.00,1.00
2015.01.21 00:00:24.511,1.15455,1.15457,2.25,1.37
2015.01.21 00:00:26.402,1.15456,1.15457,1.00,1.00
2015.01.21 00:00:26.705,1.15456,1.15458,1.00,1.12
2015.01.21 00:00:27.597,1.15455,1.15458,1.50,1.37
2015.01.21 00:00:30.586,1.15456,1.15457,1.00,1.12
2015.01.21 00:00:35.506,1.15456,1.15458,1.00,1.00
2015.01.21 00:00:36.109,1.15455,1.15458,1.50,2.25
2015.01.21 00:00:36.413,1.15457,1.1546,1.00,7.87
2015.01.21 00:00:36.565,1.15457,1.15458,1.00,1.00
2015.01.21 00:00:36.830,1.15457,1.1546,1.00,5.32
2015.01.21 00:00:38.828,1.15457,1.1546,1.00,4.12
2015.01.21 00:00:45.500,1.15457,1.1546,1.00,1.95
2015.01.21 00:00:45.689,1.15457,1.15458,1.00,1.00
2015.01.21 00:00:47.241,1.15456,1.15458,1.00,1.00
2015.01.21 00:00:48.524,1.15457,1.15458,1.00,1.00
2015.01.21 00:00:52.028,1.15456,1.15458,1.00,1.00
2015.01.21 00:00:52.334,1.15452,1.15453,1.50,1.00
2015.01.21 00:00:52.638,1.15452,1.15454,1.00,3.82
2015.01.21 00:00:52.740,1.1545,1.15452,1.00,1.00
2015.01.21 00:00:52.791,1.1545,1.15452,1.00,1.50
2015.01.21 00:00:53.025,1.15447,1.1545,1.50,1.00
2015.01.21 00:00:53.531,1.15446,1.1545,1.10,1.00
2015.01.21 00:00:54.464,1.15445,1.15449,1.87,1.00
2015.01.21 00:00:54.970,1.15445,1.15449,2.32,1.00
2015.01.21 00:00:57.533,1.15445,1.15449,2.32,1.37
2015.01.21 00:00:58.039,1.15446,1.15449,1.00,1.00
2015.01.21 00:00:59.991,1.15446,1.15448,2.25,1.00
2015.01.21 00:01:00.515,1.15447,1.15448,1.00,1.12
2015.01.21 00:01:01.067,1.15446,1.15448,1.00,1.00
2015.01.21 00:01:01.169,1.15443,1.15447,2.92,1.75
2015.01.21 00:01:01.372,1.15442,1.15447,2.62,1.75
2015.01.21 00:01:01.894,1.15442,1.15447,2.32,1.75
2015.01.21 00:01:02.606,1.15442,1.15447,1.10,3.73
2015.01.21 00:01:03.745,1.15441,1.15444,4.12,1.50
2015.01.21 00:01:04.256,1.15441,1.15446,5.62,2.40
2015.01.21 00:01:04.408,1.15443,1.15447,2.25,2.61
2015.01.21 00:01:04.661,1.15443,1.15445,1.57,1.11
2015.01.21 00:01:05.318,1.15443,1.15445,1.87,2.21
2015.01.21 00:01:08.097,1.15443,1.15445,1.10,2.21
2015.01.21 00:01:08.604,1.15441,1.15445,1.12,2.96
2015.01.21 00:01:10.445,1.15441,1.15444,1.12,1.00
2015.01.21 00:01:10.951,1.15441,1.15445,1.87,2.21
2015.01.21 00:01:17.604,1.15442,1.15446,1.00,3.79
2015.01.21 00:01:18.133,1.15442,1.15445,1.00,2.21
2015.01.21 00:01:19.057,1.15441,1.15444,1.10,1.50
2015.01.21 00:01:19.563,1.1544,1.15444,2.62,3.00
2015.01.21 00:01:20.359,1.15441,1.15444,1.00,1.50
2015.01.21 00:01:20.899,1.1544,1.15443,4.20,1.11
2015.01.21 00:01:21.856,1.1544,1.15444,4.20,2.61
2015.01.21 00:01:22.402,1.15441,1.15443,1.00,1.11
2015.01.21 00:01:25.388,1.1544,1.15443,6.45,1.11
2015.01.21 00:01:29.315,1.15439,1.15443,1.10,1.11
2015.01.21 00:01:30.279,1.15439,1.15442,1.10,1.11
2015.01.21 00:01:31.539,1.15439,1.15443,1.10,1.86
2015.01.21 00:01:32.145,1.15438,1.15442,3.30,1.11
2015.01.21 00:01:35.243,1.15438,1.15443,3.30,1.86
2015.01.21 00:01:35.749,1.15438,1.15442,2.55,1.11
2015.01.21 00:01:36.673,1.15442,1.15444,1.00,7.11
2015.01.21 00:01:37.180,1.15441,1.15444,1.00,1.86
2015.01.21 00:01:37.484,1.15439,1.15444,1.10,4.50
2015.01.21 00:01:38.495,1.1544,1.15444,1.12,4.50
2015.01.21 00:01:41.527,1.15441,1.15444,1.00,4.50
2015.01.21 00:01:41.628,1.15443,1.15444,1.00,3.75
2015.01.21 00:01:41.831,1.15443,1.15446,1.10,1.12
2015.01.21 00:01:42.040,1.15441,1.15445,1.87,1.00
2015.01.21 00:01:42.546,1.15442,1.15446,1.10,1.12
2015.01.21 00:01:43.102,1.15443,1.15446,1.00,1.12
2015.01.21 00:01:43.790,1.15442,1.15446,2.25,1.12
2015.01.21 00:01:44.305,1.1544,1.15443,3.75,1.00
2015.01.21 00:01:44.406,1.1544,1.15441,1.50,1.00
2015.01.21 00:01:44.558,1.1544,1.15445,3.37,1.00
2015.01.21 00:01:44.660,1.1544,1.15443,1.00,1.00
2015.01.21 00:01:44.764,1.1544,1.15443,4.50,1.00
2015.01.21 00:01:45.169,1.15437,1.15443,4.05,1.87
2015.01.21 00:01:45.220,1.15442,1.15445,1.00,6.37
2015.01.21 00:01:45.423,1.15442,1.15445,1.00,2.25
2015.01.21 00:01:45.625,1.15443,1.15448,1.57,1.87
2015.01.21 00:01:47.048,1.15442,1.15448,2.32,1.47
2015.01.21 00:01:47.594,1.15443,1.15444,3.00,1.00
2015.01.21 00:01:48.099,1.15442,1.15444,3.00,1.00
2015.01.21 00:01:48.624,1.15442,1.15444,3.00,1.00
2015.01.21 00:01:50.539,1.15443,1.15449,1.00,4.12
2015.01.21 00:01:50.590,1.15443,1.15449,1.00,4.87
2015.01.21 00:01:51.046,1.15443,1.15448,1.50,1.47
2015.01.21 00:01:51.552,1.1544,1.15444,1.00,1.12
2015.01.21 00:01:52.091,1.15439,1.15444,1.00,3.45
2015.01.21 00:01:52.601,1.15438,1.15444,3.75,4.20
2015.01.21 00:01:53.263,1.15438,1.15443,3.00,1.50
2015.01.21 00:01:53.619,1.1544,1.15443,1.50,1.00
2015.01.21 00:01:54.127,1.15441,1.15443,1.50,1.00
2015.01.21 00:01:58.577,1.15441,1.15443,1.87,1.00
2015.01.21 00:02:01.206,1.15441,1.15445,1.12,1.00
2015.01.21 00:02:01.830,1.15442,1.15445,1.10,1.94
2015.01.21 00:02:02.550,1.15441,1.15445,1.00,2.69
2015.01.21 00:02:03.358,1.15441,1.15445,1.00,2.69
2015.01.21 00:02:03.954,1.15441,1.15445,1.00,2.69
2015.01.21 00:02:04.460,1.15441,1.15444,1.00,1.59
2015.01.21 00:02:04.965,1.1544,1.15444,4.20,1.59
2015.01.21 00:02:05.646,1.1544,1.15443,1.20,1.59
2015.01.21 00:02:06.841,1.1544,1.15444,1.12,1.10
2015.01.21 00:02:07.347,1.15439,1.15443,1.12,1.00
2015.01.21 00:02:07.701,1.15442,1.15444,1.00,1.00
2015.01.21 00:02:08.227,1.15441,1.15444,1.00,1.00
2015.01.21 00:02:10.080,1.15442,1.15444,1.00,1.00
2015.01.21 00:02:10.233,1.15443,1.15446,1.00,1.10
2015.01.21 00:02:10.738,1.15442,1.15447,1.57,1.00
2015.01.21 00:02:11.909,1.15443,1.15447,1.00,1.00
2015.01.21 00:02:13.489,1.15444,1.15447,1.00,1.00
2015.01.21 00:02:13.649,1.15445,1.15449,1.00,1.10
2015.01.21 00:02:15.977,1.15444,1.15449,2.25,1.57
2015.01.21 00:02:16.504,1.15445,1.15449,1.00,1.57
2015.01.21 00:02:19.173,1.15444,1.15449,2.25,1.57
2015.01.21 00:02:19.678,1.15445,1.1545,3.00,7.50
2015.01.21 00:02:20.183,1.15446,1.1545,1.00,3.07
2015.01.21 00:02:20.708,1.15445,1.1545,4.87,3.07
2015.01.21 00:02:25.613,1.15445,1.15448,2.62,1.00
2015.01.21 00:02:29.820,1.15445,1.15447,1.12,1.00
2015.01.21 00:02:35.062,1.15444,1.15446,1.72,1.00
2015.01.21 00:02:35.574,1.15442,1.15445,2.07,3.00
2015.01.21 00:02:38.142,1.15445,1.15446,1.30,1.12
2015.01.21 00:02:38.294,1.15445,1.15448,1.30,1.00
2015.01.21 00:02:40.353,1.15445,1.15447,1.30,1.00
2015.01.21 00:02:42.473,1.15441,1.15446,6.60,1.00
2015.01.21 00:02:42.574,1.15442,1.15447,1.50,1.57
2015.01.21 00:02:43.089,1.15441,1.15446,1.95,1.50
2015.01.21 00:02:45.476,1.15441,1.15445,1.12,1.00
2015.01.21 00:02:45.984,1.1544,1.15444,2.25,1.50
2015.01.21 00:02:49.909,1.1544,1.15445,1.50,1.10
2015.01.21 00:02:50.414,1.15441,1.15447,1.12,4.12
2015.01.21 00:02:52.407,1.15442,1.15447,2.25,1.57
2015.01.21 00:02:53.046,1.15442,1.15447,4.20,1.50
2015.01.21 00:02:54.795,1.15442,1.15446,4.20,1.00
2015.01.21 00:02:54.948,1.15441,1.15446,1.95,1.52
2015.01.21 00:02:56.377,1.15441,1.15446,1.95,1.50
2015.01.21 00:02:59.190,1.15441,1.15447,5.70,1.57
2015.01.21 00:02:59.493,1.15442,1.15447,1.37,1.10
2015.01.21 00:02:59.998,1.15445,1.15448,1.00,1.12
2015.01.21 00:03:00.521,1.15444,1.15448,1.00,1.00
2015.01.21 00:03:01.027,1.15443,1.15448,1.20,2.25
2015.01.21 00:03:02.652,1.15442,1.15448,1.10,2.84
2015.01.21 00:03:02.956,1.15441,1.15446,3.75,1.00
2015.01.21 00:03:03.782,1.15441,1.15446,2.25,2.01
2015.01.21 00:03:04.338,1.15441,1.15444,1.50,1.50
2015.01.21 00:03:04.846,1.1544,1.15444,1.57,2.25
2015.01.21 00:03:05.664,1.1544,1.15444,1.47,4.26
2015.01.21 00:03:07.292,1.15439,1.15441,1.50,1.00
2015.01.21 00:03:07.396,1.15437,1.15441,3.75,1.00
2015.01.21 00:03:07.548,1.15436,1.1544,4.62,1.00
2015.01.21 00:03:07.599,1.15439,1.1544,1.87,1.00
2015.01.21 00:03:07.650,1.15439,1.15442,1.87,1.10
2015.01.21 00:03:07.802,1.15437,1.15442,2.25,1.57
2015.01.21 00:03:08.308,1.15436,1.15442,6.07,1.57
2015.01.21 00:03:08.813,1.15436,1.15441,5.32,1.00
2015.01.21 00:03:10.593,1.15437,1.15442,3.37,2.09
2015.01.21 00:03:10.861,1.15441,1.15445,3.75,3.52
2015.01.21 00:03:11.114,1.15442,1.15445,1.80,1.00
2015.01.21 00:03:11.367,1.15443,1.15447,2.25,1.00
2015.01.21 00:03:12.358,1.15443,1.15446,3.00,1.00
2015.01.21 00:03:12.460,1.15443,1.15445,3.00,1.00
2015.01.21 00:03:12.715,1.15441,1.15444,1.50,1.00
2015.01.21 00:03:13.220,1.15441,1.15445,1.50,1.00
2015.01.21 00:03:13.574,1.15444,1.15445,1.00,1.00
2015.01.21 00:03:13.676,1.15444,1.15448,1.50,1.12
2015.01.21 00:03:14.187,1.15445,1.15448,1.10,1.00
2015.01.21 00:03:16.676,1.15445,1.1545,2.32,3.45
2015.01.21 00:03:16.778,1.15448,1.1545,1.00,1.10
2015.01.21 00:03:16.983,1.15449,1.15451,1.57,1.00
2015.01.21 00:03:17.706,1.15448,1.1545,1.50,1.50
2015.01.21 00:03:18.236,1.15448,1.15451,1.37,1.12
2015.01.21 00:03:18.287,1.15446,1.1545,1.12,3.00
2015.01.21 00:03:18.338,1.15446,1.15448,1.00,1.00
2015.01.21 00:03:18.541,1.15445,1.1545,1.57,4.12
2015.01.21 00:03:19.047,1.15445,1.1545,6.82,1.00
2015.01.21 00:03:19.149,1.15446,1.1545,1.37,1.00
2015.01.21 00:03:20.135,1.15445,1.1545,4.57,2.25
2015.01.21 00:03:20.648,1.15445,1.1545,3.07,2.25
2015.01.21 00:03:21.334,1.15447,1.1545,1.00,1.00
2015.01.21 00:03:21.840,1.15446,1.1545,1.12,2.25
2015.01.21 00:03:25.439,1.15445,1.15451,5.32,2.32
2015.01.21 00:03:26.636,1.15445,1.15451,6.07,2.32
2015.01.21 00:03:27.861,1.15445,1.1545,5.32,1.00
2015.01.21 00:03:28.384,1.15445,1.15451,6.07,1.57
2015.01.21 00:03:38.110,1.15446,1.1545,1.37,1.00
2015.01.21 00:03:46.481,1.15445,1.1545,6.00,1.10
2015.01.21 00:03:51.948,1.15448,1.15449,1.00,1.00
2015.01.21 00:03:52.651,1.15448,1.1545,1.37,2.32
2015.01.21 00:03:53.677,1.15448,1.1545,1.12,1.10
2015.01.21 00:04:01.540,1.15445,1.1545,6.75,1.88
2015.01.21 00:04:02.062,1.15445,1.1545,7.50,1.88
2015.01.21 00:04:03.366,1.15445,1.1545,4.87,2.63
2015.01.21 00:04:04.772,1.15445,1.1545,5.62,5.63
2015.01.21 00:04:05.026,1.15444,1.15447,1.50,1.52
2015.01.21 00:04:05.128,1.15441,1.15445,1.20,2.02
2015.01.21 00:04:05.684,1.15439,1.15445,1.50,4.27
2015.01.21 00:04:06.188,1.15439,1.15445,1.20,4.65
2015.01.21 00:04:06.492,1.15437,1.15442,1.87,1.00
2015.01.21 00:04:06.543,1.15436,1.15442,2.32,1.00
2015.01.21 00:04:06.645,1.15436,1.15441,1.50,1.12
2015.01.21 00:04:08.806,1.15436,1.15441,1.12,1.37
2015.01.21 00:04:09.312,1.15435,1.15441,1.00,3.68
2015.01.21 00:04:11.734,1.15435,1.15437,1.00,1.50
2015.01.21 00:04:11.835,1.15435,1.15439,1.00,1.10
2015.01.21 00:04:12.345,1.15435,1.15441,1.50,1.12
2015.01.21 00:04:12.861,1.15436,1.15442,1.00,6.75
2015.01.21 00:04:14.550,1.15437,1.15442,1.00,1.37
2015.01.21 00:04:15.065,1.15438,1.15443,1.00,1.37
2015.01.21 00:04:15.762,1.15438,1.15443,1.00,1.12
2015.01.21 00:04:16.977,1.15437,1.15443,2.25,1.12
2015.01.21 00:04:17.520,1.15438,1.15443,1.00,1.12
2015.01.21 00:04:18.351,1.15437,1.15442,1.00,1.10
2015.01.21 00:04:21.730,1.15436,1.15442,2.32,1.57
2015.01.21 00:04:21.831,1.15436,1.1544,1.10,1.50
2015.01.21 00:04:22.185,1.15434,1.15437,1.87,1.50
2015.01.21 00:04:22.539,1.15432,1.15437,4.12,1.50
2015.01.21 00:04:23.848,1.15432,1.15438,5.62,2.25
2015.01.21 00:04:26.082,1.15433,1.15438,1.87,2.62
2015.01.21 00:04:33.274,1.15432,1.15437,1.87,1.87
2015.01.21 00:04:40.320,1.15432,1.15438,1.87,2.62
2015.01.21 00:04:40.862,1.15432,1.15438,1.87,1.12
2015.01.21 00:04:42.755,1.15433,1.15438,1.87,1.12
2015.01.21 00:04:42.957,1.15433,1.15439,1.12,1.10
2015.01.21 00:04:43.109,1.15432,1.15437,1.00,1.50
2015.01.21 00:04:43.413,1.15428,1.15433,2.62,1.00
2015.01.21 00:04:43.919,1.15428,1.15433,2.25,1.00
2015.01.21 00:04:44.453,1.15428,1.15432,1.50,1.00
2015.01.21 00:04:44.758,1.15425,1.15428,1.87,1.00
2015.01.21 00:04:44.859,1.15424,1.15428,1.10,1.00
2015.01.21 00:04:45.365,1.15423,1.15427,4.12,1.00
2015.01.21 00:04:48.350,1.15423,1.15426,1.47,1.00
2015.01.21 00:04:48.905,1.15423,1.15425,1.37,1.00
2015.01.21 00:04:49.774,1.15423,1.15426,1.37,1.10
2015.01.21 00:04:50.586,1.15425,1.15428,2.62,2.32
2015.01.21 00:04:51.093,1.15425,1.15427,2.62,1.50
2015.01.21 00:04:53.155,1.15425,1.15428,2.62,2.32
2015.01.21 00:04:55.720,1.15425,1.1543,2.62,2.62
2015.01.21 00:04:56.313,1.15425,1.1543,1.95,1.50
2015.01.21 00:05:01.573,1.15425,1.15429,2.70,1.00
2015.01.21 00:05:03.104,1.15425,1.15427,2.70,1.00
2015.01.21 00:05:03.611,1.15425,1.15426,2.25,1.00
2015.01.21 00:05:08.556,1.15425,1.15427,2.62,1.10
2015.01.21 00:05:09.062,1.15425,1.15428,1.37,1.10
2015.01.21 00:05:17.483,1.15425,1.15427,2.62,1.00
2015.01.21 00:05:21.675,1.15425,1.15427,2.25,1.00
2015.01.21 00:05:22.420,1.15423,1.15427,2.25,1.00
2015.01.21 00:05:25.059,1.15421,1.15425,4.23,1.00
2015.01.21 00:05:27.341,1.15421,1.15424,1.00,3.75
2015.01.21 00:05:27.854,1.1542,1.15424,3.37,3.00
2015.01.21 00:05:28.360,1.1542,1.15423,3.37,1.10
2015.01.21 00:05:32.667,1.15421,1.15422,1.12,1.00
2015.01.21 00:05:33.382,1.1542,1.15422,1.00,1.00
2015.01.21 00:05:33.433,1.15418,1.15421,2.62,1.00
2015.01.21 00:05:38.066,1.15417,1.15421,1.00,1.50
2015.01.21 00:05:38.369,1.15416,1.15418,1.12,1.00
2015.01.21 00:05:38.876,1.15415,1.15418,1.50,1.00
2015.01.21 00:05:38.926,1.15415,1.1542,1.50,1.10
2015.01.21 00:05:41.577,1.15415,1.1542,1.87,1.12
2015.01.21 00:05:42.144,1.15417,1.15421,1.50,1.47
2015.01.21 00:05:42.887,1.15415,1.1542,1.87,1.00
2015.01.21 00:05:42.989,1.15415,1.15418,1.87,1.00
2015.01.21 00:05:45.998,1.15415,1.15418,1.87,1.00
2015.01.21 00:05:47.194,1.15415,1.15418,1.57,1.00
2015.01.21 00:05:47.709,1.15415,1.15419,1.57,1.00
2015.01.21 00:05:48.402,1.15415,1.15418,1.57,1.00
2015.01.21 00:05:48.705,1.15414,1.15416,1.10,1.00
2015.01.21 00:05:49.238,1.15412,1.15416,3.45,1.00
2015.01.21 00:05:50.684,1.15415,1.15416,1.00,1.00
2015.01.21 00:05:51.240,1.15415,1.15417,1.00,1.00
2015.01.21 00:05:53.315,1.15414,1.15417,1.00,1.00
2015.01.21 00:06:01.274,1.15415,1.15417,1.00,1.00
2015.01.21 00:06:01.628,1.15416,1.15418,1.37,1.00
2015.01.21 00:06:04.773,1.15416,1.15419,1.87,1.50
2015.01.21 00:06:05.304,1.15416,1.15419,1.50,1.50
2015.01.21 00:06:05.616,1.15415,1.15417,1.50,1.00
2015.01.21 00:06:06.224,1.15415,1.15418,1.87,1.00
2015.01.21 00:06:06.818,1.15416,1.15418,2.62,1.00
2015.01.21 00:06:12.286,1.15416,1.15419,1.87,1.50
2015.01.21 00:06:12.974,1.15416,1.15418,1.87,1.00
2015.01.21 00:06:16.477,1.15416,1.1542,1.95,1.00
2015.01.21 00:06:16.579,1.15418,1.1542,1.37,1.50
2015.01.21 00:06:19.397,1.15419,1.15421,1.12,1.00
2015.01.21 00:06:19.549,1.15421,1.15425,1.12,1.95
2015.01.21 00:06:19.864,1.15421,1.15423,1.87,1.00
2015.01.21 00:06:19.965,1.15422,1.15425,1.00,1.00
2015.01.21 00:06:22.389,1.1542,1.15425,3.07,1.00
2015.01.21 00:06:22.894,1.15422,1.15425,1.50,1.12
2015.01.21 00:06:24.036,1.15422,1.15424,6.82,1.00
2015.01.21 00:06:24.550,1.15422,1.15424,4.95,1.00
2015.01.21 00:06:26.037,1.15422,1.15423,3.82,1.00
2015.01.21 00:06:27.356,1.15422,1.15424,1.50,1.00
2015.01.21 00:06:27.559,1.15424,1.15427,1.00,1.10
2015.01.21 00:06:28.064,1.15423,1.15427,2.70,1.00
2015.01.21 00:06:29.558,1.15423,1.15426,2.70,1.00
2015.01.21 00:06:32.279,1.15422,1.15425,3.00,1.00
2015.01.21 00:06:34.383,1.15423,1.15426,1.20,1.00
2015.01.21 00:06:37.222,1.15424,1.15426,1.00,1.00
2015.01.21 00:06:42.326,1.15423,1.15426,2.62,1.00
2015.01.21 00:06:50.424,1.15424,1.15426,1.00,1.00
2015.01.21 00:06:50.944,1.15425,1.15427,2.25,1.00
2015.01.21 00:06:53.021,1.15424,1.15427,1.00,1.00
2015.01.21 00:06:57.423,1.15425,1.15427,1.00,1.00
2015.01.21 00:06:58.860,1.15424,1.15427,1.87,1.00
2015.01.21 00:07:05.317,1.15426,1.15427,1.00,1.00
2015.01.21 00:07:05.625,1.15424,1.15427,2.62,1.00
2015.01.21 00:07:06.509,1.15427,1.15429,1.00,1.05
2015.01.21 00:07:23.621,1.15426,1.15428,1.50,1.00
2015.01.21 00:07:24.144,1.15425,1.15428,3.00,1.00
2015.01.21 00:07:25.652,1.15425,1.15429,3.00,1.10
2015.01.21 00:07:27.275,1.15426,1.15429,1.00,1.10
2015.01.21 00:07:27.811,1.15425,1.15429,3.75,1.10
2015.01.21 00:07:28.115,1.15426,1.15429,1.37,1.10
2015.01.21 00:07:28.620,1.15426,1.1543,1.87,1.10
2015.01.21 00:07:32.483,1.15426,1.1543,2.70,1.10
2015.01.21 00:07:36.343,1.15426,1.15429,1.95,1.00
2015.01.21 00:07:45.650,1.15426,1.1543,4.20,3.07
2015.01.21 00:07:45.954,1.15428,1.15433,1.57,3.82
2015.01.21 00:07:46.826,1.15428,1.15433,2.70,3.07
2015.01.21 00:07:48.312,1.1543,1.15433,1.00,1.57
2015.01.21 00:07:48.818,1.15428,1.15433,1.95,3.00
2015.01.21 00:07:49.541,1.1543,1.15433,1.00,3.00
2015.01.21 00:07:50.740,1.15429,1.15433,1.12,3.00
2015.01.21 00:07:53.467,1.1543,1.15433,1.00,3.00
2015.01.21 00:07:54.377,1.15429,1.15433,1.87,3.00
2015.01.21 00:07:55.874,1.1543,1.15433,1.00,3.00
2015.01.21 00:07:57.934,1.1543,1.15434,1.00,6.82
2015.01.21 00:07:58.671,1.1543,1.15433,1.00,1.50
2015.01.21 00:07:59.198,1.15429,1.15433,2.62,1.50
2015.01.21 00:07:59.700,1.15429,1.15434,2.62,7.57
2015.01.21 00:08:00.373,1.15429,1.15433,2.62,1.50
2015.01.21 00:08:01.997,1.15429,1.15434,2.62,7.57
2015.01.21 00:08:02.505,1.15429,1.15433,2.62,1.50
2015.01.21 00:08:03.014,1.15429,1.15434,2.62,7.57
2015.01.21 00:08:03.523,1.15429,1.15433,2.62,1.50
2015.01.21 00:08:04.032,1.15429,1.15434,2.62,7.57
2015.01.21 00:08:05.303,1.15429,1.15433,2.62,1.50
2015.01.21 00:08:07.339,1.15429,1.15434,1.87,7.57
2015.01.21 00:08:08.159,1.15429,1.15433,1.12,1.50
2015.01.21 00:08:19.181,1.15432,1.15433,3.75,2.25
2015.01.21 00:08:19.334,1.15434,1.15436,1.00,2.32
2015.01.21 00:08:19.486,1.15435,1.15438,1.00,1.00
2015.01.21 00:08:19.588,1.15435,1.15438,1.95,1.00
2015.01.21 00:08:19.638,1.15435,1.1544,1.95,2.25
2015.01.21 00:08:20.144,1.15435,1.15439,3.07,1.00
2015.01.21 00:08:20.651,1.15435,1.1544,3.07,2.25
2015.01.21 00:08:22.773,1.15437,1.1544,1.37,2.25
2015.01.21 00:08:28.371,1.15438,1.1544,1.00,2.25
2015.01.21 00:08:28.878,1.15436,1.1544,3.45,1.00
2015.01.21 00:08:29.992,1.15438,1.1544,1.00,1.00
2015.01.21 00:08:30.196,1.15441,1.15444,1.00,3.00
2015.01.21 00:08:30.653,1.15443,1.15445,1.50,4.27
2015.01.21 00:08:30.806,1.15445,1.15448,1.00,1.20
2015.01.21 00:08:31.009,1.15447,1.15449,1.00,1.00
2015.01.21 00:08:31.515,1.15448,1.15452,1.00,1.00
2015.01.21 00:08:32.833,1.15448,1.15451,1.00,1.00
2015.01.21 00:08:33.340,1.15448,1.15451,1.37,1.00
2015.01.21 00:08:33.846,1.15448,1.15452,1.37,1.00
2015.01.21 00:08:34.522,1.15446,1.1545,6.75,1.00
2015.01.21 00:08:35.028,1.15445,1.15449,6.37,1.00
2015.01.21 00:08:35.549,1.15445,1.15449,3.00,1.00
2015.01.21 00:08:41.465,1.15445,1.15448,1.12,1.00
2015.01.21 00:08:41.769,1.15442,1.15448,3.45,4.20
2015.01.21 00:08:41.972,1.15441,1.15445,1.57,1.31
2015.01.21 00:08:42.427,1.15443,1.15446,1.50,1.00
2015.01.21 00:08:42.934,1.15445,1.15447,1.50,1.00
2015.01.21 00:08:43.471,1.15445,1.15448,1.50,1.00
2015.01.21 00:08:46.233,1.15446,1.15448,1.00,1.00
2015.01.21 00:08:54.514,1.15446,1.1545,1.00,2.25
2015.01.21 00:08:55.027,1.15447,1.1545,1.50,2.25
2015.01.21 00:09:05.405,1.15447,1.15449,1.00,1.00
2015.01.21 00:09:06.375,1.15445,1.15449,2.62,1.00
2015.01.21 00:09:08.679,1.15445,1.15449,1.95,1.00
2015.01.21 00:09:18.270,1.15445,1.15448,2.70,1.00
2015.01.21 00:09:18.809,1.15446,1.15448,1.50,1.00
2015.01.21 00:09:20.201,1.15445,1.15448,5.70,1.00
2015.01.21 00:09:20.918,1.15445,1.15449,5.70,1.00
2015.01.21 00:09:21.912,1.15446,1.15449,1.00,1.00
2015.01.21 00:09:23.164,1.15445,1.15449,7.95,1.00
2015.01.21 00:09:23.875,1.15446,1.15449,1.00,1.00
2015.01.21 00:09:24.381,1.15445,1.15449,1.20,1.00
2015.01.21 00:09:24.899,1.15444,1.15448,1.10,1.00
2015.01.21 00:09:26.113,1.15444,1.15447,1.57,1.00
2015.01.21 00:09:36.904,1.15445,1.15447,1.87,1.00
2015.01.21 00:09:37.663,1.15446,1.15449,1.00,1.00
2015.01.21 00:09:37.816,1.15447,1.15449,6.37,1.00
2015.01.21 00:09:37.867,1.15451,1.15453,1.00,1.57
2015.01.21 00:09:37.918,1.15451,1.15454,4.12,1.05
2015.01.21 00:09:38.070,1.15454,1.15459,1.50,1.95
2015.01.21 00:09:38.591,1.15455,1.15458,1.00,1.00
2015.01.21 00:09:40.505,1.15455,1.15459,1.10,1.00
2015.01.21 00:09:50.902,1.15456,1.15459,1.00,1.00
2015.01.21 00:10:10.231,1.15456,1.1546,1.00,4.50
2015.01.21 00:10:15.471,1.15456,1.15459,1.00,1.00
2015.01.21 00:10:38.290,1.15456,1.15459,1.00,1.47
2015.01.21 00:10:39.267,1.15456,1.15458,1.00,1.37
2015.01.21 00:10:39.470,1.15454,1.15457,1.12,1.12
2015.01.21 00:10:40.031,1.15455,1.15457,1.87,1.12
2015.01.21 00:11:02.493,1.15454,1.15457,1.00,1.00
2015.01.21 00:11:05.043,1.15455,1.15457,1.00,1.00
2015.01.21 00:11:05.550,1.15456,1.15457,1.00,1.00
2015.01.21 00:11:05.651,1.15456,1.1546,1.00,5.25
2015.01.21 00:11:08.588,1.15455,1.1546,1.87,5.62
2015.01.21 00:11:16.331,1.15456,1.1546,1.00,4.87
2015.01.21 00:11:16.836,1.15455,1.1546,4.12,4.87
2015.01.21 00:11:18.628,1.15456,1.1546,1.00,4.12
2015.01.21 00:11:23.097,1.15458,1.1546,1.00,4.12
2015.01.21 00:11:23.401,1.15458,1.15459,1.12,1.00
2015.01.21 00:11:23.452,1.15458,1.15459,1.00,1.00
2015.01.21 00:11:24.589,1.15457,1.15459,1.10,1.00
2015.01.21 00:11:26.489,1.15457,1.15459,1.20,1.00
2015.01.21 00:11:26.996,1.15456,1.15457,1.00,1.00
2015.01.21 00:11:27.098,1.15454,1.15457,1.12,1.00
2015.01.21 00:11:27.772,1.15454,1.15456,1.12,1.00
2015.01.21 00:11:28.876,1.15454,1.15455,1.12,1.00
2015.01.21 00:11:28.978,1.15453,1.15455,1.37,3.00
2015.01.21 00:11:29.029,1.15451,1.15453,1.50,1.00
2015.01.21 00:11:29.131,1.1545,1.15451,1.95,1.00
2015.01.21 00:11:29.283,1.15446,1.15451,2.40,1.00
2015.01.21 00:11:29.637,1.15447,1.15449,1.00,1.00
2015.01.21 00:11:29.814,1.15446,1.15449,2.32,1.00
2015.01.21 00:11:35.366,1.15446,1.15449,1.87,1.00
2015.01.21 00:11:36.041,1.15447,1.15449,1.00,1.00
2015.01.21 00:11:43.151,1.15446,1.15449,1.12,1.00
2015.01.21 00:11:43.858,1.15447,1.15449,1.00,1.00
2015.01.21 00:11:46.600,1.15447,1.1545,1.87,1.00
2015.01.21 00:11:49.598,1.15447,1.15453,1.95,2.32
2015.01.21 00:11:49.700,1.15449,1.15452,1.37,1.00
2015.01.21 00:11:52.806,1.15453,1.15455,1.50,1.87
2015.01.21 00:11:52.858,1.15453,1.15454,1.50,1.10
2015.01.21 00:11:53.314,1.15455,1.15459,1.00,1.10
2015.01.21 00:11:53.416,1.15455,1.15457,1.50,1.00
2015.01.21 00:12:00.109,1.15455,1.15457,1.00,1.00
2015.01.21 00:12:00.464,1.15453,1.15456,1.95,1.00
2015.01.21 00:12:00.667,1.15451,1.15454,1.12,1.50
2015.01.21 00:12:01.173,1.15449,1.15452,1.87,1.10
2015.01.21 00:12:01.680,1.1545,1.15452,1.50,1.00
2015.01.21 00:12:08.928,1.1545,1.15455,1.87,11.81
2015.01.21 00:12:12.427,1.1545,1.15453,1.87,1.00
2015.01.21 00:12:17.555,1.15449,1.15453,1.37,1.50
2015.01.21 00:12:18.080,1.15449,1.15452,1.37,2.25
2015.01.21 00:12:18.384,1.15449,1.15452,1.12,1.50
2015.01.21 00:12:23.136,1.15447,1.1545,1.95,1.50
2015.01.21 00:12:24.667,1.15446,1.1545,2.25,2.25
2015.01.21 00:12:31.890,1.15448,1.15451,1.12,1.00
2015.01.21 00:12:35.456,1.15447,1.1545,1.95,1.00
2015.01.21 00:12:35.961,1.15447,1.15451,1.95,1.00
2015.01.21 00:12:38.271,1.15447,1.15452,1.95,2.25
2015.01.21 00:12:39.092,1.15447,1.15452,2.70,1.50
2015.01.21 00:12:39.597,1.15448,1.15453,2.62,2.32
2015.01.21 00:12:43.589,1.15449,1.15453,1.87,1.00
2015.01.21 00:12:44.094,1.1545,1.15454,4.12,1.50
2015.01.21 00:12:46.879,1.1545,1.15454,2.25,1.50
2015.01.21 00:12:47.384,1.15448,1.15454,3.00,1.50
2015.01.21 00:12:52.474,1.15448,1.15452,1.95,1.00
2015.01.21 00:12:53.245,1.1545,1.15452,1.00,1.00
2015.01.21 00:12:53.801,1.15449,1.15453,1.12,1.00
2015.01.21 00:12:57.458,1.1545,1.15453,1.00,1.00
2015.01.21 00:12:57.983,1.15449,1.15453,3.37,1.00
2015.01.21 00:12:58.542,1.1545,1.15453,1.00,1.00
2015.01.21 00:13:00.006,1.15449,1.15453,3.37,1.00
2015.01.21 00:13:00.514,1.1545,1.15453,1.00,1.00
2015.01.21 00:13:02.841,1.15449,1.15453,3.37,1.00
2015.01.21 00:13:03.521,1.1545,1.15453,1.00,1.00
2015.01.21 00:13:04.355,1.15449,1.15453,3.37,1.00
2015.01.21 00:13:14.388,1.15448,1.15452,1.95,1.00
2015.01.21 00:13:15.279,1.15448,1.15451,1.87,1.00
2015.01.21 00:13:29.124,1.15448,1.15451,1.00,1.00
2015.01.21 00:13:34.307,1.15448,1.15452,2.62,1.00
2015.01.21 00:13:35.719,1.15448,1.15451,2.62,1.00
2015.01.21 00:13:37.257,1.15447,1.15451,4.95,1.00
2015.01.21 00:13:38.067,1.15448,1.15451,1.00,1.00
2015.01.21 00:13:41.327,1.15448,1.15452,1.00,1.00
2015.01.21 00:13:42.317,1.15448,1.15451,1.00,1.00
2015.01.21 00:13:43.605,1.15447,1.15451,3.07,1.00
2015.01.21 00:13:44.240,1.15448,1.15451,1.00,1.00
2015.01.21 00:13:44.778,1.15448,1.15452,1.50,1.00
2015.01.21 00:13:47.207,1.15449,1.15452,1.00,1.00
2015.01.21 00:13:48.384,1.15448,1.15452,2.25,1.00
2015.01.21 00:14:02.824,1.15449,1.15452,1.00,1.00
2015.01.21 00:14:03.338,1.15448,1.15452,1.50,1.00
2015.01.21 00:14:03.864,1.15449,1.15452,1.00,1.00
2015.01.21 00:14:04.508,1.15449,1.15453,1.00,2.32
2015.01.21 00:14:05.075,1.15448,1.15453,1.50,2.32
2015.01.21 00:14:05.972,1.15449,1.15453,1.00,2.32
2015.01.21 00:14:06.476,1.15451,1.15453,1.00,2.32
2015.01.21 00:14:06.542,1.1545,1.15453,4.87,2.32
2015.01.21 00:14:06.594,1.15453,1.15456,1.00,1.50
2015.01.21 00:14:06.645,1.15453,1.15457,1.50,2.62
2015.01.21 00:14:06.698,1.15454,1.15457,1.00,1.50
2015.01.21 00:14:07.507,1.15455,1.15457,1.00,1.12
2015.01.21 00:14:13.084,1.15454,1.15457,1.50,1.12
2015.01.21 00:14:15.292,1.15454,1.15456,1.50,1.00
2015.01.21 00:14:19.396,1.15454,1.15455,1.00,1.00
2015.01.21 00:14:19.897,1.15452,1.15455,3.07,2.25
2015.01.21 00:14:19.948,1.15452,1.15453,2.32,1.00
2015.01.21 00:14:20.151,1.15449,1.15452,2.32,1.00
2015.01.21 00:14:20.680,1.15449,1.15452,1.50,1.00
2015.01.21 00:14:21.854,1.15448,1.15452,1.10,1.00
2015.01.21 00:14:21.905,1.15448,1.1545,1.10,1.00
2015.01.21 00:14:22.417,1.15447,1.1545,3.07,1.00
2015.01.21 00:14:24.732,1.15448,1.1545,1.50,1.00
2015.01.21 00:14:29.878,1.15447,1.1545,3.00,1.00
2015.01.21 00:14:34.476,1.15448,1.1545,1.00,1.00
2015.01.21 00:14:37.963,1.15447,1.1545,3.00,1.00
2015.01.21 00:14:51.077,1.15446,1.1545,1.57,2.62
2015.01.21 00:14:51.381,1.15444,1.15446,2.70,1.00
2015.01.21 00:14:51.938,1.15444,1.15446,1.00,1.12
2015.01.21 00:15:00.317,1.15444,1.15446,1.37,1.12
2015.01.21 00:15:00.520,1.15446,1.15448,1.00,1.00
2015.01.21 00:15:01.027,1.15447,1.15449,1.00,1.12
2015.01.21 00:15:01.717,1.15446,1.15449,1.50,1.12
2015.01.21 00:15:02.298,1.15446,1.15448,1.50,1.00
2015.01.21 00:15:03.908,1.15446,1.15448,1.00,1.00
2015.01.21 00:15:06.024,1.15445,1.1545,1.95,1.00
2015.01.21 00:15:19.123,1.15445,1.15448,4.12,1.00
2015.01.21 00:15:23.600,1.15445,1.15448,3.75,1.00
2015.01.21 00:15:34.738,1.15446,1.15448,3.37,1.00
2015.01.21 00:15:35.255,1.15447,1.15448,1.00,1.00
2015.01.21 00:15:35.764,1.15446,1.15448,1.12,1.00
2015.01.21 00:15:36.303,1.15446,1.15448,1.12,1.00
2015.01.21 00:15:36.812,1.15447,1.15451,1.00,1.57
2015.01.21 00:15:37.335,1.15447,1.15449,1.00,1.00
2015.01.21 00:15:38.376,1.15445,1.15448,4.87,1.00
2015.01.21 00:15:38.945,1.15445,1.15448,4.12,1.00
2015.01.21 00:15:39.518,1.15445,1.15447,3.75,1.00
2015.01.21 00:15:42.346,1.15445,1.15448,2.62,1.00
2015.01.21 00:15:42.861,1.15445,1.15448,6.37,1.00
2015.01.21 00:15:53.296,1.15445,1.15447,3.00,1.00
2015.01.21 00:15:55.397,1.15445,1.15448,2.62,1.00
2015.01.21 00:15:55.924,1.15444,1.15447,1.95,1.00
2015.01.21 00:16:04.314,1.15444,1.15446,1.20,1.00
2015.01.21 00:16:13.774,1.15444,1.15447,1.47,1.00
2015.01.21 00:16:18.655,1.15444,1.15446,1.87,1.00
2015.01.21 00:16:32.187,1.15444,1.15446,1.37,1.00
2015.01.21 00:16:35.131,1.15444,1.15445,1.12,1.00
2015.01.21 00:16:36.120,1.15444,1.15446,1.37,1.00
2015.01.21 00:16:42.394,1.15444,1.15445,1.00,2.25
2015.01.21 00:16:42.598,1.1544,1.15442,3.30,1.00
2015.01.21 00:16:42.955,1.15437,1.15439,1.87,1.00
2015.01.21 00:16:46.116,1.15438,1.15439,1.00,1.00
2015.01.21 00:16:49.647,1.15437,1.15439,1.00,1.00
2015.01.21 00:16:54.049,1.15436,1.15439,2.85,1.00
2015.01.21 00:16:56.282,1.15437,1.15439,1.00,1.00
2015.01.21 00:16:56.929,1.15438,1.15439,1.00,1.00
2015.01.21 00:17:00.843,1.15437,1.15439,1.00,1.00
2015.01.21 00:17:01.344,1.15438,1.15439,1.00,1.00
2015.01.21 00:17:02.845,1.15437,1.15439,1.00,1.00
2015.01.21 00:17:03.382,1.15438,1.15439,1.00,1.00
2015.01.21 00:17:04.893,1.15436,1.15439,3.60,1.00
2015.01.21 00:17:05.095,1.15438,1.15439,1.00,1.00
2015.01.21 00:17:05.809,1.15436,1.15439,2.85,1.00
2015.01.21 00:17:06.263,1.1544,1.15443,1.00,2.62
2015.01.21 00:17:06.467,1.15439,1.15442,2.62,1.00
2015.01.21 00:17:06.821,1.15439,1.15442,3.37,1.00
2015.01.21 00:17:07.892,1.15439,1.15441,1.50,1.00
2015.01.21 00:17:13.314,1.15438,1.1544,1.00,1.00
2015.01.21 00:17:14.383,1.15438,1.15441,1.37,1.00
2015.01.21 00:17:17.255,1.15437,1.1544,1.57,1.00
2015.01.21 00:17:17.508,1.15437,1.15439,1.87,1.00
2015.01.21 00:17:18.032,1.15436,1.15439,2.62,1.00
2015.01.21 00:17:23.849,1.15437,1.15442,1.37,1.50
2015.01.21 00:17:23.951,1.15439,1.15442,1.87,1.00
2015.01.21 00:17:24.052,1.15437,1.1544,3.37,1.00
2015.01.21 00:17:24.565,1.15436,1.15439,3.37,1.00
2015.01.21 00:17:30.657,1.15437,1.1544,1.12,1.00
2015.01.21 00:17:39.814,1.15437,1.15441,1.00,1.00
2015.01.21 00:17:40.329,1.15437,1.1544,1.00,1.00
2015.01.21 00:17:56.265,1.15436,1.1544,3.37,1.00
2015.01.21 00:17:57.008,1.15437,1.1544,1.00,1.00
2015.01.21 00:17:58.173,1.15436,1.1544,4.12,1.00
2015.01.21 00:17:58.376,1.15439,1.15443,1.00,3.07
2015.01.21 00:17:58.681,1.15439,1.15442,1.50,1.00
2015.01.21 00:17:58.883,1.15439,1.15441,1.12,1.00
2015.01.21 00:17:59.085,1.15439,1.15444,1.12,1.00
2015.01.21 00:17:59.439,1.15438,1.15444,3.37,2.62
2015.01.21 00:17:59.980,1.15438,1.15444,2.62,3.00
2015.01.21 00:18:00.806,1.1544,1.15443,1.00,1.37
2015.01.21 00:18:01.060,1.15441,1.15445,1.12,1.42
2015.01.21 00:18:01.582,1.1544,1.15444,9.37,1.00
2015.01.21 00:18:01.836,1.1544,1.15442,3.00,1.00
2015.01.21 00:18:02.823,1.15439,1.15441,1.00,1.00
2015.01.21 00:18:05.723,1.15439,1.15441,1.00,1.00
2015.01.21 00:18:06.238,1.15439,1.15441,1.00,1.00
2015.01.21 00:18:08.999,1.15438,1.15441,3.41,1.00
2015.01.21 00:18:09.537,1.15439,1.15441,1.00,1.00
2015.01.21 00:18:10.428,1.15438,1.1544,3.41,1.00
2015.01.21 00:18:20.957,1.15438,1.1544,1.37,1.00
2015.01.21 00:18:22.113,1.15438,1.15441,3.41,1.00
2015.01.21 00:18:23.848,1.1544,1.15441,1.00,1.00
2015.01.21 00:18:24.354,1.1544,1.15442,1.50,1.10
2015.01.21 00:18:29.520,1.1544,1.15442,1.87,1.10
2015.01.21 00:18:30.793,1.1544,1.15442,1.87,1.00
2015.01.21 00:18:32.415,1.15439,1.15441,1.12,1.00
2015.01.21 00:18:32.917,1.15439,1.15441,1.91,1.00
2015.01.21 00:18:33.436,1.15439,1.15443,1.91,1.87
2015.01.21 00:18:38.393,1.15439,1.15441,1.91,1.00
2015.01.21 00:18:38.899,1.1544,1.15444,1.00,2.62
2015.01.21 00:18:39.404,1.1544,1.15441,1.12,1.00
2015.01.21 00:18:39.905,1.15439,1.15441,4.54,1.00
2015.01.21 00:18:40.432,1.1544,1.15441,1.12,1.00
2015.01.21 00:18:42.265,1.15439,1.15441,4.54,1.00
2015.01.21 00:18:42.922,1.1544,1.15441,1.12,1.00
2015.01.21 00:18:48.124,1.15439,1.15441,4.54,1.00
2015.01.21 00:18:49.032,1.1544,1.15441,1.12,1.00
2015.01.21 00:18:51.769,1.15439,1.15441,4.54,1.00
2015.01.21 00:18:52.596,1.1544,1.15441,1.12,1.00
2015.01.21 00:18:55.669,1.15439,1.15441,2.62,1.00
2015.01.21 00:18:56.286,1.1544,1.15441,1.00,1.00
2015.01.21 00:18:56.812,1.15439,1.15441,4.04,1.00
2015.01.21 00:18:57.877,1.1544,1.15441,2.62,1.12
2015.01.21 00:18:58.397,1.1544,1.15442,5.25,1.50
2015.01.21 00:18:59.741,1.15441,1.15442,1.00,1.50
2015.01.21 00:19:00.246,1.1544,1.15442,5.32,1.50
2015.01.21 00:19:00.756,1.15441,1.15442,1.00,1.50
2015.01.21 00:19:05.012,1.15441,1.15444,1.00,1.87
2015.01.21 00:19:05.362,1.15445,1.1545,1.00,1.87
2015.01.21 00:19:05.970,1.15448,1.1545,1.00,1.12
2015.01.21 00:19:06.593,1.15448,1.15451,1.00,1.50
2015.01.21 00:19:24.181,1.15448,1.15452,3.00,1.12
2015.01.21 00:19:24.738,1.15447,1.15449,1.00,1.00
2015.01.21 00:19:25.048,1.15444,1.15447,3.75,1.00
2015.01.21 00:19:25.612,1.15446,1.15448,2.29,1.00
2015.01.21 00:19:25.764,1.15447,1.1545,1.05,3.07
2015.01.21 00:19:26.773,1.15447,1.1545,1.05,3.07
2015.01.21 00:19:27.875,1.15447,1.1545,1.54,2.70
2015.01.21 00:19:27.926,1.15447,1.1545,1.54,3.45
2015.01.21 00:19:28.851,1.15446,1.1545,3.79,3.37
2015.01.21 00:19:29.783,1.15447,1.15449,1.05,1.12
2015.01.21 00:19:30.701,1.15448,1.1545,1.00,1.87
2015.01.21 00:19:30.904,1.1545,1.15451,2.25,1.87
2015.01.21 00:19:31.157,1.1545,1.15451,1.50,1.00
2015.01.21 00:19:31.259,1.15448,1.15449,2.25,1.87
2015.01.21 00:19:33.215,1.15449,1.15451,2.50,1.50
2015.01.21 00:19:34.227,1.15448,1.15449,3.00,1.00
2015.01.21 00:19:34.429,1.15449,1.15451,2.50,1.00
2015.01.21 00:19:35.196,1.15449,1.1545,1.00,1.87
2015.01.21 00:19:35.755,1.15449,1.15452,1.00,1.10
2015.01.21 00:19:36.007,1.15448,1.1545,2.25,1.87
2015.01.21 00:19:36.137,1.15449,1.15451,1.00,1.00
2015.01.21 00:19:36.654,1.15449,1.1545,1.50,1.12
2015.01.21 00:19:37.158,1.15449,1.15451,1.00,1.00
2015.01.21 00:19:38.041,1.15449,1.1545,2.25,1.12
2015.01.21 00:19:38.960,1.15449,1.15451,2.50,1.00
2015.01.21 00:19:41.101,1.15449,1.1545,2.25,1.12
2015.01.21 00:19:41.654,1.15449,1.15451,2.50,1.00
2015.01.21 00:19:45.267,1.15449,1.1545,2.25,1.12
2015.01.21 00:19:45.809,1.15449,1.15451,2.50,1.00
2015.01.21 00:19:50.559,1.15449,1.1545,2.25,1.87
2015.01.21 00:19:51.066,1.15447,1.15449,2.25,1.00
2015.01.21 00:19:51.574,1.1545,1.15453,1.00,1.50
2015.01.21 00:19:51.978,1.15447,1.15449,2.25,1.00
2015.01.21 00:19:56.482,1.15448,1.1545,1.50,1.37
2015.01.21 00:19:59.778,1.1545,1.15454,1.50,2.62
2015.01.21 00:20:12.435,1.1545,1.15454,1.50,4.12
2015.01.21 00:20:16.084,1.1545,1.15453,1.50,1.12
2015.01.21 00:20:20.186,1.1545,1.15454,1.50,4.12
2015.01.21 00:20:21.657,1.1545,1.15454,1.50,4.12
2015.01.21 00:20:24.177,1.1545,1.15454,1.50,4.12
2015.01.21 00:20:33.596,1.1545,1.15453,1.50,1.12
2015.01.21 00:20:35.398,1.15449,1.15451,2.29,1.37
2015.01.21 00:20:39.910,1.15449,1.1545,1.05,1.50
2015.01.21 00:20:44.107,1.1545,1.15454,2.25,1.37
2015.01.21 00:20:53.899,1.15449,1.15453,2.29,2.62
2015.01.21 00:20:55.640,1.15448,1.15453,1.54,1.87
2015.01.21 00:20:56.337,1.15449,1.15453,1.05,2.62
2015.01.21 00:20:57.385,1.15448,1.15453,1.54,1.87
2015.01.21 00:20:57.987,1.15449,1.1545,1.05,1.50
2015.01.21 00:20:59.034,1.15448,1.1545,1.54,2.25
2015.01.21 00:20:59.637,1.15449,1.1545,1.05,1.50
2015.01.21 00:21:05.400,1.15448,1.15449,1.54,1.50
2015.01.21 00:21:07.043,1.15446,1.15448,3.82,1.37
2015.01.21 00:21:07.923,1.15448,1.15449,1.54,1.50
2015.01.21 00:21:19.867,1.15448,1.1545,3.04,1.00
2015.01.21 00:21:22.824,1.15447,1.15449,3.00,1.00
2015.01.21 00:21:23.331,1.15448,1.1545,1.35,2.62
2015.01.21 00:21:24.040,1.15447,1.15448,1.50,1.00
2015.01.21 00:21:24.734,1.15448,1.1545,1.35,3.37
2015.01.21 00:21:33.730,1.15448,1.1545,1.35,1.00
2015.01.21 00:21:34.350,1.15448,1.1545,2.10,1.00
2015.01.21 00:21:35.796,1.15447,1.15449,2.25,1.00
2015.01.21 00:21:36.558,1.15448,1.15449,1.00,1.00
2015.01.21 00:21:40.635,1.15447,1.15449,1.50,1.00
2015.01.21 00:21:41.969,1.15447,1.15449,2.25,1.00
2015.01.21 00:21:42.601,1.15446,1.15448,2.17,1.00
2015.01.21 00:21:54.045,1.15445,1.15447,1.95,1.00
2015.01.21 00:21:55.839,1.15445,1.15448,1.10,1.00
2015.01.21 00:22:03.393,1.15445,1.15447,1.10,1.00
2015.01.21 00:22:06.373,1.15445,1.15448,1.10,1.00
2015.01.21 00:22:10.472,1.15445,1.15449,1.10,1.00
2015.01.21 00:22:27.923,1.15445,1.15447,1.10,1.00
2015.01.21 00:22:31.083,1.15443,1.15445,2.55,1.00
2015.01.21 00:22:31.235,1.15442,1.15443,1.10,1.00
2015.01.21 00:22:31.337,1.1544,1.15442,2.62,1.00
2015.01.21 00:22:31.540,1.15437,1.15442,1.87,1.00
2015.01.21 00:22:32.060,1.15437,1.15441,1.10,1.00
2015.01.21 00:22:32.429,1.15437,1.15443,1.57,4.50
2015.01.21 00:22:35.067,1.15437,1.15442,1.10,1.00
2015.01.21 00:22:35.574,1.15437,1.15443,2.32,4.50
2015.01.21 00:22:38.217,1.15438,1.15443,1.00,3.75
2015.01.21 00:22:50.494,1.15438,1.15443,1.12,4.50
2015.01.21 00:23:02.580,1.15442,1.15443,3.37,1.00
2015.01.21 00:23:02.631,1.15444,1.15445,1.00,1.50
2015.01.21 00:23:02.733,1.15444,1.15447,2.92,1.00
2015.01.21 00:23:03.087,1.15446,1.15449,1.00,1.00
2015.01.21 00:23:07.964,1.15446,1.15448,1.00,1.00
2015.01.21 00:23:08.529,1.15446,1.15449,1.50,1.00
2015.01.21 00:23:09.049,1.15446,1.15448,1.00,1.00
2015.01.21 00:23:09.294,1.15446,1.15449,1.50,1.00
2015.01.21 00:23:09.496,1.15446,1.15448,1.00,1.00
2015.01.21 00:23:10.120,1.15446,1.15448,1.00,1.00
2015.01.21 00:23:10.627,1.15445,1.15448,1.10,1.00
2015.01.21 00:23:11.165,1.15445,1.15449,1.57,1.00
2015.01.21 00:23:12.266,1.15445,1.15448,1.10,1.00
2015.01.21 00:23:17.201,1.15446,1.15448,1.00,1.00
2015.01.21 00:23:18.138,1.15446,1.15449,1.00,1.00
2015.01.21 00:23:22.920,1.15446,1.15448,1.00,1.00
2015.01.21 00:23:24.453,1.15445,1.15448,1.10,1.00
2015.01.21 00:23:33.701,1.15445,1.15448,1.10,1.00
2015.01.21 00:23:37.435,1.15445,1.15448,1.10,1.00
2015.01.21 00:23:38.207,1.15445,1.15448,1.10,1.00
2015.01.21 00:23:55.475,1.15445,1.15449,1.10,1.00
2015.01.21 00:23:56.590,1.15445,1.15448,1.10,1.00
2015.01.21 00:23:57.687,1.15445,1.15449,1.57,1.00
2015.01.21 00:24:00.446,1.15445,1.15448,1.10,1.00
2015.01.21 00:24:17.483,1.15445,1.1545,1.10,1.10
2015.01.21 00:24:24.461,1.15444,1.1545,1.87,1.12
2015.01.21 00:24:27.479,1.15445,1.1545,1.00,1.12
2015.01.21 00:24:48.017,1.15443,1.15446,2.70,1.00
2015.01.21 00:24:48.320,1.1544,1.15442,1.00,1.00
2015.01.21 00:24:48.473,1.15437,1.15442,1.95,1.57
2015.01.21 00:24:48.986,1.15437,1.15441,1.47,1.00
2015.01.21 00:24:52.338,1.1544,1.15441,1.00,1.00
2015.01.21 00:24:52.858,1.1544,1.15442,1.00,1.57
2015.01.21 00:25:00.699,1.1544,1.15441,1.00,1.00
2015.01.21 00:25:38.713,1.15442,1.15443,1.00,3.75
2015.01.21 00:25:38.764,1.15442,1.15443,3.00,3.00
2015.01.21 00:25:38.815,1.15443,1.15445,1.00,1.80
2015.01.21 00:25:38.968,1.15445,1.15446,1.00,1.10
2015.01.21 00:26:02.634,1.15443,1.15445,1.00,1.00
2015.01.21 00:26:02.786,1.15445,1.15449,1.00,1.37
2015.01.21 00:26:02.837,1.15445,1.15448,1.00,1.12
2015.01.21 00:26:04.985,1.15444,1.15446,1.50,1.00
2015.01.21 00:26:06.408,1.15445,1.15446,1.00,1.00
2015.01.21 00:26:13.314,1.15443,1.15445,1.00,1.00
2015.01.21 00:26:14.435,1.15445,1.15447,1.00,1.10
2015.01.21 00:26:28.588,1.15445,1.15446,1.00,1.00
2015.01.21 00:26:29.174,1.15445,1.15448,1.00,1.00
2015.01.21 00:26:29.697,1.15445,1.15446,1.00,1.00
2015.01.21 00:26:30.095,1.15443,1.15445,1.80,4.15
2015.01.21 00:26:30.198,1.15441,1.15443,1.00,1.00
2015.01.21 00:26:30.705,1.15441,1.15442,1.00,1.00
2015.01.21 00:26:31.220,1.1544,1.15443,1.00,3.07
2015.01.21 00:26:31.271,1.1544,1.15441,1.00,1.00
2015.01.21 00:26:33.614,1.1544,1.15443,1.00,1.57
2015.01.21 00:26:33.766,1.15442,1.15443,1.50,1.57
2015.01.21 00:26:33.868,1.15444,1.15445,1.00,1.00
2015.01.21 00:26:34.376,1.15445,1.15448,1.00,1.10
2015.01.21 00:26:34.925,1.15443,1.15445,1.00,1.00
2015.01.21 00:26:35.540,1.15443,1.15446,1.00,1.00
2015.01.21 00:26:35.946,1.15443,1.15445,1.50,1.00
2015.01.21 00:26:36.451,1.15444,1.15445,1.00,1.00
2015.01.21 00:26:36.957,1.15441,1.15444,1.10,1.00
2015.01.21 00:26:40.844,1.15444,1.15447,1.00,1.10
2015.01.21 00:26:42.653,1.15442,1.15444,1.50,1.00
2015.01.21 00:26:43.211,1.15444,1.15447,1.00,2.25
2015.01.21 00:26:43.363,1.15445,1.15446,1.00,1.10
2015.01.21 00:26:50.227,1.15443,1.15446,1.00,2.25
2015.01.21 00:26:50.379,1.15442,1.15444,1.00,1.00
2015.01.21 00:26:50.887,1.15441,1.15443,1.00,1.00
2015.01.21 00:26:52.108,1.15443,1.15445,1.00,2.25
2015.01.21 00:26:52.159,1.15443,1.15446,1.00,1.10
2015.01.21 00:26:52.210,1.15445,1.15448,1.00,2.25
2015.01.21 00:26:52.517,1.15445,1.15451,1.10,4.12
2015.01.21 00:27:00.602,1.15445,1.15448,4.20,1.00
2015.01.21 00:27:01.506,1.15444,1.15447,3.00,1.00
2015.01.21 00:27:02.011,1.15444,1.15447,1.10,1.00
2015.01.21 00:27:02.538,1.15444,1.15446,1.10,1.00
2015.01.21 00:27:03.435,1.15445,1.15449,1.00,4.12
2015.01.21 00:27:03.689,1.15446,1.15448,1.00,1.00
2015.01.21 00:27:14.167,1.15446,1.15447,1.00,1.00
2015.01.21 00:27:14.677,1.15446,1.15448,1.00,1.00
2015.01.21 00:27:23.177,1.15446,1.15449,1.00,1.57
2015.01.21 00:27:33.947,1.15447,1.15449,1.00,1.10
2015.01.21 00:27:34.476,1.15448,1.15449,1.00,1.10
2015.01.21 00:27:38.783,1.15446,1.15448,1.00,1.00
2015.01.21 00:27:44.529,1.15448,1.15451,1.00,1.37
2015.01.21 00:28:03.208,1.15449,1.15452,1.00,2.62
2015.01.21 00:28:03.721,1.15449,1.15453,1.00,3.37
2015.01.21 00:28:04.079,1.15449,1.15452,1.00,1.12
2015.01.21 00:28:07.035,1.15449,1.15453,1.00,4.12
2015.01.21 00:28:30.497,1.15449,1.15453,1.00,4.12
2015.01.21 00:28:38.402,1.15449,1.15451,1.00,1.10
2015.01.21 00:28:54.568,1.1545,1.15451,1.00,1.10
2015.01.21 00:28:54.670,1.1545,1.15452,1.00,1.10
2015.01.21 00:28:56.354,1.1545,1.15454,1.00,3.75
2015.01.21 00:28:59.716,1.15451,1.15453,2.10,1.00
2015.01.21 00:28:59.870,1.15452,1.15454,7.50,1.00
2015.01.21 00:28:59.972,1.15454,1.15455,1.00,1.10
2015.01.21 00:29:00.498,1.15454,1.15457,2.25,1.50
2015.01.21 00:29:03.051,1.15454,1.15458,1.00,2.25
2015.01.21 00:29:03.557,1.15453,1.15455,1.00,1.00
2015.01.21 00:29:05.492,1.15452,1.15454,1.50,1.00
2015.01.21 00:29:05.595,1.15454,1.15456,1.00,1.10
2015.01.21 00:29:07.515,1.15454,1.15455,1.00,1.00
2015.01.21 00:29:07.667,1.15452,1.15455,1.00,3.22
2015.01.21 00:29:08.173,1.15451,1.15453,1.00,1.00
2015.01.21 00:29:14.259,1.1545,1.15453,3.37,1.00
2015.01.21 00:29:20.088,1.15453,1.15454,1.00,1.10
2015.01.21 00:29:20.544,1.15455,1.15458,1.00,1.75
2015.01.21 00:29:23.373,1.15455,1.15458,1.00,1.50
2015.01.21 00:29:23.943,1.15455,1.15456,1.00,1.00
2015.01.21 00:29:30.966,1.15457,1.15459,1.00,3.07
2015.01.21 00:29:31.485,1.15455,1.15458,1.87,1.00
2015.01.21 00:29:33.277,1.15455,1.15459,4.42,1.00
2015.01.21 00:29:33.783,1.1546,1.15463,1.00,3.82
2015.01.21 00:29:34.495,1.15461,1.15463,1.00,1.57
2015.01.21 00:29:34.546,1.15462,1.15464,1.00,1.80
2015.01.21 00:29:34.667,1.15462,1.15465,3.45,1.00
2015.01.21 00:29:35.022,1.15462,1.15464,1.00,1.00
2015.01.21 00:29:35.275,1.15461,1.15463,1.00,3.00
2015.01.21 00:29:35.325,1.15458,1.15461,1.37,1.00
2015.01.21 00:29:35.846,1.1546,1.15461,1.00,1.00
2015.01.21 00:29:35.947,1.15457,1.15461,1.57,1.00
2015.01.21 00:29:40.324,1.15457,1.15458,1.10,1.00
2015.01.21 00:29:40.646,1.15454,1.15456,1.20,1.00
2015.01.21 00:29:40.752,1.15454,1.15455,1.12,1.12
2015.01.21 00:29:41.893,1.15455,1.15457,1.00,1.10
2015.01.21 00:29:41.994,1.15455,1.15457,3.07,1.00
2015.01.21 00:29:42.367,1.15457,1.1546,1.00,1.12
2015.01.21 00:29:43.847,1.15458,1.15461,1.00,2.25
2015.01.21 00:29:43.998,1.15459,1.15461,3.37,1.00
2015.01.21 00:29:44.251,1.15463,1.15465,1.00,3.75
2015.01.21 00:29:44.302,1.15461,1.15464,2.62,1.00
2015.01.21 00:29:44.607,1.15463,1.15465,1.50,1.00
2015.01.21 00:29:45.120,1.15467,1.15469,1.00,1.00
2015.01.21 00:29:45.671,1.15468,1.15472,1.00,2.62
2015.01.21 00:29:45.974,1.15466,1.15469,1.00,1.00
2015.01.21 00:29:46.077,1.15468,1.15471,1.00,1.10
2015.01.21 00:29:46.584,1.15467,1.1547,1.00,1.00
2015.01.21 00:29:47.190,1.15467,1.15471,1.10,3.75
2015.01.21 00:29:47.696,1.15467,1.1547,1.10,1.50
2015.01.21 00:29:48.600,1.15467,1.15468,1.10,1.00
2015.01.21 00:29:51.008,1.15465,1.15468,3.07,1.00
2015.01.21 00:29:51.876,1.15466,1.15469,3.00,1.00
2015.01.21 00:29:52.180,1.15475,1.15478,1.00,1.95
2015.01.21 00:29:52.283,1.15476,1.15479,1.00,2.25
2015.01.21 00:29:54.068,1.15474,1.15476,1.12,1.00
2015.01.21 00:29:54.221,1.15479,1.1548,2.25,2.25
2015.01.21 00:29:54.273,1.15479,1.1548,1.00,2.25
2015.01.21 00:29:54.426,1.15487,1.1549,1.37,2.32
2015.01.21 00:29:54.578,1.1549,1.15492,1.00,1.12
2015.01.21 00:29:55.082,1.15487,1.1549,1.87,1.00
2015.01.21 00:29:55.741,1.15489,1.15491,1.00,1.00
2015.01.21 00:29:56.247,1.15489,1.1549,1.00,1.00
2015.01.21 00:29:56.754,1.15488,1.1549,1.00,1.00
2015.01.21 00:29:56.906,1.15486,1.15489,1.87,2.50
2015.01.21 00:29:57.060,1.15478,1.1548,1.00,1.10
2015.01.21 00:29:57.162,1.15476,1.15477,1.50,1.00
2015.01.21 00:29:57.668,1.15475,1.15478,3.37,1.00
2015.01.21 00:29:59.564,1.15475,1.15477,3.37,1.00
2015.01.21 00:29:59.687,1.15479,1.1548,2.25,1.05
2015.01.21 00:29:59.738,1.15479,1.15482,4.50,7.42
2015.01.21 00:29:59.840,1.15477,1.15479,3.37,1.00
2015.01.21 00:30:01.531,1.15477,1.15478,2.62,1.10
2015.01.21 00:30:01.736,1.15475,1.15477,1.00,1.12
2015.01.21 00:30:04.097,1.15478,1.15479,1.00,1.00
2015.01.21 00:30:04.149,1.1548,1.15481,1.50,4.50
2015.01.21 00:30:04.250,1.15481,1.15482,1.00,1.10
2015.01.21 00:30:04.301,1.15479,1.15481,2.25,1.00
2015.01.21 00:30:04.403,1.15478,1.1548,3.75,1.12
2015.01.21 00:30:04.454,1.15478,1.15481,2.62,1.50
2015.01.21 00:30:04.505,1.15478,1.15481,1.87,1.50
2015.01.21 00:30:04.556,1.15478,1.15479,1.87,1.10
2015.01.21 00:30:05.070,1.15477,1.15479,1.50,1.00
2015.01.21 00:30:05.956,1.15478,1.15479,2.62,1.10
2015.01.21 00:30:08.192,1.15477,1.15479,1.00,1.00
2015.01.21 00:30:09.731,1.15478,1.15479,2.62,1.00
2015.01.21 00:30:15.735,1.15479,1.1548,1.00,1.05
2015.01.21 00:30:16.250,1.15478,1.1548,2.62,1.05
2015.01.21 00:30:17.534,1.15477,1.15479,1.87,1.00
2015.01.21 00:30:18.042,1.15477,1.15478,1.12,1.10
2015.01.21 00:30:21.388,1.15475,1.15478,4.50,1.00
2015.01.21 00:30:22.482,1.15476,1.15478,1.87,1.10
2015.01.21 00:30:22.785,1.15477,1.15479,1.00,1.00
2015.01.21 00:30:23.293,1.15478,1.15482,1.00,1.12
2015.01.21 00:30:23.674,1.15478,1.15481,1.00,1.10
2015.01.21 00:30:25.456,1.15481,1.15483,1.37,1.87
2015.01.21 00:30:25.659,1.15482,1.15485,1.00,1.50
2015.01.21 00:30:26.170,1.15483,1.15486,1.50,1.00
2015.01.21 00:30:28.608,1.15483,1.15486,1.50,1.50
2015.01.21 00:30:29.195,1.15483,1.15486,1.87,1.00
2015.01.21 00:30:29.449,1.15483,1.15484,1.00,1.00
2015.01.21 00:30:29.961,1.15482,1.15484,1.37,1.00
2015.01.21 00:30:30.568,1.15482,1.15483,1.00,1.50
2015.01.21 00:30:30.973,1.15481,1.15483,2.62,1.50
2015.01.21 00:30:31.490,1.15481,1.15483,1.87,1.00
2015.01.21 00:30:31.746,1.15483,1.15486,2.62,1.87
2015.01.21 00:30:31.848,1.15485,1.15487,1.50,1.00
2015.01.21 00:30:33.751,1.15485,1.15488,2.25,1.00
2015.01.21 00:30:34.157,1.15485,1.15491,2.25,1.50
2015.01.21 00:30:35.119,1.15486,1.15491,1.00,1.00
2015.01.21 00:30:35.423,1.15487,1.15492,1.50,1.87
2015.01.21 00:30:35.626,1.15487,1.15492,1.50,1.80
2015.01.21 00:30:35.979,1.15487,1.15492,1.50,1.87
2015.01.21 00:30:36.533,1.15487,1.15488,1.00,1.00
2015.01.21 00:30:36.954,1.15487,1.15489,3.00,1.10
2015.01.21 00:30:37.055,1.15489,1.15492,1.37,1.87
2015.01.21 00:30:37.157,1.15488,1.15491,2.62,1.10
2015.01.21 00:30:37.258,1.15486,1.15489,1.50,1.00
2015.01.21 00:30:39.656,1.15486,1.15488,1.50,1.00
2015.01.21 00:30:40.330,1.15486,1.15488,1.50,1.00
2015.01.21 00:30:40.836,1.15487,1.15489,1.00,1.00
2015.01.21 00:30:42.847,1.15487,1.15489,1.00,1.00
2015.01.21 00:30:45.335,1.15488,1.15489,1.00,1.00
2015.01.21 00:30:48.138,1.15488,1.15491,1.50,1.10
2015.01.21 00:30:48.696,1.15488,1.15489,1.50,1.00
2015.01.21 00:30:51.665,1.15486,1.15489,1.87,1.00
2015.01.21 00:30:53.422,1.15486,1.15487,1.00,1.00
2015.01.21 00:30:53.524,1.15485,1.15487,2.62,1.00
2015.01.21 00:30:54.030,1.15485,1.15486,1.00,1.10
2015.01.21 00:30:54.081,1.15483,1.15485,2.25,1.00
2015.01.21 00:30:54.664,1.15482,1.15484,1.12,1.00
2015.01.21 00:30:54.818,1.1548,1.15483,2.25,1.50
2015.01.21 00:30:54.870,1.1548,1.15481,2.25,1.00
2015.01.21 00:30:55.384,1.1548,1.15483,1.12,1.12
2015.01.21 00:30:55.940,1.1548,1.15481,1.00,1.00
2015.01.21 00:31:04.014,1.15479,1.1548,1.50,1.00
2015.01.21 00:31:04.319,1.15476,1.15478,1.12,1.00
2015.01.21 00:31:05.272,1.15476,1.1548,1.37,1.87
2015.01.21 00:31:05.323,1.15477,1.15481,1.37,3.00
2015.01.21 00:31:05.374,1.15477,1.15481,1.87,2.25
2015.01.21 00:31:05.476,1.15477,1.15483,4.87,1.50
2015.01.21 00:31:06.943,1.15478,1.15481,1.12,1.00
2015.01.21 00:31:10.581,1.15477,1.15481,3.37,1.12
2015.01.21 00:31:20.330,1.15477,1.15481,3.37,1.12
2015.01.21 00:31:20.635,1.15477,1.15479,2.62,1.00
2015.01.21 00:31:21.171,1.15477,1.15479,3.37,1.00
2015.01.21 00:31:26.096,1.15478,1.15479,1.00,1.00
2015.01.21 00:31:28.822,1.15477,1.15479,1.12,1.00
2015.01.21 00:31:40.819,1.15478,1.15479,1.50,1.00
2015.01.21 00:31:46.109,1.15477,1.15479,3.37,1.00
2015.01.21 00:31:53.444,1.15478,1.1548,1.00,1.00
2015.01.21 00:32:06.420,1.15477,1.15479,2.25,1.00
2015.01.21 00:32:07.018,1.15478,1.1548,1.00,1.00
2015.01.21 00:32:13.833,1.1548,1.15484,1.00,3.00
2015.01.21 00:32:13.997,1.15483,1.15484,1.12,1.57
2015.01.21 00:32:14.100,1.15484,1.15485,1.12,1.00
2015.01.21 00:32:14.415,1.15484,1.15487,1.87,1.00
2015.01.21 00:32:14.949,1.15485,1.15487,1.12,1.00
2015.01.21 00:32:16.658,1.15485,1.15487,1.37,1.00
2015.01.21 00:32:16.810,1.15485,1.15489,2.62,1.10
2015.01.21 00:32:19.873,1.15485,1.15488,3.37,1.00
2015.01.21 00:32:29.897,1.15488,1.15491,1.00,1.37
2015.01.21 00:32:30.102,1.15487,1.15491,3.37,1.00
2015.01.21 00:32:30.456,1.15488,1.1549,1.00,1.00
2015.01.21 00:32:30.964,1.15487,1.15493,3.00,1.50
2015.01.21 00:32:36.339,1.15487,1.15493,2.62,3.75
2015.01.21 00:32:36.542,1.15489,1.15492,1.50,1.00
2015.01.21 00:32:36.795,1.1549,1.15495,7.72,3.00
2015.01.21 00:32:37.301,1.15491,1.15494,1.72,1.00
2015.01.21 00:32:37.655,1.1549,1.15492,1.37,2.10
2015.01.21 00:32:37.706,1.15489,1.15492,1.00,3.60
2015.01.21 00:32:37.873,1.15487,1.15489,1.00,1.00
2015.01.21 00:32:39.829,1.15486,1.15489,4.12,1.00
2015.01.21 00:32:40.378,1.15487,1.15489,1.00,1.00
2015.01.21 00:32:41.130,1.15487,1.1549,1.00,1.00
2015.01.21 00:32:42.771,1.15486,1.15491,3.37,1.87
2015.01.21 00:32:43.627,1.15486,1.1549,3.37,1.12
2015.01.21 00:32:45.824,1.15486,1.15491,4.12,1.87
2015.01.21 00:32:46.331,1.15486,1.1549,4.12,1.12
2015.01.21 00:32:53.449,1.15487,1.15491,1.12,1.12
2015.01.21 00:32:53.965,1.15487,1.1549,1.00,1.12
2015.01.21 00:32:57.460,1.15487,1.15491,1.00,1.20
2015.01.21 00:32:58.072,1.15487,1.1549,1.00,1.12
2015.01.21 00:33:03.088,1.15486,1.1549,3.37,1.12
2015.01.21 00:33:03.711,1.15487,1.1549,1.00,1.12
2015.01.21 00:33:04.168,1.15489,1.15491,6.22,1.80
2015.01.21 00:33:04.464,1.15487,1.1549,3.97,1.12
2015.01.21 00:33:04.719,1.15488,1.15491,1.37,1.00
2015.01.21 00:33:05.224,1.15487,1.15493,4.20,3.75
2015.01.21 00:33:05.746,1.15488,1.15493,1.37,4.50
2015.01.21 00:33:09.487,1.15492,1.15494,2.25,2.55
2015.01.21 00:33:09.641,1.15494,1.15495,1.00,4.50
2015.01.21 00:33:09.743,1.15494,1.15497,3.00,1.10
2015.01.21 00:33:09.845,1.15494,1.15499,1.50,4.57
2015.01.21 00:33:10.350,1.15494,1.15498,1.00,1.00
2015.01.21 00:33:12.754,1.15496,1.15499,1.50,3.82
2015.01.21 00:33:12.958,1.15499,1.15502,3.60,1.00
2015.01.21 00:33:13.414,1.155,1.15503,3.37,2.25
2015.01.21 00:33:13.919,1.15501,1.15503,1.37,1.50
2015.01.21 00:33:15.460,1.15503,1.15504,2.25,1.57
2015.01.21 00:33:15.763,1.15504,1.15506,1.87,1.00
2015.01.21 00:33:15.814,1.15504,1.15508,1.87,1.12
2015.01.21 00:33:16.588,1.15504,1.15509,2.25,1.10
2015.01.21 00:33:17.693,1.15505,1.15509,1.00,1.50
2015.01.21 00:33:33.859,1.15505,1.1551,1.00,7.24
2015.01.21 00:33:34.557,1.15505,1.15509,1.00,1.00
2015.01.21 00:33:37.778,1.15505,1.15508,1.50,1.00
2015.01.21 00:33:41.933,1.15505,1.15509,1.50,2.25
2015.01.21 00:33:42.799,1.15506,1.15509,2.10,1.50
2015.01.21 00:33:43.104,1.15509,1.15512,1.00,1.04
2015.01.21 00:33:43.611,1.15509,1.15513,4.72,1.12
2015.01.21 00:33:46.850,1.1551,1.15513,1.12,1.12
2015.01.21 00:33:46.901,1.15514,1.15515,2.25,1.87
2015.01.21 00:33:47.052,1.15515,1.15518,1.00,1.00
2015.01.21 00:33:47.245,1.15516,1.1552,1.50,1.87
2015.01.21 00:33:47.760,1.15515,1.15519,1.00,1.00
2015.01.21 00:33:49.622,1.15515,1.1552,1.10,2.62
2015.01.21 00:33:50.136,1.15514,1.15519,6.37,1.50
2015.01.21 00:33:50.641,1.15514,1.15519,3.82,1.50
2015.01.21 00:33:51.079,1.15516,1.1552,1.00,1.00
2015.01.21 00:33:51.181,1.15514,1.15519,3.07,1.00
2015.01.21 00:33:56.418,1.15515,1.15519,1.00,1.50
2015.01.21 00:33:56.924,1.15514,1.15519,3.67,2.25
2015.01.21 00:33:58.093,1.15514,1.15516,1.10,5.85
2015.01.21 00:33:58.349,1.15511,1.15512,1.50,1.00
2015.01.21 00:33:58.569,1.15508,1.15511,1.00,1.00
2015.01.21 00:34:05.438,1.15508,1.15512,1.00,3.07
2015.01.21 00:34:06.656,1.15507,1.15512,1.00,2.32
2015.01.21 00:34:07.182,1.15507,1.15511,1.00,1.00
2015.01.21 00:34:07.990,1.15508,1.15511,1.00,1.00
2015.01.21 00:34:08.299,1.15508,1.15513,1.00,2.32
2015.01.21 00:34:08.673,1.15512,1.15514,1.00,1.10
2015.01.21 00:34:09.179,1.15512,1.15515,1.00,1.95
2015.01.21 00:34:09.533,1.15515,1.15516,1.00,1.80
2015.01.21 00:34:09.585,1.15515,1.15518,1.00,1.57
2015.01.21 00:34:09.788,1.15516,1.1552,1.00,2.62
2015.01.21 00:34:10.293,1.15515,1.15519,1.10,1.00
2015.01.21 00:34:10.596,1.15514,1.15517,1.10,1.00
2015.01.21 00:34:10.850,1.15511,1.15515,1.10,1.00
2015.01.21 00:34:11.356,1.15511,1.15514,1.00,1.00
2015.01.21 00:34:11.761,1.15513,1.15515,2.25,4.12
2015.01.21 00:34:12.013,1.15515,1.15519,1.00,2.32
2015.01.21 00:34:12.216,1.15517,1.1552,1.00,1.95
2015.01.21 00:34:12.541,1.1552,1.15521,1.87,1.57
2015.01.21 00:34:14.446,1.1552,1.15522,1.50,1.57
2015.01.21 00:34:15.105,1.1552,1.15521,1.87,1.00
2015.01.21 00:34:15.788,1.15517,1.1552,2.25,1.00
2015.01.21 00:34:15.839,1.15517,1.1552,1.00,1.87
2015.01.21 00:34:16.345,1.15516,1.15519,1.00,1.00
2015.01.21 00:34:16.861,1.15516,1.1552,1.00,2.62
2015.01.21 00:34:17.763,1.15516,1.15519,1.50,1.00
2015.01.21 00:34:19.694,1.15516,1.1552,1.50,3.45
2015.01.21 00:34:21.711,1.15516,1.15519,1.00,1.00
2015.01.21 00:34:22.121,1.15514,1.15517,1.87,1.50
2015.01.21 00:34:22.273,1.15513,1.15516,1.10,1.50
2015.01.21 00:34:22.785,1.15513,1.15518,1.95,2.62
2015.01.21 00:34:22.836,1.15513,1.15518,1.95,2.25
2015.01.21 00:34:23.149,1.15516,1.15519,1.00,1.10
2015.01.21 00:34:23.454,1.15518,1.15522,2.32,1.87
2015.01.21 00:34:23.707,1.15516,1.1552,1.10,1.12
2015.01.21 00:34:27.552,1.15516,1.15519,1.00,1.00
2015.01.21 00:34:32.228,1.1552,1.15521,1.00,1.50
2015.01.21 00:34:32.329,1.15524,1.15525,1.00,3.00
2015.01.21 00:34:32.380,1.15524,1.15526,1.00,2.25
2015.01.21 00:34:32.432,1.15525,1.15526,1.00,1.00
2015.01.21 00:34:32.787,1.15523,1.15527,1.10,1.00
2015.01.21 00:34:32.838,1.15525,1.15528,1.00,1.00
2015.01.21 00:34:33.344,1.15524,1.15529,1.87,2.25
2015.01.21 00:34:33.725,1.15523,1.15525,1.00,1.00
2015.01.21 00:34:33.880,1.15521,1.15525,1.10,1.50
2015.01.21 00:34:34.386,1.1552,1.15524,1.10,3.75
2015.01.21 00:34:34.590,1.15518,1.15522,1.12,3.00
2015.01.21 00:34:34.947,1.15517,1.15522,1.10,3.00
2015.01.21 00:34:35.453,1.15518,1.15522,1.00,3.00
2015.01.21 00:34:36.380,1.15517,1.15522,1.10,2.25
2015.01.21 00:34:38.391,1.15517,1.15522,1.00,4.12
2015.01.21 00:34:39.679,1.15518,1.15522,1.00,3.37
2015.01.21 00:34:40.240,1.15518,1.1552,1.00,1.50
2015.01.21 00:34:41.466,1.15519,1.1552,1.00,1.50
2015.01.21 00:34:43.202,1.15516,1.1552,2.25,3.00
2015.01.21 00:34:43.708,1.15516,1.1552,1.10,4.50
2015.01.21 00:34:44.085,1.15518,1.1552,1.00,3.75
2015.01.21 00:34:45.707,1.15516,1.15519,4.12,1.50
2015.01.21 00:34:46.223,1.15517,1.15519,1.20,1.50
2015.01.21 00:34:49.129,1.15518,1.1552,1.00,1.50
2015.01.21 00:34:49.943,1.15518,1.1552,1.00,2.25
2015.01.21 00:34:50.698,1.15517,1.1552,1.00,1.50
2015.01.21 00:34:50.901,1.15517,1.15519,1.00,1.00
2015.01.21 00:34:51.469,1.15517,1.1552,1.00,1.50
2015.01.21 00:34:54.296,1.15518,1.1552,1.00,2.25
2015.01.21 00:34:55.034,1.15518,1.15521,1.00,1.00
2015.01.21 00:34:57.977,1.15516,1.1552,1.12,1.00
2015.01.21 00:34:58.280,1.15519,1.15522,1.00,3.75
2015.01.21 00:34:59.007,1.15519,1.15522,1.00,2.62
2015.01.21 00:35:00.578,1.15518,1.15522,1.00,2.62
2015.01.21 00:35:01.085,1.15517,1.15522,1.10,4.12
2015.01.21 00:35:01.620,1.15517,1.1552,1.00,1.37
2015.01.21 00:35:02.140,1.15517,1.1552,1.00,1.00
2015.01.21 00:35:02.658,1.15517,1.15521,1.00,1.12
2015.01.21 00:35:04.090,1.15518,1.15521,1.00,1.87
2015.01.21 00:35:04.970,1.15517,1.15521,1.00,1.12
2015.01.21 00:35:05.535,1.15517,1.1552,1.00,1.50
2015.01.21 00:35:06.819,1.15517,1.15521,1.00,1.87
2015.01.21 00:35:12.278,1.15516,1.15521,1.10,1.87
2015.01.21 00:35:12.792,1.15516,1.1552,1.10,1.00
2015.01.21 00:35:13.300,1.15516,1.1552,1.10,1.87
2015.01.21 00:35:13.980,1.15516,1.1552,1.10,1.50
2015.01.21 00:35:14.283,1.15515,1.1552,1.87,3.37
2015.01.21 00:35:16.139,1.15514,1.1552,4.50,5.85
2015.01.21 00:35:18.490,1.15515,1.1552,1.50,4.12
2015.01.21 00:35:20.234,1.15515,1.15518,1.50,1.00
2015.01.21 00:35:20.437,1.15512,1.15513,1.80,1.50
2015.01.21 00:35:20.538,1.15511,1.15513,1.00,4.50
2015.01.21 00:35:23.718,1.15511,1.15513,1.00,4.50
2015.01.21 00:35:36.228,1.15511,1.15513,1.00,3.00
2015.01.21 00:35:37.988,1.15511,1.15513,1.00,3.75
2015.01.21 00:35:41.889,1.15511,1.15513,1.00,4.50
2015.01.21 00:35:41.992,1.15514,1.15515,1.00,1.00
2015.01.21 00:35:42.245,1.15514,1.15518,3.07,1.37
2015.01.21 00:35:42.297,1.15516,1.15518,1.00,1.37
2015.01.21 00:35:42.802,1.15517,1.15518,1.00,1.00
2015.01.21 00:35:56.010,1.15516,1.15518,1.10,1.00
2015.01.21 00:35:58.171,1.15516,1.1552,1.50,4.12
2015.01.21 00:36:01.968,1.15516,1.1552,1.50,1.12
2015.01.21 00:36:03.130,1.15518,1.15521,1.10,1.50
2015.01.21 00:36:04.204,1.15518,1.15521,1.57,2.25
2015.01.21 00:36:04.306,1.15523,1.15524,3.00,1.50
2015.01.21 00:36:04.408,1.15526,1.15528,1.00,1.00
2015.01.21 00:36:04.510,1.15526,1.1553,1.00,6.00
2015.01.21 00:36:07.811,1.15526,1.15528,1.00,1.00
2015.01.21 00:36:07.963,1.15523,1.15527,1.00,1.00
2015.01.21 00:36:08.468,1.15523,1.15529,1.00,3.37
2015.01.21 00:36:09.827,1.15524,1.15529,1.00,3.37
2015.01.21 00:36:10.337,1.15524,1.15529,1.50,1.10
2015.01.21 00:36:10.590,1.15524,1.15529,1.00,1.95
2015.01.21 00:36:11.443,1.15523,1.15529,1.57,2.70
2015.01.21 00:36:12.092,1.15524,1.15529,1.00,1.95
2015.01.21 00:36:12.713,1.15524,1.15529,1.87,2.70
2015.01.21 00:36:14.028,1.15524,1.15529,1.87,2.70
2015.01.21 00:36:14.584,1.15524,1.15529,1.87,2.70
2015.01.21 00:36:18.552,1.15524,1.15529,1.87,2.70
2015.01.21 00:36:19.266,1.15524,1.15529,1.87,2.70
2015.01.21 00:36:19.685,1.15523,1.15525,1.57,1.50
2015.01.21 00:36:19.837,1.15521,1.15524,1.00,1.00
2015.01.21 00:36:19.990,1.15519,1.15523,1.10,3.00
2015.01.21 00:36:21.271,1.15518,1.15523,1.10,3.75
2015.01.21 00:36:21.431,1.15518,1.15519,1.10,1.00
2015.01.21 00:36:21.749,1.15513,1.15517,1.95,4.27
2015.01.21 00:36:22.285,1.15513,1.15517,2.25,4.27
2015.01.21 00:36:22.765,1.15517,1.15519,1.00,2.32
2015.01.21 00:36:22.867,1.15518,1.15521,1.00,1.10
2015.01.21 00:36:23.372,1.15518,1.15523,1.00,4.87
2015.01.21 00:36:25.060,1.15519,1.15523,1.00,5.62
2015.01.21 00:36:25.599,1.1552,1.15523,1.00,1.57
2015.01.21 00:36:25.666,1.15521,1.15523,1.00,1.57
2015.01.21 00:36:26.274,1.15525,1.15526,1.00,3.37
2015.01.21 00:36:26.426,1.15525,1.15529,1.50,1.57
2015.01.21 00:36:26.477,1.15527,1.15529,1.00,1.57
2015.01.21 00:36:26.781,1.15533,1.15535,1.00,6.82
2015.01.21 00:36:26.934,1.15534,1.15537,1.00,1.12
2015.01.21 00:36:26.985,1.15534,1.15538,1.12,1.00
2015.01.21 00:36:27.137,1.15536,1.1554,1.00,3.00
2015.01.21 00:36:27.643,1.15536,1.15539,1.00,1.00
2015.01.21 00:36:28.148,1.15537,1.1554,1.00,1.12
2015.01.21 00:36:30.818,1.15538,1.1554,1.00,1.00
2015.01.21 00:36:30.920,1.15539,1.15541,1.00,1.00
2015.01.21 00:36:31.458,1.15539,1.15542,1.00,1.00
2015.01.21 00:36:31.964,1.15539,1.15543,1.00,3.82
2015.01.21 00:36:34.260,1.15539,1.15543,1.00,4.95
2015.01.21 00:36:34.311,1.15537,1.15542,2.62,3.37
2015.01.21 00:36:34.412,1.15537,1.1554,2.32,2.25
2015.01.21 00:36:35.136,1.15538,1.1554,1.00,1.00
2015.01.21 00:36:35.237,1.15538,1.15542,2.25,1.10
2015.01.21 00:36:36.846,1.15537,1.15542,3.00,4.57
2015.01.21 00:36:37.352,1.15538,1.15541,1.00,2.85
2015.01.21 00:36:37.896,1.15538,1.15542,2.25,1.10
2015.01.21 00:36:38.156,1.1554,1.15542,2.25,1.10
2015.01.21 00:36:38.410,1.15545,1.15548,1.57,1.00
2015.01.21 00:36:38.511,1.15546,1.15549,1.50,1.00
2015.01.21 00:36:38.612,1.15546,1.15551,3.75,2.25
2015.01.21 00:36:39.069,1.15549,1.15552,1.00,3.00
2015.01.21 00:36:39.171,1.15546,1.1555,1.50,1.00
2015.01.21 00:36:39.476,1.15548,1.15551,1.00,6.30
2015.01.21 00:36:39.680,1.15548,1.1555,1.00,1.10
2015.01.21 00:36:39.837,1.15546,1.1555,1.50,1.10
2015.01.21 00:36:40.039,1.15546,1.15547,1.87,1.00
2015.01.21 00:36:40.141,1.15546,1.15548,1.00,1.00
2015.01.21 00:36:40.605,1.15546,1.1555,2.25,2.62
2015.01.21 00:36:40.656,1.15549,1.1555,1.50,1.00
2015.01.21 00:36:40.960,1.15549,1.15551,1.00,1.00
2015.01.21 00:36:41.011,1.15549,1.15551,1.50,1.00
2015.01.21 00:36:41.365,1.15546,1.1555,1.50,1.00
2015.01.21 00:36:41.670,1.1555,1.15551,1.00,3.00
2015.01.21 00:36:42.025,1.15547,1.15551,1.00,3.45
2015.01.21 00:36:42.328,1.15549,1.15551,1.00,1.57
2015.01.21 00:36:42.834,1.15549,1.15551,2.25,1.00
2015.01.21 00:36:43.858,1.15549,1.1555,1.00,2.85
2015.01.21 00:36:44.364,1.1555,1.15551,1.00,1.10
2015.01.21 00:36:46.877,1.15549,1.15551,1.00,1.10
2015.01.21 00:36:47.061,1.15546,1.1555,3.00,1.00
2015.01.21 00:36:47.113,1.15545,1.1555,1.00,1.50
2015.01.21 00:36:47.317,1.15548,1.15551,1.00,3.07
2015.01.21 00:36:47.571,1.15546,1.1555,1.50,1.00
2015.01.21 00:36:47.824,1.15549,1.15551,1.50,1.50
2015.01.21 00:36:49.994,1.15548,1.15551,1.00,4.12
2015.01.21 00:36:50.095,1.15546,1.1555,1.00,1.87
2015.01.21 00:36:50.298,1.15548,1.1555,1.00,1.87
2015.01.21 00:36:50.602,1.15551,1.15553,1.00,1.57
2015.01.21 00:37:00.306,1.15552,1.15553,1.00,1.50
2015.01.21 00:37:00.408,1.15555,1.15556,3.00,1.05
2015.01.21 00:37:00.459,1.15555,1.15557,4.72,1.00
2015.01.21 00:37:00.510,1.15556,1.15559,1.10,1.50
2015.01.21 00:37:00.611,1.15558,1.15562,1.00,1.50
2015.01.21 00:37:00.915,1.1556,1.15563,6.22,1.00
2015.01.21 00:37:01.420,1.1556,1.15563,3.97,1.37
2015.01.21 00:37:01.723,1.15557,1.15563,3.07,2.70
2015.01.21 00:37:01.976,1.15559,1.15563,1.00,4.12
2015.01.21 00:37:02.280,1.15564,1.15565,1.00,7.80
2015.01.21 00:37:02.381,1.15565,1.15568,3.37,1.04
2015.01.21 00:37:02.483,1.15567,1.15571,1.00,1.12
2015.01.21 00:37:02.687,1.15568,1.15572,1.00,2.62
2015.01.21 00:37:04.775,1.15571,1.15574,1.00,3.00
2015.01.21 00:37:04.978,1.15577,1.15578,1.00,2.25
2015.01.21 00:37:05.029,1.15577,1.1558,1.00,1.00
2015.01.21 00:37:05.080,1.15577,1.15582,1.00,4.50
2015.01.21 00:37:05.586,1.15577,1.15582,1.12,1.87
2015.01.21 00:37:09.620,1.15576,1.15582,1.12,2.70
2015.01.21 00:37:10.185,1.15575,1.15581,2.62,1.00
2015.01.21 00:37:12.691,1.15575,1.15581,2.25,1.65
2015.01.21 00:37:14.183,1.15575,1.15581,2.25,1.65
2015.01.21 00:37:14.696,1.15575,1.1558,1.50,1.27
2015.01.21 00:37:17.857,1.15575,1.15581,2.25,1.12
2015.01.21 00:37:21.412,1.15575,1.15581,2.25,1.65
2015.01.21 00:37:22.449,1.15574,1.15579,3.00,2.10
2015.01.21 00:37:23.040,1.15574,1.1558,3.00,2.62
2015.01.21 00:37:23.432,1.15574,1.1558,2.32,6.00
2015.01.21 00:37:24.305,1.15574,1.15576,1.10,1.00
2015.01.21 00:37:24.458,1.15571,1.15574,1.50,1.50
2015.01.21 00:37:24.660,1.15569,1.15574,1.00,2.62
2015.01.21 00:37:25.166,1.15568,1.15573,1.00,1.10
2015.01.21 00:37:25.470,1.15568,1.15573,1.00,1.50
2015.01.21 00:37:25.976,1.15569,1.15573,1.00,1.12
2015.01.21 00:37:26.280,1.15571,1.15575,1.00,8.77
2015.01.21 00:37:35.685,1.15572,1.15574,1.00,2.32
2015.01.21 00:37:35.786,1.15568,1.15573,3.00,1.10
2015.01.21 00:37:36.090,1.15571,1.15573,1.00,1.10
2015.01.21 00:37:36.596,1.15571,1.15574,1.00,1.10
2015.01.21 00:37:37.897,1.15572,1.15576,1.50,1.20
2015.01.21 00:37:38.403,1.15572,1.15575,1.00,1.00
2015.01.21 00:37:39.680,1.15572,1.15574,1.00,1.00
2015.01.21 00:37:39.781,1.1557,1.15573,1.00,1.00
2015.01.21 00:37:45.240,1.1557,1.15573,1.00,2.62
2015.01.21 00:37:46.070,1.15566,1.15572,2.40,1.70
2015.01.21 00:37:46.571,1.15569,1.15572,1.00,5.92
2015.01.21 00:37:46.825,1.15568,1.15572,1.00,3.07
2015.01.21 00:37:47.331,1.15567,1.15571,1.00,1.50
2015.01.21 00:37:47.835,1.15567,1.15571,1.00,2.10
2015.01.21 00:37:48.758,1.15567,1.15571,1.00,2.55
2015.01.21 00:37:49.263,1.15567,1.1557,1.00,1.87
2015.01.21 00:37:50.977,1.15566,1.1557,1.10,2.47
2015.01.21 00:37:54.541,1.15566,1.1557,1.00,5.10
2015.01.21 00:37:55.101,1.15565,1.15569,1.00,1.12
2015.01.21 00:37:55.705,1.15564,1.15569,1.57,1.87
2015.01.21 00:37:57.221,1.15564,1.15568,1.57,1.00
2015.01.21 00:37:58.180,1.15564,1.15566,1.57,1.00
2015.01.21 00:37:58.333,1.15561,1.15564,1.50,2.25
2015.01.21 00:37:58.385,1.15561,1.15562,1.00,1.12
2015.01.21 00:37:58.690,1.15562,1.15564,1.00,1.00
2015.01.21 00:37:58.793,1.15564,1.15565,1.00,1.00
2015.01.21 00:37:58.844,1.15564,1.15565,1.00,1.00
2015.01.21 00:37:58.896,1.15564,1.15567,1.12,1.12
2015.01.21 00:37:59.403,1.15565,1.15569,1.10,1.87
2015.01.21 00:38:00.341,1.15564,1.15569,1.10,1.12
2015.01.21 00:38:06.537,1.15564,1.15568,1.10,1.12
2015.01.21 00:38:09.785,1.15563,1.15567,4.12,1.00
2015.01.21 00:38:10.138,1.15563,1.15565,2.32,1.00
2015.01.21 00:38:10.343,1.15564,1.15566,1.00,1.00
2015.01.21 00:38:10.394,1.15564,1.15568,1.00,1.87
2015.01.21 00:38:12.736,1.15564,1.15569,1.10,5.62
2015.01.21 00:38:15.784,1.15564,1.15568,1.57,1.00
2015.01.21 00:38:16.315,1.15564,1.15569,1.57,3.37
2015.01.21 00:38:20.026,1.15564,1.15568,1.57,1.00
2015.01.21 00:38:20.656,1.15564,1.15569,1.57,4.12
2015.01.21 00:38:21.203,1.15564,1.15568,1.57,1.00
2015.01.21 00:38:22.197,1.15564,1.15569,1.57,4.12
2015.01.21 00:38:25.771,1.15565,1.15569,1.50,2.62
2015.01.21 00:38:26.276,1.15566,1.15569,1.50,1.12
2015.01.21 00:38:26.378,1.15568,1.1557,1.00,1.57
2015.01.21 00:38:26.480,1.15567,1.1557,1.50,2.62
2015.01.21 00:38:26.633,1.15565,1.1557,1.57,4.12
2015.01.21 00:38:26.785,1.15567,1.15569,1.00,1.00
2015.01.21 00:38:27.038,1.15565,1.15569,1.00,2.62
2015.01.21 00:38:27.290,1.15567,1.15569,1.50,1.12
2015.01.21 00:38:27.492,1.15567,1.15571,5.10,1.20
2015.01.21 00:38:28.819,1.15568,1.15571,1.00,1.20
2015.01.21 00:38:29.614,1.15567,1.15571,6.00,1.20
2015.01.21 00:38:30.622,1.15567,1.15571,6.75,1.47
2015.01.21 00:38:31.297,1.15567,1.15571,3.75,1.47
2015.01.21 00:38:31.449,1.15567,1.15571,4.35,1.47
2015.01.21 00:38:31.955,1.15568,1.15572,1.00,3.00
2015.01.21 00:38:34.232,1.15569,1.15572,1.00,1.47
2015.01.21 00:38:38.256,1.15567,1.15572,1.12,3.37
2015.01.21 00:38:38.379,1.15566,1.15569,1.87,1.37
2015.01.21 00:38:38.632,1.15568,1.1557,1.50,4.12
2015.01.21 00:38:39.137,1.15568,1.15572,1.50,1.87
2015.01.21 00:38:40.455,1.15569,1.15572,1.00,1.87
2015.01.21 00:38:41.066,1.15568,1.15572,2.10,1.87
2015.01.21 00:38:41.978,1.15568,1.15572,2.10,1.87
2015.01.21 00:38:45.475,1.15568,1.15572,1.50,1.37
2015.01.21 00:38:46.699,1.15567,1.15571,4.57,3.75
2015.01.21 00:38:46.801,1.15568,1.15572,1.50,1.87
2015.01.21 00:38:47.306,1.15569,1.15572,1.00,1.87
2015.01.21 00:38:48.591,1.15569,1.15572,1.35,1.87
2015.01.21 00:38:51.991,1.15568,1.15572,2.25,1.37
2015.01.21 00:38:52.347,1.15564,1.15569,1.87,1.87
2015.01.21 00:38:52.605,1.15568,1.1557,1.00,3.07
2015.01.21 00:38:52.809,1.15569,1.15572,1.50,1.47
2015.01.21 00:38:55.473,1.15566,1.15569,3.75,3.37
2015.01.21 00:38:55.677,1.15564,1.15568,1.00,1.12
2015.01.21 00:38:55.829,1.15567,1.15569,2.50,1.00
2015.01.21 00:38:56.033,1.15569,1.1557,1.00,1.50
2015.01.21 00:38:56.337,1.15566,1.15569,1.00,1.87
2015.01.21 00:38:56.388,1.15564,1.15569,1.50,1.87
2015.01.21 00:39:00.557,1.15564,1.15567,1.00,3.37
2015.01.21 00:39:02.833,1.15564,1.15568,1.00,4.50
2015.01.21 00:39:07.573,1.15564,1.15567,1.00,3.37
2015.01.21 00:39:08.623,1.15563,1.15567,4.12,3.37
2015.01.21 00:39:09.166,1.15564,1.15568,1.00,1.20
2015.01.21 00:39:10.655,1.15563,1.15568,3.37,3.82
2015.01.21 00:39:11.160,1.15563,1.15567,1.00,1.00
2015.01.21 00:39:12.789,1.15563,1.15568,1.00,5.32
2015.01.21 00:39:12.992,1.15562,1.15564,1.00,1.00
2015.01.21 00:39:13.147,1.15559,1.15562,1.37,1.00
2015.01.21 00:39:13.249,1.15556,1.15562,2.32,1.87
2015.01.21 00:39:13.755,1.15556,1.15561,1.00,1.00
2015.01.21 00:39:14.580,1.15555,1.15561,1.50,1.50
2015.01.21 00:39:15.086,1.15555,1.1556,1.50,1.00
2015.01.21 00:39:16.631,1.15555,1.15561,1.50,1.50
2015.01.21 00:39:16.784,1.15554,1.15559,1.00,1.00
2015.01.21 00:39:17.087,1.15553,1.15556,2.32,1.00
2015.01.21 00:39:17.393,1.15548,1.1555,1.05,1.00
2015.01.21 00:39:17.445,1.15546,1.15551,3.00,1.50
2015.01.21 00:39:17.648,1.15546,1.15551,2.62,1.50
2015.01.21 00:39:18.155,1.15546,1.15551,1.50,1.87
2015.01.21 00:39:22.324,1.15546,1.15551,2.25,2.62
2015.01.21 00:39:23.126,1.15546,1.1555,2.25,1.12
2015.01.21 00:39:23.963,1.15546,1.15551,2.25,2.62
2015.01.21 00:39:24.712,1.15546,1.1555,2.25,1.12
2015.01.21 00:39:28.033,1.15546,1.15551,1.50,6.00
2015.01.21 00:39:28.579,1.15546,1.1555,1.50,1.12
2015.01.21 00:39:29.085,1.15546,1.15551,1.50,4.87
2015.01.21 00:39:37.935,1.15546,1.15548,1.50,1.12
2015.01.21 00:39:38.239,1.15544,1.15546,1.54,1.50
2015.01.21 00:39:38.290,1.15544,1.15546,1.54,4.50
2015.01.21 00:39:38.796,1.15545,1.1555,1.50,2.70
2015.01.21 00:39:39.795,1.15545,1.15549,1.50,1.37
2015.01.21 00:39:40.343,1.15545,1.1555,1.50,1.95
2015.01.21 00:39:58.563,1.15545,1.15546,1.00,2.25
2015.01.21 00:39:58.779,1.15539,1.15544,3.00,2.25
2015.01.21 00:39:59.034,1.15539,1.15542,1.00,1.50
2015.01.21 00:40:01.558,1.15538,1.15542,1.00,1.57
2015.01.21 00:40:02.064,1.15538,1.15542,1.00,1.87
2015.01.21 00:40:04.278,1.15536,1.15541,1.50,1.10
2015.01.21 00:40:05.924,1.15536,1.1554,1.00,1.00
2015.01.21 00:40:06.430,1.15535,1.1554,1.57,1.50
2015.01.21 00:40:13.014,1.15536,1.1554,1.00,1.57
2015.01.21 00:40:13.520,1.15535,1.1554,2.25,1.50
2015.01.21 00:40:21.875,1.15537,1.15542,1.00,3.00
2015.01.21 00:40:31.378,1.15536,1.1554,1.00,1.47
2015.01.21 00:40:46.286,1.15535,1.1554,1.00,4.95
2015.01.21 00:40:52.088,1.15536,1.1554,1.00,6.37
2015.01.21 00:41:01.500,1.15536,1.1554,1.00,1.57
2015.01.21 00:41:10.508,1.15535,1.1554,3.00,1.57
2015.01.21 00:41:17.237,1.15536,1.1554,1.00,1.57
2015.01.21 00:41:17.778,1.15535,1.1554,2.25,1.57
2015.01.21 00:41:18.752,1.15535,1.1554,2.25,1.95
2015.01.21 00:41:19.539,1.15536,1.1554,1.00,3.45
2015.01.21 00:41:20.076,1.15535,1.15539,2.25,1.12
2015.01.21 00:41:25.205,1.15535,1.15537,2.25,1.00
2015.01.21 00:41:25.510,1.15533,1.15537,2.25,4.50
2015.01.21 00:41:25.814,1.15535,1.15539,1.00,3.45
2015.01.21 00:41:26.320,1.15536,1.15539,1.00,1.37
2015.01.21 00:41:27.010,1.15536,1.1554,1.37,3.75
2015.01.21 00:41:31.319,1.15536,1.1554,1.87,1.00
2015.01.21 00:41:31.829,1.15538,1.15541,1.12,1.57
2015.01.21 00:41:40.532,1.15538,1.15541,1.87,1.10
2015.01.21 00:41:46.672,1.1554,1.15542,1.00,1.87
2015.01.21 00:41:47.178,1.15541,1.15542,1.12,1.10
2015.01.21 00:41:53.557,1.15539,1.15543,1.24,1.12
2015.01.21 00:42:02.329,1.15538,1.15543,4.24,1.10
2015.01.21 00:42:07.113,1.15542,1.15544,1.00,1.87
2015.01.21 00:42:07.316,1.15544,1.15547,2.62,1.05
2015.01.21 00:42:07.367,1.15544,1.1555,7.42,1.57
2015.01.21 00:42:07.822,1.15547,1.15552,1.00,1.10
2015.01.21 00:42:16.897,1.15548,1.15552,1.00,1.57
2015.01.21 00:42:17.433,1.15547,1.15552,1.12,1.57
2015.01.21 00:42:19.936,1.15547,1.15552,1.12,1.87
2015.01.21 00:42:20.442,1.15546,1.1555,1.87,1.00
2015.01.21 00:42:26.887,1.15546,1.15549,1.87,1.00
2015.01.21 00:42:30.404,1.15546,1.1555,1.87,1.00
2015.01.21 00:42:34.251,1.15546,1.1555,1.87,1.10
2015.01.21 00:42:38.113,1.15546,1.15549,1.87,1.00
2015.01.21 00:42:40.648,1.15546,1.15548,1.87,1.00
2015.01.21 00:42:42.208,1.15546,1.15549,1.87,1.00
2015.01.21 00:42:43.382,1.15546,1.1555,1.87,1.00
2015.01.21 00:42:45.510,1.15546,1.15549,1.87,1.00
2015.01.21 00:42:50.524,1.15546,1.15549,1.87,1.00
2015.01.21 00:42:55.551,1.15546,1.15549,1.87,1.00
2015.01.21 00:43:05.493,1.15545,1.1555,2.70,1.00
2015.01.21 00:43:06.000,1.15545,1.15549,1.12,1.00
2015.01.21 00:43:10.260,1.15544,1.1555,4.95,3.82
2015.01.21 00:43:10.958,1.15544,1.15549,5.25,1.00
2015.01.21 00:43:11.477,1.15544,1.1555,5.25,1.00
2015.01.21 00:43:12.577,1.15545,1.15551,1.20,7.57
2015.01.21 00:43:14.116,1.15545,1.15549,1.20,1.00
2015.01.21 00:43:15.995,1.15545,1.1555,1.20,1.00
2015.01.21 00:43:17.371,1.15546,1.1555,1.00,1.00
2015.01.21 00:43:18.361,1.15545,1.1555,1.20,1.00
2015.01.21 00:43:19.021,1.15546,1.1555,1.00,1.00
2015.01.21 00:43:19.591,1.15544,1.1555,5.25,1.00
2015.01.21 00:43:20.218,1.15544,1.15551,5.25,10.20
2015.01.21 00:43:21.219,1.15544,1.15551,4.95,10.50
2015.01.21 00:43:30.089,1.15544,1.1555,4.95,1.10
2015.01.21 00:43:30.403,1.15546,1.1555,1.00,1.10
2015.01.21 00:43:38.732,1.15545,1.1555,1.00,1.10
2015.01.21 00:43:40.961,1.15546,1.1555,1.00,1.10
2015.01.21 00:43:42.052,1.15545,1.1555,1.00,1.10
2015.01.21 00:43:42.557,1.15545,1.15549,1.00,3.75
2015.01.21 00:43:43.560,1.15545,1.15548,1.00,1.50
2015.01.21 00:43:44.092,1.15544,1.15547,1.00,1.00
2015.01.21 00:43:44.295,1.15543,1.15549,1.10,3.07
2015.01.21 00:43:44.802,1.15544,1.15549,1.00,3.37
2015.01.21 00:43:46.296,1.15544,1.1555,1.50,2.25
2015.01.21 00:43:46.549,1.15546,1.1555,1.00,1.87
2015.01.21 00:43:47.169,1.15545,1.15549,1.00,1.10
2015.01.21 00:43:48.130,1.15544,1.15549,2.25,1.10
2015.01.21 00:43:48.714,1.15545,1.1555,1.00,4.87
2015.01.21 00:43:51.252,1.15545,1.1555,1.00,2.32
2015.01.21 00:43:51.760,1.15546,1.1555,1.00,2.70
2015.01.21 00:43:52.995,1.15544,1.1555,2.32,5.70
2015.01.21 00:43:54.272,1.15546,1.1555,1.00,7.20
2015.01.21 00:43:58.698,1.15547,1.1555,1.00,5.70
2015.01.21 00:43:58.799,1.15545,1.1555,1.00,5.70
2015.01.21 00:43:59.305,1.15546,1.1555,1.00,5.70
2015.01.21 00:44:00.918,1.15545,1.1555,1.00,5.70
2015.01.21 00:44:08.479,1.15545,1.1555,1.00,4.95
2015.01.21 00:44:08.987,1.15544,1.15548,1.57,1.37
2015.01.21 00:44:11.011,1.15544,1.15548,2.32,1.12
2015.01.21 00:44:12.784,1.15544,1.15547,1.57,1.12
2015.01.21 00:44:13.290,1.15544,1.15549,1.50,2.70
2015.01.21 00:44:16.021,1.15543,1.15549,2.25,2.62
2015.01.21 00:44:16.527,1.15543,1.15545,1.00,1.50
2015.01.21 00:44:16.780,1.15544,1.15548,1.50,1.37
2015.01.21 00:44:17.286,1.15545,1.15549,1.50,1.87
2015.01.21 00:44:17.797,1.15544,1.15549,1.10,1.87
2015.01.21 00:44:58.112,1.15544,1.15549,1.10,1.87
2015.01.21 00:45:00.736,1.15543,1.15549,4.57,2.70
2015.01.21 00:45:10.572,1.15543,1.15548,5.32,1.00
2015.01.21 00:45:15.432,1.15546,1.15549,2.10,3.07
2015.01.21 00:45:15.738,1.15553,1.15556,3.37,1.00
2015.01.21 00:45:15.840,1.15554,1.15559,1.50,1.57
2015.01.21 00:45:20.472,1.15554,1.15558,1.00,1.00
2015.01.21 00:45:21.000,1.15553,1.15558,4.87,1.10
2015.01.21 00:45:21.346,1.15553,1.15558,4.87,1.10
2015.01.21 00:45:32.374,1.15556,1.15559,1.00,1.87
2015.01.21 00:45:32.677,1.15558,1.15562,1.50,4.12
2015.01.21 00:45:32.981,1.15563,1.15566,3.00,1.12
2015.01.21 00:45:33.083,1.15567,1.15569,1.00,1.20
2015.01.21 00:45:33.298,1.15568,1.1557,1.00,1.57
2015.01.21 00:45:33.804,1.15567,1.1557,1.12,1.10
2015.01.21 00:45:36.687,1.15568,1.15571,1.00,2.62
2015.01.21 00:45:42.435,1.15568,1.15572,1.00,1.87
2015.01.21 00:45:44.713,1.1557,1.15573,1.50,4.12
2015.01.21 00:45:44.985,1.15573,1.15577,3.00,1.00
2015.01.21 00:45:45.087,1.15574,1.15579,1.00,1.10
2015.01.21 00:45:47.249,1.15575,1.1558,1.00,6.00
2015.01.21 00:45:47.760,1.15574,1.1558,1.50,6.75
2015.01.21 00:45:48.173,1.15574,1.15579,1.50,1.37
2015.01.21 00:45:49.862,1.15574,1.15579,1.00,1.37
2015.01.21 00:45:50.065,1.15569,1.15572,1.12,1.00
2015.01.21 00:45:50.116,1.15569,1.15572,1.12,1.50
2015.01.21 00:45:50.211,1.15567,1.15572,1.50,2.32
2015.01.21 00:45:50.263,1.15567,1.1557,1.12,1.00
2015.01.21 00:45:50.566,1.15565,1.15569,1.00,1.00
2015.01.21 00:45:51.425,1.15564,1.15569,1.57,1.50
2015.01.21 00:45:56.546,1.15564,1.15569,1.87,1.10
2015.01.21 00:45:56.850,1.15568,1.15571,1.00,1.12
2015.01.21 00:45:56.952,1.15567,1.15571,1.00,1.87
2015.01.21 00:45:57.154,1.15565,1.1557,1.57,1.57
2015.01.21 00:45:57.682,1.15565,1.1557,1.00,2.25
2015.01.21 00:46:00.904,1.15565,1.1557,1.00,3.00
2015.01.21 00:46:09.517,1.15565,1.1557,1.00,4.12
2015.01.21 00:46:10.593,1.15565,1.15566,1.00,2.85
2015.01.21 00:46:10.644,1.15563,1.15564,3.75,1.00
2015.01.21 00:46:11.162,1.15562,1.15564,1.12,1.50
2015.01.21 00:46:21.340,1.15561,1.15564,1.00,1.87
2015.01.21 00:46:21.846,1.15558,1.15563,1.00,2.25
2015.01.21 00:46:22.048,1.15558,1.15562,1.00,1.50
2015.01.21 00:46:22.200,1.15558,1.15562,1.00,1.75
2015.01.21 00:46:25.457,1.15557,1.15561,1.00,1.12
2015.01.21 00:46:27.432,1.15557,1.15562,1.00,2.62
2015.01.21 00:46:28.735,1.15558,1.15562,1.00,1.12
2015.01.21 00:46:29.430,1.15558,1.15562,1.00,1.75
2015.01.21 00:46:30.191,1.15559,1.15563,1.00,4.12
2015.01.21 00:46:31.272,1.15559,1.15563,1.00,4.12
2015.01.21 00:46:31.925,1.15559,1.15563,1.00,3.75
2015.01.21 00:46:32.431,1.1556,1.15563,1.00,2.55
2015.01.21 00:46:35.973,1.1556,1.15563,1.00,3.00
2015.01.21 00:47:17.097,1.1556,1.15563,1.00,1.50
2015.01.21 00:47:17.249,1.15563,1.15565,1.00,2.70
2015.01.21 00:47:17.300,1.15563,1.15565,1.00,1.95
2015.01.21 00:47:17.806,1.15564,1.15568,2.25,1.37
2015.01.21 00:47:23.075,1.15568,1.15571,2.10,3.75
2015.01.21 00:47:23.331,1.15571,1.15574,1.00,1.50
2015.01.21 00:47:23.381,1.15572,1.15574,1.00,1.00
2015.01.21 00:47:23.887,1.15572,1.15574,1.00,1.00
2015.01.21 00:47:24.481,1.15571,1.15574,1.00,1.00
2015.01.21 00:47:29.254,1.15572,1.15575,1.00,3.56
2015.01.21 00:47:30.163,1.15572,1.15575,1.00,3.56
2015.01.21 00:47:30.671,1.15571,1.15574,1.00,1.75
2015.01.21 00:47:32.102,1.1557,1.15574,1.50,2.62
2015.01.21 00:47:35.727,1.15571,1.15574,1.00,3.30
2015.01.21 00:47:36.234,1.15571,1.15574,1.00,3.00
2015.01.21 00:47:36.952,1.15571,1.15574,1.00,1.67
2015.01.21 00:47:37.459,1.15572,1.15574,1.00,1.50
2015.01.21 00:47:41.801,1.15572,1.15574,1.00,1.10
2015.01.21 00:47:42.306,1.15572,1.15574,1.00,1.10
2015.01.21 00:47:56.418,1.15572,1.15575,1.00,6.15
2015.01.21 00:47:57.812,1.15572,1.15575,1.00,6.15
2015.01.21 00:48:03.801,1.15572,1.15575,1.00,8.77
2015.01.21 00:48:04.310,1.15569,1.15573,1.00,1.12
2015.01.21 00:48:04.870,1.15571,1.15573,1.00,1.12
2015.01.21 00:48:09.627,1.1557,1.15573,1.00,1.20
2015.01.21 00:48:09.935,1.15569,1.15573,1.00,1.95
2015.01.21 00:48:10.238,1.1557,1.15573,1.00,1.95
2015.01.21 00:48:10.764,1.15569,1.15573,1.00,1.95
2015.01.21 00:48:14.684,1.1557,1.15573,1.00,1.95
2015.01.21 00:48:15.090,1.15569,1.15573,1.50,1.10
2015.01.21 00:48:16.291,1.15569,1.15573,2.25,1.57
2015.01.21 00:48:17.000,1.15572,1.15575,1.50,4.50
2015.01.21 00:48:17.102,1.15574,1.15575,1.00,3.00
2015.01.21 00:48:19.011,1.15575,1.15577,1.00,1.47
2015.01.21 00:48:19.163,1.15575,1.15578,1.50,1.50
2015.01.21 00:48:20.724,1.15576,1.15578,1.00,1.10
2015.01.21 00:48:21.899,1.15576,1.15578,1.00,1.10
2015.01.21 00:48:22.521,1.15574,1.15578,1.50,1.47
2015.01.21 00:48:24.977,1.15576,1.15577,1.00,1.12
2015.01.21 00:48:25.133,1.15577,1.1558,2.85,1.50
2015.01.21 00:48:27.374,1.15577,1.1558,1.00,1.50
2015.01.21 00:48:27.425,1.15576,1.15578,2.25,1.00
2015.01.21 00:48:27.477,1.15576,1.15578,2.25,1.00
2015.01.21 00:48:28.031,1.15575,1.15577,1.50,1.37
2015.01.21 00:48:28.186,1.15578,1.15581,1.00,3.37
2015.01.21 00:48:28.267,1.15578,1.15581,1.00,1.20
2015.01.21 00:48:30.385,1.15579,1.15582,1.00,3.75
2015.01.21 00:48:31.026,1.15579,1.15582,1.00,3.75
2015.01.21 00:48:33.464,1.15578,1.15582,1.50,3.75
2015.01.21 00:48:43.166,1.15576,1.1558,2.25,1.57
2015.01.21 00:48:43.672,1.15576,1.1558,1.50,3.07
2015.01.21 00:48:50.779,1.15575,1.1558,2.25,4.57
2015.01.21 00:48:51.286,1.15574,1.15578,1.50,1.20
2015.01.21 00:48:54.659,1.15574,1.15577,1.50,1.37
2015.01.21 00:48:54.913,1.15571,1.15574,1.00,2.25
2015.01.21 00:48:55.369,1.15569,1.15573,1.00,1.12
2015.01.21 00:48:55.981,1.15569,1.15573,1.00,3.75
2015.01.21 00:49:00.340,1.15569,1.15574,1.00,8.25
2015.01.21 00:49:00.897,1.15569,1.15573,1.00,3.00
2015.01.21 00:49:08.728,1.15569,1.1557,1.00,1.12
2015.01.21 00:49:08.779,1.15567,1.1557,1.00,1.12
2015.01.21 00:49:09.331,1.15567,1.15571,1.00,1.20
2015.01.21 00:49:09.923,1.15567,1.1557,1.00,1.12
2015.01.21 00:49:13.315,1.15568,1.1557,1.00,1.12
2015.01.21 00:49:16.617,1.15569,1.1557,1.50,1.12
2015.01.21 00:49:17.124,1.15568,1.15573,1.00,4.87
2015.01.21 00:49:17.668,1.15567,1.15573,1.50,6.97
2015.01.21 00:49:22.981,1.15566,1.1557,1.50,1.20
2015.01.21 00:49:24.973,1.15566,1.1557,1.00,1.57
2015.01.21 00:49:25.479,1.15566,1.1557,1.00,1.57
2015.01.21 00:49:25.983,1.15565,1.1557,1.00,1.57
2015.01.21 00:49:26.034,1.15564,1.1557,2.70,3.82
2015.01.21 00:49:26.339,1.15564,1.15566,1.12,1.00
2015.01.21 00:49:26.541,1.15559,1.15564,1.12,5.70
2015.01.21 00:49:29.113,1.15559,1.15562,1.00,1.00
2015.01.21 00:49:29.265,1.15561,1.15562,1.00,1.00
2015.01.21 00:49:29.315,1.15561,1.15564,1.00,1.20
2015.01.21 00:49:29.833,1.15562,1.15565,1.00,2.77
2015.01.21 00:49:32.338,1.15562,1.15565,1.00,1.35
2015.01.21 00:49:33.835,1.15563,1.15565,2.10,1.72
2015.01.21 00:49:33.938,1.15562,1.15566,3.00,1.12
2015.01.21 00:49:34.091,1.15563,1.15568,2.25,1.10
2015.01.21 00:49:34.352,1.15561,1.15564,3.37,2.47
2015.01.21 00:49:34.657,1.15556,1.15559,1.50,1.37
2015.01.21 00:49:34.808,1.15553,1.15559,4.12,1.37
2015.01.21 00:49:35.718,1.15553,1.15559,4.87,1.12
2015.01.21 00:49:37.283,1.15555,1.15559,1.00,1.12
2015.01.21 00:49:42.994,1.15556,1.15559,1.00,1.12
2015.01.21 00:49:44.523,1.15556,1.1556,1.00,3.82
2015.01.21 00:49:46.049,1.15556,1.15559,1.00,1.00
2015.01.21 00:49:49.056,1.15554,1.15559,1.00,1.57
2015.01.21 00:49:49.158,1.15554,1.15559,1.00,3.00
2015.01.21 00:49:49.461,1.1555,1.15551,1.00,1.00
2015.01.21 00:49:49.714,1.1555,1.15551,1.00,1.00
2015.01.21 00:49:54.289,1.15548,1.15551,1.50,1.37
2015.01.21 00:49:54.354,1.15551,1.15554,1.00,3.30
2015.01.21 00:49:55.117,1.15551,1.15554,1.00,2.77
2015.01.21 00:49:55.915,1.15549,1.15551,1.11,1.00
2015.01.21 00:49:57.420,1.1555,1.15552,1.00,1.10
2015.01.21 00:49:57.934,1.15551,1.15552,1.00,1.10
2015.01.21 00:49:57.986,1.15552,1.15554,1.50,1.50
2015.01.21 00:49:58.087,1.15552,1.15554,1.50,1.00
2015.01.21 00:49:58.442,1.15552,1.15554,3.75,1.00
2015.01.21 00:49:58.594,1.15553,1.15557,1.00,3.00
2015.01.21 00:49:59.406,1.15552,1.15555,1.50,1.00
2015.01.21 00:50:00.592,1.15553,1.15555,1.00,3.07
2015.01.21 00:50:01.098,1.15554,1.15559,1.50,4.87
2015.01.21 00:50:02.747,1.15554,1.15559,1.50,1.00
2015.01.21 00:50:06.697,1.15554,1.15558,1.50,1.00
2015.01.21 00:50:07.203,1.15554,1.15559,3.60,1.87
2015.01.21 00:50:07.254,1.15554,1.15559,1.50,1.50
2015.01.21 00:50:07.759,1.15554,1.15558,1.00,1.00
2015.01.21 00:50:10.004,1.15553,1.15559,2.25,3.37
2015.01.21 00:50:10.055,1.15553,1.15558,1.50,3.75
2015.01.21 00:50:10.258,1.15551,1.15554,1.10,1.00
2015.01.21 00:50:10.635,1.1555,1.15552,1.00,1.00
2015.01.21 00:50:10.839,1.15546,1.15552,2.62,1.00
2015.01.21 00:50:10.891,1.15546,1.1555,1.57,1.12
2015.01.21 00:50:11.200,1.15549,1.15552,1.00,1.50
2015.01.21 00:50:11.303,1.15551,1.15553,1.00,1.57
2015.01.21 00:50:11.833,1.15551,1.15554,1.00,1.50
2015.01.21 00:50:12.339,1.15552,1.15555,1.00,2.85
2015.01.21 00:50:13.684,1.15552,1.15553,1.00,1.00
2015.01.21 00:50:14.199,1.15552,1.15554,1.00,1.00
2015.01.21 00:50:15.325,1.15551,1.15553,1.00,1.00
2015.01.21 00:50:20.942,1.1555,1.15553,2.25,1.50
2015.01.21 00:50:21.499,1.1555,1.15554,1.00,5.25
2015.01.21 00:50:21.550,1.1555,1.15552,1.50,1.00
2015.01.21 00:50:22.072,1.15551,1.15553,1.00,1.00
2015.01.21 00:50:22.782,1.15551,1.15555,1.00,2.85
2015.01.21 00:50:23.592,1.15551,1.15553,1.00,1.00
2015.01.21 00:50:24.551,1.1555,1.15553,3.75,1.00
2015.01.21 00:50:34.101,1.1555,1.15555,4.50,4.20
2015.01.21 00:50:34.713,1.1555,1.15554,3.75,1.50
2015.01.21 00:50:40.996,1.15551,1.15554,1.00,1.00
2015.01.21 00:50:54.137,1.15552,1.15554,1.00,1.00
2015.01.21 00:50:54.681,1.15553,1.15555,1.00,1.65
2015.01.21 00:50:54.985,1.15555,1.15557,2.10,1.00
2015.01.21 00:50:55.490,1.15556,1.15559,1.00,1.87
2015.01.21 00:50:56.014,1.15556,1.15559,1.00,1.87
2015.01.21 00:51:00.258,1.15558,1.1556,2.10,6.82
2015.01.21 00:51:00.410,1.15559,1.15562,1.00,1.42
2015.01.21 00:51:00.463,1.1556,1.15563,1.00,2.85
2015.01.21 00:51:00.564,1.15562,1.15564,1.00,2.62
2015.01.21 00:51:00.666,1.1556,1.15564,2.85,3.00
2015.01.21 00:51:00.767,1.15562,1.15564,1.00,2.25
2015.01.21 00:51:00.985,1.1556,1.15564,1.00,2.25
2015.01.21 00:51:02.554,1.1556,1.15562,1.50,1.00
2015.01.21 00:51:02.857,1.15559,1.1556,1.00,1.00
2015.01.21 00:51:03.271,1.15557,1.1556,1.50,1.50
2015.01.21 00:51:03.799,1.15557,1.15559,1.50,1.00
2015.01.21 00:51:05.735,1.15555,1.15559,1.57,1.87
2015.01.21 00:51:06.299,1.15554,1.15559,1.00,4.12
2015.01.21 00:51:07.434,1.15553,1.15559,3.07,4.12
2015.01.21 00:51:08.663,1.15554,1.15558,1.00,3.75
2015.01.21 00:51:08.917,1.15554,1.15556,1.50,1.00
2015.01.21 00:51:09.069,1.15552,1.15555,1.00,3.15
2015.01.21 00:51:09.610,1.15551,1.15555,1.00,2.25
2015.01.21 00:51:10.336,1.15553,1.15555,1.00,2.25
2015.01.21 00:51:10.892,1.15552,1.15554,1.00,1.00
2015.01.21 00:51:15.391,1.15552,1.15554,1.00,1.00
2015.01.21 00:51:21.991,1.15554,1.15556,1.00,2.32
2015.01.21 00:51:24.098,1.15555,1.15557,1.00,4.87
2015.01.21 00:51:29.918,1.15555,1.15558,1.00,5.62
2015.01.21 00:51:38.408,1.15556,1.15559,1.00,3.07
2015.01.21 00:51:54.561,1.15553,1.15557,1.12,5.62
2015.01.21 00:51:54.764,1.15553,1.15556,1.10,6.60
2015.01.21 00:51:55.320,1.15553,1.15555,1.50,1.12
2015.01.21 00:51:55.472,1.15556,1.15558,1.00,6.00
2015.01.21 00:51:57.133,1.15555,1.15557,1.00,1.00
2015.01.21 00:51:58.308,1.15555,1.15557,1.00,1.00
2015.01.21 00:52:01.265,1.15555,1.15557,1.00,1.50
2015.01.21 00:52:06.185,1.15555,1.15557,1.00,1.50
2015.01.21 00:52:06.286,1.15552,1.15555,2.25,1.12
2015.01.21 00:52:06.388,1.15553,1.15554,1.00,1.50
2015.01.21 00:52:06.896,1.15551,1.15553,1.00,5.32
2015.01.21 00:52:07.402,1.1555,1.15553,1.00,4.57
2015.01.21 00:52:08.399,1.1555,1.15553,1.00,5.32
2015.01.21 00:52:13.667,1.15549,1.15553,1.00,4.57
2015.01.21 00:52:14.707,1.15549,1.15553,1.00,4.87
2015.01.21 00:52:14.860,1.15547,1.15552,1.00,1.20
2015.01.21 00:52:15.366,1.15547,1.15551,1.00,1.50
2015.01.21 00:52:17.437,1.15548,1.15551,1.00,1.50
2015.01.21 00:52:18.044,1.15548,1.1555,1.00,1.12
2015.01.21 00:52:19.716,1.15546,1.1555,1.10,1.54
2015.01.21 00:52:21.095,1.15546,1.15551,1.10,7.39
2015.01.21 00:52:21.601,1.15546,1.1555,1.10,1.54
2015.01.21 00:52:22.262,1.15546,1.15549,1.50,2.25
2015.01.21 00:52:22.566,1.15546,1.15548,1.00,1.87
2015.01.21 00:52:22.617,1.15544,1.15547,1.10,1.12
2015.01.21 00:52:22.719,1.15542,1.15546,1.57,8.10
2015.01.21 00:52:23.224,1.15541,1.15545,1.00,2.51
2015.01.21 00:52:23.730,1.1554,1.15544,2.25,7.12
2015.01.21 00:52:23.832,1.15539,1.15542,1.10,3.37
2015.01.21 00:52:24.237,1.15537,1.15541,1.00,1.50
2015.01.21 00:52:24.743,1.15537,1.15541,1.00,1.87
2015.01.21 00:52:26.986,1.15536,1.15541,1.10,1.87
2015.01.21 00:52:30.117,1.15536,1.15541,1.57,1.87
2015.01.21 00:52:30.808,1.15536,1.15541,1.57,1.87
2015.01.21 00:52:31.904,1.15536,1.15541,1.57,1.87
2015.01.21 00:52:32.410,1.15535,1.1554,2.25,1.95
2015.01.21 00:52:33.558,1.15535,1.15539,1.00,1.00
2015.01.21 00:52:34.417,1.15535,1.15539,1.00,1.87
2015.01.21 00:52:34.923,1.15534,1.15537,1.50,1.12
2015.01.21 00:52:35.427,1.15534,1.15538,1.50,1.12
2015.01.21 00:52:41.246,1.15534,1.15537,1.50,1.00
2015.01.21 00:52:41.296,1.15534,1.15535,1.50,1.12
2015.01.21 00:52:42.487,1.15534,1.15536,1.00,1.12
2015.01.21 00:52:43.033,1.15534,1.15535,1.00,1.12
2015.01.21 00:52:43.676,1.15534,1.15538,1.50,1.12
2015.01.21 00:52:45.083,1.15534,1.15539,2.25,3.45
2015.01.21 00:52:45.593,1.15535,1.15539,1.00,1.95
2015.01.21 00:52:49.325,1.15536,1.15539,1.00,1.50
2015.01.21 00:52:49.842,1.15536,1.1554,3.00,1.12
2015.01.21 00:52:50.347,1.15537,1.1554,1.50,1.12
2015.01.21 00:52:50.884,1.15537,1.15542,1.50,2.25
2015.01.21 00:52:53.618,1.15538,1.15542,1.00,1.50
2015.01.21 00:52:54.277,1.15537,1.15542,1.50,2.25
2015.01.21 00:52:57.902,1.15537,1.1554,1.00,1.00
2015.01.21 00:52:58.409,1.15536,1.15542,2.25,7.87
2015.01.21 00:52:58.914,1.15536,1.15542,2.25,9.00
2015.01.21 00:53:02.137,1.15536,1.15541,2.25,1.10
2015.01.21 00:53:02.643,1.15535,1.1554,1.50,1.10
2015.01.21 00:53:03.425,1.15535,1.15538,1.50,1.00
2015.01.21 00:53:05.822,1.15535,1.15539,3.60,1.10
2015.01.21 00:53:06.328,1.15535,1.15538,1.00,1.00
2015.01.21 00:53:06.631,1.15537,1.15541,3.00,5.96
2015.01.21 00:53:06.682,1.15539,1.15541,1.00,2.36
2015.01.21 00:53:08.431,1.1554,1.15543,3.60,1.10
2015.01.21 00:53:08.987,1.1554,1.15544,6.60,1.87
2015.01.21 00:53:09.529,1.15541,1.15544,1.35,1.57
2015.01.21 00:53:10.297,1.15543,1.15545,2.10,1.42
2015.01.21 00:53:10.500,1.15545,1.15549,4.35,3.75
2015.01.21 00:53:11.033,1.15546,1.15549,2.10,1.87
2015.01.21 00:53:11.539,1.15547,1.15549,1.35,1.50
2015.01.21 00:53:11.948,1.15547,1.15551,4.35,1.57
2015.01.21 00:53:16.825,1.15548,1.15551,1.00,1.50
2015.01.21 00:53:21.382,1.15548,1.15551,1.87,1.00
2015.01.21 00:53:21.484,1.15552,1.15554,3.37,4.42
2015.01.21 00:53:21.535,1.15552,1.15554,4.12,2.62
2015.01.21 00:53:21.636,1.15553,1.15555,2.10,3.37
2015.01.21 00:53:21.739,1.15554,1.15556,2.25,1.50
2015.01.21 00:53:21.797,1.15556,1.15558,1.00,1.00
2015.01.21 00:53:21.899,1.15555,1.15561,1.50,6.00
2015.01.21 00:53:22.405,1.15555,1.1556,1.00,1.00
2015.01.21 00:53:27.067,1.15555,1.15559,1.00,1.00
2015.01.21 00:53:27.624,1.15555,1.15556,1.00,1.00
2015.01.21 00:53:27.726,1.15552,1.15555,4.12,1.00
2015.01.21 00:53:28.232,1.15552,1.15555,1.00,1.65
2015.01.21 00:53:29.203,1.15552,1.15554,1.00,1.00
2015.01.21 00:53:29.709,1.15552,1.15555,1.12,1.50
2015.01.21 00:53:34.116,1.15551,1.15555,2.62,1.12
2015.01.21 00:53:42.555,1.15552,1.15554,1.00,1.00
2015.01.21 00:53:43.685,1.15552,1.15555,1.37,3.15
2015.01.21 00:53:44.189,1.15552,1.15554,1.37,1.00
2015.01.21 00:53:45.381,1.15552,1.15554,1.00,1.00
2015.01.21 00:53:48.859,1.15552,1.15553,1.00,1.00
2015.01.21 00:53:56.561,1.15551,1.15553,1.00,1.12
2015.01.21 00:53:57.930,1.15551,1.15553,1.00,2.25
2015.01.21 00:54:02.154,1.1555,1.15553,1.50,1.50
2015.01.21 00:54:02.614,1.15549,1.15553,1.50,1.87
2015.01.21 00:54:04.293,1.1555,1.15553,1.00,1.50
2015.01.21 00:54:06.046,1.15549,1.15552,1.50,1.47
2015.01.21 00:54:06.250,1.15547,1.1555,1.00,1.47
2015.01.21 00:54:06.352,1.15544,1.15545,1.57,1.27
2015.01.21 00:54:06.757,1.15542,1.15544,1.00,1.00
2015.01.21 00:54:13.669,1.15541,1.15544,1.00,1.50
2015.01.21 00:54:15.982,1.15542,1.15544,1.00,1.00
2015.01.21 00:54:16.988,1.15541,1.15544,1.00,1.00
2015.01.21 00:54:17.443,1.15543,1.15545,1.00,4.20
2015.01.21 00:54:17.544,1.15541,1.15545,1.00,5.02
2015.01.21 00:54:18.051,1.15542,1.15545,1.00,4.50
2015.01.21 00:54:18.558,1.15542,1.15545,1.00,3.37
2015.01.21 00:54:19.069,1.15542,1.15545,1.00,9.15
2015.01.21 00:54:20.935,1.15542,1.15544,1.00,1.57
2015.01.21 00:54:21.509,1.15541,1.15543,1.00,1.10
2015.01.21 00:54:25.233,1.15542,1.15544,1.00,3.30
2015.01.21 00:54:27.097,1.1554,1.15543,2.25,1.42
2015.01.21 00:54:27.149,1.15538,1.1554,1.00,1.00
2015.01.21 00:54:27.455,1.15535,1.1554,3.00,4.12
2015.01.21 00:54:30.421,1.15537,1.1554,1.00,3.37
2015.01.21 00:54:30.953,1.15537,1.1554,1.00,2.25
2015.01.21 00:54:31.257,1.15538,1.1554,1.00,2.17
2015.01.21 00:54:31.359,1.15539,1.15542,1.00,3.37
2015.01.21 00:54:31.991,1.1554,1.15542,1.00,1.87
2015.01.21 00:54:32.093,1.15542,1.15543,2.10,1.10
2015.01.21 00:54:32.347,1.15543,1.15547,1.00,2.25
2015.01.21 00:54:32.853,1.15544,1.15548,1.00,3.00
2015.01.21 00:54:33.374,1.15545,1.15548,1.00,1.87
2015.01.21 00:54:33.880,1.15545,1.15548,1.00,1.50
2015.01.21 00:54:39.810,1.15545,1.15546,1.00,1.00
2015.01.21 00:54:40.164,1.15543,1.15548,3.60,1.87
2015.01.21 00:54:40.708,1.15544,1.15548,2.10,1.87
2015.01.21 00:54:41.878,1.15545,1.15548,1.00,1.12
2015.01.21 00:54:42.402,1.15544,1.15549,2.10,3.37
2015.01.21 00:54:43.950,1.15544,1.15549,1.50,3.37
2015.01.21 00:54:44.753,1.15544,1.15548,3.60,1.50
2015.01.21 00:54:46.139,1.15544,1.15545,2.85,1.00
2015.01.21 00:54:46.393,1.15544,1.15549,1.00,4.87
2015.01.21 00:54:46.907,1.15545,1.15549,1.00,3.00
2015.01.21 00:54:48.241,1.15544,1.15549,2.25,3.00
2015.01.21 00:54:49.776,1.15543,1.15547,1.00,1.12
2015.01.21 00:54:50.310,1.15543,1.15547,1.00,3.00
2015.01.21 00:54:51.221,1.15542,1.15547,1.00,3.75
2015.01.21 00:54:51.372,1.15542,1.15544,1.00,1.50
2015.01.21 00:54:53.402,1.15543,1.15547,1.00,5.62
2015.01.21 00:54:53.946,1.15543,1.15547,1.00,4.80
2015.01.21 00:54:54.457,1.15542,1.15546,1.00,1.50
2015.01.21 00:54:54.982,1.15543,1.15546,1.00,1.50
2015.01.21 00:54:57.632,1.15544,1.15548,1.00,1.87
2015.01.21 00:54:58.290,1.15543,1.15548,1.50,1.12
2015.01.21 00:55:00.087,1.15543,1.15545,1.50,1.00
2015.01.21 00:55:00.190,1.15544,1.15546,1.45,1.10
2015.01.21 00:55:00.495,1.15543,1.15545,1.00,1.17
2015.01.21 00:55:01.001,1.15543,1.15547,1.00,1.37
2015.01.21 00:55:01.357,1.15543,1.15547,2.25,4.20
2015.01.21 00:55:01.560,1.15543,1.15545,1.00,1.00
2015.01.21 00:55:01.661,1.15544,1.15547,1.00,1.95
2015.01.21 00:55:01.842,1.15542,1.15546,6.00,1.00
2015.01.21 00:55:02.246,1.15544,1.15546,1.00,1.00
2015.01.21 00:55:04.083,1.15548,1.1555,1.00,8.25
2015.01.21 00:55:04.236,1.15552,1.15554,4.50,1.50
2015.01.21 00:55:04.338,1.15554,1.15556,2.10,3.00
2015.01.21 00:55:04.591,1.15556,1.15559,1.00,1.50
2015.01.21 00:55:05.096,1.15556,1.15559,1.12,1.00
2015.01.21 00:55:05.501,1.15557,1.15559,1.00,3.00
2015.01.21 00:55:05.653,1.15554,1.15557,1.12,1.00
2015.01.21 00:55:05.856,1.15557,1.15558,1.00,1.00
2015.01.21 00:55:06.159,1.15545,1.15546,2.62,1.00
2015.01.21 00:55:06.211,1.15543,1.15545,2.92,4.87
2015.01.21 00:55:06.417,1.1554,1.15543,1.00,2.91
2015.01.21 00:55:07.075,1.15539,1.15542,1.00,1.03
2015.01.21 00:55:08.499,1.15541,1.15545,1.00,10.12
2015.01.21 00:55:11.594,1.15543,1.15545,1.00,5.25
2015.01.21 00:55:14.413,1.15543,1.15545,1.00,3.37
2015.01.21 00:55:14.466,1.15544,1.15545,2.10,2.62
2015.01.21 00:55:14.618,1.15545,1.15547,1.00,1.00
2015.01.21 00:55:14.669,1.15547,1.15549,1.00,1.00
2015.01.21 00:55:15.264,1.15547,1.15553,1.50,3.37
2015.01.21 00:55:16.755,1.15547,1.15548,1.00,1.00
2015.01.21 00:55:17.262,1.15546,1.15548,1.00,1.00
2015.01.21 00:55:18.859,1.15544,1.15545,1.10,1.00
2015.01.21 00:55:18.960,1.15542,1.15546,1.00,2.25
2015.01.21 00:55:20.492,1.15543,1.15545,1.00,3.26
2015.01.21 00:55:20.999,1.15543,1.15545,1.00,4.72
2015.01.21 00:55:21.549,1.15542,1.15544,1.00,1.50
2015.01.21 00:55:23.808,1.1554,1.15544,1.87,2.62
2015.01.21 00:55:23.910,1.15541,1.15544,1.00,4.12
2015.01.21 00:55:24.466,1.15541,1.15544,1.00,3.37
2015.01.21 00:55:25.005,1.15542,1.15544,1.00,2.62
2015.01.21 00:55:27.637,1.15542,1.15544,1.00,1.00
2015.01.21 00:55:28.151,1.15543,1.15545,1.00,2.02
2015.01.21 00:55:30.912,1.15543,1.15545,1.00,2.02
2015.01.21 00:55:33.581,1.15543,1.15545,1.00,4.27
2015.01.21 00:55:34.290,1.15542,1.15544,1.00,1.00
2015.01.21 00:55:34.443,1.15539,1.15543,1.37,1.37
2015.01.21 00:55:34.544,1.15539,1.15542,1.10,1.37
2015.01.21 00:55:34.949,1.15537,1.15541,1.10,1.87
2015.01.21 00:55:37.088,1.15538,1.1554,1.00,1.00
2015.01.21 00:55:38.045,1.15538,1.15542,1.50,1.20
2015.01.21 00:55:38.558,1.15538,1.15541,1.50,1.00
2015.01.21 00:55:40.130,1.15538,1.15543,1.50,3.00
2015.01.21 00:55:40.744,1.15539,1.15543,1.00,1.95
2015.01.21 00:55:48.873,1.1554,1.15543,1.00,1.57
2015.01.21 00:55:49.457,1.15539,1.15543,1.00,1.10
2015.01.21 00:55:54.034,1.1554,1.15543,1.00,1.10
2015.01.21 00:55:57.627,1.1554,1.15544,1.00,5.25
2015.01.21 00:56:18.725,1.1554,1.15543,1.00,1.00
2015.01.21 00:56:20.614,1.1554,1.15544,1.00,5.70
2015.01.21 00:56:26.365,1.1554,1.15543,1.00,1.00
2015.01.21 00:56:34.051,1.15539,1.15543,3.00,2.32
2015.01.21 00:56:54.219,1.15538,1.1554,1.50,1.37
2015.01.21 00:56:54.725,1.15539,1.15541,1.50,1.12
2015.01.21 00:56:54.828,1.1554,1.15542,1.50,1.00
2015.01.21 00:56:55.333,1.1554,1.15543,1.50,2.32
2015.01.21 00:57:00.269,1.1554,1.15543,1.50,1.95
2015.01.21 00:57:00.793,1.1554,1.15544,2.25,8.25
2015.01.21 00:57:01.491,1.15541,1.15543,2.10,1.20
2015.01.21 00:57:01.695,1.15542,1.15545,3.75,1.12
2015.01.21 00:57:02.228,1.15542,1.15546,3.82,1.50
2015.01.21 00:57:05.158,1.15542,1.15545,2.32,1.25
2015.01.21 00:57:05.430,1.15541,1.15543,1.00,1.00
2015.01.21 00:57:05.936,1.1554,1.15542,1.00,1.00
2015.01.21 00:57:08.097,1.1554,1.15541,1.00,1.00
2015.01.21 00:57:08.602,1.15539,1.1554,1.00,1.00
2015.01.21 00:57:08.956,1.15539,1.15542,1.00,1.50
2015.01.21 00:57:24.917,1.15539,1.15541,1.00,1.00
2015.01.21 00:57:29.531,1.15539,1.15542,1.00,3.00
2015.01.21 00:57:42.069,1.15539,1.15541,1.00,1.00
2015.01.21 00:57:42.581,1.15539,1.1554,1.00,1.00
2015.01.21 00:57:46.987,1.15539,1.15542,1.00,3.75
2015.01.21 00:58:03.222,1.1554,1.15542,1.50,1.50
2015.01.21 00:58:03.274,1.15537,1.1554,5.92,1.00
2015.01.21 00:58:03.325,1.15538,1.1554,1.50,3.00
2015.01.21 00:58:03.376,1.15537,1.15538,1.00,1.50
2015.01.21 00:58:03.478,1.15536,1.15537,2.32,1.00
2015.01.21 00:58:04.432,1.15534,1.15537,3.67,2.10
2015.01.21 00:58:04.486,1.15533,1.15535,4.42,5.12
2015.01.21 00:58:04.537,1.15533,1.15534,1.42,1.00
2015.01.21 00:58:04.589,1.15532,1.15534,1.50,1.50
2015.01.21 00:58:05.046,1.1553,1.15532,1.50,1.00
2015.01.21 00:58:05.147,1.15528,1.15531,1.50,1.50
2015.01.21 00:58:05.249,1.15528,1.15529,1.50,1.00
2015.01.21 00:58:05.300,1.15526,1.15529,3.45,1.00
2015.01.21 00:58:08.978,1.15526,1.1553,2.25,3.15
2015.01.21 00:58:17.994,1.15526,1.15529,3.00,1.00
2015.01.21 00:58:18.524,1.15526,1.15528,1.00,1.50
2015.01.21 00:58:19.262,1.15526,1.15529,2.25,1.00
2015.01.21 00:58:20.725,1.15526,1.1553,2.25,3.15
2015.01.21 00:58:28.757,1.15526,1.15529,2.25,1.00
2015.01.21 00:58:29.299,1.15526,1.1553,2.25,3.90
2015.01.21 00:58:34.416,1.15527,1.1553,1.00,3.90
2015.01.21 00:58:34.964,1.15526,1.1553,2.32,3.90
2015.01.21 00:58:35.509,1.15527,1.1553,1.00,3.90
2015.01.21 00:58:35.827,1.15527,1.15528,1.00,1.00
2015.01.21 00:58:36.377,1.15527,1.15529,1.00,1.00
2015.01.21 00:58:37.228,1.15527,1.15528,1.00,1.00
2015.01.21 00:58:37.760,1.15526,1.15528,2.32,1.00
2015.01.21 00:58:38.471,1.15527,1.15528,1.00,1.00
2015.01.21 00:58:43.833,1.15527,1.15529,1.00,1.00
2015.01.21 00:58:45.364,1.15527,1.1553,1.50,1.50
2015.01.21 00:58:46.879,1.15527,1.15531,2.25,1.00
2015.01.21 00:58:47.840,1.15527,1.15531,2.25,2.02
2015.01.21 00:58:49.478,1.15527,1.15531,1.50,2.02
2015.01.21 00:58:50.070,1.15527,1.15531,1.50,2.02
2015.01.21 00:58:52.317,1.15528,1.15531,1.00,1.52
2015.01.21 00:58:52.469,1.15529,1.15532,1.00,1.10
2015.01.21 00:58:52.672,1.15531,1.15533,1.00,2.32
2015.01.21 00:58:53.228,1.15531,1.15533,1.00,1.50
2015.01.21 00:58:54.191,1.15532,1.15533,1.00,1.50
2015.01.21 00:58:55.006,1.15531,1.15533,1.00,1.50
2015.01.21 00:58:56.631,1.1553,1.15533,1.00,2.25
2015.01.21 00:58:57.136,1.15531,1.15533,1.00,1.50
2015.01.21 00:58:58.038,1.1553,1.15533,1.00,1.50
2015.01.21 00:59:05.418,1.15531,1.15533,1.00,1.10
2015.01.21 00:59:07.302,1.1553,1.15533,1.00,1.10
2015.01.21 00:59:11.590,1.15531,1.15533,1.00,1.10
2015.01.21 00:59:12.197,1.1553,1.15533,1.00,1.10
2015.01.21 00:59:12.504,1.15527,1.1553,1.00,2.62
2015.01.21 00:59:17.553,1.15528,1.1553,1.00,3.22
2015.01.21 00:59:17.857,1.15533,1.15537,1.50,4.35
2015.01.21 00:59:17.908,1.15535,1.15537,1.00,3.00
2015.01.21 00:59:18.009,1.15535,1.15539,1.50,1.10
2015.01.21 00:59:18.262,1.15537,1.15539,1.00,1.00
2015.01.21 00:59:19.893,1.15537,1.15538,1.00,1.00
2015.01.21 00:59:19.996,1.15535,1.15538,2.25,1.00
2015.01.21 00:59:20.510,1.15534,1.15538,3.00,1.10
2015.01.21 00:59:24.564,1.15533,1.15535,1.00,1.12
2015.01.21 00:59:24.716,1.15531,1.15534,1.00,1.00
2015.01.21 00:59:25.222,1.1553,1.15534,1.00,1.10
2015.01.21 00:59:28.013,1.15532,1.15535,1.00,5.25
2015.01.21 00:59:29.476,1.15531,1.15533,1.00,1.50
2015.01.21 00:59:29.998,1.1553,1.15533,1.00,1.87
2015.01.21 00:59:30.686,1.15531,1.15533,1.00,1.87
2015.01.21 00:59:32.005,1.15531,1.15533,1.00,1.80
2015.01.21 00:59:33.883,1.15531,1.15533,1.00,1.87
2015.01.21 00:59:39.306,1.15528,1.15532,1.37,2.85
2015.01.21 00:59:39.812,1.15528,1.15532,1.37,3.60
2015.01.21 00:59:41.027,1.1553,1.15532,1.00,3.60
2015.01.21 00:59:41.342,1.15527,1.1553,1.50,5.62
2015.01.21 00:59:41.495,1.15527,1.15528,1.00,1.00
2015.01.21 00:59:42.000,1.15526,1.15528,1.00,1.00
2015.01.21 00:59:42.510,1.15526,1.1553,1.00,8.47
2015.01.21 00:59:50.197,1.15526,1.15527,1.00,1.00
2015.01.21 00:59:50.452,1.15519,1.15521,1.57,1.50
2015.01.21 00:59:50.807,1.15517,1.1552,1.00,1.00
2015.01.21 00:59:51.312,1.15518,1.15521,1.00,2.32
2015.01.21 00:59:54.508,1.15518,1.1552,1.00,1.00
2015.01.21 00:59:54.559,1.15515,1.15519,3.07,1.00
2015.01.21 00:59:56.197,1.15515,1.15519,1.50,1.12
2015.01.21 00:59:58.135,1.15511,1.15515,8.17,2.10
2015.01.21 00:59:58.642,1.15511,1.15515,1.12,6.67
2015.01.21 00:59:58.694,1.15511,1.15515,1.87,2.32
2015.01.21 00:59:58.745,1.15513,1.15515,1.00,1.50
2015.01.21 00:59:59.201,1.15514,1.15517,2.85,1.57
2015.01.21 00:59:59.555,1.15513,1.15516,1.00,1.52
2015.01.21 00:59:59.808,1.15511,1.15514,1.00,1.00
