2015.01.07 07:00:00.051,1.18666,1.18671,1.00,1.00
2015.01.07 07:00:00.970,1.18667,1.18671,1.00,1.12
2015.01.07 07:00:01.224,1.1867,1.18673,1.00,1.00
2015.01.07 07:00:01.327,1.18673,1.18675,1.00,2.62
2015.01.07 07:00:01.378,1.18671,1.18676,1.00,1.56
2015.01.07 07:00:01.885,1.18669,1.18675,1.37,1.19
2015.01.07 07:00:02.809,1.1867,1.18672,1.50,1.00
2015.01.07 07:00:02.910,1.18667,1.18671,1.00,1.00
2015.01.07 07:00:02.962,1.18666,1.18667,1.50,1.50
2015.01.07 07:00:03.013,1.18662,1.18666,2.25,1.19
2015.01.07 07:00:03.115,1.18663,1.18667,1.00,1.25
2015.01.07 07:00:03.216,1.18662,1.18667,1.00,1.19
2015.01.07 07:00:03.419,1.18662,1.18668,1.50,1.25
2015.01.07 07:00:03.470,1.18662,1.18668,1.50,1.19
2015.01.07 07:00:03.673,1.18657,1.18661,4.50,1.25
2015.01.07 07:00:04.078,1.18652,1.18659,2.62,1.50
2015.01.07 07:00:04.129,1.18652,1.18659,1.50,1.50
2015.01.07 07:00:05.716,1.18652,1.18658,1.00,1.00
2015.01.07 07:00:05.768,1.1865,1.18656,1.12,1.00
2015.01.07 07:00:06.072,1.1865,1.18653,1.42,1.00
2015.01.07 07:00:06.387,1.1865,1.18654,1.57,1.00
2015.01.07 07:00:06.692,1.1865,1.18656,2.17,1.00
2015.01.07 07:00:06.844,1.1865,1.18653,1.87,1.00
2015.01.07 07:00:07.704,1.18647,1.18652,4.50,1.00
2015.01.07 07:00:07.757,1.18647,1.1865,4.50,1.00
2015.01.07 07:00:07.909,1.18647,1.18653,3.75,1.69
2015.01.07 07:00:08.061,1.18647,1.18651,1.50,1.00
2015.01.07 07:00:08.567,1.18647,1.1865,3.37,1.00
2015.01.07 07:00:08.871,1.18641,1.18643,1.00,2.25
2015.01.07 07:00:09.383,1.18641,1.18643,1.00,1.69
2015.01.07 07:00:10.328,1.1864,1.18644,2.85,1.00
2015.01.07 07:00:11.594,1.18642,1.18643,1.00,1.00
2015.01.07 07:00:12.100,1.1864,1.18643,1.35,1.00
2015.01.07 07:00:12.606,1.18642,1.18643,1.00,1.00
2015.01.07 07:00:13.112,1.18642,1.18644,1.00,1.86
2015.01.07 07:00:13.668,1.18642,1.18645,1.25,2.59
2015.01.07 07:00:14.384,1.18642,1.18646,1.00,1.00
2015.01.07 07:00:14.740,1.1864,1.18645,3.94,1.37
2015.01.07 07:00:15.247,1.1864,1.18645,5.29,2.25
2015.01.07 07:00:15.753,1.1864,1.18643,3.11,1.50
2015.01.07 07:00:16.208,1.1864,1.18643,2.47,1.00
2015.01.07 07:00:16.360,1.1864,1.18643,2.17,1.00
2015.01.07 07:00:17.832,1.1864,1.18643,1.76,1.00
2015.01.07 07:00:18.973,1.18648,1.18654,2.12,1.00
2015.01.07 07:00:19.492,1.18653,1.18655,1.00,1.00
2015.01.07 07:00:20.142,1.18653,1.18656,1.00,1.50
2015.01.07 07:00:20.663,1.18653,1.18655,1.00,1.00
2015.01.07 07:00:21.009,1.18655,1.18657,4.12,1.00
2015.01.07 07:00:21.784,1.18656,1.18659,1.20,1.19
2015.01.07 07:00:21.986,1.18654,1.18656,1.50,1.00
2015.01.07 07:00:22.239,1.18655,1.18657,1.00,1.00
2015.01.07 07:00:23.225,1.18655,1.18657,1.95,1.00
2015.01.07 07:00:23.376,1.18654,1.18657,1.00,1.69
2015.01.07 07:00:23.427,1.18654,1.18658,1.00,3.19
2015.01.07 07:00:23.680,1.18654,1.18656,1.00,1.00
2015.01.07 07:00:23.986,1.18656,1.18658,1.87,1.87
2015.01.07 07:00:24.138,1.18653,1.18657,1.50,1.00
2015.01.07 07:00:24.931,1.18653,1.18656,1.00,1.00
2015.01.07 07:00:25.436,1.18653,1.18655,2.25,1.00
2015.01.07 07:00:25.942,1.18654,1.18656,1.00,1.25
2015.01.07 07:00:26.095,1.18653,1.18656,3.00,1.62
2015.01.07 07:00:26.650,1.18654,1.18656,1.80,2.44
2015.01.07 07:00:28.119,1.18654,1.18656,1.00,1.50
2015.01.07 07:00:28.624,1.18655,1.18656,1.00,1.50
2015.01.07 07:00:29.756,1.18654,1.18656,1.50,1.50
2015.01.07 07:00:30.299,1.18655,1.18656,1.00,1.50
2015.01.07 07:00:31.057,1.18653,1.18655,3.00,1.37
2015.01.07 07:00:34.483,1.18653,1.18656,3.00,1.31
2015.01.07 07:00:35.644,1.18653,1.18657,3.00,2.81
2015.01.07 07:00:35.906,1.18655,1.18657,1.20,1.69
2015.01.07 07:00:36.210,1.18655,1.18658,1.15,2.46
2015.01.07 07:00:36.311,1.18654,1.18657,2.25,1.25
2015.01.07 07:00:36.918,1.18655,1.18657,1.00,1.25
2015.01.07 07:00:37.120,1.18658,1.1866,2.50,4.57
2015.01.07 07:00:37.272,1.18661,1.18664,1.50,3.45
2015.01.07 07:00:37.727,1.18662,1.18665,1.37,1.37
2015.01.07 07:00:38.251,1.18663,1.18665,1.00,1.12
2015.01.07 07:00:38.756,1.18662,1.18665,1.00,2.44
2015.01.07 07:00:39.869,1.18662,1.18664,1.00,1.00
2015.01.07 07:00:40.768,1.18662,1.18665,1.50,2.06
2015.01.07 07:00:41.075,1.18665,1.18668,3.00,2.25
2015.01.07 07:00:41.379,1.18669,1.18672,1.00,1.07
2015.01.07 07:00:41.530,1.1867,1.18673,1.00,3.75
2015.01.07 07:00:42.036,1.18667,1.1867,3.00,1.00
2015.01.07 07:00:42.138,1.1867,1.18672,1.00,1.00
2015.01.07 07:00:42.239,1.18667,1.18672,1.50,1.00
2015.01.07 07:00:42.391,1.1867,1.18672,1.00,1.00
2015.01.07 07:00:42.848,1.18668,1.18672,1.00,1.50
2015.01.07 07:00:43.619,1.1867,1.18672,1.00,1.50
2015.01.07 07:00:43.771,1.18671,1.18674,1.00,1.10
2015.01.07 07:00:51.092,1.18673,1.18674,1.00,1.00
2015.01.07 07:00:51.143,1.18673,1.18676,1.00,3.82
2015.01.07 07:00:52.537,1.18673,1.18675,1.00,1.50
2015.01.07 07:00:52.739,1.18671,1.18675,1.50,1.87
2015.01.07 07:00:53.094,1.18671,1.18674,1.00,1.62
2015.01.07 07:00:53.196,1.18669,1.18673,1.50,2.62
2015.01.07 07:00:53.973,1.18669,1.18673,1.15,2.25
2015.01.07 07:00:54.597,1.18669,1.18673,1.00,2.25
2015.01.07 07:00:55.246,1.18668,1.18671,1.12,1.00
2015.01.07 07:00:55.751,1.18667,1.1867,1.72,1.00
2015.01.07 07:00:56.054,1.18665,1.18668,1.87,1.00
2015.01.07 07:00:56.458,1.18663,1.18667,1.12,1.87
2015.01.07 07:00:56.560,1.18663,1.18667,1.00,1.87
2015.01.07 07:00:56.863,1.18661,1.18665,4.12,1.00
2015.01.07 07:00:58.559,1.18662,1.18665,1.50,1.50
2015.01.07 07:00:58.660,1.1866,1.18661,1.12,1.50
2015.01.07 07:00:58.762,1.18655,1.18658,4.05,1.00
2015.01.07 07:00:58.813,1.18655,1.18658,1.12,1.69
2015.01.07 07:00:58.864,1.18652,1.18656,2.32,1.69
2015.01.07 07:00:58.915,1.18652,1.18655,1.00,1.19
2015.01.07 07:00:59.220,1.18643,1.18646,1.12,1.50
2015.01.07 07:00:59.524,1.18635,1.18636,1.50,1.50
2015.01.07 07:00:59.627,1.18635,1.18636,1.00,1.00
2015.01.07 07:00:59.678,1.18633,1.18636,1.00,1.00
2015.01.07 07:00:59.982,1.18636,1.18638,1.00,1.62
2015.01.07 07:01:00.084,1.18637,1.18639,1.00,1.25
2015.01.07 07:01:00.590,1.18637,1.18638,1.50,1.00
2015.01.07 07:01:00.692,1.18638,1.1864,1.00,1.50
2015.01.07 07:01:00.744,1.18639,1.1864,1.00,4.91
2015.01.07 07:01:00.846,1.18637,1.1864,3.00,3.41
2015.01.07 07:01:01.356,1.18638,1.18641,1.00,1.00
2015.01.07 07:01:01.811,1.1864,1.18642,1.00,1.16
2015.01.07 07:01:01.963,1.18637,1.1864,1.50,1.00
2015.01.07 07:01:02.414,1.18639,1.18642,1.00,1.35
2015.01.07 07:01:03.123,1.18639,1.18643,2.44,1.16
2015.01.07 07:01:03.427,1.18642,1.18644,2.25,1.00
2015.01.07 07:01:03.528,1.18643,1.18644,1.00,1.00
2015.01.07 07:01:03.680,1.18644,1.18647,1.00,1.00
2015.01.07 07:01:04.034,1.18646,1.18649,1.00,1.00
2015.01.07 07:01:04.337,1.18654,1.18656,1.00,1.45
2015.01.07 07:01:04.490,1.18655,1.18658,1.19,1.00
2015.01.07 07:01:04.542,1.18656,1.1866,1.19,6.45
2015.01.07 07:01:04.694,1.1866,1.18661,1.00,1.00
2015.01.07 07:01:04.847,1.18661,1.18663,1.69,1.00
2015.01.07 07:01:05.354,1.18662,1.18664,1.69,1.00
2015.01.07 07:01:06.851,1.18662,1.18665,1.50,1.00
2015.01.07 07:01:07.356,1.18661,1.18664,1.50,1.00
2015.01.07 07:01:07.862,1.18661,1.18663,1.00,1.00
2015.01.07 07:01:08.015,1.18659,1.18661,1.00,1.37
2015.01.07 07:01:08.521,1.18658,1.1866,1.00,1.87
2015.01.07 07:01:11.473,1.18655,1.18657,1.00,1.00
2015.01.07 07:01:11.525,1.18653,1.18656,1.00,1.00
2015.01.07 07:01:11.950,1.18652,1.18656,2.25,1.69
2015.01.07 07:01:12.102,1.1865,1.18654,2.25,1.25
2015.01.07 07:01:12.355,1.18651,1.18654,1.00,1.56
2015.01.07 07:01:12.456,1.18649,1.18653,3.00,1.31
2015.01.07 07:01:12.810,1.18646,1.1865,1.95,1.69
2015.01.07 07:01:13.163,1.18645,1.18647,1.45,1.12
2015.01.07 07:01:13.315,1.18642,1.18646,1.50,2.29
2015.01.07 07:01:13.417,1.1864,1.18646,2.70,3.04
2015.01.07 07:01:13.947,1.1864,1.18646,1.87,2.29
2015.01.07 07:01:14.461,1.18641,1.18646,1.00,2.44
2015.01.07 07:01:16.181,1.18641,1.18645,1.00,1.99
2015.01.07 07:01:16.383,1.18638,1.18643,3.07,1.00
2015.01.07 07:01:16.891,1.18638,1.18643,1.00,1.69
2015.01.07 07:01:17.416,1.18637,1.18642,3.00,1.25
2015.01.07 07:01:18.299,1.18638,1.18642,1.00,1.25
2015.01.07 07:01:18.602,1.18636,1.1864,3.67,1.00
2015.01.07 07:01:18.905,1.18632,1.18635,1.87,1.00
2015.01.07 07:01:19.411,1.1863,1.18634,1.00,1.69
2015.01.07 07:01:20.061,1.18631,1.18633,1.00,1.00
2015.01.07 07:01:20.162,1.18631,1.18635,1.00,4.69
2015.01.07 07:01:22.125,1.1863,1.18634,1.87,2.10
2015.01.07 07:01:22.327,1.1863,1.18631,1.00,1.00
2015.01.07 07:01:22.530,1.18629,1.18633,1.37,3.60
2015.01.07 07:01:23.035,1.1863,1.18633,3.37,1.00
2015.01.07 07:01:24.729,1.18638,1.18639,1.00,2.10
2015.01.07 07:01:24.783,1.18638,1.1864,1.00,3.75
2015.01.07 07:01:24.834,1.18639,1.18641,1.00,2.25
2015.01.07 07:01:24.887,1.18639,1.18641,4.04,2.25
2015.01.07 07:01:24.938,1.1864,1.18643,3.37,1.50
2015.01.07 07:01:25.444,1.18641,1.18644,1.00,1.00
2015.01.07 07:01:26.730,1.18639,1.18642,3.60,1.00
2015.01.07 07:01:26.782,1.18639,1.18641,1.00,1.00
2015.01.07 07:01:26.833,1.18641,1.18642,1.00,1.00
2015.01.07 07:01:27.343,1.1864,1.18643,1.50,1.00
2015.01.07 07:01:35.289,1.18638,1.18642,1.25,1.00
2015.01.07 07:01:35.441,1.18637,1.1864,5.25,1.00
2015.01.07 07:01:35.968,1.18638,1.1864,1.00,1.50
2015.01.07 07:01:36.322,1.18639,1.18643,2.85,1.00
2015.01.07 07:01:37.726,1.1864,1.18644,3.00,3.00
2015.01.07 07:01:41.142,1.18638,1.18644,5.44,2.25
2015.01.07 07:01:41.447,1.1864,1.18644,1.00,2.25
2015.01.07 07:01:42.942,1.18639,1.18644,1.00,2.25
2015.01.07 07:01:43.486,1.18639,1.18643,1.00,1.00
2015.01.07 07:01:44.735,1.1864,1.18643,1.00,1.50
2015.01.07 07:01:45.240,1.1864,1.18644,1.50,3.19
2015.01.07 07:01:46.248,1.18641,1.18644,1.00,1.00
2015.01.07 07:01:46.754,1.18642,1.18644,1.00,1.00
2015.01.07 07:01:47.260,1.18642,1.18646,1.00,1.50
2015.01.07 07:01:47.867,1.18642,1.18644,1.00,1.00
2015.01.07 07:01:48.372,1.18641,1.18644,1.00,1.00
2015.01.07 07:01:49.319,1.1864,1.18644,1.00,1.00
2015.01.07 07:01:50.690,1.1864,1.18643,1.87,1.25
2015.01.07 07:01:51.314,1.18639,1.18643,1.00,1.69
2015.01.07 07:01:54.747,1.1864,1.18643,1.50,1.25
2015.01.07 07:01:55.252,1.18639,1.18643,1.00,1.25
2015.01.07 07:01:55.757,1.1864,1.18643,1.00,1.25
2015.01.07 07:01:56.262,1.18639,1.18642,1.00,1.00
2015.01.07 07:01:57.310,1.18639,1.18643,1.00,1.50
2015.01.07 07:01:57.866,1.1864,1.18643,1.00,1.00
2015.01.07 07:01:58.414,1.1864,1.18644,1.87,1.00
2015.01.07 07:01:59.072,1.18642,1.18645,1.00,1.87
2015.01.07 07:01:59.680,1.18644,1.18646,1.00,1.50
2015.01.07 07:01:59.832,1.18646,1.18648,5.85,1.10
2015.01.07 07:01:59.883,1.18648,1.1865,1.00,3.30
2015.01.07 07:01:59.935,1.18649,1.18651,1.00,3.75
2015.01.07 07:01:59.986,1.18649,1.18653,1.50,1.57
2015.01.07 07:02:00.036,1.18651,1.18653,1.00,1.00
2015.01.07 07:02:00.794,1.18653,1.18655,1.00,1.00
2015.01.07 07:02:00.845,1.18655,1.18658,1.37,2.51
2015.01.07 07:02:01.047,1.18657,1.1866,2.62,3.00
2015.01.07 07:02:01.595,1.18658,1.1866,1.50,1.00
2015.01.07 07:02:04.522,1.1866,1.18662,1.00,1.50
2015.01.07 07:02:04.775,1.18658,1.18662,2.25,5.10
2015.01.07 07:02:06.382,1.18659,1.18662,1.00,3.22
2015.01.07 07:02:06.635,1.18657,1.18661,2.81,2.85
2015.01.07 07:02:06.788,1.18655,1.18659,1.50,3.37
2015.01.07 07:02:06.890,1.18653,1.18657,1.00,2.25
2015.01.07 07:02:07.093,1.1865,1.18656,5.62,2.25
2015.01.07 07:02:07.498,1.1865,1.18653,1.00,1.50
2015.01.07 07:02:08.005,1.18649,1.18653,1.50,4.50
2015.01.07 07:02:09.066,1.18647,1.18649,2.25,1.50
2015.01.07 07:02:09.117,1.18645,1.18648,1.12,3.04
2015.01.07 07:02:09.421,1.18644,1.18647,1.50,2.10
2015.01.07 07:02:09.826,1.18642,1.18647,1.00,1.25
2015.01.07 07:02:10.382,1.18642,1.18646,1.50,1.00
2015.01.07 07:02:11.635,1.18642,1.18647,1.50,1.50
2015.01.07 07:02:12.207,1.18643,1.18647,1.00,1.50
2015.01.07 07:02:13.929,1.18642,1.18646,1.00,1.00
2015.01.07 07:02:14.030,1.1864,1.18646,10.12,2.44
2015.01.07 07:02:16.738,1.18643,1.18646,1.00,1.50
2015.01.07 07:02:17.749,1.18643,1.18647,1.00,1.69
2015.01.07 07:02:23.712,1.18643,1.18647,1.00,3.04
2015.01.07 07:02:25.402,1.18642,1.18646,1.50,1.69
2015.01.07 07:02:26.161,1.18641,1.18645,2.25,1.25
2015.01.07 07:02:26.464,1.18641,1.18644,1.00,1.19
2015.01.07 07:02:26.869,1.18642,1.18645,1.00,1.69
2015.01.07 07:02:27.579,1.18642,1.18646,1.00,1.50
2015.01.07 07:02:30.669,1.18641,1.18644,1.00,1.00
2015.01.07 07:02:30.975,1.18638,1.18641,2.25,3.60
2015.01.07 07:02:31.481,1.18637,1.18641,6.00,1.50
2015.01.07 07:02:32.967,1.18638,1.18641,1.00,1.35
2015.01.07 07:02:33.270,1.18643,1.18645,1.00,1.35
2015.01.07 07:02:33.372,1.18643,1.18645,1.00,1.35
2015.01.07 07:02:33.523,1.18641,1.18645,1.50,1.50
2015.01.07 07:02:34.028,1.1864,1.18644,1.12,1.50
2015.01.07 07:02:37.580,1.1864,1.18644,1.87,3.19
2015.01.07 07:02:39.662,1.1864,1.18644,1.87,3.19
2015.01.07 07:02:39.713,1.1864,1.18642,1.12,1.00
2015.01.07 07:02:39.965,1.18637,1.18641,7.12,1.50
2015.01.07 07:02:41.722,1.18639,1.18641,1.00,1.00
2015.01.07 07:02:41.874,1.1864,1.18643,1.00,2.25
2015.01.07 07:02:48.074,1.18639,1.18643,1.50,1.00
2015.01.07 07:02:48.598,1.18639,1.18642,1.50,1.00
2015.01.07 07:02:50.652,1.18639,1.18643,1.50,3.75
2015.01.07 07:02:51.614,1.18639,1.18641,1.00,1.00
2015.01.07 07:02:54.503,1.18638,1.18641,1.87,1.00
2015.01.07 07:02:54.706,1.18635,1.18639,6.00,3.60
2015.01.07 07:02:54.858,1.18634,1.18638,1.87,1.37
2015.01.07 07:02:56.141,1.18632,1.18634,1.87,4.12
2015.01.07 07:02:56.650,1.18631,1.18633,1.37,1.50
2015.01.07 07:03:01.136,1.18631,1.18635,1.87,5.32
2015.01.07 07:03:03.793,1.18631,1.18634,2.25,1.00
2015.01.07 07:03:07.749,1.18631,1.18633,1.00,1.00
2015.01.07 07:03:09.006,1.18631,1.18634,1.00,4.11
2015.01.07 07:03:09.833,1.18631,1.18635,3.00,6.00
2015.01.07 07:03:10.203,1.18631,1.18633,1.50,1.86
2015.01.07 07:03:10.709,1.18631,1.18634,1.00,1.50
2015.01.07 07:03:11.418,1.1863,1.18634,4.69,1.37
2015.01.07 07:03:11.927,1.1863,1.18633,4.31,1.00
2015.01.07 07:03:13.309,1.1863,1.18634,3.37,3.73
2015.01.07 07:03:13.908,1.18631,1.18634,1.00,1.00
2015.01.07 07:03:15.163,1.18631,1.18635,2.25,7.46
2015.01.07 07:03:15.798,1.18631,1.18634,2.25,1.86
2015.01.07 07:03:16.843,1.18632,1.18634,1.00,1.11
2015.01.07 07:03:17.588,1.18633,1.18635,1.00,1.41
2015.01.07 07:03:17.690,1.18634,1.18637,1.50,1.50
2015.01.07 07:03:18.197,1.18634,1.18636,1.00,1.50
2015.01.07 07:03:18.804,1.18636,1.18637,1.50,1.00
2015.01.07 07:03:19.057,1.18639,1.18641,1.69,1.00
2015.01.07 07:03:19.108,1.18639,1.18643,1.69,2.25
2015.01.07 07:03:19.260,1.18641,1.18643,1.00,1.00
2015.01.07 07:03:19.766,1.18641,1.18644,1.50,2.25
2015.01.07 07:03:20.479,1.18642,1.18645,1.00,2.25
2015.01.07 07:03:22.457,1.18641,1.18644,1.00,1.50
2015.01.07 07:03:22.986,1.18641,1.18643,1.50,1.00
2015.01.07 07:03:25.283,1.1864,1.18643,4.12,1.50
2015.01.07 07:03:28.397,1.18639,1.18643,2.25,2.25
2015.01.07 07:03:29.198,1.1864,1.18643,1.50,2.32
2015.01.07 07:03:30.949,1.1864,1.18642,1.00,1.00
2015.01.07 07:03:32.215,1.18639,1.18642,1.00,1.00
2015.01.07 07:03:33.439,1.18639,1.18641,1.00,1.00
2015.01.07 07:03:33.692,1.18637,1.1864,1.50,1.50
2015.01.07 07:03:34.197,1.18637,1.1864,1.00,1.87
2015.01.07 07:03:35.434,1.18637,1.1864,1.50,1.00
2015.01.07 07:03:36.155,1.18637,1.1864,1.50,1.10
2015.01.07 07:03:36.971,1.18638,1.1864,1.00,1.10
2015.01.07 07:03:37.477,1.18637,1.1864,1.00,1.50
2015.01.07 07:03:38.576,1.18638,1.1864,1.00,1.00
2015.01.07 07:03:39.120,1.18637,1.1864,2.25,1.00
2015.01.07 07:03:39.272,1.18637,1.18639,1.50,1.00
2015.01.07 07:03:39.589,1.18638,1.18641,1.00,1.57
2015.01.07 07:03:40.095,1.18638,1.1864,1.50,1.00
2015.01.07 07:03:40.247,1.18637,1.18639,1.00,1.00
2015.01.07 07:03:41.995,1.18637,1.18639,1.50,1.00
2015.01.07 07:03:42.797,1.18638,1.18639,1.00,1.00
2015.01.07 07:03:43.328,1.18637,1.18639,2.25,1.00
2015.01.07 07:03:43.943,1.18638,1.18639,1.00,1.00
2015.01.07 07:03:44.449,1.18638,1.1864,1.00,1.00
2015.01.07 07:03:44.970,1.18637,1.18639,2.25,1.00
2015.01.07 07:03:45.476,1.18637,1.18638,1.50,1.00
2015.01.07 07:03:45.981,1.18637,1.18639,2.25,1.00
2015.01.07 07:03:47.076,1.18637,1.1864,2.44,1.00
2015.01.07 07:03:48.638,1.18638,1.18639,1.50,1.00
2015.01.07 07:03:48.841,1.18638,1.18641,1.69,1.00
2015.01.07 07:03:49.347,1.18639,1.18642,1.69,3.07
2015.01.07 07:03:49.722,1.18638,1.1864,1.00,1.00
2015.01.07 07:03:51.035,1.18639,1.18641,2.25,1.00
2015.01.07 07:03:51.545,1.1864,1.18642,1.50,1.00
2015.01.07 07:03:52.052,1.18639,1.18641,1.00,2.85
2015.01.07 07:03:52.933,1.18639,1.1864,1.50,1.00
2015.01.07 07:03:54.120,1.18638,1.1864,1.00,1.00
2015.01.07 07:03:54.897,1.18637,1.18639,1.00,1.00
2015.01.07 07:03:55.351,1.18635,1.18638,1.00,3.00
2015.01.07 07:03:55.856,1.18634,1.18638,3.00,4.50
2015.01.07 07:03:56.361,1.18634,1.18637,2.25,1.00
2015.01.07 07:03:58.501,1.18634,1.18638,2.25,1.87
2015.01.07 07:03:58.653,1.18636,1.18638,1.00,1.00
2015.01.07 07:03:58.754,1.18637,1.1864,2.85,2.25
2015.01.07 07:03:59.260,1.18636,1.18638,1.12,1.50
2015.01.07 07:03:59.768,1.18636,1.18639,1.00,2.10
2015.01.07 07:04:00.494,1.18634,1.18639,3.37,1.50
2015.01.07 07:04:02.771,1.18637,1.18638,1.00,1.12
2015.01.07 07:04:02.973,1.18639,1.18641,1.50,1.00
2015.01.07 07:04:03.480,1.18638,1.1864,2.25,1.00
2015.01.07 07:04:03.531,1.18637,1.1864,1.50,2.10
2015.01.07 07:04:03.683,1.18635,1.18638,1.00,2.85
2015.01.07 07:04:04.190,1.18636,1.18639,2.62,2.10
2015.01.07 07:04:04.543,1.18636,1.18638,1.12,4.95
2015.01.07 07:04:04.897,1.18636,1.18639,3.22,2.25
2015.01.07 07:04:05.402,1.18635,1.18638,1.50,1.00
2015.01.07 07:04:05.907,1.18635,1.18639,1.50,3.60
2015.01.07 07:04:06.413,1.18636,1.18638,1.12,2.10
2015.01.07 07:04:06.918,1.18635,1.18638,1.50,1.87
2015.01.07 07:04:07.423,1.18637,1.18638,1.00,1.12
2015.01.07 07:04:08.186,1.18637,1.18639,1.50,1.87
2015.01.07 07:04:13.358,1.18638,1.18639,1.00,1.50
2015.01.07 07:04:14.539,1.18637,1.1864,2.10,4.12
2015.01.07 07:04:15.046,1.18637,1.18638,1.50,1.00
2015.01.07 07:04:15.583,1.1864,1.18642,1.00,1.57
2015.01.07 07:04:15.788,1.18639,1.18641,1.00,3.60
2015.01.07 07:04:16.293,1.1864,1.18642,1.00,1.50
2015.01.07 07:04:16.799,1.1864,1.18643,1.00,2.25
2015.01.07 07:04:17.351,1.1864,1.18642,1.00,1.00
2015.01.07 07:04:17.454,1.18637,1.18639,2.81,1.00
2015.01.07 07:04:17.504,1.18637,1.18639,1.69,1.00
2015.01.07 07:04:18.353,1.18636,1.18639,3.56,1.00
2015.01.07 07:04:19.980,1.18636,1.1864,4.31,1.50
2015.01.07 07:04:20.810,1.18636,1.18638,3.37,2.10
2015.01.07 07:04:20.962,1.18636,1.1864,3.75,6.60
2015.01.07 07:04:21.467,1.18637,1.18639,2.25,1.00
2015.01.07 07:04:21.518,1.18637,1.18641,2.25,2.62
2015.01.07 07:04:21.720,1.18637,1.18641,2.25,3.37
2015.01.07 07:04:23.263,1.18636,1.18638,2.62,2.10
2015.01.07 07:04:23.718,1.18638,1.18639,1.00,1.87
2015.01.07 07:04:24.072,1.18636,1.18638,5.25,2.85
2015.01.07 07:04:24.578,1.18637,1.18639,1.50,1.12
2015.01.07 07:04:25.231,1.18637,1.18638,1.50,2.10
2015.01.07 07:04:25.737,1.18637,1.18639,1.50,2.62
2015.01.07 07:04:28.981,1.18637,1.18638,1.50,1.00
2015.01.07 07:04:31.282,1.18636,1.18638,1.00,1.50
2015.01.07 07:04:31.534,1.18637,1.18639,1.00,1.00
2015.01.07 07:04:32.039,1.18638,1.18639,2.25,1.50
2015.01.07 07:04:33.033,1.18638,1.1864,2.25,1.00
2015.01.07 07:04:33.337,1.1864,1.18643,1.87,1.50
2015.01.07 07:04:33.841,1.18641,1.18643,1.50,1.50
2015.01.07 07:04:38.624,1.18641,1.18644,1.00,2.25
2015.01.07 07:04:41.303,1.18642,1.18644,1.12,1.00
2015.01.07 07:04:41.555,1.18644,1.18645,1.50,1.00
2015.01.07 07:04:42.061,1.18645,1.18646,1.00,1.00
2015.01.07 07:04:43.475,1.18645,1.18647,1.00,1.00
2015.01.07 07:04:44.536,1.18646,1.18648,2.12,1.10
2015.01.07 07:04:44.639,1.18649,1.1865,1.50,10.26
2015.01.07 07:04:44.741,1.18651,1.18654,2.06,1.87
2015.01.07 07:04:44.842,1.18655,1.18656,1.50,1.00
2015.01.07 07:04:44.944,1.18655,1.18658,2.25,1.50
2015.01.07 07:04:44.994,1.18656,1.18658,1.00,1.50
2015.01.07 07:04:45.096,1.18658,1.1866,1.00,2.10
2015.01.07 07:04:45.147,1.18658,1.1866,1.00,1.35
2015.01.07 07:04:45.249,1.18661,1.18662,1.12,1.05
2015.01.07 07:04:45.351,1.18663,1.18664,1.00,1.00
2015.01.07 07:04:45.402,1.18664,1.18665,1.00,1.00
2015.01.07 07:04:45.453,1.18664,1.18667,1.00,1.00
2015.01.07 07:04:46.029,1.18664,1.18668,1.50,1.00
2015.01.07 07:04:47.242,1.18665,1.18668,1.00,1.00
2015.01.07 07:04:47.293,1.18667,1.18668,1.00,1.00
2015.01.07 07:04:47.445,1.18667,1.1867,1.00,2.25
2015.01.07 07:04:47.850,1.18664,1.18668,2.25,1.00
2015.01.07 07:04:48.356,1.18664,1.18667,1.00,1.00
2015.01.07 07:04:49.076,1.18672,1.18677,3.62,2.25
2015.01.07 07:04:49.127,1.1868,1.18682,1.00,2.25
2015.01.07 07:04:49.228,1.18681,1.18684,1.00,1.50
2015.01.07 07:04:49.330,1.18681,1.18685,1.87,2.25
2015.01.07 07:04:49.532,1.18685,1.18688,1.87,1.00
2015.01.07 07:04:50.038,1.18686,1.18689,1.00,1.00
2015.01.07 07:04:50.797,1.18685,1.18689,1.87,1.50
2015.01.07 07:04:51.939,1.18685,1.18689,2.50,1.50
2015.01.07 07:04:52.093,1.18685,1.18686,1.50,2.10
2015.01.07 07:04:52.599,1.18684,1.18686,1.12,1.69
2015.01.07 07:04:54.474,1.18683,1.18685,1.87,1.00
2015.01.07 07:04:54.979,1.18682,1.18684,1.00,2.29
2015.01.07 07:04:55.131,1.18682,1.18683,1.50,3.04
2015.01.07 07:04:55.182,1.1868,1.18681,2.62,3.04
2015.01.07 07:04:55.233,1.1868,1.18681,1.00,3.04
2015.01.07 07:04:55.587,1.18678,1.18679,1.50,1.25
2015.01.07 07:04:55.637,1.18676,1.18679,1.00,3.04
2015.01.07 07:04:55.688,1.18674,1.18678,3.37,1.25
2015.01.07 07:04:55.789,1.18673,1.18676,1.50,1.19
2015.01.07 07:04:55.992,1.1867,1.18674,8.62,1.19
2015.01.07 07:04:57.161,1.18671,1.18675,2.62,1.54
2015.01.07 07:04:57.213,1.18673,1.18675,1.00,1.00
2015.01.07 07:04:57.982,1.18674,1.18676,1.00,1.00
2015.01.07 07:04:58.790,1.18674,1.18675,1.00,1.00
2015.01.07 07:04:58.841,1.18672,1.18675,1.00,2.25
2015.01.07 07:04:58.942,1.1867,1.18674,1.00,1.35
2015.01.07 07:05:00.710,1.18669,1.18674,1.50,3.67
2015.01.07 07:05:00.913,1.18668,1.18673,2.62,5.85
2015.01.07 07:05:01.217,1.18667,1.18668,1.12,1.00
2015.01.07 07:05:01.724,1.18666,1.18669,1.53,1.00
2015.01.07 07:05:02.129,1.18665,1.18667,3.37,1.00
2015.01.07 07:05:02.333,1.18663,1.18667,1.12,1.00
2015.01.07 07:05:02.536,1.18662,1.18665,2.62,1.00
2015.01.07 07:05:02.637,1.18661,1.18665,2.62,1.00
2015.01.07 07:05:03.295,1.18662,1.18666,1.12,1.50
2015.01.07 07:05:05.454,1.18662,1.18666,1.37,1.00
2015.01.07 07:05:05.982,1.18662,1.18665,1.37,1.00
2015.01.07 07:05:06.490,1.18662,1.18665,1.12,1.00
2015.01.07 07:05:07.008,1.18661,1.18665,2.62,1.50
2015.01.07 07:05:08.190,1.18661,1.18664,2.62,1.00
2015.01.07 07:05:08.241,1.18661,1.18664,1.87,1.50
2015.01.07 07:05:10.884,1.1866,1.18664,5.59,1.50
2015.01.07 07:05:12.932,1.18662,1.18664,1.00,1.50
2015.01.07 07:05:13.084,1.1866,1.18664,5.21,1.50
2015.01.07 07:05:19.934,1.18661,1.18664,1.00,1.00
2015.01.07 07:05:25.448,1.1866,1.18664,2.59,1.50
2015.01.07 07:05:27.279,1.1866,1.18664,5.21,1.50
2015.01.07 07:05:41.135,1.1866,1.18665,4.84,2.85
2015.01.07 07:05:43.193,1.18662,1.18665,1.12,1.00
2015.01.07 07:05:43.547,1.18663,1.18667,1.00,2.44
2015.01.07 07:05:44.480,1.18665,1.18667,1.00,1.00
2015.01.07 07:05:44.988,1.18665,1.18668,1.00,1.50
2015.01.07 07:05:45.510,1.18664,1.18668,1.12,1.50
2015.01.07 07:05:58.415,1.18666,1.18668,1.87,1.50
2015.01.07 07:05:58.720,1.1867,1.18673,1.00,1.69
2015.01.07 07:06:02.102,1.18671,1.18674,1.00,2.32
2015.01.07 07:06:02.154,1.18672,1.18674,1.00,1.57
2015.01.07 07:06:02.257,1.18674,1.18676,1.00,1.50
2015.01.07 07:06:02.309,1.18676,1.18679,1.00,1.05
2015.01.07 07:06:02.360,1.18677,1.18679,1.00,1.10
2015.01.07 07:06:02.865,1.18677,1.1868,1.00,1.57
2015.01.07 07:06:03.394,1.18676,1.18679,1.00,1.00
2015.01.07 07:06:10.159,1.18676,1.18678,1.00,1.00
2015.01.07 07:06:14.611,1.18676,1.18678,1.00,1.50
2015.01.07 07:06:15.118,1.18677,1.18679,1.00,1.00
2015.01.07 07:06:17.459,1.18677,1.18678,1.00,1.00
2015.01.07 07:06:27.457,1.18673,1.18677,2.62,1.00
2015.01.07 07:06:27.710,1.18673,1.18676,1.00,2.25
2015.01.07 07:06:27.812,1.18672,1.18675,1.00,1.00
2015.01.07 07:06:28.322,1.18671,1.18675,1.00,1.50
2015.01.07 07:06:37.415,1.18671,1.18673,1.00,1.00
2015.01.07 07:06:38.532,1.18671,1.18674,1.50,1.00
2015.01.07 07:06:40.081,1.18672,1.18674,1.00,1.00
2015.01.07 07:06:40.435,1.18673,1.18677,1.00,3.82
2015.01.07 07:06:40.486,1.18675,1.18677,1.00,1.87
2015.01.07 07:06:40.739,1.18675,1.18679,1.00,1.50
2015.01.07 07:06:40.840,1.18677,1.18679,1.00,1.00
2015.01.07 07:06:41.043,1.18682,1.18685,1.00,5.25
2015.01.07 07:06:41.296,1.18684,1.18686,1.00,1.00
2015.01.07 07:06:41.498,1.18682,1.18687,1.50,1.00
2015.01.07 07:06:42.011,1.18682,1.18686,1.50,1.00
2015.01.07 07:06:42.214,1.18684,1.18687,1.00,1.00
2015.01.07 07:06:42.723,1.18684,1.18688,1.50,2.25
2015.01.07 07:06:44.604,1.18684,1.18686,1.00,1.00
2015.01.07 07:06:46.499,1.18682,1.18686,2.25,1.00
2015.01.07 07:06:48.453,1.18684,1.18688,2.25,1.50
2015.01.07 07:06:49.029,1.18685,1.18688,1.00,1.00
2015.01.07 07:06:50.281,1.18683,1.18688,2.25,1.50
2015.01.07 07:06:50.534,1.18683,1.18686,1.50,1.00
2015.01.07 07:06:51.438,1.18684,1.18688,1.00,1.50
2015.01.07 07:06:52.784,1.18684,1.18687,1.00,1.00
2015.01.07 07:06:53.543,1.18685,1.18688,1.00,2.25
2015.01.07 07:06:54.057,1.18684,1.18688,1.50,1.50
2015.01.07 07:06:54.564,1.18685,1.18688,1.00,1.00
2015.01.07 07:06:57.323,1.18684,1.18688,2.25,1.00
2015.01.07 07:06:57.547,1.18686,1.18688,1.00,1.00
2015.01.07 07:06:57.801,1.18691,1.18695,1.00,3.75
2015.01.07 07:06:58.054,1.18693,1.18696,1.00,1.00
2015.01.07 07:06:58.977,1.18692,1.18696,1.50,1.50
2015.01.07 07:06:59.493,1.18693,1.18696,1.00,1.00
2015.01.07 07:07:00.250,1.18692,1.18696,1.50,1.50
2015.01.07 07:07:02.741,1.18692,1.18696,1.19,1.00
2015.01.07 07:07:03.046,1.187,1.18705,4.12,2.25
2015.01.07 07:07:03.198,1.187,1.18705,5.50,2.25
2015.01.07 07:07:03.703,1.187,1.18705,11.24,2.25
2015.01.07 07:07:04.112,1.187,1.18704,9.75,1.50
2015.01.07 07:07:04.213,1.187,1.18704,7.50,1.00
2015.01.07 07:07:04.366,1.18701,1.18706,2.10,2.25
2015.01.07 07:07:04.873,1.18702,1.18707,7.31,1.50
2015.01.07 07:07:05.227,1.18704,1.18707,2.10,1.00
2015.01.07 07:07:05.733,1.18705,1.18708,1.50,1.50
2015.01.07 07:07:06.346,1.18704,1.18708,2.85,1.50
2015.01.07 07:07:06.851,1.18704,1.18707,2.85,1.50
2015.01.07 07:07:07.356,1.18705,1.18707,1.00,1.50
2015.01.07 07:07:08.795,1.18707,1.18709,1.00,2.25
2015.01.07 07:07:09.100,1.18713,1.18715,3.25,1.12
2015.01.07 07:07:09.303,1.18712,1.18716,2.06,1.00
2015.01.07 07:07:09.404,1.18714,1.18718,1.50,1.00
2015.01.07 07:07:09.708,1.18713,1.18715,1.12,1.00
2015.01.07 07:07:10.297,1.18713,1.18714,1.12,1.00
2015.01.07 07:07:10.347,1.1871,1.18714,2.25,1.00
2015.01.07 07:07:10.853,1.1871,1.18715,1.50,1.50
2015.01.07 07:07:11.381,1.1871,1.18714,2.25,1.00
2015.01.07 07:07:12.289,1.1871,1.18713,1.00,1.00
2015.01.07 07:07:12.340,1.1871,1.18711,1.00,1.00
2015.01.07 07:07:12.643,1.18707,1.18709,1.00,1.00
2015.01.07 07:07:12.695,1.18705,1.18708,2.25,1.50
2015.01.07 07:07:12.846,1.18703,1.18708,1.00,2.25
2015.01.07 07:07:14.876,1.18703,1.18707,1.00,1.00
2015.01.07 07:07:15.028,1.18701,1.18707,1.50,3.75
2015.01.07 07:07:15.363,1.18701,1.18705,2.25,1.00
2015.01.07 07:07:16.345,1.18702,1.18705,1.50,1.00
2015.01.07 07:07:16.887,1.18702,1.18705,1.87,1.00
2015.01.07 07:07:16.989,1.18704,1.18707,1.00,2.25
2015.01.07 07:07:17.495,1.18702,1.18706,2.62,1.00
2015.01.07 07:07:18.025,1.18705,1.18708,1.00,3.19
2015.01.07 07:07:18.229,1.18708,1.1871,1.00,1.12
2015.01.07 07:07:18.280,1.18708,1.18712,1.00,2.44
2015.01.07 07:07:18.786,1.18707,1.18711,1.00,1.19
2015.01.07 07:07:18.988,1.18705,1.1871,4.12,1.19
2015.01.07 07:07:19.493,1.18704,1.18708,1.00,1.00
2015.01.07 07:07:20.018,1.18703,1.18709,5.62,1.25
2015.01.07 07:07:20.619,1.18704,1.18708,1.00,1.50
2015.01.07 07:07:22.688,1.18705,1.18708,1.00,1.25
2015.01.07 07:07:25.768,1.18705,1.18707,1.00,1.00
2015.01.07 07:07:26.617,1.18705,1.18709,1.00,1.69
2015.01.07 07:07:27.943,1.18703,1.18709,2.25,1.69
2015.01.07 07:07:28.477,1.18703,1.18707,4.35,1.00
2015.01.07 07:07:28.528,1.18705,1.18709,1.50,1.50
2015.01.07 07:07:29.034,1.18704,1.18708,1.50,1.00
2015.01.07 07:07:29.338,1.18702,1.18706,2.25,1.00
2015.01.07 07:07:29.591,1.18703,1.18708,1.50,1.25
2015.01.07 07:07:30.096,1.18703,1.18707,1.50,1.00
2015.01.07 07:07:37.741,1.18703,1.18708,1.50,1.25
2015.01.07 07:07:38.245,1.18704,1.18707,1.00,1.00
2015.01.07 07:07:39.025,1.18704,1.18706,1.00,1.00
2015.01.07 07:07:39.394,1.18702,1.18706,1.50,1.00
2015.01.07 07:07:41.440,1.18702,1.18707,1.00,1.25
2015.01.07 07:07:41.947,1.18703,1.18707,1.50,2.44
2015.01.07 07:07:42.465,1.18703,1.18707,1.50,2.25
2015.01.07 07:07:45.828,1.18703,1.18706,1.00,1.00
2015.01.07 07:07:47.227,1.18701,1.18704,1.50,1.00
2015.01.07 07:07:47.278,1.18701,1.18703,2.25,1.00
2015.01.07 07:07:47.784,1.18701,1.18704,1.00,1.00
2015.01.07 07:07:48.296,1.18702,1.18705,1.00,1.00
2015.01.07 07:07:49.193,1.18703,1.18705,1.00,1.00
2015.01.07 07:07:51.954,1.18702,1.18705,1.00,1.00
2015.01.07 07:07:52.461,1.18701,1.18705,1.50,1.00
2015.01.07 07:07:53.603,1.18701,1.18704,1.50,1.00
2015.01.07 07:07:53.657,1.18693,1.18696,1.75,1.50
2015.01.07 07:07:53.810,1.18693,1.18696,1.50,1.50
2015.01.07 07:07:54.266,1.18692,1.18694,1.87,1.00
2015.01.07 07:07:54.772,1.18692,1.18694,1.00,1.00
2015.01.07 07:07:55.301,1.18693,1.18694,1.00,1.00
2015.01.07 07:07:55.504,1.18691,1.18694,3.00,1.00
2015.01.07 07:08:00.335,1.18691,1.18693,1.50,1.00
2015.01.07 07:08:00.689,1.18689,1.18691,1.00,1.00
2015.01.07 07:08:01.051,1.18685,1.18686,16.20,1.12
2015.01.07 07:08:01.102,1.18681,1.18684,2.25,1.00
2015.01.07 07:08:01.304,1.18682,1.18686,1.00,2.62
2015.01.07 07:08:01.507,1.18684,1.18686,1.00,1.12
2015.01.07 07:08:02.281,1.18683,1.18686,1.00,1.12
2015.01.07 07:08:03.293,1.18684,1.18686,1.00,1.12
2015.01.07 07:08:03.698,1.18682,1.18686,1.00,1.12
2015.01.07 07:08:04.204,1.1868,1.18684,6.19,1.00
2015.01.07 07:08:05.116,1.1868,1.18683,1.87,1.00
2015.01.07 07:08:05.819,1.1868,1.18684,2.62,1.00
2015.01.07 07:08:07.705,1.1868,1.18683,2.25,2.25
2015.01.07 07:08:07.958,1.18675,1.18679,3.00,1.00
2015.01.07 07:08:08.464,1.18675,1.18678,1.87,1.00
2015.01.07 07:08:09.961,1.18674,1.18678,1.00,2.25
2015.01.07 07:08:11.341,1.18672,1.18675,1.87,1.00
2015.01.07 07:08:11.846,1.18672,1.18676,1.12,1.00
2015.01.07 07:08:12.392,1.18673,1.18676,1.87,1.00
2015.01.07 07:08:13.645,1.18673,1.18678,3.04,3.00
2015.01.07 07:08:13.747,1.18674,1.18678,3.60,1.50
2015.01.07 07:08:13.950,1.18678,1.18682,2.47,1.37
2015.01.07 07:08:14.355,1.18677,1.1868,1.50,1.00
2015.01.07 07:08:14.860,1.18677,1.1868,1.00,1.00
2015.01.07 07:08:15.439,1.18675,1.18679,6.75,1.50
2015.01.07 07:08:15.953,1.18675,1.18678,1.00,1.50
2015.01.07 07:08:16.503,1.18674,1.18678,1.00,2.25
2015.01.07 07:08:17.292,1.18672,1.18677,3.97,1.00
2015.01.07 07:08:17.801,1.18674,1.18677,1.00,1.00
2015.01.07 07:08:18.992,1.18673,1.18677,1.31,2.25
2015.01.07 07:08:19.987,1.18673,1.18676,1.12,1.00
2015.01.07 07:08:20.493,1.18674,1.18676,1.00,1.00
2015.01.07 07:08:21.201,1.18673,1.18676,1.12,1.00
2015.01.07 07:08:22.895,1.18671,1.18675,2.62,1.50
2015.01.07 07:08:23.199,1.18671,1.18674,1.87,3.60
2015.01.07 07:08:23.704,1.18672,1.18674,1.00,3.60
2015.01.07 07:08:24.512,1.18671,1.18674,1.12,3.00
2015.01.07 07:08:25.182,1.1867,1.18673,7.87,1.50
2015.01.07 07:08:25.693,1.1867,1.18674,3.75,3.75
2015.01.07 07:08:26.359,1.1867,1.18674,3.75,3.00
2015.01.07 07:08:26.413,1.18672,1.18676,1.00,5.10
2015.01.07 07:08:26.514,1.18674,1.18676,1.00,1.50
2015.01.07 07:08:27.020,1.18674,1.18677,1.00,1.50
2015.01.07 07:08:30.637,1.18674,1.18676,1.00,1.00
2015.01.07 07:08:31.159,1.18673,1.18676,1.00,1.00
2015.01.07 07:08:33.196,1.18671,1.18676,2.25,3.60
2015.01.07 07:08:33.719,1.18671,1.18675,1.50,2.25
2015.01.07 07:08:36.309,1.18671,1.18675,1.00,2.62
2015.01.07 07:08:38.148,1.1867,1.18672,4.87,1.00
2015.01.07 07:08:38.451,1.18667,1.18669,1.00,2.44
2015.01.07 07:08:38.755,1.18664,1.18667,1.00,1.50
2015.01.07 07:08:38.957,1.18662,1.18666,1.87,1.37
2015.01.07 07:08:39.462,1.18664,1.18665,1.00,1.00
2015.01.07 07:08:39.968,1.18663,1.18665,1.00,1.00
2015.01.07 07:08:40.445,1.18665,1.18666,1.00,1.00
2015.01.07 07:08:41.118,1.18664,1.18665,1.46,1.00
2015.01.07 07:08:41.850,1.18664,1.18666,1.71,1.00
2015.01.07 07:08:42.154,1.18663,1.18665,1.12,1.00
2015.01.07 07:08:43.359,1.18664,1.18665,1.00,1.00
2015.01.07 07:08:44.130,1.18664,1.18668,1.71,3.75
2015.01.07 07:08:48.747,1.18665,1.18668,4.20,2.25
2015.01.07 07:08:48.798,1.18668,1.18669,1.12,1.50
2015.01.07 07:08:48.849,1.18668,1.1867,2.25,2.50
2015.01.07 07:08:48.901,1.18671,1.18672,1.00,6.00
2015.01.07 07:08:49.053,1.18671,1.18672,1.00,1.50
2015.01.07 07:08:49.804,1.1867,1.18672,2.21,1.50
2015.01.07 07:08:50.309,1.18671,1.18672,1.00,1.00
2015.01.07 07:08:51.419,1.18672,1.18674,1.00,2.25
2015.01.07 07:08:51.521,1.18672,1.18674,1.87,3.00
2015.01.07 07:08:52.028,1.18673,1.18675,1.50,1.50
2015.01.07 07:08:52.714,1.18674,1.18675,1.00,1.00
2015.01.07 07:08:53.532,1.18674,1.18676,1.00,2.25
2015.01.07 07:08:54.865,1.18674,1.18675,1.00,1.00
2015.01.07 07:08:55.688,1.18674,1.18676,1.71,1.50
2015.01.07 07:08:56.534,1.18674,1.18675,1.00,1.00
2015.01.07 07:08:59.470,1.18674,1.18676,1.71,1.50
2015.01.07 07:08:59.990,1.18674,1.18675,2.25,1.00
2015.01.07 07:09:00.496,1.18675,1.18676,1.46,1.50
2015.01.07 07:09:01.384,1.18675,1.18676,1.87,1.00
2015.01.07 07:09:01.435,1.18677,1.18678,1.87,1.00
2015.01.07 07:09:01.538,1.1868,1.18682,1.00,1.50
2015.01.07 07:09:02.045,1.18681,1.18682,1.12,1.00
2015.01.07 07:09:02.349,1.18688,1.18691,1.37,1.50
2015.01.07 07:09:02.754,1.18689,1.18693,1.50,3.00
2015.01.07 07:09:03.550,1.18688,1.18691,1.00,1.50
2015.01.07 07:09:03.753,1.18685,1.18689,3.37,1.50
2015.01.07 07:09:03.904,1.18684,1.18688,2.25,1.50
2015.01.07 07:09:04.309,1.18684,1.18688,1.12,3.00
2015.01.07 07:09:04.814,1.18685,1.18686,1.00,1.00
2015.01.07 07:09:05.450,1.18686,1.18689,1.00,1.50
2015.01.07 07:09:05.551,1.18688,1.18689,1.00,1.00
2015.01.07 07:09:05.653,1.18689,1.18691,1.00,1.00
2015.01.07 07:09:06.057,1.18687,1.18691,2.25,1.50
2015.01.07 07:09:06.563,1.18688,1.18691,1.00,1.00
2015.01.07 07:09:07.987,1.18689,1.18691,1.00,1.00
2015.01.07 07:09:08.501,1.1869,1.18691,1.00,1.00
2015.01.07 07:09:09.103,1.18689,1.18691,1.00,1.00
2015.01.07 07:09:12.402,1.18692,1.18693,1.00,1.00
2015.01.07 07:09:13.048,1.1869,1.18693,2.62,1.00
2015.01.07 07:09:13.551,1.1869,1.18694,2.62,2.25
2015.01.07 07:09:14.678,1.18692,1.18694,1.00,2.25
2015.01.07 07:09:15.185,1.18693,1.18695,1.00,3.00
2015.01.07 07:09:16.120,1.18692,1.18695,1.00,3.00
2015.01.07 07:09:16.997,1.18691,1.18695,1.00,3.00
2015.01.07 07:09:18.376,1.18691,1.18693,1.00,1.00
2015.01.07 07:09:18.679,1.18692,1.18694,1.00,1.00
2015.01.07 07:09:19.405,1.18692,1.18693,1.50,1.00
2015.01.07 07:09:19.457,1.1869,1.18693,2.62,3.00
2015.01.07 07:09:19.712,1.18685,1.18688,2.62,1.12
2015.01.07 07:09:20.218,1.18686,1.1869,1.00,2.25
2015.01.07 07:09:20.853,1.18688,1.18692,3.00,1.87
2015.01.07 07:09:21.373,1.18688,1.18692,3.00,1.00
2015.01.07 07:09:22.991,1.18689,1.18692,1.00,1.00
2015.01.07 07:09:28.432,1.18688,1.1869,1.50,1.00
2015.01.07 07:09:28.736,1.18686,1.18687,1.00,1.00
2015.01.07 07:09:28.837,1.18684,1.18687,3.37,1.00
2015.01.07 07:09:28.888,1.18684,1.18687,3.62,1.00
2015.01.07 07:09:29.544,1.18684,1.18687,2.25,1.00
2015.01.07 07:09:30.151,1.18684,1.18687,2.12,1.00
2015.01.07 07:09:30.656,1.18684,1.18687,1.00,1.00
2015.01.07 07:09:32.225,1.18685,1.18687,1.00,1.00
2015.01.07 07:09:32.730,1.18684,1.18687,1.50,1.00
2015.01.07 07:09:36.602,1.18684,1.18688,1.87,1.87
2015.01.07 07:09:36.805,1.18685,1.18689,1.50,2.25
2015.01.07 07:09:44.350,1.18687,1.18689,1.00,1.50
2015.01.07 07:09:44.603,1.18688,1.18691,1.50,1.00
2015.01.07 07:09:48.516,1.18688,1.18692,1.87,1.37
2015.01.07 07:09:49.021,1.18689,1.18692,1.00,1.00
2015.01.07 07:09:55.776,1.18689,1.18693,1.50,5.29
2015.01.07 07:09:59.977,1.1869,1.18693,1.00,2.25
2015.01.07 07:10:00.683,1.18691,1.18693,1.00,1.00
2015.01.07 07:10:01.385,1.1869,1.18693,1.00,1.00
2015.01.07 07:10:04.517,1.18691,1.18693,1.50,1.00
2015.01.07 07:10:04.618,1.18693,1.18695,1.50,5.44
2015.01.07 07:10:04.770,1.18693,1.18695,1.50,1.00
2015.01.07 07:10:04.973,1.18696,1.18697,2.10,1.50
2015.01.07 07:10:05.277,1.18701,1.18704,1.00,1.00
2015.01.07 07:10:05.633,1.18702,1.18706,1.50,3.75
2015.01.07 07:10:06.204,1.18702,1.18705,1.00,1.00
2015.01.07 07:10:06.970,1.18701,1.18704,1.00,1.00
2015.01.07 07:10:07.222,1.18699,1.18703,2.06,1.87
2015.01.07 07:10:07.727,1.18698,1.18702,4.31,1.50
2015.01.07 07:10:08.286,1.18698,1.18702,4.31,1.50
2015.01.07 07:10:08.667,1.18698,1.18701,1.00,3.97
2015.01.07 07:10:08.768,1.18696,1.18699,1.12,1.00
2015.01.07 07:10:09.272,1.18695,1.18698,3.00,1.50
2015.01.07 07:10:10.313,1.18697,1.18698,1.50,1.00
2015.01.07 07:10:10.464,1.18697,1.187,1.50,1.00
2015.01.07 07:10:10.566,1.18698,1.18702,1.50,7.87
2015.01.07 07:10:10.617,1.18698,1.187,1.00,1.00
2015.01.07 07:10:10.869,1.18696,1.187,3.00,2.25
2015.01.07 07:10:11.737,1.18696,1.18699,1.50,1.00
2015.01.07 07:10:13.171,1.18696,1.187,3.00,5.25
2015.01.07 07:10:16.170,1.18697,1.187,2.25,1.00
2015.01.07 07:10:17.002,1.18699,1.18701,1.12,1.65
2015.01.07 07:10:17.054,1.18699,1.18703,1.50,2.25
2015.01.07 07:10:17.188,1.18699,1.18701,1.50,2.10
2015.01.07 07:10:17.491,1.18696,1.18699,2.25,1.00
2015.01.07 07:10:17.997,1.18696,1.18699,1.00,1.50
2015.01.07 07:10:19.126,1.18697,1.18699,1.00,1.50
2015.01.07 07:10:19.278,1.18698,1.18702,2.62,4.50
2015.01.07 07:10:19.783,1.18699,1.18702,1.50,1.00
2015.01.07 07:10:26.248,1.18698,1.18702,3.75,1.50
2015.01.07 07:10:26.399,1.18698,1.187,1.50,1.50
2015.01.07 07:10:26.703,1.18696,1.18698,2.25,1.00
2015.01.07 07:10:27.562,1.18696,1.18699,1.50,1.69
2015.01.07 07:10:29.918,1.18696,1.18697,1.00,1.00
2015.01.07 07:10:30.498,1.18695,1.18697,1.00,2.85
2015.01.07 07:10:30.548,1.18693,1.18697,2.25,2.85
2015.01.07 07:10:31.054,1.18692,1.18696,3.37,4.72
2015.01.07 07:10:31.308,1.18691,1.18693,1.12,2.85
2015.01.07 07:10:33.676,1.18691,1.18694,1.12,1.00
2015.01.07 07:10:33.879,1.1869,1.18691,9.71,1.12
2015.01.07 07:10:34.082,1.18685,1.18687,1.87,1.00
2015.01.07 07:10:34.335,1.18683,1.18688,1.10,5.44
2015.01.07 07:10:34.840,1.18682,1.18685,1.12,1.00
2015.01.07 07:10:35.820,1.1868,1.18686,6.56,1.87
2015.01.07 07:10:35.871,1.18681,1.18686,1.37,2.25
2015.01.07 07:10:36.708,1.18684,1.18686,1.00,1.00
2015.01.07 07:10:36.912,1.18684,1.18686,1.00,1.50
2015.01.07 07:10:37.439,1.18684,1.18686,1.00,1.50
2015.01.07 07:10:38.712,1.18684,1.18686,1.00,1.50
2015.01.07 07:10:39.218,1.18683,1.18686,1.50,1.50
2015.01.07 07:10:39.724,1.18684,1.18686,1.00,1.00
2015.01.07 07:10:41.006,1.18684,1.18685,1.00,1.00
2015.01.07 07:10:41.108,1.18682,1.18684,1.57,1.00
2015.01.07 07:10:41.261,1.1868,1.18684,3.75,1.37
2015.01.07 07:10:41.463,1.18679,1.18681,2.06,1.00
2015.01.07 07:10:41.565,1.18677,1.1868,4.50,2.25
2015.01.07 07:10:41.717,1.18679,1.1868,1.00,1.50
2015.01.07 07:10:42.898,1.18674,1.18676,1.05,1.37
2015.01.07 07:10:42.949,1.18671,1.18675,2.25,1.50
2015.01.07 07:10:43.456,1.18672,1.18675,1.00,1.00
2015.01.07 07:10:44.429,1.18673,1.18675,1.00,1.00
2015.01.07 07:10:45.238,1.18673,1.18677,1.50,1.50
2015.01.07 07:10:45.693,1.18673,1.18677,2.14,1.50
2015.01.07 07:10:46.047,1.18673,1.18677,1.50,1.50
2015.01.07 07:10:48.497,1.18677,1.18678,2.25,1.00
2015.01.07 07:10:48.920,1.18675,1.18678,1.00,1.12
2015.01.07 07:10:49.378,1.18677,1.18681,1.00,4.50
2015.01.07 07:10:49.429,1.18677,1.18681,1.50,3.75
2015.01.07 07:10:49.480,1.18679,1.18681,1.00,1.50
2015.01.07 07:10:49.682,1.18679,1.18683,3.00,1.50
2015.01.07 07:10:50.188,1.1868,1.18683,1.00,1.00
2015.01.07 07:10:51.385,1.18679,1.18683,1.50,2.25
2015.01.07 07:10:53.788,1.18679,1.18681,1.00,1.00
2015.01.07 07:10:54.091,1.18675,1.18678,2.25,1.00
2015.01.07 07:10:54.142,1.18675,1.18678,2.25,1.00
2015.01.07 07:10:55.944,1.18675,1.18679,2.25,3.75
2015.01.07 07:10:56.681,1.18675,1.18678,1.50,1.00
2015.01.07 07:10:57.558,1.18675,1.18678,1.50,4.87
2015.01.07 07:10:57.711,1.18672,1.18674,1.87,2.44
2015.01.07 07:10:58.165,1.18671,1.18675,2.25,3.00
2015.01.07 07:11:06.137,1.18672,1.18675,1.00,1.00
2015.01.07 07:11:06.949,1.18674,1.18675,1.00,1.00
2015.01.07 07:11:07.102,1.18675,1.18678,1.00,1.69
2015.01.07 07:11:07.608,1.18676,1.18679,1.00,3.56
2015.01.07 07:11:09.101,1.18679,1.1868,1.00,4.87
2015.01.07 07:11:09.156,1.18679,1.18682,1.50,1.00
2015.01.07 07:11:09.409,1.18678,1.18682,1.50,4.00
2015.01.07 07:11:09.663,1.18675,1.1868,1.00,9.97
2015.01.07 07:11:10.119,1.18672,1.18678,2.25,3.37
2015.01.07 07:11:10.170,1.18672,1.18678,2.25,4.75
2015.01.07 07:11:10.373,1.18675,1.18678,1.50,2.25
2015.01.07 07:11:10.525,1.18679,1.18681,1.00,4.50
2015.01.07 07:11:10.576,1.18677,1.18681,3.75,6.60
2015.01.07 07:11:10.628,1.18676,1.1868,1.95,2.62
2015.01.07 07:11:10.781,1.18678,1.18681,1.00,1.27
2015.01.07 07:11:10.934,1.18676,1.1868,1.12,4.50
2015.01.07 07:11:11.086,1.18674,1.18679,1.87,2.25
2015.01.07 07:11:11.592,1.18674,1.18677,1.00,1.50
2015.01.07 07:11:12.099,1.18675,1.18678,1.00,2.44
2015.01.07 07:11:13.037,1.18675,1.18678,1.00,1.12
2015.01.07 07:11:16.025,1.18676,1.18678,1.12,1.00
2015.01.07 07:11:16.637,1.18676,1.1868,2.25,12.19
2015.01.07 07:11:17.185,1.18676,1.1868,2.25,11.44
2015.01.07 07:11:17.849,1.18676,1.18677,1.00,1.50
2015.01.07 07:11:17.900,1.18673,1.18677,3.75,1.50
2015.01.07 07:11:18.762,1.18674,1.18677,1.00,1.50
2015.01.07 07:11:19.321,1.18673,1.18675,1.00,1.50
2015.01.07 07:11:19.626,1.18672,1.18674,1.00,1.00
2015.01.07 07:11:22.355,1.18676,1.18678,1.00,2.21
2015.01.07 07:11:22.409,1.18675,1.18679,3.00,1.50
2015.01.07 07:11:22.933,1.18675,1.18678,1.00,1.00
2015.01.07 07:11:25.922,1.18675,1.18679,2.25,4.69
2015.01.07 07:11:35.545,1.18675,1.18679,2.44,3.00
2015.01.07 07:11:35.697,1.18679,1.18681,1.00,3.00
2015.01.07 07:11:35.799,1.18681,1.18683,1.00,3.00
2015.01.07 07:11:36.343,1.18681,1.18684,1.50,1.25
2015.01.07 07:11:46.565,1.18682,1.18685,1.00,2.59
2015.01.07 07:11:46.970,1.18684,1.18685,1.00,1.00
2015.01.07 07:11:48.057,1.18684,1.18688,1.87,2.62
2015.01.07 07:11:50.367,1.18684,1.18687,1.12,1.00
2015.01.07 07:11:50.772,1.18682,1.18686,2.25,1.50
2015.01.07 07:11:54.292,1.18682,1.18685,2.25,1.00
2015.01.07 07:11:54.798,1.18682,1.18684,1.00,1.50
2015.01.07 07:11:56.348,1.18684,1.18686,1.00,1.00
2015.01.07 07:11:56.554,1.18685,1.18688,2.25,1.00
2015.01.07 07:11:57.212,1.18685,1.18687,1.00,1.00
2015.01.07 07:11:57.718,1.18685,1.18688,1.00,1.00
2015.01.07 07:11:59.488,1.18685,1.18687,1.00,1.00
2015.01.07 07:12:00.838,1.18685,1.18688,1.50,1.50
2015.01.07 07:12:03.227,1.18685,1.18687,1.00,1.00
2015.01.07 07:12:04.225,1.18685,1.18688,1.00,2.25
2015.01.07 07:12:04.326,1.18681,1.18683,1.00,1.00
2015.01.07 07:12:04.631,1.1868,1.18683,1.00,1.50
2015.01.07 07:12:04.834,1.18682,1.18684,1.12,1.00
2015.01.07 07:12:04.885,1.18682,1.18686,1.12,1.87
2015.01.07 07:12:05.188,1.18685,1.18687,1.00,1.50
2015.01.07 07:12:05.239,1.18685,1.18688,2.25,1.00
2015.01.07 07:12:05.290,1.18687,1.18689,1.00,6.97
2015.01.07 07:12:05.391,1.18687,1.18691,3.00,2.25
2015.01.07 07:12:05.442,1.18689,1.18692,1.00,1.00
2015.01.07 07:12:05.947,1.1869,1.18693,1.00,1.50
2015.01.07 07:12:10.921,1.18691,1.18693,1.00,1.50
2015.01.07 07:12:22.733,1.18691,1.18692,1.00,1.00
2015.01.07 07:12:22.885,1.18689,1.18691,1.00,2.25
2015.01.07 07:12:23.390,1.18688,1.18691,1.50,2.17
2015.01.07 07:12:24.267,1.18688,1.18689,1.00,1.00
2015.01.07 07:12:24.520,1.18685,1.18688,1.50,1.00
2015.01.07 07:12:28.233,1.18685,1.18687,1.00,1.00
2015.01.07 07:12:28.739,1.18685,1.18688,1.00,2.44
2015.01.07 07:12:29.449,1.18685,1.18687,1.00,1.00
2015.01.07 07:12:29.953,1.18685,1.18688,1.00,2.25
2015.01.07 07:12:35.374,1.18685,1.18689,2.25,3.00
2015.01.07 07:12:35.425,1.18687,1.18689,1.00,3.00
2015.01.07 07:12:35.882,1.18689,1.18691,1.00,1.00
2015.01.07 07:12:36.085,1.1869,1.18693,1.00,1.50
2015.01.07 07:12:36.589,1.18689,1.18693,2.25,2.25
2015.01.07 07:12:43.296,1.18689,1.18692,1.12,1.62
2015.01.07 07:12:43.548,1.18686,1.18689,1.00,2.25
2015.01.07 07:12:44.056,1.18685,1.18689,1.50,2.25
2015.01.07 07:12:44.359,1.18687,1.18689,1.00,1.50
2015.01.07 07:12:45.588,1.18686,1.18689,1.00,1.00
2015.01.07 07:12:54.706,1.18688,1.18689,1.00,1.00
2015.01.07 07:12:54.858,1.18688,1.18691,3.75,1.50
2015.01.07 07:12:54.910,1.18691,1.18692,1.50,2.25
2015.01.07 07:12:55.011,1.18693,1.18694,1.00,1.00
2015.01.07 07:12:55.113,1.18694,1.18697,1.00,1.50
2015.01.07 07:13:08.606,1.18693,1.18696,2.62,1.00
2015.01.07 07:13:08.708,1.18692,1.18695,1.87,1.50
2015.01.07 07:13:09.214,1.18691,1.18694,1.50,1.00
2015.01.07 07:13:14.538,1.18691,1.18694,1.00,1.50
2015.01.07 07:13:15.047,1.18691,1.18695,3.75,1.00
2015.01.07 07:13:18.400,1.18693,1.18696,1.50,2.25
2015.01.07 07:13:18.704,1.18695,1.18697,1.00,1.25
2015.01.07 07:13:19.310,1.18695,1.18698,1.50,1.50
2015.01.07 07:13:19.820,1.18696,1.18698,1.00,3.75
2015.01.07 07:13:20.022,1.18694,1.18697,1.50,1.00
2015.01.07 07:13:20.527,1.18694,1.18698,1.00,3.00
2015.01.07 07:13:21.769,1.18694,1.18697,1.00,1.00
2015.01.07 07:13:23.071,1.18693,1.18696,1.00,1.69
2015.01.07 07:13:23.123,1.18691,1.18693,1.50,2.85
2015.01.07 07:13:23.176,1.18689,1.1869,4.50,1.50
2015.01.07 07:13:23.378,1.18688,1.1869,1.00,3.75
2015.01.07 07:13:23.884,1.18688,1.1869,1.00,2.92
2015.01.07 07:13:24.625,1.18689,1.18691,1.00,1.00
2015.01.07 07:13:25.186,1.18688,1.18691,1.50,1.12
2015.01.07 07:13:25.726,1.18688,1.1869,1.00,1.00
2015.01.07 07:13:26.232,1.18687,1.18689,1.00,1.00
2015.01.07 07:13:27.189,1.18686,1.18689,1.50,1.00
2015.01.07 07:13:27.695,1.18687,1.1869,1.00,1.87
2015.01.07 07:13:28.202,1.18686,1.1869,4.50,2.17
2015.01.07 07:13:29.528,1.18687,1.1869,1.00,1.42
2015.01.07 07:13:30.235,1.18687,1.18689,1.00,1.00
2015.01.07 07:13:31.302,1.1869,1.18691,2.25,2.06
2015.01.07 07:13:31.354,1.18692,1.18693,1.12,1.00
2015.01.07 07:13:31.508,1.1869,1.18693,5.62,1.00
2015.01.07 07:13:32.016,1.18691,1.18693,1.00,1.00
2015.01.07 07:13:37.346,1.18691,1.18694,1.00,3.00
2015.01.07 07:13:37.900,1.18691,1.18693,1.00,1.00
2015.01.07 07:13:39.128,1.18691,1.18694,1.00,3.00
2015.01.07 07:13:46.140,1.18691,1.18693,1.00,1.00
2015.01.07 07:13:46.345,1.1869,1.18691,1.00,2.85
2015.01.07 07:13:46.854,1.18689,1.18692,1.00,1.00
2015.01.07 07:13:47.208,1.18689,1.18691,1.00,1.37
2015.01.07 07:13:47.360,1.18689,1.18692,1.50,1.50
2015.01.07 07:13:48.769,1.18689,1.18693,1.50,2.25
2015.01.07 07:13:50.176,1.18689,1.18692,1.00,1.00
2015.01.07 07:13:50.580,1.1869,1.18694,1.87,5.85
2015.01.07 07:13:50.631,1.18692,1.18694,1.87,2.62
2015.01.07 07:13:51.135,1.18693,1.18696,1.00,2.25
2015.01.07 07:13:51.338,1.18693,1.18697,3.75,1.50
2015.01.07 07:13:51.440,1.18695,1.18697,1.00,1.00
2015.01.07 07:13:51.945,1.18695,1.18698,3.00,1.00
2015.01.07 07:13:52.694,1.18701,1.18702,1.50,3.67
2015.01.07 07:13:52.745,1.18701,1.18704,2.25,1.00
2015.01.07 07:13:53.251,1.18702,1.18704,1.50,1.00
2015.01.07 07:13:53.756,1.18703,1.18704,1.00,1.00
2015.01.07 07:13:53.958,1.18704,1.18708,1.00,1.50
2015.01.07 07:13:54.009,1.18708,1.18709,1.00,1.00
2015.01.07 07:13:54.060,1.18708,1.18711,1.19,1.50
2015.01.07 07:13:54.111,1.18712,1.18713,1.00,1.00
2015.01.07 07:13:54.163,1.18712,1.18714,1.50,1.00
2015.01.07 07:13:54.215,1.18714,1.18715,1.00,1.50
2015.01.07 07:13:54.518,1.18724,1.18728,1.00,1.87
2015.01.07 07:13:54.569,1.18726,1.18728,1.19,1.00
2015.01.07 07:13:54.823,1.18728,1.1873,1.50,15.37
2015.01.07 07:13:54.925,1.18732,1.18734,1.00,1.00
2015.01.07 07:13:55.028,1.18734,1.18735,2.25,1.00
2015.01.07 07:13:55.585,1.18735,1.18739,1.50,1.12
2015.01.07 07:13:57.453,1.18749,1.18751,2.51,1.00
2015.01.07 07:13:57.707,1.18754,1.18756,1.37,1.34
2015.01.07 07:13:57.859,1.18756,1.18759,1.50,2.32
2015.01.07 07:13:57.961,1.18758,1.1876,1.00,2.25
2015.01.07 07:13:58.013,1.18759,1.18762,1.00,2.40
2015.01.07 07:13:58.115,1.18761,1.18764,1.00,1.57
2015.01.07 07:13:58.420,1.18772,1.18774,1.00,5.62
2015.01.07 07:13:58.623,1.18771,1.18773,1.87,1.00
2015.01.07 07:13:58.685,1.18771,1.18775,2.62,1.00
2015.01.07 07:13:58.739,1.18771,1.18773,2.25,1.00
2015.01.07 07:13:59.043,1.18769,1.18771,2.17,2.50
2015.01.07 07:13:59.297,1.18775,1.1878,1.31,11.25
2015.01.07 07:13:59.348,1.18778,1.1878,1.50,6.37
2015.01.07 07:13:59.651,1.18784,1.18789,1.31,1.10
2015.01.07 07:13:59.753,1.18787,1.1879,1.00,11.62
2015.01.07 07:13:59.854,1.1879,1.18793,2.47,1.00
2015.01.07 07:13:59.955,1.18792,1.18797,3.04,1.87
2015.01.07 07:14:00.377,1.18804,1.18807,1.56,1.12
2015.01.07 07:14:00.428,1.18805,1.18807,3.19,2.25
2015.01.07 07:14:00.478,1.18811,1.18813,1.37,3.00
2015.01.07 07:14:00.580,1.18811,1.18816,1.37,1.12
2015.01.07 07:14:00.631,1.18815,1.18816,1.00,1.00
2015.01.07 07:14:00.733,1.18816,1.18819,1.12,1.00
2015.01.07 07:14:00.836,1.18816,1.1882,1.87,4.50
2015.01.07 07:14:00.938,1.18816,1.1882,1.31,6.37
2015.01.07 07:14:01.140,1.18815,1.1882,2.10,4.87
2015.01.07 07:14:01.446,1.18825,1.18828,1.50,1.00
2015.01.07 07:14:01.548,1.18824,1.18826,1.00,1.00
2015.01.07 07:14:01.702,1.18822,1.18825,1.50,1.00
2015.01.07 07:14:01.804,1.18825,1.18828,1.12,1.01
2015.01.07 07:14:02.058,1.18823,1.18829,1.10,1.29
2015.01.07 07:14:02.311,1.18823,1.1883,3.37,13.69
2015.01.07 07:14:02.464,1.18823,1.18829,1.12,1.87
2015.01.07 07:14:02.769,1.1882,1.18822,1.00,1.10
2015.01.07 07:14:03.073,1.18817,1.18819,1.20,1.00
2015.01.07 07:14:03.124,1.18814,1.18815,1.10,1.12
2015.01.07 07:14:03.174,1.18812,1.18815,1.00,9.93
2015.01.07 07:14:03.377,1.18799,1.188,3.00,4.31
2015.01.07 07:14:03.429,1.18796,1.18799,1.75,1.50
2015.01.07 07:14:03.582,1.18791,1.18793,1.42,1.50
2015.01.07 07:14:03.685,1.18789,1.1879,1.10,1.50
2015.01.07 07:14:03.786,1.18784,1.18787,2.32,1.19
2015.01.07 07:14:03.888,1.18783,1.18787,1.57,1.25
2015.01.07 07:14:03.942,1.18781,1.18787,4.35,1.25
2015.01.07 07:14:03.997,1.18788,1.18789,1.50,1.10
2015.01.07 07:14:04.050,1.18786,1.1879,1.12,4.12
2015.01.07 07:14:04.254,1.18784,1.18789,1.39,1.12
2015.01.07 07:14:04.457,1.18784,1.18789,1.62,1.20
2015.01.07 07:14:04.963,1.18785,1.1879,1.37,1.12
2015.01.07 07:14:05.267,1.18784,1.18788,1.12,1.87
2015.01.07 07:14:05.571,1.18783,1.18786,1.37,1.00
2015.01.07 07:14:05.875,1.18771,1.18774,4.47,1.00
2015.01.07 07:14:05.928,1.18768,1.18769,1.12,1.00
2015.01.07 07:14:05.979,1.18765,1.18769,3.37,1.00
2015.01.07 07:14:06.594,1.18768,1.18769,1.87,1.00
2015.01.07 07:14:06.645,1.18775,1.18777,1.00,1.00
2015.01.07 07:14:06.948,1.18776,1.1878,1.12,4.87
2015.01.07 07:14:06.999,1.18776,1.18778,1.50,1.00
2015.01.07 07:14:07.305,1.18778,1.18779,3.00,2.25
2015.01.07 07:14:07.358,1.18778,1.18783,5.25,1.20
2015.01.07 07:14:07.510,1.18781,1.18785,1.00,1.15
2015.01.07 07:14:07.663,1.18783,1.18787,1.12,1.00
2015.01.07 07:14:07.866,1.18785,1.1879,1.00,7.50
2015.01.07 07:14:08.371,1.18784,1.18789,1.00,1.00
2015.01.07 07:14:08.523,1.18783,1.18787,1.00,2.10
2015.01.07 07:14:08.625,1.18782,1.18784,4.50,1.05
2015.01.07 07:14:08.676,1.1878,1.18781,1.00,1.00
2015.01.07 07:14:08.727,1.18777,1.18779,1.12,1.00
2015.01.07 07:14:08.778,1.18775,1.1878,2.25,1.50
2015.01.07 07:14:08.829,1.18777,1.1878,1.00,3.75
2015.01.07 07:14:08.930,1.18778,1.18783,1.50,4.50
2015.01.07 07:14:09.082,1.18779,1.18785,1.50,6.86
2015.01.07 07:14:09.184,1.18779,1.18785,1.00,6.79
2015.01.07 07:14:09.488,1.18782,1.18787,1.00,1.50
2015.01.07 07:14:09.589,1.18782,1.18787,1.00,1.12
2015.01.07 07:14:10.095,1.1878,1.18786,3.75,1.10
2015.01.07 07:14:11.347,1.18771,1.18773,3.60,1.00
2015.01.07 07:14:11.398,1.1877,1.18773,1.50,1.00
2015.01.07 07:14:12.663,1.1877,1.18774,1.00,1.12
2015.01.07 07:14:13.204,1.18771,1.18775,1.00,2.51
2015.01.07 07:14:13.710,1.18772,1.18775,1.00,1.10
2015.01.07 07:14:14.215,1.18771,1.18775,1.00,1.20
2015.01.07 07:14:14.669,1.18771,1.18775,1.00,1.57
2015.01.07 07:14:14.872,1.18767,1.1877,1.25,1.00
2015.01.07 07:14:15.281,1.18763,1.18767,1.00,1.00
2015.01.07 07:14:15.433,1.18762,1.18765,1.00,1.37
2015.01.07 07:14:15.737,1.18759,1.18765,1.87,1.57
2015.01.07 07:14:16.242,1.18758,1.18764,5.06,1.50
2015.01.07 07:14:16.747,1.18759,1.18764,1.37,1.10
2015.01.07 07:14:16.913,1.18758,1.18764,5.51,1.10
2015.01.07 07:14:17.116,1.18761,1.18766,1.25,1.75
2015.01.07 07:14:17.318,1.18761,1.18767,3.94,1.12
2015.01.07 07:14:17.673,1.18762,1.18769,2.51,3.75
2015.01.07 07:14:17.876,1.18766,1.18771,2.47,1.12
2015.01.07 07:14:18.230,1.18766,1.1877,1.00,1.57
2015.01.07 07:14:18.736,1.18766,1.18769,1.00,1.10
2015.01.07 07:14:21.055,1.18766,1.1877,1.00,1.57
2015.01.07 07:14:22.334,1.18766,1.18769,1.95,1.00
2015.01.07 07:14:22.486,1.18764,1.18768,2.32,1.00
2015.01.07 07:14:23.042,1.18765,1.18768,1.00,1.00
2015.01.07 07:14:23.194,1.18767,1.18768,2.10,1.00
2015.01.07 07:14:24.205,1.18773,1.1878,9.62,22.05
2015.01.07 07:14:24.264,1.18782,1.18784,2.10,1.00
2015.01.07 07:14:24.416,1.18782,1.18786,1.00,1.00
2015.01.07 07:14:24.618,1.18784,1.18787,1.00,1.00
2015.01.07 07:14:24.972,1.18783,1.18789,2.51,2.32
2015.01.07 07:14:25.225,1.18787,1.1879,2.85,1.87
2015.01.07 07:14:25.377,1.18788,1.18789,1.12,1.00
2015.01.07 07:14:25.480,1.18785,1.18788,1.50,1.35
2015.01.07 07:14:25.531,1.18785,1.18788,1.00,1.35
2015.01.07 07:14:25.784,1.18783,1.18787,1.00,1.00
2015.01.07 07:14:26.139,1.18783,1.18786,1.50,1.00
2015.01.07 07:14:26.190,1.18792,1.18794,2.47,3.82
2015.01.07 07:14:26.241,1.18795,1.18797,1.50,7.50
2015.01.07 07:14:26.294,1.18798,1.188,1.00,12.00
2015.01.07 07:14:26.446,1.18799,1.18804,2.29,1.50
2015.01.07 07:14:26.548,1.188,1.18806,1.31,3.60
2015.01.07 07:14:26.700,1.18804,1.18808,3.22,1.00
2015.01.07 07:14:26.752,1.18804,1.1881,5.10,6.00
2015.01.07 07:14:26.802,1.18806,1.1881,2.44,5.25
2015.01.07 07:14:27.106,1.18808,1.1881,2.10,6.00
2015.01.07 07:14:27.157,1.18805,1.1881,2.85,6.00
2015.01.07 07:14:27.309,1.18807,1.1881,1.37,1.50
2015.01.07 07:14:27.410,1.18809,1.18813,2.85,1.00
2015.01.07 07:14:27.512,1.18812,1.18816,1.00,3.00
2015.01.07 07:14:27.917,1.18814,1.18818,1.00,1.50
2015.01.07 07:14:28.237,1.18812,1.18814,2.25,6.60
2015.01.07 07:14:28.443,1.18804,1.18805,4.12,2.25
2015.01.07 07:14:28.545,1.188,1.18804,1.57,1.00
2015.01.07 07:14:29.001,1.188,1.18802,3.37,1.00
2015.01.07 07:14:29.103,1.18802,1.18803,1.00,1.00
2015.01.07 07:14:29.305,1.18801,1.18803,1.00,1.00
2015.01.07 07:14:29.356,1.18802,1.18803,1.00,1.00
2015.01.07 07:14:29.407,1.18805,1.18808,4.12,5.25
2015.01.07 07:14:29.915,1.18804,1.18807,1.37,1.12
2015.01.07 07:14:30.422,1.18802,1.18805,2.25,1.00
2015.01.07 07:14:30.476,1.18802,1.18804,1.50,1.00
2015.01.07 07:14:30.981,1.18801,1.18805,1.00,2.25
2015.01.07 07:14:31.133,1.18803,1.18806,1.12,1.67
2015.01.07 07:14:31.285,1.18806,1.1881,1.00,5.81
2015.01.07 07:14:31.437,1.18811,1.18812,1.00,3.75
2015.01.07 07:14:32.198,1.18815,1.18819,1.00,6.94
2015.01.07 07:14:32.654,1.18815,1.18819,1.50,2.44
2015.01.07 07:14:32.756,1.18816,1.18819,1.00,1.80
2015.01.07 07:14:32.859,1.18815,1.18819,1.50,1.12
2015.01.07 07:14:33.112,1.18813,1.18818,2.25,1.10
2015.01.07 07:14:33.570,1.18811,1.18817,1.50,1.47
2015.01.07 07:14:33.621,1.18811,1.18816,1.50,1.00
2015.01.07 07:14:33.773,1.18809,1.18815,6.19,1.37
2015.01.07 07:14:34.278,1.1881,1.18814,1.12,1.00
2015.01.07 07:14:34.794,1.18809,1.18814,2.32,1.19
2015.01.07 07:14:35.097,1.18815,1.18819,1.37,2.25
2015.01.07 07:14:35.148,1.18812,1.18816,1.10,1.00
2015.01.07 07:14:37.028,1.18821,1.18827,1.37,1.12
2015.01.07 07:14:37.534,1.18821,1.18825,1.00,1.00
2015.01.07 07:14:38.222,1.18821,1.18825,1.00,1.00
2015.01.07 07:14:38.526,1.18822,1.18829,2.25,1.37
2015.01.07 07:14:39.386,1.18822,1.18828,1.12,1.12
2015.01.07 07:14:39.759,1.18826,1.18829,1.50,1.12
2015.01.07 07:14:39.961,1.18828,1.18831,3.19,1.00
2015.01.07 07:14:40.063,1.18828,1.18834,4.91,1.00
2015.01.07 07:14:40.265,1.18828,1.18832,1.37,1.00
2015.01.07 07:14:40.316,1.18828,1.18832,1.00,1.31
2015.01.07 07:14:40.367,1.18827,1.18829,1.00,2.10
2015.01.07 07:14:40.469,1.18823,1.18828,1.87,1.00
2015.01.07 07:14:40.570,1.18823,1.18828,1.00,1.85
2015.01.07 07:14:40.773,1.18823,1.1883,1.57,11.89
2015.01.07 07:14:41.503,1.18822,1.18828,1.76,1.10
2015.01.07 07:14:41.554,1.18822,1.18828,4.07,1.10
2015.01.07 07:14:41.757,1.18825,1.1883,4.50,2.25
2015.01.07 07:14:41.808,1.18825,1.1883,2.25,3.97
2015.01.07 07:14:41.961,1.18824,1.18829,2.25,1.10
2015.01.07 07:14:42.366,1.18822,1.18827,1.76,1.00
2015.01.07 07:14:42.771,1.18822,1.18825,1.69,1.00
2015.01.07 07:14:43.076,1.1882,1.18823,1.12,1.00
2015.01.07 07:14:44.802,1.1882,1.18825,1.50,2.25
2015.01.07 07:14:45.647,1.18816,1.1882,1.87,1.70
2015.01.07 07:14:45.698,1.18814,1.18819,2.25,1.10
2015.01.07 07:14:45.749,1.18812,1.18816,3.07,2.10
2015.01.07 07:14:46.003,1.18812,1.18814,1.00,1.00
2015.01.07 07:14:46.105,1.18811,1.18816,1.50,1.10
2015.01.07 07:14:46.610,1.18812,1.18815,1.00,1.00
2015.01.07 07:14:47.116,1.18811,1.18815,1.00,1.10
2015.01.07 07:14:47.420,1.1881,1.18813,1.12,1.00
2015.01.07 07:14:47.925,1.18811,1.18813,1.00,1.00
2015.01.07 07:14:48.026,1.18811,1.18815,1.37,1.01
2015.01.07 07:14:48.329,1.1881,1.18815,2.62,1.29
2015.01.07 07:14:48.582,1.18805,1.18808,3.00,2.66
2015.01.07 07:14:48.634,1.18804,1.18806,1.42,1.00
2015.01.07 07:14:48.685,1.18803,1.18806,1.87,1.12
2015.01.07 07:14:49.191,1.18801,1.18806,2.62,1.50
2015.01.07 07:14:50.362,1.18801,1.18805,1.87,1.00
2015.01.07 07:14:50.618,1.18804,1.18805,3.00,1.00
2015.01.07 07:14:50.770,1.18808,1.1881,2.25,8.25
2015.01.07 07:14:51.073,1.1881,1.18811,1.50,1.00
2015.01.07 07:14:51.225,1.18811,1.18814,1.00,1.00
2015.01.07 07:14:51.730,1.18812,1.18815,1.00,1.00
2015.01.07 07:14:52.257,1.18811,1.18815,1.00,1.00
2015.01.07 07:14:53.070,1.1881,1.18815,5.06,1.00
2015.01.07 07:14:53.272,1.18808,1.18813,5.44,2.62
2015.01.07 07:14:53.323,1.18808,1.18813,5.06,3.00
2015.01.07 07:14:53.374,1.1881,1.18814,1.00,2.32
2015.01.07 07:14:53.677,1.18806,1.18809,3.37,1.87
2015.01.07 07:14:53.728,1.18803,1.18808,2.81,1.00
2015.01.07 07:14:55.009,1.18803,1.18807,1.12,3.00
2015.01.07 07:14:55.524,1.18802,1.18806,1.37,1.50
2015.01.07 07:14:56.031,1.18801,1.18806,2.62,2.29
2015.01.07 07:14:56.680,1.18801,1.18805,1.87,1.00
2015.01.07 07:14:56.782,1.18799,1.18801,1.12,2.25
2015.01.07 07:14:56.834,1.18798,1.188,1.00,3.25
2015.01.07 07:14:56.885,1.18797,1.18798,1.00,1.00
2015.01.07 07:14:56.936,1.18797,1.18798,1.00,1.50
2015.01.07 07:14:56.987,1.18794,1.18796,1.00,2.85
2015.01.07 07:14:57.088,1.1879,1.18796,2.32,1.29
2015.01.07 07:14:57.190,1.1879,1.18795,1.00,1.39
2015.01.07 07:14:57.746,1.18788,1.18793,3.82,1.00
2015.01.07 07:14:57.797,1.18788,1.18793,5.32,3.37
2015.01.07 07:14:58.302,1.18789,1.18793,1.00,1.12
2015.01.07 07:14:59.193,1.18791,1.18794,1.00,1.24
2015.01.07 07:14:59.701,1.1879,1.18794,1.12,1.24
2015.01.07 07:15:00.005,1.18788,1.18792,1.50,1.19
2015.01.07 07:15:00.511,1.18788,1.1879,1.50,3.00
2015.01.07 07:15:00.816,1.18788,1.18791,4.50,2.25
2015.01.07 07:15:01.069,1.18788,1.18794,4.50,4.16
2015.01.07 07:15:01.526,1.18789,1.18795,1.25,3.07
2015.01.07 07:15:01.628,1.18788,1.18793,2.32,1.00
2015.01.07 07:15:01.931,1.1879,1.18795,1.00,1.57
2015.01.07 07:15:02.447,1.18791,1.18796,1.00,2.89
2015.01.07 07:15:03.937,1.18791,1.18796,1.10,1.69
2015.01.07 07:15:04.443,1.1879,1.18795,1.20,1.25
2015.01.07 07:15:05.442,1.18788,1.18794,6.00,1.00
2015.01.07 07:15:06.153,1.18788,1.18794,7.69,1.15
2015.01.07 07:15:06.457,1.18788,1.18793,7.31,1.15
2015.01.07 07:15:06.963,1.18791,1.18795,1.00,3.94
2015.01.07 07:15:07.470,1.1879,1.18796,1.50,2.44
2015.01.07 07:15:08.134,1.1879,1.18794,1.00,1.00
2015.01.07 07:15:08.539,1.1879,1.18796,2.59,1.01
2015.01.07 07:15:10.084,1.1879,1.18797,3.02,2.44
2015.01.07 07:15:10.135,1.1879,1.18797,6.77,1.50
2015.01.07 07:15:10.440,1.18799,1.18803,1.50,1.00
2015.01.07 07:15:10.895,1.188,1.18806,1.20,1.57
2015.01.07 07:15:11.401,1.188,1.18805,1.00,1.00
2015.01.07 07:15:12.471,1.188,1.18806,2.59,1.10
2015.01.07 07:15:12.952,1.188,1.18804,1.10,1.00
2015.01.07 07:15:13.365,1.188,1.18802,2.14,1.00
2015.01.07 07:15:13.518,1.18796,1.188,1.00,6.19
2015.01.07 07:15:13.569,1.18795,1.18798,1.10,1.12
2015.01.07 07:15:13.872,1.18792,1.18795,1.10,1.00
2015.01.07 07:15:14.384,1.18792,1.18797,1.00,1.57
2015.01.07 07:15:15.154,1.18792,1.18795,1.00,1.00
2015.01.07 07:15:15.458,1.18789,1.18792,1.12,1.50
2015.01.07 07:15:15.609,1.18789,1.18794,1.00,1.57
2015.01.07 07:15:15.964,1.18789,1.18792,1.69,1.00
2015.01.07 07:15:17.156,1.18791,1.18793,1.69,21.00
2015.01.07 07:15:17.206,1.18792,1.18795,2.29,1.50
2015.01.07 07:15:17.510,1.18794,1.18797,1.50,1.00
2015.01.07 07:15:17.967,1.18789,1.18797,2.51,1.76
2015.01.07 07:15:18.476,1.1879,1.18794,1.12,1.00
2015.01.07 07:15:19.812,1.1879,1.18792,1.50,1.00
2015.01.07 07:15:20.015,1.18786,1.18791,1.57,1.50
2015.01.07 07:15:20.420,1.18788,1.18793,1.87,2.06
2015.01.07 07:15:20.826,1.18786,1.1879,2.25,3.75
2015.01.07 07:15:20.877,1.18785,1.18788,1.00,1.00
2015.01.07 07:15:20.978,1.18783,1.18787,2.25,1.50
2015.01.07 07:15:21.394,1.18782,1.18787,1.37,2.44
2015.01.07 07:15:21.899,1.18782,1.18785,1.00,1.12
2015.01.07 07:15:24.462,1.18782,1.18787,1.50,1.31
2015.01.07 07:15:25.247,1.18781,1.18785,2.25,1.50
2015.01.07 07:15:25.840,1.18781,1.18783,1.00,1.50
2015.01.07 07:15:25.993,1.18779,1.18783,1.00,1.15
2015.01.07 07:15:26.498,1.18778,1.18783,6.26,1.00
2015.01.07 07:15:26.599,1.18778,1.18783,8.01,1.00
2015.01.07 07:15:30.341,1.18775,1.18778,1.00,1.25
2015.01.07 07:15:30.645,1.18772,1.18775,1.00,1.00
2015.01.07 07:15:30.797,1.1877,1.18775,1.50,1.57
2015.01.07 07:15:31.324,1.18771,1.18775,1.00,1.57
2015.01.07 07:15:33.482,1.18771,1.18775,1.50,1.57
2015.01.07 07:15:33.735,1.1877,1.18775,1.12,1.57
2015.01.07 07:15:36.139,1.1877,1.18775,3.56,1.87
2015.01.07 07:15:36.779,1.1877,1.18775,1.69,1.57
2015.01.07 07:15:37.184,1.18769,1.18775,1.37,4.96
2015.01.07 07:15:37.691,1.18769,1.18773,1.50,1.00
2015.01.07 07:15:39.026,1.18768,1.18773,5.51,1.00
2015.01.07 07:15:39.329,1.1877,1.18773,1.00,1.00
2015.01.07 07:15:42.020,1.18768,1.18773,7.57,1.00
2015.01.07 07:15:43.246,1.18769,1.18773,1.50,1.00
2015.01.07 07:15:43.652,1.1877,1.18775,2.25,2.70
2015.01.07 07:15:44.523,1.18771,1.18775,1.00,1.10
2015.01.07 07:15:45.047,1.1877,1.18774,5.62,1.10
2015.01.07 07:15:45.965,1.1877,1.18774,2.62,1.25
2015.01.07 07:15:46.370,1.1877,1.18774,1.00,1.87
2015.01.07 07:15:46.471,1.1877,1.18774,1.00,1.50
2015.01.07 07:15:49.925,1.1877,1.18772,1.00,1.00
2015.01.07 07:15:50.026,1.18769,1.18771,1.00,7.31
2015.01.07 07:15:50.077,1.18767,1.18771,1.57,16.68
2015.01.07 07:15:50.230,1.18764,1.18769,1.00,1.20
2015.01.07 07:15:50.692,1.18761,1.18768,1.37,2.44
2015.01.07 07:15:50.945,1.18759,1.18766,2.70,1.87
2015.01.07 07:15:51.596,1.18759,1.18765,3.00,1.05
2015.01.07 07:15:52.320,1.1876,1.18765,1.00,1.10
2015.01.07 07:15:52.624,1.18764,1.18768,1.50,1.50
2015.01.07 07:15:52.827,1.18769,1.18771,1.50,4.12
2015.01.07 07:15:52.928,1.18769,1.18772,1.69,1.00
2015.01.07 07:15:52.979,1.18769,1.18774,1.69,1.10
2015.01.07 07:15:53.485,1.1877,1.18774,1.00,1.10
2015.01.07 07:15:54.646,1.18769,1.18773,1.69,1.00
2015.01.07 07:15:54.747,1.18768,1.18772,1.25,1.50
2015.01.07 07:15:56.267,1.18769,1.18772,1.50,1.00
2015.01.07 07:15:57.356,1.1877,1.18774,1.00,1.12
2015.01.07 07:15:58.137,1.18771,1.18775,1.00,1.87
2015.01.07 07:15:58.189,1.18771,1.18775,1.00,1.57
2015.01.07 07:15:58.645,1.18773,1.18776,1.00,1.00
2015.01.07 07:16:00.137,1.18773,1.18777,1.25,2.32
2015.01.07 07:16:01.148,1.18772,1.18776,1.19,1.00
2015.01.07 07:16:01.655,1.1877,1.18775,3.19,1.87
2015.01.07 07:16:05.580,1.1877,1.18775,1.00,1.69
2015.01.07 07:16:05.885,1.18768,1.1877,1.00,7.50
2015.01.07 07:16:05.986,1.1877,1.18774,2.25,3.45
2015.01.07 07:16:06.037,1.18769,1.18774,1.69,2.32
2015.01.07 07:16:06.542,1.1877,1.18774,1.25,1.00
2015.01.07 07:16:09.972,1.18769,1.18774,1.76,1.50
2015.01.07 07:16:10.959,1.18769,1.18774,2.51,1.00
2015.01.07 07:16:11.462,1.1877,1.18775,1.69,1.95
2015.01.07 07:16:12.583,1.1877,1.18774,1.62,1.00
2015.01.07 07:16:13.093,1.1877,1.18775,2.06,1.95
2015.01.07 07:16:13.700,1.18771,1.18776,3.41,1.95
2015.01.07 07:16:14.759,1.18773,1.18777,1.00,1.87
2015.01.07 07:16:15.264,1.18773,1.18777,1.00,1.00
2015.01.07 07:16:15.782,1.18773,1.18777,1.00,1.84
2015.01.07 07:16:15.884,1.18771,1.18777,1.00,5.74
2015.01.07 07:16:16.417,1.18771,1.18777,1.69,1.50
2015.01.07 07:16:17.784,1.18772,1.18776,1.19,1.00
2015.01.07 07:16:18.291,1.18772,1.18776,1.25,1.50
2015.01.07 07:16:18.799,1.18771,1.18775,3.94,1.00
2015.01.07 07:16:19.306,1.18771,1.18774,1.00,1.10
2015.01.07 07:16:25.398,1.18771,1.18776,1.69,2.44
2015.01.07 07:16:25.904,1.18772,1.18776,1.69,1.12
2015.01.07 07:16:26.106,1.18775,1.18778,1.00,4.31
2015.01.07 07:16:26.360,1.1878,1.18784,1.87,3.97
2015.01.07 07:16:26.511,1.1878,1.18785,1.87,2.47
2015.01.07 07:16:27.774,1.1878,1.18784,1.50,1.47
2015.01.07 07:16:28.078,1.18774,1.18777,1.00,2.85
2015.01.07 07:16:28.230,1.18772,1.18776,1.25,1.00
2015.01.07 07:16:28.534,1.18771,1.18775,1.69,1.87
2015.01.07 07:16:28.971,1.1877,1.18775,2.81,1.87
2015.01.07 07:16:30.191,1.1877,1.18774,2.62,1.10
2015.01.07 07:16:30.820,1.18772,1.18774,16.50,1.10
2015.01.07 07:16:31.131,1.18798,1.188,2.25,3.41
2015.01.07 07:16:31.182,1.18798,1.188,2.25,3.11
2015.01.07 07:16:31.688,1.18797,1.18799,1.00,2.10
2015.01.07 07:16:31.790,1.18796,1.18798,1.39,2.10
2015.01.07 07:16:32.298,1.18794,1.18798,2.44,3.97
2015.01.07 07:16:33.156,1.18794,1.18797,1.50,1.10
2015.01.07 07:16:33.257,1.18792,1.18796,1.69,1.00
2015.01.07 07:16:33.661,1.18792,1.18794,1.00,2.10
2015.01.07 07:16:33.914,1.18789,1.18794,2.62,2.06
2015.01.07 07:16:35.476,1.18789,1.18793,2.25,2.47
2015.01.07 07:16:35.986,1.1879,1.18793,2.44,1.10
2015.01.07 07:16:36.499,1.1879,1.18794,5.06,1.12
2015.01.07 07:16:37.211,1.18791,1.18795,1.25,4.31
2015.01.07 07:16:38.238,1.18791,1.18795,1.25,1.76
2015.01.07 07:16:38.491,1.18792,1.18796,2.06,1.69
2015.01.07 07:16:38.744,1.18793,1.18797,2.44,1.01
2015.01.07 07:16:39.688,1.18794,1.18798,1.00,2.81
2015.01.07 07:16:40.230,1.18794,1.18798,1.19,2.62
2015.01.07 07:16:40.718,1.188,1.18801,2.44,11.25
2015.01.07 07:16:40.771,1.18801,1.18805,1.00,1.10
2015.01.07 07:16:40.974,1.18801,1.18807,1.12,1.00
2015.01.07 07:16:42.212,1.188,1.18804,3.60,1.00
2015.01.07 07:16:42.416,1.18799,1.18803,1.87,1.00
2015.01.07 07:16:42.720,1.18797,1.188,1.87,3.00
2015.01.07 07:16:43.024,1.18794,1.188,4.31,9.94
2015.01.07 07:16:43.226,1.18798,1.18803,2.81,2.44
2015.01.07 07:16:44.008,1.188,1.18804,1.30,2.81
2015.01.07 07:16:44.735,1.18799,1.18804,1.00,2.81
2015.01.07 07:16:46.720,1.188,1.18804,1.00,2.62
2015.01.07 07:16:48.607,1.188,1.18805,2.70,3.00
2015.01.07 07:16:49.262,1.188,1.18805,2.81,3.00
2015.01.07 07:16:50.417,1.188,1.18804,2.00,1.00
2015.01.07 07:16:50.936,1.18802,1.18805,1.10,1.00
2015.01.07 07:16:51.241,1.18804,1.18807,1.50,1.61
2015.01.07 07:16:51.344,1.18808,1.18809,1.00,1.12
2015.01.07 07:16:51.496,1.18808,1.18813,4.69,1.87
2015.01.07 07:16:51.547,1.18809,1.18814,2.32,1.01
2015.01.07 07:16:52.256,1.18809,1.18813,1.01,1.00
2015.01.07 07:16:52.762,1.18809,1.18815,1.57,2.81
2015.01.07 07:16:53.520,1.1881,1.18815,4.39,1.12
2015.01.07 07:16:54.024,1.1881,1.18814,4.39,1.00
2015.01.07 07:16:54.338,1.1881,1.18814,4.76,1.50
2015.01.07 07:16:55.065,1.1881,1.18813,1.50,1.00
2015.01.07 07:16:55.570,1.1881,1.18812,1.00,1.00
2015.01.07 07:16:56.176,1.1881,1.18813,1.00,1.25
2015.01.07 07:16:56.480,1.1881,1.18815,5.06,4.20
2015.01.07 07:16:57.412,1.1881,1.18815,6.64,2.62
2015.01.07 07:16:58.322,1.18812,1.18817,2.32,1.57
2015.01.07 07:16:58.676,1.18814,1.18817,1.00,1.10
2015.01.07 07:16:59.080,1.18815,1.18819,2.70,1.69
2015.01.07 07:16:59.434,1.18818,1.18821,1.50,4.76
2015.01.07 07:16:59.687,1.1882,1.18823,1.12,1.00
2015.01.07 07:16:59.788,1.1882,1.18825,3.45,1.57
2015.01.07 07:16:59.839,1.18822,1.18826,1.00,1.87
2015.01.07 07:17:01.116,1.18825,1.18828,1.69,1.50
2015.01.07 07:17:01.723,1.18827,1.18829,1.50,3.30
2015.01.07 07:17:01.876,1.18828,1.18831,3.75,1.10
2015.01.07 07:17:02.383,1.18829,1.18831,1.57,1.00
2015.01.07 07:17:02.989,1.18829,1.18833,2.70,1.69
2015.01.07 07:17:04.058,1.18829,1.18833,2.51,1.12
2015.01.07 07:17:04.267,1.18829,1.18831,1.76,2.10
2015.01.07 07:17:04.572,1.18823,1.18826,1.05,2.62
2015.01.07 07:17:04.775,1.18822,1.18825,1.00,1.00
2015.01.07 07:17:05.281,1.18821,1.18825,1.31,1.50
2015.01.07 07:17:06.510,1.1882,1.18825,4.20,2.25
2015.01.07 07:17:07.804,1.18821,1.18825,1.00,1.00
2015.01.07 07:17:08.568,1.1882,1.18824,6.45,1.87
2015.01.07 07:17:08.720,1.18816,1.18818,1.12,1.00
2015.01.07 07:17:08.770,1.18816,1.18818,1.12,1.50
2015.01.07 07:17:08.821,1.18813,1.18817,1.69,1.00
2015.01.07 07:17:09.756,1.18812,1.18816,1.31,1.37
2015.01.07 07:17:10.116,1.18816,1.18817,2.85,1.10
2015.01.07 07:17:10.370,1.1882,1.18823,1.00,1.12
2015.01.07 07:17:10.573,1.1882,1.18825,1.00,3.26
2015.01.07 07:17:11.078,1.1882,1.18824,1.95,1.00
2015.01.07 07:17:11.987,1.1882,1.18825,1.57,2.25
2015.01.07 07:17:12.643,1.18822,1.18825,1.00,1.50
2015.01.07 07:17:13.148,1.18822,1.18826,1.50,1.00
2015.01.07 07:17:15.175,1.18823,1.18826,1.00,1.00
2015.01.07 07:17:18.259,1.18822,1.18826,1.50,1.00
2015.01.07 07:17:18.865,1.18822,1.18827,2.25,2.44
2015.01.07 07:17:19.169,1.18822,1.18825,1.00,1.00
2015.01.07 07:17:19.472,1.18825,1.18827,1.00,1.00
2015.01.07 07:17:19.675,1.18824,1.18829,1.50,3.26
2015.01.07 07:17:20.286,1.18824,1.18828,1.10,1.00
2015.01.07 07:17:20.792,1.18825,1.18829,1.00,3.19
2015.01.07 07:17:20.842,1.18827,1.18829,1.00,3.19
2015.01.07 07:17:20.994,1.18828,1.1883,3.75,1.12
2015.01.07 07:17:21.045,1.18828,1.18832,3.82,1.25
2015.01.07 07:17:21.298,1.18828,1.18832,1.50,1.00
2015.01.07 07:17:21.803,1.1883,1.18833,1.50,1.00
2015.01.07 07:17:24.061,1.1883,1.18834,1.50,2.14
2015.01.07 07:17:24.860,1.1883,1.18834,1.50,6.49
2015.01.07 07:17:25.365,1.1883,1.18832,1.50,1.31
2015.01.07 07:17:25.820,1.1883,1.18834,1.50,1.95
2015.01.07 07:17:26.325,1.1883,1.18831,1.25,3.75
2015.01.07 07:17:26.426,1.18828,1.1883,1.69,6.75
2015.01.07 07:17:26.528,1.1883,1.18833,1.50,1.69
2015.01.07 07:17:27.571,1.1883,1.18833,1.50,1.69
2015.01.07 07:17:27.876,1.18825,1.18828,2.06,1.12
2015.01.07 07:17:27.977,1.18825,1.18828,1.60,1.12
2015.01.07 07:17:28.179,1.18823,1.18829,2.81,4.54
2015.01.07 07:17:28.786,1.18823,1.18829,1.76,5.14
2015.01.07 07:17:29.090,1.18823,1.18828,1.57,1.50
2015.01.07 07:17:30.757,1.18824,1.18829,3.49,3.19
2015.01.07 07:17:31.515,1.18823,1.18828,1.76,1.00
2015.01.07 07:17:32.071,1.18823,1.18827,1.57,1.69
2015.01.07 07:17:32.325,1.18817,1.18818,3.30,2.10
2015.01.07 07:17:32.527,1.18816,1.18818,1.00,1.25
2015.01.07 07:17:32.881,1.18814,1.18818,2.92,2.81
2015.01.07 07:17:33.399,1.18812,1.18817,2.44,1.50
2015.01.07 07:17:33.551,1.18814,1.18817,2.36,1.50
2015.01.07 07:17:33.755,1.18818,1.18822,5.25,1.10
2015.01.07 07:17:34.058,1.18818,1.18825,7.01,2.25
2015.01.07 07:17:34.664,1.18817,1.18823,2.62,1.19
2015.01.07 07:17:34.967,1.18818,1.1882,1.00,1.09
2015.01.07 07:17:36.099,1.18821,1.18823,2.25,2.25
2015.01.07 07:17:36.150,1.18822,1.18827,1.62,2.06
2015.01.07 07:17:36.656,1.18822,1.18827,1.39,1.01
2015.01.07 07:17:37.199,1.18821,1.18826,5.44,1.00
2015.01.07 07:17:37.572,1.18821,1.18826,4.69,1.00
2015.01.07 07:17:38.531,1.18821,1.18826,3.19,1.81
2015.01.07 07:17:40.554,1.18821,1.18824,1.37,1.00
2015.01.07 07:17:40.656,1.1882,1.18823,1.50,1.35
2015.01.07 07:17:40.808,1.18819,1.18821,2.25,1.00
2015.01.07 07:17:41.012,1.18815,1.18817,1.00,1.50
2015.01.07 07:17:41.164,1.18813,1.18816,1.31,1.00
2015.01.07 07:17:41.367,1.1881,1.18815,2.89,1.50
2015.01.07 07:17:42.802,1.18813,1.18815,1.00,1.46
2015.01.07 07:17:43.061,1.18818,1.1882,1.50,1.00
2015.01.07 07:17:43.568,1.18818,1.18822,3.00,2.62
2015.01.07 07:17:44.583,1.18819,1.18822,1.00,1.00
2015.01.07 07:17:47.015,1.18818,1.18822,3.00,1.10
2015.01.07 07:17:47.813,1.18818,1.1882,3.75,1.12
2015.01.07 07:17:47.864,1.18816,1.18819,1.10,1.00
2015.01.07 07:17:47.915,1.18815,1.18817,3.37,1.12
2015.01.07 07:17:48.117,1.18813,1.18815,1.12,1.00
2015.01.07 07:17:48.219,1.18811,1.18815,1.10,2.25
2015.01.07 07:17:49.095,1.18812,1.18813,1.00,1.00
2015.01.07 07:17:51.959,1.18811,1.18813,1.50,1.00
2015.01.07 07:17:52.264,1.18817,1.18818,2.25,3.82
2015.01.07 07:17:52.416,1.18814,1.18817,1.00,1.47
2015.01.07 07:17:52.517,1.18812,1.18816,1.00,1.50
2015.01.07 07:17:53.626,1.1881,1.18814,1.12,2.25
2015.01.07 07:17:54.143,1.18809,1.18814,2.25,3.00
2015.01.07 07:17:54.648,1.18809,1.18813,1.50,1.00
2015.01.07 07:17:55.161,1.1881,1.18814,2.25,1.50
2015.01.07 07:17:55.565,1.18812,1.18814,1.00,1.00
2015.01.07 07:17:55.769,1.18812,1.18816,1.00,1.69
2015.01.07 07:17:56.277,1.18811,1.18815,1.00,1.10
2015.01.07 07:17:58.740,1.18811,1.18814,1.00,1.50
2015.01.07 07:17:59.093,1.18805,1.18809,3.00,2.32
2015.01.07 07:18:01.263,1.18807,1.18809,1.50,1.12
2015.01.07 07:18:01.314,1.18809,1.1881,1.87,1.00
2015.01.07 07:18:01.465,1.18807,1.18809,1.50,1.00
2015.01.07 07:18:01.668,1.18805,1.18808,2.25,3.26
2015.01.07 07:18:01.719,1.18804,1.18806,1.69,1.00
2015.01.07 07:18:02.345,1.18804,1.18807,1.50,3.19
2015.01.07 07:18:02.497,1.18804,1.18807,1.00,1.10
2015.01.07 07:18:02.548,1.18807,1.18809,1.50,2.62
2015.01.07 07:18:02.701,1.18807,1.1881,1.50,3.37
2015.01.07 07:18:02.954,1.18804,1.18809,4.31,2.62
2015.01.07 07:18:03.207,1.18803,1.18805,1.12,1.00
2015.01.07 07:18:03.511,1.18803,1.18807,3.56,1.12
2015.01.07 07:18:03.915,1.18804,1.18807,1.69,1.10
2015.01.07 07:18:04.016,1.18804,1.18809,11.13,1.50
2015.01.07 07:18:04.168,1.18805,1.1881,6.19,3.68
2015.01.07 07:18:04.674,1.18805,1.18809,2.06,1.12
2015.01.07 07:18:04.936,1.18805,1.18809,2.87,1.12
2015.01.07 07:18:05.138,1.18807,1.18811,1.69,1.57
2015.01.07 07:18:05.542,1.18806,1.1881,1.50,1.31
2015.01.07 07:18:05.694,1.18805,1.18806,1.00,1.00
2015.01.07 07:18:05.796,1.18803,1.18805,1.12,1.00
2015.01.07 07:18:07.010,1.18802,1.18805,1.00,1.00
2015.01.07 07:18:07.546,1.18801,1.18805,1.50,1.01
2015.01.07 07:18:07.698,1.188,1.18803,3.00,1.12
2015.01.07 07:18:08.001,1.18802,1.18805,1.00,4.57
2015.01.07 07:18:08.810,1.18802,1.18805,1.37,1.50
2015.01.07 07:18:09.923,1.18802,1.18805,1.00,1.00
2015.01.07 07:18:13.915,1.18803,1.18805,1.00,1.12
2015.01.07 07:18:13.966,1.18805,1.18808,1.00,3.37
2015.01.07 07:18:14.068,1.18802,1.18807,1.10,1.87
2015.01.07 07:18:14.574,1.18802,1.18805,1.12,1.00
2015.01.07 07:18:15.542,1.18802,1.18806,1.12,1.12
2015.01.07 07:18:16.846,1.18806,1.18809,4.35,1.50
2015.01.07 07:18:16.948,1.18808,1.18811,4.50,1.00
2015.01.07 07:18:17.302,1.18809,1.18813,1.10,2.44
2015.01.07 07:18:17.851,1.1881,1.18813,1.00,2.44
2015.01.07 07:18:18.356,1.18809,1.18813,1.10,2.44
2015.01.07 07:18:18.710,1.18809,1.18813,1.87,1.69
2015.01.07 07:18:20.237,1.18803,1.18805,1.50,1.00
2015.01.07 07:18:20.747,1.18801,1.18803,1.50,1.00
2015.01.07 07:18:23.742,1.188,1.18803,4.31,1.00
2015.01.07 07:18:24.047,1.18798,1.18802,4.87,1.00
2015.01.07 07:18:24.199,1.18797,1.18799,1.87,1.87
2015.01.07 07:18:24.300,1.18795,1.18798,7.12,1.00
2015.01.07 07:18:24.402,1.18795,1.18797,4.50,1.37
2015.01.07 07:18:24.927,1.1879,1.18794,4.12,1.00
2015.01.07 07:18:27.791,1.18793,1.18794,1.30,1.00
2015.01.07 07:18:27.842,1.18796,1.18797,3.00,1.57
2015.01.07 07:18:27.944,1.18798,1.188,3.75,1.00
2015.01.07 07:18:28.898,1.18799,1.18801,1.50,1.00
2015.01.07 07:18:29.403,1.18798,1.18801,1.50,3.04
2015.01.07 07:18:29.455,1.18796,1.18801,2.36,3.86
2015.01.07 07:18:29.557,1.18796,1.18798,1.16,1.50
2015.01.07 07:18:29.861,1.18791,1.18795,1.95,1.50
2015.01.07 07:18:31.665,1.18791,1.18796,2.89,3.37
2015.01.07 07:18:32.172,1.18791,1.18795,1.37,1.95
2015.01.07 07:18:33.654,1.18791,1.18795,1.37,2.51
2015.01.07 07:18:34.100,1.1879,1.18794,3.07,1.50
2015.01.07 07:18:34.303,1.1879,1.18792,3.07,1.00
2015.01.07 07:18:34.557,1.18789,1.18792,2.89,1.50
2015.01.07 07:18:34.760,1.18789,1.18792,1.37,3.49
2015.01.07 07:18:35.270,1.1879,1.18793,2.62,1.29
2015.01.07 07:18:36.079,1.1879,1.18792,1.00,1.69
2015.01.07 07:18:36.332,1.18787,1.1879,3.07,2.25
2015.01.07 07:18:36.433,1.18788,1.18792,3.75,3.19
2015.01.07 07:18:36.939,1.18789,1.18793,1.50,3.41
2015.01.07 07:18:37.444,1.18789,1.18793,2.81,1.31
2015.01.07 07:18:37.949,1.18789,1.18794,2.81,4.91
2015.01.07 07:18:39.373,1.18789,1.18794,3.56,5.66
2015.01.07 07:18:39.726,1.18792,1.18794,2.10,2.51
2015.01.07 07:18:39.828,1.1879,1.18794,5.44,1.76
2015.01.07 07:18:40.639,1.1879,1.18794,6.04,1.57
2015.01.07 07:18:46.472,1.18795,1.18797,1.50,2.50
2015.01.07 07:18:46.524,1.18794,1.18799,4.76,2.62
2015.01.07 07:18:46.576,1.18794,1.18797,1.20,1.00
2015.01.07 07:18:50.647,1.18793,1.18798,2.62,1.50
2015.01.07 07:18:50.950,1.18796,1.18798,1.37,1.50
2015.01.07 07:18:51.152,1.18797,1.188,1.50,1.00
2015.01.07 07:18:51.355,1.18795,1.18798,1.12,1.00
2015.01.07 07:18:51.860,1.18794,1.18798,1.00,1.50
2015.01.07 07:18:53.626,1.18796,1.18798,1.50,1.00
2015.01.07 07:18:54.054,1.18799,1.18802,1.00,1.00
2015.01.07 07:18:54.157,1.18798,1.188,1.87,1.19
2015.01.07 07:18:54.259,1.18797,1.18799,1.10,1.31
2015.01.07 07:18:54.310,1.18795,1.18799,1.00,2.51
2015.01.07 07:18:55.033,1.18794,1.18798,1.50,1.25
2015.01.07 07:18:55.186,1.18794,1.18796,1.00,1.00
2015.01.07 07:18:55.692,1.18794,1.18796,1.00,1.50
2015.01.07 07:18:56.893,1.18794,1.18797,2.62,1.42
2015.01.07 07:18:56.995,1.18794,1.18798,3.37,2.51
2015.01.07 07:18:57.351,1.18797,1.18798,2.10,1.00
2015.01.07 07:18:57.655,1.188,1.18804,1.12,1.80
2015.01.07 07:18:57.706,1.188,1.18804,1.50,1.00
2015.01.07 07:18:58.212,1.188,1.18805,1.50,2.47
2015.01.07 07:19:00.037,1.188,1.18804,1.87,1.00
2015.01.07 07:19:00.494,1.188,1.18802,1.12,1.00
2015.01.07 07:19:00.698,1.18798,1.18802,6.00,1.00
2015.01.07 07:19:01.204,1.18799,1.18803,1.00,1.87
2015.01.07 07:19:04.450,1.18799,1.18802,1.00,1.12
2015.01.07 07:19:05.790,1.18798,1.18801,5.25,2.17
2015.01.07 07:19:05.841,1.18798,1.18801,3.75,3.22
2015.01.07 07:19:08.565,1.18798,1.188,3.75,1.15
2015.01.07 07:19:13.006,1.18798,1.18802,3.75,5.29
2015.01.07 07:19:17.434,1.18798,1.188,1.50,1.25
2015.01.07 07:19:18.672,1.18798,1.18801,4.50,4.16
2015.01.07 07:19:19.265,1.18798,1.18801,3.75,4.95
2015.01.07 07:19:19.809,1.18798,1.18801,3.00,4.95
2015.01.07 07:19:20.444,1.18798,1.18801,1.50,4.95
2015.01.07 07:19:22.072,1.18798,1.18801,3.00,6.79
2015.01.07 07:19:22.577,1.18798,1.18801,3.00,4.91
2015.01.07 07:19:24.463,1.18798,1.18801,3.00,1.12
2015.01.07 07:19:24.975,1.18798,1.18801,3.00,1.37
2015.01.07 07:19:26.212,1.18798,1.18801,3.00,1.50
2015.01.07 07:19:29.796,1.188,1.18802,1.00,4.01
2015.01.07 07:19:30.150,1.18801,1.18803,1.00,1.50
2015.01.07 07:19:31.189,1.18801,1.18804,1.00,4.76
2015.01.07 07:19:31.694,1.188,1.18804,1.00,4.76
2015.01.07 07:19:31.846,1.18803,1.18804,1.00,1.87
2015.01.07 07:19:32.149,1.18805,1.18807,1.00,2.10
2015.01.07 07:19:32.200,1.18804,1.18807,1.37,3.22
2015.01.07 07:19:32.544,1.18802,1.18807,2.25,1.57
2015.01.07 07:19:33.049,1.18802,1.18806,1.00,1.39
2015.01.07 07:19:33.353,1.188,1.18803,1.12,1.00
2015.01.07 07:19:33.858,1.18799,1.18803,1.50,5.74
2015.01.07 07:19:34.815,1.188,1.18802,1.00,2.06
2015.01.07 07:19:35.120,1.18802,1.18804,2.25,1.50
2015.01.07 07:19:35.626,1.18801,1.18803,1.50,1.00
2015.01.07 07:19:36.134,1.18801,1.18803,1.12,1.87
2015.01.07 07:19:36.640,1.18801,1.18802,1.00,1.00
2015.01.07 07:19:37.482,1.188,1.18802,1.00,1.00
2015.01.07 07:19:37.996,1.18801,1.18802,1.00,1.00
2015.01.07 07:19:39.187,1.18799,1.188,6.00,1.12
2015.01.07 07:19:39.491,1.18801,1.18803,2.25,1.95
2015.01.07 07:19:40.010,1.18802,1.18803,1.00,1.00
2015.01.07 07:19:40.933,1.18802,1.18804,3.37,1.12
2015.01.07 07:19:41.447,1.18803,1.18804,2.25,1.00
2015.01.07 07:19:41.952,1.18803,1.18806,1.00,2.32
2015.01.07 07:19:42.769,1.18802,1.18803,1.50,1.00
2015.01.07 07:19:43.275,1.18801,1.18802,1.00,1.00
2015.01.07 07:19:46.990,1.188,1.18801,1.00,1.00
2015.01.07 07:19:47.958,1.18798,1.18801,4.50,2.25
2015.01.07 07:19:48.817,1.18798,1.18801,3.00,4.42
2015.01.07 07:19:50.147,1.18798,1.18799,3.00,2.10
2015.01.07 07:19:50.552,1.18798,1.18799,3.00,2.44
2015.01.07 07:19:52.651,1.18797,1.18798,1.00,1.00
2015.01.07 07:19:53.157,1.18798,1.18799,3.00,1.10
2015.01.07 07:19:57.246,1.18798,1.18799,3.00,1.57
2015.01.07 07:19:57.500,1.18798,1.188,4.50,1.00
2015.01.07 07:20:00.260,1.18799,1.188,1.00,1.12
2015.01.07 07:20:00.913,1.18799,1.18801,1.12,1.87
2015.01.07 07:20:04.281,1.18798,1.188,2.62,10.09
2015.01.07 07:20:04.332,1.18795,1.18796,6.75,1.12
2015.01.07 07:20:04.433,1.18794,1.18796,2.62,1.50
2015.01.07 07:20:05.824,1.18796,1.18797,1.10,1.00
2015.01.07 07:20:06.128,1.18793,1.18795,1.10,1.00
2015.01.07 07:20:06.645,1.18792,1.18795,2.06,1.12
2015.01.07 07:20:07.306,1.18792,1.18794,1.55,1.00
2015.01.07 07:20:07.615,1.18793,1.18794,1.00,1.00
2015.01.07 07:20:08.122,1.18792,1.18794,1.00,1.00
2015.01.07 07:20:08.959,1.18792,1.18793,1.00,1.00
2015.01.07 07:20:09.262,1.18789,1.18792,1.50,1.31
2015.01.07 07:20:09.465,1.18789,1.18791,1.00,3.56
2015.01.07 07:20:10.676,1.18788,1.18791,4.57,2.61
2015.01.07 07:20:11.032,1.18786,1.18787,1.69,1.50
2015.01.07 07:20:11.083,1.18781,1.18783,1.69,1.50
2015.01.07 07:20:14.069,1.18781,1.18783,1.00,1.00
2015.01.07 07:20:19.879,1.18782,1.18784,2.85,1.25
2015.01.07 07:20:20.183,1.18786,1.18788,2.10,1.10
2015.01.07 07:20:20.285,1.18788,1.1879,1.50,3.45
2015.01.07 07:20:20.790,1.18785,1.18789,3.75,1.12
2015.01.07 07:20:21.296,1.18785,1.18789,1.50,1.50
2015.01.07 07:20:21.800,1.18785,1.18789,1.50,4.56
2015.01.07 07:20:22.305,1.18784,1.18788,1.00,3.94
2015.01.07 07:20:22.811,1.18784,1.18786,1.00,1.50
2015.01.07 07:20:23.317,1.18784,1.18786,1.00,2.25
2015.01.07 07:20:24.326,1.18784,1.18786,1.00,1.50
2015.01.07 07:20:25.475,1.18783,1.18784,1.00,1.00
2015.01.07 07:20:25.526,1.18783,1.18784,1.00,1.00
2015.01.07 07:20:26.032,1.18782,1.18784,1.25,1.00
2015.01.07 07:20:31.916,1.18783,1.18784,1.00,1.00
2015.01.07 07:20:35.465,1.18783,1.18785,1.35,1.00
2015.01.07 07:20:35.616,1.18785,1.18787,1.00,2.21
2015.01.07 07:20:35.921,1.18789,1.1879,2.85,1.50
2015.01.07 07:20:36.023,1.18789,1.1879,1.00,1.00
2015.01.07 07:20:36.175,1.18789,1.18793,3.37,1.50
2015.01.07 07:20:36.377,1.1879,1.18793,2.55,1.00
2015.01.07 07:20:36.735,1.18792,1.18795,3.00,1.25
2015.01.07 07:20:37.588,1.18793,1.18795,2.55,1.00
2015.01.07 07:20:37.893,1.18796,1.18799,1.00,2.06
2015.01.07 07:20:38.197,1.18798,1.18799,1.00,1.87
2015.01.07 07:20:38.248,1.18798,1.188,2.87,1.35
2015.01.07 07:20:38.766,1.18799,1.18802,1.50,1.00
2015.01.07 07:20:40.002,1.18801,1.18802,1.00,1.00
2015.01.07 07:20:40.511,1.188,1.18802,1.57,1.00
2015.01.07 07:20:40.816,1.18795,1.18798,1.57,2.25
2015.01.07 07:20:40.867,1.18794,1.18796,1.05,1.00
2015.01.07 07:20:40.970,1.18793,1.18795,1.20,1.00
2015.01.07 07:20:42.891,1.18794,1.18795,1.00,1.00
2015.01.07 07:20:43.397,1.1879,1.18794,1.50,1.50
2015.01.07 07:20:44.568,1.18785,1.18787,16.12,1.87
2015.01.07 07:20:44.619,1.18782,1.18787,2.06,4.69
2015.01.07 07:20:45.156,1.18782,1.18786,2.01,1.00
2015.01.07 07:20:45.663,1.18782,1.18785,1.07,1.46
2015.01.07 07:20:46.169,1.18782,1.18785,1.10,2.81
2015.01.07 07:20:49.606,1.18782,1.18784,1.12,1.50
2015.01.07 07:20:50.685,1.18782,1.18784,1.00,1.00
2015.01.07 07:20:51.192,1.18782,1.18784,1.00,1.50
2015.01.07 07:20:52.094,1.1878,1.18784,3.56,2.66
2015.01.07 07:20:52.145,1.18781,1.18783,1.10,1.12
2015.01.07 07:20:52.965,1.1878,1.18783,2.44,3.97
2015.01.07 07:20:55.861,1.1878,1.18783,1.87,2.21
2015.01.07 07:20:58.295,1.18781,1.18782,1.00,1.00
2015.01.07 07:21:00.197,1.1878,1.18782,1.87,1.00
2015.01.07 07:21:01.864,1.1878,1.18781,1.12,1.00
2015.01.07 07:21:02.066,1.18778,1.18781,1.10,6.30
2015.01.07 07:21:02.571,1.18778,1.18781,3.82,1.87
2015.01.07 07:21:05.228,1.18779,1.18781,1.00,2.06
2015.01.07 07:21:07.278,1.18779,1.1878,1.00,1.50
2015.01.07 07:21:07.792,1.18779,1.18781,1.10,1.87
2015.01.07 07:21:07.842,1.18778,1.18779,3.30,2.62
2015.01.07 07:21:07.994,1.18773,1.18774,1.00,1.00
2015.01.07 07:21:08.499,1.18771,1.18774,1.19,1.00
2015.01.07 07:21:09.008,1.18771,1.18774,1.00,1.00
2015.01.07 07:21:11.257,1.18771,1.18773,1.00,1.00
2015.01.07 07:21:12.032,1.18771,1.18774,1.00,2.44
2015.01.07 07:21:12.841,1.18772,1.18774,1.00,2.44
2015.01.07 07:21:15.764,1.18772,1.18773,1.00,1.00
2015.01.07 07:21:17.026,1.1877,1.18773,2.32,2.25
2015.01.07 07:21:20.149,1.1877,1.18773,4.39,1.50
2015.01.07 07:21:20.738,1.1877,1.18773,4.57,2.29
2015.01.07 07:21:21.344,1.1877,1.18773,2.81,2.25
2015.01.07 07:21:25.205,1.18771,1.18774,2.44,1.00
2015.01.07 07:21:25.712,1.18771,1.18773,1.00,1.15
2015.01.07 07:21:26.217,1.1877,1.18773,3.94,1.00
2015.01.07 07:21:26.723,1.18771,1.18773,1.00,1.00
2015.01.07 07:21:27.228,1.1877,1.18773,4.69,1.50
2015.01.07 07:21:27.733,1.18771,1.18773,1.00,1.50
2015.01.07 07:21:28.766,1.1877,1.18773,2.44,3.97
2015.01.07 07:21:29.692,1.18771,1.18773,1.69,1.00
2015.01.07 07:21:30.198,1.1877,1.18772,3.00,1.00
2015.01.07 07:21:30.704,1.1877,1.18773,3.37,1.50
2015.01.07 07:21:31.210,1.18771,1.18773,1.00,2.25
2015.01.07 07:21:32.587,1.1877,1.18771,2.62,1.25
2015.01.07 07:21:32.690,1.1877,1.18771,1.12,2.44
2015.01.07 07:21:32.994,1.18768,1.18771,5.25,2.25
2015.01.07 07:21:36.409,1.1877,1.18771,1.00,1.00
2015.01.07 07:21:36.460,1.18768,1.18771,5.32,1.00
2015.01.07 07:21:36.907,1.1877,1.18772,1.00,2.25
2015.01.07 07:21:40.570,1.18771,1.18772,1.00,1.00
2015.01.07 07:21:41.126,1.18772,1.18774,1.00,1.57
2015.01.07 07:21:41.178,1.18772,1.18774,1.00,2.25
2015.01.07 07:21:42.868,1.18772,1.18774,1.00,1.00
2015.01.07 07:21:44.048,1.18771,1.18774,1.00,1.00
2015.01.07 07:21:45.070,1.18773,1.18776,2.10,1.42
2015.01.07 07:21:45.173,1.18778,1.18779,3.37,1.50
2015.01.07 07:21:45.224,1.18779,1.18781,1.50,3.82
2015.01.07 07:21:45.326,1.1878,1.18782,1.50,1.50
2015.01.07 07:21:45.832,1.1878,1.18782,5.74,1.00
2015.01.07 07:21:46.136,1.18782,1.18786,2.06,3.30
2015.01.07 07:21:46.187,1.18786,1.18788,3.00,3.37
2015.01.07 07:21:46.238,1.18788,1.18789,3.00,1.57
2015.01.07 07:21:46.548,1.1879,1.18793,1.00,3.00
2015.01.07 07:21:46.598,1.1879,1.18793,1.00,2.25
2015.01.07 07:21:47.110,1.1879,1.18793,1.12,1.12
2015.01.07 07:21:47.639,1.1879,1.18793,1.00,1.00
2015.01.07 07:21:47.690,1.18789,1.18792,1.10,3.00
2015.01.07 07:21:47.791,1.18788,1.18792,1.50,5.73
2015.01.07 07:21:47.943,1.18786,1.18789,1.00,3.41
2015.01.07 07:21:48.146,1.18784,1.18789,1.10,5.06
2015.01.07 07:21:48.297,1.18784,1.18788,1.00,3.00
2015.01.07 07:21:49.823,1.18784,1.18788,1.00,4.56
2015.01.07 07:21:50.324,1.18784,1.18788,1.00,4.19
2015.01.07 07:21:50.830,1.18784,1.18785,1.00,1.00
2015.01.07 07:21:51.235,1.18782,1.18787,2.81,1.50
2015.01.07 07:21:51.799,1.18782,1.18787,2.51,1.57
2015.01.07 07:21:52.305,1.18782,1.18786,2.51,1.00
2015.01.07 07:21:52.818,1.18782,1.18785,2.51,1.00
2015.01.07 07:21:54.075,1.18782,1.18786,2.32,1.50
2015.01.07 07:21:54.582,1.18782,1.18785,1.57,1.00
2015.01.07 07:21:56.341,1.18782,1.18786,1.57,1.50
2015.01.07 07:21:56.866,1.18782,1.18785,1.57,1.00
2015.01.07 07:21:59.266,1.18782,1.18786,1.57,1.50
2015.01.07 07:21:59.874,1.18782,1.18785,1.57,1.00
2015.01.07 07:22:01.136,1.18782,1.18786,1.57,1.50
2015.01.07 07:22:01.674,1.18782,1.18785,1.57,1.00
2015.01.07 07:22:06.540,1.18781,1.18785,1.87,3.74
2015.01.07 07:22:06.994,1.1878,1.18785,4.39,2.70
2015.01.07 07:22:07.536,1.18781,1.18785,1.00,3.45
2015.01.07 07:22:09.848,1.18781,1.18785,1.10,3.37
2015.01.07 07:22:12.809,1.18781,1.18784,1.10,1.50
2015.01.07 07:22:13.648,1.1878,1.18784,2.51,1.50
2015.01.07 07:22:14.156,1.18781,1.18784,1.00,1.00
2015.01.07 07:22:14.665,1.18781,1.18786,1.57,3.82
2015.01.07 07:22:15.942,1.18781,1.18783,1.00,1.69
2015.01.07 07:22:15.993,1.18779,1.18783,1.10,2.44
2015.01.07 07:22:16.348,1.18778,1.18782,3.75,2.62
2015.01.07 07:22:21.979,1.18778,1.18782,2.25,3.64
2015.01.07 07:22:25.592,1.18778,1.18782,3.26,1.50
2015.01.07 07:22:25.896,1.18788,1.1879,4.50,1.50
2015.01.07 07:22:26.048,1.18788,1.18791,3.75,1.12
2015.01.07 07:22:26.655,1.18788,1.18791,4.87,1.12
2015.01.07 07:22:28.939,1.18786,1.18787,3.75,1.25
2015.01.07 07:22:28.995,1.18783,1.18787,1.20,2.06
2015.01.07 07:22:31.101,1.18782,1.18786,2.25,1.12
2015.01.07 07:22:32.375,1.18783,1.18786,1.00,1.12
2015.01.07 07:22:32.830,1.18785,1.18788,1.00,4.91
2015.01.07 07:22:33.395,1.18784,1.18788,1.50,4.91
2015.01.07 07:22:37.410,1.18783,1.18788,3.37,2.66
2015.01.07 07:22:37.714,1.18785,1.18789,1.50,4.69
2015.01.07 07:22:38.018,1.18788,1.18789,1.16,1.05
2015.01.07 07:22:38.169,1.18789,1.18792,2.71,1.50
2015.01.07 07:22:38.524,1.18789,1.18793,3.94,3.37
2015.01.07 07:22:39.030,1.18791,1.18794,1.25,1.50
2015.01.07 07:22:42.177,1.18787,1.18788,1.12,1.10
2015.01.07 07:22:42.229,1.18785,1.18788,1.12,1.10
2015.01.07 07:22:42.735,1.18785,1.18788,1.00,2.62
2015.01.07 07:22:43.263,1.18784,1.18787,1.00,1.10
2015.01.07 07:22:43.720,1.18784,1.18785,1.00,1.00
2015.01.07 07:22:43.821,1.18781,1.18784,2.06,1.00
2015.01.07 07:22:43.872,1.1878,1.18784,4.20,1.12
2015.01.07 07:22:44.378,1.1878,1.18783,2.62,1.00
2015.01.07 07:22:45.667,1.1878,1.18783,3.19,1.00
2015.01.07 07:22:45.870,1.18782,1.18785,1.25,1.12
2015.01.07 07:22:46.175,1.18784,1.18786,1.00,2.25
2015.01.07 07:22:46.226,1.18784,1.18787,1.00,1.95
2015.01.07 07:22:46.731,1.18783,1.18786,1.10,1.12
2015.01.07 07:22:47.284,1.18781,1.18785,1.87,1.12
2015.01.07 07:22:47.742,1.18784,1.18786,2.10,1.80
2015.01.07 07:22:47.946,1.18789,1.18791,1.00,1.12
2015.01.07 07:22:48.250,1.18791,1.18793,1.00,1.00
2015.01.07 07:22:48.301,1.18791,1.18793,1.00,1.00
2015.01.07 07:22:51.533,1.1879,1.18793,1.12,1.00
2015.01.07 07:22:55.752,1.18792,1.18793,1.00,1.50
2015.01.07 07:22:56.057,1.18795,1.18798,1.12,2.44
2015.01.07 07:22:56.260,1.18794,1.18797,1.00,1.39
2015.01.07 07:22:56.464,1.18797,1.18799,2.25,1.05
2015.01.07 07:22:57.173,1.18798,1.18799,2.25,1.20
2015.01.07 07:22:57.477,1.18796,1.18799,2.77,1.12
2015.01.07 07:22:57.528,1.18798,1.18799,1.00,1.12
2015.01.07 07:22:58.579,1.18798,1.188,4.12,1.10
2015.01.07 07:22:59.125,1.18798,1.18801,2.62,1.39
2015.01.07 07:22:59.630,1.18798,1.188,3.75,1.31
2015.01.07 07:23:00.343,1.18798,1.18801,4.50,1.95
2015.01.07 07:23:01.850,1.18796,1.18799,2.06,1.00
2015.01.07 07:23:02.003,1.18794,1.18798,1.20,3.07
2015.01.07 07:23:02.054,1.18794,1.18796,1.10,1.00
2015.01.07 07:23:02.448,1.18792,1.18795,1.01,1.00
2015.01.07 07:23:02.957,1.18791,1.18795,1.69,2.25
2015.01.07 07:23:04.375,1.18792,1.18795,1.00,1.50
2015.01.07 07:23:06.508,1.18792,1.18794,1.00,1.00
2015.01.07 07:23:07.013,1.18792,1.18795,1.10,2.25
2015.01.07 07:23:13.013,1.18793,1.18795,1.00,4.12
2015.01.07 07:23:13.064,1.18796,1.18797,1.00,3.45
2015.01.07 07:23:13.217,1.18795,1.18797,3.00,1.00
2015.01.07 07:23:14.311,1.18795,1.18798,3.56,1.00
2015.01.07 07:23:14.565,1.18798,1.18801,1.00,3.64
2015.01.07 07:23:15.473,1.18798,1.188,1.50,2.62
2015.01.07 07:23:16.376,1.18796,1.18797,6.00,1.50
2015.01.07 07:23:16.427,1.18792,1.18795,2.81,1.00
2015.01.07 07:23:18.073,1.18792,1.18795,2.25,1.00
2015.01.07 07:23:23.445,1.18793,1.18795,1.12,1.00
2015.01.07 07:23:24.536,1.18796,1.18797,2.66,1.50
2015.01.07 07:23:24.638,1.18796,1.18799,2.66,2.14
2015.01.07 07:23:25.565,1.18796,1.18799,4.39,1.87
2015.01.07 07:23:26.070,1.18797,1.188,3.67,1.00
2015.01.07 07:23:27.181,1.18797,1.188,6.18,1.00
2015.01.07 07:23:27.562,1.18795,1.18799,1.12,2.44
2015.01.07 07:23:28.068,1.18795,1.18798,1.12,1.00
2015.01.07 07:23:28.725,1.18795,1.18797,1.50,1.00
2015.01.07 07:23:29.515,1.18793,1.18796,2.06,1.00
2015.01.07 07:23:30.070,1.18792,1.18795,1.12,1.00
2015.01.07 07:23:33.943,1.18791,1.18795,3.26,2.62
2015.01.07 07:23:34.099,1.18793,1.18796,1.12,2.89
2015.01.07 07:23:34.403,1.18795,1.18798,1.50,3.94
2015.01.07 07:23:34.960,1.18796,1.18798,1.00,1.69
2015.01.07 07:23:35.466,1.18796,1.18798,1.00,1.39
2015.01.07 07:23:35.820,1.18794,1.18797,2.32,1.00
2015.01.07 07:23:36.327,1.18793,1.18796,1.10,1.12
2015.01.07 07:23:37.590,1.18794,1.18796,2.10,1.12
2015.01.07 07:23:37.691,1.18797,1.18799,2.50,3.07
2015.01.07 07:23:37.845,1.18796,1.18799,3.56,1.01
2015.01.07 07:23:38.350,1.18797,1.188,3.97,2.81
2015.01.07 07:23:38.881,1.18798,1.188,1.00,2.81
2015.01.07 07:23:39.653,1.18798,1.188,1.00,2.44
2015.01.07 07:23:39.703,1.18797,1.188,5.10,2.44
2015.01.07 07:23:40.108,1.188,1.18801,1.50,1.00
2015.01.07 07:23:40.260,1.188,1.18802,1.00,1.00
2015.01.07 07:23:47.089,1.18801,1.18803,1.50,4.54
2015.01.07 07:23:47.191,1.18803,1.18805,1.00,9.00
2015.01.07 07:23:47.294,1.18806,1.18808,3.44,7.12
2015.01.07 07:23:47.802,1.18805,1.18807,1.00,1.00
2015.01.07 07:23:48.259,1.18806,1.18808,2.25,1.01
2015.01.07 07:23:51.152,1.18805,1.18807,2.62,1.00
2015.01.07 07:23:51.255,1.18803,1.18806,3.82,1.00
2015.01.07 07:23:52.503,1.18806,1.18808,1.00,4.05
2015.01.07 07:23:53.009,1.18807,1.18809,1.00,4.24
2015.01.07 07:23:53.515,1.18804,1.18806,3.75,1.00
2015.01.07 07:23:53.617,1.18803,1.18806,3.00,1.00
2015.01.07 07:23:54.119,1.18802,1.18804,1.00,1.00
2015.01.07 07:23:54.170,1.188,1.18804,3.56,1.00
2015.01.07 07:23:56.235,1.18801,1.18805,1.00,5.51
2015.01.07 07:23:56.437,1.18803,1.18805,1.00,3.07
2015.01.07 07:23:56.942,1.18802,1.18806,3.37,1.87
2015.01.07 07:23:57.448,1.18803,1.18806,1.25,1.87
2015.01.07 07:23:57.952,1.18803,1.18806,3.37,1.12
2015.01.07 07:23:58.458,1.18805,1.18807,2.62,1.05
2015.01.07 07:24:00.000,1.18807,1.18809,1.50,1.42
2015.01.07 07:24:00.772,1.18806,1.18808,4.65,1.12
2015.01.07 07:24:01.290,1.18807,1.18809,1.50,2.36
2015.01.07 07:24:03.406,1.18806,1.18808,5.40,1.12
2015.01.07 07:24:03.951,1.18807,1.18809,1.50,1.42
2015.01.07 07:24:05.052,1.18807,1.18811,3.00,2.44
2015.01.07 07:24:05.602,1.18808,1.1881,1.00,1.55
2015.01.07 07:24:07.615,1.18809,1.18812,2.10,5.14
2015.01.07 07:24:07.666,1.18809,1.18812,3.60,1.76
2015.01.07 07:24:08.424,1.18809,1.18813,2.25,1.01
2015.01.07 07:24:08.935,1.1881,1.18813,1.00,1.10
2015.01.07 07:24:10.833,1.18809,1.18813,4.12,1.10
2015.01.07 07:24:11.186,1.18811,1.18813,1.00,1.10
2015.01.07 07:24:11.439,1.18815,1.18818,1.00,1.12
2015.01.07 07:24:11.540,1.18815,1.18818,6.56,1.00
2015.01.07 07:24:11.743,1.18819,1.18823,1.50,2.74
2015.01.07 07:24:12.980,1.18823,1.18824,1.00,1.12
2015.01.07 07:24:13.184,1.18824,1.18827,1.50,1.31
2015.01.07 07:24:13.487,1.18826,1.18827,1.00,1.05
2015.01.07 07:24:13.639,1.18825,1.18828,1.50,1.10
2015.01.07 07:24:14.146,1.18826,1.18829,2.62,1.00
2015.01.07 07:24:14.706,1.18824,1.18827,2.25,2.85
2015.01.07 07:24:14.858,1.18824,1.18826,1.00,2.25
2015.01.07 07:24:15.161,1.18822,1.18824,1.00,1.00
2015.01.07 07:24:15.667,1.18821,1.18822,1.00,1.00
2015.01.07 07:24:17.822,1.18821,1.18823,1.50,1.00
2015.01.07 07:24:19.473,1.18821,1.18824,1.50,1.76
2015.01.07 07:24:20.313,1.1882,1.18824,2.25,1.76
2015.01.07 07:24:20.616,1.18822,1.18826,1.00,2.62
2015.01.07 07:24:25.879,1.18827,1.18828,1.00,1.00
2015.01.07 07:24:25.931,1.18825,1.18828,4.57,1.25
2015.01.07 07:24:26.539,1.18828,1.1883,1.00,4.12
2015.01.07 07:24:26.845,1.1883,1.18833,1.10,3.19
2015.01.07 07:24:27.050,1.18831,1.18833,1.00,3.19
2015.01.07 07:24:27.358,1.18835,1.18838,1.87,1.01
2015.01.07 07:24:27.915,1.18835,1.18838,1.12,2.81
2015.01.07 07:24:28.169,1.18833,1.18836,1.00,2.47
2015.01.07 07:24:28.219,1.18833,1.18836,1.00,1.87
2015.01.07 07:24:28.423,1.1883,1.18835,4.57,2.70
2015.01.07 07:24:28.626,1.1883,1.18834,3.45,1.19
2015.01.07 07:24:29.939,1.18831,1.18833,1.00,1.50
2015.01.07 07:24:30.444,1.18832,1.18834,1.00,1.10
2015.01.07 07:24:30.646,1.1883,1.18834,4.50,1.01
2015.01.07 07:24:31.331,1.18829,1.18831,1.10,1.00
2015.01.07 07:24:31.634,1.18825,1.18828,2.25,3.19
2015.01.07 07:24:32.039,1.18825,1.18827,1.10,1.19
2015.01.07 07:24:32.344,1.18823,1.18826,1.57,1.25
2015.01.07 07:24:32.854,1.18823,1.18825,1.10,1.00
2015.01.07 07:24:33.360,1.18826,1.18828,1.12,3.37
2015.01.07 07:24:33.665,1.1883,1.18833,1.50,1.50
2015.01.07 07:24:34.441,1.18831,1.18833,1.00,1.00
2015.01.07 07:24:34.946,1.18831,1.18835,1.00,6.94
2015.01.07 07:24:35.451,1.1883,1.18834,1.87,3.26
2015.01.07 07:24:35.958,1.1883,1.18833,1.50,1.57
2015.01.07 07:24:36.312,1.18829,1.18831,1.31,2.50
2015.01.07 07:24:36.669,1.18829,1.18832,1.12,1.25
2015.01.07 07:24:37.074,1.18831,1.18834,1.00,1.87
2015.01.07 07:24:37.613,1.18831,1.18834,1.00,1.00
2015.01.07 07:24:39.061,1.18844,1.18845,1.00,1.12
2015.01.07 07:24:39.117,1.18845,1.18847,1.00,1.57
2015.01.07 07:24:39.168,1.18846,1.18849,3.00,2.55
2015.01.07 07:24:39.473,1.18857,1.18858,3.00,4.12
2015.01.07 07:24:39.574,1.18859,1.18862,7.35,1.43
2015.01.07 07:24:39.676,1.18863,1.18864,1.25,4.50
2015.01.07 07:24:39.782,1.18864,1.18868,1.00,1.43
2015.01.07 07:24:39.833,1.18865,1.18868,2.25,1.38
2015.01.07 07:24:40.037,1.18869,1.18874,3.75,1.12
2015.01.07 07:24:40.190,1.18868,1.1887,2.70,4.12
2015.01.07 07:24:40.496,1.18872,1.18875,1.00,3.37
2015.01.07 07:24:40.800,1.18874,1.18876,1.00,1.57
2015.01.07 07:24:41.256,1.18876,1.18878,1.00,2.62
2015.01.07 07:24:41.560,1.18882,1.18883,1.50,3.00
2015.01.07 07:24:41.611,1.18882,1.18884,1.50,1.00
2015.01.07 07:24:41.662,1.18883,1.18886,1.00,1.12
2015.01.07 07:24:41.815,1.18884,1.18885,1.10,1.00
2015.01.07 07:24:41.866,1.18879,1.18881,3.00,4.50
2015.01.07 07:24:41.917,1.18878,1.1888,1.12,3.37
2015.01.07 07:24:42.018,1.18878,1.1888,1.00,3.75
2015.01.07 07:24:42.455,1.18882,1.18884,1.00,1.12
2015.01.07 07:24:42.910,1.18879,1.1888,1.10,4.50
2015.01.07 07:24:43.164,1.18876,1.18878,1.50,1.00
2015.01.07 07:24:43.369,1.18876,1.18879,1.50,1.00
2015.01.07 07:24:43.672,1.18878,1.1888,1.00,2.44
2015.01.07 07:24:43.925,1.18875,1.18879,1.50,3.60
2015.01.07 07:24:43.976,1.18874,1.18878,2.62,2.10
2015.01.07 07:24:44.178,1.18874,1.18879,1.95,2.92
2015.01.07 07:24:44.886,1.18877,1.1888,1.00,1.12
2015.01.07 07:24:45.139,1.18878,1.18881,1.00,3.11
2015.01.07 07:24:45.291,1.18876,1.18878,1.00,2.10
2015.01.07 07:24:45.392,1.18876,1.18878,1.57,2.29
2015.01.07 07:24:46.450,1.18874,1.18877,1.87,1.69
2015.01.07 07:24:46.501,1.18871,1.18874,1.42,2.44
2015.01.07 07:24:46.653,1.18867,1.18869,1.87,1.50
2015.01.07 07:24:46.704,1.18865,1.18868,5.92,1.00
2015.01.07 07:24:46.755,1.18865,1.18868,1.87,1.00
2015.01.07 07:24:46.857,1.18862,1.18866,3.19,9.79
2015.01.07 07:24:46.908,1.18862,1.18864,2.17,1.00
2015.01.07 07:24:47.009,1.18862,1.18863,1.50,1.00
2015.01.07 07:24:47.162,1.1886,1.18862,2.17,2.10
2015.01.07 07:24:47.415,1.18858,1.18859,3.00,1.57
2015.01.07 07:24:47.769,1.18859,1.18861,1.00,1.10
2015.01.07 07:24:48.275,1.18858,1.18861,3.00,1.12
2015.01.07 07:24:48.478,1.18856,1.18859,1.00,4.72
2015.01.07 07:24:48.529,1.18855,1.18858,2.62,1.00
2015.01.07 07:24:49.085,1.18855,1.18858,1.00,3.37
2015.01.07 07:24:51.280,1.18855,1.18858,1.00,1.50
2015.01.07 07:24:51.836,1.18856,1.18858,1.00,1.57
2015.01.07 07:24:52.039,1.18858,1.1886,3.00,3.00
2015.01.07 07:24:52.140,1.18856,1.18859,1.10,2.25
2015.01.07 07:24:52.343,1.18855,1.18857,1.00,1.00
2015.01.07 07:24:52.747,1.18856,1.18859,2.25,1.12
2015.01.07 07:24:53.050,1.1886,1.18862,1.47,1.00
2015.01.07 07:24:53.354,1.18856,1.18858,3.37,1.50
2015.01.07 07:24:53.405,1.18855,1.18857,2.25,1.00
2015.01.07 07:24:53.457,1.18853,1.18856,3.82,1.00
2015.01.07 07:24:53.963,1.18853,1.18856,2.10,3.07
2015.01.07 07:24:54.115,1.1886,1.18861,1.00,5.55
2015.01.07 07:24:54.216,1.18858,1.18861,1.00,3.22
2015.01.07 07:24:54.570,1.18856,1.18859,1.00,1.42
2015.01.07 07:24:55.425,1.18856,1.18859,1.50,3.17
2015.01.07 07:24:55.730,1.18854,1.18859,1.87,4.67
2015.01.07 07:24:56.236,1.18854,1.18857,1.00,1.50
2015.01.07 07:24:57.599,1.18855,1.18858,1.12,3.37
2015.01.07 07:24:57.701,1.18856,1.1886,2.25,7.57
2015.01.07 07:24:57.752,1.18857,1.1886,2.62,1.12
2015.01.07 07:24:58.257,1.18857,1.1886,1.12,1.50
2015.01.07 07:24:58.763,1.18859,1.18861,1.00,1.57
2015.01.07 07:24:59.495,1.18858,1.18861,1.37,8.24
2015.01.07 07:24:59.547,1.18855,1.1886,1.50,8.51
2015.01.07 07:24:59.749,1.18849,1.18852,5.25,1.50
2015.01.07 07:24:59.956,1.18849,1.18852,2.14,1.00
2015.01.07 07:25:00.463,1.18849,1.18852,1.25,1.12
2015.01.07 07:25:00.970,1.18849,1.18851,1.37,3.82
2015.01.07 07:25:01.021,1.18847,1.18849,2.47,1.00
2015.01.07 07:25:01.073,1.18847,1.18848,1.30,1.00
2015.01.07 07:25:01.124,1.18846,1.18847,1.50,1.00
2015.01.07 07:25:01.226,1.18844,1.18846,3.11,1.00
2015.01.07 07:25:01.757,1.18844,1.18847,1.34,1.87
2015.01.07 07:25:02.718,1.18845,1.18847,4.76,1.50
2015.01.07 07:25:02.921,1.18849,1.18851,1.00,1.12
2015.01.07 07:25:04.437,1.18849,1.18852,1.00,1.00
2015.01.07 07:25:04.741,1.18848,1.1885,3.82,1.35
2015.01.07 07:25:05.197,1.18847,1.18849,1.50,4.12
2015.01.07 07:25:05.503,1.18838,1.1884,3.75,1.31
2015.01.07 07:25:05.808,1.18834,1.18836,1.20,1.00
2015.01.07 07:25:05.910,1.18832,1.18835,1.87,1.50
2015.01.07 07:25:06.417,1.18833,1.18835,1.00,1.00
2015.01.07 07:25:06.671,1.18831,1.18834,1.00,1.00
2015.01.07 07:25:07.177,1.1883,1.18834,1.76,1.00
2015.01.07 07:25:07.279,1.18835,1.18836,5.10,1.20
2015.01.07 07:25:07.432,1.18838,1.18839,3.00,1.00
2015.01.07 07:25:07.859,1.18838,1.18841,3.75,1.00
2015.01.07 07:25:09.186,1.18838,1.1884,3.07,1.00
2015.01.07 07:25:09.441,1.18834,1.18838,1.57,2.25
2015.01.07 07:25:09.693,1.18834,1.18835,1.00,1.00
2015.01.07 07:25:10.097,1.18836,1.18839,3.75,1.50
2015.01.07 07:25:10.148,1.18836,1.18839,4.12,2.25
2015.01.07 07:25:10.350,1.18836,1.1884,1.00,2.25
2015.01.07 07:25:10.452,1.18838,1.1884,1.87,1.50
2015.01.07 07:25:10.654,1.18838,1.18842,5.25,1.57
2015.01.07 07:25:11.009,1.18838,1.18839,1.10,1.00
2015.01.07 07:25:11.111,1.18834,1.18837,2.32,1.00
2015.01.07 07:25:12.211,1.18836,1.18838,1.50,1.00
2015.01.07 07:25:12.414,1.18838,1.18842,5.25,1.12
2015.01.07 07:25:12.515,1.18838,1.18843,5.32,2.32
2015.01.07 07:25:12.617,1.18839,1.18843,2.44,1.10
2015.01.07 07:25:13.693,1.18839,1.18843,3.56,1.00
2015.01.07 07:25:14.866,1.18839,1.18843,5.13,1.37
2015.01.07 07:25:15.219,1.18839,1.18843,1.00,6.13
2015.01.07 07:25:15.421,1.18838,1.18842,3.00,1.76
2015.01.07 07:25:16.825,1.18836,1.18839,1.50,3.49
2015.01.07 07:25:16.880,1.18834,1.18838,1.00,1.80
2015.01.07 07:25:18.059,1.18834,1.18838,1.00,8.06
2015.01.07 07:25:19.994,1.18833,1.18837,1.00,2.32
2015.01.07 07:25:20.401,1.18831,1.18836,3.37,1.50
2015.01.07 07:25:20.816,1.18833,1.18836,1.50,1.50
2015.01.07 07:25:20.918,1.18833,1.18838,3.25,1.12
2015.01.07 07:25:21.120,1.18832,1.18837,3.26,1.57
2015.01.07 07:25:22.603,1.18837,1.18839,3.00,1.10
2015.01.07 07:25:22.858,1.18839,1.18841,1.00,1.00
2015.01.07 07:25:23.312,1.1884,1.18843,1.00,2.32
2015.01.07 07:25:23.969,1.18841,1.18843,1.00,2.32
2015.01.07 07:25:24.293,1.18839,1.18843,1.25,2.25
2015.01.07 07:25:24.748,1.18838,1.18841,4.12,2.62
2015.01.07 07:25:25.431,1.18837,1.18838,1.57,1.00
2015.01.07 07:25:25.756,1.18834,1.18836,1.00,1.12
2015.01.07 07:25:26.898,1.18837,1.18838,1.00,1.10
2015.01.07 07:25:27.050,1.18838,1.1884,2.25,3.00
2015.01.07 07:25:27.151,1.1884,1.18842,1.00,2.32
2015.01.07 07:25:27.657,1.18841,1.18843,1.00,2.32
2015.01.07 07:25:30.103,1.18835,1.18837,1.00,1.87
2015.01.07 07:25:30.875,1.18834,1.18837,1.31,1.37
2015.01.07 07:25:31.385,1.18835,1.18837,1.12,1.37
2015.01.07 07:25:32.019,1.18834,1.18837,1.62,1.50
2015.01.07 07:25:32.323,1.18838,1.18841,1.00,3.75
2015.01.07 07:25:32.728,1.18838,1.18841,5.44,1.10
2015.01.07 07:25:32.880,1.1884,1.18843,1.12,3.75
2015.01.07 07:25:33.334,1.18838,1.18843,5.14,3.45
2015.01.07 07:25:33.486,1.18838,1.18841,1.20,1.50
2015.01.07 07:25:33.789,1.18836,1.18838,1.00,1.00
2015.01.07 07:25:34.194,1.18834,1.18837,1.76,1.00
2015.01.07 07:25:34.699,1.18834,1.18838,1.69,1.00
2015.01.07 07:25:35.254,1.18835,1.18838,1.00,1.00
2015.01.07 07:25:37.302,1.18835,1.18837,1.00,1.00
2015.01.07 07:25:37.454,1.18833,1.18837,1.01,1.00
2015.01.07 07:25:38.594,1.18836,1.18838,1.16,1.37
2015.01.07 07:25:38.645,1.18836,1.18839,1.25,2.25
2015.01.07 07:25:38.696,1.18838,1.18839,2.25,1.87
2015.01.07 07:25:38.798,1.18838,1.18842,3.00,1.12
2015.01.07 07:25:38.849,1.18838,1.18842,5.62,1.12
2015.01.07 07:25:40.779,1.1884,1.18843,1.00,4.50
2015.01.07 07:25:41.687,1.18839,1.18843,1.25,4.50
2015.01.07 07:25:41.889,1.18841,1.18843,1.00,3.37
2015.01.07 07:25:43.044,1.18842,1.18843,1.00,1.00
2015.01.07 07:25:43.095,1.18842,1.18846,1.00,1.31
2015.01.07 07:25:43.600,1.18842,1.18845,1.00,2.32
2015.01.07 07:25:44.105,1.18842,1.18845,1.00,4.45
2015.01.07 07:25:50.825,1.18842,1.18845,1.00,5.70
2015.01.07 07:25:56.211,1.18841,1.18844,1.00,2.25
2015.01.07 07:26:00.178,1.18841,1.18843,1.00,1.00
2015.01.07 07:26:00.481,1.18838,1.18839,3.75,1.12
2015.01.07 07:26:00.583,1.18837,1.18838,1.00,1.12
2015.01.07 07:26:00.634,1.18835,1.18838,1.00,1.31
2015.01.07 07:26:00.735,1.18833,1.18835,1.12,1.00
2015.01.07 07:26:01.240,1.18832,1.18834,1.00,1.00
2015.01.07 07:26:06.405,1.18831,1.18834,1.25,1.50
2015.01.07 07:26:09.024,1.1883,1.18834,7.39,1.50
2015.01.07 07:26:09.529,1.1883,1.18834,8.14,1.50
2015.01.07 07:26:10.038,1.1883,1.18833,8.14,1.00
2015.01.07 07:26:10.583,1.1883,1.18834,8.14,1.00
2015.01.07 07:26:14.582,1.18831,1.18833,1.00,1.00
2015.01.07 07:26:15.088,1.1883,1.18833,4.39,1.00
2015.01.07 07:26:15.442,1.18831,1.18834,1.19,1.50
2015.01.07 07:26:15.956,1.18833,1.18835,1.00,1.00
2015.01.07 07:26:16.651,1.18832,1.18835,1.25,1.00
2015.01.07 07:26:17.846,1.18832,1.18836,1.00,3.00
2015.01.07 07:26:19.273,1.18832,1.18835,1.00,1.00
2015.01.07 07:26:19.799,1.18832,1.18836,1.25,3.00
2015.01.07 07:26:23.755,1.18832,1.18835,1.00,1.00
2015.01.07 07:26:26.142,1.18832,1.18834,1.00,1.00
2015.01.07 07:26:26.446,1.18825,1.18829,4.50,1.12
2015.01.07 07:26:26.497,1.18827,1.18829,1.10,1.12
2015.01.07 07:26:26.548,1.18826,1.1883,3.75,2.47
2015.01.07 07:26:26.649,1.18829,1.1883,1.00,2.55
2015.01.07 07:26:26.954,1.18829,1.18832,2.06,1.00
2015.01.07 07:26:29.756,1.18828,1.1883,3.94,1.50
2015.01.07 07:26:29.857,1.18827,1.18829,2.25,1.00
2015.01.07 07:26:29.959,1.18825,1.18829,3.37,4.69
2015.01.07 07:26:30.827,1.18825,1.18829,1.00,2.06
2015.01.07 07:26:32.191,1.18826,1.18829,1.25,1.12
2015.01.07 07:26:32.343,1.18826,1.1883,2.06,4.57
2015.01.07 07:26:32.444,1.18828,1.1883,2.25,4.57
2015.01.07 07:26:33.000,1.18826,1.18829,2.06,1.50
2015.01.07 07:26:33.505,1.18826,1.18829,1.25,1.87
2015.01.07 07:26:35.572,1.18825,1.18829,1.69,1.87
2015.01.07 07:26:40.721,1.18825,1.18828,1.69,1.57
2015.01.07 07:26:41.746,1.18825,1.18828,1.69,1.57
2015.01.07 07:26:45.378,1.18825,1.18827,1.00,1.12
2015.01.07 07:26:46.447,1.18824,1.18828,3.04,4.20
2015.01.07 07:26:47.010,1.18825,1.18828,1.00,4.20
2015.01.07 07:26:48.462,1.18825,1.18828,1.00,5.06
2015.01.07 07:26:49.115,1.18824,1.18828,2.44,5.06
2015.01.07 07:26:49.723,1.18825,1.18828,1.00,5.81
2015.01.07 07:26:53.049,1.18823,1.18824,1.50,1.00
2015.01.07 07:26:53.151,1.1882,1.18823,1.95,1.37
2015.01.07 07:26:53.303,1.18818,1.18822,4.87,1.47
2015.01.07 07:26:54.873,1.18818,1.18819,2.06,1.50
2015.01.07 07:26:54.975,1.18815,1.18818,1.12,2.25
2015.01.07 07:26:55.026,1.18813,1.18816,2.25,1.00
2015.01.07 07:26:55.530,1.18811,1.18816,1.19,3.82
2015.01.07 07:26:56.135,1.1881,1.18813,2.81,1.00
2015.01.07 07:26:56.186,1.18809,1.18813,1.57,2.25
2015.01.07 07:26:57.049,1.18808,1.18812,2.44,1.00
2015.01.07 07:26:57.504,1.18811,1.18813,1.00,3.07
2015.01.07 07:26:57.706,1.18808,1.18813,1.69,1.57
2015.01.07 07:26:58.575,1.18808,1.18813,5.89,1.57
2015.01.07 07:26:59.507,1.18808,1.1881,2.32,1.00
2015.01.07 07:26:59.610,1.18808,1.18811,1.39,4.12
2015.01.07 07:26:59.711,1.18809,1.18812,1.00,3.56
2015.01.07 07:26:59.864,1.18806,1.18808,4.39,1.00
2015.01.07 07:27:00.168,1.18806,1.18808,1.87,1.25
2015.01.07 07:27:00.269,1.18804,1.18806,3.30,1.50
2015.01.07 07:27:00.371,1.18801,1.18803,1.00,1.87
2015.01.07 07:27:00.422,1.188,1.18802,1.01,1.00
2015.01.07 07:27:01.806,1.18801,1.18803,1.00,3.19
2015.01.07 07:27:02.877,1.18799,1.18802,2.51,1.50
2015.01.07 07:27:02.928,1.18799,1.18801,1.57,2.44
2015.01.07 07:27:02.979,1.18797,1.18801,6.37,9.66
2015.01.07 07:27:03.082,1.18798,1.18801,1.50,5.06
2015.01.07 07:27:03.386,1.18797,1.18801,2.62,6.56
2015.01.07 07:27:03.943,1.18799,1.18801,1.00,3.00
2015.01.07 07:27:04.146,1.18798,1.18801,1.00,3.75
2015.01.07 07:27:04.401,1.18798,1.188,1.00,1.50
2015.01.07 07:27:04.604,1.18795,1.18798,1.00,2.81
2015.01.07 07:27:04.705,1.18793,1.18797,1.10,3.45
2015.01.07 07:27:04.957,1.18792,1.18794,1.05,1.00
2015.01.07 07:27:05.161,1.1879,1.18791,0.10,1.00
2015.01.07 07:27:07.380,1.1879,1.18792,0.10,1.69
2015.01.07 07:27:07.917,1.1879,1.18791,0.10,1.00
2015.01.07 07:27:08.676,1.1879,1.18792,0.10,2.25
2015.01.07 07:27:09.458,1.1879,1.18791,0.10,1.00
2015.01.07 07:27:13.152,1.1879,1.18791,0.10,2.25
2015.01.07 07:27:14.199,1.18788,1.1879,1.00,2.62
2015.01.07 07:27:14.812,1.18789,1.18791,1.00,1.50
2015.01.07 07:27:16.670,1.18789,1.18791,1.00,2.44
2015.01.07 07:27:17.177,1.18788,1.1879,1.00,3.19
2015.01.07 07:27:17.329,1.18789,1.18791,1.00,1.95
2015.01.07 07:27:17.584,1.18787,1.18788,3.00,1.00
2015.01.07 07:27:18.089,1.18786,1.18788,1.27,1.00
2015.01.07 07:27:18.240,1.18785,1.18787,1.00,1.00
2015.01.07 07:27:18.443,1.18783,1.18785,1.12,2.25
2015.01.07 07:27:18.948,1.18782,1.18784,1.00,2.25
2015.01.07 07:27:19.758,1.18782,1.18784,1.00,1.50
2015.01.07 07:27:21.156,1.1878,1.18782,4.31,1.00
2015.01.07 07:27:21.409,1.18778,1.1878,1.50,4.50
2015.01.07 07:27:21.663,1.18778,1.1878,1.00,2.25
2015.01.07 07:27:22.016,1.18778,1.18781,1.10,2.44
2015.01.07 07:27:23.429,1.18777,1.18779,1.50,1.12
2015.01.07 07:27:23.938,1.18777,1.18781,2.25,3.56
2015.01.07 07:27:24.445,1.18777,1.18781,3.00,2.44
2015.01.07 07:27:24.970,1.18776,1.18778,3.45,4.12
2015.01.07 07:27:25.274,1.18772,1.18774,1.12,1.00
2015.01.07 07:27:25.778,1.18772,1.18775,1.00,5.06
2015.01.07 07:27:26.283,1.18772,1.18775,3.60,3.00
2015.01.07 07:27:27.380,1.18778,1.18779,1.50,3.00
2015.01.07 07:27:27.431,1.18778,1.1878,1.50,1.00
2015.01.07 07:27:28.139,1.18779,1.1878,1.00,1.00
2015.01.07 07:27:28.647,1.18778,1.1878,1.00,1.00
2015.01.07 07:27:29.878,1.18778,1.18781,1.50,1.00
2015.01.07 07:27:35.152,1.18779,1.18781,1.00,1.00
2015.01.07 07:27:36.061,1.1878,1.18784,1.50,5.14
2015.01.07 07:27:36.602,1.1878,1.18784,1.50,4.39
2015.01.07 07:27:38.170,1.18781,1.18784,1.00,3.82
2015.01.07 07:27:38.675,1.18783,1.18784,1.00,1.00
2015.01.07 07:27:38.928,1.18787,1.1879,2.51,1.00
2015.01.07 07:27:39.030,1.18791,1.18793,1.00,1.10
2015.01.07 07:27:39.080,1.18791,1.18793,1.00,1.80
2015.01.07 07:27:39.283,1.18793,1.18795,1.00,1.50
2015.01.07 07:27:40.590,1.18791,1.18795,1.00,3.19
2015.01.07 07:27:41.146,1.18791,1.18794,1.00,1.50
2015.01.07 07:27:44.303,1.18791,1.18792,1.00,1.00
2015.01.07 07:27:45.536,1.18791,1.18793,1.00,1.50
2015.01.07 07:27:46.066,1.18791,1.18792,1.00,1.00
2015.01.07 07:27:48.110,1.18789,1.18791,1.00,1.00
2015.01.07 07:27:49.125,1.1879,1.18792,1.00,1.57
2015.01.07 07:27:51.030,1.1879,1.18792,1.00,1.57
2015.01.07 07:27:51.574,1.18789,1.18792,1.00,1.57
2015.01.07 07:27:51.624,1.18787,1.18789,1.76,1.50
2015.01.07 07:27:51.928,1.18781,1.18785,1.67,1.37
2015.01.07 07:27:52.434,1.18782,1.18784,1.00,1.12
2015.01.07 07:27:55.603,1.18782,1.18785,1.00,1.87
2015.01.07 07:28:01.245,1.18783,1.18785,1.00,1.50
2015.01.07 07:28:01.959,1.18783,1.18784,1.00,1.00
2015.01.07 07:28:08.267,1.18782,1.18784,1.25,1.00
2015.01.07 07:28:09.419,1.18782,1.18785,1.25,1.12
2015.01.07 07:28:12.023,1.18782,1.18785,1.69,1.37
2015.01.07 07:28:13.574,1.18781,1.18784,2.51,1.50
2015.01.07 07:28:14.079,1.18782,1.18784,1.00,1.50
2015.01.07 07:28:17.405,1.18783,1.18784,1.00,1.00
2015.01.07 07:28:17.709,1.18783,1.18786,2.44,1.00
2015.01.07 07:28:17.759,1.18785,1.18786,1.00,1.00
2015.01.07 07:28:18.289,1.18784,1.18786,1.00,1.12
2015.01.07 07:28:19.330,1.1879,1.18791,1.16,6.00
2015.01.07 07:28:19.382,1.18792,1.18794,1.00,1.12
2015.01.07 07:28:19.888,1.18793,1.18794,1.00,1.00
2015.01.07 07:28:21.021,1.18792,1.18794,1.00,1.00
2015.01.07 07:28:21.832,1.18793,1.18794,1.00,1.00
2015.01.07 07:28:22.339,1.18792,1.18794,1.00,1.12
2015.01.07 07:28:24.518,1.18792,1.18794,1.00,1.12
2015.01.07 07:28:34.690,1.18792,1.18794,1.00,1.50
2015.01.07 07:28:35.198,1.18793,1.18795,1.00,1.10
2015.01.07 07:28:35.718,1.18794,1.18795,1.00,1.00
2015.01.07 07:28:36.847,1.18794,1.18797,1.00,2.44
2015.01.07 07:28:37.655,1.18794,1.18797,1.00,2.06
2015.01.07 07:28:37.758,1.18793,1.18797,1.19,1.12
2015.01.07 07:28:38.263,1.18796,1.18798,1.00,1.10
2015.01.07 07:28:39.121,1.18796,1.18799,1.00,2.81
2015.01.07 07:28:39.425,1.18801,1.18803,1.00,1.10
2015.01.07 07:28:40.132,1.18802,1.18806,1.00,3.00
2015.01.07 07:28:41.023,1.18803,1.18806,1.00,2.25
2015.01.07 07:28:41.076,1.18801,1.18805,1.50,1.39
2015.01.07 07:28:41.279,1.18802,1.18805,1.00,2.44
2015.01.07 07:28:41.787,1.18802,1.18804,1.00,1.57
2015.01.07 07:28:42.091,1.18797,1.18799,1.87,1.37
2015.01.07 07:28:42.295,1.18794,1.18798,1.10,1.62
2015.01.07 07:28:42.497,1.18795,1.18798,1.00,1.25
2015.01.07 07:28:42.599,1.18796,1.18799,1.00,3.64
2015.01.07 07:28:42.903,1.18795,1.18799,1.00,3.94
2015.01.07 07:28:43.157,1.18794,1.18799,1.50,5.29
2015.01.07 07:28:44.369,1.18792,1.18796,2.32,1.37
2015.01.07 07:28:44.470,1.18792,1.18794,1.50,1.12
2015.01.07 07:28:45.690,1.18791,1.18795,1.00,5.14
2015.01.07 07:28:47.693,1.18791,1.18795,1.00,5.32
2015.01.07 07:28:48.203,1.18792,1.18794,1.00,1.37
2015.01.07 07:28:50.717,1.18792,1.18795,1.00,1.87
2015.01.07 07:28:51.494,1.18793,1.18795,1.00,1.37
2015.01.07 07:28:52.038,1.18792,1.18795,1.00,1.37
2015.01.07 07:28:55.772,1.18793,1.18795,1.00,1.37
2015.01.07 07:28:56.278,1.18794,1.18795,1.00,1.00
2015.01.07 07:28:56.789,1.18793,1.18795,1.00,1.00
2015.01.07 07:29:04.595,1.18792,1.18795,1.10,1.00
2015.01.07 07:29:07.209,1.18792,1.18794,1.00,1.00
2015.01.07 07:29:08.292,1.1879,1.18792,2.89,1.00
2015.01.07 07:29:08.445,1.18789,1.18791,1.80,1.00
2015.01.07 07:29:08.496,1.18789,1.18792,1.00,2.44
2015.01.07 07:29:09.163,1.1879,1.18792,1.00,1.25
2015.01.07 07:29:09.415,1.18792,1.18793,1.00,1.00
2015.01.07 07:29:09.567,1.18793,1.18794,1.00,1.50
2015.01.07 07:29:10.090,1.18792,1.18794,1.25,1.00
2015.01.07 07:29:11.483,1.18793,1.18794,1.00,1.00
2015.01.07 07:29:13.599,1.18791,1.18794,1.25,1.50
2015.01.07 07:29:16.919,1.18791,1.18793,1.00,1.00
2015.01.07 07:29:20.440,1.18791,1.18794,1.00,1.10
2015.01.07 07:29:26.262,1.18792,1.18794,1.00,1.00
2015.01.07 07:29:29.136,1.18792,1.18794,1.00,1.00
2015.01.07 07:29:30.767,1.18791,1.18794,1.00,1.00
2015.01.07 07:29:36.043,1.1879,1.18794,1.57,1.50
2015.01.07 07:29:36.348,1.18788,1.1879,1.12,2.25
2015.01.07 07:29:36.399,1.18787,1.1879,1.25,1.31
2015.01.07 07:29:36.905,1.18788,1.18792,1.00,2.81
2015.01.07 07:29:37.976,1.18789,1.18792,1.00,1.25
2015.01.07 07:29:38.332,1.18789,1.1879,1.50,1.00
2015.01.07 07:29:38.484,1.18785,1.18788,5.44,3.00
2015.01.07 07:29:38.989,1.18786,1.18789,1.00,2.51
2015.01.07 07:29:39.494,1.18787,1.18789,1.00,1.00
2015.01.07 07:29:39.696,1.18788,1.18792,2.25,1.76
2015.01.07 07:29:43.538,1.1879,1.18792,1.00,1.10
2015.01.07 07:29:44.044,1.18791,1.18794,1.00,2.62
2015.01.07 07:29:59.392,1.18792,1.18794,1.00,1.31
2015.01.07 07:30:00.782,1.18791,1.18794,1.12,1.31
2015.01.07 07:30:01.340,1.18789,1.18794,4.20,2.81
2015.01.07 07:30:01.913,1.18789,1.18791,1.95,1.00
2015.01.07 07:30:02.219,1.18783,1.18786,2.70,2.85
2015.01.07 07:30:02.725,1.18782,1.18784,1.50,1.00
2015.01.07 07:30:04.072,1.18782,1.18785,1.87,3.07
2015.01.07 07:30:05.444,1.18783,1.18784,1.00,1.50
2015.01.07 07:30:05.951,1.18782,1.18783,1.00,1.00
2015.01.07 07:30:06.103,1.18783,1.18785,1.37,4.20
2015.01.07 07:30:08.750,1.18783,1.18785,1.00,5.25
2015.01.07 07:30:10.129,1.18783,1.18785,1.37,1.10
2015.01.07 07:30:10.837,1.18785,1.18787,1.00,2.92
2015.01.07 07:30:11.039,1.18786,1.18787,1.12,1.10
2015.01.07 07:30:11.141,1.18788,1.1879,1.87,3.37
2015.01.07 07:30:11.293,1.18787,1.18789,1.00,1.10
2015.01.07 07:30:11.394,1.18788,1.1879,2.25,1.65
2015.01.07 07:30:11.700,1.18788,1.1879,1.00,1.10
2015.01.07 07:30:12.054,1.18786,1.18788,1.20,1.00
2015.01.07 07:30:12.626,1.18783,1.18786,3.00,2.81
2015.01.07 07:30:12.677,1.18782,1.18786,1.37,4.46
2015.01.07 07:30:14.247,1.18783,1.18786,1.37,4.61
2015.01.07 07:30:16.337,1.18783,1.18786,1.12,4.27
2015.01.07 07:30:18.858,1.18783,1.18785,1.00,2.25
2015.01.07 07:30:19.274,1.18781,1.18784,1.00,3.82
2015.01.07 07:30:19.325,1.18781,1.18784,1.00,3.75
2015.01.07 07:30:19.833,1.18781,1.18783,1.00,1.05
2015.01.07 07:30:20.514,1.1878,1.18782,1.00,1.10
2015.01.07 07:30:21.664,1.18779,1.1878,1.00,3.75
2015.01.07 07:30:21.817,1.18777,1.18779,1.10,2.62
2015.01.07 07:30:21.868,1.18776,1.18778,3.75,1.12
2015.01.07 07:30:22.121,1.18775,1.18778,3.37,2.36
2015.01.07 07:30:22.272,1.18776,1.18777,1.00,1.50
2015.01.07 07:30:22.960,1.18771,1.18774,1.50,1.57
2015.01.07 07:30:23.466,1.18772,1.18776,1.00,2.92
2015.01.07 07:30:24.477,1.18773,1.18775,1.00,2.32
2015.01.07 07:30:24.781,1.18773,1.18775,1.00,1.00
2015.01.07 07:30:25.084,1.18774,1.18775,1.00,1.00
2015.01.07 07:30:26.617,1.18774,1.18775,8.10,1.00
2015.01.07 07:30:26.922,1.18779,1.18781,1.00,1.12
2015.01.07 07:30:26.973,1.18778,1.18781,1.50,1.12
2015.01.07 07:30:27.125,1.1878,1.18782,1.00,1.00
2015.01.07 07:30:27.277,1.18779,1.18782,1.00,1.00
2015.01.07 07:30:27.329,1.18776,1.18779,4.42,1.00
2015.01.07 07:30:27.481,1.18777,1.18779,1.50,1.31
2015.01.07 07:30:27.836,1.18773,1.18776,1.76,1.50
2015.01.07 07:30:27.937,1.18772,1.18774,2.06,1.00
2015.01.07 07:30:28.242,1.18771,1.18774,1.10,1.50
2015.01.07 07:30:28.798,1.1877,1.18774,2.36,2.25
2015.01.07 07:30:28.951,1.1877,1.18772,1.57,1.00
2015.01.07 07:30:29.103,1.18766,1.18767,1.05,1.00
2015.01.07 07:30:29.205,1.18765,1.18767,1.50,1.00
2015.01.07 07:30:29.610,1.18767,1.1877,1.00,9.37
2015.01.07 07:30:29.762,1.18768,1.1877,1.50,1.00
2015.01.07 07:30:30.951,1.18769,1.18771,1.00,1.00
2015.01.07 07:30:31.256,1.18771,1.18773,1.00,1.25
2015.01.07 07:30:31.357,1.18772,1.18774,1.00,3.07
2015.01.07 07:30:32.775,1.1877,1.18773,5.32,1.19
2015.01.07 07:30:33.079,1.18766,1.18768,1.12,2.29
2015.01.07 07:30:33.231,1.18765,1.18768,3.75,4.61
2015.01.07 07:30:33.838,1.18767,1.18769,1.35,3.94
2015.01.07 07:30:34.345,1.18767,1.18769,1.00,1.00
2015.01.07 07:30:34.910,1.18768,1.18769,1.00,1.00
2015.01.07 07:30:35.416,1.18766,1.18768,1.47,1.00
2015.01.07 07:30:35.921,1.18767,1.18768,1.00,1.10
2015.01.07 07:30:36.224,1.18765,1.18766,2.89,1.50
2015.01.07 07:30:36.326,1.18764,1.18766,1.20,7.50
2015.01.07 07:30:36.429,1.18759,1.18762,1.12,1.87
2015.01.07 07:30:36.479,1.18759,1.1876,1.00,1.87
2015.01.07 07:30:36.783,1.18755,1.18759,2.44,3.97
2015.01.07 07:30:36.884,1.18755,1.18759,1.50,3.90
2015.01.07 07:30:37.036,1.18756,1.18758,1.12,1.12
2015.01.07 07:30:37.390,1.18757,1.18759,3.00,1.42
2015.01.07 07:30:37.593,1.18759,1.1876,1.00,1.00
2015.01.07 07:30:38.098,1.18759,1.18761,1.00,1.10
2015.01.07 07:30:38.351,1.18757,1.18759,3.00,2.10
2015.01.07 07:30:38.553,1.18755,1.18758,3.94,2.17
2015.01.07 07:30:38.806,1.18754,1.18757,2.06,1.12
2015.01.07 07:30:39.598,1.18753,1.18755,1.00,1.00
2015.01.07 07:30:40.104,1.18752,1.18755,1.87,1.00
2015.01.07 07:30:40.761,1.18751,1.18754,1.01,1.00
2015.01.07 07:30:41.266,1.18753,1.18754,1.87,1.10
2015.01.07 07:30:41.822,1.18752,1.18754,1.50,1.69
2015.01.07 07:30:42.277,1.1875,1.18753,4.16,1.10
2015.01.07 07:30:42.827,1.18751,1.18753,1.00,1.57
2015.01.07 07:30:43.332,1.18749,1.18753,1.66,2.32
2015.01.07 07:30:44.612,1.18749,1.18751,1.66,1.12
2015.01.07 07:30:45.122,1.18751,1.18753,1.00,2.32
2015.01.07 07:30:46.253,1.18748,1.18751,3.22,1.00
2015.01.07 07:30:46.304,1.18748,1.1875,2.44,1.12
2015.01.07 07:30:46.355,1.18747,1.18749,12.56,1.00
2015.01.07 07:30:46.609,1.18742,1.18744,2.32,1.50
2015.01.07 07:30:46.710,1.1874,1.18742,1.00,1.00
2015.01.07 07:30:47.216,1.18739,1.18742,1.00,1.10
2015.01.07 07:30:47.721,1.18739,1.18741,1.00,1.01
2015.01.07 07:30:47.823,1.18737,1.1874,2.62,2.44
2015.01.07 07:30:47.873,1.18736,1.1874,4.69,3.94
2015.01.07 07:30:47.975,1.18738,1.1874,1.00,4.12
2015.01.07 07:30:48.127,1.18738,1.1874,1.50,1.12
2015.01.07 07:30:48.591,1.18739,1.18741,1.00,1.25
2015.01.07 07:30:48.845,1.18737,1.18739,2.10,1.25
2015.01.07 07:30:48.896,1.18737,1.18738,2.10,3.75
2015.01.07 07:30:49.049,1.18735,1.18738,2.81,1.00
2015.01.07 07:30:49.403,1.18738,1.18739,1.00,1.00
2015.01.07 07:30:49.657,1.18739,1.18741,2.85,1.10
2015.01.07 07:30:49.960,1.18741,1.18744,1.00,5.06
2015.01.07 07:30:50.011,1.18741,1.18743,1.00,1.10
2015.01.07 07:30:50.549,1.1874,1.18743,1.00,1.76
2015.01.07 07:30:50.600,1.18738,1.18743,1.57,2.51
2015.01.07 07:30:51.054,1.1874,1.18743,1.00,1.76
2015.01.07 07:30:52.362,1.18741,1.18743,1.00,1.57
2015.01.07 07:30:54.010,1.1874,1.18743,1.00,1.10
2015.01.07 07:30:54.850,1.1874,1.18744,1.50,1.25
2015.01.07 07:30:55.960,1.18741,1.18744,1.35,1.50
2015.01.07 07:30:56.314,1.18743,1.18745,1.00,1.00
2015.01.07 07:30:56.618,1.1875,1.18752,1.00,1.00
2015.01.07 07:30:56.720,1.18751,1.18755,1.00,2.14
2015.01.07 07:30:57.907,1.18751,1.18755,1.00,2.44
2015.01.07 07:30:58.009,1.1875,1.18751,1.95,1.50
2015.01.07 07:30:58.263,1.18745,1.18746,3.75,1.00
2015.01.07 07:30:58.516,1.18747,1.18749,1.00,1.87
2015.01.07 07:30:58.567,1.18747,1.18749,1.00,1.00
2015.01.07 07:30:58.668,1.18747,1.18751,1.50,1.20
2015.01.07 07:30:59.022,1.18748,1.18753,4.12,2.32
2015.01.07 07:30:59.073,1.1875,1.18753,1.00,1.10
2015.01.07 07:31:00.331,1.18751,1.18754,1.00,2.06
2015.01.07 07:31:00.634,1.1875,1.18752,1.12,6.75
2015.01.07 07:31:00.685,1.18748,1.18752,1.10,6.37
2015.01.07 07:31:01.191,1.18746,1.1875,2.10,2.44
2015.01.07 07:31:01.494,1.18742,1.18745,1.12,1.50
2015.01.07 07:31:01.646,1.18741,1.18745,1.10,2.25
2015.01.07 07:31:02.481,1.18739,1.18742,2.62,1.25
2015.01.07 07:31:02.937,1.18739,1.18744,3.07,4.20
2015.01.07 07:31:02.988,1.18739,1.18741,1.57,1.00
2015.01.07 07:31:03.392,1.18737,1.18741,4.57,1.00
2015.01.07 07:31:03.645,1.18737,1.1874,2.44,1.12
2015.01.07 07:31:03.696,1.18737,1.1874,1.69,1.87
2015.01.07 07:31:03.797,1.18736,1.18738,1.00,1.87
2015.01.07 07:31:03.952,1.18733,1.18737,1.50,1.00
2015.01.07 07:31:04.053,1.18733,1.18737,1.00,2.25
2015.01.07 07:31:04.861,1.18735,1.18737,2.10,1.00
2015.01.07 07:31:05.064,1.18738,1.1874,1.00,2.62
2015.01.07 07:31:05.368,1.18738,1.18742,3.94,1.50
2015.01.07 07:31:06.664,1.18739,1.18743,2.85,2.06
2015.01.07 07:31:06.817,1.18739,1.18744,2.62,2.44
2015.01.07 07:31:07.323,1.1874,1.18744,1.12,1.69
2015.01.07 07:31:08.384,1.18739,1.18744,2.32,2.81
2015.01.07 07:31:08.838,1.18739,1.18743,2.32,1.31
2015.01.07 07:31:09.142,1.18736,1.1874,1.00,6.11
2015.01.07 07:31:09.445,1.18734,1.18736,1.05,2.25
2015.01.07 07:31:09.496,1.18732,1.18736,1.91,1.50
2015.01.07 07:31:09.900,1.18735,1.18738,1.00,4.50
2015.01.07 07:31:10.104,1.18738,1.18743,3.19,9.11
2015.01.07 07:31:10.206,1.18738,1.18743,2.44,3.94
2015.01.07 07:31:11.419,1.18738,1.18742,1.50,1.39
2015.01.07 07:31:11.924,1.18737,1.18741,3.00,1.12
2015.01.07 07:31:12.079,1.18738,1.18742,1.00,1.76
2015.01.07 07:31:12.586,1.18738,1.18741,1.00,1.12
2015.01.07 07:31:12.689,1.18736,1.18737,4.99,3.75
2015.01.07 07:31:12.841,1.18731,1.18733,1.00,2.85
2015.01.07 07:31:12.944,1.18729,1.18731,2.59,1.00
2015.01.07 07:31:13.248,1.18726,1.18728,1.00,5.47
2015.01.07 07:31:13.400,1.18725,1.18726,1.00,1.00
2015.01.07 07:31:13.451,1.18722,1.18725,3.26,1.00
2015.01.07 07:31:13.958,1.18721,1.18725,1.69,1.50
2015.01.07 07:31:14.787,1.18722,1.18727,3.56,3.19
2015.01.07 07:31:15.293,1.18722,1.18726,2.06,1.50
2015.01.07 07:31:15.900,1.18724,1.18726,1.70,1.00
2015.01.07 07:31:16.002,1.18726,1.18728,1.00,1.00
2015.01.07 07:31:16.305,1.18727,1.1873,1.69,1.20
2015.01.07 07:31:16.811,1.18728,1.18732,4.61,3.56
2015.01.07 07:31:17.367,1.18728,1.18732,2.36,2.62
2015.01.07 07:31:17.519,1.18726,1.1873,1.87,5.62
2015.01.07 07:31:17.822,1.18728,1.18731,2.25,1.12
2015.01.07 07:31:18.327,1.18729,1.18732,1.00,2.06
2015.01.07 07:31:18.479,1.18726,1.1873,1.42,2.06
2015.01.07 07:31:18.530,1.18725,1.18729,1.37,3.41
2015.01.07 07:31:18.631,1.18725,1.18728,1.00,1.69
2015.01.07 07:31:18.682,1.18722,1.18725,1.00,1.50
2015.01.07 07:31:19.574,1.18721,1.18724,1.00,1.00
2015.01.07 07:31:20.094,1.18721,1.18723,1.00,4.35
2015.01.07 07:31:20.246,1.1872,1.18722,1.50,1.00
2015.01.07 07:31:20.348,1.1872,1.18725,4.50,3.94
2015.01.07 07:31:20.550,1.1872,1.18724,1.87,1.37
2015.01.07 07:31:20.702,1.1872,1.18725,2.50,2.44
2015.01.07 07:31:21.208,1.1872,1.18724,1.00,1.50
2015.01.07 07:31:21.714,1.18719,1.1872,1.50,1.00
2015.01.07 07:31:22.017,1.18706,1.18708,1.00,1.00
2015.01.07 07:31:22.119,1.18705,1.18708,1.00,1.00
2015.01.07 07:31:22.221,1.18703,1.18707,1.76,1.00
2015.01.07 07:31:22.322,1.18703,1.18705,1.69,2.62
2015.01.07 07:31:22.524,1.18701,1.18704,1.00,3.04
2015.01.07 07:31:22.878,1.18701,1.18703,1.00,1.19
2015.01.07 07:31:23.130,1.18697,1.187,3.00,4.12
2015.01.07 07:31:24.527,1.18695,1.18698,5.25,2.62
2015.01.07 07:31:24.579,1.18691,1.18696,3.67,1.57
2015.01.07 07:31:24.630,1.18694,1.18696,1.00,1.87
2015.01.07 07:31:24.934,1.18701,1.18702,1.00,1.50
2015.01.07 07:31:25.035,1.18705,1.18706,1.10,1.00
2015.01.07 07:31:25.086,1.18707,1.18709,1.50,2.25
2015.01.07 07:31:25.188,1.18708,1.18709,2.25,1.00
2015.01.07 07:31:25.289,1.18709,1.1871,2.62,2.25
2015.01.07 07:31:25.391,1.18708,1.1871,1.76,1.87
2015.01.07 07:31:25.796,1.18708,1.1871,1.05,11.10
2015.01.07 07:31:25.948,1.18704,1.18707,1.10,3.60
2015.01.07 07:31:26.050,1.18698,1.187,2.25,1.50
2015.01.07 07:31:26.102,1.18699,1.18701,1.37,1.50
2015.01.07 07:31:26.204,1.18695,1.18699,3.30,3.22
2015.01.07 07:31:26.255,1.18694,1.18697,1.50,5.85
2015.01.07 07:31:26.356,1.18692,1.18696,1.00,4.50
2015.01.07 07:31:26.408,1.1869,1.18695,3.00,5.06
2015.01.07 07:31:26.459,1.1869,1.18692,2.25,3.60
2015.01.07 07:31:26.560,1.18687,1.18692,2.25,6.41
2015.01.07 07:31:26.763,1.18685,1.18689,1.12,3.75
2015.01.07 07:31:26.814,1.18683,1.18689,4.27,7.72
2015.01.07 07:31:27.324,1.18682,1.18688,2.44,3.75
2015.01.07 07:31:27.679,1.18688,1.18689,1.00,3.75
2015.01.07 07:31:27.780,1.18689,1.1869,1.50,2.25
2015.01.07 07:31:28.033,1.1869,1.18692,1.00,1.50
2015.01.07 07:31:28.338,1.1869,1.18694,3.19,1.87
2015.01.07 07:31:29.146,1.18692,1.18695,1.00,2.44
2015.01.07 07:31:29.652,1.18693,1.18694,1.00,1.00
2015.01.07 07:31:30.181,1.18692,1.18695,1.10,2.62
2015.01.07 07:31:30.686,1.18691,1.18695,1.00,4.50
2015.01.07 07:31:30.989,1.18693,1.18695,1.00,2.25
2015.01.07 07:31:31.783,1.18703,1.18705,1.37,2.32
2015.01.07 07:31:31.836,1.18703,1.18706,1.50,1.00
2015.01.07 07:31:32.240,1.18706,1.18708,2.81,1.12
2015.01.07 07:31:32.493,1.18721,1.18723,1.00,1.12
2015.01.07 07:31:32.747,1.18718,1.1872,1.12,1.50
2015.01.07 07:31:32.849,1.18715,1.18719,1.50,6.79
2015.01.07 07:31:32.951,1.18715,1.18716,1.00,1.00
2015.01.07 07:31:33.204,1.18713,1.18716,1.10,1.50
2015.01.07 07:31:34.669,1.18713,1.18715,1.10,1.00
2015.01.07 07:31:34.720,1.18711,1.18714,1.42,1.00
2015.01.07 07:31:34.873,1.18709,1.18713,1.10,3.97
2015.01.07 07:31:34.924,1.18708,1.18709,1.05,2.10
2015.01.07 07:31:35.076,1.18705,1.18708,1.10,1.12
2015.01.07 07:31:35.229,1.18702,1.18707,1.50,3.56
2015.01.07 07:31:36.752,1.18701,1.18705,1.12,1.37
2015.01.07 07:31:37.059,1.18702,1.18706,1.00,2.44
2015.01.07 07:31:38.037,1.187,1.18704,5.06,1.00
2015.01.07 07:31:38.722,1.187,1.18704,1.69,1.00
2015.01.07 07:31:39.777,1.187,1.18704,10.68,1.00
2015.01.07 07:31:40.080,1.18707,1.18709,7.35,1.57
2015.01.07 07:31:40.384,1.18707,1.18709,1.10,1.50
2015.01.07 07:31:40.486,1.18705,1.18708,1.20,1.62
2015.01.07 07:31:40.947,1.18702,1.18705,1.12,1.00
2015.01.07 07:31:41.858,1.18702,1.18705,2.25,1.00
2015.01.07 07:31:43.302,1.18702,1.18704,1.69,1.00
2015.01.07 07:31:43.810,1.187,1.18704,4.31,1.69
2015.01.07 07:31:44.115,1.18703,1.18704,1.00,1.00
2015.01.07 07:31:44.520,1.18704,1.18706,1.00,1.69
2015.01.07 07:31:45.928,1.18705,1.18706,1.00,1.00
2015.01.07 07:31:46.131,1.18706,1.18708,1.00,1.87
2015.01.07 07:31:46.638,1.18704,1.18707,2.62,1.25
2015.01.07 07:31:47.043,1.18704,1.18705,1.00,1.00
2015.01.07 07:31:47.548,1.18703,1.18705,1.00,1.00
2015.01.07 07:31:48.053,1.18701,1.18705,1.76,1.50
2015.01.07 07:31:48.558,1.18701,1.18705,2.32,1.00
2015.01.07 07:31:49.063,1.18702,1.18705,1.12,2.06
2015.01.07 07:31:50.124,1.18697,1.18699,10.12,1.00
2015.01.07 07:31:50.181,1.18694,1.18696,3.75,1.50
2015.01.07 07:31:50.232,1.18691,1.18696,2.06,2.25
2015.01.07 07:31:51.091,1.1869,1.18695,3.19,1.00
2015.01.07 07:31:51.598,1.1869,1.18696,3.56,3.75
2015.01.07 07:31:52.110,1.1869,1.18695,4.31,1.00
2015.01.07 07:31:52.313,1.18692,1.18696,2.92,2.25
2015.01.07 07:31:52.818,1.18695,1.18696,1.12,1.00
2015.01.07 07:31:52.970,1.18698,1.187,1.00,1.00
2015.01.07 07:31:53.021,1.18698,1.18701,1.37,2.85
2015.01.07 07:31:53.324,1.18702,1.18706,1.75,2.74
2015.01.07 07:31:53.527,1.18703,1.18707,2.25,1.57
2015.01.07 07:31:53.628,1.18706,1.1871,3.60,4.01
2015.01.07 07:31:53.881,1.18711,1.18714,1.75,1.25
2015.01.07 07:31:54.265,1.18718,1.18721,1.50,1.00
2015.01.07 07:31:54.568,1.18719,1.18723,1.50,3.00
2015.01.07 07:31:54.721,1.18719,1.1872,1.00,1.00
2015.01.07 07:31:54.924,1.18721,1.18726,1.50,5.25
2015.01.07 07:31:54.975,1.18721,1.18726,1.50,1.00
2015.01.07 07:31:55.480,1.1872,1.18725,3.00,1.00
2015.01.07 07:31:56.163,1.1872,1.18725,2.62,1.00
2015.01.07 07:31:56.265,1.18719,1.1872,1.25,3.00
2015.01.07 07:31:56.417,1.18713,1.18718,1.76,3.75
2015.01.07 07:31:56.569,1.18712,1.18715,1.12,1.00
2015.01.07 07:31:56.721,1.1871,1.18715,1.31,1.50
2015.01.07 07:31:57.529,1.18712,1.18716,1.00,1.37
2015.01.07 07:31:58.364,1.18713,1.18716,1.00,1.10
2015.01.07 07:31:59.680,1.18713,1.18715,1.00,1.00
2015.01.07 07:31:59.882,1.18711,1.18715,1.25,1.00
2015.01.07 07:32:00.388,1.18711,1.18716,1.00,2.70
2015.01.07 07:32:00.893,1.18712,1.18715,1.00,1.00
2015.01.07 07:32:01.513,1.1871,1.18715,1.95,1.50
2015.01.07 07:32:02.958,1.18711,1.18715,1.12,1.00
2015.01.07 07:32:03.364,1.18714,1.18716,1.00,1.50
2015.01.07 07:32:03.913,1.18714,1.18717,1.00,1.50
2015.01.07 07:32:04.471,1.18715,1.18717,1.00,1.00
2015.01.07 07:32:05.516,1.18714,1.18717,1.25,1.00
2015.01.07 07:32:09.320,1.18713,1.18717,1.69,1.00
2015.01.07 07:32:09.624,1.18711,1.18715,1.87,1.00
2015.01.07 07:32:10.584,1.18711,1.18715,1.10,1.50
2015.01.07 07:32:11.453,1.18711,1.18714,1.10,1.00
2015.01.07 07:32:11.959,1.18711,1.18715,1.10,1.50
2015.01.07 07:32:12.970,1.18711,1.18716,1.10,1.10
2015.01.07 07:32:13.475,1.18712,1.18715,1.00,1.50
2015.01.07 07:32:13.981,1.18711,1.18716,2.62,1.00
2015.01.07 07:32:14.284,1.18716,1.18718,4.12,1.00
2015.01.07 07:32:14.539,1.18718,1.18721,2.62,1.00
2015.01.07 07:32:14.590,1.1872,1.18722,1.00,1.00
2015.01.07 07:32:14.692,1.18721,1.18725,1.00,1.57
2015.01.07 07:32:16.036,1.18721,1.18726,1.87,2.25
2015.01.07 07:32:16.087,1.18734,1.18735,1.00,1.00
2015.01.07 07:32:16.596,1.18734,1.18736,1.00,1.25
2015.01.07 07:32:17.102,1.18734,1.18737,1.00,1.69
2015.01.07 07:32:17.304,1.18732,1.18736,2.32,1.50
2015.01.07 07:32:17.355,1.18733,1.18736,2.29,1.50
2015.01.07 07:32:17.609,1.1874,1.18742,1.62,1.00
2015.01.07 07:32:17.710,1.1874,1.18745,2.62,5.66
2015.01.07 07:32:17.761,1.1874,1.18743,2.81,1.00
2015.01.07 07:32:18.267,1.18741,1.18745,1.00,2.06
2015.01.07 07:32:18.572,1.18733,1.18737,1.87,1.00
2015.01.07 07:32:18.877,1.18731,1.18734,1.12,1.00
2015.01.07 07:32:19.491,1.18731,1.18734,1.10,1.00
2015.01.07 07:32:20.030,1.18731,1.18735,1.10,1.50
2015.01.07 07:32:20.537,1.18732,1.18736,1.00,2.32
2015.01.07 07:32:21.150,1.18733,1.18737,1.19,3.75
2015.01.07 07:32:21.353,1.18736,1.18738,1.69,1.50
2015.01.07 07:32:21.404,1.18739,1.1874,1.00,1.50
2015.01.07 07:32:21.506,1.1874,1.18743,1.00,3.00
2015.01.07 07:32:21.607,1.1874,1.18744,1.69,2.06
2015.01.07 07:32:22.112,1.18741,1.18744,1.00,1.31
2015.01.07 07:32:22.466,1.18738,1.1874,1.50,4.87
2015.01.07 07:32:22.619,1.18735,1.18737,1.50,1.00
2015.01.07 07:32:22.972,1.18733,1.18737,1.69,1.00
2015.01.07 07:32:23.175,1.18733,1.18735,1.00,1.00
2015.01.07 07:32:24.166,1.18739,1.18741,1.00,5.10
2015.01.07 07:32:24.217,1.1874,1.18743,1.00,1.31
2015.01.07 07:32:24.722,1.18739,1.18741,2.25,4.00
2015.01.07 07:32:24.925,1.18737,1.18739,1.00,3.75
2015.01.07 07:32:24.976,1.18738,1.1874,1.00,1.87
2015.01.07 07:32:25.128,1.1874,1.18742,1.00,1.61
2015.01.07 07:32:25.230,1.1874,1.18743,1.69,1.10
2015.01.07 07:32:25.737,1.18741,1.18746,1.00,6.41
2015.01.07 07:32:25.940,1.18738,1.1874,1.00,2.25
2015.01.07 07:32:26.144,1.18736,1.18739,2.17,6.00
2015.01.07 07:32:26.195,1.18736,1.18737,1.00,1.12
2015.01.07 07:32:26.297,1.18734,1.18735,1.00,1.25
2015.01.07 07:32:26.399,1.18732,1.18735,1.50,1.69
2015.01.07 07:32:27.057,1.18732,1.18734,1.50,1.00
2015.01.07 07:32:28.910,1.18734,1.18735,1.00,1.00
2015.01.07 07:32:29.806,1.18735,1.18738,1.00,1.50
2015.01.07 07:32:30.059,1.18738,1.18741,1.87,1.07
2015.01.07 07:32:30.110,1.18739,1.18743,1.37,1.00
2015.01.07 07:32:30.211,1.1874,1.18743,1.37,1.00
2015.01.07 07:32:30.717,1.18741,1.18744,1.87,1.50
2015.01.07 07:32:31.223,1.18742,1.18746,1.37,2.70
2015.01.07 07:32:32.758,1.18743,1.18746,1.50,1.10
2015.01.07 07:32:33.263,1.18742,1.18745,1.00,2.25
2015.01.07 07:32:35.046,1.18741,1.18745,5.06,1.50
2015.01.07 07:32:35.552,1.18741,1.18744,4.31,1.00
2015.01.07 07:32:36.006,1.18743,1.18745,1.00,1.50
2015.01.07 07:32:36.562,1.18743,1.18746,1.50,1.10
2015.01.07 07:32:37.208,1.18743,1.18745,1.50,1.00
2015.01.07 07:32:37.410,1.18743,1.18747,1.50,2.51
2015.01.07 07:32:37.714,1.18744,1.18745,1.00,1.00
2015.01.07 07:32:37.852,1.18744,1.18747,1.00,1.10
2015.01.07 07:32:38.379,1.18743,1.18747,3.07,1.50
2015.01.07 07:32:38.582,1.18744,1.18747,1.37,1.12
2015.01.07 07:32:38.986,1.18747,1.18749,1.50,2.25
2015.01.07 07:32:39.088,1.1875,1.18751,1.00,3.00
2015.01.07 07:32:39.189,1.18752,1.18755,1.00,9.56
2015.01.07 07:32:39.292,1.18753,1.18755,1.00,3.00
2015.01.07 07:32:39.595,1.18754,1.18758,1.00,3.56
2015.01.07 07:32:40.100,1.18755,1.18758,1.00,1.10
2015.01.07 07:32:41.980,1.18755,1.18757,1.00,1.10
2015.01.07 07:32:42.487,1.18753,1.18757,2.06,1.12
2015.01.07 07:32:42.841,1.18752,1.18755,2.25,1.12
2015.01.07 07:32:42.892,1.18752,1.18753,1.87,1.00
2015.01.07 07:32:43.195,1.18748,1.1875,1.47,6.57
2015.01.07 07:32:43.246,1.18746,1.18747,1.20,2.16
2015.01.07 07:32:43.500,1.18743,1.18745,2.06,1.00
2015.01.07 07:32:43.754,1.18743,1.18745,1.31,1.50
2015.01.07 07:32:44.512,1.18743,1.18746,1.12,2.25
2015.01.07 07:32:45.194,1.18743,1.18747,1.87,1.10
2015.01.07 07:32:45.346,1.18748,1.18749,1.00,1.00
2015.01.07 07:32:45.708,1.1875,1.18753,1.12,1.00
2015.01.07 07:32:46.224,1.1875,1.18754,3.37,1.10
2015.01.07 07:32:46.427,1.1875,1.18752,2.62,1.00
2015.01.07 07:32:46.681,1.18748,1.18752,1.50,1.57
2015.01.07 07:32:47.078,1.18749,1.18753,1.87,1.87
2015.01.07 07:32:47.386,1.1875,1.18754,1.37,1.57
2015.01.07 07:32:48.969,1.18749,1.18754,3.19,2.70
2015.01.07 07:32:49.120,1.18749,1.18753,2.44,1.00
2015.01.07 07:32:50.987,1.18749,1.18754,1.25,5.32
2015.01.07 07:32:51.189,1.18745,1.18749,3.94,3.00
2015.01.07 07:32:51.291,1.18744,1.18748,2.51,1.37
2015.01.07 07:32:51.594,1.18742,1.18746,4.24,1.00
2015.01.07 07:32:51.746,1.18742,1.18746,4.91,1.00
2015.01.07 07:32:52.504,1.18743,1.18746,2.81,1.00
2015.01.07 07:32:53.009,1.18742,1.18746,2.81,2.25
2015.01.07 07:32:56.670,1.18745,1.18747,1.12,1.50
2015.01.07 07:32:58.398,1.18744,1.18746,1.47,1.00
2015.01.07 07:32:58.903,1.18743,1.18746,1.22,1.00
2015.01.07 07:32:59.408,1.18742,1.18746,2.44,1.50
2015.01.07 07:32:59.963,1.18742,1.18745,1.31,1.00
2015.01.07 07:33:00.516,1.18742,1.18746,2.06,3.00
2015.01.07 07:33:01.031,1.18742,1.18745,3.56,1.12
2015.01.07 07:33:01.936,1.18744,1.18746,2.10,1.50
2015.01.07 07:33:02.139,1.18748,1.1875,1.00,1.00
2015.01.07 07:33:02.291,1.18749,1.18753,1.00,1.50
2015.01.07 07:33:02.795,1.1875,1.18753,1.00,1.50
2015.01.07 07:33:03.301,1.18748,1.18753,4.31,2.25
2015.01.07 07:33:05.106,1.18749,1.18753,3.26,2.25
2015.01.07 07:33:05.612,1.1875,1.18754,2.81,1.00
2015.01.07 07:33:09.671,1.1875,1.18755,6.94,2.25
2015.01.07 07:33:09.721,1.18753,1.18755,1.00,2.25
2015.01.07 07:33:10.233,1.18754,1.18756,1.50,1.00
2015.01.07 07:33:10.739,1.18755,1.18756,1.00,1.00
2015.01.07 07:33:11.245,1.18755,1.18757,1.00,1.50
2015.01.07 07:33:12.037,1.18754,1.18757,2.44,1.50
2015.01.07 07:33:12.557,1.18755,1.18757,1.00,1.50
2015.01.07 07:33:13.264,1.18754,1.18757,1.69,1.50
2015.01.07 07:33:13.916,1.18755,1.18757,1.00,1.50
2015.01.07 07:33:14.750,1.18752,1.18755,5.06,1.00
2015.01.07 07:33:14.902,1.18752,1.18755,4.91,1.00
2015.01.07 07:33:15.155,1.1875,1.18753,8.74,1.00
2015.01.07 07:33:15.206,1.1875,1.18753,1.69,1.00
2015.01.07 07:33:17.319,1.1875,1.18753,2.81,1.00
2015.01.07 07:33:18.141,1.1875,1.18753,1.19,1.00
2015.01.07 07:33:19.425,1.18751,1.18753,1.19,1.00
2015.01.07 07:33:20.445,1.18751,1.18756,2.66,2.25
2015.01.07 07:33:21.739,1.18751,1.18755,2.06,1.00
2015.01.07 07:33:24.921,1.18754,1.18755,2.10,1.00
2015.01.07 07:33:25.226,1.18759,1.1876,1.05,1.10
2015.01.07 07:33:25.277,1.18759,1.18762,2.29,1.87
2015.01.07 07:33:25.378,1.18761,1.18762,1.00,1.50
2015.01.07 07:33:25.683,1.18763,1.18765,1.00,1.87
2015.01.07 07:33:26.510,1.18763,1.18765,1.00,1.50
2015.01.07 07:33:27.026,1.18763,1.18765,1.00,2.25
2015.01.07 07:33:27.781,1.18763,1.18764,1.00,1.50
2015.01.07 07:33:27.934,1.18761,1.18764,1.10,1.00
2015.01.07 07:33:28.086,1.1876,1.18762,1.10,1.00
2015.01.07 07:33:28.390,1.18757,1.18759,1.69,2.25
2015.01.07 07:33:28.542,1.18756,1.18759,1.76,1.87
2015.01.07 07:33:28.846,1.18755,1.18757,1.00,1.50
2015.01.07 07:33:28.948,1.18751,1.18756,3.37,2.25
2015.01.07 07:33:29.201,1.18751,1.18754,1.20,1.00
2015.01.07 07:33:29.708,1.18752,1.18756,1.00,3.37
2015.01.07 07:33:30.460,1.18752,1.18756,1.00,1.95
2015.01.07 07:33:30.966,1.18751,1.18756,2.14,3.64
2015.01.07 07:33:32.708,1.18751,1.18756,2.14,1.95
2015.01.07 07:33:33.221,1.18753,1.18757,1.00,4.12
2015.01.07 07:33:33.965,1.18755,1.18757,2.10,2.92
2015.01.07 07:33:35.156,1.18759,1.1876,1.25,5.62
2015.01.07 07:33:35.209,1.18761,1.18765,1.00,3.37
2015.01.07 07:33:35.259,1.18761,1.18765,1.72,2.25
2015.01.07 07:33:37.840,1.18761,1.18764,2.44,1.00
2015.01.07 07:33:38.145,1.18759,1.1876,1.50,3.37
2015.01.07 07:33:38.196,1.18758,1.18759,1.10,3.00
2015.01.07 07:33:38.247,1.18759,1.18762,2.10,2.62
2015.01.07 07:33:38.348,1.1876,1.18762,4.72,1.00
2015.01.07 07:33:38.854,1.1876,1.18764,2.44,1.12
2015.01.07 07:33:39.288,1.1876,1.18764,3.19,1.00
2015.01.07 07:33:39.805,1.18762,1.18765,2.25,1.00
2015.01.07 07:33:40.108,1.18764,1.18768,1.50,4.50
2015.01.07 07:33:40.615,1.18765,1.18768,1.25,2.70
2015.01.07 07:33:40.970,1.18767,1.1877,1.00,3.07
2015.01.07 07:33:41.021,1.18768,1.1877,2.10,1.95
2015.01.07 07:33:41.426,1.18769,1.18773,5.29,1.95
2015.01.07 07:33:41.931,1.1877,1.18773,1.00,1.00
2015.01.07 07:33:43.885,1.18769,1.18773,1.69,1.00
2015.01.07 07:33:44.782,1.18769,1.18772,1.69,1.00
2015.01.07 07:33:45.310,1.1877,1.18773,1.19,1.00
2015.01.07 07:33:46.601,1.18769,1.18773,1.69,1.50
2015.01.07 07:33:47.646,1.18769,1.18773,2.44,1.57
2015.01.07 07:33:48.010,1.18769,1.18771,1.00,1.00
2015.01.07 07:33:48.313,1.18764,1.18767,1.01,1.50
2015.01.07 07:33:48.515,1.18762,1.18765,2.06,1.00
2015.01.07 07:33:49.209,1.18762,1.18765,1.12,1.50
2015.01.07 07:33:49.563,1.18761,1.18765,2.51,2.25
2015.01.07 07:33:49.816,1.18761,1.18763,1.01,1.00
2015.01.07 07:33:50.119,1.18763,1.18765,1.00,1.12
2015.01.07 07:33:50.667,1.18762,1.18763,1.00,1.00
2015.01.07 07:33:51.477,1.18761,1.18763,1.00,1.50
2015.01.07 07:33:52.983,1.18764,1.18766,2.50,5.44
2015.01.07 07:33:53.313,1.18769,1.1877,1.00,16.87
2015.01.07 07:33:53.414,1.18769,1.18771,1.69,1.00
2015.01.07 07:33:53.920,1.18771,1.18772,1.00,1.00
2015.01.07 07:33:56.104,1.1877,1.18771,2.25,1.00
2015.01.07 07:33:57.330,1.1877,1.18773,1.19,1.00
2015.01.07 07:33:58.339,1.1877,1.18773,1.19,1.50
2015.01.07 07:33:59.829,1.18771,1.18773,1.00,1.12
2015.01.07 07:33:59.880,1.18771,1.18773,1.00,2.25
2015.01.07 07:34:00.415,1.1877,1.18772,1.25,1.50
2015.01.07 07:34:01.275,1.1877,1.18773,1.25,2.25
2015.01.07 07:34:01.528,1.1877,1.18771,2.44,1.00
2015.01.07 07:34:01.780,1.1877,1.18773,2.44,3.00
2015.01.07 07:34:02.791,1.1877,1.18773,2.44,2.25
2015.01.07 07:34:03.854,1.18769,1.18771,3.75,1.00
2015.01.07 07:34:04.360,1.18769,1.18773,3.19,3.07
2015.01.07 07:34:07.448,1.18769,1.18771,6.19,1.00
2015.01.07 07:34:08.324,1.18769,1.18771,3.94,1.00
2015.01.07 07:34:08.834,1.18769,1.1877,1.00,1.00
2015.01.07 07:34:09.442,1.18769,1.18771,1.00,1.00
2015.01.07 07:34:10.308,1.18769,1.18771,3.37,1.00
2015.01.07 07:34:10.460,1.18772,1.18774,1.12,1.12
2015.01.07 07:34:10.512,1.18774,1.18775,4.20,1.10
2015.01.07 07:34:10.715,1.18777,1.18779,4.12,1.31
2015.01.07 07:34:10.918,1.18778,1.1878,3.19,3.75
2015.01.07 07:34:11.071,1.1878,1.18782,2.32,1.00
2015.01.07 07:34:11.576,1.1878,1.18782,3.75,1.50
2015.01.07 07:34:13.142,1.18782,1.18785,2.47,2.62
2015.01.07 07:34:13.664,1.18784,1.18785,1.50,1.00
2015.01.07 07:34:14.451,1.18784,1.18787,1.57,2.25
2015.01.07 07:34:14.657,1.18784,1.18787,1.57,2.25
2015.01.07 07:34:15.011,1.18786,1.18789,1.69,4.12
2015.01.07 07:34:15.516,1.18786,1.18788,1.00,1.50
2015.01.07 07:34:16.256,1.18786,1.18787,1.00,1.00
2015.01.07 07:34:16.984,1.18784,1.18786,1.95,1.00
2015.01.07 07:34:17.036,1.18782,1.18784,1.10,1.00
2015.01.07 07:34:17.542,1.18782,1.18784,1.10,1.00
2015.01.07 07:34:17.997,1.1878,1.18783,3.30,1.00
2015.01.07 07:34:18.303,1.1878,1.18782,1.10,1.50
2015.01.07 07:34:18.454,1.18779,1.18782,1.87,1.50
2015.01.07 07:34:18.960,1.18779,1.18782,4.31,1.50
2015.01.07 07:34:19.213,1.18781,1.18784,1.10,1.00
2015.01.07 07:34:19.921,1.18781,1.18784,2.06,1.00
2015.01.07 07:34:20.831,1.18781,1.18784,1.10,1.50
2015.01.07 07:34:21.683,1.18779,1.18781,1.12,6.00
2015.01.07 07:34:21.837,1.18775,1.18778,1.37,1.00
2015.01.07 07:34:21.888,1.18775,1.18778,1.50,1.00
2015.01.07 07:34:22.040,1.18775,1.18778,2.32,1.12
2015.01.07 07:34:22.545,1.18774,1.18777,2.81,1.00
2015.01.07 07:34:22.799,1.18774,1.18777,1.76,1.00
2015.01.07 07:34:23.405,1.18774,1.18778,1.00,3.75
2015.01.07 07:34:23.910,1.18774,1.18777,1.00,3.04
2015.01.07 07:34:24.012,1.18771,1.18777,4.31,3.86
2015.01.07 07:34:24.517,1.18772,1.18775,1.12,1.00
2015.01.07 07:34:25.023,1.18772,1.18776,1.12,1.39
2015.01.07 07:34:26.393,1.18772,1.18776,1.50,2.14
2015.01.07 07:34:26.546,1.18771,1.18775,3.00,1.10
2015.01.07 07:34:26.902,1.18771,1.18776,2.50,1.12
2015.01.07 07:34:27.106,1.18772,1.18777,2.44,3.07
2015.01.07 07:34:27.764,1.18772,1.18777,6.56,1.87
2015.01.07 07:34:28.270,1.18774,1.18778,1.69,1.50
2015.01.07 07:34:29.988,1.18778,1.18779,1.00,1.12
2015.01.07 07:34:30.089,1.18779,1.18781,1.00,1.00
2015.01.07 07:34:30.644,1.18779,1.18783,1.12,1.20
2015.01.07 07:34:31.098,1.18781,1.18783,1.00,1.20
2015.01.07 07:34:32.978,1.1878,1.18782,2.81,1.00
2015.01.07 07:34:33.281,1.18774,1.18777,5.62,1.12
2015.01.07 07:34:33.434,1.18773,1.18777,1.69,1.50
2015.01.07 07:34:33.585,1.18773,1.18775,1.00,1.00
2015.01.07 07:34:34.091,1.18771,1.18775,1.69,4.12
2015.01.07 07:34:35.104,1.18771,1.18774,1.25,1.12
2015.01.07 07:34:36.665,1.18771,1.18775,1.19,2.62
2015.01.07 07:34:41.288,1.18772,1.18776,1.57,3.94
2015.01.07 07:34:41.804,1.18772,1.18775,1.10,1.50
2015.01.07 07:34:43.107,1.18773,1.18776,1.00,3.00
2015.01.07 07:34:43.158,1.18773,1.18776,1.50,3.00
2015.01.07 07:34:43.664,1.18772,1.18775,3.94,1.00
2015.01.07 07:34:44.787,1.18772,1.18775,1.31,1.00
2015.01.07 07:34:51.493,1.18772,1.18774,1.31,1.00
2015.01.07 07:34:52.454,1.18771,1.18774,1.39,1.87
2015.01.07 07:34:52.961,1.1877,1.18773,1.69,1.00
2015.01.07 07:34:54.457,1.1877,1.18774,3.94,1.87
2015.01.07 07:34:54.963,1.1877,1.18775,10.69,3.56
2015.01.07 07:34:55.273,1.18771,1.18775,3.94,2.06
2015.01.07 07:34:57.128,1.1877,1.18775,8.06,3.00
2015.01.07 07:35:00.497,1.18772,1.18775,3.67,1.25
2015.01.07 07:35:01.118,1.18772,1.18776,6.82,3.00
2015.01.07 07:35:01.169,1.18774,1.18777,1.27,1.00
2015.01.07 07:35:01.674,1.18774,1.18776,1.10,1.00
2015.01.07 07:35:02.585,1.18772,1.18776,3.56,1.50
2015.01.07 07:35:03.274,1.18772,1.18776,3.19,2.17
2015.01.07 07:35:03.787,1.18775,1.18778,3.60,9.49
2015.01.07 07:35:03.989,1.18778,1.18781,1.00,3.67
2015.01.07 07:35:04.091,1.18776,1.18779,5.44,1.50
2015.01.07 07:35:04.243,1.18777,1.18779,2.62,1.00
2015.01.07 07:35:05.783,1.18779,1.18781,1.00,1.57
2015.01.07 07:35:06.238,1.18777,1.18779,4.80,1.00
2015.01.07 07:35:06.340,1.18775,1.18777,9.00,1.50
2015.01.07 07:35:06.391,1.18775,1.18776,1.00,1.00
2015.01.07 07:35:06.443,1.18773,1.18776,1.00,2.17
2015.01.07 07:35:06.494,1.18772,1.18776,2.89,2.55
2015.01.07 07:35:06.999,1.1877,1.18774,2.44,1.57
2015.01.07 07:35:07.507,1.1877,1.18773,4.31,1.00
2015.01.07 07:35:08.043,1.1877,1.18773,3.56,1.00
2015.01.07 07:35:12.946,1.1877,1.18771,1.87,1.00
2015.01.07 07:35:13.269,1.18768,1.18769,2.44,1.50
2015.01.07 07:35:13.522,1.18768,1.18772,4.31,1.57
2015.01.07 07:35:13.572,1.18768,1.18771,4.12,1.25
2015.01.07 07:35:14.369,1.18763,1.18765,2.17,1.50
2015.01.07 07:35:14.420,1.1876,1.18763,1.10,1.00
2015.01.07 07:35:15.776,1.1876,1.18762,1.00,1.00
2015.01.07 07:35:16.281,1.18759,1.18763,1.60,2.32
2015.01.07 07:35:16.586,1.18759,1.18763,1.30,2.32
2015.01.07 07:35:16.940,1.18758,1.1876,2.17,1.00
2015.01.07 07:35:17.244,1.1875,1.18754,1.69,1.50
2015.01.07 07:35:17.548,1.18753,1.18754,1.00,1.00
2015.01.07 07:35:17.801,1.18759,1.18761,1.57,3.75
2015.01.07 07:35:19.182,1.18759,1.18763,4.19,1.10
2015.01.07 07:35:19.688,1.1876,1.18765,3.45,4.50
2015.01.07 07:35:20.295,1.18761,1.18765,1.69,1.87
2015.01.07 07:35:20.802,1.18761,1.18765,1.25,1.50
2015.01.07 07:35:24.048,1.18762,1.18765,1.25,3.60
2015.01.07 07:35:24.200,1.18758,1.1876,1.50,1.00
2015.01.07 07:35:24.251,1.18758,1.1876,1.50,1.00
2015.01.07 07:35:24.402,1.18759,1.18761,1.00,1.00
2015.01.07 07:35:24.504,1.18758,1.18761,1.50,1.10
2015.01.07 07:35:25.060,1.18757,1.1876,1.01,1.00
2015.01.07 07:35:25.313,1.18755,1.18758,2.25,1.00
2015.01.07 07:35:25.415,1.18753,1.18757,1.57,3.07
2015.01.07 07:35:25.768,1.18752,1.18755,1.10,1.00
2015.01.07 07:35:26.072,1.18753,1.18756,1.15,1.12
2015.01.07 07:35:26.578,1.18753,1.18756,1.00,1.12
2015.01.07 07:35:27.083,1.18753,1.18756,1.00,1.10
2015.01.07 07:35:27.812,1.18751,1.18756,1.69,1.57
2015.01.07 07:35:28.016,1.18751,1.18755,1.50,1.12
2015.01.07 07:35:29.031,1.1875,1.18754,1.10,1.10
2015.01.07 07:35:29.841,1.1875,1.18754,1.00,1.10
2015.01.07 07:35:30.146,1.18753,1.18756,1.00,1.50
2015.01.07 07:35:30.962,1.18752,1.18754,1.00,1.00
2015.01.07 07:35:32.359,1.1875,1.18754,2.32,2.51
2015.01.07 07:35:33.171,1.18749,1.18754,1.87,2.01
2015.01.07 07:35:33.820,1.18749,1.18754,4.69,1.57
2015.01.07 07:35:34.332,1.1875,1.18754,3.94,1.50
2015.01.07 07:35:34.688,1.18754,1.18756,1.00,1.12
2015.01.07 07:35:34.742,1.18755,1.18757,1.50,1.10
2015.01.07 07:35:34.793,1.18758,1.18759,1.00,2.62
2015.01.07 07:35:34.896,1.18758,1.18759,1.00,1.00
2015.01.07 07:35:34.947,1.18758,1.18759,1.00,1.00
2015.01.07 07:35:35.050,1.18759,1.18761,1.00,1.50
2015.01.07 07:35:35.405,1.18759,1.18763,1.25,1.50
2015.01.07 07:35:35.910,1.1876,1.18764,1.05,2.32
2015.01.07 07:35:36.112,1.1876,1.18764,3.07,1.20
2015.01.07 07:35:36.632,1.18761,1.18764,1.10,1.00
2015.01.07 07:35:38.792,1.18759,1.18763,2.53,1.00
2015.01.07 07:35:38.843,1.18759,1.18763,1.57,2.44
2015.01.07 07:35:38.945,1.18759,1.18763,1.50,2.25
2015.01.07 07:35:39.248,1.18761,1.18763,1.00,1.87
2015.01.07 07:35:39.755,1.18762,1.18763,1.00,1.50
2015.01.07 07:35:40.219,1.1876,1.18763,1.20,2.25
2015.01.07 07:35:40.893,1.18761,1.18763,1.00,1.00
2015.01.07 07:35:41.985,1.18761,1.18762,1.25,1.00
2015.01.07 07:35:42.238,1.1876,1.18764,3.26,1.50
2015.01.07 07:35:44.376,1.18761,1.18764,1.00,1.00
2015.01.07 07:35:45.479,1.1876,1.18764,1.39,1.00
2015.01.07 07:35:45.632,1.18761,1.18764,1.69,1.00
2015.01.07 07:35:46.138,1.18762,1.18765,2.66,1.00
2015.01.07 07:35:46.644,1.18762,1.18765,4.16,1.00
2015.01.07 07:35:47.636,1.18762,1.18765,1.01,1.00
2015.01.07 07:35:48.798,1.18762,1.18764,1.76,1.00
2015.01.07 07:35:53.964,1.1876,1.18764,5.89,1.50
2015.01.07 07:35:54.563,1.18762,1.18764,1.00,1.00
2015.01.07 07:35:55.844,1.18762,1.18765,1.00,1.57
2015.01.07 07:35:56.149,1.18763,1.18767,1.50,1.12
2015.01.07 07:35:56.301,1.18765,1.18767,1.25,1.10
2015.01.07 07:35:56.402,1.18765,1.18769,1.25,10.57
2015.01.07 07:35:56.908,1.18764,1.18769,1.69,11.20
2015.01.07 07:35:58.462,1.18768,1.1877,4.79,2.17
2015.01.07 07:35:58.514,1.18769,1.18772,1.00,1.10
2015.01.07 07:35:59.019,1.18769,1.18773,2.92,1.25
2015.01.07 07:35:59.545,1.18769,1.18772,3.11,1.00
2015.01.07 07:35:59.697,1.1877,1.18774,3.19,1.10
2015.01.07 07:35:59.798,1.18772,1.18774,1.00,1.10
2015.01.07 07:35:59.951,1.18772,1.18776,1.25,1.10
2015.01.07 07:36:00.459,1.18772,1.18776,3.19,1.50
2015.01.07 07:36:00.662,1.18774,1.18776,5.29,1.00
2015.01.07 07:36:00.713,1.18775,1.18779,2.81,6.45
2015.01.07 07:36:01.619,1.18775,1.18779,4.91,3.82
2015.01.07 07:36:02.125,1.18777,1.18779,2.10,4.95
2015.01.07 07:36:02.782,1.18776,1.18779,1.00,4.50
2015.01.07 07:36:03.462,1.18776,1.18778,1.00,1.10
2015.01.07 07:36:04.021,1.18776,1.18779,3.56,3.75
2015.01.07 07:36:04.526,1.18776,1.18779,1.69,3.00
2015.01.07 07:36:05.232,1.18776,1.18779,1.69,3.45
2015.01.07 07:36:05.838,1.18776,1.18779,1.84,3.45
2015.01.07 07:36:06.343,1.18776,1.18779,1.50,3.45
2015.01.07 07:36:09.278,1.18773,1.18776,5.62,1.50
2015.01.07 07:36:09.431,1.18772,1.18773,3.00,3.00
2015.01.07 07:36:09.533,1.18767,1.18769,1.20,1.00
2015.01.07 07:36:09.584,1.18767,1.18769,1.20,6.37
2015.01.07 07:36:09.736,1.18765,1.18768,2.32,1.50
2015.01.07 07:36:09.838,1.18765,1.18767,1.10,1.00
2015.01.07 07:36:10.346,1.18763,1.18766,2.06,1.00
2015.01.07 07:36:11.527,1.18763,1.18767,2.44,1.50
2015.01.07 07:36:11.830,1.18764,1.18765,1.10,1.00
2015.01.07 07:36:12.336,1.18763,1.18765,1.50,1.00
2015.01.07 07:36:12.640,1.18758,1.18759,1.00,3.75
2015.01.07 07:36:12.741,1.18754,1.18757,2.44,2.92
2015.01.07 07:36:12.944,1.18752,1.18754,2.81,1.00
2015.01.07 07:36:13.450,1.18751,1.18753,3.19,1.10
2015.01.07 07:36:14.115,1.18752,1.18755,2.06,2.17
2015.01.07 07:36:14.621,1.18753,1.18755,2.62,1.12
2015.01.07 07:36:15.128,1.18754,1.18755,1.50,1.05
2015.01.07 07:36:15.645,1.18754,1.18757,1.50,3.75
2015.01.07 07:36:16.157,1.18754,1.18757,1.80,2.92
2015.01.07 07:36:19.005,1.18753,1.18757,3.26,2.25
2015.01.07 07:36:20.053,1.18753,1.18757,3.56,2.92
2015.01.07 07:36:21.319,1.18753,1.18756,1.12,1.12
2015.01.07 07:36:21.825,1.18752,1.18756,2.89,1.10
2015.01.07 07:36:22.365,1.18752,1.18756,3.26,1.10
2015.01.07 07:36:23.326,1.18751,1.18756,2.25,3.45
2015.01.07 07:36:23.478,1.18751,1.18753,1.10,1.00
2015.01.07 07:36:24.636,1.1875,1.18752,2.62,1.00
2015.01.07 07:36:25.146,1.1875,1.18752,2.70,1.00
2015.01.07 07:36:25.670,1.18751,1.18753,1.00,1.50
2015.01.07 07:36:26.025,1.18751,1.18755,1.00,2.62
2015.01.07 07:36:26.227,1.18752,1.18755,1.65,2.25
2015.01.07 07:36:26.531,1.18753,1.18757,2.70,2.25
2015.01.07 07:36:27.037,1.18753,1.18755,1.47,1.00
2015.01.07 07:36:29.438,1.18752,1.18755,1.31,1.00
2015.01.07 07:36:29.943,1.18752,1.18754,1.10,1.00
2015.01.07 07:36:30.491,1.18751,1.18753,2.92,1.00
2015.01.07 07:36:30.996,1.18752,1.18755,1.00,2.06
2015.01.07 07:36:31.098,1.1875,1.18752,4.57,1.00
2015.01.07 07:36:31.654,1.18748,1.18751,2.62,1.00
2015.01.07 07:36:32.537,1.1875,1.18752,1.00,1.00
2015.01.07 07:36:33.241,1.18749,1.18751,3.26,1.00
2015.01.07 07:36:33.444,1.18748,1.1875,1.76,1.00
2015.01.07 07:36:33.495,1.1875,1.18751,1.10,1.00
2015.01.07 07:36:35.836,1.18749,1.18754,4.61,3.19
2015.01.07 07:36:36.140,1.18751,1.18754,1.35,1.25
2015.01.07 07:36:36.443,1.18752,1.18755,3.15,1.50
2015.01.07 07:36:36.645,1.18753,1.18755,1.10,1.00
2015.01.07 07:36:37.788,1.18752,1.18754,1.69,1.00
2015.01.07 07:36:38.294,1.18751,1.18753,1.57,1.00
2015.01.07 07:36:40.633,1.1875,1.18754,4.69,1.00
2015.01.07 07:36:42.083,1.1875,1.18753,4.69,1.00
2015.01.07 07:36:43.360,1.1875,1.18753,1.57,1.00
2015.01.07 07:36:47.305,1.18749,1.18753,3.07,1.50
2015.01.07 07:36:47.355,1.18749,1.18752,1.20,1.37
2015.01.07 07:36:47.659,1.18743,1.18744,1.50,1.00
2015.01.07 07:36:47.710,1.18741,1.18744,2.14,1.00
2015.01.07 07:36:48.215,1.18741,1.18744,1.00,1.57
2015.01.07 07:36:48.316,1.1874,1.18744,2.44,3.07
2015.01.07 07:36:48.974,1.18738,1.18739,1.00,3.75
2015.01.07 07:36:49.076,1.18736,1.18737,1.05,1.87
2015.01.07 07:36:49.127,1.18735,1.18737,4.50,2.51
2015.01.07 07:36:49.178,1.18732,1.18734,1.20,1.00
2015.01.07 07:36:49.329,1.1873,1.18734,1.87,1.00
2015.01.07 07:36:49.380,1.1873,1.18732,1.50,1.00
2015.01.07 07:36:49.431,1.18728,1.18732,2.70,1.00
2015.01.07 07:36:51.052,1.18729,1.18732,1.00,1.00
2015.01.07 07:36:51.561,1.18729,1.18733,2.06,1.12
2015.01.07 07:36:52.067,1.18728,1.18733,4.31,1.87
2015.01.07 07:36:53.190,1.18729,1.18732,1.47,1.00
2015.01.07 07:36:53.847,1.1873,1.18735,3.26,2.32
2015.01.07 07:36:54.543,1.18731,1.18735,1.00,3.45
2015.01.07 07:36:55.721,1.18732,1.18735,1.00,2.70
2015.01.07 07:36:57.936,1.18732,1.18734,1.00,1.00
2015.01.07 07:36:58.695,1.18731,1.18734,1.50,1.00
2015.01.07 07:36:59.551,1.18731,1.18735,2.44,1.57
2015.01.07 07:37:00.278,1.18731,1.18735,1.00,2.32
2015.01.07 07:37:00.431,1.18732,1.18735,4.05,1.50
2015.01.07 07:37:00.735,1.18737,1.18741,2.74,1.50
2015.01.07 07:37:00.887,1.18741,1.18744,1.50,3.75
2015.01.07 07:37:00.938,1.18741,1.18744,5.44,1.50
2015.01.07 07:37:01.241,1.18742,1.18746,4.01,1.00
2015.01.07 07:37:05.125,1.18742,1.18746,4.69,1.10
2015.01.07 07:37:05.430,1.18742,1.18744,1.00,1.00
2015.01.07 07:37:05.885,1.1874,1.18744,3.37,1.10
2015.01.07 07:37:11.133,1.1874,1.18743,1.00,1.00
2015.01.07 07:37:12.820,1.18741,1.18743,1.00,1.00
2015.01.07 07:37:14.537,1.18741,1.18744,1.50,1.00
2015.01.07 07:37:15.046,1.1874,1.18745,3.64,4.20
2015.01.07 07:37:15.551,1.18742,1.18745,1.69,1.20
2015.01.07 07:37:15.856,1.18744,1.18747,1.00,1.57
2015.01.07 07:37:17.007,1.18742,1.18747,3.26,2.32
2015.01.07 07:37:18.465,1.18742,1.18747,1.76,2.32
2015.01.07 07:37:18.770,1.18745,1.18747,1.00,3.07
2015.01.07 07:37:19.828,1.18744,1.18747,1.00,3.07
2015.01.07 07:37:23.435,1.18745,1.18747,1.00,2.32
2015.01.07 07:37:24.075,1.18747,1.18748,1.00,1.80
2015.01.07 07:37:24.227,1.18749,1.1875,1.00,2.25
2015.01.07 07:37:24.329,1.1875,1.18753,2.25,1.57
2015.01.07 07:37:24.380,1.18752,1.18753,1.00,1.10
2015.01.07 07:37:24.819,1.18753,1.18756,1.00,1.76
2015.01.07 07:37:25.410,1.18755,1.18758,1.00,2.81
2015.01.07 07:37:25.715,1.1876,1.18762,1.00,1.50
2015.01.07 07:37:25.816,1.18762,1.18763,1.69,1.00
2015.01.07 07:37:25.868,1.18764,1.18767,1.00,1.37
2015.01.07 07:37:25.918,1.18764,1.18769,1.25,2.62
2015.01.07 07:37:25.970,1.18768,1.1877,1.00,3.00
2015.01.07 07:37:26.274,1.18767,1.18769,1.84,1.00
2015.01.07 07:37:26.324,1.18769,1.18771,2.25,1.00
2015.01.07 07:37:26.831,1.18767,1.18769,2.55,2.10
2015.01.07 07:37:26.884,1.18766,1.18768,2.55,2.10
2015.01.07 07:37:26.985,1.18756,1.18758,3.19,1.00
2015.01.07 07:37:27.036,1.18755,1.18758,3.56,1.00
2015.01.07 07:37:27.239,1.18755,1.18758,1.00,2.10
2015.01.07 07:37:27.445,1.18754,1.18756,1.50,1.00
2015.01.07 07:37:27.496,1.18752,1.18756,1.25,1.00
2015.01.07 07:37:28.003,1.1875,1.18755,1.69,1.00
2015.01.07 07:37:28.407,1.18749,1.18751,1.00,1.87
2015.01.07 07:37:28.711,1.18741,1.18745,1.00,1.00
2015.01.07 07:37:28.762,1.18741,1.18745,1.00,1.00
2015.01.07 07:37:30.267,1.18738,1.1874,2.25,2.12
2015.01.07 07:37:30.325,1.18737,1.18739,1.00,1.10
2015.01.07 07:37:30.426,1.1874,1.18743,1.00,7.05
2015.01.07 07:37:30.578,1.18741,1.18743,1.00,1.50
2015.01.07 07:37:30.932,1.18743,1.18746,1.00,3.60
2015.01.07 07:37:31.135,1.18741,1.18745,1.69,1.20
2015.01.07 07:37:32.565,1.18741,1.18743,1.00,1.00
2015.01.07 07:37:33.070,1.1874,1.18743,1.00,1.00
2015.01.07 07:37:33.620,1.18738,1.18739,1.00,2.85
2015.01.07 07:37:33.671,1.18735,1.18738,1.00,5.25
2015.01.07 07:37:34.176,1.18734,1.18738,1.00,2.32
2015.01.07 07:37:34.479,1.18734,1.18736,1.00,1.00
2015.01.07 07:37:35.035,1.18733,1.18736,1.00,1.10
2015.01.07 07:37:35.338,1.18736,1.18738,2.25,1.10
2015.01.07 07:37:35.440,1.18739,1.18741,1.00,1.05
2015.01.07 07:37:35.544,1.1874,1.18743,1.00,1.00
2015.01.07 07:37:35.746,1.1874,1.18745,1.10,2.14
2015.01.07 07:37:36.440,1.18741,1.18745,1.00,2.89
2015.01.07 07:37:40.384,1.18741,1.18744,1.00,1.00
2015.01.07 07:37:40.889,1.18741,1.18743,1.50,1.00
2015.01.07 07:37:42.051,1.18741,1.18745,1.50,3.94
2015.01.07 07:37:43.240,1.18741,1.18746,4.31,3.75
2015.01.07 07:37:44.338,1.18742,1.18745,1.12,1.00
2015.01.07 07:37:47.228,1.18742,1.18745,1.12,1.20
2015.01.07 07:37:47.533,1.18751,1.18753,1.87,3.00
2015.01.07 07:37:47.685,1.18753,1.18755,1.00,1.87
2015.01.07 07:37:47.787,1.18753,1.18756,1.00,1.10
2015.01.07 07:37:48.832,1.18754,1.18757,1.00,1.57
2015.01.07 07:37:53.383,1.18753,1.18757,1.50,1.57
2015.01.07 07:37:53.888,1.18753,1.18756,1.00,1.00
2015.01.07 07:37:54.403,1.18753,1.18755,1.00,1.00
2015.01.07 07:37:56.521,1.18754,1.18756,1.00,1.00
2015.01.07 07:37:57.025,1.18753,1.18757,1.00,1.10
2015.01.07 07:37:57.530,1.18754,1.18758,1.00,2.32
2015.01.07 07:37:58.898,1.18755,1.18758,1.50,2.32
2015.01.07 07:37:58.999,1.18757,1.18759,1.00,3.75
2015.01.07 07:37:59.202,1.18757,1.18761,2.62,1.00
2015.01.07 07:37:59.504,1.18756,1.18759,3.07,2.47
2015.01.07 07:37:59.809,1.18754,1.18756,1.10,1.00
2015.01.07 07:37:59.960,1.18753,1.18758,1.57,2.32
2015.01.07 07:38:00.465,1.18753,1.18757,1.00,2.25
2015.01.07 07:38:00.970,1.18754,1.18757,1.00,1.00
2015.01.07 07:38:01.475,1.18754,1.18756,1.00,1.00
2015.01.07 07:38:02.705,1.18753,1.18756,2.32,1.00
2015.01.07 07:38:02.857,1.18752,1.18755,1.39,1.37
2015.01.07 07:38:03.111,1.18751,1.18754,1.00,1.50
2015.01.07 07:38:03.617,1.1875,1.18754,1.39,1.00
2015.01.07 07:38:04.739,1.18751,1.18754,1.00,1.10
2015.01.07 07:38:09.071,1.18751,1.18754,4.31,1.00
2015.01.07 07:38:13.469,1.18752,1.18756,1.50,1.47
2015.01.07 07:38:13.975,1.18753,1.18757,1.69,1.87
2015.01.07 07:38:15.830,1.18753,1.18756,1.19,1.10
2015.01.07 07:38:17.487,1.18761,1.18763,1.87,6.71
2015.01.07 07:38:17.538,1.18762,1.18765,1.31,1.57
2015.01.07 07:38:18.044,1.18764,1.18766,1.00,1.10
2015.01.07 07:38:18.851,1.18763,1.18765,2.44,1.00
2015.01.07 07:38:22.236,1.18763,1.18766,2.25,1.00
2015.01.07 07:38:23.412,1.18763,1.18766,1.50,1.00
2015.01.07 07:38:23.920,1.18762,1.18765,2.06,1.00
2015.01.07 07:38:25.091,1.18763,1.18765,1.00,1.46
2015.01.07 07:38:25.598,1.18762,1.18765,1.31,1.00
2015.01.07 07:38:26.103,1.1876,1.18764,4.39,1.00
2015.01.07 07:38:26.608,1.18762,1.18765,1.12,1.12
2015.01.07 07:38:28.664,1.18763,1.18765,1.00,1.00
2015.01.07 07:38:30.076,1.18763,1.18766,1.50,1.57
2015.01.07 07:38:30.694,1.18764,1.18766,1.12,1.10
2015.01.07 07:38:30.745,1.18765,1.18769,1.69,6.37
2015.01.07 07:38:31.272,1.18764,1.18768,1.69,1.50
2015.01.07 07:38:31.780,1.18765,1.18769,1.25,5.62
2015.01.07 07:38:32.758,1.18767,1.18769,1.00,4.50
2015.01.07 07:38:32.962,1.18771,1.18773,1.25,1.87
2015.01.07 07:38:33.266,1.18771,1.18775,1.25,2.25
2015.01.07 07:38:33.782,1.18771,1.18775,1.69,3.26
2015.01.07 07:38:35.341,1.18772,1.18775,1.25,1.87
2015.01.07 07:38:36.211,1.18773,1.18776,1.25,1.10
2015.01.07 07:38:37.186,1.18773,1.18776,1.19,1.10
2015.01.07 07:38:37.697,1.18774,1.18778,1.25,4.12
2015.01.07 07:38:38.410,1.18773,1.18776,1.19,1.00
2015.01.07 07:38:43.945,1.18772,1.18775,2.62,1.00
2015.01.07 07:38:47.128,1.18772,1.18776,2.25,1.10
2015.01.07 07:38:52.034,1.18772,1.18774,1.01,1.00
2015.01.07 07:38:52.337,1.18769,1.18771,1.10,1.00
2015.01.07 07:38:52.641,1.18767,1.18769,1.12,3.37
2015.01.07 07:38:52.693,1.18765,1.18768,3.75,1.00
2015.01.07 07:38:52.946,1.18764,1.18766,1.00,1.00
2015.01.07 07:38:53.351,1.18763,1.18765,2.06,1.00
2015.01.07 07:38:56.008,1.18763,1.18766,2.06,1.00
2015.01.07 07:38:56.110,1.18764,1.18766,1.19,1.00
2015.01.07 07:38:56.982,1.18764,1.18766,1.80,1.00
2015.01.07 07:38:57.599,1.18764,1.18765,1.10,1.00
2015.01.07 07:38:58.105,1.18765,1.18766,1.00,1.00
2015.01.07 07:38:58.610,1.18764,1.18766,1.76,1.00
2015.01.07 07:38:59.115,1.18765,1.18767,1.76,1.00
2015.01.07 07:39:00.002,1.18766,1.1877,1.37,4.31
2015.01.07 07:39:01.580,1.18765,1.18768,5.89,1.00
2015.01.07 07:39:01.634,1.18767,1.1877,1.69,3.94
2015.01.07 07:39:01.839,1.18766,1.18768,2.06,1.00
2015.01.07 07:39:02.749,1.18766,1.18768,1.01,1.00
2015.01.07 07:39:02.850,1.18766,1.1877,1.01,5.81
2015.01.07 07:39:03.810,1.18766,1.1877,2.44,5.06
2015.01.07 07:39:04.468,1.18766,1.18769,4.54,1.00
2015.01.07 07:39:05.377,1.18767,1.1877,2.29,3.00
2015.01.07 07:39:05.580,1.18768,1.1877,1.87,2.25
2015.01.07 07:39:06.237,1.18768,1.1877,1.01,2.25
2015.01.07 07:39:11.824,1.18767,1.18769,4.69,1.60
2015.01.07 07:39:12.027,1.18763,1.18765,3.26,1.00
2015.01.07 07:39:12.533,1.18763,1.18765,1.69,1.12
2015.01.07 07:39:14.830,1.18763,1.18765,1.69,1.00
2015.01.07 07:39:18.112,1.18763,1.18766,3.00,1.10
2015.01.07 07:39:24.059,1.18763,1.18767,3.00,1.10
2015.01.07 07:39:24.565,1.18764,1.18768,2.25,1.12
2015.01.07 07:39:25.070,1.18764,1.18768,2.25,1.10
2015.01.07 07:39:25.576,1.18763,1.18768,4.76,1.57
2015.01.07 07:39:26.030,1.18763,1.18765,2.25,1.00
2015.01.07 07:39:26.559,1.18763,1.18766,2.25,1.10
2015.01.07 07:39:29.567,1.18764,1.18768,1.00,3.19
2015.01.07 07:39:32.251,1.18766,1.18769,2.25,9.67
2015.01.07 07:39:32.302,1.18767,1.18769,3.00,1.10
2015.01.07 07:39:32.353,1.18769,1.1877,1.00,2.92
2015.01.07 07:39:32.454,1.1877,1.18772,1.50,1.00
2015.01.07 07:39:32.606,1.18771,1.18774,1.00,1.10
2015.01.07 07:39:33.112,1.18771,1.18775,1.57,1.12
2015.01.07 07:39:33.867,1.18772,1.18775,1.00,1.00
2015.01.07 07:39:34.375,1.1877,1.18773,2.62,1.00
2015.01.07 07:39:34.885,1.1877,1.18774,3.37,1.10
2015.01.07 07:39:36.300,1.1877,1.18772,2.25,1.00
2015.01.07 07:39:38.402,1.18771,1.18772,1.00,1.00
2015.01.07 07:39:38.941,1.18771,1.18773,1.50,1.00
2015.01.07 07:39:39.044,1.18772,1.18774,1.50,1.10
2015.01.07 07:39:41.012,1.18771,1.18772,1.50,1.00
2015.01.07 07:39:41.467,1.18769,1.1877,2.32,1.00
2015.01.07 07:39:41.771,1.18765,1.18767,1.50,1.00
2015.01.07 07:39:44.739,1.18764,1.18766,1.00,1.00
2015.01.07 07:39:45.250,1.18764,1.18765,1.00,1.00
2015.01.07 07:39:51.611,1.18763,1.18765,2.25,1.00
2015.01.07 07:39:58.928,1.18762,1.18765,1.02,1.00
2015.01.07 07:39:59.939,1.18762,1.18766,1.84,1.00
2015.01.07 07:40:07.016,1.18763,1.18766,1.00,1.00
2015.01.07 07:40:09.979,1.18764,1.18766,1.25,1.00
2015.01.07 07:40:10.131,1.18763,1.18768,3.56,2.25
2015.01.07 07:40:13.121,1.18763,1.18768,3.37,3.00
2015.01.07 07:40:17.325,1.18763,1.18768,2.62,3.00
2015.01.07 07:40:18.651,1.18763,1.18768,2.62,3.00
2015.01.07 07:40:19.312,1.18763,1.18768,1.87,3.00
2015.01.07 07:40:22.446,1.18764,1.18768,2.17,3.00
2015.01.07 07:40:22.750,1.1877,1.18773,1.12,1.10
2015.01.07 07:40:23.256,1.18771,1.18773,1.50,1.00
2015.01.07 07:40:23.761,1.1877,1.18773,3.07,1.00
2015.01.07 07:40:24.013,1.18772,1.18773,1.00,1.00
2015.01.07 07:40:26.220,1.18774,1.18775,1.00,1.12
2015.01.07 07:40:27.641,1.18774,1.18777,1.00,1.87
2015.01.07 07:40:29.332,1.18774,1.18776,2.66,1.00
2015.01.07 07:40:29.868,1.18774,1.18777,2.06,1.10
2015.01.07 07:40:33.412,1.18774,1.18777,1.00,1.10
2015.01.07 07:40:34.570,1.18774,1.18777,1.37,1.10
2015.01.07 07:40:39.450,1.18775,1.18777,2.06,1.00
2015.01.07 07:40:39.957,1.18775,1.18777,1.50,2.44
2015.01.07 07:40:40.110,1.18773,1.18775,1.10,3.00
2015.01.07 07:40:40.616,1.18775,1.18776,1.50,1.50
2015.01.07 07:40:40.667,1.18778,1.18779,1.12,8.25
2015.01.07 07:40:40.769,1.18782,1.18783,1.00,2.25
2015.01.07 07:40:40.871,1.18782,1.18784,1.00,1.50
2015.01.07 07:40:40.972,1.18784,1.18785,1.00,1.12
2015.01.07 07:40:41.477,1.18785,1.18788,1.00,1.95
2015.01.07 07:40:44.380,1.18785,1.18786,1.00,1.00
2015.01.07 07:40:45.561,1.18783,1.18786,2.32,1.00
2015.01.07 07:40:47.197,1.18783,1.18786,3.60,1.00
2015.01.07 07:40:47.749,1.18784,1.18786,1.00,1.00
2015.01.07 07:40:48.285,1.18783,1.18786,4.09,1.00
2015.01.07 07:40:48.890,1.18784,1.18788,1.77,2.25
2015.01.07 07:40:49.422,1.18784,1.18788,1.77,3.37
2015.01.07 07:40:55.209,1.18785,1.18788,1.00,2.25
2015.01.07 07:40:57.159,1.18784,1.18787,1.12,1.00
2015.01.07 07:40:57.463,1.18788,1.1879,1.00,2.81
2015.01.07 07:40:57.614,1.1879,1.18793,1.00,4.50
2015.01.07 07:40:57.766,1.1879,1.18792,4.12,1.00
2015.01.07 07:40:58.019,1.1879,1.18793,4.87,1.00
2015.01.07 07:40:58.626,1.18791,1.18796,1.75,4.07
2015.01.07 07:40:59.031,1.18791,1.18793,1.50,1.00
2015.01.07 07:40:59.572,1.1879,1.18793,6.79,1.00
2015.01.07 07:41:00.130,1.18791,1.18793,1.00,1.00
2015.01.07 07:41:00.334,1.18791,1.18793,1.00,1.19
2015.01.07 07:41:00.638,1.18788,1.1879,3.07,1.00
2015.01.07 07:41:01.143,1.18789,1.1879,1.00,1.00
2015.01.07 07:41:01.550,1.18791,1.18792,1.00,1.57
2015.01.07 07:41:01.651,1.18792,1.18795,1.00,6.19
2015.01.07 07:41:02.397,1.18794,1.18795,1.00,1.10
2015.01.07 07:41:03.515,1.18795,1.18796,1.00,0.50
2015.01.07 07:41:04.071,1.18794,1.18796,1.12,0.10
2015.01.07 07:41:04.374,1.18795,1.18796,1.50,0.10
2015.01.07 07:41:05.660,1.18795,1.18796,3.37,0.10
2015.01.07 07:41:06.015,1.18797,1.188,1.09,1.50
2015.01.07 07:41:06.823,1.18796,1.18799,1.87,3.75
2015.01.07 07:41:07.126,1.18795,1.18797,1.91,1.00
2015.01.07 07:41:07.379,1.18794,1.18797,1.50,1.76
2015.01.07 07:41:07.481,1.18793,1.18795,1.00,1.00
2015.01.07 07:41:07.582,1.18794,1.18797,1.00,1.00
2015.01.07 07:41:07.784,1.18793,1.18795,2.25,1.00
2015.01.07 07:41:07.885,1.18793,1.18798,3.00,3.07
2015.01.07 07:41:07.936,1.18795,1.18798,1.00,2.70
2015.01.07 07:41:08.240,1.18794,1.18796,1.12,1.00
2015.01.07 07:41:08.443,1.18794,1.18798,1.50,1.57
2015.01.07 07:41:08.696,1.18794,1.18796,1.50,1.00
2015.01.07 07:41:09.203,1.18794,1.18795,1.00,1.00
2015.01.07 07:41:12.780,1.18795,1.18797,1.00,1.00
2015.01.07 07:41:13.084,1.18802,1.18804,1.01,1.00
2015.01.07 07:41:13.236,1.18802,1.18804,2.44,1.00
2015.01.07 07:41:13.844,1.18802,1.18805,1.87,1.00
2015.01.07 07:41:15.970,1.18802,1.18804,1.57,1.00
2015.01.07 07:41:16.478,1.18802,1.18805,2.81,1.00
2015.01.07 07:41:16.580,1.18803,1.18807,1.76,1.00
2015.01.07 07:41:16.732,1.18807,1.18809,1.00,5.32
2015.01.07 07:41:16.833,1.18808,1.1881,3.37,1.10
2015.01.07 07:41:16.884,1.1881,1.18811,1.50,1.05
2015.01.07 07:41:16.986,1.1881,1.18814,1.50,1.65
2015.01.07 07:41:17.138,1.1881,1.18814,1.00,1.29
2015.01.07 07:41:17.896,1.1881,1.18811,1.00,2.85
2015.01.07 07:41:18.149,1.18806,1.18808,1.57,1.00
2015.01.07 07:41:18.251,1.18804,1.18807,1.00,2.10
2015.01.07 07:41:19.034,1.18803,1.18807,1.12,4.20
2015.01.07 07:41:19.341,1.18803,1.18807,1.57,1.50
2015.01.07 07:41:22.276,1.18804,1.18807,1.00,1.00
2015.01.07 07:41:22.377,1.18808,1.18809,1.12,3.67
2015.01.07 07:41:22.529,1.1881,1.18812,1.00,1.12
2015.01.07 07:41:23.622,1.18812,1.18815,1.00,1.65
2015.01.07 07:41:23.674,1.18812,1.18816,1.50,1.57
2015.01.07 07:41:23.927,1.18813,1.18818,1.57,1.57
2015.01.07 07:41:23.978,1.18813,1.18816,1.57,1.00
2015.01.07 07:41:24.584,1.18813,1.18816,1.10,1.37
2015.01.07 07:41:25.090,1.18811,1.18814,1.31,1.12
2015.01.07 07:41:28.354,1.18812,1.18815,1.57,1.00
2015.01.07 07:41:28.871,1.18813,1.18815,1.00,1.00
2015.01.07 07:41:29.409,1.18813,1.18815,1.00,1.00
2015.01.07 07:41:29.864,1.18813,1.18817,2.14,1.00
2015.01.07 07:41:30.218,1.18813,1.18815,1.57,1.00
2015.01.07 07:41:30.724,1.18811,1.18814,1.87,1.00
2015.01.07 07:41:31.230,1.18813,1.18815,1.00,2.25
2015.01.07 07:41:32.126,1.18815,1.18816,1.00,1.50
2015.01.07 07:41:32.631,1.18815,1.18816,1.00,1.00
2015.01.07 07:41:33.137,1.18813,1.18816,3.94,1.00
2015.01.07 07:41:33.755,1.18816,1.18817,1.50,1.00
2015.01.07 07:41:33.806,1.18818,1.18819,1.00,5.51
2015.01.07 07:41:33.857,1.18818,1.1882,3.25,9.67
2015.01.07 07:41:34.010,1.18823,1.18824,1.00,1.99
2015.01.07 07:41:34.212,1.18823,1.18825,2.29,1.00
2015.01.07 07:41:34.315,1.18823,1.18827,1.76,1.83
2015.01.07 07:41:34.820,1.18824,1.18828,2.81,1.91
2015.01.07 07:41:35.335,1.18825,1.18827,1.00,1.19
2015.01.07 07:41:36.852,1.18825,1.18826,1.00,1.00
2015.01.07 07:41:37.004,1.18824,1.18828,1.87,1.25
2015.01.07 07:41:37.156,1.18827,1.1883,7.50,1.69
2015.01.07 07:41:37.258,1.18827,1.18829,2.62,3.75
2015.01.07 07:41:37.359,1.18826,1.18827,1.50,1.00
2015.01.07 07:41:37.865,1.18826,1.18829,1.12,3.75
2015.01.07 07:41:38.068,1.18827,1.1883,2.66,1.50
2015.01.07 07:41:38.169,1.18827,1.18829,4.05,1.00
2015.01.07 07:41:38.424,1.18825,1.18826,1.50,1.00
2015.01.07 07:41:41.684,1.18825,1.18827,1.00,2.92
2015.01.07 07:41:43.456,1.18825,1.18827,1.00,3.26
2015.01.07 07:41:43.964,1.18825,1.18827,1.00,2.51
2015.01.07 07:41:44.472,1.18825,1.18827,1.00,2.51
2015.01.07 07:41:45.637,1.18825,1.18826,1.00,1.00
2015.01.07 07:41:46.178,1.18824,1.18825,1.50,1.00
2015.01.07 07:41:47.234,1.18822,1.18824,1.20,1.00
2015.01.07 07:41:47.538,1.18815,1.18818,8.62,1.00
2015.01.07 07:41:47.942,1.18818,1.18822,1.50,1.69
2015.01.07 07:41:48.296,1.18817,1.18818,1.12,1.00
2015.01.07 07:41:48.398,1.18815,1.18817,4.20,1.00
2015.01.07 07:41:50.479,1.18816,1.18818,1.37,1.50
2015.01.07 07:41:50.733,1.18821,1.18822,1.12,1.50
2015.01.07 07:41:50.784,1.18821,1.18822,1.00,1.00
2015.01.07 07:41:51.089,1.18822,1.18824,1.00,2.81
2015.01.07 07:41:51.394,1.18819,1.18822,1.12,1.25
2015.01.07 07:41:51.445,1.18818,1.18819,1.00,3.00
2015.01.07 07:41:51.546,1.18817,1.18819,1.57,6.37
2015.01.07 07:41:51.648,1.18815,1.18817,1.10,1.00
2015.01.07 07:41:51.699,1.18815,1.18817,1.57,1.00
2015.01.07 07:41:51.750,1.18815,1.18818,1.00,2.25
2015.01.07 07:41:52.306,1.18815,1.18817,1.31,1.00
2015.01.07 07:41:52.662,1.18815,1.18819,3.00,4.50
2015.01.07 07:41:52.864,1.18818,1.18819,1.12,1.25
2015.01.07 07:41:52.979,1.18819,1.18822,1.87,3.56
2015.01.07 07:41:53.436,1.18821,1.18823,1.10,1.00
2015.01.07 07:41:53.486,1.18823,1.18825,1.37,1.12
2015.01.07 07:41:53.638,1.18824,1.18825,1.12,1.00
2015.01.07 07:41:54.187,1.18825,1.18826,1.50,1.00
2015.01.07 07:41:54.695,1.18826,1.18829,1.00,2.96
2015.01.07 07:41:55.201,1.18825,1.18827,1.57,1.00
2015.01.07 07:41:55.454,1.18827,1.1883,1.50,4.01
2015.01.07 07:41:55.506,1.18827,1.1883,2.25,1.57
2015.01.07 07:41:55.708,1.18826,1.18828,1.87,1.00
2015.01.07 07:41:56.012,1.18823,1.18825,1.50,1.00
2015.01.07 07:41:56.114,1.18823,1.18825,2.25,2.85
2015.01.07 07:41:56.468,1.18825,1.18827,1.00,1.10
2015.01.07 07:41:56.771,1.18832,1.18834,1.37,1.25
2015.01.07 07:41:57.733,1.18832,1.18836,1.37,10.99
2015.01.07 07:41:58.710,1.18832,1.18834,1.10,1.00
2015.01.07 07:41:59.337,1.18832,1.18834,1.20,1.00
2015.01.07 07:42:00.197,1.18829,1.18831,3.75,2.50
2015.01.07 07:42:00.350,1.1883,1.18832,3.37,1.10
2015.01.07 07:42:00.855,1.18832,1.18833,1.00,1.00
2015.01.07 07:42:01.008,1.18835,1.18836,1.00,2.40
2015.01.07 07:42:01.312,1.18836,1.18839,2.02,1.25
2015.01.07 07:42:01.363,1.18836,1.18838,1.50,2.47
2015.01.07 07:42:01.666,1.18834,1.18836,1.00,2.47
2015.01.07 07:42:03.152,1.18834,1.18836,1.00,1.87
2015.01.07 07:42:03.809,1.18834,1.18836,1.50,1.00
2015.01.07 07:42:04.314,1.18837,1.1884,1.00,9.75
2015.01.07 07:42:04.366,1.18838,1.1884,1.00,4.95
2015.01.07 07:42:04.872,1.18837,1.18841,1.50,3.56
2015.01.07 07:42:04.923,1.18835,1.18838,1.37,1.00
2015.01.07 07:42:04.975,1.18835,1.18837,1.50,1.50
2015.01.07 07:42:05.480,1.18834,1.18836,1.00,1.00
2015.01.07 07:42:05.987,1.18834,1.18836,1.50,1.47
2015.01.07 07:42:07.344,1.18832,1.18836,1.00,5.89
2015.01.07 07:42:07.851,1.18831,1.18835,2.25,2.51
2015.01.07 07:42:08.356,1.18831,1.18835,2.25,3.26
2015.01.07 07:42:09.360,1.18831,1.18835,2.25,5.51
2015.01.07 07:42:10.120,1.18831,1.18835,1.87,10.39
2015.01.07 07:42:10.323,1.1883,1.18831,1.20,2.06
2015.01.07 07:42:10.424,1.18828,1.1883,1.00,7.50
2015.01.07 07:42:10.577,1.18827,1.18828,1.00,2.10
2015.01.07 07:42:10.731,1.18824,1.18827,1.10,1.50
2015.01.07 07:42:11.237,1.18823,1.18826,1.00,1.25
2015.01.07 07:42:11.824,1.18824,1.18826,1.50,1.87
2015.01.07 07:42:12.991,1.18824,1.18826,1.50,1.00
2015.01.07 07:42:14.354,1.18824,1.18825,1.00,1.00
2015.01.07 07:42:14.859,1.18823,1.18825,1.50,1.10
2015.01.07 07:42:16.360,1.18813,1.18818,12.42,1.87
2015.01.07 07:42:16.410,1.18811,1.18815,1.57,1.87
2015.01.07 07:42:19.641,1.18811,1.18815,1.50,2.89
2015.01.07 07:42:19.793,1.18814,1.18816,2.25,1.05
2015.01.07 07:42:20.147,1.18813,1.18817,1.87,1.50
2015.01.07 07:42:24.211,1.18811,1.18815,3.19,1.57
2015.01.07 07:42:24.262,1.18811,1.18815,2.81,1.47
2015.01.07 07:42:25.121,1.18812,1.18815,1.00,1.57
2015.01.07 07:42:27.375,1.18813,1.18815,1.00,1.37
2015.01.07 07:42:27.981,1.18813,1.18816,3.00,1.10
2015.01.07 07:42:28.032,1.18815,1.18816,1.00,1.00
2015.01.07 07:42:30.139,1.18813,1.18816,1.00,1.50
2015.01.07 07:42:30.646,1.18813,1.18816,1.00,2.06
2015.01.07 07:42:31.149,1.18811,1.18813,2.25,1.87
2015.01.07 07:42:31.201,1.18811,1.18813,1.00,1.87
2015.01.07 07:42:31.304,1.1881,1.18811,1.10,1.00
2015.01.07 07:42:31.355,1.18807,1.1881,1.50,1.00
2015.01.07 07:42:31.861,1.18808,1.18813,1.00,4.69
2015.01.07 07:42:32.368,1.18808,1.1881,1.00,2.17
2015.01.07 07:42:32.825,1.18806,1.1881,1.95,1.87
2015.01.07 07:42:33.281,1.18805,1.18807,1.50,1.00
2015.01.07 07:42:34.350,1.18806,1.18808,1.00,1.05
2015.01.07 07:42:34.503,1.18811,1.18812,1.00,1.00
2015.01.07 07:42:34.997,1.18812,1.18815,1.00,1.76
2015.01.07 07:42:35.048,1.18815,1.18816,3.00,1.10
2015.01.07 07:42:35.252,1.18817,1.18819,1.00,1.39
2015.01.07 07:42:35.657,1.18818,1.18822,2.62,1.12
2015.01.07 07:42:35.859,1.1882,1.18823,1.00,2.14
2015.01.07 07:42:36.364,1.18821,1.18825,1.00,14.06
2015.01.07 07:42:36.870,1.18822,1.18825,1.00,7.31
2015.01.07 07:42:37.388,1.18822,1.18824,1.00,1.47
2015.01.07 07:42:37.692,1.18822,1.18825,1.50,3.56
2015.01.07 07:42:38.433,1.18823,1.18825,1.00,1.31
2015.01.07 07:42:38.951,1.18822,1.18825,1.00,1.31
2015.01.07 07:42:39.465,1.18823,1.18825,1.87,1.25
2015.01.07 07:42:39.971,1.18823,1.18827,1.50,2.06
2015.01.07 07:42:41.662,1.18823,1.18827,2.25,1.01
2015.01.07 07:42:42.924,1.18824,1.18827,1.00,1.76
2015.01.07 07:42:44.129,1.18824,1.18828,1.50,2.89
2015.01.07 07:42:44.282,1.18825,1.18828,1.50,2.51
2015.01.07 07:42:44.940,1.18825,1.18829,3.37,1.62
2015.01.07 07:42:45.446,1.18825,1.18828,1.00,1.47
2015.01.07 07:42:46.377,1.18826,1.18829,1.00,2.14
2015.01.07 07:42:46.882,1.18825,1.18829,3.00,2.14
2015.01.07 07:42:48.682,1.18826,1.18829,1.00,2.14
2015.01.07 07:42:49.237,1.18825,1.18829,2.62,2.89
2015.01.07 07:42:50.066,1.18825,1.18829,1.00,4.01
2015.01.07 07:42:50.572,1.18824,1.18827,1.57,1.37
2015.01.07 07:42:51.324,1.18822,1.18824,1.12,1.00
2015.01.07 07:42:51.378,1.18822,1.18824,1.00,1.00
2015.01.07 07:42:51.884,1.18822,1.18825,1.00,1.87
2015.01.07 07:42:53.475,1.18822,1.18826,1.00,3.45
2015.01.07 07:42:58.399,1.18823,1.18827,1.00,4.39
2015.01.07 07:42:58.703,1.18825,1.18827,1.00,1.87
2015.01.07 07:42:59.209,1.18824,1.18827,1.50,1.87
2015.01.07 07:43:00.201,1.18825,1.18827,1.00,1.87
2015.01.07 07:43:00.707,1.18824,1.18827,1.10,1.87
2015.01.07 07:43:04.624,1.18823,1.18827,1.57,1.37
2015.01.07 07:43:05.130,1.18821,1.18826,5.25,1.12
2015.01.07 07:43:05.636,1.18821,1.18825,2.70,1.00
2015.01.07 07:43:06.165,1.18821,1.18826,4.20,2.14
2015.01.07 07:43:07.718,1.18821,1.18825,2.70,1.00
2015.01.07 07:43:09.199,1.18823,1.18826,1.00,3.26
2015.01.07 07:43:09.604,1.18824,1.18828,3.19,1.20
2015.01.07 07:43:09.907,1.18826,1.18828,1.00,1.95
2015.01.07 07:43:10.413,1.18825,1.18828,1.50,1.12
2015.01.07 07:43:10.768,1.18827,1.18828,1.00,1.12
2015.01.07 07:43:10.920,1.18829,1.18832,1.50,1.25
2015.01.07 07:43:11.072,1.18829,1.18834,2.32,1.76
2015.01.07 07:43:11.326,1.18831,1.18835,1.12,4.12
2015.01.07 07:43:11.831,1.18831,1.18835,2.25,2.25
2015.01.07 07:43:13.521,1.18833,1.18835,1.00,1.20
2015.01.07 07:43:13.825,1.18835,1.18838,1.00,2.62
2015.01.07 07:43:14.443,1.18834,1.18838,1.50,2.32
2015.01.07 07:43:14.950,1.18835,1.18838,1.00,1.50
2015.01.07 07:43:15.739,1.18834,1.18838,2.32,1.00
2015.01.07 07:43:16.345,1.18833,1.18838,1.76,2.32
2015.01.07 07:43:16.850,1.18834,1.18838,1.00,2.32
2015.01.07 07:43:17.865,1.18833,1.18838,1.50,3.37
2015.01.07 07:43:18.377,1.18833,1.18837,1.00,1.57
2015.01.07 07:43:19.068,1.18833,1.18838,3.00,4.31
2015.01.07 07:43:19.573,1.18833,1.18838,4.82,3.07
2015.01.07 07:43:20.483,1.18834,1.18838,1.50,1.10
2015.01.07 07:43:21.039,1.18835,1.18838,1.35,1.00
2015.01.07 07:43:21.089,1.18836,1.1884,2.25,6.45
2015.01.07 07:43:21.191,1.18837,1.1884,6.22,1.57
2015.01.07 07:43:21.242,1.18837,1.1884,12.41,1.20
2015.01.07 07:43:21.292,1.18839,1.18842,5.85,1.10
2015.01.07 07:43:21.394,1.1884,1.18844,2.25,1.10
2015.01.07 07:43:22.451,1.18841,1.18844,2.32,1.00
2015.01.07 07:43:22.957,1.18841,1.18845,7.82,1.00
2015.01.07 07:43:23.078,1.18841,1.18845,7.82,1.00
2015.01.07 07:43:24.622,1.18842,1.18845,1.25,1.00
2015.01.07 07:43:25.127,1.18841,1.18845,2.25,1.12
2015.01.07 07:43:25.666,1.18842,1.18845,1.50,1.50
2015.01.07 07:43:26.172,1.18842,1.18846,1.50,2.44
2015.01.07 07:43:28.036,1.18843,1.18846,1.00,2.06
2015.01.07 07:43:28.188,1.18844,1.18846,1.00,1.05
2015.01.07 07:43:28.695,1.18844,1.18846,1.00,1.10
2015.01.07 07:43:31.159,1.18842,1.18843,1.50,2.10
2015.01.07 07:43:31.260,1.18841,1.18843,3.07,1.50
2015.01.07 07:43:31.311,1.1884,1.18842,8.92,1.50
2015.01.07 07:43:31.567,1.18836,1.18838,1.25,1.00
2015.01.07 07:43:35.619,1.18836,1.18838,1.00,1.31
2015.01.07 07:43:39.536,1.18835,1.18838,1.00,2.62
2015.01.07 07:43:40.041,1.18835,1.18838,1.00,4.42
2015.01.07 07:43:40.193,1.18834,1.18836,1.00,1.10
2015.01.07 07:43:44.190,1.18834,1.18838,3.00,1.10
2015.01.07 07:43:44.709,1.18835,1.18838,1.00,1.10
2015.01.07 07:43:45.366,1.18834,1.18838,3.00,1.10
2015.01.07 07:43:45.894,1.18835,1.18838,1.00,1.57
2015.01.07 07:43:47.541,1.18835,1.18838,1.50,1.12
2015.01.07 07:43:48.698,1.18833,1.18838,5.44,1.87
2015.01.07 07:43:49.240,1.18834,1.18838,1.50,1.87
2015.01.07 07:43:50.722,1.18833,1.18837,2.25,1.10
2015.01.07 07:43:54.089,1.18835,1.18838,1.00,1.87
2015.01.07 07:43:55.057,1.18836,1.18838,1.00,1.12
2015.01.07 07:43:55.612,1.18836,1.18839,1.00,3.00
2015.01.07 07:43:56.252,1.18835,1.18839,2.25,3.00
2015.01.07 07:43:57.586,1.18835,1.18839,3.25,1.87
2015.01.07 07:43:57.890,1.1884,1.18844,3.00,1.66
2015.01.07 07:43:59.853,1.1884,1.18844,8.81,1.10
2015.01.07 07:43:59.904,1.18841,1.18845,3.94,3.45
2015.01.07 07:44:00.208,1.18844,1.18848,1.50,2.25
2015.01.07 07:44:00.713,1.18844,1.18847,1.00,1.50
2015.01.07 07:44:01.862,1.18842,1.18845,1.50,1.12
2015.01.07 07:44:03.731,1.18842,1.18843,1.50,1.00
2015.01.07 07:44:04.086,1.1884,1.18843,5.62,1.00
2015.01.07 07:44:04.695,1.18841,1.18843,1.00,1.00
2015.01.07 07:44:05.050,1.18841,1.18845,1.00,1.95
2015.01.07 07:44:06.139,1.18841,1.18844,1.00,1.00
2015.01.07 07:44:07.800,1.18841,1.18843,1.00,1.10
2015.01.07 07:44:08.305,1.18841,1.18845,1.00,4.69
2015.01.07 07:44:10.565,1.18845,1.18847,3.25,6.37
2015.01.07 07:44:10.769,1.18848,1.1885,1.00,3.45
2015.01.07 07:44:11.225,1.1885,1.18851,1.00,0.10
2015.01.07 07:44:11.529,1.1885,1.18851,7.80,0.10
2015.01.07 07:44:11.783,1.18854,1.18855,3.04,1.00
2015.01.07 07:44:11.833,1.18855,1.18858,1.00,2.62
2015.01.07 07:44:11.986,1.18858,1.18859,1.00,1.12
2015.01.07 07:44:12.492,1.18854,1.18857,1.67,1.00
2015.01.07 07:44:12.543,1.18854,1.18857,1.00,1.35
2015.01.07 07:44:13.590,1.18854,1.18858,1.00,2.81
2015.01.07 07:44:15.597,1.18854,1.18857,1.50,1.00
2015.01.07 07:44:16.029,1.18854,1.18857,1.50,1.50
2015.01.07 07:44:16.721,1.18853,1.18855,1.00,1.10
2015.01.07 07:44:17.719,1.18854,1.18856,1.12,1.12
2015.01.07 07:44:18.023,1.18856,1.18857,1.50,1.00
2015.01.07 07:44:18.543,1.18855,1.18857,1.00,1.10
2015.01.07 07:44:19.058,1.18857,1.18859,1.00,1.31
2015.01.07 07:44:19.261,1.18858,1.18859,1.00,1.00
2015.01.07 07:44:19.312,1.18858,1.18861,1.87,1.00
2015.01.07 07:44:19.658,1.18862,1.18864,1.47,1.87
2015.01.07 07:44:19.810,1.18861,1.18863,2.17,1.00
2015.01.07 07:44:20.216,1.18863,1.18865,1.57,3.56
2015.01.07 07:44:20.318,1.18862,1.18864,1.10,1.00
2015.01.07 07:44:20.622,1.18862,1.18864,1.57,1.00
2015.01.07 07:44:21.330,1.18863,1.18864,1.00,1.00
2015.01.07 07:44:21.433,1.1886,1.18862,3.37,1.50
2015.01.07 07:44:21.686,1.18853,1.18856,1.87,1.12
2015.01.07 07:44:22.264,1.18854,1.18855,1.10,1.00
2015.01.07 07:44:22.671,1.18852,1.18854,1.50,1.00
2015.01.07 07:44:23.177,1.18853,1.18854,1.00,1.00
2015.01.07 07:44:23.717,1.18853,1.18856,1.00,1.31
2015.01.07 07:44:24.622,1.18854,1.18856,1.00,1.31
2015.01.07 07:44:26.941,1.18842,1.18844,1.87,1.00
2015.01.07 07:44:26.993,1.18842,1.18844,1.87,1.00
2015.01.07 07:44:27.195,1.18844,1.18847,1.00,2.06
2015.01.07 07:44:27.746,1.18844,1.18845,1.00,1.00
2015.01.07 07:44:29.584,1.18843,1.18845,1.50,1.00
2015.01.07 07:44:30.089,1.18841,1.18844,3.07,1.00
2015.01.07 07:44:40.367,1.18842,1.18846,1.50,1.22
2015.01.07 07:44:41.077,1.18841,1.18844,4.57,1.00
2015.01.07 07:44:45.138,1.18841,1.18844,3.07,1.00
2015.01.07 07:44:45.643,1.18842,1.18844,1.00,1.00
2015.01.07 07:44:48.822,1.18842,1.18846,3.64,1.69
2015.01.07 07:44:49.327,1.18842,1.18846,4.39,1.50
2015.01.07 07:44:51.051,1.18842,1.18846,6.49,1.50
2015.01.07 07:44:51.859,1.18844,1.18846,2.10,1.00
2015.01.07 07:44:53.326,1.18844,1.18846,1.35,1.00
2015.01.07 07:44:54.347,1.18843,1.18846,3.04,1.00
2015.01.07 07:44:55.004,1.18842,1.18844,3.07,1.00
2015.01.07 07:44:55.784,1.18842,1.18846,1.00,1.57
2015.01.07 07:44:59.525,1.18842,1.18845,1.10,1.00
2015.01.07 07:45:00.778,1.18842,1.18844,1.00,1.00
2015.01.07 07:45:01.283,1.18841,1.18844,1.50,1.50
2015.01.07 07:45:04.153,1.1884,1.18841,3.82,2.85
2015.01.07 07:45:04.305,1.18837,1.18838,1.00,1.00
2015.01.07 07:45:04.407,1.18834,1.18836,1.50,1.00
2015.01.07 07:45:04.458,1.18833,1.18836,1.00,1.00
2015.01.07 07:45:04.963,1.18832,1.18837,1.00,3.26
2015.01.07 07:45:06.620,1.18837,1.18839,6.30,2.25
2015.01.07 07:45:06.671,1.18837,1.18843,9.11,2.62
2015.01.07 07:45:07.025,1.18835,1.18839,9.75,1.00
2015.01.07 07:45:07.177,1.18834,1.18838,1.87,3.00
2015.01.07 07:45:07.431,1.18833,1.18838,1.57,3.07
2015.01.07 07:45:07.936,1.18833,1.18837,2.32,1.00
2015.01.07 07:45:08.037,1.18833,1.18837,2.25,1.50
2015.01.07 07:45:08.391,1.18832,1.18834,1.00,1.12
2015.01.07 07:45:09.351,1.18832,1.18835,1.00,4.99
2015.01.07 07:45:12.121,1.18832,1.18835,1.50,4.02
2015.01.07 07:45:12.955,1.18831,1.18835,2.44,1.12
2015.01.07 07:45:13.473,1.18831,1.18836,6.94,2.25
2015.01.07 07:45:14.180,1.18832,1.18836,3.94,1.50
2015.01.07 07:45:15.166,1.18832,1.18836,2.81,1.12
2015.01.07 07:45:16.042,1.18834,1.18835,1.00,1.10
2015.01.07 07:45:16.599,1.18833,1.18835,1.00,1.57
2015.01.07 07:45:22.186,1.18833,1.18836,1.72,1.87
2015.01.07 07:45:22.440,1.18837,1.1884,9.19,1.87
2015.01.07 07:45:22.491,1.18839,1.18841,2.85,1.50
2015.01.07 07:45:22.745,1.18839,1.18844,4.75,2.44
2015.01.07 07:45:24.526,1.18839,1.18844,11.47,2.25
2015.01.07 07:45:25.813,1.1884,1.18844,1.01,2.25
2015.01.07 07:45:26.586,1.1884,1.18844,1.00,2.32
2015.01.07 07:45:30.624,1.1884,1.18844,5.31,1.10
2015.01.07 07:45:31.124,1.1884,1.18844,8.06,1.50
2015.01.07 07:45:32.647,1.18837,1.18838,7.87,1.57
2015.01.07 07:45:32.699,1.18833,1.18838,3.75,4.31
2015.01.07 07:45:33.204,1.18836,1.18838,1.00,1.37
2015.01.07 07:45:33.355,1.18836,1.18839,1.00,1.95
2015.01.07 07:45:35.251,1.18836,1.18839,1.00,4.12
2015.01.07 07:45:35.764,1.18835,1.18838,1.31,1.12
2015.01.07 07:45:37.602,1.18833,1.18838,4.31,1.50
2015.01.07 07:45:39.061,1.18833,1.18834,1.00,1.50
2015.01.07 07:45:39.163,1.1883,1.18831,5.25,1.00
2015.01.07 07:45:39.416,1.18828,1.18831,5.25,1.00
2015.01.07 07:45:39.467,1.18828,1.18831,1.00,1.87
2015.01.07 07:45:39.973,1.18827,1.1883,3.00,3.00
2015.01.07 07:45:40.378,1.18824,1.18828,3.75,1.50
2015.01.07 07:45:40.479,1.18824,1.18827,1.12,1.37
2015.01.07 07:45:41.217,1.18825,1.18828,2.25,5.25
2015.01.07 07:45:41.318,1.18827,1.1883,3.00,1.50
2015.01.07 07:45:41.824,1.18827,1.1883,4.56,2.25
2015.01.07 07:45:42.128,1.18829,1.18833,3.94,1.50
2015.01.07 07:45:42.635,1.18831,1.18833,1.00,1.00
2015.01.07 07:45:43.190,1.18833,1.18835,1.00,3.00
2015.01.07 07:45:43.241,1.18833,1.18835,1.50,2.62
2015.01.07 07:45:43.762,1.18834,1.18835,1.00,1.05
2015.01.07 07:45:44.271,1.18834,1.18835,1.00,1.10
2015.01.07 07:45:46.607,1.18834,1.18837,1.50,1.87
2015.01.07 07:45:48.948,1.18834,1.18837,2.25,1.10
2015.01.07 07:45:49.100,1.18836,1.1884,1.87,12.00
2015.01.07 07:45:49.303,1.18839,1.18843,2.25,2.06
2015.01.07 07:45:49.608,1.18839,1.18843,2.44,1.31
2015.01.07 07:45:50.114,1.18841,1.18843,1.00,1.76
2015.01.07 07:45:50.681,1.18846,1.18847,1.12,1.50
2015.01.07 07:45:50.732,1.18846,1.1885,1.50,5.89
2015.01.07 07:45:51.237,1.18847,1.1885,1.00,1.10
2015.01.07 07:45:51.389,1.18849,1.18852,1.00,2.44
2015.01.07 07:45:51.919,1.18849,1.18853,3.75,1.80
2015.01.07 07:45:53.184,1.18852,1.18855,1.00,2.66
2015.01.07 07:45:54.700,1.1885,1.18853,3.37,3.00
2015.01.07 07:45:55.209,1.1885,1.18853,1.00,1.20
2015.01.07 07:45:55.767,1.18849,1.18853,3.00,1.20
2015.01.07 07:45:56.070,1.18851,1.18854,1.54,2.25
2015.01.07 07:45:56.425,1.18853,1.18856,1.00,1.14
2015.01.07 07:45:56.932,1.18853,1.18856,1.00,3.49
2015.01.07 07:45:57.539,1.18853,1.18856,1.00,2.92
2015.01.07 07:45:58.046,1.18853,1.18856,1.00,2.17
2015.01.07 07:45:59.734,1.18853,1.18856,1.00,1.99
2015.01.07 07:46:00.244,1.18853,1.18856,1.00,1.24
2015.01.07 07:46:00.811,1.18852,1.18856,1.25,1.24
2015.01.07 07:46:01.317,1.18851,1.18855,1.00,2.89
2015.01.07 07:46:02.087,1.18851,1.18854,1.00,1.47
2015.01.07 07:46:02.391,1.18847,1.18849,1.00,1.57
2015.01.07 07:46:02.695,1.18844,1.1885,1.95,9.97
2015.01.07 07:46:02.747,1.18844,1.18847,1.10,1.37
2015.01.07 07:46:02.950,1.18842,1.18845,1.00,1.37
2015.01.07 07:46:03.455,1.18842,1.18845,1.50,1.20
2015.01.07 07:46:04.682,1.18844,1.18845,1.00,1.12
2015.01.07 07:46:05.036,1.18847,1.18849,4.75,1.12
2015.01.07 07:46:05.238,1.1885,1.18852,1.00,1.50
2015.01.07 07:46:05.289,1.1885,1.18853,1.50,1.10
2015.01.07 07:46:05.794,1.18851,1.18853,1.00,1.00
2015.01.07 07:46:06.299,1.18851,1.18855,1.50,6.56
2015.01.07 07:46:07.964,1.18851,1.18855,1.50,6.94
2015.01.07 07:46:08.116,1.18849,1.18852,1.50,1.69
2015.01.07 07:46:08.469,1.18849,1.18852,2.25,1.69
2015.01.07 07:46:09.004,1.1885,1.18852,1.00,1.69
2015.01.07 07:46:09.540,1.1885,1.18853,1.00,2.44
2015.01.07 07:46:12.349,1.18851,1.18856,2.25,1.12
2015.01.07 07:46:15.567,1.18853,1.18856,1.00,2.89
2015.01.07 07:46:22.572,1.18853,1.18856,2.85,2.32
2015.01.07 07:46:23.107,1.18855,1.18856,1.00,1.12
2015.01.07 07:46:23.618,1.18854,1.18856,1.00,1.20
2015.01.07 07:46:28.809,1.18852,1.18856,2.25,2.14
2015.01.07 07:46:30.335,1.18852,1.18856,2.25,2.51
2015.01.07 07:46:33.870,1.18852,1.18856,1.50,5.51
2015.01.07 07:46:34.419,1.18852,1.18856,1.50,5.51
2015.01.07 07:46:34.936,1.18853,1.18856,1.00,4.01
2015.01.07 07:46:35.547,1.18853,1.18856,1.00,1.57
2015.01.07 07:46:36.103,1.18853,1.18856,1.00,1.57
2015.01.07 07:46:36.624,1.18853,1.18856,1.00,1.20
2015.01.07 07:46:39.433,1.18853,1.18856,1.00,2.32
2015.01.07 07:46:40.361,1.18853,1.18856,1.00,4.57
2015.01.07 07:46:40.865,1.18853,1.18856,1.00,4.57
2015.01.07 07:46:41.857,1.18853,1.18856,2.25,1.57
2015.01.07 07:46:42.161,1.18854,1.18859,3.04,4.31
2015.01.07 07:46:43.090,1.18855,1.18859,2.06,2.44
2015.01.07 07:46:44.413,1.18856,1.18858,1.00,1.00
2015.01.07 07:46:44.995,1.18858,1.1886,1.00,1.20
2015.01.07 07:46:45.046,1.1886,1.18862,1.00,3.37
2015.01.07 07:46:45.450,1.18861,1.18864,1.50,3.60
2015.01.07 07:46:46.158,1.18861,1.18862,1.00,1.00
2015.01.07 07:46:46.908,1.18858,1.18861,1.20,1.12
2015.01.07 07:46:47.062,1.18857,1.18858,3.94,1.12
2015.01.07 07:46:47.164,1.18854,1.18858,3.82,1.87
2015.01.07 07:46:47.417,1.18855,1.18858,2.02,3.11
2015.01.07 07:46:47.722,1.18854,1.18858,3.37,6.86
2015.01.07 07:46:47.824,1.18853,1.18856,1.00,2.14
2015.01.07 07:46:48.329,1.18852,1.18853,1.00,1.00
2015.01.07 07:46:48.830,1.1885,1.18853,2.62,1.00
2015.01.07 07:46:49.569,1.18852,1.18853,1.00,1.00
2015.01.07 07:46:52.080,1.18852,1.18854,1.00,1.00
2015.01.07 07:46:53.099,1.18853,1.18854,1.00,1.00
2015.01.07 07:46:53.555,1.18854,1.18857,1.00,3.07
2015.01.07 07:46:53.708,1.18855,1.18858,1.00,1.25
2015.01.07 07:46:54.062,1.18857,1.18859,2.10,1.57
2015.01.07 07:46:54.214,1.1886,1.18864,1.50,3.90
2015.01.07 07:46:54.719,1.18861,1.18864,1.00,1.20
2015.01.07 07:46:56.482,1.18861,1.18862,1.50,1.00
2015.01.07 07:46:56.786,1.18859,1.1886,1.10,1.12
2015.01.07 07:46:57.090,1.18852,1.18855,3.11,1.00
2015.01.07 07:46:57.393,1.1886,1.18861,1.00,1.00
2015.01.07 07:46:57.899,1.18859,1.18861,1.50,1.20
2015.01.07 07:47:00.312,1.18854,1.18856,5.10,1.00
2015.01.07 07:47:00.364,1.18852,1.18854,2.44,1.00
2015.01.07 07:47:00.770,1.18853,1.18855,1.00,5.89
2015.01.07 07:47:00.973,1.18851,1.18854,1.00,1.29
2015.01.07 07:47:01.176,1.18847,1.1885,2.51,1.87
2015.01.07 07:47:01.682,1.18849,1.18851,1.00,2.70
2015.01.07 07:47:02.389,1.1885,1.18853,1.25,2.62
2015.01.07 07:47:02.693,1.18851,1.18854,1.01,1.50
2015.01.07 07:47:03.839,1.18853,1.18855,1.00,1.37
2015.01.07 07:47:05.917,1.18853,1.18855,1.00,1.50
2015.01.07 07:47:06.849,1.18853,1.18855,1.00,2.62
2015.01.07 07:47:07.392,1.18852,1.18854,1.00,1.10
2015.01.07 07:47:07.949,1.18853,1.18854,1.00,1.10
2015.01.07 07:47:08.154,1.18854,1.18857,1.00,2.06
2015.01.07 07:47:08.610,1.18856,1.18858,1.00,7.01
2015.01.07 07:47:08.661,1.18857,1.18858,4.50,5.89
2015.01.07 07:47:08.712,1.18859,1.18861,1.00,3.19
2015.01.07 07:47:08.814,1.18858,1.1886,1.01,4.12
2015.01.07 07:47:09.168,1.18859,1.18862,2.25,1.00
2015.01.07 07:47:09.673,1.18861,1.18864,1.00,3.04
2015.01.07 07:47:12.422,1.18861,1.18863,1.00,1.00
2015.01.07 07:47:12.777,1.18863,1.18865,1.00,1.20
2015.01.07 07:47:13.665,1.18864,1.18866,1.00,1.12
2015.01.07 07:47:14.086,1.18862,1.18865,6.04,1.00
2015.01.07 07:47:14.642,1.18867,1.18868,1.16,4.42
2015.01.07 07:47:14.844,1.18869,1.18871,8.92,1.00
2015.01.07 07:47:14.996,1.18871,1.18873,1.10,1.12
2015.01.07 07:47:15.098,1.18871,1.18873,1.10,4.50
2015.01.07 07:47:15.148,1.18869,1.18873,2.17,4.87
2015.01.07 07:47:15.199,1.18869,1.18871,1.10,1.12
2015.01.07 07:47:15.705,1.18869,1.18871,1.10,1.00
2015.01.07 07:47:15.909,1.18868,1.18869,1.05,1.25
2015.01.07 07:47:15.960,1.18868,1.18869,1.00,1.69
2015.01.07 07:47:17.193,1.18862,1.18865,1.50,2.62
2015.01.07 07:47:17.244,1.18862,1.18865,1.12,1.87
2015.01.07 07:47:17.902,1.18862,1.18865,2.14,1.00
2015.01.07 07:47:17.952,1.18864,1.18866,1.00,1.12
2015.01.07 07:47:18.407,1.18863,1.18865,1.00,1.00
2015.01.07 07:47:18.914,1.18862,1.18865,1.20,1.37
2015.01.07 07:47:19.181,1.18864,1.18865,1.00,1.00
2015.01.07 07:47:19.687,1.18863,1.18865,1.00,1.00
2015.01.07 07:47:19.992,1.18869,1.1887,1.00,1.10
2015.01.07 07:47:20.044,1.18868,1.18869,2.85,1.00
2015.01.07 07:47:20.146,1.1887,1.18871,1.50,3.15
2015.01.07 07:47:20.501,1.18873,1.18875,1.00,2.25
2015.01.07 07:47:20.553,1.18873,1.18875,1.00,1.50
2015.01.07 07:47:21.074,1.18873,1.18874,2.32,1.00
2015.01.07 07:47:21.580,1.18874,1.18875,1.00,1.00
2015.01.07 07:47:21.935,1.1887,1.18871,1.05,1.50
2015.01.07 07:47:22.036,1.18868,1.18871,1.87,2.44
2015.01.07 07:47:22.188,1.18868,1.18871,1.12,3.19
2015.01.07 07:47:22.239,1.18867,1.18868,7.57,1.50
2015.01.07 07:47:22.542,1.18864,1.18867,1.00,1.37
2015.01.07 07:47:23.051,1.18865,1.18868,1.00,2.89
2015.01.07 07:47:23.775,1.18866,1.18867,1.50,1.00
2015.01.07 07:47:23.927,1.18868,1.18869,1.00,1.87
2015.01.07 07:47:24.434,1.18867,1.18869,2.40,1.62
2015.01.07 07:47:27.723,1.18866,1.18868,1.57,2.06
2015.01.07 07:47:28.228,1.18866,1.18867,1.00,1.69
2015.01.07 07:47:28.734,1.18864,1.18866,1.87,1.00
2015.01.07 07:47:29.950,1.18859,1.18861,1.00,1.50
2015.01.07 07:47:30.204,1.18864,1.18865,1.50,1.12
2015.01.07 07:47:30.306,1.18865,1.18866,1.12,1.00
2015.01.07 07:47:30.408,1.18865,1.18866,1.00,1.00
2015.01.07 07:47:30.459,1.18867,1.18868,1.50,3.07
2015.01.07 07:47:30.510,1.18867,1.18868,2.25,1.57
2015.01.07 07:47:30.774,1.18869,1.18871,1.50,1.87
2015.01.07 07:47:31.079,1.1887,1.18873,1.00,1.50
2015.01.07 07:47:31.130,1.1887,1.18873,1.67,1.50
2015.01.07 07:47:31.232,1.18871,1.18875,1.92,1.10
2015.01.07 07:47:31.283,1.18873,1.18876,2.17,1.69
2015.01.07 07:47:31.790,1.18875,1.18877,1.00,2.25
2015.01.07 07:47:32.448,1.18874,1.18877,1.00,1.95
2015.01.07 07:47:32.966,1.18874,1.18877,1.00,1.76
2015.01.07 07:47:33.588,1.18874,1.18876,1.00,1.69
2015.01.07 07:47:34.354,1.18875,1.18877,1.00,1.57
2015.01.07 07:47:35.532,1.18877,1.18879,2.85,3.86
2015.01.07 07:47:35.686,1.18878,1.1888,1.00,2.25
2015.01.07 07:47:36.192,1.18878,1.18881,1.00,2.06
2015.01.07 07:47:36.648,1.1888,1.18881,1.00,1.12
2015.01.07 07:47:36.800,1.1888,1.18883,1.00,1.00
2015.01.07 07:47:37.307,1.18881,1.18883,1.00,1.00
2015.01.07 07:47:37.829,1.18881,1.18885,1.00,2.89
2015.01.07 07:47:38.472,1.18881,1.18885,1.00,3.64
2015.01.07 07:47:39.893,1.18881,1.18882,1.00,1.25
2015.01.07 07:47:39.994,1.18879,1.18881,1.10,1.50
2015.01.07 07:47:40.045,1.18877,1.18881,8.25,1.50
2015.01.07 07:47:40.097,1.18877,1.1888,2.62,1.87
2015.01.07 07:47:40.630,1.18877,1.18879,1.12,1.00
2015.01.07 07:47:41.175,1.18875,1.18879,4.50,3.19
2015.01.07 07:47:41.377,1.18875,1.18878,1.20,1.31
2015.01.07 07:47:41.731,1.18875,1.18879,5.17,1.69
2015.01.07 07:47:43.057,1.18875,1.18878,1.12,1.50
2015.01.07 07:47:43.361,1.18875,1.18879,2.50,1.10
2015.01.07 07:47:44.278,1.18876,1.1888,2.25,1.39
2015.01.07 07:47:44.683,1.18876,1.18878,1.27,1.00
2015.01.07 07:47:45.189,1.18876,1.18879,1.00,2.14
2015.01.07 07:47:46.064,1.18876,1.1888,1.06,3.30
2015.01.07 07:47:46.166,1.18876,1.18879,2.25,1.39
2015.01.07 07:47:46.671,1.18876,1.18878,1.00,1.00
2015.01.07 07:47:47.177,1.18875,1.18877,1.69,1.00
2015.01.07 07:47:47.683,1.18875,1.18878,1.35,1.76
2015.01.07 07:47:49.086,1.18876,1.18877,1.00,1.00
2015.01.07 07:47:49.187,1.18874,1.18875,1.00,1.00
2015.01.07 07:47:49.391,1.18873,1.18875,2.25,1.00
2015.01.07 07:47:49.903,1.18873,1.18875,2.25,1.00
2015.01.07 07:47:52.317,1.18872,1.18874,1.00,1.91
2015.01.07 07:47:52.369,1.18868,1.1887,3.00,1.00
2015.01.07 07:47:52.422,1.18868,1.18869,1.50,1.00
2015.01.07 07:47:52.575,1.18866,1.18869,1.00,2.06
2015.01.07 07:47:52.626,1.18863,1.18866,2.81,1.00
2015.01.07 07:47:52.880,1.18862,1.18865,1.00,1.00
2015.01.07 07:47:53.183,1.18862,1.18864,1.00,1.00
2015.01.07 07:47:53.689,1.18862,1.18863,1.00,1.00
2015.01.07 07:47:54.277,1.18862,1.18864,1.00,1.00
2015.01.07 07:47:54.821,1.18861,1.18864,1.00,1.00
2015.01.07 07:47:56.153,1.18861,1.18864,1.00,1.37
2015.01.07 07:47:56.458,1.18859,1.18861,2.51,1.00
2015.01.07 07:47:56.559,1.18858,1.18863,4.31,1.50
2015.01.07 07:47:57.065,1.1886,1.18863,1.50,1.50
2015.01.07 07:47:57.609,1.18861,1.18863,1.00,1.00
2015.01.07 07:47:58.126,1.18862,1.18864,1.00,1.00
2015.01.07 07:47:58.380,1.18863,1.18866,1.00,1.25
2015.01.07 07:47:58.532,1.18864,1.18866,1.00,1.00
2015.01.07 07:47:59.039,1.18865,1.18867,1.00,1.00
2015.01.07 07:47:59.343,1.18867,1.1887,1.12,5.89
2015.01.07 07:47:59.394,1.18868,1.1887,1.00,4.01
2015.01.07 07:47:59.597,1.1887,1.18873,1.00,2.44
2015.01.07 07:47:59.900,1.18871,1.18874,1.00,1.20
2015.01.07 07:48:00.680,1.18872,1.18875,1.00,3.64
2015.01.07 07:48:06.101,1.18871,1.18875,3.75,2.89
2015.01.07 07:48:06.937,1.18871,1.18874,3.75,1.00
2015.01.07 07:48:07.139,1.18871,1.18872,1.50,1.00
2015.01.07 07:48:09.207,1.18873,1.18875,1.00,1.95
2015.01.07 07:48:09.258,1.18871,1.18875,3.60,1.57
2015.01.07 07:48:09.663,1.18873,1.18875,1.00,4.95
2015.01.07 07:48:10.863,1.18871,1.18873,3.00,1.00
2015.01.07 07:48:10.965,1.18871,1.18872,1.00,2.25
2015.01.07 07:48:11.673,1.1887,1.18873,2.92,1.31
2015.01.07 07:48:13.843,1.1887,1.18874,1.50,2.44
2015.01.07 07:48:14.725,1.18871,1.18874,1.00,2.44
2015.01.07 07:48:22.280,1.1887,1.18873,3.00,1.12
2015.01.07 07:48:29.198,1.1887,1.18871,1.50,1.00
2015.01.07 07:48:29.522,1.18866,1.18868,4.87,1.00
2015.01.07 07:48:29.575,1.18864,1.18868,1.10,1.69
2015.01.07 07:48:30.081,1.18863,1.18868,4.76,2.51
2015.01.07 07:48:30.778,1.18864,1.18868,1.00,1.57
2015.01.07 07:48:31.287,1.18865,1.18868,1.00,2.14
2015.01.07 07:48:32.095,1.18865,1.18867,1.00,1.00
2015.01.07 07:48:33.088,1.18864,1.18866,2.92,1.00
2015.01.07 07:48:33.341,1.18865,1.18868,1.00,1.50
2015.01.07 07:48:33.846,1.18865,1.18867,1.00,1.00
2015.01.07 07:48:36.383,1.18864,1.18866,1.10,1.00
2015.01.07 07:48:36.888,1.18863,1.18866,1.10,1.00
2015.01.07 07:48:38.290,1.18863,1.18867,1.57,1.50
2015.01.07 07:48:39.586,1.18863,1.18866,2.32,1.00
2015.01.07 07:48:39.637,1.18861,1.18864,3.00,1.00
2015.01.07 07:48:39.739,1.18863,1.18865,1.00,1.50
2015.01.07 07:48:40.905,1.18863,1.18866,1.00,2.25
2015.01.07 07:48:41.411,1.18862,1.18866,3.94,2.25
2015.01.07 07:48:42.077,1.18863,1.18866,1.00,2.25
2015.01.07 07:48:42.613,1.18864,1.18867,3.04,1.00
2015.01.07 07:48:43.119,1.18865,1.18867,1.10,1.00
2015.01.07 07:48:44.012,1.18863,1.18867,2.62,1.87
2015.01.07 07:48:44.114,1.18862,1.18866,2.06,1.00
2015.01.07 07:48:44.641,1.18861,1.18865,5.06,0.10
2015.01.07 07:48:45.197,1.18861,1.18866,5.06,3.00
2015.01.07 07:48:45.714,1.18861,1.18865,2.81,1.50
2015.01.07 07:48:46.219,1.18861,1.18865,1.10,2.25
2015.01.07 07:48:48.550,1.18861,1.18864,1.01,1.00
2015.01.07 07:48:49.513,1.1886,1.18864,4.57,1.37
2015.01.07 07:48:49.615,1.1886,1.18864,1.57,5.44
2015.01.07 07:48:50.121,1.18858,1.18861,4.31,1.00
2015.01.07 07:48:50.676,1.18857,1.1886,1.25,1.75
2015.01.07 07:48:50.929,1.18855,1.18857,3.64,1.00
2015.01.07 07:48:51.132,1.18854,1.18855,1.10,1.00
2015.01.07 07:48:51.234,1.18851,1.18855,2.32,2.25
2015.01.07 07:48:51.739,1.18852,1.18855,1.00,3.07
2015.01.07 07:48:52.272,1.1885,1.18854,3.64,1.00
2015.01.07 07:48:52.878,1.1885,1.18853,1.00,1.10
2015.01.07 07:48:54.195,1.18851,1.18854,1.00,1.50
2015.01.07 07:48:54.751,1.18851,1.18855,2.44,5.32
2015.01.07 07:48:55.155,1.18853,1.18855,1.00,3.82
2015.01.07 07:48:55.559,1.18854,1.18856,1.00,2.32
2015.01.07 07:48:55.814,1.18857,1.1886,5.25,2.62
2015.01.07 07:48:55.915,1.18859,1.1886,1.50,1.50
2015.01.07 07:48:56.421,1.18859,1.18861,1.00,1.00
2015.01.07 07:48:57.144,1.1886,1.18864,1.50,1.76
2015.01.07 07:48:58.747,1.1886,1.18863,2.25,2.44
2015.01.07 07:48:59.253,1.18859,1.18862,2.44,1.00
2015.01.07 07:48:59.758,1.18859,1.18863,4.19,1.57
2015.01.07 07:49:00.263,1.18859,1.18864,5.06,4.57
2015.01.07 07:49:01.671,1.1886,1.18864,2.17,1.00
2015.01.07 07:49:02.179,1.1886,1.18865,7.49,1.39
2015.01.07 07:49:05.912,1.18863,1.18865,1.00,1.95
2015.01.07 07:49:06.217,1.18864,1.18867,1.35,1.50
2015.01.07 07:49:06.721,1.18865,1.18867,1.00,1.50
2015.01.07 07:49:06.974,1.18866,1.18868,3.10,2.70
2015.01.07 07:49:07.178,1.18869,1.1887,2.44,1.00
2015.01.07 07:49:08.593,1.18869,1.1887,1.00,4.87
2015.01.07 07:49:08.644,1.18865,1.18868,7.05,1.00
2015.01.07 07:49:08.797,1.18864,1.18867,1.50,1.50
2015.01.07 07:49:08.949,1.18862,1.18866,2.32,1.50
2015.01.07 07:49:09.354,1.18862,1.18864,2.32,1.00
2015.01.07 07:49:10.175,1.18861,1.18864,1.10,1.00
2015.01.07 07:49:10.687,1.18861,1.18863,1.00,1.00
2015.01.07 07:49:12.059,1.1886,1.18863,1.57,1.00
2015.01.07 07:49:13.225,1.1886,1.18864,2.32,1.50
2015.01.07 07:49:14.611,1.1886,1.18863,1.57,1.00
2015.01.07 07:49:15.319,1.1886,1.18862,2.32,1.00
2015.01.07 07:49:18.420,1.18859,1.18863,1.87,1.50
2015.01.07 07:49:18.952,1.18859,1.18863,1.57,1.50
2015.01.07 07:49:21.599,1.18859,1.18863,1.47,1.12
2015.01.07 07:49:22.149,1.1886,1.18864,1.50,1.01
2015.01.07 07:49:24.377,1.18861,1.18864,1.50,1.00
2015.01.07 07:49:25.339,1.18861,1.18865,2.44,1.57
2015.01.07 07:49:25.643,1.18869,1.1887,1.25,3.00
2015.01.07 07:49:25.694,1.18869,1.18871,1.25,1.87
2015.01.07 07:49:25.796,1.18869,1.1887,1.01,1.00
2015.01.07 07:49:25.847,1.18869,1.1887,1.10,1.00
2015.01.07 07:49:26.353,1.18869,1.18871,1.12,1.00
2015.01.07 07:49:27.954,1.18871,1.18873,1.00,1.31
2015.01.07 07:49:29.342,1.18871,1.18872,1.00,1.00
2015.01.07 07:49:29.864,1.1887,1.18872,1.00,1.00
2015.01.07 07:49:31.948,1.1887,1.18872,1.50,1.12
2015.01.07 07:49:32.151,1.18868,1.1887,3.75,3.00
2015.01.07 07:49:32.671,1.18868,1.18871,1.00,3.82
2015.01.07 07:49:33.179,1.18869,1.18872,1.00,2.89
2015.01.07 07:49:33.590,1.18869,1.18873,3.07,1.76
2015.01.07 07:49:34.151,1.18869,1.18873,3.64,1.57
2015.01.07 07:49:36.661,1.18869,1.18871,6.45,1.00
2015.01.07 07:49:36.763,1.18867,1.1887,1.31,1.87
2015.01.07 07:49:37.117,1.18864,1.18868,1.01,3.56
2015.01.07 07:49:37.625,1.18864,1.18867,1.01,1.00
2015.01.07 07:49:37.879,1.18863,1.18865,1.10,1.00
2015.01.07 07:49:38.385,1.18861,1.18864,1.87,1.00
2015.01.07 07:49:41.447,1.18861,1.18864,1.57,1.00
2015.01.07 07:49:42.765,1.18862,1.18864,1.00,1.00
2015.01.07 07:49:44.110,1.18861,1.18864,1.57,1.00
2015.01.07 07:49:51.571,1.18863,1.18864,1.00,1.00
2015.01.07 07:49:51.925,1.18863,1.18866,1.00,1.76
2015.01.07 07:49:52.687,1.18864,1.18866,1.00,1.57
2015.01.07 07:49:58.818,1.18863,1.18866,1.00,1.10
2015.01.07 07:49:59.323,1.18863,1.18865,1.00,2.62
2015.01.07 07:49:59.842,1.18863,1.18864,1.00,1.00
2015.01.07 07:50:00.397,1.18863,1.18865,1.00,2.89
2015.01.07 07:50:01.852,1.18863,1.18866,1.50,1.76
2015.01.07 07:50:02.806,1.18864,1.18866,1.00,1.10
2015.01.07 07:50:03.267,1.18862,1.18866,2.51,1.10
2015.01.07 07:50:10.311,1.18862,1.18866,1.50,2.06
2015.01.07 07:50:20.730,1.18861,1.18865,2.44,1.10
2015.01.07 07:50:26.494,1.18861,1.18865,5.69,1.95
2015.01.07 07:50:28.899,1.18862,1.18866,1.69,1.31
2015.01.07 07:50:29.305,1.18865,1.18867,1.00,2.81
2015.01.07 07:50:29.810,1.18864,1.18867,1.00,2.06
2015.01.07 07:50:30.324,1.18865,1.18867,1.00,2.06
2015.01.07 07:50:30.880,1.18863,1.18866,2.44,1.10
2015.01.07 07:50:31.475,1.18864,1.18867,1.00,2.62
2015.01.07 07:50:31.627,1.18864,1.18867,3.41,1.50
2015.01.07 07:50:31.879,1.1887,1.18874,5.25,2.12
2015.01.07 07:50:31.931,1.18872,1.18874,1.00,1.75
2015.01.07 07:50:32.133,1.18873,1.18876,1.57,2.25
2015.01.07 07:50:33.372,1.18878,1.18879,2.25,1.12
2015.01.07 07:50:33.423,1.18878,1.18882,4.69,1.01
2015.01.07 07:50:33.626,1.18878,1.18882,4.69,1.11
2015.01.07 07:50:34.032,1.18878,1.18882,5.44,1.01
2015.01.07 07:50:34.538,1.18879,1.18882,1.00,3.07
2015.01.07 07:50:34.690,1.18878,1.18881,6.00,1.37
2015.01.07 07:50:35.197,1.18879,1.18881,1.57,1.00
2015.01.07 07:50:35.774,1.18879,1.18883,1.95,1.12
2015.01.07 07:50:36.078,1.1888,1.18883,1.37,1.00
2015.01.07 07:50:38.493,1.18882,1.18884,1.00,1.00
2015.01.07 07:50:40.108,1.18881,1.18885,3.19,1.57
2015.01.07 07:50:40.917,1.18883,1.18885,1.50,1.57
2015.01.07 07:50:41.904,1.18886,1.18888,1.00,1.39
2015.01.07 07:50:42.460,1.18888,1.18889,1.00,2.36
2015.01.07 07:50:42.562,1.18888,1.18889,3.75,1.31
2015.01.07 07:50:43.699,1.18888,1.18891,5.06,1.10
2015.01.07 07:50:44.003,1.18888,1.18889,4.57,1.12
2015.01.07 07:50:44.155,1.18888,1.18889,2.25,3.22
2015.01.07 07:50:44.256,1.18885,1.18886,1.05,1.50
2015.01.07 07:50:44.307,1.18884,1.18886,2.25,1.50
2015.01.07 07:50:44.560,1.18883,1.18884,1.00,1.00
2015.01.07 07:50:46.557,1.18881,1.18883,2.81,1.00
2015.01.07 07:50:47.072,1.18881,1.18883,1.20,1.00
2015.01.07 07:50:47.582,1.18881,1.18882,1.12,2.25
2015.01.07 07:50:47.785,1.18876,1.18879,1.10,1.69
2015.01.07 07:50:47.989,1.18873,1.18878,1.87,1.10
2015.01.07 07:50:48.495,1.18873,1.18877,1.76,1.01
2015.01.07 07:50:49.406,1.18873,1.18876,1.57,1.00
2015.01.07 07:50:49.911,1.18873,1.18878,2.32,5.66
2015.01.07 07:50:50.164,1.18874,1.18878,3.37,1.00
2015.01.07 07:50:50.467,1.18874,1.18876,1.10,1.50
2015.01.07 07:50:51.003,1.18871,1.18875,1.10,2.06
2015.01.07 07:50:51.509,1.18871,1.18875,1.10,4.31
2015.01.07 07:50:52.065,1.18871,1.18875,1.10,7.16
2015.01.07 07:50:52.369,1.1887,1.18875,4.31,3.19
2015.01.07 07:50:53.075,1.18871,1.18875,1.47,2.06
2015.01.07 07:50:53.580,1.18872,1.18875,1.50,2.81
2015.01.07 07:50:54.085,1.18872,1.18875,1.50,1.87
2015.01.07 07:50:54.438,1.18872,1.18876,3.94,1.50
2015.01.07 07:50:55.088,1.18874,1.18878,1.95,1.50
2015.01.07 07:50:55.141,1.18874,1.18876,1.12,1.00
2015.01.07 07:50:55.647,1.18874,1.18876,1.00,2.44
2015.01.07 07:50:56.153,1.18873,1.18876,1.10,3.04
2015.01.07 07:50:56.659,1.18873,1.18875,1.00,1.25
2015.01.07 07:50:57.517,1.18873,1.18876,1.10,1.00
2015.01.07 07:50:57.719,1.18874,1.18877,1.12,1.00
2015.01.07 07:50:58.326,1.18876,1.18877,1.00,1.00
2015.01.07 07:50:58.528,1.18881,1.18882,1.57,1.12
2015.01.07 07:50:58.579,1.18881,1.18884,1.57,1.00
2015.01.07 07:50:59.939,1.1888,1.18883,4.50,1.31
2015.01.07 07:51:00.040,1.18879,1.18882,3.07,1.00
2015.01.07 07:51:00.142,1.18881,1.18883,1.00,4.50
2015.01.07 07:51:00.193,1.18881,1.18883,1.00,1.50
2015.01.07 07:51:00.699,1.18881,1.18882,1.10,1.50
2015.01.07 07:51:01.155,1.18878,1.1888,7.31,2.10
2015.01.07 07:51:01.357,1.18874,1.18877,3.00,1.00
2015.01.07 07:51:01.458,1.18874,1.18877,1.57,1.50
2015.01.07 07:51:01.762,1.18876,1.18877,1.00,1.00
2015.01.07 07:51:01.863,1.18876,1.18879,1.50,1.10
2015.01.07 07:51:01.914,1.18876,1.1888,2.40,2.25
2015.01.07 07:51:02.421,1.18877,1.1888,2.85,1.12
2015.01.07 07:51:02.927,1.18875,1.18879,4.12,1.00
2015.01.07 07:51:03.609,1.18879,1.18882,1.37,2.32
2015.01.07 07:51:04.116,1.1888,1.18882,1.57,1.25
2015.01.07 07:51:05.788,1.1888,1.18881,1.50,2.10
2015.01.07 07:51:06.093,1.18875,1.18878,4.12,1.00
2015.01.07 07:51:06.194,1.18877,1.1888,3.75,1.25
2015.01.07 07:51:06.246,1.18877,1.1888,5.25,1.00
2015.01.07 07:51:06.752,1.18877,1.18879,1.57,1.00
2015.01.07 07:51:06.955,1.18874,1.18879,6.56,3.00
2015.01.07 07:51:08.671,1.18878,1.18882,5.25,2.25
2015.01.07 07:51:08.722,1.18878,1.18882,13.69,1.00
2015.01.07 07:51:09.585,1.18878,1.18882,12.18,1.00
2015.01.07 07:51:13.173,1.18878,1.18879,6.75,2.44
2015.01.07 07:51:13.226,1.18874,1.18877,1.01,1.50
2015.01.07 07:51:13.748,1.18874,1.18876,1.10,1.00
2015.01.07 07:51:14.313,1.18874,1.18875,1.00,1.00
2015.01.07 07:51:14.852,1.18873,1.18875,1.10,2.25
2015.01.07 07:51:17.755,1.18873,1.18876,1.50,1.10
2015.01.07 07:51:20.030,1.18873,1.18875,1.69,1.00
2015.01.07 07:51:22.673,1.18873,1.18877,1.50,5.06
2015.01.07 07:51:22.926,1.18877,1.18879,1.00,1.50
2015.01.07 07:51:23.080,1.18879,1.1888,2.06,1.50
2015.01.07 07:51:23.232,1.18881,1.18884,1.10,2.06
2015.01.07 07:51:23.737,1.18881,1.18884,1.50,2.51
2015.01.07 07:51:24.770,1.18881,1.18882,1.50,1.00
2015.01.07 07:51:26.225,1.18879,1.18881,1.95,1.00
2015.01.07 07:51:26.279,1.18879,1.18881,3.00,1.00
2015.01.07 07:51:26.782,1.18879,1.18883,3.75,2.51
2015.01.07 07:51:27.290,1.18881,1.18884,2.25,1.01
2015.01.07 07:51:28.060,1.18882,1.18885,1.00,5.89
2015.01.07 07:51:28.415,1.18884,1.18886,1.00,2.89
2015.01.07 07:51:30.943,1.18882,1.18885,1.50,2.81
2015.01.07 07:51:31.791,1.18882,1.18885,1.00,6.19
2015.01.07 07:51:32.298,1.18881,1.18883,2.25,1.25
2015.01.07 07:51:32.500,1.18882,1.18885,2.25,3.45
2015.01.07 07:51:32.602,1.18884,1.18885,1.00,1.87
2015.01.07 07:51:33.107,1.18883,1.18886,1.57,1.50
2015.01.07 07:51:33.613,1.18882,1.18885,1.57,1.25
2015.01.07 07:51:34.722,1.18882,1.18886,1.69,2.32
2015.01.07 07:51:35.025,1.18882,1.18884,1.25,1.00
2015.01.07 07:51:35.128,1.18883,1.18886,1.00,3.00
2015.01.07 07:51:35.678,1.18887,1.18888,1.50,1.10
2015.01.07 07:51:35.730,1.18888,1.18889,1.50,2.17
2015.01.07 07:51:35.832,1.1889,1.18891,1.00,2.62
2015.01.07 07:51:35.933,1.18891,1.18895,3.00,3.37
2015.01.07 07:51:35.985,1.18893,1.18894,1.00,1.00
2015.01.07 07:51:36.238,1.18891,1.18894,2.32,1.12
2015.01.07 07:51:36.390,1.18889,1.18891,1.87,2.50
2015.01.07 07:51:36.441,1.1889,1.18891,1.00,1.50
2015.01.07 07:51:36.492,1.1889,1.18893,1.50,1.25
2015.01.07 07:51:36.543,1.18892,1.18894,1.00,2.25
2015.01.07 07:51:37.654,1.18892,1.18895,2.25,6.19
2015.01.07 07:51:39.391,1.18892,1.18893,1.00,1.50
2015.01.07 07:51:39.962,1.1889,1.18892,2.25,1.00
2015.01.07 07:51:40.482,1.1889,1.18894,5.87,1.29
2015.01.07 07:51:42.482,1.1889,1.18895,5.62,6.94
2015.01.07 07:51:45.313,1.1889,1.18891,3.37,2.85
2015.01.07 07:51:45.818,1.18889,1.18891,3.00,1.00
2015.01.07 07:51:46.967,1.1889,1.18893,3.00,1.76
2015.01.07 07:51:48.100,1.18888,1.18889,3.75,2.25
2015.01.07 07:51:49.485,1.18888,1.1889,1.00,7.39
2015.01.07 07:51:49.789,1.1889,1.18892,1.50,1.87
2015.01.07 07:51:50.294,1.1889,1.18892,1.50,1.10
2015.01.07 07:51:50.801,1.18891,1.18892,1.50,1.01
2015.01.07 07:51:54.377,1.1889,1.18891,1.50,1.00
2015.01.07 07:51:54.888,1.18889,1.18891,1.50,1.50
2015.01.07 07:51:55.091,1.18891,1.18892,1.00,1.01
2015.01.07 07:51:55.698,1.18889,1.18891,3.75,1.00
2015.01.07 07:51:55.799,1.18889,1.18891,4.50,1.00
2015.01.07 07:51:56.305,1.18888,1.1889,5.25,1.00
2015.01.07 07:51:56.609,1.18887,1.18889,4.50,2.51
2015.01.07 07:51:57.156,1.18887,1.18888,1.50,1.00
2015.01.07 07:51:58.242,1.18887,1.18888,1.50,1.00
2015.01.07 07:51:58.547,1.18877,1.18878,1.50,1.87
2015.01.07 07:51:58.649,1.18875,1.18878,1.50,3.86
2015.01.07 07:51:58.750,1.18876,1.18878,1.00,3.45
2015.01.07 07:51:58.954,1.18875,1.18878,1.50,2.51
2015.01.07 07:51:59.106,1.18873,1.18877,6.00,1.57
2015.01.07 07:51:59.613,1.18872,1.18876,5.32,1.00
2015.01.07 07:52:00.118,1.18873,1.18876,1.00,1.57
2015.01.07 07:52:00.674,1.18873,1.18877,1.50,6.19
2015.01.07 07:52:00.826,1.18875,1.18877,1.00,2.25
2015.01.07 07:52:01.414,1.18877,1.18878,1.42,1.25
2015.01.07 07:52:01.617,1.18883,1.18884,1.72,1.00
2015.01.07 07:52:01.668,1.18883,1.18886,1.00,2.25
2015.01.07 07:52:01.871,1.18882,1.18884,1.95,1.87
2015.01.07 07:52:02.074,1.18879,1.18881,2.25,2.12
2015.01.07 07:52:02.278,1.1888,1.18883,1.50,4.12
2015.01.07 07:52:02.788,1.18882,1.18884,1.10,1.00
2015.01.07 07:52:04.473,1.18881,1.18885,1.12,1.00
2015.01.07 07:52:06.616,1.18883,1.18885,1.00,1.50
2015.01.07 07:52:06.768,1.18884,1.18886,1.00,1.00
2015.01.07 07:52:07.074,1.18889,1.1889,1.50,3.00
2015.01.07 07:52:07.125,1.1889,1.18892,2.25,2.25
2015.01.07 07:52:07.226,1.1889,1.18894,4.31,3.11
2015.01.07 07:52:07.732,1.1889,1.18893,3.56,1.00
2015.01.07 07:52:08.238,1.1889,1.18894,3.94,1.76
2015.01.07 07:52:08.764,1.1889,1.18894,3.75,1.29
2015.01.07 07:52:09.016,1.18889,1.18893,2.25,4.01
2015.01.07 07:52:10.027,1.18889,1.18893,1.57,1.69
2015.01.07 07:52:10.773,1.18889,1.18892,3.07,1.00
2015.01.07 07:52:11.279,1.18889,1.18891,1.00,1.00
2015.01.07 07:52:11.481,1.18889,1.18892,1.87,1.69
2015.01.07 07:52:11.937,1.1889,1.18894,3.94,1.10
2015.01.07 07:52:12.570,1.1889,1.18892,3.75,1.00
2015.01.07 07:52:12.672,1.1889,1.18891,1.12,1.50
2015.01.07 07:52:12.723,1.18889,1.18891,3.00,3.00
2015.01.07 07:52:12.875,1.18887,1.18889,1.00,2.32
2015.01.07 07:52:13.027,1.18889,1.1889,1.00,2.55
2015.01.07 07:52:13.230,1.18889,1.18892,1.00,1.12
2015.01.07 07:52:13.836,1.18889,1.1889,1.50,1.00
2015.01.07 07:52:13.937,1.18887,1.18889,1.00,1.00
2015.01.07 07:52:14.679,1.18886,1.1889,1.37,4.20
2015.01.07 07:52:14.831,1.18886,1.1889,2.25,2.70
2015.01.07 07:52:15.578,1.18887,1.1889,1.00,2.70
2015.01.07 07:52:15.629,1.18887,1.18891,2.25,2.55
2015.01.07 07:52:15.884,1.18891,1.18893,1.12,1.10
2015.01.07 07:52:16.391,1.1889,1.18891,1.00,1.00
2015.01.07 07:52:16.896,1.18889,1.18891,1.50,2.17
2015.01.07 07:52:19.289,1.18892,1.18893,1.00,1.00
2015.01.07 07:52:19.340,1.18892,1.18895,1.00,5.81
2015.01.07 07:52:20.047,1.18893,1.18895,1.00,3.64
2015.01.07 07:52:20.350,1.18891,1.18893,1.50,1.00
2015.01.07 07:52:20.452,1.1888,1.18883,3.04,2.06
2015.01.07 07:52:20.553,1.18881,1.18885,1.95,6.00
2015.01.07 07:52:20.857,1.18883,1.18887,2.06,1.00
2015.01.07 07:52:21.009,1.18887,1.1889,5.40,1.10
2015.01.07 07:52:21.110,1.18887,1.18892,10.24,1.10
2015.01.07 07:52:21.162,1.18888,1.18891,4.50,1.50
2015.01.07 07:52:21.719,1.18889,1.18892,3.19,1.10
2015.01.07 07:52:22.174,1.18888,1.18892,1.50,2.44
2015.01.07 07:52:22.679,1.18887,1.1889,1.27,1.00
2015.01.07 07:52:23.185,1.18886,1.1889,1.50,3.00
2015.01.07 07:52:23.236,1.18886,1.1889,1.50,3.56
2015.01.07 07:52:23.578,1.18886,1.18889,1.12,1.37
2015.01.07 07:52:23.679,1.18884,1.18888,2.25,2.25
2015.01.07 07:52:23.831,1.18883,1.18888,1.87,5.62
2015.01.07 07:52:24.286,1.18883,1.18887,2.25,1.57
2015.01.07 07:52:24.792,1.18884,1.18887,1.00,1.57
2015.01.07 07:52:26.370,1.18885,1.18886,1.50,1.50
2015.01.07 07:52:26.421,1.1888,1.18883,10.50,3.00
2015.01.07 07:52:26.522,1.18883,1.18885,1.37,1.00
2015.01.07 07:52:27.038,1.18883,1.18887,1.50,1.50
2015.01.07 07:52:28.049,1.18882,1.18886,1.87,2.62
2015.01.07 07:52:30.353,1.18885,1.18886,1.00,1.87
2015.01.07 07:52:30.505,1.18887,1.18888,1.00,1.50
2015.01.07 07:52:30.606,1.18885,1.18888,2.32,1.50
2015.01.07 07:52:31.363,1.18884,1.18887,1.12,1.00
2015.01.07 07:52:31.464,1.1888,1.18884,14.25,3.00
2015.01.07 07:52:32.603,1.1888,1.18882,2.32,1.00
2015.01.07 07:52:32.654,1.18881,1.18884,1.12,2.81
2015.01.07 07:52:32.806,1.18882,1.18884,1.10,1.69
2015.01.07 07:52:33.768,1.18881,1.18884,1.05,3.94
2015.01.07 07:52:33.970,1.1888,1.18882,1.10,1.69
2015.01.07 07:52:34.223,1.18881,1.18884,1.00,3.00
2015.01.07 07:52:34.324,1.18882,1.18884,1.50,1.00
2015.01.07 07:52:34.476,1.18882,1.18886,1.50,2.81
2015.01.07 07:52:34.981,1.18883,1.18887,1.12,3.94
2015.01.07 07:52:35.487,1.18885,1.18888,1.57,3.94
2015.01.07 07:52:36.554,1.18883,1.18884,1.12,1.00
2015.01.07 07:52:36.705,1.1888,1.18882,3.00,1.37
2015.01.07 07:52:37.211,1.1888,1.18882,1.50,1.37
2015.01.07 07:52:37.717,1.18879,1.18881,1.10,1.31
2015.01.07 07:52:37.768,1.1888,1.18882,1.00,1.00
2015.01.07 07:52:38.073,1.18878,1.1888,1.10,1.25
2015.01.07 07:52:38.578,1.18879,1.1888,1.00,1.25
2015.01.07 07:52:39.083,1.18878,1.1888,1.10,1.25
2015.01.07 07:52:39.627,1.18878,1.1888,1.12,1.25
2015.01.07 07:52:41.080,1.1888,1.18882,1.00,2.62
2015.01.07 07:52:41.131,1.18881,1.18883,1.00,1.87
2015.01.07 07:52:41.636,1.18881,1.18884,1.87,1.69
2015.01.07 07:52:42.531,1.18881,1.18884,1.50,1.50
2015.01.07 07:52:43.048,1.1888,1.18884,4.95,1.50
2015.01.07 07:52:43.413,1.1888,1.18882,2.70,3.10
2015.01.07 07:52:43.719,1.18876,1.18877,1.10,1.00
2015.01.07 07:52:43.871,1.18876,1.18879,1.37,1.57
2015.01.07 07:52:44.074,1.18878,1.18881,1.50,1.01
2015.01.07 07:52:45.797,1.18878,1.1888,1.00,5.62
2015.01.07 07:52:45.849,1.18876,1.18878,1.00,1.69
2015.01.07 07:52:46.102,1.18875,1.18878,1.00,3.19
2015.01.07 07:52:46.254,1.18873,1.18877,2.06,1.50
2015.01.07 07:52:46.725,1.18877,1.18878,1.00,1.50
2015.01.07 07:52:47.080,1.18877,1.1888,3.04,2.62
2015.01.07 07:52:47.385,1.18879,1.18882,1.12,1.00
2015.01.07 07:52:47.688,1.18881,1.18884,1.00,1.25
2015.01.07 07:52:48.809,1.18881,1.18885,1.50,3.45
2015.01.07 07:52:49.314,1.18882,1.18885,1.00,1.50
2015.01.07 07:52:49.618,1.18884,1.18885,1.00,1.00
2015.01.07 07:52:50.008,1.18883,1.18887,1.10,1.50
2015.01.07 07:52:50.520,1.18886,1.18888,1.00,1.47
2015.01.07 07:52:50.823,1.18888,1.18891,8.10,1.10
2015.01.07 07:52:51.330,1.1889,1.18892,1.00,1.00
2015.01.07 07:52:51.842,1.18891,1.18892,1.00,1.12
2015.01.07 07:52:52.374,1.1889,1.18892,1.12,1.00
2015.01.07 07:52:53.566,1.1889,1.18893,1.87,1.10
2015.01.07 07:52:55.496,1.18889,1.18891,3.00,3.75
2015.01.07 07:52:55.851,1.18888,1.18891,6.00,1.00
2015.01.07 07:52:56.698,1.18888,1.18891,7.00,1.00
2015.01.07 07:52:57.405,1.18888,1.1889,1.00,1.00
2015.01.07 07:52:57.761,1.18886,1.18887,1.10,1.50
2015.01.07 07:52:57.863,1.18884,1.18887,1.50,1.57
2015.01.07 07:52:59.155,1.18884,1.18886,1.00,1.10
2015.01.07 07:52:59.863,1.18884,1.18885,1.00,1.00
2015.01.07 07:53:00.672,1.18882,1.18885,1.00,1.00
2015.01.07 07:53:03.380,1.18881,1.18884,1.62,1.87
2015.01.07 07:53:03.431,1.18879,1.18881,4.05,1.00
2015.01.07 07:53:03.534,1.1888,1.18882,1.08,1.50
2015.01.07 07:53:03.635,1.18879,1.18881,1.00,1.00
2015.01.07 07:53:03.837,1.18878,1.1888,1.12,1.50
2015.01.07 07:53:04.274,1.18877,1.18881,1.37,4.91
2015.01.07 07:53:04.375,1.18876,1.1888,3.75,1.87
2015.01.07 07:53:05.184,1.18877,1.18879,1.00,1.87
2015.01.07 07:53:05.689,1.18879,1.18881,1.50,1.50
2015.01.07 07:53:05.993,1.18881,1.18882,1.00,1.50
2015.01.07 07:53:06.736,1.1888,1.18882,2.25,1.00
2015.01.07 07:53:07.257,1.18881,1.18882,1.00,1.00
2015.01.07 07:53:07.989,1.18881,1.18883,1.37,1.00
2015.01.07 07:53:10.583,1.18883,1.18885,1.37,1.80
2015.01.07 07:53:10.735,1.18884,1.18888,2.70,3.75
2015.01.07 07:53:10.786,1.18885,1.18887,1.50,1.00
2015.01.07 07:53:11.293,1.18885,1.18886,1.12,1.00
2015.01.07 07:53:13.075,1.18885,1.18887,2.25,1.00
2015.01.07 07:53:13.176,1.18885,1.18887,2.25,1.50
2015.01.07 07:53:17.491,1.18884,1.18887,1.62,1.00
2015.01.07 07:53:17.794,1.18883,1.18887,1.37,2.89
2015.01.07 07:53:18.047,1.18882,1.18885,1.57,1.50
2015.01.07 07:53:19.213,1.18882,1.18884,1.00,1.00
2015.01.07 07:53:20.239,1.18882,1.18885,1.00,3.56
2015.01.07 07:53:20.442,1.18881,1.18882,1.00,1.25
2015.01.07 07:53:21.090,1.18879,1.18881,1.00,1.50
2015.01.07 07:53:21.892,1.18878,1.1888,3.75,1.00
2015.01.07 07:53:22.044,1.18876,1.18878,1.00,3.37
2015.01.07 07:53:22.197,1.18875,1.18876,1.10,1.50
2015.01.07 07:53:22.502,1.18873,1.18874,1.00,1.00
2015.01.07 07:53:22.755,1.18873,1.18876,1.00,1.00
2015.01.07 07:53:22.958,1.18875,1.18876,1.00,1.00
2015.01.07 07:53:23.765,1.18877,1.18879,2.50,4.50
2015.01.07 07:53:23.816,1.18878,1.18879,1.50,2.25
2015.01.07 07:53:23.918,1.18879,1.18881,1.50,1.12
2015.01.07 07:53:24.171,1.1888,1.18882,1.87,1.00
2015.01.07 07:53:25.936,1.18875,1.18878,1.06,1.00
2015.01.07 07:53:26.290,1.18876,1.1888,2.77,2.25
2015.01.07 07:53:26.544,1.1888,1.18882,1.00,1.25
2015.01.07 07:53:27.051,1.18881,1.18884,1.00,1.12
2015.01.07 07:53:27.558,1.1888,1.18883,1.00,3.64
2015.01.07 07:53:27.711,1.18877,1.1888,1.95,1.00
2015.01.07 07:53:27.763,1.18876,1.1888,6.06,1.00
2015.01.07 07:53:27.966,1.18876,1.18878,3.51,1.00
2015.01.07 07:53:28.776,1.18876,1.18879,1.93,2.70
2015.01.07 07:53:29.079,1.18878,1.1888,1.00,1.12
2015.01.07 07:53:29.130,1.18876,1.1888,2.01,1.12
2015.01.07 07:53:29.700,1.18876,1.18881,1.08,7.65
2015.01.07 07:53:33.717,1.18876,1.18879,1.87,1.31
2015.01.07 07:53:34.672,1.18876,1.18878,1.08,1.31
2015.01.07 07:53:35.475,1.18874,1.18876,3.00,1.37
2015.01.07 07:53:35.628,1.18871,1.18873,2.25,1.00
2015.01.07 07:53:35.830,1.18869,1.18873,6.67,2.25
2015.01.07 07:53:36.335,1.18868,1.18872,5.62,1.56
2015.01.07 07:53:36.841,1.18868,1.1887,4.50,1.00
2015.01.07 07:53:37.598,1.18868,1.18871,5.25,1.31
2015.01.07 07:53:37.902,1.18868,1.1887,4.12,1.87
2015.01.07 07:53:39.341,1.18868,1.1887,4.50,2.25
2015.01.07 07:53:40.016,1.18868,1.18871,5.25,1.31
2015.01.07 07:53:40.678,1.1887,1.18872,1.00,1.25
2015.01.07 07:53:40.731,1.18871,1.18874,1.00,1.69
2015.01.07 07:53:41.034,1.18872,1.18875,1.00,2.32
2015.01.07 07:53:43.409,1.18873,1.18875,1.00,1.00
2015.01.07 07:53:45.676,1.18872,1.18875,2.51,1.00
2015.01.07 07:53:47.097,1.18871,1.18875,4.50,1.57
2015.01.07 07:53:48.382,1.18871,1.18875,2.25,3.56
2015.01.07 07:53:52.408,1.18868,1.1887,1.00,3.00
2015.01.07 07:53:52.713,1.18865,1.18866,4.46,1.00
2015.01.07 07:53:53.067,1.18867,1.18868,1.00,1.12
2015.01.07 07:53:53.118,1.18867,1.18868,1.00,1.50
2015.01.07 07:53:53.371,1.18865,1.18868,1.54,3.00
2015.01.07 07:53:53.879,1.18865,1.18867,1.25,1.00
2015.01.07 07:53:54.386,1.18864,1.18866,1.57,2.62
2015.01.07 07:53:56.680,1.18861,1.18863,1.99,2.87
2015.01.07 07:53:56.834,1.18861,1.18862,1.00,2.25
2015.01.07 07:53:56.936,1.18859,1.18861,1.10,1.37
2015.01.07 07:53:57.037,1.18859,1.1886,1.00,1.00
2015.01.07 07:53:57.240,1.18856,1.1886,4.12,2.62
2015.01.07 07:53:57.745,1.18856,1.18859,1.00,1.01
2015.01.07 07:53:59.822,1.18856,1.1886,1.50,3.75
2015.01.07 07:54:00.277,1.18858,1.1886,1.00,3.56
2015.01.07 07:54:00.480,1.18859,1.18862,8.85,1.10
2015.01.07 07:54:01.262,1.1886,1.18864,2.70,1.00
2015.01.07 07:54:01.919,1.1886,1.18864,8.36,1.00
2015.01.07 07:54:01.970,1.18863,1.18864,1.00,1.00
2015.01.07 07:54:02.121,1.18863,1.18866,2.25,1.57
2015.01.07 07:54:02.627,1.18862,1.18866,5.85,1.57
2015.01.07 07:54:08.284,1.18862,1.18863,1.57,1.00
2015.01.07 07:54:08.793,1.18862,1.18864,1.50,1.00
2015.01.07 07:54:10.219,1.18863,1.18864,1.00,1.00
2015.01.07 07:54:13.498,1.18861,1.18864,2.32,1.00
2015.01.07 07:54:14.754,1.18862,1.18864,1.69,1.00
2015.01.07 07:54:15.980,1.18863,1.18865,1.00,1.00
2015.01.07 07:54:16.922,1.18862,1.18865,2.25,1.00
2015.01.07 07:54:19.580,1.18862,1.18865,1.00,2.62
2015.01.07 07:54:20.090,1.18861,1.18864,1.10,1.37
2015.01.07 07:54:20.343,1.18859,1.18862,4.87,1.12
2015.01.07 07:54:20.444,1.18859,1.18863,3.00,2.44
2015.01.07 07:54:20.951,1.18862,1.18864,1.00,1.00
2015.01.07 07:54:21.457,1.18861,1.18864,1.57,1.00
2015.01.07 07:54:26.211,1.18861,1.18865,1.57,2.62
2015.01.07 07:54:28.514,1.18861,1.18865,1.87,2.25
2015.01.07 07:54:34.977,1.18861,1.18864,3.94,1.00
2015.01.07 07:54:35.494,1.18861,1.18864,1.50,1.25
2015.01.07 07:54:36.251,1.18861,1.18865,1.50,8.06
2015.01.07 07:54:37.336,1.18861,1.18865,1.00,8.81
2015.01.07 07:54:39.986,1.18861,1.18863,1.00,1.00
2015.01.07 07:54:40.492,1.18861,1.18863,1.12,1.00
2015.01.07 07:54:41.969,1.18861,1.18865,1.87,3.94
2015.01.07 07:54:44.247,1.18861,1.18865,1.57,2.81
2015.01.07 07:54:45.483,1.18861,1.18864,1.00,2.06
2015.01.07 07:54:47.507,1.18861,1.18863,1.00,1.00
2015.01.07 07:54:49.720,1.18861,1.18862,1.00,1.00
2015.01.07 07:54:50.845,1.1886,1.18862,1.00,1.00
2015.01.07 07:54:51.350,1.1886,1.18861,1.00,1.00
2015.01.07 07:54:51.653,1.1886,1.18863,1.00,2.81
2015.01.07 07:54:56.638,1.18859,1.18862,6.45,1.00
2015.01.07 07:54:57.143,1.18859,1.18863,5.14,1.50
2015.01.07 07:54:58.537,1.1886,1.18863,2.32,1.50
2015.01.07 07:55:02.634,1.1886,1.18862,1.39,1.00
2015.01.07 07:55:03.140,1.1886,1.18863,1.20,1.50
2015.01.07 07:55:07.108,1.1886,1.18863,5.32,1.00
2015.01.07 07:55:09.318,1.1886,1.18863,5.32,1.00
2015.01.07 07:55:10.513,1.1886,1.18863,6.45,1.00
2015.01.07 07:55:11.476,1.18868,1.1887,1.10,12.75
2015.01.07 07:55:11.528,1.18868,1.18871,1.25,1.10
2015.01.07 07:55:12.035,1.18869,1.18871,1.00,1.10
2015.01.07 07:55:13.399,1.1887,1.18871,1.00,1.10
2015.01.07 07:55:13.854,1.18871,1.18873,1.00,4.12
2015.01.07 07:55:14.361,1.18872,1.18873,1.50,2.25
2015.01.07 07:55:16.697,1.18871,1.18873,1.76,1.00
2015.01.07 07:55:16.850,1.18871,1.18875,4.39,1.12
2015.01.07 07:55:16.901,1.18873,1.18876,2.25,2.32
2015.01.07 07:55:17.609,1.18874,1.18876,1.00,2.25
2015.01.07 07:55:18.431,1.18873,1.18876,1.76,1.37
2015.01.07 07:55:20.244,1.18874,1.18875,1.00,1.12
2015.01.07 07:55:20.345,1.18874,1.18877,2.85,4.50
2015.01.07 07:55:20.396,1.18875,1.18877,1.37,3.37
2015.01.07 07:55:20.702,1.1888,1.18884,2.44,2.25
2015.01.07 07:55:21.207,1.1888,1.18884,3.37,1.12
2015.01.07 07:55:24.927,1.1888,1.18883,3.26,1.50
2015.01.07 07:55:25.081,1.18885,1.18887,2.17,2.25
2015.01.07 07:55:25.688,1.18885,1.18887,2.17,1.00
2015.01.07 07:55:26.194,1.18886,1.18888,2.17,1.50
2015.01.07 07:55:26.296,1.18886,1.18889,2.70,1.00
2015.01.07 07:55:26.600,1.18885,1.18887,4.61,1.00
2015.01.07 07:55:26.651,1.18885,1.18887,2.06,1.00
2015.01.07 07:55:26.803,1.18885,1.18889,2.06,4.87
2015.01.07 07:55:27.309,1.18885,1.18888,1.00,3.94
2015.01.07 07:55:27.360,1.18883,1.18887,1.87,2.81
2015.01.07 07:55:27.767,1.18883,1.18885,1.00,1.87
2015.01.07 07:55:28.171,1.1888,1.18882,4.87,1.00
2015.01.07 07:55:28.273,1.18878,1.18881,7.87,2.25
2015.01.07 07:55:28.375,1.18878,1.1888,7.50,1.00
2015.01.07 07:55:28.885,1.18879,1.18883,1.50,3.56
2015.01.07 07:55:29.543,1.18879,1.18881,1.50,1.00
2015.01.07 07:55:29.644,1.18877,1.1888,1.50,1.00
2015.01.07 07:55:29.797,1.18878,1.18882,7.76,1.87
2015.01.07 07:55:29.898,1.18878,1.1888,8.51,1.00
2015.01.07 07:55:30.881,1.18879,1.18882,1.50,5.06
2015.01.07 07:55:30.932,1.18879,1.18882,1.50,3.19
2015.01.07 07:55:31.874,1.18878,1.18883,8.62,1.12
2015.01.07 07:55:32.427,1.18878,1.18882,7.87,1.00
2015.01.07 07:55:33.382,1.18878,1.18883,7.31,1.25
2015.01.07 07:55:33.434,1.18879,1.18883,2.32,1.25
2015.01.07 07:55:33.738,1.18881,1.18885,1.20,2.06
2015.01.07 07:55:34.280,1.18882,1.18886,1.00,2.62
2015.01.07 07:55:34.786,1.18883,1.18887,1.76,2.25
2015.01.07 07:55:35.241,1.18885,1.18886,1.00,1.00
2015.01.07 07:55:35.545,1.1889,1.18891,1.00,3.75
2015.01.07 07:55:35.848,1.1889,1.18894,1.12,3.75
2015.01.07 07:55:36.354,1.1889,1.18892,2.25,1.00
2015.01.07 07:55:36.859,1.1889,1.18893,1.00,1.39
2015.01.07 07:55:38.152,1.18889,1.18891,2.25,1.00
2015.01.07 07:55:38.659,1.18888,1.18891,3.11,1.00
2015.01.07 07:55:39.167,1.18886,1.18889,1.69,1.50
2015.01.07 07:55:39.471,1.18885,1.18889,2.25,4.50
2015.01.07 07:55:39.573,1.18884,1.18889,1.50,6.19
2015.01.07 07:55:40.028,1.18882,1.18886,1.75,1.25
2015.01.07 07:55:40.534,1.18882,1.18886,4.50,1.00
2015.01.07 07:55:40.736,1.18885,1.18888,1.47,2.25
2015.01.07 07:55:41.502,1.18885,1.18888,2.62,1.69
2015.01.07 07:55:41.554,1.18883,1.18886,1.50,1.00
2015.01.07 07:55:42.059,1.18883,1.18887,1.00,1.25
2015.01.07 07:55:42.211,1.18885,1.18888,1.00,2.81
2015.01.07 07:55:42.869,1.18884,1.18888,1.10,1.25
2015.01.07 07:55:43.376,1.18883,1.18887,1.12,1.25
2015.01.07 07:55:43.883,1.18883,1.18887,1.57,1.31
2015.01.07 07:55:44.641,1.18884,1.18887,1.00,1.25
2015.01.07 07:55:45.305,1.18883,1.18887,1.57,1.19
2015.01.07 07:55:46.724,1.18884,1.18887,1.00,5.81
2015.01.07 07:55:47.028,1.18883,1.18886,1.10,6.00
2015.01.07 07:55:47.534,1.18881,1.18885,1.87,3.19
2015.01.07 07:55:47.837,1.18883,1.18885,1.00,1.50
2015.01.07 07:55:48.244,1.18882,1.18884,1.10,1.00
2015.01.07 07:55:48.752,1.18881,1.18884,1.10,1.31
2015.01.07 07:55:49.258,1.18881,1.18883,1.00,1.10
2015.01.07 07:55:49.764,1.18881,1.18882,1.00,1.00
2015.01.07 07:55:50.876,1.18882,1.18884,1.00,1.35
2015.01.07 07:55:50.927,1.18882,1.18885,1.00,1.76
2015.01.07 07:55:52.368,1.18881,1.18883,1.99,1.00
2015.01.07 07:55:52.574,1.18877,1.1888,1.54,2.85
2015.01.07 07:55:52.980,1.18876,1.18879,1.22,2.47
2015.01.07 07:55:53.489,1.18875,1.1888,2.14,12.64
2015.01.07 07:55:53.995,1.18875,1.1888,3.64,11.14
2015.01.07 07:55:54.298,1.18873,1.18877,5.44,1.00
2015.01.07 07:55:54.450,1.18873,1.18878,4.69,3.56
2015.01.07 07:55:55.554,1.18875,1.18878,1.00,1.69
2015.01.07 07:55:55.974,1.18876,1.18879,3.00,1.47
2015.01.07 07:55:56.075,1.18877,1.1888,1.87,5.25
2015.01.07 07:55:57.310,1.18876,1.1888,3.60,3.56
2015.01.07 07:55:57.815,1.18878,1.1888,3.75,6.37
2015.01.07 07:55:57.867,1.18878,1.18881,6.00,1.50
2015.01.07 07:55:58.069,1.18879,1.18883,5.25,1.37
2015.01.07 07:55:58.121,1.1888,1.18884,1.20,3.19
2015.01.07 07:56:02.114,1.18881,1.18884,1.69,1.00
2015.01.07 07:56:03.923,1.1888,1.18884,4.20,1.69
2015.01.07 07:56:04.227,1.18883,1.18886,1.00,2.70
2015.01.07 07:56:04.380,1.18883,1.18886,1.00,1.00
2015.01.07 07:56:04.885,1.18883,1.18886,1.87,1.00
2015.01.07 07:56:05.537,1.18882,1.18885,2.25,1.00
2015.01.07 07:56:06.044,1.18882,1.18884,1.12,1.00
2015.01.07 07:56:06.550,1.18882,1.18885,1.00,1.12
2015.01.07 07:56:07.738,1.18882,1.18886,1.57,1.12
2015.01.07 07:56:08.244,1.18882,1.18885,1.00,1.00
2015.01.07 07:56:08.929,1.18883,1.18886,1.00,1.95
2015.01.07 07:56:09.552,1.18882,1.18886,1.10,2.81
2015.01.07 07:56:10.057,1.18882,1.18885,1.10,1.00
2015.01.07 07:56:11.630,1.18882,1.18885,1.10,1.19
2015.01.07 07:56:11.936,1.18876,1.18879,3.56,1.00
2015.01.07 07:56:12.639,1.18876,1.1888,1.39,3.19
2015.01.07 07:56:13.151,1.18876,1.1888,1.76,2.06
2015.01.07 07:56:13.701,1.18877,1.1888,1.00,2.06
2015.01.07 07:56:14.283,1.18876,1.1888,1.76,2.06
2015.01.07 07:56:18.362,1.18876,1.18878,1.57,1.25
2015.01.07 07:56:18.666,1.18874,1.18877,1.95,1.25
2015.01.07 07:56:19.541,1.18874,1.18876,1.10,1.00
2015.01.07 07:56:20.047,1.18874,1.18877,1.00,2.81
2015.01.07 07:56:20.552,1.18872,1.18876,5.06,1.00
2015.01.07 07:56:21.091,1.18874,1.18877,1.50,1.50
2015.01.07 07:56:21.595,1.18873,1.18877,1.57,2.44
2015.01.07 07:56:22.151,1.18873,1.18876,1.76,1.00
2015.01.07 07:56:22.603,1.18875,1.18878,1.75,2.14
2015.01.07 07:56:22.658,1.18876,1.1888,2.70,3.94
2015.01.07 07:56:23.167,1.18876,1.1888,4.35,3.19
2015.01.07 07:56:23.472,1.18876,1.18878,1.57,1.00
2015.01.07 07:56:23.979,1.18876,1.18879,1.00,1.69
2015.01.07 07:56:24.499,1.18876,1.18878,1.00,2.25
2015.01.07 07:56:25.772,1.18876,1.18879,1.00,1.69
2015.01.07 07:56:26.280,1.18877,1.1888,1.35,2.44
2015.01.07 07:56:26.583,1.18876,1.18879,1.00,2.81
2015.01.07 07:56:27.099,1.18876,1.1888,1.00,3.94
2015.01.07 07:56:29.297,1.18876,1.18879,1.12,1.69
2015.01.07 07:56:30.320,1.18876,1.18879,2.25,1.25
2015.01.07 07:56:31.985,1.18878,1.1888,1.00,2.06
2015.01.07 07:56:32.701,1.18878,1.18879,1.00,1.00
2015.01.07 07:56:33.258,1.18878,1.1888,1.00,1.31
2015.01.07 07:56:33.774,1.18878,1.18879,1.00,1.00
2015.01.07 07:56:34.443,1.18878,1.1888,1.00,2.81
2015.01.07 07:56:35.199,1.18878,1.18879,1.00,1.00
2015.01.07 07:56:35.741,1.18878,1.1888,1.00,2.81
2015.01.07 07:56:36.255,1.18878,1.18879,1.00,1.00
2015.01.07 07:56:37.265,1.18882,1.18884,1.00,1.00
2015.01.07 07:56:37.518,1.18883,1.18886,1.30,1.76
2015.01.07 07:56:37.620,1.18885,1.18887,1.50,2.32
2015.01.07 07:56:37.924,1.18888,1.1889,3.00,2.14
2015.01.07 07:56:38.812,1.18885,1.18889,4.12,2.51
2015.01.07 07:56:39.318,1.18885,1.18888,1.00,1.25
2015.01.07 07:56:40.077,1.18883,1.18888,5.14,1.76
2015.01.07 07:56:40.588,1.18883,1.18887,2.89,1.00
2015.01.07 07:56:41.778,1.18883,1.18886,1.95,1.00
2015.01.07 07:56:43.444,1.18883,1.18887,1.95,5.44
2015.01.07 07:56:43.966,1.18883,1.18886,1.95,1.12
2015.01.07 07:56:44.735,1.18883,1.18887,1.95,5.44
2015.01.07 07:56:45.241,1.18883,1.18887,1.95,4.69
2015.01.07 07:56:46.285,1.18883,1.18887,1.95,2.81
2015.01.07 07:56:46.791,1.18884,1.18886,1.50,1.00
2015.01.07 07:56:47.312,1.18884,1.18887,1.57,1.00
2015.01.07 07:56:47.414,1.18886,1.18888,1.00,1.50
2015.01.07 07:56:47.717,1.18888,1.18891,5.25,1.69
2015.01.07 07:56:48.071,1.18887,1.18889,1.87,1.00
2015.01.07 07:56:48.704,1.18886,1.18889,1.20,1.25
2015.01.07 07:56:49.641,1.18886,1.18888,1.10,1.25
2015.01.07 07:56:50.652,1.18886,1.18889,1.00,1.25
2015.01.07 07:56:51.896,1.18886,1.18889,1.00,1.69
2015.01.07 07:56:52.741,1.18886,1.1889,1.00,4.39
2015.01.07 07:56:53.877,1.18885,1.18889,3.45,1.69
2015.01.07 07:56:54.388,1.18884,1.18888,3.19,1.50
2015.01.07 07:56:54.893,1.18884,1.18887,3.00,1.25
2015.01.07 07:56:56.695,1.18884,1.18887,2.62,1.00
2015.01.07 07:56:57.216,1.18885,1.18887,1.00,1.00
2015.01.07 07:56:57.788,1.18884,1.18887,3.37,1.00
2015.01.07 07:56:59.676,1.18884,1.18886,2.25,1.00
2015.01.07 07:57:00.181,1.18884,1.18887,2.25,1.69
2015.01.07 07:57:03.456,1.18883,1.18886,2.32,1.69
2015.01.07 07:57:03.658,1.1888,1.18881,1.95,1.12
2015.01.07 07:57:03.709,1.18878,1.18881,5.62,2.47
2015.01.07 07:57:03.760,1.18877,1.18881,4.66,2.47
2015.01.07 07:57:04.266,1.18877,1.1888,1.12,2.62
2015.01.07 07:57:05.103,1.18879,1.18881,1.87,1.10
2015.01.07 07:57:06.038,1.18878,1.1888,1.10,1.00
2015.01.07 07:57:06.544,1.18879,1.18881,1.00,1.76
2015.01.07 07:57:06.999,1.1888,1.18883,2.25,2.44
2015.01.07 07:57:08.364,1.1888,1.18884,2.62,1.01
2015.01.07 07:57:08.566,1.18881,1.18884,3.75,1.00
2015.01.07 07:57:08.869,1.18883,1.18886,1.12,1.10
2015.01.07 07:57:10.089,1.18882,1.18886,3.75,1.10
2015.01.07 07:57:10.595,1.18883,1.18886,1.00,1.00
2015.01.07 07:57:11.139,1.18883,1.18887,1.00,1.76
2015.01.07 07:57:11.979,1.18884,1.18887,1.00,1.01
2015.01.07 07:57:12.498,1.18883,1.18886,1.00,1.00
2015.01.07 07:57:13.003,1.18883,1.18887,1.69,1.95
2015.01.07 07:57:13.940,1.18884,1.18887,1.00,1.57
2015.01.07 07:57:14.455,1.18883,1.18886,1.00,1.00
2015.01.07 07:57:15.443,1.18883,1.18887,1.50,2.14
2015.01.07 07:57:15.544,1.18883,1.18885,1.00,2.25
2015.01.07 07:57:15.848,1.1888,1.18882,1.20,1.00
2015.01.07 07:57:16.354,1.18881,1.18883,1.00,2.06
2015.01.07 07:57:16.878,1.18879,1.18881,4.50,1.00
2015.01.07 07:57:18.723,1.18879,1.18881,1.95,1.50
2015.01.07 07:57:19.237,1.18879,1.1888,1.95,1.00
2015.01.07 07:57:20.020,1.18877,1.1888,1.87,4.35
2015.01.07 07:57:20.071,1.18877,1.18878,1.12,1.00
2015.01.07 07:57:20.476,1.18878,1.18881,7.50,1.87
2015.01.07 07:57:20.830,1.18879,1.18881,4.16,1.00
2015.01.07 07:57:20.931,1.18881,1.18884,3.00,1.00
2015.01.07 07:57:21.033,1.18883,1.18886,1.50,2.25
2015.01.07 07:57:21.538,1.18884,1.18885,1.00,1.00
2015.01.07 07:57:22.044,1.18883,1.18885,3.75,1.00
2015.01.07 07:57:23.567,1.18883,1.18885,4.69,1.00
2015.01.07 07:57:25.231,1.18883,1.18885,2.44,1.00
2015.01.07 07:57:27.334,1.18885,1.18888,1.00,1.62
2015.01.07 07:57:27.847,1.18885,1.18888,1.00,1.31
2015.01.07 07:57:28.355,1.18883,1.18885,1.00,1.50
2015.01.07 07:57:28.457,1.18882,1.18883,1.50,1.00
2015.01.07 07:57:28.659,1.18882,1.18886,3.37,1.50
2015.01.07 07:57:28.710,1.18884,1.18886,1.00,1.50
2015.01.07 07:57:29.014,1.18888,1.18889,3.00,1.00
2015.01.07 07:57:29.521,1.18889,1.1889,1.00,1.00
2015.01.07 07:57:29.724,1.18889,1.18893,1.50,3.26
2015.01.07 07:57:30.078,1.18888,1.1889,2.25,1.00
2015.01.07 07:57:30.482,1.18888,1.18892,2.25,1.20
2015.01.07 07:57:32.332,1.18888,1.18891,3.56,1.00
2015.01.07 07:57:32.838,1.1889,1.18893,2.25,3.41
2015.01.07 07:57:33.344,1.18889,1.18891,1.69,1.00
2015.01.07 07:57:33.698,1.1889,1.18892,1.00,1.10
2015.01.07 07:57:35.229,1.1889,1.18893,3.00,1.01
2015.01.07 07:57:35.280,1.18892,1.18893,1.00,1.10
2015.01.07 07:57:35.786,1.18893,1.18896,1.00,3.56
2015.01.07 07:57:37.004,1.18892,1.18894,1.87,1.00
2015.01.07 07:57:38.098,1.18891,1.18895,2.25,2.70
2015.01.07 07:57:38.858,1.1889,1.18893,6.64,1.00
2015.01.07 07:57:39.060,1.1889,1.18893,3.64,1.50
2015.01.07 07:57:39.314,1.18888,1.1889,2.17,1.00
2015.01.07 07:57:39.821,1.18889,1.1889,1.00,1.00
2015.01.07 07:57:40.276,1.18886,1.18889,1.76,2.25
2015.01.07 07:57:40.782,1.18885,1.18889,2.32,3.82
2015.01.07 07:57:41.137,1.18885,1.18887,1.57,1.00
2015.01.07 07:57:41.340,1.18883,1.18886,1.00,2.25
2015.01.07 07:57:41.927,1.18884,1.18886,2.25,1.00
2015.01.07 07:57:42.634,1.18883,1.18886,1.20,1.00
2015.01.07 07:57:43.384,1.18883,1.18885,1.76,1.00
2015.01.07 07:57:43.889,1.18883,1.18886,2.51,1.50
2015.01.07 07:57:47.679,1.18884,1.18887,1.50,1.25
2015.01.07 07:57:52.290,1.18884,1.18888,1.00,5.51
2015.01.07 07:57:52.643,1.18884,1.18886,1.00,1.00
2015.01.07 07:57:53.753,1.18884,1.18887,1.00,1.69
2015.01.07 07:57:54.633,1.18883,1.18887,2.62,2.06
2015.01.07 07:57:55.305,1.18883,1.18885,1.50,1.00
2015.01.07 07:57:56.681,1.18882,1.18883,2.44,1.50
2015.01.07 07:57:57.093,1.18881,1.18883,1.10,1.00
2015.01.07 07:57:57.144,1.18881,1.18883,1.50,1.10
2015.01.07 07:57:57.448,1.18881,1.18885,3.00,1.01
2015.01.07 07:57:57.652,1.18881,1.18882,1.10,1.00
2015.01.07 07:57:57.804,1.18882,1.18885,1.00,6.75
2015.01.07 07:57:57.855,1.18882,1.18886,1.20,7.01
2015.01.07 07:57:58.733,1.18882,1.18885,1.87,1.50
2015.01.07 07:57:59.931,1.18884,1.18886,1.00,1.95
2015.01.07 07:58:00.085,1.18888,1.18889,1.87,1.91
2015.01.07 07:58:00.187,1.18885,1.18888,6.26,3.60
2015.01.07 07:58:00.339,1.18883,1.18887,2.25,2.81
2015.01.07 07:58:00.491,1.18882,1.18885,1.50,1.25
2015.01.07 07:58:03.375,1.18883,1.18887,1.12,4.69
2015.01.07 07:58:03.894,1.18881,1.18885,4.20,1.00
2015.01.07 07:58:05.452,1.18881,1.18884,4.20,1.00
2015.01.07 07:58:06.009,1.18881,1.18885,4.20,1.27
2015.01.07 07:58:11.074,1.18882,1.18887,2.44,3.94
2015.01.07 07:58:11.328,1.18881,1.18885,3.07,2.25
2015.01.07 07:58:14.268,1.18881,1.18884,3.00,1.00
2015.01.07 07:58:14.773,1.18881,1.18882,1.12,1.00
2015.01.07 07:58:14.875,1.18877,1.18879,3.30,4.00
2015.01.07 07:58:15.330,1.18875,1.18877,1.50,1.00
2015.01.07 07:58:15.431,1.18873,1.18877,1.87,1.50
2015.01.07 07:58:17.224,1.18874,1.18877,1.00,2.44
2015.01.07 07:58:17.730,1.18872,1.18877,6.56,3.00
2015.01.07 07:58:18.788,1.18874,1.18877,1.00,2.25
2015.01.07 07:58:19.298,1.18873,1.18877,2.70,1.50
2015.01.07 07:58:19.605,1.18876,1.18877,1.00,1.12
2015.01.07 07:58:19.909,1.1888,1.18882,1.00,1.47
2015.01.07 07:58:20.010,1.18881,1.18883,1.50,2.14
2015.01.07 07:58:20.364,1.18879,1.18882,1.00,1.69
2015.01.07 07:58:20.466,1.18878,1.1888,4.50,1.50
2015.01.07 07:58:21.064,1.18879,1.18883,1.37,3.56
2015.01.07 07:58:26.171,1.1888,1.18883,1.12,1.69
2015.01.07 07:58:26.425,1.18878,1.1888,1.50,9.82
2015.01.07 07:58:26.526,1.18876,1.18879,1.00,2.62
2015.01.07 07:58:27.031,1.18875,1.18878,1.12,2.06
2015.01.07 07:58:27.132,1.18873,1.18877,2.25,1.87
2015.01.07 07:58:27.486,1.18875,1.18877,1.00,1.00
2015.01.07 07:58:28.008,1.18875,1.18878,1.00,1.50
2015.01.07 07:58:29.793,1.18879,1.18883,8.10,1.01
2015.01.07 07:58:29.844,1.18879,1.18883,8.85,1.39
2015.01.07 07:58:31.080,1.18878,1.18879,2.32,1.12
2015.01.07 07:58:31.131,1.18877,1.18879,1.87,1.50
2015.01.07 07:58:31.283,1.18875,1.18879,2.25,1.87
2015.01.07 07:58:31.486,1.18877,1.18879,1.00,3.37
2015.01.07 07:58:31.688,1.18879,1.18882,3.94,1.10
2015.01.07 07:58:32.194,1.18879,1.18883,3.19,1.20
2015.01.07 07:58:32.548,1.18879,1.18881,1.00,1.50
2015.01.07 07:58:32.652,1.18877,1.18879,1.00,3.00
2015.01.07 07:58:32.703,1.18875,1.18877,5.50,1.00
2015.01.07 07:58:32.754,1.18874,1.18877,1.01,1.50
2015.01.07 07:58:33.259,1.18875,1.18877,1.00,1.00
2015.01.07 07:58:34.012,1.18874,1.18877,1.57,1.00
2015.01.07 07:58:34.315,1.18874,1.18879,5.76,1.00
2015.01.07 07:58:34.416,1.18877,1.18881,3.04,3.19
2015.01.07 07:58:34.855,1.18878,1.18882,8.32,1.00
2015.01.07 07:58:35.363,1.18879,1.18883,3.82,1.87
2015.01.07 07:58:35.818,1.18879,1.18881,2.32,2.47
2015.01.07 07:58:36.323,1.18878,1.18881,1.00,1.31
2015.01.07 07:58:36.627,1.18877,1.1888,1.20,1.37
2015.01.07 07:58:37.133,1.18876,1.18879,1.00,3.00
2015.01.07 07:58:38.494,1.18874,1.18876,1.00,1.00
2015.01.07 07:58:40.633,1.18874,1.18877,1.50,1.25
2015.01.07 07:58:49.521,1.18874,1.18878,4.50,1.50
2015.01.07 07:58:51.755,1.18874,1.18878,3.00,1.12
2015.01.07 07:58:54.422,1.18874,1.18878,1.12,4.31
2015.01.07 07:58:54.927,1.18873,1.18877,1.10,3.19
2015.01.07 07:58:58.067,1.18872,1.18877,1.95,6.94
2015.01.07 07:58:58.601,1.18872,1.18875,1.95,1.00
2015.01.07 07:58:59.109,1.18872,1.18874,1.57,1.50
2015.01.07 07:58:59.727,1.18871,1.18873,2.55,1.00
2015.01.07 07:58:59.881,1.1887,1.18871,1.00,2.25
2015.01.07 07:58:59.933,1.18868,1.18871,1.50,1.00
2015.01.07 07:59:00.237,1.18868,1.18873,7.61,3.26
2015.01.07 07:59:00.390,1.1887,1.18873,1.00,1.76
2015.01.07 07:59:02.852,1.1887,1.18872,1.00,1.25
2015.01.07 07:59:03.155,1.18868,1.1887,1.50,2.81
2015.01.07 07:59:03.409,1.18866,1.18868,1.00,1.12
2015.01.07 07:59:03.459,1.18865,1.18866,1.20,1.00
2015.01.07 07:59:03.814,1.18862,1.18866,1.10,3.82
2015.01.07 07:59:05.150,1.18862,1.18866,1.10,4.39
2015.01.07 07:59:05.894,1.18862,1.18864,1.10,1.00
2015.01.07 07:59:05.946,1.1886,1.18864,3.45,1.50
2015.01.07 07:59:08.092,1.1886,1.18863,1.50,1.00
2015.01.07 07:59:08.294,1.18859,1.18861,1.10,1.12
2015.01.07 07:59:09.883,1.1886,1.18861,1.00,1.00
2015.01.07 07:59:09.985,1.18855,1.18857,1.57,1.00
2015.01.07 07:59:10.503,1.18854,1.18858,1.87,1.87
2015.01.07 07:59:11.009,1.18854,1.18858,1.87,2.81
2015.01.07 07:59:11.918,1.18856,1.18857,1.00,1.00
2015.01.07 07:59:12.019,1.18858,1.18859,5.25,2.25
2015.01.07 07:59:12.121,1.18859,1.18861,1.00,1.12
2015.01.07 07:59:14.501,1.18858,1.18861,8.32,1.00
2015.01.07 07:59:15.240,1.18858,1.18861,6.82,2.06
2015.01.07 07:59:15.745,1.18859,1.18861,1.00,2.06
2015.01.07 07:59:16.250,1.18859,1.18861,1.50,2.06
2015.01.07 07:59:17.585,1.18858,1.18861,3.00,2.81
2015.01.07 07:59:17.738,1.18856,1.1886,1.87,7.31
2015.01.07 07:59:17.789,1.18855,1.18858,4.60,1.69
2015.01.07 07:59:18.495,1.18855,1.18857,1.10,1.00
2015.01.07 07:59:19.627,1.18856,1.18858,1.00,2.44
2015.01.07 07:59:19.678,1.18854,1.18856,1.12,1.00
2015.01.07 07:59:20.385,1.18855,1.18857,2.17,1.00
2015.01.07 07:59:20.487,1.18857,1.18858,1.25,1.00
2015.01.07 07:59:20.537,1.18859,1.18861,1.00,5.06
2015.01.07 07:59:21.154,1.18856,1.1886,3.56,1.87
2015.01.07 07:59:21.256,1.18858,1.1886,1.00,1.12
2015.01.07 07:59:21.769,1.18858,1.18859,1.00,1.12
2015.01.07 07:59:23.248,1.18859,1.18861,4.07,3.00
2015.01.07 07:59:23.301,1.1886,1.18861,1.00,1.12
2015.01.07 07:59:23.352,1.18859,1.18861,1.50,1.00
2015.01.07 07:59:23.453,1.1886,1.18862,1.10,1.00
2015.01.07 07:59:23.504,1.1886,1.18864,1.57,2.44
2015.01.07 07:59:23.908,1.18862,1.18865,1.00,1.76
2015.01.07 07:59:24.364,1.18864,1.18866,1.00,4.12
2015.01.07 07:59:24.872,1.18863,1.18865,1.00,1.12
2015.01.07 07:59:27.528,1.18864,1.18866,1.00,2.81
2015.01.07 07:59:28.033,1.18863,1.18867,1.57,2.25
2015.01.07 07:59:28.186,1.18865,1.18869,1.57,6.19
2015.01.07 07:59:28.339,1.18865,1.18868,1.57,1.69
2015.01.07 07:59:28.542,1.18863,1.18866,1.00,2.06
2015.01.07 07:59:29.400,1.18863,1.18865,1.00,1.69
2015.01.07 07:59:30.820,1.18864,1.18865,1.00,1.00
2015.01.07 07:59:31.024,1.18869,1.1887,4.03,3.37
2015.01.07 07:59:31.872,1.18871,1.18872,1.00,1.25
2015.01.07 07:59:32.327,1.18869,1.18873,3.00,3.94
2015.01.07 07:59:32.734,1.1887,1.18874,1.00,2.25
2015.01.07 07:59:32.886,1.1887,1.18874,2.32,1.00
2015.01.07 07:59:33.392,1.18871,1.18873,1.50,1.25
2015.01.07 07:59:33.696,1.18868,1.18869,3.45,1.35
2015.01.07 07:59:34.204,1.18868,1.1887,2.32,3.19
2015.01.07 07:59:34.709,1.18868,1.18869,2.25,1.00
2015.01.07 07:59:35.228,1.18868,1.1887,1.00,1.69
2015.01.07 07:59:36.895,1.1887,1.18871,1.00,1.00
2015.01.07 07:59:36.996,1.18872,1.18874,1.00,2.70
2015.01.07 07:59:37.047,1.18872,1.18875,1.87,4.87
2015.01.07 07:59:37.559,1.18874,1.18875,1.00,1.00
2015.01.07 07:59:37.662,1.18874,1.18877,1.00,1.57
2015.01.07 07:59:37.864,1.18874,1.18877,1.50,1.19
2015.01.07 07:59:43.916,1.18874,1.18876,1.00,4.31
2015.01.07 07:59:44.371,1.18876,1.18877,1.00,1.10
2015.01.07 07:59:45.345,1.18874,1.18878,1.50,5.44
2015.01.07 07:59:45.749,1.18875,1.18878,1.50,1.69
2015.01.07 07:59:46.003,1.18878,1.1888,2.25,4.35
2015.01.07 07:59:46.054,1.18878,1.18882,2.62,2.14
2015.01.07 07:59:46.206,1.18877,1.1888,5.25,2.25
2015.01.07 07:59:46.511,1.18876,1.18878,1.10,1.69
2015.01.07 07:59:46.865,1.18874,1.18878,3.00,1.76
2015.01.07 07:59:48.114,1.18875,1.18878,1.00,1.10
2015.01.07 07:59:48.266,1.18877,1.18878,1.50,1.00
2015.01.07 07:59:48.368,1.18877,1.18881,2.40,2.14
2015.01.07 07:59:48.520,1.18876,1.18879,1.57,1.00
2015.01.07 07:59:48.874,1.18874,1.18877,3.07,1.00
2015.01.07 07:59:48.976,1.18875,1.18877,1.00,1.00
2015.01.07 07:59:50.149,1.18875,1.18877,1.00,3.19
2015.01.07 07:59:51.113,1.18875,1.18877,1.00,1.57
2015.01.07 07:59:51.664,1.18874,1.18876,1.00,1.00
2015.01.07 07:59:52.070,1.18874,1.18878,1.75,1.99
2015.01.07 07:59:52.592,1.18875,1.18876,1.00,1.00
2015.01.07 07:59:52.694,1.18876,1.18878,1.00,1.00
2015.01.07 07:59:52.846,1.18878,1.18879,1.00,1.57
2015.01.07 07:59:53.353,1.18876,1.18878,1.00,1.00
2015.01.07 07:59:53.556,1.18876,1.18878,1.00,1.80
2015.01.07 07:59:53.876,1.18874,1.18877,1.87,1.12
2015.01.07 07:59:53.977,1.18874,1.18877,1.50,1.12
2015.01.07 07:59:54.699,1.18874,1.18875,1.00,1.00
2015.01.07 07:59:55.254,1.18873,1.18875,1.00,1.57
2015.01.07 07:59:56.657,1.18872,1.18875,2.62,1.10
2015.01.07 07:59:58.159,1.18872,1.18874,2.62,1.00
2015.01.07 07:59:58.805,1.18872,1.18875,2.62,1.57
2015.01.07 07:59:59.485,1.18872,1.18875,1.00,2.62
