2016.12.22 19:00:01.336,1.04383,1.04386,1.00,8.81
2016.12.22 19:00:01.691,1.04386,1.04388,2.87,3.37
2016.12.22 19:00:01.793,1.04387,1.04389,1.00,1.12
2016.12.22 19:00:02.046,1.04386,1.04387,1.50,3.19
2016.12.22 19:00:02.594,1.04385,1.04387,1.87,2.70
2016.12.22 19:00:02.950,1.04383,1.04385,8.62,1.00
2016.12.22 19:00:03.457,1.04382,1.04384,1.12,2.44
2016.12.22 19:00:04.898,1.04382,1.04385,1.00,3.11
2016.12.22 19:00:07.159,1.04382,1.04384,1.00,1.00
2016.12.22 19:00:09.247,1.04381,1.04384,2.25,1.42
2016.12.22 19:00:10.007,1.04381,1.04382,1.00,2.77
2016.12.22 19:00:10.058,1.04379,1.04381,2.62,4.69
2016.12.22 19:00:10.312,1.04381,1.04382,2.25,4.80
2016.12.22 19:00:10.465,1.04382,1.04384,2.25,1.12
2016.12.22 19:00:11.676,1.04383,1.04386,1.50,8.17
2016.12.22 19:00:11.778,1.04383,1.04386,2.25,9.37
2016.12.22 19:00:12.612,1.04384,1.04386,1.00,7.42
2016.12.22 19:00:15.479,1.04383,1.04386,1.50,5.92
2016.12.22 19:00:16.948,1.04383,1.04385,2.25,1.87
2016.12.22 19:00:30.289,1.04384,1.04386,1.69,8.66
2016.12.22 19:00:30.340,1.04387,1.04388,1.00,9.41
2016.12.22 19:00:30.492,1.04388,1.04389,1.00,1.87
2016.12.22 19:00:30.997,1.04387,1.04389,2.25,1.00
2016.12.22 19:00:32.722,1.04387,1.04388,1.50,2.62
2016.12.22 19:00:32.773,1.04384,1.04385,2.25,1.00
2016.12.22 19:00:32.925,1.04382,1.04385,2.44,2.25
2016.12.22 19:00:33.531,1.04382,1.04385,3.19,4.91
2016.12.22 19:00:34.084,1.0438,1.04381,1.00,1.50
2016.12.22 19:00:34.236,1.04378,1.04381,1.50,4.35
2016.12.22 19:00:36.858,1.04378,1.0438,1.00,3.97
2016.12.22 19:00:37.010,1.04376,1.04379,2.25,5.85
2016.12.22 19:00:37.555,1.04377,1.04379,2.25,1.91
2016.12.22 19:00:38.060,1.04376,1.04379,2.25,4.76
2016.12.22 19:00:39.260,1.04376,1.04378,2.25,1.00
2016.12.22 19:00:42.715,1.04375,1.04377,1.50,1.50
2016.12.22 19:00:42.918,1.04373,1.04374,1.50,1.00
2016.12.22 19:00:43.443,1.04373,1.04374,1.00,1.16
2016.12.22 19:00:43.747,1.0437,1.04372,7.69,1.00
2016.12.22 19:00:43.900,1.04368,1.0437,6.75,1.00
2016.12.22 19:00:44.003,1.04367,1.04369,2.62,1.00
2016.12.22 19:00:44.547,1.04367,1.04369,2.25,1.16
2016.12.22 19:00:49.674,1.04368,1.0437,1.50,1.54
2016.12.22 19:00:50.130,1.04368,1.04371,1.50,5.62
2016.12.22 19:00:50.838,1.04367,1.04371,1.50,5.66
2016.12.22 19:00:53.263,1.04367,1.04371,1.50,3.41
2016.12.22 19:00:53.786,1.04367,1.04371,1.50,5.47
2016.12.22 19:00:56.521,1.04365,1.04367,15.19,4.50
2016.12.22 19:00:56.673,1.04364,1.04366,1.62,8.81
2016.12.22 19:00:56.775,1.04362,1.04364,2.44,1.00
2016.12.22 19:01:01.062,1.04361,1.04363,2.25,1.00
2016.12.22 19:01:01.265,1.0436,1.04361,2.44,1.12
2016.12.22 19:01:01.800,1.0436,1.04362,3.19,1.00
2016.12.22 19:01:02.961,1.04361,1.04363,1.50,1.31
2016.12.22 19:01:03.500,1.04361,1.04364,1.50,3.04
2016.12.22 19:01:04.389,1.04362,1.04364,1.69,2.29
2016.12.22 19:01:04.899,1.04363,1.04366,1.50,8.81
2016.12.22 19:01:08.001,1.0436,1.04362,8.25,6.75
2016.12.22 19:01:08.207,1.04364,1.04366,21.79,1.00
2016.12.22 19:01:08.258,1.04367,1.04369,3.62,5.06
2016.12.22 19:01:08.410,1.04368,1.04369,1.50,1.00
2016.12.22 19:01:08.765,1.04368,1.0437,1.50,1.00
2016.12.22 19:01:09.307,1.04367,1.0437,5.25,1.00
2016.12.22 19:01:10.761,1.04367,1.04369,5.25,1.00
2016.12.22 19:01:11.600,1.04368,1.04369,1.00,1.00
2016.12.22 19:01:11.651,1.04368,1.0437,1.50,1.00
2016.12.22 19:01:12.157,1.04368,1.04371,2.25,6.75
2016.12.22 19:01:21.141,1.04369,1.04371,1.00,3.75
2016.12.22 19:01:26.868,1.04369,1.0437,2.25,1.00
2016.12.22 19:01:35.861,1.04368,1.0437,4.12,1.00
2016.12.22 19:01:36.484,1.04368,1.04369,2.25,1.00
2016.12.22 19:01:38.324,1.04369,1.0437,1.50,2.81
2016.12.22 19:01:39.273,1.04369,1.0437,2.25,1.87
2016.12.22 19:01:41.072,1.04368,1.0437,4.12,2.12
2016.12.22 19:01:45.212,1.04369,1.0437,1.00,1.25
2016.12.22 19:01:55.760,1.04368,1.04369,1.50,1.00
2016.12.22 19:01:55.863,1.04366,1.04368,5.25,1.00
2016.12.22 19:01:55.966,1.04364,1.04366,5.25,2.12
2016.12.22 19:01:56.067,1.04366,1.04367,1.00,1.50
2016.12.22 19:01:56.574,1.04365,1.04366,1.00,3.94
2016.12.22 19:01:56.625,1.04365,1.04366,1.00,4.69
2016.12.22 19:01:56.676,1.04363,1.04365,5.62,1.00
2016.12.22 19:01:57.163,1.04363,1.04366,3.75,3.56
2016.12.22 19:01:57.260,1.04366,1.04367,1.50,3.37
2016.12.22 19:01:57.311,1.04364,1.04367,2.25,3.37
2016.12.22 19:01:57.362,1.04366,1.04367,1.00,3.75
2016.12.22 19:01:57.463,1.04364,1.04367,4.12,3.75
2016.12.22 19:01:57.565,1.04365,1.04367,1.00,3.75
2016.12.22 19:01:58.071,1.04365,1.04367,1.00,3.00
2016.12.22 19:01:59.201,1.04364,1.04367,3.75,3.75
2016.12.22 19:02:01.064,1.04364,1.04365,1.87,1.00
2016.12.22 19:02:01.615,1.04363,1.04364,1.50,1.00
2016.12.22 19:02:05.663,1.04363,1.04365,1.87,1.00
2016.12.22 19:02:14.503,1.04366,1.04367,1.12,4.50
2016.12.22 19:02:15.010,1.04367,1.04369,3.37,2.31
2016.12.22 19:02:15.264,1.04367,1.04368,3.37,1.00
2016.12.22 19:02:15.809,1.04367,1.04369,4.87,1.25
2016.12.22 19:02:16.714,1.04368,1.04369,1.00,1.25
2016.12.22 19:02:17.018,1.04369,1.04371,1.00,3.75
2016.12.22 19:02:17.323,1.04374,1.04375,1.00,1.69
2016.12.22 19:02:17.627,1.04375,1.04376,2.62,3.00
2016.12.22 19:02:19.619,1.04376,1.04378,2.87,8.06
2016.12.22 19:02:20.164,1.04377,1.04378,1.50,2.44
2016.12.22 19:02:22.713,1.04375,1.04377,4.87,3.37
2016.12.22 19:02:22.866,1.04374,1.04375,3.37,1.00
2016.12.22 19:02:23.271,1.04375,1.04377,1.00,2.36
2016.12.22 19:02:23.474,1.04377,1.04378,1.50,2.06
2016.12.22 19:02:36.831,1.04378,1.04379,4.87,1.12
2016.12.22 19:02:36.883,1.0438,1.04381,8.06,1.12
2016.12.22 19:02:36.934,1.04381,1.04383,6.56,4.12
2016.12.22 19:02:37.088,1.04383,1.04385,2.25,1.12
2016.12.22 19:02:37.609,1.04383,1.04385,2.25,1.61
2016.12.22 19:02:38.014,1.04384,1.04386,3.37,2.74
2016.12.22 19:02:38.220,1.04386,1.04389,4.12,4.69
2016.12.22 19:02:38.663,1.04384,1.04386,11.62,2.35
2016.12.22 19:02:38.966,1.04382,1.04385,3.75,2.81
2016.12.22 19:02:39.473,1.04385,1.04387,1.50,1.50
2016.12.22 19:02:42.359,1.04384,1.04386,1.00,2.06
2016.12.22 19:02:42.865,1.04383,1.04385,1.00,1.00
2016.12.22 19:02:44.121,1.04384,1.04386,1.50,1.57
2016.12.22 19:02:44.627,1.04385,1.04386,1.00,1.00
2016.12.22 19:02:47.108,1.04385,1.04387,1.50,2.25
2016.12.22 19:02:49.862,1.04384,1.04386,2.25,1.87
2016.12.22 19:02:50.016,1.04382,1.04384,2.50,3.75
2016.12.22 19:02:50.219,1.04381,1.04383,1.50,1.00
2016.12.22 19:02:50.726,1.04381,1.04382,1.00,2.25
2016.12.22 19:02:51.282,1.0438,1.04381,4.50,1.00
2016.12.22 19:02:51.733,1.04378,1.0438,8.25,1.00
2016.12.22 19:02:51.940,1.04377,1.04379,3.75,2.25
2016.12.22 19:02:56.512,1.04376,1.04378,6.15,1.00
2016.12.22 19:02:57.059,1.04376,1.04378,4.27,1.00
2016.12.22 19:03:01.024,1.04377,1.04378,1.00,1.00
2016.12.22 19:03:01.531,1.04376,1.04378,5.17,1.00
2016.12.22 19:03:01.735,1.04375,1.04377,11.40,1.50
2016.12.22 19:03:02.242,1.04375,1.04376,6.75,1.50
2016.12.22 19:03:02.547,1.04372,1.04373,3.00,1.00
2016.12.22 19:03:02.843,1.04372,1.04373,1.00,2.25
2016.12.22 19:03:03.353,1.04371,1.04373,1.50,2.25
2016.12.22 19:03:10.709,1.04372,1.04373,1.00,2.25
2016.12.22 19:03:13.275,1.04371,1.04373,1.00,1.50
2016.12.22 19:03:13.799,1.0437,1.04373,7.31,1.50
2016.12.22 19:03:14.307,1.04371,1.04373,1.00,1.50
2016.12.22 19:03:14.812,1.0437,1.04373,7.31,1.50
2016.12.22 19:03:15.318,1.04371,1.04373,1.00,1.50
2016.12.22 19:03:15.824,1.0437,1.04373,8.06,1.50
2016.12.22 19:03:17.386,1.0437,1.04372,7.69,1.00
2016.12.22 19:03:18.226,1.0437,1.04371,3.94,1.00
2016.12.22 19:03:22.857,1.04369,1.04371,7.50,1.00
2016.12.22 19:03:23.032,1.0437,1.04372,4.50,1.00
2016.12.22 19:03:26.142,1.0437,1.04371,1.50,4.31
2016.12.22 19:03:26.597,1.04367,1.04369,3.00,3.00
2016.12.22 19:03:27.986,1.04366,1.04369,1.12,3.00
2016.12.22 19:03:30.990,1.04365,1.04369,8.25,3.00
2016.12.22 19:03:31.504,1.04366,1.04369,1.00,3.00
2016.12.22 19:03:31.909,1.04365,1.04367,2.87,2.59
2016.12.22 19:03:32.215,1.04362,1.04363,10.50,1.00
2016.12.22 19:03:33.042,1.04361,1.04362,12.75,1.00
2016.12.22 19:03:34.531,1.04363,1.04365,9.10,4.31
2016.12.22 19:03:34.734,1.04363,1.04364,10.12,1.50
2016.12.22 19:03:37.090,1.04363,1.04364,7.69,2.25
2016.12.22 19:03:37.192,1.04361,1.04362,12.75,1.00
2016.12.22 19:03:37.751,1.04358,1.0436,22.31,1.00
2016.12.22 19:03:38.180,1.0436,1.04361,12.00,1.00
2016.12.22 19:03:38.687,1.04362,1.04364,8.25,6.75
2016.12.22 19:03:38.788,1.04358,1.0436,18.00,1.50
2016.12.22 19:03:38.890,1.0436,1.04361,10.50,2.25
2016.12.22 19:03:39.295,1.04358,1.0436,13.12,1.00
2016.12.22 19:03:39.599,1.04356,1.04357,10.72,1.50
2016.12.22 19:03:42.429,1.04359,1.04361,10.75,5.44
2016.12.22 19:03:42.480,1.04362,1.04363,5.25,2.25
2016.12.22 19:03:43.340,1.04359,1.0436,12.56,1.00
2016.12.22 19:03:43.644,1.04356,1.04357,13.12,1.50
2016.12.22 19:03:44.696,1.04355,1.04357,6.15,1.50
2016.12.22 19:03:45.190,1.04354,1.04356,1.65,1.50
2016.12.22 19:03:45.696,1.04356,1.04358,1.00,3.19
2016.12.22 19:03:45.822,1.04355,1.04357,7.50,2.25
2016.12.22 19:03:46.330,1.04356,1.04357,1.00,2.25
2016.12.22 19:03:47.660,1.04355,1.04357,3.00,2.25
2016.12.22 19:03:50.655,1.04356,1.04357,1.00,2.25
2016.12.22 19:03:50.908,1.04355,1.04356,2.62,3.19
2016.12.22 19:03:51.415,1.04354,1.04355,1.65,1.50
2016.12.22 19:03:51.921,1.04354,1.04355,1.65,1.00
2016.12.22 19:03:52.376,1.04353,1.04355,3.30,2.25
2016.12.22 19:03:54.209,1.04351,1.04352,1.50,2.25
2016.12.22 19:03:54.755,1.0435,1.04351,2.25,2.25
2016.12.22 19:03:55.263,1.04351,1.04352,1.00,2.25
2016.12.22 19:04:02.756,1.0435,1.04352,3.56,1.50
2016.12.22 19:04:04.262,1.04351,1.04352,4.50,1.50
2016.12.22 19:04:04.780,1.04352,1.04354,4.37,2.25
2016.12.22 19:04:05.281,1.04352,1.04353,1.87,2.25
2016.12.22 19:04:06.624,1.04351,1.04353,6.97,1.50
2016.12.22 19:04:07.133,1.04352,1.04354,1.87,2.25
2016.12.22 19:04:11.974,1.04353,1.04354,1.12,1.50
2016.12.22 19:04:12.289,1.04358,1.0436,1.12,2.25
2016.12.22 19:04:14.442,1.04359,1.0436,1.00,2.25
2016.12.22 19:04:14.948,1.04357,1.04359,5.77,1.00
2016.12.22 19:04:15.454,1.04357,1.04359,1.12,3.19
2016.12.22 19:04:16.026,1.04356,1.04359,2.25,3.19
2016.12.22 19:04:16.676,1.04356,1.04358,1.50,1.00
2016.12.22 19:04:17.183,1.04356,1.04359,5.25,1.25
2016.12.22 19:04:21.163,1.04357,1.04359,1.00,3.19
2016.12.22 19:04:21.668,1.04356,1.04359,1.50,3.19
2016.12.22 19:04:22.182,1.04357,1.04359,1.00,3.19
2016.12.22 19:04:22.728,1.04356,1.04359,1.00,3.19
2016.12.22 19:04:24.104,1.04355,1.04359,6.00,2.44
2016.12.22 19:04:25.189,1.04359,1.0436,5.10,2.25
2016.12.22 19:04:25.240,1.0436,1.04361,1.50,1.50
2016.12.22 19:04:25.746,1.0436,1.04362,1.50,1.50
2016.12.22 19:04:30.728,1.04359,1.04362,8.44,1.00
2016.12.22 19:04:31.251,1.0436,1.04362,1.00,1.00
2016.12.22 19:04:32.021,1.04357,1.04358,1.00,13.91
2016.12.22 19:04:32.143,1.04352,1.04355,1.50,5.25
2016.12.22 19:04:32.194,1.04349,1.04351,12.94,1.00
2016.12.22 19:04:32.296,1.04351,1.04352,1.50,3.37
2016.12.22 19:04:33.509,1.0435,1.04352,6.75,2.25
2016.12.22 19:04:34.010,1.04351,1.04352,1.00,2.25
2016.12.22 19:04:34.895,1.0435,1.04352,8.47,2.25
2016.12.22 19:04:36.865,1.0435,1.04351,1.12,1.00
2016.12.22 19:04:37.371,1.04349,1.04351,2.62,2.25
2016.12.22 19:04:39.663,1.0435,1.04351,1.00,2.25
2016.12.22 19:04:40.223,1.0435,1.04352,2.81,1.50
2016.12.22 19:04:41.059,1.04351,1.04352,1.00,1.50
2016.12.22 19:04:41.706,1.04351,1.04353,1.00,3.00
2016.12.22 19:04:45.577,1.04351,1.04353,1.00,2.25
2016.12.22 19:04:45.628,1.0435,1.04353,5.81,1.50
2016.12.22 19:04:51.553,1.0435,1.04352,4.31,1.00
2016.12.22 19:04:52.059,1.0435,1.04353,6.41,2.25
2016.12.22 19:04:52.250,1.04354,1.04355,3.75,1.50
2016.12.22 19:04:52.402,1.04356,1.04357,1.50,1.00
2016.12.22 19:04:52.453,1.04356,1.04358,1.50,3.56
2016.12.22 19:04:54.414,1.04356,1.04357,1.50,3.00
2016.12.22 19:04:54.465,1.04356,1.04357,1.00,1.50
2016.12.22 19:04:54.970,1.04355,1.04357,3.37,1.00
2016.12.22 19:04:59.679,1.04355,1.04358,2.62,2.44
2016.12.22 19:05:00.230,1.04355,1.04357,2.62,2.25
2016.12.22 19:05:01.708,1.04358,1.04359,5.10,3.00
2016.12.22 19:05:01.759,1.0436,1.04362,4.79,4.50
2016.12.22 19:05:02.291,1.04361,1.04363,2.10,2.25
2016.12.22 19:05:02.389,1.04362,1.04364,2.10,3.75
2016.12.22 19:05:02.490,1.04359,1.0436,4.50,1.50
2016.12.22 19:05:02.694,1.04352,1.04353,1.12,1.00
2016.12.22 19:05:03.048,1.0435,1.04352,1.00,1.50
2016.12.22 19:05:04.065,1.0435,1.04353,6.19,3.00
2016.12.22 19:05:04.621,1.04351,1.04353,1.00,3.00
2016.12.22 19:05:05.829,1.04352,1.04353,1.35,1.50
2016.12.22 19:05:06.637,1.04352,1.04354,2.62,2.25
2016.12.22 19:05:07.160,1.04351,1.04353,1.00,2.25
2016.12.22 19:05:11.264,1.0435,1.04352,3.37,1.00
2016.12.22 19:05:11.986,1.0435,1.04351,1.00,3.00
2016.12.22 19:05:12.088,1.04348,1.04349,3.00,3.00
2016.12.22 19:05:12.593,1.04347,1.04348,4.12,2.25
2016.12.22 19:05:15.374,1.04347,1.04349,2.62,1.10
2016.12.22 19:05:15.950,1.04348,1.04349,2.10,1.10
2016.12.22 19:05:16.078,1.0435,1.04351,5.66,1.00
2016.12.22 19:05:16.182,1.04351,1.04353,1.12,3.00
2016.12.22 19:05:16.739,1.0435,1.04352,4.87,1.00
2016.12.22 19:05:17.244,1.0435,1.04351,2.25,1.00
2016.12.22 19:05:18.258,1.04349,1.04351,6.75,1.00
2016.12.22 19:05:18.779,1.0435,1.04351,2.25,1.00
2016.12.22 19:05:19.462,1.04351,1.04352,1.00,1.00
2016.12.22 19:05:22.482,1.04351,1.04353,1.00,2.25
2016.12.22 19:05:25.461,1.04351,1.04352,1.00,1.00
2016.12.22 19:05:31.060,1.04351,1.04354,3.00,2.32
2016.12.22 19:05:31.212,1.04351,1.04352,1.12,1.50
2016.12.22 19:05:32.211,1.04352,1.04353,1.00,1.69
2016.12.22 19:05:32.748,1.04351,1.04352,1.59,1.00
2016.12.22 19:05:34.881,1.04351,1.04352,1.12,1.00
2016.12.22 19:05:36.811,1.04351,1.04353,1.00,1.69
2016.12.22 19:05:37.317,1.04351,1.04353,1.50,1.25
2016.12.22 19:05:37.873,1.04352,1.04353,1.00,1.25
2016.12.22 19:05:40.151,1.0435,1.04351,6.37,1.50
2016.12.22 19:05:41.665,1.0435,1.04352,7.97,2.25
2016.12.22 19:05:42.213,1.0435,1.04351,7.72,2.25
2016.12.22 19:05:42.725,1.0435,1.04352,2.62,1.00
2016.12.22 19:05:43.232,1.0435,1.04351,1.87,1.00
2016.12.22 19:05:44.682,1.04349,1.04351,2.62,1.00
2016.12.22 19:05:45.223,1.0435,1.04351,1.00,1.50
2016.12.22 19:05:45.783,1.04349,1.04351,2.62,1.00
2016.12.22 19:05:46.289,1.04349,1.04351,2.12,5.81
2016.12.22 19:05:46.845,1.04349,1.0435,1.12,2.44
2016.12.22 19:05:47.194,1.04348,1.0435,1.50,3.94
2016.12.22 19:05:47.911,1.04348,1.04349,1.12,2.25
2016.12.22 19:05:48.315,1.04345,1.04347,7.35,2.50
2016.12.22 19:05:48.430,1.04344,1.04346,4.69,2.25
2016.12.22 19:05:49.377,1.04345,1.04346,1.00,2.25
2016.12.22 19:05:49.991,1.04344,1.04346,3.56,2.25
2016.12.22 19:05:50.042,1.04344,1.04345,1.87,2.25
2016.12.22 19:05:50.548,1.04344,1.04345,1.00,1.00
2016.12.22 19:05:50.853,1.04341,1.04343,5.35,2.25
2016.12.22 19:05:51.640,1.0434,1.04341,8.70,2.25
2016.12.22 19:05:52.422,1.0434,1.04341,7.72,2.25
2016.12.22 19:05:52.962,1.04338,1.04339,3.75,6.00
2016.12.22 19:05:53.064,1.04336,1.04337,5.25,1.50
2016.12.22 19:05:53.115,1.04335,1.04336,1.00,2.25
2016.12.22 19:05:53.166,1.04333,1.04334,5.25,1.00
2016.12.22 19:05:53.382,1.04331,1.04332,5.06,1.50
2016.12.22 19:05:54.141,1.04333,1.04334,2.44,2.25
2016.12.22 19:05:54.192,1.04335,1.04338,2.10,12.00
2016.12.22 19:05:54.244,1.04335,1.04336,2.66,2.25
2016.12.22 19:05:54.295,1.04336,1.04338,1.00,2.25
2016.12.22 19:05:54.836,1.04337,1.04339,1.00,1.50
2016.12.22 19:05:55.140,1.04336,1.04337,7.35,2.25
2016.12.22 19:05:57.211,1.04338,1.04339,1.00,1.50
2016.12.22 19:05:57.262,1.04339,1.04341,2.10,4.12
2016.12.22 19:05:57.566,1.04341,1.04342,1.00,1.00
2016.12.22 19:05:57.819,1.0434,1.04342,5.44,1.00
2016.12.22 19:05:57.920,1.04339,1.0434,3.75,1.00
2016.12.22 19:05:58.016,1.0434,1.04342,1.50,2.25
2016.12.22 19:05:58.554,1.04341,1.04342,1.00,1.50
2016.12.22 19:05:59.060,1.04341,1.04342,1.69,1.50
2016.12.22 19:06:01.692,1.04341,1.04343,3.79,3.00
2016.12.22 19:06:01.895,1.04341,1.04343,5.29,1.50
2016.12.22 19:06:02.401,1.04341,1.04342,4.91,1.50
2016.12.22 19:06:03.587,1.04342,1.04343,1.00,2.25
2016.12.22 19:06:05.369,1.04341,1.04343,6.41,3.00
2016.12.22 19:06:06.074,1.04341,1.04342,4.91,1.50
2016.12.22 19:06:06.429,1.04338,1.04339,1.12,1.50
2016.12.22 19:06:06.530,1.04337,1.04338,3.37,1.00
2016.12.22 19:06:06.682,1.04336,1.04337,1.00,1.00
2016.12.22 19:06:07.137,1.04337,1.04339,1.00,1.87
2016.12.22 19:06:07.491,1.04335,1.04336,2.25,1.00
2016.12.22 19:06:07.904,1.04332,1.04334,20.10,1.00
2016.12.22 19:06:13.009,1.04334,1.04335,1.00,2.25
2016.12.22 19:06:13.262,1.0433,1.04332,8.77,1.00
2016.12.22 19:06:15.359,1.04331,1.04332,1.87,2.25
2016.12.22 19:06:16.052,1.04333,1.04334,2.25,3.00
2016.12.22 19:06:16.103,1.04334,1.04335,1.00,1.50
2016.12.22 19:06:16.204,1.04335,1.04337,2.50,3.75
2016.12.22 19:06:18.591,1.04336,1.04338,1.00,2.44
2016.12.22 19:06:19.125,1.04336,1.04337,8.06,1.50
2016.12.22 19:06:19.663,1.04336,1.04338,5.12,2.25
2016.12.22 19:06:20.174,1.04336,1.04337,3.75,1.50
2016.12.22 19:06:20.781,1.04336,1.04338,3.25,2.25
2016.12.22 19:06:23.434,1.04335,1.04337,9.00,1.50
2016.12.22 19:06:23.687,1.04334,1.04335,3.75,1.00
2016.12.22 19:06:24.193,1.04335,1.04336,1.50,1.50
2016.12.22 19:06:24.699,1.04337,1.04339,1.00,3.00
2016.12.22 19:06:25.204,1.04336,1.04338,4.75,1.00
2016.12.22 19:06:25.761,1.04337,1.04339,1.00,1.50
2016.12.22 19:06:26.129,1.04335,1.04336,5.62,1.00
2016.12.22 19:06:29.510,1.04336,1.04337,2.25,2.25
2016.12.22 19:06:32.370,1.04335,1.04336,1.50,1.00
2016.12.22 19:06:33.128,1.04334,1.04336,8.25,1.00
2016.12.22 19:06:33.381,1.04336,1.04337,1.00,2.25
2016.12.22 19:06:34.448,1.04336,1.04337,1.30,2.25
2016.12.22 19:06:38.022,1.04336,1.04338,1.00,2.25
2016.12.22 19:06:38.608,1.04336,1.04337,1.30,2.25
2016.12.22 19:06:39.329,1.04336,1.04338,1.00,2.25
2016.12.22 19:06:39.860,1.04336,1.04337,1.30,2.25
2016.12.22 19:06:41.315,1.04337,1.04338,1.50,1.00
2016.12.22 19:06:41.467,1.04337,1.04339,2.25,1.12
2016.12.22 19:06:42.004,1.04338,1.0434,1.00,1.00
2016.12.22 19:06:43.578,1.04338,1.04341,2.25,3.56
2016.12.22 19:06:44.313,1.04339,1.04341,1.50,1.31
2016.12.22 19:06:46.062,1.0434,1.04341,1.50,1.69
2016.12.22 19:06:46.429,1.04341,1.04343,1.50,2.62
2016.12.22 19:06:46.934,1.0434,1.04342,6.37,1.00
2016.12.22 19:06:48.418,1.04341,1.04342,1.00,1.00
2016.12.22 19:06:50.188,1.0434,1.04341,1.50,1.84
2016.12.22 19:06:50.286,1.04339,1.04341,1.87,1.25
2016.12.22 19:06:50.855,1.0434,1.04341,2.25,1.25
2016.12.22 19:06:51.359,1.04339,1.04341,3.00,1.25
2016.12.22 19:06:52.039,1.04339,1.0434,1.00,1.25
2016.12.22 19:06:52.091,1.04337,1.04339,2.25,1.00
2016.12.22 19:06:54.567,1.04336,1.04339,4.50,1.50
2016.12.22 19:07:00.131,1.04337,1.04339,1.00,1.50
2016.12.22 19:07:00.536,1.04339,1.0434,1.00,1.00
2016.12.22 19:07:05.381,1.04338,1.0434,3.19,1.50
2016.12.22 19:07:07.693,1.04338,1.04341,2.44,1.00
2016.12.22 19:07:07.996,1.0434,1.04342,1.25,4.87
2016.12.22 19:07:08.199,1.0434,1.04344,2.44,9.00
2016.12.22 19:07:08.704,1.0434,1.04343,4.31,1.00
2016.12.22 19:07:09.051,1.04342,1.04344,1.50,1.00
2016.12.22 19:07:09.563,1.04342,1.04345,1.00,2.25
2016.12.22 19:07:10.068,1.04341,1.04344,2.81,1.50
2016.12.22 19:07:10.952,1.04343,1.04344,1.00,1.00
2016.12.22 19:07:11.461,1.04343,1.04345,2.25,1.00
2016.12.22 19:07:13.538,1.04342,1.04345,4.12,1.50
2016.12.22 19:07:14.067,1.04342,1.04344,1.50,1.00
2016.12.22 19:07:14.573,1.04341,1.04344,4.31,1.50
2016.12.22 19:07:15.110,1.04342,1.04344,1.00,1.00
2016.12.22 19:07:16.008,1.04342,1.04343,1.00,1.00
2016.12.22 19:07:16.515,1.04341,1.04343,5.81,1.00
2016.12.22 19:07:19.128,1.04341,1.04342,1.69,1.00
2016.12.22 19:07:19.432,1.04337,1.04339,2.44,1.00
2016.12.22 19:07:21.908,1.04337,1.0434,2.44,2.25
2016.12.22 19:07:22.925,1.04337,1.04339,1.69,1.00
2016.12.22 19:07:41.515,1.04337,1.04338,1.25,1.00
2016.12.22 19:07:42.464,1.04337,1.04339,1.25,1.50
2016.12.22 19:07:46.059,1.04337,1.04338,1.25,1.00
2016.12.22 19:07:51.535,1.04336,1.04338,3.19,1.00
2016.12.22 19:07:52.040,1.04337,1.04338,1.25,1.50
2016.12.22 19:07:54.177,1.04337,1.04339,1.69,1.50
2016.12.22 19:07:55.919,1.04338,1.0434,2.35,1.12
2016.12.22 19:07:56.071,1.04342,1.04343,1.00,1.50
2016.12.22 19:07:56.732,1.04341,1.04342,1.50,1.00
2016.12.22 19:07:56.833,1.0434,1.04342,1.50,1.00
2016.12.22 19:07:57.995,1.04339,1.04342,3.56,1.50
2016.12.22 19:08:03.010,1.04339,1.04341,3.56,1.00
2016.12.22 19:08:03.323,1.04336,1.04339,5.81,1.50
2016.12.22 19:08:04.015,1.04336,1.04338,4.05,1.50
2016.12.22 19:08:04.561,1.04336,1.04338,3.19,1.00
2016.12.22 19:08:04.890,1.04339,1.04341,1.50,6.37
2016.12.22 19:08:05.259,1.04341,1.04343,1.50,1.00
2016.12.22 19:08:05.766,1.04342,1.04344,2.25,1.50
2016.12.22 19:08:06.019,1.04341,1.04342,1.50,1.00
2016.12.22 19:08:06.120,1.04341,1.04344,2.25,2.25
2016.12.22 19:08:06.323,1.04341,1.04343,3.75,1.00
2016.12.22 19:08:06.424,1.04341,1.04344,2.25,1.50
2016.12.22 19:08:06.627,1.04341,1.04343,2.25,1.00
2016.12.22 19:08:07.082,1.04342,1.04344,1.50,3.00
2016.12.22 19:08:07.754,1.04341,1.04344,3.75,3.00
2016.12.22 19:08:08.159,1.04342,1.04344,1.00,2.25
2016.12.22 19:08:08.853,1.04342,1.04343,1.00,1.00
2016.12.22 19:08:09.164,1.04341,1.04343,3.00,2.25
2016.12.22 19:08:10.121,1.04341,1.04342,1.61,1.50
2016.12.22 19:08:10.324,1.04339,1.04341,9.19,2.50
2016.12.22 19:08:10.831,1.0434,1.04341,4.31,2.25
2016.12.22 19:08:12.265,1.04338,1.0434,6.37,2.50
2016.12.22 19:08:12.467,1.04336,1.04337,5.06,1.50
2016.12.22 19:08:14.262,1.04336,1.04337,1.00,1.50
2016.12.22 19:08:15.612,1.04335,1.04336,3.00,2.25
2016.12.22 19:08:17.423,1.04334,1.04336,3.94,2.25
2016.12.22 19:08:17.727,1.04333,1.04335,7.31,1.00
2016.12.22 19:08:17.778,1.04332,1.04334,8.62,1.00
2016.12.22 19:08:18.284,1.04332,1.04334,1.00,4.50
2016.12.22 19:08:18.790,1.04332,1.04333,1.00,1.00
2016.12.22 19:08:19.363,1.04331,1.04333,1.69,2.25
2016.12.22 19:08:20.495,1.04331,1.04332,1.25,1.00
2016.12.22 19:08:20.811,1.04329,1.04331,9.00,2.50
2016.12.22 19:08:21.943,1.0433,1.04331,1.25,1.50
2016.12.22 19:08:24.045,1.04328,1.0433,5.06,1.00
2016.12.22 19:08:24.551,1.04329,1.0433,1.00,1.00
2016.12.22 19:08:25.072,1.04328,1.04329,2.29,1.00
2016.12.22 19:08:25.123,1.04328,1.04331,2.29,3.37
2016.12.22 19:08:25.628,1.04328,1.04329,2.29,1.00
2016.12.22 19:08:29.111,1.04325,1.04326,9.04,1.50
2016.12.22 19:08:29.213,1.04325,1.04327,3.94,3.25
2016.12.22 19:08:29.468,1.04327,1.0433,2.25,3.37
2016.12.22 19:08:29.975,1.04327,1.04329,2.25,1.00
2016.12.22 19:08:30.491,1.04326,1.04329,3.37,1.50
2016.12.22 19:08:32.849,1.04326,1.04328,1.87,1.00
2016.12.22 19:08:33.365,1.04326,1.04329,1.87,2.25
2016.12.22 19:08:34.116,1.04326,1.04328,1.12,1.50
2016.12.22 19:08:35.609,1.04326,1.04327,1.12,1.00
2016.12.22 19:08:38.524,1.04326,1.04328,3.00,2.25
2016.12.22 19:08:39.162,1.04327,1.04328,1.00,2.25
2016.12.22 19:08:40.532,1.04326,1.04327,2.25,1.00
2016.12.22 19:08:41.312,1.04328,1.04329,2.25,1.50
2016.12.22 19:08:41.825,1.04327,1.04328,2.25,2.25
2016.12.22 19:08:42.331,1.04327,1.04328,2.25,2.25
2016.12.22 19:08:43.146,1.04328,1.04329,1.00,1.50
2016.12.22 19:08:43.804,1.04329,1.04331,1.00,9.37
2016.12.22 19:08:44.360,1.0433,1.04331,1.00,1.87
2016.12.22 19:08:44.562,1.04328,1.0433,3.00,1.00
2016.12.22 19:08:45.069,1.04329,1.0433,2.25,1.00
2016.12.22 19:08:46.310,1.04328,1.04329,1.50,1.50
2016.12.22 19:08:46.564,1.04327,1.04329,3.00,2.25
2016.12.22 19:08:47.069,1.04327,1.0433,3.75,2.25
2016.12.22 19:08:47.811,1.04328,1.0433,1.00,2.10
2016.12.22 19:08:48.317,1.04326,1.04329,8.06,1.00
2016.12.22 19:08:48.419,1.04328,1.04329,1.35,1.35
2016.12.22 19:08:48.723,1.0433,1.04332,6.19,1.00
2016.12.22 19:08:50.539,1.0433,1.04332,5.44,1.00
2016.12.22 19:08:51.561,1.04331,1.04332,2.10,1.00
2016.12.22 19:08:51.882,1.04332,1.04334,1.87,1.00
2016.12.22 19:08:52.396,1.04332,1.04335,2.62,3.19
2016.12.22 19:08:53.677,1.04338,1.04339,7.35,1.50
2016.12.22 19:08:53.838,1.04344,1.04345,1.50,3.90
2016.12.22 19:08:53.889,1.04343,1.04344,6.19,1.50
2016.12.22 19:08:54.245,1.04343,1.04346,5.44,3.00
2016.12.22 19:08:55.545,1.04343,1.04345,4.69,1.50
2016.12.22 19:08:55.697,1.04339,1.04341,21.94,2.12
2016.12.22 19:08:55.748,1.04336,1.04338,6.75,1.00
2016.12.22 19:08:56.254,1.04336,1.04337,3.00,1.50
2016.12.22 19:08:56.760,1.04336,1.04338,3.00,1.00
2016.12.22 19:08:57.861,1.04339,1.04341,2.50,11.44
2016.12.22 19:08:58.368,1.0434,1.04341,2.25,1.00
2016.12.22 19:09:00.677,1.0434,1.04342,2.25,2.62
2016.12.22 19:09:01.708,1.0434,1.04341,1.00,1.00
2016.12.22 19:09:02.314,1.0434,1.04342,3.19,1.87
2016.12.22 19:09:05.260,1.04338,1.04339,9.19,1.50
2016.12.22 19:09:05.413,1.04336,1.04337,1.87,1.50
2016.12.22 19:09:05.514,1.04334,1.04336,2.62,1.50
2016.12.22 19:09:06.021,1.04334,1.04335,1.50,1.50
2016.12.22 19:09:06.549,1.04331,1.04333,7.12,1.00
2016.12.22 19:09:06.705,1.0433,1.04331,2.25,1.00
2016.12.22 19:09:06.909,1.04331,1.04334,5.25,3.00
2016.12.22 19:09:07.415,1.04332,1.04334,1.00,1.50
2016.12.22 19:09:07.925,1.04333,1.04334,1.00,1.00
2016.12.22 19:09:09.452,1.04332,1.04334,1.00,2.10
2016.12.22 19:09:09.554,1.04331,1.04332,1.50,1.00
2016.12.22 19:09:09.605,1.0433,1.04332,1.50,1.00
2016.12.22 19:09:10.110,1.0433,1.04331,1.50,1.00
2016.12.22 19:09:10.658,1.04331,1.04332,1.00,1.50
2016.12.22 19:09:12.012,1.0433,1.04331,1.50,1.00
2016.12.22 19:09:12.533,1.04329,1.04331,9.94,1.00
2016.12.22 19:09:13.480,1.04329,1.04332,6.19,1.50
2016.12.22 19:09:14.658,1.04331,1.04332,1.00,1.00
2016.12.22 19:09:15.554,1.04333,1.04334,1.00,4.12
2016.12.22 19:09:15.606,1.04333,1.04334,1.00,1.00
2016.12.22 19:09:16.014,1.04331,1.04334,1.50,2.25
2016.12.22 19:09:21.941,1.04332,1.04335,1.00,7.87
2016.12.22 19:09:22.548,1.04332,1.04334,1.00,1.00
2016.12.22 19:09:23.009,1.0433,1.04333,4.96,1.00
2016.12.22 19:09:24.392,1.04331,1.04334,1.00,1.87
2016.12.22 19:09:25.115,1.04333,1.04335,1.50,6.19
2016.12.22 19:09:25.312,1.04335,1.04336,3.75,3.37
2016.12.22 19:09:25.818,1.04335,1.04337,1.58,1.00
2016.12.22 19:09:28.496,1.04335,1.04338,2.32,3.00
2016.12.22 19:09:31.568,1.04335,1.04336,1.57,2.25
2016.12.22 19:09:31.873,1.04332,1.04333,1.50,1.00
2016.12.22 19:09:32.409,1.04332,1.04334,1.50,1.50
2016.12.22 19:09:32.612,1.0433,1.04334,8.81,1.00
2016.12.22 19:09:33.280,1.0433,1.04333,8.81,1.00
2016.12.22 19:09:34.315,1.0433,1.04331,1.50,1.00
2016.12.22 19:09:34.834,1.04329,1.04331,2.44,1.00
2016.12.22 19:09:35.708,1.04329,1.04332,3.94,1.50
2016.12.22 19:09:39.534,1.0433,1.04333,6.22,1.50
2016.12.22 19:09:39.879,1.04332,1.04334,1.50,1.50
2016.12.22 19:09:40.186,1.04327,1.04328,1.50,2.25
2016.12.22 19:09:40.237,1.04325,1.04328,7.87,1.50
2016.12.22 19:09:40.389,1.04328,1.0433,5.44,2.25
2016.12.22 19:09:40.541,1.04329,1.04332,9.04,1.50
2016.12.22 19:09:42.253,1.04335,1.04336,2.25,5.62
2016.12.22 19:09:42.456,1.04335,1.04337,6.00,2.25
2016.12.22 19:09:42.962,1.04335,1.04338,6.00,2.25
2016.12.22 19:09:44.612,1.04336,1.04337,1.50,1.50
2016.12.22 19:09:46.217,1.04335,1.04338,4.12,1.50
2016.12.22 19:09:47.664,1.04333,1.04334,6.00,5.10
2016.12.22 19:09:47.817,1.04331,1.04333,1.00,3.00
2016.12.22 19:09:48.323,1.04331,1.04334,1.00,2.25
2016.12.22 19:09:57.674,1.04333,1.04335,4.75,5.81
2016.12.22 19:09:57.878,1.04334,1.04336,7.31,1.00
2016.12.22 19:09:58.690,1.04335,1.04336,1.50,1.00
2016.12.22 19:09:59.809,1.04334,1.04336,5.44,1.00
2016.12.22 19:10:00.335,1.04334,1.04335,1.12,1.00
2016.12.22 19:10:00.588,1.04334,1.04337,1.12,3.75
2016.12.22 19:10:00.845,1.04333,1.04334,1.87,1.00
2016.12.22 19:10:00.998,1.04331,1.04334,3.19,2.25
2016.12.22 19:10:02.852,1.04331,1.04333,2.44,1.50
2016.12.22 19:10:03.361,1.04332,1.04333,1.50,2.25
2016.12.22 19:10:03.869,1.04331,1.04333,2.44,2.25
2016.12.22 19:10:05.451,1.04331,1.04332,2.44,1.00
2016.12.22 19:10:05.964,1.04331,1.04334,2.44,1.50
2016.12.22 19:10:06.498,1.04331,1.04333,2.44,1.00
2016.12.22 19:10:08.391,1.04331,1.04334,3.19,3.00
2016.12.22 19:10:08.911,1.04331,1.04334,3.26,2.25
2016.12.22 19:10:11.343,1.04331,1.04334,3.94,3.75
2016.12.22 19:10:12.063,1.04331,1.04333,3.94,1.00
2016.12.22 19:10:18.164,1.04333,1.04334,1.00,1.50
2016.12.22 19:10:18.670,1.04332,1.04334,2.25,1.00
2016.12.22 19:10:19.901,1.04332,1.04333,2.25,1.00
2016.12.22 19:10:20.450,1.04332,1.04334,1.00,2.25
2016.12.22 19:10:20.905,1.04331,1.04332,1.50,1.00
2016.12.22 19:10:21.411,1.04332,1.04334,1.00,5.06
2016.12.22 19:10:25.995,1.04333,1.04334,1.00,1.00
2016.12.22 19:10:27.949,1.04332,1.04334,1.50,1.50
2016.12.22 19:10:28.484,1.04333,1.04334,1.00,1.00
2016.12.22 19:10:28.990,1.04332,1.04334,1.50,1.50
2016.12.22 19:10:30.639,1.04334,1.04335,1.00,1.00
2016.12.22 19:10:31.095,1.04335,1.04337,1.00,2.25
2016.12.22 19:10:31.610,1.04335,1.04336,1.50,1.00
2016.12.22 19:10:34.327,1.04336,1.04337,1.00,1.00
2016.12.22 19:10:34.833,1.04337,1.04338,1.00,1.00
2016.12.22 19:10:35.861,1.04336,1.04338,3.00,1.00
2016.12.22 19:10:37.916,1.04337,1.04339,1.00,1.50
2016.12.22 19:10:39.337,1.04338,1.0434,1.00,1.95
2016.12.22 19:10:39.913,1.04337,1.04339,1.00,1.00
2016.12.22 19:10:40.461,1.04336,1.04339,3.00,1.50
2016.12.22 19:10:41.007,1.04335,1.04338,8.44,1.00
2016.12.22 19:10:44.005,1.04336,1.04339,1.50,1.00
2016.12.22 19:10:45.927,1.04335,1.04339,6.56,1.50
2016.12.22 19:10:46.457,1.04335,1.04338,6.56,1.00
2016.12.22 19:10:47.707,1.04336,1.04339,1.00,1.50
2016.12.22 19:10:49.909,1.04335,1.04338,7.31,1.00
2016.12.22 19:10:50.414,1.04335,1.04339,7.31,2.25
2016.12.22 19:10:54.963,1.04336,1.04339,1.00,1.50
2016.12.22 19:10:55.266,1.04339,1.0434,1.00,2.32
2016.12.22 19:10:55.317,1.04339,1.0434,1.00,1.00
2016.12.22 19:10:55.823,1.04339,1.04341,1.50,1.00
2016.12.22 19:10:56.834,1.0434,1.04341,2.25,1.00
2016.12.22 19:10:56.885,1.0434,1.04341,1.50,1.00
2016.12.22 19:10:57.390,1.0434,1.04341,2.25,1.00
2016.12.22 19:10:57.820,1.04341,1.04342,2.25,1.50
2016.12.22 19:10:58.338,1.04342,1.04343,1.50,1.87
2016.12.22 19:10:58.849,1.04341,1.04342,1.50,1.50
2016.12.22 19:11:02.240,1.04341,1.04342,1.50,1.00
2016.12.22 19:11:02.947,1.04341,1.04342,2.25,1.50
2016.12.22 19:11:03.492,1.0434,1.04341,2.25,1.00
2016.12.22 19:11:06.839,1.04341,1.04342,1.50,1.50
2016.12.22 19:11:10.480,1.0434,1.04341,3.37,1.00
2016.12.22 19:11:12.381,1.04341,1.04342,1.50,1.50
2016.12.22 19:11:12.886,1.04342,1.04343,2.25,2.32
2016.12.22 19:11:13.391,1.04341,1.04342,2.25,1.50
2016.12.22 19:11:16.478,1.04341,1.04342,1.50,1.00
2016.12.22 19:11:16.984,1.0434,1.04342,2.62,1.00
2016.12.22 19:11:17.509,1.04341,1.04342,2.25,1.50
2016.12.22 19:11:19.404,1.04342,1.04343,1.50,1.57
2016.12.22 19:11:20.062,1.04341,1.04342,3.00,1.50
2016.12.22 19:11:22.659,1.04342,1.04343,1.50,1.57
2016.12.22 19:11:23.208,1.04341,1.04342,2.25,1.00
2016.12.22 19:11:24.994,1.04342,1.04343,2.25,1.57
2016.12.22 19:11:25.501,1.04341,1.04342,1.50,1.50
2016.12.22 19:11:26.057,1.0434,1.04342,2.62,1.00
2016.12.22 19:11:26.607,1.0434,1.04341,2.62,1.00
2016.12.22 19:11:27.156,1.04341,1.04342,1.50,1.50
2016.12.22 19:11:27.663,1.04341,1.04343,2.50,3.07
2016.12.22 19:11:28.179,1.04341,1.04342,2.25,1.87
2016.12.22 19:11:29.656,1.0434,1.04342,2.25,2.12
2016.12.22 19:11:30.810,1.04341,1.04343,2.50,2.32
2016.12.22 19:11:31.314,1.04341,1.04343,1.00,2.62
2016.12.22 19:11:50.090,1.04341,1.04342,2.25,1.87
2016.12.22 19:11:55.461,1.0434,1.04341,3.00,1.00
2016.12.22 19:11:57.015,1.04341,1.04342,1.00,1.50
2016.12.22 19:11:57.268,1.04339,1.04342,3.75,3.00
2016.12.22 19:11:57.786,1.0434,1.04341,1.50,1.00
2016.12.22 19:11:58.318,1.04339,1.04341,6.00,1.00
2016.12.22 19:11:59.306,1.0434,1.04341,1.00,1.00
2016.12.22 19:11:59.857,1.04339,1.04341,4.50,1.00
2016.12.22 19:12:00.121,1.04334,1.04335,23.62,1.00
2016.12.22 19:12:00.222,1.04334,1.04335,1.12,3.75
2016.12.22 19:12:00.324,1.04332,1.04334,1.00,1.00
2016.12.22 19:12:00.375,1.04334,1.04335,2.25,1.87
2016.12.22 19:12:00.679,1.04336,1.04337,2.25,1.00
2016.12.22 19:12:00.983,1.04333,1.04334,2.10,1.50
2016.12.22 19:12:01.497,1.04332,1.04333,1.00,1.00
2016.12.22 19:12:01.962,1.04331,1.04333,2.25,1.00
2016.12.22 19:12:07.958,1.04331,1.04332,2.25,1.00
2016.12.22 19:12:08.545,1.04331,1.04333,2.25,2.25
2016.12.22 19:12:09.601,1.04332,1.04333,1.50,1.50
2016.12.22 19:12:10.108,1.04331,1.04333,2.25,1.50
2016.12.22 19:12:10.758,1.04331,1.04332,2.25,1.00
2016.12.22 19:12:12.086,1.0433,1.04332,9.37,1.00
2016.12.22 19:12:18.307,1.04331,1.04332,3.00,1.00
2016.12.22 19:12:20.431,1.04332,1.04333,1.00,1.50
2016.12.22 19:12:26.164,1.04333,1.04334,3.75,1.00
2016.12.22 19:12:26.672,1.04336,1.04337,1.00,1.50
2016.12.22 19:12:28.319,1.04336,1.04337,1.00,3.75
2016.12.22 19:12:28.841,1.04335,1.04336,1.78,1.69
2016.12.22 19:12:29.700,1.04333,1.04335,5.02,1.00
2016.12.22 19:12:30.208,1.04335,1.04336,1.00,1.00
2016.12.22 19:12:31.860,1.04334,1.04335,2.25,1.00
2016.12.22 19:12:32.063,1.04331,1.04333,3.00,1.00
2016.12.22 19:12:32.608,1.04331,1.04333,4.50,1.00
2016.12.22 19:12:33.211,1.0433,1.04332,10.72,1.00
2016.12.22 19:12:34.365,1.04332,1.04333,1.00,1.00
2016.12.22 19:12:34.906,1.04331,1.04333,3.75,1.00
2016.12.22 19:12:35.428,1.04331,1.04333,3.75,1.00
2016.12.22 19:12:36.204,1.04331,1.04333,3.75,1.00
2016.12.22 19:12:36.710,1.04331,1.04333,3.00,1.00
2016.12.22 19:12:38.458,1.0433,1.04333,10.35,1.00
2016.12.22 19:12:48.340,1.04331,1.04332,1.00,1.50
2016.12.22 19:12:55.655,1.04328,1.0433,15.94,1.00
2016.12.22 19:12:55.707,1.04326,1.04328,8.06,1.00
2016.12.22 19:12:55.860,1.04325,1.04326,5.62,1.00
2016.12.22 19:12:56.064,1.04325,1.04326,5.62,1.00
2016.12.22 19:12:56.670,1.04324,1.04326,14.70,1.00
2016.12.22 19:12:57.187,1.04325,1.04326,3.37,1.00
2016.12.22 19:13:06.213,1.04329,1.04331,4.00,9.94
2016.12.22 19:13:06.972,1.0433,1.04331,1.00,1.50
2016.12.22 19:13:07.125,1.04328,1.04329,1.87,1.00
2016.12.22 19:13:07.378,1.04328,1.04331,1.87,1.50
2016.12.22 19:13:07.688,1.04328,1.04329,1.00,1.00
2016.12.22 19:13:07.840,1.04326,1.04328,2.44,1.00
2016.12.22 19:13:11.801,1.04329,1.0433,1.50,4.50
2016.12.22 19:13:12.219,1.04327,1.04329,5.25,1.00
2016.12.22 19:13:16.060,1.04326,1.04328,3.37,1.00
2016.12.22 19:13:16.567,1.04325,1.04327,6.75,1.00
2016.12.22 19:13:30.054,1.04325,1.04327,8.25,1.00
2016.12.22 19:13:31.567,1.04325,1.04327,5.25,1.00
2016.12.22 19:13:32.073,1.04325,1.04327,3.00,1.00
2016.12.22 19:13:36.009,1.04325,1.04326,1.50,1.00
2016.12.22 19:13:38.504,1.04325,1.04327,2.25,1.00
2016.12.22 19:13:39.009,1.04325,1.04327,2.25,1.00
2016.12.22 19:13:46.105,1.04328,1.04329,2.25,5.81
2016.12.22 19:13:46.156,1.04328,1.0433,8.25,4.50
2016.12.22 19:13:47.457,1.04329,1.0433,1.12,1.00
2016.12.22 19:13:47.818,1.04328,1.04331,2.25,2.25
2016.12.22 19:13:48.354,1.04327,1.04331,3.56,3.00
2016.12.22 19:13:50.030,1.04327,1.04329,2.81,1.00
2016.12.22 19:13:50.586,1.04329,1.04331,1.50,3.00
2016.12.22 19:13:50.739,1.0433,1.04331,3.75,1.00
2016.12.22 19:13:51.276,1.04329,1.04331,7.12,1.00
2016.12.22 19:13:52.652,1.0433,1.04331,4.50,1.00
2016.12.22 19:13:53.155,1.04331,1.04333,1.50,2.25
2016.12.22 19:13:58.129,1.04332,1.04333,1.00,1.00
2016.12.22 19:13:59.109,1.04332,1.04334,1.00,3.94
2016.12.22 19:13:59.612,1.04331,1.04334,2.25,3.94
2016.12.22 19:14:00.217,1.04331,1.04333,2.25,1.00
2016.12.22 19:14:00.774,1.0433,1.04332,2.62,1.00
2016.12.22 19:14:01.505,1.04331,1.04333,1.00,1.00
2016.12.22 19:14:02.501,1.04331,1.04332,1.50,1.00
2016.12.22 19:14:03.280,1.04331,1.04333,2.25,1.00
2016.12.22 19:14:03.786,1.04331,1.04333,2.25,1.00
2016.12.22 19:14:04.857,1.0433,1.04332,6.56,1.00
2016.12.22 19:14:05.457,1.04331,1.04333,2.25,1.00
2016.12.22 19:14:09.697,1.04329,1.04331,6.94,1.00
2016.12.22 19:14:10.248,1.04329,1.0433,1.00,1.00
2016.12.22 19:14:13.699,1.04328,1.0433,8.62,1.00
2016.12.22 19:14:14.862,1.04329,1.04331,3.75,1.00
2016.12.22 19:14:15.377,1.04328,1.0433,8.06,1.00
2016.12.22 19:14:15.428,1.04327,1.04329,9.19,1.00
2016.12.22 19:14:15.945,1.04328,1.0433,3.37,1.00
2016.12.22 19:14:16.249,1.0433,1.04331,1.00,1.50
2016.12.22 19:14:16.757,1.04329,1.04331,1.50,1.00
2016.12.22 19:14:17.380,1.04328,1.0433,3.37,1.00
2016.12.22 19:14:18.448,1.0433,1.04331,1.00,1.00
2016.12.22 19:14:18.953,1.04329,1.04331,2.25,1.00
2016.12.22 19:14:19.883,1.04329,1.0433,1.50,1.50
2016.12.22 19:14:20.187,1.04331,1.04332,1.00,1.95
2016.12.22 19:14:20.722,1.0433,1.04331,3.00,1.00
2016.12.22 19:14:21.229,1.04331,1.04332,1.00,1.00
2016.12.22 19:14:22.008,1.04329,1.04331,4.31,1.00
2016.12.22 19:14:24.918,1.04331,1.04332,1.00,1.50
2016.12.22 19:14:25.432,1.04331,1.04332,1.00,1.50
2016.12.22 19:14:26.826,1.0433,1.04331,2.25,1.00
2016.12.22 19:14:27.332,1.0433,1.04331,1.00,1.00
2016.12.22 19:14:28.049,1.04328,1.04331,10.31,1.00
2016.12.22 19:14:30.032,1.04331,1.04332,1.00,1.00
2016.12.22 19:14:30.335,1.04331,1.04332,2.25,1.00
2016.12.22 19:14:30.386,1.04333,1.04334,2.25,4.50
2016.12.22 19:14:30.437,1.04334,1.04335,1.00,2.62
2016.12.22 19:14:30.539,1.04333,1.04334,1.50,1.00
2016.12.22 19:14:31.145,1.04332,1.04333,1.50,1.00
2016.12.22 19:14:33.083,1.04331,1.04332,3.94,1.00
2016.12.22 19:14:35.313,1.04332,1.04333,1.00,1.00
2016.12.22 19:14:35.364,1.04332,1.04334,1.00,1.50
2016.12.22 19:14:35.866,1.04331,1.04333,3.94,1.00
2016.12.22 19:14:36.977,1.04332,1.04333,1.00,1.00
2016.12.22 19:14:37.508,1.0433,1.04332,4.12,1.00
2016.12.22 19:14:40.701,1.04332,1.04333,1.00,1.00
2016.12.22 19:14:43.912,1.04331,1.04332,2.25,1.00
2016.12.22 19:14:44.418,1.04332,1.04333,1.00,1.00
2016.12.22 19:14:44.923,1.04331,1.04332,1.50,1.00
2016.12.22 19:14:46.097,1.04331,1.04332,1.00,1.00
2016.12.22 19:14:47.108,1.04332,1.04333,1.00,1.00
2016.12.22 19:14:47.613,1.04331,1.04333,2.25,1.00
2016.12.22 19:14:48.142,1.04332,1.04333,1.00,1.00
2016.12.22 19:14:50.176,1.04331,1.04332,1.00,1.00
2016.12.22 19:14:53.553,1.04334,1.04335,1.69,4.95
2016.12.22 19:14:53.654,1.04332,1.04333,2.81,1.00
2016.12.22 19:14:59.143,1.0433,1.04331,7.50,1.00
2016.12.22 19:14:59.677,1.04331,1.04332,1.25,3.00
2016.12.22 19:15:00.209,1.0433,1.04331,6.75,1.00
2016.12.22 19:15:00.962,1.0433,1.04331,4.50,1.00
2016.12.22 19:15:01.644,1.04329,1.04331,3.19,2.50
2016.12.22 19:15:01.797,1.04328,1.04329,1.12,1.00
2016.12.22 19:15:07.257,1.0433,1.04331,1.25,1.50
2016.12.22 19:15:08.665,1.0433,1.04332,8.44,1.00
2016.12.22 19:15:10.781,1.0433,1.04333,5.81,2.25
2016.12.22 19:15:11.294,1.0433,1.04332,5.81,1.00
2016.12.22 19:15:11.813,1.0433,1.04333,5.81,2.25
2016.12.22 19:15:13.459,1.04331,1.04333,1.00,1.50
2016.12.22 19:15:14.043,1.0433,1.04333,8.81,1.50
2016.12.22 19:15:22.739,1.04331,1.04333,1.00,1.00
2016.12.22 19:15:23.818,1.04334,1.04335,5.25,1.87
2016.12.22 19:15:23.970,1.04335,1.04338,3.00,6.19
2016.12.22 19:15:24.507,1.04335,1.04337,3.00,1.00
2016.12.22 19:15:26.663,1.04335,1.04338,6.75,1.69
2016.12.22 19:15:27.171,1.04335,1.04337,6.00,1.00
2016.12.22 19:15:35.875,1.04335,1.04336,3.00,1.00
2016.12.22 19:15:36.380,1.04335,1.04337,3.00,1.00
2016.12.22 19:15:40.089,1.04336,1.04337,1.00,1.50
2016.12.22 19:15:40.342,1.04337,1.04339,1.00,1.00
2016.12.22 19:15:42.314,1.04336,1.04339,2.25,3.00
2016.12.22 19:15:43.612,1.04337,1.04339,1.00,1.50
2016.12.22 19:15:44.142,1.04337,1.0434,1.00,8.62
2016.12.22 19:15:44.711,1.04337,1.04339,1.00,1.00
2016.12.22 19:15:45.414,1.04339,1.0434,2.25,1.12
2016.12.22 19:15:45.682,1.04337,1.04339,2.06,1.50
2016.12.22 19:15:46.216,1.04338,1.04339,1.00,1.00
2016.12.22 19:15:50.282,1.04337,1.04339,1.50,1.00
2016.12.22 19:15:58.272,1.04336,1.04339,5.25,1.50
2016.12.22 19:16:02.124,1.04337,1.0434,1.50,5.62
2016.12.22 19:16:03.059,1.04337,1.04339,2.25,1.00
2016.12.22 19:16:03.571,1.04337,1.0434,2.25,4.87
2016.12.22 19:16:04.107,1.04337,1.04339,2.25,1.00
2016.12.22 19:16:10.175,1.04334,1.04336,10.50,4.12
2016.12.22 19:16:10.227,1.04334,1.04335,3.75,2.25
2016.12.22 19:16:10.329,1.04332,1.04335,8.06,2.25
2016.12.22 19:16:12.313,1.04334,1.04336,1.00,3.75
2016.12.22 19:16:15.513,1.04335,1.04337,1.00,1.87
2016.12.22 19:16:16.794,1.04335,1.04337,3.00,1.50
2016.12.22 19:16:17.912,1.04334,1.04335,2.06,1.50
2016.12.22 19:16:18.218,1.04332,1.04333,1.00,1.50
2016.12.22 19:16:18.523,1.0433,1.04331,4.12,1.00
2016.12.22 19:16:19.426,1.04332,1.04333,1.50,2.25
2016.12.22 19:16:21.463,1.04332,1.04333,1.50,3.00
2016.12.22 19:16:22.108,1.04331,1.04332,2.25,1.00
2016.12.22 19:16:30.861,1.0433,1.04332,9.30,1.00
2016.12.22 19:16:31.366,1.04331,1.04332,2.17,1.00
2016.12.22 19:16:35.130,1.04331,1.04333,2.17,3.00
2016.12.22 19:16:37.360,1.04334,1.04335,3.00,1.50
2016.12.22 19:16:37.614,1.04335,1.04337,1.50,2.25
2016.12.22 19:16:38.140,1.04335,1.04338,7.69,3.00
2016.12.22 19:16:38.659,1.04335,1.04338,7.61,3.00
2016.12.22 19:16:40.916,1.04339,1.0434,5.25,3.37
2016.12.22 19:16:41.017,1.0434,1.04341,1.50,1.00
2016.12.22 19:16:41.119,1.04341,1.04342,1.00,1.50
2016.12.22 19:16:41.629,1.0434,1.04343,4.80,2.25
2016.12.22 19:16:42.154,1.0434,1.04343,4.12,2.25
2016.12.22 19:16:46.785,1.04341,1.04343,1.42,2.25
2016.12.22 19:16:48.111,1.04341,1.04342,1.42,1.00
2016.12.22 19:16:49.394,1.0434,1.04343,1.87,2.25
2016.12.22 19:16:49.900,1.0434,1.04342,2.25,1.50
2016.12.22 19:16:55.303,1.0434,1.04343,6.00,2.25
2016.12.22 19:16:58.153,1.0434,1.04342,1.00,1.50
2016.12.22 19:17:00.266,1.04339,1.04341,6.75,2.65
2016.12.22 19:17:00.418,1.04337,1.04339,1.50,2.25
2016.12.22 19:17:00.954,1.04336,1.04339,7.98,2.25
2016.12.22 19:17:01.609,1.04338,1.0434,7.75,2.25
2016.12.22 19:17:01.813,1.04339,1.04341,2.25,3.00
2016.12.22 19:17:02.319,1.04338,1.04341,10.42,2.25
2016.12.22 19:17:02.761,1.04338,1.04339,2.92,1.00
2016.12.22 19:17:02.913,1.04336,1.04338,4.12,1.50
2016.12.22 19:17:09.921,1.04336,1.04339,3.37,1.00
2016.12.22 19:17:25.809,1.04336,1.04338,1.12,1.00
2016.12.22 19:17:26.316,1.04335,1.04338,6.00,1.00
2016.12.22 19:17:27.044,1.04339,1.0434,2.25,3.75
2016.12.22 19:17:27.146,1.0434,1.04342,1.00,1.50
2016.12.22 19:17:27.652,1.04341,1.04342,1.00,1.00
2016.12.22 19:17:29.636,1.04341,1.04343,1.00,1.00
2016.12.22 19:17:33.774,1.0434,1.04343,3.00,3.00
2016.12.22 19:17:34.280,1.0434,1.04341,1.00,1.00
2016.12.22 19:17:34.432,1.04338,1.04341,6.00,1.00
2016.12.22 19:17:38.927,1.04338,1.0434,1.00,1.00
2016.12.22 19:17:39.438,1.04336,1.04339,5.25,1.00
2016.12.22 19:17:42.155,1.04336,1.04338,3.75,1.00
2016.12.22 19:17:42.207,1.04335,1.04336,8.25,2.25
2016.12.22 19:17:42.259,1.04334,1.04336,2.25,2.25
2016.12.22 19:17:42.413,1.04332,1.04335,1.87,2.25
2016.12.22 19:17:46.067,1.04332,1.04333,1.12,1.00
2016.12.22 19:17:51.184,1.04331,1.04333,1.25,1.50
2016.12.22 19:17:55.335,1.04331,1.04332,1.25,1.00
2016.12.22 19:18:00.329,1.04331,1.04333,1.69,2.25
2016.12.22 19:18:09.886,1.04332,1.04334,1.25,3.00
2016.12.22 19:18:17.192,1.04333,1.04334,1.25,1.50
2016.12.22 19:18:29.810,1.04332,1.04333,1.25,1.00
2016.12.22 19:18:30.391,1.04331,1.04332,1.69,1.00
2016.12.22 19:18:31.392,1.0433,1.04332,5.44,1.00
2016.12.22 19:18:33.175,1.04332,1.04333,1.25,1.00
2016.12.22 19:18:33.682,1.04333,1.04334,1.25,1.50
2016.12.22 19:18:34.917,1.04334,1.04336,4.19,5.62
2016.12.22 19:18:35.228,1.04335,1.04337,3.00,1.00
2016.12.22 19:18:36.356,1.04336,1.04338,3.37,1.50
2016.12.22 19:18:36.407,1.04339,1.04341,2.44,7.87
2016.12.22 19:18:36.560,1.04341,1.04342,1.00,1.50
2016.12.22 19:18:37.090,1.0434,1.04343,1.69,3.75
2016.12.22 19:18:38.360,1.0434,1.04341,1.50,1.65
2016.12.22 19:18:38.564,1.04338,1.0434,1.25,1.00
2016.12.22 19:18:40.061,1.0434,1.04342,1.25,6.75
2016.12.22 19:18:40.625,1.04341,1.04343,1.25,1.50
2016.12.22 19:18:41.165,1.0434,1.04343,3.00,3.00
2016.12.22 19:18:44.788,1.04341,1.04343,1.00,1.50
2016.12.22 19:18:47.655,1.0434,1.04343,4.50,1.50
2016.12.22 19:18:48.060,1.0434,1.04342,1.50,3.90
2016.12.22 19:18:48.212,1.04338,1.04341,1.50,1.00
2016.12.22 19:18:49.158,1.0434,1.04342,1.50,1.12
2016.12.22 19:18:49.660,1.0434,1.04343,5.25,1.50
2016.12.22 19:18:50.179,1.04341,1.04343,1.00,1.00
2016.12.22 19:18:53.610,1.04339,1.0434,9.94,1.00
2016.12.22 19:18:53.680,1.0434,1.04343,3.75,1.50
2016.12.22 19:18:54.186,1.0434,1.04343,4.87,1.00
2016.12.22 19:18:59.112,1.0434,1.04341,2.25,1.20
2016.12.22 19:18:59.267,1.04336,1.04339,3.37,1.50
2016.12.22 19:18:59.510,1.04336,1.04337,1.50,1.50
2016.12.22 19:19:07.053,1.04336,1.04338,1.00,1.00
2016.12.22 19:19:07.558,1.04336,1.04339,1.50,1.50
2016.12.22 19:19:14.908,1.04337,1.04339,1.50,2.25
2016.12.22 19:19:18.989,1.04338,1.0434,1.00,3.00
2016.12.22 19:19:19.492,1.04337,1.0434,4.12,3.00
2016.12.22 19:19:20.523,1.04339,1.0434,1.00,2.25
2016.12.22 19:19:20.675,1.0434,1.04342,3.00,1.00
2016.12.22 19:19:22.569,1.04339,1.04343,5.25,2.25
2016.12.22 19:19:23.075,1.04339,1.04342,1.50,1.00
2016.12.22 19:19:24.118,1.0434,1.04343,1.00,1.50
2016.12.22 19:19:27.166,1.04341,1.04343,1.25,1.50
2016.12.22 19:19:32.889,1.04341,1.04342,1.25,1.00
2016.12.22 19:19:33.809,1.04339,1.0434,5.62,1.50
2016.12.22 19:19:33.911,1.04337,1.0434,2.06,2.25
2016.12.22 19:19:34.144,1.04337,1.04339,4.31,1.00
2016.12.22 19:19:34.650,1.04338,1.04339,1.00,1.00
2016.12.22 19:19:36.523,1.04337,1.04339,5.06,1.00
2016.12.22 19:19:38.148,1.04338,1.0434,1.00,1.00
2016.12.22 19:19:38.654,1.04336,1.04338,6.56,1.00
2016.12.22 19:20:06.242,1.04335,1.04337,3.75,1.00
2016.12.22 19:20:06.751,1.04333,1.04336,6.19,1.00
2016.12.22 19:20:09.249,1.04335,1.04336,1.25,1.00
2016.12.22 19:20:09.781,1.04335,1.04337,1.91,1.00
2016.12.22 19:20:10.297,1.04335,1.04336,1.25,1.00
2016.12.22 19:20:12.140,1.04335,1.04336,1.25,1.00
2016.12.22 19:20:14.394,1.04333,1.04335,6.00,1.00
2016.12.22 19:20:14.496,1.04332,1.04334,6.04,1.50
2016.12.22 19:20:15.003,1.04335,1.04336,2.25,4.95
2016.12.22 19:20:15.307,1.04335,1.04337,8.81,1.00
2016.12.22 19:20:15.994,1.04336,1.04337,1.00,3.00
2016.12.22 19:20:16.141,1.04334,1.04336,2.25,1.00
2016.12.22 19:20:16.193,1.04333,1.04335,2.81,1.00
2016.12.22 19:20:20.920,1.04334,1.04335,1.00,1.00
2016.12.22 19:20:21.425,1.04334,1.04336,1.50,1.00
2016.12.22 19:20:23.282,1.04333,1.04335,5.81,1.00
2016.12.22 19:20:23.608,1.04337,1.04338,1.00,1.12
2016.12.22 19:20:24.116,1.04337,1.04338,1.00,1.00
2016.12.22 19:20:24.319,1.04338,1.0434,1.50,4.50
2016.12.22 19:20:24.825,1.04337,1.0434,4.69,1.50
2016.12.22 19:20:26.211,1.04337,1.04339,3.94,1.00
2016.12.22 19:20:27.420,1.04336,1.04339,5.25,2.25
2016.12.22 19:20:28.622,1.04338,1.04339,1.50,2.25
2016.12.22 19:20:31.342,1.0434,1.04341,1.00,4.50
2016.12.22 19:20:31.646,1.0434,1.04343,6.56,3.00
2016.12.22 19:20:32.051,1.04341,1.04344,1.34,2.25
2016.12.22 19:20:32.626,1.04341,1.04343,1.09,1.00
2016.12.22 19:20:32.728,1.04339,1.04342,6.56,1.00
2016.12.22 19:20:33.337,1.04339,1.04342,6.94,1.00
2016.12.22 19:20:33.843,1.04339,1.04342,6.52,1.00
2016.12.22 19:20:34.486,1.04339,1.04342,6.94,1.00
2016.12.22 19:20:35.347,1.04339,1.04342,7.27,1.00
2016.12.22 19:20:35.852,1.04339,1.04342,6.94,1.00
2016.12.22 19:20:36.358,1.04339,1.04342,8.02,1.00
2016.12.22 19:20:36.723,1.04339,1.0434,2.40,1.50
2016.12.22 19:20:36.825,1.04337,1.04338,1.50,1.50
2016.12.22 19:20:37.331,1.04336,1.04338,2.44,1.50
2016.12.22 19:20:45.063,1.04336,1.04339,3.52,2.25
2016.12.22 19:20:48.199,1.04335,1.04337,9.15,1.00
2016.12.22 19:20:48.402,1.04335,1.04338,2.25,2.25
2016.12.22 19:20:48.908,1.04336,1.04338,2.02,1.00
2016.12.22 19:20:49.414,1.04336,1.04339,2.02,1.87
2016.12.22 19:20:54.609,1.04339,1.0434,3.19,1.50
2016.12.22 19:20:54.864,1.04342,1.04343,1.25,1.12
2016.12.22 19:20:55.241,1.0434,1.04341,1.50,1.50
2016.12.22 19:20:55.545,1.04341,1.04343,1.25,2.62
2016.12.22 19:20:57.008,1.04341,1.04344,1.69,2.77
2016.12.22 19:20:57.475,1.04343,1.04345,1.50,2.77
2016.12.22 19:20:57.980,1.04343,1.04346,1.50,4.87
2016.12.22 19:20:58.486,1.04344,1.04346,1.00,7.50
2016.12.22 19:20:59.627,1.04345,1.04347,4.94,6.75
2016.12.22 19:20:59.782,1.04347,1.04348,1.00,1.12
2016.12.22 19:21:01.859,1.04346,1.04348,2.25,1.00
2016.12.22 19:21:02.916,1.04347,1.04348,1.00,1.00
2016.12.22 19:21:06.433,1.04348,1.0435,1.00,1.50
2016.12.22 19:21:07.160,1.04348,1.04351,1.50,6.37
2016.12.22 19:21:08.860,1.04348,1.0435,1.00,1.50
2016.12.22 19:21:09.362,1.04348,1.04351,2.25,4.35
2016.12.22 19:21:10.270,1.04348,1.0435,2.25,1.00
2016.12.22 19:21:15.925,1.04349,1.0435,1.00,1.00
2016.12.22 19:21:16.431,1.04348,1.04351,1.00,4.87
2016.12.22 19:21:16.976,1.04348,1.0435,1.00,1.00
2016.12.22 19:21:17.482,1.0435,1.04351,1.00,1.00
2016.12.22 19:21:18.241,1.0435,1.04352,2.44,1.00
2016.12.22 19:21:19.238,1.0435,1.04351,3.19,1.00
2016.12.22 19:21:19.453,1.04347,1.0435,3.56,1.00
2016.12.22 19:21:21.181,1.04347,1.04349,2.62,1.00
2016.12.22 19:21:25.776,1.04347,1.0435,1.50,2.25
2016.12.22 19:21:26.282,1.04348,1.0435,1.00,2.25
2016.12.22 19:21:29.819,1.04347,1.04349,2.55,1.00
2016.12.22 19:21:29.920,1.04346,1.04348,3.94,1.00
2016.12.22 19:21:31.251,1.04348,1.04349,1.50,1.00
2016.12.22 19:21:33.360,1.04348,1.04349,2.25,1.00
2016.12.22 19:21:33.881,1.04347,1.04349,1.00,1.00
2016.12.22 19:21:42.459,1.04346,1.04348,4.80,1.50
2016.12.22 19:21:42.763,1.04344,1.04345,1.69,1.00
2016.12.22 19:21:44.557,1.04344,1.04345,1.24,1.00
2016.12.22 19:21:44.760,1.04342,1.04344,5.44,1.00
2016.12.22 19:21:47.866,1.04343,1.04344,1.50,1.00
2016.12.22 19:21:48.373,1.04344,1.04345,1.00,1.00
2016.12.22 19:21:50.722,1.04343,1.04345,4.50,1.00
2016.12.22 19:21:52.009,1.04342,1.04344,9.49,1.00
2016.12.22 19:21:52.263,1.04346,1.04347,1.00,2.25
2016.12.22 19:21:54.580,1.04345,1.04347,7.05,1.00
2016.12.22 19:22:00.857,1.04345,1.04347,1.42,3.75
2016.12.22 19:22:00.960,1.04343,1.04346,4.50,3.00
2016.12.22 19:22:09.704,1.04343,1.04345,2.25,1.00
2016.12.22 19:22:10.214,1.04343,1.04344,1.00,1.00
2016.12.22 19:22:10.726,1.04344,1.04345,1.50,1.00
2016.12.22 19:22:11.228,1.04344,1.04346,1.50,1.00
2016.12.22 19:22:13.047,1.04344,1.04347,1.50,1.50
2016.12.22 19:22:13.571,1.04344,1.04346,1.50,1.00
2016.12.22 19:22:38.911,1.04345,1.04346,1.00,1.00
2016.12.22 19:22:39.445,1.04344,1.04346,1.50,1.00
2016.12.22 19:22:39.963,1.04345,1.04346,1.00,1.00
2016.12.22 19:22:43.020,1.04344,1.04346,1.00,1.00
2016.12.22 19:22:43.525,1.04345,1.04346,1.00,1.00
2016.12.22 19:22:45.210,1.04345,1.04347,1.50,1.00
2016.12.22 19:22:45.363,1.04347,1.0435,1.00,6.00
2016.12.22 19:22:45.870,1.04347,1.0435,2.89,1.50
2016.12.22 19:22:51.288,1.04347,1.04349,2.14,1.00
2016.12.22 19:22:57.000,1.04348,1.0435,1.50,1.00
2016.12.22 19:22:57.508,1.04347,1.0435,1.00,1.00
2016.12.22 19:22:58.044,1.04348,1.04351,1.00,4.65
2016.12.22 19:22:58.449,1.04347,1.04349,2.25,1.00
2016.12.22 19:23:04.250,1.04346,1.04348,2.89,1.50
2016.12.22 19:23:04.357,1.04345,1.04346,2.25,1.00
2016.12.22 19:23:09.114,1.04345,1.04347,1.50,1.00
2016.12.22 19:23:14.526,1.04346,1.04347,1.00,1.00
2016.12.22 19:23:15.040,1.04347,1.04348,1.00,1.00
2016.12.22 19:23:15.495,1.04347,1.0435,2.14,2.25
2016.12.22 19:23:17.321,1.04347,1.04351,4.39,6.94
2016.12.22 19:23:17.826,1.04347,1.0435,4.76,1.00
2016.12.22 19:23:21.220,1.04346,1.04349,4.76,1.00
2016.12.22 19:23:25.656,1.04346,1.04348,5.89,1.00
2016.12.22 19:23:25.910,1.04344,1.04347,1.12,3.75
2016.12.22 19:23:29.267,1.04345,1.04347,1.00,1.00
2016.12.22 19:23:29.349,1.04347,1.04348,3.00,1.00
2016.12.22 19:23:29.870,1.04347,1.04349,4.01,1.00
2016.12.22 19:23:30.376,1.04345,1.04348,4.76,2.25
2016.12.22 19:23:30.427,1.04345,1.04348,2.62,2.25
2016.12.22 19:23:32.710,1.0434,1.04341,19.24,1.35
2016.12.22 19:23:32.813,1.04338,1.0434,5.50,3.04
2016.12.22 19:23:32.864,1.04336,1.04339,6.00,1.25
2016.12.22 19:23:33.448,1.04339,1.0434,2.25,5.62
2016.12.22 19:23:33.600,1.04341,1.04343,1.00,1.50
2016.12.22 19:23:34.146,1.0434,1.04344,6.37,3.75
2016.12.22 19:23:38.112,1.04341,1.04344,2.62,1.00
2016.12.22 19:23:38.228,1.04343,1.04345,1.00,1.69
2016.12.22 19:23:38.759,1.04342,1.04345,1.50,2.44
2016.12.22 19:23:55.909,1.04343,1.04345,1.00,2.44
2016.12.22 19:23:58.456,1.04344,1.04346,3.75,4.00
2016.12.22 19:23:58.609,1.04347,1.04348,1.50,1.12
2016.12.22 19:23:59.130,1.04347,1.04349,1.00,4.31
2016.12.22 19:23:59.764,1.04347,1.04349,1.00,1.31
2016.12.22 19:23:59.986,1.04346,1.04347,3.00,3.00
2016.12.22 19:24:00.088,1.04345,1.04346,1.50,5.25
2016.12.22 19:24:00.290,1.04342,1.04344,4.12,1.00
2016.12.22 19:24:00.559,1.04343,1.04344,1.00,2.25
2016.12.22 19:24:05.378,1.04342,1.04344,3.26,1.00
2016.12.22 19:24:05.899,1.04343,1.04344,1.00,1.00
2016.12.22 19:24:08.089,1.04342,1.04344,2.51,1.00
2016.12.22 19:24:08.192,1.04342,1.04343,1.00,2.25
2016.12.22 19:24:08.243,1.0434,1.04341,1.12,1.00
2016.12.22 19:24:08.294,1.04338,1.04339,3.75,2.25
2016.12.22 19:24:08.346,1.04337,1.04339,1.00,3.00
2016.12.22 19:24:08.397,1.04334,1.04336,4.50,6.29
2016.12.22 19:24:08.448,1.04335,1.04337,1.00,10.16
2016.12.22 19:24:08.550,1.04332,1.04334,1.87,1.50
2016.12.22 19:24:08.904,1.04331,1.04333,4.24,1.00
2016.12.22 19:24:09.056,1.0433,1.04332,8.06,1.00
2016.12.22 19:24:09.225,1.0433,1.04331,1.12,1.00
2016.12.22 19:24:09.329,1.04331,1.04333,1.00,1.50
2016.12.22 19:24:10.105,1.0433,1.04333,1.50,1.00
2016.12.22 19:24:11.343,1.04331,1.04333,2.25,1.00
2016.12.22 19:24:11.849,1.04331,1.04334,3.00,1.50
2016.12.22 19:24:16.261,1.04332,1.04334,1.50,1.50
2016.12.22 19:24:16.312,1.04335,1.04336,3.00,3.00
2016.12.22 19:24:16.414,1.04335,1.04337,4.50,1.50
2016.12.22 19:24:16.920,1.04336,1.04338,2.59,1.00
2016.12.22 19:24:17.482,1.04335,1.04338,7.31,1.00
2016.12.22 19:24:24.354,1.04334,1.04336,3.00,2.65
2016.12.22 19:24:24.506,1.04333,1.04335,1.87,1.00
2016.12.22 19:24:25.012,1.04333,1.04334,1.12,1.00
2016.12.22 19:24:25.517,1.04333,1.04335,1.87,2.25
2016.12.22 19:24:31.860,1.04332,1.04335,5.21,2.25
2016.12.22 19:24:32.366,1.04332,1.04336,5.21,6.75
2016.12.22 19:24:33.008,1.04332,1.04335,2.96,1.00
2016.12.22 19:24:44.764,1.04335,1.04336,1.00,4.27
2016.12.22 19:24:44.866,1.04336,1.04338,1.00,3.75
2016.12.22 19:24:45.461,1.04337,1.04338,1.00,1.00
2016.12.22 19:24:46.120,1.04337,1.04339,1.00,3.19
2016.12.22 19:24:54.756,1.04336,1.04339,6.30,1.25
2016.12.22 19:24:55.269,1.04337,1.04339,1.00,1.25
2016.12.22 19:25:08.562,1.04337,1.0434,1.50,2.25
2016.12.22 19:25:09.068,1.04338,1.0434,1.00,2.25
2016.12.22 19:25:13.708,1.04338,1.04341,1.00,10.87
2016.12.22 19:25:14.248,1.04338,1.0434,1.00,1.50
2016.12.22 19:25:14.743,1.04334,1.04335,7.05,3.60
2016.12.22 19:25:14.833,1.04333,1.04335,1.50,6.00
2016.12.22 19:25:14.886,1.04331,1.04335,1.69,8.25
2016.12.22 19:25:19.320,1.04331,1.04334,2.25,3.56
2016.12.22 19:25:24.003,1.04331,1.04334,1.05,3.37
2016.12.22 19:25:29.207,1.04331,1.04333,1.05,1.00
2016.12.22 19:25:30.548,1.04332,1.04333,3.00,1.50
2016.12.22 19:25:36.009,1.04332,1.04334,1.00,2.02
2016.12.22 19:25:36.607,1.04331,1.04334,3.00,2.02
2016.12.22 19:25:45.724,1.04331,1.04333,2.25,1.00
2016.12.22 19:25:49.678,1.04331,1.04332,1.00,1.00
2016.12.22 19:25:50.184,1.04331,1.04333,1.50,1.00
2016.12.22 19:25:58.234,1.04331,1.04332,1.50,1.00
2016.12.22 19:25:58.832,1.04332,1.04333,1.50,1.00
2016.12.22 19:26:02.672,1.04332,1.04333,1.00,1.00
2016.12.22 19:26:03.177,1.04331,1.04332,1.50,1.00
2016.12.22 19:26:06.259,1.04331,1.04332,1.50,1.00
2016.12.22 19:26:07.061,1.04332,1.04333,1.00,1.50
2016.12.22 19:26:09.758,1.04331,1.04332,1.50,1.50
2016.12.22 19:26:09.936,1.04334,1.04336,1.50,8.25
2016.12.22 19:26:09.988,1.04331,1.04333,5.62,1.00
2016.12.22 19:26:10.243,1.04331,1.04332,1.50,2.25
2016.12.22 19:26:12.251,1.0433,1.04331,2.25,2.25
2016.12.22 19:26:14.358,1.04331,1.04332,2.25,3.00
2016.12.22 19:26:16.710,1.04331,1.04333,1.00,3.00
2016.12.22 19:26:20.910,1.04328,1.0433,14.50,1.00
2016.12.22 19:26:20.961,1.04328,1.0433,7.62,1.00
2016.12.22 19:26:21.113,1.04328,1.04329,6.09,1.50
2016.12.22 19:26:21.418,1.04329,1.04331,4.17,3.19
2016.12.22 19:26:21.469,1.04328,1.0433,8.76,1.00
2016.12.22 19:26:21.673,1.04327,1.04329,3.00,1.00
2016.12.22 19:26:22.181,1.04327,1.04328,1.50,1.50
2016.12.22 19:26:22.688,1.04326,1.04328,4.87,1.50
2016.12.22 19:26:23.648,1.04327,1.04328,1.00,1.00
2016.12.22 19:26:23.800,1.04327,1.0433,4.50,2.25
2016.12.22 19:26:26.006,1.04327,1.04329,2.25,1.50
2016.12.22 19:26:26.682,1.04326,1.04329,8.25,2.25
2016.12.22 19:26:27.187,1.04326,1.04328,1.12,1.50
2016.12.22 19:26:27.968,1.04327,1.04328,1.00,1.50
2016.12.22 19:26:28.473,1.04326,1.04328,3.37,1.00
2016.12.22 19:26:31.157,1.04327,1.04328,1.00,1.00
2016.12.22 19:26:31.662,1.04326,1.04328,2.62,1.00
2016.12.22 19:26:33.658,1.04327,1.04328,1.00,1.00
2016.12.22 19:26:34.205,1.04326,1.04328,4.12,1.00
2016.12.22 19:26:44.762,1.04327,1.04328,1.00,2.25
2016.12.22 19:26:50.167,1.04326,1.04328,2.62,1.50
2016.12.22 19:26:52.556,1.04327,1.04328,1.00,1.00
2016.12.22 19:26:53.062,1.04326,1.04329,5.62,1.00
2016.12.22 19:26:53.605,1.04327,1.04329,1.00,1.00
2016.12.22 19:26:54.111,1.04326,1.04329,2.62,1.00
2016.12.22 19:26:54.687,1.04327,1.04329,1.00,1.00
2016.12.22 19:26:55.399,1.04326,1.04329,3.37,1.00
2016.12.22 19:26:55.932,1.04327,1.04329,1.00,1.00
2016.12.22 19:26:58.708,1.04328,1.04329,1.00,1.00
2016.12.22 19:26:59.216,1.04329,1.0433,1.50,1.00
2016.12.22 19:27:00.763,1.04328,1.0433,2.62,1.00
2016.12.22 19:27:01.535,1.04328,1.04329,1.87,1.50
2016.12.22 19:27:01.939,1.04327,1.04329,2.25,3.00
2016.12.22 19:27:02.041,1.04326,1.04327,1.00,1.48
2016.12.22 19:27:02.547,1.04325,1.04326,2.87,1.00
2016.12.22 19:27:02.908,1.04327,1.04328,1.00,1.56
2016.12.22 19:27:03.415,1.04325,1.04326,3.62,1.50
2016.12.22 19:27:03.922,1.04326,1.04327,1.50,1.00
2016.12.22 19:27:13.491,1.04326,1.04328,1.50,1.50
2016.12.22 19:27:13.996,1.04327,1.04328,1.50,1.50
2016.12.22 19:27:17.923,1.04326,1.04328,2.25,1.50
2016.12.22 19:27:21.008,1.04327,1.04328,1.00,1.00
2016.12.22 19:27:21.312,1.04327,1.0433,2.25,1.12
2016.12.22 19:27:21.857,1.04327,1.04329,2.25,1.00
2016.12.22 19:27:23.814,1.04326,1.04329,2.25,1.57
2016.12.22 19:27:27.508,1.04327,1.04329,1.00,1.10
2016.12.22 19:27:28.103,1.04327,1.0433,1.00,2.25
2016.12.22 19:27:31.710,1.04327,1.04329,1.00,1.00
2016.12.22 19:27:34.708,1.04326,1.04328,2.62,1.00
2016.12.22 19:27:37.056,1.0433,1.04331,1.00,5.25
2016.12.22 19:27:37.208,1.04328,1.04331,7.69,1.50
2016.12.22 19:27:38.004,1.04329,1.04331,1.00,1.00
2016.12.22 19:27:38.510,1.04328,1.04331,5.06,1.00
2016.12.22 19:27:39.282,1.04328,1.04329,1.87,1.69
2016.12.22 19:27:39.812,1.04327,1.04328,1.00,1.00
2016.12.22 19:27:41.321,1.04329,1.04331,4.75,3.07
2016.12.22 19:27:41.372,1.0433,1.04332,2.50,3.82
2016.12.22 19:27:44.470,1.04331,1.04333,1.00,1.00
2016.12.22 19:27:48.364,1.0433,1.04332,8.49,1.00
2016.12.22 19:27:50.426,1.04331,1.04333,1.00,1.00
2016.12.22 19:27:50.991,1.0433,1.04331,4.74,1.50
2016.12.22 19:27:51.296,1.04327,1.04329,2.62,1.00
2016.12.22 19:27:52.024,1.04328,1.04329,1.00,1.00
2016.12.22 19:27:52.555,1.04327,1.04329,1.87,1.00
2016.12.22 19:27:55.339,1.04327,1.0433,1.12,2.25
2016.12.22 19:27:59.857,1.04327,1.04328,1.12,1.00
2016.12.22 19:28:02.060,1.04329,1.0433,1.50,1.50
2016.12.22 19:28:02.111,1.04329,1.0433,1.00,1.50
2016.12.22 19:28:02.649,1.0433,1.04331,1.00,1.00
2016.12.22 19:28:04.260,1.04329,1.0433,1.12,1.00
2016.12.22 19:28:04.411,1.04327,1.0433,1.12,1.50
2016.12.22 19:28:06.359,1.04327,1.04329,1.12,1.00
2016.12.22 19:28:07.179,1.04326,1.04328,1.12,1.00
2016.12.22 19:28:07.687,1.04326,1.04328,1.87,1.00
2016.12.22 19:28:08.259,1.04326,1.04329,1.87,1.00
2016.12.22 19:28:08.665,1.04328,1.04329,1.00,1.00
2016.12.22 19:28:10.857,1.04328,1.04331,3.75,2.70
2016.12.22 19:28:11.649,1.04328,1.0433,4.50,1.00
2016.12.22 19:28:13.061,1.0433,1.04331,1.50,1.00
2016.12.22 19:28:13.567,1.0433,1.04332,3.00,1.00
2016.12.22 19:28:14.159,1.04331,1.04332,2.25,1.00
2016.12.22 19:28:14.978,1.04332,1.04333,1.00,1.00
2016.12.22 19:28:15.332,1.04332,1.04333,1.00,1.00
2016.12.22 19:28:16.022,1.04332,1.04334,1.00,2.06
2016.12.22 19:28:16.528,1.04331,1.04333,1.00,1.00
2016.12.22 19:28:17.358,1.04331,1.04332,1.00,1.00
2016.12.22 19:28:21.918,1.0433,1.04332,5.25,1.00
2016.12.22 19:28:23.320,1.0433,1.04332,4.50,1.00
2016.12.22 19:28:24.133,1.04331,1.04333,2.25,1.00
2016.12.22 19:28:30.127,1.0433,1.04331,1.50,1.00
2016.12.22 19:28:30.638,1.04329,1.04331,2.25,1.00
2016.12.22 19:28:38.510,1.04329,1.04331,2.25,1.00
2016.12.22 19:28:41.197,1.04328,1.04329,1.12,1.00
2016.12.22 19:28:41.602,1.04326,1.04328,8.06,1.00
2016.12.22 19:28:42.115,1.04326,1.04329,9.19,1.00
2016.12.22 19:28:43.511,1.04326,1.0433,8.25,1.50
2016.12.22 19:28:44.881,1.04328,1.0433,1.00,2.25
2016.12.22 19:28:45.185,1.04331,1.04332,1.50,1.00
2016.12.22 19:28:46.014,1.0433,1.04332,2.25,1.00
2016.12.22 19:28:56.464,1.0433,1.04332,3.75,1.00
2016.12.22 19:29:00.411,1.0433,1.04333,4.50,1.12
2016.12.22 19:29:00.916,1.04331,1.04333,1.00,1.12
2016.12.22 19:29:01.421,1.04332,1.04333,1.00,1.12
2016.12.22 19:29:02.252,1.04331,1.04332,1.00,1.00
2016.12.22 19:29:02.850,1.04331,1.04332,1.50,1.00
2016.12.22 19:29:05.139,1.04331,1.04333,1.50,1.12
2016.12.22 19:29:08.351,1.04334,1.04336,4.00,7.87
2016.12.22 19:29:08.503,1.04332,1.04334,1.87,2.25
2016.12.22 19:29:09.009,1.04331,1.04334,3.00,2.25
2016.12.22 19:29:10.503,1.04331,1.04333,2.25,1.00
2016.12.22 19:29:16.174,1.04331,1.04334,2.25,2.25
2016.12.22 19:29:16.859,1.04331,1.04333,2.25,1.00
2016.12.22 19:29:23.177,1.04331,1.04334,3.00,1.50
2016.12.22 19:29:25.885,1.04331,1.04333,1.50,1.00
2016.12.22 19:29:26.391,1.04331,1.04334,3.00,2.25
2016.12.22 19:29:26.946,1.04331,1.04333,3.37,1.00
2016.12.22 19:29:32.506,1.0433,1.04332,4.12,2.40
2016.12.22 19:29:32.955,1.04328,1.0433,3.19,1.00
2016.12.22 19:29:35.684,1.0433,1.04331,2.25,1.20
2016.12.22 19:29:35.800,1.04331,1.04333,1.00,1.12
2016.12.22 19:29:36.306,1.04332,1.04333,1.00,1.12
2016.12.22 19:29:38.808,1.04331,1.04333,2.25,1.00
2016.12.22 19:29:42.258,1.04332,1.04333,1.50,1.00
2016.12.22 19:30:03.192,1.04331,1.04334,2.25,2.25
2016.12.22 19:30:03.895,1.04331,1.04333,1.00,1.00
2016.12.22 19:30:12.469,1.04333,1.04334,1.50,1.00
2016.12.22 19:30:13.012,1.04332,1.04335,1.00,6.04
2016.12.22 19:30:13.642,1.04332,1.04334,1.00,1.00
2016.12.22 19:30:13.945,1.04331,1.04333,3.75,1.00
2016.12.22 19:30:15.360,1.04332,1.04333,1.00,1.00
2016.12.22 19:30:33.602,1.04332,1.04334,1.00,1.00
2016.12.22 19:30:35.561,1.04329,1.04331,7.27,1.00
2016.12.22 19:30:35.662,1.04329,1.0433,1.50,1.00
2016.12.22 19:30:36.397,1.04329,1.04331,1.00,1.00
2016.12.22 19:30:40.711,1.04328,1.04331,3.19,2.25
2016.12.22 19:30:40.863,1.04326,1.04328,6.15,1.00
2016.12.22 19:30:48.608,1.04329,1.0433,2.62,5.36
2016.12.22 19:30:48.864,1.04327,1.04328,1.12,1.00
2016.12.22 19:30:49.041,1.04327,1.0433,2.25,2.25
2016.12.22 19:30:49.165,1.04329,1.04331,4.50,1.00
2016.12.22 19:30:49.216,1.04329,1.04332,6.00,3.00
2016.12.22 19:30:49.726,1.04328,1.04331,2.25,1.50
2016.12.22 19:30:50.256,1.04328,1.04332,3.00,3.00
2016.12.22 19:30:50.763,1.04329,1.04332,1.50,2.36
2016.12.22 19:30:50.896,1.04327,1.04332,8.44,2.25
2016.12.22 19:30:51.712,1.04327,1.04332,8.81,1.61
2016.12.22 19:30:52.234,1.04328,1.04331,1.00,1.61
2016.12.22 19:30:57.220,1.04327,1.0433,6.94,1.50
2016.12.22 19:30:58.405,1.04327,1.0433,5.44,1.50
2016.12.22 19:30:58.557,1.04327,1.04328,1.00,1.00
2016.12.22 19:30:59.084,1.04326,1.04328,3.00,1.00
2016.12.22 19:31:01.055,1.04327,1.04329,1.50,1.80
2016.12.22 19:31:15.510,1.04326,1.04327,1.00,2.25
2016.12.22 19:31:15.713,1.04324,1.04326,2.25,1.00
2016.12.22 19:31:15.847,1.04326,1.04328,1.00,1.87
2016.12.22 19:31:16.355,1.04326,1.04327,1.50,1.00
2016.12.22 19:31:16.861,1.04326,1.04327,1.50,1.00
2016.12.22 19:31:17.380,1.04325,1.04327,2.44,1.15
2016.12.22 19:31:17.685,1.04326,1.04328,1.00,1.15
2016.12.22 19:31:19.432,1.04327,1.04328,1.69,1.00
2016.12.22 19:31:19.535,1.04329,1.04331,1.00,2.36
2016.12.22 19:31:20.042,1.0433,1.04331,1.00,1.50
2016.12.22 19:31:22.366,1.0433,1.04333,1.00,3.30
2016.12.22 19:31:22.468,1.0433,1.04333,1.50,3.94
2016.12.22 19:31:22.973,1.0433,1.04332,1.00,1.00
2016.12.22 19:31:23.627,1.04331,1.04332,1.00,1.00
2016.12.22 19:31:24.145,1.04331,1.04333,2.25,1.00
2016.12.22 19:31:29.753,1.04331,1.04334,2.25,2.32
2016.12.22 19:31:38.954,1.04332,1.04334,1.50,1.72
2016.12.22 19:31:48.912,1.04332,1.04334,2.25,1.00
2016.12.22 19:31:49.418,1.04332,1.04333,2.25,1.00
2016.12.22 19:31:56.501,1.04331,1.04333,3.00,1.00
2016.12.22 19:32:01.263,1.04332,1.04334,1.50,1.50
2016.12.22 19:32:06.362,1.04331,1.04333,3.00,1.00
2016.12.22 19:32:25.551,1.04334,1.04336,2.69,8.25
2016.12.22 19:32:25.703,1.04332,1.04334,1.69,1.00
2016.12.22 19:32:38.162,1.04332,1.04333,1.50,1.00
2016.12.22 19:32:38.694,1.04331,1.04333,3.75,1.00
2016.12.22 19:32:42.542,1.04332,1.04333,1.00,1.00
2016.12.22 19:32:42.746,1.04332,1.04334,1.00,1.00
2016.12.22 19:32:52.481,1.04335,1.04336,3.00,6.37
2016.12.22 19:32:52.788,1.04337,1.04338,1.00,1.00
2016.12.22 19:33:07.320,1.04337,1.04338,1.00,2.25
2016.12.22 19:33:07.422,1.04334,1.04335,2.25,1.00
2016.12.22 19:33:09.952,1.04335,1.04336,1.50,2.10
2016.12.22 19:33:10.126,1.04337,1.04338,1.00,1.50
2016.12.22 19:33:10.480,1.04337,1.0434,1.50,2.06
2016.12.22 19:33:11.020,1.04338,1.0434,1.50,1.69
2016.12.22 19:33:15.403,1.04339,1.0434,1.00,1.00
2016.12.22 19:33:15.961,1.0434,1.04341,3.00,1.95
2016.12.22 19:33:16.368,1.04343,1.04344,1.00,1.05
2016.12.22 19:33:16.419,1.04343,1.04345,1.50,2.40
2016.12.22 19:33:16.930,1.04343,1.04345,2.25,1.00
2016.12.22 19:33:17.539,1.04343,1.04346,2.25,9.37
2016.12.22 19:33:18.057,1.04343,1.04345,2.25,1.00
2016.12.22 19:33:18.740,1.04343,1.04346,2.25,7.12
2016.12.22 19:33:20.264,1.04343,1.04345,1.00,1.00
2016.12.22 19:33:20.770,1.04342,1.04346,2.44,3.37
2016.12.22 19:33:21.316,1.04343,1.04346,2.25,6.00
2016.12.22 19:33:21.822,1.04344,1.04346,2.25,5.25
2016.12.22 19:33:26.127,1.04344,1.04346,1.00,5.85
2016.12.22 19:33:26.644,1.04344,1.04346,1.00,5.85
2016.12.22 19:33:27.877,1.04344,1.04345,1.50,1.00
2016.12.22 19:33:28.413,1.04343,1.04345,2.25,1.00
2016.12.22 19:33:29.423,1.04345,1.04346,1.00,3.37
2016.12.22 19:33:29.929,1.04346,1.04347,2.25,1.00
2016.12.22 19:33:49.360,1.04345,1.04347,2.25,1.00
2016.12.22 19:33:56.512,1.04344,1.04345,1.50,1.50
2016.12.22 19:33:56.666,1.04343,1.04344,1.25,1.00
2016.12.22 19:33:57.192,1.04343,1.04345,2.44,1.00
2016.12.22 19:34:00.310,1.04342,1.04344,3.19,1.00
2016.12.22 19:34:00.715,1.04343,1.04345,1.69,1.50
2016.12.22 19:34:01.581,1.04344,1.04345,3.00,1.00
2016.12.22 19:34:01.939,1.04345,1.04347,2.44,1.00
2016.12.22 19:34:12.875,1.04347,1.04349,1.00,4.35
2016.12.22 19:34:13.381,1.04347,1.04349,2.25,1.50
2016.12.22 19:34:17.359,1.04346,1.04348,3.19,1.00
2016.12.22 19:34:20.056,1.04347,1.04348,1.00,1.50
2016.12.22 19:34:20.310,1.04353,1.04355,1.50,3.19
2016.12.22 19:34:20.361,1.04352,1.04354,3.00,1.00
2016.12.22 19:34:20.665,1.04354,1.04355,1.00,1.69
2016.12.22 19:34:21.172,1.04353,1.04355,3.00,1.00
2016.12.22 19:34:21.222,1.04354,1.04355,1.00,1.00
2016.12.22 19:34:21.810,1.04354,1.04356,1.00,7.87
2016.12.22 19:34:22.340,1.04354,1.04355,1.00,1.00
2016.12.22 19:34:22.872,1.04354,1.04355,2.25,1.00
2016.12.22 19:34:23.176,1.04356,1.04357,2.25,1.50
2016.12.22 19:34:23.431,1.04349,1.0435,5.25,1.00
2016.12.22 19:34:23.579,1.04348,1.0435,1.00,2.25
2016.12.22 19:34:25.517,1.04348,1.04351,3.75,8.62
2016.12.22 19:34:26.079,1.04348,1.0435,3.75,1.00
2016.12.22 19:34:27.110,1.04348,1.04351,3.75,7.87
2016.12.22 19:34:27.622,1.04348,1.0435,3.75,1.00
2016.12.22 19:34:28.337,1.04349,1.04351,1.00,7.12
2016.12.22 19:34:28.859,1.04349,1.0435,1.00,1.00
2016.12.22 19:34:29.491,1.04349,1.04351,1.00,3.75
2016.12.22 19:34:29.999,1.04349,1.0435,1.00,1.00
2016.12.22 19:34:31.810,1.04349,1.04351,1.00,5.25
2016.12.22 19:34:32.410,1.04349,1.0435,1.00,1.00
2016.12.22 19:34:33.010,1.04349,1.04351,1.00,5.25
2016.12.22 19:34:33.558,1.04349,1.0435,1.00,1.00
2016.12.22 19:34:35.430,1.04348,1.0435,3.75,1.00
2016.12.22 19:34:36.750,1.0435,1.04351,1.25,1.87
2016.12.22 19:34:36.932,1.04353,1.04356,2.25,6.37
2016.12.22 19:34:37.744,1.04351,1.04353,5.25,3.25
2016.12.22 19:34:38.019,1.04348,1.04351,1.50,3.00
2016.12.22 19:34:38.121,1.0435,1.04351,1.00,1.88
2016.12.22 19:34:38.224,1.0435,1.04353,1.50,3.94
2016.12.22 19:34:38.427,1.04349,1.04351,1.50,1.87
2016.12.22 19:34:38.933,1.04348,1.04351,1.50,3.82
2016.12.22 19:34:39.439,1.0435,1.04351,1.00,1.00
2016.12.22 19:34:39.966,1.0435,1.04353,1.50,5.25
2016.12.22 19:34:41.361,1.04349,1.04351,1.00,3.00
2016.12.22 19:34:41.690,1.04347,1.0435,6.94,1.00
2016.12.22 19:34:42.170,1.04349,1.0435,1.00,1.00
2016.12.22 19:34:44.122,1.04348,1.0435,1.00,1.00
2016.12.22 19:34:44.627,1.04347,1.0435,6.79,1.00
2016.12.22 19:34:50.679,1.04349,1.04351,1.50,1.87
2016.12.22 19:34:50.882,1.0435,1.04353,2.25,1.00
2016.12.22 19:34:51.489,1.04351,1.04354,1.00,6.00
2016.12.22 19:34:53.424,1.04351,1.04354,1.50,3.75
2016.12.22 19:34:54.561,1.04352,1.04355,1.00,3.00
2016.12.22 19:34:54.765,1.04354,1.04356,1.00,1.20
2016.12.22 19:34:55.070,1.04349,1.04351,5.44,1.95
2016.12.22 19:34:55.424,1.0435,1.04353,1.87,4.12
2016.12.22 19:34:56.346,1.04349,1.04352,2.66,1.65
2016.12.22 19:34:56.852,1.04349,1.04352,3.19,1.00
2016.12.22 19:34:59.913,1.0435,1.04352,1.00,1.00
2016.12.22 19:35:00.424,1.04349,1.04352,6.04,1.00
2016.12.22 19:35:00.927,1.04349,1.04353,6.04,1.12
2016.12.22 19:35:01.230,1.04349,1.04351,2.29,1.20
2016.12.22 19:35:06.277,1.04348,1.04351,2.25,3.37
2016.12.22 19:35:08.099,1.04348,1.0435,1.50,1.00
2016.12.22 19:35:14.289,1.0435,1.04351,1.50,6.00
2016.12.22 19:35:14.415,1.0435,1.04352,1.50,1.50
2016.12.22 19:35:14.517,1.04352,1.04353,1.00,2.25
2016.12.22 19:35:15.022,1.04351,1.04353,2.44,1.00
2016.12.22 19:35:16.270,1.04352,1.04354,1.00,2.25
2016.12.22 19:35:16.574,1.0435,1.04351,4.50,1.00
2016.12.22 19:35:16.727,1.04349,1.0435,1.00,1.50
2016.12.22 19:35:16.817,1.04347,1.0435,4.69,2.25
2016.12.22 19:35:16.969,1.04349,1.0435,1.50,1.50
2016.12.22 19:35:17.122,1.04349,1.04352,7.35,1.50
2016.12.22 19:35:17.641,1.0435,1.04352,2.81,1.00
2016.12.22 19:35:18.147,1.04351,1.04354,4.50,1.00
2016.12.22 19:35:18.655,1.04354,1.04356,1.50,7.50
2016.12.22 19:35:18.756,1.04353,1.04356,4.50,4.12
2016.12.22 19:35:19.060,1.04355,1.04356,1.00,3.00
2016.12.22 19:35:19.576,1.04355,1.04357,3.00,1.50
2016.12.22 19:35:23.950,1.04359,1.04361,2.50,20.25
2016.12.22 19:35:24.001,1.04359,1.0436,1.00,3.75
2016.12.22 19:35:24.232,1.04357,1.04358,1.00,1.00
2016.12.22 19:35:24.436,1.04355,1.04358,3.75,1.50
2016.12.22 19:35:25.042,1.04356,1.04358,1.00,1.50
2016.12.22 19:35:25.548,1.04355,1.04358,3.75,2.25
2016.12.22 19:35:26.078,1.04356,1.04358,1.00,2.25
2016.12.22 19:35:27.335,1.04355,1.04358,5.25,2.25
2016.12.22 19:35:28.309,1.04356,1.04358,1.00,2.25
2016.12.22 19:35:29.070,1.04357,1.04358,1.00,1.50
2016.12.22 19:35:29.374,1.04357,1.0436,4.69,1.50
2016.12.22 19:35:29.893,1.04357,1.04359,1.50,1.00
2016.12.22 19:35:30.457,1.04356,1.04359,6.94,1.00
2016.12.22 19:35:31.108,1.04358,1.04359,1.50,1.00
2016.12.22 19:35:31.210,1.04359,1.04361,1.00,5.62
2016.12.22 19:35:31.363,1.04357,1.0436,2.25,3.22
2016.12.22 19:35:31.868,1.04357,1.04359,1.00,1.00
2016.12.22 19:35:32.561,1.04359,1.0436,1.50,2.25
2016.12.22 19:35:32.938,1.04357,1.0436,3.00,2.47
2016.12.22 19:35:33.143,1.04359,1.0436,1.00,2.47
2016.12.22 19:35:33.448,1.04359,1.04363,2.81,2.62
2016.12.22 19:35:33.777,1.04361,1.04363,1.00,1.87
2016.12.22 19:35:34.084,1.04358,1.04361,1.12,4.50
2016.12.22 19:35:34.438,1.0436,1.04361,1.50,2.62
2016.12.22 19:35:34.746,1.04361,1.04364,1.69,3.00
2016.12.22 19:35:36.769,1.0436,1.04362,2.50,3.97
2016.12.22 19:35:36.915,1.04359,1.04361,1.50,1.00
2016.12.22 19:35:38.682,1.04358,1.0436,2.21,1.00
2016.12.22 19:35:39.218,1.04358,1.0436,1.69,1.50
2016.12.22 19:35:41.133,1.04357,1.0436,1.65,3.00
2016.12.22 19:35:41.335,1.04357,1.04358,1.05,2.25
2016.12.22 19:35:41.639,1.04353,1.04355,1.69,1.12
2016.12.22 19:35:42.914,1.04355,1.04357,4.50,7.87
2016.12.22 19:35:43.067,1.04357,1.04358,1.00,1.00
2016.12.22 19:35:43.573,1.04357,1.0436,1.00,1.00
2016.12.22 19:35:51.212,1.04358,1.04361,1.00,6.37
2016.12.22 19:36:11.764,1.04358,1.0436,1.00,1.00
2016.12.22 19:36:13.212,1.04357,1.0436,1.50,1.00
2016.12.22 19:36:20.372,1.04357,1.04361,2.25,6.97
2016.12.22 19:36:20.967,1.0436,1.04361,1.50,2.62
2016.12.22 19:36:21.068,1.04361,1.04363,1.50,1.00
2016.12.22 19:36:22.388,1.04362,1.04364,1.00,4.35
2016.12.22 19:36:22.913,1.04363,1.04365,1.00,1.00
2016.12.22 19:36:23.665,1.04363,1.04366,1.00,4.72
2016.12.22 19:36:27.768,1.04362,1.04365,1.00,1.00
2016.12.22 19:36:31.435,1.04363,1.04366,1.00,4.95
2016.12.22 19:36:31.941,1.04364,1.04366,1.25,1.00
2016.12.22 19:36:32.345,1.04363,1.04365,3.94,1.00
2016.12.22 19:36:32.447,1.04362,1.04364,2.81,2.25
2016.12.22 19:36:32.548,1.04361,1.04362,1.69,1.00
2016.12.22 19:36:33.178,1.04359,1.0436,7.12,2.25
2016.12.22 19:36:33.280,1.04358,1.0436,1.69,1.00
2016.12.22 19:36:37.167,1.04358,1.04361,4.69,1.12
2016.12.22 19:36:37.672,1.04358,1.04362,3.94,6.97
2016.12.22 19:36:45.113,1.04358,1.0436,1.25,1.00
2016.12.22 19:36:45.317,1.04356,1.04359,3.75,1.00
2016.12.22 19:36:49.413,1.04359,1.04361,1.00,4.35
2016.12.22 19:36:49.518,1.0436,1.04361,1.00,1.00
2016.12.22 19:36:49.670,1.0436,1.04363,3.19,1.12
2016.12.22 19:36:49.873,1.0436,1.04361,1.00,1.00
2016.12.22 19:36:51.077,1.04359,1.04361,1.50,1.00
2016.12.22 19:36:51.606,1.0436,1.04361,1.00,1.00
2016.12.22 19:36:52.657,1.04359,1.04361,1.50,1.00
2016.12.22 19:36:53.162,1.0436,1.04361,1.00,1.00
2016.12.22 19:36:54.956,1.04359,1.04361,2.25,1.00
2016.12.22 19:36:55.462,1.0436,1.04361,1.00,1.00
2016.12.22 19:36:56.742,1.04359,1.04361,2.25,1.00
2016.12.22 19:36:57.255,1.0436,1.04361,1.00,1.00
2016.12.22 19:36:57.872,1.04359,1.04361,2.25,1.00
2016.12.22 19:36:58.735,1.04358,1.04361,5.06,1.50
2016.12.22 19:36:59.259,1.04359,1.04361,1.00,1.50
2016.12.22 19:37:00.758,1.04358,1.04361,3.19,2.25
2016.12.22 19:37:07.208,1.04359,1.04361,1.00,1.00
2016.12.22 19:37:07.735,1.04358,1.04361,6.19,1.00
2016.12.22 19:37:09.001,1.04359,1.04361,1.00,1.00
2016.12.22 19:37:09.204,1.0436,1.04364,5.44,6.00
2016.12.22 19:37:09.711,1.04361,1.04364,1.00,3.00
2016.12.22 19:37:10.507,1.0436,1.04364,6.19,3.00
2016.12.22 19:37:11.013,1.04361,1.04364,1.00,2.25
2016.12.22 19:37:12.082,1.04362,1.04364,1.69,2.25
2016.12.22 19:37:12.334,1.04364,1.04366,1.00,2.25
2016.12.22 19:37:12.588,1.04362,1.04365,2.44,2.25
2016.12.22 19:37:14.707,1.04362,1.04364,1.69,2.25
2016.12.22 19:37:32.351,1.04362,1.04364,1.25,5.10
2016.12.22 19:37:32.402,1.0436,1.04363,3.00,2.85
2016.12.22 19:37:32.908,1.04359,1.04362,3.94,1.50
2016.12.22 19:37:36.487,1.04359,1.04361,1.25,1.50
2016.12.22 19:37:52.409,1.04359,1.04362,1.69,4.12
2016.12.22 19:38:00.230,1.0436,1.04362,1.00,1.00
2016.12.22 19:38:00.807,1.04359,1.04362,3.94,1.00
2016.12.22 19:38:04.877,1.04358,1.0436,1.50,1.00
2016.12.22 19:38:05.388,1.04357,1.0436,1.69,2.25
2016.12.22 19:38:06.413,1.04357,1.04359,1.25,1.00
2016.12.22 19:38:06.926,1.04356,1.04359,1.50,1.00
2016.12.22 19:38:27.197,1.04357,1.04359,1.00,1.00
2016.12.22 19:38:27.702,1.04356,1.04359,4.05,1.00
2016.12.22 19:38:32.088,1.04355,1.04356,2.62,1.00
2016.12.22 19:38:32.190,1.04353,1.04355,1.00,2.25
2016.12.22 19:38:32.697,1.04352,1.04355,1.00,2.25
2016.12.22 19:38:45.077,1.04351,1.04355,5.81,1.00
2016.12.22 19:38:45.607,1.04352,1.04355,1.00,1.00
2016.12.22 19:38:48.357,1.04355,1.04356,1.00,6.00
2016.12.22 19:38:48.860,1.04354,1.04357,1.50,1.00
2016.12.22 19:38:52.240,1.04352,1.04355,3.00,1.00
2016.12.22 19:38:52.746,1.04351,1.04355,1.50,7.84
2016.12.22 19:38:53.070,1.04349,1.04351,2.25,1.00
2016.12.22 19:38:53.577,1.0435,1.04352,1.00,1.00
2016.12.22 19:38:54.607,1.04349,1.04352,2.25,1.00
2016.12.22 19:38:55.121,1.0435,1.04352,1.00,1.00
2016.12.22 19:38:55.526,1.04348,1.0435,1.69,1.35
2016.12.22 19:38:56.033,1.04347,1.0435,1.00,1.35
2016.12.22 19:38:59.709,1.04346,1.0435,6.30,2.10
2016.12.22 19:39:00.360,1.04347,1.0435,1.00,2.85
2016.12.22 19:39:00.873,1.04346,1.0435,6.30,2.85
2016.12.22 19:39:01.407,1.04347,1.0435,1.00,2.85
2016.12.22 19:39:01.935,1.04346,1.0435,6.30,2.85
2016.12.22 19:39:04.102,1.04345,1.04347,5.62,2.10
2016.12.22 19:39:04.204,1.04344,1.04347,1.12,3.60
2016.12.22 19:39:05.643,1.04344,1.04347,1.00,5.10
2016.12.22 19:39:06.199,1.04344,1.04346,1.00,1.00
2016.12.22 19:39:06.858,1.04343,1.04345,1.00,1.50
2016.12.22 19:39:06.909,1.04342,1.04345,1.00,1.50
2016.12.22 19:39:07.431,1.04341,1.04345,4.87,2.85
2016.12.22 19:39:10.509,1.04341,1.04344,1.00,1.50
2016.12.22 19:39:14.510,1.04342,1.04345,3.00,1.50
2016.12.22 19:39:14.561,1.04344,1.04346,1.00,2.62
2016.12.22 19:39:15.068,1.04345,1.04346,1.50,1.00
2016.12.22 19:39:15.573,1.04344,1.04348,5.62,4.35
2016.12.22 19:39:16.081,1.04345,1.04348,1.00,5.10
2016.12.22 19:39:16.588,1.04346,1.04349,3.75,1.69
2016.12.22 19:39:41.806,1.04349,1.0435,1.50,1.00
2016.12.22 19:39:41.909,1.04351,1.04353,1.00,2.25
2016.12.22 19:39:42.433,1.04351,1.04354,2.25,1.50
2016.12.22 19:39:52.797,1.04351,1.04353,1.00,1.00
2016.12.22 19:39:53.348,1.04351,1.04354,1.00,1.00
2016.12.22 19:39:53.653,1.04354,1.04355,1.50,1.50
2016.12.22 19:39:53.907,1.04358,1.04361,1.00,6.52
2016.12.22 19:39:54.365,1.0436,1.04362,1.50,1.50
2016.12.22 19:39:54.871,1.04359,1.04362,1.87,1.00
2016.12.22 19:40:09.461,1.04358,1.04362,4.50,1.00
2016.12.22 19:40:11.809,1.04359,1.04363,1.00,2.06
2016.12.22 19:40:12.314,1.0436,1.04363,3.75,2.06
2016.12.22 19:40:12.633,1.04363,1.04364,1.00,1.50
2016.12.22 19:40:12.937,1.04361,1.04362,5.25,1.00
2016.12.22 19:40:13.475,1.04361,1.04363,3.75,3.04
2016.12.22 19:40:27.664,1.04363,1.04364,1.50,2.25
2016.12.22 19:40:36.168,1.04364,1.04365,1.00,1.87
2016.12.22 19:40:43.106,1.04363,1.04365,3.75,1.00
2016.12.22 19:40:46.371,1.04363,1.04366,4.50,8.06
2016.12.22 19:41:11.602,1.04364,1.04366,1.00,6.37
2016.12.22 19:41:12.617,1.04363,1.04366,4.50,6.37
2016.12.22 19:41:34.641,1.04362,1.04366,1.50,6.56
2016.12.22 19:41:48.361,1.04364,1.04366,3.75,7.31
2016.12.22 19:41:48.722,1.04363,1.04365,3.75,1.19
2016.12.22 19:41:50.165,1.04361,1.04362,1.50,1.87
2016.12.22 19:41:50.267,1.04359,1.04361,1.12,1.00
2016.12.22 19:41:50.419,1.04357,1.0436,3.94,1.00
2016.12.22 19:41:50.522,1.04357,1.04358,1.00,1.00
2016.12.22 19:41:50.624,1.04355,1.04358,1.69,1.50
2016.12.22 19:41:57.165,1.04355,1.04359,2.44,2.25
2016.12.22 19:41:58.842,1.04355,1.04358,2.44,1.00
2016.12.22 19:42:17.812,1.04355,1.04357,1.69,1.00
2016.12.22 19:42:20.668,1.04356,1.04357,1.00,1.00
2016.12.22 19:42:20.719,1.04356,1.04359,1.00,2.25
2016.12.22 19:42:28.276,1.04354,1.04355,2.25,1.00
2016.12.22 19:42:28.378,1.04352,1.04354,1.50,2.44
2016.12.22 19:42:28.956,1.04351,1.04354,2.25,1.25
2016.12.22 19:42:34.716,1.0435,1.04354,3.00,1.69
2016.12.22 19:42:35.070,1.0435,1.04353,3.00,1.50
2016.12.22 19:42:35.272,1.04348,1.04351,1.00,1.50
2016.12.22 19:42:36.295,1.04347,1.04349,2.25,1.25
2016.12.22 19:42:36.599,1.04344,1.04346,1.00,8.25
2016.12.22 19:42:37.055,1.04342,1.04346,1.50,4.87
2016.12.22 19:42:46.111,1.04342,1.04345,1.00,1.00
2016.12.22 19:42:46.859,1.04341,1.04345,2.44,1.50
2016.12.22 19:42:53.763,1.04341,1.04342,1.50,3.75
2016.12.22 19:42:53.950,1.04338,1.0434,1.00,1.00
2016.12.22 19:42:54.457,1.04337,1.0434,1.69,2.25
2016.12.22 19:42:55.679,1.04337,1.04341,3.19,3.75
2016.12.22 19:42:57.115,1.04337,1.0434,2.25,1.50
2016.12.22 19:42:57.674,1.04337,1.04339,1.50,1.00
2016.12.22 19:42:58.191,1.04337,1.0434,1.50,4.50
2016.12.22 19:43:00.312,1.04337,1.04341,1.50,8.44
2016.12.22 19:43:02.116,1.04337,1.0434,2.25,1.00
2016.12.22 19:43:04.645,1.04337,1.04339,2.25,1.00
2016.12.22 19:43:13.062,1.04337,1.0434,2.25,1.50
2016.12.22 19:43:16.365,1.0434,1.04341,3.00,4.50
2016.12.22 19:43:16.517,1.04341,1.04344,2.25,1.50
2016.12.22 19:43:17.595,1.04339,1.04341,12.56,7.35
2016.12.22 19:43:17.813,1.04333,1.04335,2.25,2.25
2016.12.22 19:43:17.915,1.04335,1.04336,1.00,1.50
2016.12.22 19:43:17.966,1.04336,1.04337,1.00,2.25
2016.12.22 19:43:18.473,1.04335,1.04338,2.25,4.84
2016.12.22 19:43:18.676,1.04337,1.04338,3.60,1.65
2016.12.22 19:43:18.828,1.04337,1.0434,7.35,1.00
2016.12.22 19:43:19.336,1.04337,1.04341,5.10,5.44
2016.12.22 19:43:19.960,1.0434,1.04342,2.50,6.30
2016.12.22 19:43:20.112,1.04342,1.04344,1.50,1.00
2016.12.22 19:43:20.618,1.04342,1.04345,2.25,3.19
2016.12.22 19:43:25.861,1.04342,1.04344,2.25,1.00
2016.12.22 19:43:27.460,1.04341,1.04342,1.00,3.00
2016.12.22 19:43:27.562,1.04338,1.04341,3.00,3.00
2016.12.22 19:43:28.119,1.0434,1.04341,1.50,1.20
2016.12.22 19:43:28.271,1.04341,1.04343,2.25,1.00
2016.12.22 19:43:28.776,1.0434,1.04343,3.00,1.00
2016.12.22 19:43:32.261,1.0434,1.04344,3.00,5.40
2016.12.22 19:43:32.769,1.04341,1.04344,1.00,3.00
2016.12.22 19:43:40.906,1.04344,1.04346,1.00,8.06
2016.12.22 19:43:41.008,1.04346,1.04347,3.75,3.75
2016.12.22 19:43:41.127,1.04346,1.04349,3.00,2.44
2016.12.22 19:43:41.635,1.04346,1.04349,2.25,1.46
2016.12.22 19:43:43.431,1.04346,1.04348,1.50,1.00
2016.12.22 19:43:45.018,1.04346,1.04349,1.50,2.96
2016.12.22 19:43:47.626,1.04348,1.0435,5.25,7.09
2016.12.22 19:43:47.879,1.0435,1.04353,1.50,4.50
2016.12.22 19:43:48.017,1.0435,1.04351,1.00,1.00
2016.12.22 19:43:48.068,1.04348,1.0435,1.50,1.00
2016.12.22 19:43:48.657,1.04347,1.0435,3.75,1.00
2016.12.22 19:43:50.287,1.04347,1.04351,2.25,6.56
2016.12.22 19:43:50.812,1.04347,1.0435,2.25,1.00
2016.12.22 19:43:53.138,1.04348,1.04351,1.00,8.44
2016.12.22 19:43:53.645,1.04348,1.0435,2.25,1.00
2016.12.22 19:43:54.182,1.04348,1.04351,1.50,6.94
2016.12.22 19:43:54.805,1.04348,1.0435,2.25,1.00
2016.12.22 19:43:55.965,1.04348,1.04351,2.25,5.44
2016.12.22 19:43:57.557,1.0435,1.04351,1.50,2.25
2016.12.22 19:43:57.764,1.0435,1.04353,1.00,1.00
2016.12.22 19:44:12.903,1.0435,1.04352,2.25,1.00
2016.12.22 19:44:19.863,1.0435,1.04353,2.25,1.69
2016.12.22 19:44:23.445,1.04351,1.04354,1.00,1.00
2016.12.22 19:44:23.952,1.04351,1.04354,3.37,1.00
2016.12.22 19:44:24.861,1.04352,1.04355,1.87,2.25
2016.12.22 19:44:37.127,1.04351,1.04353,3.75,1.00
2016.12.22 19:44:37.381,1.04351,1.04355,2.62,4.50
2016.12.22 19:44:40.117,1.04351,1.04354,7.12,1.00
2016.12.22 19:44:40.622,1.04351,1.04355,5.62,2.25
2016.12.22 19:44:48.445,1.04351,1.04355,6.37,1.50
2016.12.22 19:44:50.201,1.04351,1.04355,6.37,1.50
2016.12.22 19:44:51.825,1.04351,1.04355,7.37,1.50
2016.12.22 19:44:59.701,1.04352,1.04355,1.37,1.00
2016.12.22 19:45:00.256,1.04352,1.04356,1.37,9.94
2016.12.22 19:45:01.781,1.04352,1.04355,1.12,1.00
2016.12.22 19:45:02.313,1.04352,1.04355,1.37,1.00
2016.12.22 19:45:03.747,1.04352,1.04356,1.87,8.81
2016.12.22 19:45:09.918,1.04352,1.04356,2.25,5.81
2016.12.22 19:45:10.423,1.04351,1.04356,5.25,5.81
2016.12.22 19:45:11.666,1.04351,1.04355,3.75,1.00
2016.12.22 19:45:12.171,1.04351,1.04356,4.50,6.56
2016.12.22 19:45:12.686,1.04351,1.04355,4.50,1.00
2016.12.22 19:45:13.214,1.04351,1.04356,5.25,5.06
2016.12.22 19:45:18.330,1.04351,1.04355,4.50,1.00
2016.12.22 19:45:18.836,1.04351,1.04356,3.75,4.31
2016.12.22 19:45:21.010,1.04351,1.04356,4.50,4.31
2016.12.22 19:45:21.668,1.04351,1.04356,4.87,3.56
2016.12.22 19:45:22.174,1.04351,1.04355,5.62,1.50
2016.12.22 19:45:23.117,1.04351,1.04355,6.37,1.50
2016.12.22 19:45:32.360,1.04352,1.04355,1.12,1.00
2016.12.22 19:45:34.353,1.04352,1.04355,1.37,1.00
2016.12.22 19:45:36.177,1.04352,1.04355,1.12,1.00
2016.12.22 19:45:37.537,1.04356,1.04358,2.50,16.31
2016.12.22 19:45:37.641,1.04357,1.04358,1.00,1.00
2016.12.22 19:45:37.777,1.04357,1.04359,1.00,1.69
2016.12.22 19:45:38.282,1.04356,1.04359,2.25,1.69
2016.12.22 19:45:38.384,1.04359,1.04361,2.10,5.62
2016.12.22 19:45:38.586,1.04357,1.0436,2.25,1.00
2016.12.22 19:45:47.573,1.04358,1.04361,1.00,5.02
2016.12.22 19:45:48.636,1.04359,1.04363,5.47,5.44
2016.12.22 19:45:52.081,1.04359,1.04362,1.00,3.15
2016.12.22 19:45:52.586,1.04358,1.04361,1.99,1.35
2016.12.22 19:45:54.372,1.04359,1.04362,1.50,2.10
2016.12.22 19:45:58.483,1.0436,1.04363,1.00,3.64
2016.12.22 19:45:58.584,1.0436,1.04363,2.25,3.19
2016.12.22 19:45:59.090,1.0436,1.04362,1.50,1.00
2016.12.22 19:46:00.356,1.04361,1.04363,1.00,1.69
2016.12.22 19:46:02.125,1.04362,1.04364,1.00,3.75
2016.12.22 19:46:02.675,1.04362,1.04365,1.00,1.00
2016.12.22 19:46:06.535,1.04362,1.04366,1.12,5.06
2016.12.22 19:46:06.737,1.04363,1.04364,1.50,1.00
2016.12.22 19:46:08.039,1.04363,1.04365,1.50,2.25
2016.12.22 19:46:17.124,1.0436,1.04362,2.36,4.87
2016.12.22 19:46:17.276,1.04359,1.04362,1.87,11.62
2016.12.22 19:46:17.793,1.0436,1.04363,3.00,6.56
2016.12.22 19:46:18.640,1.04359,1.04361,1.61,3.37
2016.12.22 19:46:18.823,1.04357,1.0436,2.25,1.22
2016.12.22 19:46:28.539,1.04358,1.04361,1.50,4.12
2016.12.22 19:46:28.590,1.04357,1.04361,6.34,4.27
2016.12.22 19:46:29.096,1.04357,1.0436,3.86,1.00
2016.12.22 19:46:31.310,1.04361,1.04363,2.50,8.06
2016.12.22 19:46:31.412,1.04361,1.04364,5.62,9.00
2016.12.22 19:46:38.314,1.04361,1.04362,1.00,1.12
2016.12.22 19:46:38.474,1.04359,1.04363,2.62,18.94
2016.12.22 19:46:39.009,1.04361,1.04363,1.00,1.87
2016.12.22 19:46:42.059,1.04361,1.04362,1.12,1.00
2016.12.22 19:46:42.263,1.04358,1.04361,1.50,2.85
2016.12.22 19:46:42.667,1.04356,1.0436,3.37,1.00
2016.12.22 19:46:48.044,1.04356,1.04359,3.60,1.00
2016.12.22 19:46:48.711,1.04356,1.0436,3.60,4.12
2016.12.22 19:47:00.614,1.04356,1.04361,5.85,5.29
2016.12.22 19:47:17.666,1.04357,1.04361,1.87,5.44
2016.12.22 19:47:18.201,1.04358,1.04361,1.50,1.35
2016.12.22 19:47:22.209,1.04354,1.04355,13.16,1.50
2016.12.22 19:47:22.286,1.04345,1.04346,23.47,3.79
2016.12.22 19:47:22.337,1.04344,1.04347,4.50,6.19
2016.12.22 19:47:22.490,1.04344,1.04346,1.12,6.00
2016.12.22 19:47:22.542,1.04344,1.04346,1.00,6.00
2016.12.22 19:47:23.064,1.04343,1.04346,1.00,4.87
2016.12.22 19:47:23.115,1.04343,1.04345,1.00,1.12
2016.12.22 19:47:24.227,1.04343,1.04346,1.00,3.15
2016.12.22 19:47:26.306,1.04342,1.04346,3.00,3.90
2016.12.22 19:47:28.382,1.04344,1.04346,1.00,2.40
2016.12.22 19:47:28.634,1.04347,1.04349,1.00,2.06
2016.12.22 19:47:33.064,1.04346,1.04348,3.75,1.50
2016.12.22 19:47:33.570,1.04346,1.04349,1.50,5.59
2016.12.22 19:47:37.070,1.04346,1.04348,1.50,5.25
2016.12.22 19:47:37.626,1.04346,1.04349,2.62,2.44
2016.12.22 19:47:41.107,1.04346,1.04348,1.87,3.75
2016.12.22 19:47:41.713,1.04345,1.04348,4.12,3.00
2016.12.22 19:47:42.246,1.04346,1.04349,3.00,1.46
2016.12.22 19:47:42.757,1.04346,1.04348,3.00,1.69
2016.12.22 19:47:43.288,1.04346,1.04349,3.00,2.21
2016.12.22 19:47:45.104,1.04346,1.04347,1.00,4.69
2016.12.22 19:47:45.155,1.04344,1.04347,1.87,7.01
2016.12.22 19:47:45.357,1.04342,1.04346,3.94,6.15
2016.12.22 19:47:45.884,1.04342,1.04346,3.94,3.15
2016.12.22 19:47:53.711,1.04342,1.04346,4.69,5.62
2016.12.22 19:47:53.863,1.04344,1.04346,1.00,1.12
2016.12.22 19:47:54.369,1.04343,1.04346,4.50,2.25
2016.12.22 19:47:54.900,1.04344,1.04346,1.50,1.12
2016.12.22 19:47:55.406,1.04345,1.04347,2.25,1.00
2016.12.22 19:47:57.149,1.04345,1.04347,1.00,3.15
2016.12.22 19:47:57.654,1.04344,1.04347,2.25,3.60
2016.12.22 19:47:57.962,1.04347,1.0435,1.00,4.95
2016.12.22 19:47:58.013,1.04347,1.04349,1.00,1.87
2016.12.22 19:47:58.519,1.04347,1.0435,1.50,2.25
2016.12.22 19:48:01.354,1.04347,1.04348,1.00,4.50
2016.12.22 19:48:01.859,1.04347,1.04349,2.25,1.69
2016.12.22 19:48:06.527,1.04347,1.0435,2.62,1.69
2016.12.22 19:48:21.318,1.04347,1.04349,1.12,1.00
2016.12.22 19:48:28.060,1.04347,1.04351,1.50,3.56
2016.12.22 19:48:29.164,1.04349,1.04351,1.00,1.12
2016.12.22 19:48:29.669,1.0435,1.04352,1.00,1.00
2016.12.22 19:48:31.024,1.0435,1.04353,1.00,2.81
2016.12.22 19:48:32.763,1.0435,1.04352,1.00,1.00
2016.12.22 19:48:37.359,1.0435,1.04353,1.50,4.31
2016.12.22 19:48:38.117,1.0435,1.04352,1.00,1.00
2016.12.22 19:48:38.422,1.04348,1.0435,1.00,1.00
2016.12.22 19:48:38.927,1.04347,1.04351,2.62,8.06
2016.12.22 19:48:54.274,1.04349,1.04351,1.00,4.69
2016.12.22 19:48:54.476,1.04351,1.04355,2.25,12.56
2016.12.22 19:48:54.934,1.04351,1.04352,1.00,2.25
2016.12.22 19:48:55.086,1.04349,1.04353,5.25,7.69
2016.12.22 19:48:55.843,1.0435,1.04353,1.00,2.44
2016.12.22 19:48:56.364,1.04349,1.04353,3.00,8.44
2016.12.22 19:48:57.352,1.04349,1.04352,3.00,1.00
2016.12.22 19:48:59.049,1.04349,1.04351,3.00,1.20
2016.12.22 19:48:59.404,1.04347,1.0435,3.94,1.00
2016.12.22 19:49:02.069,1.04347,1.04351,2.25,8.44
2016.12.22 19:49:02.574,1.04347,1.0435,2.25,1.00
2016.12.22 19:49:03.130,1.04347,1.04351,1.50,10.69
2016.12.22 19:49:04.712,1.04347,1.0435,1.50,1.00
2016.12.22 19:49:10.188,1.04347,1.04348,1.00,1.00
2016.12.22 19:49:10.407,1.04348,1.04349,1.50,1.87
2016.12.22 19:49:10.509,1.04348,1.04351,3.75,2.25
2016.12.22 19:49:11.015,1.04347,1.0435,3.94,1.00
2016.12.22 19:49:12.413,1.04347,1.04351,4.31,1.50
2016.12.22 19:49:12.868,1.04347,1.04349,2.25,1.00
2016.12.22 19:49:13.408,1.04347,1.04348,1.00,1.00
2016.12.22 19:49:13.811,1.04347,1.0435,1.50,1.50
2016.12.22 19:49:16.378,1.04347,1.04351,1.00,7.12
2016.12.22 19:49:17.070,1.04347,1.0435,1.00,1.00
2016.12.22 19:49:17.584,1.04347,1.04351,1.00,7.87
2016.12.22 19:49:18.896,1.04348,1.04351,1.00,3.15
2016.12.22 19:49:19.431,1.0435,1.04352,1.00,3.26
2016.12.22 19:49:19.734,1.04352,1.04353,1.00,1.00
2016.12.22 19:49:19.939,1.04352,1.04354,1.00,3.94
2016.12.22 19:49:21.837,1.04355,1.04356,2.25,5.81
2016.12.22 19:49:21.992,1.04356,1.04357,1.50,1.00
2016.12.22 19:49:22.094,1.04356,1.04359,2.25,3.19
2016.12.22 19:49:24.646,1.04357,1.04359,1.00,3.19
2016.12.22 19:49:24.747,1.04356,1.04357,1.50,1.20
2016.12.22 19:49:24.849,1.04355,1.04357,3.37,1.00
2016.12.22 19:49:25.727,1.04355,1.04358,7.12,1.50
2016.12.22 19:49:25.778,1.04357,1.04358,1.00,1.50
2016.12.22 19:49:26.305,1.04357,1.04359,1.00,3.19
2016.12.22 19:49:26.812,1.04358,1.0436,1.00,1.00
2016.12.22 19:49:27.968,1.04358,1.04361,1.00,9.00
2016.12.22 19:49:30.531,1.04357,1.04361,1.87,7.50
2016.12.22 19:49:32.460,1.04357,1.0436,1.87,1.00
2016.12.22 19:49:47.630,1.04357,1.04359,1.50,1.00
2016.12.22 19:49:48.358,1.04357,1.0436,1.50,2.25
2016.12.22 19:49:54.010,1.04357,1.0436,1.87,2.44
2016.12.22 19:50:20.002,1.04357,1.0436,2.25,3.94
2016.12.22 19:50:35.537,1.04357,1.04361,2.62,4.50
2016.12.22 19:50:36.044,1.04357,1.0436,1.00,1.00
2016.12.22 19:50:38.373,1.04357,1.04361,3.75,2.25
2016.12.22 19:50:39.589,1.0436,1.04361,1.00,1.50
2016.12.22 19:50:40.095,1.0436,1.04362,4.50,1.00
2016.12.22 19:50:40.651,1.04361,1.04362,1.50,1.00
2016.12.22 19:50:42.812,1.0436,1.04362,3.00,1.00
2016.12.22 19:50:43.097,1.0436,1.04364,3.75,2.62
2016.12.22 19:50:48.473,1.04361,1.04364,1.50,1.12
2016.12.22 19:50:51.955,1.04362,1.04364,1.00,1.00
2016.12.22 19:50:54.195,1.04362,1.04365,1.00,2.44
2016.12.22 19:51:17.808,1.0436,1.04362,7.12,3.34
2016.12.22 19:51:17.961,1.04358,1.04359,3.00,1.25
2016.12.22 19:51:18.062,1.04359,1.04361,1.50,1.87
2016.12.22 19:51:18.164,1.04359,1.04363,4.50,7.31
2016.12.22 19:51:18.216,1.04361,1.04363,1.00,4.12
2016.12.22 19:51:18.743,1.04362,1.04364,1.00,1.12
2016.12.22 19:51:21.304,1.04362,1.04365,1.00,4.31
2016.12.22 19:51:23.414,1.04361,1.04365,2.62,3.94
2016.12.22 19:51:25.660,1.04361,1.04362,1.50,1.65
2016.12.22 19:51:25.761,1.04359,1.04361,2.25,2.10
2016.12.22 19:51:25.862,1.04357,1.04361,6.19,4.35
2016.12.22 19:51:26.165,1.0436,1.04361,1.00,1.50
2016.12.22 19:51:26.479,1.04358,1.04361,2.25,3.00
2016.12.22 19:51:27.063,1.04358,1.0436,1.50,1.84
2016.12.22 19:51:28.074,1.04358,1.04359,1.00,1.50
2016.12.22 19:51:28.176,1.04356,1.04359,1.50,2.62
2016.12.22 19:51:38.211,1.04355,1.04356,2.25,2.25
2016.12.22 19:51:38.313,1.04353,1.04356,3.00,7.50
2016.12.22 19:51:38.722,1.04355,1.04358,1.00,3.94
2016.12.22 19:51:39.026,1.04357,1.04359,1.00,5.21
2016.12.22 19:51:39.636,1.04357,1.04359,2.25,3.71
2016.12.22 19:51:39.789,1.04358,1.0436,1.00,2.25
2016.12.22 19:51:40.521,1.04357,1.0436,3.94,2.59
2016.12.22 19:51:41.051,1.04357,1.0436,1.00,5.21
2016.12.22 19:51:41.557,1.04358,1.0436,1.00,2.96
2016.12.22 19:51:42.065,1.04357,1.0436,1.00,2.96
2016.12.22 19:51:42.569,1.04359,1.04361,1.00,1.50
2016.12.22 19:51:48.515,1.0436,1.04361,1.00,2.59
2016.12.22 19:51:48.717,1.04361,1.04364,4.12,1.00
2016.12.22 19:51:50.532,1.04361,1.04365,4.87,2.25
2016.12.22 19:51:51.037,1.04361,1.04365,4.12,3.34
2016.12.22 19:51:52.619,1.04361,1.04362,3.37,1.65
2016.12.22 19:51:52.797,1.04359,1.04361,1.00,3.75
2016.12.22 19:51:53.152,1.04361,1.04362,1.00,1.00
2016.12.22 19:51:53.658,1.04361,1.04363,1.00,1.00
2016.12.22 19:51:54.216,1.04361,1.04364,3.00,2.62
2016.12.22 19:51:58.313,1.04362,1.04364,1.50,1.09
2016.12.22 19:51:58.819,1.04362,1.04365,2.25,3.37
2016.12.22 19:51:59.324,1.04362,1.04365,2.25,3.71
2016.12.22 19:52:00.720,1.04362,1.04365,2.25,3.37
2016.12.22 19:52:01.225,1.04362,1.04365,2.25,3.71
2016.12.22 19:52:01.529,1.04364,1.04365,1.00,1.46
2016.12.22 19:52:01.630,1.04364,1.04366,1.50,9.00
2016.12.22 19:52:02.630,1.04365,1.04366,1.00,9.34
2016.12.22 19:52:03.931,1.04364,1.04366,2.25,3.75
2016.12.22 19:52:05.668,1.04364,1.04366,2.25,7.09
2016.12.22 19:52:08.062,1.04364,1.04366,1.00,8.62
2016.12.22 19:52:08.163,1.04363,1.04366,2.25,7.46
2016.12.22 19:52:08.668,1.04364,1.04366,2.25,7.46
2016.12.22 19:52:12.188,1.04364,1.04366,2.25,7.12
2016.12.22 19:52:12.713,1.04365,1.04366,1.00,1.00
2016.12.22 19:52:13.306,1.04364,1.04366,2.25,1.00
2016.12.22 19:52:16.092,1.04367,1.04368,1.50,9.00
2016.12.22 19:52:16.196,1.04365,1.04366,1.50,2.62
2016.12.22 19:52:16.247,1.04366,1.04368,1.00,13.87
2016.12.22 19:52:16.400,1.04368,1.04369,2.25,1.87
2016.12.22 19:52:16.603,1.04369,1.0437,1.00,3.97
2016.12.22 19:52:17.122,1.04368,1.0437,2.25,1.72
2016.12.22 19:52:18.820,1.04368,1.04369,1.00,1.50
2016.12.22 19:52:19.359,1.04368,1.0437,2.25,11.62
2016.12.22 19:52:21.779,1.04367,1.0437,1.50,7.87
2016.12.22 19:52:22.629,1.04365,1.04366,3.00,1.00
2016.12.22 19:52:22.781,1.04363,1.04365,3.00,1.00
2016.12.22 19:52:23.319,1.04362,1.04364,1.50,1.00
2016.12.22 19:52:23.824,1.04362,1.04365,2.25,4.50
2016.12.22 19:52:26.513,1.04362,1.04366,3.94,7.87
2016.12.22 19:52:27.652,1.04362,1.04363,1.69,1.50
2016.12.22 19:52:28.158,1.04362,1.04364,2.25,1.00
2016.12.22 19:52:28.663,1.04362,1.04365,2.25,3.00
2016.12.22 19:52:29.468,1.04363,1.04365,5.25,1.00
2016.12.22 19:52:29.973,1.04364,1.04366,2.25,1.35
2016.12.22 19:52:32.182,1.04363,1.04366,4.50,1.35
2016.12.22 19:52:35.663,1.04364,1.04366,1.00,1.35
2016.12.22 19:52:36.170,1.04363,1.04366,2.25,6.00
2016.12.22 19:52:43.201,1.04364,1.04366,1.50,3.75
2016.12.22 19:52:57.764,1.04365,1.04366,1.00,1.00
2016.12.22 19:53:00.783,1.04366,1.04367,1.50,1.12
2016.12.22 19:53:00.885,1.04367,1.04368,1.00,1.87
2016.12.22 19:53:03.273,1.04366,1.04368,3.00,1.00
2016.12.22 19:53:14.815,1.04367,1.04368,1.50,1.00
2016.12.22 19:53:15.002,1.04369,1.0437,1.00,1.12
2016.12.22 19:53:15.053,1.04369,1.04371,2.25,2.02
2016.12.22 19:53:15.154,1.0437,1.04373,3.00,3.00
2016.12.22 19:53:15.661,1.04371,1.04374,1.00,4.50
2016.12.22 19:53:18.701,1.04371,1.04373,3.75,1.00
2016.12.22 19:53:19.230,1.04372,1.04373,1.00,1.00
2016.12.22 19:53:19.592,1.04373,1.04375,5.50,3.75
2016.12.22 19:53:19.695,1.04376,1.04378,1.00,3.37
2016.12.22 19:53:20.455,1.04376,1.04377,1.00,1.00
2016.12.22 19:53:20.962,1.04375,1.04376,2.25,1.00
2016.12.22 19:53:22.297,1.04374,1.04376,4.69,1.50
2016.12.22 19:53:23.217,1.04374,1.04375,3.19,1.00
2016.12.22 19:53:25.153,1.04374,1.04376,1.69,2.25
2016.12.22 19:53:25.712,1.04374,1.04375,1.69,1.00
2016.12.22 19:53:26.826,1.04371,1.04373,4.50,6.10
2016.12.22 19:53:26.877,1.04369,1.04371,3.94,3.00
2016.12.22 19:53:26.979,1.04368,1.04369,3.75,1.00
2016.12.22 19:53:27.081,1.04366,1.04367,1.50,5.10
2016.12.22 19:53:27.132,1.04364,1.04365,1.12,2.10
2016.12.22 19:53:27.284,1.04362,1.04364,4.50,1.00
2016.12.22 19:53:27.436,1.04363,1.04366,1.50,1.50
2016.12.22 19:53:27.639,1.0436,1.04362,12.56,2.12
2016.12.22 19:53:27.759,1.04361,1.04362,2.44,1.12
2016.12.22 19:53:27.912,1.04361,1.04364,2.25,2.85
2016.12.22 19:53:27.965,1.04361,1.04362,1.00,5.25
2016.12.22 19:53:28.016,1.04358,1.0436,4.12,3.60
2016.12.22 19:53:28.067,1.04358,1.0436,1.00,4.35
2016.12.22 19:53:28.219,1.04357,1.04358,1.50,1.00
2016.12.22 19:53:31.431,1.04356,1.04358,3.00,1.00
2016.12.22 19:53:31.934,1.04352,1.04353,6.00,1.00
2016.12.22 19:53:32.036,1.04351,1.04353,2.50,1.72
2016.12.22 19:53:32.188,1.0435,1.04353,1.00,2.47
2016.12.22 19:53:32.422,1.04349,1.04351,1.50,1.00
2016.12.22 19:53:32.524,1.04348,1.0435,1.87,7.54
2016.12.22 19:53:33.029,1.04347,1.04349,1.00,1.00
2016.12.22 19:53:34.869,1.04347,1.04348,1.00,1.00
2016.12.22 19:53:35.358,1.04349,1.04351,4.37,4.57
2016.12.22 19:53:35.863,1.04351,1.04353,1.00,1.00
2016.12.22 19:53:36.368,1.0435,1.04352,4.50,1.00
2016.12.22 19:53:37.025,1.04353,1.04355,1.00,3.37
2016.12.22 19:53:37.177,1.04355,1.04356,2.25,3.15
2016.12.22 19:53:37.330,1.04353,1.04355,2.25,1.50
2016.12.22 19:53:37.857,1.04352,1.04355,1.00,1.50
2016.12.22 19:53:38.467,1.04352,1.04356,1.00,7.87
2016.12.22 19:53:38.979,1.04352,1.04355,1.00,1.00
2016.12.22 19:53:39.384,1.04351,1.04352,1.50,3.00
2016.12.22 19:53:39.587,1.04348,1.0435,1.00,3.04
2016.12.22 19:53:40.128,1.04347,1.0435,4.50,2.44
2016.12.22 19:53:49.459,1.04348,1.04351,1.00,7.69
2016.12.22 19:53:50.235,1.04347,1.04351,4.50,6.56
2016.12.22 19:53:50.811,1.04348,1.04351,1.00,7.31
2016.12.22 19:53:51.759,1.04349,1.04351,1.00,2.25
2016.12.22 19:53:52.120,1.04351,1.04352,1.00,1.12
2016.12.22 19:53:52.171,1.04351,1.04354,3.00,1.69
2016.12.22 19:53:52.881,1.04351,1.04353,1.50,1.00
2016.12.22 19:54:02.009,1.04352,1.04353,1.50,1.00
2016.12.22 19:54:02.161,1.04354,1.04355,1.00,1.50
2016.12.22 19:54:02.263,1.04354,1.04356,3.75,1.50
2016.12.22 19:54:02.421,1.04355,1.04358,3.75,2.25
2016.12.22 19:54:03.080,1.04354,1.04356,3.49,4.00
2016.12.22 19:54:03.259,1.04353,1.04355,1.00,2.25
2016.12.22 19:54:03.564,1.04351,1.04352,1.50,3.00
2016.12.22 19:54:03.616,1.0435,1.04352,4.87,1.00
2016.12.22 19:54:04.193,1.04352,1.04354,1.00,1.50
2016.12.22 19:54:05.052,1.04354,1.04355,1.50,2.25
2016.12.22 19:54:13.063,1.04355,1.04356,1.00,5.81
2016.12.22 19:54:13.402,1.04357,1.04358,1.00,8.81
2016.12.22 19:54:13.912,1.04356,1.04357,2.25,2.44
2016.12.22 19:54:14.477,1.04356,1.04357,2.25,1.50
2016.12.22 19:54:14.983,1.04357,1.04358,1.50,2.47
2016.12.22 19:54:20.439,1.04358,1.04359,1.00,2.81
2016.12.22 19:54:20.541,1.04359,1.0436,1.50,3.00
2016.12.22 19:54:22.985,1.04359,1.04361,2.25,6.56
2016.12.22 19:54:23.036,1.0436,1.04362,1.50,6.94
2016.12.22 19:54:23.137,1.04361,1.04363,1.50,1.69
2016.12.22 19:54:23.289,1.04362,1.04364,1.00,3.56
2016.12.22 19:54:23.821,1.04362,1.04363,2.25,1.25
2016.12.22 19:54:23.973,1.04363,1.04365,2.25,5.81
2016.12.22 19:54:24.643,1.04365,1.04366,1.50,6.79
2016.12.22 19:54:24.951,1.04369,1.0437,1.50,1.69
2016.12.22 19:54:25.475,1.04368,1.04369,3.00,1.25
2016.12.22 19:54:31.009,1.04366,1.04368,3.75,1.00
2016.12.22 19:54:31.161,1.04366,1.04369,1.50,8.29
2016.12.22 19:54:31.666,1.04366,1.04368,1.50,1.00
2016.12.22 19:54:32.182,1.04366,1.04367,1.50,1.00
2016.12.22 19:54:32.858,1.04366,1.04368,1.50,1.00
2016.12.22 19:54:33.407,1.04366,1.04367,1.50,1.00
2016.12.22 19:54:34.009,1.04366,1.04368,1.50,1.50
2016.12.22 19:54:39.262,1.04365,1.04368,2.25,1.50
2016.12.22 19:54:39.364,1.04365,1.04366,2.25,1.12
2016.12.22 19:54:39.670,1.04363,1.04364,2.25,1.50
2016.12.22 19:54:43.611,1.04361,1.04363,5.44,2.10
2016.12.22 19:54:43.663,1.0436,1.04361,1.12,1.65
2016.12.22 19:54:44.177,1.04359,1.0436,2.25,1.69
2016.12.22 19:54:50.630,1.04359,1.04361,2.25,1.00
2016.12.22 19:54:51.160,1.04359,1.04362,2.25,4.50
2016.12.22 19:54:52.462,1.0436,1.04362,1.00,4.50
2016.12.22 19:54:52.969,1.0436,1.04361,1.50,1.00
2016.12.22 19:54:56.840,1.0436,1.04362,1.00,1.95
2016.12.22 19:54:56.994,1.04362,1.04365,2.25,2.44
2016.12.22 19:54:58.644,1.04363,1.04365,1.00,3.19
2016.12.22 19:55:01.884,1.04364,1.04365,1.50,1.25
2016.12.22 19:55:02.391,1.04365,1.04366,2.25,1.00
2016.12.22 19:55:02.906,1.04364,1.04366,2.25,1.00
2016.12.22 19:55:03.412,1.04365,1.04366,2.25,1.50
2016.12.22 19:55:05.092,1.04367,1.04368,1.50,5.25
2016.12.22 19:55:05.396,1.04363,1.04364,2.25,1.00
2016.12.22 19:55:08.310,1.04362,1.04364,2.25,1.00
2016.12.22 19:55:13.600,1.04362,1.04365,2.25,3.75
2016.12.22 19:55:13.651,1.04362,1.04364,2.25,1.00
2016.12.22 19:55:18.413,1.04363,1.04364,1.00,1.00
2016.12.22 19:55:18.717,1.04361,1.04363,3.75,1.00
2016.12.22 19:55:23.540,1.04362,1.04363,1.00,1.00
2016.12.22 19:55:23.642,1.04362,1.04365,1.50,6.19
2016.12.22 19:55:28.551,1.04362,1.04364,2.25,1.00
2016.12.22 19:55:34.693,1.04362,1.04365,3.00,4.69
2016.12.22 19:55:35.902,1.04362,1.04364,3.00,1.00
2016.12.22 19:55:38.401,1.04362,1.04365,3.75,2.25
2016.12.22 19:55:39.189,1.04363,1.04365,1.50,1.00
2016.12.22 19:55:39.713,1.04363,1.04364,1.50,1.00
2016.12.22 19:55:43.564,1.04362,1.04364,2.25,1.00
2016.12.22 19:55:44.455,1.04364,1.04365,1.50,1.00
2016.12.22 19:55:49.824,1.04365,1.04367,1.00,5.96
2016.12.22 19:55:50.326,1.04367,1.04368,2.25,3.52
2016.12.22 19:55:56.333,1.04367,1.04368,2.25,1.00
2016.12.22 19:55:56.908,1.04367,1.04369,2.25,1.50
2016.12.22 19:55:58.378,1.04368,1.04369,1.50,1.00
2016.12.22 19:55:58.927,1.04367,1.0437,1.50,6.94
2016.12.22 19:56:00.784,1.04367,1.04369,1.00,1.00
2016.12.22 19:56:01.293,1.04367,1.0437,1.50,5.44
2016.12.22 19:56:02.061,1.04368,1.0437,5.10,3.00
2016.12.22 19:56:02.567,1.04367,1.04369,2.25,1.00
2016.12.22 19:56:03.110,1.04368,1.0437,1.50,3.19
2016.12.22 19:56:04.490,1.04368,1.04369,2.25,1.00
2016.12.22 19:56:05.012,1.04367,1.04369,1.50,1.12
2016.12.22 19:56:08.458,1.04367,1.0437,2.25,6.56
2016.12.22 19:56:09.267,1.04368,1.0437,1.00,6.56
2016.12.22 19:56:11.323,1.04366,1.04369,3.00,1.00
2016.12.22 19:56:11.829,1.04367,1.04369,1.00,1.00
2016.12.22 19:56:15.958,1.04366,1.04369,3.00,1.00
2016.12.22 19:56:18.608,1.04369,1.0437,2.25,3.75
2016.12.22 19:56:18.861,1.04367,1.0437,5.25,6.60
2016.12.22 19:56:18.937,1.04367,1.04368,1.50,1.00
2016.12.22 19:56:23.547,1.04369,1.04371,3.25,3.75
2016.12.22 19:56:23.852,1.04367,1.04368,1.00,1.50
2016.12.22 19:56:24.105,1.04366,1.04368,1.00,1.00
2016.12.22 19:56:25.839,1.04365,1.04367,4.16,1.00
2016.12.22 19:56:39.642,1.04364,1.04365,3.52,2.25
2016.12.22 19:56:39.744,1.04362,1.04363,1.00,3.00
2016.12.22 19:56:39.896,1.04359,1.04362,3.00,3.75
2016.12.22 19:56:40.808,1.0436,1.04362,1.00,2.25
2016.12.22 19:56:41.347,1.04361,1.04362,1.00,1.50
2016.12.22 19:56:44.441,1.04361,1.04363,1.50,2.25
2016.12.22 19:56:44.644,1.04363,1.04364,3.00,1.50
2016.12.22 19:56:45.149,1.04364,1.04366,3.00,1.50
2016.12.22 19:56:47.138,1.04363,1.04365,3.11,1.00
2016.12.22 19:56:47.643,1.04363,1.04364,3.11,1.00
2016.12.22 19:56:48.148,1.04364,1.04365,1.50,1.00
2016.12.22 19:56:48.452,1.04365,1.04366,1.00,1.00
2016.12.22 19:56:48.772,1.04367,1.04368,1.00,1.50
2016.12.22 19:56:48.874,1.04365,1.04367,7.50,1.00
2016.12.22 19:56:49.026,1.04365,1.04369,6.00,3.94
2016.12.22 19:56:49.533,1.04365,1.04368,6.86,1.00
2016.12.22 19:56:50.050,1.04365,1.04369,6.75,3.94
2016.12.22 19:56:50.557,1.04365,1.04369,6.11,3.94
2016.12.22 19:56:56.209,1.04367,1.04369,1.00,1.69
2016.12.22 19:56:56.568,1.0437,1.04371,2.25,4.50
2016.12.22 19:56:56.620,1.04371,1.04373,1.50,1.87
2016.12.22 19:56:58.370,1.04371,1.04374,1.50,1.25
2016.12.22 19:56:58.875,1.04372,1.04373,1.00,1.00
2016.12.22 19:57:00.072,1.04372,1.04374,1.00,1.25
2016.12.22 19:57:00.124,1.04368,1.0437,9.86,1.00
2016.12.22 19:57:00.226,1.04367,1.04369,1.50,2.10
2016.12.22 19:57:02.116,1.04367,1.0437,1.50,2.25
2016.12.22 19:57:03.489,1.04367,1.04368,1.61,1.00
2016.12.22 19:57:03.995,1.04366,1.04368,2.25,1.00
2016.12.22 19:57:04.501,1.04367,1.04368,1.00,1.00
2016.12.22 19:57:06.308,1.04366,1.04368,2.25,1.00
2016.12.22 19:57:10.179,1.04367,1.04369,1.00,1.00
2016.12.22 19:57:10.725,1.04367,1.0437,1.00,2.25
2016.12.22 19:57:11.028,1.04366,1.04368,2.36,1.00
2016.12.22 19:57:12.353,1.04367,1.0437,1.00,6.75
2016.12.22 19:57:14.011,1.04366,1.04368,1.15,1.00
2016.12.22 19:57:14.518,1.04366,1.04367,1.00,1.00
2016.12.22 19:57:15.709,1.04364,1.04366,8.92,1.00
2016.12.22 19:57:15.964,1.0436,1.04361,1.87,1.00
2016.12.22 19:57:16.167,1.04358,1.0436,6.00,1.00
2016.12.22 19:57:16.370,1.04358,1.04361,1.00,1.87
2016.12.22 19:57:16.472,1.04356,1.04358,1.50,1.00
2016.12.22 19:57:20.709,1.04357,1.04358,1.00,1.00
2016.12.22 19:57:28.774,1.04356,1.04358,3.00,1.00
2016.12.22 19:57:29.309,1.04357,1.04358,1.00,1.00
2016.12.22 19:57:34.263,1.04358,1.04359,2.25,1.00
2016.12.22 19:57:34.314,1.04359,1.0436,1.50,1.12
2016.12.22 19:57:34.416,1.04357,1.04359,6.00,1.00
2016.12.22 19:57:34.619,1.04357,1.0436,3.75,3.41
2016.12.22 19:57:35.748,1.04357,1.04359,3.00,1.00
2016.12.22 19:57:43.220,1.04356,1.04359,1.50,3.75
2016.12.22 19:57:45.275,1.04356,1.04358,1.50,1.00
2016.12.22 19:57:49.209,1.04356,1.04359,1.00,3.75
2016.12.22 19:57:50.356,1.04357,1.04358,1.00,1.00
2016.12.22 19:57:50.890,1.04356,1.04357,1.00,1.00
2016.12.22 19:57:53.728,1.04355,1.04357,6.19,1.00
2016.12.22 19:57:53.981,1.04356,1.04358,1.00,1.00
2016.12.22 19:57:55.677,1.04356,1.04357,1.00,1.00
2016.12.22 19:57:58.435,1.04355,1.04357,4.69,1.00
2016.12.22 19:57:58.537,1.04353,1.04354,1.50,1.69
2016.12.22 19:57:58.638,1.04352,1.04353,2.25,1.00
2016.12.22 19:57:59.144,1.04351,1.04352,1.50,1.00
2016.12.22 19:58:02.270,1.0435,1.04352,4.69,1.00
2016.12.22 19:58:02.544,1.04348,1.04349,3.37,5.10
2016.12.22 19:58:02.697,1.04346,1.04347,3.94,1.00
2016.12.22 19:58:03.203,1.04346,1.04348,1.50,1.50
2016.12.22 19:58:03.659,1.04345,1.04347,3.75,1.00
2016.12.22 19:58:04.037,1.04346,1.04348,1.00,1.50
2016.12.22 19:58:05.250,1.04345,1.04348,4.50,2.25
2016.12.22 19:58:06.477,1.04345,1.04347,1.00,1.00
2016.12.22 19:58:07.387,1.04344,1.04345,1.50,1.00
2016.12.22 19:58:07.540,1.04342,1.04344,1.12,1.50
2016.12.22 19:58:08.053,1.04341,1.04344,4.87,1.50
2016.12.22 19:58:08.154,1.04343,1.04345,1.50,3.00
2016.12.22 19:58:08.561,1.04345,1.04346,2.25,1.00
2016.12.22 19:58:09.268,1.04345,1.04347,2.25,1.00
2016.12.22 19:58:09.774,1.04346,1.04347,1.00,1.00
2016.12.22 19:58:10.190,1.04344,1.04346,5.25,1.50
2016.12.22 19:58:11.915,1.04346,1.04347,1.50,1.00
2016.12.22 19:58:12.908,1.04346,1.04348,1.50,1.50
2016.12.22 19:58:13.438,1.04348,1.0435,2.50,5.25
2016.12.22 19:58:13.540,1.04347,1.04349,6.00,3.19
2016.12.22 19:58:14.051,1.04346,1.04349,3.75,3.79
2016.12.22 19:58:14.863,1.04346,1.04348,1.50,1.00
2016.12.22 19:58:18.658,1.04346,1.04347,1.00,1.00
2016.12.22 19:58:20.517,1.04345,1.04347,3.75,1.00
2016.12.22 19:58:21.057,1.04346,1.04347,1.00,1.00
2016.12.22 19:58:23.037,1.04345,1.04347,3.75,1.00
2016.12.22 19:58:23.548,1.04346,1.04347,1.00,1.00
2016.12.22 19:58:25.713,1.04345,1.04347,1.50,1.00
2016.12.22 19:58:26.258,1.04346,1.04347,1.00,1.00
2016.12.22 19:58:26.762,1.04345,1.04347,2.25,1.00
2016.12.22 19:58:35.256,1.04345,1.04348,4.50,1.50
2016.12.22 19:58:35.914,1.04345,1.04347,4.50,1.00
2016.12.22 19:58:38.312,1.04348,1.04349,1.00,3.19
2016.12.22 19:58:38.566,1.04352,1.04354,1.00,1.00
2016.12.22 19:58:38.719,1.04349,1.04351,11.25,1.00
2016.12.22 19:58:38.877,1.04349,1.0435,4.12,1.50
2016.12.22 19:58:39.081,1.0435,1.04353,2.62,3.75
2016.12.22 19:58:39.233,1.0435,1.04352,1.50,1.00
2016.12.22 19:58:39.740,1.0435,1.04352,3.75,1.00
2016.12.22 19:58:40.261,1.0435,1.04352,3.75,1.00
2016.12.22 19:58:40.635,1.04354,1.04355,1.00,3.00
2016.12.22 19:58:40.737,1.04353,1.04356,1.87,1.87
2016.12.22 19:58:40.889,1.04353,1.04354,1.12,1.00
2016.12.22 19:58:41.194,1.04353,1.04354,1.00,1.00
2016.12.22 19:58:41.707,1.04352,1.04353,2.25,1.00
2016.12.22 19:58:42.053,1.04351,1.04354,1.00,3.56
2016.12.22 19:58:42.560,1.04351,1.04353,1.50,1.00
2016.12.22 19:58:44.216,1.04351,1.04354,1.50,3.19
2016.12.22 19:58:45.159,1.04351,1.04353,1.50,1.00
2016.12.22 19:58:48.448,1.04351,1.04354,1.50,3.19
2016.12.22 19:58:48.957,1.04351,1.04353,1.50,1.00
2016.12.22 19:58:54.005,1.0435,1.04352,1.87,1.00
2016.12.22 19:58:54.157,1.04349,1.04353,11.62,2.61
2016.12.22 19:58:54.259,1.0435,1.04353,1.50,2.25
2016.12.22 19:58:56.408,1.04351,1.04353,1.50,1.00
2016.12.22 19:58:56.916,1.04351,1.04354,5.25,1.69
2016.12.22 19:59:00.263,1.04351,1.04353,1.00,1.00
2016.12.22 19:59:00.516,1.0435,1.04351,3.00,1.50
2016.12.22 19:59:00.618,1.04349,1.0435,1.00,1.50
2016.12.22 19:59:00.923,1.04348,1.04352,3.00,6.19
2016.12.22 19:59:03.150,1.04349,1.04352,1.00,3.19
2016.12.22 19:59:03.957,1.04348,1.04351,1.95,3.75
2016.12.22 19:59:04.008,1.0435,1.04352,1.00,3.00
2016.12.22 19:59:04.538,1.04351,1.04353,1.00,1.50
2016.12.22 19:59:05.059,1.0435,1.04352,3.00,1.00
2016.12.22 19:59:05.364,1.04349,1.0435,1.50,3.75
2016.12.22 19:59:05.871,1.04348,1.0435,2.25,1.00
2016.12.22 19:59:06.379,1.04349,1.04352,1.50,4.69
2016.12.22 19:59:06.430,1.04351,1.04352,1.00,2.25
2016.12.22 19:59:07.038,1.0435,1.04352,6.75,1.00
2016.12.22 19:59:07.518,1.04352,1.04354,2.25,1.50
2016.12.22 19:59:08.024,1.04352,1.04355,3.45,1.50
2016.12.22 19:59:08.580,1.04353,1.04355,1.00,1.00
2016.12.22 19:59:09.677,1.04353,1.04354,1.00,1.00
2016.12.22 19:59:10.234,1.04352,1.04354,2.32,1.00
2016.12.22 19:59:10.770,1.04353,1.04354,2.25,1.00
2016.12.22 19:59:11.278,1.04352,1.04353,2.25,1.00
2016.12.22 19:59:11.610,1.04355,1.04356,1.00,1.87
2016.12.22 19:59:11.964,1.04356,1.04357,1.00,1.00
2016.12.22 19:59:12.533,1.04355,1.04357,9.00,1.00
2016.12.22 19:59:15.859,1.04358,1.0436,3.75,7.87
2016.12.22 19:59:15.910,1.04359,1.04361,2.50,4.69
2016.12.22 19:59:15.961,1.04358,1.04359,1.50,1.50
2016.12.22 19:59:16.468,1.04358,1.04359,1.50,1.00
2016.12.22 19:59:16.652,1.04358,1.0436,1.50,5.44
2016.12.22 19:59:16.753,1.04356,1.04357,1.50,1.00
2016.12.22 19:59:16.906,1.04356,1.04357,3.75,2.25
2016.12.22 19:59:17.412,1.04357,1.04358,1.50,1.00
2016.12.22 19:59:17.940,1.04356,1.04358,4.50,1.00
2016.12.22 19:59:18.041,1.04357,1.04359,1.50,1.00
2016.12.22 19:59:18.553,1.04357,1.0436,2.25,6.19
2016.12.22 19:59:19.060,1.04358,1.0436,1.50,3.19
2016.12.22 19:59:19.263,1.04358,1.04359,1.50,1.50
2016.12.22 19:59:19.771,1.04356,1.04358,5.25,2.50
2016.12.22 19:59:20.327,1.04357,1.04358,1.50,1.00
2016.12.22 19:59:20.838,1.04357,1.04358,1.50,1.00
2016.12.22 19:59:21.346,1.04356,1.04358,1.50,1.00
2016.12.22 19:59:24.988,1.04357,1.04358,1.00,1.00
2016.12.22 19:59:25.494,1.04355,1.04356,1.12,4.65
2016.12.22 19:59:25.545,1.04353,1.04355,3.37,1.00
2016.12.22 19:59:26.246,1.04354,1.04355,2.25,1.00
2016.12.22 19:59:27.004,1.04354,1.04356,2.25,2.25
2016.12.22 19:59:27.358,1.04352,1.04354,4.69,1.00
2016.12.22 19:59:27.864,1.04352,1.04354,3.94,1.00
2016.12.22 19:59:28.406,1.04353,1.04354,1.00,1.00
2016.12.22 19:59:29.255,1.04352,1.04354,4.50,1.00
2016.12.22 19:59:29.658,1.04351,1.04352,2.25,1.00
2016.12.22 19:59:30.106,1.04351,1.04352,2.25,1.50
2016.12.22 19:59:30.612,1.0435,1.04352,6.00,1.00
2016.12.22 19:59:31.122,1.04348,1.0435,7.50,5.85
2016.12.22 19:59:31.173,1.04348,1.04349,2.25,4.54
2016.12.22 19:59:31.533,1.04346,1.04348,4.50,1.00
2016.12.22 19:59:31.999,1.04344,1.04346,8.62,1.00
2016.12.22 19:59:32.152,1.04346,1.04347,1.50,1.00
2016.12.22 19:59:32.659,1.04347,1.04348,1.00,1.00
2016.12.22 19:59:33.163,1.04347,1.04348,1.00,1.00
2016.12.22 19:59:33.539,1.04348,1.0435,1.00,2.25
2016.12.22 19:59:33.590,1.0435,1.04351,1.00,2.25
2016.12.22 19:59:33.894,1.04348,1.04349,1.50,1.69
2016.12.22 19:59:33.945,1.04346,1.04348,6.75,1.00
2016.12.22 19:59:35.232,1.04344,1.04345,4.50,1.50
2016.12.22 19:59:35.335,1.04344,1.04345,1.12,1.50
2016.12.22 19:59:35.541,1.04345,1.04347,1.00,4.27
2016.12.22 19:59:36.048,1.04347,1.04348,1.00,2.25
2016.12.22 19:59:36.561,1.04346,1.04348,2.25,1.00
2016.12.22 19:59:36.763,1.04344,1.04347,2.25,3.94
2016.12.22 19:59:38.090,1.04346,1.04347,1.00,1.00
2016.12.22 19:59:40.058,1.04346,1.04348,8.25,1.00
2016.12.22 19:59:40.564,1.04347,1.04348,1.00,1.00
2016.12.22 19:59:41.074,1.04347,1.04349,2.25,1.00
2016.12.22 19:59:41.378,1.04352,1.04353,1.00,1.50
2016.12.22 19:59:42.086,1.04353,1.04354,1.00,1.69
2016.12.22 19:59:42.592,1.04354,1.04356,2.25,2.06
2016.12.22 19:59:42.728,1.04356,1.04358,1.50,3.00
2016.12.22 19:59:43.236,1.04355,1.04357,1.00,1.00
2016.12.22 19:59:44.061,1.04355,1.04358,3.00,1.50
2016.12.22 19:59:45.055,1.04355,1.04356,1.12,1.00
2016.12.22 19:59:45.259,1.04353,1.04356,1.87,1.50
2016.12.22 19:59:45.765,1.04353,1.04357,5.25,6.94
2016.12.22 19:59:46.130,1.04353,1.04355,6.00,1.00
2016.12.22 19:59:46.536,1.0435,1.04352,8.81,1.00
2016.12.22 19:59:46.944,1.04348,1.04349,1.87,1.50
2016.12.22 19:59:47.299,1.04347,1.04349,3.00,1.00
2016.12.22 19:59:47.817,1.04347,1.04349,3.00,1.00
2016.12.22 19:59:50.143,1.04349,1.04351,3.25,5.77
2016.12.22 19:59:50.295,1.0435,1.04352,1.50,1.00
2016.12.22 19:59:50.801,1.04351,1.04352,1.00,1.00
2016.12.22 19:59:51.194,1.04349,1.0435,2.25,1.00
2016.12.22 19:59:51.296,1.04348,1.0435,4.50,1.00
2016.12.22 19:59:51.499,1.0435,1.04351,2.25,1.15
2016.12.22 19:59:52.005,1.0435,1.04352,1.00,1.00
2016.12.22 19:59:52.475,1.04351,1.04354,1.50,1.50
2016.12.22 19:59:52.982,1.04351,1.04353,2.25,1.00
2016.12.22 19:59:54.166,1.04352,1.04353,1.00,1.00
2016.12.22 19:59:54.672,1.04352,1.04353,1.00,1.00
2016.12.22 19:59:55.214,1.04351,1.04352,1.00,1.00
2016.12.22 19:59:55.739,1.04351,1.04352,1.00,1.00
2016.12.22 19:59:56.263,1.0435,1.04352,5.62,1.00
2016.12.22 19:59:56.769,1.04351,1.04352,1.00,1.00
2016.12.22 19:59:56.921,1.04349,1.04352,1.00,1.72
2016.12.22 19:59:57.209,1.04349,1.0435,1.00,1.00
2016.12.22 19:59:57.715,1.04349,1.04351,1.00,1.00
2016.12.22 19:59:58.323,1.04348,1.0435,2.62,1.00
2016.12.22 19:59:58.424,1.04347,1.04349,3.75,1.00
2016.12.22 19:59:58.974,1.04349,1.04351,4.00,5.10
2016.12.22 19:59:59.482,1.0435,1.04352,2.25,1.00
2016.12.22 19:59:59.584,1.0435,1.04353,2.25,1.91
