2012.02.13 03:00:02.642,1.32328,1.32334,1.50,1.50
2012.02.13 03:00:03.854,1.32327,1.32334,2.25,1.50
2012.02.13 03:00:04.355,1.32328,1.32334,1.50,1.50
2012.02.13 03:00:04.869,1.32328,1.32334,1.50,1.50
2012.02.13 03:00:05.380,1.32327,1.32331,1.50,1.50
2012.02.13 03:00:05.832,1.32325,1.32335,3.42,3.45
2012.02.13 03:00:06.352,1.32325,1.32333,2.70,1.50
2012.02.13 03:00:07.765,1.32325,1.32333,1.20,2.25
2012.02.13 03:00:10.208,1.32324,1.32333,2.70,2.44
2012.02.13 03:00:10.517,1.32324,1.32333,3.45,1.69
2012.02.13 03:00:12.119,1.32324,1.32333,3.45,2.44
2012.02.13 03:00:12.512,1.32324,1.32332,2.70,2.33
2012.02.13 03:00:13.134,1.32324,1.32332,2.70,1.20
2012.02.13 03:00:13.489,1.32325,1.32332,1.47,1.20
2012.02.13 03:00:15.634,1.32324,1.32334,3.42,3.45
2012.02.13 03:00:15.989,1.32324,1.3233,1.47,1.20
2012.02.13 03:00:21.214,1.32324,1.32331,1.47,1.20
2012.02.13 03:00:21.557,1.32326,1.32331,1.47,1.20
2012.02.13 03:00:22.463,1.32326,1.32334,1.47,2.25
2012.02.13 03:00:22.992,1.32326,1.32334,1.47,1.50
2012.02.13 03:00:23.509,1.32325,1.32333,1.95,1.50
2012.02.13 03:00:24.029,1.32325,1.32333,1.95,2.70
2012.02.13 03:00:24.641,1.32325,1.32333,1.95,2.70
2012.02.13 03:00:31.347,1.32324,1.32332,2.70,1.20
2012.02.13 03:00:33.579,1.32325,1.32332,1.47,1.20
2012.02.13 03:00:36.708,1.32324,1.32332,2.70,1.20
2012.02.13 03:00:39.137,1.32325,1.32333,1.95,2.70
2012.02.13 03:00:42.330,1.32324,1.32333,1.50,3.45
2012.02.13 03:00:42.473,1.32324,1.32331,1.50,1.20
2012.02.13 03:00:42.976,1.32323,1.32331,2.22,1.20
2012.02.13 03:00:54.584,1.32322,1.32331,2.25,3.45
2012.02.13 03:00:54.931,1.32325,1.32332,1.20,1.50
2012.02.13 03:00:55.489,1.32326,1.32335,1.20,1.69
2012.02.13 03:00:56.020,1.32326,1.32335,1.20,2.33
2012.02.13 03:01:06.480,1.32326,1.32335,1.20,2.52
2012.02.13 03:01:07.920,1.32326,1.32335,1.95,2.52
2012.02.13 03:01:08.486,1.32326,1.32335,1.20,2.52
2012.02.13 03:01:09.107,1.32326,1.32335,1.20,2.52
2012.02.13 03:01:09.468,1.32326,1.32335,1.20,2.52
2012.02.13 03:01:09.737,1.32326,1.32335,1.20,2.52
2012.02.13 03:01:10.434,1.32326,1.32335,1.20,2.52
2012.02.13 03:01:11.069,1.32326,1.32335,1.20,2.52
2012.02.13 03:01:11.257,1.32326,1.32335,1.20,2.52
2012.02.13 03:01:11.509,1.32326,1.32335,1.20,2.52
2012.02.13 03:01:11.638,1.32326,1.32335,1.20,2.52
2012.02.13 03:01:11.828,1.32326,1.32335,1.20,2.52
2012.02.13 03:01:11.898,1.32326,1.32335,1.20,2.52
2012.02.13 03:01:12.027,1.32326,1.32335,1.20,2.52
2012.02.13 03:01:12.157,1.32326,1.32335,1.20,2.52
2012.02.13 03:01:12.703,1.32326,1.32335,1.20,2.52
2012.02.13 03:01:13.327,1.32326,1.32335,1.20,2.52
2012.02.13 03:01:13.417,1.32326,1.32335,1.20,2.52
2012.02.13 03:01:13.642,1.32326,1.32335,1.20,2.52
2012.02.13 03:01:14.209,1.32326,1.32335,1.20,2.52
2012.02.13 03:01:14.279,1.32326,1.32335,1.20,2.52
2012.02.13 03:01:14.407,1.32326,1.32335,1.20,2.52
2012.02.13 03:01:15.076,1.32326,1.32335,1.20,2.70
2012.02.13 03:01:16.125,1.32325,1.32333,1.47,1.20
2012.02.13 03:01:16.486,1.32322,1.3233,1.66,1.20
2012.02.13 03:01:16.907,1.3232,1.3233,3.42,3.45
2012.02.13 03:01:18.058,1.32321,1.3233,1.50,4.20
2012.02.13 03:01:18.586,1.3232,1.32329,1.47,2.70
2012.02.13 03:01:18.911,1.32319,1.32329,2.86,2.70
2012.02.13 03:01:19.223,1.32322,1.32326,1.50,1.50
2012.02.13 03:01:19.591,1.3232,1.32327,1.20,2.25
2012.02.13 03:01:19.678,1.32319,1.32326,2.70,2.25
2012.02.13 03:01:20.102,1.32319,1.32325,1.20,2.25
2012.02.13 03:01:20.382,1.32318,1.32325,1.92,1.13
2012.02.13 03:01:20.945,1.32317,1.32324,1.47,1.20
2012.02.13 03:01:22.462,1.32316,1.32324,2.67,1.95
2012.02.13 03:01:23.205,1.32315,1.32323,1.92,4.20
2012.02.13 03:01:24.050,1.32315,1.32321,1.20,1.50
2012.02.13 03:01:29.149,1.32312,1.32318,1.95,1.50
2012.02.13 03:01:29.698,1.32312,1.32318,1.20,1.50
2012.02.13 03:01:42.519,1.32312,1.32318,1.20,2.25
2012.02.13 03:01:43.039,1.32311,1.32318,1.20,2.25
2012.02.13 03:01:46.779,1.32311,1.32318,1.20,1.69
2012.02.13 03:01:47.367,1.32311,1.32319,1.92,1.95
2012.02.13 03:01:47.879,1.32311,1.32319,2.67,1.20
2012.02.13 03:01:48.407,1.32311,1.32319,2.67,1.20
2012.02.13 03:01:49.349,1.32311,1.3232,3.42,2.33
2012.02.13 03:01:51.317,1.32312,1.3232,1.20,2.14
2012.02.13 03:01:51.862,1.32312,1.3232,1.20,1.39
2012.02.13 03:01:53.008,1.32312,1.3232,1.20,2.14
2012.02.13 03:01:53.539,1.32312,1.32318,1.20,1.50
2012.02.13 03:01:54.978,1.32312,1.32319,1.20,2.25
2012.02.13 03:01:55.627,1.32312,1.32319,1.20,2.44
2012.02.13 03:01:56.538,1.32312,1.32319,1.20,2.72
2012.02.13 03:01:56.812,1.32312,1.32319,1.20,2.44
2012.02.13 03:01:57.508,1.32312,1.32319,1.20,2.44
2012.02.13 03:01:58.050,1.32312,1.32319,1.20,2.44
2012.02.13 03:02:00.778,1.32312,1.32319,1.20,2.44
2012.02.13 03:02:01.321,1.3231,1.32318,1.50,1.20
2012.02.13 03:02:01.881,1.32309,1.32318,2.22,1.95
2012.02.13 03:02:02.482,1.32309,1.32318,1.47,1.20
2012.02.13 03:02:03.151,1.3231,1.32318,1.50,1.95
2012.02.13 03:02:03.440,1.3231,1.32316,1.50,1.20
2012.02.13 03:02:04.172,1.32308,1.32316,2.82,1.20
2012.02.13 03:02:06.830,1.32309,1.32316,1.47,1.20
2012.02.13 03:02:11.298,1.3231,1.32316,1.50,1.20
2012.02.13 03:02:11.809,1.32309,1.32316,2.22,1.20
2012.02.13 03:02:11.937,1.32309,1.32319,3.42,2.25
2012.02.13 03:02:12.457,1.32309,1.32318,2.22,1.20
2012.02.13 03:02:15.739,1.32308,1.32318,2.82,1.95
2012.02.13 03:02:16.267,1.32309,1.32317,1.47,1.95
2012.02.13 03:02:17.554,1.32308,1.32317,1.35,3.45
2012.02.13 03:02:17.838,1.32308,1.32317,2.82,1.20
2012.02.13 03:02:18.648,1.32309,1.32318,2.22,3.45
2012.02.13 03:02:19.303,1.32309,1.32318,1.47,3.45
2012.02.13 03:02:19.858,1.32308,1.32318,1.47,3.45
2012.02.13 03:02:20.723,1.32308,1.32318,1.47,3.45
2012.02.13 03:02:24.276,1.3231,1.32318,1.47,3.45
2012.02.13 03:02:26.470,1.3231,1.32318,1.47,3.45
2012.02.13 03:02:27.244,1.32309,1.32318,2.22,3.45
2012.02.13 03:02:27.850,1.32309,1.32317,2.22,1.20
2012.02.13 03:02:34.752,1.3231,1.32317,1.47,1.95
2012.02.13 03:02:35.090,1.32312,1.3232,1.47,1.20
2012.02.13 03:02:37.831,1.32314,1.32322,1.92,1.35
2012.02.13 03:02:38.348,1.32314,1.3232,1.20,1.50
2012.02.13 03:02:40.819,1.32313,1.3232,1.20,1.50
2012.02.13 03:02:44.127,1.32313,1.3232,1.20,2.25
2012.02.13 03:02:44.476,1.32313,1.32321,2.67,1.95
2012.02.13 03:02:46.036,1.32313,1.3232,2.67,2.85
2012.02.13 03:02:46.570,1.32314,1.32322,1.92,1.35
2012.02.13 03:02:47.104,1.32314,1.32321,1.92,1.50
2012.02.13 03:02:49.555,1.32311,1.32319,1.20,1.50
2012.02.13 03:02:49.899,1.32311,1.3232,1.92,3.00
2012.02.13 03:02:50.030,1.32311,1.3232,1.92,3.00
2012.02.13 03:02:50.587,1.32311,1.32318,1.92,1.50
2012.02.13 03:02:51.520,1.32311,1.32319,1.92,1.50
2012.02.13 03:02:52.143,1.32309,1.32317,2.22,1.35
2012.02.13 03:02:52.221,1.32308,1.32317,2.70,2.85
2012.02.13 03:02:52.721,1.32308,1.32317,1.20,2.85
2012.02.13 03:02:54.885,1.32313,1.32317,1.20,2.10
2012.02.13 03:02:54.965,1.32309,1.32319,1.47,6.56
2012.02.13 03:02:55.700,1.32313,1.3232,1.20,1.13
2012.02.13 03:02:56.919,1.3231,1.3232,1.92,1.88
2012.02.13 03:03:03.981,1.3231,1.32318,1.92,2.25
2012.02.13 03:03:04.520,1.3231,1.32316,1.20,1.50
2012.02.13 03:03:06.679,1.3231,1.32316,1.20,1.50
2012.02.13 03:03:07.433,1.3231,1.32316,1.20,1.50
2012.02.13 03:03:10.649,1.3231,1.32319,1.20,3.19
2012.02.13 03:03:10.968,1.32308,1.32319,1.47,3.19
2012.02.13 03:03:11.100,1.3231,1.32319,1.20,3.19
2012.02.13 03:03:11.168,1.32308,1.32319,1.47,3.19
2012.02.13 03:03:11.620,1.3231,1.32319,1.20,3.00
2012.02.13 03:03:18.492,1.3231,1.32316,1.20,2.25
2012.02.13 03:03:18.564,1.3231,1.32318,1.92,2.85
2012.02.13 03:03:18.712,1.3231,1.32317,1.20,2.25
2012.02.13 03:03:18.782,1.3231,1.32319,1.92,1.50
2012.02.13 03:03:19.329,1.3231,1.32319,1.92,2.25
2012.02.13 03:03:19.737,1.3231,1.32318,1.92,2.55
2012.02.13 03:03:20.005,1.3231,1.32318,1.92,1.20
2012.02.13 03:03:20.081,1.32312,1.3232,1.20,3.19
2012.02.13 03:03:20.733,1.32312,1.3232,1.20,3.19
2012.02.13 03:03:22.033,1.32312,1.3232,1.20,3.19
2012.02.13 03:03:22.245,1.32313,1.3232,2.67,1.50
2012.02.13 03:03:22.594,1.32317,1.32322,1.20,2.25
2012.02.13 03:03:23.471,1.32314,1.32322,1.47,2.25
2012.02.13 03:03:23.682,1.32314,1.32322,1.92,2.25
2012.02.13 03:03:23.962,1.32314,1.3232,1.20,2.25
2012.02.13 03:03:29.139,1.32311,1.32318,1.20,2.25
2012.02.13 03:03:29.215,1.32311,1.32316,1.20,1.50
2012.02.13 03:03:29.574,1.32311,1.32315,1.13,2.25
2012.02.13 03:03:29.645,1.32309,1.32315,1.95,2.25
2012.02.13 03:03:30.263,1.32304,1.32313,1.20,3.00
2012.02.13 03:03:30.392,1.32304,1.32313,1.20,3.00
2012.02.13 03:03:30.459,1.32304,1.32313,1.20,3.00
2012.02.13 03:03:30.998,1.32304,1.32312,1.20,1.50
2012.02.13 03:03:31.922,1.32305,1.32312,1.20,1.50
2012.02.13 03:03:32.756,1.32305,1.32312,1.20,1.50
2012.02.13 03:03:33.255,1.32305,1.32312,1.20,1.50
2012.02.13 03:03:34.949,1.32305,1.32312,1.20,1.50
2012.02.13 03:03:35.443,1.32307,1.32313,2.70,1.50
2012.02.13 03:03:35.514,1.32308,1.32316,1.47,2.25
2012.02.13 03:03:35.664,1.32308,1.32316,1.66,2.25
2012.02.13 03:03:35.878,1.32309,1.32316,1.95,1.95
2012.02.13 03:03:36.190,1.3231,1.32317,1.47,1.20
2012.02.13 03:03:36.321,1.3231,1.32318,4.17,3.08
2012.02.13 03:03:36.871,1.32311,1.32319,2.67,3.45
2012.02.13 03:03:37.389,1.32314,1.32322,2.67,1.95
2012.02.13 03:03:38.511,1.32314,1.32322,2.67,2.25
2012.02.13 03:03:39.439,1.32314,1.32322,1.92,2.25
2012.02.13 03:03:39.989,1.32314,1.32322,1.92,1.50
2012.02.13 03:03:41.099,1.32314,1.32322,1.92,2.25
2012.02.13 03:03:41.619,1.32314,1.32321,1.20,1.50
2012.02.13 03:03:45.218,1.32313,1.32321,1.20,1.50
2012.02.13 03:03:45.568,1.32311,1.32321,2.86,2.25
2012.02.13 03:03:46.238,1.32311,1.32321,2.67,2.25
2012.02.13 03:03:49.387,1.32311,1.32321,1.92,2.25
2012.02.13 03:03:49.907,1.32311,1.32319,1.20,1.50
2012.02.13 03:03:52.841,1.32311,1.32321,1.92,2.25
2012.02.13 03:03:53.478,1.32311,1.32319,1.20,1.50
2012.02.13 03:03:54.375,1.32311,1.32317,1.20,1.50
2012.02.13 03:03:54.592,1.32309,1.32317,2.97,1.50
2012.02.13 03:03:55.180,1.32308,1.32316,1.92,1.50
2012.02.13 03:03:55.740,1.32306,1.32312,1.20,2.25
2012.02.13 03:03:55.810,1.32304,1.32312,1.95,2.25
2012.02.13 03:03:56.462,1.32306,1.32314,1.20,3.45
2012.02.13 03:03:56.671,1.32304,1.32314,2.67,3.45
2012.02.13 03:03:57.178,1.32305,1.32314,1.20,2.25
2012.02.13 03:03:58.511,1.32304,1.32312,1.20,2.25
2012.02.13 03:04:00.473,1.32304,1.32312,1.95,1.50
2012.02.13 03:04:01.031,1.32304,1.32312,1.95,1.50
2012.02.13 03:04:03.469,1.32307,1.32311,1.20,1.50
2012.02.13 03:04:03.615,1.32306,1.32313,1.92,1.03
2012.02.13 03:04:03.762,1.32307,1.32314,1.47,1.95
2012.02.13 03:04:04.324,1.32307,1.32317,2.67,1.95
2012.02.13 03:04:04.412,1.32307,1.32315,3.45,1.50
2012.02.13 03:04:04.940,1.32307,1.32316,1.92,1.50
2012.02.13 03:04:05.469,1.32307,1.32315,1.20,1.50
2012.02.13 03:04:07.540,1.32307,1.32316,2.67,2.25
2012.02.13 03:04:08.090,1.32308,1.32316,2.22,2.25
2012.02.13 03:04:08.178,1.32311,1.32319,1.20,3.19
2012.02.13 03:04:08.524,1.32314,1.3232,1.20,2.44
2012.02.13 03:04:09.071,1.32314,1.3232,1.20,1.50
2012.02.13 03:04:11.900,1.32314,1.32319,1.20,1.50
2012.02.13 03:04:13.510,1.32314,1.3232,1.20,1.50
2012.02.13 03:04:14.029,1.32314,1.32323,1.20,2.25
2012.02.13 03:04:38.360,1.32314,1.32323,1.20,2.25
2012.02.13 03:04:38.808,1.32314,1.32318,1.20,1.50
2012.02.13 03:04:46.087,1.32312,1.32318,1.95,1.50
2012.02.13 03:04:46.731,1.32313,1.3232,1.20,1.50
2012.02.13 03:04:47.915,1.32313,1.32318,1.20,1.50
2012.02.13 03:04:51.308,1.32313,1.32321,1.95,1.50
2012.02.13 03:04:52.249,1.32313,1.32322,2.67,1.88
2012.02.13 03:04:52.798,1.32313,1.32322,2.67,2.25
2012.02.13 03:04:53.328,1.32313,1.3232,1.95,1.50
2012.02.13 03:04:53.831,1.32312,1.3232,2.67,2.25
2012.02.13 03:04:59.368,1.32312,1.32318,1.20,1.50
2012.02.13 03:05:00.480,1.32313,1.32318,1.20,1.50
2012.02.13 03:05:01.876,1.3231,1.32318,1.47,2.70
2012.02.13 03:05:02.089,1.32309,1.32317,1.50,2.25
2012.02.13 03:05:05.328,1.32309,1.32318,1.47,1.58
2012.02.13 03:05:08.042,1.3231,1.32318,1.50,1.58
2012.02.13 03:05:09.105,1.3231,1.3232,3.42,5.70
2012.02.13 03:05:10.280,1.32314,1.3232,1.20,1.50
2012.02.13 03:05:10.840,1.32314,1.32323,1.95,3.21
2012.02.13 03:05:11.468,1.32314,1.3232,1.20,1.50
2012.02.13 03:05:11.713,1.32314,1.32324,2.67,3.45
2012.02.13 03:05:14.557,1.32314,1.32324,2.67,3.45
2012.02.13 03:05:15.095,1.32314,1.32324,2.67,3.45
2012.02.13 03:05:16.351,1.32314,1.32324,3.42,3.45
2012.02.13 03:05:16.982,1.32314,1.32324,3.42,2.70
2012.02.13 03:05:20.457,1.32314,1.32324,1.92,3.45
2012.02.13 03:05:20.652,1.32314,1.32324,2.67,2.70
2012.02.13 03:05:20.724,1.32317,1.32324,1.20,1.50
2012.02.13 03:05:20.790,1.32315,1.32324,1.20,1.50
2012.02.13 03:05:21.352,1.32315,1.32324,1.95,1.50
2012.02.13 03:05:25.098,1.32315,1.32324,1.20,2.25
2012.02.13 03:05:25.647,1.32315,1.32324,1.95,1.50
2012.02.13 03:05:26.178,1.32315,1.32324,1.95,1.50
2012.02.13 03:05:26.549,1.32315,1.32324,1.95,1.50
2012.02.13 03:05:26.669,1.32315,1.32324,1.95,1.50
2012.02.13 03:05:27.210,1.32315,1.32324,1.95,1.50
2012.02.13 03:05:27.518,1.32315,1.32324,1.95,1.50
2012.02.13 03:05:27.660,1.32315,1.32324,1.95,1.50
2012.02.13 03:05:28.200,1.32315,1.32324,1.95,1.50
2012.02.13 03:05:28.802,1.32318,1.32324,1.95,1.50
2012.02.13 03:05:29.162,1.32321,1.32326,1.20,1.50
2012.02.13 03:05:29.231,1.32321,1.32329,2.67,1.20
2012.02.13 03:05:39.251,1.32321,1.32329,2.67,1.95
2012.02.13 03:05:39.903,1.32321,1.32329,3.42,1.20
2012.02.13 03:05:45.717,1.32321,1.32329,2.67,1.95
2012.02.13 03:05:46.444,1.32321,1.32329,2.67,1.20
2012.02.13 03:05:47.517,1.32321,1.32329,2.67,1.95
2012.02.13 03:05:48.045,1.32321,1.32329,2.67,1.95
2012.02.13 03:05:55.814,1.32321,1.32328,1.95,1.50
2012.02.13 03:06:02.520,1.32321,1.32328,1.95,1.50
2012.02.13 03:06:08.401,1.32321,1.32328,1.95,1.50
2012.02.13 03:06:08.950,1.32321,1.32328,2.70,1.50
2012.02.13 03:06:10.270,1.32321,1.32328,1.95,1.50
2012.02.13 03:06:10.817,1.32321,1.32328,1.95,1.50
2012.02.13 03:06:15.518,1.32321,1.32328,1.95,1.50
2012.02.13 03:06:15.672,1.32321,1.32328,1.95,1.50
2012.02.13 03:06:16.196,1.32321,1.32328,1.95,1.50
2012.02.13 03:06:16.719,1.32321,1.32328,2.70,1.50
2012.02.13 03:06:20.752,1.32321,1.32328,1.95,1.50
2012.02.13 03:06:20.950,1.32321,1.32328,2.70,1.50
2012.02.13 03:06:21.258,1.32322,1.3233,1.47,1.50
2012.02.13 03:06:26.737,1.32321,1.3233,2.67,1.50
2012.02.13 03:06:27.000,1.32322,1.32328,1.95,1.50
2012.02.13 03:06:27.524,1.32322,1.32328,1.20,1.50
2012.02.13 03:06:27.666,1.32318,1.32326,1.20,1.95
2012.02.13 03:06:27.815,1.32318,1.32324,1.20,1.50
2012.02.13 03:06:27.963,1.32316,1.32324,3.05,1.50
2012.02.13 03:06:28.510,1.32313,1.32321,2.67,1.50
2012.02.13 03:06:28.580,1.32313,1.32321,2.67,1.50
2012.02.13 03:06:29.111,1.32311,1.3232,1.47,1.20
2012.02.13 03:06:29.380,1.3231,1.32318,2.89,1.50
2012.02.13 03:06:32.388,1.3231,1.32318,1.50,2.70
2012.02.13 03:06:34.355,1.32309,1.32318,1.50,2.70
2012.02.13 03:06:40.642,1.32309,1.32315,1.50,1.20
2012.02.13 03:06:40.857,1.32308,1.32315,1.50,2.70
2012.02.13 03:06:49.239,1.32308,1.32315,2.97,1.20
2012.02.13 03:06:49.848,1.32308,1.32315,2.97,1.20
2012.02.13 03:06:50.677,1.32308,1.32315,2.97,1.20
2012.02.13 03:06:51.238,1.32308,1.32315,2.97,1.20
2012.02.13 03:06:51.369,1.32308,1.32315,2.97,1.20
2012.02.13 03:06:51.558,1.32308,1.32315,2.97,1.20
2012.02.13 03:06:51.689,1.32308,1.32315,2.97,1.20
2012.02.13 03:06:52.170,1.32308,1.32315,2.97,1.20
2012.02.13 03:06:52.671,1.32308,1.32315,2.97,1.20
2012.02.13 03:06:56.137,1.32309,1.32315,1.50,1.20
2012.02.13 03:06:56.753,1.32309,1.32315,1.50,1.20
2012.02.13 03:06:57.273,1.32308,1.32315,2.22,1.20
2012.02.13 03:06:59.330,1.32308,1.32315,1.47,1.20
2012.02.13 03:07:04.531,1.32307,1.32316,4.20,2.25
2012.02.13 03:07:04.942,1.32309,1.32318,1.50,3.45
2012.02.13 03:07:08.948,1.32309,1.32318,1.50,3.45
2012.02.13 03:07:10.732,1.32308,1.32318,3.42,3.45
2012.02.13 03:07:10.977,1.32308,1.32315,2.70,1.50
2012.02.13 03:07:12.281,1.32308,1.32315,2.70,1.50
2012.02.13 03:07:12.840,1.32311,1.32315,1.20,1.50
2012.02.13 03:07:12.972,1.32311,1.32318,1.20,2.25
2012.02.13 03:07:15.159,1.32308,1.32316,2.67,1.20
2012.02.13 03:07:15.678,1.32306,1.32315,1.47,2.25
2012.02.13 03:07:16.132,1.32305,1.32317,2.67,3.45
2012.02.13 03:07:16.203,1.32305,1.32315,2.67,2.25
2012.02.13 03:07:16.739,1.32306,1.32315,1.47,2.25
2012.02.13 03:07:17.274,1.32305,1.32315,2.67,2.25
2012.02.13 03:07:18.686,1.32305,1.32313,1.47,1.50
2012.02.13 03:07:20.380,1.32304,1.32313,1.92,2.25
2012.02.13 03:07:20.911,1.32304,1.32311,1.20,2.25
2012.02.13 03:07:21.249,1.32304,1.32309,1.20,1.50
2012.02.13 03:07:21.820,1.32304,1.32312,1.20,1.50
2012.02.13 03:07:22.622,1.32304,1.32312,1.20,2.25
2012.02.13 03:07:23.129,1.32304,1.32312,1.20,2.25
2012.02.13 03:07:23.678,1.32304,1.32312,1.20,2.25
2012.02.13 03:07:24.999,1.32304,1.32312,1.20,2.25
2012.02.13 03:07:26.338,1.32304,1.32312,1.20,1.50
2012.02.13 03:07:26.978,1.32304,1.32312,1.20,2.25
2012.02.13 03:07:27.499,1.32304,1.32312,1.20,2.25
2012.02.13 03:07:28.010,1.32304,1.32312,1.20,2.25
2012.02.13 03:07:28.540,1.32304,1.32312,1.20,2.25
2012.02.13 03:07:29.147,1.32304,1.32312,1.20,2.25
2012.02.13 03:07:29.678,1.32304,1.32312,1.20,1.50
2012.02.13 03:07:30.271,1.32302,1.32308,1.47,1.20
2012.02.13 03:07:30.672,1.323,1.32308,2.67,1.95
2012.02.13 03:07:30.993,1.323,1.32308,2.67,1.95
2012.02.13 03:07:31.413,1.32302,1.32308,1.20,5.82
2012.02.13 03:07:31.481,1.32302,1.3231,1.20,5.91
2012.02.13 03:07:31.622,1.32303,1.32311,1.20,3.45
2012.02.13 03:07:31.689,1.32306,1.32314,1.20,3.45
2012.02.13 03:07:33.427,1.32304,1.32312,1.20,2.25
2012.02.13 03:07:33.950,1.32304,1.32312,1.20,2.25
2012.02.13 03:07:35.299,1.32304,1.32314,1.92,1.13
2012.02.13 03:07:35.550,1.32304,1.32314,1.92,1.13
2012.02.13 03:07:35.861,1.32304,1.32314,1.92,1.13
2012.02.13 03:07:36.656,1.32304,1.32313,1.20,2.25
2012.02.13 03:07:36.739,1.32304,1.32313,1.20,2.25
2012.02.13 03:07:40.519,1.32304,1.32313,1.20,2.25
2012.02.13 03:07:41.129,1.32304,1.32313,1.20,2.25
2012.02.13 03:07:41.640,1.32304,1.32313,1.20,2.25
2012.02.13 03:07:43.631,1.32304,1.32313,1.20,2.25
2012.02.13 03:07:44.018,1.32304,1.32313,1.20,2.25
2012.02.13 03:07:44.528,1.32304,1.32313,1.20,2.25
2012.02.13 03:07:45.620,1.32304,1.32313,1.20,2.25
2012.02.13 03:07:46.177,1.32304,1.32313,1.20,2.25
2012.02.13 03:07:46.848,1.32304,1.32313,1.20,2.25
2012.02.13 03:07:47.058,1.32304,1.32313,1.20,2.25
2012.02.13 03:07:47.127,1.32304,1.32313,1.20,2.25
2012.02.13 03:07:47.818,1.32304,1.32313,1.20,2.25
2012.02.13 03:07:48.398,1.32304,1.32313,1.20,2.63
2012.02.13 03:07:48.950,1.32304,1.32313,1.20,2.63
2012.02.13 03:07:49.471,1.32304,1.32311,1.20,2.25
2012.02.13 03:07:50.028,1.32304,1.32311,1.20,2.25
2012.02.13 03:07:50.251,1.32304,1.32311,1.20,2.25
2012.02.13 03:08:00.408,1.32304,1.32311,1.20,2.25
2012.02.13 03:08:01.058,1.32304,1.32311,1.20,2.25
2012.02.13 03:08:03.779,1.32304,1.32312,1.92,2.25
2012.02.13 03:08:04.337,1.32304,1.32311,1.20,2.25
2012.02.13 03:08:05.032,1.32304,1.32311,1.20,2.25
2012.02.13 03:08:13.608,1.32304,1.32311,1.20,2.25
2012.02.13 03:08:14.407,1.32304,1.32311,1.20,2.25
2012.02.13 03:08:14.967,1.32304,1.32311,1.20,2.25
2012.02.13 03:08:16.110,1.32304,1.32311,1.20,2.25
2012.02.13 03:08:16.613,1.32304,1.32311,1.20,1.50
2012.02.13 03:08:31.393,1.32304,1.32314,1.92,2.25
2012.02.13 03:08:31.590,1.32304,1.32314,1.92,2.25
2012.02.13 03:08:32.387,1.32304,1.32312,1.20,1.50
2012.02.13 03:08:41.489,1.32304,1.32309,1.20,1.50
2012.02.13 03:08:42.078,1.32304,1.32311,1.20,1.50
2012.02.13 03:08:44.042,1.32304,1.32311,1.20,2.25
2012.02.13 03:08:44.581,1.32304,1.32311,1.20,2.25
2012.02.13 03:08:44.729,1.32304,1.32308,1.20,1.50
2012.02.13 03:08:44.941,1.32302,1.32308,1.20,1.50
2012.02.13 03:08:45.692,1.32302,1.32308,1.20,2.25
2012.02.13 03:08:59.027,1.32302,1.3231,1.20,2.25
2012.02.13 03:09:00.450,1.32302,1.3231,1.20,3.45
2012.02.13 03:09:10.598,1.32302,1.3231,1.20,3.45
2012.02.13 03:09:15.590,1.32301,1.3231,1.20,2.85
2012.02.13 03:09:16.841,1.32301,1.3231,1.95,2.85
2012.02.13 03:09:16.911,1.32303,1.3231,1.20,2.85
2012.02.13 03:09:17.863,1.32303,1.3231,1.92,1.35
2012.02.13 03:09:18.417,1.32303,1.3231,1.92,1.35
2012.02.13 03:09:18.970,1.32303,1.3231,1.92,1.35
2012.02.13 03:09:19.323,1.32303,1.3231,1.92,1.35
2012.02.13 03:09:19.463,1.32303,1.3231,1.92,1.35
2012.02.13 03:09:23.117,1.32303,1.32311,2.67,2.29
2012.02.13 03:09:23.403,1.32304,1.32312,1.92,1.95
2012.02.13 03:09:23.945,1.32305,1.32312,1.47,1.20
2012.02.13 03:09:24.629,1.32306,1.32312,1.20,1.02
2012.02.13 03:09:24.771,1.32307,1.32313,1.20,3.08
2012.02.13 03:09:24.981,1.32307,1.32314,1.92,1.78
2012.02.13 03:09:25.213,1.32308,1.32315,1.92,1.78
2012.02.13 03:09:25.414,1.32309,1.32316,1.92,1.50
2012.02.13 03:09:26.032,1.32309,1.32318,2.67,6.79
2012.02.13 03:09:26.177,1.32311,1.32317,1.50,2.25
2012.02.13 03:09:26.621,1.32311,1.32319,2.67,3.45
2012.02.13 03:09:27.100,1.32313,1.32319,1.95,1.50
2012.02.13 03:09:30.339,1.32314,1.3232,1.95,1.50
2012.02.13 03:09:32.276,1.32315,1.32321,1.95,1.50
2012.02.13 03:09:35.046,1.32318,1.32324,1.95,1.50
2012.02.13 03:09:35.430,1.32318,1.32326,2.67,3.45
2012.02.13 03:09:36.012,1.32318,1.32326,2.67,3.45
2012.02.13 03:09:37.787,1.32318,1.32326,3.42,3.45
2012.02.13 03:09:38.331,1.32318,1.32326,2.67,2.70
2012.02.13 03:09:39.959,1.32318,1.32326,3.42,3.45
2012.02.13 03:09:44.629,1.32318,1.32326,2.67,3.45
2012.02.13 03:09:45.155,1.32318,1.32326,2.67,2.70
2012.02.13 03:09:45.700,1.32318,1.32325,1.47,1.20
2012.02.13 03:09:46.210,1.32318,1.32325,1.47,1.20
2012.02.13 03:09:49.120,1.32318,1.32326,2.67,3.45
2012.02.13 03:09:49.322,1.32321,1.32326,1.20,1.50
2012.02.13 03:09:49.669,1.32323,1.3233,2.67,2.25
2012.02.13 03:09:53.868,1.32324,1.3233,1.20,2.25
2012.02.13 03:10:00.430,1.32324,1.3233,1.20,2.25
2012.02.13 03:10:01.187,1.32324,1.3233,1.20,2.25
2012.02.13 03:10:01.703,1.32324,1.3233,1.20,2.25
2012.02.13 03:10:02.502,1.32324,1.3233,1.20,2.25
2012.02.13 03:10:11.952,1.32323,1.3233,1.20,2.25
2012.02.13 03:10:12.684,1.32323,1.3233,1.20,2.25
2012.02.13 03:10:13.510,1.32323,1.3233,1.20,2.25
2012.02.13 03:10:14.023,1.32323,1.3233,1.20,2.25
2012.02.13 03:10:14.608,1.32323,1.3233,1.20,2.25
2012.02.13 03:10:15.119,1.32323,1.3233,1.20,1.50
2012.02.13 03:10:15.859,1.32323,1.3233,1.20,2.25
2012.02.13 03:10:16.369,1.32323,1.3233,1.20,2.25
2012.02.13 03:10:27.269,1.32323,1.32331,1.20,1.50
2012.02.13 03:10:27.340,1.32323,1.32331,1.20,1.50
2012.02.13 03:10:28.878,1.32323,1.32331,1.20,1.50
2012.02.13 03:10:41.377,1.32323,1.32331,1.92,1.50
2012.02.13 03:10:45.594,1.32323,1.32331,1.92,1.50
2012.02.13 03:10:45.761,1.32323,1.32328,1.20,1.50
2012.02.13 03:10:45.836,1.32321,1.32328,1.20,2.25
2012.02.13 03:10:45.984,1.32315,1.32328,3.23,5.23
2012.02.13 03:10:46.063,1.32317,1.32325,1.47,2.55
2012.02.13 03:10:46.142,1.32314,1.32323,5.18,1.50
2012.02.13 03:10:46.219,1.32313,1.3232,2.05,1.95
2012.02.13 03:10:46.299,1.32312,1.3232,1.47,2.70
2012.02.13 03:10:46.374,1.3231,1.32318,2.67,2.25
2012.02.13 03:10:47.044,1.3231,1.3232,1.92,6.30
2012.02.13 03:10:47.630,1.32311,1.3232,3.05,5.10
2012.02.13 03:10:48.959,1.32314,1.3232,1.20,5.10
2012.02.13 03:10:49.312,1.32315,1.32323,2.86,1.95
2012.02.13 03:10:49.864,1.32315,1.32323,1.92,1.95
2012.02.13 03:10:50.001,1.32315,1.32323,1.20,1.95
2012.02.13 03:10:50.532,1.32315,1.32323,1.20,1.95
2012.02.13 03:10:54.009,1.32313,1.32325,1.95,1.95
2012.02.13 03:10:54.329,1.32313,1.32321,2.67,1.50
2012.02.13 03:10:54.661,1.32313,1.32321,2.67,1.50
2012.02.13 03:10:54.861,1.32313,1.32321,2.67,1.50
2012.02.13 03:10:54.989,1.32313,1.32321,2.67,1.50
2012.02.13 03:10:55.332,1.32313,1.32325,2.67,3.45
2012.02.13 03:10:58.160,1.32313,1.32323,2.67,2.25
2012.02.13 03:10:59.898,1.32314,1.32321,2.60,1.20
2012.02.13 03:11:00.252,1.32314,1.3232,1.47,1.20
2012.02.13 03:11:18.130,1.32312,1.3232,2.67,1.20
2012.02.13 03:11:20.690,1.32312,1.32319,1.95,1.50
2012.02.13 03:11:20.902,1.32311,1.32319,1.92,1.95
2012.02.13 03:11:28.490,1.32311,1.32318,1.20,1.50
2012.02.13 03:11:28.699,1.3231,1.32318,1.92,2.70
2012.02.13 03:11:31.282,1.32309,1.32317,1.92,1.95
2012.02.13 03:11:31.878,1.32308,1.32316,1.92,1.20
2012.02.13 03:11:33.249,1.32307,1.32315,1.92,2.70
2012.02.13 03:11:33.382,1.32306,1.32314,1.20,4.20
2012.02.13 03:11:35.489,1.32305,1.32313,1.20,3.45
2012.02.13 03:11:35.565,1.32304,1.32312,1.92,1.95
2012.02.13 03:11:35.641,1.32301,1.32309,1.20,1.95
2012.02.13 03:11:35.782,1.32301,1.32309,1.92,1.20
2012.02.13 03:11:38.141,1.32303,1.3231,1.10,1.95
2012.02.13 03:11:51.928,1.32302,1.3231,1.92,2.70
2012.02.13 03:11:53.259,1.32302,1.3231,1.87,1.20
2012.02.13 03:11:55.289,1.32302,1.3231,1.87,2.70
2012.02.13 03:11:55.851,1.32302,1.3231,1.87,1.20
2012.02.13 03:11:59.374,1.323,1.3231,2.62,4.80
2012.02.13 03:11:59.585,1.323,1.32308,1.20,2.25
2012.02.13 03:12:00.131,1.323,1.32308,1.20,3.00
2012.02.13 03:12:00.929,1.32299,1.32307,3.37,3.00
2012.02.13 03:12:01.214,1.32299,1.32307,3.37,3.28
2012.02.13 03:12:01.555,1.32298,1.32302,1.50,1.20
2012.02.13 03:12:01.985,1.32296,1.32303,3.45,1.50
2012.02.13 03:12:02.065,1.32293,1.32299,1.50,1.50
2012.02.13 03:12:02.215,1.32293,1.32302,3.00,1.50
2012.02.13 03:12:02.289,1.32293,1.32302,3.00,2.25
2012.02.13 03:12:02.495,1.32293,1.32304,1.42,2.33
2012.02.13 03:12:03.177,1.32294,1.32304,1.42,1.20
2012.02.13 03:12:04.394,1.32296,1.32304,1.05,1.95
2012.02.13 03:12:04.920,1.32296,1.32304,1.05,1.20
2012.02.13 03:12:05.979,1.32295,1.32303,1.05,1.50
2012.02.13 03:12:06.531,1.32295,1.32303,1.80,1.50
2012.02.13 03:12:07.060,1.32295,1.32303,1.05,1.50
2012.02.13 03:12:09.961,1.32295,1.32303,1.80,1.50
2012.02.13 03:12:11.175,1.32296,1.32303,1.95,1.50
2012.02.13 03:12:11.534,1.32296,1.32304,2.62,1.95
2012.02.13 03:12:12.071,1.32297,1.32305,2.62,1.20
2012.02.13 03:12:12.625,1.32298,1.32306,2.70,1.95
2012.02.13 03:12:13.324,1.32301,1.32309,1.95,1.20
2012.02.13 03:12:13.922,1.32301,1.32309,1.95,1.20
2012.02.13 03:12:14.260,1.32303,1.32309,2.17,1.20
2012.02.13 03:12:20.390,1.32303,1.32309,2.17,1.20
2012.02.13 03:12:23.612,1.32303,1.32311,3.37,2.70
2012.02.13 03:12:24.118,1.32303,1.32311,2.62,2.70
2012.02.13 03:12:29.538,1.32303,1.32311,2.62,2.70
2012.02.13 03:12:32.668,1.32303,1.32311,2.62,2.70
2012.02.13 03:12:34.492,1.32303,1.32311,2.17,2.70
2012.02.13 03:12:40.704,1.32304,1.32314,3.75,2.70
2012.02.13 03:12:40.923,1.32308,1.32312,1.20,1.50
2012.02.13 03:12:41.218,1.32311,1.32316,1.20,1.50
2012.02.13 03:12:41.369,1.32311,1.32319,1.20,1.39
2012.02.13 03:12:41.444,1.32312,1.32319,1.42,1.20
2012.02.13 03:12:41.651,1.32313,1.32321,1.87,3.45
2012.02.13 03:12:58.589,1.32314,1.32321,2.62,1.50
2012.02.13 03:12:59.120,1.32314,1.32324,2.62,6.04
2012.02.13 03:13:00.689,1.32314,1.32324,2.62,5.29
2012.02.13 03:13:02.679,1.32314,1.32322,3.37,1.50
2012.02.13 03:13:03.413,1.32314,1.32323,2.62,1.35
2012.02.13 03:13:05.141,1.32314,1.32323,2.62,2.10
2012.02.13 03:13:05.674,1.32314,1.32323,2.62,2.10
2012.02.13 03:13:06.864,1.32314,1.32323,2.62,2.10
2012.02.13 03:13:07.465,1.32314,1.32323,2.62,1.35
2012.02.13 03:13:08.374,1.32314,1.32323,2.62,2.10
2012.02.13 03:13:08.878,1.32314,1.32323,2.62,1.35
2012.02.13 03:13:09.390,1.32314,1.32323,3.37,1.35
2012.02.13 03:13:12.870,1.32314,1.32323,2.62,1.35
2012.02.13 03:13:12.941,1.32314,1.32322,2.62,1.50
2012.02.13 03:13:13.553,1.32314,1.32323,2.62,1.35
2012.02.13 03:13:15.490,1.32314,1.32322,2.62,1.50
2012.02.13 03:13:17.363,1.32314,1.32323,2.62,2.10
2012.02.13 03:13:22.803,1.32314,1.32323,1.87,2.10
2012.02.13 03:13:23.316,1.32314,1.32323,2.62,2.10
2012.02.13 03:13:23.916,1.32314,1.32323,2.62,2.10
2012.02.13 03:13:25.572,1.32314,1.32322,1.87,1.95
2012.02.13 03:13:26.120,1.32314,1.32322,2.62,1.95
2012.02.13 03:13:26.659,1.32315,1.32323,1.20,4.20
2012.02.13 03:13:27.132,1.32312,1.32319,1.42,1.20
2012.02.13 03:13:27.661,1.32311,1.32319,2.17,1.20
2012.02.13 03:13:33.861,1.32313,1.3232,1.95,1.50
2012.02.13 03:13:34.419,1.32313,1.32323,2.62,5.40
2012.02.13 03:13:35.124,1.32313,1.32323,2.62,4.65
2012.02.13 03:13:35.673,1.32313,1.32323,1.87,4.65
2012.02.13 03:13:36.458,1.32315,1.32323,1.20,3.45
2012.02.13 03:13:38.650,1.32314,1.32322,1.20,1.28
2012.02.13 03:13:39.379,1.32314,1.32322,1.20,1.20
2012.02.13 03:13:59.579,1.32314,1.32322,1.95,1.20
2012.02.13 03:14:00.198,1.32314,1.32322,1.95,1.20
2012.02.13 03:14:00.328,1.32314,1.32322,1.95,1.20
2012.02.13 03:14:00.838,1.32314,1.32322,1.95,1.20
2012.02.13 03:14:01.349,1.32314,1.32322,1.20,1.20
2012.02.13 03:14:02.311,1.32314,1.32322,1.95,1.20
2012.02.13 03:14:02.971,1.32314,1.32322,1.95,1.20
2012.02.13 03:14:03.039,1.32314,1.32322,1.95,1.20
2012.02.13 03:14:03.240,1.32314,1.32323,2.70,1.50
2012.02.13 03:14:03.881,1.32317,1.32324,1.50,2.70
2012.02.13 03:14:07.021,1.32316,1.32324,2.36,2.70
2012.02.13 03:14:07.340,1.32316,1.32324,1.61,2.70
2012.02.13 03:14:10.054,1.32316,1.32324,1.42,2.70
2012.02.13 03:14:10.121,1.32315,1.32322,1.50,1.50
2012.02.13 03:14:10.631,1.32314,1.32322,3.75,1.50
2012.02.13 03:14:12.800,1.32314,1.32322,3.37,2.70
2012.02.13 03:14:12.989,1.32314,1.32322,3.37,2.70
2012.02.13 03:14:13.928,1.32314,1.32322,3.37,2.70
2012.02.13 03:14:18.428,1.32314,1.32322,2.62,1.50
2012.02.13 03:14:27.920,1.32314,1.32322,2.62,1.50
2012.02.13 03:14:29.369,1.32314,1.32322,2.62,1.50
2012.02.13 03:14:30.721,1.32314,1.32322,2.62,1.50
2012.02.13 03:14:31.769,1.32314,1.32322,2.62,1.50
2012.02.13 03:14:34.574,1.32314,1.32322,2.62,1.50
2012.02.13 03:14:34.760,1.32314,1.32322,2.62,1.50
2012.02.13 03:14:35.069,1.32314,1.32322,2.62,1.50
2012.02.13 03:14:35.199,1.32314,1.32322,2.62,1.50
2012.02.13 03:14:35.270,1.32314,1.32322,2.62,1.50
2012.02.13 03:14:36.249,1.32315,1.32324,1.42,1.20
2012.02.13 03:14:40.197,1.32314,1.32324,2.62,1.20
2012.02.13 03:14:40.868,1.32315,1.32324,1.42,1.20
2012.02.13 03:14:41.501,1.32314,1.32324,2.62,1.20
2012.02.13 03:14:42.040,1.32315,1.32324,1.42,1.95
2012.02.13 03:14:51.069,1.32315,1.32322,1.42,1.20
2012.02.13 03:14:51.631,1.32314,1.32322,2.62,1.95
2012.02.13 03:14:58.046,1.32313,1.32321,2.62,1.20
2012.02.13 03:15:00.064,1.32314,1.32321,1.42,1.20
2012.02.13 03:15:03.701,1.32314,1.32322,1.42,1.50
2012.02.13 03:15:19.392,1.32314,1.32322,1.42,1.50
2012.02.13 03:15:40.311,1.32314,1.32322,1.42,1.50
2012.02.13 03:15:50.052,1.32314,1.32322,1.42,1.50
2012.02.13 03:15:54.949,1.32314,1.32322,1.42,1.50
2012.02.13 03:15:55.512,1.32316,1.32323,1.42,1.20
2012.02.13 03:15:56.049,1.32316,1.32324,1.42,2.25
2012.02.13 03:15:56.558,1.32316,1.32324,1.42,1.50
2012.02.13 03:15:57.783,1.32317,1.32325,1.42,1.20
2012.02.13 03:15:58.333,1.32318,1.32326,1.20,3.08
2012.02.13 03:15:59.478,1.32318,1.32326,1.20,2.70
2012.02.13 03:15:59.980,1.32318,1.32325,1.20,1.13
2012.02.13 03:16:00.335,1.32318,1.32326,1.20,1.20
2012.02.13 03:16:00.475,1.3232,1.32327,1.87,1.50
2012.02.13 03:16:00.689,1.32321,1.32329,1.87,1.50
2012.02.13 03:16:00.917,1.32323,1.32331,2.62,1.50
2012.02.13 03:16:01.089,1.32325,1.32333,2.62,1.20
2012.02.13 03:16:01.758,1.32325,1.32333,1.87,1.95
2012.02.13 03:16:02.194,1.32327,1.32337,1.87,1.20
2012.02.13 03:16:02.672,1.32327,1.32337,1.87,3.45
2012.02.13 03:16:02.744,1.32327,1.32337,1.20,3.45
2012.02.13 03:16:03.211,1.32327,1.32335,1.87,1.95
2012.02.13 03:16:03.694,1.32327,1.32335,1.20,1.95
2012.02.13 03:16:03.831,1.32327,1.32335,1.87,1.95
2012.02.13 03:16:03.973,1.32327,1.32335,1.20,1.95
2012.02.13 03:16:04.043,1.32327,1.32335,1.87,1.95
2012.02.13 03:16:05.203,1.32327,1.32335,1.87,1.95
2012.02.13 03:16:05.733,1.32327,1.32337,1.87,1.95
2012.02.13 03:16:07.833,1.32327,1.32335,1.87,1.95
2012.02.13 03:16:08.393,1.32327,1.32334,1.87,1.13
2012.02.13 03:16:09.045,1.32327,1.32334,1.87,1.13
2012.02.13 03:16:10.942,1.32327,1.32334,1.87,1.13
2012.02.13 03:16:16.900,1.32327,1.32335,1.87,3.83
2012.02.13 03:16:19.079,1.32327,1.32335,1.87,3.45
2012.02.13 03:16:19.589,1.32327,1.32334,1.87,1.13
2012.02.13 03:16:24.632,1.32327,1.32335,1.87,1.20
2012.02.13 03:16:27.244,1.32331,1.32336,1.50,1.20
2012.02.13 03:16:27.781,1.32332,1.3234,1.42,1.50
2012.02.13 03:16:28.326,1.32332,1.3234,2.55,1.50
2012.02.13 03:16:28.413,1.32335,1.3234,1.13,1.50
2012.02.13 03:16:28.702,1.32336,1.32344,1.98,1.50
2012.02.13 03:16:28.832,1.32338,1.32344,3.60,1.50
2012.02.13 03:16:29.165,1.32338,1.32345,2.55,2.40
2012.02.13 03:16:29.671,1.3234,1.32345,1.50,1.20
2012.02.13 03:16:30.220,1.3234,1.32346,1.50,1.95
2012.02.13 03:16:32.692,1.32342,1.32346,1.50,1.50
2012.02.13 03:16:32.842,1.32343,1.32348,1.42,1.20
2012.02.13 03:16:33.271,1.32342,1.32348,1.13,1.20
2012.02.13 03:16:33.965,1.32342,1.32348,2.55,1.20
2012.02.13 03:16:34.403,1.32342,1.3235,2.17,1.20
2012.02.13 03:16:34.968,1.32342,1.3235,1.42,1.20
2012.02.13 03:16:36.181,1.32342,1.3235,1.42,1.20
2012.02.13 03:16:36.890,1.32342,1.3235,2.55,1.95
2012.02.13 03:16:37.409,1.32342,1.3235,3.30,1.20
2012.02.13 03:16:37.873,1.32345,1.32352,1.20,2.25
2012.02.13 03:16:38.222,1.32347,1.32355,2.17,3.45
2012.02.13 03:16:38.733,1.32347,1.32355,2.17,3.75
2012.02.13 03:16:41.233,1.32347,1.32355,2.17,2.40
2012.02.13 03:16:41.761,1.32347,1.32355,1.42,3.15
2012.02.13 03:16:42.412,1.32347,1.32355,2.17,2.40
2012.02.13 03:16:43.208,1.32347,1.32355,2.17,2.66
2012.02.13 03:16:44.009,1.32347,1.32355,2.17,2.96
2012.02.13 03:16:46.008,1.32347,1.32355,1.42,2.78
2012.02.13 03:16:46.530,1.32347,1.32355,2.17,2.40
2012.02.13 03:16:47.663,1.32349,1.32355,1.20,2.40
2012.02.13 03:16:48.213,1.32349,1.32357,2.62,2.70
2012.02.13 03:16:48.777,1.32349,1.32356,1.95,1.50
2012.02.13 03:16:51.062,1.32349,1.32356,1.95,1.50
2012.02.13 03:16:51.601,1.32349,1.32356,1.95,1.50
2012.02.13 03:16:52.141,1.32349,1.32356,1.95,1.50
2012.02.13 03:16:52.790,1.32349,1.32356,1.95,1.50
2012.02.13 03:16:53.621,1.32349,1.32357,1.42,1.20
2012.02.13 03:16:54.145,1.32349,1.32357,1.42,1.20
2012.02.13 03:16:54.949,1.32349,1.32357,1.42,1.20
2012.02.13 03:16:55.501,1.32349,1.32357,2.17,1.20
2012.02.13 03:16:56.504,1.32349,1.32356,1.50,1.50
2012.02.13 03:16:57.069,1.3235,1.32357,1.42,1.20
2012.02.13 03:16:57.821,1.3235,1.32357,1.42,1.20
2012.02.13 03:16:58.340,1.3235,1.32357,2.17,1.20
2012.02.13 03:16:58.904,1.3235,1.32357,1.42,1.20
2012.02.13 03:16:59.424,1.3235,1.32357,1.42,1.20
2012.02.13 03:17:01.800,1.3235,1.32357,1.42,1.20
2012.02.13 03:17:02.371,1.3235,1.32357,1.42,1.20
2012.02.13 03:17:04.550,1.3235,1.32358,1.42,2.70
2012.02.13 03:17:05.112,1.32351,1.32358,1.50,2.70
2012.02.13 03:17:08.526,1.3235,1.32358,1.42,1.20
2012.02.13 03:17:09.309,1.3235,1.32358,2.17,2.70
2012.02.13 03:17:09.640,1.3235,1.32358,2.17,2.70
2012.02.13 03:17:10.475,1.32351,1.32358,1.50,2.70
2012.02.13 03:17:10.559,1.32351,1.32358,3.45,1.50
2012.02.13 03:17:11.092,1.32351,1.32359,2.62,3.00
2012.02.13 03:17:11.664,1.32352,1.3236,3.37,2.25
2012.02.13 03:17:12.204,1.32355,1.32363,2.17,3.00
2012.02.13 03:17:13.054,1.32355,1.32362,2.17,1.95
2012.02.13 03:17:13.560,1.32355,1.32362,1.42,1.95
2012.02.13 03:17:14.080,1.32355,1.32363,2.62,4.20
2012.02.13 03:17:14.213,1.32355,1.32363,2.62,4.20
2012.02.13 03:17:14.872,1.32355,1.32363,2.62,4.20
2012.02.13 03:17:15.085,1.32355,1.32363,2.62,3.45
2012.02.13 03:17:15.163,1.32358,1.32363,1.20,2.25
2012.02.13 03:17:15.425,1.32358,1.32366,1.20,3.45
2012.02.13 03:17:15.507,1.32356,1.32365,1.42,1.20
2012.02.13 03:17:16.022,1.32356,1.32365,1.42,2.33
2012.02.13 03:17:18.771,1.32355,1.32365,1.87,1.95
2012.02.13 03:17:29.513,1.32355,1.32364,1.20,2.25
2012.02.13 03:17:36.226,1.32354,1.32361,1.95,1.50
2012.02.13 03:17:40.929,1.32354,1.32361,1.20,2.25
2012.02.13 03:17:41.802,1.32354,1.32361,1.20,2.25
2012.02.13 03:17:42.349,1.32353,1.32361,1.87,3.45
2012.02.13 03:17:42.419,1.32353,1.32361,1.87,3.45
2012.02.13 03:17:45.213,1.32353,1.32361,1.87,3.45
2012.02.13 03:17:45.422,1.32351,1.32359,3.37,2.25
2012.02.13 03:17:47.023,1.32351,1.32357,1.42,1.20
2012.02.13 03:17:47.514,1.32347,1.32356,3.41,1.50
2012.02.13 03:17:47.900,1.32347,1.32357,3.41,1.95
2012.02.13 03:17:49.096,1.32347,1.32357,3.41,3.45
2012.02.13 03:17:52.999,1.32347,1.32357,3.22,2.70
2012.02.13 03:17:53.437,1.32347,1.32357,3.22,2.70
2012.02.13 03:17:53.510,1.32347,1.32357,3.22,2.70
2012.02.13 03:17:54.733,1.32347,1.32357,3.22,3.73
2012.02.13 03:17:55.347,1.32347,1.32356,3.22,1.50
2012.02.13 03:17:57.077,1.32347,1.32356,1.87,2.07
2012.02.13 03:17:57.494,1.32344,1.32352,1.42,1.50
2012.02.13 03:18:06.713,1.32344,1.32352,2.17,1.50
2012.02.13 03:18:29.069,1.32344,1.32352,1.42,1.50
2012.02.13 03:18:31.224,1.32344,1.32352,1.42,1.50
2012.02.13 03:18:31.913,1.32344,1.32352,1.42,1.50
2012.02.13 03:18:36.389,1.32344,1.32352,1.42,1.50
2012.02.13 03:18:36.834,1.32344,1.32352,1.42,1.50
2012.02.13 03:18:37.380,1.32344,1.32352,1.42,1.50
2012.02.13 03:18:40.014,1.32344,1.32351,2.17,1.20
2012.02.13 03:18:40.539,1.32344,1.32351,1.42,1.20
2012.02.13 03:18:43.583,1.32343,1.32351,1.95,2.70
2012.02.13 03:18:43.793,1.32343,1.32351,1.95,1.20
2012.02.13 03:18:46.375,1.32341,1.3235,3.60,1.20
2012.02.13 03:18:46.446,1.32339,1.32347,1.42,1.20
2012.02.13 03:18:46.523,1.3234,1.32347,1.42,1.20
2012.02.13 03:18:46.671,1.32339,1.32345,1.42,1.58
2012.02.13 03:18:47.101,1.32335,1.32345,3.37,2.33
2012.02.13 03:18:47.181,1.32335,1.32343,2.70,1.50
2012.02.13 03:18:47.540,1.32333,1.32342,1.42,1.20
2012.02.13 03:18:47.613,1.3233,1.3234,2.62,1.50
2012.02.13 03:18:47.960,1.32329,1.32339,2.17,1.50
2012.02.13 03:18:48.374,1.32329,1.32337,1.80,1.20
2012.02.13 03:18:51.390,1.32328,1.32337,1.80,1.58
2012.02.13 03:18:51.538,1.32329,1.32337,1.05,3.73
2012.02.13 03:18:51.895,1.32325,1.32335,2.62,3.08
2012.02.13 03:18:52.442,1.32327,1.32335,1.42,2.33
2012.02.13 03:18:52.993,1.32326,1.32337,3.37,3.00
2012.02.13 03:18:55.744,1.32326,1.32334,3.37,1.50
2012.02.13 03:18:56.261,1.32326,1.32336,2.62,1.50
2012.02.13 03:18:56.841,1.32326,1.32336,2.62,3.00
2012.02.13 03:18:57.928,1.32326,1.32334,1.20,1.50
2012.02.13 03:18:59.022,1.32326,1.32335,2.62,1.13
2012.02.13 03:19:00.762,1.32326,1.32336,2.62,2.25
2012.02.13 03:19:01.801,1.32324,1.32334,2.62,1.50
2012.02.13 03:19:02.862,1.32326,1.32335,2.62,2.25
2012.02.13 03:19:03.204,1.32326,1.32337,2.62,2.25
2012.02.13 03:19:03.762,1.32329,1.32337,1.42,2.25
2012.02.13 03:19:04.855,1.32327,1.32335,1.42,1.50
2012.02.13 03:19:05.472,1.32329,1.32337,1.42,2.25
2012.02.13 03:19:08.295,1.32328,1.32337,1.42,2.25
2012.02.13 03:19:11.553,1.32328,1.32335,1.42,1.20
2012.02.13 03:19:12.071,1.32325,1.32335,1.61,2.33
2012.02.13 03:19:12.141,1.32325,1.32335,1.42,4.03
2012.02.13 03:19:12.483,1.32325,1.32331,1.95,1.50
2012.02.13 03:19:12.621,1.32325,1.32333,1.20,2.89
2012.02.13 03:19:14.505,1.32326,1.32335,1.87,2.63
2012.02.13 03:19:14.857,1.32326,1.32336,1.87,3.08
2012.02.13 03:19:15.147,1.3233,1.32337,1.50,2.70
2012.02.13 03:19:15.373,1.3233,1.3234,3.47,1.95
2012.02.13 03:19:15.794,1.32335,1.32341,1.95,1.50
2012.02.13 03:19:16.142,1.32335,1.32347,1.95,3.08
2012.02.13 03:19:16.212,1.32335,1.32343,2.62,1.50
2012.02.13 03:19:16.344,1.32335,1.32345,3.37,1.50
2012.02.13 03:19:18.773,1.32335,1.32345,3.37,1.50
2012.02.13 03:19:22.036,1.32336,1.32345,1.50,1.50
2012.02.13 03:19:22.113,1.32337,1.32345,1.50,1.50
2012.02.13 03:19:23.001,1.32337,1.32347,2.17,2.25
2012.02.13 03:19:29.342,1.32337,1.32347,1.42,2.25
2012.02.13 03:19:30.121,1.32337,1.32347,2.17,2.25
2012.02.13 03:19:31.891,1.32337,1.32347,1.42,2.25
2012.02.13 03:19:32.860,1.32337,1.32347,1.42,2.25
2012.02.13 03:19:33.119,1.32337,1.32347,1.42,2.25
2012.02.13 03:19:33.881,1.32337,1.32347,1.42,1.50
2012.02.13 03:19:34.479,1.32337,1.32347,1.42,2.25
2012.02.13 03:19:34.549,1.32337,1.32347,1.42,2.25
2012.02.13 03:19:34.719,1.32337,1.32347,1.42,2.25
2012.02.13 03:19:34.789,1.32337,1.32347,1.42,2.25
2012.02.13 03:19:34.859,1.32337,1.32347,1.42,2.25
2012.02.13 03:19:35.049,1.32337,1.32347,1.42,2.25
2012.02.13 03:19:35.558,1.32337,1.32347,1.42,2.25
2012.02.13 03:19:35.718,1.32337,1.32347,1.42,2.25
2012.02.13 03:19:36.253,1.32337,1.32347,1.42,1.50
2012.02.13 03:19:36.961,1.32336,1.32347,2.62,2.63
2012.02.13 03:19:37.494,1.32336,1.32344,1.87,1.50
2012.02.13 03:19:38.743,1.32336,1.32342,1.20,1.50
2012.02.13 03:19:40.323,1.32335,1.32342,1.95,1.50
2012.02.13 03:19:40.717,1.32332,1.32339,1.80,1.20
2012.02.13 03:19:41.241,1.32332,1.32339,1.42,1.20
2012.02.13 03:19:41.580,1.32332,1.32339,1.42,1.20
2012.02.13 03:19:42.132,1.32332,1.32339,1.42,1.20
2012.02.13 03:19:43.869,1.32332,1.32339,1.42,1.20
2012.02.13 03:19:45.419,1.32332,1.32339,1.42,1.20
2012.02.13 03:19:45.939,1.32332,1.32339,1.42,1.20
2012.02.13 03:19:53.158,1.32332,1.32339,1.42,1.20
2012.02.13 03:19:54.999,1.32332,1.32339,1.42,1.20
2012.02.13 03:19:55.689,1.32332,1.32339,1.42,1.20
2012.02.13 03:19:56.603,1.32331,1.32339,2.62,1.20
2012.02.13 03:20:03.059,1.32332,1.32339,1.42,1.20
2012.02.13 03:20:03.571,1.32332,1.32339,1.42,1.20
2012.02.13 03:20:05.480,1.32332,1.32339,1.42,1.20
2012.02.13 03:20:10.097,1.32333,1.32342,1.42,4.20
2012.02.13 03:20:10.630,1.32332,1.32342,1.42,3.45
2012.02.13 03:20:13.129,1.32333,1.32339,1.42,1.20
2012.02.13 03:20:13.333,1.32334,1.32342,1.87,2.89
2012.02.13 03:20:13.547,1.32336,1.32342,1.20,2.44
2012.02.13 03:20:13.978,1.32336,1.32344,1.95,1.20
2012.02.13 03:20:17.025,1.32336,1.32344,2.62,1.69
2012.02.13 03:20:19.053,1.32336,1.32344,2.62,1.50
2012.02.13 03:20:20.483,1.32336,1.32344,1.42,2.44
2012.02.13 03:20:20.984,1.32336,1.32344,1.42,1.69
2012.02.13 03:20:22.819,1.32336,1.32343,1.42,1.39
2012.02.13 03:20:23.032,1.32333,1.32339,1.42,1.20
2012.02.13 03:20:23.620,1.32334,1.32339,1.42,1.20
2012.02.13 03:20:23.763,1.32333,1.32339,1.42,1.20
2012.02.13 03:20:24.441,1.32331,1.32339,1.42,2.70
2012.02.13 03:20:27.216,1.32331,1.32337,1.42,1.20
2012.02.13 03:20:27.564,1.32331,1.32337,1.42,1.20
2012.02.13 03:20:28.332,1.32331,1.32337,1.42,1.20
2012.02.13 03:20:28.921,1.3233,1.32337,1.42,1.20
2012.02.13 03:20:33.580,1.32331,1.32337,1.42,1.20
2012.02.13 03:20:34.142,1.3233,1.32337,1.42,1.20
2012.02.13 03:20:34.775,1.32331,1.32336,1.42,1.20
2012.02.13 03:20:35.508,1.32332,1.32339,1.95,1.50
2012.02.13 03:20:35.587,1.32332,1.32341,2.62,1.88
2012.02.13 03:20:35.668,1.32335,1.32341,1.95,1.88
2012.02.13 03:20:35.884,1.32337,1.32345,1.20,1.58
2012.02.13 03:20:36.401,1.32337,1.32346,2.62,1.02
2012.02.13 03:20:36.717,1.32337,1.32347,2.62,2.03
2012.02.13 03:20:38.505,1.32337,1.32347,1.87,3.45
2012.02.13 03:20:39.184,1.32337,1.32347,1.87,3.45
2012.02.13 03:20:39.573,1.32337,1.32343,1.20,1.50
2012.02.13 03:20:40.112,1.32338,1.32347,1.42,1.95
2012.02.13 03:20:41.872,1.32337,1.32347,2.06,1.95
2012.02.13 03:20:44.111,1.32337,1.32347,3.13,1.20
2012.02.13 03:20:47.052,1.32337,1.32348,1.61,1.95
2012.02.13 03:20:50.588,1.32337,1.32348,1.61,1.95
2012.02.13 03:20:51.118,1.32339,1.32348,1.42,1.95
2012.02.13 03:20:51.626,1.32338,1.32348,1.42,1.95
2012.02.13 03:20:52.129,1.32337,1.32348,1.42,1.95
2012.02.13 03:20:52.450,1.32337,1.32348,1.42,1.95
2012.02.13 03:20:52.783,1.32338,1.32348,1.42,1.95
2012.02.13 03:20:53.761,1.32337,1.32348,1.61,1.95
2012.02.13 03:20:58.382,1.3234,1.32348,1.61,1.95
2012.02.13 03:20:58.734,1.32338,1.32348,2.62,1.95
2012.02.13 03:20:59.440,1.32339,1.32348,1.42,1.95
2012.02.13 03:21:00.282,1.32338,1.32348,2.62,1.95
2012.02.13 03:21:01.329,1.32338,1.32348,2.62,1.20
2012.02.13 03:21:01.830,1.32338,1.32348,2.62,1.95
2012.02.13 03:21:02.382,1.32336,1.32348,2.81,3.45
2012.02.13 03:21:03.543,1.32336,1.32348,2.62,3.45
2012.02.13 03:21:03.612,1.32336,1.32345,1.95,1.50
2012.02.13 03:21:04.715,1.32337,1.32347,1.42,2.25
2012.02.13 03:21:05.021,1.32337,1.32347,1.42,2.25
2012.02.13 03:21:10.022,1.32337,1.32347,1.42,2.25
2012.02.13 03:21:10.402,1.32337,1.32347,1.42,2.25
2012.02.13 03:21:10.541,1.32337,1.32347,1.42,2.25
2012.02.13 03:21:10.711,1.32337,1.32347,1.42,2.25
2012.02.13 03:21:10.786,1.32337,1.32347,1.42,2.25
2012.02.13 03:21:10.969,1.32337,1.32347,1.42,2.25
2012.02.13 03:21:11.380,1.32337,1.32347,1.42,2.25
2012.02.13 03:21:12.094,1.32338,1.32347,1.42,2.25
2012.02.13 03:21:12.642,1.32337,1.32347,1.42,2.25
2012.02.13 03:21:17.132,1.32339,1.32347,1.42,1.50
2012.02.13 03:21:17.699,1.3234,1.32348,1.61,1.20
2012.02.13 03:21:18.232,1.3234,1.32348,1.61,1.20
2012.02.13 03:21:18.762,1.3234,1.32349,1.61,1.20
2012.02.13 03:21:19.302,1.32339,1.32349,1.42,2.70
2012.02.13 03:21:20.073,1.32339,1.32349,1.42,2.70
2012.02.13 03:21:20.601,1.3234,1.32349,1.61,1.95
2012.02.13 03:21:20.672,1.3234,1.32348,1.42,2.25
2012.02.13 03:21:20.745,1.32338,1.32348,1.42,2.25
2012.02.13 03:21:21.282,1.32338,1.32346,1.42,1.50
2012.02.13 03:21:21.846,1.32338,1.32349,1.42,2.14
2012.02.13 03:21:22.402,1.32339,1.32348,1.42,2.25
2012.02.13 03:21:29.353,1.32339,1.32348,1.42,2.25
2012.02.13 03:21:29.882,1.32338,1.32348,1.42,2.25
2012.02.13 03:21:31.463,1.32338,1.32346,1.42,1.50
2012.02.13 03:21:32.503,1.32338,1.32346,1.42,1.50
2012.02.13 03:21:33.024,1.32338,1.32346,1.42,1.50
2012.02.13 03:21:33.656,1.32338,1.32346,1.42,1.50
2012.02.13 03:21:33.997,1.32341,1.32348,1.42,1.20
2012.02.13 03:21:36.343,1.32342,1.32352,2.62,2.70
2012.02.13 03:21:36.624,1.32346,1.32353,1.20,2.25
2012.02.13 03:21:37.911,1.32346,1.32354,2.62,1.95
2012.02.13 03:21:39.283,1.32344,1.32352,2.62,1.20
2012.02.13 03:21:39.622,1.32341,1.32348,1.50,1.50
2012.02.13 03:21:40.633,1.3234,1.32348,1.61,1.20
2012.02.13 03:21:41.192,1.32339,1.32347,1.42,1.50
2012.02.13 03:21:41.700,1.32341,1.32348,1.42,1.20
2012.02.13 03:21:45.981,1.32341,1.32349,1.42,3.45
2012.02.13 03:21:46.292,1.32344,1.32349,3.79,1.20
2012.02.13 03:21:46.440,1.32343,1.32352,1.42,3.45
2012.02.13 03:21:46.598,1.32344,1.32352,1.42,1.58
2012.02.13 03:21:46.741,1.32344,1.32354,1.42,3.08
2012.02.13 03:21:46.813,1.32346,1.32356,2.62,1.50
2012.02.13 03:21:47.350,1.32346,1.32354,1.95,1.50
2012.02.13 03:21:51.289,1.32346,1.32354,1.20,2.25
2012.02.13 03:21:51.801,1.32346,1.32354,1.95,1.50
2012.02.13 03:21:56.467,1.32347,1.32354,2.10,1.50
2012.02.13 03:21:56.826,1.32349,1.32354,1.20,1.52
2012.02.13 03:21:56.894,1.32349,1.32356,1.20,2.25
2012.02.13 03:21:57.361,1.32349,1.32358,1.95,2.25
2012.02.13 03:21:57.503,1.32351,1.32358,1.95,1.50
2012.02.13 03:21:58.721,1.32351,1.3236,1.20,2.25
2012.02.13 03:22:00.081,1.32353,1.3236,1.20,1.50
2012.02.13 03:22:03.317,1.32356,1.32361,1.20,1.50
2012.02.13 03:22:03.672,1.32353,1.32358,1.20,1.50
2012.02.13 03:22:03.811,1.32353,1.32361,1.95,1.50
2012.02.13 03:22:04.359,1.32353,1.32361,1.95,1.50
2012.02.13 03:22:04.508,1.32353,1.32359,1.95,1.50
2012.02.13 03:22:05.600,1.32352,1.3236,2.62,1.50
2012.02.13 03:22:07.847,1.32355,1.3236,1.20,1.50
2012.02.13 03:22:08.062,1.32355,1.32363,1.20,1.88
2012.02.13 03:22:08.969,1.32354,1.32362,1.95,1.20
2012.02.13 03:22:09.186,1.32352,1.32362,1.42,2.46
2012.02.13 03:22:09.556,1.32348,1.3236,1.87,2.33
2012.02.13 03:22:09.836,1.32348,1.32358,1.87,1.03
2012.02.13 03:22:09.956,1.3235,1.32355,2.44,1.50
2012.02.13 03:22:10.106,1.32348,1.32356,3.37,1.50
2012.02.13 03:22:10.246,1.32347,1.32355,3.37,1.50
2012.02.13 03:22:10.328,1.32349,1.32355,1.20,1.69
2012.02.13 03:22:10.698,1.32351,1.32357,1.95,2.46
2012.02.13 03:22:10.919,1.32353,1.32359,1.20,1.50
2012.02.13 03:22:11.063,1.32353,1.32361,1.20,3.08
2012.02.13 03:22:11.590,1.32354,1.32363,1.20,3.96
2012.02.13 03:22:11.724,1.32354,1.32363,1.20,2.25
2012.02.13 03:22:13.902,1.32353,1.32363,1.87,3.45
2012.02.13 03:22:14.447,1.32353,1.32363,2.62,3.45
2012.02.13 03:22:15.911,1.32353,1.32363,2.62,3.64
2012.02.13 03:22:16.443,1.32353,1.32363,2.62,3.64
2012.02.13 03:22:16.634,1.32354,1.32363,1.50,2.89
2012.02.13 03:22:17.180,1.32355,1.32363,1.42,1.20
2012.02.13 03:22:22.910,1.32354,1.32363,2.17,1.95
2012.02.13 03:22:23.464,1.32355,1.32363,1.42,1.20
2012.02.13 03:22:35.209,1.32356,1.32361,1.42,1.20
2012.02.13 03:22:36.283,1.32354,1.32362,2.62,1.20
2012.02.13 03:22:40.691,1.32354,1.32362,1.87,2.70
2012.02.13 03:22:40.759,1.32354,1.32362,2.62,2.70
2012.02.13 03:22:45.033,1.32353,1.32363,2.81,3.45
2012.02.13 03:22:45.111,1.32353,1.32361,1.95,2.25
2012.02.13 03:22:45.668,1.32353,1.32363,2.62,4.95
2012.02.13 03:22:46.232,1.32353,1.32362,1.87,1.50
2012.02.13 03:22:46.372,1.32353,1.32363,3.37,3.45
2012.02.13 03:22:46.999,1.32355,1.32363,2.17,1.20
2012.02.13 03:22:55.481,1.32356,1.32363,1.13,1.20
2012.02.13 03:22:56.011,1.32356,1.32365,1.87,2.25
2012.02.13 03:22:56.105,1.32358,1.32365,1.20,1.50
2012.02.13 03:22:56.601,1.32359,1.32366,1.95,2.25
2012.02.13 03:22:56.817,1.3236,1.32366,1.20,2.25
2012.02.13 03:22:57.370,1.3236,1.32368,1.87,3.15
2012.02.13 03:22:57.700,1.32362,1.32368,1.20,2.25
2012.02.13 03:22:58.523,1.32363,1.32369,1.20,2.25
2012.02.13 03:23:00.333,1.32364,1.3237,1.20,3.75
2012.02.13 03:23:02.660,1.32365,1.32373,1.87,3.00
2012.02.13 03:23:03.182,1.32365,1.32372,1.87,1.50
2012.02.13 03:23:03.773,1.32364,1.32372,1.87,1.50
2012.02.13 03:23:05.851,1.32364,1.32372,1.87,1.50
2012.02.13 03:23:07.503,1.32364,1.32373,1.87,1.50
2012.02.13 03:23:08.043,1.32364,1.32372,1.87,1.50
2012.02.13 03:23:09.576,1.32364,1.32371,1.20,1.50
2012.02.13 03:23:11.182,1.32364,1.32371,1.95,1.50
2012.02.13 03:23:11.475,1.32366,1.32371,1.20,2.25
2012.02.13 03:23:11.544,1.32367,1.32372,1.20,2.25
2012.02.13 03:23:11.613,1.32366,1.32375,1.95,2.25
2012.02.13 03:23:11.924,1.32366,1.32376,1.87,2.44
2012.02.13 03:23:12.413,1.32366,1.32374,2.62,1.50
2012.02.13 03:23:12.752,1.32367,1.32376,1.42,2.25
2012.02.13 03:23:13.311,1.32367,1.32376,1.42,2.25
2012.02.13 03:23:13.987,1.32368,1.32376,1.42,2.25
2012.02.13 03:23:19.673,1.32366,1.32376,1.87,4.20
2012.02.13 03:23:21.092,1.32366,1.32375,1.95,2.25
2012.02.13 03:23:23.831,1.32366,1.32376,2.62,1.95
2012.02.13 03:23:27.682,1.32366,1.32376,2.62,1.95
2012.02.13 03:23:33.695,1.32367,1.32376,1.61,1.95
2012.02.13 03:23:37.949,1.32366,1.32376,2.81,1.20
2012.02.13 03:23:39.053,1.32368,1.32376,1.20,1.20
2012.02.13 03:23:39.743,1.32369,1.32378,1.42,1.20
2012.02.13 03:23:45.040,1.32369,1.32378,1.42,1.20
2012.02.13 03:23:45.186,1.32369,1.32378,1.42,1.20
2012.02.13 03:23:45.265,1.32369,1.32378,1.42,1.20
2012.02.13 03:23:45.818,1.32371,1.32379,1.50,2.70
2012.02.13 03:23:46.495,1.32371,1.32379,1.42,1.20
2012.02.13 03:23:46.916,1.32372,1.3238,1.87,1.20
2012.02.13 03:23:48.924,1.32374,1.32382,2.62,2.70
2012.02.13 03:23:51.159,1.32375,1.32382,1.20,1.50
2012.02.13 03:23:51.504,1.32375,1.32384,3.37,2.25
2012.02.13 03:23:52.210,1.32376,1.32385,1.42,1.95
2012.02.13 03:23:55.637,1.32375,1.32385,2.62,2.70
2012.02.13 03:23:55.789,1.32375,1.32384,1.87,1.50
2012.02.13 03:23:55.923,1.32374,1.32382,1.87,1.95
2012.02.13 03:23:56.286,1.32372,1.32379,2.02,1.20
2012.02.13 03:23:56.500,1.32371,1.32378,2.17,1.20
2012.02.13 03:23:57.593,1.32371,1.32378,1.42,1.20
2012.02.13 03:24:01.642,1.32369,1.32378,2.17,1.95
2012.02.13 03:24:02.042,1.3237,1.32378,1.42,1.95
2012.02.13 03:24:04.142,1.3237,1.32379,1.61,1.95
2012.02.13 03:24:06.994,1.32372,1.32379,1.23,1.20
2012.02.13 03:24:07.328,1.32372,1.32381,2.62,2.53
2012.02.13 03:24:07.469,1.32372,1.32382,1.87,3.45
2012.02.13 03:24:07.987,1.32373,1.32382,1.95,1.50
2012.02.13 03:24:08.558,1.32374,1.32383,1.95,1.50
2012.02.13 03:24:11.296,1.32379,1.32385,1.61,1.20
2012.02.13 03:24:11.510,1.32376,1.32383,1.42,1.20
2012.02.13 03:24:12.051,1.32376,1.32383,1.42,1.20
2012.02.13 03:24:12.787,1.32376,1.32382,1.42,1.20
2012.02.13 03:24:13.335,1.32375,1.32379,1.42,1.20
2012.02.13 03:24:13.413,1.32375,1.32382,1.42,1.20
2012.02.13 03:24:13.835,1.32375,1.32382,1.42,1.20
2012.02.13 03:24:14.402,1.32375,1.32383,2.62,1.20
2012.02.13 03:24:15.482,1.32375,1.32383,2.62,2.70
2012.02.13 03:24:16.016,1.32375,1.32383,1.87,3.73
2012.02.13 03:24:16.851,1.32375,1.32383,2.62,1.50
2012.02.13 03:24:17.902,1.32375,1.32381,1.95,1.50
2012.02.13 03:24:18.427,1.32375,1.32383,2.62,1.50
2012.02.13 03:24:21.834,1.32376,1.32383,1.95,1.50
2012.02.13 03:24:22.743,1.32378,1.32386,1.42,3.45
2012.02.13 03:24:22.814,1.32378,1.32386,1.42,1.20
2012.02.13 03:24:25.791,1.32376,1.32386,2.62,2.70
2012.02.13 03:24:26.322,1.32376,1.32386,3.37,2.70
2012.02.13 03:24:28.255,1.32381,1.32386,3.75,2.70
2012.02.13 03:24:28.573,1.32379,1.32387,1.20,2.70
2012.02.13 03:24:29.134,1.32381,1.32386,3.75,1.20
2012.02.13 03:24:29.495,1.3238,1.32388,1.95,2.23
2012.02.13 03:24:30.072,1.32381,1.32389,4.58,1.50
2012.02.13 03:24:30.361,1.32381,1.3239,1.05,2.70
2012.02.13 03:24:30.786,1.32382,1.32391,1.95,1.22
2012.02.13 03:24:30.862,1.32384,1.3239,2.70,1.78
2012.02.13 03:24:31.518,1.32384,1.32391,1.50,1.48
2012.02.13 03:24:31.761,1.32383,1.32393,4.20,2.14
2012.02.13 03:24:32.170,1.32384,1.32393,1.50,1.95
2012.02.13 03:24:32.263,1.32385,1.32393,1.20,1.95
2012.02.13 03:24:32.334,1.32385,1.32395,2.25,2.40
2012.02.13 03:24:32.885,1.32386,1.32396,1.50,2.70
2012.02.13 03:24:33.098,1.32387,1.32397,1.50,1.20
2012.02.13 03:24:33.389,1.32389,1.32397,1.95,1.20
2012.02.13 03:24:33.537,1.3239,1.32398,2.70,1.65
2012.02.13 03:24:33.873,1.32392,1.32398,1.50,1.20
2012.02.13 03:24:34.459,1.32393,1.32398,1.42,1.95
2012.02.13 03:24:34.552,1.32394,1.32402,1.42,1.50
2012.02.13 03:24:35.384,1.32395,1.32402,1.95,1.50
2012.02.13 03:24:35.592,1.32396,1.32404,2.62,1.50
2012.02.13 03:24:38.876,1.32396,1.32404,3.37,1.50
2012.02.13 03:24:39.029,1.32399,1.32406,1.20,1.35
2012.02.13 03:24:39.104,1.32399,1.32407,2.91,3.15
2012.02.13 03:24:39.394,1.32399,1.32409,3.58,4.20
2012.02.13 03:24:39.878,1.32399,1.32406,2.70,1.50
2012.02.13 03:24:39.988,1.32398,1.32404,1.20,1.50
2012.02.13 03:24:40.548,1.32398,1.32404,1.95,1.50
2012.02.13 03:24:40.906,1.324,1.32407,1.95,1.50
2012.02.13 03:24:41.451,1.32401,1.32408,1.42,1.20
2012.02.13 03:24:42.136,1.32401,1.32409,2.62,1.50
2012.02.13 03:24:43.070,1.32401,1.32409,3.37,1.50
2012.02.13 03:24:43.620,1.32401,1.32409,2.62,1.50
2012.02.13 03:24:48.871,1.32402,1.32411,1.42,1.95
2012.02.13 03:24:49.401,1.32402,1.32411,1.42,1.95
2012.02.13 03:24:50.386,1.32402,1.32411,2.17,2.70
2012.02.13 03:24:50.456,1.32404,1.32412,1.95,3.45
2012.02.13 03:24:50.529,1.32404,1.32412,1.95,2.70
2012.02.13 03:24:51.040,1.32404,1.32412,2.62,1.20
2012.02.13 03:24:51.871,1.32404,1.32412,2.62,1.20
2012.02.13 03:24:52.016,1.32405,1.32414,1.95,2.25
2012.02.13 03:24:53.744,1.32407,1.32419,1.20,1.50
2012.02.13 03:24:53.824,1.32413,1.3242,1.95,2.25
2012.02.13 03:24:54.306,1.32413,1.32421,2.89,1.20
2012.02.13 03:24:54.603,1.32413,1.3242,1.95,1.50
2012.02.13 03:24:55.200,1.32412,1.32419,1.13,2.70
2012.02.13 03:24:55.534,1.32413,1.32421,1.20,2.70
2012.02.13 03:24:56.133,1.32413,1.32418,1.20,1.50
2012.02.13 03:24:56.412,1.32411,1.32418,3.64,1.50
2012.02.13 03:24:57.628,1.3241,1.32418,1.61,1.50
2012.02.13 03:24:58.947,1.3241,1.32418,1.61,1.50
2012.02.13 03:24:59.822,1.3241,1.32418,1.61,1.50
2012.02.13 03:25:00.371,1.3241,1.32418,1.61,1.50
2012.02.13 03:25:01.075,1.32409,1.32417,1.52,1.20
2012.02.13 03:25:05.242,1.32411,1.32416,1.20,3.00
2012.02.13 03:25:05.600,1.3241,1.32418,1.20,3.45
2012.02.13 03:25:05.750,1.3241,1.32419,2.17,1.50
2012.02.13 03:25:06.093,1.3241,1.3242,1.20,1.20
2012.02.13 03:25:06.902,1.32411,1.32421,3.37,1.50
2012.02.13 03:25:07.472,1.32411,1.32422,1.50,1.50
2012.02.13 03:25:07.811,1.32412,1.32422,2.14,1.50
2012.02.13 03:25:08.346,1.32414,1.32422,1.87,1.50
2012.02.13 03:25:08.428,1.32414,1.32423,1.61,1.95
2012.02.13 03:25:08.580,1.32415,1.32423,1.20,1.20
2012.02.13 03:25:08.946,1.32415,1.32424,2.25,1.20
2012.02.13 03:25:09.470,1.32415,1.32425,2.63,2.70
2012.02.13 03:25:10.174,1.32416,1.32426,1.95,1.95
2012.02.13 03:25:10.895,1.32417,1.32426,1.42,1.95
2012.02.13 03:25:10.969,1.32418,1.32427,1.13,1.50
2012.02.13 03:25:11.261,1.32418,1.32428,1.50,4.20
2012.02.13 03:25:11.626,1.32418,1.32429,2.92,1.50
2012.02.13 03:25:12.047,1.3242,1.32428,1.50,1.95
2012.02.13 03:25:12.129,1.3242,1.32429,2.17,1.95
2012.02.13 03:25:12.346,1.3242,1.32431,2.63,2.70
2012.02.13 03:25:12.488,1.32419,1.32434,1.50,4.20
2012.02.13 03:25:12.632,1.3242,1.32434,4.50,1.50
2012.02.13 03:25:12.763,1.32422,1.32433,1.50,1.20
2012.02.13 03:25:13.114,1.32423,1.32434,3.98,1.50
2012.02.13 03:25:13.429,1.32425,1.32433,2.33,1.20
2012.02.13 03:25:13.927,1.32425,1.32434,2.70,1.50
2012.02.13 03:25:14.291,1.32425,1.32436,3.75,3.00
2012.02.13 03:25:14.374,1.32428,1.32434,1.69,1.50
2012.02.13 03:25:14.449,1.32427,1.32437,2.14,1.95
2012.02.13 03:25:15.009,1.32428,1.32438,1.95,1.20
2012.02.13 03:25:15.574,1.32427,1.3244,1.88,1.39
2012.02.13 03:25:15.979,1.3243,1.32438,3.45,1.20
2012.02.13 03:25:16.061,1.32431,1.32439,1.95,1.20
2012.02.13 03:25:16.280,1.32432,1.32439,1.88,1.20
2012.02.13 03:25:16.643,1.32433,1.3244,1.50,1.50
2012.02.13 03:25:17.074,1.32432,1.32442,2.55,1.20
2012.02.13 03:25:17.384,1.32434,1.32442,2.55,1.50
2012.02.13 03:25:17.533,1.32437,1.32445,1.42,1.50
2012.02.13 03:25:18.553,1.32436,1.32444,1.50,1.50
2012.02.13 03:25:18.625,1.32436,1.32447,2.17,2.70
2012.02.13 03:25:18.766,1.32435,1.32447,2.70,2.70
2012.02.13 03:25:19.125,1.32437,1.32445,1.39,1.20
2012.02.13 03:25:19.943,1.32439,1.32448,1.42,1.20
2012.02.13 03:25:20.718,1.32439,1.32447,1.42,1.50
2012.02.13 03:25:21.241,1.32439,1.32447,1.42,1.50
2012.02.13 03:25:21.456,1.32439,1.32445,1.42,1.20
2012.02.13 03:25:22.304,1.32437,1.32445,2.52,1.20
2012.02.13 03:25:22.516,1.32436,1.32443,1.80,1.20
2012.02.13 03:25:23.481,1.32436,1.32442,1.42,1.20
2012.02.13 03:25:28.009,1.32437,1.32444,1.20,2.25
2012.02.13 03:25:28.228,1.32437,1.32447,1.95,1.95
2012.02.13 03:25:28.308,1.32437,1.32447,3.45,2.70
2012.02.13 03:25:28.515,1.32437,1.32447,4.20,1.20
2012.02.13 03:25:28.794,1.32438,1.32447,2.44,1.20
2012.02.13 03:25:28.865,1.3244,1.32449,2.77,1.95
2012.02.13 03:25:29.457,1.3244,1.32449,2.77,1.95
2012.02.13 03:25:29.615,1.3244,1.32449,2.77,1.95
2012.02.13 03:25:30.135,1.3244,1.32449,2.77,1.95
2012.02.13 03:25:30.688,1.3244,1.32449,2.77,1.95
2012.02.13 03:25:30.832,1.3244,1.32449,2.77,1.95
2012.02.13 03:25:31.350,1.3244,1.32449,2.77,1.95
2012.02.13 03:25:32.194,1.32441,1.32449,1.20,1.95
2012.02.13 03:25:32.730,1.32441,1.32449,1.87,1.95
2012.02.13 03:25:33.161,1.32441,1.32449,1.87,1.95
2012.02.13 03:25:36.919,1.32441,1.32451,1.87,2.70
2012.02.13 03:25:37.459,1.32441,1.32451,1.87,2.70
2012.02.13 03:25:38.476,1.32441,1.32451,1.87,2.70
2012.02.13 03:25:39.063,1.32441,1.32451,2.62,1.95
2012.02.13 03:25:39.932,1.32441,1.32451,2.17,2.70
2012.02.13 03:25:40.144,1.32441,1.32451,2.25,2.70
2012.02.13 03:25:40.692,1.32441,1.32451,2.25,2.70
2012.02.13 03:25:41.380,1.32441,1.32451,1.50,2.70
2012.02.13 03:25:41.528,1.32441,1.32451,1.50,1.95
2012.02.13 03:25:42.101,1.32441,1.32451,1.69,1.95
2012.02.13 03:25:43.361,1.32442,1.3245,2.62,1.20
2012.02.13 03:25:44.028,1.3244,1.3245,4.12,3.45
2012.02.13 03:25:44.248,1.3244,1.32447,1.87,1.50
2012.02.13 03:25:44.325,1.3244,1.32447,1.87,1.50
2012.02.13 03:25:44.780,1.3244,1.32446,1.05,1.03
2012.02.13 03:25:44.872,1.32438,1.32446,1.43,4.20
2012.02.13 03:25:44.953,1.32438,1.32444,1.58,2.25
2012.02.13 03:25:45.109,1.32437,1.32444,1.20,2.25
2012.02.13 03:25:45.255,1.32436,1.32444,2.40,1.20
2012.02.13 03:25:45.611,1.32437,1.32442,1.50,1.20
2012.02.13 03:25:45.687,1.32436,1.32442,2.44,1.20
2012.02.13 03:25:45.835,1.32436,1.32441,1.05,2.25
2012.02.13 03:25:46.045,1.32434,1.32441,1.20,2.25
2012.02.13 03:25:46.276,1.32432,1.32441,1.39,2.25
2012.02.13 03:25:46.352,1.3243,1.32442,1.50,1.95
2012.02.13 03:25:46.880,1.32429,1.32441,1.50,1.95
2012.02.13 03:25:47.276,1.3243,1.32438,1.20,1.20
2012.02.13 03:25:47.357,1.32429,1.32438,1.50,1.03
2012.02.13 03:25:47.448,1.32426,1.32434,2.14,1.50
2012.02.13 03:25:47.951,1.32427,1.32435,1.50,1.50
2012.02.13 03:25:48.497,1.32427,1.32435,1.50,1.50
2012.02.13 03:25:49.881,1.32428,1.32434,1.20,1.50
2012.02.13 03:25:51.432,1.32428,1.32434,1.95,1.50
2012.02.13 03:25:52.062,1.32428,1.32434,1.20,1.50
2012.02.13 03:25:52.782,1.32428,1.32434,1.95,1.50
2012.02.13 03:25:55.411,1.32428,1.32434,1.20,1.50
2012.02.13 03:25:55.963,1.32426,1.32434,2.59,1.50
2012.02.13 03:26:01.266,1.32427,1.32434,3.45,1.50
2012.02.13 03:26:02.214,1.32428,1.32434,3.60,1.50
2012.02.13 03:26:02.756,1.32428,1.32434,3.60,1.50
2012.02.13 03:26:05.323,1.32428,1.32434,4.35,1.50
2012.02.13 03:26:05.465,1.32426,1.32434,7.01,1.50
2012.02.13 03:26:05.677,1.32422,1.32432,2.74,1.95
2012.02.13 03:26:06.035,1.32422,1.3243,1.39,1.95
2012.02.13 03:26:06.387,1.3242,1.32427,1.95,1.50
2012.02.13 03:26:06.604,1.3242,1.32429,1.95,1.50
2012.02.13 03:26:08.587,1.32421,1.32429,5.18,1.50
2012.02.13 03:26:08.805,1.32422,1.32429,2.25,1.50
2012.02.13 03:26:09.225,1.32422,1.3243,1.95,1.50
2012.02.13 03:26:09.437,1.32424,1.3243,2.10,1.50
2012.02.13 03:26:09.993,1.32428,1.32433,2.10,1.50
2012.02.13 03:26:10.594,1.32428,1.32433,2.10,1.50
2012.02.13 03:26:13.246,1.32425,1.3243,1.24,1.20
2012.02.13 03:26:13.413,1.32422,1.3243,1.50,4.20
2012.02.13 03:26:13.554,1.3242,1.32428,5.55,1.50
2012.02.13 03:26:15.669,1.3242,1.32428,2.70,1.50
2012.02.13 03:26:16.722,1.32418,1.32428,6.00,2.70
2012.02.13 03:26:18.027,1.32419,1.32428,1.13,1.95
2012.02.13 03:26:18.551,1.32419,1.32429,3.08,2.70
2012.02.13 03:26:19.217,1.32419,1.32429,2.70,2.70
2012.02.13 03:26:19.732,1.32419,1.32429,1.95,2.70
2012.02.13 03:26:20.603,1.32419,1.32429,1.95,1.95
2012.02.13 03:26:20.670,1.32419,1.32429,2.33,1.20
2012.02.13 03:26:24.331,1.32419,1.32429,1.95,1.95
2012.02.13 03:26:24.994,1.32419,1.32429,1.95,2.70
2012.02.13 03:26:25.709,1.32419,1.32429,1.95,1.95
2012.02.13 03:26:26.274,1.32419,1.32429,2.70,1.20
2012.02.13 03:26:26.622,1.32421,1.32429,3.60,1.20
2012.02.13 03:26:27.132,1.32421,1.32429,3.60,1.20
2012.02.13 03:26:27.643,1.32421,1.32429,3.60,1.20
2012.02.13 03:26:28.528,1.32421,1.32429,3.60,1.20
2012.02.13 03:26:29.628,1.32421,1.32429,3.60,1.20
2012.02.13 03:26:30.001,1.32421,1.32429,2.85,1.20
2012.02.13 03:26:30.532,1.32421,1.32429,1.50,1.95
2012.02.13 03:26:30.853,1.3242,1.32429,2.70,1.95
2012.02.13 03:26:32.181,1.3242,1.32429,2.70,1.20
2012.02.13 03:26:32.390,1.32421,1.32429,1.50,1.20
2012.02.13 03:26:32.463,1.32421,1.32429,1.50,1.20
2012.02.13 03:26:32.984,1.32421,1.32429,1.50,1.20
2012.02.13 03:26:33.630,1.3242,1.32429,2.70,1.95
2012.02.13 03:26:40.585,1.32419,1.32428,1.13,1.20
2012.02.13 03:26:41.095,1.32418,1.32428,3.45,2.70
2012.02.13 03:26:42.121,1.32418,1.32428,2.70,1.95
2012.02.13 03:26:43.192,1.32418,1.32428,2.70,2.70
2012.02.13 03:26:44.189,1.32418,1.32428,3.45,2.70
2012.02.13 03:26:45.831,1.32418,1.32428,2.70,2.70
2012.02.13 03:26:46.393,1.32418,1.32428,3.45,2.70
2012.02.13 03:26:48.264,1.32418,1.32428,3.45,1.95
2012.02.13 03:26:48.547,1.3242,1.3243,1.95,2.70
2012.02.13 03:26:49.401,1.3242,1.3243,1.95,2.70
2012.02.13 03:26:49.545,1.32419,1.32428,1.39,1.95
2012.02.13 03:26:50.856,1.32424,1.3243,1.13,1.50
2012.02.13 03:26:50.928,1.32424,1.32431,1.88,2.25
2012.02.13 03:26:51.009,1.32424,1.32431,1.50,1.48
2012.02.13 03:26:51.089,1.32422,1.32431,2.14,2.98
2012.02.13 03:26:51.167,1.32425,1.32431,1.39,1.95
2012.02.13 03:26:51.557,1.32423,1.32431,2.59,1.50
2012.02.13 03:26:52.553,1.32423,1.32429,1.95,1.50
2012.02.13 03:26:54.365,1.32421,1.32429,2.59,1.50
2012.02.13 03:26:54.577,1.32419,1.32427,4.09,2.70
2012.02.13 03:26:54.729,1.32418,1.32426,1.32,3.00
2012.02.13 03:26:54.876,1.32417,1.32424,6.12,1.50
2012.02.13 03:26:55.366,1.32417,1.32424,1.50,2.70
2012.02.13 03:26:55.498,1.32416,1.32425,2.89,1.20
2012.02.13 03:26:55.920,1.32416,1.32425,1.39,2.91
2012.02.13 03:26:56.287,1.32415,1.32425,3.00,1.20
2012.02.13 03:26:56.978,1.32415,1.32423,1.39,1.50
2012.02.13 03:26:58.026,1.32415,1.32422,1.95,1.50
2012.02.13 03:26:58.463,1.32413,1.32423,2.59,3.45
2012.02.13 03:26:59.020,1.32417,1.32422,1.50,5.14
2012.02.13 03:26:59.235,1.32416,1.32424,1.39,1.50
2012.02.13 03:26:59.792,1.32418,1.32424,2.25,1.50
2012.02.13 03:27:00.724,1.32416,1.3242,1.39,1.20
2012.02.13 03:27:00.866,1.32411,1.3242,2.51,1.20
2012.02.13 03:27:01.210,1.32411,1.32416,1.39,1.20
2012.02.13 03:27:01.502,1.32409,1.32416,1.20,1.20
2012.02.13 03:27:01.706,1.3241,1.32418,1.95,2.70
2012.02.13 03:27:02.265,1.3241,1.32417,1.95,1.50
2012.02.13 03:27:05.470,1.32409,1.32417,2.59,2.70
2012.02.13 03:27:06.006,1.32409,1.32417,2.59,2.70
2012.02.13 03:27:06.831,1.32409,1.32417,1.84,3.45
2012.02.13 03:27:07.062,1.32409,1.32416,1.84,1.50
2012.02.13 03:27:07.218,1.3241,1.32417,1.95,1.88
2012.02.13 03:27:07.440,1.32409,1.32416,1.39,1.20
2012.02.13 03:27:07.518,1.32408,1.32414,1.95,1.50
2012.02.13 03:27:10.383,1.32408,1.32414,1.20,1.50
2012.02.13 03:27:12.250,1.32407,1.32414,1.95,1.50
2012.02.13 03:27:12.941,1.32407,1.32414,1.95,1.50
2012.02.13 03:27:13.011,1.32407,1.32414,1.95,1.50
2012.02.13 03:27:13.522,1.32407,1.32414,1.95,1.50
2012.02.13 03:27:14.144,1.32407,1.32414,1.95,1.50
2012.02.13 03:27:14.560,1.32407,1.32414,1.95,1.50
2012.02.13 03:27:15.125,1.32407,1.32414,1.95,1.50
2012.02.13 03:27:17.723,1.32407,1.32415,2.59,2.70
2012.02.13 03:27:21.602,1.32407,1.32414,1.95,1.50
2012.02.13 03:27:24.045,1.32407,1.32415,2.59,2.70
2012.02.13 03:27:27.130,1.32405,1.32415,2.96,3.45
2012.02.13 03:27:27.683,1.32408,1.32413,1.20,1.50
2012.02.13 03:27:34.522,1.32408,1.32415,1.20,1.50
2012.02.13 03:27:38.434,1.32408,1.32413,1.20,1.50
2012.02.13 03:27:39.686,1.32407,1.32413,1.95,1.50
2012.02.13 03:27:40.682,1.32407,1.32413,1.95,1.50
2012.02.13 03:27:41.205,1.32407,1.32413,1.95,1.50
2012.02.13 03:27:42.883,1.32407,1.32413,1.95,1.50
2012.02.13 03:27:43.826,1.32408,1.32415,1.20,1.50
2012.02.13 03:27:44.344,1.32408,1.32415,1.95,1.50
2012.02.13 03:27:44.543,1.32408,1.32415,1.95,1.50
2012.02.13 03:27:44.687,1.32409,1.32417,1.39,1.50
2012.02.13 03:27:45.247,1.32408,1.32416,2.59,1.50
2012.02.13 03:27:46.633,1.32408,1.32416,2.59,1.50
2012.02.13 03:27:47.152,1.32408,1.32416,2.59,1.50
2012.02.13 03:27:49.818,1.32409,1.32416,2.70,1.50
2012.02.13 03:27:49.899,1.3241,1.32418,1.50,1.88
2012.02.13 03:27:50.050,1.32412,1.32419,1.39,1.20
2012.02.13 03:27:50.126,1.32412,1.3242,1.20,6.94
2012.02.13 03:27:50.375,1.32413,1.32421,1.95,1.50
2012.02.13 03:27:50.665,1.32414,1.32422,1.39,1.50
2012.02.13 03:27:50.880,1.32414,1.32423,1.39,3.64
2012.02.13 03:27:51.028,1.32418,1.32426,1.39,1.50
2012.02.13 03:27:51.583,1.32417,1.32426,1.39,1.50
2012.02.13 03:27:51.793,1.32418,1.32426,1.39,1.50
2012.02.13 03:27:52.053,1.32418,1.32426,1.39,1.50
2012.02.13 03:27:52.125,1.32416,1.32424,1.95,1.50
2012.02.13 03:27:52.630,1.32417,1.32425,1.39,1.50
2012.02.13 03:27:53.132,1.32417,1.32425,1.39,1.50
2012.02.13 03:27:53.673,1.32415,1.32424,1.95,1.50
2012.02.13 03:27:55.013,1.32415,1.32424,1.95,1.50
2012.02.13 03:27:57.573,1.32414,1.32424,2.59,2.70
2012.02.13 03:27:57.926,1.32412,1.3242,1.95,1.50
2012.02.13 03:27:58.285,1.32411,1.32418,1.50,1.20
2012.02.13 03:28:02.136,1.32411,1.32418,1.50,1.20
2012.02.13 03:28:02.273,1.32409,1.32415,2.14,1.20
2012.02.13 03:28:02.708,1.3241,1.32419,1.39,2.70
2012.02.13 03:28:03.243,1.32409,1.32418,1.95,1.50
2012.02.13 03:28:05.690,1.32408,1.32418,2.59,3.45
2012.02.13 03:28:05.763,1.32408,1.32414,1.39,1.20
2012.02.13 03:28:05.981,1.32408,1.32417,2.59,1.13
2012.02.13 03:28:06.497,1.3241,1.32418,1.39,3.08
2012.02.13 03:28:07.002,1.3241,1.32418,1.39,2.70
2012.02.13 03:28:09.046,1.32409,1.32418,2.59,2.63
2012.02.13 03:28:09.408,1.32407,1.32416,1.95,2.40
2012.02.13 03:28:09.684,1.32404,1.32412,1.39,1.50
2012.02.13 03:28:09.839,1.32403,1.32413,3.34,2.70
2012.02.13 03:28:10.393,1.32403,1.32413,2.59,4.20
2012.02.13 03:28:12.836,1.32403,1.32411,1.39,1.20
2012.02.13 03:28:13.371,1.32401,1.32411,3.34,3.45
2012.02.13 03:28:13.852,1.32406,1.32413,1.20,2.25
2012.02.13 03:28:14.141,1.32408,1.32417,1.20,5.59
2012.02.13 03:28:14.473,1.32408,1.32417,1.95,1.69
2012.02.13 03:28:14.759,1.32408,1.32417,1.95,1.69
2012.02.13 03:28:15.307,1.32408,1.32417,1.95,1.69
2012.02.13 03:28:15.391,1.32412,1.32417,1.20,1.69
2012.02.13 03:28:15.844,1.32411,1.32419,1.95,1.95
2012.02.13 03:28:15.917,1.32412,1.3242,1.95,1.20
2012.02.13 03:28:17.317,1.32415,1.32423,2.70,1.20
2012.02.13 03:28:17.900,1.32416,1.32424,1.95,2.70
2012.02.13 03:28:22.000,1.32416,1.32424,1.95,3.45
2012.02.13 03:28:34.611,1.32416,1.32424,1.95,2.70
2012.02.13 03:28:36.700,1.32416,1.32424,1.95,2.70
2012.02.13 03:28:37.067,1.32415,1.32421,1.95,1.50
2012.02.13 03:28:37.214,1.32411,1.32419,2.14,2.70
2012.02.13 03:28:37.284,1.32411,1.32419,1.39,2.70
2012.02.13 03:28:37.362,1.3241,1.32417,3.04,1.50
2012.02.13 03:28:37.503,1.3241,1.32419,2.92,1.20
2012.02.13 03:28:37.643,1.3241,1.32419,2.92,1.20
2012.02.13 03:28:40.284,1.3241,1.32418,4.87,1.50
2012.02.13 03:28:40.484,1.32411,1.32418,1.50,1.50
2012.02.13 03:28:40.557,1.32411,1.3242,2.14,2.70
2012.02.13 03:28:43.214,1.32412,1.3242,1.39,2.70
2012.02.13 03:28:43.590,1.3241,1.32419,1.50,3.45
2012.02.13 03:28:44.591,1.3241,1.32419,1.50,3.45
2012.02.13 03:28:45.120,1.32409,1.32419,5.44,2.70
2012.02.13 03:28:45.641,1.32409,1.32419,5.44,4.20
2012.02.13 03:28:46.377,1.3241,1.32419,1.50,4.20
2012.02.13 03:28:46.924,1.3241,1.32417,1.50,1.20
2012.02.13 03:28:47.074,1.32411,1.32417,1.39,1.20
2012.02.13 03:28:47.612,1.3241,1.32417,1.39,1.20
2012.02.13 03:28:48.492,1.3241,1.32418,1.39,1.50
2012.02.13 03:28:49.024,1.3241,1.32418,2.14,1.50
2012.02.13 03:28:49.614,1.3241,1.32418,2.14,1.50
2012.02.13 03:28:50.344,1.3241,1.32418,2.32,1.50
2012.02.13 03:28:51.222,1.32412,1.32418,1.50,1.50
2012.02.13 03:28:51.597,1.32412,1.3242,1.39,2.70
2012.02.13 03:28:52.214,1.32412,1.3242,1.39,2.70
2012.02.13 03:28:54.603,1.32411,1.3242,1.39,2.70
2012.02.13 03:28:55.213,1.32412,1.3242,1.39,2.70
2012.02.13 03:29:01.282,1.32412,1.3242,2.14,2.70
2012.02.13 03:29:02.750,1.32412,1.3242,2.14,2.70
2012.02.13 03:29:03.352,1.32413,1.3242,1.50,2.70
2012.02.13 03:29:03.856,1.32413,1.3242,1.50,2.70
2012.02.13 03:29:04.112,1.32412,1.3242,2.14,2.70
2012.02.13 03:29:04.683,1.32412,1.3242,2.14,2.70
2012.02.13 03:29:07.563,1.32415,1.32422,1.39,2.70
2012.02.13 03:29:07.779,1.32417,1.32426,2.14,3.00
2012.02.13 03:29:07.858,1.32417,1.32427,2.77,3.00
2012.02.13 03:29:08.248,1.32419,1.32427,1.39,1.50
2012.02.13 03:29:08.782,1.3242,1.32428,1.39,1.20
2012.02.13 03:29:12.597,1.32421,1.32428,1.39,1.20
2012.02.13 03:29:12.932,1.32421,1.32431,3.34,3.45
2012.02.13 03:29:13.013,1.32422,1.32431,1.39,3.45
2012.02.13 03:29:13.294,1.32422,1.32428,1.39,1.20
2012.02.13 03:29:13.823,1.32419,1.32428,3.49,1.20
2012.02.13 03:29:15.936,1.32419,1.32429,1.39,5.63
2012.02.13 03:29:16.198,1.32421,1.32429,2.70,4.20
2012.02.13 03:29:16.287,1.32422,1.3243,3.34,2.70
2012.02.13 03:29:17.275,1.32424,1.32432,1.84,1.95
2012.02.13 03:29:19.991,1.32424,1.32432,2.59,1.20
2012.02.13 03:29:21.412,1.32425,1.32434,1.20,1.69
2012.02.13 03:29:21.483,1.32425,1.32434,1.95,1.50
2012.02.13 03:29:21.826,1.32427,1.32437,2.59,4.20
2012.02.13 03:29:22.169,1.32431,1.3244,1.39,2.70
2012.02.13 03:29:22.641,1.3243,1.32439,1.95,1.50
2012.02.13 03:29:23.783,1.3243,1.32439,1.95,1.69
2012.02.13 03:29:23.856,1.3243,1.32435,1.95,1.50
2012.02.13 03:29:24.873,1.3243,1.32437,1.95,1.50
2012.02.13 03:29:25.426,1.32432,1.32437,1.20,1.50
2012.02.13 03:29:25.776,1.32432,1.3244,1.20,3.92
2012.02.13 03:29:25.849,1.32434,1.3244,1.20,1.50
2012.02.13 03:29:26.209,1.32438,1.32443,1.20,1.50
2012.02.13 03:29:26.287,1.32436,1.32445,2.77,2.25
2012.02.13 03:29:26.505,1.32437,1.32445,1.39,2.25
2012.02.13 03:29:27.063,1.32439,1.32447,1.39,2.25
2012.02.13 03:29:27.406,1.32436,1.32445,2.02,1.50
2012.02.13 03:29:27.479,1.32436,1.32443,1.95,1.50
2012.02.13 03:29:27.836,1.32436,1.32443,1.95,1.50
2012.02.13 03:29:28.392,1.32433,1.32443,2.62,1.50
2012.02.13 03:29:28.723,1.32434,1.32444,0.75,6.28
2012.02.13 03:29:28.946,1.32434,1.32446,2.10,5.12
2012.02.13 03:29:29.474,1.32437,1.32445,1.39,1.50
2012.02.13 03:29:31.985,1.3244,1.32449,3.49,1.50
2012.02.13 03:29:32.412,1.32442,1.32449,1.95,1.50
2012.02.13 03:29:34.493,1.32441,1.32449,1.39,1.50
2012.02.13 03:29:34.963,1.32441,1.32449,1.39,1.50
2012.02.13 03:29:35.501,1.3244,1.3245,1.39,1.50
2012.02.13 03:29:35.571,1.3244,1.3245,1.39,1.50
2012.02.13 03:29:35.972,1.3244,1.32448,1.39,1.39
2012.02.13 03:29:36.045,1.3244,1.32448,1.39,2.14
2012.02.13 03:29:36.372,1.32437,1.32445,1.95,2.70
2012.02.13 03:29:36.583,1.32436,1.32443,1.95,1.50
2012.02.13 03:29:36.799,1.32434,1.32439,1.76,1.20
2012.02.13 03:29:37.293,1.32431,1.32438,1.76,1.20
2012.02.13 03:29:37.926,1.32431,1.32437,1.13,1.50
2012.02.13 03:29:38.477,1.3243,1.32437,1.95,1.50
2012.02.13 03:29:39.125,1.3243,1.32437,1.95,1.50
2012.02.13 03:29:42.751,1.3243,1.32437,1.95,1.50
2012.02.13 03:29:43.282,1.32427,1.32436,1.95,1.50
2012.02.13 03:29:43.814,1.32427,1.32436,1.95,1.50
2012.02.13 03:29:44.320,1.32427,1.32436,1.95,1.50
2012.02.13 03:29:44.873,1.32429,1.32437,1.39,2.70
2012.02.13 03:29:45.813,1.32429,1.32437,1.39,2.70
2012.02.13 03:29:47.442,1.32429,1.32437,1.39,2.70
2012.02.13 03:29:47.517,1.32427,1.32435,1.95,1.50
2012.02.13 03:29:47.943,1.32428,1.32437,1.39,1.20
2012.02.13 03:29:48.012,1.32427,1.32435,3.34,1.50
2012.02.13 03:29:48.585,1.32427,1.32435,3.34,1.50
2012.02.13 03:29:48.663,1.32427,1.32435,3.34,1.50
2012.02.13 03:29:50.882,1.32427,1.32435,3.34,1.69
2012.02.13 03:29:50.957,1.32427,1.32434,1.95,1.69
2012.02.13 03:29:51.032,1.32427,1.32434,1.95,1.69
2012.02.13 03:29:54.320,1.32427,1.32434,1.95,1.50
2012.02.13 03:29:54.830,1.32427,1.32435,2.59,1.50
2012.02.13 03:29:57.071,1.32428,1.32437,1.39,1.20
2012.02.13 03:29:58.679,1.32428,1.32437,1.39,1.39
2012.02.13 03:29:59.202,1.32427,1.32435,1.95,1.50
2012.02.13 03:30:00.321,1.32427,1.32435,1.95,1.50
2012.02.13 03:30:01.962,1.32428,1.32436,1.39,2.89
2012.02.13 03:30:02.703,1.32428,1.32436,1.39,2.89
2012.02.13 03:30:04.683,1.32426,1.32435,2.70,1.50
2012.02.13 03:30:04.822,1.32426,1.32435,2.70,1.50
2012.02.13 03:30:05.392,1.32426,1.32435,2.70,1.50
2012.02.13 03:30:06.162,1.32426,1.32435,1.95,1.50
2012.02.13 03:30:06.482,1.32426,1.32435,1.95,1.50
2012.02.13 03:30:06.682,1.32427,1.32435,1.95,1.50
2012.02.13 03:30:06.932,1.32427,1.32435,1.95,1.50
2012.02.13 03:30:07.190,1.32429,1.32437,1.39,1.20
2012.02.13 03:30:07.267,1.32429,1.32437,1.39,1.20
2012.02.13 03:30:07.343,1.32429,1.32437,1.39,1.20
2012.02.13 03:30:08.872,1.32429,1.32437,1.39,1.20
2012.02.13 03:30:09.697,1.32429,1.32437,1.39,1.20
2012.02.13 03:30:10.218,1.32429,1.32437,1.39,1.20
2012.02.13 03:30:11.153,1.32429,1.32439,2.59,4.02
2012.02.13 03:30:11.515,1.32431,1.3244,1.39,2.89
2012.02.13 03:30:12.451,1.32431,1.3244,1.39,1.39
2012.02.13 03:30:13.025,1.32431,1.3244,1.39,1.20
2012.02.13 03:30:13.573,1.32431,1.3244,1.39,1.95
2012.02.13 03:30:13.913,1.32429,1.32438,1.39,1.50
2012.02.13 03:30:14.946,1.32429,1.32438,1.39,2.25
2012.02.13 03:30:18.604,1.32428,1.32436,2.59,1.50
2012.02.13 03:30:18.942,1.32429,1.3244,1.39,3.45
2012.02.13 03:30:19.364,1.32428,1.32438,2.96,2.25
2012.02.13 03:30:19.887,1.32428,1.32438,2.59,2.25
2012.02.13 03:30:21.420,1.32428,1.32438,2.59,2.25
2012.02.13 03:30:21.923,1.32431,1.32438,1.20,2.25
2012.02.13 03:30:22.461,1.32431,1.32439,1.95,1.20
2012.02.13 03:30:22.859,1.32429,1.32437,2.51,1.50
2012.02.13 03:30:23.071,1.32429,1.32437,1.76,1.50
2012.02.13 03:30:23.621,1.32429,1.32437,1.39,1.50
2012.02.13 03:30:24.170,1.32428,1.32438,2.59,1.20
2012.02.13 03:30:24.865,1.32428,1.32437,2.59,1.71
2012.02.13 03:30:24.955,1.32428,1.32435,1.95,1.69
2012.02.13 03:30:25.164,1.32429,1.32437,1.57,1.50
2012.02.13 03:30:25.304,1.32428,1.32438,2.77,1.95
2012.02.13 03:30:27.396,1.32428,1.32438,2.77,3.45
2012.02.13 03:30:28.472,1.32428,1.32438,2.59,4.20
2012.02.13 03:30:29.682,1.32428,1.32438,2.96,3.45
2012.02.13 03:30:30.112,1.32428,1.32438,2.21,4.20
2012.02.13 03:30:30.469,1.32426,1.32434,1.13,2.25
2012.02.13 03:30:30.547,1.3243,1.32437,1.39,2.23
2012.02.13 03:30:30.892,1.3243,1.32437,1.39,1.20
2012.02.13 03:30:35.113,1.32428,1.32436,1.39,1.50
2012.02.13 03:30:37.063,1.32428,1.32436,1.84,1.50
2012.02.13 03:30:42.267,1.32428,1.32436,2.59,1.50
2012.02.13 03:30:42.526,1.3243,1.32436,1.20,1.50
2012.02.13 03:30:43.154,1.3243,1.32438,1.95,1.95
2012.02.13 03:30:43.689,1.32431,1.32438,1.20,1.50
2012.02.13 03:30:43.775,1.32431,1.3244,1.95,2.44
2012.02.13 03:30:44.338,1.32434,1.32442,1.20,2.55
2012.02.13 03:30:44.418,1.32434,1.32441,1.20,3.00
2012.02.13 03:30:46.207,1.32434,1.32442,1.84,1.95
2012.02.13 03:30:46.655,1.32434,1.32444,2.89,3.19
2012.02.13 03:30:47.005,1.32435,1.32445,1.35,1.13
2012.02.13 03:30:47.217,1.32438,1.32444,1.95,1.50
2012.02.13 03:30:47.507,1.32438,1.32445,2.59,1.50
2012.02.13 03:30:48.061,1.32441,1.32448,1.95,1.50
2012.02.13 03:30:48.656,1.3244,1.32446,1.20,1.50
2012.02.13 03:30:49.012,1.32437,1.32443,2.70,1.50
2012.02.13 03:30:49.608,1.32436,1.32443,1.95,1.50
2012.02.13 03:30:50.175,1.32436,1.32446,3.34,3.83
2012.02.13 03:30:50.677,1.32436,1.32446,3.34,3.64
2012.02.13 03:30:50.883,1.32436,1.32446,2.96,4.39
2012.02.13 03:30:51.543,1.32436,1.32446,1.76,1.69
2012.02.13 03:30:53.191,1.32437,1.32446,2.33,1.69
2012.02.13 03:30:53.662,1.32435,1.32441,3.08,1.50
2012.02.13 03:30:53.791,1.32435,1.32444,1.20,1.50
2012.02.13 03:30:54.304,1.32435,1.32444,1.20,1.50
2012.02.13 03:30:54.682,1.32435,1.32441,2.70,1.50
2012.02.13 03:30:55.421,1.32435,1.32441,2.70,1.50
2012.02.13 03:30:55.924,1.32435,1.32445,3.34,3.96
2012.02.13 03:30:55.998,1.32435,1.32446,3.34,1.50
2012.02.13 03:30:56.073,1.32437,1.32446,1.01,1.50
2012.02.13 03:30:56.471,1.32439,1.32446,1.20,1.50
2012.02.13 03:30:56.687,1.32441,1.32448,1.20,3.00
2012.02.13 03:30:58.767,1.32438,1.32445,1.39,1.20
2012.02.13 03:30:59.060,1.32437,1.32444,1.84,1.20
2012.02.13 03:30:59.141,1.32433,1.32441,3.45,1.95
2012.02.13 03:30:59.291,1.32433,1.32441,1.84,2.70
2012.02.13 03:30:59.860,1.32433,1.32439,1.20,1.50
2012.02.13 03:31:00.777,1.32433,1.32442,2.59,4.13
2012.02.13 03:31:02.068,1.32433,1.32442,2.59,4.13
2012.02.13 03:31:02.147,1.32432,1.3244,2.33,1.50
2012.02.13 03:31:02.696,1.32432,1.32436,1.95,1.50
2012.02.13 03:31:03.050,1.32431,1.3244,1.39,2.25
2012.02.13 03:31:03.266,1.32434,1.3244,1.50,1.35
2012.02.13 03:31:03.613,1.32434,1.32441,1.39,1.95
2012.02.13 03:31:03.756,1.32434,1.32441,1.39,1.95
2012.02.13 03:31:04.362,1.32431,1.3244,1.39,2.55
2012.02.13 03:31:05.444,1.32431,1.32439,1.76,1.13
2012.02.13 03:31:05.589,1.3243,1.32439,3.64,2.16
2012.02.13 03:31:05.670,1.3243,1.32439,2.25,1.13
2012.02.13 03:31:06.092,1.32431,1.3244,1.30,1.20
2012.02.13 03:31:06.251,1.32434,1.32441,1.50,2.25
2012.02.13 03:31:06.610,1.32436,1.32443,1.13,2.25
2012.02.13 03:31:07.110,1.32438,1.32447,1.01,2.44
2012.02.13 03:31:07.623,1.32437,1.32448,1.13,2.46
2012.02.13 03:31:07.700,1.32438,1.32447,1.01,2.25
2012.02.13 03:31:08.152,1.32438,1.32447,2.59,3.96
2012.02.13 03:31:08.368,1.32439,1.32443,1.20,1.50
2012.02.13 03:31:08.529,1.32441,1.32445,1.20,1.13
2012.02.13 03:31:08.608,1.32441,1.32446,1.20,1.50
2012.02.13 03:31:08.826,1.32441,1.32448,1.20,2.25
2012.02.13 03:31:09.153,1.32441,1.32448,1.20,3.00
2012.02.13 03:31:09.293,1.32441,1.32448,1.95,3.00
2012.02.13 03:31:09.694,1.32441,1.32446,1.20,1.50
2012.02.13 03:31:10.686,1.32439,1.32446,1.20,1.50
2012.02.13 03:31:10.755,1.32439,1.32444,1.95,1.50
2012.02.13 03:31:10.969,1.32436,1.32444,1.50,2.25
2012.02.13 03:31:11.986,1.32435,1.32444,1.50,1.50
2012.02.13 03:31:12.536,1.32434,1.32444,3.34,1.50
2012.02.13 03:31:13.410,1.32434,1.32442,2.59,1.50
2012.02.13 03:31:13.497,1.32432,1.32442,6.08,1.03
2012.02.13 03:31:13.582,1.32433,1.3244,1.95,1.50
2012.02.13 03:31:13.662,1.32432,1.32439,3.15,1.50
2012.02.13 03:31:13.813,1.32429,1.32435,1.50,1.50
2012.02.13 03:31:14.217,1.32425,1.32432,1.95,1.50
2012.02.13 03:31:14.580,1.32425,1.32433,1.20,1.20
2012.02.13 03:31:14.730,1.32429,1.32436,1.95,1.50
2012.02.13 03:31:16.523,1.32427,1.32433,1.95,2.25
2012.02.13 03:31:16.600,1.32425,1.32429,1.39,1.20
2012.02.13 03:31:16.750,1.32421,1.32429,1.57,1.20
2012.02.13 03:31:17.328,1.32421,1.32429,1.39,1.20
2012.02.13 03:31:17.886,1.3242,1.3243,1.39,1.95
2012.02.13 03:31:18.645,1.3242,1.3243,1.39,2.70
2012.02.13 03:31:19.193,1.32421,1.3243,1.39,3.45
2012.02.13 03:31:19.270,1.32424,1.3243,1.20,2.25
2012.02.13 03:31:19.832,1.32425,1.32431,1.20,2.25
2012.02.13 03:31:25.392,1.32425,1.32431,1.20,2.25
2012.02.13 03:31:25.951,1.32424,1.32431,1.20,2.25
2012.02.13 03:31:27.472,1.32424,1.32432,1.84,1.50
2012.02.13 03:31:27.836,1.32424,1.32432,1.84,2.25
2012.02.13 03:31:28.467,1.32424,1.32432,1.84,2.25
2012.02.13 03:31:29.671,1.32424,1.32432,1.84,2.25
2012.02.13 03:31:32.052,1.32424,1.32428,1.20,1.50
2012.02.13 03:31:41.988,1.32424,1.3243,1.20,1.50
2012.02.13 03:31:42.544,1.32424,1.3243,1.20,2.25
2012.02.13 03:31:44.807,1.32421,1.3243,1.84,2.25
2012.02.13 03:31:45.015,1.32421,1.3243,1.84,2.25
2012.02.13 03:31:45.297,1.32418,1.32427,1.39,1.95
2012.02.13 03:31:45.446,1.32417,1.32424,1.95,2.25
2012.02.13 03:31:46.031,1.32417,1.32424,1.95,1.50
2012.02.13 03:31:46.563,1.32417,1.32424,3.45,1.50
2012.02.13 03:31:47.770,1.32417,1.32423,1.50,1.50
2012.02.13 03:31:47.847,1.32416,1.32422,1.35,1.20
2012.02.13 03:31:47.994,1.32414,1.32419,1.28,1.50
2012.02.13 03:31:48.344,1.32414,1.32421,2.03,1.50
2012.02.13 03:31:48.422,1.32414,1.32421,2.03,1.50
2012.02.13 03:31:49.045,1.32414,1.32421,1.28,1.50
2012.02.13 03:31:49.563,1.32414,1.3242,1.28,1.50
2012.02.13 03:31:52.168,1.32415,1.32422,1.39,1.20
2012.02.13 03:31:52.701,1.32416,1.32423,1.20,1.50
2012.02.13 03:31:53.221,1.32416,1.32423,1.95,1.50
2012.02.13 03:31:53.763,1.32416,1.32424,3.71,1.20
2012.02.13 03:31:54.282,1.32416,1.32424,3.71,1.20
2012.02.13 03:31:54.782,1.32417,1.32424,1.50,1.20
2012.02.13 03:31:55.283,1.32416,1.32424,3.71,1.20
2012.02.13 03:31:55.683,1.32418,1.32426,1.20,1.50
2012.02.13 03:31:56.111,1.32417,1.32424,1.20,1.50
2012.02.13 03:31:56.442,1.32417,1.32421,1.20,1.50
2012.02.13 03:31:57.058,1.32417,1.32423,1.95,1.50
2012.02.13 03:32:00.797,1.32418,1.32422,1.20,1.50
2012.02.13 03:32:03.513,1.32416,1.32422,1.20,1.50
2012.02.13 03:32:06.883,1.32415,1.32422,1.20,1.50
2012.02.13 03:32:07.438,1.32415,1.32421,1.20,3.00
2012.02.13 03:32:07.997,1.32414,1.32421,1.20,2.25
2012.02.13 03:32:08.354,1.32414,1.32421,1.20,2.25
2012.02.13 03:32:08.996,1.32414,1.32421,1.20,2.25
2012.02.13 03:32:11.275,1.32414,1.32421,1.20,2.25
2012.02.13 03:32:13.124,1.32413,1.32421,1.20,2.25
2012.02.13 03:32:14.202,1.32413,1.32421,1.95,2.25
2012.02.13 03:32:15.601,1.32413,1.32421,1.20,2.25
2012.02.13 03:32:15.743,1.32411,1.3242,2.59,1.50
2012.02.13 03:32:16.344,1.32411,1.32418,3.67,1.20
2012.02.13 03:32:16.834,1.32411,1.32417,3.21,1.50
2012.02.13 03:32:16.977,1.32409,1.32417,1.39,1.50
2012.02.13 03:32:17.522,1.32406,1.32413,1.95,1.50
2012.02.13 03:32:18.294,1.32406,1.32415,2.59,3.45
2012.02.13 03:32:21.004,1.32406,1.32413,1.95,1.50
2012.02.13 03:32:21.209,1.32406,1.32413,1.20,2.25
2012.02.13 03:32:21.357,1.32404,1.32411,1.20,2.25
2012.02.13 03:32:21.435,1.32406,1.32411,1.20,2.25
2012.02.13 03:32:22.109,1.32407,1.32415,1.84,1.95
2012.02.13 03:32:22.686,1.32407,1.32415,1.20,1.95
2012.02.13 03:32:23.342,1.32407,1.32412,1.20,1.50
2012.02.13 03:32:24.775,1.32405,1.32412,1.88,1.50
2012.02.13 03:32:24.846,1.32405,1.32409,1.20,1.50
2012.02.13 03:32:25.381,1.32405,1.32409,1.20,2.25
2012.02.13 03:32:26.512,1.32407,1.32411,1.20,2.25
2012.02.13 03:32:26.657,1.32404,1.32411,1.20,3.00
2012.02.13 03:32:27.223,1.32404,1.32411,1.20,1.50
2012.02.13 03:32:27.758,1.32403,1.32409,1.20,2.25
2012.02.13 03:32:27.835,1.324,1.32407,1.95,1.50
2012.02.13 03:32:28.372,1.324,1.32407,1.20,2.25
2012.02.13 03:32:29.422,1.324,1.32407,1.20,2.25
2012.02.13 03:32:31.261,1.32399,1.32407,2.59,2.25
2012.02.13 03:32:31.771,1.32399,1.32407,2.59,2.25
2012.02.13 03:32:32.592,1.32399,1.32407,1.84,3.45
2012.02.13 03:32:34.543,1.32399,1.32407,1.84,3.45
2012.02.13 03:32:34.684,1.32398,1.32404,1.39,1.20
2012.02.13 03:32:34.959,1.32396,1.32403,2.74,1.50
2012.02.13 03:32:35.655,1.32397,1.32404,1.57,1.20
2012.02.13 03:32:36.201,1.32397,1.32405,1.57,1.50
2012.02.13 03:32:36.791,1.32397,1.32405,2.32,2.25
2012.02.13 03:32:37.336,1.32398,1.32405,1.50,1.50
2012.02.13 03:32:42.678,1.32397,1.32405,1.76,2.70
2012.02.13 03:32:42.874,1.32397,1.32403,1.50,1.50
2012.02.13 03:32:43.461,1.32397,1.32403,1.13,1.50
2012.02.13 03:32:44.062,1.32397,1.32403,1.50,1.50
2012.02.13 03:32:44.506,1.32397,1.32405,2.96,2.70
2012.02.13 03:32:45.018,1.32398,1.32405,1.50,2.70
2012.02.13 03:32:45.573,1.32397,1.32405,2.96,2.70
2012.02.13 03:32:46.095,1.32397,1.32405,4.84,2.70
2012.02.13 03:32:51.921,1.32397,1.32405,3.34,2.70
2012.02.13 03:32:52.479,1.32397,1.32405,4.09,2.70
2012.02.13 03:32:52.976,1.32397,1.32405,4.09,2.70
2012.02.13 03:32:55.117,1.32397,1.32405,3.34,2.70
2012.02.13 03:32:55.616,1.32396,1.32404,2.85,1.50
2012.02.13 03:33:04.016,1.32397,1.32405,1.24,2.70
2012.02.13 03:33:05.288,1.32397,1.32405,1.99,2.70
2012.02.13 03:33:05.818,1.32397,1.32405,1.99,2.70
2012.02.13 03:33:06.622,1.32397,1.32405,3.49,2.70
2012.02.13 03:33:07.183,1.32398,1.32405,1.50,2.70
2012.02.13 03:33:07.856,1.32399,1.32407,2.59,2.25
2012.02.13 03:33:08.222,1.324,1.32407,1.50,1.50
2012.02.13 03:33:09.547,1.32401,1.32407,2.70,1.50
2012.02.13 03:33:09.624,1.32401,1.32409,3.34,3.45
2012.02.13 03:33:11.182,1.32401,1.32409,3.34,4.20
2012.02.13 03:33:12.102,1.32401,1.32409,3.34,3.45
2012.02.13 03:33:16.697,1.32401,1.32409,3.26,4.20
2012.02.13 03:33:17.275,1.32401,1.32409,2.59,3.45
2012.02.13 03:33:20.621,1.32401,1.32409,1.84,3.64
2012.02.13 03:33:30.062,1.324,1.32407,1.95,1.50
2012.02.13 03:33:34.077,1.32401,1.32409,1.95,2.14
2012.02.13 03:33:37.030,1.32401,1.32409,1.95,1.20
2012.02.13 03:33:38.111,1.32401,1.32409,1.20,1.95
2012.02.13 03:33:38.822,1.32401,1.32407,2.70,2.25
2012.02.13 03:33:39.175,1.32398,1.32406,1.58,2.25
2012.02.13 03:33:39.702,1.32398,1.32408,3.34,3.83
2012.02.13 03:33:40.251,1.32398,1.32408,3.34,3.64
2012.02.13 03:33:41.476,1.324,1.32408,1.50,2.89
2012.02.13 03:33:41.617,1.32401,1.3241,1.35,2.89
2012.02.13 03:33:42.174,1.32401,1.3241,1.35,4.39
2012.02.13 03:33:43.554,1.32401,1.32409,1.35,1.50
2012.02.13 03:33:43.904,1.32398,1.32405,1.95,1.50
2012.02.13 03:33:43.972,1.32398,1.32405,1.95,1.50
2012.02.13 03:33:44.484,1.32398,1.32406,2.96,1.95
2012.02.13 03:33:45.804,1.32399,1.32408,4.05,3.00
2012.02.13 03:33:46.362,1.32397,1.32406,2.96,1.50
2012.02.13 03:33:47.163,1.32398,1.32406,1.39,1.50
2012.02.13 03:33:52.868,1.32399,1.32408,1.39,1.58
2012.02.13 03:33:53.011,1.32399,1.32408,2.14,2.33
2012.02.13 03:33:54.444,1.32399,1.32408,1.39,3.08
2012.02.13 03:34:01.055,1.32397,1.32405,2.96,1.20
2012.02.13 03:34:13.240,1.32397,1.32405,4.43,2.70
2012.02.13 03:34:14.190,1.32397,1.32405,4.05,2.70
2012.02.13 03:34:14.724,1.32397,1.32405,3.30,2.70
2012.02.13 03:34:16.438,1.32397,1.32403,1.20,1.50
2012.02.13 03:34:16.657,1.32394,1.32402,2.70,1.20
2012.02.13 03:34:17.203,1.32394,1.32402,2.59,1.95
2012.02.13 03:34:19.473,1.32394,1.32402,1.95,1.20
2012.02.13 03:34:19.981,1.32395,1.32403,1.20,2.70
2012.02.13 03:34:20.052,1.32395,1.32401,1.20,1.50
2012.02.13 03:34:20.874,1.32395,1.32403,1.84,2.70
2012.02.13 03:34:21.430,1.32394,1.32402,2.02,1.20
2012.02.13 03:34:26.164,1.32394,1.32401,1.20,1.50
2012.02.13 03:34:26.677,1.32395,1.32401,1.20,1.50
2012.02.13 03:34:26.827,1.32395,1.32403,2.02,1.20
2012.02.13 03:34:27.905,1.32395,1.32405,2.02,3.45
2012.02.13 03:34:29.567,1.32397,1.32405,1.39,2.70
2012.02.13 03:34:30.172,1.32399,1.32406,1.39,1.20
2012.02.13 03:34:39.076,1.32398,1.32406,1.95,2.70
2012.02.13 03:34:39.905,1.32396,1.32404,2.59,1.20
2012.02.13 03:34:47.036,1.32396,1.32403,1.20,1.50
2012.02.13 03:34:48.217,1.32396,1.32404,1.84,1.20
2012.02.13 03:34:51.804,1.32397,1.32403,1.13,1.50
2012.02.13 03:34:52.324,1.32396,1.32403,1.20,1.50
2012.02.13 03:34:52.998,1.32396,1.32404,1.84,1.95
2012.02.13 03:34:54.635,1.32396,1.32404,1.20,1.95
2012.02.13 03:34:55.181,1.32396,1.32404,1.20,1.95
2012.02.13 03:34:55.741,1.32396,1.32402,1.20,1.50
2012.02.13 03:34:56.853,1.32396,1.32404,1.84,3.45
2012.02.13 03:35:01.065,1.32396,1.32404,1.95,1.20
2012.02.13 03:35:03.433,1.32396,1.32404,1.58,1.20
2012.02.13 03:35:03.852,1.32398,1.32406,2.33,1.95
2012.02.13 03:35:03.929,1.32398,1.32406,2.96,1.95
2012.02.13 03:35:04.612,1.32398,1.32406,2.59,3.45
2012.02.13 03:35:07.495,1.32396,1.32404,3.94,1.50
2012.02.13 03:35:08.722,1.32396,1.32404,2.59,1.50
2012.02.13 03:35:09.041,1.32397,1.32406,1.39,3.45
2012.02.13 03:35:10.923,1.32396,1.32404,2.59,1.50
2012.02.13 03:35:11.453,1.32395,1.32404,1.39,2.70
2012.02.13 03:35:17.406,1.32397,1.32404,1.20,1.50
2012.02.13 03:35:17.678,1.32397,1.32407,3.94,2.70
2012.02.13 03:35:18.191,1.32397,1.32407,3.94,2.70
2012.02.13 03:35:18.831,1.32397,1.32407,3.94,3.45
2012.02.13 03:35:19.579,1.32397,1.32407,3.94,2.70
2012.02.13 03:35:24.922,1.32397,1.32407,3.94,3.45
2012.02.13 03:35:24.995,1.32397,1.32405,2.14,1.20
2012.02.13 03:35:25.340,1.32397,1.32404,1.50,3.02
2012.02.13 03:35:25.483,1.32395,1.32401,1.95,1.50
2012.02.13 03:35:26.194,1.32397,1.32405,1.39,3.45
2012.02.13 03:35:29.376,1.32397,1.32403,1.39,1.20
2012.02.13 03:35:29.982,1.32397,1.32403,1.01,1.20
2012.02.13 03:35:30.692,1.32397,1.32405,1.76,1.50
2012.02.13 03:35:31.179,1.32398,1.32406,1.76,1.58
2012.02.13 03:35:31.944,1.32399,1.32407,2.59,1.20
2012.02.13 03:35:34.500,1.32401,1.32407,1.39,1.20
2012.02.13 03:35:34.872,1.32401,1.32408,2.14,1.20
2012.02.13 03:35:34.953,1.32402,1.32409,1.20,3.38
2012.02.13 03:35:35.956,1.32403,1.3241,1.20,1.50
2012.02.13 03:35:45.247,1.32404,1.32411,1.95,1.88
2012.02.13 03:35:46.195,1.32405,1.32412,1.20,3.96
2012.02.13 03:35:46.613,1.32405,1.32414,1.95,1.50
2012.02.13 03:35:46.702,1.32404,1.32416,1.13,1.58
2012.02.13 03:35:46.789,1.32407,1.32415,2.59,5.16
2012.02.13 03:35:46.944,1.32409,1.32415,1.20,1.50
2012.02.13 03:35:47.017,1.32409,1.32417,1.84,1.50
2012.02.13 03:35:47.578,1.32409,1.32419,2.59,2.63
2012.02.13 03:35:48.075,1.32411,1.32419,1.95,1.50
2012.02.13 03:35:48.584,1.32413,1.32418,1.95,1.50
2012.02.13 03:35:49.305,1.32413,1.3242,1.95,1.50
2012.02.13 03:35:49.972,1.32414,1.32421,1.95,1.50
2012.02.13 03:35:50.481,1.32415,1.32422,1.20,1.50
2012.02.13 03:35:51.354,1.32416,1.32423,1.95,1.69
2012.02.13 03:35:53.783,1.32417,1.32424,2.14,1.69
2012.02.13 03:35:54.000,1.32417,1.32425,1.32,1.13
2012.02.13 03:35:54.078,1.32418,1.32425,1.50,2.63
2012.02.13 03:35:56.674,1.3242,1.32425,3.23,1.50
2012.02.13 03:35:56.744,1.32419,1.32427,1.95,1.69
2012.02.13 03:35:57.272,1.3242,1.32428,1.95,1.69
2012.02.13 03:35:57.821,1.32421,1.32429,2.70,1.50
2012.02.13 03:35:58.094,1.32422,1.3243,2.70,1.50
2012.02.13 03:35:58.644,1.32423,1.32431,2.70,1.50
2012.02.13 03:35:59.192,1.32424,1.32432,1.95,2.70
2012.02.13 03:36:00.077,1.32428,1.32435,1.50,1.50
2012.02.13 03:36:03.127,1.32427,1.32435,2.93,1.50
2012.02.13 03:36:03.332,1.32427,1.32435,2.93,1.50
2012.02.13 03:36:04.124,1.3243,1.32435,1.95,1.50
2012.02.13 03:36:04.335,1.3243,1.32438,2.59,3.45
2012.02.13 03:36:05.921,1.3243,1.32438,2.59,3.64
2012.02.13 03:36:06.442,1.3243,1.32438,2.59,4.39
2012.02.13 03:36:09.014,1.3243,1.32438,2.59,4.39
2012.02.13 03:36:10.602,1.3243,1.32438,2.59,3.64
2012.02.13 03:36:11.560,1.3243,1.32438,1.39,3.45
2012.02.13 03:36:13.143,1.3243,1.32438,1.39,3.45
2012.02.13 03:36:15.582,1.3243,1.32438,2.59,3.45
2012.02.13 03:36:33.435,1.3243,1.32437,1.39,1.20
2012.02.13 03:36:37.096,1.32429,1.32437,1.95,3.83
2012.02.13 03:36:43.483,1.32429,1.32437,1.84,2.42
2012.02.13 03:36:43.983,1.32429,1.32437,1.20,2.14
2012.02.13 03:36:44.506,1.32429,1.32437,1.84,1.20
2012.02.13 03:36:46.835,1.32429,1.32437,1.84,1.95
2012.02.13 03:36:48.413,1.32425,1.32434,1.76,2.14
2012.02.13 03:36:48.487,1.32424,1.32434,3.34,3.64
2012.02.13 03:36:48.556,1.32424,1.32431,1.39,1.20
2012.02.13 03:36:48.837,1.32421,1.32429,2.14,1.58
2012.02.13 03:36:48.917,1.3242,1.32427,2.93,1.50
2012.02.13 03:36:49.204,1.32418,1.32427,5.44,1.50
2012.02.13 03:36:49.754,1.32419,1.32427,1.39,2.25
2012.02.13 03:36:50.328,1.32419,1.32427,1.39,1.50
2012.02.13 03:36:54.141,1.32417,1.32425,1.39,1.95
2012.02.13 03:36:54.211,1.32419,1.32425,1.39,1.95
2012.02.13 03:36:54.357,1.32415,1.32423,1.84,2.25
2012.02.13 03:36:54.434,1.32417,1.32425,1.39,2.70
2012.02.13 03:36:54.925,1.32415,1.32425,1.95,1.95
2012.02.13 03:36:54.999,1.32415,1.32425,2.52,1.20
2012.02.13 03:36:55.554,1.32416,1.32424,1.39,1.20
2012.02.13 03:37:00.180,1.32414,1.32424,2.59,1.95
2012.02.13 03:37:02.945,1.32414,1.32424,2.59,2.14
2012.02.13 03:37:06.013,1.32414,1.32424,2.59,2.33
2012.02.13 03:37:09.291,1.32414,1.32424,1.95,2.33
2012.02.13 03:37:12.403,1.32414,1.32424,1.84,1.95
2012.02.13 03:37:13.207,1.32414,1.32424,1.84,1.95
2012.02.13 03:37:14.295,1.32414,1.32421,1.20,1.50
2012.02.13 03:37:14.659,1.3241,1.32418,1.20,2.70
2012.02.13 03:37:14.951,1.32408,1.32416,1.20,1.95
2012.02.13 03:37:15.100,1.32404,1.32413,1.69,1.20
2012.02.13 03:37:15.580,1.32403,1.32413,1.20,1.95
2012.02.13 03:37:16.143,1.32402,1.32412,2.70,1.95
2012.02.13 03:37:16.688,1.32402,1.32412,2.59,1.95
2012.02.13 03:37:17.071,1.324,1.3241,1.95,2.70
2012.02.13 03:37:17.219,1.324,1.3241,1.20,2.70
2012.02.13 03:37:18.734,1.32398,1.32408,2.70,1.95
2012.02.13 03:37:19.284,1.32398,1.32408,1.95,1.95
2012.02.13 03:37:19.826,1.32397,1.32406,2.14,1.95
2012.02.13 03:37:20.327,1.32397,1.32406,1.13,2.14
2012.02.13 03:37:20.874,1.32396,1.32405,1.13,2.70
2012.02.13 03:37:21.375,1.32396,1.32405,1.50,2.14
2012.02.13 03:37:21.894,1.32397,1.32405,1.58,2.89
2012.02.13 03:37:22.426,1.32397,1.32405,1.58,2.14
2012.02.13 03:37:22.928,1.32395,1.32403,4.46,1.20
2012.02.13 03:37:23.020,1.32395,1.32403,3.71,1.20
2012.02.13 03:37:23.434,1.32395,1.32403,1.20,3.64
2012.02.13 03:37:23.793,1.32398,1.32405,3.68,1.50
2012.02.13 03:37:23.935,1.32398,1.32406,3.94,1.13
2012.02.13 03:37:24.475,1.32398,1.32407,4.31,2.63
2012.02.13 03:37:25.586,1.32398,1.32407,4.31,2.44
2012.02.13 03:37:28.574,1.32398,1.32406,2.96,1.20
2012.02.13 03:37:28.774,1.32397,1.32405,1.01,2.70
2012.02.13 03:37:29.338,1.32397,1.32403,1.01,1.58
2012.02.13 03:37:29.887,1.32395,1.32401,1.95,1.50
2012.02.13 03:37:34.454,1.32395,1.32403,3.27,1.20
2012.02.13 03:37:36.575,1.32397,1.32403,1.13,1.20
2012.02.13 03:37:37.148,1.32395,1.32403,2.89,1.20
2012.02.13 03:37:37.356,1.32396,1.32401,1.20,1.50
2012.02.13 03:37:37.502,1.32394,1.32401,1.95,1.50
2012.02.13 03:37:41.875,1.32394,1.32402,2.59,1.95
2012.02.13 03:37:42.226,1.32395,1.32403,1.20,1.50
2012.02.13 03:37:42.778,1.32398,1.32404,1.95,1.50
2012.02.13 03:37:55.692,1.32398,1.32406,1.20,1.95
2012.02.13 03:37:58.159,1.32397,1.32405,1.01,1.20
2012.02.13 03:37:58.434,1.32396,1.32404,1.24,2.25
2012.02.13 03:38:00.012,1.32395,1.32403,3.30,2.25
2012.02.13 03:38:00.153,1.32394,1.32403,1.95,3.00
2012.02.13 03:38:00.827,1.32394,1.32403,1.20,2.25
2012.02.13 03:38:01.384,1.32394,1.324,1.20,1.50
2012.02.13 03:38:01.935,1.32392,1.324,2.70,2.25
2012.02.13 03:38:02.667,1.32392,1.324,1.20,2.25
2012.02.13 03:38:02.884,1.32392,1.32397,1.20,1.50
2012.02.13 03:38:07.096,1.32392,1.32399,1.20,1.50
2012.02.13 03:38:07.167,1.32392,1.324,1.20,1.13
2012.02.13 03:38:07.372,1.32392,1.324,1.20,1.13
2012.02.13 03:38:09.583,1.32392,1.324,1.20,1.88
2012.02.13 03:38:09.653,1.32392,1.324,1.20,1.88
2012.02.13 03:38:13.383,1.32392,1.32401,1.20,3.96
2012.02.13 03:38:14.974,1.32392,1.324,1.20,1.69
2012.02.13 03:38:15.481,1.32392,1.32401,1.20,3.96
2012.02.13 03:38:20.216,1.32389,1.32399,4.69,1.95
2012.02.13 03:38:20.287,1.32389,1.32399,4.69,3.45
2012.02.13 03:38:20.792,1.32389,1.32399,3.94,3.45
2012.02.13 03:38:22.533,1.32389,1.32399,1.84,4.20
2012.02.13 03:38:22.683,1.32389,1.32399,2.59,4.20
2012.02.13 03:38:24.303,1.32389,1.32398,2.59,1.50
2012.02.13 03:38:24.831,1.32389,1.32398,2.59,1.50
2012.02.13 03:38:25.621,1.32389,1.32397,1.39,1.50
2012.02.13 03:38:28.110,1.32389,1.32398,1.39,2.70
2012.02.13 03:38:31.452,1.32389,1.32398,1.84,1.50
2012.02.13 03:38:34.470,1.32389,1.32398,1.84,1.50
2012.02.13 03:38:34.684,1.32389,1.32399,1.84,3.45
2012.02.13 03:38:35.822,1.3239,1.32398,1.20,2.98
2012.02.13 03:38:36.516,1.32388,1.32395,2.33,1.50
2012.02.13 03:38:37.076,1.32388,1.32396,1.84,1.95
2012.02.13 03:38:38.131,1.32388,1.32396,2.21,2.70
2012.02.13 03:38:39.103,1.32388,1.32396,2.21,1.95
2012.02.13 03:38:39.742,1.32388,1.32396,2.21,2.70
2012.02.13 03:38:40.015,1.32388,1.32396,2.59,1.95
2012.02.13 03:38:40.414,1.32388,1.32396,2.59,1.95
2012.02.13 03:38:40.935,1.32388,1.32395,1.20,1.50
2012.02.13 03:38:44.856,1.32389,1.32395,1.20,2.25
2012.02.13 03:38:45.122,1.32389,1.32397,1.84,2.70
2012.02.13 03:38:45.631,1.32389,1.32397,1.84,3.45
2012.02.13 03:38:46.197,1.32389,1.32397,1.84,2.70
2012.02.13 03:38:48.022,1.32389,1.32396,1.20,1.50
2012.02.13 03:38:50.763,1.3239,1.32396,1.20,1.50
2012.02.13 03:39:06.210,1.32392,1.32401,2.14,1.88
2012.02.13 03:39:06.286,1.32392,1.32398,4.24,1.50
2012.02.13 03:39:06.360,1.32393,1.32401,1.35,3.00
2012.02.13 03:39:06.444,1.32395,1.32401,1.20,2.25
2012.02.13 03:39:06.917,1.32397,1.32401,1.20,1.50
2012.02.13 03:39:07.278,1.32396,1.32403,1.95,1.50
2012.02.13 03:39:07.850,1.32397,1.32404,2.33,1.50
2012.02.13 03:39:15.935,1.32396,1.32406,2.59,2.25
2012.02.13 03:39:17.916,1.32397,1.32407,2.96,2.25
2012.02.13 03:39:18.436,1.32397,1.32408,1.76,3.53
2012.02.13 03:39:21.676,1.32398,1.32408,1.39,3.45
2012.02.13 03:39:22.623,1.32399,1.32408,1.39,1.95
2012.02.13 03:39:28.478,1.32399,1.32409,1.01,2.33
2012.02.13 03:39:28.635,1.32404,1.32411,3.09,1.20
2012.02.13 03:39:28.713,1.32401,1.32411,3.34,1.95
2012.02.13 03:39:28.789,1.324,1.32407,7.20,1.50
2012.02.13 03:39:29.009,1.32397,1.32405,6.82,1.20
2012.02.13 03:39:29.553,1.32395,1.32405,3.54,1.95
2012.02.13 03:39:30.104,1.32395,1.32405,2.59,3.45
2012.02.13 03:39:30.943,1.32395,1.32405,2.59,3.45
2012.02.13 03:39:32.902,1.32395,1.32405,2.59,3.45
2012.02.13 03:39:33.452,1.32395,1.32405,2.59,3.45
2012.02.13 03:39:33.797,1.32395,1.32403,2.46,3.45
2012.02.13 03:39:34.004,1.32392,1.324,1.20,2.25
2012.02.13 03:39:34.272,1.32392,1.32401,2.59,2.25
2012.02.13 03:39:34.910,1.32394,1.32405,1.39,3.45
2012.02.13 03:39:35.600,1.32395,1.32405,3.07,3.73
2012.02.13 03:39:36.095,1.32401,1.32405,1.20,1.78
2012.02.13 03:39:36.376,1.32401,1.32407,1.20,1.50
2012.02.13 03:39:38.049,1.32403,1.32407,1.20,1.50
2012.02.13 03:39:38.441,1.32403,1.32411,1.84,4.58
2012.02.13 03:39:39.183,1.32403,1.32411,2.59,3.45
2012.02.13 03:39:39.707,1.32403,1.32411,2.59,3.45
2012.02.13 03:39:39.849,1.32403,1.32411,1.57,2.25
2012.02.13 03:39:40.210,1.32404,1.32413,1.39,2.25
2012.02.13 03:39:42.130,1.32405,1.32413,1.01,2.25
2012.02.13 03:39:42.694,1.32407,1.32413,1.13,1.50
2012.02.13 03:39:42.976,1.32409,1.32416,1.95,1.58
2012.02.13 03:39:43.607,1.32409,1.32417,1.20,1.88
2012.02.13 03:39:43.692,1.32409,1.32418,1.20,2.25
2012.02.13 03:39:44.244,1.32413,1.3242,1.95,1.50
2012.02.13 03:39:45.614,1.32413,1.3242,1.95,1.50
2012.02.13 03:39:45.695,1.32413,1.3242,1.39,1.50
2012.02.13 03:39:45.768,1.32413,1.32422,1.39,1.50
2012.02.13 03:39:46.694,1.32413,1.32422,1.77,1.50
2012.02.13 03:39:47.232,1.32417,1.32423,1.01,1.20
2012.02.13 03:39:48.815,1.32417,1.32423,1.01,1.20
2012.02.13 03:39:49.523,1.32417,1.32423,1.76,1.20
2012.02.13 03:39:49.741,1.32417,1.32425,1.76,3.45
2012.02.13 03:39:49.954,1.32421,1.32428,1.20,3.38
2012.02.13 03:39:50.025,1.32421,1.32429,1.95,1.13
2012.02.13 03:39:52.422,1.32418,1.32426,1.39,1.20
2012.02.13 03:39:52.498,1.32417,1.32426,1.01,1.95
2012.02.13 03:39:52.576,1.32421,1.32428,1.20,2.25
2012.02.13 03:39:52.650,1.32421,1.32428,1.20,2.53
2012.02.13 03:39:53.113,1.3242,1.32427,2.63,1.50
2012.02.13 03:39:53.383,1.32421,1.32428,1.20,1.50
2012.02.13 03:39:53.453,1.32421,1.3243,1.20,3.19
2012.02.13 03:39:53.965,1.32421,1.3243,1.20,2.44
2012.02.13 03:39:57.273,1.32421,1.3243,1.20,2.25
2012.02.13 03:39:57.654,1.32423,1.3243,1.20,1.50
2012.02.13 03:39:58.193,1.32423,1.32431,1.95,1.50
2012.02.13 03:39:58.552,1.32423,1.32429,1.95,1.50
2012.02.13 03:39:58.900,1.3242,1.32426,2.10,1.20
2012.02.13 03:39:59.192,1.32419,1.32423,1.20,1.50
2012.02.13 03:39:59.406,1.32418,1.32425,1.20,1.13
2012.02.13 03:39:59.936,1.32423,1.32427,1.20,1.50
2012.02.13 03:40:01.154,1.32423,1.32429,1.95,1.50
2012.02.13 03:40:07.822,1.32423,1.32429,1.95,1.50
2012.02.13 03:40:07.894,1.32423,1.32427,1.20,1.50
2012.02.13 03:40:09.777,1.32423,1.32427,1.95,1.50
2012.02.13 03:40:12.964,1.32423,1.32431,1.95,1.50
2012.02.13 03:40:14.472,1.32423,1.32428,1.95,1.50
2012.02.13 03:40:17.213,1.32422,1.32428,1.95,1.50
2012.02.13 03:40:17.808,1.32422,1.32431,1.95,1.50
2012.02.13 03:40:17.887,1.32422,1.32431,1.95,1.50
2012.02.13 03:40:18.093,1.32422,1.32428,1.95,1.50
2012.02.13 03:40:20.249,1.32419,1.32428,1.35,2.70
2012.02.13 03:40:20.328,1.32418,1.32428,4.12,2.70
2012.02.13 03:40:20.613,1.32419,1.32427,1.20,2.91
2012.02.13 03:40:21.036,1.32419,1.32425,1.20,1.50
2012.02.13 03:40:21.323,1.32414,1.32425,2.02,1.50
2012.02.13 03:40:21.876,1.32414,1.32424,2.02,1.50
2012.02.13 03:40:23.475,1.32415,1.32424,1.13,2.25
2012.02.13 03:40:23.618,1.32415,1.32422,1.13,1.50
2012.02.13 03:40:24.256,1.32415,1.32425,1.76,1.50
2012.02.13 03:40:24.785,1.32415,1.32425,1.76,2.25
2012.02.13 03:40:25.567,1.32415,1.32425,1.76,1.50
2012.02.13 03:40:25.929,1.32418,1.32424,1.20,1.50
2012.02.13 03:40:26.244,1.32418,1.32426,1.95,1.69
2012.02.13 03:40:26.775,1.32423,1.32428,1.95,1.50
2012.02.13 03:40:36.733,1.32419,1.32428,1.84,2.25
2012.02.13 03:40:36.880,1.3242,1.32425,4.58,1.20
2012.02.13 03:40:37.029,1.32416,1.32422,1.50,2.70
2012.02.13 03:40:37.570,1.32415,1.32422,1.50,2.70
2012.02.13 03:40:37.875,1.32417,1.32422,1.20,1.50
2012.02.13 03:40:38.093,1.32417,1.32426,2.33,2.25
2012.02.13 03:40:38.168,1.32421,1.32428,1.20,1.03
2012.02.13 03:40:38.527,1.32421,1.32429,1.20,4.39
2012.02.13 03:40:39.037,1.32421,1.32429,1.95,4.39
2012.02.13 03:40:39.539,1.32421,1.32429,1.20,4.39
2012.02.13 03:40:40.304,1.32421,1.32429,1.95,4.39
2012.02.13 03:41:05.208,1.32421,1.32429,1.20,3.45
2012.02.13 03:41:05.911,1.32421,1.32429,1.20,2.70
2012.02.13 03:41:06.681,1.32421,1.32429,1.20,3.45
2012.02.13 03:41:06.899,1.32421,1.32429,1.20,3.75
2012.02.13 03:41:06.980,1.32421,1.32428,2.21,1.20
2012.02.13 03:41:07.058,1.32421,1.32427,4.11,1.50
2012.02.13 03:41:07.281,1.3242,1.32426,1.20,1.50
2012.02.13 03:41:07.980,1.32418,1.32426,2.59,2.70
2012.02.13 03:41:08.183,1.32415,1.32422,1.57,1.20
2012.02.13 03:41:08.396,1.32416,1.32425,1.58,2.25
2012.02.13 03:41:08.935,1.32417,1.32425,1.13,1.50
2012.02.13 03:41:09.597,1.32418,1.32426,2.33,1.95
2012.02.13 03:41:16.002,1.32418,1.32425,1.13,1.20
2012.02.13 03:41:16.215,1.32416,1.32424,1.01,2.25
2012.02.13 03:41:16.290,1.32415,1.32424,1.01,3.45
2012.02.13 03:41:16.503,1.32414,1.32424,1.39,2.70
2012.02.13 03:41:16.576,1.32412,1.32424,3.34,3.45
2012.02.13 03:41:16.775,1.32412,1.3242,1.95,1.50
2012.02.13 03:41:17.792,1.32412,1.32422,1.84,2.25
2012.02.13 03:41:18.182,1.32412,1.32423,1.84,2.25
2012.02.13 03:41:18.535,1.32411,1.32423,1.84,3.45
2012.02.13 03:41:18.949,1.32411,1.3242,1.20,2.25
2012.02.13 03:41:19.478,1.32411,1.3242,1.95,2.25
2012.02.13 03:41:20.291,1.32411,1.3242,1.20,2.25
2012.02.13 03:41:21.612,1.32411,1.3242,1.20,2.25
2012.02.13 03:41:25.483,1.32413,1.3242,1.20,2.25
2012.02.13 03:41:26.010,1.32413,1.3242,1.20,2.25
2012.02.13 03:41:26.597,1.32413,1.32421,1.84,1.95
2012.02.13 03:41:27.126,1.32411,1.32422,2.96,2.25
2012.02.13 03:41:27.442,1.32411,1.32422,2.96,2.25
2012.02.13 03:41:27.512,1.32411,1.32422,2.96,2.25
2012.02.13 03:41:27.643,1.32411,1.32422,2.96,2.25
2012.02.13 03:41:28.202,1.32411,1.32422,2.21,2.25
2012.02.13 03:41:28.724,1.32411,1.32422,2.96,2.25
2012.02.13 03:41:29.102,1.32411,1.32422,2.96,2.25
2012.02.13 03:41:29.173,1.32411,1.32422,2.96,2.25
2012.02.13 03:41:29.542,1.32411,1.32422,2.77,2.25
2012.02.13 03:41:30.112,1.32411,1.32422,2.77,2.25
2012.02.13 03:41:30.301,1.32411,1.32422,2.77,2.25
2012.02.13 03:41:30.851,1.32411,1.32422,2.02,2.25
2012.02.13 03:41:31.461,1.32411,1.32422,2.77,2.25
2012.02.13 03:41:31.782,1.32411,1.32422,2.77,2.25
2012.02.13 03:41:32.042,1.32411,1.32422,2.77,2.25
2012.02.13 03:41:32.231,1.32411,1.32422,2.77,2.25
2012.02.13 03:41:32.741,1.32411,1.32422,2.02,2.25
2012.02.13 03:41:33.402,1.32411,1.32422,2.59,2.25
2012.02.13 03:41:34.204,1.32411,1.3242,2.59,1.50
2012.02.13 03:41:43.313,1.32412,1.32422,1.01,2.25
2012.02.13 03:41:43.739,1.32411,1.32421,1.20,3.08
2012.02.13 03:41:44.096,1.32412,1.32419,1.71,1.95
2012.02.13 03:41:44.228,1.3241,1.32419,2.34,1.95
2012.02.13 03:41:44.310,1.32411,1.32417,1.71,1.20
2012.02.13 03:41:44.810,1.3241,1.32417,1.71,1.20
2012.02.13 03:41:45.076,1.32408,1.32417,1.13,1.20
2012.02.13 03:41:45.632,1.32407,1.32417,2.91,1.95
2012.02.13 03:41:46.887,1.32407,1.32417,2.91,1.95
2012.02.13 03:41:47.443,1.32407,1.32417,1.39,1.95
2012.02.13 03:41:48.136,1.32407,1.32417,1.20,1.95
2012.02.13 03:41:50.782,1.32407,1.32417,1.20,1.95
2012.02.13 03:41:50.936,1.32407,1.32417,1.20,2.14
2012.02.13 03:41:51.132,1.32409,1.32413,1.20,1.50
2012.02.13 03:41:52.801,1.32403,1.32413,1.95,2.89
2012.02.13 03:41:53.307,1.32403,1.32407,1.95,1.50
2012.02.13 03:41:57.428,1.32404,1.32411,1.20,2.25
2012.02.13 03:42:02.263,1.32404,1.3241,1.20,1.50
2012.02.13 03:42:09.243,1.32406,1.3241,1.20,1.50
2012.02.13 03:42:09.605,1.32406,1.32414,2.33,1.20
2012.02.13 03:42:10.613,1.32406,1.3241,1.95,1.50
2012.02.13 03:42:17.732,1.32405,1.3241,1.95,1.50
2012.02.13 03:42:23.671,1.32404,1.3241,1.20,1.50
2012.02.13 03:42:30.911,1.32402,1.3241,1.73,1.50
2012.02.13 03:42:30.987,1.32402,1.32407,1.73,1.50
2012.02.13 03:42:31.334,1.32401,1.32405,1.20,1.50
2012.02.13 03:42:33.297,1.324,1.32405,1.95,1.50
2012.02.13 03:42:40.454,1.32399,1.32405,2.70,1.50
2012.02.13 03:42:41.099,1.32399,1.32407,3.34,1.50
2012.02.13 03:42:46.605,1.32399,1.32406,1.95,1.50
2012.02.13 03:42:49.016,1.32397,1.32406,3.82,1.95
2012.02.13 03:42:49.383,1.32398,1.32403,1.95,1.50
2012.02.13 03:42:49.742,1.32395,1.32404,1.95,3.64
2012.02.13 03:42:50.297,1.32392,1.32401,1.95,2.70
2012.02.13 03:42:50.989,1.32392,1.32401,1.95,1.50
2012.02.13 03:42:51.725,1.32394,1.32402,1.39,3.45
2012.02.13 03:42:53.973,1.32392,1.324,2.59,1.50
2012.02.13 03:42:54.481,1.32392,1.324,2.59,1.50
2012.02.13 03:42:54.996,1.32392,1.324,2.59,1.50
2012.02.13 03:42:55.497,1.32392,1.32402,2.59,1.39
2012.02.13 03:42:56.748,1.32393,1.32402,1.39,2.14
2012.02.13 03:42:57.312,1.32393,1.32402,1.39,1.20
2012.02.13 03:43:00.906,1.32394,1.32403,1.20,1.50
2012.02.13 03:43:01.232,1.32394,1.32403,1.95,1.50
2012.02.13 03:43:01.775,1.32396,1.32404,1.39,2.70
2012.02.13 03:43:07.515,1.32397,1.32404,1.13,2.70
2012.02.13 03:43:08.993,1.32396,1.32404,1.39,2.70
2012.02.13 03:43:11.612,1.32397,1.32404,1.13,2.70
2012.02.13 03:43:13.956,1.32397,1.32404,1.13,1.50
2012.02.13 03:43:14.413,1.32395,1.32404,2.59,1.50
2012.02.13 03:43:14.916,1.32396,1.32404,1.39,1.50
2012.02.13 03:43:15.423,1.32396,1.32404,1.39,1.50
2012.02.13 03:43:30.764,1.32395,1.32404,2.59,2.40
2012.02.13 03:43:32.819,1.32397,1.32404,1.13,2.85
2012.02.13 03:43:35.044,1.32397,1.32404,2.70,1.65
2012.02.13 03:43:37.724,1.32399,1.32407,1.20,3.75
2012.02.13 03:43:38.274,1.32399,1.32406,1.20,1.05
2012.02.13 03:43:42.086,1.32399,1.32406,1.20,1.05
2012.02.13 03:43:42.153,1.32396,1.32404,1.84,1.35
2012.02.13 03:43:42.663,1.32396,1.32404,1.20,1.35
2012.02.13 03:43:49.832,1.32396,1.32404,1.20,1.35
2012.02.13 03:43:50.352,1.32396,1.32404,1.20,2.10
2012.02.13 03:43:54.821,1.32396,1.32404,1.95,1.35
2012.02.13 03:43:59.483,1.32396,1.32404,1.95,1.35
2012.02.13 03:44:02.924,1.32396,1.32404,1.95,1.35
2012.02.13 03:44:03.541,1.32396,1.32404,1.95,1.35
2012.02.13 03:44:04.052,1.32396,1.32404,1.95,1.35
2012.02.13 03:44:04.648,1.32396,1.32404,1.95,1.35
2012.02.13 03:44:05.201,1.32396,1.32404,1.95,1.35
2012.02.13 03:44:05.893,1.32396,1.32404,1.95,1.35
2012.02.13 03:44:11.125,1.32396,1.32404,1.95,1.35
2012.02.13 03:44:11.663,1.32396,1.32404,1.95,1.35
2012.02.13 03:44:14.373,1.32397,1.32405,1.95,2.85
2012.02.13 03:44:18.859,1.32399,1.32405,1.95,1.50
2012.02.13 03:44:19.075,1.32399,1.32409,3.34,3.60
2012.02.13 03:44:19.204,1.32399,1.32409,3.34,4.20
2012.02.13 03:44:20.063,1.32401,1.32409,1.95,3.00
2012.02.13 03:44:20.725,1.32401,1.32409,1.95,1.50
2012.02.13 03:44:21.282,1.32401,1.32409,1.95,2.25
2012.02.13 03:44:21.605,1.32399,1.32407,1.39,1.20
2012.02.13 03:44:21.947,1.32397,1.32404,1.39,1.20
2012.02.13 03:44:22.283,1.32396,1.32404,2.59,1.95
2012.02.13 03:44:29.062,1.32397,1.32404,1.13,2.70
2012.02.13 03:44:29.880,1.32398,1.32404,1.13,2.70
2012.02.13 03:44:30.492,1.32397,1.32404,1.13,2.70
2012.02.13 03:44:33.356,1.32397,1.32404,1.13,2.70
2012.02.13 03:44:33.428,1.32397,1.32404,1.13,2.70
2012.02.13 03:44:34.105,1.32398,1.32404,1.13,1.50
2012.02.13 03:44:34.375,1.32397,1.32407,2.96,3.45
2012.02.13 03:44:36.508,1.32398,1.32407,1.13,3.45
2012.02.13 03:44:39.181,1.32397,1.32407,2.96,3.45
2012.02.13 03:44:41.107,1.32398,1.32407,1.13,3.45
2012.02.13 03:44:45.667,1.32397,1.32407,2.96,3.45
2012.02.13 03:44:49.368,1.32398,1.32407,1.13,3.45
2012.02.13 03:44:51.289,1.32398,1.32407,1.13,3.45
2012.02.13 03:44:51.834,1.32398,1.32405,1.13,1.95
2012.02.13 03:44:52.667,1.32398,1.32406,2.33,1.20
2012.02.13 03:44:53.707,1.32398,1.32406,2.33,1.20
2012.02.13 03:44:57.672,1.32399,1.32407,1.20,3.45
2012.02.13 03:45:04.754,1.32398,1.32406,1.13,1.20
2012.02.13 03:45:05.804,1.32397,1.32404,2.74,1.20
2012.02.13 03:45:06.328,1.32395,1.32404,1.39,1.20
2012.02.13 03:45:08.865,1.32395,1.32404,1.39,1.20
2012.02.13 03:45:09.732,1.32395,1.32404,1.39,1.95
2012.02.13 03:45:10.343,1.32395,1.32404,1.39,1.95
2012.02.13 03:45:11.601,1.32395,1.32404,1.39,1.20
2012.02.13 03:45:12.029,1.32396,1.32405,2.14,1.50
2012.02.13 03:45:12.474,1.32395,1.32404,2.32,1.95
2012.02.13 03:45:13.024,1.32395,1.32404,1.39,1.20
2012.02.13 03:45:13.585,1.32394,1.32402,1.95,1.20
2012.02.13 03:45:15.458,1.32393,1.32402,1.39,1.20
2012.02.13 03:45:15.973,1.32392,1.32401,2.33,1.50
2012.02.13 03:45:16.805,1.32392,1.324,2.33,1.20
2012.02.13 03:45:16.935,1.32392,1.324,2.33,1.20
2012.02.13 03:45:20.775,1.32392,1.324,1.95,1.20
2012.02.13 03:45:21.032,1.32392,1.324,1.95,1.20
2012.02.13 03:45:22.835,1.32392,1.324,1.95,1.20
2012.02.13 03:45:23.407,1.32392,1.324,1.95,1.20
2012.02.13 03:45:31.235,1.32392,1.324,1.95,1.95
2012.02.13 03:45:31.366,1.32392,1.32398,1.95,1.50
2012.02.13 03:45:34.421,1.32392,1.324,1.20,1.20
2012.02.13 03:45:40.796,1.32392,1.324,1.95,1.39
2012.02.13 03:45:41.386,1.32392,1.324,1.95,1.39
2012.02.13 03:45:42.536,1.32392,1.32398,1.95,1.50
2012.02.13 03:45:42.863,1.32392,1.32396,1.20,1.50
2012.02.13 03:45:48.116,1.3239,1.32396,1.95,1.50
2012.02.13 03:45:48.535,1.32388,1.32396,1.95,2.70
2012.02.13 03:45:49.057,1.32388,1.32394,1.95,1.50
2012.02.13 03:45:49.199,1.32388,1.32396,1.95,2.70
2012.02.13 03:45:49.652,1.32388,1.32396,2.33,2.70
2012.02.13 03:45:51.446,1.3239,1.32398,3.34,1.58
2012.02.13 03:45:51.841,1.3239,1.32398,3.34,1.20
2012.02.13 03:45:51.916,1.3239,1.32398,3.34,1.20
2012.02.13 03:45:53.488,1.32391,1.32399,1.20,1.20
2012.02.13 03:46:00.185,1.32391,1.32397,1.20,1.50
2012.02.13 03:46:07.665,1.32391,1.32399,3.34,3.45
2012.02.13 03:46:12.109,1.32391,1.32399,2.59,2.70
2012.02.13 03:46:12.694,1.32391,1.32399,3.34,2.70
2012.02.13 03:46:13.834,1.32391,1.32399,4.09,2.70
2012.02.13 03:46:14.363,1.32392,1.32399,1.39,1.20
2012.02.13 03:46:16.408,1.32391,1.32399,2.77,1.20
2012.02.13 03:46:17.885,1.32392,1.32399,1.39,1.20
2012.02.13 03:46:24.827,1.32392,1.32399,1.39,1.20
2012.02.13 03:46:25.421,1.32392,1.32399,1.39,1.20
2012.02.13 03:46:26.085,1.32392,1.32399,1.39,1.20
2012.02.13 03:46:26.496,1.32392,1.32399,1.39,1.20
2012.02.13 03:46:28.167,1.32394,1.32402,1.20,2.70
2012.02.13 03:46:54.004,1.32394,1.32402,1.20,3.45
2012.02.13 03:46:55.933,1.32394,1.32402,1.20,3.45
2012.02.13 03:46:57.485,1.32394,1.32402,1.20,2.70
2012.02.13 03:46:57.997,1.32394,1.32402,1.20,3.45
2012.02.13 03:46:58.399,1.32393,1.32399,1.95,1.50
2012.02.13 03:46:59.407,1.32393,1.32397,1.20,1.50
2012.02.13 03:47:07.019,1.32391,1.32397,1.20,1.50
2012.02.13 03:47:29.999,1.32393,1.32397,1.20,1.50
2012.02.13 03:47:46.523,1.32394,1.32398,2.10,1.20
2012.02.13 03:47:46.602,1.32394,1.32399,1.20,1.50
2012.02.13 03:47:46.754,1.32395,1.32399,1.20,3.00
2012.02.13 03:47:46.847,1.32395,1.32401,1.84,1.50
2012.02.13 03:47:46.991,1.32395,1.32402,1.39,1.50
2012.02.13 03:47:47.070,1.32395,1.32404,1.39,1.95
2012.02.13 03:47:47.636,1.32395,1.32405,2.59,1.95
2012.02.13 03:47:48.058,1.32396,1.32406,2.59,1.95
2012.02.13 03:47:48.125,1.32398,1.32406,1.39,1.95
2012.02.13 03:47:50.367,1.32399,1.32407,1.39,1.20
2012.02.13 03:47:51.884,1.324,1.32407,1.39,1.20
2012.02.13 03:47:52.305,1.324,1.32409,1.39,1.95
2012.02.13 03:47:52.947,1.324,1.3241,1.76,1.50
2012.02.13 03:47:53.098,1.32402,1.3241,1.39,1.20
2012.02.13 03:47:54.313,1.32404,1.3241,1.20,2.25
2012.02.13 03:47:55.405,1.32404,1.32412,1.84,4.20
2012.02.13 03:47:57.970,1.32404,1.32413,2.59,3.45
2012.02.13 03:47:58.907,1.32406,1.32413,1.30,4.20
2012.02.13 03:47:59.261,1.32405,1.32416,2.10,7.20
2012.02.13 03:47:59.874,1.32407,1.32415,7.41,2.70
2012.02.13 03:48:00.227,1.32408,1.32415,1.95,1.50
2012.02.13 03:48:00.786,1.32408,1.32416,1.39,1.50
2012.02.13 03:48:01.304,1.32409,1.32417,1.20,1.50
2012.02.13 03:48:02.021,1.32409,1.32419,1.84,1.95
2012.02.13 03:48:02.547,1.3241,1.32419,1.39,1.95
2012.02.13 03:48:03.251,1.32411,1.32419,2.59,1.50
2012.02.13 03:48:04.223,1.32411,1.3242,1.39,2.70
2012.02.13 03:48:04.755,1.32412,1.3242,2.59,2.70
2012.02.13 03:48:06.657,1.32413,1.32421,1.57,1.50
2012.02.13 03:48:07.236,1.32414,1.32422,1.39,1.50
2012.02.13 03:48:07.892,1.32415,1.32423,1.39,1.50
2012.02.13 03:48:08.093,1.32416,1.32424,1.39,1.50
2012.02.13 03:48:08.284,1.32416,1.32425,1.39,1.95
2012.02.13 03:48:08.634,1.32416,1.32426,1.39,1.95
2012.02.13 03:48:09.553,1.32415,1.32428,1.57,1.95
2012.02.13 03:48:09.874,1.32416,1.32428,1.39,1.95
2012.02.13 03:48:11.024,1.32417,1.32428,1.39,1.95
2012.02.13 03:48:11.715,1.32417,1.32429,1.39,1.95
2012.02.13 03:48:13.588,1.32418,1.32429,1.39,2.25
2012.02.13 03:48:14.112,1.32419,1.32429,1.39,2.25
2012.02.13 03:48:15.366,1.3242,1.3243,1.39,1.50
2012.02.13 03:48:16.201,1.3242,1.32432,1.39,4.58
2012.02.13 03:48:18.586,1.32422,1.32432,1.39,1.78
2012.02.13 03:48:19.133,1.32425,1.32435,1.39,1.78
2012.02.13 03:48:19.728,1.32425,1.32435,1.39,1.78
2012.02.13 03:48:20.277,1.32425,1.32435,1.39,1.78
2012.02.13 03:48:21.041,1.32425,1.32435,1.39,1.78
2012.02.13 03:48:24.702,1.32425,1.32435,1.39,1.78
2012.02.13 03:48:26.033,1.32427,1.32436,1.39,1.03
2012.02.13 03:48:27.364,1.32426,1.32436,1.39,1.03
2012.02.13 03:48:27.878,1.32425,1.32436,1.39,1.03
2012.02.13 03:48:28.771,1.32425,1.32436,1.39,1.03
2012.02.13 03:48:29.584,1.32425,1.32436,1.39,1.03
2012.02.13 03:48:30.172,1.32427,1.32435,1.39,1.50
2012.02.13 03:48:42.442,1.32426,1.32435,1.61,2.25
2012.02.13 03:48:42.786,1.32428,1.32438,2.06,2.70
2012.02.13 03:48:43.187,1.32431,1.32439,1.20,4.20
2012.02.13 03:48:43.714,1.32431,1.32439,1.20,3.45
2012.02.13 03:48:46.602,1.32431,1.32439,1.20,3.45
2012.02.13 03:48:52.346,1.32431,1.32439,1.20,2.25
2012.02.13 03:48:52.695,1.32431,1.32441,2.59,2.25
2012.02.13 03:48:53.224,1.32431,1.32441,1.20,2.25
2012.02.13 03:48:55.243,1.32431,1.32441,2.59,2.25
2012.02.13 03:48:55.693,1.32431,1.32439,1.84,1.50
2012.02.13 03:48:56.295,1.32432,1.32439,1.32,1.50
2012.02.13 03:48:56.513,1.32432,1.32439,1.50,1.50
2012.02.13 03:48:56.591,1.32435,1.32441,1.20,2.25
2012.02.13 03:48:57.097,1.32433,1.32443,2.21,3.45
2012.02.13 03:48:57.656,1.32433,1.32438,1.20,1.50
2012.02.13 03:48:58.114,1.32433,1.3244,1.20,1.50
2012.02.13 03:49:03.355,1.32432,1.3244,2.59,1.50
2012.02.13 03:49:04.963,1.32432,1.32439,1.95,1.50
2012.02.13 03:49:06.058,1.32432,1.32442,2.02,1.95
2012.02.13 03:49:06.460,1.32433,1.32443,2.25,1.20
2012.02.13 03:49:06.956,1.32432,1.32443,1.39,1.95
2012.02.13 03:49:07.367,1.32431,1.32441,1.95,2.25
2012.02.13 03:49:09.683,1.32432,1.32441,1.39,2.25
2012.02.13 03:49:10.274,1.32432,1.32441,1.57,1.50
2012.02.13 03:49:11.417,1.32433,1.32441,1.39,2.25
2012.02.13 03:49:11.765,1.32436,1.32444,1.84,1.20
2012.02.13 03:49:12.086,1.32436,1.32444,7.84,1.95
2012.02.13 03:49:12.689,1.32436,1.32444,7.84,1.20
2012.02.13 03:49:24.063,1.32437,1.32444,1.69,1.20
2012.02.13 03:49:24.485,1.32436,1.32444,6.26,1.95
2012.02.13 03:49:24.560,1.32434,1.32439,8.23,1.20
2012.02.13 03:49:24.789,1.32434,1.32439,1.13,1.20
2012.02.13 03:49:25.328,1.32434,1.32441,1.39,1.20
2012.02.13 03:49:25.539,1.32434,1.32443,1.13,1.20
2012.02.13 03:49:25.620,1.32434,1.32441,2.51,1.20
2012.02.13 03:49:25.771,1.32434,1.32443,1.13,1.50
2012.02.13 03:49:25.988,1.32435,1.32444,2.53,1.50
2012.02.13 03:49:26.533,1.32436,1.32445,4.88,2.70
2012.02.13 03:49:30.103,1.32438,1.32445,1.50,2.70
2012.02.13 03:49:31.364,1.32438,1.32445,1.50,2.70
2012.02.13 03:49:40.385,1.32436,1.32444,1.50,1.20
2012.02.13 03:49:40.458,1.32435,1.32443,4.54,1.95
2012.02.13 03:49:40.528,1.32434,1.3244,2.14,1.50
2012.02.13 03:49:40.918,1.32435,1.3244,4.65,1.50
2012.02.13 03:49:41.202,1.32436,1.32444,1.54,1.20
2012.02.13 03:49:43.966,1.32437,1.32445,1.50,1.95
2012.02.13 03:49:44.111,1.32436,1.32443,1.50,1.50
2012.02.13 03:49:44.188,1.32435,1.32443,5.85,1.50
2012.02.13 03:49:44.329,1.32437,1.32443,1.50,1.50
2012.02.13 03:49:44.784,1.32437,1.32445,1.50,1.95
2012.02.13 03:49:50.202,1.32436,1.32445,3.26,1.95
2012.02.13 03:49:52.764,1.32436,1.32445,2.51,1.95
2012.02.13 03:49:53.242,1.32436,1.32445,1.76,1.95
2012.02.13 03:49:54.444,1.32436,1.32443,1.39,1.20
2012.02.13 03:49:54.799,1.32433,1.3244,2.33,1.50
2012.02.13 03:49:55.203,1.32434,1.32442,1.01,4.50
2012.02.13 03:49:55.277,1.32434,1.32442,1.01,4.50
2012.02.13 03:49:55.559,1.32434,1.32442,2.14,3.15
2012.02.13 03:49:55.777,1.32434,1.32443,1.39,1.48
2012.02.13 03:49:58.609,1.32433,1.32442,2.61,1.20
2012.02.13 03:49:58.910,1.32432,1.32439,3.23,1.50
2012.02.13 03:49:59.266,1.32435,1.32442,2.14,3.75
2012.02.13 03:49:59.623,1.32436,1.3244,1.13,1.50
2012.02.13 03:49:59.764,1.32434,1.32443,3.49,1.20
2012.02.13 03:50:01.197,1.32436,1.32442,1.39,1.20
2012.02.13 03:50:01.343,1.32435,1.32442,2.14,1.20
2012.02.13 03:50:01.559,1.32435,1.32441,1.50,1.50
2012.02.13 03:50:01.626,1.32434,1.32444,1.95,1.20
2012.02.13 03:50:02.153,1.32434,1.32444,1.95,1.95
2012.02.13 03:50:05.430,1.32435,1.32444,1.39,2.70
2012.02.13 03:50:05.932,1.32435,1.32444,1.57,2.70
2012.02.13 03:50:08.555,1.32435,1.32444,1.57,2.70
2012.02.13 03:50:09.654,1.32435,1.32444,1.57,2.70
2012.02.13 03:50:10.295,1.32435,1.32444,1.57,2.70
2012.02.13 03:50:10.864,1.32435,1.32444,2.32,2.70
2012.02.13 03:50:12.002,1.32435,1.32444,1.57,2.70
2012.02.13 03:50:12.353,1.32434,1.32442,1.84,4.05
2012.02.13 03:50:12.432,1.32434,1.32442,1.20,4.80
2012.02.13 03:50:12.513,1.32434,1.32441,1.84,3.75
2012.02.13 03:50:12.685,1.32433,1.32441,1.20,1.95
2012.02.13 03:50:13.174,1.32432,1.3244,1.95,1.95
2012.02.13 03:50:13.533,1.32435,1.32441,1.39,1.50
2012.02.13 03:50:14.047,1.32435,1.32442,2.14,1.20
2012.02.13 03:50:14.588,1.32435,1.32442,2.14,1.20
2012.02.13 03:50:16.023,1.32435,1.32442,2.32,1.20
2012.02.13 03:50:16.243,1.32434,1.32443,2.70,2.44
2012.02.13 03:50:16.316,1.32434,1.32444,2.96,2.70
2012.02.13 03:50:17.085,1.32434,1.32441,1.50,1.20
2012.02.13 03:50:17.163,1.32434,1.32438,1.50,2.70
2012.02.13 03:50:17.888,1.32434,1.32443,1.88,1.95
2012.02.13 03:50:17.966,1.32435,1.32443,2.14,1.95
2012.02.13 03:50:18.112,1.32437,1.32445,3.34,1.95
2012.02.13 03:50:18.663,1.32439,1.32445,2.14,1.20
2012.02.13 03:50:19.213,1.32439,1.32445,2.14,1.20
2012.02.13 03:50:19.741,1.32439,1.32445,2.14,1.20
2012.02.13 03:50:20.275,1.32437,1.32445,4.46,1.20
2012.02.13 03:50:20.864,1.32437,1.32443,3.07,1.20
2012.02.13 03:50:21.404,1.32437,1.32444,2.32,1.20
2012.02.13 03:50:22.017,1.32436,1.3244,2.85,1.20
2012.02.13 03:50:22.090,1.32433,1.32442,1.20,1.50
2012.02.13 03:50:22.172,1.32433,1.32444,1.95,2.16
2012.02.13 03:50:22.390,1.32436,1.32445,1.80,1.20
2012.02.13 03:50:22.610,1.32437,1.32441,1.20,1.50
2012.02.13 03:50:22.690,1.32437,1.32445,2.59,1.20
2012.02.13 03:50:23.700,1.32437,1.32445,2.59,1.20
2012.02.13 03:50:24.889,1.32437,1.32445,2.59,1.95
2012.02.13 03:50:25.914,1.32437,1.32445,3.34,1.20
2012.02.13 03:50:31.252,1.32437,1.32445,2.59,1.95
2012.02.13 03:50:31.795,1.32437,1.32445,2.14,1.95
2012.02.13 03:50:31.935,1.32437,1.32443,2.14,1.20
2012.02.13 03:50:32.151,1.32435,1.32445,1.84,1.95
2012.02.13 03:50:32.299,1.32435,1.32443,1.95,1.50
2012.02.13 03:50:32.663,1.32435,1.32445,2.59,1.95
2012.02.13 03:50:33.004,1.32436,1.32445,2.25,1.95
2012.02.13 03:50:34.261,1.32435,1.32443,2.77,1.50
2012.02.13 03:50:34.525,1.32435,1.32445,2.77,1.95
2012.02.13 03:50:36.910,1.32438,1.32442,1.39,1.20
2012.02.13 03:50:37.132,1.32432,1.32442,2.96,1.95
2012.02.13 03:50:37.764,1.32431,1.32443,1.13,1.95
2012.02.13 03:50:38.147,1.32432,1.32443,1.13,1.95
2012.02.13 03:50:38.477,1.32431,1.32443,1.13,1.95
2012.02.13 03:50:40.142,1.32432,1.32442,2.59,1.50
2012.02.13 03:50:40.291,1.32431,1.32439,3.34,1.50
2012.02.13 03:50:40.643,1.32428,1.32436,1.84,1.20
2012.02.13 03:50:41.049,1.32429,1.32439,1.39,1.95
2012.02.13 03:50:41.580,1.32432,1.3244,1.84,1.95
2012.02.13 03:50:42.105,1.32432,1.32439,1.20,2.25
2012.02.13 03:50:46.868,1.32433,1.3244,1.95,1.88
2012.02.13 03:50:46.938,1.32434,1.32441,1.39,1.03
2012.02.13 03:50:47.007,1.32435,1.32443,1.95,1.50
2012.02.13 03:50:47.078,1.32435,1.32444,1.95,2.25
2012.02.13 03:50:47.214,1.32437,1.32445,1.50,1.95
2012.02.13 03:50:47.359,1.32437,1.32445,1.39,2.70
2012.02.13 03:50:47.505,1.32435,1.32443,1.84,1.50
2012.02.13 03:50:47.578,1.32435,1.32444,1.84,2.46
2012.02.13 03:50:47.733,1.32435,1.32442,1.20,2.44
2012.02.13 03:50:48.273,1.32435,1.32442,1.20,2.44
2012.02.13 03:50:48.994,1.32435,1.32442,1.20,1.69
2012.02.13 03:50:54.328,1.32435,1.32444,1.20,3.96
2012.02.13 03:50:54.877,1.32435,1.32444,1.20,3.96
2012.02.13 03:50:55.245,1.32435,1.32444,1.20,3.96
2012.02.13 03:50:55.782,1.32435,1.32444,1.20,3.96
2012.02.13 03:51:03.187,1.32435,1.3244,1.20,1.50
2012.02.13 03:51:03.398,1.32435,1.32442,1.20,2.44
2012.02.13 03:51:04.010,1.32434,1.32442,1.20,2.44
2012.02.13 03:51:04.856,1.32434,1.32442,1.84,1.69
2012.02.13 03:51:05.416,1.32434,1.32441,1.84,1.50
2012.02.13 03:51:07.326,1.32434,1.32441,1.20,3.00
2012.02.13 03:51:07.539,1.32435,1.32443,1.84,3.19
2012.02.13 03:51:10.863,1.32435,1.32444,1.20,2.44
2012.02.13 03:51:14.234,1.32435,1.32444,1.20,2.25
2012.02.13 03:51:14.784,1.32435,1.32444,1.20,2.25
2012.02.13 03:51:17.813,1.32435,1.32444,1.20,2.25
2012.02.13 03:51:18.523,1.32435,1.32444,1.20,2.25
2012.02.13 03:51:19.065,1.32433,1.32444,1.84,2.25
2012.02.13 03:51:19.603,1.32433,1.32441,1.95,1.50
2012.02.13 03:51:20.936,1.32434,1.32444,1.39,2.25
2012.02.13 03:51:25.553,1.32434,1.32441,1.39,1.20
2012.02.13 03:51:25.836,1.32433,1.32441,1.20,2.70
2012.02.13 03:51:26.437,1.32433,1.32441,1.84,1.20
2012.02.13 03:51:27.313,1.32433,1.32441,1.84,1.95
2012.02.13 03:51:27.385,1.32432,1.32442,2.59,2.25
2012.02.13 03:51:27.527,1.32432,1.3244,1.95,1.50
2012.02.13 03:51:28.054,1.32432,1.3244,1.95,1.50
2012.02.13 03:51:28.184,1.32432,1.32443,1.20,2.25
2012.02.13 03:51:34.329,1.32433,1.32443,1.39,3.45
2012.02.13 03:51:34.892,1.32431,1.32441,2.59,1.50
2012.02.13 03:51:35.467,1.32431,1.32443,1.20,1.95
2012.02.13 03:51:36.088,1.32431,1.32443,1.58,1.95
2012.02.13 03:51:36.755,1.32436,1.32444,1.97,1.50
2012.02.13 03:51:37.046,1.32434,1.32448,2.25,1.20
2012.02.13 03:51:37.121,1.32437,1.32446,2.96,1.50
2012.02.13 03:51:37.676,1.32438,1.32446,2.51,1.50
2012.02.13 03:51:40.373,1.32439,1.32447,1.39,2.25
2012.02.13 03:51:41.045,1.3244,1.32448,1.39,3.00
2012.02.13 03:51:41.116,1.32441,1.32448,1.39,1.95
2012.02.13 03:51:41.550,1.32442,1.32449,2.02,1.50
2012.02.13 03:51:43.330,1.32443,1.32449,1.39,2.48
2012.02.13 03:51:43.687,1.32443,1.32451,1.13,1.20
2012.02.13 03:51:43.972,1.32444,1.32451,1.13,1.50
2012.02.13 03:51:44.367,1.32447,1.32455,1.76,1.50
2012.02.13 03:51:44.448,1.32448,1.32458,1.57,2.70
2012.02.13 03:51:46.484,1.32448,1.32458,2.59,3.45
2012.02.13 03:51:46.678,1.32448,1.32458,1.84,2.70
2012.02.13 03:51:47.049,1.32449,1.32459,3.08,3.58
2012.02.13 03:51:47.348,1.32452,1.32458,2.63,1.50
2012.02.13 03:51:47.418,1.32452,1.3246,2.14,1.50
2012.02.13 03:51:47.955,1.32453,1.3246,1.95,1.50
2012.02.13 03:51:48.519,1.32454,1.32461,1.95,2.25
2012.02.13 03:51:48.586,1.32457,1.32465,1.39,3.00
2012.02.13 03:51:49.135,1.32457,1.32465,1.39,2.25
2012.02.13 03:51:52.889,1.32457,1.32465,2.14,1.50
2012.02.13 03:51:52.971,1.32457,1.32465,2.14,4.20
2012.02.13 03:51:53.124,1.32455,1.32465,1.39,5.70
2012.02.13 03:51:53.203,1.32453,1.32461,2.77,3.30
2012.02.13 03:51:53.348,1.32453,1.32457,1.58,1.50
2012.02.13 03:51:53.417,1.32453,1.32461,1.58,1.20
2012.02.13 03:51:56.578,1.32453,1.3246,1.76,1.20
2012.02.13 03:51:56.924,1.3245,1.3246,2.59,3.45
2012.02.13 03:51:57.055,1.3245,1.32456,1.95,1.50
2012.02.13 03:51:57.563,1.3245,1.32457,1.95,1.50
2012.02.13 03:52:00.228,1.3245,1.32457,1.95,1.50
2012.02.13 03:52:04.523,1.3245,1.32457,1.95,1.50
2012.02.13 03:52:05.566,1.3245,1.32455,1.20,1.50
2012.02.13 03:52:06.527,1.3245,1.32458,1.20,2.70
2012.02.13 03:52:07.097,1.3245,1.32458,1.95,2.70
2012.02.13 03:52:07.605,1.3245,1.32458,1.95,2.70
2012.02.13 03:52:10.434,1.32453,1.32458,1.20,1.50
2012.02.13 03:52:11.005,1.32453,1.32459,1.20,1.50
2012.02.13 03:52:12.935,1.32453,1.3246,1.20,1.35
2012.02.13 03:52:13.409,1.3245,1.32463,5.11,2.25
2012.02.13 03:52:13.494,1.32451,1.32463,1.39,2.25
2012.02.13 03:52:14.890,1.32455,1.32463,1.84,2.25
2012.02.13 03:52:15.425,1.32455,1.32463,1.84,1.50
2012.02.13 03:52:15.924,1.32455,1.32463,2.59,1.50
2012.02.13 03:52:16.197,1.32455,1.32466,1.39,1.50
2012.02.13 03:52:16.884,1.32455,1.32466,1.39,1.50
2012.02.13 03:52:17.425,1.32455,1.32467,1.20,3.45
2012.02.13 03:52:17.988,1.32457,1.32466,1.32,1.50
2012.02.13 03:52:18.867,1.32456,1.32466,2.90,2.70
2012.02.13 03:52:19.395,1.32456,1.32466,1.57,2.70
2012.02.13 03:52:20.104,1.32456,1.32466,2.77,2.70
2012.02.13 03:52:20.387,1.32455,1.32462,1.95,1.50
2012.02.13 03:52:20.926,1.32455,1.32465,2.59,2.70
2012.02.13 03:52:21.448,1.32455,1.32465,2.59,2.70
2012.02.13 03:52:22.173,1.32455,1.32465,2.59,2.70
2012.02.13 03:52:22.575,1.32455,1.32465,2.59,2.70
2012.02.13 03:52:22.987,1.32455,1.32465,2.59,2.70
2012.02.13 03:52:23.657,1.32455,1.32465,2.59,3.45
2012.02.13 03:52:24.233,1.32455,1.32465,2.59,2.70
2012.02.13 03:52:26.249,1.32455,1.32465,2.59,3.45
2012.02.13 03:52:26.753,1.32455,1.32465,2.59,3.45
2012.02.13 03:52:27.303,1.32455,1.32465,2.59,3.45
2012.02.13 03:52:27.826,1.32455,1.32462,1.20,1.50
2012.02.13 03:52:28.206,1.32455,1.3246,1.20,1.50
2012.02.13 03:52:32.504,1.32453,1.3246,1.20,1.50
2012.02.13 03:52:32.987,1.32453,1.3246,1.95,1.50
2012.02.13 03:52:33.327,1.32453,1.3246,1.95,1.50
2012.02.13 03:52:33.855,1.32453,1.32463,2.59,1.50
2012.02.13 03:52:37.617,1.32453,1.32463,2.59,2.25
2012.02.13 03:52:37.753,1.32453,1.32462,1.95,2.25
2012.02.13 03:52:38.876,1.32453,1.3246,1.20,1.50
2012.02.13 03:52:40.515,1.32453,1.32463,1.84,2.25
2012.02.13 03:52:42.096,1.32453,1.32463,2.59,2.25
2012.02.13 03:52:42.464,1.32453,1.32463,1.84,2.25
2012.02.13 03:52:43.025,1.32453,1.3246,1.95,1.50
2012.02.13 03:52:43.582,1.32453,1.32461,2.59,1.50
2012.02.13 03:52:43.912,1.32453,1.32463,2.59,2.25
2012.02.13 03:52:50.432,1.32453,1.32463,1.84,2.25
2012.02.13 03:52:50.565,1.32453,1.3246,1.20,1.50
2012.02.13 03:52:52.684,1.32453,1.32462,2.59,2.25
2012.02.13 03:52:56.683,1.32453,1.32461,1.20,2.25
2012.02.13 03:52:58.445,1.32453,1.32461,1.95,1.50
2012.02.13 03:52:59.097,1.32451,1.32461,1.39,2.25
2012.02.13 03:53:01.004,1.32449,1.32459,5.59,1.50
2012.02.13 03:53:07.301,1.32452,1.32459,1.95,1.50
2012.02.13 03:53:07.447,1.3245,1.32458,1.20,1.20
2012.02.13 03:53:07.920,1.3245,1.32457,1.20,2.25
2012.02.13 03:53:14.126,1.3245,1.32457,1.20,1.50
2012.02.13 03:53:18.826,1.3245,1.32458,1.84,3.45
2012.02.13 03:53:24.730,1.3245,1.32458,1.84,1.20
2012.02.13 03:53:25.101,1.32448,1.32459,1.69,1.95
2012.02.13 03:53:27.549,1.32451,1.3246,1.39,2.25
2012.02.13 03:53:27.956,1.3245,1.32463,3.91,1.20
2012.02.13 03:53:28.024,1.3245,1.32463,3.91,1.95
2012.02.13 03:53:28.214,1.32451,1.32463,1.39,1.95
2012.02.13 03:53:28.746,1.3245,1.32463,3.91,3.45
2012.02.13 03:53:30.035,1.32451,1.32461,1.39,1.50
2012.02.13 03:53:30.592,1.3245,1.32463,3.72,3.64
2012.02.13 03:53:40.399,1.32452,1.3246,1.20,1.50
2012.02.13 03:53:40.806,1.32452,1.3246,1.84,1.50
2012.02.13 03:53:41.503,1.32452,1.3246,1.20,1.50
2012.02.13 03:53:49.555,1.32449,1.32457,2.59,1.20
2012.02.13 03:53:49.841,1.32449,1.32457,2.59,2.70
2012.02.13 03:53:50.564,1.32447,1.32456,1.57,1.95
2012.02.13 03:53:51.113,1.32447,1.32456,1.57,1.20
2012.02.13 03:53:51.598,1.32447,1.32454,2.32,1.20
2012.02.13 03:53:52.267,1.32447,1.32454,2.14,1.20
2012.02.13 03:53:55.254,1.32447,1.32456,1.57,1.95
2012.02.13 03:53:55.763,1.32447,1.32456,2.32,1.20
2012.02.13 03:53:59.133,1.32448,1.32456,1.50,1.20
2012.02.13 03:54:00.593,1.32448,1.32456,1.69,1.20
2012.02.13 03:54:02.230,1.32447,1.32453,1.95,1.20
2012.02.13 03:54:04.881,1.32447,1.32453,2.14,1.20
2012.02.13 03:54:04.955,1.32448,1.32455,1.95,1.50
2012.02.13 03:54:07.584,1.32448,1.32455,1.95,1.50
2012.02.13 03:54:08.136,1.32448,1.32456,3.34,1.20
2012.02.13 03:54:09.614,1.32448,1.32456,3.34,1.20
2012.02.13 03:54:11.663,1.32448,1.32456,3.34,1.20
2012.02.13 03:54:12.205,1.32449,1.32456,1.50,1.20
2012.02.13 03:54:13.923,1.32448,1.32456,3.34,1.20
2012.02.13 03:54:17.034,1.32448,1.32456,3.34,1.20
2012.02.13 03:54:20.784,1.32448,1.32456,3.34,1.20
2012.02.13 03:54:21.451,1.32448,1.32456,3.34,1.20
2012.02.13 03:54:22.964,1.32448,1.32456,3.34,1.20
2012.02.13 03:54:23.490,1.32448,1.32456,3.34,1.20
2012.02.13 03:54:25.614,1.32448,1.32456,3.34,1.20
2012.02.13 03:54:26.235,1.32448,1.32456,2.59,1.28
2012.02.13 03:54:27.039,1.32448,1.32456,2.59,1.20
2012.02.13 03:54:27.839,1.32448,1.32456,2.59,1.24
2012.02.13 03:54:29.024,1.32448,1.32456,2.59,1.28
2012.02.13 03:54:29.555,1.32448,1.32453,1.39,1.20
2012.02.13 03:54:29.816,1.32447,1.32453,1.13,1.20
2012.02.13 03:54:31.544,1.32447,1.32453,1.13,1.20
2012.02.13 03:54:32.184,1.32446,1.32453,1.01,1.20
2012.02.13 03:54:32.888,1.32446,1.32453,1.76,1.20
2012.02.13 03:54:33.444,1.32445,1.32453,1.39,1.50
2012.02.13 03:54:34.420,1.32442,1.32454,1.58,1.20
2012.02.13 03:54:35.354,1.32442,1.32453,1.20,1.50
2012.02.13 03:54:35.959,1.32442,1.32452,1.20,1.20
2012.02.13 03:54:36.486,1.32443,1.32452,1.39,1.95
2012.02.13 03:54:36.556,1.32443,1.32451,1.39,2.25
2012.02.13 03:54:37.058,1.32443,1.32453,2.59,5.70
2012.02.13 03:54:37.576,1.32445,1.32455,2.59,3.64
2012.02.13 03:54:37.649,1.32441,1.32455,7.09,2.52
2012.02.13 03:54:37.867,1.32446,1.32456,1.95,2.03
2012.02.13 03:54:38.665,1.32446,1.32456,1.20,1.28
2012.02.13 03:54:39.205,1.32446,1.32456,1.20,1.28
2012.02.13 03:54:39.727,1.32446,1.32456,1.20,1.28
2012.02.13 03:54:40.258,1.32445,1.3246,4.84,2.33
2012.02.13 03:54:40.329,1.3245,1.3246,1.39,2.25
2012.02.13 03:54:40.680,1.32452,1.32463,1.20,3.96
2012.02.13 03:54:40.940,1.32452,1.32463,1.20,3.19
2012.02.13 03:54:41.288,1.3245,1.32458,1.01,1.03
2012.02.13 03:54:41.427,1.32448,1.32457,1.57,3.75
2012.02.13 03:54:41.923,1.32451,1.32461,1.39,1.88
2012.02.13 03:54:42.276,1.32454,1.32464,1.39,4.28
2012.02.13 03:54:42.875,1.32454,1.32462,1.39,1.95
2012.02.13 03:54:43.135,1.32452,1.32461,2.59,4.50
2012.02.13 03:54:43.278,1.32451,1.32459,1.95,1.20
2012.02.13 03:54:43.815,1.32451,1.32459,1.20,2.70
2012.02.13 03:54:44.455,1.3245,1.32457,1.39,1.20
2012.02.13 03:54:44.811,1.32449,1.32456,1.76,1.20
2012.02.13 03:54:45.353,1.32446,1.32453,1.39,1.20
2012.02.13 03:54:45.895,1.32447,1.32456,1.50,1.20
2012.02.13 03:54:46.626,1.32448,1.32455,1.50,1.50
2012.02.13 03:54:46.694,1.32448,1.32455,1.50,1.50
2012.02.13 03:54:47.254,1.32449,1.32455,1.50,1.50
2012.02.13 03:54:47.928,1.32451,1.32458,1.39,1.95
2012.02.13 03:54:48.208,1.32449,1.3246,1.32,2.25
2012.02.13 03:54:55.565,1.32451,1.32457,1.39,1.20
2012.02.13 03:54:55.915,1.32449,1.32455,1.39,1.20
2012.02.13 03:54:57.404,1.32448,1.32455,1.50,1.20
2012.02.13 03:54:59.128,1.32448,1.32455,1.50,1.20
2012.02.13 03:54:59.616,1.32447,1.32455,5.44,1.20
2012.02.13 03:55:01.778,1.32447,1.32453,4.42,1.20
2012.02.13 03:55:02.328,1.32445,1.32453,2.02,1.95
2012.02.13 03:55:02.855,1.32445,1.32453,1.84,1.95
2012.02.13 03:55:03.138,1.32446,1.32455,1.50,1.95
2012.02.13 03:55:03.350,1.32447,1.32456,2.74,1.95
2012.02.13 03:55:03.896,1.32446,1.32456,2.08,2.70
2012.02.13 03:55:06.165,1.32446,1.32456,2.23,2.70
2012.02.13 03:55:06.712,1.32448,1.32455,1.95,3.00
2012.02.13 03:55:08.277,1.32449,1.32455,1.20,1.50
2012.02.13 03:55:11.806,1.3245,1.32456,2.70,1.50
2012.02.13 03:55:11.953,1.3245,1.32458,1.95,3.00
2012.02.13 03:55:12.448,1.32452,1.32458,1.20,3.00
2012.02.13 03:55:12.808,1.32452,1.32459,3.60,1.50
2012.02.13 03:55:16.984,1.32454,1.32459,1.20,1.50
2012.02.13 03:55:20.737,1.32455,1.32459,1.20,1.50
2012.02.13 03:55:42.860,1.32454,1.32461,1.20,1.50
2012.02.13 03:55:44.067,1.32456,1.32461,2.70,1.50
2012.02.13 03:55:57.124,1.32455,1.32463,1.95,1.50
2012.02.13 03:55:57.993,1.32458,1.32467,1.50,1.50
2012.02.13 03:56:04.293,1.32458,1.32464,1.95,1.50
2012.02.13 03:56:04.816,1.32458,1.32464,2.70,1.50
2012.02.13 03:56:05.163,1.32458,1.32465,1.50,1.43
2012.02.13 03:56:05.684,1.32459,1.32466,1.50,1.43
2012.02.13 03:56:10.595,1.3246,1.32466,1.20,2.25
2012.02.13 03:56:12.983,1.32458,1.32466,2.18,1.50
2012.02.13 03:56:15.618,1.32459,1.32466,1.95,1.50
2012.02.13 03:56:24.325,1.32461,1.32466,1.20,1.50
2012.02.13 03:56:24.466,1.32461,1.32468,1.20,1.50
2012.02.13 03:56:25.462,1.32459,1.32468,3.38,1.50
2012.02.13 03:56:42.489,1.32463,1.32468,1.20,1.50
2012.02.13 03:56:42.562,1.32463,1.32471,1.95,1.20
2012.02.13 03:56:42.955,1.32464,1.32474,2.70,1.95
2012.02.13 03:56:43.331,1.32464,1.32475,2.25,1.95
2012.02.13 03:56:43.479,1.32465,1.32476,1.13,1.95
2012.02.13 03:56:43.698,1.32469,1.32479,1.20,1.95
2012.02.13 03:56:44.244,1.32469,1.32479,1.95,1.20
2012.02.13 03:56:46.595,1.32469,1.32479,1.88,2.70
2012.02.13 03:56:47.585,1.3247,1.32479,1.50,2.70
2012.02.13 03:56:48.144,1.32469,1.32479,3.38,2.70
2012.02.13 03:56:49.573,1.32469,1.32479,3.38,2.70
2012.02.13 03:56:50.114,1.32469,1.32479,1.88,2.70
2012.02.13 03:56:54.885,1.32472,1.32479,1.43,1.20
2012.02.13 03:56:55.378,1.32472,1.32479,1.43,1.20
2012.02.13 03:56:55.944,1.32473,1.32485,1.69,1.95
2012.02.13 03:56:56.016,1.32475,1.32485,1.20,1.95
2012.02.13 03:56:56.677,1.32475,1.32485,1.95,1.95
2012.02.13 03:56:57.050,1.32475,1.32486,2.10,1.95
2012.02.13 03:56:57.199,1.32477,1.32486,3.23,2.25
2012.02.13 03:56:57.457,1.32477,1.32487,3.23,1.50
2012.02.13 03:56:57.725,1.32477,1.32489,8.18,2.25
2012.02.13 03:56:57.820,1.32478,1.3249,2.46,1.20
2012.02.13 03:56:58.181,1.3248,1.3249,1.43,3.23
2012.02.13 03:56:58.399,1.32482,1.32489,1.50,1.50
2012.02.13 03:56:58.538,1.32482,1.3249,1.43,1.50
2012.02.13 03:56:59.227,1.32483,1.32491,1.43,1.50
2012.02.13 03:56:59.754,1.32485,1.32491,1.50,1.50
2012.02.13 03:57:00.600,1.32485,1.32492,1.95,1.50
2012.02.13 03:57:01.114,1.32485,1.32493,1.20,1.95
2012.02.13 03:57:01.676,1.32487,1.32492,1.20,1.50
2012.02.13 03:57:02.017,1.32487,1.32494,1.95,2.25
2012.02.13 03:57:03.711,1.32486,1.32496,1.43,3.00
2012.02.13 03:57:04.251,1.32488,1.32496,1.95,2.70
2012.02.13 03:57:04.330,1.32489,1.32497,2.63,4.20
2012.02.13 03:57:04.409,1.32493,1.32498,1.43,1.20
2012.02.13 03:57:04.477,1.3249,1.32498,2.63,1.20
2012.02.13 03:57:07.774,1.32489,1.32496,1.43,1.20
2012.02.13 03:57:07.919,1.32486,1.32495,1.95,1.50
2012.02.13 03:57:07.985,1.32485,1.32495,3.76,1.50
2012.02.13 03:57:08.358,1.32489,1.32498,3.08,1.50
2012.02.13 03:57:08.451,1.3249,1.32499,2.03,1.50
2012.02.13 03:57:08.534,1.3249,1.325,1.06,1.95
2012.02.13 03:57:08.609,1.32492,1.32499,1.81,1.50
2012.02.13 03:57:09.029,1.32491,1.32502,1.13,2.70
2012.02.13 03:57:09.567,1.32495,1.32505,1.13,3.45
2012.02.13 03:57:10.095,1.32495,1.32503,1.43,1.50
2012.02.13 03:57:10.610,1.32494,1.32502,2.44,1.50
2012.02.13 03:57:11.290,1.32497,1.32505,1.20,3.45
2012.02.13 03:57:12.316,1.32497,1.32505,1.95,2.70
2012.02.13 03:57:12.843,1.32497,1.32505,1.95,2.70
2012.02.13 03:57:13.989,1.32497,1.32505,1.95,2.70
2012.02.13 03:57:14.472,1.32495,1.32504,1.43,1.20
2012.02.13 03:57:14.912,1.32494,1.32504,1.20,1.95
2012.02.13 03:57:15.340,1.32495,1.32504,1.20,1.20
2012.02.13 03:57:15.487,1.32497,1.32507,1.95,2.14
2012.02.13 03:57:16.034,1.32497,1.32507,1.95,2.42
2012.02.13 03:57:16.737,1.32499,1.32509,3.38,4.58
2012.02.13 03:57:17.149,1.32499,1.32509,4.51,2.70
2012.02.13 03:57:17.681,1.32502,1.3251,2.63,2.70
2012.02.13 03:57:18.041,1.32505,1.32514,2.33,1.35
2012.02.13 03:57:18.665,1.32503,1.32511,1.95,2.70
2012.02.13 03:57:18.806,1.32503,1.32511,1.20,3.45
2012.02.13 03:57:19.136,1.32503,1.32511,1.20,3.45
2012.02.13 03:57:19.209,1.32503,1.32511,1.20,3.45
2012.02.13 03:57:20.568,1.32503,1.32511,1.20,3.45
2012.02.13 03:57:21.073,1.32503,1.32511,1.20,3.45
2012.02.13 03:57:21.634,1.32503,1.32511,1.20,3.45
2012.02.13 03:57:22.087,1.32503,1.32511,1.95,3.45
2012.02.13 03:57:22.808,1.32501,1.32507,2.18,1.20
2012.02.13 03:57:23.229,1.32499,1.32506,1.13,1.50
2012.02.13 03:57:23.538,1.32499,1.32506,1.13,2.25
2012.02.13 03:57:24.046,1.32498,1.32506,1.43,2.25
2012.02.13 03:57:24.805,1.32498,1.32506,1.43,2.25
2012.02.13 03:57:25.875,1.32498,1.32506,2.18,2.25
2012.02.13 03:57:26.404,1.32499,1.32506,1.50,2.25
2012.02.13 03:57:26.966,1.32499,1.32504,1.50,1.20
2012.02.13 03:57:27.114,1.32496,1.32504,3.46,3.45
2012.02.13 03:57:27.331,1.32499,1.32507,1.50,2.25
2012.02.13 03:57:27.727,1.32499,1.32508,1.43,3.45
2012.02.13 03:57:28.264,1.32499,1.32508,1.43,1.95
2012.02.13 03:57:29.077,1.32495,1.32505,2.07,1.95
2012.02.13 03:57:29.153,1.32495,1.32504,1.88,2.46
2012.02.13 03:57:29.715,1.32496,1.32504,1.20,3.66
2012.02.13 03:57:30.407,1.32495,1.32502,1.20,2.29
2012.02.13 03:57:30.944,1.32494,1.32502,1.20,3.87
2012.02.13 03:57:33.206,1.32495,1.32502,1.20,3.98
2012.02.13 03:57:33.917,1.32495,1.32502,1.20,3.60
2012.02.13 03:57:36.018,1.32495,1.32502,1.20,4.35
2012.02.13 03:57:36.429,1.32491,1.325,1.43,2.70
2012.02.13 03:57:36.504,1.3249,1.32498,3.38,1.50
2012.02.13 03:57:36.579,1.3249,1.32498,3.38,1.50
2012.02.13 03:57:37.668,1.3249,1.325,3.38,2.70
2012.02.13 03:57:38.217,1.3249,1.32499,3.38,1.50
2012.02.13 03:57:38.671,1.32491,1.325,1.43,1.95
2012.02.13 03:57:38.816,1.3249,1.325,1.88,2.70
2012.02.13 03:57:40.124,1.3249,1.32498,1.88,2.70
2012.02.13 03:57:40.684,1.3249,1.32498,1.20,2.70
2012.02.13 03:57:41.378,1.32489,1.32498,1.38,2.70
2012.02.13 03:57:42.416,1.3249,1.32498,1.20,1.95
2012.02.13 03:57:45.905,1.32489,1.32496,1.57,1.20
2012.02.13 03:57:46.451,1.32487,1.32496,1.38,2.10
2012.02.13 03:57:46.533,1.32486,1.32495,1.95,1.50
2012.02.13 03:57:46.859,1.32488,1.32497,1.50,2.70
2012.02.13 03:57:48.366,1.32489,1.32497,1.50,2.70
2012.02.13 03:57:48.924,1.32488,1.32496,2.70,1.20
2012.02.13 03:57:49.896,1.32488,1.32496,2.70,1.20
2012.02.13 03:57:50.405,1.32488,1.32496,2.70,1.20
2012.02.13 03:57:50.897,1.32489,1.32496,1.50,1.20
2012.02.13 03:57:51.035,1.32489,1.32497,1.50,2.25
2012.02.13 03:57:52.458,1.32488,1.32497,2.70,1.50
2012.02.13 03:57:53.552,1.32487,1.32494,1.50,3.00
2012.02.13 03:57:53.853,1.32486,1.32493,1.73,1.50
2012.02.13 03:57:53.932,1.32485,1.32492,1.38,1.20
2012.02.13 03:57:54.083,1.32483,1.32491,4.38,3.00
2012.02.13 03:57:54.589,1.32482,1.3249,1.95,3.00
2012.02.13 03:57:54.867,1.32482,1.3249,1.20,3.00
2012.02.13 03:57:55.395,1.32482,1.3249,1.20,3.00
2012.02.13 03:57:55.907,1.32482,1.3249,1.20,3.45
2012.02.13 03:57:56.464,1.32482,1.3249,1.20,4.20
2012.02.13 03:57:58.305,1.32481,1.32489,1.20,1.95
2012.02.13 03:57:58.620,1.32481,1.32489,1.20,1.95
2012.02.13 03:57:59.314,1.32479,1.32488,2.13,1.20
2012.02.13 03:57:59.888,1.32479,1.32488,2.13,1.20
2012.02.13 03:58:00.436,1.32479,1.32487,1.38,1.50
2012.02.13 03:58:01.464,1.32479,1.32487,1.38,1.50
2012.02.13 03:58:02.105,1.32479,1.32487,1.38,3.00
2012.02.13 03:58:04.086,1.32479,1.32487,1.38,3.00
2012.02.13 03:58:04.769,1.3248,1.32489,2.35,1.20
2012.02.13 03:58:05.326,1.32481,1.32489,1.28,1.20
2012.02.13 03:58:05.948,1.32484,1.32492,1.20,2.25
2012.02.13 03:58:06.442,1.32485,1.3249,1.30,1.20
2012.02.13 03:58:06.590,1.32486,1.32494,1.20,2.25
2012.02.13 03:58:06.736,1.32487,1.32496,1.20,2.85
2012.02.13 03:58:07.092,1.32488,1.32496,2.88,1.80
2012.02.13 03:58:07.311,1.32492,1.32498,3.63,1.20
2012.02.13 03:58:07.820,1.32492,1.32498,1.57,1.20
2012.02.13 03:58:08.178,1.32494,1.32502,1.20,5.55
2012.02.13 03:58:08.323,1.32494,1.32499,2.70,1.50
2012.02.13 03:58:08.906,1.32494,1.325,1.38,1.20
2012.02.13 03:58:08.985,1.32492,1.32499,2.89,1.50
2012.02.13 03:58:10.186,1.32492,1.32499,1.20,1.50
2012.02.13 03:58:10.472,1.32493,1.32499,1.50,1.50
2012.02.13 03:58:10.622,1.32495,1.32503,2.58,1.95
2012.02.13 03:58:11.030,1.32497,1.32503,1.50,1.20
2012.02.13 03:58:11.182,1.32499,1.32508,1.95,2.25
2012.02.13 03:58:11.425,1.32501,1.32505,1.50,1.20
2012.02.13 03:58:12.062,1.32501,1.32509,1.83,3.45
2012.02.13 03:58:12.142,1.32501,1.32509,1.83,3.45
2012.02.13 03:58:12.219,1.32501,1.32509,1.83,3.45
2012.02.13 03:58:12.488,1.32502,1.32509,1.50,1.20
2012.02.13 03:58:12.702,1.32502,1.32511,1.13,2.25
2012.02.13 03:58:13.049,1.32501,1.32512,2.95,1.50
2012.02.13 03:58:13.370,1.32502,1.32513,1.57,3.45
2012.02.13 03:58:13.447,1.32501,1.32513,2.58,3.66
2012.02.13 03:58:14.357,1.32502,1.32511,1.20,2.44
2012.02.13 03:58:14.431,1.32502,1.32511,1.95,2.44
2012.02.13 03:58:14.979,1.32502,1.32511,1.95,2.25
2012.02.13 03:58:15.534,1.32504,1.32511,1.20,1.50
2012.02.13 03:58:15.975,1.32505,1.32515,4.43,2.70
2012.02.13 03:58:16.068,1.32508,1.32515,1.60,1.20
2012.02.13 03:58:16.589,1.32511,1.32515,1.80,1.95
2012.02.13 03:58:16.934,1.32513,1.32518,3.75,2.70
2012.02.13 03:58:17.079,1.32514,1.32523,3.83,3.08
2012.02.13 03:58:17.435,1.32515,1.32519,1.17,1.20
2012.02.13 03:58:17.827,1.32513,1.32519,1.21,1.20
2012.02.13 03:58:17.960,1.32514,1.32521,1.20,1.50
2012.02.13 03:58:18.658,1.32514,1.32521,1.66,1.50
2012.02.13 03:58:19.665,1.32515,1.32522,1.21,1.20
2012.02.13 03:58:20.771,1.32516,1.32523,1.20,2.63
2012.02.13 03:58:21.297,1.32516,1.32524,2.58,1.95
2012.02.13 03:58:22.619,1.32514,1.32524,1.83,2.70
2012.02.13 03:58:22.766,1.32513,1.32519,1.38,1.20
2012.02.13 03:58:23.017,1.32511,1.32519,2.58,1.95
2012.02.13 03:58:23.103,1.32509,1.32516,1.57,1.20
2012.02.13 03:58:23.474,1.32505,1.32513,2.32,1.50
2012.02.13 03:58:23.688,1.32506,1.32513,2.14,1.50
2012.02.13 03:58:24.040,1.32508,1.32516,1.38,1.20
2012.02.13 03:58:24.587,1.32508,1.32516,1.38,1.20
2012.02.13 03:58:25.146,1.32511,1.32516,1.38,1.39
2012.02.13 03:58:25.640,1.32509,1.32516,1.38,1.20
2012.02.13 03:58:26.328,1.32508,1.32516,1.38,1.50
2012.02.13 03:58:26.399,1.32507,1.32516,2.58,1.50
2012.02.13 03:58:26.864,1.32507,1.32515,1.95,1.50
2012.02.13 03:58:27.506,1.32506,1.32515,1.20,2.25
2012.02.13 03:58:27.834,1.32506,1.32513,1.95,2.25
2012.02.13 03:58:27.917,1.32507,1.32513,1.95,2.25
2012.02.13 03:58:28.468,1.32507,1.32513,1.95,1.50
2012.02.13 03:58:28.536,1.32509,1.32517,1.38,1.20
2012.02.13 03:58:29.064,1.32507,1.32517,2.58,2.70
2012.02.13 03:58:29.138,1.32507,1.32517,2.58,2.70
2012.02.13 03:58:30.558,1.32506,1.32514,1.83,1.20
2012.02.13 03:58:31.125,1.32506,1.32513,1.95,1.50
2012.02.13 03:58:33.647,1.32506,1.32513,1.95,1.50
2012.02.13 03:58:33.929,1.32506,1.32516,2.80,1.13
2012.02.13 03:58:33.999,1.32507,1.32517,1.38,1.50
2012.02.13 03:58:34.458,1.32506,1.32514,1.95,1.50
2012.02.13 03:58:35.965,1.32506,1.32514,2.33,1.50
2012.02.13 03:58:36.183,1.32504,1.32511,1.57,1.20
2012.02.13 03:58:36.261,1.32503,1.32511,1.69,2.70
2012.02.13 03:58:36.958,1.32502,1.3251,3.08,1.50
2012.02.13 03:58:37.491,1.32503,1.32511,2.58,1.20
2012.02.13 03:58:38.818,1.32504,1.32511,1.38,1.95
2012.02.13 03:58:40.154,1.32504,1.32512,1.83,1.95
2012.02.13 03:58:40.664,1.32505,1.32512,1.38,1.95
2012.02.13 03:58:40.947,1.32504,1.32511,2.58,1.50
2012.02.13 03:58:41.444,1.32504,1.32511,1.83,1.50
2012.02.13 03:58:41.953,1.32504,1.32511,1.83,1.50
2012.02.13 03:58:42.554,1.32504,1.32511,1.83,1.50
2012.02.13 03:58:43.570,1.32505,1.32511,1.95,2.25
2012.02.13 03:58:43.868,1.32504,1.32514,2.77,1.95
2012.02.13 03:58:44.206,1.32509,1.32516,2.77,1.13
2012.02.13 03:58:44.539,1.32507,1.32511,1.20,2.25
2012.02.13 03:58:44.686,1.32504,1.32511,1.20,2.25
2012.02.13 03:58:45.367,1.32504,1.32508,1.20,2.25
2012.02.13 03:58:47.352,1.32499,1.32506,3.75,1.95
2012.02.13 03:58:47.435,1.32498,1.32506,2.58,2.70
2012.02.13 03:58:47.650,1.32497,1.32506,1.83,2.25
2012.02.13 03:58:48.021,1.32497,1.32505,2.28,1.95
2012.02.13 03:58:48.316,1.32496,1.32505,1.38,1.95
2012.02.13 03:58:48.400,1.32496,1.32504,3.33,1.50
2012.02.13 03:58:48.482,1.32495,1.32504,2.58,1.50
2012.02.13 03:58:49.006,1.32494,1.32503,1.83,2.25
2012.02.13 03:58:49.278,1.32493,1.32503,1.83,1.95
2012.02.13 03:58:49.544,1.32492,1.32502,2.58,1.95
2012.02.13 03:58:49.614,1.32491,1.32501,2.58,1.95
2012.02.13 03:58:50.107,1.3249,1.325,2.58,1.95
2012.02.13 03:58:50.244,1.32488,1.32497,1.38,1.95
2012.02.13 03:58:50.982,1.32487,1.32497,1.95,1.95
2012.02.13 03:58:51.060,1.32487,1.32497,2.58,1.20
2012.02.13 03:58:54.585,1.32487,1.32497,2.02,1.95
2012.02.13 03:58:55.328,1.32487,1.32497,1.20,1.95
2012.02.13 03:58:55.396,1.32487,1.32497,1.83,1.95
2012.02.13 03:58:56.026,1.32485,1.32493,2.14,1.95
2012.02.13 03:58:56.388,1.32485,1.32492,1.20,2.25
2012.02.13 03:58:56.463,1.32485,1.32491,1.20,1.50
2012.02.13 03:58:56.543,1.32485,1.32491,1.20,1.50
2012.02.13 03:58:56.618,1.32485,1.32491,1.83,1.50
2012.02.13 03:58:58.023,1.32481,1.32491,1.83,1.95
2012.02.13 03:58:58.095,1.32481,1.32491,1.83,1.95
2012.02.13 03:58:58.498,1.32482,1.32489,3.94,1.20
2012.02.13 03:58:58.573,1.32482,1.32488,3.00,2.25
2012.02.13 03:58:58.716,1.3248,1.32489,3.33,2.25
2012.02.13 03:58:59.267,1.32479,1.32488,2.58,2.25
2012.02.13 03:58:59.867,1.32477,1.32484,1.20,1.50
2012.02.13 03:58:59.941,1.32477,1.32484,1.95,2.25
2012.02.13 03:59:00.447,1.32477,1.32487,3.33,3.73
2012.02.13 03:59:00.978,1.32477,1.32484,2.70,2.25
2012.02.13 03:59:02.879,1.32477,1.32484,2.89,1.50
2012.02.13 03:59:04.087,1.32478,1.32484,1.95,2.25
2012.02.13 03:59:04.370,1.32475,1.32481,1.20,3.00
2012.02.13 03:59:04.895,1.32475,1.32481,1.20,1.50
2012.02.13 03:59:05.414,1.32475,1.32482,1.20,4.54
2012.02.13 03:59:09.443,1.32475,1.32482,1.20,4.35
2012.02.13 03:59:10.076,1.32472,1.32482,1.83,5.10
2012.02.13 03:59:10.457,1.32472,1.3248,1.20,1.20
2012.02.13 03:59:10.960,1.32472,1.3248,1.20,1.95
2012.02.13 03:59:11.508,1.32471,1.32477,1.95,1.50
2012.02.13 03:59:12.618,1.32471,1.32477,1.20,2.25
2012.02.13 03:59:13.146,1.3247,1.32476,1.20,1.50
2012.02.13 03:59:13.703,1.32474,1.32478,1.20,1.50
2012.02.13 03:59:13.923,1.32472,1.32479,2.70,1.50
2012.02.13 03:59:14.075,1.32476,1.32481,1.20,1.50
2012.02.13 03:59:14.154,1.32476,1.32485,1.83,2.40
2012.02.13 03:59:14.644,1.32475,1.32483,1.83,2.25
2012.02.13 03:59:18.187,1.32477,1.32484,1.20,1.50
2012.02.13 03:59:18.707,1.32477,1.32483,1.20,1.50
2012.02.13 03:59:22.036,1.32477,1.32483,1.20,2.25
2012.02.13 03:59:27.915,1.32475,1.32483,1.83,2.25
2012.02.13 03:59:28.423,1.32475,1.32482,1.20,1.50
2012.02.13 03:59:48.806,1.32472,1.32479,1.95,1.50
2012.02.13 03:59:49.021,1.32474,1.32479,1.20,1.50
2012.02.13 03:59:49.427,1.32474,1.32482,1.20,3.00
2012.02.13 03:59:55.572,1.32476,1.32481,1.20,2.25
2012.02.13 03:59:57.360,1.32476,1.32481,1.20,2.25
2012.02.13 03:59:58.840,1.32473,1.32481,1.83,2.25
