2010.04.06 18:00:03.303,1.33674,1.33686,1.50,1.50
2010.04.06 18:00:05.883,1.33688,1.33699,1.50,4.90
2010.04.06 18:00:08.092,1.33704,1.33715,1.50,4.90
2010.04.06 18:00:08.425,1.33722,1.3373,1.90,1.70
2010.04.06 18:00:13.883,1.33735,1.33745,1.60,1.50
2010.04.06 18:00:16.723,1.33733,1.33745,4.00,1.50
2010.04.06 18:00:22.963,1.33713,1.33725,2.50,3.00
2010.04.06 18:00:26.502,1.33691,1.33701,1.50,1.50
2010.04.06 18:00:27.543,1.33666,1.33675,1.50,1.70
2010.04.06 18:00:32.771,1.33641,1.33655,1.50,3.20
2010.04.06 18:00:34.874,1.33632,1.33642,1.50,3.40
2010.04.06 18:00:39.789,1.33637,1.33645,1.70,4.50
2010.04.06 18:00:39.905,1.33648,1.33656,1.50,1.90
2010.04.06 18:00:42.777,1.33659,1.33671,2.70,1.50
2010.04.06 18:00:44.702,1.33671,1.33683,1.50,1.50
2010.04.06 18:00:44.798,1.33685,1.33694,5.50,1.50
2010.04.06 18:00:47.065,1.33698,1.33708,20.00,1.50
2010.04.06 18:00:52.115,1.3371,1.33722,3.80,4.20
2010.04.06 18:00:54.303,1.33717,1.33729,2.30,2.50
2010.04.06 18:01:00.089,1.33727,1.33737,7.10,5.30
2010.04.06 18:01:02.235,1.33729,1.33741,2.30,1.90
2010.04.06 18:01:03.056,1.33734,1.33748,2.70,4.70
2010.04.06 18:01:06.305,1.33745,1.33753,2.30,1.50
2010.04.06 18:01:08.998,1.33753,1.33763,1.70,1.50
2010.04.06 18:01:11.010,1.33757,1.33769,1.50,6.60
2010.04.06 18:01:13.778,1.33758,1.33766,1.50,11.00
2010.04.06 18:01:14.792,1.33751,1.33767,1.50,2.50
2010.04.06 18:01:17.008,1.33748,1.3376,1.20,1.50
2010.04.06 18:01:19.068,1.33742,1.33756,3.40,4.20
2010.04.06 18:01:21.152,1.33735,1.33747,1.90,1.40
2010.04.06 18:01:23.333,1.33724,1.33736,2.90,1.50
2010.04.06 18:01:24.051,1.33714,1.33726,2.90,8.70
2010.04.06 18:01:27.112,1.33701,1.33713,1.70,1.50
2010.04.06 18:01:29.852,1.33697,1.33709,2.30,1.70
2010.04.06 18:01:32.661,1.33704,1.33714,1.50,4.70
2010.04.06 18:01:36.729,1.3371,1.33722,1.50,2.50
2010.04.06 18:01:41.629,1.3372,1.33727,2.70,1.90
2010.04.06 18:01:46.591,1.33723,1.33733,1.50,3.70
2010.04.06 18:01:49.092,1.33727,1.33739,12.60,3.80
2010.04.06 18:01:51.361,1.33731,1.33744,1.90,2.30
2010.04.06 18:01:55.560,1.33732,1.33743,1.50,1.90
2010.04.06 18:01:56.226,1.33733,1.33745,1.70,4.70
2010.04.06 18:02:03.450,1.33725,1.33737,1.30,2.50
2010.04.06 18:02:06.348,1.33727,1.3374,5.10,1.50
2010.04.06 18:02:08.675,1.33728,1.33741,2.70,1.90
2010.04.06 18:02:10.880,1.33732,1.33744,1.70,1.50
2010.04.06 18:02:13.971,1.33736,1.3375,4.40,2.70
2010.04.06 18:02:24.092,1.33744,1.33758,1.50,4.40
2010.04.06 18:02:27.719,1.33751,1.33765,2.50,1.90
2010.04.06 18:02:30.441,1.33753,1.33765,2.30,1.90
2010.04.06 18:02:30.994,1.33747,1.33757,2.70,1.50
2010.04.06 18:02:32.911,1.33736,1.33747,1.90,2.70
2010.04.06 18:02:34.941,1.33727,1.33738,1.70,3.00
2010.04.06 18:02:37.651,1.33717,1.33728,8.30,3.80
2010.04.06 18:02:39.950,1.33709,1.33721,1.90,1.50
2010.04.06 18:02:42.040,1.33701,1.33713,5.30,2.30
2010.04.06 18:02:44.068,1.33694,1.33706,1.50,1.90
2010.04.06 18:02:46.236,1.33693,1.33703,2.30,3.00
2010.04.06 18:02:46.356,1.33699,1.33703,1.90,14.00
2010.04.06 18:02:47.922,1.33698,1.33711,1.50,1.50
2010.04.06 18:02:50.001,1.33703,1.33716,1.20,4.40
2010.04.06 18:02:52.593,1.33708,1.3372,5.40,2.30
2010.04.06 18:02:54.949,1.33711,1.33723,1.90,5.30
2010.04.06 18:02:55.472,1.33712,1.33724,1.50,1.70
2010.04.06 18:02:56.020,1.33712,1.33724,2.10,1.50
2010.04.06 18:03:01.980,1.33748,1.33762,4.20,3.20
2010.04.06 18:03:06.055,1.33761,1.33767,1.50,1.20
2010.04.06 18:03:08.008,1.33769,1.33779,1.10,2.30
2010.04.06 18:03:10.110,1.3378,1.33791,1.50,3.20
2010.04.06 18:03:13.030,1.33794,1.33805,1.70,2.70
2010.04.06 18:03:15.265,1.33806,1.33816,1.50,1.50
2010.04.06 18:03:17.541,1.3381,1.33822,2.70,2.30
2010.04.06 18:03:19.608,1.33802,1.33814,2.10,1.50
2010.04.06 18:03:22.079,1.33791,1.33803,9.60,4.20
2010.04.06 18:03:25.310,1.33781,1.33791,3.60,3.00
2010.04.06 18:03:29.260,1.3377,1.3378,1.20,3.00
2010.04.06 18:03:34.752,1.3376,1.3377,6.40,4.40
2010.04.06 18:03:34.867,1.3375,1.3376,3.00,4.00
2010.04.06 18:03:36.980,1.33739,1.33749,5.50,1.50
2010.04.06 18:03:39.804,1.33732,1.33738,1.50,2.10
2010.04.06 18:03:45.581,1.33727,1.33735,1.50,1.50
2010.04.06 18:03:48.579,1.33734,1.33742,1.70,2.70
2010.04.06 18:03:50.632,1.33742,1.33752,1.50,4.50
2010.04.06 18:03:52.677,1.33749,1.33761,1.80,2.70
2010.04.06 18:03:52.908,1.3376,1.33765,3.40,4.90
2010.04.06 18:03:53.251,1.33759,1.33773,1.50,4.40
2010.04.06 18:03:56.720,1.3376,1.33776,1.50,1.70
2010.04.06 18:03:59.189,1.33761,1.33777,3.00,1.50
2010.04.06 18:04:01.406,1.33816,1.33823,1.20,11.10
2010.04.06 18:04:01.529,1.33812,1.33825,2.30,1.50
2010.04.06 18:04:03.543,1.33813,1.33822,1.50,1.40
2010.04.06 18:04:05.624,1.33814,1.33824,1.50,1.50
2010.04.06 18:04:07.222,1.33817,1.33826,3.20,1.50
2010.04.06 18:04:10.219,1.33823,1.33831,1.50,1.50
2010.04.06 18:04:14.218,1.33828,1.3384,1.70,1.50
2010.04.06 18:04:16.344,1.33834,1.33847,1.70,2.30
2010.04.06 18:04:18.373,1.33835,1.33847,3.80,1.70
2010.04.06 18:04:20.836,1.33827,1.33841,1.20,1.20
2010.04.06 18:04:22.873,1.33819,1.33829,1.50,3.80
2010.04.06 18:04:25.613,1.33806,1.33815,1.50,3.00
2010.04.06 18:04:27.688,1.33793,1.33801,1.60,1.90
2010.04.06 18:04:27.799,1.33779,1.33785,4.20,1.70
2010.04.06 18:04:29.050,1.33763,1.33771,4.40,1.50
2010.04.06 18:04:31.853,1.33756,1.33763,1.50,7.90
2010.04.06 18:04:33.983,1.33757,1.33767,2.90,2.30
2010.04.06 18:04:36.173,1.33763,1.33771,1.50,5.90
2010.04.06 18:04:38.252,1.33767,1.33779,2.50,1.70
2010.04.06 18:04:39.696,1.33772,1.3378,1.50,3.40
2010.04.06 18:04:43.041,1.33775,1.33785,1.20,6.40
2010.04.06 18:04:45.733,1.3378,1.33789,2.50,1.50
2010.04.06 18:04:48.184,1.33781,1.33791,1.50,2.50
2010.04.06 18:04:50.273,1.33783,1.33792,5.30,2.30
2010.04.06 18:04:52.748,1.33784,1.33792,2.30,4.50
2010.04.06 18:04:56.414,1.33786,1.33792,2.80,2.90
2010.04.06 18:05:03.039,1.33783,1.33793,3.00,2.70
2010.04.06 18:05:08.017,1.33778,1.33791,1.50,2.40
2010.04.06 18:05:09.100,1.33778,1.33785,3.20,2.50
2010.04.06 18:05:11.869,1.33776,1.33786,3.00,1.90
2010.04.06 18:05:15.370,1.33776,1.33785,1.50,1.70
2010.04.06 18:05:18.655,1.33778,1.33787,1.70,1.50
2010.04.06 18:05:20.717,1.33782,1.33794,1.50,2.50
2010.04.06 18:05:22.757,1.3379,1.33798,2.50,1.60
2010.04.06 18:05:25.329,1.33795,1.33807,1.50,2.70
2010.04.06 18:05:25.449,1.33807,1.33811,1.50,1.90
2010.04.06 18:05:25.696,1.33805,1.33815,2.50,5.10
2010.04.06 18:05:27.375,1.33802,1.33808,1.60,3.00
2010.04.06 18:05:28.590,1.33788,1.33804,2.10,1.70
2010.04.06 18:05:30.972,1.33781,1.33789,3.20,2.70
2010.04.06 18:05:31.579,1.33771,1.33779,2.30,1.90
2010.04.06 18:05:34.679,1.3376,1.3377,11.30,1.50
2010.04.06 18:05:39.010,1.3375,1.3376,8.30,1.70
2010.04.06 18:05:53.960,1.33739,1.33749,2.30,2.50
2010.04.06 18:05:56.147,1.33732,1.33744,3.60,1.50
2010.04.06 18:06:02.209,1.33742,1.33754,1.90,7.00
2010.04.06 18:06:04.220,1.33738,1.33751,3.80,4.20
2010.04.06 18:06:06.670,1.33733,1.33744,1.50,1.70
2010.04.06 18:06:09.486,1.33725,1.33737,1.30,2.30
2010.04.06 18:06:11.487,1.33724,1.33736,1.50,4.20
2010.04.06 18:06:15.531,1.33731,1.33743,2.10,1.50
2010.04.06 18:06:16.197,1.33739,1.33751,11.50,1.70
2010.04.06 18:06:18.321,1.33748,1.33756,5.70,3.90
2010.04.06 18:06:20.703,1.33754,1.33765,1.70,5.30
2010.04.06 18:06:27.463,1.33759,1.33771,4.70,1.20
2010.04.06 18:06:30.982,1.33765,1.33777,2.90,5.30
2010.04.06 18:06:33.289,1.33766,1.33778,3.00,2.50
2010.04.06 18:06:35.308,1.3376,1.33768,4.00,1.50
2010.04.06 18:06:36.222,1.3375,1.3376,4.70,1.20
2010.04.06 18:06:38.911,1.33742,1.33753,2.30,3.20
2010.04.06 18:06:44.431,1.33735,1.33745,2.30,5.10
2010.04.06 18:06:50.131,1.33731,1.33739,2.70,1.50
2010.04.06 18:06:52.670,1.33726,1.3374,4.40,1.50
2010.04.06 18:07:06.931,1.33726,1.3374,28.50,3.00
2010.04.06 18:07:22.023,1.3373,1.33744,1.50,3.20
2010.04.06 18:07:24.682,1.33738,1.33748,1.50,3.40
2010.04.06 18:07:28.675,1.33743,1.33755,2.30,3.00
2010.04.06 18:07:32.304,1.3374,1.33753,3.00,3.00
2010.04.06 18:07:34.402,1.33725,1.33739,1.50,1.50
2010.04.06 18:07:38.114,1.33709,1.33723,3.40,1.90
2010.04.06 18:07:40.563,1.33695,1.33709,1.50,1.80
2010.04.06 18:07:42.732,1.3369,1.337,2.50,1.70
2010.04.06 18:07:43.392,1.33697,1.33707,1.50,6.60
2010.04.06 18:07:50.943,1.33704,1.33718,2.50,1.50
2010.04.06 18:07:53.321,1.33714,1.3373,1.90,1.70
2010.04.06 18:07:53.430,1.33725,1.33737,1.20,2.70
2010.04.06 18:07:58.057,1.33727,1.33743,3.20,4.70
2010.04.06 18:08:07.408,1.33716,1.33724,1.20,1.50
2010.04.06 18:08:10.733,1.33712,1.33726,1.20,1.50
2010.04.06 18:08:13.003,1.3371,1.33723,2.90,3.30
2010.04.06 18:08:15.190,1.33706,1.33718,1.50,3.00
2010.04.06 18:08:17.113,1.33702,1.33715,2.90,1.20
2010.04.06 18:08:19.262,1.33704,1.33716,4.40,1.50
2010.04.06 18:08:21.281,1.33713,1.33726,2.00,1.50
2010.04.06 18:08:23.421,1.33725,1.33737,2.70,3.40
2010.04.06 18:08:26.802,1.33734,1.33748,3.60,1.50
2010.04.06 18:08:27.163,1.33744,1.33756,1.70,1.50
2010.04.06 18:08:29.382,1.33753,1.33767,7.20,4.50
2010.04.06 18:08:33.983,1.33762,1.33775,2.50,1.50
2010.04.06 18:08:36.152,1.33765,1.33777,4.00,1.50
2010.04.06 18:08:38.272,1.33758,1.33772,4.00,4.20
2010.04.06 18:08:39.443,1.33753,1.33769,2.10,1.50
2010.04.06 18:08:40.687,1.3375,1.33762,3.00,2.50
2010.04.06 18:08:44.392,1.33749,1.33763,1.50,1.50
2010.04.06 18:08:46.512,1.33749,1.33761,3.00,3.00
2010.04.06 18:08:54.641,1.3375,1.33765,1.70,3.40
2010.04.06 18:08:56.693,1.33752,1.33764,1.70,1.50
2010.04.06 18:09:01.019,1.33767,1.33779,1.70,1.50
2010.04.06 18:09:01.214,1.33774,1.33782,1.50,2.50
2010.04.06 18:09:08.257,1.33776,1.33788,1.50,2.70
2010.04.06 18:09:10.281,1.33777,1.33788,2.90,3.30
2010.04.06 18:09:12.316,1.33773,1.33785,2.30,4.70
2010.04.06 18:09:14.385,1.33766,1.33781,13.90,1.70
2010.04.06 18:09:14.653,1.33759,1.33771,1.70,17.10
2010.04.06 18:09:16.965,1.33748,1.33761,1.50,2.70
2010.04.06 18:09:19.270,1.33747,1.33753,8.30,1.50
2010.04.06 18:09:20.224,1.33749,1.33761,1.50,2.10
2010.04.06 18:09:22.112,1.33759,1.33768,1.50,2.70
2010.04.06 18:09:22.896,1.33764,1.33778,1.50,1.90
2010.04.06 18:09:25.204,1.33772,1.33786,2.90,1.50
2010.04.06 18:09:27.238,1.3378,1.33794,1.50,7.70
2010.04.06 18:09:27.534,1.33795,1.338,3.00,2.30
2010.04.06 18:09:28.302,1.33803,1.33812,13.50,1.40
2010.04.06 18:09:30.548,1.33805,1.33817,1.50,1.50
2010.04.06 18:09:32.613,1.33799,1.33813,3.00,2.50
2010.04.06 18:09:34.696,1.33793,1.33805,1.90,1.90
2010.04.06 18:09:36.697,1.33786,1.33798,3.00,2.50
2010.04.06 18:09:36.985,1.33784,1.33791,1.90,1.50
2010.04.06 18:09:37.323,1.33777,1.33789,1.30,1.50
2010.04.06 18:09:39.136,1.33772,1.33786,3.80,2.90
2010.04.06 18:09:42.145,1.33771,1.33783,1.70,3.40
2010.04.06 18:09:43.964,1.3377,1.33782,2.30,4.00
2010.04.06 18:09:46.077,1.33769,1.3378,1.50,1.50
2010.04.06 18:09:46.193,1.33769,1.33777,2.10,1.50
2010.04.06 18:09:48.271,1.33763,1.33774,1.70,1.50
2010.04.06 18:09:50.334,1.33757,1.33771,2.50,1.50
2010.04.06 18:09:55.612,1.33755,1.33769,4.70,3.00
2010.04.06 18:10:01.020,1.3376,1.33774,1.90,1.70
2010.04.06 18:10:05.981,1.3377,1.33781,1.50,2.70
2010.04.06 18:10:11.029,1.33777,1.33791,1.90,1.50
2010.04.06 18:10:16.818,1.33779,1.33791,3.60,2.50
2010.04.06 18:10:19.061,1.33768,1.3378,1.50,1.40
2010.04.06 18:10:21.321,1.33751,1.33763,2.80,1.70
2010.04.06 18:10:24.035,1.33733,1.33745,1.50,1.50
2010.04.06 18:10:28.400,1.33716,1.33728,1.30,1.50
2010.04.06 18:10:39.071,1.33706,1.33722,1.20,2.70
2010.04.06 18:10:41.750,1.33715,1.33727,1.50,11.00
2010.04.06 18:10:43.822,1.33722,1.33738,2.50,2.50
2010.04.06 18:10:52.632,1.33731,1.33747,2.90,1.50
2010.04.06 18:10:56.182,1.3374,1.33748,1.50,1.50
2010.04.06 18:11:02.328,1.33741,1.33753,1.50,2.50
2010.04.06 18:11:06.339,1.33736,1.33749,1.50,1.70
2010.04.06 18:11:09.901,1.33732,1.33746,5.30,1.70
2010.04.06 18:11:12.501,1.33731,1.33745,1.90,1.70
2010.04.06 18:11:17.196,1.33738,1.33752,1.20,1.50
2010.04.06 18:11:19.327,1.33751,1.3376,8.10,2.70
2010.04.06 18:11:21.508,1.33763,1.33775,2.70,1.50
2010.04.06 18:11:24.181,1.33778,1.33788,1.50,1.50
2010.04.06 18:11:26.517,1.33782,1.33796,1.20,1.90
2010.04.06 18:11:40.926,1.3378,1.33792,4.20,1.50
2010.04.06 18:11:44.189,1.33774,1.33787,1.70,3.60
2010.04.06 18:11:47.756,1.3377,1.3378,1.50,1.50
2010.04.06 18:11:50.306,1.33765,1.33777,1.50,3.40
2010.04.06 18:11:55.910,1.33759,1.33774,3.40,1.90
2010.04.06 18:11:59.618,1.33759,1.33769,1.50,3.60
2010.04.06 18:12:02.662,1.33755,1.33769,1.90,2.30
2010.04.06 18:12:05.990,1.33744,1.33755,1.50,2.30
2010.04.06 18:12:08.041,1.3373,1.33743,3.00,2.50
2010.04.06 18:12:11.788,1.3372,1.33733,2.30,1.20
2010.04.06 18:12:13.432,1.3372,1.33733,2.50,21.80
2010.04.06 18:12:15.451,1.33735,1.33748,1.90,1.50
2010.04.06 18:12:22.218,1.33751,1.33765,3.00,2.90
2010.04.06 18:12:24.220,1.33763,1.3377,1.50,2.50
2010.04.06 18:12:29.738,1.3376,1.33768,3.00,1.50
2010.04.06 18:12:32.491,1.33754,1.33764,4.20,1.50
2010.04.06 18:12:35.467,1.33746,1.3376,1.50,1.20
2010.04.06 18:12:38.601,1.33741,1.33757,3.20,3.00
2010.04.06 18:12:41.952,1.33739,1.33749,4.40,1.50
2010.04.06 18:12:42.173,1.33737,1.33748,4.00,2.30
2010.04.06 18:12:44.192,1.33737,1.33748,1.50,3.60
2010.04.06 18:12:46.211,1.33734,1.33748,2.30,2.50
2010.04.06 18:13:02.944,1.33749,1.33763,2.90,1.50
2010.04.06 18:13:03.807,1.33744,1.33757,2.80,2.30
2010.04.06 18:13:15.625,1.33735,1.33751,1.50,1.70
2010.04.06 18:13:20.120,1.33731,1.33746,1.50,3.00
2010.04.06 18:13:20.453,1.33731,1.33741,1.90,1.90
2010.04.06 18:13:21.442,1.33731,1.33746,1.50,2.10
2010.04.06 18:13:24.122,1.33741,1.33755,7.90,1.40
2010.04.06 18:13:26.562,1.33755,1.33765,1.70,1.50
2010.04.06 18:13:29.862,1.33767,1.33779,2.30,1.50
2010.04.06 18:13:31.894,1.33779,1.33792,1.50,1.40
2010.04.06 18:13:34.094,1.33784,1.33796,1.50,1.90
2010.04.06 18:13:36.198,1.33779,1.33791,1.20,6.20
2010.04.06 18:13:38.325,1.33771,1.33787,2.50,1.50
2010.04.06 18:13:41.752,1.33769,1.33783,2.30,3.00
2010.04.06 18:13:44.458,1.3377,1.33782,4.40,1.20
2010.04.06 18:13:49.484,1.3377,1.33786,3.80,1.50
2010.04.06 18:13:53.900,1.33776,1.33788,22.20,1.40
2010.04.06 18:13:56.091,1.33778,1.33794,1.50,4.50
2010.04.06 18:14:03.328,1.33761,1.33775,8.30,1.90
2010.04.06 18:14:05.381,1.33758,1.33771,1.50,4.00
2010.04.06 18:14:08.360,1.33752,1.33765,3.20,6.20
2010.04.06 18:14:12.044,1.33744,1.33757,3.40,1.50
2010.04.06 18:14:15.346,1.33743,1.33755,3.00,4.00
2010.04.06 18:14:18.541,1.33748,1.33761,1.50,3.00
2010.04.06 18:14:20.840,1.33755,1.33767,2.70,2.50
2010.04.06 18:14:24.441,1.33763,1.33776,1.70,1.50
2010.04.06 18:14:26.823,1.33771,1.33783,1.50,1.70
2010.04.06 18:14:28.848,1.33781,1.33794,1.20,1.50
2010.04.06 18:14:36.668,1.33791,1.33803,26.30,3.40
2010.04.06 18:14:38.660,1.33796,1.33808,2.30,2.10
2010.04.06 18:14:39.870,1.33791,1.33805,1.70,1.50
2010.04.06 18:14:43.191,1.33786,1.338,3.40,2.30
2010.04.06 18:14:51.292,1.33784,1.33792,2.70,3.60
2010.04.06 18:14:51.491,1.33775,1.3379,1.70,2.50
2010.04.06 18:14:54.300,1.33768,1.33784,1.50,6.80
2010.04.06 18:14:54.628,1.3376,1.33776,1.30,1.10
2010.04.06 18:14:56.634,1.33759,1.33769,29.20,1.20
2010.04.06 18:15:03.052,1.33774,1.33784,6.40,1.50
2010.04.06 18:15:07.193,1.33772,1.33781,3.40,4.90
2010.04.06 18:15:11.253,1.33771,1.3378,3.60,2.30
2010.04.06 18:15:11.660,1.3377,1.33786,1.40,1.50
2010.04.06 18:15:13.660,1.33784,1.33792,1.90,2.30
2010.04.06 18:15:15.934,1.33795,1.33803,6.00,1.50
2010.04.06 18:15:18.911,1.33805,1.33814,1.80,1.50
2010.04.06 18:15:23.624,1.33813,1.33823,1.90,2.30
2010.04.06 18:15:26.832,1.33816,1.33826,13.90,1.70
2010.04.06 18:15:29.203,1.33811,1.33821,3.60,2.30
2010.04.06 18:15:34.720,1.33807,1.33818,1.50,3.80
2010.04.06 18:15:38.611,1.33803,1.33815,3.40,1.50
2010.04.06 18:15:41.193,1.33802,1.33816,1.20,1.90
2010.04.06 18:15:43.293,1.33806,1.33817,3.00,4.40
2010.04.06 18:15:51.434,1.33811,1.3382,4.70,1.50
2010.04.06 18:15:57.064,1.33811,1.33823,1.40,1.50
2010.04.06 18:16:15.899,1.3383,1.3384,1.50,1.50
2010.04.06 18:16:30.700,1.33846,1.33855,1.50,2.10
2010.04.06 18:16:35.820,1.33841,1.33851,1.90,1.50
2010.04.06 18:16:38.949,1.33809,1.33823,2.30,1.50
2010.04.06 18:16:42.449,1.3379,1.33804,9.00,1.50
2010.04.06 18:16:44.759,1.33799,1.33806,3.40,1.20
2010.04.06 18:16:47.229,1.33811,1.33823,1.50,3.80
2010.04.06 18:16:49.581,1.33825,1.33839,2.10,1.50
2010.04.06 18:16:52.829,1.33832,1.33848,2.30,3.40
2010.04.06 18:17:23.647,1.33855,1.33871,2.30,4.00
2010.04.06 18:17:26.498,1.33846,1.3386,2.10,5.50
2010.04.06 18:17:29.799,1.33834,1.33846,2.70,1.80
2010.04.06 18:17:30.772,1.3382,1.33836,3.40,2.30
2010.04.06 18:17:36.124,1.33824,1.33838,1.50,1.90
2010.04.06 18:17:38.409,1.33845,1.3386,1.70,4.20
2010.04.06 18:17:44.089,1.3387,1.33884,6.60,1.50
2010.04.06 18:17:46.148,1.33883,1.33895,4.50,4.00
2010.04.06 18:17:48.417,1.33875,1.33889,1.50,4.50
2010.04.06 18:17:50.585,1.33862,1.33877,1.90,8.50
2010.04.06 18:17:52.691,1.3385,1.3386,3.00,1.90
2010.04.06 18:17:54.826,1.33842,1.33856,2.80,2.80
2010.04.06 18:18:05.584,1.33826,1.33838,3.00,1.90
2010.04.06 18:18:08.853,1.3383,1.33839,2.50,1.50
2010.04.06 18:18:12.004,1.33833,1.33846,1.50,1.50
2010.04.06 18:18:14.432,1.33836,1.3385,1.50,5.90
2010.04.06 18:18:16.760,1.33836,1.33852,3.00,2.50
2010.04.06 18:18:16.986,1.33835,1.33843,2.30,5.10
2010.04.06 18:18:19.285,1.33827,1.33839,6.80,4.50
2010.04.06 18:18:27.269,1.33819,1.33829,2.90,1.20
2010.04.06 18:18:29.731,1.33807,1.3382,1.50,2.70
2010.04.06 18:18:32.623,1.33798,1.3381,1.90,1.70
2010.04.06 18:18:35.035,1.33795,1.33806,2.50,1.50
2010.04.06 18:18:35.371,1.33798,1.3381,1.90,1.50
2010.04.06 18:18:39.442,1.33803,1.33815,5.90,6.60
2010.04.06 18:18:41.996,1.33808,1.3382,1.70,2.50
2010.04.06 18:18:45.750,1.3381,1.33822,1.70,2.40
2010.04.06 18:18:47.761,1.33809,1.33823,3.00,1.40
2010.04.06 18:18:54.559,1.33808,1.33823,4.00,4.40
2010.04.06 18:18:54.670,1.33808,1.33819,1.50,2.90
2010.04.06 18:18:58.182,1.33805,1.33819,3.60,1.70
2010.04.06 18:19:08.857,1.3381,1.33824,3.60,2.90
2010.04.06 18:19:10.523,1.33805,1.3382,1.50,1.60
2010.04.06 18:19:10.906,1.33804,1.33816,1.70,2.60
2010.04.06 18:19:18.464,1.33807,1.33815,1.50,1.50
2010.04.06 18:19:19.458,1.33812,1.3382,1.90,3.20
2010.04.06 18:19:22.385,1.33816,1.33826,1.50,4.50
2010.04.06 18:19:23.714,1.33813,1.33825,1.20,8.70
2010.04.06 18:19:26.745,1.33806,1.33814,1.70,2.30
2010.04.06 18:19:27.637,1.33793,1.33805,2.90,1.90
2010.04.06 18:19:40.417,1.33779,1.33792,1.50,1.50
2010.04.06 18:19:42.236,1.33771,1.33779,1.50,1.50
2010.04.06 18:19:46.688,1.33764,1.33778,1.70,3.00
2010.04.06 18:19:48.757,1.33773,1.33783,1.50,3.00
2010.04.06 18:19:50.928,1.33779,1.33793,7.30,1.70
2010.04.06 18:19:54.095,1.33789,1.33801,1.50,2.90
2010.04.06 18:19:55.845,1.33797,1.33807,3.40,1.70
2010.04.06 18:19:59.215,1.33799,1.33812,1.40,11.50
2010.04.06 18:20:01.891,1.3381,1.33824,2.30,4.70
2010.04.06 18:20:04.212,1.3382,1.33831,3.80,1.50
2010.04.06 18:20:08.743,1.3383,1.3384,4.50,3.20
2010.04.06 18:20:12.833,1.33833,1.33843,3.20,1.50
2010.04.06 18:20:14.834,1.33825,1.33838,2.30,2.40
2010.04.06 18:20:17.814,1.33816,1.33826,53.90,1.50
2010.04.06 18:20:22.092,1.33805,1.33817,1.50,3.20
2010.04.06 18:20:25.234,1.33795,1.33809,8.30,2.10
2010.04.06 18:20:27.463,1.33793,1.33803,1.70,3.80
2010.04.06 18:20:32.490,1.33795,1.33805,19.50,3.80
2010.04.06 18:20:38.861,1.33799,1.3381,1.90,1.50
2010.04.06 18:20:41.940,1.33803,1.33815,1.20,24.30
2010.04.06 18:20:45.221,1.33807,1.33819,5.10,1.50
2010.04.06 18:20:48.242,1.3381,1.33824,5.40,2.30
2010.04.06 18:20:52.863,1.33812,1.33823,1.50,3.40
2010.04.06 18:20:55.204,1.33814,1.33824,4.20,1.50
2010.04.06 18:21:03.581,1.33817,1.33833,3.00,1.50
2010.04.06 18:21:06.831,1.33814,1.33823,5.10,3.00
2010.04.06 18:21:07.298,1.33805,1.33817,5.50,2.70
2010.04.06 18:21:10.143,1.33797,1.33806,1.50,1.50
2010.04.06 18:21:13.741,1.33793,1.33805,1.50,3.40
2010.04.06 18:21:15.899,1.33797,1.3381,1.20,6.60
2010.04.06 18:21:18.103,1.33805,1.33817,1.90,1.50
2010.04.06 18:21:20.152,1.33813,1.33825,1.10,2.30
2010.04.06 18:21:22.632,1.33821,1.33834,1.70,1.50
2010.04.06 18:21:27.849,1.33831,1.33843,3.00,2.70
2010.04.06 18:21:33.685,1.33832,1.33846,1.70,1.50
2010.04.06 18:21:37.122,1.33827,1.33839,1.50,1.50
2010.04.06 18:21:39.162,1.3382,1.33833,2.70,1.20
2010.04.06 18:21:41.640,1.33816,1.33829,1.50,5.10
2010.04.06 18:21:45.188,1.33812,1.33827,1.50,4.20
2010.04.06 18:21:45.560,1.33812,1.33826,1.50,3.80
2010.04.06 18:21:48.102,1.33811,1.33827,1.40,1.50
2010.04.06 18:21:50.108,1.33815,1.33822,2.10,2.30
2010.04.06 18:21:50.940,1.33814,1.33824,1.50,1.50
2010.04.06 18:21:51.361,1.33813,1.33827,2.10,2.70
2010.04.06 18:22:03.304,1.33802,1.33818,1.70,1.50
2010.04.06 18:22:06.825,1.33804,1.33821,1.50,3.20
2010.04.06 18:22:09.943,1.33808,1.33823,1.50,1.40
2010.04.06 18:22:11.510,1.33815,1.33829,3.40,2.30
2010.04.06 18:22:11.974,1.33823,1.33833,1.50,1.50
2010.04.06 18:22:17.599,1.33825,1.33835,3.40,1.50
2010.04.06 18:22:24.802,1.33816,1.33828,4.50,1.50
2010.04.06 18:22:27.554,1.33807,1.33817,2.70,2.30
2010.04.06 18:22:31.106,1.33794,1.33805,1.70,1.50
2010.04.06 18:22:34.674,1.3378,1.33791,1.90,3.80
2010.04.06 18:22:37.564,1.33772,1.33784,3.00,1.40
2010.04.06 18:22:39.541,1.33773,1.33785,4.90,1.90
2010.04.06 18:22:42.129,1.33774,1.33788,2.90,1.50
2010.04.06 18:22:46.554,1.33775,1.33789,1.20,1.70
2010.04.06 18:22:51.285,1.33775,1.33791,2.30,1.80
2010.04.06 18:22:53.711,1.33779,1.3379,1.90,1.10
2010.04.06 18:22:54.814,1.3378,1.33792,3.00,4.00
2010.04.06 18:22:55.144,1.33784,1.33792,2.30,1.50
2010.04.06 18:23:02.401,1.33801,1.33811,4.00,4.40
2010.04.06 18:23:06.704,1.33792,1.33808,3.40,1.50
2010.04.06 18:23:08.906,1.33785,1.33798,2.30,1.50
2010.04.06 18:23:11.022,1.33776,1.33786,2.30,2.10
2010.04.06 18:23:12.473,1.33766,1.3378,4.50,1.90
2010.04.06 18:23:12.591,1.33766,1.33774,3.00,1.70
2010.04.06 18:23:14.405,1.3377,1.33782,2.70,1.90
2010.04.06 18:23:17.725,1.33781,1.33791,5.10,1.50
2010.04.06 18:23:23.962,1.33794,1.33801,1.20,3.00
2010.04.06 18:23:26.033,1.33806,1.33813,1.90,2.50
2010.04.06 18:23:27.862,1.33817,1.33827,1.50,3.40
2010.04.06 18:23:28.241,1.33828,1.33842,1.50,3.20
2010.04.06 18:23:32.492,1.33832,1.33842,3.00,1.90
2010.04.06 18:23:42.983,1.33823,1.33841,4.50,2.50
2010.04.06 18:23:46.175,1.3382,1.33834,1.50,3.40
2010.04.06 18:23:48.285,1.33817,1.33833,1.50,6.20
2010.04.06 18:23:53.255,1.3382,1.33834,3.00,1.40
2010.04.06 18:23:56.325,1.33825,1.33839,3.00,1.50
2010.04.06 18:23:58.860,1.33829,1.33843,2.30,1.50
2010.04.06 18:24:03.210,1.33834,1.33846,2.50,4.50
2010.04.06 18:24:07.422,1.33835,1.33845,1.20,2.30
2010.04.06 18:24:08.639,1.33833,1.33843,2.30,1.50
2010.04.06 18:24:08.792,1.33829,1.33844,2.10,2.30
2010.04.06 18:24:09.164,1.33827,1.33835,3.40,1.50
2010.04.06 18:24:10.541,1.33819,1.33833,1.50,1.50
2010.04.06 18:24:11.502,1.33813,1.33823,1.50,2.50
2010.04.06 18:24:13.643,1.33805,1.33819,2.30,5.10
2010.04.06 18:24:16.582,1.33806,1.33818,1.50,1.50
2010.04.06 18:24:17.264,1.33816,1.3383,5.30,4.00
2010.04.06 18:24:19.379,1.3383,1.3384,1.50,1.50
2010.04.06 18:24:21.581,1.33841,1.33853,4.70,1.20
2010.04.06 18:24:24.719,1.33849,1.33863,1.90,1.20
2010.04.06 18:24:25.293,1.33858,1.33871,1.50,1.50
2010.04.06 18:24:27.354,1.33866,1.33879,1.50,1.20
2010.04.06 18:24:27.794,1.33876,1.33885,4.70,3.40
2010.04.06 18:24:29.854,1.33885,1.33893,1.50,3.80
2010.04.06 18:24:30.782,1.33892,1.33904,2.10,5.50
2010.04.06 18:24:31.227,1.33894,1.33906,2.70,3.80
2010.04.06 18:24:31.468,1.33887,1.33897,3.80,1.90
2010.04.06 18:24:33.624,1.33881,1.33888,3.40,4.40
2010.04.06 18:24:34.855,1.3387,1.33883,1.50,2.50
2010.04.06 18:24:38.195,1.33865,1.33878,2.30,10.00
2010.04.06 18:24:41.283,1.33864,1.33877,3.20,1.50
2010.04.06 18:24:45.345,1.33864,1.33879,1.50,2.10
2010.04.06 18:24:47.625,1.33869,1.33884,3.40,4.90
2010.04.06 18:24:49.755,1.33875,1.33889,2.30,1.50
2010.04.06 18:24:54.045,1.33879,1.33893,1.30,3.00
2010.04.06 18:25:05.263,1.3388,1.3389,1.50,2.50
2010.04.06 18:25:05.601,1.33872,1.3388,1.70,1.50
2010.04.06 18:25:06.050,1.33863,1.33874,4.40,17.50
2010.04.06 18:25:21.974,1.33853,1.33866,1.50,3.60
2010.04.06 18:25:27.720,1.33844,1.33857,1.50,1.70
2010.04.06 18:25:28.697,1.33833,1.33849,1.50,1.50
2010.04.06 18:25:29.542,1.33836,1.33846,1.90,6.60
2010.04.06 18:25:31.558,1.33844,1.33854,1.70,1.50
2010.04.06 18:25:33.610,1.33856,1.33866,1.50,2.50
2010.04.06 18:25:34.054,1.33867,1.33878,5.70,1.50
2010.04.06 18:25:34.174,1.3388,1.33888,2.50,1.50
2010.04.06 18:25:35.052,1.33889,1.33902,3.00,3.80
2010.04.06 18:25:37.431,1.33896,1.33908,1.20,1.20
2010.04.06 18:25:39.542,1.33895,1.3391,4.40,3.10
2010.04.06 18:25:42.114,1.33891,1.33904,1.50,3.60
2010.04.06 18:25:44.261,1.33886,1.33898,1.50,3.00
2010.04.06 18:25:46.412,1.33877,1.33889,1.90,1.50
2010.04.06 18:25:49.882,1.3387,1.33882,2.10,1.40
2010.04.06 18:25:51.902,1.33865,1.33874,2.30,1.70
2010.04.06 18:25:52.262,1.33857,1.33873,2.50,4.00
2010.04.06 18:26:05.753,1.33829,1.33847,1.50,3.00
2010.04.06 18:26:09.772,1.33831,1.33843,4.00,1.50
2010.04.06 18:26:11.814,1.33835,1.33849,1.70,1.50
2010.04.06 18:26:20.095,1.33851,1.33864,1.50,3.00
2010.04.06 18:26:25.234,1.33861,1.33873,1.50,1.70
2010.04.06 18:26:40.843,1.3386,1.33874,2.30,1.90
2010.04.06 18:26:44.762,1.33856,1.33872,1.50,1.90
2010.04.06 18:26:49.956,1.33857,1.33869,6.00,3.60
2010.04.06 18:26:54.741,1.33855,1.33869,2.50,1.50
2010.04.06 18:26:58.371,1.33854,1.33866,1.50,1.60
2010.04.06 18:27:03.070,1.33837,1.33853,4.40,1.90
2010.04.06 18:27:05.192,1.33833,1.33842,1.90,1.50
2010.04.06 18:27:07.225,1.33826,1.33836,4.00,1.50
2010.04.06 18:27:09.245,1.33817,1.33829,2.30,1.70
2010.04.06 18:27:09.327,1.33809,1.33823,1.50,2.30
2010.04.06 18:27:12.194,1.33803,1.33815,1.50,3.80
2010.04.06 18:27:14.213,1.33805,1.33815,1.50,1.70
2010.04.06 18:27:16.223,1.33815,1.33827,4.40,1.50
2010.04.06 18:27:18.813,1.33828,1.33837,2.50,1.50
2010.04.06 18:27:19.140,1.33836,1.3385,1.70,1.50
2010.04.06 18:27:19.492,1.33848,1.33855,1.50,2.90
2010.04.06 18:27:19.602,1.33853,1.33864,1.50,6.60
2010.04.06 18:27:22.523,1.33856,1.33868,4.00,4.50
2010.04.06 18:27:25.013,1.33859,1.33871,1.50,5.90
2010.04.06 18:27:27.194,1.33863,1.33873,1.50,1.50
2010.04.06 18:27:29.247,1.33867,1.3388,1.50,3.00
2010.04.06 18:27:33.018,1.33872,1.33884,3.00,1.70
2010.04.06 18:27:35.204,1.33875,1.33888,2.70,3.20
2010.04.06 18:27:37.365,1.33876,1.33888,2.30,1.70
2010.04.06 18:27:39.681,1.33867,1.33881,1.50,3.00
2010.04.06 18:27:39.900,1.33863,1.33869,2.50,1.50
2010.04.06 18:27:40.185,1.33852,1.33868,1.50,1.90
2010.04.06 18:27:40.457,1.33853,1.33861,1.50,1.50
2010.04.06 18:27:43.650,1.33851,1.33859,3.80,7.70
2010.04.06 18:27:43.990,1.33848,1.33858,2.30,4.20
2010.04.06 18:27:44.110,1.33847,1.33856,1.70,29.00
2010.04.06 18:27:46.122,1.33842,1.33857,2.70,1.70
2010.04.06 18:27:48.184,1.33843,1.33854,1.50,3.60
2010.04.06 18:27:50.265,1.33842,1.33852,1.50,1.50
2010.04.06 18:27:53.313,1.33839,1.3385,1.50,5.90
2010.04.06 18:27:55.834,1.33837,1.33847,3.60,3.20
2010.04.06 18:28:00.464,1.33829,1.33845,4.50,26.00
2010.04.06 18:28:02.975,1.33825,1.33839,2.70,1.90
2010.04.06 18:28:04.222,1.33817,1.33832,4.70,1.50
2010.04.06 18:28:04.451,1.33815,1.33823,1.50,1.20
2010.04.06 18:28:04.984,1.33812,1.33822,2.10,1.90
2010.04.06 18:28:07.555,1.33815,1.33827,7.50,1.20
2010.04.06 18:28:09.887,1.33824,1.33836,3.00,2.50
2010.04.06 18:28:12.984,1.33831,1.33843,1.70,1.50
2010.04.06 18:28:15.296,1.33841,1.33854,3.40,4.20
2010.04.06 18:28:17.656,1.3385,1.33863,1.50,2.90
2010.04.06 18:28:22.236,1.33855,1.33869,7.20,1.90
2010.04.06 18:28:26.394,1.33853,1.33865,1.50,1.70
2010.04.06 18:28:27.517,1.33849,1.33861,2.90,1.50
2010.04.06 18:28:30.825,1.33844,1.33856,1.90,1.20
2010.04.06 18:28:33.606,1.33841,1.33854,1.50,6.20
2010.04.06 18:28:38.892,1.33839,1.33853,3.00,3.40
2010.04.06 18:28:49.486,1.33838,1.33852,2.30,2.50
2010.04.06 18:28:55.037,1.33835,1.33849,4.50,1.90
2010.04.06 18:29:03.935,1.33848,1.33862,1.50,1.90
2010.04.06 18:29:10.943,1.33843,1.33855,1.50,2.50
2010.04.06 18:29:22.323,1.33837,1.33846,3.60,1.50
2010.04.06 18:29:25.584,1.33828,1.3384,1.90,4.20
2010.04.06 18:29:27.935,1.33822,1.33834,1.70,3.80
2010.04.06 18:29:31.374,1.33822,1.33832,1.50,1.50
2010.04.06 18:29:34.814,1.33826,1.33834,1.50,6.20
2010.04.06 18:29:37.013,1.33833,1.33841,17.30,1.20
2010.04.06 18:29:39.222,1.33838,1.33847,1.70,1.50
2010.04.06 18:29:41.653,1.33847,1.33856,1.90,1.50
2010.04.06 18:29:43.664,1.33853,1.33866,1.70,1.70
2010.04.06 18:29:47.214,1.33865,1.33873,1.20,1.70
2010.04.06 18:29:49.334,1.33868,1.33876,1.70,1.50
2010.04.06 18:29:51.355,1.33866,1.33875,1.80,1.50
2010.04.06 18:29:53.384,1.33861,1.33871,5.30,1.20
2010.04.06 18:29:56.835,1.33858,1.33867,1.30,3.00
2010.04.06 18:29:58.988,1.33855,1.33867,5.30,1.50
2010.04.06 18:30:02.684,1.33855,1.33865,12.60,3.80
2010.04.06 18:30:02.903,1.33856,1.33866,1.50,1.50
2010.04.06 18:30:09.812,1.33852,1.33865,1.50,4.40
2010.04.06 18:30:17.553,1.33849,1.3386,1.90,4.40
2010.04.06 18:30:19.586,1.33841,1.33854,1.50,4.70
2010.04.06 18:30:23.100,1.33838,1.33846,1.50,4.00
2010.04.06 18:30:23.332,1.3384,1.33844,1.50,2.70
2010.04.06 18:30:25.886,1.3385,1.3386,3.00,1.90
2010.04.06 18:30:28.075,1.33865,1.33875,3.20,2.30
2010.04.06 18:30:30.947,1.33881,1.33891,1.20,1.50
2010.04.06 18:30:37.956,1.33899,1.33907,1.50,3.40
2010.04.06 18:30:39.986,1.33916,1.33926,1.10,2.30
2010.04.06 18:30:40.207,1.33934,1.33943,5.10,5.10
2010.04.06 18:30:40.317,1.3394,1.33952,2.50,1.90
2010.04.06 18:30:43.287,1.33937,1.33947,3.80,3.40
2010.04.06 18:30:45.604,1.3393,1.3394,1.50,1.70
2010.04.06 18:30:48.298,1.33925,1.33935,1.60,1.30
2010.04.06 18:30:50.777,1.33921,1.33932,1.50,1.50
2010.04.06 18:30:53.575,1.33922,1.33935,12.60,3.80
2010.04.06 18:30:55.644,1.33929,1.33941,2.30,1.50
2010.04.06 18:30:55.975,1.33938,1.33944,1.50,1.50
2010.04.06 18:30:57.116,1.33937,1.33953,5.50,1.90
2010.04.06 18:31:30.435,1.33916,1.3393,3.20,1.50
2010.04.06 18:31:40.773,1.3391,1.33922,1.50,2.70
2010.04.06 18:31:43.436,1.33918,1.33928,1.50,1.50
2010.04.06 18:31:46.680,1.33941,1.33951,5.30,3.40
2010.04.06 18:31:49.420,1.33957,1.33967,1.50,2.70
2010.04.06 18:31:51.851,1.33957,1.33967,3.00,4.40
2010.04.06 18:31:54.084,1.33952,1.33963,1.70,1.50
2010.04.06 18:31:56.334,1.33949,1.33959,1.70,1.90
2010.04.06 18:32:15.986,1.33934,1.33946,2.30,1.70
2010.04.06 18:32:21.480,1.33948,1.33959,1.20,2.30
2010.04.06 18:32:21.922,1.33963,1.33976,1.50,1.70
2010.04.06 18:32:22.646,1.33969,1.33981,1.70,1.50
2010.04.06 18:32:24.986,1.33961,1.33973,2.10,1.50
2010.04.06 18:32:31.815,1.33946,1.33958,1.50,1.70
2010.04.06 18:32:37.096,1.33932,1.33944,1.50,1.40
2010.04.06 18:32:37.846,1.33926,1.33936,1.20,1.50
2010.04.06 18:32:40.933,1.33926,1.33938,1.50,2.50
2010.04.06 18:32:43.337,1.3393,1.3394,1.50,1.40
2010.04.06 18:32:46.256,1.33929,1.33942,3.00,1.90
2010.04.06 18:32:49.056,1.33928,1.33942,3.40,4.20
2010.04.06 18:32:51.103,1.33928,1.3394,2.50,1.50
2010.04.06 18:32:56.417,1.33926,1.33938,2.30,3.00
2010.04.06 18:33:03.698,1.33951,1.33963,1.50,4.40
2010.04.06 18:33:05.856,1.33948,1.33959,3.60,1.70
2010.04.06 18:33:09.494,1.33946,1.33958,1.50,5.50
2010.04.06 18:33:11.503,1.33949,1.33961,3.80,1.50
2010.04.06 18:33:11.723,1.33957,1.33965,2.50,1.90
2010.04.06 18:33:12.545,1.33962,1.33974,1.50,3.40
2010.04.06 18:33:16.553,1.33962,1.33976,1.40,1.40
2010.04.06 18:33:20.505,1.33953,1.33966,3.00,1.70
2010.04.06 18:33:29.126,1.33942,1.33955,1.50,1.50
2010.04.06 18:33:33.892,1.33929,1.33942,1.50,4.50
2010.04.06 18:33:36.339,1.3392,1.33928,4.40,3.00
2010.04.06 18:33:38.483,1.33909,1.33919,1.50,1.70
2010.04.06 18:33:40.596,1.33905,1.33915,1.70,1.50
2010.04.06 18:33:41.487,1.33912,1.33919,5.70,1.50
2010.04.06 18:33:42.506,1.33918,1.33931,3.20,3.80
2010.04.06 18:33:45.726,1.33925,1.33937,5.50,1.50
2010.04.06 18:33:55.699,1.33929,1.33941,1.80,1.50
2010.04.06 18:34:01.515,1.33922,1.33934,2.50,2.30
2010.04.06 18:34:04.305,1.3392,1.33931,2.90,1.50
2010.04.06 18:34:10.524,1.33916,1.33925,1.70,4.00
2010.04.06 18:34:13.159,1.33914,1.33921,5.10,1.50
2010.04.06 18:34:15.743,1.33913,1.33923,1.50,4.70
2010.04.06 18:34:18.046,1.33918,1.3393,2.50,1.70
2010.04.06 18:34:20.415,1.33927,1.33937,2.00,1.50
2010.04.06 18:34:22.626,1.33934,1.33946,1.70,9.80
2010.04.06 18:34:30.944,1.33942,1.33955,8.10,1.50
2010.04.06 18:34:38.904,1.3395,1.33963,3.80,7.40
2010.04.06 18:34:39.133,1.33963,1.33973,5.90,6.60
2010.04.06 18:34:39.257,1.33971,1.33983,1.70,5.70
2010.04.06 18:34:41.946,1.33974,1.33986,1.50,2.50
2010.04.06 18:34:44.161,1.33968,1.3398,3.60,3.00
2010.04.06 18:34:49.094,1.33963,1.33973,4.50,1.50
2010.04.06 18:34:53.122,1.33958,1.33967,1.50,3.20
2010.04.06 18:34:55.675,1.33954,1.33966,2.30,1.70
2010.04.06 18:34:55.793,1.33956,1.33962,1.50,3.40
2010.04.06 18:34:57.806,1.33955,1.33965,1.50,1.70
2010.04.06 18:35:02.477,1.33951,1.33961,3.40,2.50
2010.04.06 18:35:07.060,1.33944,1.33958,1.70,1.20
2010.04.06 18:35:15.251,1.33936,1.33948,2.50,2.30
2010.04.06 18:35:18.258,1.33925,1.33938,1.90,1.70
2010.04.06 18:35:18.408,1.33917,1.3393,2.30,6.00
2010.04.06 18:35:19.479,1.33914,1.33926,3.60,3.00
2010.04.06 18:35:19.705,1.33921,1.33928,1.40,12.80
2010.04.06 18:35:21.319,1.33925,1.33938,2.30,2.40
2010.04.06 18:35:23.706,1.33932,1.33945,4.20,1.50
2010.04.06 18:35:25.819,1.33938,1.33948,2.70,1.70
2010.04.06 18:35:26.478,1.33942,1.33953,2.50,4.70
2010.04.06 18:35:28.739,1.33947,1.33958,2.30,1.50
2010.04.06 18:35:31.060,1.33952,1.33965,17.30,1.20
2010.04.06 18:35:33.269,1.33961,1.33973,1.70,2.50
2010.04.06 18:35:38.300,1.33971,1.33981,2.30,1.90
2010.04.06 18:35:40.417,1.33973,1.33986,1.40,10.50
2010.04.06 18:35:41.960,1.33966,1.33978,2.50,1.90
2010.04.06 18:35:44.054,1.33956,1.33968,1.50,1.90
2010.04.06 18:35:44.170,1.33946,1.3396,2.40,1.50
2010.04.06 18:35:44.909,1.3394,1.33949,1.90,1.70
2010.04.06 18:35:52.349,1.33934,1.3394,3.80,3.60
2010.04.06 18:35:54.940,1.33925,1.33935,1.50,2.30
2010.04.06 18:35:57.039,1.33919,1.33931,2.50,1.60
2010.04.06 18:36:06.838,1.33924,1.33936,3.80,1.10
2010.04.06 18:36:10.099,1.33923,1.33934,1.30,1.70
2010.04.06 18:36:21.020,1.33922,1.33933,6.00,2.50
2010.04.06 18:36:23.030,1.33916,1.33927,3.60,1.50
2010.04.06 18:36:30.138,1.33911,1.33925,1.50,1.50
2010.04.06 18:36:30.896,1.33909,1.33921,1.20,3.00
2010.04.06 18:36:31.338,1.33913,1.33923,1.50,3.20
2010.04.06 18:36:32.181,1.33919,1.33929,7.20,1.90
2010.04.06 18:36:34.296,1.33924,1.33934,7.20,1.90
2010.04.06 18:36:38.006,1.33927,1.33942,2.10,1.50
2010.04.06 18:36:38.228,1.33938,1.33946,1.50,1.50
2010.04.06 18:36:39.417,1.33945,1.33952,2.10,1.90
2010.04.06 18:36:39.747,1.33948,1.3396,2.70,1.50
2010.04.06 18:36:39.861,1.33947,1.33961,1.50,1.90
2010.04.06 18:36:40.846,1.33947,1.33954,3.80,1.50
2010.04.06 18:36:42.729,1.33942,1.33952,1.50,1.50
2010.04.06 18:36:51.331,1.33939,1.3395,1.70,5.70
2010.04.06 18:36:55.009,1.33936,1.3395,1.50,5.90
2010.04.06 18:36:57.428,1.33935,1.33949,1.50,5.70
2010.04.06 18:37:06.077,1.33936,1.3395,2.50,5.10
2010.04.06 18:37:08.797,1.33942,1.33953,4.40,1.90
2010.04.06 18:37:10.866,1.33947,1.3396,1.50,1.10
2010.04.06 18:37:14.218,1.33953,1.33966,1.30,1.50
2010.04.06 18:37:17.736,1.33954,1.33966,2.10,2.50
2010.04.06 18:37:22.897,1.33946,1.33959,2.30,3.20
2010.04.06 18:37:26.264,1.33937,1.33949,1.50,3.80
2010.04.06 18:37:28.438,1.33927,1.3394,4.50,26.00
2010.04.06 18:37:30.947,1.33919,1.33932,6.60,3.80
2010.04.06 18:37:33.098,1.33913,1.33926,2.30,1.50
2010.04.06 18:37:36.667,1.33912,1.33924,1.50,1.50
2010.04.06 18:37:38.667,1.33917,1.33929,4.20,1.50
2010.04.06 18:37:40.706,1.33922,1.33938,1.70,2.70
2010.04.06 18:37:42.338,1.33931,1.33941,2.70,1.90
2010.04.06 18:37:42.915,1.33934,1.33946,1.50,5.70
2010.04.06 18:37:46.642,1.33939,1.33949,1.70,2.50
2010.04.06 18:37:49.327,1.33937,1.33951,1.50,2.30
2010.04.06 18:37:51.427,1.33938,1.33948,1.50,1.20
2010.04.06 18:37:53.437,1.33936,1.33946,2.70,1.50
2010.04.06 18:37:55.496,1.3393,1.33942,1.90,3.80
2010.04.06 18:37:57.668,1.33927,1.33939,3.00,1.90
2010.04.06 18:38:02.288,1.33915,1.33927,1.50,2.10
2010.04.06 18:38:04.507,1.33918,1.33929,2.30,1.50
2010.04.06 18:38:04.950,1.33921,1.33933,1.50,1.50
2010.04.06 18:38:06.959,1.33926,1.33938,2.30,1.70
2010.04.06 18:38:09.051,1.3393,1.33942,4.50,3.20
2010.04.06 18:38:11.400,1.33937,1.33945,1.50,2.30
2010.04.06 18:38:13.725,1.33939,1.33952,4.20,1.20
2010.04.06 18:38:15.461,1.33946,1.33956,2.30,8.10
2010.04.06 18:38:17.029,1.33947,1.33957,1.20,11.10
2010.04.06 18:38:18.981,1.3394,1.33952,1.50,1.70
2010.04.06 18:38:22.651,1.33931,1.33942,1.50,3.80
2010.04.06 18:38:25.570,1.33921,1.33933,2.30,1.90
2010.04.06 18:38:28.881,1.33914,1.33926,1.50,2.50
2010.04.06 18:38:32.510,1.33905,1.33917,2.30,1.70
2010.04.06 18:38:34.540,1.33902,1.33914,1.50,3.60
2010.04.06 18:38:36.549,1.33905,1.33917,1.70,4.20
2010.04.06 18:38:39.971,1.33912,1.33924,1.50,2.30
2010.04.06 18:38:42.206,1.3392,1.33932,1.70,3.80
2010.04.06 18:38:44.259,1.33926,1.33936,4.20,1.20
2010.04.06 18:38:46.398,1.33932,1.3394,3.80,1.10
2010.04.06 18:38:47.064,1.33931,1.33941,1.90,3.00
2010.04.06 18:38:47.185,1.33926,1.33939,1.20,2.30
2010.04.06 18:38:48.891,1.33922,1.33933,1.70,1.50
2010.04.06 18:38:52.441,1.33916,1.33926,1.50,4.00
2010.04.06 18:38:58.070,1.33911,1.33921,1.50,1.70
2010.04.06 18:39:02.724,1.3392,1.3393,4.50,1.40
2010.04.06 18:39:06.543,1.33916,1.33926,1.50,1.90
2010.04.06 18:39:09.043,1.33923,1.33935,1.50,1.70
2010.04.06 18:39:20.643,1.33944,1.33958,1.50,5.50
2010.04.06 18:39:23.153,1.33956,1.3397,1.50,1.90
2010.04.06 18:39:26.102,1.33956,1.33969,1.50,1.20
2010.04.06 18:39:37.684,1.33951,1.33965,1.50,2.30
2010.04.06 18:39:41.653,1.33948,1.33962,1.30,1.70
2010.04.06 18:39:58.024,1.33945,1.33959,1.50,1.50
2010.04.06 18:40:05.241,1.33925,1.33933,3.40,1.50
2010.04.06 18:40:07.612,1.33921,1.33934,3.00,1.50
2010.04.06 18:40:07.836,1.3392,1.33927,3.20,1.90
2010.04.06 18:40:08.899,1.33913,1.33925,1.50,3.40
2010.04.06 18:40:14.717,1.33913,1.33925,1.20,4.70
2010.04.06 18:40:16.987,1.33921,1.33934,4.50,26.00
2010.04.06 18:40:19.737,1.33934,1.33946,1.50,1.90
2010.04.06 18:40:32.887,1.33947,1.33959,1.50,2.50
2010.04.06 18:40:40.337,1.33955,1.33967,2.70,1.50
2010.04.06 18:40:40.436,1.33952,1.33964,2.50,14.10
2010.04.06 18:40:45.490,1.33948,1.33961,2.30,1.50
2010.04.06 18:40:52.345,1.33947,1.33959,3.40,2.30
2010.04.06 18:41:10.002,1.33939,1.33951,3.80,4.50
2010.04.06 18:41:11.723,1.33945,1.33958,1.50,2.50
2010.04.06 18:41:14.893,1.33954,1.33968,1.50,2.50
2010.04.06 18:41:26.612,1.33963,1.33975,1.50,7.70
2010.04.06 18:41:30.689,1.33968,1.33972,2.30,1.50
2010.04.06 18:41:32.522,1.33955,1.33967,1.50,1.90
2010.04.06 18:41:33.900,1.33944,1.33958,2.30,3.40
2010.04.06 18:41:44.303,1.33939,1.33944,1.50,1.50
2010.04.06 18:41:50.611,1.3393,1.33944,4.90,2.70
2010.04.06 18:42:10.660,1.33931,1.33941,1.70,4.00
2010.04.06 18:42:12.753,1.33923,1.33938,2.30,2.50
2010.04.06 18:42:21.563,1.33915,1.33929,3.80,1.50
2010.04.06 18:42:23.639,1.33907,1.33921,1.50,1.20
2010.04.06 18:42:25.783,1.33911,1.33925,1.50,3.40
2010.04.06 18:42:28.149,1.33931,1.33945,1.70,2.30
2010.04.06 18:42:28.823,1.33954,1.33968,8.30,1.50
2010.04.06 18:42:31.423,1.33968,1.33982,3.60,1.50
2010.04.06 18:42:34.333,1.33969,1.33983,1.50,1.70
2010.04.06 18:42:39.222,1.33964,1.3398,1.20,4.70
2010.04.06 18:42:41.311,1.33962,1.33974,1.50,1.50
2010.04.06 18:42:42.061,1.33959,1.3397,1.90,1.20
2010.04.06 18:42:50.663,1.33955,1.3397,1.50,1.20
2010.04.06 18:42:54.864,1.33955,1.33967,4.70,5.70
2010.04.06 18:43:04.696,1.33957,1.33969,3.80,1.50
2010.04.06 18:43:06.922,1.3395,1.33961,1.50,3.40
2010.04.06 18:43:09.189,1.33957,1.33969,7.50,3.00
2010.04.06 18:43:15.530,1.33979,1.33991,3.80,1.50
2010.04.06 18:43:15.838,1.33995,1.34005,4.20,1.20
2010.04.06 18:43:16.520,1.3399,1.34003,1.30,1.50
2010.04.06 18:43:28.937,1.33976,1.33994,1.50,4.50
2010.04.06 18:43:36.917,1.33973,1.33985,1.90,2.50
2010.04.06 18:44:09.611,1.33953,1.33965,1.40,3.20
2010.04.06 18:44:12.019,1.3395,1.33963,1.70,5.50
2010.04.06 18:44:15.870,1.33945,1.33958,1.40,1.50
2010.04.06 18:44:18.075,1.33941,1.33954,1.20,1.50
2010.04.06 18:44:20.110,1.33945,1.33958,2.90,3.80
2010.04.06 18:44:22.773,1.3396,1.33968,5.10,5.10
2010.04.06 18:44:24.897,1.33973,1.33985,2.90,2.30
2010.04.06 18:44:30.917,1.3398,1.33998,1.40,4.20
2010.04.06 18:44:33.721,1.33981,1.33994,4.50,1.50
2010.04.06 18:44:36.241,1.33978,1.33988,1.50,3.00
2010.04.06 18:44:45.718,1.33974,1.33984,1.90,1.50
2010.04.06 18:44:54.629,1.3397,1.3398,3.40,4.20
2010.04.06 18:44:56.881,1.33967,1.33979,7.00,4.50
2010.04.06 18:44:58.949,1.33967,1.33977,3.40,1.50
2010.04.06 18:45:03.463,1.33962,1.33974,1.50,1.70
2010.04.06 18:45:03.683,1.33951,1.33958,2.50,1.50
2010.04.06 18:45:21.591,1.33949,1.33957,3.20,2.30
2010.04.06 18:45:31.194,1.33964,1.33978,1.50,2.90
2010.04.06 18:45:40.821,1.33978,1.3399,2.30,2.30
2010.04.06 18:45:47.049,1.33977,1.33993,24.10,1.50
2010.04.06 18:45:47.313,1.33976,1.33984,4.40,3.10
2010.04.06 18:45:49.552,1.33971,1.33981,1.50,1.50
2010.04.06 18:45:54.112,1.33966,1.3398,1.90,1.50
2010.04.06 18:46:04.382,1.33965,1.33977,2.30,1.50
2010.04.06 18:46:08.466,1.33969,1.3398,2.10,1.50
2010.04.06 18:46:11.882,1.33975,1.33982,3.60,1.50
2010.04.06 18:46:14.969,1.33976,1.33986,1.50,1.90
2010.04.06 18:46:17.872,1.33973,1.33985,2.70,1.50
2010.04.06 18:46:19.992,1.33963,1.33973,1.50,3.40
2010.04.06 18:46:24.443,1.33948,1.3396,2.30,6.00
2010.04.06 18:46:30.196,1.33936,1.33949,1.50,1.70
2010.04.06 18:46:31.003,1.33932,1.33944,4.90,2.70
2010.04.06 18:46:39.783,1.33934,1.33948,1.50,2.50
2010.04.06 18:46:42.312,1.33939,1.33951,1.50,2.50
2010.04.06 18:46:44.482,1.33942,1.33953,1.50,3.40
2010.04.06 18:46:55.718,1.33944,1.33954,2.30,3.80
2010.04.06 18:47:00.442,1.33951,1.33961,3.20,5.10
2010.04.06 18:47:04.900,1.3395,1.33956,4.50,5.30
2010.04.06 18:47:06.980,1.33944,1.33955,2.50,1.90
2010.04.06 18:47:20.850,1.33945,1.33956,3.60,3.20
2010.04.06 18:47:23.902,1.3395,1.3396,3.60,3.20
2010.04.06 18:47:27.081,1.33955,1.33968,12.30,1.70
2010.04.06 18:47:30.392,1.33955,1.33967,1.50,1.70
2010.04.06 18:47:32.652,1.33948,1.33962,3.60,7.00
2010.04.06 18:47:35.400,1.3394,1.33953,5.70,2.30
2010.04.06 18:47:39.470,1.33929,1.33941,2.30,1.50
2010.04.06 18:47:41.902,1.33918,1.3393,1.50,1.70
2010.04.06 18:47:44.730,1.33912,1.33924,2.50,1.50
2010.04.06 18:47:46.588,1.33914,1.33926,2.50,2.30
2010.04.06 18:47:47.500,1.33914,1.3393,1.50,1.90
2010.04.06 18:47:49.640,1.33921,1.33933,2.30,1.40
2010.04.06 18:47:49.751,1.33921,1.33936,2.30,2.10
2010.04.06 18:47:51.890,1.33924,1.33935,1.40,1.50
2010.04.06 18:47:52.118,1.33927,1.33933,1.70,1.50
2010.04.06 18:47:54.211,1.33923,1.33937,1.50,2.70
2010.04.06 18:48:02.758,1.33942,1.33954,2.10,1.70
2010.04.06 18:48:03.188,1.33939,1.33951,1.70,3.00
2010.04.06 18:48:06.940,1.33938,1.33952,1.20,3.00
2010.04.06 18:48:09.211,1.3394,1.33952,1.50,3.60
2010.04.06 18:48:21.771,1.33943,1.33956,1.50,2.50
2010.04.06 18:48:23.776,1.33946,1.3396,1.40,2.30
2010.04.06 18:48:26.557,1.33947,1.33961,1.70,3.80
2010.04.06 18:48:27.650,1.33943,1.33955,4.50,2.50
2010.04.06 18:48:30.110,1.33936,1.33948,3.40,1.70
2010.04.06 18:48:32.210,1.33933,1.33943,1.70,1.90
2010.04.06 18:48:34.473,1.33928,1.3394,1.20,1.50
2010.04.06 18:48:34.869,1.33919,1.33932,1.50,1.70
2010.04.06 18:48:35.970,1.33912,1.33924,1.20,4.40
2010.04.06 18:48:36.478,1.33909,1.33915,3.40,1.50
2010.04.06 18:48:36.705,1.33904,1.33916,1.90,2.50
2010.04.06 18:48:36.932,1.33917,1.33921,2.50,1.50
2010.04.06 18:48:37.538,1.33921,1.33933,7.50,3.00
2010.04.06 18:48:39.539,1.33927,1.33941,3.00,1.50
2010.04.06 18:48:43.132,1.33932,1.33946,3.20,3.60
2010.04.06 18:48:45.466,1.33933,1.33947,1.20,1.90
2010.04.06 18:48:56.959,1.33936,1.33947,4.90,1.50
2010.04.06 18:48:58.980,1.33934,1.33946,2.50,1.50
2010.04.06 18:49:02.151,1.33922,1.3393,7.90,1.50
2010.04.06 18:49:04.363,1.33913,1.33927,1.50,3.60
2010.04.06 18:49:08.151,1.33906,1.33918,1.70,1.50
2010.04.06 18:49:10.872,1.33897,1.33909,2.30,1.90
2010.04.06 18:49:17.458,1.33893,1.33905,4.40,1.50
2010.04.06 18:49:18.188,1.33898,1.33911,1.50,3.20
2010.04.06 18:49:21.841,1.33904,1.33916,2.10,2.10
2010.04.06 18:49:25.341,1.33912,1.33922,2.50,1.50
2010.04.06 18:49:28.930,1.33915,1.33928,1.70,1.70
2010.04.06 18:49:31.050,1.3392,1.33932,2.30,2.50
2010.04.06 18:49:33.182,1.33931,1.33939,1.50,4.00
2010.04.06 18:49:37.330,1.33934,1.33948,1.70,1.50
2010.04.06 18:49:39.681,1.33937,1.33945,1.20,2.50
2010.04.06 18:49:39.805,1.3393,1.33936,2.10,1.70
2010.04.06 18:49:41.488,1.3392,1.33932,1.30,1.50
2010.04.06 18:49:43.572,1.33917,1.33928,2.60,1.50
2010.04.06 18:49:52.321,1.33917,1.33928,1.70,5.70
2010.04.06 18:49:53.708,1.33919,1.33931,1.70,2.70
2010.04.06 18:49:55.651,1.33922,1.33932,1.20,1.70
2010.04.06 18:50:04.099,1.33914,1.33926,1.30,1.10
2010.04.06 18:50:07.105,1.33917,1.33925,1.70,4.40
2010.04.06 18:50:09.115,1.33917,1.33927,2.50,2.40
2010.04.06 18:50:11.127,1.3392,1.33927,2.90,3.00
2010.04.06 18:50:11.236,1.33923,1.33928,3.00,3.20
2010.04.06 18:50:13.058,1.33922,1.33933,3.80,1.50
2010.04.06 18:50:13.276,1.33928,1.33938,3.60,1.50
2010.04.06 18:50:17.128,1.33934,1.33948,1.20,1.20
2010.04.06 18:50:17.240,1.33942,1.33954,1.50,1.70
2010.04.06 18:50:20.019,1.33946,1.33953,1.90,1.50
2010.04.06 18:50:23.359,1.33937,1.33948,6.00,1.90
2010.04.06 18:50:25.374,1.33929,1.33939,1.90,3.80
2010.04.06 18:50:26.812,1.3392,1.33932,3.40,3.80
2010.04.06 18:50:26.930,1.33913,1.33926,1.50,2.50
2010.04.06 18:50:27.308,1.33909,1.33923,1.50,2.50
2010.04.06 18:50:28.557,1.33908,1.33917,1.20,3.00
2010.04.06 18:50:29.797,1.33906,1.33918,2.90,1.50
2010.04.06 18:50:30.019,1.33911,1.33915,2.30,1.20
2010.04.06 18:50:31.468,1.3391,1.33919,1.90,1.50
2010.04.06 18:50:34.093,1.33911,1.33922,1.20,1.70
2010.04.06 18:50:34.647,1.33915,1.33921,7.20,4.70
2010.04.06 18:50:35.013,1.33915,1.33921,4.20,3.20
2010.04.06 18:50:35.459,1.33911,1.33923,5.10,1.50
2010.04.06 18:50:35.946,1.33909,1.33917,3.00,2.50
2010.04.06 18:50:36.636,1.33903,1.33915,2.50,5.10
2010.04.06 18:50:37.966,1.33894,1.33906,1.30,7.40
2010.04.06 18:50:38.080,1.33887,1.33895,3.40,1.50
2010.04.06 18:50:38.207,1.33885,1.33893,1.70,1.50
2010.04.06 18:50:38.889,1.33891,1.33897,2.30,3.20
2010.04.06 18:50:41.034,1.33895,1.33906,2.10,1.50
2010.04.06 18:50:41.147,1.33904,1.33909,2.30,1.50
2010.04.06 18:50:41.865,1.33906,1.33916,1.70,29.00
2010.04.06 18:50:42.203,1.33905,1.33918,2.30,2.10
2010.04.06 18:50:44.507,1.33907,1.3392,1.80,1.50
2010.04.06 18:50:47.257,1.33908,1.33918,1.60,3.00
2010.04.06 18:50:49.267,1.33905,1.33918,5.30,0.50
2010.04.06 18:50:54.026,1.33903,1.33917,6.00,1.50
2010.04.06 18:51:00.007,1.33915,1.33929,1.90,2.50
2010.04.06 18:51:06.357,1.33918,1.33926,3.20,1.50
2010.04.06 18:51:08.596,1.33918,1.33927,1.50,3.00
2010.04.06 18:51:11.276,1.33913,1.33924,5.50,1.50
2010.04.06 18:51:13.296,1.33906,1.33916,2.50,4.50
2010.04.06 18:51:16.146,1.33895,1.33911,1.50,1.50
2010.04.06 18:51:16.474,1.33898,1.33904,1.50,2.50
2010.04.06 18:51:18.572,1.33904,1.33916,2.30,1.90
2010.04.06 18:51:20.666,1.33915,1.33927,1.50,1.70
2010.04.06 18:51:23.306,1.33924,1.33936,1.50,1.50
2010.04.06 18:51:25.726,1.33933,1.33945,3.40,4.90
2010.04.06 18:51:27.886,1.33935,1.33949,1.50,5.50
2010.04.06 18:51:29.976,1.33931,1.33943,4.20,1.70
2010.04.06 18:51:39.547,1.33928,1.33938,1.20,3.80
2010.04.06 18:51:42.240,1.33924,1.33934,1.90,1.50
2010.04.06 18:51:42.362,1.33921,1.33933,2.30,1.70
2010.04.06 18:51:42.712,1.3392,1.33929,4.50,5.70
2010.04.06 18:51:47.922,1.33914,1.33926,1.50,3.80
2010.04.06 18:51:48.551,1.33909,1.33922,1.50,2.30
2010.04.06 18:51:54.570,1.33906,1.3392,2.50,2.30
2010.04.06 18:52:03.309,1.33942,1.33954,1.70,1.50
2010.04.06 18:52:05.357,1.33942,1.33951,3.80,23.40
2010.04.06 18:52:05.954,1.33937,1.33948,1.50,1.80
2010.04.06 18:52:06.287,1.33933,1.33943,6.50,1.20
2010.04.06 18:52:08.314,1.33925,1.33936,1.90,6.00
2010.04.06 18:52:10.567,1.33917,1.33927,2.30,1.90
2010.04.06 18:52:14.494,1.33906,1.3392,2.10,1.50
2010.04.06 18:52:17.218,1.339,1.33914,6.00,2.70
2010.04.06 18:52:19.407,1.33902,1.33914,1.70,14.70
2010.04.06 18:52:21.715,1.33904,1.3392,1.90,1.50
2010.04.06 18:52:27.648,1.3391,1.33926,1.50,3.00
2010.04.06 18:52:27.700,1.33919,1.33925,1.50,29.00
2010.04.06 18:52:37.178,1.33922,1.33936,3.60,1.50
2010.04.06 18:52:39.443,1.3393,1.33944,1.50,3.00
2010.04.06 18:52:39.670,1.33939,1.33953,2.90,1.50
2010.04.06 18:52:40.001,1.33947,1.33954,2.30,5.70
2010.04.06 18:52:41.552,1.3394,1.33954,2.30,1.50
2010.04.06 18:52:43.911,1.33936,1.33949,1.50,1.50
2010.04.06 18:52:47.388,1.33932,1.33946,5.70,1.50
2010.04.06 18:52:49.855,1.33931,1.33943,1.50,2.10
2010.04.06 18:52:49.977,1.33932,1.33939,1.70,1.50
2010.04.06 18:52:51.027,1.33929,1.33939,1.50,3.10
2010.04.06 18:52:51.209,1.33926,1.33939,4.00,1.50
2010.04.06 18:52:54.716,1.33926,1.33938,1.50,3.40
2010.04.06 18:52:56.257,1.33925,1.33938,2.50,1.70
2010.04.06 18:52:58.275,1.33924,1.33936,1.50,2.50
2010.04.06 18:53:04.003,1.33935,1.33945,2.30,5.80
2010.04.06 18:53:06.615,1.33934,1.33946,1.90,3.00
2010.04.06 18:53:08.763,1.33937,1.33948,1.70,3.00
2010.04.06 18:53:08.959,1.3394,1.3395,7.50,1.70
2010.04.06 18:53:12.162,1.33946,1.33958,2.30,1.20
2010.04.06 18:53:14.746,1.33952,1.33964,2.10,1.50
2010.04.06 18:53:16.784,1.33956,1.33964,2.30,1.50
2010.04.06 18:53:22.353,1.33946,1.33958,2.10,1.50
2010.04.06 18:53:28.009,1.33935,1.33949,1.50,2.30
2010.04.06 18:53:33.543,1.33926,1.33938,1.50,2.70
2010.04.06 18:53:33.754,1.33918,1.3393,2.00,1.50
2010.04.06 18:53:36.632,1.33915,1.33925,3.80,1.70
2010.04.06 18:53:38.740,1.3392,1.3393,1.70,1.90
2010.04.06 18:53:49.403,1.33925,1.33937,7.90,1.90
2010.04.06 18:53:53.614,1.33933,1.33945,20.00,1.50
2010.04.06 18:53:56.470,1.33938,1.3395,1.50,3.10
2010.04.06 18:53:58.881,1.33943,1.33951,1.90,1.90
2010.04.06 18:54:00.107,1.33931,1.33943,1.70,1.50
2010.04.06 18:54:00.351,1.33927,1.33937,1.90,3.00
2010.04.06 18:54:01.566,1.33922,1.33934,89.90,3.80
2010.04.06 18:54:04.100,1.33917,1.3393,1.90,2.70
2010.04.06 18:54:06.446,1.3391,1.33922,2.90,1.20
2010.04.06 18:54:10.186,1.33903,1.33916,3.00,3.60
2010.04.06 18:54:12.227,1.33902,1.33916,2.90,5.30
2010.04.06 18:54:20.165,1.33909,1.33922,1.40,1.50
2010.04.06 18:54:22.392,1.33921,1.33931,5.60,1.20
2010.04.06 18:54:24.635,1.33933,1.3394,1.50,1.70
2010.04.06 18:54:26.715,1.33942,1.3395,1.50,2.10
2010.04.06 18:54:29.537,1.33946,1.33958,3.00,2.50
2010.04.06 18:54:31.648,1.33942,1.33957,3.00,1.40
2010.04.06 18:54:34.397,1.33938,1.33953,1.40,1.50
2010.04.06 18:54:37.788,1.33934,1.33949,1.70,1.50
2010.04.06 18:54:42.837,1.33932,1.33944,1.30,1.90
2010.04.06 18:54:43.796,1.3393,1.3394,1.50,1.50
2010.04.06 18:54:48.128,1.33928,1.33939,1.50,2.30
2010.04.06 18:54:50.977,1.33931,1.3394,2.90,1.50
2010.04.06 18:54:54.237,1.3393,1.33944,5.30,1.50
2010.04.06 18:54:56.343,1.33933,1.33943,3.20,6.20
2010.04.06 18:55:03.477,1.33935,1.33945,1.90,1.90
2010.04.06 18:55:04.656,1.33936,1.33947,1.20,2.30
2010.04.06 18:55:04.770,1.33936,1.33949,1.50,1.90
2010.04.06 18:55:05.318,1.33939,1.33951,3.40,1.50
2010.04.06 18:55:07.649,1.33945,1.33955,1.50,3.20
2010.04.06 18:55:08.128,1.33951,1.33958,1.50,1.50
2010.04.06 18:55:08.801,1.33956,1.33968,1.20,4.90
2010.04.06 18:55:09.558,1.33959,1.33971,1.50,4.40
2010.04.06 18:55:11.605,1.33957,1.33971,3.60,3.80
2010.04.06 18:55:19.617,1.33955,1.3397,1.50,10.00
2010.04.06 18:55:25.019,1.33955,1.33968,1.70,1.50
2010.04.06 18:55:29.899,1.33951,1.33962,2.50,2.30
2010.04.06 18:55:32.738,1.33946,1.33956,1.50,1.90
2010.04.06 18:55:34.755,1.33935,1.33951,1.50,1.20
2010.04.06 18:55:37.328,1.33927,1.33939,1.70,1.50
2010.04.06 18:55:40.708,1.33919,1.33929,1.20,3.00
2010.04.06 18:55:40.817,1.33912,1.33928,3.00,2.10
2010.04.06 18:55:41.206,1.33921,1.33931,5.50,2.30
2010.04.06 18:55:44.852,1.33925,1.3394,1.50,1.60
2010.04.06 18:55:47.020,1.33934,1.33945,3.00,5.50
2010.04.06 18:55:52.229,1.33938,1.3395,1.50,1.50
2010.04.06 18:55:54.430,1.3394,1.33954,5.30,4.00
2010.04.06 18:56:05.788,1.33921,1.33933,1.50,1.50
2010.04.06 18:56:07.872,1.33917,1.33929,1.20,2.30
2010.04.06 18:56:12.449,1.33909,1.33923,2.10,1.50
2010.04.06 18:56:14.759,1.33903,1.33917,1.50,4.70
2010.04.06 18:56:17.309,1.33905,1.33917,1.30,2.50
2010.04.06 18:56:19.780,1.33915,1.33928,1.50,2.50
2010.04.06 18:56:23.899,1.33928,1.33943,2.30,1.70
2010.04.06 18:56:26.080,1.33942,1.33958,2.10,2.50
2010.04.06 18:56:26.819,1.33952,1.33966,1.20,11.10
2010.04.06 18:56:30.318,1.33952,1.33964,1.50,3.60
2010.04.06 18:56:34.662,1.33946,1.33959,1.30,2.30
2010.04.06 18:56:41.386,1.33942,1.33954,1.40,1.50
2010.04.06 18:56:44.039,1.33937,1.33951,1.90,1.50
2010.04.06 18:56:48.399,1.33933,1.33946,1.50,5.50
2010.04.06 18:56:53.537,1.3393,1.33942,2.30,1.20
2010.04.06 18:56:56.001,1.33926,1.3394,2.70,1.50
2010.04.06 18:57:00.696,1.33935,1.33943,3.00,2.50
2010.04.06 18:57:04.765,1.33934,1.33944,6.20,1.50
2010.04.06 18:57:06.774,1.33935,1.33947,4.90,1.90
2010.04.06 18:57:07.104,1.33938,1.3395,1.50,1.50
2010.04.06 18:57:08.512,1.33945,1.33957,1.20,11.10
2010.04.06 18:57:10.900,1.3395,1.33964,5.10,2.30
2010.04.06 18:57:13.415,1.33952,1.33962,1.50,3.40
2010.04.06 18:57:17.904,1.33941,1.3395,1.20,1.90
2010.04.06 18:57:21.905,1.33924,1.33936,2.50,2.30
2010.04.06 18:57:25.014,1.33911,1.33921,1.70,6.60
2010.04.06 18:57:27.574,1.33907,1.33913,1.50,2.50
2010.04.06 18:57:29.734,1.33906,1.33918,1.30,4.70
2010.04.06 18:57:36.304,1.33912,1.33924,1.20,1.50
2010.04.06 18:57:38.305,1.33918,1.3393,3.40,2.30
2010.04.06 18:57:40.514,1.33921,1.33933,1.50,1.50
2010.04.06 18:57:43.444,1.33926,1.33938,4.70,5.70
2010.04.06 18:57:45.595,1.33928,1.33942,1.50,1.70
2010.04.06 18:57:47.631,1.3393,1.33943,1.20,1.50
2010.04.06 18:57:53.473,1.33931,1.33944,1.50,4.20
2010.04.06 18:57:55.694,1.33934,1.33943,3.20,5.10
2010.04.06 18:57:57.765,1.33934,1.33946,1.50,1.40
2010.04.06 18:58:04.191,1.33936,1.33946,4.00,4.20
2010.04.06 18:58:06.261,1.33937,1.3395,2.30,2.90
2010.04.06 18:58:08.791,1.33942,1.33954,5.50,1.50
2010.04.06 18:58:10.851,1.33947,1.33959,1.50,6.60
2010.04.06 18:58:16.161,1.33954,1.33966,2.30,2.70
2010.04.06 18:58:26.822,1.33957,1.33969,9.00,1.50
2010.04.06 18:58:28.858,1.33953,1.33965,5.10,1.50
2010.04.06 18:58:30.892,1.33946,1.33958,3.00,3.20
2010.04.06 18:58:33.129,1.33938,1.3395,1.40,1.50
2010.04.06 18:58:35.293,1.33929,1.33944,2.30,3.00
2010.04.06 18:58:45.666,1.33924,1.33934,2.10,1.50
2010.04.06 18:58:46.792,1.33915,1.33927,1.50,5.10
2010.04.06 18:58:50.442,1.33913,1.33927,2.70,1.50
2010.04.06 18:58:52.921,1.3392,1.33929,1.50,1.50
2010.04.06 18:58:53.037,1.33927,1.33935,1.50,2.90
2010.04.06 18:58:53.163,1.33932,1.33938,2.30,1.70
2010.04.06 18:58:53.411,1.33932,1.33944,2.30,1.50
2010.04.06 18:59:04.434,1.33935,1.33947,1.50,1.70
2010.04.06 18:59:13.701,1.33936,1.33949,3.80,1.70
2010.04.06 18:59:15.445,1.33941,1.33953,2.70,1.50
2010.04.06 18:59:17.644,1.33945,1.33957,1.50,2.10
2010.04.06 18:59:20.976,1.33941,1.33955,3.40,1.50
2010.04.06 18:59:34.764,1.33928,1.33942,1.20,1.70
2010.04.06 18:59:37.113,1.33913,1.33927,1.50,3.40
2010.04.06 18:59:39.263,1.33905,1.33919,1.50,4.20
2010.04.06 18:59:41.293,1.33909,1.33921,3.50,1.70
2010.04.06 18:59:44.462,1.33915,1.33927,1.50,1.50
2010.04.06 18:59:50.801,1.33917,1.33933,1.70,1.50
2010.04.06 18:59:53.574,1.3392,1.33936,4.40,2.70
2010.04.06 18:59:53.738,1.33924,1.33934,12.00,1.50
2010.04.06 18:59:55.977,1.33923,1.33937,5.30,1.50
