2020.01.16 17:00:00.180,1.11303,1.11305,1.95,3.00
2020.01.16 17:00:00.283,1.11304,1.11305,0.19,0.75
2020.01.16 17:00:00.435,1.11303,1.11305,1.12,1.50
2020.01.16 17:00:00.862,1.11304,1.11305,0.75,3.19
2020.01.16 17:00:01.018,1.11303,1.11305,0.75,3.19
2020.01.16 17:00:01.242,1.11304,1.11305,0.37,2.81
2020.01.16 17:00:01.759,1.11303,1.11304,1.50,1.50
2020.01.16 17:00:02.047,1.11302,1.11304,5.70,1.50
2020.01.16 17:00:02.385,1.11303,1.11306,2.62,3.37
2020.01.16 17:00:02.486,1.11304,1.11306,1.50,1.50
2020.01.16 17:00:02.840,1.11305,1.11306,0.37,1.12
2020.01.16 17:00:03.144,1.11303,1.11306,5.89,3.64
2020.01.16 17:00:03.246,1.11303,1.11304,0.45,3.00
2020.01.16 17:00:03.368,1.11302,1.11304,1.87,5.62
2020.01.16 17:00:03.469,1.11304,1.11305,0.75,2.32
2020.01.16 17:00:04.204,1.11302,1.11304,4.87,1.50
2020.01.16 17:00:04.501,1.11303,1.11304,0.37,0.75
2020.01.16 17:00:04.603,1.11303,1.11305,0.37,3.26
2020.01.16 17:00:05.877,1.11302,1.11304,0.37,3.00
2020.01.16 17:00:06.029,1.11302,1.11303,0.37,1.12
2020.01.16 17:00:06.131,1.11301,1.11303,1.50,1.20
2020.01.16 17:00:06.232,1.113,1.11303,3.45,0.75
2020.01.16 17:00:09.868,1.113,1.11302,3.64,0.75
2020.01.16 17:00:09.970,1.113,1.11303,2.06,7.65
2020.01.16 17:00:10.376,1.11301,1.11303,0.82,1.50
2020.01.16 17:00:10.478,1.11302,1.11303,1.50,0.75
2020.01.16 17:00:10.732,1.11301,1.11304,0.37,4.50
2020.01.16 17:00:10.873,1.113,1.11303,5.06,0.75
2020.01.16 17:00:11.495,1.113,1.11304,1.12,7.57
2020.01.16 17:00:11.596,1.113,1.11303,1.87,1.50
2020.01.16 17:00:11.714,1.113,1.11304,1.12,7.57
2020.01.16 17:00:11.883,1.113,1.11303,2.81,0.75
2020.01.16 17:00:12.256,1.113,1.11304,1.12,7.95
2020.01.16 17:00:12.418,1.11301,1.11304,0.94,8.32
2020.01.16 17:00:13.448,1.11301,1.11303,0.94,0.37
2020.01.16 17:00:14.838,1.113,1.11303,1.87,0.37
2020.01.16 17:00:16.515,1.11301,1.11303,0.94,0.37
2020.01.16 17:00:26.869,1.113,1.11303,5.62,0.75
2020.01.16 17:00:27.140,1.113,1.11304,2.62,8.40
2020.01.16 17:00:27.354,1.113,1.11302,1.87,0.75
2020.01.16 17:00:28.290,1.11301,1.11302,0.75,0.75
2020.01.16 17:00:28.392,1.113,1.11302,1.87,0.75
2020.01.16 17:00:29.917,1.11302,1.11303,0.75,0.75
2020.01.16 17:00:30.575,1.11301,1.11302,0.75,0.75
2020.01.16 17:00:32.423,1.11301,1.11303,0.75,1.57
2020.01.16 17:00:34.086,1.11299,1.113,1.87,0.82
2020.01.16 17:00:34.188,1.11296,1.11299,1.95,1.12
2020.01.16 17:00:34.289,1.11295,1.11298,4.20,4.12
2020.01.16 17:00:34.391,1.11295,1.11297,1.12,0.10
2020.01.16 17:00:34.493,1.11294,1.11296,1.12,2.25
2020.01.16 17:00:34.594,1.11295,1.11296,0.75,1.50
2020.01.16 17:00:35.744,1.11295,1.11297,1.87,2.62
2020.01.16 17:00:36.053,1.11295,1.11296,2.62,1.50
2020.01.16 17:00:36.293,1.11295,1.11297,2.62,1.95
2020.01.16 17:00:37.504,1.11295,1.11296,1.87,1.50
2020.01.16 17:00:39.595,1.11294,1.11295,0.75,0.10
2020.01.16 17:00:39.714,1.11292,1.11293,3.94,0.75
2020.01.16 17:00:39.815,1.11291,1.11293,2.62,0.82
2020.01.16 17:00:41.122,1.11293,1.11295,0.94,1.12
2020.01.16 17:00:42.329,1.11292,1.11294,2.32,0.82
2020.01.16 17:00:42.430,1.11293,1.11294,0.37,0.45
2020.01.16 17:00:42.852,1.11292,1.11294,0.10,1.20
2020.01.16 17:00:43.057,1.11293,1.11294,1.20,1.69
2020.01.16 17:00:43.708,1.11292,1.11294,5.89,0.75
2020.01.16 17:00:44.931,1.11293,1.11294,1.50,0.75
2020.01.16 17:00:48.059,1.11294,1.11295,0.94,0.56
2020.01.16 17:00:48.161,1.11296,1.11297,0.75,1.69
2020.01.16 17:00:48.364,1.11296,1.11299,5.44,1.87
2020.01.16 17:00:48.466,1.11299,1.113,0.75,2.32
2020.01.16 17:00:48.568,1.11299,1.11301,0.94,1.31
2020.01.16 17:00:49.079,1.11298,1.113,5.06,0.10
2020.01.16 17:00:49.181,1.11298,1.11299,1.87,2.25
2020.01.16 17:00:49.283,1.11295,1.11299,5.51,1.87
2020.01.16 17:00:49.436,1.11297,1.11298,0.75,0.75
2020.01.16 17:00:49.858,1.11298,1.113,5.44,3.19
2020.01.16 17:00:49.960,1.113,1.11301,1.50,1.69
2020.01.16 17:00:50.062,1.113,1.11302,0.75,2.06
2020.01.16 17:00:51.159,1.11299,1.113,2.25,0.10
2020.01.16 17:00:51.261,1.11298,1.113,1.12,1.12
2020.01.16 17:00:52.746,1.11298,1.11301,0.75,3.26
2020.01.16 17:00:52.847,1.11298,1.113,0.75,0.75
2020.01.16 17:00:55.816,1.11298,1.11301,0.75,2.96
2020.01.16 17:00:56.233,1.11298,1.113,0.94,0.94
2020.01.16 17:00:56.334,1.11298,1.11301,0.75,4.27
2020.01.16 17:00:56.487,1.11299,1.11301,0.75,3.00
2020.01.16 17:00:59.300,1.11299,1.11302,1.12,1.87
2020.01.16 17:00:59.960,1.113,1.11301,0.75,0.75
2020.01.16 17:01:01.349,1.113,1.11302,0.37,1.69
2020.01.16 17:01:01.552,1.11303,1.11304,1.50,3.64
2020.01.16 17:01:01.654,1.11303,1.11305,0.75,0.45
2020.01.16 17:01:02.409,1.11305,1.11306,1.50,5.14
2020.01.16 17:01:02.461,1.11305,1.11307,3.00,1.12
2020.01.16 17:01:02.563,1.11304,1.11307,7.12,2.14
2020.01.16 17:01:03.041,1.11305,1.11307,0.75,2.25
2020.01.16 17:01:04.082,1.11305,1.11307,1.50,0.75
2020.01.16 17:01:06.737,1.11307,1.11308,0.75,1.50
2020.01.16 17:01:06.839,1.11306,1.11309,1.69,3.19
2020.01.16 17:01:07.313,1.11306,1.11308,2.14,0.37
2020.01.16 17:01:09.170,1.11307,1.1131,3.00,4.69
2020.01.16 17:01:09.221,1.11309,1.1131,1.69,2.25
2020.01.16 17:01:09.322,1.11308,1.1131,2.70,1.50
2020.01.16 17:01:09.428,1.11307,1.11309,4.20,0.94
2020.01.16 17:01:11.844,1.11306,1.11309,8.89,0.75
2020.01.16 17:01:12.306,1.11306,1.1131,6.19,4.12
2020.01.16 17:01:12.510,1.11307,1.1131,0.75,3.75
2020.01.16 17:01:12.681,1.11306,1.1131,6.56,3.75
2020.01.16 17:01:12.811,1.11307,1.1131,0.75,3.75
2020.01.16 17:01:12.944,1.11308,1.1131,2.06,2.25
2020.01.16 17:01:13.096,1.11307,1.11309,2.25,0.75
2020.01.16 17:01:13.197,1.11306,1.11309,4.31,0.82
2020.01.16 17:01:13.349,1.11307,1.11309,0.75,1.95
2020.01.16 17:01:16.371,1.11306,1.11308,0.37,0.37
2020.01.16 17:01:18.601,1.11305,1.11309,5.89,3.82
2020.01.16 17:01:18.803,1.11306,1.11309,0.75,3.45
2020.01.16 17:01:18.904,1.11305,1.11309,6.64,3.45
2020.01.16 17:01:19.484,1.11306,1.11309,0.45,3.82
2020.01.16 17:01:19.586,1.11305,1.11309,5.89,3.82
2020.01.16 17:01:20.776,1.11305,1.11308,3.19,1.20
2020.01.16 17:01:21.468,1.11305,1.11307,1.50,0.75
2020.01.16 17:01:21.570,1.11303,1.11305,4.31,2.62
2020.01.16 17:01:21.722,1.11302,1.11304,1.12,0.56
2020.01.16 17:01:21.901,1.11302,1.11305,4.12,3.82
2020.01.16 17:01:22.053,1.11302,1.11305,2.40,3.83
2020.01.16 17:01:22.503,1.11302,1.11304,3.52,0.94
2020.01.16 17:01:22.605,1.11303,1.11304,0.75,0.75
2020.01.16 17:01:22.706,1.11304,1.11306,0.19,2.81
2020.01.16 17:01:23.654,1.11304,1.11306,1.12,1.76
2020.01.16 17:01:23.755,1.11303,1.11306,0.37,5.89
2020.01.16 17:01:25.733,1.11303,1.11306,1.87,4.20
2020.01.16 17:01:25.835,1.11304,1.11306,3.37,1.31
2020.01.16 17:01:25.886,1.11304,1.11307,4.50,1.50
2020.01.16 17:01:25.988,1.11306,1.11308,2.25,2.25
2020.01.16 17:01:26.385,1.11308,1.1131,0.75,6.45
2020.01.16 17:01:26.537,1.11308,1.11311,2.25,5.14
2020.01.16 17:01:27.446,1.11308,1.1131,0.37,4.76
2020.01.16 17:01:27.929,1.11308,1.11309,0.37,0.75
2020.01.16 17:01:28.081,1.11308,1.1131,0.37,4.39
2020.01.16 17:01:33.433,1.11308,1.11309,4.87,0.75
2020.01.16 17:01:34.003,1.11308,1.1131,4.87,2.44
2020.01.16 17:01:35.115,1.11309,1.1131,0.75,0.75
2020.01.16 17:01:35.165,1.1131,1.11312,0.75,2.25
2020.01.16 17:01:35.216,1.11313,1.11314,1.50,4.50
2020.01.16 17:01:35.268,1.11313,1.11315,1.50,3.19
2020.01.16 17:01:35.369,1.11314,1.11315,1.50,1.50
2020.01.16 17:01:37.937,1.11313,1.11314,0.37,1.50
2020.01.16 17:01:38.039,1.11312,1.11314,1.50,2.25
2020.01.16 17:01:38.876,1.11313,1.11314,0.37,0.75
2020.01.16 17:01:39.381,1.11312,1.11314,1.87,0.75
2020.01.16 17:01:39.544,1.11311,1.11314,2.32,2.81
2020.01.16 17:01:42.303,1.11312,1.11313,0.37,0.37
2020.01.16 17:01:44.031,1.11311,1.11314,0.75,3.26
2020.01.16 17:01:45.626,1.11311,1.11313,1.50,0.75
2020.01.16 17:01:46.369,1.11311,1.11314,1.50,3.00
2020.01.16 17:01:46.571,1.11312,1.11315,1.69,3.37
2020.01.16 17:01:46.622,1.11314,1.11315,0.75,0.75
2020.01.16 17:01:46.724,1.11314,1.11316,0.75,1.50
2020.01.16 17:01:47.612,1.11315,1.11316,0.37,0.75
2020.01.16 17:01:54.037,1.11315,1.11317,0.37,2.62
2020.01.16 17:01:57.796,1.11314,1.11317,3.19,0.75
2020.01.16 17:01:58.507,1.11315,1.11317,0.75,1.50
2020.01.16 17:01:58.694,1.11314,1.11317,5.62,1.69
2020.01.16 17:01:59.606,1.11315,1.11318,3.56,1.50
2020.01.16 17:01:59.707,1.11316,1.11318,0.75,0.75
2020.01.16 17:01:59.944,1.11315,1.11318,4.31,0.75
2020.01.16 17:02:00.057,1.11316,1.11318,0.75,0.75
2020.01.16 17:02:00.373,1.11315,1.11318,8.06,2.25
2020.01.16 17:02:01.591,1.11316,1.11318,0.75,1.87
2020.01.16 17:02:05.900,1.11315,1.11318,4.87,0.75
2020.01.16 17:02:06.712,1.11316,1.11318,0.19,0.94
2020.01.16 17:02:08.545,1.11316,1.11319,0.19,2.62
2020.01.16 17:02:09.550,1.11317,1.11319,1.50,2.62
2020.01.16 17:02:09.752,1.11317,1.1132,2.81,2.06
2020.01.16 17:02:09.854,1.11318,1.1132,3.37,0.75
2020.01.16 17:02:09.905,1.11318,1.11322,4.57,12.71
2020.01.16 17:02:10.006,1.11318,1.11321,3.07,0.75
2020.01.16 17:02:10.107,1.11319,1.11322,0.19,2.06
2020.01.16 17:02:10.878,1.11319,1.11321,0.94,0.37
2020.01.16 17:02:11.987,1.1132,1.11322,0.37,2.06
2020.01.16 17:02:15.260,1.1132,1.11321,0.37,0.75
2020.01.16 17:02:15.361,1.1132,1.11322,0.37,2.96
2020.01.16 17:02:15.788,1.11319,1.11322,0.75,2.96
2020.01.16 17:02:17.145,1.1132,1.11322,0.75,0.10
2020.01.16 17:02:20.248,1.1132,1.11323,0.75,1.87
2020.01.16 17:02:20.827,1.11322,1.11324,0.75,3.64
2020.01.16 17:02:20.980,1.11323,1.11325,5.89,0.37
2020.01.16 17:02:21.082,1.11324,1.11326,2.06,1.31
2020.01.16 17:02:21.235,1.11324,1.11328,3.94,3.34
2020.01.16 17:02:22.334,1.11325,1.11327,1.50,0.37
2020.01.16 17:02:23.817,1.11326,1.11327,2.44,0.37
2020.01.16 17:02:23.919,1.11328,1.11329,0.75,1.69
2020.01.16 17:02:24.021,1.11327,1.11329,2.25,1.69
2020.01.16 17:02:24.386,1.11328,1.11329,0.75,2.44
2020.01.16 17:02:26.445,1.11329,1.11331,1.50,6.64
2020.01.16 17:02:27.110,1.1133,1.11332,0.75,4.12
2020.01.16 17:02:29.625,1.11328,1.11331,1.57,3.82
2020.01.16 17:02:29.727,1.11327,1.11329,2.14,1.69
2020.01.16 17:02:30.014,1.11328,1.11329,0.75,1.69
2020.01.16 17:02:30.491,1.11326,1.11329,1.12,10.20
2020.01.16 17:02:37.194,1.11326,1.11327,0.75,1.50
2020.01.16 17:02:39.519,1.11323,1.11324,3.37,0.37
2020.01.16 17:02:39.636,1.11323,1.11325,2.25,3.26
2020.01.16 17:02:39.790,1.11324,1.11326,3.75,2.25
2020.01.16 17:02:39.892,1.11325,1.11327,0.19,1.12
2020.01.16 17:02:49.136,1.11326,1.11327,0.75,0.37
2020.01.16 17:02:56.465,1.11328,1.11329,2.25,2.06
2020.01.16 17:02:56.567,1.11328,1.1133,1.87,1.20
2020.01.16 17:02:58.073,1.11328,1.11329,0.75,1.50
2020.01.16 17:02:58.509,1.11327,1.11329,3.00,0.75
2020.01.16 17:02:59.227,1.11328,1.11329,0.75,0.75
2020.01.16 17:02:59.278,1.1133,1.11331,3.00,0.37
2020.01.16 17:02:59.329,1.11332,1.11333,2.25,2.44
2020.01.16 17:02:59.431,1.11332,1.11334,1.50,0.37
2020.01.16 17:03:00.975,1.11332,1.11333,1.50,0.75
2020.01.16 17:03:01.076,1.11331,1.11333,0.75,2.62
2020.01.16 17:03:01.178,1.11329,1.11331,2.24,7.39
2020.01.16 17:03:01.229,1.11328,1.1133,0.82,2.14
2020.01.16 17:03:01.361,1.11331,1.11333,2.25,2.51
2020.01.16 17:03:09.419,1.11333,1.11334,0.10,0.37
2020.01.16 17:03:09.520,1.11335,1.11336,0.10,3.94
2020.01.16 17:03:09.653,1.11336,1.11338,1.50,0.75
2020.01.16 17:03:10.999,1.11336,1.11338,0.75,1.31
2020.01.16 17:03:12.167,1.11334,1.11335,1.12,0.75
2020.01.16 17:03:12.268,1.11332,1.11335,6.94,2.25
2020.01.16 17:03:12.683,1.11333,1.11335,0.75,1.50
2020.01.16 17:03:12.784,1.11332,1.11336,5.32,1.31
2020.01.16 17:03:12.886,1.11333,1.11335,1.50,0.75
2020.01.16 17:03:12.987,1.11333,1.11336,2.25,1.12
2020.01.16 17:03:13.241,1.11334,1.11336,0.37,1.50
2020.01.16 17:03:13.625,1.11335,1.11336,0.75,0.75
2020.01.16 17:03:13.726,1.11334,1.11336,2.62,0.75
2020.01.16 17:03:14.507,1.11334,1.11337,4.69,0.37
2020.01.16 17:03:15.098,1.11335,1.11337,0.75,1.12
2020.01.16 17:03:15.426,1.11333,1.11335,5.14,1.87
2020.01.16 17:03:15.528,1.11332,1.11335,0.10,6.64
2020.01.16 17:03:15.629,1.11331,1.11334,4.39,0.75
2020.01.16 17:03:17.095,1.11331,1.11333,3.00,0.75
2020.01.16 17:03:17.197,1.1133,1.11333,6.90,2.25
2020.01.16 17:03:17.299,1.1133,1.11332,4.87,0.19
2020.01.16 17:03:17.400,1.11328,1.11329,0.56,1.50
2020.01.16 17:03:17.502,1.11327,1.11328,0.75,0.75
2020.01.16 17:03:20.650,1.11326,1.11328,3.82,1.50
2020.01.16 17:03:22.236,1.11326,1.11329,3.82,4.31
2020.01.16 17:03:22.338,1.11326,1.11328,3.82,0.75
2020.01.16 17:03:23.025,1.11327,1.11328,2.25,0.75
2020.01.16 17:03:23.588,1.11327,1.11329,2.25,5.06
2020.01.16 17:03:23.944,1.11327,1.11329,0.10,2.44
2020.01.16 17:03:25.046,1.11327,1.11329,0.75,1.87
2020.01.16 17:03:25.243,1.11326,1.11329,1.20,1.87
2020.01.16 17:03:26.705,1.11326,1.11328,1.20,0.75
2020.01.16 17:03:26.806,1.11326,1.11329,1.20,4.76
2020.01.16 17:03:27.009,1.11326,1.11328,1.12,0.75
2020.01.16 17:03:27.110,1.11326,1.11329,0.75,4.76
2020.01.16 17:03:27.363,1.11326,1.11328,0.75,0.75
2020.01.16 17:03:27.487,1.11326,1.11329,1.50,4.31
2020.01.16 17:03:27.589,1.11326,1.11328,1.50,0.75
2020.01.16 17:03:27.741,1.11326,1.11329,1.50,4.31
2020.01.16 17:03:28.145,1.11327,1.11328,0.37,0.37
2020.01.16 17:03:29.116,1.11328,1.1133,0.75,2.44
2020.01.16 17:03:29.218,1.11328,1.1133,0.75,1.50
2020.01.16 17:03:29.269,1.11326,1.11329,8.06,0.37
2020.01.16 17:03:29.473,1.11327,1.11329,0.75,0.37
2020.01.16 17:03:29.576,1.11327,1.11328,0.75,0.37
2020.01.16 17:03:31.535,1.11326,1.11328,4.87,0.37
2020.01.16 17:03:34.285,1.11326,1.11329,5.21,0.37
2020.01.16 17:03:35.118,1.11327,1.11329,0.75,0.37
2020.01.16 17:03:35.169,1.1133,1.11331,0.82,3.00
2020.01.16 17:03:35.220,1.11331,1.11332,0.75,0.75
2020.01.16 17:03:35.373,1.11329,1.11331,3.82,3.19
2020.01.16 17:03:35.525,1.11329,1.1133,1.87,0.75
2020.01.16 17:03:35.634,1.11329,1.11331,1.87,3.19
2020.01.16 17:03:36.024,1.11329,1.1133,1.87,0.75
2020.01.16 17:03:36.165,1.11329,1.11331,1.87,2.44
2020.01.16 17:03:37.153,1.11329,1.1133,1.87,0.75
2020.01.16 17:03:37.854,1.11329,1.11331,1.87,2.44
2020.01.16 17:03:39.645,1.11329,1.1133,0.75,0.75
2020.01.16 17:03:39.747,1.11329,1.11331,0.82,1.69
2020.01.16 17:03:39.900,1.11329,1.1133,1.57,0.75
2020.01.16 17:03:40.921,1.11329,1.11332,0.82,6.56
2020.01.16 17:03:41.494,1.11329,1.11331,0.75,2.25
2020.01.16 17:03:41.705,1.11329,1.11332,0.75,6.56
2020.01.16 17:03:41.806,1.11329,1.11331,0.75,2.25
2020.01.16 17:03:43.791,1.11328,1.1133,2.32,1.69
2020.01.16 17:03:43.893,1.11327,1.11329,0.82,0.75
2020.01.16 17:03:43.994,1.11327,1.11328,0.82,0.75
2020.01.16 17:03:44.096,1.11327,1.11328,2.32,0.75
2020.01.16 17:03:44.303,1.11328,1.11329,0.75,2.44
2020.01.16 17:03:44.405,1.11327,1.11329,0.10,2.81
2020.01.16 17:03:44.865,1.11327,1.11328,0.10,0.75
2020.01.16 17:03:45.072,1.11327,1.11329,0.10,3.37
2020.01.16 17:03:45.873,1.11327,1.11328,0.10,0.75
2020.01.16 17:03:46.194,1.11327,1.11329,0.10,3.37
2020.01.16 17:03:47.752,1.11328,1.11329,0.10,1.12
2020.01.16 17:03:47.854,1.11327,1.11329,0.75,3.19
2020.01.16 17:03:47.955,1.11326,1.11329,2.70,2.44
2020.01.16 17:03:48.294,1.11326,1.11328,2.70,0.75
2020.01.16 17:03:48.955,1.11326,1.11329,3.45,3.19
2020.01.16 17:03:51.363,1.11327,1.11329,0.75,3.00
2020.01.16 17:03:51.414,1.11328,1.1133,0.75,10.12
2020.01.16 17:03:53.438,1.11327,1.11328,0.75,0.75
2020.01.16 17:03:53.771,1.11327,1.11329,0.75,3.56
2020.01.16 17:03:54.603,1.11327,1.11328,0.75,0.75
2020.01.16 17:03:55.204,1.11327,1.11329,0.75,3.56
2020.01.16 17:03:55.306,1.11327,1.11328,0.75,0.75
2020.01.16 17:03:55.407,1.11327,1.11329,0.75,3.56
2020.01.16 17:03:55.571,1.11328,1.11329,0.75,3.56
2020.01.16 17:03:58.618,1.11327,1.11328,0.75,0.75
2020.01.16 17:03:58.753,1.11328,1.11329,0.75,3.56
2020.01.16 17:03:58.855,1.11328,1.11329,0.75,3.56
2020.01.16 17:03:58.956,1.11327,1.11328,1.50,0.75
2020.01.16 17:03:59.057,1.11328,1.11329,0.75,3.56
2020.01.16 17:03:59.159,1.11327,1.11328,1.50,1.69
2020.01.16 17:03:59.425,1.11326,1.11328,2.62,2.44
2020.01.16 17:03:59.624,1.11327,1.11328,1.50,2.44
2020.01.16 17:04:01.485,1.11327,1.11329,0.75,4.50
2020.01.16 17:04:02.214,1.11327,1.11328,0.75,0.75
2020.01.16 17:04:02.891,1.11327,1.11329,0.75,4.12
2020.01.16 17:04:03.074,1.11327,1.11328,0.75,0.19
2020.01.16 17:04:05.329,1.11327,1.11329,0.75,5.44
2020.01.16 17:04:07.073,1.11327,1.11328,0.75,0.75
2020.01.16 17:04:08.571,1.11327,1.11329,0.75,4.31
2020.01.16 17:04:09.308,1.11324,1.11325,4.01,6.94
2020.01.16 17:04:09.395,1.11322,1.11324,4.39,3.56
2020.01.16 17:04:09.501,1.11322,1.11323,0.75,0.75
2020.01.16 17:04:09.802,1.11322,1.11324,0.75,3.56
2020.01.16 17:04:10.143,1.11323,1.11325,1.50,3.56
2020.01.16 17:04:10.194,1.11324,1.11327,0.75,6.07
2020.01.16 17:04:10.780,1.11324,1.11326,3.75,0.75
2020.01.16 17:04:12.607,1.11325,1.11326,0.75,0.75
2020.01.16 17:04:14.327,1.11324,1.11326,3.00,1.12
2020.01.16 17:04:15.366,1.11323,1.11326,4.31,2.06
2020.01.16 17:04:15.833,1.11324,1.11326,0.56,1.50
2020.01.16 17:04:16.358,1.11323,1.11326,2.06,1.31
2020.01.16 17:04:16.578,1.11324,1.11326,0.75,2.81
2020.01.16 17:04:16.680,1.11325,1.11326,0.75,0.75
2020.01.16 17:04:18.806,1.11324,1.11326,1.31,0.75
2020.01.16 17:04:19.567,1.11325,1.11326,0.75,0.75
2020.01.16 17:04:20.225,1.11325,1.11327,2.25,0.75
2020.01.16 17:04:20.327,1.11326,1.11328,1.50,0.75
2020.01.16 17:04:20.428,1.11327,1.11328,0.75,1.50
2020.01.16 17:04:22.883,1.11329,1.1133,0.75,2.44
2020.01.16 17:04:22.934,1.1133,1.11332,2.32,2.43
2020.01.16 17:04:23.036,1.11331,1.11332,0.75,0.56
2020.01.16 17:04:24.175,1.1133,1.11332,2.44,0.19
2020.01.16 17:04:24.276,1.11329,1.11332,4.12,3.56
2020.01.16 17:04:24.575,1.11329,1.11331,4.12,0.75
2020.01.16 17:04:24.677,1.1133,1.11332,2.25,1.31
2020.01.16 17:04:24.778,1.11331,1.11332,0.75,1.31
2020.01.16 17:04:25.148,1.11331,1.11333,0.94,3.94
2020.01.16 17:04:25.338,1.11332,1.11333,0.75,1.31
2020.01.16 17:04:25.963,1.11333,1.11334,0.75,0.94
2020.01.16 17:04:27.144,1.11332,1.11334,1.57,0.94
2020.01.16 17:04:27.195,1.11334,1.11336,3.00,2.06
2020.01.16 17:04:27.297,1.11334,1.11337,3.45,1.12
2020.01.16 17:04:27.398,1.11333,1.11334,1.31,0.75
2020.01.16 17:04:27.500,1.11332,1.11334,5.25,0.75
2020.01.16 17:04:27.652,1.11332,1.11335,3.75,1.76
2020.01.16 17:04:28.160,1.11334,1.11336,0.75,2.25
2020.01.16 17:04:28.262,1.11335,1.11337,0.75,2.32
2020.01.16 17:04:28.367,1.11334,1.11337,2.25,3.56
2020.01.16 17:04:28.469,1.11335,1.11337,0.75,3.56
2020.01.16 17:04:28.838,1.11334,1.11337,2.25,3.56
2020.01.16 17:04:30.179,1.11335,1.11338,3.00,2.44
2020.01.16 17:04:30.282,1.11336,1.11337,0.75,0.75
2020.01.16 17:04:30.333,1.11334,1.11337,3.00,1.69
2020.01.16 17:04:30.434,1.11334,1.11336,3.00,0.75
2020.01.16 17:04:30.634,1.11335,1.11336,0.75,0.75
2020.01.16 17:04:30.867,1.11334,1.11336,1.50,1.50
2020.01.16 17:04:32.145,1.11333,1.11336,1.12,4.76
2020.01.16 17:04:32.667,1.11333,1.11335,0.75,0.19
2020.01.16 17:04:32.874,1.11332,1.11335,4.57,1.31
2020.01.16 17:04:34.318,1.11333,1.11334,0.75,2.25
2020.01.16 17:04:36.185,1.11332,1.11333,3.00,0.37
2020.01.16 17:04:37.254,1.11333,1.11334,0.75,2.62
2020.01.16 17:04:39.666,1.11332,1.11334,3.00,1.12
2020.01.16 17:04:41.205,1.11332,1.11333,1.50,0.75
2020.01.16 17:04:41.307,1.11332,1.11334,1.50,3.56
2020.01.16 17:04:41.826,1.11331,1.11334,4.95,1.87
2020.01.16 17:04:44.070,1.11331,1.11334,5.70,0.75
2020.01.16 17:04:47.846,1.11331,1.11334,5.32,0.75
2020.01.16 17:04:48.100,1.11331,1.11333,4.12,1.69
2020.01.16 17:04:48.152,1.11328,1.11329,1.31,1.50
2020.01.16 17:04:48.203,1.11326,1.11328,3.82,3.37
2020.01.16 17:04:48.254,1.11324,1.11326,5.14,0.75
2020.01.16 17:04:48.356,1.11325,1.11327,0.75,3.00
2020.01.16 17:04:48.597,1.11324,1.11327,4.12,5.25
2020.01.16 17:04:49.134,1.11324,1.11326,4.87,1.50
2020.01.16 17:04:49.236,1.11324,1.11327,2.25,4.31
2020.01.16 17:04:49.788,1.11324,1.11326,4.50,0.75
2020.01.16 17:04:50.025,1.11324,1.11327,4.20,2.81
2020.01.16 17:04:50.130,1.11326,1.11327,3.00,1.50
2020.01.16 17:04:50.232,1.11326,1.11328,2.25,3.75
2020.01.16 17:04:51.373,1.11326,1.11327,0.75,0.37
2020.01.16 17:04:52.333,1.11326,1.11328,0.75,3.56
2020.01.16 17:04:52.862,1.11326,1.11327,0.75,1.12
2020.01.16 17:04:54.988,1.11325,1.11326,0.75,0.75
2020.01.16 17:04:57.493,1.11325,1.11326,0.75,0.94
2020.01.16 17:04:57.793,1.11324,1.11326,1.50,0.94
2020.01.16 17:04:58.655,1.11325,1.11327,0.75,1.57
2020.01.16 17:05:00.343,1.11324,1.11327,3.71,5.44
2020.01.16 17:05:00.445,1.11324,1.11326,3.26,0.19
2020.01.16 17:05:01.477,1.11324,1.11327,4.76,3.64
2020.01.16 17:05:03.594,1.11323,1.11325,1.50,1.12
2020.01.16 17:05:03.695,1.11322,1.11325,4.50,2.06
2020.01.16 17:05:03.797,1.11323,1.11325,1.50,3.56
2020.01.16 17:05:03.999,1.11322,1.11325,5.25,2.81
2020.01.16 17:05:04.703,1.11323,1.11325,2.25,3.56
2020.01.16 17:05:04.814,1.11322,1.11325,5.25,2.81
2020.01.16 17:05:05.867,1.11323,1.11325,1.50,2.81
2020.01.16 17:05:06.302,1.11322,1.11325,4.57,2.81
2020.01.16 17:05:06.514,1.11323,1.11325,1.57,2.62
2020.01.16 17:05:08.684,1.11322,1.11324,4.50,0.37
2020.01.16 17:05:09.607,1.11322,1.11323,1.50,0.19
2020.01.16 17:05:09.753,1.11321,1.11323,3.19,0.19
2020.01.16 17:05:13.384,1.11321,1.11324,2.44,4.01
2020.01.16 17:05:14.133,1.11322,1.11324,0.75,2.62
2020.01.16 17:05:14.803,1.11321,1.11324,1.69,1.31
2020.01.16 17:05:17.267,1.1132,1.11323,3.00,3.37
2020.01.16 17:05:17.369,1.11319,1.11321,0.75,0.37
2020.01.16 17:05:17.926,1.1132,1.11321,0.75,0.37
2020.01.16 17:05:18.077,1.1132,1.11322,1.50,2.25
2020.01.16 17:05:18.469,1.1132,1.11321,0.75,0.75
2020.01.16 17:05:18.863,1.1132,1.11322,1.50,1.12
2020.01.16 17:05:20.011,1.1132,1.11321,0.75,0.75
2020.01.16 17:05:24.101,1.1132,1.11322,0.75,1.50
2020.01.16 17:05:24.805,1.11322,1.11323,0.75,1.87
2020.01.16 17:05:24.907,1.11322,1.11324,0.75,2.06
2020.01.16 17:05:29.030,1.11323,1.11324,0.75,0.37
2020.01.16 17:05:29.133,1.11325,1.11326,8.25,4.87
2020.01.16 17:05:29.184,1.11326,1.11328,0.75,1.50
2020.01.16 17:05:29.286,1.11327,1.11328,0.75,0.37
2020.01.16 17:05:32.391,1.11329,1.1133,0.75,3.94
2020.01.16 17:05:32.493,1.11328,1.1133,1.50,1.39
2020.01.16 17:05:33.662,1.11328,1.11329,1.50,0.19
2020.01.16 17:05:40.883,1.11328,1.1133,2.25,4.39
2020.01.16 17:05:42.539,1.11328,1.11329,2.25,0.94
2020.01.16 17:05:44.698,1.11329,1.1133,6.00,0.37
2020.01.16 17:05:44.800,1.11329,1.11332,3.75,2.62
2020.01.16 17:05:45.465,1.11329,1.11331,6.00,0.75
2020.01.16 17:05:45.574,1.11329,1.11332,5.25,4.12
2020.01.16 17:05:45.697,1.11328,1.1133,1.31,0.37
2020.01.16 17:05:45.899,1.11327,1.1133,3.75,6.37
2020.01.16 17:05:46.051,1.11328,1.1133,0.75,7.12
2020.01.16 17:05:46.195,1.11327,1.1133,3.75,8.62
2020.01.16 17:05:46.296,1.11328,1.1133,0.75,9.37
2020.01.16 17:05:46.453,1.11327,1.1133,3.75,6.37
2020.01.16 17:05:46.594,1.11328,1.1133,0.75,2.62
2020.01.16 17:05:46.695,1.11327,1.1133,3.75,2.62
2020.01.16 17:05:46.796,1.11327,1.11329,3.75,0.37
2020.01.16 17:05:48.770,1.11328,1.11329,0.75,0.37
2020.01.16 17:05:49.203,1.11327,1.11329,3.75,0.37
2020.01.16 17:05:49.444,1.11328,1.11329,0.75,0.37
2020.01.16 17:05:49.496,1.11332,1.11333,1.50,1.31
2020.01.16 17:05:49.600,1.11332,1.11334,1.50,4.31
2020.01.16 17:05:55.113,1.11333,1.11334,0.75,0.37
2020.01.16 17:05:56.824,1.11332,1.11333,1.50,0.37
2020.01.16 17:05:58.522,1.11331,1.11334,2.25,2.14
2020.01.16 17:05:58.624,1.11329,1.11331,3.64,2.69
2020.01.16 17:05:58.675,1.11328,1.11329,0.75,0.56
2020.01.16 17:05:58.776,1.11327,1.11329,3.26,0.56
2020.01.16 17:06:00.924,1.11328,1.11329,0.75,0.56
2020.01.16 17:06:01.025,1.1133,1.11331,0.75,5.25
2020.01.16 17:06:01.644,1.11331,1.11332,1.50,0.94
2020.01.16 17:06:01.695,1.11332,1.11333,0.75,5.25
2020.01.16 17:06:01.796,1.11331,1.11333,2.25,1.50
2020.01.16 17:06:02.077,1.11332,1.11333,0.75,1.50
2020.01.16 17:06:02.178,1.11331,1.11333,2.25,1.50
2020.01.16 17:06:03.123,1.11332,1.11333,0.75,1.87
2020.01.16 17:06:05.756,1.11331,1.11333,3.00,0.37
2020.01.16 17:06:06.703,1.11332,1.11333,0.75,0.37
2020.01.16 17:06:07.117,1.11331,1.11333,3.56,0.37
2020.01.16 17:06:07.268,1.1133,1.11331,4.01,0.75
2020.01.16 17:06:07.370,1.11328,1.11329,3.75,0.37
2020.01.16 17:06:08.185,1.11328,1.1133,1.50,1.01
2020.01.16 17:06:08.237,1.1133,1.11331,1.50,2.81
2020.01.16 17:06:09.714,1.1133,1.11332,1.50,0.56
2020.01.16 17:06:10.754,1.11331,1.11332,0.75,0.19
2020.01.16 17:06:11.187,1.11331,1.11333,0.75,3.19
2020.01.16 17:06:12.511,1.11331,1.11333,0.75,2.43
2020.01.16 17:06:14.627,1.1133,1.11332,2.25,0.37
2020.01.16 17:06:18.015,1.1133,1.11333,2.25,2.44
2020.01.16 17:06:18.125,1.1133,1.11332,0.75,0.56
2020.01.16 17:06:18.226,1.11329,1.11333,4.31,5.14
2020.01.16 17:06:18.328,1.11329,1.11332,3.37,0.94
2020.01.16 17:06:18.513,1.11331,1.11333,1.50,3.45
2020.01.16 17:06:20.283,1.11332,1.11333,0.75,0.75
2020.01.16 17:06:31.515,1.11334,1.11336,0.75,8.14
2020.01.16 17:06:31.617,1.11333,1.11336,5.51,2.25
2020.01.16 17:06:31.819,1.11333,1.11334,0.37,0.19
2020.01.16 17:06:32.685,1.11332,1.11334,4.01,0.19
2020.01.16 17:06:43.476,1.11333,1.11334,0.75,0.56
2020.01.16 17:06:45.174,1.11332,1.11334,1.69,0.56
2020.01.16 17:06:45.276,1.11331,1.11332,2.25,0.37
2020.01.16 17:06:45.326,1.11329,1.11331,3.00,5.13
2020.01.16 17:06:45.377,1.11328,1.1133,2.06,2.25
2020.01.16 17:06:45.516,1.11328,1.11329,0.75,1.12
2020.01.16 17:06:45.617,1.11327,1.11328,0.75,1.31
2020.01.16 17:06:45.770,1.11328,1.11329,0.75,2.06
2020.01.16 17:06:46.414,1.11327,1.11329,2.25,1.49
2020.01.16 17:06:47.425,1.11328,1.11329,0.75,1.12
2020.01.16 17:06:49.442,1.11326,1.11329,1.50,1.12
2020.01.16 17:06:49.544,1.11326,1.11328,1.50,0.37
2020.01.16 17:06:51.829,1.11327,1.11329,0.75,3.00
2020.01.16 17:06:53.626,1.11327,1.11328,1.50,0.37
2020.01.16 17:06:54.014,1.11327,1.11329,3.75,1.12
2020.01.16 17:06:54.210,1.11328,1.11329,0.75,0.75
2020.01.16 17:06:54.311,1.11327,1.11329,3.00,0.75
2020.01.16 17:06:55.645,1.11326,1.11329,7.76,3.85
2020.01.16 17:06:55.696,1.11327,1.11329,1.50,2.25
2020.01.16 17:06:58.838,1.11327,1.1133,0.75,3.45
2020.01.16 17:07:02.270,1.11328,1.1133,0.75,2.51
2020.01.16 17:07:03.626,1.11328,1.11329,0.75,0.75
2020.01.16 17:07:04.804,1.1133,1.11331,1.50,1.01
2020.01.16 17:07:04.855,1.11328,1.1133,1.83,0.10
2020.01.16 17:07:04.907,1.1133,1.11331,0.75,0.82
2020.01.16 17:07:05.008,1.11329,1.11332,0.75,7.76
2020.01.16 17:07:06.129,1.11329,1.1133,3.00,0.37
2020.01.16 17:07:06.231,1.11328,1.1133,0.75,3.00
2020.01.16 17:07:06.646,1.11327,1.11329,1.50,0.75
2020.01.16 17:07:06.748,1.11327,1.11328,0.75,2.25
2020.01.16 17:07:06.799,1.11325,1.11328,4.76,4.31
2020.01.16 17:07:06.901,1.11326,1.11328,0.75,0.19
2020.01.16 17:07:07.003,1.11325,1.11328,2.44,0.19
2020.01.16 17:07:08.647,1.11325,1.11327,2.44,0.75
2020.01.16 17:07:08.852,1.11325,1.11326,0.75,1.87
2020.01.16 17:07:08.960,1.11324,1.11326,0.37,2.44
2020.01.16 17:07:09.062,1.11323,1.11326,1.50,2.70
2020.01.16 17:07:09.365,1.11323,1.11324,0.75,0.75
2020.01.16 17:07:09.467,1.11322,1.11324,2.44,2.25
2020.01.16 17:07:09.568,1.11321,1.11324,0.75,3.37
2020.01.16 17:07:09.669,1.11321,1.11323,1.50,0.19
2020.01.16 17:07:09.881,1.1132,1.11322,0.75,0.75
2020.01.16 17:07:10.185,1.11321,1.11322,2.25,0.75
2020.01.16 17:07:10.338,1.11322,1.11323,0.75,1.12
2020.01.16 17:07:11.199,1.11324,1.11325,2.44,0.19
2020.01.16 17:07:11.250,1.11326,1.11327,0.75,0.75
2020.01.16 17:07:11.301,1.11326,1.11328,0.75,1.31
2020.01.16 17:07:12.277,1.11324,1.11326,3.19,0.75
2020.01.16 17:07:12.428,1.11324,1.11327,1.50,2.81
2020.01.16 17:07:15.121,1.11324,1.11326,1.87,0.37
2020.01.16 17:07:17.872,1.11326,1.11327,0.75,0.45
2020.01.16 17:07:17.974,1.11326,1.11328,0.75,2.06
2020.01.16 17:07:27.260,1.11327,1.11328,0.75,0.94
2020.01.16 17:07:27.476,1.11326,1.11328,1.87,0.19
2020.01.16 17:07:29.224,1.11325,1.11328,2.25,1.20
2020.01.16 17:07:31.467,1.11325,1.11327,3.00,0.75
2020.01.16 17:07:34.051,1.11326,1.11327,0.75,0.75
2020.01.16 17:07:35.261,1.11325,1.11327,2.25,0.75
2020.01.16 17:07:40.386,1.11326,1.11328,0.75,1.39
2020.01.16 17:07:40.487,1.11325,1.11328,2.25,4.65
2020.01.16 17:07:41.721,1.11325,1.11327,2.62,0.37
2020.01.16 17:07:42.808,1.11325,1.11328,2.25,1.95
2020.01.16 17:07:43.806,1.11326,1.11329,2.44,5.14
2020.01.16 17:07:43.909,1.11327,1.11329,0.75,1.50
2020.01.16 17:07:44.062,1.11328,1.11329,0.75,0.75
2020.01.16 17:07:44.164,1.11328,1.1133,0.75,1.87
2020.01.16 17:07:44.266,1.11329,1.1133,0.75,0.19
2020.01.16 17:07:44.367,1.11328,1.1133,2.25,0.19
2020.01.16 17:07:44.469,1.11328,1.11331,2.25,1.12
2020.01.16 17:07:44.570,1.11327,1.1133,4.69,4.12
2020.01.16 17:07:45.279,1.11328,1.11329,0.75,1.50
2020.01.16 17:07:46.373,1.11327,1.11329,4.12,1.50
2020.01.16 17:07:46.474,1.11328,1.1133,0.75,2.25
2020.01.16 17:07:50.561,1.11329,1.11331,0.75,3.00
2020.01.16 17:07:51.574,1.11328,1.11329,1.12,0.19
2020.01.16 17:07:52.179,1.11327,1.11329,4.50,0.19
2020.01.16 17:08:00.463,1.11328,1.11329,0.75,0.94
2020.01.16 17:08:01.069,1.11329,1.1133,0.75,0.75
2020.01.16 17:08:02.030,1.11328,1.1133,0.94,4.01
2020.01.16 17:08:03.060,1.11328,1.11329,0.75,0.10
2020.01.16 17:08:03.161,1.11327,1.11329,3.00,0.10
2020.01.16 17:08:03.212,1.11328,1.1133,0.75,2.70
2020.01.16 17:08:03.567,1.11328,1.1133,0.75,1.39
2020.01.16 17:08:09.514,1.11328,1.1133,0.75,4.50
2020.01.16 17:08:14.508,1.11327,1.11329,1.69,1.20
2020.01.16 17:08:14.628,1.11326,1.11329,2.62,1.57
2020.01.16 17:08:15.614,1.11327,1.11329,0.75,7.12
2020.01.16 17:08:15.906,1.11327,1.11328,0.75,0.75
2020.01.16 17:08:17.215,1.11326,1.11328,2.44,0.37
2020.01.16 17:08:20.038,1.11326,1.11329,3.00,0.37
2020.01.16 17:08:20.141,1.11328,1.11329,0.75,0.37
2020.01.16 17:08:23.608,1.11327,1.11329,1.69,1.19
2020.01.16 17:08:25.054,1.11326,1.11328,4.12,0.37
2020.01.16 17:08:28.394,1.11327,1.11328,0.75,0.37
2020.01.16 17:08:29.205,1.11326,1.11328,6.56,0.37
2020.01.16 17:08:29.371,1.11327,1.11328,0.75,0.37
2020.01.16 17:08:29.486,1.11326,1.11328,7.87,0.37
2020.01.16 17:08:30.103,1.11326,1.11327,5.06,0.75
2020.01.16 17:08:30.154,1.11324,1.11325,2.44,1.20
2020.01.16 17:08:30.205,1.11322,1.11323,2.06,3.00
2020.01.16 17:08:30.357,1.1132,1.11321,1.12,0.37
2020.01.16 17:08:31.205,1.11319,1.11321,3.26,0.75
2020.01.16 17:08:34.014,1.1132,1.11321,0.10,0.75
2020.01.16 17:08:35.478,1.11321,1.11323,0.85,3.82
2020.01.16 17:08:35.580,1.11322,1.11323,0.10,1.12
2020.01.16 17:08:35.884,1.11322,1.11324,0.10,0.37
2020.01.16 17:08:41.103,1.11323,1.11324,0.75,0.37
2020.01.16 17:08:41.205,1.11322,1.11324,1.39,0.37
2020.01.16 17:08:42.865,1.11323,1.11324,0.75,0.37
2020.01.16 17:08:42.967,1.11322,1.11324,1.39,0.37
2020.01.16 17:08:47.485,1.11323,1.11325,0.75,6.37
2020.01.16 17:08:48.490,1.11323,1.11324,0.75,0.37
2020.01.16 17:08:48.664,1.11322,1.11324,2.06,1.12
2020.01.16 17:08:48.823,1.11323,1.11324,0.75,1.12
2020.01.16 17:08:49.517,1.11322,1.11324,2.06,1.12
2020.01.16 17:08:50.100,1.11322,1.11325,5.96,2.25
2020.01.16 17:08:53.945,1.11323,1.11325,0.10,4.12
2020.01.16 17:08:54.309,1.11324,1.11325,0.75,2.62
2020.01.16 17:08:54.410,1.11324,1.11326,0.82,0.37
2020.01.16 17:08:55.326,1.11324,1.11327,1.69,4.12
2020.01.16 17:08:57.505,1.11324,1.11326,1.57,1.50
2020.01.16 17:08:58.242,1.11325,1.11327,0.37,1.87
2020.01.16 17:08:59.577,1.11325,1.11328,0.75,1.12
2020.01.16 17:09:05.153,1.11326,1.11328,0.75,1.87
2020.01.16 17:09:07.144,1.11325,1.11328,4.95,0.75
2020.01.16 17:09:09.637,1.11326,1.11328,0.75,1.50
2020.01.16 17:09:15.339,1.11326,1.11329,0.82,2.06
2020.01.16 17:09:15.441,1.11326,1.11328,2.25,1.12
2020.01.16 17:09:18.626,1.11327,1.11328,0.75,0.37
2020.01.16 17:09:19.034,1.11327,1.11329,0.75,5.81
2020.01.16 17:09:24.626,1.11326,1.11329,2.70,2.81
2020.01.16 17:09:28.233,1.11327,1.11329,0.75,2.06
2020.01.16 17:09:30.293,1.11327,1.1133,1.50,1.50
2020.01.16 17:09:30.573,1.11331,1.11332,1.12,0.26
2020.01.16 17:09:30.727,1.11331,1.11333,1.12,0.37
2020.01.16 17:09:33.953,1.1133,1.11331,1.31,6.00
2020.01.16 17:09:34.055,1.11328,1.1133,0.75,3.64
2020.01.16 17:09:37.236,1.1133,1.11331,0.75,3.56
2020.01.16 17:09:37.287,1.1133,1.11333,3.82,2.32
2020.01.16 17:09:37.396,1.11331,1.11333,5.25,0.37
2020.01.16 17:09:38.220,1.11331,1.11334,5.25,4.31
2020.01.16 17:09:45.653,1.11332,1.11334,0.75,3.56
2020.01.16 17:09:46.242,1.11333,1.11334,0.75,0.75
2020.01.16 17:09:46.343,1.11333,1.11335,1.57,1.87
2020.01.16 17:09:47.339,1.11333,1.11334,0.75,0.37
2020.01.16 17:09:52.372,1.11333,1.11335,3.07,1.50
2020.01.16 17:10:00.425,1.11334,1.11336,1.50,0.37
2020.01.16 17:10:00.476,1.11336,1.11337,0.75,6.19
2020.01.16 17:10:00.672,1.11336,1.11338,0.75,4.87
2020.01.16 17:10:00.937,1.11335,1.11336,0.45,0.37
2020.01.16 17:10:01.039,1.11333,1.11335,1.57,0.37
2020.01.16 17:10:01.090,1.11333,1.11336,0.82,5.25
2020.01.16 17:10:01.191,1.11333,1.11335,1.57,0.75
2020.01.16 17:10:01.292,1.11333,1.11336,0.90,3.56
2020.01.16 17:10:01.442,1.11333,1.11335,0.90,0.75
2020.01.16 17:10:02.138,1.11333,1.11336,1.95,2.06
2020.01.16 17:10:02.290,1.11333,1.11335,1.95,1.50
2020.01.16 17:10:03.050,1.11333,1.11336,2.51,3.75
2020.01.16 17:10:04.554,1.11333,1.11335,0.75,1.12
2020.01.16 17:10:06.803,1.11333,1.11336,0.82,5.44
2020.01.16 17:10:07.093,1.11334,1.11336,0.82,2.62
2020.01.16 17:10:09.114,1.11333,1.11335,2.89,0.82
2020.01.16 17:10:14.331,1.11333,1.11334,0.75,0.37
2020.01.16 17:10:16.098,1.11333,1.11335,0.75,0.64
2020.01.16 17:10:18.508,1.11333,1.11336,0.82,5.14
2020.01.16 17:10:19.374,1.11335,1.11336,3.00,1.87
2020.01.16 17:10:19.476,1.11335,1.11337,0.75,0.37
2020.01.16 17:10:19.577,1.11336,1.11337,0.75,0.37
2020.01.16 17:10:19.744,1.11335,1.11337,2.25,0.37
2020.01.16 17:10:20.211,1.11336,1.11338,0.19,0.94
2020.01.16 17:10:20.363,1.11337,1.11338,0.75,0.19
2020.01.16 17:10:20.770,1.11337,1.11339,1.50,0.75
2020.01.16 17:10:21.161,1.11337,1.1134,1.50,1.50
2020.01.16 17:10:24.401,1.11338,1.1134,0.75,3.37
2020.01.16 17:10:25.219,1.11338,1.11339,0.75,1.50
2020.01.16 17:10:25.382,1.11338,1.1134,0.75,5.81
2020.01.16 17:10:25.484,1.11337,1.1134,1.50,3.56
2020.01.16 17:10:25.585,1.11337,1.11339,1.50,0.37
2020.01.16 17:10:27.650,1.11338,1.11339,0.75,0.37
2020.01.16 17:10:30.265,1.11337,1.11338,1.50,0.37
2020.01.16 17:10:33.626,1.11337,1.11338,2.62,0.37
2020.01.16 17:10:35.189,1.11337,1.1134,2.25,1.20
2020.01.16 17:10:41.621,1.11337,1.11339,2.25,0.37
2020.01.16 17:10:45.514,1.11336,1.11337,1.95,0.75
2020.01.16 17:10:45.565,1.11333,1.11334,9.07,0.75
2020.01.16 17:10:45.983,1.11335,1.11336,3.07,5.06
2020.01.16 17:10:46.085,1.11335,1.11336,2.81,0.75
2020.01.16 17:10:46.186,1.11335,1.11337,1.87,1.12
2020.01.16 17:10:46.952,1.11336,1.11338,1.50,1.50
2020.01.16 17:10:47.054,1.11337,1.11338,2.44,1.50
2020.01.16 17:10:50.607,1.11336,1.11337,2.44,0.75
2020.01.16 17:10:50.741,1.11337,1.11339,0.19,2.89
2020.01.16 17:10:50.843,1.11336,1.11339,2.44,3.75
2020.01.16 17:10:51.202,1.11336,1.11337,0.19,1.50
2020.01.16 17:10:51.949,1.11335,1.11336,1.87,1.12
2020.01.16 17:10:52.050,1.11335,1.11336,1.12,0.37
2020.01.16 17:10:52.664,1.11334,1.11336,2.70,1.57
2020.01.16 17:10:52.867,1.11333,1.11335,2.81,0.75
2020.01.16 17:10:54.065,1.11333,1.11336,0.75,3.75
2020.01.16 17:10:54.166,1.11335,1.11336,0.75,2.25
2020.01.16 17:10:55.106,1.11335,1.11337,0.75,4.20
2020.01.16 17:10:55.990,1.11336,1.11337,0.75,0.45
2020.01.16 17:10:56.889,1.11335,1.11337,2.62,0.10
2020.01.16 17:10:57.666,1.11335,1.11336,2.44,0.75
2020.01.16 17:10:57.767,1.11335,1.11337,0.19,1.20
2020.01.16 17:10:58.094,1.11335,1.11336,0.94,0.75
2020.01.16 17:10:58.272,1.11335,1.11337,0.19,1.20
2020.01.16 17:11:00.153,1.11335,1.11336,0.94,0.75
2020.01.16 17:11:00.255,1.11334,1.11336,6.26,0.75
2020.01.16 17:11:00.356,1.11335,1.11336,1.50,1.50
2020.01.16 17:11:05.396,1.11335,1.11337,1.50,1.87
2020.01.16 17:11:06.431,1.11335,1.11338,1.50,3.75
2020.01.16 17:11:06.988,1.11335,1.11337,1.50,0.75
2020.01.16 17:11:08.405,1.11335,1.11338,2.25,0.75
2020.01.16 17:11:08.727,1.11336,1.11338,0.75,0.75
2020.01.16 17:11:08.985,1.11335,1.11338,2.25,0.37
2020.01.16 17:11:15.203,1.11336,1.11338,0.75,2.70
2020.01.16 17:11:15.867,1.11335,1.11338,2.25,1.12
2020.01.16 17:11:19.000,1.11336,1.11338,0.75,1.87
2020.01.16 17:11:19.804,1.11335,1.11338,0.94,1.87
2020.01.16 17:11:20.073,1.11336,1.11338,0.75,1.87
2020.01.16 17:11:22.488,1.11336,1.11337,0.75,1.20
2020.01.16 17:11:22.658,1.11335,1.11337,1.39,0.45
2020.01.16 17:11:23.959,1.11334,1.11337,2.25,3.37
2020.01.16 17:11:24.061,1.11334,1.11336,1.50,0.75
2020.01.16 17:11:24.234,1.11334,1.11337,1.50,3.37
2020.01.16 17:11:26.244,1.11334,1.11336,2.25,0.75
2020.01.16 17:11:26.345,1.11334,1.11337,2.25,4.12
2020.01.16 17:11:26.608,1.11335,1.11337,0.75,0.37
2020.01.16 17:11:26.979,1.11334,1.11337,5.14,1.12
2020.01.16 17:11:27.169,1.11335,1.11337,0.75,1.20
2020.01.16 17:11:27.271,1.11334,1.11337,6.26,1.95
2020.01.16 17:11:27.372,1.11335,1.11337,2.51,0.75
2020.01.16 17:11:27.492,1.11335,1.11338,3.26,0.37
2020.01.16 17:11:27.593,1.11336,1.11338,0.75,0.37
2020.01.16 17:11:27.915,1.11335,1.11338,2.70,0.37
2020.01.16 17:11:28.508,1.11335,1.11339,4.20,3.07
2020.01.16 17:11:33.491,1.11336,1.11339,0.94,1.57
2020.01.16 17:11:42.704,1.11335,1.11339,5.06,3.45
2020.01.16 17:11:48.114,1.11336,1.11338,1.50,0.37
2020.01.16 17:11:49.325,1.11336,1.11339,0.10,1.12
2020.01.16 17:11:49.431,1.11335,1.11339,6.26,1.12
2020.01.16 17:11:49.532,1.11338,1.11339,0.75,1.12
2020.01.16 17:11:50.914,1.11337,1.11338,1.12,0.37
2020.01.16 17:11:53.034,1.11338,1.11339,0.75,2.25
2020.01.16 17:12:02.080,1.11337,1.11338,1.87,0.37
2020.01.16 17:12:04.341,1.11338,1.11339,0.75,0.82
2020.01.16 17:12:11.883,1.11337,1.11339,0.75,1.57
2020.01.16 17:12:14.033,1.11335,1.11339,6.64,1.57
2020.01.16 17:12:14.776,1.11336,1.11339,0.75,3.45
2020.01.16 17:12:14.877,1.11336,1.11337,1.50,0.10
2020.01.16 17:12:15.855,1.11336,1.11338,0.75,1.12
2020.01.16 17:12:17.180,1.11335,1.11338,0.75,1.95
2020.01.16 17:12:20.204,1.11336,1.11339,0.82,2.32
2020.01.16 17:12:23.784,1.11337,1.11339,0.37,0.37
2020.01.16 17:12:24.651,1.1134,1.11341,3.75,0.75
2020.01.16 17:12:24.702,1.11341,1.11343,1.50,5.44
2020.01.16 17:12:24.804,1.11341,1.11344,1.50,1.87
2020.01.16 17:12:25.160,1.11342,1.11344,0.19,1.87
2020.01.16 17:12:25.262,1.11343,1.11344,0.94,0.37
2020.01.16 17:12:25.565,1.11344,1.11345,0.75,0.75
2020.01.16 17:12:26.177,1.11344,1.11345,0.75,0.75
2020.01.16 17:12:26.278,1.11343,1.11345,0.75,0.75
2020.01.16 17:12:26.977,1.11341,1.11343,3.07,2.25
2020.01.16 17:12:27.078,1.11341,1.11342,1.50,0.75
2020.01.16 17:12:28.010,1.11342,1.11343,0.75,1.50
2020.01.16 17:12:28.112,1.11342,1.11344,0.75,1.20
2020.01.16 17:12:29.325,1.11342,1.11343,1.12,0.37
2020.01.16 17:12:33.556,1.11342,1.11344,1.87,1.87
2020.01.16 17:12:44.201,1.11342,1.11345,4.01,2.06
2020.01.16 17:12:51.626,1.11343,1.11345,0.75,7.31
2020.01.16 17:12:54.626,1.11342,1.11345,2.51,7.31
2020.01.16 17:13:04.184,1.11342,1.11344,2.44,0.75
2020.01.16 17:13:06.626,1.11343,1.11344,0.75,1.50
2020.01.16 17:13:09.626,1.11342,1.11344,3.94,1.50
2020.01.16 17:13:21.504,1.11342,1.11343,2.25,0.37
2020.01.16 17:13:24.184,1.11341,1.11343,3.82,0.37
2020.01.16 17:13:29.522,1.11341,1.11344,1.87,1.87
2020.01.16 17:13:38.493,1.11342,1.11344,1.50,1.87
2020.01.16 17:13:39.218,1.11341,1.11344,6.34,0.75
2020.01.16 17:13:39.320,1.11343,1.11345,0.75,1.87
2020.01.16 17:13:39.499,1.11342,1.11345,4.39,3.75
2020.01.16 17:13:39.844,1.11343,1.11345,0.75,2.62
2020.01.16 17:13:39.996,1.11342,1.11345,4.01,1.12
2020.01.16 17:13:40.199,1.11343,1.11345,1.50,1.12
2020.01.16 17:13:42.984,1.11342,1.11345,3.45,1.12
2020.01.16 17:13:43.336,1.11342,1.11344,5.70,0.75
2020.01.16 17:13:43.933,1.11342,1.11345,3.45,1.12
2020.01.16 17:13:44.863,1.11343,1.11345,0.75,1.12
2020.01.16 17:13:45.271,1.11342,1.11345,2.14,1.12
2020.01.16 17:13:46.363,1.11343,1.11345,0.75,2.62
2020.01.16 17:13:46.644,1.11342,1.11345,3.19,1.87
2020.01.16 17:13:47.862,1.11342,1.11344,1.50,0.10
2020.01.16 17:13:48.115,1.11341,1.11342,5.32,0.75
2020.01.16 17:13:48.217,1.11342,1.11343,0.37,1.20
2020.01.16 17:13:49.592,1.11341,1.11343,4.01,1.20
2020.01.16 17:13:50.155,1.1134,1.11341,4.01,2.25
2020.01.16 17:13:50.257,1.11338,1.1134,0.75,2.81
2020.01.16 17:13:50.793,1.1134,1.11341,1.50,3.26
2020.01.16 17:13:50.895,1.11341,1.11342,0.94,1.87
2020.01.16 17:13:51.047,1.11339,1.1134,0.64,0.75
2020.01.16 17:13:51.199,1.11338,1.1134,2.06,0.75
2020.01.16 17:13:53.747,1.11338,1.11339,1.50,0.37
2020.01.16 17:13:53.848,1.11337,1.11339,2.81,0.37
2020.01.16 17:13:55.794,1.11338,1.11339,0.75,0.37
2020.01.16 17:13:56.081,1.11337,1.11339,3.19,0.37
2020.01.16 17:14:10.490,1.11336,1.11337,2.81,3.00
2020.01.16 17:14:10.541,1.11333,1.11335,2.70,2.81
2020.01.16 17:14:10.643,1.11333,1.11334,0.19,0.75
2020.01.16 17:14:10.947,1.11333,1.11335,0.19,5.89
2020.01.16 17:14:11.048,1.11333,1.11334,0.19,1.50
2020.01.16 17:14:12.040,1.11331,1.11334,2.44,3.75
2020.01.16 17:14:20.541,1.11332,1.11334,0.75,1.12
2020.01.16 17:14:24.255,1.11332,1.11333,1.69,0.37
2020.01.16 17:14:28.602,1.11332,1.11334,0.45,0.75
2020.01.16 17:14:29.934,1.11332,1.11334,0.56,0.74
2020.01.16 17:14:31.979,1.11332,1.11335,1.01,5.62
2020.01.16 17:14:33.127,1.11332,1.11334,1.76,0.75
2020.01.16 17:14:33.284,1.11332,1.11335,1.01,5.62
2020.01.16 17:14:33.680,1.11332,1.11334,2.51,0.75
2020.01.16 17:14:33.858,1.11332,1.11335,1.76,3.37
2020.01.16 17:14:35.553,1.11332,1.11334,2.06,0.75
2020.01.16 17:14:35.955,1.11332,1.11335,1.69,8.25
2020.01.16 17:14:36.879,1.11332,1.11334,2.44,0.75
2020.01.16 17:14:37.223,1.11332,1.11335,1.69,8.25
2020.01.16 17:14:37.466,1.11332,1.11334,2.44,0.75
2020.01.16 17:14:40.527,1.11332,1.11335,1.69,4.12
2020.01.16 17:14:41.222,1.11332,1.11334,0.19,0.19
2020.01.16 17:14:41.815,1.11332,1.11333,0.56,0.37
2020.01.16 17:14:43.111,1.11333,1.11334,0.19,2.25
2020.01.16 17:14:45.546,1.11332,1.11334,0.94,1.87
2020.01.16 17:14:45.813,1.11331,1.11332,2.44,1.50
2020.01.16 17:14:45.865,1.11327,1.1133,6.94,1.87
2020.01.16 17:14:45.966,1.11328,1.11329,1.50,0.37
2020.01.16 17:14:46.119,1.11327,1.11329,1.50,0.37
2020.01.16 17:14:46.778,1.11326,1.11329,9.34,1.87
2020.01.16 17:14:46.930,1.11327,1.11329,1.50,1.12
2020.01.16 17:14:49.216,1.11326,1.11329,6.71,0.75
2020.01.16 17:14:50.549,1.11327,1.11329,0.75,0.75
2020.01.16 17:14:50.651,1.11331,1.11332,0.75,2.89
2020.01.16 17:14:50.702,1.11331,1.11334,3.82,4.69
2020.01.16 17:14:50.803,1.11332,1.11333,0.75,0.75
2020.01.16 17:14:51.252,1.11331,1.11334,3.19,3.37
2020.01.16 17:14:54.524,1.11331,1.11333,1.31,1.50
2020.01.16 17:14:54.626,1.1133,1.11331,1.50,1.50
2020.01.16 17:14:54.728,1.11329,1.1133,1.50,2.06
2020.01.16 17:14:54.830,1.11328,1.1133,1.50,1.87
2020.01.16 17:14:55.714,1.11329,1.1133,0.75,1.12
2020.01.16 17:14:55.816,1.11328,1.11331,1.57,3.37
2020.01.16 17:14:55.969,1.11329,1.11331,2.25,3.37
2020.01.16 17:14:57.939,1.11327,1.11331,6.64,2.62
2020.01.16 17:14:58.040,1.11327,1.11329,6.26,0.37
2020.01.16 17:14:58.177,1.11327,1.11329,6.19,0.37
2020.01.16 17:14:59.620,1.11327,1.11329,4.87,0.37
2020.01.16 17:15:00.308,1.11327,1.11329,5.62,1.87
2020.01.16 17:15:00.409,1.11327,1.11329,3.37,1.87
2020.01.16 17:15:13.777,1.11327,1.11328,1.12,0.10
2020.01.16 17:15:13.879,1.11323,1.11324,1.12,0.82
2020.01.16 17:15:13.981,1.11322,1.11323,1.50,2.25
2020.01.16 17:15:14.136,1.1132,1.11321,0.75,0.75
2020.01.16 17:15:14.695,1.11319,1.11321,1.31,0.75
2020.01.16 17:15:15.336,1.1132,1.11321,0.75,0.37
2020.01.16 17:15:16.098,1.1132,1.11322,1.50,4.12
2020.01.16 17:15:16.298,1.11319,1.11321,0.64,0.75
2020.01.16 17:15:16.399,1.11319,1.11322,1.31,5.14
2020.01.16 17:15:17.133,1.11318,1.11322,3.56,6.64
2020.01.16 17:15:17.235,1.11319,1.11321,0.56,0.37
2020.01.16 17:15:17.964,1.11318,1.11321,10.01,0.37
2020.01.16 17:15:18.264,1.11319,1.11322,0.75,5.62
2020.01.16 17:15:18.512,1.11318,1.11322,10.27,3.37
2020.01.16 17:15:18.613,1.11319,1.11321,0.75,0.75
2020.01.16 17:15:18.816,1.11318,1.11322,10.65,3.37
2020.01.16 17:15:19.259,1.11319,1.11321,1.50,0.75
2020.01.16 17:15:19.361,1.11318,1.11321,3.00,1.20
2020.01.16 17:15:19.462,1.11319,1.11321,0.75,1.95
2020.01.16 17:15:19.564,1.11319,1.11322,3.75,2.62
2020.01.16 17:15:20.987,1.1132,1.11322,0.75,2.62
2020.01.16 17:15:29.039,1.11319,1.11322,4.69,0.75
2020.01.16 17:15:32.367,1.1132,1.11323,2.81,3.94
2020.01.16 17:15:32.519,1.1132,1.11322,1.50,0.75
2020.01.16 17:15:32.621,1.1132,1.11323,0.75,4.95
2020.01.16 17:15:40.789,1.1132,1.11322,1.50,0.75
2020.01.16 17:15:42.873,1.1132,1.11323,1.50,3.37
2020.01.16 17:15:43.405,1.11321,1.11323,0.75,4.12
2020.01.16 17:15:44.144,1.1132,1.11321,1.12,0.37
2020.01.16 17:15:45.361,1.1132,1.11323,0.75,3.52
2020.01.16 17:15:45.698,1.1132,1.11322,1.50,0.75
2020.01.16 17:15:52.489,1.1132,1.11323,1.50,3.37
2020.01.16 17:15:56.633,1.11322,1.11323,2.25,1.12
2020.01.16 17:15:57.645,1.11323,1.11325,0.75,1.12
2020.01.16 17:15:57.747,1.11325,1.11326,2.25,1.12
2020.01.16 17:15:57.798,1.11325,1.11327,2.25,1.12
2020.01.16 17:15:57.950,1.11327,1.11328,0.75,1.12
2020.01.16 17:15:58.052,1.11326,1.11329,3.19,2.89
2020.01.16 17:15:59.444,1.11326,1.11328,1.87,0.75
2020.01.16 17:16:00.224,1.11327,1.11328,0.75,1.12
2020.01.16 17:16:00.571,1.11326,1.11328,2.25,0.75
2020.01.16 17:16:03.778,1.11327,1.11329,0.94,4.39
2020.01.16 17:16:03.906,1.11327,1.11328,1.50,0.94
2020.01.16 17:16:06.162,1.11326,1.11328,2.44,2.25
2020.01.16 17:16:06.604,1.11327,1.11328,1.50,0.94
2020.01.16 17:16:08.064,1.11326,1.11328,1.69,1.01
2020.01.16 17:16:12.964,1.11329,1.1133,2.32,1.12
2020.01.16 17:16:13.015,1.1133,1.11332,1.50,2.06
2020.01.16 17:16:13.138,1.11331,1.11333,1.50,3.26
2020.01.16 17:16:16.124,1.11331,1.11332,1.50,0.75
2020.01.16 17:16:16.869,1.11329,1.1133,0.82,0.19
2020.01.16 17:16:16.970,1.11327,1.1133,3.82,0.94
2020.01.16 17:16:17.071,1.11329,1.11331,1.50,1.31
2020.01.16 17:16:17.173,1.1133,1.11333,2.70,5.81
2020.01.16 17:16:19.095,1.11331,1.11333,0.75,2.06
2020.01.16 17:16:20.030,1.1133,1.11333,3.45,1.31
2020.01.16 17:16:20.182,1.11331,1.11333,1.20,0.37
2020.01.16 17:16:20.284,1.11332,1.11334,0.75,2.89
2020.01.16 17:16:20.439,1.11331,1.11334,4.20,2.14
2020.01.16 17:16:22.048,1.11332,1.11334,1.19,1.39
2020.01.16 17:16:24.626,1.11332,1.11333,1.95,0.75
2020.01.16 17:16:25.088,1.11332,1.11333,1.95,0.75
2020.01.16 17:16:27.666,1.11332,1.11334,1.57,1.76
2020.01.16 17:16:28.583,1.11331,1.11334,6.07,1.76
2020.01.16 17:16:28.686,1.11332,1.11334,0.10,1.76
2020.01.16 17:16:29.476,1.11331,1.11334,6.07,1.76
2020.01.16 17:16:29.627,1.11331,1.11333,6.07,0.10
2020.01.16 17:16:30.204,1.11332,1.11333,0.75,0.10
2020.01.16 17:16:31.234,1.11331,1.11333,4.57,0.10
2020.01.16 17:16:34.754,1.11331,1.11332,5.32,0.37
2020.01.16 17:16:35.254,1.11331,1.11333,3.75,1.57
2020.01.16 17:16:35.560,1.11331,1.11332,2.70,0.10
2020.01.16 17:16:40.365,1.11329,1.11332,4.76,5.14
2020.01.16 17:16:40.466,1.11327,1.11328,7.57,0.45
2020.01.16 17:16:40.720,1.11328,1.11329,0.75,0.10
2020.01.16 17:16:45.364,1.11327,1.11328,2.62,0.19
2020.01.16 17:16:45.802,1.11328,1.11329,0.75,1.95
2020.01.16 17:16:46.755,1.11329,1.11331,2.25,3.75
2020.01.16 17:16:46.857,1.1133,1.11331,1.20,1.95
2020.01.16 17:16:46.960,1.11328,1.11331,4.95,1.20
2020.01.16 17:16:49.013,1.11328,1.1133,3.45,0.10
2020.01.16 17:16:49.171,1.11328,1.11331,4.95,1.20
2020.01.16 17:16:51.359,1.11329,1.11331,0.37,1.12
2020.01.16 17:17:01.608,1.1133,1.11331,0.75,0.75
2020.01.16 17:17:01.710,1.1133,1.11332,0.75,0.45
2020.01.16 17:17:02.028,1.11329,1.11332,3.64,0.45
2020.01.16 17:17:03.084,1.11329,1.1133,1.20,0.37
2020.01.16 17:17:03.187,1.11327,1.11329,6.07,0.10
2020.01.16 17:17:03.341,1.11327,1.11329,6.07,0.82
2020.01.16 17:17:03.853,1.11328,1.11329,1.95,0.10
2020.01.16 17:17:04.358,1.11327,1.1133,6.64,1.95
2020.01.16 17:17:05.664,1.11328,1.1133,2.25,0.10
2020.01.16 17:17:06.812,1.11327,1.1133,8.51,3.82
2020.01.16 17:17:07.858,1.1133,1.11331,0.19,0.45
2020.01.16 17:17:07.960,1.11331,1.11332,1.50,0.94
2020.01.16 17:17:08.213,1.11331,1.11333,1.69,3.64
2020.01.16 17:17:08.605,1.11332,1.11333,0.75,1.01
2020.01.16 17:17:13.247,1.11331,1.11333,3.00,2.32
2020.01.16 17:17:18.321,1.11331,1.11332,2.25,0.10
2020.01.16 17:17:18.423,1.1133,1.11332,7.01,3.82
2020.01.16 17:17:18.525,1.11328,1.1133,6.26,2.35
2020.01.16 17:17:18.648,1.11326,1.11328,4.95,1.50
2020.01.16 17:17:18.749,1.11326,1.11329,4.50,2.14
2020.01.16 17:17:19.587,1.11327,1.11329,0.37,3.45
2020.01.16 17:17:19.848,1.11327,1.11328,1.12,0.37
2020.01.16 17:17:19.954,1.11328,1.1133,1.50,0.37
2020.01.16 17:17:20.055,1.11329,1.11331,0.10,4.39
2020.01.16 17:17:20.310,1.1133,1.11332,0.75,1.20
2020.01.16 17:17:20.842,1.1133,1.11332,0.75,1.95
2020.01.16 17:17:23.514,1.11328,1.11329,2.51,0.10
2020.01.16 17:17:23.617,1.11328,1.11329,0.37,0.75
2020.01.16 17:17:23.719,1.11328,1.1133,0.37,1.12
2020.01.16 17:17:25.085,1.11327,1.1133,6.07,1.12
2020.01.16 17:17:25.186,1.11328,1.11329,0.75,1.57
2020.01.16 17:17:25.288,1.11327,1.11329,1.50,0.45
2020.01.16 17:17:25.593,1.11327,1.1133,1.39,3.56
2020.01.16 17:17:26.678,1.11329,1.1133,0.75,0.75
2020.01.16 17:17:27.563,1.11328,1.11329,0.75,0.37
2020.01.16 17:17:29.263,1.11327,1.11329,3.45,0.37
2020.01.16 17:17:29.838,1.11327,1.11329,2.70,0.37
2020.01.16 17:17:30.602,1.11327,1.1133,3.45,1.39
2020.01.16 17:17:33.625,1.11327,1.11329,2.32,0.75
2020.01.16 17:17:34.099,1.11328,1.11329,0.75,2.25
2020.01.16 17:17:34.953,1.11327,1.11329,4.95,2.25
2020.01.16 17:17:40.108,1.11328,1.11329,0.75,1.87
2020.01.16 17:17:40.411,1.11327,1.11329,6.07,1.87
2020.01.16 17:17:42.964,1.11327,1.11328,2.32,0.37
2020.01.16 17:17:44.954,1.11325,1.11327,8.89,1.22
2020.01.16 17:17:45.005,1.11323,1.11324,1.69,1.12
2020.01.16 17:17:45.250,1.11323,1.11324,0.75,2.32
2020.01.16 17:17:46.837,1.11322,1.11324,3.07,3.07
2020.01.16 17:17:55.011,1.11321,1.11322,2.32,2.25
2020.01.16 17:17:55.062,1.1132,1.11322,6.07,1.87
2020.01.16 17:17:55.215,1.1132,1.11321,3.94,0.75
2020.01.16 17:17:55.317,1.1132,1.11322,2.81,2.25
2020.01.16 17:17:55.887,1.11321,1.11322,0.37,0.75
2020.01.16 17:17:56.833,1.1132,1.11322,4.01,0.75
2020.01.16 17:18:03.642,1.1132,1.11321,0.75,1.39
2020.01.16 17:18:03.744,1.11318,1.11319,0.37,0.37
2020.01.16 17:18:03.846,1.11317,1.1132,0.75,6.26
2020.01.16 17:18:04.099,1.11317,1.11319,0.75,2.25
2020.01.16 17:18:05.065,1.11317,1.11318,0.75,1.50
2020.01.16 17:18:05.383,1.11317,1.11319,0.75,0.56
2020.01.16 17:18:05.935,1.11317,1.1132,1.50,7.20
2020.01.16 17:18:06.429,1.11317,1.11319,2.25,0.75
2020.01.16 17:18:07.083,1.11317,1.11318,1.87,0.37
2020.01.16 17:18:08.516,1.11317,1.11319,1.12,2.62
2020.01.16 17:18:08.618,1.11317,1.11318,1.50,0.37
2020.01.16 17:18:09.560,1.11317,1.1132,1.12,6.82
2020.01.16 17:18:12.073,1.11318,1.1132,0.45,2.06
2020.01.16 17:18:12.223,1.11317,1.1132,4.95,2.06
2020.01.16 17:18:15.775,1.11318,1.1132,0.75,4.95
2020.01.16 17:18:16.102,1.11317,1.1132,2.25,3.64
2020.01.16 17:18:18.256,1.11317,1.11319,2.25,0.37
2020.01.16 17:18:22.351,1.11317,1.1132,1.50,7.01
2020.01.16 17:18:22.452,1.11318,1.1132,0.10,2.70
2020.01.16 17:18:22.554,1.11317,1.1132,4.95,5.14
2020.01.16 17:18:22.951,1.11318,1.1132,0.75,5.14
2020.01.16 17:18:23.055,1.11317,1.1132,4.57,5.14
2020.01.16 17:18:23.432,1.11318,1.1132,1.50,5.32
2020.01.16 17:18:23.535,1.11317,1.1132,4.20,1.20
2020.01.16 17:18:25.300,1.11318,1.1132,0.75,0.37
2020.01.16 17:18:25.402,1.11319,1.1132,0.75,1.50
2020.01.16 17:18:25.954,1.11318,1.11319,0.75,0.94
2020.01.16 17:18:31.374,1.1132,1.11321,3.07,4.31
2020.01.16 17:18:31.425,1.11321,1.11323,0.37,3.37
2020.01.16 17:18:32.580,1.11322,1.11323,0.75,3.37
2020.01.16 17:18:32.733,1.11322,1.11324,0.75,2.62
2020.01.16 17:18:33.375,1.11324,1.11325,3.07,2.44
2020.01.16 17:18:33.477,1.11326,1.11327,1.50,1.12
2020.01.16 17:18:33.578,1.11326,1.11328,2.70,1.31
2020.01.16 17:18:33.679,1.11326,1.11329,2.70,6.75
2020.01.16 17:18:33.985,1.11326,1.11328,3.45,1.50
2020.01.16 17:18:34.086,1.11326,1.11329,2.70,4.87
2020.01.16 17:18:34.474,1.11326,1.11328,2.70,1.50
2020.01.16 17:18:34.576,1.11326,1.11329,4.20,6.37
2020.01.16 17:18:34.678,1.11327,1.11329,0.75,6.37
2020.01.16 17:18:34.779,1.11325,1.11327,5.32,0.75
2020.01.16 17:18:34.881,1.11325,1.11328,4.87,1.87
2020.01.16 17:18:38.415,1.11326,1.11327,0.37,0.37
2020.01.16 17:18:39.487,1.11325,1.11328,3.45,0.45
2020.01.16 17:18:40.172,1.11327,1.11329,0.75,6.37
2020.01.16 17:18:42.851,1.11326,1.11328,2.77,0.75
2020.01.16 17:18:42.902,1.11324,1.11326,3.45,1.50
2020.01.16 17:18:43.003,1.11323,1.11325,1.31,4.39
2020.01.16 17:18:43.104,1.11322,1.11325,5.44,4.39
2020.01.16 17:18:43.206,1.11323,1.11325,1.20,1.20
2020.01.16 17:18:43.308,1.11322,1.11325,3.56,1.20
2020.01.16 17:18:43.620,1.11323,1.11325,0.37,1.20
2020.01.16 17:18:43.722,1.11324,1.11325,0.75,0.75
2020.01.16 17:18:46.390,1.11324,1.11326,0.75,4.87
2020.01.16 17:18:46.557,1.11323,1.11325,1.20,0.75
2020.01.16 17:18:50.184,1.11324,1.11326,0.75,0.37
2020.01.16 17:18:50.322,1.11325,1.11326,0.75,0.37
2020.01.16 17:18:52.526,1.11324,1.11326,2.62,1.12
2020.01.16 17:18:57.166,1.11324,1.11325,0.37,0.82
2020.01.16 17:18:57.268,1.11323,1.11325,3.07,2.89
2020.01.16 17:18:57.369,1.11323,1.11324,0.97,0.75
2020.01.16 17:19:00.644,1.11324,1.11325,0.75,2.06
2020.01.16 17:19:00.745,1.11323,1.11325,1.57,2.06
2020.01.16 17:19:04.875,1.11324,1.11325,0.75,1.12
2020.01.16 17:19:05.292,1.11323,1.11325,1.95,2.89
2020.01.16 17:19:10.394,1.11325,1.11326,1.50,2.25
2020.01.16 17:19:10.457,1.11326,1.11327,1.57,4.69
2020.01.16 17:19:12.149,1.11325,1.11327,0.37,3.07
2020.01.16 17:19:12.201,1.11323,1.11325,3.26,1.20
2020.01.16 17:19:12.251,1.11322,1.11324,3.45,0.75
2020.01.16 17:19:12.513,1.1132,1.11322,8.21,1.50
2020.01.16 17:19:12.615,1.1132,1.11322,4.76,0.75
2020.01.16 17:19:12.667,1.11321,1.11324,3.00,2.14
2020.01.16 17:19:12.770,1.11322,1.11324,0.75,2.70
2020.01.16 17:19:12.872,1.11321,1.11324,3.26,1.95
2020.01.16 17:19:13.018,1.11322,1.11324,3.00,0.75
2020.01.16 17:19:13.120,1.11322,1.11325,1.50,4.39
2020.01.16 17:19:13.544,1.11322,1.11324,1.95,0.94
2020.01.16 17:19:16.863,1.11322,1.11325,0.75,5.14
2020.01.16 17:19:17.005,1.11322,1.11324,0.75,0.94
2020.01.16 17:19:19.566,1.11322,1.11324,1.50,1.12
2020.01.16 17:19:22.989,1.11322,1.11325,0.75,3.26
2020.01.16 17:19:23.091,1.11322,1.11324,0.75,0.37
2020.01.16 17:19:23.192,1.11322,1.11323,0.75,0.37
2020.01.16 17:19:24.626,1.11322,1.11324,0.75,1.69
2020.01.16 17:19:25.651,1.11323,1.11324,0.75,1.31
2020.01.16 17:19:25.790,1.11323,1.11325,0.75,5.32
2020.01.16 17:19:27.300,1.11324,1.11325,1.69,0.75
2020.01.16 17:19:27.402,1.11324,1.11326,0.94,1.69
2020.01.16 17:19:28.516,1.11325,1.11326,0.75,0.19
2020.01.16 17:19:28.982,1.11324,1.11326,3.19,0.19
2020.01.16 17:19:30.991,1.11325,1.11326,0.75,0.19
2020.01.16 17:19:32.476,1.11325,1.11327,3.00,0.37
2020.01.16 17:19:32.577,1.11325,1.11328,3.45,3.19
2020.01.16 17:19:32.679,1.11326,1.11328,0.75,3.19
2020.01.16 17:19:33.771,1.11326,1.11327,0.75,0.75
2020.01.16 17:19:33.882,1.11325,1.11326,3.75,0.37
2020.01.16 17:19:34.504,1.11323,1.11326,3.56,1.50
2020.01.16 17:19:38.539,1.11323,1.11325,0.75,0.37
2020.01.16 17:19:43.033,1.11324,1.11326,1.50,0.45
2020.01.16 17:19:43.134,1.11325,1.11327,0.75,1.31
2020.01.16 17:19:46.512,1.11325,1.11327,1.87,0.56
2020.01.16 17:19:50.020,1.11323,1.11324,2.25,1.50
2020.01.16 17:19:50.122,1.11323,1.11324,1.87,1.50
2020.01.16 17:19:50.288,1.11323,1.11325,3.37,1.87
2020.01.16 17:19:50.531,1.11323,1.11324,1.87,0.37
2020.01.16 17:19:51.430,1.11323,1.11325,0.75,0.94
2020.01.16 17:19:51.532,1.11323,1.11324,0.75,0.37
2020.01.16 17:19:56.153,1.11323,1.11325,0.75,2.81
2020.01.16 17:19:56.255,1.11322,1.11325,1.87,4.31
2020.01.16 17:19:56.361,1.11322,1.11323,1.50,0.75
2020.01.16 17:19:56.413,1.1132,1.11322,3.15,2.62
2020.01.16 17:19:56.514,1.11319,1.1132,0.45,0.75
2020.01.16 17:19:56.616,1.11317,1.11319,1.87,1.69
2020.01.16 17:19:57.625,1.11319,1.1132,0.82,5.62
2020.01.16 17:19:57.726,1.11319,1.11322,0.82,4.31
2020.01.16 17:19:57.827,1.1132,1.11322,0.75,6.37
2020.01.16 17:19:58.274,1.11321,1.11322,0.75,5.62
2020.01.16 17:19:58.554,1.1132,1.11322,0.75,2.06
2020.01.16 17:19:58.660,1.1132,1.11321,0.75,1.87
2020.01.16 17:19:58.776,1.11319,1.11321,1.87,1.87
2020.01.16 17:20:00.112,1.1132,1.11321,0.10,0.37
2020.01.16 17:20:00.404,1.1132,1.11322,0.75,1.50
2020.01.16 17:20:00.557,1.1132,1.11321,0.10,0.37
2020.01.16 17:20:00.989,1.1132,1.11322,0.10,1.12
2020.01.16 17:20:01.508,1.1132,1.11321,0.10,0.75
2020.01.16 17:20:01.995,1.1132,1.11322,0.10,1.12
2020.01.16 17:20:02.721,1.1132,1.11321,0.10,0.75
2020.01.16 17:20:02.824,1.1132,1.11322,0.10,1.12
2020.01.16 17:20:03.504,1.1132,1.11321,0.10,0.75
2020.01.16 17:20:03.669,1.1132,1.11322,0.82,1.87
2020.01.16 17:20:03.770,1.1132,1.11323,3.07,2.25
2020.01.16 17:20:04.825,1.11321,1.11323,0.75,1.50
2020.01.16 17:20:06.471,1.1132,1.11323,2.70,2.62
2020.01.16 17:20:08.663,1.11321,1.11323,0.75,1.87
2020.01.16 17:20:14.249,1.11321,1.11322,1.12,0.75
2020.01.16 17:20:14.351,1.11321,1.11323,1.12,2.25
2020.01.16 17:20:17.801,1.11321,1.11322,0.75,0.75
2020.01.16 17:20:18.232,1.11321,1.11323,0.75,2.25
2020.01.16 17:20:18.334,1.11321,1.11322,0.75,2.70
2020.01.16 17:20:18.536,1.1132,1.11321,1.50,0.75
2020.01.16 17:20:18.637,1.11321,1.11322,0.75,2.70
2020.01.16 17:20:19.527,1.1132,1.11321,1.50,0.75
2020.01.16 17:20:19.633,1.11321,1.11322,0.75,1.87
2020.01.16 17:20:19.735,1.11321,1.11323,1.50,2.62
2020.01.16 17:20:20.923,1.1132,1.11323,6.00,1.87
2020.01.16 17:20:22.244,1.11321,1.11323,0.75,3.37
2020.01.16 17:20:23.468,1.1132,1.11323,0.75,2.62
2020.01.16 17:20:29.350,1.1132,1.11322,1.12,0.75
2020.01.16 17:20:29.523,1.1132,1.11323,1.87,3.00
2020.01.16 17:20:30.626,1.11321,1.11323,0.75,3.75
2020.01.16 17:20:31.264,1.11319,1.11321,4.09,0.75
2020.01.16 17:20:31.366,1.11319,1.11322,1.39,3.37
2020.01.16 17:20:31.618,1.11319,1.11321,1.01,0.75
2020.01.16 17:20:31.834,1.1132,1.11321,0.10,1.50
2020.01.16 17:20:41.657,1.11319,1.1132,0.10,3.37
2020.01.16 17:20:41.708,1.11317,1.11319,0.82,1.50
2020.01.16 17:20:48.070,1.11317,1.11318,0.75,0.75
2020.01.16 17:20:51.646,1.11316,1.11319,0.75,3.94
2020.01.16 17:20:52.173,1.11316,1.11318,0.75,0.75
2020.01.16 17:20:52.287,1.11314,1.11315,0.75,6.07
2020.01.16 17:20:52.337,1.11312,1.11314,0.82,0.10
2020.01.16 17:20:52.945,1.11311,1.11314,4.57,1.12
2020.01.16 17:20:53.097,1.11312,1.11313,1.12,0.37
2020.01.16 17:20:54.072,1.11312,1.11314,0.75,1.12
2020.01.16 17:20:54.352,1.11311,1.11314,4.20,0.37
2020.01.16 17:20:54.783,1.11312,1.11314,0.75,1.12
2020.01.16 17:20:55.093,1.11311,1.11314,4.20,0.37
2020.01.16 17:20:57.194,1.11312,1.11314,0.82,1.50
2020.01.16 17:21:00.626,1.11312,1.11313,0.75,0.75
2020.01.16 17:21:03.643,1.11311,1.11313,2.62,1.12
2020.01.16 17:21:03.745,1.11309,1.1131,4.39,0.75
2020.01.16 17:21:03.847,1.11308,1.11309,1.50,0.75
2020.01.16 17:21:04.049,1.11308,1.11311,3.00,7.12
2020.01.16 17:21:04.151,1.11307,1.11308,0.75,0.75
2020.01.16 17:21:04.252,1.11306,1.11308,8.89,0.75
2020.01.16 17:21:04.354,1.11307,1.11309,2.70,1.50
2020.01.16 17:21:04.508,1.11306,1.11309,6.82,0.75
2020.01.16 17:21:04.609,1.11307,1.11309,0.75,1.12
2020.01.16 17:21:05.511,1.11306,1.11309,4.95,0.75
2020.01.16 17:21:05.630,1.11306,1.11308,4.95,0.75
2020.01.16 17:21:06.092,1.11307,1.11308,0.75,0.75
2020.01.16 17:21:06.462,1.11306,1.11308,5.70,0.75
2020.01.16 17:21:07.028,1.11307,1.11308,0.75,0.75
2020.01.16 17:21:09.670,1.11307,1.11309,1.12,1.50
2020.01.16 17:21:11.523,1.11308,1.11309,0.75,0.75
2020.01.16 17:21:11.954,1.11309,1.1131,0.37,1.87
2020.01.16 17:21:12.558,1.11309,1.11312,1.12,5.89
2020.01.16 17:21:16.328,1.11309,1.1131,0.37,0.94
2020.01.16 17:21:16.429,1.11308,1.1131,1.12,2.44
2020.01.16 17:21:17.542,1.11308,1.11309,1.12,0.19
2020.01.16 17:21:17.873,1.11308,1.1131,0.75,3.75
2020.01.16 17:21:19.135,1.11308,1.11309,0.75,0.75
2020.01.16 17:21:20.185,1.11308,1.1131,0.75,1.50
2020.01.16 17:21:21.903,1.1131,1.11311,1.50,0.75
2020.01.16 17:21:21.954,1.11311,1.11312,0.75,1.50
2020.01.16 17:21:22.055,1.11309,1.11311,2.32,0.75
2020.01.16 17:21:22.157,1.11307,1.1131,4.20,0.94
2020.01.16 17:21:23.768,1.11306,1.11309,4.01,0.75
2020.01.16 17:21:23.869,1.11306,1.1131,1.31,5.96
2020.01.16 17:21:24.465,1.11306,1.11309,2.81,0.75
2020.01.16 17:21:26.577,1.11308,1.11309,1.50,0.94
2020.01.16 17:21:26.698,1.11308,1.1131,2.62,0.75
2020.01.16 17:21:27.581,1.11308,1.11311,0.37,2.96
2020.01.16 17:21:27.726,1.11308,1.11309,0.37,0.19
2020.01.16 17:21:27.828,1.11307,1.11309,4.01,0.19
2020.01.16 17:21:30.112,1.11307,1.11311,3.26,3.34
2020.01.16 17:21:30.163,1.11309,1.11311,0.94,0.75
2020.01.16 17:21:30.265,1.11309,1.11312,5.81,0.75
2020.01.16 17:21:30.366,1.11311,1.11313,0.94,1.12
2020.01.16 17:21:32.984,1.11312,1.11313,1.50,0.75
2020.01.16 17:21:33.085,1.11314,1.11315,0.75,1.12
2020.01.16 17:21:34.172,1.11313,1.11315,1.87,1.50
2020.01.16 17:21:35.173,1.11313,1.11315,0.75,1.20
2020.01.16 17:21:37.940,1.11313,1.11315,1.12,0.82
2020.01.16 17:21:38.529,1.11314,1.11315,0.75,3.00
2020.01.16 17:21:40.341,1.11313,1.11315,1.87,0.75
2020.01.16 17:21:45.268,1.11314,1.11315,0.75,0.75
2020.01.16 17:21:45.444,1.11314,1.11316,2.81,3.00
2020.01.16 17:21:46.495,1.11315,1.11316,0.37,0.75
2020.01.16 17:21:47.455,1.11314,1.11316,2.81,0.75
2020.01.16 17:21:48.965,1.11313,1.11316,0.19,3.90
2020.01.16 17:21:49.069,1.11312,1.11315,5.62,2.32
2020.01.16 17:21:49.170,1.11313,1.11315,0.75,2.32
2020.01.16 17:21:49.272,1.11312,1.11315,4.12,2.32
2020.01.16 17:21:49.902,1.11313,1.11315,0.75,4.57
2020.01.16 17:21:50.056,1.11312,1.11315,3.37,2.89
2020.01.16 17:21:50.208,1.11312,1.11314,1.12,0.10
2020.01.16 17:21:50.309,1.11312,1.11313,0.75,0.37
2020.01.16 17:21:51.145,1.11312,1.11314,1.50,0.82
2020.01.16 17:21:51.247,1.11312,1.11315,0.75,6.64
2020.01.16 17:21:51.470,1.11312,1.11314,1.50,0.75
2020.01.16 17:21:54.034,1.11312,1.11315,1.50,7.20
2020.01.16 17:21:55.037,1.11312,1.11314,2.25,0.75
2020.01.16 17:21:57.369,1.11313,1.11314,1.50,1.31
2020.01.16 17:21:57.420,1.11313,1.11316,2.25,5.21
2020.01.16 17:21:57.522,1.11313,1.11315,1.12,1.12
2020.01.16 17:21:59.900,1.11313,1.11314,0.75,0.10
2020.01.16 17:22:02.697,1.11314,1.11315,2.25,3.37
2020.01.16 17:22:02.798,1.11315,1.11317,1.50,3.37
2020.01.16 17:22:03.130,1.11314,1.11317,4.69,2.62
2020.01.16 17:22:03.232,1.11315,1.11317,0.75,2.62
2020.01.16 17:22:03.333,1.11314,1.11317,5.06,2.25
2020.01.16 17:22:03.677,1.11315,1.11317,1.50,2.25
2020.01.16 17:22:06.101,1.11314,1.11317,6.37,2.25
2020.01.16 17:22:06.530,1.11315,1.11317,1.50,2.25
2020.01.16 17:22:07.191,1.11314,1.11317,6.56,0.37
2020.01.16 17:22:07.242,1.11316,1.11317,0.75,0.37
2020.01.16 17:22:08.340,1.11315,1.11317,1.50,0.75
2020.01.16 17:22:09.833,1.11316,1.11317,0.75,0.45
2020.01.16 17:22:10.323,1.11315,1.11317,1.50,0.45
2020.01.16 17:22:11.786,1.11315,1.11316,0.75,0.75
2020.01.16 17:22:11.895,1.11315,1.11317,0.75,1.20
2020.01.16 17:22:12.156,1.11314,1.11316,2.25,0.75
2020.01.16 17:22:13.785,1.11315,1.11317,2.25,1.12
2020.01.16 17:22:13.887,1.11316,1.11318,0.75,2.14
2020.01.16 17:22:13.988,1.11315,1.11318,3.94,1.39
2020.01.16 17:22:15.625,1.11316,1.11318,0.75,1.84
2020.01.16 17:22:16.385,1.11315,1.11318,5.06,1.01
2020.01.16 17:22:16.785,1.11316,1.11318,0.75,1.76
2020.01.16 17:22:17.184,1.11315,1.11318,5.06,1.39
2020.01.16 17:22:17.807,1.11316,1.11318,0.75,1.39
2020.01.16 17:22:18.717,1.11317,1.11318,0.75,2.51
2020.01.16 17:22:19.247,1.11316,1.11318,3.00,1.20
2020.01.16 17:22:19.349,1.11317,1.11318,0.75,0.75
2020.01.16 17:22:24.661,1.11317,1.11319,1.50,1.95
2020.01.16 17:22:31.068,1.11317,1.11318,0.75,0.45
2020.01.16 17:22:31.466,1.11317,1.11319,0.75,6.45
2020.01.16 17:22:31.849,1.11317,1.11318,0.75,1.50
2020.01.16 17:22:34.696,1.11317,1.11319,1.50,2.70
2020.01.16 17:22:35.466,1.11318,1.11319,0.75,0.37
2020.01.16 17:22:35.567,1.11319,1.1132,1.50,3.37
2020.01.16 17:22:35.669,1.11318,1.11321,6.00,2.44
2020.01.16 17:22:35.872,1.11317,1.1132,6.07,0.45
2020.01.16 17:22:36.695,1.11318,1.1132,0.75,3.45
2020.01.16 17:22:37.044,1.11317,1.11319,3.37,0.74
2020.01.16 17:22:37.145,1.11317,1.11319,1.87,0.74
2020.01.16 17:22:38.086,1.11317,1.1132,1.50,6.15
2020.01.16 17:22:43.340,1.11317,1.11319,1.87,0.74
2020.01.16 17:22:46.258,1.1132,1.11321,2.25,6.19
2020.01.16 17:22:46.360,1.1132,1.11321,2.25,0.19
2020.01.16 17:22:46.903,1.11318,1.11319,1.50,1.50
2020.01.16 17:22:47.004,1.11317,1.11319,5.81,1.50
2020.01.16 17:22:49.939,1.11318,1.11319,1.50,0.37
2020.01.16 17:22:50.040,1.11317,1.11319,4.69,0.37
2020.01.16 17:22:50.829,1.11319,1.1132,0.75,3.37
2020.01.16 17:22:50.930,1.11319,1.11321,0.75,2.06
2020.01.16 17:22:51.978,1.1132,1.11322,1.50,1.87
2020.01.16 17:22:52.080,1.11319,1.11322,4.12,2.51
2020.01.16 17:22:52.181,1.1132,1.11321,0.75,0.56
2020.01.16 17:22:57.634,1.11319,1.11321,1.87,1.31
2020.01.16 17:23:01.526,1.1132,1.11321,0.75,0.37
2020.01.16 17:23:02.963,1.11319,1.11321,1.50,1.76
2020.01.16 17:23:03.792,1.11319,1.11322,4.31,0.82
2020.01.16 17:23:03.893,1.11319,1.11321,1.87,0.10
2020.01.16 17:23:08.790,1.11319,1.11321,0.75,2.06
2020.01.16 17:23:12.131,1.11319,1.1132,0.75,0.82
2020.01.16 17:23:13.085,1.11319,1.11321,0.75,1.27
2020.01.16 17:23:15.747,1.11319,1.1132,0.75,0.37
2020.01.16 17:23:22.974,1.11319,1.11321,0.75,2.25
2020.01.16 17:23:23.122,1.11318,1.11321,2.81,1.50
2020.01.16 17:23:23.989,1.1132,1.11322,1.50,1.20
2020.01.16 17:23:24.091,1.11321,1.11322,2.44,0.37
2020.01.16 17:23:26.173,1.11321,1.11323,0.37,1.50
2020.01.16 17:23:27.078,1.1132,1.11323,3.64,1.12
2020.01.16 17:23:32.945,1.11321,1.11324,1.69,4.39
2020.01.16 17:23:34.418,1.11321,1.11323,2.51,0.75
2020.01.16 17:23:36.026,1.11321,1.11324,1.69,2.62
2020.01.16 17:23:39.064,1.11321,1.11323,1.69,0.75
2020.01.16 17:23:39.266,1.11321,1.11324,0.94,4.20
2020.01.16 17:23:39.549,1.11321,1.11323,1.69,0.75
2020.01.16 17:23:50.398,1.1132,1.11321,1.87,0.82
2020.01.16 17:23:50.976,1.1132,1.11323,2.25,6.71
2020.01.16 17:23:54.625,1.11321,1.11323,0.75,1.20
2020.01.16 17:23:54.955,1.11319,1.11323,3.56,3.64
2020.01.16 17:23:55.915,1.11319,1.11322,4.31,0.75
2020.01.16 17:23:58.417,1.11321,1.11322,0.10,0.37
2020.01.16 17:23:59.557,1.11321,1.11323,0.10,1.20
2020.01.16 17:24:08.858,1.11322,1.11323,0.75,1.57
2020.01.16 17:24:10.156,1.11322,1.11324,1.50,2.62
2020.01.16 17:24:10.621,1.11322,1.11323,1.87,0.37
2020.01.16 17:24:11.991,1.11322,1.11324,0.75,4.12
2020.01.16 17:24:19.571,1.11322,1.11323,0.75,0.37
2020.01.16 17:24:19.672,1.11322,1.11324,0.75,3.07
2020.01.16 17:24:22.243,1.11322,1.11323,0.82,0.75
2020.01.16 17:24:22.345,1.11322,1.11324,0.82,2.44
2020.01.16 17:24:22.497,1.11326,1.11327,0.82,3.75
2020.01.16 17:24:22.640,1.11327,1.11329,0.10,3.75
2020.01.16 17:24:22.742,1.11326,1.11329,0.82,2.51
2020.01.16 17:24:27.243,1.11327,1.11329,0.10,2.62
2020.01.16 17:24:35.034,1.11327,1.11328,0.10,0.75
2020.01.16 17:24:35.279,1.11325,1.11328,1.57,1.12
2020.01.16 17:24:35.330,1.11325,1.11326,0.82,0.75
2020.01.16 17:24:35.431,1.11323,1.11324,1.20,0.37
2020.01.16 17:24:35.482,1.11322,1.11324,1.39,0.37
2020.01.16 17:24:36.065,1.11324,1.11325,0.10,2.06
2020.01.16 17:24:36.219,1.11324,1.11326,0.10,4.12
2020.01.16 17:24:37.348,1.11323,1.11325,1.12,0.37
2020.01.16 17:24:37.450,1.11323,1.11324,0.75,0.37
2020.01.16 17:24:37.574,1.11322,1.11324,0.10,1.69
2020.01.16 17:24:40.778,1.11325,1.11327,0.10,11.89
2020.01.16 17:24:40.880,1.11326,1.11327,0.75,1.12
2020.01.16 17:24:41.083,1.11324,1.11326,3.90,0.75
2020.01.16 17:24:41.134,1.11323,1.11324,1.12,0.37
2020.01.16 17:24:41.236,1.11322,1.11325,3.37,0.19
2020.01.16 17:24:41.338,1.11323,1.11326,0.82,9.00
2020.01.16 17:24:41.439,1.11323,1.11324,0.75,0.37
2020.01.16 17:24:41.540,1.11322,1.11325,1.50,4.95
2020.01.16 17:24:41.642,1.11323,1.11325,0.10,1.95
2020.01.16 17:24:41.743,1.11322,1.11324,2.32,0.37
2020.01.16 17:24:45.095,1.11322,1.11323,0.45,0.37
2020.01.16 17:24:48.536,1.11321,1.11323,2.25,0.75
2020.01.16 17:24:49.724,1.1132,1.11323,1.95,1.20
2020.01.16 17:24:54.973,1.11319,1.1132,2.25,3.00
2020.01.16 17:24:55.024,1.11318,1.11319,1.76,0.75
2020.01.16 17:24:55.162,1.11317,1.11319,0.10,0.37
2020.01.16 17:24:55.213,1.11319,1.11321,0.10,0.45
2020.01.16 17:24:55.316,1.11318,1.1132,2.77,0.10
2020.01.16 17:24:55.417,1.11319,1.1132,0.19,0.10
2020.01.16 17:24:55.569,1.11319,1.11321,0.10,1.50
2020.01.16 17:24:55.671,1.1132,1.11321,0.10,0.75
2020.01.16 17:24:56.543,1.1132,1.11322,0.10,7.01
2020.01.16 17:24:56.713,1.1132,1.11321,0.10,0.75
2020.01.16 17:24:59.535,1.1132,1.11323,2.51,6.82
2020.01.16 17:25:01.062,1.11321,1.11323,0.75,1.87
2020.01.16 17:25:04.935,1.11322,1.11324,0.75,2.62
2020.01.16 17:25:05.901,1.11323,1.11324,1.76,1.50
2020.01.16 17:25:05.952,1.11324,1.11326,0.85,6.56
2020.01.16 17:25:06.003,1.11326,1.11328,0.82,7.12
2020.01.16 17:25:06.105,1.11327,1.11328,0.75,1.87
2020.01.16 17:25:06.424,1.11326,1.11328,1.57,1.12
2020.01.16 17:25:11.749,1.11325,1.11327,0.82,1.87
2020.01.16 17:25:12.505,1.11324,1.11326,1.01,1.95
2020.01.16 17:25:12.658,1.11324,1.11325,0.10,0.75
2020.01.16 17:25:12.810,1.11324,1.11326,0.10,5.89
2020.01.16 17:25:13.725,1.11324,1.11325,0.10,0.37
2020.01.16 17:25:15.144,1.11323,1.11325,0.19,1.12
2020.01.16 17:25:17.107,1.11322,1.11325,2.14,1.12
2020.01.16 17:25:21.664,1.11323,1.11325,0.75,2.62
2020.01.16 17:25:31.840,1.11325,1.11327,2.35,5.81
2020.01.16 17:25:32.200,1.11326,1.11327,0.10,0.37
2020.01.16 17:25:33.150,1.11326,1.11328,0.26,0.75
2020.01.16 17:25:37.753,1.11325,1.11327,0.85,4.12
2020.01.16 17:25:38.858,1.11326,1.11327,0.10,0.75
2020.01.16 17:25:40.315,1.11325,1.11327,3.90,0.75
2020.01.16 17:25:40.474,1.11325,1.11326,0.82,0.75
2020.01.16 17:25:40.585,1.11325,1.11327,0.82,1.50
2020.01.16 17:25:42.078,1.11327,1.11328,0.10,1.31
2020.01.16 17:25:43.454,1.11326,1.11328,0.26,0.19
2020.01.16 17:25:47.845,1.11326,1.11329,0.26,2.62
2020.01.16 17:25:51.625,1.11326,1.11328,1.01,0.75
2020.01.16 17:25:54.626,1.11326,1.11329,1.76,2.62
2020.01.16 17:25:54.824,1.11327,1.11329,0.10,2.62
2020.01.16 17:26:03.875,1.11327,1.11329,0.82,1.87
2020.01.16 17:26:10.104,1.11327,1.11328,0.10,0.75
2020.01.16 17:26:11.827,1.11327,1.11329,0.10,2.62
2020.01.16 17:26:11.982,1.11329,1.11331,1.57,7.39
2020.01.16 17:26:12.033,1.1133,1.11332,0.75,8.62
2020.01.16 17:26:12.135,1.11329,1.11331,3.07,1.87
2020.01.16 17:26:12.726,1.11328,1.1133,2.89,0.75
2020.01.16 17:26:15.617,1.11327,1.11329,4.01,0.75
2020.01.16 17:26:18.832,1.11327,1.11328,0.45,0.37
2020.01.16 17:26:18.933,1.11328,1.11329,0.75,2.06
2020.01.16 17:26:20.082,1.11328,1.1133,0.75,6.37
2020.01.16 17:26:22.735,1.11328,1.11329,0.75,1.31
2020.01.16 17:26:22.987,1.11328,1.1133,0.75,8.25
2020.01.16 17:26:27.056,1.11328,1.11329,0.75,1.31
2020.01.16 17:26:27.550,1.11328,1.1133,0.75,7.12
2020.01.16 17:26:35.299,1.11329,1.1133,0.10,3.00
2020.01.16 17:26:42.094,1.1133,1.11331,2.32,7.50
2020.01.16 17:26:42.297,1.1133,1.11332,0.82,0.75
2020.01.16 17:26:46.055,1.1133,1.11331,0.82,0.75
2020.01.16 17:26:47.782,1.1133,1.11332,0.10,2.70
2020.01.16 17:26:52.444,1.11329,1.11331,0.19,1.50
2020.01.16 17:26:52.578,1.11328,1.11331,1.50,5.32
2020.01.16 17:26:52.882,1.11329,1.11331,2.32,3.19
2020.01.16 17:26:53.086,1.1133,1.11331,0.94,2.62
2020.01.16 17:26:58.491,1.11329,1.11331,2.32,0.75
2020.01.16 17:27:00.999,1.11329,1.11332,3.82,7.87
2020.01.16 17:27:01.228,1.11329,1.11331,3.07,0.94
2020.01.16 17:27:01.780,1.1133,1.11331,0.75,0.19
2020.01.16 17:27:03.639,1.1133,1.11332,0.75,5.06
2020.01.16 17:27:03.742,1.11331,1.11333,0.82,2.62
2020.01.16 17:27:10.753,1.11331,1.11332,1.50,0.75
2020.01.16 17:27:11.294,1.11331,1.11333,1.50,5.62
2020.01.16 17:27:12.441,1.11331,1.11332,2.25,0.75
2020.01.16 17:27:12.543,1.11331,1.11333,2.25,3.37
2020.01.16 17:27:12.847,1.1133,1.11332,1.50,1.50
2020.01.16 17:27:12.948,1.11331,1.11333,1.50,2.62
2020.01.16 17:27:13.342,1.11331,1.11332,1.50,0.75
2020.01.16 17:27:13.557,1.11331,1.11333,1.50,1.87
2020.01.16 17:27:15.025,1.11331,1.11332,1.50,0.37
2020.01.16 17:27:16.015,1.11331,1.11333,1.50,1.87
2020.01.16 17:27:23.652,1.11331,1.11334,0.94,4.57
2020.01.16 17:27:25.329,1.11331,1.11333,0.94,1.50
2020.01.16 17:27:26.775,1.11331,1.11334,0.94,4.57
2020.01.16 17:27:35.094,1.11331,1.11333,1.50,1.50
2020.01.16 17:27:43.287,1.11331,1.11334,0.75,3.19
2020.01.16 17:27:43.451,1.11331,1.11333,1.50,0.75
2020.01.16 17:27:46.707,1.11331,1.11334,3.07,3.37
2020.01.16 17:27:51.344,1.11331,1.11333,4.12,0.75
2020.01.16 17:27:52.703,1.11331,1.11334,2.25,2.06
2020.01.16 17:27:52.832,1.11331,1.11333,3.00,0.75
2020.01.16 17:27:53.176,1.11331,1.11334,2.25,2.06
2020.01.16 17:28:00.035,1.11331,1.11333,2.25,1.50
2020.01.16 17:28:20.013,1.11332,1.11333,0.75,2.25
2020.01.16 17:28:34.610,1.11332,1.11334,0.75,2.62
2020.01.16 17:28:40.055,1.11335,1.11336,2.32,4.95
2020.01.16 17:28:40.106,1.11335,1.11337,5.14,0.45
2020.01.16 17:28:40.156,1.11337,1.11339,0.75,5.62
2020.01.16 17:28:43.410,1.11338,1.11339,0.75,1.31
2020.01.16 17:28:44.085,1.11337,1.11339,3.07,0.94
2020.01.16 17:28:44.187,1.11337,1.1134,1.50,3.64
2020.01.16 17:28:44.568,1.11338,1.1134,0.37,3.00
2020.01.16 17:28:44.669,1.11338,1.11339,1.12,1.12
2020.01.16 17:28:44.872,1.11337,1.11339,1.87,0.37
2020.01.16 17:28:45.973,1.11338,1.11339,0.75,0.37
2020.01.16 17:28:46.348,1.11339,1.1134,1.50,1.50
2020.01.16 17:28:46.399,1.11337,1.1134,3.45,4.42
2020.01.16 17:28:46.501,1.11337,1.11339,0.75,4.16
2020.01.16 17:28:46.805,1.11338,1.11339,0.75,1.12
2020.01.16 17:28:47.783,1.11338,1.1134,0.75,1.87
2020.01.16 17:28:51.766,1.11338,1.11339,0.75,1.20
2020.01.16 17:28:55.193,1.11337,1.11339,0.75,1.95
2020.01.16 17:29:00.285,1.11338,1.1134,0.75,2.62
2020.01.16 17:29:00.539,1.11338,1.11339,0.75,0.19
2020.01.16 17:29:00.741,1.11338,1.1134,0.75,3.90
2020.01.16 17:29:00.937,1.11338,1.11339,0.75,0.75
2020.01.16 17:29:01.151,1.11338,1.1134,0.75,3.90
2020.01.16 17:29:01.500,1.11338,1.11339,0.87,0.75
2020.01.16 17:29:04.574,1.11338,1.1134,0.79,1.87
2020.01.16 17:29:05.601,1.11338,1.11339,0.79,1.50
2020.01.16 17:29:11.256,1.11338,1.1134,0.75,5.77
2020.01.16 17:29:11.358,1.11338,1.11339,0.75,1.50
2020.01.16 17:29:15.306,1.11337,1.11339,2.25,1.95
2020.01.16 17:29:15.735,1.11338,1.11339,0.75,1.87
2020.01.16 17:29:23.980,1.11337,1.11338,2.25,0.37
2020.01.16 17:29:25.105,1.11338,1.11339,0.75,1.87
2020.01.16 17:29:25.307,1.11337,1.11339,2.44,1.50
2020.01.16 17:29:26.208,1.11338,1.11339,0.94,1.87
2020.01.16 17:29:31.148,1.11337,1.11339,3.19,1.87
2020.01.16 17:29:31.249,1.11338,1.11339,1.69,1.12
2020.01.16 17:29:47.975,1.11337,1.11339,2.25,1.50
2020.01.16 17:29:50.699,1.11338,1.1134,0.75,3.45
2020.01.16 17:29:50.961,1.11338,1.11339,0.75,0.75
2020.01.16 17:29:51.828,1.11338,1.1134,1.50,1.20
2020.01.16 17:29:52.910,1.11339,1.1134,0.75,3.26
2020.01.16 17:29:53.011,1.11339,1.11341,0.75,4.95
2020.01.16 17:29:53.156,1.1134,1.11342,0.75,2.89
2020.01.16 17:29:53.310,1.11341,1.11342,0.75,0.45
2020.01.16 17:29:53.361,1.11342,1.11343,0.75,0.37
2020.01.16 17:29:53.464,1.11341,1.11342,0.75,0.75
2020.01.16 17:29:53.566,1.1134,1.11342,3.37,2.06
2020.01.16 17:29:54.164,1.11341,1.11342,0.75,1.31
2020.01.16 17:29:57.335,1.11342,1.11344,2.25,1.12
2020.01.16 17:30:00.238,1.11343,1.11346,1.50,2.70
2020.01.16 17:30:00.339,1.11343,1.11345,1.50,0.37
2020.01.16 17:30:01.528,1.11344,1.11345,0.75,0.37
2020.01.16 17:30:02.798,1.11343,1.11344,2.25,0.75
2020.01.16 17:30:03.786,1.11344,1.11345,0.75,0.64
2020.01.16 17:30:04.371,1.11343,1.11345,1.50,0.64
2020.01.16 17:30:04.943,1.11343,1.11344,0.75,0.37
2020.01.16 17:30:17.990,1.11343,1.11345,0.75,0.37
2020.01.16 17:30:19.038,1.11343,1.11344,0.75,0.10
2020.01.16 17:30:20.154,1.11343,1.11345,2.44,0.75
2020.01.16 17:30:20.205,1.11345,1.11346,0.75,0.75
2020.01.16 17:30:20.256,1.11343,1.11345,4.12,0.75
2020.01.16 17:30:20.734,1.11344,1.11345,0.75,0.19
2020.01.16 17:30:20.939,1.11343,1.11345,2.44,0.56
2020.01.16 17:30:22.064,1.11344,1.11345,0.75,3.64
2020.01.16 17:30:23.845,1.11343,1.11345,0.94,2.51
2020.01.16 17:30:23.947,1.11343,1.11344,0.75,1.50
2020.01.16 17:30:26.127,1.11343,1.11345,1.50,3.82
2020.01.16 17:30:28.826,1.11343,1.11344,1.50,0.37
2020.01.16 17:30:30.176,1.11343,1.11346,3.26,4.31
2020.01.16 17:30:30.278,1.11343,1.11345,1.50,1.12
2020.01.16 17:30:31.945,1.11343,1.11344,1.50,0.75
2020.01.16 17:30:32.703,1.11343,1.11345,1.50,4.87
2020.01.16 17:30:32.837,1.11343,1.11344,1.50,0.75
2020.01.16 17:30:35.089,1.11343,1.11345,1.50,1.12
2020.01.16 17:30:35.191,1.11344,1.11345,0.10,2.62
2020.01.16 17:30:38.434,1.11343,1.11345,1.50,1.12
2020.01.16 17:30:38.734,1.11343,1.11344,1.50,0.37
2020.01.16 17:30:40.005,1.11342,1.11343,0.75,0.75
2020.01.16 17:30:43.380,1.11341,1.11343,2.25,1.50
2020.01.16 17:30:51.625,1.11342,1.11343,0.75,0.75
2020.01.16 17:30:51.868,1.11343,1.11344,0.75,1.87
2020.01.16 17:30:53.029,1.11343,1.11345,0.75,1.12
2020.01.16 17:30:53.130,1.11343,1.11346,2.06,5.06
2020.01.16 17:30:53.243,1.11343,1.11345,0.86,0.37
2020.01.16 17:30:56.100,1.11344,1.11346,3.75,1.57
2020.01.16 17:31:03.179,1.11345,1.11346,0.75,0.37
2020.01.16 17:31:03.231,1.11346,1.11348,1.50,1.57
2020.01.16 17:31:03.383,1.11346,1.11347,2.25,0.75
2020.01.16 17:31:03.486,1.11346,1.11348,1.50,1.12
2020.01.16 17:31:03.726,1.11346,1.11349,1.50,1.01
2020.01.16 17:31:04.320,1.11347,1.11349,0.75,0.56
2020.01.16 17:31:04.754,1.11347,1.11348,0.75,0.37
2020.01.16 17:31:06.439,1.11347,1.11349,0.75,0.37
2020.01.16 17:31:13.624,1.11348,1.11349,0.75,0.37
2020.01.16 17:31:13.742,1.11347,1.11349,3.37,0.37
2020.01.16 17:31:17.425,1.11347,1.11349,2.62,0.74
2020.01.16 17:31:17.855,1.11348,1.11349,0.75,0.75
2020.01.16 17:31:23.037,1.11348,1.11349,0.75,0.37
2020.01.16 17:31:25.424,1.11347,1.11349,3.75,0.37
2020.01.16 17:31:39.829,1.11347,1.1135,4.50,5.44
2020.01.16 17:31:41.150,1.11347,1.11349,3.00,0.37
2020.01.16 17:31:58.636,1.11347,1.11348,1.50,0.75
2020.01.16 17:31:58.838,1.11345,1.11346,1.69,7.12
2020.01.16 17:31:58.889,1.11338,1.11339,6.75,0.75
2020.01.16 17:31:59.039,1.1134,1.11341,0.82,2.81
2020.01.16 17:31:59.141,1.1134,1.11342,1.76,4.87
2020.01.16 17:31:59.545,1.1134,1.11343,7.57,1.87
2020.01.16 17:31:59.647,1.11341,1.11343,0.19,0.37
2020.01.16 17:32:00.469,1.1134,1.11343,7.57,0.37
2020.01.16 17:32:00.571,1.1134,1.11344,6.82,4.50
2020.01.16 17:32:00.997,1.11341,1.11344,0.75,4.50
2020.01.16 17:32:02.448,1.11341,1.11343,2.62,0.75
2020.01.16 17:32:03.474,1.11341,1.11344,4.20,1.12
2020.01.16 17:32:03.679,1.11342,1.11344,0.75,1.12
2020.01.16 17:32:10.049,1.11341,1.11344,2.25,2.25
2020.01.16 17:32:11.109,1.11341,1.11343,4.95,0.75
2020.01.16 17:32:11.318,1.11342,1.11343,0.19,0.75
2020.01.16 17:32:11.447,1.11342,1.11344,0.19,0.75
2020.01.16 17:32:12.448,1.11342,1.11345,0.19,4.87
2020.01.16 17:32:12.880,1.11342,1.11344,0.75,0.37
2020.01.16 17:32:12.982,1.11341,1.11344,5.25,0.37
2020.01.16 17:32:13.773,1.11342,1.11344,0.75,1.50
2020.01.16 17:32:14.085,1.11341,1.11344,7.50,1.12
2020.01.16 17:32:14.543,1.11342,1.11344,0.75,1.12
2020.01.16 17:32:15.223,1.11341,1.11344,7.50,1.12
2020.01.16 17:32:15.482,1.11342,1.11344,0.75,1.12
2020.01.16 17:32:15.604,1.11341,1.11344,7.50,1.12
2020.01.16 17:32:16.137,1.11342,1.11344,0.94,0.75
2020.01.16 17:32:16.239,1.11343,1.11345,0.94,0.37
2020.01.16 17:32:16.340,1.11343,1.11346,1.31,5.06
2020.01.16 17:32:16.442,1.11343,1.11345,0.75,2.44
2020.01.16 17:32:16.928,1.11343,1.11346,0.75,3.75
2020.01.16 17:32:17.030,1.11342,1.11346,2.06,4.50
2020.01.16 17:32:17.445,1.11342,1.11344,4.12,0.75
2020.01.16 17:32:18.023,1.11342,1.11346,4.12,10.46
2020.01.16 17:32:18.730,1.11342,1.11345,1.31,1.57
2020.01.16 17:32:18.831,1.11342,1.11344,1.87,1.12
2020.01.16 17:32:20.184,1.11343,1.11345,0.19,5.51
2020.01.16 17:32:20.742,1.11342,1.11345,2.25,1.50
2020.01.16 17:32:21.244,1.11342,1.11346,4.50,6.82
2020.01.16 17:32:21.626,1.11342,1.11345,3.00,0.75
2020.01.16 17:32:22.772,1.11342,1.11344,2.81,0.37
2020.01.16 17:32:23.762,1.11342,1.11345,1.31,1.12
2020.01.16 17:32:25.084,1.11342,1.11344,2.06,0.37
2020.01.16 17:32:25.135,1.11344,1.11346,0.10,3.94
2020.01.16 17:32:25.237,1.11345,1.11347,0.75,8.89
2020.01.16 17:32:25.338,1.11342,1.11344,7.12,0.37
2020.01.16 17:32:25.439,1.11343,1.11346,0.75,8.81
2020.01.16 17:32:25.541,1.11342,1.11346,4.31,6.00
2020.01.16 17:32:25.642,1.11343,1.11345,0.75,0.75
2020.01.16 17:32:25.746,1.11343,1.11346,0.75,6.00
2020.01.16 17:32:26.054,1.11343,1.11345,0.75,0.45
2020.01.16 17:32:26.157,1.11343,1.11346,2.06,2.25
2020.01.16 17:32:27.516,1.11343,1.11345,1.50,0.37
2020.01.16 17:32:29.974,1.11345,1.11346,1.50,0.94
2020.01.16 17:32:30.076,1.11345,1.11347,1.12,2.25
2020.01.16 17:32:32.275,1.11343,1.11346,2.62,1.95
2020.01.16 17:32:32.376,1.11343,1.11345,1.87,0.13
2020.01.16 17:32:34.525,1.11343,1.11346,1.87,3.45
2020.01.16 17:32:35.406,1.11343,1.11345,1.20,0.10
2020.01.16 17:32:38.091,1.11342,1.11344,3.19,0.37
2020.01.16 17:32:42.476,1.11342,1.11345,1.69,1.39
2020.01.16 17:32:44.886,1.11342,1.11344,2.32,0.37
2020.01.16 17:32:46.507,1.11342,1.11345,1.95,0.37
2020.01.16 17:32:51.087,1.11342,1.11344,2.25,0.37
2020.01.16 17:32:57.692,1.11342,1.11345,1.50,0.45
2020.01.16 17:32:57.793,1.11342,1.11346,2.62,11.96
2020.01.16 17:32:58.533,1.11342,1.11345,1.50,0.37
2020.01.16 17:33:00.630,1.11343,1.11344,0.75,0.10
2020.01.16 17:33:03.382,1.11343,1.11345,0.75,1.95
2020.01.16 17:33:03.941,1.11343,1.11344,0.75,1.50
2020.01.16 17:33:06.626,1.11342,1.11344,2.25,1.57
2020.01.16 17:33:07.953,1.11343,1.11344,0.75,1.57
2020.01.16 17:33:11.514,1.11343,1.11345,0.75,1.20
2020.01.16 17:33:11.876,1.11343,1.11344,0.75,0.10
2020.01.16 17:33:27.900,1.11342,1.11344,0.75,0.10
2020.01.16 17:33:30.618,1.11342,1.11345,0.75,4.09
2020.01.16 17:33:33.626,1.11342,1.11344,1.50,0.75
2020.01.16 17:33:37.774,1.11342,1.11345,0.91,2.14
2020.01.16 17:33:38.554,1.11343,1.11345,0.14,3.64
2020.01.16 17:33:38.724,1.11342,1.11345,1.57,2.06
2020.01.16 17:33:47.724,1.11343,1.11344,0.37,0.37
2020.01.16 17:33:48.782,1.11342,1.11345,1.12,2.81
2020.01.16 17:33:51.258,1.11343,1.11345,0.18,3.56
2020.01.16 17:33:55.956,1.11341,1.11345,5.62,3.82
2020.01.16 17:33:56.057,1.11342,1.11345,2.25,6.07
2020.01.16 17:33:57.674,1.11342,1.11344,0.75,0.37
2020.01.16 17:33:57.861,1.11341,1.11344,6.19,0.94
2020.01.16 17:33:58.266,1.11342,1.11344,0.75,0.94
2020.01.16 17:33:58.367,1.11341,1.11344,6.19,0.94
2020.01.16 17:33:58.572,1.11342,1.11344,1.50,0.94
2020.01.16 17:33:58.687,1.11341,1.11344,6.94,0.94
2020.01.16 17:34:01.594,1.11342,1.11344,1.50,0.56
2020.01.16 17:34:02.284,1.11342,1.11345,0.75,7.57
2020.01.16 17:34:02.335,1.11341,1.11342,1.12,3.82
2020.01.16 17:34:02.386,1.11339,1.1134,1.95,0.10
2020.01.16 17:34:02.487,1.11338,1.11339,1.31,1.12
2020.01.16 17:34:02.589,1.11336,1.11339,2.89,2.70
2020.01.16 17:34:02.849,1.11335,1.11338,1.69,2.25
2020.01.16 17:34:02.950,1.11335,1.11337,3.94,0.75
2020.01.16 17:34:03.052,1.11335,1.11338,3.19,2.25
2020.01.16 17:34:05.059,1.11335,1.11337,3.19,0.75
2020.01.16 17:34:05.561,1.11337,1.11338,1.69,1.50
2020.01.16 17:34:05.663,1.11338,1.1134,1.87,0.75
2020.01.16 17:34:07.546,1.11339,1.1134,0.75,0.75
2020.01.16 17:34:08.688,1.11338,1.1134,0.75,1.50
2020.01.16 17:34:11.320,1.11338,1.11339,1.12,0.37
2020.01.16 17:34:14.296,1.11337,1.1134,2.81,0.75
2020.01.16 17:34:15.294,1.11338,1.11339,0.37,0.37
2020.01.16 17:34:17.547,1.11339,1.1134,0.75,1.50
2020.01.16 17:34:18.215,1.11338,1.11339,0.37,0.37
2020.01.16 17:34:18.267,1.1134,1.11341,2.32,0.75
2020.01.16 17:34:18.368,1.1134,1.11342,1.01,0.75
2020.01.16 17:34:18.470,1.1134,1.11343,2.51,0.45
2020.01.16 17:34:18.836,1.11341,1.11343,0.56,0.82
2020.01.16 17:34:24.481,1.1134,1.11343,7.09,0.82
2020.01.16 17:34:32.036,1.1134,1.11344,2.06,7.09
2020.01.16 17:34:33.626,1.11341,1.11344,0.75,6.34
2020.01.16 17:34:38.694,1.1134,1.11342,1.12,1.50
2020.01.16 17:34:38.768,1.11338,1.1134,4.95,1.50
2020.01.16 17:34:38.819,1.11337,1.11339,0.75,1.50
2020.01.16 17:34:40.405,1.11336,1.11339,7.31,2.62
2020.01.16 17:34:41.212,1.11337,1.11339,0.75,0.75
2020.01.16 17:34:41.683,1.11337,1.1134,0.94,1.50
2020.01.16 17:34:41.785,1.11338,1.1134,1.50,1.87
2020.01.16 17:34:41.917,1.11337,1.1134,2.51,0.37
2020.01.16 17:34:43.014,1.11338,1.1134,0.75,0.37
2020.01.16 17:34:43.230,1.11337,1.1134,2.51,0.37
2020.01.16 17:34:44.210,1.11337,1.1134,5.06,1.12
2020.01.16 17:34:49.218,1.11337,1.1134,2.81,2.62
2020.01.16 17:34:51.741,1.11338,1.1134,0.75,2.62
2020.01.16 17:34:52.524,1.11337,1.1134,2.81,2.62
2020.01.16 17:34:55.630,1.11337,1.1134,5.81,0.37
2020.01.16 17:34:59.266,1.11337,1.1134,2.81,1.12
2020.01.16 17:35:05.344,1.11338,1.1134,0.75,5.70
2020.01.16 17:35:05.721,1.11337,1.1134,0.94,3.45
2020.01.16 17:35:06.887,1.11338,1.1134,0.75,2.62
2020.01.16 17:35:09.401,1.11339,1.1134,0.19,0.37
2020.01.16 17:35:09.508,1.11339,1.11341,1.69,2.44
2020.01.16 17:35:09.610,1.1134,1.11341,0.75,2.44
2020.01.16 17:35:14.354,1.1134,1.11342,9.26,0.75
2020.01.16 17:35:14.456,1.11341,1.11343,1.39,0.75
2020.01.16 17:35:15.749,1.11342,1.11344,2.44,4.57
2020.01.16 17:35:15.851,1.11343,1.11345,2.44,1.69
2020.01.16 17:35:15.953,1.11344,1.11346,0.75,5.62
2020.01.16 17:35:16.055,1.11343,1.11346,0.56,4.87
2020.01.16 17:35:16.156,1.11343,1.11345,0.56,2.25
2020.01.16 17:35:16.308,1.11343,1.11346,0.56,6.82
2020.01.16 17:35:20.026,1.11343,1.11345,0.94,0.75
2020.01.16 17:35:20.128,1.11343,1.11346,2.62,4.31
2020.01.16 17:35:20.230,1.11344,1.11346,0.37,2.62
2020.01.16 17:35:20.332,1.11343,1.11345,4.87,0.75
2020.01.16 17:35:20.383,1.11345,1.11346,0.94,1.95
2020.01.16 17:35:20.485,1.11344,1.11346,0.82,0.75
2020.01.16 17:35:20.596,1.11344,1.11347,4.20,4.69
2020.01.16 17:35:20.980,1.11345,1.11346,0.75,0.75
2020.01.16 17:35:21.082,1.11345,1.11348,3.00,1.87
2020.01.16 17:35:22.491,1.11346,1.11348,0.75,1.87
2020.01.16 17:35:25.401,1.11345,1.11348,4.87,2.62
2020.01.16 17:35:25.607,1.11346,1.11348,0.75,2.81
2020.01.16 17:35:25.783,1.11345,1.11348,3.19,1.87
2020.01.16 17:35:25.885,1.11346,1.11348,0.75,1.87
2020.01.16 17:35:26.973,1.11345,1.11346,0.75,1.50
2020.01.16 17:35:27.074,1.11344,1.11346,2.44,0.75
2020.01.16 17:35:27.191,1.11345,1.11347,1.50,1.87
2020.01.16 17:35:30.042,1.11344,1.11347,3.19,1.87
2020.01.16 17:35:31.074,1.11345,1.11347,0.37,1.87
2020.01.16 17:35:32.354,1.11346,1.11347,0.56,2.62
2020.01.16 17:35:33.071,1.11345,1.11347,5.32,1.12
2020.01.16 17:35:33.565,1.11345,1.11348,5.32,2.25
2020.01.16 17:35:33.667,1.11346,1.11348,1.50,1.50
2020.01.16 17:35:33.904,1.11345,1.11348,8.40,0.75
2020.01.16 17:35:34.303,1.11346,1.11348,0.75,1.50
2020.01.16 17:35:35.452,1.11345,1.11349,7.65,2.62
2020.01.16 17:35:36.164,1.11346,1.11349,0.75,2.62
2020.01.16 17:35:36.601,1.11347,1.11349,0.10,2.25
2020.01.16 17:35:36.775,1.11347,1.11348,0.10,0.75
2020.01.16 17:35:38.202,1.11347,1.11349,1.57,2.62
2020.01.16 17:35:45.249,1.11348,1.11349,1.57,0.75
2020.01.16 17:35:45.351,1.11348,1.1135,0.75,2.25
2020.01.16 17:35:46.400,1.11348,1.11349,0.75,0.37
2020.01.16 17:35:57.329,1.11349,1.11351,1.76,2.24
2020.01.16 17:35:57.430,1.11349,1.11351,2.06,3.19
2020.01.16 17:35:57.544,1.11348,1.11349,0.75,0.75
2020.01.16 17:35:57.645,1.11347,1.11349,3.19,0.75
2020.01.16 17:35:58.962,1.11348,1.11349,0.75,0.75
2020.01.16 17:36:00.025,1.11347,1.11349,3.00,0.75
2020.01.16 17:36:03.952,1.11348,1.11349,0.75,0.75
2020.01.16 17:36:06.269,1.11347,1.11348,1.50,0.37
2020.01.16 17:36:06.319,1.11346,1.11348,1.87,0.37
2020.01.16 17:36:09.128,1.11344,1.11345,2.89,1.87
2020.01.16 17:36:09.180,1.11343,1.11345,0.75,4.12
2020.01.16 17:36:09.282,1.11341,1.11343,0.75,1.50
2020.01.16 17:36:09.384,1.11339,1.11341,2.25,4.31
2020.01.16 17:36:09.486,1.11337,1.1134,3.37,3.56
2020.01.16 17:36:09.589,1.11338,1.1134,3.00,0.75
2020.01.16 17:36:09.742,1.11339,1.11341,0.75,0.37
2020.01.16 17:36:09.996,1.11339,1.11342,0.75,2.62
2020.01.16 17:36:10.198,1.1134,1.11342,0.82,1.50
2020.01.16 17:36:14.841,1.11341,1.11342,0.75,0.37
2020.01.16 17:36:14.943,1.11341,1.11344,3.00,1.87
2020.01.16 17:36:15.473,1.11342,1.11344,2.70,0.75
2020.01.16 17:36:18.663,1.11342,1.11345,0.82,2.62
2020.01.16 17:36:19.580,1.11341,1.11345,3.07,3.71
2020.01.16 17:36:19.631,1.11341,1.11343,4.20,0.75
2020.01.16 17:36:20.084,1.11341,1.11342,0.37,0.37
2020.01.16 17:36:21.206,1.11341,1.11343,1.50,1.50
2020.01.16 17:36:21.513,1.11342,1.11344,1.12,0.37
2020.01.16 17:36:22.660,1.11341,1.11344,2.44,0.37
2020.01.16 17:36:22.931,1.1134,1.11342,1.95,2.25
2020.01.16 17:36:23.323,1.1134,1.11341,1.50,1.50
2020.01.16 17:36:24.243,1.1134,1.11342,1.50,3.56
2020.01.16 17:36:25.428,1.1134,1.11341,1.50,0.75
2020.01.16 17:36:25.534,1.1134,1.11342,1.50,4.87
2020.01.16 17:36:25.700,1.11339,1.11342,0.10,5.62
2020.01.16 17:36:26.417,1.11338,1.11341,2.14,0.75
2020.01.16 17:36:26.748,1.11338,1.11342,2.89,8.70
2020.01.16 17:36:27.709,1.11338,1.11341,2.89,1.31
2020.01.16 17:36:29.108,1.11338,1.1134,4.12,0.75
2020.01.16 17:36:29.260,1.11338,1.11339,0.75,0.75
2020.01.16 17:36:30.971,1.11336,1.11338,1.12,1.12
2020.01.16 17:36:31.073,1.11335,1.11337,0.19,0.75
2020.01.16 17:36:31.335,1.11335,1.11338,0.19,4.12
2020.01.16 17:36:32.226,1.11335,1.11337,0.19,0.75
2020.01.16 17:36:32.327,1.11335,1.11338,0.19,4.20
2020.01.16 17:36:32.494,1.11335,1.11337,0.19,0.75
2020.01.16 17:36:32.714,1.11335,1.11338,1.76,2.62
2020.01.16 17:36:36.677,1.11335,1.11337,2.44,0.75
2020.01.16 17:36:36.829,1.11335,1.11338,0.94,2.62
2020.01.16 17:36:36.934,1.11336,1.11338,1.50,4.87
2020.01.16 17:36:37.729,1.11337,1.11338,0.75,0.37
2020.01.16 17:36:37.831,1.11337,1.11339,0.75,3.37
2020.01.16 17:36:42.301,1.11337,1.11338,0.75,0.37
2020.01.16 17:36:48.173,1.11337,1.11339,0.94,0.94
2020.01.16 17:37:08.112,1.11338,1.11339,0.75,2.06
2020.01.16 17:37:08.531,1.11337,1.11339,1.76,0.94
2020.01.16 17:37:12.405,1.11338,1.11341,3.07,5.44
2020.01.16 17:37:12.456,1.1134,1.11341,0.19,3.94
2020.01.16 17:37:12.557,1.1134,1.11342,1.87,0.37
2020.01.16 17:37:12.776,1.11341,1.11342,0.75,0.37
2020.01.16 17:37:12.907,1.1134,1.11342,1.87,0.37
2020.01.16 17:37:15.904,1.1134,1.11343,3.57,2.14
2020.01.16 17:37:17.168,1.11341,1.11343,0.75,1.87
2020.01.16 17:37:17.270,1.11341,1.11344,6.76,1.69
2020.01.16 17:37:17.372,1.11342,1.11344,1.50,3.19
2020.01.16 17:37:17.474,1.11342,1.11343,1.50,0.56
2020.01.16 17:37:18.005,1.11342,1.11344,0.75,1.87
2020.01.16 17:37:25.215,1.11341,1.11344,5.06,1.50
2020.01.16 17:37:27.248,1.11342,1.11344,1.50,1.50
2020.01.16 17:37:31.291,1.11343,1.11344,0.75,0.37
2020.01.16 17:37:35.250,1.11342,1.11344,0.75,0.37
2020.01.16 17:37:37.808,1.11342,1.11345,1.57,5.25
2020.01.16 17:37:40.119,1.11342,1.11344,1.50,1.87
2020.01.16 17:37:47.235,1.11343,1.11344,0.75,2.62
2020.01.16 17:37:49.715,1.11343,1.11345,0.75,1.31
2020.01.16 17:37:49.817,1.11343,1.11346,0.75,4.31
2020.01.16 17:37:49.920,1.11346,1.11347,0.75,4.50
2020.01.16 17:37:49.971,1.11346,1.11349,1.50,2.81
2020.01.16 17:37:55.094,1.11347,1.11349,0.75,2.81
2020.01.16 17:38:07.437,1.11347,1.11348,0.94,1.50
2020.01.16 17:38:09.725,1.11346,1.11348,2.06,0.74
2020.01.16 17:38:10.907,1.11347,1.11349,0.75,6.07
2020.01.16 17:38:12.348,1.11347,1.11349,0.75,5.32
2020.01.16 17:38:12.626,1.11347,1.11348,1.50,0.75
2020.01.16 17:38:18.626,1.11347,1.11349,0.94,6.26
2020.01.16 17:38:20.297,1.11347,1.11348,0.94,0.75
2020.01.16 17:38:22.385,1.11346,1.11347,0.37,0.37
2020.01.16 17:38:26.796,1.11347,1.11348,0.75,0.75
2020.01.16 17:38:26.897,1.11347,1.11349,0.75,2.44
2020.01.16 17:38:27.859,1.11347,1.11348,0.75,0.37
2020.01.16 17:38:29.074,1.11347,1.11349,1.50,1.50
2020.01.16 17:38:35.272,1.11347,1.11348,1.50,0.37
2020.01.16 17:38:41.268,1.11347,1.11349,1.50,2.51
2020.01.16 17:38:42.783,1.11347,1.11348,0.75,0.10
2020.01.16 17:38:43.753,1.11347,1.11349,0.75,2.44
2020.01.16 17:38:46.799,1.11347,1.11349,0.75,2.44
2020.01.16 17:38:47.610,1.11347,1.11348,0.75,0.19
2020.01.16 17:38:47.711,1.11347,1.11349,0.75,1.32
2020.01.16 17:38:48.238,1.11349,1.11351,4.76,6.93
2020.01.16 17:38:48.340,1.11349,1.11351,1.50,1.87
2020.01.16 17:38:48.441,1.11348,1.1135,0.75,1.12
2020.01.16 17:38:48.594,1.11348,1.11351,2.25,3.00
2020.01.16 17:38:49.362,1.11348,1.1135,3.56,0.37
2020.01.16 17:38:58.631,1.11347,1.1135,2.44,1.50
2020.01.16 17:39:00.275,1.11348,1.1135,0.75,0.75
2020.01.16 17:39:00.376,1.11349,1.11352,2.32,6.82
2020.01.16 17:39:00.478,1.11351,1.11352,0.19,0.75
2020.01.16 17:39:00.529,1.11351,1.11353,0.19,0.94
2020.01.16 17:39:00.643,1.11351,1.11354,0.19,4.87
2020.01.16 17:39:03.626,1.11352,1.11354,0.75,1.50
2020.01.16 17:39:06.550,1.11352,1.11353,0.75,0.10
2020.01.16 17:39:06.652,1.11351,1.11353,2.44,0.10
2020.01.16 17:39:12.907,1.11352,1.11353,0.75,0.45
2020.01.16 17:39:19.182,1.11351,1.11353,2.44,0.10
2020.01.16 17:39:23.084,1.11351,1.11354,1.69,1.87
2020.01.16 17:39:30.990,1.11351,1.11352,0.75,0.75
2020.01.16 17:39:31.042,1.11348,1.11349,0.75,0.75
2020.01.16 17:39:31.143,1.11348,1.1135,0.75,2.14
2020.01.16 17:39:31.245,1.11349,1.11351,0.75,2.89
2020.01.16 17:39:31.449,1.11349,1.11352,2.14,2.44
2020.01.16 17:39:31.550,1.1135,1.11352,0.75,0.37
2020.01.16 17:39:32.939,1.1135,1.11353,6.07,0.75
2020.01.16 17:39:33.041,1.11351,1.11353,0.19,0.75
2020.01.16 17:39:33.507,1.11351,1.11354,0.19,4.20
2020.01.16 17:39:55.566,1.11351,1.11352,1.20,0.19
2020.01.16 17:39:56.273,1.11351,1.11353,1.76,2.25
2020.01.16 17:40:00.626,1.11351,1.11354,1.76,5.89
2020.01.16 17:40:03.015,1.11351,1.11353,2.51,0.75
2020.01.16 17:40:26.491,1.11351,1.11354,4.84,3.64
2020.01.16 17:40:27.671,1.11351,1.11354,5.70,1.87
2020.01.16 17:40:27.772,1.11354,1.11356,0.94,4.50
2020.01.16 17:40:27.823,1.11354,1.11357,1.69,3.37
2020.01.16 17:40:27.925,1.11354,1.11357,3.94,1.31
2020.01.16 17:40:28.134,1.11354,1.11356,0.75,4.87
2020.01.16 17:40:28.235,1.11354,1.11355,0.75,0.37
2020.01.16 17:40:28.940,1.11353,1.11355,0.75,0.75
2020.01.16 17:40:31.303,1.11353,1.11356,3.94,2.14
2020.01.16 17:40:31.505,1.11354,1.11356,0.75,3.34
2020.01.16 17:40:41.283,1.11353,1.11354,1.50,0.75
2020.01.16 17:40:41.436,1.11353,1.11355,0.75,6.82
2020.01.16 17:40:41.588,1.11353,1.11354,0.75,0.56
2020.01.16 17:40:50.396,1.11352,1.11353,1.87,0.37
2020.01.16 17:40:50.591,1.11352,1.11353,1.12,0.37
2020.01.16 17:40:53.863,1.11351,1.11354,2.25,3.19
2020.01.16 17:40:54.066,1.11352,1.11355,4.50,1.01
2020.01.16 17:40:54.383,1.11352,1.11354,2.25,0.75
2020.01.16 17:40:56.175,1.11353,1.11354,0.10,2.25
2020.01.16 17:41:00.042,1.11352,1.11354,1.50,2.25
2020.01.16 17:41:04.086,1.11356,1.11357,0.75,3.00
2020.01.16 17:41:04.188,1.11355,1.11358,5.14,2.06
2020.01.16 17:41:04.291,1.11356,1.11358,0.75,2.62
2020.01.16 17:41:04.393,1.11355,1.11358,3.45,2.62
2020.01.16 17:41:04.545,1.11355,1.11357,2.06,0.19
2020.01.16 17:41:04.697,1.11355,1.11358,2.06,2.62
2020.01.16 17:41:04.871,1.11355,1.11357,1.69,0.37
2020.01.16 17:41:09.626,1.11354,1.11357,4.57,2.62
2020.01.16 17:41:14.598,1.11355,1.11357,0.75,0.37
2020.01.16 17:41:14.992,1.11354,1.11357,2.70,1.12
2020.01.16 17:41:17.740,1.11355,1.11357,0.94,0.37
2020.01.16 17:41:24.050,1.11355,1.11356,2.06,0.37
2020.01.16 17:41:26.867,1.11353,1.11354,1.57,0.19
2020.01.16 17:41:26.968,1.11352,1.11354,1.87,0.19
2020.01.16 17:41:27.171,1.11353,1.11355,0.10,3.00
2020.01.16 17:41:27.272,1.11353,1.11354,0.10,0.75
2020.01.16 17:41:27.918,1.11353,1.11355,0.10,3.00
2020.01.16 17:41:28.315,1.11353,1.11354,0.10,0.75
2020.01.16 17:41:30.445,1.11353,1.11355,0.10,1.50
2020.01.16 17:41:33.533,1.11353,1.11354,0.45,0.75
2020.01.16 17:41:36.318,1.11352,1.11355,1.12,2.25
2020.01.16 17:41:36.520,1.11352,1.11354,0.75,0.94
2020.01.16 17:41:36.673,1.11353,1.11354,0.75,0.94
2020.01.16 17:41:42.071,1.11352,1.11354,1.50,0.94
2020.01.16 17:41:44.254,1.11354,1.11356,0.85,3.56
2020.01.16 17:41:44.305,1.11354,1.11357,0.37,4.12
2020.01.16 17:41:44.457,1.11354,1.11356,0.37,0.75
2020.01.16 17:41:44.713,1.11354,1.11358,1.50,10.12
2020.01.16 17:41:44.942,1.11354,1.11357,1.57,0.56
2020.01.16 17:41:45.043,1.11354,1.11358,1.57,8.62
2020.01.16 17:41:45.375,1.11354,1.11357,1.57,0.37
2020.01.16 17:41:48.241,1.11354,1.11356,1.95,0.37
2020.01.16 17:41:49.864,1.11355,1.11356,0.37,0.37
2020.01.16 17:41:50.349,1.11354,1.11357,1.20,0.94
2020.01.16 17:41:58.126,1.11355,1.11357,0.45,1.12
2020.01.16 17:41:58.597,1.11356,1.11357,0.19,1.87
2020.01.16 17:42:01.092,1.11354,1.11357,2.14,1.87
2020.01.16 17:42:01.640,1.11354,1.11355,0.10,1.50
2020.01.16 17:42:01.741,1.11351,1.11355,7.09,2.70
2020.01.16 17:42:02.025,1.11351,1.11354,7.84,0.94
2020.01.16 17:42:03.199,1.11352,1.11354,0.75,2.81
2020.01.16 17:42:03.406,1.11351,1.11354,5.96,2.06
2020.01.16 17:42:06.729,1.11352,1.11354,2.89,2.25
2020.01.16 17:42:06.830,1.11353,1.11354,0.45,1.50
2020.01.16 17:42:07.001,1.11352,1.11353,4.01,0.75
2020.01.16 17:42:07.379,1.11352,1.11353,4.01,0.75
2020.01.16 17:42:09.129,1.11351,1.11353,4.01,0.75
2020.01.16 17:42:09.231,1.11352,1.11353,0.10,0.75
2020.01.16 17:42:09.333,1.11351,1.11353,2.62,1.50
2020.01.16 17:42:10.979,1.11352,1.11353,1.20,1.12
2020.01.16 17:42:13.050,1.11351,1.11353,1.57,0.75
2020.01.16 17:42:20.365,1.11352,1.11353,0.37,1.12
2020.01.16 17:42:22.496,1.11351,1.11353,1.76,0.75
2020.01.16 17:42:26.462,1.11349,1.11352,8.02,0.75
2020.01.16 17:42:26.513,1.11348,1.11349,2.32,0.75
2020.01.16 17:42:26.564,1.11347,1.11348,1.31,9.52
2020.01.16 17:42:26.665,1.11346,1.11348,1.01,0.75
2020.01.16 17:42:27.114,1.11347,1.11349,0.19,2.81
2020.01.16 17:42:27.268,1.11346,1.11348,1.57,0.75
2020.01.16 17:42:29.968,1.11348,1.11349,0.75,0.75
2020.01.16 17:42:30.019,1.11349,1.1135,2.32,1.12
2020.01.16 17:42:30.069,1.1135,1.11352,0.82,0.75
2020.01.16 17:42:32.510,1.11351,1.11352,0.75,0.75
2020.01.16 17:42:34.315,1.1135,1.11352,2.44,0.75
2020.01.16 17:42:36.202,1.11351,1.11352,0.10,0.75
2020.01.16 17:42:36.653,1.1135,1.11352,2.59,0.75
2020.01.16 17:42:45.499,1.11351,1.11352,0.45,0.75
2020.01.16 17:42:50.703,1.1135,1.11352,6.11,0.75
2020.01.16 17:42:51.364,1.11351,1.11352,0.45,0.75
2020.01.16 17:42:52.363,1.1135,1.11352,9.11,0.75
2020.01.16 17:42:52.885,1.11351,1.11352,1.95,0.75
2020.01.16 17:42:55.397,1.11351,1.11353,3.82,0.75
2020.01.16 17:42:57.514,1.11352,1.11353,0.75,0.75
2020.01.16 17:42:57.921,1.11352,1.11354,2.89,2.81
2020.01.16 17:42:59.103,1.11352,1.11353,1.50,1.50
2020.01.16 17:43:02.854,1.11352,1.11354,1.50,2.81
2020.01.16 17:43:13.270,1.11351,1.11354,5.14,3.00
2020.01.16 17:43:13.422,1.1135,1.11354,9.15,5.06
2020.01.16 17:43:15.925,1.11351,1.11354,0.75,2.32
2020.01.16 17:43:16.077,1.1135,1.11354,8.96,1.57
2020.01.16 17:43:18.518,1.1135,1.11353,5.59,0.75
2020.01.16 17:43:18.620,1.1135,1.11352,2.70,0.75
2020.01.16 17:43:20.910,1.11351,1.11352,0.37,1.12
2020.01.16 17:43:24.540,1.1135,1.11352,2.51,0.75
2020.01.16 17:43:25.181,1.1135,1.11353,1.69,0.37
2020.01.16 17:43:25.984,1.11351,1.11353,1.50,0.37
2020.01.16 17:43:26.085,1.11352,1.11353,0.37,1.12
2020.01.16 17:43:30.249,1.11351,1.11354,0.13,4.95
2020.01.16 17:43:32.667,1.11351,1.11353,3.07,0.75
2020.01.16 17:43:33.276,1.11351,1.11354,3.07,3.37
2020.01.16 17:43:33.740,1.11351,1.11353,0.82,0.37
2020.01.16 17:43:39.632,1.1135,1.11354,6.64,4.87
2020.01.16 17:43:40.043,1.1135,1.11353,7.39,0.75
2020.01.16 17:43:40.145,1.11351,1.11353,0.37,1.50
2020.01.16 17:43:51.588,1.11351,1.11352,1.12,0.37
2020.01.16 17:43:52.769,1.1135,1.11354,5.89,4.12
2020.01.16 17:43:53.238,1.11352,1.11354,0.75,6.37
2020.01.16 17:43:55.879,1.11351,1.11354,1.50,4.12
2020.01.16 17:43:56.159,1.11351,1.11353,3.00,0.75
2020.01.16 17:44:00.617,1.11351,1.11352,0.75,0.75
2020.01.16 17:44:00.870,1.11349,1.1135,4.12,0.75
2020.01.16 17:44:00.972,1.11349,1.11351,3.00,0.75
2020.01.16 17:44:01.073,1.1135,1.11351,1.50,1.50
2020.01.16 17:44:01.542,1.1135,1.11352,2.25,0.75
2020.01.16 17:44:01.644,1.11352,1.11353,0.75,0.75
2020.01.16 17:44:01.847,1.11351,1.11353,4.12,1.50
2020.01.16 17:44:05.349,1.11352,1.11353,0.75,1.50
2020.01.16 17:44:10.220,1.11354,1.11355,1.57,2.44
2020.01.16 17:44:10.353,1.11354,1.11356,4.12,3.56
2020.01.16 17:44:10.455,1.11353,1.11354,1.20,0.75
2020.01.16 17:44:10.809,1.11352,1.11354,4.39,0.75
2020.01.16 17:44:11.420,1.11353,1.11354,0.75,0.75
2020.01.16 17:44:11.933,1.11352,1.11354,4.95,0.75
2020.01.16 17:44:12.364,1.11351,1.11354,4.31,2.06
2020.01.16 17:44:15.246,1.11353,1.11354,2.25,0.75
2020.01.16 17:44:15.348,1.11354,1.11355,0.75,0.75
2020.01.16 17:44:15.519,1.11353,1.11355,3.37,0.75
2020.01.16 17:44:18.494,1.11354,1.11355,0.75,0.75
2020.01.16 17:44:18.596,1.11355,1.11356,0.75,1.50
2020.01.16 17:44:19.073,1.11354,1.11356,0.75,1.50
2020.01.16 17:44:19.276,1.11353,1.11356,0.82,5.96
2020.01.16 17:44:19.579,1.11353,1.11356,5.96,1.39
2020.01.16 17:44:19.731,1.11354,1.11356,0.75,1.31
2020.01.16 17:44:20.775,1.11355,1.11356,0.37,1.12
2020.01.16 17:44:25.361,1.11356,1.11357,0.82,1.50
2020.01.16 17:44:30.847,1.11355,1.11357,0.75,0.75
2020.01.16 17:44:34.052,1.11354,1.11356,2.81,3.75
2020.01.16 17:44:34.554,1.11355,1.11357,33.00,0.75
2020.01.16 17:44:38.501,1.11354,1.11357,4.76,1.50
2020.01.16 17:44:41.485,1.11354,1.11355,1.12,0.10
2020.01.16 17:44:41.587,1.11352,1.11355,2.06,1.39
2020.01.16 17:44:42.472,1.11354,1.11355,3.00,0.75
2020.01.16 17:44:42.698,1.11354,1.11356,3.82,0.75
2020.01.16 17:44:42.799,1.11354,1.11357,5.32,9.26
2020.01.16 17:44:45.247,1.11356,1.11357,0.94,3.37
2020.01.16 17:44:45.501,1.11356,1.11358,0.26,2.62
2020.01.16 17:44:45.993,1.11356,1.11357,0.26,0.75
2020.01.16 17:44:47.630,1.11356,1.11358,1.01,2.62
2020.01.16 17:44:50.461,1.11356,1.11357,1.01,0.75
2020.01.16 17:44:50.774,1.11356,1.11358,1.05,4.87
2020.01.16 17:44:52.956,1.11356,1.11357,1.72,0.75
2020.01.16 17:44:53.543,1.11356,1.11358,0.94,0.75
2020.01.16 17:44:54.947,1.11357,1.11358,0.75,0.75
2020.01.16 17:44:55.181,1.11356,1.11358,0.19,0.75
2020.01.16 17:44:59.424,1.11356,1.11357,0.64,0.75
2020.01.16 17:44:59.525,1.11354,1.11357,5.62,0.75
2020.01.16 17:44:59.627,1.11355,1.11357,0.75,0.75
2020.01.16 17:44:59.999,1.11354,1.11357,1.57,1.50
2020.01.16 17:45:00.101,1.11354,1.11357,2.62,1.50
2020.01.16 17:45:00.311,1.11354,1.11357,2.62,1.50
2020.01.16 17:45:01.138,1.11354,1.11356,3.45,0.75
2020.01.16 17:45:04.157,1.11353,1.11355,1.57,1.50
2020.01.16 17:45:05.647,1.11352,1.11354,4.57,0.75
2020.01.16 17:45:06.053,1.11353,1.11354,0.75,0.75
2020.01.16 17:45:06.154,1.11352,1.11354,2.70,0.75
2020.01.16 17:45:07.350,1.11353,1.11355,1.50,1.95
2020.01.16 17:45:07.452,1.11354,1.11356,0.75,2.63
2020.01.16 17:45:07.664,1.11353,1.11356,1.95,1.88
2020.01.16 17:45:07.765,1.11354,1.11356,0.75,2.63
2020.01.16 17:45:08.288,1.11353,1.11355,3.82,0.75
2020.01.16 17:45:12.395,1.11352,1.11355,2.81,0.94
2020.01.16 17:45:12.809,1.11353,1.11355,0.75,0.94
2020.01.16 17:45:13.399,1.11353,1.11356,1.12,4.20
2020.01.16 17:45:13.500,1.11353,1.11355,1.12,1.12
2020.01.16 17:45:13.782,1.11353,1.11354,0.37,1.50
2020.01.16 17:45:13.883,1.11351,1.11354,3.75,3.00
2020.01.16 17:45:14.094,1.11351,1.11353,0.75,0.75
2020.01.16 17:45:15.232,1.11351,1.11354,0.75,3.75
2020.01.16 17:45:15.430,1.1135,1.11353,5.89,0.75
2020.01.16 17:45:15.531,1.11351,1.11354,0.75,6.07
2020.01.16 17:45:23.236,1.11351,1.11353,1.50,0.75
2020.01.16 17:45:25.795,1.11354,1.11355,0.45,3.19
2020.01.16 17:45:25.848,1.11359,1.1136,0.75,1.69
2020.01.16 17:45:25.950,1.1136,1.11362,2.25,0.75
2020.01.16 17:45:30.584,1.1136,1.11361,1.87,0.75
2020.01.16 17:45:37.490,1.11358,1.11359,1.57,0.75
2020.01.16 17:45:37.592,1.11357,1.11358,0.45,0.75
2020.01.16 17:45:37.695,1.11355,1.11357,4.27,0.75
2020.01.16 17:45:40.769,1.11355,1.11356,1.57,0.75
2020.01.16 17:45:42.769,1.11354,1.11356,1.12,1.50
2020.01.16 17:45:44.077,1.11353,1.11356,7.39,1.50
2020.01.16 17:45:44.268,1.11354,1.11356,0.37,1.50
2020.01.16 17:45:45.690,1.11353,1.11356,7.01,1.50
2020.01.16 17:45:45.848,1.11354,1.11356,0.75,1.50
2020.01.16 17:45:47.083,1.11353,1.11356,7.01,1.50
2020.01.16 17:45:47.950,1.11354,1.11356,0.37,1.50
2020.01.16 17:45:49.893,1.11354,1.11357,1.12,3.37
2020.01.16 17:45:50.904,1.11353,1.11357,7.57,5.62
2020.01.16 17:45:51.251,1.11354,1.11357,0.75,4.12
2020.01.16 17:45:51.554,1.11356,1.11357,3.94,0.37
2020.01.16 17:45:51.605,1.11357,1.11359,0.75,3.45
2020.01.16 17:45:51.707,1.11356,1.11358,1.20,5.25
2020.01.16 17:45:51.809,1.11355,1.11357,0.75,1.50
2020.01.16 17:45:52.630,1.11354,1.11355,1.20,0.75
2020.01.16 17:45:52.732,1.11353,1.11356,3.00,4.69
2020.01.16 17:45:52.834,1.11353,1.11355,5.25,1.31
2020.01.16 17:45:52.935,1.11353,1.11356,2.32,1.69
2020.01.16 17:45:54.321,1.11354,1.11356,0.75,1.87
2020.01.16 17:45:55.815,1.11352,1.11354,0.75,4.50
2020.01.16 17:45:55.917,1.11352,1.11353,1.31,1.12
2020.01.16 17:45:55.968,1.1135,1.11353,1.39,1.12
2020.01.16 17:45:57.784,1.11351,1.11353,0.75,1.50
2020.01.16 17:45:57.885,1.1135,1.11353,1.87,0.75
2020.01.16 17:45:58.271,1.1135,1.11352,0.37,0.75
2020.01.16 17:45:58.413,1.11349,1.11352,3.19,1.12
2020.01.16 17:45:58.717,1.1135,1.11352,0.75,3.37
2020.01.16 17:45:59.433,1.11349,1.11352,3.94,2.62
2020.01.16 17:45:59.536,1.1135,1.11352,0.19,2.25
2020.01.16 17:46:15.207,1.1135,1.11353,4.31,1.50
2020.01.16 17:46:15.309,1.11351,1.11353,1.50,0.75
2020.01.16 17:46:20.427,1.11352,1.11353,0.75,0.75
2020.01.16 17:46:22.457,1.11351,1.11353,1.12,0.75
2020.01.16 17:46:22.568,1.1135,1.11353,5.62,0.75
2020.01.16 17:46:22.996,1.11351,1.11353,0.75,0.75
2020.01.16 17:46:23.324,1.11351,1.11352,0.75,0.10
2020.01.16 17:46:24.056,1.11351,1.11353,0.75,2.62
2020.01.16 17:46:26.634,1.11351,1.11352,0.75,0.75
2020.01.16 17:46:26.735,1.11351,1.11353,0.75,5.32
2020.01.16 17:46:26.786,1.1135,1.11351,0.75,0.10
2020.01.16 17:46:27.626,1.1135,1.11351,0.75,0.10
2020.01.16 17:46:27.801,1.11349,1.11351,0.37,1.50
2020.01.16 17:46:27.904,1.1135,1.11352,1.50,2.25
2020.01.16 17:46:31.174,1.11351,1.11352,0.75,2.25
2020.01.16 17:46:31.479,1.1135,1.11352,3.00,1.50
2020.01.16 17:46:32.181,1.11349,1.11352,4.31,1.50
2020.01.16 17:46:32.282,1.1135,1.11352,0.75,3.00
2020.01.16 17:46:32.485,1.11349,1.11352,3.82,1.87
2020.01.16 17:46:32.991,1.1135,1.11352,0.75,1.87
2020.01.16 17:46:41.003,1.1135,1.11351,1.50,0.75
2020.01.16 17:46:41.234,1.1135,1.11352,2.25,2.25
2020.01.16 17:46:42.585,1.1135,1.11351,2.25,0.75
2020.01.16 17:46:44.714,1.11349,1.11351,3.75,0.75
2020.01.16 17:46:48.051,1.1135,1.11351,0.75,1.50
2020.01.16 17:46:56.546,1.11351,1.11352,1.12,0.75
2020.01.16 17:46:57.810,1.1135,1.11352,3.37,1.50
2020.01.16 17:47:00.305,1.11352,1.11354,1.50,1.87
2020.01.16 17:47:00.407,1.11352,1.11353,1.12,2.25
2020.01.16 17:47:00.508,1.11351,1.11353,2.70,2.25
2020.01.16 17:47:12.658,1.1135,1.11352,5.32,0.75
2020.01.16 17:47:13.343,1.1135,1.11352,3.82,0.75
2020.01.16 17:47:15.554,1.11351,1.11352,0.75,1.50
2020.01.16 17:47:15.655,1.1135,1.11352,3.37,0.75
2020.01.16 17:47:28.190,1.11351,1.11352,0.75,1.50
2020.01.16 17:47:30.095,1.1135,1.11352,3.37,0.75
2020.01.16 17:47:34.091,1.1135,1.11352,3.56,0.75
2020.01.16 17:47:35.534,1.1135,1.11352,3.56,0.75
2020.01.16 17:47:41.758,1.11351,1.11353,1.87,2.25
2020.01.16 17:47:43.235,1.11352,1.11353,0.75,2.25
2020.01.16 17:47:49.022,1.11352,1.11353,0.75,1.50
2020.01.16 17:47:49.124,1.11354,1.11356,2.44,7.31
2020.01.16 17:47:49.226,1.11355,1.11357,0.94,2.44
2020.01.16 17:47:49.327,1.11356,1.11357,0.75,1.12
2020.01.16 17:47:50.429,1.11355,1.11357,0.19,0.75
2020.01.16 17:47:58.992,1.11355,1.11356,0.94,0.75
2020.01.16 17:48:01.482,1.11352,1.11354,2.70,2.25
2020.01.16 17:48:01.595,1.11351,1.11354,3.56,1.50
2020.01.16 17:48:01.799,1.11351,1.11353,2.44,0.75
2020.01.16 17:48:02.098,1.11351,1.11354,1.69,4.95
2020.01.16 17:48:02.352,1.11351,1.11353,1.69,0.75
2020.01.16 17:48:06.778,1.11351,1.11354,0.75,4.87
2020.01.16 17:48:07.230,1.11351,1.11353,0.75,0.75
2020.01.16 17:48:11.261,1.11351,1.11354,0.82,4.87
2020.01.16 17:48:11.463,1.11351,1.11353,1.57,0.75
2020.01.16 17:48:15.263,1.11354,1.11355,4.95,3.56
2020.01.16 17:48:15.314,1.11355,1.11356,1.69,2.25
2020.01.16 17:48:16.592,1.11353,1.11354,2.51,1.50
2020.01.16 17:48:16.694,1.11353,1.11354,0.94,2.25
2020.01.16 17:48:17.620,1.11352,1.11354,1.87,1.50
2020.01.16 17:48:22.263,1.11356,1.11357,0.75,2.25
2020.01.16 17:48:22.365,1.11355,1.11357,2.81,1.12
2020.01.16 17:48:23.019,1.11353,1.11356,5.89,0.75
2020.01.16 17:48:24.950,1.11355,1.11356,0.19,3.37
2020.01.16 17:48:25.153,1.11354,1.11356,1.69,3.00
2020.01.16 17:48:25.357,1.11355,1.11357,0.19,3.45
2020.01.16 17:48:26.596,1.11354,1.11357,0.94,3.75
2020.01.16 17:48:26.697,1.11354,1.11355,0.19,0.75
2020.01.16 17:48:26.798,1.11355,1.11356,0.19,0.75
2020.01.16 17:48:28.484,1.11355,1.11357,0.19,3.37
2020.01.16 17:48:29.900,1.11356,1.11358,0.75,6.82
2020.01.16 17:48:30.002,1.11356,1.11357,0.75,1.50
2020.01.16 17:48:30.103,1.11356,1.11358,0.75,3.00
2020.01.16 17:48:30.205,1.11355,1.11357,0.94,2.81
2020.01.16 17:48:31.538,1.11355,1.11356,1.31,0.56
2020.01.16 17:48:33.894,1.11355,1.11357,1.69,1.69
2020.01.16 17:48:33.995,1.11356,1.11358,1.69,5.62
2020.01.16 17:48:39.727,1.11356,1.11357,1.69,0.75
2020.01.16 17:48:39.878,1.11356,1.11358,1.69,4.87
2020.01.16 17:48:40.769,1.11354,1.11356,1.20,2.25
2020.01.16 17:48:40.877,1.11353,1.11356,3.56,1.50
2020.01.16 17:48:41.640,1.11354,1.11356,0.75,2.25
2020.01.16 17:48:41.769,1.11353,1.11356,1.69,1.87
2020.01.16 17:48:42.504,1.11354,1.11356,0.75,2.62
2020.01.16 17:48:43.705,1.11353,1.11356,3.19,1.87
2020.01.16 17:48:44.725,1.11353,1.11354,1.12,0.82
2020.01.16 17:48:44.844,1.11352,1.11354,0.75,2.89
2020.01.16 17:48:51.677,1.11352,1.11353,0.75,0.75
2020.01.16 17:48:51.779,1.11352,1.11355,2.06,1.87
2020.01.16 17:48:51.881,1.11352,1.11354,1.12,0.37
2020.01.16 17:48:54.240,1.11353,1.11354,0.75,0.37
2020.01.16 17:48:54.459,1.11352,1.11354,1.12,0.37
2020.01.16 17:48:56.204,1.11352,1.11353,1.87,0.75
2020.01.16 17:48:56.719,1.11351,1.11353,5.06,0.75
2020.01.16 17:48:57.377,1.1135,1.11352,1.50,3.00
2020.01.16 17:48:57.544,1.11349,1.11351,3.37,1.50
2020.01.16 17:48:57.596,1.11348,1.11349,2.25,1.50
2020.01.16 17:48:57.699,1.11346,1.11348,5.44,0.75
2020.01.16 17:48:57.801,1.11346,1.11349,3.75,2.81
2020.01.16 17:48:58.876,1.11345,1.11347,2.14,1.50
2020.01.16 17:48:58.977,1.11345,1.11346,0.19,2.06
2020.01.16 17:48:59.079,1.11343,1.11345,2.06,0.75
2020.01.16 17:48:59.181,1.11342,1.11344,2.62,1.50
2020.01.16 17:48:59.334,1.11341,1.11343,0.94,0.10
2020.01.16 17:48:59.436,1.11341,1.11342,0.94,0.75
2020.01.16 17:48:59.688,1.1134,1.11342,0.94,1.87
2020.01.16 17:48:59.790,1.1134,1.11341,0.94,0.75
2020.01.16 17:48:59.891,1.1134,1.11342,1.69,1.87
2020.01.16 17:49:02.853,1.11341,1.11342,0.19,0.75
2020.01.16 17:49:02.954,1.11341,1.11343,1.69,1.50
2020.01.16 17:49:04.268,1.11344,1.11345,0.10,5.44
2020.01.16 17:49:04.319,1.11345,1.11347,0.19,1.50
2020.01.16 17:49:04.521,1.11344,1.11347,3.00,2.06
2020.01.16 17:49:06.554,1.11345,1.11347,0.75,1.12
2020.01.16 17:49:07.173,1.11344,1.11347,2.81,1.12
2020.01.16 17:49:07.526,1.11345,1.11347,0.94,0.37
2020.01.16 17:49:07.628,1.11345,1.11348,0.94,3.37
2020.01.16 17:49:07.678,1.11345,1.11346,1.50,0.75
2020.01.16 17:49:07.780,1.11346,1.11347,0.19,1.31
2020.01.16 17:49:07.882,1.11344,1.11347,3.56,1.50
2020.01.16 17:49:11.978,1.11344,1.11346,5.06,1.50
2020.01.16 17:49:14.459,1.11344,1.11347,4.20,3.37
2020.01.16 17:49:14.841,1.11344,1.11345,0.94,1.20
2020.01.16 17:49:14.892,1.11342,1.11345,3.56,1.95
2020.01.16 17:49:15.095,1.11341,1.11345,9.75,3.37
2020.01.16 17:49:15.196,1.11342,1.11344,0.75,0.75
2020.01.16 17:49:15.349,1.11341,1.11344,7.01,1.50
2020.01.16 17:49:15.458,1.11342,1.11344,0.75,2.25
2020.01.16 17:49:18.221,1.11343,1.11344,0.37,0.75
2020.01.16 17:49:18.906,1.11341,1.11344,5.70,0.75
2020.01.16 17:49:19.266,1.11342,1.11345,0.19,4.31
2020.01.16 17:49:19.368,1.11342,1.11344,2.44,0.75
2020.01.16 17:49:19.469,1.11342,1.11345,2.44,5.62
2020.01.16 17:49:20.158,1.11344,1.11345,1.50,2.25
2020.01.16 17:49:20.259,1.11344,1.11346,3.75,1.87
2020.01.16 17:49:25.097,1.11344,1.11345,0.75,0.75
2020.01.16 17:49:25.826,1.11344,1.11346,0.75,4.12
2020.01.16 17:49:27.278,1.11345,1.11346,0.10,0.75
2020.01.16 17:49:27.595,1.11344,1.11346,1.39,0.75
2020.01.16 17:49:35.797,1.11345,1.11346,0.10,0.75
2020.01.16 17:49:36.147,1.11344,1.11346,2.06,0.75
2020.01.16 17:49:36.570,1.11345,1.11346,0.19,0.75
2020.01.16 17:49:38.535,1.11344,1.11346,1.50,3.00
2020.01.16 17:49:38.636,1.11344,1.11345,1.12,1.87
2020.01.16 17:49:38.891,1.11343,1.11344,1.50,0.75
2020.01.16 17:49:39.013,1.11344,1.11345,0.37,0.37
2020.01.16 17:49:42.105,1.11344,1.11346,3.19,0.75
2020.01.16 17:49:42.207,1.11345,1.11347,0.10,4.95
2020.01.16 17:49:42.460,1.11344,1.11346,3.19,0.75
2020.01.16 17:49:44.946,1.11345,1.11346,0.82,1.50
2020.01.16 17:49:48.818,1.11344,1.11346,4.39,1.50
2020.01.16 17:49:49.972,1.11345,1.11346,1.50,0.82
2020.01.16 17:49:55.992,1.11345,1.11347,1.50,4.12
2020.01.16 17:49:56.600,1.11346,1.11347,0.10,1.12
2020.01.16 17:49:57.165,1.11345,1.11347,3.56,1.50
2020.01.16 17:50:00.870,1.11345,1.11346,0.94,0.75
2020.01.16 17:50:03.345,1.11344,1.11346,6.19,0.75
2020.01.16 17:50:04.224,1.11345,1.11347,0.56,3.00
2020.01.16 17:50:05.334,1.11345,1.11348,2.44,4.57
2020.01.16 17:50:05.435,1.11345,1.11347,0.94,0.45
2020.01.16 17:50:05.587,1.11344,1.11347,2.81,3.26
2020.01.16 17:50:08.224,1.11344,1.11346,4.31,0.75
2020.01.16 17:50:08.325,1.11344,1.11347,4.31,2.32
2020.01.16 17:50:08.428,1.11344,1.11346,4.31,1.69
2020.01.16 17:50:08.529,1.11344,1.11345,4.39,0.75
2020.01.16 17:50:08.703,1.11345,1.11346,0.75,1.50
2020.01.16 17:50:08.887,1.11344,1.11345,4.31,0.75
2020.01.16 17:50:10.757,1.11344,1.11346,2.81,1.50
2020.01.16 17:50:12.270,1.11344,1.11347,2.81,2.89
2020.01.16 17:50:16.705,1.11344,1.11346,2.81,0.64
2020.01.16 17:50:16.806,1.11344,1.11347,2.81,2.32
2020.01.16 17:50:17.694,1.11345,1.11347,0.10,1.95
2020.01.16 17:50:19.077,1.11344,1.11347,0.56,1.95
2020.01.16 17:50:20.060,1.11344,1.11346,1.31,0.75
2020.01.16 17:50:20.161,1.11345,1.11347,1.69,4.57
2020.01.16 17:50:21.656,1.11345,1.11346,1.50,0.75
2020.01.16 17:50:21.707,1.11343,1.11344,3.07,0.75
2020.01.16 17:50:21.808,1.11343,1.11345,0.56,0.82
2020.01.16 17:50:21.909,1.11342,1.11344,2.81,0.75
2020.01.16 17:50:22.229,1.11342,1.11345,0.56,1.76
2020.01.16 17:50:24.885,1.11342,1.11344,1.12,0.75
2020.01.16 17:50:26.884,1.11341,1.11344,3.56,1.50
2020.01.16 17:50:27.662,1.11342,1.11344,0.75,1.50
2020.01.16 17:50:27.764,1.11341,1.11344,5.06,1.50
2020.01.16 17:50:35.014,1.11341,1.11345,4.39,5.06
2020.01.16 17:50:35.538,1.11342,1.11344,0.45,1.50
2020.01.16 17:50:36.605,1.11341,1.11343,3.56,0.75
2020.01.16 17:50:37.811,1.11341,1.11345,4.76,6.94
2020.01.16 17:50:37.963,1.11344,1.11345,0.75,0.75
2020.01.16 17:50:38.064,1.11345,1.11347,1.69,1.69
2020.01.16 17:50:49.769,1.11346,1.11347,0.10,0.75
2020.01.16 17:50:50.209,1.11345,1.11347,1.69,0.75
2020.01.16 17:50:50.492,1.11345,1.11348,1.69,3.37
2020.01.16 17:50:55.312,1.11345,1.11347,1.31,0.37
2020.01.16 17:50:57.503,1.11345,1.11348,1.69,4.95
2020.01.16 17:50:57.604,1.11345,1.11347,0.94,0.37
2020.01.16 17:50:58.674,1.11345,1.11348,0.94,4.20
2020.01.16 17:51:06.640,1.11344,1.11347,2.70,0.75
2020.01.16 17:51:11.341,1.11345,1.11347,0.75,1.57
2020.01.16 17:51:15.339,1.11345,1.11346,0.75,0.37
2020.01.16 17:51:15.440,1.11345,1.11347,0.75,1.57
2020.01.16 17:51:15.626,1.11344,1.11347,5.32,0.82
2020.01.16 17:51:16.883,1.11345,1.11348,0.10,2.70
2020.01.16 17:51:17.198,1.11346,1.11348,0.75,5.70
2020.01.16 17:51:17.249,1.11349,1.1135,0.75,1.31
2020.01.16 17:51:17.351,1.1135,1.11352,1.20,1.31
2020.01.16 17:51:17.558,1.1135,1.11353,0.19,5.89
2020.01.16 17:51:17.701,1.1135,1.11352,0.19,0.75
2020.01.16 17:51:18.161,1.1135,1.11353,0.19,5.89
2020.01.16 17:51:22.317,1.1135,1.11352,0.94,1.50
2020.01.16 17:51:28.379,1.1135,1.11351,0.10,0.10
2020.01.16 17:51:28.430,1.11348,1.11349,0.75,0.82
2020.01.16 17:51:28.582,1.11348,1.11351,6.26,0.75
2020.01.16 17:51:28.734,1.11349,1.11351,1.20,0.75
2020.01.16 17:51:28.886,1.11348,1.11351,6.26,0.75
2020.01.16 17:51:29.786,1.11349,1.11351,0.37,0.75
2020.01.16 17:51:31.662,1.11349,1.11352,0.37,6.37
2020.01.16 17:51:31.833,1.11348,1.11352,3.82,6.37
2020.01.16 17:51:31.934,1.11348,1.11351,3.82,0.10
2020.01.16 17:51:33.315,1.11349,1.11351,0.75,0.82
2020.01.16 17:51:33.744,1.11348,1.11351,8.70,0.10
2020.01.16 17:51:33.874,1.11349,1.11351,0.10,0.10
2020.01.16 17:51:38.502,1.11349,1.1135,0.37,0.75
2020.01.16 17:51:41.028,1.11348,1.1135,3.37,0.75
2020.01.16 17:51:41.129,1.11349,1.1135,0.10,0.75
2020.01.16 17:51:41.483,1.11348,1.1135,5.14,0.75
2020.01.16 17:51:42.334,1.11349,1.11351,0.45,2.44
2020.01.16 17:51:42.435,1.11348,1.11351,3.07,0.37
2020.01.16 17:51:44.591,1.11348,1.11352,3.07,6.45
2020.01.16 17:51:44.808,1.11348,1.11351,3.82,0.75
2020.01.16 17:51:49.028,1.11349,1.11351,0.75,1.12
2020.01.16 17:51:50.356,1.11348,1.1135,2.62,0.75
2020.01.16 17:51:52.699,1.11347,1.11349,1.50,0.75
2020.01.16 17:51:52.801,1.11346,1.11348,4.01,0.75
2020.01.16 17:51:57.334,1.11345,1.11347,3.82,0.82
2020.01.16 17:52:00.265,1.11344,1.11345,0.37,2.25
2020.01.16 17:52:00.366,1.11343,1.11344,0.75,1.12
2020.01.16 17:52:01.186,1.11342,1.11343,0.75,0.75
2020.01.16 17:52:01.288,1.11341,1.11343,1.95,0.75
2020.01.16 17:52:03.021,1.11341,1.11344,1.87,0.37
2020.01.16 17:52:04.062,1.11342,1.11344,0.10,0.37
2020.01.16 17:52:06.063,1.11343,1.11344,0.75,0.37
2020.01.16 17:52:06.166,1.11343,1.11345,0.75,2.06
2020.01.16 17:52:08.398,1.11342,1.11344,1.57,0.75
2020.01.16 17:52:09.294,1.11342,1.11345,1.50,2.81
2020.01.16 17:52:11.285,1.11342,1.11343,1.50,0.10
2020.01.16 17:52:12.824,1.11341,1.11343,0.75,1.57
2020.01.16 17:52:12.970,1.1134,1.11343,2.89,1.57
2020.01.16 17:52:13.585,1.1134,1.11342,2.89,0.10
2020.01.16 17:52:15.235,1.1134,1.11343,2.89,3.07
2020.01.16 17:52:16.644,1.11341,1.11343,0.19,2.14
2020.01.16 17:52:19.644,1.11341,1.11342,0.19,0.37
2020.01.16 17:52:21.073,1.11341,1.11343,0.19,2.51
2020.01.16 17:52:21.626,1.11341,1.11342,0.19,0.75
2020.01.16 17:52:21.786,1.11341,1.11343,0.19,3.26
2020.01.16 17:52:25.390,1.11341,1.11344,1.87,2.70
2020.01.16 17:52:27.628,1.11341,1.11343,1.01,0.37
2020.01.16 17:52:32.974,1.11341,1.11342,1.31,0.75
2020.01.16 17:52:33.075,1.1134,1.11343,1.50,1.12
2020.01.16 17:52:33.223,1.11341,1.11343,1.50,1.12
2020.01.16 17:52:34.037,1.11342,1.11344,0.37,4.12
2020.01.16 17:52:36.671,1.11341,1.11344,0.37,3.37
2020.01.16 17:52:37.774,1.11341,1.11343,0.75,0.37
2020.01.16 17:52:39.991,1.11341,1.11344,1.57,2.62
2020.01.16 17:52:41.642,1.1134,1.11344,8.14,4.12
2020.01.16 17:52:42.714,1.11341,1.11343,0.75,0.75
2020.01.16 17:52:44.309,1.1134,1.11344,9.64,4.87
2020.01.16 17:52:46.174,1.11341,1.11344,2.32,1.87
2020.01.16 17:52:46.275,1.11342,1.11344,1.95,1.87
2020.01.16 17:52:47.785,1.11343,1.11344,0.45,0.75
2020.01.16 17:52:47.905,1.11342,1.11344,3.07,0.82
2020.01.16 17:52:49.567,1.11341,1.11344,3.64,0.10
2020.01.16 17:52:50.044,1.11342,1.11344,0.75,0.82
2020.01.16 17:52:50.146,1.11342,1.11345,1.95,6.07
2020.01.16 17:52:57.626,1.11342,1.11344,1.95,0.75
2020.01.16 17:52:57.815,1.11343,1.11345,0.75,3.45
2020.01.16 17:52:57.917,1.11342,1.11343,3.07,0.75
2020.01.16 17:52:58.018,1.11342,1.11344,1.20,1.57
2020.01.16 17:52:58.121,1.11342,1.11343,1.12,0.10
2020.01.16 17:53:02.064,1.11341,1.11343,1.50,0.82
2020.01.16 17:53:02.165,1.11341,1.11342,0.75,0.10
2020.01.16 17:53:02.293,1.1134,1.11341,1.12,0.75
2020.01.16 17:53:02.346,1.11338,1.11339,1.20,0.75
2020.01.16 17:53:02.447,1.11337,1.11339,3.37,0.75
2020.01.16 17:53:02.961,1.11337,1.11338,0.75,0.75
2020.01.16 17:53:03.062,1.11336,1.11338,5.06,1.50
2020.01.16 17:53:09.035,1.11336,1.11337,1.12,0.75
2020.01.16 17:53:09.684,1.11335,1.11337,2.44,0.85
2020.01.16 17:53:09.786,1.11334,1.11335,1.69,1.76
2020.01.16 17:53:09.837,1.11332,1.11334,0.64,0.10
2020.01.16 17:53:09.939,1.11331,1.11334,11.02,0.10
2020.01.16 17:53:10.040,1.11332,1.11334,1.87,0.10
2020.01.16 17:53:10.224,1.11331,1.11334,6.71,0.10
2020.01.16 17:53:10.325,1.11333,1.11334,0.37,0.10
2020.01.16 17:53:12.109,1.11332,1.11334,0.37,0.10
2020.01.16 17:53:12.567,1.11331,1.11332,1.57,1.50
2020.01.16 17:53:12.668,1.11331,1.11332,0.37,0.75
2020.01.16 17:53:18.563,1.1133,1.11332,2.89,0.75
2020.01.16 17:53:19.148,1.11331,1.11332,0.45,0.75
2020.01.16 17:53:29.243,1.1133,1.11332,3.26,0.75
2020.01.16 17:53:30.154,1.1133,1.11332,2.51,0.75
2020.01.16 17:53:31.573,1.11331,1.11332,0.10,0.75
2020.01.16 17:53:31.942,1.1133,1.11332,2.51,0.75
2020.01.16 17:53:32.326,1.11331,1.11332,0.37,0.75
2020.01.16 17:53:33.584,1.1133,1.11332,1.39,0.75
2020.01.16 17:53:36.676,1.11331,1.11332,0.75,0.75
2020.01.16 17:53:44.716,1.1133,1.11331,1.31,0.75
2020.01.16 17:53:46.269,1.11329,1.11332,5.14,0.82
2020.01.16 17:53:46.718,1.1133,1.11332,0.10,0.82
2020.01.16 17:53:47.251,1.11329,1.11332,4.39,0.82
2020.01.16 17:53:47.365,1.1133,1.11332,0.10,0.82
2020.01.16 17:53:50.188,1.11329,1.11331,2.70,0.75
2020.01.16 17:53:50.290,1.11329,1.1133,1.20,0.75
2020.01.16 17:53:50.457,1.1133,1.11331,0.10,0.75
2020.01.16 17:53:50.559,1.11329,1.1133,1.12,0.75
2020.01.16 17:54:03.825,1.1133,1.11331,0.37,0.82
2020.01.16 17:54:03.987,1.1133,1.11331,0.37,0.10
2020.01.16 17:54:19.165,1.11329,1.11331,2.81,0.64
2020.01.16 17:54:20.110,1.1133,1.11331,1.50,0.10
2020.01.16 17:54:23.683,1.11329,1.11331,4.12,0.10
2020.01.16 17:54:23.784,1.1133,1.11331,0.75,0.10
2020.01.16 17:54:23.886,1.11329,1.11331,2.62,0.10
2020.01.16 17:54:28.079,1.11329,1.11331,3.37,0.75
2020.01.16 17:54:28.368,1.11329,1.11332,2.70,1.95
2020.01.16 17:54:29.074,1.1133,1.11332,1.69,0.75
2020.01.16 17:54:29.219,1.11331,1.11333,2.06,0.45
2020.01.16 17:54:30.936,1.11332,1.11333,0.37,0.10
2020.01.16 17:54:31.038,1.11333,1.11334,0.75,0.75
2020.01.16 17:54:31.140,1.11335,1.11336,0.94,1.87
2020.01.16 17:54:31.243,1.11335,1.11337,1.31,3.75
2020.01.16 17:54:31.884,1.11336,1.11337,0.75,0.75
2020.01.16 17:54:31.993,1.11337,1.11338,0.37,2.25
2020.01.16 17:54:32.247,1.11337,1.11339,0.37,0.64
2020.01.16 17:54:35.264,1.11337,1.1134,9.26,4.39
2020.01.16 17:54:37.860,1.11338,1.1134,3.75,2.62
2020.01.16 17:54:38.984,1.11337,1.1134,6.82,2.62
2020.01.16 17:54:40.986,1.11339,1.11341,0.19,2.32
2020.01.16 17:54:41.088,1.1134,1.11342,0.37,6.19
2020.01.16 17:54:43.446,1.1134,1.11341,0.37,0.75
2020.01.16 17:54:43.693,1.11339,1.11342,0.56,5.06
2020.01.16 17:54:44.784,1.11339,1.11341,1.69,0.75
2020.01.16 17:54:48.185,1.11339,1.11342,1.69,4.31
2020.01.16 17:54:48.287,1.11339,1.11341,0.94,0.75
2020.01.16 17:54:49.003,1.11339,1.1134,0.94,0.75
2020.01.16 17:54:49.108,1.11337,1.1134,0.75,4.39
2020.01.16 17:54:49.260,1.11337,1.11339,1.31,0.75
2020.01.16 17:54:49.362,1.11337,1.1134,0.94,5.40
2020.01.16 17:54:50.275,1.11336,1.1134,3.07,5.40
2020.01.16 17:54:52.256,1.11336,1.11339,2.51,0.75
2020.01.16 17:54:53.378,1.11336,1.11338,0.56,0.10
2020.01.16 17:54:53.692,1.11335,1.11338,4.01,2.32
2020.01.16 17:54:53.945,1.11336,1.11338,0.10,0.82
2020.01.16 17:54:54.698,1.11335,1.11338,4.39,0.82
2020.01.16 17:54:54.851,1.11336,1.11338,0.75,0.82
2020.01.16 17:54:57.957,1.11337,1.11338,0.37,1.12
2020.01.16 17:54:59.064,1.11335,1.11338,7.84,0.75
2020.01.16 17:55:00.093,1.11336,1.11338,0.15,0.10
2020.01.16 17:55:00.472,1.11335,1.11339,2.92,4.76
2020.01.16 17:55:01.809,1.11336,1.11338,0.75,0.75
2020.01.16 17:55:07.206,1.11336,1.11337,1.12,0.37
2020.01.16 17:55:07.307,1.11335,1.11338,2.06,1.95
2020.01.16 17:55:09.393,1.11335,1.11337,2.25,0.37
2020.01.16 17:55:11.345,1.11335,1.11338,1.87,2.70
2020.01.16 17:55:11.654,1.11334,1.11337,1.87,3.45
2020.01.16 17:55:14.019,1.11334,1.11336,2.25,0.75
2020.01.16 17:55:16.593,1.11334,1.11337,0.82,5.14
2020.01.16 17:55:18.244,1.11333,1.11335,0.37,0.94
2020.01.16 17:55:18.497,1.11332,1.11335,6.94,0.94
2020.01.16 17:55:18.634,1.11333,1.11335,0.75,1.69
2020.01.16 17:55:18.735,1.11332,1.11335,7.69,0.94
2020.01.16 17:55:18.908,1.11333,1.11334,0.75,0.75
2020.01.16 17:55:19.076,1.11332,1.11335,7.69,2.44
2020.01.16 17:55:20.573,1.11333,1.11335,0.75,3.19
2020.01.16 17:55:20.885,1.11333,1.11334,1.50,0.75
2020.01.16 17:55:20.987,1.11332,1.11334,4.76,0.75
2020.01.16 17:55:21.173,1.11333,1.11334,1.50,0.75
2020.01.16 17:55:21.377,1.11331,1.11334,5.77,1.50
2020.01.16 17:55:22.222,1.11332,1.11334,0.75,1.50
2020.01.16 17:55:22.326,1.11331,1.11334,5.02,1.50
2020.01.16 17:55:22.511,1.11332,1.11334,0.10,1.50
2020.01.16 17:55:22.844,1.11334,1.11335,0.75,0.19
2020.01.16 17:55:22.946,1.11333,1.11336,9.15,2.25
2020.01.16 17:55:23.262,1.11334,1.11336,1.50,2.25
2020.01.16 17:55:23.474,1.11333,1.11336,9.90,2.25
2020.01.16 17:55:23.877,1.11335,1.11336,0.37,0.75
2020.01.16 17:55:26.576,1.11335,1.11337,1.12,3.37
2020.01.16 17:55:30.568,1.11333,1.11335,6.15,0.75
2020.01.16 17:55:30.670,1.11332,1.11334,4.57,1.50
2020.01.16 17:55:30.772,1.11332,1.11333,1.12,0.75
2020.01.16 17:55:30.984,1.11332,1.11334,1.12,1.50
2020.01.16 17:55:33.924,1.11333,1.11334,0.37,1.12
2020.01.16 17:55:35.514,1.11332,1.11334,0.75,0.75
2020.01.16 17:55:37.519,1.11333,1.11334,1.50,0.75
2020.01.16 17:55:37.722,1.11332,1.11334,1.95,0.75
2020.01.16 17:55:41.912,1.11332,1.11335,0.45,0.37
2020.01.16 17:55:42.014,1.11333,1.11335,0.75,1.12
2020.01.16 17:55:47.041,1.11333,1.11334,0.82,0.75
2020.01.16 17:55:51.275,1.11333,1.11335,3.19,1.31
2020.01.16 17:55:51.963,1.11334,1.11335,1.50,0.75
2020.01.16 17:55:52.167,1.11333,1.11335,4.39,0.75
2020.01.16 17:55:52.268,1.11334,1.11335,0.37,0.75
2020.01.16 17:55:54.677,1.11333,1.11335,5.89,0.75
2020.01.16 17:55:55.204,1.11334,1.11335,0.45,0.75
2020.01.16 17:55:58.391,1.11333,1.11335,5.51,0.75
2020.01.16 17:55:58.827,1.11333,1.11336,4.01,2.25
2020.01.16 17:55:59.219,1.11334,1.11336,1.50,3.00
2020.01.16 17:55:59.270,1.11333,1.11334,0.37,2.25
2020.01.16 17:55:59.373,1.11332,1.11333,1.12,2.62
2020.01.16 17:55:59.899,1.11331,1.11332,1.50,0.75
2020.01.16 17:56:00.214,1.11331,1.11332,0.75,0.75
2020.01.16 17:56:02.734,1.1133,1.11332,3.37,1.50
2020.01.16 17:56:02.898,1.1133,1.11331,2.62,0.75
2020.01.16 17:56:02.999,1.1133,1.11332,1.87,1.50
2020.01.16 17:56:03.671,1.1133,1.11331,2.62,0.75
2020.01.16 17:56:04.448,1.11328,1.11329,3.45,1.50
2020.01.16 17:56:04.499,1.11326,1.11328,4.01,1.50
2020.01.16 17:56:04.550,1.11328,1.1133,1.12,7.20
2020.01.16 17:56:06.720,1.11327,1.1133,1.95,2.25
2020.01.16 17:56:06.821,1.11328,1.1133,0.37,3.00
2020.01.16 17:56:09.274,1.11327,1.1133,2.32,3.07
2020.01.16 17:56:11.312,1.11328,1.1133,0.10,3.82
2020.01.16 17:56:11.839,1.11329,1.1133,0.37,0.75
2020.01.16 17:56:14.276,1.11328,1.11329,1.69,0.75
2020.01.16 17:56:14.406,1.11328,1.11329,1.31,0.75
2020.01.16 17:56:14.852,1.11328,1.1133,1.31,2.25
2020.01.16 17:56:15.394,1.11329,1.11331,0.75,4.31
2020.01.16 17:56:15.921,1.11329,1.1133,0.75,1.50
2020.01.16 17:56:16.022,1.11328,1.1133,1.87,1.50
2020.01.16 17:56:16.123,1.11328,1.1133,1.12,1.50
2020.01.16 17:56:16.372,1.11329,1.11331,0.19,1.50
2020.01.16 17:56:16.484,1.11327,1.11329,1.20,0.75
2020.01.16 17:56:17.775,1.11326,1.11329,2.06,0.75
2020.01.16 17:56:19.424,1.11327,1.11329,0.75,2.25
2020.01.16 17:56:21.925,1.11326,1.11329,2.06,2.25
2020.01.16 17:56:22.674,1.11327,1.11329,0.75,2.25
2020.01.16 17:56:22.776,1.11326,1.11329,5.02,2.25
2020.01.16 17:56:23.674,1.11327,1.11329,0.10,2.25
2020.01.16 17:56:25.744,1.11327,1.11328,0.75,1.50
2020.01.16 17:56:25.845,1.11326,1.11327,1.69,1.50
2020.01.16 17:56:26.700,1.11325,1.11328,6.37,3.07
2020.01.16 17:56:26.801,1.11326,1.11328,0.56,3.00
2020.01.16 17:56:28.354,1.11325,1.11328,6.07,2.25
2020.01.16 17:56:30.727,1.11326,1.11328,1.31,2.25
2020.01.16 17:56:32.227,1.11326,1.11327,0.75,0.75
2020.01.16 17:56:32.330,1.11326,1.11328,0.75,1.50
2020.01.16 17:56:33.360,1.11325,1.11328,6.82,1.50
2020.01.16 17:56:34.236,1.11325,1.11327,8.40,0.75
2020.01.16 17:56:35.139,1.11326,1.11327,0.75,0.75
2020.01.16 17:56:37.005,1.11326,1.11328,0.90,1.50
2020.01.16 17:56:37.393,1.11326,1.11329,0.75,4.12
2020.01.16 17:56:37.494,1.11328,1.11329,0.37,4.12
2020.01.16 17:56:40.354,1.11327,1.11329,0.82,3.37
2020.01.16 17:56:40.639,1.11326,1.11329,1.95,3.37
2020.01.16 17:56:48.361,1.11327,1.11329,4.76,0.56
2020.01.16 17:56:48.462,1.11328,1.1133,0.37,0.75
2020.01.16 17:56:48.611,1.11327,1.1133,0.37,3.19
2020.01.16 17:56:48.713,1.11327,1.11329,0.37,0.75
2020.01.16 17:56:49.134,1.11327,1.1133,2.25,1.50
2020.01.16 17:56:49.236,1.11328,1.1133,0.10,0.75
2020.01.16 17:56:54.221,1.11328,1.11329,1.12,0.75
2020.01.16 17:56:55.750,1.11327,1.11329,4.57,0.75
2020.01.16 17:56:57.584,1.11327,1.1133,2.32,2.44
2020.01.16 17:56:58.216,1.11328,1.1133,1.50,2.44
2020.01.16 17:56:58.368,1.11328,1.11331,1.50,5.32
2020.01.16 17:56:58.469,1.11328,1.1133,1.50,0.75
2020.01.16 17:56:59.228,1.11328,1.11331,1.50,6.07
2020.01.16 17:57:00.907,1.1133,1.11331,0.75,2.25
2020.01.16 17:57:01.019,1.1133,1.11332,1.95,0.75
2020.01.16 17:57:02.094,1.11331,1.11332,0.37,0.75
2020.01.16 17:57:03.097,1.1133,1.11332,1.57,0.75
2020.01.16 17:57:03.198,1.11331,1.11332,0.94,0.75
2020.01.16 17:57:05.584,1.1133,1.11332,1.87,1.50
2020.01.16 17:57:07.177,1.1133,1.11333,4.95,1.87
2020.01.16 17:57:07.838,1.11331,1.11333,0.37,3.75
2020.01.16 17:57:09.032,1.1133,1.11333,3.90,1.50
2020.01.16 17:57:10.731,1.11331,1.11333,0.75,3.00
2020.01.16 17:57:11.320,1.1133,1.11333,4.46,1.69
2020.01.16 17:57:12.651,1.1133,1.11331,1.20,0.82
2020.01.16 17:57:12.754,1.11329,1.11331,3.56,1.57
2020.01.16 17:57:20.582,1.11329,1.1133,0.37,0.75
2020.01.16 17:57:22.043,1.11328,1.11331,2.81,3.37
2020.01.16 17:57:23.019,1.11329,1.11331,0.19,2.62
2020.01.16 17:57:24.189,1.1133,1.11331,0.75,0.75
2020.01.16 17:57:24.290,1.1133,1.11332,0.75,1.87
2020.01.16 17:57:24.618,1.1133,1.11331,0.75,0.75
2020.01.16 17:57:25.174,1.1133,1.11332,0.75,2.62
2020.01.16 17:57:27.140,1.11329,1.11332,4.57,2.25
2020.01.16 17:57:27.473,1.1133,1.11331,0.75,0.75
2020.01.16 17:57:28.234,1.1133,1.11332,0.75,1.50
2020.01.16 17:57:29.809,1.11331,1.11333,1.50,1.12
2020.01.16 17:57:29.910,1.11331,1.11334,1.57,3.37
2020.01.16 17:57:30.012,1.11331,1.11335,5.43,8.70
2020.01.16 17:57:30.113,1.11331,1.11334,5.80,2.25
2020.01.16 17:57:30.265,1.11332,1.11334,0.75,3.00
2020.01.16 17:57:30.477,1.11331,1.11334,1.95,3.00
2020.01.16 17:57:33.804,1.11331,1.11333,2.62,0.75
2020.01.16 17:57:34.140,1.11331,1.11334,1.87,3.45
2020.01.16 17:57:40.847,1.11331,1.11333,1.87,3.00
2020.01.16 17:57:40.999,1.11331,1.11332,1.12,0.75
2020.01.16 17:57:45.623,1.11331,1.11333,1.50,1.12
2020.01.16 17:57:47.118,1.11331,1.11332,0.75,1.50
2020.01.16 17:57:47.220,1.11329,1.11331,1.12,3.00
2020.01.16 17:57:47.321,1.11328,1.1133,2.62,0.82
2020.01.16 17:57:47.422,1.11327,1.11329,1.50,1.50
2020.01.16 17:57:48.368,1.11327,1.1133,2.25,4.20
2020.01.16 17:57:48.621,1.11326,1.1133,6.64,4.20
2020.01.16 17:57:49.019,1.11326,1.11329,5.70,0.19
2020.01.16 17:57:50.044,1.11327,1.11329,0.75,2.44
2020.01.16 17:57:50.368,1.11326,1.11329,4.95,1.69
2020.01.16 17:57:51.306,1.11327,1.11329,0.75,3.19
2020.01.16 17:57:56.411,1.11328,1.1133,0.75,1.87
2020.01.16 17:57:56.512,1.11328,1.11331,1.76,5.25
2020.01.16 17:57:56.613,1.11328,1.1133,1.76,1.31
2020.01.16 17:57:57.020,1.11331,1.11332,1.50,2.25
2020.01.16 17:57:57.121,1.11331,1.11333,1.50,1.69
2020.01.16 17:58:00.754,1.1133,1.11333,4.39,0.94
2020.01.16 17:58:01.298,1.11331,1.11333,0.75,0.94
2020.01.16 17:58:01.399,1.1133,1.11333,5.89,0.94
2020.01.16 17:58:01.846,1.11331,1.11333,0.75,1.69
2020.01.16 17:58:02.370,1.1133,1.11333,6.71,0.94
2020.01.16 17:58:02.916,1.11331,1.11333,0.37,0.94
2020.01.16 17:58:07.272,1.1133,1.11333,5.81,0.94
2020.01.16 17:58:08.907,1.11331,1.11333,0.75,1.69
2020.01.16 17:58:09.008,1.1133,1.11333,6.64,0.94
2020.01.16 17:58:09.111,1.11331,1.11333,0.10,0.94
2020.01.16 17:58:15.062,1.11332,1.11333,0.75,0.94
2020.01.16 17:58:15.164,1.11331,1.11333,2.44,0.19
2020.01.16 17:58:15.665,1.11332,1.11333,0.37,0.19
2020.01.16 17:58:18.919,1.11331,1.11333,5.06,0.19
2020.01.16 17:58:19.294,1.11332,1.11334,1.50,1.87
2020.01.16 17:58:19.895,1.11332,1.11335,2.70,5.62
2020.01.16 17:58:20.191,1.11331,1.11335,6.34,5.70
2020.01.16 17:58:20.306,1.11332,1.11335,0.75,7.50
2020.01.16 17:58:20.408,1.11331,1.11335,4.31,5.25
2020.01.16 17:58:21.621,1.11331,1.11334,6.45,0.56
2020.01.16 17:58:21.856,1.11332,1.11334,0.75,0.56
2020.01.16 17:58:21.957,1.11333,1.11335,0.75,2.62
2020.01.16 17:58:22.059,1.11333,1.11334,0.75,0.56
2020.01.16 17:58:22.160,1.11333,1.11335,0.75,2.62
2020.01.16 17:58:23.176,1.11333,1.11334,1.12,0.37
2020.01.16 17:58:24.297,1.11333,1.11335,0.75,4.31
2020.01.16 17:58:24.543,1.11333,1.11334,0.75,0.75
2020.01.16 17:58:24.736,1.11333,1.11335,0.75,5.06
2020.01.16 17:58:25.285,1.11333,1.11334,0.75,0.75
2020.01.16 17:58:28.573,1.11333,1.11335,0.75,4.87
2020.01.16 17:58:29.110,1.11333,1.11334,0.75,0.56
2020.01.16 17:58:30.985,1.11333,1.11335,0.75,4.95
2020.01.16 17:58:31.892,1.11333,1.11334,0.75,1.50
2020.01.16 17:58:31.993,1.11333,1.11335,0.75,7.20
2020.01.16 17:58:32.094,1.11333,1.11334,0.75,0.56
2020.01.16 17:58:32.196,1.11333,1.11335,0.75,5.02
2020.01.16 17:58:33.116,1.11333,1.11334,0.75,0.75
2020.01.16 17:58:34.452,1.11333,1.11335,0.75,0.75
2020.01.16 17:58:34.554,1.11334,1.11335,0.37,2.25
2020.01.16 17:58:36.537,1.11333,1.11335,1.50,0.75
2020.01.16 17:58:39.495,1.11333,1.11336,0.75,5.25
2020.01.16 17:58:42.702,1.11333,1.11335,1.50,0.75
2020.01.16 17:58:44.281,1.11333,1.11336,1.12,2.81
2020.01.16 17:58:46.028,1.11334,1.11336,0.75,2.06
2020.01.16 17:58:46.130,1.11336,1.11337,0.19,0.37
2020.01.16 17:58:46.231,1.11336,1.11338,0.19,3.56
2020.01.16 17:58:59.669,1.11337,1.11338,0.75,0.19
2020.01.16 17:58:59.822,1.11337,1.11339,1.57,0.75
2020.01.16 17:59:00.329,1.11337,1.1134,1.27,1.12
2020.01.16 17:59:02.339,1.11337,1.11338,0.37,1.87
2020.01.16 17:59:03.331,1.11336,1.11338,2.44,3.40
2020.01.16 17:59:06.321,1.11338,1.11339,0.75,1.20
2020.01.16 17:59:06.731,1.11338,1.1134,0.75,1.95
2020.01.16 17:59:09.626,1.11337,1.1134,0.82,1.57
2020.01.16 17:59:11.016,1.11339,1.1134,0.75,0.75
2020.01.16 17:59:11.118,1.11339,1.11341,1.69,1.12
2020.01.16 17:59:12.321,1.11339,1.11342,0.75,5.55
2020.01.16 17:59:15.004,1.11341,1.11342,1.50,0.75
2020.01.16 17:59:15.105,1.11341,1.11343,3.00,3.26
2020.01.16 17:59:16.478,1.11342,1.11343,2.70,0.75
2020.01.16 17:59:16.529,1.11343,1.11345,0.75,1.50
2020.01.16 17:59:16.630,1.11343,1.11345,0.75,0.37
2020.01.16 17:59:16.732,1.11342,1.11345,4.46,0.37
2020.01.16 17:59:17.493,1.11342,1.11346,4.46,4.12
2020.01.16 17:59:17.789,1.11343,1.11346,0.45,4.12
2020.01.16 17:59:18.164,1.11344,1.11347,0.82,7.20
2020.01.16 17:59:18.367,1.11344,1.11346,1.20,0.56
2020.01.16 17:59:18.806,1.11345,1.11346,0.75,0.56
2020.01.16 17:59:19.381,1.11345,1.11347,0.94,1.12
2020.01.16 17:59:20.653,1.11346,1.11348,0.75,2.25
2020.01.16 17:59:30.406,1.11347,1.11348,1.50,1.12
2020.01.16 17:59:30.515,1.11348,1.11349,1.50,0.75
2020.01.16 17:59:30.566,1.11348,1.11351,2.70,3.56
2020.01.16 17:59:30.668,1.11349,1.1135,0.94,0.37
2020.01.16 17:59:30.769,1.11349,1.11351,0.19,1.87
2020.01.16 17:59:32.284,1.11348,1.1135,0.75,0.37
2020.01.16 17:59:32.386,1.11347,1.11349,3.37,1.87
2020.01.16 17:59:32.487,1.11348,1.11349,0.75,1.87
2020.01.16 17:59:32.589,1.11347,1.11349,2.62,1.87
2020.01.16 17:59:32.690,1.11348,1.11349,0.75,1.87
2020.01.16 17:59:32.792,1.11347,1.11349,2.62,1.87
2020.01.16 17:59:33.302,1.11348,1.11349,0.75,1.87
2020.01.16 17:59:33.404,1.11347,1.11349,5.70,1.50
2020.01.16 17:59:34.946,1.11348,1.11349,0.10,1.50
2020.01.16 17:59:35.938,1.11347,1.11349,1.50,3.00
2020.01.16 17:59:37.896,1.11348,1.11349,0.37,1.87
2020.01.16 17:59:38.887,1.11347,1.11349,3.19,1.50
2020.01.16 17:59:41.704,1.11348,1.1135,0.75,0.37
2020.01.16 17:59:41.806,1.11348,1.11351,1.20,1.87
2020.01.16 17:59:42.162,1.11348,1.1135,1.95,0.75
2020.01.16 17:59:42.264,1.11348,1.11351,1.95,1.12
2020.01.16 17:59:42.365,1.11349,1.11351,0.37,2.25
2020.01.16 17:59:42.781,1.11349,1.1135,1.12,0.94
2020.01.16 17:59:42.883,1.11348,1.11351,1.20,5.25
2020.01.16 17:59:42.985,1.11347,1.11351,4.57,4.69
2020.01.16 17:59:43.955,1.11348,1.1135,0.10,0.37
2020.01.16 17:59:44.350,1.11347,1.1135,3.75,0.37
2020.01.16 17:59:44.453,1.11348,1.1135,0.75,1.87
2020.01.16 17:59:45.097,1.11347,1.1135,3.07,2.25
2020.01.16 17:59:46.085,1.11348,1.1135,0.75,2.25
2020.01.16 17:59:46.345,1.11347,1.1135,3.07,2.25
2020.01.16 17:59:47.797,1.11347,1.11349,2.25,0.37
2020.01.16 17:59:47.926,1.11347,1.1135,2.25,0.75
2020.01.16 17:59:48.626,1.11348,1.1135,0.75,1.50
2020.01.16 17:59:50.818,1.11348,1.11349,0.75,0.37
2020.01.16 17:59:52.194,1.11347,1.11348,0.75,0.75
2020.01.16 17:59:55.797,1.11346,1.11348,5.62,1.87
