2013.01.30 04:00:00.391,1.34892,1.34897,1.50,1.50
2013.01.30 04:00:03.320,1.34892,1.34897,1.50,2.25
2013.01.30 04:00:04.050,1.34892,1.34897,2.25,1.50
2013.01.30 04:00:05.942,1.34895,1.34899,1.50,2.25
2013.01.30 04:00:06.121,1.34896,1.34901,1.50,1.88
2013.01.30 04:00:06.681,1.34899,1.34901,1.50,1.13
2013.01.30 04:00:07.311,1.34896,1.34901,1.73,2.25
2013.01.30 04:00:07.373,1.34895,1.34899,1.50,3.00
2013.01.30 04:00:07.990,1.34892,1.34898,2.25,1.50
2013.01.30 04:00:11.295,1.34892,1.34897,2.25,1.50
2013.01.30 04:00:11.362,1.34891,1.34897,1.50,3.00
2013.01.30 04:00:11.901,1.34891,1.34896,2.25,1.50
2013.01.30 04:00:15.621,1.34891,1.34897,2.25,2.25
2013.01.30 04:00:24.901,1.34893,1.34898,1.50,1.50
2013.01.30 04:00:25.456,1.34894,1.34899,1.50,3.00
2013.01.30 04:00:28.631,1.34892,1.34898,2.25,1.50
2013.01.30 04:00:30.780,1.34892,1.34899,2.25,3.75
2013.01.30 04:00:30.961,1.34894,1.34899,1.50,3.00
2013.01.30 04:00:37.200,1.34892,1.34899,3.00,3.00
2013.01.30 04:00:39.164,1.34892,1.34896,1.50,8.25
2013.01.30 04:00:39.472,1.34886,1.34894,2.25,9.52
2013.01.30 04:00:39.547,1.34884,1.34889,2.25,1.50
2013.01.30 04:00:40.161,1.34884,1.34886,1.88,2.25
2013.01.30 04:00:40.701,1.34884,1.34887,2.25,1.50
2013.01.30 04:00:41.192,1.34884,1.34889,2.25,3.75
2013.01.30 04:00:41.312,1.34882,1.34889,1.13,3.75
2013.01.30 04:00:41.590,1.34884,1.34889,1.13,1.50
2013.01.30 04:00:42.191,1.34884,1.34891,1.73,1.88
2013.01.30 04:00:44.281,1.34884,1.34889,1.73,1.50
2013.01.30 04:00:44.582,1.34879,1.34884,1.50,2.10
2013.01.30 04:00:44.881,1.34878,1.34884,1.50,3.38
2013.01.30 04:00:45.425,1.34878,1.34884,1.50,2.63
2013.01.30 04:00:45.771,1.34876,1.34882,3.00,1.05
2013.01.30 04:00:46.981,1.34878,1.34882,1.50,1.05
2013.01.30 04:00:47.530,1.34877,1.34882,1.13,1.58
2013.01.30 04:00:52.531,1.34877,1.34882,1.13,2.25
2013.01.30 04:00:53.081,1.34877,1.34882,1.13,1.58
2013.01.30 04:00:54.211,1.34877,1.34882,1.13,1.58
2013.01.30 04:00:54.812,1.34877,1.34882,1.13,2.25
2013.01.30 04:00:55.351,1.34877,1.34882,1.13,2.25
2013.01.30 04:00:56.561,1.34877,1.34881,1.13,1.50
2013.01.30 04:01:01.065,1.34877,1.34883,2.85,1.65
2013.01.30 04:01:01.372,1.3488,1.34884,1.50,2.03
2013.01.30 04:01:01.555,1.34882,1.34885,1.13,1.50
2013.01.30 04:01:02.101,1.34881,1.34886,1.50,1.50
2013.01.30 04:01:05.831,1.34881,1.34888,2.25,2.25
2013.01.30 04:01:11.880,1.34881,1.34888,3.75,1.50
2013.01.30 04:01:14.431,1.34881,1.34888,2.25,2.25
2013.01.30 04:01:14.732,1.34884,1.34889,1.50,1.50
2013.01.30 04:01:16.711,1.34884,1.3489,2.48,3.75
2013.01.30 04:01:17.324,1.34884,1.3489,2.25,3.75
2013.01.30 04:01:19.501,1.34885,1.3489,1.73,2.25
2013.01.30 04:01:19.562,1.34885,1.3489,1.73,1.50
2013.01.30 04:01:20.083,1.34887,1.34892,2.25,2.25
2013.01.30 04:01:20.626,1.34887,1.34892,2.25,1.58
2013.01.30 04:01:21.110,1.34887,1.34892,2.25,1.58
2013.01.30 04:01:23.272,1.34885,1.34891,2.25,3.00
2013.01.30 04:01:23.821,1.34885,1.34891,2.25,3.00
2013.01.30 04:01:24.530,1.34885,1.34891,2.25,2.33
2013.01.30 04:01:24.651,1.34887,1.34892,2.25,1.80
2013.01.30 04:01:25.071,1.34888,1.34893,1.50,3.15
2013.01.30 04:01:25.800,1.34888,1.34893,1.50,3.15
2013.01.30 04:01:32.791,1.34888,1.34893,1.50,1.65
2013.01.30 04:01:33.091,1.34884,1.34889,2.25,1.50
2013.01.30 04:01:33.641,1.34882,1.34889,2.25,2.25
2013.01.30 04:01:43.011,1.34884,1.34889,1.50,2.25
2013.01.30 04:01:43.071,1.34884,1.34889,2.25,1.50
2013.01.30 04:01:43.432,1.34886,1.34891,2.25,3.00
2013.01.30 04:01:43.972,1.34888,1.34893,1.50,3.15
2013.01.30 04:01:44.584,1.34886,1.34892,2.48,1.58
2013.01.30 04:02:10.204,1.34887,1.34893,2.48,3.53
2013.01.30 04:02:23.511,1.34887,1.34893,2.48,2.78
2013.01.30 04:02:35.611,1.34889,1.34893,1.50,1.20
2013.01.30 04:02:37.620,1.34888,1.34893,1.50,2.70
2013.01.30 04:02:46.756,1.34887,1.34893,2.48,2.78
2013.01.30 04:02:47.611,1.3489,1.34893,1.50,1.88
2013.01.30 04:02:48.092,1.34888,1.34893,1.50,3.00
2013.01.30 04:02:48.741,1.34887,1.34891,1.50,1.50
2013.01.30 04:02:48.982,1.34885,1.34891,3.00,1.88
2013.01.30 04:02:49.491,1.34884,1.34891,3.98,2.63
2013.01.30 04:02:52.761,1.34884,1.34891,3.98,2.25
2013.01.30 04:02:53.289,1.34885,1.34891,1.50,2.25
2013.01.30 04:02:53.851,1.34885,1.34891,1.50,2.25
2013.01.30 04:02:54.211,1.34887,1.34891,1.50,1.88
2013.01.30 04:02:54.862,1.34885,1.34891,1.50,1.88
2013.01.30 04:02:55.651,1.34884,1.34891,3.23,1.88
2013.01.30 04:02:56.191,1.34885,1.3489,1.50,1.50
2013.01.30 04:02:56.731,1.34887,1.34891,1.50,1.50
2013.01.30 04:03:01.724,1.34885,1.3489,1.50,1.50
2013.01.30 04:03:02.043,1.34883,1.34888,1.50,1.50
2013.01.30 04:03:02.342,1.34883,1.34888,1.50,1.50
2013.01.30 04:03:05.311,1.34881,1.34887,2.25,1.50
2013.01.30 04:03:16.721,1.34881,1.34886,1.50,1.50
2013.01.30 04:03:17.321,1.3488,1.34885,1.50,1.50
2013.01.30 04:03:18.011,1.3488,1.34885,1.50,1.50
2013.01.30 04:03:21.501,1.34879,1.34884,2.48,1.50
2013.01.30 04:03:21.741,1.34878,1.34883,1.73,1.50
2013.01.30 04:03:22.362,1.34878,1.34883,1.73,1.50
2013.01.30 04:03:23.481,1.3488,1.34884,1.50,1.50
2013.01.30 04:03:25.982,1.3488,1.34884,1.50,1.50
2013.01.30 04:03:26.104,1.3488,1.34885,1.50,1.50
2013.01.30 04:03:26.236,1.34882,1.34888,1.50,2.48
2013.01.30 04:03:26.483,1.34882,1.34889,1.73,3.75
2013.01.30 04:03:26.545,1.34883,1.34889,1.73,3.00
2013.01.30 04:03:27.080,1.34885,1.34891,1.73,1.50
2013.01.30 04:03:34.181,1.34883,1.34888,1.73,1.50
2013.01.30 04:03:34.432,1.34884,1.34889,2.48,1.50
2013.01.30 04:03:34.981,1.34886,1.34891,1.73,2.25
2013.01.30 04:03:36.071,1.34885,1.3489,1.73,1.50
2013.01.30 04:03:36.612,1.34885,1.34891,2.48,1.58
2013.01.30 04:03:41.011,1.34885,1.3489,1.50,1.50
2013.01.30 04:03:41.071,1.34885,1.3489,1.50,2.25
2013.01.30 04:03:41.611,1.34885,1.34891,1.73,3.00
2013.01.30 04:03:58.234,1.34884,1.34889,2.48,1.50
2013.01.30 04:04:01.353,1.3488,1.34886,4.35,3.76
2013.01.30 04:04:01.413,1.3488,1.34883,1.35,1.50
2013.01.30 04:04:01.836,1.34877,1.34883,1.50,3.00
2013.01.30 04:04:07.342,1.34877,1.34882,1.50,1.50
2013.01.30 04:04:07.642,1.34876,1.34883,2.48,4.50
2013.01.30 04:04:08.181,1.34877,1.34883,1.50,4.50
2013.01.30 04:04:16.703,1.34877,1.34883,1.50,2.63
2013.01.30 04:04:25.603,1.34878,1.34883,1.13,2.25
2013.01.30 04:04:25.723,1.34881,1.34887,1.50,3.00
2013.01.30 04:04:25.901,1.34881,1.34887,2.25,2.25
2013.01.30 04:04:27.681,1.34881,1.34887,1.50,1.50
2013.01.30 04:04:34.592,1.34881,1.34886,1.50,2.25
2013.01.30 04:04:34.841,1.34877,1.34884,3.00,2.63
2013.01.30 04:04:41.942,1.34877,1.34882,2.25,1.50
2013.01.30 04:04:46.781,1.34877,1.34882,2.25,1.50
2013.01.30 04:04:57.911,1.34877,1.34882,1.50,1.50
2013.01.30 04:05:15.753,1.34878,1.34882,3.00,1.50
2013.01.30 04:05:16.112,1.34881,1.34885,2.48,2.25
2013.01.30 04:05:16.652,1.34881,1.34885,1.50,1.50
2013.01.30 04:05:17.012,1.34885,1.3489,1.50,1.88
2013.01.30 04:05:17.551,1.34884,1.34888,2.25,1.13
2013.01.30 04:05:19.742,1.34883,1.34887,1.50,1.13
2013.01.30 04:05:21.651,1.34882,1.34887,1.50,1.88
2013.01.30 04:05:25.142,1.3488,1.34885,2.25,1.50
2013.01.30 04:05:32.452,1.3488,1.34885,1.50,1.58
2013.01.30 04:05:32.766,1.3488,1.34883,1.50,2.03
2013.01.30 04:05:33.317,1.34876,1.34883,3.23,2.78
2013.01.30 04:05:33.851,1.34876,1.34883,3.23,2.78
2013.01.30 04:05:37.731,1.34876,1.34883,3.60,3.08
2013.01.30 04:05:38.784,1.34878,1.34883,1.50,3.15
2013.01.30 04:05:44.823,1.34878,1.34884,1.13,2.55
2013.01.30 04:05:45.002,1.34881,1.34885,1.73,1.88
2013.01.30 04:05:45.121,1.34879,1.34885,1.73,2.03
2013.01.30 04:05:45.421,1.3488,1.34883,1.50,2.40
2013.01.30 04:05:47.573,1.34878,1.34883,2.25,1.50
2013.01.30 04:05:47.752,1.34881,1.34885,1.50,1.17
2013.01.30 04:05:47.812,1.34881,1.34887,1.88,3.98
2013.01.30 04:05:47.871,1.34881,1.34887,1.88,3.98
2013.01.30 04:05:48.172,1.34881,1.34885,1.50,1.50
2013.01.30 04:05:48.411,1.34882,1.34887,1.50,2.63
2013.01.30 04:05:48.952,1.34882,1.34887,1.50,1.13
2013.01.30 04:05:49.981,1.34882,1.34887,1.50,1.88
2013.01.30 04:05:50.741,1.34882,1.34886,1.50,1.50
2013.01.30 04:05:51.697,1.34881,1.34885,1.50,1.50
2013.01.30 04:05:52.311,1.3488,1.34885,1.50,2.63
2013.01.30 04:05:52.841,1.3488,1.34884,1.50,1.50
2013.01.30 04:05:59.283,1.3488,1.34884,2.48,1.50
2013.01.30 04:06:24.752,1.34881,1.34885,1.73,1.50
2013.01.30 04:06:28.841,1.34881,1.34885,1.73,2.25
2013.01.30 04:06:35.221,1.3488,1.34886,2.48,2.25
2013.01.30 04:07:07.101,1.3488,1.34886,2.48,1.50
2013.01.30 04:07:15.590,1.34881,1.34886,1.73,1.50
2013.01.30 04:07:20.126,1.34881,1.34886,2.48,1.50
2013.01.30 04:07:24.480,1.3488,1.34885,3.23,1.50
2013.01.30 04:07:25.082,1.3488,1.34885,1.73,1.50
2013.01.30 04:07:25.141,1.34878,1.34882,3.23,1.13
2013.01.30 04:07:25.201,1.34878,1.34882,3.00,1.13
2013.01.30 04:07:26.062,1.34879,1.34883,1.50,1.88
2013.01.30 04:07:26.604,1.34878,1.34883,1.50,2.63
2013.01.30 04:07:29.461,1.34877,1.34882,3.23,1.88
2013.01.30 04:07:29.761,1.34874,1.3488,2.48,2.25
2013.01.30 04:07:30.183,1.34872,1.34878,2.85,1.50
2013.01.30 04:07:30.242,1.34872,1.34878,2.85,1.50
2013.01.30 04:07:30.912,1.34872,1.34878,2.10,1.50
2013.01.30 04:07:31.722,1.34872,1.34878,2.85,1.50
2013.01.30 04:07:36.542,1.34872,1.34878,3.98,1.50
2013.01.30 04:07:38.331,1.34874,1.34878,1.50,1.50
2013.01.30 04:07:38.972,1.34874,1.34878,2.25,1.50
2013.01.30 04:07:39.153,1.34876,1.34882,1.73,2.33
2013.01.30 04:07:39.632,1.34878,1.34884,1.73,1.88
2013.01.30 04:07:40.171,1.34879,1.34884,1.73,1.88
2013.01.30 04:07:48.251,1.34879,1.34884,1.73,1.88
2013.01.30 04:07:48.984,1.34879,1.34884,1.73,1.88
2013.01.30 04:07:49.553,1.34879,1.34884,1.73,1.88
2013.01.30 04:07:55.282,1.34878,1.34884,1.73,2.63
2013.01.30 04:08:17.172,1.34878,1.34884,1.73,1.50
2013.01.30 04:08:18.171,1.34878,1.34884,1.73,1.50
2013.01.30 04:08:20.368,1.34878,1.34882,1.73,3.00
2013.01.30 04:08:24.142,1.34879,1.34883,1.73,1.13
2013.01.30 04:08:24.503,1.34879,1.34884,1.73,1.13
2013.01.30 04:08:24.683,1.34878,1.34881,1.73,1.13
2013.01.30 04:08:25.185,1.34879,1.34882,1.73,3.00
2013.01.30 04:08:27.182,1.34879,1.34882,1.73,3.00
2013.01.30 04:08:28.212,1.34879,1.34884,2.48,1.50
2013.01.30 04:08:34.774,1.34879,1.34884,2.48,1.50
2013.01.30 04:08:59.779,1.34879,1.34884,2.48,1.50
2013.01.30 04:09:26.881,1.34878,1.34884,2.48,1.50
2013.01.30 04:09:27.434,1.34878,1.34885,3.23,3.38
2013.01.30 04:09:27.633,1.34879,1.34885,2.48,2.63
2013.01.30 04:09:31.554,1.34879,1.34885,1.73,3.38
2013.01.30 04:09:37.022,1.34879,1.34885,2.48,2.63
2013.01.30 04:09:41.641,1.34879,1.34885,1.73,3.38
2013.01.30 04:09:44.474,1.34879,1.34885,1.73,2.63
2013.01.30 04:09:45.191,1.34877,1.34884,2.48,1.50
2013.01.30 04:09:47.165,1.34878,1.34885,1.73,3.38
2013.01.30 04:09:50.801,1.34878,1.34884,2.48,3.00
2013.01.30 04:09:51.102,1.34876,1.34882,2.48,1.50
2013.01.30 04:09:51.404,1.34875,1.3488,1.50,1.13
2013.01.30 04:09:51.711,1.34873,1.34879,2.48,1.50
2013.01.30 04:09:51.892,1.34875,1.3488,1.50,1.50
2013.01.30 04:09:51.951,1.34875,1.34881,3.23,1.50
2013.01.30 04:09:52.131,1.34876,1.34882,1.73,2.25
2013.01.30 04:09:54.101,1.34877,1.34882,1.73,1.50
2013.01.30 04:09:58.041,1.34877,1.34883,1.73,3.75
2013.01.30 04:10:00.442,1.34877,1.34883,2.48,2.25
2013.01.30 04:10:00.681,1.34877,1.34883,2.48,3.75
2013.01.30 04:10:10.162,1.34877,1.34884,2.48,4.88
2013.01.30 04:10:12.647,1.34878,1.34884,1.73,3.38
2013.01.30 04:10:15.502,1.34878,1.34884,1.73,2.63
2013.01.30 04:10:21.213,1.34878,1.34884,1.73,2.63
2013.01.30 04:10:31.972,1.3488,1.34885,1.50,1.88
2013.01.30 04:10:32.473,1.3488,1.34885,1.50,1.13
2013.01.30 04:10:33.461,1.3488,1.34885,1.50,1.13
2013.01.30 04:10:34.083,1.3488,1.34885,1.50,1.13
2013.01.30 04:10:38.801,1.3488,1.34885,1.50,1.50
2013.01.30 04:10:41.905,1.3488,1.34885,1.50,1.13
2013.01.30 04:10:42.561,1.3488,1.34885,1.50,1.50
2013.01.30 04:10:46.961,1.3488,1.34885,1.50,1.50
2013.01.30 04:10:48.021,1.3488,1.34885,1.50,1.50
2013.01.30 04:10:50.951,1.34878,1.34884,1.73,1.50
2013.01.30 04:11:11.074,1.34878,1.34884,1.73,4.88
2013.01.30 04:11:11.594,1.34877,1.34882,2.48,1.13
2013.01.30 04:11:12.572,1.34877,1.34882,2.48,1.13
2013.01.30 04:11:15.942,1.34877,1.34883,2.85,1.50
2013.01.30 04:11:16.502,1.34877,1.34883,3.60,1.50
2013.01.30 04:11:20.942,1.3488,1.34885,1.50,1.50
2013.01.30 04:11:21.302,1.3488,1.34885,1.73,1.50
2013.01.30 04:11:31.852,1.34882,1.34886,1.73,2.25
2013.01.30 04:11:40.905,1.34883,1.34886,1.50,1.50
2013.01.30 04:11:41.354,1.34885,1.34889,1.50,1.88
2013.01.30 04:11:41.872,1.34885,1.34889,1.50,1.13
2013.01.30 04:11:44.992,1.34885,1.3489,1.50,2.63
2013.01.30 04:11:45.233,1.34887,1.34892,2.25,2.48
2013.01.30 04:11:45.354,1.34887,1.34893,3.23,2.25
2013.01.30 04:11:45.892,1.34889,1.34893,1.50,1.50
2013.01.30 04:11:46.424,1.34887,1.34893,3.23,2.25
2013.01.30 04:11:57.439,1.34888,1.34893,1.50,1.13
2013.01.30 04:11:57.742,1.34889,1.34894,1.50,2.25
2013.01.30 04:11:57.802,1.34888,1.34894,1.50,2.48
2013.01.30 04:11:58.211,1.34887,1.34893,1.73,3.38
2013.01.30 04:11:58.763,1.34887,1.34892,1.73,1.50
2013.01.30 04:12:00.044,1.34887,1.34892,1.73,1.50
2013.01.30 04:12:00.591,1.34887,1.34893,2.48,2.63
2013.01.30 04:12:01.106,1.34887,1.34893,1.73,2.63
2013.01.30 04:12:06.378,1.34887,1.34893,2.48,3.38
2013.01.30 04:12:11.162,1.34887,1.34893,2.48,4.13
2013.01.30 04:12:12.432,1.34887,1.34892,1.73,1.50
2013.01.30 04:12:12.913,1.34885,1.34889,1.73,1.50
2013.01.30 04:12:13.033,1.34881,1.34887,1.73,2.25
2013.01.30 04:12:16.872,1.34881,1.34886,1.50,1.88
2013.01.30 04:12:17.403,1.34879,1.34885,2.25,1.50
2013.01.30 04:12:26.993,1.3488,1.34886,1.50,2.25
2013.01.30 04:12:56.313,1.34881,1.34888,1.50,4.88
2013.01.30 04:12:56.865,1.34879,1.34887,3.23,1.50
2013.01.30 04:13:07.578,1.3488,1.34887,1.50,2.25
2013.01.30 04:13:09.122,1.34882,1.34888,1.50,3.75
2013.01.30 04:13:09.963,1.34883,1.34888,1.50,2.25
2013.01.30 04:13:18.642,1.34881,1.34888,2.25,2.25
2013.01.30 04:13:28.732,1.34881,1.34886,1.50,1.50
2013.01.30 04:13:28.792,1.3488,1.34885,1.50,1.13
2013.01.30 04:13:31.625,1.34879,1.34885,2.48,1.88
2013.01.30 04:13:36.702,1.3488,1.34887,3.00,3.38
2013.01.30 04:13:37.274,1.34881,1.34887,1.50,2.63
2013.01.30 04:13:41.116,1.34882,1.34887,2.48,1.50
2013.01.30 04:13:41.172,1.34884,1.34889,2.48,1.80
2013.01.30 04:13:41.721,1.34884,1.34889,2.48,1.05
2013.01.30 04:13:42.633,1.34884,1.34888,1.73,2.25
2013.01.30 04:13:43.293,1.34882,1.34888,1.50,3.75
2013.01.30 04:13:50.215,1.34882,1.34887,1.50,1.50
2013.01.30 04:14:03.853,1.34882,1.34887,1.50,2.25
2013.01.30 04:14:06.172,1.34882,1.34887,1.50,2.25
2013.01.30 04:14:06.723,1.3488,1.34886,1.50,2.25
2013.01.30 04:14:14.524,1.3488,1.34885,1.50,1.50
2013.01.30 04:14:39.232,1.34882,1.34887,1.50,3.38
2013.01.30 04:15:04.723,1.34883,1.34887,1.73,1.13
2013.01.30 04:15:05.443,1.34884,1.34889,1.73,3.75
2013.01.30 04:15:13.264,1.34885,1.34889,1.73,1.50
2013.01.30 04:15:35.603,1.34884,1.34888,1.73,1.13
2013.01.30 04:15:35.724,1.34882,1.34888,3.23,1.88
2013.01.30 04:15:35.963,1.34882,1.34887,2.25,1.13
2013.01.30 04:15:36.465,1.34883,1.34888,1.73,2.10
2013.01.30 04:15:40.722,1.34883,1.34889,2.48,2.48
2013.01.30 04:15:42.063,1.34885,1.3489,1.73,1.50
2013.01.30 04:15:42.422,1.34889,1.34894,1.73,1.50
2013.01.30 04:15:42.543,1.34889,1.34894,2.48,1.50
2013.01.30 04:15:42.663,1.34889,1.34896,3.23,2.25
2013.01.30 04:15:43.176,1.34891,1.34896,1.73,2.25
2013.01.30 04:15:51.553,1.34893,1.34898,1.35,1.13
2013.01.30 04:15:51.673,1.34892,1.34898,1.73,1.50
2013.01.30 04:15:55.723,1.34893,1.34899,1.73,2.25
2013.01.30 04:15:57.703,1.34894,1.34899,4.58,2.25
2013.01.30 04:15:58.072,1.34898,1.34904,1.73,1.13
2013.01.30 04:15:58.553,1.34899,1.34905,1.73,1.13
2013.01.30 04:15:58.973,1.34899,1.34905,1.73,2.63
2013.01.30 04:15:59.514,1.34899,1.34905,1.73,2.63
2013.01.30 04:15:59.875,1.34896,1.34903,1.73,2.25
2013.01.30 04:16:00.113,1.34896,1.349,1.50,1.50
2013.01.30 04:16:00.535,1.34894,1.34901,1.73,2.25
2013.01.30 04:16:01.326,1.34895,1.34898,1.73,1.50
2013.01.30 04:16:01.516,1.34892,1.34898,2.25,2.25
2013.01.30 04:16:03.052,1.34892,1.34898,2.25,3.00
2013.01.30 04:16:04.422,1.34892,1.34898,1.50,3.75
2013.01.30 04:16:10.944,1.34891,1.34897,1.73,1.50
2013.01.30 04:16:11.503,1.34891,1.34897,2.48,1.50
2013.01.30 04:16:15.253,1.34893,1.34897,1.50,1.50
2013.01.30 04:16:15.921,1.34893,1.34898,1.50,2.25
2013.01.30 04:16:17.802,1.34893,1.34898,1.50,1.50
2013.01.30 04:16:19.052,1.34889,1.34898,1.13,2.25
2013.01.30 04:16:19.243,1.34891,1.34898,2.48,2.25
2013.01.30 04:16:23.067,1.34891,1.34898,1.73,3.00
2013.01.30 04:16:28.432,1.34889,1.34898,1.88,3.00
2013.01.30 04:16:34.815,1.34889,1.34897,1.88,1.50
2013.01.30 04:16:36.754,1.34891,1.34897,1.73,1.50
2013.01.30 04:16:38.932,1.34891,1.34898,2.48,1.50
2013.01.30 04:16:39.473,1.34892,1.34898,2.48,1.50
2013.01.30 04:16:44.352,1.34892,1.34899,1.50,3.00
2013.01.30 04:16:46.862,1.34892,1.34898,1.73,1.50
2013.01.30 04:16:47.182,1.34892,1.34898,1.50,1.50
2013.01.30 04:16:51.164,1.34892,1.34897,1.50,1.13
2013.01.30 04:16:51.234,1.3489,1.34897,2.48,1.88
2013.01.30 04:17:13.543,1.3489,1.34893,1.73,1.13
2013.01.30 04:17:17.473,1.34889,1.34893,2.10,1.13
2013.01.30 04:17:42.113,1.34889,1.34894,2.10,1.13
2013.01.30 04:17:44.263,1.34889,1.34894,2.10,2.63
2013.01.30 04:17:47.573,1.34889,1.34894,2.10,1.88
2013.01.30 04:17:48.302,1.34889,1.34894,2.10,1.88
2013.01.30 04:17:53.792,1.34889,1.34894,1.73,1.88
2013.01.30 04:17:59.292,1.34888,1.34893,2.48,1.88
2013.01.30 04:18:03.492,1.34887,1.34891,2.25,1.50
2013.01.30 04:18:07.013,1.34888,1.34892,1.88,1.50
2013.01.30 04:18:07.611,1.34888,1.34892,1.88,1.50
2013.01.30 04:18:08.514,1.34888,1.34892,1.88,2.25
2013.01.30 04:18:09.152,1.34888,1.34892,1.13,1.50
2013.01.30 04:18:09.765,1.34888,1.34892,1.88,1.50
2013.01.30 04:18:12.063,1.34891,1.34895,1.13,1.50
2013.01.30 04:18:12.123,1.34892,1.34895,1.13,1.50
2013.01.30 04:18:12.662,1.3489,1.34894,1.88,1.50
2013.01.30 04:18:13.273,1.3489,1.34894,1.88,1.50
2013.01.30 04:18:19.512,1.3489,1.34894,1.88,1.50
2013.01.30 04:18:24.623,1.3489,1.34895,2.63,1.13
2013.01.30 04:18:42.843,1.3489,1.34895,1.13,1.13
2013.01.30 04:18:51.532,1.34891,1.34895,1.73,1.13
2013.01.30 04:19:22.482,1.3489,1.34895,2.48,1.88
2013.01.30 04:19:28.883,1.3489,1.34896,3.98,1.13
2013.01.30 04:19:40.372,1.3489,1.34895,2.48,1.50
2013.01.30 04:19:44.253,1.3489,1.34895,2.48,1.50
2013.01.30 04:19:44.822,1.3489,1.34895,1.50,2.25
2013.01.30 04:20:26.532,1.3489,1.34894,2.48,1.50
2013.01.30 04:20:32.552,1.3489,1.34895,1.50,2.63
2013.01.30 04:20:48.522,1.34889,1.34894,1.50,1.50
2013.01.30 04:20:49.053,1.34889,1.34894,3.00,1.50
2013.01.30 04:20:51.723,1.34889,1.34894,1.13,1.50
2013.01.30 04:20:51.963,1.34888,1.34892,1.50,1.50
2013.01.30 04:20:52.503,1.34887,1.34893,1.73,1.50
2013.01.30 04:20:52.983,1.34887,1.34893,3.23,1.50
2013.01.30 04:21:17.435,1.34886,1.3489,2.25,1.50
2013.01.30 04:21:17.495,1.34879,1.34889,13.35,2.25
2013.01.30 04:21:17.567,1.3488,1.34888,1.35,1.13
2013.01.30 04:21:17.636,1.34882,1.34888,6.60,1.65
2013.01.30 04:21:17.942,1.3488,1.34884,1.50,3.38
2013.01.30 04:21:18.443,1.34876,1.34882,3.60,1.50
2013.01.30 04:21:36.843,1.34878,1.34883,1.73,1.50
2013.01.30 04:21:39.763,1.34878,1.34883,1.73,1.50
2013.01.30 04:21:50.174,1.34877,1.34883,1.73,1.50
2013.01.30 04:21:51.376,1.34875,1.34879,2.25,1.28
2013.01.30 04:21:51.894,1.34873,1.34878,3.98,1.50
2013.01.30 04:21:52.622,1.34873,1.34878,3.00,2.25
2013.01.30 04:21:52.805,1.34873,1.34876,2.48,1.50
2013.01.30 04:21:52.866,1.3487,1.34876,1.50,2.25
2013.01.30 04:22:00.544,1.3487,1.34875,1.35,1.50
2013.01.30 04:22:12.543,1.3487,1.34876,1.88,2.25
2013.01.30 04:22:13.566,1.3487,1.34876,2.25,1.50
2013.01.30 04:22:14.103,1.3487,1.34876,2.48,1.50
2013.01.30 04:22:14.403,1.3487,1.34875,1.50,1.50
2013.01.30 04:22:14.522,1.3487,1.34875,1.73,1.50
2013.01.30 04:22:21.393,1.34871,1.34877,1.73,1.50
2013.01.30 04:22:21.953,1.34871,1.34877,2.48,1.50
2013.01.30 04:22:23.414,1.34874,1.34878,1.88,1.50
2013.01.30 04:22:23.715,1.34872,1.34877,1.35,2.25
2013.01.30 04:22:27.382,1.3487,1.34875,2.10,1.50
2013.01.30 04:22:34.573,1.3487,1.34876,2.25,1.50
2013.01.30 04:22:39.166,1.34869,1.34874,1.35,1.50
2013.01.30 04:22:46.703,1.34869,1.34874,1.35,1.50
2013.01.30 04:22:46.883,1.3487,1.34876,1.50,1.50
2013.01.30 04:22:47.423,1.3487,1.34875,2.85,1.50
2013.01.30 04:22:52.434,1.34869,1.34874,1.13,2.25
2013.01.30 04:22:55.284,1.34869,1.34875,2.85,1.50
2013.01.30 04:23:01.109,1.3487,1.34874,1.50,1.50
2013.01.30 04:23:02.372,1.34869,1.34873,1.13,2.25
2013.01.30 04:23:30.884,1.34869,1.34874,1.35,1.50
2013.01.30 04:23:31.003,1.34869,1.34875,1.73,1.50
2013.01.30 04:23:31.244,1.34866,1.3487,2.25,1.50
2013.01.30 04:23:31.783,1.34865,1.34869,1.73,1.50
2013.01.30 04:23:32.203,1.34862,1.34867,2.85,2.25
2013.01.30 04:23:32.803,1.34862,1.34866,2.48,1.50
2013.01.30 04:23:34.174,1.34862,1.34868,3.45,2.25
2013.01.30 04:23:34.474,1.34863,1.34868,1.73,2.25
2013.01.30 04:23:35.013,1.34863,1.34868,1.73,1.50
2013.01.30 04:23:35.555,1.34865,1.34868,1.13,1.50
2013.01.30 04:23:35.615,1.34867,1.34872,1.50,1.73
2013.01.30 04:23:36.163,1.34866,1.34872,3.98,2.48
2013.01.30 04:23:42.556,1.34865,1.3487,1.73,1.73
2013.01.30 04:23:43.097,1.34865,1.34869,1.50,1.50
2013.01.30 04:23:43.224,1.34867,1.34872,1.88,2.25
2013.01.30 04:23:43.583,1.34868,1.34872,1.50,1.50
2013.01.30 04:23:44.248,1.34868,1.34872,1.50,2.25
2013.01.30 04:23:45.164,1.34867,1.3487,2.25,1.50
2013.01.30 04:23:45.284,1.34865,1.3487,4.88,2.25
2013.01.30 04:23:45.793,1.34865,1.3487,1.50,2.25
2013.01.30 04:23:47.402,1.34865,1.3487,2.25,2.25
2013.01.30 04:23:47.586,1.34865,1.3487,2.25,1.50
2013.01.30 04:23:49.524,1.34865,1.34873,2.48,1.88
2013.01.30 04:23:49.883,1.34868,1.34874,1.73,1.50
2013.01.30 04:23:50.499,1.34868,1.34873,2.48,1.50
2013.01.30 04:23:52.554,1.34866,1.3487,1.73,1.50
2013.01.30 04:23:52.793,1.34864,1.34869,2.10,1.13
2013.01.30 04:23:53.397,1.34864,1.34869,1.50,1.13
2013.01.30 04:23:53.942,1.34864,1.34869,1.73,1.50
2013.01.30 04:23:54.243,1.34865,1.34872,1.73,1.13
2013.01.30 04:23:54.544,1.34869,1.34874,1.73,1.88
2013.01.30 04:23:54.783,1.34869,1.34874,1.73,1.13
2013.01.30 04:23:55.353,1.34869,1.34874,1.73,1.88
2013.01.30 04:23:57.073,1.34869,1.34874,1.73,1.13
2013.01.30 04:24:08.753,1.34868,1.34873,1.73,1.50
2013.01.30 04:24:09.282,1.34866,1.34871,1.73,1.50
2013.01.30 04:24:09.360,1.34863,1.34869,3.23,1.88
2013.01.30 04:24:10.213,1.34862,1.34869,3.23,2.63
2013.01.30 04:24:11.853,1.34864,1.34869,2.48,1.88
2013.01.30 04:24:11.975,1.34865,1.34871,2.25,1.50
2013.01.30 04:24:12.094,1.34867,1.34872,1.50,1.73
2013.01.30 04:24:12.603,1.34867,1.34873,2.48,2.25
2013.01.30 04:24:16.963,1.34868,1.34874,2.48,3.00
2013.01.30 04:24:20.424,1.34868,1.34874,2.48,1.50
2013.01.30 04:24:29.523,1.34867,1.34873,3.23,2.25
2013.01.30 04:24:29.823,1.34865,1.3487,3.60,1.50
2013.01.30 04:24:31.263,1.34866,1.34873,1.73,2.25
2013.01.30 04:24:31.444,1.34868,1.34874,1.35,2.25
2013.01.30 04:24:32.106,1.34869,1.34874,1.73,1.50
2013.01.30 04:24:35.189,1.34869,1.34875,2.48,2.25
2013.01.30 04:24:42.453,1.34869,1.34875,2.48,2.25
2013.01.30 04:24:51.653,1.34868,1.34874,2.48,1.50
2013.01.30 04:24:52.193,1.34868,1.34874,2.48,1.50
2013.01.30 04:24:52.825,1.34868,1.34874,2.48,1.50
2013.01.30 04:24:55.393,1.34868,1.34874,2.48,1.50
2013.01.30 04:24:56.283,1.34868,1.34874,2.48,1.50
2013.01.30 04:25:06.723,1.34869,1.34875,1.73,2.25
2013.01.30 04:25:09.213,1.34869,1.34875,1.73,1.50
2013.01.30 04:25:10.384,1.34868,1.34873,1.73,1.50
2013.01.30 04:25:22.073,1.34868,1.34873,2.48,1.50
2013.01.30 04:25:27.683,1.34869,1.34876,2.48,3.38
2013.01.30 04:25:36.274,1.34869,1.34874,1.73,2.25
2013.01.30 04:25:36.454,1.34866,1.34873,3.60,2.25
2013.01.30 04:25:36.753,1.34866,1.34871,2.48,1.50
2013.01.30 04:25:37.054,1.34868,1.34873,1.73,2.25
2013.01.30 04:25:38.104,1.34868,1.34873,1.73,2.25
2013.01.30 04:25:42.368,1.34868,1.34873,1.73,1.50
2013.01.30 04:25:43.304,1.34868,1.34874,1.73,1.50
2013.01.30 04:25:43.365,1.34868,1.34874,2.48,2.25
2013.01.30 04:25:43.965,1.34868,1.34874,2.48,2.25
2013.01.30 04:25:46.474,1.3487,1.34874,1.73,1.50
2013.01.30 04:25:46.535,1.34868,1.34874,2.25,3.00
2013.01.30 04:25:46.713,1.34868,1.34873,2.33,2.25
2013.01.30 04:25:50.755,1.34867,1.34874,3.23,4.13
2013.01.30 04:25:51.113,1.34867,1.34872,1.73,1.50
2013.01.30 04:25:51.413,1.34867,1.34872,1.73,2.25
2013.01.30 04:25:51.957,1.34867,1.34872,2.10,1.50
2013.01.30 04:26:01.504,1.34867,1.34872,1.73,1.50
2013.01.30 04:26:03.384,1.34867,1.34872,2.48,1.50
2013.01.30 04:26:03.996,1.34867,1.34872,1.73,1.50
2013.01.30 04:26:05.603,1.34867,1.34872,1.73,1.50
2013.01.30 04:26:13.954,1.34867,1.34872,1.73,1.50
2013.01.30 04:26:14.139,1.34865,1.34869,1.50,1.50
2013.01.30 04:26:14.264,1.34863,1.34867,1.73,2.25
2013.01.30 04:26:14.803,1.34862,1.34867,2.48,1.50
2013.01.30 04:26:15.904,1.34862,1.34868,2.48,3.00
2013.01.30 04:26:20.988,1.34862,1.34867,2.48,2.25
2013.01.30 04:26:35.523,1.34862,1.34867,2.48,1.50
2013.01.30 04:26:50.873,1.34864,1.34868,1.50,2.55
2013.01.30 04:26:59.210,1.34863,1.34868,1.73,2.25
2013.01.30 04:27:05.648,1.34863,1.34868,1.73,1.50
2013.01.30 04:27:05.954,1.34863,1.34868,2.48,1.50
2013.01.30 04:27:06.144,1.34864,1.34869,1.73,1.50
2013.01.30 04:27:06.684,1.34863,1.34868,2.48,1.05
2013.01.30 04:27:09.764,1.34864,1.34868,1.73,1.05
2013.01.30 04:27:10.123,1.34867,1.34872,1.50,3.98
2013.01.30 04:27:10.483,1.34867,1.34872,2.10,2.25
2013.01.30 04:27:20.613,1.34865,1.34871,4.73,1.50
2013.01.30 04:27:22.243,1.34867,1.34872,1.35,3.00
2013.01.30 04:27:23.823,1.34865,1.34871,4.73,1.50
2013.01.30 04:27:32.154,1.34865,1.34869,2.48,1.50
2013.01.30 04:27:32.334,1.34865,1.34869,2.25,1.50
2013.01.30 04:27:32.635,1.34863,1.34866,2.10,1.50
2013.01.30 04:27:33.209,1.3486,1.34864,3.00,1.50
2013.01.30 04:27:38.283,1.3486,1.34865,3.00,2.18
2013.01.30 04:27:39.103,1.3486,1.34865,3.00,2.18
2013.01.30 04:27:46.724,1.3486,1.34866,3.98,2.25
2013.01.30 04:27:53.534,1.3486,1.34865,2.63,1.50
2013.01.30 04:27:55.994,1.34861,1.34866,1.73,1.50
2013.01.30 04:28:00.853,1.34861,1.34866,1.50,2.25
2013.01.30 04:28:01.034,1.3486,1.34864,2.25,2.25
2013.01.30 04:28:01.727,1.3486,1.34864,1.73,3.00
2013.01.30 04:28:05.513,1.3486,1.34866,3.23,2.25
2013.01.30 04:28:05.873,1.3486,1.34866,3.60,1.50
2013.01.30 04:28:08.134,1.3486,1.34866,3.23,1.50
2013.01.30 04:28:27.613,1.34861,1.34865,1.73,2.10
2013.01.30 04:28:29.126,1.34861,1.34865,1.73,1.95
2013.01.30 04:28:38.317,1.34862,1.34866,1.73,1.50
2013.01.30 04:28:49.243,1.34862,1.34867,1.73,3.00
2013.01.30 04:28:49.793,1.34862,1.34866,1.73,1.50
2013.01.30 04:28:58.923,1.34862,1.34867,2.48,2.25
2013.01.30 04:29:01.274,1.34862,1.34867,4.35,1.20
2013.01.30 04:29:01.334,1.34862,1.34868,4.35,2.12
2013.01.30 04:29:01.574,1.34864,1.34868,1.73,2.12
2013.01.30 04:29:02.114,1.34868,1.34872,1.73,1.50
2013.01.30 04:29:02.653,1.34869,1.34873,1.73,1.50
2013.01.30 04:29:04.974,1.34869,1.34874,1.73,2.25
2013.01.30 04:29:05.044,1.34869,1.34874,1.73,2.25
2013.01.30 04:29:06.333,1.34869,1.34874,1.73,2.25
2013.01.30 04:29:07.123,1.34868,1.34873,1.73,2.25
2013.01.30 04:29:14.697,1.34866,1.34873,2.48,1.50
2013.01.30 04:29:15.193,1.34866,1.34873,1.73,3.00
2013.01.30 04:29:16.194,1.34866,1.34873,1.73,3.00
2013.01.30 04:29:17.033,1.34866,1.34873,1.73,2.25
2013.01.30 04:29:20.295,1.34867,1.34873,1.73,1.50
2013.01.30 04:29:20.593,1.34867,1.34873,1.73,1.50
2013.01.30 04:29:35.023,1.34867,1.34873,3.23,1.50
2013.01.30 04:29:45.463,1.34869,1.34874,1.73,1.50
2013.01.30 04:29:45.769,1.34869,1.34875,3.23,1.88
2013.01.30 04:29:50.204,1.34869,1.34874,2.25,1.50
2013.01.30 04:29:50.264,1.34868,1.34873,1.73,1.50
2013.01.30 04:29:54.725,1.34867,1.34873,1.50,3.00
2013.01.30 04:29:54.903,1.34865,1.34871,3.23,1.50
2013.01.30 04:29:59.034,1.34866,1.34873,3.23,2.25
2013.01.30 04:29:59.273,1.34868,1.34873,1.73,1.50
2013.01.30 04:30:10.514,1.34868,1.34874,1.73,1.50
2013.01.30 04:30:10.832,1.34868,1.34875,2.48,1.50
2013.01.30 04:30:18.595,1.34868,1.34875,2.48,3.00
2013.01.30 04:30:19.643,1.34869,1.34875,1.50,2.25
2013.01.30 04:30:27.906,1.34868,1.34874,1.73,2.25
2013.01.30 04:30:54.974,1.34868,1.34874,3.23,1.50
2013.01.30 04:30:58.794,1.34868,1.34874,3.23,1.73
2013.01.30 04:31:01.893,1.3487,1.34875,1.73,2.63
2013.01.30 04:31:01.953,1.3487,1.34875,1.73,2.63
2013.01.30 04:31:11.294,1.34871,1.34876,1.73,1.13
2013.01.30 04:31:11.939,1.34872,1.34877,1.73,2.25
2013.01.30 04:31:14.255,1.34872,1.34876,1.73,1.20
2013.01.30 04:31:14.945,1.34872,1.34877,1.73,2.25
2013.01.30 04:31:27.444,1.34872,1.34879,1.50,3.98
2013.01.30 04:31:27.994,1.34872,1.34877,1.50,1.50
2013.01.30 04:31:38.194,1.34873,1.34879,1.50,2.48
2013.01.30 04:31:38.373,1.34873,1.34878,1.50,1.73
2013.01.30 04:31:42.433,1.34872,1.34878,1.50,3.23
2013.01.30 04:31:43.485,1.34873,1.34878,1.50,1.73
2013.01.30 04:31:43.844,1.34877,1.34887,5.85,1.50
2013.01.30 04:31:43.904,1.34878,1.34883,1.50,1.73
2013.01.30 04:31:44.025,1.34881,1.34884,1.50,1.50
2013.01.30 04:31:44.144,1.34881,1.34885,1.50,1.73
2013.01.30 04:31:44.206,1.3488,1.34884,1.50,2.48
2013.01.30 04:31:44.384,1.34877,1.34884,3.38,3.98
2013.01.30 04:31:44.684,1.34873,1.34879,2.25,1.50
2013.01.30 04:31:45.364,1.34874,1.34878,1.50,1.73
2013.01.30 04:32:04.685,1.34874,1.34878,2.25,3.23
2013.01.30 04:32:05.045,1.34877,1.34881,1.50,3.38
2013.01.30 04:32:05.405,1.34878,1.34883,1.50,2.25
2013.01.30 04:32:05.944,1.34878,1.34883,1.50,1.50
2013.01.30 04:32:11.534,1.34878,1.34883,1.73,1.50
2013.01.30 04:32:22.214,1.34878,1.34883,1.73,1.50
2013.01.30 04:32:25.624,1.34879,1.34884,1.73,1.50
2013.01.30 04:32:35.084,1.34879,1.34885,1.73,3.00
2013.01.30 04:32:35.323,1.34878,1.34885,2.25,2.25
2013.01.30 04:32:36.174,1.3488,1.34885,2.48,1.50
2013.01.30 04:32:36.365,1.3488,1.34885,1.73,2.25
2013.01.30 04:32:37.134,1.34878,1.34885,3.00,2.25
2013.01.30 04:32:40.615,1.34875,1.34879,1.50,2.25
2013.01.30 04:32:40.736,1.34872,1.34878,3.23,3.00
2013.01.30 04:32:40.795,1.34872,1.34878,3.23,3.00
2013.01.30 04:32:44.085,1.34872,1.34878,1.73,2.25
2013.01.30 04:32:55.004,1.34873,1.34878,1.73,1.50
2013.01.30 04:32:58.019,1.34873,1.34879,2.48,2.25
2013.01.30 04:33:02.726,1.34873,1.34879,2.25,2.48
2013.01.30 04:33:05.033,1.34874,1.34879,2.25,1.73
2013.01.30 04:33:05.155,1.34876,1.34881,2.25,2.25
2013.01.30 04:33:05.526,1.34878,1.34884,1.50,1.88
2013.01.30 04:33:06.074,1.34879,1.34885,1.50,1.50
2013.01.30 04:33:06.724,1.34879,1.34885,1.50,1.50
2013.01.30 04:33:14.683,1.34879,1.34885,2.25,1.50
2013.01.30 04:33:19.514,1.34879,1.34885,1.50,1.50
2013.01.30 04:33:25.210,1.34879,1.34884,1.50,1.50
2013.01.30 04:33:25.279,1.34878,1.34883,1.50,1.73
2013.01.30 04:33:25.525,1.34878,1.34884,3.00,1.50
2013.01.30 04:33:25.704,1.34878,1.34884,2.25,2.25
2013.01.30 04:33:40.318,1.34876,1.34883,2.63,1.73
2013.01.30 04:33:54.576,1.34878,1.34883,1.73,1.50
2013.01.30 04:33:57.705,1.34878,1.34883,1.50,1.73
2013.01.30 04:34:06.624,1.34878,1.34884,1.50,1.73
2013.01.30 04:34:09.075,1.34879,1.34885,1.50,3.98
2013.01.30 04:34:11.324,1.34879,1.34885,2.48,2.25
2013.01.30 04:34:12.513,1.34879,1.34885,2.48,2.25
2013.01.30 04:34:13.953,1.34879,1.34885,3.23,1.50
2013.01.30 04:34:14.434,1.34883,1.34887,1.73,1.50
2013.01.30 04:34:16.316,1.34883,1.34886,1.50,1.50
2013.01.30 04:34:17.814,1.34883,1.34886,1.50,1.50
2013.01.30 04:34:19.184,1.34883,1.34886,1.50,3.00
2013.01.30 04:34:19.605,1.3488,1.34886,1.50,3.98
2013.01.30 04:34:19.674,1.34879,1.34885,2.25,2.48
2013.01.30 04:34:20.524,1.34879,1.34884,1.50,2.48
2013.01.30 04:34:21.946,1.34879,1.34884,1.50,1.73
2013.01.30 04:34:22.067,1.34878,1.34884,1.50,3.98
2013.01.30 04:34:22.184,1.34877,1.3488,1.50,1.50
2013.01.30 04:34:22.724,1.34877,1.3488,1.13,2.48
2013.01.30 04:34:23.944,1.34878,1.3488,1.13,2.48
2013.01.30 04:34:24.245,1.3488,1.34884,1.50,1.73
2013.01.30 04:34:29.234,1.3488,1.34885,1.50,3.23
2013.01.30 04:34:38.033,1.34879,1.34885,1.88,2.48
2013.01.30 04:34:46.777,1.3488,1.34885,1.50,3.23
2013.01.30 04:34:47.325,1.3488,1.34889,1.50,2.25
2013.01.30 04:34:47.385,1.34884,1.34888,1.50,1.73
2013.01.30 04:34:47.745,1.34883,1.3489,1.50,1.50
2013.01.30 04:34:47.925,1.34884,1.3489,1.50,3.23
2013.01.30 04:34:47.986,1.34883,1.3489,1.50,3.23
2013.01.30 04:34:54.544,1.34884,1.34889,1.50,2.48
2013.01.30 04:35:03.526,1.34885,1.3489,1.50,2.25
2013.01.30 04:35:03.824,1.3489,1.34894,1.50,1.50
2013.01.30 04:35:03.884,1.34891,1.34897,1.50,2.48
2013.01.30 04:35:04.064,1.34893,1.34898,1.50,2.48
2013.01.30 04:35:04.604,1.34891,1.34897,1.50,3.23
2013.01.30 04:35:12.155,1.34893,1.34898,1.50,1.69
2013.01.30 04:35:12.456,1.34896,1.34903,1.50,6.23
2013.01.30 04:35:12.694,1.34897,1.34903,1.50,4.73
2013.01.30 04:35:12.814,1.34898,1.34903,2.25,4.73
2013.01.30 04:35:13.816,1.34893,1.34899,1.13,3.23
2013.01.30 04:35:13.877,1.34894,1.34898,1.50,1.35
2013.01.30 04:35:14.125,1.34889,1.34896,1.50,1.73
2013.01.30 04:35:14.184,1.34889,1.34896,1.50,2.48
2013.01.30 04:35:15.701,1.34889,1.34894,1.50,1.50
2013.01.30 04:35:15.847,1.34889,1.34894,1.50,2.48
2013.01.30 04:35:18.424,1.34889,1.34894,1.50,3.00
2013.01.30 04:35:19.034,1.34889,1.34894,1.50,3.00
2013.01.30 04:35:27.255,1.34891,1.34895,1.50,1.50
2013.01.30 04:35:29.605,1.34891,1.34894,1.50,1.50
2013.01.30 04:35:34.105,1.34889,1.34894,1.50,2.25
2013.01.30 04:35:35.578,1.34889,1.34894,1.50,3.23
2013.01.30 04:35:38.654,1.34889,1.34895,1.50,2.25
2013.01.30 04:35:41.844,1.34889,1.34894,1.50,2.48
2013.01.30 04:35:45.225,1.34888,1.34893,1.50,1.73
2013.01.30 04:35:52.864,1.34885,1.34891,3.00,1.73
2013.01.30 04:35:53.044,1.34885,1.3489,1.50,1.73
2013.01.30 04:35:53.285,1.34882,1.34887,2.63,1.50
2013.01.30 04:35:53.714,1.34882,1.34887,1.50,1.73
2013.01.30 04:35:54.089,1.34882,1.34888,2.25,1.73
2013.01.30 04:35:54.825,1.34881,1.34887,1.50,1.73
2013.01.30 04:35:57.084,1.34881,1.34887,1.50,1.73
2013.01.30 04:35:58.664,1.34881,1.34888,2.25,1.73
2013.01.30 04:36:00.965,1.34882,1.34887,1.13,2.55
2013.01.30 04:36:01.512,1.34882,1.34886,1.13,1.73
2013.01.30 04:36:01.955,1.34881,1.34887,1.50,2.55
2013.01.30 04:36:04.834,1.34882,1.34888,1.50,2.48
2013.01.30 04:36:08.805,1.34883,1.34889,1.50,1.73
2013.01.30 04:36:09.346,1.34883,1.34889,2.25,2.48
2013.01.30 04:36:09.945,1.34882,1.34889,1.50,3.23
2013.01.30 04:36:23.989,1.34881,1.34886,1.13,3.23
2013.01.30 04:36:24.651,1.34881,1.34886,1.13,3.23
2013.01.30 04:36:29.664,1.34879,1.34885,2.63,1.73
2013.01.30 04:36:29.724,1.34879,1.34885,2.63,1.73
2013.01.30 04:36:36.725,1.3488,1.34885,3.00,1.73
2013.01.30 04:36:36.784,1.3488,1.34885,3.00,1.50
2013.01.30 04:36:37.487,1.3488,1.34887,1.88,2.48
2013.01.30 04:36:38.524,1.3488,1.34887,1.88,2.48
2013.01.30 04:36:39.645,1.3488,1.34887,1.88,2.48
2013.01.30 04:36:41.554,1.3488,1.34887,1.88,2.48
2013.01.30 04:36:46.734,1.3488,1.34887,1.88,2.48
2013.01.30 04:36:48.175,1.3488,1.34887,1.88,2.48
2013.01.30 04:36:49.185,1.3488,1.34887,1.88,2.48
2013.01.30 04:37:02.014,1.3488,1.34887,1.88,1.73
2013.01.30 04:37:05.346,1.3488,1.34887,1.88,1.73
2013.01.30 04:37:07.474,1.3488,1.34887,1.88,1.73
2013.01.30 04:37:08.235,1.34879,1.34886,2.63,1.73
2013.01.30 04:37:08.845,1.34879,1.34886,2.63,2.48
2013.01.30 04:37:11.557,1.34879,1.34885,1.50,1.50
2013.01.30 04:37:11.805,1.34878,1.34884,3.00,1.73
2013.01.30 04:37:12.045,1.34878,1.34884,2.25,2.48
2013.01.30 04:37:14.207,1.34878,1.34884,2.25,2.48
2013.01.30 04:37:16.805,1.34878,1.34884,1.50,2.48
2013.01.30 04:37:19.684,1.34878,1.34883,1.50,1.73
2013.01.30 04:37:21.835,1.34878,1.34883,1.50,1.73
2013.01.30 04:37:32.655,1.34878,1.34883,1.50,1.73
2013.01.30 04:37:48.335,1.34878,1.34884,2.25,1.50
2013.01.30 04:37:48.455,1.3488,1.34885,1.50,1.50
2013.01.30 04:37:48.635,1.34881,1.34885,1.50,1.50
2013.01.30 04:37:53.435,1.34882,1.34888,2.25,2.48
2013.01.30 04:37:54.264,1.34882,1.34888,2.25,2.48
2013.01.30 04:37:54.635,1.34882,1.34888,2.25,2.48
2013.01.30 04:37:55.158,1.34882,1.34888,2.25,1.73
2013.01.30 04:37:55.664,1.34882,1.34888,2.25,2.48
2013.01.30 04:37:57.704,1.34883,1.34889,1.50,3.23
2013.01.30 04:37:58.005,1.34887,1.34892,1.50,1.73
2013.01.30 04:37:58.124,1.34889,1.34892,1.50,1.73
2013.01.30 04:37:58.187,1.34889,1.34894,1.50,1.73
2013.01.30 04:37:59.084,1.34889,1.34895,1.50,2.48
2013.01.30 04:37:59.672,1.34888,1.34894,1.50,2.48
2013.01.30 04:37:59.854,1.34888,1.34894,1.50,2.48
2013.01.30 04:38:11.535,1.34885,1.34891,3.00,1.73
2013.01.30 04:38:11.776,1.34885,1.34891,1.50,3.23
2013.01.30 04:38:12.079,1.34883,1.34888,1.50,1.73
2013.01.30 04:38:12.145,1.34882,1.34888,2.25,1.73
2013.01.30 04:38:29.444,1.34882,1.34888,2.25,3.23
2013.01.30 04:38:43.314,1.34882,1.34888,1.50,1.73
2013.01.30 04:38:47.941,1.34882,1.34888,1.50,1.73
2013.01.30 04:38:53.225,1.34882,1.34888,1.50,2.48
2013.01.30 04:38:58.814,1.3488,1.34886,5.48,1.73
2013.01.30 04:39:03.724,1.3488,1.34886,4.35,1.73
2013.01.30 04:39:05.034,1.3488,1.34885,1.50,1.50
2013.01.30 04:39:05.575,1.3488,1.34887,3.00,1.73
2013.01.30 04:39:06.034,1.3488,1.34886,3.00,1.73
2013.01.30 04:39:10.214,1.3488,1.34886,3.00,2.48
2013.01.30 04:39:23.694,1.3488,1.34885,2.25,1.50
2013.01.30 04:39:25.474,1.3488,1.34885,2.25,1.50
2013.01.30 04:39:30.869,1.34879,1.34883,1.88,1.50
2013.01.30 04:39:31.420,1.34878,1.34883,1.50,1.50
2013.01.30 04:39:32.965,1.34878,1.34883,1.50,1.50
2013.01.30 04:39:35.405,1.34878,1.34884,2.25,3.00
2013.01.30 04:39:36.434,1.34878,1.34884,1.50,3.00
2013.01.30 04:39:46.355,1.34877,1.34883,3.00,1.50
2013.01.30 04:39:56.585,1.34877,1.34883,2.25,1.50
2013.01.30 04:39:59.584,1.34878,1.34884,1.50,3.00
2013.01.30 04:40:08.189,1.34878,1.34884,1.50,3.00
2013.01.30 04:40:26.705,1.34878,1.34883,1.50,1.50
2013.01.30 04:40:30.825,1.34878,1.34883,1.50,1.50
2013.01.30 04:40:35.034,1.34878,1.34884,2.25,1.50
2013.01.30 04:40:35.455,1.34877,1.34883,3.38,2.25
2013.01.30 04:40:36.204,1.34877,1.34883,2.63,2.48
2013.01.30 04:40:50.504,1.34876,1.34881,1.13,1.73
2013.01.30 04:40:50.698,1.34875,1.34878,2.25,1.50
2013.01.30 04:40:51.055,1.34871,1.34875,1.50,1.50
2013.01.30 04:40:51.368,1.3487,1.34874,1.13,1.50
2013.01.30 04:40:51.796,1.34871,1.34875,1.50,1.50
2013.01.30 04:40:52.315,1.34871,1.34874,2.25,1.50
2013.01.30 04:40:59.444,1.34872,1.34876,1.50,1.50
2013.01.30 04:41:06.525,1.34871,1.34877,3.00,1.73
2013.01.30 04:41:12.200,1.34873,1.34877,1.50,1.73
2013.01.30 04:41:12.504,1.34875,1.3488,2.25,1.35
2013.01.30 04:41:16.510,1.34875,1.34879,1.50,1.73
2013.01.30 04:41:16.765,1.34873,1.34878,1.50,1.73
2013.01.30 04:41:16.825,1.34871,1.34878,3.00,2.48
2013.01.30 04:41:17.333,1.34871,1.34875,1.50,1.50
2013.01.30 04:41:17.957,1.3487,1.34875,2.25,1.50
2013.01.30 04:41:18.685,1.3487,1.34875,3.00,1.50
2013.01.30 04:41:18.744,1.34871,1.34875,2.25,1.50
2013.01.30 04:41:27.685,1.34871,1.34875,2.25,1.50
2013.01.30 04:41:27.744,1.34871,1.34875,1.50,1.50
2013.01.30 04:41:30.065,1.3487,1.34874,2.25,1.50
2013.01.30 04:41:33.416,1.34868,1.34874,3.75,1.73
2013.01.30 04:41:33.535,1.34868,1.34874,3.75,1.73
2013.01.30 04:41:40.395,1.34868,1.34873,1.50,1.73
2013.01.30 04:41:43.074,1.34868,1.34874,2.25,1.73
2013.01.30 04:41:48.727,1.34869,1.34875,1.50,1.50
2013.01.30 04:42:03.028,1.34869,1.34875,1.50,1.73
2013.01.30 04:42:24.147,1.34869,1.34874,1.50,1.73
2013.01.30 04:42:40.425,1.34869,1.34874,1.50,1.73
2013.01.30 04:43:03.114,1.3487,1.34875,1.50,1.73
2013.01.30 04:43:09.944,1.3487,1.34874,1.50,1.73
2013.01.30 04:43:35.704,1.34868,1.34874,2.25,2.48
2013.01.30 04:43:41.802,1.34868,1.34872,1.50,1.50
2013.01.30 04:43:41.996,1.34866,1.34871,1.88,1.73
2013.01.30 04:43:42.295,1.34866,1.34871,1.50,1.73
2013.01.30 04:43:42.835,1.34866,1.34871,1.50,1.73
2013.01.30 04:43:46.426,1.34867,1.34872,1.50,2.48
2013.01.30 04:43:48.667,1.34867,1.34872,1.50,2.48
2013.01.30 04:43:50.525,1.34867,1.34872,1.50,2.48
2013.01.30 04:43:52.955,1.34866,1.34872,2.25,2.48
2013.01.30 04:44:01.505,1.34866,1.34872,3.00,1.73
2013.01.30 04:44:01.566,1.34865,1.3487,1.50,1.50
2013.01.30 04:44:01.926,1.34863,1.34868,1.50,1.73
2013.01.30 04:44:02.427,1.34862,1.34866,1.50,1.50
2013.01.30 04:44:03.185,1.34862,1.34866,2.25,1.50
2013.01.30 04:44:05.067,1.34863,1.3487,3.00,2.48
2013.01.30 04:44:05.676,1.34865,1.34869,1.50,1.73
2013.01.30 04:44:05.795,1.34864,1.34868,1.50,1.73
2013.01.30 04:44:05.855,1.34862,1.34868,1.50,1.73
2013.01.30 04:44:12.555,1.34863,1.34868,1.50,1.73
2013.01.30 04:44:13.726,1.34866,1.34872,2.25,2.25
2013.01.30 04:44:13.905,1.34869,1.34873,1.50,1.73
2013.01.30 04:44:15.298,1.34869,1.34874,1.50,2.48
2013.01.30 04:44:19.808,1.34869,1.34874,1.50,2.25
2013.01.30 04:44:21.855,1.34869,1.34874,1.50,2.48
2013.01.30 04:44:22.397,1.34869,1.34874,1.50,2.48
2013.01.30 04:44:26.704,1.34869,1.34874,1.50,2.48
2013.01.30 04:44:38.046,1.34867,1.34874,1.88,1.73
2013.01.30 04:44:39.348,1.34867,1.34874,1.88,1.73
2013.01.30 04:44:40.705,1.34867,1.34874,3.38,1.50
2013.01.30 04:44:46.658,1.34869,1.34875,1.50,1.50
2013.01.30 04:44:46.787,1.34872,1.34875,1.50,1.50
2013.01.30 04:44:47.145,1.34872,1.34877,2.25,1.50
2013.01.30 04:44:47.686,1.34872,1.34877,3.38,1.73
2013.01.30 04:44:48.755,1.34872,1.34878,3.00,1.50
2013.01.30 04:44:50.766,1.34873,1.34879,2.25,1.50
2013.01.30 04:44:52.896,1.34876,1.3488,1.50,1.50
2013.01.30 04:44:53.075,1.34878,1.34882,1.50,1.50
2013.01.30 04:44:53.136,1.34878,1.34883,2.25,1.73
2013.01.30 04:44:53.255,1.34878,1.34884,2.25,2.25
2013.01.30 04:44:53.495,1.34878,1.34883,1.50,1.73
2013.01.30 04:44:54.035,1.34879,1.34884,1.50,2.48
2013.01.30 04:44:58.927,1.34878,1.34884,3.75,3.23
2013.01.30 04:45:02.286,1.34878,1.34883,1.50,1.73
2013.01.30 04:45:02.406,1.34877,1.34882,1.50,1.73
2013.01.30 04:45:02.716,1.34874,1.3488,3.00,1.73
2013.01.30 04:45:04.866,1.34874,1.3488,1.50,2.48
2013.01.30 04:45:12.455,1.34873,1.34878,1.50,1.73
2013.01.30 04:45:13.585,1.34873,1.34879,2.25,2.48
2013.01.30 04:45:18.366,1.34873,1.34879,2.25,3.23
2013.01.30 04:45:20.275,1.34872,1.34878,1.50,3.23
2013.01.30 04:45:20.635,1.34872,1.34876,1.13,2.48
2013.01.30 04:45:22.265,1.3487,1.34876,1.50,2.48
2013.01.30 04:45:22.825,1.34869,1.34874,3.00,1.73
2013.01.30 04:45:23.334,1.34869,1.34874,1.50,1.73
2013.01.30 04:45:23.885,1.34869,1.34874,1.50,1.73
2013.01.30 04:45:26.266,1.34869,1.34875,2.25,2.48
2013.01.30 04:45:27.115,1.34869,1.34874,1.50,1.73
2013.01.30 04:45:30.275,1.34869,1.34875,3.00,2.48
2013.01.30 04:45:31.377,1.3487,1.34875,1.50,1.73
2013.01.30 04:45:36.385,1.3487,1.34876,2.25,2.48
2013.01.30 04:45:39.884,1.3487,1.34876,2.25,2.48
2013.01.30 04:45:49.365,1.3487,1.34876,2.25,2.25
2013.01.30 04:45:54.476,1.34872,1.34877,1.50,1.13
2013.01.30 04:45:54.537,1.34873,1.34877,1.50,1.35
2013.01.30 04:45:54.837,1.34876,1.34879,1.50,1.13
2013.01.30 04:45:54.956,1.34877,1.34882,1.13,2.85
2013.01.30 04:45:55.137,1.34879,1.34884,1.50,3.00
2013.01.30 04:45:55.197,1.34879,1.34884,1.50,3.00
2013.01.30 04:45:55.556,1.3488,1.34885,1.13,2.48
2013.01.30 04:45:55.795,1.34879,1.34885,1.50,2.25
2013.01.30 04:46:00.226,1.34879,1.34885,1.50,2.25
2013.01.30 04:46:03.146,1.3488,1.34885,1.50,1.50
2013.01.30 04:46:03.267,1.3488,1.34886,1.50,2.48
2013.01.30 04:46:03.808,1.3488,1.34886,3.00,1.50
2013.01.30 04:46:05.146,1.34882,1.34888,1.50,1.73
2013.01.30 04:46:05.206,1.34883,1.34888,1.50,1.73
2013.01.30 04:46:08.146,1.34884,1.34888,1.50,1.73
2013.01.30 04:46:10.335,1.34882,1.34887,1.50,1.73
2013.01.30 04:46:17.415,1.34881,1.34886,1.50,1.73
2013.01.30 04:46:18.695,1.34882,1.34887,2.25,1.73
2013.01.30 04:46:19.246,1.34882,1.34888,2.25,2.48
2013.01.30 04:46:26.927,1.34882,1.34886,1.50,2.10
2013.01.30 04:46:27.469,1.3488,1.34884,2.25,2.10
2013.01.30 04:46:28.015,1.3488,1.34886,1.50,2.48
2013.01.30 04:46:29.607,1.3488,1.34886,1.50,2.48
2013.01.30 04:46:36.615,1.3488,1.34885,2.25,1.73
2013.01.30 04:46:37.478,1.34881,1.34886,1.50,2.48
2013.01.30 04:46:38.088,1.34881,1.34885,1.50,1.73
2013.01.30 04:46:43.995,1.3488,1.34885,2.25,1.73
2013.01.30 04:46:44.845,1.3488,1.34886,1.50,1.73
2013.01.30 04:46:52.500,1.3488,1.34887,1.50,2.48
2013.01.30 04:46:53.098,1.3488,1.34886,1.50,1.73
2013.01.30 04:47:17.675,1.34879,1.34885,2.25,1.73
2013.01.30 04:47:18.595,1.34877,1.34885,3.00,2.48
2013.01.30 04:47:19.256,1.34878,1.34885,1.50,2.48
2013.01.30 04:47:21.685,1.3488,1.34886,1.50,2.85
2013.01.30 04:47:21.746,1.34881,1.34886,1.13,1.73
2013.01.30 04:47:22.715,1.3488,1.34886,2.63,2.48
2013.01.30 04:47:23.459,1.3488,1.34886,1.88,2.48
2013.01.30 04:47:24.946,1.3488,1.34886,1.13,1.73
2013.01.30 04:47:25.546,1.34879,1.34885,1.50,1.50
2013.01.30 04:47:26.305,1.34878,1.34884,5.85,1.73
2013.01.30 04:47:29.655,1.34878,1.34884,3.60,2.48
2013.01.30 04:47:31.685,1.34878,1.34884,1.50,2.48
2013.01.30 04:47:31.986,1.34872,1.34878,1.88,2.48
2013.01.30 04:47:32.345,1.34873,1.34878,1.50,2.48
2013.01.30 04:47:32.707,1.34873,1.34879,1.50,1.73
2013.01.30 04:47:33.008,1.34873,1.34879,3.00,1.50
2013.01.30 04:47:33.545,1.34875,1.34881,1.50,1.50
2013.01.30 04:47:35.316,1.34874,1.3488,2.25,2.25
2013.01.30 04:47:37.327,1.34872,1.34879,3.75,1.50
2013.01.30 04:47:38.397,1.34873,1.34879,2.25,1.50
2013.01.30 04:47:38.876,1.34872,1.34878,2.25,1.50
2013.01.30 04:47:38.937,1.34872,1.34878,2.25,1.73
2013.01.30 04:47:39.416,1.34873,1.34878,1.50,1.50
2013.01.30 04:47:45.006,1.34874,1.34879,1.50,1.50
2013.01.30 04:47:45.377,1.34876,1.34882,3.00,1.73
2013.01.30 04:47:46.225,1.34877,1.34882,1.50,1.73
2013.01.30 04:48:05.596,1.34877,1.34883,1.50,1.73
2013.01.30 04:48:06.246,1.34876,1.34883,2.25,1.73
2013.01.30 04:48:08.115,1.34876,1.34883,2.25,1.73
2013.01.30 04:48:35.977,1.34877,1.34883,2.25,1.73
2013.01.30 04:48:36.096,1.34876,1.34883,3.00,1.73
2013.01.30 04:48:44.518,1.34876,1.34883,2.63,1.73
2013.01.30 04:48:56.338,1.34878,1.34884,1.50,2.48
2013.01.30 04:49:00.065,1.34878,1.34884,1.50,2.48
2013.01.30 04:49:08.406,1.34878,1.34884,2.25,1.73
2013.01.30 04:49:17.425,1.34878,1.34884,1.50,2.48
2013.01.30 04:49:17.607,1.34875,1.3488,2.25,1.73
2013.01.30 04:49:17.728,1.34874,1.3488,2.25,1.73
2013.01.30 04:49:17.786,1.34873,1.34879,2.63,1.73
2013.01.30 04:49:17.846,1.34873,1.34879,1.50,2.48
2013.01.30 04:49:18.656,1.34871,1.34877,1.50,2.48
2013.01.30 04:49:19.185,1.3487,1.34876,2.25,1.73
2013.01.30 04:49:21.725,1.3487,1.34877,2.63,1.73
2013.01.30 04:49:22.285,1.3487,1.34877,2.63,1.73
2013.01.30 04:49:24.206,1.3487,1.34876,3.00,1.73
2013.01.30 04:49:26.215,1.3487,1.34878,3.00,2.48
2013.01.30 04:49:35.135,1.3487,1.34877,2.25,1.73
2013.01.30 04:49:44.487,1.3487,1.34876,2.25,1.73
2013.01.30 04:49:48.467,1.34872,1.34878,1.50,1.73
2013.01.30 04:49:48.526,1.34873,1.34879,1.50,1.50
2013.01.30 04:49:48.648,1.34878,1.34881,1.50,1.50
2013.01.30 04:49:48.717,1.34878,1.34884,2.25,3.98
2013.01.30 04:49:49.135,1.3488,1.34886,1.13,3.23
2013.01.30 04:49:49.495,1.3488,1.34886,1.13,3.23
2013.01.30 04:49:51.256,1.3488,1.34884,1.13,1.50
2013.01.30 04:49:51.437,1.34877,1.34883,2.25,1.50
2013.01.30 04:49:51.620,1.34875,1.34881,1.50,2.48
2013.01.30 04:49:52.175,1.34877,1.34882,1.50,2.48
2013.01.30 04:49:53.231,1.34877,1.34882,1.50,1.73
2013.01.30 04:49:53.416,1.34881,1.34887,1.50,3.23
2013.01.30 04:49:53.997,1.34879,1.34886,1.50,2.25
2013.01.30 04:49:55.731,1.34879,1.34886,1.50,2.25
2013.01.30 04:49:56.751,1.34879,1.34886,1.50,2.25
2013.01.30 04:50:09.215,1.34879,1.34886,1.50,2.25
2013.01.30 04:50:09.755,1.3488,1.34887,1.50,3.23
2013.01.30 04:50:10.295,1.34879,1.34886,2.25,1.73
2013.01.30 04:50:10.811,1.34879,1.34885,2.25,1.50
2013.01.30 04:50:18.597,1.34878,1.34885,4.50,2.25
2013.01.30 04:50:19.105,1.34879,1.34885,1.50,2.25
2013.01.30 04:50:23.145,1.34878,1.34884,3.75,1.50
2013.01.30 04:50:39.616,1.34878,1.34885,2.63,3.00
2013.01.30 04:50:47.245,1.34878,1.34884,3.00,1.50
2013.01.30 04:50:51.506,1.34878,1.34884,2.63,1.50
2013.01.30 04:50:55.176,1.34878,1.34884,2.63,1.50
2013.01.30 04:50:59.777,1.34878,1.34884,2.63,2.25
2013.01.30 04:51:10.135,1.34878,1.34883,2.63,1.50
2013.01.30 04:51:39.257,1.34879,1.34884,1.50,1.50
2013.01.30 04:51:39.319,1.34879,1.34883,1.50,1.50
2013.01.30 04:51:39.866,1.34879,1.34883,1.50,2.25
2013.01.30 04:51:40.966,1.34879,1.34883,1.50,1.50
2013.01.30 04:51:41.506,1.34879,1.34883,2.25,1.50
2013.01.30 04:51:41.566,1.34879,1.34885,2.25,1.50
2013.01.30 04:51:41.687,1.34881,1.34887,1.50,3.23
2013.01.30 04:51:42.298,1.3488,1.34886,1.50,2.48
2013.01.30 04:51:42.836,1.3488,1.34885,1.50,1.50
2013.01.30 04:51:43.358,1.3488,1.34885,1.50,1.50
2013.01.30 04:51:46.346,1.3488,1.34884,1.50,1.50
2013.01.30 04:51:49.627,1.3488,1.34884,1.50,1.50
2013.01.30 04:52:15.926,1.34879,1.34884,1.50,1.50
2013.01.30 04:52:16.756,1.34881,1.34885,2.25,1.50
2013.01.30 04:52:40.188,1.34881,1.34885,2.25,1.50
2013.01.30 04:52:47.935,1.34879,1.34887,1.50,2.48
2013.01.30 04:53:01.257,1.34879,1.34885,1.50,1.50
2013.01.30 04:53:01.795,1.34879,1.34884,1.50,1.50
2013.01.30 04:53:29.236,1.34879,1.34886,1.13,2.48
2013.01.30 04:53:30.007,1.34879,1.34886,1.13,2.48
2013.01.30 04:54:05.721,1.34878,1.34886,1.50,2.48
2013.01.30 04:54:08.575,1.34878,1.34886,3.00,3.23
2013.01.30 04:54:30.220,1.34878,1.34886,2.25,2.48
2013.01.30 04:54:34.092,1.34878,1.34886,1.50,2.48
2013.01.30 04:54:38.966,1.34878,1.34885,2.25,1.50
2013.01.30 04:54:46.156,1.34879,1.34884,1.50,1.50
2013.01.30 04:55:08.666,1.34878,1.34884,1.50,1.50
2013.01.30 04:55:26.726,1.34878,1.34885,1.50,1.50
2013.01.30 04:55:32.698,1.34878,1.34884,1.50,1.50
2013.01.30 04:55:39.168,1.34877,1.34887,2.25,2.48
2013.01.30 04:55:45.436,1.34878,1.34886,1.50,1.73
2013.01.30 04:55:56.206,1.34881,1.34886,2.25,1.73
2013.01.30 04:55:59.226,1.34881,1.34886,2.25,1.73
2013.01.30 04:56:26.716,1.34883,1.34887,1.13,2.48
2013.01.30 04:56:27.329,1.34879,1.34887,3.38,2.48
2013.01.30 04:56:32.866,1.34881,1.34885,2.25,1.50
2013.01.30 04:57:02.407,1.34881,1.34885,2.25,3.00
2013.01.30 04:57:02.948,1.34883,1.34891,2.25,3.98
2013.01.30 04:57:03.009,1.34883,1.3489,3.00,1.73
2013.01.30 04:57:34.177,1.34883,1.3489,2.25,2.48
2013.01.30 04:57:34.548,1.34879,1.34886,3.38,3.23
2013.01.30 04:57:34.846,1.34879,1.34884,3.38,1.50
2013.01.30 04:57:35.147,1.34877,1.34884,1.50,3.00
2013.01.30 04:57:35.766,1.34877,1.34882,1.50,1.50
2013.01.30 04:57:36.307,1.34877,1.3488,1.50,1.50
2013.01.30 04:57:36.666,1.34876,1.34879,1.50,1.50
2013.01.30 04:57:45.626,1.34874,1.34879,3.00,1.73
2013.01.30 04:57:48.146,1.34875,1.34879,1.50,2.48
2013.01.30 04:57:55.286,1.34874,1.34879,2.25,2.48
2013.01.30 04:58:01.988,1.34875,1.34879,1.50,1.73
2013.01.30 04:58:04.887,1.34875,1.34879,1.50,2.48
2013.01.30 04:58:05.007,1.34874,1.34878,1.13,1.73
2013.01.30 04:58:05.307,1.34871,1.34877,2.25,1.73
2013.01.30 04:58:05.367,1.3487,1.34877,1.50,1.50
2013.01.30 04:58:05.427,1.34868,1.34873,1.50,1.50
2013.01.30 04:58:05.976,1.34869,1.34873,1.50,1.50
2013.01.30 04:58:06.485,1.34869,1.34873,1.50,1.50
2013.01.30 04:58:06.996,1.34868,1.34872,2.25,1.50
2013.01.30 04:58:16.177,1.34869,1.34874,1.50,3.23
2013.01.30 04:58:18.736,1.34869,1.34874,1.50,2.33
2013.01.30 04:58:38.887,1.3487,1.34876,1.50,1.73
2013.01.30 04:58:44.289,1.3487,1.34876,1.50,1.73
2013.01.30 04:58:44.652,1.34875,1.34881,3.00,3.00
2013.01.30 04:58:44.719,1.34878,1.34881,1.50,1.50
2013.01.30 04:58:44.838,1.34879,1.34882,1.50,3.00
2013.01.30 04:58:45.077,1.3488,1.34885,1.50,1.50
2013.01.30 04:58:45.617,1.34879,1.34885,2.25,1.50
2013.01.30 04:58:52.366,1.34879,1.34885,2.25,1.50
2013.01.30 04:59:02.527,1.34878,1.34885,1.50,2.25
2013.01.30 04:59:03.857,1.34879,1.34885,1.50,2.25
2013.01.30 04:59:06.778,1.34879,1.34886,3.00,2.25
2013.01.30 04:59:08.506,1.34879,1.34885,2.25,1.50
2013.01.30 04:59:09.231,1.34879,1.34886,1.50,2.25
2013.01.30 04:59:14.756,1.34878,1.34885,2.25,1.50
2013.01.30 04:59:19.117,1.3488,1.34886,1.50,1.50
2013.01.30 04:59:21.076,1.34879,1.34886,1.50,2.25
2013.01.30 04:59:21.136,1.3488,1.34886,1.50,1.50
2013.01.30 04:59:23.660,1.3488,1.34886,1.50,1.50
2013.01.30 04:59:26.236,1.3488,1.34886,1.50,2.25
2013.01.30 04:59:26.596,1.34879,1.34886,1.50,3.00
2013.01.30 04:59:39.116,1.34879,1.34885,1.50,1.50
2013.01.30 04:59:39.356,1.3488,1.34886,1.50,2.25
2013.01.30 04:59:56.170,1.3488,1.34886,1.50,2.25
