2011.02.02 13:00:00.660,1.38016,1.38026,6.19,2.25
2011.02.02 13:00:01.846,1.38014,1.38026,5.44,1.50
2011.02.02 13:00:02.530,1.38015,1.38022,1.50,2.25
2011.02.02 13:00:02.648,1.38013,1.38021,1.50,2.25
2011.02.02 13:00:03.539,1.38006,1.38014,1.50,1.50
2011.02.02 13:00:03.875,1.38008,1.38017,6.30,1.50
2011.02.02 13:00:04.699,1.38008,1.38018,6.30,2.25
2011.02.02 13:00:04.829,1.38009,1.38015,7.88,1.09
2011.02.02 13:00:05.177,1.38008,1.38014,3.75,2.25
2011.02.02 13:00:05.674,1.38005,1.38015,1.50,3.00
2011.02.02 13:00:06.007,1.38005,1.38013,2.25,1.17
2011.02.02 13:00:06.634,1.38004,1.38012,1.50,1.17
2011.02.02 13:00:06.973,1.38004,1.3801,1.69,1.50
2011.02.02 13:00:07.535,1.38001,1.3801,1.69,2.25
2011.02.02 13:00:08.408,1.38,1.38009,2.25,1.09
2011.02.02 13:00:08.894,1.37994,1.38002,1.50,1.09
2011.02.02 13:00:09.239,1.37992,1.38,2.25,4.50
2011.02.02 13:00:10.805,1.37992,1.38,1.50,4.50
2011.02.02 13:00:11.978,1.3799,1.37999,1.50,1.09
2011.02.02 13:00:12.956,1.37985,1.37993,1.50,1.50
2011.02.02 13:00:13.190,1.37983,1.37992,1.50,1.50
2011.02.02 13:00:13.848,1.37981,1.37991,3.00,1.09
2011.02.02 13:00:16.407,1.37981,1.37991,2.25,1.84
2011.02.02 13:00:16.856,1.37981,1.3799,1.50,1.50
2011.02.02 13:00:17.344,1.37981,1.3799,1.50,1.65
2011.02.02 13:00:17.569,1.37981,1.3799,1.50,2.25
2011.02.02 13:00:18.464,1.37979,1.37986,3.75,3.75
2011.02.02 13:00:18.713,1.37976,1.37986,3.00,4.73
2011.02.02 13:00:18.826,1.37974,1.37986,8.25,5.48
2011.02.02 13:00:19.369,1.37975,1.37983,3.75,1.84
2011.02.02 13:00:19.729,1.37967,1.37977,3.33,1.09
2011.02.02 13:00:20.374,1.37965,1.37977,2.25,1.09
2011.02.02 13:00:20.597,1.37966,1.37976,2.24,1.24
2011.02.02 13:00:21.141,1.37964,1.37975,2.25,1.65
2011.02.02 13:00:21.378,1.37964,1.37975,3.74,3.45
2011.02.02 13:00:21.716,1.37966,1.37976,1.49,1.09
2011.02.02 13:00:21.838,1.37966,1.37976,2.24,1.09
2011.02.02 13:00:22.355,1.37966,1.37976,2.24,1.09
2011.02.02 13:00:22.693,1.37966,1.37974,2.24,1.69
2011.02.02 13:00:22.920,1.37963,1.37973,1.50,6.34
2011.02.02 13:00:23.381,1.37966,1.37973,1.49,6.00
2011.02.02 13:00:23.620,1.37966,1.37976,1.49,3.34
2011.02.02 13:00:23.738,1.37966,1.37976,1.50,3.34
2011.02.02 13:00:24.282,1.37966,1.37974,1.50,1.50
2011.02.02 13:00:25.383,1.37968,1.37978,4.50,1.50
2011.02.02 13:00:25.826,1.37968,1.37976,5.25,1.09
2011.02.02 13:00:26.195,1.37968,1.37976,5.25,1.09
2011.02.02 13:00:26.756,1.37967,1.37976,1.50,1.84
2011.02.02 13:00:27.103,1.37966,1.37976,2.25,2.59
2011.02.02 13:00:27.893,1.37965,1.37974,1.50,1.50
2011.02.02 13:00:29.858,1.37963,1.37971,1.50,1.09
2011.02.02 13:00:30.413,1.37961,1.37969,1.50,1.28
2011.02.02 13:00:30.650,1.37962,1.3797,1.50,5.25
2011.02.02 13:00:31.715,1.3796,1.3797,1.50,1.50
2011.02.02 13:00:32.051,1.3796,1.37966,2.25,1.28
2011.02.02 13:00:32.280,1.37958,1.37966,2.25,1.28
2011.02.02 13:00:32.830,1.37958,1.37966,1.50,1.28
2011.02.02 13:00:33.181,1.37965,1.3797,1.50,6.00
2011.02.02 13:00:33.737,1.37969,1.37979,6.58,2.44
2011.02.02 13:00:33.867,1.37968,1.37978,1.50,1.50
2011.02.02 13:00:34.205,1.37968,1.37981,5.25,3.34
2011.02.02 13:00:35.089,1.37971,1.37982,1.50,3.53
2011.02.02 13:00:35.428,1.37971,1.37979,2.25,1.09
2011.02.02 13:00:35.867,1.37969,1.3798,3.00,1.50
2011.02.02 13:00:36.095,1.37971,1.3798,1.50,1.50
2011.02.02 13:00:37.626,1.37969,1.37976,1.50,1.28
2011.02.02 13:00:38.195,1.37968,1.37979,5.25,1.50
2011.02.02 13:00:39.422,1.37971,1.37979,2.25,1.56
2011.02.02 13:00:39.542,1.37972,1.3798,2.25,2.31
2011.02.02 13:00:40.112,1.37974,1.3798,2.25,7.50
2011.02.02 13:00:40.471,1.37974,1.37982,1.50,1.09
2011.02.02 13:00:41.127,1.37976,1.37983,6.00,1.50
2011.02.02 13:00:41.786,1.37982,1.37989,1.50,1.84
2011.02.02 13:00:41.901,1.37981,1.37991,2.25,2.59
2011.02.02 13:00:42.346,1.3798,1.37988,3.00,5.25
2011.02.02 13:00:43.865,1.37976,1.37986,1.50,3.49
2011.02.02 13:00:43.977,1.37975,1.37981,2.25,2.25
2011.02.02 13:00:44.221,1.3797,1.3798,1.50,1.88
2011.02.02 13:00:44.662,1.37969,1.37978,2.25,1.50
2011.02.02 13:00:45.765,1.37971,1.3798,1.50,1.50
2011.02.02 13:00:46.316,1.3797,1.3798,1.50,1.50
2011.02.02 13:00:46.902,1.3797,1.37981,2.25,1.28
2011.02.02 13:00:47.264,1.37975,1.37983,4.13,3.19
2011.02.02 13:00:47.705,1.37971,1.37981,3.00,1.28
2011.02.02 13:00:47.828,1.37969,1.37977,3.75,1.56
2011.02.02 13:00:48.388,1.37969,1.37978,2.25,1.88
2011.02.02 13:00:49.058,1.37969,1.37977,4.50,1.56
2011.02.02 13:00:49.178,1.37968,1.37972,3.75,1.89
2011.02.02 13:00:49.518,1.37965,1.37972,1.50,1.29
2011.02.02 13:00:49.635,1.37962,1.3797,2.25,1.50
2011.02.02 13:00:50.043,1.37962,1.3797,1.50,1.50
2011.02.02 13:00:50.604,1.3796,1.3797,2.25,1.50
2011.02.02 13:00:51.535,1.3796,1.37968,1.50,4.13
2011.02.02 13:00:52.285,1.3796,1.37968,1.50,1.50
2011.02.02 13:00:52.946,1.37959,1.37968,3.00,2.25
2011.02.02 13:00:53.276,1.37958,1.37967,3.00,1.56
2011.02.02 13:00:53.950,1.37958,1.37966,2.25,1.09
2011.02.02 13:00:54.517,1.37958,1.37966,2.25,2.59
2011.02.02 13:00:55.500,1.3796,1.37968,1.50,2.25
2011.02.02 13:00:56.013,1.3796,1.37969,1.50,1.50
2011.02.02 13:00:57.896,1.37961,1.37971,2.25,2.10
2011.02.02 13:01:00.989,1.37961,1.37971,3.00,2.03
2011.02.02 13:01:02.895,1.37962,1.37971,1.50,1.28
2011.02.02 13:01:04.209,1.37964,1.37973,2.25,7.28
2011.02.02 13:01:04.328,1.37964,1.37973,2.25,1.50
2011.02.02 13:01:04.888,1.37967,1.37976,1.50,3.53
2011.02.02 13:01:06.824,1.37966,1.37973,2.25,1.50
2011.02.02 13:01:06.936,1.37965,1.37973,2.25,3.00
2011.02.02 13:01:07.486,1.37969,1.37973,5.25,2.25
2011.02.02 13:01:07.604,1.37971,1.37979,1.50,1.50
2011.02.02 13:01:07.718,1.3797,1.37978,1.50,1.50
2011.02.02 13:01:08.592,1.37969,1.37976,1.50,1.09
2011.02.02 13:01:10.026,1.37967,1.37973,2.25,1.09
2011.02.02 13:01:10.369,1.37967,1.37973,1.50,5.78
2011.02.02 13:01:10.490,1.37962,1.37973,3.00,7.28
2011.02.02 13:01:10.916,1.37969,1.37973,1.50,6.00
2011.02.02 13:01:11.044,1.37967,1.37977,2.25,2.03
2011.02.02 13:01:11.266,1.37968,1.37976,1.50,1.09
2011.02.02 13:01:12.132,1.37972,1.37978,1.50,4.50
2011.02.02 13:01:12.478,1.37974,1.37981,1.50,1.09
2011.02.02 13:01:13.223,1.37974,1.37983,2.25,2.59
2011.02.02 13:01:15.966,1.37979,1.37988,1.50,12.38
2011.02.02 13:01:16.186,1.37979,1.37988,3.75,3.00
2011.02.02 13:01:18.402,1.3798,1.3799,1.50,3.75
2011.02.02 13:01:18.630,1.37981,1.3799,1.50,3.00
2011.02.02 13:01:21.256,1.3798,1.3799,2.25,1.50
2011.02.02 13:01:24.797,1.37982,1.37991,1.50,3.53
2011.02.02 13:01:31.843,1.3798,1.3799,2.25,1.50
2011.02.02 13:01:32.188,1.37979,1.37989,4.50,1.50
2011.02.02 13:01:33.202,1.3798,1.37989,1.50,1.50
2011.02.02 13:01:33.875,1.3798,1.37989,2.25,1.50
2011.02.02 13:01:35.747,1.3798,1.37988,1.50,1.50
2011.02.02 13:01:36.303,1.3798,1.37988,1.50,1.50
2011.02.02 13:01:37.315,1.37979,1.37986,3.75,1.09
2011.02.02 13:01:37.649,1.3798,1.37988,1.50,17.07
2011.02.02 13:01:38.214,1.37981,1.37991,3.00,1.84
2011.02.02 13:01:38.656,1.37983,1.37991,1.50,1.84
2011.02.02 13:01:39.193,1.37983,1.37992,1.69,1.50
2011.02.02 13:01:40.294,1.37985,1.37993,1.50,1.50
2011.02.02 13:01:52.196,1.37985,1.37993,1.50,3.34
2011.02.02 13:01:52.645,1.3798,1.3799,2.25,1.50
2011.02.02 13:01:55.269,1.3798,1.37988,3.00,1.09
2011.02.02 13:01:55.790,1.3798,1.3799,3.00,1.50
2011.02.02 13:01:56.345,1.3798,1.37988,2.25,1.50
2011.02.02 13:01:57.470,1.3798,1.3799,3.00,1.50
2011.02.02 13:01:59.885,1.37982,1.37991,2.44,1.84
2011.02.02 13:02:01.659,1.37987,1.37996,2.25,1.50
2011.02.02 13:02:01.885,1.37989,1.37998,3.00,3.00
2011.02.02 13:02:02.393,1.37989,1.37997,4.50,1.09
2011.02.02 13:02:02.511,1.37989,1.37996,2.25,1.28
2011.02.02 13:02:03.066,1.37987,1.37996,1.50,1.09
2011.02.02 13:02:04.666,1.37985,1.37995,2.25,1.50
2011.02.02 13:02:06.663,1.37986,1.37996,1.50,1.84
2011.02.02 13:02:07.216,1.37989,1.37998,3.00,6.75
2011.02.02 13:02:07.768,1.37989,1.37996,4.50,1.09
2011.02.02 13:02:07.890,1.37989,1.37996,3.00,1.84
2011.02.02 13:02:08.445,1.37986,1.37996,3.75,1.84
2011.02.02 13:02:08.776,1.37989,1.37999,1.50,3.00
2011.02.02 13:02:09.226,1.37989,1.37996,2.25,1.09
2011.02.02 13:02:10.100,1.37986,1.37996,3.75,1.84
2011.02.02 13:02:10.219,1.37986,1.37994,2.25,2.25
2011.02.02 13:02:10.449,1.37989,1.37996,2.25,1.50
2011.02.02 13:02:10.677,1.37991,1.37998,2.25,1.50
2011.02.02 13:02:10.909,1.37991,1.38001,4.69,3.34
2011.02.02 13:02:11.389,1.37992,1.38002,7.69,4.84
2011.02.02 13:02:11.621,1.37995,1.38001,1.69,1.49
2011.02.02 13:02:12.070,1.37999,1.38006,1.50,1.08
2011.02.02 13:02:12.637,1.37997,1.38006,2.25,1.08
2011.02.02 13:02:13.182,1.37996,1.38005,3.75,1.49
2011.02.02 13:02:15.939,1.37995,1.38,3.00,4.49
2011.02.02 13:02:16.060,1.37994,1.37999,3.75,1.49
2011.02.02 13:02:16.545,1.3799,1.37998,4.50,2.99
2011.02.02 13:02:16.667,1.3799,1.37999,1.50,1.50
2011.02.02 13:02:20.137,1.37992,1.38001,5.25,1.84
2011.02.02 13:02:20.705,1.37994,1.38002,1.50,1.09
2011.02.02 13:02:25.020,1.37992,1.38,2.25,2.44
2011.02.02 13:02:25.487,1.37987,1.37996,3.75,1.84
2011.02.02 13:02:26.345,1.37984,1.37995,6.75,2.25
2011.02.02 13:02:28.100,1.37982,1.37991,1.50,4.84
2011.02.02 13:02:28.223,1.3798,1.3799,4.50,6.57
2011.02.02 13:02:28.556,1.37979,1.37986,1.50,1.50
2011.02.02 13:02:29.302,1.37981,1.37989,1.50,1.50
2011.02.02 13:02:30.633,1.37981,1.37988,1.50,2.25
2011.02.02 13:02:31.196,1.37981,1.3799,1.50,2.25
2011.02.02 13:02:32.957,1.3798,1.37987,1.50,1.56
2011.02.02 13:02:33.754,1.37978,1.37988,1.50,1.69
2011.02.02 13:02:33.975,1.37976,1.37988,2.25,3.19
2011.02.02 13:02:35.011,1.37979,1.37989,3.00,1.50
2011.02.02 13:02:37.296,1.3798,1.3799,1.50,3.75
2011.02.02 13:02:37.866,1.3798,1.37988,2.25,1.50
2011.02.02 13:02:38.416,1.3798,1.3799,2.25,3.00
2011.02.02 13:02:42.585,1.3798,1.37989,2.25,3.00
2011.02.02 13:02:42.695,1.3798,1.37988,1.50,2.25
2011.02.02 13:02:46.693,1.37975,1.37981,10.32,1.09
2011.02.02 13:02:46.812,1.37975,1.37981,1.88,1.28
2011.02.02 13:02:47.040,1.37971,1.3798,1.50,1.50
2011.02.02 13:02:49.786,1.37969,1.37974,1.50,1.09
2011.02.02 13:02:50.448,1.37968,1.37973,1.50,2.03
2011.02.02 13:02:51.026,1.37961,1.37971,1.50,2.59
2011.02.02 13:02:53.821,1.37959,1.3797,2.25,2.46
2011.02.02 13:02:54.995,1.37959,1.37968,2.25,1.69
2011.02.02 13:02:55.106,1.37952,1.37961,2.44,1.09
2011.02.02 13:02:55.327,1.37955,1.37964,1.50,2.25
2011.02.02 13:02:56.177,1.37952,1.37963,4.69,6.00
2011.02.02 13:02:56.516,1.37956,1.37964,1.50,1.50
2011.02.02 13:02:57.089,1.37952,1.3796,1.50,1.50
2011.02.02 13:02:57.966,1.37953,1.37961,1.50,2.03
2011.02.02 13:02:59.065,1.37954,1.37961,1.50,1.69
2011.02.02 13:02:59.407,1.37953,1.37961,1.50,1.28
2011.02.02 13:02:59.644,1.37952,1.37961,1.88,1.28
2011.02.02 13:03:00.074,1.37949,1.37957,1.50,4.50
2011.02.02 13:03:00.184,1.37948,1.37956,1.50,1.09
2011.02.02 13:03:00.994,1.37948,1.37958,1.50,3.19
2011.02.02 13:03:01.105,1.37949,1.37959,1.50,1.50
2011.02.02 13:03:01.327,1.37949,1.3796,3.00,3.00
2011.02.02 13:03:02.466,1.37949,1.37959,3.00,1.50
2011.02.02 13:03:05.395,1.37949,1.37958,3.00,2.25
2011.02.02 13:03:06.051,1.37947,1.37951,1.50,2.03
2011.02.02 13:03:06.173,1.3794,1.37951,1.50,2.03
2011.02.02 13:03:07.256,1.37939,1.37949,7.50,2.25
2011.02.02 13:03:07.925,1.37937,1.37942,6.00,1.14
2011.02.02 13:03:08.047,1.3793,1.37941,3.00,1.28
2011.02.02 13:03:08.718,1.37936,1.37943,1.48,2.25
2011.02.02 13:03:09.806,1.37931,1.37941,2.25,1.84
2011.02.02 13:03:10.359,1.37931,1.37941,1.50,2.59
2011.02.02 13:03:10.792,1.37931,1.37941,2.25,1.09
2011.02.02 13:03:11.028,1.37935,1.37943,1.50,1.84
2011.02.02 13:03:11.370,1.37936,1.37944,2.25,1.09
2011.02.02 13:03:12.007,1.37939,1.37946,1.50,2.25
2011.02.02 13:03:12.130,1.37938,1.37949,3.75,2.25
2011.02.02 13:03:13.090,1.3794,1.37948,1.50,2.31
2011.02.02 13:03:13.437,1.37937,1.37948,1.50,6.81
2011.02.02 13:03:15.260,1.37936,1.37944,1.50,2.25
2011.02.02 13:03:15.492,1.37931,1.37941,1.50,2.59
2011.02.02 13:03:15.996,1.3793,1.37941,2.25,3.34
2011.02.02 13:03:16.556,1.3793,1.37938,2.25,1.50
2011.02.02 13:03:18.305,1.37931,1.3794,1.50,1.50
2011.02.02 13:03:19.624,1.37934,1.37941,1.50,1.09
2011.02.02 13:03:20.777,1.37935,1.37944,1.50,1.09
2011.02.02 13:03:21.649,1.37936,1.37944,1.50,1.09
2011.02.02 13:03:21.773,1.37936,1.37946,2.25,1.09
2011.02.02 13:03:22.327,1.37939,1.37948,1.50,6.00
2011.02.02 13:03:23.320,1.37939,1.37949,2.25,1.50
2011.02.02 13:03:24.976,1.37943,1.37952,1.50,1.50
2011.02.02 13:03:25.308,1.37943,1.37954,2.25,2.25
2011.02.02 13:03:27.864,1.37946,1.37956,1.50,1.84
2011.02.02 13:03:28.089,1.37949,1.37958,1.50,3.00
2011.02.02 13:03:29.357,1.37948,1.37956,1.50,1.09
2011.02.02 13:03:29.916,1.37947,1.37956,1.50,2.59
2011.02.02 13:03:30.808,1.37946,1.37955,1.50,6.00
2011.02.02 13:03:30.931,1.37942,1.37951,1.50,1.09
2011.02.02 13:03:33.239,1.37943,1.37952,1.50,6.19
2011.02.02 13:03:34.128,1.3795,1.37956,5.44,4.50
2011.02.02 13:03:51.029,1.3795,1.37958,1.50,1.50
2011.02.02 13:03:51.255,1.37948,1.37956,3.19,1.09
2011.02.02 13:03:51.587,1.37945,1.37951,1.50,1.28
2011.02.02 13:03:51.936,1.37942,1.37951,1.50,5.78
2011.02.02 13:03:52.051,1.37939,1.37949,2.25,2.25
2011.02.02 13:03:52.498,1.37938,1.37948,6.19,1.50
2011.02.02 13:03:54.717,1.37939,1.37948,3.00,1.50
2011.02.02 13:03:55.776,1.37945,1.37954,1.50,1.50
2011.02.02 13:03:56.107,1.37941,1.37951,2.25,2.03
2011.02.02 13:03:56.771,1.37939,1.3795,3.00,2.25
2011.02.02 13:04:00.767,1.37941,1.37949,1.50,1.50
2011.02.02 13:04:01.291,1.3794,1.37949,1.50,1.50
2011.02.02 13:04:02.937,1.37941,1.37949,1.50,1.50
2011.02.02 13:04:03.628,1.37942,1.37951,1.50,2.03
2011.02.02 13:04:04.184,1.37942,1.37951,1.57,2.03
2011.02.02 13:04:06.716,1.37949,1.37958,2.25,2.25
2011.02.02 13:04:07.049,1.37949,1.37956,3.00,1.28
2011.02.02 13:04:07.818,1.37949,1.37956,2.25,1.50
2011.02.02 13:04:08.056,1.37949,1.37959,4.50,1.50
2011.02.02 13:04:10.807,1.37949,1.37958,3.00,2.31
2011.02.02 13:04:11.376,1.37946,1.37955,1.57,1.50
2011.02.02 13:04:11.717,1.37949,1.37957,2.25,1.50
2011.02.02 13:04:12.604,1.37949,1.37957,2.25,2.25
2011.02.02 13:04:13.003,1.37947,1.37951,7.95,4.28
2011.02.02 13:04:13.125,1.37941,1.3795,4.50,4.88
2011.02.02 13:04:19.012,1.37937,1.37948,31.13,1.09
2011.02.02 13:04:19.264,1.37937,1.37942,4.50,3.75
2011.02.02 13:04:19.377,1.37938,1.37946,1.50,2.03
2011.02.02 13:04:21.495,1.37936,1.37944,3.00,1.50
2011.02.02 13:04:22.046,1.37936,1.37944,3.00,1.50
2011.02.02 13:04:22.384,1.37936,1.37944,2.25,1.50
2011.02.02 13:04:27.224,1.37935,1.37941,2.25,1.09
2011.02.02 13:04:27.556,1.37932,1.37941,2.25,1.09
2011.02.02 13:04:28.595,1.37932,1.37941,1.50,1.84
2011.02.02 13:04:29.858,1.37932,1.37941,1.50,2.03
2011.02.02 13:04:31.098,1.37933,1.37942,1.50,1.14
2011.02.02 13:04:32.255,1.37937,1.37945,1.50,1.09
2011.02.02 13:04:32.368,1.37939,1.37946,1.50,6.00
2011.02.02 13:04:32.707,1.37939,1.37949,3.75,1.50
2011.02.02 13:04:34.415,1.37939,1.37948,1.50,2.25
2011.02.02 13:04:35.169,1.3794,1.37948,2.25,1.50
2011.02.02 13:04:35.775,1.3794,1.37949,2.25,1.50
2011.02.02 13:04:35.995,1.3794,1.3795,2.25,2.25
2011.02.02 13:04:40.826,1.37943,1.37951,2.63,2.25
2011.02.02 13:04:41.375,1.37942,1.37951,1.50,1.09
2011.02.02 13:04:44.988,1.37945,1.37952,1.50,2.25
2011.02.02 13:04:45.616,1.3795,1.37956,1.50,3.00
2011.02.02 13:04:45.845,1.3795,1.37958,1.50,1.50
2011.02.02 13:04:46.510,1.37949,1.37956,4.50,1.50
2011.02.02 13:04:46.955,1.3795,1.3796,1.50,7.50
2011.02.02 13:04:47.396,1.37951,1.37959,2.25,2.25
2011.02.02 13:04:48.167,1.37951,1.37957,1.50,1.50
2011.02.02 13:04:48.699,1.3795,1.37957,1.50,1.50
2011.02.02 13:04:50.235,1.37948,1.37956,2.25,1.09
2011.02.02 13:04:50.797,1.37948,1.37958,2.25,1.50
2011.02.02 13:04:51.236,1.3795,1.37958,2.25,1.50
2011.02.02 13:04:53.283,1.37951,1.37956,1.50,1.84
2011.02.02 13:04:53.846,1.3795,1.37958,3.00,1.50
2011.02.02 13:04:54.396,1.3795,1.37958,3.00,1.50
2011.02.02 13:04:54.973,1.3795,1.3796,3.00,3.75
2011.02.02 13:04:55.438,1.37951,1.3796,1.50,1.50
2011.02.02 13:04:57.766,1.37952,1.37961,1.50,3.53
2011.02.02 13:04:57.878,1.3796,1.37964,1.50,8.63
2011.02.02 13:04:58.330,1.37961,1.37967,1.50,1.58
2011.02.02 13:04:58.454,1.37961,1.37971,2.25,1.28
2011.02.02 13:04:58.568,1.37964,1.37971,1.50,1.28
2011.02.02 13:05:04.220,1.3796,1.37971,3.00,2.03
2011.02.02 13:05:04.335,1.3796,1.37971,3.00,2.78
2011.02.02 13:05:06.322,1.37967,1.37971,3.75,2.44
2011.02.02 13:05:06.559,1.37963,1.37973,2.25,1.50
2011.02.02 13:05:06.677,1.37966,1.37973,2.25,1.50
2011.02.02 13:05:07.236,1.37966,1.37973,1.50,2.25
2011.02.02 13:05:08.240,1.37969,1.37974,1.50,1.50
2011.02.02 13:05:08.467,1.37969,1.37976,1.50,2.25
2011.02.02 13:05:08.695,1.37969,1.37978,1.50,1.50
2011.02.02 13:05:09.917,1.3797,1.3798,1.50,4.50
2011.02.02 13:05:11.465,1.37971,1.3798,1.50,2.25
2011.02.02 13:05:16.217,1.37971,1.3798,2.44,2.25
2011.02.02 13:05:16.671,1.37973,1.37982,1.69,1.50
2011.02.02 13:05:24.511,1.37977,1.37982,1.50,1.50
2011.02.02 13:05:24.749,1.37979,1.37989,2.25,1.50
2011.02.02 13:05:25.364,1.37981,1.3799,1.50,1.50
2011.02.02 13:05:25.920,1.37981,1.37991,1.50,3.34
2011.02.02 13:05:26.482,1.37988,1.37993,4.69,6.00
2011.02.02 13:05:26.605,1.37988,1.37995,4.69,1.50
2011.02.02 13:05:26.832,1.37987,1.37991,7.50,1.28
2011.02.02 13:05:27.355,1.3798,1.37989,1.50,1.50
2011.02.02 13:05:30.076,1.37979,1.37987,1.62,1.56
2011.02.02 13:05:30.599,1.37977,1.37986,3.00,1.92
2011.02.02 13:05:30.722,1.37974,1.37984,6.00,2.25
2011.02.02 13:05:31.276,1.37974,1.37982,6.00,1.50
2011.02.02 13:05:32.676,1.37972,1.37981,6.00,2.25
2011.02.02 13:05:33.354,1.37971,1.3798,1.50,1.50
2011.02.02 13:05:35.786,1.37966,1.37976,3.00,1.28
2011.02.02 13:05:36.116,1.37964,1.37973,6.75,1.50
2011.02.02 13:05:36.690,1.37964,1.37973,6.75,1.50
2011.02.02 13:05:38.686,1.37964,1.37973,6.00,1.50
2011.02.02 13:05:39.018,1.37964,1.37971,4.50,1.09
2011.02.02 13:05:39.693,1.37957,1.37968,4.50,2.25
2011.02.02 13:05:41.126,1.37959,1.3797,2.25,9.75
2011.02.02 13:05:42.127,1.37962,1.3797,1.50,2.25
2011.02.02 13:05:42.249,1.37962,1.3797,1.50,2.31
2011.02.02 13:05:43.035,1.37961,1.3797,1.50,3.75
2011.02.02 13:05:45.276,1.37961,1.37967,1.50,2.59
2011.02.02 13:05:45.608,1.37953,1.37963,5.25,6.00
2011.02.02 13:05:46.075,1.37954,1.37962,1.50,6.34
2011.02.02 13:05:46.640,1.37954,1.37965,2.25,3.00
2011.02.02 13:05:47.084,1.37952,1.37961,3.00,1.28
2011.02.02 13:05:47.199,1.37951,1.37961,1.50,2.03
2011.02.02 13:05:51.005,1.37951,1.3796,1.50,2.25
2011.02.02 13:05:51.667,1.37952,1.37961,1.50,2.03
2011.02.02 13:05:53.937,1.37952,1.3796,1.50,1.50
2011.02.02 13:05:57.839,1.37952,1.37961,2.25,1.28
2011.02.02 13:05:58.505,1.37952,1.37961,2.25,2.03
2011.02.02 13:05:58.726,1.37951,1.3796,1.50,1.50
2011.02.02 13:05:59.481,1.37951,1.3796,1.50,1.50
2011.02.02 13:06:02.794,1.37949,1.37958,1.50,1.50
2011.02.02 13:06:03.018,1.37947,1.37953,6.75,2.25
2011.02.02 13:06:03.142,1.37947,1.37951,5.25,2.78
2011.02.02 13:06:03.258,1.37942,1.37951,2.25,2.78
2011.02.02 13:06:03.676,1.37939,1.37949,1.88,1.50
2011.02.02 13:06:04.239,1.37939,1.37947,1.50,1.50
2011.02.02 13:06:07.336,1.37938,1.37947,4.69,2.25
2011.02.02 13:06:18.542,1.37939,1.37947,4.50,2.25
2011.02.02 13:06:20.830,1.3794,1.37951,1.32,3.34
2011.02.02 13:06:20.950,1.37938,1.37949,6.75,1.50
2011.02.02 13:06:29.185,1.37938,1.37946,4.69,1.50
2011.02.02 13:06:32.716,1.37938,1.37948,3.94,2.25
2011.02.02 13:06:35.905,1.37941,1.3795,1.50,2.25
2011.02.02 13:06:36.030,1.37947,1.37951,1.50,3.00
2011.02.02 13:06:36.154,1.37948,1.37954,4.69,3.00
2011.02.02 13:06:36.708,1.37945,1.37955,1.50,1.50
2011.02.02 13:06:37.591,1.37945,1.37955,1.50,1.50
2011.02.02 13:06:38.335,1.37945,1.37955,1.50,1.50
2011.02.02 13:06:38.929,1.37952,1.3796,1.50,1.50
2011.02.02 13:06:39.710,1.3795,1.37956,2.25,1.09
2011.02.02 13:06:40.265,1.37949,1.37956,1.50,1.47
2011.02.02 13:06:41.428,1.37949,1.37958,1.50,2.25
2011.02.02 13:06:42.500,1.37949,1.37959,1.50,3.00
2011.02.02 13:06:43.608,1.37951,1.37959,1.50,1.50
2011.02.02 13:06:44.176,1.37954,1.3796,1.50,1.50
2011.02.02 13:06:45.836,1.37953,1.3796,1.50,1.50
2011.02.02 13:06:46.430,1.37954,1.37961,1.50,1.09
2011.02.02 13:06:46.550,1.37954,1.37962,2.25,3.00
2011.02.02 13:06:47.106,1.37956,1.37964,1.50,4.50
2011.02.02 13:06:47.579,1.3796,1.37966,4.50,3.00
2011.02.02 13:06:47.702,1.3796,1.37967,4.50,1.50
2011.02.02 13:06:51.298,1.3796,1.37969,5.25,1.50
2011.02.02 13:06:51.831,1.37961,1.37968,1.50,1.50
2011.02.02 13:06:51.960,1.37962,1.37969,1.50,1.88
2011.02.02 13:06:52.080,1.37963,1.3797,4.50,3.00
2011.02.02 13:06:52.539,1.3797,1.37977,4.50,1.56
2011.02.02 13:06:52.665,1.37966,1.37973,2.25,1.50
2011.02.02 13:06:52.997,1.37964,1.37972,2.25,1.50
2011.02.02 13:06:53.610,1.37966,1.37976,1.50,4.99
2011.02.02 13:06:53.727,1.37966,1.37974,1.50,1.50
2011.02.02 13:06:53.847,1.37964,1.37973,3.00,1.50
2011.02.02 13:06:54.888,1.37964,1.37973,2.25,1.50
2011.02.02 13:06:55.447,1.37964,1.37973,6.00,1.50
2011.02.02 13:06:55.570,1.37969,1.37974,1.50,2.25
2011.02.02 13:06:56.043,1.37973,1.3798,1.50,4.50
2011.02.02 13:06:56.161,1.37973,1.37981,1.50,1.50
2011.02.02 13:06:57.598,1.37977,1.37984,3.19,4.50
2011.02.02 13:06:58.200,1.37974,1.37982,2.25,2.25
2011.02.02 13:06:58.537,1.37974,1.37984,2.25,3.00
2011.02.02 13:06:59.155,1.37974,1.37983,2.25,6.00
2011.02.02 13:06:59.270,1.37974,1.37983,2.25,4.50
2011.02.02 13:06:59.606,1.37974,1.37984,2.25,3.75
2011.02.02 13:07:00.251,1.37974,1.37984,2.25,3.00
2011.02.02 13:07:00.369,1.37974,1.37982,2.25,1.50
2011.02.02 13:07:00.926,1.37974,1.37982,2.25,1.50
2011.02.02 13:07:01.703,1.37974,1.37982,2.25,1.50
2011.02.02 13:07:01.818,1.37974,1.37982,2.25,1.50
2011.02.02 13:07:02.157,1.37974,1.37984,2.25,1.50
2011.02.02 13:07:03.034,1.37976,1.37983,1.50,1.50
2011.02.02 13:07:04.398,1.37976,1.37986,1.50,2.25
2011.02.02 13:07:04.738,1.37983,1.37988,1.50,2.22
2011.02.02 13:07:05.247,1.37979,1.37988,1.50,2.22
2011.02.02 13:07:05.804,1.37979,1.37988,1.50,3.72
2011.02.02 13:07:07.039,1.37982,1.37991,1.50,4.50
2011.02.02 13:07:07.486,1.37985,1.37991,1.50,3.75
2011.02.02 13:07:08.049,1.37985,1.37993,1.50,1.50
2011.02.02 13:07:08.173,1.37982,1.37991,1.50,1.09
2011.02.02 13:07:08.726,1.37982,1.3799,1.50,1.50
2011.02.02 13:07:09.055,1.37982,1.3799,1.50,1.50
2011.02.02 13:07:09.927,1.37982,1.3799,1.50,1.50
2011.02.02 13:07:10.575,1.37982,1.37991,1.50,1.09
2011.02.02 13:07:11.347,1.37982,1.37991,1.50,1.28
2011.02.02 13:07:11.576,1.37982,1.37991,1.50,1.28
2011.02.02 13:07:11.687,1.37985,1.37993,1.50,8.25
2011.02.02 13:07:12.155,1.37986,1.37995,1.50,1.50
2011.02.02 13:07:12.381,1.37991,1.37999,1.50,3.00
2011.02.02 13:07:12.948,1.37992,1.38001,2.25,2.78
2011.02.02 13:07:13.299,1.37994,1.38001,4.50,14.78
2011.02.02 13:07:13.739,1.37995,1.38003,2.25,2.03
2011.02.02 13:07:13.863,1.37996,1.38004,1.50,2.03
2011.02.02 13:07:14.726,1.38001,1.38009,1.50,1.50
2011.02.02 13:07:14.850,1.38001,1.38006,1.50,3.75
2011.02.02 13:07:15.197,1.37997,1.38004,3.19,2.25
2011.02.02 13:07:15.762,1.38001,1.38009,1.50,5.25
2011.02.02 13:07:15.997,1.37998,1.38007,1.50,1.56
2011.02.02 13:07:16.230,1.37996,1.38004,1.50,1.50
2011.02.02 13:07:16.864,1.37996,1.38004,1.50,1.50
2011.02.02 13:07:17.318,1.37994,1.38003,1.50,2.44
2011.02.02 13:07:17.992,1.37993,1.38001,1.50,1.09
2011.02.02 13:07:18.441,1.37996,1.38002,1.50,1.50
2011.02.02 13:07:19.179,1.37994,1.38001,1.50,1.28
2011.02.02 13:07:19.867,1.37996,1.38004,1.50,19.93
2011.02.02 13:07:19.998,1.38001,1.38008,1.50,5.25
2011.02.02 13:07:20.775,1.38001,1.38009,1.50,1.50
2011.02.02 13:07:21.866,1.38001,1.38009,1.50,1.50
2011.02.02 13:07:21.978,1.38001,1.38009,1.50,1.50
2011.02.02 13:07:23.103,1.37999,1.38008,1.50,2.25
2011.02.02 13:07:23.218,1.37997,1.38006,20.63,2.03
2011.02.02 13:07:23.863,1.37999,1.38007,1.50,1.13
2011.02.02 13:07:24.446,1.37997,1.38006,22.69,1.50
2011.02.02 13:07:24.668,1.37998,1.38006,1.50,2.78
2011.02.02 13:07:24.786,1.37998,1.38006,1.50,2.78
2011.02.02 13:07:24.896,1.37998,1.38006,1.50,2.78
2011.02.02 13:07:25.667,1.37997,1.38006,3.00,2.55
2011.02.02 13:07:26.227,1.37997,1.38006,3.00,2.55
2011.02.02 13:07:26.994,1.37997,1.38006,3.00,2.55
2011.02.02 13:07:27.876,1.37997,1.38006,3.75,2.21
2011.02.02 13:07:28.296,1.37998,1.38006,6.00,1.46
2011.02.02 13:07:28.536,1.37999,1.38008,1.50,1.46
2011.02.02 13:07:29.415,1.37999,1.38008,3.00,1.46
2011.02.02 13:07:29.525,1.37999,1.38008,3.00,1.46
2011.02.02 13:07:30.280,1.37999,1.38008,3.75,1.50
2011.02.02 13:07:30.727,1.38002,1.38011,3.00,2.03
2011.02.02 13:07:31.399,1.38002,1.38009,1.50,1.50
2011.02.02 13:07:31.529,1.38003,1.38011,1.50,1.50
2011.02.02 13:07:31.869,1.38007,1.38016,2.25,1.84
2011.02.02 13:07:31.989,1.38008,1.38018,5.25,1.50
2011.02.02 13:07:32.569,1.38009,1.38018,2.25,1.50
2011.02.02 13:07:33.019,1.38008,1.38016,4.69,1.50
2011.02.02 13:07:33.659,1.38009,1.38018,2.25,1.50
2011.02.02 13:07:35.420,1.38008,1.38014,4.50,1.50
2011.02.02 13:07:35.975,1.38006,1.38014,1.50,1.50
2011.02.02 13:07:36.567,1.38009,1.38016,1.50,1.50
2011.02.02 13:07:36.681,1.38007,1.38016,3.94,1.50
2011.02.02 13:07:36.910,1.38009,1.38018,1.50,1.50
2011.02.02 13:07:38.981,1.38009,1.38015,1.50,3.75
2011.02.02 13:07:39.511,1.38009,1.38016,1.50,1.50
2011.02.02 13:07:39.628,1.38009,1.38019,1.50,2.25
2011.02.02 13:07:40.384,1.38009,1.38016,1.50,1.50
2011.02.02 13:07:40.499,1.38007,1.38014,4.50,1.50
2011.02.02 13:07:41.400,1.38001,1.38009,1.50,1.50
2011.02.02 13:07:44.137,1.38002,1.38011,1.50,1.84
2011.02.02 13:07:44.477,1.38008,1.38019,3.94,2.25
2011.02.02 13:07:45.060,1.38008,1.38019,5.44,2.25
2011.02.02 13:07:45.616,1.38008,1.38019,6.94,2.25
2011.02.02 13:07:46.189,1.38008,1.38019,6.94,2.25
2011.02.02 13:07:47.005,1.38008,1.38019,6.94,2.25
2011.02.02 13:07:54.679,1.38008,1.38017,6.75,1.09
2011.02.02 13:07:55.248,1.38009,1.38019,1.50,2.25
2011.02.02 13:07:57.420,1.38011,1.38019,1.50,1.50
2011.02.02 13:07:57.869,1.38012,1.38021,1.50,1.28
2011.02.02 13:07:58.411,1.38012,1.38021,1.50,1.28
2011.02.02 13:07:58.752,1.38016,1.38022,2.25,1.84
2011.02.02 13:07:59.391,1.38021,1.38025,1.50,4.50
2011.02.02 13:07:59.510,1.38021,1.38029,1.50,1.50
2011.02.02 13:08:02.076,1.38022,1.38029,1.50,1.50
2011.02.02 13:08:02.189,1.38023,1.38029,1.69,1.50
2011.02.02 13:08:02.673,1.38024,1.38033,1.69,5.25
2011.02.02 13:08:02.793,1.38025,1.38033,1.50,4.50
2011.02.02 13:08:03.836,1.38026,1.38033,1.50,4.50
2011.02.02 13:08:03.948,1.38027,1.38035,2.25,9.00
2011.02.02 13:08:04.068,1.38029,1.38035,1.50,3.75
2011.02.02 13:08:04.649,1.38029,1.38038,1.50,3.00
2011.02.02 13:08:08.007,1.38028,1.38036,1.50,5.78
2011.02.02 13:08:08.524,1.38027,1.38036,1.50,5.78
2011.02.02 13:08:08.967,1.38024,1.38034,2.25,1.50
2011.02.02 13:08:09.420,1.38027,1.38036,2.44,3.00
2011.02.02 13:08:09.946,1.38029,1.38038,1.50,1.50
2011.02.02 13:08:10.970,1.38028,1.38036,5.25,5.59
2011.02.02 13:08:11.513,1.38025,1.38034,1.13,1.50
2011.02.02 13:08:11.631,1.38024,1.38034,3.19,2.25
2011.02.02 13:08:13.126,1.38024,1.38032,3.00,1.09
2011.02.02 13:08:13.665,1.38022,1.38031,1.50,1.09
2011.02.02 13:08:14.435,1.38021,1.3803,2.25,1.50
2011.02.02 13:08:16.405,1.38021,1.38029,1.50,1.50
2011.02.02 13:08:27.166,1.38015,1.38025,42.00,1.50
2011.02.02 13:08:27.278,1.38015,1.38023,7.13,2.31
2011.02.02 13:08:27.711,1.38013,1.38022,1.50,3.27
2011.02.02 13:08:32.681,1.38009,1.3802,6.94,1.50
2011.02.02 13:08:33.017,1.38007,1.38017,2.25,1.02
2011.02.02 13:08:33.949,1.38011,1.38021,2.25,1.84
2011.02.02 13:08:34.289,1.38009,1.38016,4.50,1.09
2011.02.02 13:08:34.844,1.38007,1.38016,2.25,1.09
2011.02.02 13:08:37.375,1.38007,1.38014,2.25,1.09
2011.02.02 13:08:37.810,1.38004,1.38011,5.25,1.09
2011.02.02 13:08:37.939,1.38009,1.38015,1.50,6.00
2011.02.02 13:08:38.058,1.38011,1.38015,1.50,3.75
2011.02.02 13:08:38.180,1.38011,1.38017,1.50,1.50
2011.02.02 13:08:38.296,1.38011,1.38019,1.50,3.00
2011.02.02 13:08:42.017,1.38012,1.3802,1.69,1.50
2011.02.02 13:08:42.361,1.38011,1.38016,2.25,1.09
2011.02.02 13:08:42.823,1.38009,1.38016,1.50,1.09
2011.02.02 13:08:46.039,1.38009,1.38019,2.25,2.25
2011.02.02 13:08:46.159,1.38008,1.38016,2.25,1.09
2011.02.02 13:08:46.804,1.38009,1.3802,1.50,7.50
2011.02.02 13:08:46.920,1.38011,1.3802,2.25,2.25
2011.02.02 13:08:47.371,1.38013,1.38022,1.50,3.00
2011.02.02 13:08:49.188,1.38016,1.38025,1.50,3.00
2011.02.02 13:08:49.308,1.38016,1.38027,2.25,10.47
2011.02.02 13:08:49.428,1.38016,1.38025,1.50,1.50
2011.02.02 13:08:50.056,1.38016,1.38025,2.25,1.50
2011.02.02 13:08:50.385,1.38016,1.38022,2.25,3.75
2011.02.02 13:08:51.135,1.38014,1.38019,2.25,3.75
2011.02.02 13:08:51.254,1.38012,1.38019,1.50,4.50
2011.02.02 13:08:54.477,1.38005,1.38013,31.50,1.69
2011.02.02 13:08:54.709,1.38002,1.38009,3.75,4.50
2011.02.02 13:08:57.646,1.38002,1.38009,2.25,1.50
2011.02.02 13:08:57.756,1.38001,1.38007,2.25,4.50
2011.02.02 13:08:58.329,1.37997,1.38003,5.25,1.09
2011.02.02 13:08:58.453,1.37991,1.38,1.50,1.50
2011.02.02 13:09:00.397,1.37991,1.38,2.25,1.50
2011.02.02 13:09:00.521,1.37992,1.38,5.44,1.50
2011.02.02 13:09:00.861,1.37992,1.38,3.75,1.50
2011.02.02 13:09:01.527,1.37991,1.38,2.25,1.50
2011.02.02 13:09:03.056,1.37991,1.37999,1.50,2.25
2011.02.02 13:09:03.669,1.37988,1.37995,5.44,2.03
2011.02.02 13:09:03.790,1.37989,1.37998,1.69,1.50
2011.02.02 13:09:04.351,1.3799,1.37999,1.50,1.50
2011.02.02 13:09:05.346,1.3799,1.37998,1.50,1.84
2011.02.02 13:09:05.783,1.37988,1.37996,6.75,1.09
2011.02.02 13:09:05.904,1.37986,1.37994,1.50,1.50
2011.02.02 13:09:06.455,1.37984,1.37994,2.25,2.25
2011.02.02 13:09:08.337,1.37986,1.37994,1.50,2.25
2011.02.02 13:09:08.906,1.37984,1.37994,1.50,3.00
2011.02.02 13:09:10.226,1.37979,1.37989,3.75,1.50
2011.02.02 13:09:16.866,1.37975,1.37983,47.25,1.50
2011.02.02 13:09:17.319,1.37971,1.3798,2.25,1.50
2011.02.02 13:09:17.984,1.3797,1.37976,1.50,6.00
2011.02.02 13:09:18.224,1.37966,1.3797,1.13,1.50
2011.02.02 13:09:18.342,1.37962,1.3797,3.19,1.50
2011.02.02 13:09:18.859,1.37962,1.37972,6.75,1.50
2011.02.02 13:09:20.047,1.37962,1.37972,6.75,1.50
2011.02.02 13:09:20.818,1.37962,1.37971,5.25,1.09
2011.02.02 13:09:21.397,1.37961,1.37972,3.00,2.25
2011.02.02 13:09:21.745,1.37963,1.37972,1.50,1.50
2011.02.02 13:09:22.082,1.37967,1.37975,2.25,3.15
2011.02.02 13:09:22.420,1.3797,1.37976,1.50,1.50
2011.02.02 13:09:22.760,1.3797,1.37978,1.50,1.50
2011.02.02 13:09:23.656,1.37971,1.37979,1.50,1.50
2011.02.02 13:09:24.247,1.37971,1.37979,1.50,1.50
2011.02.02 13:09:25.257,1.37971,1.37978,1.50,1.09
2011.02.02 13:09:25.493,1.3797,1.37975,1.50,5.25
2011.02.02 13:09:25.612,1.37968,1.37973,4.69,1.50
2011.02.02 13:09:25.730,1.37968,1.37975,6.19,3.75
2011.02.02 13:09:26.388,1.37969,1.37979,1.69,1.50
2011.02.02 13:09:28.352,1.37974,1.37981,1.69,1.09
2011.02.02 13:09:29.013,1.37981,1.37987,1.50,1.50
2011.02.02 13:09:29.137,1.37982,1.37989,1.50,2.25
2011.02.02 13:09:29.660,1.37985,1.3799,1.50,2.25
2011.02.02 13:09:29.785,1.37984,1.37991,1.50,1.84
2011.02.02 13:09:29.899,1.37982,1.37991,1.50,2.59
2011.02.02 13:09:30.017,1.37981,1.3799,1.50,3.00
2011.02.02 13:09:30.246,1.37978,1.37986,6.00,1.50
2011.02.02 13:09:30.672,1.37978,1.37986,4.50,1.84
2011.02.02 13:09:30.795,1.37976,1.37984,1.50,1.50
2011.02.02 13:09:31.779,1.37976,1.37984,1.50,1.50
2011.02.02 13:09:32.337,1.37974,1.37984,2.25,1.50
2011.02.02 13:09:32.458,1.37974,1.37981,1.50,4.84
2011.02.02 13:09:32.966,1.37968,1.37976,4.50,5.40
2011.02.02 13:09:33.089,1.37964,1.3797,4.50,1.50
2011.02.02 13:09:33.210,1.37961,1.3797,2.25,2.25
2011.02.02 13:09:33.799,1.37968,1.37973,4.50,4.50
2011.02.02 13:09:33.923,1.37971,1.37975,1.50,1.50
2011.02.02 13:09:34.607,1.37968,1.37976,6.19,1.84
2011.02.02 13:09:34.723,1.37966,1.37974,1.50,1.50
2011.02.02 13:09:34.841,1.37966,1.37974,1.50,1.50
2011.02.02 13:09:34.960,1.37963,1.37973,1.50,1.09
2011.02.02 13:09:35.077,1.37963,1.37971,1.50,1.09
2011.02.02 13:09:35.616,1.37963,1.37971,1.50,5.03
2011.02.02 13:09:35.739,1.37958,1.37966,1.50,1.09
2011.02.02 13:09:36.599,1.37956,1.37966,2.25,1.09
2011.02.02 13:09:37.727,1.37952,1.37964,8.44,1.50
2011.02.02 13:09:37.949,1.37952,1.37964,7.69,1.50
2011.02.02 13:09:38.726,1.37951,1.37961,5.25,1.84
2011.02.02 13:09:38.837,1.37952,1.37961,1.50,1.84
2011.02.02 13:09:39.515,1.37952,1.37961,1.50,1.84
2011.02.02 13:09:40.079,1.37951,1.37959,1.50,1.50
2011.02.02 13:09:43.372,1.37951,1.37958,1.50,1.50
2011.02.02 13:09:43.926,1.37949,1.37958,1.69,1.50
2011.02.02 13:09:45.241,1.37951,1.37958,1.50,1.50
2011.02.02 13:09:45.369,1.37953,1.37959,1.69,16.50
2011.02.02 13:09:45.598,1.37952,1.37962,1.69,3.00
2011.02.02 13:09:46.022,1.37954,1.37963,1.50,1.50
2011.02.02 13:09:46.142,1.37962,1.37968,1.50,1.56
2011.02.02 13:09:46.370,1.37958,1.37968,1.50,1.89
2011.02.02 13:09:47.400,1.37957,1.37963,1.50,1.09
2011.02.02 13:09:47.639,1.37954,1.37961,4.50,1.09
2011.02.02 13:09:48.076,1.37954,1.37961,3.75,1.09
2011.02.02 13:09:48.746,1.37951,1.3796,2.25,1.50
2011.02.02 13:09:49.531,1.37951,1.3796,2.25,1.50
2011.02.02 13:09:51.265,1.37951,1.3796,1.50,1.50
2011.02.02 13:09:51.376,1.3795,1.3796,1.50,1.50
2011.02.02 13:09:51.926,1.37949,1.3796,7.69,1.50
2011.02.02 13:09:54.186,1.37953,1.37962,1.69,2.25
2011.02.02 13:09:54.520,1.37958,1.37966,5.25,3.49
2011.02.02 13:09:54.746,1.37957,1.37962,2.25,1.50
2011.02.02 13:09:54.858,1.37955,1.37961,2.25,1.09
2011.02.02 13:09:55.304,1.37951,1.37959,1.50,1.50
2011.02.02 13:09:55.968,1.37949,1.37959,3.19,1.50
2011.02.02 13:09:56.687,1.37949,1.37958,3.19,1.50
2011.02.02 13:09:56.802,1.37949,1.37958,2.44,1.50
2011.02.02 13:10:00.242,1.37949,1.37958,3.19,1.50
2011.02.02 13:10:02.696,1.37949,1.37961,3.19,2.59
2011.02.02 13:10:03.886,1.37949,1.37958,3.19,1.50
2011.02.02 13:10:06.596,1.37951,1.37959,1.50,1.50
2011.02.02 13:10:08.595,1.37951,1.37961,1.50,1.84
2011.02.02 13:10:09.388,1.37952,1.37961,4.50,1.50
2011.02.02 13:10:09.631,1.37956,1.37963,1.50,1.50
2011.02.02 13:10:09.748,1.37956,1.37963,1.50,1.50
2011.02.02 13:10:10.306,1.37956,1.37964,2.25,1.50
2011.02.02 13:10:11.251,1.37958,1.37966,4.50,2.25
2011.02.02 13:10:11.376,1.37961,1.37968,1.50,3.00
2011.02.02 13:10:13.896,1.37961,1.37968,1.50,3.00
2011.02.02 13:10:14.444,1.37961,1.37968,1.50,3.00
2011.02.02 13:10:15.104,1.37961,1.37969,1.50,1.50
2011.02.02 13:10:19.658,1.37961,1.37969,1.50,1.50
2011.02.02 13:10:20.228,1.37961,1.37969,1.50,1.50
2011.02.02 13:10:20.566,1.37964,1.37971,5.25,2.59
2011.02.02 13:10:20.798,1.37965,1.37973,1.50,3.00
2011.02.02 13:10:21.365,1.37967,1.37974,1.69,1.09
2011.02.02 13:10:22.948,1.37973,1.37981,2.25,1.84
2011.02.02 13:10:23.289,1.37974,1.37981,1.50,1.09
2011.02.02 13:10:23.406,1.37975,1.37983,1.50,3.00
2011.02.02 13:10:24.156,1.37974,1.37981,1.50,1.09
2011.02.02 13:10:24.598,1.37971,1.37979,1.50,1.09
2011.02.02 13:10:24.718,1.37972,1.3798,1.50,1.50
2011.02.02 13:10:25.821,1.37976,1.37983,1.50,8.03
2011.02.02 13:10:26.303,1.37976,1.37984,2.25,1.50
2011.02.02 13:10:26.651,1.37976,1.37982,1.50,1.50
2011.02.02 13:10:27.245,1.37974,1.37982,1.50,1.50
2011.02.02 13:10:28.279,1.37969,1.37974,1.50,1.50
2011.02.02 13:10:28.622,1.37966,1.37972,2.25,1.56
2011.02.02 13:10:29.138,1.3796,1.37965,4.50,2.25
2011.02.02 13:10:29.494,1.37961,1.37969,1.50,2.25
2011.02.02 13:10:30.340,1.37961,1.37969,1.50,2.25
2011.02.02 13:10:30.458,1.37962,1.37971,1.50,3.34
2011.02.02 13:10:30.579,1.37962,1.37971,1.50,1.09
2011.02.02 13:10:30.917,1.37961,1.37971,1.50,1.84
2011.02.02 13:10:32.558,1.37961,1.37969,1.50,1.50
2011.02.02 13:10:33.109,1.37966,1.37973,1.50,1.50
2011.02.02 13:10:35.957,1.37966,1.37974,1.50,1.50
2011.02.02 13:10:36.080,1.37966,1.37974,1.50,1.50
2011.02.02 13:10:37.059,1.37974,1.3798,1.50,1.50
2011.02.02 13:10:37.677,1.37976,1.3798,1.50,3.75
2011.02.02 13:10:37.797,1.37976,1.37983,2.25,1.50
2011.02.02 13:10:37.921,1.37977,1.37984,3.00,3.75
2011.02.02 13:10:38.043,1.37977,1.37985,1.50,2.25
2011.02.02 13:10:38.471,1.37977,1.37987,2.25,3.00
2011.02.02 13:10:40.086,1.37978,1.37988,2.25,1.50
2011.02.02 13:10:40.421,1.37987,1.37991,22.88,1.09
2011.02.02 13:10:40.943,1.37984,1.37991,1.50,1.09
2011.02.02 13:10:41.291,1.3798,1.3799,27.57,1.50
2011.02.02 13:10:41.408,1.3798,1.3799,5.63,1.50
2011.02.02 13:10:41.529,1.37982,1.3799,1.50,1.50
2011.02.02 13:10:42.208,1.37979,1.37988,2.25,3.06
2011.02.02 13:10:42.766,1.37979,1.37988,1.50,2.25
2011.02.02 13:10:43.855,1.37984,1.37991,4.50,7.47
2011.02.02 13:10:44.200,1.3799,1.37998,1.50,3.00
2011.02.02 13:10:44.428,1.3799,1.37999,2.25,1.50
2011.02.02 13:10:45.397,1.37991,1.38001,1.50,7.09
2011.02.02 13:10:46.397,1.37987,1.37996,2.25,2.59
2011.02.02 13:10:47.398,1.37984,1.37991,3.75,2.59
2011.02.02 13:10:47.959,1.37981,1.37991,1.50,4.09
2011.02.02 13:10:48.282,1.37981,1.3799,1.50,1.50
2011.02.02 13:10:49.896,1.37987,1.37993,1.50,21.22
2011.02.02 13:10:50.307,1.37988,1.37994,2.44,1.50
2011.02.02 13:10:50.424,1.37988,1.37998,6.94,2.25
2011.02.02 13:10:51.869,1.37989,1.37998,1.69,1.50
2011.02.02 13:10:52.648,1.37988,1.37996,1.50,1.84
2011.02.02 13:10:52.986,1.37987,1.37993,7.50,1.09
2011.02.02 13:10:53.219,1.37981,1.37991,2.25,1.84
2011.02.02 13:10:53.339,1.37981,1.37991,1.50,2.59
2011.02.02 13:10:53.974,1.37981,1.37991,2.25,4.09
2011.02.02 13:10:54.196,1.37981,1.37989,1.50,1.50
2011.02.02 13:10:55.968,1.37979,1.37989,3.00,1.50
2011.02.02 13:10:56.199,1.37978,1.37986,1.50,1.84
2011.02.02 13:10:57.826,1.37979,1.37988,1.50,7.50
2011.02.02 13:10:57.939,1.37979,1.37988,2.25,2.25
2011.02.02 13:11:00.037,1.37979,1.37988,2.25,1.50
2011.02.02 13:11:00.596,1.37981,1.37989,1.50,1.50
2011.02.02 13:11:02.236,1.37979,1.37989,2.44,1.50
2011.02.02 13:11:07.236,1.37979,1.37989,2.44,1.50
2011.02.02 13:11:09.855,1.37979,1.37989,3.19,1.50
2011.02.02 13:11:10.405,1.37979,1.37989,3.19,1.50
2011.02.02 13:11:10.941,1.3798,1.37989,5.63,1.50
2011.02.02 13:11:11.612,1.37985,1.37992,1.50,1.50
2011.02.02 13:11:12.143,1.37988,1.37994,1.50,2.25
2011.02.02 13:11:15.798,1.37987,1.37993,1.50,1.84
2011.02.02 13:11:16.185,1.37983,1.37991,2.25,1.50
2011.02.02 13:11:16.308,1.37989,1.37997,5.25,1.50
2011.02.02 13:11:17.668,1.37988,1.37996,1.50,1.84
2011.02.02 13:11:18.125,1.37981,1.37991,5.78,1.84
2011.02.02 13:11:18.684,1.37983,1.37991,1.50,1.84
2011.02.02 13:11:25.475,1.37987,1.37993,1.50,19.52
2011.02.02 13:11:26.153,1.37989,1.37999,3.19,1.50
2011.02.02 13:11:26.490,1.37987,1.37993,23.82,1.09
2011.02.02 13:11:27.162,1.37984,1.37991,1.50,1.09
2011.02.02 13:11:31.976,1.37984,1.37993,2.44,6.34
2011.02.02 13:11:32.395,1.37984,1.37993,3.19,2.25
2011.02.02 13:11:32.537,1.37989,1.37996,1.50,1.84
2011.02.02 13:11:33.087,1.37989,1.37996,2.25,1.84
2011.02.02 13:11:33.625,1.37989,1.37996,2.25,1.09
2011.02.02 13:11:34.687,1.37991,1.37997,1.50,1.50
2011.02.02 13:11:34.911,1.37991,1.38,2.25,1.50
2011.02.02 13:11:35.351,1.37991,1.38001,2.25,1.84
2011.02.02 13:11:37.095,1.37993,1.38001,1.50,1.09
2011.02.02 13:11:37.209,1.37995,1.38003,1.50,11.64
2011.02.02 13:11:37.331,1.37995,1.38001,1.50,1.09
2011.02.02 13:11:37.668,1.37995,1.38003,1.50,2.25
2011.02.02 13:11:37.888,1.37997,1.38005,1.50,2.25
2011.02.02 13:11:39.199,1.37999,1.38006,1.50,1.09
2011.02.02 13:11:40.726,1.37998,1.38006,2.25,1.09
2011.02.02 13:11:41.193,1.37994,1.38003,2.25,1.09
2011.02.02 13:11:41.317,1.37993,1.38002,1.50,2.59
2011.02.02 13:11:41.428,1.37991,1.38002,3.00,2.59
2011.02.02 13:11:45.911,1.37991,1.38,2.25,1.50
2011.02.02 13:11:46.556,1.37991,1.38002,2.25,5.03
2011.02.02 13:11:49.814,1.37991,1.38,2.25,1.50
2011.02.02 13:11:50.366,1.37991,1.37999,1.50,1.50
2011.02.02 13:11:51.016,1.37991,1.38001,2.25,3.34
2011.02.02 13:11:51.349,1.37996,1.38001,1.50,2.59
2011.02.02 13:11:51.467,1.37992,1.38001,1.50,1.84
2011.02.02 13:11:54.466,1.37991,1.37996,2.25,3.75
2011.02.02 13:11:54.971,1.37987,1.37993,1.50,1.84
2011.02.02 13:11:55.093,1.37983,1.37993,1.50,3.34
2011.02.02 13:11:56.808,1.37984,1.37993,2.25,9.39
2011.02.02 13:11:57.467,1.3798,1.37986,5.25,1.09
2011.02.02 13:11:58.017,1.37979,1.37986,1.50,2.59
2011.02.02 13:12:01.154,1.37975,1.37981,4.18,1.09
2011.02.02 13:12:01.502,1.37975,1.37983,3.00,2.59
2011.02.02 13:12:01.620,1.37974,1.37984,1.50,1.50
2011.02.02 13:12:02.078,1.37978,1.37985,1.50,2.25
2011.02.02 13:12:03.320,1.37978,1.37986,1.50,1.09
2011.02.02 13:12:05.475,1.37978,1.37986,1.50,1.09
2011.02.02 13:12:06.014,1.37977,1.37986,1.50,1.24
2011.02.02 13:12:09.149,1.37974,1.37981,3.75,1.09
2011.02.02 13:12:10.136,1.37978,1.37986,1.50,1.09
2011.02.02 13:12:11.337,1.37978,1.37986,1.50,1.09
2011.02.02 13:12:12.005,1.37978,1.37986,1.50,1.09
2011.02.02 13:12:13.147,1.3798,1.3799,2.25,19.94
2011.02.02 13:12:13.738,1.37984,1.37991,1.50,1.09
2011.02.02 13:12:14.959,1.37984,1.37991,1.50,1.09
2011.02.02 13:12:15.419,1.37986,1.37993,1.50,5.25
2011.02.02 13:12:15.968,1.37991,1.37998,1.50,3.75
2011.02.02 13:12:16.771,1.37991,1.37999,2.25,2.25
2011.02.02 13:12:17.227,1.37991,1.37998,1.50,1.50
2011.02.02 13:12:18.940,1.37991,1.37999,1.50,1.50
2011.02.02 13:12:37.366,1.37991,1.38001,3.00,1.09
2011.02.02 13:12:47.980,1.37997,1.38002,2.25,1.50
2011.02.02 13:12:48.101,1.37998,1.38004,3.75,3.00
2011.02.02 13:12:48.220,1.37998,1.38004,4.50,1.50
2011.02.02 13:12:48.662,1.37999,1.38006,1.50,1.84
2011.02.02 13:12:49.000,1.38001,1.38009,1.50,2.25
2011.02.02 13:12:49.654,1.38001,1.38008,1.50,2.25
2011.02.02 13:12:50.978,1.38001,1.38008,1.50,2.25
2011.02.02 13:12:51.426,1.37997,1.38003,32.73,1.09
2011.02.02 13:12:51.652,1.37996,1.38001,3.00,1.09
2011.02.02 13:12:51.880,1.37993,1.38001,1.50,1.09
2011.02.02 13:12:52.431,1.37993,1.38003,1.50,6.81
2011.02.02 13:12:52.550,1.37993,1.38003,2.44,4.50
2011.02.02 13:12:53.873,1.37997,1.38005,1.50,1.50
2011.02.02 13:12:55.312,1.37997,1.38006,1.50,1.50
2011.02.02 13:12:55.845,1.37997,1.38006,1.50,1.50
2011.02.02 13:12:56.397,1.37997,1.38006,1.50,1.50
2011.02.02 13:12:57.952,1.37997,1.38004,1.50,1.50
2011.02.02 13:12:58.292,1.37997,1.38005,6.00,2.25
2011.02.02 13:12:58.954,1.37999,1.38007,3.00,2.25
2011.02.02 13:12:59.289,1.38001,1.38011,1.69,1.84
2011.02.02 13:12:59.409,1.37999,1.38009,3.00,1.50
2011.02.02 13:13:00.497,1.37999,1.38008,3.00,1.56
2011.02.02 13:13:01.023,1.37996,1.38004,1.50,1.09
2011.02.02 13:13:01.144,1.37996,1.38005,1.50,7.13
2011.02.02 13:13:02.370,1.37992,1.38001,1.50,1.09
2011.02.02 13:13:03.018,1.37992,1.38001,1.50,1.09
2011.02.02 13:13:04.723,1.37992,1.38001,2.25,1.09
2011.02.02 13:13:07.817,1.37992,1.38001,2.25,1.84
2011.02.02 13:13:09.378,1.37993,1.38004,1.50,1.50
2011.02.02 13:13:09.827,1.37992,1.38001,1.50,1.09
2011.02.02 13:13:10.160,1.37989,1.37998,2.25,1.50
2011.02.02 13:13:11.588,1.37989,1.37996,1.50,1.09
2011.02.02 13:13:12.376,1.37989,1.37996,1.50,1.09
2011.02.02 13:13:12.818,1.37989,1.37996,1.50,1.09
2011.02.02 13:13:13.291,1.37989,1.37996,1.50,1.09
2011.02.02 13:13:16.816,1.37991,1.37998,1.50,1.50
2011.02.02 13:13:17.691,1.37992,1.38001,1.50,1.09
2011.02.02 13:13:18.573,1.37991,1.37999,2.25,1.50
2011.02.02 13:13:18.691,1.3799,1.37996,6.00,1.09
2011.02.02 13:13:18.810,1.37988,1.37996,1.50,1.09
2011.02.02 13:13:21.331,1.37987,1.37994,2.25,1.09
2011.02.02 13:13:21.668,1.37983,1.37995,3.94,1.50
2011.02.02 13:13:21.787,1.37987,1.37994,2.25,1.50
2011.02.02 13:13:21.897,1.37983,1.37991,3.94,1.09
2011.02.02 13:13:22.289,1.37984,1.37991,1.50,1.09
2011.02.02 13:13:32.758,1.37981,1.37989,1.50,1.50
2011.02.02 13:13:34.423,1.37982,1.37989,1.50,1.50
2011.02.02 13:13:35.151,1.37981,1.37989,2.25,1.50
2011.02.02 13:13:42.477,1.37983,1.37991,1.69,1.50
2011.02.02 13:13:42.601,1.37983,1.37992,2.44,2.25
2011.02.02 13:13:46.265,1.37986,1.37993,1.50,1.50
2011.02.02 13:13:46.381,1.37989,1.37994,1.50,1.50
2011.02.02 13:13:46.929,1.37986,1.37996,1.50,2.59
2011.02.02 13:13:48.799,1.37986,1.37994,2.25,1.50
2011.02.02 13:13:48.919,1.3799,1.37996,1.50,1.50
2011.02.02 13:13:49.039,1.3799,1.37996,1.50,1.50
2011.02.02 13:13:49.634,1.37988,1.37996,5.25,1.84
2011.02.02 13:13:50.201,1.37985,1.37994,3.00,1.50
2011.02.02 13:13:52.618,1.37985,1.37994,1.50,1.50
2011.02.02 13:13:55.097,1.37986,1.37995,1.50,1.65
2011.02.02 13:13:55.870,1.3799,1.37998,1.50,1.50
2011.02.02 13:13:58.177,1.37992,1.38001,1.50,1.84
2011.02.02 13:13:58.300,1.3799,1.37998,4.50,1.50
2011.02.02 13:13:58.828,1.3799,1.37999,1.13,2.25
2011.02.02 13:13:59.068,1.3799,1.37999,1.50,1.50
2011.02.02 13:13:59.189,1.3799,1.37999,1.50,1.50
2011.02.02 13:13:59.307,1.37989,1.37999,3.75,2.25
2011.02.02 13:14:01.045,1.37992,1.38001,1.50,1.09
2011.02.02 13:14:01.487,1.37998,1.38002,3.75,1.50
2011.02.02 13:14:01.730,1.37999,1.38008,2.25,1.50
2011.02.02 13:14:02.432,1.38,1.38009,1.50,1.50
2011.02.02 13:14:03.530,1.37999,1.38009,2.25,1.50
2011.02.02 13:14:03.761,1.37999,1.38009,2.25,2.25
2011.02.02 13:14:04.319,1.37999,1.38009,2.25,1.50
2011.02.02 13:14:05.771,1.38004,1.38011,1.50,1.84
2011.02.02 13:14:05.892,1.38002,1.38009,1.50,1.50
2011.02.02 13:14:06.390,1.37999,1.38009,3.00,1.50
2011.02.02 13:14:09.895,1.37999,1.38011,3.00,1.84
2011.02.02 13:14:10.133,1.37999,1.38009,3.00,1.50
2011.02.02 13:14:10.897,1.38001,1.3801,6.00,2.25
2011.02.02 13:14:11.012,1.38001,1.38013,6.75,5.25
2011.02.02 13:14:11.473,1.38003,1.38013,3.75,4.50
2011.02.02 13:14:11.830,1.38009,1.38021,3.75,2.59
2011.02.02 13:14:12.247,1.3801,1.38021,3.38,2.25
2011.02.02 13:14:12.367,1.38017,1.38026,1.50,3.34
2011.02.02 13:14:13.401,1.38022,1.38031,2.25,2.59
2011.02.02 13:14:16.119,1.38027,1.38035,1.50,3.00
2011.02.02 13:14:16.748,1.38031,1.38041,1.50,3.34
2011.02.02 13:14:18.999,1.38031,1.38039,1.50,1.50
2011.02.02 13:14:19.229,1.38031,1.38038,1.50,1.50
2011.02.02 13:14:19.789,1.3803,1.38038,2.25,1.50
2011.02.02 13:14:20.517,1.3803,1.38036,2.25,1.50
2011.02.02 13:14:20.848,1.38029,1.38035,1.50,1.65
2011.02.02 13:14:20.967,1.38027,1.38033,3.00,1.50
2011.02.02 13:14:21.080,1.38027,1.38032,1.50,1.50
2011.02.02 13:14:21.791,1.3802,1.38029,1.50,1.50
2011.02.02 13:14:23.340,1.38024,1.38029,3.75,1.50
2011.02.02 13:14:23.469,1.38023,1.38034,3.00,2.25
2011.02.02 13:14:23.587,1.38023,1.38034,3.00,2.25
2011.02.02 13:14:24.136,1.38026,1.38034,1.50,2.25
2011.02.02 13:14:24.356,1.38026,1.38034,1.50,2.59
2011.02.02 13:14:24.870,1.38029,1.38039,2.25,3.75
2011.02.02 13:14:25.208,1.38029,1.38039,2.25,3.75
2011.02.02 13:14:25.883,1.38029,1.38039,2.25,3.87
2011.02.02 13:14:26.877,1.38029,1.38039,2.25,2.37
2011.02.02 13:14:27.439,1.38029,1.38039,2.25,2.37
2011.02.02 13:14:27.962,1.38029,1.38039,2.25,2.37
2011.02.02 13:14:28.081,1.38029,1.38035,2.25,1.20
2011.02.02 13:14:28.310,1.38029,1.38039,2.25,2.37
2011.02.02 13:14:29.328,1.38027,1.38034,7.50,1.09
2011.02.02 13:14:29.775,1.38026,1.38034,1.50,2.25
2011.02.02 13:14:30.650,1.38023,1.38034,1.50,1.50
2011.02.02 13:14:31.625,1.38022,1.38034,1.50,2.25
2011.02.02 13:14:31.770,1.38019,1.38029,2.25,2.25
2011.02.02 13:14:32.755,1.38019,1.38029,2.25,2.40
2011.02.02 13:14:34.642,1.38018,1.38026,3.75,1.32
2011.02.02 13:14:35.033,1.38014,1.38023,1.50,1.09
2011.02.02 13:14:35.161,1.38012,1.38022,1.50,1.65
2011.02.02 13:14:35.611,1.38011,1.38021,1.50,1.50
2011.02.02 13:14:36.862,1.38006,1.38014,2.63,1.50
2011.02.02 13:14:37.287,1.38009,1.38017,1.50,1.50
2011.02.02 13:14:37.408,1.38009,1.38019,1.50,1.50
2011.02.02 13:14:41.040,1.38014,1.38019,4.50,1.50
2011.02.02 13:14:41.282,1.38012,1.38023,1.50,1.50
2011.02.02 13:14:43.299,1.3801,1.38021,2.25,1.84
2011.02.02 13:14:43.422,1.38008,1.38019,1.50,1.84
2011.02.02 13:14:44.080,1.38007,1.38016,1.50,1.09
2011.02.02 13:14:44.634,1.38006,1.38016,1.50,1.09
2011.02.02 13:14:45.197,1.38006,1.38015,2.25,1.50
2011.02.02 13:14:46.932,1.38006,1.38016,1.50,1.09
2011.02.02 13:14:47.165,1.38006,1.38016,1.50,1.09
2011.02.02 13:14:47.283,1.38005,1.38016,1.50,1.24
2011.02.02 13:14:47.835,1.38006,1.38016,1.50,1.09
2011.02.02 13:14:47.952,1.38005,1.3802,1.66,2.22
2011.02.02 13:14:48.289,1.3801,1.38021,1.66,1.09
2011.02.02 13:14:49.059,1.38013,1.38024,1.66,1.09
2011.02.02 13:14:50.164,1.38015,1.38029,2.25,1.47
2011.02.02 13:14:50.280,1.38019,1.38029,2.25,1.13
2011.02.02 13:14:50.400,1.38018,1.38025,2.25,2.07
2011.02.02 13:14:50.520,1.38011,1.38025,1.50,2.10
2011.02.02 13:14:50.945,1.38013,1.38021,3.00,1.13
2011.02.02 13:14:51.086,1.38013,1.38023,2.63,1.50
2011.02.02 13:14:51.198,1.38012,1.38026,2.63,2.33
2011.02.02 13:14:52.636,1.38015,1.38025,1.50,1.43
2011.02.02 13:14:52.757,1.38016,1.38026,1.88,1.65
2011.02.02 13:14:54.310,1.38017,1.38027,1.13,1.35
2011.02.02 13:14:54.750,1.38019,1.38027,9.19,1.09
2011.02.02 13:14:54.876,1.38019,1.38029,1.50,1.24
2011.02.02 13:14:54.988,1.38023,1.38036,1.50,1.24
2011.02.02 13:14:55.644,1.3802,1.38034,1.88,1.09
2011.02.02 13:14:55.769,1.3802,1.38035,1.50,5.09
2011.02.02 13:14:55.888,1.3802,1.38035,1.50,1.28
2011.02.02 13:14:56.339,1.3802,1.38031,1.62,1.09
2011.02.02 13:14:56.773,1.3802,1.38031,1.24,1.24
2011.02.02 13:14:57.010,1.3802,1.38033,1.50,1.09
2011.02.02 13:14:57.245,1.3802,1.38035,1.88,1.58
2011.02.02 13:14:58.100,1.38021,1.38036,1.88,1.46
2011.02.02 13:14:59.198,1.38025,1.38035,1.88,1.13
2011.02.02 13:14:59.843,1.38027,1.38036,1.13,1.65
2011.02.02 13:15:02.493,1.38023,1.38043,1.50,8.85
2011.02.02 13:15:02.813,1.3803,1.38045,1.69,1.13
2011.02.02 13:15:03.446,1.38029,1.38048,1.13,1.20
2011.02.02 13:15:03.567,1.38025,1.3805,2.25,2.33
2011.02.02 13:15:04.178,1.38026,1.38045,2.25,1.29
2011.02.02 13:15:04.291,1.38026,1.38045,1.50,1.67
2011.02.02 13:15:04.412,1.38026,1.38045,1.50,1.67
2011.02.02 13:15:04.526,1.38026,1.38045,1.50,1.95
2011.02.02 13:15:05.301,1.3803,1.38045,3.00,2.70
2011.02.02 13:15:05.698,1.3803,1.38045,1.50,5.14
2011.02.02 13:15:05.939,1.38029,1.38043,1.50,1.65
2011.02.02 13:15:06.414,1.38025,1.38045,3.75,1.88
2011.02.02 13:15:07.247,1.38024,1.38044,4.65,5.40
2011.02.02 13:15:08.013,1.38028,1.38037,2.78,1.50
2011.02.02 13:15:08.139,1.38024,1.38038,1.05,1.09
2011.02.02 13:15:09.384,1.38022,1.38038,6.72,1.32
2011.02.02 13:15:09.506,1.38021,1.38037,2.25,2.10
2011.02.02 13:15:09.731,1.3802,1.38035,1.50,2.37
2011.02.02 13:15:10.430,1.38022,1.38032,2.25,2.55
2011.02.02 13:15:10.553,1.38021,1.38031,1.50,1.50
2011.02.02 13:15:11.008,1.38017,1.38033,1.50,1.09
2011.02.02 13:15:11.130,1.38014,1.38034,1.50,4.06
2011.02.02 13:15:11.705,1.3802,1.38026,1.50,1.09
2011.02.02 13:15:11.830,1.38014,1.3803,1.50,1.32
2011.02.02 13:15:12.422,1.38014,1.38028,1.50,3.42
2011.02.02 13:15:12.548,1.38018,1.38022,1.50,1.51
2011.02.02 13:15:12.972,1.38011,1.38027,1.50,1.51
2011.02.02 13:15:13.319,1.38013,1.38024,1.50,1.09
2011.02.02 13:15:13.766,1.38011,1.38023,1.50,1.50
2011.02.02 13:15:13.897,1.3801,1.38023,1.50,1.09
2011.02.02 13:15:15.642,1.3801,1.3802,1.69,2.25
2011.02.02 13:15:15.763,1.3801,1.38018,1.50,1.09
2011.02.02 13:15:16.229,1.38008,1.38018,1.44,1.50
2011.02.02 13:15:16.360,1.38009,1.38015,1.50,3.75
2011.02.02 13:15:17.742,1.38007,1.38016,1.44,1.50
2011.02.02 13:15:18.454,1.38006,1.38016,2.19,1.08
2011.02.02 13:15:18.578,1.38004,1.38016,1.44,2.47
2011.02.02 13:15:19.225,1.38005,1.38013,4.50,3.56
2011.02.02 13:15:19.349,1.38001,1.38014,1.49,2.25
2011.02.02 13:15:19.472,1.38,1.38013,1.50,1.69
2011.02.02 13:15:20.461,1.38,1.3801,2.25,1.08
2011.02.02 13:15:20.588,1.38001,1.38006,1.50,1.08
2011.02.02 13:15:20.821,1.37999,1.38005,1.50,1.08
2011.02.02 13:15:21.364,1.37997,1.38005,1.50,1.08
2011.02.02 13:15:21.483,1.37993,1.38006,1.50,1.50
2011.02.02 13:15:22.777,1.37996,1.38006,1.50,1.09
2011.02.02 13:15:22.897,1.37996,1.38004,2.25,1.09
2011.02.02 13:15:23.010,1.37999,1.3801,1.50,1.50
2011.02.02 13:15:23.134,1.38001,1.38013,1.50,1.09
2011.02.02 13:15:23.732,1.38006,1.38014,1.50,1.09
2011.02.02 13:15:24.779,1.38007,1.3802,1.50,2.25
2011.02.02 13:15:24.902,1.38011,1.38021,2.25,1.09
2011.02.02 13:15:25.768,1.38013,1.38024,1.50,1.84
2011.02.02 13:15:26.013,1.38016,1.38026,1.50,1.09
2011.02.02 13:15:26.391,1.38019,1.3803,3.75,1.50
2011.02.02 13:15:26.631,1.38021,1.38033,1.88,1.50
2011.02.02 13:15:27.178,1.38024,1.38036,1.50,1.09
2011.02.02 13:15:27.303,1.38027,1.38037,1.50,1.50
2011.02.02 13:15:27.870,1.38026,1.38036,2.25,1.09
2011.02.02 13:15:28.670,1.38023,1.38031,1.50,1.09
2011.02.02 13:15:28.789,1.38023,1.38031,1.50,1.09
2011.02.02 13:15:29.360,1.38023,1.38028,1.50,3.75
2011.02.02 13:15:29.962,1.38019,1.38029,3.38,1.58
2011.02.02 13:15:30.082,1.38018,1.38028,2.25,1.50
2011.02.02 13:15:32.764,1.38016,1.38028,1.50,1.50
2011.02.02 13:15:33.307,1.38014,1.38027,3.75,1.50
2011.02.02 13:15:33.420,1.38014,1.38024,3.38,2.40
2011.02.02 13:15:34.599,1.38012,1.38023,2.25,1.58
2011.02.02 13:15:34.950,1.38014,1.38018,3.00,3.75
2011.02.02 13:15:35.342,1.38013,1.38017,3.00,1.50
2011.02.02 13:15:35.471,1.38009,1.38018,2.25,4.50
2011.02.02 13:15:35.593,1.38007,1.38017,1.50,2.59
2011.02.02 13:15:35.710,1.38006,1.38016,3.00,1.09
2011.02.02 13:15:36.490,1.38002,1.38011,1.50,1.09
2011.02.02 13:15:37.027,1.38002,1.38014,1.50,2.25
2011.02.02 13:15:38.491,1.38004,1.3801,1.50,1.50
2011.02.02 13:15:38.614,1.38,1.38011,1.50,2.25
2011.02.02 13:15:38.732,1.38002,1.38007,10.50,1.09
2011.02.02 13:15:39.287,1.37999,1.38007,3.75,1.09
2011.02.02 13:15:40.186,1.37997,1.38007,1.50,1.09
2011.02.02 13:15:40.305,1.37995,1.38006,1.50,6.00
2011.02.02 13:15:40.532,1.37994,1.38006,1.50,3.00
2011.02.02 13:15:40.981,1.37992,1.38005,3.30,1.09
2011.02.02 13:15:41.102,1.37992,1.38003,1.50,2.59
2011.02.02 13:15:42.340,1.37992,1.38001,1.50,1.09
2011.02.02 13:15:42.461,1.37992,1.37998,1.50,1.09
2011.02.02 13:15:42.992,1.3799,1.37998,14.82,2.25
2011.02.02 13:15:43.577,1.37986,1.37999,2.25,1.50
2011.02.02 13:15:44.267,1.37989,1.37994,1.50,1.09
2011.02.02 13:15:44.510,1.37985,1.37996,2.25,1.50
2011.02.02 13:15:45.979,1.37985,1.37993,2.25,1.50
2011.02.02 13:15:46.108,1.37984,1.37992,2.25,1.09
2011.02.02 13:15:46.233,1.37982,1.37992,2.25,1.02
2011.02.02 13:15:47.048,1.3798,1.37991,3.75,1.44
2011.02.02 13:15:47.272,1.3798,1.37989,3.00,1.09
2011.02.02 13:15:47.707,1.37978,1.37989,3.00,3.00
2011.02.02 13:15:47.929,1.37978,1.37987,1.50,1.09
2011.02.02 13:15:48.598,1.37976,1.37986,1.50,1.50
2011.02.02 13:15:48.724,1.37974,1.37986,1.50,1.84
2011.02.02 13:15:49.450,1.37973,1.37985,3.00,1.84
2011.02.02 13:15:49.581,1.37973,1.37982,2.25,1.09
2011.02.02 13:15:49.699,1.37974,1.37979,2.25,1.50
2011.02.02 13:15:50.081,1.3797,1.37981,2.25,3.00
2011.02.02 13:15:50.463,1.37968,1.37981,2.25,4.50
2011.02.02 13:15:51.812,1.37969,1.37979,1.50,10.69
2011.02.02 13:15:51.932,1.37968,1.37977,1.88,1.50
2011.02.02 13:15:52.160,1.37966,1.37977,2.25,1.09
2011.02.02 13:15:52.650,1.37961,1.3797,1.50,1.50
2011.02.02 13:15:52.882,1.37959,1.3797,3.75,2.78
2011.02.02 13:15:53.544,1.37959,1.3797,3.75,1.65
2011.02.02 13:15:53.661,1.37961,1.37969,1.50,1.50
2011.02.02 13:15:53.786,1.37959,1.37968,3.00,1.50
2011.02.02 13:15:54.191,1.37957,1.37963,3.00,1.09
2011.02.02 13:15:54.318,1.37952,1.37961,3.75,1.17
2011.02.02 13:15:55.074,1.37951,1.37959,2.25,1.50
2011.02.02 13:15:56.038,1.37949,1.37958,1.50,1.09
2011.02.02 13:15:56.825,1.37949,1.37956,1.50,1.09
2011.02.02 13:15:57.278,1.37946,1.37954,1.50,1.50
2011.02.02 13:15:57.832,1.37944,1.37953,1.50,4.17
2011.02.02 13:15:58.178,1.37942,1.37951,2.25,1.09
2011.02.02 13:15:58.740,1.37942,1.37951,1.50,1.09
2011.02.02 13:15:59.359,1.37942,1.37951,1.50,1.09
2011.02.02 13:16:00.868,1.37942,1.37949,1.50,1.50
2011.02.02 13:16:00.984,1.3794,1.37948,1.50,1.09
2011.02.02 13:16:01.537,1.37941,1.3795,1.50,1.50
2011.02.02 13:16:01.658,1.37939,1.37948,1.50,1.09
2011.02.02 13:16:02.580,1.37933,1.37941,1.50,1.09
2011.02.02 13:16:03.030,1.37931,1.37941,1.50,2.59
2011.02.02 13:16:04.913,1.37929,1.37939,6.00,4.50
2011.02.02 13:16:05.822,1.37924,1.37931,3.00,1.84
2011.02.02 13:16:05.944,1.37923,1.37931,1.50,1.84
2011.02.02 13:16:06.526,1.37922,1.37931,1.50,1.09
2011.02.02 13:16:09.018,1.37922,1.37929,1.50,1.50
2011.02.02 13:16:09.584,1.3792,1.37928,1.50,1.50
2011.02.02 13:16:11.139,1.37919,1.37928,1.50,2.25
2011.02.02 13:16:11.771,1.37918,1.37926,4.50,2.25
2011.02.02 13:16:12.336,1.37911,1.37919,4.50,1.50
2011.02.02 13:16:13.009,1.37911,1.37918,4.50,1.50
2011.02.02 13:16:13.935,1.37911,1.37918,4.50,1.50
2011.02.02 13:16:14.060,1.37907,1.37914,4.50,1.09
2011.02.02 13:16:14.730,1.37907,1.37916,1.50,1.84
2011.02.02 13:16:15.988,1.37909,1.37918,1.50,3.00
2011.02.02 13:16:16.213,1.37917,1.37921,3.75,1.84
2011.02.02 13:16:16.910,1.37916,1.37923,3.00,1.88
2011.02.02 13:16:17.513,1.37917,1.37923,1.50,3.53
2011.02.02 13:16:17.635,1.37918,1.37925,4.50,3.85
2011.02.02 13:16:18.140,1.37918,1.37927,8.25,4.50
2011.02.02 13:16:18.260,1.37919,1.37929,8.25,2.25
2011.02.02 13:16:18.801,1.3792,1.37929,9.75,1.84
2011.02.02 13:16:19.030,1.37922,1.37929,8.25,1.50
2011.02.02 13:16:19.486,1.37921,1.37932,1.50,6.45
2011.02.02 13:16:19.605,1.37923,1.37932,1.50,1.88
2011.02.02 13:16:19.724,1.37924,1.37933,1.50,1.50
2011.02.02 13:16:20.266,1.37925,1.37933,1.50,1.50
2011.02.02 13:16:20.383,1.37927,1.37933,1.50,1.09
2011.02.02 13:16:20.933,1.37928,1.37934,1.50,1.09
2011.02.02 13:16:21.059,1.37928,1.37937,1.50,2.25
2011.02.02 13:16:21.817,1.3793,1.37937,1.50,1.50
2011.02.02 13:16:22.724,1.3793,1.37939,1.50,2.25
2011.02.02 13:16:22.846,1.37931,1.3794,1.50,3.00
2011.02.02 13:16:23.178,1.37938,1.37947,2.25,1.50
2011.02.02 13:16:23.529,1.37934,1.3794,1.50,4.50
2011.02.02 13:16:23.928,1.37933,1.3794,2.25,5.25
2011.02.02 13:16:24.048,1.37934,1.3794,1.50,3.75
2011.02.02 13:16:27.597,1.37931,1.37939,1.50,1.50
2011.02.02 13:16:30.686,1.3793,1.37939,1.50,2.25
2011.02.02 13:16:32.130,1.37927,1.37938,7.69,2.25
2011.02.02 13:16:36.604,1.37927,1.37932,3.94,1.09
2011.02.02 13:16:36.729,1.37921,1.3793,1.50,1.50
2011.02.02 13:16:37.287,1.3792,1.37929,1.50,1.50
2011.02.02 13:16:43.685,1.3792,1.37929,1.50,1.50
2011.02.02 13:16:45.702,1.3792,1.37929,1.50,1.50
2011.02.02 13:16:47.019,1.3792,1.37929,1.50,1.50
2011.02.02 13:16:48.053,1.37926,1.37932,2.44,1.50
2011.02.02 13:16:50.170,1.37928,1.37938,1.69,2.25
2011.02.02 13:16:52.219,1.37928,1.37939,3.19,2.25
2011.02.02 13:16:52.913,1.37936,1.37941,1.50,2.03
2011.02.02 13:16:53.387,1.37938,1.37945,2.44,1.50
2011.02.02 13:16:53.508,1.37938,1.37949,2.44,2.25
2011.02.02 13:16:54.275,1.3794,1.37949,1.50,2.25
2011.02.02 13:16:54.837,1.3794,1.37949,2.25,2.25
2011.02.02 13:16:55.376,1.37948,1.37952,3.94,3.00
2011.02.02 13:16:55.492,1.37948,1.37955,4.69,1.35
2011.02.02 13:16:56.289,1.37948,1.37958,4.69,2.25
2011.02.02 13:16:56.406,1.3795,1.37959,1.50,3.00
2011.02.02 13:16:57.308,1.37958,1.37963,3.94,6.75
2011.02.02 13:16:57.421,1.37958,1.37963,3.75,3.75
2011.02.02 13:16:57.544,1.37957,1.37965,3.94,7.50
2011.02.02 13:16:57.662,1.37958,1.37967,4.69,1.50
2011.02.02 13:16:59.005,1.3796,1.37969,3.96,3.00
2011.02.02 13:16:59.252,1.37962,1.3797,1.50,1.50
2011.02.02 13:16:59.807,1.37969,1.37976,2.25,1.28
2011.02.02 13:17:00.150,1.37969,1.37979,2.25,1.50
2011.02.02 13:17:01.117,1.37971,1.37979,1.50,1.50
2011.02.02 13:17:01.229,1.37969,1.37976,1.50,1.28
2011.02.02 13:17:02.005,1.37969,1.37976,1.50,1.09
2011.02.02 13:17:02.557,1.37969,1.37976,1.50,2.59
2011.02.02 13:17:03.974,1.37971,1.37979,2.25,1.50
2011.02.02 13:17:04.968,1.37973,1.37981,1.69,2.59
2011.02.02 13:17:06.975,1.37977,1.37982,4.50,1.50
2011.02.02 13:17:07.213,1.37977,1.37984,5.25,1.50
2011.02.02 13:17:07.730,1.37976,1.37988,3.00,6.68
2011.02.02 13:17:07.857,1.37984,1.37991,1.50,2.59
2011.02.02 13:17:08.523,1.37986,1.37994,1.50,2.59
2011.02.02 13:17:08.858,1.37988,1.37994,7.50,1.50
2011.02.02 13:17:09.303,1.37989,1.37996,2.25,6.57
2011.02.02 13:17:09.427,1.37991,1.37996,1.50,3.00
2011.02.02 13:17:09.537,1.37992,1.37997,1.50,2.25
2011.02.02 13:17:10.185,1.37992,1.37999,1.50,2.59
2011.02.02 13:17:10.308,1.37992,1.38001,1.50,1.28
2011.02.02 13:17:10.429,1.37994,1.38,1.50,1.50
2011.02.02 13:17:12.419,1.37993,1.38003,1.50,1.84
2011.02.02 13:17:13.178,1.37995,1.38003,5.25,2.57
2011.02.02 13:17:13.304,1.37996,1.38004,2.25,2.57
2011.02.02 13:17:14.498,1.38001,1.3801,1.50,1.48
2011.02.02 13:17:14.717,1.37999,1.38007,3.75,1.53
2011.02.02 13:17:15.449,1.38001,1.3801,1.50,3.00
2011.02.02 13:17:16.135,1.38006,1.38013,1.50,3.68
2011.02.02 13:17:17.069,1.38009,1.38017,1.50,1.50
2011.02.02 13:17:17.408,1.38009,1.38019,3.00,2.25
2011.02.02 13:17:17.872,1.38015,1.38019,1.50,1.50
2011.02.02 13:17:17.997,1.38014,1.38023,1.50,2.25
2011.02.02 13:17:18.225,1.38016,1.38025,3.19,1.65
2011.02.02 13:17:19.141,1.38017,1.38026,9.19,2.25
2011.02.02 13:17:19.683,1.38018,1.38027,3.94,7.84
2011.02.02 13:17:20.016,1.38019,1.38028,4.69,1.50
2011.02.02 13:17:20.548,1.38021,1.38028,3.00,1.73
2011.02.02 13:17:20.901,1.38023,1.38028,3.00,5.63
2011.02.02 13:17:22.039,1.38027,1.38036,3.00,7.09
2011.02.02 13:17:22.165,1.38027,1.38031,4.50,1.09
2011.02.02 13:17:22.762,1.38023,1.38031,1.13,1.84
2011.02.02 13:17:22.879,1.38022,1.38031,1.50,1.84
2011.02.02 13:17:23.517,1.38025,1.38032,1.50,2.64
2011.02.02 13:17:23.870,1.38022,1.38031,1.50,2.03
2011.02.02 13:17:25.228,1.38022,1.38031,1.50,3.53
2011.02.02 13:17:26.138,1.38021,1.38031,2.25,3.53
2011.02.02 13:17:26.792,1.38021,1.38031,1.50,3.53
2011.02.02 13:17:27.138,1.38021,1.38029,2.25,1.50
2011.02.02 13:17:27.247,1.38021,1.38029,2.63,1.50
2011.02.02 13:17:28.246,1.38019,1.38025,3.00,5.25
2011.02.02 13:17:28.361,1.38012,1.38025,4.95,6.00
2011.02.02 13:17:28.480,1.38016,1.38025,1.50,6.00
2011.02.02 13:17:28.929,1.38018,1.38025,1.50,1.50
2011.02.02 13:17:29.268,1.3802,1.38026,1.50,2.25
2011.02.02 13:17:29.388,1.38021,1.38029,2.25,1.50
2011.02.02 13:17:29.941,1.38021,1.38029,2.25,1.50
2011.02.02 13:17:30.388,1.38019,1.38027,3.00,2.31
2011.02.02 13:17:30.618,1.38023,1.38032,2.25,1.50
2011.02.02 13:17:31.139,1.38025,1.38032,1.50,1.50
2011.02.02 13:17:31.597,1.38025,1.38033,1.50,1.50
2011.02.02 13:17:32.908,1.38026,1.38033,1.50,1.50
2011.02.02 13:17:33.029,1.38027,1.38034,1.50,1.50
2011.02.02 13:17:33.627,1.3803,1.38037,1.50,1.50
2011.02.02 13:17:33.747,1.38031,1.38039,1.50,1.50
2011.02.02 13:17:34.299,1.38031,1.38039,1.50,1.50
2011.02.02 13:17:35.058,1.38032,1.38039,1.50,1.50
2011.02.02 13:17:35.618,1.38032,1.38039,1.50,1.50
2011.02.02 13:17:36.380,1.38032,1.38041,1.88,2.03
2011.02.02 13:17:37.050,1.38036,1.38043,1.50,5.59
2011.02.02 13:17:37.569,1.38041,1.38049,1.88,3.00
2011.02.02 13:17:38.003,1.38044,1.38051,1.50,3.53
2011.02.02 13:17:39.876,1.38044,1.38049,1.50,2.25
2011.02.02 13:17:41.062,1.38043,1.38048,1.50,1.50
2011.02.02 13:17:41.493,1.3804,1.38048,3.00,1.50
2011.02.02 13:17:41.602,1.38039,1.38047,2.25,1.50
2011.02.02 13:17:41.829,1.38038,1.38046,2.25,1.50
2011.02.02 13:17:42.059,1.38031,1.38039,2.25,1.50
2011.02.02 13:17:42.502,1.38032,1.3804,2.44,2.25
2011.02.02 13:17:42.630,1.38031,1.38039,1.50,1.50
2011.02.02 13:17:43.527,1.38031,1.38039,1.50,1.50
2011.02.02 13:17:44.086,1.38031,1.38039,1.50,1.50
2011.02.02 13:17:44.528,1.38029,1.38039,5.25,2.25
2011.02.02 13:17:44.861,1.38029,1.38039,5.25,2.31
2011.02.02 13:17:44.983,1.38029,1.38039,5.25,2.31
2011.02.02 13:17:45.321,1.3803,1.38035,5.25,1.50
2011.02.02 13:17:45.441,1.38025,1.38034,1.50,1.56
2011.02.02 13:17:45.996,1.38021,1.38029,1.50,1.50
2011.02.02 13:17:46.549,1.38021,1.38028,4.50,1.50
2011.02.02 13:17:47.036,1.38021,1.38028,4.50,1.50
2011.02.02 13:17:47.155,1.38021,1.38028,4.50,1.50
2011.02.02 13:17:47.487,1.38021,1.38028,4.50,1.50
2011.02.02 13:17:47.600,1.38021,1.38028,4.50,1.50
2011.02.02 13:17:48.729,1.38019,1.38028,6.00,1.50
2011.02.02 13:17:50.875,1.38019,1.38028,6.00,1.50
2011.02.02 13:17:51.547,1.38022,1.38031,3.19,1.84
2011.02.02 13:17:52.098,1.38026,1.38034,1.50,2.59
2011.02.02 13:17:52.843,1.38025,1.38034,1.50,2.25
2011.02.02 13:17:53.867,1.38025,1.38034,1.50,2.25
2011.02.02 13:17:53.977,1.38025,1.38034,1.50,2.25
2011.02.02 13:17:54.086,1.38025,1.38034,1.50,2.25
2011.02.02 13:17:54.198,1.38025,1.38034,1.50,2.25
2011.02.02 13:17:55.289,1.38023,1.3803,1.50,1.50
2011.02.02 13:17:56.290,1.38021,1.3803,2.25,1.50
2011.02.02 13:18:01.480,1.38023,1.38032,1.69,1.50
2011.02.02 13:18:02.041,1.3803,1.38038,1.11,1.50
2011.02.02 13:18:02.171,1.38038,1.38042,3.75,1.56
2011.02.02 13:18:02.295,1.38038,1.38043,3.75,1.50
2011.02.02 13:18:02.544,1.38036,1.38043,2.63,1.50
2011.02.02 13:18:03.147,1.38035,1.38046,1.50,4.84
2011.02.02 13:18:03.257,1.38036,1.38046,1.50,3.75
2011.02.02 13:18:03.370,1.38038,1.38048,5.25,5.25
2011.02.02 13:18:03.897,1.38038,1.38046,4.50,1.09
2011.02.02 13:18:05.002,1.38035,1.38043,2.25,1.50
2011.02.02 13:18:05.121,1.3803,1.38039,3.00,1.50
2011.02.02 13:18:06.218,1.38034,1.3804,4.50,2.25
2011.02.02 13:18:06.570,1.38039,1.38045,1.13,2.25
2011.02.02 13:18:07.135,1.38039,1.38048,1.13,1.50
2011.02.02 13:18:08.606,1.38041,1.38049,7.50,2.25
2011.02.02 13:18:09.165,1.38041,1.38049,7.50,1.50
2011.02.02 13:18:09.500,1.38042,1.3805,2.25,1.50
2011.02.02 13:18:10.030,1.38042,1.38052,1.50,1.50
2011.02.02 13:18:10.152,1.38043,1.38053,2.25,1.50
2011.02.02 13:18:10.731,1.38045,1.38054,6.75,1.50
2011.02.02 13:18:11.509,1.38047,1.3806,28.32,1.50
2011.02.02 13:18:11.638,1.38047,1.38053,1.50,2.59
2011.02.02 13:18:11.761,1.38042,1.38049,1.50,1.50
2011.02.02 13:18:12.193,1.38041,1.38049,6.75,1.50
2011.02.02 13:18:12.428,1.38041,1.38049,5.25,1.50
2011.02.02 13:18:12.662,1.38045,1.38049,3.75,1.50
2011.02.02 13:18:13.196,1.38048,1.38053,1.69,1.50
2011.02.02 13:18:13.315,1.38048,1.38054,1.50,2.25
2011.02.02 13:18:13.868,1.38046,1.38055,1.50,1.50
2011.02.02 13:18:14.439,1.38047,1.38056,1.50,1.84
2011.02.02 13:18:14.782,1.38048,1.38057,2.25,1.50
2011.02.02 13:18:14.902,1.38049,1.38058,2.25,2.25
2011.02.02 13:18:16.340,1.3805,1.38059,1.50,4.50
2011.02.02 13:18:16.570,1.38052,1.3806,6.00,1.50
2011.02.02 13:18:17.438,1.38053,1.38062,5.25,1.50
2011.02.02 13:18:23.645,1.38061,1.38066,5.25,1.99
2011.02.02 13:18:23.883,1.38054,1.38061,2.25,1.84
2011.02.02 13:18:24.437,1.38051,1.3806,5.25,1.50
2011.02.02 13:18:26.201,1.38051,1.38059,4.50,2.25
2011.02.02 13:18:29.420,1.3805,1.38056,1.50,36.57
2011.02.02 13:18:29.888,1.38047,1.38056,2.25,2.78
2011.02.02 13:18:30.119,1.3805,1.38056,1.50,1.50
2011.02.02 13:18:30.240,1.3805,1.38058,1.50,1.50
2011.02.02 13:18:30.820,1.38052,1.38058,1.50,6.00
2011.02.02 13:18:30.944,1.38053,1.38059,2.25,4.50
2011.02.02 13:18:31.394,1.38053,1.38062,1.50,5.59
2011.02.02 13:18:32.093,1.38054,1.38064,6.57,2.40
2011.02.02 13:18:32.430,1.38056,1.38064,5.25,1.37
2011.02.02 13:18:32.548,1.38058,1.38064,3.75,2.03
2011.02.02 13:18:32.902,1.38059,1.38065,2.44,4.50
2011.02.02 13:18:33.026,1.3806,1.38066,6.57,4.50
2011.02.02 13:18:33.698,1.38062,1.3807,1.50,4.50
2011.02.02 13:18:33.815,1.3806,1.3807,1.50,10.05
2011.02.02 13:18:33.931,1.38062,1.3807,1.50,2.25
2011.02.02 13:18:34.052,1.38062,1.3807,3.00,1.50
2011.02.02 13:18:34.551,1.38064,1.38074,1.50,5.25
2011.02.02 13:18:34.679,1.38062,1.38072,2.25,1.37
2011.02.02 13:18:35.156,1.38065,1.38074,1.50,6.75
2011.02.02 13:18:35.712,1.38065,1.38074,1.50,5.25
2011.02.02 13:18:36.065,1.38068,1.38077,5.82,3.00
2011.02.02 13:18:36.616,1.38069,1.38078,2.25,1.50
2011.02.02 13:18:37.490,1.3807,1.38078,1.50,1.50
2011.02.02 13:18:37.854,1.3807,1.38081,2.25,3.53
2011.02.02 13:18:38.306,1.38069,1.38076,1.50,1.28
2011.02.02 13:18:38.429,1.38071,1.3808,1.50,1.88
2011.02.02 13:18:38.779,1.38074,1.38082,1.13,3.00
2011.02.02 13:18:39.329,1.38076,1.38083,1.50,1.50
2011.02.02 13:18:39.880,1.38078,1.38084,1.50,1.50
2011.02.02 13:18:40.005,1.38078,1.38086,1.50,6.34
2011.02.02 13:18:40.235,1.38079,1.38087,1.13,4.09
2011.02.02 13:18:40.948,1.38081,1.38088,1.50,2.20
2011.02.02 13:18:41.069,1.38082,1.3809,1.50,1.09
2011.02.02 13:18:41.187,1.38083,1.38091,2.25,4.09
2011.02.02 13:18:41.725,1.38084,1.38092,1.50,5.59
2011.02.02 13:18:41.844,1.38084,1.38094,3.38,1.50
2011.02.02 13:18:42.291,1.38085,1.38095,1.69,4.09
2011.02.02 13:18:42.774,1.38086,1.38096,1.50,1.50
2011.02.02 13:18:43.350,1.38088,1.38096,1.50,1.50
2011.02.02 13:18:43.467,1.38089,1.38097,1.50,1.50
2011.02.02 13:18:43.693,1.38092,1.38096,7.62,1.50
2011.02.02 13:18:44.102,1.38098,1.38103,5.37,1.50
2011.02.02 13:18:44.226,1.38096,1.38104,1.50,2.25
2011.02.02 13:18:44.341,1.38101,1.38105,1.50,2.25
2011.02.02 13:18:44.461,1.38102,1.3811,1.50,5.25
2011.02.02 13:18:45.031,1.38103,1.38111,2.25,13.84
2011.02.02 13:18:45.153,1.38103,1.38113,2.25,10.15
2011.02.02 13:18:45.719,1.38106,1.38112,1.50,2.25
2011.02.02 13:18:46.160,1.38107,1.38113,1.50,2.25
2011.02.02 13:18:46.285,1.38107,1.38115,6.19,3.00
2011.02.02 13:18:46.403,1.38108,1.38116,2.25,2.25
2011.02.02 13:18:46.963,1.38109,1.38118,4.50,3.00
2011.02.02 13:18:47.085,1.38111,1.38118,1.50,1.50
2011.02.02 13:18:47.199,1.38112,1.38119,1.50,1.14
2011.02.02 13:18:47.319,1.38112,1.38121,1.50,1.14
2011.02.02 13:18:47.783,1.38115,1.3812,1.50,5.63
2011.02.02 13:18:48.014,1.38115,1.38123,8.82,2.25
2011.02.02 13:18:48.390,1.38118,1.38122,1.50,7.58
2011.02.02 13:18:49.207,1.38118,1.38125,2.25,1.56
2011.02.02 13:18:49.339,1.38118,1.38127,3.00,1.50
2011.02.02 13:18:49.800,1.38119,1.38128,5.44,4.88
2011.02.02 13:18:49.924,1.38121,1.38129,1.50,2.25
2011.02.02 13:18:50.813,1.38123,1.38129,2.25,1.09
2011.02.02 13:18:51.750,1.38122,1.38132,2.25,2.25
2011.02.02 13:18:54.598,1.38126,1.3813,1.50,1.09
2011.02.02 13:18:54.711,1.38125,1.38133,1.50,1.50
2011.02.02 13:18:55.205,1.38127,1.38133,1.50,5.12
2011.02.02 13:18:55.327,1.38129,1.38138,3.75,1.68
2011.02.02 13:18:55.439,1.38129,1.38133,3.75,1.56
2011.02.02 13:18:55.984,1.38126,1.38133,2.25,1.56
2011.02.02 13:18:56.276,1.38123,1.38133,2.25,11.22
2011.02.02 13:18:56.720,1.38124,1.38129,1.50,2.25
2011.02.02 13:18:56.846,1.38122,1.38128,1.50,1.50
2011.02.02 13:18:56.959,1.3812,1.38128,1.50,1.50
2011.02.02 13:18:57.508,1.38116,1.38129,3.19,2.93
2011.02.02 13:18:57.733,1.38116,1.38126,2.44,1.24
2011.02.02 13:18:58.199,1.38114,1.38125,3.75,2.25
2011.02.02 13:18:58.322,1.38108,1.38118,3.75,1.65
2011.02.02 13:18:58.869,1.38103,1.38111,11.63,1.50
2011.02.02 13:18:59.000,1.38103,1.38111,1.50,2.59
2011.02.02 13:18:59.339,1.38103,1.38111,1.50,1.84
2011.02.02 13:18:59.893,1.38101,1.38111,3.00,1.09
2011.02.02 13:19:00.340,1.38104,1.38111,4.50,1.09
2011.02.02 13:19:00.918,1.38105,1.38113,1.50,1.09
2011.02.02 13:19:01.931,1.38107,1.38114,1.50,1.50
2011.02.02 13:19:02.522,1.38107,1.38116,2.25,5.70
2011.02.02 13:19:02.649,1.38111,1.38118,1.50,2.44
2011.02.02 13:19:02.770,1.38107,1.38116,8.25,1.84
2011.02.02 13:19:03.496,1.38109,1.3812,1.50,3.15
2011.02.02 13:19:03.939,1.3811,1.3812,1.50,1.50
2011.02.02 13:19:04.491,1.38111,1.38121,1.50,3.53
2011.02.02 13:19:05.779,1.38111,1.38121,1.50,8.03
2011.02.02 13:19:06.023,1.38107,1.38116,2.25,2.03
2011.02.02 13:19:06.143,1.38106,1.38116,1.50,6.53
2011.02.02 13:19:06.789,1.38109,1.38115,1.50,9.00
2011.02.02 13:19:06.915,1.38111,1.3812,1.50,2.25
2011.02.02 13:19:08.216,1.38111,1.38121,1.50,2.03
2011.02.02 13:19:11.257,1.38111,1.3812,1.50,3.00
2011.02.02 13:19:11.670,1.38107,1.38112,4.50,4.56
2011.02.02 13:19:11.795,1.38102,1.38111,1.50,1.28
2011.02.02 13:19:12.318,1.38099,1.3811,4.50,4.65
2011.02.02 13:19:12.657,1.38095,1.38102,1.50,1.50
2011.02.02 13:19:13.084,1.38094,1.38101,3.75,2.03
2011.02.02 13:19:13.431,1.38092,1.38101,3.75,2.78
2011.02.02 13:19:13.556,1.3809,1.38098,1.50,1.50
2011.02.02 13:19:14.173,1.38089,1.381,6.75,1.50
2011.02.02 13:19:14.294,1.38089,1.381,6.75,1.50
2011.02.02 13:19:14.519,1.38095,1.381,1.50,1.50
2011.02.02 13:19:14.750,1.38097,1.38105,4.50,2.78
2011.02.02 13:19:15.179,1.38098,1.38108,1.69,1.50
2011.02.02 13:19:15.295,1.381,1.38111,1.50,1.28
2011.02.02 13:19:15.519,1.38101,1.38111,1.50,2.03
2011.02.02 13:19:15.860,1.38101,1.3811,1.50,1.50
2011.02.02 13:19:16.408,1.38101,1.3811,2.25,1.58
2011.02.02 13:19:16.637,1.38099,1.38109,2.25,1.50
2011.02.02 13:19:17.773,1.38097,1.38108,24.19,1.09
2011.02.02 13:19:18.014,1.38097,1.38101,2.25,8.03
2011.02.02 13:19:18.133,1.3809,1.381,3.75,3.83
2011.02.02 13:19:18.688,1.38084,1.38093,4.50,4.50
2011.02.02 13:19:18.802,1.38087,1.38095,1.50,4.13
2011.02.02 13:19:19.778,1.38085,1.38091,3.75,2.78
2011.02.02 13:19:20.308,1.38089,1.38096,1.50,7.88
2011.02.02 13:19:20.427,1.38089,1.381,2.25,1.50
2011.02.02 13:19:21.632,1.38094,1.381,3.75,4.95
2011.02.02 13:19:21.869,1.38097,1.38105,2.25,2.33
2011.02.02 13:19:21.991,1.38097,1.38103,2.25,1.50
2011.02.02 13:19:22.557,1.38089,1.381,4.50,1.50
2011.02.02 13:19:22.778,1.38089,1.381,3.75,3.23
2011.02.02 13:19:23.711,1.38089,1.38102,2.25,6.53
2011.02.02 13:19:23.830,1.38091,1.38102,1.50,5.63
2011.02.02 13:19:24.711,1.38096,1.38103,1.50,1.84
2011.02.02 13:19:24.834,1.38094,1.38101,1.50,1.28
2011.02.02 13:19:25.286,1.38091,1.38098,1.50,2.25
2011.02.02 13:19:25.405,1.38088,1.38098,3.19,1.65
2011.02.02 13:19:26.187,1.38089,1.38096,1.50,1.13
2011.02.02 13:19:26.307,1.3809,1.38101,1.50,2.78
2011.02.02 13:19:26.639,1.38089,1.38101,1.50,2.03
2011.02.02 13:19:27.432,1.38094,1.38102,3.75,4.50
2011.02.02 13:19:27.549,1.38097,1.38103,3.75,2.25
2011.02.02 13:19:27.668,1.38097,1.3811,9.19,2.25
2011.02.02 13:19:28.123,1.38097,1.38106,9.94,5.25
2011.02.02 13:19:28.248,1.38092,1.38101,2.25,2.03
2011.02.02 13:19:28.578,1.38094,1.38101,1.50,1.84
2011.02.02 13:19:29.028,1.38097,1.38105,1.69,3.08
2011.02.02 13:19:29.148,1.38099,1.38109,1.50,1.50
2011.02.02 13:19:30.787,1.38099,1.38109,2.44,1.50
2011.02.02 13:19:31.400,1.38102,1.38111,1.50,2.59
2011.02.02 13:19:31.523,1.38101,1.38111,1.50,1.84
2011.02.02 13:19:32.078,1.38102,1.38111,1.50,1.84
2011.02.02 13:19:32.620,1.38102,1.38111,1.50,1.84
2011.02.02 13:19:33.832,1.38102,1.38111,1.50,1.84
2011.02.02 13:19:35.732,1.38102,1.38111,1.50,1.84
2011.02.02 13:19:36.616,1.38101,1.38111,1.50,1.84
2011.02.02 13:19:37.732,1.38102,1.38111,1.50,1.84
2011.02.02 13:19:38.288,1.38102,1.38111,1.50,1.84
2011.02.02 13:19:40.172,1.38101,1.38109,1.88,2.59
2011.02.02 13:19:40.290,1.381,1.38108,4.50,1.50
2011.02.02 13:19:41.167,1.38097,1.38108,1.50,2.59
2011.02.02 13:19:41.572,1.38098,1.38106,1.50,4.50
2011.02.02 13:19:41.697,1.38098,1.38104,2.25,3.75
2011.02.02 13:19:42.030,1.38095,1.38105,5.25,1.09
2011.02.02 13:19:43.099,1.38094,1.38103,2.25,1.50
2011.02.02 13:19:43.331,1.38089,1.38094,1.50,1.50
2011.02.02 13:19:43.754,1.38089,1.38095,1.50,1.35
2011.02.02 13:19:43.874,1.38089,1.38098,1.50,1.50
2011.02.02 13:19:44.537,1.38089,1.38098,1.50,1.50
2011.02.02 13:19:45.074,1.38089,1.38098,1.50,1.50
2011.02.02 13:19:45.312,1.38087,1.38095,1.50,1.13
2011.02.02 13:19:45.428,1.38084,1.38094,2.25,2.25
2011.02.02 13:19:46.329,1.38087,1.38092,2.25,4.50
2011.02.02 13:19:46.452,1.38087,1.38096,1.50,2.03
2011.02.02 13:19:46.967,1.38087,1.38096,2.44,2.37
2011.02.02 13:19:47.528,1.38089,1.38098,1.50,1.50
2011.02.02 13:19:48.949,1.38092,1.38098,1.50,1.50
2011.02.02 13:19:49.491,1.38093,1.38098,1.50,1.50
2011.02.02 13:19:49.615,1.38093,1.38103,2.44,2.25
2011.02.02 13:19:49.731,1.38095,1.38103,2.25,1.50
2011.02.02 13:19:49.850,1.38095,1.38103,1.50,1.50
2011.02.02 13:19:50.298,1.38097,1.38103,3.00,2.25
2011.02.02 13:19:50.773,1.38097,1.38105,5.25,3.15
2011.02.02 13:19:50.893,1.38097,1.38105,1.50,4.05
2011.02.02 13:19:51.119,1.38095,1.38103,1.50,1.50
2011.02.02 13:19:51.348,1.38093,1.38103,2.25,1.50
2011.02.02 13:19:51.896,1.38093,1.38102,2.25,1.50
2011.02.02 13:19:52.010,1.38093,1.38102,2.25,1.50
2011.02.02 13:19:52.349,1.3809,1.381,1.50,1.50
2011.02.02 13:19:52.469,1.38089,1.38099,1.50,1.50
2011.02.02 13:19:54.397,1.38097,1.38103,1.50,21.66
2011.02.02 13:19:54.810,1.38097,1.38103,4.50,1.58
2011.02.02 13:19:54.936,1.38097,1.38108,6.94,1.50
2011.02.02 13:19:58.666,1.38094,1.38107,31.69,2.25
2011.02.02 13:19:58.997,1.38096,1.38103,20.25,2.59
2011.02.02 13:19:59.501,1.38096,1.38101,1.50,1.09
2011.02.02 13:19:59.624,1.38093,1.38101,4.50,3.34
2011.02.02 13:20:00.175,1.38091,1.38101,1.50,4.09
2011.02.02 13:20:00.725,1.3809,1.38099,2.25,1.50
2011.02.02 13:20:00.846,1.38088,1.38099,1.50,1.50
2011.02.02 13:20:02.389,1.3809,1.38095,1.69,17.63
2011.02.02 13:20:02.510,1.38087,1.38096,1.69,1.50
2011.02.02 13:20:02.633,1.38086,1.38094,1.50,1.73
2011.02.02 13:20:03.198,1.38084,1.38094,6.19,1.58
2011.02.02 13:20:04.275,1.38082,1.38094,1.69,5.25
2011.02.02 13:20:05.133,1.38081,1.38092,1.69,1.50
2011.02.02 13:20:05.373,1.38082,1.38089,4.50,11.78
2011.02.02 13:20:05.923,1.38075,1.38082,4.50,4.56
2011.02.02 13:20:06.049,1.38071,1.3808,1.50,3.75
2011.02.02 13:20:06.169,1.38071,1.38081,3.00,2.78
2011.02.02 13:20:06.399,1.3807,1.3808,1.50,4.50
2011.02.02 13:20:07.110,1.38068,1.38077,1.50,1.50
2011.02.02 13:20:07.448,1.38074,1.38078,3.75,3.00
2011.02.02 13:20:07.984,1.38073,1.3808,1.13,4.50
2011.02.02 13:20:08.108,1.38069,1.3808,1.50,4.50
2011.02.02 13:20:08.233,1.38068,1.38073,3.00,2.31
2011.02.02 13:20:08.350,1.38066,1.38071,2.25,1.09
2011.02.02 13:20:08.763,1.38064,1.38071,2.25,2.59
2011.02.02 13:20:08.885,1.38062,1.38069,3.75,1.50
2011.02.02 13:20:09.553,1.38061,1.38067,6.75,4.50
2011.02.02 13:20:09.675,1.38058,1.38068,1.50,4.50
2011.02.02 13:20:11.119,1.38057,1.38067,2.25,1.50
2011.02.02 13:20:11.937,1.38056,1.38065,2.25,1.50
2011.02.02 13:20:12.053,1.38057,1.38061,2.25,1.50
2011.02.02 13:20:12.548,1.38056,1.3806,1.50,2.25
2011.02.02 13:20:12.669,1.38053,1.38061,4.50,1.50
2011.02.02 13:20:13.550,1.38051,1.3806,1.13,1.50
2011.02.02 13:20:13.672,1.3805,1.3806,1.13,1.50
2011.02.02 13:20:14.112,1.3805,1.38058,2.44,4.84
2011.02.02 13:20:14.362,1.3805,1.38056,1.50,14.97
2011.02.02 13:20:14.854,1.38049,1.38055,1.50,6.38
2011.02.02 13:20:14.986,1.38045,1.38056,4.50,1.50
2011.02.02 13:20:15.734,1.38044,1.38054,3.38,4.50
2011.02.02 13:20:15.856,1.38043,1.38053,1.50,5.25
2011.02.02 13:20:16.081,1.38043,1.3805,1.50,2.25
2011.02.02 13:20:16.760,1.38042,1.38048,1.88,4.50
2011.02.02 13:20:16.880,1.38039,1.38049,3.00,5.25
2011.02.02 13:20:17.439,1.38039,1.38047,1.50,1.50
2011.02.02 13:20:18.128,1.38037,1.38045,1.50,8.63
2011.02.02 13:20:18.245,1.38037,1.38047,6.00,1.56
2011.02.02 13:20:18.358,1.38039,1.38048,1.50,1.50
2011.02.02 13:20:21.349,1.38039,1.38046,1.50,1.50
2011.02.02 13:20:21.702,1.38037,1.38046,6.00,3.19
2011.02.02 13:20:22.212,1.38037,1.38046,5.25,3.68
2011.02.02 13:20:22.338,1.38035,1.38043,1.50,1.50
2011.02.02 13:20:22.999,1.38033,1.38043,3.00,1.50
2011.02.02 13:20:23.118,1.38037,1.38043,1.50,1.50
2011.02.02 13:20:23.235,1.38037,1.38046,5.25,1.50
2011.02.02 13:20:24.054,1.38037,1.38048,9.00,2.25
2011.02.02 13:20:24.936,1.38039,1.3805,1.50,2.25
2011.02.02 13:20:26.158,1.38039,1.3805,2.25,2.25
2011.02.02 13:20:28.245,1.38039,1.38051,1.50,5.03
2011.02.02 13:20:29.509,1.38039,1.38051,1.50,5.03
2011.02.02 13:20:30.067,1.38039,1.38051,3.00,5.03
2011.02.02 13:20:30.177,1.3804,1.38051,1.50,5.03
2011.02.02 13:20:30.746,1.3804,1.38051,1.50,4.28
2011.02.02 13:20:31.475,1.3804,1.38051,1.50,4.28
2011.02.02 13:20:34.698,1.38049,1.38054,1.50,2.25
2011.02.02 13:20:34.815,1.38049,1.38059,3.00,1.50
2011.02.02 13:20:34.930,1.38049,1.38061,3.00,5.78
2011.02.02 13:20:37.361,1.38057,1.38063,2.44,8.59
2011.02.02 13:20:38.183,1.38059,1.38066,2.25,1.13
2011.02.02 13:20:38.736,1.38058,1.38067,1.50,1.50
2011.02.02 13:20:39.297,1.38059,1.38069,4.50,1.50
2011.02.02 13:20:39.864,1.38059,1.38071,3.75,8.03
2011.02.02 13:20:40.312,1.38057,1.38066,5.63,1.09
2011.02.02 13:20:40.433,1.38059,1.38069,1.50,1.50
2011.02.02 13:20:40.552,1.38059,1.38068,3.75,3.75
2011.02.02 13:20:41.175,1.38059,1.38068,3.75,3.75
2011.02.02 13:20:41.729,1.38059,1.38068,1.50,1.09
2011.02.02 13:20:42.383,1.38053,1.38061,1.50,1.09
2011.02.02 13:20:42.503,1.38053,1.38061,1.50,3.53
2011.02.02 13:20:43.799,1.3805,1.3806,1.50,4.88
2011.02.02 13:20:43.925,1.38049,1.38056,1.50,1.09
2011.02.02 13:20:44.849,1.38049,1.3806,1.50,4.50
2011.02.02 13:20:44.972,1.38047,1.38055,4.88,1.24
2011.02.02 13:20:45.547,1.38048,1.38055,1.50,1.58
2011.02.02 13:20:45.770,1.38049,1.3806,1.50,7.50
2011.02.02 13:20:46.422,1.38049,1.3806,1.50,5.25
2011.02.02 13:20:46.768,1.38051,1.38061,2.25,7.09
2011.02.02 13:20:47.316,1.38051,1.38061,2.25,6.53
2011.02.02 13:20:47.918,1.38052,1.38056,1.50,1.28
2011.02.02 13:20:48.349,1.38047,1.38056,1.50,2.07
2011.02.02 13:20:48.475,1.38047,1.38054,1.50,1.50
2011.02.02 13:20:48.589,1.38047,1.38058,1.50,7.69
2011.02.02 13:20:49.367,1.38047,1.38056,1.50,2.25
2011.02.02 13:20:49.967,1.38047,1.38056,1.50,2.25
2011.02.02 13:20:50.519,1.38046,1.38056,2.25,3.90
2011.02.02 13:20:52.428,1.38045,1.38055,2.25,1.88
2011.02.02 13:20:53.439,1.38045,1.38055,1.50,2.63
2011.02.02 13:20:53.929,1.38049,1.38057,2.25,1.50
2011.02.02 13:20:54.151,1.3805,1.38061,1.50,4.84
2011.02.02 13:20:55.131,1.38052,1.38061,1.50,3.34
2011.02.02 13:20:56.979,1.38054,1.38063,1.50,1.50
2011.02.02 13:20:57.649,1.38057,1.38063,6.00,1.50
2011.02.02 13:20:58.098,1.38059,1.38068,1.50,1.50
2011.02.02 13:20:59.297,1.3806,1.38071,2.25,4.09
2011.02.02 13:21:00.716,1.3806,1.38071,1.50,4.28
2011.02.02 13:21:01.049,1.38059,1.38069,2.25,1.50
2011.02.02 13:21:07.116,1.38058,1.38068,2.44,2.25
2011.02.02 13:21:08.048,1.38058,1.38068,3.19,1.65
2011.02.02 13:21:08.596,1.38058,1.38068,2.44,2.25
2011.02.02 13:21:09.146,1.38058,1.38068,3.19,1.73
2011.02.02 13:21:09.850,1.38058,1.38068,2.44,2.25
2011.02.02 13:21:10.407,1.38058,1.38066,1.69,3.04
2011.02.02 13:21:10.854,1.38058,1.38065,1.69,1.95
2011.02.02 13:21:11.102,1.3805,1.3806,2.25,1.50
2011.02.02 13:21:13.162,1.38049,1.38058,2.25,3.75
2011.02.02 13:21:13.283,1.38049,1.38056,1.50,1.32
2011.02.02 13:21:13.739,1.38047,1.38052,6.75,4.09
2011.02.02 13:21:14.372,1.38043,1.38051,1.50,2.78
2011.02.02 13:21:14.930,1.38041,1.38051,1.50,3.53
2011.02.02 13:21:16.427,1.38041,1.3805,1.50,1.50
2011.02.02 13:21:16.540,1.38038,1.38048,2.44,1.50
2011.02.02 13:21:16.982,1.38037,1.38046,2.25,2.93
2011.02.02 13:21:17.538,1.38035,1.38044,1.50,1.50
2011.02.02 13:21:17.975,1.38037,1.38047,6.94,1.73
2011.02.02 13:21:23.999,1.38037,1.38048,10.69,2.25
2011.02.02 13:21:24.226,1.38039,1.3805,3.00,2.25
2011.02.02 13:21:25.068,1.38039,1.3805,3.00,1.50
2011.02.02 13:21:37.687,1.38042,1.38051,1.50,3.53
2011.02.02 13:21:37.832,1.38044,1.38053,1.50,1.50
2011.02.02 13:21:38.619,1.38044,1.38054,1.50,1.50
2011.02.02 13:21:39.189,1.38044,1.38053,1.50,1.50
2011.02.02 13:21:41.649,1.38043,1.38051,1.50,1.84
2011.02.02 13:21:41.877,1.38041,1.38051,1.50,1.84
2011.02.02 13:21:43.362,1.38043,1.38052,1.50,5.25
2011.02.02 13:21:43.700,1.3804,1.38047,2.25,1.56
2011.02.02 13:21:43.822,1.38038,1.38047,1.50,2.31
2011.02.02 13:21:43.944,1.38037,1.38044,2.25,1.50
2011.02.02 13:21:45.337,1.38038,1.38046,7.50,3.53
2011.02.02 13:21:45.457,1.3804,1.38046,2.44,1.09
2011.02.02 13:21:46.014,1.3804,1.38049,2.25,3.75
2011.02.02 13:21:46.132,1.38043,1.38048,2.25,3.75
2011.02.02 13:21:46.250,1.3804,1.38053,3.00,1.84
2011.02.02 13:21:46.832,1.38041,1.38054,2.25,2.59
2011.02.02 13:21:47.192,1.38043,1.38054,1.50,2.25
2011.02.02 13:21:47.308,1.38044,1.38055,2.25,2.25
2011.02.02 13:21:47.702,1.38044,1.38056,10.50,1.84
2011.02.02 13:21:47.938,1.38047,1.38056,6.75,1.50
2011.02.02 13:21:48.168,1.38048,1.38057,3.75,1.50
2011.02.02 13:21:48.877,1.38049,1.38058,1.50,1.50
2011.02.02 13:21:49.427,1.38049,1.3806,3.00,1.50
2011.02.02 13:21:50.104,1.3805,1.38061,2.25,1.50
2011.02.02 13:21:50.889,1.38055,1.38058,3.75,31.12
2011.02.02 13:21:51.010,1.38054,1.38061,1.50,34.58
2011.02.02 13:21:51.599,1.38054,1.38063,2.44,4.54
2011.02.02 13:21:52.165,1.38055,1.38064,1.50,4.50
2011.02.02 13:21:52.719,1.38056,1.38065,2.25,1.99
2011.02.02 13:21:52.950,1.38057,1.38066,4.50,1.50
2011.02.02 13:21:53.374,1.38058,1.38068,1.50,2.25
2011.02.02 13:21:53.495,1.38059,1.38069,2.25,2.25
2011.02.02 13:21:54.366,1.38061,1.3807,1.50,1.50
2011.02.02 13:21:54.488,1.38061,1.38072,3.75,1.50
2011.02.02 13:21:54.721,1.38062,1.38072,1.50,1.09
2011.02.02 13:21:55.156,1.38064,1.38072,1.50,1.50
2011.02.02 13:21:55.278,1.38063,1.38075,2.25,4.09
2011.02.02 13:21:56.105,1.38064,1.38075,2.25,1.50
2011.02.02 13:21:56.659,1.38066,1.38075,1.50,1.50
2011.02.02 13:21:57.360,1.38067,1.38077,2.25,1.50
2011.02.02 13:21:59.665,1.38068,1.38078,1.50,3.53
2011.02.02 13:22:00.325,1.38069,1.38079,1.50,3.53
2011.02.02 13:22:00.937,1.38069,1.3808,3.00,4.28
2011.02.02 13:22:01.596,1.3807,1.38081,3.75,2.25
2011.02.02 13:22:02.050,1.38072,1.38081,2.25,1.50
2011.02.02 13:22:03.652,1.38074,1.38081,2.25,2.25
2011.02.02 13:22:03.774,1.38075,1.38082,2.82,7.14
2011.02.02 13:22:03.896,1.38074,1.38084,4.50,7.89
2011.02.02 13:22:04.326,1.38078,1.38083,1.50,6.39
2011.02.02 13:22:04.446,1.38078,1.38085,3.00,6.39
2011.02.02 13:22:05.461,1.38081,1.38085,3.75,2.64
2011.02.02 13:22:06.026,1.38079,1.38088,17.99,1.50
2011.02.02 13:22:06.146,1.3808,1.38089,8.44,4.28
2011.02.02 13:22:07.922,1.38082,1.38089,1.50,4.28
2011.02.02 13:22:08.046,1.38082,1.38091,5.25,2.59
2011.02.02 13:22:09.020,1.38082,1.38093,3.75,3.34
2011.02.02 13:22:09.252,1.38086,1.38092,1.50,1.50
2011.02.02 13:22:09.596,1.38088,1.38092,4.50,3.81
2011.02.02 13:22:10.145,1.38086,1.38097,3.00,4.28
2011.02.02 13:22:10.371,1.38087,1.38098,1.50,4.28
2011.02.02 13:22:11.095,1.38088,1.38099,2.25,2.25
2011.02.02 13:22:12.574,1.38089,1.381,1.50,2.25
2011.02.02 13:22:13.129,1.3809,1.38101,1.50,1.50
2011.02.02 13:22:13.680,1.38092,1.38102,9.19,1.50
2011.02.02 13:22:16.222,1.38094,1.38105,21.94,1.50
2011.02.02 13:22:16.709,1.38093,1.38104,7.50,1.50
2011.02.02 13:22:16.821,1.38094,1.38101,1.50,1.56
2011.02.02 13:22:17.264,1.38095,1.38099,1.50,2.31
2011.02.02 13:22:17.613,1.38093,1.38099,3.75,1.50
2011.02.02 13:22:17.729,1.38091,1.38099,6.00,1.50
2011.02.02 13:22:18.142,1.38091,1.38097,2.25,1.09
2011.02.02 13:22:18.708,1.38088,1.38097,1.50,1.84
2011.02.02 13:22:19.133,1.38089,1.38094,1.50,1.14
2011.02.02 13:22:19.592,1.38087,1.38094,6.19,4.50
2011.02.02 13:22:20.031,1.38078,1.38089,1.69,3.00
2011.02.02 13:22:21.028,1.38079,1.38089,1.50,3.00
2011.02.02 13:22:21.725,1.3808,1.38091,5.25,1.50
2011.02.02 13:22:22.819,1.38087,1.38098,9.94,3.00
2011.02.02 13:22:23.424,1.38085,1.38092,1.50,4.50
2011.02.02 13:22:23.681,1.38087,1.38095,4.50,2.85
2011.02.02 13:22:24.088,1.38087,1.38093,4.50,1.50
2011.02.02 13:22:24.429,1.38093,1.38097,3.75,12.01
2011.02.02 13:22:25.073,1.38083,1.38093,2.25,1.50
2011.02.02 13:22:25.627,1.38084,1.38093,3.00,1.50
2011.02.02 13:22:26.170,1.38085,1.38095,1.13,3.15
2011.02.02 13:22:26.409,1.38089,1.381,3.75,1.50
2011.02.02 13:22:28.990,1.38097,1.38104,1.50,2.63
2011.02.02 13:22:29.113,1.38099,1.38108,2.25,1.50
2011.02.02 13:22:29.229,1.38099,1.38108,2.25,2.25
2011.02.02 13:22:31.923,1.38099,1.38109,2.25,1.50
2011.02.02 13:22:32.699,1.381,1.3811,1.50,1.50
2011.02.02 13:22:33.073,1.381,1.3811,2.25,1.50
2011.02.02 13:22:36.467,1.38104,1.38111,1.50,1.50
2011.02.02 13:22:36.813,1.38105,1.38113,3.75,1.50
2011.02.02 13:22:37.421,1.38105,1.38115,3.75,2.25
2011.02.02 13:22:37.649,1.38106,1.38116,7.69,1.50
2011.02.02 13:22:38.107,1.38109,1.38115,4.50,1.50
2011.02.02 13:22:38.342,1.38108,1.38118,5.25,6.81
2011.02.02 13:22:38.460,1.38109,1.38119,1.20,2.03
2011.02.02 13:22:38.979,1.38111,1.38119,1.50,1.50
2011.02.02 13:22:39.974,1.38112,1.38119,2.25,4.50
2011.02.02 13:22:40.309,1.38111,1.38122,5.44,1.50
2011.02.02 13:22:40.888,1.38118,1.38127,5.44,1.50
2011.02.02 13:22:41.222,1.38113,1.38121,12.00,1.50
2011.02.02 13:22:41.682,1.38116,1.38121,1.50,2.03
2011.02.02 13:22:41.806,1.38112,1.38121,1.50,2.78
2011.02.02 13:22:42.357,1.3811,1.38119,1.50,1.50
2011.02.02 13:22:42.990,1.38109,1.38119,2.25,1.50
2011.02.02 13:22:43.547,1.38109,1.38119,1.50,1.50
2011.02.02 13:22:46.923,1.38109,1.3812,3.00,1.50
2011.02.02 13:22:51.350,1.38109,1.38117,2.25,4.56
2011.02.02 13:22:51.912,1.38108,1.38118,9.19,2.25
2011.02.02 13:22:52.249,1.38108,1.38117,9.19,1.50
2011.02.02 13:22:52.843,1.38108,1.38117,8.44,1.50
2011.02.02 13:22:53.409,1.38108,1.38117,8.44,1.50
2011.02.02 13:22:54.092,1.38108,1.38118,8.44,1.50
2011.02.02 13:22:55.327,1.38108,1.38117,4.69,1.50
2011.02.02 13:22:55.963,1.38108,1.38117,4.50,1.50
2011.02.02 13:22:57.456,1.38108,1.38117,4.69,1.50
2011.02.02 13:22:58.121,1.38108,1.38117,4.69,1.50
2011.02.02 13:22:58.669,1.38106,1.38112,8.25,1.56
2011.02.02 13:22:58.904,1.38105,1.38111,1.50,1.28
2011.02.02 13:22:59.023,1.38107,1.38116,3.94,1.50
2011.02.02 13:22:59.577,1.38108,1.38118,1.13,2.25
2011.02.02 13:23:02.800,1.38107,1.38116,3.00,1.84
2011.02.02 13:23:03.241,1.38114,1.3812,6.00,15.15
2011.02.02 13:23:03.368,1.38117,1.38128,5.25,2.25
2011.02.02 13:23:09.257,1.38118,1.38126,4.69,1.88
2011.02.02 13:23:09.806,1.38118,1.38128,4.69,2.25
2011.02.02 13:23:10.850,1.38122,1.38128,1.50,1.50
2011.02.02 13:23:10.975,1.38124,1.3813,4.50,3.00
2011.02.02 13:23:11.411,1.38127,1.38131,1.50,3.00
2011.02.02 13:23:11.531,1.38128,1.38138,9.75,1.50
2011.02.02 13:23:12.848,1.38128,1.38136,5.25,1.99
2011.02.02 13:23:13.624,1.38128,1.38136,4.69,6.53
2011.02.02 13:23:15.520,1.38134,1.38141,11.25,3.75
2011.02.02 13:23:15.860,1.38134,1.38142,3.00,1.84
2011.02.02 13:23:19.238,1.3813,1.38141,1.13,1.84
2011.02.02 13:23:19.357,1.38128,1.3814,10.50,1.50
2011.02.02 13:23:20.144,1.38128,1.38139,9.00,1.65
2011.02.02 13:23:22.129,1.38128,1.38135,7.50,1.50
2011.02.02 13:23:22.469,1.38121,1.38131,1.50,2.03
2011.02.02 13:23:22.926,1.3812,1.3813,2.25,1.50
2011.02.02 13:23:23.149,1.38118,1.38127,9.19,1.50
2011.02.02 13:23:23.490,1.38119,1.38129,1.50,1.50
2011.02.02 13:23:23.716,1.38119,1.3813,3.00,1.50
2011.02.02 13:23:24.808,1.38119,1.38131,3.00,5.03
2011.02.02 13:23:27.307,1.38117,1.38123,18.00,1.50
2011.02.02 13:23:27.786,1.38117,1.38126,9.94,5.59
2011.02.02 13:23:27.908,1.38119,1.3813,1.50,3.00
2011.02.02 13:23:28.348,1.38118,1.38128,5.44,1.50
2011.02.02 13:23:29.192,1.38118,1.38126,4.69,1.13
2011.02.02 13:23:29.750,1.38118,1.38127,8.44,1.50
2011.02.02 13:23:30.090,1.38119,1.38128,2.25,1.65
2011.02.02 13:23:30.521,1.38119,1.3813,3.00,2.25
2011.02.02 13:23:32.701,1.38122,1.38131,1.50,3.53
2011.02.02 13:23:33.041,1.38128,1.38133,3.94,6.34
2011.02.02 13:23:33.621,1.38132,1.38141,1.69,1.84
2011.02.02 13:23:35.821,1.38133,1.38141,6.00,1.50
2011.02.02 13:23:36.918,1.38132,1.38141,1.50,1.50
2011.02.02 13:23:37.139,1.38137,1.38143,1.50,2.25
2011.02.02 13:23:37.912,1.38133,1.38139,3.75,2.25
2011.02.02 13:23:38.035,1.38129,1.38139,5.25,1.50
2011.02.02 13:23:38.591,1.38128,1.38138,9.00,1.50
2011.02.02 13:23:39.891,1.38132,1.38139,1.69,1.50
2011.02.02 13:23:40.371,1.38137,1.38143,2.25,1.50
2011.02.02 13:23:40.494,1.38138,1.38145,7.50,4.20
2011.02.02 13:23:40.611,1.38139,1.38145,4.50,3.15
2011.02.02 13:23:40.837,1.38139,1.38145,4.50,3.15
2011.02.02 13:23:43.427,1.38138,1.38145,4.69,6.75
2011.02.02 13:23:43.646,1.38138,1.38146,8.44,1.50
2011.02.02 13:23:44.122,1.38143,1.38149,4.50,4.73
2011.02.02 13:23:44.361,1.38141,1.38149,3.94,1.58
2011.02.02 13:23:44.880,1.3814,1.38148,8.44,1.58
2011.02.02 13:23:45.225,1.38139,1.38146,7.69,2.85
2011.02.02 13:23:45.343,1.38138,1.38145,1.50,1.50
2011.02.02 13:23:45.910,1.38136,1.38145,6.00,1.73
2011.02.02 13:23:46.036,1.38135,1.38145,4.69,1.73
2011.02.02 13:23:46.262,1.38136,1.38143,7.50,3.08
2011.02.02 13:23:46.762,1.38135,1.38142,3.75,1.50
2011.02.02 13:23:46.993,1.38135,1.3814,1.50,1.50
2011.02.02 13:23:47.409,1.38132,1.38141,3.94,1.95
2011.02.02 13:23:47.967,1.3813,1.38141,5.44,1.50
2011.02.02 13:23:48.512,1.38129,1.38139,1.50,1.50
2011.02.02 13:23:50.519,1.38127,1.38138,1.50,1.50
2011.02.02 13:23:52.356,1.38122,1.38131,1.50,3.53
2011.02.02 13:23:53.255,1.38128,1.38138,8.25,2.25
2011.02.02 13:23:53.373,1.38129,1.3814,1.50,1.69
2011.02.02 13:23:53.966,1.38128,1.3814,9.00,1.50
2011.02.02 13:23:55.086,1.38128,1.38138,9.00,1.65
2011.02.02 13:23:56.811,1.38128,1.38137,1.50,1.65
2011.02.02 13:23:57.039,1.38123,1.38131,3.94,1.84
2011.02.02 13:23:57.607,1.38123,1.38131,5.44,1.09
2011.02.02 13:23:58.488,1.38123,1.38131,5.25,1.09
2011.02.02 13:24:00.021,1.38123,1.38131,4.50,1.84
2011.02.02 13:24:00.487,1.38119,1.3813,3.00,1.73
2011.02.02 13:24:00.604,1.38119,1.38129,1.50,1.50
2011.02.02 13:24:01.295,1.3812,1.38129,1.50,1.50
2011.02.02 13:24:01.627,1.38119,1.38129,1.50,1.50
2011.02.02 13:24:01.960,1.38119,1.38125,1.50,1.50
2011.02.02 13:24:02.661,1.38118,1.38125,4.69,2.40
2011.02.02 13:24:02.889,1.38118,1.38126,8.44,1.50
2011.02.02 13:24:03.331,1.38117,1.38123,12.19,1.50
2011.02.02 13:24:03.457,1.38112,1.38121,1.50,4.35
2011.02.02 13:24:03.570,1.38108,1.38118,9.19,1.50
2011.02.02 13:24:07.861,1.38107,1.38116,14.44,1.09
2011.02.02 13:24:07.990,1.38107,1.38111,2.25,1.28
2011.02.02 13:24:08.109,1.38102,1.38111,2.25,2.03
2011.02.02 13:24:08.341,1.381,1.38111,5.25,4.28
2011.02.02 13:24:08.886,1.381,1.38109,4.50,1.50
2011.02.02 13:24:09.550,1.381,1.38108,4.50,1.56
2011.02.02 13:24:10.130,1.38098,1.38104,12.00,1.50
2011.02.02 13:24:10.265,1.38097,1.38103,3.75,1.13
2011.02.02 13:24:11.240,1.38095,1.38103,9.19,1.95
2011.02.02 13:24:12.099,1.38089,1.38098,1.69,1.50
2011.02.02 13:24:15.448,1.38089,1.381,3.19,1.50
2011.02.02 13:24:16.283,1.38091,1.381,1.50,1.50
2011.02.02 13:24:16.863,1.38089,1.38099,1.69,2.48
2011.02.02 13:24:17.708,1.38089,1.38099,1.69,2.48
2011.02.02 13:24:18.160,1.38093,1.38099,3.75,2.25
2011.02.02 13:24:18.739,1.38099,1.38103,1.69,1.50
2011.02.02 13:24:18.865,1.381,1.3811,2.25,1.50
2011.02.02 13:24:19.627,1.38101,1.38111,1.50,7.09
2011.02.02 13:24:21.622,1.38098,1.38106,1.69,1.99
2011.02.02 13:24:21.746,1.38096,1.38104,3.68,1.50
2011.02.02 13:24:22.416,1.38099,1.38104,3.68,1.50
2011.02.02 13:24:23.606,1.38099,1.38105,8.18,2.03
2011.02.02 13:24:24.051,1.38102,1.38111,2.25,1.50
2011.02.02 13:24:24.577,1.38103,1.38111,1.50,1.50
2011.02.02 13:24:24.810,1.38102,1.38112,3.00,1.50
2011.02.02 13:24:25.039,1.38107,1.38112,1.50,2.25
2011.02.02 13:24:25.159,1.38104,1.38112,1.50,2.25
2011.02.02 13:24:25.716,1.38102,1.38112,3.75,2.25
2011.02.02 13:24:27.739,1.38103,1.38111,1.50,1.50
2011.02.02 13:24:28.104,1.38106,1.38111,1.50,3.34
2011.02.02 13:24:28.619,1.38105,1.38115,5.25,1.50
2011.02.02 13:24:29.058,1.38106,1.38117,2.25,2.25
2011.02.02 13:24:32.700,1.38109,1.38116,6.19,1.84
2011.02.02 13:24:33.303,1.38108,1.38118,1.13,1.50
2011.02.02 13:24:33.426,1.3811,1.38119,2.25,1.50
2011.02.02 13:24:34.076,1.38112,1.38121,6.75,1.04
2011.02.02 13:24:34.198,1.38112,1.38122,6.94,2.25
2011.02.02 13:24:38.316,1.38112,1.38121,6.19,1.50
2011.02.02 13:24:38.649,1.38112,1.3812,5.44,1.50
2011.02.02 13:24:39.315,1.3811,1.3812,1.50,1.50
2011.02.02 13:24:39.761,1.38112,1.38121,3.19,3.00
2011.02.02 13:24:40.416,1.38118,1.38124,5.25,1.50
2011.02.02 13:24:40.534,1.38119,1.38129,1.50,2.25
2011.02.02 13:24:40.763,1.38119,1.38129,1.50,2.25
2011.02.02 13:24:41.618,1.38121,1.38131,1.50,3.53
2011.02.02 13:24:42.484,1.38119,1.38131,3.00,4.28
2011.02.02 13:24:43.086,1.38119,1.3813,3.00,1.50
2011.02.02 13:24:43.418,1.38119,1.38128,1.50,1.50
2011.02.02 13:24:43.988,1.38118,1.38128,4.69,2.25
2011.02.02 13:24:44.543,1.38117,1.38128,8.44,2.40
2011.02.02 13:24:45.093,1.38118,1.38125,4.69,1.95
2011.02.02 13:24:46.181,1.38118,1.38125,3.94,1.95
2011.02.02 13:24:46.409,1.38114,1.38123,2.25,1.50
2011.02.02 13:24:46.534,1.38111,1.38121,1.50,1.69
2011.02.02 13:24:46.762,1.38108,1.38117,4.69,1.50
2011.02.02 13:24:47.286,1.38112,1.3812,2.44,1.50
2011.02.02 13:24:47.508,1.38112,1.38121,2.44,2.59
2011.02.02 13:24:48.749,1.38115,1.38121,1.50,1.84
2011.02.02 13:24:49.237,1.38119,1.38123,4.50,1.50
2011.02.02 13:24:49.474,1.38122,1.38128,4.88,2.31
2011.02.02 13:24:49.924,1.38119,1.38128,2.25,1.50
2011.02.02 13:24:50.770,1.38119,1.38128,1.50,1.50
2011.02.02 13:24:51.233,1.38117,1.38126,3.00,6.19
2011.02.02 13:24:51.355,1.38113,1.38121,1.88,2.78
2011.02.02 13:24:51.908,1.38111,1.38121,1.50,4.28
2011.02.02 13:24:52.764,1.3811,1.38121,1.50,4.28
2011.02.02 13:24:52.881,1.38109,1.3812,3.00,1.50
2011.02.02 13:24:53.218,1.38117,1.38121,1.50,3.53
2011.02.02 13:24:53.450,1.38119,1.38129,1.88,2.25
2011.02.02 13:24:53.998,1.38124,1.38131,1.13,2.59
2011.02.02 13:24:54.110,1.38122,1.38131,1.50,2.03
2011.02.02 13:24:54.677,1.3812,1.38131,1.50,2.78
2011.02.02 13:24:54.799,1.38122,1.38131,5.44,3.34
2011.02.02 13:24:54.921,1.38121,1.38131,2.82,3.34
2011.02.02 13:24:55.040,1.38119,1.38131,3.00,4.28
2011.02.02 13:24:55.160,1.38118,1.38123,4.50,1.50
2011.02.02 13:24:55.585,1.38117,1.38123,2.25,1.50
2011.02.02 13:24:55.705,1.38114,1.38123,7.50,1.50
2011.02.02 13:24:56.259,1.38117,1.38126,2.44,2.59
2011.02.02 13:24:56.723,1.3812,1.38125,2.44,10.88
2011.02.02 13:24:56.847,1.38118,1.38129,1.88,1.50
2011.02.02 13:24:57.074,1.38121,1.38129,1.50,1.50
2011.02.02 13:24:57.547,1.38123,1.3813,1.50,4.50
2011.02.02 13:24:58.831,1.38125,1.38131,1.50,4.50
2011.02.02 13:24:59.073,1.38126,1.38133,5.25,3.83
2011.02.02 13:24:59.554,1.38126,1.38135,2.25,4.50
2011.02.02 13:25:00.325,1.38126,1.38136,1.50,2.25
2011.02.02 13:25:00.781,1.38127,1.38138,6.94,1.50
2011.02.02 13:25:01.312,1.38129,1.38139,5.25,5.25
2011.02.02 13:25:01.761,1.38131,1.38139,3.75,1.84
2011.02.02 13:25:02.162,1.38136,1.38146,1.88,2.25
2011.02.02 13:25:02.290,1.38138,1.38146,4.58,1.50
2011.02.02 13:25:02.870,1.38143,1.38151,5.63,6.53
2011.02.02 13:25:02.998,1.38139,1.38151,1.50,7.28
2011.02.02 13:25:03.222,1.38139,1.38149,1.50,1.50
2011.02.02 13:25:03.744,1.38142,1.3815,1.69,1.50
2011.02.02 13:25:04.308,1.38139,1.38151,2.25,5.59
2011.02.02 13:25:04.724,1.38142,1.38151,1.50,4.50
2011.02.02 13:25:04.849,1.38143,1.38156,1.50,7.84
2011.02.02 13:25:04.971,1.38144,1.38156,1.50,8.59
2011.02.02 13:25:05.197,1.38144,1.38156,1.50,8.74
2011.02.02 13:25:05.737,1.38144,1.38153,1.50,1.50
2011.02.02 13:25:05.855,1.38144,1.38155,1.50,1.50
2011.02.02 13:25:06.303,1.38148,1.38155,4.50,1.50
2011.02.02 13:25:06.748,1.38152,1.38161,5.25,4.50
2011.02.02 13:25:07.447,1.38157,1.38161,1.50,3.75
2011.02.02 13:25:07.685,1.38158,1.38166,1.50,1.09
2011.02.02 13:25:08.278,1.38158,1.38163,4.50,1.84
2011.02.02 13:25:08.393,1.38158,1.38165,4.50,1.78
2011.02.02 13:25:09.163,1.38157,1.38166,6.75,3.00
2011.02.02 13:25:09.611,1.38159,1.38168,1.50,1.50
2011.02.02 13:25:09.842,1.38158,1.38166,2.25,1.50
2011.02.02 13:25:10.424,1.38159,1.38169,3.00,4.43
2011.02.02 13:25:11.285,1.38159,1.38168,1.50,1.50
2011.02.02 13:25:11.867,1.38159,1.38168,1.50,1.50
2011.02.02 13:25:11.987,1.38159,1.38173,1.50,9.69
2011.02.02 13:25:12.318,1.38159,1.38171,2.25,1.10
2011.02.02 13:25:12.973,1.38159,1.38173,3.00,8.94
2011.02.02 13:25:14.216,1.38159,1.38172,3.00,1.51
2011.02.02 13:25:15.406,1.38162,1.38173,1.50,8.94
2011.02.02 13:25:16.960,1.38163,1.38173,1.50,8.18
2011.02.02 13:25:17.827,1.38168,1.38173,2.25,1.84
2011.02.02 13:25:17.950,1.38168,1.38176,1.69,2.33
2011.02.02 13:25:18.529,1.38168,1.38176,5.44,2.33
2011.02.02 13:25:18.770,1.38168,1.38174,1.50,1.50
2011.02.02 13:25:19.107,1.38165,1.38175,2.25,3.45
2011.02.02 13:25:19.222,1.38165,1.3817,2.25,2.25
2011.02.02 13:25:19.766,1.38159,1.38165,3.00,1.13
2011.02.02 13:25:20.426,1.38158,1.38165,1.50,4.73
2011.02.02 13:25:20.540,1.38156,1.38164,1.50,3.68
2011.02.02 13:25:21.188,1.38155,1.38163,1.50,1.09
2011.02.02 13:25:21.306,1.38153,1.38161,1.50,3.34
2011.02.02 13:25:22.019,1.38151,1.3816,2.25,2.40
2011.02.02 13:25:22.363,1.38149,1.3816,2.25,4.05
2011.02.02 13:25:22.929,1.38147,1.38156,6.75,3.94
2011.02.02 13:25:23.058,1.38141,1.38151,2.25,1.09
2011.02.02 13:25:23.168,1.38141,1.38151,1.50,1.28
2011.02.02 13:25:23.608,1.3814,1.38151,1.50,2.78
2011.02.02 13:25:24.144,1.38141,1.38151,1.50,2.03
2011.02.02 13:25:25.366,1.3814,1.38151,2.25,2.85
2011.02.02 13:25:25.701,1.3814,1.38151,2.25,3.53
2011.02.02 13:25:25.931,1.3814,1.38151,1.50,3.53
2011.02.02 13:25:26.491,1.38138,1.38147,6.19,1.35
2011.02.02 13:25:27.177,1.38134,1.38141,2.25,2.78
2011.02.02 13:25:27.301,1.38133,1.38143,1.69,8.25
2011.02.02 13:25:27.420,1.38131,1.38141,3.00,2.03
2011.02.02 13:25:28.035,1.38133,1.38141,1.50,2.78
2011.02.02 13:25:29.262,1.38132,1.38141,2.25,2.78
2011.02.02 13:25:29.709,1.38132,1.38141,1.50,3.53
2011.02.02 13:25:30.369,1.38128,1.38135,6.94,1.50
2011.02.02 13:25:34.219,1.38132,1.38137,1.69,2.63
2011.02.02 13:25:34.339,1.38133,1.38139,1.69,1.50
2011.02.02 13:25:34.722,1.38134,1.38144,3.00,5.25
2011.02.02 13:25:35.281,1.38132,1.38143,1.50,7.69
2011.02.02 13:25:35.816,1.38133,1.38142,2.25,1.09
2011.02.02 13:25:36.587,1.38132,1.38141,1.50,1.09
2011.02.02 13:25:41.038,1.3813,1.38141,1.50,2.78
2011.02.02 13:25:41.609,1.38128,1.38138,6.94,2.48
2011.02.02 13:25:41.731,1.38127,1.38135,4.50,1.73
2011.02.02 13:25:42.327,1.38126,1.38134,2.25,1.50
2011.02.02 13:25:43.554,1.38127,1.38135,5.25,3.15
2011.02.02 13:25:43.791,1.38128,1.38138,4.69,2.25
2011.02.02 13:25:44.487,1.38129,1.38136,1.50,1.50
2011.02.02 13:25:44.613,1.38127,1.38131,12.94,1.09
2011.02.02 13:25:45.350,1.38127,1.38132,4.50,5.25
2011.02.02 13:25:45.479,1.38123,1.38132,1.69,1.50
2011.02.02 13:25:46.331,1.38124,1.38133,3.00,1.50
2011.02.02 13:25:52.687,1.38124,1.38129,1.50,7.73
2011.02.02 13:25:52.807,1.3812,1.38129,1.50,4.35
2011.02.02 13:25:52.924,1.38119,1.38125,2.25,3.83
2011.02.02 13:25:54.712,1.38118,1.38125,2.44,3.53
2011.02.02 13:25:55.288,1.38116,1.38125,2.25,1.73
2011.02.02 13:25:55.641,1.38118,1.38122,3.75,25.83
2011.02.02 13:25:56.081,1.38115,1.38123,3.75,3.00
2011.02.02 13:25:56.648,1.38113,1.38123,4.50,2.25
2011.02.02 13:25:57.339,1.38111,1.38122,3.75,3.38
2011.02.02 13:25:58.119,1.38111,1.3812,3.75,1.50
2011.02.02 13:26:01.835,1.38109,1.38119,1.50,4.50
2011.02.02 13:26:01.950,1.3811,1.38119,1.50,3.75
2011.02.02 13:26:02.385,1.38111,1.38121,1.50,1.84
2011.02.02 13:26:04.581,1.3811,1.38116,1.50,3.75
2011.02.02 13:26:05.023,1.3811,1.38118,1.50,5.25
2011.02.02 13:26:05.149,1.38109,1.38116,3.00,1.28
2011.02.02 13:26:05.701,1.38109,1.3812,2.25,2.25
2011.02.02 13:26:07.637,1.3811,1.38121,2.25,2.78
2011.02.02 13:26:09.160,1.3811,1.38117,1.50,1.37
2011.02.02 13:26:09.664,1.38104,1.38112,2.25,5.61
2011.02.02 13:26:10.228,1.38104,1.38113,5.25,1.50
2011.02.02 13:26:13.778,1.38102,1.38111,2.25,1.84
2011.02.02 13:26:14.262,1.381,1.38111,2.25,1.84
2011.02.02 13:26:14.383,1.38099,1.3811,1.50,1.50
2011.02.02 13:26:20.838,1.38099,1.38109,1.50,2.25
2011.02.02 13:26:21.171,1.38098,1.38106,2.25,1.43
2011.02.02 13:26:22.081,1.38095,1.38104,2.25,2.25
2011.02.02 13:26:24.054,1.38097,1.38107,3.00,2.25
2011.02.02 13:26:24.174,1.38098,1.38107,1.50,1.50
2011.02.02 13:26:24.397,1.38098,1.38108,1.50,3.75
2011.02.02 13:26:24.934,1.38098,1.3811,1.50,2.25
2011.02.02 13:26:25.378,1.38097,1.3811,10.69,3.90
2011.02.02 13:26:25.948,1.38097,1.3811,9.19,3.90
2011.02.02 13:26:26.618,1.38098,1.38109,1.69,1.58
2011.02.02 13:26:27.166,1.38094,1.38105,5.25,3.38
2011.02.02 13:26:27.717,1.38093,1.38103,2.25,1.50
2011.02.02 13:26:29.150,1.38093,1.381,1.50,1.50
2011.02.02 13:26:29.623,1.38089,1.381,1.50,5.25
2011.02.02 13:26:29.848,1.38089,1.381,1.50,6.00
2011.02.02 13:26:30.068,1.38089,1.381,1.50,2.40
2011.02.02 13:26:30.644,1.38088,1.38097,1.50,1.13
2011.02.02 13:26:32.428,1.3808,1.38091,3.75,2.78
2011.02.02 13:26:33.408,1.38082,1.38091,3.00,4.69
2011.02.02 13:26:33.750,1.3808,1.3809,1.50,1.50
2011.02.02 13:26:35.201,1.38078,1.38089,1.69,1.58
2011.02.02 13:26:35.984,1.38077,1.38089,10.69,2.33
2011.02.02 13:26:37.858,1.38077,1.38088,10.69,1.50
2011.02.02 13:26:38.188,1.38079,1.38089,1.50,1.50
2011.02.02 13:26:39.069,1.38077,1.38088,10.69,1.65
2011.02.02 13:26:41.811,1.38077,1.38085,6.75,2.03
2011.02.02 13:26:43.137,1.38072,1.38081,6.75,1.50
2011.02.02 13:26:43.902,1.38071,1.3808,2.25,2.25
2011.02.02 13:26:44.027,1.38069,1.3808,2.25,2.25
2011.02.02 13:26:45.019,1.38069,1.3808,2.25,1.50
2011.02.02 13:26:45.581,1.38069,1.38078,2.25,1.50
2011.02.02 13:26:45.701,1.38069,1.38077,1.50,1.50
2011.02.02 13:26:49.782,1.38067,1.38071,1.50,1.28
2011.02.02 13:26:49.903,1.38064,1.38073,8.63,1.09
2011.02.02 13:26:50.388,1.38063,1.38074,1.50,3.75
2011.02.02 13:26:50.503,1.38067,1.38074,1.50,1.50
2011.02.02 13:26:50.622,1.38068,1.38078,1.50,5.25
2011.02.02 13:26:51.938,1.38069,1.38079,1.50,1.50
2011.02.02 13:26:52.269,1.38067,1.38072,6.00,6.62
2011.02.02 13:26:52.769,1.38067,1.38074,3.75,1.50
2011.02.02 13:26:53.001,1.38067,1.38076,4.50,3.53
2011.02.02 13:26:53.119,1.38067,1.38076,4.50,3.34
2011.02.02 13:26:53.228,1.38067,1.38074,3.75,1.09
2011.02.02 13:26:53.766,1.38064,1.38071,1.50,2.25
2011.02.02 13:26:53.988,1.38064,1.38074,2.25,2.25
2011.02.02 13:26:54.540,1.38064,1.38076,2.25,4.99
2011.02.02 13:26:55.358,1.38062,1.38071,6.00,1.50
2011.02.02 13:26:55.691,1.38062,1.38071,3.75,2.59
2011.02.02 13:26:56.199,1.38059,1.38069,2.25,1.50
2011.02.02 13:26:57.211,1.38057,1.38066,8.44,1.73
2011.02.02 13:26:58.024,1.38057,1.38065,3.75,3.98
2011.02.02 13:26:58.148,1.38053,1.38064,3.75,1.50
2011.02.02 13:26:58.618,1.38053,1.38063,3.75,1.50
2011.02.02 13:26:59.695,1.38058,1.38068,1.50,2.25
2011.02.02 13:27:00.249,1.38058,1.38068,2.25,1.50
2011.02.02 13:27:01.775,1.38058,1.38067,2.44,1.50
2011.02.02 13:27:02.124,1.38057,1.38065,7.69,1.73
2011.02.02 13:27:05.319,1.38058,1.38068,1.69,1.50
2011.02.02 13:27:06.100,1.38058,1.38068,1.69,1.73
2011.02.02 13:27:06.629,1.38058,1.38066,1.69,1.50
2011.02.02 13:27:06.750,1.38058,1.38066,1.69,1.50
2011.02.02 13:27:07.306,1.38058,1.38068,1.69,1.50
2011.02.02 13:27:08.240,1.38058,1.38068,1.69,1.50
2011.02.02 13:27:08.474,1.38057,1.38063,6.19,1.50
2011.02.02 13:27:08.971,1.38053,1.38061,4.69,1.84
2011.02.02 13:27:09.088,1.38053,1.38061,1.69,1.84
2011.02.02 13:27:09.532,1.3805,1.3806,6.00,1.50
2011.02.02 13:27:09.987,1.38049,1.3806,1.50,1.50
2011.02.02 13:27:13.519,1.38054,1.3806,1.88,1.50
2011.02.02 13:27:13.640,1.38052,1.3806,3.75,2.25
2011.02.02 13:27:13.871,1.3805,1.3806,4.50,1.50
2011.02.02 13:27:16.287,1.38049,1.3806,1.69,1.50
2011.02.02 13:27:17.078,1.3805,1.3806,1.50,1.50
2011.02.02 13:27:17.199,1.38058,1.38065,2.44,1.50
2011.02.02 13:27:18.636,1.38057,1.38066,4.50,1.09
2011.02.02 13:27:19.315,1.38056,1.38065,1.50,1.50
2011.02.02 13:27:19.868,1.38057,1.38068,8.25,1.50
2011.02.02 13:27:22.741,1.38058,1.38069,1.69,2.25
2011.02.02 13:27:23.299,1.38058,1.38068,1.69,1.50
2011.02.02 13:27:23.737,1.38057,1.38067,9.19,1.50
2011.02.02 13:27:24.434,1.38057,1.38063,1.50,1.50
2011.02.02 13:27:24.772,1.38052,1.38061,2.25,1.50
2011.02.02 13:27:24.894,1.38049,1.38061,3.38,2.59
2011.02.02 13:27:25.426,1.38048,1.38059,2.44,2.25
2011.02.02 13:27:33.899,1.3805,1.38058,1.50,1.50
2011.02.02 13:27:34.494,1.38057,1.38065,3.19,4.50
2011.02.02 13:27:34.618,1.38057,1.38066,2.25,1.28
2011.02.02 13:27:34.957,1.38055,1.38066,1.50,3.53
2011.02.02 13:27:36.278,1.38052,1.38061,2.25,1.09
2011.02.02 13:27:44.359,1.38052,1.38061,5.25,2.59
2011.02.02 13:27:44.916,1.38049,1.38059,1.50,1.50
2011.02.02 13:27:46.710,1.38052,1.38062,3.19,1.50
2011.02.02 13:27:46.954,1.38053,1.38064,1.50,3.75
2011.02.02 13:27:47.819,1.38054,1.38064,5.25,3.75
2011.02.02 13:27:48.053,1.38059,1.38067,1.50,1.50
2011.02.02 13:27:50.770,1.3806,1.38067,2.40,1.50
2011.02.02 13:27:51.417,1.38067,1.38073,2.44,2.25
2011.02.02 13:27:51.541,1.38066,1.38071,3.00,2.03
2011.02.02 13:27:51.661,1.38062,1.38071,1.50,4.28
2011.02.02 13:27:52.232,1.3806,1.38071,2.25,5.78
2011.02.02 13:27:59.102,1.38067,1.38072,1.69,10.84
2011.02.02 13:27:59.335,1.38069,1.38078,1.50,1.50
2011.02.02 13:27:59.775,1.38069,1.38079,2.25,1.50
2011.02.02 13:28:00.359,1.3807,1.38081,1.50,5.03
2011.02.02 13:28:01.478,1.38069,1.38076,1.50,1.09
2011.02.02 13:28:02.122,1.38067,1.38076,1.50,1.84
2011.02.02 13:28:02.697,1.38069,1.38078,2.25,1.50
2011.02.02 13:28:02.811,1.38067,1.38076,7.50,1.50
2011.02.02 13:28:03.227,1.38067,1.38071,2.25,1.50
2011.02.02 13:28:03.346,1.38061,1.38071,1.50,3.34
2011.02.02 13:28:04.219,1.3806,1.38071,1.50,2.78
2011.02.02 13:28:06.258,1.38061,1.38071,1.50,1.50
2011.02.02 13:28:06.937,1.38064,1.38076,1.69,2.59
2011.02.02 13:28:07.162,1.38066,1.38076,1.50,1.84
2011.02.02 13:28:09.264,1.38068,1.38079,2.44,2.25
2011.02.02 13:28:09.963,1.38067,1.38076,3.00,1.09
2011.02.02 13:28:10.518,1.38065,1.38076,2.25,2.59
2011.02.02 13:28:10.943,1.38068,1.38076,1.50,1.84
2011.02.02 13:28:11.065,1.38069,1.38079,1.50,1.50
2011.02.02 13:28:12.043,1.38069,1.38081,2.25,2.59
2011.02.02 13:28:12.597,1.38069,1.38081,3.00,2.59
2011.02.02 13:28:13.154,1.38069,1.38081,2.25,2.59
2011.02.02 13:28:13.602,1.3807,1.38081,1.50,2.59
2011.02.02 13:28:14.159,1.38069,1.38081,3.94,2.59
2011.02.02 13:28:14.731,1.3807,1.38081,1.50,2.59
2011.02.02 13:28:15.288,1.38069,1.3808,3.94,1.50
2011.02.02 13:28:16.314,1.38069,1.3808,3.19,1.50
2011.02.02 13:28:17.980,1.3807,1.3808,1.50,1.50
2011.02.02 13:28:18.329,1.38073,1.38081,1.69,2.25
2011.02.02 13:28:21.019,1.38072,1.38079,1.50,1.50
2011.02.02 13:28:21.141,1.3807,1.38078,1.88,1.50
2011.02.02 13:28:21.261,1.38068,1.38077,4.50,1.50
2011.02.02 13:28:21.720,1.38069,1.3808,2.25,1.50
2011.02.02 13:28:25.458,1.38068,1.38079,3.94,1.50
2011.02.02 13:28:26.062,1.38069,1.3808,2.44,1.50
2011.02.02 13:28:30.937,1.38069,1.38079,1.69,2.25
2011.02.02 13:28:31.051,1.38068,1.38078,2.25,5.87
2011.02.02 13:28:31.711,1.3807,1.38078,4.50,2.25
2011.02.02 13:28:31.835,1.38066,1.38076,3.75,1.09
2011.02.02 13:28:32.720,1.38068,1.38079,3.00,1.50
2011.02.02 13:28:33.061,1.38069,1.3808,3.00,1.50
2011.02.02 13:28:33.722,1.38069,1.3808,3.00,1.50
2011.02.02 13:28:34.287,1.3807,1.38081,2.25,4.09
2011.02.02 13:28:35.578,1.38069,1.3808,3.19,1.50
2011.02.02 13:28:37.643,1.38069,1.38078,1.69,1.50
2011.02.02 13:28:37.868,1.3807,1.3808,1.50,2.25
2011.02.02 13:28:37.978,1.38069,1.3808,3.19,2.25
2011.02.02 13:28:39.278,1.38072,1.38081,1.50,3.34
2011.02.02 13:28:39.500,1.38073,1.38084,4.69,2.25
2011.02.02 13:28:39.620,1.38074,1.38084,1.69,1.50
2011.02.02 13:28:40.193,1.38077,1.38084,1.50,1.50
2011.02.02 13:28:42.038,1.38077,1.38084,1.50,1.50
2011.02.02 13:28:43.368,1.38074,1.38083,1.50,1.50
2011.02.02 13:28:45.652,1.3807,1.3808,5.07,1.50
2011.02.02 13:28:48.120,1.38072,1.38081,1.69,3.00
2011.02.02 13:28:48.591,1.38076,1.3808,2.25,7.13
2011.02.02 13:28:48.718,1.38074,1.38085,3.75,6.00
2011.02.02 13:28:48.834,1.38075,1.38085,4.50,1.50
2011.02.02 13:28:49.230,1.38077,1.38085,4.50,1.50
2011.02.02 13:28:49.359,1.38077,1.38087,1.69,1.50
2011.02.02 13:28:49.809,1.38082,1.38094,3.19,1.50
2011.02.02 13:28:50.227,1.38082,1.38094,2.44,1.50
2011.02.02 13:28:50.572,1.38082,1.38091,1.69,1.84
2011.02.02 13:28:50.693,1.38082,1.38092,1.69,3.00
2011.02.02 13:28:50.813,1.3808,1.38091,2.63,1.84
2011.02.02 13:28:51.399,1.38078,1.38091,2.44,2.59
2011.02.02 13:28:52.640,1.38079,1.38091,2.44,1.84
2011.02.02 13:28:53.787,1.38079,1.38091,2.44,1.09
2011.02.02 13:28:55.034,1.38084,1.38092,1.69,1.50
2011.02.02 13:28:55.378,1.38084,1.38095,1.69,1.50
2011.02.02 13:28:55.927,1.38084,1.38093,3.00,1.50
2011.02.02 13:28:56.259,1.38084,1.38095,3.00,1.50
2011.02.02 13:28:57.466,1.38083,1.38092,2.25,4.84
2011.02.02 13:28:58.369,1.3808,1.3809,2.25,1.50
2011.02.02 13:28:58.702,1.38079,1.38086,1.50,1.09
2011.02.02 13:28:59.314,1.38077,1.38086,1.50,1.09
2011.02.02 13:28:59.871,1.38078,1.38088,1.50,1.50
2011.02.02 13:29:00.100,1.3808,1.3809,1.50,1.50
2011.02.02 13:29:00.809,1.38081,1.38091,1.50,1.84
2011.02.02 13:29:02.327,1.38082,1.38092,1.50,5.78
2011.02.02 13:29:02.666,1.38087,1.38093,3.94,9.00
2011.02.02 13:29:03.215,1.3809,1.38099,2.25,1.50
2011.02.02 13:29:03.336,1.3809,1.38101,3.75,1.09
2011.02.02 13:29:03.892,1.38091,1.38101,1.50,1.09
2011.02.02 13:29:04.455,1.38093,1.38102,2.25,5.03
2011.02.02 13:29:04.574,1.38093,1.38102,1.50,5.78
2011.02.02 13:29:06.198,1.38091,1.38096,1.50,3.75
2011.02.02 13:29:06.313,1.38091,1.381,1.50,7.13
2011.02.02 13:29:06.758,1.38091,1.38098,1.50,3.75
2011.02.02 13:29:06.991,1.38089,1.38097,2.25,1.28
2011.02.02 13:29:07.857,1.38089,1.38098,2.25,1.50
2011.02.02 13:29:07.976,1.3809,1.38101,1.50,3.34
2011.02.02 13:29:08.969,1.3809,1.38099,1.50,1.65
2011.02.02 13:29:10.602,1.38084,1.38092,3.00,5.25
2011.02.02 13:29:10.944,1.38082,1.38092,1.50,6.34
2011.02.02 13:29:12.056,1.38082,1.38091,1.50,1.09
2011.02.02 13:29:12.853,1.38082,1.38092,1.50,7.28
2011.02.02 13:29:12.979,1.38084,1.38091,4.50,1.09
2011.02.02 13:29:13.215,1.38087,1.38092,3.94,4.50
2011.02.02 13:29:13.330,1.3809,1.38098,1.50,1.50
2011.02.02 13:29:14.733,1.3809,1.38098,1.50,2.46
2011.02.02 13:29:15.300,1.3809,1.38098,1.50,4.50
2011.02.02 13:29:16.200,1.3809,1.38101,1.50,1.84
2011.02.02 13:29:16.987,1.38091,1.38101,1.50,1.84
2011.02.02 13:29:17.098,1.38095,1.38101,1.50,1.84
2011.02.02 13:29:17.770,1.38095,1.38104,1.50,5.78
2011.02.02 13:29:17.899,1.38096,1.38105,1.50,1.09
2011.02.02 13:29:18.664,1.38098,1.38106,1.50,5.25
2011.02.02 13:29:18.784,1.38097,1.38108,2.25,1.84
2011.02.02 13:29:18.899,1.38098,1.38109,2.25,1.84
2011.02.02 13:29:19.658,1.381,1.38109,1.50,1.13
2011.02.02 13:29:20.220,1.38101,1.38111,1.50,1.84
2011.02.02 13:29:21.103,1.38102,1.38112,1.50,1.84
2011.02.02 13:29:21.659,1.38103,1.38112,1.50,1.28
2011.02.02 13:29:21.999,1.38107,1.38111,1.50,4.50
2011.02.02 13:29:22.366,1.38107,1.38112,1.50,1.88
2011.02.02 13:29:22.496,1.38106,1.38115,3.75,1.37
2011.02.02 13:29:23.693,1.38108,1.38115,1.69,1.09
2011.02.02 13:29:24.246,1.38107,1.38118,2.25,2.25
2011.02.02 13:29:24.362,1.38108,1.38119,1.50,5.59
2011.02.02 13:29:24.591,1.3811,1.38119,1.50,5.59
2011.02.02 13:29:25.156,1.38112,1.3812,1.50,6.34
2011.02.02 13:29:25.870,1.38114,1.38121,1.50,1.50
2011.02.02 13:29:26.526,1.38116,1.38122,2.25,4.84
2011.02.02 13:29:26.699,1.38118,1.38123,1.50,1.50
2011.02.02 13:29:28.440,1.38119,1.38125,1.50,3.75
2011.02.02 13:29:28.803,1.38124,1.38129,1.50,3.75
2011.02.02 13:29:29.332,1.38123,1.38129,1.50,3.75
2011.02.02 13:29:29.890,1.38125,1.38129,1.50,3.75
2011.02.02 13:29:30.123,1.38125,1.38132,2.25,3.75
2011.02.02 13:29:30.240,1.38125,1.38134,2.25,3.75
2011.02.02 13:29:30.800,1.38127,1.38134,1.50,3.75
2011.02.02 13:29:31.030,1.38127,1.38133,1.50,1.50
2011.02.02 13:29:31.479,1.38123,1.38132,2.25,1.09
2011.02.02 13:29:31.820,1.38124,1.38129,1.50,3.75
2011.02.02 13:29:31.939,1.38124,1.38131,1.50,4.09
2011.02.02 13:29:32.281,1.38123,1.38131,1.50,4.24
2011.02.02 13:29:32.744,1.38123,1.38128,21.39,4.50
2011.02.02 13:29:32.869,1.38122,1.38127,6.00,7.50
2011.02.02 13:29:32.982,1.38119,1.38127,6.00,8.25
2011.02.02 13:29:33.393,1.38117,1.38126,1.50,4.50
2011.02.02 13:29:33.529,1.38111,1.38121,1.50,2.78
2011.02.02 13:29:34.087,1.38111,1.38121,1.50,1.09
2011.02.02 13:29:36.244,1.38111,1.38115,1.50,3.75
2011.02.02 13:29:36.691,1.38109,1.38113,3.75,2.12
2011.02.02 13:29:36.812,1.38109,1.38115,2.44,3.75
2011.02.02 13:29:36.930,1.3811,1.38115,1.50,7.50
2011.02.02 13:29:37.051,1.3811,1.38118,1.50,4.09
2011.02.02 13:29:37.493,1.38109,1.38113,3.00,1.09
2011.02.02 13:29:37.733,1.38102,1.38106,2.25,3.75
2011.02.02 13:29:38.397,1.38102,1.38108,1.50,3.75
2011.02.02 13:29:39.472,1.38102,1.38112,1.50,10.09
2011.02.02 13:29:40.028,1.38102,1.38111,1.50,1.09
2011.02.02 13:29:41.002,1.38102,1.38111,1.50,1.09
2011.02.02 13:29:42.021,1.38103,1.38112,2.63,1.50
2011.02.02 13:29:42.142,1.38104,1.38113,1.69,4.84
2011.02.02 13:29:42.535,1.3811,1.38121,1.50,1.09
2011.02.02 13:29:42.984,1.38113,1.38122,1.69,2.25
2011.02.02 13:29:44.460,1.3812,1.38129,1.50,1.50
2011.02.02 13:29:44.586,1.38119,1.38128,5.63,1.50
2011.02.02 13:29:44.707,1.3812,1.38127,1.50,4.84
2011.02.02 13:29:46.118,1.38119,1.38126,1.50,1.50
2011.02.02 13:29:47.977,1.38118,1.38125,8.25,4.50
2011.02.02 13:29:48.099,1.38115,1.38126,1.50,1.09
2011.02.02 13:29:48.755,1.38115,1.38123,1.50,1.50
2011.02.02 13:29:49.849,1.38113,1.38123,1.50,1.50
2011.02.02 13:29:50.304,1.38113,1.38121,1.50,3.75
2011.02.02 13:29:50.420,1.38112,1.3812,1.50,2.25
2011.02.02 13:29:50.853,1.38109,1.3812,1.50,1.69
2011.02.02 13:29:50.979,1.38108,1.38119,1.50,4.84
2011.02.02 13:29:51.203,1.38107,1.38118,1.50,1.09
2011.02.02 13:29:51.890,1.3811,1.38116,5.25,3.00
2011.02.02 13:29:52.011,1.38109,1.38116,1.50,1.50
2011.02.02 13:29:52.437,1.38114,1.38119,4.50,5.25
2011.02.02 13:29:52.573,1.38112,1.38122,1.50,1.28
2011.02.02 13:29:53.567,1.38112,1.38121,1.50,1.09
2011.02.02 13:29:55.107,1.38119,1.38125,4.69,7.50
2011.02.02 13:29:55.461,1.38115,1.38122,4.50,1.28
2011.02.02 13:29:56.079,1.38112,1.38122,1.50,1.28
2011.02.02 13:29:56.302,1.38113,1.38123,1.50,5.12
2011.02.02 13:29:56.977,1.3812,1.38125,1.50,1.95
2011.02.02 13:29:57.095,1.3812,1.38128,1.50,1.50
2011.02.02 13:29:58.411,1.38119,1.38126,6.00,5.59
2011.02.02 13:29:58.656,1.38111,1.38122,1.50,2.03
2011.02.02 13:29:59.542,1.38114,1.38123,1.69,2.25
2011.02.02 13:30:00.434,1.38114,1.38121,2.25,1.09
2011.02.02 13:30:00.550,1.38111,1.38121,1.50,1.09
2011.02.02 13:30:01.063,1.38111,1.38121,1.50,1.09
2011.02.02 13:30:01.186,1.38111,1.38121,1.50,1.09
2011.02.02 13:30:01.300,1.38111,1.38121,1.50,1.09
2011.02.02 13:30:02.151,1.38109,1.38116,2.25,5.25
2011.02.02 13:30:02.271,1.38109,1.38117,2.25,1.28
2011.02.02 13:30:03.141,1.3811,1.3812,1.50,3.00
2011.02.02 13:30:04.249,1.3811,1.3812,1.50,1.50
2011.02.02 13:30:04.361,1.38109,1.38113,3.00,1.50
2011.02.02 13:30:04.826,1.38102,1.38112,1.58,1.50
2011.02.02 13:30:05.062,1.38101,1.38111,1.50,1.09
2011.02.02 13:30:05.181,1.38101,1.38108,1.50,1.50
2011.02.02 13:30:05.697,1.38098,1.38108,3.00,2.87
2011.02.02 13:30:05.811,1.38102,1.38108,1.69,1.50
2011.02.02 13:30:06.046,1.38103,1.38112,1.50,5.03
2011.02.02 13:30:06.459,1.38105,1.38112,1.50,1.09
2011.02.02 13:30:06.588,1.38109,1.38117,1.50,2.78
2011.02.02 13:30:06.701,1.3811,1.38121,1.50,1.09
2011.02.02 13:30:09.495,1.38112,1.38122,2.25,1.28
2011.02.02 13:30:15.915,1.38111,1.38122,3.00,2.03
2011.02.02 13:30:18.000,1.38111,1.38119,3.00,4.09
2011.02.02 13:30:18.243,1.3811,1.38118,1.50,6.96
2011.02.02 13:30:18.359,1.38109,1.38118,2.25,6.96
2011.02.02 13:30:19.218,1.38107,1.38116,2.25,1.09
2011.02.02 13:30:19.552,1.38107,1.38115,1.50,1.50
2011.02.02 13:30:20.115,1.38102,1.38111,2.25,1.84
2011.02.02 13:30:20.235,1.38101,1.38111,2.25,1.84
2011.02.02 13:30:20.904,1.38101,1.38111,1.50,1.84
2011.02.02 13:30:21.355,1.38102,1.38112,2.44,1.50
2011.02.02 13:30:21.918,1.38105,1.38114,1.62,1.50
2011.02.02 13:30:23.264,1.38104,1.38112,1.59,1.84
2011.02.02 13:30:23.383,1.38101,1.38111,1.50,1.09
2011.02.02 13:30:24.055,1.38101,1.3811,1.50,1.50
2011.02.02 13:30:24.389,1.38102,1.38111,2.25,1.09
2011.02.02 13:30:24.498,1.38102,1.38111,1.50,1.09
2011.02.02 13:30:25.270,1.38101,1.38113,1.50,9.21
2011.02.02 13:30:25.963,1.38108,1.38116,1.69,3.75
2011.02.02 13:30:26.087,1.38111,1.3812,1.50,4.88
2011.02.02 13:30:26.871,1.38111,1.38122,1.50,2.78
2011.02.02 13:30:29.201,1.38109,1.38117,4.50,1.28
2011.02.02 13:30:29.872,1.38104,1.38112,4.50,1.28
2011.02.02 13:30:31.347,1.38102,1.38111,1.50,1.09
2011.02.02 13:30:31.996,1.38102,1.38111,1.50,1.09
2011.02.02 13:30:32.547,1.38102,1.38111,1.50,1.09
2011.02.02 13:30:33.909,1.38103,1.38111,2.44,1.09
2011.02.02 13:30:34.129,1.38102,1.38111,5.25,1.09
2011.02.02 13:30:34.240,1.38102,1.38111,1.50,1.09
2011.02.02 13:30:34.717,1.38102,1.38111,1.50,1.09
2011.02.02 13:30:36.430,1.38101,1.38105,2.25,3.75
2011.02.02 13:30:37.072,1.38098,1.38105,5.44,4.88
2011.02.02 13:30:37.198,1.38101,1.38109,1.50,1.50
2011.02.02 13:30:37.431,1.38099,1.38108,2.25,2.03
2011.02.02 13:30:37.851,1.38099,1.38108,2.25,2.03
2011.02.02 13:30:37.975,1.38101,1.3811,1.50,1.13
2011.02.02 13:30:38.200,1.38101,1.38108,1.50,1.09
2011.02.02 13:30:38.320,1.38099,1.38108,3.00,5.59
2011.02.02 13:30:38.927,1.38101,1.38108,1.50,5.59
2011.02.02 13:30:39.493,1.38098,1.38105,6.75,1.69
2011.02.02 13:30:40.048,1.38095,1.38103,1.50,8.59
2011.02.02 13:30:40.165,1.38092,1.38103,3.00,10.09
2011.02.02 13:30:41.346,1.38093,1.38103,1.50,9.62
2011.02.02 13:30:41.689,1.38101,1.38107,1.50,8.25
2011.02.02 13:30:42.153,1.38102,1.38108,1.50,3.75
2011.02.02 13:30:43.081,1.38099,1.38108,3.75,2.03
2011.02.02 13:30:43.880,1.38099,1.38108,2.25,5.59
2011.02.02 13:30:44.507,1.381,1.38108,1.50,7.09
2011.02.02 13:30:45.884,1.38101,1.38109,3.00,1.50
2011.02.02 13:30:46.010,1.381,1.38108,2.25,5.59
2011.02.02 13:30:46.542,1.38099,1.38108,3.00,7.09
2011.02.02 13:30:46.989,1.38098,1.38103,1.50,1.09
2011.02.02 13:30:47.370,1.38096,1.38103,3.75,1.09
2011.02.02 13:30:49.251,1.38096,1.38103,2.25,4.84
2011.02.02 13:30:49.480,1.381,1.38108,1.50,3.00
2011.02.02 13:30:49.928,1.38097,1.38107,1.50,1.09
2011.02.02 13:30:50.822,1.38099,1.38106,1.50,1.09
2011.02.02 13:30:50.948,1.38097,1.38106,2.25,1.09
2011.02.02 13:30:51.066,1.38098,1.38108,1.50,5.25
2011.02.02 13:30:51.703,1.38102,1.38109,1.50,1.50
2011.02.02 13:30:52.150,1.38099,1.38107,3.75,1.50
2011.02.02 13:30:52.765,1.38097,1.38103,7.50,4.09
2011.02.02 13:30:52.889,1.38097,1.38105,2.25,1.50
2011.02.02 13:30:54.951,1.38094,1.38106,3.00,2.59
2011.02.02 13:30:55.970,1.38096,1.38102,2.25,1.50
2011.02.02 13:30:56.413,1.38092,1.38099,5.25,1.50
2011.02.02 13:30:56.537,1.38092,1.38099,1.50,1.50
2011.02.02 13:30:56.979,1.3809,1.38099,2.25,2.25
2011.02.02 13:30:57.551,1.38086,1.38095,5.25,1.50
2011.02.02 13:30:57.671,1.38088,1.38095,3.75,1.50
2011.02.02 13:30:57.788,1.38086,1.38095,1.50,1.50
2011.02.02 13:30:58.012,1.38087,1.38095,2.25,1.50
2011.02.02 13:30:58.458,1.38088,1.38097,6.00,1.50
2011.02.02 13:30:59.404,1.38089,1.38097,2.25,1.50
2011.02.02 13:31:00.631,1.38088,1.38097,6.19,1.09
2011.02.02 13:31:00.755,1.38089,1.38097,2.25,2.78
2011.02.02 13:31:00.874,1.38087,1.38096,2.25,2.78
2011.02.02 13:31:00.991,1.38089,1.38095,1.50,1.50
2011.02.02 13:31:01.400,1.38086,1.38095,3.00,1.50
2011.02.02 13:31:01.523,1.38087,1.38095,1.50,1.50
2011.02.02 13:31:01.638,1.38087,1.38095,1.50,1.50
2011.02.02 13:31:02.191,1.38087,1.38094,1.50,2.25
2011.02.02 13:31:02.734,1.38086,1.38094,1.50,6.00
2011.02.02 13:31:03.729,1.38085,1.38091,3.00,1.84
2011.02.02 13:31:04.201,1.38084,1.3809,2.25,4.50
2011.02.02 13:31:04.657,1.38084,1.38091,1.50,5.59
2011.02.02 13:31:05.208,1.38084,1.38091,1.50,4.84
2011.02.02 13:31:05.956,1.38083,1.38091,1.50,5.59
2011.02.02 13:31:06.845,1.38079,1.38087,1.50,2.12
2011.02.02 13:31:07.407,1.38078,1.38085,1.50,1.50
2011.02.02 13:31:07.966,1.38077,1.38086,1.50,1.84
2011.02.02 13:31:08.519,1.38078,1.38084,1.50,1.50
2011.02.02 13:31:09.563,1.38078,1.38084,2.25,1.50
2011.02.02 13:31:10.030,1.38072,1.38081,2.25,1.84
2011.02.02 13:31:10.579,1.38071,1.38078,2.25,2.40
2011.02.02 13:31:11.173,1.38065,1.38071,5.25,1.28
2011.02.02 13:31:11.299,1.3806,1.38069,5.25,1.50
2011.02.02 13:31:11.408,1.3806,1.38069,1.50,1.50
2011.02.02 13:31:12.588,1.38059,1.3807,4.50,4.50
2011.02.02 13:31:13.333,1.38061,1.38068,1.50,1.50
2011.02.02 13:31:13.898,1.38061,1.38067,1.50,4.50
2011.02.02 13:31:14.252,1.38063,1.38072,2.44,1.50
2011.02.02 13:31:14.892,1.38059,1.38068,5.25,1.50
2011.02.02 13:31:15.656,1.38059,1.38068,3.75,1.50
2011.02.02 13:31:15.882,1.38056,1.3806,15.19,3.75
2011.02.02 13:31:16.439,1.38054,1.3806,1.50,4.50
2011.02.02 13:31:17.334,1.3805,1.38057,1.50,1.50
2011.02.02 13:31:17.682,1.38044,1.38055,9.75,2.55
2011.02.02 13:31:18.206,1.38041,1.38049,3.00,1.50
2011.02.02 13:31:18.868,1.38039,1.38049,4.50,1.50
2011.02.02 13:31:20.503,1.38041,1.38049,2.25,1.50
2011.02.02 13:31:20.736,1.38041,1.3805,2.25,1.50
2011.02.02 13:31:21.315,1.38046,1.38053,8.82,1.50
2011.02.02 13:31:21.436,1.38041,1.38051,6.75,2.78
2011.02.02 13:31:21.553,1.38041,1.3805,5.25,2.25
2011.02.02 13:31:22.230,1.3804,1.3805,2.25,1.50
2011.02.02 13:31:22.784,1.3804,1.3805,1.50,1.50
2011.02.02 13:31:24.252,1.38043,1.38053,1.50,3.75
2011.02.02 13:31:24.811,1.38042,1.38052,6.00,1.50
2011.02.02 13:31:25.348,1.38044,1.38052,1.50,1.50
2011.02.02 13:31:26.330,1.38047,1.38052,3.00,1.50
2011.02.02 13:31:26.461,1.38042,1.38051,2.25,1.50
2011.02.02 13:31:26.694,1.38042,1.38053,2.25,5.25
2011.02.02 13:31:26.919,1.38044,1.38053,2.25,1.50
2011.02.02 13:31:27.938,1.38042,1.38053,5.25,1.50
2011.02.02 13:31:28.499,1.38044,1.38053,2.25,2.25
2011.02.02 13:31:28.832,1.38047,1.38054,1.50,1.50
2011.02.02 13:31:29.308,1.3805,1.3806,1.50,1.50
2011.02.02 13:31:31.528,1.38049,1.38059,3.75,1.50
2011.02.02 13:31:32.200,1.38047,1.38053,11.25,2.27
2011.02.02 13:31:32.768,1.38048,1.38057,1.50,3.62
2011.02.02 13:31:32.885,1.38048,1.38058,2.44,3.75
2011.02.02 13:31:33.437,1.38049,1.38059,2.25,2.25
2011.02.02 13:31:34.908,1.38049,1.38059,2.25,2.25
2011.02.02 13:31:35.694,1.38049,1.38059,2.25,2.25
2011.02.02 13:31:37.049,1.38049,1.38059,3.00,1.84
2011.02.02 13:31:37.388,1.38046,1.38052,1.50,1.50
2011.02.02 13:31:37.609,1.3804,1.3805,5.25,1.50
2011.02.02 13:31:38.137,1.38039,1.38049,1.50,3.00
2011.02.02 13:31:39.364,1.38039,1.38047,3.75,1.09
2011.02.02 13:31:39.713,1.38037,1.38043,4.50,5.03
2011.02.02 13:31:40.166,1.38034,1.38041,14.44,1.09
2011.02.02 13:31:40.294,1.38037,1.38042,4.50,3.75
2011.02.02 13:31:40.414,1.38039,1.38046,1.50,1.09
2011.02.02 13:31:40.943,1.38037,1.38046,2.25,1.09
2011.02.02 13:31:42.841,1.38037,1.38047,2.25,1.50
2011.02.02 13:31:43.397,1.38038,1.38049,1.50,2.25
2011.02.02 13:31:43.959,1.38039,1.38049,3.00,1.50
2011.02.02 13:31:48.119,1.38041,1.3805,2.25,1.50
2011.02.02 13:31:48.787,1.38043,1.38051,6.00,1.50
2011.02.02 13:31:48.907,1.38045,1.38051,1.50,3.75
2011.02.02 13:31:49.494,1.38046,1.38051,1.50,7.50
2011.02.02 13:31:49.606,1.38045,1.38054,1.50,1.09
2011.02.02 13:31:51.820,1.38051,1.38061,2.25,1.84
2011.02.02 13:31:51.940,1.38051,1.38061,1.50,1.84
2011.02.02 13:31:52.501,1.38052,1.38061,3.75,1.50
2011.02.02 13:31:52.994,1.38053,1.38057,1.50,1.09
2011.02.02 13:31:53.672,1.38047,1.38053,1.50,1.50
2011.02.02 13:31:53.795,1.38046,1.38056,2.25,2.59
2011.02.02 13:31:54.482,1.38048,1.38058,4.50,4.50
2011.02.02 13:31:54.609,1.38049,1.38061,5.25,2.59
2011.02.02 13:31:55.933,1.38048,1.38056,6.00,1.09
2011.02.02 13:31:56.508,1.38045,1.38053,4.50,2.25
2011.02.02 13:31:57.728,1.38049,1.38059,1.50,2.25
2011.02.02 13:32:00.075,1.38049,1.38059,1.50,1.50
2011.02.02 13:32:00.206,1.38057,1.38065,3.75,2.40
2011.02.02 13:32:00.627,1.38055,1.38065,2.25,3.15
2011.02.02 13:32:00.973,1.38053,1.3806,1.50,1.50
2011.02.02 13:32:01.425,1.38049,1.38059,5.25,1.50
2011.02.02 13:32:01.879,1.38049,1.38053,5.25,1.37
2011.02.02 13:32:02.341,1.38044,1.38051,2.25,1.09
2011.02.02 13:32:04.851,1.3804,1.3805,1.50,1.50
2011.02.02 13:32:05.406,1.38042,1.38051,1.50,1.50
2011.02.02 13:32:05.851,1.3804,1.38051,7.13,2.59
2011.02.02 13:32:06.514,1.38039,1.38051,2.25,3.34
2011.02.02 13:32:07.291,1.38041,1.38051,1.69,3.34
2011.02.02 13:32:07.848,1.38048,1.38056,1.50,1.50
2011.02.02 13:32:07.963,1.38047,1.38056,2.25,1.50
2011.02.02 13:32:08.081,1.38047,1.38054,2.25,1.50
2011.02.02 13:32:08.633,1.38049,1.38057,1.50,3.75
2011.02.02 13:32:08.754,1.38049,1.38059,3.00,2.25
2011.02.02 13:32:09.090,1.38052,1.38059,1.50,2.25
2011.02.02 13:32:09.578,1.38057,1.38063,1.69,7.50
2011.02.02 13:32:09.824,1.38062,1.38071,2.44,4.84
2011.02.02 13:32:11.157,1.38064,1.38073,1.50,3.96
2011.02.02 13:32:11.281,1.3806,1.3807,1.69,5.63
2011.02.02 13:32:11.404,1.38064,1.38071,4.50,2.22
2011.02.02 13:32:11.524,1.38064,1.38071,5.25,1.50
2011.02.02 13:32:11.993,1.38068,1.38076,1.50,1.09
2011.02.02 13:32:13.640,1.38069,1.38077,1.50,2.25
2011.02.02 13:32:13.870,1.38069,1.38079,6.00,3.00
2011.02.02 13:32:14.102,1.38069,1.38076,4.50,1.09
2011.02.02 13:32:14.644,1.38068,1.38076,1.50,1.84
2011.02.02 13:32:15.539,1.38066,1.38076,1.50,6.34
2011.02.02 13:32:16.007,1.38064,1.38071,6.00,1.09
2011.02.02 13:32:16.129,1.38062,1.38073,6.19,1.50
2011.02.02 13:32:16.350,1.38062,1.38073,6.19,2.25
2011.02.02 13:32:16.693,1.38062,1.38071,4.50,1.84
2011.02.02 13:32:17.246,1.3806,1.3807,1.50,1.50
2011.02.02 13:32:17.800,1.38059,1.3807,2.25,1.50
2011.02.02 13:32:18.580,1.38059,1.3807,2.25,2.25
2011.02.02 13:32:20.237,1.38059,1.38068,1.50,1.50
2011.02.02 13:32:20.738,1.38059,1.38068,1.50,1.50
2011.02.02 13:32:21.179,1.38058,1.38067,1.50,1.37
2011.02.02 13:32:21.646,1.38057,1.38066,2.25,2.03
2011.02.02 13:32:22.091,1.38057,1.38068,3.00,6.00
2011.02.02 13:32:22.766,1.38059,1.38069,1.50,1.50
2011.02.02 13:32:23.768,1.38059,1.3807,1.50,3.75
2011.02.02 13:32:24.332,1.3806,1.38071,3.75,4.28
2011.02.02 13:32:24.561,1.38062,1.38069,1.50,1.50
2011.02.02 13:32:25.144,1.3806,1.38068,2.25,1.50
2011.02.02 13:32:30.562,1.38057,1.38066,3.00,1.28
2011.02.02 13:32:31.166,1.38059,1.38068,2.25,2.25
2011.02.02 13:32:32.049,1.3806,1.38069,1.50,3.75
2011.02.02 13:32:32.724,1.3806,1.38071,1.50,7.28
2011.02.02 13:32:37.491,1.38059,1.38071,3.00,7.28
2011.02.02 13:32:38.425,1.38059,1.3807,2.25,2.25
2011.02.02 13:32:38.978,1.38059,1.3807,2.25,3.00
2011.02.02 13:32:39.528,1.38059,1.3807,2.25,3.75
2011.02.02 13:32:45.931,1.38067,1.38073,2.44,17.59
2011.02.02 13:32:46.176,1.38067,1.38078,3.94,2.40
2011.02.02 13:32:46.625,1.38073,1.38081,2.25,8.25
2011.02.02 13:32:46.851,1.38075,1.38084,1.50,1.50
2011.02.02 13:32:47.333,1.38076,1.38086,1.50,3.34
2011.02.02 13:32:48.149,1.38076,1.38086,1.50,3.34
2011.02.02 13:32:48.665,1.38079,1.38086,4.50,2.25
2011.02.02 13:32:49.002,1.38079,1.38088,5.25,1.50
2011.02.02 13:32:50.320,1.38079,1.38087,3.00,1.84
2011.02.02 13:32:50.860,1.38079,1.38086,2.25,1.84
2011.02.02 13:32:50.979,1.38073,1.38081,1.50,1.50
2011.02.02 13:32:51.530,1.38072,1.3808,5.25,1.50
2011.02.02 13:32:52.101,1.38072,1.38082,6.00,2.25
2011.02.02 13:32:53.661,1.38073,1.38082,2.25,1.50
2011.02.02 13:32:54.250,1.38077,1.38088,4.50,6.00
2011.02.02 13:32:54.579,1.38079,1.38088,2.25,1.50
2011.02.02 13:32:55.501,1.38079,1.38088,3.00,1.50
2011.02.02 13:32:58.910,1.38079,1.3809,3.00,2.25
2011.02.02 13:33:04.449,1.38079,1.3809,3.75,1.50
2011.02.02 13:33:05.046,1.38079,1.3809,3.00,2.25
2011.02.02 13:33:05.391,1.38079,1.3809,2.25,2.25
2011.02.02 13:33:05.619,1.38079,1.3809,3.75,2.25
2011.02.02 13:33:07.591,1.38079,1.3809,4.50,1.50
2011.02.02 13:33:08.146,1.38079,1.3809,3.75,1.50
2011.02.02 13:33:09.182,1.38079,1.3809,3.75,1.50
2011.02.02 13:33:09.520,1.38079,1.38086,3.00,1.28
2011.02.02 13:33:10.379,1.38077,1.38086,6.00,1.84
2011.02.02 13:33:11.999,1.38069,1.3808,4.50,1.50
2011.02.02 13:33:13.679,1.38069,1.38079,4.50,2.25
2011.02.02 13:33:14.122,1.38069,1.38079,4.50,2.40
2011.02.02 13:33:14.540,1.38067,1.38074,9.19,1.50
2011.02.02 13:33:14.665,1.38066,1.38073,6.75,2.03
2011.02.02 13:33:15.232,1.38066,1.38071,7.50,2.25
2011.02.02 13:33:15.360,1.38065,1.38071,1.50,1.50
2011.02.02 13:33:15.689,1.38062,1.38072,6.00,2.25
2011.02.02 13:33:16.361,1.38061,1.38071,6.00,1.50
2011.02.02 13:33:16.479,1.38061,1.3807,1.50,1.84
2011.02.02 13:33:17.039,1.38059,1.38069,1.50,1.84
2011.02.02 13:33:17.275,1.38059,1.38067,2.44,6.08
2011.02.02 13:33:17.740,1.3806,1.38064,2.25,1.09
2011.02.02 13:33:17.861,1.38055,1.38066,2.25,2.03
2011.02.02 13:33:18.623,1.38054,1.38065,1.50,2.03
2011.02.02 13:33:18.852,1.38054,1.38064,2.25,3.21
2011.02.02 13:33:19.572,1.38053,1.38063,8.44,2.25
2011.02.02 13:33:20.235,1.38053,1.38061,2.25,2.25
2011.02.02 13:33:20.359,1.38051,1.3806,1.50,1.84
2011.02.02 13:33:21.144,1.38049,1.38059,1.50,1.50
2011.02.02 13:33:21.385,1.38042,1.38052,6.19,2.25
2011.02.02 13:33:22.276,1.38047,1.38053,1.50,1.50
2011.02.02 13:33:22.395,1.38049,1.38056,2.25,3.00
2011.02.02 13:33:22.620,1.38049,1.38058,2.25,1.50
2011.02.02 13:33:27.956,1.38049,1.38056,3.00,2.93
2011.02.02 13:33:28.072,1.38047,1.38056,2.25,3.68
2011.02.02 13:33:28.196,1.38046,1.38054,1.50,1.50
2011.02.02 13:33:29.146,1.38052,1.38059,1.50,6.19
2011.02.02 13:33:29.268,1.38052,1.38057,1.50,3.75
2011.02.02 13:33:29.386,1.38052,1.38058,1.50,1.50
2011.02.02 13:33:29.933,1.38052,1.38061,3.00,2.25
2011.02.02 13:33:30.588,1.38052,1.38061,3.00,2.25
2011.02.02 13:33:31.196,1.38052,1.38061,3.00,2.25
2011.02.02 13:33:32.420,1.3805,1.38061,1.88,3.34
2011.02.02 13:33:32.533,1.38049,1.38058,3.75,1.69
2011.02.02 13:33:33.283,1.38049,1.38059,3.75,1.50
2011.02.02 13:33:35.071,1.38049,1.38059,3.75,2.25
2011.02.02 13:33:41.711,1.38052,1.38059,1.50,1.50
2011.02.02 13:33:41.952,1.38059,1.38064,1.50,1.50
2011.02.02 13:33:42.547,1.38059,1.3807,3.00,1.50
2011.02.02 13:33:43.339,1.38059,1.38068,3.00,1.50
2011.02.02 13:33:43.458,1.38059,1.38069,3.75,2.25
2011.02.02 13:33:44.010,1.38059,1.3807,5.25,1.50
2011.02.02 13:33:44.660,1.38067,1.38072,2.44,1.09
2011.02.02 13:33:45.411,1.38068,1.38077,1.50,2.12
2011.02.02 13:33:45.538,1.38066,1.38071,1.50,1.84
2011.02.02 13:33:45.884,1.38062,1.38071,1.50,2.59
2011.02.02 13:33:46.539,1.38061,1.38071,2.25,2.59
2011.02.02 13:33:47.432,1.38061,1.38069,1.50,1.50
2011.02.02 13:33:47.990,1.38061,1.38069,1.50,1.50
2011.02.02 13:33:49.760,1.38061,1.38071,2.25,3.53
2011.02.02 13:33:50.268,1.38061,1.38069,2.25,1.50
2011.02.02 13:33:50.496,1.38062,1.38071,1.50,2.78
2011.02.02 13:33:51.853,1.38061,1.3807,2.25,1.50
2011.02.02 13:33:52.411,1.38061,1.38071,3.00,2.03
2011.02.02 13:33:53.184,1.38062,1.38071,1.50,1.09
2011.02.02 13:33:53.531,1.38065,1.38075,1.50,1.50
2011.02.02 13:33:53.872,1.38065,1.38076,1.50,2.59
2011.02.02 13:33:54.414,1.38065,1.38076,1.50,1.84
2011.02.02 13:33:54.873,1.38069,1.38078,1.50,1.50
2011.02.02 13:33:54.993,1.38069,1.3808,1.50,3.00
2011.02.02 13:33:55.771,1.38065,1.38071,3.75,2.78
2011.02.02 13:33:55.892,1.3806,1.3807,1.50,1.50
2011.02.02 13:33:56.016,1.38059,1.38067,2.25,1.50
2011.02.02 13:33:56.562,1.38058,1.38067,1.50,1.50
2011.02.02 13:33:57.014,1.3806,1.38069,3.45,1.50
2011.02.02 13:33:57.134,1.38063,1.3807,4.50,1.88
2011.02.02 13:33:57.254,1.38067,1.38073,1.50,5.63
2011.02.02 13:33:57.770,1.38067,1.38076,4.50,1.84
2011.02.02 13:33:58.561,1.38068,1.38076,1.50,4.84
2011.02.02 13:33:59.110,1.38068,1.38076,1.50,4.84
2011.02.02 13:33:59.736,1.38068,1.38076,1.50,4.84
2011.02.02 13:34:01.624,1.38069,1.3808,1.50,1.50
2011.02.02 13:34:01.741,1.3807,1.38081,1.50,2.59
2011.02.02 13:34:03.636,1.38068,1.38079,4.50,2.25
2011.02.02 13:34:04.844,1.38067,1.38076,1.50,1.09
2011.02.02 13:34:05.187,1.38069,1.38079,6.94,1.50
2011.02.02 13:34:05.551,1.3807,1.38079,4.69,1.50
2011.02.02 13:34:05.683,1.38079,1.38083,1.50,1.50
2011.02.02 13:34:05.805,1.38079,1.38087,1.50,1.50
2011.02.02 13:34:05.922,1.38079,1.3809,2.25,3.00
2011.02.02 13:34:06.523,1.38082,1.3809,1.50,1.50
2011.02.02 13:34:06.645,1.38082,1.38091,1.50,6.34
2011.02.02 13:34:06.763,1.3808,1.38091,2.25,6.34
2011.02.02 13:34:07.860,1.3808,1.3809,2.25,1.50
2011.02.02 13:34:08.189,1.38079,1.3809,2.25,3.00
2011.02.02 13:34:08.740,1.38082,1.38089,1.50,1.50
2011.02.02 13:34:09.198,1.3808,1.3809,1.50,1.50
2011.02.02 13:34:09.642,1.38079,1.38086,3.00,4.50
2011.02.02 13:34:10.212,1.38075,1.38081,3.75,2.03
2011.02.02 13:34:10.326,1.3807,1.38081,2.25,2.78
2011.02.02 13:34:10.986,1.38069,1.3808,6.00,1.50
2011.02.02 13:34:11.211,1.38069,1.3808,5.25,3.75
2011.02.02 13:34:11.949,1.38069,1.38078,5.25,2.12
2011.02.02 13:34:12.402,1.38066,1.38075,2.25,1.50
2011.02.02 13:34:12.840,1.38063,1.38073,3.75,1.50
2011.02.02 13:34:13.175,1.38062,1.38071,4.50,1.84
2011.02.02 13:34:13.731,1.38061,1.38071,2.25,1.09
2011.02.02 13:34:14.312,1.38063,1.38072,1.69,1.50
2011.02.02 13:34:14.872,1.38062,1.3807,3.75,1.50
2011.02.02 13:34:15.329,1.38059,1.38063,4.59,1.50
2011.02.02 13:34:15.450,1.38056,1.38066,1.50,1.09
2011.02.02 13:34:15.560,1.38056,1.38066,2.25,1.09
2011.02.02 13:34:15.670,1.38056,1.38066,2.25,2.59
2011.02.02 13:34:15.891,1.38064,1.38068,3.75,2.78
2011.02.02 13:34:16.511,1.38064,1.38071,1.50,1.09
2011.02.02 13:34:16.632,1.38061,1.38071,1.50,1.84
2011.02.02 13:34:17.410,1.38061,1.38071,1.50,2.59
2011.02.02 13:34:17.960,1.38061,1.38071,1.50,2.59
2011.02.02 13:34:18.512,1.38062,1.38066,5.44,3.75
2011.02.02 13:34:18.977,1.38056,1.38063,12.94,1.09
2011.02.02 13:34:19.101,1.38051,1.38062,2.25,1.09
2011.02.02 13:34:19.740,1.38051,1.3806,1.50,9.75
2011.02.02 13:34:20.083,1.38054,1.38064,1.50,1.50
2011.02.02 13:34:20.201,1.38054,1.38064,2.25,1.50
2011.02.02 13:34:20.314,1.38054,1.38066,3.00,3.34
2011.02.02 13:34:21.103,1.38055,1.38061,1.50,1.09
2011.02.02 13:34:22.335,1.3805,1.38061,1.50,2.59
2011.02.02 13:34:22.561,1.38052,1.38061,1.50,1.89
2011.02.02 13:34:23.147,1.3805,1.38061,1.50,2.59
2011.02.02 13:34:23.702,1.38051,1.38061,1.50,1.84
2011.02.02 13:34:23.821,1.38051,1.38061,2.25,1.09
2011.02.02 13:34:23.941,1.3805,1.38061,1.50,1.84
2011.02.02 13:34:24.485,1.3805,1.3806,1.50,1.50
2011.02.02 13:34:24.931,1.38048,1.38059,4.69,1.50
2011.02.02 13:34:25.054,1.38049,1.3806,2.25,5.25
2011.02.02 13:34:25.176,1.38049,1.38056,1.50,5.44
2011.02.02 13:34:25.613,1.38047,1.38051,3.75,1.28
2011.02.02 13:34:25.737,1.38042,1.38051,2.25,1.28
2011.02.02 13:34:26.070,1.38041,1.38051,2.25,2.03
2011.02.02 13:34:26.972,1.38041,1.38047,2.25,1.37
2011.02.02 13:34:27.554,1.38037,1.38043,1.49,1.50
2011.02.02 13:34:27.679,1.38032,1.38042,2.24,4.09
2011.02.02 13:34:29.498,1.38034,1.38042,1.50,4.09
2011.02.02 13:34:29.935,1.38032,1.38042,2.25,5.59
2011.02.02 13:34:30.494,1.38034,1.38041,1.50,1.28
2011.02.02 13:34:30.934,1.38034,1.38041,1.50,1.28
2011.02.02 13:34:32.455,1.38032,1.38036,1.50,3.75
2011.02.02 13:34:32.578,1.38028,1.38036,2.25,4.88
2011.02.02 13:34:32.693,1.38027,1.38032,2.25,3.75
2011.02.02 13:34:33.164,1.38021,1.38032,1.50,7.71
2011.02.02 13:34:34.184,1.3802,1.38026,2.25,3.75
2011.02.02 13:34:34.543,1.3802,1.38024,4.50,1.37
2011.02.02 13:34:34.923,1.38017,1.38025,8.25,1.37
2011.02.02 13:34:35.051,1.38016,1.38023,3.75,1.50
2011.02.02 13:34:35.822,1.38014,1.38023,1.50,4.84
2011.02.02 13:34:35.948,1.38013,1.38023,1.50,1.84
2011.02.02 13:34:36.587,1.38011,1.38023,1.50,1.84
2011.02.02 13:34:36.705,1.38011,1.38022,4.50,4.50
2011.02.02 13:34:37.261,1.3801,1.38021,4.50,6.00
2011.02.02 13:34:37.999,1.38009,1.3802,2.25,1.88
2011.02.02 13:34:39.012,1.38008,1.38019,1.40,2.25
2011.02.02 13:34:39.913,1.38007,1.38017,1.50,2.59
2011.02.02 13:34:40.356,1.38006,1.38015,3.75,2.03
2011.02.02 13:34:40.921,1.38004,1.38014,7.50,1.13
2011.02.02 13:34:42.664,1.38004,1.38012,6.00,1.37
2011.02.02 13:34:43.024,1.38001,1.38012,7.50,1.88
2011.02.02 13:34:43.910,1.37999,1.38003,1.50,7.89
2011.02.02 13:34:44.144,1.38,1.38011,1.50,2.78
2011.02.02 13:34:44.703,1.38002,1.38011,1.50,2.03
2011.02.02 13:34:44.830,1.38007,1.38013,1.50,1.84
2011.02.02 13:34:44.945,1.38007,1.38013,1.50,1.50
2011.02.02 13:34:45.392,1.38009,1.38016,2.25,2.59
2011.02.02 13:34:45.953,1.38009,1.38018,5.25,1.50
2011.02.02 13:34:46.396,1.38011,1.38021,2.25,1.09
2011.02.02 13:34:46.514,1.38011,1.38019,1.50,1.50
2011.02.02 13:34:46.740,1.38011,1.38021,2.25,1.09
2011.02.02 13:34:47.680,1.3801,1.3802,1.50,2.25
2011.02.02 13:34:48.123,1.38007,1.38013,16.98,1.09
2011.02.02 13:34:48.665,1.38008,1.38015,1.50,4.09
2011.02.02 13:34:48.791,1.38008,1.38013,1.50,1.50
2011.02.02 13:34:48.911,1.38007,1.38015,1.50,3.75
2011.02.02 13:34:49.520,1.38009,1.38018,1.50,4.50
2011.02.02 13:34:50.080,1.38009,1.38019,3.00,1.50
2011.02.02 13:34:50.945,1.3801,1.38021,1.50,2.78
2011.02.02 13:34:51.501,1.3801,1.38021,1.50,2.78
2011.02.02 13:34:52.064,1.38013,1.38021,1.69,2.25
2011.02.02 13:34:52.410,1.38014,1.38025,1.50,3.75
2011.02.02 13:34:52.831,1.38015,1.38025,1.50,1.50
2011.02.02 13:34:52.958,1.38016,1.38026,1.50,7.09
2011.02.02 13:34:53.711,1.38018,1.38026,1.50,7.09
2011.02.02 13:34:54.602,1.38018,1.38024,1.50,1.50
2011.02.02 13:34:54.944,1.38016,1.38023,2.25,1.09
2011.02.02 13:34:56.058,1.38012,1.38021,6.19,1.50
2011.02.02 13:34:56.178,1.38013,1.38023,1.50,1.50
2011.02.02 13:34:56.509,1.38014,1.38024,2.25,2.25
2011.02.02 13:34:57.063,1.38015,1.38024,1.50,2.25
2011.02.02 13:34:57.474,1.38014,1.38023,1.50,1.09
2011.02.02 13:34:57.598,1.38012,1.38021,1.50,1.09
2011.02.02 13:34:57.931,1.38017,1.38023,2.44,9.75
2011.02.02 13:34:58.163,1.38015,1.38021,1.50,1.09
2011.02.02 13:34:58.279,1.38013,1.38022,1.50,5.44
2011.02.02 13:34:58.731,1.38019,1.38026,1.50,4.24
2011.02.02 13:34:58.858,1.38024,1.3803,1.50,1.50
2011.02.02 13:34:58.972,1.38024,1.38031,2.44,3.00
2011.02.02 13:34:59.527,1.38026,1.38036,1.50,3.34
2011.02.02 13:34:59.645,1.38026,1.38036,2.25,3.00
2011.02.02 13:34:59.766,1.38029,1.38036,1.50,2.25
2011.02.02 13:35:00.784,1.38026,1.38033,1.50,1.50
2011.02.02 13:35:01.133,1.38025,1.38033,9.00,1.50
2011.02.02 13:35:01.260,1.38023,1.38031,1.50,2.59
2011.02.02 13:35:01.371,1.38021,1.38031,1.50,4.09
2011.02.02 13:35:02.046,1.3802,1.38031,1.50,4.09
2011.02.02 13:35:02.601,1.38019,1.38029,6.75,1.50
2011.02.02 13:35:03.899,1.3802,1.38031,1.50,4.09
2011.02.02 13:35:05.981,1.38021,1.38031,1.50,2.59
2011.02.02 13:35:06.097,1.38022,1.38031,1.50,1.84
2011.02.02 13:35:06.212,1.3802,1.38031,5.63,1.84
2011.02.02 13:35:07.797,1.38019,1.38029,1.50,1.84
2011.02.02 13:35:08.558,1.38013,1.38022,1.69,2.25
2011.02.02 13:35:08.893,1.38016,1.38022,1.50,1.50
2011.02.02 13:35:09.013,1.38019,1.38027,2.25,2.25
2011.02.02 13:35:09.133,1.38016,1.38026,1.50,1.84
2011.02.02 13:35:09.698,1.3802,1.3803,1.50,4.50
2011.02.02 13:35:09.812,1.38023,1.38032,1.50,1.50
2011.02.02 13:35:11.452,1.38024,1.38035,3.75,2.24
2011.02.02 13:35:11.571,1.38025,1.38036,1.50,4.09
2011.02.02 13:35:12.142,1.38025,1.38035,1.50,1.50
2011.02.02 13:35:12.480,1.38025,1.38033,1.69,1.84
2011.02.02 13:35:13.036,1.3802,1.38031,2.25,1.84
2011.02.02 13:35:13.898,1.3802,1.38031,2.25,2.59
2011.02.02 13:35:16.085,1.38021,1.38031,3.75,1.50
2011.02.02 13:35:16.210,1.38025,1.38033,1.50,1.50
2011.02.02 13:35:16.879,1.38023,1.38033,3.94,2.25
2011.02.02 13:35:17.552,1.38024,1.38033,1.50,1.50
2011.02.02 13:35:18.159,1.38022,1.38031,1.50,1.09
2011.02.02 13:35:20.892,1.3802,1.38031,2.25,2.59
2011.02.02 13:35:21.472,1.3802,1.3803,1.50,1.50
2011.02.02 13:35:23.133,1.38021,1.38031,1.50,1.09
2011.02.02 13:35:23.802,1.38025,1.38033,1.50,1.50
2011.02.02 13:35:23.924,1.38029,1.38038,3.19,1.50
2011.02.02 13:35:24.799,1.3803,1.38039,1.50,1.50
2011.02.02 13:35:25.790,1.38032,1.38039,1.50,1.50
2011.02.02 13:35:26.370,1.38032,1.38041,1.50,6.00
2011.02.02 13:35:27.293,1.38033,1.38039,9.75,1.50
2011.02.02 13:35:27.524,1.38029,1.38039,6.94,1.50
2011.02.02 13:35:28.105,1.38029,1.38039,6.94,1.50
2011.02.02 13:35:29.172,1.38029,1.38037,5.25,1.69
2011.02.02 13:35:29.512,1.38025,1.38036,5.25,2.25
2011.02.02 13:35:30.031,1.38025,1.38035,4.50,1.50
2011.02.02 13:35:30.583,1.38027,1.38036,1.50,2.25
2011.02.02 13:35:31.147,1.38029,1.38039,2.25,2.25
2011.02.02 13:35:31.702,1.38028,1.38037,1.50,1.50
2011.02.02 13:35:32.702,1.38029,1.38037,2.25,1.50
2011.02.02 13:35:37.066,1.38029,1.3804,3.94,1.50
2011.02.02 13:35:40.771,1.3803,1.3804,1.50,4.50
2011.02.02 13:35:41.000,1.38033,1.38041,2.44,1.50
2011.02.02 13:35:41.111,1.38033,1.38043,2.44,5.25
2011.02.02 13:35:41.340,1.38037,1.38043,1.69,5.25
2011.02.02 13:35:41.932,1.38034,1.38043,3.19,2.25
2011.02.02 13:35:43.085,1.3803,1.3804,3.00,4.50
2011.02.02 13:35:45.178,1.3803,1.3804,1.50,4.50
2011.02.02 13:35:45.510,1.38032,1.38042,3.19,2.25
2011.02.02 13:35:52.823,1.38039,1.38045,1.50,6.10
2011.02.02 13:35:53.053,1.38032,1.3804,1.05,3.75
2011.02.02 13:35:53.172,1.38032,1.3804,1.50,3.75
2011.02.02 13:35:53.292,1.38032,1.3804,1.69,3.75
2011.02.02 13:35:53.810,1.38032,1.38042,3.19,1.50
2011.02.02 13:35:54.810,1.38029,1.3804,4.50,5.25
2011.02.02 13:35:57.191,1.38029,1.38034,2.44,1.50
2011.02.02 13:35:57.311,1.38027,1.38032,3.75,1.50
2011.02.02 13:35:57.432,1.38025,1.3803,1.50,3.75
2011.02.02 13:35:57.553,1.3802,1.3803,2.25,3.75
2011.02.02 13:35:57.932,1.38022,1.38032,6.94,3.38
2011.02.02 13:35:58.722,1.38022,1.3803,4.50,5.25
2011.02.02 13:36:00.651,1.38019,1.38029,3.19,1.50
2011.02.02 13:36:02.352,1.38019,1.38029,3.19,1.50
2011.02.02 13:36:02.694,1.38021,1.38028,1.50,1.13
2011.02.02 13:36:03.432,1.38018,1.38028,1.50,1.50
2011.02.02 13:36:03.952,1.38017,1.38026,3.19,1.50
2011.02.02 13:36:04.662,1.38016,1.38024,5.44,1.50
2011.02.02 13:36:05.113,1.38015,1.38023,4.50,5.25
2011.02.02 13:36:05.237,1.38014,1.38021,2.25,1.50
2011.02.02 13:36:05.870,1.38012,1.3802,3.00,1.50
2011.02.02 13:36:08.682,1.38011,1.38019,2.44,1.50
2011.02.02 13:36:09.027,1.38005,1.38012,5.25,6.00
2011.02.02 13:36:09.469,1.38004,1.38011,1.50,1.84
2011.02.02 13:36:09.590,1.38,1.3801,1.13,4.88
2011.02.02 13:36:09.700,1.38,1.38007,1.13,1.50
2011.02.02 13:36:10.510,1.37998,1.38007,3.94,1.50
2011.02.02 13:36:11.171,1.38,1.3801,1.50,4.50
2011.02.02 13:36:11.282,1.38002,1.3801,1.50,3.75
2011.02.02 13:36:11.510,1.38003,1.38013,2.44,3.00
2011.02.02 13:36:12.541,1.38004,1.38015,2.25,2.40
2011.02.02 13:36:13.328,1.38004,1.38014,1.50,1.50
2011.02.02 13:36:14.643,1.38005,1.38015,1.50,1.88
2011.02.02 13:36:17.299,1.38005,1.38015,1.50,1.69
2011.02.02 13:36:18.081,1.38005,1.3801,1.50,3.75
2011.02.02 13:36:18.197,1.38003,1.3801,1.50,3.75
2011.02.02 13:36:19.320,1.37998,1.38006,1.50,1.09
2011.02.02 13:36:19.431,1.37999,1.3801,1.50,9.38
2011.02.02 13:36:19.557,1.37997,1.38006,9.00,1.50
2011.02.02 13:36:20.512,1.37998,1.38006,1.50,1.84
2011.02.02 13:36:21.483,1.37995,1.38004,3.75,1.05
2011.02.02 13:36:21.601,1.37995,1.38004,3.00,1.05
2011.02.02 13:36:21.724,1.37994,1.38003,1.50,24.20
2011.02.02 13:36:22.309,1.37992,1.38002,1.50,7.09
2011.02.02 13:36:22.957,1.37991,1.38001,1.50,3.75
2011.02.02 13:36:23.858,1.3799,1.38,1.50,4.50
2011.02.02 13:36:24.080,1.37989,1.37999,1.50,4.50
2011.02.02 13:36:24.738,1.37988,1.37998,1.50,4.50
2011.02.02 13:36:25.715,1.37987,1.37997,1.50,4.50
2011.02.02 13:36:26.711,1.37986,1.37995,1.50,1.50
2011.02.02 13:36:27.257,1.37979,1.3799,1.50,6.75
2011.02.02 13:36:27.376,1.37979,1.3799,1.50,5.25
2011.02.02 13:36:29.221,1.37978,1.37986,2.44,4.58
2011.02.02 13:36:29.341,1.3798,1.37986,1.50,3.83
2011.02.02 13:36:29.831,1.37975,1.3798,7.50,1.50
2011.02.02 13:36:29.948,1.37969,1.37978,6.00,4.70
2011.02.02 13:36:30.717,1.37969,1.37976,4.50,4.70
2011.02.02 13:36:31.844,1.37969,1.37976,7.50,4.70
2011.02.02 13:36:31.963,1.3797,1.37978,1.50,4.70
2011.02.02 13:36:32.519,1.37969,1.37978,6.75,4.70
2011.02.02 13:36:32.829,1.37969,1.37976,6.75,4.50
2011.02.02 13:36:33.289,1.37967,1.37972,11.25,1.36
2011.02.02 13:36:33.415,1.37964,1.37976,2.25,2.03
2011.02.02 13:36:33.756,1.37967,1.37976,2.25,3.00
2011.02.02 13:36:34.505,1.37967,1.37971,13.13,1.09
2011.02.02 13:36:34.746,1.37962,1.37971,2.25,1.09
2011.02.02 13:36:35.295,1.37966,1.37974,2.82,3.75
2011.02.02 13:36:35.416,1.37969,1.37979,1.50,1.50
2011.02.02 13:36:35.530,1.37969,1.37979,1.50,1.50
2011.02.02 13:36:36.386,1.37969,1.37979,3.00,1.50
2011.02.02 13:36:36.831,1.3797,1.37981,1.50,2.78
2011.02.02 13:36:37.789,1.37977,1.37982,1.69,3.34
2011.02.02 13:36:38.069,1.37978,1.37983,5.03,7.50
2011.02.02 13:36:38.528,1.37979,1.37984,1.50,10.13
2011.02.02 13:36:39.433,1.3798,1.37986,2.25,2.25
2011.02.02 13:36:40.318,1.37981,1.37987,2.33,4.43
2011.02.02 13:36:41.042,1.3798,1.3799,4.50,4.05
2011.02.02 13:36:41.161,1.37981,1.37991,5.25,3.68
2011.02.02 13:36:42.006,1.37981,1.37992,2.25,2.03
2011.02.02 13:36:43.472,1.37982,1.37993,3.75,1.50
2011.02.02 13:36:43.907,1.37985,1.37993,25.69,1.09
2011.02.02 13:36:45.152,1.3799,1.38001,2.33,2.78
2011.02.02 13:36:45.383,1.37989,1.38001,6.75,3.53
2011.02.02 13:36:46.373,1.3799,1.37999,4.50,1.50
2011.02.02 13:36:48.813,1.37989,1.37999,6.75,1.50
2011.02.02 13:36:50.308,1.3799,1.37999,3.75,1.50
2011.02.02 13:36:56.502,1.37986,1.37995,1.50,1.50
2011.02.02 13:36:57.157,1.37986,1.37996,1.50,2.59
2011.02.02 13:36:57.942,1.37987,1.37996,2.25,1.84
2011.02.02 13:36:58.385,1.37991,1.37995,4.50,13.13
2011.02.02 13:36:59.303,1.3799,1.37998,2.25,1.69
2011.02.02 13:37:03.056,1.37992,1.37998,1.50,1.50
2011.02.02 13:37:03.970,1.37993,1.38,1.50,4.50
2011.02.02 13:37:04.752,1.37993,1.38001,4.50,1.58
2011.02.02 13:37:04.873,1.37995,1.38001,5.33,1.50
2011.02.02 13:37:05.210,1.37994,1.38004,5.33,2.25
2011.02.02 13:37:05.629,1.37996,1.38004,1.58,2.25
2011.02.02 13:37:06.178,1.37997,1.38005,1.50,2.25
2011.02.02 13:37:09.386,1.37999,1.38004,1.69,5.25
2011.02.02 13:37:09.628,1.37999,1.38006,2.59,12.00
2011.02.02 13:37:09.745,1.38001,1.38007,2.33,1.50
2011.02.02 13:37:10.325,1.38002,1.38008,4.50,1.24
2011.02.02 13:37:10.556,1.38002,1.38011,1.65,1.09
2011.02.02 13:37:11.430,1.38003,1.38013,1.58,1.54
2011.02.02 13:37:13.433,1.38007,1.38011,3.75,4.20
2011.02.02 13:37:13.553,1.38006,1.38014,7.88,1.20
2011.02.02 13:37:13.895,1.38007,1.38016,2.33,1.09
2011.02.02 13:37:15.756,1.38007,1.38017,1.88,1.95
2011.02.02 13:37:15.874,1.38009,1.38017,1.13,1.50
2011.02.02 13:37:17.401,1.38009,1.38018,5.40,1.50
2011.02.02 13:37:18.186,1.3801,1.3802,4.65,3.75
2011.02.02 13:37:18.711,1.38011,1.38021,4.65,3.00
2011.02.02 13:37:19.753,1.38012,1.38022,4.65,3.75
2011.02.02 13:37:20.210,1.38014,1.38023,4.58,1.50
2011.02.02 13:37:20.321,1.38015,1.38025,4.58,3.75
2011.02.02 13:37:20.869,1.38016,1.38026,4.58,3.00
2011.02.02 13:37:21.485,1.38018,1.38026,4.50,5.85
2011.02.02 13:37:21.612,1.3802,1.38027,3.75,3.75
2011.02.02 13:37:23.408,1.3802,1.38029,5.25,1.50
2011.02.02 13:37:24.150,1.38023,1.38028,4.77,1.50
2011.02.02 13:37:24.506,1.38025,1.38036,1.13,4.28
2011.02.02 13:37:24.953,1.38024,1.38034,5.25,1.50
2011.02.02 13:37:26.106,1.3803,1.38039,4.50,3.75
2011.02.02 13:37:26.226,1.3803,1.38039,4.50,1.50
2011.02.02 13:37:26.893,1.38027,1.38037,3.00,1.09
2011.02.02 13:37:27.353,1.38024,1.38034,1.50,2.25
2011.02.02 13:37:27.915,1.38032,1.3804,2.25,5.56
2011.02.02 13:37:28.154,1.38036,1.38045,1.69,2.25
2011.02.02 13:37:28.730,1.38034,1.38043,1.50,1.84
2011.02.02 13:37:28.963,1.38037,1.38044,1.50,2.25
2011.02.02 13:37:29.083,1.38042,1.3805,2.25,17.82
2011.02.02 13:37:29.204,1.38042,1.3805,1.50,6.00
2011.02.02 13:37:29.633,1.3804,1.38046,4.50,3.75
2011.02.02 13:37:30.193,1.38037,1.38046,2.25,1.84
2011.02.02 13:37:30.622,1.38034,1.38041,4.50,1.50
2011.02.02 13:37:30.753,1.38031,1.38041,3.38,1.84
2011.02.02 13:37:30.875,1.38031,1.38038,1.50,3.00
2011.02.02 13:37:30.991,1.38029,1.38038,3.75,3.00
2011.02.02 13:37:31.415,1.38029,1.38038,4.50,1.50
2011.02.02 13:37:32.093,1.3803,1.3804,5.25,8.25
2011.02.02 13:37:32.218,1.38033,1.3804,1.50,3.75
2011.02.02 13:37:32.552,1.38039,1.38048,1.50,1.69
2011.02.02 13:37:33.120,1.38043,1.38049,1.50,4.69
2011.02.02 13:37:33.928,1.38041,1.38051,2.63,2.59
2011.02.02 13:37:34.926,1.38042,1.38051,2.44,4.09
2011.02.02 13:37:35.274,1.3805,1.38056,3.75,1.50
2011.02.02 13:37:35.732,1.38046,1.38056,3.00,2.59
2011.02.02 13:37:35.972,1.38045,1.38056,2.25,1.84
2011.02.02 13:37:36.586,1.38045,1.38056,1.50,1.84
2011.02.02 13:37:36.710,1.38041,1.38052,1.50,1.84
2011.02.02 13:37:37.049,1.38047,1.38053,1.50,6.00
2011.02.02 13:37:37.610,1.38051,1.38059,7.20,2.25
2011.02.02 13:37:38.599,1.38051,1.38061,6.38,2.78
2011.02.02 13:37:38.931,1.38051,1.38061,6.38,3.53
2011.02.02 13:37:39.150,1.38051,1.38061,5.25,3.53
2011.02.02 13:37:40.113,1.38052,1.38061,5.25,4.28
2011.02.02 13:37:40.670,1.38052,1.38059,3.75,1.50
2011.02.02 13:37:41.220,1.3805,1.38059,4.50,1.50
2011.02.02 13:37:41.333,1.3805,1.38058,4.50,1.50
2011.02.02 13:37:41.800,1.38046,1.38052,8.25,1.50
2011.02.02 13:37:42.503,1.38044,1.38051,4.50,1.50
2011.02.02 13:37:42.631,1.3804,1.38045,3.75,1.65
2011.02.02 13:37:42.745,1.38036,1.38044,3.00,1.50
2011.02.02 13:37:43.309,1.38036,1.38042,1.50,1.50
2011.02.02 13:37:45.691,1.38037,1.38045,1.50,5.63
2011.02.02 13:37:46.039,1.3804,1.38049,4.50,2.25
2011.02.02 13:37:46.581,1.38041,1.38049,2.25,1.50
2011.02.02 13:37:46.803,1.3804,1.38048,3.75,1.09
2011.02.02 13:37:46.923,1.38037,1.38048,3.75,2.03
2011.02.02 13:37:47.735,1.38034,1.38042,5.25,1.50
2011.02.02 13:37:48.486,1.38033,1.38038,1.50,1.50
2011.02.02 13:37:48.722,1.38028,1.38038,1.50,2.25
2011.02.02 13:37:48.843,1.38026,1.38038,3.00,2.40
2011.02.02 13:37:49.371,1.38026,1.38037,2.25,2.25
2011.02.02 13:37:49.603,1.3803,1.3804,4.50,1.50
2011.02.02 13:37:50.582,1.38029,1.38033,1.50,2.25
2011.02.02 13:37:50.709,1.38026,1.38035,2.25,1.28
2011.02.02 13:37:50.824,1.38026,1.38036,2.25,1.99
2011.02.02 13:37:51.331,1.3803,1.38038,5.25,1.50
2011.02.02 13:37:51.556,1.3803,1.3804,5.25,1.50
2011.02.02 13:37:51.671,1.38034,1.38041,1.50,4.84
2011.02.02 13:37:52.238,1.38032,1.38042,4.88,1.84
2011.02.02 13:37:52.354,1.38032,1.38041,4.88,5.59
2011.02.02 13:37:52.871,1.38031,1.38037,1.50,3.94
2011.02.02 13:37:52.989,1.3803,1.38035,3.75,3.75
2011.02.02 13:37:53.214,1.3803,1.38039,4.50,1.50
2011.02.02 13:37:53.998,1.3803,1.3804,5.25,1.50
2011.02.02 13:37:56.915,1.3803,1.38039,4.50,2.25
2011.02.02 13:38:01.582,1.38029,1.38036,1.50,3.34
2011.02.02 13:38:02.061,1.38025,1.38035,1.50,1.09
2011.02.02 13:38:03.386,1.38026,1.38033,1.50,1.84
2011.02.02 13:38:03.930,1.38032,1.38038,1.50,3.00
2011.02.02 13:38:04.052,1.38034,1.38042,1.50,1.50
2011.02.02 13:38:04.174,1.38034,1.38042,1.50,1.50
2011.02.02 13:38:04.787,1.38034,1.38044,3.00,1.09
2011.02.02 13:38:05.345,1.38034,1.38044,2.25,1.84
2011.02.02 13:38:05.461,1.38034,1.38044,3.00,1.09
2011.02.02 13:38:08.273,1.38036,1.38043,1.50,8.73
2011.02.02 13:38:08.609,1.38037,1.38044,2.44,3.00
2011.02.02 13:38:09.094,1.38037,1.38046,4.50,1.50
2011.02.02 13:38:10.136,1.38038,1.38048,5.25,1.50
2011.02.02 13:38:10.251,1.38039,1.38049,1.50,7.84
2011.02.02 13:38:10.790,1.3804,1.3805,1.50,7.28
2011.02.02 13:38:14.270,1.38041,1.38051,1.50,7.28
2011.02.02 13:38:15.069,1.38042,1.38052,1.50,7.28
2011.02.02 13:38:15.958,1.38045,1.38051,1.50,6.00
2011.02.02 13:38:16.513,1.38045,1.38054,1.50,2.25
2011.02.02 13:38:18.082,1.38047,1.38054,1.50,1.50
2011.02.02 13:38:18.552,1.38047,1.38056,4.50,1.50
2011.02.02 13:38:19.478,1.3805,1.38055,4.50,4.50
2011.02.02 13:38:19.591,1.3805,1.38058,4.50,1.50
2011.02.02 13:38:20.163,1.38051,1.38059,4.50,2.59
2011.02.02 13:38:20.293,1.38051,1.38061,1.50,1.84
2011.02.02 13:38:21.019,1.38052,1.38063,1.50,5.59
2011.02.02 13:38:21.581,1.38054,1.38064,2.25,1.50
2011.02.02 13:38:22.080,1.38056,1.38064,1.50,1.09
2011.02.02 13:38:23.077,1.38061,1.38071,1.50,2.59
2011.02.02 13:38:24.491,1.3806,1.38071,6.00,4.84
2011.02.02 13:38:24.845,1.38057,1.38066,3.75,1.09
2011.02.02 13:38:24.963,1.38057,1.38066,8.07,1.09
2011.02.02 13:38:25.082,1.3806,1.38066,3.75,1.69
2011.02.02 13:38:25.514,1.38055,1.38066,1.35,1.84
2011.02.02 13:38:25.631,1.38054,1.38066,9.60,2.59
2011.02.02 13:38:25.853,1.38054,1.38064,5.33,1.50
2011.02.02 13:38:26.411,1.38054,1.38063,5.25,1.50
2011.02.02 13:38:26.961,1.3805,1.38061,5.25,4.09
2011.02.02 13:38:28.491,1.3805,1.3806,4.50,1.50
2011.02.02 13:38:31.443,1.38052,1.38061,3.94,2.25
2011.02.02 13:38:32.094,1.38055,1.38064,1.50,1.50
2011.02.02 13:38:34.141,1.38052,1.38062,9.75,1.50
2011.02.02 13:38:34.590,1.38052,1.38061,9.00,1.50
2011.02.02 13:38:34.705,1.38052,1.38056,5.25,4.09
2011.02.02 13:38:35.440,1.3805,1.38055,3.75,2.25
2011.02.02 13:38:36.190,1.38047,1.38057,1.50,2.59
2011.02.02 13:38:36.413,1.38045,1.38057,5.25,1.88
2011.02.02 13:38:37.058,1.38045,1.38055,5.25,1.50
2011.02.02 13:38:37.958,1.38045,1.38053,1.50,1.65
2011.02.02 13:38:38.522,1.3804,1.38049,3.75,2.25
2011.02.02 13:38:38.751,1.3804,1.38049,3.75,2.25
2011.02.02 13:38:42.453,1.3804,1.3805,4.50,1.50
2011.02.02 13:38:42.991,1.3804,1.38051,5.25,5.03
2011.02.02 13:38:45.079,1.3804,1.3805,5.25,2.25
2011.02.02 13:38:45.557,1.38037,1.38046,4.88,2.03
2011.02.02 13:38:45.682,1.38037,1.38042,1.50,1.50
2011.02.02 13:38:45.802,1.38034,1.38042,6.75,1.50
2011.02.02 13:38:47.386,1.38034,1.38044,11.44,1.50
2011.02.02 13:38:47.503,1.38038,1.38047,2.25,3.75
2011.02.02 13:38:48.322,1.3804,1.38048,3.75,1.50
2011.02.02 13:38:49.550,1.3804,1.38047,3.75,1.50
2011.02.02 13:38:50.537,1.3804,1.38047,3.75,1.50
2011.02.02 13:38:55.805,1.38047,1.38051,1.50,5.59
2011.02.02 13:38:56.342,1.3805,1.38054,3.75,6.34
2011.02.02 13:38:56.464,1.38051,1.38056,4.50,8.25
2011.02.02 13:38:57.100,1.3805,1.3806,4.50,2.25
2011.02.02 13:38:57.876,1.38057,1.38063,4.13,2.86
2011.02.02 13:38:58.118,1.38054,1.38062,4.50,1.50
2011.02.02 13:38:58.807,1.38052,1.38062,1.50,2.45
2011.02.02 13:38:59.030,1.3805,1.3806,4.50,2.25
2011.02.02 13:39:00.125,1.3805,1.38058,4.50,1.36
2011.02.02 13:39:01.096,1.38049,1.38058,2.25,1.50
2011.02.02 13:39:01.223,1.3805,1.38061,8.25,3.53
2011.02.02 13:39:01.342,1.38052,1.38061,1.50,2.78
2011.02.02 13:39:02.209,1.3805,1.38057,5.25,1.09
2011.02.02 13:39:02.435,1.38048,1.38057,1.50,1.70
2011.02.02 13:39:03.443,1.38049,1.38058,2.25,1.36
2011.02.02 13:39:03.566,1.3805,1.3806,1.50,6.00
2011.02.02 13:39:08.413,1.38056,1.38062,1.50,3.61
2011.02.02 13:39:08.540,1.38056,1.38064,1.50,1.50
2011.02.02 13:39:09.494,1.38056,1.38064,1.50,1.50
2011.02.02 13:39:09.614,1.38058,1.38066,2.25,1.84
2011.02.02 13:39:09.843,1.3806,1.3807,5.25,3.00
2011.02.02 13:39:13.787,1.3806,1.3807,6.00,2.25
2011.02.02 13:39:16.895,1.3806,1.38069,6.00,1.50
2011.02.02 13:39:17.520,1.3806,1.38071,6.00,3.53
2011.02.02 13:39:18.549,1.3806,1.38071,6.75,2.78
2011.02.02 13:39:19.099,1.38061,1.3807,1.50,1.50
2011.02.02 13:39:19.635,1.38061,1.38071,1.50,2.78
2011.02.02 13:39:20.530,1.38062,1.38072,1.50,2.78
2011.02.02 13:39:21.122,1.3807,1.38078,4.50,1.50
2011.02.02 13:39:21.772,1.38069,1.38077,1.50,1.09
2011.02.02 13:39:21.899,1.38071,1.38079,1.50,1.50
2011.02.02 13:39:22.557,1.38072,1.38078,1.50,3.75
2011.02.02 13:39:22.676,1.38072,1.38082,1.50,3.34
2011.02.02 13:39:22.792,1.38078,1.38082,1.50,3.34
2011.02.02 13:39:23.027,1.38082,1.38089,1.50,1.50
2011.02.02 13:39:23.546,1.38082,1.38092,1.50,2.59
2011.02.02 13:39:23.664,1.38083,1.38092,1.50,2.59
2011.02.02 13:39:24.354,1.38083,1.38092,2.25,2.25
2011.02.02 13:39:27.167,1.38084,1.38089,12.75,1.32
2011.02.02 13:39:27.398,1.38081,1.38089,1.50,1.01
2011.02.02 13:39:30.926,1.38074,1.38083,1.50,3.72
2011.02.02 13:39:31.489,1.38075,1.38082,4.50,1.05
2011.02.02 13:39:31.825,1.3808,1.38084,3.75,2.25
2011.02.02 13:39:32.293,1.3808,1.38091,5.25,2.59
2011.02.02 13:39:37.000,1.38078,1.38087,1.50,1.84
2011.02.02 13:39:38.131,1.38078,1.38087,1.50,1.84
2011.02.02 13:39:38.858,1.38076,1.38086,1.50,1.09
2011.02.02 13:39:38.983,1.38073,1.38081,1.50,4.09
2011.02.02 13:39:39.214,1.3808,1.38085,1.50,13.62
2011.02.02 13:39:39.333,1.3808,1.38086,1.50,3.90
2011.02.02 13:39:39.780,1.3808,1.38089,1.50,2.25
2011.02.02 13:39:40.331,1.3808,1.38089,1.50,1.50
2011.02.02 13:39:40.874,1.3808,1.38091,2.25,1.84
2011.02.02 13:39:41.431,1.3808,1.38091,2.25,2.03
2011.02.02 13:39:42.155,1.3808,1.38091,2.25,2.03
2011.02.02 13:39:43.043,1.3808,1.38088,2.25,1.70
2011.02.02 13:39:43.515,1.38075,1.38085,1.50,3.75
2011.02.02 13:39:43.632,1.38075,1.38085,1.50,4.50
2011.02.02 13:39:44.611,1.38076,1.38085,1.50,3.15
2011.02.02 13:39:44.729,1.38076,1.38086,2.25,1.09
2011.02.02 13:39:45.718,1.38076,1.38087,1.50,2.59
2011.02.02 13:39:46.053,1.38079,1.38087,1.50,1.50
2011.02.02 13:39:46.830,1.3808,1.38088,1.50,1.09
2011.02.02 13:39:47.394,1.38079,1.38087,1.50,1.09
2011.02.02 13:39:49.140,1.38078,1.38083,1.50,1.50
2011.02.02 13:39:49.262,1.38078,1.38085,1.50,1.50
2011.02.02 13:39:50.139,1.38078,1.38087,1.50,1.84
2011.02.02 13:39:50.780,1.38078,1.38087,2.25,1.50
2011.02.02 13:39:51.004,1.3808,1.38089,1.50,1.50
2011.02.02 13:39:51.540,1.3808,1.38089,1.50,1.28
2011.02.02 13:39:51.883,1.3808,1.38089,1.50,4.50
2011.02.02 13:39:52.883,1.38079,1.38087,1.50,1.09
2011.02.02 13:39:55.070,1.38079,1.38086,1.50,1.09
2011.02.02 13:39:55.731,1.38079,1.38086,1.50,1.09
2011.02.02 13:39:57.800,1.38079,1.38086,1.50,1.09
2011.02.02 13:39:59.273,1.38079,1.38087,2.25,1.41
2011.02.02 13:39:59.502,1.38081,1.38091,1.50,2.59
2011.02.02 13:40:00.243,1.38081,1.38091,2.25,2.59
2011.02.02 13:40:00.372,1.38083,1.38091,4.50,2.59
2011.02.02 13:40:00.603,1.38087,1.38091,1.50,1.84
2011.02.02 13:40:00.722,1.38081,1.38091,2.25,2.03
2011.02.02 13:40:00.839,1.38081,1.38091,2.25,2.03
2011.02.02 13:40:01.447,1.38081,1.3809,1.50,2.20
2011.02.02 13:40:01.892,1.3808,1.38091,1.50,2.78
2011.02.02 13:40:05.773,1.38077,1.38081,6.00,1.28
2011.02.02 13:40:05.891,1.38077,1.38081,3.75,1.28
2011.02.02 13:40:06.220,1.38073,1.38081,2.25,1.28
2011.02.02 13:40:09.932,1.38072,1.3808,2.25,1.58
2011.02.02 13:40:10.165,1.38071,1.38076,1.50,4.92
2011.02.02 13:40:10.791,1.38062,1.38071,1.50,1.09
2011.02.02 13:40:12.775,1.38059,1.3807,6.00,1.58
2011.02.02 13:40:13.220,1.38059,1.38068,4.50,1.50
2011.02.02 13:40:13.333,1.38058,1.38066,5.25,1.69
2011.02.02 13:40:13.900,1.38057,1.38065,6.19,3.15
2011.02.02 13:40:14.133,1.38055,1.38066,2.40,2.78
2011.02.02 13:40:14.252,1.38054,1.38066,2.40,3.34
2011.02.02 13:40:14.595,1.38054,1.38061,1.50,1.09
2011.02.02 13:40:15.203,1.38052,1.38061,3.00,1.09
2011.02.02 13:40:17.063,1.38052,1.38061,3.00,1.28
2011.02.02 13:40:17.620,1.38052,1.38061,1.50,1.28
2011.02.02 13:40:19.569,1.38053,1.38062,2.25,3.20
2011.02.02 13:40:20.121,1.38054,1.38064,2.25,2.25
2011.02.02 13:40:20.727,1.38054,1.38066,6.00,3.34
2011.02.02 13:40:20.953,1.38054,1.38066,6.00,4.09
2011.02.02 13:40:21.292,1.38054,1.38065,6.00,2.40
2011.02.02 13:40:23.239,1.38054,1.38065,2.25,1.73
2011.02.02 13:40:23.685,1.38052,1.38061,6.00,1.84
2011.02.02 13:40:25.199,1.38052,1.38061,1.50,1.84
2011.02.02 13:40:36.269,1.38053,1.38063,2.25,9.95
2011.02.02 13:40:36.771,1.38059,1.38068,3.00,1.50
2011.02.02 13:40:37.527,1.38057,1.38066,5.25,2.03
2011.02.02 13:40:38.083,1.38054,1.38065,6.00,1.88
2011.02.02 13:40:38.910,1.38056,1.38066,1.50,2.59
2011.02.02 13:40:39.778,1.38056,1.38066,1.50,2.59
2011.02.02 13:40:41.622,1.38052,1.38061,6.00,1.84
2011.02.02 13:40:42.279,1.38052,1.3806,3.75,1.50
2011.02.02 13:40:42.841,1.3805,1.38061,3.00,2.59
2011.02.02 13:40:43.758,1.38052,1.38061,2.25,1.09
2011.02.02 13:40:44.104,1.38051,1.38061,2.25,2.59
2011.02.02 13:40:44.224,1.38051,1.3806,2.25,6.00
2011.02.02 13:40:44.653,1.38047,1.38054,14.25,2.11
2011.02.02 13:40:45.210,1.38044,1.38051,4.50,1.28
2011.02.02 13:40:45.461,1.38042,1.38051,3.00,2.03
2011.02.02 13:40:46.291,1.38043,1.38051,1.50,1.28
2011.02.02 13:40:47.166,1.38048,1.38055,4.69,4.35
2011.02.02 13:40:47.291,1.3805,1.38061,1.50,2.78
2011.02.02 13:40:48.155,1.38052,1.38061,1.50,2.03
2011.02.02 13:40:48.396,1.38055,1.38064,1.50,3.00
2011.02.02 13:40:48.767,1.38055,1.38065,1.50,4.20
2011.02.02 13:40:48.890,1.38059,1.38065,2.25,1.20
2011.02.02 13:40:49.660,1.38059,1.38066,2.25,2.70
2011.02.02 13:40:50.221,1.38059,1.38066,3.75,2.25
2011.02.02 13:40:50.567,1.38059,1.38068,3.75,3.00
2011.02.02 13:40:51.133,1.38059,1.38068,3.75,3.00
2011.02.02 13:40:53.549,1.38059,1.38068,1.50,1.50
2011.02.02 13:40:54.090,1.38059,1.38068,1.50,1.50
2011.02.02 13:40:54.885,1.38058,1.38068,7.69,1.50
2011.02.02 13:40:55.550,1.38059,1.38069,1.50,1.50
2011.02.02 13:40:55.773,1.38059,1.38068,2.25,2.11
2011.02.02 13:40:56.011,1.38059,1.38069,1.50,1.50
2011.02.02 13:40:58.205,1.38058,1.38068,9.19,1.50
2011.02.02 13:41:00.702,1.38059,1.38069,1.58,3.00
2011.02.02 13:41:10.103,1.38061,1.38071,1.69,4.09
2011.02.02 13:41:10.232,1.38067,1.38074,1.50,1.50
2011.02.02 13:41:10.468,1.38065,1.38075,1.50,2.25
2011.02.02 13:41:10.995,1.38063,1.38073,6.00,3.00
2011.02.02 13:41:11.343,1.38066,1.38074,1.50,2.25
2011.02.02 13:41:12.251,1.38068,1.38078,6.75,1.50
2011.02.02 13:41:12.365,1.3807,1.38078,1.50,1.50
2011.02.02 13:41:12.951,1.38065,1.38071,21.66,1.50
2011.02.02 13:41:13.077,1.38063,1.38071,7.50,2.48
2011.02.02 13:41:13.191,1.38062,1.3807,6.00,2.48
2011.02.02 13:41:13.702,1.38061,1.38068,3.75,3.45
2011.02.02 13:41:14.042,1.38058,1.38068,2.25,1.50
2011.02.02 13:41:17.412,1.38057,1.38067,2.25,1.88
2011.02.02 13:41:17.643,1.38056,1.38066,4.50,1.58
2011.02.02 13:41:20.428,1.38055,1.38065,4.69,1.73
2011.02.02 13:41:20.762,1.38053,1.38064,1.50,12.00
2011.02.02 13:41:21.205,1.38052,1.38062,2.25,2.25
2011.02.02 13:41:21.330,1.38051,1.38061,3.00,2.78
2011.02.02 13:41:21.440,1.3805,1.3806,3.00,4.28
2011.02.02 13:41:22.464,1.38048,1.38059,1.50,3.53
2011.02.02 13:41:24.129,1.38049,1.38056,2.44,2.25
2011.02.02 13:41:24.354,1.38043,1.38053,1.69,4.50
2011.02.02 13:41:26.352,1.38043,1.38054,1.50,2.25
2011.02.02 13:41:26.482,1.38041,1.38051,1.50,1.09
2011.02.02 13:41:26.716,1.38043,1.38052,1.50,5.25
2011.02.02 13:41:27.256,1.38042,1.38053,6.00,1.50
2011.02.02 13:41:28.513,1.3804,1.38051,1.50,1.84
2011.02.02 13:41:28.632,1.38038,1.38051,2.25,1.84
2011.02.02 13:41:29.311,1.38038,1.38047,1.50,1.50
2011.02.02 13:41:29.546,1.38035,1.38048,2.25,4.50
2011.02.02 13:41:30.518,1.38037,1.38044,2.25,1.65
2011.02.02 13:41:30.644,1.38034,1.38044,6.00,1.50
2011.02.02 13:41:31.179,1.38034,1.38041,5.24,2.25
2011.02.02 13:41:31.416,1.38032,1.38041,4.88,2.59
2011.02.02 13:41:31.533,1.3803,1.38041,1.50,2.59
2011.02.02 13:41:32.256,1.38029,1.38039,1.49,1.50
2011.02.02 13:41:32.591,1.38029,1.38037,1.49,1.50
2011.02.02 13:41:33.617,1.38028,1.38035,1.49,1.50
2011.02.02 13:41:36.253,1.38026,1.38034,10.68,1.50
2011.02.02 13:41:37.395,1.38026,1.38032,9.00,2.25
2011.02.02 13:41:37.634,1.38025,1.38031,1.13,1.88
2011.02.02 13:41:38.197,1.38022,1.38031,9.18,1.88
2011.02.02 13:41:39.620,1.38022,1.38028,9.18,1.50
2011.02.02 13:41:40.206,1.38021,1.38027,2.25,2.25
2011.02.02 13:41:40.547,1.38021,1.38025,1.50,1.09
2011.02.02 13:41:40.666,1.3802,1.38024,3.75,1.09
2011.02.02 13:41:41.138,1.38016,1.38027,2.25,3.00
2011.02.02 13:41:41.363,1.38016,1.38026,1.13,1.58
2011.02.02 13:41:41.884,1.38014,1.38026,2.44,2.25
2011.02.02 13:41:42.007,1.38016,1.38022,1.50,1.50
2011.02.02 13:41:42.344,1.38014,1.38022,1.32,2.59
2011.02.02 13:41:42.468,1.38013,1.3802,1.13,1.09
2011.02.02 13:41:42.952,1.38011,1.3802,4.50,1.50
2011.02.02 13:41:43.074,1.3801,1.38018,1.50,2.40
2011.02.02 13:41:43.194,1.38009,1.38016,4.50,1.09
2011.02.02 13:41:43.654,1.38008,1.38015,3.75,3.00
2011.02.02 13:41:43.778,1.38006,1.38016,1.50,3.00
2011.02.02 13:41:44.002,1.38005,1.38015,2.25,1.50
2011.02.02 13:41:45.643,1.38004,1.38014,3.00,2.25
2011.02.02 13:41:46.209,1.38002,1.38014,3.75,2.78
2011.02.02 13:41:47.067,1.38002,1.38012,1.50,2.03
2011.02.02 13:41:47.291,1.38001,1.3801,1.69,1.84
2011.02.02 13:41:47.845,1.38,1.38008,1.69,1.50
2011.02.02 13:41:48.389,1.37997,1.38009,1.50,2.78
2011.02.02 13:41:50.979,1.37997,1.38008,2.25,3.53
2011.02.02 13:41:51.632,1.37997,1.38006,1.50,2.25
2011.02.02 13:41:52.291,1.37989,1.38,3.00,3.00
2011.02.02 13:41:52.619,1.37989,1.37999,3.00,1.50
2011.02.02 13:41:53.542,1.37987,1.37998,7.69,1.65
2011.02.02 13:41:54.011,1.37987,1.37995,3.00,3.00
2011.02.02 13:41:54.242,1.3798,1.37991,1.50,2.03
2011.02.02 13:41:56.568,1.37979,1.3799,2.25,1.50
2011.02.02 13:41:56.914,1.37977,1.37987,3.00,1.17
2011.02.02 13:41:57.347,1.37977,1.37985,2.25,1.50
2011.02.02 13:41:57.469,1.37974,1.37982,1.50,1.09
2011.02.02 13:41:58.239,1.37974,1.37984,1.50,1.50
2011.02.02 13:41:58.821,1.37972,1.37981,1.50,1.09
2011.02.02 13:41:59.042,1.3797,1.37981,1.80,2.59
2011.02.02 13:41:59.599,1.3797,1.37981,1.80,2.59
2011.02.02 13:42:02.119,1.37969,1.37976,3.30,4.50
2011.02.02 13:42:02.600,1.37969,1.37978,2.25,2.25
2011.02.02 13:42:03.731,1.37969,1.37979,2.25,1.50
2011.02.02 13:42:05.381,1.3797,1.37979,1.05,1.50
2011.02.02 13:42:06.363,1.37971,1.3798,1.50,1.50
2011.02.02 13:42:08.152,1.37978,1.37986,1.50,1.69
2011.02.02 13:42:09.181,1.37975,1.37984,1.50,1.09
2011.02.02 13:42:10.446,1.37979,1.37986,1.50,1.50
2011.02.02 13:42:10.672,1.37979,1.37988,2.25,1.50
2011.02.02 13:42:11.481,1.37979,1.3799,3.00,2.25
2011.02.02 13:42:12.596,1.37979,1.3799,3.00,1.50
2011.02.02 13:42:13.153,1.37979,1.3799,3.00,2.25
2011.02.02 13:42:13.930,1.37979,1.3799,3.00,1.50
2011.02.02 13:42:14.591,1.37979,1.3799,3.00,2.25
2011.02.02 13:42:16.415,1.37979,1.37988,3.00,1.50
2011.02.02 13:42:18.846,1.37979,1.3799,2.25,2.25
2011.02.02 13:42:20.193,1.37978,1.37988,1.05,1.50
2011.02.02 13:42:20.956,1.37975,1.3798,4.50,1.50
2011.02.02 13:42:21.078,1.37978,1.37987,3.75,2.40
2011.02.02 13:42:21.639,1.37977,1.37986,7.69,1.09
2011.02.02 13:42:22.392,1.37975,1.37986,2.25,2.45
2011.02.02 13:42:22.510,1.37972,1.37982,2.25,1.50
2011.02.02 13:42:22.622,1.37974,1.37983,1.50,7.50
2011.02.02 13:42:23.381,1.37974,1.37984,2.25,1.50
2011.02.02 13:42:24.881,1.37976,1.37986,1.50,4.09
2011.02.02 13:42:25.639,1.37979,1.37989,1.50,1.50
2011.02.02 13:42:26.303,1.37978,1.37986,5.25,1.09
2011.02.02 13:42:26.854,1.37978,1.37986,1.50,1.09
2011.02.02 13:42:27.216,1.37974,1.37985,4.50,2.25
2011.02.02 13:42:27.777,1.37974,1.37985,3.00,2.25
2011.02.02 13:42:28.441,1.37975,1.37985,1.50,1.50
2011.02.02 13:42:29.128,1.37975,1.37986,3.00,2.59
2011.02.02 13:42:30.361,1.37979,1.37988,1.50,1.50
2011.02.02 13:42:31.133,1.37979,1.37988,3.00,1.50
2011.02.02 13:42:31.588,1.37977,1.37983,15.19,1.50
2011.02.02 13:42:31.708,1.37978,1.37986,2.25,1.99
2011.02.02 13:42:31.825,1.37977,1.37984,3.75,2.25
2011.02.02 13:42:32.359,1.37978,1.37989,8.44,1.50
2011.02.02 13:42:32.470,1.37979,1.3799,1.50,2.25
2011.02.02 13:42:33.151,1.37979,1.3799,1.50,1.50
2011.02.02 13:42:34.893,1.37979,1.3799,1.50,2.25
2011.02.02 13:42:35.563,1.37979,1.3799,1.50,1.50
2011.02.02 13:42:36.960,1.37979,1.3799,1.50,2.25
2011.02.02 13:42:37.984,1.37978,1.37987,8.25,1.36
2011.02.02 13:42:38.563,1.37974,1.37981,2.25,2.03
2011.02.02 13:42:38.692,1.37974,1.37984,3.00,3.75
2011.02.02 13:42:38.818,1.37974,1.37981,3.00,1.28
2011.02.02 13:42:39.245,1.37977,1.37984,1.50,1.36
2011.02.02 13:42:39.370,1.37976,1.37986,1.50,1.28
2011.02.02 13:42:39.596,1.37977,1.37986,2.25,1.09
2011.02.02 13:42:40.139,1.37978,1.37989,8.25,2.25
2011.02.02 13:42:41.714,1.37984,1.37991,3.75,2.78
2011.02.02 13:42:42.206,1.37989,1.37993,1.50,3.75
2011.02.02 13:42:42.329,1.37989,1.38001,2.25,5.78
2011.02.02 13:42:43.830,1.3799,1.38001,2.25,5.78
2011.02.02 13:42:44.533,1.37999,1.38003,2.25,7.09
2011.02.02 13:42:44.659,1.38002,1.38011,2.44,3.34
2011.02.02 13:42:45.123,1.38005,1.38015,1.50,2.74
2011.02.02 13:42:45.254,1.38007,1.38015,1.50,5.86
2011.02.02 13:42:45.372,1.38006,1.38018,3.00,2.78
2011.02.02 13:42:45.793,1.38008,1.38018,1.50,2.25
2011.02.02 13:42:46.144,1.38009,1.38018,1.50,1.84
2011.02.02 13:42:46.564,1.3801,1.3802,2.25,1.09
2011.02.02 13:42:46.915,1.38012,1.38021,1.50,2.25
2011.02.02 13:42:47.442,1.38014,1.38021,1.50,1.50
2011.02.02 13:42:47.556,1.38014,1.38023,1.50,1.50
2011.02.02 13:42:47.674,1.38015,1.38024,2.25,1.50
2011.02.02 13:42:48.310,1.38017,1.38024,3.00,1.50
2011.02.02 13:42:48.651,1.38016,1.38027,3.75,2.25
2011.02.02 13:42:48.766,1.38017,1.38029,3.90,2.25
2011.02.02 13:42:48.882,1.3802,1.38029,1.50,1.50
2011.02.02 13:42:49.473,1.38022,1.3803,1.50,1.50
2011.02.02 13:42:50.129,1.38023,1.38031,4.50,4.84
2011.02.02 13:42:50.248,1.38023,1.38033,2.25,3.34
2011.02.02 13:42:50.363,1.38026,1.38033,2.25,2.25
2011.02.02 13:42:51.152,1.38026,1.38035,2.25,3.23
2011.02.02 13:42:51.824,1.38029,1.38034,1.50,2.25
2011.02.02 13:42:51.950,1.38028,1.38036,4.50,3.53
2011.02.02 13:42:52.171,1.38029,1.38038,4.50,4.28
2011.02.02 13:42:52.729,1.38029,1.38041,3.00,4.28
2011.02.02 13:42:53.493,1.38031,1.38041,3.00,1.50
2011.02.02 13:42:53.619,1.38034,1.38041,3.75,4.50
2011.02.02 13:42:53.736,1.38035,1.38041,1.50,7.50
2011.02.02 13:42:53.856,1.38032,1.38046,1.50,8.22
2011.02.02 13:42:53.972,1.38034,1.38046,1.50,11.60
2011.02.02 13:42:54.367,1.38038,1.38043,1.50,1.50
2011.02.02 13:42:54.491,1.38036,1.38047,3.75,5.78
2011.02.02 13:42:55.849,1.38037,1.38049,3.00,4.28
2011.02.02 13:42:55.973,1.38041,1.38048,2.25,1.28
2011.02.02 13:42:56.331,1.38046,1.38055,1.50,1.65
2011.02.02 13:42:56.770,1.38048,1.38057,4.50,2.11
2011.02.02 13:42:56.890,1.38049,1.38058,1.50,1.50
2011.02.02 13:42:57.003,1.38048,1.38056,1.50,1.09
2011.02.02 13:42:58.993,1.38046,1.38056,1.50,1.50
2011.02.02 13:42:59.125,1.38047,1.38054,2.25,1.09
2011.02.02 13:42:59.243,1.38045,1.38054,1.50,1.09
2011.02.02 13:42:59.694,1.38044,1.38053,6.00,1.50
2011.02.02 13:43:04.731,1.38042,1.38053,1.50,1.84
2011.02.02 13:43:04.954,1.38037,1.38047,2.25,1.09
2011.02.02 13:43:05.073,1.38037,1.38048,3.00,3.00
2011.02.02 13:43:05.663,1.38044,1.38053,1.13,1.84
2011.02.02 13:43:06.339,1.38046,1.38053,2.25,2.25
2011.02.02 13:43:06.682,1.38041,1.3805,2.25,1.09
2011.02.02 13:43:07.709,1.38041,1.38051,2.25,1.09
2011.02.02 13:43:08.284,1.3804,1.38048,1.50,1.09
2011.02.02 13:43:08.404,1.38039,1.3805,3.75,1.13
2011.02.02 13:43:08.984,1.38039,1.3805,3.75,1.50
2011.02.02 13:43:09.541,1.38042,1.3805,1.50,1.50
2011.02.02 13:43:09.772,1.38043,1.38052,1.50,1.84
2011.02.02 13:43:11.293,1.38041,1.38051,1.50,1.84
2011.02.02 13:43:11.844,1.38041,1.38051,1.50,1.84
2011.02.02 13:43:12.910,1.38042,1.38047,1.50,2.03
2011.02.02 13:43:13.135,1.38039,1.38048,1.50,2.03
2011.02.02 13:43:13.589,1.38037,1.38048,2.25,2.78
2011.02.02 13:43:16.222,1.38037,1.38043,3.75,1.50
2011.02.02 13:43:16.342,1.38034,1.38045,1.50,1.88
2011.02.02 13:43:16.909,1.38039,1.38048,2.25,1.50
2011.02.02 13:43:18.736,1.38042,1.38049,1.50,1.50
2011.02.02 13:43:18.857,1.38049,1.38053,2.25,1.50
2011.02.02 13:43:19.324,1.38047,1.38052,1.50,1.50
2011.02.02 13:43:19.445,1.38045,1.38051,3.75,1.50
2011.02.02 13:43:19.671,1.38042,1.38051,1.50,3.00
2011.02.02 13:43:20.204,1.3804,1.38051,1.50,3.00
2011.02.02 13:43:20.324,1.3804,1.38051,2.25,3.00
2011.02.02 13:43:20.662,1.38042,1.38052,5.25,1.50
2011.02.02 13:43:21.311,1.3804,1.38051,1.50,2.59
2011.02.02 13:43:21.537,1.38047,1.38053,1.50,7.50
2011.02.02 13:43:22.177,1.38048,1.38058,4.50,1.50
2011.02.02 13:43:22.300,1.38048,1.38056,5.25,5.25
2011.02.02 13:43:22.524,1.38047,1.38055,2.25,1.28
2011.02.02 13:43:22.645,1.38047,1.38053,1.50,1.50
2011.02.02 13:43:23.126,1.38046,1.38052,3.00,5.07
2011.02.02 13:43:23.251,1.3804,1.3805,1.50,1.50
2011.02.02 13:43:23.365,1.3804,1.3805,1.50,1.50
2011.02.02 13:43:24.073,1.38047,1.38056,1.50,1.09
2011.02.02 13:43:25.691,1.38048,1.38059,5.25,1.50
2011.02.02 13:43:25.808,1.3805,1.38059,1.50,1.50
2011.02.02 13:43:26.455,1.3805,1.3806,1.50,1.50
2011.02.02 13:43:27.356,1.3805,1.3806,1.50,3.61
2011.02.02 13:43:27.833,1.38047,1.38056,6.00,2.18
2011.02.02 13:43:29.681,1.38049,1.38057,1.50,1.09
2011.02.02 13:43:30.552,1.38049,1.38059,4.50,1.50
2011.02.02 13:43:31.120,1.38054,1.38061,4.88,2.59
2011.02.02 13:43:31.355,1.38058,1.38065,4.69,1.28
2011.02.02 13:43:31.931,1.3806,1.3807,1.50,2.25
2011.02.02 13:43:32.482,1.38061,1.3807,1.50,1.50
2011.02.02 13:43:33.039,1.38059,1.3807,3.75,6.38
2011.02.02 13:43:33.154,1.38059,1.38068,3.00,1.65
2011.02.02 13:43:33.830,1.38059,1.3807,3.75,4.20
2011.02.02 13:43:34.061,1.38059,1.3807,3.75,2.25
2011.02.02 13:43:34.173,1.38061,1.38071,1.50,2.03
2011.02.02 13:43:35.105,1.38059,1.3807,3.75,6.60
2011.02.02 13:43:35.618,1.38059,1.3807,3.00,1.50
2011.02.02 13:43:35.743,1.38069,1.38074,2.25,3.75
2011.02.02 13:43:36.290,1.38066,1.38074,1.50,4.50
2011.02.02 13:43:36.405,1.38066,1.38074,1.50,5.25
2011.02.02 13:43:37.043,1.38065,1.38074,3.00,1.50
2011.02.02 13:43:37.383,1.38065,1.38076,1.50,1.84
2011.02.02 13:43:38.350,1.38066,1.38075,1.50,1.65
2011.02.02 13:43:38.472,1.38068,1.38076,4.50,1.84
2011.02.02 13:43:39.241,1.38068,1.38076,2.25,4.09
2011.02.02 13:43:39.360,1.38064,1.38074,5.25,1.50
2011.02.02 13:43:39.471,1.38064,1.38075,6.00,2.25
2011.02.02 13:43:39.803,1.38064,1.38071,1.50,1.09
2011.02.02 13:43:43.032,1.38062,1.3807,1.50,4.54
2011.02.02 13:43:43.527,1.38057,1.38061,3.75,1.28
2011.02.02 13:43:44.180,1.38055,1.38061,4.13,1.28
2011.02.02 13:43:44.300,1.38051,1.38061,1.50,1.28
2011.02.02 13:43:44.522,1.38051,1.3806,1.50,1.50
2011.02.02 13:43:45.392,1.38052,1.38061,3.19,1.84
2011.02.02 13:43:45.615,1.38052,1.38061,1.50,2.78
2011.02.02 13:43:46.166,1.38049,1.38059,3.00,1.50
2011.02.02 13:43:46.290,1.38049,1.38059,3.75,1.73
2011.02.02 13:43:46.841,1.38049,1.38057,2.25,1.20
2011.02.02 13:43:47.062,1.38049,1.38059,3.00,2.25
2011.02.02 13:43:47.405,1.38049,1.38059,3.75,2.25
2011.02.02 13:43:47.523,1.38054,1.38062,1.50,1.09
2011.02.02 13:43:48.186,1.38054,1.38062,1.50,1.84
2011.02.02 13:43:49.779,1.38051,1.38061,2.25,1.28
2011.02.02 13:43:50.881,1.38051,1.38058,2.25,1.50
2011.02.02 13:43:50.994,1.38051,1.38061,1.50,1.65
2011.02.02 13:43:51.114,1.38049,1.38061,3.75,3.90
2011.02.02 13:43:51.231,1.38049,1.38061,3.75,5.78
2011.02.02 13:43:51.779,1.38049,1.38056,2.25,1.84
2011.02.02 13:43:51.903,1.38044,1.38052,5.25,1.50
2011.02.02 13:43:52.877,1.38041,1.38051,1.50,1.84
2011.02.02 13:43:52.998,1.38039,1.3805,7.50,1.50
2011.02.02 13:43:53.333,1.3804,1.38048,1.50,1.09
2011.02.02 13:43:54.003,1.38034,1.38042,1.50,6.34
2011.02.02 13:43:54.129,1.3803,1.38041,1.50,1.28
2011.02.02 13:43:54.888,1.38032,1.38041,1.50,1.28
2011.02.02 13:43:56.438,1.38032,1.38041,7.69,1.09
2011.02.02 13:43:56.553,1.38032,1.38043,7.69,3.00
2011.02.02 13:43:56.678,1.38037,1.38043,1.69,3.00
2011.02.02 13:43:56.793,1.38036,1.38043,1.88,1.50
2011.02.02 13:43:56.917,1.38038,1.38044,3.75,1.50
2011.02.02 13:43:57.141,1.38035,1.38046,1.50,3.57
2011.02.02 13:43:58.341,1.38034,1.38044,1.50,2.25
2011.02.02 13:43:59.330,1.38033,1.38042,1.50,2.25
2011.02.02 13:43:59.861,1.38031,1.38042,3.00,1.09
2011.02.02 13:43:59.976,1.38031,1.3804,2.25,6.61
2011.02.02 13:44:00.633,1.3803,1.38039,1.50,7.36
2011.02.02 13:44:00.995,1.3803,1.38038,1.50,1.50
2011.02.02 13:44:01.541,1.38028,1.38038,1.50,2.25
2011.02.02 13:44:01.766,1.38027,1.38036,1.50,5.25
2011.02.02 13:44:03.233,1.38026,1.38035,2.25,2.25
2011.02.02 13:44:03.679,1.3802,1.3803,1.50,3.00
2011.02.02 13:44:04.417,1.38017,1.38029,25.13,1.09
2011.02.02 13:44:04.774,1.38017,1.38022,4.50,1.50
2011.02.02 13:44:04.894,1.38017,1.38025,4.50,2.48
2011.02.02 13:44:05.452,1.38018,1.38026,1.50,1.50
2011.02.02 13:44:05.685,1.3802,1.3803,1.50,1.13
2011.02.02 13:44:06.021,1.3802,1.38031,1.50,2.59
2011.02.02 13:44:07.145,1.38024,1.38034,1.50,1.50
2011.02.02 13:44:07.822,1.38026,1.38036,3.00,4.09
2011.02.02 13:44:07.953,1.38024,1.38033,1.88,3.75
2011.02.02 13:44:08.075,1.38026,1.38034,1.50,3.75
2011.02.02 13:44:08.639,1.3803,1.38036,1.50,6.34
2011.02.02 13:44:09.768,1.38031,1.3804,2.25,3.75
2011.02.02 13:44:10.213,1.38034,1.38041,1.50,1.84
2011.02.02 13:44:10.776,1.38035,1.38044,2.25,2.25
2011.02.02 13:44:10.891,1.38036,1.38046,1.50,5.82
2011.02.02 13:44:11.005,1.38039,1.38046,1.50,4.84
2011.02.02 13:44:13.030,1.38037,1.38046,4.13,1.09
2011.02.02 13:44:13.255,1.38036,1.38041,2.25,1.09
2011.02.02 13:44:13.820,1.38035,1.38043,2.25,5.25
2011.02.02 13:44:14.154,1.38037,1.38046,1.50,3.34
2011.02.02 13:44:15.714,1.38036,1.38046,2.25,2.74
2011.02.02 13:44:16.624,1.38037,1.38046,3.75,1.09
2011.02.02 13:44:16.752,1.38041,1.38051,1.50,7.09
2011.02.02 13:44:17.210,1.38042,1.38051,1.50,4.84
2011.02.02 13:44:19.920,1.38048,1.38052,3.75,1.70
2011.02.02 13:44:20.147,1.38048,1.38055,6.00,3.34
2011.02.02 13:44:20.266,1.3805,1.38055,4.69,1.84
2011.02.02 13:44:20.859,1.38051,1.38057,2.25,8.22
2011.02.02 13:44:20.982,1.38054,1.38063,1.50,5.25
2011.02.02 13:44:21.773,1.38049,1.38056,1.50,1.17
2011.02.02 13:44:21.898,1.38051,1.38059,1.88,1.50
2011.02.02 13:44:22.327,1.38054,1.38062,1.50,4.84
2011.02.02 13:44:22.890,1.38054,1.38063,1.50,1.50
2011.02.02 13:44:23.791,1.38054,1.38065,3.00,7.20
2011.02.02 13:44:24.705,1.38054,1.38064,1.50,1.50
2011.02.02 13:44:24.933,1.38054,1.38064,1.50,1.50
2011.02.02 13:44:25.056,1.38056,1.38062,1.50,1.50
2011.02.02 13:44:25.592,1.38055,1.38062,1.50,1.50
2011.02.02 13:44:26.152,1.38055,1.38065,1.50,7.20
2011.02.02 13:44:26.493,1.38054,1.38059,1.50,1.50
2011.02.02 13:44:26.613,1.38052,1.38058,2.25,1.69
2011.02.02 13:44:27.072,1.38051,1.3806,1.69,1.50
2011.02.02 13:44:27.416,1.38051,1.38061,1.50,2.59
2011.02.02 13:44:27.954,1.38051,1.38061,1.50,2.59
2011.02.02 13:44:30.709,1.38051,1.38061,1.50,2.78
2011.02.02 13:44:31.040,1.38051,1.38061,1.50,2.78
2011.02.02 13:44:31.591,1.38051,1.38061,1.50,2.78
2011.02.02 13:44:32.193,1.38051,1.38061,1.50,2.78
2011.02.02 13:44:32.749,1.38051,1.38061,1.50,2.78
2011.02.02 13:44:33.300,1.38051,1.38061,1.50,2.78
2011.02.02 13:44:33.742,1.38049,1.38059,2.25,1.58
2011.02.02 13:44:33.864,1.38047,1.38051,7.13,1.09
2011.02.02 13:44:34.297,1.38044,1.38051,4.50,1.84
2011.02.02 13:44:34.415,1.38042,1.38051,1.50,1.84
2011.02.02 13:44:36.962,1.38044,1.38053,3.00,1.50
2011.02.02 13:44:37.410,1.38047,1.38053,1.50,1.50
2011.02.02 13:44:37.757,1.38053,1.38059,1.88,3.75
2011.02.02 13:44:38.128,1.38055,1.38061,1.50,4.84
2011.02.02 13:44:38.253,1.38058,1.38065,4.50,4.77
2011.02.02 13:44:38.378,1.38057,1.38065,3.38,4.77
2011.02.02 13:44:38.906,1.38062,1.3807,1.50,43.02
2011.02.02 13:44:39.033,1.3806,1.38071,3.38,1.84
2011.02.02 13:44:39.264,1.38062,1.38071,1.50,1.84
2011.02.02 13:44:39.675,1.38062,1.38066,1.50,1.09
2011.02.02 13:44:41.587,1.38058,1.38066,1.50,1.09
2011.02.02 13:44:42.033,1.38062,1.38068,1.50,2.25
2011.02.02 13:44:42.264,1.38063,1.3807,1.50,4.88
2011.02.02 13:44:42.829,1.38064,1.38072,1.50,3.75
2011.02.02 13:44:43.381,1.38065,1.38073,1.50,2.25
2011.02.02 13:44:43.925,1.38064,1.38073,1.50,2.25
2011.02.02 13:44:45.452,1.38065,1.38075,1.50,3.00
2011.02.02 13:44:45.578,1.38068,1.38074,6.00,1.50
2011.02.02 13:44:46.216,1.3807,1.38079,1.50,3.00
2011.02.02 13:44:46.592,1.38072,1.38081,1.50,1.09
2011.02.02 13:44:46.715,1.38073,1.38081,1.50,1.09
2011.02.02 13:44:47.279,1.38079,1.38087,1.50,1.50
2011.02.02 13:44:47.625,1.38079,1.3809,2.25,1.50
2011.02.02 13:44:48.155,1.38082,1.3809,1.69,2.25
2011.02.02 13:44:48.283,1.38084,1.38094,1.50,1.50
2011.02.02 13:44:49.091,1.38085,1.38094,2.25,1.50
2011.02.02 13:44:49.629,1.38091,1.38101,1.50,1.84
2011.02.02 13:44:49.873,1.38094,1.38101,1.50,1.09
2011.02.02 13:44:51.254,1.38097,1.38103,2.44,6.75
2011.02.02 13:44:51.722,1.38094,1.38104,2.25,7.13
2011.02.02 13:44:51.832,1.38094,1.38104,2.25,4.50
2011.02.02 13:44:52.161,1.38094,1.38101,1.50,1.09
2011.02.02 13:44:56.153,1.38094,1.38101,1.50,1.27
2011.02.02 13:44:56.829,1.38094,1.38103,2.25,1.09
2011.02.02 13:44:57.164,1.38089,1.38098,1.50,1.50
2011.02.02 13:44:57.645,1.38087,1.38094,5.25,1.50
2011.02.02 13:44:57.983,1.38085,1.38094,3.75,1.50
2011.02.02 13:44:58.971,1.38084,1.38094,1.50,1.50
2011.02.02 13:44:59.522,1.38085,1.38096,1.50,2.59
2011.02.02 13:45:00.711,1.38089,1.38098,1.50,1.50
2011.02.02 13:45:00.932,1.38089,1.381,1.50,1.50
2011.02.02 13:45:02.054,1.38089,1.38098,1.50,1.50
2011.02.02 13:45:03.535,1.38088,1.38098,1.69,1.50
2011.02.02 13:45:03.885,1.38087,1.38091,3.00,1.28
2011.02.02 13:45:04.443,1.38087,1.38098,4.69,2.25
2011.02.02 13:45:04.569,1.38087,1.38096,2.25,2.78
2011.02.02 13:45:04.792,1.38084,1.38094,3.00,1.50
2011.02.02 13:45:05.553,1.38083,1.38093,2.44,1.50
2011.02.02 13:45:06.563,1.38083,1.38091,4.50,2.59
2011.02.02 13:45:06.681,1.38079,1.3809,3.75,1.50
2011.02.02 13:45:07.138,1.38079,1.38088,1.50,1.50
2011.02.02 13:45:08.077,1.38078,1.38087,5.25,1.84
2011.02.02 13:45:08.597,1.38078,1.38084,1.50,1.50
2011.02.02 13:45:08.716,1.38075,1.38084,6.00,1.50
2011.02.02 13:45:09.276,1.38075,1.38082,3.75,6.00
2011.02.02 13:45:09.396,1.38073,1.38081,3.75,2.44
2011.02.02 13:45:09.855,1.38073,1.38079,4.69,1.50
2011.02.02 13:45:09.975,1.38065,1.38076,1.50,1.50
2011.02.02 13:45:10.094,1.38067,1.38076,1.50,1.84
2011.02.02 13:45:10.546,1.38066,1.38073,1.50,1.50
2011.02.02 13:45:10.667,1.38064,1.38073,2.25,2.25
2011.02.02 13:45:11.114,1.38062,1.38069,6.00,1.50
2011.02.02 13:45:11.582,1.3806,1.38069,6.00,1.50
2011.02.02 13:45:13.131,1.38061,1.3807,2.44,1.50
2011.02.02 13:45:14.290,1.38062,1.38073,4.50,2.25
2011.02.02 13:45:14.843,1.38062,1.38071,3.75,1.84
2011.02.02 13:45:14.963,1.3806,1.38071,4.88,3.34
2011.02.02 13:45:15.562,1.38059,1.3807,3.00,1.50
2011.02.02 13:45:21.122,1.38059,1.38067,3.00,1.50
2011.02.02 13:45:21.455,1.38055,1.38061,9.00,2.78
2011.02.02 13:45:24.381,1.38047,1.38056,9.19,1.50
2011.02.02 13:45:24.898,1.38048,1.38058,1.69,2.25
2011.02.02 13:45:28.898,1.38049,1.38058,3.19,1.50
2011.02.02 13:45:29.022,1.38049,1.38061,3.94,2.59
2011.02.02 13:45:29.794,1.38049,1.38061,3.94,3.34
2011.02.02 13:45:30.460,1.38049,1.3806,3.94,1.50
2011.02.02 13:45:31.064,1.38049,1.3806,4.69,1.50
2011.02.02 13:45:31.290,1.38049,1.3806,3.94,2.25
2011.02.02 13:45:32.178,1.38058,1.38065,2.44,8.25
2011.02.02 13:45:32.405,1.38059,1.38068,1.69,1.50
2011.02.02 13:45:33.187,1.38059,1.3807,3.94,2.25
2011.02.02 13:45:34.510,1.38059,1.3807,3.94,3.00
2011.02.02 13:45:36.530,1.38061,1.38069,1.50,1.50
2011.02.02 13:45:36.994,1.38067,1.38073,1.50,11.22
2011.02.02 13:45:37.121,1.38067,1.38072,3.75,1.50
2011.02.02 13:45:37.235,1.38069,1.38077,1.50,1.50
2011.02.02 13:45:37.759,1.38069,1.38078,3.00,1.50
2011.02.02 13:45:38.324,1.38068,1.38076,1.50,1.09
2011.02.02 13:45:38.760,1.38067,1.38076,2.25,1.84
2011.02.02 13:45:38.880,1.38065,1.38076,3.00,3.34
2011.02.02 13:45:39.113,1.38066,1.38075,2.25,1.50
2011.02.02 13:45:39.651,1.38069,1.38078,1.50,1.50
2011.02.02 13:45:40.212,1.3807,1.3808,7.50,2.25
2011.02.02 13:45:40.758,1.38071,1.3808,1.50,3.00
2011.02.02 13:45:41.312,1.3807,1.38078,1.50,1.50
2011.02.02 13:45:41.434,1.3807,1.38078,1.50,1.50
2011.02.02 13:45:42.422,1.38079,1.38083,2.44,4.13
2011.02.02 13:45:43.975,1.38079,1.38085,1.50,1.50
2011.02.02 13:45:44.411,1.38074,1.38083,2.44,1.50
2011.02.02 13:45:44.526,1.38072,1.38083,3.94,1.50
2011.02.02 13:45:45.349,1.38077,1.38086,3.19,1.50
2011.02.02 13:45:45.587,1.38077,1.38087,8.44,2.25
2011.02.02 13:45:46.376,1.38077,1.38085,7.69,1.50
2011.02.02 13:45:46.608,1.38077,1.38085,5.25,1.50
2011.02.02 13:45:47.050,1.38072,1.38081,6.19,1.50
2011.02.02 13:45:47.383,1.38077,1.38086,2.25,4.98
2011.02.02 13:45:47.505,1.38077,1.38085,3.00,1.50
2011.02.02 13:45:47.934,1.38077,1.38086,3.00,1.50
2011.02.02 13:45:48.612,1.38079,1.38085,2.25,1.50
2011.02.02 13:45:48.954,1.38078,1.38087,4.69,1.50
2011.02.02 13:45:50.965,1.38078,1.38086,1.69,1.50
2011.02.02 13:45:53.121,1.38078,1.38087,5.44,2.25
2011.02.02 13:45:55.023,1.38083,1.38089,1.69,1.50
2011.02.02 13:45:55.519,1.38088,1.38094,1.69,4.88
2011.02.02 13:45:55.644,1.38087,1.38094,1.50,1.50
2011.02.02 13:45:55.761,1.38084,1.38093,2.44,1.50
2011.02.02 13:45:58.234,1.38088,1.38097,1.50,1.50
2011.02.02 13:45:58.809,1.38088,1.38097,3.00,1.50
2011.02.02 13:45:59.036,1.38087,1.38096,6.00,1.84
2011.02.02 13:45:59.373,1.38084,1.38093,3.00,1.50
2011.02.02 13:46:01.453,1.38082,1.38091,8.25,1.09
2011.02.02 13:46:02.038,1.3808,1.38091,2.25,1.84
2011.02.02 13:46:02.580,1.3808,1.3809,2.25,1.50
2011.02.02 13:46:03.129,1.3808,1.38088,1.50,1.50
2011.02.02 13:46:08.091,1.38077,1.38085,10.69,1.09
2011.02.02 13:46:08.214,1.38074,1.38081,1.50,2.69
2011.02.02 13:46:08.336,1.38069,1.38079,1.69,1.50
2011.02.02 13:46:08.453,1.38068,1.38076,1.50,1.50
2011.02.02 13:46:09.009,1.38066,1.38076,1.50,3.00
2011.02.02 13:46:09.781,1.38067,1.38076,1.50,2.25
2011.02.02 13:46:11.382,1.38067,1.38075,3.75,1.50
2011.02.02 13:46:11.858,1.38065,1.38069,1.50,1.09
2011.02.02 13:46:11.980,1.38065,1.3807,1.50,1.50
2011.02.02 13:46:12.094,1.38062,1.3807,1.50,1.50
2011.02.02 13:46:12.647,1.38061,1.38069,1.50,2.25
2011.02.02 13:46:14.348,1.3806,1.38066,1.50,1.50
2011.02.02 13:46:14.465,1.38057,1.38066,2.25,1.50
2011.02.02 13:46:15.107,1.3806,1.38066,1.50,1.50
2011.02.02 13:46:16.864,1.38059,1.38068,2.25,1.50
2011.02.02 13:46:19.519,1.38059,1.38068,3.94,1.50
2011.02.02 13:46:19.849,1.38059,1.38068,3.94,1.50
2011.02.02 13:46:20.555,1.38061,1.3807,2.25,1.50
2011.02.02 13:46:21.123,1.3806,1.3807,2.25,1.50
2011.02.02 13:46:21.673,1.38062,1.3807,2.25,1.50
2011.02.02 13:46:23.470,1.38061,1.3807,2.25,1.50
2011.02.02 13:46:25.140,1.38059,1.3807,2.44,1.50
2011.02.02 13:46:25.690,1.38059,1.3807,2.44,1.50
2011.02.02 13:46:26.689,1.38059,1.3807,2.44,1.50
2011.02.02 13:46:26.801,1.38059,1.38068,1.50,2.86
2011.02.02 13:46:27.171,1.38059,1.38066,1.50,1.09
2011.02.02 13:46:28.414,1.38057,1.38066,1.50,1.84
2011.02.02 13:46:29.614,1.38058,1.38068,2.25,2.25
2011.02.02 13:46:30.692,1.38061,1.38067,4.50,1.50
2011.02.02 13:46:37.781,1.38064,1.38074,2.25,1.50
2011.02.02 13:46:37.896,1.38062,1.38071,3.75,7.09
2011.02.02 13:46:38.016,1.3806,1.38069,2.25,1.50
2011.02.02 13:46:40.381,1.38059,1.38069,1.69,1.50
2011.02.02 13:46:41.931,1.38059,1.38069,1.69,1.50
2011.02.02 13:46:42.400,1.38057,1.38063,3.75,1.36
2011.02.02 13:46:42.514,1.38054,1.38061,2.25,1.09
2011.02.02 13:46:42.855,1.38051,1.38061,3.00,3.34
2011.02.02 13:46:43.308,1.38051,1.38061,1.50,4.09
2011.02.02 13:46:44.081,1.38047,1.38053,20.82,1.50
2011.02.02 13:46:44.531,1.38048,1.38056,2.25,2.59
2011.02.02 13:46:45.082,1.38048,1.38056,2.25,1.09
2011.02.02 13:46:45.854,1.38049,1.38058,1.50,1.50
2011.02.02 13:46:45.976,1.38051,1.38061,1.50,4.84
2011.02.02 13:46:46.594,1.38053,1.38061,2.25,1.09
2011.02.02 13:46:46.943,1.38055,1.38064,1.50,1.09
2011.02.02 13:46:47.724,1.38055,1.38064,1.50,1.09
2011.02.02 13:46:48.280,1.38055,1.38064,1.50,1.09
2011.02.02 13:46:49.151,1.38055,1.38064,1.50,1.09
2011.02.02 13:46:49.260,1.38055,1.38064,1.50,1.09
2011.02.02 13:46:49.371,1.38055,1.38064,1.50,1.09
2011.02.02 13:46:49.700,1.38055,1.38064,1.50,1.09
2011.02.02 13:46:49.810,1.38055,1.38064,1.50,1.09
2011.02.02 13:46:50.839,1.38055,1.38064,1.50,1.09
2011.02.02 13:46:51.450,1.38054,1.38064,2.25,1.09
2011.02.02 13:46:52.078,1.38055,1.38061,1.50,1.09
2011.02.02 13:46:52.201,1.38055,1.38063,1.50,3.75
2011.02.02 13:46:52.313,1.38055,1.38064,1.50,1.50
2011.02.02 13:46:52.762,1.38055,1.38066,1.50,2.59
2011.02.02 13:46:54.489,1.38055,1.38066,1.50,2.59
2011.02.02 13:46:55.087,1.38057,1.38066,1.50,1.84
2011.02.02 13:46:59.713,1.38055,1.38066,1.50,2.59
2011.02.02 13:47:00.163,1.38055,1.38066,1.50,2.97
2011.02.02 13:47:00.286,1.38054,1.38063,1.50,1.50
2011.02.02 13:47:01.171,1.38054,1.38065,1.50,2.25
2011.02.02 13:47:02.421,1.38054,1.38065,1.50,2.63
2011.02.02 13:47:05.633,1.38057,1.38065,2.25,2.25
2011.02.02 13:47:05.755,1.38057,1.38065,3.00,2.25
2011.02.02 13:47:05.999,1.38057,1.38066,7.50,1.50
2011.02.02 13:47:06.582,1.3806,1.38068,1.32,2.25
2011.02.02 13:47:06.698,1.38059,1.38071,1.88,2.59
2011.02.02 13:47:07.371,1.38059,1.38068,1.50,2.25
2011.02.02 13:47:07.712,1.38057,1.38064,1.50,4.50
2011.02.02 13:47:08.390,1.38058,1.38066,1.69,2.25
2011.02.02 13:47:08.621,1.38058,1.38068,1.69,1.50
2011.02.02 13:47:08.733,1.38063,1.38068,1.69,1.50
2011.02.02 13:47:09.606,1.38056,1.38066,2.25,2.59
2011.02.02 13:47:10.162,1.38054,1.38064,1.50,1.50
2011.02.02 13:47:10.722,1.38053,1.38061,1.50,2.59
2011.02.02 13:47:12.422,1.38053,1.38061,1.50,2.59
2011.02.02 13:47:16.241,1.38054,1.38062,1.69,3.75
2011.02.02 13:47:16.462,1.38054,1.38065,2.44,2.25
2011.02.02 13:47:16.587,1.38053,1.38061,1.50,1.84
2011.02.02 13:47:17.202,1.38054,1.38064,1.50,1.50
2011.02.02 13:47:18.403,1.38053,1.38061,1.50,2.59
2011.02.02 13:47:18.632,1.38052,1.38061,3.75,2.59
2011.02.02 13:47:21.359,1.38049,1.38056,2.25,1.50
2011.02.02 13:47:21.708,1.38043,1.38051,1.50,1.09
2011.02.02 13:47:22.274,1.38044,1.38053,1.69,1.50
2011.02.02 13:47:22.831,1.38044,1.38054,1.69,1.50
2011.02.02 13:47:23.410,1.38044,1.38054,1.50,1.50
2011.02.02 13:47:23.825,1.38044,1.38052,1.50,1.09
2011.02.02 13:47:23.954,1.38041,1.38051,2.25,1.84
2011.02.02 13:47:26.626,1.38048,1.38053,1.69,12.72
2011.02.02 13:47:27.201,1.38049,1.38059,1.69,1.50
2011.02.02 13:47:27.751,1.38049,1.3806,2.44,1.50
2011.02.02 13:47:29.191,1.38047,1.38056,3.00,1.84
2011.02.02 13:47:32.361,1.38048,1.38058,3.00,2.63
2011.02.02 13:47:33.152,1.38047,1.38051,9.19,1.50
2011.02.02 13:47:33.701,1.38043,1.38051,1.50,2.59
2011.02.02 13:47:34.250,1.38041,1.38051,1.50,2.59
2011.02.02 13:47:34.582,1.38043,1.38053,1.69,3.75
2011.02.02 13:47:35.134,1.38044,1.38053,1.50,1.50
2011.02.02 13:47:35.363,1.38045,1.38055,1.50,2.25
2011.02.02 13:47:35.921,1.38045,1.38055,2.25,1.50
2011.02.02 13:47:37.241,1.38045,1.38056,2.25,4.84
2011.02.02 13:47:37.681,1.38045,1.38056,2.25,4.84
2011.02.02 13:47:38.802,1.38044,1.38054,1.50,1.50
2011.02.02 13:47:40.630,1.38044,1.38054,1.50,1.50
2011.02.02 13:47:42.191,1.38044,1.38054,1.50,1.50
2011.02.02 13:47:43.274,1.38044,1.38051,1.50,1.09
2011.02.02 13:47:43.613,1.38043,1.38051,1.50,2.59
2011.02.02 13:47:44.166,1.38041,1.38051,1.50,2.59
2011.02.02 13:47:46.410,1.38041,1.38051,1.50,1.84
2011.02.02 13:47:46.635,1.38043,1.38052,2.44,5.25
2011.02.02 13:47:47.289,1.38044,1.38054,1.50,2.25
2011.02.02 13:47:47.626,1.38045,1.38054,1.69,1.50
2011.02.02 13:47:47.854,1.38049,1.3806,1.50,4.13
2011.02.02 13:47:48.317,1.38049,1.3806,3.00,1.50
2011.02.02 13:47:50.542,1.38049,1.3806,3.19,1.60
2011.02.02 13:47:51.352,1.38049,1.3806,3.19,1.50
2011.02.02 13:47:52.900,1.38047,1.38052,3.75,4.69
2011.02.02 13:47:53.024,1.38047,1.38056,3.75,1.84
2011.02.02 13:47:53.906,1.38046,1.38056,1.50,1.84
2011.02.02 13:47:54.027,1.38046,1.38057,2.25,1.84
2011.02.02 13:47:54.269,1.38049,1.38057,1.50,1.50
2011.02.02 13:47:54.387,1.38049,1.38059,2.25,3.00
2011.02.02 13:47:54.827,1.38048,1.38061,5.25,3.75
2011.02.02 13:47:54.950,1.38051,1.3806,1.50,1.50
2011.02.02 13:47:56.083,1.38051,1.38062,3.00,7.09
2011.02.02 13:47:56.857,1.38057,1.38069,6.94,1.50
2011.02.02 13:47:57.203,1.38058,1.38068,1.69,1.50
2011.02.02 13:47:57.863,1.38058,1.3807,1.69,1.50
2011.02.02 13:47:58.204,1.38059,1.38071,2.44,3.34
2011.02.02 13:47:58.649,1.38068,1.38073,1.50,14.97
2011.02.02 13:47:58.771,1.38069,1.38078,1.50,2.25
2011.02.02 13:47:59.105,1.38067,1.38071,3.00,1.84
2011.02.02 13:47:59.818,1.38058,1.38066,1.50,1.09
2011.02.02 13:48:00.250,1.38057,1.38066,5.25,2.59
2011.02.02 13:48:00.280,1.38058,1.38066,1.50,2.59
2011.02.02 13:48:00.623,1.38063,1.38071,1.50,1.50
2011.02.02 13:48:01.175,1.38063,1.38073,1.50,1.50
2011.02.02 13:48:01.527,1.38069,1.38079,1.50,2.25
2011.02.02 13:48:01.643,1.38069,1.38079,1.50,2.25
2011.02.02 13:48:02.313,1.38066,1.38076,2.25,1.84
2011.02.02 13:48:02.436,1.38064,1.38074,2.25,1.50
2011.02.02 13:48:02.662,1.38064,1.38072,2.25,1.50
2011.02.02 13:48:04.260,1.38062,1.38071,3.75,3.34
2011.02.02 13:48:04.296,1.38059,1.38068,1.50,1.50
2011.02.02 13:48:04.862,1.38059,1.38068,1.50,1.50
2011.02.02 13:48:05.453,1.38059,1.38068,1.50,1.50
2011.02.02 13:48:05.795,1.38062,1.38066,4.50,6.00
2011.02.02 13:48:05.917,1.38067,1.38073,2.25,3.00
2011.02.02 13:48:06.044,1.38064,1.38071,4.50,2.59
2011.02.02 13:48:06.401,1.38064,1.38071,3.75,1.84
2011.02.02 13:48:06.636,1.38062,1.38071,3.75,2.59
2011.02.02 13:48:07.205,1.38059,1.38069,2.25,1.50
2011.02.02 13:48:08.384,1.38059,1.38069,2.25,1.50
2011.02.02 13:48:08.837,1.38062,1.3807,4.50,1.50
2011.02.02 13:48:09.068,1.38068,1.38074,1.69,3.75
2011.02.02 13:48:09.626,1.38068,1.38075,1.50,1.50
2011.02.02 13:48:09.745,1.38065,1.38073,6.00,1.50
2011.02.02 13:48:10.733,1.38064,1.38073,1.50,2.25
2011.02.02 13:48:11.404,1.38064,1.38073,2.25,1.50
2011.02.02 13:48:11.634,1.38064,1.38072,1.50,1.50
2011.02.02 13:48:12.555,1.38068,1.38073,1.50,1.50
2011.02.02 13:48:13.104,1.38069,1.38078,1.50,4.50
2011.02.02 13:48:13.456,1.3807,1.38078,1.50,1.50
2011.02.02 13:48:13.870,1.38067,1.38076,13.88,1.84
2011.02.02 13:48:13.993,1.38067,1.38074,1.50,4.88
2011.02.02 13:48:14.222,1.38064,1.38074,5.25,1.50
2011.02.02 13:48:17.862,1.38063,1.38071,1.50,1.84
2011.02.02 13:48:18.086,1.38063,1.38071,1.50,2.59
2011.02.02 13:48:18.322,1.38067,1.38073,2.25,6.75
2011.02.02 13:48:18.774,1.38062,1.38071,2.25,2.59
2011.02.02 13:48:19.442,1.38061,1.38071,1.50,2.59
2011.02.02 13:48:19.664,1.38059,1.38069,1.50,4.50
2011.02.02 13:48:19.783,1.38058,1.38066,3.00,1.84
2011.02.02 13:48:19.904,1.38058,1.38064,3.00,3.75
2011.02.02 13:48:20.446,1.38057,1.38065,1.50,2.25
2011.02.02 13:48:20.567,1.38057,1.38065,1.50,1.50
2011.02.02 13:48:20.685,1.38057,1.38066,1.50,2.59
2011.02.02 13:48:20.914,1.38055,1.38066,1.59,2.59
2011.02.02 13:48:21.671,1.38058,1.38066,1.50,2.59
2011.02.02 13:48:22.222,1.38058,1.38066,1.50,2.59
2011.02.02 13:48:23.201,1.38063,1.38068,1.50,1.50
2011.02.02 13:48:23.315,1.3806,1.38071,9.19,1.84
2011.02.02 13:48:23.873,1.3806,1.38071,1.50,1.84
2011.02.02 13:48:28.553,1.38058,1.38067,1.50,1.36
2011.02.02 13:48:28.672,1.38058,1.38066,1.50,1.28
2011.02.02 13:48:28.895,1.38059,1.38068,1.50,1.28
2011.02.02 13:48:30.311,1.38062,1.38069,1.50,1.09
2011.02.02 13:48:30.725,1.38067,1.38072,2.25,10.09
2011.02.02 13:48:30.851,1.38069,1.38077,1.50,2.25
2011.02.02 13:48:31.756,1.38066,1.38075,1.50,1.50
2011.02.02 13:48:32.316,1.38065,1.38071,1.73,1.09
2011.02.02 13:48:33.164,1.38056,1.38066,1.50,2.25
2011.02.02 13:48:33.711,1.38056,1.38066,1.50,2.25
2011.02.02 13:48:34.370,1.38056,1.38064,1.50,4.50
2011.02.02 13:48:34.860,1.38052,1.3806,7.50,1.65
2011.02.02 13:48:34.990,1.38049,1.3806,1.50,1.28
2011.02.02 13:48:35.772,1.38046,1.38053,1.50,2.25
2011.02.02 13:48:35.995,1.38046,1.38056,1.50,1.09
2011.02.02 13:48:36.116,1.38046,1.38056,1.50,1.09
2011.02.02 13:48:37.016,1.38049,1.38057,1.50,1.50
2011.02.02 13:48:37.569,1.38054,1.38062,1.50,1.09
2011.02.02 13:48:37.913,1.38056,1.38066,1.50,3.00
2011.02.02 13:48:38.718,1.38056,1.38061,3.75,1.09
2011.02.02 13:48:38.834,1.38055,1.38063,1.50,7.50
2011.02.02 13:48:39.492,1.38056,1.38065,1.50,1.50
2011.02.02 13:48:40.387,1.38056,1.38066,1.50,1.84
2011.02.02 13:48:40.736,1.38055,1.38064,1.50,2.59
2011.02.02 13:48:41.272,1.38056,1.38065,1.50,1.09
2011.02.02 13:48:41.884,1.38054,1.38064,2.25,1.09
2011.02.02 13:48:42.127,1.38051,1.38061,1.50,1.84
2011.02.02 13:48:42.758,1.38053,1.38061,1.50,1.09
2011.02.02 13:48:42.877,1.38053,1.38061,1.50,1.09
2011.02.02 13:48:43.214,1.38051,1.38061,2.44,1.84
2011.02.02 13:48:43.552,1.38051,1.38056,1.50,4.36
2011.02.02 13:48:44.146,1.38048,1.38058,4.69,1.50
2011.02.02 13:48:44.372,1.38049,1.3806,2.25,2.25
2011.02.02 13:48:44.940,1.38049,1.38058,2.25,1.09
2011.02.02 13:48:45.164,1.38049,1.3806,3.00,5.63
2011.02.02 13:48:45.611,1.38049,1.3806,3.00,1.50
2011.02.02 13:48:46.155,1.38049,1.3806,3.00,1.50
2011.02.02 13:48:46.710,1.38049,1.3806,3.00,1.50
2011.02.02 13:48:47.061,1.38047,1.38053,20.07,1.09
2011.02.02 13:48:47.602,1.38046,1.38055,1.50,1.88
2011.02.02 13:48:47.720,1.38043,1.38052,1.69,1.50
2011.02.02 13:48:48.271,1.38043,1.38052,1.69,1.50
2011.02.02 13:48:50.261,1.38047,1.38054,1.50,2.25
2011.02.02 13:48:50.697,1.38045,1.38054,3.63,2.25
2011.02.02 13:48:50.823,1.38045,1.38051,1.50,1.09
2011.02.02 13:48:50.943,1.38039,1.3805,1.13,1.50
2011.02.02 13:48:51.474,1.38038,1.38048,6.00,1.50
2011.02.02 13:48:51.837,1.38031,1.38041,17.25,1.84
2011.02.02 13:48:52.067,1.38029,1.38035,6.75,1.50
2011.02.02 13:48:52.602,1.38028,1.38033,3.75,1.50
2011.02.02 13:48:52.715,1.38024,1.38032,3.19,1.50
2011.02.02 13:48:53.697,1.38028,1.38033,3.75,1.50
2011.02.02 13:48:53.813,1.38028,1.38035,3.75,1.50
2011.02.02 13:48:53.934,1.38028,1.38036,3.75,1.50
2011.02.02 13:48:54.523,1.38028,1.38038,3.75,1.50
2011.02.02 13:48:54.756,1.38028,1.38035,7.50,1.50
2011.02.02 13:48:55.269,1.38028,1.38033,3.75,1.50
2011.02.02 13:48:55.383,1.38024,1.38031,1.08,1.84
2011.02.02 13:48:55.616,1.38019,1.38031,2.63,2.59
2011.02.02 13:48:55.953,1.38019,1.38029,1.69,1.50
2011.02.02 13:48:56.397,1.38018,1.38029,6.94,1.50
2011.02.02 13:48:56.844,1.38022,1.38029,1.69,2.25
2011.02.02 13:48:57.497,1.38024,1.38033,1.69,1.50
2011.02.02 13:48:58.206,1.38024,1.38033,1.50,1.50
2011.02.02 13:48:58.328,1.38022,1.38031,3.19,1.84
2011.02.02 13:48:58.661,1.38022,1.3803,3.19,1.50
2011.02.02 13:49:01.802,1.38022,1.3803,3.00,1.50
2011.02.02 13:49:03.791,1.38022,1.3803,6.83,1.50
2011.02.02 13:49:04.925,1.38017,1.38024,3.75,1.50
2011.02.02 13:49:05.579,1.38017,1.38024,3.75,1.50
2011.02.02 13:49:05.699,1.38015,1.38022,7.50,4.88
2011.02.02 13:49:05.817,1.38015,1.38021,3.75,2.59
2011.02.02 13:49:05.937,1.3801,1.38021,3.75,2.59
2011.02.02 13:49:06.053,1.3801,1.3802,3.75,1.50
2011.02.02 13:49:06.716,1.3801,1.38018,4.69,1.50
2011.02.02 13:49:07.272,1.38013,1.38021,4.69,1.50
2011.02.02 13:49:09.273,1.38014,1.38021,4.50,1.50
2011.02.02 13:49:09.778,1.38018,1.38022,8.25,2.25
2011.02.02 13:49:09.903,1.38018,1.38028,8.25,3.00
2011.02.02 13:49:10.029,1.38023,1.38028,3.75,3.34
2011.02.02 13:49:10.577,1.38018,1.38022,9.75,4.50
2011.02.02 13:49:11.795,1.3801,1.38019,3.75,2.25
2011.02.02 13:49:11.912,1.38007,1.38019,6.94,1.50
2011.02.02 13:49:12.349,1.38012,1.3802,1.50,2.25
2011.02.02 13:49:12.694,1.38006,1.38014,3.75,1.50
2011.02.02 13:49:13.455,1.38004,1.38014,3.75,2.25
2011.02.02 13:49:14.023,1.38004,1.38016,4.50,1.84
2011.02.02 13:49:15.226,1.38004,1.38011,4.50,1.09
2011.02.02 13:49:15.452,1.38,1.3801,1.13,2.25
2011.02.02 13:49:16.201,1.37999,1.38009,1.50,1.50
2011.02.02 13:49:16.753,1.37998,1.38009,5.44,1.50
2011.02.02 13:49:17.202,1.37998,1.38006,3.94,1.50
2011.02.02 13:49:17.636,1.37998,1.38008,4.69,1.50
2011.02.02 13:49:18.192,1.37998,1.38009,5.44,2.25
2011.02.02 13:49:19.612,1.38004,1.3801,4.69,1.50
2011.02.02 13:49:20.147,1.38003,1.38012,17.82,8.25
2011.02.02 13:49:20.586,1.38004,1.38014,1.69,9.00
2011.02.02 13:49:20.711,1.38007,1.38014,1.50,1.50
2011.02.02 13:49:20.937,1.38006,1.38017,3.19,5.59
2011.02.02 13:49:21.297,1.38007,1.38018,3.19,5.25
2011.02.02 13:49:21.425,1.38009,1.38018,1.50,3.00
2011.02.02 13:49:21.542,1.3801,1.38019,1.50,3.00
2011.02.02 13:49:21.656,1.38013,1.38019,1.50,1.09
2011.02.02 13:49:22.295,1.38015,1.38019,3.00,3.83
2011.02.02 13:49:22.938,1.38015,1.38022,1.50,1.09
2011.02.02 13:49:23.062,1.38015,1.38024,2.25,1.50
2011.02.02 13:49:23.805,1.38016,1.38026,1.50,1.09
2011.02.02 13:49:24.047,1.38019,1.38025,2.25,1.50
2011.02.02 13:49:24.168,1.38021,1.38025,1.13,1.50
2011.02.02 13:49:24.597,1.38021,1.38028,8.25,1.69
2011.02.02 13:49:24.718,1.38023,1.38028,4.65,3.00
2011.02.02 13:49:25.257,1.38023,1.38031,1.50,1.28
2011.02.02 13:49:25.384,1.38025,1.38031,3.75,1.50
2011.02.02 13:49:26.431,1.38025,1.38033,1.50,1.50
2011.02.02 13:49:27.025,1.38026,1.38035,2.67,1.50
2011.02.02 13:49:27.583,1.38027,1.38036,2.67,1.50
2011.02.02 13:49:28.131,1.38028,1.38037,1.73,1.50
2011.02.02 13:49:28.242,1.38029,1.38038,1.73,1.50
2011.02.02 13:49:29.319,1.38031,1.38038,2.25,5.25
2011.02.02 13:49:29.668,1.38031,1.3804,1.50,9.75
2011.02.02 13:49:30.186,1.38033,1.3804,3.19,2.25
2011.02.02 13:49:30.771,1.38033,1.38042,3.94,1.09
2011.02.02 13:49:31.498,1.38034,1.38043,1.13,6.75
2011.02.02 13:49:31.617,1.38035,1.38044,1.50,2.25
2011.02.02 13:49:32.465,1.38038,1.38044,6.00,5.25
2011.02.02 13:49:33.045,1.38037,1.38047,2.25,1.17
2011.02.02 13:49:33.176,1.38041,1.38046,6.38,1.50
2011.02.02 13:49:33.295,1.38041,1.38048,1.50,1.50
2011.02.02 13:49:34.473,1.38041,1.3805,3.38,1.84
2011.02.02 13:49:34.927,1.38043,1.38051,2.25,4.50
2011.02.02 13:49:35.297,1.38043,1.38052,1.50,4.50
2011.02.02 13:49:35.426,1.38045,1.38052,1.50,1.50
2011.02.02 13:49:36.666,1.38045,1.38054,1.13,2.25
2011.02.02 13:49:37.205,1.38046,1.38056,1.50,1.50
2011.02.02 13:49:37.543,1.38048,1.38057,1.50,5.25
2011.02.02 13:49:37.883,1.38049,1.38058,1.50,5.25
2011.02.02 13:49:38.001,1.38052,1.38058,1.50,1.50
2011.02.02 13:49:38.116,1.38053,1.38058,1.50,1.50
2011.02.02 13:49:38.701,1.38054,1.3806,1.50,1.50
2011.02.02 13:49:38.923,1.38054,1.38062,1.50,5.25
2011.02.02 13:49:40.096,1.38054,1.38064,2.33,4.84
2011.02.02 13:49:41.215,1.38055,1.38065,2.33,4.84
2011.02.02 13:49:41.857,1.38056,1.38066,1.50,7.09
2011.02.02 13:49:41.977,1.38057,1.38067,2.25,1.09
2011.02.02 13:49:42.314,1.3806,1.38066,1.50,4.09
2011.02.02 13:49:44.197,1.3806,1.38069,3.75,4.84
2011.02.02 13:49:44.566,1.38062,1.38069,1.50,1.50
2011.02.02 13:49:45.125,1.38061,1.38072,1.50,5.03
2011.02.02 13:49:45.804,1.38063,1.38072,6.75,2.25
2011.02.02 13:49:46.044,1.38064,1.38073,1.50,1.50
2011.02.02 13:49:47.618,1.38065,1.38075,1.50,1.50
2011.02.02 13:49:48.176,1.38066,1.38076,1.50,1.69
2011.02.02 13:49:48.822,1.3807,1.38075,1.88,3.75
2011.02.02 13:49:48.936,1.3807,1.38077,1.50,4.84
2011.02.02 13:49:49.056,1.38071,1.38079,1.50,1.09
2011.02.02 13:49:49.593,1.38071,1.38081,2.25,5.59
2011.02.02 13:49:49.718,1.38072,1.38082,2.25,1.09
2011.02.02 13:49:50.163,1.38074,1.38082,1.50,1.50
2011.02.02 13:49:50.812,1.38074,1.38084,1.50,1.84
2011.02.02 13:49:52.460,1.38081,1.38091,1.50,1.09
2011.02.02 13:49:52.791,1.38084,1.38091,1.69,1.09
2011.02.02 13:49:53.251,1.38084,1.38094,2.44,3.75
2011.02.02 13:49:54.014,1.38086,1.38095,1.50,1.92
2011.02.02 13:49:54.686,1.38086,1.38095,1.50,1.92
2011.02.02 13:49:55.402,1.38082,1.38092,1.50,4.84
2011.02.02 13:49:55.520,1.38082,1.38091,1.50,1.09
2011.02.02 13:49:56.294,1.38084,1.38093,2.25,3.75
2011.02.02 13:49:56.415,1.38082,1.38093,1.50,4.84
2011.02.02 13:49:56.862,1.38082,1.38092,1.50,4.09
2011.02.02 13:49:57.742,1.38082,1.38091,1.50,1.09
2011.02.02 13:49:57.961,1.38081,1.3809,1.50,1.50
2011.02.02 13:49:59.653,1.38079,1.38088,1.50,2.11
2011.02.02 13:50:00.250,1.38076,1.38082,1.50,4.36
2011.02.02 13:50:00.374,1.38071,1.38081,1.50,2.78
2011.02.02 13:50:02.168,1.3807,1.38075,1.50,8.25
2011.02.02 13:50:02.608,1.38068,1.38075,18.94,4.84
2011.02.02 13:50:02.732,1.38065,1.38075,4.69,1.50
2011.02.02 13:50:03.288,1.38064,1.38074,18.57,2.03
2011.02.02 13:50:03.410,1.38064,1.38071,1.50,1.50
2011.02.02 13:50:03.528,1.38064,1.3807,1.13,4.50
2011.02.02 13:50:04.058,1.38063,1.38068,1.50,1.50
2011.02.02 13:50:04.183,1.3806,1.3807,1.64,2.25
2011.02.02 13:50:04.305,1.38061,1.38068,2.44,2.25
2011.02.02 13:50:04.426,1.38058,1.38069,2.44,2.25
2011.02.02 13:50:05.195,1.38057,1.38068,3.19,3.00
2011.02.02 13:50:05.971,1.38056,1.38067,1.84,4.50
2011.02.02 13:50:06.091,1.38056,1.38065,10.88,1.50
2011.02.02 13:50:06.997,1.38055,1.38065,6.19,1.09
2011.02.02 13:50:07.640,1.38053,1.38064,6.19,1.50
2011.02.02 13:50:07.753,1.38052,1.38062,2.44,1.50
2011.02.02 13:50:07.875,1.38052,1.38061,2.25,1.50
2011.02.02 13:50:08.107,1.3805,1.38061,2.25,8.44
2011.02.02 13:50:08.532,1.38049,1.38059,2.25,1.50
2011.02.02 13:50:08.648,1.38047,1.38058,1.50,2.25
2011.02.02 13:50:10.323,1.38047,1.38057,2.25,2.25
2011.02.02 13:50:10.545,1.38048,1.38054,1.50,1.50
2011.02.02 13:50:10.968,1.38046,1.38054,1.50,4.50
2011.02.02 13:50:11.092,1.38045,1.38053,1.50,4.84
2011.02.02 13:50:11.315,1.38042,1.38053,1.50,4.84
2011.02.02 13:50:12.296,1.38047,1.38051,1.50,13.84
2011.02.02 13:50:13.005,1.3805,1.38061,7.39,4.09
2011.02.02 13:50:13.527,1.38053,1.38065,1.50,1.84
2011.02.02 13:50:13.864,1.38055,1.38066,3.00,5.59
2011.02.02 13:50:13.988,1.38059,1.38066,1.50,3.34
2011.02.02 13:50:14.455,1.38063,1.3807,2.25,1.69
2011.02.02 13:50:15.044,1.38059,1.38071,2.25,2.25
2011.02.02 13:50:15.273,1.3806,1.38068,1.50,1.50
2011.02.02 13:50:17.359,1.3806,1.38067,1.50,1.36
2011.02.02 13:50:17.709,1.38059,1.38066,1.17,4.09
2011.02.02 13:50:18.161,1.38056,1.38067,2.25,15.19
2011.02.02 13:50:18.289,1.38056,1.38065,4.50,13.50
2011.02.02 13:50:18.636,1.38054,1.38065,1.50,2.59
2011.02.02 13:50:19.015,1.38053,1.38064,1.50,2.59
2011.02.02 13:50:19.144,1.38052,1.38063,1.50,1.50
2011.02.02 13:50:20.785,1.38051,1.38061,2.25,2.25
2011.02.02 13:50:20.905,1.38049,1.38056,1.50,3.75
2011.02.02 13:50:21.344,1.3805,1.38061,1.50,1.84
2011.02.02 13:50:21.471,1.3805,1.38061,2.25,1.09
2011.02.02 13:50:22.229,1.3805,1.38061,3.00,1.09
2011.02.02 13:50:22.455,1.38054,1.38063,5.25,3.75
2011.02.02 13:50:22.698,1.38058,1.38068,5.44,1.50
2011.02.02 13:50:23.535,1.38057,1.38061,10.50,1.09
2011.02.02 13:50:24.011,1.38058,1.38068,5.44,1.50
2011.02.02 13:50:24.562,1.38059,1.3807,1.69,1.50
2011.02.02 13:50:26.986,1.38058,1.38063,5.44,1.50
2011.02.02 13:50:27.228,1.38055,1.38061,1.08,3.75
2011.02.02 13:50:27.348,1.38055,1.38065,1.08,1.50
2011.02.02 13:50:27.771,1.38052,1.38061,1.68,4.50
2011.02.02 13:50:27.895,1.38047,1.38058,3.00,1.50
2011.02.02 13:50:28.015,1.38047,1.38058,1.50,6.00
2011.02.02 13:50:28.580,1.38049,1.38058,1.50,5.59
2011.02.02 13:50:28.700,1.38049,1.38059,1.50,6.00
2011.02.02 13:50:28.814,1.3805,1.38059,1.50,4.50
2011.02.02 13:50:29.441,1.38054,1.38065,1.50,3.00
2011.02.02 13:50:35.457,1.38057,1.38065,1.50,1.50
2011.02.02 13:50:36.218,1.38058,1.38069,5.25,1.65
2011.02.02 13:50:36.336,1.38058,1.38063,5.25,2.44
2011.02.02 13:50:36.461,1.38055,1.38062,4.50,3.75
2011.02.02 13:50:37.644,1.38053,1.38062,1.50,1.84
2011.02.02 13:50:38.422,1.3805,1.38061,1.32,2.59
2011.02.02 13:50:38.536,1.38052,1.38061,1.69,2.25
2011.02.02 13:50:39.213,1.38051,1.38061,2.25,2.25
2011.02.02 13:50:39.335,1.38052,1.38061,1.69,2.25
2011.02.02 13:50:41.720,1.38049,1.38056,8.25,1.09
2011.02.02 13:50:41.958,1.3805,1.38059,1.50,1.50
2011.02.02 13:50:42.553,1.38043,1.38053,3.00,1.50
2011.02.02 13:50:43.106,1.38043,1.38052,1.50,1.50
2011.02.02 13:50:43.793,1.38041,1.38049,1.50,1.50
2011.02.02 13:50:44.038,1.38039,1.38047,1.50,1.50
2011.02.02 13:50:44.155,1.38042,1.38048,1.50,4.50
2011.02.02 13:50:44.603,1.38047,1.38053,2.25,14.63
2011.02.02 13:50:44.735,1.38047,1.38055,1.50,1.09
2011.02.02 13:50:44.967,1.38051,1.38061,1.50,1.09
2011.02.02 13:50:46.266,1.38054,1.38063,1.50,2.25
2011.02.02 13:50:46.385,1.38056,1.38065,1.50,2.63
2011.02.02 13:50:46.503,1.38056,1.38065,1.50,1.50
2011.02.02 13:50:46.920,1.38054,1.38065,1.50,1.50
2011.02.02 13:50:47.265,1.38052,1.3806,3.00,5.25
2011.02.02 13:50:47.385,1.38052,1.38061,3.00,1.09
2011.02.02 13:50:49.126,1.3805,1.38058,4.50,2.59
2011.02.02 13:50:49.247,1.38046,1.38056,1.50,1.09
2011.02.02 13:50:49.364,1.38044,1.38054,1.50,1.50
2011.02.02 13:50:49.891,1.38044,1.38052,1.50,1.50
2011.02.02 13:50:51.072,1.38042,1.38052,6.00,1.50
2011.02.02 13:50:51.193,1.38041,1.38051,1.50,1.09
2011.02.02 13:50:51.534,1.38042,1.38051,6.19,1.50
2011.02.02 13:50:51.765,1.38044,1.38052,1.50,1.50
2011.02.02 13:50:52.299,1.38044,1.38055,1.50,1.50
2011.02.02 13:50:52.636,1.38046,1.38056,1.50,1.09
2011.02.02 13:50:53.194,1.38047,1.38057,3.00,1.50
2011.02.02 13:50:53.609,1.38049,1.38058,1.50,5.25
2011.02.02 13:50:53.730,1.38052,1.38061,3.19,1.84
2011.02.02 13:50:54.470,1.38047,1.38053,9.00,1.69
2011.02.02 13:50:54.595,1.38046,1.38055,1.50,3.00
2011.02.02 13:50:54.716,1.38048,1.38055,4.69,2.25
2011.02.02 13:50:55.208,1.38048,1.38056,4.69,4.50
2011.02.02 13:50:55.335,1.38044,1.38052,1.69,4.50
2011.02.02 13:50:56.505,1.38043,1.38051,2.44,1.50
2011.02.02 13:50:57.278,1.38043,1.3805,1.50,1.50
2011.02.02 13:50:57.844,1.38045,1.38051,4.50,1.50
2011.02.02 13:50:58.073,1.38048,1.38056,3.75,1.84
2011.02.02 13:50:58.504,1.38052,1.3806,1.88,1.09
2011.02.02 13:50:58.632,1.38049,1.38061,1.50,1.50
2011.02.02 13:50:58.744,1.38049,1.38059,1.50,1.50
2011.02.02 13:50:59.424,1.38042,1.38052,4.50,4.50
2011.02.02 13:50:59.545,1.38041,1.38052,1.50,4.50
2011.02.02 13:51:00.371,1.3804,1.38049,1.50,1.50
2011.02.02 13:51:02.703,1.38038,1.38046,5.25,1.09
2011.02.02 13:51:02.934,1.38033,1.38041,4.50,1.09
2011.02.02 13:51:03.485,1.38033,1.3804,4.50,1.50
2011.02.02 13:51:03.610,1.38033,1.38042,1.69,1.50
2011.02.02 13:51:05.623,1.38032,1.38042,3.75,6.75
2011.02.02 13:51:06.098,1.38031,1.3804,8.25,3.34
2011.02.02 13:51:06.624,1.3803,1.3804,1.50,3.34
2011.02.02 13:51:07.195,1.38029,1.38039,1.50,3.34
2011.02.02 13:51:07.752,1.38028,1.38038,1.50,3.34
2011.02.02 13:51:08.649,1.38023,1.38031,1.69,3.34
2011.02.02 13:51:08.767,1.38023,1.38031,1.69,2.25
2011.02.02 13:51:09.224,1.38018,1.38023,2.25,1.50
2011.02.02 13:51:09.351,1.38014,1.38025,5.25,1.09
2011.02.02 13:51:09.471,1.38013,1.38023,2.25,2.25
2011.02.02 13:51:10.005,1.38011,1.38021,5.44,1.47
2011.02.02 13:51:10.126,1.38013,1.38021,1.50,1.09
2011.02.02 13:51:10.696,1.38011,1.38016,1.50,1.09
2011.02.02 13:51:11.038,1.3801,1.38015,4.50,4.50
2011.02.02 13:51:11.155,1.38012,1.38019,2.44,4.50
2011.02.02 13:51:13.224,1.38013,1.38023,1.50,1.50
2011.02.02 13:51:13.767,1.38013,1.38022,1.50,1.09
2011.02.02 13:51:14.872,1.38013,1.3802,1.50,1.50
2011.02.02 13:51:14.986,1.38012,1.38018,1.50,1.50
2011.02.02 13:51:15.387,1.38005,1.38013,26.25,1.50
2011.02.02 13:51:15.513,1.38008,1.38012,1.50,3.75
2011.02.02 13:51:16.254,1.3801,1.38015,3.75,2.25
2011.02.02 13:51:16.893,1.38003,1.38011,3.00,4.84
2011.02.02 13:51:17.773,1.37996,1.38005,1.50,1.50
2011.02.02 13:51:18.225,1.37998,1.38007,4.50,1.50
2011.02.02 13:51:18.860,1.37999,1.3801,2.25,4.50
2011.02.02 13:51:18.975,1.38,1.38011,1.50,1.84
2011.02.02 13:51:19.314,1.38002,1.38011,1.50,2.25
2011.02.02 13:51:20.824,1.38006,1.3801,4.69,1.50
2011.02.02 13:51:21.375,1.38005,1.38014,1.69,2.25
2011.02.02 13:51:21.945,1.3801,1.38021,1.88,1.84
2011.02.02 13:51:22.067,1.3801,1.38021,1.50,2.59
2011.02.02 13:51:22.509,1.3801,1.38021,1.50,2.59
2011.02.02 13:51:23.074,1.38011,1.38021,1.50,2.59
2011.02.02 13:51:23.526,1.38011,1.38021,1.50,2.59
2011.02.02 13:51:23.655,1.38021,1.38025,2.44,9.72
2011.02.02 13:51:24.230,1.38019,1.38028,2.25,1.36
2011.02.02 13:51:24.357,1.38019,1.38026,4.50,2.86
2011.02.02 13:51:24.584,1.38016,1.38027,3.00,2.11
2011.02.02 13:51:24.941,1.38016,1.38026,1.50,2.11
2011.02.02 13:51:25.061,1.3801,1.38021,1.50,3.34
2011.02.02 13:51:26.266,1.3801,1.38021,1.50,8.59
2011.02.02 13:51:26.493,1.38008,1.38019,1.50,1.70
2011.02.02 13:51:26.603,1.38012,1.3802,1.50,1.13
2011.02.02 13:51:27.394,1.3801,1.38021,10.32,2.25
2011.02.02 13:51:27.625,1.38011,1.38019,2.25,1.50
2011.02.02 13:51:27.855,1.38009,1.38016,3.75,1.84
2011.02.02 13:51:28.273,1.38005,1.38014,1.50,1.50
2011.02.02 13:51:28.624,1.38009,1.3802,1.50,3.00
2011.02.02 13:51:29.572,1.38014,1.3802,3.75,3.00
2011.02.02 13:51:30.213,1.38017,1.38025,1.50,2.25
2011.02.02 13:51:30.366,1.38018,1.38027,4.69,1.50
2011.02.02 13:51:30.485,1.38018,1.38027,4.69,1.50
2011.02.02 13:51:30.992,1.38019,1.38029,1.50,2.25
2011.02.02 13:51:32.037,1.38018,1.38025,3.75,1.50
2011.02.02 13:51:32.153,1.38014,1.38026,3.19,2.59
2011.02.02 13:51:33.370,1.38014,1.38024,1.50,1.50
2011.02.02 13:51:34.219,1.38014,1.38023,1.50,1.50
2011.02.02 13:51:34.340,1.38009,1.38021,2.25,1.84
2011.02.02 13:51:34.673,1.38011,1.38021,1.69,3.75
2011.02.02 13:51:35.253,1.38012,1.38021,5.44,2.25
2011.02.02 13:51:37.438,1.38017,1.38023,1.50,3.00
2011.02.02 13:51:37.564,1.38018,1.38028,4.50,2.44
2011.02.02 13:51:38.310,1.38013,1.38023,1.69,1.88
2011.02.02 13:51:38.644,1.38014,1.38024,1.69,6.00
2011.02.02 13:51:40.303,1.38017,1.38024,2.44,1.50
2011.02.02 13:51:40.534,1.38018,1.38028,5.44,1.50
2011.02.02 13:51:41.355,1.38017,1.38026,3.00,1.84
2011.02.02 13:51:41.599,1.38017,1.38028,3.75,2.25
2011.02.02 13:51:42.893,1.38018,1.38029,5.44,1.50
2011.02.02 13:51:47.283,1.38028,1.38032,3.75,6.25
2011.02.02 13:51:47.509,1.38028,1.38036,5.44,3.00
2011.02.02 13:51:47.626,1.38028,1.38039,5.44,1.50
2011.02.02 13:51:48.426,1.38029,1.38039,1.69,1.50
2011.02.02 13:51:49.116,1.38027,1.38037,25.69,1.09
2011.02.02 13:51:49.243,1.38029,1.38033,1.69,1.50
2011.02.02 13:51:49.360,1.38028,1.38035,5.44,4.88
2011.02.02 13:51:51.762,1.38028,1.38036,5.44,1.50
2011.02.02 13:51:52.521,1.38027,1.38035,1.50,2.11
2011.02.02 13:51:52.747,1.38025,1.38036,3.75,2.11
2011.02.02 13:51:55.284,1.38024,1.38035,2.25,2.25
2011.02.02 13:51:55.920,1.38023,1.38034,6.00,1.50
2011.02.02 13:51:56.253,1.38024,1.38031,5.25,1.09
2011.02.02 13:51:56.594,1.38022,1.38031,1.50,1.09
2011.02.02 13:51:56.824,1.3802,1.38031,1.50,3.34
2011.02.02 13:51:57.542,1.38021,1.38028,3.75,1.50
2011.02.02 13:51:58.142,1.38018,1.38028,2.25,2.25
2011.02.02 13:51:58.632,1.38014,1.38025,2.25,3.00
2011.02.02 13:51:58.753,1.38019,1.38029,1.50,1.50
2011.02.02 13:51:58.977,1.38018,1.38026,1.50,1.09
2011.02.02 13:51:59.525,1.38016,1.38026,1.50,1.09
2011.02.02 13:52:04.754,1.38014,1.38026,3.00,4.09
2011.02.02 13:52:05.590,1.38014,1.38023,1.50,1.50
2011.02.02 13:52:06.303,1.38014,1.38023,1.50,2.59
2011.02.02 13:52:06.635,1.3801,1.38021,1.50,2.59
2011.02.02 13:52:07.108,1.38009,1.3802,1.50,1.50
2011.02.02 13:52:07.775,1.38009,1.3802,2.25,1.50
2011.02.02 13:52:08.886,1.38014,1.38021,1.69,1.50
2011.02.02 13:52:09.010,1.38014,1.38024,1.69,2.25
2011.02.02 13:52:09.343,1.38014,1.38024,1.69,1.50
2011.02.02 13:52:09.684,1.38015,1.38021,7.50,1.09
2011.02.02 13:52:10.049,1.38015,1.38021,3.75,1.09
2011.02.02 13:52:10.614,1.38014,1.38024,1.69,3.75
2011.02.02 13:52:12.121,1.38013,1.38022,4.50,1.84
2011.02.02 13:52:12.235,1.3801,1.38021,7.13,1.09
2011.02.02 13:52:13.076,1.3801,1.3802,3.00,1.50
2011.02.02 13:52:13.841,1.3801,1.3802,1.50,1.50
2011.02.02 13:52:14.175,1.38006,1.38013,3.75,2.25
2011.02.02 13:52:14.623,1.38008,1.38015,4.50,1.88
2011.02.02 13:52:14.752,1.38009,1.3802,1.50,1.50
2011.02.02 13:52:14.866,1.38009,1.3802,1.50,1.50
2011.02.02 13:52:15.423,1.3801,1.38021,1.50,1.09
2011.02.02 13:52:16.347,1.38009,1.38021,3.00,1.84
2011.02.02 13:52:17.353,1.38011,1.38021,1.50,1.84
2011.02.02 13:52:18.012,1.38009,1.38021,3.00,2.78
2011.02.02 13:52:18.488,1.38009,1.3802,3.00,1.50
2011.02.02 13:52:20.534,1.38011,1.3802,1.50,1.50
2011.02.02 13:52:20.663,1.38013,1.3802,1.69,1.50
2011.02.02 13:52:21.762,1.38012,1.38025,2.25,6.00
2011.02.02 13:52:22.211,1.38017,1.38021,4.50,1.84
2011.02.02 13:52:22.334,1.38014,1.38021,3.75,1.13
2011.02.02 13:52:22.893,1.38008,1.38016,4.50,1.09
2011.02.02 13:52:24.336,1.38013,1.38018,3.75,1.09
2011.02.02 13:52:24.566,1.38013,1.38019,3.75,1.50
2011.02.02 13:52:25.121,1.38013,1.3802,3.75,1.50
2011.02.02 13:52:25.344,1.38009,1.38016,1.50,1.09
2011.02.02 13:52:25.812,1.38009,1.3802,1.50,1.50
2011.02.02 13:52:29.610,1.38009,1.3802,2.44,1.50
2011.02.02 13:52:29.941,1.38009,1.3802,2.44,1.50
2011.02.02 13:52:30.714,1.38012,1.3802,1.50,1.50
2011.02.02 13:52:31.170,1.38014,1.38023,1.50,3.00
2011.02.02 13:52:31.613,1.38014,1.38026,3.00,7.84
2011.02.02 13:52:33.584,1.38017,1.38026,1.50,5.25
2011.02.02 13:52:34.557,1.38016,1.38026,2.25,2.59
2011.02.02 13:52:38.951,1.38016,1.38025,1.50,1.50
2011.02.02 13:52:39.063,1.38017,1.38025,1.50,1.50
2011.02.02 13:52:40.506,1.38019,1.38029,1.50,1.50
2011.02.02 13:52:40.626,1.38019,1.38029,1.50,1.50
2011.02.02 13:52:41.099,1.38021,1.3803,1.50,2.25
2011.02.02 13:52:41.325,1.38022,1.38031,3.00,2.25
2011.02.02 13:52:41.756,1.38022,1.38033,3.75,1.50
2011.02.02 13:52:42.108,1.38025,1.38033,1.69,1.09
2011.02.02 13:52:42.660,1.38025,1.38035,3.19,2.25
2011.02.02 13:52:42.776,1.38026,1.38037,2.25,1.50
2011.02.02 13:52:43.003,1.38027,1.38038,1.50,6.34
2011.02.02 13:52:43.233,1.38028,1.3804,3.00,6.34
2011.02.02 13:52:43.792,1.38034,1.38046,3.00,7.09
2011.02.02 13:52:44.484,1.38036,1.38045,1.50,4.50
2011.02.02 13:52:44.725,1.38033,1.38041,1.50,1.09
2011.02.02 13:52:46.314,1.38033,1.38041,1.50,1.84
2011.02.02 13:52:47.343,1.38033,1.38041,1.50,1.84
2011.02.02 13:52:47.900,1.38033,1.38041,1.50,1.84
2011.02.02 13:52:48.790,1.38033,1.38041,1.50,1.84
2011.02.02 13:52:49.341,1.38033,1.38041,1.50,1.84
2011.02.02 13:52:49.781,1.38031,1.38041,1.50,1.84
2011.02.02 13:52:54.586,1.38033,1.38037,18.57,1.09
2011.02.02 13:52:54.711,1.38025,1.38031,8.25,1.84
2011.02.02 13:52:54.934,1.38025,1.38031,4.50,1.84
2011.02.02 13:52:55.378,1.38024,1.38033,2.44,2.25
2011.02.02 13:52:58.483,1.38027,1.38034,1.50,1.50
2011.02.02 13:52:58.596,1.38028,1.38036,4.50,2.59
2011.02.02 13:52:59.239,1.38026,1.38036,1.50,1.84
2011.02.02 13:53:02.083,1.38024,1.38033,1.50,4.50
2011.02.02 13:53:02.631,1.38024,1.38031,1.50,1.84
2011.02.02 13:53:03.181,1.38024,1.38031,1.50,1.84
2011.02.02 13:53:05.116,1.38024,1.38033,2.25,6.00
2011.02.02 13:53:05.237,1.38024,1.38036,3.00,3.34
2011.02.02 13:53:06.002,1.38026,1.38036,1.50,3.34
2011.02.02 13:53:06.552,1.38026,1.38036,1.50,3.34
2011.02.02 13:53:07.143,1.38026,1.38036,1.50,3.34
2011.02.02 13:53:07.963,1.38024,1.38035,2.25,1.50
2011.02.02 13:53:08.621,1.38026,1.38035,1.50,1.50
2011.02.02 13:53:08.954,1.38028,1.38038,5.25,1.50
2011.02.02 13:53:10.108,1.38028,1.38036,5.25,1.09
2011.02.02 13:53:10.675,1.38026,1.38036,3.00,1.84
2011.02.02 13:53:11.231,1.38028,1.38036,1.50,1.84
2011.02.02 13:53:14.263,1.38031,1.38037,1.50,1.50
2011.02.02 13:53:14.605,1.38026,1.38031,1.50,1.50
2011.02.02 13:53:14.723,1.38024,1.38031,1.50,1.50
2011.02.02 13:53:15.352,1.38024,1.38033,3.75,2.25
2011.02.02 13:53:15.791,1.38024,1.38036,4.50,3.34
2011.02.02 13:53:15.904,1.38027,1.38036,2.44,2.25
2011.02.02 13:53:16.354,1.3803,1.38039,1.50,1.50
2011.02.02 13:53:16.820,1.38032,1.38039,1.50,1.50
2011.02.02 13:53:17.472,1.38032,1.38041,1.50,1.84
2011.02.02 13:53:28.081,1.3803,1.38041,1.50,2.03
2011.02.02 13:53:28.301,1.38029,1.38041,2.25,1.28
2011.02.02 13:53:28.523,1.38029,1.38039,1.50,1.50
2011.02.02 13:53:29.097,1.38027,1.38032,12.75,1.36
2011.02.02 13:53:29.223,1.38022,1.38033,4.69,3.00
2011.02.02 13:53:29.442,1.38022,1.38035,4.69,5.25
2011.02.02 13:53:29.553,1.38024,1.38035,2.25,4.50
2011.02.02 13:53:30.749,1.38025,1.38036,3.75,1.84
2011.02.02 13:53:31.083,1.38028,1.38036,1.50,1.09
2011.02.02 13:53:31.413,1.38028,1.38036,3.00,1.09
2011.02.02 13:53:35.572,1.38029,1.38037,3.00,1.50
2011.02.02 13:53:35.792,1.38029,1.3804,3.38,1.50
2011.02.02 13:53:40.873,1.3803,1.38041,3.38,1.28
2011.02.02 13:53:44.134,1.38032,1.38041,1.50,2.03
2011.02.02 13:53:45.001,1.38032,1.38041,1.50,2.03
2011.02.02 13:53:46.330,1.3803,1.38041,2.25,2.78
2011.02.02 13:53:46.930,1.3803,1.38041,2.25,2.78
2011.02.02 13:53:47.722,1.3803,1.38041,2.25,2.03
2011.02.02 13:53:48.551,1.3803,1.38041,2.25,2.78
2011.02.02 13:53:49.101,1.3803,1.38041,2.25,2.03
2011.02.02 13:53:49.783,1.3803,1.38041,2.25,2.78
2011.02.02 13:53:50.372,1.3803,1.38041,2.25,2.03
2011.02.02 13:53:50.811,1.3803,1.3804,2.25,1.17
2011.02.02 13:53:50.923,1.3803,1.3804,2.25,4.88
2011.02.02 13:53:51.795,1.3803,1.38041,2.25,2.78
2011.02.02 13:53:55.164,1.38034,1.38043,1.50,5.25
2011.02.02 13:53:55.612,1.38037,1.38043,1.50,3.75
2011.02.02 13:53:56.123,1.38042,1.38048,1.50,10.13
2011.02.02 13:53:56.356,1.38043,1.38049,2.25,6.94
2011.02.02 13:53:56.940,1.38042,1.38052,1.88,1.09
2011.02.02 13:53:57.053,1.38044,1.38052,1.50,1.09
2011.02.02 13:53:57.692,1.38047,1.38051,1.50,1.17
2011.02.02 13:53:58.253,1.38047,1.38053,3.00,1.09
2011.02.02 13:54:00.310,1.38047,1.38055,5.25,7.36
2011.02.02 13:54:00.429,1.38049,1.38056,4.50,5.64
2011.02.02 13:54:00.874,1.38047,1.3806,5.25,1.58
2011.02.02 13:54:01.433,1.38049,1.3806,2.25,2.25
2011.02.02 13:54:02.001,1.3805,1.38061,1.50,2.25
2011.02.02 13:54:02.665,1.38056,1.38061,1.50,1.09
2011.02.02 13:54:03.120,1.38053,1.38061,3.38,1.09
2011.02.02 13:54:04.124,1.38058,1.38066,2.25,2.59
2011.02.02 13:54:04.560,1.38058,1.38066,2.25,1.09
2011.02.02 13:54:04.894,1.38058,1.38066,1.50,1.09
2011.02.02 13:54:06.213,1.38057,1.38063,1.50,1.09
2011.02.02 13:54:07.518,1.38054,1.38061,1.50,1.09
2011.02.02 13:54:12.136,1.38056,1.38063,1.50,1.50
2011.02.02 13:54:12.255,1.38056,1.38066,1.50,2.67
2011.02.02 13:54:12.783,1.38058,1.38066,1.50,2.59
2011.02.02 13:54:13.332,1.38059,1.38066,1.50,2.59
2011.02.02 13:54:16.836,1.3806,1.38066,1.50,2.59
2011.02.02 13:54:20.956,1.3806,1.38066,1.50,6.95
2011.02.02 13:54:21.318,1.38059,1.38065,3.75,1.09
2011.02.02 13:54:22.182,1.38056,1.38066,3.00,1.09
2011.02.02 13:54:23.200,1.38049,1.38059,1.50,4.47
2011.02.02 13:54:23.436,1.38057,1.38061,1.50,4.50
2011.02.02 13:54:23.558,1.38054,1.38065,2.63,24.15
2011.02.02 13:54:24.095,1.38056,1.38066,2.44,2.25
2011.02.02 13:54:24.329,1.38056,1.38067,1.50,1.84
2011.02.02 13:54:24.905,1.38058,1.38068,1.50,1.09
2011.02.02 13:54:27.309,1.3806,1.38068,1.50,1.09
2011.02.02 13:54:28.847,1.38062,1.38069,1.50,1.28
2011.02.02 13:54:29.864,1.38063,1.38071,3.75,11.33
2011.02.02 13:54:29.983,1.38064,1.38072,1.50,3.75
2011.02.02 13:54:30.095,1.38065,1.38073,1.69,4.84
2011.02.02 13:54:30.215,1.38066,1.38074,3.38,3.75
2011.02.02 13:54:30.334,1.38066,1.38077,3.00,2.78
2011.02.02 13:54:31.941,1.38067,1.38077,2.25,1.84
2011.02.02 13:54:32.482,1.38068,1.38078,2.25,1.09
2011.02.02 13:54:33.980,1.38069,1.38079,1.50,1.84
2011.02.02 13:54:36.233,1.3807,1.3808,1.50,3.42
2011.02.02 13:54:36.870,1.38072,1.38083,38.07,3.00
2011.02.02 13:54:36.992,1.3807,1.38078,1.50,2.25
2011.02.02 13:54:38.363,1.38071,1.38081,2.25,2.59
2011.02.02 13:54:38.913,1.38071,1.38081,2.25,2.59
2011.02.02 13:54:41.704,1.38078,1.38085,1.69,31.47
2011.02.02 13:54:41.828,1.38078,1.38084,1.69,2.25
2011.02.02 13:54:41.949,1.38073,1.38081,8.25,2.59
2011.02.02 13:54:42.598,1.38073,1.38079,1.51,2.59
2011.02.02 13:54:43.166,1.38072,1.38078,1.51,1.50
2011.02.02 13:54:43.725,1.38065,1.38073,1.51,1.50
2011.02.02 13:54:44.720,1.38066,1.38075,1.50,1.50
2011.02.02 13:54:44.839,1.38066,1.38076,3.00,1.09
2011.02.02 13:54:45.290,1.38071,1.38078,1.50,4.50
2011.02.02 13:54:48.097,1.38075,1.38083,1.50,2.44
2011.02.02 13:54:48.540,1.38072,1.38081,1.50,1.09
2011.02.02 13:54:50.063,1.38072,1.38078,1.50,1.50
2011.02.02 13:54:50.725,1.38067,1.38078,1.50,2.25
2011.02.02 13:54:51.282,1.38068,1.38078,1.50,3.75
2011.02.02 13:54:52.051,1.38068,1.38078,1.50,3.75
2011.02.02 13:54:52.950,1.38068,1.38078,1.50,3.75
2011.02.02 13:54:54.731,1.38068,1.38078,1.50,3.75
2011.02.02 13:54:55.451,1.38068,1.38078,1.50,3.75
2011.02.02 13:54:55.917,1.3807,1.38074,36.38,3.75
2011.02.02 13:54:56.159,1.38069,1.38073,2.25,2.25
2011.02.02 13:54:56.580,1.38068,1.38072,10.88,1.09
2011.02.02 13:54:56.702,1.38065,1.38074,1.50,1.09
2011.02.02 13:54:57.595,1.38066,1.38071,1.69,1.84
2011.02.02 13:54:57.945,1.38064,1.38071,4.50,1.09
2011.02.02 13:54:58.065,1.38062,1.38071,1.50,1.09
2011.02.02 13:54:59.262,1.38061,1.3807,1.50,1.84
2011.02.02 13:55:01.435,1.38059,1.3807,1.50,2.59
2011.02.02 13:55:02.514,1.38059,1.38068,2.44,2.59
2011.02.02 13:55:03.394,1.38053,1.38065,1.69,1.50
2011.02.02 13:55:04.624,1.38057,1.38065,1.69,1.50
2011.02.02 13:55:04.744,1.38057,1.38066,2.44,1.50
2011.02.02 13:55:05.676,1.38054,1.38064,1.50,1.50
2011.02.02 13:55:05.794,1.38053,1.38061,1.50,1.84
2011.02.02 13:55:06.395,1.38051,1.38061,4.50,2.59
2011.02.02 13:55:07.065,1.3805,1.38059,1.50,1.50
2011.02.02 13:55:07.452,1.3805,1.38058,1.50,2.11
2011.02.02 13:55:07.574,1.38046,1.38056,2.25,1.84
2011.02.02 13:55:08.135,1.38046,1.38056,2.25,2.59
2011.02.02 13:55:09.261,1.38046,1.38056,2.25,1.84
2011.02.02 13:55:10.164,1.38047,1.38057,1.50,1.50
2011.02.02 13:55:10.593,1.38049,1.38059,1.50,6.00
2011.02.02 13:55:11.723,1.38056,1.38061,1.69,3.34
2011.02.02 13:55:12.314,1.38058,1.38067,4.50,1.50
2011.02.02 13:55:12.449,1.38056,1.38066,3.75,6.34
2011.02.02 13:55:12.567,1.38057,1.38062,1.50,1.69
2011.02.02 13:55:13.139,1.38059,1.3807,3.19,1.50
2011.02.02 13:55:13.363,1.38067,1.38071,1.50,4.09
2011.02.02 13:55:13.476,1.38068,1.38073,3.75,2.25
2011.02.02 13:55:13.955,1.38069,1.38079,2.44,1.50
2011.02.02 13:55:15.603,1.38069,1.3808,4.69,1.50
2011.02.02 13:55:16.375,1.38069,1.3808,4.69,1.50
2011.02.02 13:55:16.930,1.38069,1.3808,4.69,1.50
2011.02.02 13:55:18.135,1.38067,1.38078,26.07,1.47
2011.02.02 13:55:18.370,1.38065,1.38076,1.50,2.59
2011.02.02 13:55:18.485,1.38065,1.38076,3.00,2.59
2011.02.02 13:55:18.714,1.38065,1.38071,3.00,1.84
2011.02.02 13:55:18.835,1.38063,1.38071,1.50,1.84
2011.02.02 13:55:18.955,1.38063,1.38069,1.50,1.50
2011.02.02 13:55:19.465,1.38063,1.3807,1.50,3.75
2011.02.02 13:55:19.815,1.38064,1.38076,1.50,2.59
2011.02.02 13:55:20.043,1.38065,1.38076,1.50,2.59
2011.02.02 13:55:20.590,1.38065,1.38076,1.50,2.59
2011.02.02 13:55:21.142,1.38065,1.38076,1.50,2.59
2011.02.02 13:55:21.802,1.38065,1.38076,1.50,2.59
2011.02.02 13:55:22.432,1.38065,1.38076,1.50,2.59
2011.02.02 13:55:22.983,1.38065,1.38076,2.25,2.59
2011.02.02 13:55:23.531,1.38065,1.38075,1.50,1.50
2011.02.02 13:55:24.685,1.38067,1.38075,2.25,1.50
2011.02.02 13:55:25.270,1.38069,1.38079,1.50,1.50
2011.02.02 13:55:25.503,1.3807,1.38081,1.50,6.34
2011.02.02 13:55:25.614,1.3807,1.38081,2.25,6.34
2011.02.02 13:55:29.389,1.3807,1.38081,1.50,7.09
2011.02.02 13:55:29.942,1.3807,1.38081,1.50,7.09
2011.02.02 13:55:30.662,1.3807,1.38076,1.50,3.75
2011.02.02 13:55:30.785,1.38067,1.38076,2.25,1.09
2011.02.02 13:55:31.452,1.38066,1.38076,2.25,2.59
2011.02.02 13:55:32.002,1.38066,1.38076,2.25,2.59
2011.02.02 13:55:32.223,1.38065,1.38076,1.50,2.59
2011.02.02 13:55:32.335,1.38065,1.38074,1.50,1.50
2011.02.02 13:55:34.642,1.38064,1.38074,4.50,1.50
2011.02.02 13:55:35.194,1.38068,1.38074,7.50,1.50
2011.02.02 13:55:35.315,1.3807,1.38075,3.75,1.50
2011.02.02 13:55:35.960,1.38071,1.38081,1.50,2.59
2011.02.02 13:55:36.622,1.38071,1.38081,1.50,2.59
2011.02.02 13:55:37.272,1.38071,1.38081,1.50,2.59
2011.02.02 13:55:37.935,1.38078,1.38083,4.50,10.70
2011.02.02 13:55:38.178,1.38078,1.38086,1.69,1.50
2011.02.02 13:55:38.672,1.3808,1.38088,4.50,1.50
2011.02.02 13:55:39.224,1.38079,1.38089,3.19,1.50
2011.02.02 13:55:39.906,1.38073,1.38081,3.00,1.09
2011.02.02 13:55:40.027,1.38073,1.38081,1.50,1.84
2011.02.02 13:55:40.147,1.38071,1.38081,1.50,1.84
2011.02.02 13:55:40.264,1.3807,1.38081,2.25,1.84
2011.02.02 13:55:41.248,1.38077,1.38083,1.50,3.95
2011.02.02 13:55:41.370,1.38078,1.38088,5.44,2.25
2011.02.02 13:55:41.921,1.38079,1.38088,2.44,1.50
2011.02.02 13:55:42.474,1.38079,1.38086,1.50,1.09
2011.02.02 13:55:42.895,1.38076,1.38086,3.00,4.09
2011.02.02 13:55:43.015,1.3807,1.38081,4.88,1.84
2011.02.02 13:55:43.573,1.3807,1.38078,3.75,2.11
2011.02.02 13:55:43.804,1.3807,1.3808,1.50,1.13
2011.02.02 13:55:44.363,1.38072,1.38081,1.50,1.84
2011.02.02 13:55:49.135,1.38072,1.38078,1.50,2.11
2011.02.02 13:55:49.255,1.3807,1.38076,1.50,1.09
2011.02.02 13:55:50.899,1.3807,1.3808,1.50,4.50
2011.02.02 13:55:51.128,1.38072,1.38081,1.50,1.84
2011.02.02 13:55:53.319,1.38074,1.38083,1.50,4.09
2011.02.02 13:55:53.440,1.38078,1.38086,3.75,1.09
2011.02.02 13:55:53.664,1.38079,1.38086,1.50,1.09
2011.02.02 13:55:54.910,1.38079,1.3809,3.00,1.88
2011.02.02 13:55:55.029,1.38081,1.38091,1.50,1.84
2011.02.02 13:55:56.328,1.38081,1.3809,1.50,1.50
2011.02.02 13:55:56.896,1.38078,1.38086,5.25,1.09
2011.02.02 13:55:58.329,1.38077,1.38082,2.25,1.09
2011.02.02 13:55:58.567,1.38075,1.38081,1.50,1.84
2011.02.02 13:55:58.796,1.38069,1.38076,4.50,1.50
2011.02.02 13:55:59.332,1.38067,1.38076,1.50,1.84
2011.02.02 13:56:01.544,1.38066,1.38076,1.50,1.84
2011.02.02 13:56:02.864,1.38067,1.38076,1.50,1.09
2011.02.02 13:56:03.321,1.38066,1.38076,1.50,1.09
2011.02.02 13:56:03.433,1.38066,1.38076,1.50,1.09
2011.02.02 13:56:03.767,1.38068,1.38076,4.50,1.84
2011.02.02 13:56:04.177,1.38069,1.38076,1.50,2.59
2011.02.02 13:56:04.299,1.38066,1.38076,3.75,1.84
2011.02.02 13:56:04.743,1.3807,1.38075,3.75,44.42
2011.02.02 13:56:04.858,1.38071,1.38076,3.75,4.88
2011.02.02 13:56:05.875,1.38072,1.38078,2.25,1.84
2011.02.02 13:56:06.318,1.38076,1.38086,2.25,1.84
2011.02.02 13:56:06.440,1.38076,1.38083,1.50,1.50
2011.02.02 13:56:07.647,1.38073,1.3808,3.00,1.50
2011.02.02 13:56:08.007,1.3807,1.38077,4.50,5.25
2011.02.02 13:56:09.005,1.38067,1.38076,1.50,1.84
2011.02.02 13:56:09.345,1.38067,1.38071,1.50,1.09
2011.02.02 13:56:09.467,1.38069,1.38078,1.50,1.50
2011.02.02 13:56:09.872,1.3807,1.38076,1.50,3.75
2011.02.02 13:56:09.994,1.38072,1.38081,2.44,2.59
2011.02.02 13:56:10.975,1.38073,1.38081,1.50,1.84
2011.02.02 13:56:16.947,1.38078,1.38086,3.75,2.59
2011.02.02 13:56:17.283,1.38077,1.38082,1.50,1.50
2011.02.02 13:56:17.394,1.38075,1.38082,1.50,1.50
2011.02.02 13:56:18.057,1.38074,1.38082,2.25,1.50
2011.02.02 13:56:18.612,1.38074,1.38082,2.25,1.50
2011.02.02 13:56:19.982,1.38074,1.38082,2.25,1.50
2011.02.02 13:56:20.532,1.38071,1.3808,1.50,4.50
2011.02.02 13:56:20.645,1.38069,1.38079,4.50,1.50
2011.02.02 13:56:21.094,1.3807,1.38081,1.50,1.84
2011.02.02 13:56:21.542,1.38069,1.38079,3.00,1.50
2011.02.02 13:56:21.768,1.38069,1.38077,2.25,1.50
2011.02.02 13:56:22.104,1.38067,1.38076,2.25,1.50
2011.02.02 13:56:24.275,1.38066,1.38076,1.50,1.50
2011.02.02 13:56:28.562,1.38068,1.38078,6.19,1.50
2011.02.02 13:56:32.331,1.38069,1.38077,2.44,1.50
2011.02.02 13:56:32.445,1.38067,1.38076,5.25,5.59
2011.02.02 13:56:32.567,1.38065,1.38071,1.50,2.25
2011.02.02 13:56:32.689,1.38059,1.38071,3.75,2.59
2011.02.02 13:56:33.126,1.38059,1.3807,3.75,1.50
2011.02.02 13:56:33.922,1.38059,1.38069,3.00,2.25
2011.02.02 13:56:34.034,1.38059,1.38066,2.25,1.13
2011.02.02 13:56:34.551,1.38053,1.38061,3.19,1.09
2011.02.02 13:56:34.665,1.38054,1.38062,1.50,1.50
2011.02.02 13:56:35.336,1.38057,1.38064,1.50,1.50
2011.02.02 13:56:35.781,1.38059,1.38069,2.25,2.59
2011.02.02 13:56:38.343,1.38059,1.38066,1.50,1.09
2011.02.02 13:56:39.070,1.38059,1.38067,1.50,1.09
2011.02.02 13:56:39.995,1.38057,1.38066,3.00,1.84
2011.02.02 13:56:40.334,1.38055,1.38062,1.50,1.50
2011.02.02 13:56:41.023,1.38055,1.38063,1.50,1.50
2011.02.02 13:56:41.246,1.38055,1.38065,1.50,1.50
2011.02.02 13:56:48.133,1.38055,1.38066,5.25,2.25
2011.02.02 13:56:50.234,1.38056,1.38064,1.50,1.50
2011.02.02 13:56:51.053,1.38054,1.38062,1.50,1.69
2011.02.02 13:56:51.395,1.38054,1.38061,1.50,1.09
2011.02.02 13:56:51.954,1.38052,1.38061,1.50,1.84
2011.02.02 13:56:58.900,1.3805,1.38061,3.75,1.84
2011.02.02 13:56:59.451,1.3805,1.38061,2.25,2.59
2011.02.02 13:57:00.116,1.38049,1.3806,6.19,3.00
2011.02.02 13:57:00.672,1.38049,1.3806,3.94,3.75
2011.02.02 13:57:06.587,1.38049,1.38058,2.44,1.50
2011.02.02 13:57:06.815,1.38049,1.3806,3.94,2.25
2011.02.02 13:57:07.842,1.38049,1.38058,3.19,1.50
2011.02.02 13:57:08.381,1.38047,1.38056,2.25,1.84
2011.02.02 13:57:08.933,1.38049,1.38056,1.50,1.09
2011.02.02 13:57:09.446,1.38047,1.38056,2.25,1.09
2011.02.02 13:57:11.405,1.38052,1.38058,1.50,1.84
2011.02.02 13:57:11.636,1.38054,1.3806,1.50,3.75
2011.02.02 13:57:11.758,1.38057,1.38064,1.50,8.25
2011.02.02 13:57:12.266,1.38058,1.38066,5.44,8.25
2011.02.02 13:57:12.390,1.38059,1.38068,3.00,1.50
2011.02.02 13:57:14.472,1.38059,1.38066,1.50,2.59
2011.02.02 13:57:14.592,1.38056,1.38066,2.25,2.59
2011.02.02 13:57:16.363,1.38054,1.38066,6.00,2.59
2011.02.02 13:57:16.913,1.38055,1.38066,1.50,2.59
2011.02.02 13:57:19.502,1.38057,1.38066,1.50,1.50
2011.02.02 13:57:20.039,1.38058,1.38068,6.75,1.50
2011.02.02 13:57:20.602,1.38059,1.38068,2.25,1.50
2011.02.02 13:57:20.719,1.38057,1.38063,5.25,3.19
2011.02.02 13:57:20.838,1.38057,1.38061,3.75,1.09
2011.02.02 13:57:21.187,1.38055,1.38061,4.50,1.09
2011.02.02 13:57:21.866,1.38051,1.38061,3.00,1.09
2011.02.02 13:57:22.912,1.38051,1.3806,1.50,1.50
2011.02.02 13:57:23.025,1.38049,1.3806,6.45,1.50
2011.02.02 13:57:24.232,1.3805,1.3806,1.20,1.50
2011.02.02 13:57:25.024,1.38049,1.38056,3.23,1.09
2011.02.02 13:57:25.363,1.38047,1.38056,1.50,1.09
2011.02.02 13:57:28.165,1.38044,1.38051,6.00,1.09
2011.02.02 13:57:28.613,1.38041,1.38051,1.50,2.97
2011.02.02 13:57:29.804,1.3804,1.38051,1.50,2.97
2011.02.02 13:57:30.353,1.3804,1.3805,1.50,2.40
2011.02.02 13:57:30.747,1.38037,1.38042,9.75,3.75
2011.02.02 13:57:30.876,1.38034,1.38045,2.25,1.13
2011.02.02 13:57:30.996,1.38034,1.38046,2.25,2.59
2011.02.02 13:57:31.693,1.38036,1.38046,1.50,1.84
2011.02.02 13:57:32.244,1.38036,1.38046,2.25,1.09
2011.02.02 13:57:32.793,1.38037,1.38046,1.50,1.09
2011.02.02 13:57:36.328,1.38036,1.38046,1.50,2.59
2011.02.02 13:57:42.718,1.38035,1.38044,1.50,2.25
2011.02.02 13:57:43.272,1.38034,1.38044,1.50,2.25
2011.02.02 13:57:44.084,1.38034,1.38043,1.50,1.50
2011.02.02 13:57:44.534,1.38037,1.38044,2.63,1.50
2011.02.02 13:57:44.656,1.38037,1.38044,1.88,1.50
2011.02.02 13:57:44.773,1.38035,1.38046,2.25,6.34
2011.02.02 13:57:45.328,1.38037,1.38046,2.25,5.59
2011.02.02 13:57:47.084,1.38035,1.38045,1.50,2.25
2011.02.02 13:57:47.415,1.38037,1.38045,1.50,1.50
2011.02.02 13:57:47.539,1.38037,1.38046,2.63,4.50
2011.02.02 13:57:48.161,1.38037,1.38046,1.50,4.84
2011.02.02 13:57:48.604,1.38037,1.38046,2.25,8.78
2011.02.02 13:57:49.192,1.38039,1.38043,3.00,1.09
2011.02.02 13:57:49.316,1.38035,1.38044,3.75,1.50
2011.02.02 13:57:50.102,1.38029,1.38037,1.50,1.50
2011.02.02 13:57:50.662,1.38029,1.38039,2.44,2.25
2011.02.02 13:57:54.847,1.38029,1.38036,1.50,1.09
2011.02.02 13:57:55.183,1.38027,1.38035,10.32,1.09
2011.02.02 13:57:55.785,1.38024,1.38035,1.50,2.25
2011.02.02 13:57:56.234,1.38026,1.38035,1.50,2.25
2011.02.02 13:57:56.454,1.38029,1.38039,1.50,4.50
2011.02.02 13:57:57.036,1.38029,1.38038,2.25,1.50
2011.02.02 13:57:57.264,1.3803,1.3804,1.50,1.50
2011.02.02 13:57:58.511,1.3803,1.3804,1.50,1.50
2011.02.02 13:57:58.739,1.3803,1.38038,1.50,2.11
2011.02.02 13:57:58.966,1.38024,1.38033,3.00,2.45
2011.02.02 13:58:00.634,1.38023,1.38031,1.50,1.09
2011.02.02 13:58:00.975,1.38024,1.38033,1.69,1.50
2011.02.02 13:58:01.492,1.38024,1.38035,1.50,2.25
2011.02.02 13:58:01.937,1.38026,1.38035,1.50,1.50
2011.02.02 13:58:03.125,1.38029,1.38036,1.50,1.50
2011.02.02 13:58:03.246,1.38029,1.38039,1.50,5.25
2011.02.02 13:58:03.801,1.38029,1.38039,1.88,4.50
2011.02.02 13:58:05.658,1.38031,1.3804,1.50,1.50
2011.02.02 13:58:06.212,1.38031,1.38041,1.50,1.84
2011.02.02 13:58:07.424,1.38031,1.38041,1.50,1.84
2011.02.02 13:58:08.305,1.38031,1.38041,1.50,1.84
2011.02.02 13:58:08.751,1.38031,1.38041,1.50,1.84
2011.02.02 13:58:09.303,1.38032,1.38041,1.50,1.84
2011.02.02 13:58:09.743,1.38038,1.38043,2.44,3.34
2011.02.02 13:58:09.864,1.3804,1.38049,1.50,2.25
2011.02.02 13:58:10.472,1.3804,1.38049,1.50,1.50
2011.02.02 13:58:10.831,1.38047,1.38053,3.75,5.25
2011.02.02 13:58:11.303,1.38049,1.38058,1.69,8.25
2011.02.02 13:58:11.425,1.3805,1.38061,1.50,6.34
2011.02.02 13:58:12.077,1.38051,1.38061,1.50,5.59
2011.02.02 13:58:12.645,1.38051,1.38061,2.25,5.59
2011.02.02 13:58:20.183,1.38051,1.38061,1.50,6.34
2011.02.02 13:58:21.065,1.38054,1.38061,4.50,5.59
2011.02.02 13:58:21.605,1.38058,1.38068,2.52,1.50
2011.02.02 13:58:21.732,1.38059,1.3807,2.44,1.50
2011.02.02 13:58:22.498,1.38058,1.38066,3.00,1.50
2011.02.02 13:58:22.622,1.38055,1.38066,3.00,2.22
2011.02.02 13:58:22.736,1.38054,1.38064,3.00,1.50
2011.02.02 13:58:25.549,1.38053,1.38062,1.50,1.84
2011.02.02 13:58:26.115,1.38051,1.38061,1.50,3.34
2011.02.02 13:58:26.452,1.38049,1.3806,4.50,1.50
2011.02.02 13:58:43.546,1.38049,1.38053,1.69,1.84
2011.02.02 13:58:43.671,1.38047,1.38051,5.25,2.59
2011.02.02 13:58:43.790,1.38041,1.38051,2.25,2.59
2011.02.02 13:58:44.338,1.38041,1.3805,1.50,1.50
2011.02.02 13:58:46.072,1.38039,1.3805,3.00,1.50
2011.02.02 13:58:48.517,1.38037,1.38046,9.00,1.50
2011.02.02 13:58:49.073,1.38035,1.38045,6.00,1.50
2011.02.02 13:58:49.189,1.38035,1.38044,1.50,1.50
2011.02.02 13:58:49.743,1.38034,1.38043,1.50,1.50
2011.02.02 13:58:51.783,1.38034,1.38045,3.75,3.00
2011.02.02 13:58:52.003,1.38036,1.38045,1.50,1.13
2011.02.02 13:58:52.528,1.38036,1.38046,1.50,1.84
2011.02.02 13:58:53.083,1.38036,1.38046,1.50,1.84
2011.02.02 13:58:54.342,1.38037,1.38046,1.50,2.59
2011.02.02 13:58:54.916,1.38039,1.38049,1.50,1.50
2011.02.02 13:58:56.143,1.38038,1.38047,2.44,1.09
2011.02.02 13:58:56.750,1.38031,1.38041,2.25,4.09
2011.02.02 13:58:57.452,1.3803,1.38041,1.50,4.09
2011.02.02 13:59:02.429,1.38038,1.38043,1.69,3.75
2011.02.02 13:59:02.564,1.38038,1.38046,1.50,1.09
2011.02.02 13:59:05.613,1.38039,1.3805,2.25,2.25
2011.02.02 13:59:06.163,1.38039,1.38049,1.50,1.50
2011.02.02 13:59:19.173,1.38039,1.38049,2.25,1.50
2011.02.02 13:59:28.875,1.38037,1.38047,9.94,1.50
2011.02.02 13:59:28.996,1.38037,1.38043,8.44,2.25
2011.02.02 13:59:29.590,1.38029,1.38041,3.75,3.63
2011.02.02 13:59:32.803,1.38037,1.38043,1.69,30.94
2011.02.02 13:59:33.341,1.38035,1.38042,3.00,1.50
2011.02.02 13:59:34.565,1.38032,1.38041,2.25,2.59
2011.02.02 13:59:34.795,1.38029,1.3804,3.00,1.50
2011.02.02 13:59:37.420,1.38025,1.38035,1.32,1.50
2011.02.02 13:59:37.991,1.38027,1.38034,1.50,1.50
2011.02.02 13:59:38.426,1.38028,1.38036,2.25,1.50
2011.02.02 13:59:38.665,1.38028,1.38039,2.25,1.50
2011.02.02 13:59:39.006,1.38027,1.38036,6.75,1.09
2011.02.02 13:59:40.773,1.38029,1.38037,1.50,1.50
2011.02.02 13:59:41.103,1.38027,1.38032,6.94,1.50
2011.02.02 13:59:41.715,1.38026,1.38032,1.50,4.70
2011.02.02 13:59:41.838,1.38022,1.38031,1.50,2.78
2011.02.02 13:59:43.525,1.38027,1.38034,1.50,8.11
2011.02.02 13:59:43.651,1.38029,1.38039,1.50,2.25
2011.02.02 13:59:43.762,1.38029,1.38038,1.50,1.09
2011.02.02 13:59:44.766,1.38029,1.38039,2.25,4.50
2011.02.02 13:59:44.993,1.38029,1.3804,3.00,1.50
2011.02.02 13:59:45.433,1.38031,1.38041,1.50,4.84
2011.02.02 13:59:45.982,1.38031,1.38041,1.50,4.84
2011.02.02 13:59:46.093,1.38029,1.38041,4.50,4.84
2011.02.02 13:59:46.716,1.38029,1.38041,3.75,4.84
2011.02.02 13:59:48.735,1.38029,1.38041,4.50,5.03
2011.02.02 13:59:52.482,1.38029,1.38039,2.25,2.40
2011.02.02 13:59:52.816,1.38027,1.38035,2.25,1.50
2011.02.02 13:59:53.902,1.38025,1.38036,1.50,2.59
2011.02.02 13:59:55.883,1.38026,1.38036,1.50,2.59
2011.02.02 13:59:56.106,1.38028,1.38037,1.50,1.50
2011.02.02 13:59:56.552,1.38029,1.38038,1.50,1.50
2011.02.02 13:59:58.234,1.38029,1.38036,1.50,4.50
2011.02.02 13:59:58.463,1.38022,1.38031,5.25,2.59
2011.02.02 13:59:58.575,1.38021,1.38031,3.00,2.59
2011.02.02 13:59:59.109,1.38024,1.38033,1.50,2.25
2011.02.02 13:59:59.443,1.38025,1.38036,1.50,4.28
