2021.09.03 01:00:20.363,1.1882,1.18823,1.00,0.75
2021.09.03 01:00:20.465,1.18819,1.18822,1.75,0.10
2021.09.03 01:00:20.672,1.18819,1.18823,1.82,0.82
2021.09.03 01:00:20.834,1.18821,1.18822,1.00,0.82
2021.09.03 01:00:21.496,1.18819,1.18823,1.82,0.82
2021.09.03 01:00:27.036,1.1882,1.18823,1.00,0.82
2021.09.03 01:00:27.137,1.1882,1.18822,2.57,0.82
2021.09.03 01:00:27.276,1.1882,1.18823,1.00,0.82
2021.09.03 01:00:27.377,1.1882,1.18822,2.57,0.82
2021.09.03 01:00:27.627,1.1882,1.18823,1.00,0.82
2021.09.03 01:00:28.004,1.18819,1.18823,3.51,0.82
2021.09.03 01:00:28.105,1.18819,1.18822,2.69,0.10
2021.09.03 01:00:31.770,1.1882,1.18823,1.00,0.75
2021.09.03 01:00:33.983,1.18819,1.18822,2.69,0.10
2021.09.03 01:00:42.697,1.18819,1.18823,2.76,0.82
2021.09.03 01:00:51.381,1.18821,1.18825,0.82,3.19
2021.09.03 01:00:51.483,1.18822,1.18825,0.75,0.82
2021.09.03 01:00:51.786,1.18824,1.18828,0.75,2.07
2021.09.03 01:00:51.887,1.18825,1.18828,0.75,0.10
2021.09.03 01:00:59.556,1.18824,1.18828,1.50,0.82
2021.09.03 01:01:01.302,1.18824,1.18827,0.75,0.75
2021.09.03 01:01:01.403,1.18823,1.18827,1.95,0.75
2021.09.03 01:01:03.036,1.18825,1.18828,0.75,0.82
2021.09.03 01:01:03.138,1.18826,1.18828,0.75,1.57
2021.09.03 01:01:03.239,1.18826,1.1883,0.75,1.76
2021.09.03 01:01:25.648,1.18826,1.18829,1.50,0.10
2021.09.03 01:01:26.613,1.18824,1.18827,0.75,0.10
2021.09.03 01:01:26.916,1.18824,1.18828,0.75,0.82
2021.09.03 01:01:27.119,1.18826,1.18827,0.75,0.10
2021.09.03 01:01:35.807,1.18825,1.18829,0.75,3.64
2021.09.03 01:01:39.177,1.18824,1.18828,0.82,0.75
2021.09.03 01:01:48.757,1.18823,1.18827,1.57,1.31
2021.09.03 01:01:48.858,1.18823,1.18825,3.51,0.75
2021.09.03 01:01:53.817,1.18823,1.18826,1.01,0.75
2021.09.03 01:01:54.021,1.18824,1.18826,0.19,0.75
2021.09.03 01:01:54.072,1.18823,1.18828,3.89,1.57
2021.09.03 01:01:54.175,1.18823,1.18827,0.75,1.57
2021.09.03 01:01:55.178,1.18823,1.18825,3.51,0.75
2021.09.03 01:01:55.280,1.18822,1.18825,2.50,0.75
2021.09.03 01:01:57.963,1.18822,1.18826,3.44,0.82
2021.09.03 01:02:03.595,1.18823,1.18827,3.62,1.57
2021.09.03 01:02:06.344,1.18825,1.18826,0.19,0.82
2021.09.03 01:02:06.504,1.18825,1.18827,1.69,0.82
2021.09.03 01:02:06.606,1.18825,1.18828,1.00,0.82
2021.09.03 01:02:06.708,1.18824,1.18828,2.69,0.82
2021.09.03 01:02:07.164,1.18825,1.18828,1.00,0.82
2021.09.03 01:02:07.215,1.18825,1.1883,4.19,1.57
2021.09.03 01:02:07.317,1.18827,1.18829,1.94,0.82
2021.09.03 01:02:09.928,1.18824,1.18828,3.03,0.82
2021.09.03 01:02:10.030,1.18824,1.18827,0.94,0.10
2021.09.03 01:02:10.131,1.18823,1.18827,1.69,0.82
2021.09.03 01:02:10.637,1.18824,1.18827,0.19,0.82
2021.09.03 01:02:10.738,1.18823,1.18827,2.69,0.82
2021.09.03 01:02:22.834,1.18823,1.18826,1.50,0.10
2021.09.03 01:02:24.054,1.18824,1.18826,1.50,1.57
2021.09.03 01:02:25.013,1.18822,1.18826,1.76,0.75
2021.09.03 01:02:30.093,1.18823,1.18826,0.10,0.75
2021.09.03 01:02:31.025,1.18823,1.18827,0.82,2.25
2021.09.03 01:02:31.127,1.18824,1.18827,0.26,1.50
2021.09.03 01:02:31.230,1.18823,1.18828,1.76,5.60
2021.09.03 01:02:47.440,1.18826,1.18829,0.75,2.90
2021.09.03 01:02:47.541,1.18827,1.18831,0.75,2.77
2021.09.03 01:02:52.033,1.18827,1.1883,1.50,0.75
2021.09.03 01:02:56.606,1.18828,1.1883,2.25,0.82
2021.09.03 01:02:57.803,1.18827,1.1883,1.87,0.37
2021.09.03 01:02:58.393,1.18831,1.18834,0.75,3.35
2021.09.03 01:02:58.545,1.18832,1.18834,1.50,0.82
2021.09.03 01:02:58.648,1.18833,1.18834,1.50,0.37
2021.09.03 01:02:58.749,1.18832,1.18836,1.50,3.73
2021.09.03 01:02:58.960,1.18833,1.18837,0.75,1.57
2021.09.03 01:02:59.985,1.18833,1.18836,0.75,0.37
2021.09.03 01:03:00.090,1.18833,1.18837,0.75,1.57
2021.09.03 01:03:00.581,1.18833,1.18836,0.75,0.37
2021.09.03 01:03:00.733,1.18833,1.18835,0.75,0.37
2021.09.03 01:03:00.837,1.18832,1.18835,1.50,0.37
2021.09.03 01:03:00.988,1.18832,1.18836,1.50,0.10
2021.09.03 01:03:02.129,1.18831,1.18836,1.76,0.82
2021.09.03 01:03:02.332,1.18832,1.18836,0.75,0.82
2021.09.03 01:03:04.286,1.18831,1.18836,2.14,3.73
2021.09.03 01:03:06.539,1.18832,1.18836,0.75,3.73
2021.09.03 01:03:09.549,1.18832,1.18837,0.82,5.04
2021.09.03 01:03:10.876,1.18833,1.18837,1.00,2.02
2021.09.03 01:03:12.970,1.18834,1.18835,1.00,0.45
2021.09.03 01:03:13.702,1.18833,1.18837,1.00,1.57
2021.09.03 01:03:16.163,1.18832,1.18837,2.76,0.82
2021.09.03 01:03:16.420,1.18833,1.18837,1.00,0.82
2021.09.03 01:03:17.120,1.18832,1.18837,2.76,0.82
2021.09.03 01:03:17.527,1.18834,1.18836,0.75,0.82
2021.09.03 01:03:31.868,1.18836,1.1884,1.57,2.77
2021.09.03 01:03:32.997,1.18837,1.1884,0.37,2.32
2021.09.03 01:03:33.599,1.18837,1.18839,0.82,3.07
2021.09.03 01:03:36.716,1.18837,1.18838,0.82,0.37
2021.09.03 01:03:37.360,1.18836,1.1884,0.82,3.07
2021.09.03 01:03:38.748,1.18836,1.18839,0.82,0.75
2021.09.03 01:03:38.850,1.18834,1.18837,0.37,0.10
2021.09.03 01:03:38.951,1.18833,1.18837,0.45,1.01
2021.09.03 01:03:39.819,1.18834,1.18838,0.10,1.57
2021.09.03 01:03:40.178,1.18834,1.18839,2.57,2.06
2021.09.03 01:03:42.489,1.18834,1.18838,1.57,0.45
2021.09.03 01:03:42.691,1.18834,1.18839,1.57,2.14
2021.09.03 01:03:59.178,1.18837,1.18838,0.75,0.75
2021.09.03 01:03:59.279,1.18836,1.1884,0.82,6.16
2021.09.03 01:04:04.989,1.18835,1.18838,3.00,0.10
2021.09.03 01:04:05.090,1.18834,1.18838,2.32,0.82
2021.09.03 01:04:05.883,1.18835,1.18838,1.75,0.10
2021.09.03 01:04:26.072,1.18836,1.1884,1.57,2.32
2021.09.03 01:04:30.627,1.18836,1.18839,0.82,0.37
2021.09.03 01:04:30.833,1.18836,1.1884,0.82,3.07
2021.09.03 01:04:31.069,1.18836,1.18838,1.57,0.10
2021.09.03 01:04:31.222,1.18835,1.18838,0.75,0.10
2021.09.03 01:04:31.323,1.18834,1.18838,0.82,0.10
2021.09.03 01:04:35.184,1.18834,1.18837,0.75,0.10
2021.09.03 01:04:38.141,1.18836,1.18839,0.75,0.10
2021.09.03 01:04:38.244,1.18836,1.1884,0.82,2.32
2021.09.03 01:04:46.129,1.18834,1.18838,0.82,1.57
2021.09.03 01:04:58.133,1.18834,1.18837,0.82,0.37
2021.09.03 01:04:58.736,1.18834,1.18838,0.82,2.32
2021.09.03 01:04:59.527,1.18834,1.18837,0.82,0.37
2021.09.03 01:05:00.466,1.18834,1.18838,0.82,1.57
2021.09.03 01:05:04.197,1.18833,1.18837,0.75,0.45
2021.09.03 01:05:04.298,1.18832,1.18836,0.75,0.75
2021.09.03 01:05:05.457,1.18832,1.18835,4.26,0.75
2021.09.03 01:05:05.996,1.18833,1.18837,0.75,1.39
2021.09.03 01:05:11.337,1.18834,1.18837,0.75,1.20
2021.09.03 01:05:11.594,1.18833,1.18837,1.75,0.45
2021.09.03 01:05:25.358,1.18834,1.18837,1.20,0.10
2021.09.03 01:05:26.958,1.18835,1.18837,1.20,0.10
2021.09.03 01:05:27.143,1.18833,1.18837,0.82,0.10
2021.09.03 01:05:27.899,1.18834,1.18837,0.37,0.82
2021.09.03 01:05:28.000,1.18834,1.18838,1.20,4.48
2021.09.03 01:05:49.419,1.18835,1.18838,0.75,0.82
2021.09.03 01:05:49.633,1.18834,1.18838,2.89,0.82
2021.09.03 01:06:01.210,1.18835,1.18838,1.50,0.82
2021.09.03 01:06:01.261,1.18836,1.1884,0.82,1.88
2021.09.03 01:06:01.414,1.18835,1.18839,2.57,0.82
2021.09.03 01:06:07.414,1.18835,1.18838,0.75,0.10
2021.09.03 01:06:13.532,1.18834,1.18838,2.14,0.82
2021.09.03 01:06:40.907,1.18835,1.18838,0.37,1.57
2021.09.03 01:06:41.713,1.18834,1.18838,1.95,1.57
2021.09.03 01:06:45.116,1.18835,1.18838,0.37,1.57
2021.09.03 01:06:45.897,1.18834,1.18838,1.95,1.57
2021.09.03 01:07:02.266,1.18834,1.18837,1.12,0.82
2021.09.03 01:07:02.786,1.18834,1.18838,1.95,2.32
2021.09.03 01:07:20.964,1.18832,1.18836,2.51,0.82
2021.09.03 01:07:26.152,1.18832,1.18837,2.76,1.50
2021.09.03 01:07:29.610,1.18832,1.18836,1.57,0.37
2021.09.03 01:07:30.449,1.18832,1.18837,1.57,5.15
2021.09.03 01:07:36.467,1.18832,1.18836,1.50,1.12
2021.09.03 01:07:36.569,1.18831,1.18834,2.25,0.10
2021.09.03 01:07:36.671,1.18831,1.18833,0.75,0.82
2021.09.03 01:07:36.722,1.18829,1.18832,1.12,1.50
2021.09.03 01:07:38.644,1.18827,1.18832,1.50,5.04
2021.09.03 01:07:41.068,1.18827,1.18831,1.50,0.75
2021.09.03 01:07:44.739,1.1883,1.18833,2.70,2.32
2021.09.03 01:07:44.841,1.18831,1.18833,0.82,1.95
2021.09.03 01:07:44.993,1.18832,1.18833,0.82,1.50
2021.09.03 01:07:45.094,1.18831,1.18835,0.82,0.82
2021.09.03 01:07:50.313,1.18829,1.18833,1.57,0.82
2021.09.03 01:07:50.415,1.1883,1.18831,0.75,3.65
2021.09.03 01:07:50.517,1.18828,1.18832,1.50,3.84
2021.09.03 01:07:53.336,1.18828,1.1883,0.75,0.37
2021.09.03 01:07:53.703,1.18827,1.1883,0.75,0.37
2021.09.03 01:07:54.180,1.18827,1.18832,0.75,4.66
2021.09.03 01:07:57.369,1.18827,1.18831,0.75,0.75
2021.09.03 01:07:59.280,1.18826,1.18831,2.76,1.50
2021.09.03 01:08:01.336,1.18827,1.18831,0.37,1.50
2021.09.03 01:08:02.462,1.18828,1.18831,0.75,0.75
2021.09.03 01:08:05.712,1.18827,1.18831,1.50,0.75
2021.09.03 01:08:28.647,1.18825,1.18828,1.50,0.10
2021.09.03 01:08:28.749,1.18824,1.18827,0.37,0.10
2021.09.03 01:08:29.608,1.18823,1.18827,1.20,5.98
2021.09.03 01:08:31.187,1.18824,1.18827,0.37,5.98
2021.09.03 01:08:36.696,1.18823,1.18827,0.82,2.32
2021.09.03 01:08:38.266,1.18823,1.18825,2.01,0.45
2021.09.03 01:08:38.570,1.18824,1.18825,0.10,0.45
2021.09.03 01:08:39.226,1.18823,1.18827,0.10,2.32
2021.09.03 01:08:49.697,1.18826,1.18829,0.75,1.50
2021.09.03 01:08:49.799,1.18826,1.1883,2.01,1.20
2021.09.03 01:08:49.900,1.18827,1.18831,0.82,2.25
2021.09.03 01:08:50.002,1.18828,1.18831,0.75,0.75
2021.09.03 01:08:50.692,1.18829,1.18831,0.75,7.29
2021.09.03 01:08:51.213,1.18827,1.18832,0.82,6.54
2021.09.03 01:08:54.045,1.18827,1.18831,0.75,0.10
2021.09.03 01:09:00.149,1.18826,1.18831,3.14,3.15
2021.09.03 01:09:02.398,1.18826,1.1883,0.75,3.15
2021.09.03 01:09:02.500,1.18826,1.18829,0.75,1.50
2021.09.03 01:09:02.551,1.18824,1.18828,1.50,0.10
2021.09.03 01:09:02.652,1.18824,1.18827,0.75,0.75
2021.09.03 01:09:03.656,1.18823,1.18827,1.50,4.48
2021.09.03 01:09:04.417,1.18823,1.18826,1.50,0.45
2021.09.03 01:09:05.208,1.18823,1.18827,1.50,4.40
2021.09.03 01:09:19.411,1.18826,1.18829,0.75,1.81
2021.09.03 01:09:19.512,1.18826,1.1883,0.82,1.95
2021.09.03 01:09:19.613,1.18827,1.18831,1.50,0.82
2021.09.03 01:09:24.123,1.18827,1.18832,1.57,8.04
2021.09.03 01:09:24.880,1.18828,1.1883,1.76,0.75
2021.09.03 01:09:31.318,1.18828,1.18831,0.37,0.75
2021.09.03 01:09:31.955,1.18827,1.18831,1.76,0.75
2021.09.03 01:09:38.745,1.18825,1.18828,1.75,0.82
2021.09.03 01:09:38.947,1.18824,1.18827,0.10,0.75
2021.09.03 01:09:40.099,1.18823,1.18827,2.89,0.82
2021.09.03 01:09:41.254,1.18824,1.18827,0.37,0.82
2021.09.03 01:09:41.800,1.18823,1.18827,3.26,0.82
2021.09.03 01:09:47.808,1.18823,1.18826,0.82,0.45
2021.09.03 01:09:48.723,1.18823,1.18827,0.82,2.21
2021.09.03 01:09:53.231,1.18824,1.18827,0.19,0.10
2021.09.03 01:09:53.333,1.18825,1.18827,1.31,1.50
2021.09.03 01:09:54.649,1.18823,1.18827,2.06,0.75
2021.09.03 01:10:06.042,1.18823,1.18828,1.69,6.54
2021.09.03 01:10:08.552,1.18823,1.18827,1.69,2.90
2021.09.03 01:10:08.756,1.18823,1.18828,1.69,7.29
2021.09.03 01:10:08.861,1.18824,1.18826,0.94,0.75
2021.09.03 01:10:24.021,1.18823,1.18826,0.75,0.37
2021.09.03 01:10:24.642,1.18823,1.18827,1.12,4.59
2021.09.03 01:10:25.330,1.18823,1.18826,0.75,0.37
2021.09.03 01:10:25.965,1.18823,1.18827,0.75,4.59
2021.09.03 01:10:42.929,1.18822,1.18826,2.14,0.75
2021.09.03 01:10:48.256,1.18823,1.18824,1.82,0.37
2021.09.03 01:10:48.982,1.18822,1.18826,1.82,1.01
2021.09.03 01:10:50.878,1.18822,1.18825,0.82,0.37
2021.09.03 01:10:51.477,1.18823,1.18825,0.82,1.01
2021.09.03 01:10:52.040,1.18822,1.18825,0.82,0.37
2021.09.03 01:10:52.506,1.18822,1.18826,1.20,1.01
2021.09.03 01:11:02.401,1.18822,1.18825,1.82,0.45
2021.09.03 01:11:03.145,1.18819,1.18823,3.14,0.82
2021.09.03 01:11:06.140,1.18819,1.18822,0.10,0.75
2021.09.03 01:11:06.242,1.18817,1.18821,1.50,0.75
2021.09.03 01:11:16.526,1.18816,1.1882,2.89,0.75
2021.09.03 01:11:24.897,1.18816,1.18818,1.76,0.75
2021.09.03 01:11:25.152,1.18815,1.18817,0.10,0.75
2021.09.03 01:11:25.306,1.18814,1.18817,0.37,0.75
2021.09.03 01:11:25.408,1.18813,1.18817,3.14,0.75
2021.09.03 01:11:25.511,1.18813,1.18819,3.14,5.41
2021.09.03 01:11:25.942,1.18813,1.18818,3.06,0.10
2021.09.03 01:11:28.313,1.18813,1.18816,2.06,0.75
2021.09.03 01:11:29.342,1.18811,1.18814,3.89,0.75
2021.09.03 01:11:29.444,1.18811,1.18814,2.89,0.75
2021.09.03 01:11:32.605,1.18812,1.18814,1.00,0.75
2021.09.03 01:11:32.656,1.18812,1.18817,1.00,1.39
2021.09.03 01:11:33.102,1.18811,1.18814,2.89,0.75
2021.09.03 01:11:36.237,1.18811,1.18817,3.14,6.47
2021.09.03 01:11:38.084,1.18811,1.18814,1.39,0.75
2021.09.03 01:11:38.186,1.1881,1.18812,0.10,0.75
2021.09.03 01:11:38.389,1.18809,1.18811,0.37,0.75
2021.09.03 01:11:38.490,1.18809,1.18814,0.37,3.91
2021.09.03 01:11:38.541,1.18809,1.18812,0.56,0.75
2021.09.03 01:11:38.592,1.18809,1.18814,0.56,1.01
2021.09.03 01:11:39.351,1.18807,1.1881,2.39,0.75
2021.09.03 01:11:39.452,1.18807,1.1881,0.82,0.75
2021.09.03 01:11:41.776,1.18806,1.18809,3.14,0.75
2021.09.03 01:11:41.878,1.18806,1.18809,1.39,0.75
2021.09.03 01:11:45.213,1.18804,1.18807,0.82,0.75
2021.09.03 01:11:45.315,1.18803,1.18805,0.75,0.75
2021.09.03 01:11:45.416,1.18802,1.18805,1.39,0.75
2021.09.03 01:11:45.853,1.18802,1.18804,0.75,0.75
2021.09.03 01:11:48.245,1.188,1.18802,0.26,0.75
2021.09.03 01:11:48.346,1.18801,1.18803,0.10,0.75
2021.09.03 01:11:53.439,1.18801,1.18804,1.01,0.75
2021.09.03 01:11:53.541,1.18802,1.18804,0.75,0.75
2021.09.03 01:11:54.938,1.18801,1.18804,5.59,0.75
2021.09.03 01:11:57.521,1.18803,1.18804,0.75,0.75
2021.09.03 01:12:03.868,1.18802,1.18805,0.75,0.75
2021.09.03 01:12:11.959,1.18806,1.18807,0.82,1.81
2021.09.03 01:12:12.111,1.18804,1.18808,1.82,0.75
2021.09.03 01:12:13.706,1.18806,1.18809,0.75,0.75
2021.09.03 01:12:15.232,1.18807,1.18809,0.75,0.75
2021.09.03 01:12:18.453,1.18806,1.18809,1.82,0.75
2021.09.03 01:12:20.602,1.18806,1.1881,3.89,0.75
2021.09.03 01:12:22.316,1.18807,1.1881,0.75,0.75
2021.09.03 01:12:43.968,1.18807,1.1881,0.82,0.75
2021.09.03 01:12:45.184,1.18806,1.18809,7.31,0.75
2021.09.03 01:12:45.236,1.18807,1.18812,1.57,4.66
2021.09.03 01:12:45.963,1.18807,1.1881,1.57,0.37
2021.09.03 01:12:47.016,1.18807,1.18809,1.57,0.75
2021.09.03 01:12:47.118,1.18806,1.18808,2.51,0.75
2021.09.03 01:12:47.219,1.18804,1.18807,3.10,0.75
2021.09.03 01:12:47.371,1.18803,1.18806,1.57,0.75
2021.09.03 01:12:47.473,1.18804,1.18806,2.51,0.75
2021.09.03 01:12:47.582,1.18804,1.18807,0.75,0.75
2021.09.03 01:12:47.683,1.18805,1.18806,0.75,0.75
2021.09.03 01:12:47.784,1.18804,1.18808,0.75,4.10
2021.09.03 01:12:47.924,1.18804,1.18807,0.75,0.75
2021.09.03 01:12:48.026,1.18804,1.18806,0.75,0.75
2021.09.03 01:12:48.228,1.18804,1.18807,1.57,0.75
2021.09.03 01:12:49.109,1.18805,1.18808,3.51,0.75
2021.09.03 01:12:49.262,1.18806,1.18809,0.10,0.75
2021.09.03 01:12:56.890,1.18807,1.18809,0.10,0.75
2021.09.03 01:13:00.378,1.18808,1.18809,0.82,0.75
2021.09.03 01:13:31.433,1.18807,1.18811,1.82,1.50
2021.09.03 01:13:31.585,1.18808,1.18811,0.10,0.75
2021.09.03 01:13:31.687,1.1881,1.18814,2.14,4.40
2021.09.03 01:13:32.509,1.18811,1.18814,0.19,0.75
2021.09.03 01:13:35.157,1.18814,1.18816,0.10,0.45
2021.09.03 01:13:35.325,1.18813,1.18816,0.82,1.20
2021.09.03 01:13:42.389,1.18812,1.18816,1.01,0.82
2021.09.03 01:14:03.983,1.18813,1.18817,3.14,0.75
2021.09.03 01:14:04.085,1.18814,1.18818,0.75,0.75
2021.09.03 01:14:04.187,1.18814,1.18819,0.75,5.79
2021.09.03 01:14:04.289,1.18814,1.18818,0.75,0.75
2021.09.03 01:14:04.441,1.18813,1.18818,6.51,0.75
2021.09.03 01:14:07.223,1.18813,1.18817,1.01,0.82
2021.09.03 01:14:10.871,1.18813,1.18815,0.10,0.75
2021.09.03 01:14:10.973,1.18813,1.18814,1.57,0.75
2021.09.03 01:14:13.038,1.18811,1.18814,0.10,0.75
2021.09.03 01:14:13.139,1.1881,1.18813,0.10,0.75
2021.09.03 01:14:13.241,1.18809,1.18813,0.75,1.50
2021.09.03 01:14:14.378,1.18808,1.18812,2.95,0.75
2021.09.03 01:14:14.683,1.18807,1.18812,5.39,1.50
2021.09.03 01:14:16.513,1.18808,1.1881,1.57,0.75
2021.09.03 01:14:35.116,1.18806,1.18811,3.51,0.75
2021.09.03 01:14:37.758,1.18808,1.1881,1.00,0.75
2021.09.03 01:14:37.859,1.18806,1.18811,3.51,0.75
2021.09.03 01:14:39.442,1.18806,1.1881,2.39,0.75
2021.09.03 01:14:47.112,1.18806,1.18811,2.76,0.75
2021.09.03 01:14:48.612,1.18806,1.1881,2.76,0.75
2021.09.03 01:14:51.789,1.18806,1.18811,2.57,0.94
2021.09.03 01:14:52.766,1.18806,1.1881,2.57,0.75
2021.09.03 01:15:06.972,1.18806,1.18811,2.50,1.31
2021.09.03 01:15:07.853,1.18806,1.1881,0.10,0.82
2021.09.03 01:15:09.754,1.18805,1.18809,2.57,0.10
2021.09.03 01:15:09.856,1.18805,1.18808,1.57,0.37
2021.09.03 01:15:10.475,1.18806,1.18808,3.45,0.82
2021.09.03 01:15:10.677,1.18806,1.18809,0.10,0.75
2021.09.03 01:15:10.785,1.18806,1.1881,0.10,0.82
2021.09.03 01:15:36.899,1.18806,1.18809,0.10,0.75
2021.09.03 01:15:37.000,1.18806,1.1881,1.27,0.82
2021.09.03 01:15:37.290,1.18807,1.1881,1.20,0.82
2021.09.03 01:15:37.849,1.18806,1.1881,0.10,0.82
2021.09.03 01:15:41.295,1.18807,1.1881,1.20,0.82
2021.09.03 01:15:42.119,1.18806,1.1881,1.27,0.82
2021.09.03 01:15:44.550,1.18807,1.1881,0.19,0.82
2021.09.03 01:15:44.730,1.18806,1.1881,1.76,0.82
2021.09.03 01:15:49.079,1.18807,1.1881,0.19,0.75
2021.09.03 01:15:49.180,1.18807,1.18811,0.19,4.40
2021.09.03 01:15:50.488,1.18809,1.18812,1.01,2.90
2021.09.03 01:15:50.590,1.18809,1.18813,1.01,1.57
2021.09.03 01:15:52.319,1.18808,1.18812,1.76,0.82
2021.09.03 01:15:54.451,1.18809,1.1881,0.10,0.75
2021.09.03 01:15:54.552,1.18808,1.1881,1.50,1.50
2021.09.03 01:15:57.185,1.18808,1.18811,0.75,0.75
2021.09.03 01:15:57.286,1.18809,1.18812,2.44,1.50
2021.09.03 01:15:57.964,1.18808,1.18812,2.69,0.75
2021.09.03 01:15:59.863,1.1881,1.18814,1.95,1.57
2021.09.03 01:15:59.964,1.18811,1.18815,0.10,1.27
2021.09.03 01:16:00.065,1.18811,1.18814,0.10,0.75
2021.09.03 01:16:00.217,1.18811,1.18815,0.10,0.82
2021.09.03 01:16:02.309,1.18811,1.18814,0.10,0.75
2021.09.03 01:16:02.410,1.18811,1.18815,1.20,0.75
2021.09.03 01:16:02.562,1.18811,1.18814,0.64,0.75
2021.09.03 01:16:12.755,1.18811,1.18812,0.26,0.75
2021.09.03 01:16:12.857,1.18808,1.18812,0.10,1.57
2021.09.03 01:16:12.959,1.18808,1.1881,0.75,0.75
2021.09.03 01:16:13.806,1.18807,1.18809,0.94,0.37
2021.09.03 01:16:13.907,1.18807,1.1881,0.94,0.37
2021.09.03 01:16:14.009,1.18807,1.18809,0.94,0.37
2021.09.03 01:16:14.170,1.18808,1.18809,0.94,0.37
2021.09.03 01:16:14.370,1.18807,1.18809,0.94,0.37
2021.09.03 01:16:14.521,1.18807,1.1881,0.94,0.37
2021.09.03 01:16:14.755,1.18807,1.18811,0.94,0.75
2021.09.03 01:16:16.391,1.18808,1.18812,1.01,0.82
2021.09.03 01:16:16.593,1.18809,1.1881,0.26,0.75
2021.09.03 01:16:19.236,1.18807,1.18811,0.94,0.75
2021.09.03 01:16:20.002,1.18806,1.1881,3.14,0.75
2021.09.03 01:16:23.667,1.18806,1.18809,1.01,0.37
2021.09.03 01:16:24.998,1.18806,1.1881,1.01,1.20
2021.09.03 01:16:25.099,1.18806,1.18809,1.01,0.37
2021.09.03 01:16:25.264,1.18807,1.18809,1.01,1.20
2021.09.03 01:16:32.914,1.18806,1.18809,0.26,0.75
2021.09.03 01:16:57.886,1.18805,1.18808,1.00,1.57
2021.09.03 01:16:57.988,1.18804,1.18807,0.82,0.75
2021.09.03 01:16:58.089,1.18802,1.18805,0.10,0.75
2021.09.03 01:17:02.076,1.18802,1.18804,0.10,0.75
2021.09.03 01:17:04.586,1.18802,1.18805,0.10,0.75
2021.09.03 01:17:08.454,1.188,1.18804,1.42,5.23
2021.09.03 01:17:08.707,1.18801,1.18804,0.10,0.75
2021.09.03 01:17:14.069,1.18801,1.18805,1.76,0.82
2021.09.03 01:17:15.159,1.18801,1.18804,0.82,0.75
2021.09.03 01:17:15.260,1.188,1.18804,0.26,0.82
2021.09.03 01:17:15.362,1.18799,1.18803,0.82,1.01
2021.09.03 01:17:15.514,1.18799,1.18802,0.10,1.50
2021.09.03 01:17:15.616,1.18799,1.18801,2.50,1.87
2021.09.03 01:17:25.711,1.18797,1.18802,1.76,5.15
2021.09.03 01:17:25.762,1.18797,1.188,0.75,0.75
2021.09.03 01:17:40.726,1.18796,1.188,0.64,0.82
2021.09.03 01:17:41.561,1.18797,1.18798,0.10,0.75
2021.09.03 01:17:49.986,1.18796,1.188,0.10,1.76
2021.09.03 01:17:56.645,1.18796,1.18799,0.10,0.75
2021.09.03 01:18:01.214,1.18793,1.18797,1.82,0.82
2021.09.03 01:18:01.316,1.18793,1.18796,0.82,0.75
2021.09.03 01:18:04.475,1.18791,1.18796,2.12,1.50
2021.09.03 01:18:05.148,1.18791,1.18795,1.12,0.37
2021.09.03 01:18:05.251,1.1879,1.18794,3.07,0.82
2021.09.03 01:18:05.555,1.1879,1.18793,1.20,0.45
2021.09.03 01:18:06.133,1.18788,1.18793,5.87,0.75
2021.09.03 01:18:06.184,1.18788,1.1879,0.45,0.75
2021.09.03 01:18:06.285,1.18789,1.18791,1.07,2.77
2021.09.03 01:18:06.336,1.18788,1.1879,0.10,0.75
2021.09.03 01:18:06.438,1.18787,1.1879,0.75,0.75
2021.09.03 01:18:06.539,1.18786,1.1879,3.62,0.75
2021.09.03 01:18:07.089,1.18791,1.18792,0.10,0.37
2021.09.03 01:18:07.191,1.1879,1.18794,1.50,3.65
2021.09.03 01:18:08.785,1.1879,1.18793,0.10,0.75
2021.09.03 01:18:08.937,1.18788,1.18792,1.87,0.75
2021.09.03 01:18:10.715,1.18789,1.18791,2.87,1.20
2021.09.03 01:18:11.256,1.18788,1.18792,2.87,0.75
2021.09.03 01:18:12.428,1.18788,1.18791,0.75,0.75
2021.09.03 01:18:14.864,1.18788,1.1879,2.57,1.12
2021.09.03 01:18:16.296,1.18788,1.18791,0.10,4.40
2021.09.03 01:18:21.335,1.18786,1.18789,0.10,0.75
2021.09.03 01:18:21.856,1.18786,1.18788,0.10,0.45
2021.09.03 01:18:22.060,1.18787,1.18788,0.10,0.75
2021.09.03 01:18:40.070,1.18788,1.18789,1.57,0.75
2021.09.03 01:18:40.985,1.18789,1.1879,0.10,0.75
2021.09.03 01:18:41.246,1.18788,1.18791,0.10,1.12
2021.09.03 01:18:51.392,1.18788,1.18792,0.82,3.90
2021.09.03 01:18:51.545,1.18791,1.18792,1.57,1.57
2021.09.03 01:18:51.647,1.1879,1.18793,1.57,0.45
2021.09.03 01:18:51.748,1.18791,1.18794,0.10,0.75
2021.09.03 01:18:53.372,1.18791,1.18793,0.10,0.37
2021.09.03 01:18:54.032,1.18792,1.18793,0.10,0.75
2021.09.03 01:18:55.115,1.18791,1.18793,0.10,0.37
2021.09.03 01:18:56.124,1.18791,1.18794,0.10,0.75
2021.09.03 01:18:57.333,1.18791,1.18795,0.10,2.89
2021.09.03 01:18:57.595,1.1879,1.18793,0.10,2.44
2021.09.03 01:18:57.696,1.18788,1.18793,2.87,2.25
2021.09.03 01:18:57.797,1.18788,1.18792,1.50,2.06
2021.09.03 01:18:57.898,1.18788,1.18791,1.50,0.37
2021.09.03 01:18:58.050,1.18788,1.1879,1.50,1.12
2021.09.03 01:18:58.285,1.18787,1.1879,1.50,0.37
2021.09.03 01:18:58.387,1.18787,1.18791,1.50,2.14
2021.09.03 01:18:59.864,1.18788,1.18789,0.75,0.37
2021.09.03 01:18:59.965,1.18786,1.1879,2.87,1.12
2021.09.03 01:19:06.411,1.18787,1.1879,0.75,0.75
2021.09.03 01:19:06.648,1.18786,1.1879,4.45,0.75
2021.09.03 01:19:06.750,1.18787,1.1879,1.00,0.75
2021.09.03 01:19:07.765,1.18787,1.18791,1.00,3.19
2021.09.03 01:19:07.986,1.18786,1.18791,4.37,3.19
2021.09.03 01:19:08.087,1.18787,1.18791,1.00,3.19
2021.09.03 01:19:11.680,1.18786,1.18791,3.62,2.81
2021.09.03 01:19:13.481,1.18788,1.18791,0.10,1.12
2021.09.03 01:19:14.045,1.18787,1.18791,1.75,0.75
2021.09.03 01:19:14.735,1.18788,1.18791,0.10,0.75
2021.09.03 01:19:18.132,1.18788,1.18792,0.82,3.15
2021.09.03 01:19:18.233,1.1879,1.18793,1.95,0.82
2021.09.03 01:19:18.335,1.18791,1.18794,0.10,1.12
2021.09.03 01:19:19.020,1.18791,1.18795,0.10,6.24
2021.09.03 01:19:26.045,1.18789,1.18793,1.57,0.82
2021.09.03 01:19:26.146,1.18789,1.18792,0.82,0.75
2021.09.03 01:19:26.248,1.18788,1.18792,0.75,4.21
2021.09.03 01:19:27.856,1.18789,1.1879,0.75,0.75
2021.09.03 01:19:29.076,1.18788,1.1879,1.87,1.12
2021.09.03 01:19:29.564,1.18787,1.1879,0.75,0.75
2021.09.03 01:19:31.026,1.18787,1.18789,0.75,0.37
2021.09.03 01:19:31.602,1.18787,1.1879,0.75,1.20
2021.09.03 01:19:32.376,1.18787,1.18791,0.75,2.44
2021.09.03 01:19:32.923,1.18787,1.1879,0.75,0.75
2021.09.03 01:19:33.433,1.18787,1.18789,0.75,0.37
2021.09.03 01:19:34.370,1.18787,1.1879,0.75,0.75
2021.09.03 01:19:50.252,1.18786,1.1879,1.50,0.75
2021.09.03 01:19:52.456,1.18787,1.1879,0.75,0.75
2021.09.03 01:19:52.564,1.18786,1.1879,3.25,0.75
2021.09.03 01:19:59.386,1.18787,1.1879,0.75,1.50
2021.09.03 01:19:59.655,1.18786,1.1879,1.75,1.50
2021.09.03 01:20:04.542,1.18787,1.1879,0.75,1.50
2021.09.03 01:20:04.643,1.18786,1.1879,2.50,0.75
2021.09.03 01:20:27.848,1.18784,1.18788,2.20,1.57
2021.09.03 01:20:28.303,1.18783,1.18788,1.50,6.16
2021.09.03 01:20:28.404,1.18783,1.18787,0.75,0.75
2021.09.03 01:20:31.042,1.18783,1.18788,0.75,6.99
2021.09.03 01:20:34.047,1.18783,1.18787,0.75,1.31
2021.09.03 01:20:34.149,1.18782,1.18786,0.75,1.69
2021.09.03 01:20:34.250,1.18781,1.18785,1.87,0.75
2021.09.03 01:20:35.921,1.18783,1.18785,0.37,0.75
2021.09.03 01:20:36.080,1.18781,1.18785,1.50,0.75
2021.09.03 01:20:42.842,1.18781,1.18784,1.50,0.45
2021.09.03 01:20:43.620,1.18781,1.18785,1.50,0.75
2021.09.03 01:20:45.307,1.18781,1.18783,1.50,0.45
2021.09.03 01:20:46.050,1.18781,1.18785,1.50,0.75
2021.09.03 01:20:55.238,1.18781,1.18783,1.50,0.37
2021.09.03 01:20:55.839,1.18781,1.18785,1.50,0.94
2021.09.03 01:20:57.490,1.18781,1.18783,1.50,0.37
2021.09.03 01:20:58.283,1.18781,1.18785,1.50,0.94
2021.09.03 01:20:59.341,1.18781,1.18784,1.50,0.37
2021.09.03 01:20:59.989,1.18782,1.18784,1.50,1.31
2021.09.03 01:21:02.025,1.1878,1.18783,1.82,0.75
2021.09.03 01:21:02.127,1.18779,1.18782,1.34,1.31
2021.09.03 01:21:02.228,1.18778,1.18782,1.50,1.31
2021.09.03 01:21:02.634,1.18778,1.18781,0.75,0.75
2021.09.03 01:21:08.253,1.18778,1.1878,0.75,0.37
2021.09.03 01:21:09.059,1.18778,1.18781,0.75,1.12
2021.09.03 01:21:09.775,1.18777,1.18781,1.75,1.50
2021.09.03 01:21:11.545,1.18776,1.18781,2.87,1.87
2021.09.03 01:21:17.814,1.18776,1.1878,2.87,0.37
2021.09.03 01:21:18.241,1.18778,1.18781,1.95,0.75
2021.09.03 01:21:18.292,1.18781,1.18783,0.85,4.88
2021.09.03 01:21:18.394,1.18781,1.18784,0.10,0.75
2021.09.03 01:21:18.957,1.18781,1.18785,0.10,1.20
2021.09.03 01:21:20.328,1.18781,1.18784,1.07,0.75
2021.09.03 01:21:22.870,1.18782,1.18784,0.75,0.75
2021.09.03 01:21:24.305,1.18783,1.18785,1.75,0.94
2021.09.03 01:21:24.886,1.18782,1.18787,1.75,2.89
2021.09.03 01:21:25.022,1.18782,1.18786,1.75,0.75
2021.09.03 01:21:27.985,1.18782,1.18785,0.75,0.37
2021.09.03 01:21:29.021,1.18782,1.18786,0.75,2.44
2021.09.03 01:21:30.585,1.18783,1.18786,2.70,2.25
2021.09.03 01:21:30.636,1.18786,1.18788,0.10,1.24
2021.09.03 01:21:30.772,1.18788,1.18789,0.10,1.20
2021.09.03 01:21:30.873,1.18787,1.1879,0.82,0.75
2021.09.03 01:21:31.597,1.18787,1.18791,1.82,2.51
2021.09.03 01:21:35.384,1.18787,1.1879,1.82,0.37
2021.09.03 01:21:36.262,1.18786,1.18789,0.82,0.37
2021.09.03 01:21:47.489,1.18786,1.1879,1.82,0.82
2021.09.03 01:21:47.641,1.18787,1.18791,0.75,2.81
2021.09.03 01:21:48.328,1.18786,1.1879,1.75,0.75
2021.09.03 01:21:56.649,1.18785,1.1879,4.07,1.50
2021.09.03 01:21:57.172,1.18787,1.18789,0.75,1.50
2021.09.03 01:21:59.316,1.18787,1.1879,1.50,0.75
2021.09.03 01:21:59.519,1.18788,1.18792,0.10,3.64
2021.09.03 01:22:00.385,1.18788,1.18791,0.10,0.75
2021.09.03 01:22:03.307,1.18789,1.18791,0.10,7.29
2021.09.03 01:22:05.096,1.18788,1.18791,0.82,0.75
2021.09.03 01:22:05.147,1.18791,1.18793,0.10,1.06
2021.09.03 01:22:05.248,1.18791,1.18795,3.89,1.20
2021.09.03 01:22:09.594,1.18795,1.18798,1.57,0.82
2021.09.03 01:22:09.697,1.18795,1.18797,1.57,1.46
2021.09.03 01:22:13.014,1.18793,1.18797,0.10,1.76
2021.09.03 01:22:18.496,1.18793,1.18796,0.10,0.37
2021.09.03 01:22:19.386,1.18793,1.18797,0.10,2.51
2021.09.03 01:22:20.887,1.18794,1.18798,1.50,6.09
2021.09.03 01:22:21.140,1.18796,1.18799,0.10,0.94
2021.09.03 01:22:21.343,1.18796,1.188,0.10,6.16
2021.09.03 01:22:22.520,1.18796,1.18799,1.20,0.45
2021.09.03 01:22:23.945,1.18794,1.18797,1.01,0.45
2021.09.03 01:22:24.046,1.18793,1.18797,2.32,3.91
2021.09.03 01:22:25.889,1.18793,1.18796,1.57,0.45
2021.09.03 01:22:26.517,1.18793,1.18797,1.57,2.96
2021.09.03 01:22:26.619,1.18793,1.18795,1.57,0.45
2021.09.03 01:22:27.185,1.18793,1.18797,1.57,2.51
2021.09.03 01:22:30.264,1.18792,1.18795,0.10,0.19
2021.09.03 01:22:30.366,1.1879,1.18793,2.70,0.75
2021.09.03 01:22:30.468,1.1879,1.18794,1.57,4.29
2021.09.03 01:22:31.949,1.1879,1.18793,1.57,0.37
2021.09.03 01:22:36.725,1.1879,1.18794,0.10,6.91
2021.09.03 01:22:36.845,1.18791,1.18794,0.10,5.34
2021.09.03 01:22:40.148,1.18791,1.18795,0.82,2.51
2021.09.03 01:22:40.351,1.18791,1.18794,0.10,0.94
2021.09.03 01:22:41.024,1.18791,1.18793,0.75,4.59
2021.09.03 01:22:41.278,1.18789,1.18793,3.45,0.75
2021.09.03 01:22:42.233,1.18789,1.18792,0.10,0.75
2021.09.03 01:22:42.622,1.18788,1.18792,1.50,3.84
2021.09.03 01:22:42.723,1.18788,1.18793,1.50,5.79
2021.09.03 01:22:42.926,1.18789,1.18791,1.50,1.50
2021.09.03 01:22:50.686,1.18789,1.18793,0.10,6.16
2021.09.03 01:22:51.871,1.18789,1.18792,0.10,0.75
2021.09.03 01:22:53.600,1.18788,1.18792,1.57,0.82
2021.09.03 01:22:53.930,1.18788,1.18791,0.82,0.75
2021.09.03 01:22:56.036,1.18788,1.18792,0.82,1.57
2021.09.03 01:22:59.707,1.18789,1.18793,0.82,6.16
2021.09.03 01:23:00.316,1.18789,1.18792,0.10,0.75
2021.09.03 01:23:00.418,1.18788,1.18792,1.50,0.19
2021.09.03 01:23:00.607,1.18789,1.18793,1.57,4.66
2021.09.03 01:23:11.119,1.1879,1.18793,0.75,0.82
2021.09.03 01:23:19.368,1.1879,1.18794,1.57,4.29
2021.09.03 01:23:19.470,1.18792,1.18793,0.82,1.31
2021.09.03 01:23:19.672,1.18791,1.18795,0.82,1.01
2021.09.03 01:23:21.380,1.18792,1.18796,0.75,1.12
2021.09.03 01:23:21.492,1.18793,1.18796,0.75,0.37
2021.09.03 01:23:22.089,1.18793,1.18797,0.75,2.81
2021.09.03 01:23:24.270,1.18793,1.18796,0.75,0.37
2021.09.03 01:23:24.472,1.18793,1.18797,0.75,2.44
2021.09.03 01:23:29.561,1.18793,1.18796,0.75,0.45
2021.09.03 01:23:29.968,1.18793,1.18795,0.75,0.45
2021.09.03 01:23:30.321,1.18793,1.18797,0.75,2.44
2021.09.03 01:23:42.255,1.18792,1.18796,0.75,1.69
2021.09.03 01:23:46.782,1.18791,1.18795,0.75,1.39
2021.09.03 01:23:50.290,1.18791,1.18794,0.75,0.94
2021.09.03 01:23:50.392,1.18789,1.18793,0.75,3.26
2021.09.03 01:23:50.493,1.18789,1.18792,1.57,7.29
2021.09.03 01:23:50.544,1.18787,1.18791,1.57,0.37
2021.09.03 01:23:50.747,1.18786,1.18791,2.32,5.79
2021.09.03 01:23:51.305,1.18786,1.18789,0.75,0.75
2021.09.03 01:23:51.456,1.18785,1.18789,1.57,1.50
2021.09.03 01:23:53.431,1.18786,1.18789,0.10,0.75
2021.09.03 01:24:00.317,1.18786,1.1879,0.82,0.75
2021.09.03 01:24:00.419,1.18786,1.18791,2.57,5.51
2021.09.03 01:24:04.535,1.18786,1.1879,1.57,0.94
2021.09.03 01:24:05.781,1.18786,1.18791,1.57,9.99
2021.09.03 01:24:05.932,1.18787,1.18791,0.75,3.64
2021.09.03 01:24:06.772,1.18791,1.18794,0.75,3.01
2021.09.03 01:24:06.975,1.18791,1.18795,0.82,2.06
2021.09.03 01:24:08.142,1.1879,1.18792,0.75,1.76
2021.09.03 01:24:08.243,1.18789,1.18793,0.75,7.29
2021.09.03 01:24:08.345,1.18789,1.18792,0.75,2.90
2021.09.03 01:24:08.446,1.18789,1.18793,0.75,7.29
2021.09.03 01:24:08.728,1.18789,1.18792,0.75,2.90
2021.09.03 01:24:08.829,1.18788,1.18792,1.57,3.65
2021.09.03 01:24:10.166,1.18787,1.18791,0.75,2.51
2021.09.03 01:24:10.268,1.18786,1.18791,1.57,2.51
2021.09.03 01:24:10.878,1.18787,1.18791,0.75,2.51
2021.09.03 01:24:12.401,1.18787,1.1879,0.75,0.37
2021.09.03 01:24:12.772,1.18786,1.18789,2.57,0.37
2021.09.03 01:24:13.485,1.18786,1.18791,0.82,8.41
2021.09.03 01:24:14.757,1.18786,1.1879,0.82,0.37
2021.09.03 01:24:15.420,1.18787,1.1879,0.82,7.66
2021.09.03 01:24:16.771,1.18787,1.18789,0.75,1.01
2021.09.03 01:24:17.126,1.18787,1.1879,0.82,4.39
2021.09.03 01:24:17.431,1.18787,1.18792,1.57,7.22
2021.09.03 01:24:17.685,1.18787,1.18791,2.77,0.75
2021.09.03 01:24:17.786,1.18787,1.1879,2.77,0.37
2021.09.03 01:24:18.677,1.18787,1.18792,1.57,6.54
2021.09.03 01:24:20.265,1.18787,1.18791,1.57,0.75
2021.09.03 01:24:30.800,1.18788,1.18791,2.57,3.64
2021.09.03 01:24:33.264,1.18787,1.18791,2.57,0.75
2021.09.03 01:24:35.817,1.18787,1.18792,2.57,3.64
2021.09.03 01:24:38.137,1.18787,1.18791,2.57,0.75
2021.09.03 01:24:40.093,1.18787,1.18792,3.32,3.64
2021.09.03 01:24:45.216,1.18787,1.18791,2.57,0.37
2021.09.03 01:24:45.777,1.18786,1.18791,1.95,6.54
2021.09.03 01:24:49.049,1.18787,1.18791,0.45,6.54
2021.09.03 01:24:49.596,1.18786,1.18791,1.95,7.36
2021.09.03 01:24:50.235,1.18786,1.18789,1.95,0.45
2021.09.03 01:24:50.883,1.18787,1.18791,0.45,6.91
2021.09.03 01:24:51.753,1.18786,1.18791,1.57,6.91
2021.09.03 01:24:54.764,1.18787,1.18791,0.75,4.01
2021.09.03 01:24:55.388,1.18787,1.18789,0.75,0.45
2021.09.03 01:24:56.113,1.18787,1.18791,1.50,2.14
2021.09.03 01:25:00.898,1.18788,1.18792,0.37,2.89
2021.09.03 01:25:01.353,1.1879,1.18791,0.75,1.57
2021.09.03 01:25:01.404,1.18791,1.18794,0.75,1.65
2021.09.03 01:25:01.557,1.18791,1.18795,0.82,0.82
2021.09.03 01:25:01.658,1.18792,1.18795,0.75,0.82
2021.09.03 01:25:01.760,1.18792,1.18794,1.57,0.82
2021.09.03 01:25:02.691,1.18792,1.18795,0.37,0.10
2021.09.03 01:25:02.793,1.18792,1.18796,0.37,2.81
2021.09.03 01:25:02.895,1.18793,1.18796,0.37,1.31
2021.09.03 01:25:03.584,1.18792,1.18796,0.75,2.06
2021.09.03 01:25:04.978,1.18793,1.18797,0.82,2.14
2021.09.03 01:25:05.950,1.18793,1.18796,0.82,0.37
2021.09.03 01:25:06.503,1.18793,1.18797,0.82,2.51
2021.09.03 01:25:23.516,1.18793,1.18796,0.75,0.37
2021.09.03 01:25:24.471,1.18793,1.18797,0.75,5.07
2021.09.03 01:25:24.759,1.18793,1.18796,0.75,0.45
2021.09.03 01:25:25.260,1.18793,1.18795,0.75,0.45
2021.09.03 01:25:25.910,1.18793,1.18797,0.75,2.44
2021.09.03 01:25:26.133,1.18793,1.18795,0.75,0.45
2021.09.03 01:25:27.639,1.18793,1.18797,0.75,1.76
2021.09.03 01:25:27.761,1.18795,1.18797,0.75,0.45
2021.09.03 01:25:27.862,1.18797,1.188,1.50,4.84
2021.09.03 01:25:27.964,1.18798,1.18801,0.75,0.19
2021.09.03 01:25:28.566,1.18798,1.188,0.75,0.45
2021.09.03 01:25:29.554,1.18798,1.18801,0.75,1.39
2021.09.03 01:25:30.421,1.18798,1.188,0.75,0.45
2021.09.03 01:25:31.154,1.18798,1.18801,1.95,0.94
2021.09.03 01:25:45.473,1.18799,1.18801,0.75,0.19
2021.09.03 01:25:48.600,1.18797,1.188,1.82,0.45
2021.09.03 01:25:48.923,1.18799,1.18801,0.75,0.19
2021.09.03 01:25:53.412,1.18798,1.18801,0.75,1.69
2021.09.03 01:25:53.514,1.18798,1.18799,0.82,0.75
2021.09.03 01:25:56.254,1.18797,1.18801,0.82,2.81
2021.09.03 01:25:57.283,1.18798,1.18801,0.75,1.31
2021.09.03 01:26:16.285,1.18798,1.188,2.32,0.94
2021.09.03 01:26:20.875,1.18797,1.188,0.82,0.75
2021.09.03 01:26:25.214,1.18797,1.18801,0.82,3.19
2021.09.03 01:26:26.071,1.18797,1.18799,0.82,0.37
2021.09.03 01:26:26.946,1.18797,1.188,0.82,0.37
2021.09.03 01:26:27.606,1.18797,1.18801,0.82,1.69
2021.09.03 01:26:28.215,1.18797,1.188,0.82,0.37
2021.09.03 01:26:28.755,1.18797,1.18801,0.75,5.49
2021.09.03 01:26:28.863,1.18797,1.188,0.75,0.19
2021.09.03 01:26:29.267,1.18796,1.188,1.95,0.94
2021.09.03 01:26:32.682,1.18797,1.18801,0.75,2.14
2021.09.03 01:26:59.719,1.18797,1.188,1.50,0.75
2021.09.03 01:26:59.821,1.18798,1.18801,0.75,5.41
2021.09.03 01:27:30.081,1.18798,1.18802,0.75,3.19
2021.09.03 01:27:31.410,1.18799,1.18803,4.07,1.50
2021.09.03 01:27:31.511,1.18802,1.18804,0.75,0.45
2021.09.03 01:27:31.612,1.18802,1.18805,0.75,0.75
2021.09.03 01:27:31.714,1.18802,1.18806,1.50,2.32
2021.09.03 01:27:35.074,1.18803,1.18807,0.75,7.21
2021.09.03 01:27:41.236,1.18806,1.18809,0.75,1.06
2021.09.03 01:27:41.337,1.18806,1.1881,2.57,1.95
2021.09.03 01:27:41.438,1.18807,1.1881,0.75,0.75
2021.09.03 01:27:41.691,1.18807,1.18811,0.75,3.64
2021.09.03 01:27:51.118,1.18808,1.18809,0.75,0.37
2021.09.03 01:27:51.991,1.18807,1.18811,0.75,0.75
2021.09.03 01:27:53.098,1.18808,1.18811,0.75,0.75
2021.09.03 01:27:55.289,1.18808,1.1881,0.75,0.37
2021.09.03 01:27:56.075,1.18808,1.18811,0.75,0.75
2021.09.03 01:27:57.391,1.18809,1.18812,0.75,1.69
2021.09.03 01:27:59.472,1.1881,1.18813,0.75,2.44
2021.09.03 01:27:59.827,1.18809,1.18813,2.32,1.69
2021.09.03 01:28:02.342,1.18811,1.18814,0.75,3.84
2021.09.03 01:28:02.545,1.18811,1.18815,1.57,0.94
2021.09.03 01:28:04.142,1.18811,1.18814,0.82,0.75
2021.09.03 01:28:04.244,1.18809,1.18813,2.62,2.44
2021.09.03 01:28:04.598,1.18809,1.18812,0.75,0.19
2021.09.03 01:28:07.623,1.18808,1.18811,1.50,0.75
2021.09.03 01:28:32.711,1.18807,1.18811,1.57,1.69
2021.09.03 01:28:32.812,1.18807,1.1881,1.57,0.19
2021.09.03 01:28:32.863,1.18805,1.18809,3.09,2.89
2021.09.03 01:28:32.964,1.18804,1.18807,2.02,0.75
2021.09.03 01:28:33.108,1.18803,1.18807,0.75,0.75
2021.09.03 01:28:35.670,1.18804,1.18807,0.45,0.94
2021.09.03 01:28:36.513,1.18803,1.18807,0.75,0.94
2021.09.03 01:28:38.957,1.18804,1.18807,0.45,0.94
2021.09.03 01:28:40.793,1.18803,1.18807,0.75,0.94
2021.09.03 01:28:41.701,1.18804,1.18807,0.45,0.94
2021.09.03 01:28:42.181,1.18803,1.18807,0.75,0.94
2021.09.03 01:28:52.398,1.18805,1.18808,0.75,1.69
2021.09.03 01:28:52.753,1.18805,1.18809,0.75,2.14
2021.09.03 01:29:02.436,1.18804,1.18808,1.57,0.75
2021.09.03 01:29:04.452,1.18805,1.18809,0.75,2.14
2021.09.03 01:29:14.229,1.18806,1.18809,0.10,0.75
2021.09.03 01:29:14.799,1.18805,1.18808,0.75,0.75
2021.09.03 01:29:16.066,1.18804,1.18807,0.10,0.75
2021.09.03 01:29:16.167,1.18804,1.18805,1.57,0.75
2021.09.03 01:29:18.904,1.18802,1.18805,1.50,0.75
2021.09.03 01:29:32.900,1.18801,1.18804,0.75,0.75
2021.09.03 01:29:33.002,1.18801,1.18803,1.57,1.69
2021.09.03 01:29:33.103,1.18799,1.18803,0.82,3.56
2021.09.03 01:29:33.205,1.18799,1.18802,0.75,0.75
2021.09.03 01:29:33.418,1.18798,1.18801,1.57,0.75
2021.09.03 01:29:40.065,1.18798,1.188,0.75,0.75
2021.09.03 01:29:42.165,1.18798,1.18801,1.50,0.75
2021.09.03 01:29:47.728,1.18795,1.18798,4.59,0.75
2021.09.03 01:29:48.700,1.18794,1.18798,2.32,0.75
2021.09.03 01:29:55.490,1.18794,1.18797,2.32,0.75
2021.09.03 01:29:55.996,1.18796,1.18799,0.75,0.19
2021.09.03 01:29:56.097,1.18796,1.188,1.57,1.39
2021.09.03 01:29:56.199,1.18798,1.18801,0.75,0.94
2021.09.03 01:30:00.211,1.18799,1.18802,0.75,1.50
2021.09.03 01:30:00.313,1.18798,1.18802,2.50,1.69
2021.09.03 01:30:00.880,1.18798,1.18801,0.75,0.19
2021.09.03 01:30:03.551,1.18797,1.18801,1.50,3.84
2021.09.03 01:30:03.964,1.18796,1.18799,1.50,0.75
2021.09.03 01:30:04.116,1.18795,1.18798,0.75,3.65
2021.09.03 01:30:05.220,1.18794,1.18798,1.69,3.65
2021.09.03 01:30:05.321,1.18793,1.18797,1.69,0.75
2021.09.03 01:30:18.173,1.18792,1.18794,0.75,0.75
2021.09.03 01:30:18.275,1.1879,1.18794,3.02,1.12
2021.09.03 01:30:21.390,1.1879,1.18792,1.50,0.37
2021.09.03 01:30:22.961,1.18791,1.18795,0.75,6.46
2021.09.03 01:30:23.063,1.18792,1.18795,0.75,0.75
2021.09.03 01:30:23.165,1.18793,1.18795,0.75,6.09
2021.09.03 01:30:23.760,1.18792,1.18795,0.75,0.37
2021.09.03 01:30:24.168,1.18792,1.18796,0.75,2.44
2021.09.03 01:30:24.320,1.18792,1.18795,0.75,0.37
2021.09.03 01:30:24.523,1.18792,1.18796,0.75,4.59
2021.09.03 01:30:29.115,1.18794,1.18795,0.75,0.75
2021.09.03 01:30:48.839,1.18792,1.18795,1.12,0.75
2021.09.03 01:30:50.709,1.18794,1.18796,1.50,1.06
2021.09.03 01:30:50.760,1.18797,1.18799,1.01,2.14
2021.09.03 01:30:50.812,1.188,1.18801,4.45,0.94
2021.09.03 01:30:50.914,1.18797,1.18801,4.23,8.25
2021.09.03 01:30:51.015,1.18798,1.18802,1.75,0.75
2021.09.03 01:30:51.919,1.18799,1.18802,0.75,1.12
2021.09.03 01:30:52.630,1.188,1.18804,3.64,6.28
2021.09.03 01:30:52.732,1.18801,1.18804,0.75,0.45
2021.09.03 01:30:52.833,1.18801,1.18805,0.75,1.69
2021.09.03 01:30:52.957,1.18801,1.18804,0.75,0.75
2021.09.03 01:30:54.515,1.18801,1.18803,0.75,1.50
2021.09.03 01:30:54.617,1.18799,1.18801,2.50,1.31
2021.09.03 01:30:56.321,1.18799,1.18802,0.75,0.94
2021.09.03 01:30:56.423,1.188,1.18803,0.75,1.57
2021.09.03 01:30:56.525,1.18802,1.18803,0.75,2.44
2021.09.03 01:30:56.626,1.18802,1.18804,0.75,2.06
2021.09.03 01:30:57.285,1.18802,1.18805,0.75,0.19
2021.09.03 01:30:57.868,1.18802,1.18806,0.75,6.09
2021.09.03 01:30:57.969,1.18802,1.18805,1.57,0.37
2021.09.03 01:30:58.935,1.18802,1.18806,1.50,1.69
2021.09.03 01:31:00.927,1.18802,1.18805,1.57,0.37
2021.09.03 01:31:01.034,1.18801,1.18805,0.82,1.31
2021.09.03 01:31:01.136,1.18801,1.18804,0.75,0.75
2021.09.03 01:31:02.392,1.188,1.18804,1.57,1.69
2021.09.03 01:31:06.278,1.18799,1.18803,1.57,0.75
2021.09.03 01:31:08.613,1.188,1.18801,2.25,0.75
2021.09.03 01:31:17.964,1.18798,1.18801,1.50,0.75
2021.09.03 01:31:18.065,1.18799,1.18801,0.75,0.75
2021.09.03 01:31:30.930,1.188,1.18802,0.75,0.94
2021.09.03 01:31:31.032,1.188,1.18803,0.75,0.19
2021.09.03 01:31:38.074,1.188,1.18804,1.20,1.69
2021.09.03 01:31:46.603,1.18801,1.18804,0.82,0.75
2021.09.03 01:31:46.705,1.18803,1.18806,0.94,0.75
2021.09.03 01:31:46.755,1.18804,1.18808,2.25,2.52
2021.09.03 01:31:46.857,1.18805,1.18808,0.75,0.94
2021.09.03 01:31:47.009,1.18804,1.18808,1.57,0.94
2021.09.03 01:32:04.328,1.18803,1.18807,1.76,0.75
2021.09.03 01:32:07.628,1.18804,1.18806,0.75,0.75
2021.09.03 01:32:07.729,1.18807,1.18809,0.82,1.06
2021.09.03 01:32:07.780,1.18808,1.18811,0.10,1.57
2021.09.03 01:32:07.831,1.18806,1.1881,3.32,0.75
2021.09.03 01:32:07.932,1.18807,1.1881,0.75,0.75
2021.09.03 01:32:08.034,1.18807,1.18811,0.75,1.57
2021.09.03 01:32:08.136,1.18808,1.18811,0.75,0.82
2021.09.03 01:32:08.904,1.18809,1.18811,0.75,0.75
2021.09.03 01:32:12.241,1.18808,1.18811,1.50,0.75
2021.09.03 01:32:12.342,1.18809,1.18812,1.50,0.75
2021.09.03 01:32:12.645,1.18808,1.18811,2.32,0.75
2021.09.03 01:32:15.512,1.18809,1.18811,0.75,0.75
2021.09.03 01:32:17.014,1.18809,1.1881,2.25,0.75
2021.09.03 01:32:17.273,1.18809,1.18812,0.75,1.50
2021.09.03 01:32:17.526,1.18808,1.18811,2.44,0.75
2021.09.03 01:32:20.100,1.18809,1.18811,0.75,0.75
2021.09.03 01:32:21.737,1.1881,1.18814,2.32,5.65
2021.09.03 01:32:21.839,1.18811,1.18815,1.50,6.61
2021.09.03 01:32:22.534,1.18811,1.18814,0.82,0.75
2021.09.03 01:32:26.063,1.1881,1.18813,1.69,0.75
2021.09.03 01:32:29.229,1.18811,1.18813,3.64,0.75
2021.09.03 01:32:29.331,1.18811,1.18814,0.75,0.75
2021.09.03 01:32:31.156,1.1881,1.18814,2.44,4.48
2021.09.03 01:32:38.986,1.1881,1.18813,1.69,0.75
2021.09.03 01:32:43.416,1.18811,1.18814,1.50,0.75
2021.09.03 01:32:52.130,1.1881,1.18814,1.76,0.75
2021.09.03 01:33:00.893,1.18809,1.18812,3.32,0.75
2021.09.03 01:33:01.987,1.18809,1.1881,0.75,0.75
2021.09.03 01:33:04.644,1.18809,1.18811,0.75,0.75
2021.09.03 01:33:04.745,1.18808,1.1881,1.50,0.37
2021.09.03 01:33:04.874,1.18808,1.18811,1.50,0.75
2021.09.03 01:33:14.503,1.18809,1.18811,0.45,0.75
2021.09.03 01:33:18.924,1.18806,1.18808,0.75,0.75
2021.09.03 01:33:19.025,1.18806,1.18809,1.57,0.75
2021.09.03 01:33:19.127,1.18807,1.18809,0.75,0.75
2021.09.03 01:33:19.228,1.18807,1.18808,1.57,0.75
2021.09.03 01:33:19.330,1.18807,1.18809,0.75,0.75
2021.09.03 01:33:19.431,1.18807,1.1881,1.50,0.75
2021.09.03 01:33:19.842,1.18807,1.18811,2.25,6.16
2021.09.03 01:33:20.054,1.18807,1.1881,0.75,0.75
2021.09.03 01:33:20.197,1.18808,1.1881,0.75,3.64
2021.09.03 01:33:21.187,1.18807,1.1881,0.75,0.75
2021.09.03 01:33:21.766,1.18806,1.1881,2.57,0.75
2021.09.03 01:33:21.983,1.18805,1.18808,1.57,0.75
2021.09.03 01:33:22.187,1.18803,1.18807,4.12,0.75
2021.09.03 01:33:22.491,1.18804,1.18807,0.37,1.20
2021.09.03 01:33:23.425,1.18803,1.18807,0.82,1.20
2021.09.03 01:33:26.120,1.18803,1.18806,0.75,0.75
2021.09.03 01:33:26.222,1.18801,1.18805,3.52,0.75
2021.09.03 01:33:27.021,1.18802,1.18805,1.20,0.75
2021.09.03 01:33:27.843,1.18801,1.18805,2.32,0.75
2021.09.03 01:33:30.407,1.18801,1.18804,2.32,0.75
2021.09.03 01:33:31.645,1.18802,1.18804,0.75,0.75
2021.09.03 01:33:31.914,1.18801,1.18804,2.32,0.75
2021.09.03 01:33:40.178,1.18802,1.18805,0.82,0.75
2021.09.03 01:33:44.350,1.18804,1.18805,1.20,0.75
2021.09.03 01:33:44.937,1.18802,1.18805,2.57,0.75
2021.09.03 01:33:45.721,1.18803,1.18805,3.32,0.75
2021.09.03 01:33:45.943,1.18803,1.18806,1.20,0.75
2021.09.03 01:33:46.660,1.18802,1.18806,2.57,0.75
2021.09.03 01:33:48.170,1.18802,1.18805,1.57,0.75
2021.09.03 01:33:48.530,1.18801,1.18804,2.32,0.75
2021.09.03 01:33:48.683,1.188,1.18804,1.57,0.75
2021.09.03 01:33:48.784,1.18799,1.18803,0.82,0.75
2021.09.03 01:33:50.315,1.188,1.18803,0.19,0.75
2021.09.03 01:33:50.366,1.18803,1.18805,3.00,1.81
2021.09.03 01:33:50.417,1.18804,1.18807,1.57,0.45
2021.09.03 01:33:50.518,1.18804,1.18808,0.82,0.82
2021.09.03 01:33:50.569,1.18807,1.18809,0.75,0.75
2021.09.03 01:33:50.671,1.18808,1.18809,0.75,0.75
2021.09.03 01:33:56.069,1.18806,1.1881,4.07,0.75
2021.09.03 01:33:58.145,1.18806,1.18809,3.32,0.75
2021.09.03 01:34:00.075,1.18805,1.18808,1.50,0.75
2021.09.03 01:34:00.177,1.18806,1.18808,1.50,0.75
2021.09.03 01:34:00.228,1.18807,1.1881,0.75,1.50
2021.09.03 01:34:01.240,1.18807,1.18811,0.82,1.50
2021.09.03 01:34:01.393,1.18808,1.18809,0.75,2.25
2021.09.03 01:34:01.494,1.18808,1.1881,0.75,1.50
2021.09.03 01:34:01.546,1.18809,1.18812,0.75,3.00
2021.09.03 01:34:01.648,1.18808,1.18811,0.75,0.75
2021.09.03 01:34:06.338,1.18809,1.18811,1.95,6.91
2021.09.03 01:34:06.812,1.18808,1.18811,0.75,0.75
2021.09.03 01:34:07.939,1.18809,1.18812,0.75,2.25
2021.09.03 01:34:08.247,1.18809,1.18811,0.75,0.45
2021.09.03 01:34:08.349,1.18808,1.18811,0.82,1.20
2021.09.03 01:34:08.450,1.18808,1.1881,0.75,0.45
2021.09.03 01:34:08.822,1.18808,1.18811,1.95,0.75
2021.09.03 01:34:10.343,1.18808,1.1881,0.75,0.45
2021.09.03 01:34:10.859,1.18809,1.1881,0.75,0.75
2021.09.03 01:34:16.599,1.18807,1.18811,2.57,0.75
2021.09.03 01:34:21.095,1.18808,1.18811,0.37,0.75
2021.09.03 01:34:21.920,1.18808,1.1881,1.82,1.12
2021.09.03 01:34:22.124,1.18805,1.18808,0.75,0.82
2021.09.03 01:34:22.227,1.18806,1.18808,0.75,0.37
2021.09.03 01:34:22.329,1.18806,1.18809,0.82,0.75
2021.09.03 01:34:22.758,1.18807,1.18809,0.37,0.75
2021.09.03 01:34:23.965,1.18806,1.18809,0.82,0.75
2021.09.03 01:34:24.678,1.18807,1.18809,0.37,0.75
2021.09.03 01:34:25.861,1.18806,1.18809,2.02,0.75
2021.09.03 01:34:26.527,1.18807,1.18809,1.20,0.75
2021.09.03 01:34:27.163,1.18806,1.18809,0.82,0.75
2021.09.03 01:34:30.396,1.18807,1.18809,1.20,0.75
2021.09.03 01:34:30.895,1.18806,1.18809,0.82,0.75
2021.09.03 01:34:41.171,1.18808,1.18809,0.75,1.57
2021.09.03 01:34:41.478,1.18808,1.18811,0.75,0.75
2021.09.03 01:34:42.668,1.18808,1.18812,0.75,2.25
2021.09.03 01:34:42.770,1.18811,1.18814,0.10,1.95
2021.09.03 01:34:42.922,1.18811,1.18815,1.57,1.57
2021.09.03 01:34:45.616,1.18812,1.18815,0.75,0.75
2021.09.03 01:34:46.456,1.18812,1.18816,1.50,0.75
2021.09.03 01:34:55.566,1.18813,1.18816,0.75,0.75
2021.09.03 01:34:58.886,1.18814,1.18816,0.37,0.75
2021.09.03 01:34:59.119,1.18813,1.18816,1.50,0.75
2021.09.03 01:35:01.936,1.18814,1.18816,0.37,0.75
2021.09.03 01:35:02.136,1.18813,1.18816,1.50,0.75
2021.09.03 01:35:04.912,1.18815,1.18818,0.75,0.82
2021.09.03 01:35:05.114,1.18816,1.18819,0.75,0.82
2021.09.03 01:35:06.731,1.18816,1.1882,1.50,0.75
2021.09.03 01:35:06.832,1.18817,1.1882,0.75,0.75
2021.09.03 01:35:06.933,1.18817,1.18821,0.75,3.65
2021.09.03 01:35:07.765,1.18816,1.18819,0.82,0.75
2021.09.03 01:35:07.866,1.18815,1.18819,1.57,2.14
2021.09.03 01:35:07.967,1.18815,1.18818,0.75,0.82
2021.09.03 01:35:08.450,1.18815,1.18819,2.70,1.39
2021.09.03 01:35:10.985,1.18816,1.18819,1.57,0.75
2021.09.03 01:35:11.036,1.18819,1.18821,0.75,1.81
2021.09.03 01:35:11.087,1.18817,1.18821,0.75,1.50
2021.09.03 01:35:11.191,1.18818,1.18821,0.82,0.75
2021.09.03 01:35:11.394,1.18819,1.18822,0.75,4.48
2021.09.03 01:35:25.556,1.18821,1.18824,0.75,3.73
2021.09.03 01:35:25.709,1.18822,1.18824,0.82,0.82
2021.09.03 01:35:27.103,1.18822,1.18825,0.37,0.75
2021.09.03 01:35:27.204,1.18822,1.18824,4.52,0.75
2021.09.03 01:35:27.457,1.18822,1.18825,0.75,0.82
2021.09.03 01:35:30.141,1.18822,1.18826,1.75,1.69
2021.09.03 01:35:31.455,1.18823,1.18826,0.75,1.50
2021.09.03 01:35:32.796,1.18823,1.18824,0.75,0.82
2021.09.03 01:35:37.952,1.1882,1.18824,2.57,3.45
2021.09.03 01:35:38.054,1.1882,1.18822,0.75,0.75
2021.09.03 01:35:38.155,1.18819,1.18822,0.82,0.75
2021.09.03 01:35:44.638,1.18819,1.18821,0.75,0.45
2021.09.03 01:35:45.698,1.18819,1.18822,0.82,1.50
2021.09.03 01:35:47.218,1.1882,1.18823,0.75,1.27
2021.09.03 01:35:47.378,1.18821,1.18823,0.75,0.45
2021.09.03 01:35:47.480,1.18822,1.18823,0.75,0.52
2021.09.03 01:35:47.631,1.18821,1.18823,0.75,0.45
2021.09.03 01:35:47.854,1.18821,1.18824,0.75,0.26
2021.09.03 01:35:52.263,1.18822,1.18824,0.75,0.10
2021.09.03 01:35:52.364,1.18822,1.18825,0.75,5.04
2021.09.03 01:36:01.464,1.18821,1.18825,0.75,1.95
2021.09.03 01:36:02.932,1.18822,1.18825,0.75,1.95
2021.09.03 01:36:03.034,1.18822,1.18824,0.75,1.95
2021.09.03 01:36:06.165,1.18819,1.18823,1.50,1.39
2021.09.03 01:36:06.267,1.18821,1.18824,1.50,1.12
2021.09.03 01:36:06.369,1.18821,1.18825,1.50,3.26
2021.09.03 01:36:08.255,1.18822,1.18825,0.75,1.12
2021.09.03 01:36:10.376,1.18822,1.18824,0.75,0.37
2021.09.03 01:36:11.115,1.18821,1.18823,0.75,0.37
2021.09.03 01:36:18.576,1.1882,1.18823,0.75,0.37
2021.09.03 01:36:18.627,1.18817,1.1882,5.92,1.12
2021.09.03 01:36:18.728,1.18817,1.18821,2.77,1.87
2021.09.03 01:36:18.880,1.18818,1.18821,0.75,1.50
2021.09.03 01:36:19.851,1.18819,1.18821,0.75,0.37
2021.09.03 01:36:23.474,1.18819,1.18823,0.75,3.07
2021.09.03 01:36:23.575,1.1882,1.18823,0.75,1.87
2021.09.03 01:36:26.036,1.1882,1.18824,0.75,4.48
2021.09.03 01:36:26.399,1.18821,1.18824,0.75,4.48
2021.09.03 01:36:27.560,1.18819,1.18822,1.50,1.50
2021.09.03 01:36:27.661,1.18821,1.18824,0.75,2.56
2021.09.03 01:36:27.813,1.18821,1.18825,0.75,1.57
2021.09.03 01:36:32.243,1.18821,1.18824,0.75,1.12
2021.09.03 01:36:33.022,1.1882,1.18824,0.75,1.95
2021.09.03 01:36:33.123,1.18821,1.18824,0.75,1.95
2021.09.03 01:36:34.426,1.1882,1.18824,0.82,1.95
2021.09.03 01:36:34.529,1.18819,1.18823,1.50,1.50
2021.09.03 01:36:34.631,1.1882,1.18821,0.75,0.75
2021.09.03 01:36:34.733,1.18822,1.18823,0.75,1.13
2021.09.03 01:36:34.835,1.18822,1.18825,0.75,1.57
2021.09.03 01:36:35.945,1.18822,1.18826,0.75,1.69
2021.09.03 01:36:39.648,1.18823,1.18826,0.75,0.94
2021.09.03 01:36:43.064,1.18825,1.18826,0.75,0.82
2021.09.03 01:36:43.167,1.18825,1.18828,0.75,5.23
2021.09.03 01:36:47.904,1.18825,1.18829,0.75,4.59
2021.09.03 01:36:48.439,1.18824,1.18828,2.32,0.75
2021.09.03 01:36:49.217,1.18823,1.18827,2.77,0.75
2021.09.03 01:36:52.737,1.18823,1.18826,0.75,0.75
2021.09.03 01:36:52.889,1.18822,1.18826,0.82,0.82
2021.09.03 01:36:52.990,1.18821,1.18825,1.57,3.73
2021.09.03 01:36:53.092,1.18821,1.18824,0.75,1.12
2021.09.03 01:36:54.885,1.1882,1.18825,1.50,5.60
2021.09.03 01:37:05.644,1.18821,1.18825,0.45,2.70
2021.09.03 01:37:05.846,1.18822,1.18825,0.45,2.25
2021.09.03 01:37:05.948,1.18822,1.18826,0.45,5.15
2021.09.03 01:37:06.049,1.18823,1.18826,0.45,2.25
2021.09.03 01:37:06.786,1.18824,1.18826,0.75,4.78
2021.09.03 01:37:07.575,1.18824,1.18827,0.37,4.78
2021.09.03 01:37:08.405,1.18823,1.18827,0.75,4.78
2021.09.03 01:37:09.268,1.18824,1.18827,0.37,4.40
2021.09.03 01:37:09.369,1.18825,1.18827,0.37,0.75
2021.09.03 01:37:09.521,1.18824,1.18827,0.37,1.50
2021.09.03 01:37:10.384,1.18823,1.18827,0.75,4.40
2021.09.03 01:37:13.327,1.18822,1.18827,1.57,4.40
2021.09.03 01:37:23.118,1.18822,1.18826,2.57,0.75
2021.09.03 01:37:41.845,1.18824,1.18825,1.20,0.75
2021.09.03 01:37:42.476,1.18822,1.18826,1.57,0.75
2021.09.03 01:37:45.470,1.18823,1.18826,1.20,0.75
2021.09.03 01:37:45.700,1.18822,1.18826,2.77,0.75
2021.09.03 01:37:46.837,1.18822,1.18825,0.82,0.45
2021.09.03 01:37:47.579,1.18822,1.18826,0.82,1.20
2021.09.03 01:37:48.159,1.18821,1.18825,1.57,1.50
2021.09.03 01:37:48.261,1.18821,1.18824,0.75,1.12
2021.09.03 01:37:48.362,1.1882,1.18824,1.20,1.57
2021.09.03 01:37:59.615,1.1882,1.18823,0.75,0.75
2021.09.03 01:38:04.144,1.1882,1.18824,0.75,1.57
2021.09.03 01:38:04.599,1.1882,1.18823,0.75,0.75
2021.09.03 01:38:09.253,1.1882,1.18824,0.75,1.57
2021.09.03 01:38:20.918,1.18822,1.18824,0.75,3.26
2021.09.03 01:38:21.020,1.18821,1.18824,0.75,3.07
2021.09.03 01:38:21.121,1.18819,1.18823,3.32,1.57
2021.09.03 01:38:21.273,1.18819,1.18822,1.95,0.75
2021.09.03 01:38:23.706,1.18818,1.18822,2.57,1.50
2021.09.03 01:38:37.103,1.1882,1.18824,0.82,1.50
2021.09.03 01:38:37.255,1.18821,1.18824,1.82,0.75
2021.09.03 01:38:39.727,1.18821,1.18825,1.82,0.75
2021.09.03 01:38:39.929,1.18822,1.18826,0.82,1.50
2021.09.03 01:38:40.546,1.18823,1.18826,0.10,0.75
2021.09.03 01:38:44.095,1.18823,1.18827,0.82,1.50
2021.09.03 01:38:51.615,1.18825,1.18827,0.75,0.75
2021.09.03 01:38:51.717,1.18826,1.18829,3.32,0.75
2021.09.03 01:38:51.818,1.18826,1.1883,3.70,0.75
2021.09.03 01:38:51.920,1.18827,1.1883,0.75,0.75
2021.09.03 01:38:52.224,1.18827,1.18831,1.50,1.50
2021.09.03 01:38:59.851,1.18827,1.1883,0.75,0.37
2021.09.03 01:39:00.637,1.18829,1.1883,0.37,0.75
2021.09.03 01:39:01.229,1.18829,1.18831,0.37,6.16
2021.09.03 01:39:01.330,1.18828,1.18831,0.37,0.75
2021.09.03 01:39:01.482,1.18829,1.18831,0.37,0.75
2021.09.03 01:39:01.533,1.18827,1.18831,0.82,1.12
2021.09.03 01:39:02.114,1.18829,1.18831,0.37,1.50
2021.09.03 01:39:02.937,1.18827,1.18831,0.82,1.50
2021.09.03 01:39:03.301,1.18828,1.18831,0.75,0.75
2021.09.03 01:39:03.423,1.18828,1.18832,0.75,1.50
2021.09.03 01:39:09.339,1.18828,1.18831,0.75,0.75
2021.09.03 01:39:10.207,1.18828,1.18832,0.75,5.53
2021.09.03 01:39:12.826,1.18829,1.18832,0.82,2.25
2021.09.03 01:39:13.028,1.18829,1.18831,0.75,5.15
2021.09.03 01:39:14.193,1.18828,1.18831,0.75,0.75
2021.09.03 01:39:18.325,1.18828,1.18832,0.75,5.53
2021.09.03 01:39:26.153,1.18827,1.18831,0.82,0.75
2021.09.03 01:39:28.234,1.18828,1.18832,0.75,1.50
2021.09.03 01:39:32.456,1.18828,1.1883,2.57,0.75
2021.09.03 01:39:41.997,1.18828,1.18831,0.75,0.75
2021.09.03 01:39:56.711,1.18826,1.18828,0.75,0.75
2021.09.03 01:39:56.762,1.18821,1.18824,0.75,0.75
2021.09.03 01:39:56.864,1.1882,1.18822,4.04,0.75
2021.09.03 01:39:57.016,1.18819,1.18822,0.75,1.50
2021.09.03 01:39:58.816,1.18819,1.18821,0.75,0.45
2021.09.03 01:39:59.385,1.18819,1.18822,0.75,3.84
2021.09.03 01:40:01.086,1.18819,1.18821,0.75,0.45
2021.09.03 01:40:01.928,1.18818,1.18821,1.57,3.65
2021.09.03 01:40:03.266,1.18818,1.1882,0.75,0.45
2021.09.03 01:40:04.006,1.18818,1.18821,0.75,3.65
2021.09.03 01:40:08.103,1.18817,1.18821,2.32,4.40
2021.09.03 01:40:11.128,1.18818,1.18821,0.75,0.75
2021.09.03 01:40:11.230,1.18817,1.18821,2.32,0.75
2021.09.03 01:40:11.989,1.18818,1.18821,0.75,3.65
2021.09.03 01:40:12.192,1.18817,1.18821,2.32,0.75
2021.09.03 01:40:21.357,1.18821,1.18824,0.10,3.07
2021.09.03 01:40:21.458,1.18822,1.18824,0.10,1.20
2021.09.03 01:40:21.662,1.18824,1.18827,0.75,0.75
2021.09.03 01:40:21.764,1.18823,1.18827,1.57,1.50
2021.09.03 01:40:25.186,1.18823,1.18826,1.57,0.45
2021.09.03 01:40:26.221,1.18823,1.18827,1.57,1.95
2021.09.03 01:40:26.362,1.18824,1.18827,0.10,1.20
2021.09.03 01:40:26.796,1.18824,1.18828,0.82,2.44
2021.09.03 01:40:40.398,1.18825,1.18829,1.20,1.50
2021.09.03 01:40:41.997,1.18826,1.18829,2.20,0.75
2021.09.03 01:40:42.098,1.18826,1.1883,1.57,1.50
2021.09.03 01:40:42.200,1.18827,1.1883,0.75,0.75
2021.09.03 01:40:43.065,1.18826,1.18829,0.75,0.94
2021.09.03 01:40:43.167,1.18825,1.18829,0.75,7.21
2021.09.03 01:40:43.268,1.18823,1.18828,2.17,2.81
2021.09.03 01:40:44.728,1.18824,1.18826,0.82,0.75
2021.09.03 01:40:55.738,1.18823,1.18825,0.82,0.45
2021.09.03 01:40:56.520,1.18823,1.18827,2.02,4.59
2021.09.03 01:40:57.948,1.18824,1.18825,0.82,0.37
2021.09.03 01:41:00.033,1.18823,1.18825,0.82,0.45
2021.09.03 01:41:01.541,1.18824,1.18825,0.82,0.45
2021.09.03 01:41:01.713,1.18823,1.18827,0.82,2.14
2021.09.03 01:41:02.396,1.18823,1.18825,1.82,0.37
2021.09.03 01:41:03.158,1.18824,1.18826,0.82,2.44
2021.09.03 01:41:04.510,1.18823,1.18825,0.82,0.37
2021.09.03 01:41:05.155,1.18823,1.18827,0.82,5.34
2021.09.03 01:41:07.182,1.18823,1.18826,0.82,0.37
2021.09.03 01:41:08.738,1.18823,1.18827,1.20,2.44
2021.09.03 01:41:10.123,1.18823,1.18826,0.82,0.37
2021.09.03 01:41:10.851,1.18823,1.18827,0.82,2.44
2021.09.03 01:41:11.440,1.18823,1.18826,0.82,0.37
2021.09.03 01:41:12.040,1.18823,1.18825,0.82,0.37
2021.09.03 01:41:12.861,1.18823,1.18827,0.82,5.34
2021.09.03 01:41:14.763,1.18822,1.18826,0.82,0.75
2021.09.03 01:41:16.739,1.1882,1.18824,2.50,3.07
2021.09.03 01:41:16.841,1.18819,1.18823,0.75,5.23
2021.09.03 01:41:16.943,1.18819,1.1882,0.75,3.65
2021.09.03 01:41:17.044,1.18817,1.18821,0.10,3.65
2021.09.03 01:41:17.145,1.18816,1.18821,1.95,4.48
2021.09.03 01:41:19.262,1.18816,1.1882,2.95,0.75
2021.09.03 01:41:19.845,1.18817,1.1882,1.20,0.75
2021.09.03 01:41:20.543,1.18816,1.1882,2.95,0.75
2021.09.03 01:41:22.800,1.18818,1.1882,0.45,0.75
2021.09.03 01:41:23.374,1.18816,1.1882,2.95,0.75
2021.09.03 01:41:25.267,1.18815,1.18819,1.75,1.57
2021.09.03 01:41:25.369,1.18814,1.18818,3.32,0.75
2021.09.03 01:41:25.470,1.18815,1.18819,0.75,2.32
2021.09.03 01:41:26.064,1.18815,1.18818,0.75,0.45
2021.09.03 01:41:26.466,1.18814,1.18818,0.82,1.20
2021.09.03 01:41:27.385,1.18814,1.18817,0.82,0.45
2021.09.03 01:41:28.144,1.18815,1.18817,0.82,0.75
2021.09.03 01:41:28.543,1.18815,1.18818,0.10,0.75
2021.09.03 01:41:28.644,1.18815,1.18818,2.57,2.51
2021.09.03 01:41:29.396,1.18815,1.18817,2.57,0.45
2021.09.03 01:41:29.981,1.18815,1.18819,0.45,2.51
2021.09.03 01:41:30.804,1.18814,1.18819,2.57,2.96
2021.09.03 01:41:31.082,1.18814,1.18818,2.57,0.75
2021.09.03 01:41:31.795,1.18814,1.18817,2.50,0.45
2021.09.03 01:41:32.747,1.18814,1.18818,2.50,0.82
2021.09.03 01:41:35.294,1.18815,1.18816,2.50,0.75
2021.09.03 01:41:36.369,1.18815,1.18818,0.75,1.50
2021.09.03 01:41:36.425,1.18817,1.1882,0.82,0.45
2021.09.03 01:41:36.527,1.18817,1.18821,0.82,1.57
2021.09.03 01:41:41.093,1.18818,1.18822,0.75,5.34
2021.09.03 01:42:31.120,1.18818,1.18821,0.75,0.75
2021.09.03 01:42:31.222,1.18817,1.18821,1.95,2.25
2021.09.03 01:42:31.324,1.18817,1.1882,0.75,0.75
2021.09.03 01:42:32.505,1.18816,1.1882,1.20,1.50
2021.09.03 01:42:32.607,1.18816,1.18819,0.75,1.69
2021.09.03 01:42:32.709,1.18815,1.18819,0.10,2.81
2021.09.03 01:42:33.734,1.18815,1.18818,0.10,0.75
2021.09.03 01:42:52.295,1.18814,1.18817,0.75,0.75
2021.09.03 01:42:53.770,1.18812,1.18816,2.95,0.75
2021.09.03 01:42:54.668,1.18812,1.18815,0.10,0.75
2021.09.03 01:42:55.627,1.18811,1.18815,2.95,0.75
2021.09.03 01:43:04.346,1.18809,1.18813,1.57,1.69
2021.09.03 01:43:04.448,1.18809,1.18811,0.37,1.50
2021.09.03 01:43:04.549,1.18808,1.18811,0.75,2.25
2021.09.03 01:43:04.932,1.18807,1.18811,2.32,1.50
2021.09.03 01:43:08.069,1.18807,1.1881,0.82,0.75
2021.09.03 01:43:10.551,1.18806,1.1881,2.20,0.75
2021.09.03 01:43:10.855,1.18807,1.1881,0.10,0.75
2021.09.03 01:43:15.683,1.18806,1.1881,1.20,0.75
2021.09.03 01:43:21.487,1.18805,1.18809,1.20,3.65
2021.09.03 01:43:21.589,1.18804,1.18808,2.70,1.50
2021.09.03 01:43:26.040,1.18803,1.18806,0.82,0.75
2021.09.03 01:43:26.141,1.18803,1.18805,0.82,0.37
2021.09.03 01:43:26.928,1.18803,1.18806,0.82,0.75
2021.09.03 01:43:29.295,1.18803,1.18805,0.75,0.37
2021.09.03 01:43:30.097,1.18803,1.18806,0.75,0.75
2021.09.03 01:43:30.636,1.18802,1.18806,1.95,2.62
2021.09.03 01:43:33.580,1.18802,1.18805,0.75,0.75
2021.09.03 01:43:34.338,1.18802,1.18804,0.75,0.75
2021.09.03 01:43:37.082,1.18802,1.18805,0.75,0.75
2021.09.03 01:43:51.064,1.18802,1.18806,1.50,2.32
2021.09.03 01:43:51.216,1.18804,1.18806,0.75,0.75
2021.09.03 01:43:51.318,1.18805,1.18807,0.75,1.50
2021.09.03 01:43:51.469,1.18805,1.18808,0.75,5.30
2021.09.03 01:43:52.170,1.18804,1.18808,0.75,6.73
2021.09.03 01:43:52.814,1.18803,1.18806,0.75,2.25
2021.09.03 01:43:53.745,1.18802,1.18806,0.75,1.50
2021.09.03 01:43:55.701,1.18802,1.18804,0.75,0.37
2021.09.03 01:43:56.110,1.18804,1.18806,1.50,1.12
2021.09.03 01:43:56.161,1.18804,1.18808,3.45,4.10
2021.09.03 01:43:56.212,1.18806,1.18808,0.75,0.37
2021.09.03 01:43:56.263,1.18805,1.18806,0.75,0.75
2021.09.03 01:43:56.415,1.18807,1.18809,1.50,2.32
2021.09.03 01:43:56.517,1.18807,1.18811,0.75,3.07
2021.09.03 01:43:56.720,1.18809,1.18811,0.75,0.75
2021.09.03 01:43:56.822,1.18809,1.18812,0.75,1.50
2021.09.03 01:43:56.934,1.18808,1.18812,0.75,2.70
2021.09.03 01:43:57.036,1.18809,1.18811,0.75,0.75
2021.09.03 01:43:57.138,1.18808,1.18811,0.75,0.75
2021.09.03 01:43:57.240,1.18809,1.18812,0.75,4.48
2021.09.03 01:43:57.345,1.18808,1.18812,0.75,5.23
2021.09.03 01:43:57.446,1.18809,1.18812,0.75,4.48
2021.09.03 01:43:57.554,1.18808,1.18812,0.75,5.23
2021.09.03 01:44:00.177,1.18809,1.18811,0.75,0.75
2021.09.03 01:44:02.140,1.18809,1.18812,0.37,3.26
2021.09.03 01:44:02.241,1.18808,1.18812,1.12,3.26
2021.09.03 01:44:03.389,1.18809,1.18812,0.75,1.76
2021.09.03 01:44:04.135,1.18808,1.18811,0.75,0.75
2021.09.03 01:44:04.236,1.18809,1.18811,0.75,2.32
2021.09.03 01:44:04.604,1.18808,1.18812,0.75,3.07
2021.09.03 01:44:04.707,1.18809,1.18812,0.75,2.32
2021.09.03 01:44:06.144,1.18808,1.18812,0.75,3.07
2021.09.03 01:44:06.837,1.18809,1.18812,0.75,2.32
2021.09.03 01:44:11.299,1.18809,1.18812,0.75,2.32
2021.09.03 01:44:11.350,1.18809,1.18811,0.75,3.07
2021.09.03 01:44:11.452,1.18809,1.18812,0.75,2.32
2021.09.03 01:44:15.252,1.18809,1.18812,0.75,1.57
2021.09.03 01:44:16.034,1.1881,1.18812,1.12,0.75
2021.09.03 01:44:16.136,1.1881,1.18813,0.75,5.60
2021.09.03 01:44:16.237,1.1881,1.18812,0.75,5.79
2021.09.03 01:44:16.641,1.18809,1.18812,0.75,0.75
2021.09.03 01:44:23.554,1.18809,1.18813,0.75,8.04
2021.09.03 01:44:23.858,1.18809,1.18812,0.75,0.75
2021.09.03 01:44:27.721,1.18809,1.18813,0.75,3.00
2021.09.03 01:44:27.823,1.18811,1.18813,0.75,1.50
2021.09.03 01:44:27.925,1.18812,1.18814,0.75,3.26
2021.09.03 01:44:28.026,1.1881,1.18814,0.75,4.01
2021.09.03 01:44:28.431,1.18811,1.18814,0.75,6.16
2021.09.03 01:44:29.477,1.18809,1.18812,0.75,0.75
2021.09.03 01:44:29.578,1.18809,1.18811,0.75,0.75
2021.09.03 01:44:30.025,1.18808,1.18811,0.75,0.75
2021.09.03 01:44:30.259,1.18807,1.18811,2.12,0.75
2021.09.03 01:44:32.163,1.18809,1.18812,0.75,5.23
2021.09.03 01:44:33.127,1.18808,1.18812,0.75,3.07
2021.09.03 01:44:36.225,1.18808,1.18811,0.75,0.75
2021.09.03 01:44:37.654,1.18809,1.18812,0.75,5.23
2021.09.03 01:44:37.755,1.18808,1.18812,0.75,5.98
2021.09.03 01:44:37.866,1.18809,1.18812,0.75,2.32
2021.09.03 01:44:39.789,1.18807,1.18811,1.57,0.75
2021.09.03 01:44:39.994,1.18808,1.18811,0.75,0.75
2021.09.03 01:44:40.444,1.18807,1.18811,1.57,0.75
2021.09.03 01:44:40.903,1.18808,1.18811,0.75,0.75
2021.09.03 01:44:43.171,1.18807,1.18811,1.57,0.75
2021.09.03 01:44:46.169,1.18808,1.18811,0.75,0.75
2021.09.03 01:44:48.948,1.18807,1.18811,1.57,0.75
2021.09.03 01:44:49.334,1.18808,1.18811,0.75,0.75
2021.09.03 01:44:51.768,1.18809,1.18812,0.75,1.50
2021.09.03 01:44:52.072,1.18808,1.18812,0.75,1.50
2021.09.03 01:44:54.642,1.18809,1.18812,0.75,1.50
2021.09.03 01:44:54.893,1.18809,1.18811,0.75,2.25
2021.09.03 01:44:58.770,1.1881,1.18813,0.75,0.19
2021.09.03 01:44:58.871,1.18809,1.18812,0.75,1.50
2021.09.03 01:44:59.806,1.18808,1.18812,0.75,1.50
2021.09.03 01:45:00.427,1.18808,1.1881,1.57,0.75
2021.09.03 01:45:00.579,1.18807,1.18809,0.75,0.75
2021.09.03 01:45:00.682,1.18806,1.18808,0.75,2.81
2021.09.03 01:45:00.784,1.18806,1.1881,1.76,0.94
2021.09.03 01:45:00.886,1.18807,1.18811,0.75,3.19
2021.09.03 01:45:00.988,1.18806,1.1881,1.50,0.75
2021.09.03 01:45:04.074,1.18807,1.18811,0.75,6.09
2021.09.03 01:45:11.553,1.18807,1.1881,0.82,0.37
2021.09.03 01:45:12.485,1.18807,1.18811,1.20,1.50
2021.09.03 01:45:15.093,1.18808,1.18811,0.37,1.50
2021.09.03 01:45:15.424,1.18808,1.1881,0.37,0.75
2021.09.03 01:45:15.629,1.18806,1.1881,2.95,0.75
2021.09.03 01:45:17.755,1.18806,1.18809,1.95,0.37
2021.09.03 01:45:18.730,1.18806,1.1881,1.95,0.75
2021.09.03 01:45:23.808,1.18808,1.18809,0.10,0.75
2021.09.03 01:45:30.803,1.18806,1.1881,2.32,0.75
2021.09.03 01:45:34.459,1.18807,1.1881,0.75,1.01
2021.09.03 01:45:34.613,1.18806,1.18809,1.57,0.75
2021.09.03 01:45:34.766,1.18806,1.1881,2.32,0.94
2021.09.03 01:45:37.429,1.18807,1.1881,0.75,0.75
2021.09.03 01:45:38.164,1.18806,1.1881,3.32,0.75
2021.09.03 01:45:38.728,1.18807,1.1881,1.00,0.75
2021.09.03 01:45:38.829,1.18806,1.1881,2.32,0.75
2021.09.03 01:45:39.909,1.18808,1.1881,0.45,0.75
2021.09.03 01:45:40.393,1.18807,1.1881,1.20,0.75
2021.09.03 01:45:40.796,1.18806,1.1881,3.70,0.75
2021.09.03 01:45:41.975,1.18808,1.18809,0.10,0.75
2021.09.03 01:45:45.525,1.18808,1.1881,0.45,0.75
2021.09.03 01:45:46.189,1.18808,1.18811,0.45,1.50
2021.09.03 01:45:46.341,1.18808,1.1881,1.20,0.75
2021.09.03 01:45:46.494,1.18807,1.1881,0.82,0.75
2021.09.03 01:45:51.674,1.18808,1.1881,0.75,0.75
2021.09.03 01:45:52.005,1.18807,1.1881,0.82,0.75
2021.09.03 01:45:56.956,1.18808,1.1881,1.20,0.75
2021.09.03 01:45:57.682,1.18808,1.18809,1.57,0.75
2021.09.03 01:46:01.476,1.18807,1.18811,1.50,0.94
2021.09.03 01:46:02.037,1.18808,1.18811,0.45,0.94
2021.09.03 01:46:02.664,1.18807,1.18811,1.50,1.39
2021.09.03 01:46:09.501,1.18808,1.18811,0.37,0.75
2021.09.03 01:46:10.251,1.18808,1.1881,1.50,1.12
2021.09.03 01:46:11.006,1.18807,1.1881,1.50,0.37
2021.09.03 01:46:12.003,1.18808,1.18811,0.37,0.75
2021.09.03 01:46:12.801,1.18808,1.1881,1.50,0.75
2021.09.03 01:46:13.604,1.18808,1.18811,0.37,0.75
2021.09.03 01:46:14.261,1.18807,1.18811,1.50,0.75
2021.09.03 01:46:21.861,1.18807,1.1881,1.50,0.75
2021.09.03 01:46:34.911,1.18806,1.1881,0.75,1.12
2021.09.03 01:46:35.012,1.18807,1.18811,0.75,0.75
2021.09.03 01:46:44.637,1.18809,1.18812,1.50,0.75
2021.09.03 01:46:44.738,1.18809,1.1881,3.25,0.75
2021.09.03 01:46:51.122,1.18809,1.18812,1.50,0.75
2021.09.03 01:46:52.466,1.18808,1.18812,3.25,0.75
2021.09.03 01:46:54.466,1.18809,1.18813,0.75,1.57
2021.09.03 01:46:55.620,1.18808,1.18812,2.50,0.75
2021.09.03 01:46:56.400,1.18808,1.18811,0.75,0.75
2021.09.03 01:47:01.661,1.18807,1.18811,0.75,0.75
2021.09.03 01:47:09.497,1.18805,1.18809,1.20,3.07
2021.09.03 01:47:09.599,1.18805,1.18808,1.20,4.48
2021.09.03 01:47:09.701,1.18804,1.18807,0.75,1.87
2021.09.03 01:47:09.803,1.18803,1.18806,0.75,1.12
2021.09.03 01:47:12.191,1.18804,1.18807,0.75,0.75
2021.09.03 01:47:12.343,1.18805,1.18808,0.75,1.57
2021.09.03 01:47:12.495,1.18804,1.18809,2.81,3.73
2021.09.03 01:47:12.597,1.18805,1.18809,1.75,0.75
2021.09.03 01:47:13.325,1.18806,1.18809,0.37,0.75
2021.09.03 01:47:14.034,1.18805,1.18809,1.75,1.12
2021.09.03 01:47:16.503,1.18806,1.18809,0.75,0.75
2021.09.03 01:47:16.606,1.18807,1.18809,0.75,0.82
2021.09.03 01:47:16.708,1.18808,1.18811,0.75,1.57
2021.09.03 01:47:17.669,1.18809,1.18811,0.75,2.70
2021.09.03 01:47:20.403,1.18809,1.18812,0.75,1.57
2021.09.03 01:47:20.981,1.18809,1.18811,0.75,1.57
2021.09.03 01:47:29.144,1.1881,1.18811,0.75,1.57
2021.09.03 01:47:29.434,1.18808,1.18812,0.75,1.57
2021.09.03 01:47:32.899,1.18808,1.1881,1.50,1.76
2021.09.03 01:47:33.001,1.18807,1.1881,0.75,0.82
2021.09.03 01:47:33.052,1.18805,1.18809,0.75,2.70
2021.09.03 01:47:33.153,1.18804,1.18808,0.75,5.23
2021.09.03 01:47:33.255,1.18804,1.18806,1.50,0.82
2021.09.03 01:47:35.452,1.18803,1.18806,0.75,0.37
2021.09.03 01:47:37.430,1.18803,1.18807,0.75,6.05
2021.09.03 01:47:38.389,1.18803,1.18806,0.75,0.75
2021.09.03 01:47:40.438,1.18803,1.18807,0.75,1.50
2021.09.03 01:47:40.540,1.18805,1.18808,0.75,4.93
2021.09.03 01:47:40.642,1.18804,1.18808,1.50,1.27
2021.09.03 01:47:40.896,1.18805,1.18808,0.75,0.37
2021.09.03 01:47:41.637,1.18805,1.18809,0.75,2.40
2021.09.03 01:47:46.472,1.18806,1.18809,0.75,0.10
2021.09.03 01:47:46.574,1.18807,1.18809,0.75,2.32
2021.09.03 01:47:46.727,1.18806,1.18809,1.50,0.75
2021.09.03 01:47:46.829,1.18806,1.18808,0.75,1.12
2021.09.03 01:47:46.880,1.18804,1.18808,0.75,5.98
2021.09.03 01:47:46.982,1.18805,1.18806,0.75,0.75
2021.09.03 01:47:47.083,1.18804,1.18808,0.75,7.48
2021.09.03 01:47:47.509,1.18804,1.18807,0.75,0.75
2021.09.03 01:47:52.737,1.18804,1.18808,0.75,5.98
2021.09.03 01:47:55.537,1.18804,1.18807,0.75,0.75
2021.09.03 01:47:56.448,1.18804,1.18806,0.75,0.75
2021.09.03 01:47:57.175,1.18804,1.18808,0.75,6.80
2021.09.03 01:47:58.195,1.18804,1.18807,0.75,0.37
2021.09.03 01:47:59.209,1.18804,1.18808,0.75,6.80
2021.09.03 01:47:59.593,1.18805,1.18808,0.75,2.32
2021.09.03 01:47:59.796,1.18804,1.18807,0.75,1.50
2021.09.03 01:48:00.612,1.18805,1.18808,0.75,1.57
2021.09.03 01:48:00.778,1.18805,1.18809,0.75,5.98
2021.09.03 01:48:00.930,1.18806,1.18809,0.75,0.10
2021.09.03 01:48:02.107,1.18805,1.18809,0.75,0.82
2021.09.03 01:48:02.461,1.18806,1.18809,0.75,0.82
2021.09.03 01:48:03.314,1.18805,1.18808,0.75,2.32
2021.09.03 01:48:03.674,1.18805,1.18807,0.75,0.45
2021.09.03 01:48:04.437,1.18805,1.18807,0.75,7.03
2021.09.03 01:48:05.077,1.18805,1.18807,0.75,0.45
2021.09.03 01:48:05.179,1.18806,1.18808,0.75,1.06
2021.09.03 01:48:05.280,1.18806,1.18809,0.75,1.57
2021.09.03 01:48:05.381,1.18806,1.18808,0.75,0.45
2021.09.03 01:48:05.823,1.18806,1.18809,0.75,1.57
2021.09.03 01:48:08.684,1.18806,1.18808,0.75,0.45
2021.09.03 01:48:09.238,1.18806,1.18809,1.20,1.57
2021.09.03 01:48:16.022,1.18808,1.1881,0.75,2.51
2021.09.03 01:48:16.174,1.18808,1.18811,0.75,1.57
2021.09.03 01:48:18.749,1.18808,1.18812,0.75,3.64
2021.09.03 01:48:19.836,1.18808,1.18811,0.75,0.75
2021.09.03 01:48:29.930,1.18808,1.18812,0.75,2.89
2021.09.03 01:48:40.881,1.18807,1.18811,2.50,0.82
2021.09.03 01:48:45.193,1.18808,1.18811,0.75,0.82
2021.09.03 01:48:45.480,1.18809,1.18812,0.75,4.20
2021.09.03 01:48:45.683,1.18811,1.18813,0.75,1.20
2021.09.03 01:48:45.784,1.18811,1.18815,1.12,3.76
2021.09.03 01:48:45.886,1.18813,1.18816,0.75,2.32
2021.09.03 01:48:46.298,1.18814,1.18816,0.37,0.75
2021.09.03 01:48:46.400,1.18814,1.18816,0.75,2.32
2021.09.03 01:48:48.789,1.18813,1.18815,1.12,0.45
2021.09.03 01:48:49.573,1.18814,1.18816,0.75,2.77
2021.09.03 01:48:49.921,1.18814,1.18817,0.75,1.27
2021.09.03 01:48:50.424,1.18814,1.18816,0.75,0.45
2021.09.03 01:48:50.953,1.18814,1.18817,0.75,0.82
2021.09.03 01:48:51.821,1.18814,1.18816,0.75,2.51
2021.09.03 01:48:51.923,1.18813,1.18816,0.75,0.75
2021.09.03 01:48:53.311,1.18813,1.18815,0.75,0.45
2021.09.03 01:48:54.013,1.18813,1.18816,1.20,0.82
2021.09.03 01:48:54.875,1.18812,1.18814,1.94,0.45
2021.09.03 01:48:55.494,1.18813,1.18816,0.75,0.82
2021.09.03 01:48:55.811,1.18815,1.18818,0.75,1.65
2021.09.03 01:48:57.800,1.18814,1.18818,0.75,3.64
2021.09.03 01:49:00.785,1.18814,1.18817,0.75,0.75
2021.09.03 01:49:00.937,1.18815,1.18818,0.75,2.51
2021.09.03 01:49:02.722,1.18817,1.18819,0.75,1.57
2021.09.03 01:49:02.824,1.18816,1.18819,1.00,3.52
2021.09.03 01:49:02.926,1.18815,1.18818,0.75,0.75
2021.09.03 01:49:03.027,1.18815,1.18816,0.75,0.75
2021.09.03 01:49:03.129,1.18814,1.18817,0.75,0.75
2021.09.03 01:49:04.165,1.18814,1.18816,0.94,1.57
2021.09.03 01:49:21.982,1.18814,1.18817,0.75,0.75
2021.09.03 01:49:23.823,1.18815,1.18819,0.75,2.14
2021.09.03 01:49:23.925,1.18816,1.18819,0.75,2.89
2021.09.03 01:49:25.391,1.18814,1.18818,0.75,1.57
2021.09.03 01:49:25.493,1.18813,1.18816,1.50,0.75
2021.09.03 01:49:26.633,1.18813,1.18817,1.50,0.82
2021.09.03 01:49:26.898,1.18813,1.18816,0.75,0.75
2021.09.03 01:49:27.890,1.18815,1.18817,0.75,0.10
2021.09.03 01:49:27.995,1.18817,1.18819,0.94,1.57
2021.09.03 01:49:28.097,1.18817,1.1882,0.75,0.75
2021.09.03 01:49:31.211,1.18819,1.1882,0.75,0.82
2021.09.03 01:49:36.946,1.18817,1.18821,1.50,3.73
2021.09.03 01:49:37.047,1.18816,1.1882,3.26,0.75
2021.09.03 01:49:38.454,1.18816,1.18818,0.75,0.10
2021.09.03 01:49:38.555,1.18813,1.18817,10.94,0.75
2021.09.03 01:49:39.901,1.18814,1.18817,0.75,0.75
2021.09.03 01:49:40.114,1.18815,1.18817,0.75,2.32
2021.09.03 01:49:43.761,1.18815,1.18818,0.75,0.10
2021.09.03 01:49:55.181,1.18814,1.18817,0.75,0.75
2021.09.03 01:49:55.283,1.18814,1.18818,0.75,3.07
2021.09.03 01:49:57.873,1.18815,1.18817,0.75,2.70
2021.09.03 01:50:00.947,1.18814,1.18817,0.75,0.10
2021.09.03 01:50:02.789,1.18815,1.18818,0.75,1.57
2021.09.03 01:50:04.838,1.18813,1.18817,2.51,0.75
2021.09.03 01:50:05.495,1.18814,1.18817,0.10,0.75
2021.09.03 01:50:09.505,1.18814,1.18818,0.82,2.70
2021.09.03 01:50:09.657,1.18815,1.18818,0.75,0.10
2021.09.03 01:50:09.809,1.18815,1.18819,0.82,1.57
2021.09.03 01:50:12.013,1.18816,1.1882,1.57,1.57
2021.09.03 01:50:12.215,1.18817,1.1882,0.75,0.82
2021.09.03 01:50:13.465,1.18816,1.1882,0.75,2.32
2021.09.03 01:50:15.232,1.18816,1.18819,0.75,0.37
2021.09.03 01:50:15.799,1.18816,1.18818,0.75,0.37
2021.09.03 01:50:16.068,1.18816,1.18819,0.75,0.37
2021.09.03 01:50:17.620,1.18816,1.1882,0.75,9.36
2021.09.03 01:50:20.646,1.18814,1.18817,1.50,1.50
2021.09.03 01:50:22.649,1.18815,1.18818,0.75,5.23
2021.09.03 01:50:23.411,1.18814,1.18817,0.75,1.57
2021.09.03 01:50:23.781,1.18813,1.18816,1.69,0.75
2021.09.03 01:50:35.124,1.18812,1.18816,2.44,4.48
2021.09.03 01:51:03.766,1.18811,1.18814,0.75,3.37
2021.09.03 01:51:03.868,1.18812,1.18815,2.25,8.23
2021.09.03 01:51:03.969,1.18813,1.18816,0.75,0.10
2021.09.03 01:51:07.434,1.18814,1.18816,0.94,1.57
2021.09.03 01:51:07.541,1.18815,1.18816,0.75,1.57
2021.09.03 01:51:16.209,1.18813,1.18817,1.69,2.98
2021.09.03 01:51:30.918,1.18813,1.18815,0.94,0.37
2021.09.03 01:51:31.578,1.18813,1.18817,0.94,4.85
2021.09.03 01:51:32.485,1.18815,1.18817,0.75,2.26
2021.09.03 01:51:32.637,1.18815,1.18818,0.75,1.20
2021.09.03 01:51:32.991,1.18816,1.18818,0.75,0.45
2021.09.03 01:51:35.964,1.18814,1.18817,4.26,0.37
2021.09.03 01:51:36.478,1.18816,1.18818,0.75,0.45
2021.09.03 01:51:36.652,1.18814,1.18818,3.94,0.37
2021.09.03 01:51:36.702,1.18816,1.18818,0.75,0.37
2021.09.03 01:51:36.803,1.18814,1.18818,3.19,0.37
2021.09.03 01:51:37.135,1.18817,1.18819,0.75,0.75
2021.09.03 01:51:38.344,1.18817,1.1882,0.75,0.10
2021.09.03 01:51:38.699,1.18816,1.18819,0.75,1.57
2021.09.03 01:51:38.800,1.18816,1.18817,0.75,0.10
2021.09.03 01:51:39.234,1.18815,1.18817,0.75,0.75
2021.09.03 01:51:39.923,1.18815,1.18818,0.75,0.82
2021.09.03 01:51:47.989,1.18815,1.18819,2.14,0.10
2021.09.03 01:51:48.090,1.18816,1.18819,0.75,0.10
2021.09.03 01:51:49.119,1.18818,1.1882,0.75,0.82
2021.09.03 01:51:49.427,1.18818,1.18821,0.75,4.48
2021.09.03 01:52:17.175,1.18817,1.18821,1.57,0.82
2021.09.03 01:52:25.111,1.18816,1.18819,0.75,1.95
2021.09.03 01:52:25.214,1.18816,1.18818,0.75,0.10
2021.09.03 01:52:25.315,1.18815,1.18818,0.75,0.10
2021.09.03 01:52:26.355,1.18813,1.18816,0.75,0.10
2021.09.03 01:52:40.784,1.18814,1.18816,0.75,0.10
2021.09.03 01:52:41.379,1.18814,1.18817,0.75,0.82
2021.09.03 01:52:46.611,1.18813,1.18817,1.01,0.82
2021.09.03 01:53:19.486,1.18814,1.18818,1.69,2.32
2021.09.03 01:53:20.141,1.18816,1.18819,0.75,0.10
2021.09.03 01:53:20.243,1.18817,1.18819,2.44,0.82
2021.09.03 01:53:20.396,1.18817,1.1882,0.19,0.82
2021.09.03 01:53:21.011,1.18817,1.18821,0.94,0.82
2021.09.03 01:53:21.167,1.18818,1.18821,0.75,0.82
2021.09.03 01:53:22.000,1.18819,1.18821,0.75,0.82
2021.09.03 01:53:23.135,1.18819,1.18822,0.75,0.82
2021.09.03 01:53:24.036,1.1882,1.18822,0.37,0.82
2021.09.03 01:53:25.968,1.18819,1.18822,0.75,0.82
2021.09.03 01:53:27.969,1.18818,1.18822,3.44,0.82
2021.09.03 01:53:29.576,1.18819,1.18822,0.75,0.82
2021.09.03 01:53:33.206,1.1882,1.18822,0.75,0.10
2021.09.03 01:53:33.849,1.1882,1.18823,0.75,0.82
2021.09.03 01:53:40.741,1.18818,1.18822,0.75,0.75
2021.09.03 01:53:41.145,1.18818,1.18821,0.75,1.57
2021.09.03 01:53:55.380,1.18817,1.18821,1.12,4.48
2021.09.03 01:53:55.482,1.18818,1.18821,0.75,0.82
2021.09.03 01:53:56.265,1.18818,1.18822,0.75,1.57
2021.09.03 01:53:56.536,1.18819,1.18822,0.37,1.57
2021.09.03 01:53:56.970,1.18818,1.18822,0.75,1.57
2021.09.03 01:53:57.362,1.18819,1.18822,0.37,1.57
2021.09.03 01:53:57.581,1.18818,1.18822,1.12,1.57
2021.09.03 01:54:13.728,1.18819,1.18822,0.75,0.82
2021.09.03 01:54:18.150,1.1882,1.18823,0.75,0.10
2021.09.03 01:54:18.252,1.18821,1.18823,0.75,0.10
2021.09.03 01:54:18.353,1.18821,1.18824,0.75,1.12
2021.09.03 01:54:23.223,1.18821,1.18825,0.75,7.48
2021.09.03 01:54:23.728,1.18822,1.18824,1.12,7.48
2021.09.03 01:54:23.904,1.18823,1.18826,0.37,1.57
2021.09.03 01:54:24.208,1.18822,1.18826,1.50,1.57
2021.09.03 01:54:24.910,1.18823,1.18826,0.37,0.75
2021.09.03 01:54:26.767,1.18824,1.18826,0.37,0.75
2021.09.03 01:54:27.269,1.18823,1.18826,0.75,0.75
2021.09.03 01:54:31.368,1.18823,1.18827,0.75,2.32
2021.09.03 01:54:31.469,1.18823,1.18826,0.75,0.10
2021.09.03 01:54:32.116,1.18822,1.18826,0.75,1.57
2021.09.03 01:54:38.234,1.18822,1.18825,0.75,0.75
2021.09.03 01:54:38.349,1.18821,1.18825,0.75,7.48
2021.09.03 01:54:38.451,1.18821,1.18824,0.75,2.32
2021.09.03 01:54:39.941,1.1882,1.18824,1.69,0.82
2021.09.03 01:54:44.068,1.1882,1.18822,3.81,0.75
2021.09.03 01:54:57.874,1.18819,1.18821,3.19,0.75
2021.09.03 01:55:03.214,1.18819,1.18822,0.37,0.75
2021.09.03 01:55:03.661,1.18818,1.18822,2.81,0.75
2021.09.03 01:55:03.765,1.18819,1.18822,0.37,0.75
2021.09.03 01:55:04.061,1.18818,1.18822,2.81,0.75
2021.09.03 01:55:04.162,1.18819,1.18822,0.37,0.75
2021.09.03 01:55:04.531,1.18818,1.18822,2.81,0.75
2021.09.03 01:55:07.225,1.18818,1.18821,0.94,0.75
2021.09.03 01:55:07.953,1.18818,1.1882,0.94,0.75
2021.09.03 01:55:08.004,1.18816,1.1882,2.44,0.82
2021.09.03 01:55:08.206,1.18816,1.18819,0.19,0.75
2021.09.03 01:55:12.626,1.18816,1.1882,0.94,4.48
2021.09.03 01:55:16.426,1.18817,1.1882,0.75,0.75
2021.09.03 01:55:23.192,1.18816,1.18819,0.37,3.45
2021.09.03 01:55:23.293,1.18815,1.18818,0.94,0.75
2021.09.03 01:55:24.385,1.18813,1.18817,0.94,0.75
2021.09.03 01:55:24.487,1.18813,1.18816,0.94,0.75
2021.09.03 01:55:28.933,1.18814,1.18817,0.94,0.75
2021.09.03 01:55:29.035,1.18814,1.18818,1.69,1.50
2021.09.03 01:55:35.077,1.18815,1.18819,2.69,1.57
2021.09.03 01:55:35.182,1.18816,1.1882,0.75,6.80
2021.09.03 01:55:35.333,1.18817,1.1882,0.75,0.75
2021.09.03 01:55:35.689,1.18817,1.18821,0.75,5.98
2021.09.03 01:55:42.815,1.18817,1.1882,0.75,0.75
2021.09.03 01:55:43.711,1.18816,1.18819,0.75,2.70
2021.09.03 01:55:45.121,1.18815,1.18819,0.75,2.32
2021.09.03 01:55:48.311,1.18816,1.18819,0.45,2.32
2021.09.03 01:55:48.919,1.18815,1.18819,0.75,2.32
2021.09.03 01:55:56.582,1.18816,1.1882,0.75,1.57
2021.09.03 01:55:57.120,1.18817,1.1882,0.75,0.75
2021.09.03 01:55:57.272,1.18817,1.18821,0.75,1.57
2021.09.03 01:56:02.099,1.18816,1.18819,0.75,0.75
2021.09.03 01:56:02.200,1.18816,1.1882,1.12,0.75
2021.09.03 01:56:05.065,1.18817,1.18821,0.75,1.57
2021.09.03 01:56:06.095,1.18817,1.18819,2.50,1.57
2021.09.03 01:56:06.197,1.18817,1.1882,0.75,0.75
2021.09.03 01:56:06.776,1.18816,1.1882,0.75,5.23
2021.09.03 01:56:07.304,1.18816,1.18819,0.75,0.75
2021.09.03 01:56:07.457,1.18817,1.1882,0.75,0.75
2021.09.03 01:56:09.899,1.18818,1.18821,0.45,1.57
2021.09.03 01:56:10.215,1.18818,1.1882,0.75,0.75
2021.09.03 01:56:14.467,1.18818,1.18821,0.75,0.75
2021.09.03 01:56:18.494,1.18817,1.18821,0.75,3.65
2021.09.03 01:56:34.340,1.18817,1.1882,1.50,0.75
2021.09.03 01:56:36.986,1.18818,1.18821,0.75,0.75
2021.09.03 01:56:37.189,1.18817,1.18821,2.62,0.75
2021.09.03 01:56:48.885,1.18818,1.18822,3.62,0.75
2021.09.03 01:56:49.087,1.18819,1.18822,1.12,0.75
2021.09.03 01:56:49.585,1.18818,1.18822,5.72,0.75
2021.09.03 01:56:49.894,1.1882,1.18821,1.34,0.75
2021.09.03 01:56:50.004,1.18818,1.18822,5.12,0.75
2021.09.03 01:56:50.903,1.1882,1.18823,0.75,1.50
2021.09.03 01:56:58.331,1.18821,1.18825,0.75,4.48
2021.09.03 01:56:58.484,1.18822,1.18825,0.75,0.82
2021.09.03 01:56:58.637,1.18822,1.18826,0.75,2.32
2021.09.03 01:57:08.231,1.18822,1.18825,1.50,0.75
2021.09.03 01:57:13.921,1.18823,1.18825,0.45,0.75
2021.09.03 01:57:14.833,1.18822,1.18825,1.20,0.75
2021.09.03 01:57:15.628,1.18822,1.18826,2.20,1.50
2021.09.03 01:57:18.876,1.18823,1.18826,1.20,0.75
2021.09.03 01:57:19.169,1.18823,1.18825,0.45,0.75
2021.09.03 01:57:19.321,1.18822,1.18825,2.70,0.75
2021.09.03 01:57:27.386,1.18821,1.18824,1.50,0.75
2021.09.03 01:57:27.488,1.1882,1.18823,1.20,0.75
2021.09.03 01:57:29.398,1.18819,1.18822,0.75,0.75
2021.09.03 01:57:29.809,1.18818,1.18821,2.50,0.75
2021.09.03 01:57:30.476,1.18819,1.18821,0.10,0.75
2021.09.03 01:57:32.796,1.18818,1.18821,0.82,0.75
2021.09.03 01:57:34.737,1.18818,1.18822,0.82,0.75
2021.09.03 01:57:36.340,1.18819,1.1882,0.10,0.75
2021.09.03 01:57:49.047,1.18818,1.18822,0.82,4.40
2021.09.03 01:57:50.080,1.18818,1.18821,2.02,0.75
2021.09.03 01:57:50.354,1.18818,1.18822,0.82,4.40
2021.09.03 01:57:53.057,1.18819,1.1882,0.10,0.75
2021.09.03 01:57:53.172,1.18819,1.18821,1.20,0.75
2021.09.03 01:57:53.375,1.18818,1.18821,1.27,0.75
2021.09.03 01:57:59.784,1.18818,1.18822,0.82,4.78
2021.09.03 01:58:13.688,1.18819,1.18822,0.75,2.90
2021.09.03 01:58:14.623,1.18819,1.18823,0.75,3.94
2021.09.03 01:58:14.725,1.1882,1.18823,0.37,3.94
2021.09.03 01:58:16.216,1.18819,1.18823,1.12,3.56
2021.09.03 01:58:25.456,1.18822,1.18825,0.82,1.50
2021.09.03 01:58:25.558,1.18823,1.18827,1.57,4.48
2021.09.03 01:58:25.660,1.18824,1.18827,0.10,0.75
2021.09.03 01:58:28.845,1.18824,1.18828,0.82,6.28
2021.09.03 01:58:28.948,1.18826,1.18829,1.57,1.31
2021.09.03 01:58:29.050,1.18826,1.1883,1.57,6.54
2021.09.03 01:58:32.405,1.18826,1.18829,0.82,2.90
2021.09.03 01:58:33.322,1.18826,1.1883,0.82,7.21
2021.09.03 01:58:35.598,1.18825,1.18828,1.57,0.75
2021.09.03 01:58:35.803,1.18825,1.18827,1.20,3.56
2021.09.03 01:58:36.678,1.18824,1.18827,0.10,0.75
2021.09.03 01:58:38.713,1.18823,1.18827,3.15,0.75
2021.09.03 01:58:40.641,1.18824,1.18827,0.10,0.75
2021.09.03 01:58:44.955,1.18822,1.18826,3.90,1.95
2021.09.03 01:58:47.492,1.18823,1.18826,0.10,0.75
2021.09.03 01:58:56.435,1.18824,1.18826,0.37,0.75
2021.09.03 01:58:58.940,1.18823,1.18826,0.10,0.75
2021.09.03 01:59:17.054,1.18824,1.18826,0.37,0.75
2021.09.03 01:59:17.579,1.18823,1.18826,0.82,0.75
2021.09.03 01:59:18.293,1.18824,1.18826,1.94,6.09
2021.09.03 01:59:18.936,1.18823,1.18826,0.82,0.75
2021.09.03 01:59:21.526,1.18824,1.18826,0.37,0.75
2021.09.03 01:59:22.034,1.18823,1.18826,0.82,0.75
2021.09.03 01:59:23.744,1.18824,1.18826,0.37,0.75
2021.09.03 01:59:24.666,1.18823,1.18826,0.82,0.75
2021.09.03 01:59:30.714,1.18824,1.18826,0.82,3.19
2021.09.03 01:59:35.246,1.18825,1.18827,0.37,3.19
2021.09.03 01:59:36.048,1.18823,1.18827,1.20,3.19
2021.09.03 01:59:39.080,1.18825,1.18827,0.37,3.19
2021.09.03 01:59:39.880,1.18823,1.18827,1.20,3.19
2021.09.03 01:59:44.081,1.18823,1.18826,0.10,0.75
2021.09.03 01:59:44.183,1.18821,1.18825,2.40,8.04
2021.09.03 01:59:44.285,1.18821,1.18824,0.45,3.00
2021.09.03 01:59:44.588,1.1882,1.18823,0.82,1.50
2021.09.03 01:59:44.690,1.18821,1.18824,1.57,0.75
2021.09.03 01:59:44.791,1.18822,1.18824,0.82,0.75
2021.09.03 01:59:45.004,1.18822,1.18825,0.82,0.75
2021.09.03 01:59:45.129,1.18822,1.18826,0.82,5.41
2021.09.03 01:59:46.000,1.18823,1.18826,0.10,2.44
2021.09.03 01:59:47.039,1.18823,1.18827,0.10,2.81
2021.09.03 01:59:51.144,1.18824,1.18827,1.20,2.06
2021.09.03 01:59:51.712,1.18823,1.18827,0.82,2.06
2021.09.03 01:59:54.062,1.18824,1.18827,1.20,1.69
2021.09.03 01:59:54.507,1.18825,1.18827,0.45,1.50
2021.09.03 01:59:54.608,1.18825,1.18828,0.45,6.46
2021.09.03 01:59:55.512,1.18824,1.18828,0.10,6.46
2021.09.03 01:59:57.217,1.18825,1.18828,1.20,6.46
2021.09.03 01:59:58.662,1.18824,1.18828,0.10,6.46
