2011.06.09 11:00:00.154,1.45961,1.45969,2.25,1.43
2011.06.09 11:00:00.704,1.45961,1.4597,2.25,1.50
2011.06.09 11:00:01.255,1.45961,1.4597,2.25,2.25
2011.06.09 11:00:02.137,1.45959,1.45968,1.50,3.00
2011.06.09 11:00:02.257,1.45957,1.45966,1.50,1.50
2011.06.09 11:00:02.763,1.45957,1.45966,1.50,1.50
2011.06.09 11:00:02.990,1.45954,1.45962,2.25,2.25
2011.06.09 11:00:03.326,1.45957,1.45962,1.50,1.50
2011.06.09 11:00:03.543,1.45957,1.45966,2.25,2.10
2011.06.09 11:00:04.843,1.4596,1.45966,1.50,1.13
2011.06.09 11:00:04.958,1.4596,1.45969,2.25,3.00
2011.06.09 11:00:05.078,1.45958,1.45965,1.50,1.50
2011.06.09 11:00:05.197,1.45955,1.45964,1.50,1.50
2011.06.09 11:00:05.316,1.45954,1.45963,1.50,1.50
2011.06.09 11:00:07.004,1.45955,1.45963,1.50,1.50
2011.06.09 11:00:10.737,1.45956,1.45963,1.50,1.50
2011.06.09 11:00:10.857,1.45955,1.45966,3.00,4.58
2011.06.09 11:00:10.969,1.45957,1.45968,2.25,3.90
2011.06.09 11:00:11.706,1.45957,1.45967,1.50,1.50
2011.06.09 11:00:11.830,1.45957,1.45967,1.50,1.50
2011.06.09 11:00:12.384,1.45957,1.45965,1.50,1.50
2011.06.09 11:00:14.906,1.45958,1.45966,1.50,1.50
2011.06.09 11:00:15.126,1.45959,1.45968,2.25,1.50
2011.06.09 11:00:15.676,1.45957,1.45967,1.50,3.38
2011.06.09 11:00:15.978,1.45956,1.45965,1.50,1.50
2011.06.09 11:00:17.085,1.45956,1.45965,1.50,1.50
2011.06.09 11:00:17.633,1.45956,1.45966,1.50,4.50
2011.06.09 11:00:18.625,1.45955,1.45964,3.00,1.50
2011.06.09 11:00:22.605,1.45954,1.45962,2.82,1.50
2011.06.09 11:00:22.935,1.45951,1.45957,5.25,1.50
2011.06.09 11:00:23.047,1.45949,1.45959,2.82,3.75
2011.06.09 11:00:23.167,1.45951,1.4596,2.25,2.25
2011.06.09 11:00:24.045,1.45951,1.4596,2.25,1.50
2011.06.09 11:00:24.705,1.45955,1.45962,1.50,6.00
2011.06.09 11:00:24.818,1.45954,1.45961,1.13,1.50
2011.06.09 11:00:25.156,1.45951,1.45959,2.25,2.10
2011.06.09 11:00:25.704,1.45951,1.4596,2.25,3.60
2011.06.09 11:00:25.817,1.45951,1.45956,1.50,2.85
2011.06.09 11:00:26.367,1.45945,1.45953,6.00,2.10
2011.06.09 11:00:26.846,1.45944,1.45952,8.25,1.35
2011.06.09 11:00:27.614,1.45943,1.45952,1.50,2.25
2011.06.09 11:00:27.836,1.45942,1.4595,1.50,4.28
2011.06.09 11:00:28.167,1.45937,1.45944,1.50,1.50
2011.06.09 11:00:28.288,1.45938,1.45946,2.25,1.50
2011.06.09 11:00:28.517,1.4594,1.45949,3.75,1.50
2011.06.09 11:00:28.858,1.45942,1.45951,1.50,1.50
2011.06.09 11:00:29.087,1.45941,1.45949,2.25,2.25
2011.06.09 11:00:29.415,1.4594,1.45946,1.50,1.50
2011.06.09 11:00:29.533,1.45933,1.45942,1.50,2.10
2011.06.09 11:00:30.304,1.45933,1.45942,2.25,2.10
2011.06.09 11:00:30.856,1.45933,1.45942,1.50,2.85
2011.06.09 11:00:31.297,1.45937,1.45944,1.50,2.10
2011.06.09 11:00:31.528,1.45933,1.45941,2.25,1.50
2011.06.09 11:00:31.756,1.45933,1.45941,1.50,1.50
2011.06.09 11:00:32.639,1.45931,1.4594,1.50,2.10
2011.06.09 11:00:32.976,1.45932,1.45941,1.50,2.25
2011.06.09 11:00:33.417,1.45934,1.45941,5.00,2.48
2011.06.09 11:00:33.870,1.45935,1.45941,1.50,2.25
2011.06.09 11:00:33.989,1.45933,1.45942,1.50,2.25
2011.06.09 11:00:35.684,1.45933,1.45942,1.50,2.25
2011.06.09 11:00:37.337,1.45935,1.45942,1.50,1.50
2011.06.09 11:00:37.784,1.45932,1.45941,1.88,2.25
2011.06.09 11:00:38.336,1.45932,1.45941,1.13,2.25
2011.06.09 11:00:38.886,1.45931,1.4594,2.25,1.50
2011.06.09 11:00:39.434,1.45931,1.4594,1.50,1.50
2011.06.09 11:00:40.447,1.45935,1.45941,1.50,1.13
2011.06.09 11:00:40.568,1.45932,1.45941,2.25,1.88
2011.06.09 11:00:40.794,1.45932,1.45941,3.00,1.50
2011.06.09 11:00:42.892,1.45936,1.45943,1.50,1.50
2011.06.09 11:00:43.232,1.45941,1.45948,1.50,1.50
2011.06.09 11:00:43.456,1.45941,1.45949,1.50,2.25
2011.06.09 11:00:44.495,1.45941,1.45949,1.50,1.50
2011.06.09 11:00:45.996,1.45941,1.45949,6.00,1.50
2011.06.09 11:00:46.545,1.45942,1.45949,1.13,2.25
2011.06.09 11:00:47.094,1.45941,1.4595,2.25,2.25
2011.06.09 11:00:47.536,1.45944,1.45951,1.50,2.25
2011.06.09 11:00:47.865,1.45944,1.45952,1.50,2.25
2011.06.09 11:00:48.524,1.45944,1.45952,1.50,3.00
2011.06.09 11:00:48.856,1.45941,1.45949,1.13,1.50
2011.06.09 11:00:48.966,1.4594,1.45948,1.50,2.25
2011.06.09 11:00:49.076,1.4594,1.45948,1.50,2.25
2011.06.09 11:00:49.295,1.4594,1.45949,1.50,1.50
2011.06.09 11:00:49.845,1.45941,1.45949,2.25,1.50
2011.06.09 11:00:50.601,1.45941,1.45949,1.50,2.25
2011.06.09 11:00:55.574,1.45941,1.45949,1.50,1.50
2011.06.09 11:00:55.796,1.45945,1.4595,2.25,2.10
2011.06.09 11:00:56.016,1.45945,1.45952,1.50,3.75
2011.06.09 11:00:56.126,1.45948,1.45953,2.25,1.50
2011.06.09 11:00:56.346,1.45948,1.45956,2.25,2.25
2011.06.09 11:00:57.835,1.45949,1.45956,1.50,1.50
2011.06.09 11:00:58.386,1.45949,1.45957,2.25,1.50
2011.06.09 11:00:58.605,1.45942,1.45952,1.13,1.50
2011.06.09 11:00:58.937,1.45946,1.45954,1.50,2.78
2011.06.09 11:00:59.059,1.45947,1.45954,1.50,1.35
2011.06.09 11:01:00.824,1.45947,1.45955,1.50,2.25
2011.06.09 11:01:01.819,1.45944,1.4595,1.50,1.50
2011.06.09 11:01:02.046,1.45941,1.45949,1.50,2.25
2011.06.09 11:01:02.815,1.45941,1.45949,1.50,2.25
2011.06.09 11:01:03.825,1.4594,1.45949,1.13,3.75
2011.06.09 11:01:03.936,1.45936,1.45942,1.65,1.50
2011.06.09 11:01:04.047,1.45933,1.45941,2.45,1.50
2011.06.09 11:01:04.167,1.45933,1.45941,1.88,1.50
2011.06.09 11:01:08.756,1.45932,1.4594,1.50,1.50
2011.06.09 11:01:09.257,1.45935,1.4594,1.50,1.50
2011.06.09 11:01:09.768,1.45932,1.45941,2.25,1.50
2011.06.09 11:01:10.866,1.45931,1.45941,2.63,3.00
2011.06.09 11:01:15.574,1.45931,1.4594,1.50,3.00
2011.06.09 11:01:16.365,1.45931,1.4594,1.50,1.50
2011.06.09 11:01:17.366,1.4593,1.45939,1.88,1.50
2011.06.09 11:01:17.476,1.45929,1.45938,3.00,1.50
2011.06.09 11:01:18.025,1.45929,1.45938,1.50,3.00
2011.06.09 11:01:19.128,1.45927,1.45934,1.50,2.25
2011.06.09 11:01:19.468,1.4592,1.45932,1.32,8.18
2011.06.09 11:01:19.589,1.45923,1.45931,1.32,2.18
2011.06.09 11:01:20.145,1.45922,1.4593,1.50,1.50
2011.06.09 11:01:20.694,1.45922,1.4593,1.50,2.93
2011.06.09 11:01:22.225,1.45922,1.4593,1.50,2.25
2011.06.09 11:01:23.593,1.45921,1.4593,2.25,2.93
2011.06.09 11:01:23.705,1.45921,1.45928,1.50,1.50
2011.06.09 11:01:24.037,1.45919,1.45925,2.10,1.50
2011.06.09 11:01:24.259,1.45915,1.45922,1.73,1.50
2011.06.09 11:01:24.705,1.45913,1.4592,1.50,2.18
2011.06.09 11:01:24.926,1.45913,1.45919,1.50,1.43
2011.06.09 11:01:25.257,1.45909,1.45917,2.25,2.18
2011.06.09 11:01:27.668,1.4591,1.45919,2.25,2.93
2011.06.09 11:01:28.225,1.45911,1.4592,2.25,3.00
2011.06.09 11:01:28.555,1.45912,1.4592,1.50,1.50
2011.06.09 11:01:28.670,1.45915,1.45922,2.25,2.25
2011.06.09 11:01:29.114,1.45915,1.45924,2.25,2.25
2011.06.09 11:01:29.665,1.45915,1.45924,1.50,2.25
2011.06.09 11:01:29.776,1.45917,1.45924,1.50,1.50
2011.06.09 11:01:30.215,1.45919,1.45927,1.50,1.13
2011.06.09 11:01:30.438,1.45917,1.45924,1.50,1.50
2011.06.09 11:01:30.669,1.45914,1.45924,2.25,3.00
2011.06.09 11:01:31.890,1.45914,1.45923,2.25,1.50
2011.06.09 11:01:32.226,1.45914,1.45923,2.25,4.85
2011.06.09 11:01:32.555,1.45911,1.4592,3.38,2.25
2011.06.09 11:01:32.778,1.45913,1.45921,1.50,1.50
2011.06.09 11:01:33.335,1.45914,1.45922,1.50,1.50
2011.06.09 11:01:34.105,1.45913,1.45922,2.25,2.25
2011.06.09 11:01:34.655,1.45913,1.45922,2.25,2.25
2011.06.09 11:01:37.148,1.45913,1.45922,2.25,2.25
2011.06.09 11:01:37.704,1.45913,1.45922,2.25,2.25
2011.06.09 11:01:38.255,1.45914,1.45922,1.50,2.25
2011.06.09 11:01:39.465,1.45913,1.45922,2.25,2.25
2011.06.09 11:01:39.686,1.45911,1.4592,1.50,2.25
2011.06.09 11:01:41.446,1.4591,1.45919,1.50,2.25
2011.06.09 11:01:45.635,1.45911,1.45919,1.50,2.25
2011.06.09 11:01:48.645,1.45913,1.4592,1.50,1.50
2011.06.09 11:01:49.305,1.45914,1.45923,1.50,2.25
2011.06.09 11:01:51.693,1.45915,1.45923,1.50,1.50
2011.06.09 11:01:52.028,1.45918,1.45925,1.50,1.13
2011.06.09 11:01:52.584,1.45918,1.45928,2.63,3.00
2011.06.09 11:01:53.576,1.45919,1.45928,2.25,3.00
2011.06.09 11:01:54.130,1.45919,1.45928,2.25,3.00
2011.06.09 11:01:59.833,1.4592,1.45928,1.50,1.50
2011.06.09 11:02:00.384,1.45921,1.45931,3.60,2.25
2011.06.09 11:02:01.706,1.45919,1.45925,3.38,2.25
2011.06.09 11:02:01.928,1.45922,1.45928,1.50,1.50
2011.06.09 11:02:02.375,1.45922,1.45931,1.50,2.63
2011.06.09 11:02:04.420,1.4592,1.4593,4.50,1.13
2011.06.09 11:02:05.487,1.45922,1.45932,3.00,4.06
2011.06.09 11:02:06.034,1.45924,1.45932,1.50,2.25
2011.06.09 11:02:06.478,1.45922,1.4593,2.25,1.13
2011.06.09 11:02:07.035,1.4592,1.45929,2.25,2.63
2011.06.09 11:02:08.575,1.45919,1.45924,2.25,1.50
2011.06.09 11:02:08.983,1.4592,1.45928,1.13,5.63
2011.06.09 11:02:09.101,1.4592,1.45926,1.50,2.14
2011.06.09 11:02:09.222,1.45916,1.45922,1.32,1.50
2011.06.09 11:02:09.446,1.45913,1.45921,1.50,1.73
2011.06.09 11:02:09.997,1.45913,1.4592,1.13,1.88
2011.06.09 11:02:10.874,1.45911,1.4592,2.25,2.63
2011.06.09 11:02:11.865,1.45911,1.4592,1.50,2.70
2011.06.09 11:02:12.414,1.45911,1.4592,2.25,1.95
2011.06.09 11:02:13.665,1.45911,1.45921,3.00,2.55
2011.06.09 11:02:14.245,1.45913,1.45922,2.25,1.58
2011.06.09 11:02:14.817,1.45912,1.45921,2.25,1.35
2011.06.09 11:02:15.364,1.45912,1.4592,1.50,1.20
2011.06.09 11:02:17.813,1.45911,1.4592,2.25,1.20
2011.06.09 11:02:18.976,1.45911,1.4592,3.00,1.20
2011.06.09 11:02:20.515,1.45911,1.4592,2.25,1.20
2011.06.09 11:02:22.517,1.45911,1.45921,4.35,1.28
2011.06.09 11:02:22.850,1.45917,1.45926,2.85,1.81
2011.06.09 11:02:22.966,1.45917,1.45927,3.60,1.65
2011.06.09 11:02:23.514,1.45917,1.45928,3.23,1.28
2011.06.09 11:02:25.015,1.45919,1.45926,2.25,1.50
2011.06.09 11:02:25.128,1.4592,1.45927,1.50,1.13
2011.06.09 11:02:25.684,1.4592,1.45928,1.50,1.28
2011.06.09 11:02:30.395,1.45919,1.45924,1.50,1.50
2011.06.09 11:02:30.508,1.45921,1.45929,1.50,3.83
2011.06.09 11:02:30.738,1.45921,1.45929,1.50,2.40
2011.06.09 11:02:35.536,1.45921,1.45929,1.50,1.73
2011.06.09 11:02:36.414,1.45922,1.4593,1.50,1.35
2011.06.09 11:02:37.075,1.45922,1.4593,1.50,1.35
2011.06.09 11:02:42.943,1.45922,1.4593,1.50,1.43
2011.06.09 11:02:45.726,1.45928,1.45932,1.50,2.25
2011.06.09 11:02:45.837,1.45924,1.45931,1.13,1.43
2011.06.09 11:02:45.955,1.45924,1.45932,1.13,1.43
2011.06.09 11:02:46.504,1.45924,1.45932,1.13,1.43
2011.06.09 11:02:46.837,1.45928,1.45934,2.85,1.43
2011.06.09 11:02:46.958,1.4593,1.45936,1.50,2.18
2011.06.09 11:02:47.515,1.45929,1.45937,1.50,1.43
2011.06.09 11:02:49.516,1.45927,1.45935,2.10,2.25
2011.06.09 11:02:49.626,1.45929,1.45936,1.50,8.93
2011.06.09 11:02:50.175,1.45929,1.45937,1.50,1.43
2011.06.09 11:02:52.385,1.45929,1.45936,1.50,2.25
2011.06.09 11:02:52.936,1.45929,1.45937,1.50,1.50
2011.06.09 11:02:57.627,1.45928,1.45936,1.50,3.00
2011.06.09 11:02:57.737,1.45927,1.45934,1.50,2.25
2011.06.09 11:02:57.957,1.45924,1.45932,1.50,1.50
2011.06.09 11:02:58.834,1.45924,1.45933,2.85,1.50
2011.06.09 11:02:59.495,1.45927,1.45933,2.10,1.50
2011.06.09 11:03:00.015,1.45929,1.45935,1.50,1.13
2011.06.09 11:03:00.133,1.45929,1.45937,1.50,1.88
2011.06.09 11:03:01.456,1.45929,1.45938,2.25,1.50
2011.06.09 11:03:02.003,1.4593,1.45938,1.50,1.50
2011.06.09 11:03:02.728,1.45929,1.45936,1.50,3.00
2011.06.09 11:03:02.848,1.4593,1.45936,1.50,2.25
2011.06.09 11:03:03.406,1.4593,1.45938,1.50,1.50
2011.06.09 11:03:05.646,1.45931,1.45939,1.50,1.13
2011.06.09 11:03:05.759,1.45932,1.4594,3.60,4.81
2011.06.09 11:03:05.989,1.45936,1.45943,1.50,1.13
2011.06.09 11:03:06.676,1.45936,1.45944,1.50,1.50
2011.06.09 11:03:07.236,1.45936,1.45945,2.85,1.13
2011.06.09 11:03:07.786,1.45937,1.45946,3.60,3.38
2011.06.09 11:03:08.666,1.45937,1.45946,3.00,1.50
2011.06.09 11:03:13.089,1.45937,1.45946,1.50,2.25
2011.06.09 11:03:13.535,1.45936,1.45944,3.98,1.50
2011.06.09 11:03:13.650,1.4594,1.45946,1.50,1.50
2011.06.09 11:03:13.877,1.45941,1.45949,1.35,1.50
2011.06.09 11:03:14.425,1.45942,1.4595,1.50,2.25
2011.06.09 11:03:16.234,1.45942,1.4595,1.50,1.50
2011.06.09 11:03:18.118,1.45939,1.45945,1.50,2.25
2011.06.09 11:03:18.358,1.45933,1.45942,4.13,1.50
2011.06.09 11:03:18.477,1.45933,1.45942,3.00,1.50
2011.06.09 11:03:18.588,1.45934,1.45943,1.50,1.50
2011.06.09 11:03:18.938,1.45941,1.45946,1.50,1.13
2011.06.09 11:03:19.062,1.45941,1.45948,1.50,1.50
2011.06.09 11:03:19.176,1.45941,1.4595,2.25,1.50
2011.06.09 11:03:19.834,1.45941,1.45949,1.50,1.50
2011.06.09 11:03:20.334,1.45944,1.45952,1.50,2.25
2011.06.09 11:03:20.888,1.45943,1.45951,2.25,1.50
2011.06.09 11:03:21.009,1.45943,1.45951,1.50,4.10
2011.06.09 11:03:21.363,1.45943,1.45949,1.32,3.00
2011.06.09 11:03:21.479,1.45941,1.45949,7.13,1.50
2011.06.09 11:03:21.596,1.4594,1.45948,6.95,2.25
2011.06.09 11:03:21.929,1.45939,1.45948,1.88,1.50
2011.06.09 11:03:22.925,1.45938,1.45947,1.50,2.25
2011.06.09 11:03:24.874,1.45931,1.4594,1.50,2.25
2011.06.09 11:03:25.317,1.4593,1.45935,1.50,1.50
2011.06.09 11:03:25.658,1.45925,1.45931,1.88,1.35
2011.06.09 11:03:25.775,1.45923,1.45931,1.50,1.35
2011.06.09 11:03:38.767,1.45923,1.45932,1.88,3.68
2011.06.09 11:03:38.877,1.45923,1.45932,3.23,2.25
2011.06.09 11:03:39.435,1.45924,1.45932,1.50,1.50
2011.06.09 11:03:39.986,1.45924,1.45934,2.25,1.50
2011.06.09 11:03:40.096,1.45926,1.45935,2.25,2.25
2011.06.09 11:03:40.427,1.45931,1.4594,2.25,2.25
2011.06.09 11:03:44.728,1.45928,1.45934,4.50,3.00
2011.06.09 11:03:44.967,1.45929,1.45936,1.50,1.13
2011.06.09 11:03:45.078,1.4593,1.45938,1.50,1.50
2011.06.09 11:03:45.665,1.45931,1.4594,1.50,2.85
2011.06.09 11:03:48.777,1.45931,1.4594,1.50,2.10
2011.06.09 11:03:48.997,1.45929,1.45937,2.25,2.25
2011.06.09 11:03:49.228,1.45926,1.45934,2.25,1.50
2011.06.09 11:03:49.788,1.45927,1.45936,2.25,2.25
2011.06.09 11:03:58.146,1.45927,1.45936,2.25,1.50
2011.06.09 11:03:58.585,1.45927,1.45937,3.75,1.50
2011.06.09 11:03:59.135,1.45928,1.45937,2.25,1.50
2011.06.09 11:04:00.127,1.45928,1.45937,2.25,2.10
2011.06.09 11:04:00.905,1.45927,1.45936,2.25,1.50
2011.06.09 11:04:01.455,1.45925,1.45935,4.88,1.50
2011.06.09 11:04:02.226,1.45926,1.45934,1.50,1.50
2011.06.09 11:04:07.916,1.45927,1.45937,2.25,4.35
2011.06.09 11:04:08.137,1.45928,1.45937,2.25,2.25
2011.06.09 11:04:09.125,1.45927,1.45937,3.00,1.50
2011.06.09 11:04:09.346,1.45927,1.45936,2.25,1.50
2011.06.09 11:04:09.457,1.45925,1.45934,9.38,1.50
2011.06.09 11:04:09.680,1.45925,1.4593,1.88,1.50
2011.06.09 11:04:09.797,1.45922,1.4593,5.25,1.50
2011.06.09 11:04:10.344,1.45921,1.4593,1.50,1.50
2011.06.09 11:04:12.452,1.45924,1.45932,1.50,1.43
2011.06.09 11:04:12.678,1.45927,1.45935,1.50,4.50
2011.06.09 11:04:15.325,1.45927,1.45936,1.50,2.25
2011.06.09 11:04:15.874,1.45926,1.45934,1.50,1.50
2011.06.09 11:04:18.116,1.45925,1.45934,2.25,1.50
2011.06.09 11:04:18.666,1.45925,1.45935,2.25,2.85
2011.06.09 11:04:18.779,1.45925,1.45932,1.50,1.50
2011.06.09 11:04:19.121,1.4592,1.45924,3.75,1.88
2011.06.09 11:04:19.349,1.45914,1.45922,1.50,2.93
2011.06.09 11:04:19.589,1.45912,1.45918,3.38,1.50
2011.06.09 11:04:20.916,1.45913,1.4592,1.73,1.43
2011.06.09 11:04:21.027,1.45915,1.45921,2.25,2.03
2011.06.09 11:04:21.137,1.45918,1.45924,1.50,1.88
2011.06.09 11:04:21.258,1.4592,1.45926,1.50,1.50
2011.06.09 11:04:21.380,1.45921,1.45928,2.25,1.50
2011.06.09 11:04:21.498,1.45923,1.4593,1.50,3.38
2011.06.09 11:04:21.727,1.45923,1.45931,1.50,2.48
2011.06.09 11:04:22.357,1.45924,1.45933,2.25,1.50
2011.06.09 11:04:22.904,1.45924,1.45933,2.25,1.50
2011.06.09 11:04:25.545,1.45924,1.45933,2.25,2.48
2011.06.09 11:04:25.658,1.45923,1.45932,1.50,2.25
2011.06.09 11:04:25.996,1.45922,1.45931,1.50,2.25
2011.06.09 11:04:26.987,1.45921,1.4593,4.13,2.25
2011.06.09 11:04:30.284,1.4592,1.45929,1.50,2.25
2011.06.09 11:04:30.835,1.45921,1.45929,1.50,2.25
2011.06.09 11:04:32.636,1.4592,1.45928,1.50,2.25
2011.06.09 11:04:33.296,1.45921,1.45929,1.50,2.25
2011.06.09 11:04:33.518,1.45919,1.45928,2.63,2.25
2011.06.09 11:04:34.296,1.45919,1.45928,2.63,2.25
2011.06.09 11:04:34.847,1.45919,1.45928,2.63,2.25
2011.06.09 11:04:35.724,1.45919,1.45928,2.63,2.25
2011.06.09 11:04:41.308,1.4592,1.45928,1.50,2.25
2011.06.09 11:04:44.947,1.4592,1.45929,2.25,2.85
2011.06.09 11:04:45.497,1.45923,1.45929,1.50,1.35
2011.06.09 11:04:45.830,1.45928,1.45932,1.50,1.50
2011.06.09 11:04:46.056,1.45925,1.45932,1.88,2.25
2011.06.09 11:04:46.165,1.45924,1.45932,1.50,2.25
2011.06.09 11:04:48.198,1.45924,1.45931,1.13,1.50
2011.06.09 11:04:48.976,1.45924,1.45932,1.88,2.25
2011.06.09 11:04:49.525,1.45923,1.45931,2.63,2.25
2011.06.09 11:04:50.078,1.45924,1.45932,1.88,2.25
2011.06.09 11:04:53.715,1.45924,1.4593,1.13,1.50
2011.06.09 11:04:54.512,1.45922,1.4593,1.50,2.25
2011.06.09 11:04:55.064,1.45921,1.4593,1.88,1.50
2011.06.09 11:04:56.270,1.45922,1.45927,1.50,2.85
2011.06.09 11:04:56.622,1.45921,1.45926,1.35,1.50
2011.06.09 11:04:57.067,1.45919,1.45925,3.75,1.50
2011.06.09 11:04:57.627,1.45917,1.45925,1.50,1.50
2011.06.09 11:04:58.698,1.45919,1.45923,1.50,3.75
2011.06.09 11:04:58.821,1.4592,1.45928,1.50,1.50
2011.06.09 11:04:59.268,1.45921,1.45929,2.25,2.10
2011.06.09 11:04:59.500,1.4592,1.45928,1.50,1.50
2011.06.09 11:05:01.046,1.45919,1.45928,4.13,2.25
2011.06.09 11:05:01.707,1.45919,1.45927,1.50,1.50
2011.06.09 11:05:02.255,1.45919,1.45928,2.25,1.50
2011.06.09 11:05:02.806,1.4592,1.45928,1.50,1.50
2011.06.09 11:05:03.498,1.45919,1.45928,4.13,1.88
2011.06.09 11:05:03.624,1.45919,1.45924,1.88,2.85
2011.06.09 11:05:03.859,1.45914,1.45919,3.20,1.50
2011.06.09 11:05:03.978,1.45914,1.45919,2.45,1.50
2011.06.09 11:05:04.097,1.45911,1.45919,3.38,1.50
2011.06.09 11:05:04.644,1.4591,1.45919,1.50,1.50
2011.06.09 11:05:08.394,1.4591,1.45918,1.50,1.50
2011.06.09 11:05:09.054,1.4591,1.45918,1.50,1.50
2011.06.09 11:05:11.496,1.45911,1.4592,2.25,2.25
2011.06.09 11:05:11.827,1.45914,1.45922,1.50,1.88
2011.06.09 11:05:12.376,1.45913,1.45922,2.25,2.85
2011.06.09 11:05:12.487,1.45915,1.45923,1.50,4.50
2011.06.09 11:05:12.598,1.45916,1.45924,1.35,2.25
2011.06.09 11:05:12.936,1.45917,1.45926,2.25,1.50
2011.06.09 11:05:13.486,1.45917,1.45926,2.25,1.50
2011.06.09 11:05:14.341,1.45918,1.45926,2.10,1.50
2011.06.09 11:05:14.465,1.4592,1.45928,1.50,1.50
2011.06.09 11:05:15.017,1.4592,1.45929,2.85,1.50
2011.06.09 11:05:15.568,1.45922,1.45929,1.50,1.50
2011.06.09 11:05:17.886,1.45924,1.45931,2.25,1.50
2011.06.09 11:05:18.999,1.45926,1.45934,1.50,5.93
2011.06.09 11:05:19.556,1.45926,1.45934,1.50,2.18
2011.06.09 11:05:24.738,1.45929,1.45935,1.50,1.43
2011.06.09 11:05:25.293,1.45929,1.45938,3.75,3.38
2011.06.09 11:05:25.807,1.4593,1.45938,2.85,2.25
2011.06.09 11:05:26.161,1.45931,1.45939,1.50,2.56
2011.06.09 11:05:26.724,1.45937,1.45945,3.00,1.50
2011.06.09 11:05:27.496,1.45936,1.45945,1.88,2.25
2011.06.09 11:05:28.055,1.45934,1.45943,3.75,2.10
2011.06.09 11:05:28.385,1.45932,1.4594,1.50,1.50
2011.06.09 11:05:28.945,1.45933,1.45941,1.50,2.10
2011.06.09 11:05:29.164,1.45933,1.45941,2.25,2.10
2011.06.09 11:05:29.498,1.45931,1.45941,3.38,2.25
2011.06.09 11:05:30.824,1.45933,1.45941,2.25,1.50
2011.06.09 11:05:31.153,1.45932,1.4594,2.63,1.50
2011.06.09 11:05:38.233,1.45932,1.4594,2.25,1.50
2011.06.09 11:05:39.341,1.45939,1.45946,4.50,3.31
2011.06.09 11:05:39.457,1.45942,1.45946,1.50,2.56
2011.06.09 11:05:40.117,1.45942,1.45948,2.25,1.88
2011.06.09 11:05:40.245,1.45944,1.45952,2.25,2.25
2011.06.09 11:05:40.358,1.45944,1.45952,3.00,1.50
2011.06.09 11:05:40.478,1.45944,1.45952,2.25,1.50
2011.06.09 11:05:40.705,1.45943,1.45951,2.25,1.50
2011.06.09 11:05:41.253,1.45943,1.45951,2.25,1.50
2011.06.09 11:05:42.245,1.45949,1.45955,2.25,8.56
2011.06.09 11:05:42.595,1.45953,1.45961,2.25,2.25
2011.06.09 11:05:42.929,1.45956,1.45963,2.25,2.63
2011.06.09 11:05:43.468,1.45956,1.45964,2.25,1.50
2011.06.09 11:05:43.808,1.45955,1.45963,1.50,2.10
2011.06.09 11:05:44.149,1.45952,1.4596,1.50,1.50
2011.06.09 11:05:44.756,1.45952,1.4596,1.50,1.50
2011.06.09 11:05:45.109,1.45952,1.45958,1.13,2.78
2011.06.09 11:05:45.445,1.45947,1.45956,3.00,2.10
2011.06.09 11:05:45.666,1.45946,1.45955,3.00,1.50
2011.06.09 11:05:46.226,1.45951,1.45958,1.50,1.88
2011.06.09 11:05:46.454,1.45951,1.4596,3.00,1.50
2011.06.09 11:05:47.333,1.45951,1.4596,3.00,2.10
2011.06.09 11:05:48.655,1.45951,1.4596,3.75,1.50
2011.06.09 11:05:49.434,1.45951,1.4596,3.00,1.50
2011.06.09 11:05:50.021,1.45948,1.45954,3.75,1.50
2011.06.09 11:05:50.135,1.45945,1.45954,3.00,1.50
2011.06.09 11:05:50.686,1.45944,1.45952,1.50,1.50
2011.06.09 11:05:51.792,1.45944,1.45952,1.50,2.25
2011.06.09 11:05:51.905,1.45944,1.45952,1.50,2.25
2011.06.09 11:05:52.128,1.45948,1.45954,1.50,1.88
2011.06.09 11:05:52.249,1.45948,1.45956,2.25,2.63
2011.06.09 11:05:52.473,1.4595,1.45958,1.50,1.50
2011.06.09 11:05:54.014,1.45951,1.4596,3.00,2.25
2011.06.09 11:05:56.184,1.45951,1.45959,1.50,1.50
2011.06.09 11:05:56.734,1.45951,1.4596,2.25,1.50
2011.06.09 11:05:59.545,1.45951,1.4596,3.00,2.25
2011.06.09 11:06:00.094,1.45952,1.45962,1.50,3.60
2011.06.09 11:06:00.864,1.45952,1.45962,3.00,2.25
2011.06.09 11:06:03.464,1.45954,1.45962,1.50,1.50
2011.06.09 11:06:05.114,1.45953,1.45962,1.50,2.25
2011.06.09 11:06:05.225,1.45951,1.4596,5.48,1.50
2011.06.09 11:06:07.655,1.45951,1.4596,2.63,2.85
2011.06.09 11:06:08.203,1.45951,1.45959,1.88,1.50
2011.06.09 11:06:10.134,1.45951,1.4596,2.63,2.25
2011.06.09 11:06:10.355,1.45952,1.4596,1.50,2.25
2011.06.09 11:06:10.915,1.45952,1.45961,2.25,2.10
2011.06.09 11:06:11.465,1.45953,1.45962,1.50,2.25
2011.06.09 11:06:15.204,1.45957,1.45962,1.50,1.50
2011.06.09 11:06:15.536,1.45958,1.45963,2.25,1.43
2011.06.09 11:06:15.987,1.45959,1.45968,2.25,1.58
2011.06.09 11:06:16.465,1.45957,1.45965,1.13,3.00
2011.06.09 11:06:17.014,1.45955,1.45964,2.25,1.58
2011.06.09 11:06:18.226,1.45955,1.45964,2.25,1.58
2011.06.09 11:06:19.225,1.45955,1.45964,3.00,1.58
2011.06.09 11:06:19.774,1.45956,1.45966,2.25,3.00
2011.06.09 11:06:21.973,1.45957,1.45966,2.25,1.50
2011.06.09 11:06:24.885,1.45957,1.45963,2.25,1.74
2011.06.09 11:06:25.435,1.45955,1.45963,2.25,2.69
2011.06.09 11:06:25.764,1.45954,1.45963,2.63,7.94
2011.06.09 11:06:28.514,1.45955,1.45963,1.50,5.45
2011.06.09 11:06:29.066,1.45956,1.45964,2.25,1.70
2011.06.09 11:06:29.623,1.45957,1.45966,3.60,1.50
2011.06.09 11:06:30.399,1.45957,1.45965,1.35,1.50
2011.06.09 11:06:30.932,1.45953,1.45961,3.75,3.75
2011.06.09 11:06:31.052,1.45952,1.45961,1.88,5.25
2011.06.09 11:06:31.713,1.45951,1.45959,1.50,1.50
2011.06.09 11:06:33.804,1.45953,1.4596,1.50,4.50
2011.06.09 11:06:34.353,1.45953,1.45962,2.25,5.25
2011.06.09 11:06:35.236,1.45957,1.45963,1.50,3.68
2011.06.09 11:06:35.458,1.45954,1.45961,1.50,5.25
2011.06.09 11:06:36.017,1.45953,1.45962,2.25,5.25
2011.06.09 11:06:36.573,1.45954,1.45962,1.50,5.25
2011.06.09 11:06:37.645,1.45956,1.45962,1.50,3.75
2011.06.09 11:06:37.974,1.45956,1.45964,1.50,5.25
2011.06.09 11:06:38.523,1.45955,1.45964,1.50,6.75
2011.06.09 11:06:40.283,1.45954,1.45962,2.10,1.50
2011.06.09 11:06:43.395,1.45954,1.45963,2.10,5.37
2011.06.09 11:06:43.943,1.45954,1.45963,2.85,5.37
2011.06.09 11:06:45.738,1.45954,1.45961,2.25,4.50
2011.06.09 11:06:45.855,1.45956,1.45964,1.50,5.25
2011.06.09 11:06:46.403,1.45956,1.45964,2.85,1.50
2011.06.09 11:06:48.515,1.45958,1.45966,1.50,1.50
2011.06.09 11:06:48.626,1.45959,1.45967,2.25,1.88
2011.06.09 11:06:48.744,1.45957,1.45966,2.10,3.00
2011.06.09 11:06:49.076,1.45955,1.45964,2.10,3.00
2011.06.09 11:06:49.633,1.45954,1.45962,1.50,1.50
2011.06.09 11:06:50.299,1.45954,1.45962,2.10,1.50
2011.06.09 11:06:51.042,1.45958,1.45965,1.50,6.31
2011.06.09 11:06:51.593,1.45959,1.45966,1.50,1.58
2011.06.09 11:06:52.147,1.45962,1.45968,1.50,7.81
2011.06.09 11:06:52.377,1.45962,1.45968,1.50,1.50
2011.06.09 11:06:52.935,1.45962,1.4597,2.25,1.88
2011.06.09 11:06:53.376,1.45961,1.45969,1.50,1.50
2011.06.09 11:06:53.716,1.45959,1.45965,1.50,2.18
2011.06.09 11:06:53.946,1.45958,1.45964,1.50,6.68
2011.06.09 11:06:54.289,1.45962,1.45968,1.50,2.63
2011.06.09 11:06:54.515,1.45962,1.45969,1.50,4.43
2011.06.09 11:06:54.847,1.45964,1.45971,1.50,2.63
2011.06.09 11:06:56.865,1.45964,1.45971,1.50,1.88
2011.06.09 11:06:58.955,1.45963,1.45971,1.50,2.82
2011.06.09 11:06:59.178,1.45964,1.4597,1.50,1.50
2011.06.09 11:06:59.516,1.45963,1.4597,1.50,2.18
2011.06.09 11:06:59.743,1.45964,1.4597,1.50,1.43
2011.06.09 11:07:00.404,1.45965,1.45972,1.50,2.93
2011.06.09 11:07:05.004,1.45965,1.45972,1.50,2.18
2011.06.09 11:07:08.635,1.4597,1.45976,1.50,4.01
2011.06.09 11:07:08.856,1.4597,1.45977,2.63,1.88
2011.06.09 11:07:08.975,1.45973,1.45979,1.50,1.43
2011.06.09 11:07:09.084,1.45973,1.4598,1.50,2.25
2011.06.09 11:07:09.616,1.45973,1.4598,2.25,1.88
2011.06.09 11:07:11.616,1.45978,1.45984,1.50,3.31
2011.06.09 11:07:11.739,1.45977,1.45983,1.50,1.88
2011.06.09 11:07:11.964,1.45978,1.45985,1.50,1.88
2011.06.09 11:07:12.627,1.45983,1.45989,1.50,2.25
2011.06.09 11:07:12.965,1.45982,1.4599,1.50,1.50
2011.06.09 11:07:13.513,1.45982,1.4599,1.50,1.50
2011.06.09 11:07:18.317,1.45981,1.45986,1.50,1.50
2011.06.09 11:07:18.439,1.45978,1.45985,1.88,1.50
2011.06.09 11:07:19.105,1.45977,1.45986,1.50,3.00
2011.06.09 11:07:19.327,1.45981,1.45988,1.50,2.63
2011.06.09 11:07:20.764,1.45979,1.45987,2.85,3.35
2011.06.09 11:07:20.873,1.45979,1.45987,1.50,4.85
2011.06.09 11:07:21.845,1.45979,1.45986,1.50,1.88
2011.06.09 11:07:21.956,1.45979,1.45986,1.50,2.25
2011.06.09 11:07:22.624,1.45977,1.45984,2.85,1.50
2011.06.09 11:07:22.737,1.45977,1.45984,1.50,1.88
2011.06.09 11:07:22.855,1.45977,1.45985,2.25,1.13
2011.06.09 11:07:22.968,1.45979,1.45985,1.50,3.75
2011.06.09 11:07:23.304,1.45978,1.45985,1.35,4.10
2011.06.09 11:07:23.853,1.45975,1.45983,2.10,1.50
2011.06.09 11:07:25.616,1.45979,1.45985,1.50,6.00
2011.06.09 11:07:25.845,1.45978,1.45986,2.10,2.25
2011.06.09 11:07:28.819,1.4598,1.45988,2.85,4.06
2011.06.09 11:07:29.044,1.4598,1.45988,2.85,2.25
2011.06.09 11:07:29.765,1.4598,1.45988,3.60,2.25
2011.06.09 11:07:31.303,1.4598,1.45988,3.60,2.25
2011.06.09 11:07:34.273,1.4598,1.45988,2.85,3.75
2011.06.09 11:07:34.607,1.45978,1.45986,2.85,3.38
2011.06.09 11:07:34.726,1.45977,1.45984,2.10,1.50
2011.06.09 11:07:35.937,1.45977,1.45986,2.10,2.63
2011.06.09 11:07:36.275,1.45978,1.45986,2.85,2.25
2011.06.09 11:07:40.356,1.45978,1.45987,3.60,1.50
2011.06.09 11:07:40.463,1.45978,1.45987,3.60,2.25
2011.06.09 11:07:43.263,1.45975,1.45984,1.50,2.25
2011.06.09 11:07:46.784,1.45976,1.45983,2.10,1.50
2011.06.09 11:07:46.896,1.45978,1.45984,1.50,1.13
2011.06.09 11:07:47.116,1.45978,1.45986,1.50,2.25
2011.06.09 11:07:50.156,1.45977,1.45986,3.60,2.63
2011.06.09 11:07:52.034,1.45978,1.45986,1.35,4.13
2011.06.09 11:07:52.365,1.45974,1.4598,5.25,1.50
2011.06.09 11:07:52.914,1.45972,1.4598,2.85,1.50
2011.06.09 11:07:53.574,1.45972,1.45981,2.85,1.88
2011.06.09 11:07:55.074,1.45974,1.45982,1.50,4.13
2011.06.09 11:07:55.693,1.45974,1.45982,1.50,1.50
2011.06.09 11:07:57.235,1.45977,1.45984,3.60,3.00
2011.06.09 11:07:57.795,1.45977,1.45985,1.35,1.50
2011.06.09 11:07:58.457,1.45974,1.45982,5.63,1.50
2011.06.09 11:07:59.013,1.45974,1.45982,1.50,1.88
2011.06.09 11:08:00.553,1.45973,1.45982,2.25,1.88
2011.06.09 11:08:02.059,1.45975,1.45983,2.25,6.00
2011.06.09 11:08:02.181,1.45973,1.45982,1.50,1.50
2011.06.09 11:08:02.843,1.45973,1.45982,1.50,2.63
2011.06.09 11:08:03.394,1.45972,1.45982,3.60,3.38
2011.06.09 11:08:03.943,1.45972,1.45982,3.60,2.63
2011.06.09 11:08:09.246,1.45973,1.45982,1.50,2.63
2011.06.09 11:08:09.811,1.45977,1.45982,1.50,1.88
2011.06.09 11:08:10.255,1.45974,1.45982,1.50,1.88
2011.06.09 11:08:19.967,1.45976,1.45982,1.50,1.13
2011.06.09 11:08:20.306,1.45973,1.45982,2.25,1.13
2011.06.09 11:08:25.932,1.45974,1.45983,1.50,4.13
2011.06.09 11:08:26.483,1.45975,1.45985,1.50,4.13
2011.06.09 11:08:27.033,1.45975,1.45985,1.50,3.75
2011.06.09 11:08:27.631,1.45975,1.45984,1.50,3.00
2011.06.09 11:08:28.295,1.45975,1.45984,1.50,2.25
2011.06.09 11:08:29.174,1.45975,1.45985,1.50,7.50
2011.06.09 11:08:29.730,1.45976,1.45985,1.50,5.25
2011.06.09 11:08:31.497,1.45981,1.45987,7.35,4.43
2011.06.09 11:08:31.736,1.4598,1.45988,1.50,5.63
2011.06.09 11:08:31.846,1.45978,1.45987,1.88,1.50
2011.06.09 11:08:32.185,1.45978,1.45985,2.85,1.50
2011.06.09 11:08:32.406,1.4598,1.45985,1.50,3.75
2011.06.09 11:08:32.525,1.4598,1.45988,1.50,3.00
2011.06.09 11:08:32.635,1.45979,1.45987,1.35,2.25
2011.06.09 11:08:32.855,1.45986,1.4599,1.50,3.44
2011.06.09 11:08:32.968,1.45986,1.4599,2.10,2.18
2011.06.09 11:08:33.443,1.45986,1.45994,2.10,1.50
2011.06.09 11:08:34.001,1.45986,1.45994,1.35,3.00
2011.06.09 11:08:35.324,1.45986,1.45994,1.35,3.00
2011.06.09 11:08:36.756,1.45985,1.45993,1.50,1.50
2011.06.09 11:08:37.865,1.45985,1.45993,1.50,3.00
2011.06.09 11:08:38.196,1.45979,1.45986,3.20,1.50
2011.06.09 11:08:38.870,1.45978,1.45983,3.75,2.10
2011.06.09 11:08:38.993,1.45973,1.45981,1.50,2.25
2011.06.09 11:08:39.545,1.45971,1.45981,2.25,4.43
2011.06.09 11:08:40.755,1.45978,1.45983,1.50,1.50
2011.06.09 11:08:40.977,1.45977,1.45984,2.25,1.35
2011.06.09 11:08:41.533,1.45977,1.45985,2.25,1.50
2011.06.09 11:08:43.185,1.45975,1.45984,3.38,1.50
2011.06.09 11:08:43.735,1.45975,1.45984,1.50,1.50
2011.06.09 11:08:44.284,1.45976,1.45985,1.50,6.23
2011.06.09 11:08:44.404,1.45979,1.45988,3.00,2.25
2011.06.09 11:08:45.175,1.4598,1.4599,2.25,8.10
2011.06.09 11:08:52.567,1.45981,1.45989,2.25,2.85
2011.06.09 11:08:52.801,1.45983,1.45991,5.25,4.13
2011.06.09 11:08:53.149,1.4599,1.45997,2.25,1.94
2011.06.09 11:08:53.709,1.45986,1.45994,1.88,1.50
2011.06.09 11:08:53.825,1.45986,1.45993,1.13,4.50
2011.06.09 11:08:53.935,1.45984,1.45993,2.63,4.50
2011.06.09 11:08:54.400,1.45985,1.45995,2.25,6.06
2011.06.09 11:08:56.386,1.45982,1.45986,1.50,1.35
2011.06.09 11:08:56.619,1.45975,1.45984,2.25,2.25
2011.06.09 11:08:56.847,1.45977,1.45985,1.50,5.63
2011.06.09 11:08:56.967,1.45977,1.45985,3.00,3.75
2011.06.09 11:08:57.526,1.45977,1.45986,3.00,1.50
2011.06.09 11:08:58.816,1.45981,1.45989,1.50,1.50
2011.06.09 11:08:59.146,1.45981,1.4599,2.25,1.88
2011.06.09 11:08:59.265,1.45983,1.45991,2.25,3.00
2011.06.09 11:08:59.825,1.45983,1.45991,1.50,1.50
2011.06.09 11:09:00.374,1.45983,1.45991,1.50,1.50
2011.06.09 11:09:01.695,1.45983,1.45991,1.50,1.50
2011.06.09 11:09:02.244,1.45983,1.45991,2.25,1.50
2011.06.09 11:09:02.358,1.45986,1.45991,1.50,1.13
2011.06.09 11:09:02.477,1.45988,1.45995,1.50,1.50
2011.06.09 11:09:02.787,1.45988,1.45997,2.25,3.00
2011.06.09 11:09:02.901,1.45988,1.45997,2.25,1.50
2011.06.09 11:09:03.453,1.45988,1.45997,2.25,1.50
2011.06.09 11:09:04.004,1.45988,1.45994,1.50,1.50
2011.06.09 11:09:04.345,1.45984,1.45992,3.38,1.50
2011.06.09 11:09:04.900,1.45983,1.45991,2.25,1.50
2011.06.09 11:09:05.128,1.45985,1.45993,1.50,1.13
2011.06.09 11:09:05.358,1.45989,1.45994,1.50,4.50
2011.06.09 11:09:05.591,1.45994,1.45998,2.25,1.50
2011.06.09 11:09:05.817,1.45992,1.46,2.63,2.25
2011.06.09 11:09:05.935,1.45992,1.46,2.63,1.50
2011.06.09 11:09:06.156,1.45992,1.46,3.75,1.50
2011.06.09 11:09:06.274,1.45992,1.46001,3.75,2.10
2011.06.09 11:09:14.241,1.46001,1.46005,2.25,3.75
2011.06.09 11:09:14.466,1.46,1.46008,3.38,1.50
2011.06.09 11:09:15.026,1.45999,1.46008,3.00,2.25
2011.06.09 11:09:15.252,1.46,1.46008,2.25,1.50
2011.06.09 11:09:15.474,1.46,1.46009,1.50,2.18
2011.06.09 11:09:17.565,1.45999,1.46006,3.00,2.10
2011.06.09 11:09:17.899,1.46001,1.46007,2.25,3.75
2011.06.09 11:09:18.015,1.46001,1.46009,2.25,1.50
2011.06.09 11:09:19.115,1.46001,1.4601,3.00,2.25
2011.06.09 11:09:19.556,1.46002,1.46012,2.25,8.93
2011.06.09 11:09:20.220,1.46002,1.4601,3.00,1.50
2011.06.09 11:09:20.341,1.46003,1.46012,1.50,8.93
2011.06.09 11:09:20.459,1.46004,1.46012,1.50,2.93
2011.06.09 11:09:21.019,1.46003,1.46012,4.35,7.06
2011.06.09 11:09:21.245,1.46005,1.46014,2.25,1.88
2011.06.09 11:09:21.578,1.46006,1.46014,2.25,1.13
2011.06.09 11:09:22.028,1.4601,1.46016,2.25,1.50
2011.06.09 11:09:22.255,1.46011,1.4602,1.50,2.63
2011.06.09 11:09:22.803,1.4601,1.46019,2.63,1.50
2011.06.09 11:09:23.468,1.4601,1.4602,1.50,2.76
2011.06.09 11:09:24.121,1.46012,1.4602,1.50,1.50
2011.06.09 11:09:24.239,1.46013,1.46022,2.25,1.50
2011.06.09 11:09:25.455,1.46015,1.46023,1.13,2.25
2011.06.09 11:09:25.895,1.4602,1.4603,2.63,4.50
2011.06.09 11:09:26.557,1.4602,1.46028,1.88,1.50
2011.06.09 11:09:26.896,1.4602,1.46026,1.13,1.35
2011.06.09 11:09:27.017,1.46017,1.46025,4.88,2.25
2011.06.09 11:09:27.357,1.46015,1.46024,2.63,2.25
2011.06.09 11:09:27.917,1.46015,1.46023,1.13,1.50
2011.06.09 11:09:28.595,1.46015,1.46024,2.63,1.50
2011.06.09 11:09:29.474,1.46015,1.46024,2.25,1.50
2011.06.09 11:09:30.025,1.46016,1.46026,2.25,3.00
2011.06.09 11:09:30.244,1.46017,1.46026,1.50,1.50
2011.06.09 11:09:30.468,1.46017,1.46023,1.50,2.25
2011.06.09 11:09:30.805,1.46021,1.46026,1.50,3.75
2011.06.09 11:09:30.914,1.46021,1.4603,1.50,1.50
2011.06.09 11:09:32.456,1.4602,1.46029,1.50,1.50
2011.06.09 11:09:33.003,1.46019,1.46028,2.63,1.50
2011.06.09 11:09:33.664,1.46019,1.46026,2.63,1.50
2011.06.09 11:09:34.169,1.46014,1.46023,2.63,1.50
2011.06.09 11:09:34.725,1.46014,1.46023,1.88,1.50
2011.06.09 11:09:35.275,1.46015,1.46023,1.88,1.50
2011.06.09 11:09:35.823,1.46015,1.46024,2.63,1.50
2011.06.09 11:09:36.816,1.46015,1.46023,2.63,1.50
2011.06.09 11:09:37.376,1.46015,1.46023,2.25,1.50
2011.06.09 11:09:38.467,1.46015,1.46023,1.88,2.25
2011.06.09 11:09:38.699,1.46013,1.46022,2.25,2.25
2011.06.09 11:09:39.255,1.46011,1.4602,2.25,1.50
2011.06.09 11:09:39.590,1.46016,1.46023,1.50,5.25
2011.06.09 11:09:39.819,1.46018,1.46026,1.35,2.18
2011.06.09 11:09:39.937,1.46015,1.46027,3.60,1.88
2011.06.09 11:09:40.056,1.46018,1.46027,1.50,2.63
2011.06.09 11:09:40.170,1.46015,1.46024,5.25,1.50
2011.06.09 11:09:40.287,1.46015,1.46022,2.25,3.00
2011.06.09 11:09:40.406,1.46013,1.46022,1.50,3.60
2011.06.09 11:09:42.824,1.46011,1.46022,2.25,8.85
2011.06.09 11:09:44.366,1.46011,1.46019,1.50,2.85
2011.06.09 11:09:44.488,1.46009,1.46017,1.88,1.50
2011.06.09 11:09:45.045,1.46007,1.46016,2.25,3.00
2011.06.09 11:09:45.266,1.46003,1.46011,3.75,1.50
2011.06.09 11:09:45.815,1.46002,1.46011,1.50,2.25
2011.06.09 11:09:46.475,1.46002,1.4601,1.50,1.50
2011.06.09 11:09:46.697,1.46,1.46005,1.50,1.50
2011.06.09 11:09:46.823,1.45997,1.46004,1.50,1.50
2011.06.09 11:09:46.939,1.45998,1.46006,1.50,2.25
2011.06.09 11:09:47.056,1.45999,1.46007,1.50,1.50
2011.06.09 11:09:47.286,1.46001,1.4601,1.50,3.38
2011.06.09 11:09:47.734,1.46001,1.4601,2.25,2.25
2011.06.09 11:09:48.284,1.46002,1.46011,1.50,3.00
2011.06.09 11:09:49.824,1.46001,1.46011,3.60,1.50
2011.06.09 11:09:50.492,1.46001,1.4601,2.25,1.50
2011.06.09 11:09:51.054,1.46001,1.4601,1.50,2.25
2011.06.09 11:09:52.154,1.46,1.46009,1.50,1.50
2011.06.09 11:09:53.146,1.45999,1.46008,3.00,1.50
2011.06.09 11:09:54.246,1.45999,1.46008,1.50,1.50
2011.06.09 11:09:55.994,1.45999,1.46009,1.50,2.25
2011.06.09 11:09:56.532,1.45999,1.46009,3.00,2.25
2011.06.09 11:09:56.646,1.46001,1.4601,2.85,1.50
2011.06.09 11:09:56.765,1.46001,1.46009,1.50,1.50
2011.06.09 11:09:57.313,1.46001,1.46009,1.50,1.35
2011.06.09 11:09:59.844,1.46001,1.4601,2.25,2.25
2011.06.09 11:10:00.393,1.46001,1.46009,1.50,1.50
2011.06.09 11:10:00.943,1.45999,1.46009,3.00,2.25
2011.06.09 11:10:01.824,1.45999,1.46008,2.25,1.50
2011.06.09 11:10:02.157,1.45998,1.46008,3.20,3.00
2011.06.09 11:10:03.080,1.45999,1.46008,1.50,3.00
2011.06.09 11:10:03.377,1.45998,1.46008,3.20,3.00
2011.06.09 11:10:04.484,1.45998,1.46009,2.45,3.38
2011.06.09 11:10:05.033,1.45999,1.46009,1.50,3.00
2011.06.09 11:10:05.582,1.45998,1.46009,3.20,1.35
2011.06.09 11:10:07.673,1.45997,1.46008,5.00,2.25
2011.06.09 11:10:07.894,1.45998,1.46008,1.70,2.25
2011.06.09 11:10:11.193,1.45998,1.46008,3.95,1.50
2011.06.09 11:10:12.466,1.45999,1.46009,3.00,2.25
2011.06.09 11:10:13.024,1.46001,1.46009,1.50,2.10
2011.06.09 11:10:15.133,1.46001,1.46009,1.50,2.25
2011.06.09 11:10:19.316,1.46003,1.46009,1.50,1.50
2011.06.09 11:10:19.974,1.46002,1.46009,1.50,2.25
2011.06.09 11:10:22.265,1.46005,1.46011,1.50,2.63
2011.06.09 11:10:22.382,1.46005,1.46011,1.50,1.88
2011.06.09 11:10:23.155,1.46004,1.46011,1.50,1.88
2011.06.09 11:10:24.144,1.46005,1.46011,1.50,1.13
2011.06.09 11:10:24.697,1.46004,1.4601,1.50,1.50
2011.06.09 11:10:24.815,1.46003,1.4601,1.50,1.50
2011.06.09 11:10:27.803,1.46003,1.4601,1.50,2.25
2011.06.09 11:10:28.353,1.46003,1.4601,1.50,2.25
2011.06.09 11:10:30.228,1.46005,1.46012,1.50,6.75
2011.06.09 11:10:30.594,1.46007,1.46012,1.50,4.88
2011.06.09 11:10:30.725,1.46011,1.46017,1.50,1.88
2011.06.09 11:10:31.275,1.4601,1.46017,1.50,1.50
2011.06.09 11:10:32.595,1.46008,1.46017,2.25,2.25
2011.06.09 11:10:33.145,1.46008,1.46014,1.50,1.50
2011.06.09 11:10:33.256,1.4601,1.46016,1.50,6.60
2011.06.09 11:10:33.803,1.4601,1.46016,1.50,1.50
2011.06.09 11:10:38.059,1.46008,1.46015,1.50,1.50
2011.06.09 11:10:39.604,1.46007,1.46014,1.50,3.00
2011.06.09 11:10:39.718,1.46005,1.46012,1.50,1.35
2011.06.09 11:10:40.274,1.46004,1.46011,1.50,2.10
2011.06.09 11:10:40.824,1.46003,1.46011,1.50,1.50
2011.06.09 11:10:41.595,1.46004,1.46011,1.50,2.25
2011.06.09 11:10:41.929,1.46009,1.46016,2.63,1.51
2011.06.09 11:10:42.048,1.46009,1.46015,1.88,1.50
2011.06.09 11:10:42.558,1.46009,1.46017,1.50,3.00
2011.06.09 11:10:42.896,1.46007,1.46016,1.13,3.60
2011.06.09 11:10:43.618,1.46006,1.46014,1.88,1.50
2011.06.09 11:10:44.519,1.46007,1.46015,1.13,2.25
2011.06.09 11:10:46.063,1.46005,1.46014,1.50,1.50
2011.06.09 11:10:48.374,1.46004,1.46014,2.63,2.25
2011.06.09 11:10:48.924,1.46003,1.46012,2.25,1.50
2011.06.09 11:10:49.473,1.46002,1.46012,4.13,1.50
2011.06.09 11:10:50.024,1.46002,1.46011,3.38,1.50
2011.06.09 11:10:50.355,1.46003,1.46013,2.10,3.00
2011.06.09 11:10:50.576,1.46005,1.46014,2.25,4.50
2011.06.09 11:10:53.365,1.46005,1.46015,2.63,2.85
2011.06.09 11:10:57.656,1.46007,1.46015,1.50,1.50
2011.06.09 11:10:58.391,1.46005,1.46014,2.63,1.50
2011.06.09 11:10:59.505,1.46005,1.46014,1.88,3.00
2011.06.09 11:11:00.383,1.46005,1.46014,1.13,3.75
2011.06.09 11:11:00.828,1.46003,1.46011,1.88,2.10
2011.06.09 11:11:00.944,1.46003,1.46011,1.13,2.10
2011.06.09 11:11:01.496,1.46003,1.46011,1.50,1.35
2011.06.09 11:11:02.053,1.46002,1.46011,1.50,2.10
2011.06.09 11:11:02.603,1.46003,1.46012,1.50,2.25
2011.06.09 11:11:03.153,1.46002,1.46011,1.50,1.50
2011.06.09 11:11:03.263,1.46001,1.46011,1.88,3.75
2011.06.09 11:11:03.595,1.46001,1.46008,1.13,1.50
2011.06.09 11:11:03.706,1.45999,1.46008,1.50,2.25
2011.06.09 11:11:04.264,1.45998,1.46006,1.88,1.50
2011.06.09 11:11:04.725,1.45998,1.46004,1.50,1.50
2011.06.09 11:11:06.818,1.45998,1.46004,1.50,1.50
2011.06.09 11:11:07.158,1.46001,1.46008,2.10,1.13
2011.06.09 11:11:07.387,1.45999,1.46008,3.00,1.50
2011.06.09 11:11:07.943,1.46,1.46008,3.38,1.50
2011.06.09 11:11:08.715,1.46,1.4601,2.63,2.25
2011.06.09 11:11:08.933,1.46,1.4601,2.25,2.25
2011.06.09 11:11:11.944,1.46002,1.4601,1.50,2.10
2011.06.09 11:11:17.904,1.46002,1.4601,1.50,1.50
2011.06.09 11:11:18.559,1.46002,1.4601,1.50,1.50
2011.06.09 11:11:20.105,1.46001,1.4601,3.38,1.50
2011.06.09 11:11:20.847,1.46001,1.4601,3.38,2.10
2011.06.09 11:11:22.106,1.46001,1.4601,2.63,1.35
2011.06.09 11:11:22.654,1.46001,1.4601,3.38,2.93
2011.06.09 11:11:23.205,1.46001,1.46009,2.63,2.18
2011.06.09 11:11:23.753,1.46001,1.46009,1.13,2.18
2011.06.09 11:11:24.415,1.46001,1.46009,1.88,1.43
2011.06.09 11:11:25.404,1.46001,1.46009,1.13,1.35
2011.06.09 11:11:29.145,1.46001,1.46009,2.63,1.35
2011.06.09 11:11:29.955,1.46001,1.46009,1.50,3.60
2011.06.09 11:11:30.178,1.45998,1.46007,3.00,1.50
2011.06.09 11:11:32.825,1.45998,1.46006,1.50,1.50
2011.06.09 11:11:33.374,1.45997,1.46005,1.50,1.50
2011.06.09 11:11:38.167,1.45998,1.46006,3.60,2.25
2011.06.09 11:11:38.631,1.46001,1.46009,1.50,1.13
2011.06.09 11:11:39.193,1.46002,1.4601,1.50,1.50
2011.06.09 11:11:40.514,1.46002,1.46011,2.25,1.88
2011.06.09 11:11:42.825,1.46005,1.46013,1.50,6.00
2011.06.09 11:11:43.376,1.46006,1.46014,1.50,1.50
2011.06.09 11:11:43.605,1.46007,1.46015,1.50,1.13
2011.06.09 11:11:44.153,1.46007,1.46015,1.50,1.88
2011.06.09 11:11:45.918,1.46007,1.46015,1.50,1.88
2011.06.09 11:11:46.367,1.4601,1.46018,1.50,4.06
2011.06.09 11:11:48.024,1.4601,1.46018,1.50,1.88
2011.06.09 11:11:57.983,1.46009,1.46018,2.25,1.50
2011.06.09 11:11:58.094,1.46009,1.46018,2.25,1.50
2011.06.09 11:11:59.964,1.46009,1.46018,1.50,1.50
2011.06.09 11:12:00.074,1.46008,1.46017,2.25,1.50
2011.06.09 11:12:00.624,1.46009,1.46017,1.50,3.00
2011.06.09 11:12:00.845,1.46009,1.46017,2.25,1.50
2011.06.09 11:12:01.394,1.46009,1.46018,2.25,1.50
2011.06.09 11:12:01.983,1.4601,1.46019,1.50,1.50
2011.06.09 11:12:03.743,1.46009,1.4602,1.50,2.63
2011.06.09 11:12:03.857,1.46011,1.46016,1.25,1.50
2011.06.09 11:12:04.274,1.46007,1.46018,3.00,3.00
2011.06.09 11:12:05.597,1.46002,1.46009,1.50,1.50
2011.06.09 11:12:05.716,1.46003,1.46012,1.50,2.93
2011.06.09 11:12:05.838,1.46005,1.46013,4.50,2.25
2011.06.09 11:12:05.960,1.46007,1.46016,1.50,2.25
2011.06.09 11:12:06.297,1.46005,1.46014,6.60,1.50
2011.06.09 11:12:06.965,1.46007,1.46015,1.50,1.50
2011.06.09 11:12:07.517,1.4601,1.46017,1.50,1.88
2011.06.09 11:12:09.306,1.46008,1.46017,1.50,3.60
2011.06.09 11:12:09.415,1.46007,1.46015,1.50,1.50
2011.06.09 11:12:15.434,1.46007,1.46015,2.25,1.50
2011.06.09 11:12:15.984,1.46008,1.46016,1.50,1.50
2011.06.09 11:12:21.494,1.46007,1.46016,3.00,1.50
2011.06.09 11:12:22.484,1.46007,1.46015,2.25,3.68
2011.06.09 11:12:22.878,1.46005,1.46012,1.50,2.85
2011.06.09 11:12:23.001,1.46002,1.4601,2.25,1.50
2011.06.09 11:12:23.554,1.46001,1.46009,1.50,1.50
2011.06.09 11:12:24.104,1.46001,1.4601,2.25,1.50
2011.06.09 11:12:24.983,1.46001,1.4601,2.25,2.10
2011.06.09 11:12:25.425,1.46001,1.46009,1.50,1.50
2011.06.09 11:12:25.974,1.46001,1.46009,1.50,2.25
2011.06.09 11:12:26.195,1.46,1.46008,1.50,1.50
2011.06.09 11:12:26.743,1.45998,1.46007,2.25,1.50
2011.06.09 11:12:26.965,1.45999,1.46009,2.25,3.68
2011.06.09 11:12:27.184,1.46,1.46009,2.25,2.25
2011.06.09 11:12:27.734,1.45999,1.46009,2.25,2.85
2011.06.09 11:12:28.065,1.45998,1.46006,1.50,1.50
2011.06.09 11:12:28.614,1.45999,1.46007,1.50,1.50
2011.06.09 11:12:30.118,1.45998,1.46007,1.50,1.50
2011.06.09 11:12:30.673,1.45999,1.46007,1.50,1.50
2011.06.09 11:12:34.974,1.45999,1.46007,1.50,1.50
2011.06.09 11:12:35.197,1.46001,1.46009,1.50,2.25
2011.06.09 11:12:35.536,1.45999,1.46006,1.50,1.50
2011.06.09 11:12:36.088,1.45999,1.46005,1.50,1.50
2011.06.09 11:12:36.211,1.45998,1.46007,3.00,1.50
2011.06.09 11:12:36.763,1.45998,1.46008,3.00,1.50
2011.06.09 11:12:38.637,1.45998,1.46007,2.25,1.50
2011.06.09 11:12:38.755,1.45999,1.46009,2.10,4.13
2011.06.09 11:12:38.866,1.46001,1.46009,2.25,1.13
2011.06.09 11:12:38.975,1.46001,1.46009,2.85,1.13
2011.06.09 11:12:39.525,1.46002,1.46011,1.50,2.63
2011.06.09 11:12:42.824,1.46002,1.4601,3.00,1.13
2011.06.09 11:12:43.267,1.46,1.46008,2.10,1.50
2011.06.09 11:12:43.385,1.46,1.46009,2.10,1.50
2011.06.09 11:12:43.728,1.45999,1.46008,6.75,2.25
2011.06.09 11:12:45.064,1.45998,1.46007,2.10,2.25
2011.06.09 11:12:47.814,1.45998,1.46007,1.35,2.25
2011.06.09 11:12:48.365,1.45999,1.46007,1.35,1.88
2011.06.09 11:12:48.916,1.45998,1.46006,1.35,1.50
2011.06.09 11:12:50.746,1.45998,1.46006,1.35,1.50
2011.06.09 11:12:51.294,1.45998,1.46007,1.50,2.63
2011.06.09 11:12:54.323,1.45998,1.46007,1.50,2.63
2011.06.09 11:13:01.618,1.45996,1.46004,2.85,2.25
2011.06.09 11:13:01.957,1.45996,1.46005,2.10,1.50
2011.06.09 11:13:02.074,1.45996,1.46006,1.35,3.00
2011.06.09 11:13:03.395,1.45999,1.46007,1.50,1.98
2011.06.09 11:13:03.946,1.45998,1.46007,3.60,2.73
2011.06.09 11:13:05.155,1.45998,1.46007,3.60,2.73
2011.06.09 11:13:05.375,1.46,1.46007,2.10,1.98
2011.06.09 11:13:05.924,1.46,1.46007,1.35,1.13
2011.06.09 11:13:07.583,1.46,1.46006,1.35,1.50
2011.06.09 11:13:08.134,1.46,1.46006,1.35,3.00
2011.06.09 11:13:09.015,1.45999,1.46006,1.50,3.75
2011.06.09 11:13:09.125,1.45998,1.46006,1.50,3.75
2011.06.09 11:13:09.236,1.45997,1.46006,6.00,4.35
2011.06.09 11:13:09.344,1.45997,1.46006,2.25,3.75
2011.06.09 11:13:13.638,1.45995,1.46002,3.95,1.50
2011.06.09 11:13:14.194,1.45996,1.46003,2.25,1.35
2011.06.09 11:13:14.745,1.45997,1.46006,1.50,3.00
2011.06.09 11:13:16.323,1.45997,1.46006,1.50,3.75
2011.06.09 11:13:18.103,1.45997,1.46006,1.50,3.75
2011.06.09 11:13:20.525,1.45997,1.46005,2.25,1.50
2011.06.09 11:13:21.075,1.45995,1.46002,1.50,1.62
2011.06.09 11:13:21.407,1.45997,1.46005,1.50,6.38
2011.06.09 11:13:21.636,1.45995,1.46002,1.50,2.25
2011.06.09 11:13:21.966,1.45995,1.46004,3.00,1.50
2011.06.09 11:13:22.296,1.45995,1.46003,1.50,2.25
2011.06.09 11:13:22.634,1.45995,1.46004,3.00,1.50
2011.06.09 11:13:24.239,1.45995,1.46002,1.50,1.50
2011.06.09 11:13:24.355,1.45995,1.46002,1.50,1.88
2011.06.09 11:13:24.905,1.45994,1.46002,1.50,3.23
2011.06.09 11:13:26.006,1.45994,1.46002,1.50,1.13
2011.06.09 11:13:28.204,1.45994,1.46001,1.50,2.10
2011.06.09 11:13:28.427,1.45993,1.46,1.50,2.10
2011.06.09 11:13:29.207,1.45993,1.46002,1.50,1.13
2011.06.09 11:13:29.324,1.45997,1.46002,1.50,1.13
2011.06.09 11:13:29.874,1.45998,1.46004,1.50,1.13
2011.06.09 11:13:30.207,1.45998,1.46004,1.50,1.13
2011.06.09 11:13:30.736,1.45998,1.46005,1.50,2.93
2011.06.09 11:13:30.863,1.45996,1.46002,1.50,2.25
2011.06.09 11:13:31.097,1.45993,1.46,1.50,3.60
2011.06.09 11:13:31.655,1.45992,1.46,2.25,2.85
2011.06.09 11:13:32.535,1.45993,1.46001,1.50,1.50
2011.06.09 11:13:33.635,1.45994,1.46002,1.50,2.10
2011.06.09 11:13:34.184,1.45994,1.46,1.50,1.50
2011.06.09 11:13:34.296,1.45991,1.46,3.38,2.85
2011.06.09 11:13:36.994,1.45993,1.46,1.50,2.85
2011.06.09 11:13:37.326,1.46,1.46005,1.50,1.50
2011.06.09 11:13:37.765,1.46001,1.46008,1.50,1.35
2011.06.09 11:13:40.024,1.45999,1.46008,3.75,1.35
2011.06.09 11:13:40.464,1.46001,1.46009,1.50,1.13
2011.06.09 11:13:41.454,1.46,1.46009,1.50,1.88
2011.06.09 11:13:42.006,1.45997,1.46006,3.38,1.50
2011.06.09 11:13:42.337,1.45995,1.46003,1.88,2.85
2011.06.09 11:13:42.782,1.45998,1.46007,1.50,6.53
2011.06.09 11:13:43.333,1.45998,1.46007,1.50,2.85
2011.06.09 11:13:43.994,1.45999,1.46007,1.50,2.10
2011.06.09 11:13:44.543,1.46,1.46007,1.50,2.10
2011.06.09 11:13:49.176,1.46,1.46008,1.50,1.73
2011.06.09 11:13:49.519,1.46002,1.46009,1.50,2.85
2011.06.09 11:13:49.639,1.46003,1.46011,2.25,4.13
2011.06.09 11:13:49.758,1.46006,1.46012,1.50,1.50
2011.06.09 11:13:49.879,1.46007,1.46016,3.00,1.88
2011.06.09 11:13:50.371,1.46008,1.46017,6.75,1.50
2011.06.09 11:13:50.816,1.46011,1.46019,1.50,1.88
2011.06.09 11:13:51.268,1.46009,1.46018,1.50,2.25
2011.06.09 11:13:54.244,1.46009,1.46018,1.50,3.00
2011.06.09 11:13:55.675,1.46007,1.46016,3.38,2.25
2011.06.09 11:13:56.778,1.46005,1.46014,2.25,1.50
2011.06.09 11:13:56.896,1.46005,1.46014,2.25,2.85
2011.06.09 11:13:57.887,1.46007,1.46014,1.50,1.13
2011.06.09 11:13:59.425,1.46005,1.46014,1.50,1.88
2011.06.09 11:14:00.086,1.46008,1.46015,1.50,2.63
2011.06.09 11:14:00.196,1.46006,1.46015,2.25,3.60
2011.06.09 11:14:01.295,1.46006,1.46015,1.50,2.85
2011.06.09 11:14:01.846,1.46005,1.46014,2.25,1.50
2011.06.09 11:14:03.274,1.46007,1.46016,2.25,4.88
2011.06.09 11:14:03.825,1.46008,1.46017,2.25,2.10
2011.06.09 11:14:04.814,1.46008,1.46017,1.50,3.23
2011.06.09 11:14:08.765,1.46009,1.46017,1.50,1.50
2011.06.09 11:14:09.208,1.46008,1.46016,1.50,3.60
2011.06.09 11:14:10.316,1.46007,1.46015,1.50,3.00
2011.06.09 11:14:10.426,1.46004,1.46012,6.75,2.85
2011.06.09 11:14:12.965,1.46003,1.46012,2.63,4.35
2011.06.09 11:14:13.659,1.46002,1.4601,1.50,2.85
2011.06.09 11:14:15.424,1.46001,1.4601,2.25,3.60
2011.06.09 11:14:15.974,1.46001,1.46008,2.25,2.10
2011.06.09 11:14:16.195,1.46003,1.46011,1.50,2.85
2011.06.09 11:14:16.305,1.46001,1.46009,2.25,2.85
2011.06.09 11:14:16.421,1.46001,1.46009,2.25,2.85
2011.06.09 11:14:17.305,1.46005,1.46012,1.50,3.68
2011.06.09 11:14:17.636,1.46011,1.46018,1.50,1.50
2011.06.09 11:14:18.197,1.4601,1.46017,1.50,1.50
2011.06.09 11:14:18.754,1.4601,1.46017,1.50,1.50
2011.06.09 11:14:23.546,1.46009,1.46017,1.50,2.25
2011.06.09 11:14:23.767,1.46006,1.46012,3.75,1.50
2011.06.09 11:14:24.214,1.46005,1.46014,2.25,1.50
2011.06.09 11:14:24.764,1.46005,1.46014,1.50,1.88
2011.06.09 11:14:24.988,1.46009,1.46017,1.50,2.93
2011.06.09 11:14:25.104,1.46009,1.46018,2.25,2.25
2011.06.09 11:14:25.653,1.46009,1.46018,2.25,1.50
2011.06.09 11:14:26.313,1.46009,1.46019,3.00,2.63
2011.06.09 11:14:29.165,1.4601,1.46018,1.50,1.50
2011.06.09 11:14:29.944,1.4601,1.46018,1.50,1.50
2011.06.09 11:14:31.484,1.46011,1.46019,1.50,1.88
2011.06.09 11:14:31.712,1.46019,1.46025,2.25,7.28
2011.06.09 11:14:32.048,1.46021,1.46029,1.50,4.50
2011.06.09 11:14:32.171,1.46025,1.46032,2.25,4.50
2011.06.09 11:14:32.505,1.46027,1.46035,2.25,4.50
2011.06.09 11:14:32.834,1.46028,1.4604,1.50,3.60
2011.06.09 11:14:33.390,1.46026,1.46035,1.88,1.35
2011.06.09 11:14:33.727,1.46023,1.46031,4.50,3.60
2011.06.09 11:14:34.223,1.46021,1.46031,1.50,5.85
2011.06.09 11:14:34.774,1.46021,1.4603,1.50,2.25
2011.06.09 11:14:35.324,1.46019,1.46028,2.25,1.35
2011.06.09 11:14:35.875,1.46019,1.46028,2.25,2.10
2011.06.09 11:14:36.424,1.4602,1.46029,2.25,1.88
2011.06.09 11:14:37.966,1.46021,1.4603,2.25,4.73
2011.06.09 11:14:38.298,1.46025,1.46033,2.25,1.50
2011.06.09 11:14:38.637,1.46023,1.4603,1.50,1.50
2011.06.09 11:14:38.759,1.46022,1.46028,1.50,1.50
2011.06.09 11:14:39.287,1.46021,1.46028,1.50,1.50
2011.06.09 11:14:39.408,1.46021,1.46028,2.25,1.50
2011.06.09 11:14:39.746,1.46021,1.46027,1.50,1.35
2011.06.09 11:14:40.410,1.46018,1.46023,1.50,2.85
2011.06.09 11:14:40.651,1.46014,1.46021,1.50,1.50
2011.06.09 11:14:40.766,1.46011,1.4602,3.00,2.25
2011.06.09 11:14:41.325,1.46011,1.46019,2.25,1.35
2011.06.09 11:14:41.874,1.46013,1.4602,1.50,3.38
2011.06.09 11:14:42.096,1.46011,1.46019,2.25,1.35
2011.06.09 11:14:43.315,1.46012,1.4602,1.50,3.38
2011.06.09 11:14:43.645,1.46013,1.46021,1.50,1.35
2011.06.09 11:14:43.757,1.46017,1.46022,1.50,1.50
2011.06.09 11:14:44.095,1.46017,1.46025,1.50,4.43
2011.06.09 11:14:44.659,1.46018,1.46026,1.50,3.60
2011.06.09 11:14:45.218,1.46017,1.46023,1.50,1.50
2011.06.09 11:14:45.666,1.46018,1.46026,1.50,1.50
2011.06.09 11:14:46.213,1.46018,1.46026,1.50,1.50
2011.06.09 11:14:46.802,1.46017,1.46026,2.25,2.10
2011.06.09 11:14:47.794,1.46017,1.46026,2.25,2.10
2011.06.09 11:14:48.344,1.46019,1.46027,1.50,1.50
2011.06.09 11:14:48.896,1.46018,1.46026,1.50,1.50
2011.06.09 11:14:49.018,1.46016,1.46024,4.88,1.50
2011.06.09 11:14:49.685,1.46016,1.46024,1.50,1.50
2011.06.09 11:14:49.907,1.46014,1.46022,1.50,3.60
2011.06.09 11:14:50.493,1.46011,1.46019,1.50,1.50
2011.06.09 11:14:50.826,1.46012,1.46021,1.50,1.50
2011.06.09 11:14:51.274,1.46012,1.46021,1.13,2.25
2011.06.09 11:14:51.388,1.46012,1.4602,1.88,1.50
2011.06.09 11:14:51.949,1.46017,1.46024,4.50,4.28
2011.06.09 11:14:52.180,1.46021,1.46028,4.50,2.85
2011.06.09 11:14:52.412,1.46022,1.46031,2.25,3.60
2011.06.09 11:14:52.965,1.46022,1.46031,2.25,3.23
2011.06.09 11:14:53.515,1.46022,1.4603,1.50,1.50
2011.06.09 11:14:54.174,1.46021,1.4603,2.25,1.50
2011.06.09 11:14:55.933,1.46021,1.4603,2.25,2.25
2011.06.09 11:14:56.814,1.46021,1.46029,1.50,2.25
2011.06.09 11:14:57.254,1.4602,1.46028,1.50,2.25
2011.06.09 11:14:58.024,1.46021,1.46029,1.50,3.23
2011.06.09 11:14:58.246,1.46017,1.46023,2.63,1.50
2011.06.09 11:14:58.356,1.46019,1.46025,1.88,1.50
2011.06.09 11:14:58.480,1.46019,1.46026,3.00,1.43
2011.06.09 11:14:58.815,1.4602,1.46027,1.50,1.13
2011.06.09 11:14:59.385,1.46021,1.46029,1.50,2.63
2011.06.09 11:15:00.377,1.46021,1.46029,2.25,1.88
2011.06.09 11:15:00.938,1.46022,1.46029,1.50,1.13
2011.06.09 11:15:02.046,1.46021,1.46029,1.50,1.88
2011.06.09 11:15:02.593,1.46021,1.4603,1.50,4.13
2011.06.09 11:15:04.137,1.46023,1.46032,1.50,5.63
2011.06.09 11:15:04.864,1.46023,1.46032,1.50,3.00
2011.06.09 11:15:05.427,1.46022,1.46031,1.88,2.25
2011.06.09 11:15:05.984,1.46022,1.46029,1.13,1.50
2011.06.09 11:15:06.436,1.46019,1.46027,3.57,1.43
2011.06.09 11:15:06.984,1.46019,1.46028,2.82,2.18
2011.06.09 11:15:08.194,1.46018,1.46027,1.50,2.18
2011.06.09 11:15:09.406,1.46018,1.46027,2.25,1.50
2011.06.09 11:15:10.824,1.46019,1.46028,1.50,1.50
2011.06.09 11:15:11.380,1.46018,1.46025,5.25,2.25
2011.06.09 11:15:11.499,1.46016,1.46023,1.88,1.50
2011.06.09 11:15:11.616,1.46014,1.46023,1.88,1.50
2011.06.09 11:15:13.267,1.46017,1.46024,3.75,1.50
2011.06.09 11:15:13.717,1.46017,1.46026,2.25,3.38
2011.06.09 11:15:13.946,1.46015,1.46023,4.50,1.35
2011.06.09 11:15:14.277,1.46016,1.46023,5.25,1.50
2011.06.09 11:15:14.615,1.46013,1.46022,1.50,1.50
2011.06.09 11:15:15.002,1.46016,1.46024,1.50,1.50
2011.06.09 11:15:15.339,1.46013,1.46021,2.25,1.50
2011.06.09 11:15:15.461,1.46017,1.46025,2.25,2.93
2011.06.09 11:15:15.798,1.46021,1.4603,2.25,2.25
2011.06.09 11:15:15.917,1.46021,1.4603,2.25,1.50
2011.06.09 11:15:16.915,1.46021,1.4603,1.50,2.93
2011.06.09 11:15:17.685,1.4602,1.46029,1.50,2.07
2011.06.09 11:15:17.797,1.46018,1.46027,3.38,1.50
2011.06.09 11:15:18.133,1.46017,1.46026,2.25,2.18
2011.06.09 11:15:19.455,1.46016,1.46025,1.50,2.93
2011.06.09 11:15:20.853,1.46016,1.46024,1.50,1.50
2011.06.09 11:15:21.404,1.46016,1.46024,1.50,1.50
2011.06.09 11:15:21.953,1.46016,1.46024,1.50,1.50
2011.06.09 11:15:24.086,1.46015,1.46023,1.50,1.35
2011.06.09 11:15:24.634,1.46014,1.46023,2.25,1.35
2011.06.09 11:15:25.296,1.46013,1.4602,1.13,1.35
2011.06.09 11:15:25.625,1.46011,1.46019,2.25,1.50
2011.06.09 11:15:26.175,1.46011,1.46019,2.25,1.43
2011.06.09 11:15:26.505,1.46015,1.4602,1.50,2.25
2011.06.09 11:15:27.497,1.46012,1.4602,1.50,1.50
2011.06.09 11:15:27.726,1.46012,1.4602,1.50,1.50
2011.06.09 11:15:28.275,1.46012,1.46021,2.25,1.88
2011.06.09 11:15:29.375,1.46014,1.46021,2.25,1.13
2011.06.09 11:15:29.706,1.46019,1.46026,1.50,1.81
2011.06.09 11:15:30.257,1.46016,1.46024,4.50,2.10
2011.06.09 11:15:30.487,1.46019,1.46027,2.25,3.00
2011.06.09 11:15:31.925,1.4602,1.46027,1.50,2.63
2011.06.09 11:15:32.039,1.46022,1.4603,1.50,5.18
2011.06.09 11:15:32.157,1.46022,1.4603,1.50,1.50
2011.06.09 11:15:33.411,1.46021,1.46029,2.25,1.43
2011.06.09 11:15:37.547,1.46027,1.46033,1.50,1.50
2011.06.09 11:15:37.777,1.46023,1.4603,1.50,1.50
2011.06.09 11:15:38.775,1.46023,1.46031,1.50,1.50
2011.06.09 11:15:39.766,1.46022,1.4603,1.50,1.50
2011.06.09 11:15:47.325,1.46022,1.4603,1.50,1.50
2011.06.09 11:15:48.534,1.46023,1.46031,1.50,1.50
2011.06.09 11:15:49.305,1.46022,1.46031,1.50,2.18
2011.06.09 11:15:49.964,1.46022,1.4603,1.50,2.25
2011.06.09 11:15:50.740,1.46022,1.46032,1.50,3.91
2011.06.09 11:15:50.976,1.46024,1.46031,3.75,1.50
2011.06.09 11:15:51.096,1.46022,1.46031,2.25,1.50
2011.06.09 11:15:54.506,1.46021,1.4603,2.25,3.68
2011.06.09 11:15:55.065,1.46021,1.4603,2.25,1.50
2011.06.09 11:16:00.335,1.46021,1.4603,2.25,2.18
2011.06.09 11:16:00.884,1.4602,1.46028,1.50,1.43
2011.06.09 11:16:02.314,1.46019,1.46028,2.25,2.18
2011.06.09 11:16:03.085,1.4602,1.46028,1.50,1.50
2011.06.09 11:16:04.185,1.4602,1.46028,1.50,1.50
2011.06.09 11:16:06.226,1.46022,1.46029,1.50,1.88
2011.06.09 11:16:06.565,1.4602,1.46028,1.50,2.93
2011.06.09 11:16:07.116,1.46019,1.46028,2.25,1.50
2011.06.09 11:16:07.674,1.46019,1.46029,3.00,2.85
2011.06.09 11:16:08.225,1.46021,1.4603,2.25,2.63
2011.06.09 11:16:11.305,1.46022,1.46031,3.00,3.38
2011.06.09 11:16:11.854,1.46022,1.46031,2.25,1.50
2011.06.09 11:16:14.035,1.46022,1.4603,1.50,1.50
2011.06.09 11:16:14.584,1.4602,1.46029,1.50,1.50
2011.06.09 11:16:15.134,1.4602,1.46029,3.00,1.50
2011.06.09 11:16:15.685,1.4602,1.46029,1.50,2.78
2011.06.09 11:16:16.234,1.4602,1.46028,1.50,1.50
2011.06.09 11:16:16.784,1.4602,1.46029,3.00,1.50
2011.06.09 11:16:17.445,1.46021,1.46029,1.50,1.50
2011.06.09 11:16:19.755,1.46021,1.4603,3.00,1.88
2011.06.09 11:16:20.305,1.46022,1.4603,2.25,1.13
2011.06.09 11:16:20.854,1.46023,1.46031,1.50,1.50
2011.06.09 11:16:21.404,1.46024,1.46032,1.50,1.88
2011.06.09 11:16:22.135,1.46023,1.46031,1.50,1.50
2011.06.09 11:16:22.684,1.46022,1.4603,1.50,2.93
2011.06.09 11:16:24.774,1.46024,1.4603,1.50,1.50
2011.06.09 11:16:25.215,1.46022,1.46031,2.25,1.50
2011.06.09 11:16:26.206,1.46025,1.46032,1.50,1.50
2011.06.09 11:16:26.537,1.46029,1.46036,1.50,1.13
2011.06.09 11:16:26.767,1.46029,1.46037,2.25,1.50
2011.06.09 11:16:27.325,1.4603,1.46039,1.50,1.50
2011.06.09 11:16:28.477,1.4603,1.4604,2.85,1.50
2011.06.09 11:16:28.594,1.4603,1.46041,2.85,3.38
2011.06.09 11:16:29.806,1.46029,1.4604,7.35,1.50
2011.06.09 11:16:31.464,1.46031,1.4604,1.50,2.93
2011.06.09 11:16:34.545,1.46029,1.46036,1.88,1.35
2011.06.09 11:16:34.656,1.46026,1.46035,3.00,1.50
2011.06.09 11:16:35.205,1.46026,1.46035,1.50,1.50
2011.06.09 11:16:35.754,1.46027,1.46036,1.50,1.50
2011.06.09 11:16:36.525,1.46026,1.46036,2.25,2.10
2011.06.09 11:16:37.074,1.46026,1.46036,1.50,2.85
2011.06.09 11:16:37.186,1.46029,1.46036,1.50,1.50
2011.06.09 11:16:37.406,1.46029,1.46037,1.50,1.13
2011.06.09 11:16:38.506,1.46029,1.46037,1.50,1.13
2011.06.09 11:16:47.665,1.46029,1.46039,2.25,2.93
2011.06.09 11:16:47.777,1.4603,1.46039,1.50,2.18
2011.06.09 11:16:49.988,1.4603,1.46039,2.25,1.50
2011.06.09 11:16:50.218,1.46029,1.46037,1.50,2.93
2011.06.09 11:16:50.337,1.46027,1.46035,2.25,1.50
2011.06.09 11:16:50.566,1.46027,1.46037,8.85,1.50
2011.06.09 11:16:50.676,1.46029,1.46038,2.25,1.88
2011.06.09 11:16:51.224,1.4603,1.46039,2.25,1.50
2011.06.09 11:16:51.775,1.4603,1.46038,1.50,1.50
2011.06.09 11:16:59.046,1.46031,1.46038,1.50,1.50
2011.06.09 11:16:59.594,1.46031,1.46039,1.50,1.50
2011.06.09 11:17:02.234,1.46031,1.4604,1.50,2.25
2011.06.09 11:17:02.785,1.46029,1.46038,1.50,2.25
2011.06.09 11:17:03.336,1.46029,1.46038,1.50,1.50
2011.06.09 11:17:04.654,1.46029,1.46038,2.25,1.50
2011.06.09 11:17:05.646,1.46029,1.46038,2.25,1.50
2011.06.09 11:17:06.194,1.46029,1.46038,2.25,1.50
2011.06.09 11:17:06.744,1.4603,1.46039,1.50,2.25
2011.06.09 11:17:10.923,1.4603,1.46039,1.50,1.50
2011.06.09 11:17:12.024,1.46031,1.46039,1.50,2.25
2011.06.09 11:17:12.574,1.46031,1.46039,2.25,2.25
2011.06.09 11:17:13.124,1.46031,1.4604,2.25,2.25
2011.06.09 11:17:13.708,1.46032,1.4604,1.50,2.25
2011.06.09 11:17:14.913,1.46032,1.4604,1.50,1.50
2011.06.09 11:17:17.476,1.46031,1.4604,2.25,1.50
2011.06.09 11:17:18.027,1.46032,1.4604,2.25,1.50
2011.06.09 11:17:18.479,1.46037,1.46043,1.50,2.25
2011.06.09 11:17:18.717,1.46038,1.46047,2.25,1.88
2011.06.09 11:17:20.044,1.46039,1.46047,1.50,1.50
2011.06.09 11:17:20.783,1.46036,1.46044,2.25,2.25
2011.06.09 11:17:20.905,1.46036,1.46044,2.25,2.10
2011.06.09 11:17:21.125,1.46035,1.46042,1.50,1.50
2011.06.09 11:17:21.236,1.46034,1.46042,3.00,1.50
2011.06.09 11:17:22.336,1.46033,1.46042,2.63,2.25
2011.06.09 11:17:22.447,1.46033,1.46042,2.25,2.25
2011.06.09 11:17:23.006,1.46032,1.4604,1.50,1.50
2011.06.09 11:17:27.104,1.46031,1.46039,2.25,1.50
2011.06.09 11:17:33.845,1.46035,1.46041,1.50,1.43
2011.06.09 11:17:33.956,1.46033,1.46041,1.50,2.18
2011.06.09 11:17:34.066,1.46035,1.46042,1.50,1.50
2011.06.09 11:17:34.177,1.46033,1.46042,3.00,1.50
2011.06.09 11:17:34.408,1.46036,1.46045,2.25,2.25
2011.06.09 11:17:34.970,1.46038,1.46046,2.25,1.35
2011.06.09 11:17:35.088,1.46039,1.46048,1.50,2.25
2011.06.09 11:17:36.195,1.4604,1.46049,2.25,2.10
2011.06.09 11:17:37.187,1.46039,1.46048,2.25,5.03
2011.06.09 11:17:37.624,1.46039,1.46048,3.00,4.35
2011.06.09 11:17:38.175,1.46039,1.46048,3.00,3.60
2011.06.09 11:17:39.734,1.46039,1.46049,3.75,1.50
2011.06.09 11:17:41.165,1.46039,1.46048,2.25,2.10
2011.06.09 11:17:41.497,1.46041,1.46048,1.50,1.43
2011.06.09 11:17:41.620,1.4604,1.46048,1.50,1.50
2011.06.09 11:17:43.495,1.4604,1.46048,2.25,1.50
2011.06.09 11:17:44.265,1.46041,1.46049,1.50,2.18
2011.06.09 11:17:44.377,1.46043,1.4605,1.50,1.50
2011.06.09 11:17:45.046,1.46042,1.4605,1.50,1.50
2011.06.09 11:17:47.304,1.46042,1.4605,1.50,1.50
2011.06.09 11:17:48.076,1.46044,1.46055,1.50,1.50
2011.06.09 11:17:48.626,1.46042,1.46051,1.50,1.50
2011.06.09 11:17:48.955,1.46041,1.46049,1.88,1.50
2011.06.09 11:17:49.489,1.46041,1.4605,2.63,2.25
2011.06.09 11:17:50.285,1.46042,1.4605,1.50,1.50
2011.06.09 11:17:50.615,1.46042,1.4605,1.50,2.25
2011.06.09 11:17:50.945,1.46042,1.4605,2.25,1.50
2011.06.09 11:17:51.496,1.46042,1.46051,2.25,1.50
2011.06.09 11:17:52.044,1.46042,1.46051,1.50,1.50
2011.06.09 11:17:54.796,1.46041,1.4605,2.63,1.50
2011.06.09 11:17:55.344,1.46041,1.46049,1.88,1.50
2011.06.09 11:17:55.675,1.46041,1.46048,1.13,1.50
2011.06.09 11:17:56.224,1.46039,1.46047,1.65,1.50
2011.06.09 11:17:56.884,1.4604,1.46048,1.65,2.25
2011.06.09 11:17:57.433,1.46041,1.46049,1.50,1.50
2011.06.09 11:17:58.645,1.46041,1.46049,1.50,1.50
2011.06.09 11:18:00.184,1.46038,1.46048,2.82,3.60
2011.06.09 11:18:00.517,1.46037,1.46043,1.50,1.50
2011.06.09 11:18:00.747,1.46032,1.46041,2.63,1.50
2011.06.09 11:18:01.735,1.46035,1.46043,1.50,1.50
2011.06.09 11:18:01.848,1.46032,1.46041,2.63,1.50
2011.06.09 11:18:02.408,1.46033,1.46041,1.50,1.35
2011.06.09 11:18:03.297,1.46032,1.46041,1.50,2.10
2011.06.09 11:18:03.626,1.46031,1.4604,2.25,3.68
2011.06.09 11:18:04.177,1.46031,1.46038,1.50,1.50
2011.06.09 11:18:04.844,1.4603,1.46038,1.50,2.25
2011.06.09 11:18:05.725,1.4603,1.46038,1.50,1.50
2011.06.09 11:18:05.945,1.46029,1.46037,2.25,1.50
2011.06.09 11:18:06.276,1.46029,1.46037,1.50,2.25
2011.06.09 11:18:08.927,1.46027,1.46036,2.25,2.25
2011.06.09 11:18:10.478,1.46025,1.46037,2.25,3.60
2011.06.09 11:18:10.926,1.46029,1.46037,1.50,1.50
2011.06.09 11:18:11.036,1.46029,1.46038,1.50,1.50
2011.06.09 11:18:11.585,1.46031,1.46039,2.25,1.50
2011.06.09 11:18:12.134,1.46031,1.4604,1.50,1.50
2011.06.09 11:18:13.563,1.46031,1.4604,2.25,1.50
2011.06.09 11:18:14.225,1.46031,1.4604,2.25,1.50
2011.06.09 11:18:16.840,1.46031,1.4604,2.25,1.50
2011.06.09 11:18:17.396,1.46031,1.4604,2.25,2.25
2011.06.09 11:18:17.724,1.46031,1.4604,2.25,2.25
2011.06.09 11:18:18.494,1.46031,1.4604,2.25,2.25
2011.06.09 11:18:21.064,1.46031,1.4604,3.00,1.50
2011.06.09 11:18:21.394,1.46031,1.4604,3.00,1.50
2011.06.09 11:18:22.385,1.46031,1.46041,3.00,2.25
2011.06.09 11:18:22.934,1.46033,1.46042,1.50,3.00
2011.06.09 11:18:25.135,1.46033,1.46041,1.50,1.50
2011.06.09 11:18:28.154,1.46031,1.4604,1.50,2.25
2011.06.09 11:18:28.594,1.4603,1.46039,2.63,1.50
2011.06.09 11:18:29.254,1.4603,1.46039,1.88,2.25
2011.06.09 11:18:29.803,1.46031,1.4604,1.50,2.25
2011.06.09 11:18:30.904,1.46031,1.4604,1.50,2.25
2011.06.09 11:18:31.675,1.46031,1.46039,1.50,1.50
2011.06.09 11:18:32.884,1.46031,1.46039,1.50,1.50
2011.06.09 11:18:36.884,1.46031,1.46039,1.50,1.50
2011.06.09 11:18:37.434,1.46031,1.4604,1.50,3.00
2011.06.09 11:18:38.027,1.4603,1.46039,1.73,2.25
2011.06.09 11:18:38.585,1.46031,1.4604,1.50,3.00
2011.06.09 11:18:39.404,1.46031,1.4604,1.50,3.00
2011.06.09 11:18:48.245,1.4603,1.46038,1.13,1.50
2011.06.09 11:18:48.857,1.46028,1.46039,2.45,3.00
2011.06.09 11:18:56.313,1.46028,1.46037,2.82,1.50
2011.06.09 11:18:56.866,1.4603,1.4604,1.50,3.75
2011.06.09 11:18:59.268,1.46031,1.4604,1.50,3.00
2011.06.09 11:19:00.374,1.4603,1.4604,1.50,3.00
2011.06.09 11:19:01.644,1.46031,1.4604,1.50,2.85
2011.06.09 11:19:02.964,1.4603,1.4604,1.50,2.10
2011.06.09 11:19:09.665,1.46031,1.4604,1.50,3.00
2011.06.09 11:19:11.685,1.46031,1.4604,1.50,3.00
2011.06.09 11:19:24.275,1.46032,1.46041,1.50,5.63
2011.06.09 11:19:24.605,1.46032,1.46041,1.50,1.88
2011.06.09 11:19:25.156,1.46035,1.46041,1.50,1.13
2011.06.09 11:19:25.709,1.46039,1.46044,1.50,5.25
2011.06.09 11:19:26.047,1.46039,1.46048,2.25,5.25
2011.06.09 11:19:26.602,1.4604,1.46048,1.50,1.50
2011.06.09 11:19:29.904,1.46039,1.46048,2.25,1.50
2011.06.09 11:19:30.455,1.46039,1.46048,2.25,1.50
2011.06.09 11:19:31.004,1.46041,1.46049,1.50,1.50
2011.06.09 11:19:32.766,1.46041,1.4605,2.25,2.18
2011.06.09 11:19:36.604,1.46042,1.4605,1.50,1.50
2011.06.09 11:19:46.056,1.46041,1.4605,1.50,1.50
2011.06.09 11:19:47.424,1.46041,1.46049,1.50,1.50
2011.06.09 11:19:47.975,1.46041,1.4605,2.25,1.50
2011.06.09 11:19:49.075,1.46041,1.46048,1.50,5.25
2011.06.09 11:19:49.296,1.46042,1.4605,1.50,2.63
2011.06.09 11:19:49.844,1.46042,1.4605,1.50,1.50
2011.06.09 11:19:50.397,1.4604,1.4605,1.50,8.10
2011.06.09 11:19:50.945,1.46039,1.46048,2.25,1.50
2011.06.09 11:19:51.935,1.4604,1.4605,2.25,3.00
2011.06.09 11:19:52.266,1.46042,1.4605,1.50,3.00
2011.06.09 11:19:55.018,1.46043,1.46051,3.00,1.13
2011.06.09 11:19:55.357,1.46046,1.46054,1.50,5.25
2011.06.09 11:19:56.023,1.46045,1.46054,2.25,1.50
2011.06.09 11:19:56.577,1.46046,1.46054,1.50,1.50
2011.06.09 11:19:57.244,1.46045,1.46054,2.25,1.50
2011.06.09 11:19:58.845,1.46049,1.46056,1.50,3.98
2011.06.09 11:19:59.066,1.46052,1.4606,1.50,7.81
2011.06.09 11:19:59.616,1.46051,1.4606,1.50,3.38
2011.06.09 11:20:02.363,1.46051,1.46059,1.50,1.50
2011.06.09 11:20:05.114,1.46049,1.46058,2.25,1.50
2011.06.09 11:20:05.228,1.46049,1.46059,3.00,2.25
2011.06.09 11:20:05.565,1.46049,1.46058,3.00,1.50
2011.06.09 11:20:05.677,1.46049,1.46057,1.50,1.50
2011.06.09 11:20:06.225,1.46047,1.46056,3.08,1.50
2011.06.09 11:20:07.565,1.46047,1.46056,3.08,1.50
2011.06.09 11:20:08.115,1.46047,1.46056,3.08,1.50
2011.06.09 11:20:09.656,1.46047,1.46055,2.33,1.50
2011.06.09 11:20:09.770,1.46045,1.46053,2.07,1.50
2011.06.09 11:20:09.892,1.46044,1.4605,1.50,1.50
2011.06.09 11:20:10.007,1.46043,1.4605,1.50,2.25
2011.06.09 11:20:10.555,1.46041,1.46049,1.50,1.50
2011.06.09 11:20:11.788,1.46043,1.46051,1.50,2.25
2011.06.09 11:20:11.907,1.46043,1.46051,1.50,1.50
2011.06.09 11:20:12.464,1.46043,1.46051,1.50,1.50
2011.06.09 11:20:12.913,1.46041,1.46047,1.50,2.10
2011.06.09 11:20:13.028,1.46039,1.46047,2.25,4.50
2011.06.09 11:20:13.695,1.46039,1.46048,2.25,1.50
2011.06.09 11:20:16.004,1.46039,1.46047,1.50,1.50
2011.06.09 11:20:16.446,1.46039,1.46048,1.50,2.25
2011.06.09 11:20:16.995,1.46039,1.46048,1.50,2.25
2011.06.09 11:20:17.546,1.46039,1.46048,1.50,2.25
2011.06.09 11:20:19.537,1.46039,1.46048,1.50,3.00
2011.06.09 11:20:20.865,1.46039,1.46048,1.50,2.25
2011.06.09 11:20:21.413,1.46039,1.46048,1.50,2.25
2011.06.09 11:20:22.327,1.46039,1.46048,2.25,1.50
2011.06.09 11:20:23.869,1.46044,1.46049,1.50,1.50
2011.06.09 11:20:24.095,1.46044,1.46051,1.50,1.13
2011.06.09 11:20:24.644,1.46044,1.46052,1.50,2.25
2011.06.09 11:20:27.284,1.46045,1.46053,2.25,1.13
2011.06.09 11:20:27.835,1.46046,1.46053,1.50,1.13
2011.06.09 11:20:28.495,1.46046,1.46053,1.50,1.13
2011.06.09 11:20:29.094,1.46046,1.46053,1.50,1.13
2011.06.09 11:20:29.846,1.46046,1.46054,2.25,1.88
2011.06.09 11:20:30.394,1.46047,1.46056,1.50,3.38
2011.06.09 11:20:30.615,1.46048,1.46057,1.50,1.50
2011.06.09 11:20:31.276,1.46047,1.46056,3.00,1.50
2011.06.09 11:20:31.825,1.46048,1.46057,2.25,1.50
2011.06.09 11:20:32.375,1.46047,1.46056,2.25,1.50
2011.06.09 11:20:32.925,1.46047,1.46056,2.25,1.50
2011.06.09 11:20:33.368,1.46046,1.46054,1.50,1.50
2011.06.09 11:20:33.717,1.46042,1.46051,2.63,1.50
2011.06.09 11:20:34.385,1.46043,1.46052,1.50,1.50
2011.06.09 11:20:35.024,1.46044,1.46052,1.50,1.50
2011.06.09 11:20:35.576,1.46045,1.46054,2.25,3.38
2011.06.09 11:20:36.124,1.46045,1.46054,2.25,5.25
2011.06.09 11:20:36.676,1.46043,1.46053,3.00,2.25
2011.06.09 11:20:37.776,1.46045,1.46052,1.50,3.75
2011.06.09 11:20:38.107,1.46046,1.46055,1.50,1.88
2011.06.09 11:20:38.545,1.46048,1.46056,2.25,1.50
2011.06.09 11:20:38.769,1.4605,1.46058,1.50,1.88
2011.06.09 11:20:39.325,1.46051,1.4606,2.25,3.38
2011.06.09 11:20:39.875,1.46051,1.46059,1.50,1.50
2011.06.09 11:20:40.425,1.46051,1.4606,2.25,2.63
2011.06.09 11:20:45.176,1.46051,1.46059,1.50,1.50
2011.06.09 11:20:48.256,1.46052,1.4606,1.50,2.63
2011.06.09 11:20:48.915,1.46053,1.46061,2.63,1.50
2011.06.09 11:20:49.464,1.46053,1.46062,2.63,2.25
2011.06.09 11:20:49.985,1.46054,1.46062,1.50,2.25
2011.06.09 11:20:52.298,1.46056,1.46062,1.50,2.25
2011.06.09 11:20:52.527,1.46057,1.46065,1.50,2.25
2011.06.09 11:20:52.979,1.46057,1.46066,3.00,2.25
2011.06.09 11:20:53.535,1.46058,1.46066,2.25,1.50
2011.06.09 11:20:53.977,1.4606,1.4607,1.50,3.00
2011.06.09 11:20:54.315,1.46061,1.4607,3.00,1.50
2011.06.09 11:21:00.855,1.4606,1.4607,1.50,5.03
2011.06.09 11:21:02.946,1.46059,1.46069,4.50,1.50
2011.06.09 11:21:03.945,1.46061,1.4607,1.50,2.25
2011.06.09 11:21:04.497,1.46061,1.4607,1.50,1.50
2011.06.09 11:21:08.236,1.46061,1.4607,1.50,1.50
2011.06.09 11:21:08.786,1.4606,1.46069,1.50,1.50
2011.06.09 11:21:09.775,1.4606,1.4607,1.50,3.00
2011.06.09 11:21:11.978,1.46059,1.46069,4.32,1.50
2011.06.09 11:21:12.320,1.46059,1.46069,2.07,3.68
2011.06.09 11:21:15.188,1.46059,1.46064,1.32,1.50
2011.06.09 11:21:15.420,1.46051,1.4606,3.38,1.50
2011.06.09 11:21:15.760,1.46048,1.46055,2.30,1.50
2011.06.09 11:21:15.880,1.46047,1.46055,2.63,4.28
2011.06.09 11:21:15.997,1.46045,1.46054,2.63,1.50
2011.06.09 11:21:16.107,1.46045,1.46053,1.13,1.50
2011.06.09 11:21:16.564,1.46041,1.4605,2.25,1.50
2011.06.09 11:21:17.237,1.46039,1.46047,2.25,2.03
2011.06.09 11:21:17.587,1.46037,1.46046,1.50,1.50
2011.06.09 11:21:18.145,1.46038,1.46046,1.50,1.50
2011.06.09 11:21:18.695,1.46038,1.46047,2.70,2.48
2011.06.09 11:21:19.025,1.46041,1.46049,1.50,1.50
2011.06.09 11:21:19.136,1.46041,1.4605,2.25,1.50
2011.06.09 11:21:19.468,1.46043,1.46052,3.00,1.88
2011.06.09 11:21:19.805,1.46047,1.46055,1.50,4.73
2011.06.09 11:21:20.026,1.46047,1.46056,2.85,2.25
2011.06.09 11:21:23.406,1.46049,1.46057,1.35,1.13
2011.06.09 11:21:23.517,1.46049,1.46058,2.85,5.25
2011.06.09 11:21:24.396,1.4605,1.46058,2.85,1.65
2011.06.09 11:21:24.506,1.46047,1.46056,2.63,2.40
2011.06.09 11:21:24.947,1.46047,1.46057,3.00,3.68
2011.06.09 11:21:25.167,1.46049,1.46059,2.85,1.88
2011.06.09 11:21:25.387,1.46051,1.4606,2.25,1.50
2011.06.09 11:21:25.497,1.46051,1.46058,1.50,1.50
2011.06.09 11:21:25.718,1.46048,1.46057,1.73,1.50
2011.06.09 11:21:27.326,1.46048,1.46056,2.10,1.50
2011.06.09 11:21:27.990,1.46047,1.46054,1.50,1.50
2011.06.09 11:21:28.518,1.46042,1.4605,4.35,1.50
2011.06.09 11:21:29.586,1.46042,1.4605,4.35,1.50
2011.06.09 11:21:31.785,1.46045,1.46053,2.25,2.25
2011.06.09 11:21:32.007,1.46043,1.46051,1.50,1.50
2011.06.09 11:21:32.117,1.46046,1.46052,2.10,2.25
2011.06.09 11:21:32.349,1.4605,1.46057,2.85,1.88
2011.06.09 11:21:32.687,1.46047,1.46056,3.00,1.50
2011.06.09 11:21:33.237,1.46047,1.46055,1.50,1.50
2011.06.09 11:21:38.316,1.46046,1.46054,1.35,2.25
2011.06.09 11:21:38.755,1.46043,1.46051,3.60,1.50
2011.06.09 11:21:39.305,1.46043,1.46051,3.60,1.50
2011.06.09 11:21:39.855,1.46044,1.46052,4.35,1.50
2011.06.09 11:21:40.404,1.46044,1.46052,3.60,1.50
2011.06.09 11:21:45.875,1.46044,1.46052,2.10,1.50
2011.06.09 11:21:46.754,1.46044,1.46054,5.10,4.88
2011.06.09 11:21:47.636,1.46045,1.46054,1.50,4.88
2011.06.09 11:21:47.855,1.46049,1.46055,1.50,3.75
2011.06.09 11:21:48.076,1.46048,1.46057,4.35,1.88
2011.06.09 11:21:48.516,1.46047,1.46054,1.50,1.50
2011.06.09 11:21:48.629,1.46049,1.46055,3.60,3.75
2011.06.09 11:21:48.855,1.46049,1.46055,5.85,3.75
2011.06.09 11:21:48.966,1.46049,1.46059,5.85,1.50
2011.06.09 11:21:51.170,1.46049,1.46057,3.60,1.50
2011.06.09 11:21:51.518,1.46046,1.46053,1.50,1.50
2011.06.09 11:21:52.075,1.46045,1.46054,2.25,1.88
2011.06.09 11:21:53.064,1.46046,1.46054,2.25,1.13
2011.06.09 11:21:53.615,1.46047,1.46054,1.50,1.13
2011.06.09 11:21:54.165,1.46045,1.46054,2.85,1.88
2011.06.09 11:21:54.715,1.46045,1.46054,2.10,1.88
2011.06.09 11:21:56.696,1.46045,1.46053,1.35,2.25
2011.06.09 11:21:59.206,1.46044,1.46052,2.85,2.25
2011.06.09 11:21:59.315,1.46042,1.46051,1.88,1.50
2011.06.09 11:21:59.648,1.46045,1.46052,1.35,6.68
2011.06.09 11:21:59.878,1.46041,1.4605,3.60,1.50
2011.06.09 11:22:01.760,1.46041,1.4605,3.23,1.50
2011.06.09 11:22:02.102,1.46043,1.46051,2.85,2.63
2011.06.09 11:22:02.443,1.46046,1.4605,2.85,3.75
2011.06.09 11:22:02.668,1.46046,1.46052,2.85,1.88
2011.06.09 11:22:03.213,1.46046,1.46055,2.85,1.50
2011.06.09 11:22:03.545,1.46047,1.46056,4.35,2.25
2011.06.09 11:22:04.098,1.46049,1.46056,6.75,4.10
2011.06.09 11:22:04.220,1.46056,1.46062,3.30,1.50
2011.06.09 11:22:04.338,1.46054,1.46061,1.50,1.50
2011.06.09 11:22:04.675,1.46051,1.46061,5.10,2.63
2011.06.09 11:22:04.898,1.46051,1.46058,1.50,1.50
2011.06.09 11:22:05.456,1.46049,1.46058,5.10,1.88
2011.06.09 11:22:06.995,1.46052,1.46059,2.10,1.88
2011.06.09 11:22:07.107,1.46052,1.4606,2.10,1.50
2011.06.09 11:22:09.266,1.46051,1.4606,4.35,3.00
2011.06.09 11:22:09.814,1.46051,1.4606,4.35,3.00
2011.06.09 11:22:15.678,1.46051,1.4606,4.73,3.00
2011.06.09 11:22:17.555,1.46051,1.4606,5.48,2.25
2011.06.09 11:22:19.095,1.46051,1.4606,3.23,2.25
2011.06.09 11:22:19.645,1.46051,1.4606,3.23,2.25
2011.06.09 11:22:20.194,1.46051,1.46059,2.48,1.50
2011.06.09 11:22:23.815,1.4605,1.46058,4.35,2.18
2011.06.09 11:22:24.365,1.4605,1.46058,3.60,2.18
2011.06.09 11:22:24.806,1.46048,1.46053,1.32,1.50
2011.06.09 11:22:25.028,1.46044,1.4605,1.50,2.25
2011.06.09 11:22:25.476,1.46044,1.46052,3.60,2.25
2011.06.09 11:22:25.808,1.46042,1.4605,1.88,1.50
2011.06.09 11:22:26.036,1.46042,1.4605,1.13,2.25
2011.06.09 11:22:29.699,1.46044,1.46052,1.50,7.13
2011.06.09 11:22:30.041,1.46051,1.46056,2.85,1.50
2011.06.09 11:22:30.156,1.46051,1.46059,3.60,1.50
2011.06.09 11:22:30.707,1.46051,1.46061,2.10,4.43
2011.06.09 11:22:31.474,1.46052,1.46061,1.50,3.00
2011.06.09 11:22:35.678,1.46051,1.46059,2.85,1.50
2011.06.09 11:22:35.796,1.4605,1.46058,2.85,1.50
2011.06.09 11:22:40.745,1.46051,1.4606,2.10,3.00
2011.06.09 11:22:43.755,1.46051,1.46059,2.10,1.50
2011.06.09 11:22:57.864,1.46051,1.4606,1.50,6.00
2011.06.09 11:22:58.198,1.46053,1.46062,2.85,4.43
2011.06.09 11:22:58.316,1.46055,1.46062,2.85,1.50
2011.06.09 11:22:58.426,1.46055,1.46064,4.35,2.63
2011.06.09 11:22:58.972,1.46055,1.46064,4.35,1.50
2011.06.09 11:22:59.318,1.46056,1.46065,4.35,1.50
2011.06.09 11:23:00.317,1.46056,1.46065,2.25,1.50
2011.06.09 11:23:01.087,1.46056,1.46065,1.35,1.50
2011.06.09 11:23:01.634,1.46056,1.46065,2.85,1.50
2011.06.09 11:23:01.966,1.46054,1.46063,5.48,1.50
2011.06.09 11:23:02.518,1.46055,1.46065,3.60,2.25
2011.06.09 11:23:03.397,1.46055,1.46065,2.25,3.00
2011.06.09 11:23:03.618,1.4606,1.46067,4.50,4.50
2011.06.09 11:23:03.738,1.46061,1.46067,2.85,3.75
2011.06.09 11:23:04.076,1.46062,1.46071,3.60,1.50
2011.06.09 11:23:05.286,1.46061,1.46071,3.60,2.25
2011.06.09 11:23:06.138,1.46066,1.46073,1.50,1.50
2011.06.09 11:23:06.471,1.46072,1.4608,3.00,1.88
2011.06.09 11:23:06.710,1.46076,1.46083,1.35,1.50
2011.06.09 11:23:06.829,1.46075,1.46083,1.50,2.25
2011.06.09 11:23:07.386,1.46075,1.46083,1.13,1.50
2011.06.09 11:23:09.405,1.46076,1.46084,1.50,1.50
2011.06.09 11:23:09.955,1.46077,1.46085,1.50,2.25
2011.06.09 11:23:10.837,1.46076,1.46084,1.50,1.35
2011.06.09 11:23:11.718,1.46076,1.46085,2.63,1.50
2011.06.09 11:23:12.284,1.46075,1.46084,3.23,1.50
2011.06.09 11:23:16.476,1.46075,1.46084,2.48,1.50
2011.06.09 11:23:17.025,1.46075,1.46084,2.25,1.50
2011.06.09 11:23:17.576,1.46075,1.46084,2.25,1.50
2011.06.09 11:23:19.480,1.46082,1.46091,1.50,2.51
2011.06.09 11:23:20.042,1.46084,1.46092,2.25,1.50
2011.06.09 11:23:20.168,1.46086,1.46093,1.50,9.11
2011.06.09 11:23:20.402,1.46087,1.46095,2.85,2.25
2011.06.09 11:23:20.855,1.46091,1.461,3.38,2.25
2011.06.09 11:23:21.412,1.46092,1.46101,1.88,1.50
2011.06.09 11:23:21.750,1.46091,1.46099,1.50,1.50
2011.06.09 11:23:22.309,1.46089,1.46098,4.13,1.50
2011.06.09 11:23:22.544,1.46087,1.46094,1.50,1.50
2011.06.09 11:23:23.097,1.46085,1.46092,1.50,1.50
2011.06.09 11:23:23.208,1.46083,1.46092,1.50,2.25
2011.06.09 11:23:23.953,1.46082,1.46091,1.88,1.50
2011.06.09 11:23:24.948,1.46082,1.46091,1.88,1.50
2011.06.09 11:23:25.504,1.46081,1.4609,2.25,1.50
2011.06.09 11:23:27.816,1.46083,1.46092,2.25,3.38
2011.06.09 11:23:28.039,1.46084,1.46093,3.00,1.50
2011.06.09 11:23:28.377,1.46086,1.46095,2.25,1.50
2011.06.09 11:23:29.706,1.46086,1.46096,2.10,4.50
2011.06.09 11:23:30.149,1.46085,1.46094,2.25,2.25
2011.06.09 11:23:30.926,1.46084,1.46093,3.38,2.25
2011.06.09 11:23:31.474,1.46085,1.46093,1.50,2.25
2011.06.09 11:23:32.025,1.46084,1.46093,3.38,2.25
2011.06.09 11:23:32.575,1.46084,1.46093,3.38,2.25
2011.06.09 11:23:33.125,1.46083,1.46092,2.85,1.50
2011.06.09 11:23:35.365,1.46084,1.46094,1.50,5.10
2011.06.09 11:23:35.809,1.46082,1.46089,1.50,1.50
2011.06.09 11:23:36.040,1.46084,1.46091,1.50,4.50
2011.06.09 11:23:36.488,1.46082,1.46091,3.38,1.50
2011.06.09 11:23:38.036,1.46082,1.46091,2.63,2.25
2011.06.09 11:23:38.588,1.46083,1.46091,1.50,1.50
2011.06.09 11:23:39.034,1.46083,1.46091,2.25,1.50
2011.06.09 11:23:39.696,1.46083,1.46091,2.25,1.50
2011.06.09 11:23:40.279,1.46085,1.46093,1.50,4.50
2011.06.09 11:23:41.167,1.46085,1.46093,1.50,2.25
2011.06.09 11:23:41.935,1.46083,1.46093,2.25,3.00
2011.06.09 11:23:42.485,1.46083,1.46091,1.50,1.13
2011.06.09 11:23:44.136,1.46083,1.46092,1.50,2.25
2011.06.09 11:23:45.595,1.46083,1.46092,2.25,1.50
2011.06.09 11:23:45.818,1.46085,1.46094,2.25,1.88
2011.06.09 11:23:46.598,1.46087,1.46095,1.50,1.09
2011.06.09 11:23:46.816,1.46088,1.46096,1.50,1.50
2011.06.09 11:23:48.309,1.46086,1.46096,3.75,1.50
2011.06.09 11:23:48.866,1.46087,1.46096,2.25,1.50
2011.06.09 11:23:49.968,1.46088,1.46096,1.50,1.50
2011.06.09 11:23:50.201,1.4609,1.46097,1.50,1.13
2011.06.09 11:23:50.543,1.46092,1.46097,1.50,1.88
2011.06.09 11:23:50.658,1.46099,1.46103,2.10,3.75
2011.06.09 11:23:50.781,1.46101,1.46107,1.88,2.85
2011.06.09 11:23:51.009,1.46096,1.46103,2.63,5.10
2011.06.09 11:23:51.129,1.46094,1.46102,2.03,1.50
2011.06.09 11:23:51.465,1.46093,1.46102,2.25,1.50
2011.06.09 11:23:52.252,1.46093,1.46102,1.50,3.00
2011.06.09 11:23:54.016,1.46092,1.461,1.50,1.50
2011.06.09 11:23:55.667,1.4609,1.46096,1.35,1.50
2011.06.09 11:23:55.780,1.46091,1.46098,3.00,1.35
2011.06.09 11:23:55.898,1.4609,1.46097,2.10,1.50
2011.06.09 11:23:56.127,1.4609,1.46098,2.25,1.50
2011.06.09 11:23:56.242,1.46096,1.46102,1.50,5.25
2011.06.09 11:23:56.470,1.46102,1.4611,2.25,6.38
2011.06.09 11:23:56.807,1.46102,1.4611,1.50,2.25
2011.06.09 11:23:57.386,1.46101,1.46109,1.50,2.25
2011.06.09 11:23:57.937,1.46101,1.46109,1.50,2.25
2011.06.09 11:23:58.597,1.46101,1.4611,2.25,2.25
2011.06.09 11:23:59.145,1.46103,1.46111,1.50,1.50
2011.06.09 11:24:00.028,1.46105,1.46112,1.50,2.25
2011.06.09 11:24:00.149,1.46103,1.46112,3.00,2.85
2011.06.09 11:24:00.376,1.46103,1.4611,1.50,1.50
2011.06.09 11:24:00.596,1.46104,1.46112,1.50,2.25
2011.06.09 11:24:01.145,1.46104,1.46112,1.50,2.25
2011.06.09 11:24:01.696,1.46103,1.46112,1.50,2.25
2011.06.09 11:24:02.358,1.46103,1.46111,1.50,1.50
2011.06.09 11:24:02.916,1.46102,1.46111,2.25,2.25
2011.06.09 11:24:05.787,1.46104,1.4611,2.25,1.50
2011.06.09 11:24:05.898,1.46103,1.4611,1.50,1.50
2011.06.09 11:24:06.017,1.46103,1.46111,4.50,1.50
2011.06.09 11:24:06.786,1.46103,1.46111,3.75,1.50
2011.06.09 11:24:06.902,1.46106,1.46112,1.50,1.50
2011.06.09 11:24:07.021,1.46108,1.46114,1.50,4.50
2011.06.09 11:24:07.138,1.46109,1.46121,1.50,3.00
2011.06.09 11:24:10.558,1.46109,1.46117,1.50,1.50
2011.06.09 11:24:11.101,1.46107,1.46116,1.50,2.25
2011.06.09 11:24:12.097,1.46107,1.46114,1.50,2.85
2011.06.09 11:24:12.212,1.46104,1.46112,1.88,1.50
2011.06.09 11:24:12.327,1.46103,1.46109,2.25,1.50
2011.06.09 11:24:12.875,1.46101,1.46109,2.25,1.50
2011.06.09 11:24:13.425,1.46101,1.46109,1.50,1.50
2011.06.09 11:24:14.305,1.461,1.46108,2.63,1.50
2011.06.09 11:24:14.856,1.461,1.46108,2.25,2.25
2011.06.09 11:24:15.406,1.461,1.46107,2.25,3.60
2011.06.09 11:24:15.955,1.461,1.46108,1.50,2.25
2011.06.09 11:24:16.863,1.46099,1.46108,2.25,1.50
2011.06.09 11:24:17.418,1.461,1.46108,2.25,1.50
2011.06.09 11:24:17.979,1.461,1.46108,2.25,1.50
2011.06.09 11:24:18.538,1.46101,1.4611,1.50,3.23
2011.06.09 11:24:19.525,1.46101,1.46109,1.50,1.50
2011.06.09 11:24:21.725,1.46101,1.46109,2.25,1.50
2011.06.09 11:24:22.275,1.46099,1.46108,2.25,1.50
2011.06.09 11:24:22.827,1.46099,1.46108,1.50,2.85
2011.06.09 11:24:23.155,1.46099,1.46107,1.50,2.25
2011.06.09 11:24:23.798,1.46099,1.46107,1.50,2.25
2011.06.09 11:24:24.345,1.46098,1.46107,2.25,2.25
2011.06.09 11:24:26.216,1.46098,1.46106,1.50,1.50
2011.06.09 11:24:26.548,1.46096,1.46106,1.50,2.10
2011.06.09 11:24:26.667,1.46095,1.46104,1.50,1.50
2011.06.09 11:24:28.315,1.4609,1.46098,1.50,1.50
2011.06.09 11:24:28.645,1.46088,1.46096,1.13,1.50
2011.06.09 11:24:31.265,1.46084,1.46093,6.95,1.50
2011.06.09 11:24:32.586,1.46085,1.46095,3.75,2.18
2011.06.09 11:24:33.139,1.46089,1.46097,1.50,4.50
2011.06.09 11:24:33.592,1.46095,1.461,1.50,2.18
2011.06.09 11:24:33.930,1.46099,1.46105,1.50,3.38
2011.06.09 11:24:34.158,1.46099,1.46108,1.50,2.10
2011.06.09 11:24:34.280,1.46098,1.46106,1.50,1.50
2011.06.09 11:24:34.398,1.46095,1.46103,1.88,1.50
2011.06.09 11:24:35.397,1.46095,1.46104,1.50,2.10
2011.06.09 11:24:36.417,1.46095,1.46104,1.50,2.25
2011.06.09 11:24:36.530,1.46097,1.46105,2.25,2.25
2011.06.09 11:24:36.649,1.46095,1.46104,2.25,1.50
2011.06.09 11:24:37.206,1.46093,1.46103,3.00,1.50
2011.06.09 11:24:37.317,1.46095,1.46104,2.25,2.25
2011.06.09 11:24:37.428,1.46096,1.46104,1.50,1.50
2011.06.09 11:24:37.768,1.46094,1.46103,1.50,1.50
2011.06.09 11:24:37.887,1.46093,1.46102,1.50,1.50
2011.06.09 11:24:37.997,1.46096,1.46103,1.50,1.50
2011.06.09 11:24:38.108,1.46093,1.46102,4.13,2.25
2011.06.09 11:24:38.336,1.46093,1.46102,3.75,2.10
2011.06.09 11:24:38.447,1.46096,1.46104,1.50,5.25
2011.06.09 11:24:39.095,1.46097,1.46106,1.50,1.50
2011.06.09 11:24:39.759,1.46098,1.46107,2.25,1.35
2011.06.09 11:24:39.881,1.46099,1.46108,2.25,2.25
2011.06.09 11:24:40.108,1.46098,1.46107,1.50,1.50
2011.06.09 11:24:40.622,1.461,1.46108,1.50,2.25
2011.06.09 11:24:41.726,1.46101,1.46109,1.50,2.25
2011.06.09 11:24:42.276,1.46099,1.46108,3.00,1.50
2011.06.09 11:24:42.606,1.46097,1.46106,2.48,2.51
2011.06.09 11:24:42.719,1.46097,1.46101,1.88,1.50
2011.06.09 11:24:42.838,1.46095,1.46102,1.88,2.10
2011.06.09 11:24:43.055,1.46093,1.46102,2.63,2.10
2011.06.09 11:24:43.276,1.46093,1.46102,1.88,2.25
2011.06.09 11:24:43.498,1.46095,1.46103,1.50,2.85
2011.06.09 11:24:44.497,1.46093,1.46102,2.63,1.50
2011.06.09 11:24:44.936,1.46094,1.46101,1.50,1.50
2011.06.09 11:24:45.048,1.46093,1.46101,1.13,2.25
2011.06.09 11:24:45.269,1.46092,1.461,1.32,1.50
2011.06.09 11:24:45.609,1.46089,1.46097,1.50,2.25
2011.06.09 11:24:46.170,1.46088,1.46096,1.13,1.50
2011.06.09 11:24:46.837,1.46086,1.46096,2.25,2.25
2011.06.09 11:24:47.280,1.46084,1.46094,1.50,2.25
2011.06.09 11:24:48.176,1.46083,1.46092,1.50,2.25
2011.06.09 11:24:52.291,1.46084,1.46093,1.50,2.85
2011.06.09 11:24:52.846,1.46083,1.46093,3.00,2.25
2011.06.09 11:24:53.949,1.46083,1.46092,2.25,1.50
2011.06.09 11:24:54.396,1.46081,1.4609,2.63,1.50
2011.06.09 11:24:57.255,1.46081,1.4609,1.50,1.50
2011.06.09 11:24:57.586,1.46081,1.46091,2.25,3.00
2011.06.09 11:24:58.135,1.46085,1.46091,1.50,1.50
2011.06.09 11:24:58.470,1.46089,1.46097,1.50,1.50
2011.06.09 11:24:59.086,1.46089,1.46098,1.50,2.25
2011.06.09 11:25:01.178,1.46089,1.46098,1.50,2.25
2011.06.09 11:25:01.626,1.46087,1.46096,1.13,1.50
2011.06.09 11:25:01.956,1.46085,1.46095,2.25,2.10
2011.06.09 11:25:02.179,1.46084,1.46092,1.70,1.50
2011.06.09 11:25:02.299,1.46083,1.46092,2.25,1.50
2011.06.09 11:25:02.747,1.46082,1.46091,1.88,1.50
2011.06.09 11:25:04.176,1.46081,1.4609,1.50,2.25
2011.06.09 11:25:08.476,1.46081,1.4609,1.50,1.50
2011.06.09 11:25:10.565,1.46082,1.46091,2.25,1.50
2011.06.09 11:25:12.996,1.46082,1.4609,1.50,1.50
2011.06.09 11:25:13.766,1.46081,1.4609,2.25,1.50
2011.06.09 11:25:14.315,1.46081,1.4609,2.25,1.50
2011.06.09 11:25:14.976,1.46081,1.4609,1.50,3.00
2011.06.09 11:25:16.515,1.46081,1.4609,2.25,2.25
2011.06.09 11:25:17.065,1.46081,1.46089,1.50,1.50
2011.06.09 11:25:18.439,1.46079,1.46087,1.50,1.50
2011.06.09 11:25:18.887,1.46079,1.46088,2.25,2.25
2011.06.09 11:25:19.985,1.46081,1.46089,1.50,1.50
2011.06.09 11:25:20.538,1.46081,1.46089,2.25,1.50
2011.06.09 11:25:21.645,1.46081,1.4609,2.25,2.63
2011.06.09 11:25:22.196,1.46082,1.4609,1.13,1.88
2011.06.09 11:25:22.417,1.4608,1.46085,1.13,2.10
2011.06.09 11:25:22.748,1.46075,1.4608,1.32,1.50
2011.06.09 11:25:22.984,1.4607,1.46075,1.50,2.10
2011.06.09 11:25:23.524,1.46067,1.46071,1.50,2.85
2011.06.09 11:25:23.988,1.46066,1.46073,1.50,1.50
2011.06.09 11:25:24.109,1.46066,1.46074,2.25,1.13
2011.06.09 11:25:24.667,1.46068,1.46076,1.50,1.50
2011.06.09 11:25:24.775,1.46068,1.46077,1.50,1.13
2011.06.09 11:25:25.658,1.46066,1.46074,2.10,4.50
2011.06.09 11:25:25.768,1.46064,1.46074,1.88,6.00
2011.06.09 11:25:26.217,1.46063,1.46071,1.50,1.50
2011.06.09 11:25:26.766,1.46061,1.4607,2.25,1.50
2011.06.09 11:25:27.317,1.4606,1.4607,2.25,3.00
2011.06.09 11:25:27.903,1.4606,1.4607,2.85,1.50
2011.06.09 11:25:33.076,1.46062,1.46066,2.25,3.75
2011.06.09 11:25:33.735,1.46062,1.46068,2.25,3.75
2011.06.09 11:25:33.847,1.46062,1.46071,2.25,2.25
2011.06.09 11:25:34.617,1.46062,1.46071,2.25,1.50
2011.06.09 11:25:34.727,1.46061,1.46065,2.25,3.75
2011.06.09 11:25:34.837,1.46061,1.46071,7.47,1.50
2011.06.09 11:25:35.402,1.46061,1.46071,4.50,2.25
2011.06.09 11:25:37.054,1.46062,1.46071,1.50,2.25
2011.06.09 11:25:37.384,1.46062,1.46068,1.50,3.75
2011.06.09 11:25:38.265,1.46062,1.46071,1.50,1.50
2011.06.09 11:25:43.459,1.46066,1.46072,1.50,2.63
2011.06.09 11:25:43.909,1.4607,1.46078,1.50,2.25
2011.06.09 11:25:45.156,1.46069,1.46078,2.25,2.25
2011.06.09 11:25:46.038,1.4607,1.46078,1.50,2.25
2011.06.09 11:25:46.899,1.4607,1.46078,1.50,2.25
2011.06.09 11:25:48.445,1.46069,1.46077,1.50,1.50
2011.06.09 11:25:50.535,1.46069,1.46077,1.50,1.50
2011.06.09 11:25:51.637,1.46068,1.46076,1.50,2.10
2011.06.09 11:25:51.752,1.46065,1.46074,3.00,2.25
2011.06.09 11:25:51.870,1.46065,1.46074,1.50,8.25
2011.06.09 11:25:52.098,1.46062,1.46072,3.00,1.13
2011.06.09 11:25:53.261,1.46061,1.46071,2.25,1.50
2011.06.09 11:26:00.217,1.46059,1.46065,2.48,1.50
2011.06.09 11:26:00.328,1.46061,1.46066,1.50,2.10
2011.06.09 11:26:00.557,1.46061,1.46069,2.25,2.25
2011.06.09 11:26:01.105,1.46059,1.4607,2.25,2.25
2011.06.09 11:26:01.656,1.4606,1.4607,4.50,1.50
2011.06.09 11:26:04.975,1.4606,1.46068,1.50,1.50
2011.06.09 11:26:05.661,1.4606,1.46069,3.00,2.25
2011.06.09 11:26:06.215,1.46061,1.4607,3.00,2.25
2011.06.09 11:26:06.764,1.46062,1.46071,3.00,2.25
2011.06.09 11:26:07.316,1.46064,1.46071,1.50,1.50
2011.06.09 11:26:07.865,1.46064,1.46073,2.25,1.50
2011.06.09 11:26:08.197,1.46066,1.46074,2.25,1.50
2011.06.09 11:26:08.749,1.46073,1.46081,1.50,1.50
2011.06.09 11:26:08.868,1.46075,1.46082,2.25,1.50
2011.06.09 11:26:09.428,1.46073,1.46082,3.00,1.50
2011.06.09 11:26:09.547,1.46073,1.46082,1.50,2.25
2011.06.09 11:26:10.100,1.46071,1.4608,1.50,1.50
2011.06.09 11:26:15.948,1.46073,1.46081,1.50,1.50
2011.06.09 11:26:16.297,1.46075,1.46083,3.00,5.25
2011.06.09 11:26:16.914,1.46075,1.46083,1.50,2.25
2011.06.09 11:26:18.128,1.46077,1.46085,2.85,2.63
2011.06.09 11:26:18.468,1.46072,1.46082,1.50,7.50
2011.06.09 11:26:18.588,1.46073,1.46082,2.25,5.25
2011.06.09 11:26:18.708,1.46074,1.46083,3.00,3.38
2011.06.09 11:26:19.268,1.46075,1.46084,2.25,4.50
2011.06.09 11:26:19.817,1.46075,1.46085,3.00,1.50
2011.06.09 11:26:20.365,1.46075,1.46086,2.25,2.63
2011.06.09 11:26:20.917,1.46075,1.46085,1.50,1.35
2011.06.09 11:26:21.487,1.46073,1.46085,2.25,2.85
2011.06.09 11:26:22.035,1.46073,1.46084,1.50,6.00
2011.06.09 11:26:23.436,1.46076,1.46083,1.50,1.50
2011.06.09 11:26:23.665,1.46076,1.46084,2.25,1.50
2011.06.09 11:26:24.216,1.46076,1.46086,3.00,3.23
2011.06.09 11:26:26.128,1.46075,1.46083,1.50,1.50
2011.06.09 11:26:30.430,1.46072,1.4608,3.23,1.50
2011.06.09 11:26:32.460,1.4607,1.46081,2.25,2.25
2011.06.09 11:26:35.985,1.4607,1.4608,3.00,2.10
2011.06.09 11:26:38.955,1.4607,1.46081,2.25,4.35
2011.06.09 11:26:39.505,1.4607,1.46081,1.50,4.35
2011.06.09 11:26:40.341,1.4607,1.46079,2.25,1.50
2011.06.09 11:26:40.906,1.46071,1.4608,1.50,1.50
2011.06.09 11:26:46.455,1.4607,1.4608,2.25,3.00
2011.06.09 11:26:47.007,1.4607,1.4608,1.50,1.50
2011.06.09 11:26:47.558,1.4607,1.46079,1.50,2.85
2011.06.09 11:26:47.679,1.46071,1.46079,1.50,2.25
2011.06.09 11:26:48.018,1.46069,1.46079,1.32,8.03
2011.06.09 11:26:48.128,1.46069,1.46079,1.32,7.28
2011.06.09 11:26:48.467,1.46069,1.46079,2.10,6.00
2011.06.09 11:26:48.577,1.46071,1.46079,1.50,6.00
2011.06.09 11:26:49.126,1.46069,1.46079,3.00,3.00
2011.06.09 11:26:49.668,1.4607,1.46079,1.50,1.50
2011.06.09 11:26:49.900,1.46072,1.4608,1.50,4.88
2011.06.09 11:26:50.241,1.46074,1.46081,3.60,1.50
2011.06.09 11:26:50.358,1.46076,1.46084,1.50,7.13
2011.06.09 11:26:50.589,1.46076,1.46085,2.25,1.50
2011.06.09 11:26:51.147,1.46079,1.46088,1.50,2.25
2011.06.09 11:26:51.807,1.46078,1.46086,1.50,1.50
2011.06.09 11:26:52.249,1.4608,1.46089,1.50,1.88
2011.06.09 11:26:52.370,1.46082,1.4609,1.50,1.50
2011.06.09 11:26:52.775,1.46082,1.46091,1.50,2.25
2011.06.09 11:26:53.675,1.4608,1.46089,1.50,2.25
2011.06.09 11:26:53.898,1.46079,1.46087,2.25,1.50
2011.06.09 11:26:54.677,1.46078,1.46086,1.28,1.50
2011.06.09 11:26:55.225,1.46079,1.46088,1.50,2.25
2011.06.09 11:26:57.666,1.46077,1.46085,2.10,1.50
2011.06.09 11:26:57.997,1.46081,1.4609,2.18,2.25
2011.06.09 11:26:58.547,1.46081,1.46091,1.43,6.75
2011.06.09 11:26:59.073,1.46079,1.4609,1.43,4.35
2011.06.09 11:27:00.288,1.46079,1.46088,1.43,1.35
2011.06.09 11:27:01.028,1.46075,1.46084,1.43,1.50
2011.06.09 11:27:01.367,1.46075,1.46084,2.18,1.50
2011.06.09 11:27:01.699,1.46077,1.46085,1.43,1.50
2011.06.09 11:27:02.805,1.46077,1.46086,1.43,3.00
2011.06.09 11:27:03.906,1.46077,1.46086,1.43,3.00
2011.06.09 11:27:04.457,1.46079,1.46087,1.43,1.50
2011.06.09 11:27:05.006,1.46079,1.46087,1.43,1.50
2011.06.09 11:27:05.556,1.46079,1.46087,1.43,1.50
2011.06.09 11:27:06.106,1.46079,1.46087,1.43,1.50
2011.06.09 11:27:06.548,1.46077,1.46084,1.35,1.50
2011.06.09 11:27:06.668,1.46076,1.46084,1.88,2.25
2011.06.09 11:27:07.227,1.46077,1.46085,1.43,2.25
2011.06.09 11:27:09.085,1.46077,1.46086,1.50,3.00
2011.06.09 11:27:10.408,1.46077,1.46085,1.50,2.25
2011.06.09 11:27:11.288,1.46075,1.46083,1.50,2.25
2011.06.09 11:27:11.847,1.46073,1.46082,3.00,2.25
2011.06.09 11:27:12.507,1.46073,1.46082,1.50,3.00
2011.06.09 11:27:15.595,1.46073,1.46082,1.50,3.00
2011.06.09 11:27:19.987,1.46072,1.46081,1.50,1.50
2011.06.09 11:27:20.649,1.46073,1.46082,1.50,3.75
2011.06.09 11:27:20.766,1.46073,1.46082,1.50,3.00
2011.06.09 11:27:21.096,1.46072,1.46082,1.50,3.00
2011.06.09 11:27:22.635,1.46074,1.46082,4.50,3.00
2011.06.09 11:27:22.970,1.46075,1.46084,2.25,2.25
2011.06.09 11:27:23.090,1.46075,1.46082,2.25,1.50
2011.06.09 11:27:24.176,1.46078,1.46086,1.50,1.88
2011.06.09 11:27:24.728,1.46075,1.46084,2.63,1.50
2011.06.09 11:27:25.276,1.46076,1.46085,1.50,2.25
2011.06.09 11:27:26.487,1.46077,1.46086,2.25,1.50
2011.06.09 11:27:26.598,1.46078,1.46087,1.50,2.25
2011.06.09 11:27:27.147,1.46079,1.46088,1.50,3.00
2011.06.09 11:27:27.696,1.46081,1.4609,3.00,1.50
2011.06.09 11:27:27.810,1.46082,1.46091,2.25,1.88
2011.06.09 11:27:28.041,1.4609,1.46096,1.35,4.50
2011.06.09 11:27:28.379,1.46089,1.46098,1.50,6.00
2011.06.09 11:27:30.448,1.46089,1.46098,2.10,2.25
2011.06.09 11:27:30.560,1.46086,1.46095,1.50,1.50
2011.06.09 11:27:30.679,1.46087,1.46096,1.50,3.00
2011.06.09 11:27:31.128,1.46088,1.46097,2.10,1.50
2011.06.09 11:27:31.568,1.46091,1.461,2.25,4.13
2011.06.09 11:27:32.126,1.46091,1.461,1.50,1.50
2011.06.09 11:27:32.677,1.46091,1.461,2.25,1.50
2011.06.09 11:27:33.118,1.46093,1.46101,1.50,1.50
2011.06.09 11:27:34.029,1.46093,1.46102,3.00,1.13
2011.06.09 11:27:34.155,1.46095,1.46103,1.50,1.13
2011.06.09 11:27:34.719,1.46095,1.46103,2.25,1.13
2011.06.09 11:27:35.277,1.46095,1.46104,3.00,2.25
2011.06.09 11:27:36.486,1.46095,1.46103,2.25,1.13
2011.06.09 11:27:36.818,1.46093,1.46101,2.25,2.10
2011.06.09 11:27:36.939,1.46091,1.46099,1.50,1.50
2011.06.09 11:27:37.496,1.46089,1.46099,3.00,2.25
2011.06.09 11:27:38.140,1.46089,1.46099,3.75,1.50
2011.06.09 11:27:38.697,1.4609,1.461,1.50,3.00
2011.06.09 11:27:38.807,1.46091,1.461,1.50,2.25
2011.06.09 11:27:39.357,1.46093,1.46101,1.50,1.13
2011.06.09 11:27:40.346,1.46093,1.46102,1.50,1.88
2011.06.09 11:27:40.567,1.46094,1.46102,1.50,1.13
2011.06.09 11:27:40.787,1.46094,1.46102,1.50,1.13
2011.06.09 11:27:41.336,1.46094,1.46102,1.50,1.13
2011.06.09 11:27:41.885,1.46093,1.46102,1.50,1.13
2011.06.09 11:27:42.436,1.46093,1.46102,1.50,1.13
2011.06.09 11:27:45.482,1.46091,1.46101,2.85,4.01
2011.06.09 11:27:45.715,1.46091,1.46101,3.00,1.50
2011.06.09 11:27:46.049,1.4609,1.46099,2.63,1.50
2011.06.09 11:27:46.606,1.46091,1.461,2.25,1.50
2011.06.09 11:27:47.486,1.4609,1.461,3.23,3.00
2011.06.09 11:27:48.036,1.46091,1.461,2.25,1.50
2011.06.09 11:27:49.576,1.46091,1.461,1.50,1.50
2011.06.09 11:27:50.125,1.4609,1.46099,1.50,2.25
2011.06.09 11:27:51.337,1.46087,1.46095,2.25,1.50
2011.06.09 11:27:51.446,1.46085,1.46094,7.32,1.50
2011.06.09 11:27:51.996,1.46085,1.46094,6.00,1.50
2011.06.09 11:27:52.217,1.46087,1.46099,2.25,1.50
2011.06.09 11:27:53.377,1.46086,1.46096,2.25,3.00
2011.06.09 11:27:53.487,1.46085,1.46095,3.60,1.50
2011.06.09 11:27:54.146,1.46085,1.46095,2.10,3.00
2011.06.09 11:27:54.698,1.46084,1.46093,5.63,1.50
2011.06.09 11:27:54.816,1.46084,1.46092,4.88,1.50
2011.06.09 11:27:55.586,1.46084,1.46092,1.50,1.50
2011.06.09 11:27:57.565,1.46083,1.46092,2.25,2.25
2011.06.09 11:27:58.005,1.46084,1.46092,1.50,1.50
2011.06.09 11:27:58.229,1.4609,1.46097,1.35,1.13
2011.06.09 11:27:58.787,1.46089,1.46096,4.50,3.00
2011.06.09 11:27:59.228,1.46085,1.46095,2.25,1.50
2011.06.09 11:28:00.328,1.46086,1.46095,2.25,1.50
2011.06.09 11:28:00.768,1.46087,1.46097,2.25,2.63
2011.06.09 11:28:01.316,1.46087,1.46096,3.00,1.50
2011.06.09 11:28:03.189,1.46088,1.46097,1.50,1.50
2011.06.09 11:28:03.745,1.46089,1.46098,1.50,3.00
2011.06.09 11:28:09.197,1.46089,1.46099,1.50,3.75
2011.06.09 11:28:09.527,1.46091,1.461,2.25,1.50
2011.06.09 11:28:09.858,1.46092,1.46101,1.50,1.88
2011.06.09 11:28:10.409,1.46093,1.46102,2.25,1.50
2011.06.09 11:28:10.527,1.46097,1.46104,1.50,1.50
2011.06.09 11:28:10.637,1.46097,1.46105,1.50,2.25
2011.06.09 11:28:11.185,1.46097,1.46107,2.25,1.50
2011.06.09 11:28:12.618,1.46097,1.46105,1.50,2.25
2011.06.09 11:28:13.165,1.46096,1.46104,1.50,1.50
2011.06.09 11:28:14.595,1.46096,1.46105,1.50,1.50
2011.06.09 11:28:15.145,1.46095,1.46105,3.00,1.50
2011.06.09 11:28:16.041,1.46092,1.46101,3.38,1.50
2011.06.09 11:28:16.159,1.46091,1.46099,3.38,1.50
2011.06.09 11:28:16.715,1.46091,1.461,3.00,1.50
2011.06.09 11:28:18.653,1.46091,1.461,2.25,1.50
2011.06.09 11:28:21.976,1.46091,1.461,2.25,3.60
2011.06.09 11:28:22.305,1.46089,1.46098,2.25,1.50
2011.06.09 11:28:23.627,1.46089,1.46097,1.50,2.25
2011.06.09 11:28:24.177,1.46088,1.46097,2.85,1.50
2011.06.09 11:28:24.730,1.46086,1.46094,1.88,1.50
2011.06.09 11:28:25.172,1.46085,1.46094,2.25,1.50
2011.06.09 11:28:26.277,1.46085,1.46094,2.25,1.50
2011.06.09 11:28:26.607,1.46088,1.46096,2.25,1.88
2011.06.09 11:28:27.266,1.46088,1.46096,2.25,1.13
2011.06.09 11:28:29.248,1.4609,1.46098,3.00,2.25
2011.06.09 11:28:29.577,1.4609,1.46099,1.50,2.25
2011.06.09 11:28:30.128,1.46095,1.46103,6.00,1.50
2011.06.09 11:28:30.542,1.46094,1.46103,6.38,1.50
2011.06.09 11:28:30.767,1.46095,1.46104,1.50,1.35
2011.06.09 11:28:31.098,1.46098,1.46106,2.25,1.13
2011.06.09 11:28:33.309,1.461,1.46109,2.25,2.63
2011.06.09 11:28:33.866,1.46101,1.4611,1.50,3.38
2011.06.09 11:28:34.418,1.461,1.46109,1.50,2.85
2011.06.09 11:28:34.647,1.46099,1.46108,2.25,1.50
2011.06.09 11:28:36.793,1.46097,1.46106,3.75,1.50
2011.06.09 11:28:36.917,1.46094,1.46102,1.50,3.00
2011.06.09 11:28:37.468,1.46091,1.46101,3.00,2.85
2011.06.09 11:28:37.582,1.46091,1.46101,3.75,3.60
2011.06.09 11:28:39.127,1.46091,1.461,2.25,2.10
2011.06.09 11:28:39.675,1.46091,1.461,2.25,1.50
2011.06.09 11:28:40.318,1.46092,1.46101,1.50,2.25
2011.06.09 11:28:40.987,1.46094,1.46102,1.35,1.88
2011.06.09 11:28:41.210,1.46095,1.46104,1.50,5.25
2011.06.09 11:28:41.660,1.46094,1.46104,3.60,2.25
2011.06.09 11:28:41.889,1.46095,1.46104,1.50,1.50
2011.06.09 11:28:42.752,1.46097,1.46105,1.50,1.50
2011.06.09 11:28:43.202,1.46099,1.46107,1.50,1.13
2011.06.09 11:28:43.756,1.461,1.46109,1.50,1.13
2011.06.09 11:28:44.309,1.46101,1.4611,1.50,4.13
2011.06.09 11:28:44.647,1.46102,1.46111,1.50,2.25
2011.06.09 11:28:45.196,1.46101,1.4611,2.25,1.50
2011.06.09 11:28:48.527,1.46101,1.4611,1.50,2.25
2011.06.09 11:28:49.955,1.46101,1.4611,1.50,1.50
2011.06.09 11:28:50.787,1.46102,1.4611,1.50,2.25
2011.06.09 11:28:51.337,1.46102,1.4611,1.50,2.25
2011.06.09 11:28:59.478,1.46101,1.4611,1.50,1.50
2011.06.09 11:28:59.808,1.46099,1.46106,1.50,1.50
2011.06.09 11:28:59.918,1.46097,1.46105,4.50,1.50
2011.06.09 11:29:00.149,1.46095,1.46104,2.25,1.50
2011.06.09 11:29:00.490,1.46094,1.46102,2.25,1.50
2011.06.09 11:29:00.938,1.46092,1.461,1.50,3.00
2011.06.09 11:29:01.167,1.4609,1.461,1.50,10.28
2011.06.09 11:29:01.716,1.4609,1.461,3.00,6.60
2011.06.09 11:29:04.036,1.4609,1.46098,3.00,1.50
2011.06.09 11:29:04.680,1.46087,1.46096,1.50,2.25
2011.06.09 11:29:06.126,1.46086,1.46096,3.00,2.51
2011.06.09 11:29:06.797,1.46091,1.46099,2.25,1.13
2011.06.09 11:29:07.790,1.46091,1.46099,1.50,1.13
2011.06.09 11:29:08.346,1.4609,1.46099,2.25,1.13
2011.06.09 11:29:15.469,1.4609,1.46098,1.50,2.85
2011.06.09 11:29:15.588,1.46088,1.46098,3.00,2.85
2011.06.09 11:29:16.136,1.46089,1.46098,1.50,2.85
2011.06.09 11:29:18.208,1.46089,1.46098,2.25,1.50
2011.06.09 11:29:20.076,1.46089,1.46098,2.25,2.10
2011.06.09 11:29:20.626,1.46089,1.46098,2.25,1.50
2011.06.09 11:29:22.386,1.46089,1.46097,1.50,1.50
2011.06.09 11:29:22.608,1.46088,1.46094,1.50,2.10
2011.06.09 11:29:22.719,1.46086,1.46094,1.50,1.50
2011.06.09 11:29:23.276,1.46085,1.46093,3.00,1.50
2011.06.09 11:29:24.399,1.46084,1.46092,1.50,1.50
2011.06.09 11:29:25.069,1.46085,1.46095,2.25,2.18
2011.06.09 11:29:25.296,1.46086,1.46095,2.25,1.50
2011.06.09 11:29:30.137,1.46086,1.46096,3.00,3.23
2011.06.09 11:29:30.251,1.46088,1.46096,2.25,1.13
2011.06.09 11:29:32.328,1.46088,1.46096,3.00,1.13
2011.06.09 11:29:32.998,1.46088,1.46095,1.50,2.25
2011.06.09 11:29:33.109,1.46089,1.46095,2.25,1.50
2011.06.09 11:29:33.230,1.46089,1.46097,2.25,5.93
2011.06.09 11:29:33.566,1.46089,1.46098,2.25,1.88
2011.06.09 11:29:35.566,1.46089,1.46097,2.25,1.50
2011.06.09 11:29:36.010,1.46087,1.46094,1.50,1.50
2011.06.09 11:29:36.753,1.46086,1.46094,2.25,1.50
2011.06.09 11:29:37.858,1.46083,1.46091,3.75,1.50
2011.06.09 11:29:38.186,1.46084,1.46091,1.50,1.50
2011.06.09 11:29:38.850,1.46086,1.46092,2.10,1.50
2011.06.09 11:29:38.969,1.46085,1.4609,5.25,1.50
2011.06.09 11:29:39.087,1.46082,1.46092,2.63,5.41
2011.06.09 11:29:39.198,1.46084,1.46092,1.50,2.93
2011.06.09 11:29:39.306,1.46084,1.46092,2.25,2.93
2011.06.09 11:29:40.077,1.46084,1.46092,2.25,1.50
2011.06.09 11:29:40.296,1.46082,1.4609,2.25,1.50
2011.06.09 11:29:41.726,1.46082,1.4609,2.25,1.50
2011.06.09 11:29:42.386,1.46082,1.4609,1.50,1.50
2011.06.09 11:29:43.679,1.46082,1.4609,1.50,1.50
2011.06.09 11:29:44.566,1.46082,1.4609,1.50,1.50
2011.06.09 11:29:50.556,1.46081,1.46089,1.50,1.50
2011.06.09 11:29:51.106,1.46081,1.46089,1.50,1.50
2011.06.09 11:29:51.655,1.46081,1.46089,1.50,1.50
2011.06.09 11:29:52.231,1.46081,1.46089,1.50,2.18
2011.06.09 11:29:55.320,1.46079,1.46083,2.82,1.50
2011.06.09 11:29:55.440,1.46077,1.46083,2.25,1.50
2011.06.09 11:29:55.559,1.46077,1.46085,2.25,1.13
2011.06.09 11:29:56.116,1.46078,1.46087,1.50,2.25
2011.06.09 11:29:57.106,1.46078,1.46085,1.50,2.60
2011.06.09 11:29:57.515,1.46075,1.46083,7.73,1.50
2011.06.09 11:29:58.957,1.46071,1.46081,2.25,2.63
2011.06.09 11:29:59.507,1.46071,1.46079,1.50,1.50
2011.06.09 11:30:00.718,1.46071,1.46079,1.50,1.50
2011.06.09 11:30:00.947,1.4607,1.46077,2.25,4.50
2011.06.09 11:30:01.177,1.46065,1.46075,1.88,4.81
2011.06.09 11:30:01.289,1.46065,1.46073,1.50,4.73
2011.06.09 11:30:01.848,1.46062,1.46073,2.25,13.62
2011.06.09 11:30:02.408,1.46062,1.46072,1.50,2.63
2011.06.09 11:30:02.957,1.46061,1.46072,2.25,5.97
2011.06.09 11:30:03.507,1.46061,1.46069,2.25,1.50
2011.06.09 11:30:06.962,1.4606,1.46069,2.85,1.50
2011.06.09 11:30:08.846,1.4606,1.46069,2.25,2.25
2011.06.09 11:30:09.068,1.46059,1.46069,1.13,2.85
2011.06.09 11:30:09.616,1.46058,1.46068,1.50,3.00
2011.06.09 11:30:09.836,1.46057,1.46067,3.38,4.35
2011.06.09 11:30:10.168,1.46053,1.46061,1.32,1.35
2011.06.09 11:30:10.716,1.46051,1.46061,2.25,1.35
2011.06.09 11:30:11.266,1.46051,1.46061,2.25,1.35
2011.06.09 11:30:13.266,1.46051,1.4606,2.25,3.00
2011.06.09 11:30:13.598,1.46049,1.46058,2.63,1.50
2011.06.09 11:30:14.146,1.46048,1.46058,3.00,2.25
2011.06.09 11:30:15.576,1.46049,1.46058,1.50,1.50
2011.06.09 11:30:19.096,1.46049,1.46057,1.50,2.10
2011.06.09 11:30:19.861,1.46051,1.46059,1.50,2.48
2011.06.09 11:30:23.505,1.46051,1.46059,1.50,2.48
2011.06.09 11:30:27.515,1.46051,1.46059,1.50,2.48
2011.06.09 11:30:28.835,1.46051,1.46059,1.50,2.48
2011.06.09 11:30:46.218,1.46049,1.46058,2.25,2.10
2011.06.09 11:30:46.571,1.46044,1.46053,1.50,2.18
2011.06.09 11:30:47.126,1.46043,1.46052,1.50,2.93
2011.06.09 11:30:52.385,1.46043,1.46053,1.50,2.10
2011.06.09 11:30:52.718,1.46039,1.46051,2.25,3.38
2011.06.09 11:30:55.467,1.46042,1.46051,2.25,2.63
2011.06.09 11:31:05.688,1.46043,1.46051,1.73,4.28
2011.06.09 11:31:08.910,1.46042,1.4605,1.50,1.35
2011.06.09 11:31:10.018,1.46041,1.4605,1.50,2.85
2011.06.09 11:31:13.078,1.46041,1.46049,1.50,2.85
2011.06.09 11:31:13.625,1.46041,1.4605,1.50,3.19
2011.06.09 11:31:14.177,1.4604,1.4605,1.50,1.35
2011.06.09 11:31:14.398,1.46038,1.46049,1.50,3.00
2011.06.09 11:31:14.946,1.4604,1.4605,1.13,9.23
2011.06.09 11:31:15.496,1.4604,1.46049,1.13,2.63
2011.06.09 11:31:15.826,1.46038,1.46049,2.25,3.38
2011.06.09 11:31:16.378,1.46038,1.46047,1.50,3.60
2011.06.09 11:31:16.928,1.46037,1.46046,1.50,1.50
2011.06.09 11:31:17.477,1.46037,1.46046,2.25,1.50
2011.06.09 11:31:21.956,1.46037,1.46047,3.75,1.35
2011.06.09 11:31:30.227,1.46039,1.46049,3.75,1.35
2011.06.09 11:31:32.956,1.46039,1.4605,3.75,4.13
2011.06.09 11:31:33.837,1.46039,1.46049,2.25,2.10
2011.06.09 11:31:34.387,1.4604,1.46049,1.50,2.10
2011.06.09 11:31:34.936,1.46041,1.46049,1.50,1.35
2011.06.09 11:31:41.717,1.46046,1.46052,1.50,2.25
2011.06.09 11:31:42.060,1.46049,1.46057,1.50,1.35
2011.06.09 11:31:42.618,1.46049,1.46057,2.25,2.10
2011.06.09 11:31:43.166,1.46049,1.46057,2.25,2.10
2011.06.09 11:31:43.496,1.46049,1.46059,3.75,2.85
2011.06.09 11:31:44.387,1.46051,1.46059,1.50,1.35
2011.06.09 11:31:47.812,1.46051,1.46059,1.50,2.85
2011.06.09 11:31:49.136,1.46051,1.46059,3.00,1.35
2011.06.09 11:31:50.577,1.46051,1.46059,2.25,2.10
2011.06.09 11:31:50.688,1.46049,1.46059,3.00,2.25
2011.06.09 11:31:51.676,1.46048,1.46059,2.25,4.06
2011.06.09 11:31:52.226,1.46048,1.46057,1.50,2.10
2011.06.09 11:31:53.107,1.46048,1.46057,2.25,3.60
2011.06.09 11:31:53.546,1.46049,1.46057,2.25,2.85
2011.06.09 11:31:54.095,1.4605,1.46058,1.50,1.35
2011.06.09 11:31:55.052,1.46051,1.46059,2.25,1.88
2011.06.09 11:31:55.180,1.46052,1.4606,2.25,3.23
2011.06.09 11:31:55.300,1.46053,1.46061,3.00,2.10
2011.06.09 11:31:59.599,1.46054,1.46063,1.50,3.75
2011.06.09 11:32:00.198,1.46055,1.46063,6.20,1.35
2011.06.09 11:32:00.315,1.46055,1.46064,2.25,3.60
2011.06.09 11:32:03.505,1.46055,1.46064,2.25,1.50
2011.06.09 11:32:04.057,1.4606,1.46065,1.50,1.35
2011.06.09 11:32:04.168,1.4606,1.46068,1.50,5.18
2011.06.09 11:32:04.717,1.46061,1.4607,1.50,4.73
2011.06.09 11:32:05.488,1.4606,1.46069,2.25,1.35
2011.06.09 11:32:06.047,1.4606,1.46069,1.50,2.10
2011.06.09 11:32:10.587,1.4606,1.46067,1.50,1.35
2011.06.09 11:32:10.918,1.46056,1.46065,5.25,4.28
2011.06.09 11:32:11.028,1.46054,1.46063,1.32,3.00
2011.06.09 11:32:11.576,1.46053,1.46063,2.25,2.10
2011.06.09 11:32:12.236,1.46054,1.46063,1.50,1.35
2011.06.09 11:32:14.577,1.46053,1.46062,2.25,1.50
2011.06.09 11:32:15.126,1.46052,1.46061,2.63,1.50
2011.06.09 11:32:15.666,1.46052,1.4606,2.63,2.10
2011.06.09 11:32:18.198,1.46052,1.4606,1.13,1.35
2011.06.09 11:32:18.747,1.46053,1.46062,1.50,2.10
2011.06.09 11:32:19.296,1.46053,1.46062,1.50,2.10
2011.06.09 11:32:20.068,1.46055,1.46062,1.50,1.50
2011.06.09 11:32:20.398,1.46059,1.46067,1.50,1.73
2011.06.09 11:32:20.507,1.46059,1.46068,1.50,2.25
2011.06.09 11:32:21.498,1.4606,1.46068,1.50,1.50
2011.06.09 11:32:22.056,1.4606,1.4607,3.00,2.25
2011.06.09 11:32:22.606,1.46061,1.46071,1.50,3.75
2011.06.09 11:32:26.176,1.4606,1.4607,1.50,2.25
2011.06.09 11:32:32.689,1.46059,1.46068,1.88,3.00
2011.06.09 11:32:33.247,1.46058,1.46068,1.50,2.93
2011.06.09 11:32:33.838,1.46057,1.46068,2.25,4.35
2011.06.09 11:32:34.059,1.46056,1.46066,2.63,4.35
2011.06.09 11:32:34.618,1.46055,1.46065,2.25,2.18
2011.06.09 11:32:35.827,1.46055,1.46064,2.25,3.60
2011.06.09 11:32:36.708,1.46056,1.46065,1.50,1.50
2011.06.09 11:32:37.148,1.46058,1.46067,1.50,2.10
2011.06.09 11:32:37.587,1.46057,1.46064,2.25,2.10
2011.06.09 11:32:37.697,1.46057,1.46066,2.25,2.25
2011.06.09 11:32:37.917,1.46057,1.46066,2.25,2.25
2011.06.09 11:32:38.798,1.46057,1.46066,1.50,1.35
2011.06.09 11:32:39.128,1.46055,1.46065,2.25,2.25
2011.06.09 11:32:39.676,1.46056,1.46065,1.50,1.50
2011.06.09 11:32:40.925,1.46056,1.46065,1.50,1.50
2011.06.09 11:32:41.446,1.46054,1.46062,1.13,2.10
2011.06.09 11:32:44.216,1.46053,1.46062,2.25,2.25
2011.06.09 11:32:45.317,1.46052,1.46061,1.88,1.35
2011.06.09 11:32:45.646,1.46052,1.46062,2.63,2.25
2011.06.09 11:32:45.758,1.46053,1.46062,2.25,1.50
2011.06.09 11:32:47.846,1.46056,1.46064,1.50,3.98
2011.06.09 11:32:48.396,1.46054,1.46062,1.50,2.10
2011.06.09 11:32:48.951,1.46053,1.46062,3.00,2.10
2011.06.09 11:32:50.277,1.46055,1.46062,1.50,1.35
2011.06.09 11:32:50.826,1.46054,1.46062,2.25,1.50
2011.06.09 11:32:51.158,1.46052,1.46062,2.45,2.85
2011.06.09 11:32:52.036,1.46053,1.46062,1.50,3.60
2011.06.09 11:32:52.258,1.46056,1.46063,1.50,1.50
2011.06.09 11:32:52.807,1.46055,1.46063,2.25,1.35
2011.06.09 11:32:53.148,1.46053,1.46063,3.00,1.35
2011.06.09 11:32:53.696,1.46053,1.46062,1.50,3.00
2011.06.09 11:32:53.918,1.46053,1.46062,2.25,3.75
2011.06.09 11:32:54.026,1.46054,1.46062,4.50,3.00
2011.06.09 11:32:54.624,1.46057,1.46061,2.25,2.10
2011.06.09 11:32:54.744,1.46056,1.46064,1.50,2.85
2011.06.09 11:32:55.296,1.46057,1.46065,2.63,1.50
2011.06.09 11:32:56.397,1.46057,1.46067,3.00,2.25
2011.06.09 11:32:56.838,1.46059,1.46067,3.00,1.50
2011.06.09 11:33:04.407,1.4606,1.46068,1.50,2.25
2011.06.09 11:33:04.739,1.4606,1.4607,1.13,2.85
2011.06.09 11:33:05.295,1.46066,1.46075,4.13,2.25
2011.06.09 11:33:05.849,1.46067,1.46076,2.63,3.60
2011.06.09 11:33:06.189,1.4607,1.46078,1.50,2.10
2011.06.09 11:33:06.309,1.4607,1.46079,1.50,2.25
2011.06.09 11:33:07.086,1.46071,1.46079,1.50,1.50
2011.06.09 11:33:07.747,1.46072,1.4608,1.50,1.35
2011.06.09 11:33:07.856,1.46073,1.4608,1.50,1.35
2011.06.09 11:33:07.971,1.46072,1.46079,1.50,1.50
2011.06.09 11:33:08.526,1.46071,1.4608,1.50,3.60
2011.06.09 11:33:15.628,1.46077,1.46083,1.50,7.43
2011.06.09 11:33:15.862,1.46078,1.46084,2.10,6.26
2011.06.09 11:33:16.283,1.46079,1.46086,3.00,1.50
2011.06.09 11:33:16.398,1.46079,1.46088,2.25,2.10
2011.06.09 11:33:16.951,1.46082,1.46087,1.35,1.50
2011.06.09 11:33:17.292,1.46081,1.4609,1.50,1.50
2011.06.09 11:33:17.846,1.46082,1.46091,1.88,2.25
2011.06.09 11:33:18.067,1.46083,1.46093,2.63,1.50
2011.06.09 11:33:18.178,1.46084,1.46093,1.50,3.60
2011.06.09 11:33:19.827,1.46085,1.46094,2.25,1.50
2011.06.09 11:33:20.366,1.46086,1.46094,1.50,3.60
2011.06.09 11:33:20.700,1.46088,1.46095,1.50,2.25
2011.06.09 11:33:21.256,1.46089,1.46097,3.38,2.10
2011.06.09 11:33:22.252,1.4609,1.46098,1.50,1.50
2011.06.09 11:33:22.369,1.46091,1.46099,1.50,5.25
2011.06.09 11:33:23.587,1.46091,1.46101,2.25,4.35
2011.06.09 11:33:24.028,1.46094,1.461,1.50,1.35
2011.06.09 11:33:24.149,1.46094,1.46103,1.50,7.50
2011.06.09 11:33:24.267,1.46095,1.46104,1.50,3.00
2011.06.09 11:33:24.928,1.46097,1.46105,2.25,1.50
2011.06.09 11:33:25.039,1.461,1.46105,1.50,1.50
2011.06.09 11:33:25.512,1.461,1.46108,1.50,2.85
2011.06.09 11:33:26.071,1.46101,1.4611,3.00,2.10
2011.06.09 11:33:26.627,1.46102,1.46111,2.25,2.10
2011.06.09 11:33:28.387,1.46108,1.46117,1.50,2.25
2011.06.09 11:33:28.938,1.46107,1.46116,4.13,4.35
2011.06.09 11:33:29.486,1.46109,1.46117,1.50,3.00
2011.06.09 11:33:29.707,1.46109,1.46117,2.25,1.50
2011.06.09 11:33:30.477,1.46109,1.46117,2.25,3.60
2011.06.09 11:33:31.799,1.46108,1.46114,1.50,1.35
2011.06.09 11:33:32.028,1.46107,1.46114,1.88,2.10
2011.06.09 11:33:33.488,1.46108,1.46117,1.88,1.50
2011.06.09 11:33:34.807,1.46108,1.46116,1.88,3.60
2011.06.09 11:33:39.157,1.46108,1.46113,1.13,1.35
2011.06.09 11:33:39.488,1.46108,1.46115,1.88,1.50
2011.06.09 11:33:39.597,1.4611,1.46116,1.50,4.50
2011.06.09 11:33:39.708,1.4611,1.46118,1.50,2.85
2011.06.09 11:33:41.856,1.4611,1.46118,1.50,1.35
2011.06.09 11:33:42.296,1.46112,1.4612,1.50,1.50
2011.06.09 11:33:42.847,1.46112,1.46121,2.63,2.10
2011.06.09 11:33:43.289,1.46117,1.46124,1.50,5.63
2011.06.09 11:33:43.629,1.4612,1.46126,2.25,1.13
2011.06.09 11:33:43.968,1.46121,1.46128,1.50,1.50
2011.06.09 11:33:45.397,1.4612,1.46126,1.50,2.10
2011.06.09 11:33:45.511,1.46119,1.46125,1.50,1.35
2011.06.09 11:33:45.739,1.46115,1.46123,1.13,1.35
2011.06.09 11:33:46.078,1.46113,1.46121,1.50,2.85
2011.06.09 11:33:46.607,1.46112,1.4612,1.50,1.35
2011.06.09 11:33:48.380,1.46115,1.46121,1.88,2.85
2011.06.09 11:33:48.608,1.46118,1.46126,2.25,1.50
2011.06.09 11:33:48.718,1.46119,1.46127,2.25,2.10
2011.06.09 11:33:49.594,1.46121,1.4613,2.25,2.10
2011.06.09 11:33:50.586,1.46121,1.46129,2.25,2.85
2011.06.09 11:33:50.812,1.46117,1.46124,2.25,2.25
2011.06.09 11:33:51.040,1.46116,1.4612,1.50,1.35
2011.06.09 11:33:51.165,1.46112,1.4612,4.70,2.10
2011.06.09 11:33:51.767,1.46111,1.46119,1.50,1.50
2011.06.09 11:33:52.427,1.46111,1.4612,2.25,1.50
2011.06.09 11:33:53.529,1.46113,1.4612,1.50,1.35
2011.06.09 11:33:53.869,1.46116,1.46122,1.50,1.35
2011.06.09 11:33:53.989,1.46114,1.46124,2.25,6.75
2011.06.09 11:33:54.330,1.46118,1.46124,1.50,3.75
2011.06.09 11:33:54.557,1.46118,1.46127,1.50,1.13
2011.06.09 11:33:54.996,1.46118,1.46125,2.25,1.50
2011.06.09 11:33:55.109,1.46116,1.46124,1.50,6.00
2011.06.09 11:33:55.229,1.46114,1.46122,1.88,2.25
2011.06.09 11:33:55.457,1.46112,1.46121,3.38,1.50
2011.06.09 11:33:55.787,1.46114,1.46122,1.50,1.50
2011.06.09 11:33:56.505,1.46114,1.46122,2.00,1.50
2011.06.09 11:33:56.740,1.46116,1.46123,1.50,1.50
2011.06.09 11:33:57.076,1.46116,1.46125,1.50,7.73
2011.06.09 11:33:59.167,1.46118,1.46125,1.50,5.10
2011.06.09 11:33:59.509,1.46124,1.46133,5.25,1.35
2011.06.09 11:33:59.958,1.46124,1.46132,1.50,1.50
2011.06.09 11:34:00.067,1.46122,1.46132,4.13,3.00
2011.06.09 11:34:01.176,1.46123,1.46132,1.50,2.10
2011.06.09 11:34:01.617,1.46123,1.46133,3.00,1.50
2011.06.09 11:34:02.930,1.46125,1.46133,1.50,1.50
2011.06.09 11:34:03.271,1.46127,1.46134,1.50,1.50
2011.06.09 11:34:03.389,1.46125,1.46132,1.50,1.50
2011.06.09 11:34:03.511,1.46122,1.46131,2.63,1.35
2011.06.09 11:34:05.057,1.46123,1.46132,1.50,6.75
2011.06.09 11:34:05.608,1.46123,1.46131,1.50,2.85
2011.06.09 11:34:05.826,1.46122,1.46131,2.63,4.35
2011.06.09 11:34:06.334,1.46121,1.46129,2.25,1.35
2011.06.09 11:34:06.559,1.46123,1.4613,1.50,3.60
2011.06.09 11:34:06.788,1.46123,1.46131,1.13,1.50
2011.06.09 11:34:07.338,1.46123,1.46131,1.50,1.50
2011.06.09 11:34:07.998,1.46123,1.46131,1.50,1.50
2011.06.09 11:34:08.547,1.46122,1.46131,1.50,2.85
2011.06.09 11:34:10.088,1.46123,1.46131,1.50,2.85
2011.06.09 11:34:11.186,1.46123,1.4613,1.50,1.50
2011.06.09 11:34:11.297,1.46122,1.4613,1.50,1.50
2011.06.09 11:34:13.576,1.46122,1.46132,1.50,9.00
2011.06.09 11:34:14.238,1.46127,1.46134,1.50,2.93
2011.06.09 11:34:14.908,1.46125,1.46132,4.50,1.50
2011.06.09 11:34:15.022,1.46125,1.46133,2.25,1.50
2011.06.09 11:34:15.358,1.46123,1.46132,3.38,1.50
2011.06.09 11:34:15.578,1.46126,1.46134,1.50,5.25
2011.06.09 11:34:18.607,1.46125,1.46131,5.25,1.50
2011.06.09 11:34:18.830,1.46126,1.46138,1.50,3.00
2011.06.09 11:34:19.386,1.46125,1.46135,6.60,3.08
2011.06.09 11:34:19.723,1.46127,1.46135,2.85,3.75
2011.06.09 11:34:19.962,1.46127,1.46138,1.50,1.50
2011.06.09 11:34:20.083,1.46131,1.46137,3.00,1.05
2011.06.09 11:34:20.601,1.46132,1.46139,1.50,1.88
2011.06.09 11:34:21.461,1.46133,1.46139,1.50,4.13
2011.06.09 11:34:22.068,1.46133,1.46141,1.13,1.50
2011.06.09 11:34:22.412,1.46134,1.46142,3.38,1.50
2011.06.09 11:34:22.966,1.46135,1.46143,3.38,1.50
2011.06.09 11:34:23.956,1.46141,1.4615,1.50,1.50
2011.06.09 11:34:24.948,1.4614,1.46149,2.63,1.50
2011.06.09 11:34:25.278,1.4614,1.46147,2.25,1.35
2011.06.09 11:34:25.938,1.46139,1.46148,2.25,2.25
2011.06.09 11:34:26.377,1.46138,1.46148,1.50,4.35
2011.06.09 11:34:27.937,1.46139,1.46148,1.50,2.10
2011.06.09 11:34:28.378,1.46139,1.46148,2.82,1.50
2011.06.09 11:34:29.038,1.4614,1.46148,1.50,1.50
2011.06.09 11:34:31.348,1.46141,1.46147,1.50,1.50
2011.06.09 11:34:31.678,1.46139,1.46148,2.82,2.25
2011.06.09 11:34:32.226,1.46139,1.46147,2.25,1.50
2011.06.09 11:34:33.001,1.46145,1.46153,6.00,1.43
2011.06.09 11:34:33.122,1.46145,1.46155,1.50,1.50
2011.06.09 11:34:33.728,1.46147,1.46155,1.13,1.50
2011.06.09 11:34:33.840,1.46149,1.46155,1.88,1.50
2011.06.09 11:34:34.363,1.46151,1.46156,1.88,1.50
2011.06.09 11:34:34.482,1.46151,1.46158,1.32,1.50
2011.06.09 11:34:34.715,1.46152,1.4616,1.50,1.50
2011.06.09 11:34:35.071,1.46154,1.46161,2.10,1.50
2011.06.09 11:34:35.299,1.46154,1.46163,2.10,2.25
2011.06.09 11:34:35.532,1.46157,1.46162,4.43,2.10
2011.06.09 11:34:35.868,1.46157,1.46164,1.33,1.50
2011.06.09 11:34:35.976,1.46158,1.46166,2.63,1.50
2011.06.09 11:34:36.591,1.46159,1.46167,1.13,2.85
2011.06.09 11:34:37.476,1.4616,1.46168,2.63,3.00
2011.06.09 11:34:38.029,1.46161,1.4617,1.50,3.00
2011.06.09 11:34:38.589,1.46166,1.46173,1.33,4.50
2011.06.09 11:34:38.929,1.46163,1.4617,1.50,3.00
2011.06.09 11:34:39.049,1.46161,1.46168,1.50,2.25
2011.06.09 11:34:39.169,1.46159,1.46167,2.25,1.35
2011.06.09 11:34:39.617,1.46159,1.46167,2.25,2.25
2011.06.09 11:34:42.426,1.46156,1.46167,1.33,8.25
2011.06.09 11:34:42.540,1.46155,1.46167,1.33,1.50
2011.06.09 11:34:42.990,1.46154,1.46161,2.25,6.00
2011.06.09 11:34:43.110,1.4615,1.46158,5.75,1.35
2011.06.09 11:34:43.671,1.46148,1.46156,2.08,1.50
2011.06.09 11:34:44.226,1.46146,1.46155,2.25,2.85
2011.06.09 11:34:44.560,1.46148,1.46155,3.00,1.50
2011.06.09 11:34:44.788,1.46149,1.46157,2.25,1.13
2011.06.09 11:34:45.118,1.46147,1.46155,1.35,1.50
2011.06.09 11:34:45.527,1.46149,1.46156,2.25,4.50
2011.06.09 11:34:46.747,1.46149,1.46158,2.83,4.13
2011.06.09 11:34:47.298,1.4615,1.46158,2.25,1.50
2011.06.09 11:34:47.629,1.46151,1.46159,2.25,1.88
2011.06.09 11:34:47.992,1.46153,1.46158,1.35,4.50
2011.06.09 11:34:48.328,1.46154,1.46159,3.00,3.75
2011.06.09 11:34:48.660,1.46155,1.46161,1.33,1.50
2011.06.09 11:34:48.888,1.4616,1.46167,2.08,1.13
2011.06.09 11:34:49.293,1.4616,1.46168,2.08,1.50
2011.06.09 11:34:50.179,1.46159,1.46168,3.58,1.50
2011.06.09 11:34:51.530,1.46157,1.46167,3.28,1.50
2011.06.09 11:34:51.762,1.46159,1.46167,1.50,4.50
2011.06.09 11:34:52.208,1.46159,1.46165,1.25,1.50
2011.06.09 11:34:52.433,1.46158,1.46163,6.00,2.25
2011.06.09 11:34:52.552,1.46155,1.46164,1.50,2.25
2011.06.09 11:34:52.888,1.46155,1.46162,3.81,2.25
2011.06.09 11:34:52.998,1.46154,1.46161,1.50,2.25
2011.06.09 11:34:55.858,1.46153,1.4616,1.88,1.50
2011.06.09 11:34:56.078,1.46148,1.46155,1.50,5.93
2011.06.09 11:34:56.189,1.46148,1.46155,1.50,1.50
2011.06.09 11:34:56.747,1.46148,1.46156,2.08,2.25
2011.06.09 11:34:56.968,1.46149,1.46158,2.83,2.25
2011.06.09 11:34:57.517,1.46151,1.46158,1.33,1.50
2011.06.09 11:34:59.056,1.4615,1.46158,1.50,2.25
2011.06.09 11:35:00.156,1.46149,1.46158,2.83,2.25
2011.06.09 11:35:00.772,1.46151,1.46158,1.50,1.50
2011.06.09 11:35:02.727,1.4615,1.46158,2.25,2.25
2011.06.09 11:35:03.169,1.46151,1.46158,1.50,1.50
2011.06.09 11:35:03.497,1.46149,1.46158,2.83,3.00
2011.06.09 11:35:03.609,1.46149,1.46155,2.08,2.10
2011.06.09 11:35:03.721,1.46149,1.46156,1.33,1.50
2011.06.09 11:35:04.279,1.46148,1.46156,1.50,2.25
2011.06.09 11:35:04.837,1.46148,1.46156,1.50,2.25
2011.06.09 11:35:06.375,1.46148,1.46156,1.50,2.25
2011.06.09 11:35:07.041,1.46153,1.46163,1.50,3.75
2011.06.09 11:35:07.165,1.46157,1.46161,3.60,1.13
2011.06.09 11:35:07.533,1.46157,1.46163,1.50,1.50
2011.06.09 11:35:07.657,1.46157,1.46165,1.50,2.25
2011.06.09 11:35:07.770,1.46159,1.46165,4.33,2.10
2011.06.09 11:35:08.122,1.46164,1.4617,1.50,2.25
2011.06.09 11:35:08.569,1.46164,1.46172,2.25,5.25
2011.06.09 11:35:10.559,1.46163,1.46172,1.33,5.10
2011.06.09 11:35:11.557,1.46161,1.4617,4.70,2.25
2011.06.09 11:35:11.894,1.46161,1.46169,3.58,2.25
2011.06.09 11:35:12.134,1.46164,1.4617,2.25,8.25
2011.06.09 11:35:12.362,1.46164,1.4617,2.25,2.10
2011.06.09 11:35:12.481,1.46161,1.46169,1.13,2.10
2011.06.09 11:35:12.603,1.46163,1.4617,2.25,2.25
2011.06.09 11:35:12.721,1.46163,1.4617,3.00,1.88
2011.06.09 11:35:13.826,1.46163,1.46172,2.25,3.00
2011.06.09 11:35:15.859,1.46167,1.46172,1.50,1.50
2011.06.09 11:35:15.981,1.46167,1.46175,1.50,4.88
2011.06.09 11:35:16.537,1.46167,1.46176,2.83,2.44
2011.06.09 11:35:17.746,1.46167,1.46173,2.08,1.35
2011.06.09 11:35:18.187,1.46168,1.46176,1.33,3.19
2011.06.09 11:35:19.918,1.46167,1.46175,1.33,2.44
2011.06.09 11:35:20.138,1.46165,1.46173,2.08,2.10
2011.06.09 11:35:20.249,1.46165,1.46171,1.33,1.35
2011.06.09 11:35:20.478,1.46164,1.46172,1.33,2.25
2011.06.09 11:35:21.026,1.46164,1.46172,2.08,2.85
2011.06.09 11:35:21.576,1.46164,1.46172,2.08,1.35
2011.06.09 11:35:22.680,1.46164,1.46168,1.33,2.85
2011.06.09 11:35:23.018,1.46162,1.46168,1.33,3.60
2011.06.09 11:35:23.354,1.46158,1.46164,6.83,1.35
2011.06.09 11:35:23.470,1.4616,1.46166,1.10,2.85
2011.06.09 11:35:23.591,1.46158,1.46163,1.33,1.35
2011.06.09 11:35:23.978,1.46154,1.46159,1.50,2.25
2011.06.09 11:35:24.342,1.46152,1.46158,3.75,1.50
2011.06.09 11:35:24.459,1.4615,1.46157,2.25,5.25
2011.06.09 11:35:24.908,1.46148,1.46157,1.35,6.00
2011.06.09 11:35:25.250,1.46147,1.46156,2.10,3.38
2011.06.09 11:35:25.587,1.46146,1.46155,2.10,3.00
2011.06.09 11:35:26.467,1.46145,1.46153,1.35,2.25
2011.06.09 11:35:26.688,1.46138,1.46147,3.00,6.60
2011.06.09 11:35:26.796,1.46138,1.46143,1.50,1.35
2011.06.09 11:35:27.016,1.46135,1.46143,1.33,2.10
2011.06.09 11:35:27.127,1.46133,1.46142,2.25,5.25
2011.06.09 11:35:27.237,1.46133,1.46141,1.50,1.35
2011.06.09 11:35:28.039,1.46136,1.46145,2.25,2.25
2011.06.09 11:35:28.147,1.46136,1.46145,2.25,2.25
2011.06.09 11:35:28.697,1.46137,1.46145,2.25,1.50
2011.06.09 11:35:31.667,1.46138,1.46146,1.50,3.60
2011.06.09 11:35:32.767,1.46137,1.46144,2.25,3.60
2011.06.09 11:35:33.100,1.46135,1.46142,1.50,2.85
2011.06.09 11:35:33.438,1.46133,1.46142,3.00,4.35
2011.06.09 11:35:35.232,1.46133,1.46142,3.75,4.35
2011.06.09 11:35:35.457,1.46133,1.46141,2.25,1.50
2011.06.09 11:35:36.447,1.46132,1.46139,1.50,2.10
2011.06.09 11:35:36.998,1.4613,1.46139,3.00,3.60
2011.06.09 11:35:38.427,1.4613,1.46138,1.50,1.50
2011.06.09 11:35:38.648,1.4613,1.46138,1.50,3.38
2011.06.09 11:35:40.411,1.46125,1.46134,2.45,1.35
2011.06.09 11:35:40.534,1.46126,1.46132,1.33,1.50
2011.06.09 11:35:40.651,1.46126,1.46132,1.33,3.60
2011.06.09 11:35:40.770,1.46124,1.46132,2.83,1.50
2011.06.09 11:35:41.628,1.46126,1.46134,1.50,1.50
2011.06.09 11:35:42.067,1.46128,1.46134,1.50,1.50
2011.06.09 11:35:43.029,1.46126,1.46132,2.25,1.35
2011.06.09 11:35:43.262,1.46129,1.46136,1.50,2.25
2011.06.09 11:35:43.629,1.46129,1.46137,1.50,3.98
2011.06.09 11:35:44.847,1.46129,1.46137,1.50,3.23
2011.06.09 11:35:45.067,1.46128,1.46136,1.50,2.25
2011.06.09 11:35:45.294,1.46125,1.46132,2.08,2.85
2011.06.09 11:35:45.521,1.46123,1.46132,2.08,1.88
2011.06.09 11:35:47.617,1.46124,1.46131,1.33,1.35
2011.06.09 11:35:48.332,1.46123,1.4613,1.50,1.50
2011.06.09 11:35:50.877,1.46123,1.46132,3.58,1.88
2011.06.09 11:35:50.987,1.46126,1.46133,2.25,2.63
2011.06.09 11:35:51.320,1.46126,1.46132,1.33,2.10
2011.06.09 11:35:52.536,1.46122,1.4613,2.08,1.50
2011.06.09 11:35:55.339,1.46121,1.4613,2.08,1.50
2011.06.09 11:35:55.465,1.46121,1.46126,1.50,1.35
2011.06.09 11:35:55.801,1.46116,1.46122,1.33,2.10
2011.06.09 11:35:56.028,1.46114,1.46122,1.33,7.73
2011.06.09 11:35:56.413,1.46113,1.46122,1.33,7.73
2011.06.09 11:35:56.533,1.46113,1.46122,1.33,6.98
2011.06.09 11:35:57.086,1.46113,1.46122,2.08,6.98
2011.06.09 11:35:59.947,1.46113,1.46121,2.08,1.50
2011.06.09 11:36:00.278,1.46113,1.4612,1.33,1.35
2011.06.09 11:36:02.568,1.46112,1.46119,1.33,1.50
2011.06.09 11:36:03.720,1.46113,1.46119,1.33,1.50
2011.06.09 11:36:06.496,1.46112,1.4612,2.08,5.25
2011.06.09 11:36:07.046,1.46112,1.4612,2.08,5.85
2011.06.09 11:36:11.041,1.46113,1.46122,1.50,1.76
2011.06.09 11:36:11.270,1.46116,1.46125,1.33,1.50
2011.06.09 11:36:11.607,1.46117,1.46127,4.18,2.25
2011.06.09 11:36:11.938,1.46122,1.4613,1.33,1.50
2011.06.09 11:36:12.487,1.46121,1.4613,1.50,3.00
2011.06.09 11:36:12.817,1.4612,1.46129,2.08,2.25
2011.06.09 11:36:13.477,1.4612,1.46128,1.50,1.50
2011.06.09 11:36:13.697,1.4612,1.46129,2.85,2.25
2011.06.09 11:36:14.797,1.46121,1.46129,1.50,1.50
2011.06.09 11:36:16.328,1.46123,1.46129,2.25,3.75
2011.06.09 11:36:16.447,1.46124,1.46131,1.50,1.13
2011.06.09 11:36:16.562,1.46125,1.46133,1.50,3.00
2011.06.09 11:36:17.118,1.46126,1.46134,1.33,1.50
2011.06.09 11:36:17.339,1.46128,1.46135,1.50,1.89
2011.06.09 11:36:17.887,1.46129,1.46136,1.50,1.52
2011.06.09 11:36:18.548,1.4613,1.46137,1.50,2.27
2011.06.09 11:36:18.767,1.46131,1.46139,2.08,2.25
2011.06.09 11:36:19.319,1.46137,1.46145,1.33,1.50
2011.06.09 11:36:19.550,1.46135,1.46143,1.33,2.10
2011.06.09 11:36:19.890,1.46134,1.4614,1.50,1.35
2011.06.09 11:36:20.119,1.46132,1.4614,2.83,1.50
2011.06.09 11:36:23.291,1.46132,1.46137,1.50,1.35
2011.06.09 11:36:23.522,1.46127,1.46134,2.25,1.13
2011.06.09 11:36:23.641,1.46125,1.46133,2.63,1.50
2011.06.09 11:36:24.196,1.46125,1.46133,1.50,1.50
2011.06.09 11:36:24.747,1.46126,1.46133,1.50,1.50
2011.06.09 11:36:24.859,1.46127,1.46133,2.10,1.50
2011.06.09 11:36:25.198,1.46129,1.46137,3.00,1.50
2011.06.09 11:36:25.308,1.46131,1.46139,2.08,3.75
2011.06.09 11:36:25.824,1.46132,1.46141,2.83,2.25
2011.06.09 11:36:26.486,1.46132,1.46142,3.58,4.35
2011.06.09 11:36:30.447,1.46133,1.46142,2.25,2.85
2011.06.09 11:36:31.547,1.46132,1.46141,3.58,1.50
2011.06.09 11:36:32.798,1.46132,1.46141,2.08,3.75
2011.06.09 11:36:33.129,1.46128,1.46136,1.65,2.10
2011.06.09 11:36:33.349,1.46125,1.46132,1.50,1.50
2011.06.09 11:36:33.899,1.46125,1.46134,2.25,3.60
2011.06.09 11:36:36.618,1.46125,1.46134,2.25,2.25
2011.06.09 11:36:36.727,1.46125,1.46134,2.83,2.25
2011.06.09 11:36:37.719,1.46126,1.46135,2.25,2.85
2011.06.09 11:36:38.597,1.46127,1.46136,2.08,2.63
2011.06.09 11:36:39.616,1.46127,1.46136,2.83,2.85
2011.06.09 11:36:41.048,1.46127,1.46133,2.83,2.85
2011.06.09 11:36:41.596,1.46127,1.46135,2.83,1.35
2011.06.09 11:36:42.147,1.46127,1.46134,1.33,1.50
2011.06.09 11:36:44.237,1.46127,1.46136,2.08,6.75
2011.06.09 11:36:44.458,1.46128,1.46136,1.50,2.25
2011.06.09 11:36:45.005,1.46126,1.46134,2.08,1.50
2011.06.09 11:36:47.007,1.46126,1.46134,1.33,1.50
2011.06.09 11:36:47.998,1.46125,1.46133,2.08,1.50
2011.06.09 11:36:48.108,1.46123,1.46132,1.70,3.60
2011.06.09 11:36:48.437,1.46122,1.4613,1.33,3.60
2011.06.09 11:36:49.427,1.46121,1.4613,2.83,3.60
2011.06.09 11:36:50.639,1.46121,1.46129,1.33,2.85
2011.06.09 11:36:51.186,1.46121,1.4613,2.08,2.10
2011.06.09 11:36:54.496,1.46122,1.4613,1.33,2.10
2011.06.09 11:36:58.638,1.46123,1.46131,1.33,2.25
2011.06.09 11:37:00.738,1.46123,1.46131,1.50,4.35
2011.06.09 11:37:01.287,1.46121,1.4613,3.20,2.10
2011.06.09 11:37:06.988,1.46122,1.4613,2.08,2.10
2011.06.09 11:37:07.208,1.46124,1.46132,2.08,6.75
2011.06.09 11:37:07.757,1.46125,1.46133,2.08,2.16
2011.06.09 11:37:09.371,1.46127,1.46134,1.50,2.91
2011.06.09 11:37:09.492,1.46128,1.46135,1.50,1.50
2011.06.09 11:37:09.827,1.4613,1.46138,1.50,2.85
2011.06.09 11:37:10.378,1.46131,1.46139,2.83,2.85
2011.06.09 11:37:12.579,1.46129,1.46135,3.38,1.35
2011.06.09 11:37:12.701,1.4613,1.46138,1.33,2.25
2011.06.09 11:37:12.930,1.46128,1.46135,2.08,1.35
2011.06.09 11:37:13.487,1.46127,1.46135,1.50,2.85
2011.06.09 11:37:14.367,1.46126,1.46135,2.83,2.85
2011.06.09 11:37:14.918,1.46126,1.46133,1.33,2.85
2011.06.09 11:37:16.412,1.46129,1.46134,2.25,1.35
2011.06.09 11:37:16.775,1.46131,1.46135,1.50,1.50
2011.06.09 11:37:16.894,1.46132,1.46137,1.50,2.25
2011.06.09 11:37:17.008,1.46133,1.46139,1.50,1.50
2011.06.09 11:37:17.229,1.46138,1.46146,1.13,3.00
2011.06.09 11:37:17.783,1.46133,1.46139,2.25,2.25
2011.06.09 11:37:17.900,1.4613,1.46137,1.33,1.50
2011.06.09 11:37:18.567,1.4613,1.46137,1.33,1.50
2011.06.09 11:37:19.118,1.4613,1.46137,2.83,1.50
2011.06.09 11:37:19.229,1.46128,1.46133,1.88,2.85
2011.06.09 11:37:19.649,1.46129,1.46136,2.25,2.85
2011.06.09 11:37:19.868,1.46129,1.46137,2.25,1.50
2011.06.09 11:37:20.637,1.46129,1.46137,2.08,1.50
2011.06.09 11:37:21.188,1.4613,1.46138,2.25,2.10
2011.06.09 11:37:21.736,1.4613,1.46138,2.83,2.10
2011.06.09 11:37:24.272,1.46133,1.46141,1.50,2.25
2011.06.09 11:37:24.608,1.46136,1.46143,2.25,1.50
2011.06.09 11:37:25.386,1.46136,1.46144,1.50,1.50
2011.06.09 11:37:26.049,1.46135,1.46143,1.50,3.00
2011.06.09 11:37:26.277,1.46133,1.46142,3.20,3.60
2011.06.09 11:37:27.596,1.46133,1.4614,1.50,1.35
2011.06.09 11:37:35.838,1.46132,1.4614,1.33,2.10
2011.06.09 11:37:36.386,1.46131,1.46139,1.70,1.50
2011.06.09 11:37:39.798,1.46131,1.46139,1.33,3.60
2011.06.09 11:37:40.347,1.46131,1.46141,1.50,9.98
2011.06.09 11:37:40.677,1.46134,1.46139,3.75,3.60
2011.06.09 11:37:40.788,1.46131,1.46139,2.25,3.60
2011.06.09 11:37:41.338,1.46132,1.46139,2.25,2.85
2011.06.09 11:37:41.450,1.46134,1.46141,1.50,1.88
2011.06.09 11:37:42.008,1.46134,1.46143,2.25,2.85
2011.06.09 11:37:42.556,1.46134,1.46142,1.50,2.25
2011.06.09 11:37:44.327,1.46134,1.46141,1.50,2.85
2011.06.09 11:37:44.657,1.46132,1.4614,2.08,2.10
2011.06.09 11:37:45.184,1.46134,1.4614,2.25,1.35
2011.06.09 11:37:45.736,1.46136,1.46143,2.25,1.50
2011.06.09 11:37:47.167,1.46136,1.46143,1.50,1.50
2011.06.09 11:37:48.297,1.46137,1.46144,1.50,1.50
2011.06.09 11:37:50.937,1.46136,1.46143,1.50,2.25
2011.06.09 11:37:51.158,1.46134,1.46143,2.83,3.00
2011.06.09 11:37:51.707,1.46134,1.46143,2.83,2.25
2011.06.09 11:37:53.687,1.46134,1.46142,2.08,4.35
2011.06.09 11:37:55.721,1.46134,1.46141,1.33,1.50
2011.06.09 11:37:55.950,1.46131,1.4614,2.08,1.50
2011.06.09 11:37:57.418,1.46135,1.46141,1.50,2.63
2011.06.09 11:37:57.749,1.46141,1.46146,2.25,1.88
2011.06.09 11:37:57.860,1.46144,1.4615,2.25,3.75
2011.06.09 11:37:57.981,1.46146,1.46152,2.25,1.50
2011.06.09 11:37:58.101,1.46148,1.46153,1.50,1.88
2011.06.09 11:37:58.547,1.46149,1.46156,1.50,2.10
2011.06.09 11:38:00.088,1.46149,1.46158,2.83,3.98
2011.06.09 11:38:00.856,1.46149,1.46158,2.83,3.23
2011.06.09 11:38:01.077,1.46149,1.46155,2.08,2.25
2011.06.09 11:38:01.298,1.46149,1.46156,2.83,5.25
2011.06.09 11:38:01.519,1.46151,1.46158,1.33,4.50
2011.06.09 11:38:02.105,1.46152,1.4616,1.33,5.48
2011.06.09 11:38:03.429,1.46151,1.46158,2.08,2.10
2011.06.09 11:38:03.977,1.46151,1.46158,1.50,2.10
2011.06.09 11:38:06.998,1.4615,1.46156,2.08,2.85
2011.06.09 11:38:07.328,1.46151,1.46157,1.50,3.75
2011.06.09 11:38:07.767,1.46151,1.4616,1.50,2.85
2011.06.09 11:38:11.626,1.46151,1.4616,3.00,2.85
2011.06.09 11:38:11.960,1.46156,1.46163,2.25,1.50
2011.06.09 11:38:12.522,1.46154,1.46158,4.33,13.70
2011.06.09 11:38:12.751,1.46151,1.46158,1.50,2.85
2011.06.09 11:38:12.871,1.46151,1.46157,5.70,4.35
2011.06.09 11:38:12.990,1.46149,1.46157,1.50,5.10
2011.06.09 11:38:13.112,1.46148,1.46156,2.25,3.60
2011.06.09 11:38:13.677,1.46147,1.46154,1.50,2.10
2011.06.09 11:38:13.789,1.46147,1.46152,1.50,1.50
2011.06.09 11:38:14.016,1.46145,1.46151,1.50,1.50
2011.06.09 11:38:14.128,1.46139,1.46147,1.50,3.60
2011.06.09 11:38:14.637,1.4614,1.46148,1.50,2.25
2011.06.09 11:38:14.862,1.46144,1.46151,1.50,1.50
2011.06.09 11:38:15.090,1.46143,1.4615,4.50,5.10
2011.06.09 11:38:15.646,1.46142,1.4615,1.50,5.10
2011.06.09 11:38:19.202,1.46145,1.46152,1.58,3.00
2011.06.09 11:38:19.551,1.46147,1.46152,1.50,1.50
2011.06.09 11:38:20.216,1.46146,1.46155,3.00,1.88
2011.06.09 11:38:20.332,1.46147,1.46155,1.50,2.25
2011.06.09 11:38:20.888,1.46151,1.46158,5.25,1.35
2011.06.09 11:38:21.439,1.46153,1.46161,1.50,4.88
2011.06.09 11:38:22.108,1.46152,1.46161,2.83,1.13
2011.06.09 11:38:22.439,1.46157,1.46163,1.50,2.25
2011.06.09 11:38:22.791,1.4615,1.46158,2.08,3.60
2011.06.09 11:38:22.911,1.4615,1.46158,1.50,4.35
2011.06.09 11:38:23.251,1.46146,1.46154,5.83,3.60
2011.06.09 11:38:23.368,1.46145,1.46154,3.20,4.35
2011.06.09 11:38:23.883,1.46145,1.46153,2.25,1.50
2011.06.09 11:38:24.657,1.46147,1.46154,1.50,1.50
2011.06.09 11:38:27.848,1.46148,1.46154,1.50,2.85
2011.06.09 11:38:28.400,1.46149,1.46154,1.50,1.50
2011.06.09 11:38:30.388,1.46149,1.46155,1.50,1.13
2011.06.09 11:38:37.169,1.46151,1.46158,1.50,4.80
2011.06.09 11:38:37.291,1.4615,1.46157,2.25,1.50
2011.06.09 11:38:37.411,1.46156,1.46162,2.25,3.68
2011.06.09 11:38:37.530,1.46158,1.46163,1.50,9.00
2011.06.09 11:38:37.650,1.46158,1.46163,3.58,4.50
2011.06.09 11:38:37.769,1.46159,1.46166,3.00,4.50
2011.06.09 11:38:38.302,1.46162,1.46168,1.33,2.85
2011.06.09 11:38:39.077,1.46162,1.46168,1.33,2.10
2011.06.09 11:38:39.627,1.46162,1.46168,1.33,2.10
2011.06.09 11:38:41.826,1.46161,1.46168,1.33,4.35
2011.06.09 11:38:42.377,1.46161,1.46168,1.50,6.60
2011.06.09 11:38:42.598,1.46159,1.46166,2.63,2.85
2011.06.09 11:38:43.146,1.46158,1.46166,1.33,4.65
2011.06.09 11:38:43.258,1.46158,1.46165,1.33,1.05
2011.06.09 11:38:43.807,1.46158,1.46165,1.50,1.50
2011.06.09 11:38:44.359,1.46158,1.46166,2.25,2.10
2011.06.09 11:38:44.578,1.46157,1.46166,4.13,2.85
2011.06.09 11:38:45.317,1.46158,1.46166,1.50,2.10
2011.06.09 11:38:47.986,1.4616,1.46167,1.50,1.50
2011.06.09 11:38:49.967,1.4616,1.46167,1.50,1.50
2011.06.09 11:38:50.517,1.4616,1.46168,1.50,2.10
2011.06.09 11:38:51.359,1.4616,1.46168,2.25,2.10
2011.06.09 11:38:51.697,1.46164,1.46171,1.50,1.50
2011.06.09 11:38:52.041,1.46161,1.46169,4.70,1.35
2011.06.09 11:38:52.598,1.46162,1.46169,1.50,1.35
2011.06.09 11:38:53.479,1.46163,1.46169,1.50,1.35
2011.06.09 11:38:53.929,1.46161,1.4617,5.45,2.10
2011.06.09 11:38:54.368,1.46163,1.4617,2.25,2.10
2011.06.09 11:38:54.699,1.46161,1.46169,3.38,1.50
2011.06.09 11:38:55.137,1.46161,1.46168,1.50,1.35
2011.06.09 11:38:55.726,1.46163,1.4617,2.25,1.50
2011.06.09 11:38:56.608,1.46163,1.4617,2.25,1.50
2011.06.09 11:38:57.267,1.46163,1.4617,2.25,1.50
2011.06.09 11:38:59.360,1.46163,1.4617,1.50,3.60
2011.06.09 11:38:59.701,1.46161,1.46169,3.00,1.35
2011.06.09 11:39:00.040,1.46163,1.4617,2.25,1.50
2011.06.09 11:39:01.588,1.46161,1.4617,2.25,2.25
2011.06.09 11:39:02.200,1.46161,1.4617,3.00,1.50
2011.06.09 11:39:02.325,1.46163,1.46168,1.50,1.50
2011.06.09 11:39:02.660,1.46161,1.46168,1.50,1.50
2011.06.09 11:39:03.547,1.46161,1.46168,2.25,1.50
2011.06.09 11:39:03.767,1.46163,1.46171,2.25,4.35
2011.06.09 11:39:07.067,1.46163,1.4617,1.50,1.50
2011.06.09 11:39:08.278,1.46163,1.46169,1.50,1.35
2011.06.09 11:39:09.012,1.46162,1.46169,1.33,1.35
2011.06.09 11:39:09.899,1.46163,1.46171,4.35,1.50
2011.06.09 11:39:10.117,1.46164,1.46173,1.33,4.43
2011.06.09 11:39:10.666,1.46164,1.46173,3.43,4.43
2011.06.09 11:39:11.113,1.46164,1.46173,6.58,1.43
2011.06.09 11:39:11.234,1.46165,1.46175,2.85,5.46
2011.06.09 11:39:11.472,1.46165,1.46178,4.33,2.56
2011.06.09 11:39:11.590,1.46166,1.46179,2.08,1.50
2011.06.09 11:39:11.817,1.46167,1.4618,1.50,1.50
2011.06.09 11:39:12.039,1.4617,1.46179,4.13,1.50
2011.06.09 11:39:12.371,1.46172,1.46179,1.88,1.50
2011.06.09 11:39:12.787,1.46172,1.46181,1.93,1.50
2011.06.09 11:39:13.018,1.46173,1.46182,1.88,3.75
2011.06.09 11:39:13.242,1.46175,1.46182,1.33,2.25
2011.06.09 11:39:13.689,1.4618,1.46188,2.08,1.50
2011.06.09 11:39:13.913,1.46182,1.4619,2.25,1.50
2011.06.09 11:39:14.030,1.46183,1.46192,2.10,2.25
2011.06.09 11:39:14.260,1.46183,1.46192,3.00,2.25
2011.06.09 11:39:14.380,1.46181,1.46188,4.13,1.50
2011.06.09 11:39:14.499,1.46181,1.46188,2.63,1.50
2011.06.09 11:39:14.717,1.46179,1.46187,1.88,1.50
2011.06.09 11:39:15.267,1.46179,1.46187,2.48,2.25
2011.06.09 11:39:15.489,1.46181,1.46187,1.35,2.25
2011.06.09 11:39:15.710,1.46181,1.4619,2.85,3.75
2011.06.09 11:39:16.047,1.4618,1.46188,1.50,2.25
2011.06.09 11:39:16.156,1.4618,1.46188,1.50,2.25
2011.06.09 11:39:17.008,1.46179,1.46187,2.48,1.50
2011.06.09 11:39:20.308,1.46179,1.46186,1.88,1.50
2011.06.09 11:39:21.188,1.46179,1.46188,1.88,2.25
2011.06.09 11:39:24.790,1.4618,1.4619,3.00,2.46
2011.06.09 11:39:25.022,1.46181,1.46192,4.50,1.95
2011.06.09 11:39:25.259,1.46182,1.46193,1.18,2.25
2011.06.09 11:39:26.480,1.46185,1.46193,1.88,2.25
2011.06.09 11:39:28.291,1.46186,1.46193,2.08,1.50
2011.06.09 11:39:28.409,1.46187,1.46194,1.33,2.25
2011.06.09 11:39:28.641,1.46192,1.46197,3.05,1.50
2011.06.09 11:39:28.990,1.46186,1.46193,2.10,3.00
2011.06.09 11:39:29.110,1.46185,1.46194,2.10,1.50
2011.06.09 11:39:29.561,1.46184,1.46193,3.20,1.50
2011.06.09 11:39:29.795,1.46188,1.46196,1.50,6.00
2011.06.09 11:39:29.910,1.46188,1.46196,1.50,5.25
2011.06.09 11:39:31.016,1.46187,1.46196,2.25,3.00
2011.06.09 11:39:32.119,1.46186,1.46192,5.63,1.50
2011.06.09 11:39:32.568,1.46182,1.46191,1.50,2.25
2011.06.09 11:39:32.905,1.46182,1.46192,1.13,4.35
2011.06.09 11:39:33.238,1.46185,1.46192,6.00,1.50
2011.06.09 11:39:33.467,1.46185,1.46195,2.10,3.00
2011.06.09 11:39:33.794,1.46185,1.46192,1.35,1.50
2011.06.09 11:39:34.457,1.46187,1.46193,1.50,1.50
2011.06.09 11:39:35.896,1.46185,1.46193,2.10,3.00
2011.06.09 11:39:36.007,1.46184,1.46191,1.33,1.50
2011.06.09 11:39:37.531,1.46184,1.46192,1.13,1.50
2011.06.09 11:39:37.655,1.46185,1.46194,7.18,1.50
2011.06.09 11:39:37.994,1.46186,1.46196,5.83,2.25
2011.06.09 11:39:39.316,1.46188,1.46198,1.50,2.10
2011.06.09 11:39:39.648,1.46196,1.46204,1.50,1.50
2011.06.09 11:39:39.770,1.46198,1.46206,2.10,1.50
2011.06.09 11:39:39.887,1.46198,1.46206,2.83,1.50
2011.06.09 11:39:40.119,1.46198,1.46204,2.63,1.50
2011.06.09 11:39:40.238,1.46198,1.46207,2.25,3.00
2011.06.09 11:39:40.465,1.46197,1.46206,2.25,2.25
2011.06.09 11:39:41.455,1.46199,1.46204,1.13,1.50
2011.06.09 11:39:41.788,1.46195,1.46201,1.50,2.85
2011.06.09 11:39:41.907,1.46192,1.462,2.45,3.00
2011.06.09 11:39:42.476,1.46192,1.462,2.08,1.50
2011.06.09 11:39:44.015,1.46192,1.462,2.08,3.00
2011.06.09 11:39:44.454,1.46191,1.46198,1.50,1.50
2011.06.09 11:39:45.005,1.46191,1.46198,1.50,1.50
2011.06.09 11:39:45.337,1.46189,1.46196,2.63,2.25
2011.06.09 11:39:45.447,1.46188,1.46196,4.85,1.50
2011.06.09 11:39:45.667,1.46189,1.46196,1.50,1.50
2011.06.09 11:39:46.005,1.46188,1.46196,1.88,1.50
2011.06.09 11:39:46.224,1.46188,1.46196,1.88,2.25
2011.06.09 11:39:46.774,1.46188,1.46196,1.88,2.25
2011.06.09 11:39:47.216,1.46186,1.46193,5.25,1.50
2011.06.09 11:39:47.328,1.46186,1.4619,3.75,1.50
2011.06.09 11:39:47.450,1.46182,1.4619,2.63,2.25
2011.06.09 11:39:48.032,1.46179,1.46188,3.38,3.00
2011.06.09 11:39:48.374,1.46185,1.46194,2.25,3.60
2011.06.09 11:39:48.494,1.4619,1.46197,1.50,1.50
2011.06.09 11:39:48.611,1.46191,1.46199,4.50,4.50
2011.06.09 11:39:48.840,1.46192,1.46202,3.23,1.50
2011.06.09 11:39:48.956,1.46194,1.46203,4.13,2.25
2011.06.09 11:39:49.176,1.46198,1.46206,6.60,2.51
2011.06.09 11:39:50.055,1.46199,1.46206,1.50,1.50
2011.06.09 11:39:50.609,1.46199,1.46203,1.88,1.50
2011.06.09 11:39:51.217,1.46199,1.46205,1.50,1.50
2011.06.09 11:39:51.338,1.46199,1.46206,2.63,1.50
2011.06.09 11:39:54.318,1.46199,1.46205,1.88,1.50
2011.06.09 11:39:54.875,1.46199,1.46205,1.13,1.50
2011.06.09 11:39:55.319,1.46196,1.46205,1.50,2.25
2011.06.09 11:39:55.437,1.46195,1.46202,1.88,2.10
2011.06.09 11:39:55.776,1.46192,1.462,3.20,1.50
2011.06.09 11:39:57.244,1.46192,1.462,3.20,1.50
2011.06.09 11:39:59.996,1.46193,1.46201,2.63,2.33
2011.06.09 11:40:00.106,1.46192,1.462,4.55,1.73
2011.06.09 11:40:00.655,1.46191,1.46199,2.08,1.50
2011.06.09 11:40:01.756,1.4619,1.46198,1.70,1.50
2011.06.09 11:40:01.975,1.46189,1.46197,1.33,1.50
2011.06.09 11:40:05.486,1.46189,1.46198,2.08,3.00
2011.06.09 11:40:06.035,1.46189,1.46198,1.33,1.50
2011.06.09 11:40:06.585,1.4619,1.462,1.50,3.75
2011.06.09 11:40:06.696,1.4619,1.462,3.58,2.25
2011.06.09 11:40:07.135,1.46193,1.46202,2.25,2.25
2011.06.09 11:40:07.357,1.46194,1.46203,2.48,2.25
2011.06.09 11:40:07.697,1.46194,1.46201,1.13,2.25
2011.06.09 11:40:07.927,1.46191,1.462,2.08,2.25
2011.06.09 11:40:08.515,1.46191,1.46199,2.08,1.50
2011.06.09 11:40:09.064,1.46191,1.46199,2.08,1.50
2011.06.09 11:40:10.425,1.46191,1.46197,1.33,1.50
2011.06.09 11:40:13.174,1.46189,1.46197,2.08,1.50
2011.06.09 11:40:13.724,1.46188,1.46197,2.08,2.25
2011.06.09 11:40:15.154,1.46188,1.46196,1.33,2.25
2011.06.09 11:40:15.816,1.46187,1.46195,1.50,2.25
2011.06.09 11:40:16.146,1.46185,1.46194,2.63,2.85
2011.06.09 11:40:16.257,1.46184,1.46194,3.58,2.85
2011.06.09 11:40:16.839,1.46183,1.46193,1.33,4.50
2011.06.09 11:40:17.836,1.46184,1.46193,1.93,1.50
2011.06.09 11:40:17.952,1.46185,1.46193,2.25,1.50
2011.06.09 11:40:18.069,1.46187,1.46193,1.50,1.50
2011.06.09 11:40:18.297,1.46188,1.46197,1.50,3.19
2011.06.09 11:40:18.846,1.46187,1.46197,3.38,2.34
2011.06.09 11:40:19.287,1.46187,1.46194,2.63,2.25
2011.06.09 11:40:19.407,1.46187,1.46194,2.63,3.00
2011.06.09 11:40:19.635,1.46185,1.46194,2.63,3.00
2011.06.09 11:40:22.408,1.46184,1.4619,2.63,1.50
2011.06.09 11:40:22.744,1.46181,1.4619,4.70,1.50
2011.06.09 11:40:24.626,1.46181,1.4619,2.83,2.25
2011.06.09 11:40:25.725,1.46181,1.4619,2.08,2.25
2011.06.09 11:40:27.705,1.46181,1.4619,2.08,2.25
2011.06.09 11:40:28.146,1.46184,1.4619,5.25,1.50
2011.06.09 11:40:28.476,1.46188,1.46199,3.43,7.50
2011.06.09 11:40:31.258,1.4619,1.46199,1.50,2.10
2011.06.09 11:40:31.489,1.46189,1.46198,1.88,2.25
2011.06.09 11:40:31.824,1.46184,1.46194,2.08,3.00
2011.06.09 11:40:35.236,1.46183,1.46191,2.30,1.50
2011.06.09 11:40:35.454,1.46182,1.46191,1.33,2.25
2011.06.09 11:40:36.005,1.46181,1.46191,1.33,2.25
2011.06.09 11:40:36.554,1.4618,1.4619,1.70,2.25
2011.06.09 11:40:38.956,1.46179,1.46189,6.05,1.50
2011.06.09 11:40:41.155,1.4618,1.46187,1.13,2.25
2011.06.09 11:40:41.705,1.4618,1.46187,1.88,1.50
2011.06.09 11:40:42.927,1.46179,1.46188,1.88,2.25
2011.06.09 11:40:44.065,1.46177,1.46186,4.88,1.88
2011.06.09 11:40:45.499,1.46177,1.46185,2.25,2.25
2011.06.09 11:40:45.862,1.46181,1.46187,1.50,1.50
2011.06.09 11:40:47.847,1.46179,1.46187,2.25,3.00
2011.06.09 11:40:48.076,1.46179,1.46187,1.50,2.25
2011.06.09 11:40:49.504,1.46179,1.46187,2.25,1.50
2011.06.09 11:40:49.835,1.46174,1.46184,1.50,7.35
2011.06.09 11:40:53.318,1.46172,1.46181,2.08,2.25
2011.06.09 11:40:53.877,1.46172,1.4618,1.50,1.35
2011.06.09 11:40:54.657,1.46172,1.46181,1.50,2.56
2011.06.09 11:40:54.999,1.46169,1.46177,3.38,2.10
2011.06.09 11:40:55.336,1.46171,1.46178,2.25,1.50
2011.06.09 11:40:56.766,1.46171,1.46178,2.25,1.50
2011.06.09 11:40:57.319,1.46171,1.46179,2.25,2.25
2011.06.09 11:40:59.976,1.46172,1.46179,1.50,2.25
2011.06.09 11:41:00.856,1.4617,1.46179,1.13,2.25
2011.06.09 11:41:01.404,1.46171,1.46179,1.50,1.88
2011.06.09 11:41:02.177,1.46171,1.46179,2.25,3.00
2011.06.09 11:41:04.252,1.46169,1.46175,1.50,1.50
2011.06.09 11:41:04.366,1.46168,1.46175,1.88,2.25
2011.06.09 11:41:04.696,1.46165,1.46172,2.45,1.50
2011.06.09 11:41:04.808,1.46164,1.46171,1.33,1.50
2011.06.09 11:41:05.040,1.46162,1.4617,2.25,1.88
2011.06.09 11:41:05.273,1.4616,1.46169,1.50,3.75
2011.06.09 11:41:05.388,1.4616,1.4617,1.50,3.98
2011.06.09 11:41:06.826,1.46158,1.46166,1.13,1.50
2011.06.09 11:41:06.939,1.46157,1.46166,2.45,8.10
2011.06.09 11:41:07.278,1.46158,1.46166,2.25,1.50
2011.06.09 11:41:07.837,1.46158,1.46166,2.25,1.50
2011.06.09 11:41:08.167,1.46162,1.46168,4.50,1.50
2011.06.09 11:41:08.666,1.46163,1.46169,1.50,2.25
2011.06.09 11:41:08.790,1.46163,1.46171,1.50,3.00
2011.06.09 11:41:09.017,1.46164,1.46172,3.60,1.50
2011.06.09 11:41:09.135,1.46165,1.46173,3.60,1.50
2011.06.09 11:41:09.246,1.46165,1.46175,2.85,3.75
2011.06.09 11:41:10.017,1.46168,1.46175,1.88,1.50
2011.06.09 11:41:10.356,1.46169,1.46177,2.63,1.50
2011.06.09 11:41:11.021,1.46176,1.46182,5.10,2.25
2011.06.09 11:41:11.362,1.46174,1.46181,1.13,1.50
2011.06.09 11:41:11.584,1.46172,1.46181,3.38,1.50
2011.06.09 11:41:11.805,1.46171,1.46181,3.38,3.23
2011.06.09 11:41:12.794,1.4617,1.4618,2.25,2.25
2011.06.09 11:41:13.346,1.46169,1.46179,3.20,2.10
2011.06.09 11:41:13.894,1.46169,1.46177,1.13,3.60
2011.06.09 11:41:14.555,1.46168,1.46176,2.45,3.75
2011.06.09 11:41:15.107,1.46161,1.4617,2.83,2.25
2011.06.09 11:41:15.654,1.46163,1.46172,2.08,4.13
2011.06.09 11:41:17.748,1.46168,1.46174,1.50,6.00
2011.06.09 11:41:18.326,1.46171,1.46177,1.50,1.43
2011.06.09 11:41:18.655,1.46171,1.46179,1.50,1.50
2011.06.09 11:41:19.425,1.46171,1.4618,1.50,2.25
2011.06.09 11:41:19.977,1.4617,1.46179,1.73,2.25
2011.06.09 11:41:20.316,1.46168,1.46179,2.25,2.85
2011.06.09 11:41:20.535,1.46168,1.46179,2.63,4.73
2011.06.09 11:41:21.086,1.46167,1.46174,1.88,3.00
2011.06.09 11:41:21.196,1.46165,1.46174,1.70,2.25
2011.06.09 11:41:21.965,1.46165,1.46174,1.70,3.00
2011.06.09 11:41:22.514,1.46164,1.46175,2.45,2.85
2011.06.09 11:41:23.725,1.46164,1.46173,1.88,1.35
2011.06.09 11:41:23.835,1.46163,1.46173,1.50,2.48
2011.06.09 11:41:23.946,1.46162,1.46172,1.88,3.23
2011.06.09 11:41:24.494,1.4616,1.46171,1.88,6.38
2011.06.09 11:41:25.905,1.4616,1.46168,1.13,5.10
2011.06.09 11:41:26.234,1.4616,1.46167,1.13,1.50
2011.06.09 11:41:26.785,1.4616,1.46168,1.70,1.50
2011.06.09 11:41:27.225,1.46161,1.4617,2.25,2.25
2011.06.09 11:41:27.556,1.46165,1.46173,1.50,2.25
2011.06.09 11:41:29.645,1.46164,1.46173,1.33,4.35
2011.06.09 11:41:30.195,1.46164,1.46173,1.50,3.00
2011.06.09 11:41:33.255,1.46165,1.46174,2.08,2.25
2011.06.09 11:41:33.478,1.46169,1.46176,1.50,1.50
2011.06.09 11:41:33.821,1.46172,1.46177,9.60,1.50
2011.06.09 11:41:34.161,1.46176,1.46182,1.50,1.50
2011.06.09 11:41:34.277,1.46177,1.46186,5.85,2.25
2011.06.09 11:41:34.835,1.46179,1.46186,1.50,1.50
2011.06.09 11:41:35.384,1.46179,1.46187,2.25,1.50
2011.06.09 11:41:36.154,1.46178,1.46187,7.50,1.50
2011.06.09 11:41:37.887,1.46176,1.46184,5.63,1.50
2011.06.09 11:41:38.217,1.46174,1.46181,1.88,1.50
2011.06.09 11:41:38.557,1.46173,1.4618,2.63,1.50
2011.06.09 11:41:39.115,1.46171,1.4618,2.63,3.00
2011.06.09 11:41:39.666,1.46171,1.4618,1.88,1.50
2011.06.09 11:41:40.544,1.46171,1.4618,1.88,2.25
2011.06.09 11:41:42.305,1.46171,1.46179,1.88,1.50
2011.06.09 11:41:43.845,1.46169,1.46178,3.00,2.25
2011.06.09 11:41:44.328,1.46164,1.46173,1.13,6.75
2011.06.09 11:41:44.447,1.46162,1.46172,2.63,3.60
2011.06.09 11:41:45.006,1.46162,1.46171,1.13,1.88
2011.06.09 11:41:46.879,1.46163,1.46171,1.50,2.25
2011.06.09 11:41:47.108,1.46164,1.46173,3.00,1.50
2011.06.09 11:41:47.226,1.46165,1.46173,1.50,1.50
2011.06.09 11:41:48.986,1.46164,1.46172,2.63,2.25
2011.06.09 11:41:49.094,1.46164,1.46172,1.13,3.75
2011.06.09 11:41:50.606,1.46163,1.46172,2.63,1.88
2011.06.09 11:41:50.826,1.46161,1.46172,1.88,2.63
2011.06.09 11:41:51.596,1.46161,1.4617,1.88,2.25
2011.06.09 11:41:57.986,1.46159,1.46168,1.88,3.00
2011.06.09 11:42:02.226,1.46158,1.46164,1.88,1.50
2011.06.09 11:42:02.776,1.46157,1.46166,2.08,2.25
2011.06.09 11:42:02.884,1.46157,1.46166,2.08,1.50
2011.06.09 11:42:05.756,1.46158,1.46167,2.25,2.25
2011.06.09 11:42:06.086,1.46158,1.46168,2.25,6.00
2011.06.09 11:42:06.759,1.46157,1.46167,2.45,1.50
2011.06.09 11:42:07.653,1.46157,1.46167,1.70,7.35
2011.06.09 11:42:09.527,1.46157,1.46164,1.70,4.50
2011.06.09 11:42:09.857,1.46157,1.46167,3.75,3.75
2011.06.09 11:42:10.187,1.46156,1.46165,1.88,1.50
2011.06.09 11:42:11.398,1.46157,1.46166,2.08,2.25
2011.06.09 11:42:11.627,1.46158,1.46167,2.83,2.25
2011.06.09 11:42:12.287,1.4616,1.46169,3.58,7.73
2011.06.09 11:42:12.627,1.46163,1.46171,3.00,1.50
2011.06.09 11:42:12.856,1.46165,1.46174,2.25,1.88
2011.06.09 11:42:15.206,1.46164,1.46173,2.25,1.50
2011.06.09 11:42:15.536,1.46164,1.46173,4.13,1.50
2011.06.09 11:42:16.085,1.46167,1.46175,1.50,1.50
2011.06.09 11:42:18.179,1.46166,1.46175,2.63,3.00
2011.06.09 11:42:20.598,1.46165,1.46171,1.50,2.10
2011.06.09 11:42:20.716,1.46164,1.4617,1.33,1.50
2011.06.09 11:42:21.506,1.46161,1.4617,3.95,1.50
2011.06.09 11:42:22.618,1.4616,1.4617,3.20,2.25
2011.06.09 11:42:22.736,1.4616,1.46169,1.33,1.35
2011.06.09 11:42:30.678,1.4616,1.46168,1.33,3.00
2011.06.09 11:42:31.035,1.46158,1.46167,3.38,1.43
2011.06.09 11:42:31.159,1.4615,1.46161,1.33,7.35
2011.06.09 11:42:32.816,1.46152,1.46162,2.08,3.00
2011.06.09 11:42:32.926,1.46152,1.46162,2.08,2.25
2011.06.09 11:42:44.015,1.46153,1.4616,1.33,1.50
2011.06.09 11:42:46.825,1.46151,1.46159,2.83,1.50
2011.06.09 11:42:51.145,1.46153,1.46159,1.33,1.50
2011.06.09 11:42:51.258,1.46156,1.46162,1.50,1.50
2011.06.09 11:42:51.491,1.46152,1.4616,2.08,1.50
2011.06.09 11:42:51.936,1.46155,1.46162,2.08,2.25
2011.06.09 11:42:52.161,1.46161,1.46168,1.33,1.13
2011.06.09 11:42:52.391,1.46162,1.4617,1.33,1.50
2011.06.09 11:42:52.946,1.46163,1.46171,1.70,1.50
2011.06.09 11:42:53.495,1.46162,1.4617,3.95,1.50
2011.06.09 11:42:53.936,1.46164,1.46171,2.10,1.50
2011.06.09 11:42:54.266,1.46166,1.46174,1.50,1.50
2011.06.09 11:42:55.168,1.46168,1.46176,1.50,2.33
2011.06.09 11:42:55.727,1.46167,1.46176,4.03,2.25
2011.06.09 11:42:56.828,1.46169,1.46176,1.35,1.50
2011.06.09 11:42:57.827,1.46168,1.46175,6.38,1.35
2011.06.09 11:42:58.170,1.46163,1.46172,2.25,2.25
2011.06.09 11:42:58.289,1.46163,1.46171,1.50,2.25
2011.06.09 11:42:58.516,1.46164,1.46171,2.85,1.50
2011.06.09 11:42:58.627,1.46166,1.46172,2.25,2.25
2011.06.09 11:42:58.846,1.46166,1.46174,2.25,1.50
2011.06.09 11:43:00.147,1.4617,1.46177,1.50,1.13
2011.06.09 11:43:00.368,1.46171,1.46178,3.00,1.50
2011.06.09 11:43:00.488,1.46171,1.4618,3.75,2.25
2011.06.09 11:43:00.605,1.46171,1.46179,3.00,1.50
2011.06.09 11:43:03.465,1.4617,1.46176,1.50,1.13
2011.06.09 11:43:03.796,1.46162,1.4617,2.78,1.50
2011.06.09 11:43:03.905,1.46162,1.4617,2.08,1.50
2011.06.09 11:43:04.126,1.46159,1.46167,1.88,1.50
2011.06.09 11:43:05.307,1.4616,1.46168,1.50,1.50
2011.06.09 11:43:05.854,1.4616,1.46169,1.50,2.25
2011.06.09 11:43:06.515,1.4616,1.46169,1.50,4.35
2011.06.09 11:43:07.396,1.4616,1.46169,1.50,5.10
2011.06.09 11:43:07.725,1.46158,1.46166,4.88,1.50
2011.06.09 11:43:08.494,1.46158,1.46167,6.20,1.50
2011.06.09 11:43:09.516,1.46159,1.46168,2.45,1.50
2011.06.09 11:43:10.065,1.46159,1.46167,1.88,1.50
2011.06.09 11:43:10.285,1.46159,1.46168,2.45,1.50
2011.06.09 11:43:10.726,1.4616,1.46168,1.33,1.50
2011.06.09 11:43:11.274,1.46161,1.46169,2.08,1.35
2011.06.09 11:43:14.345,1.46161,1.4617,2.83,1.50
2011.06.09 11:43:15.995,1.46162,1.46171,2.08,1.50
2011.06.09 11:43:16.325,1.46164,1.46172,1.33,2.25
2011.06.09 11:43:16.435,1.46163,1.46172,2.83,2.25
2011.06.09 11:43:17.094,1.46163,1.46172,2.08,3.75
2011.06.09 11:43:17.425,1.46164,1.46172,1.33,3.00
2011.06.09 11:43:17.755,1.46163,1.46172,1.33,4.50
2011.06.09 11:43:18.304,1.46162,1.46172,2.08,5.10
2011.06.09 11:43:18.825,1.46162,1.4617,1.33,2.10
2011.06.09 11:43:19.376,1.46162,1.46171,2.08,3.60
2011.06.09 11:43:19.818,1.46164,1.46172,1.33,2.25
2011.06.09 11:43:20.061,1.46166,1.46175,1.50,3.38
2011.06.09 11:43:20.616,1.46167,1.46176,2.08,2.85
2011.06.09 11:43:20.726,1.46165,1.46173,3.58,1.50
2011.06.09 11:43:20.951,1.46164,1.46171,1.88,1.50
2011.06.09 11:43:21.845,1.46164,1.46171,1.70,1.50
2011.06.09 11:43:23.715,1.46162,1.4617,2.08,1.50
2011.06.09 11:43:24.376,1.46162,1.4617,2.83,1.50
2011.06.09 11:43:24.815,1.46164,1.46172,2.08,1.50
2011.06.09 11:43:25.035,1.46164,1.46173,3.58,1.50
2011.06.09 11:43:25.543,1.46168,1.46176,1.50,1.50
2011.06.09 11:43:27.377,1.46166,1.46175,2.45,2.25
2011.06.09 11:43:28.255,1.46166,1.46174,1.70,1.50
2011.06.09 11:43:29.077,1.46167,1.46174,1.50,1.50
2011.06.09 11:43:29.636,1.46167,1.46176,2.83,1.50
2011.06.09 11:43:30.186,1.46168,1.46176,1.33,1.50
2011.06.09 11:43:31.439,1.46166,1.46175,1.13,2.10
2011.06.09 11:43:31.787,1.46163,1.46171,1.88,1.50
2011.06.09 11:43:32.234,1.46162,1.46171,2.48,1.50
2011.06.09 11:43:33.006,1.46163,1.46172,1.33,1.50
2011.06.09 11:43:33.556,1.46162,1.46171,1.33,4.61
2011.06.09 11:43:33.777,1.46161,1.46171,2.45,6.26
2011.06.09 11:43:34.116,1.46161,1.46171,2.45,6.86
2011.06.09 11:43:35.345,1.46161,1.46171,3.20,5.25
2011.06.09 11:43:36.697,1.46161,1.46172,3.43,4.35
2011.06.09 11:43:37.030,1.46164,1.46171,5.25,2.82
2011.06.09 11:43:37.153,1.46165,1.46173,4.13,1.50
2011.06.09 11:43:37.613,1.46166,1.46174,7.50,1.13
2011.06.09 11:43:37.730,1.46167,1.46175,6.38,1.72
2011.06.09 11:43:37.956,1.46168,1.46177,1.33,1.43
2011.06.09 11:43:38.406,1.46168,1.46179,2.10,1.50
2011.06.09 11:43:39.177,1.46172,1.46177,3.00,2.10
2011.06.09 11:43:39.401,1.46172,1.46179,1.50,1.39
2011.06.09 11:43:39.517,1.46172,1.46181,1.13,4.88
2011.06.09 11:43:39.845,1.46174,1.46181,1.13,5.25
2011.06.09 11:43:40.395,1.46175,1.46182,1.13,1.50
2011.06.09 11:43:41.056,1.46175,1.46185,1.13,2.25
2011.06.09 11:43:41.167,1.46177,1.46185,3.38,1.50
2011.06.09 11:43:41.495,1.46179,1.46186,1.25,2.81
2011.06.09 11:43:41.716,1.4618,1.46187,1.50,2.25
2011.06.09 11:43:42.136,1.46181,1.46189,1.50,1.50
2011.06.09 11:43:42.247,1.46181,1.46191,1.50,1.50
2011.06.09 11:43:42.488,1.46183,1.46192,1.50,1.50
2011.06.09 11:43:42.608,1.46185,1.46193,1.13,1.76
2011.06.09 11:43:42.729,1.46185,1.46196,1.50,1.50
2011.06.09 11:43:44.279,1.46193,1.46202,1.13,2.25
2011.06.09 11:43:44.507,1.46192,1.46202,1.50,2.25
2011.06.09 11:43:45.055,1.46195,1.46206,1.50,1.50
2011.06.09 11:43:45.497,1.46196,1.46207,1.50,1.50
2011.06.09 11:43:45.607,1.46198,1.46207,1.50,1.50
2011.06.09 11:43:46.155,1.46198,1.46207,3.00,1.50
2011.06.09 11:43:46.819,1.46198,1.46206,1.13,2.51
2011.06.09 11:43:47.636,1.46197,1.46207,1.88,2.25
2011.06.09 11:43:48.746,1.46197,1.46205,2.63,1.50
2011.06.09 11:43:49.081,1.46192,1.46201,1.50,1.50
2011.06.09 11:43:49.199,1.46192,1.46201,2.25,1.50
2011.06.09 11:43:50.416,1.46191,1.46199,2.25,1.50
2011.06.09 11:43:50.524,1.4619,1.46199,2.22,1.50
2011.06.09 11:43:54.299,1.46191,1.46202,1.50,9.75
2011.06.09 11:43:54.424,1.46193,1.46202,6.00,1.14
2011.06.09 11:43:54.539,1.46193,1.46203,2.25,1.88
2011.06.09 11:43:54.663,1.46195,1.46203,4.73,1.50
2011.06.09 11:43:54.779,1.46195,1.46205,2.48,1.50
2011.06.09 11:43:54.899,1.46196,1.46206,3.38,1.88
2011.06.09 11:43:56.146,1.46196,1.46208,2.63,2.25
2011.06.09 11:43:56.695,1.46197,1.46209,8.48,1.52
2011.06.09 11:43:57.027,1.46204,1.46209,5.00,1.50
2011.06.09 11:43:57.262,1.46204,1.46211,1.50,2.15
2011.06.09 11:43:57.382,1.46205,1.46211,1.35,2.51
2011.06.09 11:43:57.499,1.46209,1.46216,1.50,1.06
2011.06.09 11:43:58.045,1.46207,1.46218,4.73,2.25
2011.06.09 11:44:01.020,1.46209,1.46217,1.50,1.13
2011.06.09 11:44:01.364,1.46207,1.46214,1.13,1.50
2011.06.09 11:44:01.483,1.46208,1.46216,2.10,2.33
2011.06.09 11:44:01.708,1.46207,1.46217,1.50,1.88
2011.06.09 11:44:01.936,1.46206,1.46215,2.85,3.50
2011.06.09 11:44:02.048,1.46204,1.46209,1.62,1.50
2011.06.09 11:44:02.166,1.462,1.46208,1.88,1.50
2011.06.09 11:44:02.496,1.46207,1.46214,2.10,1.50
2011.06.09 11:44:02.606,1.4621,1.46218,1.50,4.43
2011.06.09 11:44:02.716,1.46212,1.46222,4.50,1.50
2011.06.09 11:44:03.193,1.46211,1.4622,1.13,1.50
2011.06.09 11:44:03.750,1.4621,1.46219,2.85,1.50
2011.06.09 11:44:04.306,1.46203,1.46212,2.10,1.50
2011.06.09 11:44:04.855,1.46203,1.46212,2.10,1.50
2011.06.09 11:44:05.406,1.46203,1.46212,2.10,1.50
2011.06.09 11:44:05.956,1.46202,1.46212,1.50,1.50
2011.06.09 11:44:06.287,1.462,1.46208,1.13,2.25
2011.06.09 11:44:06.508,1.46197,1.46207,7.73,1.50
2011.06.09 11:44:06.627,1.46201,1.46208,1.50,1.50
2011.06.09 11:44:07.065,1.46201,1.4621,1.50,1.50
2011.06.09 11:44:07.401,1.46196,1.46206,3.00,1.50
2011.06.09 11:44:07.955,1.46195,1.46206,5.25,1.50
2011.06.09 11:44:08.747,1.46195,1.46206,5.63,2.25
2011.06.09 11:44:09.078,1.46204,1.46209,1.25,2.03
2011.06.09 11:44:09.420,1.46209,1.46214,1.28,1.14
2011.06.09 11:44:09.976,1.46202,1.46212,1.50,2.27
2011.06.09 11:44:10.856,1.46203,1.46212,2.25,1.50
2011.06.09 11:44:12.548,1.46203,1.46212,1.50,2.27
2011.06.09 11:44:13.765,1.46199,1.46212,5.25,3.03
2011.06.09 11:44:13.985,1.46199,1.46211,4.50,1.52
2011.06.09 11:44:14.573,1.46196,1.46211,1.50,6.38
2011.06.09 11:44:15.127,1.46196,1.46211,4.50,1.88
2011.06.09 11:44:15.455,1.462,1.46209,1.50,1.81
2011.06.09 11:44:15.680,1.46196,1.46206,1.50,2.89
2011.06.09 11:44:18.656,1.46196,1.46207,2.25,1.13
2011.06.09 11:44:19.204,1.46196,1.46207,1.50,1.13
2011.06.09 11:44:19.316,1.46197,1.46208,1.50,1.88
2011.06.09 11:44:19.647,1.46194,1.46203,1.50,1.50
2011.06.09 11:44:19.770,1.46193,1.46203,1.50,2.25
2011.06.09 11:44:19.887,1.46191,1.46203,6.00,2.25
2011.06.09 11:44:20.471,1.46193,1.46204,1.50,5.63
2011.06.09 11:44:20.699,1.46196,1.46207,1.50,1.88
2011.06.09 11:44:22.355,1.46196,1.46208,1.50,6.75
2011.06.09 11:44:22.797,1.46197,1.46209,2.25,1.50
2011.06.09 11:44:23.127,1.46197,1.46208,1.50,1.50
2011.06.09 11:44:24.006,1.46196,1.46204,1.50,1.50
2011.06.09 11:44:24.119,1.46192,1.46202,1.50,2.25
2011.06.09 11:44:24.351,1.46191,1.462,4.50,4.50
2011.06.09 11:44:25.457,1.46189,1.462,2.25,6.00
2011.06.09 11:44:25.919,1.46189,1.46199,1.50,1.58
2011.06.09 11:44:26.259,1.46187,1.46196,1.50,1.50
2011.06.09 11:44:26.599,1.46185,1.46196,3.00,4.50
2011.06.09 11:44:27.047,1.46187,1.46198,2.25,1.88
2011.06.09 11:44:28.377,1.46188,1.46199,1.50,4.69
2011.06.09 11:44:28.598,1.46191,1.46202,1.50,1.13
2011.06.09 11:44:30.408,1.46189,1.46197,2.25,3.75
2011.06.09 11:44:30.750,1.46186,1.46198,10.88,2.25
2011.06.09 11:44:31.153,1.46189,1.46198,1.50,1.21
2011.06.09 11:44:31.282,1.46191,1.46202,2.25,1.35
2011.06.09 11:44:31.508,1.46191,1.46203,1.50,2.25
2011.06.09 11:44:31.737,1.46191,1.46203,1.50,2.33
2011.06.09 11:44:31.846,1.46189,1.46202,5.25,2.25
2011.06.09 11:44:32.178,1.46189,1.46202,6.75,6.83
2011.06.09 11:44:32.519,1.46193,1.46204,1.50,5.25
2011.06.09 11:44:32.967,1.46188,1.46196,3.75,1.50
2011.06.09 11:44:33.197,1.46193,1.462,1.50,2.33
2011.06.09 11:44:33.417,1.46188,1.46194,3.75,2.25
2011.06.09 11:44:33.637,1.46193,1.46198,1.50,5.33
2011.06.09 11:44:34.195,1.46192,1.46203,1.50,1.50
2011.06.09 11:44:34.986,1.46192,1.46203,1.50,1.20
2011.06.09 11:44:35.606,1.46194,1.46204,1.50,1.13
2011.06.09 11:44:35.717,1.46194,1.46205,1.50,1.20
2011.06.09 11:44:36.277,1.46198,1.46207,1.50,2.18
2011.06.09 11:44:36.826,1.46197,1.46207,1.50,2.18
2011.06.09 11:44:38.256,1.46198,1.46207,1.50,2.18
2011.06.09 11:44:38.806,1.46197,1.46207,1.50,2.93
2011.06.09 11:44:39.135,1.46197,1.46207,1.50,2.93
2011.06.09 11:44:39.358,1.46197,1.46206,1.50,1.28
2011.06.09 11:44:40.361,1.46197,1.46207,1.50,2.93
2011.06.09 11:44:40.915,1.46197,1.46207,1.50,2.55
2011.06.09 11:44:42.796,1.46197,1.46207,1.50,1.43
2011.06.09 11:44:45.987,1.46195,1.46206,1.50,1.05
2011.06.09 11:44:46.546,1.46196,1.46207,1.50,2.18
2011.06.09 11:44:46.655,1.46192,1.46207,1.88,1.43
2011.06.09 11:44:47.206,1.46192,1.46209,1.50,1.05
2011.06.09 11:44:50.125,1.46195,1.46211,3.75,9.23
2011.06.09 11:44:50.454,1.46195,1.46211,3.75,5.25
2011.06.09 11:44:50.797,1.46192,1.46208,5.25,3.75
2011.06.09 11:44:51.015,1.46195,1.46211,3.75,5.25
2011.06.09 11:44:52.114,1.46193,1.46209,8.25,4.50
2011.06.09 11:44:52.688,1.46193,1.46209,3.75,7.85
2011.06.09 11:44:52.811,1.46191,1.46207,4.50,3.75
2011.06.09 11:44:52.926,1.46193,1.46209,3.75,8.63
2011.06.09 11:44:53.475,1.46193,1.46209,3.75,4.50
2011.06.09 11:44:55.266,1.4619,1.46211,3.00,1.13
2011.06.09 11:44:55.815,1.4619,1.46209,2.63,3.35
2011.06.09 11:44:55.926,1.46191,1.46212,1.50,1.13
2011.06.09 11:44:56.806,1.46191,1.46213,1.88,1.50
2011.06.09 11:44:57.135,1.46193,1.46215,1.50,1.80
2011.06.09 11:44:57.357,1.46193,1.46211,1.50,1.35
2011.06.09 11:44:58.012,1.46191,1.46215,1.47,1.80
2011.06.09 11:44:58.675,1.46192,1.46215,1.36,1.80
2011.06.09 11:44:59.224,1.46194,1.46217,1.65,2.18
2011.06.09 11:44:59.335,1.46192,1.46217,1.50,1.43
2011.06.09 11:44:59.555,1.46194,1.46219,1.88,1.05
2011.06.09 11:44:59.776,1.46192,1.46217,1.28,1.05
2011.06.09 11:45:00.876,1.46185,1.46217,1.20,1.65
2011.06.09 11:45:01.314,1.46185,1.46213,2.70,1.50
2011.06.09 11:45:01.644,1.46186,1.4621,2.18,2.18
2011.06.09 11:45:04.064,1.46187,1.4621,1.43,1.43
2011.06.09 11:45:04.613,1.46188,1.4621,1.28,2.18
2011.06.09 11:45:05.095,1.46187,1.4621,1.43,2.93
2011.06.09 11:45:05.314,1.46185,1.4621,3.00,2.93
2011.06.09 11:45:05.874,1.46185,1.4621,3.00,2.18
2011.06.09 11:45:06.411,1.46186,1.4621,1.50,2.18
2011.06.09 11:45:06.855,1.46187,1.4621,1.50,2.18
2011.06.09 11:45:07.408,1.46187,1.4621,1.50,2.18
2011.06.09 11:45:08.093,1.46185,1.4621,1.50,2.25
2011.06.09 11:45:08.203,1.46183,1.46216,1.13,1.13
2011.06.09 11:45:08.534,1.46188,1.46216,1.50,1.80
2011.06.09 11:45:08.868,1.46191,1.4621,1.50,1.43
2011.06.09 11:45:08.990,1.46187,1.46212,1.28,1.28
2011.06.09 11:45:09.106,1.46185,1.4621,3.00,2.93
2011.06.09 11:45:09.653,1.46185,1.4621,3.00,2.93
2011.06.09 11:45:10.204,1.46186,1.4621,1.50,3.68
2011.06.09 11:45:11.965,1.46187,1.4621,1.50,4.05
2011.06.09 11:45:13.504,1.46188,1.4621,1.50,3.30
2011.06.09 11:45:14.064,1.46188,1.4621,1.50,3.30
2011.06.09 11:45:15.294,1.46188,1.46211,1.88,1.43
2011.06.09 11:45:15.515,1.46187,1.4621,1.13,1.43
2011.06.09 11:45:15.626,1.46191,1.46207,1.50,1.43
2011.06.09 11:45:15.737,1.46193,1.46206,1.50,1.50
2011.06.09 11:45:16.285,1.46193,1.46206,1.50,1.50
2011.06.09 11:45:16.945,1.46188,1.46207,1.88,1.43
2011.06.09 11:45:17.055,1.46188,1.4621,1.13,4.05
2011.06.09 11:45:17.275,1.46188,1.46205,1.13,2.18
2011.06.09 11:45:17.385,1.46188,1.4621,1.13,4.05
2011.06.09 11:45:17.826,1.46188,1.46205,1.13,2.18
2011.06.09 11:45:18.048,1.4619,1.46215,2.25,2.55
2011.06.09 11:45:18.167,1.46189,1.46219,1.50,1.50
2011.06.09 11:45:18.275,1.46188,1.46223,1.50,3.30
2011.06.09 11:45:18.385,1.46191,1.4622,1.50,2.18
2011.06.09 11:45:18.935,1.4619,1.4622,2.25,2.18
2011.06.09 11:45:19.534,1.46196,1.46212,1.50,3.68
2011.06.09 11:45:19.648,1.46195,1.46212,1.50,1.35
2011.06.09 11:45:19.774,1.46192,1.46216,1.13,1.50
2011.06.09 11:45:19.891,1.46192,1.46221,1.13,1.28
2011.06.09 11:45:20.005,1.46195,1.4623,1.50,1.43
2011.06.09 11:45:20.227,1.46201,1.46222,1.50,2.97
2011.06.09 11:45:20.337,1.46188,1.46235,1.50,3.00
2011.06.09 11:45:20.446,1.4619,1.46224,2.25,1.59
2011.06.09 11:45:20.556,1.4619,1.46225,2.25,2.93
2011.06.09 11:45:20.665,1.46203,1.4622,1.50,1.43
2011.06.09 11:45:20.996,1.46201,1.46219,1.50,1.28
2011.06.09 11:45:21.767,1.46194,1.46214,1.50,1.28
2011.06.09 11:45:21.989,1.46188,1.46211,3.75,1.57
2011.06.09 11:45:22.109,1.46194,1.46202,3.75,1.50
2011.06.09 11:45:22.447,1.46196,1.46202,1.50,1.35
2011.06.09 11:45:22.677,1.46189,1.46211,1.13,2.25
2011.06.09 11:45:22.787,1.46195,1.46206,1.50,2.18
2011.06.09 11:45:23.103,1.46195,1.46209,1.50,1.28
2011.06.09 11:45:23.226,1.46191,1.46211,1.05,1.50
2011.06.09 11:45:23.341,1.4619,1.46209,1.55,1.50
2011.06.09 11:45:23.572,1.4619,1.46206,1.05,2.51
2011.06.09 11:45:23.689,1.46188,1.46206,1.43,4.35
2011.06.09 11:45:23.916,1.46183,1.46208,2.05,1.50
2011.06.09 11:45:24.028,1.46185,1.46204,1.43,2.51
2011.06.09 11:45:24.368,1.46188,1.46199,1.65,3.75
2011.06.09 11:45:24.486,1.46186,1.46198,1.50,4.50
2011.06.09 11:45:24.595,1.46186,1.46196,1.50,3.75
2011.06.09 11:45:24.705,1.46184,1.46196,1.50,4.50
2011.06.09 11:45:24.818,1.46183,1.46194,1.50,1.50
2011.06.09 11:45:25.047,1.46182,1.46194,2.40,4.50
2011.06.09 11:45:26.146,1.46181,1.46192,1.50,1.50
2011.06.09 11:45:26.636,1.46181,1.46189,4.50,4.50
2011.06.09 11:45:26.976,1.4618,1.46188,1.50,1.50
2011.06.09 11:45:27.087,1.46178,1.46189,1.50,1.13
2011.06.09 11:45:27.417,1.46178,1.46186,1.50,2.51
2011.06.09 11:45:27.753,1.46178,1.46186,1.50,2.51
2011.06.09 11:45:27.868,1.46177,1.46194,1.88,1.50
2011.06.09 11:45:27.991,1.46178,1.46189,1.50,2.25
2011.06.09 11:45:28.217,1.46176,1.46188,1.20,3.68
2011.06.09 11:45:28.449,1.46173,1.46191,1.20,3.18
2011.06.09 11:45:28.568,1.46167,1.46184,1.57,2.63
2011.06.09 11:45:28.686,1.4617,1.46186,1.50,1.76
2011.06.09 11:45:28.798,1.46169,1.46184,1.50,3.75
2011.06.09 11:45:28.917,1.46171,1.46184,2.25,5.25
2011.06.09 11:45:29.247,1.46166,1.46176,4.13,1.50
2011.06.09 11:45:29.577,1.46167,1.46178,1.50,2.25
2011.06.09 11:45:30.322,1.46175,1.46183,1.70,6.26
2011.06.09 11:45:30.549,1.46171,1.46182,1.33,2.22
2011.06.09 11:45:30.668,1.46171,1.46178,2.53,1.50
2011.06.09 11:45:30.789,1.46173,1.46179,1.13,1.50
2011.06.09 11:45:31.016,1.46173,1.46182,1.70,1.50
2011.06.09 11:45:32.886,1.46173,1.46181,1.33,1.50
2011.06.09 11:45:33.106,1.46172,1.46181,2.08,4.01
2011.06.09 11:45:33.548,1.46176,1.46183,1.50,1.13
2011.06.09 11:45:33.777,1.4618,1.46186,1.50,6.38
2011.06.09 11:45:34.326,1.46181,1.46187,1.33,1.50
2011.06.09 11:45:34.805,1.46181,1.46189,2.08,2.63
2011.06.09 11:45:35.578,1.46181,1.46187,1.33,1.50
2011.06.09 11:45:35.916,1.46176,1.46185,2.45,1.50
2011.06.09 11:45:37.788,1.46178,1.46186,2.08,4.13
2011.06.09 11:45:37.910,1.46178,1.46186,3.58,2.63
2011.06.09 11:45:38.140,1.46178,1.46185,4.50,1.50
2011.06.09 11:45:38.365,1.46176,1.46185,2.08,1.50
2011.06.09 11:45:40.455,1.46176,1.46184,1.33,1.50
2011.06.09 11:45:41.060,1.46171,1.46179,3.20,1.50
2011.06.09 11:45:41.507,1.46171,1.46179,2.08,1.50
2011.06.09 11:45:43.191,1.4617,1.46178,1.62,1.50
2011.06.09 11:45:43.970,1.46169,1.46178,2.83,2.25
2011.06.09 11:45:44.526,1.46169,1.46178,2.83,3.00
2011.06.09 11:45:44.859,1.4617,1.46185,1.50,3.38
2011.06.09 11:45:45.092,1.46179,1.46186,2.10,5.63
2011.06.09 11:45:45.211,1.46181,1.46186,1.50,1.35
2011.06.09 11:45:45.329,1.4618,1.4619,1.33,1.50
2011.06.09 11:45:45.450,1.4618,1.46193,1.35,5.10
2011.06.09 11:45:45.568,1.46183,1.46193,1.18,1.50
2011.06.09 11:45:46.044,1.46185,1.46193,2.08,1.35
2011.06.09 11:45:46.158,1.46185,1.46195,1.50,2.63
2011.06.09 11:45:46.717,1.46185,1.46197,1.50,3.38
2011.06.09 11:45:47.164,1.46188,1.46197,1.33,2.25
2011.06.09 11:45:47.498,1.46196,1.46202,2.83,1.50
2011.06.09 11:45:47.619,1.46197,1.46208,1.33,7.13
2011.06.09 11:45:48.287,1.46198,1.46206,1.33,7.39
2011.06.09 11:45:48.406,1.46197,1.46202,1.50,1.50
2011.06.09 11:45:48.516,1.46195,1.46202,1.33,1.50
2011.06.09 11:45:48.847,1.46198,1.46205,1.50,4.50
2011.06.09 11:45:49.395,1.46198,1.46206,1.50,1.50
2011.06.09 11:45:49.840,1.46199,1.46203,1.65,1.50
2011.06.09 11:45:50.245,1.46197,1.46203,1.05,1.50
2011.06.09 11:45:50.376,1.46196,1.46202,5.85,1.50
2011.06.09 11:45:50.491,1.46194,1.46202,3.60,2.25
2011.06.09 11:45:50.729,1.46193,1.46201,2.08,1.50
2011.06.09 11:45:51.509,1.46193,1.46199,5.63,1.50
2011.06.09 11:45:51.629,1.46192,1.46197,1.50,1.50
2011.06.09 11:45:51.746,1.4619,1.46197,1.33,1.50
2011.06.09 11:45:52.295,1.46189,1.46196,1.33,1.50
2011.06.09 11:45:52.845,1.46187,1.46195,2.08,1.50
2011.06.09 11:45:53.175,1.46186,1.46194,1.50,1.50
2011.06.09 11:45:53.511,1.46186,1.46191,1.50,6.23
2011.06.09 11:45:53.936,1.46182,1.46187,1.13,1.43
2011.06.09 11:45:54.047,1.46181,1.46189,1.50,6.00
2011.06.09 11:45:54.596,1.46183,1.4619,1.33,1.50
2011.06.09 11:45:55.145,1.4619,1.46197,1.33,1.50
2011.06.09 11:45:55.701,1.46187,1.46195,2.85,1.50
2011.06.09 11:45:56.039,1.46186,1.46192,1.50,6.00
2011.06.09 11:45:56.162,1.46189,1.46195,1.50,1.50
2011.06.09 11:45:56.495,1.46189,1.46198,2.25,1.50
2011.06.09 11:45:57.158,1.46191,1.46198,3.00,1.50
2011.06.09 11:45:57.601,1.46192,1.46197,1.33,1.50
2011.06.09 11:45:58.485,1.46193,1.46199,1.50,5.25
2011.06.09 11:45:58.817,1.46194,1.46199,1.50,1.50
2011.06.09 11:45:59.147,1.46196,1.46201,1.33,5.10
2011.06.09 11:45:59.269,1.46199,1.46204,1.33,3.75
2011.06.09 11:45:59.496,1.462,1.46207,1.88,1.50
2011.06.09 11:45:59.607,1.462,1.46207,1.33,1.50
2011.06.09 11:45:59.716,1.46202,1.46209,1.70,4.88
2011.06.09 11:46:00.049,1.46206,1.46212,2.08,6.00
2011.06.09 11:46:00.277,1.46211,1.46217,1.33,1.50
2011.06.09 11:46:00.510,1.46213,1.46219,2.08,4.50
2011.06.09 11:46:01.068,1.46213,1.46221,1.13,4.50
2011.06.09 11:46:01.408,1.46215,1.46221,2.63,3.75
2011.06.09 11:46:01.526,1.46215,1.46225,2.63,2.25
2011.06.09 11:46:01.982,1.46217,1.46226,2.25,2.85
2011.06.09 11:46:03.685,1.46218,1.46225,1.33,1.50
2011.06.09 11:46:04.456,1.46217,1.46224,2.25,3.00
2011.06.09 11:46:04.675,1.46219,1.46224,1.33,1.50
2011.06.09 11:46:04.787,1.46217,1.46224,1.50,3.00
2011.06.09 11:46:05.118,1.46218,1.46225,1.33,2.25
2011.06.09 11:46:07.615,1.46218,1.46226,1.33,2.85
2011.06.09 11:46:07.730,1.4622,1.46231,1.35,2.51
2011.06.09 11:46:08.147,1.4622,1.46228,1.33,1.50
2011.06.09 11:46:08.262,1.46226,1.46235,3.08,1.50
2011.06.09 11:46:08.598,1.46226,1.46234,3.28,1.50
2011.06.09 11:46:08.827,1.46226,1.46235,1.95,2.10
2011.06.09 11:46:09.049,1.46226,1.46234,1.95,2.25
2011.06.09 11:46:09.172,1.46225,1.46232,2.70,2.10
2011.06.09 11:46:09.510,1.46221,1.46228,1.33,1.50
2011.06.09 11:46:09.848,1.4622,1.46228,2.08,1.50
2011.06.09 11:46:09.970,1.4622,1.46229,2.83,2.25
2011.06.09 11:46:10.310,1.46228,1.46234,4.95,3.26
2011.06.09 11:46:10.427,1.46231,1.46237,1.50,1.13
2011.06.09 11:46:10.646,1.46232,1.46239,3.00,1.50
2011.06.09 11:46:12.189,1.46238,1.46244,1.50,1.50
2011.06.09 11:46:12.421,1.46239,1.46246,1.50,1.50
2011.06.09 11:46:12.646,1.46239,1.46247,3.50,1.50
2011.06.09 11:46:12.980,1.46244,1.46249,1.50,1.50
2011.06.09 11:46:13.100,1.46244,1.46251,1.50,4.50
2011.06.09 11:46:13.987,1.46245,1.46256,1.50,2.25
2011.06.09 11:46:14.315,1.46247,1.46255,3.00,2.25
2011.06.09 11:46:14.427,1.46247,1.46255,2.25,3.00
2011.06.09 11:46:14.649,1.4625,1.46255,2.10,1.50
2011.06.09 11:46:14.768,1.46248,1.46255,4.35,1.50
2011.06.09 11:46:14.890,1.46249,1.46256,1.50,1.50
2011.06.09 11:46:15.009,1.46248,1.46257,2.85,3.00
2011.06.09 11:46:15.511,1.4625,1.46257,1.35,3.00
2011.06.09 11:46:15.748,1.46248,1.46257,2.10,2.25
2011.06.09 11:46:16.195,1.46248,1.46256,2.10,2.25
2011.06.09 11:46:16.527,1.46246,1.46254,3.20,6.75
2011.06.09 11:46:16.638,1.46245,1.46252,1.50,1.50
2011.06.09 11:46:16.757,1.46243,1.4625,2.25,2.25
2011.06.09 11:46:16.877,1.46243,1.4625,1.50,2.63
2011.06.09 11:46:16.991,1.46239,1.46245,3.05,2.25
2011.06.09 11:46:17.329,1.46233,1.4624,1.88,2.25
2011.06.09 11:46:17.446,1.46233,1.4624,1.50,2.25
2011.06.09 11:46:17.996,1.46233,1.46244,1.50,5.18
2011.06.09 11:46:18.107,1.46233,1.4624,2.85,2.25
2011.06.09 11:46:18.327,1.46232,1.46238,2.63,1.50
2011.06.09 11:46:19.315,1.46232,1.46238,1.50,1.50
2011.06.09 11:46:20.760,1.46231,1.46238,1.50,1.50
2011.06.09 11:46:20.991,1.46233,1.4624,1.50,1.50
2011.06.09 11:46:21.875,1.46233,1.4624,1.50,1.50
2011.06.09 11:46:22.425,1.46234,1.4624,1.50,1.50
2011.06.09 11:46:23.086,1.46236,1.46242,1.50,6.00
2011.06.09 11:46:23.200,1.46239,1.46245,3.38,1.13
2011.06.09 11:46:23.318,1.46241,1.46246,1.50,3.75
2011.06.09 11:46:23.440,1.46242,1.46248,1.50,1.50
2011.06.09 11:46:23.790,1.46238,1.46245,4.50,1.50
2011.06.09 11:46:24.348,1.46239,1.46245,1.50,1.14
2011.06.09 11:46:24.577,1.46239,1.46246,2.25,1.50
2011.06.09 11:46:24.986,1.46241,1.46246,1.50,1.50
2011.06.09 11:46:25.105,1.46241,1.46248,1.50,1.50
2011.06.09 11:46:26.535,1.46241,1.46249,1.50,3.00
2011.06.09 11:46:27.415,1.4624,1.46246,1.50,1.50
2011.06.09 11:46:27.527,1.46238,1.46245,1.50,2.25
2011.06.09 11:46:27.745,1.46236,1.46243,1.50,1.50
2011.06.09 11:46:28.408,1.46241,1.46247,1.50,2.18
2011.06.09 11:46:30.286,1.4624,1.46247,1.50,1.50
2011.06.09 11:46:30.726,1.46239,1.46247,1.50,3.00
2011.06.09 11:46:35.896,1.46239,1.46247,1.50,3.38
2011.06.09 11:46:36.556,1.46237,1.46246,3.38,3.00
2011.06.09 11:46:36.669,1.46236,1.46243,1.13,1.50
2011.06.09 11:46:36.899,1.46232,1.46239,1.13,1.50
2011.06.09 11:46:37.126,1.46231,1.46239,1.50,2.25
2011.06.09 11:46:37.676,1.46231,1.46239,2.25,2.25
2011.06.09 11:46:37.787,1.46233,1.4624,2.08,1.50
2011.06.09 11:46:38.116,1.46239,1.46246,1.50,2.25
2011.06.09 11:46:38.228,1.4624,1.46248,1.50,3.00
2011.06.09 11:46:39.827,1.4624,1.46248,2.25,1.50
2011.06.09 11:46:40.267,1.46239,1.46246,1.50,1.50
2011.06.09 11:46:40.708,1.46241,1.46248,1.50,3.00
2011.06.09 11:46:41.598,1.46238,1.46246,2.83,1.50
2011.06.09 11:46:41.717,1.46238,1.46246,2.83,1.50
2011.06.09 11:46:42.376,1.46238,1.46246,2.83,1.50
2011.06.09 11:46:43.042,1.46243,1.46249,1.50,1.50
2011.06.09 11:46:43.160,1.4624,1.46248,1.50,2.25
2011.06.09 11:46:43.606,1.4624,1.46248,1.50,2.25
2011.06.09 11:46:44.265,1.46239,1.46247,1.50,2.25
2011.06.09 11:46:45.638,1.46238,1.46246,1.88,1.50
2011.06.09 11:46:45.980,1.46237,1.46246,2.25,3.00
2011.06.09 11:46:46.316,1.46235,1.46242,2.63,2.25
2011.06.09 11:46:46.650,1.46233,1.46242,4.13,2.25
2011.06.09 11:46:47.098,1.46232,1.4624,1.50,1.50
2011.06.09 11:46:48.426,1.46231,1.4624,2.63,3.38
2011.06.09 11:46:48.757,1.46228,1.46235,1.88,1.50
2011.06.09 11:46:49.305,1.46228,1.46235,1.88,1.50
2011.06.09 11:46:50.095,1.46225,1.46234,2.45,1.50
2011.06.09 11:46:50.476,1.46224,1.46234,4.70,2.25
2011.06.09 11:46:50.919,1.46223,1.4623,1.33,1.13
2011.06.09 11:46:53.355,1.4622,1.46229,3.05,1.50
2011.06.09 11:46:53.906,1.46222,1.4623,1.88,2.55
2011.06.09 11:46:54.455,1.46222,1.4623,1.50,1.50
2011.06.09 11:46:56.216,1.46222,1.4623,2.25,1.50
2011.06.09 11:46:56.551,1.46225,1.4623,1.50,1.50
2011.06.09 11:46:56.670,1.46225,1.46233,1.50,2.25
2011.06.09 11:46:57.225,1.46229,1.46239,2.25,3.00
2011.06.09 11:46:57.801,1.46229,1.46238,2.25,1.50
2011.06.09 11:47:00.448,1.46228,1.46236,2.45,2.25
2011.06.09 11:47:00.786,1.46229,1.46237,2.25,1.50
2011.06.09 11:47:01.337,1.46229,1.46237,2.25,1.50
2011.06.09 11:47:01.666,1.46223,1.46231,2.25,1.50
2011.06.09 11:47:02.430,1.46222,1.4623,1.88,1.50
2011.06.09 11:47:02.549,1.46222,1.46229,1.88,2.25
2011.06.09 11:47:03.655,1.46222,1.46231,1.88,1.50
2011.06.09 11:47:04.540,1.46222,1.4623,1.13,1.50
2011.06.09 11:47:04.770,1.46219,1.46229,3.00,1.50
2011.06.09 11:47:04.999,1.46218,1.46227,3.38,1.50
2011.06.09 11:47:05.117,1.46218,1.46226,3.38,2.25
2011.06.09 11:47:05.228,1.46215,1.46222,2.30,1.50
2011.06.09 11:47:05.459,1.4621,1.46219,3.75,1.50
2011.06.09 11:47:06.017,1.46209,1.4622,3.38,1.50
2011.06.09 11:47:07.610,1.4621,1.46219,1.50,1.50
2011.06.09 11:47:08.174,1.46209,1.46218,3.23,1.50
2011.06.09 11:47:08.507,1.46208,1.46217,3.38,2.25
2011.06.09 11:47:08.842,1.46206,1.46214,2.63,1.50
2011.06.09 11:47:08.963,1.46205,1.46212,1.50,1.50
2011.06.09 11:47:09.189,1.46202,1.46211,1.33,4.50
2011.06.09 11:47:09.746,1.46201,1.46211,2.63,2.10
2011.06.09 11:47:10.296,1.46202,1.46211,1.50,1.50
2011.06.09 11:47:10.627,1.46201,1.46208,1.13,1.50
2011.06.09 11:47:10.959,1.46195,1.46204,1.13,1.50
2011.06.09 11:47:11.077,1.46199,1.46208,2.25,1.80
2011.06.09 11:47:15.555,1.46199,1.46206,2.48,1.50
2011.06.09 11:47:15.887,1.46194,1.46202,4.13,2.25
2011.06.09 11:47:15.997,1.46194,1.462,4.50,2.10
2011.06.09 11:47:16.329,1.46191,1.46196,1.50,3.75
2011.06.09 11:47:16.814,1.46191,1.462,1.50,1.50
2011.06.09 11:47:17.366,1.46191,1.462,2.25,2.25
2011.06.09 11:47:17.702,1.462,1.46205,1.50,1.13
2011.06.09 11:47:17.822,1.462,1.46206,2.25,1.76
2011.06.09 11:47:17.945,1.46203,1.46212,1.35,2.25
2011.06.09 11:47:18.059,1.46202,1.4621,1.35,1.88
2011.06.09 11:47:18.727,1.46201,1.4621,3.38,1.50
2011.06.09 11:47:18.846,1.46201,1.4621,3.45,1.50
2011.06.09 11:47:19.179,1.46208,1.46214,3.38,1.43
2011.06.09 11:47:19.408,1.46211,1.46218,2.63,1.50
2011.06.09 11:47:19.635,1.46211,1.4622,2.63,2.25
2011.06.09 11:47:20.011,1.46213,1.46221,1.50,2.25
2011.06.09 11:47:20.580,1.46215,1.46221,1.50,2.25
2011.06.09 11:47:20.818,1.46216,1.46222,1.43,1.50
2011.06.09 11:47:21.158,1.46217,1.46223,1.13,1.50
2011.06.09 11:47:21.498,1.46219,1.46223,1.50,1.50
2011.06.09 11:47:21.618,1.46218,1.46227,1.50,2.25
2011.06.09 11:47:21.737,1.46219,1.46228,1.50,1.50
2011.06.09 11:47:22.397,1.4622,1.4623,3.00,3.38
2011.06.09 11:47:22.725,1.46228,1.46236,1.50,1.50
2011.06.09 11:47:24.047,1.46229,1.46235,1.50,2.25
2011.06.09 11:47:24.269,1.46229,1.46238,3.00,2.25
2011.06.09 11:47:24.386,1.46229,1.46238,1.50,3.00
2011.06.09 11:47:24.497,1.46229,1.46238,3.75,1.50
2011.06.09 11:47:25.064,1.46229,1.46239,4.50,2.25
2011.06.09 11:47:25.653,1.46228,1.46236,1.88,2.25
2011.06.09 11:47:25.988,1.46228,1.46237,1.50,1.50
2011.06.09 11:47:26.544,1.46228,1.46237,1.50,1.50
2011.06.09 11:47:27.319,1.46227,1.46235,3.38,1.50
2011.06.09 11:47:27.787,1.46224,1.4623,1.28,1.50
2011.06.09 11:47:28.009,1.46223,1.46232,1.50,3.60
2011.06.09 11:47:29.229,1.46225,1.46234,1.50,1.88
2011.06.09 11:47:29.348,1.46225,1.46234,2.25,1.13
2011.06.09 11:47:31.914,1.46225,1.46234,2.63,1.50
2011.06.09 11:47:32.034,1.46224,1.46232,3.38,2.25
2011.06.09 11:47:33.806,1.46223,1.46232,1.50,2.25
2011.06.09 11:47:34.356,1.46223,1.46232,1.50,2.25
2011.06.09 11:47:35.235,1.46223,1.46232,1.50,3.00
2011.06.09 11:47:39.085,1.46223,1.46232,1.50,3.00
2011.06.09 11:47:39.525,1.46222,1.46231,1.88,2.10
2011.06.09 11:47:39.637,1.46222,1.4623,1.13,1.50
2011.06.09 11:47:42.398,1.46222,1.4623,1.13,2.25
2011.06.09 11:47:42.957,1.46221,1.46229,1.88,8.10
2011.06.09 11:47:43.078,1.46215,1.46224,3.42,1.50
2011.06.09 11:47:43.639,1.46215,1.46224,3.42,1.50
2011.06.09 11:47:44.197,1.46215,1.46224,1.54,1.50
2011.06.09 11:47:44.415,1.46215,1.46224,1.54,3.00
2011.06.09 11:47:44.747,1.46212,1.46218,3.75,1.50
2011.06.09 11:47:44.976,1.46209,1.46218,2.63,2.25
2011.06.09 11:47:45.747,1.46209,1.46216,1.88,2.85
2011.06.09 11:47:46.081,1.46205,1.4621,3.75,1.50
2011.06.09 11:47:46.196,1.46201,1.4621,3.00,1.50
2011.06.09 11:47:46.744,1.46201,1.46209,1.88,1.50
2011.06.09 11:47:48.287,1.46201,1.46209,1.88,2.25
2011.06.09 11:47:48.397,1.46201,1.46207,1.13,1.50
2011.06.09 11:47:48.726,1.46197,1.46206,3.38,2.25
2011.06.09 11:47:49.745,1.46198,1.46206,1.13,1.50
2011.06.09 11:47:49.860,1.46201,1.46209,1.50,1.50
2011.06.09 11:47:49.978,1.46201,1.4621,1.50,2.63
2011.06.09 11:47:50.645,1.46201,1.4621,1.50,2.63
2011.06.09 11:47:51.306,1.46201,1.4621,1.50,2.63
2011.06.09 11:47:52.627,1.46201,1.4621,1.50,3.30
2011.06.09 11:47:52.737,1.46201,1.46209,1.50,1.50
2011.06.09 11:47:53.066,1.46199,1.46208,2.25,1.50
2011.06.09 11:47:53.615,1.46192,1.46201,1.50,1.50
2011.06.09 11:47:56.145,1.46191,1.462,1.50,1.50
2011.06.09 11:47:59.176,1.46191,1.46197,1.50,1.27
2011.06.09 11:47:59.506,1.46187,1.46196,1.50,1.50
2011.06.09 11:48:01.156,1.46187,1.46196,1.50,6.00
2011.06.09 11:48:01.377,1.46187,1.46194,1.50,1.35
2011.06.09 11:48:01.708,1.46184,1.46192,2.25,5.25
2011.06.09 11:48:02.265,1.46184,1.46192,1.50,5.25
2011.06.09 11:48:02.596,1.46183,1.46191,1.33,1.50
2011.06.09 11:48:02.928,1.46183,1.46189,1.33,1.50
2011.06.09 11:48:03.048,1.46182,1.46188,4.55,2.10
2011.06.09 11:48:03.267,1.46179,1.46188,2.63,2.25
2011.06.09 11:48:04.108,1.46178,1.46187,2.63,2.25
2011.06.09 11:48:05.205,1.46171,1.4618,1.88,2.25
2011.06.09 11:48:05.648,1.46169,1.46174,1.13,3.00
2011.06.09 11:48:05.989,1.46166,1.46174,2.25,1.50
2011.06.09 11:48:06.110,1.46159,1.46168,2.63,2.25
2011.06.09 11:48:06.669,1.46159,1.46168,1.50,2.25
2011.06.09 11:48:07.227,1.4616,1.46169,1.50,5.25
2011.06.09 11:48:07.449,1.46159,1.46169,1.95,2.25
2011.06.09 11:48:12.658,1.46155,1.46164,1.65,1.43
2011.06.09 11:48:12.887,1.46159,1.46169,1.50,2.55
2011.06.09 11:48:13.436,1.46159,1.46168,1.50,1.43
2011.06.09 11:48:14.409,1.46158,1.46163,1.88,1.50
2011.06.09 11:48:14.758,1.4615,1.46159,3.75,3.53
2011.06.09 11:48:14.879,1.46149,1.46157,1.50,2.78
2011.06.09 11:48:15.217,1.46145,1.46156,1.50,2.78
2011.06.09 11:48:19.282,1.46147,1.46154,1.50,1.50
2011.06.09 11:48:19.400,1.46142,1.46153,2.08,5.93
2011.06.09 11:48:19.846,1.46141,1.4615,2.25,1.05
2011.06.09 11:48:20.178,1.46139,1.46149,2.25,4.50
2011.06.09 11:48:20.295,1.46139,1.46149,2.25,1.35
2011.06.09 11:48:20.516,1.46139,1.46149,2.25,1.95
2011.06.09 11:48:20.629,1.46134,1.46146,1.93,1.43
2011.06.09 11:48:21.185,1.46135,1.46146,2.25,2.25
2011.06.09 11:48:21.739,1.46136,1.46145,1.50,2.25
2011.06.09 11:48:22.297,1.46138,1.46145,1.35,1.50
2011.06.09 11:48:22.408,1.46138,1.46147,1.50,4.05
2011.06.09 11:48:22.856,1.46136,1.46146,2.85,1.50
2011.06.09 11:48:23.405,1.46136,1.46146,2.25,2.25
2011.06.09 11:48:23.937,1.46135,1.46144,2.25,1.50
2011.06.09 11:48:27.896,1.46135,1.46143,1.50,1.50
2011.06.09 11:48:28.338,1.4613,1.46143,1.50,2.85
2011.06.09 11:48:28.895,1.46133,1.46143,2.25,2.10
2011.06.09 11:48:29.885,1.46133,1.46143,2.25,2.10
2011.06.09 11:48:29.997,1.46133,1.46143,2.25,2.10
2011.06.09 11:48:30.473,1.46137,1.46144,2.10,1.50
2011.06.09 11:48:30.595,1.46138,1.46147,1.50,1.50
2011.06.09 11:48:31.146,1.46138,1.46147,1.50,2.25
2011.06.09 11:48:31.696,1.46137,1.46147,2.25,2.25
2011.06.09 11:48:32.138,1.46135,1.46144,7.50,1.50
2011.06.09 11:48:32.589,1.46138,1.46147,1.50,1.50
2011.06.09 11:48:32.708,1.46139,1.46148,2.25,4.88
2011.06.09 11:48:34.699,1.46139,1.46147,1.50,1.50
2011.06.09 11:48:35.129,1.46137,1.46146,1.50,1.50
2011.06.09 11:48:36.130,1.46135,1.46144,2.63,2.25
2011.06.09 11:48:36.467,1.46137,1.46146,1.50,2.25
2011.06.09 11:48:36.578,1.46136,1.46146,3.23,3.00
2011.06.09 11:48:37.135,1.46136,1.46144,1.13,1.50
2011.06.09 11:48:39.336,1.46136,1.46145,1.88,1.50
2011.06.09 11:48:39.668,1.46132,1.4614,2.25,2.10
2011.06.09 11:48:40.116,1.46133,1.4614,4.50,1.50
2011.06.09 11:48:40.337,1.46139,1.46146,1.50,7.73
2011.06.09 11:48:40.944,1.46136,1.46144,1.88,1.50
2011.06.09 11:48:42.158,1.46138,1.46146,1.50,1.50
2011.06.09 11:48:42.500,1.46145,1.46149,3.75,2.25
2011.06.09 11:48:42.731,1.46144,1.46152,2.25,2.85
2011.06.09 11:48:42.851,1.46146,1.46152,1.50,1.42
2011.06.09 11:48:42.969,1.46148,1.46153,2.10,4.88
2011.06.09 11:48:43.198,1.46148,1.46154,1.50,2.25
2011.06.09 11:48:43.540,1.46149,1.46155,2.25,1.13
2011.06.09 11:48:44.070,1.4615,1.46156,4.50,1.50
2011.06.09 11:48:44.304,1.46155,1.46162,1.50,1.50
2011.06.09 11:48:44.420,1.46152,1.46158,1.13,1.50
2011.06.09 11:48:44.539,1.46151,1.46158,1.13,1.50
2011.06.09 11:48:44.963,1.46155,1.46163,1.50,3.30
2011.06.09 11:48:45.081,1.46155,1.46163,1.50,3.23
2011.06.09 11:48:45.198,1.46154,1.46161,1.25,1.50
2011.06.09 11:48:45.756,1.46152,1.46161,1.50,1.50
2011.06.09 11:48:46.308,1.46151,1.46159,1.88,1.50
2011.06.09 11:48:46.430,1.46151,1.46159,1.88,1.50
2011.06.09 11:48:47.598,1.46151,1.46159,1.50,1.50
2011.06.09 11:48:47.826,1.46151,1.46155,1.50,3.75
2011.06.09 11:48:48.158,1.46151,1.46158,1.50,2.17
2011.06.09 11:48:48.280,1.46149,1.46155,1.13,1.50
2011.06.09 11:48:48.508,1.46143,1.46151,1.13,1.50
2011.06.09 11:48:49.065,1.46143,1.46151,1.50,1.50
2011.06.09 11:48:49.176,1.46143,1.46153,3.75,2.25
2011.06.09 11:48:49.287,1.46145,1.46154,1.50,7.13
2011.06.09 11:48:49.508,1.46149,1.46156,1.50,2.51
2011.06.09 11:48:49.850,1.46151,1.46159,1.50,1.88
2011.06.09 11:48:50.406,1.46149,1.46159,3.00,1.88
2011.06.09 11:48:51.507,1.46149,1.46158,1.58,2.25
2011.06.09 11:48:53.069,1.46151,1.4616,1.50,4.35
2011.06.09 11:48:53.848,1.46152,1.4616,2.85,1.50
2011.06.09 11:48:54.186,1.46153,1.46162,1.50,1.50
2011.06.09 11:48:55.076,1.46153,1.46162,1.50,2.25
2011.06.09 11:48:55.406,1.46152,1.46161,1.50,1.50
2011.06.09 11:49:00.509,1.46157,1.46164,1.50,6.38
2011.06.09 11:49:00.888,1.46157,1.46164,2.25,1.50
2011.06.09 11:49:01.012,1.46157,1.46166,2.25,1.50
2011.06.09 11:49:02.226,1.46156,1.46165,1.73,2.25
2011.06.09 11:49:02.339,1.46155,1.46163,5.25,1.50
2011.06.09 11:49:02.895,1.46153,1.46163,1.88,2.25
2011.06.09 11:49:04.106,1.46154,1.46163,1.50,1.56
2011.06.09 11:49:04.438,1.46149,1.46159,7.25,2.25
2011.06.09 11:49:04.556,1.46149,1.46158,5.63,2.25
2011.06.09 11:49:05.107,1.46147,1.46156,3.23,1.50
2011.06.09 11:49:05.658,1.46149,1.46158,1.50,2.25
2011.06.09 11:49:05.886,1.4615,1.46159,1.50,1.50
2011.06.09 11:49:07.017,1.46153,1.4616,1.50,1.67
2011.06.09 11:49:07.457,1.46153,1.46162,2.25,1.50
2011.06.09 11:49:08.235,1.46153,1.46162,1.50,1.50
2011.06.09 11:49:11.435,1.46152,1.46162,5.85,2.25
2011.06.09 11:49:11.548,1.46151,1.46159,1.88,1.50
2011.06.09 11:49:11.668,1.46153,1.46161,2.10,2.25
2011.06.09 11:49:11.898,1.46154,1.46163,1.50,2.25
2011.06.09 11:49:13.556,1.46154,1.46163,1.50,2.25
2011.06.09 11:49:14.766,1.46154,1.46162,2.00,2.25
2011.06.09 11:49:15.297,1.46154,1.46161,1.88,2.10
2011.06.09 11:49:15.539,1.46159,1.46168,2.25,2.25
2011.06.09 11:49:15.770,1.46162,1.46169,1.50,1.35
2011.06.09 11:49:16.104,1.46159,1.46167,1.50,2.25
2011.06.09 11:49:16.546,1.46157,1.46164,1.13,1.50
2011.06.09 11:49:16.658,1.46156,1.46162,4.50,1.50
2011.06.09 11:49:16.782,1.46158,1.46165,1.50,5.25
2011.06.09 11:49:17.116,1.46157,1.46166,2.25,1.50
2011.06.09 11:49:17.666,1.46159,1.46167,1.50,1.13
2011.06.09 11:49:17.996,1.4616,1.46169,1.50,3.00
2011.06.09 11:49:20.382,1.4616,1.46169,1.50,3.00
2011.06.09 11:49:21.265,1.4616,1.46168,3.30,1.50
2011.06.09 11:49:21.927,1.46161,1.46169,1.50,1.50
2011.06.09 11:49:22.477,1.46161,1.4617,1.50,2.25
2011.06.09 11:49:23.028,1.4616,1.46169,3.90,2.25
2011.06.09 11:49:23.575,1.4616,1.46169,2.55,3.75
2011.06.09 11:49:25.229,1.46158,1.46162,5.45,1.50
2011.06.09 11:49:25.569,1.46151,1.46159,2.63,2.25
2011.06.09 11:49:25.957,1.46149,1.46158,2.25,2.25
2011.06.09 11:49:27.287,1.46149,1.46156,1.50,1.50
2011.06.09 11:49:27.947,1.46148,1.46156,1.88,1.50
2011.06.09 11:49:28.937,1.46148,1.46156,2.63,4.35
2011.06.09 11:49:29.378,1.46148,1.46155,1.88,5.25
2011.06.09 11:49:29.729,1.46149,1.46155,1.50,4.50
2011.06.09 11:49:29.959,1.46148,1.46157,3.00,1.50
2011.06.09 11:49:30.845,1.46148,1.46157,1.82,2.25
2011.06.09 11:49:31.215,1.46148,1.46155,1.07,1.35
2011.06.09 11:49:31.568,1.46143,1.46152,1.50,2.25
2011.06.09 11:49:32.016,1.46142,1.46151,1.50,2.25
2011.06.09 11:49:34.877,1.46142,1.46151,2.25,2.25
2011.06.09 11:49:36.525,1.46143,1.46151,1.50,1.50
2011.06.09 11:49:36.857,1.46146,1.46153,1.50,5.85
2011.06.09 11:49:37.078,1.46148,1.46154,2.25,3.75
2011.06.09 11:49:37.198,1.46148,1.46157,2.25,2.25
2011.06.09 11:49:37.608,1.46149,1.46157,1.50,3.00
2011.06.09 11:49:40.368,1.46148,1.46154,1.50,1.50
2011.06.09 11:49:40.706,1.46146,1.46154,1.88,2.25
2011.06.09 11:49:41.038,1.46143,1.4615,1.50,1.50
2011.06.09 11:49:41.597,1.46142,1.46152,2.25,3.00
2011.06.09 11:49:41.708,1.46143,1.46152,2.25,3.00
2011.06.09 11:49:41.828,1.46145,1.46153,1.50,4.50
2011.06.09 11:49:42.385,1.46146,1.46153,1.50,1.50
2011.06.09 11:49:42.606,1.46144,1.46151,1.13,1.50
2011.06.09 11:49:43.160,1.46142,1.4615,1.50,2.25
2011.06.09 11:49:48.247,1.46144,1.46151,1.50,1.50
2011.06.09 11:49:48.578,1.46146,1.46155,1.50,3.00
2011.06.09 11:49:48.807,1.46143,1.46152,4.73,2.25
2011.06.09 11:49:49.355,1.46141,1.46151,3.60,2.25
2011.06.09 11:49:49.905,1.46141,1.4615,2.85,2.25
2011.06.09 11:49:54.226,1.46141,1.4615,1.50,3.00
2011.06.09 11:49:56.156,1.46141,1.46149,1.50,1.50
2011.06.09 11:49:59.633,1.4614,1.46149,1.88,1.50
2011.06.09 11:50:00.535,1.46141,1.46151,2.85,4.13
2011.06.09 11:50:03.805,1.46141,1.46149,1.50,1.50
2011.06.09 11:50:03.916,1.4614,1.46146,6.75,2.10
2011.06.09 11:50:04.246,1.46133,1.46141,3.00,1.50
2011.06.09 11:50:04.357,1.46133,1.46139,1.50,1.50
2011.06.09 11:50:04.905,1.4613,1.46139,3.98,1.50
2011.06.09 11:50:05.017,1.46132,1.4614,1.50,1.50
2011.06.09 11:50:05.346,1.46132,1.4614,2.25,1.50
2011.06.09 11:50:05.680,1.46139,1.46145,1.50,2.17
2011.06.09 11:50:05.907,1.4614,1.46146,2.25,3.75
2011.06.09 11:50:06.486,1.46135,1.46144,2.25,1.50
2011.06.09 11:50:06.711,1.46134,1.46143,1.50,2.25
2011.06.09 11:50:06.938,1.46132,1.4614,1.50,1.50
2011.06.09 11:50:07.495,1.46132,1.4614,1.50,1.50
2011.06.09 11:50:08.267,1.46132,1.4614,1.50,1.50
2011.06.09 11:50:09.827,1.46132,1.4614,1.50,1.50
2011.06.09 11:50:10.158,1.46136,1.46142,1.50,2.10
2011.06.09 11:50:10.388,1.46141,1.46149,2.25,2.25
2011.06.09 11:50:10.945,1.4614,1.4615,1.35,2.25
2011.06.09 11:50:11.999,1.4614,1.46148,1.35,3.75
2011.06.09 11:50:12.228,1.46137,1.46146,1.88,1.50
2011.06.09 11:50:13.556,1.46137,1.46147,2.25,1.50
2011.06.09 11:50:13.776,1.46136,1.46147,1.50,4.85
2011.06.09 11:50:14.110,1.46135,1.46144,2.10,1.50
2011.06.09 11:50:14.226,1.46135,1.46146,2.85,2.25
2011.06.09 11:50:14.775,1.46135,1.46146,3.60,1.88
2011.06.09 11:50:15.437,1.46134,1.46145,2.25,1.88
2011.06.09 11:50:15.548,1.46132,1.46141,2.63,1.50
2011.06.09 11:50:15.667,1.46131,1.4614,2.25,1.50
2011.06.09 11:50:16.966,1.46131,1.4614,2.25,1.50
2011.06.09 11:50:20.056,1.46131,1.46139,1.50,2.25
2011.06.09 11:50:21.377,1.46131,1.46138,1.50,4.35
2011.06.09 11:50:22.145,1.46131,1.46139,1.50,1.50
2011.06.09 11:50:24.015,1.46131,1.4614,2.25,1.50
2011.06.09 11:50:24.566,1.46132,1.46141,2.25,2.63
2011.06.09 11:50:25.986,1.46133,1.46141,1.50,1.13
2011.06.09 11:50:26.536,1.46135,1.46142,1.50,1.50
2011.06.09 11:50:28.409,1.46137,1.46144,1.50,1.50
2011.06.09 11:50:28.530,1.46137,1.46144,1.50,1.50
2011.06.09 11:50:28.979,1.46135,1.46142,1.50,1.50
2011.06.09 11:50:29.098,1.46132,1.46141,2.25,2.10
2011.06.09 11:50:30.317,1.46132,1.46141,1.50,2.85
2011.06.09 11:50:30.865,1.46132,1.46141,1.50,1.50
2011.06.09 11:50:34.280,1.46133,1.46142,1.50,3.38
2011.06.09 11:50:34.398,1.46133,1.46142,2.25,1.88
2011.06.09 11:50:34.958,1.46137,1.46142,1.50,1.50
2011.06.09 11:50:35.185,1.46134,1.46142,1.50,1.50
2011.06.09 11:50:35.301,1.46136,1.46143,2.10,3.71
2011.06.09 11:50:35.637,1.46138,1.46148,1.50,3.75
2011.06.09 11:50:36.185,1.46138,1.46147,1.50,1.50
2011.06.09 11:50:38.277,1.46137,1.46144,1.50,1.50
2011.06.09 11:50:38.608,1.46132,1.4614,1.50,1.50
2011.06.09 11:50:40.033,1.46131,1.4614,2.25,1.50
2011.06.09 11:50:40.258,1.46131,1.4614,3.00,1.50
2011.06.09 11:50:40.375,1.46135,1.46144,2.25,1.13
2011.06.09 11:50:41.038,1.46135,1.46144,1.50,1.50
2011.06.09 11:50:42.763,1.46136,1.46145,1.50,1.50
2011.06.09 11:50:43.315,1.46137,1.46146,2.25,1.50
2011.06.09 11:50:44.125,1.46137,1.46146,2.25,1.50
2011.06.09 11:50:44.678,1.46139,1.46148,1.50,1.50
2011.06.09 11:50:51.348,1.46137,1.46146,3.00,1.50
2011.06.09 11:50:51.569,1.46133,1.46141,5.25,1.50
2011.06.09 11:50:52.125,1.46133,1.46141,1.50,1.50
2011.06.09 11:50:53.006,1.46131,1.4614,2.25,1.50
2011.06.09 11:50:54.546,1.46131,1.46141,3.75,1.50
2011.06.09 11:50:55.095,1.46132,1.46141,1.50,1.50
2011.06.09 11:51:08.766,1.46132,1.4614,1.50,1.50
2011.06.09 11:51:09.314,1.46132,1.4614,1.50,2.25
2011.06.09 11:51:09.865,1.46131,1.4614,2.25,1.50
2011.06.09 11:51:10.415,1.46131,1.4614,1.50,2.25
2011.06.09 11:51:12.875,1.46131,1.4614,1.88,1.50
2011.06.09 11:51:13.709,1.46135,1.46145,8.45,2.25
2011.06.09 11:51:14.272,1.46138,1.46145,1.18,1.50
2011.06.09 11:51:14.509,1.4614,1.46149,2.63,2.25
2011.06.09 11:51:14.630,1.4614,1.4615,5.48,2.25
2011.06.09 11:51:14.970,1.46145,1.46154,7.55,2.25
2011.06.09 11:51:15.087,1.46147,1.46156,2.10,1.50
2011.06.09 11:51:15.635,1.46149,1.46156,3.51,1.50
2011.06.09 11:51:16.185,1.46149,1.46156,1.50,1.50
2011.06.09 11:51:16.837,1.46149,1.46157,3.75,1.50
2011.06.09 11:51:16.955,1.46151,1.46158,1.50,1.50
2011.06.09 11:51:17.396,1.46149,1.46157,4.18,1.50
2011.06.09 11:51:17.616,1.46149,1.46157,2.08,2.25
2011.06.09 11:51:18.606,1.46147,1.46156,4.78,1.50
2011.06.09 11:51:18.940,1.46152,1.46158,2.25,1.50
2011.06.09 11:51:19.060,1.46152,1.46158,1.13,2.25
2011.06.09 11:51:19.406,1.46147,1.46156,5.83,1.50
2011.06.09 11:51:19.626,1.46146,1.46155,3.58,1.50
2011.06.09 11:51:20.176,1.46146,1.46156,3.75,3.38
2011.06.09 11:51:20.286,1.46147,1.46156,1.50,2.63
2011.06.09 11:51:20.725,1.46148,1.46156,1.50,1.50
2011.06.09 11:51:21.056,1.46151,1.4616,2.08,3.00
2011.06.09 11:51:21.168,1.46154,1.4616,1.50,1.50
2011.06.09 11:51:21.509,1.46152,1.46156,7.33,3.75
2011.06.09 11:51:21.900,1.4615,1.46156,4.88,7.76
2011.06.09 11:51:22.029,1.46148,1.46157,3.58,3.00
2011.06.09 11:51:22.153,1.46148,1.46154,1.33,1.50
2011.06.09 11:51:23.368,1.4614,1.46148,1.33,3.00
2011.06.09 11:51:24.246,1.46139,1.46145,1.50,1.50
2011.06.09 11:51:24.795,1.46138,1.46146,2.83,1.50
2011.06.09 11:51:25.457,1.46137,1.46145,1.50,2.25
2011.06.09 11:51:25.677,1.46136,1.46144,1.33,2.10
2011.06.09 11:51:26.007,1.46135,1.46141,1.33,1.50
2011.06.09 11:51:26.227,1.46133,1.46141,2.83,1.50
2011.06.09 11:51:27.167,1.46133,1.4614,1.33,1.50
2011.06.09 11:51:27.718,1.46133,1.4614,1.33,1.50
2011.06.09 11:51:28.275,1.46133,1.4614,1.33,1.50
2011.06.09 11:51:31.525,1.46132,1.46141,2.25,3.00
2011.06.09 11:51:36.855,1.46133,1.46141,2.45,2.25
2011.06.09 11:51:56.726,1.46133,1.46141,1.50,1.50
2011.06.09 11:51:58.406,1.46133,1.46141,1.50,1.50
2011.06.09 11:51:59.505,1.46132,1.46141,2.25,1.50
2011.06.09 11:52:00.137,1.46132,1.4614,1.50,1.50
2011.06.09 11:52:00.796,1.46132,1.4614,1.50,1.50
2011.06.09 11:52:01.345,1.46132,1.4614,1.50,1.50
2011.06.09 11:52:02.005,1.46132,1.4614,1.50,1.50
2011.06.09 11:52:02.665,1.46132,1.4614,1.50,1.50
2011.06.09 11:52:03.655,1.46132,1.4614,1.50,1.50
2011.06.09 11:52:07.237,1.46132,1.4614,1.50,1.50
2011.06.09 11:52:07.353,1.46134,1.46141,2.10,1.50
2011.06.09 11:52:07.591,1.46138,1.46146,2.08,2.55
2011.06.09 11:52:07.824,1.46142,1.46148,2.10,1.50
2011.06.09 11:52:07.938,1.46144,1.46149,1.50,1.50
2011.06.09 11:52:08.547,1.46141,1.46149,2.08,1.50
2011.06.09 11:52:08.877,1.46145,1.46152,1.50,1.50
2011.06.09 11:52:10.967,1.46143,1.46151,2.25,2.25
2011.06.09 11:52:11.089,1.46143,1.46151,2.25,2.25
2011.06.09 11:52:11.428,1.46144,1.46151,1.50,2.25
2011.06.09 11:52:11.659,1.46142,1.46149,1.50,1.50
2011.06.09 11:52:12.398,1.46142,1.46149,1.50,2.25
2011.06.09 11:52:14.279,1.46143,1.46151,2.25,2.17
2011.06.09 11:52:14.397,1.46143,1.46152,4.35,2.55
2011.06.09 11:52:14.618,1.46141,1.4615,5.45,1.50
2011.06.09 11:52:14.848,1.46138,1.46146,4.50,10.09
2011.06.09 11:52:15.069,1.4614,1.46146,2.25,9.38
2011.06.09 11:52:15.188,1.46137,1.46146,1.50,4.28
2011.06.09 11:52:15.407,1.46133,1.46142,5.08,2.25
2011.06.09 11:52:15.955,1.46132,1.4614,1.88,1.50
2011.06.09 11:52:16.175,1.46134,1.46142,2.25,1.50
2011.06.09 11:52:16.397,1.46136,1.46145,2.25,2.25
2011.06.09 11:52:17.056,1.46136,1.46145,2.25,1.50
2011.06.09 11:52:17.605,1.46137,1.46146,1.50,5.14
2011.06.09 11:52:18.919,1.46137,1.46146,3.00,3.64
2011.06.09 11:52:19.161,1.4614,1.46147,1.50,1.50
2011.06.09 11:52:19.278,1.46141,1.46149,1.50,3.38
2011.06.09 11:52:19.938,1.46143,1.46149,1.50,1.50
2011.06.09 11:52:20.159,1.46144,1.4615,1.50,1.50
2011.06.09 11:52:20.279,1.46147,1.46152,2.85,1.42
2011.06.09 11:52:20.400,1.46147,1.46153,6.00,1.42
2011.06.09 11:52:20.629,1.46148,1.46155,1.50,2.25
2011.06.09 11:52:21.076,1.46148,1.46157,7.33,2.25
2011.06.09 11:52:21.405,1.46148,1.46157,7.33,2.25
2011.06.09 11:52:21.955,1.46149,1.46157,1.35,1.50
2011.06.09 11:52:22.506,1.46149,1.46155,1.50,1.50
2011.06.09 11:52:23.013,1.46147,1.46154,4.50,1.50
2011.06.09 11:52:23.134,1.46146,1.46152,1.50,1.50
2011.06.09 11:52:25.779,1.46144,1.46152,5.63,1.50
2011.06.09 11:52:26.337,1.46146,1.46153,2.25,1.50
2011.06.09 11:52:26.886,1.46147,1.46154,1.50,1.50
2011.06.09 11:52:27.546,1.46148,1.46154,1.50,1.50
2011.06.09 11:52:29.207,1.46147,1.46154,1.65,3.75
2011.06.09 11:52:29.427,1.46148,1.46154,1.13,2.25
2011.06.09 11:52:29.537,1.46145,1.46154,2.81,4.50
2011.06.09 11:52:29.867,1.46144,1.46152,1.50,1.50
2011.06.09 11:52:30.306,1.46147,1.46154,1.50,4.13
2011.06.09 11:52:30.526,1.46144,1.46152,2.25,1.50
2011.06.09 11:52:31.076,1.46144,1.46152,2.25,1.50
2011.06.09 11:52:31.517,1.46141,1.4615,4.93,1.50
2011.06.09 11:52:31.737,1.4614,1.46148,1.50,1.50
2011.06.09 11:52:31.846,1.46139,1.46148,1.50,3.00
2011.06.09 11:52:32.178,1.46138,1.46146,2.48,2.25
2011.06.09 11:52:34.308,1.46138,1.46146,1.50,1.50
2011.06.09 11:52:35.636,1.46138,1.46145,1.65,2.25
2011.06.09 11:52:35.747,1.46139,1.46146,1.50,2.10
2011.06.09 11:52:36.078,1.46137,1.46146,6.00,2.25
2011.06.09 11:52:37.736,1.46136,1.46144,1.33,3.75
2011.06.09 11:52:37.956,1.46134,1.46143,2.83,1.50
2011.06.09 11:52:38.618,1.46134,1.46142,1.33,1.50
2011.06.09 11:52:38.740,1.46131,1.4614,2.08,2.10
2011.06.09 11:52:38.858,1.46131,1.4614,2.83,1.50
2011.06.09 11:52:41.855,1.46131,1.4614,3.58,1.50
2011.06.09 11:52:43.839,1.46135,1.46141,1.50,2.25
2011.06.09 11:52:43.959,1.46135,1.46143,3.00,1.13
2011.06.09 11:52:44.080,1.46137,1.46145,1.50,3.00
2011.06.09 11:52:44.636,1.46139,1.46147,1.50,2.25
2011.06.09 11:52:45.737,1.46138,1.46145,1.50,3.75
2011.06.09 11:52:46.067,1.46133,1.4614,1.50,1.50
2011.06.09 11:52:46.177,1.46132,1.4614,2.08,1.50
2011.06.09 11:52:48.995,1.46133,1.46142,1.50,2.63
2011.06.09 11:52:49.657,1.46133,1.46142,3.00,1.13
2011.06.09 11:52:50.207,1.46133,1.46142,1.50,2.63
2011.06.09 11:52:50.316,1.46132,1.46142,2.83,3.38
2011.06.09 11:52:51.526,1.46133,1.46142,1.50,2.63
2011.06.09 11:52:51.638,1.46134,1.46142,2.08,1.13
2011.06.09 11:52:51.867,1.46134,1.46143,2.83,2.25
2011.06.09 11:52:52.856,1.46137,1.46144,1.50,2.85
2011.06.09 11:52:53.298,1.46139,1.46146,2.25,2.25
2011.06.09 11:52:53.422,1.46137,1.46145,2.85,3.00
2011.06.09 11:52:53.648,1.4614,1.46148,2.08,1.50
2011.06.09 11:52:54.319,1.46139,1.46148,2.08,2.25
2011.06.09 11:52:54.875,1.46138,1.46146,1.50,1.50
2011.06.09 11:52:55.644,1.46137,1.46145,1.50,2.25
2011.06.09 11:52:56.200,1.46135,1.46144,1.33,2.25
2011.06.09 11:52:56.756,1.46136,1.46145,2.25,2.85
2011.06.09 11:52:56.867,1.46136,1.46144,1.50,1.50
2011.06.09 11:52:57.087,1.46133,1.46142,2.83,2.10
2011.06.09 11:52:58.076,1.46133,1.46141,2.08,1.50
2011.06.09 11:52:59.395,1.46133,1.4614,1.33,1.50
2011.06.09 11:53:00.608,1.46134,1.46142,1.50,2.25
2011.06.09 11:53:00.948,1.46136,1.46143,1.50,1.50
2011.06.09 11:53:01.177,1.46135,1.46143,2.08,1.50
2011.06.09 11:53:04.356,1.46135,1.46143,3.58,1.50
2011.06.09 11:53:04.907,1.46135,1.46144,2.83,1.50
2011.06.09 11:53:06.665,1.46135,1.46143,2.83,1.50
2011.06.09 11:53:08.336,1.46135,1.46143,3.58,1.50
2011.06.09 11:53:08.671,1.46139,1.46145,1.50,1.50
2011.06.09 11:53:08.897,1.46139,1.46146,2.25,1.50
2011.06.09 11:53:09.008,1.4614,1.46147,1.50,1.50
2011.06.09 11:53:09.446,1.4614,1.46148,2.08,1.50
2011.06.09 11:53:13.648,1.46141,1.46149,1.50,1.13
2011.06.09 11:53:14.195,1.46141,1.4615,5.10,1.50
2011.06.09 11:53:16.175,1.46143,1.46152,2.25,3.00
2011.06.09 11:53:18.729,1.46142,1.4615,1.33,3.00
2011.06.09 11:53:18.959,1.46139,1.46148,3.00,2.92
2011.06.09 11:53:19.804,1.46139,1.46147,1.50,1.50
2011.06.09 11:53:20.358,1.46138,1.46147,2.08,1.50
2011.06.09 11:53:20.916,1.46139,1.46148,1.50,4.42
2011.06.09 11:53:22.236,1.4614,1.46149,1.33,3.67
2011.06.09 11:53:24.108,1.4614,1.46149,2.08,2.17
2011.06.09 11:53:27.992,1.4614,1.46149,2.08,2.92
2011.06.09 11:53:28.546,1.46141,1.46149,1.50,2.92
2011.06.09 11:53:30.967,1.4614,1.46148,1.33,1.50
2011.06.09 11:53:31.516,1.46139,1.46148,1.50,3.00
2011.06.09 11:53:32.066,1.46139,1.46148,2.83,2.25
2011.06.09 11:53:32.946,1.46139,1.46148,2.08,3.00
2011.06.09 11:53:34.597,1.4614,1.46148,1.50,2.25
2011.06.09 11:53:36.315,1.4614,1.46148,1.50,2.25
2011.06.09 11:53:36.905,1.4614,1.46148,1.33,1.50
2011.06.09 11:53:37.787,1.46141,1.46149,1.50,2.25
2011.06.09 11:53:38.336,1.46141,1.46149,1.50,2.25
2011.06.09 11:53:39.985,1.46141,1.46149,1.50,1.50
2011.06.09 11:53:40.535,1.4614,1.46148,2.08,1.50
2011.06.09 11:53:40.867,1.46139,1.46148,2.08,1.50
2011.06.09 11:53:41.418,1.4614,1.46147,2.08,1.50
2011.06.09 11:53:41.647,1.46142,1.46149,1.33,2.17
2011.06.09 11:53:42.195,1.46142,1.4615,1.33,2.10
2011.06.09 11:53:44.457,1.46141,1.46147,1.33,1.50
2011.06.09 11:53:44.680,1.46137,1.46144,2.63,1.50
2011.06.09 11:53:44.800,1.46134,1.4614,1.33,1.50
2011.06.09 11:53:45.028,1.46132,1.46139,2.08,1.50
2011.06.09 11:53:45.140,1.46131,1.46138,1.33,1.50
2011.06.09 11:53:46.026,1.4613,1.46138,1.33,1.50
2011.06.09 11:53:46.248,1.46131,1.46139,1.33,5.92
2011.06.09 11:53:46.799,1.4613,1.46136,1.33,1.50
2011.06.09 11:53:47.689,1.46131,1.46138,2.25,3.45
2011.06.09 11:53:47.933,1.46137,1.46145,2.25,1.50
2011.06.09 11:53:48.826,1.46135,1.46143,1.33,1.50
2011.06.09 11:53:49.599,1.46135,1.46142,1.33,1.50
2011.06.09 11:53:49.938,1.46136,1.46144,1.33,2.17
2011.06.09 11:53:50.498,1.46137,1.46145,2.08,1.13
2011.06.09 11:53:51.055,1.46137,1.46145,2.08,2.10
2011.06.09 11:53:51.388,1.46133,1.46142,4.33,1.50
2011.06.09 11:53:52.209,1.46133,1.46141,2.83,5.10
2011.06.09 11:53:52.437,1.46132,1.46139,1.33,1.50
2011.06.09 11:53:55.187,1.46133,1.46142,2.08,2.92
2011.06.09 11:53:56.346,1.46133,1.46141,1.33,1.50
2011.06.09 11:54:03.885,1.46133,1.46142,2.08,3.67
2011.06.09 11:54:04.327,1.46131,1.46139,2.83,1.50
2011.06.09 11:54:06.887,1.46131,1.46139,2.08,1.50
2011.06.09 11:54:08.535,1.46131,1.46139,1.33,1.50
2011.06.09 11:54:10.256,1.46132,1.4614,2.08,1.50
2011.06.09 11:54:10.775,1.46135,1.46143,4.50,1.50
2011.06.09 11:54:11.134,1.46137,1.46144,1.50,1.50
2011.06.09 11:54:11.256,1.46139,1.46147,1.50,2.10
2011.06.09 11:54:11.375,1.4614,1.46147,2.08,1.42
2011.06.09 11:54:11.824,1.46144,1.4615,1.50,3.75
2011.06.09 11:54:11.941,1.46144,1.46155,5.30,3.00
2011.06.09 11:54:12.499,1.46146,1.46156,2.25,3.75
2011.06.09 11:54:13.056,1.46147,1.46156,1.50,1.88
2011.06.09 11:54:13.716,1.46146,1.46154,3.58,1.50
2011.06.09 11:54:14.266,1.46147,1.46155,1.50,2.25
2011.06.09 11:54:14.870,1.46147,1.46155,3.75,1.50
2011.06.09 11:54:15.208,1.46147,1.46153,1.50,1.50
2011.06.09 11:54:15.649,1.46144,1.46152,3.75,1.50
2011.06.09 11:54:16.318,1.46144,1.46151,1.50,1.50
2011.06.09 11:54:16.438,1.46143,1.46149,1.33,1.50
2011.06.09 11:54:16.768,1.46141,1.46146,1.50,1.50
2011.06.09 11:54:16.888,1.46139,1.46146,1.88,2.25
2011.06.09 11:54:17.444,1.46139,1.46147,3.38,1.50
2011.06.09 11:54:17.995,1.46139,1.46147,3.38,1.50
2011.06.09 11:54:19.206,1.4614,1.46148,1.50,2.25
2011.06.09 11:54:19.316,1.4614,1.46148,1.50,2.25
2011.06.09 11:54:19.649,1.46148,1.46154,1.50,1.88
2011.06.09 11:54:19.768,1.4615,1.46155,1.50,5.70
2011.06.09 11:54:19.888,1.46151,1.46157,1.50,1.42
2011.06.09 11:54:20.108,1.46154,1.4616,1.50,1.50
2011.06.09 11:54:20.493,1.46155,1.46163,1.50,1.50
2011.06.09 11:54:20.617,1.46159,1.46165,1.50,5.25
2011.06.09 11:54:20.730,1.46159,1.46166,1.50,1.50
2011.06.09 11:54:21.396,1.46159,1.46166,1.50,1.50
2011.06.09 11:54:21.506,1.46159,1.46166,1.50,2.25
2011.06.09 11:54:22.385,1.46159,1.46166,3.60,2.25
2011.06.09 11:54:22.937,1.46158,1.46166,1.35,2.25
2011.06.09 11:54:23.486,1.46159,1.46166,1.50,2.25
2011.06.09 11:54:24.258,1.4616,1.46167,2.10,1.50
2011.06.09 11:54:24.479,1.46161,1.46168,3.60,1.50
2011.06.09 11:54:24.706,1.46161,1.46169,4.35,1.50
2011.06.09 11:54:25.365,1.46161,1.4617,4.35,2.25
2011.06.09 11:54:25.917,1.46162,1.4617,1.93,1.50
2011.06.09 11:54:28.037,1.46161,1.4617,2.85,2.25
2011.06.09 11:54:28.479,1.46166,1.46172,1.50,3.38
2011.06.09 11:54:28.712,1.46173,1.46177,1.35,3.75
2011.06.09 11:54:28.832,1.46176,1.46182,1.93,3.38
2011.06.09 11:54:28.949,1.46176,1.46183,3.43,2.63
2011.06.09 11:54:29.071,1.4618,1.46186,3.60,1.76
2011.06.09 11:54:29.308,1.46181,1.46189,1.50,1.50
2011.06.09 11:54:30.188,1.4618,1.46187,1.33,1.50
2011.06.09 11:54:30.518,1.46181,1.46189,2.10,1.50
2011.06.09 11:54:31.105,1.46181,1.4619,2.10,2.25
2011.06.09 11:54:31.913,1.46182,1.46187,1.18,1.50
2011.06.09 11:54:32.258,1.46179,1.46187,2.10,1.50
2011.06.09 11:54:32.588,1.46177,1.46186,2.10,3.00
2011.06.09 11:54:34.896,1.46176,1.46185,2.10,1.50
2011.06.09 11:54:35.118,1.46171,1.4618,2.85,3.38
2011.06.09 11:54:35.229,1.46176,1.46183,7.35,2.25
2011.06.09 11:54:35.655,1.46181,1.46186,3.60,2.17
2011.06.09 11:54:35.774,1.46181,1.46188,3.60,1.50
2011.06.09 11:54:36.441,1.46176,1.46182,5.08,1.50
2011.06.09 11:54:36.559,1.46176,1.46182,5.08,4.35
2011.06.09 11:54:36.897,1.46172,1.4618,1.33,2.25
2011.06.09 11:54:37.117,1.46172,1.4618,1.33,2.25
2011.06.09 11:54:40.087,1.46166,1.46173,6.00,1.50
2011.06.09 11:54:40.311,1.46165,1.46171,5.08,2.85
2011.06.09 11:54:40.694,1.46164,1.46169,3.15,1.50
2011.06.09 11:54:40.817,1.46161,1.4617,4.13,2.85
2011.06.09 11:54:41.812,1.46162,1.46167,2.45,2.10
2011.06.09 11:54:42.162,1.46159,1.46167,1.13,2.85
2011.06.09 11:54:42.499,1.46158,1.46165,3.00,1.50
2011.06.09 11:54:42.727,1.46157,1.46164,1.33,1.50
2011.06.09 11:54:43.137,1.46157,1.46162,1.50,5.63
2011.06.09 11:54:43.255,1.46155,1.46162,1.18,2.63
2011.06.09 11:54:43.372,1.46152,1.46156,1.50,3.26
2011.06.09 11:54:43.599,1.46153,1.46159,1.50,2.25
2011.06.09 11:54:44.128,1.46154,1.46161,1.35,1.50
2011.06.09 11:54:44.358,1.46161,1.46166,1.13,1.50
2011.06.09 11:54:44.468,1.46162,1.46169,1.50,1.50
2011.06.09 11:54:44.697,1.46161,1.46168,1.13,1.50
2011.06.09 11:54:45.246,1.4616,1.46168,3.00,1.50
2011.06.09 11:54:45.907,1.46161,1.46169,2.25,2.25
2011.06.09 11:54:46.456,1.4616,1.46168,2.25,1.50
2011.06.09 11:54:47.006,1.46161,1.46169,2.25,1.50
2011.06.09 11:54:49.040,1.4616,1.46169,6.00,1.50
2011.06.09 11:54:49.161,1.46161,1.46165,4.50,1.50
2011.06.09 11:54:49.282,1.46158,1.46166,4.85,1.50
2011.06.09 11:54:49.400,1.46157,1.46165,2.98,2.25
2011.06.09 11:54:49.740,1.46156,1.46163,3.00,4.88
2011.06.09 11:54:50.079,1.46155,1.46162,2.25,1.50
2011.06.09 11:54:52.065,1.46153,1.46161,2.25,1.50
2011.06.09 11:54:52.506,1.46152,1.46161,4.50,1.50
2011.06.09 11:54:52.619,1.46151,1.46159,1.33,1.50
2011.06.09 11:54:53.135,1.4615,1.46157,5.37,1.50
2011.06.09 11:54:53.268,1.46153,1.46162,2.08,2.25
2011.06.09 11:54:54.038,1.46154,1.46161,2.08,1.46
2011.06.09 11:54:54.149,1.46154,1.46161,1.50,2.81
2011.06.09 11:54:54.268,1.46154,1.46161,1.50,4.23
2011.06.09 11:54:54.819,1.46151,1.4616,3.00,1.46
2011.06.09 11:54:56.696,1.46151,1.4616,3.58,1.46
2011.06.09 11:54:56.920,1.4615,1.46156,1.50,1.46
2011.06.09 11:54:57.038,1.46151,1.4616,3.58,1.46
2011.06.09 11:54:57.147,1.46151,1.46159,3.00,1.46
2011.06.09 11:54:58.967,1.4615,1.46156,2.63,1.50
2011.06.09 11:54:59.712,1.46148,1.46155,1.33,1.50
2011.06.09 11:54:59.937,1.46145,1.46155,2.83,2.25
2011.06.09 11:55:01.586,1.46145,1.46154,1.33,1.35
2011.06.09 11:55:02.136,1.46144,1.46153,1.33,1.50
2011.06.09 11:55:02.576,1.46145,1.46151,1.50,1.50
2011.06.09 11:55:02.909,1.46138,1.46144,1.88,1.13
2011.06.09 11:55:03.598,1.46137,1.46144,2.08,2.25
2011.06.09 11:55:04.155,1.46136,1.46144,2.08,2.25
2011.06.09 11:55:04.487,1.46136,1.46143,1.33,1.50
2011.06.09 11:55:04.817,1.46133,1.46142,6.20,2.10
2011.06.09 11:55:05.039,1.46133,1.46142,3.58,2.10
2011.06.09 11:55:05.493,1.46136,1.46143,1.50,4.50
2011.06.09 11:55:05.828,1.4614,1.46145,1.50,4.50
2011.06.09 11:55:05.941,1.46141,1.46147,1.50,3.75
2011.06.09 11:55:06.061,1.46141,1.46149,3.00,1.50
2011.06.09 11:55:06.181,1.46143,1.46151,1.33,6.00
2011.06.09 11:55:06.627,1.46142,1.4615,2.25,1.50
2011.06.09 11:55:07.728,1.46141,1.46149,2.08,1.50
2011.06.09 11:55:07.946,1.4614,1.46148,1.88,1.50
2011.06.09 11:55:11.096,1.4614,1.46148,1.88,2.25
2011.06.09 11:55:11.649,1.46136,1.46143,2.08,1.50
2011.06.09 11:55:11.986,1.46134,1.46142,2.08,1.50
2011.06.09 11:55:14.193,1.46141,1.46146,1.35,2.51
2011.06.09 11:55:14.309,1.46142,1.46146,2.25,2.51
2011.06.09 11:55:14.431,1.46142,1.4615,2.25,1.50
2011.06.09 11:55:14.987,1.46142,1.46151,2.25,3.00
2011.06.09 11:55:15.660,1.46143,1.46151,1.33,3.00
2011.06.09 11:55:15.783,1.46143,1.46151,2.08,2.25
2011.06.09 11:55:16.889,1.46139,1.46146,5.25,2.25
2011.06.09 11:55:17.120,1.46142,1.46149,1.33,1.50
2011.06.09 11:55:17.456,1.46141,1.46149,2.25,2.25
2011.06.09 11:55:17.786,1.4614,1.46148,1.70,1.50
2011.06.09 11:55:18.888,1.4614,1.46147,2.08,1.42
2011.06.09 11:55:18.999,1.4614,1.46146,1.50,1.50
2011.06.09 11:55:19.119,1.4614,1.46149,2.25,3.38
2011.06.09 11:55:19.677,1.4614,1.46148,2.08,1.13
2011.06.09 11:55:21.106,1.46141,1.4615,2.08,3.00
2011.06.09 11:55:21.438,1.46139,1.46146,2.63,1.50
2011.06.09 11:55:21.547,1.4614,1.4615,2.25,2.25
2011.06.09 11:55:22.111,1.46141,1.46149,1.13,1.50
2011.06.09 11:55:22.227,1.46143,1.46149,1.33,1.35
2011.06.09 11:55:22.336,1.46141,1.46149,2.08,1.50
2011.06.09 11:55:22.561,1.46142,1.4615,2.08,1.50
2011.06.09 11:55:22.788,1.46145,1.46152,1.33,1.13
2011.06.09 11:55:23.127,1.4615,1.46157,1.50,1.50
2011.06.09 11:55:23.243,1.46153,1.4616,1.50,3.38
2011.06.09 11:55:23.581,1.46157,1.46164,1.33,1.50
2011.06.09 11:55:24.738,1.46157,1.46164,1.33,2.85
2011.06.09 11:55:24.958,1.46155,1.46164,2.08,3.60
2011.06.09 11:55:25.521,1.46156,1.46161,1.96,1.50
2011.06.09 11:55:25.751,1.46153,1.46161,1.33,1.50
2011.06.09 11:55:25.869,1.46153,1.46159,1.33,2.10
2011.06.09 11:55:26.391,1.46151,1.46159,2.08,3.52
2011.06.09 11:55:28.116,1.46149,1.46158,3.43,2.63
2011.06.09 11:55:29.107,1.4615,1.46155,2.10,4.85
2011.06.09 11:55:29.328,1.46148,1.46155,2.25,1.50
2011.06.09 11:55:29.447,1.46146,1.46155,3.60,1.35
2011.06.09 11:55:31.096,1.46145,1.46154,2.48,1.35
2011.06.09 11:55:31.210,1.46145,1.46152,1.73,2.25
2011.06.09 11:55:31.765,1.46143,1.46152,2.45,2.85
2011.06.09 11:55:33.418,1.46142,1.46151,3.43,1.35
2011.06.09 11:55:39.296,1.46142,1.46149,1.33,5.85
2011.06.09 11:55:39.738,1.46141,1.46147,1.33,1.35
2011.06.09 11:55:40.519,1.46136,1.46143,1.33,1.88
2011.06.09 11:55:41.955,1.46136,1.46144,2.08,2.48
2011.06.09 11:55:42.808,1.46135,1.46141,1.50,1.50
2011.06.09 11:55:43.029,1.46133,1.46139,1.33,1.35
2011.06.09 11:55:47.299,1.4613,1.46136,1.88,2.25
2011.06.09 11:55:47.417,1.46131,1.46136,1.33,1.50
2011.06.09 11:55:47.747,1.46129,1.46137,2.45,1.35
2011.06.09 11:55:49.837,1.46131,1.46137,5.83,1.50
2011.06.09 11:55:50.385,1.46133,1.46139,1.33,1.50
2011.06.09 11:55:51.158,1.46129,1.46137,2.83,4.10
2011.06.09 11:55:51.391,1.46131,1.46137,1.50,1.13
2011.06.09 11:55:51.508,1.46129,1.46138,2.83,1.50
2011.06.09 11:55:52.666,1.46129,1.46138,2.83,1.50
2011.06.09 11:55:54.646,1.46129,1.46138,2.83,1.50
2011.06.09 11:55:55.087,1.46129,1.46134,1.33,1.50
2011.06.09 11:55:55.419,1.46132,1.46139,1.33,1.50
2011.06.09 11:55:55.757,1.46132,1.46139,1.33,1.50
2011.06.09 11:55:59.059,1.46132,1.46139,1.33,1.50
2011.06.09 11:55:59.622,1.46137,1.46144,2.85,2.25
2011.06.09 11:55:59.737,1.46137,1.46143,4.35,1.13
2011.06.09 11:55:59.848,1.46139,1.46146,1.35,4.50
2011.06.09 11:56:00.646,1.46137,1.46146,5.68,1.50
2011.06.09 11:56:01.746,1.46137,1.46144,1.33,2.25
2011.06.09 11:56:05.926,1.46137,1.46144,1.33,1.50
2011.06.09 11:56:06.039,1.46137,1.46145,2.68,1.13
2011.06.09 11:56:06.597,1.46138,1.46146,1.33,1.50
2011.06.09 11:56:08.350,1.46138,1.46147,2.08,1.50
2011.06.09 11:56:10.781,1.46138,1.46146,3.20,1.50
2011.06.09 11:56:11.336,1.46138,1.46146,1.33,1.50
2011.06.09 11:56:13.318,1.4614,1.46148,2.25,2.25
2011.06.09 11:56:13.650,1.46142,1.46148,2.10,1.42
2011.06.09 11:56:13.773,1.46142,1.4615,4.93,1.50
2011.06.09 11:56:13.890,1.46142,1.46152,2.85,5.25
2011.06.09 11:56:14.808,1.46144,1.46151,1.45,2.25
2011.06.09 11:56:15.140,1.46144,1.46154,2.08,3.60
2011.06.09 11:56:15.477,1.46151,1.46161,1.70,1.50
2011.06.09 11:56:16.909,1.46151,1.46161,1.70,3.00
2011.06.09 11:56:18.018,1.4615,1.46159,3.95,1.50
2011.06.09 11:56:21.538,1.46149,1.46155,1.50,2.25
2011.06.09 11:56:21.648,1.46149,1.46157,2.83,2.25
2011.06.09 11:56:21.985,1.46149,1.46156,1.50,2.25
2011.06.09 11:56:22.104,1.46145,1.46153,3.95,1.50
2011.06.09 11:56:22.656,1.46145,1.46154,5.45,1.50
2011.06.09 11:56:23.536,1.46146,1.46154,1.70,1.50
2011.06.09 11:56:24.305,1.46147,1.46155,1.33,2.25
2011.06.09 11:56:24.640,1.46148,1.46156,2.85,1.50
2011.06.09 11:56:24.759,1.46149,1.46157,2.08,1.50
2011.06.09 11:56:27.566,1.46149,1.46158,2.83,1.50
2011.06.09 11:56:30.874,1.46147,1.46156,6.05,1.50
2011.06.09 11:56:30.991,1.46147,1.46156,5.30,1.50
2011.06.09 11:56:36.945,1.46147,1.46156,2.10,2.25
2011.06.09 11:56:39.214,1.46147,1.46156,2.10,3.00
2011.06.09 11:56:39.984,1.46147,1.46155,1.35,4.50
2011.06.09 11:56:40.433,1.46143,1.46152,5.30,2.25
2011.06.09 11:56:41.203,1.46143,1.46152,5.30,2.25
2011.06.09 11:56:41.426,1.46143,1.46151,3.80,1.50
2011.06.09 11:56:41.656,1.46141,1.46149,4.18,1.50
2011.06.09 11:56:43.092,1.46141,1.4615,3.20,2.25
2011.06.09 11:56:46.673,1.46142,1.4615,1.33,2.25
2011.06.09 11:56:47.114,1.46138,1.46143,13.03,1.50
2011.06.09 11:56:47.225,1.4614,1.46146,1.35,4.50
2011.06.09 11:56:47.782,1.46138,1.46147,3.80,3.00
2011.06.09 11:56:52.314,1.46138,1.46145,2.45,1.50
2011.06.09 11:56:52.849,1.46139,1.46147,2.08,1.50
2011.06.09 11:56:53.517,1.46139,1.46148,2.68,1.88
2011.06.09 11:56:55.566,1.46139,1.46148,3.75,1.50
2011.06.09 11:56:55.905,1.46139,1.46146,3.90,3.75
2011.06.09 11:56:56.465,1.46138,1.46145,1.88,6.75
2011.06.09 11:56:56.583,1.46136,1.46144,1.33,7.50
2011.06.09 11:56:57.379,1.46136,1.46142,1.33,1.50
2011.06.09 11:56:58.263,1.46135,1.46141,1.33,1.50
2011.06.09 11:56:59.035,1.46134,1.4614,1.33,1.50
2011.06.09 11:56:59.151,1.46132,1.46139,1.33,1.50
2011.06.09 11:56:59.927,1.46131,1.46138,1.33,1.13
2011.06.09 11:57:00.048,1.46124,1.46132,2.85,3.00
2011.06.09 11:57:00.384,1.46124,1.46132,2.08,1.50
2011.06.09 11:57:01.042,1.46126,1.46133,1.33,1.50
2011.06.09 11:57:01.592,1.46126,1.46134,1.33,1.50
2011.06.09 11:57:02.143,1.46125,1.46133,2.83,1.50
2011.06.09 11:57:02.363,1.46126,1.46135,2.83,6.38
2011.06.09 11:57:03.007,1.46125,1.46134,1.33,3.00
2011.06.09 11:57:03.236,1.46131,1.46135,2.85,6.75
2011.06.09 11:57:03.794,1.46131,1.46139,2.83,1.92
2011.06.09 11:57:03.907,1.46133,1.4614,2.08,1.20
2011.06.09 11:57:04.133,1.46133,1.46141,1.70,1.50
2011.06.09 11:57:04.683,1.46134,1.46142,1.33,1.88
2011.06.09 11:57:05.456,1.46136,1.46143,2.25,2.63
2011.06.09 11:57:05.683,1.46136,1.46145,2.08,2.63
2011.06.09 11:57:06.124,1.46135,1.46144,2.08,3.75
2011.06.09 11:57:07.993,1.46136,1.46144,1.33,3.00
2011.06.09 11:57:08.543,1.46136,1.46145,2.83,3.38
2011.06.09 11:57:09.314,1.46136,1.46145,2.83,3.38
2011.06.09 11:57:11.293,1.46136,1.46145,3.58,2.63
2011.06.09 11:57:12.393,1.46137,1.46145,1.50,3.23
2011.06.09 11:57:12.722,1.46135,1.46142,1.33,1.50
2011.06.09 11:57:14.043,1.46135,1.46142,1.33,2.63
2011.06.09 11:57:14.704,1.46135,1.46142,1.33,1.50
2011.06.09 11:57:22.513,1.46136,1.46142,1.33,1.50
2011.06.09 11:57:22.846,1.46137,1.46146,3.00,1.50
2011.06.09 11:57:23.403,1.46139,1.46148,2.25,3.38
2011.06.09 11:57:23.953,1.46138,1.46147,2.08,1.50
2011.06.09 11:57:24.502,1.46138,1.46146,2.08,1.50
2011.06.09 11:57:27.893,1.46137,1.46146,2.83,2.25
2011.06.09 11:57:28.332,1.46136,1.46145,3.20,3.00
2011.06.09 11:57:28.663,1.46136,1.46142,1.70,1.50
2011.06.09 11:57:29.213,1.46134,1.46142,1.33,2.25
2011.06.09 11:57:32.763,1.46135,1.46143,2.83,2.25
2011.06.09 11:57:33.203,1.46137,1.46145,2.25,3.38
2011.06.09 11:57:33.752,1.46137,1.46145,2.25,1.50
2011.06.09 11:57:34.082,1.46137,1.46146,3.00,1.50
2011.06.09 11:57:34.304,1.46139,1.46147,1.50,1.88
2011.06.09 11:57:35.149,1.46138,1.46147,1.33,1.50
2011.06.09 11:57:36.803,1.46137,1.46144,2.08,2.25
2011.06.09 11:57:44.135,1.46138,1.46146,1.33,4.13
2011.06.09 11:57:44.692,1.46138,1.46146,1.33,2.25
2011.06.09 11:57:47.013,1.46137,1.46144,1.33,3.00
2011.06.09 11:57:52.072,1.46138,1.46144,1.33,2.85
2011.06.09 11:57:52.621,1.46136,1.46144,1.33,4.35
2011.06.09 11:57:57.141,1.46138,1.46144,1.33,2.85
2011.06.09 11:57:57.475,1.46138,1.46146,2.08,4.88
2011.06.09 11:57:58.023,1.46138,1.46146,2.83,1.50
2011.06.09 11:57:58.552,1.46138,1.46146,2.83,1.50
2011.06.09 11:58:03.502,1.46139,1.46147,2.08,1.88
2011.06.09 11:58:03.835,1.4614,1.46147,2.08,1.13
2011.06.09 11:58:04.165,1.46144,1.46152,2.08,1.88
2011.06.09 11:58:06.153,1.46144,1.46152,2.83,1.13
2011.06.09 11:58:06.374,1.46147,1.46153,1.50,1.50
2011.06.09 11:58:06.594,1.46147,1.46156,3.23,1.50
2011.06.09 11:58:07.179,1.46149,1.46156,1.33,1.50
2011.06.09 11:58:07.733,1.4615,1.46157,2.08,1.13
2011.06.09 11:58:07.953,1.46151,1.4616,3.00,1.50
2011.06.09 11:58:08.393,1.46152,1.4616,1.50,1.50
2011.06.09 11:58:09.056,1.46153,1.46163,2.08,1.80
2011.06.09 11:58:09.515,1.46155,1.46164,4.93,2.63
2011.06.09 11:58:10.074,1.46156,1.46166,3.75,3.38
2011.06.09 11:58:10.402,1.46157,1.46167,1.93,2.25
2011.06.09 11:58:11.754,1.46159,1.46167,1.50,1.50
2011.06.09 11:58:11.975,1.4616,1.46168,2.08,1.89
2011.06.09 11:58:12.096,1.46164,1.46169,1.35,1.52
2011.06.09 11:58:12.575,1.46166,1.46174,2.08,2.63
2011.06.09 11:58:12.804,1.46167,1.46175,1.50,1.50
2011.06.09 11:58:13.572,1.46167,1.46176,2.25,4.13
2011.06.09 11:58:13.793,1.46168,1.46176,1.50,3.38
2011.06.09 11:58:14.124,1.46169,1.46178,1.50,2.64
2011.06.09 11:58:14.566,1.46172,1.4618,2.33,1.50
2011.06.09 11:58:14.684,1.46174,1.46181,1.50,3.75
2011.06.09 11:58:15.013,1.46175,1.46184,1.50,3.75
2011.06.09 11:58:15.234,1.46178,1.46184,2.10,2.25
2011.06.09 11:58:15.674,1.46175,1.46182,5.08,1.35
2011.06.09 11:58:16.004,1.46172,1.4618,2.83,1.50
2011.06.09 11:58:18.144,1.46172,1.46181,1.33,5.10
2011.06.09 11:58:18.693,1.4617,1.46179,2.25,3.60
2011.06.09 11:58:19.244,1.4617,1.46178,2.25,1.50
2011.06.09 11:58:21.662,1.4617,1.46178,1.50,3.00
2011.06.09 11:58:23.642,1.4617,1.46178,1.50,3.00
2011.06.09 11:58:25.129,1.4617,1.46178,1.50,3.00
2011.06.09 11:58:25.914,1.46171,1.46179,2.25,1.50
2011.06.09 11:58:27.568,1.46175,1.46184,1.50,2.63
2011.06.09 11:58:27.688,1.46175,1.46182,1.50,2.25
2011.06.09 11:58:28.358,1.46174,1.46182,2.08,1.50
2011.06.09 11:58:28.803,1.46174,1.46182,1.33,2.25
2011.06.09 11:58:29.354,1.46174,1.46182,2.08,2.25
2011.06.09 11:58:29.902,1.46174,1.46182,2.08,1.88
2011.06.09 11:58:31.216,1.46174,1.46181,1.33,1.50
2011.06.09 11:58:33.312,1.46174,1.46182,1.33,1.88
2011.06.09 11:58:35.183,1.46174,1.46181,1.33,1.50
2011.06.09 11:58:35.732,1.46174,1.46182,1.33,2.63
2011.06.09 11:58:35.953,1.46174,1.4618,1.33,1.50
2011.06.09 11:58:36.394,1.46174,1.46182,1.33,2.63
2011.06.09 11:58:37.493,1.46173,1.46182,2.83,2.63
2011.06.09 11:58:38.042,1.46173,1.46182,2.83,2.63
2011.06.09 11:58:39.083,1.46174,1.46182,1.50,2.63
2011.06.09 11:58:39.631,1.46174,1.46182,1.50,2.63
2011.06.09 11:58:39.853,1.46173,1.46182,2.08,3.00
2011.06.09 11:58:39.963,1.46173,1.46182,2.08,3.00
2011.06.09 11:58:42.712,1.46171,1.4618,2.83,2.25
2011.06.09 11:58:43.261,1.46171,1.46179,2.25,1.50
2011.06.09 11:58:45.464,1.46172,1.4618,1.50,3.00
2011.06.09 11:58:46.141,1.46171,1.46177,1.33,1.50
2011.06.09 11:58:46.265,1.46168,1.46176,1.88,2.25
2011.06.09 11:58:46.389,1.46168,1.46173,1.13,2.10
2011.06.09 11:58:46.729,1.46162,1.46168,4.50,1.50
2011.06.09 11:58:46.847,1.46162,1.46168,3.75,1.50
2011.06.09 11:58:47.072,1.4616,1.46168,3.75,2.25
2011.06.09 11:58:47.295,1.46159,1.46167,2.25,1.50
2011.06.09 11:58:48.503,1.46159,1.46167,2.25,1.50
2011.06.09 11:58:49.385,1.46158,1.46167,4.18,2.25
2011.06.09 11:58:49.933,1.46158,1.46166,4.18,1.50
2011.06.09 11:58:50.484,1.46158,1.46166,3.60,2.63
2011.06.09 11:58:50.875,1.46158,1.46163,3.60,1.50
2011.06.09 11:58:51.106,1.46155,1.46164,2.08,1.50
2011.06.09 11:58:53.865,1.4615,1.46158,4.18,2.25
2011.06.09 11:58:54.096,1.46153,1.4616,1.35,4.13
2011.06.09 11:58:54.439,1.4616,1.46165,1.50,2.63
2011.06.09 11:58:54.782,1.46164,1.46169,2.10,4.50
2011.06.09 11:58:54.893,1.46164,1.4617,3.60,2.63
2011.06.09 11:58:55.446,1.46164,1.4617,2.10,1.50
2011.06.09 11:58:55.568,1.46161,1.46169,1.50,2.25
2011.06.09 11:58:55.906,1.46158,1.46165,3.38,2.25
2011.06.09 11:58:56.245,1.46153,1.46158,5.03,1.50
2011.06.09 11:58:56.805,1.4615,1.46158,2.83,1.50
2011.06.09 11:58:58.133,1.46151,1.46158,1.33,1.50
2011.06.09 11:58:59.126,1.46152,1.46159,1.33,1.88
2011.06.09 11:59:00.700,1.46152,1.46159,2.08,1.88
2011.06.09 11:59:01.697,1.46157,1.46162,1.50,1.50
2011.06.09 11:59:02.256,1.46154,1.46161,1.33,1.50
2011.06.09 11:59:02.593,1.46154,1.46161,2.08,1.88
2011.06.09 11:59:02.925,1.46157,1.46165,1.50,1.88
2011.06.09 11:59:03.263,1.46159,1.46165,1.33,1.88
2011.06.09 11:59:03.813,1.46158,1.46166,2.08,2.63
2011.06.09 11:59:05.466,1.46158,1.46166,2.08,3.38
2011.06.09 11:59:05.583,1.46158,1.46166,1.33,3.38
2011.06.09 11:59:07.742,1.46155,1.46162,4.35,1.50
2011.06.09 11:59:08.185,1.46154,1.4616,1.33,1.50
2011.06.09 11:59:08.742,1.46154,1.4616,1.33,1.50
2011.06.09 11:59:17.976,1.46152,1.46159,1.33,1.50
2011.06.09 11:59:18.533,1.46153,1.46159,1.33,1.50
2011.06.09 11:59:26.531,1.46156,1.46161,1.33,1.88
2011.06.09 11:59:27.082,1.46156,1.46161,1.33,1.88
2011.06.09 11:59:30.095,1.46162,1.46167,1.50,2.02
2011.06.09 11:59:30.426,1.46162,1.4617,3.60,2.63
2011.06.09 11:59:30.654,1.46164,1.46171,3.60,1.50
2011.06.09 11:59:30.987,1.46166,1.46173,2.10,2.25
2011.06.09 11:59:31.544,1.46166,1.46174,2.68,2.25
2011.06.09 11:59:33.765,1.46166,1.46173,1.33,1.50
2011.06.09 11:59:37.172,1.46165,1.46173,1.33,1.88
2011.06.09 11:59:39.265,1.46167,1.46173,3.60,1.13
2011.06.09 11:59:39.820,1.46171,1.4618,2.25,4.88
2011.06.09 11:59:40.504,1.46179,1.46186,1.50,1.50
2011.06.09 11:59:41.273,1.46178,1.46186,4.18,2.25
2011.06.09 11:59:42.264,1.46179,1.46187,2.25,3.38
2011.06.09 11:59:42.814,1.4618,1.46188,1.50,3.38
2011.06.09 11:59:43.915,1.46179,1.46187,2.08,1.88
2011.06.09 11:59:44.588,1.46177,1.46184,1.57,1.50
2011.06.09 11:59:44.706,1.46179,1.46185,2.08,1.50
2011.06.09 11:59:45.233,1.46179,1.46187,2.83,1.50
2011.06.09 11:59:45.346,1.46179,1.46188,2.83,4.13
2011.06.09 11:59:45.468,1.46179,1.46188,3.43,3.38
2011.06.09 11:59:46.015,1.46182,1.46188,1.33,1.13
2011.06.09 11:59:46.356,1.46183,1.46189,2.85,1.88
2011.06.09 11:59:46.474,1.46184,1.46191,1.33,2.63
2011.06.09 11:59:47.025,1.46182,1.4619,2.08,1.50
2011.06.09 11:59:48.133,1.46182,1.4619,2.08,1.50
2011.06.09 11:59:49.237,1.46191,1.46195,2.85,2.44
2011.06.09 11:59:49.353,1.46191,1.46196,2.85,1.69
2011.06.09 11:59:49.811,1.46191,1.462,4.18,4.13
2011.06.09 11:59:50.366,1.4619,1.46196,1.33,1.50
2011.06.09 11:59:50.606,1.46184,1.46191,1.50,3.67
2011.06.09 11:59:50.726,1.46183,1.4619,3.75,1.50
2011.06.09 11:59:51.285,1.46181,1.4619,4.18,1.50
2011.06.09 11:59:54.023,1.46181,1.4619,4.18,1.50
2011.06.09 11:59:54.245,1.46183,1.46191,1.50,1.13
2011.06.09 11:59:54.794,1.46182,1.4619,2.08,1.50
2011.06.09 11:59:55.343,1.46182,1.4619,4.18,1.50
2011.06.09 11:59:55.457,1.46186,1.46193,1.50,3.00
2011.06.09 11:59:55.686,1.46189,1.46197,1.33,7.50
2011.06.09 11:59:55.807,1.46189,1.46197,2.08,6.38
2011.06.09 11:59:56.366,1.4619,1.46197,1.33,1.50
2011.06.09 11:59:58.624,1.46189,1.46197,1.33,3.23
2011.06.09 11:59:58.957,1.46188,1.46194,2.85,1.50
2011.06.09 11:59:59.187,1.46186,1.46194,2.08,2.25
2011.06.09 11:59:59.418,1.46186,1.46191,1.33,2.25
2011.06.09 11:59:59.654,1.46182,1.46188,1.50,1.50
2011.06.09 11:59:59.765,1.46181,1.46188,1.13,1.50
