2011.06.22 04:00:00.797,1.43679,1.4369,1.13,1.88
2011.06.22 04:00:02.436,1.43677,1.43689,1.13,4.50
2011.06.22 04:00:10.525,1.43678,1.43689,1.13,3.38
2011.06.22 04:00:13.375,1.43677,1.43687,1.13,1.13
2011.06.22 04:00:21.645,1.43677,1.43687,1.13,1.13
2011.06.22 04:00:22.195,1.43677,1.43689,1.13,5.25
2011.06.22 04:00:32.668,1.43677,1.43689,1.13,5.25
2011.06.22 04:00:41.686,1.43677,1.43689,1.13,5.25
2011.06.22 04:00:43.819,1.43677,1.43688,1.13,1.88
2011.06.22 04:00:43.937,1.43677,1.43687,1.13,1.13
2011.06.22 04:00:44.047,1.43675,1.43686,1.88,1.13
2011.06.22 04:00:45.175,1.43675,1.43686,1.88,1.13
2011.06.22 04:00:45.946,1.43675,1.43686,1.88,1.13
2011.06.22 04:00:46.605,1.43675,1.43685,1.13,1.13
2011.06.22 04:00:46.938,1.43669,1.43678,2.33,1.13
2011.06.22 04:00:47.160,1.43665,1.43675,1.50,1.13
2011.06.22 04:00:47.743,1.43665,1.43675,1.50,1.13
2011.06.22 04:00:48.295,1.43664,1.43675,1.88,1.13
2011.06.22 04:00:49.966,1.43664,1.43675,1.88,1.13
2011.06.22 04:00:50.077,1.43664,1.43673,1.13,1.50
2011.06.22 04:00:50.189,1.43661,1.43672,1.95,1.88
2011.06.22 04:00:50.411,1.43659,1.43669,2.70,1.88
2011.06.22 04:00:50.533,1.43657,1.43667,1.88,3.23
2011.06.22 04:00:50.651,1.43655,1.43666,1.58,5.25
2011.06.22 04:00:50.981,1.43656,1.43665,3.75,1.50
2011.06.22 04:00:51.310,1.43654,1.43664,1.88,1.13
2011.06.22 04:00:51.532,1.43654,1.43664,1.88,1.13
2011.06.22 04:00:51.863,1.43657,1.43666,1.50,7.35
2011.06.22 04:00:51.981,1.43654,1.43665,1.13,1.73
2011.06.22 04:00:52.091,1.43652,1.43664,2.63,3.75
2011.06.22 04:00:52.201,1.43654,1.43665,1.13,1.73
2011.06.22 04:00:52.533,1.43654,1.43666,1.13,2.48
2011.06.22 04:00:52.640,1.43654,1.43666,1.13,5.85
2011.06.22 04:00:53.601,1.4366,1.43666,1.13,1.50
2011.06.22 04:00:53.718,1.43661,1.43671,1.88,1.88
2011.06.22 04:00:54.270,1.43661,1.43671,1.88,1.13
2011.06.22 04:00:54.932,1.43661,1.43671,1.88,1.13
2011.06.22 04:00:55.510,1.43662,1.43671,1.50,1.13
2011.06.22 04:00:58.400,1.43661,1.43671,1.13,1.88
2011.06.22 04:00:58.999,1.43661,1.43671,1.88,1.13
2011.06.22 04:00:59.890,1.43662,1.43671,1.50,1.13
2011.06.22 04:01:00.336,1.43658,1.43665,1.50,3.75
2011.06.22 04:01:00.451,1.43662,1.4367,1.50,1.13
2011.06.22 04:01:00.565,1.43668,1.43672,1.50,3.38
2011.06.22 04:01:00.684,1.43668,1.43674,1.50,3.75
2011.06.22 04:01:00.803,1.43668,1.43678,1.88,1.88
2011.06.22 04:01:01.032,1.4367,1.43682,1.13,6.00
2011.06.22 04:01:03.930,1.43669,1.4368,1.13,1.13
2011.06.22 04:01:04.481,1.43668,1.43679,1.50,1.13
2011.06.22 04:01:05.030,1.43668,1.4368,1.13,5.25
2011.06.22 04:01:06.560,1.4367,1.4368,1.13,1.13
2011.06.22 04:01:07.110,1.4367,1.43682,3.38,5.25
2011.06.22 04:01:10.353,1.43672,1.43683,1.13,1.13
2011.06.22 04:01:10.473,1.43674,1.43684,1.13,1.88
2011.06.22 04:01:10.813,1.43675,1.43688,1.88,1.80
2011.06.22 04:01:11.369,1.43675,1.43688,1.88,1.50
2011.06.22 04:01:14.410,1.43675,1.43688,1.88,1.88
2011.06.22 04:01:15.259,1.43675,1.43687,1.13,1.13
2011.06.22 04:01:15.811,1.43675,1.43687,1.13,1.88
2011.06.22 04:01:16.495,1.43673,1.43686,1.35,1.88
2011.06.22 04:01:17.491,1.43673,1.43687,2.85,1.50
2011.06.22 04:01:22.159,1.43673,1.43688,3.60,1.13
2011.06.22 04:01:22.490,1.43673,1.4368,2.10,1.50
2011.06.22 04:01:22.821,1.43668,1.43678,1.13,1.88
2011.06.22 04:01:29.647,1.43669,1.43678,4.50,2.10
2011.06.22 04:01:29.872,1.43667,1.43677,1.88,1.13
2011.06.22 04:01:29.982,1.43667,1.43677,1.13,1.13
2011.06.22 04:02:02.465,1.43667,1.43678,1.13,2.75
2011.06.22 04:02:02.589,1.43667,1.43678,1.13,2.48
2011.06.22 04:02:13.401,1.43667,1.43678,1.13,2.48
2011.06.22 04:02:13.950,1.43666,1.43677,1.13,1.13
2011.06.22 04:02:21.180,1.43666,1.43677,1.13,1.88
2011.06.22 04:02:27.930,1.43666,1.43677,1.13,1.13
2011.06.22 04:02:29.169,1.43666,1.43677,1.13,1.88
2011.06.22 04:02:29.721,1.43666,1.43676,1.13,1.13
2011.06.22 04:02:31.680,1.43667,1.43678,1.13,1.88
2011.06.22 04:02:38.779,1.43667,1.43679,1.13,4.88
2011.06.22 04:02:39.330,1.43664,1.43675,1.88,1.13
2011.06.22 04:02:41.429,1.43664,1.43675,1.88,1.13
2011.06.22 04:02:45.382,1.43664,1.43674,1.13,1.13
2011.06.22 04:02:46.541,1.43664,1.43674,1.13,1.13
2011.06.22 04:02:47.090,1.43664,1.43674,1.88,1.13
2011.06.22 04:02:50.801,1.43668,1.43677,1.13,1.05
2011.06.22 04:02:51.133,1.43673,1.43681,1.50,1.88
2011.06.22 04:02:51.369,1.43677,1.43689,1.13,5.55
2011.06.22 04:02:51.593,1.43677,1.43688,1.13,1.13
2011.06.22 04:02:52.150,1.43676,1.43688,1.13,4.50
2011.06.22 04:02:52.594,1.43673,1.43686,1.50,2.63
2011.06.22 04:02:53.180,1.43672,1.43686,1.88,2.63
2011.06.22 04:02:54.370,1.43672,1.43686,1.13,2.63
2011.06.22 04:02:56.340,1.43672,1.43685,1.13,1.50
2011.06.22 04:02:56.452,1.43671,1.43685,1.88,5.25
2011.06.22 04:02:59.353,1.43671,1.43684,1.13,1.88
2011.06.22 04:03:00.350,1.43671,1.43683,1.13,1.13
2011.06.22 04:03:00.680,1.43671,1.43683,1.13,3.75
2011.06.22 04:03:01.229,1.43671,1.43683,1.13,4.50
2011.06.22 04:03:02.653,1.43671,1.43683,1.13,3.75
2011.06.22 04:03:03.261,1.43671,1.43683,1.13,4.50
2011.06.22 04:03:03.702,1.43669,1.4368,1.13,4.73
2011.06.22 04:03:04.250,1.43666,1.43679,1.88,1.73
2011.06.22 04:03:04.800,1.43666,1.43679,1.88,2.48
2011.06.22 04:03:05.843,1.43666,1.43679,1.88,1.73
2011.06.22 04:03:06.292,1.43675,1.4368,1.35,4.88
2011.06.22 04:03:06.624,1.43673,1.43684,1.13,4.05
2011.06.22 04:03:06.745,1.43675,1.43684,1.13,2.48
2011.06.22 04:03:06.862,1.43681,1.4369,1.13,1.50
2011.06.22 04:03:07.082,1.43674,1.43686,1.50,2.85
2011.06.22 04:03:07.192,1.43672,1.43685,1.50,2.63
2011.06.22 04:03:07.413,1.43671,1.4368,1.13,2.10
2011.06.22 04:03:07.966,1.43668,1.4368,1.13,5.85
2011.06.22 04:03:11.634,1.43669,1.43681,6.75,1.88
2011.06.22 04:03:12.189,1.43671,1.43681,1.13,1.88
2011.06.22 04:03:17.201,1.43672,1.43681,1.50,1.13
2011.06.22 04:03:17.422,1.43678,1.43688,1.13,1.13
2011.06.22 04:03:17.970,1.43678,1.43688,1.13,1.13
2011.06.22 04:03:19.113,1.43678,1.43685,1.13,1.35
2011.06.22 04:03:19.232,1.43671,1.43684,2.25,1.13
2011.06.22 04:03:19.452,1.4367,1.43679,1.13,1.35
2011.06.22 04:03:19.562,1.43669,1.43679,1.13,1.35
2011.06.22 04:03:20.110,1.43668,1.43679,1.13,1.73
2011.06.22 04:03:21.836,1.43667,1.43678,1.13,1.88
2011.06.22 04:03:21.953,1.43666,1.43678,1.13,6.00
2011.06.22 04:03:23.089,1.43666,1.43678,1.88,4.50
2011.06.22 04:03:23.639,1.43667,1.43678,1.13,1.13
2011.06.22 04:03:31.540,1.43667,1.43678,1.13,1.13
2011.06.22 04:03:32.311,1.43667,1.43679,1.88,5.25
2011.06.22 04:03:34.510,1.43667,1.43678,1.13,1.13
2011.06.22 04:03:35.472,1.43669,1.43679,1.13,1.13
2011.06.22 04:03:41.391,1.43668,1.43679,1.13,1.88
2011.06.22 04:03:42.602,1.43667,1.43678,1.13,1.13
2011.06.22 04:03:45.461,1.43667,1.43678,1.13,1.88
2011.06.22 04:03:46.670,1.43665,1.43677,2.63,5.25
2011.06.22 04:03:51.689,1.43667,1.43677,1.13,1.13
2011.06.22 04:03:53.340,1.43667,1.43677,1.13,1.13
2011.06.22 04:03:53.563,1.43665,1.43675,1.88,1.13
2011.06.22 04:03:53.791,1.43665,1.43677,1.88,4.50
2011.06.22 04:03:53.903,1.43667,1.43677,1.13,1.13
2011.06.22 04:04:06.511,1.43667,1.43676,1.13,2.10
2011.06.22 04:04:06.730,1.43665,1.43675,1.50,1.13
2011.06.22 04:04:09.940,1.43665,1.43675,1.50,1.13
2011.06.22 04:04:10.161,1.43666,1.43677,1.13,1.43
2011.06.22 04:04:33.382,1.43667,1.43677,1.13,1.13
2011.06.22 04:04:33.931,1.43668,1.43679,1.13,1.88
2011.06.22 04:04:34.590,1.43668,1.43679,1.13,1.88
2011.06.22 04:04:38.321,1.43669,1.43679,2.63,1.13
2011.06.22 04:04:41.564,1.43671,1.4368,2.25,1.43
2011.06.22 04:04:41.684,1.43671,1.4368,1.50,1.43
2011.06.22 04:04:42.022,1.43674,1.4368,1.50,1.43
2011.06.22 04:04:42.570,1.43675,1.4368,1.50,1.43
2011.06.22 04:04:45.917,1.43675,1.43681,3.00,2.78
2011.06.22 04:04:46.585,1.43675,1.4368,3.00,1.43
2011.06.22 04:04:46.921,1.43672,1.4368,1.50,1.43
2011.06.22 04:04:47.139,1.43675,1.4368,3.00,1.43
2011.06.22 04:04:49.180,1.43675,1.43681,3.00,2.78
2011.06.22 04:04:50.020,1.43675,1.4368,3.00,1.43
2011.06.22 04:04:54.939,1.43674,1.4368,1.50,1.43
2011.06.22 04:04:55.750,1.43675,1.4368,1.50,1.43
2011.06.22 04:04:59.742,1.4367,1.4368,4.13,3.68
2011.06.22 04:04:59.854,1.43667,1.43679,1.88,4.50
2011.06.22 04:05:01.651,1.4367,1.4368,1.13,3.53
2011.06.22 04:05:05.480,1.43671,1.43681,1.50,2.18
2011.06.22 04:05:06.580,1.43671,1.43681,1.13,2.18
2011.06.22 04:05:15.091,1.43669,1.4368,2.70,1.43
2011.06.22 04:05:15.715,1.4367,1.4368,1.13,1.43
2011.06.22 04:05:35.141,1.4367,1.4368,1.13,1.43
2011.06.22 04:05:35.801,1.43669,1.4368,1.58,5.55
2011.06.22 04:05:37.482,1.43669,1.4368,1.58,6.30
2011.06.22 04:05:37.590,1.43669,1.4368,2.70,2.18
2011.06.22 04:05:38.142,1.4367,1.43681,2.63,2.18
2011.06.22 04:05:38.692,1.43672,1.43681,1.50,2.18
2011.06.22 04:05:39.790,1.43672,1.43681,1.50,2.18
2011.06.22 04:05:40.732,1.43671,1.43681,1.13,1.43
2011.06.22 04:05:41.061,1.43672,1.43681,2.25,1.43
2011.06.22 04:05:41.170,1.43671,1.43681,1.13,1.43
2011.06.22 04:05:41.501,1.43669,1.43679,2.25,6.00
2011.06.22 04:05:42.051,1.43667,1.43677,2.70,1.13
2011.06.22 04:05:45.201,1.43665,1.43675,2.33,1.88
2011.06.22 04:05:45.420,1.43664,1.43675,1.88,1.88
2011.06.22 04:05:50.751,1.43665,1.43675,1.50,1.13
2011.06.22 04:05:51.082,1.43668,1.43678,1.88,1.73
2011.06.22 04:05:52.034,1.43664,1.43675,1.20,1.88
2011.06.22 04:05:52.151,1.43664,1.43675,4.58,3.00
2011.06.22 04:05:52.261,1.43663,1.43675,1.95,6.75
2011.06.22 04:05:52.480,1.43663,1.43675,3.38,6.30
2011.06.22 04:05:52.592,1.43664,1.43675,1.13,2.93
2011.06.22 04:05:53.209,1.43664,1.43675,1.13,2.18
2011.06.22 04:05:53.433,1.43667,1.43678,1.13,2.18
2011.06.22 04:05:53.551,1.43667,1.43678,1.13,1.88
2011.06.22 04:05:54.100,1.43667,1.43678,1.13,1.13
2011.06.22 04:05:56.610,1.43667,1.43678,1.13,1.88
2011.06.22 04:05:57.341,1.43667,1.43678,1.13,1.13
2011.06.22 04:05:57.466,1.43662,1.43673,1.95,1.13
2011.06.22 04:05:58.020,1.43663,1.43674,1.13,1.13
2011.06.22 04:05:58.911,1.43663,1.43674,1.13,1.88
2011.06.22 04:05:59.462,1.43663,1.43674,1.13,1.13
2011.06.22 04:06:00.319,1.43663,1.43675,1.13,5.25
2011.06.22 04:06:00.801,1.43662,1.4367,1.50,1.13
2011.06.22 04:06:00.911,1.43661,1.4367,1.50,1.88
2011.06.22 04:06:01.350,1.43659,1.4367,1.13,2.63
2011.06.22 04:06:01.683,1.43657,1.43667,1.50,1.13
2011.06.22 04:06:04.650,1.43656,1.43668,1.13,6.60
2011.06.22 04:06:05.204,1.43656,1.43668,1.13,7.35
2011.06.22 04:06:05.831,1.43656,1.43667,1.13,1.88
2011.06.22 04:06:06.658,1.43656,1.43667,1.13,1.13
2011.06.22 04:06:08.151,1.43656,1.43667,1.13,1.88
2011.06.22 04:06:08.482,1.43654,1.43665,1.88,1.73
2011.06.22 04:06:10.161,1.43656,1.43666,1.13,1.13
2011.06.22 04:06:15.211,1.43656,1.43666,1.13,1.13
2011.06.22 04:06:18.530,1.43656,1.43667,1.13,1.13
2011.06.22 04:06:19.080,1.43656,1.43667,1.13,1.88
2011.06.22 04:06:19.629,1.43656,1.43667,1.13,1.13
2011.06.22 04:06:21.544,1.43656,1.43667,1.13,1.88
2011.06.22 04:06:22.101,1.43656,1.43667,1.13,1.13
2011.06.22 04:06:24.411,1.43657,1.43668,1.13,2.48
2011.06.22 04:06:25.086,1.43657,1.43667,1.13,1.13
2011.06.22 04:06:30.872,1.43657,1.43668,1.13,1.13
2011.06.22 04:06:31.091,1.43659,1.43669,1.13,1.13
2011.06.22 04:06:31.312,1.43662,1.4367,1.13,1.05
2011.06.22 04:06:31.641,1.43662,1.43675,1.88,2.10
2011.06.22 04:06:32.082,1.43662,1.43674,1.13,1.13
2011.06.22 04:06:32.630,1.43661,1.43673,1.88,1.13
2011.06.22 04:06:33.413,1.43661,1.43674,1.88,1.13
2011.06.22 04:06:36.910,1.43661,1.43673,1.88,1.13
2011.06.22 04:06:37.240,1.43663,1.43674,1.13,1.13
2011.06.22 04:06:46.589,1.43663,1.43674,1.13,1.13
2011.06.22 04:06:47.311,1.43662,1.43672,1.13,1.13
2011.06.22 04:06:47.860,1.43662,1.43673,1.88,1.88
2011.06.22 04:06:47.974,1.43663,1.43674,1.88,1.13
2011.06.22 04:06:48.643,1.43663,1.43674,1.13,1.88
2011.06.22 04:06:48.757,1.43661,1.43668,1.13,2.10
2011.06.22 04:06:49.092,1.43655,1.43666,1.58,3.75
2011.06.22 04:06:49.202,1.43655,1.43666,1.50,3.75
2011.06.22 04:06:49.312,1.43654,1.43664,1.13,1.13
2011.06.22 04:06:49.861,1.43654,1.43666,1.88,5.25
2011.06.22 04:06:50.521,1.43654,1.43664,1.13,1.13
2011.06.22 04:06:51.072,1.43654,1.43665,1.88,1.43
2011.06.22 04:06:52.810,1.43655,1.43666,1.13,1.88
2011.06.22 04:06:54.949,1.43656,1.43666,1.13,1.13
2011.06.22 04:06:55.609,1.43656,1.43666,1.13,1.13
2011.06.22 04:07:02.231,1.43656,1.43666,1.13,1.13
2011.06.22 04:07:03.471,1.43656,1.43667,1.13,1.88
2011.06.22 04:07:19.142,1.43654,1.43666,1.88,5.25
2011.06.22 04:07:19.472,1.43652,1.43664,1.88,4.50
2011.06.22 04:07:20.022,1.43654,1.43665,1.50,5.25
2011.06.22 04:07:20.350,1.43655,1.43665,1.13,1.13
2011.06.22 04:07:23.872,1.43659,1.43669,1.13,1.13
2011.06.22 04:07:24.090,1.4366,1.4367,1.13,1.43
2011.06.22 04:07:29.602,1.43659,1.4367,1.58,6.30
2011.06.22 04:07:38.304,1.43659,1.43669,2.33,1.13
2011.06.22 04:07:38.823,1.43659,1.43669,1.58,4.50
2011.06.22 04:07:41.792,1.43658,1.43667,1.58,1.13
2011.06.22 04:07:42.012,1.43654,1.43665,1.13,1.88
2011.06.22 04:07:44.651,1.43654,1.43665,1.13,1.88
2011.06.22 04:07:44.871,1.43652,1.43663,1.88,1.13
2011.06.22 04:07:45.420,1.43652,1.43663,1.88,1.13
2011.06.22 04:07:56.073,1.43653,1.43664,1.13,1.13
2011.06.22 04:07:56.741,1.43652,1.43663,2.63,1.13
2011.06.22 04:07:57.291,1.43652,1.43663,2.63,3.23
2011.06.22 04:07:57.623,1.43652,1.4366,1.58,1.13
2011.06.22 04:07:58.244,1.4365,1.43659,1.20,1.73
2011.06.22 04:07:58.361,1.43648,1.43659,1.88,1.13
2011.06.22 04:08:00.891,1.43647,1.43658,1.50,6.00
2011.06.22 04:08:01.442,1.43646,1.43657,1.13,2.25
2011.06.22 04:08:01.551,1.43644,1.43656,1.88,5.63
2011.06.22 04:08:01.880,1.43644,1.43654,1.13,2.25
2011.06.22 04:08:03.642,1.43637,1.43647,1.13,1.50
2011.06.22 04:08:03.860,1.43637,1.43647,1.13,1.13
2011.06.22 04:08:06.062,1.43635,1.43647,1.88,6.38
2011.06.22 04:08:08.711,1.43636,1.43647,1.50,4.88
2011.06.22 04:08:09.730,1.43636,1.43647,1.50,5.63
2011.06.22 04:08:12.426,1.43638,1.43648,1.88,1.43
2011.06.22 04:08:12.871,1.43637,1.43647,1.50,5.63
2011.06.22 04:08:13.091,1.43635,1.43647,1.88,6.38
2011.06.22 04:08:16.539,1.43635,1.43647,1.88,5.63
2011.06.22 04:08:23.781,1.43637,1.43645,2.25,1.13
2011.06.22 04:08:32.020,1.43635,1.43645,1.88,1.13
2011.06.22 04:08:34.752,1.43635,1.43645,1.88,1.13
2011.06.22 04:08:35.741,1.43636,1.43647,1.50,4.50
2011.06.22 04:08:35.850,1.43636,1.43647,1.88,1.13
2011.06.22 04:08:55.570,1.43636,1.43647,1.50,3.75
2011.06.22 04:08:56.120,1.43635,1.43646,1.88,1.50
2011.06.22 04:09:00.592,1.43636,1.43647,1.13,1.13
2011.06.22 04:09:01.147,1.43637,1.43648,1.13,2.18
2011.06.22 04:09:01.559,1.43637,1.43647,1.13,1.13
2011.06.22 04:09:05.893,1.43635,1.43645,1.13,1.13
2011.06.22 04:09:06.439,1.43635,1.43645,1.13,1.13
2011.06.22 04:09:09.453,1.4363,1.43641,1.13,1.13
2011.06.22 04:09:09.672,1.43635,1.43645,1.13,3.23
2011.06.22 04:09:10.220,1.43636,1.43645,1.50,1.13
2011.06.22 04:09:10.333,1.43638,1.43648,1.88,4.65
2011.06.22 04:09:10.551,1.43638,1.43648,1.88,2.18
2011.06.22 04:09:11.120,1.43638,1.43648,1.50,2.18
2011.06.22 04:09:13.363,1.43638,1.43648,2.33,2.18
2011.06.22 04:09:14.510,1.43639,1.43646,1.50,4.50
2011.06.22 04:09:15.060,1.43634,1.43644,1.13,1.13
2011.06.22 04:09:26.962,1.43636,1.43646,1.13,1.88
2011.06.22 04:09:27.510,1.43636,1.43646,1.13,1.88
2011.06.22 04:09:28.878,1.43636,1.43646,1.13,1.88
2011.06.22 04:09:31.924,1.43636,1.43646,1.13,1.88
2011.06.22 04:09:34.951,1.43634,1.43644,1.88,1.13
2011.06.22 04:09:35.500,1.43632,1.43643,1.88,1.13
2011.06.22 04:09:36.462,1.43632,1.43643,1.88,1.88
2011.06.22 04:09:36.903,1.43634,1.43644,2.25,3.75
2011.06.22 04:09:37.122,1.43632,1.43643,1.88,1.13
2011.06.22 04:09:37.780,1.43632,1.43643,1.88,1.13
2011.06.22 04:09:38.361,1.43633,1.43643,1.13,1.88
2011.06.22 04:09:42.353,1.43631,1.43641,3.75,2.25
2011.06.22 04:09:42.462,1.43631,1.43641,1.13,1.88
2011.06.22 04:09:43.011,1.4363,1.43641,1.20,1.88
2011.06.22 04:09:43.454,1.43633,1.43641,1.50,1.43
2011.06.22 04:09:43.681,1.43633,1.43643,1.88,1.13
2011.06.22 04:09:52.541,1.43633,1.43643,1.88,1.13
2011.06.22 04:09:52.652,1.43638,1.43647,1.13,3.15
2011.06.22 04:09:52.761,1.43638,1.43648,1.88,2.18
2011.06.22 04:09:54.322,1.43638,1.43648,1.50,1.88
2011.06.22 04:09:55.603,1.43638,1.43644,1.58,1.13
2011.06.22 04:09:56.041,1.43634,1.43644,1.13,1.13
2011.06.22 04:09:56.961,1.43634,1.43642,1.13,1.50
2011.06.22 04:09:57.510,1.43632,1.43642,3.75,2.55
2011.06.22 04:09:58.083,1.4363,1.43641,1.20,1.13
2011.06.22 04:10:00.973,1.43629,1.4364,2.70,2.25
2011.06.22 04:10:01.522,1.43629,1.4364,2.70,2.18
2011.06.22 04:10:02.620,1.43629,1.4364,2.70,2.18
2011.06.22 04:10:04.272,1.43631,1.4364,1.88,1.05
2011.06.22 04:10:04.491,1.43631,1.43642,5.25,1.50
2011.06.22 04:10:04.714,1.43634,1.43643,1.13,1.50
2011.06.22 04:10:05.270,1.43634,1.43643,1.50,1.13
2011.06.22 04:10:05.819,1.43634,1.43645,1.50,4.50
2011.06.22 04:10:06.992,1.43634,1.43643,1.50,1.13
2011.06.22 04:10:07.102,1.43631,1.43641,1.13,1.88
2011.06.22 04:10:12.008,1.43633,1.43643,1.13,1.88
2011.06.22 04:10:12.124,1.43634,1.43644,1.13,1.50
2011.06.22 04:10:12.570,1.43633,1.43644,1.88,1.88
2011.06.22 04:10:13.120,1.43633,1.43644,1.88,1.13
2011.06.22 04:10:13.670,1.43633,1.43644,1.88,1.13
2011.06.22 04:10:14.151,1.43634,1.43645,1.13,1.88
2011.06.22 04:10:17.669,1.43633,1.43645,4.50,1.88
2011.06.22 04:10:17.890,1.43632,1.43643,1.88,1.13
2011.06.22 04:10:18.442,1.43633,1.43644,1.13,1.13
2011.06.22 04:10:18.772,1.43631,1.43642,1.13,1.13
2011.06.22 04:10:19.212,1.43632,1.43641,1.50,1.13
2011.06.22 04:10:19.541,1.43633,1.43644,1.13,1.13
2011.06.22 04:10:21.827,1.43633,1.43644,1.13,1.13
2011.06.22 04:10:21.943,1.43633,1.43644,1.13,1.13
2011.06.22 04:10:22.165,1.43635,1.43645,1.88,1.13
2011.06.22 04:10:22.282,1.43635,1.43645,1.88,1.13
2011.06.22 04:10:23.274,1.43632,1.43642,1.13,1.13
2011.06.22 04:10:23.830,1.43632,1.43642,1.13,1.88
2011.06.22 04:10:25.790,1.43632,1.43642,1.88,1.13
2011.06.22 04:10:26.122,1.43634,1.43644,1.13,1.13
2011.06.22 04:10:27.401,1.43632,1.43644,5.25,1.88
2011.06.22 04:10:28.061,1.43632,1.43642,1.13,1.13
2011.06.22 04:10:28.171,1.4363,1.43641,1.20,1.88
2011.06.22 04:10:31.051,1.4363,1.4364,1.20,1.13
2011.06.22 04:10:31.274,1.43632,1.43642,1.13,1.80
2011.06.22 04:10:32.162,1.43632,1.43643,1.88,1.13
2011.06.22 04:10:35.442,1.43633,1.43643,1.13,1.13
2011.06.22 04:10:35.555,1.4363,1.43641,2.25,1.88
2011.06.22 04:10:37.053,1.43631,1.43641,1.88,1.88
2011.06.22 04:10:37.164,1.43632,1.43644,4.50,1.88
2011.06.22 04:10:37.829,1.43632,1.43644,5.25,1.88
2011.06.22 04:10:38.050,1.43632,1.43643,1.88,1.13
2011.06.22 04:10:40.100,1.43632,1.43642,1.13,1.13
2011.06.22 04:10:41.052,1.43636,1.43645,1.13,1.50
2011.06.22 04:10:41.381,1.43634,1.43641,3.38,1.50
2011.06.22 04:10:41.821,1.43632,1.43641,3.75,1.50
2011.06.22 04:10:41.931,1.4363,1.43641,3.83,1.50
2011.06.22 04:10:43.772,1.43631,1.43641,1.13,1.50
2011.06.22 04:10:44.213,1.43634,1.43645,1.13,2.63
2011.06.22 04:10:44.769,1.43634,1.43645,1.13,1.88
2011.06.22 04:10:45.320,1.43633,1.43643,1.13,1.13
2011.06.22 04:10:50.840,1.43632,1.43643,1.50,4.50
2011.06.22 04:10:50.952,1.43631,1.43641,2.48,1.13
2011.06.22 04:10:51.500,1.43629,1.4364,2.70,1.13
2011.06.22 04:10:53.639,1.43629,1.4364,3.45,1.13
2011.06.22 04:10:54.190,1.43629,1.4364,2.70,1.13
2011.06.22 04:10:55.289,1.43629,1.4364,3.45,1.13
2011.06.22 04:10:55.840,1.43629,1.4364,2.70,1.13
2011.06.22 04:10:58.560,1.4363,1.43641,1.20,2.18
2011.06.22 04:10:58.783,1.43631,1.43641,4.50,1.05
2011.06.22 04:10:58.895,1.4363,1.43641,1.95,2.93
2011.06.22 04:10:59.344,1.43629,1.43639,1.20,1.13
2011.06.22 04:10:59.875,1.43629,1.43639,1.13,1.88
2011.06.22 04:11:00.460,1.43629,1.43639,1.20,1.88
2011.06.22 04:11:05.400,1.43629,1.43639,1.20,2.63
2011.06.22 04:11:07.151,1.43629,1.43639,1.20,2.63
2011.06.22 04:11:08.583,1.43629,1.4364,6.08,1.50
2011.06.22 04:11:09.131,1.4363,1.43641,1.20,2.93
2011.06.22 04:11:09.680,1.4363,1.43641,4.95,2.93
2011.06.22 04:11:10.451,1.4363,1.43641,3.45,2.18
2011.06.22 04:11:11.940,1.43629,1.4364,3.45,1.13
2011.06.22 04:11:14.521,1.43631,1.43641,1.50,1.05
2011.06.22 04:11:14.855,1.43638,1.43647,1.88,1.50
2011.06.22 04:11:14.973,1.43638,1.43648,1.95,1.13
2011.06.22 04:11:15.531,1.43639,1.43649,1.13,1.50
2011.06.22 04:11:17.241,1.43639,1.43646,1.13,1.50
2011.06.22 04:11:17.461,1.43634,1.43645,2.33,1.13
2011.06.22 04:11:17.571,1.43634,1.43645,2.25,1.13
2011.06.22 04:11:19.113,1.43633,1.43644,4.88,1.50
2011.06.22 04:11:19.441,1.4363,1.4364,1.95,1.13
2011.06.22 04:11:22.362,1.43629,1.4364,1.95,1.88
2011.06.22 04:11:25.130,1.43629,1.4364,1.95,1.88
2011.06.22 04:11:25.681,1.43629,1.4364,2.70,1.13
2011.06.22 04:11:28.511,1.4363,1.43641,3.83,2.55
2011.06.22 04:11:32.701,1.43629,1.4364,2.70,1.13
2011.06.22 04:11:33.250,1.43629,1.4364,1.95,1.13
2011.06.22 04:11:35.601,1.43629,1.4364,1.95,1.88
2011.06.22 04:11:38.787,1.43627,1.43636,1.50,3.75
2011.06.22 04:11:40.443,1.43627,1.43637,1.50,1.13
2011.06.22 04:12:00.912,1.43628,1.43639,1.13,1.88
2011.06.22 04:12:01.680,1.43629,1.43639,3.75,1.50
2011.06.22 04:12:04.111,1.43629,1.43639,3.75,1.50
2011.06.22 04:12:04.660,1.43628,1.43639,3.75,1.50
2011.06.22 04:12:05.560,1.43628,1.43639,3.38,1.50
2011.06.22 04:12:05.783,1.43625,1.43634,1.20,1.88
2011.06.22 04:12:06.003,1.43627,1.43634,3.75,1.80
2011.06.22 04:12:06.113,1.43625,1.43634,1.20,2.18
2011.06.22 04:12:06.333,1.43624,1.43634,1.20,2.18
2011.06.22 04:12:06.662,1.43623,1.4363,1.58,1.13
2011.06.22 04:12:06.992,1.4362,1.43631,1.20,2.63
2011.06.22 04:12:08.767,1.43619,1.4363,1.95,1.13
2011.06.22 04:12:10.765,1.43618,1.43629,5.33,3.38
2011.06.22 04:12:11.103,1.43618,1.43622,3.38,1.50
2011.06.22 04:12:12.670,1.43612,1.43623,1.88,1.88
2011.06.22 04:12:14.405,1.43613,1.43623,4.50,1.50
2011.06.22 04:12:14.745,1.43619,1.43627,1.88,1.50
2011.06.22 04:12:18.021,1.43619,1.43629,1.95,1.88
2011.06.22 04:12:22.452,1.43619,1.43629,2.70,1.88
2011.06.22 04:12:22.785,1.43623,1.43634,1.88,1.43
2011.06.22 04:12:22.905,1.43624,1.43634,3.75,1.05
2011.06.22 04:12:23.133,1.43623,1.43634,1.88,1.13
2011.06.22 04:12:26.392,1.43623,1.43634,1.13,1.13
2011.06.22 04:12:28.241,1.43623,1.43634,1.13,1.13
2011.06.22 04:12:29.051,1.43622,1.43634,4.50,1.13
2011.06.22 04:12:30.171,1.43623,1.43634,1.88,1.13
2011.06.22 04:12:31.051,1.43622,1.43634,5.25,1.13
2011.06.22 04:12:32.811,1.43623,1.43634,1.13,1.13
2011.06.22 04:12:33.380,1.43622,1.43634,4.50,1.13
2011.06.22 04:12:34.772,1.43623,1.43634,1.13,1.13
2011.06.22 04:12:35.321,1.43622,1.43634,4.50,1.13
2011.06.22 04:12:36.622,1.43623,1.43634,1.13,1.13
2011.06.22 04:12:40.812,1.43624,1.43636,6.00,1.13
2011.06.22 04:12:50.570,1.43625,1.43636,1.13,1.13
2011.06.22 04:12:52.543,1.43626,1.43636,1.88,1.13
2011.06.22 04:12:53.090,1.43627,1.43637,1.13,1.13
2011.06.22 04:12:57.812,1.43627,1.43639,1.88,4.80
2011.06.22 04:12:57.922,1.43629,1.4364,2.63,2.93
2011.06.22 04:12:58.363,1.4363,1.4364,3.38,2.18
2011.06.22 04:12:58.697,1.43633,1.43639,2.25,1.50
2011.06.22 04:12:58.813,1.43634,1.4364,1.50,1.88
2011.06.22 04:12:59.035,1.43635,1.43641,1.50,3.38
2011.06.22 04:12:59.528,1.43637,1.43641,2.10,3.75
2011.06.22 04:13:00.421,1.43634,1.43645,1.88,1.13
2011.06.22 04:13:00.864,1.43634,1.43647,3.75,1.50
2011.06.22 04:13:00.982,1.43634,1.43649,1.43,1.13
2011.06.22 04:13:01.091,1.43636,1.4365,1.35,1.13
2011.06.22 04:13:01.971,1.43637,1.43651,1.13,1.50
2011.06.22 04:13:02.196,1.4364,1.4365,1.13,1.88
2011.06.22 04:13:02.536,1.43644,1.43652,1.58,1.50
2011.06.22 04:13:02.653,1.43641,1.43651,1.73,1.50
2011.06.22 04:13:02.763,1.4364,1.43649,1.50,1.50
2011.06.22 04:13:02.983,1.43636,1.43649,3.00,1.50
2011.06.22 04:13:03.532,1.43637,1.43649,1.50,1.50
2011.06.22 04:13:06.841,1.43636,1.43649,2.25,1.50
2011.06.22 04:13:07.172,1.43638,1.4365,6.00,2.63
2011.06.22 04:13:07.280,1.43638,1.43649,2.63,1.13
2011.06.22 04:13:07.830,1.43638,1.4365,2.63,6.00
2011.06.22 04:13:09.335,1.43638,1.43646,1.20,1.50
2011.06.22 04:13:09.672,1.43639,1.4365,1.13,3.38
2011.06.22 04:13:09.781,1.43639,1.4365,1.13,2.63
2011.06.22 04:13:10.002,1.4364,1.4365,3.75,2.25
2011.06.22 04:13:10.550,1.43639,1.4365,1.13,2.63
2011.06.22 04:13:11.441,1.43638,1.4365,6.08,2.63
2011.06.22 04:13:14.732,1.43639,1.4365,1.13,2.63
2011.06.22 04:13:16.161,1.43638,1.4365,6.83,2.63
2011.06.22 04:13:16.726,1.43639,1.4365,1.13,2.63
2011.06.22 04:13:30.130,1.4364,1.43651,1.88,2.93
2011.06.22 04:13:30.464,1.43643,1.43654,2.33,5.55
2011.06.22 04:13:30.581,1.43644,1.43654,1.13,2.18
2011.06.22 04:13:30.692,1.43641,1.43651,1.20,1.88
2011.06.22 04:13:30.911,1.43641,1.43651,1.13,2.18
2011.06.22 04:13:31.792,1.43639,1.4365,1.88,1.13
2011.06.22 04:13:32.340,1.43639,1.4365,1.13,2.63
2011.06.22 04:13:33.111,1.43639,1.4365,1.13,2.63
2011.06.22 04:13:40.955,1.43641,1.4365,1.50,1.13
2011.06.22 04:13:41.296,1.43643,1.43654,5.25,1.05
2011.06.22 04:13:41.521,1.43643,1.43654,1.88,1.13
2011.06.22 04:13:50.591,1.43644,1.43656,1.13,4.50
2011.06.22 04:13:51.186,1.43644,1.43655,1.13,1.13
2011.06.22 04:13:51.741,1.43644,1.43656,1.13,4.50
2011.06.22 04:13:52.891,1.43646,1.43657,1.88,1.13
2011.06.22 04:13:53.493,1.4365,1.4366,1.13,1.13
2011.06.22 04:13:53.843,1.43645,1.43657,2.70,1.13
2011.06.22 04:13:54.392,1.43646,1.43658,1.13,1.13
2011.06.22 04:13:54.941,1.43646,1.43659,1.13,1.88
2011.06.22 04:13:57.281,1.43648,1.43659,1.50,1.88
2011.06.22 04:13:57.391,1.43648,1.43659,2.25,1.13
2011.06.22 04:13:57.503,1.43651,1.43661,1.13,1.13
2011.06.22 04:13:57.611,1.43651,1.43661,2.25,1.13
2011.06.22 04:13:57.941,1.43655,1.43665,1.13,1.13
2011.06.22 04:13:58.600,1.43654,1.43666,1.88,4.50
2011.06.22 04:13:59.156,1.43655,1.43666,1.13,1.13
2011.06.22 04:13:59.710,1.43654,1.43666,1.13,4.50
2011.06.22 04:14:01.311,1.43654,1.43665,1.88,1.13
2011.06.22 04:14:01.861,1.43654,1.43665,1.88,1.13
2011.06.22 04:14:02.892,1.43654,1.43661,1.13,1.05
2011.06.22 04:14:03.450,1.4365,1.43661,1.13,2.18
2011.06.22 04:14:04.320,1.4365,1.43661,1.13,2.93
2011.06.22 04:14:04.870,1.4365,1.43661,1.13,2.18
2011.06.22 04:14:05.097,1.43655,1.43664,1.13,1.05
2011.06.22 04:14:05.433,1.43659,1.43669,2.70,1.13
2011.06.22 04:14:05.541,1.4366,1.4367,1.13,1.13
2011.06.22 04:14:06.971,1.4366,1.43672,1.88,7.05
2011.06.22 04:14:07.082,1.43661,1.43672,1.13,3.68
2011.06.22 04:14:07.523,1.4366,1.4367,1.13,1.13
2011.06.22 04:14:08.072,1.4366,1.4367,1.13,1.13
2011.06.22 04:14:14.453,1.43661,1.43671,4.88,1.50
2011.06.22 04:14:14.977,1.43663,1.43675,1.13,2.63
2011.06.22 04:14:15.212,1.43661,1.43673,1.13,5.25
2011.06.22 04:14:15.545,1.43666,1.43675,1.13,1.50
2011.06.22 04:14:15.774,1.43666,1.43676,1.13,1.13
2011.06.22 04:14:16.654,1.43666,1.43677,1.88,3.23
2011.06.22 04:14:17.205,1.43668,1.43679,1.13,1.88
2011.06.22 04:14:17.761,1.43667,1.43679,5.25,1.88
2011.06.22 04:14:17.872,1.43667,1.43675,5.25,1.50
2011.06.22 04:14:18.313,1.43667,1.43678,1.88,1.13
2011.06.22 04:14:25.462,1.43669,1.4368,1.13,1.88
2011.06.22 04:14:27.642,1.43669,1.4368,1.13,1.88
2011.06.22 04:14:28.081,1.43668,1.43679,1.13,2.63
2011.06.22 04:14:28.302,1.43667,1.43679,1.88,6.00
2011.06.22 04:14:31.472,1.43667,1.43677,2.63,1.13
2011.06.22 04:14:31.802,1.4367,1.43677,1.13,1.05
2011.06.22 04:14:32.021,1.4367,1.4368,1.13,1.13
2011.06.22 04:14:33.372,1.4367,1.4368,1.13,1.13
2011.06.22 04:14:34.011,1.43668,1.43679,1.88,1.88
2011.06.22 04:14:34.563,1.43668,1.43678,1.13,1.13
2011.06.22 04:14:35.002,1.43665,1.43674,3.08,1.43
2011.06.22 04:14:35.442,1.43667,1.43675,1.13,1.50
2011.06.22 04:14:35.771,1.43668,1.43679,1.50,4.50
2011.06.22 04:14:35.884,1.43669,1.43679,1.13,1.13
2011.06.22 04:14:36.438,1.43668,1.43679,1.88,1.88
2011.06.22 04:14:38.100,1.43668,1.43678,1.13,1.50
2011.06.22 04:14:38.213,1.43665,1.43674,3.08,1.13
2011.06.22 04:14:42.782,1.43665,1.43675,3.19,1.50
2011.06.22 04:14:42.894,1.43665,1.43671,1.69,3.23
2011.06.22 04:14:43.015,1.43661,1.43667,2.25,1.35
2011.06.22 04:14:43.135,1.43657,1.43667,1.13,1.35
2011.06.22 04:14:44.424,1.43654,1.43666,1.88,5.25
2011.06.22 04:14:44.642,1.43657,1.43667,1.13,1.13
2011.06.22 04:14:45.192,1.43657,1.43668,1.13,1.13
2011.06.22 04:14:45.411,1.43657,1.43668,1.13,1.13
2011.06.22 04:14:45.964,1.43655,1.43664,1.58,1.13
2011.06.22 04:14:46.983,1.43657,1.43667,1.88,2.63
2011.06.22 04:14:47.090,1.43657,1.43667,1.88,1.13
2011.06.22 04:14:47.864,1.43657,1.43669,1.88,4.50
2011.06.22 04:14:48.093,1.4366,1.43671,1.13,1.88
2011.06.22 04:14:48.311,1.43658,1.4367,1.88,3.75
2011.06.22 04:14:54.923,1.43658,1.43669,1.13,1.13
2011.06.22 04:14:56.097,1.43658,1.43669,1.13,1.88
2011.06.22 04:14:58.960,1.43658,1.43669,1.13,1.13
2011.06.22 04:14:59.183,1.4366,1.43671,1.13,2.25
2011.06.22 04:15:00.973,1.43658,1.43669,1.50,5.25
2011.06.22 04:15:01.521,1.43657,1.43669,1.88,5.25
2011.06.22 04:15:08.351,1.43659,1.43669,1.13,1.20
2011.06.22 04:15:08.901,1.43659,1.43671,2.70,6.45
2011.06.22 04:15:15.161,1.43659,1.43669,1.20,1.95
2011.06.22 04:15:22.167,1.43659,1.43669,1.13,1.20
2011.06.22 04:15:22.393,1.43661,1.43671,2.63,1.95
2011.06.22 04:15:22.615,1.43667,1.43677,1.13,1.35
2011.06.22 04:15:22.733,1.43667,1.43678,1.13,1.88
2011.06.22 04:15:22.842,1.43667,1.43679,5.85,2.63
2011.06.22 04:15:23.172,1.4367,1.4368,1.88,1.13
2011.06.22 04:15:23.501,1.43673,1.4368,1.50,1.13
2011.06.22 04:15:24.492,1.43674,1.43681,1.88,1.80
2011.06.22 04:15:24.825,1.43672,1.4368,1.13,2.25
2011.06.22 04:15:25.053,1.43666,1.43677,3.08,1.88
2011.06.22 04:15:25.273,1.43664,1.43672,2.33,1.13
2011.06.22 04:15:25.491,1.43662,1.43672,1.88,2.93
2011.06.22 04:15:25.603,1.43661,1.43672,1.20,2.93
2011.06.22 04:15:27.087,1.43663,1.43673,3.75,2.25
2011.06.22 04:15:27.432,1.43663,1.43675,1.13,3.75
2011.06.22 04:15:27.542,1.43665,1.43676,1.13,1.13
2011.06.22 04:15:28.092,1.43664,1.43676,1.88,4.50
2011.06.22 04:15:28.641,1.43664,1.43676,1.88,4.50
2011.06.22 04:15:29.316,1.43664,1.43676,1.88,4.50
2011.06.22 04:15:29.651,1.43667,1.43678,1.13,3.23
2011.06.22 04:15:29.872,1.43669,1.43679,1.13,1.43
2011.06.22 04:15:30.530,1.43669,1.43679,1.13,1.43
2011.06.22 04:15:31.081,1.43669,1.4368,1.13,1.43
2011.06.22 04:15:31.631,1.4367,1.43679,1.50,1.43
2011.06.22 04:15:31.963,1.43667,1.43675,1.88,2.25
2011.06.22 04:15:32.073,1.43666,1.43672,1.50,1.50
2011.06.22 04:15:32.182,1.43665,1.43674,1.50,1.13
2011.06.22 04:15:32.292,1.43666,1.43675,1.13,2.25
2011.06.22 04:15:32.402,1.43666,1.43675,1.13,1.50
2011.06.22 04:15:33.301,1.43667,1.43677,1.13,1.13
2011.06.22 04:15:47.166,1.43666,1.43675,1.13,1.50
2011.06.22 04:15:47.284,1.43663,1.43674,2.25,2.25
2011.06.22 04:15:47.405,1.43662,1.43671,2.25,1.88
2011.06.22 04:15:49.811,1.43662,1.43671,1.50,2.18
2011.06.22 04:15:54.646,1.43662,1.43671,1.50,2.18
2011.06.22 04:15:55.201,1.43661,1.43671,1.13,2.93
2011.06.22 04:15:55.717,1.43661,1.43671,1.13,2.93
2011.06.22 04:15:56.281,1.43661,1.43671,1.13,2.93
2011.06.22 04:16:06.086,1.43661,1.43671,1.13,2.93
2011.06.22 04:16:06.641,1.43661,1.43671,1.13,2.93
2011.06.22 04:16:07.301,1.43661,1.43671,1.13,2.93
2011.06.22 04:16:32.936,1.43664,1.43671,1.13,1.80
2011.06.22 04:16:33.491,1.43664,1.43674,1.88,1.13
2011.06.22 04:16:35.843,1.43661,1.4367,1.35,1.88
2011.06.22 04:16:35.954,1.4366,1.4367,3.38,1.88
2011.06.22 04:16:36.062,1.4366,1.4367,1.88,1.88
2011.06.22 04:16:36.758,1.43659,1.4367,1.95,2.63
2011.06.22 04:16:37.093,1.43663,1.43671,1.50,1.43
2011.06.22 04:16:37.206,1.43664,1.43672,2.63,1.05
2011.06.22 04:16:37.763,1.43664,1.43674,1.88,2.18
2011.06.22 04:17:00.822,1.43664,1.43674,1.50,2.18
2011.06.22 04:17:01.371,1.43665,1.43675,1.13,1.13
2011.06.22 04:17:10.481,1.43665,1.43675,1.13,1.13
2011.06.22 04:17:10.703,1.43668,1.43678,1.13,1.88
2011.06.22 04:17:11.569,1.4367,1.4368,1.13,2.18
2011.06.22 04:17:12.123,1.4367,1.4368,1.88,1.43
2011.06.22 04:17:38.261,1.4367,1.43678,1.13,1.50
2011.06.22 04:17:38.703,1.43669,1.4368,1.88,1.88
2011.06.22 04:17:38.922,1.4367,1.43681,1.13,2.18
2011.06.22 04:17:39.032,1.43669,1.43678,1.88,1.50
2011.06.22 04:17:40.545,1.43671,1.4368,1.88,1.13
2011.06.22 04:17:40.889,1.43669,1.43678,1.88,2.25
2011.06.22 04:17:41.114,1.43668,1.43678,1.13,1.88
2011.06.22 04:17:43.102,1.43668,1.43679,4.88,1.50
2011.06.22 04:17:43.214,1.43667,1.43676,3.08,1.88
2011.06.22 04:17:43.435,1.4367,1.43681,1.13,2.18
2011.06.22 04:17:43.552,1.43669,1.4368,1.88,1.88
2011.06.22 04:17:47.173,1.43669,1.43677,1.50,4.50
2011.06.22 04:17:47.284,1.43666,1.43675,1.58,1.13
2011.06.22 04:17:47.395,1.43667,1.43676,4.50,2.85
2011.06.22 04:17:47.517,1.43669,1.43678,1.88,1.50
2011.06.22 04:17:47.743,1.43669,1.43679,1.88,1.13
2011.06.22 04:17:51.703,1.43666,1.43674,1.58,1.13
2011.06.22 04:17:52.031,1.43665,1.43674,1.50,1.43
2011.06.22 04:17:59.283,1.43665,1.43674,1.50,1.43
2011.06.22 04:17:59.839,1.43665,1.43674,1.50,1.43
2011.06.22 04:18:02.559,1.43665,1.43674,1.50,1.43
2011.06.22 04:18:02.781,1.43663,1.43671,1.20,1.50
2011.06.22 04:18:02.892,1.43661,1.4367,1.95,1.50
2011.06.22 04:18:03.010,1.43661,1.4367,1.88,1.80
2011.06.22 04:18:03.560,1.4366,1.4367,1.88,1.43
2011.06.22 04:18:06.219,1.4366,1.4367,1.88,1.43
2011.06.22 04:18:16.171,1.43661,1.4367,1.88,1.05
2011.06.22 04:18:16.720,1.43662,1.4367,1.13,1.05
2011.06.22 04:18:26.180,1.43662,1.43671,1.88,1.50
2011.06.22 04:18:31.503,1.43666,1.43674,1.50,3.75
2011.06.22 04:18:31.621,1.43666,1.43676,1.88,1.13
2011.06.22 04:18:42.393,1.43666,1.43676,1.88,1.13
2011.06.22 04:18:42.949,1.43666,1.43676,1.88,1.13
2011.06.22 04:18:45.332,1.43668,1.43678,1.88,1.13
2011.06.22 04:18:46.139,1.43669,1.43678,1.50,1.13
2011.06.22 04:18:46.689,1.4367,1.4368,1.13,2.18
2011.06.22 04:18:47.100,1.43671,1.4368,1.50,1.43
2011.06.22 04:18:47.320,1.43672,1.4368,1.13,1.43
2011.06.22 04:18:50.786,1.43674,1.43681,1.50,1.12
2011.06.22 04:18:50.902,1.43673,1.43684,1.50,5.25
2011.06.22 04:18:51.012,1.43675,1.43684,1.50,1.13
2011.06.22 04:19:14.039,1.43677,1.43685,1.50,1.13
2011.06.22 04:19:18.192,1.43677,1.43687,1.50,5.55
2011.06.22 04:19:18.304,1.43678,1.43688,1.88,1.43
2011.06.22 04:19:18.860,1.4368,1.43689,1.50,1.13
2011.06.22 04:19:19.188,1.43681,1.4369,1.50,1.13
2011.06.22 04:19:19.851,1.43682,1.43692,1.88,1.13
2011.06.22 04:19:20.492,1.43689,1.43699,1.88,1.13
2011.06.22 04:19:23.919,1.4369,1.43699,1.50,1.13
2011.06.22 04:19:26.899,1.4369,1.43699,1.50,1.13
2011.06.22 04:19:27.982,1.43692,1.43701,1.13,2.18
2011.06.22 04:19:28.201,1.43694,1.43701,1.50,1.43
2011.06.22 04:19:28.530,1.43695,1.43704,1.88,1.05
2011.06.22 04:19:29.300,1.43696,1.43704,1.50,1.05
2011.06.22 04:19:32.869,1.43696,1.43706,2.25,2.15
2011.06.22 04:19:33.092,1.43699,1.43707,1.50,1.35
2011.06.22 04:19:33.651,1.437,1.43707,1.88,1.35
2011.06.22 04:19:39.690,1.43699,1.43707,1.50,1.35
2011.06.22 04:19:43.410,1.43698,1.43707,1.13,2.10
2011.06.22 04:19:43.520,1.43696,1.43706,4.95,1.50
2011.06.22 04:19:43.631,1.43696,1.43705,1.95,1.13
2011.06.22 04:19:51.039,1.43695,1.43702,1.13,2.37
2011.06.22 04:19:51.263,1.4369,1.43696,1.58,1.50
2011.06.22 04:19:51.489,1.43687,1.43696,1.88,1.80
2011.06.22 04:19:51.601,1.43687,1.43696,1.13,1.80
2011.06.22 04:19:55.470,1.43688,1.43697,1.50,1.13
2011.06.22 04:19:55.580,1.4369,1.437,1.13,1.13
2011.06.22 04:19:56.239,1.4369,1.437,1.13,1.13
2011.06.22 04:19:57.551,1.43691,1.437,1.13,1.13
2011.06.22 04:19:57.879,1.43692,1.437,1.13,1.13
2011.06.22 04:20:02.690,1.43693,1.43702,1.50,3.68
2011.06.22 04:20:03.022,1.43701,1.43707,1.88,1.35
2011.06.22 04:20:03.133,1.43702,1.4371,1.50,1.05
2011.06.22 04:20:03.667,1.43702,1.43711,1.50,2.10
2011.06.22 04:20:06.210,1.437,1.43708,1.50,1.35
2011.06.22 04:20:10.710,1.43699,1.43708,1.50,1.35
2011.06.22 04:20:47.073,1.43698,1.43707,1.13,1.50
2011.06.22 04:20:47.301,1.43694,1.43703,2.33,1.13
2011.06.22 04:20:47.414,1.43694,1.43701,1.58,1.50
2011.06.22 04:20:47.642,1.43689,1.43698,1.50,1.13
2011.06.22 04:20:48.189,1.43689,1.43699,1.13,1.13
2011.06.22 04:20:48.632,1.43691,1.43699,1.88,1.13
2011.06.22 04:20:48.962,1.43697,1.43706,1.50,1.73
2011.06.22 04:20:49.071,1.43698,1.43707,1.88,1.50
2011.06.22 04:20:49.620,1.43698,1.43708,1.88,1.13
2011.06.22 04:20:54.260,1.43696,1.43704,4.50,1.50
2011.06.22 04:20:54.371,1.43695,1.43703,1.20,1.50
2011.06.22 04:20:54.482,1.43692,1.43702,1.50,1.88
2011.06.22 04:20:54.590,1.43691,1.43702,1.50,1.88
2011.06.22 04:20:54.811,1.43691,1.43702,1.50,5.25
2011.06.22 04:20:57.950,1.43691,1.43701,1.50,1.13
2011.06.22 04:20:58.979,1.43691,1.43702,1.88,1.88
2011.06.22 04:21:00.879,1.43691,1.437,1.13,1.50
2011.06.22 04:21:01.100,1.43689,1.43699,1.13,1.50
2011.06.22 04:21:01.870,1.43688,1.43697,1.13,1.50
2011.06.22 04:21:03.519,1.43688,1.43697,1.13,1.50
2011.06.22 04:21:08.765,1.43688,1.43697,1.13,1.50
2011.06.22 04:21:12.650,1.4369,1.437,1.13,2.18
2011.06.22 04:21:12.760,1.4369,1.437,1.88,2.18
2011.06.22 04:21:23.928,1.4369,1.437,1.88,2.18
2011.06.22 04:21:24.040,1.4369,1.437,2.10,2.18
2011.06.22 04:21:30.829,1.4369,1.437,2.85,2.18
2011.06.22 04:21:30.941,1.4369,1.43699,1.88,1.50
2011.06.22 04:21:31.743,1.4369,1.43699,1.13,2.25
2011.06.22 04:21:32.029,1.4369,1.43699,1.13,1.50
2011.06.22 04:21:32.578,1.4369,1.437,1.88,2.18
2011.06.22 04:21:33.129,1.4369,1.437,1.88,2.18
2011.06.22 04:21:34.611,1.4369,1.437,1.88,2.18
2011.06.22 04:21:34.831,1.43687,1.43696,1.95,1.50
2011.06.22 04:21:35.379,1.43687,1.43696,1.88,1.50
2011.06.22 04:21:36.782,1.43688,1.43697,1.50,1.13
2011.06.22 04:21:37.000,1.4369,1.437,1.88,2.63
2011.06.22 04:21:49.420,1.43691,1.437,1.50,1.43
2011.06.22 04:21:49.643,1.4369,1.437,2.63,2.18
2011.06.22 04:21:54.130,1.4369,1.437,1.88,2.18
2011.06.22 04:21:59.150,1.43691,1.437,1.13,2.55
2011.06.22 04:22:02.000,1.4369,1.437,1.50,2.93
2011.06.22 04:22:02.549,1.43691,1.437,1.88,1.80
2011.06.22 04:22:40.592,1.43695,1.43703,2.25,4.88
2011.06.22 04:22:40.812,1.437,1.43705,1.50,2.25
2011.06.22 04:22:40.935,1.437,1.4371,1.88,1.88
2011.06.22 04:22:43.704,1.43698,1.43707,1.95,1.35
2011.06.22 04:22:43.930,1.43696,1.43705,1.50,3.23
2011.06.22 04:22:52.301,1.43693,1.43703,1.13,1.88
2011.06.22 04:22:52.630,1.43693,1.43702,1.88,2.85
2011.06.22 04:22:52.852,1.43698,1.43706,1.50,2.85
2011.06.22 04:22:53.072,1.43701,1.43706,1.13,2.10
2011.06.22 04:22:53.181,1.43701,1.43709,1.13,3.60
2011.06.22 04:22:54.284,1.43699,1.43707,6.08,2.85
2011.06.22 04:22:54.622,1.43696,1.43705,1.13,3.60
2011.06.22 04:22:58.371,1.43697,1.43705,1.13,2.85
2011.06.22 04:22:59.470,1.43696,1.43705,1.88,2.85
2011.06.22 04:23:01.971,1.43693,1.43703,1.13,1.50
2011.06.22 04:23:02.522,1.43692,1.43702,1.95,3.23
2011.06.22 04:23:03.511,1.43692,1.43701,1.95,1.35
2011.06.22 04:23:03.844,1.43699,1.43704,1.50,3.38
2011.06.22 04:23:03.961,1.437,1.43709,1.88,3.60
2011.06.22 04:23:04.182,1.43698,1.43705,1.20,2.85
2011.06.22 04:23:04.291,1.43696,1.43705,1.20,3.60
2011.06.22 04:23:04.840,1.43696,1.43705,1.13,3.60
2011.06.22 04:23:05.391,1.43694,1.43704,1.88,1.13
2011.06.22 04:23:08.401,1.43691,1.43701,1.20,4.73
2011.06.22 04:23:09.580,1.43691,1.43701,1.95,4.28
2011.06.22 04:23:12.591,1.43691,1.437,1.20,1.50
2011.06.22 04:23:14.140,1.43691,1.43699,1.20,1.50
2011.06.22 04:23:14.689,1.43689,1.43698,1.88,2.85
2011.06.22 04:23:15.240,1.43687,1.43693,4.20,2.85
2011.06.22 04:23:15.461,1.43684,1.43693,2.63,3.15
2011.06.22 04:23:16.010,1.43684,1.43693,1.88,3.15
2011.06.22 04:23:16.669,1.43684,1.43693,2.63,3.15
2011.06.22 04:23:17.000,1.43688,1.43697,1.13,3.60
2011.06.22 04:23:17.660,1.43688,1.43697,1.13,2.85
2011.06.22 04:23:29.781,1.43688,1.43697,1.13,3.60
2011.06.22 04:23:32.261,1.43688,1.43697,1.13,3.60
2011.06.22 04:23:32.808,1.43688,1.43697,1.13,3.60
2011.06.22 04:23:37.231,1.43688,1.43697,1.13,2.85
2011.06.22 04:23:37.340,1.4369,1.43699,1.13,3.60
2011.06.22 04:23:40.415,1.43689,1.43698,1.50,1.88
2011.06.22 04:23:57.790,1.43689,1.43698,1.50,1.13
2011.06.22 04:24:04.459,1.43691,1.43699,1.50,1.50
2011.06.22 04:24:05.009,1.4369,1.43699,1.13,2.25
2011.06.22 04:24:05.560,1.43691,1.43699,1.50,1.50
2011.06.22 04:24:06.110,1.43691,1.43699,1.13,1.50
2011.06.22 04:24:20.760,1.4369,1.437,2.25,2.18
2011.06.22 04:24:39.430,1.43692,1.437,1.13,1.05
2011.06.22 04:24:40.965,1.43695,1.43703,1.50,1.05
2011.06.22 04:24:41.084,1.43696,1.43706,1.13,3.38
2011.06.22 04:24:41.421,1.43699,1.43707,1.13,1.50
2011.06.22 04:24:41.535,1.437,1.43709,1.13,1.50
2011.06.22 04:24:42.640,1.437,1.4371,1.13,1.50
2011.06.22 04:24:49.381,1.43702,1.43711,2.25,2.63
2011.06.22 04:24:49.495,1.43704,1.43714,1.88,4.05
2011.06.22 04:24:49.835,1.43708,1.43714,1.13,1.05
2011.06.22 04:24:50.061,1.43708,1.43717,1.13,1.50
2011.06.22 04:24:51.290,1.43708,1.43717,1.13,1.50
2011.06.22 04:25:00.943,1.43706,1.43716,1.13,1.88
2011.06.22 04:25:03.919,1.43706,1.43716,1.88,1.13
2011.06.22 04:25:08.222,1.43708,1.43717,1.13,2.85
2011.06.22 04:25:08.769,1.4371,1.43718,1.13,1.50
2011.06.22 04:25:09.320,1.43709,1.43719,1.88,1.73
2011.06.22 04:25:13.800,1.43709,1.43719,1.95,2.48
2011.06.22 04:25:14.350,1.4371,1.43719,1.13,2.85
2011.06.22 04:25:15.671,1.4371,1.43719,1.13,2.85
2011.06.22 04:25:16.112,1.43708,1.43718,2.70,1.13
2011.06.22 04:25:16.664,1.43708,1.43717,1.13,4.35
2011.06.22 04:25:17.001,1.43705,1.43715,1.95,1.88
2011.06.22 04:25:17.440,1.437,1.43711,1.95,1.13
2011.06.22 04:25:17.550,1.437,1.43711,1.88,1.13
2011.06.22 04:25:18.100,1.43701,1.43711,1.13,1.13
2011.06.22 04:25:22.582,1.43702,1.43713,1.50,5.85
2011.06.22 04:25:23.129,1.43702,1.43713,1.88,2.48
2011.06.22 04:25:29.113,1.43701,1.43712,1.50,2.48
2011.06.22 04:25:33.760,1.43701,1.43712,5.25,2.10
2011.06.22 04:25:34.090,1.43703,1.43713,1.13,2.48
2011.06.22 04:25:35.400,1.43703,1.43712,1.13,1.35
2011.06.22 04:25:35.621,1.437,1.43711,1.88,1.88
2011.06.22 04:25:35.732,1.43701,1.43711,1.13,1.13
2011.06.22 04:25:37.051,1.43701,1.43712,1.13,2.10
2011.06.22 04:25:37.599,1.43701,1.43712,1.88,2.10
2011.06.22 04:25:41.371,1.43701,1.43712,1.50,1.73
2011.06.22 04:25:42.270,1.43703,1.43714,1.50,5.85
2011.06.22 04:25:49.041,1.43704,1.43714,1.88,1.73
2011.06.22 04:25:49.591,1.43704,1.43714,1.88,1.73
2011.06.22 04:25:50.139,1.43704,1.43714,1.88,1.73
2011.06.22 04:25:50.835,1.43704,1.43714,2.63,1.73
2011.06.22 04:25:52.390,1.43704,1.43714,2.63,1.73
2011.06.22 04:25:52.940,1.43704,1.43714,2.63,1.73
2011.06.22 04:25:54.810,1.43704,1.43714,2.63,1.73
2011.06.22 04:25:56.802,1.43703,1.43713,1.50,1.13
2011.06.22 04:25:58.655,1.43703,1.43712,1.50,1.13
2011.06.22 04:26:03.319,1.43702,1.43712,1.13,1.88
2011.06.22 04:26:03.431,1.437,1.4371,1.88,3.23
2011.06.22 04:26:06.740,1.43699,1.4371,2.70,3.98
2011.06.22 04:26:07.181,1.43697,1.43706,1.88,2.85
2011.06.22 04:26:07.729,1.43697,1.43706,1.50,3.23
2011.06.22 04:26:09.650,1.43696,1.43705,1.13,1.50
2011.06.22 04:26:10.200,1.43696,1.43705,1.13,1.50
2011.06.22 04:26:13.326,1.43698,1.43706,1.13,1.50
2011.06.22 04:26:16.270,1.43698,1.43707,1.13,2.10
2011.06.22 04:26:23.931,1.43698,1.43707,1.13,1.35
2011.06.22 04:26:32.170,1.43698,1.43703,1.13,2.85
2011.06.22 04:26:32.282,1.43695,1.43703,2.33,3.60
2011.06.22 04:26:32.391,1.43695,1.437,1.50,2.85
2011.06.22 04:26:32.611,1.43691,1.437,1.13,4.35
2011.06.22 04:26:33.555,1.43692,1.437,3.75,3.60
2011.06.22 04:26:33.673,1.43694,1.43704,1.13,1.73
2011.06.22 04:26:34.187,1.43694,1.43705,1.88,4.73
2011.06.22 04:26:35.620,1.43694,1.43704,1.13,1.73
2011.06.22 04:26:36.169,1.43694,1.43704,1.13,2.48
2011.06.22 04:26:46.654,1.43694,1.43703,1.13,1.50
2011.06.22 04:26:46.772,1.43691,1.43701,1.13,3.98
2011.06.22 04:26:46.883,1.43689,1.437,2.33,5.63
2011.06.22 04:26:47.215,1.43688,1.43695,3.75,3.60
2011.06.22 04:26:47.332,1.43683,1.43695,2.63,3.60
2011.06.22 04:26:50.230,1.43684,1.43695,1.13,2.85
2011.06.22 04:26:55.072,1.43685,1.43695,1.88,2.85
2011.06.22 04:26:55.293,1.4369,1.43695,1.13,2.85
2011.06.22 04:26:55.413,1.43692,1.43703,1.13,2.55
2011.06.22 04:26:56.993,1.43691,1.437,1.13,1.50
2011.06.22 04:26:57.101,1.43688,1.43698,1.13,1.88
2011.06.22 04:26:57.324,1.43685,1.43695,2.70,1.88
2011.06.22 04:26:57.552,1.43685,1.43694,1.13,1.35
2011.06.22 04:26:59.290,1.43684,1.43694,1.13,2.48
2011.06.22 04:26:59.621,1.43681,1.4369,1.50,1.13
2011.06.22 04:27:00.170,1.4368,1.4369,1.20,1.88
2011.06.22 04:27:00.723,1.4368,1.43689,1.20,1.50
2011.06.22 04:27:02.561,1.4368,1.43689,1.20,1.50
2011.06.22 04:27:04.859,1.4368,1.43689,1.20,1.50
2011.06.22 04:27:21.531,1.43679,1.43688,1.95,3.60
2011.06.22 04:27:29.141,1.4368,1.43688,1.13,2.85
2011.06.22 04:27:39.100,1.43679,1.43688,1.95,2.10
2011.06.22 04:27:39.650,1.4368,1.4369,1.13,2.10
2011.06.22 04:27:42.251,1.43679,1.43687,1.95,2.85
2011.06.22 04:27:42.870,1.43679,1.43689,1.95,3.38
2011.06.22 04:27:43.202,1.43679,1.43687,1.20,1.35
2011.06.22 04:27:43.777,1.43677,1.43687,1.13,2.48
2011.06.22 04:27:46.981,1.43677,1.43686,1.13,2.10
2011.06.22 04:27:47.531,1.43677,1.43686,1.13,2.85
2011.06.22 04:27:50.702,1.43675,1.43682,5.33,3.60
2011.06.22 04:27:50.811,1.43674,1.43682,1.95,2.85
2011.06.22 04:27:51.990,1.43675,1.43684,1.58,1.43
2011.06.22 04:27:52.101,1.43677,1.43685,1.13,1.05
2011.06.22 04:27:52.540,1.43677,1.43686,1.13,1.50
2011.06.22 04:27:57.850,1.43677,1.43687,1.13,3.23
2011.06.22 04:27:58.070,1.43679,1.43688,1.13,1.50
2011.06.22 04:28:00.681,1.43679,1.4369,2.70,1.43
2011.06.22 04:28:01.120,1.43683,1.43692,1.13,1.50
2011.06.22 04:28:02.789,1.43683,1.43693,1.13,1.13
2011.06.22 04:28:08.510,1.43683,1.43693,1.13,1.13
2011.06.22 04:28:12.379,1.43683,1.43693,1.13,1.13
2011.06.22 04:28:14.602,1.43683,1.43693,1.13,1.13
2011.06.22 04:28:22.583,1.43683,1.43693,1.13,1.13
2011.06.22 04:28:24.540,1.43683,1.43693,1.13,1.13
2011.06.22 04:28:25.951,1.43683,1.43693,1.13,1.13
2011.06.22 04:28:36.179,1.43683,1.43693,1.13,1.13
2011.06.22 04:28:37.068,1.43683,1.43693,1.13,1.13
2011.06.22 04:28:38.090,1.43683,1.43693,1.13,1.13
2011.06.22 04:28:38.639,1.43683,1.43693,1.13,1.13
2011.06.22 04:28:46.991,1.43685,1.43694,1.13,2.10
2011.06.22 04:28:53.780,1.43686,1.43694,1.13,2.10
2011.06.22 04:28:54.004,1.43689,1.43699,1.88,1.43
2011.06.22 04:28:54.124,1.43692,1.437,1.88,1.05
2011.06.22 04:28:54.683,1.4369,1.43702,1.88,1.13
2011.06.22 04:28:58.851,1.43692,1.43703,2.63,2.85
2011.06.22 04:29:00.660,1.43693,1.43703,1.13,2.85
2011.06.22 04:29:01.105,1.43694,1.43703,3.75,2.85
2011.06.22 04:29:01.222,1.43693,1.43703,1.88,2.85
2011.06.22 04:29:07.297,1.43694,1.43703,1.13,2.85
2011.06.22 04:29:07.522,1.43691,1.43701,1.13,1.88
2011.06.22 04:29:09.644,1.43691,1.43701,1.13,1.13
2011.06.22 04:29:10.200,1.43691,1.43703,1.13,3.98
2011.06.22 04:29:17.391,1.43691,1.43702,1.13,2.10
2011.06.22 04:29:17.940,1.43692,1.43702,1.13,2.48
2011.06.22 04:29:19.203,1.43692,1.43702,1.13,1.73
2011.06.22 04:29:19.749,1.43691,1.43702,1.13,1.35
2011.06.22 04:29:20.711,1.43691,1.43702,1.88,1.35
2011.06.22 04:29:21.262,1.43691,1.43702,1.13,2.10
2011.06.22 04:29:22.030,1.43691,1.43702,1.88,2.10
2011.06.22 04:29:22.691,1.43695,1.43703,1.13,1.35
2011.06.22 04:29:22.799,1.43695,1.43704,1.13,1.50
2011.06.22 04:29:23.353,1.43697,1.43706,1.13,4.35
2011.06.22 04:29:23.901,1.43697,1.43706,1.13,3.60
2011.06.22 04:29:24.454,1.43698,1.43708,1.13,2.85
2011.06.22 04:29:24.792,1.43701,1.43708,1.13,1.35
2011.06.22 04:29:25.377,1.43698,1.43708,1.13,2.48
2011.06.22 04:29:27.709,1.43698,1.43707,1.13,1.50
2011.06.22 04:29:28.260,1.43697,1.43705,1.13,2.85
2011.06.22 04:29:38.373,1.43698,1.43707,1.13,1.80
2011.06.22 04:29:39.006,1.43698,1.43707,1.13,1.50
2011.06.22 04:29:39.671,1.43698,1.43708,1.13,3.98
2011.06.22 04:29:40.219,1.43699,1.43708,1.13,3.60
2011.06.22 04:29:47.291,1.43698,1.43706,1.13,1.50
2011.06.22 04:29:47.840,1.43696,1.43705,1.20,2.10
2011.06.22 04:29:51.172,1.43698,1.43707,1.13,4.65
2011.06.22 04:29:51.720,1.43698,1.43707,1.13,3.60
2011.06.22 04:29:52.269,1.43698,1.43707,1.13,3.60
2011.06.22 04:29:55.021,1.43698,1.43707,1.13,3.60
2011.06.22 04:29:57.831,1.43698,1.43707,1.13,2.85
2011.06.22 04:29:59.870,1.43697,1.43707,1.88,2.10
2011.06.22 04:29:59.983,1.43695,1.43705,4.20,4.13
2011.06.22 04:30:00.311,1.43697,1.43707,1.13,2.48
2011.06.22 04:30:01.191,1.43697,1.43707,1.13,2.48
2011.06.22 04:30:01.632,1.43695,1.43707,2.70,5.48
2011.06.22 04:30:01.741,1.43695,1.43705,2.33,4.50
2011.06.22 04:30:02.291,1.43694,1.43704,1.13,1.13
2011.06.22 04:30:02.622,1.43689,1.43697,1.58,1.88
2011.06.22 04:30:03.138,1.43688,1.43698,1.13,2.48
2011.06.22 04:30:03.720,1.43688,1.43696,1.13,1.35
2011.06.22 04:30:04.269,1.43686,1.43696,1.13,2.48
2011.06.22 04:30:06.490,1.43686,1.43696,1.13,2.48
2011.06.22 04:30:07.040,1.43686,1.43696,1.13,2.48
2011.06.22 04:30:08.901,1.43685,1.43695,1.20,1.50
2011.06.22 04:30:11.532,1.43683,1.43691,1.20,1.50
2011.06.22 04:30:11.972,1.43682,1.43691,4.13,1.50
2011.06.22 04:30:14.199,1.43682,1.43691,7.58,1.50
2011.06.22 04:30:16.871,1.43682,1.43689,6.83,1.50
2011.06.22 04:30:17.093,1.43679,1.43687,1.13,2.85
2011.06.22 04:30:17.204,1.43677,1.43683,1.13,3.60
2011.06.22 04:30:17.434,1.43669,1.43678,5.33,1.50
2011.06.22 04:30:17.991,1.43669,1.43678,4.58,1.50
2011.06.22 04:30:27.352,1.43669,1.43678,3.83,1.50
2011.06.22 04:30:28.671,1.43671,1.43679,1.13,1.50
2011.06.22 04:30:28.783,1.43673,1.43681,1.13,2.93
2011.06.22 04:30:29.004,1.43674,1.43682,1.88,1.13
2011.06.22 04:30:29.121,1.43674,1.43684,1.88,1.88
2011.06.22 04:30:29.673,1.43675,1.43685,1.13,1.50
2011.06.22 04:30:30.669,1.43674,1.43684,1.88,1.88
2011.06.22 04:30:33.881,1.43674,1.43684,1.13,1.13
2011.06.22 04:30:37.312,1.43674,1.43685,1.88,1.13
2011.06.22 04:30:37.423,1.43679,1.43688,1.13,3.37
2011.06.22 04:30:37.977,1.43676,1.43684,2.25,1.13
2011.06.22 04:30:38.530,1.43674,1.43684,1.13,1.88
2011.06.22 04:30:40.380,1.43674,1.43684,1.13,1.88
2011.06.22 04:30:41.330,1.43672,1.43682,4.50,1.50
2011.06.22 04:30:41.450,1.43672,1.43682,3.75,3.30
2011.06.22 04:30:41.566,1.4367,1.43679,1.20,1.50
2011.06.22 04:30:42.120,1.4367,1.43679,1.20,1.50
2011.06.22 04:30:43.000,1.43669,1.43679,1.95,1.88
2011.06.22 04:30:46.262,1.43669,1.43677,1.20,1.50
2011.06.22 04:30:46.484,1.43669,1.43676,1.20,1.50
2011.06.22 04:30:46.826,1.43662,1.43673,2.33,1.88
2011.06.22 04:30:47.053,1.43663,1.43672,1.50,1.13
2011.06.22 04:30:47.831,1.43663,1.43674,1.88,2.25
2011.06.22 04:30:49.331,1.4366,1.43671,2.63,1.50
2011.06.22 04:30:51.603,1.43662,1.43672,1.50,2.25
2011.06.22 04:30:52.151,1.43663,1.43673,1.13,2.63
2011.06.22 04:30:53.143,1.43668,1.43675,1.13,1.50
2011.06.22 04:30:53.472,1.43668,1.43678,1.88,2.93
2011.06.22 04:30:54.021,1.43668,1.43677,1.95,1.50
2011.06.22 04:30:55.583,1.43668,1.43678,1.95,1.88
2011.06.22 04:30:57.293,1.43668,1.43678,1.95,2.63
2011.06.22 04:30:58.761,1.43668,1.43678,1.95,2.63
2011.06.22 04:30:59.640,1.43668,1.43677,1.95,1.50
2011.06.22 04:31:00.082,1.43666,1.43675,2.70,2.25
2011.06.22 04:31:00.411,1.43661,1.43671,1.88,1.88
2011.06.22 04:31:00.523,1.43661,1.43671,1.88,1.88
2011.06.22 04:31:00.644,1.43663,1.43673,1.13,1.88
2011.06.22 04:31:00.762,1.4366,1.4367,2.63,1.13
2011.06.22 04:31:02.861,1.4366,1.4367,2.63,1.13
2011.06.22 04:31:03.080,1.4366,1.4367,2.63,1.13
2011.06.22 04:31:05.852,1.43662,1.43672,1.13,1.94
2011.06.22 04:31:08.290,1.43662,1.4367,1.13,2.25
2011.06.22 04:31:08.402,1.4366,1.4367,1.88,4.12
2011.06.22 04:31:08.843,1.43665,1.43672,1.50,4.13
2011.06.22 04:31:08.952,1.43665,1.43673,2.70,1.57
2011.06.22 04:31:11.094,1.43665,1.43674,1.95,1.57
2011.06.22 04:31:11.650,1.43665,1.43674,1.95,1.50
2011.06.22 04:31:17.941,1.43665,1.43674,1.95,1.50
2011.06.22 04:31:19.373,1.43668,1.43677,1.13,2.18
2011.06.22 04:31:19.482,1.43669,1.43678,1.50,2.18
2011.06.22 04:31:19.811,1.43669,1.43678,2.25,1.13
2011.06.22 04:31:26.760,1.43669,1.43678,2.33,1.13
2011.06.22 04:31:27.092,1.43667,1.43676,1.50,1.88
2011.06.22 04:31:29.327,1.43669,1.43678,2.25,1.13
2011.06.22 04:31:29.774,1.43671,1.4368,1.50,1.43
2011.06.22 04:31:30.005,1.43674,1.43684,1.13,3.30
2011.06.22 04:31:30.125,1.43675,1.43684,1.13,1.80
2011.06.22 04:31:30.681,1.43675,1.43685,1.13,1.13
2011.06.22 04:31:31.535,1.43674,1.43684,1.88,1.13
2011.06.22 04:31:32.091,1.43674,1.43684,1.13,1.13
2011.06.22 04:31:33.083,1.43674,1.43684,1.13,1.13
2011.06.22 04:31:33.740,1.43674,1.43684,1.13,1.13
2011.06.22 04:31:34.291,1.43674,1.43684,1.13,1.13
2011.06.22 04:31:34.841,1.43674,1.43684,1.13,1.13
2011.06.22 04:31:36.323,1.43674,1.43684,1.13,1.13
2011.06.22 04:31:36.880,1.43676,1.43686,1.13,1.13
2011.06.22 04:31:36.992,1.43677,1.43687,1.50,1.13
2011.06.22 04:31:37.321,1.43679,1.43689,1.88,1.43
2011.06.22 04:31:38.040,1.43679,1.43689,1.88,1.43
2011.06.22 04:31:40.313,1.4368,1.4369,1.50,2.18
2011.06.22 04:31:40.959,1.43681,1.43691,1.88,1.13
2011.06.22 04:31:44.921,1.43682,1.43691,2.25,1.13
2011.06.22 04:31:45.033,1.43683,1.43693,1.88,1.88
2011.06.22 04:31:45.153,1.43686,1.43694,1.13,1.05
2011.06.22 04:31:45.812,1.43686,1.43696,1.13,1.88
2011.06.22 04:31:46.361,1.43686,1.43696,1.13,1.88
2011.06.22 04:31:47.131,1.43686,1.43696,1.13,1.88
2011.06.22 04:31:51.117,1.43683,1.43693,1.88,1.13
2011.06.22 04:31:51.674,1.43683,1.43693,1.88,1.13
2011.06.22 04:31:52.232,1.43685,1.43695,1.50,3.75
2011.06.22 04:31:52.345,1.43688,1.43697,1.50,3.16
2011.06.22 04:31:52.900,1.43688,1.43697,1.58,3.31
2011.06.22 04:31:53.450,1.43688,1.43697,1.58,4.06
2011.06.22 04:31:54.000,1.43688,1.43697,2.33,1.13
2011.06.22 04:31:55.372,1.43687,1.43693,1.58,1.13
2011.06.22 04:31:55.482,1.43685,1.43693,1.50,1.13
2011.06.22 04:31:55.593,1.43683,1.43693,1.13,1.13
2011.06.22 04:31:57.243,1.43682,1.43692,3.75,2.25
2011.06.22 04:31:57.352,1.43681,1.43691,1.13,1.88
2011.06.22 04:31:57.901,1.4368,1.43689,1.58,1.13
2011.06.22 04:32:00.821,1.43679,1.43689,1.95,1.88
2011.06.22 04:32:01.152,1.43676,1.43686,1.13,1.13
2011.06.22 04:32:09.360,1.43674,1.43684,1.13,1.13
2011.06.22 04:32:09.581,1.43674,1.43684,1.13,1.13
2011.06.22 04:32:11.482,1.43674,1.43684,1.13,1.13
2011.06.22 04:32:11.985,1.43673,1.43682,1.50,1.13
2011.06.22 04:32:18.012,1.43672,1.43682,1.13,1.88
2011.06.22 04:32:19.021,1.43671,1.43681,1.13,1.13
2011.06.22 04:32:20.731,1.43671,1.43681,1.88,1.13
2011.06.22 04:32:21.281,1.43672,1.43681,1.50,1.13
2011.06.22 04:32:22.925,1.43671,1.43681,1.88,1.13
2011.06.22 04:32:23.670,1.4367,1.4368,1.13,1.88
2011.06.22 04:32:24.223,1.43668,1.43678,1.88,1.13
2011.06.22 04:32:36.081,1.4367,1.4368,1.13,1.88
2011.06.22 04:32:36.784,1.43668,1.43678,1.88,1.13
2011.06.22 04:32:40.910,1.43668,1.43678,1.88,1.13
2011.06.22 04:32:45.160,1.43668,1.43678,1.13,1.13
2011.06.22 04:32:48.311,1.43668,1.43678,1.13,1.13
2011.06.22 04:32:52.111,1.43668,1.43678,1.13,1.13
2011.06.22 04:32:53.741,1.4367,1.43678,1.50,1.13
2011.06.22 04:32:54.074,1.43672,1.43678,1.95,2.10
2011.06.22 04:32:54.510,1.43671,1.43681,1.95,1.13
2011.06.22 04:32:58.632,1.43672,1.43682,1.95,1.13
2011.06.22 04:33:01.621,1.43673,1.43683,1.13,1.43
2011.06.22 04:33:01.733,1.43675,1.43684,2.25,2.18
2011.06.22 04:33:02.270,1.43676,1.43685,1.13,1.50
2011.06.22 04:33:02.824,1.43677,1.43687,2.63,1.88
2011.06.22 04:33:03.383,1.43678,1.43688,1.95,1.50
2011.06.22 04:33:04.041,1.4368,1.43688,1.50,1.13
2011.06.22 04:33:07.581,1.43681,1.43689,1.20,1.50
2011.06.22 04:33:07.803,1.43685,1.43695,1.95,1.88
2011.06.22 04:33:08.131,1.43685,1.43695,1.13,4.13
2011.06.22 04:33:10.452,1.43685,1.43695,1.13,4.81
2011.06.22 04:33:12.547,1.43688,1.43695,1.50,1.88
2011.06.22 04:33:12.775,1.43689,1.43698,1.50,1.13
2011.06.22 04:33:13.003,1.4369,1.43697,1.50,3.75
2011.06.22 04:33:13.118,1.43687,1.43697,1.13,1.13
2011.06.22 04:33:13.231,1.43688,1.43697,1.50,1.13
2011.06.22 04:33:13.341,1.43686,1.43695,1.50,1.13
2011.06.22 04:33:13.672,1.43685,1.43695,1.88,1.13
2011.06.22 04:33:14.221,1.43685,1.43695,1.88,1.13
2011.06.22 04:33:14.771,1.43686,1.43695,1.50,1.13
2011.06.22 04:33:15.213,1.43688,1.43697,1.50,3.75
2011.06.22 04:33:15.543,1.43695,1.43704,1.13,2.25
2011.06.22 04:33:15.653,1.43695,1.43704,1.13,1.50
2011.06.22 04:33:16.204,1.43695,1.43705,1.13,1.13
2011.06.22 04:33:16.549,1.43691,1.43701,3.75,1.50
2011.06.22 04:33:16.662,1.4369,1.43701,2.25,1.50
2011.06.22 04:33:17.213,1.4369,1.43702,1.88,1.88
2011.06.22 04:33:17.874,1.4369,1.43701,1.50,1.88
2011.06.22 04:33:18.658,1.43689,1.43699,1.50,1.13
2011.06.22 04:33:20.992,1.43688,1.43698,1.13,1.13
2011.06.22 04:33:27.151,1.43688,1.43698,1.13,1.13
2011.06.22 04:33:28.263,1.43688,1.43698,1.88,1.13
2011.06.22 04:33:28.705,1.43691,1.43701,1.88,1.13
2011.06.22 04:33:28.936,1.43693,1.43703,1.88,1.88
2011.06.22 04:33:29.785,1.43694,1.43704,1.88,1.13
2011.06.22 04:33:30.230,1.43694,1.43704,1.88,1.13
2011.06.22 04:33:30.787,1.43699,1.43708,1.13,2.10
2011.06.22 04:33:31.455,1.43698,1.43705,1.58,1.13
2011.06.22 04:33:32.122,1.43694,1.43704,1.13,1.13
2011.06.22 04:33:32.672,1.43694,1.43704,1.13,1.88
2011.06.22 04:33:34.235,1.43694,1.43704,1.13,1.88
2011.06.22 04:33:34.791,1.43693,1.43704,1.50,5.25
2011.06.22 04:33:35.890,1.43693,1.43703,1.50,1.13
2011.06.22 04:33:36.001,1.43695,1.43703,1.50,1.13
2011.06.22 04:33:36.551,1.43695,1.43705,1.50,1.13
2011.06.22 04:33:36.772,1.43694,1.43704,1.13,1.88
2011.06.22 04:33:38.231,1.43694,1.43704,1.13,1.88
2011.06.22 04:33:40.201,1.43694,1.43704,1.88,1.88
2011.06.22 04:33:42.041,1.43694,1.43704,1.13,2.63
2011.06.22 04:33:42.591,1.43692,1.43703,1.88,1.13
2011.06.22 04:33:43.801,1.43691,1.437,1.13,1.50
2011.06.22 04:33:44.352,1.43688,1.43698,2.70,1.13
2011.06.22 04:33:48.271,1.4369,1.43699,1.13,2.25
2011.06.22 04:33:56.371,1.43691,1.43699,1.13,2.25
2011.06.22 04:33:56.921,1.43689,1.43699,1.20,2.63
2011.06.22 04:34:03.662,1.43689,1.43699,1.20,2.63
2011.06.22 04:34:05.373,1.43688,1.43697,1.58,1.13
2011.06.22 04:34:05.482,1.43687,1.43696,1.95,1.50
2011.06.22 04:34:06.032,1.43685,1.43695,1.20,1.88
2011.06.22 04:34:06.142,1.43685,1.43695,1.13,1.88
2011.06.22 04:34:08.774,1.43683,1.43693,4.50,1.35
2011.06.22 04:34:08.883,1.43681,1.43691,1.95,1.13
2011.06.22 04:34:10.301,1.4368,1.43688,1.20,2.25
2011.06.22 04:34:10.521,1.43679,1.43688,1.13,2.25
2011.06.22 04:34:13.993,1.43679,1.43688,1.88,2.25
2011.06.22 04:34:14.103,1.43683,1.43688,1.50,1.50
2011.06.22 04:34:14.213,1.43683,1.43691,1.88,1.05
2011.06.22 04:34:14.763,1.43684,1.43692,1.13,1.50
2011.06.22 04:34:15.641,1.43683,1.43691,1.20,1.50
2011.06.22 04:34:16.080,1.43681,1.43689,1.88,1.50
2011.06.22 04:34:35.143,1.4368,1.43688,1.13,2.25
2011.06.22 04:34:35.362,1.43679,1.43687,1.20,1.50
2011.06.22 04:34:35.912,1.43679,1.43688,1.95,3.00
2011.06.22 04:34:46.931,1.43679,1.43686,1.20,1.50
2011.06.22 04:34:47.481,1.43677,1.43686,1.95,1.50
2011.06.22 04:34:50.072,1.43677,1.43686,1.95,1.58
2011.06.22 04:34:50.771,1.43677,1.43687,1.95,2.03
2011.06.22 04:34:50.993,1.43676,1.43684,1.88,1.50
2011.06.22 04:34:56.564,1.43679,1.43688,1.13,2.25
2011.06.22 04:34:59.373,1.43678,1.43687,1.58,1.88
2011.06.22 04:35:03.373,1.43678,1.43687,1.58,1.88
2011.06.22 04:35:03.924,1.43679,1.43688,1.13,1.50
2011.06.22 04:35:04.473,1.43679,1.43689,1.88,2.63
2011.06.22 04:35:12.942,1.43679,1.43688,1.88,2.25
2011.06.22 04:35:14.494,1.43679,1.43688,1.88,2.25
2011.06.22 04:35:15.264,1.43679,1.43689,1.88,1.13
2011.06.22 04:35:15.816,1.43678,1.43688,1.58,1.13
2011.06.22 04:35:17.114,1.43678,1.43688,1.58,1.88
2011.06.22 04:35:22.686,1.43678,1.43687,1.58,1.13
2011.06.22 04:35:23.024,1.43683,1.43691,1.13,2.18
2011.06.22 04:35:23.136,1.43684,1.43693,1.88,2.25
2011.06.22 04:35:23.693,1.43685,1.43693,1.50,1.50
2011.06.22 04:35:23.916,1.43686,1.43695,1.88,1.80
2011.06.22 04:35:24.036,1.43687,1.43697,2.63,2.18
2011.06.22 04:35:24.594,1.43689,1.43699,1.88,1.13
2011.06.22 04:35:25.654,1.43687,1.43695,1.13,2.25
2011.06.22 04:35:25.770,1.43686,1.43694,2.25,1.13
2011.06.22 04:35:26.324,1.43687,1.43698,1.88,1.88
2011.06.22 04:35:26.872,1.43687,1.43697,1.13,1.88
2011.06.22 04:35:28.172,1.43687,1.43697,1.88,1.13
2011.06.22 04:35:28.723,1.43689,1.43698,1.13,1.05
2011.06.22 04:35:30.023,1.43688,1.43698,1.88,1.13
2011.06.22 04:35:30.904,1.43686,1.43695,3.83,2.25
2011.06.22 04:35:31.016,1.43684,1.43694,3.75,1.13
2011.06.22 04:35:31.135,1.43685,1.43695,1.50,1.88
2011.06.22 04:35:31.682,1.43687,1.43696,1.88,1.50
2011.06.22 04:35:32.232,1.43687,1.43697,1.13,2.18
2011.06.22 04:35:32.453,1.43685,1.43694,1.58,1.13
2011.06.22 04:35:32.893,1.43685,1.43692,1.58,1.50
2011.06.22 04:35:33.007,1.43681,1.4369,1.88,1.50
2011.06.22 04:35:35.142,1.43681,1.43691,1.88,2.18
2011.06.22 04:35:41.688,1.43685,1.43695,1.50,1.13
2011.06.22 04:35:42.025,1.43687,1.43697,3.23,1.88
2011.06.22 04:35:43.613,1.43687,1.43697,3.23,1.13
2011.06.22 04:35:46.293,1.43687,1.43697,1.95,1.13
2011.06.22 04:35:46.513,1.43685,1.43694,1.50,1.13
2011.06.22 04:35:47.063,1.43685,1.43695,1.50,1.13
2011.06.22 04:35:48.292,1.43685,1.43694,1.50,1.13
2011.06.22 04:35:50.062,1.43684,1.43694,1.88,1.13
2011.06.22 04:35:53.292,1.43684,1.43694,1.13,1.88
2011.06.22 04:36:01.273,1.43685,1.43694,1.88,1.88
2011.06.22 04:36:03.063,1.43685,1.43694,1.88,1.88
2011.06.22 04:36:05.313,1.43685,1.43694,1.13,1.13
2011.06.22 04:36:07.123,1.43685,1.43694,1.88,1.13
2011.06.22 04:36:12.023,1.43685,1.43695,1.50,1.50
2011.06.22 04:36:15.335,1.43686,1.43695,3.23,1.50
2011.06.22 04:36:15.666,1.43689,1.43696,1.58,1.88
2011.06.22 04:36:16.007,1.43685,1.43696,1.88,1.50
2011.06.22 04:36:16.123,1.43685,1.43696,1.13,1.50
2011.06.22 04:36:23.992,1.43686,1.43697,1.50,1.50
2011.06.22 04:36:26.203,1.43686,1.43697,1.50,1.50
2011.06.22 04:36:35.735,1.43685,1.43695,1.13,1.50
2011.06.22 04:36:36.943,1.43685,1.43695,1.13,1.50
2011.06.22 04:36:37.712,1.43686,1.43695,1.13,1.50
2011.06.22 04:36:42.142,1.43685,1.43695,1.50,1.88
2011.06.22 04:36:42.693,1.43685,1.43694,1.50,1.50
2011.06.22 04:36:43.473,1.43685,1.43694,1.50,1.50
2011.06.22 04:36:44.228,1.43684,1.43693,1.13,1.88
2011.06.22 04:36:44.340,1.43685,1.43694,1.13,1.13
2011.06.22 04:36:46.986,1.43685,1.43694,1.13,1.88
2011.06.22 04:36:47.105,1.43685,1.43694,1.13,1.13
2011.06.22 04:36:47.323,1.43686,1.43695,1.13,1.50
2011.06.22 04:36:52.344,1.43684,1.43691,4.13,1.50
2011.06.22 04:36:53.217,1.43683,1.43691,1.13,1.88
2011.06.22 04:36:53.336,1.43682,1.43691,2.33,1.88
2011.06.22 04:36:57.353,1.43682,1.43691,3.08,1.13
2011.06.22 04:37:02.743,1.43682,1.4369,2.33,1.50
2011.06.22 04:37:03.293,1.43681,1.4369,1.20,2.25
2011.06.22 04:37:03.405,1.43679,1.43689,6.08,2.25
2011.06.22 04:37:03.513,1.43679,1.43687,1.50,1.50
2011.06.22 04:37:04.125,1.4368,1.43689,1.13,2.25
2011.06.22 04:37:05.283,1.43679,1.43688,1.13,1.50
2011.06.22 04:37:05.616,1.43676,1.43684,3.08,1.88
2011.06.22 04:37:05.959,1.43678,1.43684,1.20,1.50
2011.06.22 04:37:06.075,1.43676,1.43684,3.75,1.50
2011.06.22 04:37:06.296,1.43676,1.43681,3.38,1.50
2011.06.22 04:37:06.414,1.43673,1.43681,1.88,1.50
2011.06.22 04:37:06.855,1.43674,1.43684,1.13,1.88
2011.06.22 04:37:08.994,1.43674,1.43684,1.88,1.13
2011.06.22 04:37:09.653,1.43674,1.43684,1.13,1.88
2011.06.22 04:37:10.840,1.43674,1.43684,1.13,1.88
2011.06.22 04:37:11.484,1.43674,1.43684,1.13,1.88
2011.06.22 04:37:12.032,1.43674,1.43684,1.13,1.88
2011.06.22 04:37:12.584,1.43674,1.43684,1.13,1.88
2011.06.22 04:37:13.365,1.43674,1.43684,1.13,1.88
2011.06.22 04:37:16.173,1.43673,1.43682,1.50,1.88
2011.06.22 04:37:16.723,1.43671,1.43681,1.13,1.88
2011.06.22 04:37:17.272,1.43673,1.43682,1.13,1.50
2011.06.22 04:37:18.235,1.43673,1.43683,1.13,1.13
2011.06.22 04:37:27.102,1.43674,1.43684,1.13,1.50
2011.06.22 04:37:27.652,1.43675,1.43684,1.88,1.13
2011.06.22 04:37:28.644,1.43675,1.43684,1.13,1.13
2011.06.22 04:37:32.083,1.43675,1.43684,1.88,1.13
2011.06.22 04:37:40.103,1.43675,1.43684,1.13,1.13
2011.06.22 04:37:40.873,1.43675,1.43686,1.50,1.88
2011.06.22 04:37:41.203,1.43672,1.43681,1.50,1.50
2011.06.22 04:37:42.304,1.43675,1.43682,1.13,1.43
2011.06.22 04:37:42.523,1.43676,1.43686,1.88,1.13
2011.06.22 04:37:43.295,1.43676,1.43687,2.63,1.88
2011.06.22 04:37:43.404,1.43677,1.43687,1.13,1.88
2011.06.22 04:38:00.677,1.43676,1.43686,1.95,1.88
2011.06.22 04:38:01.304,1.43676,1.43687,1.88,1.88
2011.06.22 04:38:04.102,1.43676,1.43687,1.13,1.88
2011.06.22 04:38:04.435,1.43678,1.43687,1.13,1.50
2011.06.22 04:38:08.354,1.43679,1.43687,1.13,1.50
2011.06.22 04:38:08.573,1.43682,1.43691,1.50,2.63
2011.06.22 04:38:08.686,1.43683,1.43691,1.50,1.13
2011.06.22 04:38:08.918,1.43685,1.43696,2.63,1.88
2011.06.22 04:38:09.474,1.43687,1.43697,1.13,1.88
2011.06.22 04:38:13.192,1.43687,1.43697,1.28,1.13
2011.06.22 04:38:13.742,1.43686,1.43697,1.28,1.88
2011.06.22 04:38:14.513,1.43686,1.43696,1.13,1.50
2011.06.22 04:38:14.844,1.43684,1.43694,1.73,1.88
2011.06.22 04:38:16.695,1.43686,1.43696,1.13,1.88
2011.06.22 04:38:18.974,1.43688,1.43697,1.13,1.50
2011.06.22 04:38:19.524,1.43688,1.43698,1.13,2.18
2011.06.22 04:38:22.324,1.43688,1.43698,2.63,1.13
2011.06.22 04:38:25.625,1.4369,1.437,2.63,1.88
2011.06.22 04:38:28.184,1.4369,1.43698,2.63,1.50
2011.06.22 04:38:28.732,1.43688,1.43698,1.13,1.88
2011.06.22 04:38:29.284,1.4369,1.43699,1.13,1.50
2011.06.22 04:38:29.832,1.4369,1.43699,1.13,1.50
2011.06.22 04:38:30.823,1.4369,1.43699,1.13,1.50
2011.06.22 04:38:50.513,1.4369,1.437,2.25,1.88
2011.06.22 04:38:50.955,1.43688,1.43698,1.88,1.13
2011.06.22 04:38:56.543,1.43688,1.43697,1.13,1.50
2011.06.22 04:38:56.654,1.43686,1.43695,3.83,1.50
2011.06.22 04:38:57.086,1.43685,1.43694,2.70,1.13
2011.06.22 04:38:57.642,1.43685,1.43694,1.88,1.13
2011.06.22 04:38:58.313,1.43685,1.43694,1.88,1.13
2011.06.22 04:38:59.415,1.43685,1.43695,1.13,1.88
2011.06.22 04:38:59.744,1.43686,1.43696,1.13,1.13
2011.06.22 04:39:00.292,1.43685,1.43696,2.25,1.88
2011.06.22 04:39:00.844,1.43685,1.43696,2.25,2.63
2011.06.22 04:39:12.093,1.43686,1.43696,1.13,1.13
2011.06.22 04:39:12.642,1.43685,1.43694,1.88,1.13
2011.06.22 04:39:13.192,1.43686,1.43696,1.13,1.13
2011.06.22 04:39:13.743,1.43686,1.43696,1.13,1.13
2011.06.22 04:39:15.824,1.43686,1.43696,1.88,1.13
2011.06.22 04:39:16.372,1.43687,1.43697,1.13,1.13
2011.06.22 04:39:25.946,1.43686,1.43697,1.88,1.88
2011.06.22 04:39:26.504,1.43686,1.43695,1.50,1.13
2011.06.22 04:39:27.052,1.43686,1.43695,1.50,1.13
2011.06.22 04:39:27.602,1.43686,1.43695,1.50,1.13
2011.06.22 04:39:28.183,1.43686,1.43695,1.50,1.13
2011.06.22 04:39:30.382,1.43686,1.43695,1.50,1.13
2011.06.22 04:39:31.264,1.43686,1.43695,1.50,1.13
2011.06.22 04:39:31.812,1.43685,1.43695,2.25,1.13
2011.06.22 04:39:34.223,1.43685,1.43695,2.25,1.13
2011.06.22 04:39:52.834,1.43686,1.43697,1.88,2.63
2011.06.22 04:39:54.264,1.43687,1.43697,1.88,1.13
2011.06.22 04:39:57.003,1.43686,1.43697,1.88,1.88
2011.06.22 04:39:57.954,1.43687,1.43697,1.13,1.13
2011.06.22 04:39:58.503,1.43688,1.43699,3.60,5.93
2011.06.22 04:39:58.834,1.43691,1.43699,1.88,1.05
2011.06.22 04:39:59.495,1.43689,1.43698,1.58,1.13
2011.06.22 04:39:59.824,1.43688,1.43695,2.85,1.13
2011.06.22 04:40:01.363,1.43685,1.43695,2.25,1.13
2011.06.22 04:40:03.713,1.43686,1.43695,1.50,1.13
2011.06.22 04:40:06.662,1.4369,1.43699,1.88,2.55
2011.06.22 04:40:06.782,1.43692,1.437,1.50,1.05
2011.06.22 04:40:07.116,1.43695,1.43706,4.50,3.60
2011.06.22 04:40:07.234,1.43694,1.43704,1.13,1.13
2011.06.22 04:40:08.883,1.43694,1.43704,1.13,1.13
2011.06.22 04:40:11.534,1.43694,1.43706,1.13,2.48
2011.06.22 04:40:12.083,1.43694,1.43705,1.13,1.50
2011.06.22 04:40:12.633,1.43693,1.43703,1.13,1.13
2011.06.22 04:40:14.783,1.43693,1.43703,1.13,1.13
2011.06.22 04:40:15.334,1.43693,1.43703,1.13,1.13
2011.06.22 04:40:15.882,1.43693,1.43703,1.13,1.13
2011.06.22 04:40:17.684,1.43691,1.43702,4.50,1.50
2011.06.22 04:40:17.793,1.4369,1.437,2.63,1.13
2011.06.22 04:40:18.344,1.4369,1.43698,1.50,1.13
2011.06.22 04:40:18.454,1.43688,1.43698,1.13,1.13
2011.06.22 04:40:19.400,1.43687,1.43697,1.88,1.13
2011.06.22 04:40:19.627,1.43684,1.43692,1.13,1.13
2011.06.22 04:40:19.750,1.43685,1.43694,1.88,3.38
2011.06.22 04:40:19.863,1.43687,1.43697,1.13,2.56
2011.06.22 04:40:19.974,1.43687,1.43697,1.13,1.13
2011.06.22 04:40:20.523,1.43687,1.43697,1.13,1.13
2011.06.22 04:40:22.203,1.43687,1.43698,1.13,1.13
2011.06.22 04:40:22.533,1.43687,1.43696,1.13,1.50
2011.06.22 04:40:22.645,1.43685,1.43692,1.13,1.50
2011.06.22 04:40:24.362,1.43685,1.43692,1.13,1.05
2011.06.22 04:40:26.343,1.43683,1.43691,1.13,1.50
2011.06.22 04:40:26.673,1.43683,1.43691,1.50,1.13
2011.06.22 04:40:27.115,1.43686,1.43696,2.63,1.50
2011.06.22 04:40:27.222,1.43687,1.43697,1.88,1.13
2011.06.22 04:40:27.775,1.43687,1.43697,1.13,1.13
2011.06.22 04:40:28.322,1.43687,1.43697,1.13,1.13
2011.06.22 04:40:29.871,1.43682,1.43691,1.88,1.50
2011.06.22 04:40:30.534,1.43682,1.43691,1.50,1.88
2011.06.22 04:40:31.864,1.43681,1.43691,1.88,1.88
2011.06.22 04:40:35.285,1.43684,1.43692,1.50,1.05
2011.06.22 04:40:35.393,1.43684,1.43692,2.63,1.05
2011.06.22 04:40:35.943,1.43684,1.43694,2.63,2.18
2011.06.22 04:40:38.423,1.43684,1.43694,2.63,2.18
2011.06.22 04:40:43.811,1.43684,1.43694,2.63,2.18
2011.06.22 04:40:44.362,1.43684,1.43694,2.63,2.18
2011.06.22 04:40:45.029,1.43684,1.43692,1.88,1.50
2011.06.22 04:40:45.148,1.43681,1.4369,1.13,1.50
2011.06.22 04:40:45.752,1.43681,1.4369,1.13,1.50
2011.06.22 04:40:45.882,1.43684,1.43692,1.50,3.68
2011.06.22 04:40:45.997,1.43684,1.43694,1.88,3.53
2011.06.22 04:40:46.114,1.43684,1.43694,1.88,1.13
2011.06.22 04:40:47.923,1.43684,1.43694,1.88,1.13
2011.06.22 04:40:49.303,1.43684,1.43694,1.88,1.13
2011.06.22 04:40:49.852,1.43685,1.43694,1.50,1.13
2011.06.22 04:40:50.403,1.43685,1.43694,1.50,1.13
2011.06.22 04:40:51.415,1.43685,1.43694,1.50,1.13
2011.06.22 04:40:53.505,1.43684,1.43694,1.88,1.13
2011.06.22 04:40:54.052,1.43684,1.43694,1.88,1.13
2011.06.22 04:40:54.613,1.43686,1.43696,1.13,1.13
2011.06.22 04:40:54.837,1.43689,1.43699,1.13,2.18
2011.06.22 04:40:54.955,1.43689,1.43699,1.88,2.18
2011.06.22 04:40:55.174,1.43688,1.43694,1.50,1.13
2011.06.22 04:40:55.506,1.4369,1.43699,1.50,1.43
2011.06.22 04:41:00.304,1.43689,1.43699,1.88,1.13
2011.06.22 04:41:00.635,1.43688,1.43698,1.88,1.13
2011.06.22 04:41:00.746,1.43687,1.43695,1.50,1.13
2011.06.22 04:41:01.292,1.43685,1.43695,1.88,1.13
2011.06.22 04:41:01.862,1.43685,1.43695,1.88,1.13
2011.06.22 04:41:02.443,1.43687,1.43697,1.13,1.13
2011.06.22 04:41:04.553,1.43687,1.43697,1.13,1.88
2011.06.22 04:41:04.774,1.43685,1.43695,1.13,1.13
2011.06.22 04:41:07.603,1.43691,1.43697,1.50,5.85
2011.06.22 04:41:07.716,1.43691,1.43698,1.50,1.13
2011.06.22 04:41:08.263,1.43691,1.43699,1.50,1.13
2011.06.22 04:41:09.296,1.43689,1.43698,1.58,1.13
2011.06.22 04:41:09.416,1.43688,1.43696,1.58,1.13
2011.06.22 04:41:09.643,1.43684,1.43694,2.63,1.13
2011.06.22 04:41:09.753,1.43684,1.43694,2.63,1.13
2011.06.22 04:41:11.309,1.4368,1.4369,3.38,1.13
2011.06.22 04:41:11.644,1.43675,1.43685,1.88,1.13
2011.06.22 04:41:12.085,1.43676,1.43686,1.13,1.13
2011.06.22 04:41:12.415,1.4368,1.4369,1.88,1.88
2011.06.22 04:41:12.527,1.43683,1.4369,1.50,1.13
2011.06.22 04:41:12.646,1.43684,1.43694,1.13,1.43
2011.06.22 04:41:12.766,1.43688,1.43696,1.50,4.88
2011.06.22 04:41:12.994,1.43683,1.43693,1.88,1.13
2011.06.22 04:41:14.423,1.43684,1.43694,1.88,1.13
2011.06.22 04:41:14.973,1.43684,1.43694,1.88,1.13
2011.06.22 04:41:16.200,1.43686,1.43696,1.13,1.13
2011.06.22 04:41:16.754,1.43687,1.43697,1.13,1.73
2011.06.22 04:41:22.545,1.43687,1.43697,1.13,1.73
2011.06.22 04:41:22.875,1.43692,1.437,1.50,1.43
2011.06.22 04:41:23.314,1.4369,1.437,1.95,1.13
2011.06.22 04:41:26.996,1.43689,1.43697,1.50,4.13
2011.06.22 04:41:27.106,1.4369,1.43698,1.13,1.50
2011.06.22 04:41:27.433,1.43689,1.43698,1.50,1.88
2011.06.22 04:41:27.983,1.4369,1.437,1.13,1.13
2011.06.22 04:41:39.123,1.4369,1.437,1.13,1.13
2011.06.22 04:41:39.454,1.43686,1.43695,1.50,1.13
2011.06.22 04:41:47.472,1.43685,1.43695,3.00,1.13
2011.06.22 04:41:48.873,1.43684,1.43694,1.50,1.35
2011.06.22 04:41:49.989,1.43681,1.43691,1.88,2.18
2011.06.22 04:41:50.542,1.43681,1.43691,1.88,2.18
2011.06.22 04:41:51.953,1.43681,1.43691,1.88,2.18
2011.06.22 04:41:53.603,1.4368,1.43689,1.50,1.13
2011.06.22 04:41:55.822,1.43681,1.43691,1.13,2.18
2011.06.22 04:41:56.374,1.43682,1.43691,1.50,2.18
2011.06.22 04:41:56.923,1.43683,1.43691,1.13,1.50
2011.06.22 04:41:57.474,1.43683,1.43691,1.13,1.50
2011.06.22 04:42:01.105,1.43684,1.43692,1.50,1.05
2011.06.22 04:42:01.653,1.43683,1.43692,1.50,1.43
2011.06.22 04:42:02.202,1.43682,1.43691,2.25,1.50
2011.06.22 04:42:02.705,1.43684,1.43694,1.50,4.73
2011.06.22 04:42:03.325,1.43689,1.43695,1.50,2.10
2011.06.22 04:42:03.433,1.43689,1.43697,1.50,1.50
2011.06.22 04:42:05.284,1.43688,1.43696,1.13,1.50
2011.06.22 04:42:05.505,1.43686,1.43695,1.50,1.13
2011.06.22 04:42:06.053,1.43687,1.43697,1.13,1.13
2011.06.22 04:42:08.193,1.43687,1.43697,1.13,1.13
2011.06.22 04:42:10.994,1.43689,1.43698,1.50,1.13
2011.06.22 04:42:11.590,1.4369,1.43699,1.88,1.05
2011.06.22 04:42:22.375,1.43693,1.43699,1.13,1.05
2011.06.22 04:42:22.925,1.43692,1.43701,1.50,1.88
2011.06.22 04:42:29.175,1.43695,1.43703,1.50,5.18
2011.06.22 04:42:29.397,1.43693,1.43702,3.75,1.05
2011.06.22 04:42:29.515,1.43692,1.43701,1.88,1.50
2011.06.22 04:42:30.064,1.43692,1.43701,1.88,1.50
2011.06.22 04:42:30.800,1.43691,1.43701,2.63,1.88
2011.06.22 04:42:31.362,1.43691,1.43701,1.88,1.88
2011.06.22 04:42:31.583,1.43689,1.43698,6.83,1.50
2011.06.22 04:42:31.915,1.43687,1.43697,1.20,1.13
2011.06.22 04:42:32.133,1.43687,1.43697,1.13,1.13
2011.06.22 04:42:35.235,1.43687,1.43697,1.13,1.13
2011.06.22 04:42:36.443,1.43687,1.43697,1.13,1.13
2011.06.22 04:42:37.218,1.43687,1.43697,1.13,1.13
2011.06.22 04:42:37.337,1.43689,1.43699,1.88,1.13
2011.06.22 04:42:37.892,1.43689,1.43699,1.88,1.13
2011.06.22 04:42:43.414,1.43689,1.43699,2.63,1.13
2011.06.22 04:42:43.528,1.43692,1.437,1.50,1.05
2011.06.22 04:42:44.083,1.43692,1.437,1.50,1.05
2011.06.22 04:42:53.574,1.43692,1.437,1.50,1.05
2011.06.22 04:42:54.203,1.43692,1.437,1.50,1.05
2011.06.22 04:43:18.384,1.43691,1.437,1.13,1.05
2011.06.22 04:43:22.145,1.43692,1.437,1.13,1.05
2011.06.22 04:43:31.363,1.43694,1.43702,3.75,1.50
2011.06.22 04:43:31.474,1.43696,1.43703,1.13,1.80
2011.06.22 04:43:31.695,1.43696,1.43706,1.13,1.88
2011.06.22 04:43:32.463,1.43696,1.43706,1.13,1.88
2011.06.22 04:43:33.433,1.43696,1.43706,1.13,1.88
2011.06.22 04:43:34.103,1.43699,1.43708,1.13,1.50
2011.06.22 04:43:37.172,1.437,1.43708,1.13,1.50
2011.06.22 04:43:51.834,1.437,1.43709,1.13,1.05
2011.06.22 04:43:54.298,1.43699,1.43705,1.50,1.13
2011.06.22 04:43:54.416,1.43695,1.43703,3.08,1.50
2011.06.22 04:43:54.755,1.43694,1.43703,1.50,1.88
2011.06.22 04:43:56.784,1.43692,1.437,1.65,1.13
2011.06.22 04:44:02.864,1.43691,1.43699,1.50,1.13
2011.06.22 04:44:03.566,1.43689,1.43699,1.88,1.13
2011.06.22 04:44:03.674,1.43689,1.43698,1.50,1.13
2011.06.22 04:44:04.225,1.43688,1.43697,1.13,1.50
2011.06.22 04:44:04.791,1.43687,1.43696,1.50,1.13
2011.06.22 04:44:05.461,1.43691,1.43699,1.13,3.68
2011.06.22 04:44:05.579,1.43689,1.43696,1.50,1.13
2011.06.22 04:44:06.137,1.4369,1.43699,4.13,4.43
2011.06.22 04:44:06.258,1.43691,1.437,1.50,1.88
2011.06.22 04:44:06.375,1.43691,1.43701,1.88,1.88
2011.06.22 04:44:07.474,1.43693,1.43702,1.13,1.80
2011.06.22 04:44:11.734,1.43697,1.43703,3.75,1.13
2011.06.22 04:44:12.303,1.4369,1.437,1.20,1.13
2011.06.22 04:44:14.455,1.43693,1.43701,1.13,1.80
2011.06.22 04:44:14.895,1.43694,1.43701,1.13,1.80
2011.06.22 04:44:15.443,1.43692,1.43701,1.13,1.80
2011.06.22 04:44:22.283,1.43691,1.43701,1.13,2.18
2011.06.22 04:44:22.503,1.43693,1.43701,1.50,1.43
2011.06.22 04:44:23.054,1.43695,1.43704,1.88,1.80
2011.06.22 04:44:31.214,1.43693,1.43703,4.13,1.35
2011.06.22 04:44:31.327,1.43692,1.43698,1.58,1.35
2011.06.22 04:44:31.882,1.43691,1.43698,1.13,1.35
2011.06.22 04:44:33.901,1.43691,1.43698,1.13,1.35
2011.06.22 04:44:38.234,1.43691,1.43698,1.13,1.35
2011.06.22 04:44:38.455,1.43689,1.43698,1.13,1.35
2011.06.22 04:44:39.114,1.43689,1.43697,1.88,1.50
2011.06.22 04:44:39.665,1.4369,1.43698,1.50,1.43
2011.06.22 04:44:40.212,1.43688,1.43697,1.13,1.50
2011.06.22 04:44:44.403,1.43689,1.43698,1.50,1.43
2011.06.22 04:44:44.953,1.4369,1.43698,1.88,1.05
2011.06.22 04:44:45.902,1.43688,1.43697,1.20,1.50
2011.06.22 04:44:55.024,1.43689,1.43697,1.50,1.50
2011.06.22 04:44:55.573,1.4369,1.43698,1.88,1.05
2011.06.22 04:44:56.124,1.43688,1.43697,1.20,1.50
2011.06.22 04:44:56.813,1.43689,1.43697,1.13,1.50
2011.06.22 04:44:58.373,1.43688,1.43697,1.20,1.50
2011.06.22 04:45:08.964,1.43688,1.43697,1.20,1.50
2011.06.22 04:45:09.505,1.43688,1.43697,1.20,1.50
2011.06.22 04:45:10.052,1.43688,1.43697,1.20,1.50
2011.06.22 04:45:10.613,1.43688,1.43697,1.20,1.50
2011.06.22 04:45:12.133,1.43688,1.43697,1.20,1.50
2011.06.22 04:45:12.682,1.43688,1.43697,1.20,1.50
2011.06.22 04:45:13.453,1.43688,1.43697,1.20,1.50
2011.06.22 04:45:18.393,1.43688,1.43697,2.70,1.50
2011.06.22 04:45:19.085,1.43689,1.43697,1.50,1.50
2011.06.22 04:45:19.608,1.4369,1.43698,1.88,1.05
2011.06.22 04:45:20.162,1.4369,1.43697,1.13,1.50
2011.06.22 04:45:24.304,1.4369,1.43702,1.13,5.15
2011.06.22 04:45:24.417,1.43689,1.43697,1.50,1.88
2011.06.22 04:45:24.537,1.43693,1.43701,1.50,3.75
2011.06.22 04:45:24.655,1.43694,1.43704,1.13,1.13
2011.06.22 04:45:26.885,1.43694,1.43704,1.88,1.13
2011.06.22 04:45:28.265,1.43694,1.43704,2.63,1.13
2011.06.22 04:45:28.375,1.43694,1.43704,2.63,1.13
2011.06.22 04:45:28.924,1.43694,1.43704,2.63,1.13
2011.06.22 04:45:30.703,1.43694,1.43704,2.63,1.13
2011.06.22 04:45:30.924,1.43695,1.43704,1.13,1.13
2011.06.22 04:45:34.083,1.43695,1.43704,1.13,1.13
2011.06.22 04:45:43.575,1.43697,1.43706,1.50,4.50
2011.06.22 04:45:43.686,1.43699,1.43709,1.50,2.55
2011.06.22 04:45:43.905,1.437,1.4371,1.50,4.80
2011.06.22 04:45:44.452,1.437,1.4371,1.50,2.25
2011.06.22 04:45:48.007,1.43702,1.43711,1.50,1.50
2011.06.22 04:45:48.348,1.43704,1.43712,2.63,1.05
2011.06.22 04:45:48.796,1.43706,1.43714,2.25,1.35
2011.06.22 04:45:49.017,1.4371,1.43719,1.50,2.63
2011.06.22 04:45:49.679,1.43713,1.43722,2.63,1.50
2011.06.22 04:45:50.238,1.43717,1.43725,3.75,1.80
2011.06.22 04:45:50.355,1.43718,1.43726,1.13,1.05
2011.06.22 04:45:50.576,1.43718,1.43729,1.88,1.88
2011.06.22 04:45:52.004,1.43718,1.43728,1.13,1.13
2011.06.22 04:45:52.336,1.43716,1.43722,5.85,1.50
2011.06.22 04:45:52.457,1.43714,1.43723,1.95,1.50
2011.06.22 04:45:52.906,1.43712,1.43721,3.83,1.88
2011.06.22 04:45:53.014,1.43712,1.4372,1.88,1.50
2011.06.22 04:45:53.455,1.43709,1.43718,4.50,1.50
2011.06.22 04:45:53.566,1.43708,1.43717,1.88,1.50
2011.06.22 04:45:55.604,1.43708,1.43716,1.13,1.50
2011.06.22 04:45:56.352,1.43706,1.43715,1.13,1.50
2011.06.22 04:45:56.903,1.43705,1.43715,1.88,1.88
2011.06.22 04:45:58.444,1.43705,1.43715,1.88,1.88
2011.06.22 04:45:58.774,1.43707,1.43716,1.13,1.50
2011.06.22 04:45:59.984,1.43707,1.43717,1.88,1.88
2011.06.22 04:46:00.207,1.43711,1.43721,1.13,1.80
2011.06.22 04:46:00.874,1.43712,1.43723,1.50,1.88
2011.06.22 04:46:01.424,1.43712,1.43723,2.63,1.88
2011.06.22 04:46:01.975,1.43713,1.43723,1.13,1.50
2011.06.22 04:46:02.830,1.43714,1.43724,2.63,1.13
2011.06.22 04:46:02.958,1.43716,1.43725,1.13,1.50
2011.06.22 04:46:03.075,1.43718,1.43726,1.13,1.50
2011.06.22 04:46:03.626,1.43719,1.43728,1.13,1.50
2011.06.22 04:46:04.173,1.43726,1.43735,1.13,1.50
2011.06.22 04:46:06.334,1.43725,1.43735,1.13,1.88
2011.06.22 04:46:07.225,1.43725,1.43735,1.50,1.88
2011.06.22 04:46:07.773,1.43725,1.43735,1.50,1.88
2011.06.22 04:46:08.104,1.43724,1.43735,1.50,1.88
2011.06.22 04:46:08.434,1.43723,1.43732,1.13,1.50
2011.06.22 04:46:10.387,1.43724,1.43733,1.50,2.18
2011.06.22 04:46:10.506,1.43727,1.43734,1.13,1.50
2011.06.22 04:46:10.843,1.43729,1.43737,1.50,1.13
2011.06.22 04:46:10.954,1.43729,1.43738,1.95,1.50
2011.06.22 04:46:12.073,1.43729,1.43738,1.95,1.50
2011.06.22 04:46:12.404,1.43725,1.43734,1.43,1.13
2011.06.22 04:46:12.516,1.43724,1.43732,2.85,1.50
2011.06.22 04:46:12.638,1.43722,1.43735,1.50,3.23
2011.06.22 04:46:12.756,1.43729,1.43738,1.50,1.13
2011.06.22 04:46:13.304,1.43729,1.43738,1.58,1.13
2011.06.22 04:46:16.075,1.4373,1.4374,1.88,1.88
2011.06.22 04:46:17.174,1.43731,1.43739,1.20,1.50
2011.06.22 04:46:17.834,1.43735,1.43741,1.13,1.80
2011.06.22 04:46:18.653,1.43729,1.43739,3.45,1.13
2011.06.22 04:46:21.076,1.43729,1.43738,1.95,1.50
2011.06.22 04:46:21.512,1.43729,1.43738,1.50,1.88
2011.06.22 04:46:22.975,1.4373,1.43739,1.13,2.25
2011.06.22 04:46:28.175,1.4373,1.43738,1.88,3.31
2011.06.22 04:46:28.505,1.43727,1.43735,3.00,1.13
2011.06.22 04:46:28.615,1.43727,1.43736,2.63,2.25
2011.06.22 04:46:28.727,1.43728,1.43738,1.13,2.18
2011.06.22 04:46:29.066,1.43728,1.43735,1.58,4.50
2011.06.22 04:46:29.286,1.43722,1.43733,1.50,1.88
2011.06.22 04:46:29.504,1.43722,1.43733,1.50,1.88
2011.06.22 04:46:31.375,1.43723,1.43733,1.13,1.88
2011.06.22 04:46:33.233,1.43722,1.43733,1.88,1.88
2011.06.22 04:46:34.444,1.43722,1.43733,2.63,1.13
2011.06.22 04:46:34.664,1.43724,1.43734,1.88,1.13
2011.06.22 04:46:36.016,1.43725,1.43734,1.13,1.13
2011.06.22 04:46:36.783,1.43725,1.43731,1.13,1.13
2011.06.22 04:46:37.008,1.43724,1.43734,1.92,1.88
2011.06.22 04:46:37.131,1.4372,1.43728,2.29,1.13
2011.06.22 04:46:37.354,1.43724,1.43733,1.13,1.50
2011.06.22 04:46:37.466,1.43724,1.43734,1.88,1.88
2011.06.22 04:46:38.012,1.43724,1.43734,1.88,1.13
2011.06.22 04:46:39.914,1.43727,1.43735,1.13,1.50
2011.06.22 04:46:40.137,1.43728,1.43738,2.63,1.88
2011.06.22 04:46:40.693,1.43728,1.43738,2.70,1.13
2011.06.22 04:46:44.273,1.43728,1.43738,1.95,1.88
2011.06.22 04:46:44.495,1.43725,1.43734,1.50,1.13
2011.06.22 04:46:44.607,1.43723,1.43734,1.88,1.13
2011.06.22 04:46:44.724,1.43725,1.43735,1.88,4.13
2011.06.22 04:46:44.833,1.43725,1.43735,1.88,4.50
2011.06.22 04:46:45.384,1.43725,1.43735,1.88,4.50
2011.06.22 04:46:49.006,1.43725,1.43735,2.25,1.13
2011.06.22 04:46:49.555,1.43727,1.43737,1.88,1.88
2011.06.22 04:46:49.775,1.43725,1.43735,2.25,1.13
2011.06.22 04:46:56.051,1.43728,1.43737,1.13,2.10
2011.06.22 04:46:56.607,1.43729,1.43738,2.33,2.48
2011.06.22 04:46:59.109,1.43729,1.43739,2.33,1.43
2011.06.22 04:47:01.203,1.4373,1.43739,1.13,1.80
2011.06.22 04:47:03.366,1.43729,1.43739,1.95,2.55
2011.06.22 04:47:03.914,1.43724,1.43735,2.70,2.63
2011.06.22 04:47:04.026,1.43724,1.43735,2.63,2.63
2011.06.22 04:47:04.573,1.43724,1.43734,1.50,1.13
2011.06.22 04:47:09.297,1.43723,1.43733,1.13,1.88
2011.06.22 04:47:09.966,1.43722,1.43733,1.50,4.13
2011.06.22 04:47:11.603,1.43724,1.43734,1.50,1.13
2011.06.22 04:47:14.704,1.43725,1.43735,1.13,1.13
2011.06.22 04:47:15.039,1.4373,1.43738,1.50,1.35
2011.06.22 04:47:16.104,1.43731,1.43739,1.50,1.43
2011.06.22 04:47:19.953,1.43729,1.43739,2.70,1.43
2011.06.22 04:47:34.925,1.43727,1.43736,1.58,4.50
2011.06.22 04:47:35.256,1.43729,1.43739,1.88,4.13
2011.06.22 04:47:35.476,1.43728,1.43737,1.13,1.50
2011.06.22 04:47:36.023,1.43725,1.43734,1.13,1.13
2011.06.22 04:47:36.247,1.4373,1.43737,1.50,1.50
2011.06.22 04:47:36.804,1.4373,1.43739,1.50,2.18
2011.06.22 04:47:38.266,1.4373,1.43739,1.50,1.43
2011.06.22 04:47:39.185,1.43729,1.43737,1.13,1.35
2011.06.22 04:47:39.302,1.43725,1.43735,2.63,1.13
2011.06.22 04:47:47.554,1.43725,1.43735,1.88,1.13
2011.06.22 04:47:47.665,1.43729,1.43736,1.50,4.13
2011.06.22 04:47:47.993,1.43732,1.43741,1.50,2.18
2011.06.22 04:47:48.105,1.4373,1.43739,1.13,2.85
2011.06.22 04:47:48.652,1.43727,1.43737,1.13,1.13
2011.06.22 04:47:49.624,1.43727,1.43737,1.13,1.13
2011.06.22 04:47:51.594,1.43727,1.43737,1.88,1.13
2011.06.22 04:47:52.322,1.43734,1.4374,1.13,1.35
2011.06.22 04:47:52.452,1.43729,1.43738,1.50,1.13
2011.06.22 04:47:52.565,1.43731,1.43741,1.88,1.13
2011.06.22 04:47:52.675,1.43732,1.43741,1.50,4.50
2011.06.22 04:47:53.115,1.4373,1.43737,1.58,1.13
2011.06.22 04:47:53.664,1.43729,1.43739,1.50,1.88
2011.06.22 04:47:56.354,1.43729,1.43738,1.50,1.13
2011.06.22 04:47:56.793,1.43729,1.43738,1.50,1.13
2011.06.22 04:47:57.015,1.43729,1.43739,1.50,1.88
2011.06.22 04:47:58.224,1.43728,1.43738,1.88,1.13
2011.06.22 04:47:58.335,1.43729,1.43739,1.50,1.88
2011.06.22 04:48:00.094,1.43729,1.43738,1.50,1.13
2011.06.22 04:48:00.921,1.43731,1.43738,1.50,2.25
2011.06.22 04:48:01.040,1.43731,1.4374,2.25,6.75
2011.06.22 04:48:01.155,1.43732,1.43741,3.00,1.88
2011.06.22 04:48:01.487,1.43732,1.43744,3.75,1.50
2011.06.22 04:48:01.717,1.43734,1.43745,1.88,1.88
2011.06.22 04:48:02.165,1.43738,1.43744,1.13,2.10
2011.06.22 04:48:02.388,1.4374,1.43751,1.58,2.85
2011.06.22 04:48:02.506,1.43737,1.43748,1.50,1.13
2011.06.22 04:48:02.834,1.43735,1.43747,1.50,1.50
2011.06.22 04:48:05.184,1.43733,1.43746,1.50,1.50
2011.06.22 04:48:05.993,1.43734,1.43746,1.50,1.13
2011.06.22 04:48:06.108,1.43735,1.43745,1.88,1.13
2011.06.22 04:48:06.666,1.43735,1.43745,1.88,1.13
2011.06.22 04:48:07.954,1.43736,1.43746,1.50,1.13
2011.06.22 04:48:08.504,1.43736,1.43747,1.88,1.88
2011.06.22 04:48:08.835,1.4374,1.43749,1.50,1.73
2011.06.22 04:48:09.274,1.43739,1.43749,2.25,4.50
2011.06.22 04:48:09.386,1.4374,1.4375,1.13,3.38
2011.06.22 04:48:09.714,1.4374,1.43749,1.50,4.50
2011.06.22 04:48:12.243,1.43739,1.43747,1.50,1.13
2011.06.22 04:48:12.683,1.43735,1.43745,1.88,1.13
2011.06.22 04:48:16.444,1.43735,1.43745,1.88,1.13
2011.06.22 04:48:21.423,1.43735,1.43745,1.88,1.13
2011.06.22 04:48:21.975,1.43735,1.43745,1.50,4.50
2011.06.22 04:48:22.525,1.43733,1.43743,1.13,1.13
2011.06.22 04:48:23.623,1.43733,1.43744,1.50,5.25
2011.06.22 04:48:24.526,1.43733,1.43742,1.50,1.13
2011.06.22 04:48:25.733,1.43732,1.43742,1.13,1.13
2011.06.22 04:48:26.331,1.43731,1.4374,1.50,2.18
2011.06.22 04:48:29.755,1.43731,1.4374,1.88,1.05
2011.06.22 04:48:30.305,1.43732,1.4374,1.13,1.05
2011.06.22 04:48:30.854,1.43732,1.4374,1.13,1.05
2011.06.22 04:48:31.533,1.43732,1.4374,1.13,1.05
2011.06.22 04:48:32.084,1.43732,1.4374,1.13,1.05
2011.06.22 04:48:33.856,1.43731,1.4374,1.50,1.43
2011.06.22 04:48:37.673,1.43731,1.4374,1.88,1.05
2011.06.22 04:48:44.563,1.43731,1.4374,1.88,1.05
2011.06.22 04:48:48.794,1.43731,1.43741,1.88,1.43
2011.06.22 04:48:49.016,1.43733,1.43743,1.88,1.13
2011.06.22 04:48:49.564,1.43733,1.43742,1.50,1.13
2011.06.22 04:48:50.113,1.43734,1.43742,1.50,1.13
2011.06.22 04:48:55.415,1.43732,1.43742,1.13,1.88
2011.06.22 04:48:58.444,1.43731,1.43741,1.88,1.80
2011.06.22 04:48:58.997,1.43731,1.43741,1.88,2.18
2011.06.22 04:48:59.444,1.43731,1.43741,1.50,2.55
2011.06.22 04:48:59.667,1.43725,1.43737,4.13,4.13
2011.06.22 04:49:02.045,1.43725,1.43737,1.88,4.13
2011.06.22 04:49:03.054,1.43725,1.43737,1.13,4.13
2011.06.22 04:49:11.606,1.43725,1.43737,1.13,4.88
2011.06.22 04:49:15.388,1.43731,1.43739,1.50,4.28
2011.06.22 04:49:15.934,1.43731,1.43739,1.50,1.43
2011.06.22 04:49:22.098,1.43728,1.43737,1.13,1.50
2011.06.22 04:49:22.686,1.43725,1.43735,1.50,1.13
2011.06.22 04:49:25.155,1.43722,1.43732,3.75,2.25
2011.06.22 04:49:25.484,1.43721,1.43731,1.88,2.18
2011.06.22 04:49:36.395,1.43721,1.43731,1.88,2.18
2011.06.22 04:49:42.585,1.43721,1.43728,1.50,3.75
2011.06.22 04:49:42.917,1.43718,1.43726,1.58,1.13
2011.06.22 04:49:43.134,1.43716,1.43726,1.13,1.13
2011.06.22 04:49:44.126,1.43715,1.43725,1.88,1.13
2011.06.22 04:49:45.004,1.43715,1.43725,1.88,1.13
2011.06.22 04:49:46.854,1.43715,1.43725,1.13,1.13
2011.06.22 04:49:47.404,1.43715,1.43725,1.13,1.13
2011.06.22 04:49:48.755,1.43715,1.43725,1.13,1.13
2011.06.22 04:49:50.334,1.43715,1.43725,1.13,1.13
2011.06.22 04:49:51.324,1.4372,1.43726,1.50,1.13
2011.06.22 04:49:51.435,1.4372,1.43728,1.50,1.13
2011.06.22 04:49:52.426,1.43721,1.4373,1.50,4.80
2011.06.22 04:49:52.973,1.43722,1.4373,1.50,1.05
2011.06.22 04:50:02.115,1.4372,1.43729,1.58,1.43
2011.06.22 04:50:05.515,1.43721,1.43729,1.50,1.43
2011.06.22 04:50:07.364,1.4372,1.43729,1.50,1.43
2011.06.22 04:50:08.194,1.43721,1.43729,1.50,1.43
2011.06.22 04:50:08.745,1.4372,1.43729,2.25,1.13
2011.06.22 04:50:09.734,1.4372,1.43729,1.50,1.13
2011.06.22 04:50:10.345,1.4372,1.43729,1.50,1.13
2011.06.22 04:50:12.254,1.43721,1.4373,1.88,1.05
2011.06.22 04:50:13.586,1.43721,1.4373,1.13,1.05
2011.06.22 04:50:13.696,1.43719,1.43728,2.25,1.13
2011.06.22 04:50:14.245,1.43719,1.43729,2.25,1.88
2011.06.22 04:50:14.794,1.43721,1.4373,1.88,1.50
2011.06.22 04:50:25.294,1.43721,1.43731,1.88,2.18
2011.06.22 04:50:50.895,1.43727,1.43737,2.10,2.18
2011.06.22 04:50:51.115,1.43731,1.43739,1.88,1.50
2011.06.22 04:50:51.228,1.43731,1.43737,1.13,1.50
2011.06.22 04:50:51.707,1.43727,1.43737,1.88,1.13
2011.06.22 04:50:52.273,1.4373,1.43738,1.50,1.13
2011.06.22 04:51:02.425,1.43728,1.43738,1.13,1.13
2011.06.22 04:51:12.286,1.43731,1.43739,1.13,1.50
2011.06.22 04:51:12.506,1.4373,1.43739,2.33,1.13
2011.06.22 04:51:13.055,1.4373,1.4374,1.88,1.13
2011.06.22 04:51:17.824,1.4373,1.4374,1.13,1.50
2011.06.22 04:51:20.703,1.43729,1.43739,1.88,1.13
2011.06.22 04:51:25.834,1.43729,1.43739,1.88,1.13
2011.06.22 04:51:26.494,1.43731,1.43741,1.88,2.93
2011.06.22 04:51:28.361,1.43733,1.43741,1.88,1.05
2011.06.22 04:51:28.588,1.43736,1.43746,1.88,1.88
2011.06.22 04:51:29.037,1.43736,1.43746,1.88,1.13
2011.06.22 04:51:29.742,1.43739,1.43749,1.13,1.88
2011.06.22 04:51:29.967,1.43736,1.43746,1.88,1.13
2011.06.22 04:51:30.697,1.43736,1.43746,1.88,1.13
2011.06.22 04:51:34.217,1.43738,1.43748,1.88,1.13
2011.06.22 04:51:34.775,1.43738,1.43748,1.88,1.13
2011.06.22 04:51:36.376,1.43736,1.43746,1.88,1.13
2011.06.22 04:51:43.463,1.43736,1.43746,1.88,1.13
2011.06.22 04:51:44.263,1.43738,1.43748,1.13,1.13
2011.06.22 04:51:45.034,1.43738,1.43748,2.63,1.13
2011.06.22 04:51:45.145,1.43746,1.43751,1.13,1.50
2011.06.22 04:51:45.479,1.4375,1.43758,1.13,2.25
2011.06.22 04:51:45.596,1.43748,1.43757,2.25,1.13
2011.06.22 04:51:45.708,1.43749,1.43758,1.20,1.50
2011.06.22 04:51:46.265,1.43748,1.43758,1.88,1.50
2011.06.22 04:51:48.927,1.43747,1.43757,1.13,1.88
2011.06.22 04:51:49.146,1.43745,1.43755,1.95,1.88
2011.06.22 04:51:49.695,1.43745,1.43755,1.13,1.88
2011.06.22 04:51:51.107,1.4375,1.43759,1.13,1.50
2011.06.22 04:51:52.754,1.4375,1.43759,1.95,1.50
2011.06.22 04:51:53.934,1.4375,1.43759,1.58,1.88
2011.06.22 04:51:54.264,1.4375,1.43759,1.58,1.13
2011.06.22 04:51:54.595,1.43751,1.43761,1.13,1.88
2011.06.22 04:51:55.364,1.43751,1.43761,1.13,1.88
2011.06.22 04:51:55.913,1.43751,1.43761,1.13,1.88
2011.06.22 04:51:56.903,1.43751,1.43761,1.88,1.88
2011.06.22 04:51:57.564,1.43751,1.43761,1.88,1.88
2011.06.22 04:51:58.885,1.43753,1.43761,1.50,1.88
2011.06.22 04:51:59.215,1.43754,1.43764,2.25,1.88
2011.06.22 04:51:59.767,1.43758,1.43766,2.25,1.05
2011.06.22 04:52:00.525,1.43762,1.43771,1.13,1.50
2011.06.22 04:52:00.745,1.43761,1.4377,1.50,1.13
2011.06.22 04:52:03.622,1.4376,1.43769,1.58,1.13
2011.06.22 04:52:03.953,1.43761,1.43769,1.50,1.13
2011.06.22 04:52:04.062,1.4376,1.43769,1.58,1.13
2011.06.22 04:52:07.501,1.43759,1.43769,2.70,1.13
2011.06.22 04:52:07.835,1.43755,1.4376,4.95,1.50
2011.06.22 04:52:07.956,1.43753,1.4376,2.07,1.88
2011.06.22 04:52:08.074,1.4375,1.43759,1.50,1.13
2011.06.22 04:52:08.183,1.43748,1.43759,1.13,1.88
2011.06.22 04:52:08.294,1.43745,1.43755,1.95,1.88
2011.06.22 04:52:08.999,1.43746,1.43755,1.50,1.13
2011.06.22 04:52:09.552,1.43746,1.43757,1.88,1.88
2011.06.22 04:52:10.101,1.43747,1.43757,1.88,1.13
2011.06.22 04:52:11.093,1.43747,1.43757,1.88,1.88
2011.06.22 04:52:11.202,1.43751,1.43759,1.50,4.50
2011.06.22 04:52:11.511,1.43751,1.4376,1.50,2.18
2011.06.22 04:52:11.629,1.43756,1.43766,1.13,1.50
2011.06.22 04:52:12.185,1.43757,1.43767,1.13,1.88
2011.06.22 04:52:13.831,1.43756,1.43765,1.13,1.50
2011.06.22 04:52:13.944,1.43757,1.43765,1.50,1.13
2011.06.22 04:52:14.271,1.43757,1.43767,1.88,1.13
2011.06.22 04:52:20.382,1.43753,1.43765,3.68,4.13
2011.06.22 04:52:21.043,1.43753,1.43764,2.63,2.63
2011.06.22 04:52:21.373,1.43756,1.43766,1.88,1.05
2011.06.22 04:52:21.592,1.43757,1.43767,1.13,1.13
2011.06.22 04:52:28.863,1.43757,1.43765,1.50,1.13
2011.06.22 04:52:30.601,1.43756,1.43766,1.50,1.88
2011.06.22 04:52:30.712,1.43756,1.43766,2.25,1.88
2011.06.22 04:52:31.044,1.43761,1.43769,1.50,1.13
2011.06.22 04:52:31.152,1.43761,1.43769,1.50,1.13
2011.06.22 04:52:33.354,1.43758,1.43766,2.33,1.13
2011.06.22 04:52:33.574,1.43756,1.43766,1.88,1.13
2011.06.22 04:52:34.122,1.43756,1.43766,1.88,1.13
2011.06.22 04:52:34.682,1.43761,1.43768,1.50,3.75
2011.06.22 04:52:34.795,1.4376,1.43769,1.50,1.13
2011.06.22 04:52:35.024,1.43759,1.43768,1.13,1.50
2011.06.22 04:52:35.584,1.43758,1.43766,1.50,1.13
2011.06.22 04:52:36.133,1.43756,1.43764,1.13,1.50
2011.06.22 04:52:36.244,1.43754,1.43762,1.50,1.88
2011.06.22 04:52:36.801,1.43754,1.43762,1.50,1.13
2011.06.22 04:52:37.352,1.43753,1.43762,1.50,1.13
2011.06.22 04:52:37.795,1.43756,1.43764,1.50,1.43
2011.06.22 04:52:38.336,1.43756,1.43767,1.13,1.88
2011.06.22 04:52:38.563,1.43754,1.43762,1.13,1.88
2011.06.22 04:52:38.675,1.43755,1.43764,2.25,1.13
2011.06.22 04:52:38.793,1.43758,1.43766,1.88,1.50
2011.06.22 04:52:39.341,1.43758,1.43768,1.88,1.13
2011.06.22 04:52:39.892,1.43756,1.43766,1.88,1.13
2011.06.22 04:52:42.233,1.43756,1.43766,1.13,1.88
2011.06.22 04:52:47.511,1.43756,1.43766,1.88,1.13
2011.06.22 04:52:48.672,1.43755,1.43766,1.13,2.63
2011.06.22 04:52:48.784,1.43752,1.43762,1.95,1.13
2011.06.22 04:52:49.558,1.43752,1.43761,1.88,1.50
2011.06.22 04:52:51.873,1.43752,1.43761,1.88,1.50
2011.06.22 04:52:52.644,1.43756,1.43763,1.50,1.43
2011.06.22 04:52:52.753,1.43756,1.43762,1.13,1.05
2011.06.22 04:52:52.972,1.43757,1.43766,1.13,1.05
2011.06.22 04:52:53.082,1.43756,1.43766,1.88,1.13
2011.06.22 04:52:54.682,1.43758,1.43766,1.50,1.13
2011.06.22 04:53:04.514,1.43752,1.4376,1.58,1.13
2011.06.22 04:53:05.073,1.43751,1.43759,1.50,1.13
2011.06.22 04:53:14.382,1.43749,1.43759,1.95,1.88
2011.06.22 04:53:15.140,1.43749,1.43757,2.33,1.13
2011.06.22 04:53:15.259,1.43747,1.43757,1.13,1.88
2011.06.22 04:53:21.123,1.43746,1.43756,1.50,1.13
2011.06.22 04:53:21.564,1.43745,1.43751,1.13,1.50
2011.06.22 04:53:22.002,1.43744,1.43754,1.13,1.13
2011.06.22 04:53:22.883,1.43744,1.43753,1.13,1.50
2011.06.22 04:53:23.431,1.43742,1.43753,1.88,1.88
2011.06.22 04:53:24.351,1.43743,1.43752,1.50,1.13
2011.06.22 04:53:24.472,1.43747,1.43754,1.13,2.25
2011.06.22 04:53:24.804,1.43746,1.43755,1.13,1.88
2011.06.22 04:53:24.912,1.43744,1.43752,1.50,1.13
2011.06.22 04:53:25.355,1.43745,1.43754,1.50,1.13
2011.06.22 04:53:25.911,1.43745,1.43755,1.88,1.13
2011.06.22 04:53:32.793,1.43745,1.43755,1.88,1.13
2011.06.22 04:53:39.164,1.43746,1.43756,1.50,1.88
2011.06.22 04:53:39.493,1.43748,1.43758,1.88,1.13
2011.06.22 04:53:41.382,1.43749,1.43759,2.25,1.43
2011.06.22 04:53:42.922,1.43748,1.43757,1.95,1.50
2011.06.22 04:53:43.252,1.43749,1.43759,2.25,2.18
2011.06.22 04:53:45.013,1.4375,1.43758,1.50,1.13
2011.06.22 04:53:46.923,1.43748,1.43758,1.20,4.73
2011.06.22 04:53:48.031,1.43747,1.43756,3.08,1.13
2011.06.22 04:53:48.152,1.4375,1.43759,1.50,1.13
2011.06.22 04:53:53.304,1.4375,1.43758,1.50,1.13
2011.06.22 04:53:53.413,1.43749,1.43758,1.58,1.13
2011.06.22 04:53:58.014,1.43746,1.43755,1.43,1.13
2011.06.22 04:53:58.562,1.43743,1.43754,1.95,1.13
2011.06.22 04:53:58.672,1.43743,1.43754,1.88,1.13
2011.06.22 04:53:59.332,1.43743,1.43754,1.88,1.88
2011.06.22 04:53:59.882,1.43745,1.43755,1.88,1.13
2011.06.22 04:54:03.242,1.43745,1.43755,1.13,1.13
2011.06.22 04:54:03.355,1.43741,1.43751,3.98,1.88
2011.06.22 04:54:06.652,1.43741,1.43751,1.88,1.88
2011.06.22 04:54:07.532,1.43741,1.43751,1.88,1.88
2011.06.22 04:54:07.862,1.43745,1.43755,1.88,1.43
2011.06.22 04:54:07.973,1.43745,1.43755,1.88,1.13
2011.06.22 04:54:13.252,1.43745,1.43755,2.63,1.13
2011.06.22 04:54:13.364,1.43748,1.43758,1.88,1.13
2011.06.22 04:54:14.472,1.43746,1.43757,1.88,1.88
2011.06.22 04:54:15.022,1.43746,1.43757,1.88,1.13
2011.06.22 04:54:15.571,1.43746,1.43757,1.88,1.88
2011.06.22 04:54:16.445,1.43746,1.43757,1.88,1.88
2011.06.22 04:54:18.402,1.43746,1.43757,1.88,1.88
2011.06.22 04:54:27.942,1.43746,1.43756,1.88,1.88
2011.06.22 04:54:28.272,1.4375,1.43759,1.50,1.13
2011.06.22 04:54:29.043,1.43751,1.43761,1.88,3.68
2011.06.22 04:54:31.774,1.4375,1.43759,1.13,2.85
2011.06.22 04:54:32.322,1.4375,1.4376,1.88,1.88
2011.06.22 04:54:32.871,1.4375,1.4376,1.50,1.13
2011.06.22 04:54:35.972,1.4375,1.43759,1.50,1.13
2011.06.22 04:54:36.194,1.43749,1.43758,1.88,1.50
2011.06.22 04:54:36.416,1.43748,1.43756,1.50,1.13
2011.06.22 04:54:36.538,1.4375,1.43759,1.13,1.05
2011.06.22 04:54:37.092,1.43751,1.4376,1.50,1.13
2011.06.22 04:54:37.642,1.4375,1.4376,1.50,1.13
2011.06.22 04:54:38.202,1.4375,1.43759,1.50,1.13
2011.06.22 04:54:40.702,1.43751,1.4376,1.50,1.13
2011.06.22 04:54:43.932,1.43751,1.43761,1.88,1.43
2011.06.22 04:54:44.727,1.43751,1.43761,1.13,2.93
2011.06.22 04:54:51.484,1.43749,1.43759,1.95,3.98
2011.06.22 04:54:52.032,1.43748,1.43756,1.58,1.50
2011.06.22 04:54:52.362,1.43751,1.4376,1.88,1.05
2011.06.22 04:54:52.582,1.43751,1.43761,1.88,1.13
2011.06.22 04:54:58.031,1.43751,1.4376,1.50,1.13
2011.06.22 04:55:09.852,1.4375,1.43761,1.50,5.25
2011.06.22 04:55:10.073,1.43751,1.43761,1.13,1.88
2011.06.22 04:55:10.183,1.43752,1.43763,1.50,5.55
2011.06.22 04:55:10.403,1.43756,1.43765,1.13,1.05
2011.06.22 04:55:10.515,1.43756,1.43766,1.13,1.13
2011.06.22 04:55:12.133,1.43756,1.43766,1.13,1.13
2011.06.22 04:55:12.682,1.43756,1.43766,1.13,1.13
2011.06.22 04:55:13.233,1.43756,1.43766,1.13,1.88
2011.06.22 04:55:13.782,1.43756,1.43766,1.13,1.88
2011.06.22 04:55:16.093,1.43756,1.43766,1.13,1.88
2011.06.22 04:55:17.081,1.43756,1.43766,1.13,1.88
2011.06.22 04:55:20.273,1.43756,1.43766,1.13,1.88
2011.06.22 04:55:21.732,1.43756,1.43766,1.13,1.88
2011.06.22 04:55:22.281,1.43756,1.43766,1.13,1.88
2011.06.22 04:55:22.832,1.43756,1.43767,1.88,1.88
2011.06.22 04:55:23.382,1.43755,1.43765,1.13,1.88
2011.06.22 04:55:23.492,1.43755,1.43765,1.13,1.88
2011.06.22 04:55:26.582,1.43754,1.43764,1.13,1.13
2011.06.22 04:55:26.803,1.43755,1.43765,1.13,1.88
2011.06.22 04:55:27.352,1.43755,1.43765,1.13,1.88
2011.06.22 04:55:27.902,1.43756,1.43766,1.13,1.88
2011.06.22 04:55:32.154,1.43756,1.43766,1.13,1.88
2011.06.22 04:55:34.023,1.43755,1.43765,1.13,1.13
2011.06.22 04:55:36.371,1.43756,1.43766,1.13,1.88
2011.06.22 04:55:37.252,1.43755,1.43765,1.13,1.13
2011.06.22 04:55:38.973,1.43755,1.43765,1.13,1.13
2011.06.22 04:55:39.482,1.43755,1.43765,1.13,1.13
2011.06.22 04:55:40.294,1.43755,1.43765,1.13,1.13
2011.06.22 04:55:40.512,1.43755,1.43765,1.13,1.13
2011.06.22 04:55:41.061,1.43755,1.43765,1.13,1.13
2011.06.22 04:55:42.162,1.43755,1.43765,1.13,1.13
2011.06.22 04:55:42.788,1.43755,1.43765,1.13,1.13
2011.06.22 04:55:43.612,1.43755,1.43765,1.13,1.13
2011.06.22 04:55:44.172,1.43755,1.43765,1.13,1.13
2011.06.22 04:55:45.904,1.43755,1.43765,1.13,1.13
2011.06.22 04:55:46.236,1.43752,1.43762,2.25,1.13
2011.06.22 04:55:46.930,1.43751,1.43761,1.50,5.25
2011.06.22 04:55:49.753,1.43751,1.43761,1.13,1.88
2011.06.22 04:55:56.124,1.43757,1.43763,2.25,1.13
2011.06.22 04:55:56.453,1.43759,1.43767,1.13,1.50
2011.06.22 04:55:57.954,1.43757,1.43767,1.13,1.13
2011.06.22 04:55:58.175,1.43755,1.43765,1.13,1.88
2011.06.22 04:55:58.721,1.43755,1.43765,1.13,1.88
2011.06.22 04:56:01.972,1.43755,1.43765,1.88,1.13
2011.06.22 04:56:02.863,1.43755,1.43765,1.88,1.13
2011.06.22 04:56:03.411,1.43755,1.43765,1.88,1.13
2011.06.22 04:56:05.862,1.43755,1.43765,1.13,1.88
2011.06.22 04:56:05.973,1.43754,1.43765,3.38,1.88
2011.06.22 04:56:06.524,1.43754,1.43762,1.50,1.13
2011.06.22 04:56:09.822,1.43753,1.43762,1.50,1.13
2011.06.22 04:56:15.845,1.43752,1.43761,1.50,1.13
2011.06.22 04:56:18.692,1.43751,1.4376,1.50,1.13
2011.06.22 04:56:21.786,1.43749,1.43758,1.58,1.13
2011.06.22 04:56:22.125,1.43751,1.4376,1.50,1.13
2011.06.22 04:56:22.682,1.43751,1.4376,1.50,1.13
2011.06.22 04:56:23.714,1.43752,1.4376,1.50,1.13
2011.06.22 04:56:26.754,1.43752,1.43761,1.50,2.18
2011.06.22 04:56:26.973,1.43753,1.43764,2.63,2.18
2011.06.22 04:56:27.084,1.43755,1.43764,1.13,1.05
2011.06.22 04:56:28.092,1.43756,1.43766,2.25,1.13
2011.06.22 04:56:28.424,1.43761,1.4377,1.88,1.88
2011.06.22 04:56:28.533,1.43761,1.4377,1.88,1.50
2011.06.22 04:56:29.081,1.43761,1.43771,1.50,4.50
2011.06.22 04:56:29.632,1.43761,1.4377,1.50,1.13
2011.06.22 04:56:31.093,1.43761,1.43771,2.25,3.38
2011.06.22 04:56:31.208,1.43765,1.43773,1.13,4.05
2011.06.22 04:56:31.433,1.43761,1.43769,1.50,1.13
2011.06.22 04:56:31.546,1.43756,1.43766,1.13,1.13
2011.06.22 04:56:32.214,1.43757,1.43767,1.50,1.13
2011.06.22 04:56:32.763,1.43757,1.43768,1.88,1.88
2011.06.22 04:56:33.423,1.43757,1.43767,1.50,1.13
2011.06.22 04:56:33.972,1.43756,1.43767,1.50,5.25
2011.06.22 04:56:35.533,1.43757,1.43767,1.88,1.13
2011.06.22 04:56:36.302,1.43756,1.43767,1.50,5.25
2011.06.22 04:56:36.636,1.43754,1.43764,1.13,1.50
2011.06.22 04:56:38.764,1.43757,1.43766,1.13,1.80
2011.06.22 04:56:40.488,1.43759,1.43768,1.13,1.50
2011.06.22 04:56:40.605,1.4376,1.43769,1.50,3.23
2011.06.22 04:56:41.834,1.43758,1.43766,1.50,1.13
2011.06.22 04:56:42.054,1.43756,1.43766,1.50,1.13
2011.06.22 04:56:42.602,1.43756,1.43766,1.50,1.13
2011.06.22 04:56:43.248,1.43757,1.43767,1.13,1.13
2011.06.22 04:56:49.083,1.43755,1.43765,1.13,1.13
2011.06.22 04:56:49.632,1.43755,1.43765,1.13,1.88
2011.06.22 04:56:52.203,1.43755,1.43765,1.88,1.13
2011.06.22 04:56:52.644,1.43759,1.43768,2.63,1.13
2011.06.22 04:56:53.601,1.43759,1.43769,2.63,4.35
2011.06.22 04:56:55.375,1.4376,1.43769,1.50,3.23
2011.06.22 04:56:55.922,1.43761,1.4377,1.50,1.13
2011.06.22 04:56:56.832,1.4376,1.4377,1.58,1.13
2011.06.22 04:56:57.714,1.43759,1.43769,1.95,1.88
2011.06.22 04:56:58.043,1.43757,1.43767,1.13,1.13
2011.06.22 04:57:02.153,1.4376,1.43769,1.13,1.50
2011.06.22 04:57:02.701,1.43761,1.4377,1.50,1.13
2011.06.22 04:57:06.963,1.43761,1.4377,1.50,1.13
2011.06.22 04:57:07.513,1.43762,1.43771,2.25,1.43
2011.06.22 04:57:09.024,1.43764,1.43772,1.50,1.88
2011.06.22 04:57:10.013,1.43763,1.43772,1.50,1.13
2011.06.22 04:57:11.595,1.4376,1.43768,3.83,1.50
2011.06.22 04:57:12.682,1.43763,1.43772,1.50,1.13
2011.06.22 04:57:12.793,1.43763,1.43772,1.50,1.13
2011.06.22 04:57:17.473,1.43762,1.43772,1.88,1.13
2011.06.22 04:57:35.292,1.43761,1.4377,1.58,1.13
2011.06.22 04:57:35.623,1.43759,1.43769,2.03,1.13
2011.06.22 04:57:36.392,1.43756,1.43766,1.95,1.13
2011.06.22 04:57:37.281,1.43756,1.43766,1.88,1.13
2011.06.22 04:57:38.922,1.43761,1.43768,1.50,3.75
2011.06.22 04:57:39.034,1.43761,1.43771,1.50,2.55
2011.06.22 04:57:46.252,1.43759,1.4377,2.40,1.50
2011.06.22 04:57:46.582,1.4376,1.4377,1.88,1.88
2011.06.22 04:58:03.615,1.43761,1.4377,1.88,1.50
2011.06.22 04:58:04.273,1.43762,1.4377,1.13,1.50
2011.06.22 04:58:04.822,1.43765,1.43771,1.50,2.55
2011.06.22 04:58:05.702,1.43765,1.4377,1.50,1.50
2011.06.22 04:58:06.253,1.43761,1.4377,1.50,1.88
2011.06.22 04:58:06.474,1.43763,1.43771,1.50,5.55
2011.06.22 04:58:06.585,1.43761,1.43771,2.25,2.93
2011.06.22 04:58:06.694,1.43765,1.43773,2.25,1.43
2011.06.22 04:58:07.024,1.43767,1.43776,3.00,1.88
2011.06.22 04:58:07.573,1.43768,1.43778,1.13,2.18
2011.06.22 04:58:08.344,1.43768,1.43778,1.13,2.18
2011.06.22 04:58:08.567,1.43765,1.43775,3.38,1.13
2011.06.22 04:58:10.392,1.43765,1.43775,2.63,1.13
2011.06.22 04:58:11.604,1.43767,1.43777,1.13,1.13
2011.06.22 04:58:11.713,1.43771,1.43779,1.50,4.80
2011.06.22 04:58:11.936,1.43771,1.43781,1.13,1.50
2011.06.22 04:58:13.107,1.43772,1.43782,1.80,1.13
2011.06.22 04:58:13.885,1.43777,1.43785,3.38,1.50
2011.06.22 04:58:14.005,1.43779,1.43785,1.05,1.50
2011.06.22 04:58:14.233,1.43779,1.43789,1.80,1.13
2011.06.22 04:58:17.415,1.43774,1.43785,2.63,1.88
2011.06.22 04:58:18.405,1.43772,1.43781,2.25,1.13
2011.06.22 04:58:20.512,1.43771,1.4378,1.58,1.13
2011.06.22 04:58:22.233,1.43774,1.43782,1.50,1.05
2011.06.22 04:58:23.002,1.43775,1.43784,1.50,1.43
2011.06.22 04:58:23.335,1.4378,1.43789,1.80,1.50
2011.06.22 04:58:23.553,1.4378,1.43789,1.80,1.50
2011.06.22 04:58:24.543,1.4378,1.4379,1.80,1.13
2011.06.22 04:58:24.876,1.43783,1.43791,2.25,1.05
2011.06.22 04:58:24.992,1.43783,1.43791,2.25,1.05
2011.06.22 04:58:28.752,1.43783,1.43791,1.72,1.13
2011.06.22 04:58:29.303,1.43781,1.4379,1.50,1.13
2011.06.22 04:58:30.949,1.43785,1.43793,1.13,3.00
2011.06.22 04:58:31.480,1.43782,1.4379,1.50,1.13
2011.06.22 04:58:31.704,1.43783,1.4379,1.50,1.13
2011.06.22 04:58:32.144,1.43783,1.43793,1.50,1.13
2011.06.22 04:58:32.366,1.43786,1.43794,1.50,1.43
2011.06.22 04:58:32.925,1.43787,1.43796,1.50,1.13
2011.06.22 04:58:33.475,1.43787,1.43796,1.50,1.13
2011.06.22 04:58:34.244,1.43788,1.438,1.13,1.13
2011.06.22 04:58:34.793,1.43788,1.43799,1.88,1.88
2011.06.22 04:58:36.113,1.43789,1.43799,1.13,1.13
2011.06.22 04:58:36.662,1.4379,1.43799,1.50,1.13
2011.06.22 04:58:37.244,1.43791,1.438,1.13,1.50
2011.06.22 04:58:37.573,1.43792,1.43801,1.50,1.88
2011.06.22 04:58:37.794,1.43791,1.43804,1.50,1.80
2011.06.22 04:58:38.013,1.43794,1.43804,1.88,1.13
2011.06.22 04:58:38.454,1.43796,1.43804,2.25,1.13
2011.06.22 04:58:38.674,1.43796,1.43806,1.50,2.25
2011.06.22 04:58:38.897,1.43797,1.43809,6.68,1.88
2011.06.22 04:58:39.015,1.43801,1.43809,1.50,1.13
2011.06.22 04:58:39.673,1.43799,1.43809,1.13,1.88
2011.06.22 04:58:42.274,1.43799,1.43807,1.50,1.13
2011.06.22 04:58:42.384,1.438,1.43809,1.50,1.13
2011.06.22 04:58:45.952,1.43799,1.43809,3.38,1.13
2011.06.22 04:58:46.283,1.43798,1.43805,1.50,1.13
2011.06.22 04:58:46.394,1.43795,1.43805,1.88,1.88
2011.06.22 04:58:46.942,1.43795,1.43805,1.88,1.13
2011.06.22 04:58:47.492,1.43795,1.43805,1.88,1.13
2011.06.22 04:58:48.233,1.43795,1.43805,1.13,1.35
2011.06.22 04:58:48.564,1.43791,1.438,1.50,1.88
2011.06.22 04:58:49.672,1.43791,1.438,1.50,1.88
2011.06.22 04:58:50.222,1.43792,1.438,1.13,1.50
2011.06.22 04:58:55.252,1.43793,1.438,3.75,1.50
2011.06.22 04:58:55.584,1.43795,1.43805,1.88,1.88
2011.06.22 04:58:55.692,1.43795,1.43805,1.88,1.13
2011.06.22 04:58:57.342,1.43795,1.43805,1.88,1.13
2011.06.22 04:58:57.453,1.43795,1.43805,1.13,1.13
2011.06.22 04:58:59.302,1.43795,1.43805,1.88,1.13
2011.06.22 04:58:59.414,1.43794,1.43805,1.88,1.88
2011.06.22 04:59:01.283,1.43795,1.43805,1.13,1.88
2011.06.22 04:59:01.833,1.43795,1.43805,1.88,1.13
2011.06.22 04:59:04.033,1.43796,1.43807,2.25,5.25
2011.06.22 04:59:04.366,1.43801,1.43809,1.50,2.18
2011.06.22 04:59:04.922,1.43801,1.43811,1.88,1.13
2011.06.22 04:59:06.039,1.43799,1.43808,3.75,2.25
2011.06.22 04:59:06.155,1.43796,1.43806,2.33,1.13
2011.06.22 04:59:06.704,1.43796,1.43806,1.88,1.13
2011.06.22 04:59:07.362,1.43796,1.43806,1.88,1.13
2011.06.22 04:59:07.913,1.43796,1.43806,1.13,1.13
2011.06.22 04:59:08.133,1.43794,1.43802,3.38,2.85
2011.06.22 04:59:08.244,1.43791,1.43801,1.13,1.88
2011.06.22 04:59:09.014,1.43789,1.43797,1.95,2.25
2011.06.22 04:59:09.564,1.43788,1.43798,1.88,1.13
2011.06.22 04:59:10.027,1.4379,1.43799,2.10,1.88
2011.06.22 04:59:10.150,1.43795,1.43807,1.50,1.35
2011.06.22 04:59:10.704,1.43795,1.43807,1.50,2.48
2011.06.22 04:59:11.251,1.43795,1.43807,1.50,1.35
2011.06.22 04:59:11.364,1.43795,1.43807,1.50,1.35
2011.06.22 04:59:12.794,1.43794,1.43806,1.50,1.50
2011.06.22 04:59:13.126,1.43792,1.43801,1.50,1.13
2011.06.22 04:59:13.683,1.4379,1.43799,2.25,1.13
2011.06.22 04:59:15.312,1.43795,1.43802,1.13,1.50
2011.06.22 04:59:15.536,1.4379,1.43799,4.13,1.50
2011.06.22 04:59:15.655,1.4379,1.438,1.13,1.13
2011.06.22 04:59:16.864,1.43791,1.438,1.50,1.13
2011.06.22 04:59:17.834,1.4379,1.438,1.13,2.48
2011.06.22 04:59:18.060,1.43786,1.43796,1.88,1.13
2011.06.22 04:59:21.844,1.43785,1.43796,1.88,2.63
2011.06.22 04:59:22.392,1.43785,1.43795,1.50,1.13
2011.06.22 04:59:22.904,1.43785,1.43794,1.50,1.88
2011.06.22 04:59:23.233,1.43785,1.43795,1.88,1.13
2011.06.22 04:59:24.006,1.43781,1.43792,2.10,1.13
2011.06.22 04:59:24.124,1.43781,1.43792,1.50,1.13
2011.06.22 04:59:26.493,1.43783,1.43792,1.50,1.13
2011.06.22 04:59:27.092,1.43784,1.43793,1.50,1.13
2011.06.22 04:59:28.543,1.43785,1.43795,1.13,2.63
2011.06.22 04:59:29.093,1.43785,1.43795,1.88,1.88
2011.06.22 04:59:29.643,1.43785,1.43793,1.50,1.13
2011.06.22 04:59:29.755,1.43782,1.43792,1.88,1.13
2011.06.22 04:59:30.643,1.43782,1.43792,1.13,1.88
2011.06.22 04:59:32.493,1.4378,1.4379,1.88,1.13
2011.06.22 04:59:32.935,1.43779,1.43789,1.88,2.63
2011.06.22 04:59:33.278,1.43782,1.43792,1.88,1.05
2011.06.22 04:59:33.832,1.43782,1.43795,1.88,1.50
2011.06.22 04:59:34.053,1.43784,1.43795,1.50,1.50
2011.06.22 04:59:34.603,1.43785,1.43795,1.88,1.13
2011.06.22 04:59:35.153,1.43788,1.43797,1.13,1.50
2011.06.22 04:59:35.701,1.43788,1.43798,1.88,1.13
2011.06.22 04:59:36.584,1.43788,1.43798,1.88,1.13
2011.06.22 04:59:38.482,1.43788,1.43798,1.88,1.13
2011.06.22 04:59:39.033,1.43788,1.43798,1.88,1.13
2011.06.22 04:59:58.033,1.4379,1.43799,1.50,1.88
