2020.09.24 11:00:00.065,1.16431,1.16433,9.35,0.75
2020.09.24 11:00:00.167,1.1643,1.16431,12.72,3.00
2020.09.24 11:00:00.270,1.1643,1.16433,12.72,1.50
2020.09.24 11:00:00.373,1.16431,1.16433,17.41,0.75
2020.09.24 11:00:00.779,1.16431,1.16434,0.75,0.75
2020.09.24 11:00:02.148,1.16431,1.16435,10.10,1.69
2020.09.24 11:00:03.053,1.16433,1.16434,0.75,0.94
2020.09.24 11:00:03.181,1.16432,1.16434,10.10,0.94
2020.09.24 11:00:05.259,1.16431,1.16436,12.91,9.21
2020.09.24 11:00:05.310,1.16436,1.16438,0.75,6.40
2020.09.24 11:00:05.361,1.16439,1.16441,0.75,9.75
2020.09.24 11:00:05.412,1.16441,1.16442,0.75,4.31
2020.09.24 11:00:05.464,1.16439,1.1644,1.12,3.75
2020.09.24 11:00:05.515,1.16437,1.16439,12.72,2.44
2020.09.24 11:00:05.566,1.16432,1.16435,3.75,0.94
2020.09.24 11:00:05.616,1.1643,1.16432,1.20,0.75
2020.09.24 11:00:05.667,1.16432,1.16434,0.75,2.06
2020.09.24 11:00:05.718,1.1643,1.16434,11.22,1.31
2020.09.24 11:00:05.769,1.16432,1.16435,0.75,1.69
2020.09.24 11:00:05.971,1.16431,1.16435,11.60,1.69
2020.09.24 11:00:07.173,1.16433,1.16434,0.10,1.69
2020.09.24 11:00:07.679,1.16432,1.16434,14.67,1.69
2020.09.24 11:00:08.730,1.16433,1.16434,9.35,1.69
2020.09.24 11:00:09.231,1.16432,1.16434,14.30,1.69
2020.09.24 11:00:09.390,1.16433,1.16436,1.12,0.94
2020.09.24 11:00:09.491,1.16434,1.16435,11.41,0.37
2020.09.24 11:00:09.593,1.16433,1.16434,9.35,0.94
2020.09.24 11:00:10.050,1.16431,1.16435,15.35,1.01
2020.09.24 11:00:10.224,1.16432,1.16435,9.35,0.94
2020.09.24 11:00:11.140,1.16431,1.16435,15.35,1.69
2020.09.24 11:00:11.365,1.16432,1.16435,9.35,1.69
2020.09.24 11:00:12.878,1.16431,1.16435,13.10,1.69
2020.09.24 11:00:13.067,1.16432,1.16435,9.35,1.69
2020.09.24 11:00:13.522,1.16431,1.16435,12.72,1.69
2020.09.24 11:00:14.050,1.16433,1.16434,9.35,1.69
2020.09.24 11:00:14.535,1.16432,1.16434,9.35,0.75
2020.09.24 11:00:14.637,1.16431,1.16434,12.72,0.75
2020.09.24 11:00:14.831,1.16433,1.16434,9.35,1.69
2020.09.24 11:00:15.528,1.16432,1.16435,9.35,1.69
2020.09.24 11:00:16.343,1.16431,1.16435,11.97,1.69
2020.09.24 11:00:16.652,1.16433,1.16435,0.75,1.69
2020.09.24 11:00:20.293,1.16433,1.16436,0.75,5.65
2020.09.24 11:00:20.394,1.16434,1.16437,0.75,7.34
2020.09.24 11:00:20.496,1.16433,1.16435,0.75,1.69
2020.09.24 11:00:20.699,1.16434,1.16436,0.75,0.19
2020.09.24 11:00:21.984,1.16435,1.16437,10.10,0.19
2020.09.24 11:00:22.288,1.16434,1.16437,15.35,0.19
2020.09.24 11:00:22.441,1.16435,1.16437,9.35,0.19
2020.09.24 11:00:22.543,1.16436,1.16438,0.75,1.01
2020.09.24 11:00:23.053,1.16436,1.1644,3.19,10.04
2020.09.24 11:00:23.156,1.16437,1.1644,2.06,3.26
2020.09.24 11:00:23.476,1.16438,1.16439,11.97,0.26
2020.09.24 11:00:24.072,1.16436,1.16438,11.60,0.10
2020.09.24 11:00:25.510,1.16433,1.16434,1.95,2.44
2020.09.24 11:00:25.612,1.16433,1.16436,0.75,7.41
2020.09.24 11:00:25.714,1.16433,1.16435,12.72,1.69
2020.09.24 11:00:25.836,1.16438,1.1644,0.75,0.75
2020.09.24 11:00:25.888,1.1644,1.16442,1.57,7.50
2020.09.24 11:00:25.940,1.16443,1.16445,0.75,0.37
2020.09.24 11:00:26.092,1.16444,1.16446,1.50,0.56
2020.09.24 11:00:26.143,1.16446,1.16448,0.75,0.19
2020.09.24 11:00:26.245,1.16447,1.16449,0.75,0.19
2020.09.24 11:00:26.346,1.16448,1.16449,10.10,0.26
2020.09.24 11:00:27.492,1.16448,1.1645,0.75,0.26
2020.09.24 11:00:27.543,1.1645,1.16451,10.10,0.19
2020.09.24 11:00:27.645,1.16451,1.16452,0.75,6.85
2020.09.24 11:00:28.097,1.1645,1.16452,0.75,5.65
2020.09.24 11:00:28.335,1.1645,1.16453,0.75,7.60
2020.09.24 11:00:28.753,1.1645,1.16451,0.75,0.19
2020.09.24 11:00:29.057,1.16447,1.1645,1.20,1.01
2020.09.24 11:00:29.159,1.16446,1.16449,10.10,1.69
2020.09.24 11:00:29.412,1.16445,1.16447,11.97,0.75
2020.09.24 11:00:29.715,1.16446,1.16447,11.22,0.75
2020.09.24 11:00:29.888,1.16446,1.16449,0.75,1.69
2020.09.24 11:00:29.990,1.16447,1.16449,10.10,1.69
2020.09.24 11:00:30.495,1.16446,1.16448,10.47,0.75
2020.09.24 11:00:30.647,1.16445,1.16447,0.75,0.75
2020.09.24 11:00:31.505,1.16446,1.16449,2.44,1.01
2020.09.24 11:00:32.789,1.16447,1.16449,0.75,1.69
2020.09.24 11:00:33.753,1.1645,1.16451,2.25,1.57
2020.09.24 11:00:34.869,1.16452,1.16454,1.87,6.59
2020.09.24 11:00:34.920,1.16453,1.16456,1.12,6.21
2020.09.24 11:00:35.022,1.16457,1.16459,0.75,10.12
2020.09.24 11:00:35.330,1.16456,1.16457,10.10,1.31
2020.09.24 11:00:35.482,1.16452,1.16455,0.45,1.50
2020.09.24 11:00:35.584,1.16452,1.16454,9.35,2.06
2020.09.24 11:00:35.686,1.16452,1.16453,0.75,1.87
2020.09.24 11:00:35.837,1.16452,1.16454,9.35,1.87
2020.09.24 11:00:36.666,1.16453,1.16454,10.47,0.75
2020.09.24 11:00:36.870,1.16452,1.16453,10.10,6.40
2020.09.24 11:00:38.452,1.16451,1.16453,0.75,1.31
2020.09.24 11:00:38.820,1.16451,1.16454,10.10,6.96
2020.09.24 11:00:40.256,1.16452,1.16454,10.10,1.31
2020.09.24 11:00:40.422,1.16451,1.16454,10.10,1.31
2020.09.24 11:00:42.452,1.16452,1.16454,9.35,0.94
2020.09.24 11:00:42.693,1.16451,1.16454,10.10,0.94
2020.09.24 11:00:43.056,1.16452,1.16454,10.10,2.14
2020.09.24 11:00:43.281,1.16452,1.16453,10.10,0.94
2020.09.24 11:00:43.382,1.16452,1.16454,0.75,0.94
2020.09.24 11:00:43.483,1.16451,1.16454,10.10,0.94
2020.09.24 11:00:46.437,1.16452,1.16454,0.75,0.19
2020.09.24 11:00:46.562,1.16452,1.16454,10.85,0.94
2020.09.24 11:00:47.625,1.16452,1.16455,4.12,0.19
2020.09.24 11:00:47.726,1.16453,1.16455,9.35,0.19
2020.09.24 11:00:47.898,1.16454,1.16458,1.69,6.78
2020.09.24 11:00:48.303,1.16455,1.16456,9.35,0.94
2020.09.24 11:00:48.354,1.16453,1.16455,10.10,0.19
2020.09.24 11:00:48.456,1.16453,1.16454,10.47,0.19
2020.09.24 11:00:48.557,1.16452,1.16457,10.47,11.91
2020.09.24 11:00:48.760,1.16453,1.16457,9.35,12.29
2020.09.24 11:00:49.064,1.16453,1.16454,9.35,3.26
2020.09.24 11:00:49.115,1.16452,1.16453,11.30,5.65
2020.09.24 11:00:49.606,1.16453,1.16454,0.75,1.01
2020.09.24 11:00:49.707,1.16451,1.16454,11.22,0.75
2020.09.24 11:00:49.808,1.16452,1.16455,9.35,5.73
2020.09.24 11:00:49.910,1.16452,1.16455,11.25,5.65
2020.09.24 11:00:49.961,1.1646,1.16462,0.75,1.50
2020.09.24 11:00:50.012,1.16461,1.16464,0.75,0.75
2020.09.24 11:00:50.114,1.16461,1.16465,0.75,0.37
2020.09.24 11:00:51.563,1.16462,1.16463,0.75,0.19
2020.09.24 11:00:51.664,1.16461,1.16465,10.10,7.34
2020.09.24 11:00:52.707,1.16461,1.16464,1.50,0.19
2020.09.24 11:00:55.633,1.1646,1.16465,11.04,8.84
2020.09.24 11:00:55.734,1.16461,1.16465,9.35,8.84
2020.09.24 11:00:55.836,1.16462,1.16465,0.75,8.84
2020.09.24 11:00:55.937,1.16461,1.16465,9.35,8.84
2020.09.24 11:00:56.126,1.16459,1.16462,3.37,1.69
2020.09.24 11:00:56.430,1.16458,1.16461,15.91,5.65
2020.09.24 11:00:57.870,1.1646,1.16461,0.19,5.84
2020.09.24 11:00:57.972,1.1646,1.16462,0.75,0.19
2020.09.24 11:00:59.181,1.16459,1.16461,13.47,2.81
2020.09.24 11:00:59.586,1.16457,1.16459,1.50,1.69
2020.09.24 11:00:59.637,1.16455,1.16458,1.95,0.94
2020.09.24 11:00:59.688,1.16454,1.16456,9.35,0.19
2020.09.24 11:00:59.739,1.16456,1.16457,0.75,5.73
2020.09.24 11:00:59.891,1.16455,1.16457,14.97,0.19
2020.09.24 11:01:00.044,1.16453,1.16458,12.91,7.41
2020.09.24 11:01:00.198,1.16454,1.16455,10.10,0.75
2020.09.24 11:01:00.300,1.16453,1.16455,0.37,0.19
2020.09.24 11:01:00.403,1.16451,1.16455,11.97,1.87
2020.09.24 11:01:01.032,1.16452,1.16455,0.75,0.94
2020.09.24 11:01:01.186,1.16453,1.16456,0.75,0.94
2020.09.24 11:01:01.289,1.16453,1.16457,10.10,0.94
2020.09.24 11:01:01.633,1.16454,1.16457,3.37,0.19
2020.09.24 11:01:01.786,1.16454,1.16458,12.72,0.19
2020.09.24 11:01:02.000,1.16454,1.16457,10.10,0.19
2020.09.24 11:01:02.523,1.16454,1.16459,10.10,9.29
2020.09.24 11:01:03.079,1.16454,1.16456,0.75,0.75
2020.09.24 11:01:03.181,1.16454,1.16459,0.75,9.29
2020.09.24 11:01:04.078,1.16454,1.16455,0.37,6.26
2020.09.24 11:01:04.331,1.16454,1.16455,1.12,6.59
2020.09.24 11:01:04.433,1.16454,1.16457,0.75,0.94
2020.09.24 11:01:06.144,1.16455,1.16458,1.87,0.75
2020.09.24 11:01:06.246,1.16456,1.16459,1.50,5.84
2020.09.24 11:01:07.544,1.16456,1.16458,10.10,0.19
2020.09.24 11:01:08.205,1.16457,1.1646,9.35,0.94
2020.09.24 11:01:08.306,1.16457,1.16459,13.10,0.94
2020.09.24 11:01:08.408,1.16457,1.1646,9.35,0.94
2020.09.24 11:01:09.173,1.16456,1.1646,11.97,0.19
2020.09.24 11:01:09.426,1.16456,1.16461,12.35,8.80
2020.09.24 11:01:09.477,1.16458,1.16459,9.35,0.75
2020.09.24 11:01:09.720,1.16456,1.16459,12.35,0.75
2020.09.24 11:01:09.771,1.16461,1.16463,0.19,0.37
2020.09.24 11:01:09.873,1.16463,1.16465,1.69,5.65
2020.09.24 11:01:09.925,1.16465,1.16466,1.12,0.75
2020.09.24 11:01:11.721,1.16464,1.16465,11.41,0.75
2020.09.24 11:01:11.823,1.16463,1.16467,11.41,1.57
2020.09.24 11:01:11.875,1.16463,1.16465,9.72,1.50
2020.09.24 11:01:11.977,1.16462,1.16464,11.41,0.75
2020.09.24 11:01:14.446,1.16462,1.16465,10.47,1.50
2020.09.24 11:01:15.610,1.16463,1.16465,0.75,1.50
2020.09.24 11:01:17.722,1.16462,1.16465,9.72,0.75
2020.09.24 11:01:17.874,1.16464,1.16465,0.75,7.34
2020.09.24 11:01:17.976,1.16462,1.16465,10.47,0.75
2020.09.24 11:01:18.079,1.16465,1.16467,10.29,0.75
2020.09.24 11:01:18.181,1.16464,1.16467,12.16,0.75
2020.09.24 11:01:18.284,1.16465,1.16468,0.19,0.75
2020.09.24 11:01:18.437,1.16464,1.16468,11.22,0.10
2020.09.24 11:01:18.539,1.16466,1.16469,0.94,7.15
2020.09.24 11:01:19.083,1.16466,1.1647,10.29,8.35
2020.09.24 11:01:19.184,1.16466,1.16468,10.10,1.57
2020.09.24 11:01:19.286,1.16464,1.16468,11.97,0.10
2020.09.24 11:01:19.968,1.16464,1.16469,11.97,8.43
2020.09.24 11:01:20.070,1.16465,1.16469,3.00,7.15
2020.09.24 11:01:20.234,1.16466,1.16469,9.35,1.50
2020.09.24 11:01:20.790,1.16465,1.16469,12.35,7.15
2020.09.24 11:01:21.661,1.16465,1.16468,12.35,0.75
2020.09.24 11:01:21.903,1.16466,1.16468,12.35,1.50
2020.09.24 11:01:22.716,1.16465,1.1647,13.85,6.85
2020.09.24 11:01:22.819,1.16467,1.16469,9.35,6.85
2020.09.24 11:01:23.273,1.16465,1.1647,13.10,6.85
2020.09.24 11:01:23.617,1.16466,1.1647,1.50,6.03
2020.09.24 11:01:23.719,1.16468,1.16469,11.97,0.19
2020.09.24 11:01:24.081,1.16468,1.16471,11.22,0.75
2020.09.24 11:01:24.183,1.16468,1.1647,9.35,0.75
2020.09.24 11:01:24.234,1.16465,1.16467,1.50,0.75
2020.09.24 11:01:24.436,1.16465,1.16468,1.87,0.82
2020.09.24 11:01:25.013,1.16465,1.16466,1.87,0.10
2020.09.24 11:01:25.619,1.16465,1.16468,0.37,7.98
2020.09.24 11:01:26.042,1.16463,1.16467,3.00,1.87
2020.09.24 11:01:26.295,1.16464,1.16467,9.35,7.90
2020.09.24 11:01:26.520,1.16463,1.16467,11.79,2.25
2020.09.24 11:01:27.839,1.16463,1.16466,2.44,0.75
2020.09.24 11:01:27.940,1.16463,1.16467,2.44,2.25
2020.09.24 11:01:29.148,1.16463,1.16465,14.86,0.75
2020.09.24 11:01:29.199,1.16463,1.16467,1.69,7.53
2020.09.24 11:01:30.995,1.16463,1.16466,11.04,0.75
2020.09.24 11:01:31.097,1.16463,1.16467,11.04,7.53
2020.09.24 11:01:31.198,1.16464,1.16465,11.04,0.75
2020.09.24 11:01:32.431,1.16463,1.16467,11.11,0.75
2020.09.24 11:01:34.174,1.16463,1.16464,9.72,0.75
2020.09.24 11:01:34.427,1.16462,1.16464,9.35,0.75
2020.09.24 11:01:34.528,1.16461,1.16464,13.66,0.75
2020.09.24 11:01:34.996,1.16462,1.16464,9.35,0.75
2020.09.24 11:01:35.205,1.16462,1.16464,10.66,0.75
2020.09.24 11:01:38.007,1.16462,1.16464,0.37,0.75
2020.09.24 11:01:39.268,1.1646,1.16464,13.66,0.75
2020.09.24 11:01:39.370,1.16462,1.16463,0.19,6.40
2020.09.24 11:01:39.471,1.1646,1.16464,11.04,6.40
2020.09.24 11:01:39.572,1.16461,1.16464,0.19,0.75
2020.09.24 11:01:40.256,1.16461,1.16463,0.19,0.75
2020.09.24 11:01:40.387,1.16461,1.16464,0.19,0.75
2020.09.24 11:01:43.006,1.16462,1.16464,0.19,7.15
2020.09.24 11:01:43.336,1.16461,1.16464,9.54,0.75
2020.09.24 11:01:43.489,1.16461,1.16465,9.54,7.15
2020.09.24 11:01:44.128,1.16461,1.16464,0.19,0.75
2020.09.24 11:01:54.485,1.16461,1.16465,9.54,8.73
2020.09.24 11:01:55.485,1.16462,1.16463,9.54,0.75
2020.09.24 11:01:55.688,1.16461,1.16465,9.54,7.98
2020.09.24 11:01:56.860,1.16461,1.16464,10.29,0.75
2020.09.24 11:01:57.202,1.16469,1.16471,0.75,2.51
2020.09.24 11:01:57.254,1.16467,1.16468,2.81,2.25
2020.09.24 11:01:57.305,1.16468,1.1647,5.44,6.40
2020.09.24 11:01:57.356,1.16471,1.16473,0.19,1.50
2020.09.24 11:01:57.458,1.1647,1.16474,1.69,1.95
2020.09.24 11:01:57.913,1.1647,1.16473,0.75,0.75
2020.09.24 11:01:58.020,1.1647,1.16474,0.75,7.60
2020.09.24 11:01:58.631,1.16471,1.16474,0.19,1.12
2020.09.24 11:01:58.733,1.16472,1.16474,0.19,0.75
2020.09.24 11:01:59.201,1.16472,1.16473,0.19,2.25
2020.09.24 11:01:59.642,1.16472,1.16474,4.01,7.15
2020.09.24 11:01:59.997,1.16472,1.16475,0.19,1.50
2020.09.24 11:02:00.582,1.16472,1.16473,11.11,0.75
2020.09.24 11:02:00.685,1.16471,1.16473,1.76,0.75
2020.09.24 11:02:02.740,1.16471,1.16474,0.19,1.50
2020.09.24 11:02:02.858,1.16471,1.16473,0.19,0.75
2020.09.24 11:02:04.238,1.16472,1.16473,0.19,0.75
2020.09.24 11:02:04.339,1.16471,1.16475,11.11,2.25
2020.09.24 11:02:04.491,1.16472,1.16473,11.11,0.75
2020.09.24 11:02:06.138,1.16473,1.16474,0.75,2.25
2020.09.24 11:02:06.239,1.16471,1.16474,9.61,0.75
2020.09.24 11:02:06.629,1.16471,1.16473,9.61,0.75
2020.09.24 11:02:06.731,1.16472,1.16475,0.19,7.90
2020.09.24 11:02:07.896,1.16472,1.16474,0.19,0.75
2020.09.24 11:02:08.934,1.16473,1.16474,0.19,2.25
2020.09.24 11:02:09.187,1.16474,1.16475,0.75,0.75
2020.09.24 11:02:09.238,1.16479,1.16481,0.82,9.00
2020.09.24 11:02:09.289,1.16482,1.16484,0.10,1.57
2020.09.24 11:02:09.391,1.16482,1.16483,1.69,1.12
2020.09.24 11:02:09.644,1.1648,1.16484,10.36,8.28
2020.09.24 11:02:09.746,1.16481,1.16484,0.19,8.28
2020.09.24 11:02:09.848,1.16476,1.16478,2.06,3.07
2020.09.24 11:02:09.950,1.16472,1.16475,1.01,0.75
2020.09.24 11:02:10.053,1.16472,1.16474,9.35,1.69
2020.09.24 11:02:10.156,1.16472,1.16473,9.35,1.20
2020.09.24 11:02:10.259,1.1647,1.16474,10.47,6.40
2020.09.24 11:02:10.360,1.16471,1.16474,9.35,0.75
2020.09.24 11:02:10.563,1.1647,1.16474,15.16,0.75
2020.09.24 11:02:11.035,1.16472,1.16475,5.81,6.40
2020.09.24 11:02:11.086,1.16475,1.16477,0.94,0.37
2020.09.24 11:02:11.187,1.16474,1.16478,11.79,5.73
2020.09.24 11:02:11.289,1.16475,1.16479,9.91,7.53
2020.09.24 11:02:11.391,1.16477,1.16478,9.54,7.53
2020.09.24 11:02:11.860,1.16475,1.16478,9.35,0.10
2020.09.24 11:02:11.961,1.16474,1.16478,11.79,0.10
2020.09.24 11:02:12.374,1.16475,1.16478,0.75,0.10
2020.09.24 11:02:12.476,1.16474,1.16479,11.79,8.43
2020.09.24 11:02:12.756,1.16474,1.16478,11.79,5.65
2020.09.24 11:02:13.177,1.16476,1.16478,0.19,5.65
2020.09.24 11:02:13.278,1.16476,1.16479,0.19,6.85
2020.09.24 11:02:13.481,1.16476,1.1648,9.54,9.10
2020.09.24 11:02:13.687,1.16476,1.16479,0.19,5.65
2020.09.24 11:02:14.103,1.16476,1.16478,9.35,0.75
2020.09.24 11:02:14.155,1.16475,1.16477,9.35,8.43
2020.09.24 11:02:14.256,1.16474,1.16477,11.04,7.68
2020.09.24 11:02:14.549,1.16475,1.16476,9.35,5.65
2020.09.24 11:02:14.650,1.16473,1.16477,11.04,5.65
2020.09.24 11:02:15.462,1.16475,1.16476,0.75,5.65
2020.09.24 11:02:15.580,1.16473,1.16477,11.04,5.65
2020.09.24 11:02:16.084,1.16473,1.16478,11.04,8.43
2020.09.24 11:02:16.884,1.16474,1.16475,9.35,2.25
2020.09.24 11:02:16.985,1.16473,1.16475,0.37,7.90
2020.09.24 11:02:17.339,1.16471,1.16475,10.29,5.65
2020.09.24 11:02:17.961,1.16471,1.16474,0.94,5.65
2020.09.24 11:02:18.078,1.16471,1.16475,10.29,6.85
2020.09.24 11:02:18.612,1.16471,1.16474,1.50,5.65
2020.09.24 11:02:18.814,1.16471,1.16475,0.75,7.04
2020.09.24 11:02:19.068,1.16471,1.16474,0.75,5.65
2020.09.24 11:02:19.290,1.16471,1.16475,0.75,7.79
2020.09.24 11:02:19.392,1.16471,1.16474,0.94,5.65
2020.09.24 11:02:19.875,1.16471,1.16473,14.04,8.35
2020.09.24 11:02:19.977,1.1647,1.16473,10.29,0.82
2020.09.24 11:02:22.339,1.1647,1.16472,9.35,4.69
2020.09.24 11:02:22.390,1.16468,1.16471,10.10,5.65
2020.09.24 11:02:22.492,1.1647,1.16471,10.29,2.25
2020.09.24 11:02:22.593,1.1647,1.16473,3.56,5.65
2020.09.24 11:02:22.695,1.1647,1.16474,12.91,6.40
2020.09.24 11:02:22.847,1.16471,1.16474,9.35,6.40
2020.09.24 11:02:22.948,1.1647,1.16474,12.91,0.75
2020.09.24 11:02:23.050,1.16474,1.16476,0.75,6.10
2020.09.24 11:02:23.152,1.16475,1.16478,0.75,6.29
2020.09.24 11:02:23.355,1.16474,1.16477,9.72,0.19
2020.09.24 11:02:23.456,1.16473,1.16477,17.79,5.65
2020.09.24 11:02:23.558,1.16475,1.16476,9.35,1.76
2020.09.24 11:02:23.660,1.16474,1.16476,14.22,1.76
2020.09.24 11:02:24.121,1.16474,1.16475,10.10,0.75
2020.09.24 11:02:24.581,1.16473,1.16477,10.10,6.66
2020.09.24 11:02:25.211,1.16472,1.16476,15.91,0.75
2020.09.24 11:02:25.262,1.16472,1.16474,9.72,4.01
2020.09.24 11:02:25.364,1.1647,1.16474,14.41,5.65
2020.09.24 11:02:25.516,1.16471,1.16475,9.35,8.99
2020.09.24 11:02:25.617,1.16471,1.16473,11.41,0.10
2020.09.24 11:02:25.718,1.16472,1.16474,9.35,6.59
2020.09.24 11:02:27.333,1.16473,1.16474,9.35,0.75
2020.09.24 11:02:27.435,1.16471,1.16475,10.29,0.75
2020.09.24 11:02:27.725,1.16473,1.16474,9.35,0.75
2020.09.24 11:02:27.978,1.16471,1.16475,10.29,6.40
2020.09.24 11:02:28.272,1.16472,1.16475,9.35,6.40
2020.09.24 11:02:28.374,1.16471,1.16475,10.29,6.40
2020.09.24 11:02:29.504,1.16471,1.16474,10.29,0.75
2020.09.24 11:02:30.100,1.16472,1.16474,10.29,7.15
2020.09.24 11:02:30.252,1.16478,1.16481,0.75,7.65
2020.09.24 11:02:30.354,1.16478,1.16482,10.85,0.75
2020.09.24 11:02:30.456,1.16478,1.1648,0.75,2.25
2020.09.24 11:02:30.507,1.16475,1.16478,0.19,2.25
2020.09.24 11:02:30.608,1.16474,1.16478,9.35,1.87
2020.09.24 11:02:30.710,1.16474,1.16477,9.35,0.75
2020.09.24 11:02:30.812,1.16473,1.16477,14.22,0.75
2020.09.24 11:02:31.180,1.16475,1.16476,9.35,0.75
2020.09.24 11:02:31.281,1.16474,1.16476,14.41,0.75
2020.09.24 11:02:31.725,1.16475,1.16476,9.35,6.40
2020.09.24 11:02:31.828,1.16474,1.16476,9.35,0.94
2020.09.24 11:02:31.879,1.16473,1.16475,9.72,6.59
2020.09.24 11:02:32.082,1.16473,1.16476,9.35,0.75
2020.09.24 11:02:32.699,1.16473,1.16477,9.35,7.53
2020.09.24 11:02:34.037,1.16474,1.16477,0.75,6.78
2020.09.24 11:02:34.190,1.16473,1.16477,9.35,6.78
2020.09.24 11:02:36.442,1.16475,1.16477,0.94,8.65
2020.09.24 11:02:36.544,1.16476,1.16478,1.69,6.48
2020.09.24 11:02:36.646,1.16477,1.16478,0.19,0.75
2020.09.24 11:02:37.256,1.16475,1.16479,1.50,6.48
2020.09.24 11:02:37.834,1.16475,1.16478,0.75,5.65
2020.09.24 11:02:37.935,1.16475,1.16479,1.69,6.78
2020.09.24 11:02:38.037,1.16476,1.16479,9.35,6.03
2020.09.24 11:02:38.771,1.16475,1.16479,11.04,6.03
2020.09.24 11:02:40.261,1.16476,1.16479,0.75,5.73
2020.09.24 11:02:40.387,1.16475,1.16479,1.12,5.73
2020.09.24 11:02:40.488,1.16476,1.16477,0.75,5.73
2020.09.24 11:02:40.590,1.16475,1.16477,0.75,5.65
2020.09.24 11:02:40.742,1.16476,1.16477,0.75,0.37
2020.09.24 11:02:41.146,1.16475,1.16479,0.75,7.68
2020.09.24 11:02:41.999,1.16475,1.16478,12.54,7.23
2020.09.24 11:02:42.114,1.16475,1.16479,9.35,7.23
2020.09.24 11:02:42.308,1.16474,1.16479,12.54,7.23
2020.09.24 11:02:43.337,1.16476,1.16479,0.75,7.60
2020.09.24 11:02:43.437,1.16474,1.16479,12.54,7.60
2020.09.24 11:02:44.392,1.16475,1.16479,9.35,1.95
2020.09.24 11:02:44.493,1.16475,1.16477,11.79,0.75
2020.09.24 11:02:44.544,1.16476,1.16479,0.75,6.48
2020.09.24 11:02:44.595,1.16479,1.16481,0.75,3.00
2020.09.24 11:02:44.697,1.1648,1.16482,1.87,5.65
2020.09.24 11:02:44.748,1.16482,1.16483,1.31,1.95
2020.09.24 11:02:44.901,1.16481,1.16485,11.41,10.98
2020.09.24 11:02:46.470,1.16483,1.16484,0.75,7.15
2020.09.24 11:02:46.587,1.16481,1.16485,11.41,7.15
2020.09.24 11:02:46.891,1.16482,1.16485,9.35,6.40
2020.09.24 11:02:46.992,1.16481,1.16485,15.16,6.40
2020.09.24 11:02:48.110,1.16484,1.16486,0.94,7.53
2020.09.24 11:02:48.211,1.16485,1.16488,1.69,5.65
2020.09.24 11:02:48.364,1.16487,1.16488,9.35,6.40
2020.09.24 11:02:48.465,1.16486,1.16487,10.10,0.37
2020.09.24 11:02:48.617,1.16485,1.16489,10.29,7.53
2020.09.24 11:02:48.769,1.16485,1.16488,10.29,5.65
2020.09.24 11:02:49.005,1.16486,1.16488,10.29,7.15
2020.09.24 11:02:49.282,1.16485,1.16488,9.35,0.37
2020.09.24 11:02:49.433,1.16484,1.16488,11.04,6.10
2020.09.24 11:02:49.535,1.16486,1.16487,10.29,5.65
2020.09.24 11:02:49.636,1.16485,1.16489,0.94,7.23
2020.09.24 11:02:49.839,1.16485,1.16488,9.35,0.45
2020.09.24 11:02:49.940,1.16484,1.16488,11.79,6.10
2020.09.24 11:02:50.092,1.16484,1.16487,0.75,5.65
2020.09.24 11:02:50.421,1.16484,1.16488,0.75,6.85
2020.09.24 11:02:50.731,1.16484,1.16487,4.12,5.65
2020.09.24 11:02:50.782,1.16488,1.1649,0.26,1.95
2020.09.24 11:02:50.834,1.16489,1.16492,5.06,1.12
2020.09.24 11:02:50.885,1.16491,1.16493,0.19,7.50
2020.09.24 11:02:50.986,1.16491,1.16494,0.19,7.53
2020.09.24 11:02:51.088,1.16491,1.16493,0.19,5.65
2020.09.24 11:02:51.190,1.1649,1.16491,11.04,6.59
2020.09.24 11:02:51.344,1.16489,1.16491,9.35,1.95
2020.09.24 11:02:51.396,1.16486,1.16488,9.35,0.10
2020.09.24 11:02:51.548,1.16485,1.16487,14.79,5.73
2020.09.24 11:02:51.853,1.16484,1.16487,1.69,5.65
2020.09.24 11:02:51.955,1.16484,1.16488,11.04,6.48
2020.09.24 11:02:52.662,1.16485,1.16488,0.75,5.73
2020.09.24 11:02:52.838,1.16484,1.16488,11.04,5.73
2020.09.24 11:02:53.072,1.16485,1.16486,9.35,5.65
2020.09.24 11:02:53.433,1.16483,1.16487,15.54,5.65
2020.09.24 11:02:54.391,1.16483,1.16488,15.54,7.23
2020.09.24 11:02:54.493,1.16484,1.16486,15.54,5.65
2020.09.24 11:02:54.695,1.16484,1.16487,16.29,7.60
2020.09.24 11:02:55.052,1.16483,1.16487,15.61,5.65
2020.09.24 11:02:55.293,1.16483,1.16488,15.61,8.28
2020.09.24 11:02:55.608,1.16483,1.16487,15.61,5.65
2020.09.24 11:02:55.710,1.16483,1.16488,15.61,7.90
2020.09.24 11:02:55.761,1.16485,1.16488,0.75,7.90
2020.09.24 11:02:55.836,1.16483,1.16488,15.61,7.90
2020.09.24 11:02:58.836,1.16484,1.16488,0.75,7.15
2020.09.24 11:02:58.987,1.16483,1.16488,19.36,7.15
2020.09.24 11:03:00.191,1.16483,1.16486,14.79,0.75
2020.09.24 11:03:00.292,1.16482,1.16486,10.47,1.50
2020.09.24 11:03:01.446,1.16482,1.16485,10.10,0.45
2020.09.24 11:03:01.699,1.16481,1.16485,12.91,6.10
2020.09.24 11:03:03.061,1.16481,1.16484,2.44,0.75
2020.09.24 11:03:03.252,1.16481,1.16485,2.44,6.10
2020.09.24 11:03:05.078,1.16481,1.16483,9.35,0.75
2020.09.24 11:03:05.180,1.1648,1.16483,12.54,5.65
2020.09.24 11:03:05.333,1.1648,1.16484,11.79,6.40
2020.09.24 11:03:05.755,1.16481,1.16484,9.35,6.40
2020.09.24 11:03:06.397,1.1648,1.16484,11.79,0.75
2020.09.24 11:03:06.630,1.16481,1.16484,9.35,0.75
2020.09.24 11:03:06.833,1.1648,1.16484,11.79,0.75
2020.09.24 11:03:07.498,1.16482,1.16483,9.35,6.40
2020.09.24 11:03:07.600,1.1648,1.16484,11.79,6.40
2020.09.24 11:03:08.084,1.16482,1.16483,9.35,5.65
2020.09.24 11:03:08.186,1.16481,1.16485,9.35,8.99
2020.09.24 11:03:08.391,1.16481,1.16484,9.35,5.65
2020.09.24 11:03:08.544,1.16482,1.16484,9.35,8.99
2020.09.24 11:03:08.651,1.16481,1.16484,9.35,5.65
2020.09.24 11:03:09.004,1.1648,1.16484,13.29,5.65
2020.09.24 11:03:09.157,1.16481,1.16485,9.35,8.54
2020.09.24 11:03:09.309,1.16481,1.16484,9.35,0.75
2020.09.24 11:03:09.445,1.16481,1.16485,9.35,8.54
2020.09.24 11:03:09.885,1.16481,1.16484,9.35,5.65
2020.09.24 11:03:11.529,1.16482,1.16484,0.75,5.65
2020.09.24 11:03:11.580,1.16484,1.16485,0.75,6.29
2020.09.24 11:03:11.682,1.16484,1.16486,3.64,5.65
2020.09.24 11:03:11.733,1.16486,1.16487,9.35,6.40
2020.09.24 11:03:12.118,1.16484,1.16488,12.24,0.75
2020.09.24 11:03:12.269,1.16485,1.16488,9.35,6.40
2020.09.24 11:03:13.077,1.16484,1.16488,12.16,5.65
2020.09.24 11:03:13.756,1.16484,1.16486,9.35,0.75
2020.09.24 11:03:13.858,1.16483,1.16486,9.35,6.59
2020.09.24 11:03:13.959,1.16482,1.16486,11.04,6.59
2020.09.24 11:03:14.117,1.16482,1.16485,11.04,5.65
2020.09.24 11:03:14.323,1.16482,1.16486,1.69,6.59
2020.09.24 11:03:15.437,1.16482,1.16485,11.04,0.75
2020.09.24 11:03:15.604,1.16483,1.16485,11.04,6.59
2020.09.24 11:03:18.551,1.16483,1.16484,11.04,0.75
2020.09.24 11:03:18.661,1.16482,1.16486,11.04,6.59
2020.09.24 11:03:19.541,1.16484,1.16486,0.75,5.65
2020.09.24 11:03:19.643,1.16484,1.16487,1.69,5.65
2020.09.24 11:03:19.745,1.16486,1.16487,9.54,5.65
2020.09.24 11:03:19.846,1.16486,1.16488,9.54,7.90
2020.09.24 11:03:20.796,1.16485,1.16488,0.19,5.65
2020.09.24 11:03:21.943,1.16486,1.16488,9.54,7.90
2020.09.24 11:03:22.045,1.16486,1.16489,0.19,5.65
2020.09.24 11:03:22.248,1.1649,1.16491,1.76,6.40
2020.09.24 11:03:22.351,1.16489,1.16493,11.04,6.10
2020.09.24 11:03:23.514,1.16489,1.16492,1.69,0.37
2020.09.24 11:03:24.710,1.1649,1.16494,5.44,6.48
2020.09.24 11:03:24.811,1.16492,1.16493,10.10,6.40
2020.09.24 11:03:24.913,1.16492,1.16496,9.35,10.23
2020.09.24 11:03:26.015,1.16495,1.16496,9.35,6.48
2020.09.24 11:03:26.167,1.16493,1.16497,11.11,5.65
2020.09.24 11:03:26.269,1.16493,1.16498,11.11,7.79
2020.09.24 11:03:26.426,1.16493,1.16496,9.35,1.39
2020.09.24 11:03:26.536,1.16493,1.16494,10.47,5.65
2020.09.24 11:03:26.638,1.16491,1.16495,11.86,6.40
2020.09.24 11:03:26.739,1.16492,1.16495,9.35,6.40
2020.09.24 11:03:26.841,1.16492,1.16494,11.86,6.40
2020.09.24 11:03:27.581,1.16492,1.16495,9.35,0.75
2020.09.24 11:03:27.683,1.16492,1.16494,12.61,6.78
2020.09.24 11:03:29.973,1.16499,1.16501,0.75,9.82
2020.09.24 11:03:30.076,1.165,1.16502,1.69,1.87
2020.09.24 11:03:30.178,1.16498,1.165,14.19,1.50
2020.09.24 11:03:30.229,1.16495,1.16497,0.75,1.50
2020.09.24 11:03:30.280,1.16496,1.16499,1.50,0.94
2020.09.24 11:03:30.382,1.16494,1.16497,11.11,0.75
2020.09.24 11:03:30.483,1.16495,1.16497,0.75,0.75
2020.09.24 11:03:31.221,1.16495,1.16498,0.94,6.59
2020.09.24 11:03:32.312,1.16496,1.16498,0.94,0.94
2020.09.24 11:03:32.414,1.16497,1.16498,10.29,2.06
2020.09.24 11:03:33.306,1.16497,1.16499,10.10,1.12
2020.09.24 11:03:37.129,1.16497,1.165,0.75,10.23
2020.09.24 11:03:37.250,1.16497,1.16499,0.75,0.75
2020.09.24 11:03:37.581,1.16497,1.165,0.75,10.23
2020.09.24 11:03:37.961,1.16498,1.165,0.82,6.40
2020.09.24 11:03:38.063,1.16501,1.16503,0.94,1.87
2020.09.24 11:03:38.115,1.16502,1.16504,10.29,7.30
2020.09.24 11:03:38.422,1.16501,1.16504,0.94,5.65
2020.09.24 11:03:38.524,1.16501,1.16505,0.94,7.60
2020.09.24 11:03:39.437,1.16502,1.16505,0.26,5.65
2020.09.24 11:03:39.589,1.16503,1.16505,0.19,5.65
2020.09.24 11:03:39.691,1.16503,1.16506,9.35,2.62
2020.09.24 11:03:39.792,1.16502,1.16506,1.01,7.53
2020.09.24 11:03:39.944,1.16503,1.16506,0.19,7.53
2020.09.24 11:03:40.474,1.16505,1.16507,1.76,1.87
2020.09.24 11:03:40.576,1.16506,1.16508,1.76,4.87
2020.09.24 11:03:40.728,1.16506,1.16509,10.10,1.12
2020.09.24 11:03:41.183,1.16508,1.16509,0.75,7.04
2020.09.24 11:03:41.285,1.16506,1.1651,10.10,10.04
2020.09.24 11:03:41.448,1.16506,1.1651,10.10,10.04
2020.09.24 11:03:42.353,1.16508,1.1651,1.57,6.40
2020.09.24 11:03:42.404,1.16512,1.16514,0.10,0.75
2020.09.24 11:03:42.456,1.16514,1.16516,0.10,1.12
2020.09.24 11:03:42.558,1.16515,1.16517,0.75,2.25
2020.09.24 11:03:42.659,1.16515,1.16516,0.75,6.78
2020.09.24 11:03:42.760,1.16513,1.16515,9.35,0.75
2020.09.24 11:03:42.811,1.16505,1.16508,7.87,0.75
2020.09.24 11:03:42.862,1.16507,1.16509,13.17,1.87
2020.09.24 11:03:42.913,1.16508,1.1651,0.94,2.62
2020.09.24 11:03:42.965,1.16504,1.16508,6.07,0.75
2020.09.24 11:03:43.066,1.16502,1.16504,3.00,0.75
2020.09.24 11:03:43.168,1.16501,1.16503,9.54,0.75
2020.09.24 11:03:43.269,1.16502,1.16504,0.94,0.75
2020.09.24 11:03:43.371,1.16501,1.16503,9.42,1.50
2020.09.24 11:03:43.473,1.16501,1.16502,1.50,1.50
2020.09.24 11:03:43.574,1.16501,1.16504,1.76,1.12
2020.09.24 11:03:45.557,1.16503,1.16504,0.94,1.12
2020.09.24 11:03:45.912,1.16502,1.16504,1.69,7.53
2020.09.24 11:03:48.143,1.16501,1.16504,11.04,0.75
2020.09.24 11:03:49.053,1.165,1.16503,11.04,1.50
2020.09.24 11:03:50.557,1.16501,1.16503,9.35,0.75
2020.09.24 11:03:50.660,1.165,1.16503,11.04,0.75
2020.09.24 11:03:52.579,1.16501,1.16504,0.75,1.87
2020.09.24 11:03:54.238,1.165,1.16504,11.79,8.35
2020.09.24 11:03:54.441,1.165,1.16501,9.35,2.32
2020.09.24 11:03:54.593,1.16499,1.16502,10.29,7.98
2020.09.24 11:03:54.795,1.16499,1.165,12.54,5.65
2020.09.24 11:03:54.906,1.16499,1.16502,0.94,2.32
2020.09.24 11:03:55.180,1.16498,1.16502,11.79,3.82
2020.09.24 11:03:55.484,1.16499,1.16502,0.94,8.73
2020.09.24 11:03:55.710,1.16499,1.165,12.54,5.65
2020.09.24 11:03:56.829,1.165,1.16502,1.69,0.82
2020.09.24 11:03:57.032,1.16499,1.16502,11.41,2.32
2020.09.24 11:03:57.140,1.165,1.16502,0.75,2.32
2020.09.24 11:03:57.609,1.165,1.16503,1.69,6.40
2020.09.24 11:03:57.710,1.16502,1.16503,0.75,7.53
2020.09.24 11:03:59.415,1.16503,1.16504,1.57,6.85
2020.09.24 11:03:59.517,1.16504,1.16506,14.11,5.65
2020.09.24 11:03:59.619,1.16504,1.16508,11.94,0.75
2020.09.24 11:03:59.720,1.16504,1.16509,12.69,8.09
2020.09.24 11:03:59.822,1.16506,1.16509,9.35,2.44
2020.09.24 11:04:00.041,1.16505,1.16508,9.35,0.19
2020.09.24 11:04:00.410,1.16506,1.16508,9.35,0.19
2020.09.24 11:04:00.739,1.16505,1.16508,10.10,0.19
2020.09.24 11:04:01.677,1.16508,1.16509,0.19,8.28
2020.09.24 11:04:01.729,1.16511,1.16513,0.94,3.07
2020.09.24 11:04:01.881,1.16512,1.16515,9.35,1.76
2020.09.24 11:04:02.454,1.16512,1.16513,10.29,1.87
2020.09.24 11:04:02.555,1.16511,1.16514,0.94,7.53
2020.09.24 11:04:04.741,1.16511,1.16512,10.29,2.44
2020.09.24 11:04:07.267,1.16512,1.16514,0.19,0.75
2020.09.24 11:04:07.485,1.16512,1.16515,9.35,8.28
2020.09.24 11:04:07.587,1.16511,1.16515,11.19,2.62
2020.09.24 11:04:07.688,1.16513,1.16514,9.35,2.62
2020.09.24 11:04:08.000,1.16511,1.16515,11.19,8.28
2020.09.24 11:04:09.237,1.16512,1.16515,0.75,8.28
2020.09.24 11:04:09.393,1.16512,1.16514,11.19,8.28
2020.09.24 11:04:09.494,1.16512,1.16515,9.35,2.62
2020.09.24 11:04:09.596,1.16514,1.16515,0.94,7.90
2020.09.24 11:04:09.698,1.16515,1.16516,0.75,1.12
2020.09.24 11:04:09.814,1.16513,1.16517,10.29,2.81
2020.09.24 11:04:09.916,1.16514,1.16515,0.19,0.75
2020.09.24 11:04:10.404,1.16514,1.16516,0.75,1.12
2020.09.24 11:04:11.093,1.16514,1.16515,0.94,1.87
2020.09.24 11:04:11.632,1.16515,1.16517,0.75,2.81
2020.09.24 11:04:11.683,1.16519,1.1652,2.51,1.12
2020.09.24 11:04:11.734,1.16521,1.16523,0.75,0.37
2020.09.24 11:04:11.836,1.16521,1.16524,0.94,2.62
2020.09.24 11:04:12.352,1.16522,1.16524,1.69,4.12
2020.09.24 11:04:12.454,1.16521,1.16524,0.94,1.87
2020.09.24 11:04:15.480,1.16522,1.16524,0.75,6.78
2020.09.24 11:04:15.581,1.16522,1.16523,0.75,6.78
2020.09.24 11:04:15.984,1.16522,1.16524,1.84,8.28
2020.09.24 11:04:16.085,1.16522,1.16523,11.19,1.12
2020.09.24 11:04:16.186,1.16523,1.16524,10.10,2.81
2020.09.24 11:04:16.287,1.16523,1.16524,0.75,2.81
2020.09.24 11:04:16.564,1.16521,1.16525,9.50,3.64
2020.09.24 11:04:16.665,1.16522,1.16523,9.42,6.78
2020.09.24 11:04:16.962,1.16521,1.16523,9.35,0.94
2020.09.24 11:04:17.063,1.1652,1.16523,0.94,6.40
2020.09.24 11:04:18.272,1.1652,1.16524,11.04,7.15
2020.09.24 11:04:18.378,1.16522,1.16523,9.35,7.90
2020.09.24 11:04:18.582,1.16522,1.16524,10.10,9.66
2020.09.24 11:04:18.684,1.1652,1.16524,11.04,2.25
2020.09.24 11:04:18.786,1.1652,1.16523,10.29,0.75
2020.09.24 11:04:19.193,1.16521,1.16523,9.35,0.75
2020.09.24 11:04:19.345,1.1652,1.16523,11.04,0.75
2020.09.24 11:04:19.625,1.16522,1.16524,0.75,9.03
2020.09.24 11:04:19.778,1.16523,1.16525,9.35,0.37
2020.09.24 11:04:19.879,1.16523,1.16524,11.00,0.37
2020.09.24 11:04:19.981,1.16522,1.16523,13.55,1.50
2020.09.24 11:04:20.082,1.16521,1.16524,9.35,2.62
2020.09.24 11:04:20.184,1.1652,1.16524,11.04,2.62
2020.09.24 11:04:20.804,1.16521,1.16524,9.35,2.62
2020.09.24 11:04:21.007,1.16521,1.16522,11.04,1.50
2020.09.24 11:04:21.108,1.16521,1.16522,11.04,1.50
2020.09.24 11:04:21.260,1.16521,1.16522,11.04,1.50
2020.09.24 11:04:21.361,1.1652,1.16523,11.04,1.69
2020.09.24 11:04:21.463,1.16521,1.16523,9.35,1.50
2020.09.24 11:04:21.789,1.16519,1.16522,9.35,1.57
2020.09.24 11:04:21.840,1.16516,1.16519,2.44,1.87
2020.09.24 11:04:21.941,1.16512,1.16515,6.82,0.75
2020.09.24 11:04:22.043,1.16511,1.16514,10.85,2.06
2020.09.24 11:04:22.196,1.16512,1.16514,2.25,9.78
2020.09.24 11:04:22.825,1.16513,1.16515,1.69,1.12
2020.09.24 11:04:22.927,1.16512,1.16515,11.04,2.06
2020.09.24 11:04:23.028,1.16512,1.16514,1.69,0.37
2020.09.24 11:04:23.484,1.16511,1.16514,10.10,0.37
2020.09.24 11:04:23.738,1.16513,1.16514,0.75,1.87
2020.09.24 11:04:24.042,1.16511,1.16514,11.79,0.37
2020.09.24 11:04:24.296,1.16513,1.16514,0.19,2.62
2020.09.24 11:04:24.989,1.16511,1.16514,11.04,0.37
2020.09.24 11:04:25.091,1.16512,1.16514,9.35,0.37
2020.09.24 11:04:25.243,1.16511,1.16514,0.75,2.62
2020.09.24 11:04:25.533,1.1651,1.16514,3.94,2.62
2020.09.24 11:04:25.635,1.1651,1.16513,0.94,1.87
2020.09.24 11:04:27.855,1.16509,1.16511,10.55,1.50
2020.09.24 11:04:27.957,1.1651,1.16513,0.19,6.03
2020.09.24 11:04:28.642,1.1651,1.16514,0.19,11.35
2020.09.24 11:04:29.581,1.16511,1.16512,0.19,5.65
2020.09.24 11:04:30.171,1.1651,1.16514,0.19,9.85
2020.09.24 11:04:30.222,1.16509,1.16512,10.85,0.37
2020.09.24 11:04:31.728,1.1651,1.16512,1.50,2.51
2020.09.24 11:04:32.576,1.16508,1.16512,10.85,2.25
2020.09.24 11:04:33.144,1.16508,1.16511,13.85,3.64
2020.09.24 11:04:34.053,1.16509,1.16511,0.75,9.29
2020.09.24 11:04:34.200,1.16507,1.16512,13.85,9.29
2020.09.24 11:04:34.882,1.16507,1.16509,9.35,0.75
2020.09.24 11:04:34.984,1.16506,1.16508,9.35,1.50
2020.09.24 11:04:35.036,1.16504,1.16507,9.35,0.75
2020.09.24 11:04:35.137,1.16504,1.16506,0.75,6.78
2020.09.24 11:04:35.239,1.16503,1.16506,9.35,0.75
2020.09.24 11:04:35.341,1.16503,1.16505,9.54,0.75
2020.09.24 11:04:35.494,1.16502,1.16505,9.54,0.75
2020.09.24 11:04:36.491,1.16502,1.16504,11.04,0.75
2020.09.24 11:04:36.655,1.16504,1.16506,2.25,6.40
2020.09.24 11:04:36.706,1.16507,1.16509,2.62,1.76
2020.09.24 11:04:36.758,1.16508,1.16511,1.50,10.84
2020.09.24 11:04:36.859,1.16509,1.16513,9.35,7.23
2020.09.24 11:04:36.961,1.1651,1.16514,10.29,0.37
2020.09.24 11:04:37.062,1.1651,1.16515,10.29,10.41
2020.09.24 11:04:37.215,1.1651,1.16514,11.04,0.10
2020.09.24 11:04:37.617,1.1651,1.16515,0.94,4.76
2020.09.24 11:04:39.411,1.16511,1.16513,10.10,0.19
2020.09.24 11:04:40.650,1.16511,1.16514,0.94,14.24
2020.09.24 11:04:41.227,1.1651,1.16513,0.94,0.82
2020.09.24 11:04:43.117,1.1651,1.16514,10.29,6.40
2020.09.24 11:04:43.373,1.16511,1.16514,0.75,1.50
2020.09.24 11:04:43.474,1.1651,1.16514,11.04,7.15
2020.09.24 11:04:43.575,1.16511,1.16514,9.35,0.75
2020.09.24 11:04:43.677,1.16515,1.16516,2.89,1.50
2020.09.24 11:04:43.778,1.16515,1.16519,11.67,6.59
2020.09.24 11:04:43.880,1.16516,1.16519,9.35,0.19
2020.09.24 11:04:43.981,1.16517,1.16519,0.75,0.19
2020.09.24 11:04:44.083,1.16517,1.1652,10.10,0.19
2020.09.24 11:04:46.261,1.16521,1.16522,3.19,10.53
2020.09.24 11:04:46.363,1.16527,1.1653,0.75,1.01
2020.09.24 11:04:46.516,1.16527,1.16529,0.82,0.75
2020.09.24 11:04:46.567,1.16531,1.16532,0.19,7.60
2020.09.24 11:04:46.668,1.16531,1.16533,0.94,9.10
2020.09.24 11:04:46.820,1.16531,1.16534,0.75,0.82
2020.09.24 11:04:46.921,1.1653,1.16534,11.04,0.10
2020.09.24 11:04:47.073,1.16532,1.16533,0.75,5.73
2020.09.24 11:04:47.175,1.16531,1.16535,10.10,7.34
2020.09.24 11:04:47.276,1.16531,1.16534,0.75,5.65
2020.09.24 11:04:47.407,1.1653,1.16534,16.29,7.23
2020.09.24 11:04:47.509,1.16531,1.16535,0.75,7.71
2020.09.24 11:04:47.803,1.16533,1.16536,1.50,9.78
2020.09.24 11:04:47.905,1.16535,1.16536,0.75,5.65
2020.09.24 11:04:48.007,1.16534,1.16537,0.75,5.65
2020.09.24 11:04:49.739,1.16532,1.16536,0.75,0.45
2020.09.24 11:04:49.790,1.16531,1.16533,9.42,0.75
2020.09.24 11:04:49.892,1.1653,1.16532,1.69,5.65
2020.09.24 11:04:49.944,1.1653,1.16534,11.04,0.82
2020.09.24 11:04:50.046,1.16532,1.16535,0.75,5.65
2020.09.24 11:04:50.149,1.16535,1.16537,0.75,10.23
2020.09.24 11:04:50.251,1.16534,1.16536,3.19,5.65
2020.09.24 11:04:50.353,1.16534,1.16536,3.19,5.65
2020.09.24 11:04:50.474,1.16533,1.16538,3.19,7.23
2020.09.24 11:04:50.576,1.16531,1.16535,2.89,5.65
2020.09.24 11:04:50.983,1.16532,1.16535,0.75,5.65
2020.09.24 11:04:51.085,1.16532,1.16536,0.75,7.23
2020.09.24 11:04:52.071,1.16531,1.16536,2.44,1.57
2020.09.24 11:04:52.173,1.16531,1.16535,10.10,0.19
2020.09.24 11:04:52.276,1.1653,1.16533,9.35,6.48
2020.09.24 11:04:52.377,1.16529,1.16533,14.41,0.82
2020.09.24 11:04:52.641,1.1653,1.16533,0.75,6.48
2020.09.24 11:04:52.742,1.16529,1.16533,5.06,0.82
2020.09.24 11:04:53.402,1.16531,1.16532,0.75,0.82
2020.09.24 11:04:55.438,1.1653,1.16535,11.11,8.91
2020.09.24 11:04:55.712,1.16531,1.16535,0.75,7.41
2020.09.24 11:04:55.862,1.1653,1.16535,11.86,7.41
2020.09.24 11:04:56.802,1.16531,1.16535,9.35,7.41
2020.09.24 11:04:58.465,1.16532,1.16536,2.25,5.65
2020.09.24 11:04:58.516,1.16534,1.16538,0.26,8.35
2020.09.24 11:04:58.618,1.16535,1.16538,0.19,0.75
2020.09.24 11:04:58.719,1.16533,1.16538,10.85,7.41
2020.09.24 11:04:58.821,1.16534,1.16537,0.75,0.37
2020.09.24 11:05:01.383,1.16532,1.16535,9.35,0.82
2020.09.24 11:05:01.484,1.16532,1.16534,0.19,6.48
2020.09.24 11:05:01.585,1.16531,1.16534,0.19,5.65
2020.09.24 11:05:02.052,1.1653,1.16534,16.44,5.65
2020.09.24 11:05:02.154,1.1653,1.16535,16.44,6.40
2020.09.24 11:05:02.424,1.16531,1.16535,0.94,0.75
2020.09.24 11:05:03.061,1.16531,1.16533,0.94,0.75
2020.09.24 11:05:03.163,1.16532,1.16534,0.94,0.75
2020.09.24 11:05:03.694,1.16532,1.16535,0.82,5.65
2020.09.24 11:05:05.361,1.16531,1.16535,11.41,5.73
2020.09.24 11:05:06.172,1.16531,1.16533,18.31,0.75
2020.09.24 11:05:06.223,1.16531,1.16535,11.41,5.73
2020.09.24 11:05:07.222,1.16533,1.16535,1.39,5.65
2020.09.24 11:05:07.273,1.16536,1.16537,0.82,10.15
2020.09.24 11:05:07.324,1.1654,1.16541,0.75,1.69
2020.09.24 11:05:07.426,1.16543,1.16545,0.75,1.95
2020.09.24 11:05:07.528,1.16543,1.16544,9.35,0.82
2020.09.24 11:05:07.629,1.16542,1.16544,11.04,0.82
2020.09.24 11:05:08.744,1.16541,1.16544,1.69,0.75
2020.09.24 11:05:08.854,1.16541,1.16545,1.69,6.48
2020.09.24 11:05:08.973,1.16541,1.16544,1.69,0.10
2020.09.24 11:05:09.125,1.16541,1.16545,1.69,11.35
2020.09.24 11:05:09.278,1.16541,1.16543,1.69,0.75
2020.09.24 11:05:09.329,1.16541,1.16545,1.69,11.35
2020.09.24 11:05:10.438,1.16541,1.16544,0.94,5.65
2020.09.24 11:05:10.540,1.1654,1.16544,11.60,6.29
2020.09.24 11:05:11.092,1.1654,1.16543,2.25,0.19
2020.09.24 11:05:12.199,1.16541,1.16543,1.69,6.85
2020.09.24 11:05:12.306,1.16541,1.16542,0.19,6.48
2020.09.24 11:05:12.407,1.1654,1.16542,0.19,0.75
2020.09.24 11:05:12.509,1.1654,1.16543,2.44,5.65
2020.09.24 11:05:12.610,1.16541,1.16543,11.86,6.48
2020.09.24 11:05:12.906,1.16541,1.16544,9.35,6.48
2020.09.24 11:05:13.008,1.1654,1.16544,11.04,6.48
2020.09.24 11:05:13.965,1.16541,1.16543,2.44,5.65
2020.09.24 11:05:14.066,1.16542,1.16546,9.35,9.78
2020.09.24 11:05:14.167,1.16542,1.16544,11.67,5.65
2020.09.24 11:05:14.269,1.16542,1.16545,9.35,5.65
2020.09.24 11:05:14.373,1.16541,1.16545,11.60,5.65
2020.09.24 11:05:14.887,1.16541,1.16546,2.25,13.23
2020.09.24 11:05:14.938,1.1654,1.16543,9.42,1.50
2020.09.24 11:05:15.040,1.1654,1.16542,14.86,6.48
2020.09.24 11:05:15.141,1.1654,1.16544,12.05,6.96
2020.09.24 11:05:15.243,1.16541,1.16544,9.35,5.65
2020.09.24 11:05:15.345,1.16541,1.16543,12.24,5.65
2020.09.24 11:05:16.886,1.16541,1.16544,9.35,5.73
2020.09.24 11:05:17.477,1.16541,1.16543,11.22,5.91
2020.09.24 11:05:17.580,1.1654,1.16542,11.22,1.76
2020.09.24 11:05:17.682,1.16539,1.16542,9.35,0.75
2020.09.24 11:05:17.783,1.16539,1.16541,10.85,6.40
2020.09.24 11:05:18.234,1.16539,1.16542,0.75,5.65
2020.09.24 11:05:18.335,1.16539,1.16543,0.75,8.16
2020.09.24 11:05:18.563,1.16539,1.16541,0.75,0.75
2020.09.24 11:05:18.664,1.1654,1.16541,0.75,5.65
2020.09.24 11:05:21.660,1.16539,1.16541,0.75,0.75
2020.09.24 11:05:21.899,1.1654,1.16541,0.75,5.65
2020.09.24 11:05:22.111,1.1654,1.16542,0.75,8.35
2020.09.24 11:05:22.360,1.1654,1.16541,0.75,5.65
2020.09.24 11:05:22.569,1.1654,1.16541,10.85,5.65
2020.09.24 11:05:22.925,1.1654,1.16543,1.12,2.32
2020.09.24 11:05:22.976,1.16537,1.16539,0.75,0.10
2020.09.24 11:05:23.027,1.16535,1.16537,9.35,0.82
2020.09.24 11:05:23.077,1.16534,1.16535,0.37,3.07
2020.09.24 11:05:23.128,1.16529,1.16532,0.94,0.75
2020.09.24 11:05:23.179,1.16531,1.16533,9.35,0.75
2020.09.24 11:05:23.281,1.16531,1.16534,1.87,0.75
2020.09.24 11:05:23.383,1.16532,1.16534,11.22,7.53
2020.09.24 11:05:24.785,1.16531,1.16534,11.22,0.75
2020.09.24 11:05:24.887,1.16531,1.16535,1.87,7.15
2020.09.24 11:05:26.595,1.16531,1.16533,1.87,0.75
2020.09.24 11:05:26.697,1.16537,1.16539,1.50,1.31
2020.09.24 11:05:26.799,1.16538,1.1654,10.47,3.00
2020.09.24 11:05:26.900,1.16538,1.16542,10.55,6.40
2020.09.24 11:05:27.001,1.16539,1.16543,10.74,4.50
2020.09.24 11:05:27.103,1.16541,1.16544,1.87,0.75
2020.09.24 11:05:27.423,1.16543,1.16544,9.35,8.54
2020.09.24 11:05:27.575,1.16541,1.16544,1.87,6.48
2020.09.24 11:05:27.890,1.16541,1.16543,12.16,7.23
2020.09.24 11:05:27.992,1.16541,1.16544,11.22,6.48
2020.09.24 11:05:29.089,1.16541,1.16545,1.87,6.66
2020.09.24 11:05:29.661,1.16541,1.16543,0.75,3.00
2020.09.24 11:05:29.763,1.1654,1.16543,10.85,5.73
2020.09.24 11:05:29.864,1.1654,1.16544,11.41,0.82
2020.09.24 11:05:30.916,1.16541,1.16542,11.41,0.75
2020.09.24 11:05:31.047,1.1654,1.16544,11.41,0.82
2020.09.24 11:05:31.345,1.16542,1.16544,0.75,6.48
2020.09.24 11:05:34.390,1.16541,1.16543,1.12,5.65
2020.09.24 11:05:34.937,1.16542,1.16544,0.75,6.48
2020.09.24 11:05:36.484,1.16541,1.16543,1.12,0.75
2020.09.24 11:05:36.537,1.16535,1.16537,14.89,0.75
2020.09.24 11:05:36.588,1.16537,1.1654,10.85,4.87
2020.09.24 11:05:36.690,1.16538,1.1654,1.87,10.23
2020.09.24 11:05:37.253,1.16539,1.1654,1.87,7.23
2020.09.24 11:05:39.113,1.16538,1.16539,2.06,1.50
2020.09.24 11:05:39.164,1.16535,1.16537,9.42,0.75
2020.09.24 11:05:39.266,1.16535,1.16536,1.87,6.48
2020.09.24 11:05:40.131,1.16534,1.16535,1.87,6.48
2020.09.24 11:05:40.233,1.16533,1.16534,1.12,0.75
2020.09.24 11:05:40.335,1.16532,1.16534,1.12,6.40
2020.09.24 11:05:40.436,1.16532,1.16535,1.12,6.48
2020.09.24 11:05:40.999,1.16532,1.16534,1.87,6.48
2020.09.24 11:05:41.101,1.16531,1.16534,10.10,0.10
2020.09.24 11:05:41.202,1.16531,1.16533,0.75,5.65
2020.09.24 11:05:41.304,1.16531,1.16534,0.75,5.73
2020.09.24 11:05:41.696,1.16531,1.16535,0.75,7.23
2020.09.24 11:05:41.797,1.16531,1.16534,0.75,5.65
2020.09.24 11:05:42.137,1.16532,1.16534,0.75,7.98
2020.09.24 11:05:42.249,1.16532,1.16533,0.75,5.65
2020.09.24 11:05:42.881,1.16529,1.16531,1.31,0.75
2020.09.24 11:05:42.984,1.16526,1.16528,0.75,0.75
2020.09.24 11:05:43.086,1.16525,1.16528,7.50,6.40
2020.09.24 11:05:43.188,1.16524,1.16528,0.94,6.40
2020.09.24 11:05:43.341,1.16525,1.16526,0.19,1.50
2020.09.24 11:05:43.597,1.16523,1.16527,12.54,0.75
2020.09.24 11:05:46.024,1.16523,1.16525,0.37,6.40
2020.09.24 11:05:46.126,1.16521,1.16523,9.35,0.75
2020.09.24 11:05:46.228,1.1652,1.16523,0.82,5.65
2020.09.24 11:05:46.279,1.1652,1.16525,10.92,10.15
2020.09.24 11:05:46.381,1.1652,1.16524,1.57,5.65
2020.09.24 11:05:46.482,1.1652,1.16523,1.50,0.75
2020.09.24 11:05:46.589,1.1652,1.16524,1.50,5.65
2020.09.24 11:05:46.792,1.16521,1.16524,10.85,7.23
2020.09.24 11:05:47.551,1.1652,1.16524,1.69,5.65
2020.09.24 11:05:47.754,1.1652,1.16525,1.69,7.49
2020.09.24 11:05:47.879,1.1652,1.16524,1.69,5.65
2020.09.24 11:05:48.759,1.1652,1.16525,10.17,7.90
2020.09.24 11:05:48.860,1.1652,1.16524,10.17,5.65
2020.09.24 11:05:48.911,1.16522,1.16524,1.69,5.65
2020.09.24 11:05:48.962,1.16527,1.16529,0.75,9.37
2020.09.24 11:05:49.064,1.16527,1.16528,1.31,8.25
2020.09.24 11:05:49.166,1.16525,1.16529,1.50,0.75
2020.09.24 11:05:49.732,1.16524,1.16526,0.10,7.15
2020.09.24 11:05:49.783,1.16523,1.16525,9.35,6.40
2020.09.24 11:05:49.892,1.16521,1.16525,12.69,5.65
2020.09.24 11:05:49.993,1.16521,1.16526,12.69,6.40
2020.09.24 11:05:50.251,1.16521,1.16525,4.84,5.65
2020.09.24 11:05:50.353,1.16523,1.16525,9.35,0.75
2020.09.24 11:05:50.466,1.16521,1.16526,13.36,6.40
2020.09.24 11:05:50.791,1.16522,1.16526,9.35,0.75
2020.09.24 11:05:51.492,1.16528,1.1653,1.50,0.37
2020.09.24 11:05:51.594,1.16527,1.1653,9.42,5.65
2020.09.24 11:05:51.746,1.16528,1.1653,0.75,5.65
2020.09.24 11:05:51.848,1.16529,1.16531,12.61,5.65
2020.09.24 11:05:51.949,1.1653,1.16531,0.19,5.65
2020.09.24 11:05:52.107,1.16528,1.16532,1.50,5.84
2020.09.24 11:05:52.209,1.16526,1.16529,10.10,5.65
2020.09.24 11:05:52.311,1.16526,1.1653,0.75,6.40
2020.09.24 11:05:52.564,1.16526,1.16528,11.60,5.65
2020.09.24 11:05:52.766,1.16526,1.16529,0.75,5.65
2020.09.24 11:05:53.015,1.16526,1.1653,0.75,5.65
2020.09.24 11:05:53.222,1.16527,1.16528,0.75,5.65
2020.09.24 11:05:53.554,1.16526,1.1653,0.75,5.65
2020.09.24 11:05:53.787,1.16526,1.16529,0.75,5.65
2020.09.24 11:05:54.314,1.16526,1.16528,0.75,5.65
2020.09.24 11:05:54.450,1.16527,1.16528,0.75,5.65
2020.09.24 11:05:54.840,1.16525,1.16529,2.25,5.65
2020.09.24 11:05:54.942,1.16525,1.16528,11.60,5.65
2020.09.24 11:05:55.044,1.16525,1.16529,10.85,6.40
2020.09.24 11:05:55.145,1.16526,1.16527,1.50,5.65
2020.09.24 11:05:55.875,1.16525,1.16529,0.75,6.40
2020.09.24 11:05:56.735,1.16524,1.16526,9.35,0.15
2020.09.24 11:05:56.786,1.1652,1.16522,7.50,0.75
2020.09.24 11:05:56.938,1.16519,1.16522,0.75,0.75
2020.09.24 11:05:57.090,1.16518,1.16522,0.10,6.40
2020.09.24 11:05:57.192,1.16518,1.16519,9.35,0.75
2020.09.24 11:05:57.293,1.16517,1.16519,11.30,0.75
2020.09.24 11:05:57.395,1.16515,1.16519,10.55,0.75
2020.09.24 11:05:58.124,1.16514,1.16517,9.80,0.75
2020.09.24 11:05:58.226,1.16512,1.16516,9.35,6.40
2020.09.24 11:05:58.327,1.16511,1.16516,12.50,6.40
2020.09.24 11:05:58.583,1.16512,1.16516,9.35,0.75
2020.09.24 11:06:01.320,1.16511,1.16516,12.35,0.75
2020.09.24 11:06:03.069,1.16514,1.16516,0.75,6.40
2020.09.24 11:06:03.171,1.16511,1.16516,10.92,6.40
2020.09.24 11:06:04.442,1.16512,1.16514,10.10,5.65
2020.09.24 11:06:05.223,1.16511,1.16513,9.35,0.82
2020.09.24 11:06:05.274,1.16507,1.16508,7.50,0.82
2020.09.24 11:06:05.376,1.16504,1.16507,9.35,3.07
2020.09.24 11:06:05.477,1.16501,1.16504,9.54,0.75
2020.09.24 11:06:05.882,1.16501,1.16503,0.19,5.65
2020.09.24 11:06:06.084,1.165,1.16504,9.35,6.40
2020.09.24 11:06:06.186,1.16501,1.16503,0.75,0.75
2020.09.24 11:06:06.287,1.16499,1.16503,10.29,0.75
2020.09.24 11:06:06.389,1.16497,1.16499,1.50,0.75
2020.09.24 11:06:06.491,1.16496,1.16499,9.35,0.75
2020.09.24 11:06:06.592,1.16495,1.165,1.69,0.75
2020.09.24 11:06:06.694,1.16496,1.16498,11.04,0.75
2020.09.24 11:06:06.796,1.16495,1.16497,10.10,0.75
2020.09.24 11:06:07.099,1.16493,1.16494,10.10,0.19
2020.09.24 11:06:07.150,1.1649,1.16492,1.01,0.75
2020.09.24 11:06:07.252,1.16486,1.16488,7.50,1.12
2020.09.24 11:06:07.303,1.16482,1.16484,1.69,0.75
2020.09.24 11:06:07.406,1.16479,1.16481,0.94,1.20
2020.09.24 11:06:07.458,1.16476,1.16478,9.35,0.75
2020.09.24 11:06:07.561,1.16474,1.16476,10.47,7.98
2020.09.24 11:06:07.613,1.16472,1.16473,0.75,7.60
2020.09.24 11:06:07.715,1.1647,1.16472,9.35,0.75
2020.09.24 11:06:07.818,1.16466,1.16467,8.32,0.75
2020.09.24 11:06:07.921,1.16461,1.16463,0.37,0.75
2020.09.24 11:06:07.972,1.16459,1.16464,1.50,2.70
2020.09.24 11:06:08.074,1.16461,1.16462,0.94,0.75
2020.09.24 11:06:08.125,1.16463,1.16466,1.50,6.10
2020.09.24 11:06:08.227,1.16464,1.16468,2.32,6.03
2020.09.24 11:06:08.279,1.16466,1.16468,0.37,5.65
2020.09.24 11:06:08.331,1.16468,1.16469,0.75,0.37
2020.09.24 11:06:08.382,1.16469,1.16471,0.75,0.10
2020.09.24 11:06:08.484,1.16469,1.16473,2.25,1.12
2020.09.24 11:06:08.535,1.16469,1.16471,2.25,0.19
2020.09.24 11:06:08.587,1.1647,1.16472,1.50,0.94
2020.09.24 11:06:08.893,1.16471,1.16472,0.75,0.75
2020.09.24 11:06:08.996,1.16474,1.16475,4.20,6.78
2020.09.24 11:06:09.098,1.16472,1.16476,10.17,0.75
2020.09.24 11:06:09.200,1.16472,1.16475,0.10,0.75
2020.09.24 11:06:09.354,1.16472,1.16473,0.75,3.00
2020.09.24 11:06:09.506,1.16472,1.16474,0.75,0.75
2020.09.24 11:06:09.608,1.16472,1.16476,0.82,0.82
2020.09.24 11:06:09.915,1.16475,1.16478,0.10,0.75
2020.09.24 11:06:09.965,1.16473,1.16478,3.37,0.75
2020.09.24 11:06:10.017,1.16474,1.16476,4.50,0.75
2020.09.24 11:06:10.119,1.16472,1.16475,0.75,1.57
2020.09.24 11:06:10.220,1.16469,1.16474,10.47,0.75
2020.09.24 11:06:10.322,1.16468,1.16473,1.50,0.75
2020.09.24 11:06:11.246,1.16468,1.16474,13.47,7.15
2020.09.24 11:06:11.298,1.1647,1.16474,0.75,6.40
2020.09.24 11:06:11.400,1.1647,1.16475,2.25,6.40
2020.09.24 11:06:12.375,1.16473,1.16475,0.75,0.75
2020.09.24 11:06:12.426,1.1647,1.16475,13.74,0.75
2020.09.24 11:06:12.629,1.16471,1.16475,3.64,1.12
2020.09.24 11:06:13.116,1.16471,1.16475,0.75,0.75
2020.09.24 11:06:13.217,1.16471,1.16473,1.50,0.75
2020.09.24 11:06:13.319,1.1647,1.16472,1.50,0.75
2020.09.24 11:06:14.576,1.1647,1.16473,10.85,8.80
2020.09.24 11:06:14.678,1.16468,1.16472,11.22,0.75
2020.09.24 11:06:14.729,1.16467,1.1647,11.67,6.40
2020.09.24 11:06:14.881,1.16465,1.16471,11.22,2.70
2020.09.24 11:06:14.982,1.16465,1.1647,1.87,6.40
2020.09.24 11:06:15.460,1.16468,1.1647,0.75,6.40
2020.09.24 11:06:15.561,1.16466,1.16469,1.50,6.40
2020.09.24 11:06:18.514,1.16468,1.1647,0.75,1.50
2020.09.24 11:06:18.617,1.16466,1.16469,1.50,1.50
2020.09.24 11:06:18.980,1.16465,1.16469,1.50,0.37
2020.09.24 11:06:19.083,1.16465,1.16468,10.10,5.65
2020.09.24 11:06:19.134,1.16463,1.16466,1.50,0.75
2020.09.24 11:06:19.236,1.16463,1.16464,0.75,6.40
2020.09.24 11:06:19.287,1.1646,1.16465,0.56,6.40
2020.09.24 11:06:19.389,1.16461,1.16462,0.19,1.50
2020.09.24 11:06:19.491,1.16458,1.16463,12.16,6.40
2020.09.24 11:06:19.593,1.16459,1.16463,5.44,8.35
2020.09.24 11:06:19.695,1.16459,1.16464,10.10,2.62
2020.09.24 11:06:20.275,1.16461,1.16463,0.75,6.03
2020.09.24 11:06:20.377,1.16461,1.16464,0.75,7.79
2020.09.24 11:06:20.732,1.16459,1.16464,0.75,0.75
2020.09.24 11:06:20.834,1.16458,1.16464,3.56,6.48
2020.09.24 11:06:20.950,1.16459,1.16461,1.87,0.75
2020.09.24 11:06:21.053,1.16459,1.1646,0.75,0.75
2020.09.24 11:06:21.155,1.16458,1.16462,2.25,6.03
2020.09.24 11:06:21.257,1.16458,1.16463,2.25,8.28
2020.09.24 11:06:21.579,1.16459,1.16463,0.75,2.62
2020.09.24 11:06:21.680,1.16461,1.16463,0.75,8.54
2020.09.24 11:06:21.732,1.16459,1.16463,0.75,2.62
2020.09.24 11:06:22.740,1.16462,1.16464,0.75,6.03
2020.09.24 11:06:22.842,1.16462,1.16465,0.75,5.65
2020.09.24 11:06:22.944,1.16463,1.16466,0.75,1.87
2020.09.24 11:06:23.045,1.16463,1.16465,0.75,1.12
2020.09.24 11:06:23.249,1.16463,1.16466,0.75,1.12
2020.09.24 11:06:23.755,1.16463,1.16465,12.35,1.12
2020.09.24 11:06:24.287,1.16461,1.16466,12.91,1.12
2020.09.24 11:06:24.743,1.16464,1.16466,0.75,9.10
2020.09.24 11:06:24.895,1.16462,1.16466,0.75,5.65
2020.09.24 11:06:24.996,1.16461,1.16466,11.79,5.65
2020.09.24 11:06:25.370,1.16461,1.16467,2.81,12.10
2020.09.24 11:06:25.612,1.16463,1.16466,0.75,12.03
2020.09.24 11:06:27.882,1.16463,1.16467,0.75,12.10
2020.09.24 11:06:28.049,1.16463,1.16466,0.75,12.10
2020.09.24 11:06:29.799,1.16462,1.16466,0.75,0.75
2020.09.24 11:06:29.901,1.16462,1.16465,0.75,5.65
2020.09.24 11:06:30.004,1.16462,1.16466,0.75,7.30
2020.09.24 11:06:30.415,1.16461,1.16466,2.32,7.30
2020.09.24 11:06:30.973,1.16463,1.16466,0.75,7.30
2020.09.24 11:06:31.075,1.16462,1.16465,2.32,7.23
2020.09.24 11:06:31.484,1.16463,1.16466,0.75,6.40
2020.09.24 11:06:31.586,1.16464,1.16467,0.75,6.85
2020.09.24 11:06:31.687,1.16466,1.16468,0.75,5.65
2020.09.24 11:06:31.790,1.16467,1.16469,1.50,0.75
2020.09.24 11:06:31.892,1.16467,1.1647,0.75,6.40
2020.09.24 11:06:32.044,1.16468,1.1647,0.75,8.35
2020.09.24 11:06:32.147,1.16468,1.16471,0.75,7.23
2020.09.24 11:06:33.031,1.16468,1.16472,0.75,3.45
2020.09.24 11:06:33.531,1.1647,1.16472,0.75,6.03
2020.09.24 11:06:33.633,1.16471,1.16473,0.75,5.65
2020.09.24 11:06:33.736,1.16472,1.16475,0.75,6.10
2020.09.24 11:06:34.041,1.16473,1.16475,1.50,11.99
2020.09.24 11:06:34.143,1.16472,1.16474,0.75,5.65
2020.09.24 11:06:34.246,1.16473,1.16474,0.75,5.65
2020.09.24 11:06:34.351,1.16472,1.16476,0.75,5.89
2020.09.24 11:06:35.572,1.16472,1.16475,0.75,5.65
2020.09.24 11:06:35.774,1.16471,1.16474,0.75,0.10
2020.09.24 11:06:36.473,1.16471,1.16473,0.75,7.23
2020.09.24 11:06:36.769,1.16472,1.16474,1.50,6.40
2020.09.24 11:06:36.820,1.16475,1.16477,1.50,0.37
2020.09.24 11:06:36.871,1.16477,1.16479,0.75,7.50
2020.09.24 11:06:36.973,1.16476,1.16479,0.75,7.50
2020.09.24 11:06:37.024,1.16477,1.16481,0.75,7.90
2020.09.24 11:06:37.126,1.16478,1.1648,0.75,1.50
2020.09.24 11:06:37.278,1.16477,1.16481,0.75,9.03
2020.09.24 11:06:37.805,1.16478,1.16481,1.69,7.60
2020.09.24 11:06:37.856,1.1648,1.16483,0.75,1.12
2020.09.24 11:06:37.958,1.16482,1.16485,0.75,14.35
2020.09.24 11:06:40.340,1.16483,1.16486,0.75,1.12
2020.09.24 11:06:41.139,1.16482,1.16485,0.75,0.37
2020.09.24 11:06:41.240,1.16482,1.16486,0.75,8.80
2020.09.24 11:06:41.343,1.16482,1.16485,0.75,5.65
2020.09.24 11:06:41.648,1.16483,1.16485,0.75,8.73
2020.09.24 11:06:42.132,1.16482,1.16485,0.75,5.65
2020.09.24 11:06:42.286,1.16483,1.16485,0.75,5.65
2020.09.24 11:06:42.337,1.16485,1.16486,1.57,1.12
2020.09.24 11:06:42.438,1.16485,1.16487,0.94,5.65
2020.09.24 11:06:42.489,1.16487,1.1649,0.75,7.15
2020.09.24 11:06:42.591,1.16487,1.16491,0.75,2.70
2020.09.24 11:06:42.694,1.16488,1.16489,0.75,5.65
2020.09.24 11:06:42.898,1.16486,1.1649,0.75,2.32
2020.09.24 11:06:43.000,1.16485,1.16489,10.29,1.50
2020.09.24 11:06:43.763,1.16487,1.16488,0.75,1.87
2020.09.24 11:06:43.864,1.16486,1.1649,1.50,7.90
2020.09.24 11:06:44.715,1.16488,1.16489,0.75,3.00
2020.09.24 11:06:45.419,1.16487,1.16489,1.50,3.00
2020.09.24 11:06:45.850,1.16487,1.1649,0.75,3.00
2020.09.24 11:06:46.829,1.16488,1.1649,0.75,8.28
2020.09.24 11:06:46.981,1.16489,1.16492,0.75,6.03
2020.09.24 11:06:47.083,1.1649,1.16493,0.75,9.78
2020.09.24 11:06:47.184,1.16491,1.16492,1.50,5.65
2020.09.24 11:06:47.285,1.16491,1.16494,0.75,11.65
2020.09.24 11:06:47.438,1.16491,1.16493,0.75,5.65
2020.09.24 11:06:47.539,1.16491,1.16493,1.50,11.65
2020.09.24 11:06:47.835,1.16491,1.16493,0.75,5.65
2020.09.24 11:06:47.987,1.16491,1.16493,1.50,11.65
2020.09.24 11:06:48.306,1.16491,1.16492,0.75,5.65
2020.09.24 11:06:48.426,1.16491,1.16493,0.75,11.65
2020.09.24 11:06:48.599,1.16491,1.16493,0.75,5.65
2020.09.24 11:06:48.819,1.16491,1.16493,1.50,11.65
2020.09.24 11:06:48.952,1.16491,1.16493,0.75,5.65
2020.09.24 11:06:49.054,1.16491,1.16494,0.75,11.65
2020.09.24 11:06:52.233,1.16488,1.16491,1.69,3.75
2020.09.24 11:06:52.335,1.1649,1.16492,0.94,0.75
2020.09.24 11:06:52.437,1.1649,1.16494,0.75,9.78
2020.09.24 11:06:52.636,1.16491,1.16494,0.75,9.78
2020.09.24 11:06:52.788,1.1649,1.16494,1.12,8.65
2020.09.24 11:06:52.839,1.16492,1.16493,0.75,5.65
2020.09.24 11:06:52.940,1.16492,1.16495,0.75,12.21
2020.09.24 11:06:54.489,1.16493,1.16495,0.75,11.46
2020.09.24 11:06:55.561,1.1649,1.16495,10.29,0.82
2020.09.24 11:06:55.662,1.1649,1.16494,0.75,0.75
2020.09.24 11:06:55.763,1.16491,1.16494,0.75,0.75
2020.09.24 11:06:55.865,1.1649,1.16494,0.75,0.75
2020.09.24 11:06:55.966,1.16491,1.16494,0.75,0.75
2020.09.24 11:06:56.311,1.16492,1.16494,0.75,0.75
2020.09.24 11:06:56.413,1.16491,1.16493,0.75,0.75
2020.09.24 11:06:58.360,1.16491,1.16494,0.75,6.40
2020.09.24 11:06:58.461,1.16492,1.16495,0.75,6.78
2020.09.24 11:06:58.861,1.16493,1.16495,0.75,6.03
2020.09.24 11:06:58.972,1.16492,1.16495,0.75,6.03
2020.09.24 11:06:59.808,1.16491,1.16495,0.75,7.79
2020.09.24 11:06:59.910,1.16491,1.16494,0.75,8.65
2020.09.24 11:07:00.391,1.16491,1.16495,0.75,11.28
2020.09.24 11:07:00.807,1.16491,1.16494,0.75,8.65
2020.09.24 11:07:01.031,1.16489,1.16492,1.69,9.40
2020.09.24 11:07:01.385,1.16489,1.16491,0.75,5.65
2020.09.24 11:07:01.487,1.16489,1.16492,0.75,6.40
2020.09.24 11:07:01.692,1.16488,1.1649,1.50,0.75
2020.09.24 11:07:01.793,1.16489,1.1649,0.75,1.50
2020.09.24 11:07:01.895,1.16488,1.16489,1.50,5.65
2020.09.24 11:07:01.997,1.16488,1.16491,0.75,7.15
2020.09.24 11:07:02.375,1.16488,1.16489,0.75,8.65
2020.09.24 11:07:02.477,1.16487,1.16488,1.50,5.65
2020.09.24 11:07:02.579,1.16487,1.1649,0.75,5.65
2020.09.24 11:07:02.681,1.16487,1.16489,0.75,5.65
2020.09.24 11:07:02.812,1.16487,1.1649,0.75,5.65
2020.09.24 11:07:03.764,1.16487,1.16489,0.75,5.65
2020.09.24 11:07:03.866,1.16486,1.16489,0.75,8.84
2020.09.24 11:07:03.967,1.16485,1.16488,1.50,5.65
2020.09.24 11:07:04.119,1.16485,1.16489,1.50,6.21
2020.09.24 11:07:04.377,1.16485,1.16488,1.50,5.65
2020.09.24 11:07:04.478,1.16485,1.16489,1.50,6.21
2020.09.24 11:07:05.085,1.16487,1.16489,0.75,0.37
2020.09.24 11:07:05.187,1.1649,1.16492,1.50,5.65
2020.09.24 11:07:05.238,1.16493,1.16496,0.75,0.75
2020.09.24 11:07:05.339,1.16493,1.16494,1.50,7.15
2020.09.24 11:07:05.592,1.1649,1.16494,0.19,8.65
2020.09.24 11:07:05.884,1.1649,1.16493,11.04,6.40
2020.09.24 11:07:05.985,1.16489,1.16493,1.69,5.65
2020.09.24 11:07:06.362,1.1649,1.16493,0.75,5.65
2020.09.24 11:07:06.957,1.1649,1.16492,0.75,5.65
2020.09.24 11:07:07.109,1.16489,1.16491,11.04,5.73
2020.09.24 11:07:07.212,1.16489,1.16492,9.35,5.73
2020.09.24 11:07:07.314,1.16488,1.16492,11.79,5.73
2020.09.24 11:07:07.568,1.16489,1.16492,11.60,10.86
2020.09.24 11:07:07.670,1.16488,1.1649,0.75,3.15
2020.09.24 11:07:07.721,1.16486,1.16489,3.00,7.23
2020.09.24 11:07:08.026,1.16485,1.16489,0.19,7.23
2020.09.24 11:07:08.332,1.16486,1.16487,0.19,0.10
2020.09.24 11:07:08.994,1.16484,1.16488,0.19,8.16
2020.09.24 11:07:09.096,1.16484,1.16487,0.19,5.65
2020.09.24 11:07:09.197,1.16484,1.16489,10.10,11.91
2020.09.24 11:07:09.568,1.16485,1.16489,0.75,11.16
2020.09.24 11:07:09.669,1.16488,1.1649,0.75,7.15
2020.09.24 11:07:10.753,1.16486,1.16489,9.35,0.45
2020.09.24 11:07:10.804,1.16485,1.16487,1.50,6.40
2020.09.24 11:07:11.488,1.16484,1.16487,0.75,3.00
2020.09.24 11:07:11.690,1.16484,1.16488,0.75,6.40
2020.09.24 11:07:12.512,1.16482,1.16487,14.11,6.40
2020.09.24 11:07:12.614,1.16482,1.16485,10.17,3.56
2020.09.24 11:07:12.665,1.1648,1.16484,0.75,0.82
2020.09.24 11:07:12.766,1.1648,1.16482,16.85,8.73
2020.09.24 11:07:12.868,1.16478,1.1648,0.19,2.25
2020.09.24 11:07:12.970,1.16477,1.16478,0.19,6.85
2020.09.24 11:07:13.123,1.16475,1.16479,0.94,6.78
2020.09.24 11:07:13.230,1.16475,1.16478,0.94,5.65
2020.09.24 11:07:13.333,1.16475,1.16477,0.19,5.65
2020.09.24 11:07:13.536,1.16475,1.16478,0.19,6.03
2020.09.24 11:07:13.769,1.16476,1.16478,0.75,5.65
2020.09.24 11:07:13.871,1.16476,1.1648,0.75,6.21
2020.09.24 11:07:14.953,1.16475,1.16478,1.50,5.65
2020.09.24 11:07:15.106,1.16476,1.16478,0.75,5.65
2020.09.24 11:07:15.208,1.16476,1.16479,0.75,6.40
2020.09.24 11:07:15.637,1.16476,1.16478,1.69,6.40
2020.09.24 11:07:15.738,1.16476,1.16479,0.75,6.40
2020.09.24 11:07:15.840,1.16476,1.16478,0.75,5.65
2020.09.24 11:07:15.941,1.16476,1.16479,0.75,0.75
2020.09.24 11:07:17.165,1.16476,1.16478,1.69,0.75
2020.09.24 11:07:17.266,1.16473,1.16477,10.66,1.50
2020.09.24 11:07:17.368,1.16473,1.16474,0.75,1.50
2020.09.24 11:07:17.547,1.16473,1.16475,0.75,6.48
2020.09.24 11:07:17.648,1.16474,1.16476,1.69,2.32
2020.09.24 11:07:18.207,1.16473,1.16476,1.69,0.37
2020.09.24 11:07:18.639,1.16474,1.16476,0.94,6.03
2020.09.24 11:07:18.690,1.16475,1.16478,0.94,10.53
2020.09.24 11:07:18.791,1.16476,1.16478,0.75,7.53
2020.09.24 11:07:19.147,1.16475,1.16478,0.94,2.06
2020.09.24 11:07:19.521,1.16474,1.16478,10.47,2.62
2020.09.24 11:07:19.623,1.16474,1.16477,0.75,5.65
2020.09.24 11:07:19.881,1.16474,1.16476,0.75,5.65
2020.09.24 11:07:20.019,1.16475,1.16476,0.75,0.37
2020.09.24 11:07:22.245,1.16473,1.16475,0.75,0.75
2020.09.24 11:07:22.297,1.16471,1.16474,10.10,0.82
2020.09.24 11:07:22.400,1.1647,1.16473,7.50,8.54
2020.09.24 11:07:22.503,1.1647,1.16472,1.22,9.66
2020.09.24 11:07:22.554,1.16467,1.1647,1.12,1.50
2020.09.24 11:07:22.658,1.16467,1.16469,0.75,1.12
2020.09.24 11:07:22.761,1.16467,1.16468,0.75,0.75
2020.09.24 11:07:22.921,1.16465,1.16469,11.97,0.75
2020.09.24 11:07:25.764,1.16465,1.16468,0.75,7.23
2020.09.24 11:07:25.815,1.16464,1.16467,1.87,7.23
2020.09.24 11:07:25.916,1.16463,1.16467,1.87,5.65
2020.09.24 11:07:26.092,1.16463,1.16468,11.22,7.23
2020.09.24 11:07:26.604,1.16464,1.16468,0.75,1.57
2020.09.24 11:07:28.309,1.16466,1.16468,0.75,11.35
2020.09.24 11:07:28.411,1.16466,1.16469,1.50,6.59
2020.09.24 11:07:29.899,1.16465,1.16469,10.17,1.87
2020.09.24 11:07:31.945,1.16466,1.16469,0.75,2.81
2020.09.24 11:07:32.047,1.16468,1.1647,0.75,7.53
2020.09.24 11:07:36.867,1.16466,1.1647,10.85,1.87
2020.09.24 11:07:39.494,1.16466,1.16468,10.85,0.82
2020.09.24 11:07:39.845,1.16466,1.16469,2.44,11.54
2020.09.24 11:07:39.947,1.16466,1.1647,1.50,7.15
2020.09.24 11:07:40.256,1.16466,1.16469,0.75,0.75
2020.09.24 11:07:40.407,1.16466,1.1647,0.75,7.23
2020.09.24 11:07:46.613,1.16465,1.16469,10.10,1.20
2020.09.24 11:07:46.664,1.16465,1.16467,9.35,0.75
2020.09.24 11:07:46.715,1.16463,1.16465,0.37,0.82
2020.09.24 11:07:46.766,1.16461,1.16462,16.85,0.82
2020.09.24 11:07:46.817,1.16458,1.16461,2.25,3.56
2020.09.24 11:07:46.868,1.16457,1.1646,0.19,7.15
2020.09.24 11:07:46.919,1.16456,1.16457,10.10,0.75
2020.09.24 11:07:47.020,1.16456,1.16457,9.35,0.75
2020.09.24 11:07:47.122,1.16454,1.16458,10.10,0.75
2020.09.24 11:07:47.425,1.16454,1.16457,0.75,5.65
2020.09.24 11:07:47.705,1.16454,1.16458,0.75,6.48
2020.09.24 11:07:48.397,1.16454,1.16457,0.75,5.65
2020.09.24 11:07:48.665,1.16455,1.16457,0.75,6.40
2020.09.24 11:07:50.155,1.16453,1.16454,10.85,0.75
2020.09.24 11:07:50.256,1.1645,1.16454,7.50,1.69
2020.09.24 11:07:50.357,1.1645,1.16451,16.85,0.37
2020.09.24 11:07:50.459,1.16448,1.16452,9.35,6.40
2020.09.24 11:07:50.510,1.16448,1.16449,9.72,0.75
2020.09.24 11:07:50.561,1.16446,1.1645,0.75,7.53
2020.09.24 11:07:50.663,1.16446,1.16449,0.75,5.65
2020.09.24 11:07:50.764,1.16445,1.16449,0.75,6.40
2020.09.24 11:07:50.866,1.16444,1.16448,0.75,6.40
2020.09.24 11:07:50.968,1.16443,1.16446,9.35,1.50
2020.09.24 11:07:51.069,1.16444,1.16446,0.75,5.65
2020.09.24 11:07:51.120,1.16446,1.16448,1.12,5.65
2020.09.24 11:07:51.222,1.16447,1.1645,2.62,11.28
2020.09.24 11:07:51.884,1.16449,1.1645,1.50,5.65
2020.09.24 11:07:51.985,1.16449,1.16451,1.50,0.75
2020.09.24 11:07:52.339,1.16449,1.16452,9.35,0.75
2020.09.24 11:07:52.687,1.1645,1.16452,9.35,3.37
2020.09.24 11:07:53.579,1.16449,1.16452,12.80,2.62
2020.09.24 11:07:53.732,1.16451,1.16453,0.82,6.03
2020.09.24 11:07:53.833,1.16453,1.16457,2.25,1.69
2020.09.24 11:07:56.134,1.16453,1.16454,10.66,0.19
2020.09.24 11:07:56.236,1.16452,1.16453,10.10,0.19
2020.09.24 11:07:56.287,1.16451,1.16456,10.29,9.48
2020.09.24 11:07:56.388,1.16451,1.16455,0.94,5.65
2020.09.24 11:07:56.540,1.16452,1.16455,2.06,12.40
2020.09.24 11:07:56.742,1.16452,1.16456,2.44,12.03
2020.09.24 11:07:56.844,1.16454,1.16455,0.75,6.40
2020.09.24 11:07:56.945,1.16453,1.16457,0.75,11.28
2020.09.24 11:07:57.046,1.16454,1.16457,2.70,5.65
2020.09.24 11:07:57.148,1.16456,1.16457,1.12,5.65
2020.09.24 11:07:57.301,1.16452,1.16455,0.10,6.96
2020.09.24 11:07:57.352,1.1645,1.16454,7.95,0.75
2020.09.24 11:07:57.554,1.16451,1.16454,10.47,8.46
2020.09.24 11:07:57.823,1.1645,1.16454,9.35,2.06
2020.09.24 11:07:57.925,1.16449,1.16453,0.75,0.75
2020.09.24 11:07:58.861,1.16449,1.16452,10.10,0.75
2020.09.24 11:07:58.980,1.16449,1.16453,10.10,0.75
2020.09.24 11:07:59.924,1.16449,1.16451,9.35,0.75
2020.09.24 11:08:00.027,1.16447,1.16449,1.20,0.94
2020.09.24 11:08:00.129,1.16448,1.16452,1.50,10.53
2020.09.24 11:08:00.231,1.16449,1.16452,10.10,8.28
2020.09.24 11:08:01.048,1.16449,1.16451,9.35,2.44
2020.09.24 11:08:01.150,1.16446,1.1645,13.85,0.75
2020.09.24 11:08:01.557,1.16446,1.16449,1.50,5.65
2020.09.24 11:08:01.659,1.16446,1.16451,1.50,6.48
2020.09.24 11:08:01.763,1.16446,1.1645,1.50,5.65
2020.09.24 11:08:01.992,1.16446,1.16451,1.50,7.41
2020.09.24 11:08:03.130,1.16446,1.1645,1.50,5.65
2020.09.24 11:08:03.232,1.16447,1.1645,10.85,10.23
2020.09.24 11:08:03.333,1.16447,1.16452,11.22,6.48
2020.09.24 11:08:03.435,1.16448,1.16453,9.35,12.48
2020.09.24 11:08:03.537,1.16449,1.16451,9.35,5.65
2020.09.24 11:08:03.638,1.16447,1.16452,10.10,5.65
2020.09.24 11:08:03.851,1.16449,1.16451,9.35,5.65
2020.09.24 11:08:04.094,1.16447,1.16453,10.10,12.48
2020.09.24 11:08:04.348,1.16448,1.16451,10.85,5.65
2020.09.24 11:08:04.449,1.16448,1.16453,9.35,12.48
2020.09.24 11:08:04.780,1.16447,1.16453,11.22,12.48
2020.09.24 11:08:04.882,1.16448,1.16453,9.35,12.29
2020.09.24 11:08:05.034,1.16451,1.16452,1.50,5.65
2020.09.24 11:08:05.085,1.16453,1.16456,0.94,7.34
2020.09.24 11:08:05.187,1.16453,1.16455,9.35,7.53
2020.09.24 11:08:05.288,1.16451,1.16456,1.57,10.53
2020.09.24 11:08:05.440,1.16451,1.16455,10.92,5.65
2020.09.24 11:08:05.542,1.16453,1.16454,0.75,5.65
2020.09.24 11:08:05.891,1.16453,1.16455,0.75,6.78
2020.09.24 11:08:06.187,1.16453,1.16456,0.37,6.78
2020.09.24 11:08:06.288,1.16452,1.16456,0.75,1.12
2020.09.24 11:08:07.213,1.16452,1.16455,1.57,6.78
2020.09.24 11:08:08.110,1.16452,1.16456,0.75,1.12
2020.09.24 11:08:08.212,1.16454,1.16456,0.75,0.37
2020.09.24 11:08:08.315,1.16452,1.16456,10.10,0.75
2020.09.24 11:08:08.417,1.16451,1.16456,0.75,5.73
2020.09.24 11:08:08.519,1.16451,1.16455,0.75,5.65
2020.09.24 11:08:08.621,1.16451,1.16456,0.75,9.85
2020.09.24 11:08:08.724,1.16452,1.16454,0.75,5.65
2020.09.24 11:08:08.877,1.16451,1.16456,1.50,10.60
2020.09.24 11:08:09.132,1.16452,1.16456,0.75,10.53
2020.09.24 11:08:09.234,1.16451,1.16456,11.67,10.53
2020.09.24 11:08:10.614,1.16452,1.16456,1.12,6.40
2020.09.24 11:08:10.766,1.16452,1.16455,0.75,7.23
2020.09.24 11:08:11.461,1.16452,1.16457,1.50,11.28
2020.09.24 11:08:11.512,1.16452,1.16454,14.97,0.75
2020.09.24 11:08:11.614,1.1645,1.16455,13.74,5.65
2020.09.24 11:08:11.766,1.16451,1.16456,1.76,1.57
2020.09.24 11:08:13.917,1.16451,1.16454,9.35,4.50
2020.09.24 11:08:13.968,1.1645,1.16453,13.36,1.50
2020.09.24 11:08:14.070,1.16453,1.16454,0.75,6.10
2020.09.24 11:08:14.171,1.16453,1.16456,11.11,1.87
2020.09.24 11:08:14.273,1.16453,1.16457,1.69,0.75
2020.09.24 11:08:15.153,1.16452,1.16454,0.10,1.12
2020.09.24 11:08:15.204,1.1645,1.16453,15.35,1.50
2020.09.24 11:08:15.306,1.1645,1.16455,0.82,7.23
2020.09.24 11:08:17.028,1.16451,1.16453,0.75,5.65
2020.09.24 11:08:17.129,1.16451,1.16454,0.75,7.23
2020.09.24 11:08:18.160,1.16452,1.16454,4.87,6.40
2020.09.24 11:08:18.263,1.16452,1.16457,0.82,11.28
2020.09.24 11:08:18.922,1.16452,1.16456,0.75,5.65
2020.09.24 11:08:19.155,1.16452,1.16457,0.75,2.89
2020.09.24 11:08:19.604,1.16454,1.16456,1.20,6.40
2020.09.24 11:08:19.705,1.16452,1.16457,17.41,0.75
2020.09.24 11:08:19.807,1.16453,1.16457,9.35,0.75
2020.09.24 11:08:19.909,1.16452,1.16457,17.41,0.75
2020.09.24 11:08:20.098,1.16454,1.16456,0.82,0.75
2020.09.24 11:08:20.200,1.16453,1.16458,10.92,8.28
2020.09.24 11:08:20.251,1.16453,1.16455,0.75,6.40
2020.09.24 11:08:20.354,1.16452,1.16455,11.67,8.65
2020.09.24 11:08:20.507,1.16452,1.16456,9.35,5.65
2020.09.24 11:08:20.608,1.16453,1.16456,9.35,12.74
2020.09.24 11:08:20.721,1.16452,1.16456,11.67,12.74
2020.09.24 11:08:20.840,1.16452,1.16457,9.35,12.74
2020.09.24 11:08:21.125,1.16451,1.16457,11.67,12.36
2020.09.24 11:08:21.638,1.16452,1.16457,0.75,12.36
2020.09.24 11:08:21.827,1.16452,1.16456,11.67,12.36
2020.09.24 11:08:22.259,1.16451,1.16456,11.67,5.65
2020.09.24 11:08:22.415,1.16453,1.16455,0.75,5.65
2020.09.24 11:08:22.516,1.16453,1.16457,12.99,5.65
2020.09.24 11:08:22.618,1.16454,1.16458,9.35,0.75
2020.09.24 11:08:22.850,1.16455,1.16458,9.35,0.75
2020.09.24 11:08:23.114,1.16454,1.16458,9.35,0.75
2020.09.24 11:08:23.215,1.16453,1.16457,4.20,5.65
2020.09.24 11:08:23.367,1.16453,1.16458,5.32,7.98
2020.09.24 11:08:24.740,1.16456,1.16458,0.75,5.65
2020.09.24 11:08:24.842,1.16454,1.16458,9.35,5.65
2020.09.24 11:08:24.943,1.16454,1.16459,9.35,7.98
2020.09.24 11:08:25.146,1.16455,1.16457,9.35,5.65
2020.09.24 11:08:25.247,1.16454,1.16459,9.35,7.98
2020.09.24 11:08:25.298,1.16454,1.16456,9.35,2.25
2020.09.24 11:08:25.400,1.16451,1.16452,0.37,1.50
2020.09.24 11:08:25.451,1.1645,1.16454,10.36,7.90
2020.09.24 11:08:25.708,1.16451,1.16454,0.75,0.75
2020.09.24 11:08:25.860,1.16451,1.16453,11.41,0.75
2020.09.24 11:08:26.221,1.16452,1.16453,9.35,0.75
2020.09.24 11:08:26.551,1.1645,1.16454,11.41,0.75
2020.09.24 11:08:26.677,1.16451,1.16454,9.35,0.75
2020.09.24 11:08:26.991,1.16452,1.16455,11.49,5.65
2020.09.24 11:08:27.093,1.16453,1.16456,2.70,5.65
2020.09.24 11:08:27.194,1.16454,1.16458,10.10,5.84
2020.09.24 11:08:27.296,1.16456,1.16457,9.35,0.19
2020.09.24 11:08:27.397,1.16455,1.16459,9.35,6.64
2020.09.24 11:08:27.821,1.16455,1.16457,12.05,1.87
2020.09.24 11:08:27.922,1.16455,1.16458,12.05,8.09
2020.09.24 11:08:28.303,1.16456,1.16458,0.10,8.09
2020.09.24 11:08:30.121,1.16457,1.1646,0.75,6.40
2020.09.24 11:08:30.224,1.16459,1.16462,0.75,6.03
2020.09.24 11:08:30.326,1.16461,1.16463,9.35,1.87
2020.09.24 11:08:30.378,1.16458,1.1646,1.57,1.39
2020.09.24 11:08:30.429,1.16454,1.16458,8.62,7.23
2020.09.24 11:08:30.481,1.16453,1.16455,0.75,1.50
2020.09.24 11:08:30.584,1.16451,1.16453,4.39,6.40
2020.09.24 11:08:30.686,1.16452,1.16454,0.75,0.75
2020.09.24 11:08:30.787,1.16452,1.16453,10.10,6.40
2020.09.24 11:08:31.657,1.16452,1.16454,10.85,8.28
2020.09.24 11:08:32.842,1.16453,1.16454,9.35,2.62
2020.09.24 11:08:33.612,1.16451,1.16455,10.10,2.62
2020.09.24 11:08:34.040,1.16452,1.16455,9.35,2.62
2020.09.24 11:08:34.595,1.16452,1.16454,11.60,7.53
2020.09.24 11:08:35.072,1.16451,1.16454,10.10,1.12
2020.09.24 11:08:37.679,1.16452,1.16455,0.75,7.53
2020.09.24 11:08:39.907,1.16452,1.16454,1.50,7.60
2020.09.24 11:08:40.238,1.16453,1.16454,0.75,7.60
2020.09.24 11:08:40.366,1.16451,1.16455,1.50,7.60
2020.09.24 11:08:43.361,1.16452,1.16455,0.75,7.53
2020.09.24 11:08:43.465,1.16451,1.16455,11.60,7.53
2020.09.24 11:08:43.671,1.16453,1.16454,9.35,1.87
2020.09.24 11:08:44.756,1.16451,1.16455,10.85,1.87
2020.09.24 11:08:46.134,1.16452,1.16455,9.35,1.87
2020.09.24 11:08:46.577,1.16452,1.16454,10.10,1.87
2020.09.24 11:08:46.679,1.16449,1.16452,0.75,0.37
2020.09.24 11:08:46.781,1.16448,1.1645,0.19,0.75
2020.09.24 11:08:46.832,1.16446,1.16449,9.00,0.37
2020.09.24 11:08:46.985,1.16447,1.16449,9.35,0.37
2020.09.24 11:08:47.137,1.16446,1.16449,10.10,0.37
2020.09.24 11:08:48.460,1.16443,1.16445,1.76,0.75
2020.09.24 11:08:48.562,1.16441,1.16442,10.12,0.82
2020.09.24 11:08:48.663,1.1644,1.16444,1.95,7.15
2020.09.24 11:08:48.815,1.1644,1.16443,12.99,8.46
2020.09.24 11:08:48.917,1.1644,1.16443,0.82,7.53
2020.09.24 11:08:49.119,1.16441,1.16443,0.75,1.87
2020.09.24 11:08:49.272,1.1644,1.16443,10.17,1.87
2020.09.24 11:08:49.498,1.16441,1.16443,9.35,1.87
2020.09.24 11:08:49.651,1.16441,1.16444,9.35,1.12
2020.09.24 11:08:49.752,1.16441,1.16443,10.92,1.12
2020.09.24 11:08:49.945,1.16441,1.16444,9.35,1.12
2020.09.24 11:08:50.046,1.1644,1.16444,10.92,1.12
2020.09.24 11:08:50.148,1.16441,1.16444,9.35,1.12
2020.09.24 11:08:50.682,1.16441,1.16443,10.92,1.12
2020.09.24 11:08:51.017,1.16441,1.16444,9.35,0.37
2020.09.24 11:08:51.270,1.1644,1.16444,10.92,0.37
2020.09.24 11:08:51.919,1.16439,1.16444,11.67,1.12
2020.09.24 11:08:52.021,1.16439,1.16443,0.26,7.90
2020.09.24 11:08:52.705,1.16441,1.16442,0.75,7.53
2020.09.24 11:08:52.807,1.16439,1.16443,0.94,7.53
2020.09.24 11:08:52.960,1.16441,1.16442,0.10,7.53
2020.09.24 11:08:56.074,1.16441,1.16444,1.57,0.37
2020.09.24 11:08:56.176,1.16442,1.16444,9.35,0.37
2020.09.24 11:08:56.277,1.16441,1.16444,10.17,0.37
2020.09.24 11:08:56.866,1.16443,1.16444,9.35,1.87
2020.09.24 11:08:57.019,1.16442,1.16445,9.35,1.87
2020.09.24 11:08:58.851,1.16443,1.16445,10.10,2.62
2020.09.24 11:08:58.952,1.16442,1.16445,9.35,1.87
2020.09.24 11:09:00.091,1.16441,1.16445,11.67,1.31
2020.09.24 11:09:00.400,1.16443,1.16444,9.35,1.31
2020.09.24 11:09:02.012,1.16441,1.16445,11.67,2.06
2020.09.24 11:09:02.481,1.16442,1.16445,9.35,2.06
2020.09.24 11:09:02.887,1.16441,1.16445,10.92,2.06
2020.09.24 11:09:02.989,1.16443,1.16445,1.57,7.53
2020.09.24 11:09:04.058,1.16443,1.16444,0.75,0.94
2020.09.24 11:09:04.920,1.16442,1.16446,10.17,10.71
2020.09.24 11:09:05.021,1.16443,1.16446,0.75,10.53
2020.09.24 11:09:05.539,1.16442,1.16446,10.92,2.06
2020.09.24 11:09:05.666,1.16444,1.16445,9.35,2.06
2020.09.24 11:09:08.142,1.16445,1.16447,1.50,6.78
2020.09.24 11:09:08.193,1.16447,1.16449,0.94,0.45
2020.09.24 11:09:08.346,1.16449,1.1645,9.35,1.12
2020.09.24 11:09:08.650,1.16448,1.16451,9.35,0.37
2020.09.24 11:09:08.751,1.16449,1.16451,9.35,0.37
2020.09.24 11:09:09.190,1.16449,1.1645,0.75,0.37
2020.09.24 11:09:09.291,1.16449,1.16451,9.35,0.37
2020.09.24 11:09:09.494,1.16449,1.1645,0.75,0.37
2020.09.24 11:09:09.748,1.16449,1.16451,9.35,0.37
2020.09.24 11:09:10.137,1.16448,1.16451,1.50,0.37
2020.09.24 11:09:10.246,1.16449,1.16451,9.35,0.37
2020.09.24 11:09:10.624,1.16449,1.16452,9.35,1.12
2020.09.24 11:09:10.732,1.16449,1.16451,10.29,1.12
2020.09.24 11:09:10.834,1.16451,1.16453,4.46,5.65
2020.09.24 11:09:10.885,1.16453,1.16455,0.94,1.87
2020.09.24 11:09:10.986,1.16453,1.16456,11.86,7.71
2020.09.24 11:09:11.088,1.16453,1.16456,9.35,5.65
2020.09.24 11:09:11.190,1.16453,1.16455,11.11,5.65
2020.09.24 11:09:11.291,1.16452,1.16457,11.11,7.71
2020.09.24 11:09:11.457,1.16453,1.16457,9.35,7.71
2020.09.24 11:09:11.566,1.16453,1.16456,9.35,5.65
2020.09.24 11:09:11.792,1.16453,1.16455,11.11,5.65
2020.09.24 11:09:11.953,1.16453,1.16456,11.11,7.71
2020.09.24 11:09:12.119,1.16453,1.16455,11.11,5.65
2020.09.24 11:09:12.406,1.16453,1.16456,9.35,0.75
2020.09.24 11:09:12.507,1.16453,1.16457,9.35,7.71
2020.09.24 11:09:12.609,1.16454,1.16457,0.82,0.56
2020.09.24 11:09:13.140,1.16454,1.16456,3.52,0.19
2020.09.24 11:09:13.531,1.16454,1.16457,0.75,0.19
2020.09.24 11:09:13.980,1.16458,1.16459,2.32,1.12
2020.09.24 11:09:14.082,1.16457,1.16461,1.50,5.84
2020.09.24 11:09:14.183,1.16458,1.16461,9.35,0.19
2020.09.24 11:09:14.436,1.16456,1.16461,11.04,7.53
2020.09.24 11:09:15.406,1.16457,1.16461,9.35,5.25
2020.09.24 11:09:16.016,1.16456,1.16461,12.61,7.71
2020.09.24 11:09:16.208,1.16457,1.16461,9.35,7.90
2020.09.24 11:09:16.462,1.16457,1.1646,12.99,7.90
2020.09.24 11:09:16.862,1.16458,1.1646,9.35,5.25
2020.09.24 11:09:17.389,1.16456,1.16461,11.86,10.90
2020.09.24 11:09:17.794,1.16457,1.16459,9.35,1.69
2020.09.24 11:09:17.897,1.16455,1.16461,12.42,11.46
2020.09.24 11:09:18.150,1.16457,1.1646,9.35,8.46
2020.09.24 11:09:18.373,1.16457,1.16461,9.35,6.59
2020.09.24 11:09:18.592,1.16457,1.16459,9.35,0.37
2020.09.24 11:09:18.644,1.16457,1.16461,9.35,6.59
2020.09.24 11:09:19.651,1.16458,1.16461,9.35,6.59
2020.09.24 11:09:20.513,1.16458,1.16462,0.75,6.59
2020.09.24 11:09:21.662,1.16458,1.16461,10.10,0.37
2020.09.24 11:09:21.906,1.16459,1.16461,10.10,6.59
2020.09.24 11:09:22.998,1.16458,1.16461,10.10,5.65
2020.09.24 11:09:23.149,1.16458,1.16462,0.75,6.59
2020.09.24 11:09:24.711,1.16458,1.16461,0.75,0.75
2020.09.24 11:09:24.877,1.16458,1.16462,0.75,6.59
2020.09.24 11:09:27.861,1.16458,1.16461,0.75,0.37
2020.09.24 11:09:27.912,1.16457,1.16459,9.72,0.75
2020.09.24 11:09:28.013,1.16456,1.16457,11.22,0.94
2020.09.24 11:09:28.064,1.16454,1.16459,12.75,6.59
2020.09.24 11:09:28.115,1.16456,1.16459,2.62,5.65
2020.09.24 11:09:28.217,1.16459,1.1646,9.35,0.94
2020.09.24 11:09:28.318,1.16458,1.1646,0.75,0.94
2020.09.24 11:09:29.558,1.16458,1.16461,9.35,0.94
2020.09.24 11:09:30.108,1.16457,1.16461,10.85,6.59
2020.09.24 11:09:30.685,1.16457,1.16459,9.35,1.01
2020.09.24 11:09:30.737,1.16455,1.16457,0.37,0.19
2020.09.24 11:09:30.838,1.16455,1.16456,9.35,0.94
2020.09.24 11:09:30.940,1.16453,1.16456,1.12,0.75
2020.09.24 11:09:31.092,1.16453,1.16457,1.12,7.34
2020.09.24 11:09:31.308,1.16453,1.16456,1.12,5.65
2020.09.24 11:09:31.440,1.16452,1.16456,4.12,5.65
2020.09.24 11:09:31.541,1.16452,1.16457,13.47,7.34
2020.09.24 11:09:31.724,1.16452,1.16456,13.47,5.65
2020.09.24 11:09:32.148,1.16452,1.16457,10.47,8.09
2020.09.24 11:09:32.351,1.16453,1.16457,9.35,8.09
2020.09.24 11:09:32.771,1.16452,1.16457,10.47,8.09
2020.09.24 11:09:34.061,1.16452,1.16456,10.47,0.75
2020.09.24 11:09:34.162,1.16452,1.16457,10.47,8.09
2020.09.24 11:09:34.829,1.16454,1.16456,9.35,8.09
2020.09.24 11:09:35.220,1.16452,1.16457,10.47,8.09
2020.09.24 11:09:36.268,1.16454,1.16457,1.50,6.40
2020.09.24 11:09:36.473,1.16455,1.16459,0.75,7.34
2020.09.24 11:09:36.576,1.16456,1.16461,3.75,1.31
2020.09.24 11:09:36.679,1.16456,1.16459,15.91,5.65
2020.09.24 11:09:37.154,1.16456,1.16458,6.19,0.37
2020.09.24 11:09:37.256,1.16457,1.16461,9.35,8.46
2020.09.24 11:09:37.358,1.16457,1.1646,9.35,8.54
2020.09.24 11:09:37.855,1.16456,1.1646,9.35,0.19
2020.09.24 11:09:38.441,1.16457,1.1646,0.75,0.19
2020.09.24 11:09:38.542,1.16457,1.16461,3.75,5.65
2020.09.24 11:09:38.644,1.16459,1.16462,9.35,0.94
2020.09.24 11:09:38.745,1.16458,1.16462,10.10,6.59
2020.09.24 11:09:39.272,1.16458,1.16461,4.50,7.41
2020.09.24 11:09:40.211,1.16457,1.1646,4.50,0.75
2020.09.24 11:09:40.312,1.16458,1.16461,4.50,8.09
2020.09.24 11:09:43.160,1.16458,1.16462,9.35,7.34
2020.09.24 11:09:43.312,1.16458,1.16461,9.35,0.75
2020.09.24 11:09:43.417,1.16459,1.16461,9.35,7.34
2020.09.24 11:09:43.518,1.16458,1.16461,10.85,1.69
2020.09.24 11:09:44.128,1.16458,1.1646,10.85,0.19
2020.09.24 11:09:44.280,1.16457,1.16462,10.85,8.09
2020.09.24 11:09:44.655,1.16457,1.16461,10.85,0.75
2020.09.24 11:09:46.412,1.16458,1.16459,0.75,0.75
2020.09.24 11:09:46.513,1.16457,1.16461,0.75,9.48
2020.09.24 11:09:46.992,1.16456,1.16461,11.22,6.85
2020.09.24 11:09:47.202,1.16456,1.1646,10.10,0.75
2020.09.24 11:09:48.017,1.16463,1.16466,1.50,7.87
2020.09.24 11:09:48.068,1.16466,1.16468,2.32,0.37
2020.09.24 11:09:48.119,1.16468,1.1647,0.82,6.40
2020.09.24 11:09:48.170,1.1647,1.16472,0.85,2.81
2020.09.24 11:09:48.221,1.16471,1.16473,0.10,16.23
2020.09.24 11:09:48.423,1.16471,1.16474,0.75,1.50
2020.09.24 11:09:48.867,1.1647,1.16472,9.35,0.82
2020.09.24 11:09:48.918,1.16468,1.16471,10.10,0.19
2020.09.24 11:09:49.171,1.16468,1.16472,0.75,5.84
2020.09.24 11:09:49.526,1.16469,1.1647,1.50,0.75
2020.09.24 11:09:49.627,1.16468,1.16472,1.50,1.01
2020.09.24 11:09:49.880,1.16469,1.16472,0.75,5.65
2020.09.24 11:09:49.981,1.16469,1.16473,0.75,7.60
2020.09.24 11:09:50.134,1.1647,1.16473,1.12,5.65
2020.09.24 11:09:50.185,1.16472,1.16475,0.75,0.10
2020.09.24 11:09:50.287,1.16473,1.16476,1.50,6.40
2020.09.24 11:09:50.389,1.16474,1.16476,0.75,0.75
2020.09.24 11:09:50.593,1.16473,1.16476,10.10,0.75
2020.09.24 11:09:50.695,1.16474,1.16476,0.75,7.60
2020.09.24 11:09:51.643,1.16474,1.16476,0.75,6.40
2020.09.24 11:09:51.695,1.16478,1.16479,1.50,3.07
2020.09.24 11:09:51.797,1.1648,1.16482,1.50,7.50
2020.09.24 11:09:51.898,1.16483,1.16484,2.44,8.09
2020.09.24 11:09:51.949,1.16484,1.16486,14.49,2.25
2020.09.24 11:09:52.000,1.16484,1.16488,9.91,7.15
2020.09.24 11:09:52.102,1.16484,1.16486,9.35,0.10
2020.09.24 11:09:52.203,1.16481,1.16485,11.22,5.73
2020.09.24 11:09:52.631,1.16482,1.16483,1.12,5.65
2020.09.24 11:09:53.024,1.16482,1.16484,0.75,0.10
2020.09.24 11:09:53.327,1.16482,1.16485,0.75,5.73
2020.09.24 11:09:53.797,1.16483,1.16485,0.75,0.10
2020.09.24 11:09:53.949,1.16483,1.16486,0.75,0.82
2020.09.24 11:09:54.116,1.16483,1.16485,0.75,0.82
2020.09.24 11:09:54.217,1.16482,1.16485,9.35,0.82
2020.09.24 11:09:54.269,1.16481,1.16484,10.47,10.23
2020.09.24 11:09:54.370,1.16481,1.16484,9.35,5.65
2020.09.24 11:09:54.472,1.16482,1.16484,9.35,10.23
2020.09.24 11:09:54.575,1.1648,1.16485,1.12,10.23
2020.09.24 11:09:54.727,1.16481,1.16483,1.12,5.65
2020.09.24 11:09:54.981,1.16479,1.16484,2.06,6.40
2020.09.24 11:09:55.133,1.16479,1.16483,10.10,5.65
2020.09.24 11:09:55.235,1.1648,1.16483,10.10,10.30
2020.09.24 11:09:55.741,1.16479,1.16483,10.10,0.75
2020.09.24 11:09:55.911,1.16479,1.16484,10.10,10.98
2020.09.24 11:09:56.292,1.16481,1.16483,9.35,10.98
2020.09.24 11:09:56.504,1.1648,1.16483,10.10,10.98
2020.09.24 11:09:56.672,1.16479,1.16483,10.10,0.10
2020.09.24 11:09:56.774,1.1648,1.16481,10.10,0.10
2020.09.24 11:09:57.199,1.16479,1.1648,9.35,0.82
2020.09.24 11:09:57.301,1.16476,1.1648,9.35,5.65
2020.09.24 11:09:57.403,1.16478,1.1648,0.75,9.48
2020.09.24 11:09:58.724,1.16476,1.16481,10.10,0.82
2020.09.24 11:09:58.826,1.16476,1.1648,0.75,0.75
2020.09.24 11:09:58.927,1.16476,1.16481,0.75,0.82
2020.09.24 11:09:59.515,1.16476,1.16479,3.75,0.82
2020.09.24 11:09:59.616,1.16476,1.16481,0.75,7.23
2020.09.24 11:10:00.313,1.16478,1.1648,0.75,6.48
2020.09.24 11:10:00.582,1.16476,1.16481,11.79,6.40
2020.09.24 11:10:03.050,1.16478,1.16481,0.75,0.10
2020.09.24 11:10:03.152,1.16477,1.16481,9.35,0.10
2020.09.24 11:10:03.768,1.16477,1.1648,14.04,0.10
2020.09.24 11:10:04.424,1.16478,1.16482,0.37,6.78
2020.09.24 11:10:04.641,1.16478,1.16483,11.22,9.85
2020.09.24 11:10:04.794,1.1648,1.16483,0.75,5.65
2020.09.24 11:10:04.895,1.16481,1.16483,3.19,5.65
2020.09.24 11:10:04.997,1.16484,1.16486,1.87,5.65
2020.09.24 11:10:05.099,1.16485,1.16489,0.94,5.65
2020.09.24 11:10:05.200,1.16487,1.1649,9.35,7.60
2020.09.24 11:10:05.302,1.16486,1.16489,11.41,0.10
2020.09.24 11:10:05.656,1.16486,1.1649,9.35,0.10
2020.09.24 11:10:05.758,1.16484,1.16486,10.47,0.10
2020.09.24 11:10:05.860,1.16481,1.16487,18.99,8.65
2020.09.24 11:10:05.911,1.16484,1.16487,2.25,5.65
2020.09.24 11:10:05.962,1.16484,1.16489,3.00,0.75
2020.09.24 11:10:06.164,1.16486,1.16489,0.75,6.40
2020.09.24 11:10:06.265,1.16485,1.16488,12.35,6.40
2020.09.24 11:10:06.417,1.16485,1.16489,9.35,0.75
2020.09.24 11:10:06.519,1.16484,1.16488,1.87,5.65
2020.09.24 11:10:06.620,1.16485,1.16488,11.97,0.75
2020.09.24 11:10:06.949,1.16485,1.16489,12.72,7.23
2020.09.24 11:10:07.050,1.16485,1.1649,9.35,7.23
2020.09.24 11:10:07.151,1.16486,1.1649,9.35,7.23
2020.09.24 11:10:07.616,1.16486,1.16489,9.35,7.23
2020.09.24 11:10:07.795,1.16484,1.1649,12.72,7.23
2020.09.24 11:10:07.927,1.16485,1.1649,9.35,7.23
2020.09.24 11:10:08.032,1.16484,1.1649,12.72,7.23
2020.09.24 11:10:08.185,1.16485,1.16488,11.97,5.65
2020.09.24 11:10:08.286,1.16485,1.16489,9.35,5.65
2020.09.24 11:10:09.055,1.16486,1.16489,9.35,7.23
2020.09.24 11:10:09.268,1.16487,1.1649,0.37,7.23
2020.09.24 11:10:09.369,1.16485,1.1649,9.35,7.23
2020.09.24 11:10:09.470,1.16485,1.16489,9.35,5.65
2020.09.24 11:10:09.571,1.16486,1.16489,0.75,5.65
2020.09.24 11:10:09.673,1.16486,1.1649,14.49,7.98
2020.09.24 11:10:09.774,1.16485,1.1649,17.49,5.65
2020.09.24 11:10:09.875,1.16485,1.16491,17.49,7.98
2020.09.24 11:10:09.980,1.16486,1.16491,9.35,7.98
2020.09.24 11:10:10.132,1.16486,1.1649,9.35,0.10
2020.09.24 11:10:10.362,1.16487,1.1649,9.35,0.10
2020.09.24 11:10:10.608,1.16485,1.1649,17.49,0.10
2020.09.24 11:10:10.760,1.16487,1.16489,9.35,0.10
2020.09.24 11:10:10.861,1.16485,1.1649,5.70,0.10
2020.09.24 11:10:11.343,1.16485,1.16489,2.62,0.10
2020.09.24 11:10:11.670,1.16487,1.16489,0.37,5.73
2020.09.24 11:10:11.772,1.16485,1.1649,12.16,5.73
2020.09.24 11:10:11.924,1.16485,1.16489,1.69,5.65
2020.09.24 11:10:12.348,1.16487,1.16489,0.75,7.23
2020.09.24 11:10:12.453,1.16485,1.1649,11.04,7.23
2020.09.24 11:10:12.992,1.16486,1.16488,11.04,5.65
2020.09.24 11:10:13.144,1.16486,1.16489,11.04,7.23
2020.09.24 11:10:13.335,1.16485,1.16489,1.69,5.65
2020.09.24 11:10:13.593,1.16485,1.1649,1.69,7.30
2020.09.24 11:10:14.793,1.16485,1.16489,0.75,5.65
2020.09.24 11:10:15.442,1.16486,1.16489,0.75,5.65
2020.09.24 11:10:15.722,1.16485,1.16489,0.75,5.65
2020.09.24 11:10:17.573,1.16485,1.1649,0.75,7.98
2020.09.24 11:10:17.791,1.16485,1.16489,0.75,5.65
2020.09.24 11:10:18.537,1.16486,1.16489,0.75,5.65
2020.09.24 11:10:18.692,1.16485,1.16489,0.75,5.65
2020.09.24 11:10:21.660,1.16486,1.16489,0.75,5.65
2020.09.24 11:10:21.761,1.16485,1.16489,0.75,5.65
2020.09.24 11:10:23.419,1.16483,1.16487,11.41,1.12
2020.09.24 11:10:23.521,1.16482,1.16484,0.75,0.75
2020.09.24 11:10:23.623,1.1648,1.16481,17.79,0.10
2020.09.24 11:10:23.674,1.16478,1.1648,0.75,0.10
2020.09.24 11:10:24.200,1.16476,1.16478,0.75,5.65
2020.09.24 11:10:24.762,1.16476,1.16479,0.75,0.10
2020.09.24 11:10:24.871,1.16476,1.16478,0.75,3.07
2020.09.24 11:10:30.847,1.16478,1.1648,0.19,5.65
2020.09.24 11:10:30.948,1.16478,1.16481,0.56,0.75
2020.09.24 11:10:31.050,1.16478,1.16482,0.19,10.23
2020.09.24 11:10:31.785,1.16478,1.16481,10.10,10.30
2020.09.24 11:10:37.161,1.16478,1.16482,0.37,4.65
2020.09.24 11:10:37.441,1.16477,1.16482,10.85,4.65
2020.09.24 11:10:39.136,1.16476,1.16478,10.85,0.10
2020.09.24 11:10:39.187,1.16476,1.1648,9.35,1.76
2020.09.24 11:10:39.289,1.16475,1.1648,10.66,7.23
2020.09.24 11:10:39.898,1.16478,1.16479,3.75,5.65
2020.09.24 11:10:39.999,1.16478,1.16482,1.12,0.82
2020.09.24 11:10:42.039,1.16478,1.16483,1.50,10.23
2020.09.24 11:10:43.361,1.16479,1.16483,0.75,6.48
2020.09.24 11:10:43.487,1.16479,1.16482,12.35,6.48
2020.09.24 11:10:45.383,1.16479,1.16481,2.62,5.65
2020.09.24 11:10:45.691,1.16478,1.16481,2.62,5.65
2020.09.24 11:10:46.621,1.16478,1.16482,2.62,5.65
2020.09.24 11:10:48.269,1.16479,1.16482,4.12,5.65
2020.09.24 11:10:48.370,1.1648,1.16482,12.72,5.65
2020.09.24 11:10:48.473,1.16479,1.16484,11.22,10.23
2020.09.24 11:10:48.676,1.16479,1.16483,11.22,0.75
2020.09.24 11:10:49.310,1.16479,1.16484,1.87,6.48
2020.09.24 11:10:49.872,1.16481,1.16483,0.37,5.73
2020.09.24 11:10:50.075,1.1648,1.16483,11.22,0.10
2020.09.24 11:10:51.206,1.16481,1.16484,0.75,0.82
2020.09.24 11:10:51.257,1.16479,1.16483,9.72,0.10
2020.09.24 11:10:51.358,1.16479,1.16482,18.16,5.73
2020.09.24 11:10:52.256,1.16479,1.16483,0.75,5.73
2020.09.24 11:10:53.786,1.16478,1.16481,4.87,0.75
2020.09.24 11:10:53.888,1.16477,1.1648,0.75,5.65
2020.09.24 11:10:54.040,1.16478,1.1648,0.75,5.65
2020.09.24 11:10:54.142,1.16478,1.16481,10.10,5.65
2020.09.24 11:10:54.249,1.16479,1.16481,0.75,6.48
2020.09.24 11:10:54.400,1.16478,1.16481,0.75,5.65
2020.09.24 11:10:54.622,1.16479,1.16481,2.25,6.48
2020.09.24 11:10:55.632,1.16472,1.16474,8.62,0.10
2020.09.24 11:10:55.684,1.16468,1.16471,3.94,0.75
2020.09.24 11:10:55.786,1.16466,1.16471,14.60,2.32
2020.09.24 11:10:55.837,1.16468,1.16471,0.75,1.57
2020.09.24 11:10:55.888,1.16467,1.1647,9.35,1.57
2020.09.24 11:10:56.040,1.16467,1.16471,9.35,7.23
2020.09.24 11:10:56.262,1.16467,1.1647,9.35,5.65
2020.09.24 11:10:56.363,1.16467,1.16469,0.75,5.65
2020.09.24 11:10:57.161,1.16466,1.16469,16.66,5.65
2020.09.24 11:10:57.266,1.16466,1.1647,9.35,5.65
2020.09.24 11:10:57.599,1.16465,1.1647,16.66,5.65
2020.09.24 11:10:58.683,1.16465,1.16471,14.22,8.05
2020.09.24 11:10:58.785,1.16465,1.16469,1.87,5.65
2020.09.24 11:10:58.887,1.16466,1.16469,0.37,5.65
2020.09.24 11:10:58.990,1.16465,1.1647,11.22,5.65
2020.09.24 11:11:00.764,1.16465,1.16469,11.22,5.65
2020.09.24 11:11:01.909,1.16465,1.16468,0.75,5.65
2020.09.24 11:11:02.221,1.16465,1.16469,0.75,5.65
2020.09.24 11:11:05.285,1.16466,1.16467,0.75,5.65
2020.09.24 11:11:05.562,1.16465,1.16469,0.75,6.40
2020.09.24 11:11:06.146,1.16465,1.16468,0.75,5.65
2020.09.24 11:11:07.138,1.16465,1.16469,0.75,6.40
2020.09.24 11:11:07.366,1.16465,1.16468,0.75,5.65
2020.09.24 11:11:07.571,1.16466,1.16468,0.75,6.40
2020.09.24 11:11:08.793,1.16465,1.16468,0.75,5.65
2020.09.24 11:11:08.996,1.16465,1.16469,0.75,5.65
2020.09.24 11:11:09.268,1.16465,1.16468,0.75,0.75
2020.09.24 11:11:09.412,1.16466,1.16468,0.75,5.65
2020.09.24 11:11:09.808,1.16463,1.16467,10.85,1.57
2020.09.24 11:11:09.911,1.16462,1.16466,0.19,6.40
2020.09.24 11:11:11.026,1.16462,1.16465,0.19,5.65
2020.09.24 11:11:11.136,1.16462,1.16464,0.94,7.60
2020.09.24 11:11:11.238,1.16461,1.16463,2.44,6.40
2020.09.24 11:11:11.340,1.16461,1.16464,0.94,6.40
2020.09.24 11:11:12.681,1.16462,1.16464,2.51,6.78
2020.09.24 11:11:12.782,1.16462,1.16465,14.11,5.65
2020.09.24 11:11:14.231,1.16463,1.16465,1.50,5.65
2020.09.24 11:11:14.582,1.16462,1.16465,11.79,5.65
2020.09.24 11:11:14.695,1.16462,1.16466,2.44,5.65
2020.09.24 11:11:14.796,1.16463,1.16466,1.12,5.65
2020.09.24 11:11:14.898,1.16463,1.16467,0.37,6.40
2020.09.24 11:11:15.252,1.16462,1.16467,11.79,6.40
2020.09.24 11:11:15.493,1.16463,1.16465,2.44,5.65
2020.09.24 11:11:15.595,1.16461,1.16465,0.94,5.65
2020.09.24 11:11:15.696,1.16462,1.16465,0.94,12.10
2020.09.24 11:11:15.798,1.16462,1.16464,0.94,5.65
2020.09.24 11:11:16.118,1.16462,1.16463,0.94,5.65
2020.09.24 11:11:16.336,1.16461,1.16465,0.94,5.65
2020.09.24 11:11:16.802,1.16461,1.16466,1.69,8.28
2020.09.24 11:11:17.258,1.16461,1.16465,1.69,5.65
2020.09.24 11:11:17.758,1.1646,1.16465,10.47,8.16
2020.09.24 11:11:17.859,1.16459,1.16463,10.10,0.75
2020.09.24 11:11:17.961,1.16459,1.16462,0.75,5.65
2020.09.24 11:11:18.112,1.16459,1.16463,0.75,6.40
2020.09.24 11:11:18.213,1.16459,1.16462,0.75,5.65
2020.09.24 11:11:18.472,1.1646,1.16462,0.75,0.75
2020.09.24 11:11:18.574,1.16459,1.16461,0.75,0.75
2020.09.24 11:11:18.778,1.16458,1.1646,17.04,5.65
2020.09.24 11:11:18.879,1.1646,1.16461,0.75,5.65
2020.09.24 11:11:19.306,1.16458,1.1646,0.75,0.10
2020.09.24 11:11:19.357,1.16457,1.16459,9.91,1.95
2020.09.24 11:11:19.458,1.16456,1.16459,0.19,5.65
2020.09.24 11:11:19.560,1.16454,1.16458,12.54,5.65
2020.09.24 11:11:19.661,1.16454,1.16459,3.19,6.03
2020.09.24 11:11:20.224,1.16454,1.16458,12.54,5.65
2020.09.24 11:11:20.427,1.16454,1.16457,0.94,5.65
2020.09.24 11:11:20.629,1.16454,1.16456,1.69,5.65
2020.09.24 11:11:20.787,1.16454,1.16456,2.44,5.65
2020.09.24 11:11:21.082,1.16453,1.16457,2.44,5.65
2020.09.24 11:11:21.230,1.16453,1.16456,11.04,5.65
2020.09.24 11:11:21.339,1.16453,1.16457,1.69,5.65
2020.09.24 11:11:21.651,1.16454,1.16457,11.04,6.85
2020.09.24 11:11:21.752,1.16453,1.16457,11.04,5.65
2020.09.24 11:11:22.011,1.16453,1.16458,11.04,6.85
2020.09.24 11:11:22.621,1.16453,1.16457,2.44,5.65
2020.09.24 11:11:22.982,1.16454,1.16457,2.44,6.85
2020.09.24 11:11:23.033,1.16452,1.16456,10.10,0.45
2020.09.24 11:11:23.135,1.16452,1.16454,9.35,6.78
2020.09.24 11:11:23.288,1.16451,1.16456,0.75,6.78
2020.09.24 11:11:23.393,1.16451,1.16455,0.75,5.65
2020.09.24 11:11:23.494,1.1645,1.16455,4.31,5.65
2020.09.24 11:11:23.647,1.16452,1.16455,0.75,6.78
2020.09.24 11:11:23.800,1.16451,1.16455,0.75,0.75
2020.09.24 11:11:24.003,1.16452,1.16455,2.62,5.65
2020.09.24 11:11:24.106,1.16453,1.16457,10.85,3.00
2020.09.24 11:11:24.208,1.16454,1.16457,11.60,9.78
2020.09.24 11:11:24.642,1.16454,1.16458,9.35,4.12
2020.09.24 11:11:24.744,1.16454,1.16457,12.35,9.78
2020.09.24 11:11:24.845,1.16454,1.16458,9.35,9.78
2020.09.24 11:11:25.181,1.16453,1.16458,11.97,10.53
2020.09.24 11:11:25.385,1.16455,1.16457,9.35,10.53
2020.09.24 11:11:25.487,1.16453,1.16458,11.60,10.53
2020.09.24 11:11:25.588,1.16454,1.16458,9.35,4.87
2020.09.24 11:11:26.319,1.16453,1.16458,12.16,4.87
2020.09.24 11:11:26.522,1.16453,1.16457,1.50,5.65
2020.09.24 11:11:26.674,1.16453,1.16458,2.44,10.53
2020.09.24 11:11:26.877,1.16454,1.16458,15.24,9.03
2020.09.24 11:11:26.978,1.16456,1.16459,9.35,11.35
2020.09.24 11:11:27.232,1.16455,1.16459,10.17,5.65
2020.09.24 11:11:27.333,1.16455,1.1646,0.82,7.15
2020.09.24 11:11:27.535,1.16455,1.16459,10.17,5.65
2020.09.24 11:11:27.742,1.16455,1.1646,10.17,7.15
2020.09.24 11:11:27.843,1.16455,1.16459,10.17,0.75
2020.09.24 11:11:27.944,1.16455,1.1646,10.17,7.15
2020.09.24 11:11:28.215,1.16455,1.16459,0.82,5.65
2020.09.24 11:11:28.318,1.16456,1.1646,0.82,5.65
2020.09.24 11:11:28.369,1.16458,1.1646,0.75,5.65
2020.09.24 11:11:28.420,1.16458,1.16462,0.75,6.78
2020.09.24 11:11:28.776,1.16457,1.16462,10.17,6.78
2020.09.24 11:11:28.929,1.16457,1.16461,9.35,0.75
2020.09.24 11:11:29.031,1.16455,1.1646,11.97,5.65
2020.09.24 11:11:29.183,1.16455,1.16459,10.85,5.65
2020.09.24 11:11:29.335,1.16454,1.16459,10.85,7.23
2020.09.24 11:11:29.537,1.16454,1.16458,10.10,5.65
2020.09.24 11:11:29.841,1.16455,1.16458,9.35,5.65
2020.09.24 11:11:29.943,1.16454,1.16458,10.10,5.65
2020.09.24 11:11:30.269,1.16455,1.16458,10.10,7.60
2020.09.24 11:11:30.628,1.16455,1.16457,0.75,5.65
2020.09.24 11:11:30.883,1.16454,1.16459,0.75,7.53
2020.09.24 11:11:31.263,1.16456,1.16458,9.35,1.12
2020.09.24 11:11:31.620,1.16455,1.1646,12.42,5.65
2020.09.24 11:11:31.722,1.16455,1.16461,12.42,11.35
2020.09.24 11:11:31.824,1.16456,1.16461,9.35,8.35
2020.09.24 11:11:31.966,1.16455,1.1646,3.07,5.65
2020.09.24 11:11:32.067,1.16455,1.16461,12.42,5.70
2020.09.24 11:11:32.505,1.16457,1.1646,9.35,2.70
2020.09.24 11:11:32.717,1.16456,1.1646,12.42,2.70
2020.09.24 11:11:33.061,1.16456,1.16461,9.35,2.70
2020.09.24 11:11:34.175,1.16456,1.16459,10.92,5.65
2020.09.24 11:11:34.996,1.16455,1.16459,11.67,1.12
2020.09.24 11:11:35.458,1.16455,1.16458,2.32,5.65
2020.09.24 11:11:35.674,1.16456,1.16458,2.32,1.87
2020.09.24 11:11:36.855,1.16457,1.16459,1.20,7.53
2020.09.24 11:11:36.957,1.16457,1.1646,1.95,5.65
2020.09.24 11:11:37.008,1.16459,1.16461,0.10,8.65
2020.09.24 11:11:37.312,1.16458,1.16463,0.75,8.28
2020.09.24 11:11:37.646,1.16459,1.16461,10.10,3.00
2020.09.24 11:11:39.502,1.16458,1.16463,10.10,10.53
2020.09.24 11:11:40.067,1.16459,1.16462,9.35,0.37
2020.09.24 11:11:40.170,1.1646,1.16464,1.50,5.65
2020.09.24 11:11:40.272,1.16462,1.16464,10.17,1.12
2020.09.24 11:11:40.374,1.16462,1.16465,13.14,8.65
2020.09.24 11:11:40.477,1.16461,1.16467,3.71,12.21
2020.09.24 11:11:40.579,1.16461,1.16466,11.19,5.65
2020.09.24 11:11:41.900,1.16462,1.16466,0.75,7.53
2020.09.24 11:11:42.401,1.16463,1.16466,0.75,7.71
2020.09.24 11:11:42.654,1.16461,1.16466,3.26,7.53
2020.09.24 11:11:42.806,1.16462,1.16466,0.10,1.12
2020.09.24 11:11:43.362,1.16461,1.16465,2.44,1.50
2020.09.24 11:11:44.126,1.16462,1.16465,0.75,0.75
2020.09.24 11:11:44.663,1.16461,1.16465,0.75,1.50
2020.09.24 11:11:45.219,1.16461,1.16464,0.75,0.75
2020.09.24 11:11:45.321,1.16462,1.16464,0.75,0.75
2020.09.24 11:11:45.811,1.16463,1.16464,0.75,0.75
2020.09.24 11:11:45.913,1.16462,1.16466,0.75,3.75
2020.09.24 11:11:46.015,1.16465,1.16466,0.75,7.71
2020.09.24 11:11:46.117,1.16464,1.16468,0.75,3.00
2020.09.24 11:11:46.219,1.16465,1.16469,1.50,6.03
2020.09.24 11:11:46.321,1.16466,1.16469,9.35,0.37
2020.09.24 11:11:46.575,1.16467,1.16468,10.10,0.75
2020.09.24 11:11:46.677,1.16467,1.16468,10.10,7.53
2020.09.24 11:11:46.931,1.16465,1.16469,11.79,1.12
2020.09.24 11:11:47.185,1.16465,1.16466,9.54,1.50
2020.09.24 11:11:47.237,1.16463,1.16466,0.37,1.50
2020.09.24 11:11:47.288,1.16462,1.16465,14.56,1.31
2020.09.24 11:11:47.595,1.16462,1.16466,1.50,9.96
2020.09.24 11:11:48.007,1.16462,1.16465,13.36,4.31
2020.09.24 11:11:48.769,1.16463,1.16466,0.75,8.65
2020.09.24 11:11:48.870,1.16462,1.16465,12.61,1.12
2020.09.24 11:11:49.730,1.16461,1.16464,2.44,0.75
2020.09.24 11:11:50.034,1.16461,1.16463,0.19,10.60
2020.09.24 11:11:50.135,1.16459,1.16461,9.94,1.50
2020.09.24 11:11:50.237,1.16458,1.1646,10.36,2.06
2020.09.24 11:11:50.543,1.16456,1.16461,2.81,10.71
2020.09.24 11:11:50.645,1.16457,1.16459,2.81,5.65
2020.09.24 11:11:50.748,1.16456,1.16461,2.81,7.71
2020.09.24 11:11:51.092,1.16456,1.1646,2.81,5.65
2020.09.24 11:11:52.050,1.16455,1.1646,12.05,6.40
2020.09.24 11:11:52.152,1.16456,1.16458,3.26,6.03
2020.09.24 11:11:52.253,1.16455,1.1646,11.86,7.71
2020.09.24 11:11:52.709,1.16455,1.16459,11.86,0.75
2020.09.24 11:11:52.810,1.16456,1.16459,2.51,7.53
2020.09.24 11:11:53.263,1.16456,1.1646,0.75,7.71
2020.09.24 11:11:55.188,1.16458,1.1646,1.01,5.65
2020.09.24 11:11:55.290,1.16459,1.16462,0.26,8.65
2020.09.24 11:11:55.392,1.16459,1.16463,0.26,8.65
2020.09.24 11:11:55.944,1.1646,1.16461,0.26,5.65
2020.09.24 11:11:56.045,1.1646,1.16462,0.26,9.03
2020.09.24 11:11:56.198,1.16461,1.16462,2.32,6.03
2020.09.24 11:11:56.301,1.16462,1.16463,0.10,0.75
2020.09.24 11:11:57.315,1.16462,1.16465,0.82,3.75
2020.09.24 11:11:57.366,1.16465,1.16467,0.82,0.82
2020.09.24 11:11:57.417,1.16467,1.16469,0.75,0.37
2020.09.24 11:11:57.518,1.16467,1.16471,1.50,5.65
2020.09.24 11:11:57.873,1.16468,1.16471,0.75,5.65
2020.09.24 11:11:58.076,1.16469,1.16472,0.19,5.65
2020.09.24 11:11:58.179,1.16469,1.16473,9.42,5.65
2020.09.24 11:11:58.282,1.16468,1.16474,17.11,9.66
2020.09.24 11:11:58.333,1.16469,1.16471,9.35,0.75
2020.09.24 11:11:58.435,1.16466,1.1647,12.05,0.75
2020.09.24 11:11:58.597,1.16466,1.16471,1.95,9.40
2020.09.24 11:11:58.698,1.16466,1.1647,1.95,5.65
2020.09.24 11:11:58.800,1.16465,1.16468,9.72,1.57
2020.09.24 11:11:58.902,1.16462,1.16465,0.82,0.75
2020.09.24 11:11:59.003,1.16462,1.16466,0.82,8.65
2020.09.24 11:11:59.767,1.16463,1.16464,9.42,5.65
2020.09.24 11:11:59.899,1.16462,1.16466,0.10,8.65
2020.09.24 11:12:00.101,1.16462,1.16465,0.10,5.65
2020.09.24 11:12:00.312,1.16463,1.16465,0.82,8.65
2020.09.24 11:12:00.423,1.16462,1.16465,0.82,5.65
2020.09.24 11:12:01.558,1.16462,1.16466,0.82,6.40
2020.09.24 11:12:02.449,1.16462,1.16465,0.10,5.65
2020.09.24 11:12:03.139,1.16462,1.16466,0.10,8.65
2020.09.24 11:12:03.446,1.16462,1.16465,0.10,5.65
2020.09.24 11:12:03.637,1.16462,1.16466,0.10,8.65
2020.09.24 11:12:04.878,1.16463,1.16466,0.75,8.65
2020.09.24 11:12:05.814,1.16464,1.16467,0.37,5.65
2020.09.24 11:12:05.916,1.16464,1.16466,1.50,5.73
2020.09.24 11:12:06.362,1.16464,1.16465,1.50,5.65
2020.09.24 11:12:06.464,1.16463,1.16467,1.50,5.73
2020.09.24 11:12:06.778,1.16463,1.16466,1.50,5.65
2020.09.24 11:12:07.057,1.16463,1.16467,1.50,8.73
2020.09.24 11:12:09.149,1.16463,1.16466,0.10,5.65
2020.09.24 11:12:09.764,1.16463,1.16467,0.10,6.40
2020.09.24 11:12:10.187,1.16464,1.16467,0.75,5.65
2020.09.24 11:12:10.288,1.16464,1.16468,0.75,9.78
2020.09.24 11:12:10.569,1.16463,1.16468,2.02,4.12
2020.09.24 11:12:10.670,1.16462,1.16467,12.87,5.65
2020.09.24 11:12:12.050,1.16462,1.16468,12.87,10.53
2020.09.24 11:12:12.152,1.16462,1.16467,0.75,8.65
2020.09.24 11:12:13.587,1.16462,1.16468,1.27,12.21
2020.09.24 11:12:13.892,1.16462,1.16467,2.02,5.65
2020.09.24 11:12:17.332,1.16462,1.16466,2.02,5.65
2020.09.24 11:12:17.585,1.16461,1.16466,1.57,6.40
2020.09.24 11:12:17.686,1.16461,1.16465,1.57,5.65
2020.09.24 11:12:17.788,1.16461,1.16466,1.57,8.65
2020.09.24 11:12:18.110,1.16461,1.16465,1.57,5.65
2020.09.24 11:12:18.218,1.16462,1.16465,1.57,8.65
2020.09.24 11:12:18.385,1.16461,1.16465,1.57,5.65
2020.09.24 11:12:20.727,1.16461,1.16466,1.27,9.78
2020.09.24 11:12:21.457,1.16462,1.16464,1.27,5.65
2020.09.24 11:12:22.300,1.16462,1.16465,1.27,9.78
2020.09.24 11:12:22.553,1.16461,1.16465,1.27,5.65
2020.09.24 11:12:22.654,1.16462,1.16465,0.75,5.65
2020.09.24 11:12:23.589,1.16462,1.16466,0.75,9.78
2020.09.24 11:12:23.918,1.16463,1.16464,0.75,5.65
2020.09.24 11:12:24.364,1.16462,1.16466,0.75,9.78
2020.09.24 11:12:27.961,1.16464,1.16465,0.10,9.03
2020.09.24 11:12:28.063,1.16465,1.16466,0.10,6.40
2020.09.24 11:12:28.164,1.16464,1.16468,0.10,10.53
2020.09.24 11:12:28.631,1.16462,1.16465,9.80,1.50
2020.09.24 11:12:28.733,1.1646,1.16464,8.51,6.40
2020.09.24 11:12:28.936,1.1646,1.16463,1.01,5.65
2020.09.24 11:12:29.555,1.16461,1.16463,1.01,6.40
2020.09.24 11:12:29.667,1.1646,1.16463,1.01,5.65
2020.09.24 11:12:29.788,1.1646,1.16464,1.01,6.40
2020.09.24 11:12:30.980,1.16461,1.16462,1.01,5.65
2020.09.24 11:12:31.584,1.16461,1.16463,1.01,6.40
2020.09.24 11:12:35.002,1.16462,1.16464,2.51,5.65
2020.09.24 11:12:35.053,1.16463,1.16466,1.50,0.45
2020.09.24 11:12:35.155,1.16464,1.16467,3.26,5.65
2020.09.24 11:12:35.256,1.16467,1.16469,0.10,5.65
2020.09.24 11:12:35.359,1.16467,1.1647,0.10,0.75
2020.09.24 11:12:39.340,1.16469,1.16471,0.10,5.65
2020.09.24 11:12:39.442,1.1647,1.16472,0.10,7.90
2020.09.24 11:12:39.543,1.16468,1.16472,1.57,5.65
2020.09.24 11:12:39.645,1.16469,1.1647,0.10,6.40
2020.09.24 11:12:39.746,1.16467,1.1647,0.10,6.03
2020.09.24 11:12:40.683,1.16466,1.16467,11.41,0.10
2020.09.24 11:12:40.785,1.16463,1.16464,0.75,0.75
2020.09.24 11:12:40.886,1.16461,1.16465,7.57,6.40
2020.09.24 11:12:42.052,1.1646,1.16465,12.61,0.75
2020.09.24 11:12:43.522,1.16462,1.16465,0.10,8.65
2020.09.24 11:12:43.623,1.16461,1.16466,0.82,10.53
2020.09.24 11:12:43.927,1.16461,1.16465,0.82,5.65
2020.09.24 11:12:44.130,1.16461,1.16466,1.57,10.53
2020.09.24 11:12:45.681,1.16461,1.16465,1.57,5.65
2020.09.24 11:12:46.178,1.16461,1.16466,1.57,10.53
2020.09.24 11:12:46.455,1.16462,1.16466,0.10,10.53
2020.09.24 11:12:46.557,1.16462,1.16465,1.57,10.53
2020.09.24 11:12:46.659,1.16462,1.16464,1.57,5.65
2020.09.24 11:12:46.812,1.1646,1.16465,15.99,5.65
2020.09.24 11:12:48.325,1.1646,1.16464,0.94,1.50
2020.09.24 11:12:48.426,1.1646,1.16462,1.69,10.34
2020.09.24 11:12:49.202,1.16457,1.16461,11.11,1.50
2020.09.24 11:12:49.304,1.16459,1.16461,1.69,0.75
2020.09.24 11:12:49.407,1.1646,1.16462,0.75,0.75
2020.09.24 11:12:49.857,1.1646,1.16463,0.75,6.40
2020.09.24 11:12:50.913,1.16461,1.16463,0.75,6.40
2020.09.24 11:12:50.964,1.16462,1.16466,1.57,5.32
2020.09.24 11:12:51.117,1.16462,1.16465,0.10,5.65
2020.09.24 11:12:51.370,1.16463,1.16465,0.82,11.46
2020.09.24 11:12:52.117,1.16463,1.16466,1.50,9.03
2020.09.24 11:12:52.220,1.16463,1.16467,1.50,7.53
2020.09.24 11:12:52.994,1.16463,1.16466,1.57,5.65
2020.09.24 11:12:53.329,1.16464,1.16466,0.82,7.15
2020.09.24 11:12:53.671,1.16464,1.16465,1.57,5.65
2020.09.24 11:12:53.894,1.16466,1.16467,1.69,9.78
2020.09.24 11:12:53.995,1.16466,1.16469,0.75,11.46
2020.09.24 11:12:55.373,1.16465,1.16469,0.94,10.53
2020.09.24 11:12:55.476,1.16466,1.16469,0.75,9.40
2020.09.24 11:12:56.296,1.16465,1.16469,10.29,8.65
2020.09.24 11:12:56.699,1.16467,1.16469,0.75,5.65
2020.09.24 11:12:56.804,1.16467,1.16469,0.75,7.71
2020.09.24 11:12:57.895,1.16466,1.1647,0.75,7.71
2020.09.24 11:12:58.670,1.16467,1.16468,0.75,5.65
2020.09.24 11:12:59.571,1.16465,1.1647,10.29,10.71
2020.09.24 11:12:59.785,1.16465,1.16469,11.04,5.65
2020.09.24 11:12:59.966,1.16466,1.16469,9.35,5.65
2020.09.24 11:13:00.203,1.16465,1.1647,11.04,10.71
2020.09.24 11:13:00.814,1.16466,1.1647,0.37,10.71
2020.09.24 11:13:00.917,1.16469,1.1647,0.75,3.00
2020.09.24 11:13:00.968,1.16471,1.16472,0.75,8.65
2020.09.24 11:13:01.019,1.16473,1.16474,1.69,6.10
2020.09.24 11:13:01.121,1.16471,1.16475,0.75,6.40
2020.09.24 11:13:01.965,1.16471,1.16476,0.75,11.46
2020.09.24 11:13:02.066,1.16473,1.16475,1.50,6.96
2020.09.24 11:13:02.219,1.16472,1.16475,0.75,7.04
2020.09.24 11:13:02.320,1.16471,1.16475,0.75,0.75
2020.09.24 11:13:02.858,1.1647,1.16475,0.94,6.40
2020.09.24 11:13:03.061,1.1647,1.16474,0.94,0.75
2020.09.24 11:13:03.164,1.1647,1.16475,0.94,6.40
2020.09.24 11:13:03.483,1.1647,1.16474,0.94,5.65
2020.09.24 11:13:03.592,1.16471,1.16474,0.94,6.40
2020.09.24 11:13:05.026,1.16472,1.16474,0.82,6.40
2020.09.24 11:13:05.621,1.16473,1.16474,0.10,0.75
2020.09.24 11:13:06.160,1.16472,1.16473,2.32,0.75
2020.09.24 11:13:06.302,1.16472,1.16475,0.10,6.40
2020.09.24 11:13:08.129,1.16471,1.16475,0.82,1.12
2020.09.24 11:13:08.281,1.16472,1.16473,0.82,5.65
2020.09.24 11:13:08.614,1.16472,1.16474,0.82,6.40
2020.09.24 11:13:09.262,1.16471,1.16473,0.82,0.37
2020.09.24 11:13:09.398,1.16471,1.16475,0.82,6.40
2020.09.24 11:13:09.499,1.16471,1.16474,0.10,0.75
2020.09.24 11:13:09.601,1.16472,1.16474,0.10,5.65
2020.09.24 11:13:09.703,1.16473,1.16474,1.57,5.65
2020.09.24 11:13:10.383,1.16473,1.16474,9.42,5.65
2020.09.24 11:13:10.485,1.16471,1.16474,0.82,5.65
2020.09.24 11:13:10.840,1.16472,1.16474,0.10,6.40
2020.09.24 11:13:10.941,1.16471,1.16474,0.10,5.65
2020.09.24 11:13:11.357,1.16472,1.16474,0.10,6.40
2020.09.24 11:13:12.367,1.16471,1.16473,0.10,0.75
2020.09.24 11:13:12.460,1.16472,1.16474,0.10,6.40
2020.09.24 11:13:15.417,1.16471,1.16474,0.10,5.65
2020.09.24 11:13:15.468,1.1647,1.16472,15.31,0.75
2020.09.24 11:13:15.520,1.16473,1.16475,1.60,8.28
2020.09.24 11:13:15.622,1.16474,1.16476,0.10,6.78
2020.09.24 11:13:15.775,1.16472,1.16476,0.10,6.78
2020.09.24 11:13:16.589,1.16472,1.16475,0.10,1.12
2020.09.24 11:13:18.562,1.16472,1.16473,3.26,0.75
2020.09.24 11:13:18.663,1.16472,1.16475,0.10,4.12
2020.09.24 11:13:19.025,1.16472,1.16476,0.10,11.35
2020.09.24 11:13:19.279,1.16473,1.16476,0.10,7.15
2020.09.24 11:13:19.380,1.16473,1.16477,0.45,7.71
2020.09.24 11:13:19.684,1.16475,1.16476,0.10,6.78
2020.09.24 11:13:19.836,1.16473,1.16477,0.10,6.78
2020.09.24 11:13:19.937,1.16474,1.16476,1.60,6.78
2020.09.24 11:13:20.241,1.16476,1.16478,0.94,5.65
2020.09.24 11:13:20.292,1.16478,1.1648,0.10,1.95
2020.09.24 11:13:20.394,1.16479,1.16481,0.10,5.65
2020.09.24 11:13:20.444,1.1648,1.16482,0.10,7.71
2020.09.24 11:13:21.219,1.1648,1.16483,0.10,1.50
2020.09.24 11:13:21.674,1.1648,1.16482,0.10,0.75
2020.09.24 11:13:21.775,1.1648,1.16483,0.10,6.40
2020.09.24 11:13:24.807,1.1648,1.16482,0.10,0.75
2020.09.24 11:13:24.960,1.1648,1.16483,0.10,0.75
2020.09.24 11:13:26.876,1.16479,1.16483,0.10,0.75
2020.09.24 11:13:27.612,1.1648,1.16483,0.10,7.53
2020.09.24 11:13:27.881,1.1648,1.16482,0.10,0.75
2020.09.24 11:13:28.069,1.1648,1.16483,0.10,7.53
2020.09.24 11:13:29.531,1.16478,1.1648,0.37,1.65
2020.09.24 11:13:29.582,1.16475,1.16478,9.42,0.75
2020.09.24 11:13:29.685,1.16473,1.16476,0.37,10.15
2020.09.24 11:13:29.736,1.16471,1.16476,10.17,10.53
2020.09.24 11:13:29.838,1.16472,1.16474,0.82,5.65
2020.09.24 11:13:30.632,1.16472,1.16475,0.10,5.65
2020.09.24 11:13:30.886,1.16472,1.16476,0.10,9.21
2020.09.24 11:13:30.987,1.16473,1.16474,0.10,5.65
2020.09.24 11:13:31.564,1.16472,1.16474,0.82,5.65
2020.09.24 11:13:32.411,1.16472,1.16473,0.82,5.65
2020.09.24 11:13:33.860,1.16473,1.16474,0.10,5.65
2020.09.24 11:13:33.911,1.16473,1.16475,0.10,8.46
2020.09.24 11:13:34.063,1.16472,1.16474,0.10,0.75
2020.09.24 11:13:34.346,1.16472,1.16476,0.10,8.46
2020.09.24 11:13:34.497,1.16472,1.16475,0.10,5.65
2020.09.24 11:13:34.887,1.16473,1.16475,0.10,8.46
2020.09.24 11:13:35.265,1.16472,1.16475,0.10,5.65
2020.09.24 11:13:35.553,1.16472,1.16476,0.10,8.46
2020.09.24 11:13:36.183,1.16472,1.16475,0.10,5.65
2020.09.24 11:13:37.137,1.1647,1.16473,2.32,0.75
2020.09.24 11:13:37.367,1.16472,1.16475,0.10,5.65
2020.09.24 11:13:38.018,1.16472,1.16476,0.10,8.46
2020.09.24 11:13:38.545,1.16473,1.16474,0.10,5.65
2020.09.24 11:13:39.366,1.16473,1.16475,0.82,5.65
2020.09.24 11:13:39.467,1.16473,1.16477,0.82,9.78
2020.09.24 11:13:40.261,1.16474,1.16475,0.82,0.75
2020.09.24 11:13:40.387,1.16474,1.16476,0.82,6.78
2020.09.24 11:13:40.929,1.16475,1.16476,0.10,9.78
2020.09.24 11:13:41.082,1.16475,1.16477,1.69,5.65
2020.09.24 11:13:41.133,1.16477,1.16478,0.10,5.65
2020.09.24 11:13:41.234,1.16478,1.1648,1.87,5.65
2020.09.24 11:13:41.285,1.1648,1.16482,0.82,3.94
2020.09.24 11:13:41.336,1.16481,1.16483,0.10,5.84
2020.09.24 11:13:41.589,1.1648,1.16483,10.85,0.19
2020.09.24 11:13:41.691,1.16482,1.16484,0.10,0.19
2020.09.24 11:13:42.453,1.16481,1.16484,10.85,0.19
2020.09.24 11:13:43.106,1.16483,1.16486,0.10,8.09
2020.09.24 11:13:43.208,1.16482,1.16485,0.10,5.65
2020.09.24 11:13:44.532,1.16481,1.16485,0.10,7.71
2020.09.24 11:13:44.634,1.16481,1.16484,0.10,9.40
2020.09.24 11:13:45.558,1.16482,1.16485,0.10,6.59
2020.09.24 11:13:45.660,1.16483,1.16485,0.10,7.34
2020.09.24 11:13:46.042,1.16483,1.16486,0.10,8.09
2020.09.24 11:13:46.144,1.16485,1.16486,0.10,7.34
2020.09.24 11:13:46.397,1.16484,1.16488,0.10,7.34
2020.09.24 11:13:46.499,1.16487,1.16488,1.57,6.40
2020.09.24 11:13:46.549,1.16489,1.16492,0.82,1.12
2020.09.24 11:13:46.651,1.1649,1.16492,15.05,2.63
2020.09.24 11:13:46.753,1.16491,1.16492,0.82,0.19
2020.09.24 11:13:47.612,1.1649,1.16492,0.10,0.19
2020.09.24 11:13:48.938,1.16491,1.16492,0.10,5.65
2020.09.24 11:13:49.039,1.16491,1.16493,0.10,5.65
2020.09.24 11:13:50.171,1.1649,1.16493,0.10,5.65
2020.09.24 11:13:54.101,1.16488,1.1649,12.42,2.44
2020.09.24 11:13:54.203,1.16489,1.16491,0.10,6.40
2020.09.24 11:13:54.304,1.1649,1.16492,1.79,10.15
2020.09.24 11:13:54.950,1.16489,1.16492,0.26,0.75
2020.09.24 11:13:59.997,1.16489,1.16491,0.45,0.75
2020.09.24 11:14:00.200,1.16489,1.16492,0.10,7.34
2020.09.24 11:14:00.454,1.16487,1.1649,13.17,0.37
2020.09.24 11:14:00.555,1.16487,1.16488,0.10,0.75
2020.09.24 11:14:00.657,1.16486,1.1649,0.10,10.60
2020.09.24 11:14:00.759,1.16484,1.16486,9.35,3.37
2020.09.24 11:14:00.810,1.16482,1.16483,0.82,0.94
2020.09.24 11:14:00.911,1.1648,1.16484,0.82,0.94
2020.09.24 11:14:03.263,1.1648,1.16483,0.82,12.66
2020.09.24 11:14:03.466,1.16479,1.16483,0.82,0.94
2020.09.24 11:14:03.770,1.16479,1.16482,11.75,1.76
2020.09.24 11:14:03.821,1.16478,1.1648,9.87,0.75
2020.09.24 11:14:03.922,1.16478,1.16481,0.10,7.34
2020.09.24 11:14:05.560,1.16477,1.16481,0.82,7.34
2020.09.24 11:14:12.293,1.16478,1.16481,0.10,0.94
2020.09.24 11:14:18.606,1.16477,1.16479,0.75,0.94
2020.09.24 11:14:18.708,1.16475,1.16479,16.29,5.65
2020.09.24 11:14:18.760,1.16478,1.1648,0.10,7.34
2020.09.24 11:14:20.158,1.16478,1.16479,0.10,0.94
2020.09.24 11:14:20.260,1.16475,1.16479,14.30,0.94
2020.09.24 11:14:20.605,1.16476,1.16479,0.10,6.59
2020.09.24 11:14:21.409,1.16475,1.16479,10.17,1.69
2020.09.24 11:14:21.561,1.16476,1.16477,0.10,6.03
2020.09.24 11:14:21.766,1.16476,1.16477,2.32,0.19
2020.09.24 11:14:21.868,1.16475,1.16478,0.10,7.34
2020.09.24 11:14:22.864,1.16476,1.16478,0.10,1.69
2020.09.24 11:14:23.669,1.16476,1.16477,2.25,0.75
2020.09.24 11:14:23.721,1.16477,1.16479,2.62,5.65
2020.09.24 11:14:23.772,1.16481,1.16482,0.75,6.21
2020.09.24 11:14:23.823,1.16482,1.16484,0.10,1.20
2020.09.24 11:14:23.924,1.16483,1.16485,0.10,0.19
2020.09.24 11:14:26.772,1.16484,1.16486,0.10,0.19
2020.09.24 11:14:26.874,1.16484,1.16487,0.10,5.65
2020.09.24 11:14:26.975,1.16484,1.16488,0.10,7.71
2020.09.24 11:14:27.400,1.16484,1.16487,0.10,5.65
2020.09.24 11:14:29.940,1.16485,1.16487,0.10,7.71
2020.09.24 11:14:30.182,1.16483,1.16486,0.45,0.37
2020.09.24 11:14:30.404,1.16482,1.16486,1.20,3.37
2020.09.24 11:14:32.250,1.16482,1.16487,0.45,6.78
2020.09.24 11:14:32.604,1.16483,1.16485,0.45,5.65
2020.09.24 11:14:33.201,1.16482,1.16487,0.45,7.53
2020.09.24 11:14:33.303,1.16481,1.16485,3.82,1.31
2020.09.24 11:14:33.508,1.16481,1.16484,0.10,5.65
2020.09.24 11:14:34.390,1.16481,1.16485,0.10,6.21
2020.09.24 11:14:34.678,1.16482,1.16484,1.60,5.84
2020.09.24 11:14:34.781,1.16483,1.16485,0.10,5.65
2020.09.24 11:14:34.832,1.16483,1.16487,0.10,6.59
2020.09.24 11:14:35.496,1.16482,1.16487,1.20,7.34
2020.09.24 11:14:35.598,1.16482,1.16486,1.20,3.00
2020.09.24 11:14:38.449,1.16483,1.16486,0.10,11.46
2020.09.24 11:14:39.351,1.16482,1.16486,0.10,5.65
2020.09.24 11:14:40.935,1.16482,1.16487,0.10,10.71
2020.09.24 11:14:42.726,1.16482,1.16486,0.10,5.65
2020.09.24 11:14:43.160,1.16481,1.16486,9.42,8.84
2020.09.24 11:14:43.276,1.16481,1.16484,0.10,3.00
2020.09.24 11:14:43.630,1.16481,1.16483,1.01,10.53
2020.09.24 11:14:43.883,1.1648,1.16483,1.01,5.65
2020.09.24 11:14:44.540,1.1648,1.16484,0.94,9.78
2020.09.24 11:14:45.228,1.16481,1.16484,0.10,8.65
2020.09.24 11:14:45.603,1.16481,1.16483,0.10,5.65
2020.09.24 11:14:46.017,1.16481,1.16484,0.10,6.78
2020.09.24 11:14:46.694,1.16481,1.16483,0.10,5.65
2020.09.24 11:14:47.108,1.16481,1.16484,0.10,6.78
2020.09.24 11:14:47.331,1.1648,1.16482,0.10,0.75
2020.09.24 11:14:47.382,1.16479,1.1648,0.75,0.75
2020.09.24 11:14:47.484,1.1648,1.16482,0.10,0.75
2020.09.24 11:14:47.585,1.1648,1.16483,0.10,0.37
2020.09.24 11:14:47.990,1.1648,1.16484,0.26,7.15
2020.09.24 11:14:48.143,1.16482,1.16484,0.10,5.65
2020.09.24 11:14:48.244,1.16482,1.16485,0.10,6.59
2020.09.24 11:14:48.792,1.16481,1.16485,0.10,6.59
2020.09.24 11:14:49.140,1.16481,1.16484,0.10,5.65
2020.09.24 11:14:49.389,1.16483,1.16485,0.75,5.65
2020.09.24 11:14:49.491,1.16485,1.16487,0.10,7.71
2020.09.24 11:14:49.643,1.16485,1.16488,0.10,5.65
2020.09.24 11:14:50.890,1.16485,1.16489,0.10,11.84
2020.09.24 11:14:51.805,1.16485,1.16488,0.10,5.65
2020.09.24 11:14:52.813,1.16486,1.16488,0.10,7.04
2020.09.24 11:14:52.916,1.16488,1.1649,1.60,10.71
2020.09.24 11:14:53.018,1.16488,1.16491,0.10,6.40
2020.09.24 11:14:58.000,1.16488,1.16492,0.82,6.40
2020.09.24 11:14:58.862,1.1649,1.16491,0.37,7.15
2020.09.24 11:14:58.990,1.16488,1.16492,0.82,7.15
2020.09.24 11:15:01.163,1.16488,1.16491,10.10,0.37
2020.09.24 11:15:01.264,1.16488,1.16492,0.75,8.91
2020.09.24 11:15:01.365,1.16488,1.16491,0.75,5.65
2020.09.24 11:15:02.150,1.16487,1.16491,9.42,5.65
2020.09.24 11:15:03.079,1.16487,1.16489,0.10,0.75
2020.09.24 11:15:03.181,1.16487,1.16491,0.10,5.65
2020.09.24 11:15:03.487,1.16487,1.16489,9.35,0.37
2020.09.24 11:15:03.538,1.16485,1.16488,0.82,1.12
2020.09.24 11:15:03.640,1.16484,1.16488,1.20,6.85
2020.09.24 11:15:03.982,1.16485,1.16486,1.20,5.65
2020.09.24 11:15:04.742,1.16485,1.16487,0.82,5.65
2020.09.24 11:15:04.895,1.16486,1.16488,0.10,6.40
2020.09.24 11:15:06.462,1.16486,1.16487,2.25,4.12
2020.09.24 11:15:06.564,1.16485,1.16487,0.75,0.75
2020.09.24 11:15:06.944,1.16486,1.16487,0.75,7.53
2020.09.24 11:15:07.045,1.16484,1.16488,1.20,7.53
2020.09.24 11:15:07.353,1.16485,1.16488,0.10,7.15
2020.09.24 11:15:07.455,1.16486,1.16488,0.85,7.23
2020.09.24 11:15:07.556,1.16486,1.16489,0.10,7.15
2020.09.24 11:15:09.756,1.16486,1.16487,1.57,5.65
2020.09.24 11:15:10.376,1.16486,1.16489,0.10,7.15
2020.09.24 11:15:10.834,1.16486,1.16487,10.92,5.65
2020.09.24 11:15:10.935,1.16486,1.16489,0.10,7.15
2020.09.24 11:15:11.282,1.16485,1.16487,0.75,3.94
2020.09.24 11:15:11.384,1.16483,1.16486,2.62,6.40
2020.09.24 11:15:11.485,1.16484,1.16487,0.75,0.75
2020.09.24 11:15:11.536,1.16486,1.16487,0.10,6.03
2020.09.24 11:15:12.263,1.16486,1.16489,0.10,7.15
2020.09.24 11:15:12.415,1.16486,1.16488,0.10,5.65
2020.09.24 11:15:12.711,1.16486,1.16489,0.10,6.85
2020.09.24 11:15:14.351,1.16487,1.16489,0.10,0.75
2020.09.24 11:15:14.453,1.16488,1.16491,10.10,6.94
2020.09.24 11:15:14.555,1.16488,1.1649,9.35,2.51
2020.09.24 11:15:14.607,1.16486,1.16489,0.10,5.65
2020.09.24 11:15:14.759,1.16485,1.16489,11.11,5.65
2020.09.24 11:15:14.860,1.16485,1.16488,1.76,5.65
2020.09.24 11:15:15.318,1.16486,1.16488,1.01,5.65
2020.09.24 11:15:15.470,1.16485,1.16488,1.01,0.75
2020.09.24 11:15:15.620,1.16485,1.16489,1.01,5.65
2020.09.24 11:15:15.671,1.16484,1.16487,10.47,3.75
2020.09.24 11:15:15.773,1.16485,1.16488,0.10,6.03
2020.09.24 11:15:15.925,1.16486,1.16488,0.82,7.90
2020.09.24 11:15:18.062,1.16485,1.16488,0.10,0.75
2020.09.24 11:15:18.573,1.16485,1.16487,0.10,0.75
2020.09.24 11:15:18.674,1.16485,1.16488,0.10,0.75
2020.09.24 11:15:18.928,1.16483,1.16487,14.30,6.40
2020.09.24 11:15:20.930,1.16483,1.16486,4.95,5.65
2020.09.24 11:15:21.572,1.16484,1.16486,4.95,6.78
2020.09.24 11:15:22.149,1.16483,1.16486,0.10,5.65
2020.09.24 11:15:22.809,1.16483,1.16484,9.42,0.75
2020.09.24 11:15:22.910,1.16481,1.16485,1.57,5.65
2020.09.24 11:15:23.215,1.16481,1.16484,0.10,5.65
2020.09.24 11:15:23.468,1.16481,1.16483,0.10,5.65
2020.09.24 11:15:23.749,1.1648,1.16483,11.11,5.65
2020.09.24 11:15:24.290,1.1648,1.16484,1.76,6.78
2020.09.24 11:15:24.790,1.1648,1.16483,1.76,0.75
2020.09.24 11:15:24.911,1.16481,1.16483,1.76,6.40
2020.09.24 11:15:25.069,1.1648,1.16483,1.76,5.65
2020.09.24 11:15:25.776,1.16481,1.16483,1.76,6.40
2020.09.24 11:15:26.059,1.1648,1.16483,1.76,5.65
2020.09.24 11:15:26.321,1.16481,1.16483,1.76,6.40
2020.09.24 11:15:26.523,1.1648,1.16483,1.76,5.65
2020.09.24 11:15:26.625,1.1648,1.16484,1.76,5.65
2020.09.24 11:15:27.838,1.16481,1.16482,11.49,0.75
2020.09.24 11:15:27.939,1.16481,1.16483,11.49,5.65
2020.09.24 11:15:29.966,1.16482,1.16483,0.10,5.65
2020.09.24 11:15:30.996,1.16481,1.16482,12.99,0.75
2020.09.24 11:15:31.098,1.16481,1.16484,0.10,5.65
2020.09.24 11:15:34.067,1.16481,1.16483,0.10,0.75
2020.09.24 11:15:34.168,1.16482,1.16483,0.10,5.65
2020.09.24 11:15:34.370,1.16483,1.16484,0.75,6.78
2020.09.24 11:15:34.472,1.16486,1.16488,0.10,1.12
2020.09.24 11:15:34.624,1.16487,1.16488,0.10,9.78
2020.09.24 11:15:34.726,1.16486,1.16488,0.10,5.65
2020.09.24 11:15:34.905,1.16486,1.16489,0.10,9.78
2020.09.24 11:15:35.108,1.16486,1.16487,9.61,5.65
2020.09.24 11:15:35.209,1.16485,1.16488,0.26,5.65
2020.09.24 11:15:35.648,1.16485,1.16487,0.26,5.65
2020.09.24 11:15:35.777,1.16485,1.16488,0.26,5.65
2020.09.24 11:15:35.998,1.16485,1.16489,0.10,10.41
2020.09.24 11:15:36.191,1.16485,1.16488,0.10,5.65
2020.09.24 11:15:37.191,1.16485,1.16487,0.10,0.37
2020.09.24 11:15:37.293,1.16485,1.16488,0.10,9.78
2020.09.24 11:15:37.445,1.16486,1.16488,0.10,6.40
2020.09.24 11:15:37.547,1.16488,1.16492,0.10,5.89
2020.09.24 11:15:37.649,1.16489,1.16491,0.10,11.46
2020.09.24 11:15:37.802,1.16489,1.16492,0.10,11.46
2020.09.24 11:15:38.005,1.16488,1.16492,9.61,11.28
2020.09.24 11:15:38.169,1.16488,1.16491,0.26,5.65
2020.09.24 11:15:38.475,1.16488,1.16492,0.26,11.54
2020.09.24 11:15:38.870,1.16489,1.1649,0.26,5.65
2020.09.24 11:15:39.022,1.16489,1.16491,0.26,11.35
2020.09.24 11:15:40.127,1.16488,1.16491,0.10,5.65
2020.09.24 11:15:40.257,1.16488,1.1649,2.51,6.40
2020.09.24 11:15:40.358,1.16487,1.16491,0.10,7.53
2020.09.24 11:15:40.460,1.16487,1.16488,0.10,5.65
2020.09.24 11:15:40.904,1.16486,1.16487,0.82,5.65
2020.09.24 11:15:41.058,1.16484,1.16487,9.42,6.40
2020.09.24 11:15:41.160,1.16484,1.16486,0.10,5.65
2020.09.24 11:15:41.369,1.16484,1.16486,0.10,1.20
2020.09.24 11:15:41.520,1.16484,1.16485,0.10,5.65
2020.09.24 11:15:42.010,1.16484,1.16487,0.10,1.20
2020.09.24 11:15:42.265,1.16484,1.16486,0.10,5.65
2020.09.24 11:15:44.002,1.16484,1.16487,0.10,10.71
2020.09.24 11:15:44.419,1.16484,1.16485,0.10,5.65
2020.09.24 11:15:44.643,1.16482,1.16485,2.44,5.65
2020.09.24 11:15:44.746,1.16484,1.16486,0.10,5.65
2020.09.24 11:15:45.456,1.16484,1.16486,0.10,10.53
2020.09.24 11:15:45.773,1.16484,1.16485,0.10,0.75
2020.09.24 11:15:47.561,1.16482,1.16486,2.44,4.50
2020.09.24 11:15:48.505,1.16482,1.16485,1.69,5.65
2020.09.24 11:15:49.208,1.16483,1.16484,3.19,5.65
2020.09.24 11:15:49.740,1.16483,1.16486,14.04,9.40
2020.09.24 11:15:49.791,1.16484,1.16487,0.10,9.40
2020.09.24 11:15:49.892,1.16484,1.16486,0.10,5.65
2020.09.24 11:15:49.943,1.16482,1.16486,0.10,6.40
2020.09.24 11:15:50.100,1.16482,1.16484,0.10,5.65
2020.09.24 11:15:50.354,1.16481,1.16484,0.10,9.40
2020.09.24 11:15:50.456,1.16481,1.16483,0.10,5.65
2020.09.24 11:15:50.661,1.1648,1.16483,0.82,7.15
2020.09.24 11:15:50.712,1.16478,1.16479,1.65,1.50
2020.09.24 11:15:50.763,1.16477,1.16478,10.17,0.75
2020.09.24 11:15:51.801,1.16477,1.1648,0.10,8.28
2020.09.24 11:15:51.902,1.16478,1.16479,0.10,8.28
2020.09.24 11:15:52.652,1.16476,1.16479,0.19,6.03
2020.09.24 11:15:52.837,1.16478,1.1648,0.10,8.28
2020.09.24 11:15:53.232,1.16474,1.16476,0.82,0.56
2020.09.24 11:15:53.333,1.16472,1.16475,7.57,0.75
2020.09.24 11:15:53.435,1.16472,1.16474,0.10,5.65
2020.09.24 11:15:53.537,1.16472,1.16475,0.10,0.75
2020.09.24 11:15:54.186,1.16472,1.16473,0.26,5.65
2020.09.24 11:15:54.462,1.16472,1.16475,0.10,6.40
2020.09.24 11:15:55.050,1.16472,1.16473,0.26,1.12
2020.09.24 11:15:57.367,1.16472,1.16473,3.94,1.12
2020.09.24 11:15:57.418,1.16474,1.16476,0.10,7.34
2020.09.24 11:15:57.671,1.16475,1.16477,0.10,1.87
2020.09.24 11:15:57.773,1.16476,1.16478,0.10,7.53
2020.09.24 11:15:58.179,1.16475,1.16478,0.94,5.65
2020.09.24 11:15:58.281,1.16475,1.16479,0.94,10.53
2020.09.24 11:15:58.383,1.16477,1.16479,0.10,7.53
2020.09.24 11:15:59.825,1.16478,1.16479,0.10,4.50
2020.09.24 11:16:00.516,1.16477,1.16479,0.10,5.65
2020.09.24 11:16:00.728,1.16477,1.1648,0.10,3.75
2020.09.24 11:16:02.503,1.16477,1.16479,1.01,6.40
2020.09.24 11:16:02.605,1.16478,1.16479,0.10,6.40
2020.09.24 11:16:03.464,1.16476,1.16478,9.61,7.53
2020.09.24 11:16:03.565,1.16476,1.16479,0.19,10.71
2020.09.24 11:16:03.667,1.16477,1.16479,0.19,5.65
2020.09.24 11:16:03.768,1.16476,1.16479,0.19,5.65
2020.09.24 11:16:03.819,1.16478,1.1648,0.10,8.28
2020.09.24 11:16:04.233,1.16479,1.16481,5.21,7.52
2020.09.24 11:16:04.334,1.16479,1.16482,0.94,10.53
2020.09.24 11:16:04.790,1.16479,1.16483,10.36,9.40
2020.09.24 11:16:04.943,1.16481,1.16483,0.10,6.40
2020.09.24 11:16:05.248,1.16482,1.16484,3.00,6.03
2020.09.24 11:16:05.349,1.16483,1.16484,1.57,0.75
2020.09.24 11:16:05.451,1.16483,1.16486,0.10,7.71
2020.09.24 11:16:06.173,1.16484,1.16486,0.82,5.84
2020.09.24 11:16:07.258,1.16484,1.16487,0.10,7.71
2020.09.24 11:16:08.181,1.16484,1.16485,0.82,5.65
2020.09.24 11:16:08.289,1.16484,1.16487,0.10,7.71
2020.09.24 11:16:08.934,1.16485,1.16487,0.10,6.21
2020.09.24 11:16:11.054,1.16483,1.16485,0.10,1.50
2020.09.24 11:16:11.155,1.16481,1.16485,1.57,10.34
2020.09.24 11:16:11.276,1.16482,1.16483,1.01,0.75
2020.09.24 11:16:12.071,1.16481,1.16484,0.10,6.78
2020.09.24 11:16:12.173,1.1648,1.16483,0.26,7.15
2020.09.24 11:16:12.713,1.16481,1.16483,0.19,6.78
2020.09.24 11:16:12.825,1.16482,1.16484,0.19,10.15
2020.09.24 11:16:12.876,1.16483,1.16484,0.10,7.15
2020.09.24 11:16:20.961,1.16482,1.16483,0.10,1.87
2020.09.24 11:16:21.063,1.16481,1.16483,0.10,1.50
2020.09.24 11:16:21.164,1.1648,1.16483,0.26,9.40
2020.09.24 11:16:21.266,1.1648,1.16482,0.26,1.12
2020.09.24 11:16:22.233,1.16479,1.16482,0.75,1.12
2020.09.24 11:16:22.477,1.16478,1.16479,10.55,0.75
2020.09.24 11:16:22.578,1.16476,1.16477,1.01,1.87
2020.09.24 11:16:22.680,1.16475,1.16478,0.94,2.06
2020.09.24 11:16:22.833,1.16476,1.16478,2.51,7.15
2020.09.24 11:16:23.540,1.16475,1.16478,11.86,5.65
2020.09.24 11:16:23.646,1.16476,1.16479,9.35,7.15
2020.09.24 11:16:23.978,1.16475,1.16479,47.11,7.15
2020.09.24 11:16:24.415,1.16477,1.16478,9.35,7.15
2020.09.24 11:16:24.912,1.16475,1.16479,12.24,7.15
2020.09.24 11:16:25.611,1.16478,1.16479,0.10,7.53
2020.09.24 11:16:25.763,1.16475,1.16479,12.24,5.65
2020.09.24 11:16:26.069,1.16478,1.1648,0.10,7.53
2020.09.24 11:16:30.461,1.16477,1.1648,0.10,6.03
2020.09.24 11:16:31.155,1.16477,1.16479,0.10,5.65
2020.09.24 11:16:31.593,1.16476,1.16479,0.75,7.15
2020.09.24 11:16:32.863,1.16477,1.1648,1.50,5.65
2020.09.24 11:16:32.965,1.16478,1.1648,0.10,6.03
2020.09.24 11:16:33.067,1.16477,1.16479,0.10,0.37
2020.09.24 11:16:33.169,1.16477,1.1648,0.10,3.19
2020.09.24 11:16:33.780,1.16477,1.16478,0.10,5.65
2020.09.24 11:16:34.448,1.16477,1.1648,0.10,11.46
2020.09.24 11:16:34.746,1.16477,1.16479,0.10,5.65
2020.09.24 11:16:35.276,1.16479,1.16481,0.82,5.65
2020.09.24 11:16:35.832,1.1648,1.16481,0.82,12.03
2020.09.24 11:16:36.141,1.16479,1.1648,0.82,5.65
2020.09.24 11:16:36.450,1.16479,1.16482,0.82,12.03
2020.09.24 11:16:36.626,1.16479,1.16481,0.82,5.65
2020.09.24 11:16:36.748,1.16479,1.16482,0.82,12.03
2020.09.24 11:16:38.134,1.16477,1.1648,10.10,1.50
2020.09.24 11:16:38.235,1.16475,1.16478,0.10,5.65
2020.09.24 11:16:38.337,1.16474,1.16476,3.26,1.87
2020.09.24 11:16:38.438,1.16475,1.16476,0.10,1.87
2020.09.24 11:16:38.641,1.16474,1.16478,0.10,10.53
2020.09.24 11:16:38.743,1.16475,1.16478,3.00,5.65
2020.09.24 11:16:38.793,1.16477,1.16479,0.10,7.53
2020.09.24 11:16:40.690,1.16475,1.16479,9.50,7.53
2020.09.24 11:16:40.793,1.16475,1.16478,0.10,7.53
2020.09.24 11:16:40.894,1.16475,1.16477,0.10,10.53
2020.09.24 11:16:40.996,1.16474,1.16477,1.50,10.53
2020.09.24 11:16:41.350,1.16473,1.16477,1.95,5.65
2020.09.24 11:16:41.580,1.16475,1.16477,0.10,5.65
2020.09.24 11:16:41.783,1.16476,1.16478,0.10,7.53
2020.09.24 11:16:42.415,1.16475,1.16478,0.10,4.87
2020.09.24 11:16:45.846,1.16474,1.16477,0.10,5.65
2020.09.24 11:16:45.948,1.16474,1.16476,0.10,0.75
2020.09.24 11:16:47.526,1.16472,1.16476,9.42,2.81
2020.09.24 11:16:47.578,1.16472,1.16473,10.85,1.69
2020.09.24 11:16:47.680,1.16472,1.16473,0.75,7.71
2020.09.24 11:16:47.782,1.1647,1.16473,0.10,0.37
2020.09.24 11:16:47.885,1.16469,1.16472,0.10,5.25
2020.09.24 11:16:47.987,1.16468,1.1647,0.10,2.06
2020.09.24 11:16:48.089,1.16467,1.16468,1.01,5.65
2020.09.24 11:16:48.191,1.16467,1.16469,1.04,10.53
2020.09.24 11:16:48.293,1.16467,1.16469,0.10,5.65
2020.09.24 11:16:48.510,1.16467,1.1647,0.10,7.53
2020.09.24 11:16:49.453,1.16468,1.1647,0.10,7.53
2020.09.24 11:16:49.504,1.16466,1.16469,0.19,1.50
2020.09.24 11:16:50.434,1.16466,1.16467,1.76,5.65
2020.09.24 11:16:50.535,1.16467,1.16468,0.19,5.65
2020.09.24 11:16:50.749,1.16465,1.16467,0.10,1.76
2020.09.24 11:16:50.800,1.16462,1.16465,9.35,1.87
2020.09.24 11:16:50.851,1.1646,1.16462,0.75,0.75
2020.09.24 11:16:50.954,1.16458,1.1646,9.35,1.12
2020.09.24 11:16:51.108,1.16458,1.1646,0.10,7.71
2020.09.24 11:16:51.312,1.16458,1.1646,0.10,5.65
2020.09.24 11:16:51.414,1.16459,1.1646,0.10,7.53
2020.09.24 11:16:51.517,1.16462,1.16463,0.10,1.87
2020.09.24 11:16:51.778,1.16462,1.16464,0.10,8.46
2020.09.24 11:16:52.956,1.16462,1.16463,0.10,7.53
2020.09.24 11:17:00.752,1.16461,1.16463,0.37,2.25
2020.09.24 11:17:00.853,1.1646,1.16463,0.10,5.65
2020.09.24 11:17:01.056,1.1646,1.16464,0.10,7.53
2020.09.24 11:17:02.189,1.16459,1.16463,0.82,5.65
2020.09.24 11:17:02.786,1.16459,1.16462,0.82,5.65
2020.09.24 11:17:03.849,1.1646,1.16462,0.10,6.40
2020.09.24 11:17:04.152,1.16459,1.16462,0.10,5.65
2020.09.24 11:17:13.738,1.16457,1.16461,3.90,1.31
2020.09.24 11:17:13.839,1.16458,1.16462,0.10,10.53
2020.09.24 11:17:15.483,1.16459,1.1646,0.82,0.75
2020.09.24 11:17:15.636,1.16459,1.16461,0.82,1.87
2020.09.24 11:17:15.989,1.16457,1.16462,10.25,8.84
2020.09.24 11:17:16.090,1.16457,1.16461,9.42,6.40
2020.09.24 11:17:17.338,1.16458,1.16461,0.10,6.40
2020.09.24 11:17:19.465,1.16458,1.16459,0.82,5.65
2020.09.24 11:17:19.825,1.16459,1.1646,0.10,6.78
2020.09.24 11:17:20.056,1.16458,1.1646,0.10,5.65
2020.09.24 11:17:20.209,1.16458,1.16461,0.10,6.78
2020.09.24 11:17:23.115,1.16456,1.1646,10.92,3.82
2020.09.24 11:17:23.217,1.16456,1.16459,0.75,5.65
2020.09.24 11:17:23.318,1.16455,1.16459,1.01,7.53
2020.09.24 11:17:23.420,1.16454,1.16455,10.36,0.82
2020.09.24 11:17:23.522,1.16452,1.16454,10.29,2.25
2020.09.24 11:17:23.624,1.16449,1.16451,10.10,0.75
2020.09.24 11:17:23.726,1.16447,1.16451,9.42,3.75
2020.09.24 11:17:23.990,1.16448,1.16449,0.26,5.65
2020.09.24 11:17:24.568,1.16447,1.16449,0.19,1.50
2020.09.24 11:17:24.821,1.16445,1.16448,0.10,0.75
2020.09.24 11:17:24.922,1.16445,1.16449,0.10,9.78
2020.09.24 11:17:25.125,1.16445,1.16448,0.10,5.65
2020.09.24 11:17:25.327,1.16447,1.16449,0.19,6.78
2020.09.24 11:17:26.383,1.16446,1.16448,0.19,2.25
2020.09.24 11:17:26.434,1.16444,1.16447,9.35,1.57
2020.09.24 11:17:26.536,1.16442,1.16445,9.35,1.87
2020.09.24 11:17:26.638,1.16441,1.16445,0.26,1.87
2020.09.24 11:17:26.790,1.16441,1.16444,0.26,5.65
2020.09.24 11:17:27.117,1.16441,1.16445,0.26,7.53
2020.09.24 11:17:30.970,1.16439,1.16443,3.07,0.74
2020.09.24 11:17:31.060,1.16441,1.16445,0.26,1.87
2020.09.24 11:17:31.470,1.16443,1.16445,0.94,6.03
2020.09.24 11:17:31.572,1.16444,1.16445,1.01,5.65
2020.09.24 11:17:31.674,1.16445,1.16446,4.01,5.65
2020.09.24 11:17:31.725,1.16444,1.16449,12.61,1.95
2020.09.24 11:17:31.828,1.16446,1.16448,10.17,1.50
2020.09.24 11:17:32.031,1.16446,1.16449,9.35,1.50
2020.09.24 11:17:33.115,1.16445,1.16449,10.92,6.40
2020.09.24 11:17:33.267,1.16446,1.16447,10.92,5.65
2020.09.24 11:17:33.484,1.16446,1.16448,10.92,6.40
2020.09.24 11:17:33.663,1.16446,1.16447,10.92,5.65
2020.09.24 11:17:33.963,1.16445,1.16449,10.92,7.15
2020.09.24 11:17:34.064,1.16445,1.16448,1.57,0.75
2020.09.24 11:17:34.171,1.16445,1.16449,1.57,7.15
2020.09.24 11:17:34.960,1.16446,1.16447,0.82,5.65
2020.09.24 11:17:35.510,1.16444,1.16447,13.66,0.75
2020.09.24 11:17:35.561,1.16443,1.16444,11.00,0.75
2020.09.24 11:17:35.664,1.16441,1.16443,0.94,1.50
2020.09.24 11:17:35.767,1.1644,1.16442,9.42,7.53
2020.09.24 11:17:36.022,1.16439,1.16442,0.10,5.65
2020.09.24 11:17:36.971,1.1644,1.16442,0.10,7.15
2020.09.24 11:17:37.181,1.16439,1.16441,0.10,0.37
2020.09.24 11:17:37.261,1.1644,1.16442,0.10,7.15
2020.09.24 11:17:37.420,1.1644,1.16441,0.10,5.65
2020.09.24 11:17:37.521,1.16438,1.1644,2.81,0.75
2020.09.24 11:17:37.623,1.16436,1.16439,0.94,0.75
2020.09.24 11:17:37.674,1.16438,1.1644,0.10,6.40
2020.09.24 11:17:37.776,1.16438,1.16441,1.01,3.00
2020.09.24 11:17:37.928,1.16439,1.16441,1.01,5.65
2020.09.24 11:17:38.030,1.1644,1.16442,1.01,5.65
2020.09.24 11:17:38.131,1.16441,1.16442,1.01,5.65
2020.09.24 11:17:38.233,1.16441,1.16443,1.01,3.75
2020.09.24 11:17:38.485,1.1644,1.16443,1.01,5.65
2020.09.24 11:17:38.638,1.16441,1.16444,0.26,8.65
2020.09.24 11:17:39.196,1.16441,1.16445,10.10,1.50
2020.09.24 11:17:39.298,1.16439,1.16442,13.36,0.75
2020.09.24 11:17:39.807,1.16439,1.16441,2.89,6.40
2020.09.24 11:17:40.148,1.16439,1.16442,1.01,6.40
2020.09.24 11:17:40.249,1.16439,1.16441,2.51,6.40
2020.09.24 11:17:40.603,1.16439,1.16442,0.10,5.65
2020.09.24 11:17:40.794,1.16439,1.16441,0.10,5.65
2020.09.24 11:17:40.946,1.16439,1.16442,0.10,5.65
2020.09.24 11:17:41.261,1.16438,1.16441,0.10,6.40
2020.09.24 11:17:41.363,1.16438,1.1644,9.35,7.53
2020.09.24 11:17:41.464,1.16437,1.16439,0.82,5.65
2020.09.24 11:17:41.566,1.16436,1.16441,0.82,7.53
2020.09.24 11:17:41.675,1.16437,1.16438,0.82,5.65
2020.09.24 11:17:41.783,1.16436,1.1644,0.82,5.65
2020.09.24 11:17:42.250,1.16437,1.1644,0.82,7.53
2020.09.24 11:17:42.352,1.16436,1.1644,0.82,5.65
2020.09.24 11:17:42.453,1.16436,1.16439,0.82,0.37
2020.09.24 11:17:43.658,1.16434,1.16438,10.17,0.75
2020.09.24 11:17:43.760,1.16435,1.16436,0.10,0.75
2020.09.24 11:17:44.227,1.16434,1.16436,0.10,5.65
2020.09.24 11:17:44.552,1.16435,1.16436,0.10,1.12
2020.09.24 11:17:44.603,1.16434,1.16435,0.10,5.65
2020.09.24 11:17:44.705,1.16433,1.16436,0.10,6.40
2020.09.24 11:17:45.342,1.16433,1.16437,0.10,10.49
2020.09.24 11:17:45.683,1.16433,1.16436,0.10,5.61
2020.09.24 11:17:46.612,1.16434,1.16436,0.10,5.61
2020.09.24 11:17:46.713,1.16435,1.16436,0.10,6.74
2020.09.24 11:17:46.815,1.16434,1.16435,0.82,5.61
2020.09.24 11:17:47.661,1.16435,1.16436,0.10,6.74
2020.09.24 11:17:47.787,1.16437,1.16439,0.10,1.12
2020.09.24 11:17:47.838,1.16435,1.16439,10.21,6.74
2020.09.24 11:17:48.058,1.16436,1.16437,0.82,5.61
2020.09.24 11:17:48.284,1.16435,1.16439,10.21,6.74
2020.09.24 11:17:49.591,1.16435,1.16438,0.10,0.75
2020.09.24 11:17:49.692,1.16435,1.16439,0.10,5.99
2020.09.24 11:17:49.996,1.16433,1.16435,0.15,0.75
2020.09.24 11:17:50.148,1.16431,1.16434,18.84,7.19
2020.09.24 11:17:50.300,1.16431,1.16433,0.82,5.61
2020.09.24 11:17:50.960,1.16431,1.16434,0.10,5.99
2020.09.24 11:17:51.164,1.16431,1.16433,0.10,5.61
2020.09.24 11:17:51.312,1.16429,1.16434,2.51,6.36
2020.09.24 11:17:51.364,1.16429,1.16432,0.82,0.75
2020.09.24 11:17:51.466,1.16428,1.16431,0.10,0.75
2020.09.24 11:17:52.627,1.16427,1.16431,3.64,6.36
2020.09.24 11:17:52.927,1.16427,1.1643,3.64,5.61
2020.09.24 11:17:53.029,1.16428,1.1643,0.10,5.61
2020.09.24 11:17:53.080,1.16428,1.16432,0.10,7.11
2020.09.24 11:17:53.182,1.16427,1.16431,10.77,7.11
2020.09.24 11:17:53.752,1.16428,1.16429,9.46,1.12
2020.09.24 11:17:53.854,1.16426,1.16429,10.14,1.50
2020.09.24 11:17:53.956,1.16426,1.16428,0.75,6.36
2020.09.24 11:17:54.057,1.16425,1.16428,0.10,0.75
2020.09.24 11:17:54.159,1.16427,1.16429,1.39,5.61
2020.09.24 11:17:54.311,1.16427,1.16432,10.02,11.24
2020.09.24 11:17:54.413,1.16428,1.1643,9.65,0.75
2020.09.24 11:17:54.716,1.16427,1.1643,0.26,5.61
2020.09.24 11:17:55.176,1.16428,1.16431,9.65,8.24
2020.09.24 11:17:55.512,1.16426,1.1643,10.14,1.50
2020.09.24 11:17:55.614,1.16425,1.16429,9.57,0.75
2020.09.24 11:17:55.766,1.16425,1.16428,0.19,0.75
2020.09.24 11:17:55.868,1.16425,1.16427,9.39,0.75
2020.09.24 11:17:55.969,1.16424,1.16426,11.90,5.61
2020.09.24 11:17:56.609,1.16423,1.16426,1.76,5.61
2020.09.24 11:17:57.202,1.16423,1.16427,0.82,6.36
2020.09.24 11:17:57.303,1.16424,1.16425,0.82,5.61
2020.09.24 11:17:57.622,1.16423,1.16427,0.82,6.36
2020.09.24 11:17:58.194,1.16424,1.16427,1.57,5.61
2020.09.24 11:17:58.296,1.16427,1.16431,0.82,1.57
2020.09.24 11:17:58.397,1.16428,1.1643,0.75,5.61
2020.09.24 11:17:58.499,1.16428,1.16431,0.75,5.61
2020.09.24 11:17:59.214,1.16428,1.1643,1.57,5.61
2020.09.24 11:17:59.316,1.16428,1.16431,0.75,5.61
2020.09.24 11:17:59.518,1.16428,1.1643,0.75,5.61
2020.09.24 11:17:59.620,1.1643,1.16431,0.19,5.61
2020.09.24 11:18:00.807,1.16429,1.16433,10.32,7.11
2020.09.24 11:18:01.394,1.16432,1.16435,0.82,1.76
2020.09.24 11:18:01.546,1.16432,1.16437,13.77,7.38
2020.09.24 11:18:02.158,1.16431,1.16436,2.14,2.14
2020.09.24 11:18:02.260,1.16431,1.16435,10.32,5.69
2020.09.24 11:18:02.665,1.16431,1.16434,0.94,5.61
2020.09.24 11:18:02.841,1.16431,1.16435,0.94,5.69
2020.09.24 11:18:03.116,1.16431,1.16434,0.94,5.61
2020.09.24 11:18:03.347,1.16432,1.16434,0.94,0.10
2020.09.24 11:18:03.618,1.16431,1.16434,0.75,5.61
2020.09.24 11:18:04.073,1.16431,1.16433,0.94,5.61
2020.09.24 11:18:04.276,1.16431,1.16434,0.94,6.36
2020.09.24 11:18:04.479,1.16431,1.16433,0.19,5.61
2020.09.24 11:18:04.733,1.16432,1.16434,0.10,5.61
2020.09.24 11:18:05.137,1.16431,1.16434,0.26,5.61
2020.09.24 11:18:05.391,1.16431,1.16433,0.19,5.61
2020.09.24 11:18:05.913,1.16433,1.16434,0.26,4.57
2020.09.24 11:18:06.015,1.16432,1.16434,0.26,5.61
2020.09.24 11:18:06.066,1.16433,1.16435,0.26,7.19
2020.09.24 11:18:06.935,1.16432,1.16435,0.19,5.61
2020.09.24 11:18:07.512,1.16432,1.16436,0.19,7.19
2020.09.24 11:18:07.856,1.16432,1.16435,0.19,5.61
2020.09.24 11:18:08.732,1.16433,1.16435,0.19,7.19
2020.09.24 11:18:08.920,1.16432,1.16435,0.19,5.61
2020.09.24 11:18:10.075,1.16433,1.16435,1.01,5.61
2020.09.24 11:18:10.126,1.16433,1.16437,9.65,6.36
2020.09.24 11:18:10.228,1.16436,1.1644,0.19,7.49
2020.09.24 11:18:10.329,1.16437,1.16438,0.19,5.61
2020.09.24 11:18:10.688,1.16436,1.1644,0.19,10.19
2020.09.24 11:18:11.673,1.16436,1.16439,0.19,5.99
2020.09.24 11:18:12.465,1.16435,1.16438,0.19,1.12
2020.09.24 11:18:12.566,1.16435,1.16437,0.19,5.61
2020.09.24 11:18:12.718,1.16435,1.16438,0.19,6.74
2020.09.24 11:18:12.947,1.16435,1.16437,0.19,0.37
2020.09.24 11:18:15.381,1.16436,1.16438,0.19,6.74
2020.09.24 11:18:15.483,1.16438,1.1644,0.75,1.50
2020.09.24 11:18:15.686,1.16437,1.1644,1.01,6.36
2020.09.24 11:18:15.788,1.16438,1.1644,0.75,0.75
2020.09.24 11:18:16.593,1.16437,1.1644,1.01,0.75
2020.09.24 11:18:16.829,1.16438,1.1644,0.75,0.75
2020.09.24 11:18:16.931,1.16439,1.1644,1.76,5.61
2020.09.24 11:18:17.032,1.1644,1.16441,0.19,6.36
2020.09.24 11:18:17.330,1.16439,1.16443,0.19,11.24
2020.09.24 11:18:17.442,1.16439,1.16442,0.19,5.61
2020.09.24 11:18:17.845,1.16438,1.1644,11.15,0.37
2020.09.24 11:18:17.946,1.16437,1.1644,0.94,5.61
2020.09.24 11:18:18.048,1.16437,1.16441,0.94,10.86
2020.09.24 11:18:19.151,1.16438,1.16441,1.01,3.00
2020.09.24 11:18:20.152,1.16437,1.16441,0.26,5.61
2020.09.24 11:18:20.254,1.16436,1.16441,1.01,7.11
2020.09.24 11:18:20.355,1.16436,1.1644,1.01,5.61
2020.09.24 11:18:22.004,1.16434,1.16439,15.27,2.62
2020.09.24 11:18:22.106,1.16434,1.16438,0.26,6.36
2020.09.24 11:18:22.657,1.16434,1.16439,0.10,9.25
2020.09.24 11:18:22.758,1.16434,1.16438,0.10,7.49
2020.09.24 11:18:23.076,1.16434,1.16437,0.10,7.68
2020.09.24 11:18:25.001,1.16433,1.16437,3.64,7.49
2020.09.24 11:18:29.992,1.16435,1.16438,1.69,6.74
2020.09.24 11:18:30.094,1.16438,1.1644,3.26,10.49
2020.09.24 11:18:30.196,1.16439,1.16441,1.95,6.36
2020.09.24 11:18:30.247,1.1644,1.16443,3.94,6.36
2020.09.24 11:18:30.348,1.1644,1.16444,2.14,6.74
2020.09.24 11:18:30.591,1.16441,1.16444,0.19,0.37
2020.09.24 11:18:31.229,1.1644,1.16443,0.19,0.75
2020.09.24 11:18:31.382,1.1644,1.16442,0.19,5.61
2020.09.24 11:18:31.828,1.1644,1.16443,0.19,7.49
2020.09.24 11:18:32.068,1.1644,1.16442,0.19,0.75
2020.09.24 11:18:33.589,1.16439,1.16442,0.19,7.49
2020.09.24 11:18:36.127,1.16438,1.16442,2.14,1.87
2020.09.24 11:18:37.162,1.16439,1.16442,0.75,1.87
2020.09.24 11:18:37.263,1.16439,1.16441,11.52,1.87
2020.09.24 11:18:40.899,1.16438,1.16439,9.84,1.50
2020.09.24 11:18:41.001,1.16436,1.16438,0.75,1.12
2020.09.24 11:18:41.052,1.16434,1.16438,1.69,1.12
2020.09.24 11:18:43.740,1.16435,1.16438,0.19,1.12
2020.09.24 11:18:44.242,1.16436,1.16438,0.19,5.61
2020.09.24 11:18:44.753,1.16435,1.16438,0.19,5.61
2020.09.24 11:18:45.485,1.16436,1.16438,0.19,5.61
2020.09.24 11:18:47.791,1.16434,1.16439,11.82,5.61
2020.09.24 11:18:48.224,1.16435,1.16439,9.39,5.61
2020.09.24 11:18:48.491,1.16434,1.16438,1.69,5.99
2020.09.24 11:18:48.898,1.16434,1.16436,1.01,1.87
2020.09.24 11:18:51.901,1.16433,1.16436,10.32,0.37
2020.09.24 11:18:52.002,1.16432,1.16436,2.81,0.37
2020.09.24 11:18:52.510,1.16433,1.16436,13.77,8.99
2020.09.24 11:18:52.612,1.16433,1.16437,0.19,8.99
2020.09.24 11:18:52.764,1.16432,1.16436,10.02,1.12
2020.09.24 11:18:52.866,1.16432,1.16435,0.94,5.61
2020.09.24 11:18:52.967,1.16432,1.16436,0.94,6.36
2020.09.24 11:18:53.445,1.16432,1.16437,13.85,6.36
2020.09.24 11:18:54.002,1.16433,1.16438,9.39,10.49
2020.09.24 11:18:54.189,1.16432,1.16437,13.47,5.61
2020.09.24 11:18:55.220,1.16435,1.16436,1.69,0.37
2020.09.24 11:18:55.322,1.16437,1.16439,0.75,6.36
2020.09.24 11:18:55.710,1.16438,1.1644,2.25,5.61
2020.09.24 11:18:55.812,1.16437,1.16441,10.89,5.61
2020.09.24 11:18:56.981,1.16438,1.16441,0.75,5.61
2020.09.24 11:18:57.083,1.16438,1.16442,0.10,6.55
2020.09.24 11:18:57.270,1.16437,1.16442,11.34,6.55
2020.09.24 11:18:57.661,1.16438,1.16442,3.00,6.55
2020.09.24 11:18:57.767,1.16438,1.16441,11.34,6.55
2020.09.24 11:18:57.869,1.16437,1.16441,11.34,5.61
2020.09.24 11:18:58.022,1.16438,1.16442,9.39,5.80
2020.09.24 11:18:58.137,1.16438,1.16441,13.66,5.80
2020.09.24 11:18:58.361,1.16438,1.16442,9.39,5.80
2020.09.24 11:18:58.540,1.16437,1.16442,13.66,5.80
2020.09.24 11:18:58.783,1.16438,1.16442,9.39,5.80
2020.09.24 11:18:58.985,1.16438,1.16443,11.07,9.55
2020.09.24 11:18:59.390,1.16439,1.16443,3.00,0.94
2020.09.24 11:19:00.023,1.16439,1.16442,1.76,6.55
2020.09.24 11:19:00.125,1.1644,1.16442,3.00,6.93
2020.09.24 11:19:00.227,1.16438,1.16443,1.76,6.55
2020.09.24 11:19:00.988,1.16439,1.16443,9.39,6.36
2020.09.24 11:19:01.090,1.1644,1.16444,9.39,9.74
2020.09.24 11:19:01.192,1.16442,1.16445,0.94,5.61
2020.09.24 11:19:01.294,1.16442,1.16446,10.32,0.82
2020.09.24 11:19:01.416,1.16442,1.16445,0.94,5.61
2020.09.24 11:19:01.568,1.16442,1.16446,10.32,6.44
2020.09.24 11:19:01.770,1.16443,1.16444,0.94,5.61
2020.09.24 11:19:01.871,1.16443,1.16445,10.32,6.36
2020.09.24 11:19:02.217,1.16442,1.16445,2.51,5.61
2020.09.24 11:19:02.318,1.16442,1.16446,10.70,5.61
2020.09.24 11:19:02.419,1.16442,1.16447,10.32,10.94
2020.09.24 11:19:02.521,1.1644,1.16443,0.37,2.32
2020.09.24 11:19:02.623,1.16438,1.16442,8.25,6.44
2020.09.24 11:19:02.775,1.16438,1.16441,10.14,0.75
2020.09.24 11:19:02.987,1.16438,1.16442,10.14,7.11
2020.09.24 11:19:03.089,1.16438,1.16441,10.14,0.75
2020.09.24 11:19:03.192,1.16438,1.16442,10.14,0.75
2020.09.24 11:19:03.294,1.16439,1.16442,0.75,6.36
2020.09.24 11:19:03.555,1.16439,1.16443,0.75,7.19
2020.09.24 11:19:05.074,1.16438,1.16443,10.89,7.19
2020.09.24 11:19:05.176,1.16437,1.16442,15.65,6.81
2020.09.24 11:19:05.616,1.16439,1.16441,0.75,5.99
2020.09.24 11:19:06.189,1.16438,1.16441,0.82,0.75
2020.09.24 11:19:06.344,1.16439,1.16441,0.82,0.37
2020.09.24 11:19:09.239,1.16438,1.16443,0.82,9.74
2020.09.24 11:19:09.291,1.16438,1.16441,0.82,0.75
2020.09.24 11:19:09.342,1.16438,1.16443,0.82,9.74
2020.09.24 11:19:10.131,1.16439,1.16443,0.19,5.61
2020.09.24 11:19:10.720,1.16438,1.16443,15.27,6.06
2020.09.24 11:19:10.823,1.16439,1.16441,3.94,5.61
2020.09.24 11:19:11.583,1.16437,1.16442,6.56,5.69
2020.09.24 11:19:11.736,1.16437,1.16441,14.82,5.61
2020.09.24 11:19:12.954,1.16438,1.16442,9.39,7.56
2020.09.24 11:19:13.157,1.16438,1.1644,5.44,5.61
2020.09.24 11:19:13.260,1.16437,1.16442,5.44,6.81
2020.09.24 11:19:13.573,1.16437,1.16441,14.82,5.61
2020.09.24 11:19:14.661,1.16437,1.16438,10.59,0.75
2020.09.24 11:19:14.763,1.16435,1.16438,9.39,5.61
2020.09.24 11:19:14.865,1.16434,1.16439,11.90,9.36
2020.09.24 11:19:14.966,1.16436,1.16438,10.14,8.61
2020.09.24 11:19:15.494,1.16435,1.16438,0.75,0.75
2020.09.24 11:19:15.595,1.16435,1.16439,0.75,3.00
2020.09.24 11:19:15.861,1.16435,1.1644,3.75,7.68
2020.09.24 11:19:15.989,1.16436,1.1644,6.26,5.61
2020.09.24 11:19:16.040,1.16438,1.16441,11.15,9.36
2020.09.24 11:19:16.142,1.16438,1.16442,10.14,6.36
2020.09.24 11:19:16.685,1.16439,1.16442,0.75,5.61
2020.09.24 11:19:16.889,1.16439,1.16441,0.75,5.61
2020.09.24 11:19:16.999,1.1644,1.16441,0.75,5.61
2020.09.24 11:19:17.524,1.16439,1.16441,0.75,5.61
2020.09.24 11:19:17.730,1.16439,1.1644,0.75,5.61
2020.09.24 11:19:17.782,1.16437,1.16439,9.39,0.10
2020.09.24 11:19:17.884,1.16437,1.16438,10.14,5.61
2020.09.24 11:19:17.987,1.16436,1.1644,0.75,11.43
2020.09.24 11:19:18.572,1.16436,1.16438,10.14,0.75
2020.09.24 11:19:18.626,1.16437,1.16439,10.14,11.43
2020.09.24 11:19:18.727,1.16436,1.16439,0.75,5.61
2020.09.24 11:19:18.930,1.16437,1.16439,0.75,11.43
2020.09.24 11:19:19.177,1.16437,1.16438,0.75,5.61
2020.09.24 11:19:19.790,1.16436,1.1644,0.75,11.43
2020.09.24 11:19:20.044,1.16436,1.16439,0.75,1.12
2020.09.24 11:19:20.420,1.16435,1.16439,0.75,10.56
2020.09.24 11:19:20.522,1.16436,1.16437,0.75,5.61
2020.09.24 11:19:20.723,1.16435,1.16437,0.75,0.75
2020.09.24 11:19:21.712,1.16435,1.16436,0.75,7.86
2020.09.24 11:19:21.813,1.16433,1.16437,4.50,7.49
2020.09.24 11:19:21.965,1.16433,1.16436,1.50,5.61
2020.09.24 11:19:22.168,1.16434,1.16436,0.75,7.86
2020.09.24 11:19:22.269,1.16434,1.16435,0.75,5.61
2020.09.24 11:19:22.783,1.16432,1.16436,4.39,5.61
2020.09.24 11:19:23.487,1.16431,1.16436,7.39,7.86
2020.09.24 11:19:23.538,1.16432,1.16433,1.57,0.75
2020.09.24 11:19:23.639,1.1643,1.16434,0.19,8.31
2020.09.24 11:19:23.741,1.1643,1.16432,1.01,5.61
2020.09.24 11:19:23.843,1.1643,1.16433,0.19,5.61
2020.09.24 11:19:24.045,1.1643,1.16432,0.19,5.61
2020.09.24 11:19:24.248,1.1643,1.16433,0.19,6.74
2020.09.24 11:19:24.803,1.1643,1.16431,1.01,5.61
2020.09.24 11:19:25.023,1.16431,1.16432,0.19,5.61
2020.09.24 11:19:25.271,1.1643,1.16432,0.19,5.61
2020.09.24 11:19:25.423,1.16429,1.16432,0.26,5.61
2020.09.24 11:19:26.322,1.1643,1.16431,1.01,5.61
2020.09.24 11:19:28.159,1.1643,1.16433,0.19,9.74
2020.09.24 11:19:28.364,1.1643,1.16432,0.19,5.61
2020.09.24 11:19:29.518,1.1643,1.16433,0.19,9.44
2020.09.24 11:19:30.593,1.1643,1.16432,0.19,5.61
2020.09.24 11:19:30.694,1.16429,1.16432,0.19,7.38
2020.09.24 11:19:30.796,1.16429,1.1643,0.94,5.61
2020.09.24 11:19:31.338,1.16427,1.16429,12.09,0.82
2020.09.24 11:19:31.439,1.16424,1.16426,0.37,5.61
2020.09.24 11:19:31.541,1.16423,1.16426,0.19,5.61
2020.09.24 11:19:32.019,1.16423,1.16425,1.76,5.61
2020.09.24 11:19:32.141,1.16424,1.16425,0.19,5.61
2020.09.24 11:19:32.306,1.16422,1.16425,0.19,0.75
2020.09.24 11:19:32.408,1.16422,1.16424,0.19,0.75
2020.09.24 11:19:32.509,1.16422,1.16425,0.19,6.74
2020.09.24 11:19:32.765,1.16422,1.16424,0.19,5.61
2020.09.24 11:19:33.221,1.16423,1.16427,0.19,4.50
2020.09.24 11:19:33.677,1.16424,1.16428,1.01,5.99
2020.09.24 11:19:33.779,1.16426,1.16428,0.10,9.93
2020.09.24 11:19:33.981,1.16425,1.1643,0.10,10.94
2020.09.24 11:19:34.083,1.16426,1.16427,0.10,0.75
2020.09.24 11:19:34.136,1.16425,1.1643,0.10,10.94
2020.09.24 11:19:34.813,1.16425,1.16429,0.10,5.61
2020.09.24 11:19:34.915,1.16425,1.1643,0.10,10.49
2020.09.24 11:19:35.067,1.16427,1.1643,0.10,6.74
2020.09.24 11:19:35.219,1.16427,1.1643,16.29,5.69
2020.09.24 11:19:35.422,1.16425,1.16429,4.39,0.82
2020.09.24 11:19:35.523,1.16425,1.16427,9.57,1.95
2020.09.24 11:19:35.625,1.16424,1.16427,0.19,5.61
2020.09.24 11:19:35.726,1.16424,1.16428,0.19,7.56
2020.09.24 11:19:36.141,1.16426,1.16427,0.10,5.99
2020.09.24 11:19:36.242,1.16426,1.16428,0.10,7.11
2020.09.24 11:19:37.139,1.16425,1.16427,11.15,0.75
2020.09.24 11:19:37.241,1.16425,1.16429,0.10,7.11
2020.09.24 11:19:37.956,1.16424,1.16428,9.39,1.50
2020.09.24 11:19:38.181,1.16424,1.16426,3.34,5.61
2020.09.24 11:19:38.396,1.16424,1.16427,3.34,7.11
2020.09.24 11:19:38.824,1.16423,1.16427,3.34,5.61
2020.09.24 11:19:38.950,1.16424,1.16427,3.34,7.11
2020.09.24 11:19:39.522,1.16424,1.16427,3.75,2.70
2020.09.24 11:19:39.624,1.16423,1.16427,0.10,7.11
2020.09.24 11:19:39.842,1.16424,1.16425,0.10,5.61
2020.09.24 11:19:39.944,1.16423,1.16427,0.10,7.11
2020.09.24 11:19:40.270,1.16423,1.16426,0.10,0.75
2020.09.24 11:19:40.372,1.16424,1.16426,0.10,6.36
2020.09.24 11:19:43.336,1.16423,1.16426,0.10,0.75
2020.09.24 11:19:43.488,1.16423,1.16427,0.10,0.75
2020.09.24 11:19:43.590,1.16422,1.16426,3.26,5.61
2020.09.24 11:19:44.402,1.16422,1.16425,1.76,5.61
2020.09.24 11:19:44.504,1.16422,1.16426,1.76,6.36
2020.09.24 11:19:46.869,1.16423,1.16426,0.10,6.36
2020.09.24 11:19:48.193,1.16424,1.16426,0.10,10.49
2020.09.24 11:19:49.571,1.16423,1.16426,0.10,0.75
2020.09.24 11:19:49.795,1.16423,1.16427,0.10,7.49
2020.09.24 11:19:50.130,1.16421,1.16423,11.34,0.10
2020.09.24 11:19:50.232,1.16419,1.16421,0.19,5.61
2020.09.24 11:19:50.333,1.1642,1.16422,0.19,5.99
2020.09.24 11:19:50.536,1.1642,1.16423,0.19,10.19
2020.09.24 11:19:50.695,1.1642,1.16422,0.19,0.37
2020.09.24 11:19:50.847,1.1642,1.16423,0.75,5.99
2020.09.24 11:19:50.948,1.16419,1.16422,0.19,5.99
2020.09.24 11:19:51.547,1.16419,1.16423,0.26,6.36
2020.09.24 11:19:52.157,1.1642,1.16421,0.10,5.61
2020.09.24 11:19:52.259,1.16419,1.16423,0.10,6.36
2020.09.24 11:19:52.411,1.1642,1.16421,0.10,0.37
2020.09.24 11:19:52.562,1.16418,1.16422,2.96,5.99
2020.09.24 11:19:52.765,1.16418,1.16423,2.96,9.36
2020.09.24 11:19:53.399,1.16418,1.16422,3.41,0.37
2020.09.24 11:19:53.703,1.16417,1.16422,15.35,5.69
2020.09.24 11:19:53.805,1.16416,1.1642,9.46,5.62
2020.09.24 11:19:54.009,1.16417,1.16419,0.10,6.74
2020.09.24 11:19:54.400,1.16417,1.16418,0.10,0.37
2020.09.24 11:19:54.552,1.16417,1.16418,0.10,5.99
2020.09.24 11:19:54.704,1.16416,1.1642,0.10,6.36
2020.09.24 11:19:55.008,1.16418,1.1642,0.83,5.61
2020.09.24 11:19:55.109,1.16419,1.16422,0.10,5.61
2020.09.24 11:19:55.764,1.16419,1.16421,0.10,0.75
2020.09.24 11:19:55.865,1.16419,1.16423,0.10,10.11
2020.09.24 11:19:56.158,1.1642,1.16421,0.10,5.61
2020.09.24 11:19:56.430,1.16418,1.16422,0.19,9.81
2020.09.24 11:19:56.531,1.16418,1.16421,0.19,5.61
2020.09.24 11:19:57.585,1.16419,1.16421,1.04,8.99
2020.09.24 11:19:57.688,1.16419,1.16422,0.10,8.99
2020.09.24 11:19:57.892,1.16419,1.16423,0.82,10.11
2020.09.24 11:19:58.416,1.1642,1.16421,0.10,0.37
2020.09.24 11:19:58.860,1.16419,1.16421,0.10,0.75
2020.09.24 11:19:58.962,1.1642,1.16422,0.10,10.11
2020.09.24 11:19:59.418,1.16419,1.16422,0.10,0.37
2020.09.24 11:20:00.127,1.16419,1.16423,0.45,10.11
2020.09.24 11:20:00.282,1.1642,1.16423,0.10,10.86
2020.09.24 11:20:00.434,1.1642,1.16422,0.10,0.37
2020.09.24 11:20:00.587,1.1642,1.16423,0.10,10.49
2020.09.24 11:20:00.689,1.16419,1.16422,0.45,0.37
2020.09.24 11:20:01.123,1.1642,1.16422,0.45,7.11
2020.09.24 11:20:01.294,1.16418,1.16423,13.10,7.19
2020.09.24 11:20:01.396,1.1642,1.16422,0.10,7.11
2020.09.24 11:20:01.497,1.1642,1.16421,0.10,5.99
2020.09.24 11:20:02.197,1.16419,1.16423,0.10,10.11
2020.09.24 11:20:02.314,1.16419,1.16422,0.10,5.61
2020.09.24 11:20:02.601,1.16419,1.16423,0.10,10.11
2020.09.24 11:20:04.018,1.16421,1.16422,0.10,6.36
2020.09.24 11:20:06.313,1.16418,1.1642,12.46,2.51
2020.09.24 11:20:06.415,1.16416,1.1642,0.75,10.00
2020.09.24 11:20:06.466,1.16415,1.16418,8.06,5.61
2020.09.24 11:20:06.567,1.16415,1.16417,0.19,5.61
2020.09.24 11:20:06.669,1.16414,1.16417,3.34,5.61
2020.09.24 11:20:06.771,1.16414,1.16418,0.94,5.61
2020.09.24 11:20:06.872,1.16414,1.16417,0.56,5.61
2020.09.24 11:20:07.160,1.16415,1.16417,0.19,5.61
2020.09.24 11:20:08.266,1.16414,1.16418,0.19,7.19
2020.09.24 11:20:08.368,1.16414,1.16417,0.19,5.61
2020.09.24 11:20:09.965,1.16413,1.16417,0.82,9.36
2020.09.24 11:20:10.068,1.16415,1.16417,0.94,6.36
2020.09.24 11:20:10.170,1.16415,1.16417,0.94,6.36
2020.09.24 11:20:11.850,1.16415,1.16417,0.19,5.61
2020.09.24 11:20:12.605,1.16415,1.16416,0.19,5.61
2020.09.24 11:20:12.925,1.16415,1.16417,0.19,5.61
2020.09.24 11:20:13.589,1.16414,1.16417,0.19,5.61
2020.09.24 11:20:13.707,1.16415,1.16417,0.19,5.61
2020.09.24 11:20:14.472,1.16414,1.16417,0.19,5.61
2020.09.24 11:20:14.676,1.16413,1.16417,1.69,5.61
2020.09.24 11:20:14.778,1.16414,1.16417,0.19,5.61
2020.09.24 11:20:15.032,1.16413,1.16417,0.94,5.61
2020.09.24 11:20:15.613,1.16414,1.16417,0.19,5.61
2020.09.24 11:20:15.715,1.16415,1.16417,0.19,6.44
2020.09.24 11:20:16.154,1.16412,1.16417,5.70,0.10
2020.09.24 11:20:16.256,1.16413,1.16415,0.37,5.61
2020.09.24 11:20:16.409,1.16413,1.16416,0.10,6.36
2020.09.24 11:20:16.889,1.16412,1.16414,13.59,7.19
2020.09.24 11:20:16.991,1.16412,1.16413,9.39,0.75
2020.09.24 11:20:17.092,1.1641,1.16413,0.10,5.61
2020.09.24 11:20:17.194,1.1641,1.16412,2.21,5.61
2020.09.24 11:20:17.295,1.1641,1.16413,0.10,5.61
2020.09.24 11:20:17.397,1.1641,1.16412,2.59,5.61
2020.09.24 11:20:17.448,1.1641,1.16414,0.10,6.36
2020.09.24 11:20:17.862,1.1641,1.16412,0.75,0.75
2020.09.24 11:20:17.913,1.16412,1.16413,4.31,5.61
2020.09.24 11:20:18.015,1.16412,1.16413,0.82,0.75
2020.09.24 11:20:18.117,1.16412,1.16414,1.65,5.61
2020.09.24 11:20:18.218,1.16413,1.16415,0.10,5.61
2020.09.24 11:20:18.320,1.16414,1.16415,0.10,6.36
2020.09.24 11:20:18.472,1.16413,1.16415,0.90,6.36
2020.09.24 11:20:20.447,1.16412,1.16413,0.45,0.75
2020.09.24 11:20:20.549,1.1641,1.16414,0.10,7.11
2020.09.24 11:20:20.702,1.16412,1.16414,0.10,5.61
2020.09.24 11:20:20.753,1.16413,1.16416,0.10,10.11
2020.09.24 11:20:22.049,1.16413,1.16415,0.10,5.61
2020.09.24 11:20:22.150,1.16413,1.16416,0.10,6.36
2020.09.24 11:20:23.068,1.16413,1.16415,0.10,5.61
2020.09.24 11:20:23.353,1.16413,1.16416,0.10,6.36
2020.09.24 11:20:23.781,1.16412,1.16416,0.82,6.36
2020.09.24 11:20:23.882,1.16413,1.16414,0.82,5.61
2020.09.24 11:20:24.034,1.16413,1.16416,0.10,6.36
2020.09.24 11:20:25.708,1.16413,1.16415,0.82,6.36
2020.09.24 11:20:26.534,1.16412,1.16414,12.35,1.50
2020.09.24 11:20:26.635,1.16412,1.16413,0.10,6.36
2020.09.24 11:20:28.321,1.16411,1.16415,0.10,7.11
2020.09.24 11:20:28.423,1.16412,1.16414,0.75,5.61
2020.09.24 11:20:28.658,1.16413,1.16414,0.75,7.11
2020.09.24 11:20:28.760,1.16413,1.16415,1.12,11.69
2020.09.24 11:20:28.861,1.16412,1.16414,0.75,5.61
2020.09.24 11:20:29.114,1.16413,1.16415,0.75,6.36
2020.09.24 11:20:29.216,1.16416,1.16418,1.69,1.57
2020.09.24 11:20:29.317,1.16416,1.16419,1.57,5.61
2020.09.24 11:20:29.784,1.16416,1.16418,0.82,5.61
2020.09.24 11:20:29.991,1.16416,1.16419,0.82,5.61
2020.09.24 11:20:30.214,1.16416,1.16418,0.82,5.61
2020.09.24 11:20:30.417,1.16416,1.16419,0.82,5.61
2020.09.24 11:20:30.711,1.16416,1.16418,5.96,5.61
2020.09.24 11:20:30.864,1.1642,1.16422,0.82,0.10
2020.09.24 11:20:30.967,1.16422,1.16424,1.01,7.49
2020.09.24 11:20:31.170,1.16423,1.16424,0.82,5.61
2020.09.24 11:20:31.272,1.16423,1.16425,0.75,5.61
2020.09.24 11:20:31.374,1.16423,1.16425,0.75,11.99
2020.09.24 11:20:31.527,1.16424,1.16426,0.75,5.61
2020.09.24 11:20:31.578,1.16427,1.16429,0.75,7.76
2020.09.24 11:20:31.730,1.16427,1.1643,0.82,7.49
2020.09.24 11:20:31.983,1.16428,1.1643,0.82,5.61
2020.09.24 11:20:32.086,1.16428,1.16431,0.82,5.61
2020.09.24 11:20:32.239,1.16428,1.1643,1.57,5.61
2020.09.24 11:20:32.393,1.16427,1.16429,6.71,5.61
2020.09.24 11:20:32.627,1.16428,1.16429,0.75,5.61
2020.09.24 11:20:33.436,1.16427,1.16428,3.75,0.75
2020.09.24 11:20:33.538,1.16425,1.16428,0.26,0.37
2020.09.24 11:20:33.691,1.16425,1.16427,0.26,5.61
2020.09.24 11:20:33.794,1.16425,1.16428,0.19,5.99
2020.09.24 11:20:33.896,1.16425,1.16427,0.19,5.61
2020.09.24 11:20:35.212,1.16424,1.16426,0.10,7.11
2020.09.24 11:20:35.314,1.16422,1.16424,0.10,8.24
2020.09.24 11:20:35.416,1.16422,1.16425,0.10,2.62
2020.09.24 11:20:35.517,1.16421,1.16423,0.82,5.61
2020.09.24 11:20:35.618,1.1642,1.16423,2.14,5.61
2020.09.24 11:20:35.720,1.16421,1.16423,2.14,5.61
2020.09.24 11:20:37.347,1.16421,1.16424,0.82,5.61
2020.09.24 11:20:37.398,1.16423,1.16425,0.82,10.49
2020.09.24 11:20:37.500,1.16423,1.16426,0.82,7.49
2020.09.24 11:20:37.703,1.16424,1.16426,0.75,7.49
2020.09.24 11:20:37.855,1.16424,1.16427,0.82,5.99
2020.09.24 11:20:37.956,1.16423,1.16427,4.57,5.99
2020.09.24 11:20:38.531,1.16424,1.16427,0.10,5.99
2020.09.24 11:20:38.930,1.16424,1.16426,0.10,5.61
2020.09.24 11:20:39.138,1.16425,1.16426,9.46,5.99
2020.09.24 11:20:39.700,1.16424,1.16426,4.57,5.98
2020.09.24 11:20:40.159,1.16424,1.16427,0.10,6.74
2020.09.24 11:20:40.262,1.16423,1.16426,0.82,3.00
2020.09.24 11:20:40.469,1.16423,1.16427,3.82,5.99
2020.09.24 11:20:40.579,1.16422,1.16426,2.32,5.61
2020.09.24 11:20:40.681,1.16421,1.16425,9.39,6.74
2020.09.24 11:20:40.934,1.1642,1.16425,11.71,6.74
2020.09.24 11:20:41.200,1.16422,1.16424,0.10,6.74
2020.09.24 11:20:41.356,1.16421,1.16424,0.10,5.61
2020.09.24 11:20:41.558,1.16421,1.16425,0.10,7.49
2020.09.24 11:20:41.913,1.16421,1.16424,0.10,5.61
2020.09.24 11:20:42.116,1.16421,1.16425,3.07,7.49
2020.09.24 11:20:42.324,1.16422,1.16423,3.07,5.61
2020.09.24 11:20:42.884,1.1642,1.16423,11.26,0.26
2020.09.24 11:20:43.020,1.16419,1.16423,0.37,8.13
2020.09.24 11:20:43.121,1.16418,1.16423,4.95,1.57
2020.09.24 11:20:43.534,1.16418,1.16422,4.95,5.61
2020.09.24 11:20:43.900,1.16419,1.16422,0.10,5.61
2020.09.24 11:20:44.001,1.1642,1.16422,1.20,7.11
2020.09.24 11:20:44.103,1.1642,1.16423,9.39,6.36
2020.09.24 11:20:44.634,1.16419,1.16422,1.20,5.61
2020.09.24 11:20:44.764,1.1642,1.16422,0.10,5.61
2020.09.24 11:20:44.967,1.16421,1.16422,0.10,6.36
2020.09.24 11:20:45.126,1.16419,1.16422,14.26,7.94
2020.09.24 11:20:45.228,1.16418,1.16422,1.50,5.61
2020.09.24 11:20:45.329,1.16418,1.16421,1.50,5.61
2020.09.24 11:20:45.431,1.16419,1.16421,1.50,5.61
2020.09.24 11:20:45.533,1.16421,1.16422,0.37,6.36
2020.09.24 11:20:45.634,1.1642,1.16423,0.37,5.61
2020.09.24 11:20:46.021,1.16419,1.16422,9.39,4.69
2020.09.24 11:20:46.123,1.16418,1.16419,2.62,8.61
2020.09.24 11:20:46.174,1.16416,1.16418,0.75,5.61
2020.09.24 11:20:46.478,1.16417,1.16418,0.75,0.10
2020.09.24 11:20:46.731,1.16416,1.1642,10.21,6.74
2020.09.24 11:20:48.239,1.16416,1.16418,5.62,5.61
2020.09.24 11:20:48.340,1.16413,1.16417,7.39,5.61
2020.09.24 11:20:48.442,1.16413,1.16418,13.77,5.61
2020.09.24 11:20:48.594,1.16414,1.16416,4.39,5.61
2020.09.24 11:20:48.791,1.16414,1.16417,13.77,5.61
2020.09.24 11:20:48.892,1.16414,1.16416,4.39,5.61
2020.09.24 11:20:49.098,1.16413,1.16417,4.39,5.61
2020.09.24 11:20:49.428,1.16413,1.16416,11.51,5.61
2020.09.24 11:20:49.923,1.16413,1.16416,4.39,5.61
2020.09.24 11:20:50.677,1.16413,1.16417,4.39,5.61
2020.09.24 11:20:52.260,1.16413,1.16416,2.89,5.61
2020.09.24 11:20:53.063,1.16413,1.16417,2.89,5.61
2020.09.24 11:20:53.265,1.16414,1.16416,2.89,5.61
2020.09.24 11:20:53.623,1.16414,1.16416,2.89,5.61
2020.09.24 11:20:53.725,1.16412,1.16416,0.75,1.50
2020.09.24 11:20:53.827,1.16412,1.16414,5.44,5.61
2020.09.24 11:20:54.029,1.16411,1.16415,5.44,5.61
2020.09.24 11:20:54.461,1.16412,1.16414,5.51,5.61
2020.09.24 11:20:55.115,1.16412,1.16414,14.90,5.61
2020.09.24 11:20:55.419,1.16411,1.16416,5.51,1.50
2020.09.24 11:20:55.523,1.16411,1.16414,5.51,5.61
2020.09.24 11:20:55.688,1.16411,1.16414,2.51,5.61
2020.09.24 11:20:55.856,1.16411,1.16414,5.51,5.61
2020.09.24 11:20:56.421,1.16413,1.16415,3.64,5.61
2020.09.24 11:20:56.472,1.16413,1.16417,0.10,0.75
2020.09.24 11:20:57.507,1.16413,1.16416,10.59,5.61
2020.09.24 11:20:57.609,1.16413,1.16417,11.34,5.61
2020.09.24 11:20:57.715,1.16414,1.16417,9.39,5.61
2020.09.24 11:20:58.181,1.16415,1.16417,9.39,7.11
2020.09.24 11:20:58.288,1.16415,1.16416,9.39,5.61
2020.09.24 11:20:58.548,1.16414,1.16418,9.39,7.11
2020.09.24 11:20:58.747,1.16413,1.16416,1.95,5.61
2020.09.24 11:20:58.899,1.16413,1.16417,11.34,5.61
2020.09.24 11:20:59.528,1.16416,1.16417,0.75,6.36
2020.09.24 11:20:59.579,1.16417,1.1642,0.45,1.57
2020.09.24 11:20:59.681,1.16418,1.16421,0.82,5.80
2020.09.24 11:21:00.188,1.16418,1.1642,0.82,5.61
2020.09.24 11:21:00.289,1.16418,1.16421,10.21,5.80
2020.09.24 11:21:00.970,1.16417,1.1642,0.37,5.61
2020.09.24 11:21:01.072,1.16416,1.16421,2.44,7.38
2020.09.24 11:21:01.173,1.16417,1.16419,2.44,5.61
2020.09.24 11:21:01.405,1.16417,1.16418,2.44,5.61
2020.09.24 11:21:02.015,1.16416,1.16421,2.44,2.51
2020.09.24 11:21:02.130,1.16416,1.16418,2.44,5.61
2020.09.24 11:21:02.282,1.16416,1.16419,1.69,5.61
2020.09.24 11:21:02.805,1.16416,1.1642,1.69,5.61
2020.09.24 11:21:02.928,1.16416,1.16419,1.69,5.61
2020.09.24 11:21:05.214,1.16416,1.16418,1.69,5.61
2020.09.24 11:21:05.366,1.16415,1.16417,1.87,0.75
2020.09.24 11:21:05.417,1.16411,1.16414,1.69,0.10
2020.09.24 11:21:05.518,1.16411,1.16413,18.58,7.56
2020.09.24 11:21:05.621,1.1641,1.16411,1.12,5.61
2020.09.24 11:21:06.028,1.16409,1.16411,0.75,5.61
2020.09.24 11:21:06.131,1.16409,1.16412,0.75,6.36
2020.09.24 11:21:06.473,1.16409,1.16411,5.89,6.36
2020.09.24 11:21:07.120,1.16409,1.16412,0.75,6.36
2020.09.24 11:21:07.273,1.16409,1.1641,1.12,5.61
2020.09.24 11:21:07.324,1.16408,1.1641,0.37,5.69
2020.09.24 11:21:07.425,1.16407,1.1641,0.10,5.61
2020.09.24 11:21:07.526,1.16406,1.1641,5.14,5.61
2020.09.24 11:21:07.779,1.16406,1.16409,5.14,5.61
2020.09.24 11:21:08.031,1.16406,1.1641,5.14,5.61
2020.09.24 11:21:08.234,1.16406,1.16409,5.14,5.61
2020.09.24 11:21:08.456,1.16407,1.16409,5.14,5.61
2020.09.24 11:21:09.966,1.16407,1.16409,5.14,5.61
2020.09.24 11:21:10.222,1.16406,1.1641,5.14,5.61
2020.09.24 11:21:10.330,1.16406,1.16409,5.06,5.61
2020.09.24 11:21:10.482,1.16406,1.16408,0.75,0.10
2020.09.24 11:21:10.584,1.16405,1.16407,0.94,5.61
2020.09.24 11:21:10.686,1.16406,1.16408,0.10,5.61
2020.09.24 11:21:10.787,1.16407,1.16409,1.95,5.80
2020.09.24 11:21:10.889,1.16407,1.1641,0.10,5.61
2020.09.24 11:21:11.170,1.16406,1.1641,1.95,5.61
2020.09.24 11:21:12.347,1.16406,1.16409,1.95,0.75
2020.09.24 11:21:12.467,1.16406,1.1641,1.95,5.61
2020.09.24 11:21:14.989,1.16405,1.16409,4.95,0.75
2020.09.24 11:21:15.461,1.16406,1.16407,1.95,0.75
2020.09.24 11:21:15.614,1.16405,1.16409,1.20,6.36
2020.09.24 11:21:15.817,1.16407,1.16409,3.56,6.36
2020.09.24 11:21:15.868,1.1641,1.16412,0.82,0.37
2020.09.24 11:21:16.071,1.16411,1.16413,0.94,9.81
2020.09.24 11:21:16.173,1.1641,1.16413,0.75,5.69
2020.09.24 11:21:16.705,1.1641,1.16412,0.94,5.61
2020.09.24 11:21:17.134,1.16411,1.16412,0.94,5.69
2020.09.24 11:21:17.891,1.1641,1.16412,0.94,5.61
2020.09.24 11:21:19.182,1.1641,1.16413,0.94,5.69
2020.09.24 11:21:19.955,1.1641,1.16412,0.94,5.61
2020.09.24 11:21:20.058,1.16411,1.16412,0.94,5.69
2020.09.24 11:21:20.312,1.1641,1.16412,0.94,5.61
2020.09.24 11:21:20.413,1.1641,1.16413,0.94,5.69
2020.09.24 11:21:21.625,1.1641,1.16414,0.94,9.44
2020.09.24 11:21:21.787,1.16411,1.16412,10.32,5.61
2020.09.24 11:21:23.173,1.16409,1.16413,0.26,6.74
2020.09.24 11:21:23.275,1.16409,1.16412,9.65,5.61
2020.09.24 11:21:23.784,1.16409,1.16413,0.19,6.44
2020.09.24 11:21:24.231,1.16412,1.16413,1.50,6.74
2020.09.24 11:21:24.332,1.16414,1.16415,0.26,0.75
2020.09.24 11:21:24.434,1.16413,1.16417,4.01,5.61
2020.09.24 11:21:24.761,1.16414,1.16416,4.01,6.36
2020.09.24 11:21:24.863,1.16413,1.16417,4.01,5.61
2020.09.24 11:21:25.289,1.16413,1.16415,0.75,1.57
2020.09.24 11:21:25.390,1.1641,1.16412,21.20,5.69
2020.09.24 11:21:25.593,1.16411,1.16412,0.19,5.61
2020.09.24 11:21:25.694,1.1641,1.16414,0.94,5.69
2020.09.24 11:21:25.947,1.16411,1.16412,0.19,0.10
2020.09.24 11:21:26.049,1.16408,1.1641,9.76,0.37
2020.09.24 11:21:26.150,1.16409,1.1641,0.75,5.61
2020.09.24 11:21:26.252,1.1641,1.16413,9.39,5.61
2020.09.24 11:21:26.404,1.16409,1.16413,5.51,5.61
2020.09.24 11:21:26.505,1.16409,1.16414,14.90,5.61
2020.09.24 11:21:26.607,1.16411,1.16415,0.82,9.55
2020.09.24 11:21:26.759,1.16411,1.16414,9.39,0.10
2020.09.24 11:21:26.860,1.16411,1.16413,0.45,5.61
2020.09.24 11:21:27.883,1.1641,1.16412,0.37,0.37
2020.09.24 11:21:27.985,1.1641,1.16413,0.37,5.61
2020.09.24 11:21:28.430,1.16411,1.16413,0.37,5.69
2020.09.24 11:21:29.253,1.16409,1.16413,1.12,6.44
2020.09.24 11:21:29.355,1.16408,1.16413,11.34,7.26
2020.09.24 11:21:29.507,1.16408,1.16412,1.95,5.61
2020.09.24 11:21:30.241,1.16408,1.16411,1.87,5.61
2020.09.24 11:21:30.560,1.16408,1.16412,11.26,5.69
2020.09.24 11:21:31.015,1.16408,1.16411,1.95,5.61
2020.09.24 11:21:31.117,1.16408,1.16412,1.87,5.69
2020.09.24 11:21:31.319,1.16408,1.16411,4.87,5.61
2020.09.24 11:21:31.534,1.16408,1.16412,4.87,6.44
2020.09.24 11:21:31.974,1.16408,1.16411,4.87,5.61
2020.09.24 11:21:32.178,1.16408,1.16413,15.09,7.38
2020.09.24 11:21:32.853,1.16408,1.16412,14.26,0.10
2020.09.24 11:21:34.061,1.16409,1.1641,11.26,0.75
2020.09.24 11:21:34.163,1.1641,1.16412,0.10,8.80
2020.09.24 11:21:34.315,1.16409,1.16411,14.34,0.75
2020.09.24 11:21:35.111,1.16407,1.16409,9.39,1.50
2020.09.24 11:21:35.213,1.16405,1.16409,0.82,7.11
2020.09.24 11:21:35.720,1.16405,1.16408,10.21,5.61
2020.09.24 11:21:35.973,1.16405,1.16409,10.14,6.36
2020.09.24 11:21:36.125,1.16406,1.16409,1.95,6.36
2020.09.24 11:21:38.109,1.16407,1.1641,3.00,5.99
2020.09.24 11:21:38.377,1.16406,1.16409,10.51,0.75
2020.09.24 11:21:40.413,1.16409,1.16411,0.75,5.61
2020.09.24 11:21:40.514,1.1641,1.16412,0.10,0.75
2020.09.24 11:21:41.045,1.1641,1.16411,13.59,0.75
2020.09.24 11:21:41.147,1.16408,1.16412,10.59,0.75
2020.09.24 11:21:41.981,1.16409,1.1641,9.39,2.62
2020.09.24 11:21:42.032,1.16407,1.16409,9.76,0.75
2020.09.24 11:21:42.134,1.16407,1.16408,0.82,0.75
2020.09.24 11:21:42.286,1.16407,1.16409,0.10,0.75
2020.09.24 11:21:42.438,1.16408,1.16411,0.10,0.75
2020.09.24 11:21:42.851,1.16409,1.16411,9.39,0.75
2020.09.24 11:21:43.054,1.16408,1.16411,9.46,0.75
2020.09.24 11:21:43.512,1.16409,1.16411,9.46,6.36
2020.09.24 11:21:44.178,1.1641,1.16411,9.39,0.75
2020.09.24 11:21:44.933,1.16408,1.16412,11.34,0.75
2020.09.24 11:21:46.169,1.1641,1.16411,9.39,0.75
2020.09.24 11:21:46.461,1.16409,1.16411,14.71,1.49
2020.09.24 11:21:46.563,1.16409,1.16411,14.71,0.75
2020.09.24 11:21:47.023,1.16411,1.16413,7.50,9.43
2020.09.24 11:21:47.074,1.16412,1.16415,3.82,0.94
2020.09.24 11:21:47.226,1.16412,1.16414,0.82,7.11
2020.09.24 11:21:47.581,1.1641,1.16415,10.77,7.86
2020.09.24 11:21:47.632,1.16413,1.16415,0.10,5.61
2020.09.24 11:21:47.733,1.16414,1.16418,1.57,6.74
2020.09.24 11:21:47.835,1.16416,1.16418,0.10,7.49
2020.09.24 11:21:49.570,1.16415,1.16417,0.10,0.37
2020.09.24 11:21:49.672,1.16415,1.16419,0.10,1.87
2020.09.24 11:21:49.802,1.16415,1.16418,13.59,1.87
2020.09.24 11:21:49.937,1.16414,1.16418,13.51,1.87
2020.09.24 11:21:50.039,1.16414,1.16417,9.39,0.75
2020.09.24 11:21:50.140,1.16414,1.16417,13.59,9.81
2020.09.24 11:21:51.141,1.16413,1.16417,13.59,5.61
2020.09.24 11:21:51.770,1.16414,1.16417,13.59,9.74
2020.09.24 11:21:51.881,1.16413,1.16415,11.26,0.75
2020.09.24 11:21:52.426,1.16413,1.16414,1.12,5.61
2020.09.24 11:21:52.743,1.16413,1.16415,0.82,1.12
2020.09.24 11:21:52.845,1.16414,1.16415,10.21,0.75
2020.09.24 11:21:52.997,1.16412,1.16415,10.51,0.75
2020.09.24 11:21:53.968,1.16411,1.16415,11.34,6.36
2020.09.24 11:21:54.823,1.16412,1.16415,3.82,6.36
2020.09.24 11:21:54.924,1.16413,1.16416,10.59,0.75
2020.09.24 11:21:55.494,1.16413,1.16417,2.32,6.36
2020.09.24 11:21:55.595,1.16414,1.16417,13.59,0.75
2020.09.24 11:21:55.747,1.16415,1.16416,10.59,1.50
2020.09.24 11:21:55.900,1.16415,1.16418,9.46,0.75
2020.09.24 11:21:56.570,1.16418,1.1642,0.82,5.61
2020.09.24 11:21:56.672,1.16418,1.16421,0.82,1.12
2020.09.24 11:21:57.287,1.16417,1.16418,10.66,0.75
2020.09.24 11:21:57.388,1.16416,1.16418,10.21,6.36
2020.09.24 11:21:58.170,1.16416,1.16419,9.39,0.75
2020.09.24 11:21:58.658,1.16415,1.16419,10.59,0.75
2020.09.24 11:21:58.836,1.16415,1.16418,10.59,0.75
2020.09.24 11:21:58.961,1.16416,1.16418,10.59,0.75
2020.09.24 11:22:00.208,1.16417,1.16419,0.10,0.75
2020.09.24 11:22:00.310,1.16416,1.16419,10.14,0.75
2020.09.24 11:22:00.411,1.16416,1.1642,10.14,1.12
2020.09.24 11:22:00.513,1.16417,1.1642,9.39,1.12
2020.09.24 11:22:00.716,1.16416,1.1642,14.26,1.12
2020.09.24 11:22:01.040,1.16416,1.16419,0.75,0.75
2020.09.24 11:22:01.300,1.16416,1.16418,0.75,5.61
2020.09.24 11:22:01.401,1.16416,1.16418,10.59,6.36
2020.09.24 11:22:01.724,1.16417,1.16419,0.10,6.36
2020.09.24 11:22:01.826,1.16416,1.16419,13.51,0.75
2020.09.24 11:22:03.216,1.16416,1.16418,9.39,1.12
2020.09.24 11:22:03.267,1.16415,1.16417,3.75,6.74
2020.09.24 11:22:03.957,1.16416,1.16417,1.12,0.75
2020.09.24 11:22:05.159,1.16417,1.16418,9.39,1.12
2020.09.24 11:22:05.261,1.16415,1.16418,13.51,0.75
2020.09.24 11:22:05.464,1.16414,1.16418,10.59,1.87
2020.09.24 11:22:06.164,1.16415,1.16418,0.75,6.74
2020.09.24 11:22:06.424,1.16414,1.16418,4.20,6.74
2020.09.24 11:22:08.000,1.16415,1.16418,0.10,6.74
2020.09.24 11:22:08.152,1.16416,1.16419,0.10,6.36
2020.09.24 11:22:09.261,1.16417,1.16419,0.37,0.75
2020.09.24 11:22:09.590,1.16416,1.16419,9.46,0.75
2020.09.24 11:22:10.768,1.16417,1.16419,0.10,0.75
2020.09.24 11:22:11.152,1.16417,1.16418,9.46,0.75
2020.09.24 11:22:12.065,1.16415,1.16418,9.76,1.50
2020.09.24 11:22:12.217,1.16413,1.16418,14.34,7.49
2020.09.24 11:22:12.370,1.16414,1.16418,0.75,7.56
2020.09.24 11:22:12.472,1.16414,1.16416,13.96,5.61
2020.09.24 11:22:13.022,1.16415,1.16417,0.10,5.61
2020.09.24 11:22:13.125,1.16415,1.16418,9.46,0.75
2020.09.24 11:22:13.543,1.16415,1.16419,9.84,1.12
2020.09.24 11:22:13.948,1.16417,1.16419,0.10,6.74
2020.09.24 11:22:14.049,1.16417,1.1642,9.39,0.75
2020.09.24 11:22:14.151,1.16416,1.1642,10.21,0.75
2020.09.24 11:22:14.303,1.16417,1.1642,1.20,0.75
2020.09.24 11:22:14.404,1.16419,1.1642,0.75,5.61
2020.09.24 11:22:14.506,1.16421,1.16423,0.45,0.94
2020.09.24 11:22:15.458,1.16422,1.16425,0.82,0.75
2020.09.24 11:22:15.560,1.16421,1.16423,10.59,0.19
2020.09.24 11:22:15.741,1.16422,1.16424,0.10,0.19
2020.09.24 11:22:15.792,1.16424,1.16426,0.10,6.36
2020.09.24 11:22:15.894,1.16424,1.16427,9.46,1.50
2020.09.24 11:22:15.996,1.16426,1.16428,9.39,0.19
2020.09.24 11:22:16.097,1.16426,1.16429,0.10,6.36
2020.09.24 11:22:17.113,1.16425,1.16429,0.37,6.36
2020.09.24 11:22:17.591,1.16424,1.16429,10.40,0.75
2020.09.24 11:22:18.561,1.16426,1.16428,0.75,0.75
2020.09.24 11:22:18.662,1.16425,1.16428,10.21,0.94
2020.09.24 11:22:18.765,1.16424,1.16428,12.39,7.68
2020.09.24 11:22:19.180,1.16423,1.16428,14.41,7.68
2020.09.24 11:22:21.656,1.16425,1.16428,0.75,7.68
2020.09.24 11:22:21.757,1.16423,1.16428,13.59,7.68
2020.09.24 11:22:22.719,1.16424,1.16428,0.10,7.68
2020.09.24 11:22:22.971,1.16424,1.16427,0.10,1.12
2020.09.24 11:22:23.022,1.16422,1.16425,9.39,2.25
2020.09.24 11:22:23.124,1.1642,1.16425,9.84,8.31
2020.09.24 11:22:23.226,1.16422,1.16424,1.57,6.36
2020.09.24 11:22:23.791,1.16423,1.16425,0.82,0.75
2020.09.24 11:22:23.893,1.16423,1.16426,10.21,0.75
2020.09.24 11:22:24.288,1.16424,1.16426,0.10,0.75
2020.09.24 11:22:24.540,1.16424,1.16425,0.82,0.75
2020.09.24 11:22:24.642,1.16421,1.16425,9.91,0.75
2020.09.24 11:22:25.560,1.16422,1.16425,0.10,0.75
2020.09.24 11:22:25.662,1.16424,1.16425,10.21,0.75
2020.09.24 11:22:28.070,1.16424,1.16427,9.39,0.94
2020.09.24 11:22:28.171,1.16423,1.16427,10.21,0.75
2020.09.24 11:22:31.009,1.16425,1.16427,0.37,0.75
2020.09.24 11:22:31.060,1.16423,1.16427,10.21,0.75
2020.09.24 11:22:31.300,1.16426,1.16428,0.10,5.61
2020.09.24 11:22:31.402,1.16429,1.16431,1.57,5.61
2020.09.24 11:22:31.453,1.1643,1.16432,0.10,5.61
2020.09.24 11:22:31.554,1.1643,1.16433,0.45,5.61
2020.09.24 11:22:31.655,1.1643,1.16434,9.84,7.11
2020.09.24 11:22:32.863,1.16432,1.16435,0.10,5.61
2020.09.24 11:22:32.965,1.16433,1.16438,9.46,8.80
2020.09.24 11:22:33.067,1.16435,1.16436,0.10,5.61
2020.09.24 11:22:33.235,1.16434,1.16438,9.39,7.30
2020.09.24 11:22:33.337,1.16433,1.16438,10.59,1.69
2020.09.24 11:22:34.036,1.16434,1.16438,0.75,7.30
2020.09.24 11:22:34.150,1.16434,1.16437,10.59,7.30
2020.09.24 11:22:34.252,1.16433,1.16437,9.46,0.75
2020.09.24 11:22:34.354,1.16432,1.16435,9.39,0.75
2020.09.24 11:22:34.405,1.16431,1.16434,10.89,8.50
2020.09.24 11:22:34.506,1.1643,1.16434,0.75,6.36
2020.09.24 11:22:35.870,1.16429,1.16434,13.89,8.43
2020.09.24 11:22:35.971,1.16428,1.16433,13.59,7.49
2020.09.24 11:22:36.174,1.16428,1.16432,3.07,5.61
2020.09.24 11:22:36.276,1.16429,1.16432,3.07,9.25
2020.09.24 11:22:36.626,1.16428,1.16432,0.10,5.61
2020.09.24 11:22:36.974,1.16428,1.16433,0.10,9.25
2020.09.24 11:22:37.399,1.16428,1.16432,0.10,5.61
2020.09.24 11:22:37.854,1.16428,1.16429,13.51,0.19
2020.09.24 11:22:37.956,1.16425,1.1643,10.77,10.68
2020.09.24 11:22:38.108,1.16426,1.1643,0.10,6.44
2020.09.24 11:22:38.210,1.16428,1.16431,0.75,5.69
2020.09.24 11:22:38.311,1.16428,1.16432,10.14,0.75
2020.09.24 11:22:38.891,1.1643,1.16431,0.75,6.36
2020.09.24 11:22:39.094,1.1643,1.16432,4.57,5.61
2020.09.24 11:22:39.195,1.16429,1.16434,10.21,9.74
2020.09.24 11:22:40.237,1.16431,1.16434,0.75,6.74
2020.09.24 11:22:40.336,1.16429,1.16434,0.82,6.74
2020.09.24 11:22:40.688,1.1643,1.16434,0.75,6.74
2020.09.24 11:22:42.151,1.16429,1.16434,4.20,7.11
2020.09.24 11:22:42.618,1.1643,1.16432,0.75,0.75
2020.09.24 11:22:42.721,1.16428,1.16432,10.14,0.75
2020.09.24 11:22:42.974,1.16427,1.1643,9.39,2.44
2020.09.24 11:22:43.076,1.16425,1.16429,1.01,6.36
2020.09.24 11:22:44.281,1.16425,1.16428,0.75,0.75
2020.09.24 11:22:44.383,1.16424,1.16426,9.39,0.94
2020.09.24 11:22:44.486,1.16422,1.16424,9.39,2.62
2020.09.24 11:22:44.537,1.16421,1.16423,0.45,12.93
2020.09.24 11:22:44.640,1.1642,1.16422,9.39,6.36
2020.09.24 11:22:44.793,1.16418,1.16423,12.65,6.36
2020.09.24 11:22:44.946,1.1642,1.16423,0.10,5.61
2020.09.24 11:22:45.048,1.16421,1.16424,0.10,5.61
2020.09.24 11:22:45.151,1.16422,1.16424,10.21,1.12
2020.09.24 11:22:46.462,1.16422,1.16425,0.75,1.87
2020.09.24 11:22:46.583,1.16422,1.16424,10.14,1.87
2020.09.24 11:22:49.770,1.1642,1.16423,9.84,0.75
2020.09.24 11:22:49.872,1.16419,1.16423,0.10,7.11
2020.09.24 11:22:50.486,1.1642,1.16423,0.10,6.36
2020.09.24 11:22:50.588,1.16422,1.16424,0.10,12.25
2020.09.24 11:22:51.039,1.16422,1.16425,0.10,7.49
2020.09.24 11:22:51.645,1.16421,1.16425,0.10,8.80
2020.09.24 11:22:52.204,1.16421,1.16424,0.10,5.61
2020.09.24 11:22:52.360,1.16421,1.16425,0.10,8.43
2020.09.24 11:22:54.421,1.16423,1.16425,0.10,5.61
2020.09.24 11:22:54.525,1.16424,1.16426,0.10,10.30
2020.09.24 11:22:55.776,1.16424,1.16427,0.75,7.30
2020.09.24 11:22:56.005,1.16423,1.16427,0.10,7.30
2020.09.24 11:22:57.852,1.16422,1.16426,9.39,2.14
2020.09.24 11:22:57.902,1.16422,1.16423,9.46,0.75
2020.09.24 11:22:57.953,1.1642,1.16424,0.10,6.36
2020.09.24 11:22:58.055,1.1642,1.16422,9.84,1.69
2020.09.24 11:22:58.157,1.16419,1.16422,12.84,5.61
2020.09.24 11:22:58.258,1.16419,1.16423,12.84,0.94
2020.09.24 11:22:59.824,1.1642,1.16423,0.10,0.94
2020.09.24 11:23:00.825,1.1642,1.16422,9.46,8.05
2020.09.24 11:23:00.926,1.16418,1.16422,9.84,0.75
2020.09.24 11:23:01.950,1.1642,1.16421,0.10,5.61
2020.09.24 11:23:02.052,1.16421,1.16423,0.10,0.75
2020.09.24 11:23:02.507,1.16421,1.16424,0.10,1.31
2020.09.24 11:23:03.105,1.16421,1.16423,0.10,0.75
2020.09.24 11:23:03.268,1.16421,1.16424,0.10,1.31
2020.09.24 11:23:03.431,1.16423,1.16425,0.10,5.69
2020.09.24 11:23:03.534,1.16424,1.16426,10.51,1.31
2020.09.24 11:23:03.635,1.16424,1.16427,0.75,0.94
2020.09.24 11:23:03.948,1.16424,1.16428,0.82,6.74
2020.09.24 11:23:04.049,1.16426,1.16428,0.82,7.30
2020.09.24 11:23:04.207,1.16426,1.16429,9.39,0.94
2020.09.24 11:23:04.703,1.16426,1.16428,14.34,0.94
2020.09.24 11:23:05.120,1.16426,1.16429,9.39,0.94
2020.09.24 11:23:05.452,1.16426,1.16428,1.20,6.55
2020.09.24 11:23:06.192,1.16425,1.16428,13.59,0.75
2020.09.24 11:23:06.293,1.16426,1.16428,13.59,0.94
2020.09.24 11:23:09.021,1.16425,1.16428,13.51,0.19
2020.09.24 11:23:09.123,1.16425,1.16427,14.26,0.19
2020.09.24 11:23:11.011,1.16428,1.16429,0.82,5.69
2020.09.24 11:23:11.113,1.16429,1.1643,10.51,0.19
2020.09.24 11:23:12.389,1.16428,1.1643,10.59,0.75
2020.09.24 11:23:12.511,1.16429,1.16431,10.59,0.94
2020.09.24 11:23:13.222,1.16429,1.16432,14.71,0.19
2020.09.24 11:23:13.477,1.1643,1.16432,10.51,0.19
2020.09.24 11:23:19.317,1.16432,1.16434,0.10,0.94
2020.09.24 11:23:19.418,1.16433,1.16436,9.39,0.19
2020.09.24 11:23:19.519,1.16432,1.16436,14.41,0.19
2020.09.24 11:23:19.689,1.16433,1.16436,3.00,0.19
2020.09.24 11:23:19.790,1.16433,1.16437,1.20,0.94
2020.09.24 11:23:19.892,1.16435,1.16436,0.10,0.94
2020.09.24 11:23:20.094,1.16434,1.16438,12.46,6.55
2020.09.24 11:23:20.196,1.16437,1.1644,10.59,0.75
2020.09.24 11:23:20.298,1.16439,1.16441,1.87,7.30
2020.09.24 11:23:20.601,1.1644,1.16441,1.20,0.19
2020.09.24 11:23:20.653,1.16441,1.16444,0.10,6.36
2020.09.24 11:23:20.754,1.16441,1.16443,14.52,0.94
2020.09.24 11:23:20.906,1.16443,1.16444,0.75,0.75
2020.09.24 11:23:21.665,1.16442,1.16444,0.75,0.75
2020.09.24 11:23:21.767,1.16442,1.16445,0.75,0.94
2020.09.24 11:23:22.433,1.16443,1.16446,1.01,6.36
2020.09.24 11:23:22.535,1.16443,1.16447,10.21,0.94
2020.09.24 11:23:24.335,1.16444,1.16447,0.75,0.75
2020.09.24 11:23:31.532,1.16447,1.16449,0.10,5.61
2020.09.24 11:23:31.635,1.16449,1.1645,9.39,0.75
2020.09.24 11:23:31.737,1.16447,1.16451,0.10,0.75
2020.09.24 11:23:33.062,1.1645,1.16451,0.82,7.00
2020.09.24 11:23:33.164,1.16449,1.16452,0.82,0.75
2020.09.24 11:23:36.183,1.16449,1.16451,5.89,0.75
2020.09.24 11:23:36.234,1.16447,1.16449,9.84,0.75
2020.09.24 11:23:36.336,1.16445,1.16449,9.39,0.75
2020.09.24 11:23:36.488,1.16444,1.16449,11.52,6.55
2020.09.24 11:23:37.161,1.16444,1.16447,2.14,0.75
2020.09.24 11:23:37.212,1.16445,1.16448,2.14,7.30
2020.09.24 11:23:37.314,1.16444,1.16448,1.20,0.75
2020.09.24 11:23:39.034,1.16445,1.16446,10.51,1.50
2020.09.24 11:23:39.136,1.16443,1.16444,0.75,6.36
2020.09.24 11:23:39.187,1.16441,1.16444,9.39,0.75
2020.09.24 11:23:39.288,1.16441,1.16443,13.14,6.36
2020.09.24 11:23:40.293,1.1644,1.16443,3.75,0.75
2020.09.24 11:23:40.395,1.16441,1.16443,4.12,0.75
2020.09.24 11:23:41.715,1.16439,1.16443,1.87,0.75
2020.09.24 11:23:41.816,1.16438,1.16443,11.34,8.05
2020.09.24 11:23:43.337,1.16438,1.16442,10.59,0.75
2020.09.24 11:23:43.543,1.16439,1.16442,10.59,3.19
2020.09.24 11:23:44.820,1.16438,1.16439,13.89,0.94
2020.09.24 11:23:44.921,1.16436,1.16439,0.75,1.50
2020.09.24 11:23:45.024,1.16436,1.16438,0.26,7.11
2020.09.24 11:23:46.437,1.16436,1.16437,0.19,0.75
2020.09.24 11:23:46.539,1.16434,1.16439,13.40,2.44
2020.09.24 11:23:48.014,1.16436,1.16439,0.75,0.75
2020.09.24 11:23:52.636,1.16436,1.16437,10.51,0.75
2020.09.24 11:23:52.786,1.16437,1.16438,0.75,6.55
2020.09.24 11:23:54.546,1.16436,1.16437,9.39,0.82
2020.09.24 11:23:54.597,1.16434,1.16436,1.12,0.94
2020.09.24 11:23:54.699,1.16433,1.16435,10.96,1.87
2020.09.24 11:23:54.801,1.16433,1.16437,1.50,6.74
2020.09.24 11:23:55.907,1.16434,1.16438,0.10,9.74
2020.09.24 11:23:56.009,1.16438,1.1644,1.50,5.80
2020.09.24 11:23:56.112,1.16439,1.16441,9.39,2.25
2020.09.24 11:23:56.164,1.16439,1.16443,9.39,0.94
2020.09.24 11:23:56.419,1.1644,1.16445,1.01,10.56
2020.09.24 11:23:56.521,1.16442,1.16444,9.39,1.31
2020.09.24 11:23:56.674,1.16441,1.16444,0.82,1.31
2020.09.24 11:23:58.861,1.1644,1.16444,1.20,0.75
2020.09.24 11:23:59.032,1.1644,1.16445,0.82,1.31
2020.09.24 11:23:59.272,1.1644,1.16444,10.21,5.61
2020.09.24 11:23:59.387,1.16441,1.16445,9.39,4.31
2020.09.24 11:24:00.195,1.16442,1.16445,9.39,1.31
2020.09.24 11:24:00.592,1.16442,1.16444,9.39,1.31
2020.09.24 11:24:01.740,1.1644,1.16445,10.59,1.31
2020.09.24 11:24:02.439,1.16441,1.16445,9.39,0.94
2020.09.24 11:24:02.860,1.16443,1.16445,0.82,6.44
2020.09.24 11:24:02.962,1.16443,1.16447,9.39,0.75
2020.09.24 11:24:03.063,1.16445,1.16446,0.75,0.75
2020.09.24 11:24:03.165,1.16442,1.16447,14.79,0.75
2020.09.24 11:24:04.289,1.16444,1.16446,9.39,1.50
2020.09.24 11:24:06.162,1.16444,1.16447,0.75,0.75
2020.09.24 11:24:06.287,1.16444,1.16446,9.39,0.75
2020.09.24 11:24:10.518,1.16443,1.16446,9.39,0.75
2020.09.24 11:24:10.622,1.16441,1.16444,9.39,0.56
2020.09.24 11:24:10.724,1.1644,1.16444,0.10,0.56
2020.09.24 11:24:12.370,1.16442,1.16443,0.75,0.19
2020.09.24 11:24:12.471,1.1644,1.16444,14.52,0.19
2020.09.24 11:24:14.300,1.16441,1.16444,0.10,0.75
2020.09.24 11:24:14.402,1.16443,1.16444,9.39,0.75
2020.09.24 11:24:14.554,1.16442,1.16444,11.34,0.75
2020.09.24 11:24:14.701,1.16442,1.16445,9.39,0.75
2020.09.24 11:24:14.822,1.16441,1.16445,11.34,0.75
2020.09.24 11:24:15.454,1.16443,1.16444,0.37,0.75
2020.09.24 11:24:15.607,1.16442,1.16444,11.34,0.75
2020.09.24 11:24:19.824,1.16441,1.16444,11.26,0.19
2020.09.24 11:24:20.748,1.1644,1.16444,12.39,0.19
2020.09.24 11:24:20.850,1.16438,1.16443,13.66,0.94
2020.09.24 11:24:20.901,1.16438,1.1644,9.39,0.75
2020.09.24 11:24:20.952,1.16436,1.16439,9.76,1.50
2020.09.24 11:24:21.054,1.16434,1.16438,0.19,7.49
2020.09.24 11:24:21.156,1.16433,1.16438,9.39,7.68
2020.09.24 11:24:21.667,1.16434,1.16438,0.75,8.50
2020.09.24 11:24:21.768,1.16432,1.16438,11.90,9.25
2020.09.24 11:24:21.917,1.16433,1.16438,9.39,9.25
2020.09.24 11:24:22.964,1.16433,1.16437,12.39,5.61
2020.09.24 11:24:23.266,1.16433,1.16438,12.39,2.89
2020.09.24 11:24:23.994,1.16435,1.16438,0.10,6.74
2020.09.24 11:24:24.096,1.16435,1.16439,9.84,0.37
2020.09.24 11:24:24.198,1.16434,1.1644,10.96,11.88
2020.09.24 11:24:24.400,1.16437,1.1644,0.10,10.56
2020.09.24 11:24:24.502,1.16438,1.1644,6.82,5.61
2020.09.24 11:24:24.556,1.16441,1.16444,0.10,7.49
2020.09.24 11:24:24.658,1.16442,1.16444,9.39,0.75
2020.09.24 11:24:24.759,1.16442,1.16445,10.14,0.75
2020.09.24 11:24:24.861,1.16441,1.16445,9.65,0.75
2020.09.24 11:24:25.562,1.16441,1.16443,9.39,2.44
2020.09.24 11:24:25.613,1.16439,1.16444,0.75,9.18
2020.09.24 11:24:25.765,1.16439,1.16443,3.00,0.75
2020.09.24 11:24:26.270,1.16439,1.16442,10.40,0.75
2020.09.24 11:24:27.261,1.16439,1.16443,0.75,0.75
2020.09.24 11:24:27.465,1.16439,1.16444,0.75,13.75
2020.09.24 11:24:27.569,1.16439,1.16443,9.39,1.87
2020.09.24 11:24:27.875,1.16441,1.16442,0.75,4.12
2020.09.24 11:24:27.998,1.1644,1.16442,10.14,4.12
2020.09.24 11:24:28.719,1.16442,1.16444,1.87,7.11
2020.09.24 11:24:28.772,1.16447,1.16448,3.75,3.75
2020.09.24 11:24:28.874,1.16447,1.16448,0.94,8.24
2020.09.24 11:24:28.925,1.16447,1.16449,9.39,0.94
2020.09.24 11:24:29.026,1.16445,1.1645,9.46,10.68
2020.09.24 11:24:30.124,1.16444,1.16449,13.40,0.75
2020.09.24 11:24:30.226,1.16447,1.16449,0.26,0.75
2020.09.24 11:24:30.328,1.16447,1.16451,9.65,7.49
2020.09.24 11:24:30.429,1.1645,1.16452,0.19,7.11
2020.09.24 11:24:30.582,1.16451,1.16453,0.10,9.18
2020.09.24 11:24:30.684,1.1645,1.16453,9.65,0.75
2020.09.24 11:24:30.887,1.16451,1.16454,10.40,7.94
2020.09.24 11:24:30.938,1.16452,1.16455,0.75,7.94
2020.09.24 11:24:31.040,1.16451,1.16455,0.10,5.61
2020.09.24 11:24:31.141,1.1645,1.16456,11.97,12.93
2020.09.24 11:24:31.243,1.1645,1.16455,11.07,5.61
2020.09.24 11:24:31.506,1.1645,1.16456,11.07,13.00
2020.09.24 11:24:31.826,1.1645,1.16455,11.07,5.61
2020.09.24 11:24:32.667,1.16451,1.16455,9.39,5.61
2020.09.24 11:24:33.449,1.16451,1.16455,14.45,13.00
2020.09.24 11:24:33.788,1.1645,1.16455,1.76,5.99
2020.09.24 11:24:34.108,1.16452,1.16455,0.75,5.99
2020.09.24 11:24:34.159,1.1645,1.16455,2.51,5.99
2020.09.24 11:24:37.134,1.16449,1.16453,13.59,0.94
2020.09.24 11:24:37.237,1.16447,1.1645,9.39,0.75
2020.09.24 11:24:37.339,1.16445,1.1645,17.90,9.74
2020.09.24 11:24:37.441,1.16445,1.16449,10.40,5.61
2020.09.24 11:24:38.072,1.16444,1.16448,14.45,0.75
2020.09.24 11:24:40.261,1.16446,1.16447,0.75,0.94
2020.09.24 11:24:40.379,1.16445,1.16447,9.39,0.94
2020.09.24 11:24:41.069,1.16443,1.16448,11.52,0.94
2020.09.24 11:24:41.171,1.16445,1.16447,1.12,0.94
2020.09.24 11:24:41.222,1.16448,1.1645,1.31,6.36
2020.09.24 11:24:41.273,1.16451,1.16453,0.10,8.25
2020.09.24 11:24:41.375,1.16451,1.16455,0.19,5.61
2020.09.24 11:24:41.476,1.16451,1.16456,9.57,7.75
2020.09.24 11:24:42.122,1.16451,1.16455,0.19,5.61
2020.09.24 11:24:42.784,1.16453,1.16454,9.39,0.75
2020.09.24 11:24:42.968,1.16452,1.16454,12.65,0.75
2020.09.24 11:24:43.171,1.1645,1.16455,13.14,8.43
2020.09.24 11:24:43.222,1.1645,1.16453,12.39,0.75
2020.09.24 11:24:43.323,1.1645,1.16452,10.14,0.75
2020.09.24 11:24:43.812,1.1645,1.16453,9.39,6.36
2020.09.24 11:24:44.028,1.1645,1.16452,10.14,6.36
2020.09.24 11:24:44.738,1.1645,1.16453,9.39,6.36
2020.09.24 11:24:45.160,1.16451,1.16453,1.12,0.75
2020.09.24 11:24:45.211,1.16454,1.16457,0.94,3.00
2020.09.24 11:24:45.312,1.16453,1.16458,11.45,8.80
2020.09.24 11:24:45.414,1.16453,1.16457,9.76,0.94
2020.09.24 11:24:45.516,1.16453,1.16455,15.09,0.19
2020.09.24 11:24:45.718,1.16451,1.16456,11.71,0.94
2020.09.24 11:24:46.123,1.1645,1.16455,15.01,1.69
2020.09.24 11:24:46.175,1.1645,1.16453,12.39,0.94
2020.09.24 11:24:46.277,1.1645,1.16452,11.64,0.19
2020.09.24 11:24:46.436,1.1645,1.16453,0.75,5.80
2020.09.24 11:24:46.538,1.16449,1.16453,5.25,5.80
2020.09.24 11:24:46.690,1.1645,1.16453,12.39,0.19
2020.09.24 11:24:46.977,1.16452,1.16454,0.10,8.43
2020.09.24 11:24:47.241,1.16452,1.16455,0.75,0.94
2020.09.24 11:24:48.114,1.16451,1.16455,13.21,0.94
2020.09.24 11:24:48.398,1.16451,1.16456,13.96,8.05
2020.09.24 11:24:49.189,1.16452,1.16456,9.39,8.05
2020.09.24 11:24:49.341,1.16452,1.16457,10.59,1.76
2020.09.24 11:24:49.443,1.16453,1.16457,3.00,1.69
2020.09.24 11:24:49.595,1.16454,1.16457,0.75,6.55
2020.09.24 11:24:49.696,1.16454,1.16456,10.14,0.94
2020.09.24 11:24:50.447,1.16457,1.16458,0.75,7.00
2020.09.24 11:24:50.498,1.16458,1.16461,6.07,0.75
2020.09.24 11:24:50.549,1.1646,1.16462,1.01,13.86
2020.09.24 11:24:50.651,1.1646,1.16463,0.19,0.75
2020.09.24 11:24:51.848,1.16459,1.16463,9.39,7.30
2020.09.24 11:24:51.958,1.16458,1.16463,15.65,1.69
2020.09.24 11:24:52.480,1.16459,1.16463,9.39,1.69
2020.09.24 11:24:52.595,1.16458,1.16463,15.65,1.69
2020.09.24 11:24:52.700,1.16459,1.16462,10.14,0.19
2020.09.24 11:24:55.173,1.16461,1.16462,1.95,5.61
2020.09.24 11:24:55.275,1.16461,1.16465,9.39,7.56
2020.09.24 11:24:55.792,1.16463,1.16465,1.50,0.94
2020.09.24 11:24:58.161,1.16464,1.16465,2.32,0.19
2020.09.24 11:24:58.396,1.16465,1.16466,9.39,1.69
2020.09.24 11:24:58.524,1.16464,1.16465,11.71,0.19
2020.09.24 11:24:58.625,1.16464,1.16467,9.39,0.19
2020.09.24 11:24:58.879,1.16465,1.16467,0.37,0.19
2020.09.24 11:24:58.980,1.16464,1.16467,9.39,0.19
2020.09.24 11:24:59.328,1.16465,1.16469,1.50,7.49
2020.09.24 11:24:59.429,1.16465,1.16468,9.39,0.94
2020.09.24 11:24:59.531,1.16465,1.16467,9.46,0.19
2020.09.24 11:25:00.031,1.16465,1.16466,9.39,0.94
2020.09.24 11:25:00.132,1.16463,1.16467,10.14,0.94
2020.09.24 11:25:00.509,1.16465,1.16466,9.39,0.19
2020.09.24 11:25:00.610,1.16463,1.16468,10.14,8.05
2020.09.24 11:25:00.889,1.16463,1.16467,9.39,2.25
2020.09.24 11:25:00.940,1.16463,1.16464,12.39,0.19
2020.09.24 11:25:01.041,1.16462,1.16464,14.26,0.19
2020.09.24 11:25:01.194,1.1646,1.16465,13.70,8.80
2020.09.24 11:25:01.296,1.16462,1.16463,9.39,0.94
2020.09.24 11:25:01.397,1.1646,1.16463,3.00,5.80
2020.09.24 11:25:01.499,1.16459,1.16463,11.07,0.75
2020.09.24 11:25:01.753,1.16461,1.16464,0.10,0.75
2020.09.24 11:25:01.854,1.16463,1.16465,0.75,6.36
2020.09.24 11:25:01.956,1.16464,1.16465,10.96,0.19
2020.09.24 11:25:03.352,1.16462,1.16466,10.59,0.94
2020.09.24 11:25:03.454,1.16462,1.16465,0.37,0.19
2020.09.24 11:25:03.555,1.16464,1.16466,10.14,0.75
2020.09.24 11:25:06.161,1.16464,1.16465,0.75,0.75
2020.09.24 11:25:06.292,1.16463,1.16467,0.75,6.36
2020.09.24 11:25:06.494,1.16465,1.16466,1.01,0.75
2020.09.24 11:25:06.545,1.16464,1.16469,11.07,7.49
2020.09.24 11:25:06.889,1.16464,1.16468,10.32,0.37
2020.09.24 11:25:06.991,1.16462,1.16467,10.89,7.38
2020.09.24 11:25:07.330,1.16463,1.16465,13.89,0.75
2020.09.24 11:25:07.432,1.16461,1.16465,10.14,7.49
2020.09.24 11:25:07.685,1.16462,1.16465,4.01,6.36
2020.09.24 11:25:07.787,1.16463,1.16467,10.14,0.75
2020.09.24 11:25:07.990,1.16464,1.16467,9.39,0.75
2020.09.24 11:25:08.106,1.16463,1.16467,10.21,0.75
2020.09.24 11:25:09.261,1.16463,1.16466,10.21,0.75
2020.09.24 11:25:09.390,1.16463,1.16467,10.21,0.75
2020.09.24 11:25:11.070,1.16465,1.16466,9.39,0.75
2020.09.24 11:25:11.312,1.16464,1.16466,13.59,0.75
2020.09.24 11:25:12.863,1.16464,1.16468,1.57,0.75
2020.09.24 11:25:14.981,1.16464,1.16465,9.46,0.94
2020.09.24 11:25:15.083,1.16462,1.16466,0.37,8.43
2020.09.24 11:25:15.843,1.16464,1.16466,0.37,6.55
2020.09.24 11:25:17.032,1.16464,1.16467,9.39,0.75
2020.09.24 11:25:17.254,1.16464,1.16466,13.59,0.75
2020.09.24 11:25:17.586,1.16465,1.16466,9.39,0.75
2020.09.24 11:25:17.809,1.16463,1.16467,13.59,0.75
2020.09.24 11:25:18.019,1.16464,1.16467,10.59,2.81
2020.09.24 11:25:18.137,1.16464,1.16469,0.94,10.19
2020.09.24 11:25:18.239,1.16465,1.16469,0.75,6.36
2020.09.24 11:25:18.546,1.16465,1.16468,10.14,0.75
2020.09.24 11:25:18.648,1.16465,1.16469,10.14,6.55
2020.09.24 11:25:18.951,1.16464,1.16469,16.10,6.55
2020.09.24 11:25:21.661,1.16464,1.16467,13.40,0.37
2020.09.24 11:25:21.737,1.16464,1.16469,13.40,5.80
2020.09.24 11:25:24.761,1.16464,1.16468,14.07,0.75
2020.09.24 11:25:24.863,1.16464,1.16469,14.07,7.30
2020.09.24 11:25:25.263,1.16466,1.16469,3.00,5.61
2020.09.24 11:25:25.365,1.16466,1.1647,13.14,0.94
2020.09.24 11:25:25.517,1.16467,1.1647,12.27,6.55
2020.09.24 11:25:25.618,1.16469,1.16471,9.39,4.50
2020.09.24 11:25:25.872,1.16469,1.16472,9.39,0.75
2020.09.24 11:25:26.021,1.16469,1.16471,9.39,0.75
2020.09.24 11:25:26.122,1.1647,1.16471,9.39,1.57
2020.09.24 11:25:26.224,1.16468,1.16469,9.39,0.94
2020.09.24 11:25:26.275,1.16465,1.16467,0.10,0.75
2020.09.24 11:25:26.377,1.16464,1.16468,15.39,0.75
2020.09.24 11:25:27.503,1.16465,1.16468,15.76,7.68
2020.09.24 11:25:27.837,1.16464,1.16467,15.39,0.75
2020.09.24 11:25:27.938,1.16465,1.16468,15.39,7.68
2020.09.24 11:25:28.061,1.16464,1.16468,6.00,5.61
2020.09.24 11:25:28.306,1.16465,1.16468,15.46,7.68
2020.09.24 11:25:29.401,1.16465,1.16467,15.01,0.75
2020.09.24 11:25:30.997,1.16464,1.16467,12.01,0.75
2020.09.24 11:25:31.098,1.16464,1.16468,12.01,0.75
2020.09.24 11:25:31.330,1.16464,1.16467,9.39,2.44
2020.09.24 11:25:31.431,1.16463,1.16465,1.12,6.36
2020.09.24 11:25:31.533,1.16461,1.16465,0.75,6.74
2020.09.24 11:25:32.138,1.16463,1.16464,9.39,0.75
2020.09.24 11:25:32.793,1.1646,1.16465,15.57,6.74
2020.09.24 11:25:32.895,1.16461,1.16465,13.51,0.75
2020.09.24 11:25:33.654,1.1646,1.16465,10.51,1.12
2020.09.24 11:25:33.756,1.1646,1.16464,13.51,1.76
2020.09.24 11:25:33.958,1.16459,1.16462,13.14,1.50
2020.09.24 11:25:34.060,1.16458,1.16462,10.14,4.39
2020.09.24 11:25:34.162,1.16458,1.16461,10.51,10.38
2020.09.24 11:25:34.264,1.16458,1.16459,1.12,0.75
2020.09.24 11:25:34.366,1.16459,1.16461,0.75,1.20
2020.09.24 11:25:34.417,1.16459,1.16463,0.75,10.19
2020.09.24 11:25:34.721,1.16459,1.16462,0.75,5.61
2020.09.24 11:25:34.923,1.1646,1.16462,0.75,3.75
2020.09.24 11:25:36.070,1.16459,1.16462,13.51,0.75
2020.09.24 11:25:38.141,1.16458,1.16461,10.14,0.75
2020.09.24 11:25:38.243,1.16458,1.16462,0.75,0.94
2020.09.24 11:25:38.560,1.16457,1.16462,11.26,3.94
2020.09.24 11:25:38.765,1.16458,1.1646,9.76,5.06
2020.09.24 11:25:38.868,1.16459,1.1646,1.69,5.69
2020.09.24 11:25:38.970,1.16459,1.1646,9.39,1.50
2020.09.24 11:25:39.072,1.16457,1.16461,12.09,0.75
2020.09.24 11:25:39.470,1.16458,1.16461,9.39,0.75
2020.09.24 11:25:39.572,1.16457,1.16461,12.01,0.75
2020.09.24 11:25:39.993,1.1646,1.16462,10.14,6.81
2020.09.24 11:25:40.655,1.16459,1.16462,0.75,3.00
2020.09.24 11:25:40.807,1.1646,1.16462,0.75,9.74
2020.09.24 11:25:42.784,1.16458,1.1646,10.14,3.56
2020.09.24 11:25:42.835,1.16456,1.16459,10.21,0.94
2020.09.24 11:25:43.038,1.16456,1.16458,10.59,0.94
2020.09.24 11:25:43.468,1.16457,1.16458,9.39,6.55
2020.09.24 11:25:43.716,1.16456,1.16458,10.59,6.55
2020.09.24 11:25:44.122,1.16457,1.16458,0.10,5.61
2020.09.24 11:25:44.223,1.16458,1.1646,0.82,6.18
2020.09.24 11:25:44.850,1.16458,1.16461,9.39,0.19
2020.09.24 11:25:44.965,1.16457,1.16461,10.21,0.19
2020.09.24 11:25:45.272,1.16457,1.1646,10.14,0.19
2020.09.24 11:25:45.373,1.16456,1.1646,10.51,5.99
2020.09.24 11:25:45.916,1.16459,1.1646,1.01,5.61
2020.09.24 11:25:45.967,1.16458,1.16462,10.21,1.01
2020.09.24 11:25:46.946,1.16458,1.1646,9.39,0.64
2020.09.24 11:25:47.048,1.16457,1.16459,9.39,6.44
2020.09.24 11:25:47.149,1.16456,1.16459,14.64,6.44
2020.09.24 11:25:47.457,1.16455,1.16459,14.52,5.80
2020.09.24 11:25:47.559,1.16457,1.16458,0.10,5.61
2020.09.24 11:25:47.662,1.16456,1.1646,0.10,6.74
2020.09.24 11:25:47.814,1.16457,1.16458,10.21,5.61
2020.09.24 11:25:48.226,1.16456,1.16458,13.59,0.19
2020.09.24 11:25:48.960,1.16455,1.16458,4.12,5.61
2020.09.24 11:25:49.063,1.16455,1.16459,13.51,5.80
2020.09.24 11:25:49.720,1.16456,1.16459,0.10,5.80
2020.09.24 11:25:49.821,1.16458,1.16459,1.57,5.80
2020.09.24 11:25:49.872,1.16458,1.16462,9.39,6.19
2020.09.24 11:25:49.974,1.16458,1.1646,9.39,4.12
2020.09.24 11:25:50.025,1.16455,1.16458,9.39,0.19
2020.09.24 11:25:50.127,1.16453,1.16456,10.32,1.69
2020.09.24 11:25:50.228,1.16452,1.16456,10.14,1.69
2020.09.24 11:25:50.785,1.16453,1.16456,9.39,0.19
2020.09.24 11:25:51.751,1.16453,1.16456,11.07,7.30
2020.09.24 11:25:52.282,1.16453,1.16457,0.75,6.55
2020.09.24 11:25:52.686,1.16454,1.16455,0.75,0.75
2020.09.24 11:25:52.787,1.16453,1.16457,0.75,7.30
2020.09.24 11:25:53.533,1.16453,1.16458,11.90,5.80
2020.09.24 11:25:54.482,1.16454,1.16458,0.75,0.19
2020.09.24 11:25:54.737,1.16455,1.16459,3.19,5.61
2020.09.24 11:25:54.838,1.16457,1.16461,10.14,9.18
2020.09.24 11:25:54.940,1.16456,1.1646,9.39,5.80
2020.09.24 11:25:55.092,1.16455,1.16459,13.77,5.61
2020.09.24 11:25:55.395,1.16456,1.16459,9.57,7.86
2020.09.24 11:25:55.774,1.16455,1.16458,9.57,0.37
2020.09.24 11:25:55.835,1.16455,1.1646,9.57,7.86
2020.09.24 11:25:56.593,1.16456,1.16458,9.39,0.19
2020.09.24 11:25:56.696,1.16454,1.16459,15.27,5.80
2020.09.24 11:25:57.065,1.16454,1.16458,12.27,5.61
2020.09.24 11:25:57.389,1.16454,1.16459,11.45,5.80
2020.09.24 11:25:58.635,1.16456,1.16458,9.39,0.19
2020.09.24 11:25:58.772,1.16454,1.16459,11.60,5.80
2020.09.24 11:25:58.860,1.16454,1.16457,11.60,0.75
2020.09.24 11:25:58.961,1.16455,1.16458,11.60,5.80
2020.09.24 11:26:01.995,1.16454,1.16458,10.70,5.61
2020.09.24 11:26:02.197,1.16455,1.16458,13.70,7.68
2020.09.24 11:26:03.077,1.16455,1.16458,0.75,5.61
2020.09.24 11:26:03.212,1.16454,1.16458,10.70,5.61
2020.09.24 11:26:03.569,1.16454,1.16459,10.70,7.68
2020.09.24 11:26:04.120,1.16454,1.16458,11.45,5.61
2020.09.24 11:26:04.537,1.16454,1.16459,14.45,5.80
2020.09.24 11:26:05.031,1.16457,1.16459,1.50,5.61
2020.09.24 11:26:05.133,1.16458,1.16461,10.14,0.75
2020.09.24 11:26:05.234,1.16458,1.16462,10.14,5.80
2020.09.24 11:26:05.386,1.16459,1.16462,10.32,8.80
2020.09.24 11:26:05.702,1.16459,1.16463,9.39,8.43
2020.09.24 11:26:06.095,1.16459,1.16462,10.70,2.81
2020.09.24 11:26:06.146,1.1646,1.16463,0.37,2.81
2020.09.24 11:26:06.254,1.16458,1.16463,10.70,2.44
2020.09.24 11:26:07.318,1.16459,1.16461,1.31,5.61
2020.09.24 11:26:07.451,1.16459,1.16462,10.70,8.05
2020.09.24 11:26:08.574,1.16458,1.16462,11.64,5.61
2020.09.24 11:26:09.004,1.16459,1.16462,11.64,8.05
2020.09.24 11:26:09.236,1.16459,1.16463,0.75,8.05
2020.09.24 11:26:09.401,1.16458,1.16463,11.64,8.05
2020.09.24 11:26:09.854,1.16459,1.16463,11.15,5.61
2020.09.24 11:26:09.955,1.1646,1.16464,0.75,6.55
2020.09.24 11:26:10.743,1.16461,1.16462,0.75,5.61
2020.09.24 11:26:10.844,1.1646,1.16464,0.75,6.55
2020.09.24 11:26:10.971,1.16461,1.16464,0.75,5.61
2020.09.24 11:26:11.390,1.16461,1.16463,1.87,5.80
2020.09.24 11:26:11.543,1.16461,1.16464,0.75,5.80
2020.09.24 11:26:11.885,1.16461,1.16463,0.75,5.61
2020.09.24 11:26:11.987,1.16461,1.16464,0.75,5.80
2020.09.24 11:26:13.303,1.16461,1.16463,1.87,5.80
2020.09.24 11:26:13.405,1.16461,1.16464,0.75,5.80
2020.09.24 11:26:13.678,1.16461,1.16463,0.75,5.61
2020.09.24 11:26:13.865,1.16461,1.16464,0.75,5.80
2020.09.24 11:26:14.892,1.1646,1.16461,11.26,0.75
2020.09.24 11:26:14.943,1.16455,1.16457,7.95,5.81
2020.09.24 11:26:15.095,1.16453,1.16458,9.57,7.00
2020.09.24 11:26:15.413,1.16454,1.16458,0.75,6.55
2020.09.24 11:26:15.514,1.16453,1.16458,12.57,6.55
2020.09.24 11:26:15.681,1.16453,1.16456,12.39,3.00
2020.09.24 11:26:15.783,1.16452,1.16454,9.39,9.18
2020.09.24 11:26:15.985,1.1645,1.16454,10.89,5.61
2020.09.24 11:26:16.175,1.1645,1.16455,10.89,5.80
2020.09.24 11:26:16.277,1.16451,1.16455,1.95,5.61
2020.09.24 11:26:16.380,1.16452,1.16456,2.51,5.61
2020.09.24 11:26:16.482,1.16452,1.16457,12.09,5.61
2020.09.24 11:26:16.881,1.16453,1.16458,9.39,10.38
2020.09.24 11:26:17.184,1.16452,1.16458,11.90,13.38
2020.09.24 11:26:17.387,1.16453,1.16457,1.12,8.13
2020.09.24 11:26:17.439,1.16452,1.16455,9.39,0.94
2020.09.24 11:26:17.541,1.16451,1.16455,9.39,6.36
2020.09.24 11:26:17.643,1.16451,1.16456,10.51,10.19
2020.09.24 11:26:18.380,1.16452,1.16456,9.39,8.61
2020.09.24 11:26:18.537,1.16454,1.16455,0.75,5.61
2020.09.24 11:26:18.638,1.16451,1.16456,11.26,5.61
2020.09.24 11:26:19.331,1.16451,1.16455,9.39,0.19
2020.09.24 11:26:19.433,1.1645,1.16455,13.51,5.80
2020.09.24 11:26:19.634,1.16451,1.16453,13.51,5.61
2020.09.24 11:26:19.736,1.1645,1.16455,13.51,5.80
2020.09.24 11:26:19.842,1.1645,1.16454,13.51,5.61
2020.09.24 11:26:19.997,1.1645,1.16455,13.51,5.80
2020.09.24 11:26:20.282,1.16452,1.16454,1.87,5.61
2020.09.24 11:26:20.383,1.16452,1.16456,9.39,5.61
2020.09.24 11:26:20.687,1.16452,1.16457,10.14,9.55
2020.09.24 11:26:21.042,1.16453,1.16457,0.75,8.61
2020.09.24 11:26:21.093,1.16452,1.16454,9.39,2.44
2020.09.24 11:26:21.246,1.16449,1.16454,13.77,7.11
2020.09.24 11:26:21.654,1.16451,1.16454,0.37,5.61
2020.09.24 11:26:21.755,1.16449,1.16454,13.77,5.61
2020.09.24 11:26:24.867,1.1645,1.16452,15.20,5.61
2020.09.24 11:26:25.192,1.1645,1.16453,15.20,6.36
2020.09.24 11:26:27.863,1.1645,1.16454,0.75,6.36
2020.09.24 11:26:27.980,1.16449,1.16454,13.70,6.36
2020.09.24 11:26:28.934,1.1645,1.16452,1.31,5.61
2020.09.24 11:26:29.035,1.16449,1.16454,1.31,5.61
2020.09.24 11:26:31.561,1.16449,1.16451,1.12,1.95
2020.09.24 11:26:31.663,1.16441,1.16445,1.31,0.10
2020.09.24 11:26:31.765,1.1644,1.16445,11.04,6.44
2020.09.24 11:26:31.919,1.1644,1.16444,1.12,5.69
2020.09.24 11:26:32.020,1.16441,1.16444,0.10,5.61
2020.09.24 11:26:32.122,1.16442,1.16445,10.59,7.11
2020.09.24 11:26:32.781,1.16443,1.16445,9.39,6.36
2020.09.24 11:26:33.542,1.16442,1.16445,11.34,6.36
2020.09.24 11:26:33.643,1.16442,1.16446,9.39,0.75
2020.09.24 11:26:34.019,1.16441,1.16446,11.34,7.11
2020.09.24 11:26:34.121,1.16444,1.16446,0.75,5.61
2020.09.24 11:26:34.224,1.16444,1.16448,0.75,6.36
2020.09.24 11:26:34.610,1.16445,1.16448,10.14,8.88
2020.09.24 11:26:35.163,1.16444,1.16446,10.14,0.75
2020.09.24 11:26:35.264,1.16441,1.16443,1.50,2.44
2020.09.24 11:26:35.366,1.1644,1.16444,10.14,5.61
2020.09.24 11:26:35.467,1.16442,1.16445,10.51,8.05
2020.09.24 11:26:35.568,1.16441,1.16445,10.51,5.61
2020.09.24 11:26:35.670,1.16441,1.16446,10.51,8.88
2020.09.24 11:26:35.772,1.16441,1.16445,1.12,5.61
2020.09.24 11:26:36.107,1.16441,1.16446,10.51,8.88
2020.09.24 11:26:36.210,1.16442,1.16444,1.12,5.61
2020.09.24 11:26:36.429,1.16442,1.16445,10.51,8.05
2020.09.24 11:26:36.888,1.16443,1.16445,9.39,8.05
2020.09.24 11:26:37.238,1.16441,1.16446,10.14,10.00
2020.09.24 11:26:37.340,1.16441,1.16444,0.75,5.61
2020.09.24 11:26:38.580,1.16442,1.16444,0.75,7.38
2020.09.24 11:26:39.156,1.16443,1.16445,0.75,12.70
2020.09.24 11:26:39.258,1.16442,1.16445,0.75,5.61
2020.09.24 11:26:44.235,1.16443,1.16445,0.75,10.00
2020.09.24 11:26:45.729,1.16443,1.16446,0.75,10.00
2020.09.24 11:26:47.536,1.16443,1.16445,0.75,5.61
2020.09.24 11:26:48.128,1.16442,1.16445,0.75,5.61
2020.09.24 11:26:48.230,1.16444,1.16447,0.75,5.61
2020.09.24 11:26:48.332,1.16445,1.16448,0.75,5.69
2020.09.24 11:26:48.434,1.1645,1.16451,1.50,5.89
2020.09.24 11:26:48.586,1.16451,1.16453,11.90,14.24
2020.09.24 11:26:48.688,1.16452,1.16453,0.75,5.61
2020.09.24 11:26:48.790,1.16451,1.16455,0.75,6.18
2020.09.24 11:26:48.891,1.16453,1.16455,0.75,5.80
2020.09.24 11:26:50.612,1.16452,1.16453,11.34,0.19
2020.09.24 11:26:50.714,1.16451,1.16453,10.14,9.44
2020.09.24 11:26:50.765,1.16449,1.16452,0.75,0.19
2020.09.24 11:26:52.982,1.16449,1.16453,1.50,11.31
2020.09.24 11:26:54.240,1.16448,1.16452,11.64,5.61
2020.09.24 11:26:54.442,1.16449,1.16452,11.64,7.64
2020.09.24 11:26:54.749,1.16448,1.16452,11.64,5.61
2020.09.24 11:26:55.093,1.16448,1.16453,11.64,11.01
2020.09.24 11:26:55.335,1.16449,1.16451,11.64,5.61
2020.09.24 11:26:55.437,1.16449,1.16453,0.75,9.74
2020.09.24 11:26:55.538,1.16449,1.16452,10.14,0.10
2020.09.24 11:26:55.690,1.16449,1.16453,10.14,6.81
2020.09.24 11:26:55.791,1.16451,1.16452,0.75,0.75
2020.09.24 11:26:55.893,1.16449,1.16453,10.14,0.75
2020.09.24 11:26:56.643,1.16451,1.16454,0.75,10.11
2020.09.24 11:26:56.744,1.16452,1.16454,0.75,5.61
2020.09.24 11:26:56.882,1.16453,1.16455,0.75,0.75
2020.09.24 11:26:56.984,1.16454,1.16455,0.75,9.81
2020.09.24 11:26:57.087,1.16453,1.16455,0.75,5.69
2020.09.24 11:26:58.829,1.16452,1.16455,0.75,7.38
2020.09.24 11:26:59.033,1.16452,1.16453,10.14,5.61
2020.09.24 11:26:59.373,1.16451,1.16454,0.75,5.61
2020.09.24 11:26:59.703,1.16452,1.16454,0.75,12.25
2020.09.24 11:27:00.104,1.16451,1.16454,0.75,5.61
2020.09.24 11:27:00.703,1.16451,1.16455,10.89,10.86
2020.09.24 11:27:01.965,1.16453,1.16455,0.75,7.94
2020.09.24 11:27:02.293,1.16452,1.16455,0.75,10.94
2020.09.24 11:27:03.051,1.16451,1.16452,10.51,4.76
2020.09.24 11:27:03.153,1.16448,1.1645,2.44,2.51
2020.09.24 11:27:03.205,1.16445,1.16447,13.39,2.32
2020.09.24 11:27:03.307,1.16444,1.16447,2.25,0.82
2020.09.24 11:27:03.408,1.16443,1.16447,10.89,0.82
2020.09.24 11:27:03.561,1.16445,1.16446,0.75,0.82
2020.09.24 11:27:04.491,1.16445,1.16448,0.94,0.10
2020.09.24 11:27:04.593,1.16446,1.16449,9.39,0.10
2020.09.24 11:27:04.796,1.16447,1.16449,10.14,5.88
2020.09.24 11:27:04.897,1.16448,1.16449,0.75,0.10
2020.09.24 11:27:06.753,1.16448,1.16451,1.50,0.26
2020.09.24 11:27:06.855,1.16447,1.1645,10.14,0.19
2020.09.24 11:27:07.008,1.16447,1.16449,9.39,0.10
2020.09.24 11:27:07.110,1.16447,1.16449,11.07,5.69
2020.09.24 11:27:07.220,1.16447,1.1645,9.39,0.10
2020.09.24 11:27:07.504,1.16446,1.1645,11.07,0.10
2020.09.24 11:27:07.606,1.16447,1.1645,9.39,0.10
2020.09.24 11:27:08.183,1.16447,1.16449,11.07,0.10
2020.09.24 11:27:12.298,1.16448,1.1645,1.69,5.69
2020.09.24 11:27:12.450,1.16449,1.1645,10.14,0.19
2020.09.24 11:27:12.551,1.16448,1.16452,9.57,5.69
2020.09.24 11:27:12.653,1.16449,1.1645,10.14,0.19
2020.09.24 11:27:12.755,1.16447,1.16451,15.39,0.19
2020.09.24 11:27:14.318,1.16449,1.16451,0.75,5.69
2020.09.24 11:27:14.419,1.16451,1.16453,0.75,0.45
2020.09.24 11:27:14.470,1.16453,1.16456,1.87,0.75
2020.09.24 11:27:14.572,1.16453,1.16457,15.01,5.69
2020.09.24 11:27:14.623,1.16455,1.16458,10.96,0.45
2020.09.24 11:27:14.725,1.16457,1.16459,1.87,5.61
2020.09.24 11:27:14.776,1.16459,1.16461,0.75,5.88
2020.09.24 11:27:14.877,1.16457,1.16461,1.12,6.44
2020.09.24 11:27:15.307,1.16456,1.16458,9.76,0.82
2020.09.24 11:27:15.409,1.16455,1.16456,0.37,0.10
2020.09.24 11:27:16.422,1.16453,1.16456,13.51,0.10
2020.09.24 11:27:16.792,1.16452,1.16456,10.14,1.57
2020.09.24 11:27:16.893,1.16452,1.16454,9.39,1.95
2020.09.24 11:27:16.995,1.16451,1.16452,10.14,0.10
2020.09.24 11:27:17.097,1.16449,1.16452,9.39,0.10
2020.09.24 11:27:17.199,1.16449,1.16451,14.26,0.10
2020.09.24 11:27:18.163,1.16449,1.1645,9.39,0.82
2020.09.24 11:27:18.264,1.16447,1.16451,10.51,6.44
2020.09.24 11:27:18.562,1.16447,1.1645,10.51,0.75
2020.09.24 11:27:18.663,1.16447,1.16451,10.51,6.44
2020.09.24 11:27:19.252,1.16447,1.1645,1.12,5.61
2020.09.24 11:27:19.404,1.16447,1.16451,1.12,6.44
2020.09.24 11:27:19.937,1.16446,1.1645,13.51,0.10
2020.09.24 11:27:20.039,1.16446,1.16449,9.39,1.57
2020.09.24 11:27:20.090,1.16444,1.16448,14.45,5.61
2020.09.24 11:27:20.191,1.16445,1.16448,14.64,7.26
2020.09.24 11:27:20.516,1.16445,1.16449,9.39,5.69
2020.09.24 11:27:20.677,1.16444,1.16449,16.02,5.61
2020.09.24 11:27:21.331,1.16445,1.16449,0.75,5.61
2020.09.24 11:27:21.433,1.16446,1.16447,13.14,0.75
2020.09.24 11:27:21.535,1.16444,1.16445,10.14,0.75
2020.09.24 11:27:21.586,1.16443,1.16445,11.45,7.11
2020.09.24 11:27:24.791,1.16443,1.16444,9.57,0.75
2020.09.24 11:27:25.041,1.16442,1.16446,9.57,8.01
2020.09.24 11:27:25.251,1.16441,1.16443,1.12,0.26
2020.09.24 11:27:25.353,1.16439,1.16441,11.26,0.10
2020.09.24 11:27:25.454,1.16438,1.16441,11.26,0.10
2020.09.24 11:27:26.043,1.16438,1.16442,1.87,5.69
2020.09.24 11:27:26.318,1.1644,1.16442,0.19,5.61
2020.09.24 11:27:26.419,1.16441,1.16446,10.40,13.38
2020.09.24 11:27:26.521,1.16442,1.16446,0.75,7.75
2020.09.24 11:27:27.853,1.16442,1.16445,11.26,0.75
2020.09.24 11:27:27.954,1.16442,1.16446,11.26,1.69
2020.09.24 11:27:30.969,1.16442,1.16445,10.14,0.75
2020.09.24 11:27:31.071,1.16442,1.16446,9.39,8.05
2020.09.24 11:27:31.329,1.16441,1.16446,14.97,8.05
2020.09.24 11:27:31.431,1.16441,1.16445,9.57,0.75
2020.09.24 11:27:31.585,1.16442,1.16446,10.14,7.86
2020.09.24 11:27:31.993,1.16442,1.16445,9.39,2.44
2020.09.24 11:27:32.095,1.16442,1.16444,9.39,10.75
2020.09.24 11:27:32.197,1.16441,1.16443,10.32,5.61
2020.09.24 11:27:32.470,1.16441,1.16445,9.39,10.75
2020.09.24 11:27:32.597,1.1644,1.16445,10.32,10.75
2020.09.24 11:27:34.061,1.1644,1.16443,13.32,0.75
2020.09.24 11:27:34.163,1.1644,1.16445,9.57,13.38
2020.09.24 11:27:34.265,1.1644,1.16444,9.57,5.61
2020.09.24 11:27:35.553,1.16441,1.16444,9.57,14.13
2020.09.24 11:27:35.904,1.1644,1.16444,9.57,5.61
2020.09.24 11:27:37.161,1.16441,1.16442,9.57,0.75
2020.09.24 11:27:37.285,1.1644,1.16444,9.57,5.61
2020.09.24 11:27:40.306,1.16441,1.16442,9.57,0.75
2020.09.24 11:27:40.491,1.16441,1.16443,9.57,5.61
2020.09.24 11:27:42.566,1.16441,1.16445,0.82,10.68
2020.09.24 11:27:42.921,1.16441,1.16443,12.27,5.61
2020.09.24 11:27:43.360,1.1644,1.16443,12.27,0.75
2020.09.24 11:27:43.545,1.1644,1.16445,12.27,7.38
2020.09.24 11:27:43.875,1.16441,1.16445,9.39,7.38
2020.09.24 11:27:43.985,1.16441,1.16444,12.27,7.38
2020.09.24 11:27:44.104,1.16441,1.16443,12.27,5.61
2020.09.24 11:27:44.649,1.1644,1.16445,12.27,7.38
2020.09.24 11:27:44.934,1.1644,1.16444,12.27,5.61
2020.09.24 11:27:45.308,1.16441,1.16444,9.39,5.61
2020.09.24 11:27:46.222,1.16441,1.16445,9.46,6.36
2020.09.24 11:27:46.323,1.16442,1.16445,0.82,5.61
2020.09.24 11:27:46.435,1.16442,1.16446,10.21,9.74
2020.09.24 11:27:49.550,1.16442,1.16445,0.75,0.75
2020.09.24 11:27:49.655,1.16443,1.16445,0.75,3.45
2020.09.24 11:27:52.637,1.16442,1.16445,0.75,0.75
2020.09.24 11:27:52.801,1.16442,1.16446,0.75,9.06
2020.09.24 11:27:54.092,1.16443,1.16446,11.45,10.64
2020.09.24 11:27:54.193,1.16443,1.16447,9.39,7.49
2020.09.24 11:27:54.985,1.16444,1.16447,9.39,0.37
2020.09.24 11:27:55.087,1.16445,1.16447,9.39,7.86
2020.09.24 11:27:55.542,1.16446,1.16447,0.75,0.75
2020.09.24 11:27:55.593,1.16446,1.1645,10.14,7.86
2020.09.24 11:27:55.695,1.16447,1.16448,9.39,0.75
2020.09.24 11:27:55.797,1.16446,1.16447,9.39,0.37
2020.09.24 11:27:55.898,1.16445,1.16449,9.39,0.75
2020.09.24 11:27:56.190,1.16446,1.1645,12.39,0.82
2020.09.24 11:27:56.703,1.16447,1.1645,10.32,10.75
2020.09.24 11:27:56.804,1.16447,1.1645,9.39,0.19
2020.09.24 11:27:57.067,1.16447,1.16449,10.14,0.19
2020.09.24 11:27:58.812,1.16447,1.16448,10.21,0.75
2020.09.24 11:27:58.913,1.16447,1.16449,10.21,0.19
2020.09.24 11:27:59.897,1.16449,1.1645,0.82,6.55
2020.09.24 11:27:59.999,1.16448,1.16452,11.90,2.62
2020.09.24 11:28:00.100,1.16448,1.16453,15.57,8.39
2020.09.24 11:28:00.795,1.16447,1.16448,11.04,1.50
2020.09.24 11:28:00.896,1.16446,1.16448,9.39,3.07
2020.09.24 11:28:00.949,1.16445,1.16446,9.57,2.32
2020.09.24 11:28:01.051,1.16443,1.16447,9.57,9.44
2020.09.24 11:28:01.102,1.16443,1.16445,9.57,0.75
2020.09.24 11:28:01.204,1.16443,1.16445,0.10,9.55
2020.09.24 11:28:01.305,1.16443,1.16444,0.10,5.61
2020.09.24 11:28:01.785,1.16441,1.16445,14.34,0.75
2020.09.24 11:28:01.937,1.16441,1.16443,10.40,5.61
2020.09.24 11:28:02.409,1.16442,1.16443,10.21,5.61
2020.09.24 11:28:02.511,1.16441,1.16445,0.82,11.05
2020.09.24 11:28:03.368,1.1644,1.16444,10.21,0.75
2020.09.24 11:28:03.723,1.1644,1.16443,0.75,5.61
2020.09.24 11:28:04.175,1.1644,1.16444,10.14,7.11
2020.09.24 11:28:09.261,1.16441,1.16444,0.37,9.36
2020.09.24 11:28:09.362,1.1644,1.16444,0.75,9.36
2020.09.24 11:28:09.514,1.16439,1.16443,11.90,0.75
2020.09.24 11:28:09.625,1.1644,1.16443,0.75,0.75
2020.09.24 11:28:09.732,1.16439,1.16443,11.90,0.75
2020.09.24 11:28:09.833,1.1644,1.16443,0.75,0.75
2020.09.24 11:28:10.789,1.16438,1.1644,2.62,0.19
2020.09.24 11:28:10.890,1.16437,1.16439,9.39,0.75
2020.09.24 11:28:10.992,1.16436,1.16439,9.39,0.75
2020.09.24 11:28:11.093,1.16435,1.16439,14.15,6.36
2020.09.24 11:28:11.422,1.16436,1.16437,9.65,5.61
2020.09.24 11:28:11.523,1.16435,1.16439,9.65,6.36
2020.09.24 11:28:14.077,1.16436,1.16439,0.82,0.75
2020.09.24 11:28:14.180,1.16436,1.1644,10.96,5.80
2020.09.24 11:28:14.283,1.16435,1.1644,15.27,8.20
2020.09.24 11:28:14.384,1.16435,1.16438,15.27,5.61
2020.09.24 11:28:14.894,1.16434,1.16438,9.39,13.83
2020.09.24 11:28:14.996,1.16432,1.16434,0.75,0.82
2020.09.24 11:28:15.098,1.16431,1.16434,9.39,0.75
2020.09.24 11:28:15.199,1.1643,1.16434,10.14,1.69
2020.09.24 11:28:15.452,1.16432,1.16433,0.75,1.69
2020.09.24 11:28:15.553,1.1643,1.16434,10.14,1.69
2020.09.24 11:28:15.705,1.16431,1.16435,2.62,6.55
2020.09.24 11:28:15.807,1.16433,1.16437,10.14,7.30
2020.09.24 11:28:16.060,1.16434,1.16437,0.75,0.94
2020.09.24 11:28:16.162,1.16434,1.16438,0.75,7.30
2020.09.24 11:28:17.939,1.16433,1.16438,10.14,8.50
2020.09.24 11:28:18.485,1.16433,1.16437,0.75,5.61
2020.09.24 11:28:18.586,1.16434,1.16437,0.75,5.61
2020.09.24 11:28:18.687,1.16433,1.16437,10.14,5.61
2020.09.24 11:28:18.941,1.16433,1.16438,10.89,11.88
2020.09.24 11:28:20.115,1.16434,1.16436,10.89,0.37
2020.09.24 11:28:21.035,1.16432,1.16437,13.77,7.68
2020.09.24 11:28:21.172,1.16433,1.16437,9.39,7.68
2020.09.24 11:28:21.644,1.16435,1.16437,0.75,2.06
2020.09.24 11:28:21.773,1.16434,1.16436,9.39,2.06
2020.09.24 11:28:24.366,1.16433,1.16436,12.57,7.68
2020.09.24 11:28:24.467,1.16432,1.16435,9.39,0.94
2020.09.24 11:28:24.569,1.16428,1.16432,9.39,0.94
2020.09.24 11:28:24.671,1.16428,1.16431,9.39,1.69
2020.09.24 11:28:24.873,1.16427,1.16431,10.14,7.30
2020.09.24 11:28:25.748,1.16427,1.16432,13.51,7.86
2020.09.24 11:28:26.767,1.16428,1.16432,0.75,2.25
2020.09.24 11:28:27.223,1.16428,1.16431,14.34,5.80
2020.09.24 11:28:27.842,1.16429,1.16431,0.74,5.80
2020.09.24 11:28:27.936,1.16428,1.16431,13.89,5.80
2020.09.24 11:28:28.842,1.16428,1.16432,0.75,5.80
2020.09.24 11:28:29.653,1.16427,1.16432,15.16,0.19
2020.09.24 11:28:30.083,1.16428,1.16432,9.39,0.19
2020.09.24 11:28:30.937,1.1643,1.16432,0.74,9.25
2020.09.24 11:28:31.039,1.16428,1.16432,9.39,0.19
2020.09.24 11:28:31.714,1.16427,1.16432,17.64,5.80
2020.09.24 11:28:32.219,1.16428,1.16432,9.39,0.19
2020.09.24 11:28:32.713,1.16427,1.16432,13.89,5.80
2020.09.24 11:28:33.114,1.16429,1.16431,9.39,0.19
2020.09.24 11:28:33.224,1.16427,1.16432,14.79,0.19
2020.09.24 11:28:34.390,1.16429,1.16431,9.39,0.19
2020.09.24 11:28:37.040,1.16427,1.16432,14.04,0.19
2020.09.24 11:28:37.161,1.16429,1.16431,0.75,0.19
2020.09.24 11:28:37.286,1.16427,1.16432,14.04,0.19
2020.09.24 11:28:39.119,1.16428,1.16432,9.39,0.19
2020.09.24 11:28:39.271,1.16427,1.16432,13.14,0.19
2020.09.24 11:28:39.423,1.16427,1.1643,10.89,0.19
2020.09.24 11:28:39.526,1.16426,1.1643,9.39,7.30
2020.09.24 11:28:39.628,1.16426,1.16431,15.16,9.55
2020.09.24 11:28:39.729,1.16428,1.1643,9.39,0.94
2020.09.24 11:28:40.136,1.16427,1.16429,10.89,1.12
2020.09.24 11:28:40.238,1.16425,1.16427,9.39,0.82
2020.09.24 11:28:40.341,1.16425,1.16426,0.75,0.82
2020.09.24 11:28:40.392,1.16423,1.16427,9.39,0.82
2020.09.24 11:28:40.972,1.16422,1.16427,15.39,0.82
2020.09.24 11:28:41.075,1.16423,1.16427,0.75,0.82
2020.09.24 11:28:41.877,1.16425,1.16428,0.75,1.87
2020.09.24 11:28:42.231,1.16424,1.16428,14.64,0.75
2020.09.24 11:28:42.997,1.16424,1.16429,14.71,8.43
2020.09.24 11:28:43.099,1.16426,1.16428,9.39,8.43
2020.09.24 11:28:43.200,1.16424,1.16429,14.71,8.43
2020.09.24 11:28:43.301,1.16426,1.16428,9.39,8.43
2020.09.24 11:28:44.078,1.16425,1.16428,14.71,8.43
2020.09.24 11:28:44.462,1.16425,1.16429,9.39,8.43
2020.09.24 11:28:45.086,1.16424,1.16429,15.01,2.81
2020.09.24 11:28:45.192,1.16426,1.16428,9.39,8.43
2020.09.24 11:28:45.582,1.16424,1.16429,12.01,8.43
2020.09.24 11:28:47.883,1.16426,1.16428,9.39,7.68
2020.09.24 11:28:48.974,1.16424,1.16429,12.39,2.06
2020.09.24 11:28:49.713,1.16426,1.16429,2.25,0.75
2020.09.24 11:28:49.814,1.16427,1.16431,2.32,5.80
2020.09.24 11:28:49.865,1.16429,1.16431,0.94,5.61
2020.09.24 11:28:49.916,1.1643,1.16433,0.75,5.61
2020.09.24 11:28:50.018,1.16432,1.16435,0.75,0.75
2020.09.24 11:28:50.120,1.16432,1.16436,1.50,6.55
2020.09.24 11:28:50.221,1.16432,1.16435,15.65,8.80
2020.09.24 11:28:51.596,1.16432,1.16436,0.75,1.69
2020.09.24 11:28:52.001,1.16434,1.16437,11.15,12.18
2020.09.24 11:28:54.042,1.16434,1.16439,5.44,8.43
2020.09.24 11:28:54.144,1.16435,1.16437,9.57,0.82
2020.09.24 11:28:54.916,1.16433,1.16438,11.04,7.38
2020.09.24 11:28:55.887,1.16433,1.16435,0.10,0.19
2020.09.24 11:28:55.989,1.16432,1.16433,10.14,1.31
2020.09.24 11:28:56.091,1.1643,1.16434,12.46,0.94
2020.09.24 11:28:56.142,1.16432,1.16435,0.10,6.55
2020.09.24 11:28:56.670,1.16431,1.16435,10.21,0.19
2020.09.24 11:28:58.871,1.16432,1.16435,0.75,0.19
2020.09.24 11:28:59.117,1.16431,1.16435,11.04,0.19
2020.09.24 11:29:01.517,1.16432,1.16435,0.10,0.19
2020.09.24 11:29:01.619,1.16431,1.16432,9.46,1.01
2020.09.24 11:29:01.670,1.16427,1.16429,26.71,0.94
2020.09.24 11:29:01.822,1.16426,1.16427,12.76,0.82
2020.09.24 11:29:01.873,1.16423,1.16427,13.29,5.80
2020.09.24 11:29:02.228,1.16424,1.16427,9.39,0.19
2020.09.24 11:29:02.387,1.16423,1.16427,13.21,0.19
2020.09.24 11:29:02.742,1.16424,1.16427,0.75,0.19
2020.09.24 11:29:02.844,1.16425,1.16429,9.94,5.99
2020.09.24 11:29:02.895,1.16428,1.1643,0.75,0.19
2020.09.24 11:29:02.997,1.16427,1.1643,1.57,0.19
2020.09.24 11:29:03.099,1.16428,1.1643,0.75,0.19
2020.09.24 11:29:04.006,1.16427,1.16428,16.14,1.57
2020.09.24 11:29:04.057,1.16424,1.16425,1.69,4.57
2020.09.24 11:29:04.160,1.16426,1.16428,0.75,1.20
2020.09.24 11:29:04.262,1.16427,1.16428,0.82,6.36
2020.09.24 11:29:04.364,1.16427,1.16429,0.82,0.75
2020.09.24 11:29:04.772,1.16427,1.16429,13.96,0.75
2020.09.24 11:29:04.823,1.16427,1.16431,0.82,2.44
2020.09.24 11:29:04.926,1.16428,1.16431,0.75,0.75
2020.09.24 11:29:05.682,1.16428,1.16432,0.75,11.50
2020.09.24 11:29:06.161,1.16428,1.1643,0.82,0.75
2020.09.24 11:29:06.236,1.16428,1.16432,0.82,11.43
2020.09.24 11:29:07.313,1.16429,1.16432,0.75,11.43
2020.09.24 11:29:07.465,1.16428,1.16432,10.21,1.12
2020.09.24 11:29:07.918,1.1643,1.16431,9.39,1.12
2020.09.24 11:29:08.020,1.16429,1.16433,9.46,8.80
2020.09.24 11:29:08.345,1.1643,1.16434,0.10,10.30
2020.09.24 11:29:08.856,1.1643,1.16433,3.82,8.13
2020.09.24 11:29:08.957,1.16431,1.16433,0.10,11.05
2020.09.24 11:29:09.264,1.1643,1.16432,0.10,0.75
2020.09.24 11:29:09.365,1.1643,1.16434,0.10,2.44
2020.09.24 11:29:10.984,1.16429,1.16434,9.46,7.94
2020.09.24 11:29:11.304,1.16431,1.16433,9.39,7.94
2020.09.24 11:29:11.655,1.1643,1.16433,9.46,7.94
2020.09.24 11:29:12.337,1.16429,1.16431,16.85,0.74
2020.09.24 11:29:12.439,1.16429,1.16434,0.10,10.94
2020.09.24 11:29:12.795,1.16429,1.16432,16.66,0.10
2020.09.24 11:29:13.150,1.16431,1.16433,0.75,5.61
2020.09.24 11:29:13.252,1.16431,1.16435,12.27,0.37
2020.09.24 11:29:13.354,1.16433,1.16437,0.75,6.93
2020.09.24 11:29:14.306,1.16434,1.16437,0.75,1.31
2020.09.24 11:29:14.408,1.16434,1.16436,10.14,0.94
2020.09.24 11:29:14.560,1.16433,1.16438,11.04,7.68
2020.09.24 11:29:15.123,1.16433,1.16437,13.85,8.50
2020.09.24 11:29:15.225,1.16433,1.16436,10.14,7.38
2020.09.24 11:29:15.381,1.16432,1.16436,0.75,0.37
2020.09.24 11:29:15.488,1.16432,1.16435,0.75,0.75
2020.09.24 11:29:15.589,1.16432,1.16436,1.57,0.37
2020.09.24 11:29:15.691,1.16434,1.16436,0.75,6.36
2020.09.24 11:29:16.187,1.16432,1.16437,12.72,6.36
2020.09.24 11:29:16.679,1.16433,1.16437,0.75,6.36
2020.09.24 11:29:17.236,1.16436,1.16438,4.01,7.56
2020.09.24 11:29:17.338,1.16437,1.1644,0.75,5.61
2020.09.24 11:29:17.389,1.16437,1.16442,11.34,8.43
2020.09.24 11:29:17.491,1.16438,1.16442,9.39,8.43
2020.09.24 11:29:17.593,1.16437,1.16442,11.41,8.43
2020.09.24 11:29:17.696,1.16438,1.16442,9.39,2.81
2020.09.24 11:29:17.913,1.16437,1.16442,11.41,2.81
2020.09.24 11:29:18.019,1.16439,1.16441,0.10,2.81
2020.09.24 11:29:18.171,1.16438,1.16443,12.09,8.05
2020.09.24 11:29:18.273,1.1644,1.16442,10.21,1.69
2020.09.24 11:29:18.537,1.16439,1.16442,10.59,0.75
2020.09.24 11:29:18.641,1.1644,1.16442,10.59,1.69
2020.09.24 11:29:19.278,1.16442,1.16445,0.82,6.06
2020.09.24 11:29:19.381,1.16442,1.16446,10.96,6.55
2020.09.24 11:29:19.677,1.16443,1.16446,9.39,0.94
2020.09.24 11:29:19.778,1.16442,1.16446,10.96,0.19
2020.09.24 11:29:20.103,1.16441,1.16446,11.07,6.55
2020.09.24 11:29:20.337,1.16442,1.16446,0.82,6.55
2020.09.24 11:29:20.439,1.16444,1.16445,0.75,0.19
2020.09.24 11:29:20.540,1.16443,1.16445,11.34,0.19
2020.09.24 11:29:21.149,1.16443,1.16446,0.82,0.19
2020.09.24 11:29:21.580,1.16443,1.16447,0.82,6.36
2020.09.24 11:29:21.681,1.16443,1.16445,10.21,0.37
2020.09.24 11:29:21.737,1.16444,1.16446,10.21,0.75
2020.09.24 11:29:24.762,1.16443,1.16445,9.46,0.75
2020.09.24 11:29:24.837,1.16443,1.16447,9.46,0.75
2020.09.24 11:29:25.258,1.16442,1.16446,9.39,0.19
2020.09.24 11:29:25.360,1.16442,1.16445,13.02,5.80
2020.09.24 11:29:25.781,1.16441,1.16445,10.32,0.10
2020.09.24 11:29:30.887,1.16442,1.16446,0.19,6.36
2020.09.24 11:29:30.988,1.16443,1.16445,0.75,0.75
2020.09.24 11:29:31.039,1.16444,1.16446,0.75,7.30
2020.09.24 11:29:34.064,1.16443,1.16445,10.14,0.75
2020.09.24 11:29:34.165,1.16443,1.16447,10.14,7.30
2020.09.24 11:29:36.770,1.16447,1.16448,1.95,6.44
2020.09.24 11:29:36.872,1.16448,1.16451,10.14,6.36
2020.09.24 11:29:37.177,1.16448,1.1645,10.14,0.75
2020.09.24 11:29:37.278,1.16449,1.1645,10.14,0.75
2020.09.24 11:29:38.687,1.16449,1.16452,10.14,13.00
2020.09.24 11:29:38.788,1.16449,1.16453,0.75,12.06
2020.09.24 11:29:38.839,1.16451,1.16453,1.01,6.36
2020.09.24 11:29:38.890,1.16452,1.16455,0.82,0.37
2020.09.24 11:29:38.992,1.16452,1.16456,10.21,6.55
2020.09.24 11:29:39.919,1.16451,1.16454,14.52,0.75
2020.09.24 11:29:40.860,1.16451,1.16453,10.14,0.75
2020.09.24 11:29:41.166,1.16451,1.16454,10.14,0.75
2020.09.24 11:29:42.293,1.16451,1.16453,0.75,1.50
2020.09.24 11:29:43.047,1.16448,1.16452,10.96,1.50
2020.09.24 11:29:43.149,1.16448,1.16451,10.14,1.50
2020.09.24 11:29:43.353,1.16449,1.16451,0.10,0.75
2020.09.24 11:29:43.455,1.16451,1.16453,0.75,11.80
2020.09.24 11:29:46.479,1.16449,1.16452,9.46,0.75
2020.09.24 11:29:46.530,1.16451,1.16452,0.75,2.25
2020.09.24 11:29:47.714,1.16451,1.16454,0.75,7.86
2020.09.24 11:29:47.815,1.16451,1.16453,0.75,0.75
2020.09.24 11:29:51.086,1.16449,1.16453,9.39,1.87
2020.09.24 11:29:51.925,1.16451,1.16453,0.75,12.55
2020.09.24 11:29:53.402,1.16452,1.16454,11.15,7.75
2020.09.24 11:29:53.503,1.16453,1.16454,9.46,0.37
2020.09.24 11:29:53.605,1.16451,1.16455,10.96,5.61
2020.09.24 11:29:53.706,1.16452,1.16453,10.89,0.75
2020.09.24 11:29:53.971,1.16453,1.16455,0.75,7.11
2020.09.24 11:29:54.250,1.16453,1.16456,13.14,7.11
2020.09.24 11:29:54.604,1.16453,1.16457,13.14,7.49
2020.09.24 11:29:55.736,1.16453,1.16456,3.82,0.75
2020.09.24 11:29:55.838,1.16453,1.16457,3.82,6.36
2020.09.24 11:29:57.818,1.16455,1.16457,1.57,8.24
2020.09.24 11:29:57.919,1.16455,1.16458,10.21,3.00
2020.09.24 11:29:58.021,1.16456,1.16459,0.75,7.11
2020.09.24 11:29:58.619,1.16457,1.16459,0.10,1.50
2020.09.24 11:29:58.722,1.16457,1.1646,9.46,1.12
2020.09.24 11:29:58.874,1.16457,1.16461,9.54,2.25
2020.09.24 11:29:59.450,1.16458,1.16461,0.75,1.50
2020.09.24 11:29:59.833,1.16456,1.16458,9.39,0.75
2020.09.24 11:29:59.884,1.16453,1.16454,7.65,0.37
2020.09.24 11:30:00.238,1.16452,1.16454,10.02,1.12
2020.09.24 11:30:00.341,1.16451,1.16453,9.65,1.50
2020.09.24 11:30:00.443,1.16451,1.16454,0.10,6.36
2020.09.24 11:30:00.546,1.16451,1.16455,9.72,4.87
2020.09.24 11:30:00.648,1.16452,1.16453,0.26,2.06
2020.09.24 11:30:01.573,1.1645,1.16454,0.26,1.87
2020.09.24 11:30:01.625,1.16449,1.1645,3.07,1.01
2020.09.24 11:30:01.727,1.16448,1.1645,0.19,0.37
2020.09.24 11:30:01.829,1.16446,1.16449,10.14,1.12
2020.09.24 11:30:01.930,1.16445,1.16448,0.19,6.36
2020.09.24 11:30:02.083,1.16444,1.16445,9.39,1.12
2020.09.24 11:30:02.134,1.16442,1.16446,11.04,7.49
2020.09.24 11:30:02.438,1.16443,1.16446,0.10,1.87
2020.09.24 11:30:02.944,1.16446,1.16448,0.10,7.49
2020.09.24 11:30:03.046,1.16446,1.16449,0.82,1.87
2020.09.24 11:30:03.147,1.16447,1.1645,9.46,0.75
2020.09.24 11:30:03.249,1.16445,1.16449,10.66,1.87
2020.09.24 11:30:03.451,1.16446,1.16449,9.46,1.87
2020.09.24 11:30:03.813,1.16445,1.16449,9.39,1.87
2020.09.24 11:30:03.915,1.16445,1.16447,0.10,7.68
2020.09.24 11:30:03.965,1.16444,1.16446,11.04,0.37
2020.09.24 11:30:04.016,1.16444,1.16448,0.10,1.87
2020.09.24 11:30:04.067,1.16443,1.16446,11.41,0.75
2020.09.24 11:30:04.169,1.16444,1.16446,9.39,1.12
2020.09.24 11:30:04.270,1.16443,1.16446,10.21,1.12
2020.09.24 11:30:04.675,1.16442,1.16444,9.39,0.75
2020.09.24 11:30:04.777,1.1644,1.16443,1.09,1.12
2020.09.24 11:30:04.878,1.16439,1.16442,1.09,0.37
2020.09.24 11:30:05.543,1.16438,1.16441,10.40,1.12
2020.09.24 11:30:05.746,1.16439,1.16441,0.26,1.12
2020.09.24 11:30:05.798,1.1644,1.16442,0.26,8.24
2020.09.24 11:30:06.739,1.16439,1.16442,0.26,0.37
2020.09.24 11:30:10.081,1.16438,1.16442,10.29,1.87
2020.09.24 11:30:10.182,1.16438,1.16441,10.21,0.37
2020.09.24 11:30:10.770,1.16439,1.16441,13.10,6.93
2020.09.24 11:30:10.872,1.1644,1.16441,9.39,0.37
2020.09.24 11:30:10.974,1.16438,1.16441,9.39,0.37
2020.09.24 11:30:11.075,1.16437,1.16442,16.47,7.30
2020.09.24 11:30:11.430,1.16439,1.16441,9.39,1.69
2020.09.24 11:30:11.617,1.16437,1.16442,16.85,7.30
2020.09.24 11:30:11.766,1.16438,1.16442,0.10,7.30
2020.09.24 11:30:12.840,1.1644,1.16441,0.10,6.74
2020.09.24 11:30:13.143,1.16439,1.16441,11.22,1.12
2020.09.24 11:30:13.245,1.16439,1.16442,9.39,1.12
2020.09.24 11:30:13.346,1.16436,1.16439,7.87,1.69
2020.09.24 11:30:13.449,1.16435,1.16436,9.39,1.12
2020.09.24 11:30:13.551,1.16434,1.16435,10.96,1.87
2020.09.24 11:30:13.653,1.16434,1.16438,3.26,6.36
2020.09.24 11:30:13.755,1.16435,1.16439,2.32,5.99
2020.09.24 11:30:14.799,1.16437,1.1644,0.10,3.75
2020.09.24 11:30:14.901,1.16438,1.16441,0.75,1.12
2020.09.24 11:30:15.153,1.16437,1.16441,10.14,6.74
2020.09.24 11:30:15.255,1.16436,1.16441,12.65,6.74
2020.09.24 11:30:15.427,1.16437,1.16441,0.10,7.11
2020.09.24 11:30:15.528,1.16438,1.16439,0.82,0.37
2020.09.24 11:30:16.461,1.16439,1.1644,9.39,1.87
2020.09.24 11:30:16.617,1.16438,1.16441,9.46,1.87
2020.09.24 11:30:17.328,1.16446,1.16448,0.75,8.62
2020.09.24 11:30:17.430,1.16447,1.16448,10.32,0.37
2020.09.24 11:30:17.582,1.16446,1.16448,9.39,0.37
2020.09.24 11:30:17.633,1.16444,1.16446,12.34,1.12
2020.09.24 11:30:18.444,1.16445,1.16447,1.57,0.75
2020.09.24 11:30:18.546,1.16448,1.1645,0.75,1.12
2020.09.24 11:30:18.598,1.16446,1.16449,9.84,1.69
2020.09.24 11:30:18.650,1.16445,1.16447,0.94,0.75
2020.09.24 11:30:18.702,1.16445,1.16449,1.76,7.68
2020.09.24 11:30:19.322,1.1644,1.16442,10.57,2.25
2020.09.24 11:30:19.373,1.16438,1.1644,0.75,0.56
2020.09.24 11:30:19.424,1.16436,1.1644,9.39,2.06
2020.09.24 11:30:19.577,1.16437,1.16438,1.50,0.37
2020.09.24 11:30:19.729,1.16436,1.1644,1.20,1.87
2020.09.24 11:30:19.881,1.16437,1.1644,9.84,1.50
2020.09.24 11:30:20.084,1.16437,1.16439,14.34,7.68
2020.09.24 11:30:20.186,1.16436,1.16438,10.40,7.49
2020.09.24 11:30:23.931,1.16435,1.16438,0.82,0.75
2020.09.24 11:30:24.033,1.16433,1.16436,0.37,1.50
2020.09.24 11:30:24.134,1.16432,1.16436,10.29,1.50
2020.09.24 11:30:24.590,1.16433,1.16436,9.39,1.50
2020.09.24 11:30:24.691,1.16432,1.16436,10.21,1.50
2020.09.24 11:30:24.792,1.16434,1.16436,9.39,1.50
2020.09.24 11:30:24.904,1.16432,1.16436,10.21,1.50
2020.09.24 11:30:25.469,1.16434,1.16435,9.39,1.50
2020.09.24 11:30:26.040,1.16432,1.16436,10.66,1.50
2020.09.24 11:30:26.365,1.16433,1.16436,9.39,1.50
2020.09.24 11:30:26.688,1.16433,1.16437,9.46,1.50
2020.09.24 11:30:27.095,1.16433,1.16436,9.39,0.37
2020.09.24 11:30:27.961,1.16434,1.16436,9.39,0.37
2020.09.24 11:30:28.062,1.16433,1.16436,9.39,0.37
2020.09.24 11:30:28.163,1.16432,1.16436,10.96,0.37
2020.09.24 11:30:29.666,1.16435,1.16437,3.26,6.74
2020.09.24 11:30:29.768,1.16437,1.16439,9.46,1.31
2020.09.24 11:30:29.869,1.16438,1.16439,9.46,1.31
2020.09.24 11:30:30.987,1.16437,1.16439,9.39,0.75
2020.09.24 11:30:31.089,1.16434,1.16438,10.21,0.37
2020.09.24 11:30:31.353,1.16435,1.16437,0.75,0.75
2020.09.24 11:30:31.455,1.16435,1.16438,0.75,7.49
2020.09.24 11:30:34.429,1.16435,1.16439,11.90,1.87
2020.09.24 11:30:34.531,1.16437,1.16441,9.39,5.62
2020.09.24 11:30:35.448,1.16436,1.16441,10.85,2.06
2020.09.24 11:30:35.817,1.16437,1.16441,9.39,2.06
2020.09.24 11:30:35.925,1.16438,1.16441,9.39,1.87
2020.09.24 11:30:36.049,1.16437,1.16441,9.39,1.87
2020.09.24 11:30:36.829,1.16437,1.1644,9.39,0.37
2020.09.24 11:30:41.513,1.16437,1.16441,9.84,1.87
2020.09.24 11:30:41.615,1.16438,1.16441,9.39,1.12
2020.09.24 11:30:42.075,1.16437,1.16441,9.39,1.12
2020.09.24 11:30:42.778,1.16438,1.16441,9.39,1.12
2020.09.24 11:30:43.402,1.16437,1.16441,9.91,1.12
2020.09.24 11:30:45.400,1.16439,1.1644,0.19,1.12
2020.09.24 11:30:45.702,1.16437,1.16441,10.10,1.12
2020.09.24 11:30:46.526,1.16438,1.16441,9.39,1.12
2020.09.24 11:30:46.692,1.16438,1.1644,10.10,1.12
2020.09.24 11:30:49.611,1.1644,1.16442,0.94,5.61
2020.09.24 11:30:49.714,1.1644,1.16444,0.94,1.87
2020.09.24 11:30:49.766,1.1644,1.16442,0.19,1.69
2020.09.24 11:30:49.869,1.16439,1.16441,9.39,1.50
2020.09.24 11:30:49.971,1.16439,1.1644,0.94,2.06
2020.09.24 11:30:52.655,1.16439,1.16441,9.39,1.87
2020.09.24 11:30:52.777,1.16438,1.16441,0.19,1.87
2020.09.24 11:30:52.947,1.16435,1.16438,1.12,0.82
2020.09.24 11:30:52.998,1.16433,1.16435,8.25,0.75
2020.09.24 11:30:53.100,1.16432,1.16435,0.10,4.31
2020.09.24 11:30:53.203,1.16434,1.16436,0.10,3.37
2020.09.24 11:30:53.612,1.16433,1.16436,3.07,1.87
2020.09.24 11:30:55.848,1.16434,1.16436,9.39,1.87
2020.09.24 11:30:55.989,1.16433,1.16436,9.46,1.50
2020.09.24 11:30:58.859,1.16434,1.16436,9.84,10.49
2020.09.24 11:30:59.002,1.16433,1.16436,9.84,1.50
2020.09.24 11:31:01.129,1.16435,1.16437,2.25,5.99
2020.09.24 11:31:01.180,1.16438,1.16439,0.10,6.81
2020.09.24 11:31:01.281,1.16439,1.16441,9.76,7.49
2020.09.24 11:31:01.785,1.16441,1.16442,1.69,6.74
2020.09.24 11:31:01.836,1.16442,1.16443,0.56,6.44
2020.09.24 11:31:05.499,1.1644,1.16443,9.57,5.61
2020.09.24 11:31:05.703,1.1644,1.16442,0.19,5.61
2020.09.24 11:31:06.034,1.16441,1.16442,0.19,5.61
2020.09.24 11:31:06.156,1.1644,1.16442,11.82,5.61
2020.09.24 11:31:06.271,1.1644,1.16443,0.19,5.61
2020.09.24 11:31:06.373,1.1644,1.16441,2.44,5.61
2020.09.24 11:31:06.590,1.1644,1.16443,0.19,7.49
2020.09.24 11:31:06.694,1.1644,1.16442,0.19,5.61
2020.09.24 11:31:07.392,1.16441,1.16442,0.19,7.49
2020.09.24 11:31:08.538,1.1644,1.16442,0.19,5.61
2020.09.24 11:31:09.072,1.1644,1.16443,0.19,8.24
2020.09.24 11:31:10.298,1.16439,1.16441,0.45,0.10
2020.09.24 11:31:10.400,1.16438,1.1644,0.10,7.49
2020.09.24 11:31:12.402,1.16436,1.1644,13.47,0.75
2020.09.24 11:31:12.504,1.16436,1.16439,1.01,0.37
2020.09.24 11:31:12.656,1.16437,1.1644,2.51,1.12
2020.09.24 11:31:12.758,1.1644,1.16443,0.75,1.76
2020.09.24 11:31:13.777,1.16441,1.16443,12.09,5.61
2020.09.24 11:31:13.878,1.16441,1.16445,9.76,10.56
2020.09.24 11:31:13.980,1.16443,1.16444,0.75,5.32
2020.09.24 11:31:14.081,1.1644,1.16444,10.21,1.76
2020.09.24 11:31:14.183,1.16441,1.16442,0.75,5.61
2020.09.24 11:31:14.335,1.1644,1.16444,0.75,8.50
2020.09.24 11:31:14.386,1.16439,1.16442,0.37,1.50
2020.09.24 11:31:14.487,1.16438,1.1644,9.39,0.75
2020.09.24 11:31:14.589,1.16437,1.1644,1.76,0.75
2020.09.24 11:31:19.333,1.16438,1.1644,0.26,0.75
2020.09.24 11:31:19.385,1.1644,1.16442,2.32,8.31
2020.09.24 11:31:20.421,1.16442,1.16443,1.69,1.87
2020.09.24 11:31:20.522,1.16443,1.16444,9.39,7.56
2020.09.24 11:31:20.624,1.16441,1.16445,14.15,1.87
2020.09.24 11:31:20.853,1.16441,1.16444,9.39,2.06
2020.09.24 11:31:20.954,1.1644,1.16444,12.27,7.68
2020.09.24 11:31:23.284,1.16441,1.16445,9.39,7.49
2020.09.24 11:31:23.385,1.1644,1.16444,10.14,7.49
2020.09.24 11:31:24.939,1.1644,1.16443,10.14,0.75
2020.09.24 11:31:26.109,1.16439,1.16442,12.39,1.69
2020.09.24 11:31:26.210,1.16437,1.16441,10.21,7.68
2020.09.24 11:31:26.312,1.16438,1.16441,9.39,1.87
2020.09.24 11:31:26.413,1.16437,1.16441,13.21,7.49
2020.09.24 11:31:26.718,1.16437,1.1644,9.39,2.25
2020.09.24 11:31:26.820,1.16436,1.16439,10.14,1.87
2020.09.24 11:31:26.973,1.16436,1.16438,15.27,7.49
2020.09.24 11:31:27.200,1.16436,1.16439,9.39,1.87
2020.09.24 11:31:27.823,1.16437,1.16439,9.39,1.87
2020.09.24 11:31:28.281,1.16434,1.16437,1.39,1.50
2020.09.24 11:31:28.384,1.16434,1.16435,9.46,1.87
2020.09.24 11:31:28.486,1.16432,1.16436,14.52,1.87
2020.09.24 11:31:28.587,1.16432,1.16435,14.15,1.12
2020.09.24 11:31:29.523,1.16434,1.16435,0.26,0.75
2020.09.24 11:31:29.726,1.16433,1.16435,11.22,0.75
2020.09.24 11:31:30.080,1.16433,1.16436,9.39,0.75
2020.09.24 11:31:30.511,1.16434,1.16437,9.39,7.49
2020.09.24 11:31:30.612,1.16433,1.16436,10.40,0.75
2020.09.24 11:31:35.691,1.16433,1.16435,11.15,0.75
2020.09.24 11:31:38.712,1.16432,1.16435,9.39,0.75
2020.09.24 11:31:38.864,1.16436,1.16437,1.57,5.99
2020.09.24 11:31:38.966,1.16437,1.16438,1.95,6.74
2020.09.24 11:31:39.067,1.16437,1.16439,0.10,1.12
2020.09.24 11:31:42.181,1.16436,1.16439,11.34,1.12
2020.09.24 11:31:42.781,1.16437,1.16439,0.19,1.12
2020.09.24 11:31:46.330,1.16439,1.1644,9.39,1.95
2020.09.24 11:31:46.629,1.16437,1.16439,10.14,1.12
2020.09.24 11:31:47.186,1.16436,1.16439,12.27,1.12
2020.09.24 11:31:47.288,1.16437,1.16439,0.10,1.12
2020.09.24 11:31:49.157,1.16438,1.1644,0.75,0.94
2020.09.24 11:31:49.482,1.16437,1.16439,9.39,1.12
2020.09.24 11:31:49.584,1.16436,1.16437,0.75,1.87
2020.09.24 11:31:50.688,1.16434,1.16437,9.39,2.06
2020.09.24 11:31:50.789,1.16432,1.16435,14.82,0.75
2020.09.24 11:31:50.942,1.16433,1.16435,9.39,0.75
2020.09.24 11:31:51.050,1.16432,1.16435,11.90,0.75
2020.09.24 11:31:53.973,1.16433,1.16437,0.82,6.36
2020.09.24 11:31:54.074,1.16435,1.16438,2.51,5.61
2020.09.24 11:31:54.176,1.16437,1.16438,9.39,3.00
2020.09.24 11:31:54.278,1.16434,1.16437,9.76,0.75
2020.09.24 11:31:54.379,1.16435,1.16438,10.89,2.06
2020.09.24 11:31:55.282,1.16436,1.16437,10.96,1.87
2020.09.24 11:31:56.321,1.16435,1.16438,11.41,1.50
2020.09.24 11:31:56.575,1.16436,1.16438,9.39,1.69
2020.09.24 11:31:57.404,1.16438,1.16439,0.82,6.74
2020.09.24 11:31:57.455,1.16438,1.16441,9.39,2.06
2020.09.24 11:31:57.811,1.16437,1.16439,10.21,1.12
2020.09.24 11:31:58.115,1.16438,1.16441,9.39,2.06
2020.09.24 11:31:58.425,1.16437,1.16439,10.96,1.12
2020.09.24 11:31:59.278,1.16438,1.16442,0.75,7.86
2020.09.24 11:32:02.151,1.16437,1.16439,10.14,1.12
2020.09.24 11:32:02.708,1.16436,1.16439,11.07,2.62
2020.09.24 11:32:03.042,1.16437,1.16439,9.39,2.62
2020.09.24 11:32:03.245,1.16437,1.16438,10.14,2.62
2020.09.24 11:32:04.643,1.16436,1.16438,9.39,0.37
2020.09.24 11:32:04.746,1.16435,1.16438,13.14,1.31
2020.09.24 11:32:04.899,1.16436,1.16438,9.39,1.12
2020.09.24 11:32:05.037,1.16435,1.16438,10.14,1.12
2020.09.24 11:32:05.243,1.16434,1.16438,9.39,10.00
2020.09.24 11:32:05.345,1.16433,1.16436,13.32,1.87
2020.09.24 11:32:06.252,1.16434,1.16436,9.39,1.87
2020.09.24 11:32:06.353,1.16433,1.16436,13.14,1.87
2020.09.24 11:32:07.624,1.16434,1.16436,0.75,1.87
2020.09.24 11:32:07.776,1.16434,1.16435,10.14,1.87
2020.09.24 11:32:13.028,1.16434,1.16436,10.33,3.37
2020.09.24 11:32:15.297,1.16433,1.16436,10.32,1.12
2020.09.24 11:32:15.530,1.16434,1.16436,9.39,1.12
2020.09.24 11:32:15.631,1.16433,1.16436,10.32,1.12
2020.09.24 11:32:16.639,1.16434,1.16436,9.39,1.12
2020.09.24 11:32:17.381,1.16434,1.16435,10.32,1.12
2020.09.24 11:32:17.867,1.16432,1.16436,14.07,8.24
2020.09.24 11:32:17.969,1.16432,1.16435,14.07,1.69
2020.09.24 11:32:19.275,1.16432,1.16434,10.14,1.57
2020.09.24 11:32:19.326,1.16429,1.16431,1.69,0.75
2020.09.24 11:32:19.428,1.16429,1.16432,9.39,3.94
2020.09.24 11:32:19.529,1.16428,1.16431,9.57,2.81
2020.09.24 11:32:21.636,1.16429,1.16431,9.39,1.87
2020.09.24 11:32:21.737,1.16428,1.16431,0.19,1.87
2020.09.24 11:32:22.661,1.1643,1.16431,3.07,2.06
2020.09.24 11:32:22.763,1.1643,1.16432,9.39,6.82
2020.09.24 11:32:22.865,1.16428,1.16432,10.32,0.37
2020.09.24 11:32:24.820,1.16429,1.16432,9.39,6.36
2020.09.24 11:32:24.922,1.16428,1.16432,10.32,0.75
2020.09.24 11:32:26.833,1.16428,1.16431,10.14,1.50
2020.09.24 11:32:30.970,1.16429,1.16431,9.39,2.06
2020.09.24 11:32:31.104,1.16429,1.1643,10.14,2.06
2020.09.24 11:32:32.464,1.16429,1.16431,9.39,2.06
2020.09.24 11:32:32.674,1.1643,1.16432,15.46,1.87
2020.09.24 11:32:32.725,1.16431,1.16434,0.82,6.55
2020.09.24 11:32:32.827,1.16432,1.16434,9.39,1.50
2020.09.24 11:32:33.441,1.16431,1.16432,10.14,1.50
2020.09.24 11:32:34.020,1.16429,1.16432,13.14,0.75
2020.09.24 11:32:34.123,1.16429,1.1643,10.14,1.50
2020.09.24 11:32:34.225,1.16429,1.1643,0.94,7.49
2020.09.24 11:32:34.751,1.16429,1.16431,9.39,1.87
2020.09.24 11:32:34.975,1.16429,1.1643,10.14,1.87
2020.09.24 11:32:37.186,1.16429,1.16431,9.39,1.87
2020.09.24 11:32:37.288,1.16429,1.1643,10.14,1.87
2020.09.24 11:32:39.065,1.16429,1.16431,0.75,1.87
2020.09.24 11:32:42.132,1.1643,1.16431,0.75,1.12
2020.09.24 11:32:43.354,1.1643,1.16432,9.39,1.12
2020.09.24 11:32:43.456,1.16429,1.16432,0.75,1.12
2020.09.24 11:32:44.511,1.16429,1.16431,10.32,1.12
2020.09.24 11:32:46.469,1.1643,1.16431,9.39,1.95
2020.09.24 11:32:46.581,1.16429,1.16431,10.14,1.95
2020.09.24 11:32:49.547,1.16429,1.16432,9.39,1.87
2020.09.24 11:32:49.648,1.16428,1.16432,10.14,1.87
2020.09.24 11:32:51.242,1.1643,1.16431,0.75,0.75
2020.09.24 11:32:51.344,1.16429,1.16431,9.39,0.75
2020.09.24 11:32:51.445,1.16429,1.1643,10.32,0.75
2020.09.24 11:32:51.770,1.16429,1.16432,0.75,1.50
2020.09.24 11:32:52.316,1.1643,1.16432,9.39,0.75
2020.09.24 11:32:52.736,1.1643,1.16431,10.14,0.75
2020.09.24 11:32:54.566,1.16428,1.16431,10.14,0.75
2020.09.24 11:32:55.380,1.16429,1.16432,0.75,0.37
2020.09.24 11:32:55.481,1.1643,1.16433,9.39,1.69
2020.09.24 11:32:55.582,1.16429,1.16433,10.14,1.69
2020.09.24 11:32:55.734,1.16431,1.16433,0.75,0.75
2020.09.24 11:32:55.836,1.16432,1.16433,10.14,0.45
2020.09.24 11:32:55.937,1.16429,1.16433,10.89,5.69
2020.09.24 11:32:56.241,1.1643,1.16433,9.39,7.56
2020.09.24 11:32:56.380,1.1643,1.16432,10.89,7.56
2020.09.24 11:32:56.548,1.1643,1.16433,1.50,1.87
2020.09.24 11:32:56.649,1.16431,1.16434,0.75,6.36
2020.09.24 11:32:56.802,1.16432,1.16434,9.39,0.75
2020.09.24 11:32:57.974,1.16432,1.16433,13.96,0.75
2020.09.24 11:32:58.932,1.16433,1.16434,9.39,2.62
2020.09.24 11:32:59.040,1.16431,1.16434,13.89,0.75
2020.09.24 11:32:59.722,1.16432,1.16435,2.44,0.75
2020.09.24 11:32:59.773,1.16434,1.16437,9.39,1.95
2020.09.24 11:33:00.128,1.16435,1.16437,9.39,2.06
2020.09.24 11:33:00.490,1.16436,1.16439,0.75,5.61
2020.09.24 11:33:00.592,1.16437,1.1644,10.14,1.50
2020.09.24 11:33:00.693,1.16437,1.16441,10.14,9.25
2020.09.24 11:33:01.353,1.16438,1.16441,9.39,7.30
2020.09.24 11:33:01.672,1.16437,1.16441,13.14,0.75
2020.09.24 11:33:02.082,1.16439,1.1644,9.39,0.75
2020.09.24 11:33:02.184,1.16437,1.16441,13.14,7.30
2020.09.24 11:33:02.438,1.16438,1.16441,9.39,0.75
2020.09.24 11:33:02.734,1.16437,1.16441,13.14,0.75
2020.09.24 11:33:03.010,1.16438,1.16441,9.39,0.75
2020.09.24 11:33:03.145,1.16438,1.1644,13.14,6.36
2020.09.24 11:33:06.136,1.16438,1.16441,9.39,6.36
2020.09.24 11:33:06.274,1.16437,1.16441,13.14,0.75
2020.09.24 11:33:10.199,1.16437,1.16439,9.39,1.01
2020.09.24 11:33:10.250,1.16436,1.16438,0.37,9.33
2020.09.24 11:33:10.301,1.16434,1.16436,9.39,0.75
2020.09.24 11:33:10.403,1.16435,1.16437,1.50,5.61
2020.09.24 11:33:10.504,1.16436,1.16439,9.39,1.12
2020.09.24 11:33:10.606,1.16436,1.16438,13.89,1.12
2020.09.24 11:33:12.400,1.16436,1.16437,1.50,5.61
2020.09.24 11:33:12.505,1.16435,1.16439,1.50,7.68
2020.09.24 11:33:14.201,1.16435,1.16438,0.75,0.75
2020.09.24 11:33:14.303,1.16435,1.16439,0.75,8.43
2020.09.24 11:33:15.490,1.16435,1.16438,0.75,5.61
2020.09.24 11:33:15.595,1.16435,1.16439,0.75,8.43
2020.09.24 11:33:16.197,1.16435,1.16438,0.75,7.30
2020.09.24 11:33:16.401,1.16434,1.16438,9.39,9.25
2020.09.24 11:33:16.502,1.16435,1.16438,0.75,8.43
2020.09.24 11:33:16.604,1.16434,1.16437,0.75,0.75
2020.09.24 11:33:16.705,1.16434,1.16436,9.39,8.80
2020.09.24 11:33:16.982,1.16432,1.16437,13.89,9.55
2020.09.24 11:33:17.083,1.16433,1.16435,13.89,0.75
2020.09.24 11:33:17.337,1.16433,1.16436,10.89,9.55
2020.09.24 11:33:17.899,1.16432,1.16436,10.89,5.61
2020.09.24 11:33:18.517,1.16432,1.16437,10.89,9.63
2020.09.24 11:33:18.618,1.16432,1.16435,10.89,5.61
2020.09.24 11:33:18.771,1.16432,1.16433,10.14,1.69
2020.09.24 11:33:18.873,1.16431,1.16434,0.75,7.30
2020.09.24 11:33:18.975,1.16431,1.16432,9.39,6.55
2020.09.24 11:33:19.078,1.16429,1.16432,9.39,1.57
2020.09.24 11:33:19.181,1.16429,1.1643,3.00,0.75
2020.09.24 11:33:19.282,1.16428,1.1643,13.14,0.75
2020.09.24 11:33:19.640,1.16428,1.16432,9.39,9.25
2020.09.24 11:33:20.898,1.16428,1.16431,13.89,9.25
2020.09.24 11:33:21.050,1.16428,1.16432,9.39,9.25
2020.09.24 11:33:21.308,1.16427,1.16431,13.89,5.61
2020.09.24 11:33:21.709,1.16428,1.1643,4.50,6.36
2020.09.24 11:33:21.820,1.16427,1.16431,13.89,0.75
2020.09.24 11:33:24.288,1.16426,1.16429,12.76,1.50
2020.09.24 11:33:24.390,1.16425,1.16426,9.39,5.61
2020.09.24 11:33:24.542,1.16423,1.16427,14.64,5.80
2020.09.24 11:33:24.833,1.16423,1.16426,14.64,5.61
2020.09.24 11:33:24.947,1.16423,1.16427,5.25,5.80
2020.09.24 11:33:25.052,1.16424,1.16428,10.89,0.94
2020.09.24 11:33:25.304,1.16425,1.16428,9.39,0.19
2020.09.24 11:33:25.566,1.16426,1.16428,10.14,8.05
2020.09.24 11:33:25.668,1.16425,1.16428,10.89,0.19
2020.09.24 11:33:27.220,1.16425,1.16429,1.50,8.05
2020.09.24 11:33:27.323,1.16426,1.16429,3.00,5.80
2020.09.24 11:33:27.426,1.16428,1.16429,9.39,1.69
2020.09.24 11:33:27.528,1.1643,1.16431,0.75,0.19
2020.09.24 11:33:27.682,1.16429,1.16433,11.26,2.51
2020.09.24 11:33:27.961,1.16431,1.16432,2.25,7.30
2020.09.24 11:33:28.063,1.16431,1.16435,10.89,1.76
2020.09.24 11:33:28.164,1.16433,1.16434,10.14,0.19
2020.09.24 11:33:28.519,1.16433,1.16435,10.14,7.30
2020.09.24 11:33:30.103,1.16432,1.16434,9.39,1.01
2020.09.24 11:33:30.205,1.16431,1.16434,0.75,0.75
2020.09.24 11:33:33.389,1.16432,1.16434,3.26,5.61
2020.09.24 11:33:33.491,1.16432,1.16437,11.26,13.00
2020.09.24 11:33:33.593,1.16434,1.16436,9.39,10.75
2020.09.24 11:33:33.745,1.16435,1.16438,2.25,5.99
2020.09.24 11:33:33.846,1.16436,1.16439,9.39,0.75
2020.09.24 11:33:33.948,1.16435,1.16439,11.64,6.36
2020.09.24 11:33:34.122,1.16435,1.16438,14.64,5.61
2020.09.24 11:33:34.224,1.16435,1.16439,14.64,0.75
2020.09.24 11:33:34.596,1.16435,1.1644,11.64,7.30
2020.09.24 11:33:35.163,1.16437,1.16439,9.39,6.55
2020.09.24 11:33:35.265,1.16438,1.16442,13.14,5.88
2020.09.24 11:33:37.265,1.16438,1.16441,13.14,5.61
2020.09.24 11:33:37.369,1.16439,1.16441,13.14,6.55
2020.09.24 11:33:37.990,1.16439,1.16442,9.39,6.55
2020.09.24 11:33:38.235,1.16438,1.16442,13.51,0.94
2020.09.24 11:33:40.360,1.16438,1.16441,13.14,5.61
2020.09.24 11:33:40.461,1.16439,1.16441,13.14,0.19
2020.09.24 11:33:43.380,1.16438,1.16441,13.14,5.61
2020.09.24 11:33:43.481,1.16438,1.16442,13.14,0.19
2020.09.24 11:33:49.418,1.16438,1.16441,13.89,0.19
2020.09.24 11:33:55.039,1.16439,1.16441,9.39,0.19
2020.09.24 11:33:55.141,1.16438,1.16441,14.26,0.19
2020.09.24 11:33:55.549,1.16441,1.16443,0.75,5.61
2020.09.24 11:33:55.650,1.16442,1.16444,9.39,0.19
2020.09.24 11:33:55.752,1.16444,1.16446,0.75,5.61
2020.09.24 11:33:55.905,1.16444,1.16448,10.14,1.69
2020.09.24 11:33:57.314,1.16444,1.16447,0.75,5.61
2020.09.24 11:33:57.416,1.16443,1.16447,10.14,6.36
2020.09.24 11:33:58.547,1.16444,1.16447,9.39,0.19
2020.09.24 11:33:59.480,1.16443,1.16447,14.26,0.19
2020.09.24 11:33:59.990,1.16445,1.16446,9.39,0.19
2020.09.24 11:34:00.763,1.16443,1.16447,14.26,0.19
2020.09.24 11:34:00.915,1.16444,1.16447,9.39,0.19
2020.09.24 11:34:01.051,1.16444,1.16448,9.39,6.55
2020.09.24 11:34:01.153,1.16446,1.16447,10.14,0.19
2020.09.24 11:34:03.084,1.16446,1.16448,9.39,0.19
2020.09.24 11:34:03.186,1.16446,1.16447,1.50,0.19
2020.09.24 11:34:03.573,1.16447,1.16448,0.75,5.61
2020.09.24 11:34:03.675,1.16447,1.1645,0.75,5.80
2020.09.24 11:34:06.132,1.16448,1.1645,9.39,0.19
2020.09.24 11:34:06.284,1.16447,1.1645,10.14,0.19
2020.09.24 11:34:06.691,1.16449,1.16451,11.26,0.82
2020.09.24 11:34:06.743,1.16451,1.16453,0.75,7.11
2020.09.24 11:34:06.845,1.16452,1.16455,1.87,6.55
2020.09.24 11:34:07.393,1.16448,1.1645,1.12,0.94
2020.09.24 11:34:07.495,1.16446,1.16449,18.39,0.26
2020.09.24 11:34:07.648,1.16445,1.16448,12.39,0.19
2020.09.24 11:34:07.749,1.16444,1.16448,10.14,0.19
2020.09.24 11:34:08.004,1.16445,1.16448,1.50,5.80
2020.09.24 11:34:08.611,1.16445,1.1645,12.95,6.63
2020.09.24 11:34:08.662,1.16448,1.16449,1.50,6.55
2020.09.24 11:34:12.433,1.16446,1.1645,15.01,6.55
2020.09.24 11:34:12.584,1.16447,1.16449,5.62,6.55
2020.09.24 11:34:12.934,1.16447,1.16449,15.01,6.55
2020.09.24 11:34:13.249,1.16447,1.16448,9.76,1.39
2020.09.24 11:34:13.351,1.16445,1.16447,11.26,5.61
2020.09.24 11:34:14.566,1.16444,1.16447,11.26,8.95
2020.09.24 11:34:15.403,1.16445,1.16447,9.39,1.69
2020.09.24 11:34:15.506,1.16445,1.16449,5.25,5.69
2020.09.24 11:34:15.609,1.16447,1.1645,1.50,6.55
2020.09.24 11:34:17.272,1.16448,1.16451,1.50,6.36
2020.09.24 11:34:17.375,1.1645,1.16452,1.50,5.80
2020.09.24 11:34:19.831,1.1645,1.16451,14.26,0.75
2020.09.24 11:34:23.667,1.16451,1.16452,0.75,6.55
2020.09.24 11:34:23.769,1.1645,1.16454,10.89,6.55
2020.09.24 11:34:23.871,1.16452,1.16453,9.39,0.94
2020.09.24 11:34:24.071,1.16451,1.16453,10.89,0.94
2020.09.24 11:34:24.592,1.16451,1.16454,0.75,0.94
2020.09.24 11:34:27.388,1.1645,1.16452,1.12,1.69
2020.09.24 11:34:27.490,1.16448,1.16452,14.26,6.55
2020.09.24 11:34:27.897,1.16449,1.16452,9.39,1.69
2020.09.24 11:34:27.999,1.16449,1.16451,14.26,1.69
2020.09.24 11:34:30.726,1.16448,1.16451,4.87,5.61
2020.09.24 11:34:30.970,1.16448,1.16452,14.26,6.55
2020.09.24 11:34:33.354,1.16449,1.16452,0.75,6.55
2020.09.24 11:34:33.506,1.16451,1.16453,0.75,5.61
2020.09.24 11:34:33.608,1.16451,1.16455,11.26,7.30
2020.09.24 11:34:33.760,1.16452,1.16453,10.89,0.94
2020.09.24 11:34:33.862,1.1645,1.16453,9.39,0.94
2020.09.24 11:34:33.964,1.16449,1.16453,1.87,6.55
2020.09.24 11:34:34.065,1.16451,1.16452,9.39,6.55
2020.09.24 11:34:34.212,1.1645,1.16452,4.87,6.55
2020.09.24 11:34:34.377,1.16449,1.16452,1.87,5.61
2020.09.24 11:34:34.491,1.1645,1.16452,1.87,6.93
2020.09.24 11:34:35.500,1.16451,1.16452,1.50,5.61
2020.09.24 11:34:35.704,1.16451,1.16453,0.75,6.55
2020.09.24 11:34:37.675,1.16452,1.16454,0.75,0.94
2020.09.24 11:34:37.777,1.16453,1.16455,0.75,5.61
2020.09.24 11:34:37.878,1.16453,1.16456,0.75,8.05
2020.09.24 11:34:38.214,1.16454,1.16456,0.75,1.69
2020.09.24 11:34:38.265,1.16457,1.16459,0.75,2.32
2020.09.24 11:34:38.417,1.16458,1.16461,0.75,17.95
2020.09.24 11:34:38.519,1.16458,1.16459,10.14,0.94
2020.09.24 11:34:41.183,1.16458,1.16462,10.16,7.47
2020.09.24 11:34:41.234,1.1646,1.16462,0.75,8.10
2020.09.24 11:34:41.335,1.16462,1.16463,0.75,5.67
2020.09.24 11:34:41.386,1.16462,1.16466,10.16,5.96
2020.09.24 11:34:41.538,1.16463,1.16467,1.50,5.67
2020.09.24 11:34:41.690,1.16465,1.16467,0.75,8.48
2020.09.24 11:34:43.142,1.16465,1.16468,0.75,7.73
2020.09.24 11:34:44.174,1.16465,1.16467,0.75,5.59
2020.09.24 11:34:44.275,1.16466,1.16467,0.75,6.72
2020.09.24 11:34:44.864,1.16464,1.16467,0.75,0.37
2020.09.24 11:34:46.264,1.16464,1.16468,10.16,7.54
2020.09.24 11:34:46.517,1.16466,1.16467,9.41,1.95
2020.09.24 11:34:46.618,1.16464,1.16468,0.75,7.54
2020.09.24 11:34:48.117,1.16466,1.16469,1.50,5.97
2020.09.24 11:34:48.220,1.16467,1.1647,10.91,5.59
2020.09.24 11:34:48.643,1.16468,1.1647,10.91,7.35
2020.09.24 11:34:50.566,1.16468,1.16469,1.50,0.82
2020.09.24 11:34:51.459,1.16466,1.16469,13.16,0.75
2020.09.24 11:34:51.561,1.16465,1.16468,0.75,6.34
2020.09.24 11:34:51.612,1.16463,1.16468,13.91,8.10
2020.09.24 11:34:51.765,1.16463,1.16467,13.91,5.59
2020.09.24 11:34:51.917,1.16463,1.16468,13.91,8.18
2020.09.24 11:34:52.921,1.16463,1.16467,13.91,0.19
2020.09.24 11:34:53.919,1.16463,1.16466,9.41,1.69
2020.09.24 11:34:54.021,1.16461,1.16464,0.75,7.09
2020.09.24 11:34:54.123,1.1646,1.16463,17.17,7.17
2020.09.24 11:34:54.681,1.1646,1.16464,9.41,1.20
2020.09.24 11:34:54.913,1.16459,1.16464,14.92,6.79
2020.09.24 11:34:55.171,1.16459,1.16462,10.16,0.75
2020.09.24 11:34:55.273,1.16458,1.16461,9.41,1.76
2020.09.24 11:34:55.678,1.16459,1.16461,0.75,0.19
2020.09.24 11:35:03.405,1.16459,1.16463,1.50,11.40
2020.09.24 11:35:04.745,1.1646,1.16463,1.87,5.59
2020.09.24 11:35:04.846,1.1646,1.16464,10.91,6.34
2020.09.24 11:35:06.196,1.16461,1.16462,10.98,5.59
2020.09.24 11:35:06.298,1.1646,1.16464,10.98,0.94
2020.09.24 11:35:09.283,1.1646,1.16463,10.98,5.59
2020.09.24 11:35:09.384,1.16461,1.16463,1.57,6.53
2020.09.24 11:35:11.375,1.1646,1.16463,10.98,0.19
2020.09.24 11:35:11.528,1.16459,1.16463,10.91,6.90
2020.09.24 11:35:11.730,1.1646,1.16461,10.91,0.19
2020.09.24 11:35:13.007,1.16458,1.16462,13.98,0.19
2020.09.24 11:35:18.605,1.16457,1.16459,9.41,0.75
2020.09.24 11:35:18.657,1.16456,1.16457,0.37,1.50
2020.09.24 11:35:18.758,1.16454,1.16457,9.41,2.62
2020.09.24 11:35:18.860,1.16452,1.16457,15.67,8.22
2020.09.24 11:35:19.063,1.16453,1.16457,9.41,9.72
2020.09.24 11:35:19.495,1.16453,1.16456,12.67,4.12
2020.09.24 11:35:19.819,1.16454,1.16456,9.41,4.12
2020.09.24 11:35:20.033,1.16456,1.16458,0.75,7.47
2020.09.24 11:35:20.150,1.16456,1.16459,9.41,0.75
2020.09.24 11:35:20.252,1.16455,1.16459,9.41,6.34
2020.09.24 11:35:20.560,1.16455,1.16458,11.92,0.75
2020.09.24 11:35:20.661,1.16455,1.16459,0.10,0.75
2020.09.24 11:35:25.264,1.16454,1.16458,10.91,0.45
2020.09.24 11:35:25.365,1.16455,1.16458,0.75,0.75
2020.09.24 11:35:25.467,1.16457,1.1646,0.82,5.97
2020.09.24 11:35:25.568,1.16458,1.1646,10.23,0.75
2020.09.24 11:35:26.463,1.16458,1.16461,9.41,0.94
2020.09.24 11:35:26.590,1.16457,1.16461,11.73,0.94
2020.09.24 11:35:26.872,1.16459,1.1646,9.41,0.94
2020.09.24 11:35:27.147,1.16457,1.16461,11.73,0.94
2020.09.24 11:35:27.279,1.16457,1.16462,11.73,5.44
2020.09.24 11:35:27.474,1.16458,1.16462,9.41,11.03
2020.09.24 11:35:27.914,1.16458,1.16461,9.41,5.59
2020.09.24 11:35:28.038,1.16458,1.16462,9.41,1.69
2020.09.24 11:35:28.602,1.1646,1.16461,9.41,1.69
2020.09.24 11:35:28.829,1.16458,1.16462,14.66,1.69
2020.09.24 11:35:29.706,1.16459,1.16462,1.57,0.75
2020.09.24 11:35:29.808,1.1646,1.16463,2.25,5.59
2020.09.24 11:35:29.909,1.1646,1.16464,10.16,1.12
2020.09.24 11:35:30.061,1.16461,1.16465,0.10,7.65
2020.09.24 11:35:30.163,1.16463,1.16466,0.75,0.94
2020.09.24 11:35:30.268,1.16464,1.16466,0.75,7.65
2020.09.24 11:35:33.648,1.16464,1.16467,9.41,0.19
2020.09.24 11:35:33.749,1.16464,1.16468,9.41,1.31
2020.09.24 11:35:34.104,1.16465,1.16468,12.41,6.34
2020.09.24 11:35:34.205,1.16466,1.16469,10.16,9.98
2020.09.24 11:35:34.357,1.16465,1.16469,9.41,0.75
2020.09.24 11:35:34.458,1.16464,1.16469,14.10,6.72
2020.09.24 11:35:36.489,1.16464,1.16468,12.41,0.75
2020.09.24 11:35:36.592,1.16464,1.16466,9.41,0.19
2020.09.24 11:35:36.693,1.16465,1.16466,9.41,1.87
2020.09.24 11:35:36.795,1.16463,1.16467,10.16,7.47
2020.09.24 11:35:37.203,1.16463,1.16466,0.75,5.59
2020.09.24 11:35:37.322,1.16463,1.16467,0.75,1.87
2020.09.24 11:35:40.239,1.16463,1.16466,1.50,5.59
2020.09.24 11:35:40.391,1.16463,1.16467,1.50,7.47
2020.09.24 11:35:43.387,1.16463,1.16466,10.16,5.59
2020.09.24 11:35:43.492,1.16463,1.16467,0.75,7.47
2020.09.24 11:35:46.431,1.16464,1.16465,10.16,5.59
2020.09.24 11:35:46.564,1.16464,1.16466,0.75,6.34
2020.09.24 11:35:49.536,1.16464,1.16466,13.16,6.34
2020.09.24 11:35:49.637,1.16464,1.16466,13.16,0.75
2020.09.24 11:35:49.740,1.16465,1.16467,1.50,0.75
2020.09.24 11:35:49.792,1.16466,1.16468,13.91,1.12
2020.09.24 11:35:49.946,1.16466,1.1647,3.19,2.62
2020.09.24 11:35:50.048,1.16466,1.16469,9.41,0.75
2020.09.24 11:35:50.100,1.16464,1.16468,9.41,1.50
2020.09.24 11:35:50.202,1.16463,1.16468,10.98,6.34
2020.09.24 11:35:50.304,1.16465,1.16468,4.69,5.59
2020.09.24 11:35:50.407,1.16466,1.16468,10.16,1.50
2020.09.24 11:35:54.133,1.16466,1.1647,9.41,8.03
2020.09.24 11:35:54.349,1.16465,1.1647,13.98,8.03
2020.09.24 11:35:55.429,1.16466,1.1647,0.37,5.78
2020.09.24 11:35:55.530,1.16467,1.1647,9.41,0.19
2020.09.24 11:35:56.088,1.1647,1.16472,1.50,6.79
2020.09.24 11:35:56.139,1.16471,1.16474,0.75,0.37
2020.09.24 11:35:56.190,1.16473,1.16475,3.75,7.35
2020.09.24 11:35:56.292,1.16473,1.16476,0.75,6.53
2020.09.24 11:35:56.646,1.16475,1.16478,1.50,0.10
2020.09.24 11:35:56.748,1.16477,1.16479,9.41,0.19
2020.09.24 11:35:58.114,1.16478,1.16481,9.41,0.75
2020.09.24 11:36:03.069,1.16479,1.16481,10.16,2.06
2020.09.24 11:36:03.171,1.16478,1.16481,0.75,0.19
2020.09.24 11:36:04.914,1.16477,1.1648,10.16,2.14
2020.09.24 11:36:05.017,1.16475,1.16479,12.41,0.94
2020.09.24 11:36:05.119,1.16474,1.16479,14.66,6.60
2020.09.24 11:36:05.741,1.16474,1.16478,13.91,0.10
2020.09.24 11:36:06.218,1.16476,1.16477,9.41,0.10
2020.09.24 11:36:06.372,1.16474,1.16478,10.16,0.10
2020.09.24 11:36:07.066,1.16475,1.16476,10.16,0.75
2020.09.24 11:36:07.167,1.16474,1.16478,10.16,1.57
2020.09.24 11:36:09.063,1.16474,1.16479,10.42,7.84
2020.09.24 11:36:09.114,1.16476,1.16479,0.82,5.59
2020.09.24 11:36:09.216,1.16479,1.1648,9.41,1.20
2020.09.24 11:36:09.904,1.16479,1.16481,9.41,12.68
2020.09.24 11:36:10.335,1.16478,1.16481,9.41,1.12
2020.09.24 11:36:10.463,1.16477,1.16481,12.41,1.12
2020.09.24 11:36:11.198,1.16477,1.16482,12.41,9.23
2020.09.24 11:36:11.610,1.16477,1.16481,12.41,5.59
2020.09.24 11:36:11.719,1.16477,1.16482,12.41,9.23
2020.09.24 11:36:12.682,1.16477,1.16481,12.41,5.59
2020.09.24 11:36:12.834,1.16478,1.16481,9.41,12.23
2020.09.24 11:36:14.562,1.16477,1.16481,9.41,5.59
2020.09.24 11:36:15.447,1.16478,1.16481,9.41,12.30
2020.09.24 11:36:15.584,1.16477,1.16481,9.41,5.59
2020.09.24 11:36:17.283,1.16478,1.16481,12.41,9.23
2020.09.24 11:36:17.385,1.16478,1.1648,9.78,1.31
2020.09.24 11:36:17.739,1.16478,1.16481,9.41,0.19
2020.09.24 11:36:18.312,1.16477,1.16482,12.41,8.48
2020.09.24 11:36:19.342,1.16478,1.16479,9.41,0.10
2020.09.24 11:36:19.443,1.16476,1.1648,10.16,0.10
2020.09.24 11:36:19.545,1.16476,1.16478,9.41,0.75
2020.09.24 11:36:19.647,1.16474,1.16477,10.16,0.75
2020.09.24 11:36:19.748,1.16474,1.16478,10.16,6.42
2020.09.24 11:36:20.261,1.16474,1.16479,13.16,9.23
2020.09.24 11:36:20.363,1.16476,1.1648,0.75,7.54
2020.09.24 11:36:20.464,1.16477,1.16481,4.87,6.04
2020.09.24 11:36:20.566,1.16478,1.16481,14.28,8.18
2020.09.24 11:36:21.399,1.16477,1.16481,14.28,5.59
2020.09.24 11:36:21.651,1.16477,1.16482,14.28,8.18
2020.09.24 11:36:21.779,1.16477,1.16481,14.28,5.59
2020.09.24 11:36:21.881,1.16477,1.1648,9.41,1.57
2020.09.24 11:36:21.982,1.16475,1.1648,14.47,9.49
2020.09.24 11:36:22.084,1.16475,1.16479,5.06,5.59
2020.09.24 11:36:22.286,1.16475,1.1648,12.41,9.49
2020.09.24 11:36:22.604,1.16475,1.16479,3.00,2.25
2020.09.24 11:36:22.756,1.16476,1.16477,3.00,5.59
2020.09.24 11:36:22.858,1.16474,1.16478,11.28,6.34
2020.09.24 11:36:24.763,1.16476,1.16477,9.41,0.75
2020.09.24 11:36:24.864,1.16474,1.16478,13.53,0.75
2020.09.24 11:36:24.965,1.16475,1.16479,0.75,8.48
2020.09.24 11:36:25.371,1.16475,1.16478,0.75,5.59
2020.09.24 11:36:25.852,1.16476,1.16478,0.75,8.48
2020.09.24 11:36:26.182,1.16475,1.16478,0.75,5.59
2020.09.24 11:36:26.503,1.16475,1.16479,0.75,9.23
2020.09.24 11:36:27.290,1.16474,1.16479,14.28,9.23
2020.09.24 11:36:27.418,1.16474,1.16478,14.28,5.59
2020.09.24 11:36:27.519,1.16474,1.16479,14.28,9.68
2020.09.24 11:36:27.623,1.16475,1.16477,14.28,5.59
2020.09.24 11:36:29.486,1.16474,1.16479,14.28,9.68
2020.09.24 11:36:30.727,1.16474,1.16476,10.16,1.50
2020.09.24 11:36:30.829,1.16473,1.16475,10.23,0.94
2020.09.24 11:36:30.880,1.16472,1.16474,9.41,0.19
2020.09.24 11:36:30.981,1.16471,1.16475,9.41,8.97
2020.09.24 11:36:31.083,1.1647,1.16474,14.92,5.59
2020.09.24 11:36:31.185,1.16473,1.16475,9.67,0.75
2020.09.24 11:36:31.390,1.16472,1.16477,11.17,6.98
2020.09.24 11:36:31.491,1.16473,1.16478,10.35,12.68
2020.09.24 11:36:31.694,1.16475,1.16477,9.41,9.68
2020.09.24 11:36:31.813,1.16474,1.16476,10.35,5.59
2020.09.24 11:36:32.070,1.16473,1.16478,10.35,9.68
2020.09.24 11:36:32.625,1.16474,1.16478,9.41,2.44
2020.09.24 11:36:34.027,1.16475,1.16477,9.41,2.44
2020.09.24 11:36:34.136,1.16473,1.16478,12.67,2.44
2020.09.24 11:36:34.520,1.16476,1.16477,0.75,6.34
2020.09.24 11:36:34.621,1.16475,1.16479,16.16,5.78
2020.09.24 11:36:34.723,1.16476,1.16479,9.41,0.19
2020.09.24 11:36:36.060,1.16477,1.16478,9.41,2.44
2020.09.24 11:36:36.111,1.16474,1.16478,0.64,1.50
2020.09.24 11:36:36.264,1.16474,1.16477,14.85,8.03
2020.09.24 11:36:37.053,1.16473,1.16477,14.85,5.59
2020.09.24 11:36:37.178,1.16474,1.16478,9.41,2.44
2020.09.24 11:36:37.281,1.16473,1.16478,14.85,8.78
2020.09.24 11:36:38.747,1.16474,1.16478,9.41,2.44
2020.09.24 11:36:38.858,1.16473,1.16478,14.85,7.28
2020.09.24 11:36:39.078,1.16474,1.16478,9.41,7.28
2020.09.24 11:36:39.673,1.16473,1.16477,14.10,5.59
2020.09.24 11:36:40.135,1.16473,1.16478,11.10,8.85
2020.09.24 11:36:40.338,1.16475,1.16477,9.41,8.40
2020.09.24 11:36:40.447,1.16473,1.16478,11.10,8.03
2020.09.24 11:36:41.021,1.16474,1.16478,9.41,8.03
2020.09.24 11:36:41.072,1.16478,1.1648,0.75,3.45
2020.09.24 11:36:41.173,1.16479,1.16481,9.41,0.75
2020.09.24 11:36:41.276,1.16478,1.16481,10.16,0.75
2020.09.24 11:36:41.533,1.16479,1.16481,10.16,8.40
2020.09.24 11:36:43.350,1.16479,1.16482,9.41,8.40
2020.09.24 11:36:43.452,1.16477,1.16481,9.41,6.53
2020.09.24 11:36:43.555,1.16476,1.16481,10.16,6.53
2020.09.24 11:36:43.707,1.16477,1.16481,9.41,6.53
2020.09.24 11:36:44.444,1.16476,1.16481,10.23,6.53
2020.09.24 11:36:44.562,1.16477,1.16481,9.41,6.53
2020.09.24 11:36:44.791,1.16476,1.16481,9.48,9.60
2020.09.24 11:36:44.892,1.16476,1.1648,9.41,6.34
2020.09.24 11:36:45.233,1.16475,1.1648,17.92,6.34
2020.09.24 11:36:45.449,1.16476,1.1648,9.41,6.34
2020.09.24 11:36:46.178,1.16475,1.1648,17.17,7.09
2020.09.24 11:36:46.651,1.16476,1.1648,9.41,7.09
2020.09.24 11:36:47.395,1.16475,1.1648,17.17,7.09
2020.09.24 11:36:49.505,1.16476,1.1648,9.41,7.09
2020.09.24 11:36:50.245,1.16475,1.1648,16.50,7.09
2020.09.24 11:36:50.505,1.16476,1.1648,9.41,1.50
2020.09.24 11:36:51.874,1.16476,1.16479,9.41,4.50
2020.09.24 11:36:51.977,1.16473,1.16478,10.50,7.84
2020.09.24 11:36:52.079,1.16474,1.16478,9.41,7.84
2020.09.24 11:36:52.282,1.16473,1.16478,10.42,7.84
2020.09.24 11:36:52.772,1.16474,1.16477,9.41,5.59
2020.09.24 11:36:52.874,1.16473,1.16478,10.23,9.53
2020.09.24 11:36:54.730,1.16475,1.16477,9.41,9.53
2020.09.24 11:36:54.831,1.16473,1.16478,10.23,8.78
2020.09.24 11:36:54.932,1.16474,1.16478,9.41,8.78
2020.09.24 11:36:55.034,1.16473,1.16478,10.23,8.78
2020.09.24 11:36:55.135,1.16475,1.16477,9.41,8.78
2020.09.24 11:36:55.397,1.16473,1.16478,10.23,9.53
2020.09.24 11:36:55.802,1.16475,1.16478,9.41,9.53
2020.09.24 11:36:55.903,1.16475,1.16477,9.41,9.53
2020.09.24 11:36:57.054,1.16473,1.16476,10.16,0.19
2020.09.24 11:36:57.156,1.16471,1.16475,9.48,7.28
2020.09.24 11:36:57.258,1.16472,1.16475,9.41,0.94
2020.09.24 11:36:57.410,1.16473,1.16475,9.41,6.53
2020.09.24 11:36:57.614,1.16473,1.16476,9.41,0.94
2020.09.24 11:36:58.885,1.16474,1.16476,9.41,0.94
2020.09.24 11:36:59.020,1.16473,1.16476,10.16,0.94
2020.09.24 11:37:08.676,1.16471,1.16474,2.06,0.19
2020.09.24 11:37:08.778,1.16471,1.16472,9.41,0.75
2020.09.24 11:37:08.879,1.1647,1.16474,10.35,7.09
2020.09.24 11:37:09.081,1.16471,1.16474,9.41,0.75
2020.09.24 11:37:09.183,1.16471,1.16473,9.41,7.09
2020.09.24 11:37:09.436,1.16471,1.16474,9.41,0.75
2020.09.24 11:37:10.468,1.16472,1.16474,9.41,1.87
2020.09.24 11:37:10.611,1.16471,1.16474,9.41,0.75
2020.09.24 11:37:10.764,1.1647,1.16474,10.16,7.84
2020.09.24 11:37:13.892,1.16469,1.16473,9.41,10.09
2020.09.24 11:37:14.094,1.16468,1.16473,10.72,11.22
2020.09.24 11:37:14.347,1.16469,1.16471,12.97,5.59
2020.09.24 11:37:14.641,1.16468,1.16473,12.97,8.22
2020.09.24 11:37:14.860,1.16468,1.16472,12.97,5.59
2020.09.24 11:37:15.090,1.16469,1.16473,9.41,5.62
2020.09.24 11:37:15.369,1.16468,1.16473,9.60,11.22
2020.09.24 11:37:15.516,1.16468,1.16471,9.60,5.59
2020.09.24 11:37:15.618,1.16469,1.16472,9.60,11.22
2020.09.24 11:37:17.086,1.1647,1.16472,9.41,8.22
2020.09.24 11:37:17.339,1.16471,1.16473,0.19,5.59
2020.09.24 11:37:17.440,1.16472,1.16474,9.41,1.50
2020.09.24 11:37:17.491,1.16469,1.16473,9.78,7.09
2020.09.24 11:37:17.745,1.1647,1.16473,0.75,6.34
2020.09.24 11:37:17.846,1.1647,1.16474,10.16,11.97
2020.09.24 11:37:18.274,1.16469,1.16473,9.41,2.62
2020.09.24 11:37:18.376,1.16468,1.16472,9.97,6.34
2020.09.24 11:37:18.579,1.16468,1.16471,9.97,5.59
2020.09.24 11:37:18.681,1.16468,1.16472,9.97,0.75
2020.09.24 11:37:22.321,1.1647,1.16471,1.50,5.59
2020.09.24 11:37:22.423,1.1647,1.16472,9.41,10.84
2020.09.24 11:37:23.444,1.16471,1.16472,9.41,0.75
2020.09.24 11:37:23.953,1.1647,1.16474,9.41,9.53
2020.09.24 11:37:24.137,1.16469,1.16474,15.11,9.53
2020.09.24 11:37:24.728,1.16471,1.16474,9.41,1.69
2020.09.24 11:37:26.037,1.16471,1.16472,10.16,0.75
2020.09.24 11:37:26.088,1.16469,1.16472,12.41,0.75
2020.09.24 11:37:26.290,1.1647,1.16472,9.41,8.40
2020.09.24 11:37:26.525,1.16468,1.16473,10.42,8.40
2020.09.24 11:37:27.450,1.16469,1.16473,9.41,2.81
2020.09.24 11:37:27.762,1.16469,1.16472,9.41,0.75
2020.09.24 11:37:27.863,1.16468,1.16472,10.42,0.75
2020.09.24 11:37:27.965,1.16468,1.16471,0.75,0.75
2020.09.24 11:37:29.559,1.16466,1.16468,9.78,0.75
2020.09.24 11:37:29.712,1.16465,1.16468,0.75,7.09
2020.09.24 11:37:31.452,1.16466,1.16468,12.67,0.75
2020.09.24 11:37:31.554,1.16467,1.16468,9.41,0.75
2020.09.24 11:37:34.080,1.16467,1.16469,9.41,0.75
2020.09.24 11:37:34.190,1.16467,1.16469,10.80,0.75
2020.09.24 11:37:35.562,1.16468,1.16469,0.75,6.34
2020.09.24 11:37:37.564,1.16467,1.16471,13.16,0.56
2020.09.24 11:37:39.057,1.16467,1.1647,14.55,0.75
2020.09.24 11:37:39.108,1.1647,1.16472,0.82,1.12
2020.09.24 11:37:39.210,1.16472,1.16473,1.87,6.34
2020.09.24 11:37:39.312,1.16471,1.16474,11.47,0.75
2020.09.24 11:37:39.414,1.16471,1.16472,10.16,0.75
2020.09.24 11:37:39.516,1.1647,1.16473,0.75,0.94
2020.09.24 11:37:39.870,1.16473,1.16475,0.75,0.45
2020.09.24 11:37:41.585,1.16473,1.16476,9.41,4.31
2020.09.24 11:37:41.687,1.16472,1.16474,9.41,0.37
2020.09.24 11:37:41.738,1.1647,1.16473,11.10,0.75
2020.09.24 11:37:42.771,1.16471,1.16474,2.51,6.34
2020.09.24 11:37:42.873,1.16472,1.16474,9.41,0.75
2020.09.24 11:37:43.231,1.16473,1.16474,9.41,0.75
2020.09.24 11:37:43.438,1.16471,1.16475,17.25,0.75
2020.09.24 11:37:43.540,1.16473,1.16475,9.41,0.75
2020.09.24 11:37:51.759,1.16472,1.16474,10.16,0.75
2020.09.24 11:37:53.043,1.16471,1.16474,13.91,0.75
2020.09.24 11:37:53.907,1.16473,1.16474,9.41,7.47
2020.09.24 11:37:54.435,1.16471,1.16474,13.91,0.75
2020.09.24 11:37:56.889,1.16471,1.16473,9.41,0.75
2020.09.24 11:37:56.991,1.1647,1.16473,10.91,0.75
2020.09.24 11:37:57.092,1.16471,1.16473,9.41,0.75
2020.09.24 11:37:58.137,1.16471,1.16472,3.75,0.75
2020.09.24 11:37:58.289,1.16471,1.16473,9.41,0.75
2020.09.24 11:37:58.441,1.1647,1.16473,1.50,6.34
2020.09.24 11:37:59.275,1.1647,1.16472,0.75,0.75
2020.09.24 11:38:00.317,1.16469,1.16471,10.16,0.75
2020.09.24 11:38:00.470,1.16468,1.16471,10.16,1.50
2020.09.24 11:38:03.117,1.16469,1.16471,9.41,1.50
2020.09.24 11:38:03.237,1.16468,1.16471,10.16,1.50
2020.09.24 11:38:06.207,1.16469,1.16471,9.41,0.75
2020.09.24 11:38:06.443,1.16469,1.1647,10.16,0.75
2020.09.24 11:38:08.524,1.16469,1.16471,13.98,6.34
2020.09.24 11:38:09.864,1.16469,1.1647,3.75,5.59
2020.09.24 11:38:10.500,1.16468,1.16472,0.75,10.17
2020.09.24 11:38:15.170,1.16468,1.1647,0.75,0.94
2020.09.24 11:38:19.511,1.16469,1.1647,0.75,6.34
2020.09.24 11:38:34.351,1.1647,1.16472,1.50,0.37
2020.09.24 11:38:34.453,1.16471,1.16472,0.75,5.59
2020.09.24 11:38:34.554,1.1647,1.16474,10.16,1.87
2020.09.24 11:38:34.825,1.16471,1.16474,9.41,1.87
2020.09.24 11:38:36.523,1.16471,1.16472,1.50,6.34
2020.09.24 11:38:36.776,1.16468,1.16471,0.75,0.75
2020.09.24 11:38:39.510,1.16468,1.1647,0.75,3.75
2020.09.24 11:38:40.111,1.16466,1.16468,9.41,4.50
2020.09.24 11:38:40.213,1.16466,1.16467,10.16,3.75
2020.09.24 11:38:41.126,1.16466,1.16468,10.16,5.62
2020.09.24 11:38:41.228,1.16466,1.16467,10.16,3.75
2020.09.24 11:38:41.956,1.16466,1.16468,9.41,3.75
2020.09.24 11:38:42.651,1.16465,1.16468,10.91,3.75
2020.09.24 11:38:43.064,1.16466,1.16468,9.41,3.75
2020.09.24 11:38:43.885,1.16464,1.16467,1.50,4.87
2020.09.24 11:38:43.936,1.16464,1.16465,0.75,1.50
2020.09.24 11:38:44.037,1.16464,1.16465,10.23,0.75
2020.09.24 11:38:46.493,1.16464,1.16466,10.16,1.87
2020.09.24 11:38:46.754,1.16464,1.16465,0.75,0.75
2020.09.24 11:38:47.853,1.16464,1.16466,9.41,0.75
2020.09.24 11:38:47.955,1.16465,1.16467,0.75,0.75
2020.09.24 11:38:48.005,1.16465,1.16469,10.16,2.44
2020.09.24 11:38:48.107,1.16465,1.16468,0.75,7.09
2020.09.24 11:38:48.208,1.16463,1.16467,11.17,0.75
2020.09.24 11:38:48.310,1.16464,1.16467,3.00,0.75
2020.09.24 11:38:49.559,1.16464,1.16466,10.42,0.75
2020.09.24 11:38:50.513,1.16462,1.16467,10.42,6.34
2020.09.24 11:38:50.948,1.16463,1.16467,0.75,6.34
2020.09.24 11:38:52.853,1.16463,1.16466,9.78,0.75
2020.09.24 11:38:58.133,1.16462,1.16464,9.78,0.75
2020.09.24 11:38:58.235,1.16463,1.16464,9.41,8.40
2020.09.24 11:38:58.336,1.16461,1.16465,12.41,8.40
2020.09.24 11:38:58.890,1.16462,1.16465,9.41,2.62
2020.09.24 11:38:58.992,1.16462,1.16464,3.56,2.62
2020.09.24 11:38:59.843,1.16466,1.16468,0.10,0.94
2020.09.24 11:38:59.894,1.16468,1.1647,0.37,0.94
2020.09.24 11:38:59.995,1.16468,1.16471,0.37,7.84
2020.09.24 11:39:00.148,1.16468,1.16472,0.37,7.32
2020.09.24 11:39:03.033,1.16467,1.16472,10.42,1.12
2020.09.24 11:39:03.134,1.16468,1.16472,9.41,6.72
2020.09.24 11:39:03.236,1.16467,1.16472,10.42,6.72
2020.09.24 11:39:06.163,1.16468,1.1647,10.42,5.59
2020.09.24 11:39:06.278,1.16467,1.16472,1.01,6.72
2020.09.24 11:39:08.057,1.1647,1.16471,0.10,6.34
2020.09.24 11:39:08.158,1.16468,1.16472,10.23,0.75
2020.09.24 11:39:08.759,1.16467,1.16472,10.42,7.54
2020.09.24 11:39:09.282,1.16468,1.16471,9.41,5.59
2020.09.24 11:39:09.394,1.16468,1.1647,1.01,5.59
2020.09.24 11:39:09.620,1.16467,1.16472,10.42,7.54
2020.09.24 11:39:12.356,1.16468,1.1647,10.42,5.59
2020.09.24 11:39:12.434,1.16468,1.16471,1.01,7.47
2020.09.24 11:39:14.181,1.16467,1.16471,1.01,5.59
2020.09.24 11:39:14.535,1.16468,1.16471,1.01,7.47
2020.09.24 11:39:15.423,1.16467,1.16471,10.42,5.59
2020.09.24 11:39:15.533,1.16467,1.16472,1.01,7.47
2020.09.24 11:39:18.600,1.16468,1.1647,10.98,5.59
2020.09.24 11:39:18.705,1.16467,1.16472,1.57,6.90
2020.09.24 11:39:19.992,1.16467,1.16468,9.41,3.90
2020.09.24 11:39:20.044,1.16465,1.16467,9.78,0.75
2020.09.24 11:39:20.095,1.16463,1.16464,7.50,1.69
2020.09.24 11:39:20.197,1.16462,1.16464,9.41,2.62
2020.09.24 11:39:20.248,1.16459,1.16462,9.41,6.34
2020.09.24 11:39:20.349,1.16458,1.16462,9.41,0.75
2020.09.24 11:39:20.552,1.16459,1.16463,10.16,1.12
2020.09.24 11:39:20.805,1.16461,1.16463,9.41,2.62
2020.09.24 11:39:22.988,1.1646,1.16463,9.41,1.50
2020.09.24 11:39:23.039,1.16458,1.16463,10.98,10.09
2020.09.24 11:39:23.141,1.1646,1.16463,0.75,6.34
2020.09.24 11:39:23.244,1.16462,1.16464,1.57,5.59
2020.09.24 11:39:23.295,1.16463,1.16465,10.98,4.50
2020.09.24 11:39:23.591,1.16463,1.16466,9.41,1.50
2020.09.24 11:39:23.708,1.16463,1.16465,10.98,1.50
2020.09.24 11:39:23.917,1.16463,1.16466,9.41,1.50
2020.09.24 11:39:24.246,1.16462,1.16466,10.98,1.50
2020.09.24 11:39:24.797,1.16464,1.16465,9.41,7.09
2020.09.24 11:39:24.905,1.16463,1.16465,10.98,1.50
2020.09.24 11:39:26.307,1.16463,1.16466,9.41,1.50
2020.09.24 11:39:26.616,1.16462,1.16466,10.98,1.50
2020.09.24 11:39:26.896,1.1646,1.16464,5.77,3.00
2020.09.24 11:39:26.947,1.16458,1.1646,7.87,1.57
2020.09.24 11:39:27.050,1.16457,1.16458,9.41,2.81
2020.09.24 11:39:27.101,1.16455,1.16456,11.17,5.59
2020.09.24 11:39:27.203,1.16454,1.16458,10.42,6.72
2020.09.24 11:39:27.357,1.16454,1.16456,0.75,0.75
2020.09.24 11:39:27.662,1.16453,1.16456,9.41,0.75
2020.09.24 11:39:27.764,1.16452,1.16456,10.98,0.75
2020.09.24 11:39:27.866,1.16453,1.16456,9.41,6.34
2020.09.24 11:39:27.967,1.16452,1.16456,11.73,0.75
2020.09.24 11:39:31.469,1.16454,1.16457,3.45,10.54
2020.09.24 11:39:31.571,1.16455,1.16459,10.91,9.87
2020.09.24 11:39:31.672,1.16456,1.16459,0.37,5.59
2020.09.24 11:39:32.027,1.16457,1.1646,9.41,11.29
2020.09.24 11:39:32.129,1.16457,1.16459,9.78,11.29
2020.09.24 11:39:32.690,1.16456,1.16459,0.45,5.59
2020.09.24 11:39:32.887,1.16458,1.16459,9.41,2.70
2020.09.24 11:39:33.351,1.16456,1.1646,9.86,2.70
2020.09.24 11:39:33.820,1.16457,1.1646,9.41,2.62
2020.09.24 11:39:34.160,1.16456,1.1646,9.86,2.62
2020.09.24 11:39:34.511,1.16457,1.1646,9.41,2.62
2020.09.24 11:39:35.562,1.16456,1.1646,9.86,10.47
2020.09.24 11:39:37.189,1.16457,1.1646,9.41,10.47
2020.09.24 11:39:37.294,1.16457,1.16459,9.86,4.87
2020.09.24 11:39:38.084,1.16457,1.16458,9.48,0.75
2020.09.24 11:39:38.187,1.16455,1.16456,9.78,2.25
2020.09.24 11:39:38.289,1.16454,1.16456,9.41,8.40
2020.09.24 11:39:38.441,1.16454,1.16457,9.41,8.40
2020.09.24 11:39:38.583,1.16454,1.16456,9.41,8.40
2020.09.24 11:39:38.949,1.16452,1.16457,13.80,7.73
2020.09.24 11:39:39.289,1.16454,1.16456,9.41,7.73
2020.09.24 11:39:39.492,1.16452,1.16457,14.55,7.73
2020.09.24 11:39:39.806,1.16453,1.16457,9.41,7.65
2020.09.24 11:39:39.907,1.16456,1.16458,0.37,0.10
2020.09.24 11:39:40.009,1.16456,1.16459,9.41,1.50
2020.09.24 11:39:40.424,1.16455,1.16459,15.67,1.50
2020.09.24 11:39:40.576,1.16456,1.16459,9.41,1.50
2020.09.24 11:39:40.881,1.16456,1.16458,14.92,1.50
2020.09.24 11:39:40.982,1.16456,1.16459,9.41,1.50
2020.09.24 11:39:41.092,1.16455,1.16459,14.92,1.50
2020.09.24 11:39:42.461,1.16457,1.16458,0.37,0.75
2020.09.24 11:39:43.822,1.16455,1.16459,14.17,0.75
2020.09.24 11:39:43.923,1.16456,1.16459,0.37,0.75
2020.09.24 11:39:47.879,1.16457,1.16459,11.28,7.09
2020.09.24 11:39:48.001,1.16458,1.16459,9.41,7.09
2020.09.24 11:39:49.674,1.16457,1.16459,11.28,7.09
2020.09.24 11:39:50.901,1.16457,1.1646,9.41,7.09
2020.09.24 11:39:51.074,1.16457,1.16459,11.28,7.09
2020.09.24 11:39:52.636,1.16457,1.16458,11.28,5.59
2020.09.24 11:39:52.785,1.16456,1.1646,11.28,7.09
2020.09.24 11:39:54.203,1.16456,1.16458,10.16,0.82
2020.09.24 11:39:54.305,1.16455,1.16457,9.41,7.24
2020.09.24 11:39:54.407,1.16454,1.16456,10.16,1.65
2020.09.24 11:39:54.762,1.16453,1.16456,9.41,1.01
2020.09.24 11:39:54.881,1.16452,1.16455,9.41,0.90
2020.09.24 11:39:54.983,1.16451,1.16455,9.41,6.49
2020.09.24 11:39:55.085,1.16451,1.16454,14.55,7.99
2020.09.24 11:39:55.194,1.1645,1.16454,14.55,5.59
2020.09.24 11:39:55.447,1.1645,1.16455,14.55,7.24
2020.09.24 11:39:55.548,1.16451,1.16455,9.41,7.24
2020.09.24 11:39:55.656,1.1645,1.16455,14.55,1.65
2020.09.24 11:39:55.757,1.16452,1.16454,1.50,0.90
2020.09.24 11:39:56.288,1.16452,1.16455,10.23,5.67
2020.09.24 11:39:56.390,1.16453,1.16457,10.16,6.42
2020.09.24 11:39:56.492,1.16454,1.16458,9.41,2.59
2020.09.24 11:39:56.811,1.16454,1.16457,10.42,2.32
2020.09.24 11:39:56.974,1.16455,1.16457,0.75,2.32
2020.09.24 11:39:57.025,1.16457,1.16458,9.41,9.42
2020.09.24 11:39:57.178,1.16456,1.16458,9.41,0.10
2020.09.24 11:39:57.279,1.16454,1.16458,13.53,0.10
2020.09.24 11:39:57.380,1.16455,1.16458,9.41,0.10
2020.09.24 11:39:57.583,1.16454,1.16458,13.53,0.10
2020.09.24 11:39:57.685,1.16457,1.16458,0.75,6.87
2020.09.24 11:39:58.146,1.16457,1.16459,10.91,7.17
2020.09.24 11:39:58.351,1.16457,1.1646,9.41,7.09
2020.09.24 11:39:58.561,1.16456,1.1646,10.91,7.09
2020.09.24 11:39:58.894,1.16456,1.16459,10.91,5.59
2020.09.24 11:39:58.997,1.16456,1.1646,10.91,8.67
2020.09.24 11:39:59.484,1.16457,1.1646,9.41,8.59
2020.09.24 11:40:00.094,1.16456,1.1646,10.91,7.09
2020.09.24 11:40:00.502,1.16457,1.1646,9.41,1.57
2020.09.24 11:40:02.324,1.16456,1.1646,11.28,7.09
2020.09.24 11:40:03.114,1.16458,1.16459,9.41,7.84
2020.09.24 11:40:03.238,1.16456,1.1646,10.53,7.84
2020.09.24 11:40:04.204,1.16456,1.16459,9.41,2.25
2020.09.24 11:40:04.306,1.16455,1.16459,10.91,7.17
2020.09.24 11:40:04.408,1.16455,1.16456,9.41,6.34
2020.09.24 11:40:04.612,1.16453,1.16457,13.16,2.25
2020.09.24 11:40:06.201,1.16454,1.16457,9.41,1.57
2020.09.24 11:40:06.302,1.16453,1.16457,10.35,1.57
2020.09.24 11:40:07.391,1.16452,1.16456,13.16,1.50
2020.09.24 11:40:08.168,1.16453,1.16456,9.41,0.75
2020.09.24 11:40:09.399,1.16453,1.16455,13.42,0.75
2020.09.24 11:40:09.811,1.16453,1.16455,9.41,2.32
2020.09.24 11:40:09.913,1.16452,1.16454,10.16,7.92
2020.09.24 11:40:10.219,1.1645,1.16454,10.16,1.01
2020.09.24 11:40:10.321,1.16449,1.16454,14.55,7.80
2020.09.24 11:40:10.423,1.1645,1.16454,0.19,11.37
2020.09.24 11:40:10.577,1.16451,1.16452,0.75,5.59
2020.09.24 11:40:10.729,1.16449,1.16453,11.17,7.09
2020.09.24 11:40:10.830,1.16447,1.16449,0.75,5.70
2020.09.24 11:40:10.932,1.16446,1.16447,16.91,0.82
2020.09.24 11:40:11.033,1.16444,1.16447,9.41,1.57
2020.09.24 11:40:11.135,1.16444,1.16446,10.91,1.57
2020.09.24 11:40:12.408,1.16444,1.16447,9.41,1.57
2020.09.24 11:40:12.524,1.16443,1.16447,9.41,1.57
2020.09.24 11:40:12.637,1.16444,1.16447,9.41,1.57
2020.09.24 11:40:12.740,1.16443,1.16447,9.41,1.57
2020.09.24 11:40:13.832,1.16445,1.16446,9.41,0.82
2020.09.24 11:40:13.933,1.16443,1.16446,9.41,0.75
2020.09.24 11:40:14.035,1.16443,1.16445,13.42,0.75
2020.09.24 11:40:15.441,1.16443,1.16446,9.41,0.75
2020.09.24 11:40:15.547,1.16442,1.16446,4.76,0.75
2020.09.24 11:40:15.648,1.16443,1.16447,9.41,8.93
2020.09.24 11:40:15.902,1.16442,1.16447,14.17,8.93
2020.09.24 11:40:16.003,1.16442,1.16446,13.35,6.42
2020.09.24 11:40:16.951,1.16443,1.16446,0.75,0.82
2020.09.24 11:40:18.171,1.16442,1.16444,9.78,1.57
2020.09.24 11:40:18.273,1.16442,1.16443,9.41,1.50
2020.09.24 11:40:18.374,1.16441,1.16443,11.28,1.50
2020.09.24 11:40:18.936,1.16441,1.16442,10.16,0.75
2020.09.24 11:40:19.037,1.1644,1.16442,9.41,1.50
2020.09.24 11:40:19.088,1.16438,1.16442,13.23,1.57
2020.09.24 11:40:19.241,1.16438,1.1644,9.41,0.75
2020.09.24 11:40:19.342,1.16435,1.16439,4.50,1.57
2020.09.24 11:40:19.444,1.16435,1.16438,9.41,7.09
2020.09.24 11:40:19.545,1.16434,1.16438,13.53,2.51
2020.09.24 11:40:19.647,1.16435,1.16439,1.50,1.57
2020.09.24 11:40:19.850,1.16434,1.16438,10.53,0.75
2020.09.24 11:40:20.212,1.16433,1.16438,13.16,9.30
2020.09.24 11:40:20.314,1.16433,1.16437,10.16,0.75
2020.09.24 11:40:20.415,1.16435,1.16437,9.41,3.34
2020.09.24 11:40:20.794,1.16435,1.16438,0.75,8.18
2020.09.24 11:40:21.126,1.16435,1.16436,0.75,0.75
2020.09.24 11:40:21.278,1.16434,1.16438,0.75,8.10
2020.09.24 11:40:21.379,1.16436,1.16437,0.75,7.84
2020.09.24 11:40:21.481,1.16436,1.16438,1.12,5.59
2020.09.24 11:40:21.582,1.16436,1.16439,9.78,0.10
2020.09.24 11:40:21.734,1.16437,1.16439,9.41,0.10
2020.09.24 11:40:21.836,1.16436,1.16439,9.78,0.10
2020.09.24 11:40:22.482,1.16436,1.1644,0.37,8.18
2020.09.24 11:40:22.736,1.16438,1.1644,0.75,5.59
2020.09.24 11:40:22.787,1.16443,1.16445,0.37,9.45
2020.09.24 11:40:22.990,1.16443,1.16447,1.12,8.03
2020.09.24 11:40:23.243,1.16444,1.16447,9.41,1.50
2020.09.24 11:40:23.369,1.16443,1.16447,11.36,1.50
2020.09.24 11:40:23.648,1.16444,1.16447,9.41,1.50
2020.09.24 11:40:24.193,1.16443,1.16447,11.36,1.50
2020.09.24 11:40:25.326,1.16446,1.16448,0.94,5.59
2020.09.24 11:40:25.428,1.16447,1.1645,10.16,0.75
2020.09.24 11:40:27.476,1.1645,1.16452,0.19,6.42
2020.09.24 11:40:27.578,1.16451,1.16453,0.37,6.34
2020.09.24 11:40:28.641,1.1645,1.16452,9.41,2.32
2020.09.24 11:40:28.895,1.16449,1.16452,10.80,7.92
2020.09.24 11:40:29.113,1.16449,1.16453,9.41,7.17
2020.09.24 11:40:29.545,1.16449,1.16452,9.41,0.75
2020.09.24 11:40:29.647,1.16448,1.1645,9.41,0.19
2020.09.24 11:40:29.749,1.16447,1.1645,9.41,5.85
2020.09.24 11:40:30.603,1.16446,1.1645,13.98,0.19
2020.09.24 11:40:30.997,1.16448,1.16449,9.41,0.19
2020.09.24 11:40:31.119,1.16446,1.1645,10.98,0.19
2020.09.24 11:40:31.902,1.16447,1.16451,0.10,10.47
2020.09.24 11:40:32.004,1.16448,1.16452,10.53,11.10
2020.09.24 11:40:32.106,1.1645,1.16452,0.75,8.85
2020.09.24 11:40:32.585,1.1645,1.16451,0.75,0.75
2020.09.24 11:40:32.687,1.16449,1.1645,3.00,3.15
2020.09.24 11:40:32.789,1.16447,1.16449,10.53,6.53
2020.09.24 11:40:32.890,1.16446,1.16449,9.41,0.94
2020.09.24 11:40:32.991,1.16444,1.16449,12.03,7.43
2020.09.24 11:40:33.093,1.16444,1.16448,10.16,2.25
2020.09.24 11:40:34.115,1.16445,1.16448,9.41,7.84
2020.09.24 11:40:34.241,1.16444,1.16448,0.75,2.25
2020.09.24 11:40:34.343,1.16444,1.16447,10.16,0.75
2020.09.24 11:40:34.450,1.16445,1.16447,0.75,2.44
2020.09.24 11:40:34.678,1.16444,1.16447,0.75,0.75
2020.09.24 11:40:34.832,1.16444,1.16448,0.75,8.03
2020.09.24 11:40:35.337,1.16446,1.16448,0.10,5.59
2020.09.24 11:40:35.439,1.16446,1.16449,10.53,1.69
2020.09.24 11:40:35.754,1.16446,1.1645,0.82,7.09
2020.09.24 11:40:36.008,1.16447,1.16451,0.82,6.34
2020.09.24 11:40:36.110,1.16449,1.16451,0.10,6.34
2020.09.24 11:40:37.187,1.1645,1.16451,9.41,0.75
2020.09.24 11:40:37.289,1.16448,1.16452,0.10,0.75
2020.09.24 11:40:37.542,1.16448,1.16451,10.98,2.51
2020.09.24 11:40:37.643,1.16447,1.16451,10.91,0.75
2020.09.24 11:40:38.166,1.16447,1.1645,0.82,5.59
2020.09.24 11:40:38.415,1.16447,1.16451,0.82,6.34
2020.09.24 11:40:38.668,1.16447,1.1645,0.82,5.59
2020.09.24 11:40:38.770,1.16447,1.16451,0.82,6.34
2020.09.24 11:40:39.076,1.16448,1.16449,0.82,5.59
2020.09.24 11:40:39.227,1.16447,1.16451,0.82,6.34
2020.09.24 11:40:39.631,1.16447,1.1645,0.82,5.59
2020.09.24 11:40:39.870,1.16447,1.16451,0.82,6.34
2020.09.24 11:40:40.062,1.16446,1.16448,10.53,1.50
2020.09.24 11:40:40.112,1.16444,1.16448,3.37,7.84
2020.09.24 11:40:40.164,1.16444,1.16445,9.78,0.75
2020.09.24 11:40:40.265,1.16443,1.16445,17.73,6.34
2020.09.24 11:40:41.304,1.16442,1.16445,0.19,1.50
2020.09.24 11:40:41.405,1.16442,1.16444,0.19,5.59
2020.09.24 11:40:42.645,1.16441,1.16442,10.35,0.82
2020.09.24 11:40:42.746,1.1644,1.16441,0.19,6.34
2020.09.24 11:40:46.456,1.1644,1.16442,9.60,10.24
2020.09.24 11:40:46.591,1.1644,1.16441,0.19,0.75
2020.09.24 11:40:48.847,1.16439,1.1644,0.19,2.25
2020.09.24 11:40:48.899,1.16437,1.16439,10.35,3.45
2020.09.24 11:40:49.001,1.16435,1.16438,9.41,7.17
2020.09.24 11:40:49.103,1.16432,1.16434,7.50,2.35
2020.09.24 11:40:49.205,1.1643,1.16433,0.19,0.75
2020.09.24 11:40:49.520,1.1643,1.16432,0.19,5.59
2020.09.24 11:40:49.673,1.1643,1.16433,9.60,0.75
2020.09.24 11:40:49.776,1.1643,1.16435,12.67,12.60
2020.09.24 11:40:49.877,1.16432,1.16435,11.92,12.60
2020.09.24 11:40:50.081,1.16433,1.16436,9.41,4.50
2020.09.24 11:40:50.182,1.16432,1.16436,9.60,3.75
2020.09.24 11:40:50.284,1.16433,1.16436,9.41,0.75
2020.09.24 11:40:51.103,1.16433,1.16437,9.41,11.78
2020.09.24 11:40:51.270,1.16433,1.16436,10.80,11.85
2020.09.24 11:40:51.422,1.16433,1.16437,9.41,11.10
2020.09.24 11:40:51.928,1.16433,1.16436,11.17,5.51
2020.09.24 11:40:52.692,1.16434,1.16437,9.41,5.51
2020.09.24 11:40:52.795,1.16433,1.16437,9.41,5.51
2020.09.24 11:40:52.970,1.16432,1.16437,13.05,5.51
2020.09.24 11:40:53.072,1.16433,1.16437,9.41,5.51
2020.09.24 11:40:53.265,1.16432,1.16437,13.05,5.51
2020.09.24 11:40:54.075,1.16433,1.16437,9.41,8.10
2020.09.24 11:40:55.676,1.16433,1.16436,9.48,5.59
2020.09.24 11:40:55.777,1.16435,1.16436,9.41,6.53
2020.09.24 11:40:55.884,1.16433,1.16437,9.48,6.53
2020.09.24 11:40:58.857,1.16435,1.16437,9.41,0.94
2020.09.24 11:40:58.936,1.16433,1.16437,9.48,6.53
2020.09.24 11:41:00.831,1.16435,1.16437,0.75,5.59
2020.09.24 11:41:00.933,1.16441,1.16443,1.22,6.26
2020.09.24 11:41:00.984,1.16439,1.16442,5.25,7.50
2020.09.24 11:41:01.085,1.16438,1.16443,10.80,8.03
2020.09.24 11:41:01.440,1.16438,1.16442,10.35,6.34
2020.09.24 11:41:02.116,1.16438,1.16443,10.35,8.55
2020.09.24 11:41:02.489,1.16438,1.16442,10.35,5.59
2020.09.24 11:41:03.043,1.1644,1.16441,0.75,6.34
2020.09.24 11:41:03.145,1.1644,1.16443,11.47,0.45
2020.09.24 11:41:03.246,1.1644,1.16444,11.47,5.59
2020.09.24 11:41:03.367,1.16442,1.16444,9.41,8.55
2020.09.24 11:41:03.485,1.16441,1.16444,9.41,5.59
2020.09.24 11:41:03.730,1.1644,1.16445,11.47,8.55
2020.09.24 11:41:03.906,1.16441,1.16445,9.41,2.96
2020.09.24 11:41:04.244,1.1644,1.16445,11.47,2.96
2020.09.24 11:41:05.220,1.16439,1.16443,13.91,0.19
2020.09.24 11:41:05.322,1.16439,1.16441,11.10,5.59
2020.09.24 11:41:06.189,1.16438,1.16441,10.72,5.59
2020.09.24 11:41:06.327,1.16438,1.16443,10.72,12.30
2020.09.24 11:41:06.995,1.16439,1.16443,0.75,7.28
2020.09.24 11:41:07.096,1.16439,1.16444,11.55,8.03
2020.09.24 11:41:07.198,1.1644,1.16443,9.41,0.19
2020.09.24 11:41:07.299,1.1644,1.16442,10.16,6.53
2020.09.24 11:41:07.401,1.16438,1.16443,11.17,8.10
2020.09.24 11:41:07.752,1.16438,1.16442,11.17,5.59
2020.09.24 11:41:07.954,1.16438,1.16443,11.17,8.10
2020.09.24 11:41:08.055,1.16438,1.16442,11.17,5.59
2020.09.24 11:41:08.273,1.16438,1.16443,11.17,8.10
2020.09.24 11:41:08.626,1.16439,1.16443,9.41,8.10
2020.09.24 11:41:08.728,1.16438,1.16442,11.55,5.59
2020.09.24 11:41:08.830,1.16439,1.16442,11.55,8.10
2020.09.24 11:41:09.037,1.16438,1.16442,11.55,5.59
2020.09.24 11:41:09.272,1.16438,1.16441,11.55,5.59
2020.09.24 11:41:09.410,1.16438,1.16443,11.55,8.10
2020.09.24 11:41:09.588,1.16439,1.16443,9.41,2.51
2020.09.24 11:41:10.169,1.16438,1.16443,11.17,8.10
2020.09.24 11:41:12.327,1.1644,1.16441,9.41,5.59
2020.09.24 11:41:12.478,1.16438,1.16443,11.17,8.10
2020.09.24 11:41:13.002,1.16439,1.16441,11.17,5.59
2020.09.24 11:41:14.047,1.16438,1.16443,11.17,11.48
2020.09.24 11:41:14.950,1.16438,1.16442,11.10,5.59
2020.09.24 11:41:15.481,1.16439,1.16442,9.41,5.59
2020.09.24 11:41:15.632,1.16438,1.16442,11.10,5.59
2020.09.24 11:41:18.101,1.16438,1.1644,10.16,1.69
2020.09.24 11:41:18.203,1.16435,1.16439,11.10,6.42
2020.09.24 11:41:18.305,1.16438,1.16439,9.41,5.59
2020.09.24 11:41:18.507,1.16438,1.1644,9.41,2.96
2020.09.24 11:41:18.609,1.16436,1.1644,5.62,5.59
2020.09.24 11:41:18.710,1.16437,1.16441,9.41,8.55
2020.09.24 11:41:19.657,1.16437,1.1644,9.41,5.59
2020.09.24 11:41:19.899,1.16437,1.16441,9.41,8.55
2020.09.24 11:41:20.841,1.16437,1.1644,9.41,5.59
2020.09.24 11:41:20.962,1.16437,1.16441,9.41,8.55
2020.09.24 11:41:21.531,1.16437,1.1644,9.41,5.59
2020.09.24 11:41:21.651,1.16436,1.16439,5.62,5.59
2020.09.24 11:41:21.752,1.16437,1.1644,9.41,5.59
2020.09.24 11:41:22.341,1.16437,1.16441,10.16,6.42
2020.09.24 11:41:22.950,1.16437,1.1644,16.42,6.42
2020.09.24 11:41:23.745,1.16438,1.1644,9.41,0.82
2020.09.24 11:41:24.797,1.16437,1.1644,9.41,5.59
2020.09.24 11:41:24.939,1.16438,1.1644,9.41,0.75
2020.09.24 11:41:27.920,1.16437,1.1644,0.75,5.59
2020.09.24 11:41:28.170,1.16438,1.1644,10.16,6.34
2020.09.24 11:41:28.401,1.16437,1.1644,16.16,9.68
2020.09.24 11:41:28.503,1.16435,1.16438,9.41,1.57
2020.09.24 11:41:28.604,1.16437,1.16438,0.75,5.59
2020.09.24 11:41:28.706,1.16437,1.16439,10.16,10.24
2020.09.24 11:41:28.817,1.16437,1.16438,10.16,5.59
2020.09.24 11:41:28.918,1.16436,1.1644,10.16,10.24
2020.09.24 11:41:29.273,1.16437,1.16438,0.75,5.59
2020.09.24 11:41:29.560,1.16436,1.1644,0.75,7.24
2020.09.24 11:41:29.909,1.16436,1.16439,0.75,5.59
2020.09.24 11:41:31.939,1.16436,1.1644,0.75,2.02
2020.09.24 11:41:33.555,1.16436,1.16438,0.75,5.59
2020.09.24 11:41:34.106,1.16436,1.16439,0.75,5.59
2020.09.24 11:41:34.879,1.16437,1.16439,11.92,6.34
2020.09.24 11:41:35.175,1.16438,1.16439,0.75,6.34
2020.09.24 11:41:37.206,1.16437,1.16439,2.89,6.34
2020.09.24 11:41:37.815,1.16436,1.16439,2.14,5.59
2020.09.24 11:41:38.050,1.16437,1.16439,2.89,5.59
2020.09.24 11:41:38.489,1.16437,1.16441,0.75,11.82
2020.09.24 11:41:38.590,1.16438,1.16439,0.75,5.59
2020.09.24 11:41:38.790,1.16437,1.16441,0.75,6.22
2020.09.24 11:41:39.653,1.16437,1.16439,12.30,5.59
2020.09.24 11:41:40.842,1.16438,1.16439,0.75,5.59
2020.09.24 11:41:41.440,1.16438,1.1644,0.75,11.82
2020.09.24 11:41:41.777,1.16437,1.16439,0.75,5.59
2020.09.24 11:41:42.821,1.16437,1.16441,0.82,11.37
2020.09.24 11:41:43.380,1.16437,1.1644,0.82,5.59
2020.09.24 11:41:43.481,1.16437,1.16441,10.23,10.17
2020.09.24 11:41:45.020,1.16438,1.16441,11.36,8.55
2020.09.24 11:41:45.122,1.16438,1.16442,9.41,11.10
2020.09.24 11:41:45.227,1.16437,1.16442,11.36,11.18
2020.09.24 11:41:46.436,1.16438,1.1644,1.95,5.59
2020.09.24 11:41:46.602,1.16437,1.16442,11.36,11.18
2020.09.24 11:41:48.022,1.16438,1.16442,0.75,10.99
2020.09.24 11:41:49.611,1.16438,1.16441,0.75,5.59
2020.09.24 11:41:49.723,1.16438,1.16442,0.75,10.92
2020.09.24 11:41:56.611,1.16437,1.1644,9.78,2.32
2020.09.24 11:41:56.714,1.16436,1.16438,9.41,1.57
2020.09.24 11:41:56.815,1.16435,1.16438,9.41,3.15
2020.09.24 11:41:56.866,1.16433,1.16437,0.45,0.75
2020.09.24 11:41:56.968,1.16433,1.16436,9.41,0.19
2020.09.24 11:41:57.069,1.16432,1.16436,11.73,0.19
2020.09.24 11:41:58.040,1.16434,1.16436,0.10,6.34
2020.09.24 11:41:58.947,1.16434,1.16435,0.10,5.59
2020.09.24 11:41:59.063,1.16434,1.16436,0.10,6.34
2020.09.24 11:42:01.120,1.16432,1.16437,11.17,0.90
2020.09.24 11:42:02.446,1.16432,1.16436,11.17,0.75
2020.09.24 11:42:02.548,1.16432,1.16435,9.41,0.94
2020.09.24 11:42:02.649,1.16431,1.16433,11.28,7.28
2020.09.24 11:42:03.155,1.16431,1.16433,9.41,7.35
2020.09.24 11:42:03.256,1.16429,1.16433,4.39,5.59
2020.09.24 11:42:03.307,1.16428,1.16431,13.61,0.19
2020.09.24 11:42:03.459,1.16428,1.16432,9.41,6.60
2020.09.24 11:42:03.561,1.16427,1.16431,11.55,5.59
2020.09.24 11:42:03.898,1.16427,1.16432,11.55,6.60
2020.09.24 11:42:04.050,1.16427,1.16431,11.55,5.59
2020.09.24 11:42:04.152,1.16427,1.16432,11.55,6.60
2020.09.24 11:42:05.238,1.16427,1.16431,10.61,0.94
2020.09.24 11:42:05.650,1.16428,1.16431,10.80,7.35
2020.09.24 11:42:06.127,1.16428,1.16431,1.12,12.68
2020.09.24 11:42:06.330,1.16426,1.1643,11.17,5.59
2020.09.24 11:42:07.860,1.16427,1.1643,0.19,5.59
2020.09.24 11:42:08.198,1.16427,1.16431,0.19,7.92
2020.09.24 11:42:08.648,1.16428,1.16431,0.75,6.23
2020.09.24 11:42:09.004,1.16428,1.1643,9.48,0.19
2020.09.24 11:42:09.156,1.16426,1.16431,15.30,5.85
2020.09.24 11:42:09.308,1.16427,1.16431,9.41,5.85
2020.09.24 11:42:09.428,1.16427,1.1643,12.30,5.85
2020.09.24 11:42:09.994,1.16426,1.1643,11.10,1.57
2020.09.24 11:42:10.096,1.16425,1.16427,10.16,10.73
2020.09.24 11:42:10.197,1.16423,1.16427,9.41,10.99
2020.09.24 11:42:10.349,1.16423,1.16426,11.55,10.17
2020.09.24 11:42:10.451,1.16422,1.16426,10.35,0.10
2020.09.24 11:42:10.553,1.16422,1.16425,0.19,0.82
2020.09.24 11:42:10.656,1.1642,1.16423,0.19,7.17
2020.09.24 11:42:10.757,1.16421,1.16423,2.51,10.35
2020.09.24 11:42:10.859,1.16422,1.16426,9.48,6.53
2020.09.24 11:42:12.391,1.16424,1.16426,9.41,13.05
2020.09.24 11:42:12.492,1.16422,1.16426,9.48,0.19
2020.09.24 11:42:13.014,1.16424,1.16426,9.41,5.40
2020.09.24 11:42:13.296,1.16423,1.16425,9.41,0.19
2020.09.24 11:42:13.398,1.16422,1.16426,10.42,6.72
2020.09.24 11:42:13.499,1.16423,1.16426,9.41,6.72
2020.09.24 11:42:13.601,1.16423,1.16425,11.17,1.12
2020.09.24 11:42:13.864,1.16423,1.16426,9.41,1.12
2020.09.24 11:42:14.505,1.16425,1.16427,0.26,11.67
2020.09.24 11:42:14.606,1.16424,1.16427,10.42,5.59
2020.09.24 11:42:14.708,1.16424,1.16428,9.41,8.10
2020.09.24 11:42:14.809,1.16424,1.16427,9.67,8.55
2020.09.24 11:42:15.099,1.16423,1.16427,9.67,5.59
2020.09.24 11:42:15.312,1.16423,1.16428,9.67,7.43
2020.09.24 11:42:15.523,1.16424,1.16428,9.41,1.84
2020.09.24 11:42:15.731,1.16423,1.16428,9.67,7.43
2020.09.24 11:42:15.835,1.16423,1.16427,9.67,5.59
2020.09.24 11:42:16.111,1.16423,1.16428,9.67,7.43
2020.09.24 11:42:17.101,1.16423,1.16427,9.48,1.12
2020.09.24 11:42:18.173,1.16422,1.16426,10.16,0.10
2020.09.24 11:42:18.276,1.16421,1.16425,10.23,0.75
2020.09.24 11:42:18.429,1.16421,1.16424,11.92,6.34
2020.09.24 11:42:18.996,1.16421,1.16423,10.98,0.37
2020.09.24 11:42:19.098,1.16421,1.16425,9.41,6.60
2020.09.24 11:42:19.199,1.1642,1.16425,10.42,6.60
2020.09.24 11:42:19.401,1.16421,1.16425,0.10,6.53
2020.09.24 11:42:20.172,1.16421,1.16424,9.41,0.10
2020.09.24 11:42:20.325,1.16422,1.16424,0.82,5.59
2020.09.24 11:42:20.377,1.16422,1.16426,12.41,5.59
2020.09.24 11:42:20.480,1.16424,1.16426,9.41,5.78
2020.09.24 11:42:20.582,1.16424,1.16427,1.01,5.59
2020.09.24 11:42:20.685,1.16426,1.16428,9.41,5.59
2020.09.24 11:42:20.939,1.16426,1.16429,18.11,5.78
2020.09.24 11:42:21.040,1.16426,1.1643,9.48,0.19
2020.09.24 11:42:21.641,1.16427,1.1643,9.41,0.19
2020.09.24 11:42:21.743,1.16427,1.16429,9.48,0.19
2020.09.24 11:42:21.844,1.16427,1.16431,0.10,5.78
2020.09.24 11:42:22.653,1.16429,1.1643,9.41,0.19
2020.09.24 11:42:22.755,1.16429,1.16432,12.48,0.19
2020.09.24 11:42:22.908,1.16428,1.16432,11.73,0.19
2020.09.24 11:42:23.025,1.1643,1.16431,9.48,0.19
2020.09.24 11:42:23.329,1.1643,1.16432,9.41,0.19
2020.09.24 11:42:23.530,1.16429,1.16432,10.98,0.19
2020.09.24 11:42:25.102,1.1643,1.16432,9.41,0.19
2020.09.24 11:42:25.204,1.16429,1.16432,9.41,0.19
2020.09.24 11:42:25.305,1.16428,1.16432,12.11,0.19
2020.09.24 11:42:25.609,1.1643,1.16431,9.41,0.19
2020.09.24 11:42:25.711,1.16429,1.16433,9.60,5.59
2020.09.24 11:42:25.863,1.16431,1.16433,0.82,5.59
2020.09.24 11:42:25.965,1.16432,1.16436,3.82,5.78
2020.09.24 11:42:26.849,1.16434,1.16435,0.10,0.19
2020.09.24 11:42:27.881,1.16435,1.16436,9.41,0.94
2020.09.24 11:42:28.022,1.16433,1.16436,0.10,0.19
2020.09.24 11:42:29.064,1.16432,1.16434,18.60,1.57
2020.09.24 11:42:29.115,1.1643,1.16433,0.45,1.50
2020.09.24 11:42:29.218,1.1643,1.16432,9.41,6.64
2020.09.24 11:42:29.320,1.16427,1.16432,10.35,0.64
2020.09.24 11:42:29.422,1.16425,1.16429,2.25,0.75
2020.09.24 11:42:29.523,1.16424,1.16428,9.41,9.04
2020.09.24 11:42:29.574,1.16422,1.16424,1.50,1.50
2020.09.24 11:42:29.676,1.16423,1.16424,0.19,0.75
2020.09.24 11:42:29.878,1.16422,1.16426,0.94,6.34
2020.09.24 11:42:30.994,1.16423,1.16426,9.41,0.75
2020.09.24 11:42:31.121,1.16422,1.16426,10.42,0.75
2020.09.24 11:42:32.691,1.16422,1.16423,10.16,0.82
2020.09.24 11:42:32.742,1.16423,1.16425,0.75,6.53
2020.09.24 11:42:32.843,1.16422,1.16426,12.48,0.75
2020.09.24 11:42:33.994,1.16423,1.16427,0.82,0.75
2020.09.24 11:42:35.401,1.16424,1.16425,0.10,0.75
2020.09.24 11:42:35.517,1.16422,1.16426,10.98,0.75
2020.09.24 11:42:36.966,1.16425,1.16426,1.01,5.59
2020.09.24 11:42:37.119,1.16423,1.16428,10.05,12.04
2020.09.24 11:42:37.220,1.16423,1.16427,9.48,0.75
2020.09.24 11:42:38.568,1.16424,1.16427,0.10,5.59
2020.09.24 11:42:38.670,1.16426,1.16427,0.10,5.59
2020.09.24 11:42:38.772,1.16426,1.1643,0.10,8.59
2020.09.24 11:42:39.218,1.16426,1.16431,9.48,11.40
2020.09.24 11:42:40.154,1.16426,1.1643,9.48,5.59
2020.09.24 11:42:40.306,1.16428,1.16429,9.41,5.59
2020.09.24 11:42:40.513,1.16426,1.16431,9.48,11.40
2020.09.24 11:42:43.347,1.16428,1.1643,9.41,5.81
2020.09.24 11:42:43.439,1.16426,1.16431,9.48,11.40
2020.09.24 11:42:45.697,1.16427,1.16428,9.41,0.37
2020.09.24 11:42:45.748,1.16424,1.16428,10.53,1.50
2020.09.24 11:42:45.849,1.16423,1.16428,13.42,7.09
2020.09.24 11:42:45.964,1.16423,1.16427,13.05,0.75
2020.09.24 11:42:46.065,1.16424,1.16428,9.41,6.34
2020.09.24 11:42:46.167,1.16423,1.16427,12.30,5.59
2020.09.24 11:42:46.269,1.16423,1.16428,12.30,6.34
2020.09.24 11:42:46.753,1.16423,1.16427,10.80,0.75
2020.09.24 11:42:47.267,1.16423,1.16426,14.73,6.90
2020.09.24 11:42:47.370,1.16422,1.16425,10.98,0.19
2020.09.24 11:42:47.473,1.16421,1.16425,9.48,2.44
2020.09.24 11:42:47.576,1.1642,1.16424,9.41,0.94
2020.09.24 11:42:47.678,1.16418,1.16422,14.73,0.19
2020.09.24 11:42:47.831,1.1642,1.16421,0.10,5.59
2020.09.24 11:42:47.933,1.16419,1.16423,0.10,5.78
2020.09.24 11:42:48.572,1.16419,1.16422,0.10,0.19
2020.09.24 11:42:49.596,1.1642,1.16422,9.41,0.19
2020.09.24 11:42:49.701,1.16419,1.16422,0.10,0.19
2020.09.24 11:42:50.085,1.16419,1.16423,0.82,5.78
2020.09.24 11:42:50.187,1.1642,1.16423,9.41,0.19
2020.09.24 11:42:50.288,1.16419,1.16423,10.23,0.19
2020.09.24 11:42:50.825,1.16419,1.16421,12.48,0.19
2020.09.24 11:42:51.837,1.16419,1.16422,0.75,5.78
2020.09.24 11:42:51.939,1.16419,1.16421,3.07,5.59
2020.09.24 11:42:52.040,1.16418,1.16423,11.73,8.85
2020.09.24 11:42:52.142,1.16419,1.16421,11.73,5.59
2020.09.24 11:42:52.293,1.16418,1.16423,2.32,5.85
2020.09.24 11:42:52.497,1.16419,1.16421,2.32,5.59
2020.09.24 11:42:52.713,1.16418,1.16423,11.73,5.85
2020.09.24 11:42:52.814,1.16419,1.16421,2.32,5.59
2020.09.24 11:42:54.659,1.16421,1.16423,1.57,5.59
2020.09.24 11:42:54.761,1.16422,1.16425,0.75,0.75
2020.09.24 11:42:54.913,1.16423,1.16425,0.82,9.53
2020.09.24 11:42:56.839,1.16423,1.16426,0.75,5.59
2020.09.24 11:42:56.940,1.16425,1.16427,0.75,5.59
2020.09.24 11:42:57.043,1.16425,1.16428,9.41,5.59
2020.09.24 11:42:57.145,1.16424,1.16427,10.23,7.35
2020.09.24 11:42:57.246,1.16422,1.16427,13.12,5.59
2020.09.24 11:42:58.525,1.16423,1.16427,0.10,5.59
2020.09.24 11:42:58.870,1.16423,1.16428,0.10,1.69
2020.09.24 11:42:58.991,1.16424,1.16425,0.10,5.59
2020.09.24 11:42:59.195,1.16424,1.16426,0.10,5.59
2020.09.24 11:42:59.530,1.16423,1.16426,0.10,5.59
2020.09.24 11:42:59.679,1.16424,1.16426,0.10,5.59
2020.09.24 11:43:00.221,1.16423,1.16426,0.10,5.59
2020.09.24 11:43:00.339,1.16424,1.16426,0.10,5.59
2020.09.24 11:43:00.769,1.16423,1.16426,0.10,5.59
2020.09.24 11:43:01.079,1.16422,1.16427,12.75,5.59
2020.09.24 11:43:01.232,1.16422,1.16426,12.67,5.59
2020.09.24 11:43:01.384,1.16424,1.16425,0.19,5.59
2020.09.24 11:43:01.485,1.16423,1.16427,0.19,5.97
2020.09.24 11:43:01.586,1.16423,1.16426,0.19,5.59
2020.09.24 11:43:01.688,1.16422,1.16426,3.26,5.59
2020.09.24 11:43:01.789,1.16423,1.16426,0.19,5.59
2020.09.24 11:43:02.193,1.16423,1.16427,0.10,5.59
2020.09.24 11:43:02.607,1.16425,1.16427,5.32,5.59
2020.09.24 11:43:02.759,1.16427,1.16428,0.10,5.59
2020.09.24 11:43:03.066,1.16427,1.16429,0.10,5.78
2020.09.24 11:43:03.199,1.16426,1.16429,0.10,5.59
2020.09.24 11:43:03.533,1.16427,1.1643,9.41,5.78
2020.09.24 11:43:03.636,1.16424,1.16426,1.12,0.94
2020.09.24 11:43:03.738,1.16423,1.16426,10.61,6.53
2020.09.24 11:43:03.840,1.16423,1.16425,10.61,5.59
2020.09.24 11:43:04.102,1.16422,1.16427,1.27,6.53
2020.09.24 11:43:04.531,1.16423,1.16427,9.41,7.28
2020.09.24 11:43:04.633,1.16424,1.16425,9.41,5.59
2020.09.24 11:43:04.735,1.16422,1.16426,1.57,5.59
2020.09.24 11:43:05.710,1.16423,1.16425,1.57,5.59
2020.09.24 11:43:05.947,1.16422,1.16426,1.57,5.59
2020.09.24 11:43:06.086,1.16421,1.16423,0.45,0.10
2020.09.24 11:43:06.188,1.16418,1.16421,10.57,0.75
2020.09.24 11:43:06.315,1.16414,1.16418,11.55,5.67
2020.09.24 11:43:06.417,1.16413,1.16417,0.15,6.34
2020.09.24 11:43:06.518,1.16413,1.16416,0.10,5.59
2020.09.24 11:43:06.924,1.16413,1.16415,10.42,5.59
2020.09.24 11:43:07.026,1.16413,1.16416,0.10,5.59
2020.09.24 11:43:07.381,1.16413,1.16417,0.10,6.34
2020.09.24 11:43:07.682,1.16414,1.16417,0.82,5.59
2020.09.24 11:43:07.835,1.16413,1.16417,1.57,5.59
2020.09.24 11:43:08.145,1.16414,1.16416,1.57,5.59
2020.09.24 11:43:08.784,1.16414,1.16416,1.57,5.59
2020.09.24 11:43:09.361,1.16413,1.16416,1.57,5.59
2020.09.24 11:43:09.720,1.16414,1.16416,2.32,5.59
2020.09.24 11:43:10.700,1.16414,1.16416,2.32,5.59
2020.09.24 11:43:10.984,1.16415,1.16417,2.25,5.59
2020.09.24 11:43:11.035,1.16417,1.16419,0.82,1.50
2020.09.24 11:43:11.136,1.16418,1.1642,0.75,0.75
2020.09.24 11:43:11.188,1.16418,1.16422,0.75,10.09
2020.09.24 11:43:12.442,1.16419,1.16422,3.52,9.34
2020.09.24 11:43:12.543,1.16419,1.16422,1.50,5.59
2020.09.24 11:43:12.644,1.16419,1.16423,1.50,9.34
2020.09.24 11:43:12.974,1.16419,1.16422,1.50,5.59
2020.09.24 11:43:13.193,1.1642,1.16422,1.50,9.34
2020.09.24 11:43:15.560,1.16421,1.16423,2.25,5.59
2020.09.24 11:43:15.661,1.16422,1.16424,11.66,5.59
2020.09.24 11:43:15.764,1.16419,1.16423,12.67,6.72
2020.09.24 11:43:16.019,1.16419,1.16422,11.10,5.59
2020.09.24 11:43:17.788,1.1642,1.16422,2.51,6.72
2020.09.24 11:43:19.554,1.16418,1.16419,1.20,0.19
2020.09.24 11:43:19.656,1.16415,1.16418,18.41,3.75
2020.09.24 11:43:19.758,1.16414,1.16418,0.75,9.34
2020.09.24 11:43:19.859,1.16414,1.16417,0.75,5.59
2020.09.24 11:43:20.011,1.16415,1.16417,0.75,9.34
2020.09.24 11:43:20.163,1.16415,1.16416,0.75,5.59
2020.09.24 11:43:20.729,1.16416,1.16418,0.75,5.59
2020.09.24 11:43:20.830,1.16416,1.1642,3.52,7.09
2020.09.24 11:43:20.931,1.16418,1.16419,0.75,7.09
2020.09.24 11:43:21.134,1.16417,1.16419,13.68,1.50
2020.09.24 11:43:21.371,1.16417,1.1642,9.41,1.50
2020.09.24 11:43:21.624,1.16417,1.1642,14.06,8.59
2020.09.24 11:43:21.878,1.16416,1.16419,11.28,0.10
2020.09.24 11:43:21.982,1.16415,1.16417,0.37,0.75
2020.09.24 11:43:22.033,1.16412,1.16416,10.27,9.34
2020.09.24 11:43:22.818,1.16413,1.16416,1.57,9.34
2020.09.24 11:43:22.920,1.16413,1.16417,2.89,5.97
2020.09.24 11:43:22.970,1.16415,1.16417,0.75,5.59
2020.09.24 11:43:23.073,1.16414,1.16417,1.95,5.59
2020.09.24 11:43:23.175,1.16415,1.16417,1.50,5.59
2020.09.24 11:43:24.054,1.16413,1.16417,0.10,6.34
2020.09.24 11:43:24.156,1.16413,1.16415,2.32,5.59
2020.09.24 11:43:24.461,1.16414,1.16415,0.82,9.34
2020.09.24 11:43:25.103,1.16414,1.16416,3.07,6.34
2020.09.24 11:43:25.255,1.16414,1.16417,2.32,5.97
2020.09.24 11:43:25.694,1.16414,1.16418,2.32,6.53
2020.09.24 11:43:26.129,1.16415,1.16416,2.32,5.59
2020.09.24 11:43:26.230,1.16414,1.16418,2.32,8.59
2020.09.24 11:43:28.420,1.16414,1.16417,3.82,5.59
2020.09.24 11:43:29.566,1.16414,1.16418,3.07,8.59
2020.09.24 11:43:29.981,1.16416,1.16417,3.00,5.59
2020.09.24 11:43:30.083,1.16416,1.16418,1.87,6.34
2020.09.24 11:43:30.184,1.16414,1.16418,11.66,5.59
2020.09.24 11:43:30.286,1.16415,1.16416,2.25,5.59
2020.09.24 11:43:30.387,1.16414,1.16418,2.25,5.59
2020.09.24 11:43:30.590,1.16415,1.16416,1.50,5.59
2020.09.24 11:43:30.799,1.16415,1.16417,1.50,5.59
2020.09.24 11:43:31.021,1.16414,1.16417,1.50,5.59
2020.09.24 11:43:31.122,1.16414,1.16418,1.50,5.59
2020.09.24 11:43:32.115,1.16414,1.16416,10.23,5.59
2020.09.24 11:43:32.217,1.16412,1.16416,5.14,5.59
2020.09.24 11:43:32.369,1.16412,1.16415,2.44,3.00
2020.09.24 11:43:32.521,1.16412,1.16416,3.94,5.59
2020.09.24 11:43:32.622,1.16412,1.16417,4.76,7.09
2020.09.24 11:43:33.118,1.16413,1.16415,3.19,5.59
2020.09.24 11:43:33.296,1.16412,1.16417,3.19,7.09
2020.09.24 11:43:33.716,1.16413,1.16415,3.19,5.59
2020.09.24 11:43:33.818,1.16412,1.16417,3.19,7.09
2020.09.24 11:43:34.621,1.16412,1.16416,3.19,5.59
2020.09.24 11:43:35.461,1.16412,1.16415,0.75,0.75
2020.09.24 11:43:35.563,1.16411,1.16412,10.16,6.53
2020.09.24 11:43:35.665,1.16407,1.16411,3.45,5.59
2020.09.24 11:43:37.843,1.16407,1.1641,0.75,5.59
2020.09.24 11:43:37.986,1.16408,1.1641,0.75,5.59
2020.09.24 11:43:38.088,1.16408,1.1641,12.48,8.59
2020.09.24 11:43:39.434,1.16407,1.16409,10.61,1.31
2020.09.24 11:43:39.536,1.16404,1.16408,1.20,5.59
2020.09.24 11:43:39.637,1.16405,1.16406,0.10,5.59
2020.09.24 11:43:39.789,1.16407,1.16408,0.82,4.12
2020.09.24 11:43:40.259,1.16405,1.16408,10.23,0.19
2020.09.24 11:43:40.361,1.164,1.16402,9.37,0.84
2020.09.24 11:43:40.462,1.16396,1.16397,2.89,0.82
2020.09.24 11:43:40.564,1.16395,1.16398,0.19,5.97
2020.09.24 11:43:40.665,1.16396,1.16398,0.75,5.59
2020.09.24 11:43:40.767,1.16395,1.16399,2.02,5.59
2020.09.24 11:43:40.868,1.16396,1.16399,0.75,5.59
2020.09.24 11:43:40.969,1.16396,1.164,13.05,5.59
2020.09.24 11:43:41.409,1.16397,1.164,0.94,5.59
2020.09.24 11:43:41.511,1.16396,1.164,9.41,6.34
2020.09.24 11:43:41.665,1.16397,1.164,0.75,5.59
2020.09.24 11:43:41.818,1.16396,1.16401,14.43,6.90
2020.09.24 11:43:42.174,1.16396,1.164,14.06,5.59
2020.09.24 11:43:43.156,1.16395,1.16399,3.00,5.59
2020.09.24 11:43:43.358,1.16395,1.164,2.25,7.35
2020.09.24 11:43:43.459,1.16395,1.16398,1.50,5.59
2020.09.24 11:43:43.921,1.16396,1.16399,4.20,5.59
2020.09.24 11:43:44.023,1.16396,1.164,12.18,6.34
2020.09.24 11:43:44.861,1.16395,1.164,9.86,12.60
2020.09.24 11:43:44.962,1.16394,1.16399,15.30,5.59
2020.09.24 11:43:45.319,1.16394,1.16398,14.92,5.59
2020.09.24 11:43:45.433,1.16394,1.16399,14.55,5.59
2020.09.24 11:43:45.691,1.16394,1.16398,5.14,5.59
2020.09.24 11:43:46.067,1.16395,1.16398,5.51,5.59
2020.09.24 11:43:46.590,1.16394,1.16398,14.17,5.59
2020.09.24 11:43:47.146,1.16394,1.16399,4.76,5.59
2020.09.24 11:43:47.301,1.16394,1.16398,2.62,5.59
2020.09.24 11:43:47.403,1.16394,1.16397,0.75,5.59
2020.09.24 11:43:47.505,1.16396,1.16398,1.50,0.37
2020.09.24 11:43:47.606,1.16397,1.164,0.82,5.97
2020.09.24 11:43:47.708,1.16396,1.16399,10.23,0.75
2020.09.24 11:43:47.810,1.16395,1.16398,9.41,4.76
2020.09.24 11:43:47.861,1.16392,1.16397,11.36,6.34
2020.09.24 11:43:47.962,1.16393,1.16395,1.50,5.59
2020.09.24 11:43:48.833,1.16393,1.16395,10.91,5.59
2020.09.24 11:43:49.116,1.16392,1.16396,10.91,5.59
2020.09.24 11:43:49.436,1.16392,1.16395,1.57,5.59
2020.09.24 11:43:49.589,1.16392,1.16397,1.57,6.53
2020.09.24 11:43:49.691,1.16392,1.16395,1.57,5.59
2020.09.24 11:43:49.971,1.1639,1.16395,17.06,6.53
2020.09.24 11:43:50.023,1.16392,1.16394,11.36,5.59
2020.09.24 11:43:50.125,1.16392,1.16395,0.75,0.75
2020.09.24 11:43:50.228,1.16391,1.16393,1.57,6.34
2020.09.24 11:43:50.330,1.1639,1.16394,1.57,5.59
2020.09.24 11:43:50.585,1.16391,1.16394,2.70,5.59
2020.09.24 11:43:50.687,1.16393,1.16395,0.82,9.34
2020.09.24 11:43:50.739,1.16394,1.16396,0.75,5.59
2020.09.24 11:43:50.790,1.16396,1.16398,0.10,11.40
2020.09.24 11:43:50.892,1.16395,1.16398,0.10,5.59
2020.09.24 11:43:51.361,1.16395,1.16397,0.10,5.59
2020.09.24 11:43:51.463,1.16394,1.16398,14.06,5.59
2020.09.24 11:43:51.638,1.16396,1.16397,9.41,5.59
2020.09.24 11:43:51.747,1.16394,1.16398,14.06,5.59
2020.09.24 11:43:51.872,1.16397,1.16399,1.50,5.59
2020.09.24 11:43:51.980,1.16397,1.16398,0.45,5.59
2020.09.24 11:43:52.082,1.16395,1.16398,1.57,5.59
2020.09.24 11:43:52.234,1.16396,1.16398,1.57,5.78
2020.09.24 11:43:52.640,1.16395,1.16398,0.75,5.59
2020.09.24 11:43:53.000,1.16395,1.16399,0.75,5.78
2020.09.24 11:43:53.369,1.16394,1.16399,2.77,8.03
2020.09.24 11:43:53.470,1.16395,1.16396,0.75,5.59
2020.09.24 11:43:53.573,1.16394,1.16396,1.20,5.78
2020.09.24 11:43:53.775,1.16393,1.16396,0.75,5.59
2020.09.24 11:43:55.198,1.16395,1.16396,0.75,6.15
2020.09.24 11:43:55.300,1.16395,1.16398,13.42,6.72
2020.09.24 11:43:55.401,1.16395,1.16397,11.36,0.75
2020.09.24 11:43:55.981,1.16395,1.16398,1.12,5.59
2020.09.24 11:43:56.083,1.16396,1.16398,1.95,5.59
2020.09.24 11:43:57.873,1.16394,1.16397,14.73,0.75
2020.09.24 11:43:57.975,1.16393,1.16396,2.32,10.28
2020.09.24 11:43:58.076,1.16393,1.16395,2.32,5.59
2020.09.24 11:43:58.178,1.16392,1.16395,2.32,5.59
2020.09.24 11:43:58.836,1.16392,1.16394,2.32,5.59
2020.09.24 11:43:58.938,1.16393,1.16395,11.73,5.59
2020.09.24 11:43:59.183,1.16392,1.16396,11.73,5.59
2020.09.24 11:43:59.606,1.16392,1.16395,1.50,5.59
2020.09.24 11:43:59.860,1.16392,1.16396,10.91,5.59
2020.09.24 11:44:00.151,1.16393,1.16396,2.25,5.59
2020.09.24 11:44:00.202,1.16396,1.16399,2.62,1.50
2020.09.24 11:44:00.303,1.16396,1.16401,12.30,8.59
2020.09.24 11:44:00.405,1.16396,1.164,3.45,5.59
2020.09.24 11:44:00.560,1.16397,1.164,0.75,5.59
2020.09.24 11:44:00.662,1.164,1.16402,0.82,0.75
2020.09.24 11:44:00.814,1.16399,1.16402,1.12,5.59
2020.09.24 11:44:00.916,1.164,1.16402,0.75,5.59
2020.09.24 11:44:00.967,1.16399,1.16404,2.62,8.03
2020.09.24 11:44:01.170,1.16399,1.16403,0.10,0.75
2020.09.24 11:44:02.172,1.16402,1.16403,0.75,5.59
2020.09.24 11:44:02.275,1.16401,1.16405,1.12,8.03
2020.09.24 11:44:02.477,1.164,1.16405,16.23,8.10
2020.09.24 11:44:02.629,1.16399,1.16404,3.82,5.59
2020.09.24 11:44:02.731,1.16398,1.16403,2.32,7.09
2020.09.24 11:44:02.833,1.16398,1.16402,1.50,5.59
2020.09.24 11:44:02.934,1.16399,1.16402,13.50,5.59
2020.09.24 11:44:03.238,1.16399,1.16403,1.57,5.59
2020.09.24 11:44:03.571,1.16399,1.16404,1.57,7.47
2020.09.24 11:44:03.854,1.16398,1.16401,11.73,0.75
2020.09.24 11:44:03.955,1.16397,1.16401,0.82,3.00
2020.09.24 11:44:04.057,1.16396,1.16399,9.41,1.31
2020.09.24 11:44:04.159,1.16397,1.16399,1.95,5.59
2020.09.24 11:44:04.260,1.16396,1.164,10.16,0.19
2020.09.24 11:44:04.413,1.16395,1.16398,11.36,0.75
2020.09.24 11:44:04.515,1.16395,1.16397,10.16,5.59
2020.09.24 11:44:04.920,1.16394,1.16399,1.12,12.23
2020.09.24 11:44:05.148,1.16394,1.16398,10.53,5.59
2020.09.24 11:44:05.352,1.16395,1.16398,10.53,12.23
2020.09.24 11:44:05.469,1.16395,1.16397,1.12,5.59
2020.09.24 11:44:05.571,1.16394,1.16396,10.23,5.59
2020.09.24 11:44:05.774,1.16396,1.16398,12.41,5.59
2020.09.24 11:44:05.875,1.16396,1.16399,0.75,5.59
2020.09.24 11:44:05.977,1.16396,1.164,0.75,5.59
2020.09.24 11:44:06.087,1.16397,1.164,0.75,7.54
2020.09.24 11:44:06.192,1.16396,1.164,0.75,5.59
2020.09.24 11:44:06.293,1.16397,1.164,10.91,10.54
2020.09.24 11:44:06.394,1.16396,1.164,10.91,5.59
2020.09.24 11:44:06.987,1.16398,1.16399,3.82,5.59
2020.09.24 11:44:07.090,1.164,1.16403,0.75,5.59
2020.09.24 11:44:07.191,1.164,1.16405,1.57,6.98
2020.09.24 11:44:07.293,1.16399,1.16404,1.50,7.73
2020.09.24 11:44:07.395,1.16399,1.16403,1.50,0.82
2020.09.24 11:44:08.772,1.164,1.16401,0.75,5.59
2020.09.24 11:44:09.011,1.16399,1.16403,0.75,3.82
2020.09.24 11:44:13.813,1.164,1.16403,0.75,9.60
2020.09.24 11:44:15.167,1.16399,1.16403,0.75,9.60
2020.09.24 11:44:15.470,1.164,1.16404,9.86,5.59
2020.09.24 11:44:15.622,1.16399,1.16404,12.11,5.59
2020.09.24 11:44:15.724,1.16399,1.16403,2.70,5.59
2020.09.24 11:44:15.825,1.16399,1.16404,12.86,5.59
2020.09.24 11:44:16.027,1.16401,1.16404,9.41,5.59
2020.09.24 11:44:16.383,1.164,1.16403,3.45,5.67
2020.09.24 11:44:16.490,1.16398,1.16402,9.78,5.59
2020.09.24 11:44:17.668,1.16397,1.16402,14.55,8.59
2020.09.24 11:44:18.052,1.16399,1.16401,0.94,10.17
2020.09.24 11:44:18.153,1.16398,1.16401,0.94,5.59
2020.09.24 11:44:18.553,1.16398,1.164,3.64,5.59
2020.09.24 11:44:18.656,1.16398,1.16402,9.41,10.17
2020.09.24 11:44:18.789,1.16398,1.16401,3.64,10.17
2020.09.24 11:44:20.186,1.16397,1.16398,11.73,1.01
2020.09.24 11:44:20.288,1.16394,1.16398,11.73,7.35
2020.09.24 11:44:20.389,1.16392,1.16396,12.86,5.59
2020.09.24 11:44:20.746,1.16394,1.16395,0.75,5.59
2020.09.24 11:44:20.848,1.16394,1.16398,10.16,8.78
2020.09.24 11:44:21.002,1.164,1.16401,3.00,1.87
2020.09.24 11:44:21.104,1.164,1.16403,9.48,5.59
2020.09.24 11:44:21.155,1.16398,1.16402,15.86,0.10
2020.09.24 11:44:21.257,1.16399,1.16402,1.87,5.59
2020.09.24 11:44:21.359,1.16398,1.16402,1.57,8.85
2020.09.24 11:44:21.460,1.16399,1.16402,1.50,5.59
2020.09.24 11:44:21.613,1.164,1.16402,1.50,5.59
2020.09.24 11:44:22.620,1.16399,1.16401,10.16,0.94
2020.09.24 11:44:22.671,1.1639,1.16393,13.76,0.10
2020.09.24 11:44:22.772,1.16389,1.16392,9.41,0.26
2020.09.24 11:44:22.874,1.16389,1.16393,0.75,9.34
2020.09.24 11:44:23.026,1.16388,1.16393,11.10,7.09
2020.09.24 11:44:23.188,1.16388,1.16392,1.69,5.59
2020.09.24 11:44:23.290,1.1639,1.16393,0.75,5.59
2020.09.24 11:44:23.441,1.1639,1.16394,11.66,5.59
2020.09.24 11:44:23.555,1.1639,1.16395,11.66,9.98
2020.09.24 11:44:23.660,1.16391,1.16393,2.25,5.59
2020.09.24 11:44:25.096,1.16391,1.16394,1.50,7.35
2020.09.24 11:44:25.794,1.1639,1.16393,16.91,1.01
2020.09.24 11:44:25.896,1.1639,1.16392,0.75,5.67
2020.09.24 11:44:25.997,1.16389,1.16394,10.16,12.12
2020.09.24 11:44:26.150,1.16389,1.16393,10.16,0.19
2020.09.24 11:44:26.252,1.1639,1.16391,9.41,3.19
2020.09.24 11:44:26.353,1.16389,1.1639,0.75,5.59
2020.09.24 11:44:26.461,1.16387,1.16391,1.87,5.59
2020.09.24 11:44:26.613,1.16387,1.1639,11.28,5.59
2020.09.24 11:44:26.845,1.16387,1.16391,1.87,5.59
2020.09.24 11:44:27.053,1.16388,1.1639,1.87,5.59
2020.09.24 11:44:27.260,1.16387,1.16391,11.28,5.67
2020.09.24 11:44:28.123,1.16387,1.1639,0.37,0.10
2020.09.24 11:44:28.225,1.16386,1.1639,12.86,6.34
2020.09.24 11:44:30.532,1.16386,1.16389,10.53,3.00
2020.09.24 11:44:30.633,1.16384,1.16386,9.41,0.82
2020.09.24 11:44:30.735,1.16383,1.16386,9.00,0.82
2020.09.24 11:44:31.131,1.16382,1.16383,10.53,0.82
2020.09.24 11:44:31.284,1.16381,1.16385,0.94,6.12
2020.09.24 11:44:31.436,1.16382,1.16385,0.19,5.67
2020.09.24 11:44:31.537,1.16386,1.16387,4.87,0.10
2020.09.24 11:44:31.639,1.16385,1.16387,3.37,0.85
2020.09.24 11:44:31.740,1.16384,1.16387,0.75,0.10
2020.09.24 11:44:31.892,1.16385,1.16387,0.75,5.59
2020.09.24 11:44:31.994,1.16386,1.16388,0.75,7.84
2020.09.24 11:44:32.420,1.16387,1.16388,0.75,7.92
2020.09.24 11:44:32.725,1.16386,1.16391,1.95,11.67
2020.09.24 11:44:32.828,1.16388,1.1639,0.75,11.67
2020.09.24 11:44:33.716,1.16387,1.1639,0.75,0.75
2020.09.24 11:44:33.817,1.16387,1.16389,1.95,0.75
2020.09.24 11:44:33.942,1.16386,1.16389,1.87,0.10
2020.09.24 11:44:34.044,1.16385,1.16389,1.12,6.04
2020.09.24 11:44:34.550,1.16387,1.1639,0.75,5.67
2020.09.24 11:44:34.651,1.16388,1.1639,0.75,5.67
2020.09.24 11:44:34.752,1.16387,1.1639,0.75,7.84
2020.09.24 11:44:35.176,1.16386,1.1639,14.10,7.92
2020.09.24 11:44:35.429,1.16386,1.16389,0.37,0.10
2020.09.24 11:44:35.531,1.16386,1.16387,9.78,0.10
2020.09.24 11:44:35.632,1.16384,1.16388,2.25,5.67
2020.09.24 11:44:36.299,1.16385,1.16388,3.00,6.12
2020.09.24 11:44:36.602,1.16385,1.16389,0.75,5.67
2020.09.24 11:44:36.706,1.16385,1.1639,1.50,6.87
2020.09.24 11:44:36.808,1.16386,1.16387,10.91,0.10
2020.09.24 11:44:36.909,1.16385,1.16386,12.03,0.10
2020.09.24 11:44:38.332,1.16384,1.16388,3.75,5.59
2020.09.24 11:44:38.433,1.16384,1.16389,14.28,9.42
2020.09.24 11:44:38.535,1.16384,1.16388,14.28,6.34
2020.09.24 11:44:38.636,1.16385,1.16388,9.41,0.75
2020.09.24 11:44:38.741,1.16386,1.16388,9.41,6.42
2020.09.24 11:44:38.992,1.16386,1.16387,10.16,6.34
2020.09.24 11:44:39.357,1.16386,1.16389,0.75,7.17
2020.09.24 11:44:40.041,1.16386,1.1639,0.75,9.42
2020.09.24 11:44:40.193,1.16388,1.1639,0.75,5.67
2020.09.24 11:44:40.346,1.16387,1.16389,0.37,0.10
2020.09.24 11:44:40.447,1.16386,1.16389,1.87,0.82
2020.09.24 11:44:40.806,1.16386,1.16388,1.87,0.10
2020.09.24 11:44:41.111,1.16387,1.16389,0.75,0.10
2020.09.24 11:44:41.496,1.16386,1.16388,1.12,0.10
2020.09.24 11:44:43.299,1.16385,1.16388,1.87,0.10
2020.09.24 11:44:45.221,1.16386,1.16388,1.50,5.67
2020.09.24 11:44:45.793,1.16385,1.16388,0.75,0.10
2020.09.24 11:44:45.894,1.16385,1.16389,10.91,5.67
2020.09.24 11:44:47.560,1.16386,1.16387,10.16,0.10
2020.09.24 11:44:47.661,1.16384,1.16385,9.41,0.10
2020.09.24 11:44:47.715,1.16382,1.16385,10.53,0.10
2020.09.24 11:44:47.817,1.16381,1.16385,14.66,5.67
2020.09.24 11:44:47.920,1.16383,1.16384,0.94,5.59
2020.09.24 11:44:48.022,1.16383,1.16385,0.94,5.67
2020.09.24 11:44:48.800,1.16382,1.16385,0.75,5.67
2020.09.24 11:44:49.910,1.16383,1.16385,11.10,5.67
2020.09.24 11:44:50.013,1.16383,1.16384,1.69,0.10
2020.09.24 11:44:50.834,1.16382,1.16386,1.69,6.49
2020.09.24 11:44:51.924,1.16382,1.16384,9.41,0.82
2020.09.24 11:44:52.025,1.16381,1.16384,9.41,0.10
2020.09.24 11:44:52.133,1.1638,1.16384,17.85,0.10
2020.09.24 11:44:52.335,1.16381,1.16384,17.85,7.17
2020.09.24 11:44:52.436,1.16381,1.16385,9.41,7.17
2020.09.24 11:44:52.941,1.16381,1.16384,9.41,0.75
2020.09.24 11:44:53.093,1.16381,1.16385,9.41,7.17
2020.09.24 11:44:53.646,1.16381,1.16383,9.41,0.75
2020.09.24 11:44:53.697,1.16376,1.16378,0.37,0.82
2020.09.24 11:44:53.799,1.16377,1.16378,8.25,0.19
2020.09.24 11:44:53.901,1.16372,1.16374,0.75,0.10
2020.09.24 11:44:54.003,1.16372,1.16376,0.75,6.42
2020.09.24 11:44:54.054,1.16374,1.16377,2.32,0.45
2020.09.24 11:44:54.156,1.16373,1.16375,9.78,4.87
2020.09.24 11:44:54.207,1.16369,1.16373,12.19,0.10
2020.09.24 11:44:54.309,1.1637,1.16373,1.50,5.59
2020.09.24 11:44:54.410,1.16369,1.16372,10.16,0.82
2020.09.24 11:44:54.512,1.16369,1.16371,0.75,0.94
2020.09.24 11:44:54.563,1.16367,1.1637,3.00,6.04
2020.09.24 11:44:54.665,1.16366,1.16368,0.19,5.59
2020.09.24 11:44:54.716,1.16363,1.16367,11.28,0.10
2020.09.24 11:44:54.919,1.16362,1.16366,10.16,5.67
2020.09.24 11:44:55.172,1.16362,1.16365,0.75,0.10
2020.09.24 11:44:55.274,1.16361,1.16365,2.06,0.10
2020.09.24 11:44:55.375,1.16362,1.16365,0.75,0.10
2020.09.24 11:44:55.528,1.16362,1.16366,2.25,5.74
2020.09.24 11:44:56.196,1.16365,1.16369,2.44,4.12
2020.09.24 11:44:56.297,1.16366,1.16368,3.07,5.59
2020.09.24 11:44:56.399,1.16366,1.16369,4.20,5.59
2020.09.24 11:44:56.500,1.16367,1.16369,15.86,5.59
2020.09.24 11:44:56.601,1.16367,1.1637,11.66,5.59
2020.09.24 11:44:56.652,1.16368,1.16371,12.03,5.67
2020.09.24 11:44:57.209,1.16367,1.16371,11.66,5.59
2020.09.24 11:44:58.311,1.16368,1.16369,0.75,5.59
2020.09.24 11:44:58.515,1.16367,1.16369,9.41,0.10
2020.09.24 11:44:58.617,1.16366,1.1637,11.10,6.42
2020.09.24 11:44:59.279,1.16367,1.1637,0.19,5.67
2020.09.24 11:44:59.389,1.16366,1.1637,1.87,6.60
2020.09.24 11:45:00.068,1.16366,1.16369,1.50,5.59
2020.09.24 11:45:00.271,1.16367,1.16369,0.75,5.59
2020.09.24 11:45:00.373,1.16368,1.16369,0.75,6.60
2020.09.24 11:45:00.751,1.16368,1.1637,1.50,5.59
2020.09.24 11:45:00.852,1.16367,1.1637,2.81,5.67
2020.09.24 11:45:00.954,1.16362,1.16364,15.07,0.10
2020.09.24 11:45:01.107,1.16363,1.16364,1.87,5.63
2020.09.24 11:45:01.310,1.16363,1.16366,1.50,0.10
2020.09.24 11:45:01.512,1.16366,1.16367,0.56,7.96
2020.09.24 11:45:01.563,1.16368,1.16369,0.75,0.45
2020.09.24 11:45:01.614,1.16369,1.16371,5.62,0.15
2020.09.24 11:45:01.716,1.16367,1.16369,4.50,5.63
2020.09.24 11:45:01.818,1.16369,1.1637,0.75,5.56
2020.09.24 11:45:01.869,1.16369,1.16372,1.87,6.01
2020.09.24 11:45:01.970,1.16371,1.16372,0.75,3.07
2020.09.24 11:45:02.274,1.1637,1.16372,0.75,5.56
2020.09.24 11:45:02.375,1.16371,1.16375,2.06,0.10
2020.09.24 11:45:02.426,1.16373,1.16375,0.75,5.56
2020.09.24 11:45:02.527,1.16373,1.16377,0.75,5.71
2020.09.24 11:45:02.629,1.16374,1.16378,1.12,0.10
2020.09.24 11:45:02.730,1.16374,1.16379,16.45,5.56
2020.09.24 11:45:02.781,1.16377,1.16378,0.37,5.56
2020.09.24 11:45:02.883,1.16376,1.1638,0.37,6.38
2020.09.24 11:45:03.035,1.16376,1.16379,0.37,0.10
2020.09.24 11:45:03.136,1.16377,1.1638,1.69,5.56
2020.09.24 11:45:03.288,1.16377,1.16379,16.64,5.56
2020.09.24 11:45:03.389,1.16378,1.16379,0.94,5.56
2020.09.24 11:45:03.998,1.16379,1.16382,1.50,0.10
2020.09.24 11:45:04.150,1.16378,1.16382,13.38,5.63
2020.09.24 11:45:04.252,1.16378,1.16381,10.19,5.63
2020.09.24 11:45:04.353,1.16377,1.16379,10.00,2.62
2020.09.24 11:45:04.404,1.16376,1.16377,9.82,6.38
2020.09.24 11:45:04.506,1.16375,1.16376,0.19,5.40
2020.09.24 11:45:04.930,1.16374,1.16377,0.19,6.38
2020.09.24 11:45:05.292,1.16374,1.16376,0.19,5.56
2020.09.24 11:45:05.463,1.16372,1.16375,10.75,0.10
2020.09.24 11:45:05.666,1.16373,1.16375,0.19,5.56
2020.09.24 11:45:06.094,1.16373,1.16376,0.19,5.63
2020.09.24 11:45:07.057,1.16374,1.16377,2.25,5.56
2020.09.24 11:45:07.210,1.16375,1.16377,1.12,6.38
2020.09.24 11:45:07.311,1.16373,1.16378,11.50,6.38
2020.09.24 11:45:07.463,1.16375,1.16378,2.44,5.56
2020.09.24 11:45:07.565,1.16375,1.1638,12.25,9.76
2020.09.24 11:45:07.666,1.16375,1.16379,13.00,5.56
2020.09.24 11:45:07.881,1.16376,1.16379,0.75,5.56
2020.09.24 11:45:08.054,1.16377,1.1638,7.39,8.63
2020.09.24 11:45:08.156,1.16377,1.16381,9.44,3.07
2020.09.24 11:45:08.582,1.16377,1.1638,1.12,5.56
2020.09.24 11:45:09.263,1.16377,1.16381,1.87,5.63
2020.09.24 11:45:09.365,1.16378,1.16379,1.87,5.56
2020.09.24 11:45:11.145,1.16377,1.16378,10.19,0.10
2020.09.24 11:45:11.246,1.16378,1.16379,0.19,5.63
2020.09.24 11:45:11.654,1.16377,1.16379,0.19,5.56
2020.09.24 11:45:11.757,1.16377,1.1638,1.12,5.63
2020.09.24 11:45:12.448,1.16378,1.1638,16.94,0.10
2020.09.24 11:45:13.489,1.16378,1.1638,16.94,5.56
2020.09.24 11:45:13.591,1.16378,1.1638,0.75,5.56
2020.09.24 11:45:13.693,1.16378,1.16381,13.19,5.63
2020.09.24 11:45:16.063,1.1638,1.16381,0.75,5.63
2020.09.24 11:45:16.165,1.16377,1.1638,13.94,0.10
2020.09.24 11:45:16.267,1.16377,1.16381,11.69,5.63
2020.09.24 11:45:16.370,1.16378,1.16381,0.75,5.63
2020.09.24 11:45:16.625,1.16378,1.1638,13.19,5.56
2020.09.24 11:45:16.880,1.16379,1.1638,0.75,5.63
2020.09.24 11:45:17.421,1.16377,1.1638,9.82,5.63
2020.09.24 11:45:17.524,1.16377,1.16379,0.75,5.56
2020.09.24 11:45:17.678,1.16378,1.16379,12.44,5.56
2020.09.24 11:45:17.779,1.16378,1.1638,3.00,6.01
2020.09.24 11:45:17.881,1.16377,1.1638,3.00,5.56
2020.09.24 11:45:18.529,1.16377,1.16381,2.06,5.63
2020.09.24 11:45:18.632,1.16378,1.16379,2.06,5.56
2020.09.24 11:45:22.950,1.16378,1.1638,12.07,5.63
2020.09.24 11:45:24.297,1.16377,1.1638,2.81,0.10
2020.09.24 11:45:25.689,1.16379,1.1638,0.75,5.56
2020.09.24 11:45:25.791,1.16379,1.16381,0.19,5.56
2020.09.24 11:45:25.892,1.1638,1.16381,0.19,5.63
2020.09.24 11:45:26.090,1.1638,1.16382,0.19,1.50
2020.09.24 11:45:26.141,1.16378,1.16379,9.82,3.94
2020.09.24 11:45:26.192,1.16375,1.16378,0.56,0.10
2020.09.24 11:45:26.294,1.16374,1.16378,2.62,5.56
2020.09.24 11:45:26.667,1.16376,1.16378,4.69,5.56
2020.09.24 11:45:26.769,1.16376,1.16378,14.13,5.63
2020.09.24 11:45:28.172,1.16376,1.1638,0.94,6.01
2020.09.24 11:45:30.760,1.16377,1.1638,0.75,5.63
2020.09.24 11:45:30.912,1.16378,1.16381,5.25,5.56
2020.09.24 11:45:31.014,1.16382,1.16383,8.10,6.01
2020.09.24 11:45:31.065,1.16384,1.16385,1.50,0.26
2020.09.24 11:45:31.115,1.16385,1.16387,0.75,0.10
2020.09.24 11:45:31.318,1.16386,1.16387,10.94,0.19
2020.09.24 11:45:31.420,1.16385,1.16388,10.94,0.19
2020.09.24 11:45:31.521,1.16385,1.16389,11.13,0.10
2020.09.24 11:45:31.635,1.16387,1.16388,0.75,0.10
2020.09.24 11:45:31.737,1.16386,1.16388,10.94,0.10
2020.09.24 11:45:31.840,1.16385,1.16387,12.25,0.85
2020.09.24 11:45:31.892,1.16383,1.16387,0.94,0.82
2020.09.24 11:45:32.065,1.16386,1.16387,0.75,5.71
2020.09.24 11:45:32.218,1.16385,1.16387,12.63,5.63
2020.09.24 11:45:34.244,1.16383,1.16385,9.44,2.14
2020.09.24 11:45:34.295,1.1638,1.16384,1.50,0.82
2020.09.24 11:45:34.397,1.16381,1.16385,2.25,5.71
2020.09.24 11:45:34.914,1.16383,1.16384,3.00,0.10
2020.09.24 11:45:35.016,1.16382,1.16387,11.69,6.01
2020.09.24 11:45:35.219,1.16384,1.16386,9.44,6.01
2020.09.24 11:45:35.419,1.16382,1.16385,2.25,5.56
2020.09.24 11:45:35.572,1.16382,1.16387,2.25,6.01
2020.09.24 11:45:35.674,1.16384,1.16385,0.75,5.63
2020.09.24 11:45:35.777,1.16385,1.16386,1.50,6.31
2020.09.24 11:45:35.930,1.16384,1.16388,1.50,0.10
2020.09.24 11:45:36.183,1.16384,1.16386,10.19,0.82
2020.09.24 11:45:36.285,1.16382,1.16387,16.00,6.38
2020.09.24 11:45:36.538,1.16383,1.16387,9.44,5.63
2020.09.24 11:45:36.747,1.16382,1.16386,7.31,5.56
2020.09.24 11:45:36.853,1.16382,1.16387,7.31,5.63
2020.09.24 11:45:37.140,1.16383,1.16385,16.75,5.56
2020.09.24 11:45:37.258,1.16382,1.16386,13.75,5.56
2020.09.24 11:45:37.892,1.16382,1.16387,13.75,5.63
2020.09.24 11:45:39.886,1.16383,1.16385,13.75,0.10
2020.09.24 11:45:39.988,1.16383,1.16384,0.75,5.56
2020.09.24 11:45:40.090,1.1638,1.16384,0.75,6.38
2020.09.24 11:45:40.758,1.16381,1.16383,14.77,6.31
2020.09.24 11:45:40.860,1.16381,1.16383,2.44,5.56
2020.09.24 11:45:40.962,1.16381,1.16383,12.25,0.10
2020.09.24 11:45:49.031,1.16381,1.16382,9.44,0.10
2020.09.24 11:45:49.133,1.1638,1.16381,9.44,0.10
2020.09.24 11:45:49.185,1.16378,1.16382,12.44,0.10
2020.09.24 11:45:49.390,1.16378,1.16381,14.77,0.10
2020.09.24 11:45:49.492,1.16378,1.16382,9.44,0.10
2020.09.24 11:45:49.593,1.16378,1.16381,9.44,0.10
2020.09.24 11:45:49.694,1.16377,1.16381,15.63,0.10
2020.09.24 11:45:49.796,1.16379,1.1638,9.82,0.10
2020.09.24 11:45:49.917,1.16379,1.16381,9.44,0.10
2020.09.24 11:45:50.145,1.16378,1.16381,9.82,0.10
2020.09.24 11:45:50.782,1.16377,1.16381,11.69,0.10
2020.09.24 11:45:51.600,1.16378,1.16381,9.44,0.10
2020.09.24 11:45:51.701,1.16377,1.16381,11.69,0.10
2020.09.24 11:45:53.231,1.16378,1.16381,9.44,0.10
2020.09.24 11:45:53.851,1.16377,1.16381,11.69,0.10
2020.09.24 11:45:54.464,1.16378,1.16379,9.44,0.45
2020.09.24 11:45:54.566,1.16377,1.16379,9.44,0.10
2020.09.24 11:45:54.617,1.16375,1.16379,11.69,0.10
2020.09.24 11:45:55.476,1.16376,1.1638,10.19,7.13
2020.09.24 11:45:55.577,1.16376,1.16379,10.19,0.10
2020.09.24 11:45:55.729,1.16375,1.16379,0.75,0.10
2020.09.24 11:45:55.839,1.16375,1.16378,0.75,0.10
2020.09.24 11:45:56.041,1.16374,1.16378,13.38,0.10
2020.09.24 11:45:56.143,1.16374,1.16377,3.00,0.10
2020.09.24 11:45:56.346,1.16373,1.16376,3.07,0.10
2020.09.24 11:45:56.714,1.16372,1.16374,9.44,0.37
2020.09.24 11:45:56.815,1.16372,1.16373,1.50,0.37
2020.09.24 11:45:58.652,1.16372,1.16375,12.25,9.38
2020.09.24 11:45:58.754,1.16373,1.16375,1.31,8.56
2020.09.24 11:45:58.855,1.16374,1.16376,0.75,10.51
2020.09.24 11:45:59.209,1.16373,1.16376,10.19,10.51
2020.09.24 11:45:59.677,1.16374,1.16376,9.44,7.13
2020.09.24 11:45:59.891,1.16372,1.16377,10.19,7.13
2020.09.24 11:46:00.150,1.16372,1.16376,10.19,0.10
2020.09.24 11:46:00.454,1.16373,1.16377,9.44,6.38
2020.09.24 11:46:00.505,1.16377,1.16378,2.25,0.82
2020.09.24 11:46:00.556,1.16377,1.1638,0.75,0.45
2020.09.24 11:46:00.860,1.16377,1.16381,10.19,1.01
2020.09.24 11:46:00.961,1.16378,1.16381,0.75,5.82
2020.09.24 11:46:01.866,1.16378,1.1638,0.75,5.56
2020.09.24 11:46:02.183,1.16379,1.1638,0.75,5.82
2020.09.24 11:46:02.634,1.16378,1.1638,0.75,5.56
2020.09.24 11:46:03.531,1.16378,1.16381,0.75,6.57
2020.09.24 11:46:03.582,1.16376,1.16381,13.00,6.57
2020.09.24 11:46:03.734,1.16376,1.1638,15.07,5.56
2020.09.24 11:46:04.492,1.16378,1.16379,9.44,5.56
2020.09.24 11:46:05.130,1.16375,1.16378,14.32,0.10
2020.09.24 11:46:06.254,1.16375,1.16379,4.12,5.63
2020.09.24 11:46:06.355,1.16376,1.1638,11.69,5.82
2020.09.24 11:46:06.462,1.16377,1.1638,9.44,0.26
2020.09.24 11:46:06.622,1.16377,1.16379,11.69,0.26
2020.09.24 11:46:06.724,1.16378,1.16379,9.44,0.26
2020.09.24 11:46:07.164,1.16377,1.1638,14.32,6.01
2020.09.24 11:46:07.266,1.16377,1.16382,10.94,10.51
2020.09.24 11:46:07.518,1.16378,1.16382,9.44,10.51
2020.09.24 11:46:07.620,1.16377,1.16382,11.69,10.51
2020.09.24 11:46:07.812,1.16378,1.16382,9.44,4.20
2020.09.24 11:46:07.914,1.16377,1.1638,10.19,0.26
2020.09.24 11:46:08.016,1.16376,1.16378,12.25,5.66
2020.09.24 11:46:08.117,1.16375,1.16378,10.38,0.10
2020.09.24 11:46:08.269,1.16375,1.16377,15.82,0.10
2020.09.24 11:46:08.824,1.16375,1.16378,9.44,0.10
2020.09.24 11:46:08.925,1.16374,1.16378,12.07,0.10
2020.09.24 11:46:09.338,1.16375,1.16378,9.44,5.63
2020.09.24 11:46:09.765,1.16375,1.16376,10.19,0.10
2020.09.24 11:46:09.867,1.16375,1.16376,9.44,0.10
2020.09.24 11:46:09.968,1.16374,1.16376,11.32,5.63
2020.09.24 11:46:10.070,1.16375,1.16376,9.44,0.10
2020.09.24 11:46:10.172,1.16374,1.16376,0.75,5.63
2020.09.24 11:46:10.273,1.16375,1.16377,1.50,5.56
2020.09.24 11:46:10.374,1.16375,1.16378,10.38,0.10
2020.09.24 11:46:10.631,1.16375,1.16379,11.50,5.63
2020.09.24 11:46:10.889,1.16377,1.16378,9.44,5.63
2020.09.24 11:46:10.995,1.16375,1.16379,11.50,5.63
2020.09.24 11:46:11.096,1.16376,1.16379,0.19,5.63
2020.09.24 11:46:11.257,1.16376,1.1638,0.19,7.13
2020.09.24 11:46:12.479,1.16376,1.16378,11.32,0.10
2020.09.24 11:46:12.581,1.16374,1.16377,10.19,0.26
2020.09.24 11:46:12.682,1.16373,1.16377,0.75,6.57
2020.09.24 11:46:14.467,1.16373,1.16375,14.32,1.79
2020.09.24 11:46:14.569,1.16372,1.16374,9.44,0.10
2020.09.24 11:46:14.620,1.16371,1.16373,10.38,0.10
2020.09.24 11:46:15.080,1.1637,1.16373,10.19,0.10
2020.09.24 11:46:16.631,1.16369,1.16371,9.44,0.82
2020.09.24 11:46:16.682,1.16368,1.1637,11.32,0.10
2020.09.24 11:46:18.320,1.16367,1.1637,10.94,0.10
2020.09.24 11:46:18.460,1.16368,1.1637,10.19,5.56
2020.09.24 11:46:18.662,1.16367,1.16372,10.57,11.45
2020.09.24 11:46:19.123,1.16367,1.16371,10.57,0.10
2020.09.24 11:46:19.225,1.16367,1.16368,10.57,0.10
2020.09.24 11:46:19.988,1.16365,1.16369,15.07,5.63
2020.09.24 11:46:20.090,1.16365,1.16367,10.57,0.10
2020.09.24 11:46:20.192,1.16364,1.16367,11.32,8.63
2020.09.24 11:46:20.396,1.16364,1.16368,9.44,5.63
2020.09.24 11:46:20.498,1.16363,1.16368,11.32,5.63
2020.09.24 11:46:20.549,1.16366,1.16367,0.75,5.56
2020.09.24 11:46:20.650,1.16365,1.16369,10.19,5.56
2020.09.24 11:46:20.802,1.16366,1.1637,9.44,9.38
2020.09.24 11:46:21.455,1.16367,1.1637,9.44,1.76
2020.09.24 11:46:21.658,1.16366,1.1637,9.44,1.76
2020.09.24 11:46:21.911,1.16365,1.1637,11.32,4.76
2020.09.24 11:46:22.063,1.16365,1.16369,11.32,1.01
2020.09.24 11:46:22.165,1.16365,1.16367,9.44,0.10
2020.09.24 11:46:22.216,1.16363,1.16367,1.87,0.10
2020.09.24 11:46:23.374,1.16364,1.16367,0.75,0.10
2020.09.24 11:46:23.817,1.16365,1.16367,2.25,5.82
2020.09.24 11:46:23.919,1.16365,1.16369,12.07,5.82
2020.09.24 11:46:24.807,1.16366,1.16369,9.44,0.26
2020.09.24 11:46:24.908,1.16366,1.16368,9.44,0.26
2020.09.24 11:46:24.959,1.16364,1.16368,2.62,5.82
2020.09.24 11:46:26.120,1.16364,1.16367,10.57,0.10
2020.09.24 11:46:26.883,1.16363,1.16367,1.12,10.32
2020.09.24 11:46:26.934,1.16363,1.16365,1.12,1.01
2020.09.24 11:46:27.036,1.16363,1.16364,1.12,6.57
2020.09.24 11:46:28.544,1.16361,1.16365,1.87,6.57
2020.09.24 11:46:28.646,1.1636,1.16363,0.10,6.38
2020.09.24 11:46:28.748,1.16359,1.16363,12.25,6.38
2020.09.24 11:46:29.213,1.16359,1.16362,5.62,5.75
2020.09.24 11:46:29.315,1.1636,1.16362,5.81,6.38
2020.09.24 11:46:29.628,1.16359,1.16362,3.75,0.26
2020.09.24 11:46:29.730,1.1636,1.16362,0.19,0.75
2020.09.24 11:46:29.782,1.16364,1.16365,0.75,1.50
2020.09.24 11:46:29.834,1.16364,1.16367,2.25,0.94
2020.09.24 11:46:29.936,1.16364,1.16366,17.88,0.94
2020.09.24 11:46:30.443,1.16363,1.16366,1.12,0.19
2020.09.24 11:46:30.544,1.16364,1.16366,9.44,0.19
2020.09.24 11:46:30.747,1.16362,1.16366,10.94,0.94
2020.09.24 11:46:30.848,1.16362,1.16365,10.19,0.10
2020.09.24 11:46:31.001,1.16362,1.16366,10.19,6.57
2020.09.24 11:46:31.052,1.16362,1.16364,10.57,0.19
2020.09.24 11:46:31.154,1.16362,1.16364,10.57,0.94
2020.09.24 11:46:31.255,1.16362,1.16366,0.75,6.57
2020.09.24 11:46:32.047,1.16363,1.16366,10.19,0.94
2020.09.24 11:46:32.432,1.16366,1.16367,1.12,7.25
2020.09.24 11:46:32.535,1.16366,1.16368,1.50,5.56
2020.09.24 11:46:32.638,1.16366,1.16369,10.94,0.19
2020.09.24 11:46:32.740,1.16368,1.16369,0.75,6.50
2020.09.24 11:46:32.791,1.16365,1.16369,15.89,0.19
2020.09.24 11:46:33.598,1.16365,1.16368,11.69,5.82
2020.09.24 11:46:33.811,1.16364,1.16368,11.69,0.19
2020.09.24 11:46:35.435,1.16363,1.16367,13.27,1.01
2020.09.24 11:46:36.977,1.16362,1.16365,10.57,0.19
2020.09.24 11:46:37.078,1.16362,1.16364,9.44,0.19
2020.09.24 11:46:37.129,1.16362,1.16366,10.19,7.32
2020.09.24 11:46:37.281,1.16362,1.16364,14.32,1.01
2020.09.24 11:46:37.383,1.16361,1.16366,14.32,8.07
2020.09.24 11:46:37.484,1.16362,1.16366,0.75,7.32
2020.09.24 11:46:38.506,1.16363,1.16366,0.75,7.32
2020.09.24 11:46:38.608,1.16364,1.16368,10.19,9.57
2020.09.24 11:46:38.709,1.16365,1.16368,9.44,9.50
2020.09.24 11:46:39.023,1.16363,1.16368,13.45,3.94
2020.09.24 11:46:39.134,1.16364,1.16368,9.44,3.94
2020.09.24 11:46:39.286,1.16364,1.16367,13.45,9.50
2020.09.24 11:46:40.315,1.16365,1.16368,9.44,9.50
2020.09.24 11:46:40.428,1.16364,1.16367,13.45,9.50
2020.09.24 11:46:40.655,1.16364,1.16368,9.44,3.94
2020.09.24 11:46:41.966,1.16365,1.16366,9.44,0.94
2020.09.24 11:46:42.068,1.16363,1.16367,10.19,6.50
2020.09.24 11:46:43.339,1.16364,1.16367,9.44,6.50
2020.09.24 11:46:43.490,1.16363,1.16367,10.19,0.94
2020.09.24 11:46:43.592,1.16365,1.16368,1.50,5.93
2020.09.24 11:46:43.694,1.16365,1.16369,11.32,6.50
2020.09.24 11:46:43.795,1.16366,1.16369,3.00,0.94
2020.09.24 11:46:44.048,1.16365,1.16369,13.19,6.50
2020.09.24 11:46:44.952,1.16366,1.16369,3.75,0.94
2020.09.24 11:46:45.823,1.16366,1.1637,14.02,0.94
2020.09.24 11:46:46.443,1.16367,1.1637,9.44,0.94
2020.09.24 11:46:46.545,1.16366,1.1637,14.02,0.94
2020.09.24 11:46:46.710,1.16367,1.16369,13.19,1.04
2020.09.24 11:46:46.812,1.16366,1.16368,16.75,0.10
2020.09.24 11:46:46.948,1.16366,1.16369,16.83,1.76
2020.09.24 11:46:47.282,1.16366,1.1637,9.44,1.76
2020.09.24 11:46:49.600,1.16367,1.1637,9.44,1.69
2020.09.24 11:46:49.708,1.16366,1.16369,17.58,1.69
2020.09.24 11:46:50.499,1.16366,1.1637,9.44,7.25
2020.09.24 11:46:50.601,1.16365,1.1637,16.83,7.25
2020.09.24 11:46:50.815,1.16365,1.16369,15.25,1.50
2020.09.24 11:46:51.356,1.16366,1.16369,9.44,1.31
2020.09.24 11:46:51.457,1.16367,1.16369,9.44,2.81
2020.09.24 11:46:52.531,1.16366,1.16369,16.64,2.81
2020.09.24 11:46:52.756,1.16366,1.1637,9.44,2.81
2020.09.24 11:46:52.857,1.16366,1.16369,15.07,3.00
2020.09.24 11:46:54.633,1.16365,1.16368,12.07,0.75
2020.09.24 11:46:58.720,1.16366,1.16369,12.44,1.69
2020.09.24 11:46:58.771,1.16369,1.1637,0.75,8.45
2020.09.24 11:46:58.823,1.16369,1.16371,0.75,8.00
2020.09.24 11:46:58.874,1.16368,1.1637,1.12,2.25
2020.09.24 11:46:58.975,1.16367,1.16368,11.69,0.75
2020.09.24 11:46:59.076,1.16365,1.16369,3.26,0.75
2020.09.24 11:46:59.351,1.16365,1.16368,9.52,0.82
2020.09.24 11:46:59.452,1.16364,1.16368,2.25,8.63
2020.09.24 11:47:00.560,1.16364,1.16366,11.77,1.01
2020.09.24 11:47:00.662,1.16363,1.16366,0.75,1.01
2020.09.24 11:47:00.813,1.16363,1.16365,0.75,5.56
2020.09.24 11:47:02.219,1.16363,1.16366,10.19,7.70
2020.09.24 11:47:03.044,1.16363,1.16364,10.57,5.56
2020.09.24 11:47:03.145,1.16363,1.16366,0.75,6.57
2020.09.24 11:47:03.815,1.16364,1.16367,4.57,6.68
2020.09.24 11:47:03.943,1.16366,1.16369,9.44,5.75
2020.09.24 11:47:04.045,1.16367,1.16369,0.75,5.75
2020.09.24 11:47:05.277,1.16365,1.16369,0.75,5.75
2020.09.24 11:47:05.501,1.16365,1.16368,10.19,0.10
2020.09.24 11:47:05.603,1.16364,1.16368,12.07,5.82
2020.09.24 11:47:06.458,1.16364,1.16365,0.75,0.94
2020.09.24 11:47:11.175,1.16365,1.16366,0.75,8.07
2020.09.24 11:47:11.277,1.16365,1.16368,3.00,5.75
2020.09.24 11:47:11.429,1.16365,1.16367,12.07,1.76
2020.09.24 11:47:13.087,1.16363,1.16365,9.44,0.94
2020.09.24 11:47:13.593,1.16363,1.16366,0.75,0.19
2020.09.24 11:47:13.694,1.16365,1.16366,3.00,5.56
2020.09.24 11:47:13.796,1.16364,1.16368,13.27,0.19
2020.09.24 11:47:13.898,1.16365,1.16369,9.44,5.75
2020.09.24 11:47:14.151,1.16366,1.16369,3.00,0.19
2020.09.24 11:47:15.064,1.16366,1.16368,10.19,0.19
2020.09.24 11:47:15.580,1.16366,1.16369,3.00,0.19
2020.09.24 11:47:15.682,1.16366,1.1637,9.44,1.95
2020.09.24 11:47:18.546,1.16366,1.16369,0.75,5.56
2020.09.24 11:47:18.648,1.16367,1.16369,0.75,7.51
2020.09.24 11:47:19.177,1.16365,1.1637,10.19,8.26
2020.09.24 11:47:19.279,1.16366,1.1637,9.44,2.70
2020.09.24 11:47:19.439,1.16366,1.16369,9.44,0.10
2020.09.24 11:47:19.540,1.16366,1.16368,9.44,0.82
2020.09.24 11:47:19.591,1.16363,1.16368,12.25,6.38
2020.09.24 11:47:19.902,1.16364,1.16366,10.94,0.82
2020.09.24 11:47:20.358,1.16365,1.16368,5.06,6.68
2020.09.24 11:47:20.459,1.16366,1.16369,12.44,0.82
2020.09.24 11:47:27.182,1.16365,1.16368,9.44,6.31
2020.09.24 11:47:27.284,1.16365,1.16367,9.44,0.75
2020.09.24 11:47:27.385,1.16365,1.16366,10.19,0.75
2020.09.24 11:47:27.689,1.16364,1.16368,10.94,0.75
2020.09.24 11:47:27.790,1.16365,1.16368,9.44,0.75
2020.09.24 11:47:27.892,1.16364,1.16368,9.44,1.12
2020.09.24 11:47:28.838,1.16364,1.16367,9.44,0.75
2020.09.24 11:47:28.940,1.16363,1.16367,10.94,0.75
2020.09.24 11:47:29.042,1.16365,1.16368,12.44,0.75
2020.09.24 11:47:33.255,1.16365,1.16369,12.44,1.78
2020.09.24 11:47:33.407,1.16366,1.16369,9.44,1.03
2020.09.24 11:47:33.508,1.16366,1.16368,9.82,1.03
2020.09.24 11:47:33.610,1.16367,1.16368,12.44,0.96
2020.09.24 11:47:36.418,1.16366,1.16368,10.19,0.77
2020.09.24 11:47:36.591,1.16366,1.16369,9.44,0.77
2020.09.24 11:47:37.112,1.16366,1.16368,10.19,0.75
2020.09.24 11:47:37.214,1.16366,1.16369,9.44,6.31
2020.09.24 11:47:37.420,1.16365,1.16369,10.64,0.75
2020.09.24 11:47:39.051,1.16366,1.16369,9.44,0.75
2020.09.24 11:47:39.204,1.16366,1.16368,11.02,0.75
2020.09.24 11:47:39.709,1.16366,1.16369,9.44,0.75
2020.09.24 11:47:40.311,1.16365,1.16369,10.19,0.75
2020.09.24 11:47:41.690,1.16366,1.16369,9.44,0.75
2020.09.24 11:47:43.328,1.16365,1.16369,10.57,6.31
2020.09.24 11:47:43.442,1.16367,1.16368,9.44,0.75
2020.09.24 11:47:43.959,1.16365,1.16369,10.19,0.82
2020.09.24 11:47:44.699,1.16366,1.16369,9.44,0.75
2020.09.24 11:47:45.710,1.16365,1.16369,10.57,0.75
2020.09.24 11:47:46.420,1.16366,1.16369,9.44,0.75
2020.09.24 11:47:46.521,1.16365,1.16369,10.57,0.75
2020.09.24 11:47:46.673,1.16366,1.16369,9.44,0.75
2020.09.24 11:47:46.775,1.16365,1.16369,10.57,0.75
2020.09.24 11:47:47.000,1.16367,1.16368,9.44,0.75
2020.09.24 11:47:47.863,1.16366,1.1637,1.50,1.20
2020.09.24 11:47:47.964,1.16367,1.1637,9.44,0.10
2020.09.24 11:47:48.117,1.16368,1.1637,9.44,7.32
2020.09.24 11:47:49.572,1.16366,1.16371,12.33,7.32
2020.09.24 11:47:49.674,1.16367,1.16371,9.44,1.76
2020.09.24 11:47:50.038,1.16367,1.1637,0.75,0.19
2020.09.24 11:47:51.324,1.16368,1.1637,0.75,0.19
2020.09.24 11:47:52.069,1.16369,1.1637,0.75,6.57
2020.09.24 11:47:52.322,1.16368,1.1637,0.75,0.19
2020.09.24 11:47:52.542,1.16369,1.1637,0.75,6.57
2020.09.24 11:47:52.915,1.16369,1.16371,0.75,5.56
2020.09.24 11:47:52.968,1.1637,1.16373,0.75,9.01
2020.09.24 11:47:53.070,1.16371,1.16373,0.75,5.56
2020.09.24 11:47:53.172,1.16371,1.16374,10.19,5.56
2020.09.24 11:47:53.273,1.16371,1.16375,10.19,5.82
2020.09.24 11:47:53.533,1.16372,1.16374,13.94,5.75
2020.09.24 11:47:53.635,1.16371,1.16375,13.19,5.75
2020.09.24 11:47:53.750,1.16371,1.16374,10.19,5.56
2020.09.24 11:47:53.861,1.16372,1.16374,10.19,5.75
2020.09.24 11:47:54.713,1.16372,1.16375,9.44,0.26
2020.09.24 11:47:55.031,1.16371,1.16375,10.19,0.26
2020.09.24 11:47:55.841,1.16371,1.16374,10.94,5.56
2020.09.24 11:47:55.961,1.16371,1.16375,10.94,0.26
2020.09.24 11:47:56.562,1.16372,1.16375,9.44,0.26
2020.09.24 11:47:58.840,1.16372,1.16373,11.69,5.56
2020.09.24 11:47:58.941,1.16371,1.16375,11.69,0.26
2020.09.24 11:47:59.552,1.16372,1.16375,9.44,0.26
2020.09.24 11:47:59.755,1.16371,1.16375,11.69,5.82
2020.09.24 11:47:59.957,1.16371,1.16374,9.44,1.69
2020.09.24 11:48:00.008,1.16369,1.16371,0.75,0.26
2020.09.24 11:48:00.110,1.16369,1.1637,0.75,6.31
2020.09.24 11:48:00.211,1.16368,1.1637,12.44,6.57
2020.09.24 11:48:00.313,1.16367,1.1637,13.19,0.10
2020.09.24 11:48:00.942,1.16367,1.16371,10.57,5.63
2020.09.24 11:48:01.044,1.16369,1.1637,1.50,5.56
2020.09.24 11:48:01.145,1.16369,1.16371,10.94,5.63
2020.09.24 11:48:01.297,1.16368,1.16371,1.50,5.56
2020.09.24 11:48:01.449,1.16368,1.16372,10.94,5.63
2020.09.24 11:48:03.075,1.1637,1.16372,9.44,6.57
2020.09.24 11:48:03.181,1.16369,1.16371,10.94,5.63
2020.09.24 11:48:03.893,1.16369,1.1637,10.19,0.26
2020.09.24 11:48:03.994,1.16368,1.16369,10.19,0.10
2020.09.24 11:48:05.159,1.16367,1.16371,0.75,7.32
2020.09.24 11:48:05.261,1.16367,1.1637,0.75,5.56
2020.09.24 11:48:05.362,1.16368,1.1637,10.19,7.32
2020.09.24 11:48:06.185,1.16368,1.16369,10.19,5.56
2020.09.24 11:48:06.353,1.16367,1.16371,0.75,7.32
2020.09.24 11:48:08.562,1.16368,1.16371,0.75,6.57
2020.09.24 11:48:08.613,1.1637,1.16372,2.62,0.82
2020.09.24 11:48:08.766,1.1637,1.16373,0.19,0.10
2020.09.24 11:48:09.223,1.1637,1.16372,1.31,5.63
2020.09.24 11:48:09.324,1.16369,1.16372,9.44,0.10
2020.09.24 11:48:09.426,1.16368,1.16372,15.25,5.63
2020.09.24 11:48:09.528,1.16369,1.16373,9.44,5.82
2020.09.24 11:48:10.186,1.16368,1.16373,14.88,0.26
2020.09.24 11:48:10.287,1.16369,1.16373,9.44,0.26
2020.09.24 11:48:10.389,1.16368,1.16373,14.88,5.82
2020.09.24 11:48:11.072,1.16369,1.16373,9.44,0.26
2020.09.24 11:48:11.173,1.16369,1.16372,16.00,0.26
2020.09.24 11:48:11.309,1.1637,1.16372,9.44,6.57
2020.09.24 11:48:11.410,1.16368,1.16372,15.25,5.56
2020.09.24 11:48:11.512,1.16368,1.16373,15.25,6.57
2020.09.24 11:48:11.748,1.1637,1.16372,9.44,6.57
2020.09.24 11:48:12.001,1.16368,1.16373,14.88,6.57
2020.09.24 11:48:12.292,1.16368,1.16372,13.38,0.10
2020.09.24 11:48:12.394,1.16369,1.16372,11.88,5.90
2020.09.24 11:48:12.496,1.16371,1.16373,0.75,5.63
2020.09.24 11:48:12.649,1.1637,1.16373,10.19,0.10
2020.09.24 11:48:12.751,1.1637,1.16374,10.38,6.38
2020.09.24 11:48:13.111,1.16371,1.16374,9.44,5.63
2020.09.24 11:48:13.337,1.1637,1.16374,11.88,5.63
2020.09.24 11:48:13.865,1.16371,1.16374,9.44,5.63
2020.09.24 11:48:15.056,1.1637,1.16374,11.88,5.63
2020.09.24 11:48:15.161,1.16371,1.16374,4.50,5.56
2020.09.24 11:48:15.263,1.16371,1.16375,13.94,5.82
2020.09.24 11:48:15.497,1.16372,1.16375,9.44,5.82
2020.09.24 11:48:15.649,1.16375,1.16377,1.50,2.70
2020.09.24 11:48:15.751,1.16376,1.16378,11.32,6.38
2020.09.24 11:48:17.111,1.16375,1.16378,0.75,0.10
2020.09.24 11:48:19.036,1.16377,1.16378,0.75,5.56
2020.09.24 11:48:19.289,1.16376,1.16378,10.19,6.38
2020.09.24 11:48:19.391,1.16376,1.16377,0.75,5.56
2020.09.24 11:48:19.542,1.16375,1.16379,13.94,5.63
2020.09.24 11:48:20.091,1.16375,1.16378,3.00,5.63
2020.09.24 11:48:20.293,1.16374,1.16378,13.94,6.38
2020.09.24 11:48:20.394,1.16374,1.16377,4.50,5.56
2020.09.24 11:48:20.546,1.16374,1.16378,12.07,5.63
2020.09.24 11:48:23.457,1.16375,1.16379,1.50,6.31
2020.09.24 11:48:23.558,1.16376,1.16379,9.44,6.31
2020.09.24 11:48:23.660,1.16375,1.16379,10.94,6.31
2020.09.24 11:48:24.793,1.16377,1.16378,9.44,6.38
2020.09.24 11:48:24.894,1.16375,1.16379,10.94,6.38
2020.09.24 11:48:26.109,1.16375,1.16378,9.44,0.82
2020.09.24 11:48:26.210,1.16374,1.16377,9.44,0.10
2020.09.24 11:48:26.311,1.16373,1.16377,2.25,5.63
2020.09.24 11:48:26.413,1.16373,1.16375,0.75,0.10
2020.09.24 11:48:26.515,1.16372,1.16375,9.44,0.10
2020.09.24 11:48:26.667,1.16371,1.16375,14.32,5.82
2020.09.24 11:48:27.862,1.16372,1.16375,9.44,5.82
2020.09.24 11:48:28.141,1.16371,1.16375,4.87,5.82
2020.09.24 11:48:28.850,1.16372,1.16375,0.75,5.82
2020.09.24 11:48:30.967,1.16373,1.16375,9.44,0.26
2020.09.24 11:48:31.068,1.16372,1.16375,10.19,0.26
2020.09.24 11:48:31.345,1.16373,1.16376,0.75,2.32
2020.09.24 11:48:31.702,1.16375,1.16377,1.50,5.56
2020.09.24 11:48:31.804,1.16377,1.16379,1.50,5.56
2020.09.24 11:48:31.855,1.16377,1.1638,0.75,5.56
2020.09.24 11:48:32.006,1.16377,1.16381,0.75,6.87
2020.09.24 11:48:32.108,1.16377,1.1638,0.75,5.56
2020.09.24 11:48:32.551,1.16378,1.1638,0.75,6.87
2020.09.24 11:48:32.756,1.16378,1.16379,1.50,5.56
2020.09.24 11:48:32.858,1.16379,1.16381,2.44,5.56
2020.09.24 11:48:32.909,1.16381,1.16384,4.50,1.50
2020.09.24 11:48:33.286,1.16381,1.16383,12.25,5.56
2020.09.24 11:48:33.506,1.16382,1.16383,10.94,0.10
2020.09.24 11:48:33.818,1.16383,1.16384,9.44,6.76
2020.09.24 11:48:34.305,1.16381,1.16384,10.94,0.10
2020.09.24 11:48:34.407,1.16383,1.16384,0.75,6.76
2020.09.24 11:48:34.508,1.16382,1.16385,0.75,6.76
2020.09.24 11:48:35.728,1.16381,1.16384,11.13,0.10
2020.09.24 11:48:35.830,1.16381,1.16383,0.75,0.10
2020.09.24 11:48:35.932,1.16381,1.16382,10.19,0.10
2020.09.24 11:48:36.085,1.1638,1.16382,0.75,5.56
2020.09.24 11:48:36.188,1.1638,1.16383,0.75,5.63
2020.09.24 11:48:36.685,1.16379,1.16383,2.44,5.63
2020.09.24 11:48:37.214,1.1638,1.16383,9.44,0.10
2020.09.24 11:48:37.386,1.16379,1.16383,12.44,0.10
2020.09.24 11:48:37.588,1.16382,1.16383,1.50,5.56
2020.09.24 11:48:37.691,1.16382,1.16385,0.75,6.38
2020.09.24 11:48:39.139,1.16382,1.16386,10.19,1.39
2020.09.24 11:48:40.188,1.16385,1.16386,1.69,7.43
2020.09.24 11:48:40.391,1.16384,1.16386,9.44,7.12
2020.09.24 11:48:40.492,1.16383,1.16385,9.44,0.82
2020.09.24 11:48:40.594,1.16383,1.16384,10.19,0.82
2020.09.24 11:48:42.059,1.16384,1.16386,1.50,0.75
2020.09.24 11:48:42.212,1.16383,1.16386,10.38,0.10
2020.09.24 11:48:42.313,1.16383,1.16385,0.75,0.10
2020.09.24 11:48:42.954,1.16382,1.16385,0.94,5.63
2020.09.24 11:48:43.107,1.16382,1.16384,9.44,0.10
2020.09.24 11:48:43.158,1.1638,1.16382,0.10,0.10
2020.09.24 11:48:43.260,1.16379,1.16382,9.44,0.10
2020.09.24 11:48:43.361,1.16378,1.16382,10.94,0.82
2020.09.24 11:48:43.514,1.16378,1.16381,0.75,5.56
2020.09.24 11:48:43.969,1.16378,1.16382,0.75,7.13
2020.09.24 11:48:45.592,1.16379,1.1638,10.19,0.10
2020.09.24 11:48:51.649,1.16378,1.1638,0.75,5.63
2020.09.24 11:48:52.113,1.16374,1.16376,0.10,0.26
2020.09.24 11:48:52.215,1.16371,1.16375,12.82,5.82
2020.09.24 11:48:52.316,1.16372,1.16373,0.37,5.56
2020.09.24 11:48:54.804,1.16371,1.16372,10.94,2.51
2020.09.24 11:48:54.855,1.16368,1.16372,12.07,0.10
2020.09.24 11:48:54.907,1.1637,1.16372,0.75,0.10
2020.09.24 11:48:56.217,1.16372,1.16373,0.75,6.76
2020.09.24 11:48:56.319,1.16373,1.16374,11.50,1.01
2020.09.24 11:48:57.245,1.16372,1.16375,4.87,6.57
2020.09.24 11:48:58.372,1.16373,1.16374,0.37,6.57
2020.09.24 11:48:58.473,1.16373,1.16374,0.37,6.50
2020.09.24 11:48:59.112,1.16372,1.16374,4.87,6.60
2020.09.24 11:48:59.734,1.16371,1.16373,0.37,0.10
2020.09.24 11:48:59.835,1.1637,1.16373,2.06,0.10
2020.09.24 11:49:00.977,1.16371,1.16373,1.12,0.10
2020.09.24 11:49:01.795,1.16371,1.16373,14.32,0.85
2020.09.24 11:49:02.802,1.16369,1.16371,9.44,0.10
2020.09.24 11:49:02.903,1.16368,1.16371,11.32,0.10
2020.09.24 11:49:03.056,1.16368,1.1637,12.63,5.56
2020.09.24 11:49:03.158,1.16368,1.16371,1.87,0.10
2020.09.24 11:49:05.471,1.16371,1.16373,1.50,4.46
2020.09.24 11:49:05.522,1.16373,1.16374,0.75,0.56
2020.09.24 11:49:05.624,1.16372,1.16374,1.50,5.63
2020.09.24 11:49:07.950,1.16372,1.16375,2.06,0.26
2020.09.24 11:49:08.052,1.16375,1.16377,0.75,5.71
2020.09.24 11:49:08.153,1.16376,1.16378,1.12,5.56
2020.09.24 11:49:08.255,1.16376,1.16377,10.19,0.10
2020.09.24 11:49:09.331,1.16375,1.16376,11.32,5.63
2020.09.24 11:49:10.081,1.16375,1.16378,1.87,5.63
2020.09.24 11:49:22.588,1.16376,1.16379,0.75,6.38
2020.09.24 11:49:24.842,1.16378,1.1638,0.94,0.15
2020.09.24 11:49:24.944,1.16378,1.16381,2.06,5.82
2020.09.24 11:49:25.377,1.16377,1.16381,11.50,5.63
2020.09.24 11:49:25.478,1.16378,1.16381,3.00,0.10
2020.09.24 11:49:26.079,1.16377,1.16381,11.50,0.10
2020.09.24 11:49:26.742,1.16378,1.16381,3.00,0.10
2020.09.24 11:49:27.169,1.16378,1.16382,13.94,5.82
2020.09.24 11:49:27.271,1.16379,1.16382,0.37,0.26
2020.09.24 11:49:27.524,1.16379,1.16381,4.91,5.82
2020.09.24 11:49:27.626,1.16379,1.16382,0.37,0.26
2020.09.24 11:49:28.836,1.16379,1.16381,0.37,0.10
2020.09.24 11:49:31.710,1.16378,1.16381,4.31,5.63
2020.09.24 11:49:31.913,1.16378,1.16382,4.87,6.08
2020.09.24 11:49:34.383,1.1638,1.16382,0.75,5.56
2020.09.24 11:49:34.434,1.16381,1.16384,1.50,0.10
2020.09.24 11:49:34.485,1.16383,1.16385,1.87,6.31
2020.09.24 11:49:34.637,1.16384,1.16385,1.87,0.26
2020.09.24 11:49:35.914,1.16385,1.16386,1.50,5.56
2020.09.24 11:49:35.965,1.16387,1.16388,0.37,7.51
2020.09.24 11:49:36.067,1.16388,1.16391,1.12,8.25
2020.09.24 11:49:36.169,1.16389,1.16392,1.69,6.50
2020.09.24 11:49:37.112,1.16389,1.16391,14.32,5.85
2020.09.24 11:49:37.315,1.1639,1.16391,1.12,8.15
2020.09.24 11:49:37.417,1.16389,1.1639,1.87,0.10
2020.09.24 11:49:37.520,1.16389,1.16391,1.87,3.71
2020.09.24 11:49:39.164,1.16388,1.16391,1.12,5.56
2020.09.24 11:49:39.265,1.16388,1.1639,1.12,5.56
2020.09.24 11:49:39.610,1.16388,1.16392,1.12,8.90
2020.09.24 11:49:40.661,1.16387,1.16392,14.32,9.27
2020.09.24 11:49:40.914,1.16388,1.16392,1.87,7.77
2020.09.24 11:49:41.173,1.16389,1.1639,11.50,5.56
2020.09.24 11:49:41.376,1.16387,1.16391,11.50,0.10
2020.09.24 11:49:42.897,1.16387,1.16392,11.32,8.52
2020.09.24 11:49:42.999,1.16388,1.16392,2.06,7.32
2020.09.24 11:49:43.960,1.16388,1.1639,0.75,0.75
2020.09.24 11:49:44.062,1.16387,1.16389,10.19,6.07
2020.09.24 11:49:44.113,1.16385,1.16388,0.37,0.10
2020.09.24 11:49:44.215,1.16385,1.16387,11.50,0.10
2020.09.24 11:49:44.812,1.16386,1.16389,0.75,6.31
2020.09.24 11:49:44.914,1.16388,1.1639,0.75,6.57
2020.09.24 11:49:45.727,1.16386,1.16388,1.12,0.82
2020.09.24 11:49:45.828,1.16385,1.16387,10.19,1.27
2020.09.24 11:49:45.980,1.16384,1.16387,0.75,5.56
2020.09.24 11:49:46.081,1.16383,1.16388,12.44,9.08
2020.09.24 11:49:46.183,1.16384,1.16388,10.94,8.63
2020.09.24 11:49:46.495,1.16384,1.16387,1.69,5.56
2020.09.24 11:49:46.602,1.16385,1.16387,1.69,8.63
2020.09.24 11:49:47.350,1.16387,1.16388,1.50,8.63
2020.09.24 11:49:47.452,1.16387,1.16391,10.94,9.01
2020.09.24 11:49:48.329,1.16387,1.16392,1.69,12.50
2020.09.24 11:49:48.482,1.16388,1.16392,0.75,5.56
2020.09.24 11:49:48.583,1.1639,1.16392,10.57,7.62
2020.09.24 11:49:48.838,1.1639,1.16393,6.00,5.75
2020.09.24 11:49:48.939,1.16391,1.16395,10.94,6.50
2020.09.24 11:49:50.122,1.16392,1.16395,0.10,0.94
2020.09.24 11:49:50.275,1.16396,1.16398,0.10,1.12
2020.09.24 11:49:50.326,1.16397,1.164,1.12,1.50
2020.09.24 11:49:50.889,1.16397,1.16401,11.50,5.56
2020.09.24 11:49:51.444,1.16397,1.164,11.58,5.56
2020.09.24 11:49:51.545,1.16398,1.164,11.58,5.75
2020.09.24 11:49:52.320,1.16398,1.16401,1.39,5.56
2020.09.24 11:49:52.472,1.16395,1.16397,0.75,0.75
2020.09.24 11:49:52.574,1.16392,1.16396,10.57,0.75
2020.09.24 11:49:53.080,1.16392,1.16397,1.12,7.70
2020.09.24 11:49:53.182,1.16392,1.16396,1.12,5.56
2020.09.24 11:49:53.283,1.16392,1.16397,1.12,7.70
2020.09.24 11:49:54.356,1.16394,1.16396,0.10,6.95
2020.09.24 11:49:54.611,1.16394,1.16397,0.10,5.56
2020.09.24 11:49:54.713,1.16394,1.16399,2.89,7.02
2020.09.24 11:49:55.240,1.16394,1.16398,1.95,0.75
2020.09.24 11:49:55.341,1.16395,1.16398,2.14,8.90
2020.09.24 11:49:55.443,1.16395,1.16399,0.10,6.95
2020.09.24 11:49:55.798,1.16395,1.16397,0.10,5.56
2020.09.24 11:49:55.900,1.16395,1.16399,0.10,6.95
2020.09.24 11:49:56.003,1.16394,1.16398,2.62,0.45
2020.09.24 11:49:56.105,1.16393,1.16398,12.52,7.70
2020.09.24 11:49:56.207,1.16393,1.16397,12.52,5.56
2020.09.24 11:49:56.359,1.16394,1.16395,0.75,1.69
2020.09.24 11:49:56.461,1.16392,1.16396,3.75,6.20
2020.09.24 11:49:58.716,1.16392,1.16395,14.58,0.64
2020.09.24 11:49:59.021,1.16392,1.16396,9.44,6.20
2020.09.24 11:49:59.281,1.16393,1.16396,0.10,0.19
2020.09.24 11:49:59.483,1.16393,1.16397,0.10,6.31
2020.09.24 11:50:00.012,1.16393,1.16398,9.52,9.31
2020.09.24 11:50:00.373,1.16395,1.16397,9.44,8.37
2020.09.24 11:50:00.517,1.16393,1.16398,15.33,8.18
2020.09.24 11:50:02.294,1.16395,1.16397,1.87,7.06
2020.09.24 11:50:02.418,1.16394,1.16397,12.33,7.06
2020.09.24 11:50:03.043,1.16394,1.16398,4.12,7.06
2020.09.24 11:50:03.245,1.16394,1.16396,1.12,5.56
2020.09.24 11:50:03.636,1.16394,1.16397,1.12,5.56
2020.09.24 11:50:04.321,1.16394,1.16398,11.32,6.31
2020.09.24 11:50:04.726,1.16394,1.16397,1.87,5.56
2020.09.24 11:50:04.828,1.16394,1.16396,1.12,5.56
2020.09.24 11:50:05.184,1.16394,1.16397,1.12,5.56
2020.09.24 11:50:05.491,1.16394,1.16396,4.87,5.56
2020.09.24 11:50:05.643,1.16394,1.16397,1.12,5.56
2020.09.24 11:50:05.744,1.16394,1.16398,1.12,8.18
2020.09.24 11:50:05.846,1.16394,1.16397,1.12,5.56
2020.09.24 11:50:07.076,1.16394,1.16398,1.12,8.18
2020.09.24 11:50:07.279,1.16395,1.16396,1.12,5.56
2020.09.24 11:50:08.332,1.16394,1.16396,1.12,5.56
2020.09.24 11:50:10.190,1.16395,1.16396,1.12,5.63
2020.09.24 11:50:10.494,1.16395,1.16397,1.31,5.56
2020.09.24 11:50:10.595,1.16395,1.16398,10.75,5.63
2020.09.24 11:50:12.646,1.16394,1.16396,11.50,0.10
2020.09.24 11:50:12.748,1.16394,1.16396,11.50,0.52
2020.09.24 11:50:13.261,1.16394,1.16397,0.37,0.10
2020.09.24 11:50:14.979,1.16395,1.16397,1.69,5.56
2020.09.24 11:50:15.082,1.16396,1.16398,11.69,0.10
2020.09.24 11:50:15.185,1.16398,1.16399,0.37,5.63
2020.09.24 11:50:15.287,1.16397,1.16398,10.94,0.10
2020.09.24 11:50:16.206,1.16395,1.16397,0.94,0.10
2020.09.24 11:50:16.307,1.16394,1.16397,11.50,0.10
2020.09.24 11:50:16.459,1.16394,1.16396,1.87,0.10
2020.09.24 11:50:16.893,1.16393,1.16396,10.94,0.10
2020.09.24 11:50:18.593,1.16395,1.16396,9.44,0.10
2020.09.24 11:50:18.695,1.16393,1.16396,13.94,0.10
2020.09.24 11:50:18.938,1.16393,1.16395,10.19,7.95
2020.09.24 11:50:18.988,1.16385,1.16388,0.37,0.10
2020.09.24 11:50:19.090,1.16387,1.16389,7.50,5.56
2020.09.24 11:50:19.192,1.16386,1.1639,10.38,0.10
2020.09.24 11:50:19.806,1.16388,1.16389,9.44,0.10
2020.09.24 11:50:20.453,1.16389,1.16392,2.25,1.27
2020.09.24 11:50:20.556,1.16391,1.16393,1.87,5.56
2020.09.24 11:50:20.658,1.16391,1.16395,10.19,5.63
2020.09.24 11:50:21.118,1.16392,1.16395,9.44,5.63
2020.09.24 11:50:21.225,1.16391,1.16395,10.19,5.63
2020.09.24 11:50:21.676,1.16392,1.16396,9.44,10.70
2020.09.24 11:50:21.777,1.16391,1.16396,10.19,10.70
2020.09.24 11:50:22.121,1.16392,1.16396,9.44,10.70
2020.09.24 11:50:22.222,1.16392,1.16395,10.19,10.70
2020.09.24 11:50:22.439,1.16393,1.16395,9.44,10.70
2020.09.24 11:50:23.096,1.16392,1.16395,10.19,9.95
2020.09.24 11:50:23.551,1.16393,1.16395,9.44,9.95
2020.09.24 11:50:24.557,1.16391,1.16393,9.44,0.10
2020.09.24 11:50:24.658,1.16388,1.1639,9.44,0.10
2020.09.24 11:50:24.861,1.16388,1.16391,3.00,0.10
2020.09.24 11:50:24.962,1.16387,1.16391,12.63,0.10
2020.09.24 11:50:26.336,1.16389,1.1639,3.00,0.10
2020.09.24 11:50:27.445,1.16387,1.16391,11.88,0.10
2020.09.24 11:50:29.165,1.16387,1.16392,11.88,9.38
2020.09.24 11:50:30.089,1.16387,1.16391,10.19,0.10
2020.09.24 11:50:31.261,1.16388,1.16391,10.19,10.32
2020.09.24 11:50:32.410,1.16388,1.16392,3.00,6.38
2020.09.24 11:50:32.612,1.16388,1.16393,14.13,6.38
2020.09.24 11:50:33.746,1.16389,1.16393,9.44,6.38
2020.09.24 11:50:34.049,1.1639,1.16392,9.44,6.38
2020.09.24 11:50:34.150,1.16388,1.16393,15.63,6.38
2020.09.24 11:50:36.133,1.16388,1.16392,14.13,5.56
2020.09.24 11:50:36.234,1.16389,1.16392,14.13,7.13
2020.09.24 11:50:37.154,1.16389,1.16393,9.44,7.13
2020.09.24 11:50:37.277,1.16389,1.16392,14.13,7.13
2020.09.24 11:50:38.074,1.16389,1.16391,14.13,5.56
2020.09.24 11:50:38.217,1.16388,1.16393,14.13,7.13
2020.09.24 11:50:38.395,1.16388,1.16392,4.69,5.56
2020.09.24 11:50:38.715,1.16387,1.16392,13.15,5.63
2020.09.24 11:50:38.967,1.16388,1.16392,9.44,5.63
2020.09.24 11:50:40.385,1.16387,1.16392,13.90,5.56
2020.09.24 11:50:40.436,1.16391,1.16392,0.19,6.31
2020.09.24 11:50:40.538,1.16391,1.16392,9.44,6.31
2020.09.24 11:50:40.640,1.1639,1.16392,14.13,6.31
2020.09.24 11:50:41.100,1.1639,1.16393,2.44,5.56
2020.09.24 11:50:41.150,1.16391,1.16395,9.44,7.43
2020.09.24 11:50:41.947,1.1639,1.16395,13.08,6.31
2020.09.24 11:50:42.120,1.16391,1.16395,9.44,6.31
2020.09.24 11:50:42.327,1.16387,1.1639,4.12,0.75
2020.09.24 11:50:42.429,1.16388,1.1639,9.44,0.10
2020.09.24 11:50:42.480,1.16387,1.16389,14.50,5.56
2020.09.24 11:50:42.582,1.16386,1.16391,14.50,6.83
2020.09.24 11:50:43.732,1.16387,1.16391,9.44,1.12
2020.09.24 11:50:44.090,1.16386,1.16391,11.50,6.68
2020.09.24 11:50:44.419,1.16385,1.16388,0.19,5.32
2020.09.24 11:50:44.571,1.16385,1.16386,0.94,0.75
2020.09.24 11:50:44.673,1.16385,1.16388,0.19,9.57
2020.09.24 11:50:45.068,1.16385,1.16387,0.19,5.56
2020.09.24 11:50:45.509,1.16382,1.16386,13.38,6.31
2020.09.24 11:50:45.611,1.16382,1.16385,10.38,0.75
2020.09.24 11:50:45.712,1.16382,1.16386,13.38,0.75
2020.09.24 11:50:46.481,1.16384,1.16386,9.44,3.45
2020.09.24 11:50:46.582,1.16383,1.16386,9.44,0.75
2020.09.24 11:50:46.758,1.16382,1.16386,10.38,0.75
2020.09.24 11:50:46.859,1.16384,1.16386,0.56,0.75
2020.09.24 11:50:46.962,1.16383,1.16388,16.08,6.68
2020.09.24 11:50:47.065,1.16384,1.16388,3.19,5.56
2020.09.24 11:50:47.167,1.16385,1.16388,12.63,8.26
2020.09.24 11:50:47.658,1.16384,1.16388,12.63,5.56
2020.09.24 11:50:48.260,1.16384,1.16387,3.19,0.75
2020.09.24 11:50:48.413,1.16383,1.16387,13.38,0.75
2020.09.24 11:50:48.514,1.16385,1.16386,0.19,0.75
2020.09.24 11:50:49.025,1.16384,1.16386,10.38,7.06
2020.09.24 11:50:55.536,1.16384,1.16385,0.94,0.75
2020.09.24 11:50:56.855,1.16382,1.16386,13.38,6.31
2020.09.24 11:50:58.959,1.16382,1.16384,9.44,2.14
2020.09.24 11:50:59.062,1.16381,1.16382,10.19,0.75
2020.09.24 11:50:59.114,1.1638,1.16382,16.94,7.06
2020.09.24 11:50:59.694,1.16378,1.16383,16.00,7.81
2020.09.24 11:50:59.880,1.1638,1.16382,0.75,7.81
2020.09.24 11:51:00.135,1.16381,1.16384,4.69,5.56
2020.09.24 11:51:00.340,1.1638,1.16384,14.50,0.75
2020.09.24 11:51:00.544,1.1638,1.16383,9.44,1.57
2020.09.24 11:51:00.645,1.16378,1.16382,9.44,7.06
2020.09.24 11:51:00.849,1.16379,1.1638,12.44,5.56
2020.09.24 11:51:00.976,1.16378,1.16382,9.44,7.43
2020.09.24 11:51:01.168,1.16377,1.16381,16.08,5.56
2020.09.24 11:51:01.450,1.16381,1.16383,0.75,0.10
2020.09.24 11:51:01.552,1.16382,1.16383,14.13,0.75
2020.09.24 11:51:01.653,1.16382,1.16384,0.75,7.13
2020.09.24 11:51:01.941,1.16381,1.16382,9.44,0.82
2020.09.24 11:51:02.093,1.16379,1.16381,13.38,5.56
2020.09.24 11:51:02.818,1.16378,1.16383,3.94,9.08
2020.09.24 11:51:03.042,1.16379,1.16381,3.94,5.56
2020.09.24 11:51:03.146,1.16379,1.16382,3.94,9.08
2020.09.24 11:51:03.258,1.16379,1.16381,3.94,5.56
2020.09.24 11:51:03.604,1.16378,1.16383,3.94,9.08
2020.09.24 11:51:04.066,1.16379,1.16381,3.94,0.10
2020.09.24 11:51:05.491,1.16379,1.16382,0.19,0.10
2020.09.24 11:51:05.648,1.1638,1.16383,0.19,5.56
2020.09.24 11:51:05.749,1.1638,1.16384,0.19,7.06
2020.09.24 11:51:05.879,1.16381,1.16382,0.19,5.56
2020.09.24 11:51:06.082,1.1638,1.16384,0.19,6.68
2020.09.24 11:51:06.187,1.1638,1.16383,0.19,5.56
2020.09.24 11:51:06.319,1.16381,1.16383,0.19,6.68
2020.09.24 11:51:06.431,1.16381,1.16382,0.19,5.56
2020.09.24 11:51:06.533,1.16379,1.16383,3.19,5.56
2020.09.24 11:51:06.794,1.16379,1.16384,0.19,7.58
2020.09.24 11:51:07.088,1.16379,1.16383,3.19,5.56
2020.09.24 11:51:09.118,1.16378,1.16382,13.38,0.75
2020.09.24 11:51:09.677,1.1638,1.16382,0.75,5.56
2020.09.24 11:51:09.728,1.16382,1.16384,0.94,1.12
2020.09.24 11:51:09.829,1.16381,1.16384,0.75,0.75
2020.09.24 11:51:10.301,1.16381,1.16385,0.94,6.68
2020.09.24 11:51:10.453,1.16381,1.16383,13.38,2.62
2020.09.24 11:51:10.959,1.1638,1.16383,3.94,5.56
2020.09.24 11:51:11.111,1.16381,1.16383,3.94,1.87
2020.09.24 11:51:11.855,1.1638,1.16383,9.63,0.75
2020.09.24 11:51:12.008,1.16379,1.16383,1.31,6.76
2020.09.24 11:51:12.362,1.1638,1.16383,3.00,7.51
2020.09.24 11:51:12.542,1.16379,1.16383,4.31,7.51
2020.09.24 11:51:13.719,1.1638,1.16383,1.31,6.68
2020.09.24 11:51:13.821,1.16381,1.16385,0.75,5.93
2020.09.24 11:51:13.974,1.16381,1.16383,15.14,5.56
2020.09.24 11:51:14.076,1.1638,1.16385,15.14,5.93
2020.09.24 11:51:15.451,1.16381,1.16383,15.14,5.56
2020.09.24 11:51:15.573,1.16381,1.16384,15.14,5.93
2020.09.24 11:51:15.771,1.1638,1.16381,10.64,0.10
2020.09.24 11:51:15.873,1.16379,1.16382,9.44,0.82
2020.09.24 11:51:15.976,1.16378,1.16382,4.31,6.38
2020.09.24 11:51:16.313,1.16379,1.16382,3.00,6.38
2020.09.24 11:51:16.415,1.16379,1.16381,13.38,6.38
2020.09.24 11:51:16.567,1.16379,1.16383,3.00,7.13
2020.09.24 11:51:16.776,1.16379,1.16381,1.76,5.56
2020.09.24 11:51:16.877,1.16378,1.16381,1.01,5.56
2020.09.24 11:51:17.298,1.16379,1.16381,1.01,6.68
2020.09.24 11:51:17.526,1.16379,1.1638,1.01,5.56
2020.09.24 11:51:17.885,1.16378,1.16382,1.01,6.68
2020.09.24 11:51:18.545,1.16378,1.1638,1.01,5.56
2020.09.24 11:51:18.651,1.16379,1.16381,1.01,6.68
2020.09.24 11:51:20.105,1.16377,1.16381,9.44,6.01
2020.09.24 11:51:20.157,1.16376,1.16378,0.10,0.75
2020.09.24 11:51:20.207,1.16374,1.16378,11.95,6.31
2020.09.24 11:51:20.309,1.16374,1.16377,11.95,5.56
2020.09.24 11:51:20.410,1.16375,1.16377,11.20,6.31
2020.09.24 11:51:20.622,1.16375,1.16376,11.20,5.56
2020.09.24 11:51:20.724,1.16375,1.16377,0.75,5.56
2020.09.24 11:51:20.825,1.16375,1.16378,10.19,0.75
2020.09.24 11:51:21.633,1.16375,1.16377,0.75,5.56
2020.09.24 11:51:21.751,1.16375,1.16378,0.75,0.75
2020.09.24 11:51:22.934,1.16376,1.16379,1.76,6.68
2020.09.24 11:51:23.188,1.16376,1.1638,1.57,7.43
2020.09.24 11:51:23.340,1.16377,1.1638,0.10,7.43
2020.09.24 11:51:24.756,1.16377,1.16381,11.20,7.06
2020.09.24 11:51:27.941,1.16378,1.1638,0.10,5.56
2020.09.24 11:51:28.042,1.16378,1.16381,0.10,5.56
2020.09.24 11:51:28.296,1.16377,1.16381,12.63,5.56
2020.09.24 11:51:28.498,1.16377,1.16379,9.44,0.10
2020.09.24 11:51:28.600,1.16376,1.1638,1.01,7.43
2020.09.24 11:51:28.701,1.16377,1.16381,10.38,6.68
2020.09.24 11:51:28.803,1.16377,1.1638,10.38,5.56
2020.09.24 11:51:29.108,1.16378,1.1638,0.94,6.68
2020.09.24 11:51:30.592,1.1638,1.16383,0.94,1.20
2020.09.24 11:51:31.633,1.16381,1.16383,0.19,6.31
2020.09.24 11:51:32.707,1.1638,1.16383,0.19,5.56
2020.09.24 11:51:32.809,1.1638,1.16382,0.19,5.56
2020.09.24 11:51:32.979,1.16381,1.16382,0.19,5.56
2020.09.24 11:51:33.089,1.1638,1.16382,3.56,5.56
2020.09.24 11:51:34.202,1.1638,1.16383,0.19,5.56
2020.09.24 11:51:34.409,1.16379,1.16383,0.94,5.56
2020.09.24 11:51:34.510,1.16379,1.16381,11.32,5.56
2020.09.24 11:51:35.537,1.16378,1.16382,0.75,6.38
2020.09.24 11:51:35.781,1.16378,1.16381,0.75,5.56
2020.09.24 11:51:36.110,1.16379,1.16381,0.75,6.38
2020.09.24 11:51:37.235,1.16378,1.16381,0.75,5.56
2020.09.24 11:51:38.255,1.16378,1.16382,0.75,6.38
2020.09.24 11:51:38.406,1.16378,1.16381,0.75,5.56
2020.09.24 11:51:40.351,1.16378,1.1638,15.25,5.56
2020.09.24 11:51:40.452,1.16379,1.1638,0.75,5.56
2020.09.24 11:51:41.660,1.16377,1.16381,15.70,5.56
2020.09.24 11:51:42.646,1.16377,1.16382,12.70,7.06
2020.09.24 11:51:43.340,1.16378,1.1638,12.70,5.56
2020.09.24 11:51:43.464,1.16377,1.16382,12.70,7.06
2020.09.24 11:51:46.232,1.16377,1.16381,11.88,0.75
2020.09.24 11:51:46.456,1.16378,1.1638,11.88,5.56
2020.09.24 11:51:46.591,1.16377,1.16381,11.88,5.56
2020.09.24 11:51:47.229,1.16379,1.1638,0.19,5.56
2020.09.24 11:51:49.635,1.16378,1.1638,0.19,5.56
2020.09.24 11:51:49.737,1.16378,1.16381,0.19,5.56
2020.09.24 11:51:52.682,1.16378,1.1638,0.19,5.56
2020.09.24 11:51:52.784,1.16379,1.1638,0.19,5.56
2020.09.24 11:51:52.948,1.16378,1.16379,13.94,0.75
2020.09.24 11:51:53.000,1.16376,1.16378,9.82,3.00
2020.09.24 11:51:53.051,1.16374,1.16376,0.37,1.57
2020.09.24 11:51:53.152,1.16374,1.16375,7.50,6.31
2020.09.24 11:51:53.254,1.16372,1.16376,3.64,6.31
2020.09.24 11:51:53.355,1.16372,1.16375,13.08,5.56
2020.09.24 11:51:53.507,1.16372,1.16376,13.08,6.31
2020.09.24 11:51:53.608,1.16373,1.16374,3.64,5.56
2020.09.24 11:51:54.056,1.16372,1.16376,3.56,6.31
2020.09.24 11:51:55.812,1.16373,1.16374,3.64,5.56
2020.09.24 11:51:55.921,1.16372,1.16376,13.08,6.31
2020.09.24 11:51:59.880,1.16371,1.16373,0.37,2.70
2020.09.24 11:51:59.931,1.16369,1.16372,0.75,4.95
2020.09.24 11:52:00.033,1.16368,1.16371,7.50,9.68
2020.09.24 11:52:00.134,1.16367,1.1637,10.57,5.56
2020.09.24 11:52:00.456,1.16366,1.1637,13.45,5.56
2020.09.24 11:52:00.682,1.16367,1.1637,13.45,9.68
2020.09.24 11:52:00.783,1.16366,1.1637,13.45,5.56
2020.09.24 11:52:00.936,1.1637,1.16372,13.94,0.82
2020.09.24 11:52:01.037,1.16371,1.16373,14.13,5.56
2020.09.24 11:52:01.088,1.16371,1.16374,14.13,8.26
2020.09.24 11:52:01.190,1.1637,1.16373,1.69,5.56
2020.09.24 11:52:01.291,1.16371,1.16373,4.69,5.56
2020.09.24 11:52:01.530,1.16371,1.16374,10.38,8.18
2020.09.24 11:52:01.632,1.16372,1.16374,2.51,5.56
2020.09.24 11:52:02.243,1.16372,1.16373,9.44,0.75
2020.09.24 11:52:02.344,1.1637,1.16374,1.20,6.31
2020.09.24 11:52:02.520,1.16372,1.16374,0.10,5.56
2020.09.24 11:52:02.623,1.16373,1.16375,6.64,5.56
2020.09.24 11:52:02.674,1.16373,1.16377,9.82,5.56
2020.09.24 11:52:03.134,1.16373,1.16376,10.19,5.56
2020.09.24 11:52:03.236,1.16374,1.16376,0.75,5.56
2020.09.24 11:52:04.938,1.16374,1.16376,0.75,6.31
2020.09.24 11:52:05.579,1.16373,1.16377,0.75,6.31
2020.09.24 11:52:05.830,1.16374,1.16375,0.75,5.56
2020.09.24 11:52:05.962,1.16373,1.16377,0.75,7.06
2020.09.24 11:52:06.115,1.16372,1.16375,9.44,0.75
2020.09.24 11:52:06.216,1.16372,1.16374,10.19,7.43
2020.09.24 11:52:06.325,1.16371,1.16374,0.75,5.56
2020.09.24 11:52:07.238,1.16371,1.16373,0.75,5.56
2020.09.24 11:52:07.340,1.16371,1.16375,0.75,10.43
2020.09.24 11:52:07.554,1.16372,1.16373,0.75,5.56
2020.09.24 11:52:08.030,1.16371,1.16375,0.94,11.18
2020.09.24 11:52:08.444,1.16371,1.16374,0.94,5.56
2020.09.24 11:52:09.156,1.16372,1.16374,0.94,11.18
2020.09.24 11:52:12.093,1.16373,1.16375,0.19,6.31
2020.09.24 11:52:13.692,1.16373,1.16374,10.45,0.75
2020.09.24 11:52:15.202,1.16371,1.16374,0.19,5.56
2020.09.24 11:52:15.947,1.16371,1.16374,9.44,7.81
2020.09.24 11:52:15.998,1.1637,1.16372,0.19,1.50
2020.09.24 11:52:16.100,1.16368,1.16372,0.19,6.31
2020.09.24 11:52:16.202,1.16369,1.1637,0.94,5.56
2020.09.24 11:52:16.454,1.16368,1.16372,0.94,9.68
2020.09.24 11:52:17.347,1.16368,1.16371,0.94,5.56
2020.09.24 11:52:17.866,1.16368,1.16372,0.94,9.68
2020.09.24 11:52:18.566,1.16369,1.16372,9.44,9.68
2020.09.24 11:52:18.718,1.16368,1.16372,0.94,9.68
2020.09.24 11:52:19.371,1.16369,1.16372,2.44,4.12
2020.09.24 11:52:19.473,1.16372,1.16374,2.25,3.37
2020.09.24 11:52:19.575,1.16372,1.16374,3.64,5.56
2020.09.24 11:52:19.626,1.16373,1.16376,0.75,5.56
2020.09.24 11:52:19.936,1.16374,1.16376,0.75,8.00
2020.09.24 11:52:20.744,1.16373,1.16376,0.75,5.56
2020.09.24 11:52:20.846,1.16373,1.16377,0.75,8.00
2020.09.24 11:52:21.220,1.16372,1.16377,10.19,8.00
2020.09.24 11:52:21.626,1.16372,1.16376,0.75,5.56
2020.09.24 11:52:21.886,1.16374,1.16376,0.75,5.56
2020.09.24 11:52:21.988,1.16375,1.16377,12.63,3.07
2020.09.24 11:52:22.090,1.16373,1.16376,0.82,5.56
2020.09.24 11:52:22.799,1.16373,1.16375,1.76,0.75
2020.09.24 11:52:24.176,1.16373,1.16376,9.44,6.31
2020.09.24 11:52:24.852,1.16373,1.16375,11.13,6.31
2020.09.24 11:52:25.050,1.16374,1.16375,9.44,6.31
2020.09.24 11:52:26.102,1.16372,1.16376,10.38,6.31
2020.09.24 11:52:26.954,1.16372,1.16375,0.94,5.56
2020.09.24 11:52:27.230,1.16372,1.16376,11.13,6.38
2020.09.24 11:52:27.560,1.16375,1.16377,1.69,0.75
2020.09.24 11:52:27.662,1.16377,1.16379,1.50,5.56
2020.09.24 11:52:27.814,1.16376,1.16379,15.33,5.56
2020.09.24 11:52:27.916,1.16376,1.1638,11.50,9.38
2020.09.24 11:52:28.019,1.16378,1.16381,9.44,6.08
2020.09.24 11:52:28.121,1.16377,1.1638,0.37,6.38
2020.09.24 11:52:28.223,1.16378,1.16381,10.57,5.78
2020.09.24 11:52:28.375,1.16377,1.16381,9.44,6.53
2020.09.24 11:52:28.476,1.1638,1.16381,1.50,1.95
2020.09.24 11:52:28.578,1.16381,1.16384,9.44,7.58
2020.09.24 11:52:28.680,1.1638,1.16383,10.57,5.63
2020.09.24 11:52:28.782,1.16381,1.16383,11.88,5.63
2020.09.24 11:52:28.883,1.16382,1.16383,0.75,5.56
2020.09.24 11:52:29.035,1.1638,1.16384,9.44,6.38
2020.09.24 11:52:29.137,1.16379,1.16383,10.57,5.63
2020.09.24 11:52:29.238,1.16379,1.16382,0.75,5.56
2020.09.24 11:52:29.440,1.16379,1.16381,2.44,5.56
2020.09.24 11:52:29.795,1.16378,1.16381,1.69,5.56
2020.09.24 11:52:29.997,1.16378,1.16382,1.69,5.56
2020.09.24 11:52:30.978,1.16379,1.16383,9.44,8.33
2020.09.24 11:52:31.080,1.16382,1.16384,13.00,9.38
2020.09.24 11:52:31.232,1.16382,1.16386,10.94,5.63
2020.09.24 11:52:31.435,1.16383,1.16386,0.94,5.56
2020.09.24 11:52:31.536,1.16387,1.16389,1.12,11.02
2020.09.24 11:52:31.840,1.16387,1.16388,0.75,5.56
2020.09.24 11:52:33.101,1.16386,1.16388,12.63,5.56
2020.09.24 11:52:33.781,1.16385,1.16388,2.44,5.56
2020.09.24 11:52:33.934,1.16385,1.16389,2.44,5.56
2020.09.24 11:52:34.128,1.16387,1.16388,9.44,5.56
2020.09.24 11:52:34.231,1.16385,1.1639,14.58,5.56
2020.09.24 11:52:34.333,1.16387,1.16389,9.44,5.56
2020.09.24 11:52:34.694,1.16386,1.16391,9.82,6.27
2020.09.24 11:52:34.795,1.16386,1.1639,9.82,5.56
2020.09.24 11:52:35.211,1.16387,1.16391,9.44,6.27
2020.09.24 11:52:35.367,1.16387,1.1639,9.82,5.82
2020.09.24 11:52:35.651,1.16387,1.16391,9.44,5.82
2020.09.24 11:52:35.961,1.16387,1.16388,9.44,0.10
2020.09.24 11:52:36.012,1.16385,1.16388,10.19,5.56
2020.09.24 11:52:36.738,1.16387,1.16388,1.69,5.56
2020.09.24 11:52:36.789,1.16388,1.16389,0.75,6.38
2020.09.24 11:52:36.992,1.16388,1.1639,0.75,5.56
2020.09.24 11:52:37.144,1.16388,1.16393,12.25,7.32
2020.09.24 11:52:37.246,1.16389,1.16392,9.44,5.56
2020.09.24 11:52:37.348,1.16388,1.16392,12.07,5.56
2020.09.24 11:52:37.601,1.16389,1.16392,0.75,5.56
2020.09.24 11:52:37.703,1.1639,1.16392,0.75,5.56
2020.09.24 11:52:37.805,1.1639,1.16394,11.32,5.75
2020.09.24 11:52:38.244,1.16391,1.16395,3.00,5.90
2020.09.24 11:52:38.497,1.1639,1.16393,10.57,0.10
2020.09.24 11:52:38.599,1.1639,1.16392,11.32,6.38
2020.09.24 11:52:39.103,1.1639,1.16392,1.87,5.56
2020.09.24 11:52:39.629,1.16389,1.16393,1.87,5.56
2020.09.24 11:52:40.269,1.1639,1.16393,11.32,8.52
2020.09.24 11:52:40.379,1.1639,1.16392,1.87,5.56
2020.09.24 11:52:41.057,1.1639,1.16391,1.87,5.56
2020.09.24 11:52:41.689,1.16389,1.16393,1.12,5.56
2020.09.24 11:52:42.364,1.1639,1.16391,1.12,5.56
2020.09.24 11:52:42.465,1.16389,1.16393,10.57,5.56
2020.09.24 11:52:43.364,1.1639,1.16393,9.44,5.56
2020.09.24 11:52:43.466,1.16389,1.16393,1.12,5.56
2020.09.24 11:52:46.515,1.16389,1.16392,10.57,5.56
2020.09.24 11:52:46.768,1.16389,1.16393,10.57,5.56
2020.09.24 11:52:47.038,1.1639,1.16392,10.57,5.56
2020.09.24 11:52:47.241,1.16389,1.16393,1.87,5.56
2020.09.24 11:52:48.101,1.1639,1.16393,12.82,10.32
2020.09.24 11:52:48.700,1.16393,1.16394,2.51,6.01
2020.09.24 11:52:48.802,1.16393,1.16396,10.57,5.63
2020.09.24 11:52:49.348,1.16394,1.16396,0.75,5.63
2020.09.24 11:52:49.745,1.16393,1.16396,0.75,5.56
2020.09.24 11:52:50.058,1.16393,1.16397,0.75,5.63
2020.09.24 11:52:50.371,1.16393,1.16394,0.37,1.57
2020.09.24 11:52:50.473,1.16393,1.16395,0.75,6.08
2020.09.24 11:52:51.236,1.16391,1.16393,0.37,0.75
2020.09.24 11:52:51.337,1.1639,1.16394,10.94,6.38
2020.09.24 11:52:51.438,1.1639,1.16393,1.50,5.56
2020.09.24 11:52:51.590,1.16391,1.16393,11.88,5.56
2020.09.24 11:52:51.692,1.16393,1.16395,0.19,5.63
2020.09.24 11:52:53.019,1.16392,1.16397,10.45,8.26
2020.09.24 11:52:53.121,1.16392,1.16396,10.45,5.56
2020.09.24 11:52:53.699,1.16392,1.16397,1.01,7.58
2020.09.24 11:52:53.802,1.16393,1.16395,1.01,5.56
2020.09.24 11:52:54.071,1.16391,1.16393,10.57,0.82
2020.09.24 11:52:54.172,1.16389,1.16393,0.75,6.38
2020.09.24 11:52:54.274,1.16388,1.16392,14.50,5.56
2020.09.24 11:52:54.375,1.16389,1.16392,0.19,5.56
2020.09.24 11:52:55.026,1.1639,1.16392,0.19,6.38
2020.09.24 11:52:55.128,1.16389,1.16391,0.19,5.56
2020.09.24 11:52:55.230,1.1639,1.16391,0.19,5.56
2020.09.24 11:52:55.334,1.16388,1.16392,2.06,5.56
2020.09.24 11:52:55.552,1.16388,1.16393,2.06,6.31
2020.09.24 11:52:55.654,1.16389,1.16392,1.01,5.56
2020.09.24 11:52:55.755,1.1639,1.16393,3.64,5.56
2020.09.24 11:52:55.806,1.1639,1.16395,16.08,6.68
2020.09.24 11:52:55.908,1.16391,1.16395,9.44,1.12
2020.09.24 11:52:56.009,1.16392,1.16393,9.44,5.56
2020.09.24 11:52:56.110,1.16391,1.16395,9.44,6.68
2020.09.24 11:52:56.312,1.16391,1.16394,10.19,3.00
2020.09.24 11:52:57.018,1.16392,1.16394,9.44,0.75
2020.09.24 11:52:57.220,1.16391,1.16394,15.70,6.31
2020.09.24 11:52:57.684,1.16391,1.16395,9.44,6.31
2020.09.24 11:52:58.018,1.16393,1.16394,1.50,5.56
2020.09.24 11:52:58.119,1.16392,1.16396,10.94,5.93
2020.09.24 11:52:58.912,1.16392,1.16397,11.13,5.56
2020.09.24 11:52:59.015,1.16393,1.16395,11.13,5.56
2020.09.24 11:52:59.581,1.16392,1.16397,10.38,5.56
2020.09.24 11:52:59.761,1.16392,1.16396,10.38,5.56
2020.09.24 11:53:00.442,1.16393,1.16396,1.12,5.56
2020.09.24 11:53:00.646,1.16393,1.16395,14.50,6.31
2020.09.24 11:53:01.012,1.16393,1.16396,11.13,5.56
2020.09.24 11:53:01.113,1.16394,1.16396,1.69,5.56
2020.09.24 11:53:01.367,1.16393,1.16398,11.13,7.81
2020.09.24 11:53:01.562,1.16393,1.16397,11.13,5.56
2020.09.24 11:53:01.671,1.16394,1.16397,0.75,5.56
2020.09.24 11:53:02.032,1.16396,1.16397,1.69,5.56
2020.09.24 11:53:02.134,1.16395,1.16399,0.75,9.31
2020.09.24 11:53:02.236,1.16395,1.16397,12.63,5.56
2020.09.24 11:53:02.337,1.16395,1.16397,12.63,5.56
2020.09.24 11:53:02.439,1.16394,1.16399,12.63,10.51
2020.09.24 11:53:02.691,1.16394,1.16398,12.63,5.56
2020.09.24 11:53:02.967,1.16395,1.16398,12.63,10.51
2020.09.24 11:53:03.078,1.16395,1.16397,12.63,5.56
2020.09.24 11:53:03.231,1.16394,1.16399,12.63,11.63
2020.09.24 11:53:03.336,1.16394,1.16398,12.63,5.56
2020.09.24 11:53:04.199,1.16394,1.16397,12.63,5.56
2020.09.24 11:53:04.565,1.16392,1.16396,10.19,5.56
2020.09.24 11:53:04.767,1.16393,1.16396,0.75,11.82
2020.09.24 11:53:04.947,1.16393,1.16395,0.75,5.56
2020.09.24 11:53:05.196,1.16392,1.16395,0.75,5.56
2020.09.24 11:53:05.414,1.16392,1.16397,3.75,8.82
2020.09.24 11:53:05.516,1.16392,1.16396,3.75,5.56
2020.09.24 11:53:06.398,1.16392,1.16397,0.75,8.82
2020.09.24 11:53:07.152,1.16392,1.16396,3.75,6.31
2020.09.24 11:53:07.260,1.16393,1.16396,9.44,5.56
2020.09.24 11:53:07.506,1.16393,1.16395,13.19,5.56
2020.09.24 11:53:07.610,1.16393,1.16397,9.44,1.76
2020.09.24 11:53:08.553,1.16392,1.16397,14.50,7.32
2020.09.24 11:53:08.888,1.16394,1.16396,9.44,1.39
2020.09.24 11:53:10.059,1.16394,1.16398,1.87,8.56
2020.09.24 11:53:10.161,1.16394,1.16399,12.07,12.57
2020.09.24 11:53:10.313,1.16395,1.16397,1.87,7.43
2020.09.24 11:53:11.010,1.16396,1.16399,0.75,5.63
2020.09.24 11:53:11.112,1.16396,1.164,11.39,5.56
2020.09.24 11:53:11.366,1.16397,1.164,11.58,11.05
2020.09.24 11:53:11.501,1.16396,1.164,11.39,0.75
2020.09.24 11:53:11.796,1.16398,1.16399,9.44,0.75
2020.09.24 11:53:12.019,1.16396,1.164,11.39,6.31
2020.09.24 11:53:12.279,1.16397,1.164,1.57,8.63
2020.09.24 11:53:12.381,1.16397,1.16401,11.32,8.56
2020.09.24 11:53:13.181,1.16397,1.164,1.87,0.10
2020.09.24 11:53:13.384,1.16397,1.16401,11.32,1.55
2020.09.24 11:53:14.691,1.16397,1.164,1.69,0.75
2020.09.24 11:53:14.792,1.16395,1.16399,2.06,7.43
2020.09.24 11:53:15.452,1.16395,1.16397,2.89,5.56
2020.09.24 11:53:15.604,1.16395,1.16399,1.87,10.43
2020.09.24 11:53:15.781,1.16396,1.16397,1.87,5.56
2020.09.24 11:53:16.137,1.16395,1.16399,1.87,10.51
2020.09.24 11:53:16.337,1.16395,1.16398,1.87,5.56
2020.09.24 11:53:16.703,1.16395,1.16399,1.87,9.68
2020.09.24 11:53:17.334,1.16396,1.16399,1.50,6.31
2020.09.24 11:53:17.436,1.16396,1.164,11.32,6.38
2020.09.24 11:53:17.639,1.16397,1.16398,1.12,5.56
2020.09.24 11:53:17.822,1.16396,1.164,1.12,7.13
2020.09.24 11:53:17.930,1.16397,1.16398,1.12,5.56
2020.09.24 11:53:18.401,1.16396,1.164,1.12,7.13
2020.09.24 11:53:18.526,1.16396,1.16399,1.12,5.56
2020.09.24 11:53:18.629,1.16396,1.16398,1.12,5.56
2020.09.24 11:53:18.730,1.16397,1.16399,1.12,7.13
2020.09.24 11:53:19.150,1.16396,1.16399,0.37,0.82
2020.09.24 11:53:19.352,1.16396,1.16398,0.37,5.56
2020.09.24 11:53:19.454,1.16395,1.16397,9.44,0.75
2020.09.24 11:53:19.669,1.16394,1.16397,15.33,0.75
2020.09.24 11:53:19.771,1.16395,1.16398,10.19,7.88
2020.09.24 11:53:19.923,1.16394,1.16398,9.44,0.75
2020.09.24 11:53:19.974,1.16394,1.16396,15.25,1.60
2020.09.24 11:53:20.075,1.16392,1.16396,13.19,0.82
2020.09.24 11:53:20.278,1.16392,1.16395,12.44,0.37
2020.09.24 11:53:21.159,1.16391,1.16395,16.08,0.37
2020.09.24 11:53:21.665,1.16391,1.16394,16.08,5.56
2020.09.24 11:53:21.766,1.16391,1.16395,16.08,6.31
2020.09.24 11:53:21.918,1.16391,1.16394,9.44,0.75
2020.09.24 11:53:22.583,1.1639,1.16394,15.63,0.75
2020.09.24 11:53:22.998,1.16391,1.16393,2.44,6.31
2020.09.24 11:53:23.099,1.16391,1.16394,14.32,5.56
2020.09.24 11:53:23.303,1.16391,1.16393,15.63,0.75
2020.09.24 11:53:23.551,1.16391,1.16393,15.63,0.75
2020.09.24 11:53:23.653,1.1639,1.16393,15.63,0.75
2020.09.24 11:53:24.493,1.16391,1.16393,9.44,0.75
2020.09.24 11:53:24.594,1.16391,1.16393,5.89,0.75
2020.09.24 11:53:24.786,1.16391,1.16393,9.44,0.75
2020.09.24 11:53:24.931,1.1639,1.16393,5.89,0.75
2020.09.24 11:53:25.032,1.16392,1.16393,10.38,0.75
2020.09.24 11:53:25.134,1.16392,1.16395,12.44,6.31
2020.09.24 11:53:27.429,1.16391,1.16395,13.00,0.75
2020.09.24 11:53:27.743,1.16392,1.16393,9.44,0.75
2020.09.24 11:53:27.845,1.1639,1.16394,11.32,0.75
2020.09.24 11:53:28.353,1.16389,1.16393,12.25,0.75
2020.09.24 11:53:28.455,1.1639,1.16394,1.69,6.38
2020.09.24 11:53:28.558,1.1639,1.16393,11.13,0.75
2020.09.24 11:53:29.412,1.16391,1.16394,0.75,6.38
2020.09.24 11:53:29.514,1.16391,1.16395,10.57,3.75
2020.09.24 11:53:29.617,1.1639,1.16393,10.57,5.56
2020.09.24 11:53:29.719,1.16391,1.16393,10.57,6.38
2020.09.24 11:53:30.351,1.1639,1.16393,10.94,0.75
2020.09.24 11:53:30.697,1.16392,1.16393,9.44,0.75
2020.09.24 11:53:30.946,1.16391,1.16392,10.94,0.75
2020.09.24 11:53:32.691,1.16391,1.16393,10.19,6.01
2020.09.24 11:53:32.792,1.16391,1.16392,10.19,0.75
2020.09.24 11:53:32.894,1.16392,1.16394,0.75,5.63
2020.09.24 11:53:32.996,1.16393,1.16394,10.19,0.75
2020.09.24 11:53:33.583,1.16393,1.16396,9.44,0.75
2020.09.24 11:53:33.735,1.16393,1.16395,15.07,0.82
2020.09.24 11:53:36.110,1.16393,1.16397,0.75,5.63
2020.09.24 11:53:36.212,1.16397,1.16398,0.75,5.93
2020.09.24 11:53:36.314,1.16396,1.16399,11.13,0.37
2020.09.24 11:53:36.952,1.16396,1.164,9.44,5.56
2020.09.24 11:53:37.066,1.16395,1.164,15.25,5.56
2020.09.24 11:53:37.167,1.16395,1.16399,15.25,5.56
2020.09.24 11:53:37.380,1.16395,1.164,15.07,5.56
2020.09.24 11:53:40.283,1.16395,1.16399,11.69,5.56
2020.09.24 11:53:40.385,1.16395,1.164,11.69,5.56
2020.09.24 11:53:40.487,1.16396,1.164,1.12,5.63
2020.09.24 11:53:40.588,1.16398,1.16399,9.44,0.10
2020.09.24 11:53:40.689,1.16396,1.164,10.57,0.10
2020.09.24 11:53:41.044,1.16397,1.164,10.57,9.25
2020.09.24 11:53:41.302,1.16397,1.16399,1.12,5.56
2020.09.24 11:53:41.505,1.16397,1.164,1.12,13.00
2020.09.24 11:53:41.810,1.16397,1.16399,1.12,5.56
2020.09.24 11:53:42.045,1.16396,1.16401,1.12,12.25
2020.09.24 11:53:42.147,1.16396,1.164,1.12,6.01
2020.09.24 11:53:44.224,1.16396,1.16401,13.94,6.74
2020.09.24 11:53:46.457,1.16397,1.16399,11.69,5.56
2020.09.24 11:53:46.539,1.16396,1.16401,11.69,0.99
2020.09.24 11:53:47.224,1.16397,1.16401,9.44,1.09
2020.09.24 11:53:47.327,1.16398,1.16401,9.44,1.54
2020.09.24 11:53:47.429,1.16397,1.16401,10.94,6.65
2020.09.24 11:53:47.539,1.16397,1.164,10.94,5.56
2020.09.24 11:53:48.309,1.16397,1.16401,11.69,7.07
2020.09.24 11:53:48.511,1.16399,1.164,3.00,7.34
2020.09.24 11:53:48.981,1.16397,1.16401,13.19,7.33
2020.09.24 11:53:49.032,1.16404,1.16405,1.50,1.39
2020.09.24 11:53:49.134,1.16403,1.16407,1.50,16.88
2020.09.24 11:53:49.236,1.16403,1.16405,1.12,5.56
2020.09.24 11:53:49.337,1.16403,1.16407,10.57,1.57
2020.09.24 11:53:49.590,1.16403,1.16405,10.19,0.82
2020.09.24 11:53:49.995,1.16402,1.16405,12.44,0.82
2020.09.24 11:53:50.097,1.16403,1.16405,9.44,0.82
2020.09.24 11:53:50.477,1.16403,1.16406,9.44,7.13
2020.09.24 11:53:50.985,1.16403,1.16404,12.44,5.56
2020.09.24 11:53:51.087,1.16402,1.16406,12.44,7.13
2020.09.24 11:53:51.430,1.16403,1.16406,9.44,7.13
2020.09.24 11:53:51.690,1.16402,1.16406,12.44,7.13
2020.09.24 11:53:52.193,1.16402,1.16405,12.44,0.75
2020.09.24 11:53:52.294,1.16402,1.16406,13.94,6.38
2020.09.24 11:53:52.632,1.16403,1.16406,9.44,6.38
2020.09.24 11:53:52.734,1.16403,1.16407,11.13,9.38
2020.09.24 11:53:52.835,1.16406,1.16408,9.44,0.82
2020.09.24 11:53:52.937,1.16405,1.16407,16.00,6.38
2020.09.24 11:53:53.038,1.16405,1.16406,16.00,0.75
2020.09.24 11:53:53.139,1.16404,1.16408,16.00,6.38
2020.09.24 11:53:53.443,1.16405,1.16409,1.50,5.56
2020.09.24 11:53:53.545,1.16407,1.1641,2.25,5.56
2020.09.24 11:53:53.747,1.16407,1.16408,10.19,0.10
2020.09.24 11:53:53.950,1.16406,1.1641,9.44,6.38
2020.09.24 11:53:54.053,1.16407,1.1641,9.44,6.38
2020.09.24 11:53:54.173,1.16407,1.16409,9.44,6.38
2020.09.24 11:53:54.473,1.16407,1.16408,9.44,5.56
2020.09.24 11:53:54.574,1.16407,1.16409,9.44,0.82
2020.09.24 11:53:54.777,1.16408,1.16409,9.44,0.82
2020.09.24 11:53:55.031,1.16407,1.16409,9.44,0.82
2020.09.24 11:53:55.534,1.16407,1.16411,9.44,2.51
2020.09.24 11:53:55.637,1.16407,1.1641,9.44,0.75
2020.09.24 11:53:55.790,1.16406,1.16409,9.44,5.56
2020.09.24 11:53:55.892,1.16406,1.1641,9.44,7.25
2020.09.24 11:53:58.584,1.16408,1.1641,9.44,0.10
2020.09.24 11:53:58.685,1.16408,1.16411,9.44,0.10
2020.09.24 11:53:58.786,1.16407,1.16411,9.52,0.10
2020.09.24 11:53:58.888,1.16408,1.16411,9.44,0.10
2020.09.24 11:53:59.040,1.16407,1.16411,10.19,0.10
2020.09.24 11:53:59.141,1.16408,1.16411,9.44,0.10
2020.09.24 11:53:59.243,1.16408,1.16412,9.44,1.76
2020.09.24 11:53:59.788,1.16409,1.1641,9.44,0.10
2020.09.24 11:53:59.890,1.16408,1.1641,9.82,1.01
2020.09.24 11:54:03.947,1.16407,1.16412,1.12,1.39
2020.09.24 11:54:04.048,1.1641,1.16413,5.25,6.68
2020.09.24 11:54:04.150,1.16414,1.16416,0.75,15.57
2020.09.24 11:54:04.353,1.16414,1.16418,9.44,0.94
2020.09.24 11:54:04.454,1.16416,1.16418,1.50,6.31
2020.09.24 11:54:04.556,1.16417,1.1642,0.75,9.95
2020.09.24 11:54:04.658,1.16415,1.16418,2.62,0.75
2020.09.24 11:54:04.760,1.16415,1.16417,9.82,0.75
2020.09.24 11:54:04.861,1.16415,1.16417,10.19,0.75
2020.09.24 11:54:05.218,1.16414,1.16417,9.44,0.75
2020.09.24 11:54:05.319,1.16415,1.16417,9.44,0.82
2020.09.24 11:54:05.457,1.16413,1.16418,16.57,6.38
2020.09.24 11:54:05.559,1.16415,1.16417,9.44,1.57
2020.09.24 11:54:05.660,1.16413,1.16418,15.82,7.13
2020.09.24 11:54:06.372,1.16413,1.16417,14.69,2.44
2020.09.24 11:54:07.981,1.16414,1.16417,10.19,2.89
2020.09.24 11:54:08.502,1.16413,1.16417,10.19,0.75
2020.09.24 11:54:09.565,1.16413,1.16418,10.19,8.07
2020.09.24 11:54:10.153,1.16414,1.16418,9.44,1.76
2020.09.24 11:54:10.741,1.16414,1.16416,11.32,0.10
2020.09.24 11:54:10.842,1.16413,1.16415,9.44,2.32
2020.09.24 11:54:10.893,1.16412,1.16414,0.75,0.82
2020.09.24 11:54:11.197,1.16412,1.16415,9.44,0.19
2020.09.24 11:54:11.603,1.16413,1.16415,10.38,5.56
2020.09.24 11:54:11.705,1.16413,1.16416,9.44,0.75
2020.09.24 11:54:11.806,1.16413,1.16415,10.19,0.94
2020.09.24 11:54:11.958,1.16412,1.16415,9.44,0.10
2020.09.24 11:54:12.216,1.16412,1.16414,15.07,0.75
2020.09.24 11:54:12.419,1.16412,1.16415,9.44,0.75
2020.09.24 11:54:12.535,1.16411,1.16415,15.07,0.75
2020.09.24 11:54:13.501,1.16411,1.16412,9.89,1.50
2020.09.24 11:54:13.602,1.16409,1.16413,10.19,0.75
2020.09.24 11:54:13.755,1.16409,1.16411,15.14,1.76
2020.09.24 11:54:13.857,1.16409,1.1641,9.44,1.57
2020.09.24 11:54:13.908,1.16408,1.16409,9.82,2.32
2020.09.24 11:54:14.009,1.16407,1.1641,9.44,0.82
2020.09.24 11:54:14.110,1.16406,1.1641,12.44,0.75
2020.09.24 11:54:14.532,1.16406,1.16411,12.44,8.37
2020.09.24 11:54:14.803,1.16406,1.1641,18.40,8.37
2020.09.24 11:54:14.955,1.16406,1.16411,9.44,7.62
2020.09.24 11:54:15.507,1.16407,1.16411,9.44,7.25
2020.09.24 11:54:15.658,1.16407,1.1641,9.44,7.25
2020.09.24 11:54:15.759,1.16407,1.16411,9.44,0.94
2020.09.24 11:54:16.061,1.16407,1.16412,14.13,7.51
2020.09.24 11:54:16.162,1.16408,1.16413,6.64,6.76
2020.09.24 11:54:17.168,1.16408,1.16411,4.87,1.01
2020.09.24 11:54:17.271,1.16408,1.1641,14.32,1.01
2020.09.24 11:54:17.818,1.16408,1.16411,9.44,6.50
2020.09.24 11:54:18.067,1.16408,1.1641,14.32,6.50
2020.09.24 11:54:18.282,1.16408,1.16409,14.32,5.56
2020.09.24 11:54:18.538,1.16407,1.16411,14.32,0.94
2020.09.24 11:54:18.653,1.16408,1.16409,14.32,5.56
2020.09.24 11:54:18.754,1.16407,1.16411,14.32,6.50
2020.09.24 11:54:18.868,1.16409,1.1641,9.44,0.94
2020.09.24 11:54:19.000,1.16407,1.16411,14.32,0.94
2020.09.24 11:54:19.650,1.16408,1.16412,9.44,0.10
2020.09.24 11:54:19.752,1.16414,1.16415,0.75,0.94
2020.09.24 11:54:20.258,1.16413,1.16414,3.37,0.26
2020.09.24 11:54:24.039,1.16411,1.16413,10.75,2.32
2020.09.24 11:54:24.090,1.1641,1.16412,9.44,0.75
2020.09.24 11:54:24.191,1.1641,1.16412,9.63,5.56
2020.09.24 11:54:24.293,1.1641,1.16413,10.38,11.82
2020.09.24 11:54:24.394,1.1641,1.16412,9.63,8.56
2020.09.24 11:54:24.598,1.16408,1.16412,11.28,0.75
2020.09.24 11:54:24.699,1.1641,1.16412,0.19,5.25
2020.09.24 11:54:24.852,1.16409,1.16412,9.63,1.50
2020.09.24 11:54:25.004,1.16409,1.16413,0.19,10.81
2020.09.24 11:54:25.207,1.16408,1.16413,13.15,0.75
2020.09.24 11:54:25.309,1.1641,1.16412,9.44,0.75
2020.09.24 11:54:27.004,1.16408,1.16411,13.19,0.82
2020.09.24 11:54:27.106,1.16408,1.16412,0.94,0.45
2020.09.24 11:54:27.260,1.16408,1.16413,12.25,7.43
2020.09.24 11:54:27.621,1.16408,1.16412,12.63,0.75
2020.09.24 11:54:27.723,1.16408,1.16413,12.63,8.56
2020.09.24 11:54:27.824,1.16409,1.16413,0.94,6.31
2020.09.24 11:54:28.281,1.16411,1.16412,0.75,0.75
2020.09.24 11:54:28.332,1.16412,1.16414,0.75,5.56
2020.09.24 11:54:28.434,1.16413,1.16415,10.19,6.31
2020.09.24 11:54:28.850,1.16412,1.16417,3.75,10.32
2020.09.24 11:54:29.001,1.16412,1.16416,3.75,5.56
2020.09.24 11:54:29.103,1.16413,1.16416,3.75,9.01
2020.09.24 11:54:29.204,1.16412,1.16416,3.75,5.56
2020.09.24 11:54:29.411,1.16412,1.16417,3.75,9.20
2020.09.24 11:54:29.741,1.16412,1.16416,3.75,5.56
2020.09.24 11:54:30.549,1.16412,1.16417,13.19,9.95
2020.09.24 11:54:30.947,1.16412,1.16416,13.19,5.56
2020.09.24 11:54:31.049,1.16412,1.16413,1.20,1.95
2020.09.24 11:54:31.152,1.1641,1.16413,9.44,0.10
2020.09.24 11:54:31.255,1.1641,1.16412,12.63,0.10
2020.09.24 11:54:32.760,1.16409,1.16411,14.88,0.10
2020.09.24 11:54:32.913,1.16409,1.16413,3.19,5.63
2020.09.24 11:54:33.015,1.16409,1.16414,13.08,11.63
2020.09.24 11:54:33.371,1.1641,1.16414,0.94,7.13
2020.09.24 11:54:33.474,1.16412,1.16414,0.75,5.56
2020.09.24 11:54:33.526,1.16412,1.16416,13.19,6.57
2020.09.24 11:54:33.882,1.16412,1.16414,13.00,3.10
2020.09.24 11:54:33.983,1.16411,1.16415,2.81,7.88
2020.09.24 11:54:34.084,1.16413,1.16414,12.44,0.82
2020.09.24 11:54:34.540,1.16413,1.16415,0.19,0.10
2020.09.24 11:54:34.591,1.16414,1.16416,9.63,1.12
2020.09.24 11:54:34.692,1.16413,1.16418,9.63,11.07
2020.09.24 11:54:34.743,1.16413,1.16416,9.44,0.94
2020.09.24 11:54:34.844,1.16412,1.16416,15.07,5.75
2020.09.24 11:54:34.946,1.16414,1.16417,9.63,11.45
2020.09.24 11:54:35.047,1.16415,1.16417,9.63,0.75
2020.09.24 11:54:35.098,1.16415,1.16419,9.63,8.63
2020.09.24 11:54:35.250,1.16415,1.16418,13.57,5.56
2020.09.24 11:54:35.352,1.16416,1.16418,3.75,5.56
2020.09.24 11:54:35.504,1.16416,1.16418,16.75,5.56
2020.09.24 11:54:36.533,1.16415,1.16418,0.75,0.75
2020.09.24 11:54:36.635,1.16414,1.16418,5.06,5.56
2020.09.24 11:54:36.787,1.16415,1.16418,14.50,8.56
2020.09.24 11:54:37.053,1.16414,1.16418,5.06,5.56
2020.09.24 11:54:37.301,1.16414,1.16419,5.06,8.56
2020.09.24 11:54:38.496,1.16415,1.16419,1.69,5.56
2020.09.24 11:54:38.597,1.16415,1.1642,11.13,8.37
2020.09.24 11:54:38.850,1.16416,1.1642,1.87,5.56
2020.09.24 11:54:38.952,1.16417,1.1642,11.32,9.47
2020.09.24 11:54:39.053,1.16416,1.1642,12.25,0.75
2020.09.24 11:54:42.770,1.16416,1.16421,12.25,10.79
2020.09.24 11:54:42.871,1.16417,1.16421,9.44,1.48
2020.09.24 11:54:43.300,1.16416,1.16421,16.75,7.49
2020.09.24 11:54:43.438,1.16417,1.1642,9.44,5.56
2020.09.24 11:54:43.540,1.16417,1.16419,16.75,0.75
2020.09.24 11:54:43.844,1.16415,1.1642,16.75,6.31
2020.09.24 11:54:45.240,1.16416,1.16418,14.13,1.50
2020.09.24 11:54:45.342,1.16415,1.16418,3.00,5.56
2020.09.24 11:54:45.444,1.16414,1.16418,4.69,5.56
2020.09.24 11:54:45.760,1.16414,1.16419,4.69,6.31
2020.09.24 11:54:46.091,1.16414,1.16418,4.69,6.31
2020.09.24 11:54:46.192,1.16415,1.16419,3.00,5.93
2020.09.24 11:54:46.344,1.16415,1.1642,14.88,8.37
2020.09.24 11:54:47.133,1.16415,1.16419,14.13,0.10
2020.09.24 11:54:47.387,1.16415,1.1642,4.69,7.32
2020.09.24 11:54:47.740,1.16416,1.16417,3.00,0.94
2020.09.24 11:54:47.842,1.16413,1.16417,16.19,5.56
2020.09.24 11:54:48.102,1.16414,1.16415,14.32,1.01
2020.09.24 11:54:48.204,1.16411,1.16413,10.19,0.75
2020.09.24 11:54:48.255,1.16411,1.16415,10.38,6.38
2020.09.24 11:54:48.356,1.16412,1.16415,0.37,0.75
2020.09.24 11:54:48.458,1.16412,1.16416,13.75,0.82
2020.09.24 11:54:48.560,1.16414,1.16416,14.88,0.10
2020.09.24 11:54:48.661,1.16415,1.16418,3.07,5.56
2020.09.24 11:54:48.814,1.16414,1.16417,10.57,0.75
2020.09.24 11:54:48.966,1.16413,1.16416,10.57,1.01
2020.09.24 11:54:49.067,1.16412,1.16415,15.44,0.75
2020.09.24 11:54:49.270,1.16412,1.16414,9.44,0.75
2020.09.24 11:54:49.372,1.16411,1.16414,10.19,0.75
2020.09.24 11:54:49.524,1.16412,1.16414,10.19,6.57
2020.09.24 11:54:49.625,1.16412,1.16415,9.44,1.01
2020.09.24 11:54:49.762,1.16411,1.16414,10.19,0.75
2020.09.24 11:54:49.915,1.16411,1.16413,17.65,0.75
2020.09.24 11:54:50.016,1.16412,1.16415,3.00,0.94
2020.09.24 11:54:52.006,1.16412,1.16416,15.14,0.94
2020.09.24 11:54:52.108,1.16414,1.16418,5.44,5.63
2020.09.24 11:54:52.211,1.16415,1.16419,3.82,5.56
2020.09.24 11:54:52.313,1.16416,1.16419,10.19,0.82
2020.09.24 11:54:52.823,1.16415,1.16419,14.32,0.75
2020.09.24 11:54:53.865,1.16417,1.16419,0.75,7.25
2020.09.24 11:54:54.119,1.16417,1.1642,9.44,0.75
2020.09.24 11:54:54.354,1.16416,1.1642,15.25,0.75
2020.09.24 11:54:54.661,1.16416,1.16419,0.37,0.94
2020.09.24 11:54:54.763,1.16415,1.16419,14.69,0.94
2020.09.24 11:54:57.318,1.16415,1.16418,14.32,1.69
2020.09.24 11:54:57.420,1.16417,1.16418,0.75,5.75
2020.09.24 11:54:57.977,1.16417,1.1642,0.75,6.50
2020.09.24 11:54:58.078,1.16417,1.16419,1.12,1.50
2020.09.24 11:54:58.383,1.16417,1.1642,11.32,6.31
2020.09.24 11:54:59.818,1.16417,1.16421,11.95,6.66
2020.09.24 11:55:01.861,1.16418,1.16421,0.37,0.35
2020.09.24 11:55:01.912,1.16422,1.16424,1.69,5.93
2020.09.24 11:55:02.065,1.16421,1.16423,10.94,0.19
2020.09.24 11:55:02.220,1.16419,1.16422,9.44,0.82
2020.09.24 11:55:02.322,1.1642,1.16422,0.94,7.06
2020.09.24 11:55:02.425,1.16421,1.16423,0.19,5.56
2020.09.24 11:55:02.476,1.16423,1.16425,0.75,5.75
2020.09.24 11:55:03.036,1.16422,1.16425,0.75,5.56
2020.09.24 11:55:03.138,1.16423,1.16425,0.94,6.31
2020.09.24 11:55:03.239,1.16423,1.16426,0.75,6.31
2020.09.24 11:55:04.118,1.16423,1.16425,10.19,8.75
2020.09.24 11:55:04.219,1.16422,1.16425,10.19,0.75
2020.09.24 11:55:04.372,1.16423,1.16425,0.75,7.25
2020.09.24 11:55:04.930,1.16422,1.16425,0.75,5.56
2020.09.24 11:55:05.038,1.16423,1.16425,0.75,5.44
2020.09.24 11:55:07.381,1.16423,1.16424,10.19,0.75
2020.09.24 11:55:07.482,1.16421,1.16424,1.12,3.82
2020.09.24 11:55:07.533,1.1642,1.16422,9.44,1.50
2020.09.24 11:55:07.635,1.16419,1.16422,13.38,0.75
2020.09.24 11:55:08.823,1.1642,1.16424,0.94,7.43
2020.09.24 11:55:09.025,1.1642,1.16423,12.44,0.75
2020.09.24 11:55:09.126,1.16419,1.16422,11.58,0.75
2020.09.24 11:55:09.481,1.16419,1.16423,14.20,1.50
2020.09.24 11:55:09.582,1.16419,1.16422,13.38,1.50
2020.09.24 11:55:10.090,1.16419,1.16423,10.38,7.81
2020.09.24 11:55:10.901,1.16421,1.16422,0.19,7.06
2020.09.24 11:55:11.053,1.16419,1.16423,13.38,7.06
2020.09.24 11:55:11.561,1.16421,1.16423,0.19,5.56
2020.09.24 11:55:11.663,1.16421,1.16424,9.44,1.50
2020.09.24 11:55:11.765,1.1642,1.16423,14.13,6.31
2020.09.24 11:55:12.343,1.1642,1.16422,1.50,5.56
2020.09.24 11:55:12.730,1.16421,1.16422,0.75,6.31
2020.09.24 11:55:13.785,1.1642,1.16422,15.25,7.06
2020.09.24 11:55:13.949,1.1642,1.16423,0.75,1.50
2020.09.24 11:55:14.051,1.16421,1.16424,10.19,5.56
2020.09.24 11:55:14.152,1.16421,1.16425,10.19,6.31
2020.09.24 11:55:14.406,1.16422,1.16425,0.75,6.31
2020.09.24 11:55:14.710,1.16423,1.16425,10.38,6.31
2020.09.24 11:55:15.273,1.16422,1.16425,10.38,5.56
2020.09.24 11:55:15.375,1.16422,1.16426,10.38,7.43
2020.09.24 11:55:15.527,1.16422,1.16425,0.75,0.75
2020.09.24 11:55:15.680,1.16422,1.16426,0.75,11.37
2020.09.24 11:55:15.781,1.16422,1.16425,0.75,5.56
2020.09.24 11:55:15.882,1.16422,1.16426,0.75,12.12
2020.09.24 11:55:16.713,1.16423,1.16426,9.44,6.50
2020.09.24 11:55:16.882,1.16423,1.16425,14.39,6.50
2020.09.24 11:55:18.206,1.16424,1.16425,0.19,0.75
2020.09.24 11:55:18.307,1.16423,1.16427,9.63,8.56
2020.09.24 11:55:18.409,1.16425,1.16426,5.32,5.56
2020.09.24 11:55:18.511,1.16424,1.16428,9.44,3.00
2020.09.24 11:55:18.612,1.16422,1.16425,9.52,2.44
2020.09.24 11:55:18.714,1.16422,1.16424,10.27,8.00
2020.09.24 11:55:18.816,1.16421,1.16424,10.19,5.56
2020.09.24 11:55:18.917,1.16421,1.16423,0.75,0.75
2020.09.24 11:55:19.019,1.16421,1.16423,10.19,7.25
2020.09.24 11:55:19.120,1.1642,1.16423,10.19,5.56
2020.09.24 11:55:19.221,1.1642,1.16424,10.19,6.50
2020.09.24 11:55:19.662,1.1642,1.16423,13.19,5.56
2020.09.24 11:55:19.957,1.16421,1.16424,9.44,0.94
2020.09.24 11:55:20.059,1.16421,1.16423,10.19,8.00
2020.09.24 11:55:20.160,1.1642,1.16423,10.19,0.75
2020.09.24 11:55:23.853,1.1642,1.16424,13.38,6.31
2020.09.24 11:55:24.822,1.1642,1.16423,13.75,5.56
2020.09.24 11:55:25.033,1.1642,1.16424,13.75,7.81
2020.09.24 11:55:26.462,1.16421,1.16422,9.44,0.75
2020.09.24 11:55:26.564,1.1642,1.16422,9.44,1.50
2020.09.24 11:55:26.665,1.16419,1.16422,1.12,1.69
2020.09.24 11:55:28.402,1.1642,1.16422,9.44,0.75
2020.09.24 11:55:28.505,1.16419,1.16422,14.39,0.75
2020.09.24 11:55:29.035,1.1642,1.16422,9.82,6.87
2020.09.24 11:55:29.237,1.16419,1.16422,9.44,0.19
2020.09.24 11:55:29.339,1.16419,1.16421,10.94,5.75
2020.09.24 11:55:30.295,1.16419,1.16423,9.44,5.82
2020.09.24 11:55:30.657,1.16421,1.16423,0.75,5.56
2020.09.24 11:55:30.709,1.16426,1.16428,0.75,7.72
2020.09.24 11:55:30.761,1.16428,1.16431,0.10,1.47
2020.09.24 11:55:30.863,1.16429,1.16431,0.75,5.56
2020.09.24 11:55:30.914,1.16431,1.16432,0.82,5.56
2020.09.24 11:55:31.016,1.1643,1.16433,0.75,5.56
2020.09.24 11:55:31.118,1.16429,1.16433,0.75,5.56
2020.09.24 11:55:31.472,1.16429,1.16432,0.75,5.56
2020.09.24 11:55:31.583,1.16429,1.16433,0.75,10.06
2020.09.24 11:55:33.080,1.16429,1.16432,1.12,5.56
2020.09.24 11:55:33.283,1.16429,1.16433,1.12,10.06
2020.09.24 11:55:34.142,1.1643,1.16431,1.95,5.56
2020.09.24 11:55:34.274,1.16429,1.16433,1.95,9.31
2020.09.24 11:55:36.474,1.16429,1.1643,12.82,0.94
2020.09.24 11:55:36.576,1.16427,1.1643,10.57,0.19
2020.09.24 11:55:37.836,1.16427,1.16429,10.19,1.76
2020.09.24 11:55:37.939,1.16427,1.16428,0.75,5.56
2020.09.24 11:55:38.041,1.16426,1.1643,0.75,9.50
2020.09.24 11:55:38.143,1.16426,1.16429,0.75,5.56
2020.09.24 11:55:38.707,1.16426,1.1643,0.75,6.50
2020.09.24 11:55:40.194,1.16426,1.16429,9.44,0.19
2020.09.24 11:55:40.298,1.16425,1.16429,1.50,8.75
2020.09.24 11:55:40.400,1.16425,1.16428,1.50,5.56
2020.09.24 11:55:40.602,1.16425,1.16429,0.75,11.07
2020.09.24 11:55:40.704,1.16425,1.16428,0.75,5.56
2020.09.24 11:55:40.929,1.16425,1.16429,0.75,10.13
2020.09.24 11:55:41.081,1.16426,1.16429,2.25,5.56
2020.09.24 11:55:41.182,1.16426,1.1643,15.89,5.56
2020.09.24 11:55:41.334,1.16426,1.16431,16.00,6.20
2020.09.24 11:55:41.537,1.16427,1.16429,15.89,0.19
2020.09.24 11:55:41.856,1.16426,1.16429,9.82,0.94
2020.09.24 11:55:41.957,1.16426,1.16428,1.87,5.56
2020.09.24 11:55:42.059,1.16425,1.1643,11.39,7.25
2020.09.24 11:55:42.718,1.16426,1.16428,2.70,5.56
2020.09.24 11:55:43.121,1.16427,1.16429,1.76,5.56
2020.09.24 11:55:43.172,1.16427,1.16431,9.63,6.31
2020.09.24 11:55:43.273,1.16426,1.16431,15.59,6.50
2020.09.24 11:55:43.425,1.16428,1.16429,9.44,5.56
2020.09.24 11:55:43.526,1.16426,1.16431,15.59,6.50
2020.09.24 11:55:43.636,1.16427,1.16431,9.44,6.50
2020.09.24 11:55:43.737,1.16427,1.1643,15.59,6.50
2020.09.24 11:55:43.891,1.16428,1.16431,0.75,5.56
2020.09.24 11:55:43.993,1.16428,1.16432,11.39,5.56
2020.09.24 11:55:44.094,1.16428,1.16433,11.77,9.68
2020.09.24 11:55:46.572,1.16428,1.16432,10.57,5.56
2020.09.24 11:55:47.063,1.16429,1.16432,10.64,10.81
2020.09.24 11:55:49.506,1.16429,1.16433,0.75,6.31
2020.09.24 11:55:50.658,1.16428,1.16433,15.14,6.31
2020.09.24 11:55:51.307,1.16428,1.16432,10.57,5.56
2020.09.24 11:55:51.408,1.16428,1.16433,1.12,9.12
2020.09.24 11:55:51.747,1.16428,1.16432,1.12,0.75
2020.09.24 11:55:56.221,1.16429,1.16432,1.20,11.75
2020.09.24 11:55:56.856,1.16428,1.16432,1.20,6.31
2020.09.24 11:55:57.093,1.16428,1.16433,10.64,11.75
2020.09.24 11:55:57.246,1.16428,1.16431,10.57,0.94
2020.09.24 11:55:57.347,1.16427,1.1643,10.19,0.75
2020.09.24 11:55:58.898,1.16427,1.16429,16.27,6.31
2020.09.24 11:55:59.024,1.16426,1.1643,17.77,0.75
2020.09.24 11:55:59.357,1.16426,1.16431,17.84,0.94
2020.09.24 11:55:59.557,1.16426,1.1643,17.84,5.56
2020.09.24 11:55:59.837,1.16427,1.1643,17.84,6.50
2020.09.24 11:55:59.939,1.16425,1.16429,14.65,0.75
2020.09.24 11:56:00.041,1.16425,1.16428,9.44,0.94
2020.09.24 11:56:00.173,1.16424,1.16428,1.50,6.31
2020.09.24 11:56:00.325,1.16425,1.16429,1.12,5.56
2020.09.24 11:56:00.427,1.16426,1.1643,9.44,12.50
2020.09.24 11:56:00.528,1.16425,1.1643,12.22,12.50
2020.09.24 11:56:00.629,1.16426,1.1643,9.44,3.94
2020.09.24 11:56:00.837,1.16425,1.1643,15.22,9.50
2020.09.24 11:56:01.054,1.16426,1.16428,15.22,0.75
2020.09.24 11:56:01.570,1.16425,1.1643,12.97,10.25
2020.09.24 11:56:02.798,1.16425,1.16429,16.34,0.75
2020.09.24 11:56:03.049,1.16426,1.16429,9.44,0.75
2020.09.24 11:56:03.151,1.16425,1.16429,15.97,0.75
2020.09.24 11:56:03.850,1.16425,1.1643,15.40,8.37
2020.09.24 11:56:04.172,1.16426,1.1643,9.44,7.25
2020.09.24 11:56:04.274,1.16425,1.1643,15.22,7.25
2020.09.24 11:56:06.128,1.16426,1.1643,9.44,6.50
2020.09.24 11:56:06.280,1.16426,1.16429,15.22,6.50
2020.09.24 11:56:07.688,1.16426,1.1643,0.10,6.50
2020.09.24 11:56:08.440,1.16425,1.1643,14.84,8.00
2020.09.24 11:56:08.550,1.16427,1.16429,9.44,8.00
2020.09.24 11:56:11.380,1.1643,1.16431,0.75,2.25
2020.09.24 11:56:11.482,1.16429,1.16432,0.75,0.75
2020.09.24 11:56:11.584,1.16429,1.16431,15.07,7.06
2020.09.24 11:56:11.891,1.16428,1.16431,11.50,0.19
2020.09.24 11:56:11.994,1.16427,1.16428,9.44,0.19
2020.09.24 11:56:12.045,1.16426,1.16428,14.32,5.75
2020.09.24 11:56:12.250,1.16425,1.16427,15.25,0.75
2020.09.24 11:56:12.352,1.16424,1.16429,15.33,5.75
2020.09.24 11:56:12.454,1.16425,1.16429,9.44,6.50
2020.09.24 11:56:12.556,1.16424,1.16429,15.33,6.50
2020.09.24 11:56:12.659,1.16424,1.16428,15.25,0.75
2020.09.24 11:56:12.761,1.16423,1.16428,13.94,1.50
2020.09.24 11:56:12.863,1.16423,1.16427,14.02,5.56
2020.09.24 11:56:12.966,1.16423,1.16428,14.02,7.06
2020.09.24 11:56:13.069,1.16424,1.16425,13.19,0.19
2020.09.24 11:56:13.171,1.16422,1.16426,14.32,7.25
2020.09.24 11:56:13.273,1.16422,1.16425,1.50,5.56
2020.09.24 11:56:13.661,1.16423,1.16425,0.75,5.56
2020.09.24 11:56:13.764,1.16423,1.16425,14.32,0.94
2020.09.24 11:56:14.091,1.16422,1.16425,13.94,0.75
2020.09.24 11:56:14.192,1.16422,1.16423,10.57,1.50
2020.09.24 11:56:14.294,1.16421,1.16424,9.44,7.25
2020.09.24 11:56:14.395,1.1642,1.16423,1.87,5.56
2020.09.24 11:56:14.497,1.1642,1.16424,10.19,6.50
2020.09.24 11:56:14.598,1.1642,1.16423,0.75,5.56
2020.09.24 11:56:14.700,1.1642,1.16424,10.19,7.25
2020.09.24 11:56:15.066,1.1642,1.16423,12.40,10.25
2020.09.24 11:56:15.167,1.16419,1.16423,12.40,5.56
2020.09.24 11:56:15.319,1.1642,1.16421,12.44,1.50
2020.09.24 11:56:15.421,1.16418,1.16422,10.94,5.56
2020.09.24 11:56:15.522,1.1642,1.16422,9.44,3.19
2020.09.24 11:56:15.623,1.16418,1.16422,11.69,5.56
2020.09.24 11:56:15.725,1.16419,1.16423,3.00,7.81
2020.09.24 11:56:15.826,1.16418,1.16423,11.69,7.81
2020.09.24 11:56:15.927,1.16419,1.16421,11.69,5.56
2020.09.24 11:56:16.136,1.16419,1.16422,3.00,5.56
2020.09.24 11:56:16.238,1.16419,1.16423,10.19,0.75
2020.09.24 11:56:16.541,1.16421,1.16422,3.00,5.56
2020.09.24 11:56:16.643,1.1642,1.16424,12.44,6.38
2020.09.24 11:56:16.744,1.16419,1.16423,12.14,0.75
2020.09.24 11:56:16.846,1.1642,1.16423,0.75,5.56
2020.09.24 11:56:16.947,1.16421,1.16425,1.50,7.81
2020.09.24 11:56:17.150,1.16422,1.16425,9.44,0.75
2020.09.24 11:56:17.812,1.16422,1.16427,11.09,10.81
2020.09.24 11:56:17.914,1.16423,1.16427,10.64,5.56
2020.09.24 11:56:18.217,1.16423,1.16426,1.50,0.75
2020.09.24 11:56:18.476,1.16424,1.16426,10.94,6.68
2020.09.24 11:56:21.631,1.16424,1.16427,9.44,0.37
2020.09.24 11:56:21.743,1.16424,1.16426,0.75,5.93
2020.09.24 11:56:23.021,1.16423,1.16428,1.20,7.25
2020.09.24 11:56:23.446,1.16424,1.16426,10.27,0.75
2020.09.24 11:56:23.648,1.16424,1.16425,0.75,5.56
2020.09.24 11:56:23.749,1.16423,1.16427,0.75,6.31
2020.09.24 11:56:24.706,1.16423,1.16425,15.14,2.44
2020.09.24 11:56:24.808,1.16422,1.16425,9.44,7.62
2020.09.24 11:56:24.913,1.16421,1.16425,1.20,7.62
2020.09.24 11:56:26.568,1.16422,1.16423,10.64,0.75
2020.09.24 11:56:26.670,1.16418,1.16422,10.94,8.75
2020.09.24 11:56:26.772,1.16418,1.16421,9.44,2.44
2020.09.24 11:56:26.823,1.16417,1.16419,14.77,2.44
2020.09.24 11:56:26.924,1.16416,1.16418,9.44,8.00
2020.09.24 11:56:27.026,1.16414,1.16418,10.19,6.31
2020.09.24 11:56:27.870,1.16415,1.16418,9.44,0.75
2020.09.24 11:56:28.056,1.16414,1.16418,0.75,6.31
2020.09.24 11:56:28.310,1.16414,1.16417,0.75,5.56
2020.09.24 11:56:28.564,1.16413,1.16417,4.50,8.56
2020.09.24 11:56:28.615,1.16413,1.16415,0.75,0.19
2020.09.24 11:56:28.717,1.16412,1.16415,3.75,6.50
2020.09.24 11:56:30.009,1.16412,1.16414,10.19,0.94
2020.09.24 11:56:30.111,1.16411,1.16412,0.19,5.56
2020.09.24 11:56:30.212,1.16411,1.16413,0.19,6.68
2020.09.24 11:56:30.567,1.1641,1.16412,11.88,5.56
2020.09.24 11:56:30.972,1.16411,1.16413,9.63,10.43
2020.09.24 11:56:31.073,1.16409,1.16413,10.19,0.94
2020.09.24 11:56:31.175,1.16409,1.16412,9.44,4.20
2020.09.24 11:56:31.277,1.16407,1.1641,9.44,5.56
2020.09.24 11:56:31.379,1.16406,1.1641,0.75,6.50
2020.09.24 11:56:33.134,1.16407,1.1641,9.44,1.12
2020.09.24 11:56:33.277,1.16406,1.1641,10.19,1.12
2020.09.24 11:56:34.151,1.16407,1.1641,9.44,1.12
2020.09.24 11:56:34.252,1.16407,1.16409,10.19,1.12
2020.09.24 11:56:34.527,1.16407,1.16408,0.75,0.75
2020.09.24 11:56:35.768,1.16406,1.1641,10.19,0.75
2020.09.24 11:56:36.787,1.16405,1.16406,10.27,0.75
2020.09.24 11:56:36.888,1.16403,1.16407,10.19,1.87
2020.09.24 11:56:38.044,1.16406,1.16407,1.12,7.43
2020.09.24 11:56:38.095,1.16405,1.16409,10.27,0.75
2020.09.24 11:56:38.449,1.16406,1.16409,9.44,0.75
2020.09.24 11:56:38.639,1.16406,1.16408,10.27,0.75
2020.09.24 11:56:38.775,1.16405,1.16407,9.44,2.51
2020.09.24 11:56:38.826,1.16402,1.16404,0.37,0.19
2020.09.24 11:56:38.877,1.16401,1.16402,8.25,7.70
2020.09.24 11:56:38.978,1.164,1.16402,7.50,0.75
2020.09.24 11:56:39.080,1.164,1.16403,0.75,2.06
2020.09.24 11:56:39.182,1.164,1.16404,1.01,7.43
2020.09.24 11:56:39.493,1.16401,1.16402,9.44,1.50
2020.09.24 11:56:39.596,1.16399,1.16402,9.82,0.75
2020.09.24 11:56:40.293,1.164,1.16402,9.44,0.75
2020.09.24 11:56:40.411,1.164,1.16401,10.19,0.75
2020.09.24 11:56:41.424,1.16398,1.16402,13.83,0.75
2020.09.24 11:56:41.853,1.16401,1.16402,0.82,7.06
2020.09.24 11:56:41.955,1.164,1.16405,10.94,2.89
2020.09.24 11:56:42.259,1.16401,1.16403,11.88,0.10
2020.09.24 11:56:42.361,1.16401,1.16404,9.44,0.10
2020.09.24 11:56:42.512,1.16401,1.16405,9.44,7.43
2020.09.24 11:56:42.614,1.16404,1.16405,0.75,6.68
2020.09.24 11:56:42.716,1.16405,1.16406,1.57,5.93
2020.09.24 11:56:42.767,1.16405,1.16408,10.45,6.68
2020.09.24 11:56:42.818,1.16407,1.16409,0.75,6.12
2020.09.24 11:56:42.920,1.16407,1.1641,0.82,5.75
2020.09.24 11:56:43.021,1.16407,1.16411,11.02,1.12
2020.09.24 11:56:43.122,1.16408,1.16411,12.89,0.75
2020.09.24 11:56:43.414,1.16409,1.16411,9.44,0.75
2020.09.24 11:56:43.515,1.16409,1.1641,9.89,0.75
2020.09.24 11:56:43.768,1.16408,1.16412,9.89,2.81
2020.09.24 11:56:44.342,1.16409,1.1641,9.52,0.37
2020.09.24 11:56:45.350,1.16408,1.16409,9.44,11.10
2020.09.24 11:56:45.401,1.16406,1.16408,15.03,1.12
2020.09.24 11:56:45.520,1.16405,1.16409,10.45,0.75
2020.09.24 11:56:46.039,1.16405,1.16408,0.26,5.56
2020.09.24 11:56:46.263,1.16406,1.16408,0.26,7.43
2020.09.24 11:56:46.685,1.16407,1.16408,0.10,7.06
2020.09.24 11:56:46.837,1.16406,1.16408,9.70,7.43
2020.09.24 11:56:47.039,1.16403,1.16405,0.10,1.50
2020.09.24 11:56:47.141,1.16403,1.16404,9.44,1.87
2020.09.24 11:56:47.242,1.16402,1.16404,9.63,7.43
2020.09.24 11:56:47.445,1.16399,1.16401,0.75,2.70
2020.09.24 11:56:47.496,1.16398,1.164,9.63,8.18
2020.09.24 11:56:47.547,1.16397,1.16399,9.63,0.75
2020.09.24 11:56:47.650,1.16397,1.164,0.26,0.37
2020.09.24 11:56:47.752,1.16396,1.16401,10.45,7.70
2020.09.24 11:56:47.853,1.16397,1.16399,10.45,7.43
2020.09.24 11:56:48.157,1.16397,1.164,0.26,1.87
2020.09.24 11:56:48.259,1.16399,1.16401,0.10,0.37
2020.09.24 11:56:48.360,1.164,1.16402,9.52,9.68
2020.09.24 11:56:49.233,1.16399,1.16402,0.10,1.12
2020.09.24 11:56:50.719,1.164,1.16403,4.39,5.56
2020.09.24 11:56:50.821,1.16401,1.16405,9.44,1.39
2020.09.24 11:56:50.973,1.16401,1.16404,9.44,1.87
2020.09.24 11:56:51.074,1.16401,1.16403,13.08,1.87
2020.09.24 11:56:51.665,1.16401,1.16404,0.75,1.50
2020.09.24 11:56:52.560,1.164,1.16404,12.40,0.37
2020.09.24 11:56:52.662,1.16401,1.16405,9.44,6.76
2020.09.24 11:56:52.974,1.164,1.16405,11.20,6.76
2020.09.24 11:56:53.104,1.164,1.16404,9.52,2.06
2020.09.24 11:56:53.155,1.164,1.16402,9.44,2.70
2020.09.24 11:56:53.206,1.16399,1.164,10.19,0.75
2020.09.24 11:56:54.854,1.16398,1.164,9.44,0.75
2020.09.24 11:56:54.957,1.16397,1.164,9.44,6.76
2020.09.24 11:56:55.160,1.16398,1.164,9.44,5.63
2020.09.24 11:56:55.263,1.16396,1.16401,13.27,5.56
2020.09.24 11:56:55.415,1.16396,1.164,9.44,2.06
2020.09.24 11:56:55.822,1.16397,1.164,9.44,2.06
2020.09.24 11:56:55.923,1.16396,1.164,9.44,2.06
2020.09.24 11:56:58.255,1.16397,1.164,9.44,1.87
2020.09.24 11:56:58.412,1.16397,1.16401,9.44,1.87
2020.09.24 11:56:58.684,1.16396,1.16401,9.52,7.43
2020.09.24 11:56:58.936,1.16398,1.16399,9.44,5.56
2020.09.24 11:56:59.046,1.16396,1.164,9.44,2.44
2020.09.24 11:56:59.352,1.16397,1.164,9.44,1.87
2020.09.24 11:56:59.558,1.16397,1.16399,9.44,2.62
2020.09.24 11:56:59.660,1.16397,1.164,9.52,1.50
2020.09.24 11:56:59.761,1.16398,1.16401,0.75,6.31
2020.09.24 11:57:00.231,1.16398,1.16402,1.57,7.43
2020.09.24 11:57:00.333,1.16401,1.16403,0.75,6.31
2020.09.24 11:57:00.485,1.16403,1.16405,0.75,10.43
2020.09.24 11:57:00.636,1.16403,1.16406,0.75,7.25
2020.09.24 11:57:00.688,1.16407,1.16408,0.82,8.82
2020.09.24 11:57:00.789,1.16406,1.16409,3.07,7.25
2020.09.24 11:57:00.891,1.16407,1.16409,0.75,7.13
2020.09.24 11:57:00.993,1.16404,1.16408,0.10,8.82
2020.09.24 11:57:01.094,1.16403,1.16407,10.34,0.75
2020.09.24 11:57:01.196,1.16403,1.16408,10.27,12.95
2020.09.24 11:57:01.348,1.16403,1.16406,9.44,1.01
2020.09.24 11:57:01.450,1.16402,1.16405,9.44,1.57
2020.09.24 11:57:01.552,1.16401,1.16404,10.19,0.75
2020.09.24 11:57:02.129,1.164,1.16403,9.44,1.50
2020.09.24 11:57:02.231,1.16401,1.16403,10.38,11.63
2020.09.24 11:57:02.333,1.16401,1.16404,0.75,8.63
2020.09.24 11:57:02.435,1.16401,1.16402,0.75,0.82
2020.09.24 11:57:05.049,1.16401,1.16404,0.75,10.81
2020.09.24 11:57:05.487,1.16401,1.16403,0.75,5.56
2020.09.24 11:57:06.801,1.16399,1.16403,10.08,5.56
2020.09.24 11:57:07.155,1.164,1.16403,9.44,0.75
2020.09.24 11:57:07.206,1.16398,1.16399,0.82,0.19
2020.09.24 11:57:07.308,1.16397,1.16399,9.44,1.76
2020.09.24 11:57:07.409,1.16396,1.16398,9.44,0.75
2020.09.24 11:57:07.512,1.16395,1.16399,9.44,6.68
2020.09.24 11:57:07.614,1.16396,1.16398,9.44,1.76
2020.09.24 11:57:07.717,1.16394,1.16396,12.82,0.75
2020.09.24 11:57:08.048,1.16393,1.16396,12.70,6.31
2020.09.24 11:57:08.149,1.16393,1.16397,9.44,6.31
2020.09.24 11:57:08.270,1.16392,1.16397,12.70,6.31
2020.09.24 11:57:08.371,1.16393,1.16397,9.44,6.31
2020.09.24 11:57:08.589,1.16393,1.16396,11.95,7.06
2020.09.24 11:57:08.792,1.16394,1.16396,9.44,7.06
2020.09.24 11:57:09.007,1.16392,1.16397,11.95,7.06
2020.09.24 11:57:09.261,1.16393,1.16395,2.51,5.56
2020.09.24 11:57:09.465,1.16393,1.16397,9.44,1.50
2020.09.24 11:57:09.843,1.16392,1.16397,11.77,6.31
2020.09.24 11:57:09.947,1.16393,1.16397,9.44,0.75
2020.09.24 11:57:10.224,1.16395,1.16397,0.82,5.56
2020.09.24 11:57:10.326,1.16394,1.16398,0.75,6.68
2020.09.24 11:57:10.478,1.16395,1.16399,0.19,1.87
2020.09.24 11:57:10.731,1.16396,1.16397,9.44,1.50
2020.09.24 11:57:10.832,1.16393,1.16398,13.64,6.31
2020.09.24 11:57:11.186,1.16395,1.16397,6.07,5.56
2020.09.24 11:57:11.288,1.16395,1.16399,9.44,2.25
2020.09.24 11:57:11.390,1.16394,1.16399,11.02,7.81
2020.09.24 11:57:12.013,1.16394,1.16398,11.02,5.56
2020.09.24 11:57:12.127,1.16394,1.16399,11.02,7.81
2020.09.24 11:57:12.572,1.16395,1.16399,0.10,6.31
2020.09.24 11:57:12.673,1.16397,1.164,11.39,7.43
2020.09.24 11:57:12.775,1.16397,1.16401,9.52,0.75
2020.09.24 11:57:13.601,1.16396,1.16401,14.47,0.75
2020.09.24 11:57:13.831,1.16397,1.16399,13.94,0.82
2020.09.24 11:57:13.932,1.16395,1.16397,9.44,0.75
2020.09.24 11:57:14.034,1.16394,1.16397,15.14,0.75
2020.09.24 11:57:14.461,1.16394,1.16396,10.64,6.31
2020.09.24 11:57:14.872,1.16394,1.16397,0.10,5.93
2020.09.24 11:57:14.973,1.16394,1.16398,9.52,6.31
2020.09.24 11:57:15.301,1.16393,1.16398,12.70,6.31
2020.09.24 11:57:15.403,1.16393,1.16397,10.27,5.56
2020.09.24 11:57:15.504,1.16393,1.16395,10.64,5.56
2020.09.24 11:57:15.605,1.16392,1.16397,10.72,6.68
2020.09.24 11:57:16.443,1.16393,1.16397,1.57,5.56
2020.09.24 11:57:16.546,1.16394,1.16397,0.10,5.56
2020.09.24 11:57:16.725,1.16394,1.16398,0.10,7.81
2020.09.24 11:57:17.414,1.16394,1.16397,13.08,7.06
2020.09.24 11:57:18.357,1.16393,1.16397,11.39,5.56
2020.09.24 11:57:18.459,1.16395,1.16397,0.10,5.56
2020.09.24 11:57:18.561,1.16395,1.164,0.10,7.81
2020.09.24 11:57:18.662,1.16396,1.164,9.44,2.25
2020.09.24 11:57:18.865,1.16397,1.16398,9.44,5.56
2020.09.24 11:57:18.968,1.16397,1.16399,9.44,7.06
2020.09.24 11:57:19.187,1.16395,1.164,13.64,7.06
2020.09.24 11:57:19.440,1.16397,1.16398,9.44,5.56
2020.09.24 11:57:19.541,1.16396,1.164,10.94,0.75
2020.09.24 11:57:19.643,1.164,1.16401,3.00,0.37
2020.09.24 11:57:19.694,1.16402,1.16403,1.57,5.56
2020.09.24 11:57:19.745,1.16401,1.16405,14.02,13.06
2020.09.24 11:57:19.796,1.16403,1.16405,1.50,5.56
2020.09.24 11:57:19.897,1.16404,1.16408,9.44,7.25
2020.09.24 11:57:20.302,1.16407,1.16408,9.44,0.94
2020.09.24 11:57:20.403,1.16407,1.1641,9.44,0.19
2020.09.24 11:57:20.760,1.16406,1.1641,9.44,7.13
2020.09.24 11:57:20.964,1.16406,1.16409,12.63,10.51
2020.09.24 11:57:21.067,1.16406,1.1641,3.00,7.51
2020.09.24 11:57:21.169,1.16405,1.1641,12.70,10.43
2020.09.24 11:57:21.425,1.16405,1.16409,9.52,1.50
2020.09.24 11:57:21.527,1.16404,1.16408,9.44,6.31
2020.09.24 11:57:21.731,1.16403,1.16407,2.89,5.56
2020.09.24 11:57:21.845,1.16403,1.16408,12.33,6.31
2020.09.24 11:57:21.947,1.16405,1.16407,9.44,0.94
2020.09.24 11:57:22.050,1.16403,1.16408,12.97,6.50
2020.09.24 11:57:22.152,1.16404,1.16408,0.10,5.75
2020.09.24 11:57:22.692,1.16403,1.16408,15.14,0.94
2020.09.24 11:57:24.392,1.16403,1.16407,10.57,0.75
2020.09.24 11:57:24.494,1.16402,1.16406,9.44,1.76
2020.09.24 11:57:24.596,1.16402,1.16405,9.44,5.56
2020.09.24 11:57:24.698,1.16402,1.16406,9.44,10.70
2020.09.24 11:57:24.800,1.16401,1.16405,0.94,5.56
2020.09.24 11:57:25.296,1.164,1.16405,14.58,6.50
2020.09.24 11:57:25.603,1.16401,1.16405,9.44,6.50
2020.09.24 11:57:25.806,1.16402,1.16405,9.44,5.75
2020.09.24 11:57:25.907,1.16404,1.16405,9.44,0.19
2020.09.24 11:57:26.059,1.16405,1.16406,1.50,6.50
2020.09.24 11:57:26.161,1.16407,1.16409,3.19,5.56
2020.09.24 11:57:26.212,1.1641,1.16411,0.75,0.45
2020.09.24 11:57:26.365,1.1641,1.16412,1.12,6.31
2020.09.24 11:57:26.517,1.16408,1.16412,9.44,0.75
2020.09.24 11:57:26.619,1.16408,1.16411,9.82,5.75
2020.09.24 11:57:26.721,1.16407,1.16411,9.44,6.38
2020.09.24 11:57:26.823,1.16405,1.16409,13.19,5.56
2020.09.24 11:57:27.136,1.16404,1.16409,15.59,5.56
2020.09.24 11:57:27.238,1.16405,1.16409,9.52,5.56
2020.09.24 11:57:27.339,1.16405,1.16407,9.44,1.69
2020.09.24 11:57:27.390,1.16404,1.16406,9.82,7.32
2020.09.24 11:57:27.542,1.16403,1.16406,9.44,0.19
2020.09.24 11:57:27.644,1.16402,1.16405,9.44,1.01
2020.09.24 11:57:27.718,1.164,1.16404,12.70,5.56
2020.09.24 11:57:27.920,1.164,1.16403,12.70,5.56
2020.09.24 11:57:28.022,1.16401,1.16405,9.44,7.32
2020.09.24 11:57:28.123,1.164,1.16405,11.20,7.70
2020.09.24 11:57:28.224,1.164,1.16404,11.58,5.56
2020.09.24 11:57:28.330,1.16401,1.16404,11.58,7.32
2020.09.24 11:57:28.689,1.16401,1.16405,9.44,1.01
2020.09.24 11:57:28.880,1.164,1.16405,13.08,6.57
2020.09.24 11:57:29.423,1.16401,1.16405,9.44,1.01
2020.09.24 11:57:30.130,1.164,1.16404,10.45,0.75
2020.09.24 11:57:30.949,1.164,1.16403,13.45,11.07
2020.09.24 11:57:31.050,1.164,1.16402,12.70,5.56
2020.09.24 11:57:31.152,1.16399,1.16403,9.70,5.56
2020.09.24 11:57:31.254,1.16399,1.16402,9.70,5.56
2020.09.24 11:57:31.355,1.164,1.16402,9.70,7.06
2020.09.24 11:57:33.369,1.16401,1.16403,0.19,9.38
2020.09.24 11:57:33.521,1.16402,1.16403,0.10,5.56
2020.09.24 11:57:33.623,1.16401,1.16405,9.52,0.94
2020.09.24 11:57:33.878,1.164,1.16404,9.70,5.62
2020.09.24 11:57:33.980,1.164,1.16403,9.70,5.56
2020.09.24 11:57:34.081,1.164,1.16404,9.70,7.43
2020.09.24 11:57:34.183,1.16401,1.16402,0.26,5.56
2020.09.24 11:57:34.435,1.164,1.16404,0.26,6.68
2020.09.24 11:57:36.380,1.16399,1.164,10.19,0.94
2020.09.24 11:57:36.481,1.16397,1.16398,9.89,1.50
2020.09.24 11:57:36.633,1.16395,1.16399,10.45,6.31
2020.09.24 11:57:36.735,1.16396,1.164,9.52,6.50
2020.09.24 11:57:37.143,1.16396,1.16398,0.10,5.56
2020.09.24 11:57:37.245,1.16396,1.164,0.10,6.50
2020.09.24 11:57:40.282,1.16396,1.16399,0.10,5.56
2020.09.24 11:57:40.398,1.16395,1.164,13.00,6.57
2020.09.24 11:57:40.450,1.16395,1.16398,9.44,0.75
2020.09.24 11:57:40.552,1.16394,1.16399,12.07,7.51
2020.09.24 11:57:40.653,1.16394,1.16398,10.19,5.56
2020.09.24 11:57:41.824,1.16394,1.16399,10.94,8.82
2020.09.24 11:57:41.926,1.16394,1.16398,1.50,6.68
2020.09.24 11:57:42.861,1.16393,1.16396,14.47,0.75
2020.09.24 11:57:43.267,1.16393,1.16397,11.39,1.12
2020.09.24 11:57:44.711,1.16395,1.16397,0.10,7.43
2020.09.24 11:57:45.958,1.16394,1.16396,11.77,0.75
2020.09.24 11:57:46.060,1.16394,1.16397,0.75,0.75
2020.09.24 11:57:46.161,1.16394,1.16398,10.19,7.43
2020.09.24 11:57:46.516,1.16395,1.16396,9.44,5.56
2020.09.24 11:57:46.566,1.16396,1.16398,12.52,7.43
2020.09.24 11:57:46.668,1.16396,1.16397,9.44,0.75
2020.09.24 11:57:46.769,1.16395,1.16397,10.19,6.31
2020.09.24 11:57:49.182,1.16394,1.16395,10.57,0.37
2020.09.24 11:57:49.283,1.16394,1.16395,1.12,5.93
2020.09.24 11:57:49.639,1.16392,1.16396,10.45,6.31
2020.09.24 11:57:49.993,1.16393,1.16396,9.44,0.75
2020.09.24 11:57:50.238,1.16392,1.16394,9.44,1.87
2020.09.24 11:57:50.289,1.1639,1.16393,2.70,3.07
2020.09.24 11:57:50.403,1.16389,1.1639,9.44,0.75
2020.09.24 11:57:50.455,1.16388,1.1639,17.13,7.51
2020.09.24 11:57:50.557,1.16387,1.16389,9.63,0.10
2020.09.24 11:57:50.660,1.16387,1.1639,0.19,8.07
2020.09.24 11:57:50.813,1.16386,1.16389,0.94,5.56
2020.09.24 11:57:51.018,1.16386,1.1639,12.70,7.43
2020.09.24 11:57:51.121,1.16388,1.16389,9.44,2.06
2020.09.24 11:57:51.325,1.16387,1.16389,10.45,2.06
2020.09.24 11:57:51.427,1.16387,1.1639,9.44,2.06
2020.09.24 11:57:52.116,1.16386,1.1639,10.27,1.87
2020.09.24 11:57:52.319,1.16387,1.1639,9.44,1.87
2020.09.24 11:57:52.421,1.16389,1.16391,10.19,0.37
2020.09.24 11:57:52.522,1.16389,1.1639,9.44,5.56
2020.09.24 11:57:52.623,1.16389,1.16391,1.87,5.56
2020.09.24 11:57:52.674,1.1639,1.16392,1.95,6.31
2020.09.24 11:57:52.776,1.1639,1.16393,3.82,5.56
2020.09.24 11:57:52.878,1.1639,1.16395,13.27,7.81
2020.09.24 11:57:52.929,1.1639,1.16393,13.19,0.75
2020.09.24 11:57:53.030,1.16389,1.1639,9.52,0.75
2020.09.24 11:57:53.132,1.16387,1.16391,13.27,6.31
2020.09.24 11:57:53.334,1.16387,1.1639,9.44,1.50
2020.09.24 11:57:53.435,1.16387,1.16389,9.89,7.06
2020.09.24 11:57:55.799,1.16386,1.16389,10.27,5.56
2020.09.24 11:57:55.900,1.16386,1.1639,10.27,6.31
2020.09.24 11:57:58.157,1.16387,1.1639,9.44,0.75
2020.09.24 11:57:58.259,1.16386,1.1639,14.65,0.75
2020.09.24 11:57:59.294,1.1639,1.16391,0.82,8.37
2020.09.24 11:57:59.396,1.16389,1.16391,3.37,5.56
2020.09.24 11:57:59.497,1.16388,1.16393,3.00,9.95
2020.09.24 11:57:59.649,1.16388,1.16392,3.00,5.56
2020.09.24 11:57:59.852,1.16389,1.16392,3.00,9.57
2020.09.24 11:57:59.953,1.16388,1.16392,3.00,5.56
2020.09.24 11:58:00.055,1.16387,1.16392,11.39,6.31
2020.09.24 11:58:00.156,1.16386,1.1639,14.39,5.56
2020.09.24 11:58:00.717,1.16387,1.1639,9.44,5.56
2020.09.24 11:58:00.818,1.16386,1.1639,10.64,5.56
2020.09.24 11:58:01.055,1.16387,1.1639,9.44,5.56
2020.09.24 11:58:02.158,1.16388,1.1639,9.44,8.45
2020.09.24 11:58:02.532,1.16387,1.1639,9.44,5.56
2020.09.24 11:58:02.634,1.16387,1.16391,9.44,8.45
2020.09.24 11:58:02.736,1.16387,1.1639,9.44,6.40
2020.09.24 11:58:02.838,1.16386,1.1639,1.12,7.52
2020.09.24 11:58:02.940,1.16387,1.16388,1.12,5.56
2020.09.24 11:58:03.053,1.16386,1.1639,10.57,6.77
2020.09.24 11:58:03.203,1.16387,1.16388,1.12,5.56
2020.09.24 11:58:04.000,1.16386,1.16388,9.44,0.75
2020.09.24 11:58:04.102,1.16383,1.16387,11.13,6.31
2020.09.24 11:58:04.153,1.16385,1.16388,0.75,6.31
2020.09.24 11:58:04.254,1.16385,1.16389,9.44,6.68
2020.09.24 11:58:04.407,1.16386,1.16388,9.44,7.70
2020.09.24 11:58:04.508,1.16384,1.16389,11.77,7.62
2020.09.24 11:58:04.609,1.16385,1.16389,9.44,7.70
2020.09.24 11:58:04.710,1.16384,1.16389,10.94,7.70
2020.09.24 11:58:04.812,1.16386,1.16387,9.44,5.56
2020.09.24 11:58:05.041,1.16384,1.16389,10.94,7.70
2020.09.24 11:58:05.194,1.16385,1.16389,0.75,7.62
2020.09.24 11:58:05.936,1.16385,1.16388,0.75,0.75
2020.09.24 11:58:06.038,1.16385,1.16387,12.44,6.31
2020.09.24 11:58:06.139,1.16386,1.16387,9.44,6.31
2020.09.24 11:58:06.242,1.16385,1.16389,13.57,6.31
2020.09.24 11:58:06.345,1.16386,1.16389,9.44,6.31
2020.09.24 11:58:06.548,1.16384,1.16389,10.19,8.45
2020.09.24 11:58:07.029,1.16385,1.16387,10.19,0.75
2020.09.24 11:58:07.823,1.16383,1.16387,10.94,6.31
2020.09.24 11:58:07.924,1.16385,1.16387,1.50,5.56
2020.09.24 11:58:08.026,1.16385,1.16388,13.94,0.75
2020.09.24 11:58:08.127,1.16387,1.16388,9.44,6.31
2020.09.24 11:58:08.411,1.16385,1.16388,13.94,0.75
2020.09.24 11:58:09.008,1.16386,1.16388,13.94,6.31
2020.09.24 11:58:09.143,1.16385,1.16388,4.50,5.56
2020.09.24 11:58:09.295,1.16385,1.16386,9.44,0.75
2020.09.24 11:58:09.396,1.16384,1.16385,10.19,5.56
2020.09.24 11:58:09.498,1.16383,1.16387,0.75,8.07
2020.09.24 11:58:09.600,1.16383,1.16386,10.19,5.56
2020.09.24 11:58:09.802,1.16383,1.16387,10.19,8.07
2020.09.24 11:58:10.821,1.16384,1.16387,9.44,2.51
2020.09.24 11:58:10.973,1.16383,1.16387,10.94,0.75
2020.09.24 11:58:11.076,1.16385,1.16386,9.44,0.75
2020.09.24 11:58:12.003,1.16383,1.16386,10.19,0.19
2020.09.24 11:58:12.104,1.16383,1.16385,9.44,0.37
2020.09.24 11:58:12.206,1.16383,1.16384,10.19,5.93
2020.09.24 11:58:12.687,1.16382,1.16386,10.94,5.56
2020.09.24 11:58:12.738,1.16384,1.16386,7.95,5.56
2020.09.24 11:58:12.839,1.16383,1.16387,10.19,7.81
2020.09.24 11:58:13.041,1.16382,1.16387,11.69,7.06
2020.09.24 11:58:13.143,1.16383,1.16387,9.44,7.06
2020.09.24 11:58:13.245,1.16382,1.16387,10.94,8.63
2020.09.24 11:58:13.346,1.16382,1.16386,1.50,5.56
2020.09.24 11:58:13.448,1.16382,1.16385,9.44,1.12
2020.09.24 11:58:13.549,1.16381,1.16385,12.25,6.68
2020.09.24 11:58:13.752,1.16382,1.16386,9.44,8.07
2020.09.24 11:58:13.904,1.16381,1.16385,12.25,5.56
2020.09.24 11:58:14.107,1.16383,1.16385,9.44,8.82
2020.09.24 11:58:14.209,1.16381,1.16385,12.25,6.31
2020.09.24 11:58:14.441,1.16381,1.16384,15.25,5.56
2020.09.24 11:58:14.643,1.16382,1.16385,9.44,5.93
2020.09.24 11:58:14.856,1.16382,1.16384,12.25,6.68
2020.09.24 11:58:15.468,1.16383,1.16384,9.44,5.93
2020.09.24 11:58:15.570,1.16381,1.16385,12.33,5.86
2020.09.24 11:58:18.582,1.16382,1.16385,9.52,0.37
2020.09.24 11:58:18.767,1.16381,1.16385,11.20,5.86
2020.09.24 11:58:19.101,1.16382,1.16385,9.52,5.86
2020.09.24 11:58:19.977,1.16382,1.16384,11.02,6.05
2020.09.24 11:58:20.399,1.16382,1.16385,9.52,6.05
2020.09.24 11:58:20.450,1.16385,1.16387,0.19,2.81
2020.09.24 11:58:20.552,1.16385,1.16388,10.27,5.93
2020.09.24 11:58:20.654,1.16385,1.16387,10.27,0.37
2020.09.24 11:58:20.756,1.16384,1.16386,9.52,0.37
2020.09.24 11:58:20.908,1.16384,1.16386,3.94,0.37
2020.09.24 11:58:21.060,1.16384,1.16386,9.89,0.37
2020.09.24 11:58:21.111,1.16384,1.16388,9.89,7.06
2020.09.24 11:58:21.212,1.16384,1.16387,9.89,5.11
2020.09.24 11:58:21.313,1.16384,1.16388,9.89,1.20
2020.09.24 11:58:21.629,1.16385,1.16388,9.89,1.20
2020.09.24 11:58:21.789,1.16385,1.16387,9.89,1.12
2020.09.24 11:58:22.792,1.16383,1.16388,15.52,5.86
2020.09.24 11:58:23.030,1.16385,1.16387,9.89,5.86
2020.09.24 11:58:23.860,1.16383,1.16388,16.27,5.86
2020.09.24 11:58:24.095,1.16384,1.16388,9.89,5.86
2020.09.24 11:58:24.275,1.16383,1.16388,15.52,5.86
2020.09.24 11:58:24.430,1.16384,1.16388,9.89,5.86
2020.09.24 11:58:24.800,1.16385,1.16388,1.50,5.11
2020.09.24 11:58:24.902,1.16386,1.16389,9.89,0.37
2020.09.24 11:58:25.154,1.16385,1.16389,11.77,5.48
2020.09.24 11:58:25.283,1.16387,1.16388,9.89,5.48
2020.09.24 11:58:25.510,1.16386,1.1639,11.02,10.37
2020.09.24 11:58:25.612,1.16388,1.16389,9.89,1.43
2020.09.24 11:58:25.715,1.16387,1.16389,11.02,6.14
2020.09.24 11:58:26.080,1.16387,1.1639,9.89,0.28
2020.09.24 11:58:26.187,1.16387,1.16388,9.89,0.82
2020.09.24 11:58:26.289,1.16386,1.16388,10.64,5.93
2020.09.24 11:58:26.390,1.16385,1.16388,10.64,5.11
2020.09.24 11:58:26.492,1.16386,1.16388,9.89,6.68
2020.09.24 11:58:26.607,1.16385,1.16388,9.89,5.11
2020.09.24 11:58:26.709,1.16386,1.16389,9.89,5.93
2020.09.24 11:58:27.020,1.16385,1.16389,10.64,5.93
2020.09.24 11:58:27.649,1.16385,1.16388,12.33,6.68
2020.09.24 11:58:27.801,1.16385,1.16389,9.89,6.68
2020.09.24 11:58:27.923,1.16386,1.16389,9.89,1.57
2020.09.24 11:58:28.055,1.16386,1.16388,9.89,1.57
2020.09.24 11:58:29.299,1.16385,1.16388,13.08,6.68
2020.09.24 11:58:30.042,1.16386,1.16388,9.89,5.93
2020.09.24 11:58:30.295,1.16386,1.1639,9.89,6.12
2020.09.24 11:58:30.397,1.16389,1.16391,1.50,5.30
2020.09.24 11:58:30.448,1.16391,1.16394,1.12,10.69
2020.09.24 11:58:30.600,1.16392,1.16394,0.75,5.11
2020.09.24 11:58:30.702,1.16392,1.16395,1.12,0.19
2020.09.24 11:58:32.069,1.16394,1.16396,0.75,5.11
2020.09.24 11:58:32.171,1.16393,1.16396,14.02,5.11
2020.09.24 11:58:32.274,1.16393,1.16397,14.02,1.01
2020.09.24 11:58:32.578,1.16393,1.16396,0.75,0.26
2020.09.24 11:58:32.679,1.16392,1.16396,14.02,6.12
2020.09.24 11:58:32.785,1.16392,1.16395,4.12,5.11
2020.09.24 11:58:32.937,1.16392,1.16396,1.12,6.12
2020.09.24 11:58:34.088,1.16394,1.16395,9.89,0.94
2020.09.24 11:58:34.189,1.16392,1.16396,4.12,6.05
2020.09.24 11:58:35.829,1.16394,1.16396,0.75,5.11
2020.09.24 11:58:35.880,1.16396,1.16398,0.19,6.38
2020.09.24 11:58:35.981,1.16395,1.164,10.08,8.00
2020.09.24 11:58:36.083,1.16397,1.16399,9.89,6.50
2020.09.24 11:58:36.197,1.16395,1.164,13.08,6.50
2020.09.24 11:58:36.313,1.16398,1.16399,0.75,5.30
2020.09.24 11:58:40.082,1.16396,1.164,13.27,1.01
2020.09.24 11:58:40.234,1.16396,1.16399,10.27,5.11
2020.09.24 11:58:40.350,1.16396,1.164,10.27,7.62
2020.09.24 11:58:40.451,1.16396,1.16399,0.37,5.11
2020.09.24 11:58:41.063,1.16396,1.16398,11.95,5.11
2020.09.24 11:58:41.166,1.16396,1.164,9.89,7.62
2020.09.24 11:58:41.268,1.16396,1.16399,11.20,7.62
2020.09.24 11:58:41.453,1.16396,1.164,0.10,5.30
2020.09.24 11:58:41.554,1.16397,1.16401,9.89,1.01
2020.09.24 11:58:41.960,1.16397,1.16402,10.15,11.37
2020.09.24 11:58:42.310,1.16397,1.16401,9.97,0.19
2020.09.24 11:58:42.667,1.16397,1.16402,10.15,10.25
2020.09.24 11:58:42.769,1.16398,1.16402,9.89,10.25
2020.09.24 11:58:42.936,1.16397,1.16402,13.15,7.25
2020.09.24 11:58:43.037,1.16398,1.16402,3.00,6.50
2020.09.24 11:58:43.140,1.16397,1.16402,10.90,9.50
2020.09.24 11:58:43.241,1.16398,1.16402,9.89,9.50
2020.09.24 11:58:43.401,1.16398,1.16401,9.89,6.05
2020.09.24 11:58:43.503,1.16396,1.164,10.64,5.18
2020.09.24 11:58:43.706,1.16397,1.164,9.89,5.18
2020.09.24 11:58:43.918,1.16396,1.164,11.77,0.10
2020.09.24 11:58:44.305,1.16393,1.16396,4.57,1.01
2020.09.24 11:58:44.407,1.16392,1.16394,9.89,0.10
2020.09.24 11:58:44.508,1.16391,1.16393,11.77,5.18
2020.09.24 11:58:44.610,1.16391,1.16392,1.12,5.11
2020.09.24 11:58:44.711,1.1639,1.16394,11.02,5.18
2020.09.24 11:58:44.896,1.1639,1.16393,9.89,0.75
2020.09.24 11:58:44.998,1.1639,1.16392,9.89,6.68
2020.09.24 11:58:45.099,1.16388,1.16393,11.02,7.43
2020.09.24 11:58:45.353,1.16389,1.16392,9.89,5.11
2020.09.24 11:58:45.490,1.16388,1.16392,11.02,5.11
2020.09.24 11:58:45.794,1.16388,1.16393,11.02,7.43
2020.09.24 11:58:45.895,1.16389,1.16393,0.75,6.68
2020.09.24 11:58:46.769,1.1639,1.16393,4.39,5.11
2020.09.24 11:58:46.820,1.16392,1.16395,3.75,5.45
2020.09.24 11:58:47.024,1.16393,1.16395,9.89,0.19
2020.09.24 11:58:47.126,1.16392,1.16395,10.64,5.30
2020.09.24 11:58:47.820,1.16393,1.16396,1.50,5.11
2020.09.24 11:58:47.922,1.16395,1.16396,9.89,6.05
2020.09.24 11:58:48.023,1.16393,1.16397,14.77,0.94
2020.09.24 11:58:48.225,1.16395,1.16398,1.50,5.48
2020.09.24 11:58:48.327,1.16397,1.16398,1.12,6.80
2020.09.24 11:58:48.429,1.16394,1.16398,9.89,5.93
2020.09.24 11:58:48.581,1.16394,1.16397,11.77,7.43
2020.09.24 11:58:48.682,1.16394,1.16396,11.77,0.94
2020.09.24 11:58:48.785,1.16392,1.16395,14.95,0.10
2020.09.24 11:58:49.395,1.16393,1.16396,9.89,5.37
2020.09.24 11:58:49.497,1.16392,1.16396,11.20,5.37
2020.09.24 11:58:49.622,1.16393,1.16395,9.89,0.19
2020.09.24 11:58:49.725,1.16392,1.16395,11.20,0.19
2020.09.24 11:58:49.827,1.16393,1.16395,0.75,0.19
2020.09.24 11:58:50.183,1.16393,1.16396,1.87,0.19
2020.09.24 11:58:50.286,1.16395,1.16397,9.89,12.12
2020.09.24 11:58:50.388,1.16393,1.16397,11.77,5.11
2020.09.24 11:58:50.846,1.16393,1.16395,9.89,0.10
2020.09.24 11:58:50.947,1.16393,1.16394,11.95,0.26
2020.09.24 11:58:51.802,1.16394,1.16395,9.89,1.01
2020.09.24 11:58:52.582,1.16392,1.16395,14.77,0.19
2020.09.24 11:58:52.786,1.16392,1.16393,11.77,0.10
2020.09.24 11:58:52.888,1.1639,1.16394,11.58,5.18
2020.09.24 11:58:52.990,1.1639,1.16393,10.27,2.25
2020.09.24 11:58:53.092,1.1639,1.16392,0.94,6.68
2020.09.24 11:58:53.481,1.16389,1.16392,0.94,5.11
2020.09.24 11:58:53.807,1.16389,1.16393,0.94,0.75
2020.09.24 11:58:53.960,1.16391,1.16395,0.75,5.30
2020.09.24 11:58:54.061,1.16393,1.16394,0.37,0.19
2020.09.24 11:58:54.620,1.16391,1.16395,11.77,1.01
2020.09.24 11:58:55.065,1.16391,1.16394,11.77,1.01
2020.09.24 11:58:55.167,1.16391,1.16392,9.89,2.51
2020.09.24 11:58:55.269,1.16388,1.16392,14.77,0.75
2020.09.24 11:58:55.472,1.16389,1.16392,14.77,1.76
2020.09.24 11:58:55.574,1.16389,1.1639,11.77,0.26
2020.09.24 11:58:56.304,1.16388,1.1639,11.77,5.37
2020.09.24 11:58:56.560,1.16388,1.16389,1.87,0.26
2020.09.24 11:58:59.297,1.16387,1.16389,1.87,0.10
2020.09.24 11:58:59.449,1.16387,1.1639,0.37,0.26
2020.09.24 11:59:00.264,1.16388,1.1639,9.89,0.19
2020.09.24 11:59:00.315,1.16389,1.16392,0.75,6.05
2020.09.24 11:59:00.417,1.16389,1.1639,13.64,0.10
2020.09.24 11:59:00.519,1.16388,1.16391,13.27,0.10
2020.09.24 11:59:00.620,1.16388,1.16389,11.77,0.19
2020.09.24 11:59:02.535,1.16388,1.1639,9.89,0.19
2020.09.24 11:59:02.772,1.16387,1.1639,11.77,0.19
2020.09.24 11:59:04.971,1.16386,1.16389,11.77,1.76
2020.09.24 11:59:05.073,1.16386,1.16388,0.37,0.75
2020.09.24 11:59:05.378,1.16385,1.16388,4.12,1.01
2020.09.24 11:59:05.791,1.16385,1.16387,0.37,0.75
2020.09.24 11:59:05.944,1.16386,1.16387,0.37,7.62
2020.09.24 11:59:06.045,1.16385,1.16387,0.37,5.11
2020.09.24 11:59:06.147,1.16385,1.16388,0.37,6.12
2020.09.24 11:59:06.514,1.16384,1.16388,1.12,6.87
2020.09.24 11:59:07.524,1.16384,1.16386,11.02,1.01
2020.09.24 11:59:07.625,1.16384,1.16385,12.52,0.26
2020.09.24 11:59:08.032,1.16383,1.16385,11.77,1.01
2020.09.24 11:59:12.858,1.16383,1.16384,11.77,0.19
2020.09.24 11:59:12.960,1.16384,1.16385,9.89,2.44
2020.09.24 11:59:13.382,1.16382,1.16385,11.77,0.94
2020.09.24 11:59:14.059,1.16382,1.16384,11.02,2.44
2020.09.24 11:59:14.110,1.1638,1.16383,1.31,1.50
2020.09.24 11:59:14.212,1.16382,1.16383,1.12,5.11
2020.09.24 11:59:14.263,1.16382,1.16385,9.89,1.69
2020.09.24 11:59:15.035,1.16381,1.16385,11.77,6.80
2020.09.24 11:59:15.137,1.16382,1.16385,9.89,6.80
2020.09.24 11:59:15.188,1.16384,1.16387,3.37,3.75
2020.09.24 11:59:15.239,1.16387,1.16389,0.75,0.19
2020.09.24 11:59:15.290,1.16385,1.16387,10.64,1.50
2020.09.24 11:59:15.391,1.16384,1.16386,9.89,0.19
2020.09.24 11:59:15.442,1.16381,1.16383,8.25,1.50
2020.09.24 11:59:15.544,1.16382,1.16384,9.89,0.75
2020.09.24 11:59:15.645,1.16382,1.16383,1.87,0.75
2020.09.24 11:59:16.444,1.16382,1.16385,1.12,5.30
2020.09.24 11:59:18.287,1.16382,1.16384,14.39,7.62
2020.09.24 11:59:18.666,1.16381,1.16384,11.02,5.11
2020.09.24 11:59:19.109,1.16381,1.16385,11.02,6.87
2020.09.24 11:59:19.370,1.16381,1.16383,11.02,0.75
2020.09.24 11:59:19.472,1.16381,1.16384,9.89,0.82
2020.09.24 11:59:19.573,1.16381,1.16383,14.20,0.75
2020.09.24 11:59:19.727,1.16382,1.16383,9.89,0.75
2020.09.24 11:59:20.219,1.1638,1.16384,14.20,0.75
2020.09.24 11:59:20.562,1.1638,1.16385,14.20,8.00
2020.09.24 11:59:20.664,1.16382,1.16384,9.89,8.00
2020.09.24 11:59:20.911,1.16382,1.16385,1.87,6.05
2020.09.24 11:59:21.012,1.16383,1.16385,9.89,0.94
2020.09.24 11:59:21.215,1.16382,1.16385,11.77,0.19
2020.09.24 11:59:25.757,1.16381,1.16385,11.02,6.80
2020.09.24 11:59:27.023,1.16382,1.16385,2.06,0.19
2020.09.24 11:59:27.175,1.16384,1.16385,9.89,1.79
2020.09.24 11:59:27.550,1.16382,1.16385,11.95,0.19
2020.09.24 11:59:31.810,1.16382,1.16384,10.27,0.10
2020.09.24 11:59:31.912,1.1638,1.16384,14.77,6.12
2020.09.24 11:59:32.842,1.16381,1.16385,9.89,6.80
2020.09.24 11:59:32.943,1.1638,1.16385,15.03,6.80
2020.09.24 11:59:33.044,1.16382,1.16384,1.12,6.80
2020.09.24 11:59:34.146,1.16381,1.16384,1.87,5.11
2020.09.24 11:59:34.247,1.16382,1.16384,1.87,6.80
2020.09.24 11:59:36.662,1.16381,1.16386,11.77,9.04
2020.09.24 11:59:36.763,1.16381,1.16385,11.77,5.11
2020.09.24 11:59:38.964,1.16381,1.16384,11.02,1.01
2020.09.24 11:59:39.065,1.16381,1.16383,11.77,8.37
2020.09.24 11:59:40.296,1.1638,1.16383,1.87,5.11
2020.09.24 11:59:40.412,1.1638,1.16384,1.87,6.12
2020.09.24 11:59:41.020,1.16381,1.16382,11.77,5.11
2020.09.24 11:59:41.426,1.1638,1.16384,1.87,6.05
2020.09.24 11:59:41.780,1.16381,1.16384,1.50,5.11
2020.09.24 11:59:41.882,1.16381,1.16385,11.39,6.12
2020.09.24 11:59:42.505,1.16382,1.16385,0.37,0.19
2020.09.24 11:59:44.095,1.16381,1.16383,10.64,2.32
2020.09.24 11:59:44.146,1.1638,1.16382,11.02,2.14
2020.09.24 11:59:44.658,1.16379,1.16382,1.12,5.11
2020.09.24 11:59:44.998,1.16379,1.16383,0.75,5.18
2020.09.24 11:59:47.437,1.16382,1.16383,0.75,6.31
2020.09.24 11:59:47.538,1.16383,1.16384,11.39,0.26
2020.09.24 11:59:49.158,1.16382,1.16384,1.50,0.10
2020.09.24 11:59:49.537,1.16382,1.16385,1.50,5.37
2020.09.24 11:59:49.740,1.16383,1.16385,11.39,5.37
2020.09.24 11:59:49.892,1.16384,1.16387,2.62,5.11
2020.09.24 11:59:49.994,1.16387,1.16389,12.52,6.12
2020.09.24 11:59:50.095,1.16387,1.1639,0.75,5.18
2020.09.24 11:59:50.450,1.16386,1.16389,3.37,5.11
2020.09.24 11:59:50.551,1.16385,1.1639,16.27,6.12
2020.09.24 11:59:50.732,1.16386,1.16388,16.27,5.11
2020.09.24 11:59:50.841,1.16385,1.1639,16.27,6.12
2020.09.24 11:59:51.097,1.16386,1.16388,16.27,5.11
2020.09.24 11:59:51.811,1.16387,1.16388,0.75,5.11
2020.09.24 11:59:51.912,1.16387,1.16389,1.50,5.11
2020.09.24 11:59:52.014,1.16388,1.16389,11.77,0.19
2020.09.24 11:59:52.998,1.16387,1.16389,9.89,0.10
2020.09.24 11:59:53.099,1.16385,1.16389,10.64,5.18
2020.09.24 11:59:54.003,1.16386,1.16387,3.75,5.11
2020.09.24 11:59:54.912,1.16384,1.16388,10.72,5.11
2020.09.24 11:59:55.115,1.16384,1.16389,10.72,6.87
2020.09.24 11:59:55.369,1.16385,1.16388,3.07,5.11
2020.09.24 11:59:59.318,1.16384,1.16388,17.09,5.11
2020.09.24 11:59:59.437,1.16385,1.16388,17.09,5.18
2020.09.24 11:59:59.538,1.16386,1.16388,1.50,5.18
