2020.09.03 23:00:00.120,1.18462,1.18468,1.12,0.64
2020.09.03 23:00:00.221,1.18462,1.18469,1.12,0.19
2020.09.03 23:00:00.373,1.18462,1.18468,4.31,0.19
2020.09.03 23:00:00.476,1.18466,1.18468,6.39,0.19
2020.09.03 23:00:00.781,1.18465,1.18468,6.39,0.19
2020.09.03 23:00:00.832,1.18467,1.18469,0.75,2.51
2020.09.03 23:00:00.933,1.18469,1.1847,1.12,9.55
2020.09.03 23:00:01.035,1.1847,1.18474,0.19,18.81
2020.09.03 23:00:01.238,1.1847,1.18475,7.32,0.19
2020.09.03 23:00:01.694,1.18471,1.18475,0.75,0.19
2020.09.03 23:00:01.745,1.18473,1.18476,3.00,0.19
2020.09.03 23:00:01.847,1.18473,1.18476,7.70,8.61
2020.09.03 23:00:01.948,1.18474,1.18477,7.14,0.19
2020.09.03 23:00:02.050,1.18473,1.18479,7.32,5.81
2020.09.03 23:00:02.202,1.18474,1.18479,6.39,2.44
2020.09.03 23:00:02.303,1.18474,1.18478,10.51,11.05
2020.09.03 23:00:02.635,1.18473,1.18478,10.51,0.94
2020.09.03 23:00:03.153,1.18474,1.18478,6.39,0.94
2020.09.03 23:00:03.254,1.18473,1.18478,10.51,0.94
2020.09.03 23:00:05.524,1.18473,1.18478,10.51,2.44
2020.09.03 23:00:05.625,1.18473,1.18478,6.39,2.51
2020.09.03 23:00:05.676,1.18473,1.18475,6.39,0.94
2020.09.03 23:00:05.778,1.18472,1.18475,11.26,0.19
2020.09.03 23:00:05.879,1.18472,1.18476,6.39,0.19
2020.09.03 23:00:06.033,1.18472,1.18477,6.39,1.69
2020.09.03 23:00:06.135,1.1847,1.18475,6.39,1.50
2020.09.03 23:00:06.236,1.18469,1.18475,9.20,0.75
2020.09.03 23:00:06.338,1.1847,1.18475,3.00,8.61
2020.09.03 23:00:06.439,1.18471,1.18477,6.39,14.13
2020.09.03 23:00:06.541,1.18473,1.18476,6.39,4.69
2020.09.03 23:00:06.642,1.18471,1.18477,7.51,1.69
2020.09.03 23:00:06.743,1.18473,1.18478,6.39,3.94
2020.09.03 23:00:06.845,1.18474,1.18479,6.39,2.81
2020.09.03 23:00:07.058,1.18473,1.18479,7.14,6.56
2020.09.03 23:00:07.260,1.18473,1.18478,7.14,0.94
2020.09.03 23:00:08.708,1.18474,1.18478,6.39,0.94
2020.09.03 23:00:08.810,1.18473,1.18479,7.14,10.68
2020.09.03 23:00:08.961,1.18474,1.18479,6.39,0.94
2020.09.03 23:00:09.267,1.18474,1.18478,1.12,10.30
2020.09.03 23:00:11.683,1.18475,1.18479,6.39,2.06
2020.09.03 23:00:11.939,1.18474,1.18479,6.39,2.06
2020.09.03 23:00:12.342,1.18473,1.18479,7.14,14.43
2020.09.03 23:00:13.714,1.18473,1.18478,7.14,0.19
2020.09.03 23:00:13.967,1.18472,1.18478,10.51,1.69
2020.09.03 23:00:15.261,1.18473,1.18478,6.39,1.69
2020.09.03 23:00:15.755,1.18472,1.18478,10.51,1.69
2020.09.03 23:00:17.235,1.18473,1.18478,0.75,1.69
2020.09.03 23:00:17.728,1.18473,1.18479,7.14,2.81
2020.09.03 23:00:17.829,1.18474,1.18479,6.39,2.81
2020.09.03 23:00:18.021,1.18473,1.18479,7.14,2.81
2020.09.03 23:00:18.470,1.18474,1.18479,6.39,2.81
2020.09.03 23:00:18.726,1.18473,1.18479,7.14,3.56
2020.09.03 23:00:19.393,1.18474,1.18479,6.39,2.81
2020.09.03 23:00:20.781,1.18474,1.18478,7.14,2.81
2020.09.03 23:00:21.733,1.18474,1.18479,6.39,1.31
2020.09.03 23:00:22.250,1.18473,1.18479,7.14,1.31
2020.09.03 23:00:25.134,1.18474,1.18479,6.39,1.31
2020.09.03 23:00:25.639,1.18474,1.18478,10.14,1.31
2020.09.03 23:00:26.837,1.18474,1.18479,6.39,1.31
2020.09.03 23:00:27.495,1.18474,1.1848,8.26,11.80
2020.09.03 23:00:29.704,1.18475,1.1848,0.75,3.19
2020.09.03 23:00:36.281,1.18476,1.18478,7.14,0.19
2020.09.03 23:00:38.068,1.18475,1.1848,0.75,10.86
2020.09.03 23:00:39.341,1.18475,1.18479,0.75,0.19
2020.09.03 23:00:45.852,1.18476,1.1848,0.75,2.06
2020.09.03 23:00:46.165,1.18477,1.1848,0.75,1.87
2020.09.03 23:00:49.255,1.18477,1.18481,6.39,1.12
2020.09.03 23:00:49.356,1.18476,1.18481,7.14,1.12
2020.09.03 23:00:50.893,1.18475,1.18481,8.07,9.74
2020.09.03 23:00:53.495,1.18477,1.1848,6.39,1.12
2020.09.03 23:00:53.955,1.18475,1.18481,8.07,1.12
2020.09.03 23:00:54.006,1.18477,1.18481,0.75,0.37
2020.09.03 23:00:54.109,1.18477,1.18482,7.14,1.12
2020.09.03 23:00:54.210,1.1848,1.18482,6.39,1.69
2020.09.03 23:00:54.412,1.18479,1.18482,6.39,0.94
2020.09.03 23:00:54.667,1.18479,1.18483,6.39,0.94
2020.09.03 23:00:54.863,1.18477,1.18483,10.14,9.55
2020.09.03 23:00:56.187,1.1848,1.18484,0.75,8.61
2020.09.03 23:00:56.288,1.18481,1.18486,6.39,8.61
2020.09.03 23:00:56.390,1.18481,1.18485,6.39,0.37
2020.09.03 23:00:56.491,1.18481,1.18484,7.32,0.37
2020.09.03 23:01:06.320,1.18481,1.18486,0.75,2.62
2020.09.03 23:01:18.466,1.1848,1.18486,7.70,1.95
2020.09.03 23:01:19.110,1.1848,1.18485,1.31,0.37
2020.09.03 23:01:20.464,1.1848,1.18486,1.31,1.95
2020.09.03 23:01:21.318,1.18481,1.18486,7.14,1.12
2020.09.03 23:01:25.465,1.1848,1.18486,2.25,0.94
2020.09.03 23:01:31.153,1.18481,1.18486,0.75,1.31
2020.09.03 23:01:52.218,1.18482,1.18486,6.39,0.75
2020.09.03 23:01:53.109,1.18481,1.18486,7.89,0.75
2020.09.03 23:01:54.436,1.18482,1.18486,6.39,0.75
2020.09.03 23:01:58.633,1.18484,1.18485,6.39,0.75
2020.09.03 23:02:01.770,1.18483,1.18485,10.14,0.75
2020.09.03 23:02:03.898,1.18483,1.18486,6.39,0.75
2020.09.03 23:02:04.091,1.18483,1.18485,11.07,0.75
2020.09.03 23:02:04.919,1.18484,1.18485,6.39,0.75
2020.09.03 23:02:05.020,1.18483,1.18485,11.07,0.75
2020.09.03 23:02:05.412,1.18484,1.18485,6.39,0.75
2020.09.03 23:02:05.910,1.18483,1.18485,11.07,0.75
2020.09.03 23:02:06.936,1.18484,1.18485,6.39,0.75
2020.09.03 23:02:07.435,1.18482,1.18486,11.07,0.75
2020.09.03 23:02:08.271,1.18483,1.18486,6.39,0.75
2020.09.03 23:02:08.657,1.18483,1.18488,8.26,1.69
2020.09.03 23:02:08.758,1.18485,1.18487,6.39,1.69
2020.09.03 23:02:08.936,1.18483,1.18488,8.26,1.69
2020.09.03 23:02:34.946,1.18484,1.18486,1.12,3.56
2020.09.03 23:02:54.045,1.18482,1.18487,0.37,1.50
2020.09.03 23:03:03.924,1.18483,1.18487,6.39,9.36
2020.09.03 23:03:04.425,1.18482,1.18487,7.51,0.75
2020.09.03 23:03:09.803,1.18484,1.18486,6.39,0.75
2020.09.03 23:03:10.210,1.18482,1.18487,8.26,0.75
2020.09.03 23:03:26.178,1.18481,1.18487,1.12,4.87
2020.09.03 23:03:37.476,1.18481,1.18486,1.12,3.00
2020.09.03 23:03:38.160,1.18481,1.18487,1.87,1.12
2020.09.03 23:03:39.222,1.18482,1.18485,1.87,3.00
2020.09.03 23:03:41.471,1.18481,1.18487,1.87,1.12
2020.09.03 23:03:41.654,1.18481,1.18486,1.87,3.00
2020.09.03 23:04:06.597,1.1848,1.18486,0.37,2.51
2020.09.03 23:04:06.699,1.18479,1.18484,4.87,0.19
2020.09.03 23:04:40.361,1.1848,1.18484,3.00,0.19
2020.09.03 23:04:43.641,1.18479,1.18484,9.39,1.69
2020.09.03 23:04:44.504,1.18479,1.18483,3.00,0.19
2020.09.03 23:04:44.661,1.18478,1.18483,12.01,0.19
2020.09.03 23:04:44.800,1.18479,1.18483,6.39,0.19
2020.09.03 23:04:45.936,1.18478,1.18483,12.01,0.19
2020.09.03 23:04:54.545,1.18479,1.18483,6.39,0.94
2020.09.03 23:04:54.662,1.18479,1.18482,11.26,0.94
2020.09.03 23:05:00.617,1.18478,1.18482,3.37,0.94
2020.09.03 23:05:00.922,1.18477,1.18483,11.07,1.69
2020.09.03 23:05:01.023,1.18478,1.18483,6.39,1.69
2020.09.03 23:05:02.719,1.1848,1.18483,0.75,10.30
2020.09.03 23:05:03.026,1.1848,1.18484,6.39,0.94
2020.09.03 23:05:03.135,1.18479,1.18484,7.14,0.94
2020.09.03 23:05:04.911,1.18479,1.18485,6.57,2.44
2020.09.03 23:05:05.018,1.1848,1.18485,0.75,3.00
2020.09.03 23:05:05.119,1.18481,1.18485,7.14,3.94
2020.09.03 23:05:08.857,1.1848,1.18485,7.14,1.20
2020.09.03 23:05:10.101,1.1848,1.18486,0.75,1.12
2020.09.03 23:05:18.991,1.18482,1.18487,1.50,1.69
2020.09.03 23:05:19.143,1.18483,1.18487,7.14,2.51
2020.09.03 23:05:20.510,1.18482,1.18487,7.89,3.26
2020.09.03 23:05:31.858,1.18482,1.18485,7.14,0.75
2020.09.03 23:05:35.452,1.1848,1.18486,0.75,0.75
2020.09.03 23:05:35.846,1.18481,1.18487,0.19,5.44
2020.09.03 23:05:36.110,1.18482,1.18487,6.39,5.44
2020.09.03 23:05:38.160,1.18481,1.18487,0.19,1.69
2020.09.03 23:05:42.377,1.18482,1.18487,6.39,1.69
2020.09.03 23:05:42.630,1.18482,1.18488,6.95,5.06
2020.09.03 23:05:42.783,1.18483,1.18488,6.39,2.06
2020.09.03 23:05:44.078,1.18484,1.18488,6.39,1.69
2020.09.03 23:05:44.551,1.18484,1.18487,6.39,1.69
2020.09.03 23:05:47.799,1.18484,1.18488,6.39,1.69
2020.09.03 23:05:48.300,1.18484,1.18487,6.39,1.69
2020.09.03 23:05:49.206,1.18485,1.18487,6.39,1.69
2020.09.03 23:05:49.434,1.18483,1.18488,6.39,1.69
2020.09.03 23:05:53.444,1.18484,1.18488,6.39,1.69
2020.09.03 23:05:55.006,1.18484,1.18487,6.39,1.69
2020.09.03 23:05:59.024,1.18484,1.18488,6.39,0.94
2020.09.03 23:06:00.435,1.18484,1.18487,6.39,0.19
2020.09.03 23:06:00.654,1.18483,1.18487,6.39,0.94
2020.09.03 23:06:10.808,1.18482,1.18486,0.37,0.94
2020.09.03 23:06:13.785,1.18482,1.18487,10.51,0.19
2020.09.03 23:06:17.080,1.18482,1.18486,6.39,0.19
2020.09.03 23:06:18.750,1.18483,1.18486,6.39,0.19
2020.09.03 23:06:19.207,1.18483,1.18485,6.39,0.19
2020.09.03 23:06:23.735,1.18483,1.18486,6.39,0.19
2020.09.03 23:06:23.837,1.18485,1.18489,7.51,0.75
2020.09.03 23:06:23.938,1.18486,1.18489,6.39,0.75
2020.09.03 23:06:24.039,1.18487,1.18489,6.39,0.75
2020.09.03 23:06:24.091,1.18487,1.18491,6.39,0.75
2020.09.03 23:06:24.192,1.18486,1.18491,7.14,2.44
2020.09.03 23:06:24.243,1.18486,1.18491,10.89,1.69
2020.09.03 23:06:24.345,1.18487,1.18491,6.39,1.69
2020.09.03 23:06:24.549,1.18488,1.18491,7.14,9.55
2020.09.03 23:06:24.652,1.18488,1.18492,6.39,0.94
2020.09.03 23:06:24.805,1.18487,1.18492,7.14,0.94
2020.09.03 23:06:24.907,1.18488,1.18492,6.39,0.94
2020.09.03 23:06:25.698,1.18488,1.18493,6.39,0.94
2020.09.03 23:06:27.645,1.18487,1.18493,11.45,0.94
2020.09.03 23:06:28.098,1.18488,1.18493,6.39,0.94
2020.09.03 23:06:28.505,1.18487,1.18493,11.45,0.94
2020.09.03 23:06:36.565,1.18488,1.18493,6.39,0.94
2020.09.03 23:06:37.551,1.18487,1.18493,10.70,0.94
2020.09.03 23:06:40.849,1.18488,1.18493,6.39,0.94
2020.09.03 23:06:43.144,1.18487,1.18493,10.70,0.94
2020.09.03 23:06:43.716,1.18488,1.18493,6.39,0.94
2020.09.03 23:07:00.892,1.1849,1.18492,6.39,0.94
2020.09.03 23:07:01.265,1.18488,1.18493,6.39,0.94
2020.09.03 23:07:22.997,1.18491,1.18493,7.14,2.81
2020.09.03 23:07:23.149,1.18491,1.18494,0.75,0.75
2020.09.03 23:07:23.785,1.18492,1.18494,8.07,0.75
2020.09.03 23:07:23.836,1.18493,1.18496,8.26,9.55
2020.09.03 23:07:23.938,1.18494,1.18496,6.39,3.94
2020.09.03 23:07:24.039,1.18492,1.18497,8.26,3.94
2020.09.03 23:07:27.507,1.18492,1.18496,8.26,0.19
2020.09.03 23:07:31.639,1.18496,1.18499,0.94,9.36
2020.09.03 23:07:31.741,1.18499,1.18501,1.50,0.10
2020.09.03 23:07:31.843,1.18504,1.18506,1.50,0.37
2020.09.03 23:07:31.894,1.18506,1.18511,0.19,21.05
2020.09.03 23:07:31.995,1.18506,1.1851,0.19,8.61
2020.09.03 23:07:32.046,1.18504,1.1851,11.45,9.55
2020.09.03 23:07:32.148,1.18504,1.18509,8.26,0.94
2020.09.03 23:07:32.198,1.18504,1.18508,6.39,0.95
2020.09.03 23:07:32.300,1.18502,1.18508,7.70,9.56
2020.09.03 23:07:37.452,1.18503,1.18505,0.37,8.61
2020.09.03 23:07:37.820,1.18503,1.18506,6.76,9.56
2020.09.03 23:07:50.474,1.18501,1.18507,10.89,9.93
2020.09.03 23:07:50.627,1.18501,1.18506,1.50,8.61
2020.09.03 23:07:50.779,1.18502,1.18506,1.50,9.93
2020.09.03 23:07:51.549,1.18502,1.18505,0.75,8.61
2020.09.03 23:07:52.737,1.18501,1.18504,12.20,8.61
2020.09.03 23:07:52.838,1.18501,1.18505,12.20,10.49
2020.09.03 23:07:55.415,1.18501,1.18504,4.31,8.61
2020.09.03 23:07:57.780,1.18501,1.18503,6.57,8.61
2020.09.03 23:07:59.149,1.185,1.18505,6.57,13.68
2020.09.03 23:08:04.269,1.185,1.18504,0.19,8.61
2020.09.03 23:08:04.496,1.18501,1.18504,0.19,13.68
2020.09.03 23:08:05.916,1.185,1.18504,0.19,8.61
2020.09.03 23:08:06.017,1.185,1.18505,0.19,13.68
2020.09.03 23:08:10.885,1.185,1.18504,0.19,8.61
2020.09.03 23:08:12.534,1.185,1.18505,0.19,13.68
2020.09.03 23:08:14.070,1.18501,1.18503,0.19,8.61
2020.09.03 23:08:14.204,1.185,1.18505,0.19,12.93
2020.09.03 23:08:14.516,1.18501,1.18502,0.19,8.61
2020.09.03 23:08:15.198,1.185,1.18502,0.94,8.61
2020.09.03 23:08:15.983,1.18499,1.18504,0.94,4.31
2020.09.03 23:08:17.041,1.185,1.18504,0.19,4.87
2020.09.03 23:08:19.320,1.18501,1.18504,0.19,14.43
2020.09.03 23:08:20.008,1.18502,1.18505,2.14,3.00
2020.09.03 23:08:20.110,1.18501,1.18507,11.52,8.61
2020.09.03 23:08:20.511,1.18502,1.18508,6.39,17.43
2020.09.03 23:08:20.746,1.18502,1.18507,6.39,8.61
2020.09.03 23:08:20.847,1.18501,1.18507,11.52,8.61
2020.09.03 23:08:20.949,1.18501,1.18508,5.14,17.43
2020.09.03 23:08:21.201,1.18501,1.18507,2.14,8.61
2020.09.03 23:08:21.475,1.18501,1.18508,2.14,17.05
2020.09.03 23:08:29.000,1.18501,1.18507,11.52,8.61
2020.09.03 23:08:29.473,1.18502,1.18507,6.39,8.61
2020.09.03 23:08:29.765,1.18503,1.18505,6.39,8.61
2020.09.03 23:08:29.866,1.18502,1.18506,1.12,12.93
2020.09.03 23:08:33.136,1.18501,1.18508,12.20,15.63
2020.09.03 23:08:34.339,1.18501,1.18507,10.70,0.94
2020.09.03 23:08:34.441,1.18501,1.18506,4.31,8.61
2020.09.03 23:08:34.542,1.18501,1.18507,1.31,11.80
2020.09.03 23:08:38.046,1.18502,1.18507,0.19,11.61
2020.09.03 23:08:38.768,1.18502,1.18508,3.19,6.26
2020.09.03 23:08:41.301,1.18502,1.18507,7.77,3.00
2020.09.03 23:08:41.404,1.18504,1.18507,7.21,0.56
2020.09.03 23:08:41.506,1.18503,1.18509,11.15,4.12
2020.09.03 23:08:41.955,1.18505,1.18508,6.39,12.74
2020.09.03 23:08:42.218,1.18504,1.18508,11.82,12.74
2020.09.03 23:08:45.409,1.18505,1.18509,0.94,3.00
2020.09.03 23:08:45.510,1.18504,1.1851,11.52,8.61
2020.09.03 23:08:45.612,1.18505,1.1851,1.69,8.61
2020.09.03 23:08:45.713,1.18506,1.1851,8.07,12.74
2020.09.03 23:08:45.951,1.18505,1.18509,6.39,5.44
2020.09.03 23:08:46.002,1.18503,1.18509,7.51,11.80
2020.09.03 23:08:46.205,1.18503,1.18507,11.52,3.00
2020.09.03 23:08:46.307,1.18504,1.18508,3.37,12.55
2020.09.03 23:08:47.314,1.18503,1.18508,0.37,3.00
2020.09.03 23:08:47.896,1.18503,1.18507,6.39,3.00
2020.09.03 23:08:47.997,1.18502,1.18507,0.37,3.00
2020.09.03 23:08:54.152,1.18502,1.18506,10.21,4.69
2020.09.03 23:08:54.657,1.18501,1.18506,3.37,0.75
2020.09.03 23:08:54.758,1.185,1.18506,7.14,13.30
2020.09.03 23:08:54.918,1.18499,1.18505,14.52,8.99
2020.09.03 23:08:55.019,1.185,1.18505,3.94,0.37
2020.09.03 23:09:00.286,1.185,1.18506,8.15,0.94
2020.09.03 23:09:00.539,1.18501,1.18506,3.00,0.19
2020.09.03 23:09:03.153,1.185,1.18506,13.32,8.80
2020.09.03 23:09:04.252,1.18501,1.18506,6.39,0.19
2020.09.03 23:09:04.354,1.18501,1.18505,13.40,0.19
2020.09.03 23:09:04.456,1.18502,1.18505,3.00,0.19
2020.09.03 23:09:04.558,1.18501,1.18505,10.40,0.19
2020.09.03 23:09:05.233,1.18502,1.18505,3.00,8.80
2020.09.03 23:09:06.373,1.185,1.18506,10.40,8.80
2020.09.03 23:09:06.475,1.18501,1.18506,6.39,8.80
2020.09.03 23:09:08.835,1.185,1.18506,2.51,9.55
2020.09.03 23:09:08.937,1.185,1.18505,0.19,11.05
2020.09.03 23:09:10.018,1.18501,1.18503,0.19,8.61
2020.09.03 23:09:11.153,1.185,1.18505,0.19,10.30
2020.09.03 23:09:13.158,1.185,1.18504,0.19,8.61
2020.09.03 23:09:13.262,1.185,1.18505,0.19,10.30
2020.09.03 23:09:14.540,1.185,1.18503,0.19,8.61
2020.09.03 23:09:16.509,1.18499,1.18503,6.46,8.61
2020.09.03 23:09:16.611,1.18497,1.18503,20.52,8.80
2020.09.03 23:09:16.662,1.18497,1.185,15.09,2.25
2020.09.03 23:09:16.713,1.18495,1.18498,8.15,9.36
2020.09.03 23:09:16.815,1.18495,1.18496,0.37,0.37
2020.09.03 23:09:16.917,1.18493,1.18497,6.39,0.37
2020.09.03 23:09:17.019,1.18492,1.18497,0.19,3.37
2020.09.03 23:09:19.043,1.18493,1.18498,0.19,11.99
2020.09.03 23:09:19.144,1.18495,1.18498,0.19,8.61
2020.09.03 23:09:19.195,1.18495,1.185,8.07,3.00
2020.09.03 23:09:19.297,1.18495,1.18502,7.21,15.18
2020.09.03 23:09:19.398,1.18496,1.18502,6.39,14.05
2020.09.03 23:09:19.760,1.18496,1.185,12.46,8.61
2020.09.03 23:09:19.937,1.18495,1.18502,6.07,14.43
2020.09.03 23:09:20.528,1.18496,1.185,6.07,3.00
2020.09.03 23:09:22.695,1.18495,1.18502,3.07,14.43
2020.09.03 23:09:22.796,1.18496,1.185,3.00,8.61
2020.09.03 23:09:23.491,1.18496,1.18499,9.39,8.61
2020.09.03 23:09:24.454,1.18494,1.18499,6.76,3.75
2020.09.03 23:09:24.555,1.18493,1.18499,10.77,0.19
2020.09.03 23:09:24.657,1.18494,1.18499,11.07,3.94
2020.09.03 23:09:25.654,1.18494,1.185,3.00,12.55
2020.09.03 23:09:26.345,1.18495,1.18501,2.44,11.99
2020.09.03 23:09:26.447,1.18497,1.18499,6.39,0.19
2020.09.03 23:09:26.902,1.18495,1.185,11.45,0.19
2020.09.03 23:09:27.054,1.18497,1.18499,6.39,0.19
2020.09.03 23:09:27.457,1.18495,1.185,11.45,0.19
2020.09.03 23:09:27.702,1.18496,1.185,6.39,0.19
2020.09.03 23:09:29.001,1.18496,1.18501,6.76,8.99
2020.09.03 23:09:29.986,1.18496,1.18502,9.76,14.43
2020.09.03 23:09:33.848,1.18497,1.18502,0.37,4.13
2020.09.03 23:09:33.949,1.18496,1.18502,11.82,4.13
2020.09.03 23:09:39.347,1.18497,1.185,12.20,8.61
2020.09.03 23:09:39.458,1.18497,1.18502,6.39,12.74
2020.09.03 23:09:39.645,1.18496,1.18502,12.20,12.74
2020.09.03 23:09:39.895,1.18498,1.18501,6.39,12.74
2020.09.03 23:09:43.472,1.18496,1.18502,14.15,11.99
2020.09.03 23:09:44.108,1.18498,1.18501,6.39,11.99
2020.09.03 23:09:45.167,1.18496,1.18502,14.15,3.75
2020.09.03 23:09:45.268,1.18496,1.18501,14.15,0.75
2020.09.03 23:09:45.369,1.18497,1.18501,14.15,11.61
2020.09.03 23:09:45.571,1.18496,1.185,12.46,0.19
2020.09.03 23:10:04.874,1.18498,1.18499,0.75,0.19
2020.09.03 23:10:05.149,1.18496,1.185,3.75,0.19
2020.09.03 23:10:08.554,1.18499,1.18501,0.19,10.86
2020.09.03 23:10:08.605,1.18498,1.18501,7.14,3.56
2020.09.03 23:10:14.860,1.18496,1.185,10.51,0.19
2020.09.03 23:10:15.250,1.18496,1.18499,7.32,3.94
2020.09.03 23:10:17.671,1.18495,1.18498,9.39,1.69
2020.09.03 23:10:17.772,1.18494,1.18498,11.15,4.69
2020.09.03 23:10:17.874,1.18493,1.18498,3.75,8.80
2020.09.03 23:10:17.975,1.18494,1.18498,4.69,13.30
2020.09.03 23:10:20.306,1.18494,1.18497,0.94,3.00
2020.09.03 23:10:20.806,1.18494,1.18499,3.00,10.30
2020.09.03 23:10:21.210,1.18494,1.18498,10.32,14.05
2020.09.03 23:10:22.211,1.18493,1.18498,10.14,0.19
2020.09.03 23:10:22.313,1.18493,1.18496,1.01,0.75
2020.09.03 23:10:40.442,1.18492,1.18496,11.52,10.68
2020.09.03 23:10:41.605,1.18491,1.18496,1.50,8.61
2020.09.03 23:10:41.707,1.18491,1.18497,0.75,14.50
2020.09.03 23:10:42.142,1.18491,1.18496,3.82,0.19
2020.09.03 23:10:43.471,1.1849,1.18495,6.46,2.14
2020.09.03 23:10:43.573,1.18489,1.18495,3.19,10.68
2020.09.03 23:10:44.854,1.18491,1.18495,2.06,13.11
2020.09.03 23:10:44.955,1.18492,1.18495,6.39,1.50
2020.09.03 23:10:45.158,1.1849,1.18496,5.51,9.36
2020.09.03 23:10:45.686,1.1849,1.18495,0.75,8.61
2020.09.03 23:10:45.943,1.18489,1.18495,4.76,8.99
2020.09.03 23:10:47.155,1.1849,1.18495,4.76,10.75
2020.09.03 23:10:48.559,1.1849,1.18494,4.76,8.61
2020.09.03 23:10:50.472,1.18489,1.18494,11.15,8.61
2020.09.03 23:10:50.573,1.1849,1.18494,4.76,8.61
2020.09.03 23:10:54.320,1.18491,1.18495,0.75,3.94
2020.09.03 23:10:57.083,1.1849,1.18495,0.75,8.61
2020.09.03 23:10:57.626,1.1849,1.18496,0.75,12.93
2020.09.03 23:11:03.700,1.1849,1.18495,0.75,8.61
2020.09.03 23:11:04.163,1.1849,1.18496,0.75,12.63
2020.09.03 23:11:04.661,1.1849,1.18495,0.75,8.61
2020.09.03 23:11:05.601,1.1849,1.18496,0.75,4.01
2020.09.03 23:11:42.936,1.18491,1.18496,2.51,5.14
2020.09.03 23:11:43.039,1.18492,1.18496,10.14,5.06
2020.09.03 23:11:44.900,1.18492,1.18497,6.39,5.06
2020.09.03 23:11:45.687,1.18491,1.18497,10.77,5.06
2020.09.03 23:11:47.635,1.18494,1.18496,2.89,8.99
2020.09.03 23:11:47.736,1.18494,1.18499,6.39,9.93
2020.09.03 23:11:47.838,1.18494,1.185,0.19,10.11
2020.09.03 23:11:55.817,1.18497,1.185,3.00,0.37
2020.09.03 23:11:55.919,1.18496,1.18502,3.07,1.31
2020.09.03 23:11:57.240,1.18495,1.18502,12.09,1.31
2020.09.03 23:12:00.801,1.18496,1.18502,0.94,1.12
2020.09.03 23:12:00.903,1.18497,1.18503,3.00,12.93
2020.09.03 23:12:01.443,1.18499,1.18502,6.39,3.37
2020.09.03 23:12:02.034,1.18497,1.18503,12.27,0.37
2020.09.03 23:12:02.334,1.18499,1.18502,6.39,0.37
2020.09.03 23:12:02.436,1.18497,1.18503,12.27,3.37
2020.09.03 23:12:02.537,1.18499,1.18502,6.39,3.37
2020.09.03 23:12:02.858,1.18497,1.18503,11.52,3.37
2020.09.03 23:12:03.665,1.18498,1.18503,6.39,3.37
2020.09.03 23:12:05.615,1.18497,1.18503,11.90,3.37
2020.09.03 23:12:05.823,1.18498,1.18503,6.39,3.37
2020.09.03 23:12:08.981,1.18497,1.18503,11.90,3.37
2020.09.03 23:12:09.133,1.18498,1.18503,6.39,3.37
2020.09.03 23:12:10.796,1.18497,1.18503,12.65,3.37
2020.09.03 23:12:10.905,1.18499,1.18502,6.39,3.37
2020.09.03 23:12:15.214,1.18498,1.18502,8.52,0.37
2020.09.03 23:12:15.649,1.18499,1.18502,6.39,0.37
2020.09.03 23:12:16.881,1.18497,1.18503,8.52,0.37
2020.09.03 23:12:16.983,1.18497,1.18499,0.47,1.12
2020.09.03 23:12:17.034,1.18496,1.18498,9.39,0.75
2020.09.03 23:12:17.085,1.18494,1.18498,12.08,0.75
2020.09.03 23:12:17.186,1.18493,1.185,10.59,13.38
2020.09.03 23:12:17.621,1.18495,1.18498,6.39,8.61
2020.09.03 23:12:18.363,1.18493,1.18499,5.14,10.49
2020.09.03 23:12:19.198,1.18492,1.18499,5.14,5.81
2020.09.03 23:12:19.249,1.18493,1.18496,1.01,3.82
2020.09.03 23:12:19.351,1.1849,1.18496,11.52,1.95
2020.09.03 23:12:24.653,1.1849,1.18495,0.75,0.10
2020.09.03 23:12:25.232,1.1849,1.18496,0.75,4.20
2020.09.03 23:12:27.860,1.1849,1.18495,0.75,0.10
2020.09.03 23:12:28.012,1.1849,1.18496,0.75,5.89
2020.09.03 23:12:28.268,1.18489,1.18496,3.83,5.89
2020.09.03 23:12:31.524,1.18489,1.18495,1.58,2.25
2020.09.03 23:12:31.625,1.18489,1.18494,1.50,0.10
2020.09.03 23:12:31.731,1.18489,1.18493,12.27,0.10
2020.09.03 23:12:31.833,1.18488,1.18493,6.39,5.89
2020.09.03 23:12:31.935,1.18487,1.18492,3.75,0.19
2020.09.03 23:12:34.193,1.18486,1.1849,9.39,1.50
2020.09.03 23:12:34.294,1.18485,1.1849,10.32,0.94
2020.09.03 23:12:39.975,1.18487,1.18489,6.39,0.75
2020.09.03 23:12:40.188,1.18485,1.1849,3.94,0.75
2020.09.03 23:12:40.510,1.18486,1.18488,0.19,3.75
2020.09.03 23:12:40.764,1.18486,1.18489,6.57,3.75
2020.09.03 23:12:40.870,1.18486,1.1849,3.00,0.75
2020.09.03 23:12:41.021,1.18485,1.1849,7.14,0.94
2020.09.03 23:12:41.702,1.18486,1.1849,3.00,0.94
2020.09.03 23:12:43.038,1.18485,1.1849,0.75,0.94
2020.09.03 23:12:45.838,1.18486,1.1849,8.07,12.55
2020.09.03 23:12:46.150,1.18486,1.18489,7.89,0.19
2020.09.03 23:12:47.651,1.18486,1.1849,8.07,14.05
2020.09.03 23:12:47.753,1.18485,1.18489,6.39,6.56
2020.09.03 23:12:47.855,1.18485,1.18488,6.57,14.43
2020.09.03 23:12:48.855,1.18485,1.18489,6.39,15.18
2020.09.03 23:12:49.013,1.18484,1.18489,6.57,15.18
2020.09.03 23:12:49.115,1.18485,1.18489,6.39,15.18
2020.09.03 23:12:53.301,1.18484,1.18489,6.57,13.68
2020.09.03 23:12:53.562,1.18485,1.18489,6.39,13.68
2020.09.03 23:12:53.713,1.18484,1.18489,6.57,13.68
2020.09.03 23:12:55.564,1.18485,1.18489,6.39,13.68
2020.09.03 23:12:56.471,1.18484,1.18489,6.57,13.68
2020.09.03 23:12:57.862,1.18485,1.18489,6.39,12.93
2020.09.03 23:12:58.564,1.18484,1.18489,6.57,12.93
2020.09.03 23:12:58.915,1.18484,1.18488,6.57,8.61
2020.09.03 23:12:59.985,1.18485,1.18488,0.19,8.61
2020.09.03 23:13:00.153,1.18485,1.18489,0.19,12.74
2020.09.03 23:13:01.057,1.18484,1.18489,6.57,14.43
2020.09.03 23:13:03.639,1.18484,1.18487,0.19,0.75
2020.09.03 23:13:03.742,1.18484,1.18486,6.39,1.69
2020.09.03 23:13:03.793,1.1848,1.18485,2.51,1.12
2020.09.03 23:13:03.894,1.18479,1.18483,7.14,5.81
2020.09.03 23:13:03.996,1.18479,1.18482,0.75,2.81
2020.09.03 23:13:04.097,1.18479,1.18481,0.75,0.37
2020.09.03 23:13:09.318,1.1848,1.18482,0.75,0.75
2020.09.03 23:13:09.370,1.18479,1.18484,3.75,10.30
2020.09.03 23:13:15.731,1.1848,1.18484,6.39,1.31
2020.09.03 23:13:15.882,1.18479,1.18484,7.89,1.31
2020.09.03 23:13:23.062,1.18481,1.18483,0.37,0.75
2020.09.03 23:13:23.164,1.18482,1.18484,3.00,0.37
2020.09.03 23:13:23.367,1.1848,1.18485,7.21,0.37
2020.09.03 23:13:25.044,1.18477,1.18479,6.95,1.12
2020.09.03 23:13:25.094,1.18471,1.18472,0.75,0.75
2020.09.03 23:13:25.247,1.18469,1.18473,0.17,4.31
2020.09.03 23:13:25.349,1.18469,1.18472,0.17,1.87
2020.09.03 23:13:28.775,1.18469,1.18471,0.17,1.50
2020.09.03 23:13:28.827,1.18468,1.1847,6.39,3.19
2020.09.03 23:13:28.878,1.18466,1.18469,6.84,2.81
2020.09.03 23:13:28.979,1.18464,1.1847,11.15,2.81
2020.09.03 23:13:30.047,1.18465,1.1847,3.00,2.81
2020.09.03 23:13:33.890,1.18464,1.1847,8.52,2.81
2020.09.03 23:13:38.399,1.18465,1.1847,6.39,2.81
2020.09.03 23:13:39.190,1.18464,1.1847,9.65,2.81
2020.09.03 23:13:39.902,1.18465,1.1847,6.39,2.81
2020.09.03 23:13:40.372,1.18465,1.18469,8.15,2.81
2020.09.03 23:13:40.473,1.18465,1.1847,0.82,1.69
2020.09.03 23:13:43.333,1.18466,1.1847,4.20,3.56
2020.09.03 23:13:46.377,1.18465,1.1847,6.46,1.12
2020.09.03 23:13:46.479,1.18464,1.1847,8.52,1.12
2020.09.03 23:13:46.589,1.18465,1.1847,3.00,1.12
2020.09.03 23:13:48.106,1.18464,1.18469,10.02,0.75
2020.09.03 23:13:48.210,1.18463,1.18468,7.77,0.37
2020.09.03 23:13:48.313,1.18465,1.18468,1.12,0.37
2020.09.03 23:13:48.415,1.18466,1.18469,6.46,2.81
2020.09.03 23:13:49.525,1.18464,1.1847,0.45,5.06
2020.09.03 23:13:49.627,1.18463,1.1847,4.76,5.81
2020.09.03 23:13:50.619,1.18463,1.18468,4.76,0.75
2020.09.03 23:13:51.278,1.18462,1.18468,9.65,2.81
2020.09.03 23:13:51.380,1.18461,1.18466,3.07,0.37
2020.09.03 23:13:51.582,1.1846,1.18466,12.84,0.37
2020.09.03 23:13:51.716,1.18461,1.18466,6.39,0.37
2020.09.03 23:13:51.919,1.18462,1.18466,8.34,0.37
2020.09.03 23:13:51.970,1.18462,1.18468,7.21,0.75
2020.09.03 23:13:52.071,1.18462,1.18466,0.10,3.56
2020.09.03 23:13:52.173,1.18461,1.18466,6.39,0.37
2020.09.03 23:13:52.393,1.18461,1.18465,10.59,0.37
2020.09.03 23:13:53.604,1.18461,1.18467,1.12,5.06
2020.09.03 23:13:53.756,1.18463,1.18466,0.19,0.75
2020.09.03 23:13:55.505,1.18461,1.18467,1.20,0.94
2020.09.03 23:13:55.606,1.18461,1.18466,9.27,2.25
2020.09.03 23:13:55.960,1.18461,1.18467,6.39,13.30
2020.09.03 23:13:56.075,1.18461,1.18466,2.70,4.69
2020.09.03 23:13:59.413,1.1846,1.18466,10.77,0.37
2020.09.03 23:13:59.515,1.18461,1.18467,0.75,1.87
2020.09.03 23:13:59.616,1.18462,1.18467,0.19,1.87
2020.09.03 23:14:03.666,1.18461,1.18464,0.37,0.19
2020.09.03 23:14:03.718,1.1846,1.18466,10.02,1.31
2020.09.03 23:14:03.820,1.18459,1.18465,0.45,1.12
2020.09.03 23:14:03.921,1.18459,1.18464,12.27,9.74
2020.09.03 23:14:04.174,1.1846,1.18464,0.10,1.31
2020.09.03 23:14:23.698,1.18459,1.18464,12.46,1.31
2020.09.03 23:14:23.851,1.18459,1.18463,13.02,0.75
2020.09.03 23:14:24.005,1.18458,1.18463,10.77,0.75
2020.09.03 23:14:31.386,1.18458,1.18462,7.14,0.75
2020.09.03 23:14:31.488,1.18457,1.18462,7.40,0.75
2020.09.03 23:14:34.035,1.18459,1.18461,6.39,0.75
2020.09.03 23:14:36.134,1.18457,1.18462,1.01,0.75
2020.09.03 23:14:36.989,1.18456,1.18461,6.39,1.69
2020.09.03 23:14:37.193,1.18456,1.1846,13.02,1.69
2020.09.03 23:14:37.404,1.18455,1.18458,6.46,0.19
2020.09.03 23:14:37.505,1.18454,1.18458,0.19,0.75
2020.09.03 23:14:41.728,1.18453,1.18457,0.45,0.94
2020.09.03 23:14:41.930,1.18453,1.18456,0.37,2.85
2020.09.03 23:14:42.869,1.18451,1.18457,2.51,2.84
2020.09.03 23:14:43.027,1.18451,1.18456,7.96,0.19
2020.09.03 23:14:43.129,1.18451,1.18455,0.10,15.96
2020.09.03 23:14:43.180,1.18449,1.18454,0.75,2.51
2020.09.03 23:14:43.282,1.1845,1.18453,3.75,8.61
2020.09.03 23:14:43.383,1.18449,1.18455,10.59,2.06
2020.09.03 23:14:44.694,1.1845,1.18454,0.10,0.75
2020.09.03 23:14:45.190,1.1845,1.18455,0.75,1.87
2020.09.03 23:14:45.843,1.1845,1.18454,6.39,0.37
2020.09.03 23:14:45.945,1.1845,1.18455,0.82,10.75
2020.09.03 23:14:46.047,1.18451,1.18455,4.95,2.81
2020.09.03 23:14:46.566,1.18451,1.18456,6.39,1.87
2020.09.03 23:14:47.153,1.1845,1.18456,11.34,1.87
2020.09.03 23:14:47.547,1.1845,1.18455,9.39,0.75
2020.09.03 23:14:47.649,1.18449,1.18454,10.55,0.75
2020.09.03 23:14:48.803,1.18451,1.18453,0.75,0.37
2020.09.03 23:14:48.905,1.18451,1.18454,4.20,0.75
2020.09.03 23:14:49.007,1.18449,1.18455,7.92,2.81
2020.09.03 23:14:49.108,1.18449,1.18454,0.71,0.19
2020.09.03 23:14:49.841,1.1845,1.18452,0.71,0.19
2020.09.03 23:14:50.931,1.18449,1.18452,0.71,1.14
2020.09.03 23:14:53.098,1.18449,1.18451,0.71,0.19
2020.09.03 23:14:53.200,1.18448,1.18451,6.39,0.94
2020.09.03 23:14:53.301,1.18447,1.18451,0.75,0.94
2020.09.03 23:14:54.006,1.18446,1.1845,6.39,1.69
2020.09.03 23:14:54.107,1.18446,1.18449,7.89,11.43
2020.09.03 23:14:58.022,1.18446,1.18447,0.75,0.75
2020.09.03 23:14:58.124,1.18444,1.18448,0.45,2.06
2020.09.03 23:14:58.807,1.18444,1.18449,8.71,0.37
2020.09.03 23:14:58.908,1.18445,1.1845,1.50,2.44
2020.09.03 23:14:59.112,1.18445,1.18448,6.39,1.50
2020.09.03 23:14:59.214,1.18445,1.18448,4.57,3.19
2020.09.03 23:14:59.315,1.18445,1.18449,6.39,0.94
2020.09.03 23:14:59.679,1.18444,1.18449,11.71,0.94
2020.09.03 23:15:00.162,1.18445,1.18449,6.39,0.94
2020.09.03 23:15:00.629,1.18446,1.18449,6.39,0.75
2020.09.03 23:15:01.124,1.18445,1.18449,7.21,0.75
2020.09.03 23:15:02.723,1.18446,1.18449,6.39,0.75
2020.09.03 23:15:03.434,1.18445,1.18449,7.21,0.75
2020.09.03 23:15:03.744,1.18446,1.18449,6.39,0.75
2020.09.03 23:15:03.966,1.18445,1.1845,7.21,2.06
2020.09.03 23:15:04.068,1.18446,1.18448,6.46,0.37
2020.09.03 23:15:04.169,1.18444,1.1845,8.15,6.56
2020.09.03 23:15:04.590,1.18444,1.18449,7.70,1.12
2020.09.03 23:15:04.975,1.18445,1.18449,6.39,1.12
2020.09.03 23:15:05.077,1.18447,1.18448,0.75,0.37
2020.09.03 23:15:05.178,1.18446,1.1845,9.46,0.75
2020.09.03 23:15:06.523,1.18445,1.1845,13.21,0.75
2020.09.03 23:15:06.625,1.18447,1.18449,6.39,0.75
2020.09.03 23:15:07.141,1.18447,1.1845,6.39,0.75
2020.09.03 23:15:07.453,1.18447,1.18449,6.39,0.75
2020.09.03 23:15:07.564,1.18447,1.1845,6.39,0.75
2020.09.03 23:15:07.874,1.18446,1.1845,6.39,0.75
2020.09.03 23:15:08.565,1.18447,1.1845,6.39,0.75
2020.09.03 23:15:08.802,1.18446,1.1845,6.39,0.75
2020.09.03 23:15:09.103,1.18448,1.18449,6.39,0.75
2020.09.03 23:15:09.559,1.18446,1.1845,6.39,0.75
2020.09.03 23:15:11.667,1.18447,1.1845,6.39,0.75
2020.09.03 23:15:12.155,1.18447,1.18449,6.39,0.75
2020.09.03 23:15:12.782,1.18447,1.1845,6.39,0.94
2020.09.03 23:15:16.228,1.18446,1.1845,12.46,0.94
2020.09.03 23:15:17.543,1.18445,1.18448,6.46,0.75
2020.09.03 23:15:17.645,1.18444,1.18448,0.37,2.06
2020.09.03 23:15:20.396,1.18445,1.18448,0.37,0.56
2020.09.03 23:15:26.698,1.18446,1.18449,1.50,10.68
2020.09.03 23:15:26.850,1.18446,1.1845,6.39,0.75
2020.09.03 23:15:27.214,1.18445,1.1845,12.46,0.75
2020.09.03 23:15:27.565,1.18446,1.1845,6.39,0.75
2020.09.03 23:15:28.505,1.18445,1.1845,11.71,0.75
2020.09.03 23:15:29.266,1.18446,1.1845,0.75,0.75
2020.09.03 23:15:29.367,1.18447,1.1845,3.00,0.75
2020.09.03 23:15:30.687,1.18447,1.18451,3.00,0.19
2020.09.03 23:15:32.355,1.18447,1.1845,3.75,0.19
2020.09.03 23:15:32.456,1.18446,1.1845,3.75,0.75
2020.09.03 23:15:32.810,1.18446,1.18449,7.59,0.75
2020.09.03 23:15:33.353,1.18446,1.1845,3.00,0.75
2020.09.03 23:15:33.998,1.18445,1.1845,7.14,0.75
2020.09.03 23:15:35.979,1.18447,1.18449,6.39,0.75
2020.09.03 23:15:36.334,1.18445,1.1845,7.14,2.44
2020.09.03 23:15:36.435,1.18446,1.1845,3.00,2.44
2020.09.03 23:15:36.587,1.18445,1.1845,7.14,3.19
2020.09.03 23:15:39.630,1.18446,1.1845,3.00,0.75
2020.09.03 23:15:39.731,1.18445,1.1845,10.14,0.75
2020.09.03 23:15:52.079,1.18445,1.18449,0.75,0.37
2020.09.03 23:16:04.574,1.18445,1.1845,7.14,2.81
2020.09.03 23:16:05.299,1.18444,1.18449,6.84,3.19
2020.09.03 23:16:05.401,1.18444,1.18447,0.37,0.75
2020.09.03 23:16:05.502,1.18445,1.18447,6.76,1.87
2020.09.03 23:16:05.757,1.18444,1.18449,11.26,0.75
2020.09.03 23:16:05.961,1.18446,1.18448,6.39,0.75
2020.09.03 23:16:06.063,1.18444,1.18449,3.45,2.44
2020.09.03 23:16:06.165,1.18445,1.18447,0.37,2.06
2020.09.03 23:16:17.211,1.18444,1.18449,0.37,10.30
2020.09.03 23:16:17.313,1.18444,1.18448,0.37,0.19
2020.09.03 23:16:42.365,1.18444,1.18449,1.12,0.94
2020.09.03 23:16:42.468,1.1845,1.18452,0.75,8.61
2020.09.03 23:16:42.520,1.18448,1.18452,10.77,8.61
2020.09.03 23:16:42.571,1.1845,1.18453,7.14,0.94
2020.09.03 23:16:42.723,1.1845,1.18454,1.12,0.19
2020.09.03 23:16:43.146,1.1845,1.18455,0.75,0.19
2020.09.03 23:16:43.546,1.1845,1.18454,0.75,0.19
2020.09.03 23:16:43.648,1.18449,1.18453,0.75,0.19
2020.09.03 23:16:46.081,1.18448,1.18453,10.21,0.19
2020.09.03 23:16:46.183,1.18447,1.18451,7.14,0.94
2020.09.03 23:16:46.284,1.18446,1.1845,7.59,0.94
2020.09.03 23:16:58.777,1.18446,1.18451,0.75,0.19
2020.09.03 23:17:00.382,1.18445,1.18451,10.21,9.55
2020.09.03 23:17:04.238,1.18445,1.18449,6.39,0.75
2020.09.03 23:17:04.339,1.18444,1.18449,7.21,9.74
2020.09.03 23:17:05.279,1.18444,1.18447,0.37,9.36
2020.09.03 23:17:05.482,1.18443,1.18447,6.39,9.36
2020.09.03 23:17:05.583,1.18442,1.18447,3.00,0.75
2020.09.03 23:17:13.273,1.18443,1.18448,1.12,14.05
2020.09.03 23:17:13.425,1.18446,1.18447,2.25,3.00
2020.09.03 23:17:13.476,1.18446,1.1845,0.75,3.19
2020.09.03 23:17:15.791,1.18448,1.18449,0.37,0.19
2020.09.03 23:17:21.402,1.18447,1.18451,1.87,0.94
2020.09.03 23:17:23.384,1.18446,1.1845,1.12,0.94
2020.09.03 23:17:23.939,1.18445,1.1845,1.12,0.94
2020.09.03 23:17:24.091,1.18444,1.1845,0.19,1.69
2020.09.03 23:17:24.193,1.18443,1.18449,9.20,0.94
2020.09.03 23:17:27.793,1.18444,1.18449,0.75,0.94
2020.09.03 23:17:27.895,1.18445,1.1845,1.12,0.94
2020.09.03 23:17:28.781,1.18444,1.1845,6.57,2.81
2020.09.03 23:17:29.879,1.18445,1.18448,0.19,0.75
2020.09.03 23:17:29.980,1.18444,1.18447,0.75,1.12
2020.09.03 23:17:31.058,1.18443,1.18447,11.07,1.87
2020.09.03 23:17:31.159,1.18443,1.18446,4.69,1.12
2020.09.03 23:17:32.450,1.18443,1.18448,3.00,0.75
2020.09.03 23:17:32.552,1.18443,1.18447,8.07,1.12
2020.09.03 23:17:32.704,1.18442,1.18447,8.07,0.75
2020.09.03 23:17:59.635,1.18442,1.18446,4.31,1.13
2020.09.03 23:18:01.212,1.1844,1.18443,6.39,3.00
2020.09.03 23:18:01.314,1.1844,1.18441,0.75,0.75
2020.09.03 23:18:01.365,1.18437,1.18439,6.39,1.12
2020.09.03 23:18:01.416,1.18436,1.1844,6.39,0.75
2020.09.03 23:18:01.568,1.18435,1.1844,1.31,0.75
2020.09.03 23:18:03.568,1.18435,1.18439,6.57,1.12
2020.09.03 23:18:05.764,1.18434,1.18439,9.95,10.11
2020.09.03 23:18:11.878,1.18436,1.18438,0.19,13.68
2020.09.03 23:18:12.244,1.18435,1.18438,7.70,5.25
2020.09.03 23:18:13.085,1.18434,1.18438,0.37,0.19
2020.09.03 23:18:14.326,1.18434,1.18439,0.37,14.13
2020.09.03 23:18:15.742,1.18433,1.18434,0.45,0.19
2020.09.03 23:18:15.793,1.18431,1.18435,1.12,0.19
2020.09.03 23:18:15.895,1.18431,1.18436,0.75,1.87
2020.09.03 23:18:16.055,1.18432,1.18436,6.39,1.87
2020.09.03 23:18:17.365,1.18431,1.18436,6.39,1.87
2020.09.03 23:18:17.503,1.18432,1.18436,6.39,1.87
2020.09.03 23:18:18.665,1.18431,1.18435,11.45,1.87
2020.09.03 23:18:20.063,1.18432,1.18435,6.39,1.87
2020.09.03 23:18:20.650,1.18431,1.18435,11.52,1.87
2020.09.03 23:18:20.760,1.18432,1.18435,6.39,1.87
2020.09.03 23:18:21.255,1.18431,1.18435,6.39,0.75
2020.09.03 23:18:21.357,1.18429,1.18433,0.75,1.87
2020.09.03 23:18:21.458,1.18429,1.18432,0.75,1.12
2020.09.03 23:18:22.873,1.1843,1.18432,6.39,1.12
2020.09.03 23:18:23.137,1.18429,1.18432,7.14,1.12
2020.09.03 23:18:23.468,1.1843,1.18432,6.39,1.12
2020.09.03 23:18:23.658,1.1843,1.18431,7.14,1.12
2020.09.03 23:18:24.140,1.1843,1.18432,6.39,1.12
2020.09.03 23:18:24.398,1.18429,1.18432,0.37,1.87
2020.09.03 23:18:24.449,1.18427,1.1843,7.14,0.37
2020.09.03 23:18:25.040,1.18425,1.18431,10.40,1.87
2020.09.03 23:18:25.345,1.18425,1.18429,0.94,1.12
2020.09.03 23:18:25.447,1.18426,1.18429,0.94,9.74
2020.09.03 23:18:26.208,1.18425,1.1843,4.31,1.12
2020.09.03 23:18:28.164,1.18425,1.18429,10.40,1.12
2020.09.03 23:18:28.278,1.18425,1.1843,6.39,1.12
2020.09.03 23:18:28.895,1.18424,1.1843,10.40,1.12
2020.09.03 23:18:29.769,1.18425,1.1843,6.39,1.12
2020.09.03 23:18:29.870,1.18425,1.18431,11.45,1.12
2020.09.03 23:18:29.987,1.18427,1.1843,6.39,1.12
2020.09.03 23:18:30.434,1.18428,1.18432,1.69,8.99
2020.09.03 23:18:30.536,1.18428,1.18434,8.64,0.45
2020.09.03 23:18:30.637,1.18428,1.18435,8.90,11.61
2020.09.03 23:18:30.739,1.18428,1.18436,11.90,17.50
2020.09.03 23:18:30.841,1.18428,1.18435,2.51,11.61
2020.09.03 23:18:32.805,1.18429,1.18435,11.82,16.83
2020.09.03 23:18:33.378,1.18428,1.18435,11.90,3.00
2020.09.03 23:18:34.487,1.18429,1.18435,11.90,16.38
2020.09.03 23:18:34.589,1.1843,1.18435,6.39,16.38
2020.09.03 23:18:34.752,1.18428,1.18436,11.90,16.38
2020.09.03 23:18:34.856,1.18429,1.18436,6.39,16.38
2020.09.03 23:18:39.008,1.18428,1.18436,11.52,15.25
2020.09.03 23:18:41.210,1.1843,1.18435,0.94,13.00
2020.09.03 23:18:41.413,1.18429,1.18435,0.94,1.87
2020.09.03 23:18:42.769,1.1843,1.18432,0.75,0.75
2020.09.03 23:18:42.820,1.18427,1.18431,13.40,1.12
2020.09.03 23:18:42.921,1.18425,1.1843,16.89,0.37
2020.09.03 23:18:43.023,1.18424,1.18431,11.07,10.49
2020.09.03 23:18:43.124,1.18425,1.18429,12.27,1.12
2020.09.03 23:18:43.225,1.18424,1.18431,13.77,0.37
2020.09.03 23:18:43.480,1.18425,1.18431,3.00,0.37
2020.09.03 23:18:44.814,1.18426,1.18429,3.00,0.37
2020.09.03 23:18:44.915,1.18424,1.18431,4.01,13.56
2020.09.03 23:18:45.017,1.18425,1.18428,3.94,1.12
2020.09.03 23:18:45.640,1.18424,1.18429,10.32,1.12
2020.09.03 23:18:45.986,1.18424,1.18427,6.39,0.75
2020.09.03 23:18:46.037,1.18423,1.18426,3.94,1.50
2020.09.03 23:18:49.481,1.18421,1.18427,10.32,0.75
2020.09.03 23:18:53.239,1.18422,1.18426,3.00,0.75
2020.09.03 23:18:53.393,1.18422,1.18428,4.39,5.06
2020.09.03 23:18:53.495,1.18424,1.18429,1.31,9.81
2020.09.03 23:18:53.598,1.18424,1.18428,3.00,0.37
2020.09.03 23:18:53.700,1.18425,1.18428,0.37,0.75
2020.09.03 23:18:53.852,1.18424,1.18428,8.52,0.75
2020.09.03 23:18:56.733,1.18424,1.18429,6.39,0.75
2020.09.03 23:18:58.134,1.18426,1.18428,6.39,0.75
2020.09.03 23:18:58.514,1.18425,1.18428,6.76,0.75
2020.09.03 23:18:59.453,1.18423,1.18429,10.14,1.87
2020.09.03 23:19:00.184,1.18425,1.1843,4.50,9.74
2020.09.03 23:19:00.285,1.18426,1.1843,6.39,0.75
2020.09.03 23:19:00.871,1.18427,1.1843,6.39,0.75
2020.09.03 23:19:04.296,1.18427,1.18429,9.39,0.75
2020.09.03 23:19:04.659,1.18427,1.1843,6.39,0.75
2020.09.03 23:19:04.982,1.18426,1.1843,7.32,0.75
2020.09.03 23:19:05.083,1.18427,1.1843,6.39,0.75
2020.09.03 23:19:05.471,1.18427,1.18429,7.32,0.75
2020.09.03 23:19:05.986,1.18428,1.18429,6.39,0.75
2020.09.03 23:19:06.716,1.18427,1.18429,7.32,0.75
2020.09.03 23:19:06.767,1.18426,1.18432,8.07,10.49
2020.09.03 23:19:06.869,1.18427,1.18432,6.39,10.49
2020.09.03 23:19:07.080,1.18426,1.18432,8.07,10.49
2020.09.03 23:19:07.184,1.18427,1.18432,6.39,10.49
2020.09.03 23:19:07.985,1.18426,1.18432,8.07,10.49
2020.09.03 23:19:08.316,1.18427,1.18432,6.39,1.87
2020.09.03 23:19:10.170,1.18427,1.18433,6.39,1.12
2020.09.03 23:19:10.423,1.18426,1.18433,13.40,9.93
2020.09.03 23:19:10.657,1.18428,1.18431,9.39,8.61
2020.09.03 23:19:10.758,1.18428,1.18432,9.39,9.93
2020.09.03 23:19:11.190,1.18428,1.18433,6.39,1.31
2020.09.03 23:19:11.414,1.18427,1.18432,6.39,8.99
2020.09.03 23:19:11.566,1.18426,1.18432,11.52,0.37
2020.09.03 23:19:12.274,1.18427,1.18433,11.07,1.12
2020.09.03 23:19:12.632,1.18429,1.18434,2.44,8.99
2020.09.03 23:19:12.733,1.1843,1.18435,9.39,0.37
2020.09.03 23:19:12.835,1.18431,1.18436,6.39,1.12
2020.09.03 23:19:13.349,1.1843,1.18436,9.39,9.74
2020.09.03 23:19:13.603,1.18429,1.18436,10.59,11.80
2020.09.03 23:19:14.143,1.1843,1.18436,4.50,10.49
2020.09.03 23:19:14.245,1.18431,1.18436,6.76,1.12
2020.09.03 23:19:14.447,1.18431,1.18437,14.45,0.75
2020.09.03 23:19:14.549,1.18432,1.18438,3.45,9.55
2020.09.03 23:19:14.651,1.18434,1.18437,6.39,1.31
2020.09.03 23:19:14.756,1.18432,1.18438,9.39,1.31
2020.09.03 23:19:15.093,1.18431,1.18438,11.15,1.39
2020.09.03 23:19:15.194,1.18432,1.18438,3.00,4.57
2020.09.03 23:19:15.346,1.18432,1.18437,11.15,4.57
2020.09.03 23:19:16.493,1.18432,1.18438,9.39,4.31
2020.09.03 23:19:18.854,1.18432,1.18436,11.07,1.20
2020.09.03 23:19:19.056,1.1843,1.18437,11.45,9.93
2020.09.03 23:19:19.162,1.18431,1.18436,3.00,8.61
2020.09.03 23:19:19.314,1.18432,1.18436,3.00,9.93
2020.09.03 23:19:19.480,1.18431,1.18436,3.00,8.61
2020.09.03 23:19:19.816,1.18432,1.18436,3.00,9.93
2020.09.03 23:19:19.923,1.18431,1.18436,3.00,8.61
2020.09.03 23:19:21.242,1.18432,1.18436,3.00,9.93
2020.09.03 23:19:22.459,1.18431,1.18436,11.90,9.93
2020.09.03 23:19:23.360,1.18431,1.18435,11.71,0.19
2020.09.03 23:19:23.462,1.18431,1.18436,3.00,8.80
2020.09.03 23:19:23.694,1.1843,1.18436,12.09,0.19
2020.09.03 23:19:23.799,1.18431,1.18436,3.00,0.19
2020.09.03 23:19:24.354,1.18431,1.18437,9.39,9.93
2020.09.03 23:19:25.595,1.18431,1.18435,6.39,2.89
2020.09.03 23:19:25.646,1.18427,1.18432,0.75,4.12
2020.09.03 23:19:25.748,1.18426,1.1843,7.50,0.19
2020.09.03 23:19:25.849,1.18426,1.18429,11.26,0.19
2020.09.03 23:19:26.126,1.18425,1.18429,11.26,8.61
2020.09.03 23:19:26.278,1.18425,1.1843,12.76,0.19
2020.09.03 23:19:30.954,1.18427,1.18429,6.39,0.19
2020.09.03 23:19:31.094,1.18426,1.18429,11.26,0.19
2020.09.03 23:19:31.475,1.18426,1.1843,6.39,0.19
2020.09.03 23:19:31.579,1.18425,1.1843,11.26,0.19
2020.09.03 23:19:34.280,1.18426,1.1843,6.39,0.19
2020.09.03 23:19:35.437,1.18428,1.18431,0.75,0.75
2020.09.03 23:19:35.540,1.18429,1.18432,0.37,3.00
2020.09.03 23:19:35.641,1.18427,1.18432,11.07,0.75
2020.09.03 23:19:38.524,1.18426,1.18432,7.70,9.74
2020.09.03 23:19:49.506,1.18426,1.18431,12.65,12.93
2020.09.03 23:19:52.431,1.18427,1.1843,6.39,8.61
2020.09.03 23:19:53.486,1.18426,1.18432,6.39,12.93
2020.09.03 23:19:55.015,1.18425,1.18431,12.57,8.61
2020.09.03 23:19:57.562,1.18427,1.1843,6.39,0.75
2020.09.03 23:20:00.955,1.18427,1.18432,0.19,9.74
2020.09.03 23:20:01.057,1.18426,1.18432,7.70,1.12
2020.09.03 23:20:01.674,1.18427,1.18432,6.39,1.12
2020.09.03 23:20:03.248,1.18426,1.18431,9.76,8.61
2020.09.03 23:20:03.697,1.18427,1.18431,9.76,11.43
2020.09.03 23:20:04.462,1.18427,1.18432,6.39,11.43
2020.09.03 23:20:04.566,1.18429,1.18435,7.14,11.43
2020.09.03 23:20:04.668,1.1843,1.18435,1.50,1.31
2020.09.03 23:20:04.771,1.1843,1.18436,7.14,1.39
2020.09.03 23:20:04.873,1.18431,1.18436,6.39,2.06
2020.09.03 23:20:04.975,1.1843,1.18436,3.75,2.81
2020.09.03 23:20:05.078,1.1843,1.18435,3.00,0.75
2020.09.03 23:20:05.180,1.18429,1.18435,6.39,0.75
2020.09.03 23:20:05.282,1.18428,1.18435,3.75,14.05
2020.09.03 23:20:05.385,1.18428,1.18434,3.00,1.12
2020.09.03 23:20:06.271,1.18428,1.18433,8.26,9.93
2020.09.03 23:20:06.694,1.18429,1.18433,3.75,1.31
2020.09.03 23:20:07.777,1.18428,1.18433,10.14,1.12
2020.09.03 23:20:07.879,1.18427,1.18433,1.50,11.61
2020.09.03 23:20:08.133,1.18428,1.1843,1.50,8.61
2020.09.03 23:20:08.235,1.18427,1.18432,1.50,8.61
2020.09.03 23:20:09.694,1.18428,1.1843,1.50,8.61
2020.09.03 23:20:09.796,1.18427,1.18432,1.50,10.30
2020.09.03 23:20:15.974,1.18427,1.18433,8.26,15.18
2020.09.03 23:20:24.113,1.18429,1.18432,6.39,1.12
2020.09.03 23:20:24.467,1.18427,1.18433,10.89,1.12
2020.09.03 23:20:25.576,1.18429,1.18432,3.00,1.12
2020.09.03 23:20:26.591,1.18427,1.18433,10.14,1.12
2020.09.03 23:20:32.068,1.18428,1.18433,3.00,1.12
2020.09.03 23:20:33.419,1.18428,1.18432,9.01,1.12
2020.09.03 23:20:33.778,1.18427,1.18432,0.75,1.69
2020.09.03 23:20:40.070,1.18427,1.18431,10.89,11.05
2020.09.03 23:20:40.208,1.18427,1.1843,10.89,8.61
2020.09.03 23:20:40.778,1.18427,1.18431,4.50,12.18
2020.09.03 23:20:45.159,1.18426,1.18431,1.50,8.61
2020.09.03 23:20:45.774,1.18426,1.18432,7.89,15.18
2020.09.03 23:20:47.506,1.18425,1.18429,10.89,0.94
2020.09.03 23:20:47.608,1.18424,1.18429,0.10,1.69
2020.09.03 23:20:47.709,1.18422,1.18427,7.14,0.75
2020.09.03 23:20:47.968,1.18424,1.18426,3.00,0.75
2020.09.03 23:20:48.554,1.18424,1.18429,6.39,10.30
2020.09.03 23:20:48.620,1.18422,1.18429,11.71,10.30
2020.09.03 23:20:48.772,1.18423,1.18429,6.39,2.81
2020.09.03 23:20:48.975,1.18423,1.18428,8.45,3.56
2020.09.03 23:20:49.076,1.18422,1.18428,7.70,10.49
2020.09.03 23:20:49.533,1.18422,1.18427,0.75,8.61
2020.09.03 23:20:55.475,1.18421,1.18427,0.75,5.44
2020.09.03 23:20:55.576,1.1842,1.18426,3.75,12.93
2020.09.03 23:20:55.627,1.18419,1.18424,3.07,0.94
2020.09.03 23:20:55.729,1.1842,1.18421,0.37,0.75
2020.09.03 23:20:55.780,1.18417,1.1842,0.37,0.75
2020.09.03 23:20:55.882,1.18416,1.1842,7.32,0.75
2020.09.03 23:20:56.021,1.18418,1.18419,0.19,0.75
2020.09.03 23:20:58.653,1.18415,1.1842,8.07,0.19
2020.09.03 23:21:01.800,1.18416,1.18418,4.50,1.69
2020.09.03 23:21:02.306,1.18416,1.18418,7.89,1.69
2020.09.03 23:21:05.064,1.18414,1.18416,6.39,1.50
2020.09.03 23:21:05.167,1.18411,1.18416,18.20,1.87
2020.09.03 23:21:05.908,1.18412,1.18416,3.00,1.87
2020.09.03 23:21:06.116,1.18411,1.18416,11.07,1.87
2020.09.03 23:21:07.277,1.1841,1.18416,10.32,1.87
2020.09.03 23:21:08.953,1.18411,1.18416,6.39,1.87
2020.09.03 23:21:09.459,1.1841,1.18416,10.32,1.87
2020.09.03 23:21:09.866,1.18412,1.18415,6.39,1.87
2020.09.03 23:21:16.113,1.18412,1.18417,8.26,10.30
2020.09.03 23:21:17.534,1.18413,1.18417,0.75,10.30
2020.09.03 23:21:17.686,1.18413,1.18418,0.75,1.69
2020.09.03 23:21:19.292,1.18414,1.18418,2.06,10.30
2020.09.03 23:21:19.393,1.18414,1.18419,4.87,10.30
2020.09.03 23:21:20.367,1.18415,1.18419,11.26,2.44
2020.09.03 23:21:20.417,1.18417,1.18419,0.75,1.69
2020.09.03 23:21:20.875,1.18416,1.18419,0.75,1.69
2020.09.03 23:21:21.042,1.18415,1.18418,7.51,1.69
2020.09.03 23:21:22.163,1.18414,1.18418,6.39,1.69
2020.09.03 23:21:22.265,1.18414,1.18417,1.12,10.30
2020.09.03 23:21:22.474,1.18413,1.18417,1.12,8.61
2020.09.03 23:21:22.636,1.18413,1.18418,7.51,10.30
2020.09.03 23:21:22.788,1.18413,1.18417,1.12,8.61
2020.09.03 23:21:23.045,1.18414,1.18417,7.51,1.69
2020.09.03 23:21:23.276,1.18413,1.18419,8.26,0.94
2020.09.03 23:21:24.383,1.18413,1.1842,9.20,11.20
2020.09.03 23:21:24.434,1.18416,1.1842,1.87,8.61
2020.09.03 23:21:24.637,1.18417,1.1842,7.51,1.01
2020.09.03 23:21:24.951,1.18416,1.1842,7.51,0.19
2020.09.03 23:21:25.103,1.18417,1.1842,10.51,1.01
2020.09.03 23:21:25.206,1.18417,1.18419,1.12,0.19
2020.09.03 23:21:25.359,1.18416,1.18421,1.12,1.01
2020.09.03 23:21:30.240,1.18417,1.18419,1.12,0.94
2020.09.03 23:21:31.076,1.18416,1.18421,1.12,9.63
2020.09.03 23:21:31.177,1.18416,1.1842,1.12,0.19
2020.09.03 23:21:32.141,1.18416,1.18421,9.95,0.19
2020.09.03 23:21:32.243,1.1842,1.18422,1.69,12.06
2020.09.03 23:21:32.345,1.18419,1.18424,11.26,0.75
2020.09.03 23:21:32.699,1.18418,1.18424,12.20,0.75
2020.09.03 23:21:32.901,1.18419,1.18424,6.39,0.75
2020.09.03 23:21:33.037,1.18419,1.18423,11.45,0.75
2020.09.03 23:21:33.138,1.18418,1.18425,5.06,8.61
2020.09.03 23:21:33.632,1.18419,1.18425,3.00,8.61
2020.09.03 23:21:34.503,1.18419,1.18426,3.00,5.21
2020.09.03 23:21:35.147,1.1842,1.18426,0.75,12.55
2020.09.03 23:21:35.250,1.18425,1.18427,2.62,8.69
2020.09.03 23:21:35.301,1.18427,1.1843,1.50,11.80
2020.09.03 23:21:35.403,1.18427,1.18432,1.12,3.19
2020.09.03 23:21:39.314,1.18427,1.18433,9.01,11.80
2020.09.03 23:21:39.415,1.18428,1.18434,0.37,11.80
2020.09.03 23:21:39.516,1.18429,1.18432,0.37,8.61
2020.09.03 23:21:39.799,1.18428,1.18434,0.37,11.80
2020.09.03 23:21:40.058,1.18428,1.18433,0.37,8.61
2020.09.03 23:21:40.159,1.18428,1.18434,0.37,12.55
2020.09.03 23:21:43.059,1.18427,1.18433,12.20,0.37
2020.09.03 23:21:47.606,1.18427,1.1843,1.12,0.75
2020.09.03 23:21:47.709,1.18425,1.18429,8.25,4.12
2020.09.03 23:21:47.811,1.18424,1.18431,11.25,4.76
2020.09.03 23:21:47.963,1.18425,1.18428,3.75,8.61
2020.09.03 23:21:48.064,1.18424,1.1843,3.75,9.74
2020.09.03 23:21:56.819,1.18424,1.18429,0.75,8.61
2020.09.03 23:21:56.920,1.18423,1.18429,7.14,10.75
2020.09.03 23:21:57.259,1.18423,1.18428,0.75,8.61
2020.09.03 23:21:57.378,1.18424,1.18428,0.75,13.75
2020.09.03 23:21:57.591,1.18424,1.18427,0.75,8.61
2020.09.03 23:21:57.847,1.18424,1.18428,0.75,13.75
2020.09.03 23:21:58.065,1.18423,1.18428,0.75,8.61
2020.09.03 23:22:00.105,1.18424,1.18428,0.75,14.50
2020.09.03 23:22:00.207,1.18423,1.18427,0.75,8.61
2020.09.03 23:22:00.615,1.18423,1.18428,0.75,8.61
2020.09.03 23:22:00.943,1.18423,1.18427,0.75,8.61
2020.09.03 23:22:01.679,1.18423,1.18428,0.75,8.61
2020.09.03 23:22:03.447,1.18423,1.18429,0.75,15.25
2020.09.03 23:22:06.903,1.18423,1.18428,0.75,8.61
2020.09.03 23:22:07.005,1.18423,1.18429,0.75,15.25
2020.09.03 23:22:13.974,1.18423,1.18428,0.75,0.75
2020.09.03 23:22:14.126,1.18424,1.18429,4.31,8.61
2020.09.03 23:22:14.228,1.18424,1.1843,11.52,0.75
2020.09.03 23:22:14.360,1.18425,1.1843,3.00,0.75
2020.09.03 23:22:14.462,1.18424,1.1843,8.52,0.75
2020.09.03 23:22:14.844,1.18426,1.18429,3.00,0.75
2020.09.03 23:22:16.202,1.18424,1.1843,11.52,0.75
2020.09.03 23:22:16.506,1.18424,1.18429,8.15,9.93
2020.09.03 23:22:17.599,1.18425,1.18428,6.39,8.61
2020.09.03 23:22:18.352,1.18424,1.1843,3.00,9.93
2020.09.03 23:22:18.555,1.18424,1.18429,4.39,4.31
2020.09.03 23:22:20.783,1.18424,1.1843,3.00,13.00
2020.09.03 23:22:21.227,1.18423,1.1843,10.77,4.39
2020.09.03 23:22:27.122,1.18424,1.1843,0.10,0.19
2020.09.03 23:22:32.232,1.18426,1.18429,1.87,8.61
2020.09.03 23:22:32.333,1.18425,1.18431,8.71,4.50
2020.09.03 23:22:33.207,1.18426,1.18431,6.39,4.50
2020.09.03 23:22:33.961,1.18426,1.1843,8.34,1.50
2020.09.03 23:22:34.062,1.18427,1.1843,6.39,1.50
2020.09.03 23:22:34.366,1.18425,1.18431,11.90,0.75
2020.09.03 23:22:34.468,1.18426,1.18431,3.00,0.75
2020.09.03 23:22:39.717,1.18426,1.1843,11.90,0.75
2020.09.03 23:22:40.133,1.18426,1.18431,6.39,0.75
2020.09.03 23:22:40.619,1.18425,1.18431,11.71,0.75
2020.09.03 23:22:41.470,1.18427,1.1843,6.39,0.75
2020.09.03 23:22:43.308,1.18429,1.1843,0.75,0.75
2020.09.03 23:22:45.242,1.18427,1.1843,9.76,0.75
2020.09.03 23:22:46.478,1.18426,1.18432,10.51,10.68
2020.09.03 23:22:47.548,1.18427,1.18433,3.56,12.74
2020.09.03 23:22:47.649,1.18433,1.18435,0.75,11.76
2020.09.03 23:22:47.701,1.18431,1.18434,6.07,8.61
2020.09.03 23:22:47.752,1.18432,1.18437,6.39,10.49
2020.09.03 23:22:47.904,1.18433,1.18437,6.46,0.75
2020.09.03 23:22:48.215,1.18432,1.18437,9.46,8.61
2020.09.03 23:22:48.317,1.18431,1.18438,13.77,13.19
2020.09.03 23:22:48.732,1.18433,1.18437,0.75,8.61
2020.09.03 23:22:49.235,1.18434,1.18437,0.75,14.88
2020.09.03 23:22:49.705,1.18433,1.18437,0.75,8.61
2020.09.03 23:22:49.967,1.18433,1.18438,0.75,13.11
2020.09.03 23:22:50.271,1.18433,1.18436,0.75,0.83
2020.09.03 23:22:50.372,1.18431,1.18436,6.39,2.14
2020.09.03 23:22:50.423,1.1843,1.18435,0.75,0.19
2020.09.03 23:22:51.059,1.1843,1.18434,0.75,8.61
2020.09.03 23:22:51.212,1.18431,1.18434,0.75,12.55
2020.09.03 23:22:55.696,1.1843,1.18434,0.75,8.61
2020.09.03 23:22:55.898,1.18429,1.1843,6.39,3.75
2020.09.03 23:22:56.050,1.18427,1.18428,13.89,0.82
2020.09.03 23:22:56.102,1.18425,1.18427,0.75,1.69
2020.09.03 23:22:56.203,1.18422,1.18427,7.89,8.61
2020.09.03 23:22:56.254,1.18423,1.18428,7.14,11.69
2020.09.03 23:22:56.356,1.18423,1.18428,0.75,1.12
2020.09.03 23:22:56.458,1.18424,1.18428,10.14,8.61
2020.09.03 23:22:56.609,1.18425,1.18429,0.75,8.61
2020.09.03 23:22:57.790,1.18425,1.18428,0.75,8.61
2020.09.03 23:22:57.893,1.18423,1.18429,9.76,8.61
2020.09.03 23:23:00.276,1.18425,1.18429,0.75,8.61
2020.09.03 23:23:06.253,1.18424,1.18428,6.39,1.12
2020.09.03 23:23:06.355,1.18424,1.18427,0.75,9.74
2020.09.03 23:23:10.623,1.18425,1.18428,0.75,0.75
2020.09.03 23:23:11.166,1.18425,1.18429,0.75,11.61
2020.09.03 23:23:11.370,1.18425,1.18428,0.75,8.61
2020.09.03 23:23:11.904,1.18425,1.18429,0.75,11.61
2020.09.03 23:23:12.006,1.18425,1.18427,0.75,8.61
2020.09.03 23:23:12.311,1.18425,1.1843,0.75,12.36
2020.09.03 23:23:12.463,1.18425,1.18429,0.75,8.61
2020.09.03 23:23:15.491,1.18423,1.18428,7.14,8.61
2020.09.03 23:23:15.977,1.18423,1.18427,0.75,0.75
2020.09.03 23:23:18.913,1.18423,1.18428,0.75,13.86
2020.09.03 23:23:23.078,1.18424,1.18428,1.50,12.93
2020.09.03 23:23:23.332,1.18423,1.18428,10.89,8.61
2020.09.03 23:23:23.554,1.18423,1.18429,7.89,9.74
2020.09.03 23:23:23.656,1.18423,1.18428,7.89,8.61
2020.09.03 23:23:24.205,1.18425,1.18428,0.75,8.61
2020.09.03 23:23:26.266,1.18425,1.18429,0.75,9.93
2020.09.03 23:23:26.469,1.18425,1.18428,0.75,8.61
2020.09.03 23:23:26.570,1.18425,1.1843,7.89,8.61
2020.09.03 23:23:26.672,1.18425,1.18431,10.89,10.49
2020.09.03 23:23:27.372,1.18427,1.1843,8.26,3.75
2020.09.03 23:23:28.117,1.18428,1.18431,0.75,0.75
2020.09.03 23:23:28.269,1.18428,1.18433,0.75,13.49
2020.09.03 23:23:28.573,1.18428,1.18434,0.75,12.55
2020.09.03 23:23:28.815,1.18429,1.18432,0.75,8.61
2020.09.03 23:23:31.510,1.18429,1.18433,7.89,12.55
2020.09.03 23:23:33.323,1.18428,1.18433,1.50,8.61
2020.09.03 23:23:33.424,1.18428,1.18432,1.50,8.61
2020.09.03 23:23:33.526,1.18429,1.18434,0.37,13.00
2020.09.03 23:23:33.627,1.18428,1.18433,2.44,0.37
2020.09.03 23:23:33.729,1.18428,1.18432,2.44,8.61
2020.09.03 23:23:33.881,1.18428,1.18431,2.44,8.61
2020.09.03 23:23:34.328,1.18428,1.18432,2.44,8.80
2020.09.03 23:23:40.589,1.1843,1.18431,0.37,8.61
2020.09.03 23:23:40.691,1.1843,1.18433,0.37,11.61
2020.09.03 23:23:40.793,1.18431,1.18435,1.87,13.30
2020.09.03 23:23:41.566,1.18431,1.18436,0.37,12.93
2020.09.03 23:23:41.769,1.18431,1.18433,7.51,0.45
2020.09.03 23:23:41.870,1.1843,1.18433,1.87,12.06
2020.09.03 23:23:45.150,1.1843,1.18432,1.12,3.07
2020.09.03 23:23:45.252,1.18428,1.1843,2.44,8.61
2020.09.03 23:23:45.353,1.18428,1.18431,1.69,8.61
2020.09.03 23:23:45.555,1.18428,1.18432,1.69,8.69
2020.09.03 23:23:46.122,1.18428,1.18433,5.44,8.69
2020.09.03 23:23:46.224,1.18429,1.18433,1.50,8.61
2020.09.03 23:23:46.375,1.18429,1.18434,1.87,9.74
2020.09.03 23:23:47.351,1.18429,1.18433,1.87,8.61
2020.09.03 23:23:47.787,1.18429,1.18434,1.87,11.99
2020.09.03 23:23:48.370,1.18429,1.18433,1.87,8.61
2020.09.03 23:23:50.597,1.18429,1.18434,1.87,11.61
2020.09.03 23:23:51.572,1.18429,1.18433,1.87,8.61
2020.09.03 23:23:53.314,1.1843,1.18433,1.87,11.61
2020.09.03 23:23:53.415,1.1843,1.18432,1.12,8.61
2020.09.03 23:23:53.517,1.1843,1.18433,1.12,11.61
2020.09.03 23:23:57.091,1.18429,1.18435,1.87,13.30
2020.09.03 23:23:57.560,1.18429,1.18434,7.51,8.61
2020.09.03 23:23:58.327,1.18429,1.18435,1.12,13.30
2020.09.03 23:24:04.910,1.18429,1.18434,7.51,8.61
2020.09.03 23:24:05.011,1.18431,1.18435,1.50,11.61
2020.09.03 23:24:05.417,1.18433,1.18434,1.12,8.61
2020.09.03 23:24:05.518,1.18432,1.18436,1.12,0.75
2020.09.03 23:24:05.771,1.18433,1.18436,1.12,10.38
2020.09.03 23:24:06.338,1.18433,1.18437,0.75,10.38
2020.09.03 23:24:06.924,1.18433,1.18436,0.75,8.61
2020.09.03 23:24:07.232,1.18434,1.18436,0.75,10.38
2020.09.03 23:24:08.452,1.18432,1.18436,0.37,10.30
2020.09.03 23:24:08.504,1.18431,1.18435,3.75,9.55
2020.09.03 23:24:08.555,1.18431,1.18433,3.75,8.61
2020.09.03 23:24:08.914,1.1843,1.18435,0.75,8.61
2020.09.03 23:24:09.117,1.18431,1.18433,0.75,8.61
2020.09.03 23:24:09.219,1.18431,1.18434,0.75,8.61
2020.09.03 23:24:09.689,1.1843,1.18434,0.75,8.61
2020.09.03 23:24:11.653,1.18431,1.18434,0.75,8.80
2020.09.03 23:24:11.754,1.1843,1.18434,0.75,8.61
2020.09.03 23:24:13.129,1.1843,1.18435,0.75,8.80
2020.09.03 23:24:13.233,1.1843,1.18434,0.75,8.61
2020.09.03 23:24:14.065,1.1843,1.18435,0.75,8.80
2020.09.03 23:24:14.318,1.1843,1.18434,0.75,8.61
2020.09.03 23:24:14.420,1.1843,1.18435,0.75,8.80
2020.09.03 23:24:14.521,1.1843,1.18433,0.75,8.61
2020.09.03 23:24:14.623,1.18431,1.18434,0.75,8.80
2020.09.03 23:24:16.331,1.1843,1.18434,0.75,8.61
2020.09.03 23:24:18.894,1.18429,1.18434,6.39,8.61
2020.09.03 23:24:18.996,1.18428,1.18434,10.89,8.61
2020.09.03 23:24:20.544,1.18431,1.18433,0.37,8.61
2020.09.03 23:24:20.596,1.18432,1.18435,0.75,9.36
2020.09.03 23:24:20.832,1.18433,1.18435,0.75,0.75
2020.09.03 23:24:20.883,1.1843,1.18434,0.75,8.61
2020.09.03 23:24:20.997,1.1843,1.18433,7.14,8.61
2020.09.03 23:24:21.112,1.18431,1.18433,0.75,8.61
2020.09.03 23:24:22.116,1.1843,1.18435,7.14,9.36
2020.09.03 23:24:29.815,1.18432,1.18434,0.37,8.61
2020.09.03 23:24:29.917,1.18433,1.18436,0.75,8.76
2020.09.03 23:24:30.069,1.18433,1.18435,0.75,8.61
2020.09.03 23:24:30.170,1.18432,1.18437,7.14,9.44
2020.09.03 23:24:31.077,1.18433,1.18437,0.75,9.44
2020.09.03 23:24:48.554,1.18434,1.18437,7.89,8.61
2020.09.03 23:24:48.656,1.18434,1.18439,0.75,12.36
2020.09.03 23:24:50.694,1.18434,1.18438,0.75,8.61
2020.09.03 23:24:51.344,1.18435,1.18438,0.75,9.36
2020.09.03 23:24:51.445,1.18434,1.18438,0.75,8.61
2020.09.03 23:24:51.680,1.18433,1.18438,2.25,9.36
2020.09.03 23:25:00.610,1.18433,1.18439,7.14,8.80
2020.09.03 23:25:00.661,1.18435,1.18439,0.75,8.61
2020.09.03 23:25:01.515,1.18435,1.1844,0.75,9.36
2020.09.03 23:25:06.434,1.18435,1.18439,0.75,9.55
2020.09.03 23:25:06.738,1.18435,1.1844,0.75,9.36
2020.09.03 23:25:08.188,1.18436,1.18441,6.39,1.50
2020.09.03 23:25:08.290,1.18436,1.18442,7.51,13.30
2020.09.03 23:25:09.500,1.18438,1.18442,0.75,10.30
2020.09.03 23:25:33.586,1.18436,1.18441,9.39,9.37
2020.09.03 23:25:33.738,1.18436,1.1844,4.50,12.55
2020.09.03 23:25:33.994,1.18435,1.1844,4.50,8.61
2020.09.03 23:25:34.197,1.18436,1.1844,0.75,8.61
2020.09.03 23:25:34.299,1.18437,1.18441,0.75,8.62
2020.09.03 23:25:34.403,1.18437,1.18442,7.21,8.61
2020.09.03 23:25:34.505,1.18438,1.18443,0.75,1.13
2020.09.03 23:25:51.642,1.18438,1.18444,7.21,12.37
2020.09.03 23:25:52.316,1.18441,1.18444,0.75,8.61
2020.09.03 23:25:52.417,1.18441,1.18446,0.75,9.82
2020.09.03 23:25:52.574,1.18441,1.18445,0.75,8.61
2020.09.03 23:25:54.033,1.18441,1.18446,0.75,13.68
2020.09.03 23:25:54.460,1.18441,1.18445,0.75,8.61
2020.09.03 23:25:56.569,1.18442,1.18445,0.75,13.68
2020.09.03 23:25:57.373,1.18441,1.18445,0.75,8.61
2020.09.03 23:25:57.525,1.18443,1.18446,0.75,9.55
2020.09.03 23:25:58.536,1.18443,1.18447,0.75,11.43
2020.09.03 23:26:09.914,1.18443,1.18448,0.75,15.18
2020.09.03 23:26:21.040,1.18445,1.18447,0.75,9.74
2020.09.03 23:26:21.142,1.18446,1.18449,0.75,8.61
2020.09.03 23:26:21.244,1.18448,1.1845,0.75,0.94
2020.09.03 23:26:22.223,1.18449,1.1845,0.75,0.94
2020.09.03 23:26:35.921,1.18449,1.18453,4.69,8.61
2020.09.03 23:26:36.024,1.18453,1.18455,0.75,8.80
2020.09.03 23:26:37.363,1.18452,1.18453,0.75,0.94
2020.09.03 23:26:39.448,1.18451,1.18455,0.94,8.61
2020.09.03 23:26:39.549,1.18451,1.18456,10.32,0.94
2020.09.03 23:26:39.655,1.18453,1.18455,6.39,9.55
2020.09.03 23:26:39.807,1.18451,1.18456,10.32,0.94
2020.09.03 23:26:39.858,1.18453,1.18456,0.75,0.94
2020.09.03 23:26:45.289,1.18453,1.18457,0.75,9.36
2020.09.03 23:26:53.755,1.18453,1.18458,7.14,9.36
2020.09.03 23:26:53.857,1.18456,1.18458,0.75,12.55
2020.09.03 23:26:54.734,1.18456,1.18459,0.75,8.61
2020.09.03 23:26:55.155,1.18457,1.18459,0.75,10.68
2020.09.03 23:26:55.374,1.18456,1.18459,0.75,8.61
2020.09.03 23:26:56.787,1.18456,1.1846,0.75,11.05
2020.09.03 23:26:59.147,1.18457,1.18458,0.75,8.61
2020.09.03 23:26:59.377,1.18456,1.1846,0.75,11.05
2020.09.03 23:27:01.131,1.18454,1.18458,6.39,0.75
2020.09.03 23:27:01.182,1.18452,1.18457,10.21,8.61
2020.09.03 23:27:01.284,1.18452,1.18458,7.14,9.36
2020.09.03 23:27:01.634,1.18453,1.18456,7.14,8.61
2020.09.03 23:27:07.336,1.18454,1.18456,6.39,0.75
2020.09.03 23:27:07.552,1.18452,1.18457,7.14,0.75
2020.09.03 23:27:20.990,1.18454,1.18458,0.94,1.12
2020.09.03 23:27:21.092,1.18455,1.18461,9.65,13.49
2020.09.03 23:27:21.193,1.18456,1.18461,7.14,10.49
2020.09.03 23:27:21.553,1.18456,1.1846,0.75,8.61
2020.09.03 23:27:21.724,1.18457,1.1846,7.14,10.49
2020.09.03 23:27:30.215,1.18456,1.1846,10.10,0.75
2020.09.03 23:27:31.157,1.18456,1.18461,3.00,0.75
2020.09.03 23:27:38.695,1.18457,1.18461,6.39,0.75
2020.09.03 23:27:39.860,1.18458,1.18461,6.39,0.75
2020.09.03 23:27:42.951,1.18456,1.18462,12.84,10.68
2020.09.03 23:27:43.438,1.18457,1.18462,6.39,10.30
2020.09.03 23:27:46.831,1.18456,1.18462,12.91,10.30
2020.09.03 23:27:49.260,1.18457,1.18462,6.39,9.36
2020.09.03 23:27:49.812,1.18456,1.18462,13.10,9.36
2020.09.03 23:27:51.073,1.18457,1.18462,6.39,9.36
2020.09.03 23:27:51.686,1.18457,1.18461,15.65,9.36
2020.09.03 23:27:51.797,1.18457,1.18462,6.39,0.75
2020.09.03 23:27:58.517,1.18456,1.18462,14.97,9.36
2020.09.03 23:27:59.228,1.18458,1.18461,6.39,9.36
2020.09.03 23:28:08.420,1.18457,1.18461,14.97,9.36
2020.09.03 23:28:08.521,1.18457,1.18462,6.39,9.36
2020.09.03 23:28:08.810,1.18457,1.18461,14.97,9.36
2020.09.03 23:28:09.294,1.18457,1.18462,6.39,9.36
2020.09.03 23:28:10.331,1.18456,1.18462,14.97,9.36
2020.09.03 23:28:11.141,1.18458,1.18461,6.39,9.36
2020.09.03 23:28:15.394,1.18456,1.18462,14.82,9.36
2020.09.03 23:28:15.680,1.18458,1.18461,6.39,9.36
2020.09.03 23:28:18.628,1.18456,1.18462,14.82,9.36
2020.09.03 23:28:18.731,1.18456,1.18461,12.39,2.32
2020.09.03 23:28:18.783,1.18456,1.18459,7.14,1.87
2020.09.03 23:28:18.886,1.18456,1.18458,0.75,0.75
2020.09.03 23:28:18.937,1.18455,1.18456,7.50,8.61
2020.09.03 23:28:19.040,1.18457,1.18458,0.75,0.75
2020.09.03 23:28:19.143,1.18456,1.1846,0.75,0.75
2020.09.03 23:28:30.256,1.18456,1.18458,0.75,0.75
2020.09.03 23:28:30.357,1.18453,1.18457,0.75,8.61
2020.09.03 23:28:31.034,1.18453,1.18458,7.14,3.75
2020.09.03 23:28:35.690,1.18453,1.18457,0.75,8.61
2020.09.03 23:28:36.241,1.18453,1.18458,0.75,12.37
2020.09.03 23:28:36.545,1.18453,1.18457,0.75,8.61
2020.09.03 23:28:37.798,1.18453,1.18458,0.75,13.68
2020.09.03 23:28:38.323,1.18453,1.18456,0.75,8.62
2020.09.03 23:28:38.374,1.18451,1.18456,3.75,8.62
2020.09.03 23:28:38.477,1.18449,1.18455,17.64,10.00
2020.09.03 23:28:44.230,1.18449,1.18454,1.50,8.61
2020.09.03 23:28:44.350,1.18449,1.18455,7.89,9.74
2020.09.03 23:28:45.390,1.18449,1.18454,0.75,8.61
2020.09.03 23:28:45.589,1.18449,1.18455,0.75,9.74
2020.09.03 23:28:47.379,1.18449,1.18454,0.75,8.61
2020.09.03 23:28:50.351,1.18448,1.18452,6.46,0.75
2020.09.03 23:28:50.454,1.18446,1.18451,1.87,8.61
2020.09.03 23:28:51.267,1.18446,1.18452,8.26,12.55
2020.09.03 23:28:53.710,1.18447,1.18452,6.39,9.36
2020.09.03 23:28:53.812,1.18446,1.18452,14.52,0.75
2020.09.03 23:28:55.116,1.18448,1.18451,6.39,0.75
2020.09.03 23:28:55.877,1.18446,1.18452,14.15,0.75
2020.09.03 23:28:57.923,1.18448,1.18451,6.39,0.75
2020.09.03 23:28:58.490,1.18446,1.18452,10.70,9.36
2020.09.03 23:28:58.693,1.18448,1.18453,6.39,0.37
2020.09.03 23:28:58.795,1.18449,1.18454,1.50,8.61
2020.09.03 23:28:58.896,1.18451,1.18454,0.75,8.61
2020.09.03 23:28:58.997,1.1845,1.18456,7.89,13.30
2020.09.03 23:28:59.251,1.18449,1.18455,7.14,8.61
2020.09.03 23:29:00.729,1.18449,1.18454,8.34,8.80
2020.09.03 23:29:00.831,1.18449,1.18455,6.39,8.80
2020.09.03 23:29:01.657,1.18448,1.18455,10.96,11.80
2020.09.03 23:29:02.155,1.1845,1.18454,6.39,11.80
2020.09.03 23:29:02.943,1.18449,1.18454,10.96,11.80
2020.09.03 23:29:03.509,1.18449,1.18455,6.39,11.80
2020.09.03 23:29:04.400,1.18448,1.18454,10.96,0.75
2020.09.03 23:29:05.065,1.18448,1.18453,9.57,0.75
2020.09.03 23:29:05.166,1.18447,1.18451,0.10,8.61
2020.09.03 23:29:05.268,1.18447,1.18452,6.39,10.30
2020.09.03 23:29:05.369,1.18446,1.18451,8.64,8.61
2020.09.03 23:29:05.571,1.18447,1.18452,6.39,10.30
2020.09.03 23:29:05.679,1.18446,1.18452,8.64,10.30
2020.09.03 23:29:06.210,1.18447,1.18452,6.39,0.75
2020.09.03 23:29:06.347,1.18446,1.18452,8.07,9.74
2020.09.03 23:29:10.123,1.18446,1.18451,1.69,8.61
2020.09.03 23:29:10.326,1.18446,1.18452,11.82,12.74
2020.09.03 23:29:11.600,1.18446,1.18451,1.69,8.61
2020.09.03 23:29:11.954,1.18447,1.18451,1.69,9.74
2020.09.03 23:29:16.215,1.18446,1.18451,0.75,8.61
2020.09.03 23:29:17.218,1.18446,1.18452,0.75,14.43
2020.09.03 23:29:17.319,1.18446,1.18451,0.75,8.61
2020.09.03 23:29:18.148,1.18447,1.18449,0.75,0.75
2020.09.03 23:29:18.249,1.18445,1.18446,6.39,0.75
2020.09.03 23:29:18.351,1.18442,1.18445,14.45,8.61
2020.09.03 23:29:18.452,1.18442,1.18446,12.95,9.36
2020.09.03 23:29:19.558,1.18443,1.18447,6.39,15.55
2020.09.03 23:29:27.202,1.18441,1.18448,9.95,17.05
2020.09.03 23:29:27.376,1.18441,1.18447,10.70,8.61
2020.09.03 23:29:28.310,1.18442,1.18447,6.39,8.61
2020.09.03 23:29:31.052,1.18441,1.18447,13.51,12.55
2020.09.03 23:29:31.192,1.18441,1.18446,13.51,8.61
2020.09.03 23:29:35.313,1.18441,1.18447,10.51,12.55
2020.09.03 23:29:36.610,1.18441,1.18446,7.12,8.61
2020.09.03 23:29:37.314,1.18442,1.18446,13.51,9.55
2020.09.03 23:29:37.752,1.18442,1.18447,6.39,8.61
2020.09.03 23:29:37.853,1.18441,1.18447,13.70,8.61
2020.09.03 23:29:41.650,1.18441,1.18446,12.76,8.61
2020.09.03 23:29:44.098,1.18441,1.18447,6.37,13.30
2020.09.03 23:29:44.202,1.18442,1.18445,12.76,8.61
2020.09.03 23:29:44.481,1.18441,1.18447,12.01,13.30
2020.09.03 23:29:44.720,1.18441,1.18446,12.01,8.61
2020.09.03 23:29:48.113,1.18442,1.18446,12.76,13.30
2020.09.03 23:29:59.003,1.18441,1.18446,4.87,8.61
2020.09.03 23:29:59.470,1.18441,1.18447,4.87,14.05
2020.09.03 23:30:00.116,1.18441,1.18446,4.87,8.61
2020.09.03 23:30:00.218,1.18441,1.18447,2.62,10.30
2020.09.03 23:30:00.320,1.18443,1.18447,9.20,3.00
2020.09.03 23:30:00.423,1.18442,1.18447,8.07,0.75
2020.09.03 23:30:02.448,1.18441,1.18447,11.64,9.55
2020.09.03 23:30:02.650,1.18441,1.18446,1.50,8.61
2020.09.03 23:30:02.752,1.18441,1.18445,0.75,8.61
2020.09.03 23:30:03.006,1.18441,1.18446,7.14,13.86
2020.09.03 23:30:03.548,1.18442,1.18444,0.75,8.61
2020.09.03 23:30:04.120,1.18441,1.18446,7.14,10.11
2020.09.03 23:30:04.481,1.18442,1.18444,0.75,1.87
2020.09.03 23:30:04.583,1.18441,1.18443,0.75,0.75
2020.09.03 23:30:04.634,1.18439,1.18441,6.39,0.10
2020.09.03 23:30:04.736,1.18438,1.18442,0.94,9.36
2020.09.03 23:30:05.808,1.18438,1.18441,0.94,8.61
2020.09.03 23:30:06.142,1.18438,1.18442,0.94,12.36
2020.09.03 23:30:09.074,1.18439,1.1844,0.94,8.61
2020.09.03 23:30:11.015,1.18438,1.1844,0.94,9.74
2020.09.03 23:30:11.117,1.18436,1.1844,1.69,8.61
2020.09.03 23:30:11.354,1.18436,1.18438,1.69,0.75
2020.09.03 23:30:11.455,1.18435,1.18437,6.39,0.82
2020.09.03 23:30:11.506,1.18433,1.18437,0.94,9.44
2020.09.03 23:30:11.608,1.18432,1.18436,8.97,9.93
2020.09.03 23:30:11.710,1.18432,1.18435,7.40,8.61
2020.09.03 23:30:12.043,1.18431,1.18437,7.40,9.93
2020.09.03 23:30:13.097,1.18432,1.18437,6.39,1.31
2020.09.03 23:30:16.327,1.18432,1.18436,8.07,1.39
2020.09.03 23:30:16.530,1.18433,1.18436,6.39,1.39
2020.09.03 23:30:16.770,1.18431,1.18437,8.07,10.00
2020.09.03 23:30:19.471,1.18432,1.18435,8.07,8.61
2020.09.03 23:30:19.576,1.18431,1.18437,8.82,10.00
2020.09.03 23:30:25.846,1.18431,1.18436,3.75,8.61
2020.09.03 23:30:25.949,1.18432,1.18436,0.75,13.00
2020.09.03 23:30:27.188,1.18432,1.18435,0.75,8.61
2020.09.03 23:30:27.294,1.18431,1.18437,0.75,13.00
2020.09.03 23:30:28.849,1.18431,1.18436,0.75,8.61
2020.09.03 23:30:30.707,1.18431,1.18437,0.75,13.00
2020.09.03 23:30:32.833,1.18431,1.18436,0.75,8.61
2020.09.03 23:30:33.628,1.18431,1.18437,7.14,13.00
2020.09.03 23:30:34.586,1.18431,1.18436,0.75,8.61
2020.09.03 23:30:34.940,1.18431,1.18437,7.14,13.38
2020.09.03 23:30:35.042,1.18431,1.18433,7.14,0.10
2020.09.03 23:30:35.195,1.18428,1.1843,15.09,4.01
2020.09.03 23:30:35.246,1.18427,1.18428,1.12,9.36
2020.09.03 23:30:35.348,1.18426,1.18428,0.75,0.82
2020.09.03 23:30:35.449,1.18426,1.18429,0.75,8.80
2020.09.03 23:30:36.484,1.18426,1.1843,0.75,14.43
2020.09.03 23:30:37.074,1.18426,1.18428,0.75,8.61
2020.09.03 23:30:37.175,1.18426,1.18427,0.75,8.61
2020.09.03 23:30:37.277,1.18426,1.18429,0.75,8.69
2020.09.03 23:30:38.651,1.18426,1.18428,0.75,0.10
2020.09.03 23:30:38.904,1.18426,1.18429,0.75,8.69
2020.09.03 23:30:39.277,1.18425,1.18428,0.75,9.44
2020.09.03 23:30:39.430,1.18426,1.18428,0.75,8.61
2020.09.03 23:30:39.531,1.18426,1.18427,0.75,8.61
2020.09.03 23:30:39.633,1.18428,1.18429,0.10,8.61
2020.09.03 23:30:39.734,1.18428,1.1843,0.10,13.49
2020.09.03 23:30:39.836,1.18427,1.1843,0.10,8.61
2020.09.03 23:30:40.017,1.18427,1.18431,0.10,13.49
2020.09.03 23:30:40.196,1.18426,1.18428,7.14,0.75
2020.09.03 23:30:40.298,1.18426,1.18428,0.75,9.63
2020.09.03 23:30:40.450,1.18426,1.1843,0.75,11.61
2020.09.03 23:30:40.552,1.18426,1.18431,0.75,13.68
2020.09.03 23:30:40.881,1.18426,1.18428,0.75,1.69
2020.09.03 23:30:40.983,1.18424,1.18425,6.39,0.75
2020.09.03 23:30:41.034,1.18421,1.18426,7.29,9.36
2020.09.03 23:30:41.085,1.18421,1.18424,7.14,0.37
2020.09.03 23:30:41.238,1.18421,1.18425,0.75,13.75
2020.09.03 23:30:42.182,1.18421,1.18426,0.75,11.99
2020.09.03 23:30:42.284,1.18423,1.18427,3.26,10.49
2020.09.03 23:30:42.335,1.18425,1.18428,0.10,8.61
2020.09.03 23:30:42.437,1.18425,1.18429,0.10,0.75
2020.09.03 23:30:42.538,1.18426,1.18429,0.10,0.75
2020.09.03 23:30:43.570,1.18425,1.18429,6.46,0.75
2020.09.03 23:30:43.793,1.18426,1.18429,0.10,0.75
2020.09.03 23:30:43.895,1.18427,1.18431,0.10,4.87
2020.09.03 23:30:44.148,1.18427,1.18432,0.10,11.13
2020.09.03 23:30:45.006,1.18426,1.18429,6.39,0.75
2020.09.03 23:30:45.109,1.18426,1.18428,9.39,0.10
2020.09.03 23:30:45.212,1.18426,1.18429,6.39,9.74
2020.09.03 23:30:45.314,1.18424,1.1843,12.16,9.74
2020.09.03 23:30:45.441,1.18424,1.18429,6.46,1.01
2020.09.03 23:30:45.544,1.18423,1.18428,0.10,1.76
2020.09.03 23:30:45.646,1.18421,1.18425,0.82,8.61
2020.09.03 23:30:45.800,1.18421,1.18426,7.96,0.75
2020.09.03 23:30:46.104,1.18422,1.18426,6.39,0.75
2020.09.03 23:30:46.206,1.18422,1.18425,7.89,0.75
2020.09.03 23:30:46.663,1.18423,1.18425,0.10,0.75
2020.09.03 23:30:47.523,1.18423,1.18426,0.10,0.75
2020.09.03 23:30:47.624,1.18424,1.18427,0.10,0.37
2020.09.03 23:30:47.726,1.18424,1.18428,0.10,9.74
2020.09.03 23:30:48.199,1.18423,1.18428,0.10,10.75
2020.09.03 23:30:51.054,1.18425,1.18429,0.10,8.99
2020.09.03 23:30:51.156,1.18427,1.18431,1.57,8.99
2020.09.03 23:30:51.207,1.18429,1.18432,6.46,17.20
2020.09.03 23:30:51.309,1.18428,1.18434,0.82,10.49
2020.09.03 23:30:51.615,1.18429,1.18434,4.57,9.74
2020.09.03 23:30:51.717,1.1843,1.18434,6.39,1.12
2020.09.03 23:30:51.818,1.1843,1.18436,6.39,11.50
2020.09.03 23:30:51.920,1.18429,1.18435,10.66,8.61
2020.09.03 23:30:52.148,1.1843,1.18435,9.91,11.50
2020.09.03 23:30:52.266,1.1843,1.18435,6.39,8.61
2020.09.03 23:30:52.480,1.1843,1.18436,6.39,11.50
2020.09.03 23:30:53.389,1.18434,1.18435,1.57,8.99
2020.09.03 23:30:53.440,1.18436,1.18437,0.75,8.61
2020.09.03 23:30:53.542,1.18439,1.18441,1.01,8.25
2020.09.03 23:30:53.644,1.18437,1.18442,0.10,1.12
2020.09.03 23:30:53.746,1.18439,1.18441,0.10,9.74
2020.09.03 23:30:53.847,1.18436,1.18442,10.77,9.74
2020.09.03 23:30:54.830,1.18436,1.18439,6.46,0.94
2020.09.03 23:30:54.931,1.18434,1.18438,6.46,0.10
2020.09.03 23:30:55.033,1.18433,1.18439,7.14,9.55
2020.09.03 23:30:55.135,1.18433,1.18437,4.20,9.93
2020.09.03 23:30:55.388,1.18432,1.18437,0.75,8.61
2020.09.03 23:30:55.489,1.18432,1.18438,7.14,10.00
2020.09.03 23:30:56.248,1.18434,1.18437,0.75,9.74
2020.09.03 23:30:56.350,1.18432,1.18439,10.66,10.30
2020.09.03 23:30:56.805,1.18433,1.18439,0.10,9.55
2020.09.03 23:30:58.961,1.18432,1.18439,8.41,3.94
2020.09.03 23:30:59.725,1.18433,1.18439,9.39,1.01
2020.09.03 23:30:59.826,1.18432,1.18438,4.20,2.06
2020.09.03 23:31:00.388,1.18433,1.18439,3.00,9.55
2020.09.03 23:31:01.101,1.18434,1.18437,6.46,0.75
2020.09.03 23:31:01.202,1.18432,1.18437,6.39,2.14
2020.09.03 23:31:01.304,1.18431,1.18437,0.75,11.50
2020.09.03 23:31:01.406,1.18431,1.18436,6.39,0.75
2020.09.03 23:31:01.508,1.18431,1.18435,6.39,1.39
2020.09.03 23:31:01.610,1.18429,1.18435,3.00,9.63
2020.09.03 23:31:01.712,1.18428,1.18435,7.59,12.63
2020.09.03 23:31:02.901,1.18429,1.18433,7.14,0.94
2020.09.03 23:31:04.004,1.18428,1.18433,1.12,8.61
2020.09.03 23:31:04.106,1.18428,1.18434,1.12,11.50
2020.09.03 23:31:04.930,1.18428,1.18433,3.75,8.61
2020.09.03 23:31:05.204,1.18428,1.18434,0.75,11.43
2020.09.03 23:31:07.921,1.18428,1.18432,7.14,8.61
2020.09.03 23:31:09.656,1.18429,1.18432,6.39,8.61
2020.09.03 23:31:09.921,1.18428,1.18434,6.39,11.50
2020.09.03 23:31:10.022,1.18427,1.18433,10.21,8.61
2020.09.03 23:31:10.443,1.18428,1.18434,6.39,14.50
2020.09.03 23:31:10.759,1.18427,1.18434,7.21,14.50
2020.09.03 23:31:11.130,1.18429,1.18433,4.50,8.61
2020.09.03 23:31:11.232,1.18431,1.18437,6.76,8.99
2020.09.03 23:31:11.334,1.18432,1.18437,0.75,8.99
2020.09.03 23:31:14.152,1.18434,1.18437,1.57,13.30
2020.09.03 23:31:14.254,1.18435,1.18438,4.50,9.55
2020.09.03 23:31:14.305,1.18436,1.18439,0.75,8.61
2020.09.03 23:31:14.355,1.18436,1.18441,10.14,0.75
2020.09.03 23:31:14.761,1.18437,1.18442,3.00,8.99
2020.09.03 23:31:14.963,1.18436,1.18442,10.32,0.37
2020.09.03 23:31:15.387,1.18437,1.1844,0.75,8.61
2020.09.03 23:31:15.606,1.18435,1.18441,6.76,9.63
2020.09.03 23:31:16.477,1.18437,1.1844,0.10,2.06
2020.09.03 23:31:16.529,1.18438,1.18441,0.75,1.12
2020.09.03 23:31:16.631,1.18438,1.18442,0.10,1.12
2020.09.03 23:31:16.733,1.18438,1.18443,0.10,2.81
2020.09.03 23:31:17.136,1.1844,1.18442,0.10,11.43
2020.09.03 23:31:17.339,1.18439,1.18442,3.07,2.81
2020.09.03 23:31:20.986,1.18438,1.18441,10.21,1.12
2020.09.03 23:31:21.290,1.18439,1.18442,0.75,0.37
2020.09.03 23:31:21.341,1.18439,1.18444,1.50,9.44
2020.09.03 23:31:21.493,1.18441,1.18443,3.00,0.75
2020.09.03 23:31:21.646,1.18439,1.18444,7.89,0.75
2020.09.03 23:31:21.967,1.18441,1.18443,6.39,0.75
2020.09.03 23:31:22.105,1.18439,1.18444,11.26,0.75
2020.09.03 23:31:22.257,1.1844,1.18444,3.00,0.75
2020.09.03 23:31:25.976,1.18439,1.18444,10.89,0.75
2020.09.03 23:31:29.149,1.18438,1.18442,0.10,2.70
2020.09.03 23:31:29.252,1.18437,1.18441,6.39,0.75
2020.09.03 23:31:29.354,1.18435,1.1844,0.94,8.61
2020.09.03 23:31:29.595,1.18435,1.18441,7.14,11.80
2020.09.03 23:31:32.470,1.18436,1.18441,0.56,8.61
2020.09.03 23:31:32.572,1.18436,1.18442,6.76,10.68
2020.09.03 23:31:32.724,1.18436,1.18441,8.15,10.75
2020.09.03 23:31:33.575,1.18436,1.1844,10.32,8.61
2020.09.03 23:31:34.126,1.18435,1.18442,10.32,13.75
2020.09.03 23:31:34.698,1.18437,1.18441,6.39,10.75
2020.09.03 23:31:34.800,1.18435,1.18442,7.77,10.75
2020.09.03 23:31:36.737,1.18437,1.18441,6.39,10.75
2020.09.03 23:31:38.950,1.18436,1.18441,6.39,0.75
2020.09.03 23:31:39.051,1.18435,1.18441,7.32,9.36
2020.09.03 23:31:39.153,1.18434,1.1844,7.70,8.99
2020.09.03 23:31:39.951,1.18436,1.18439,0.37,8.99
2020.09.03 23:31:40.305,1.18436,1.1844,7.02,1.12
2020.09.03 23:31:45.650,1.18436,1.18439,6.39,0.75
2020.09.03 23:31:45.752,1.18434,1.1844,7.85,9.74
2020.09.03 23:31:49.565,1.18436,1.18439,0.37,9.74
2020.09.03 23:31:49.716,1.18434,1.1844,7.77,9.74
2020.09.03 23:31:49.818,1.18435,1.1844,6.39,9.74
2020.09.03 23:31:49.919,1.18435,1.18439,8.22,9.74
2020.09.03 23:31:51.629,1.18435,1.1844,0.37,9.74
2020.09.03 23:31:51.882,1.18435,1.18438,0.75,8.61
2020.09.03 23:31:52.185,1.18435,1.18439,7.40,10.49
2020.09.03 23:31:54.142,1.18434,1.18439,7.40,8.61
2020.09.03 23:31:55.473,1.18434,1.1844,7.40,10.56
2020.09.03 23:31:57.189,1.18436,1.18439,0.10,10.49
2020.09.03 23:31:57.971,1.18434,1.1844,10.40,10.56
2020.09.03 23:31:58.073,1.18435,1.18437,6.39,1.50
2020.09.03 23:31:58.276,1.18433,1.18434,0.37,0.94
2020.09.03 23:31:58.377,1.18429,1.18434,4.58,8.61
2020.09.03 23:31:58.479,1.18429,1.18435,10.14,3.75
2020.09.03 23:32:05.099,1.1843,1.18431,13.89,0.94
2020.09.03 23:32:05.201,1.18429,1.18432,7.50,8.61
2020.09.03 23:32:05.302,1.18426,1.18432,10.96,8.80
2020.09.03 23:32:05.881,1.18428,1.18431,0.19,8.61
2020.09.03 23:32:05.983,1.18427,1.18433,7.29,11.80
2020.09.03 23:32:06.084,1.18428,1.18434,6.39,10.30
2020.09.03 23:32:07.044,1.18427,1.18434,9.16,9.36
2020.09.03 23:32:07.333,1.18428,1.18434,6.39,3.75
2020.09.03 23:32:07.435,1.18428,1.18433,11.79,12.36
2020.09.03 23:32:09.103,1.18428,1.18434,6.39,0.75
2020.09.03 23:32:10.509,1.18428,1.18433,8.41,9.36
2020.09.03 23:32:10.819,1.18429,1.18433,6.39,9.36
2020.09.03 23:32:11.255,1.18428,1.18433,6.39,1.12
2020.09.03 23:32:11.357,1.18427,1.18433,7.59,1.12
2020.09.03 23:32:11.459,1.18427,1.18434,7.59,8.69
2020.09.03 23:32:11.713,1.18428,1.18432,0.82,8.61
2020.09.03 23:32:12.066,1.18427,1.18432,0.75,0.75
2020.09.03 23:32:12.117,1.18426,1.18428,6.39,0.45
2020.09.03 23:32:12.169,1.18424,1.18426,7.50,1.12
2020.09.03 23:32:12.272,1.18424,1.18427,7.50,9.25
2020.09.03 23:32:12.323,1.18421,1.18427,8.07,8.99
2020.09.03 23:32:12.374,1.18423,1.18427,1.20,8.61
2020.09.03 23:32:12.425,1.18423,1.18429,0.37,8.61
2020.09.03 23:32:12.527,1.18422,1.18428,8.41,1.12
2020.09.03 23:32:12.628,1.18424,1.18428,6.46,9.36
2020.09.03 23:32:14.987,1.18423,1.18428,10.29,13.30
2020.09.03 23:32:15.161,1.18423,1.18429,6.39,10.30
2020.09.03 23:32:15.426,1.18424,1.18427,6.39,1.87
2020.09.03 23:32:15.528,1.18422,1.18428,7.59,10.49
2020.09.03 23:32:16.637,1.18423,1.18426,3.00,0.75
2020.09.03 23:32:16.840,1.18422,1.18428,3.90,8.61
2020.09.03 23:32:16.941,1.18423,1.18428,7.29,9.55
2020.09.03 23:32:17.228,1.18423,1.18429,6.39,9.55
2020.09.03 23:32:17.549,1.18425,1.18427,6.76,0.37
2020.09.03 23:32:17.650,1.18424,1.18429,6.46,2.06
2020.09.03 23:32:17.853,1.18425,1.18429,6.39,1.12
2020.09.03 23:32:18.660,1.18426,1.18429,6.39,1.12
2020.09.03 23:32:18.762,1.18424,1.1843,6.84,9.74
2020.09.03 23:32:19.176,1.18425,1.1843,3.00,9.74
2020.09.03 23:32:20.825,1.18424,1.18429,9.39,0.10
2020.09.03 23:32:20.926,1.18425,1.18429,9.39,1.87
2020.09.03 23:32:21.271,1.18425,1.1843,3.00,1.87
2020.09.03 23:32:21.373,1.18424,1.1843,9.84,10.49
2020.09.03 23:32:21.524,1.18425,1.1843,0.37,10.49
2020.09.03 23:32:22.202,1.18427,1.18431,0.94,0.37
2020.09.03 23:32:22.303,1.18427,1.18432,7.51,1.87
2020.09.03 23:32:22.506,1.18428,1.18432,6.39,1.87
2020.09.03 23:32:22.709,1.18428,1.18433,6.39,0.19
2020.09.03 23:32:23.527,1.18427,1.18433,7.51,0.19
2020.09.03 23:32:23.943,1.18428,1.18433,6.39,0.19
2020.09.03 23:32:24.223,1.1843,1.18433,1.12,9.74
2020.09.03 23:32:24.476,1.1843,1.18434,6.39,0.75
2020.09.03 23:32:24.683,1.18431,1.18434,6.39,0.75
2020.09.03 23:32:25.124,1.18431,1.18433,9.39,0.75
2020.09.03 23:32:25.225,1.1843,1.18435,9.39,10.68
2020.09.03 23:32:26.400,1.18431,1.18435,0.10,1.12
2020.09.03 23:32:26.501,1.18432,1.18435,6.46,1.69
2020.09.03 23:32:27.323,1.18431,1.18435,10.21,11.50
2020.09.03 23:32:30.782,1.18431,1.18436,0.37,11.43
2020.09.03 23:32:30.883,1.18432,1.18436,6.76,11.43
2020.09.03 23:32:33.031,1.18431,1.18436,3.56,8.61
2020.09.03 23:32:33.516,1.18431,1.18437,9.95,10.49
2020.09.03 23:32:35.471,1.18431,1.18436,9.57,8.61
2020.09.03 23:32:35.775,1.18431,1.18437,9.57,10.49
2020.09.03 23:32:39.478,1.18433,1.18436,6.39,1.87
2020.09.03 23:32:40.788,1.18431,1.18437,9.57,9.74
2020.09.03 23:32:51.745,1.18431,1.18435,11.90,8.61
2020.09.03 23:32:51.897,1.1843,1.18435,7.77,9.36
2020.09.03 23:32:51.999,1.18428,1.18431,0.82,0.75
2020.09.03 23:32:52.100,1.18428,1.1843,7.14,0.75
2020.09.03 23:32:57.869,1.18426,1.18431,9.39,0.75
2020.09.03 23:32:59.261,1.18425,1.18431,7.96,10.38
2020.09.03 23:32:59.595,1.18426,1.18431,6.39,10.38
2020.09.03 23:32:59.700,1.18425,1.18431,7.96,10.38
2020.09.03 23:33:00.724,1.18427,1.1843,0.10,10.30
2020.09.03 23:33:02.347,1.18426,1.1843,10.96,1.76
2020.09.03 23:33:03.128,1.18426,1.18431,0.10,1.69
2020.09.03 23:33:06.575,1.18426,1.1843,6.39,0.10
2020.09.03 23:33:06.625,1.18425,1.18429,4.39,10.19
2020.09.03 23:33:06.727,1.18424,1.18428,0.10,0.75
2020.09.03 23:33:06.879,1.18423,1.18428,0.75,9.74
2020.09.03 23:33:07.029,1.18423,1.18427,0.75,8.61
2020.09.03 23:33:07.184,1.18424,1.18427,0.75,9.74
2020.09.03 23:33:07.996,1.18421,1.18427,6.65,1.20
2020.09.03 23:33:08.505,1.18423,1.18426,6.39,5.14
2020.09.03 23:33:08.842,1.18421,1.18426,0.10,9.36
2020.09.03 23:33:08.944,1.18421,1.18424,6.39,8.61
2020.09.03 23:33:09.046,1.18419,1.18426,11.50,9.81
2020.09.03 23:33:09.496,1.18421,1.18425,6.39,9.81
2020.09.03 23:33:10.126,1.18421,1.18427,7.14,12.14
2020.09.03 23:33:10.230,1.18422,1.18428,1.20,13.49
2020.09.03 23:33:12.925,1.18422,1.18427,7.21,0.75
2020.09.03 23:33:15.870,1.18421,1.18426,0.10,10.11
2020.09.03 23:33:15.972,1.1842,1.18425,10.14,0.37
2020.09.03 23:33:16.124,1.18419,1.18425,8.69,0.37
2020.09.03 23:33:16.226,1.1842,1.18425,6.39,0.37
2020.09.03 23:33:16.641,1.18422,1.18424,6.39,0.37
2020.09.03 23:33:20.496,1.1842,1.18425,6.76,0.37
2020.09.03 23:33:22.978,1.18421,1.18425,6.39,0.37
2020.09.03 23:33:23.545,1.18421,1.18424,6.76,0.37
2020.09.03 23:33:32.976,1.18421,1.18425,0.10,1.12
2020.09.03 23:33:36.656,1.18423,1.18424,0.10,0.37
2020.09.03 23:33:36.758,1.18421,1.18425,7.70,0.37
2020.09.03 23:33:36.859,1.18422,1.18425,0.10,0.37
2020.09.03 23:33:36.961,1.18421,1.18425,7.14,0.37
2020.09.03 23:33:37.306,1.18423,1.18424,6.39,0.37
2020.09.03 23:33:37.458,1.18421,1.18425,7.21,0.37
2020.09.03 23:33:39.407,1.18419,1.18425,8.13,0.75
2020.09.03 23:33:39.509,1.18419,1.18424,0.24,10.49
2020.09.03 23:33:39.611,1.18419,1.18421,7.21,9.36
2020.09.03 23:33:39.712,1.18418,1.18424,7.14,4.87
2020.09.03 23:33:40.098,1.1842,1.18423,6.39,4.87
2020.09.03 23:33:40.499,1.1842,1.18424,6.39,4.87
2020.09.03 23:33:40.607,1.1842,1.18423,6.39,0.75
2020.09.03 23:33:40.710,1.18418,1.18423,7.89,1.12
2020.09.03 23:33:44.109,1.18418,1.18422,7.21,1.20
2020.09.03 23:33:44.210,1.18417,1.18422,0.75,9.44
2020.09.03 23:33:44.762,1.18416,1.18422,10.40,10.94
2020.09.03 23:33:46.344,1.18417,1.18422,6.39,10.19
2020.09.03 23:33:46.446,1.18418,1.1842,6.46,8.61
2020.09.03 23:33:47.289,1.18417,1.18422,6.46,10.11
2020.09.03 23:33:47.648,1.18417,1.18421,6.39,0.82
2020.09.03 23:33:47.750,1.18415,1.18419,1.01,0.75
2020.09.03 23:33:51.270,1.18415,1.18418,0.94,0.75
2020.09.03 23:33:52.109,1.18416,1.18418,0.94,13.94
2020.09.03 23:33:52.160,1.18414,1.18417,1.01,1.50
2020.09.03 23:33:52.211,1.18415,1.18419,0.10,13.86
2020.09.03 23:33:52.313,1.18417,1.18419,0.10,9.36
2020.09.03 23:33:52.414,1.18417,1.1842,0.10,10.49
2020.09.03 23:33:52.566,1.18415,1.18419,0.94,9.36
2020.09.03 23:33:52.826,1.18417,1.18418,6.39,0.75
2020.09.03 23:33:53.395,1.18415,1.18419,11.15,0.75
2020.09.03 23:33:53.732,1.18416,1.18421,0.19,10.49
2020.09.03 23:33:54.173,1.18417,1.18421,6.39,1.87
2020.09.03 23:33:54.963,1.18417,1.18422,6.46,9.74
2020.09.03 23:33:55.232,1.18418,1.18422,6.39,1.12
2020.09.03 23:33:57.049,1.18419,1.18422,6.39,1.12
2020.09.03 23:33:58.258,1.18416,1.18422,0.19,13.11
2020.09.03 23:33:58.359,1.18416,1.18421,6.57,9.74
2020.09.03 23:33:58.622,1.18416,1.18422,6.57,13.11
2020.09.03 23:33:59.088,1.18417,1.1842,6.57,0.10
2020.09.03 23:33:59.240,1.18415,1.1842,0.75,1.01
2020.09.03 23:33:59.343,1.18414,1.18419,9.76,0.82
2020.09.03 23:33:59.394,1.18415,1.18416,6.39,0.75
2020.09.03 23:33:59.546,1.18413,1.18417,6.46,0.75
2020.09.03 23:33:59.751,1.18415,1.18416,6.39,0.75
2020.09.03 23:33:59.853,1.18413,1.18417,6.39,0.75
2020.09.03 23:33:59.982,1.18414,1.18417,6.39,0.75
2020.09.03 23:34:00.085,1.18413,1.18417,6.39,0.75
2020.09.03 23:34:00.706,1.18414,1.18418,6.46,9.44
2020.09.03 23:34:03.296,1.18415,1.18418,6.39,0.82
2020.09.03 23:34:03.876,1.18415,1.18419,3.75,0.75
2020.09.03 23:34:03.978,1.18416,1.18421,0.19,9.74
2020.09.03 23:34:04.130,1.18417,1.18421,6.39,1.12
2020.09.03 23:34:07.028,1.18415,1.18416,6.39,0.75
2020.09.03 23:34:07.181,1.18417,1.18419,0.10,12.74
2020.09.03 23:34:07.333,1.18416,1.18421,0.10,12.74
2020.09.03 23:34:07.573,1.18415,1.1842,0.26,1.50
2020.09.03 23:34:07.675,1.18415,1.18417,6.39,0.75
2020.09.03 23:34:07.777,1.18416,1.18418,0.37,0.75
2020.09.03 23:34:07.827,1.18416,1.1842,0.10,3.37
2020.09.03 23:34:08.012,1.18416,1.18421,0.10,12.74
2020.09.03 23:34:08.164,1.18417,1.18421,0.37,9.74
2020.09.03 23:34:09.100,1.18416,1.18421,8.15,1.12
2020.09.03 23:34:13.585,1.18417,1.18421,6.39,1.12
2020.09.03 23:34:13.687,1.18416,1.18421,7.40,1.12
2020.09.03 23:34:15.380,1.18418,1.1842,0.26,1.12
2020.09.03 23:34:15.482,1.18418,1.18422,0.10,8.99
2020.09.03 23:34:15.583,1.18418,1.18423,6.46,0.75
2020.09.03 23:34:15.796,1.18419,1.18423,0.10,0.75
2020.09.03 23:34:18.612,1.18418,1.18423,6.46,0.75
2020.09.03 23:34:18.814,1.18419,1.18423,0.10,0.75
2020.09.03 23:34:19.085,1.18418,1.18423,6.46,0.75
2020.09.03 23:34:19.186,1.18418,1.18422,6.39,0.75
2020.09.03 23:34:19.288,1.18417,1.18422,0.82,10.11
2020.09.03 23:34:20.045,1.18415,1.18418,6.39,0.82
2020.09.03 23:34:20.147,1.18414,1.18419,7.32,1.50
2020.09.03 23:34:20.501,1.18416,1.18418,6.39,1.50
2020.09.03 23:34:21.082,1.18414,1.18419,6.39,1.50
2020.09.03 23:34:21.183,1.18413,1.18417,7.21,1.39
2020.09.03 23:34:21.491,1.18412,1.18417,7.14,9.44
2020.09.03 23:34:25.786,1.18412,1.18416,0.82,0.75
2020.09.03 23:34:25.971,1.18411,1.18416,8.15,0.75
2020.09.03 23:34:26.330,1.18412,1.18416,0.10,0.75
2020.09.03 23:34:26.634,1.18412,1.18417,7.40,8.61
2020.09.03 23:34:26.735,1.18412,1.18418,6.65,3.00
2020.09.03 23:34:26.836,1.18413,1.18419,6.39,13.11
2020.09.03 23:34:29.106,1.18414,1.18419,6.39,3.75
2020.09.03 23:34:29.593,1.18414,1.18418,7.14,9.36
2020.09.03 23:34:29.882,1.18415,1.18419,0.10,0.75
2020.09.03 23:34:30.568,1.18414,1.18419,0.75,0.82
2020.09.03 23:34:30.671,1.18414,1.18418,0.75,0.10
2020.09.03 23:34:30.774,1.18415,1.18418,0.75,10.11
2020.09.03 23:34:32.312,1.18414,1.18418,0.75,3.00
2020.09.03 23:34:32.567,1.18414,1.18419,0.75,2.25
2020.09.03 23:34:45.739,1.18415,1.18419,6.46,3.75
2020.09.03 23:34:45.840,1.18416,1.18419,0.10,0.75
2020.09.03 23:34:46.373,1.18416,1.1842,0.45,0.75
2020.09.03 23:34:46.475,1.18417,1.18422,0.10,10.86
2020.09.03 23:34:47.426,1.18416,1.18421,6.65,1.12
2020.09.03 23:34:49.882,1.18415,1.18419,0.94,1.50
2020.09.03 23:34:49.984,1.18415,1.18417,7.14,0.75
2020.09.03 23:34:51.448,1.18414,1.18419,0.75,9.36
2020.09.03 23:35:02.897,1.18415,1.18419,0.45,9.36
2020.09.03 23:35:02.999,1.18416,1.1842,0.45,1.50
2020.09.03 23:35:03.151,1.18416,1.18422,1.39,13.19
2020.09.03 23:35:03.540,1.18417,1.18422,0.10,13.11
2020.09.03 23:35:05.174,1.18417,1.18423,9.46,11.61
2020.09.03 23:35:05.275,1.18418,1.18423,6.39,3.00
2020.09.03 23:35:06.090,1.18419,1.18423,6.39,3.00
2020.09.03 23:35:06.485,1.18417,1.18424,7.21,9.55
2020.09.03 23:35:06.586,1.18419,1.18423,6.39,9.55
2020.09.03 23:35:08.276,1.18418,1.18423,7.21,9.55
2020.09.03 23:35:08.746,1.18419,1.18423,6.39,9.55
2020.09.03 23:35:09.161,1.18415,1.18419,0.75,0.75
2020.09.03 23:35:09.263,1.18417,1.18418,0.10,0.75
2020.09.03 23:35:09.761,1.18416,1.1842,0.45,0.75
2020.09.03 23:35:10.360,1.18416,1.18421,6.84,13.49
2020.09.03 23:35:10.533,1.18416,1.1842,0.45,8.61
2020.09.03 23:35:10.686,1.18415,1.1842,1.39,8.61
2020.09.03 23:35:10.912,1.18416,1.18421,6.39,13.56
2020.09.03 23:35:11.195,1.18416,1.1842,7.77,13.56
2020.09.03 23:35:12.536,1.18415,1.1842,7.77,8.61
2020.09.03 23:35:13.072,1.18416,1.1842,6.39,8.61
2020.09.03 23:35:14.010,1.18416,1.18421,6.39,12.81
2020.09.03 23:35:14.197,1.18415,1.18421,7.77,12.81
2020.09.03 23:35:14.349,1.18417,1.1842,6.39,12.81
2020.09.03 23:35:14.570,1.18415,1.18421,7.77,12.81
2020.09.03 23:35:16.302,1.18416,1.18421,6.39,13.19
2020.09.03 23:35:17.240,1.18415,1.18421,7.77,13.19
2020.09.03 23:35:19.089,1.18417,1.1842,0.82,11.61
2020.09.03 23:35:49.755,1.18419,1.18421,0.75,8.61
2020.09.03 23:35:49.880,1.18419,1.18422,2.33,0.75
2020.09.03 23:35:49.931,1.18419,1.18425,8.71,13.26
2020.09.03 23:35:50.033,1.18421,1.18424,6.39,10.19
2020.09.03 23:35:50.705,1.1842,1.18424,11.71,10.19
2020.09.03 23:35:51.029,1.18421,1.18424,6.39,10.19
2020.09.03 23:35:51.134,1.1842,1.18423,10.96,8.61
2020.09.03 23:35:51.235,1.18419,1.18425,10.96,10.19
2020.09.03 23:35:54.302,1.18419,1.18424,10.89,0.10
2020.09.03 23:35:54.503,1.1842,1.18425,6.39,10.19
2020.09.03 23:35:57.889,1.1842,1.18424,10.96,1.57
2020.09.03 23:35:58.001,1.1842,1.18425,6.39,1.57
2020.09.03 23:36:02.570,1.18421,1.18426,0.75,12.44
2020.09.03 23:36:04.471,1.18423,1.18425,6.39,0.75
2020.09.03 23:36:04.572,1.18421,1.18426,7.96,0.75
2020.09.03 23:36:20.086,1.1842,1.18425,3.75,9.44
2020.09.03 23:36:20.188,1.1842,1.18421,7.14,0.82
2020.09.03 23:36:20.289,1.18417,1.18421,0.10,1.12
2020.09.03 23:36:20.390,1.18416,1.18421,11.51,1.12
2020.09.03 23:36:23.688,1.18416,1.18419,2.44,0.75
2020.09.03 23:36:23.839,1.18416,1.18421,1.76,12.74
2020.09.03 23:36:42.946,1.18416,1.18419,0.94,0.19
2020.09.03 23:36:43.047,1.18415,1.18416,0.94,0.75
2020.09.03 23:36:43.149,1.18414,1.18417,0.94,9.36
2020.09.03 23:36:43.251,1.18414,1.18416,0.94,8.61
2020.09.03 23:36:43.353,1.18414,1.18416,0.94,13.19
2020.09.03 23:36:44.488,1.18414,1.18416,0.94,8.61
2020.09.03 23:36:45.094,1.18414,1.18416,0.94,12.81
2020.09.03 23:36:45.195,1.18414,1.18417,0.94,12.81
2020.09.03 23:36:45.755,1.18414,1.18416,0.94,8.61
2020.09.03 23:36:45.872,1.18414,1.18417,0.94,13.19
2020.09.03 23:36:46.364,1.18414,1.18416,0.94,8.61
2020.09.03 23:36:46.643,1.18414,1.18417,0.94,13.19
2020.09.03 23:36:47.659,1.18414,1.18416,0.94,8.61
2020.09.03 23:36:47.760,1.18414,1.18416,0.94,12.81
2020.09.03 23:36:49.068,1.18413,1.18416,0.94,8.61
2020.09.03 23:36:49.169,1.18413,1.18417,0.94,12.81
2020.09.03 23:36:53.905,1.18412,1.18416,8.90,13.00
2020.09.03 23:36:55.579,1.18413,1.18416,1.01,11.61
2020.09.03 23:36:55.681,1.18413,1.18417,8.15,8.80
2020.09.03 23:36:55.782,1.18413,1.18418,6.39,8.80
2020.09.03 23:36:59.387,1.18412,1.18418,8.15,0.19
2020.09.03 23:37:00.100,1.18413,1.18418,6.39,0.19
2020.09.03 23:37:00.276,1.18412,1.18418,11.15,8.80
2020.09.03 23:37:00.970,1.18413,1.18418,0.10,0.94
2020.09.03 23:37:01.072,1.18412,1.18417,3.94,9.44
2020.09.03 23:37:02.359,1.18411,1.18417,7.40,12.81
2020.09.03 23:37:04.570,1.18412,1.18417,0.10,12.36
2020.09.03 23:37:04.672,1.18413,1.18418,0.10,11.99
2020.09.03 23:37:04.773,1.18413,1.18419,0.10,9.36
2020.09.03 23:37:05.121,1.18413,1.18418,6.46,8.61
2020.09.03 23:37:05.239,1.18413,1.18419,0.10,11.61
2020.09.03 23:37:06.659,1.18414,1.18418,0.10,8.61
2020.09.03 23:37:07.230,1.18415,1.18418,0.10,12.74
2020.09.03 23:37:09.836,1.18415,1.1842,6.39,9.44
2020.09.03 23:37:09.937,1.18416,1.1842,0.10,9.36
2020.09.03 23:37:11.862,1.18416,1.18419,10.02,0.75
2020.09.03 23:37:12.604,1.18414,1.1842,6.39,13.00
2020.09.03 23:37:13.897,1.18414,1.18419,6.39,0.10
2020.09.03 23:37:15.143,1.18413,1.18419,10.14,0.10
2020.09.03 23:37:15.246,1.18414,1.1842,0.19,12.89
2020.09.03 23:37:15.348,1.18415,1.1842,0.26,12.74
2020.09.03 23:37:15.450,1.18416,1.1842,0.10,12.74
2020.09.03 23:37:15.661,1.18416,1.18419,0.10,9.93
2020.09.03 23:37:16.129,1.18416,1.1842,0.10,8.61
2020.09.03 23:37:16.254,1.18416,1.18421,0.10,14.24
2020.09.03 23:37:18.438,1.18415,1.18421,6.46,16.00
2020.09.03 23:37:18.539,1.18415,1.1842,6.46,3.00
2020.09.03 23:37:19.959,1.18416,1.1842,6.65,14.31
2020.09.03 23:37:25.015,1.18416,1.18421,6.39,13.56
2020.09.03 23:37:26.373,1.18415,1.18421,9.65,14.31
2020.09.03 23:37:28.287,1.18416,1.18421,0.10,14.24
2020.09.03 23:37:32.459,1.18416,1.18422,9.84,14.50
2020.09.03 23:37:34.918,1.18417,1.18421,0.10,3.00
2020.09.03 23:37:35.021,1.18418,1.18422,6.39,4.12
2020.09.03 23:37:35.124,1.18419,1.18422,6.39,9.74
2020.09.03 23:37:35.327,1.18418,1.18422,6.39,12.74
2020.09.03 23:37:35.530,1.18418,1.18423,6.39,12.74
2020.09.03 23:37:35.734,1.18417,1.18423,6.39,4.12
2020.09.03 23:37:35.836,1.18417,1.18421,6.46,0.75
2020.09.03 23:37:35.937,1.18417,1.1842,6.46,3.75
2020.09.03 23:37:36.532,1.18418,1.1842,6.39,3.75
2020.09.03 23:37:36.735,1.18416,1.18421,6.65,3.75
2020.09.03 23:37:36.836,1.18417,1.18421,6.39,3.75
2020.09.03 23:37:37.260,1.18416,1.18421,6.65,3.75
2020.09.03 23:37:40.654,1.18417,1.18422,0.26,12.74
2020.09.03 23:37:40.806,1.18418,1.18422,8.26,9.74
2020.09.03 23:37:40.977,1.18419,1.18422,6.39,1.12
2020.09.03 23:37:41.319,1.18418,1.18422,7.51,9.74
2020.09.03 23:37:41.544,1.18419,1.18422,6.39,1.12
2020.09.03 23:37:41.646,1.18418,1.1842,0.10,3.37
2020.09.03 23:37:42.576,1.18417,1.1842,7.40,0.37
2020.09.03 23:37:46.361,1.18418,1.1842,0.10,0.37
2020.09.03 23:37:46.616,1.18416,1.18421,0.94,0.45
2020.09.03 23:37:50.297,1.18417,1.18421,6.39,0.37
2020.09.03 23:37:51.677,1.18418,1.18422,1.01,8.61
2020.09.03 23:37:51.780,1.18419,1.18424,0.10,9.36
2020.09.03 23:37:52.245,1.18418,1.18424,7.21,9.36
2020.09.03 23:37:52.608,1.18419,1.18424,0.10,8.61
2020.09.03 23:37:52.710,1.18421,1.18424,6.39,12.74
2020.09.03 23:37:52.812,1.18422,1.18424,0.10,9.36
2020.09.03 23:37:53.755,1.18421,1.18424,6.46,9.36
2020.09.03 23:37:54.884,1.18421,1.18425,0.45,3.00
2020.09.03 23:37:54.985,1.18424,1.18426,0.75,8.99
2020.09.03 23:37:55.087,1.18425,1.18428,0.10,8.61
2020.09.03 23:37:55.188,1.18425,1.18427,6.46,8.61
2020.09.03 23:37:55.290,1.18423,1.18429,7.21,9.18
2020.09.03 23:37:55.543,1.18423,1.18428,0.75,9.36
2020.09.03 23:37:56.003,1.18424,1.18428,0.37,3.00
2020.09.03 23:37:56.104,1.18425,1.18428,0.37,13.68
2020.09.03 23:37:56.348,1.18423,1.18429,6.84,13.68
2020.09.03 23:37:56.450,1.18423,1.18428,6.46,8.61
2020.09.03 23:37:56.652,1.18423,1.18429,6.39,13.75
2020.09.03 23:37:56.829,1.18423,1.18427,8.52,8.61
2020.09.03 23:37:57.974,1.18423,1.18429,6.39,13.75
2020.09.03 23:37:58.176,1.18422,1.18429,8.15,14.58
2020.09.03 23:37:58.277,1.18424,1.18429,6.39,14.13
2020.09.03 23:37:58.430,1.18423,1.18428,8.15,13.75
2020.09.03 23:37:58.858,1.18422,1.18425,6.39,0.75
2020.09.03 23:37:58.959,1.1842,1.18425,7.14,3.37
2020.09.03 23:37:59.061,1.18419,1.18425,8.15,12.74
2020.09.03 23:37:59.163,1.1842,1.18424,0.10,1.87
2020.09.03 23:37:59.214,1.18418,1.18423,10.32,0.75
2020.09.03 23:37:59.265,1.18417,1.18421,6.46,3.75
2020.09.03 23:37:59.418,1.18417,1.1842,6.46,3.75
2020.09.03 23:37:59.520,1.18417,1.18421,6.39,3.75
2020.09.03 23:37:59.724,1.18417,1.1842,7.40,3.75
2020.09.03 23:37:59.826,1.18418,1.1842,6.46,3.75
2020.09.03 23:38:00.926,1.18416,1.18421,7.40,3.00
2020.09.03 23:38:01.506,1.18416,1.18422,7.40,13.56
2020.09.03 23:38:04.047,1.18417,1.1842,7.40,8.61
2020.09.03 23:38:04.586,1.18417,1.18421,7.40,13.56
2020.09.03 23:38:05.690,1.18416,1.18421,7.21,8.61
2020.09.03 23:38:06.379,1.18416,1.18422,7.21,15.25
2020.09.03 23:38:06.703,1.18416,1.18421,7.21,8.61
2020.09.03 23:38:07.106,1.18417,1.18421,7.21,15.25
2020.09.03 23:38:07.846,1.18417,1.18422,6.39,14.50
2020.09.03 23:38:07.947,1.18416,1.18421,7.21,3.00
2020.09.03 23:38:16.076,1.18417,1.18421,6.39,4.87
2020.09.03 23:38:16.576,1.18416,1.18421,7.77,4.87
2020.09.03 23:38:29.486,1.18418,1.1842,6.39,4.12
2020.09.03 23:38:34.634,1.18417,1.1842,7.21,1.87
2020.09.03 23:38:39.687,1.18415,1.18421,11.15,12.81
2020.09.03 23:38:41.407,1.18415,1.18419,6.39,4.57
2020.09.03 23:38:41.508,1.18413,1.18417,7.50,0.75
2020.09.03 23:38:41.610,1.18414,1.18415,7.50,3.00
2020.09.03 23:38:41.717,1.18413,1.18415,0.82,3.00
2020.09.03 23:38:44.974,1.18412,1.18415,8.15,12.36
2020.09.03 23:38:45.768,1.18412,1.18416,0.10,3.75
2020.09.03 23:38:50.835,1.18414,1.18416,6.46,4.12
2020.09.03 23:38:50.988,1.18413,1.18418,0.10,13.49
2020.09.03 23:38:55.579,1.18412,1.18418,8.52,1.87
2020.09.03 23:38:55.740,1.18413,1.18418,3.00,1.87
2020.09.03 23:38:57.485,1.18415,1.18417,0.83,0.37
2020.09.03 23:38:57.586,1.18415,1.18419,0.10,0.75
2020.09.03 23:38:57.688,1.18417,1.18418,0.10,0.75
2020.09.03 23:38:58.498,1.18416,1.18418,9.65,0.75
2020.09.03 23:38:58.735,1.18416,1.18419,3.00,0.75
2020.09.03 23:38:59.218,1.18416,1.1842,6.46,0.75
2020.09.03 23:39:07.586,1.18419,1.18421,0.75,1.12
2020.09.03 23:39:07.637,1.18419,1.18423,0.75,12.81
2020.09.03 23:39:09.743,1.1842,1.18423,6.39,4.12
2020.09.03 23:39:11.024,1.18419,1.18421,9.39,0.75
2020.09.03 23:39:11.126,1.18416,1.18421,6.39,1.20
2020.09.03 23:39:13.970,1.18417,1.18421,0.10,1.12
2020.09.03 23:39:14.476,1.18415,1.18421,10.21,4.39
2020.09.03 23:39:15.488,1.18417,1.1842,0.10,4.31
2020.09.03 23:39:22.265,1.18416,1.18421,10.40,1.12
2020.09.03 23:39:25.279,1.18418,1.18421,6.39,1.12
2020.09.03 23:39:25.960,1.18418,1.1842,6.46,1.12
2020.09.03 23:39:26.673,1.18417,1.1842,9.39,1.20
2020.09.03 23:39:31.257,1.18416,1.18419,7.32,0.10
2020.09.03 23:39:31.410,1.18416,1.1842,7.40,10.56
2020.09.03 23:39:31.512,1.18416,1.18421,0.10,10.49
2020.09.03 23:39:37.357,1.18415,1.18421,1.01,4.20
2020.09.03 23:39:37.467,1.18416,1.18421,6.39,4.20
2020.09.03 23:39:42.903,1.18415,1.18421,7.77,13.56
2020.09.03 23:39:43.147,1.18416,1.18421,0.10,13.49
2020.09.03 23:39:46.159,1.18415,1.18421,8.90,13.56
2020.09.03 23:39:48.581,1.18416,1.1842,9.39,1.95
2020.09.03 23:39:48.682,1.18414,1.1842,7.21,10.56
2020.09.03 23:39:48.835,1.18415,1.1842,6.65,1.87
2020.09.03 23:39:53.089,1.18415,1.18421,6.65,12.74
2020.09.03 23:39:53.190,1.18417,1.1842,6.39,12.74
2020.09.03 23:39:53.503,1.18416,1.1842,6.65,12.74
2020.09.03 23:39:54.118,1.18417,1.1842,6.39,12.74
2020.09.03 23:39:56.892,1.18415,1.18421,6.65,12.74
2020.09.03 23:39:58.748,1.18416,1.18421,6.39,12.74
2020.09.03 23:40:00.477,1.18416,1.1842,6.65,12.74
2020.09.03 23:40:01.782,1.18417,1.1842,6.39,12.36
2020.09.03 23:40:02.700,1.18415,1.18421,11.52,9.36
2020.09.03 23:40:06.691,1.18416,1.18419,7.32,0.75
2020.09.03 23:40:09.114,1.18415,1.18419,6.39,1.12
2020.09.03 23:40:09.215,1.18413,1.18416,6.39,0.94
2020.09.03 23:40:09.317,1.18412,1.18417,9.39,8.61
2020.09.03 23:40:09.418,1.18413,1.18417,9.39,13.19
2020.09.03 23:40:09.520,1.18412,1.18417,3.00,8.61
2020.09.03 23:40:09.621,1.18413,1.18417,3.00,13.26
2020.09.03 23:40:13.460,1.18411,1.18418,8.90,13.26
2020.09.03 23:40:13.996,1.18412,1.18416,8.82,3.07
2020.09.03 23:40:14.098,1.18412,1.18417,6.39,3.07
2020.09.03 23:40:15.040,1.18411,1.18417,8.82,8.69
2020.09.03 23:40:15.613,1.18412,1.18417,6.39,0.10
2020.09.03 23:40:16.429,1.18411,1.18417,8.82,9.44
2020.09.03 23:40:18.254,1.18413,1.18416,6.39,0.82
2020.09.03 23:40:20.540,1.18411,1.18417,7.89,9.63
2020.09.03 23:40:26.693,1.18411,1.18415,7.51,0.75
2020.09.03 23:40:31.427,1.18411,1.18416,6.57,3.82
2020.09.03 23:40:32.073,1.18411,1.18415,0.19,0.75
2020.09.03 23:40:32.175,1.18411,1.18416,6.57,10.49
2020.09.03 23:40:32.276,1.18412,1.18416,3.00,1.87
2020.09.03 23:40:34.309,1.18414,1.18417,0.10,9.74
2020.09.03 23:40:34.410,1.18414,1.18418,10.40,0.82
2020.09.03 23:40:34.511,1.18415,1.18418,6.39,0.75
2020.09.03 23:40:35.119,1.18414,1.18418,9.46,0.75
2020.09.03 23:40:36.388,1.18415,1.18418,6.39,0.75
2020.09.03 23:40:36.598,1.18414,1.18418,9.46,0.75
2020.09.03 23:40:37.096,1.18416,1.18417,6.39,0.75
2020.09.03 23:40:37.336,1.18415,1.18417,9.46,0.75
2020.09.03 23:40:37.881,1.18415,1.18418,6.39,0.75
2020.09.03 23:40:39.816,1.18415,1.18417,9.46,0.75
2020.09.03 23:40:39.938,1.18416,1.18418,6.39,0.75
2020.09.03 23:40:40.401,1.18415,1.18418,6.39,0.75
2020.09.03 23:40:42.229,1.18416,1.18418,6.39,1.87
2020.09.03 23:40:43.120,1.18415,1.18418,6.39,0.75
2020.09.03 23:40:48.194,1.18416,1.18418,6.39,1.12
2020.09.03 23:40:53.335,1.18413,1.18418,18.20,0.75
2020.09.03 23:40:53.955,1.18413,1.18418,10.14,1.12
2020.09.03 23:40:54.056,1.18413,1.18417,6.39,1.20
2020.09.03 23:40:54.158,1.18412,1.18417,0.75,4.20
2020.09.03 23:40:54.413,1.18413,1.18417,6.39,1.12
2020.09.03 23:40:54.518,1.18413,1.18416,7.21,1.12
2020.09.03 23:41:00.102,1.18412,1.18418,12.65,12.81
2020.09.03 23:41:00.204,1.18414,1.18417,6.39,1.12
2020.09.03 23:41:00.305,1.18414,1.18418,6.39,1.12
2020.09.03 23:41:00.407,1.18414,1.18419,6.46,8.61
2020.09.03 23:41:00.508,1.18413,1.18419,7.51,1.12
2020.09.03 23:41:00.610,1.18414,1.18417,10.51,0.75
2020.09.03 23:41:05.157,1.18415,1.18417,0.10,0.75
2020.09.03 23:41:09.781,1.18413,1.18418,10.21,0.75
2020.09.03 23:41:10.775,1.18414,1.18418,0.10,0.75
2020.09.03 23:41:11.431,1.18414,1.18419,0.82,1.12
2020.09.03 23:41:13.800,1.18415,1.18419,3.08,0.37
2020.09.03 23:41:13.902,1.18417,1.18419,0.10,1.87
2020.09.03 23:41:26.786,1.18417,1.1842,0.10,0.37
2020.09.03 23:41:26.887,1.18417,1.18421,3.08,0.37
2020.09.03 23:41:29.189,1.18419,1.18421,0.10,0.37
2020.09.03 23:41:29.240,1.18419,1.18423,0.10,12.93
2020.09.03 23:41:29.342,1.1842,1.18423,6.39,0.75
2020.09.03 23:41:30.434,1.18421,1.18423,6.39,0.75
2020.09.03 23:41:30.695,1.1842,1.18423,6.39,0.75
2020.09.03 23:41:31.113,1.18421,1.18424,7.21,4.31
2020.09.03 23:41:32.960,1.1842,1.18424,6.39,1.12
2020.09.03 23:41:33.063,1.18419,1.18424,7.21,10.49
2020.09.03 23:41:41.682,1.1842,1.18424,6.39,1.12
2020.09.03 23:41:41.783,1.18419,1.18424,7.21,1.12
2020.09.03 23:41:42.152,1.18421,1.18423,0.10,0.75
2020.09.03 23:41:42.254,1.1842,1.18425,0.10,0.19
2020.09.03 23:41:42.355,1.18419,1.18425,10.21,0.26
2020.09.03 23:41:42.824,1.18419,1.18424,10.21,1.12
2020.09.03 23:41:43.507,1.18419,1.18423,10.21,1.87
2020.09.03 23:42:09.741,1.18421,1.18423,0.75,1.50
2020.09.03 23:42:10.200,1.1842,1.18422,0.75,1.87
2020.09.03 23:42:12.704,1.18419,1.18424,1.01,4.12
2020.09.03 23:42:12.805,1.18422,1.18425,0.10,1.95
2020.09.03 23:42:15.566,1.18421,1.18425,0.10,1.87
2020.09.03 23:42:16.426,1.18423,1.18425,0.10,1.12
2020.09.03 23:42:16.686,1.18423,1.18426,0.10,0.37
2020.09.03 23:42:16.789,1.18425,1.18426,0.10,0.37
2020.09.03 23:42:17.360,1.18423,1.18427,0.83,1.87
2020.09.03 23:42:17.463,1.18422,1.18427,0.10,1.87
2020.09.03 23:42:20.468,1.18422,1.18426,0.10,0.37
2020.09.03 23:42:22.749,1.18422,1.18425,0.26,1.20
2020.09.03 23:42:27.512,1.18423,1.18425,0.10,1.12
2020.09.03 23:42:32.273,1.18422,1.18424,6.39,1.95
2020.09.03 23:42:32.375,1.1842,1.18425,0.82,1.95
2020.09.03 23:42:32.476,1.1842,1.18424,0.10,0.37
2020.09.03 23:42:33.947,1.18421,1.18422,0.10,0.37
2020.09.03 23:42:35.034,1.1842,1.18422,0.82,0.37
2020.09.03 23:42:39.313,1.18417,1.18421,0.82,0.75
2020.09.03 23:42:50.794,1.18416,1.18421,7.96,1.20
2020.09.03 23:42:51.784,1.18417,1.18421,0.10,1.12
2020.09.03 23:42:58.490,1.18419,1.1842,0.10,1.12
2020.09.03 23:42:58.592,1.18419,1.18422,0.10,0.37
2020.09.03 23:42:58.693,1.18419,1.18424,0.26,8.61
2020.09.03 23:42:58.795,1.1842,1.18424,0.19,9.06
2020.09.03 23:42:58.897,1.18419,1.18424,0.19,10.49
2020.09.03 23:43:14.698,1.1842,1.18422,0.19,0.10
2020.09.03 23:43:15.165,1.18419,1.18424,0.10,8.76
2020.09.03 23:43:16.868,1.18419,1.18423,0.10,1.12
2020.09.03 23:43:23.241,1.18421,1.18423,0.10,0.37
2020.09.03 23:43:23.494,1.18421,1.18424,0.10,0.37
2020.09.03 23:43:23.596,1.18422,1.18424,0.10,1.87
2020.09.03 23:43:24.155,1.1842,1.18425,9.46,1.87
2020.09.03 23:43:24.308,1.18419,1.18424,6.84,1.50
2020.09.03 23:43:26.504,1.18418,1.18424,7.40,11.20
2020.09.03 23:43:26.605,1.18418,1.18423,1.01,0.10
2020.09.03 23:43:26.727,1.18418,1.18424,1.01,2.59
2020.09.03 23:43:26.828,1.18419,1.18424,0.10,1.95
2020.09.03 23:43:31.391,1.18418,1.18424,7.40,2.21
2020.09.03 23:43:32.129,1.1842,1.18423,0.10,1.12
2020.09.03 23:43:32.283,1.18418,1.18424,8.15,1.65
2020.09.03 23:43:32.848,1.18421,1.18423,0.10,1.20
2020.09.03 23:43:33.001,1.18422,1.18425,0.10,1.87
2020.09.03 23:43:35.022,1.18421,1.18425,0.10,1.87
2020.09.03 23:43:35.174,1.18419,1.18424,7.14,0.37
2020.09.03 23:43:37.507,1.18419,1.18423,10.40,0.45
2020.09.03 23:43:39.085,1.18419,1.18422,7.32,8.61
2020.09.03 23:43:39.186,1.18419,1.18421,1.01,0.37
2020.09.03 23:43:39.288,1.18419,1.1842,0.26,1.69
2020.09.03 23:43:39.441,1.18417,1.18421,0.82,1.50
2020.09.03 23:43:46.849,1.18416,1.18421,4.76,1.20
2020.09.03 23:43:49.018,1.18418,1.18421,0.10,1.12
2020.09.03 23:43:49.170,1.18418,1.18421,1.50,0.37
2020.09.03 23:43:49.221,1.1842,1.18423,0.10,0.37
2020.09.03 23:43:49.626,1.18421,1.18423,6.39,0.37
2020.09.03 23:43:49.727,1.18422,1.18423,6.39,0.37
2020.09.03 23:43:51.303,1.1842,1.18424,6.46,0.37
2020.09.03 23:44:00.684,1.18421,1.18424,0.10,0.37
2020.09.03 23:44:01.369,1.18422,1.18425,0.10,0.37
2020.09.03 23:44:06.714,1.18422,1.18424,6.46,0.37
2020.09.03 23:44:10.584,1.18422,1.18426,0.10,1.87
2020.09.03 23:44:19.448,1.18421,1.18423,10.21,1.50
2020.09.03 23:44:19.600,1.1842,1.18425,7.96,1.87
2020.09.03 23:44:19.702,1.18422,1.18425,0.10,1.87
2020.09.03 23:44:24.536,1.18422,1.18424,6.46,1.87
2020.09.03 23:44:28.782,1.18422,1.18426,0.10,1.12
2020.09.03 23:44:30.650,1.18421,1.18426,0.26,1.20
2020.09.03 23:44:46.657,1.18423,1.18425,3.00,1.20
2020.09.03 23:44:48.785,1.18421,1.18426,0.10,1.20
2020.09.03 23:44:53.471,1.18423,1.18425,1.76,1.12
2020.09.03 23:44:53.578,1.18424,1.18427,0.10,0.37
2020.09.03 23:44:53.782,1.18423,1.18429,6.46,11.43
2020.09.03 23:45:01.482,1.18423,1.18429,3.26,1.12
2020.09.03 23:45:01.532,1.18423,1.18429,1.76,1.12
2020.09.03 23:45:07.898,1.18424,1.18429,6.39,1.20
2020.09.03 23:45:08.951,1.18424,1.18428,7.32,9.81
2020.09.03 23:45:09.832,1.18423,1.18428,7.32,0.37
2020.09.03 23:45:15.430,1.18424,1.18426,6.57,1.50
2020.09.03 23:45:15.532,1.18422,1.18427,7.69,1.95
2020.09.03 23:45:15.785,1.18422,1.18425,6.39,0.75
2020.09.03 23:45:15.836,1.1842,1.18425,4.01,0.75
2020.09.03 23:45:15.938,1.18419,1.18424,7.14,0.37
2020.09.03 23:45:18.011,1.1842,1.18424,6.39,0.37
2020.09.03 23:45:18.413,1.18419,1.18424,7.14,0.37
2020.09.03 23:45:20.228,1.18419,1.18423,0.82,1.12
2020.09.03 23:45:25.283,1.1842,1.18424,0.10,1.12
2020.09.03 23:45:25.536,1.18419,1.18424,8.71,0.37
2020.09.03 23:45:25.638,1.1842,1.18424,6.39,0.37
2020.09.03 23:45:25.955,1.1842,1.18423,8.71,0.37
2020.09.03 23:45:26.246,1.1842,1.18424,6.39,0.37
2020.09.03 23:45:26.347,1.1842,1.18425,6.46,0.75
2020.09.03 23:45:26.449,1.18421,1.18426,0.19,1.87
2020.09.03 23:45:28.037,1.18422,1.18424,6.39,1.12
2020.09.03 23:45:28.139,1.18419,1.18423,7.14,0.10
2020.09.03 23:45:28.241,1.1842,1.18423,0.82,1.87
2020.09.03 23:45:28.447,1.18421,1.18423,6.39,1.87
2020.09.03 23:45:28.703,1.18419,1.18424,0.82,1.87
2020.09.03 23:45:30.944,1.18419,1.18423,0.82,0.75
2020.09.03 23:45:32.416,1.18419,1.18422,7.40,0.75
2020.09.03 23:45:33.885,1.1842,1.18423,1.57,0.75
2020.09.03 23:45:34.086,1.18421,1.18424,1.57,4.87
2020.09.03 23:45:34.188,1.18419,1.18424,8.82,1.12
2020.09.03 23:45:34.497,1.1842,1.18424,6.39,1.12
2020.09.03 23:45:34.985,1.18422,1.18423,0.10,1.12
2020.09.03 23:45:35.351,1.18422,1.18424,6.39,1.12
2020.09.03 23:45:36.238,1.1842,1.18424,6.39,1.12
2020.09.03 23:45:36.427,1.18422,1.18423,6.39,0.75
2020.09.03 23:45:42.121,1.18421,1.18425,6.46,1.12
2020.09.03 23:45:42.274,1.18421,1.18426,7.40,1.87
2020.09.03 23:45:42.379,1.18422,1.18426,0.10,1.87
2020.09.03 23:45:42.687,1.18422,1.18425,8.07,1.95
2020.09.03 23:45:43.145,1.18422,1.18426,6.39,1.95
2020.09.03 23:45:43.916,1.18421,1.18426,7.40,1.87
2020.09.03 23:45:44.902,1.18421,1.18425,7.32,0.10
2020.09.03 23:45:45.341,1.18421,1.18426,7.32,1.95
2020.09.03 23:45:45.443,1.18422,1.18426,6.39,1.95
2020.09.03 23:45:45.629,1.18423,1.18425,6.39,1.87
2020.09.03 23:45:45.731,1.18422,1.18426,7.32,0.37
2020.09.03 23:45:46.005,1.18424,1.18426,0.10,0.37
2020.09.03 23:45:46.232,1.18423,1.18426,0.10,0.37
2020.09.03 23:45:47.085,1.18422,1.18426,7.32,0.37
2020.09.03 23:45:47.592,1.18423,1.18426,6.39,0.37
2020.09.03 23:45:48.186,1.18424,1.18426,6.49,1.87
2020.09.03 23:45:49.285,1.18423,1.18426,6.39,0.37
2020.09.03 23:45:51.467,1.18422,1.18426,0.10,1.12
2020.09.03 23:46:00.105,1.18423,1.18424,6.39,0.10
2020.09.03 23:46:00.156,1.1842,1.18425,6.46,1.20
2020.09.03 23:46:00.789,1.18421,1.18425,0.10,10.49
2020.09.03 23:46:02.129,1.18421,1.18424,0.10,0.75
2020.09.03 23:46:02.282,1.18422,1.18425,0.10,1.87
2020.09.03 23:46:04.353,1.18422,1.18424,0.10,1.87
2020.09.03 23:46:04.405,1.18421,1.18422,6.46,0.75
2020.09.03 23:46:04.964,1.1842,1.18422,9.65,1.12
2020.09.03 23:46:06.348,1.1842,1.18423,0.10,1.87
2020.09.03 23:46:06.450,1.18421,1.18423,0.10,1.12
2020.09.03 23:46:08.735,1.1842,1.18423,6.46,0.37
2020.09.03 23:46:10.293,1.1842,1.18424,3.07,1.12
2020.09.03 23:46:10.395,1.18421,1.18424,0.10,0.37
2020.09.03 23:46:12.815,1.18422,1.18424,6.46,1.87
2020.09.03 23:46:48.584,1.1842,1.18422,1.31,1.57
2020.09.03 23:46:48.686,1.18417,1.18421,7.95,1.50
2020.09.03 23:46:48.788,1.18417,1.1842,7.57,1.20
2020.09.03 23:46:49.635,1.18416,1.18419,0.10,0.45
2020.09.03 23:46:49.840,1.18415,1.18418,6.46,0.45
2020.09.03 23:46:49.941,1.18412,1.18417,11.52,0.82
2020.09.03 23:46:50.043,1.18412,1.18416,6.46,10.19
2020.09.03 23:46:54.314,1.18411,1.18416,0.82,2.32
2020.09.03 23:46:54.415,1.18411,1.18415,0.82,0.75
2020.09.03 23:46:54.517,1.18412,1.18413,0.75,8.99
2020.09.03 23:47:08.791,1.18411,1.18416,1.76,10.56
2020.09.03 23:47:10.876,1.18411,1.18415,1.69,9.36
2020.09.03 23:47:11.487,1.18411,1.18414,1.76,8.61
2020.09.03 23:47:11.760,1.18411,1.18415,1.76,8.61
2020.09.03 23:47:11.861,1.18411,1.18416,1.76,10.94
2020.09.03 23:47:11.962,1.18411,1.18415,1.76,8.61
2020.09.03 23:47:12.541,1.18411,1.18414,1.01,9.81
2020.09.03 23:47:12.643,1.18411,1.18413,0.94,9.06
2020.09.03 23:47:12.948,1.1841,1.18415,0.94,11.01
2020.09.03 23:47:13.454,1.1841,1.18414,0.94,0.10
2020.09.03 23:47:13.966,1.1841,1.18415,0.94,5.40
2020.09.03 23:47:15.055,1.1841,1.18414,0.94,0.10
2020.09.03 23:47:15.262,1.18406,1.18411,0.10,1.87
2020.09.03 23:47:15.516,1.18405,1.18411,7.96,11.01
2020.09.03 23:47:15.617,1.18406,1.1841,0.10,1.20
2020.09.03 23:47:18.169,1.18406,1.18408,6.39,0.75
2020.09.03 23:47:18.270,1.18405,1.18408,6.46,14.13
2020.09.03 23:47:18.321,1.18403,1.18407,0.10,8.61
2020.09.03 23:47:18.524,1.18403,1.18405,0.10,8.61
2020.09.03 23:47:18.628,1.18403,1.18406,0.10,8.61
2020.09.03 23:47:18.882,1.18404,1.18406,0.10,13.94
2020.09.03 23:47:19.195,1.18403,1.18406,0.10,8.61
2020.09.03 23:47:19.297,1.18403,1.18405,0.10,8.61
2020.09.03 23:47:19.399,1.18402,1.18407,0.26,14.01
2020.09.03 23:47:19.632,1.18402,1.18406,0.10,9.36
2020.09.03 23:47:19.684,1.18401,1.18403,8.52,0.75
2020.09.03 23:47:19.787,1.18399,1.18403,6.39,0.75
2020.09.03 23:47:21.317,1.18398,1.18403,0.10,1.20
2020.09.03 23:47:21.419,1.18397,1.18402,1.76,9.81
2020.09.03 23:47:21.520,1.18397,1.184,1.01,8.61
2020.09.03 23:47:21.622,1.18397,1.18401,7.40,9.06
2020.09.03 23:47:24.609,1.18397,1.184,8.15,0.37
2020.09.03 23:47:24.761,1.18397,1.18401,6.39,0.45
2020.09.03 23:47:24.968,1.18396,1.18401,8.15,0.45
2020.09.03 23:47:25.464,1.18396,1.184,8.15,0.10
2020.09.03 23:47:25.917,1.18397,1.184,8.15,2.32
2020.09.03 23:47:26.436,1.18397,1.184,0.37,0.10
2020.09.03 23:47:27.063,1.18398,1.184,0.37,2.32
2020.09.03 23:47:27.216,1.18398,1.18399,0.37,1.50
2020.09.03 23:47:27.728,1.18396,1.184,7.59,1.95
2020.09.03 23:47:27.880,1.18398,1.18399,1.12,1.50
2020.09.03 23:47:27.982,1.18398,1.184,0.75,1.50
2020.09.03 23:47:28.033,1.184,1.18402,0.37,10.49
2020.09.03 23:47:28.135,1.18401,1.18403,0.37,1.87
2020.09.03 23:47:28.237,1.18401,1.18404,0.10,1.87
2020.09.03 23:47:28.389,1.18399,1.18404,8.15,2.32
2020.09.03 23:47:31.016,1.184,1.18402,8.15,0.10
2020.09.03 23:47:31.118,1.184,1.18404,2.51,10.94
2020.09.03 23:47:31.220,1.18401,1.18404,0.10,1.87
2020.09.03 23:47:31.528,1.18402,1.18404,0.37,1.50
2020.09.03 23:47:31.630,1.18401,1.18404,0.10,1.87
2020.09.03 23:47:47.205,1.184,1.18404,7.21,1.87
2020.09.03 23:47:47.308,1.184,1.18403,0.10,8.61
2020.09.03 23:47:47.409,1.184,1.18404,6.46,10.94
2020.09.03 23:47:47.510,1.18401,1.18404,0.10,10.49
2020.09.03 23:47:49.554,1.184,1.18404,0.10,1.87
2020.09.03 23:47:52.711,1.18399,1.18404,7.40,10.94
2020.09.03 23:47:52.821,1.18398,1.18402,6.65,1.50
2020.09.03 23:47:57.072,1.18399,1.18402,6.39,1.87
2020.09.03 23:47:58.455,1.18398,1.18402,7.02,1.87
2020.09.03 23:47:59.729,1.18399,1.18402,6.39,1.87
2020.09.03 23:47:59.831,1.18399,1.18401,6.65,1.12
2020.09.03 23:48:03.180,1.18401,1.18403,0.10,1.12
2020.09.03 23:48:03.282,1.18401,1.18404,0.10,0.75
2020.09.03 23:48:04.591,1.18402,1.18404,6.39,0.75
2020.09.03 23:48:04.896,1.18402,1.18403,6.46,0.75
2020.09.03 23:48:06.187,1.18401,1.18402,1.39,0.37
2020.09.03 23:48:08.585,1.18401,1.18404,0.10,1.87
2020.09.03 23:48:13.489,1.18402,1.18404,0.10,1.87
2020.09.03 23:48:14.071,1.18402,1.18403,6.84,1.50
2020.09.03 23:48:18.478,1.18403,1.18405,0.10,0.45
2020.09.03 23:48:18.631,1.18404,1.18405,0.10,1.87
2020.09.03 23:48:28.645,1.18403,1.18405,7.77,1.12
2020.09.03 23:48:28.774,1.18403,1.18406,6.39,1.12
2020.09.03 23:48:29.435,1.18402,1.18406,7.77,1.12
2020.09.03 23:48:31.406,1.18404,1.18405,0.37,0.75
2020.09.03 23:48:32.931,1.18402,1.18405,7.40,0.37
2020.09.03 23:48:35.380,1.18403,1.18406,0.10,0.37
2020.09.03 23:48:35.481,1.18403,1.18405,0.10,0.37
2020.09.03 23:48:36.602,1.18403,1.18406,0.10,1.87
2020.09.03 23:48:40.497,1.18402,1.18406,1.39,1.87
2020.09.03 23:48:43.287,1.18403,1.18406,0.37,1.50
2020.09.03 23:48:45.322,1.18402,1.18403,0.26,1.12
2020.09.03 23:48:45.526,1.184,1.18404,6.95,1.12
2020.09.03 23:48:45.678,1.18401,1.18404,0.10,9.74
2020.09.03 23:48:47.445,1.184,1.18404,0.10,1.12
2020.09.03 23:48:48.587,1.18399,1.18404,7.77,1.12
2020.09.03 23:48:49.686,1.184,1.18404,0.10,1.12
2020.09.03 23:48:50.506,1.184,1.18403,0.10,1.57
2020.09.03 23:48:53.222,1.18402,1.18404,0.37,3.90
2020.09.03 23:48:53.482,1.18399,1.18404,7.32,1.20
2020.09.03 23:48:55.563,1.184,1.18404,0.37,1.20
2020.09.03 23:48:57.993,1.18399,1.18404,10.32,2.32
2020.09.03 23:49:00.012,1.18399,1.18403,0.94,0.75
2020.09.03 23:49:04.771,1.184,1.18403,0.10,0.75
2020.09.03 23:49:04.974,1.18399,1.18403,0.10,0.75
2020.09.03 23:49:05.126,1.184,1.18403,0.10,0.75
2020.09.03 23:49:06.185,1.18399,1.18403,0.10,3.75
2020.09.03 23:49:06.289,1.18398,1.18403,0.10,13.19
2020.09.03 23:49:07.285,1.184,1.18402,0.10,4.50
2020.09.03 23:49:08.385,1.18399,1.18402,0.10,4.57
2020.09.03 23:49:08.886,1.18399,1.18401,0.10,0.37
2020.09.03 23:49:09.016,1.184,1.18402,0.82,13.49
2020.09.03 23:49:09.118,1.184,1.18404,0.10,13.94
2020.09.03 23:49:09.485,1.18401,1.18404,0.10,1.87
2020.09.03 23:49:10.530,1.18402,1.18404,0.10,13.23
2020.09.03 23:49:10.631,1.18401,1.18404,0.10,12.81
2020.09.03 23:49:10.732,1.184,1.18404,0.10,8.61
2020.09.03 23:49:11.120,1.184,1.18405,0.10,13.19
2020.09.03 23:49:11.685,1.18402,1.18404,0.10,13.19
2020.09.03 23:49:12.814,1.18401,1.18404,0.10,13.19
2020.09.03 23:49:13.933,1.18401,1.18405,0.10,13.19
2020.09.03 23:49:14.440,1.184,1.18405,0.10,13.23
2020.09.03 23:49:14.544,1.18399,1.18403,0.10,0.75
2020.09.03 23:49:14.646,1.18399,1.18401,0.10,8.61
2020.09.03 23:49:14.849,1.18399,1.18402,0.10,9.06
2020.09.03 23:49:15.002,1.18398,1.18402,0.10,9.06
2020.09.03 23:49:15.440,1.18398,1.18401,6.46,8.61
2020.09.03 23:49:15.694,1.18396,1.184,1.76,8.61
2020.09.03 23:49:15.795,1.18396,1.18401,0.10,14.35
2020.09.03 23:49:15.897,1.18396,1.184,0.10,0.10
2020.09.03 23:49:15.998,1.18396,1.18401,0.10,13.60
2020.09.03 23:49:16.121,1.18397,1.18401,0.10,13.60
2020.09.03 23:49:16.688,1.18396,1.18401,0.10,13.60
2020.09.03 23:49:17.248,1.18397,1.184,0.10,13.99
2020.09.03 23:49:18.160,1.18396,1.18399,0.10,8.61
2020.09.03 23:49:18.677,1.18396,1.18398,0.10,8.61
2020.09.03 23:49:19.661,1.18396,1.184,0.10,12.10
2020.09.03 23:49:21.417,1.18396,1.18398,8.90,8.61
2020.09.03 23:49:21.530,1.18395,1.18397,2.51,8.61
2020.09.03 23:49:21.966,1.18395,1.18399,8.90,8.61
2020.09.03 23:49:22.337,1.18397,1.18399,6.39,12.10
2020.09.03 23:49:22.815,1.18395,1.184,8.52,12.10
2020.09.03 23:49:35.844,1.18396,1.184,0.10,0.10
2020.09.03 23:49:35.945,1.18397,1.184,0.10,13.94
2020.09.03 23:49:36.046,1.18397,1.18399,0.10,3.00
2020.09.03 23:49:37.378,1.18397,1.184,1.76,11.61
2020.09.03 23:49:37.479,1.18399,1.18401,0.10,0.10
2020.09.03 23:49:37.581,1.184,1.18401,0.10,1.12
2020.09.03 23:49:37.682,1.18399,1.18401,0.10,8.61
2020.09.03 23:49:37.903,1.18399,1.18402,0.10,1.12
2020.09.03 23:49:38.376,1.18399,1.184,0.10,0.75
2020.09.03 23:49:38.477,1.18397,1.18401,1.01,9.36
2020.09.03 23:49:39.139,1.18397,1.184,0.10,8.61
2020.09.03 23:49:39.242,1.18397,1.18399,0.10,8.61
2020.09.03 23:49:39.344,1.18397,1.184,0.10,9.06
2020.09.03 23:49:39.446,1.18396,1.184,0.26,0.45
2020.09.03 23:49:45.346,1.18397,1.184,0.10,8.69
2020.09.03 23:49:45.448,1.18397,1.18401,0.82,12.81
2020.09.03 23:49:45.549,1.18398,1.18401,6.46,3.75
2020.09.03 23:49:46.324,1.18397,1.18401,1.39,0.75
2020.09.03 23:49:54.533,1.184,1.18401,0.10,9.44
2020.09.03 23:49:54.635,1.18402,1.18403,0.10,9.06
2020.09.03 23:49:54.738,1.184,1.18405,7.21,9.82
2020.09.03 23:49:54.840,1.18401,1.18405,0.10,1.95
2020.09.03 23:49:58.283,1.184,1.18405,10.40,2.32
2020.09.03 23:50:00.993,1.18399,1.18404,10.59,2.32
2020.09.03 23:50:01.145,1.184,1.18402,0.82,9.06
2020.09.03 23:50:01.953,1.18399,1.18402,0.10,0.45
2020.09.03 23:50:02.563,1.184,1.18402,0.10,13.94
2020.09.03 23:50:04.650,1.18398,1.18403,0.82,5.32
2020.09.03 23:50:12.644,1.18398,1.18402,0.82,0.45
2020.09.03 23:50:12.796,1.18397,1.18401,8.52,0.10
2020.09.03 23:50:12.897,1.18397,1.18402,8.52,12.06
2020.09.03 23:50:12.998,1.18398,1.184,8.52,8.61
2020.09.03 23:50:13.099,1.18397,1.18402,8.15,12.06
2020.09.03 23:50:13.470,1.18398,1.184,1.76,0.45
2020.09.03 23:50:15.602,1.18397,1.184,0.82,8.61
2020.09.03 23:50:15.792,1.18397,1.18401,0.82,10.19
2020.09.03 23:50:16.054,1.18397,1.184,0.82,8.61
2020.09.03 23:50:16.654,1.18397,1.18401,7.21,10.19
2020.09.03 23:50:16.984,1.18396,1.18401,7.21,10.19
2020.09.03 23:50:18.597,1.18397,1.18399,7.21,0.45
2020.09.03 23:50:18.877,1.18396,1.18399,0.82,8.61
2020.09.03 23:50:19.619,1.18396,1.184,7.21,9.06
2020.09.03 23:50:21.928,1.18397,1.184,0.82,13.19
2020.09.03 23:50:23.895,1.18397,1.18399,0.10,8.61
2020.09.03 23:50:27.230,1.18397,1.18398,0.10,8.61
2020.09.03 23:50:27.452,1.18397,1.18399,0.10,8.61
2020.09.03 23:50:28.138,1.18397,1.184,0.10,13.19
2020.09.03 23:50:28.741,1.18396,1.184,0.10,8.61
2020.09.03 23:50:29.167,1.18397,1.184,0.10,13.19
2020.09.03 23:50:30.439,1.18396,1.184,0.10,8.61
2020.09.03 23:50:30.770,1.18396,1.18401,0.10,13.19
2020.09.03 23:50:36.018,1.18396,1.184,6.39,0.10
2020.09.03 23:50:36.120,1.18395,1.184,11.34,8.61
2020.09.03 23:50:36.221,1.18396,1.184,11.34,13.45
2020.09.03 23:50:38.305,1.18397,1.184,0.10,13.00
2020.09.03 23:50:39.305,1.18397,1.18399,0.10,8.61
2020.09.03 23:50:40.292,1.18397,1.184,0.10,13.19
2020.09.03 23:50:55.522,1.18397,1.18398,7.14,9.36
2020.09.03 23:50:59.076,1.18395,1.18399,7.59,0.75
2020.09.03 23:50:59.667,1.18395,1.18398,0.75,0.75
2020.09.03 23:50:59.869,1.18394,1.18398,3.94,0.90
2020.09.03 23:51:05.256,1.18396,1.18397,0.45,8.61
2020.09.03 23:51:05.357,1.18396,1.18398,6.84,1.12
2020.09.03 23:51:07.495,1.18396,1.18399,6.39,0.75
2020.09.03 23:51:07.612,1.18396,1.18398,7.21,0.75
2020.09.03 23:51:15.288,1.18396,1.18399,6.39,9.36
2020.09.03 23:51:15.494,1.18395,1.18399,6.76,0.75
2020.09.03 23:51:23.254,1.18399,1.18401,3.00,9.44
2020.09.03 23:51:23.355,1.18403,1.18405,0.10,7.50
2020.09.03 23:51:23.508,1.18403,1.18407,1.01,1.20
2020.09.03 23:51:23.811,1.18403,1.18406,0.10,0.45
2020.09.03 23:51:24.384,1.18403,1.18407,0.10,12.81
2020.09.03 23:51:24.791,1.18402,1.18406,8.15,0.10
2020.09.03 23:51:30.400,1.18401,1.18406,9.65,1.27
2020.09.03 23:51:30.501,1.184,1.18405,6.46,5.02
2020.09.03 23:51:30.603,1.184,1.18403,0.10,0.75
2020.09.03 23:51:30.704,1.18399,1.18401,7.21,8.61
2020.09.03 23:51:30.806,1.18398,1.18402,7.21,9.81
2020.09.03 23:51:31.110,1.18399,1.184,0.10,0.10
2020.09.03 23:51:31.211,1.18397,1.18401,6.65,9.06
2020.09.03 23:51:31.802,1.18397,1.184,0.10,9.06
2020.09.03 23:51:32.694,1.18397,1.18399,0.26,9.06
2020.09.03 23:51:40.416,1.18396,1.18399,0.26,8.61
2020.09.03 23:51:40.618,1.18397,1.18399,0.26,8.61
2020.09.03 23:51:41.039,1.18397,1.184,6.65,13.26
2020.09.03 23:51:42.185,1.18396,1.184,6.65,8.61
2020.09.03 23:51:44.847,1.18397,1.184,0.26,13.26
2020.09.03 23:51:45.189,1.18396,1.184,0.26,8.61
2020.09.03 23:51:46.534,1.18397,1.184,0.26,13.26
2020.09.03 23:51:46.635,1.18397,1.18399,0.26,8.61
2020.09.03 23:51:47.880,1.18396,1.18399,0.26,3.00
2020.09.03 23:51:49.008,1.18397,1.18399,0.10,0.26
2020.09.03 23:51:49.164,1.18396,1.18399,0.10,3.00
2020.09.03 23:51:53.443,1.18395,1.184,0.10,10.08
2020.09.03 23:51:53.544,1.18395,1.18399,0.10,0.10
2020.09.03 23:51:54.454,1.18395,1.18398,0.10,8.61
2020.09.03 23:51:54.985,1.18395,1.18399,0.10,10.19
2020.09.03 23:52:06.747,1.18395,1.184,0.10,12.89
2020.09.03 23:52:10.424,1.18395,1.18399,5.51,12.81
2020.09.03 23:52:11.851,1.18394,1.18399,8.90,3.00
2020.09.03 23:52:13.098,1.18395,1.18399,0.10,3.00
2020.09.03 23:52:13.211,1.18395,1.184,0.10,9.89
2020.09.03 23:52:14.475,1.18395,1.18399,0.10,3.00
2020.09.03 23:52:14.828,1.18395,1.184,0.10,9.89
2020.09.03 23:52:27.233,1.18395,1.18399,0.10,0.10
2020.09.03 23:52:29.472,1.18396,1.18399,0.10,9.06
2020.09.03 23:52:29.574,1.18397,1.184,0.82,13.83
2020.09.03 23:52:33.614,1.184,1.18401,3.75,9.06
2020.09.03 23:52:33.716,1.18402,1.18403,0.10,8.61
2020.09.03 23:52:33.817,1.18402,1.18404,0.10,9.36
2020.09.03 23:52:36.403,1.18401,1.18406,0.82,12.63
2020.09.03 23:52:37.723,1.18402,1.18407,4.57,10.38
2020.09.03 23:52:37.876,1.18402,1.18406,1.12,3.00
2020.09.03 23:52:43.649,1.18401,1.18406,1.39,3.00
2020.09.03 23:52:43.751,1.18401,1.18405,7.51,0.52
2020.09.03 23:52:43.852,1.184,1.18404,6.76,4.39
2020.09.03 23:52:43.903,1.18398,1.18403,0.82,8.61
2020.09.03 23:52:44.156,1.18398,1.18402,0.82,8.61
2020.09.03 23:52:44.459,1.18398,1.18403,0.75,12.33
2020.09.03 23:52:46.488,1.18396,1.184,6.76,0.75
2020.09.03 23:52:46.641,1.18397,1.18401,0.10,12.81
2020.09.03 23:52:49.291,1.18398,1.18399,0.10,8.61
2020.09.03 23:52:49.525,1.18397,1.18401,0.10,9.81
2020.09.03 23:53:10.614,1.18398,1.18402,0.10,1.20
2020.09.03 23:53:10.716,1.184,1.18401,0.10,1.12
2020.09.03 23:53:11.650,1.18398,1.18402,6.46,0.75
2020.09.03 23:53:14.171,1.18399,1.18402,6.39,0.75
2020.09.03 23:53:14.469,1.18398,1.18402,6.46,0.75
2020.09.03 23:53:15.870,1.18398,1.18401,7.21,0.75
2020.09.03 23:53:15.971,1.18398,1.18402,6.39,0.82
2020.09.03 23:53:16.072,1.18398,1.18401,7.21,1.20
2020.09.03 23:53:21.249,1.18397,1.18401,10.14,0.10
2020.09.03 23:53:21.401,1.18397,1.18402,10.14,1.65
2020.09.03 23:53:21.729,1.18397,1.18401,10.14,0.10
2020.09.03 23:53:21.899,1.18398,1.18401,10.14,1.65
2020.09.03 23:53:25.834,1.18397,1.18401,10.14,0.10
2020.09.03 23:53:27.814,1.18396,1.18401,9.39,0.90
2020.09.03 23:53:28.916,1.18395,1.18401,10.02,1.27
2020.09.03 23:53:31.175,1.18397,1.184,6.46,1.20
2020.09.03 23:53:33.087,1.18395,1.18401,7.21,14.58
2020.09.03 23:53:33.188,1.18397,1.18399,9.39,0.45
2020.09.03 23:53:35.157,1.18397,1.184,9.46,2.51
2020.09.03 23:53:47.852,1.18397,1.18399,9.46,0.10
2020.09.03 23:53:47.953,1.18396,1.18401,9.46,1.84
2020.09.03 23:54:23.393,1.18396,1.184,6.46,0.10
2020.09.03 23:54:23.496,1.18395,1.18399,6.39,0.90
2020.09.03 23:54:23.598,1.18394,1.184,10.21,14.95
2020.09.03 23:54:23.700,1.18395,1.18399,6.39,0.10
2020.09.03 23:54:23.854,1.18396,1.18399,6.39,5.40
2020.09.03 23:54:23.963,1.18394,1.184,7.40,5.40
2020.09.03 23:54:25.422,1.18395,1.184,6.39,12.81
2020.09.03 23:54:25.523,1.18397,1.18399,0.10,8.61
2020.09.03 23:54:25.625,1.18397,1.184,0.10,13.94
2020.09.03 23:54:28.407,1.18395,1.18401,7.21,5.40
2020.09.03 23:54:29.956,1.18396,1.18401,6.39,5.59
2020.09.03 23:54:30.458,1.18395,1.18401,7.21,5.59
2020.09.03 23:54:32.927,1.18396,1.18401,6.39,5.59
2020.09.03 23:54:33.243,1.18397,1.18401,6.39,5.59
2020.09.03 23:54:34.628,1.18397,1.184,6.39,2.59
2020.09.03 23:54:34.908,1.18396,1.184,6.39,0.10
2020.09.03 23:54:35.009,1.18396,1.18399,7.14,0.10
2020.09.03 23:54:35.111,1.18395,1.18401,7.21,4.84
2020.09.03 23:54:35.212,1.18396,1.18401,6.39,4.84
2020.09.03 23:54:35.403,1.18396,1.184,6.39,0.10
2020.09.03 23:54:36.010,1.18395,1.184,6.46,0.10
2020.09.03 23:54:36.111,1.18395,1.18401,6.46,14.20
2020.09.03 23:54:36.612,1.18396,1.18401,6.39,14.20
2020.09.03 23:54:37.548,1.18396,1.184,6.46,14.20
2020.09.03 23:54:38.368,1.18395,1.18396,6.39,0.75
2020.09.03 23:54:38.470,1.18394,1.18395,7.50,0.75
2020.09.03 23:54:38.571,1.18392,1.18396,7.14,1.20
2020.09.03 23:54:39.116,1.18392,1.18397,9.65,9.44
2020.09.03 23:54:39.167,1.18395,1.18397,0.10,0.45
2020.09.03 23:54:39.269,1.18394,1.18398,6.46,0.45
2020.09.03 23:54:40.010,1.18394,1.18397,0.10,8.61
2020.09.03 23:54:40.380,1.18395,1.18397,0.10,9.06
2020.09.03 23:54:40.899,1.18393,1.18398,3.82,9.81
2020.09.03 23:54:41.001,1.18393,1.18397,0.75,0.45
2020.09.03 23:54:41.103,1.18395,1.18396,6.39,0.45
2020.09.03 23:54:41.205,1.18393,1.18397,0.75,0.45
2020.09.03 23:54:42.345,1.18392,1.18396,6.39,0.45
2020.09.03 23:54:42.447,1.18391,1.18396,8.90,9.06
2020.09.03 23:54:44.468,1.18392,1.18396,6.39,9.06
2020.09.03 23:54:45.073,1.18392,1.18395,7.21,9.06
2020.09.03 23:54:49.948,1.18393,1.18395,6.39,9.06
2020.09.03 23:54:50.302,1.18391,1.18396,7.21,9.06
2020.09.03 23:54:59.916,1.18392,1.18394,6.39,0.94
2020.09.03 23:55:00.018,1.1839,1.18394,6.46,0.45
2020.09.03 23:55:00.632,1.18391,1.18394,0.10,0.10
2020.09.03 23:55:00.733,1.18391,1.18395,0.10,4.57
2020.09.03 23:55:02.965,1.18391,1.18396,6.46,9.81
2020.09.03 23:55:03.066,1.18392,1.18396,6.39,1.20
2020.09.03 23:55:03.582,1.18391,1.18396,6.46,1.20
2020.09.03 23:55:04.554,1.18391,1.18395,6.46,0.10
2020.09.03 23:55:04.656,1.18391,1.18396,0.10,9.81
2020.09.03 23:55:04.762,1.18391,1.18395,6.46,8.61
2020.09.03 23:55:04.914,1.18392,1.18395,6.46,12.81
2020.09.03 23:55:06.979,1.18392,1.18394,0.10,0.45
2020.09.03 23:55:07.565,1.1839,1.18395,10.59,9.06
2020.09.03 23:55:07.806,1.18391,1.18395,0.10,9.06
2020.09.03 23:55:08.161,1.1839,1.18395,7.59,8.61
2020.09.03 23:55:08.745,1.18391,1.18395,0.10,9.06
2020.09.03 23:55:08.867,1.18391,1.18394,0.10,8.61
2020.09.03 23:55:09.249,1.18391,1.18395,6.46,9.06
2020.09.03 23:55:09.470,1.18392,1.18393,6.46,8.61
2020.09.03 23:55:11.482,1.18391,1.18395,6.46,9.44
2020.09.03 23:55:11.964,1.1839,1.18395,9.09,0.37
2020.09.03 23:55:12.157,1.1839,1.18396,8.34,13.08
2020.09.03 23:55:12.655,1.18392,1.18395,6.39,13.08
2020.09.03 23:55:15.779,1.18393,1.18395,0.10,1.20
2020.09.03 23:55:15.935,1.18392,1.18397,0.10,13.38
2020.09.03 23:55:17.791,1.18391,1.18396,10.21,0.10
2020.09.03 23:55:20.383,1.18392,1.18396,6.39,0.45
2020.09.03 23:55:20.485,1.18391,1.18396,6.46,0.45
2020.09.03 23:55:23.780,1.18392,1.18394,6.39,0.10
2020.09.03 23:55:24.310,1.1839,1.18395,13.77,0.10
2020.09.03 23:55:25.311,1.18391,1.18395,6.39,0.10
2020.09.03 23:55:26.311,1.18391,1.18396,6.39,1.84
2020.09.03 23:55:26.413,1.1839,1.18395,10.96,0.45
2020.09.03 23:55:26.615,1.1839,1.18394,0.82,8.61
2020.09.03 23:55:27.938,1.1839,1.18393,7.40,1.20
2020.09.03 23:55:28.090,1.18391,1.18393,0.10,0.82
2020.09.03 23:55:28.497,1.18389,1.18394,7.40,9.81
2020.09.03 23:55:30.339,1.18388,1.18393,12.65,0.45
2020.09.03 23:55:30.595,1.18389,1.18393,1.01,0.10
2020.09.03 23:55:31.000,1.18391,1.18394,0.10,1.20
2020.09.03 23:55:31.152,1.1839,1.18393,7.40,1.20
2020.09.03 23:55:32.802,1.1839,1.18392,7.40,8.61
2020.09.03 23:55:33.542,1.18389,1.18392,0.10,8.61
2020.09.03 23:55:33.745,1.18389,1.18394,1.01,9.81
2020.09.03 23:55:33.846,1.18389,1.18393,1.01,0.45
2020.09.03 23:55:36.214,1.18389,1.18394,1.01,9.81
2020.09.03 23:55:37.029,1.18391,1.18393,0.10,1.20
2020.09.03 23:55:38.204,1.1839,1.18394,0.10,1.20
2020.09.03 23:55:38.306,1.18389,1.18394,7.40,1.20
2020.09.03 23:55:38.458,1.18391,1.18393,0.10,10.19
2020.09.03 23:55:38.560,1.18391,1.18393,0.10,9.81
2020.09.03 23:55:38.763,1.18391,1.18393,0.10,10.19
2020.09.03 23:55:40.622,1.18392,1.18393,0.10,0.10
2020.09.03 23:55:40.724,1.18391,1.18395,0.10,1.20
2020.09.03 23:55:45.289,1.18391,1.18394,7.21,1.20
2020.09.03 23:55:49.360,1.18392,1.18394,0.10,0.82
2020.09.03 23:55:57.866,1.1839,1.18395,11.71,1.20
2020.09.03 23:55:58.219,1.18391,1.18395,0.10,0.75
2020.09.03 23:55:59.476,1.18391,1.18394,8.71,1.20
2020.09.03 23:56:01.750,1.1839,1.18394,6.39,0.45
2020.09.03 23:56:02.161,1.1839,1.18395,0.10,4.69
2020.09.03 23:56:02.321,1.18389,1.18395,4.95,13.38
2020.09.03 23:56:02.422,1.1839,1.18393,10.77,9.36
2020.09.03 23:56:03.037,1.1839,1.18394,0.10,0.75
2020.09.03 23:56:05.722,1.1839,1.18393,4.39,0.75
2020.09.03 23:56:09.685,1.18392,1.18393,0.10,0.75
2020.09.03 23:56:11.582,1.18392,1.18394,0.10,0.10
2020.09.03 23:56:11.683,1.18392,1.18395,0.10,1.20
2020.09.03 23:56:12.986,1.1839,1.18395,0.10,0.82
2020.09.03 23:56:14.185,1.18391,1.18396,0.75,14.20
2020.09.03 23:56:16.722,1.18392,1.18394,0.75,0.94
2020.09.03 23:56:20.503,1.18391,1.18394,6.46,1.57
2020.09.03 23:56:23.885,1.18389,1.18394,10.96,0.75
2020.09.03 23:56:23.986,1.1839,1.18393,0.75,0.75
2020.09.03 23:56:24.088,1.1839,1.18394,1.76,8.61
2020.09.03 23:56:24.190,1.18392,1.18395,0.10,0.75
2020.09.03 23:56:26.265,1.18391,1.18395,9.46,0.75
2020.09.03 23:56:28.766,1.18391,1.18396,0.10,4.87
2020.09.03 23:56:37.794,1.1839,1.18395,7.40,0.10
2020.09.03 23:56:40.721,1.18392,1.18395,0.10,10.64
2020.09.03 23:56:41.805,1.18391,1.18395,0.10,8.61
2020.09.03 23:56:44.223,1.18391,1.18396,0.10,9.81
2020.09.03 23:56:45.951,1.18392,1.18396,0.10,1.12
2020.09.03 23:56:48.263,1.18392,1.18395,0.10,1.20
2020.09.03 23:57:01.035,1.18394,1.18395,0.75,0.37
2020.09.03 23:57:01.137,1.18393,1.18397,6.39,0.75
2020.09.03 23:57:01.238,1.18393,1.18396,7.96,0.75
2020.09.03 23:57:01.796,1.18393,1.18397,6.39,0.75
2020.09.03 23:57:02.468,1.18392,1.18397,0.10,10.19
2020.09.03 23:57:03.874,1.18392,1.18395,9.46,0.75
2020.09.03 23:57:05.886,1.18391,1.18394,6.46,2.62
2020.09.03 23:57:06.089,1.18391,1.18393,0.10,8.61
2020.09.03 23:57:06.191,1.18392,1.18394,0.10,2.70
2020.09.03 23:57:06.745,1.1839,1.18394,0.10,0.75
2020.09.03 23:57:06.846,1.18392,1.18394,0.10,10.94
2020.09.03 23:57:06.897,1.1839,1.18393,7.40,0.75
2020.09.03 23:57:07.049,1.18392,1.18393,0.10,0.75
2020.09.03 23:57:07.150,1.18392,1.18394,0.10,0.75
2020.09.03 23:57:07.944,1.18392,1.18395,0.10,10.56
2020.09.03 23:57:25.356,1.1839,1.18396,10.40,9.81
2020.09.03 23:57:27.113,1.1839,1.18395,10.40,8.61
2020.09.03 23:57:27.215,1.1839,1.18396,10.40,13.56
2020.09.03 23:57:28.714,1.18391,1.18396,0.10,13.49
2020.09.03 23:57:28.815,1.18394,1.18396,1.57,8.61
2020.09.03 23:57:28.866,1.18394,1.18399,11.90,1.12
2020.09.03 23:57:28.968,1.18396,1.18399,6.46,13.68
2020.09.03 23:57:29.635,1.18396,1.184,6.39,1.31
2020.09.03 23:57:30.347,1.18395,1.184,9.46,9.93
2020.09.03 23:57:37.592,1.18397,1.18399,6.39,1.39
2020.09.03 23:57:38.529,1.18395,1.184,9.39,1.39
2020.09.03 23:57:58.948,1.18395,1.18399,6.76,8.61
2020.09.03 23:58:00.376,1.18395,1.184,6.76,10.83
2020.09.03 23:58:03.233,1.18395,1.18399,10.21,0.75
2020.09.03 23:58:03.385,1.18394,1.18398,6.39,0.10
2020.09.03 23:58:03.487,1.18392,1.18396,8.15,0.75
2020.09.03 23:58:03.589,1.18392,1.18397,11.15,8.61
2020.09.03 23:58:03.690,1.18393,1.18396,0.75,0.75
2020.09.03 23:58:10.217,1.18393,1.18397,0.75,9.36
2020.09.03 23:58:10.622,1.18394,1.18398,0.10,10.49
2020.09.03 23:58:14.238,1.18395,1.18398,6.39,1.12
2020.09.03 23:58:17.945,1.18394,1.18398,6.46,1.12
2020.09.03 23:58:19.707,1.18396,1.18397,6.39,1.12
2020.09.03 23:58:20.470,1.18394,1.18398,6.46,1.12
2020.09.03 23:58:20.912,1.18395,1.18398,6.39,1.12
2020.09.03 23:58:22.970,1.18395,1.18397,6.39,1.95
2020.09.03 23:58:23.071,1.18394,1.18396,7.14,1.12
2020.09.03 23:58:32.685,1.18394,1.18395,0.75,0.10
2020.09.03 23:58:33.814,1.18393,1.18397,0.75,0.75
2020.09.03 23:58:34.889,1.18393,1.18396,0.75,0.10
2020.09.03 23:58:35.985,1.18393,1.18397,7.14,0.75
2020.09.03 23:58:37.085,1.18394,1.18395,7.14,0.10
2020.09.03 23:58:38.196,1.18393,1.18397,7.14,0.75
2020.09.03 23:58:39.285,1.18394,1.18395,7.14,0.10
2020.09.03 23:58:40.413,1.18394,1.18396,7.14,0.75
2020.09.03 23:58:41.522,1.18393,1.18396,7.14,0.10
2020.09.03 23:58:41.623,1.18395,1.18396,0.75,0.10
2020.09.03 23:58:42.087,1.18394,1.18398,7.89,1.20
2020.09.03 23:58:43.036,1.18395,1.18398,0.75,0.75
2020.09.03 23:58:43.141,1.18396,1.18398,0.75,1.12
2020.09.03 23:58:43.685,1.18396,1.18397,7.14,0.10
2020.09.03 23:58:44.799,1.18396,1.18398,7.14,0.75
2020.09.03 23:58:45.884,1.18395,1.18398,7.14,0.10
2020.09.03 23:58:46.985,1.18396,1.18398,7.14,0.75
2020.09.03 23:58:48.714,1.18397,1.18398,6.39,0.75
2020.09.03 23:58:49.038,1.18395,1.18399,7.14,0.75
2020.09.03 23:58:49.470,1.18396,1.18399,6.39,0.75
2020.09.03 23:58:50.564,1.18395,1.18399,7.14,0.75
2020.09.03 23:58:55.695,1.18396,1.184,6.39,10.19
2020.09.03 23:59:00.442,1.18395,1.184,10.77,10.11
2020.09.03 23:59:01.692,1.18398,1.184,0.37,8.61
2020.09.03 23:59:01.743,1.184,1.18402,0.75,9.06
2020.09.03 23:59:01.845,1.18402,1.18403,0.82,17.31
2020.09.03 23:59:01.896,1.18403,1.18405,0.75,0.82
2020.09.03 23:59:01.998,1.18402,1.18405,6.39,0.75
2020.09.03 23:59:02.099,1.18401,1.18405,7.96,0.75
2020.09.03 23:59:02.201,1.18402,1.18405,5.32,0.82
2020.09.03 23:59:02.990,1.18402,1.18406,0.10,0.75
2020.09.03 23:59:03.244,1.18403,1.18407,4.57,8.61
2020.09.03 23:59:03.345,1.18405,1.18407,0.10,8.99
2020.09.03 23:59:03.447,1.18403,1.18408,11.15,8.61
2020.09.03 23:59:03.599,1.18405,1.18409,0.10,0.45
2020.09.03 23:59:03.751,1.18405,1.18408,3.07,8.61
2020.09.03 23:59:03.853,1.18405,1.18409,0.10,8.61
2020.09.03 23:59:03.955,1.18405,1.1841,3.82,9.44
2020.09.03 23:59:04.715,1.18406,1.18408,0.75,0.10
2020.09.03 23:59:05.063,1.18404,1.18409,0.10,0.45
2020.09.03 23:59:11.797,1.18406,1.18408,0.10,9.06
2020.09.03 23:59:24.074,1.18405,1.1841,0.75,9.14
2020.09.03 23:59:24.702,1.18406,1.1841,1.50,8.69
2020.09.03 23:59:24.804,1.18407,1.18411,0.82,12.89
2020.09.03 23:59:28.867,1.18406,1.18411,0.75,0.90
2020.09.03 23:59:28.968,1.18406,1.1841,1.50,0.10
2020.09.03 23:59:29.070,1.18406,1.18411,7.89,0.10
2020.09.03 23:59:30.794,1.18406,1.18409,10.89,0.15
2020.09.03 23:59:32.667,1.18405,1.18411,1.57,10.26
2020.09.03 23:59:34.537,1.18405,1.1841,1.57,8.61
2020.09.03 23:59:35.022,1.18405,1.18411,4.57,9.89
2020.09.03 23:59:36.347,1.18405,1.1841,1.57,8.61
2020.09.03 23:59:36.720,1.18406,1.1841,0.75,8.61
2020.09.03 23:59:36.907,1.18406,1.18411,0.75,9.14
2020.09.03 23:59:38.809,1.18407,1.18409,0.75,8.61
2020.09.03 23:59:40.918,1.18407,1.1841,0.75,9.51
2020.09.03 23:59:41.198,1.18406,1.1841,0.75,8.61
2020.09.03 23:59:44.188,1.18406,1.18411,0.75,9.14
2020.09.03 23:59:44.401,1.18406,1.1841,0.75,8.61
2020.09.03 23:59:44.603,1.18406,1.18411,0.75,9.14
2020.09.03 23:59:49.197,1.18406,1.18409,2.25,8.69
2020.09.03 23:59:49.298,1.18405,1.18409,2.25,0.10
2020.09.03 23:59:49.501,1.18405,1.18408,1.50,0.10
2020.09.03 23:59:49.603,1.18405,1.18409,1.50,8.69
2020.09.03 23:59:49.806,1.18405,1.1841,1.50,12.89
2020.09.03 23:59:50.865,1.18405,1.18411,12.46,0.90
2020.09.03 23:59:50.967,1.18406,1.18411,7.14,0.10
2020.09.03 23:59:53.498,1.18407,1.18411,10.96,13.19
2020.09.03 23:59:54.295,1.18407,1.18412,8.26,2.32
2020.09.03 23:59:54.783,1.18409,1.18411,0.75,2.32
2020.09.03 23:59:54.834,1.18411,1.18413,1.50,9.51
2020.09.03 23:59:54.885,1.18411,1.18415,0.75,0.82
2020.09.03 23:59:54.987,1.18412,1.18416,1.12,0.10
2020.09.03 23:59:55.341,1.18412,1.18417,1.12,8.69
