2007.04.05 01:00:01.803,1.3372,1.33735,25.20,1.60
2007.04.05 01:00:02.062,1.3372,1.33735,16.80,19.20
2007.04.05 01:00:07.394,1.3372,1.3374,25.40,30.30
2007.04.05 01:00:07.656,1.3372,1.3374,25.40,28.70
2007.04.05 01:00:12.527,1.3372,1.3374,25.40,0.80
2007.04.05 01:00:12.717,1.3372,1.3374,25.40,30.30
2007.04.05 01:00:12.982,1.3372,1.3374,16.80,40.80
2007.04.05 01:00:19.448,1.3372,1.3373,16.00,0.80
2007.04.05 01:00:20.184,1.3372,1.33735,16.00,28.00
2007.04.05 01:00:24.419,1.3372,1.33735,25.40,5.60
2007.04.05 01:00:25.167,1.3372,1.33745,25.40,62.20
2007.04.05 01:00:29.937,1.3372,1.3374,16.80,40.80
2007.04.05 01:00:30.219,1.3372,1.33735,16.80,23.20
2007.04.05 01:00:38.461,1.3372,1.33735,16.00,28.00
2007.04.05 01:00:46.778,1.3372,1.3373,17.00,4.00
2007.04.05 01:00:47.256,1.3372,1.33735,17.00,12.00
2007.04.05 01:00:47.551,1.3372,1.33735,25.00,8.00
2007.04.05 01:00:47.844,1.3372,1.3374,29.40,24.60
2007.04.05 01:01:00.862,1.3372,1.3374,25.40,28.60
2007.04.05 01:01:01.432,1.3373,1.3374,8.00,10.00
2007.04.05 01:01:01.637,1.3373,1.3374,8.00,9.20
2007.04.05 01:01:01.927,1.3373,1.3374,12.00,5.20
2007.04.05 01:01:02.240,1.3374,1.33745,8.00,23.20
2007.04.05 01:01:02.464,1.3374,1.33745,8.00,1.60
2007.04.05 01:01:03.068,1.3374,1.3375,8.00,10.00
2007.04.05 01:01:03.318,1.33735,1.3375,27.50,14.90
2007.04.05 01:01:03.533,1.3373,1.33745,28.50,3.20
2007.04.05 01:01:03.739,1.3373,1.3375,27.50,26.00
2007.04.05 01:01:03.947,1.3374,1.3375,8.00,10.00
2007.04.05 01:01:06.786,1.3374,1.3375,8.00,20.40
2007.04.05 01:01:06.991,1.3373,1.3375,29.60,28.40
2007.04.05 01:01:07.773,1.3374,1.3375,8.00,18.00
2007.04.05 01:01:11.987,1.3374,1.3375,8.00,12.40
2007.04.05 01:01:14.163,1.3374,1.3375,12.00,10.00
2007.04.05 01:01:14.271,1.33735,1.3375,47.50,10.00
2007.04.05 01:01:28.963,1.3374,1.3375,1.30,24.40
2007.04.05 01:01:29.169,1.3373,1.3374,9.00,4.00
2007.04.05 01:01:29.513,1.33725,1.3374,58.70,4.00
2007.04.05 01:01:29.738,1.33725,1.3374,56.30,4.00
2007.04.05 01:01:31.001,1.3374,1.3375,2.40,10.80
2007.04.05 01:01:31.298,1.33735,1.3375,47.50,10.00
2007.04.05 01:01:34.206,1.33735,1.3375,51.50,10.00
2007.04.05 01:01:34.586,1.3374,1.3375,1.70,13.50
2007.04.05 01:01:34.869,1.33735,1.3375,55.50,8.40
2007.04.05 01:01:35.203,1.3374,1.3375,5.10,6.00
2007.04.05 01:01:35.479,1.33735,1.3375,51.50,4.80
2007.04.05 01:01:35.850,1.33735,1.3375,47.50,8.80
2007.04.05 01:01:42.757,1.3374,1.3375,8.00,12.80
2007.04.05 01:01:45.150,1.3374,1.3375,12.00,12.80
2007.04.05 01:01:54.585,1.3374,1.3375,12.00,16.80
2007.04.05 01:01:58.203,1.3374,1.3375,8.00,16.80
2007.04.05 01:02:06.115,1.3374,1.3375,12.00,16.80
2007.04.05 01:02:10.179,1.3374,1.3375,8.00,16.80
2007.04.05 01:02:28.270,1.3374,1.3375,12.00,16.80
2007.04.05 01:02:28.857,1.3374,1.33755,12.00,32.00
2007.04.05 01:02:29.382,1.3374,1.33755,17.20,21.60
2007.04.05 01:02:29.599,1.3374,1.3375,25.20,0.70
2007.04.05 01:02:30.033,1.3374,1.3376,25.20,21.90
2007.04.05 01:02:31.345,1.3374,1.33755,16.80,5.60
2007.04.05 01:02:32.176,1.3374,1.3375,16.80,0.70
2007.04.05 01:02:38.464,1.3374,1.33755,13.60,19.20
2007.04.05 01:02:45.580,1.3374,1.33755,13.60,27.20
2007.04.05 01:02:55.946,1.3374,1.3375,18.00,4.00
2007.04.05 01:02:56.153,1.3374,1.33755,18.00,8.00
2007.04.05 01:03:00.651,1.3374,1.33755,22.00,4.00
2007.04.05 01:03:01.911,1.3374,1.3375,13.60,4.00
2007.04.05 01:03:02.229,1.3374,1.3375,13.60,8.00
2007.04.05 01:03:09.110,1.3374,1.3375,14.40,8.00
2007.04.05 01:03:15.707,1.3374,1.3375,14.40,12.00
2007.04.05 01:03:31.730,1.3374,1.3375,14.80,12.00
2007.04.05 01:03:36.367,1.3374,1.3375,10.80,16.00
2007.04.05 01:03:39.228,1.3374,1.3375,12.40,16.00
2007.04.05 01:03:43.788,1.3374,1.3375,4.00,25.60
2007.04.05 01:03:44.020,1.3373,1.3374,19.90,12.00
2007.04.05 01:03:44.249,1.3373,1.3374,19.10,12.00
2007.04.05 01:03:44.575,1.3373,1.3374,14.30,16.80
2007.04.05 01:03:44.802,1.3373,1.3374,11.90,16.80
2007.04.05 01:03:46.081,1.3373,1.3374,13.70,16.80
2007.04.05 01:03:46.338,1.3374,1.33745,11.40,9.60
2007.04.05 01:03:46.550,1.3375,1.33755,0.70,8.00
2007.04.05 01:03:46.866,1.3375,1.33755,12.30,8.00
2007.04.05 01:03:47.098,1.3375,1.3376,21.20,6.40
2007.04.05 01:03:47.628,1.3375,1.3376,21.20,4.00
2007.04.05 01:03:47.878,1.3375,1.33765,21.20,8.00
2007.04.05 01:03:48.355,1.3375,1.3376,17.20,8.00
2007.04.05 01:03:49.419,1.3375,1.33765,21.20,8.00
2007.04.05 01:03:49.889,1.3375,1.3376,17.20,8.00
2007.04.05 01:03:52.475,1.3375,1.3376,11.40,16.80
2007.04.05 01:03:53.941,1.3375,1.3376,7.40,16.80
2007.04.05 01:03:54.436,1.3375,1.33755,0.30,8.00
2007.04.05 01:03:54.912,1.3374,1.33755,22.00,8.00
2007.04.05 01:03:55.268,1.3374,1.3375,15.60,4.00
2007.04.05 01:03:55.532,1.3374,1.3375,11.60,12.00
2007.04.05 01:03:55.787,1.3374,1.3375,11.60,16.00
2007.04.05 01:03:57.370,1.3375,1.33755,7.20,8.00
2007.04.05 01:03:58.183,1.3375,1.3376,7.20,16.80
2007.04.05 01:04:01.877,1.3375,1.3376,11.20,16.80
2007.04.05 01:04:02.139,1.3375,1.3376,11.30,16.80
2007.04.05 01:04:02.349,1.3375,1.3376,12.40,16.80
2007.04.05 01:04:03.681,1.3375,1.3376,12.20,16.80
2007.04.05 01:04:05.148,1.33745,1.3376,43.30,16.80
2007.04.05 01:04:11.944,1.33745,1.3376,43.40,16.80
2007.04.05 01:04:13.090,1.3375,1.3376,0.80,16.80
2007.04.05 01:04:13.583,1.3375,1.3376,2.00,16.80
2007.04.05 01:04:14.642,1.33745,1.3376,43.40,16.80
2007.04.05 01:04:37.169,1.3375,1.3376,12.00,19.60
2007.04.05 01:04:37.463,1.3375,1.3376,12.00,18.80
2007.04.05 01:05:23.354,1.3375,1.3376,4.00,16.80
2007.04.05 01:05:23.567,1.3375,1.33755,4.00,8.00
2007.04.05 01:05:23.866,1.3374,1.33755,25.60,4.00
2007.04.05 01:05:24.088,1.3374,1.3375,25.60,4.00
2007.04.05 01:05:26.751,1.3375,1.33755,8.00,4.00
2007.04.05 01:05:26.985,1.3375,1.3376,8.00,12.80
2007.04.05 01:05:29.406,1.33745,1.3376,8.00,12.80
2007.04.05 01:05:29.648,1.3374,1.33755,25.20,4.00
2007.04.05 01:05:29.982,1.3374,1.3375,25.20,4.00
2007.04.05 01:05:32.846,1.3374,1.3375,21.00,8.00
2007.04.05 01:05:33.074,1.3374,1.3375,12.80,12.00
2007.04.05 01:05:33.382,1.3374,1.3375,12.00,12.80
2007.04.05 01:05:35.837,1.3374,1.3375,16.00,12.80
2007.04.05 01:05:37.110,1.33735,1.3375,51.10,12.80
2007.04.05 01:05:40.519,1.33735,1.3375,50.30,12.80
2007.04.05 01:05:51.350,1.33735,1.3375,42.30,16.80
2007.04.05 01:05:52.944,1.33735,1.3375,46.30,12.80
2007.04.05 01:06:09.282,1.33735,1.3375,47.10,12.80
2007.04.05 01:06:32.408,1.3374,1.3375,12.00,17.00
2007.04.05 01:07:14.073,1.3374,1.3375,9.60,17.00
2007.04.05 01:07:27.449,1.3374,1.3375,13.60,13.00
2007.04.05 01:07:34.411,1.3374,1.3375,9.60,17.00
2007.04.05 01:07:34.953,1.3374,1.3375,5.60,17.00
2007.04.05 01:07:37.001,1.3374,1.3375,9.60,17.00
2007.04.05 01:07:37.599,1.3374,1.3375,13.60,13.00
2007.04.05 01:07:40.383,1.3374,1.3375,9.60,26.00
2007.04.05 01:07:40.665,1.3374,1.33745,9.60,3.20
2007.04.05 01:07:40.947,1.3373,1.3374,19.20,8.00
2007.04.05 01:07:41.186,1.3373,1.3374,16.80,8.00
2007.04.05 01:07:41.422,1.3373,1.3374,16.00,9.00
2007.04.05 01:07:41.682,1.3373,1.3374,13.60,9.00
2007.04.05 01:07:42.011,1.3373,1.3374,13.60,13.00
2007.04.05 01:07:44.092,1.33725,1.3374,44.70,13.00
2007.04.05 01:07:44.977,1.33725,1.3374,44.70,9.00
2007.04.05 01:07:45.454,1.33725,1.3374,49.50,8.20
2007.04.05 01:07:55.440,1.33725,1.3374,44.70,9.00
2007.04.05 01:08:09.385,1.33725,1.3374,45.50,9.00
2007.04.05 01:08:12.373,1.3373,1.3374,15.20,8.00
2007.04.05 01:08:18.282,1.3374,1.33745,6.40,11.20
2007.04.05 01:08:18.509,1.3374,1.3375,6.40,20.50
2007.04.05 01:08:21.955,1.33735,1.3375,4.00,26.90
2007.04.05 01:08:22.246,1.3373,1.33745,22.70,8.00
2007.04.05 01:08:22.595,1.3373,1.33745,20.30,8.00
2007.04.05 01:08:26.246,1.3373,1.3375,20.30,24.90
2007.04.05 01:08:45.344,1.3373,1.33745,15.20,27.20
2007.04.05 01:08:45.685,1.3373,1.33745,15.20,23.20
2007.04.05 01:08:49.330,1.3373,1.33745,15.20,0.90
2007.04.05 01:09:00.951,1.3374,1.3375,6.40,8.90
2007.04.05 01:09:01.208,1.3374,1.3375,6.40,8.80
2007.04.05 01:09:11.346,1.3374,1.3375,6.40,8.90
2007.04.05 01:09:11.862,1.33735,1.3375,12.40,8.90
2007.04.05 01:09:12.123,1.33735,1.3375,8.00,16.90
2007.04.05 01:09:16.463,1.3373,1.3375,31.10,16.90
2007.04.05 01:09:30.700,1.33725,1.3375,71.00,24.90
2007.04.05 01:09:41.337,1.33735,1.3375,23.90,24.90
2007.04.05 01:09:41.600,1.3374,1.3375,0.90,8.80
2007.04.05 01:09:46.915,1.33735,1.33745,19.90,9.60
2007.04.05 01:09:47.228,1.33735,1.33745,19.90,11.20
2007.04.05 01:09:47.465,1.3373,1.33745,12.00,27.20
2007.04.05 01:09:47.695,1.3373,1.33745,8.80,23.20
2007.04.05 01:09:58.376,1.3373,1.3374,8.00,0.80
2007.04.05 01:10:04.235,1.3373,1.3374,12.80,0.80
2007.04.05 01:10:04.449,1.33735,1.33745,6.00,12.00
2007.04.05 01:10:04.681,1.3374,1.3375,4.00,9.00
2007.04.05 01:10:04.945,1.3374,1.3375,4.00,13.00
2007.04.05 01:10:05.229,1.3374,1.3375,8.00,8.80
2007.04.05 01:10:05.849,1.3374,1.3375,4.00,21.00
2007.04.05 01:10:06.054,1.3373,1.3375,24.80,25.00
2007.04.05 01:10:06.671,1.3373,1.3375,22.40,25.00
2007.04.05 01:10:07.665,1.3373,1.3375,22.40,25.80
2007.04.05 01:10:07.909,1.3373,1.33745,16.80,19.20
2007.04.05 01:10:08.125,1.3373,1.33745,8.80,23.20
2007.04.05 01:10:08.546,1.3373,1.3374,8.00,0.80
2007.04.05 01:10:08.998,1.3373,1.3374,8.80,0.80
2007.04.05 01:10:09.202,1.3373,1.33745,13.60,27.20
2007.04.05 01:10:09.459,1.33735,1.3375,15.60,13.00
2007.04.05 01:10:09.666,1.3374,1.3375,4.00,5.00
2007.04.05 01:10:09.953,1.3374,1.3375,8.00,4.80
2007.04.05 01:10:13.311,1.3374,1.3375,8.80,4.00
2007.04.05 01:10:14.896,1.3374,1.33755,8.80,39.10
2007.04.05 01:10:25.710,1.3374,1.3375,8.80,4.00
2007.04.05 01:10:26.356,1.3374,1.3375,8.00,4.80
2007.04.05 01:10:29.366,1.3374,1.33745,4.00,8.00
2007.04.05 01:10:29.576,1.3374,1.33745,4.00,23.20
2007.04.05 01:10:29.935,1.33735,1.33745,6.00,4.00
2007.04.05 01:10:30.188,1.3374,1.3375,4.00,4.80
2007.04.05 01:10:30.699,1.33735,1.3375,14.00,8.80
2007.04.05 01:10:30.985,1.33735,1.3375,8.00,16.90
2007.04.05 01:10:31.200,1.3373,1.3375,28.90,20.90
2007.04.05 01:10:31.676,1.33735,1.3375,1.60,20.90
2007.04.05 01:10:31.889,1.3374,1.3375,4.00,4.90
2007.04.05 01:10:32.197,1.3374,1.3375,4.00,4.80
2007.04.05 01:10:32.979,1.3374,1.3375,8.00,4.80
2007.04.05 01:10:34.717,1.3374,1.3375,1.80,4.80
2007.04.05 01:10:35.682,1.33735,1.3375,23.60,5.00
2007.04.05 01:10:35.956,1.3373,1.33745,30.20,9.60
2007.04.05 01:10:36.213,1.3373,1.33745,1.20,23.20
2007.04.05 01:10:36.538,1.33725,1.33745,50.70,23.20
2007.04.05 01:10:36.762,1.33725,1.33745,48.30,23.20
2007.04.05 01:10:41.661,1.33725,1.33745,49.90,23.20
2007.04.05 01:10:42.319,1.3373,1.33745,6.30,4.00
2007.04.05 01:10:42.547,1.3373,1.3375,9.20,21.80
2007.04.05 01:10:42.839,1.33735,1.3375,43.50,5.80
2007.04.05 01:10:43.276,1.33735,1.3375,45.10,4.80
2007.04.05 01:10:43.879,1.3373,1.3375,34.50,21.00
2007.04.05 01:10:45.306,1.3374,1.3375,1.30,25.00
2007.04.05 01:10:46.541,1.3373,1.3375,36.80,21.00
2007.04.05 01:10:46.967,1.33735,1.3375,41.10,4.80
2007.04.05 01:10:47.482,1.3374,1.3375,5.40,4.00
2007.04.05 01:10:48.244,1.33735,1.3375,33.90,8.80
2007.04.05 01:10:48.514,1.3373,1.3375,29.70,24.80
2007.04.05 01:10:48.843,1.33735,1.3375,16.80,21.00
2007.04.05 01:10:49.410,1.3374,1.3375,5.10,4.80
2007.04.05 01:10:51.532,1.33735,1.3375,45.90,4.00
2007.04.05 01:10:56.571,1.3374,1.3375,5.90,4.00
2007.04.05 01:10:56.922,1.33735,1.33755,46.10,27.20
2007.04.05 01:10:59.126,1.33735,1.3375,46.10,4.00
2007.04.05 01:11:39.863,1.3374,1.3375,13.00,4.00
2007.04.05 01:11:40.529,1.3374,1.33755,9.00,23.20
2007.04.05 01:12:10.388,1.3374,1.3375,8.20,0.80
2007.04.05 01:12:10.510,1.3374,1.3375,2.50,0.80
2007.04.05 01:12:56.320,1.3374,1.33755,9.80,13.60
2007.04.05 01:12:56.534,1.3374,1.33755,10.00,12.00
2007.04.05 01:12:57.050,1.3374,1.3376,26.40,27.20
2007.04.05 01:12:57.318,1.3374,1.3376,22.40,31.20
2007.04.05 01:12:59.308,1.3374,1.33755,21.40,9.60
2007.04.05 01:12:59.564,1.3374,1.33755,13.00,27.20
2007.04.05 01:13:00.139,1.3374,1.33755,13.00,19.20
2007.04.05 01:13:02.634,1.3374,1.33755,9.00,19.20
2007.04.05 01:13:03.292,1.3374,1.33755,13.00,19.20
2007.04.05 01:13:04.953,1.3374,1.33755,13.00,27.20
2007.04.05 01:13:10.857,1.33745,1.33755,15.90,19.20
2007.04.05 01:13:11.070,1.3375,1.3376,8.00,15.20
2007.04.05 01:13:12.792,1.3375,1.3376,8.00,9.90
2007.04.05 01:13:19.231,1.3375,1.3376,8.00,10.00
2007.04.05 01:13:20.855,1.3375,1.3376,12.00,6.00
2007.04.05 01:13:21.219,1.3375,1.3376,12.00,5.00
2007.04.05 01:13:25.644,1.3375,1.3376,12.00,5.20
2007.04.05 01:13:29.299,1.3375,1.3376,12.00,4.80
2007.04.05 01:13:40.247,1.3375,1.3376,12.00,4.90
2007.04.05 01:13:42.151,1.33745,1.3376,43.50,4.90
2007.04.05 01:13:43.115,1.3375,1.3376,0.50,4.90
2007.04.05 01:13:43.327,1.33745,1.3376,35.50,9.10
2007.04.05 01:13:49.671,1.33745,1.3376,39.50,4.90
2007.04.05 01:13:50.224,1.33745,1.3376,39.50,4.80
2007.04.05 01:14:02.283,1.33745,1.3376,35.50,8.80
2007.04.05 01:14:03.418,1.33745,1.33765,39.50,36.00
2007.04.05 01:14:22.875,1.3375,1.33765,21.20,5.60
2007.04.05 01:14:23.205,1.3375,1.3377,21.40,40.40
2007.04.05 01:14:26.965,1.3375,1.33775,21.40,63.40
2007.04.05 01:14:38.254,1.3375,1.33765,21.40,3.20
2007.04.05 01:14:38.462,1.3375,1.33765,17.30,19.20
2007.04.05 01:14:38.719,1.3375,1.33765,12.90,23.20
2007.04.05 01:14:39.803,1.3375,1.33765,12.80,23.20
2007.04.05 01:14:41.903,1.3375,1.33765,12.90,23.20
2007.04.05 01:14:42.233,1.3375,1.33765,12.90,13.60
2007.04.05 01:14:42.525,1.3375,1.3377,25.30,32.30
2007.04.05 01:14:46.548,1.3375,1.3377,29.30,32.30
2007.04.05 01:14:47.190,1.3375,1.3376,29.30,4.00
2007.04.05 01:14:55.899,1.3376,1.3377,8.00,24.30
2007.04.05 01:14:56.115,1.3376,1.3377,8.00,20.20
2007.04.05 01:14:56.495,1.3376,1.3377,8.00,20.00
2007.04.05 01:14:58.935,1.3376,1.3377,8.00,19.20
2007.04.05 01:14:59.932,1.3376,1.3377,8.00,19.20
2007.04.05 01:15:04.578,1.3376,1.3377,8.00,19.10
2007.04.05 01:15:06.499,1.33755,1.3377,39.50,19.10
2007.04.05 01:15:07.570,1.33755,1.3377,39.50,19.00
2007.04.05 01:15:12.551,1.33755,1.3377,39.50,19.90
2007.04.05 01:15:13.780,1.3375,1.3377,68.30,19.90
2007.04.05 01:15:14.032,1.3375,1.3376,12.30,4.00
2007.04.05 01:15:14.282,1.33745,1.3376,74.70,4.00
2007.04.05 01:15:14.530,1.33745,1.3376,72.30,4.00
2007.04.05 01:15:18.539,1.3375,1.3376,0.70,0.70
2007.04.05 01:15:22.155,1.3375,1.3377,0.90,0.90
2007.04.05 01:15:22.394,1.3376,1.3377,0.50,0.50
2007.04.05 01:15:22.676,1.33755,1.33775,35.50,61.80
2007.04.05 01:15:24.835,1.33755,1.33775,33.90,62.60
2007.04.05 01:15:25.167,1.33755,1.33775,33.90,63.10
2007.04.05 01:15:25.420,1.33745,1.33775,77.30,63.30
2007.04.05 01:15:25.744,1.33745,1.33775,74.90,63.30
2007.04.05 01:15:30.415,1.3375,1.3376,0.50,0.80
2007.04.05 01:15:30.667,1.33745,1.3377,49.10,53.20
2007.04.05 01:15:31.076,1.3375,1.3376,0.60,0.90
2007.04.05 01:15:31.315,1.33745,1.33765,56.30,23.20
2007.04.05 01:16:21.820,1.3375,1.3376,12.80,8.80
2007.04.05 01:16:22.110,1.3375,1.33755,8.80,8.00
2007.04.05 01:16:22.372,1.33745,1.3375,12.40,4.00
2007.04.05 01:16:22.641,1.3374,1.3375,12.90,8.00
2007.04.05 01:16:22.895,1.3374,1.3375,12.80,8.00
2007.04.05 01:16:23.415,1.3374,1.3375,12.00,8.80
2007.04.05 01:16:25.410,1.3374,1.3375,12.80,8.00
2007.04.05 01:16:25.627,1.3374,1.3375,16.80,4.00
2007.04.05 01:16:25.931,1.3374,1.3375,29.40,4.00
2007.04.05 01:16:26.178,1.3375,1.3376,4.00,24.80
2007.04.05 01:16:27.245,1.3374,1.3376,29.40,24.80
2007.04.05 01:16:27.577,1.3374,1.3375,25.50,4.00
2007.04.05 01:16:27.893,1.3374,1.3375,12.80,4.00
2007.04.05 01:16:30.202,1.3374,1.33755,16.80,23.20
2007.04.05 01:16:38.198,1.3374,1.33755,16.80,21.60
2007.04.05 01:16:38.425,1.3374,1.33755,17.80,12.00
2007.04.05 01:16:38.667,1.3374,1.3376,27.90,26.40
2007.04.05 01:16:39.310,1.33745,1.3376,15.90,25.60
2007.04.05 01:16:39.516,1.3375,1.3376,8.00,9.60
2007.04.05 01:16:40.155,1.3375,1.3376,8.00,10.40
2007.04.05 01:16:40.407,1.3374,1.33755,19.40,25.60
2007.04.05 01:16:40.624,1.3374,1.33755,16.80,27.20
2007.04.05 01:16:43.840,1.3374,1.33755,16.90,27.20
2007.04.05 01:16:45.442,1.33735,1.33755,48.40,27.20
2007.04.05 01:16:50.425,1.3374,1.33755,1.30,8.00
2007.04.05 01:16:50.669,1.3374,1.3376,2.40,26.50
2007.04.05 01:16:52.142,1.3374,1.3376,29.50,26.50
2007.04.05 01:16:52.383,1.33745,1.3376,33.50,16.80
2007.04.05 01:16:52.647,1.33745,1.3376,39.50,8.80
2007.04.05 01:16:52.869,1.3374,1.33755,24.30,24.00
2007.04.05 01:16:53.104,1.33735,1.33755,50.80,27.20
2007.04.05 01:16:53.725,1.33735,1.33755,48.40,27.20
2007.04.05 01:16:55.763,1.33735,1.33755,52.40,23.20
2007.04.05 01:17:03.855,1.33735,1.33755,48.70,9.60
2007.04.05 01:17:04.088,1.33735,1.3376,48.70,21.70
2007.04.05 01:17:15.645,1.3374,1.3376,25.60,24.80
2007.04.05 01:17:37.150,1.3375,1.3376,4.00,24.80
2007.04.05 01:17:37.370,1.3375,1.3376,12.00,24.80
2007.04.05 01:17:37.580,1.3375,1.3376,12.00,8.80
2007.04.05 01:17:39.145,1.3375,1.3376,8.00,8.80
2007.04.05 01:18:30.721,1.33745,1.3376,28.30,8.80
2007.04.05 01:18:30.998,1.3374,1.3376,33.30,20.80
2007.04.05 01:18:31.342,1.3374,1.3376,28.50,24.80
2007.04.05 01:18:31.602,1.3374,1.3376,26.10,24.80
2007.04.05 01:18:36.178,1.33745,1.3376,1.60,24.80
2007.04.05 01:18:36.512,1.33745,1.3376,3.20,24.80
2007.04.05 01:18:36.843,1.3375,1.3376,8.00,24.80
2007.04.05 01:18:37.130,1.3375,1.3376,12.00,8.80
2007.04.05 01:19:04.511,1.3375,1.3376,12.80,8.00
2007.04.05 01:19:04.765,1.3375,1.3376,16.90,4.00
2007.04.05 01:19:05.018,1.3375,1.3376,29.30,4.00
2007.04.05 01:19:05.837,1.3376,1.3377,8.00,28.00
2007.04.05 01:19:06.048,1.3376,1.3377,8.00,19.70
2007.04.05 01:19:07.833,1.33755,1.33765,29.90,8.00
2007.04.05 01:19:08.051,1.3375,1.3376,20.00,4.00
2007.04.05 01:19:08.276,1.3375,1.3376,19.40,4.00
2007.04.05 01:19:08.498,1.3375,1.3376,31.80,4.00
2007.04.05 01:19:08.738,1.3375,1.3376,29.40,4.00
2007.04.05 01:19:13.925,1.3376,1.3377,8.00,24.00
2007.04.05 01:19:14.140,1.3376,1.3377,8.00,19.90
2007.04.05 01:19:14.468,1.3376,1.3377,8.00,19.70
2007.04.05 01:19:18.380,1.3375,1.3377,33.20,31.70
2007.04.05 01:19:18.700,1.3375,1.3376,22.80,4.00
2007.04.05 01:19:19.254,1.3375,1.3376,25.20,4.00
2007.04.05 01:19:20.356,1.3375,1.3376,17.20,8.00
2007.04.05 01:19:20.602,1.3375,1.3376,12.80,8.00
2007.04.05 01:19:21.054,1.3375,1.3376,12.80,0.90
2007.04.05 01:19:30.417,1.3375,1.3376,12.00,0.50
2007.04.05 01:20:08.237,1.3375,1.3376,12.00,8.90
2007.04.05 01:20:09.155,1.33745,1.3376,43.50,8.90
2007.04.05 01:20:18.411,1.33745,1.3376,43.50,8.80
2007.04.05 01:20:47.290,1.3375,1.3376,12.50,8.80
2007.04.05 01:20:47.571,1.3375,1.3376,17.30,4.00
2007.04.05 01:20:47.900,1.3375,1.3376,13.30,8.00
2007.04.05 01:20:54.600,1.3375,1.3376,13.20,8.00
2007.04.05 01:20:55.992,1.3375,1.33765,13.20,31.20
2007.04.05 01:20:57.375,1.3375,1.33765,13.20,31.20
2007.04.05 01:21:21.505,1.3375,1.33765,13.00,31.20
2007.04.05 01:21:26.149,1.3375,1.3376,13.00,4.00
2007.04.05 01:21:39.829,1.3375,1.3376,12.90,4.00
2007.04.05 01:21:46.178,1.3375,1.3376,12.80,4.00
2007.04.05 01:21:50.585,1.3375,1.33765,12.80,27.20
2007.04.05 01:22:36.597,1.3375,1.33765,16.80,23.20
2007.04.05 01:22:36.992,1.3375,1.33765,16.80,15.20
2007.04.05 01:23:02.278,1.3375,1.3376,16.00,4.80
2007.04.05 01:23:02.521,1.3375,1.3376,12.00,8.80
2007.04.05 01:23:25.126,1.3375,1.3376,12.00,4.80
2007.04.05 01:23:25.398,1.3375,1.3376,12.80,4.00
2007.04.05 01:23:25.614,1.3375,1.33765,16.80,15.20
2007.04.05 01:23:27.137,1.3375,1.3376,16.80,4.00
2007.04.05 01:23:27.409,1.3375,1.3376,12.00,8.80
2007.04.05 01:23:51.136,1.3375,1.3376,8.00,13.60
2007.04.05 01:23:51.400,1.33745,1.33755,8.00,9.60
2007.04.05 01:23:51.614,1.3374,1.33755,17.00,15.20
2007.04.05 01:23:52.069,1.3374,1.3375,17.00,4.00
2007.04.05 01:23:53.798,1.3374,1.3375,17.30,4.00
2007.04.05 01:23:54.048,1.3374,1.3376,29.70,24.20
2007.04.05 01:24:01.978,1.3374,1.33755,17.10,15.20
2007.04.05 01:24:02.711,1.33735,1.33755,60.60,15.20
2007.04.05 01:24:24.124,1.33735,1.33755,60.30,15.20
2007.04.05 01:24:30.099,1.3374,1.33755,6.00,15.20
2007.04.05 01:24:32.098,1.3374,1.3375,12.00,4.00
2007.04.05 01:24:43.807,1.3374,1.3375,4.00,12.80
2007.04.05 01:24:47.407,1.3374,1.3375,8.00,22.90
2007.04.05 01:24:47.755,1.3374,1.3375,8.00,14.10
2007.04.05 01:24:47.989,1.3374,1.3375,8.00,12.50
2007.04.05 01:24:51.432,1.33735,1.33745,4.00,11.20
2007.04.05 01:24:51.635,1.3373,1.33745,16.40,19.20
2007.04.05 01:24:51.875,1.3373,1.33745,16.10,19.20
2007.04.05 01:24:52.114,1.3373,1.33745,15.30,19.20
2007.04.05 01:24:54.358,1.3373,1.33745,15.70,17.60
2007.04.05 01:24:54.633,1.3373,1.3375,24.90,32.00
2007.04.05 01:24:54.868,1.3374,1.3375,8.00,22.90
2007.04.05 01:24:55.102,1.3374,1.3375,8.00,14.10
2007.04.05 01:24:55.388,1.3374,1.3375,8.00,12.50
2007.04.05 01:24:55.880,1.3374,1.33745,8.00,1.60
2007.04.05 01:24:56.097,1.3374,1.33745,8.00,3.20
2007.04.05 01:24:56.400,1.33735,1.33745,8.40,3.20
2007.04.05 01:24:56.647,1.3373,1.33745,19.40,19.20
2007.04.05 01:24:56.915,1.3373,1.33745,15.40,19.20
2007.04.05 01:24:57.165,1.33735,1.33745,8.00,19.20
2007.04.05 01:24:57.424,1.3374,1.3375,8.00,13.30
2007.04.05 01:24:58.370,1.3374,1.3375,8.80,11.70
2007.04.05 01:24:58.696,1.3374,1.3375,8.00,12.50
2007.04.05 01:24:59.042,1.3374,1.3375,8.00,14.30
2007.04.05 01:24:59.407,1.33735,1.3375,4.40,22.30
2007.04.05 01:24:59.669,1.3374,1.3375,8.00,30.30
2007.04.05 01:24:59.924,1.3374,1.3375,8.00,12.50
2007.04.05 01:25:00.010,1.3374,1.33755,8.00,35.70
2007.04.05 01:25:01.408,1.3374,1.33755,8.80,26.90
2007.04.05 01:25:01.998,1.3374,1.3375,12.80,0.90
2007.04.05 01:25:15.350,1.3374,1.3375,4.80,22.90
2007.04.05 01:25:15.597,1.3374,1.33745,4.00,0.60
2007.04.05 01:25:15.808,1.3374,1.3375,4.00,33.60
2007.04.05 01:25:16.061,1.3373,1.3375,32.30,0.70
2007.04.05 01:25:20.127,1.33735,1.33755,8.00,54.20
2007.04.05 01:25:20.442,1.3374,1.3375,8.00,0.70
2007.04.05 01:25:20.782,1.3374,1.33755,8.00,31.70
2007.04.05 01:25:34.288,1.3374,1.3375,8.00,10.00
2007.04.05 01:25:41.810,1.33735,1.3374,23.90,4.00
2007.04.05 01:25:42.021,1.3373,1.3374,18.70,4.00
2007.04.05 01:25:42.333,1.3373,1.3374,17.90,4.00
2007.04.05 01:25:42.595,1.3373,1.3374,15.30,4.00
2007.04.05 01:25:43.471,1.3373,1.33745,15.30,15.20
2007.04.05 01:25:48.649,1.33725,1.33745,60.40,15.20
2007.04.05 01:26:33.396,1.3373,1.33745,15.90,12.00
2007.04.05 01:26:34.060,1.3373,1.3375,28.30,28.20
2007.04.05 01:26:34.362,1.3373,1.3375,24.30,31.40
2007.04.05 01:26:35.716,1.3373,1.3374,24.30,4.00
2007.04.05 01:26:36.383,1.3373,1.3374,19.90,4.00
2007.04.05 01:26:36.621,1.3373,1.33745,15.50,19.20
2007.04.05 01:26:55.621,1.3373,1.3374,15.50,4.00
2007.04.05 01:27:29.150,1.3373,1.3374,18.20,4.00
2007.04.05 01:27:29.404,1.3373,1.33745,16.00,12.00
2007.04.05 01:27:29.676,1.3373,1.3375,28.40,27.40
2007.04.05 01:27:30.787,1.3373,1.3375,24.40,31.40
2007.04.05 01:27:46.393,1.3373,1.3374,24.10,4.00
2007.04.05 01:27:46.971,1.3373,1.3374,15.50,8.00
2007.04.05 01:27:51.059,1.3373,1.3374,15.40,4.00
2007.04.05 01:27:51.540,1.3373,1.33745,15.40,15.20
2007.04.05 01:27:54.047,1.3373,1.3374,15.40,4.00
2007.04.05 01:27:54.345,1.3373,1.3374,14.60,4.80
2007.04.05 01:28:06.466,1.3373,1.3374,14.60,8.80
2007.04.05 01:28:29.764,1.3373,1.3374,14.70,8.80
2007.04.05 01:28:47.050,1.3373,1.3374,14.70,4.80
2007.04.05 01:28:47.382,1.3373,1.3374,15.50,4.00
2007.04.05 01:29:45.331,1.33735,1.33745,9.60,15.20
2007.04.05 01:29:45.536,1.33735,1.33745,11.20,12.00
2007.04.05 01:29:45.854,1.3374,1.33745,8.00,12.00
2007.04.05 01:29:46.089,1.3374,1.3375,12.00,15.30
2007.04.05 01:29:51.565,1.3374,1.3375,4.00,27.30
2007.04.05 01:29:52.322,1.3373,1.3375,29.20,27.30
2007.04.05 01:29:55.715,1.3373,1.3375,29.20,0.80
2007.04.05 01:30:15.682,1.3373,1.33755,24.40,50.60
2007.04.05 01:30:36.703,1.3373,1.3375,24.40,29.80
2007.04.05 01:30:40.873,1.3373,1.3375,24.40,0.50
2007.04.05 01:30:56.620,1.3373,1.3375,31.10,0.50
2007.04.05 01:31:57.243,1.3373,1.33745,25.60,8.00
2007.04.05 01:31:57.447,1.3373,1.3374,19.80,4.00
2007.04.05 01:32:33.442,1.3373,1.3375,35.70,24.40
2007.04.05 01:32:33.746,1.3373,1.3375,31.00,28.40
2007.04.05 01:32:35.458,1.3373,1.33755,31.00,47.60
2007.04.05 01:32:37.802,1.3373,1.3375,31.00,0.50
2007.04.05 01:32:39.833,1.3374,1.33755,8.00,54.50
2007.04.05 01:32:40.055,1.3374,1.33755,12.00,38.50
2007.04.05 01:32:44.149,1.3374,1.33755,12.00,36.80
2007.04.05 01:32:44.405,1.3374,1.3375,12.00,0.80
2007.04.05 01:32:45.256,1.3374,1.33755,12.80,28.40
2007.04.05 01:32:53.560,1.3374,1.33755,12.80,27.50
2007.04.05 01:33:30.721,1.3374,1.3375,12.80,8.40
2007.04.05 01:33:37.146,1.3374,1.3375,12.80,8.10
2007.04.05 01:33:57.169,1.3374,1.3375,8.80,8.10
2007.04.05 01:33:57.501,1.3374,1.3375,8.00,8.90
2007.04.05 01:33:58.269,1.3374,1.3375,12.00,8.90
2007.04.05 01:33:58.502,1.3374,1.3375,12.80,8.10
2007.04.05 01:34:02.030,1.3374,1.33755,12.80,23.30
2007.04.05 01:34:13.003,1.3373,1.3375,41.20,0.90
2007.04.05 01:34:13.286,1.3373,1.33755,34.00,56.10
2007.04.05 01:34:13.536,1.3373,1.33755,31.00,56.10
2007.04.05 01:35:40.725,1.33735,1.3375,4.40,17.00
2007.04.05 01:35:40.933,1.3374,1.3375,8.00,16.80
2007.04.05 01:35:41.169,1.3374,1.3375,12.00,8.80
2007.04.05 01:35:41.665,1.3374,1.3375,16.00,4.80
2007.04.05 01:35:47.544,1.33735,1.3375,55.50,4.80
2007.04.05 01:36:01.415,1.33735,1.3375,60.30,4.00
2007.04.05 01:36:12.368,1.33735,1.3375,59.50,4.00
2007.04.05 01:36:58.016,1.3374,1.3375,16.00,4.10
2007.04.05 01:36:58.413,1.3374,1.3375,15.20,4.90
2007.04.05 01:36:59.076,1.3374,1.3375,15.60,4.80
2007.04.05 01:36:59.414,1.3374,1.3375,16.40,4.00
2007.04.05 01:37:00.185,1.3374,1.33755,16.40,15.20
2007.04.05 01:37:10.563,1.3374,1.33755,16.40,15.20
2007.04.05 01:37:24.601,1.3374,1.33755,16.40,15.20
2007.04.05 01:37:28.458,1.3374,1.33755,2.30,15.20
2007.04.05 01:37:42.154,1.33735,1.33755,59.10,15.20
2007.04.05 01:37:42.865,1.3374,1.33755,4.10,15.20
2007.04.05 01:37:49.501,1.33735,1.33755,60.80,15.20
2007.04.05 01:37:50.163,1.33735,1.33755,61.00,15.20
2007.04.05 01:38:00.225,1.3374,1.33755,18.30,13.60
2007.04.05 01:38:00.487,1.33745,1.33755,9.60,12.00
2007.04.05 01:38:00.728,1.3375,1.33755,8.00,12.00
2007.04.05 01:38:00.932,1.3375,1.3376,8.00,9.60
2007.04.05 01:38:01.225,1.3375,1.3376,8.00,8.80
2007.04.05 01:38:25.144,1.3375,1.3376,8.00,20.80
2007.04.05 01:38:25.307,1.3374,1.3376,29.00,24.80
2007.04.05 01:38:25.584,1.3374,1.3376,26.60,24.80
2007.04.05 01:38:49.902,1.3374,1.33755,21.60,11.20
2007.04.05 01:38:50.158,1.3374,1.33755,17.60,15.20
2007.04.05 01:38:55.673,1.3374,1.33755,17.60,13.60
2007.04.05 01:38:56.004,1.3374,1.33755,18.20,12.00
2007.04.05 01:38:56.337,1.3374,1.33755,26.20,8.00
2007.04.05 01:38:56.563,1.3374,1.3376,30.60,20.80
2007.04.05 01:39:15.692,1.3374,1.3376,26.60,24.80
2007.04.05 01:39:48.336,1.3374,1.33755,21.60,9.60
2007.04.05 01:39:48.556,1.3374,1.33755,17.60,19.20
2007.04.05 01:39:48.873,1.3374,1.33755,17.60,15.20
2007.04.05 01:40:06.844,1.3375,1.33755,8.00,5.60
2007.04.05 01:40:06.864,1.33745,1.33755,22.00,5.60
2007.04.05 01:40:07.064,1.33745,1.3376,47.50,8.80
2007.04.05 01:40:34.603,1.33745,1.3376,51.50,4.80
2007.04.05 01:40:35.209,1.33745,1.3376,55.50,4.80
2007.04.05 01:41:10.566,1.3375,1.3376,12.00,8.80
2007.04.05 01:41:10.595,1.33745,1.3376,51.50,8.80
2007.04.05 01:42:09.129,1.3375,1.3376,8.00,8.80
2007.04.05 01:42:09.160,1.33745,1.3376,47.50,8.80
2007.04.05 01:42:16.464,1.33735,1.3376,53.50,20.80
2007.04.05 01:42:16.754,1.33735,1.3376,75.00,24.80
2007.04.05 01:42:17.295,1.33745,1.3376,33.50,24.80
2007.04.05 01:42:17.534,1.33745,1.3376,43.50,8.80
2007.04.05 01:42:35.887,1.3374,1.33755,51.30,9.60
2007.04.05 01:42:36.097,1.33735,1.3375,61.90,4.00
2007.04.05 01:42:36.306,1.33735,1.3375,60.00,4.80
2007.04.05 01:42:36.552,1.33735,1.3375,57.60,4.80
2007.04.05 01:42:37.824,1.33735,1.3375,51.00,4.00
2007.04.05 01:42:38.086,1.33735,1.3376,51.00,22.80
2007.04.05 01:42:41.868,1.33745,1.3376,37.90,12.90
2007.04.05 01:42:53.857,1.3374,1.3376,35.60,18.80
2007.04.05 01:42:54.108,1.33735,1.3375,65.10,4.00
2007.04.05 01:42:54.377,1.33735,1.3375,60.00,4.80
2007.04.05 01:42:54.587,1.3374,1.3375,0.50,4.80
2007.04.05 01:42:56.464,1.33735,1.3375,74.90,4.00
2007.04.05 01:42:56.678,1.3374,1.3375,10.20,4.00
2007.04.05 01:42:57.143,1.33735,1.3376,74.90,22.80
2007.04.05 01:42:59.893,1.33745,1.3376,39.50,12.80
2007.04.05 01:43:07.198,1.3375,1.3376,8.00,8.90
2007.04.05 01:43:07.221,1.33745,1.3376,47.50,8.90
2007.04.05 01:43:16.831,1.33745,1.3376,47.50,12.90
2007.04.05 01:43:17.082,1.33745,1.3376,47.50,15.40
2007.04.05 01:43:43.148,1.3375,1.3376,12.00,15.60
2007.04.05 01:43:43.172,1.33745,1.3376,51.50,15.60
2007.04.05 01:43:48.435,1.33745,1.3376,51.50,14.10
2007.04.05 01:43:48.762,1.33745,1.3376,51.50,12.50
2007.04.05 01:43:49.261,1.33745,1.3376,51.50,10.80
2007.04.05 01:43:49.470,1.33745,1.3376,51.50,12.50
2007.04.05 01:43:52.248,1.33745,1.3376,51.50,10.80
2007.04.05 01:43:52.514,1.33745,1.3376,51.50,12.50
2007.04.05 01:43:53.222,1.33745,1.3376,47.50,12.50
2007.04.05 01:43:55.237,1.33745,1.3376,47.50,10.00
2007.04.05 01:43:55.561,1.33745,1.3376,47.50,12.50
2007.04.05 01:43:58.227,1.33745,1.3376,47.50,10.80
2007.04.05 01:43:58.446,1.33745,1.3376,47.50,11.70
2007.04.05 01:43:58.672,1.33745,1.3376,47.50,12.50
2007.04.05 01:44:01.217,1.33745,1.3376,47.50,11.60
2007.04.05 01:44:01.447,1.33745,1.3376,47.50,11.70
2007.04.05 01:44:01.709,1.33745,1.3376,47.50,12.50
2007.04.05 01:44:04.200,1.33745,1.3376,47.50,10.80
2007.04.05 01:44:04.513,1.33745,1.3376,47.50,12.50
2007.04.05 01:44:07.190,1.33745,1.3376,47.50,11.60
2007.04.05 01:44:07.410,1.33745,1.3376,47.50,12.50
2007.04.05 01:44:08.185,1.33745,1.3376,51.50,12.50
2007.04.05 01:44:10.176,1.33745,1.3376,51.50,10.00
2007.04.05 01:44:10.511,1.33745,1.3376,51.50,12.50
2007.04.05 01:44:13.371,1.3375,1.3376,12.00,10.90
2007.04.05 01:44:13.402,1.33745,1.3376,51.50,10.90
2007.04.05 01:44:13.585,1.33745,1.3376,51.50,12.50
2007.04.05 01:44:16.158,1.33745,1.3376,51.50,11.60
2007.04.05 01:44:16.410,1.33745,1.3376,51.50,11.70
2007.04.05 01:44:16.682,1.33745,1.3376,51.50,12.50
2007.04.05 01:44:19.268,1.33745,1.3376,51.50,11.60
2007.04.05 01:44:19.488,1.33745,1.3376,51.50,10.80
2007.04.05 01:44:19.704,1.33745,1.3376,51.50,12.50
2007.04.05 01:44:22.243,1.33745,1.3376,51.50,11.60
2007.04.05 01:44:22.496,1.33745,1.3376,51.50,12.50
2007.04.05 01:44:25.228,1.33745,1.3376,51.50,10.00
2007.04.05 01:44:25.516,1.33745,1.3376,51.50,12.50
2007.04.05 01:44:28.219,1.33745,1.3376,51.50,10.80
2007.04.05 01:44:28.480,1.33745,1.3376,51.50,11.70
2007.04.05 01:44:28.765,1.33745,1.3376,51.50,12.50
2007.04.05 01:44:31.335,1.33745,1.3376,51.50,10.80
2007.04.05 01:44:31.542,1.33745,1.3376,51.50,12.50
2007.04.05 01:44:34.196,1.33745,1.3376,51.50,10.90
2007.04.05 01:44:34.626,1.33745,1.3376,51.50,12.50
2007.04.05 01:44:40.173,1.33745,1.3376,51.50,10.80
2007.04.05 01:44:40.442,1.33745,1.3376,51.50,12.50
2007.04.05 01:44:43.163,1.3375,1.3376,3.20,11.60
2007.04.05 01:44:43.203,1.33745,1.3376,51.50,11.60
2007.04.05 01:44:43.381,1.33745,1.3376,51.50,10.00
2007.04.05 01:44:43.616,1.33745,1.3376,51.50,12.50
2007.04.05 01:44:43.826,1.33745,1.3376,52.30,12.50
2007.04.05 01:44:46.356,1.33745,1.3376,52.30,10.00
2007.04.05 01:44:46.569,1.33745,1.3376,52.30,12.50
2007.04.05 01:44:49.138,1.33745,1.3376,52.30,10.90
2007.04.05 01:44:49.423,1.33745,1.3376,52.30,11.70
2007.04.05 01:44:49.739,1.33745,1.3376,52.30,12.50
2007.04.05 01:44:50.799,1.33745,1.3376,52.30,9.60
2007.04.05 01:44:51.006,1.33745,1.3376,52.30,8.80
2007.04.05 01:44:55.879,1.33745,1.33765,65.10,28.00
2007.04.05 01:45:58.061,1.3375,1.3376,8.80,8.80
2007.04.05 01:45:58.078,1.33745,1.3376,48.30,8.80
2007.04.05 01:46:04.733,1.33745,1.3376,42.30,20.00
2007.04.05 01:46:04.949,1.3374,1.33755,34.50,1.60
2007.04.05 01:46:05.198,1.3374,1.3375,34.50,4.00
2007.04.05 01:46:05.420,1.33735,1.3375,58.40,4.00
2007.04.05 01:46:05.670,1.33735,1.3375,55.90,4.00
2007.04.05 01:46:06.956,1.33735,1.3375,73.00,4.00
2007.04.05 01:46:09.258,1.33735,1.3376,74.60,25.80
2007.04.05 01:46:12.041,1.33735,1.3375,74.60,4.00
2007.04.05 01:46:12.535,1.33735,1.3375,54.20,8.80
2007.04.05 01:46:12.832,1.33735,1.3375,50.00,8.80
2007.04.05 01:46:14.359,1.33735,1.3375,71.30,4.00
2007.04.05 01:46:14.591,1.33735,1.3375,75.50,4.00
2007.04.05 01:46:15.182,1.33735,1.3376,75.50,24.80
2007.04.05 01:46:17.891,1.33735,1.33755,75.50,9.60
2007.04.05 01:46:18.131,1.33735,1.33755,58.80,19.20
2007.04.05 01:46:19.345,1.33735,1.3376,75.30,25.70
2007.04.05 01:46:20.337,1.33735,1.33755,75.30,3.20
2007.04.05 01:46:20.905,1.33735,1.33755,58.80,19.20
2007.04.05 01:46:21.764,1.33735,1.33755,62.80,15.20
2007.04.05 01:46:24.400,1.33735,1.3376,80.50,36.50
2007.04.05 01:46:30.910,1.3374,1.3376,17.20,36.50
2007.04.05 01:46:45.993,1.3374,1.33755,17.20,19.20
2007.04.05 01:46:46.321,1.3374,1.33755,12.40,28.00
2007.04.05 01:46:53.957,1.3374,1.3375,12.40,8.80
2007.04.05 01:47:25.942,1.3374,1.3375,12.00,8.80
2007.04.05 01:47:33.243,1.3374,1.3375,12.80,8.80
2007.04.05 01:47:43.868,1.3374,1.3375,13.00,8.80
2007.04.05 01:47:52.498,1.3374,1.3375,13.00,4.80
2007.04.05 01:47:53.166,1.3374,1.3375,13.00,0.80
2007.04.05 01:47:53.425,1.3374,1.33755,17.80,15.20
2007.04.05 01:47:54.257,1.3374,1.33755,22.70,4.00
2007.04.05 01:47:54.511,1.3374,1.3376,30.80,18.00
2007.04.05 01:47:54.927,1.3374,1.3376,26.90,22.00
2007.04.05 01:47:55.584,1.3374,1.3376,28.50,22.00
2007.04.05 01:47:55.837,1.3375,1.3376,8.50,12.80
2007.04.05 01:47:55.883,1.33745,1.3376,16.10,12.80
2007.04.05 01:47:56.065,1.33745,1.3376,36.00,4.80
2007.04.05 01:47:56.970,1.33745,1.3376,35.60,4.80
2007.04.05 01:48:03.671,1.33745,1.3376,35.50,4.80
2007.04.05 01:48:03.988,1.33745,1.3376,35.90,4.80
2007.04.05 01:48:28.355,1.3375,1.3376,8.40,8.80
2007.04.05 01:48:28.386,1.33745,1.3376,39.90,8.80
2007.04.05 01:48:43.778,1.33745,1.3376,39.50,8.90
2007.04.05 01:48:44.443,1.33735,1.3376,79.00,20.90
2007.04.05 01:48:44.652,1.33735,1.3376,76.60,24.90
2007.04.05 01:48:44.940,1.33735,1.33755,48.70,27.20
2007.04.05 01:48:45.246,1.33735,1.33755,58.70,19.20
2007.04.05 01:48:45.456,1.33745,1.3376,33.90,8.90
2007.04.05 01:48:46.003,1.33745,1.3376,35.50,8.80
2007.04.05 01:48:59.382,1.33745,1.3376,8.40,8.90
2007.04.05 01:48:59.593,1.3374,1.3376,26.00,24.90
2007.04.05 01:49:05.794,1.3375,1.3376,8.00,24.90
2007.04.05 01:49:05.829,1.33745,1.3376,23.90,24.90
2007.04.05 01:49:06.093,1.33745,1.3376,33.90,8.90
2007.04.05 01:49:06.571,1.33745,1.3376,33.90,8.80
2007.04.05 01:49:06.792,1.3374,1.3376,57.90,8.90
2007.04.05 01:49:07.040,1.33735,1.3376,77.90,24.90
2007.04.05 01:49:07.609,1.33735,1.3376,75.50,24.90
2007.04.05 01:49:10.373,1.33735,1.33755,48.70,9.60
2007.04.05 01:49:10.610,1.33735,1.3375,44.70,4.00
2007.04.05 01:49:11.279,1.33735,1.3375,44.70,8.00
2007.04.05 01:49:11.595,1.33735,1.3375,39.90,8.80
2007.04.05 01:49:13.098,1.33735,1.3375,39.90,4.80
2007.04.05 01:49:13.415,1.33735,1.3376,74.70,25.70
2007.04.05 01:49:13.933,1.33735,1.3376,74.70,26.50
2007.04.05 01:49:13.975,1.33735,1.33765,100.70,57.60
2007.04.05 01:49:20.404,1.33745,1.33765,15.60,59.60
2007.04.05 01:49:20.668,1.33745,1.33765,35.50,43.70
2007.04.05 01:49:33.463,1.3375,1.3376,8.00,0.60
2007.04.05 01:49:33.495,1.33745,1.33765,35.50,40.10
2007.04.05 01:49:33.905,1.33735,1.33765,77.90,56.00
2007.04.05 01:49:34.685,1.33735,1.33765,75.50,56.00
2007.04.05 01:49:46.986,1.3374,1.3376,30.00,24.90
2007.04.05 01:49:47.364,1.33745,1.3376,35.50,8.90
2007.04.05 01:49:47.744,1.33745,1.3376,35.50,8.80
2007.04.05 01:49:56.375,1.33745,1.3376,35.50,4.80
2007.04.05 01:50:19.361,1.3375,1.3376,8.00,8.80
2007.04.05 01:50:19.395,1.33745,1.3376,35.10,8.80
2007.04.05 01:50:19.740,1.33745,1.3376,31.10,12.80
2007.04.05 01:50:26.367,1.3374,1.3376,22.40,12.90
2007.04.05 01:50:26.622,1.33735,1.33755,69.50,8.00
2007.04.05 01:50:45.736,1.33735,1.33755,44.80,4.00
2007.04.05 01:51:01.774,1.3374,1.33755,20.90,23.20
2007.04.05 01:51:06.419,1.3374,1.3375,16.10,12.80
2007.04.05 01:51:27.338,1.3374,1.3375,16.90,12.00
2007.04.05 01:51:27.621,1.3374,1.3375,21.10,4.00
2007.04.05 01:51:27.862,1.3374,1.3375,25.10,4.00
2007.04.05 01:51:28.110,1.3374,1.33755,25.10,4.00
2007.04.05 01:51:35.087,1.3374,1.3375,25.80,4.00
2007.04.05 01:51:35.419,1.3374,1.3375,16.50,8.80
2007.04.05 01:51:36.643,1.3374,1.3375,16.10,8.80
2007.04.05 01:51:36.872,1.3374,1.3375,16.90,8.00
2007.04.05 01:51:37.080,1.3374,1.33755,24.90,5.60
2007.04.05 01:51:37.305,1.3374,1.33755,24.90,4.00
2007.04.05 01:51:57.866,1.3375,1.3376,8.00,30.00
2007.04.05 01:51:57.893,1.33745,1.3376,33.50,30.00
2007.04.05 01:51:58.164,1.33745,1.3376,35.10,20.40
2007.04.05 01:52:00.764,1.33745,1.3376,31.10,20.40
2007.04.05 01:52:03.756,1.3375,1.3376,11.40,13.60
2007.04.05 01:52:03.962,1.3375,1.3376,13.00,12.80
2007.04.05 01:52:04.673,1.3375,1.3376,30.40,4.00
2007.04.05 01:52:04.900,1.3375,1.3376,27.00,4.00
2007.04.05 01:52:05.114,1.3375,1.33765,26.70,8.00
2007.04.05 01:52:05.742,1.33745,1.33765,80.30,8.00
2007.04.05 01:52:06.074,1.33745,1.3376,71.50,4.00
2007.04.05 01:52:06.406,1.33745,1.3376,45.10,4.80
2007.04.05 01:52:06.627,1.33745,1.3376,45.10,12.80
2007.04.05 01:52:08.515,1.33745,1.3376,42.80,12.80
2007.04.05 01:52:08.719,1.33745,1.3376,47.60,12.00
2007.04.05 01:52:10.389,1.33745,1.3376,42.80,12.80
2007.04.05 01:52:13.312,1.33745,1.3376,44.60,12.80
2007.04.05 01:52:16.697,1.33745,1.3376,43.30,12.80
2007.04.05 01:52:18.366,1.33745,1.3376,48.10,12.00
2007.04.05 01:52:27.604,1.33745,1.3376,43.30,12.80
2007.04.05 01:52:36.013,1.33745,1.3376,76.70,12.00
2007.04.05 01:52:36.237,1.33745,1.3376,77.00,4.00
2007.04.05 01:52:44.453,1.3375,1.3376,23.60,4.00
2007.04.05 01:52:44.477,1.33745,1.3376,64.30,4.00
2007.04.05 01:52:44.661,1.33745,1.3376,48.10,12.00
2007.04.05 01:52:47.103,1.33745,1.3376,45.50,12.00
2007.04.05 01:52:48.187,1.33745,1.33765,63.90,29.60
2007.04.05 01:52:50.321,1.33755,1.33765,13.60,13.60
2007.04.05 01:52:50.618,1.33755,1.33765,35.10,5.60
2007.04.05 01:52:51.232,1.33755,1.33775,35.10,55.20
2007.04.05 01:52:58.392,1.3375,1.33775,42.10,74.60
2007.04.05 01:52:58.618,1.3375,1.33775,33.70,72.60
2007.04.05 01:52:58.870,1.33745,1.3377,74.70,31.60
2007.04.05 01:52:59.122,1.33745,1.33765,74.70,12.00
2007.04.05 01:53:00.050,1.33745,1.3377,74.70,31.60
2007.04.05 01:53:00.953,1.33745,1.3377,73.90,27.70
2007.04.05 01:53:07.229,1.33745,1.33765,73.90,8.00
2007.04.05 01:53:08.284,1.33745,1.3377,73.90,27.70
2007.04.05 01:53:36.905,1.3375,1.3376,26.40,0.20
2007.04.05 01:53:36.930,1.33745,1.3376,49.50,0.20
2007.04.05 01:53:37.134,1.33745,1.3376,45.50,12.10
2007.04.05 01:53:37.464,1.33745,1.3376,40.70,12.90
2007.04.05 01:53:40.948,1.33745,1.3376,39.90,12.90
2007.04.05 01:53:43.347,1.33745,1.3376,44.70,12.00
2007.04.05 01:53:58.386,1.33745,1.3376,39.90,12.80
2007.04.05 01:54:10.904,1.3375,1.3376,16.80,15.90
2007.04.05 01:54:10.928,1.33745,1.3376,39.90,15.90
2007.04.05 01:54:11.226,1.33745,1.3376,38.80,16.70
2007.04.05 01:54:11.519,1.33745,1.3376,38.80,12.80
2007.04.05 01:54:23.957,1.33745,1.3376,38.30,12.80
2007.04.05 01:54:33.152,1.33745,1.3376,38.70,12.80
2007.04.05 01:54:34.639,1.33745,1.33765,54.30,36.00
2007.04.05 01:54:51.161,1.3375,1.3376,15.30,0.90
2007.04.05 01:54:51.203,1.33745,1.33765,38.40,36.00
2007.04.05 01:55:01.476,1.33745,1.33765,38.30,37.20
2007.04.05 01:55:01.683,1.33745,1.33765,29.50,39.60
2007.04.05 01:55:01.912,1.33745,1.3376,23.90,27.60
2007.04.05 01:55:04.134,1.33735,1.3375,53.50,8.00
2007.04.05 01:55:04.453,1.33735,1.3375,40.70,12.80
2007.04.05 01:55:05.470,1.33735,1.3375,49.50,8.00
2007.04.05 01:55:06.237,1.33735,1.3375,49.50,4.00
2007.04.05 01:55:07.445,1.33735,1.3375,40.70,8.80
2007.04.05 01:55:08.029,1.33735,1.3375,40.70,12.80
2007.04.05 01:55:08.274,1.33735,1.3375,45.50,12.00
2007.04.05 01:55:08.533,1.33735,1.3375,49.50,8.00
2007.04.05 01:55:09.045,1.33735,1.3375,49.50,4.00
2007.04.05 01:55:11.770,1.33745,1.3375,8.80,4.00
2007.04.05 01:55:12.036,1.33745,1.3376,34.30,13.70
2007.04.05 01:55:12.334,1.33745,1.3376,34.30,12.80
2007.04.05 01:55:14.369,1.33745,1.3375,31.10,4.00
2007.04.05 01:55:14.720,1.33745,1.33755,38.30,13.60
2007.04.05 01:55:14.874,1.33735,1.33755,44.70,27.20
2007.04.05 01:55:15.094,1.33735,1.33755,47.90,31.20
2007.04.05 01:55:15.419,1.33735,1.33755,43.10,36.00
2007.04.05 01:55:15.697,1.33735,1.33755,40.70,36.00
2007.04.05 01:55:21.392,1.3374,1.3375,12.00,0.90
2007.04.05 01:55:31.917,1.3374,1.3375,11.50,0.70
2007.04.05 01:55:50.343,1.3374,1.3375,16.30,4.00
2007.04.05 01:55:50.555,1.3374,1.3375,29.20,4.00
2007.04.05 01:55:50.864,1.3374,1.3375,25.20,4.00
2007.04.05 01:55:51.131,1.3374,1.3376,25.20,25.00
2007.04.05 01:56:26.346,1.3374,1.33755,20.80,11.20
2007.04.05 01:56:26.595,1.3374,1.33755,16.30,27.20
2007.04.05 01:56:26.866,1.3374,1.33755,16.30,23.20
2007.04.05 01:56:28.338,1.3374,1.33755,16.50,13.60
2007.04.05 01:56:28.559,1.3374,1.33755,20.90,4.00
2007.04.05 01:56:28.771,1.3374,1.3376,29.10,21.80
2007.04.05 01:56:32.652,1.3374,1.33755,29.10,1.60
2007.04.05 01:56:32.886,1.3374,1.33755,28.70,9.60
2007.04.05 01:56:33.149,1.3374,1.33755,16.30,23.20
2007.04.05 01:56:33.896,1.3374,1.3376,29.10,21.80
2007.04.05 01:56:43.702,1.3374,1.3376,28.30,21.80
2007.04.05 01:56:45.668,1.3374,1.3376,24.30,25.00
2007.04.05 01:56:47.409,1.3374,1.3376,24.30,0.70
2007.04.05 01:57:02.310,1.3375,1.33765,6.40,40.10
2007.04.05 01:57:02.338,1.33745,1.33765,23.90,65.00
2007.04.05 01:57:02.593,1.33745,1.33765,33.90,40.00
2007.04.05 01:57:03.125,1.33745,1.33765,41.90,36.00
2007.04.05 01:57:13.599,1.33745,1.33765,41.10,36.00
2007.04.05 01:58:05.174,1.3375,1.3376,5.60,12.80
2007.04.05 01:58:05.199,1.33745,1.3375,37.10,4.00
2007.04.05 01:58:05.484,1.33735,1.3375,71.90,4.00
2007.04.05 01:58:05.813,1.33745,1.3375,23.10,4.00
2007.04.05 01:58:06.101,1.33745,1.3376,33.10,8.80
2007.04.05 01:58:06.653,1.33745,1.33765,38.70,40.00
2007.04.05 01:58:13.888,1.33745,1.33765,35.50,40.00
2007.04.05 01:58:49.315,1.33745,1.3376,29.90,10.40
2007.04.05 01:58:49.572,1.3374,1.3376,31.50,22.50
2007.04.05 01:58:49.829,1.3375,1.3376,8.00,25.70
2007.04.05 01:58:49.849,1.33745,1.3376,25.50,25.70
2007.04.05 01:58:50.064,1.33745,1.3376,35.50,8.90
2007.04.05 01:58:50.350,1.33745,1.3376,35.50,8.80
2007.04.05 01:59:35.929,1.33745,1.3376,8.00,16.90
2007.04.05 01:59:36.156,1.3374,1.3376,28.30,25.70
2007.04.05 01:59:36.372,1.3374,1.33755,27.90,9.60
2007.04.05 01:59:36.578,1.3374,1.33755,17.10,27.20
2007.04.05 01:59:39.196,1.3374,1.3376,17.10,49.20
2007.04.05 01:59:40.589,1.3374,1.33755,17.10,31.20
2007.04.05 01:59:45.218,1.3374,1.3376,17.10,49.20
2007.04.05 01:59:58.059,1.3374,1.33755,17.10,31.20
2007.04.05 01:59:58.488,1.3374,1.33755,12.30,40.00
