2019.10.31 10:00:00.088,1.11639,1.11642,820000,750000
2019.10.31 10:00:00.230,1.11644,1.11645,450000,750000
2019.10.31 10:00:00.283,1.11645,1.11647,750000,750000
2019.10.31 10:00:00.334,1.11648,1.1165,750000,750000
2019.10.31 10:00:00.388,1.11649,1.11651,820000,750000
2019.10.31 10:00:00.490,1.11651,1.11654,100000,750000
2019.10.31 10:00:00.618,1.1165,1.11655,450000,100000
2019.10.31 10:00:00.719,1.1165,1.11656,3070000,100000
2019.10.31 10:00:00.820,1.11649,1.11655,100000,450000
2019.10.31 10:00:00.871,1.11649,1.11653,750000,450000
2019.10.31 10:00:00.922,1.11646,1.11652,100000,1200000
2019.10.31 10:00:01.023,1.11647,1.11653,820000,100000
2019.10.31 10:00:01.432,1.11649,1.11653,100000,750000
2019.10.31 10:00:01.534,1.1165,1.11654,100000,820000
2019.10.31 10:00:01.639,1.11652,1.11656,100000,1870000
2019.10.31 10:00:01.740,1.11658,1.11659,100000,750000
2019.10.31 10:00:01.791,1.11659,1.11662,750000,1500000
2019.10.31 10:00:01.842,1.11661,1.11663,750000,750000
2019.10.31 10:00:01.943,1.11664,1.11665,750000,370000
2019.10.31 10:00:02.050,1.11665,1.11667,750000,750000
2019.10.31 10:00:02.109,1.11663,1.11668,750000,820000
2019.10.31 10:00:02.211,1.11659,1.11662,750000,1570000
2019.10.31 10:00:02.262,1.11659,1.11664,750000,820000
2019.10.31 10:00:02.364,1.11659,1.11663,100000,1200000
2019.10.31 10:00:02.465,1.11659,1.11664,100000,370000
2019.10.31 10:00:02.610,1.11656,1.11662,820000,2700000
2019.10.31 10:00:02.881,1.11657,1.11661,100000,100000
2019.10.31 10:00:03.000,1.11657,1.11662,750000,100000
2019.10.31 10:00:03.101,1.11657,1.11661,450000,100000
2019.10.31 10:00:03.203,1.11656,1.11662,100000,450000
2019.10.31 10:00:03.304,1.11657,1.11661,450000,100000
2019.10.31 10:00:03.405,1.11659,1.11663,450000,100000
2019.10.31 10:00:03.531,1.11659,1.11664,450000,750000
2019.10.31 10:00:03.633,1.11658,1.11664,450000,820000
2019.10.31 10:00:03.734,1.11659,1.11664,450000,750000
2019.10.31 10:00:03.835,1.11658,1.11663,450000,750000
2019.10.31 10:00:03.937,1.1166,1.11663,100000,750000
2019.10.31 10:00:03.988,1.11664,1.11666,100000,750000
2019.10.31 10:00:04.039,1.11665,1.11668,100000,1500000
2019.10.31 10:00:04.128,1.11665,1.1167,1950000,1870000
2019.10.31 10:00:04.179,1.11667,1.11669,750000,1500000
2019.10.31 10:00:04.230,1.1167,1.11672,1500000,750000
2019.10.31 10:00:04.334,1.11667,1.11672,750000,100000
2019.10.31 10:00:04.436,1.11666,1.11672,3450000,1720000
2019.10.31 10:00:04.537,1.11665,1.11671,450000,2470000
2019.10.31 10:00:05.034,1.11666,1.11672,450000,100000
2019.10.31 10:00:05.136,1.11665,1.11671,100000,2470000
2019.10.31 10:00:05.316,1.11666,1.11672,450000,100000
2019.10.31 10:00:05.946,1.11665,1.11671,100000,1720000
2019.10.31 10:00:06.148,1.11666,1.11672,1950000,100000
2019.10.31 10:00:06.487,1.11669,1.11672,100000,750000
2019.10.31 10:00:06.590,1.1167,1.11672,100000,370000
2019.10.31 10:00:06.641,1.1167,1.11677,750000,3000000
2019.10.31 10:00:06.692,1.1167,1.11674,450000,3070000
2019.10.31 10:00:06.793,1.1167,1.11671,370000,150000
2019.10.31 10:00:06.844,1.11664,1.11668,750000,450000
2019.10.31 10:00:06.945,1.11665,1.11669,1050000,450000
2019.10.31 10:00:07.047,1.11667,1.11671,450000,100000
2019.10.31 10:00:07.153,1.11665,1.11671,450000,100000
2019.10.31 10:00:07.255,1.11669,1.11673,3070000,100000
2019.10.31 10:00:07.357,1.11668,1.11671,100000,750000
2019.10.31 10:00:07.459,1.11665,1.11671,1200000,820000
2019.10.31 10:00:07.560,1.11665,1.1167,100000,750000
2019.10.31 10:00:07.663,1.11665,1.11671,450000,450000
2019.10.31 10:00:07.943,1.11669,1.11672,100000,750000
2019.10.31 10:00:08.045,1.11668,1.11673,3190000,100000
2019.10.31 10:00:08.146,1.11665,1.11671,100000,820000
2019.10.31 10:00:08.247,1.11666,1.11672,820000,100000
2019.10.31 10:00:08.349,1.11665,1.11671,450000,450000
2019.10.31 10:00:08.450,1.11664,1.11669,370000,450000
2019.10.31 10:00:08.551,1.11663,1.11669,100000,450000
2019.10.31 10:00:08.687,1.11664,1.1167,100000,450000
2019.10.31 10:00:08.918,1.11663,1.11669,100000,450000
2019.10.31 10:00:09.020,1.11663,1.11668,1200000,750000
2019.10.31 10:00:09.122,1.11661,1.11667,100000,450000
2019.10.31 10:00:10.399,1.11662,1.11667,450000,750000
2019.10.31 10:00:10.450,1.11664,1.11667,450000,750000
2019.10.31 10:00:10.552,1.11668,1.1167,750000,370000
2019.10.31 10:00:10.602,1.11668,1.11674,450000,450000
2019.10.31 10:00:10.704,1.11669,1.11673,100000,450000
2019.10.31 10:00:10.805,1.11669,1.11675,2320000,100000
2019.10.31 10:00:10.906,1.11669,1.11673,100000,450000
2019.10.31 10:00:11.007,1.11669,1.11675,820000,100000
2019.10.31 10:00:11.088,1.1167,1.11673,190000,370000
2019.10.31 10:00:11.190,1.11671,1.11674,190000,750000
2019.10.31 10:00:11.493,1.11671,1.11675,260000,1200000
2019.10.31 10:00:11.967,1.1167,1.11675,190000,820000
2019.10.31 10:00:12.069,1.11671,1.11675,190000,100000
2019.10.31 10:00:12.468,1.1167,1.11673,940000,450000
2019.10.31 10:00:12.571,1.1167,1.11674,260000,1200000
2019.10.31 10:00:13.224,1.11671,1.11676,190000,2140000
2019.10.31 10:00:13.326,1.11672,1.11676,750000,1760000
2019.10.31 10:00:13.455,1.11673,1.11676,750000,370000
2019.10.31 10:00:14.018,1.11673,1.11677,1390000,370000
2019.10.31 10:00:14.119,1.11669,1.11671,190000,750000
2019.10.31 10:00:14.170,1.11667,1.11672,2060000,1390000
2019.10.31 10:00:14.271,1.11666,1.11671,190000,1010000
2019.10.31 10:00:14.649,1.11667,1.1167,940000,750000
2019.10.31 10:00:14.701,1.11662,1.11667,4690000,450000
2019.10.31 10:00:14.752,1.11662,1.11664,190000,110000
2019.10.31 10:00:14.873,1.11661,1.11662,2250000,750000
2019.10.31 10:00:14.924,1.11657,1.11659,190000,100000
2019.10.31 10:00:15.026,1.11656,1.11659,190000,190000
2019.10.31 10:00:15.077,1.11659,1.11662,1310000,1690000
2019.10.31 10:00:15.127,1.11659,1.11664,260000,2440000
2019.10.31 10:00:15.178,1.11659,1.11662,940000,1200000
2019.10.31 10:00:15.280,1.11658,1.11661,100000,1690000
2019.10.31 10:00:15.381,1.11657,1.11662,190000,2320000
2019.10.31 10:00:15.519,1.11657,1.11663,1010000,2140000
2019.10.31 10:00:15.621,1.11658,1.11662,1500000,100000
2019.10.31 10:00:15.777,1.11657,1.11662,1500000,4010000
2019.10.31 10:00:15.878,1.11658,1.11662,1500000,100000
2019.10.31 10:00:15.979,1.11657,1.11662,1500000,3260000
2019.10.31 10:00:16.081,1.11658,1.11662,1500000,820000
2019.10.31 10:00:16.232,1.11659,1.11662,2440000,190000
2019.10.31 10:00:16.443,1.11657,1.11662,2510000,940000
2019.10.31 10:00:16.596,1.11658,1.11662,100000,2890000
2019.10.31 10:00:16.647,1.1166,1.11662,1570000,370000
2019.10.31 10:00:16.748,1.11658,1.11662,1500000,260000
2019.10.31 10:00:17.001,1.11657,1.11662,2890000,190000
2019.10.31 10:00:17.132,1.11656,1.11661,640000,1870000
2019.10.31 10:00:17.234,1.11656,1.1166,100000,1870000
2019.10.31 10:00:17.959,1.11656,1.11661,640000,3000000
2019.10.31 10:00:18.534,1.11659,1.11661,100000,750000
2019.10.31 10:00:18.636,1.11659,1.11662,100000,370000
2019.10.31 10:00:18.786,1.11657,1.11661,940000,940000
2019.10.31 10:00:19.392,1.11657,1.11661,1390000,940000
2019.10.31 10:00:19.513,1.11657,1.11661,1390000,940000
2019.10.31 10:00:19.615,1.11659,1.11661,260000,940000
2019.10.31 10:00:19.719,1.11661,1.11663,2140000,190000
2019.10.31 10:00:19.770,1.11657,1.11662,3190000,940000
2019.10.31 10:00:19.872,1.11656,1.1166,640000,2060000
2019.10.31 10:00:19.924,1.11656,1.1166,450000,2440000
2019.10.31 10:00:20.026,1.11655,1.1166,3450000,1690000
2019.10.31 10:00:20.127,1.11653,1.11657,3000000,3370000
2019.10.31 10:00:20.229,1.11652,1.11656,3450000,1500000
2019.10.31 10:00:20.330,1.11651,1.11656,640000,3560000
2019.10.31 10:00:21.865,1.11652,1.11655,1690000,750000
2019.10.31 10:00:22.304,1.11651,1.11655,190000,2140000
2019.10.31 10:00:22.416,1.11652,1.11655,190000,750000
2019.10.31 10:00:22.710,1.11655,1.11657,100000,1310000
2019.10.31 10:00:22.812,1.11655,1.11658,190000,2440000
2019.10.31 10:00:22.914,1.11655,1.11659,1500000,3190000
2019.10.31 10:00:23.016,1.11656,1.11659,1500000,750000
2019.10.31 10:00:23.220,1.11656,1.1166,1690000,1500000
2019.10.31 10:00:23.321,1.11659,1.11662,190000,1310000
2019.10.31 10:00:23.724,1.1166,1.11663,100000,1500000
2019.10.31 10:00:23.825,1.11663,1.11667,1690000,750000
2019.10.31 10:00:23.927,1.11662,1.11666,1500000,560000
2019.10.31 10:00:24.030,1.11661,1.11666,1690000,2140000
2019.10.31 10:00:24.478,1.11662,1.11665,1500000,750000
2019.10.31 10:00:24.926,1.11662,1.11666,1950000,260000
2019.10.31 10:00:25.077,1.11662,1.11665,100000,190000
2019.10.31 10:00:25.179,1.11662,1.11666,750000,190000
2019.10.31 10:00:26.112,1.11661,1.11666,940000,3640000
2019.10.31 10:00:26.518,1.11662,1.11666,1690000,750000
2019.10.31 10:00:26.700,1.11662,1.11665,100000,750000
2019.10.31 10:00:26.803,1.11661,1.11665,100000,4390000
2019.10.31 10:00:26.904,1.11664,1.11666,450000,750000
2019.10.31 10:00:27.005,1.11667,1.11668,2620000,1690000
2019.10.31 10:00:27.056,1.1167,1.11671,370000,750000
2019.10.31 10:00:27.158,1.1167,1.11672,2700000,190000
2019.10.31 10:00:27.261,1.11668,1.11671,940000,3070000
2019.10.31 10:00:27.312,1.11667,1.11669,190000,750000
2019.10.31 10:00:27.414,1.11667,1.1167,1950000,190000
2019.10.31 10:00:27.515,1.11667,1.11668,1500000,190000
2019.10.31 10:00:27.566,1.11665,1.11668,1500000,190000
2019.10.31 10:00:28.757,1.11667,1.11669,1570000,750000
2019.10.31 10:00:28.858,1.11667,1.1167,560000,1870000
2019.10.31 10:00:28.959,1.11667,1.11669,1870000,1500000
2019.10.31 10:00:29.903,1.11667,1.1167,640000,750000
2019.10.31 10:00:30.004,1.11664,1.11668,5140000,3260000
2019.10.31 10:00:30.055,1.11664,1.11665,1500000,100000
2019.10.31 10:00:30.156,1.11662,1.11666,190000,4390000
2019.10.31 10:00:30.258,1.11664,1.11666,190000,190000
2019.10.31 10:00:30.359,1.11664,1.11667,370000,190000
2019.10.31 10:00:30.945,1.11665,1.11667,1120000,190000
2019.10.31 10:00:31.046,1.11665,1.11668,1570000,190000
2019.10.31 10:00:31.575,1.11665,1.11667,3000000,190000
2019.10.31 10:00:31.677,1.11664,1.11667,940000,750000
2019.10.31 10:00:31.778,1.11664,1.11666,100000,750000
2019.10.31 10:00:31.879,1.11664,1.11667,2250000,940000
2019.10.31 10:00:31.980,1.11664,1.11666,370000,190000
2019.10.31 10:00:32.922,1.11664,1.11667,1200000,190000
2019.10.31 10:00:33.023,1.11665,1.11668,450000,940000
2019.10.31 10:00:33.125,1.11666,1.11669,3000000,190000
2019.10.31 10:00:33.265,1.11666,1.11668,1500000,190000
2019.10.31 10:00:33.366,1.11667,1.11669,3070000,190000
2019.10.31 10:00:33.787,1.11666,1.11667,2250000,190000
2019.10.31 10:00:33.838,1.11664,1.11667,190000,260000
2019.10.31 10:00:34.042,1.11663,1.11667,4200000,190000
2019.10.31 10:00:35.278,1.11663,1.11667,4120000,260000
2019.10.31 10:00:35.582,1.11662,1.11667,5810000,1390000
2019.10.31 10:00:35.769,1.11663,1.11667,5620000,190000
2019.10.31 10:00:36.426,1.11663,1.11667,4120000,260000
2019.10.31 10:00:36.956,1.11664,1.11667,4120000,100000
2019.10.31 10:00:39.000,1.11663,1.11667,3370000,190000
2019.10.31 10:00:39.101,1.11663,1.11666,370000,190000
2019.10.31 10:00:40.451,1.11663,1.11667,4500000,1760000
2019.10.31 10:00:41.120,1.11663,1.11666,750000,2250000
2019.10.31 10:00:41.272,1.11663,1.11667,5060000,1870000
2019.10.31 10:00:42.729,1.11665,1.11668,1870000,2440000
2019.10.31 10:00:42.830,1.11666,1.11669,560000,2620000
2019.10.31 10:00:43.591,1.11667,1.11669,560000,100000
2019.10.31 10:00:43.871,1.11667,1.1167,3560000,100000
2019.10.31 10:00:44.801,1.11666,1.11669,560000,1500000
2019.10.31 10:00:44.902,1.11667,1.11669,190000,100000
2019.10.31 10:00:45.005,1.11666,1.11669,190000,1570000
2019.10.31 10:00:45.107,1.11666,1.1167,1310000,1760000
2019.10.31 10:00:45.887,1.11667,1.1167,1310000,450000
2019.10.31 10:00:48.704,1.11667,1.11669,370000,450000
2019.10.31 10:00:51.120,1.11668,1.11669,370000,450000
2019.10.31 10:00:51.221,1.11667,1.11669,370000,1390000
2019.10.31 10:00:51.797,1.1167,1.11672,2250000,1310000
2019.10.31 10:00:51.926,1.1167,1.11673,1500000,1010000
2019.10.31 10:00:52.028,1.11671,1.11675,6190000,1010000
2019.10.31 10:00:52.281,1.11672,1.11675,2250000,940000
2019.10.31 10:00:52.382,1.11673,1.11675,2250000,100000
2019.10.31 10:00:52.484,1.11672,1.11676,3190000,1010000
2019.10.31 10:00:52.586,1.11673,1.11676,2250000,190000
2019.10.31 10:00:56.109,1.11672,1.11675,190000,2510000
2019.10.31 10:00:56.810,1.11676,1.11677,750000,1500000
2019.10.31 10:00:56.861,1.11677,1.11679,190000,750000
2019.10.31 10:00:56.963,1.11677,1.1168,3560000,1010000
2019.10.31 10:01:00.252,1.11678,1.1168,1120000,190000
2019.10.31 10:01:00.353,1.1168,1.11681,750000,750000
2019.10.31 10:01:00.456,1.1168,1.11683,750000,3560000
2019.10.31 10:01:00.557,1.11682,1.11685,1120000,640000
2019.10.31 10:01:00.659,1.11683,1.11685,370000,100000
2019.10.31 10:01:00.782,1.11682,1.11685,370000,1310000
2019.10.31 10:01:00.884,1.11683,1.11685,370000,100000
2019.10.31 10:01:01.379,1.11682,1.11685,1120000,3260000
2019.10.31 10:01:01.480,1.11683,1.11685,1120000,100000
2019.10.31 10:01:01.802,1.11683,1.11686,940000,100000
2019.10.31 10:01:02.446,1.11686,1.11688,4710000,750000
2019.10.31 10:01:02.649,1.11686,1.11688,1310000,750000
2019.10.31 10:01:02.902,1.11687,1.11689,190000,1010000
2019.10.31 10:01:03.452,1.11687,1.1169,1120000,1010000
2019.10.31 10:01:03.604,1.11687,1.11691,560000,1390000
2019.10.31 10:01:03.706,1.11691,1.11693,750000,1760000
2019.10.31 10:01:03.757,1.11693,1.11695,1690000,750000
2019.10.31 10:01:03.940,1.11692,1.11694,750000,1570000
2019.10.31 10:01:05.624,1.11693,1.11696,2620000,2510000
2019.10.31 10:01:05.779,1.11693,1.11695,370000,260000
2019.10.31 10:01:06.652,1.11693,1.11696,2250000,190000
2019.10.31 10:01:06.753,1.11693,1.11695,370000,190000
2019.10.31 10:01:06.879,1.11693,1.11694,370000,190000
2019.10.31 10:01:08.157,1.11693,1.11695,1870000,1760000
2019.10.31 10:01:08.376,1.11693,1.11696,2620000,1010000
2019.10.31 10:01:09.443,1.11692,1.11694,190000,100000
2019.10.31 10:01:09.545,1.11693,1.11694,190000,450000
2019.10.31 10:01:09.656,1.11693,1.11696,4310000,100000
2019.10.31 10:01:10.010,1.11692,1.11695,750000,100000
2019.10.31 10:01:10.233,1.11691,1.11695,940000,2250000
2019.10.31 10:01:10.600,1.11692,1.11695,940000,100000
2019.10.31 10:01:10.983,1.11691,1.11695,940000,2890000
2019.10.31 10:01:11.085,1.11693,1.11695,2440000,100000
2019.10.31 10:01:11.187,1.11692,1.11695,1690000,100000
2019.10.31 10:01:11.288,1.11693,1.11695,2060000,100000
2019.10.31 10:01:11.390,1.11692,1.11695,2060000,100000
2019.10.31 10:01:12.946,1.11692,1.11694,750000,100000
2019.10.31 10:01:15.414,1.11692,1.11693,190000,820000
2019.10.31 10:01:15.622,1.11692,1.11694,940000,1010000
2019.10.31 10:01:17.066,1.11691,1.11693,1500000,260000
2019.10.31 10:01:17.167,1.11691,1.11692,1500000,190000
2019.10.31 10:01:17.269,1.11691,1.11693,1690000,190000
2019.10.31 10:01:17.370,1.11692,1.11693,1500000,190000
2019.10.31 10:01:17.472,1.11691,1.11693,750000,190000
2019.10.31 10:01:18.083,1.11693,1.11694,750000,750000
2019.10.31 10:01:18.134,1.11692,1.11696,2060000,2810000
2019.10.31 10:01:18.185,1.11694,1.11697,370000,750000
2019.10.31 10:01:18.287,1.11695,1.11698,1120000,2700000
2019.10.31 10:01:18.388,1.11695,1.11699,3370000,3260000
2019.10.31 10:01:18.490,1.11696,1.11699,3370000,1570000
2019.10.31 10:01:19.467,1.11697,1.11699,1500000,1500000
2019.10.31 10:01:19.735,1.11697,1.117,940000,2620000
2019.10.31 10:01:19.837,1.11697,1.11701,3000000,1950000
2019.10.31 10:01:19.980,1.11699,1.11701,940000,3370000
2019.10.31 10:01:20.031,1.11702,1.11703,1120000,750000
2019.10.31 10:01:20.082,1.11701,1.11705,5440000,1690000
2019.10.31 10:01:20.143,1.11703,1.11705,2440000,1500000
2019.10.31 10:01:20.245,1.11702,1.11705,3190000,1500000
2019.10.31 10:01:20.346,1.11701,1.11705,2250000,3640000
2019.10.31 10:01:20.966,1.11705,1.11706,370000,3000000
2019.10.31 10:01:21.068,1.11706,1.11709,190000,1570000
2019.10.31 10:01:21.170,1.11706,1.1171,5810000,750000
2019.10.31 10:01:21.272,1.11707,1.11709,370000,370000
2019.10.31 10:01:22.177,1.11707,1.1171,940000,190000
2019.10.31 10:01:24.847,1.11706,1.1171,1500000,2510000
2019.10.31 10:01:25.301,1.11707,1.1171,1500000,450000
2019.10.31 10:01:25.850,1.11707,1.11711,5140000,100000
2019.10.31 10:01:26.002,1.11708,1.11711,5890000,750000
2019.10.31 10:01:26.457,1.11708,1.1171,1500000,750000
2019.10.31 10:01:26.587,1.11708,1.11711,3560000,750000
2019.10.31 10:01:26.997,1.11707,1.11711,3560000,1760000
2019.10.31 10:01:27.742,1.11708,1.11711,7690000,100000
2019.10.31 10:01:27.883,1.11708,1.11711,10690000,100000
2019.10.31 10:01:27.934,1.11706,1.11708,6190000,820000
2019.10.31 10:01:28.036,1.11703,1.11707,3370000,640000
2019.10.31 10:01:28.138,1.11703,1.11706,2620000,640000
2019.10.31 10:01:28.239,1.11703,1.11706,3370000,1010000
2019.10.31 10:01:28.341,1.11704,1.11706,3370000,750000
2019.10.31 10:01:28.392,1.11706,1.11708,750000,2440000
2019.10.31 10:01:28.514,1.11707,1.11708,750000,190000
2019.10.31 10:01:28.565,1.11706,1.1171,3560000,1760000
2019.10.31 10:01:28.667,1.11707,1.1171,2060000,100000
2019.10.31 10:01:28.769,1.11707,1.1171,2060000,100000
2019.10.31 10:01:28.921,1.11707,1.1171,1310000,820000
2019.10.31 10:01:29.074,1.11709,1.1171,370000,750000
2019.10.31 10:01:29.176,1.11709,1.11711,1870000,1120000
2019.10.31 10:01:29.634,1.11708,1.11711,4310000,100000
2019.10.31 10:01:29.736,1.11707,1.11711,4310000,2890000
2019.10.31 10:01:29.848,1.11709,1.11711,4310000,100000
2019.10.31 10:01:30.155,1.11707,1.11711,4310000,2510000
2019.10.31 10:01:30.656,1.11708,1.11711,4310000,100000
2019.10.31 10:01:30.785,1.11707,1.11711,4310000,2140000
2019.10.31 10:01:31.460,1.11708,1.11711,5060000,100000
2019.10.31 10:01:33.095,1.11708,1.11711,4310000,100000
2019.10.31 10:01:33.763,1.11708,1.11711,5810000,100000
2019.10.31 10:01:34.518,1.11708,1.1171,750000,100000
2019.10.31 10:01:35.429,1.11708,1.11711,4690000,100000
2019.10.31 10:01:35.530,1.11707,1.11711,4690000,1870000
2019.10.31 10:01:36.044,1.11708,1.11711,3370000,1690000
2019.10.31 10:01:36.146,1.11709,1.11711,750000,100000
2019.10.31 10:01:36.247,1.11708,1.11711,2810000,100000
2019.10.31 10:01:36.348,1.11708,1.1171,1500000,100000
2019.10.31 10:01:36.449,1.11707,1.1171,1500000,100000
2019.10.31 10:01:37.987,1.11706,1.11709,2440000,450000
2019.10.31 10:01:38.089,1.11705,1.11706,750000,100000
2019.10.31 10:01:38.191,1.11704,1.11706,940000,100000
2019.10.31 10:01:38.329,1.11703,1.11706,2440000,1570000
2019.10.31 10:01:38.921,1.11704,1.11706,2250000,100000
2019.10.31 10:01:40.113,1.11703,1.11706,2250000,2140000
2019.10.31 10:01:40.265,1.11703,1.11707,1010000,940000
2019.10.31 10:01:40.394,1.11706,1.11708,1010000,560000
2019.10.31 10:01:42.208,1.11704,1.11708,4380000,1500000
2019.10.31 10:01:42.669,1.11703,1.11707,3450000,1120000
2019.10.31 10:01:42.771,1.11704,1.11707,7760000,750000
2019.10.31 10:01:42.872,1.11704,1.11706,2810000,750000
2019.10.31 10:01:43.173,1.11703,1.11706,2880000,750000
2019.10.31 10:01:46.365,1.11703,1.11706,100000,1310000
2019.10.31 10:01:47.649,1.11704,1.11706,1760000,370000
2019.10.31 10:01:48.218,1.11705,1.11707,2140000,370000
2019.10.31 10:01:48.775,1.11705,1.11706,100000,370000
2019.10.31 10:01:48.956,1.11704,1.11706,100000,750000
2019.10.31 10:01:49.253,1.11703,1.11706,370000,2250000
2019.10.31 10:01:49.804,1.11703,1.11705,100000,1500000
2019.10.31 10:01:49.910,1.11703,1.11706,1760000,1500000
2019.10.31 10:01:50.012,1.11703,1.11705,100000,1500000
2019.10.31 10:01:50.165,1.11703,1.11706,1760000,1500000
2019.10.31 10:01:50.267,1.11704,1.11706,190000,560000
2019.10.31 10:01:50.417,1.11704,1.11705,100000,560000
2019.10.31 10:01:50.519,1.11704,1.11706,1010000,560000
2019.10.31 10:01:50.807,1.11704,1.11705,190000,370000
2019.10.31 10:01:53.494,1.11704,1.11706,100000,370000
2019.10.31 10:01:53.696,1.11704,1.11707,4760000,370000
2019.10.31 10:01:54.255,1.11703,1.11707,5140000,2440000
2019.10.31 10:01:54.638,1.11704,1.11706,370000,370000
2019.10.31 10:01:55.682,1.11703,1.11706,1010000,3000000
2019.10.31 10:01:57.740,1.11703,1.11707,5890000,6190000
2019.10.31 10:01:57.842,1.11703,1.11706,2250000,6560000
2019.10.31 10:01:57.943,1.11703,1.11705,100000,5250000
2019.10.31 10:01:58.543,1.11703,1.11706,260000,1120000
2019.10.31 10:01:59.596,1.11702,1.11704,750000,4120000
2019.10.31 10:01:59.648,1.11699,1.11701,1700000,1500000
2019.10.31 10:01:59.699,1.11698,1.11699,1500000,3940000
2019.10.31 10:01:59.750,1.11697,1.11699,190000,1120000
2019.10.31 10:01:59.952,1.11697,1.117,940000,1120000
2019.10.31 10:02:00.053,1.11697,1.11699,190000,1500000
2019.10.31 10:02:00.314,1.11697,1.117,260000,2250000
2019.10.31 10:02:04.044,1.11697,1.117,260000,2810000
2019.10.31 10:02:10.358,1.11697,1.11698,1500000,750000
2019.10.31 10:02:10.561,1.11696,1.11698,100000,190000
2019.10.31 10:02:11.718,1.11697,1.11699,260000,190000
2019.10.31 10:02:11.847,1.11695,1.11698,750000,2810000
2019.10.31 10:02:11.950,1.11695,1.11698,1220000,2810000
2019.10.31 10:02:12.051,1.11695,1.11698,820000,2810000
2019.10.31 10:02:12.287,1.11696,1.11698,1010000,940000
2019.10.31 10:02:12.388,1.11695,1.11699,2700000,2060000
2019.10.31 10:02:12.490,1.11696,1.11699,3100000,370000
2019.10.31 10:02:12.646,1.11695,1.11699,3100000,2060000
2019.10.31 10:02:13.085,1.11695,1.11698,370000,2060000
2019.10.31 10:02:13.449,1.11696,1.11698,470000,190000
2019.10.31 10:02:13.519,1.11696,1.11699,3070000,190000
2019.10.31 10:02:13.810,1.11697,1.11699,2140000,190000
2019.10.31 10:02:14.611,1.11695,1.11698,1570000,2060000
2019.10.31 10:02:14.713,1.11695,1.11697,100000,1690000
2019.10.31 10:02:17.102,1.11695,1.11698,1200000,2810000
2019.10.31 10:02:17.854,1.11695,1.11699,3450000,3940000
2019.10.31 10:02:19.543,1.11696,1.11699,7570000,750000
2019.10.31 10:02:19.624,1.11696,1.11697,100000,750000
2019.10.31 10:02:19.725,1.11696,1.11699,820000,2810000
2019.10.31 10:02:21.827,1.11697,1.11699,100000,370000
2019.10.31 10:02:25.624,1.11697,1.117,1010000,1500000
2019.10.31 10:02:26.593,1.11697,1.11699,450000,2250000
2019.10.31 10:02:27.169,1.11697,1.117,1390000,2250000
2019.10.31 10:02:28.290,1.11698,1.117,2140000,750000
2019.10.31 10:02:28.613,1.11698,1.11699,100000,750000
2019.10.31 10:02:30.920,1.11698,1.117,1200000,750000
2019.10.31 10:02:31.372,1.11697,1.11699,100000,2440000
2019.10.31 10:02:31.474,1.11697,1.117,750000,2440000
2019.10.31 10:02:31.736,1.11697,1.11699,100000,1500000
2019.10.31 10:02:31.837,1.11696,1.11699,260000,2250000
2019.10.31 10:02:31.949,1.11696,1.11697,100000,1500000
2019.10.31 10:02:32.051,1.11695,1.11697,100000,1690000
2019.10.31 10:02:32.203,1.11694,1.11696,2250000,370000
2019.10.31 10:02:32.305,1.11693,1.11696,1500000,3940000
2019.10.31 10:02:33.839,1.11693,1.11695,190000,2810000
2019.10.31 10:02:34.342,1.11696,1.11697,450000,6370000
2019.10.31 10:02:34.444,1.11696,1.11699,4390000,6560000
2019.10.31 10:02:34.550,1.11696,1.11698,190000,7690000
2019.10.31 10:02:34.964,1.11697,1.11698,190000,370000
2019.10.31 10:02:35.707,1.11696,1.11698,190000,3190000
2019.10.31 10:02:36.280,1.11697,1.11698,190000,1120000
2019.10.31 10:02:36.541,1.11698,1.117,1200000,750000
2019.10.31 10:02:36.643,1.11698,1.11699,370000,750000
2019.10.31 10:02:36.744,1.11698,1.117,750000,750000
2019.10.31 10:02:37.280,1.11697,1.117,750000,3750000
2019.10.31 10:02:42.526,1.11699,1.117,750000,940000
2019.10.31 10:02:42.689,1.11703,1.11705,750000,3070000
2019.10.31 10:02:42.791,1.11703,1.11706,750000,4690000
2019.10.31 10:02:43.207,1.11703,1.11707,940000,2140000
2019.10.31 10:02:43.502,1.11705,1.11707,940000,370000
2019.10.31 10:02:44.455,1.11706,1.11707,750000,370000
2019.10.31 10:02:44.556,1.11706,1.11709,5440000,370000
2019.10.31 10:02:45.114,1.11706,1.11708,750000,2700000
2019.10.31 10:02:45.547,1.11706,1.11709,1690000,2700000
2019.10.31 10:02:45.696,1.11707,1.11709,2440000,750000
2019.10.31 10:02:48.567,1.11703,1.11704,1500000,1500000
2019.10.31 10:02:48.618,1.11699,1.11701,190000,750000
2019.10.31 10:02:48.876,1.11698,1.11701,940000,1120000
2019.10.31 10:02:48.978,1.11698,1.11701,750000,2140000
2019.10.31 10:02:49.080,1.11699,1.11701,750000,3190000
2019.10.31 10:02:49.181,1.11699,1.11702,370000,3560000
2019.10.31 10:02:49.283,1.11699,1.11701,1690000,3370000
2019.10.31 10:02:49.672,1.11698,1.11701,1690000,820000
2019.10.31 10:02:50.259,1.11699,1.11701,1690000,750000
2019.10.31 10:02:50.515,1.11699,1.11702,2620000,3190000
2019.10.31 10:02:50.623,1.11698,1.11701,560000,2250000
2019.10.31 10:02:50.826,1.11699,1.11701,190000,1500000
2019.10.31 10:02:50.977,1.11698,1.11701,560000,5250000
2019.10.31 10:02:51.079,1.11699,1.11701,4690000,100000
2019.10.31 10:02:51.180,1.11698,1.11701,940000,1570000
2019.10.31 10:02:51.288,1.11698,1.117,750000,1570000
2019.10.31 10:02:53.095,1.11699,1.11702,1120000,190000
2019.10.31 10:02:53.327,1.11699,1.11701,560000,450000
2019.10.31 10:02:53.429,1.11698,1.11701,560000,1200000
2019.10.31 10:02:54.002,1.11699,1.11701,1690000,100000
2019.10.31 10:02:55.260,1.11698,1.11701,190000,7570000
2019.10.31 10:02:55.311,1.117,1.11702,560000,190000
2019.10.31 10:02:55.464,1.11699,1.11701,1690000,750000
2019.10.31 10:02:56.911,1.117,1.11701,190000,100000
2019.10.31 10:02:57.113,1.11699,1.11701,190000,750000
2019.10.31 10:02:57.316,1.117,1.11703,1870000,190000
2019.10.31 10:02:57.418,1.11701,1.11704,4120000,260000
2019.10.31 10:02:57.519,1.11703,1.11704,750000,190000
2019.10.31 10:03:00.151,1.11701,1.11704,750000,2510000
2019.10.31 10:03:00.619,1.11702,1.11704,750000,1310000
2019.10.31 10:03:00.721,1.11702,1.11705,750000,190000
2019.10.31 10:03:01.314,1.11701,1.11705,940000,3190000
2019.10.31 10:03:01.415,1.11701,1.11704,370000,1310000
2019.10.31 10:03:02.196,1.117,1.11703,2440000,1500000
2019.10.31 10:03:02.297,1.11699,1.11702,750000,1570000
2019.10.31 10:03:02.399,1.117,1.11703,1870000,370000
2019.10.31 10:03:02.501,1.117,1.11704,3070000,3190000
2019.10.31 10:03:02.603,1.11701,1.11704,2250000,750000
2019.10.31 10:03:02.704,1.117,1.11702,2250000,1500000
2019.10.31 10:03:02.805,1.11699,1.11701,750000,1120000
2019.10.31 10:03:04.577,1.11701,1.11703,2890000,750000
2019.10.31 10:03:04.678,1.11702,1.11703,1500000,560000
2019.10.31 10:03:05.001,1.11702,1.11704,940000,190000
2019.10.31 10:03:05.690,1.11701,1.11705,4390000,1570000
2019.10.31 10:03:05.792,1.11701,1.11704,750000,1310000
2019.10.31 10:03:05.893,1.11701,1.11703,750000,1310000
2019.10.31 10:03:06.544,1.11701,1.11702,2250000,750000
2019.10.31 10:03:06.645,1.117,1.11702,2620000,1500000
2019.10.31 10:03:06.747,1.11701,1.11703,370000,370000
2019.10.31 10:03:06.848,1.11701,1.11704,3190000,560000
2019.10.31 10:03:07.060,1.11702,1.11704,940000,750000
2019.10.31 10:03:07.212,1.11701,1.11704,750000,2510000
2019.10.31 10:03:07.364,1.11702,1.11705,2510000,370000
2019.10.31 10:03:07.465,1.11701,1.11705,2510000,3260000
2019.10.31 10:03:07.974,1.11702,1.11705,2440000,370000
2019.10.31 10:03:09.952,1.11701,1.11705,3190000,1760000
2019.10.31 10:03:10.054,1.11701,1.11703,750000,940000
2019.10.31 10:03:10.155,1.117,1.11703,1120000,2440000
2019.10.31 10:03:10.257,1.11701,1.11702,370000,750000
2019.10.31 10:03:11.046,1.117,1.11702,370000,2620000
2019.10.31 10:03:11.199,1.117,1.11703,1120000,3370000
2019.10.31 10:03:11.300,1.11701,1.11703,1120000,750000
2019.10.31 10:03:12.060,1.11701,1.11702,750000,750000
2019.10.31 10:03:12.162,1.117,1.11702,750000,1500000
2019.10.31 10:03:13.125,1.117,1.11703,370000,3820000
2019.10.31 10:03:13.227,1.11701,1.11704,190000,1120000
2019.10.31 10:03:13.328,1.11701,1.11705,3190000,1310000
2019.10.31 10:03:14.084,1.11702,1.11705,4690000,100000
2019.10.31 10:03:14.622,1.11701,1.11705,4760000,2510000
2019.10.31 10:03:15.548,1.11702,1.11705,3260000,370000
2019.10.31 10:03:15.997,1.11702,1.11704,1690000,370000
2019.10.31 10:03:16.149,1.11701,1.11704,190000,750000
2019.10.31 10:03:16.250,1.11701,1.11705,4310000,940000
2019.10.31 10:03:16.417,1.11701,1.11703,750000,940000
2019.10.31 10:03:18.756,1.11702,1.11703,190000,370000
2019.10.31 10:03:18.857,1.11701,1.11704,750000,940000
2019.10.31 10:03:20.411,1.11702,1.11704,820000,370000
2019.10.31 10:03:20.513,1.11701,1.11704,820000,2060000
2019.10.31 10:03:22.274,1.11701,1.11703,100000,750000
2019.10.31 10:03:22.671,1.11699,1.11702,1690000,1870000
2019.10.31 10:03:22.723,1.11698,1.117,940000,750000
2019.10.31 10:03:22.825,1.11698,1.11701,3450000,1310000
2019.10.31 10:03:23.645,1.11697,1.11699,190000,940000
2019.10.31 10:03:23.849,1.11696,1.11698,450000,560000
2019.10.31 10:03:23.998,1.11696,1.11697,100000,750000
2019.10.31 10:03:24.356,1.11694,1.11697,820000,1500000
2019.10.31 10:03:24.458,1.11694,1.11696,1760000,370000
2019.10.31 10:03:24.509,1.11692,1.11694,100000,370000
2019.10.31 10:03:24.919,1.11692,1.11693,100000,190000
2019.10.31 10:03:25.024,1.11692,1.11694,260000,190000
2019.10.31 10:03:25.176,1.11691,1.11694,260000,2440000
2019.10.31 10:03:25.481,1.11691,1.11693,100000,3560000
2019.10.31 10:03:26.786,1.1169,1.11692,2140000,370000
2019.10.31 10:03:26.933,1.11689,1.11691,100000,1120000
2019.10.31 10:03:27.034,1.11689,1.1169,100000,370000
2019.10.31 10:03:27.136,1.11689,1.11691,100000,370000
2019.10.31 10:03:27.237,1.11689,1.11692,1160000,370000
2019.10.31 10:03:27.339,1.11689,1.11691,100000,370000
2019.10.31 10:03:27.541,1.11688,1.11691,100000,2440000
2019.10.31 10:03:28.986,1.11687,1.11691,100000,5060000
2019.10.31 10:03:29.139,1.11688,1.11691,100000,370000
2019.10.31 10:03:29.240,1.11689,1.1169,100000,370000
2019.10.31 10:03:29.342,1.11688,1.1169,470000,1870000
2019.10.31 10:03:29.487,1.11688,1.11689,100000,1500000
2019.10.31 10:03:29.589,1.11687,1.1169,1200000,750000
2019.10.31 10:03:29.713,1.11687,1.11689,100000,370000
2019.10.31 10:03:30.183,1.11687,1.11688,100000,940000
2019.10.31 10:03:30.298,1.11688,1.11689,450000,370000
2019.10.31 10:03:30.351,1.11687,1.1169,1760000,370000
2019.10.31 10:03:30.453,1.11687,1.11689,100000,370000
2019.10.31 10:03:31.180,1.11687,1.1169,820000,4500000
2019.10.31 10:03:31.274,1.11689,1.1169,820000,1120000
2019.10.31 10:03:31.324,1.1169,1.11692,1010000,190000
2019.10.31 10:03:31.426,1.11691,1.11693,1570000,370000
2019.10.31 10:03:31.729,1.1169,1.11691,940000,750000
2019.10.31 10:03:31.780,1.11688,1.11691,190000,8550000
2019.10.31 10:03:31.982,1.11687,1.11691,2140000,2620000
2019.10.31 10:03:32.084,1.11688,1.1169,100000,3750000
2019.10.31 10:03:32.185,1.11689,1.11692,1200000,370000
2019.10.31 10:03:32.286,1.11688,1.1169,100000,5170000
2019.10.31 10:03:32.683,1.11687,1.1169,190000,3750000
2019.10.31 10:03:32.785,1.11688,1.1169,260000,370000
2019.10.31 10:03:32.910,1.11687,1.1169,1010000,3000000
2019.10.31 10:03:33.978,1.11686,1.1169,1760000,6560000
2019.10.31 10:03:34.080,1.11687,1.11689,100000,370000
2019.10.31 10:03:34.434,1.11686,1.11689,100000,6190000
2019.10.31 10:03:34.882,1.11687,1.11689,100000,750000
2019.10.31 10:03:34.983,1.11686,1.11689,100000,6940000
2019.10.31 10:03:35.085,1.11687,1.11689,100000,1500000
2019.10.31 10:03:35.621,1.11686,1.11688,370000,6190000
2019.10.31 10:03:35.722,1.11685,1.11686,1500000,750000
2019.10.31 10:03:35.823,1.11683,1.11686,820000,3940000
2019.10.31 10:03:35.975,1.11682,1.11686,2140000,4760000
2019.10.31 10:03:36.076,1.11683,1.11685,100000,370000
2019.10.31 10:03:36.127,1.11685,1.11687,3450000,1120000
2019.10.31 10:03:36.267,1.11685,1.11687,750000,1500000
2019.10.31 10:03:36.369,1.11685,1.11688,100000,2440000
2019.10.31 10:03:36.471,1.11687,1.11689,820000,370000
2019.10.31 10:03:37.097,1.11687,1.1169,3260000,2060000
2019.10.31 10:03:37.453,1.11687,1.11689,100000,1690000
2019.10.31 10:03:37.554,1.11688,1.1169,260000,750000
2019.10.31 10:03:37.655,1.11687,1.1169,260000,2060000
2019.10.31 10:03:38.376,1.11687,1.11689,100000,750000
2019.10.31 10:03:39.342,1.11687,1.1169,1390000,1500000
2019.10.31 10:03:39.486,1.11688,1.1169,1010000,370000
2019.10.31 10:03:39.538,1.1169,1.11692,2320000,190000
2019.10.31 10:03:39.741,1.1169,1.11693,100000,2810000
2019.10.31 10:03:40.271,1.1169,1.11692,450000,2440000
2019.10.31 10:03:40.373,1.1169,1.11693,100000,2440000
2019.10.31 10:03:41.392,1.1169,1.11692,100000,2810000
2019.10.31 10:03:41.550,1.1169,1.11693,450000,2810000
2019.10.31 10:03:42.486,1.1169,1.11692,100000,3190000
2019.10.31 10:03:43.230,1.1169,1.11693,100000,3190000
2019.10.31 10:03:43.346,1.1169,1.11694,640000,2810000
2019.10.31 10:03:44.658,1.1169,1.11693,100000,2440000
2019.10.31 10:03:45.224,1.1169,1.11692,190000,370000
2019.10.31 10:03:45.326,1.11691,1.11692,100000,190000
2019.10.31 10:03:45.429,1.11691,1.11693,260000,190000
2019.10.31 10:03:47.700,1.1169,1.11692,260000,750000
2019.10.31 10:03:47.801,1.11689,1.11692,260000,750000
2019.10.31 10:03:47.943,1.11689,1.11691,100000,750000
2019.10.31 10:03:48.095,1.11689,1.1169,100000,750000
2019.10.31 10:03:48.197,1.11689,1.11692,1760000,750000
2019.10.31 10:03:48.654,1.11689,1.11691,100000,750000
2019.10.31 10:03:48.951,1.11688,1.11691,100000,3560000
2019.10.31 10:03:49.053,1.11688,1.11692,2140000,2440000
2019.10.31 10:03:49.154,1.11688,1.1169,190000,2440000
2019.10.31 10:03:49.256,1.11687,1.11689,190000,2060000
2019.10.31 10:03:49.408,1.11686,1.11689,3260000,1500000
2019.10.31 10:03:49.526,1.11685,1.11688,750000,2440000
2019.10.31 10:03:49.628,1.11683,1.11686,1010000,750000
2019.10.31 10:03:49.730,1.11683,1.11685,100000,750000
2019.10.31 10:03:49.832,1.11683,1.11684,100000,750000
2019.10.31 10:03:49.938,1.11683,1.11685,100000,750000
2019.10.31 10:03:50.090,1.11683,1.11686,1390000,750000
2019.10.31 10:03:50.341,1.11684,1.11686,100000,2440000
2019.10.31 10:03:50.494,1.11684,1.11687,450000,2440000
2019.10.31 10:03:51.324,1.11683,1.11687,1460000,6190000
2019.10.31 10:03:51.953,1.11683,1.11686,100000,3940000
2019.10.31 10:03:53.262,1.11683,1.11687,1460000,2810000
2019.10.31 10:03:53.363,1.11683,1.11686,100000,2060000
2019.10.31 10:03:53.994,1.11684,1.11687,2770000,190000
2019.10.31 10:03:54.196,1.11683,1.11687,2320000,2810000
2019.10.31 10:03:54.496,1.11684,1.11687,2320000,190000
2019.10.31 10:03:54.946,1.11683,1.11687,2320000,2810000
2019.10.31 10:03:55.474,1.11683,1.11686,100000,2060000
2019.10.31 10:03:56.573,1.11684,1.11686,1760000,750000
2019.10.31 10:03:56.626,1.11682,1.11685,370000,2810000
2019.10.31 10:03:56.879,1.11682,1.11686,4760000,3940000
2019.10.31 10:03:57.081,1.11682,1.11685,100000,1690000
2019.10.31 10:04:00.095,1.11682,1.11684,640000,190000
2019.10.31 10:04:00.197,1.11681,1.11683,750000,2810000
2019.10.31 10:04:00.350,1.11682,1.11684,470000,2060000
2019.10.31 10:04:00.459,1.11682,1.11684,100000,3190000
2019.10.31 10:04:00.562,1.11682,1.11685,3070000,190000
2019.10.31 10:04:00.714,1.11682,1.11684,100000,190000
2019.10.31 10:04:00.815,1.11682,1.11683,100000,190000
2019.10.31 10:04:00.917,1.11682,1.11684,100000,190000
2019.10.31 10:04:01.327,1.11682,1.11685,1200000,190000
2019.10.31 10:04:01.428,1.11682,1.11684,100000,190000
2019.10.31 10:04:02.550,1.11681,1.11683,470000,1310000
2019.10.31 10:04:03.026,1.11682,1.11684,100000,370000
2019.10.31 10:04:04.035,1.11682,1.11683,100000,370000
2019.10.31 10:04:04.201,1.11682,1.11684,450000,370000
2019.10.31 10:04:04.303,1.11682,1.11685,100000,370000
2019.10.31 10:04:04.734,1.11682,1.11684,100000,370000
2019.10.31 10:04:05.349,1.11682,1.11685,100000,1120000
2019.10.31 10:04:05.502,1.11682,1.11684,470000,750000
2019.10.31 10:04:05.606,1.11682,1.11684,450000,750000
2019.10.31 10:04:05.708,1.11682,1.11683,450000,750000
2019.10.31 10:04:05.910,1.11682,1.11684,1200000,750000
2019.10.31 10:04:06.079,1.11682,1.11683,100000,750000
2019.10.31 10:04:06.234,1.11681,1.11683,100000,1690000
2019.10.31 10:04:06.336,1.11681,1.11684,450000,3190000
2019.10.31 10:04:06.488,1.11681,1.11683,100000,2060000
2019.10.31 10:04:06.589,1.11681,1.11684,100000,3560000
2019.10.31 10:04:06.691,1.11682,1.11684,100000,370000
2019.10.31 10:04:06.937,1.11681,1.11684,100000,2440000
2019.10.31 10:04:09.693,1.11681,1.11683,100000,940000
2019.10.31 10:04:09.964,1.11681,1.11684,450000,940000
2019.10.31 10:04:10.065,1.11682,1.11683,100000,370000
2019.10.31 10:04:10.397,1.11682,1.11684,100000,370000
2019.10.31 10:04:15.307,1.11682,1.11683,100000,190000
2019.10.31 10:04:15.749,1.11682,1.11684,1570000,190000
2019.10.31 10:04:15.850,1.11681,1.11682,100000,940000
2019.10.31 10:04:16.626,1.1168,1.11682,1570000,2060000
2019.10.31 10:04:16.770,1.11678,1.1168,1010000,190000
2019.10.31 10:04:16.872,1.11676,1.1168,5140000,1310000
2019.10.31 10:04:16.973,1.11676,1.11679,100000,560000
2019.10.31 10:04:17.486,1.11676,1.11678,750000,560000
2019.10.31 10:04:20.899,1.11675,1.11678,750000,940000
2019.10.31 10:04:20.950,1.11674,1.11676,1500000,4120000
2019.10.31 10:04:21.071,1.11673,1.11676,4010000,750000
2019.10.31 10:04:21.224,1.11672,1.11674,190000,190000
2019.10.31 10:04:22.044,1.11672,1.11673,100000,940000
2019.10.31 10:04:22.145,1.11672,1.11674,260000,940000
2019.10.31 10:04:23.704,1.11672,1.11673,100000,750000
2019.10.31 10:04:23.805,1.11672,1.11674,450000,750000
2019.10.31 10:04:23.963,1.11672,1.11673,100000,750000
2019.10.31 10:04:24.065,1.11671,1.11673,100000,2810000
2019.10.31 10:04:24.270,1.1167,1.11673,260000,3560000
2019.10.31 10:04:24.613,1.1167,1.11671,1690000,1500000
2019.10.31 10:04:24.748,1.11667,1.11668,750000,750000
2019.10.31 10:04:24.852,1.11666,1.11668,750000,2810000
2019.10.31 10:04:30.350,1.11668,1.11669,750000,2060000
2019.10.31 10:04:30.400,1.11669,1.1167,450000,3190000
2019.10.31 10:04:30.502,1.11669,1.11671,100000,1690000
2019.10.31 10:04:30.641,1.11669,1.1167,190000,750000
2019.10.31 10:04:30.742,1.11668,1.1167,940000,1500000
2019.10.31 10:04:31.096,1.11667,1.1167,940000,4310000
2019.10.31 10:04:33.718,1.11668,1.1167,820000,2250000
2019.10.31 10:04:33.820,1.11669,1.11671,1500000,1500000
2019.10.31 10:04:34.022,1.11669,1.1167,100000,370000
2019.10.31 10:04:34.073,1.11667,1.1167,100000,2440000
2019.10.31 10:04:34.206,1.11667,1.11669,100000,3750000
2019.10.31 10:04:34.307,1.11667,1.1167,190000,3000000
2019.10.31 10:04:34.409,1.11668,1.11671,1760000,1120000
2019.10.31 10:04:34.561,1.11669,1.11671,3260000,190000
2019.10.31 10:04:35.375,1.11668,1.11671,1950000,2060000
2019.10.31 10:04:36.029,1.11669,1.11671,5140000,750000
2019.10.31 10:04:36.365,1.11668,1.11671,1760000,750000
2019.10.31 10:04:36.967,1.11669,1.11671,1760000,750000
2019.10.31 10:04:37.069,1.11668,1.11671,1760000,1500000
2019.10.31 10:04:37.801,1.11669,1.11671,2510000,750000
2019.10.31 10:04:37.902,1.11668,1.11671,1760000,750000
2019.10.31 10:04:38.822,1.11669,1.11671,1760000,750000
2019.10.31 10:04:38.929,1.11668,1.11671,1760000,750000
2019.10.31 10:04:39.198,1.11669,1.11671,1760000,750000
2019.10.31 10:04:39.387,1.11668,1.11671,1760000,750000
2019.10.31 10:04:39.746,1.11668,1.1167,750000,750000
2019.10.31 10:04:40.174,1.11669,1.1167,750000,750000
2019.10.31 10:04:40.349,1.11668,1.11669,1500000,1500000
2019.10.31 10:04:40.451,1.11669,1.1167,820000,750000
2019.10.31 10:04:40.825,1.11668,1.11669,750000,750000
2019.10.31 10:04:41.038,1.11669,1.11671,1570000,1690000
2019.10.31 10:04:41.156,1.11673,1.11674,450000,190000
2019.10.31 10:04:41.258,1.11672,1.11674,100000,750000
2019.10.31 10:04:41.359,1.11671,1.11673,750000,2060000
2019.10.31 10:04:41.460,1.11671,1.11674,820000,1310000
2019.10.31 10:04:41.561,1.11671,1.11673,100000,1310000
2019.10.31 10:04:41.663,1.11671,1.11674,820000,1310000
2019.10.31 10:04:42.294,1.1167,1.11673,750000,4310000
2019.10.31 10:04:42.547,1.1167,1.11674,2510000,2060000
2019.10.31 10:04:42.770,1.1167,1.11673,100000,2440000
2019.10.31 10:04:42.890,1.11671,1.11673,100000,190000
2019.10.31 10:04:43.126,1.11671,1.11674,3070000,190000
2019.10.31 10:04:43.228,1.11671,1.11673,750000,190000
2019.10.31 10:04:44.563,1.11671,1.11674,820000,190000
2019.10.31 10:04:44.810,1.1167,1.11672,100000,190000
2019.10.31 10:04:44.914,1.1167,1.11673,100000,190000
2019.10.31 10:04:45.379,1.1167,1.11674,1950000,190000
2019.10.31 10:04:45.481,1.1167,1.11673,100000,190000
2019.10.31 10:04:45.633,1.1167,1.11674,1200000,190000
2019.10.31 10:04:46.320,1.11671,1.11674,2320000,190000
2019.10.31 10:04:47.156,1.11671,1.11673,450000,190000
2019.10.31 10:04:47.257,1.11671,1.11674,820000,190000
2019.10.31 10:04:48.223,1.11671,1.11673,100000,190000
2019.10.31 10:04:48.325,1.11671,1.11674,820000,190000
2019.10.31 10:04:50.172,1.11671,1.11673,100000,190000
2019.10.31 10:04:50.282,1.11671,1.11674,820000,190000
2019.10.31 10:04:50.384,1.11671,1.11673,100000,190000
2019.10.31 10:04:50.891,1.11671,1.11674,820000,190000
2019.10.31 10:04:53.015,1.11672,1.11674,1570000,750000
2019.10.31 10:04:53.167,1.11671,1.11674,750000,940000
2019.10.31 10:04:55.626,1.11671,1.11673,100000,940000
2019.10.31 10:04:55.728,1.11671,1.11674,820000,940000
2019.10.31 10:04:58.249,1.11671,1.11673,100000,940000
2019.10.31 10:04:58.351,1.11671,1.11674,750000,940000
2019.10.31 10:05:00.171,1.11671,1.11673,750000,940000
2019.10.31 10:05:00.272,1.11671,1.11674,2320000,1310000
2019.10.31 10:05:00.503,1.11671,1.11673,100000,940000
2019.10.31 10:05:00.604,1.11671,1.11674,2320000,940000
2019.10.31 10:05:02.570,1.11673,1.11675,820000,370000
2019.10.31 10:05:04.392,1.11673,1.11676,750000,190000
2019.10.31 10:05:04.495,1.11674,1.11676,750000,940000
2019.10.31 10:05:04.597,1.11675,1.11676,750000,190000
2019.10.31 10:05:04.769,1.11675,1.11677,750000,190000
2019.10.31 10:05:04.921,1.11676,1.11677,750000,1500000
2019.10.31 10:05:05.022,1.11676,1.11678,1500000,190000
2019.10.31 10:05:05.275,1.11675,1.11677,750000,940000
2019.10.31 10:05:05.380,1.11677,1.11678,750000,190000
2019.10.31 10:05:06.043,1.11677,1.11679,940000,2440000
2019.10.31 10:05:06.401,1.11678,1.11679,820000,750000
2019.10.31 10:05:06.721,1.11677,1.1168,1200000,2810000
2019.10.31 10:05:09.310,1.11679,1.11681,5510000,750000
2019.10.31 10:05:09.412,1.11682,1.11684,1870000,1870000
2019.10.31 10:05:09.514,1.11682,1.11684,940000,190000
2019.10.31 10:05:09.671,1.11683,1.11684,1200000,190000
2019.10.31 10:05:09.722,1.11681,1.11684,1200000,190000
2019.10.31 10:05:10.447,1.11682,1.11684,820000,190000
2019.10.31 10:05:10.549,1.11681,1.11684,1200000,190000
2019.10.31 10:05:10.853,1.11682,1.11684,1200000,190000
2019.10.31 10:05:10.955,1.11681,1.11684,1200000,940000
2019.10.31 10:05:11.210,1.11681,1.11683,450000,1690000
2019.10.31 10:05:11.412,1.11681,1.11684,1200000,260000
2019.10.31 10:05:11.787,1.11682,1.11684,1950000,190000
2019.10.31 10:05:11.911,1.11682,1.11683,450000,190000
2019.10.31 10:05:12.012,1.11681,1.11683,100000,190000
2019.10.31 10:05:12.114,1.11681,1.11684,1950000,190000
2019.10.31 10:05:12.522,1.11682,1.11684,1570000,190000
2019.10.31 10:05:13.191,1.11682,1.11685,3820000,1690000
2019.10.31 10:05:13.292,1.11682,1.11684,100000,940000
2019.10.31 10:05:14.443,1.11683,1.11685,1500000,2810000
2019.10.31 10:05:14.494,1.11685,1.11686,450000,1310000
2019.10.31 10:05:14.544,1.11685,1.11688,6830000,2810000
2019.10.31 10:05:14.646,1.11686,1.11688,750000,190000
2019.10.31 10:05:16.525,1.11684,1.11688,5890000,3520000
2019.10.31 10:05:16.635,1.11683,1.11686,190000,2320000
2019.10.31 10:05:17.932,1.11683,1.11685,100000,1500000
2019.10.31 10:05:18.089,1.11682,1.11686,190000,6260000
2019.10.31 10:05:18.190,1.11683,1.11686,640000,820000
2019.10.31 10:05:20.630,1.11682,1.11686,2140000,640000
2019.10.31 10:05:20.782,1.11684,1.11686,450000,2060000
2019.10.31 10:05:20.834,1.11684,1.11688,640000,7390000
2019.10.31 10:05:20.940,1.11685,1.11688,940000,1200000
2019.10.31 10:05:21.042,1.11686,1.11688,190000,190000
2019.10.31 10:05:21.144,1.11686,1.11687,100000,190000
2019.10.31 10:05:21.246,1.11686,1.11688,640000,260000
2019.10.31 10:05:24.324,1.11685,1.11689,7010000,820000
2019.10.31 10:05:25.112,1.11684,1.11688,100000,4010000
2019.10.31 10:05:27.081,1.11685,1.11688,750000,100000
2019.10.31 10:05:27.371,1.11685,1.11689,6260000,100000
2019.10.31 10:05:28.263,1.11686,1.11689,6070000,390000
2019.10.31 10:05:28.561,1.11686,1.11688,100000,910000
2019.10.31 10:05:28.662,1.11686,1.11689,2250000,910000
2019.10.31 10:05:30.849,1.11687,1.11689,1200000,100000
2019.10.31 10:05:34.789,1.11686,1.11689,750000,1950000
2019.10.31 10:05:37.121,1.11687,1.11689,1570000,100000
2019.10.31 10:05:37.419,1.11686,1.11689,1120000,1570000
2019.10.31 10:05:38.055,1.11687,1.11689,820000,450000
2019.10.31 10:05:38.597,1.11686,1.11689,750000,1570000
2019.10.31 10:05:39.496,1.11687,1.11689,750000,750000
2019.10.31 10:05:39.699,1.11688,1.11689,370000,1870000
2019.10.31 10:05:39.801,1.11689,1.1169,370000,2170000
2019.10.31 10:05:40.020,1.11688,1.1169,370000,4950000
2019.10.31 10:05:40.121,1.1169,1.11693,940000,1200000
2019.10.31 10:05:40.323,1.1169,1.11694,1760000,3260000
2019.10.31 10:05:40.425,1.11691,1.11693,750000,940000
2019.10.31 10:05:40.554,1.11691,1.11694,820000,940000
2019.10.31 10:05:42.255,1.11692,1.11694,750000,750000
2019.10.31 10:05:42.357,1.11692,1.11695,4760000,1870000
2019.10.31 10:05:42.771,1.11692,1.11696,3260000,2140000
2019.10.31 10:05:43.752,1.11693,1.11696,2510000,750000
2019.10.31 10:05:43.903,1.11693,1.11696,2060000,1570000
2019.10.31 10:05:44.005,1.11693,1.11696,1870000,1010000
2019.10.31 10:05:44.106,1.11694,1.11696,1500000,750000
2019.10.31 10:05:44.297,1.11695,1.11698,4010000,750000
2019.10.31 10:05:44.450,1.11695,1.11698,3820000,1010000
2019.10.31 10:05:44.923,1.11694,1.11697,7010000,1500000
2019.10.31 10:05:45.032,1.11693,1.11696,1870000,3640000
2019.10.31 10:05:45.235,1.11694,1.11696,1490000,750000
2019.10.31 10:05:45.337,1.11695,1.11696,2250000,370000
2019.10.31 10:05:45.490,1.11694,1.11696,2240000,1690000
2019.10.31 10:05:45.592,1.11694,1.11696,370000,190000
2019.10.31 10:05:45.698,1.11693,1.11696,370000,2140000
2019.10.31 10:05:45.930,1.11694,1.11696,820000,100000
2019.10.31 10:05:46.110,1.11693,1.11696,370000,1760000
2019.10.31 10:05:46.416,1.11694,1.11696,820000,100000
2019.10.31 10:05:47.054,1.11694,1.11697,2700000,940000
2019.10.31 10:05:47.828,1.11693,1.11696,1120000,1390000
2019.10.31 10:05:48.659,1.11695,1.11696,450000,190000
2019.10.31 10:05:48.761,1.11695,1.11698,3070000,3560000
2019.10.31 10:05:48.892,1.11696,1.11698,4200000,820000
2019.10.31 10:05:49.165,1.11695,1.11698,4570000,3190000
2019.10.31 10:05:49.610,1.11696,1.11698,3450000,100000
2019.10.31 10:05:50.110,1.11695,1.11698,2700000,940000
2019.10.31 10:05:50.772,1.11695,1.11697,370000,190000
2019.10.31 10:05:52.208,1.11696,1.11698,1950000,1760000
2019.10.31 10:05:53.129,1.11695,1.11698,820000,2440000
2019.10.31 10:05:55.300,1.11696,1.11698,1200000,100000
2019.10.31 10:05:55.401,1.11695,1.11698,820000,7310000
2019.10.31 10:05:55.513,1.11696,1.11698,750000,750000
2019.10.31 10:05:55.615,1.11695,1.11696,1570000,1500000
2019.10.31 10:05:55.666,1.11691,1.11692,3000000,3000000
2019.10.31 10:05:55.769,1.11688,1.1169,5250000,190000
2019.10.31 10:05:55.820,1.11687,1.11689,560000,1400000
2019.10.31 10:05:55.972,1.11686,1.11688,100000,2140000
2019.10.31 10:05:56.088,1.11687,1.11688,100000,750000
2019.10.31 10:05:56.283,1.11687,1.11689,820000,750000
2019.10.31 10:05:56.415,1.11686,1.11688,370000,1690000
2019.10.31 10:05:56.984,1.11687,1.11688,370000,100000
2019.10.31 10:05:57.086,1.11686,1.11688,370000,2060000
2019.10.31 10:05:57.283,1.11686,1.11689,450000,1690000
2019.10.31 10:05:58.485,1.11686,1.11688,450000,1760000
2019.10.31 10:05:58.586,1.11686,1.11689,450000,1690000
2019.10.31 10:06:00.242,1.11687,1.11689,820000,100000
2019.10.31 10:06:00.467,1.11686,1.11689,370000,3260000
2019.10.31 10:06:00.652,1.11688,1.11689,370000,100000
2019.10.31 10:06:00.754,1.11688,1.1169,750000,2620000
2019.10.31 10:06:03.185,1.11688,1.11689,190000,750000
2019.10.31 10:06:03.540,1.11688,1.1169,3940000,750000
2019.10.31 10:06:03.642,1.11687,1.11689,370000,750000
2019.10.31 10:06:03.793,1.11686,1.11689,1010000,3450000
2019.10.31 10:06:04.527,1.11686,1.11688,370000,2700000
2019.10.31 10:06:05.256,1.11686,1.11689,640000,1870000
2019.10.31 10:06:05.745,1.11687,1.11689,1690000,750000
2019.10.31 10:06:05.945,1.11686,1.11689,1690000,2250000
2019.10.31 10:06:06.240,1.11686,1.11688,2250000,1500000
2019.10.31 10:06:08.055,1.11687,1.11688,370000,750000
2019.10.31 10:06:08.259,1.11687,1.11689,1760000,750000
2019.10.31 10:06:09.737,1.11686,1.11689,1310000,1120000
2019.10.31 10:06:10.290,1.11686,1.11688,750000,1120000
2019.10.31 10:06:10.859,1.11686,1.11689,750000,4120000
2019.10.31 10:06:11.877,1.11686,1.11688,370000,4120000
2019.10.31 10:06:12.843,1.11687,1.11688,190000,1500000
2019.10.31 10:06:12.945,1.11686,1.11689,190000,4500000
2019.10.31 10:06:13.299,1.11686,1.11688,100000,3370000
2019.10.31 10:06:13.856,1.11687,1.11688,100000,750000
2019.10.31 10:06:15.026,1.11686,1.11688,2140000,750000
2019.10.31 10:06:15.128,1.11684,1.11686,100000,7690000
2019.10.31 10:06:15.229,1.11684,1.11687,260000,3940000
2019.10.31 10:06:15.330,1.11684,1.11686,100000,2810000
2019.10.31 10:06:15.433,1.11682,1.11684,750000,750000
2019.10.31 10:06:16.476,1.11682,1.11685,1010000,750000
2019.10.31 10:06:16.577,1.11682,1.11684,100000,750000
2019.10.31 10:06:16.730,1.11681,1.11684,260000,2620000
2019.10.31 10:06:16.831,1.11681,1.11683,260000,1120000
2019.10.31 10:06:17.887,1.11681,1.11682,100000,1500000
2019.10.31 10:06:17.988,1.1168,1.11681,260000,370000
2019.10.31 10:06:18.039,1.11678,1.1168,560000,2700000
2019.10.31 10:06:18.306,1.11678,1.11681,1390000,1500000
2019.10.31 10:06:20.503,1.11678,1.1168,100000,750000
2019.10.31 10:06:20.852,1.1168,1.11681,450000,750000
2019.10.31 10:06:20.953,1.11681,1.11682,260000,370000
2019.10.31 10:06:21.054,1.1168,1.11682,100000,750000
2019.10.31 10:06:21.156,1.1168,1.11683,1760000,3000000
2019.10.31 10:06:21.405,1.1168,1.11681,100000,750000
2019.10.31 10:06:21.845,1.1168,1.11683,1760000,750000
2019.10.31 10:06:22.068,1.1168,1.11682,100000,1120000
2019.10.31 10:06:22.972,1.1168,1.11683,2140000,1120000
2019.10.31 10:06:24.303,1.11681,1.11683,820000,1120000
2019.10.31 10:06:30.072,1.1168,1.11682,370000,1870000
2019.10.31 10:06:30.667,1.11681,1.11682,100000,750000
2019.10.31 10:06:30.819,1.11681,1.11683,2320000,750000
2019.10.31 10:06:32.306,1.11681,1.11682,100000,750000
2019.10.31 10:06:32.458,1.1168,1.11681,100000,750000
2019.10.31 10:06:32.559,1.11681,1.11682,100000,750000
2019.10.31 10:06:32.899,1.11679,1.11682,2700000,2440000
2019.10.31 10:06:32.950,1.11679,1.11681,6370000,1870000
2019.10.31 10:06:33.052,1.11677,1.1168,2140000,750000
2019.10.31 10:06:33.154,1.11677,1.11679,100000,750000
2019.10.31 10:06:33.540,1.11677,1.11678,100000,750000
2019.10.31 10:06:33.848,1.11676,1.11678,100000,2810000
2019.10.31 10:06:33.950,1.11677,1.11678,100000,750000
2019.10.31 10:06:34.738,1.11677,1.11679,1200000,370000
2019.10.31 10:06:35.040,1.11676,1.11679,820000,3190000
2019.10.31 10:06:35.142,1.11676,1.11678,100000,3190000
2019.10.31 10:06:35.244,1.11676,1.11679,820000,3190000
2019.10.31 10:06:35.345,1.11676,1.11678,100000,3190000
2019.10.31 10:06:35.455,1.11676,1.11679,820000,3190000
2019.10.31 10:06:35.557,1.11676,1.11678,100000,3190000
2019.10.31 10:06:36.096,1.11677,1.11678,100000,370000
2019.10.31 10:06:36.346,1.11678,1.11679,450000,3190000
2019.10.31 10:06:36.397,1.11679,1.11681,190000,2620000
2019.10.31 10:06:36.448,1.1168,1.11682,260000,190000
2019.10.31 10:06:36.598,1.1168,1.11683,3640000,4120000
2019.10.31 10:06:36.700,1.11679,1.11681,100000,3000000
2019.10.31 10:06:36.953,1.11679,1.1168,100000,750000
2019.10.31 10:06:37.055,1.11678,1.11679,370000,750000
2019.10.31 10:06:38.016,1.11679,1.1168,100000,750000
2019.10.31 10:06:38.426,1.11679,1.11681,2510000,750000
2019.10.31 10:06:38.648,1.11679,1.1168,100000,750000
2019.10.31 10:06:39.324,1.11677,1.1168,100000,1500000
2019.10.31 10:06:39.425,1.11678,1.11679,370000,370000
2019.10.31 10:06:39.527,1.11677,1.11679,850000,1870000
2019.10.31 10:06:39.911,1.11678,1.11679,450000,370000
2019.10.31 10:06:40.572,1.11677,1.11679,100000,1500000
2019.10.31 10:06:41.998,1.11677,1.1168,3450000,2250000
2019.10.31 10:06:42.756,1.11678,1.1168,450000,1690000
2019.10.31 10:06:42.807,1.1168,1.11681,450000,750000
2019.10.31 10:06:42.858,1.1168,1.11682,450000,1310000
2019.10.31 10:06:44.578,1.1168,1.11681,100000,190000
2019.10.31 10:06:44.737,1.11678,1.1168,1870000,1120000
2019.10.31 10:06:44.788,1.11676,1.11677,750000,940000
2019.10.31 10:06:44.889,1.11673,1.11674,100000,750000
2019.10.31 10:06:44.991,1.11671,1.11674,820000,1690000
2019.10.31 10:06:45.193,1.11671,1.11673,100000,3940000
2019.10.31 10:06:45.370,1.11671,1.11674,2320000,3940000
2019.10.31 10:06:45.674,1.11671,1.11673,100000,3940000
2019.10.31 10:06:45.776,1.11671,1.11674,1570000,1690000
2019.10.31 10:06:45.884,1.11671,1.11673,470000,1690000
2019.10.31 10:06:46.087,1.11671,1.11674,1570000,1690000
2019.10.31 10:06:46.250,1.11671,1.11673,100000,1690000
2019.10.31 10:06:46.568,1.11671,1.11672,2250000,750000
2019.10.31 10:06:46.670,1.1167,1.11671,370000,750000
2019.10.31 10:06:46.771,1.1167,1.11672,820000,1500000
2019.10.31 10:06:46.872,1.11671,1.11672,750000,940000
2019.10.31 10:06:47.338,1.11671,1.11673,450000,190000
2019.10.31 10:06:47.844,1.11672,1.11673,750000,190000
2019.10.31 10:06:47.946,1.11672,1.11674,100000,560000
2019.10.31 10:06:48.047,1.11672,1.11675,820000,560000
2019.10.31 10:06:48.199,1.11672,1.11674,100000,1310000
2019.10.31 10:06:48.385,1.11672,1.11675,750000,560000
2019.10.31 10:06:48.492,1.11673,1.11675,750000,1690000
2019.10.31 10:06:48.593,1.11673,1.11676,1760000,1050000
2019.10.31 10:06:48.947,1.11673,1.11675,370000,750000
2019.10.31 10:06:49.769,1.11672,1.11674,190000,2060000
2019.10.31 10:06:52.139,1.11673,1.11676,2320000,1690000
2019.10.31 10:06:52.240,1.11673,1.11675,100000,1690000
2019.10.31 10:06:53.736,1.11672,1.11675,190000,2620000
2019.10.31 10:06:55.722,1.11672,1.11674,750000,3370000
2019.10.31 10:06:55.824,1.11671,1.11674,750000,4310000
2019.10.31 10:06:56.845,1.11672,1.11674,1570000,370000
2019.10.31 10:06:56.946,1.11672,1.11673,750000,370000
2019.10.31 10:06:58.252,1.11671,1.11673,750000,2890000
2019.10.31 10:07:00.064,1.11671,1.11674,450000,2890000
2019.10.31 10:07:02.317,1.11671,1.11673,100000,1120000
2019.10.31 10:07:02.825,1.11671,1.11674,4760000,750000
2019.10.31 10:07:02.926,1.11671,1.11672,100000,750000
2019.10.31 10:07:03.085,1.11671,1.11674,4010000,750000
2019.10.31 10:07:03.187,1.11671,1.11672,100000,750000
2019.10.31 10:07:04.118,1.11671,1.11673,100000,750000
2019.10.31 10:07:04.473,1.1167,1.11672,750000,2620000
2019.10.31 10:07:04.575,1.11669,1.11672,1120000,3190000
2019.10.31 10:07:07.501,1.1167,1.11672,750000,370000
2019.10.31 10:07:09.146,1.11671,1.11673,820000,560000
2019.10.31 10:07:09.248,1.11672,1.11675,1950000,190000
2019.10.31 10:07:09.351,1.11673,1.11675,100000,370000
2019.10.31 10:07:09.453,1.11672,1.11675,370000,4310000
2019.10.31 10:07:09.828,1.11672,1.11674,100000,2060000
2019.10.31 10:07:12.990,1.11671,1.11673,1500000,750000
2019.10.31 10:07:13.091,1.11669,1.1167,1500000,3000000
2019.10.31 10:07:13.142,1.11667,1.11669,750000,2440000
2019.10.31 10:07:13.254,1.11666,1.11667,3000000,940000
2019.10.31 10:07:13.308,1.11665,1.11666,2250000,830000
2019.10.31 10:07:13.410,1.11662,1.11665,1390000,1500000
2019.10.31 10:07:13.863,1.11662,1.11664,1500000,750000
2019.10.31 10:07:13.964,1.11662,1.11663,100000,750000
2019.10.31 10:07:14.067,1.11661,1.11663,370000,370000
2019.10.31 10:07:15.044,1.1166,1.11664,1010000,3560000
2019.10.31 10:07:15.389,1.11661,1.11664,1010000,750000
2019.10.31 10:07:15.442,1.11664,1.11665,100000,1500000
2019.10.31 10:07:15.544,1.11663,1.11665,450000,750000
2019.10.31 10:07:15.646,1.11661,1.11664,1500000,2810000
2019.10.31 10:07:15.748,1.11661,1.11663,100000,1310000
2019.10.31 10:07:15.849,1.11661,1.11664,2320000,1310000
2019.10.31 10:07:16.051,1.11661,1.11663,100000,1310000
2019.10.31 10:07:16.431,1.11661,1.11664,2320000,2060000
2019.10.31 10:07:17.194,1.11662,1.11665,820000,1310000
2019.10.31 10:07:17.296,1.11664,1.11666,260000,750000
2019.10.31 10:07:17.935,1.11664,1.11667,2700000,750000
2019.10.31 10:07:18.039,1.11665,1.11666,100000,190000
2019.10.31 10:07:18.140,1.11665,1.11667,100000,5060000
2019.10.31 10:07:18.242,1.11667,1.11669,640000,190000
2019.10.31 10:07:20.265,1.11669,1.1167,820000,190000
2019.10.31 10:07:20.417,1.1167,1.11672,2140000,750000
2019.10.31 10:07:20.468,1.11669,1.1167,190000,750000
2019.10.31 10:07:20.569,1.11668,1.11669,100000,190000
2019.10.31 10:07:20.672,1.11667,1.11669,100000,3000000
2019.10.31 10:07:20.874,1.11667,1.1167,3640000,750000
2019.10.31 10:07:21.457,1.11667,1.11669,820000,750000
2019.10.31 10:07:21.659,1.11667,1.11668,260000,750000
2019.10.31 10:07:21.760,1.11666,1.11668,3640000,190000
2019.10.31 10:07:21.900,1.11666,1.11667,100000,190000
2019.10.31 10:07:22.002,1.11665,1.11668,1570000,1310000
2019.10.31 10:07:22.609,1.11666,1.11668,1200000,190000
2019.10.31 10:07:23.097,1.11666,1.11669,4760000,190000
2019.10.31 10:07:23.256,1.11666,1.11667,100000,190000
2019.10.31 10:07:23.357,1.11667,1.11669,1390000,190000
2019.10.31 10:07:25.121,1.11669,1.1167,370000,2440000
2019.10.31 10:07:25.244,1.11669,1.11671,3820000,2060000
2019.10.31 10:07:25.346,1.11669,1.11672,3450000,1310000
2019.10.31 10:07:25.701,1.11669,1.11671,260000,560000
2019.10.31 10:07:26.234,1.1167,1.11671,100000,940000
2019.10.31 10:07:26.285,1.1167,1.11673,2700000,940000
2019.10.31 10:07:28.295,1.11672,1.11673,100000,190000
2019.10.31 10:07:28.397,1.11671,1.11673,470000,2060000
2019.10.31 10:07:28.448,1.11672,1.11674,260000,190000
2019.10.31 10:07:28.550,1.11673,1.11674,260000,750000
2019.10.31 10:07:28.651,1.11673,1.11675,1200000,750000
2019.10.31 10:07:29.208,1.11673,1.11674,750000,750000
2019.10.31 10:07:29.310,1.11671,1.11673,750000,940000
2019.10.31 10:07:29.412,1.11671,1.11674,2700000,1690000
2019.10.31 10:07:29.563,1.11671,1.11673,100000,1690000
2019.10.31 10:07:30.183,1.11671,1.11674,1950000,1690000
2019.10.31 10:07:30.285,1.11671,1.11673,100000,2440000
2019.10.31 10:07:31.680,1.1167,1.11672,100000,1500000
2019.10.31 10:07:31.833,1.1167,1.11673,640000,1500000
2019.10.31 10:07:32.335,1.11671,1.11673,640000,750000
2019.10.31 10:07:32.437,1.11671,1.11672,100000,750000
2019.10.31 10:07:33.305,1.1167,1.11672,100000,1690000
2019.10.31 10:07:33.406,1.11671,1.11673,1200000,750000
2019.10.31 10:07:33.558,1.1167,1.11673,1010000,1500000
2019.10.31 10:07:33.608,1.11669,1.11671,750000,3560000
2019.10.31 10:07:33.710,1.11667,1.11668,260000,1120000
2019.10.31 10:07:33.812,1.11666,1.11668,1010000,2440000
2019.10.31 10:07:34.184,1.11666,1.11667,450000,940000
2019.10.31 10:07:34.285,1.11666,1.11668,260000,2440000
2019.10.31 10:07:34.865,1.11667,1.11668,450000,190000
2019.10.31 10:07:34.975,1.11667,1.11669,260000,190000
2019.10.31 10:07:36.127,1.11667,1.11668,100000,190000
2019.10.31 10:07:36.298,1.11667,1.11669,640000,190000
2019.10.31 10:07:36.449,1.11666,1.11668,750000,1500000
2019.10.31 10:07:36.551,1.11665,1.11667,100000,750000
2019.10.31 10:07:36.652,1.11664,1.11667,820000,2810000
2019.10.31 10:07:36.941,1.11665,1.11667,820000,1500000
2019.10.31 10:07:37.042,1.11665,1.11668,2890000,1500000
2019.10.31 10:07:37.277,1.11664,1.11668,4010000,4690000
2019.10.31 10:07:37.391,1.11664,1.11667,100000,3940000
2019.10.31 10:07:38.266,1.11664,1.11666,100000,3940000
2019.10.31 10:07:38.390,1.11664,1.11667,100000,3940000
2019.10.31 10:07:39.033,1.11664,1.11666,100000,3940000
2019.10.31 10:07:39.166,1.11663,1.11665,3940000,6000000
2019.10.31 10:07:39.268,1.11662,1.11664,1390000,190000
2019.10.31 10:07:39.378,1.11661,1.11663,190000,190000
2019.10.31 10:07:39.581,1.11664,1.11665,820000,2440000
2019.10.31 10:07:39.632,1.11667,1.11669,1950000,4690000
2019.10.31 10:07:39.734,1.11666,1.11667,2320000,750000
2019.10.31 10:07:39.785,1.11664,1.11666,1120000,1690000
2019.10.31 10:07:39.887,1.11663,1.11665,1950000,370000
2019.10.31 10:07:40.040,1.11662,1.11663,750000,190000
2019.10.31 10:07:40.648,1.11661,1.11662,820000,1690000
2019.10.31 10:07:40.807,1.11662,1.11663,1760000,750000
2019.10.31 10:07:40.909,1.11661,1.11663,2140000,1690000
2019.10.31 10:07:41.060,1.11662,1.11663,1390000,750000
2019.10.31 10:07:41.162,1.11662,1.11664,2890000,750000
2019.10.31 10:07:43.564,1.11665,1.11667,6070000,3190000
2019.10.31 10:07:43.615,1.1167,1.11671,2140000,750000
2019.10.31 10:07:43.674,1.11668,1.11669,940000,2250000
2019.10.31 10:07:43.725,1.11675,1.11677,1030000,1500000
2019.10.31 10:07:43.826,1.11677,1.11678,3100000,1120000
2019.10.31 10:07:43.878,1.11673,1.11675,2550000,2810000
2019.10.31 10:07:44.030,1.11671,1.11672,370000,1500000
2019.10.31 10:07:44.131,1.1167,1.11672,450000,1690000
2019.10.31 10:07:44.238,1.11671,1.11672,100000,1500000
2019.10.31 10:07:44.340,1.11671,1.11673,1200000,1500000
2019.10.31 10:07:44.644,1.11671,1.11672,750000,750000
2019.10.31 10:07:45.696,1.11672,1.11673,1120000,750000
2019.10.31 10:07:45.798,1.11672,1.11673,450000,750000
2019.10.31 10:07:46.781,1.11672,1.11674,2510000,1500000
2019.10.31 10:07:48.192,1.11672,1.11673,100000,1500000
2019.10.31 10:07:48.345,1.11672,1.11674,3260000,1500000
2019.10.31 10:07:48.547,1.11672,1.11673,100000,1500000
2019.10.31 10:07:49.243,1.11671,1.11672,100000,750000
2019.10.31 10:07:49.703,1.11672,1.11673,820000,750000
2019.10.31 10:07:51.426,1.11671,1.11673,1500000,1500000
2019.10.31 10:07:54.831,1.11674,1.11675,750000,560000
2019.10.31 10:07:54.882,1.11675,1.11677,1570000,1500000
2019.10.31 10:07:54.984,1.11676,1.11677,820000,750000
2019.10.31 10:07:55.085,1.11677,1.11679,1200000,750000
2019.10.31 10:07:55.233,1.11678,1.11679,820000,750000
2019.10.31 10:07:55.334,1.11677,1.11679,820000,1500000
2019.10.31 10:07:56.336,1.11678,1.1168,750000,2250000
2019.10.31 10:07:56.690,1.11679,1.1168,940000,2250000
2019.10.31 10:07:56.931,1.11678,1.11679,1950000,750000
2019.10.31 10:07:57.715,1.11678,1.1168,1010000,750000
2019.10.31 10:07:57.816,1.11678,1.11679,750000,2250000
2019.10.31 10:07:57.918,1.11678,1.1168,1010000,750000
2019.10.31 10:07:58.165,1.11678,1.11679,750000,750000
2019.10.31 10:07:59.284,1.11679,1.1168,190000,1500000
2019.10.31 10:07:59.385,1.11679,1.11681,2890000,1500000
2019.10.31 10:07:59.487,1.11679,1.11681,820000,2250000
2019.10.31 10:07:59.588,1.11679,1.11681,820000,1500000
2019.10.31 10:07:59.700,1.11679,1.1168,750000,2250000
2019.10.31 10:08:00.062,1.1168,1.11681,100000,750000
2019.10.31 10:08:00.163,1.11679,1.11681,820000,1500000
2019.10.31 10:08:00.459,1.1168,1.11681,2250000,370000
2019.10.31 10:08:00.561,1.11679,1.11681,750000,1500000
2019.10.31 10:08:00.926,1.11679,1.1168,750000,1500000
2019.10.31 10:08:01.028,1.11679,1.11681,1390000,1500000
2019.10.31 10:08:01.172,1.11679,1.1168,750000,1500000
2019.10.31 10:08:01.274,1.11678,1.11679,940000,750000
2019.10.31 10:08:01.549,1.11677,1.11679,1220000,1870000
2019.10.31 10:08:01.651,1.11678,1.11679,820000,1500000
2019.10.31 10:08:02.794,1.11677,1.11679,1220000,1870000
2019.10.31 10:08:02.931,1.11677,1.11679,750000,1870000
2019.10.31 10:08:03.045,1.11678,1.11679,750000,750000
2019.10.31 10:08:03.147,1.11677,1.11679,750000,1870000
2019.10.31 10:08:04.089,1.11678,1.11679,750000,750000
2019.10.31 10:08:04.342,1.11679,1.11681,100000,3000000
2019.10.31 10:08:04.606,1.1168,1.11681,1500000,750000
2019.10.31 10:08:04.860,1.11679,1.11681,1500000,3750000
2019.10.31 10:08:06.117,1.11678,1.11679,190000,750000
2019.10.31 10:08:06.219,1.11677,1.11679,260000,1690000
2019.10.31 10:08:06.374,1.11677,1.11678,100000,1690000
2019.10.31 10:08:06.541,1.11677,1.11679,260000,2440000
2019.10.31 10:08:06.643,1.11678,1.11679,260000,750000
2019.10.31 10:08:06.744,1.11678,1.1168,260000,3190000
2019.10.31 10:08:06.846,1.11679,1.11681,640000,560000
2019.10.31 10:08:07.327,1.1168,1.11681,940000,1120000
2019.10.31 10:08:07.429,1.11679,1.1168,100000,1310000
2019.10.31 10:08:07.530,1.1168,1.11681,190000,1120000
2019.10.31 10:08:07.836,1.11679,1.11681,190000,2810000
2019.10.31 10:08:09.125,1.1168,1.11681,190000,2250000
2019.10.31 10:08:09.541,1.11681,1.11682,4010000,750000
2019.10.31 10:08:09.643,1.11683,1.11684,370000,940000
2019.10.31 10:08:09.744,1.11685,1.11686,100000,750000
2019.10.31 10:08:09.859,1.11686,1.11687,450000,750000
2019.10.31 10:08:09.911,1.11687,1.11688,820000,750000
2019.10.31 10:08:10.012,1.11686,1.11688,1200000,1500000
2019.10.31 10:08:10.165,1.11686,1.11689,820000,1690000
2019.10.31 10:08:11.600,1.11687,1.11689,1570000,190000
2019.10.31 10:08:11.651,1.11686,1.11688,470000,940000
2019.10.31 10:08:11.753,1.11686,1.11687,100000,940000
2019.10.31 10:08:11.854,1.11686,1.11688,1390000,190000
2019.10.31 10:08:11.956,1.11686,1.11687,370000,190000
2019.10.31 10:08:13.159,1.11686,1.11688,2140000,940000
2019.10.31 10:08:13.261,1.11686,1.11687,100000,190000
2019.10.31 10:08:13.377,1.11685,1.11686,1570000,750000
2019.10.31 10:08:13.479,1.11684,1.11686,820000,2250000
2019.10.31 10:08:13.959,1.11685,1.11686,750000,750000
2019.10.31 10:08:14.061,1.11685,1.11687,1570000,1500000
2019.10.31 10:08:14.170,1.11685,1.11686,100000,1500000
2019.10.31 10:08:14.272,1.11685,1.11687,3450000,750000
2019.10.31 10:08:14.374,1.11685,1.11686,100000,1500000
2019.10.31 10:08:14.628,1.11685,1.11687,2700000,750000
2019.10.31 10:08:14.729,1.11685,1.11686,100000,750000
2019.10.31 10:08:14.831,1.11685,1.11687,2320000,750000
2019.10.31 10:08:14.932,1.11685,1.11686,450000,750000
2019.10.31 10:08:15.058,1.11684,1.11686,470000,1690000
2019.10.31 10:08:15.159,1.11685,1.11687,2320000,750000
2019.10.31 10:08:15.830,1.11685,1.11686,100000,750000
2019.10.31 10:08:15.931,1.11684,1.11686,820000,750000
2019.10.31 10:08:16.033,1.11683,1.11685,260000,1870000
2019.10.31 10:08:16.789,1.11683,1.11684,750000,1500000
2019.10.31 10:08:16.890,1.11682,1.11684,750000,190000
2019.10.31 10:08:16.991,1.11681,1.11683,750000,940000
2019.10.31 10:08:17.504,1.11681,1.11683,750000,3190000
2019.10.31 10:08:17.555,1.11681,1.11685,1010000,4310000
2019.10.31 10:08:17.656,1.11682,1.11685,750000,4120000
2019.10.31 10:08:17.758,1.11684,1.11686,100000,750000
2019.10.31 10:08:17.859,1.11684,1.11687,1120000,2440000
2019.10.31 10:08:18.155,1.11684,1.11688,820000,2430000
2019.10.31 10:08:18.257,1.11685,1.11688,750000,2810000
2019.10.31 10:08:18.359,1.11686,1.11688,750000,1870000
2019.10.31 10:08:21.114,1.11687,1.11689,640000,940000
2019.10.31 10:08:21.216,1.11689,1.1169,1390000,750000
2019.10.31 10:08:21.267,1.11687,1.11689,100000,1500000
2019.10.31 10:08:22.717,1.11688,1.11689,820000,750000
2019.10.31 10:08:23.035,1.11688,1.1169,1390000,750000
2019.10.31 10:08:23.136,1.11687,1.1169,1200000,2060000
2019.10.31 10:08:23.267,1.11688,1.11689,190000,750000
2019.10.31 10:08:27.227,1.11689,1.1169,2320000,1500000
2019.10.31 10:08:27.278,1.11691,1.11692,450000,3750000
2019.10.31 10:08:27.381,1.11691,1.11693,750000,3190000
2019.10.31 10:08:27.482,1.11692,1.11693,100000,750000
2019.10.31 10:08:27.583,1.11692,1.11694,750000,750000
2019.10.31 10:08:29.010,1.11693,1.11695,2700000,750000
2019.10.31 10:08:29.112,1.11695,1.11697,450000,2250000
2019.10.31 10:08:29.163,1.11696,1.11697,100000,750000
2019.10.31 10:08:29.264,1.11694,1.11696,940000,2620000
2019.10.31 10:08:29.365,1.11694,1.11695,750000,750000
2019.10.31 10:08:29.618,1.11694,1.11696,1200000,750000
2019.10.31 10:08:29.719,1.11696,1.11697,750000,1120000
2019.10.31 10:08:29.820,1.11696,1.11697,1570000,1120000
2019.10.31 10:08:29.922,1.11695,1.11696,1200000,750000
2019.10.31 10:08:30.081,1.11695,1.11697,1200000,750000
2019.10.31 10:08:30.900,1.11695,1.11696,100000,750000
2019.10.31 10:08:31.191,1.11694,1.11695,260000,750000
2019.10.31 10:08:31.242,1.11692,1.11694,750000,2140000
2019.10.31 10:08:31.495,1.11693,1.11696,1760000,1120000
2019.10.31 10:08:31.597,1.11693,1.11695,750000,2810000
2019.10.31 10:08:32.078,1.11694,1.11695,750000,1500000
2019.10.31 10:08:32.180,1.11694,1.11697,1390000,2250000
2019.10.31 10:08:32.652,1.11695,1.11697,100000,2250000
2019.10.31 10:08:33.289,1.11695,1.11696,820000,370000
2019.10.31 10:08:33.340,1.11693,1.11696,820000,2440000
2019.10.31 10:08:33.442,1.11693,1.11695,750000,1690000
2019.10.31 10:08:33.543,1.11694,1.11695,750000,750000
2019.10.31 10:08:33.696,1.11693,1.11695,750000,2440000
2019.10.31 10:08:34.418,1.11694,1.11695,750000,190000
2019.10.31 10:08:35.462,1.11695,1.11696,100000,750000
2019.10.31 10:08:35.563,1.11695,1.11698,2510000,1500000
2019.10.31 10:08:35.872,1.11696,1.11698,2320000,750000
2019.10.31 10:08:36.025,1.11696,1.11699,1570000,2440000
2019.10.31 10:08:36.126,1.11697,1.11699,1570000,750000
2019.10.31 10:08:36.462,1.11696,1.11699,1570000,3190000
2019.10.31 10:08:37.375,1.11698,1.11699,750000,750000
2019.10.31 10:08:37.712,1.11699,1.117,750000,750000
2019.10.31 10:08:37.813,1.11698,1.11699,750000,750000
2019.10.31 10:08:37.920,1.11697,1.11699,750000,3000000
2019.10.31 10:08:38.454,1.11696,1.11699,1010000,5620000
2019.10.31 10:08:38.555,1.11696,1.11698,750000,1120000
2019.10.31 10:08:38.657,1.11696,1.11697,750000,3370000
2019.10.31 10:08:39.219,1.11695,1.11696,4500000,1500000
2019.10.31 10:08:39.321,1.11692,1.11694,3750000,1120000
2019.10.31 10:08:39.477,1.11691,1.11694,7950000,2140000
2019.10.31 10:08:39.578,1.11692,1.11694,8320000,740000
2019.10.31 10:08:39.780,1.11693,1.11695,6070000,370000
2019.10.31 10:08:39.882,1.11692,1.11694,940000,560000
2019.10.31 10:08:40.895,1.11692,1.11695,7010000,370000
2019.10.31 10:08:41.048,1.11693,1.11695,5250000,370000
2019.10.31 10:08:41.149,1.11692,1.11695,4570000,2440000
2019.10.31 10:08:41.430,1.11692,1.11696,6070000,2440000
2019.10.31 10:08:41.604,1.11693,1.11696,6070000,750000
2019.10.31 10:08:41.705,1.11692,1.11696,6070000,2440000
2019.10.31 10:08:41.807,1.11691,1.11694,4500000,1310000
2019.10.31 10:08:41.909,1.11691,1.11693,750000,370000
2019.10.31 10:08:42.623,1.11689,1.1169,750000,750000
2019.10.31 10:08:42.674,1.11688,1.1169,5250000,2060000
2019.10.31 10:08:42.939,1.1169,1.11692,6070000,190000
2019.10.31 10:08:43.403,1.11689,1.11691,3750000,370000
2019.10.31 10:08:43.505,1.11689,1.1169,3750000,370000
2019.10.31 10:08:44.745,1.1169,1.11691,3750000,190000
2019.10.31 10:08:45.023,1.11689,1.1169,3750000,1120000
2019.10.31 10:08:45.276,1.1169,1.11691,100000,190000
2019.10.31 10:08:45.980,1.11688,1.11691,4760000,370000
2019.10.31 10:08:46.031,1.11687,1.11689,3750000,2440000
2019.10.31 10:08:46.133,1.11686,1.11688,100000,1690000
2019.10.31 10:08:46.796,1.11686,1.11689,4760000,1690000
2019.10.31 10:08:46.898,1.11685,1.11686,750000,1870000
2019.10.31 10:08:46.999,1.11685,1.11687,100000,1310000
2019.10.31 10:08:47.138,1.11685,1.11688,5320000,1690000
2019.10.31 10:08:47.240,1.11686,1.11688,5320000,1500000
2019.10.31 10:08:47.485,1.11685,1.11688,5700000,1200000
2019.10.31 10:08:47.876,1.11686,1.11688,750000,750000
2019.10.31 10:08:47.999,1.11685,1.11689,6260000,5060000
2019.10.31 10:08:48.101,1.11686,1.11689,5320000,560000
2019.10.31 10:08:48.462,1.11688,1.1169,1760000,750000
2019.10.31 10:08:48.564,1.11687,1.1169,5510000,2140000
2019.10.31 10:08:48.667,1.11687,1.11689,4500000,1120000
2019.10.31 10:08:50.332,1.11688,1.1169,820000,750000
2019.10.31 10:08:52.991,1.11689,1.11692,3820000,750000
2019.10.31 10:08:53.106,1.11689,1.11691,1500000,1500000
2019.10.31 10:08:53.259,1.11689,1.11692,3820000,750000
2019.10.31 10:08:53.360,1.11688,1.11691,100000,1500000
2019.10.31 10:08:53.461,1.11688,1.1169,100000,1500000
2019.10.31 10:08:55.300,1.11688,1.11691,1570000,370000
2019.10.31 10:08:55.402,1.11687,1.11691,820000,2060000
2019.10.31 10:08:55.504,1.11688,1.11691,820000,750000
2019.10.31 10:08:55.614,1.11687,1.11691,820000,2060000
2019.10.31 10:08:55.749,1.11687,1.1169,100000,2140000
2019.10.31 10:08:56.149,1.11688,1.11691,1200000,750000
2019.10.31 10:08:56.251,1.1169,1.11693,2890000,370000
2019.10.31 10:08:56.847,1.11691,1.11693,1500000,1500000
2019.10.31 10:08:57.170,1.1169,1.11693,750000,3260000
2019.10.31 10:08:57.272,1.11691,1.11693,820000,370000
2019.10.31 10:08:58.162,1.1169,1.11693,820000,2890000
2019.10.31 10:08:58.263,1.1169,1.11691,100000,1950000
2019.10.31 10:08:58.466,1.1169,1.11692,820000,940000
2019.10.31 10:08:58.618,1.11691,1.11692,820000,750000
2019.10.31 10:08:59.644,1.1169,1.11692,820000,2060000
2019.10.31 10:09:00.250,1.11688,1.11689,4500000,370000
2019.10.31 10:09:00.352,1.11687,1.11689,4500000,750000
2019.10.31 10:09:01.010,1.11687,1.11688,100000,750000
2019.10.31 10:09:01.597,1.11687,1.11689,4500000,1120000
2019.10.31 10:09:01.699,1.11688,1.11689,4500000,190000
2019.10.31 10:09:01.800,1.11688,1.1169,940000,940000
2019.10.31 10:09:02.297,1.11688,1.11691,750000,940000
2019.10.31 10:09:05.003,1.11689,1.11691,750000,940000
2019.10.31 10:09:05.157,1.11692,1.11694,2510000,370000
2019.10.31 10:09:05.258,1.11692,1.11695,2140000,370000
2019.10.31 10:09:05.597,1.11693,1.11695,1010000,190000
2019.10.31 10:09:05.746,1.11693,1.11696,1950000,190000
2019.10.31 10:09:05.907,1.11692,1.11695,100000,560000
2019.10.31 10:09:06.008,1.11692,1.11694,100000,370000
2019.10.31 10:09:06.110,1.11692,1.11695,1950000,370000
2019.10.31 10:09:06.211,1.11691,1.11694,100000,3260000
2019.10.31 10:09:06.693,1.11691,1.11693,100000,3070000
2019.10.31 10:09:06.795,1.11691,1.11695,2140000,3820000
2019.10.31 10:09:07.433,1.11692,1.11695,2140000,370000
2019.10.31 10:09:07.835,1.11692,1.11694,100000,370000
2019.10.31 10:09:07.961,1.11694,1.11696,1500000,1870000
2019.10.31 10:09:08.062,1.11696,1.11698,4160000,1120000
2019.10.31 10:09:08.176,1.11695,1.11698,1390000,940000
2019.10.31 10:09:10.383,1.11696,1.11698,940000,560000
2019.10.31 10:09:10.606,1.11697,1.11698,940000,370000
2019.10.31 10:09:10.708,1.11696,1.11698,940000,2060000
2019.10.31 10:09:11.543,1.11697,1.11698,940000,370000
2019.10.31 10:09:12.716,1.11696,1.11698,750000,940000
2019.10.31 10:09:14.999,1.11697,1.11698,750000,370000
2019.10.31 10:09:16.332,1.11697,1.117,2890000,370000
2019.10.31 10:09:16.484,1.11697,1.11699,100000,370000
2019.10.31 10:09:16.701,1.11696,1.11699,100000,2770000
2019.10.31 10:09:16.915,1.11696,1.11697,750000,2020000
2019.10.31 10:09:17.117,1.11695,1.11697,750000,370000
2019.10.31 10:09:17.219,1.11696,1.11697,750000,750000
2019.10.31 10:09:17.320,1.11695,1.11697,750000,2250000
2019.10.31 10:09:17.521,1.11694,1.11697,4570000,190000
2019.10.31 10:09:17.622,1.11693,1.11697,4760000,1310000
2019.10.31 10:09:18.460,1.11693,1.11696,750000,1690000
2019.10.31 10:09:20.682,1.11695,1.11697,100000,1500000
2019.10.31 10:09:20.733,1.11695,1.11699,3260000,2250000
2019.10.31 10:09:20.834,1.11695,1.11698,370000,1690000
2019.10.31 10:09:21.235,1.11693,1.11696,820000,3940000
2019.10.31 10:09:21.337,1.11694,1.11696,820000,750000
2019.10.31 10:09:21.496,1.11693,1.11696,820000,2810000
2019.10.31 10:09:21.862,1.11694,1.11696,820000,750000
2019.10.31 10:09:22.214,1.11693,1.11696,820000,3560000
2019.10.31 10:09:22.316,1.11694,1.11696,750000,450000
2019.10.31 10:09:22.418,1.11695,1.11697,1500000,470000
2019.10.31 10:09:22.519,1.11696,1.11698,190000,1500000
2019.10.31 10:09:22.671,1.11696,1.11699,1310000,2140000
2019.10.31 10:09:22.854,1.11697,1.11699,1310000,470000
2019.10.31 10:09:22.956,1.11697,1.11699,560000,450000
2019.10.31 10:09:23.549,1.11698,1.11699,370000,100000
2019.10.31 10:09:24.155,1.11697,1.11699,750000,100000
2019.10.31 10:09:25.591,1.11696,1.11699,4500000,100000
2019.10.31 10:09:25.692,1.11697,1.11699,3750000,100000
2019.10.31 10:09:25.896,1.11696,1.11699,3750000,100000
2019.10.31 10:09:26.206,1.11697,1.11699,4500000,450000
2019.10.31 10:09:28.584,1.11696,1.11699,1500000,450000
2019.10.31 10:09:28.685,1.11697,1.11699,2250000,100000
2019.10.31 10:09:28.786,1.11696,1.11699,2250000,100000
2019.10.31 10:09:30.072,1.11697,1.11699,1500000,470000
2019.10.31 10:09:30.201,1.11697,1.11699,1500000,450000
2019.10.31 10:09:32.433,1.11698,1.11699,940000,100000
2019.10.31 10:09:32.535,1.11697,1.11699,1690000,450000
2019.10.31 10:09:32.652,1.11696,1.11699,940000,820000
2019.10.31 10:09:32.813,1.11697,1.11699,940000,450000
2019.10.31 10:09:33.254,1.11696,1.11699,940000,100000
2019.10.31 10:09:33.355,1.11697,1.11699,940000,100000
2019.10.31 10:09:37.244,1.11698,1.11699,1500000,100000
2019.10.31 10:09:37.345,1.11696,1.11699,1500000,3000000
2019.10.31 10:09:37.447,1.11697,1.11699,1500000,100000
2019.10.31 10:09:40.148,1.11697,1.11698,190000,450000
2019.10.31 10:09:42.579,1.11697,1.11699,750000,100000
2019.10.31 10:09:49.142,1.11697,1.11699,940000,470000
2019.10.31 10:09:49.567,1.11696,1.11698,370000,820000
2019.10.31 10:09:50.292,1.11696,1.11697,1870000,820000
2019.10.31 10:09:50.343,1.11693,1.11695,750000,7240000
2019.10.31 10:09:50.394,1.11695,1.11696,750000,100000
2019.10.31 10:09:50.738,1.11694,1.11696,750000,1200000
2019.10.31 10:09:51.115,1.11693,1.11695,750000,3070000
2019.10.31 10:09:51.267,1.11694,1.11696,2060000,100000
2019.10.31 10:09:51.736,1.11693,1.11696,3940000,2320000
2019.10.31 10:09:51.838,1.11694,1.11696,3940000,470000
2019.10.31 10:09:54.317,1.11696,1.11697,940000,1120000
2019.10.31 10:09:54.418,1.11695,1.11697,2620000,370000
2019.10.31 10:09:54.520,1.11694,1.11697,2810000,100000
2019.10.31 10:09:54.621,1.11694,1.11696,750000,450000
2019.10.31 10:09:55.261,1.11693,1.11696,3940000,1570000
2019.10.31 10:09:55.363,1.11694,1.11695,750000,370000
2019.10.31 10:09:55.465,1.11693,1.11695,750000,1570000
2019.10.31 10:09:56.120,1.11693,1.11694,3370000,100000
2019.10.31 10:09:56.221,1.11692,1.11694,3370000,820000
2019.10.31 10:09:56.563,1.11692,1.11693,750000,100000
2019.10.31 10:09:56.867,1.11691,1.11693,2250000,260000
2019.10.31 10:09:57.874,1.11692,1.11694,750000,750000
2019.10.31 10:09:57.976,1.11693,1.11694,1500000,100000
2019.10.31 10:09:58.078,1.11694,1.11695,1120000,750000
2019.10.31 10:09:58.180,1.11693,1.11694,1500000,1200000
2019.10.31 10:09:58.231,1.11691,1.11693,1120000,2140000
2019.10.31 10:09:58.769,1.11692,1.11693,750000,100000
2019.10.31 10:09:59.455,1.11692,1.11694,2620000,1220000
2019.10.31 10:09:59.607,1.11692,1.11693,750000,100000
2019.10.31 10:09:59.856,1.11691,1.11693,750000,640000
2019.10.31 10:10:00.755,1.11694,1.11695,2250000,1500000
2019.10.31 10:10:00.806,1.11695,1.11697,1870000,1120000
2019.10.31 10:10:01.009,1.11694,1.11697,2620000,2890000
2019.10.31 10:10:01.111,1.11694,1.11695,3000000,100000
2019.10.31 10:10:01.314,1.11693,1.11695,3000000,640000
2019.10.31 10:10:01.868,1.11694,1.11695,750000,100000
2019.10.31 10:10:01.970,1.11695,1.11696,2250000,100000
2019.10.31 10:10:02.473,1.11695,1.11698,4310000,640000
2019.10.31 10:10:02.600,1.11695,1.11697,750000,1310000
2019.10.31 10:10:02.702,1.11696,1.11697,750000,100000
2019.10.31 10:10:02.928,1.11695,1.11697,750000,1390000
2019.10.31 10:10:03.068,1.11694,1.11695,750000,1200000
2019.10.31 10:10:03.169,1.11694,1.11695,750000,100000
2019.10.31 10:10:04.073,1.11693,1.11695,750000,1760000
2019.10.31 10:10:04.225,1.11694,1.11695,1500000,750000
2019.10.31 10:10:04.692,1.11693,1.11695,750000,260000
2019.10.31 10:10:05.245,1.11692,1.11694,750000,1390000
2019.10.31 10:10:05.741,1.11693,1.11694,750000,260000
2019.10.31 10:10:07.062,1.11694,1.11695,1870000,100000
2019.10.31 10:10:07.606,1.11693,1.11694,750000,190000
2019.10.31 10:10:08.135,1.11693,1.11696,2810000,190000
2019.10.31 10:10:08.237,1.11693,1.11695,750000,2140000
2019.10.31 10:10:08.370,1.11693,1.11696,2060000,260000
2019.10.31 10:10:08.703,1.11693,1.11695,1120000,1010000
2019.10.31 10:10:10.065,1.11693,1.11696,2440000,1390000
2019.10.31 10:10:10.218,1.11694,1.11696,2440000,100000
2019.10.31 10:10:11.218,1.11695,1.11696,750000,750000
2019.10.31 10:10:11.269,1.11695,1.11698,2250000,1120000
2019.10.31 10:10:11.378,1.11696,1.11697,2250000,100000
2019.10.31 10:10:11.989,1.11696,1.11698,2250000,1200000
2019.10.31 10:10:12.649,1.11697,1.11698,750000,100000
2019.10.31 10:10:13.772,1.11696,1.11698,750000,3070000
2019.10.31 10:10:13.873,1.11697,1.11698,750000,100000
2019.10.31 10:10:14.710,1.11697,1.11699,1120000,100000
2019.10.31 10:10:15.204,1.11696,1.11699,1120000,1950000
2019.10.31 10:10:15.875,1.11697,1.11699,1120000,100000
2019.10.31 10:10:16.775,1.11696,1.11699,1120000,1950000
2019.10.31 10:10:17.836,1.11699,1.117,750000,1500000
2019.10.31 10:10:17.887,1.117,1.11702,2320000,940000
2019.10.31 10:10:17.989,1.11699,1.11702,1500000,1390000
2019.10.31 10:10:18.344,1.117,1.11702,1120000,100000
2019.10.31 10:10:18.771,1.11701,1.11703,4120000,470000
2019.10.31 10:10:18.872,1.11701,1.11702,370000,100000
2019.10.31 10:10:18.974,1.117,1.11703,1120000,820000
2019.10.31 10:10:19.791,1.117,1.11702,370000,450000
2019.10.31 10:10:20.247,1.117,1.11703,750000,2700000
2019.10.31 10:10:20.353,1.11701,1.11703,750000,1570000
2019.10.31 10:10:20.455,1.117,1.11703,750000,2510000
2019.10.31 10:10:20.557,1.117,1.11702,2060000,190000
2019.10.31 10:10:20.658,1.11699,1.117,750000,370000
2019.10.31 10:10:20.760,1.11698,1.117,1500000,820000
2019.10.31 10:10:20.906,1.11699,1.117,750000,370000
2019.10.31 10:10:21.918,1.11698,1.117,750000,1570000
2019.10.31 10:10:22.335,1.11699,1.117,750000,100000
2019.10.31 10:10:22.577,1.11698,1.117,750000,1950000
2019.10.31 10:10:22.685,1.11699,1.117,750000,100000
2019.10.31 10:10:25.264,1.11698,1.117,2990000,2700000
2019.10.31 10:10:25.365,1.11697,1.11699,3560000,750000
2019.10.31 10:10:25.466,1.11697,1.11698,370000,750000
2019.10.31 10:10:25.669,1.11696,1.11698,370000,260000
2019.10.31 10:10:26.259,1.11696,1.11699,4690000,260000
2019.10.31 10:10:27.169,1.11696,1.11698,2250000,260000
2019.10.31 10:10:29.918,1.11696,1.11699,2810000,260000
2019.10.31 10:10:30.020,1.11697,1.11699,2810000,100000
2019.10.31 10:10:30.171,1.11696,1.11699,2810000,640000
2019.10.31 10:10:30.688,1.11697,1.11699,750000,100000
2019.10.31 10:10:30.739,1.11699,1.117,4500000,750000
2019.10.31 10:10:30.840,1.11699,1.11701,190000,100000
2019.10.31 10:10:30.944,1.11698,1.11701,190000,3450000
2019.10.31 10:10:31.113,1.11699,1.11701,190000,100000
2019.10.31 10:10:31.215,1.11699,1.11702,3190000,100000
2019.10.31 10:10:32.357,1.11698,1.11702,4690000,4760000
2019.10.31 10:10:33.441,1.11698,1.11701,370000,3940000
2019.10.31 10:10:34.135,1.11701,1.11702,750000,750000
2019.10.31 10:10:34.972,1.11699,1.117,750000,750000
2019.10.31 10:10:35.074,1.11698,1.117,750000,2060000
2019.10.31 10:10:35.176,1.11699,1.117,750000,750000
2019.10.31 10:10:35.277,1.11698,1.117,750000,2060000
2019.10.31 10:10:35.378,1.11699,1.117,750000,100000
2019.10.31 10:10:35.568,1.11698,1.117,750000,2060000
2019.10.31 10:10:36.587,1.11699,1.117,750000,750000
2019.10.31 10:10:36.707,1.11698,1.117,750000,2440000
2019.10.31 10:10:36.929,1.11699,1.11702,2620000,1500000
2019.10.31 10:10:36.981,1.11701,1.11702,370000,1310000
2019.10.31 10:10:37.737,1.11701,1.11703,1120000,1870000
2019.10.31 10:10:38.848,1.117,1.11703,1870000,3560000
2019.10.31 10:10:41.144,1.11701,1.11703,2250000,370000
2019.10.31 10:10:41.388,1.117,1.11703,1120000,2810000
2019.10.31 10:10:45.107,1.117,1.11702,370000,2550000
2019.10.31 10:10:45.261,1.11698,1.11699,1310000,1120000
2019.10.31 10:10:45.362,1.11696,1.11698,370000,750000
2019.10.31 10:10:45.755,1.11696,1.11697,750000,1500000
2019.10.31 10:10:45.856,1.11695,1.11697,3000000,2060000
2019.10.31 10:10:49.362,1.11696,1.11697,750000,1390000
2019.10.31 10:10:49.476,1.11695,1.11697,750000,2700000
2019.10.31 10:10:49.577,1.11696,1.11697,750000,1390000
2019.10.31 10:10:49.679,1.11695,1.11697,750000,2700000
2019.10.31 10:10:52.280,1.11695,1.11698,2250000,2020000
2019.10.31 10:10:52.381,1.11695,1.11697,750000,2020000
2019.10.31 10:10:56.130,1.11694,1.11695,2250000,1390000
2019.10.31 10:10:56.181,1.11693,1.11694,2250000,750000
2019.10.31 10:10:56.282,1.11691,1.11692,750000,1500000
2019.10.31 10:10:56.434,1.1169,1.11692,1500000,3940000
2019.10.31 10:10:56.572,1.11691,1.11692,750000,1120000
2019.10.31 10:10:57.247,1.1169,1.11692,750000,2060000
2019.10.31 10:10:57.348,1.11691,1.11692,750000,1120000
2019.10.31 10:10:57.782,1.1169,1.11692,750000,3640000
2019.10.31 10:10:57.884,1.1169,1.11693,2620000,3260000
2019.10.31 10:10:57.985,1.11691,1.11693,2620000,1500000
2019.10.31 10:10:58.142,1.11691,1.11692,750000,1500000
2019.10.31 10:10:58.244,1.1169,1.11693,2620000,2810000
2019.10.31 10:10:58.346,1.1169,1.11692,750000,4310000
2019.10.31 10:10:58.746,1.1169,1.11693,4870000,3190000
2019.10.31 10:10:59.073,1.1169,1.11692,750000,3940000
2019.10.31 10:10:59.181,1.1169,1.11693,4870000,3190000
2019.10.31 10:10:59.333,1.1169,1.11692,1500000,4690000
2019.10.31 10:11:00.071,1.1169,1.11693,5250000,3190000
2019.10.31 10:11:00.349,1.11691,1.11693,3070000,1870000
2019.10.31 10:11:00.451,1.11691,1.11692,750000,1870000
2019.10.31 10:11:00.568,1.11691,1.11693,3000000,1870000
2019.10.31 10:11:00.670,1.11691,1.11692,750000,1500000
2019.10.31 10:11:00.772,1.1169,1.11693,3000000,3190000
2019.10.31 10:11:01.753,1.1169,1.11692,750000,3560000
2019.10.31 10:11:01.922,1.11691,1.11693,2620000,1870000
2019.10.31 10:11:02.113,1.1169,1.11693,2620000,2810000
2019.10.31 10:11:02.252,1.11691,1.11692,750000,750000
2019.10.31 10:11:02.354,1.1169,1.11693,1870000,3560000
2019.10.31 10:11:02.559,1.11691,1.11693,1870000,370000
2019.10.31 10:11:02.662,1.11691,1.11694,450000,1690000
2019.10.31 10:11:02.764,1.11691,1.11693,750000,4010000
2019.10.31 10:11:03.053,1.11692,1.11693,750000,100000
2019.10.31 10:11:03.104,1.11694,1.11695,750000,750000
2019.10.31 10:11:03.258,1.11695,1.11696,4200000,750000
2019.10.31 10:11:04.410,1.11694,1.11696,2250000,560000
2019.10.31 10:11:04.538,1.11694,1.11695,100000,190000
2019.10.31 10:11:04.841,1.11692,1.11694,750000,4390000
2019.10.31 10:11:04.943,1.11691,1.11694,1500000,3260000
2019.10.31 10:11:05.206,1.11691,1.11693,2620000,260000
2019.10.31 10:11:05.614,1.1169,1.11692,560000,3260000
2019.10.31 10:11:05.715,1.1169,1.11691,750000,940000
2019.10.31 10:11:06.109,1.11691,1.11692,1690000,100000
2019.10.31 10:11:06.614,1.1169,1.11692,1310000,2810000
2019.10.31 10:11:07.163,1.1169,1.11691,750000,2810000
2019.10.31 10:11:07.264,1.1169,1.11692,2060000,2060000
2019.10.31 10:11:07.687,1.1169,1.11691,750000,2810000
2019.10.31 10:11:07.788,1.1169,1.11692,2060000,2810000
2019.10.31 10:11:07.941,1.1169,1.11691,750000,3940000
2019.10.31 10:11:08.042,1.1169,1.11692,2140000,2510000
2019.10.31 10:11:09.672,1.1169,1.11691,750000,190000
2019.10.31 10:11:09.824,1.1169,1.11692,2890000,560000
2019.10.31 10:11:10.090,1.11689,1.11691,750000,640000
2019.10.31 10:11:10.179,1.11688,1.1169,750000,2890000
2019.10.31 10:11:10.280,1.11689,1.1169,750000,750000
2019.10.31 10:11:10.382,1.1169,1.11691,750000,1500000
2019.10.31 10:11:10.483,1.11688,1.11692,1760000,5510000
2019.10.31 10:11:10.534,1.1169,1.11692,2140000,100000
2019.10.31 10:11:10.607,1.11688,1.11692,1760000,5510000
2019.10.31 10:11:10.709,1.11689,1.11692,1950000,190000
2019.10.31 10:11:10.986,1.11688,1.11692,2140000,5510000
2019.10.31 10:11:11.504,1.1169,1.11691,1500000,750000
2019.10.31 10:11:11.605,1.1169,1.11692,2700000,370000
2019.10.31 10:11:11.893,1.11689,1.11691,1120000,940000
2019.10.31 10:11:11.995,1.11688,1.11691,370000,2890000
2019.10.31 10:11:12.365,1.11688,1.1169,940000,640000
2019.10.31 10:11:12.832,1.11688,1.1169,750000,1570000
2019.10.31 10:11:12.935,1.1169,1.11692,1500000,750000
2019.10.31 10:11:13.059,1.11691,1.11692,1500000,1120000
2019.10.31 10:11:13.212,1.1169,1.11692,1500000,1120000
2019.10.31 10:11:13.438,1.11691,1.11692,1500000,1500000
2019.10.31 10:11:14.312,1.1169,1.11692,750000,3370000
2019.10.31 10:11:14.414,1.11691,1.11693,1200000,2440000
2019.10.31 10:11:15.171,1.1169,1.11692,100000,2140000
2019.10.31 10:11:15.273,1.1169,1.11693,750000,1010000
2019.10.31 10:11:15.382,1.1169,1.11692,100000,1760000
2019.10.31 10:11:15.483,1.11691,1.11693,1570000,100000
2019.10.31 10:11:15.585,1.1169,1.11693,1200000,5060000
2019.10.31 10:11:16.196,1.11691,1.11693,1500000,1570000
2019.10.31 10:11:16.764,1.11692,1.11693,1500000,750000
2019.10.31 10:11:17.352,1.11693,1.11694,100000,940000
2019.10.31 10:11:17.403,1.11693,1.11696,1500000,1760000
2019.10.31 10:11:17.504,1.11694,1.11696,2320000,100000
2019.10.31 10:11:17.710,1.11693,1.11696,1950000,190000
2019.10.31 10:11:17.811,1.11692,1.11695,1870000,1390000
2019.10.31 10:11:18.061,1.11693,1.11695,1870000,190000
2019.10.31 10:11:18.169,1.11694,1.11696,750000,1690000
2019.10.31 10:11:18.271,1.11695,1.11697,1950000,1760000
2019.10.31 10:11:18.372,1.11696,1.11697,1200000,370000
2019.10.31 10:11:18.574,1.11695,1.11697,1120000,260000
2019.10.31 10:11:18.735,1.11695,1.11696,750000,260000
2019.10.31 10:11:20.809,1.11695,1.11697,1200000,820000
2019.10.31 10:11:22.948,1.11696,1.11697,750000,190000
2019.10.31 10:11:23.050,1.11696,1.11697,1500000,2440000
2019.10.31 10:11:23.471,1.11697,1.11698,750000,190000
2019.10.31 10:11:23.674,1.11696,1.11697,370000,190000
2019.10.31 10:11:24.129,1.11697,1.11698,750000,190000
2019.10.31 10:11:26.771,1.11696,1.11697,750000,1310000
2019.10.31 10:11:27.571,1.11697,1.11698,2320000,190000
2019.10.31 10:11:27.924,1.11696,1.11697,750000,940000
2019.10.31 10:11:28.886,1.11695,1.11697,750000,3560000
2019.10.31 10:11:28.987,1.11695,1.11698,2320000,1690000
2019.10.31 10:11:29.104,1.11695,1.11697,750000,1690000
2019.10.31 10:11:29.205,1.11695,1.11698,1950000,940000
2019.10.31 10:11:29.357,1.11695,1.11697,100000,1390000
2019.10.31 10:11:29.711,1.11696,1.11697,1870000,1120000
2019.10.31 10:11:29.813,1.11695,1.11697,1870000,2440000
2019.10.31 10:11:30.198,1.11695,1.11696,750000,2440000
2019.10.31 10:11:30.300,1.11695,1.11697,1500000,1690000
2019.10.31 10:11:30.665,1.11695,1.11696,750000,2440000
2019.10.31 10:11:30.766,1.11695,1.11697,3750000,2060000
2019.10.31 10:11:30.892,1.11695,1.11696,750000,1310000
2019.10.31 10:11:31.088,1.11695,1.11697,3750000,1310000
2019.10.31 10:11:31.442,1.11696,1.11697,820000,370000
2019.10.31 10:11:31.544,1.11695,1.11697,750000,1010000
2019.10.31 10:11:34.029,1.11695,1.11698,1570000,2810000
2019.10.31 10:11:34.144,1.11696,1.11698,1570000,190000
2019.10.31 10:11:34.498,1.11696,1.11697,1200000,190000
2019.10.31 10:11:35.267,1.11695,1.11697,820000,1010000
2019.10.31 10:11:35.661,1.11696,1.11697,1120000,190000
2019.10.31 10:11:36.313,1.11695,1.11697,370000,2060000
2019.10.31 10:11:36.414,1.11695,1.11698,3070000,2440000
2019.10.31 10:11:36.603,1.11695,1.11697,450000,940000
2019.10.31 10:11:36.805,1.11696,1.11697,450000,370000
2019.10.31 10:11:36.906,1.11695,1.11697,450000,940000
2019.10.31 10:11:37.064,1.11695,1.11698,3450000,940000
2019.10.31 10:11:37.214,1.11695,1.11697,750000,940000
2019.10.31 10:11:37.341,1.11695,1.11697,750000,940000
2019.10.31 10:11:37.477,1.11695,1.11697,1500000,1310000
2019.10.31 10:11:37.831,1.11695,1.11697,750000,4690000
2019.10.31 10:11:37.932,1.11695,1.11697,1500000,2810000
2019.10.31 10:11:38.697,1.11695,1.11697,750000,2810000
2019.10.31 10:11:38.748,1.11696,1.11698,3070000,1120000
2019.10.31 10:11:38.849,1.11696,1.11697,750000,1120000
2019.10.31 10:11:38.953,1.11696,1.11698,3070000,1120000
2019.10.31 10:11:39.202,1.11696,1.11697,450000,1120000
2019.10.31 10:11:39.304,1.11695,1.11696,100000,560000
2019.10.31 10:11:39.433,1.11696,1.11697,1950000,1500000
2019.10.31 10:11:39.534,1.11695,1.11696,100000,1310000
2019.10.31 10:11:39.635,1.11695,1.11697,1500000,2060000
2019.10.31 10:11:39.787,1.11695,1.11698,2320000,2810000
2019.10.31 10:11:40.477,1.11695,1.11697,750000,3940000
2019.10.31 10:11:40.579,1.11695,1.11698,2700000,3190000
2019.10.31 10:11:40.711,1.11695,1.11697,750000,3940000
2019.10.31 10:11:41.030,1.11695,1.11698,2320000,3940000
2019.10.31 10:11:41.232,1.11696,1.11698,1570000,1690000
2019.10.31 10:11:42.436,1.11695,1.11698,1870000,2810000
2019.10.31 10:11:43.258,1.11698,1.117,1010000,1500000
2019.10.31 10:11:43.360,1.11698,1.11699,750000,1950000
2019.10.31 10:11:43.461,1.11696,1.11697,750000,190000
2019.10.31 10:11:47.115,1.11695,1.11697,750000,1690000
2019.10.31 10:11:47.218,1.11692,1.11694,470000,3370000
2019.10.31 10:11:47.269,1.11691,1.11693,450000,1310000
2019.10.31 10:11:47.320,1.11696,1.11697,2440000,3750000
2019.10.31 10:11:47.488,1.11695,1.11697,450000,750000
2019.10.31 10:11:47.640,1.11696,1.11697,1500000,370000
2019.10.31 10:11:47.843,1.11695,1.11697,1500000,1500000
2019.10.31 10:11:47.945,1.11696,1.11697,1500000,750000
2019.10.31 10:11:48.813,1.11696,1.11698,1950000,750000
2019.10.31 10:11:49.553,1.11695,1.11697,1310000,2250000
2019.10.31 10:11:49.655,1.11693,1.11695,4010000,1310000
2019.10.31 10:11:49.857,1.11693,1.11694,100000,190000
2019.10.31 10:11:49.958,1.11693,1.11695,4690000,190000
2019.10.31 10:11:50.092,1.11693,1.11694,750000,190000
2019.10.31 10:11:50.300,1.11694,1.11695,370000,2250000
2019.10.31 10:11:50.401,1.11694,1.11696,2320000,2250000
2019.10.31 10:11:50.503,1.11693,1.11696,2320000,4690000
2019.10.31 10:11:51.399,1.11693,1.11695,2250000,2620000
2019.10.31 10:11:52.304,1.11692,1.11695,1760000,1870000
2019.10.31 10:11:52.733,1.11693,1.11695,4010000,750000
2019.10.31 10:11:52.892,1.11692,1.11695,2510000,4120000
2019.10.31 10:11:53.541,1.11691,1.11694,4500000,2510000
2019.10.31 10:11:53.642,1.11691,1.11693,100000,750000
2019.10.31 10:11:53.744,1.1169,1.11693,450000,2060000
2019.10.31 10:11:55.177,1.11691,1.11693,3450000,750000
2019.10.31 10:11:55.279,1.11694,1.11695,1200000,1310000
2019.10.31 10:11:55.330,1.11695,1.11696,3190000,370000
2019.10.31 10:11:55.431,1.11694,1.11696,750000,2810000
2019.10.31 10:11:55.584,1.11694,1.11697,1200000,2810000
2019.10.31 10:11:55.685,1.11695,1.11697,1200000,750000
2019.10.31 10:11:56.344,1.11695,1.11696,750000,1500000
2019.10.31 10:11:56.446,1.11695,1.11697,1950000,1500000
2019.10.31 10:11:56.679,1.11694,1.11697,1120000,2440000
2019.10.31 10:11:56.780,1.11695,1.11697,1120000,1120000
2019.10.31 10:11:57.125,1.11695,1.11697,750000,2620000
2019.10.31 10:11:57.892,1.11696,1.11697,820000,1500000
2019.10.31 10:11:58.042,1.11695,1.11697,820000,2620000
2019.10.31 10:11:58.198,1.11695,1.11696,750000,3370000
2019.10.31 10:11:58.683,1.11695,1.11697,820000,2620000
2019.10.31 10:11:59.923,1.11695,1.11698,4390000,1870000
2019.10.31 10:12:00.323,1.11695,1.11697,750000,3560000
2019.10.31 10:12:00.375,1.11698,1.11699,820000,1500000
2019.10.31 10:12:00.509,1.11698,1.117,5510000,1500000
2019.10.31 10:12:00.560,1.11696,1.11699,3260000,4500000
2019.10.31 10:12:00.713,1.11697,1.11699,2250000,370000
2019.10.31 10:12:01.759,1.11696,1.11699,2250000,2140000
2019.10.31 10:12:03.202,1.11696,1.11698,750000,2140000
2019.10.31 10:12:10.009,1.11696,1.11699,2060000,1950000
2019.10.31 10:12:10.756,1.11699,1.117,450000,1500000
2019.10.31 10:12:10.857,1.117,1.11701,1690000,850000
2019.10.31 10:12:11.434,1.117,1.11703,2320000,4310000
2019.10.31 10:12:11.536,1.11701,1.11703,450000,820000
2019.10.31 10:12:12.183,1.117,1.11703,370000,3640000
2019.10.31 10:12:13.816,1.11701,1.11703,1120000,750000
2019.10.31 10:12:13.918,1.117,1.11703,1870000,5510000
2019.10.31 10:12:14.122,1.11701,1.11703,1950000,450000
2019.10.31 10:12:14.475,1.117,1.11703,1870000,5890000
2019.10.31 10:12:15.083,1.11701,1.11703,4500000,1500000
2019.10.31 10:12:15.285,1.117,1.11703,4500000,5890000
2019.10.31 10:12:16.999,1.11701,1.11703,4870000,370000
2019.10.31 10:12:17.137,1.11701,1.11702,750000,1870000
2019.10.31 10:12:17.250,1.11701,1.11703,4870000,370000
2019.10.31 10:12:18.883,1.11701,1.11703,1500000,1870000
2019.10.31 10:12:18.984,1.11702,1.11703,750000,370000
2019.10.31 10:12:19.162,1.11701,1.11702,750000,560000
2019.10.31 10:12:21.064,1.11704,1.11705,750000,1500000
2019.10.31 10:12:21.165,1.11704,1.11706,750000,750000
2019.10.31 10:12:22.014,1.11703,1.11704,750000,2620000
2019.10.31 10:12:22.166,1.11703,1.11705,3750000,1500000
2019.10.31 10:12:22.268,1.11703,1.11704,370000,1500000
2019.10.31 10:12:22.470,1.11703,1.11705,3750000,1500000
2019.10.31 10:12:23.922,1.11704,1.11705,3750000,750000
2019.10.31 10:12:24.024,1.11705,1.11707,1500000,1120000
2019.10.31 10:12:24.994,1.11706,1.11707,1500000,1500000
2019.10.31 10:12:25.303,1.11705,1.11707,2700000,1950000
2019.10.31 10:12:25.521,1.11705,1.11706,750000,750000
2019.10.31 10:12:25.673,1.11705,1.11707,3000000,750000
2019.10.31 10:12:25.876,1.11705,1.11706,750000,2250000
2019.10.31 10:12:25.981,1.11705,1.11707,3000000,1500000
2019.10.31 10:12:26.082,1.11705,1.11707,2620000,1120000
2019.10.31 10:12:26.183,1.11705,1.11706,6970000,750000
2019.10.31 10:12:26.234,1.11704,1.11705,750000,100000
2019.10.31 10:12:27.250,1.11702,1.11705,1500000,4390000
2019.10.31 10:12:27.453,1.11703,1.11705,750000,1870000
2019.10.31 10:12:27.555,1.11704,1.11707,2810000,1950000
2019.10.31 10:12:27.657,1.11705,1.11707,2810000,1500000
2019.10.31 10:12:27.758,1.11705,1.11706,750000,1870000
2019.10.31 10:12:27.859,1.11705,1.11707,2250000,1120000
2019.10.31 10:12:28.064,1.11705,1.11707,2250000,1120000
2019.10.31 10:12:28.404,1.11705,1.11707,750000,3370000
2019.10.31 10:12:28.506,1.11705,1.11707,750000,2250000
2019.10.31 10:12:29.083,1.11705,1.11708,3000000,2510000
2019.10.31 10:12:29.235,1.11706,1.11708,3000000,1500000
2019.10.31 10:12:29.336,1.11705,1.11708,3000000,2510000
2019.10.31 10:12:29.855,1.11706,1.11708,2250000,1500000
2019.10.31 10:12:30.144,1.11705,1.11708,2250000,3260000
2019.10.31 10:12:30.881,1.11705,1.11707,100000,3640000
2019.10.31 10:12:31.333,1.11705,1.11708,2250000,3260000
2019.10.31 10:12:31.453,1.11705,1.11707,100000,3640000
2019.10.31 10:12:31.911,1.11705,1.11708,2250000,2510000
2019.10.31 10:12:32.063,1.11706,1.11707,750000,750000
2019.10.31 10:12:35.774,1.11705,1.11707,370000,2800000
2019.10.31 10:12:36.699,1.11705,1.11708,3820000,2430000
2019.10.31 10:12:37.649,1.11705,1.11706,100000,1870000
2019.10.31 10:12:37.750,1.11705,1.11707,370000,1500000
2019.10.31 10:12:38.884,1.11706,1.11707,1120000,1500000
2019.10.31 10:12:39.277,1.11705,1.11707,1120000,1870000
2019.10.31 10:12:39.439,1.11706,1.11707,820000,1500000
2019.10.31 10:12:39.541,1.11705,1.11707,750000,2810000
2019.10.31 10:12:39.757,1.11705,1.11708,3000000,3560000
2019.10.31 10:12:40.865,1.11706,1.11708,1200000,1500000
2019.10.31 10:12:41.118,1.11706,1.11707,450000,1500000
2019.10.31 10:12:41.273,1.11705,1.11707,640000,2440000
2019.10.31 10:12:43.295,1.11705,1.11708,6640000,1500000
2019.10.31 10:12:43.891,1.11705,1.11707,1120000,2250000
2019.10.31 10:12:44.023,1.11704,1.11705,1690000,750000
2019.10.31 10:12:44.124,1.11703,1.11705,1690000,1500000
2019.10.31 10:12:44.478,1.11703,1.11705,2440000,1500000
2019.10.31 10:12:44.580,1.11703,1.11705,1690000,750000
2019.10.31 10:12:44.906,1.11704,1.11705,2890000,750000
2019.10.31 10:12:45.223,1.11703,1.11705,2510000,820000
2019.10.31 10:12:45.325,1.11705,1.11706,450000,750000
2019.10.31 10:12:45.744,1.11705,1.11707,4500000,1500000
2019.10.31 10:12:46.195,1.11706,1.11707,1200000,1500000
2019.10.31 10:12:46.296,1.11705,1.11707,1200000,1570000
2019.10.31 10:12:46.791,1.11705,1.11708,1760000,2250000
2019.10.31 10:12:48.338,1.11706,1.11708,1760000,100000
2019.10.31 10:12:48.440,1.11705,1.11708,1390000,1500000
2019.10.31 10:12:48.587,1.11706,1.11708,2140000,1500000
2019.10.31 10:12:48.754,1.11705,1.11708,1390000,1500000
2019.10.31 10:12:49.102,1.11705,1.11707,750000,2250000
2019.10.31 10:12:51.713,1.11706,1.11707,1500000,1500000
2019.10.31 10:12:51.814,1.11705,1.11707,1500000,3000000
2019.10.31 10:12:53.069,1.11705,1.11706,750000,3750000
2019.10.31 10:12:53.185,1.11706,1.11707,750000,750000
2019.10.31 10:12:53.374,1.11705,1.11707,750000,3000000
2019.10.31 10:12:53.477,1.11706,1.11707,1500000,1500000
2019.10.31 10:12:53.680,1.11705,1.11707,2250000,3000000
2019.10.31 10:12:57.528,1.11705,1.11706,100000,1500000
2019.10.31 10:12:57.629,1.11705,1.11707,2700000,1500000
2019.10.31 10:12:58.050,1.11704,1.11706,750000,3000000
2019.10.31 10:12:58.152,1.11705,1.11706,1500000,1870000
2019.10.31 10:12:58.253,1.11705,1.11707,2250000,1500000
2019.10.31 10:12:59.364,1.11705,1.11706,750000,2250000
2019.10.31 10:13:01.379,1.11705,1.11707,820000,1500000
2019.10.31 10:13:01.480,1.11705,1.11706,750000,2250000
2019.10.31 10:13:01.737,1.11705,1.11707,820000,1500000
2019.10.31 10:13:03.817,1.11706,1.11707,820000,1500000
2019.10.31 10:13:04.088,1.11705,1.11706,750000,1690000
2019.10.31 10:13:04.264,1.11705,1.11706,750000,1310000
2019.10.31 10:13:04.365,1.11705,1.11707,2510000,1690000
2019.10.31 10:13:04.545,1.11705,1.11706,820000,2440000
2019.10.31 10:13:06.188,1.11705,1.11707,4010000,1690000
2019.10.31 10:13:06.340,1.11706,1.11707,2890000,1500000
2019.10.31 10:13:06.854,1.11705,1.11706,750000,3190000
2019.10.31 10:13:06.961,1.11706,1.11707,3260000,1500000
2019.10.31 10:13:07.283,1.11705,1.11706,750000,3190000
2019.10.31 10:13:07.529,1.11706,1.11707,2510000,1500000
2019.10.31 10:13:07.630,1.11705,1.11707,1760000,1310000
2019.10.31 10:13:08.466,1.11705,1.11706,750000,2440000
2019.10.31 10:13:08.687,1.11705,1.11707,940000,2440000
2019.10.31 10:13:08.871,1.11706,1.11707,1690000,1500000
2019.10.31 10:13:10.211,1.11705,1.11707,1010000,1690000
2019.10.31 10:13:10.415,1.11705,1.11706,750000,2060000
2019.10.31 10:13:10.918,1.11704,1.11705,750000,750000
2019.10.31 10:13:11.020,1.11703,1.11704,1120000,370000
2019.10.31 10:13:11.121,1.11701,1.11704,1200000,3190000
2019.10.31 10:13:11.688,1.11701,1.11703,190000,1690000
2019.10.31 10:13:12.182,1.11701,1.11704,2700000,1690000
2019.10.31 10:13:12.971,1.11701,1.11703,370000,7310000
2019.10.31 10:13:13.454,1.11702,1.11703,370000,750000
2019.10.31 10:13:13.806,1.11701,1.11703,370000,7690000
2019.10.31 10:13:14.796,1.11701,1.11704,2320000,7690000
2019.10.31 10:13:16.461,1.11701,1.11703,2250000,370000
2019.10.31 10:13:16.562,1.117,1.11702,1950000,3190000
2019.10.31 10:13:16.664,1.117,1.11701,100000,2440000
2019.10.31 10:13:16.765,1.11697,1.11698,2620000,370000
2019.10.31 10:13:16.867,1.11696,1.11697,190000,1690000
2019.10.31 10:13:17.225,1.11696,1.11698,3260000,190000
2019.10.31 10:13:18.146,1.11696,1.11697,450000,190000
2019.10.31 10:13:18.301,1.11696,1.11698,2890000,190000
2019.10.31 10:13:19.033,1.11696,1.11697,100000,1500000
2019.10.31 10:13:19.193,1.11695,1.11697,100000,1500000
2019.10.31 10:13:19.985,1.11695,1.11698,4390000,1500000
2019.10.31 10:13:20.417,1.11695,1.11697,820000,2440000
2019.10.31 10:13:20.520,1.11694,1.11696,1950000,1500000
2019.10.31 10:13:20.571,1.11692,1.11694,750000,2440000
2019.10.31 10:13:20.673,1.11691,1.11693,100000,2060000
2019.10.31 10:13:20.775,1.11693,1.11695,1570000,3000000
2019.10.31 10:13:20.876,1.11694,1.11696,2700000,750000
2019.10.31 10:13:20.978,1.11693,1.11696,2700000,1690000
2019.10.31 10:13:21.081,1.11693,1.11695,1120000,940000
2019.10.31 10:13:21.183,1.11691,1.11692,370000,750000
2019.10.31 10:13:21.285,1.11691,1.11692,370000,370000
2019.10.31 10:13:21.502,1.11691,1.11693,1500000,560000
2019.10.31 10:13:22.797,1.11691,1.11693,2510000,940000
2019.10.31 10:13:23.434,1.1169,1.11693,1950000,1500000
2019.10.31 10:13:23.588,1.1169,1.11692,750000,2250000
2019.10.31 10:13:23.690,1.11691,1.11693,2700000,1120000
2019.10.31 10:13:23.943,1.1169,1.11693,2700000,1120000
2019.10.31 10:13:24.304,1.1169,1.11692,450000,1120000
2019.10.31 10:13:25.552,1.1169,1.11691,750000,1690000
2019.10.31 10:13:26.200,1.11689,1.11691,1200000,750000
2019.10.31 10:13:26.303,1.11689,1.1169,820000,1690000
2019.10.31 10:13:26.419,1.1169,1.11691,2700000,190000
2019.10.31 10:13:26.752,1.11689,1.11691,2320000,750000
2019.10.31 10:13:27.274,1.11688,1.11691,2320000,3190000
2019.10.31 10:13:27.375,1.11689,1.11691,2320000,750000
2019.10.31 10:13:27.619,1.11688,1.11691,2320000,3190000
2019.10.31 10:13:27.822,1.11688,1.1169,750000,3190000
2019.10.31 10:13:30.055,1.11689,1.1169,1120000,2250000
2019.10.31 10:13:30.306,1.11688,1.11689,370000,4500000
2019.10.31 10:13:30.357,1.11686,1.11689,1500000,3940000
2019.10.31 10:13:30.458,1.11687,1.11688,1310000,190000
2019.10.31 10:13:30.560,1.11686,1.11688,1010000,560000
2019.10.31 10:13:30.816,1.11686,1.11687,2250000,2810000
2019.10.31 10:13:31.254,1.11688,1.1169,4390000,1500000
2019.10.31 10:13:31.356,1.1169,1.11691,450000,370000
2019.10.31 10:13:31.490,1.11689,1.11691,450000,1500000
2019.10.31 10:13:31.605,1.1169,1.11692,2510000,190000
2019.10.31 10:13:31.706,1.11689,1.11692,1950000,1120000
2019.10.31 10:13:31.964,1.11689,1.11691,450000,2060000
2019.10.31 10:13:32.066,1.1169,1.11691,750000,1500000
2019.10.31 10:13:32.263,1.1169,1.11692,1570000,1500000
2019.10.31 10:13:33.732,1.11691,1.11692,750000,1120000
2019.10.31 10:13:33.855,1.1169,1.11692,750000,1500000
2019.10.31 10:13:34.966,1.11689,1.11691,750000,940000
2019.10.31 10:13:35.449,1.11688,1.11691,100000,3750000
2019.10.31 10:13:35.553,1.11689,1.1169,750000,1500000
2019.10.31 10:13:35.655,1.11688,1.1169,750000,3000000
2019.10.31 10:13:35.756,1.11689,1.1169,750000,750000
2019.10.31 10:13:37.452,1.11687,1.11689,370000,820000
2019.10.31 10:13:37.554,1.11686,1.11688,370000,190000
2019.10.31 10:13:38.563,1.11686,1.11689,2890000,370000
2019.10.31 10:13:38.664,1.11687,1.11688,940000,190000
2019.10.31 10:13:38.766,1.11687,1.11689,1570000,190000
2019.10.31 10:13:38.996,1.11686,1.11689,1570000,940000
2019.10.31 10:13:39.510,1.1169,1.11691,9000000,940000
2019.10.31 10:13:39.613,1.1169,1.11692,370000,2060000
2019.10.31 10:13:39.816,1.1169,1.11693,1950000,3190000
2019.10.31 10:13:42.714,1.11691,1.11693,1570000,190000
2019.10.31 10:13:43.753,1.11691,1.11692,100000,190000
2019.10.31 10:13:44.905,1.11688,1.1169,2250000,5700000
2019.10.31 10:13:45.332,1.11687,1.1169,3070000,560000
2019.10.31 10:13:46.083,1.11689,1.1169,100000,2440000
2019.10.31 10:13:46.208,1.1169,1.11691,750000,1120000
2019.10.31 10:13:46.310,1.1169,1.11692,1950000,1870000
2019.10.31 10:13:47.640,1.11691,1.11692,100000,1500000
2019.10.31 10:13:47.742,1.1169,1.11693,3070000,2440000
2019.10.31 10:13:49.151,1.1169,1.11694,3070000,4310000
2019.10.31 10:13:49.253,1.1169,1.11691,560000,3000000
2019.10.31 10:13:49.455,1.11689,1.11691,1570000,3370000
2019.10.31 10:13:50.015,1.11688,1.11689,370000,750000
2019.10.31 10:13:50.066,1.11686,1.11689,370000,2060000
2019.10.31 10:13:50.370,1.11686,1.11688,100000,2440000
2019.10.31 10:13:51.354,1.11686,1.11689,2320000,2440000
2019.10.31 10:13:51.456,1.11686,1.11688,450000,1690000
2019.10.31 10:13:51.655,1.11686,1.11687,100000,1690000
2019.10.31 10:13:51.756,1.11685,1.11687,2320000,2440000
2019.10.31 10:13:52.746,1.11685,1.11688,2890000,1120000
2019.10.31 10:13:53.675,1.11685,1.11686,750000,560000
2019.10.31 10:13:54.152,1.11685,1.11687,3260000,1120000
2019.10.31 10:13:55.463,1.11685,1.11686,940000,560000
2019.10.31 10:13:57.043,1.11685,1.11687,3260000,750000
2019.10.31 10:13:57.394,1.11684,1.11687,2510000,3750000
2019.10.31 10:13:57.497,1.11686,1.11687,1690000,1500000
2019.10.31 10:13:58.561,1.11687,1.11688,750000,1500000
2019.10.31 10:13:58.950,1.11688,1.1169,3940000,3750000
2019.10.31 10:13:59.153,1.11689,1.11691,450000,2810000
2019.10.31 10:14:00.077,1.1169,1.11691,750000,940000
2019.10.31 10:14:07.841,1.11689,1.11691,750000,190000
2019.10.31 10:14:10.349,1.11689,1.11691,1570000,370000
2019.10.31 10:14:10.694,1.11689,1.11691,1120000,1120000
2019.10.31 10:14:10.894,1.11689,1.1169,100000,370000
2019.10.31 10:14:11.147,1.1169,1.11691,1570000,190000
2019.10.31 10:14:11.549,1.11689,1.1169,370000,1500000
2019.10.31 10:14:11.772,1.1169,1.11691,2440000,190000
2019.10.31 10:14:11.873,1.11689,1.11691,750000,2250000
2019.10.31 10:14:12.171,1.11689,1.11692,1760000,2250000
2019.10.31 10:14:12.882,1.11689,1.11691,750000,3750000
2019.10.31 10:14:12.984,1.1169,1.11691,750000,1690000
2019.10.31 10:14:13.338,1.11689,1.11691,750000,3370000
2019.10.31 10:14:14.164,1.1169,1.11691,750000,1120000
2019.10.31 10:14:14.266,1.11689,1.11691,750000,3370000
2019.10.31 10:14:14.420,1.11689,1.1169,750000,1310000
2019.10.31 10:14:14.521,1.1169,1.11691,2890000,190000
2019.10.31 10:14:14.623,1.1169,1.11691,3260000,190000
2019.10.31 10:14:14.724,1.1169,1.11691,2890000,190000
2019.10.31 10:14:15.328,1.11689,1.11691,820000,2810000
2019.10.31 10:14:15.984,1.1169,1.11692,2510000,190000
2019.10.31 10:14:16.949,1.11689,1.11691,450000,4310000
2019.10.31 10:14:17.050,1.11689,1.11692,2320000,2250000
2019.10.31 10:14:17.151,1.1169,1.11692,3260000,190000
2019.10.31 10:14:17.266,1.11689,1.11692,2320000,2250000
2019.10.31 10:14:17.600,1.11689,1.11691,100000,2250000
2019.10.31 10:14:17.926,1.11689,1.11692,2320000,2250000
2019.10.31 10:14:18.570,1.1169,1.11692,1950000,190000
2019.10.31 10:14:22.940,1.1169,1.11693,3070000,1690000
2019.10.31 10:14:23.041,1.11693,1.11694,2140000,2250000
2019.10.31 10:14:23.092,1.11695,1.11696,4500000,1870000
2019.10.31 10:14:23.143,1.11697,1.11699,940000,3370000
2019.10.31 10:14:23.295,1.11696,1.11699,2320000,1690000
2019.10.31 10:14:23.397,1.11696,1.11698,1200000,190000
2019.10.31 10:14:23.498,1.11695,1.11697,100000,190000
2019.10.31 10:14:23.599,1.11694,1.11696,370000,4690000
2019.10.31 10:14:24.362,1.11695,1.11696,750000,750000
2019.10.31 10:14:26.093,1.11693,1.11694,190000,1870000
2019.10.31 10:14:26.145,1.11691,1.11692,2250000,750000
2019.10.31 10:14:26.248,1.1169,1.11691,940000,940000
2019.10.31 10:14:26.379,1.1169,1.11691,1500000,750000
2019.10.31 10:14:26.480,1.11688,1.1169,1870000,750000
2019.10.31 10:14:26.531,1.11686,1.11689,1500000,2140000
2019.10.31 10:14:26.633,1.11687,1.11689,1500000,750000
2019.10.31 10:14:27.445,1.11687,1.11688,370000,1500000
2019.10.31 10:14:28.411,1.11687,1.11689,3750000,750000
2019.10.31 10:14:28.515,1.11687,1.11689,1870000,750000
2019.10.31 10:14:28.777,1.11687,1.11689,1870000,750000
2019.10.31 10:14:30.311,1.11687,1.11688,750000,750000
2019.10.31 10:14:30.559,1.11688,1.11689,370000,2060000
2019.10.31 10:14:31.007,1.11688,1.1169,1870000,2620000
2019.10.31 10:14:31.108,1.11688,1.11689,750000,4120000
2019.10.31 10:14:31.908,1.11689,1.1169,1120000,750000
2019.10.31 10:14:32.102,1.11688,1.11689,1570000,750000
2019.10.31 10:14:32.153,1.11686,1.11688,370000,3000000
2019.10.31 10:14:33.484,1.11685,1.11688,450000,940000
2019.10.31 10:14:34.704,1.11686,1.11687,750000,750000
2019.10.31 10:14:34.806,1.11688,1.1169,1570000,750000
2019.10.31 10:14:34.923,1.11689,1.11691,1200000,190000
2019.10.31 10:14:35.024,1.11688,1.11691,1200000,3940000
2019.10.31 10:14:35.408,1.11689,1.11691,1200000,190000
2019.10.31 10:14:35.690,1.11688,1.1169,1870000,3000000
2019.10.31 10:14:35.740,1.11687,1.11688,370000,1500000
2019.10.31 10:14:35.842,1.11686,1.11688,2250000,190000
2019.10.31 10:14:36.044,1.11686,1.11687,370000,370000
2019.10.31 10:14:36.146,1.11684,1.11685,1870000,5250000
2019.10.31 10:14:36.235,1.11682,1.11683,1690000,1500000
2019.10.31 10:14:36.286,1.11679,1.1168,3190000,100000
2019.10.31 10:14:36.439,1.11679,1.11681,1870000,750000
2019.10.31 10:14:36.490,1.1168,1.11682,6260000,270000
2019.10.31 10:14:36.744,1.1168,1.11682,1870000,460000
2019.10.31 10:14:37.111,1.11679,1.1168,190000,370000
2019.10.31 10:14:37.213,1.11678,1.1168,1200000,2440000
2019.10.31 10:14:37.416,1.11679,1.1168,1120000,750000
2019.10.31 10:14:37.517,1.11677,1.11679,750000,1500000
2019.10.31 10:14:37.760,1.11678,1.11679,1500000,750000
2019.10.31 10:14:37.861,1.11677,1.11679,1500000,1870000
2019.10.31 10:14:38.905,1.11679,1.1168,2320000,1120000
2019.10.31 10:14:39.007,1.11679,1.11681,750000,370000
2019.10.31 10:14:39.209,1.11678,1.11681,1760000,4120000
2019.10.31 10:14:39.311,1.11678,1.1168,2250000,1870000
2019.10.31 10:14:39.413,1.11678,1.11679,750000,750000
2019.10.31 10:14:39.675,1.11678,1.1168,2320000,1500000
2019.10.31 10:14:39.785,1.11678,1.11679,100000,1500000
2019.10.31 10:14:40.291,1.11679,1.1168,750000,1870000
2019.10.31 10:14:40.595,1.11678,1.1168,2700000,1500000
2019.10.31 10:14:40.725,1.11679,1.1168,2620000,750000
2019.10.31 10:14:40.827,1.11677,1.11679,190000,1690000
2019.10.31 10:14:40.980,1.11675,1.11678,1120000,8590000
2019.10.31 10:14:41.082,1.11676,1.11678,750000,750000
2019.10.31 10:14:41.183,1.11676,1.11679,6450000,750000
2019.10.31 10:14:41.436,1.11676,1.11678,100000,1310000
2019.10.31 10:14:42.833,1.11676,1.11679,3040000,1690000
2019.10.31 10:14:43.051,1.11676,1.11678,450000,1690000
2019.10.31 10:14:43.203,1.11676,1.11677,100000,190000
2019.10.31 10:14:43.406,1.11676,1.11678,640000,190000
2019.10.31 10:14:45.792,1.11676,1.11677,450000,190000
2019.10.31 10:14:45.893,1.11676,1.11678,1010000,190000
2019.10.31 10:14:50.068,1.11675,1.11678,2250000,2440000
2019.10.31 10:14:50.354,1.11675,1.11677,190000,190000
2019.10.31 10:14:50.557,1.11673,1.11675,1120000,1120000
2019.10.31 10:14:50.659,1.11672,1.11675,450000,1760000
2019.10.31 10:14:50.761,1.11674,1.11676,100000,2440000
2019.10.31 10:14:50.865,1.11674,1.11677,2250000,2810000
2019.10.31 10:14:51.769,1.11675,1.11676,750000,750000
2019.10.31 10:14:51.871,1.11674,1.11677,1120000,2810000
2019.10.31 10:14:52.073,1.11674,1.11676,2620000,750000
2019.10.31 10:14:52.174,1.11673,1.11676,1200000,2060000
2019.10.31 10:14:52.377,1.11674,1.11675,750000,750000
2019.10.31 10:14:52.478,1.11673,1.11676,1950000,2440000
2019.10.31 10:14:52.911,1.11674,1.11675,750000,750000
2019.10.31 10:14:53.746,1.11673,1.11675,370000,2440000
2019.10.31 10:14:53.959,1.11674,1.11675,370000,750000
2019.10.31 10:14:54.079,1.11674,1.11676,820000,750000
2019.10.31 10:14:57.369,1.11672,1.11675,3560000,370000
2019.10.31 10:14:57.471,1.11671,1.11674,750000,750000
2019.10.31 10:14:57.826,1.11671,1.11673,100000,190000
2019.10.31 10:14:57.976,1.11671,1.11674,4010000,190000
2019.10.31 10:14:58.292,1.11671,1.11672,100000,190000
2019.10.31 10:14:58.394,1.11671,1.11674,4760000,190000
2019.10.31 10:14:58.498,1.11671,1.11673,100000,190000
2019.10.31 10:14:58.599,1.1167,1.11673,4760000,190000
2019.10.31 10:14:58.700,1.1167,1.11672,750000,190000
2019.10.31 10:15:00.254,1.11671,1.11673,4950000,750000
2019.10.31 10:15:00.507,1.1167,1.11673,750000,4310000
2019.10.31 10:15:00.939,1.1167,1.11672,100000,560000
2019.10.31 10:15:01.374,1.1167,1.11673,1950000,2620000
2019.10.31 10:15:01.967,1.1167,1.11672,100000,2620000
2019.10.31 10:15:02.072,1.1167,1.11673,750000,1120000
2019.10.31 10:15:02.689,1.11671,1.11673,1500000,750000
2019.10.31 10:15:02.790,1.1167,1.11673,1500000,1120000
2019.10.31 10:15:03.068,1.1167,1.11672,100000,1120000
2019.10.31 10:15:03.169,1.1167,1.11673,1500000,1120000
2019.10.31 10:15:03.815,1.11671,1.11673,2620000,750000
2019.10.31 10:15:03.917,1.1167,1.11672,4870000,1500000
2019.10.31 10:15:03.968,1.11668,1.11671,100000,1690000
2019.10.31 10:15:04.070,1.11668,1.1167,100000,940000
2019.10.31 10:15:05.544,1.11668,1.11669,750000,750000
2019.10.31 10:15:05.595,1.11666,1.11669,1870000,1690000
2019.10.31 10:15:06.027,1.11667,1.1167,940000,100000
2019.10.31 10:15:06.327,1.11666,1.1167,940000,3560000
2019.10.31 10:15:06.845,1.11666,1.11668,370000,1870000
2019.10.31 10:15:06.961,1.11666,1.11669,940000,1310000
2019.10.31 10:15:07.467,1.11666,1.1167,3940000,1120000
2019.10.31 10:15:08.419,1.11666,1.11669,750000,1120000
2019.10.31 10:15:08.571,1.11667,1.1167,1310000,1120000
2019.10.31 10:15:08.724,1.11668,1.1167,1870000,370000
2019.10.31 10:15:08.826,1.11667,1.11669,2250000,750000
2019.10.31 10:15:08.978,1.1167,1.11671,1870000,370000
2019.10.31 10:15:09.080,1.11671,1.11673,1010000,940000
2019.10.31 10:15:09.181,1.11671,1.11674,6560000,750000
2019.10.31 10:15:09.282,1.11671,1.11673,370000,750000
2019.10.31 10:15:09.401,1.11671,1.11672,750000,750000
2019.10.31 10:15:09.502,1.11671,1.11673,370000,750000
2019.10.31 10:15:13.301,1.11671,1.11672,750000,750000
2019.10.31 10:15:13.402,1.1167,1.11672,750000,2620000
2019.10.31 10:15:15.106,1.11671,1.11672,750000,370000
2019.10.31 10:15:15.208,1.11671,1.11673,1120000,1120000
2019.10.31 10:15:16.656,1.1167,1.11673,750000,7010000
2019.10.31 10:15:17.226,1.11671,1.11673,750000,1120000
2019.10.31 10:15:18.236,1.11674,1.11676,1500000,560000
2019.10.31 10:15:18.367,1.11679,1.1168,750000,1120000
2019.10.31 10:15:18.469,1.11678,1.11681,2060000,4120000
2019.10.31 10:15:18.621,1.11679,1.11682,1310000,370000
2019.10.31 10:15:18.801,1.11679,1.11682,1310000,1310000
2019.10.31 10:15:19.624,1.1168,1.11684,5440000,1690000
2019.10.31 10:15:20.029,1.11681,1.11684,3940000,370000
2019.10.31 10:15:21.072,1.11681,1.11683,370000,370000
2019.10.31 10:15:22.201,1.1168,1.11684,3560000,2960000
2019.10.31 10:15:24.185,1.11681,1.11684,3190000,750000
2019.10.31 10:15:24.529,1.1168,1.11684,3190000,2140000
2019.10.31 10:15:25.294,1.11681,1.11684,3190000,370000
2019.10.31 10:15:27.098,1.1168,1.11683,3000000,1310000
2019.10.31 10:15:30.112,1.11681,1.11683,750000,750000
2019.10.31 10:15:31.236,1.1168,1.11683,750000,3940000
2019.10.31 10:15:31.376,1.1168,1.11684,2060000,4690000
2019.10.31 10:15:31.486,1.11681,1.11684,190000,2250000
2019.10.31 10:15:31.589,1.11682,1.11684,370000,560000
2019.10.31 10:15:31.748,1.11683,1.11686,3820000,4690000
2019.10.31 10:15:31.850,1.11684,1.11686,190000,750000
2019.10.31 10:15:31.951,1.11683,1.11687,1200000,6940000
2019.10.31 10:15:32.003,1.11685,1.11687,750000,1870000
2019.10.31 10:15:34.013,1.11686,1.11688,750000,1690000
2019.10.31 10:15:34.114,1.11686,1.11689,750000,3370000
2019.10.31 10:15:34.216,1.11687,1.11689,750000,370000
2019.10.31 10:15:34.318,1.11687,1.1169,750000,1870000
2019.10.31 10:15:34.420,1.11687,1.11691,1120000,5890000
2019.10.31 10:15:34.521,1.11688,1.11691,1120000,750000
2019.10.31 10:15:34.624,1.11689,1.11691,750000,750000
2019.10.31 10:15:34.788,1.11688,1.11691,750000,750000
2019.10.31 10:15:34.952,1.11689,1.11691,750000,750000
2019.10.31 10:15:35.146,1.11687,1.1169,1500000,4120000
2019.10.31 10:15:35.250,1.11688,1.1169,1870000,370000
2019.10.31 10:15:35.689,1.11688,1.11691,1120000,1500000
2019.10.31 10:15:35.841,1.11687,1.11691,1120000,3640000
2019.10.31 10:15:36.060,1.11687,1.1169,2250000,2510000
2019.10.31 10:15:36.671,1.11689,1.1169,3000000,370000
2019.10.31 10:15:36.883,1.11688,1.1169,2320000,370000
2019.10.31 10:15:37.146,1.11688,1.11691,450000,3750000
2019.10.31 10:15:37.459,1.11689,1.11691,820000,750000
2019.10.31 10:15:38.121,1.11689,1.11692,640000,3370000
2019.10.31 10:15:38.324,1.11689,1.11693,1760000,2440000
2019.10.31 10:15:38.882,1.1169,1.11693,2510000,750000
2019.10.31 10:15:39.873,1.11691,1.11693,820000,370000
2019.10.31 10:15:39.975,1.11691,1.11694,5140000,370000
2019.10.31 10:15:40.416,1.11691,1.11693,100000,370000
2019.10.31 10:15:42.493,1.1169,1.11693,370000,1690000
2019.10.31 10:15:42.696,1.11689,1.11693,4570000,3040000
2019.10.31 10:15:42.797,1.11691,1.11692,1500000,370000
2019.10.31 10:15:43.851,1.1169,1.11691,750000,3190000
2019.10.31 10:15:44.383,1.1169,1.11692,820000,6040000
2019.10.31 10:15:44.485,1.11693,1.11695,820000,1120000
2019.10.31 10:15:44.586,1.11694,1.11696,100000,1120000
2019.10.31 10:15:44.688,1.11694,1.11697,1390000,750000
2019.10.31 10:15:44.940,1.11693,1.11696,1690000,1870000
2019.10.31 10:15:45.188,1.11693,1.11695,100000,750000
2019.10.31 10:15:46.896,1.11693,1.11696,4010000,750000
2019.10.31 10:15:46.998,1.11693,1.11695,100000,750000
2019.10.31 10:15:47.518,1.11693,1.11696,2890000,1870000
2019.10.31 10:15:47.693,1.11693,1.11695,370000,1120000
2019.10.31 10:15:47.794,1.11691,1.11694,1570000,560000
2019.10.31 10:15:47.946,1.1169,1.11693,750000,3790000
2019.10.31 10:15:48.047,1.11691,1.11693,100000,970000
2019.10.31 10:15:48.203,1.11691,1.11694,3260000,970000
2019.10.31 10:15:48.844,1.11691,1.11693,100000,600000
2019.10.31 10:15:49.097,1.1169,1.11694,4010000,4540000
2019.10.31 10:15:49.198,1.1169,1.11692,100000,3040000
2019.10.31 10:15:49.249,1.1169,1.11694,4390000,4540000
2019.10.31 10:15:49.367,1.1169,1.11693,100000,4540000
2019.10.31 10:15:50.081,1.11691,1.11693,750000,750000
2019.10.31 10:15:52.618,1.11691,1.11692,100000,600000
2019.10.31 10:15:52.720,1.1169,1.11693,6070000,750000
2019.10.31 10:15:52.821,1.1169,1.11692,750000,1310000
2019.10.31 10:15:53.025,1.1169,1.11693,3070000,1690000
2019.10.31 10:15:53.128,1.11689,1.1169,370000,750000
2019.10.31 10:15:53.232,1.11688,1.1169,370000,750000
2019.10.31 10:15:53.333,1.11687,1.1169,370000,3560000
2019.10.31 10:15:53.565,1.11687,1.11691,1950000,1310000
2019.10.31 10:15:53.721,1.11689,1.1169,750000,750000
2019.10.31 10:15:58.645,1.11687,1.1169,750000,2060000
2019.10.31 10:15:58.763,1.11686,1.11688,1500000,370000
2019.10.31 10:15:59.100,1.11685,1.11688,820000,3560000
2019.10.31 10:15:59.304,1.11686,1.11688,1570000,750000
2019.10.31 10:15:59.710,1.11686,1.11687,100000,750000
2019.10.31 10:16:00.005,1.11685,1.11687,100000,2060000
2019.10.31 10:16:01.517,1.11687,1.11689,1570000,5440000
2019.10.31 10:16:01.618,1.11691,1.11692,100000,750000
2019.10.31 10:16:01.720,1.11691,1.11693,1950000,1120000
2019.10.31 10:16:01.821,1.1169,1.11693,1870000,2060000
2019.10.31 10:16:02.456,1.1169,1.11692,750000,2810000
2019.10.31 10:16:03.168,1.1169,1.11693,1870000,1690000
2019.10.31 10:16:03.270,1.1169,1.11692,750000,2440000
2019.10.31 10:16:03.497,1.11691,1.11692,750000,750000
2019.10.31 10:16:03.655,1.1169,1.11692,370000,5440000
2019.10.31 10:16:03.757,1.11692,1.11693,1500000,370000
2019.10.31 10:16:04.686,1.11691,1.11693,750000,2060000
2019.10.31 10:16:04.917,1.11692,1.11693,750000,750000
2019.10.31 10:16:05.018,1.11691,1.11693,750000,2440000
2019.10.31 10:16:05.119,1.11692,1.11693,750000,750000
2019.10.31 10:16:05.497,1.11694,1.11695,100000,190000
2019.10.31 10:16:05.599,1.11695,1.11697,4570000,1870000
2019.10.31 10:16:06.184,1.11693,1.11695,750000,6640000
2019.10.31 10:16:06.286,1.11694,1.11695,750000,750000
2019.10.31 10:16:07.646,1.11693,1.11695,750000,3940000
2019.10.31 10:16:07.747,1.11692,1.11693,1500000,750000
2019.10.31 10:16:07.899,1.11692,1.11694,1570000,750000
2019.10.31 10:16:08.226,1.11692,1.11693,100000,750000
2019.10.31 10:16:08.482,1.11692,1.11694,1950000,750000
2019.10.31 10:16:08.802,1.11691,1.11694,450000,190000
2019.10.31 10:16:09.085,1.11691,1.11693,100000,190000
2019.10.31 10:16:09.345,1.11691,1.11694,1350000,2440000
2019.10.31 10:16:09.446,1.11691,1.11692,100000,1690000
2019.10.31 10:16:10.086,1.11691,1.11693,1200000,2440000
2019.10.31 10:16:12.153,1.11691,1.11692,750000,1690000
2019.10.31 10:16:12.715,1.11689,1.1169,2440000,4270000
2019.10.31 10:16:12.788,1.11687,1.1169,3260000,190000
2019.10.31 10:16:12.839,1.11687,1.11688,820000,190000
2019.10.31 10:16:13.244,1.11686,1.11688,750000,2440000
2019.10.31 10:16:15.089,1.11685,1.11687,470000,2440000
2019.10.31 10:16:15.140,1.11685,1.11688,1010000,750000
2019.10.31 10:16:15.241,1.11685,1.11687,340000,940000
2019.10.31 10:16:15.393,1.11685,1.11688,1720000,1690000
2019.10.31 10:16:15.723,1.11685,1.11687,100000,1690000
2019.10.31 10:16:15.925,1.11685,1.11688,3220000,1690000
2019.10.31 10:16:16.140,1.11686,1.11688,2470000,750000
2019.10.31 10:16:16.242,1.11685,1.11688,1570000,1690000
2019.10.31 10:16:16.394,1.11686,1.11688,2320000,750000
2019.10.31 10:16:16.497,1.11686,1.11687,150000,750000
2019.10.31 10:16:16.604,1.11685,1.11687,150000,4390000
2019.10.31 10:16:16.713,1.11685,1.11688,2470000,940000
2019.10.31 10:16:17.918,1.11685,1.11687,750000,1690000
2019.10.31 10:16:18.019,1.11684,1.11686,3560000,2700000
2019.10.31 10:16:18.070,1.11682,1.11684,1200000,370000
2019.10.31 10:16:18.172,1.11681,1.11683,1500000,190000
2019.10.31 10:16:18.299,1.11681,1.11682,100000,940000
2019.10.31 10:16:18.728,1.11681,1.11683,1950000,190000
2019.10.31 10:16:18.873,1.11681,1.11682,100000,190000
2019.10.31 10:16:19.695,1.1168,1.11683,3600000,940000
2019.10.31 10:16:19.796,1.1168,1.11682,220000,750000
2019.10.31 10:16:20.063,1.1168,1.11681,100000,750000
2019.10.31 10:16:20.333,1.1168,1.11682,220000,940000
2019.10.31 10:16:23.671,1.11679,1.11682,1720000,2810000
2019.10.31 10:16:23.824,1.1168,1.11682,1720000,190000
2019.10.31 10:16:25.050,1.1168,1.11681,150000,190000
2019.10.31 10:16:25.235,1.1168,1.11682,970000,190000
2019.10.31 10:16:25.336,1.1168,1.11681,150000,2060000
2019.10.31 10:16:26.124,1.1168,1.11682,1720000,190000
2019.10.31 10:16:27.687,1.1168,1.11681,100000,190000
2019.10.31 10:16:29.294,1.1168,1.11682,750000,190000
2019.10.31 10:16:30.968,1.11678,1.11681,2510000,1500000
2019.10.31 10:16:31.021,1.11679,1.1168,150000,190000
2019.10.31 10:16:31.072,1.11678,1.1168,150000,2440000
2019.10.31 10:16:31.174,1.11678,1.11681,3070000,3370000
2019.10.31 10:16:31.276,1.11679,1.11681,3070000,750000
2019.10.31 10:16:31.423,1.11678,1.11681,2320000,2440000
2019.10.31 10:16:32.347,1.11679,1.11681,1570000,750000
2019.10.31 10:16:32.449,1.11679,1.11682,1950000,1870000
2019.10.31 10:16:33.460,1.1168,1.11682,1200000,1690000
2019.10.31 10:16:33.561,1.11682,1.11683,100000,1500000
2019.10.31 10:16:33.662,1.11683,1.11684,750000,750000
2019.10.31 10:16:34.382,1.11683,1.11685,2320000,1500000
2019.10.31 10:16:34.713,1.11683,1.11685,2320000,750000
2019.10.31 10:16:37.265,1.11683,1.11685,1570000,1500000
2019.10.31 10:16:37.846,1.11683,1.11684,750000,750000
2019.10.31 10:16:38.225,1.11683,1.11685,1570000,1500000
2019.10.31 10:16:38.351,1.11683,1.11684,750000,750000
2019.10.31 10:16:40.183,1.11683,1.11685,1500000,1500000
2019.10.31 10:16:40.319,1.11683,1.11684,750000,750000
2019.10.31 10:16:40.755,1.11683,1.11684,820000,1870000
2019.10.31 10:16:40.805,1.11681,1.11684,2470000,560000
2019.10.31 10:16:40.907,1.11681,1.11683,100000,190000
2019.10.31 10:16:41.109,1.11683,1.11684,1350000,750000
2019.10.31 10:16:41.232,1.11683,1.11685,1760000,940000
2019.10.31 10:16:41.334,1.11684,1.11686,100000,2810000
2019.10.31 10:16:41.492,1.11684,1.11687,1570000,2440000
2019.10.31 10:16:42.238,1.11684,1.11686,370000,3560000
2019.10.31 10:16:42.340,1.11685,1.11687,750000,2440000
2019.10.31 10:16:44.693,1.11685,1.11686,100000,750000
2019.10.31 10:16:45.473,1.11685,1.11687,970000,750000
2019.10.31 10:16:48.176,1.11686,1.11687,750000,1120000
2019.10.31 10:16:48.228,1.11687,1.11689,2100000,1500000
2019.10.31 10:16:48.278,1.1169,1.11692,2100000,560000
2019.10.31 10:16:48.381,1.11691,1.11692,1200000,190000
2019.10.31 10:16:48.588,1.11689,1.11691,750000,2810000
2019.10.31 10:16:48.820,1.11689,1.1169,100000,190000
2019.10.31 10:16:48.922,1.11689,1.11691,1500000,190000
2019.10.31 10:16:49.274,1.11688,1.11691,1570000,2810000
2019.10.31 10:16:49.615,1.11689,1.11691,820000,940000
2019.10.31 10:16:49.716,1.11688,1.11689,1390000,370000
2019.10.31 10:16:49.818,1.11687,1.11688,1500000,190000
2019.10.31 10:16:50.106,1.11686,1.11687,750000,940000
2019.10.31 10:16:50.258,1.11687,1.11688,2320000,190000
2019.10.31 10:16:52.227,1.11686,1.11687,100000,190000
2019.10.31 10:16:57.711,1.11685,1.11687,450000,1800000
2019.10.31 10:16:57.812,1.11684,1.11687,450000,6860000
2019.10.31 10:16:57.915,1.11685,1.11687,450000,2740000
2019.10.31 10:16:58.017,1.11685,1.11686,100000,2550000
2019.10.31 10:16:58.118,1.11685,1.11688,1760000,2550000
2019.10.31 10:16:58.265,1.11684,1.11688,1760000,9110000
2019.10.31 10:16:58.422,1.11684,1.11687,100000,8360000
2019.10.31 10:16:58.544,1.11685,1.11687,100000,1800000
2019.10.31 10:16:58.647,1.11684,1.11687,100000,6860000
2019.10.31 10:16:59.025,1.11686,1.11688,1390000,190000
2019.10.31 10:17:00.395,1.11686,1.11687,100000,560000
2019.10.31 10:17:00.497,1.11686,1.11688,1010000,1310000
2019.10.31 10:17:00.650,1.11687,1.11689,100000,370000
2019.10.31 10:17:00.802,1.1169,1.11691,100000,370000
2019.10.31 10:17:00.952,1.11689,1.11691,100000,940000
2019.10.31 10:17:01.104,1.11689,1.11692,2320000,940000
2019.10.31 10:17:02.092,1.11689,1.1169,100000,190000
2019.10.31 10:17:02.194,1.11688,1.11691,100000,3370000
2019.10.31 10:17:02.398,1.11688,1.11689,100000,750000
2019.10.31 10:17:02.551,1.11688,1.1169,600000,750000
2019.10.31 10:17:02.652,1.11688,1.11689,100000,750000
2019.10.31 10:17:02.753,1.11687,1.11689,450000,560000
2019.10.31 10:17:02.889,1.11686,1.11689,1010000,1870000
2019.10.31 10:17:02.991,1.11686,1.11688,820000,370000
2019.10.31 10:17:03.092,1.11685,1.11688,820000,1310000
2019.10.31 10:17:03.194,1.11685,1.11687,150000,3560000
2019.10.31 10:17:03.326,1.11687,1.11688,820000,370000
2019.10.31 10:17:03.428,1.11686,1.11687,100000,190000
2019.10.31 10:17:03.529,1.11687,1.11689,100000,370000
2019.10.31 10:17:04.197,1.11687,1.11688,100000,560000
2019.10.31 10:17:04.298,1.11687,1.11689,100000,560000
2019.10.31 10:17:04.501,1.11686,1.11689,100000,940000
2019.10.31 10:17:05.567,1.11687,1.11689,100000,370000
2019.10.31 10:17:05.905,1.11686,1.11688,750000,1500000
2019.10.31 10:17:06.057,1.11685,1.11688,750000,5060000
2019.10.31 10:17:06.158,1.11686,1.11688,900000,1500000
2019.10.31 10:17:06.281,1.11685,1.11688,970000,5060000
2019.10.31 10:17:06.839,1.11685,1.11687,820000,1310000
2019.10.31 10:17:06.940,1.11685,1.11686,100000,940000
2019.10.31 10:17:07.041,1.11685,1.11687,100000,940000
2019.10.31 10:17:07.604,1.11685,1.11686,100000,940000
2019.10.31 10:17:07.965,1.11685,1.11687,100000,940000
2019.10.31 10:17:08.117,1.11685,1.11688,1570000,560000
2019.10.31 10:17:08.319,1.11685,1.11687,750000,3560000
2019.10.31 10:17:08.721,1.11684,1.11687,190000,8810000
2019.10.31 10:17:09.024,1.11685,1.11686,100000,750000
2019.10.31 10:17:09.126,1.11685,1.11687,1010000,750000
2019.10.31 10:17:10.751,1.11684,1.11687,260000,5440000
2019.10.31 10:17:11.086,1.11684,1.11686,100000,5440000
2019.10.31 10:17:11.188,1.11684,1.11687,260000,5440000
2019.10.31 10:17:13.538,1.11684,1.11686,750000,2810000
2019.10.31 10:17:13.639,1.11685,1.11686,820000,190000
2019.10.31 10:17:15.435,1.11684,1.11686,750000,190000
2019.10.31 10:17:15.581,1.11684,1.11685,100000,190000
2019.10.31 10:17:15.982,1.11683,1.11685,100000,1310000
2019.10.31 10:17:16.236,1.11682,1.11684,750000,370000
2019.10.31 10:17:16.381,1.11681,1.11684,1950000,370000
2019.10.31 10:17:16.483,1.11683,1.11685,1950000,3370000
2019.10.31 10:17:16.584,1.11683,1.11684,750000,2620000
2019.10.31 10:17:16.972,1.11684,1.11685,1500000,750000
2019.10.31 10:17:17.122,1.11683,1.11686,3040000,2620000
2019.10.31 10:17:17.674,1.11684,1.11686,3040000,750000
2019.10.31 10:17:18.043,1.11683,1.11686,3040000,2620000
2019.10.31 10:17:18.842,1.11684,1.11686,3040000,750000
2019.10.31 10:17:19.004,1.11683,1.11686,3040000,2620000
2019.10.31 10:17:21.824,1.11683,1.11685,450000,2810000
2019.10.31 10:17:21.977,1.11683,1.11686,2850000,2810000
2019.10.31 10:17:22.708,1.11683,1.11685,100000,2810000
2019.10.31 10:17:22.810,1.11683,1.11686,2850000,2810000
2019.10.31 10:17:26.066,1.11685,1.11686,220000,190000
2019.10.31 10:17:26.218,1.11685,1.11688,2850000,1690000
2019.10.31 10:17:26.381,1.11686,1.11688,1350000,750000
2019.10.31 10:17:26.483,1.11685,1.11687,150000,6190000
2019.10.31 10:17:27.797,1.11685,1.11688,2320000,1690000
2019.10.31 10:17:27.899,1.11685,1.11687,100000,1690000
2019.10.31 10:17:28.347,1.11686,1.11687,100000,370000
2019.10.31 10:17:28.464,1.11686,1.11688,1720000,370000
2019.10.31 10:17:28.515,1.11687,1.11689,790000,2440000
2019.10.31 10:17:28.648,1.11687,1.11689,100000,2440000
2019.10.31 10:17:28.749,1.11687,1.11688,450000,1310000
2019.10.31 10:17:30.189,1.11685,1.11688,2320000,1310000
2019.10.31 10:17:30.291,1.11685,1.11687,100000,940000
2019.10.31 10:17:32.005,1.11685,1.11688,600000,2620000
2019.10.31 10:17:32.554,1.11686,1.11688,100000,2250000
2019.10.31 10:17:32.707,1.11685,1.11688,100000,9640000
2019.10.31 10:17:32.910,1.11688,1.11689,450000,4690000
2019.10.31 10:17:32.961,1.1169,1.11691,600000,190000
2019.10.31 10:17:33.067,1.1169,1.11691,100000,1690000
2019.10.31 10:17:33.119,1.1169,1.11693,4350000,2440000
2019.10.31 10:17:33.373,1.1169,1.11692,750000,3190000
2019.10.31 10:17:33.475,1.1169,1.11693,600000,5060000
2019.10.31 10:17:33.576,1.1169,1.11694,4950000,560000
2019.10.31 10:17:33.732,1.1169,1.11693,100000,560000
2019.10.31 10:17:34.930,1.1169,1.11692,450000,1310000
2019.10.31 10:17:35.355,1.1169,1.11693,2320000,1310000
2019.10.31 10:17:39.966,1.11689,1.11691,750000,2620000
2019.10.31 10:17:40.067,1.11688,1.1169,2250000,940000
2019.10.31 10:17:40.191,1.11688,1.11691,2700000,1500000
2019.10.31 10:17:40.342,1.11688,1.1169,750000,2250000
2019.10.31 10:17:40.472,1.11688,1.11691,2320000,1500000
2019.10.31 10:17:40.993,1.11688,1.1169,2320000,2250000
2019.10.31 10:17:41.044,1.11686,1.1169,3070000,7310000
2019.10.31 10:17:41.145,1.11686,1.11689,100000,1690000
2019.10.31 10:17:41.270,1.11686,1.1169,6970000,3190000
2019.10.31 10:17:41.398,1.11686,1.11689,100000,1690000
2019.10.31 10:17:41.499,1.11686,1.11688,100000,1690000
2019.10.31 10:17:42.443,1.11685,1.11687,220000,3000000
2019.10.31 10:17:43.285,1.11685,1.11688,1120000,940000
2019.10.31 10:17:44.175,1.11685,1.11687,1500000,450000
2019.10.31 10:17:54.446,1.11686,1.11687,750000,750000
2019.10.31 10:17:59.473,1.11688,1.11689,3220000,2250000
2019.10.31 10:17:59.524,1.1169,1.11692,1090000,190000
2019.10.31 10:18:04.245,1.11691,1.11692,900000,370000
2019.10.31 10:18:06.332,1.1169,1.11692,750000,1500000
2019.10.31 10:18:06.604,1.11691,1.11693,1870000,370000
2019.10.31 10:18:07.223,1.11691,1.11692,100000,370000
2019.10.31 10:18:07.385,1.11691,1.11693,820000,370000
2019.10.31 10:18:08.831,1.11691,1.11692,100000,370000
2019.10.31 10:18:08.932,1.11691,1.11693,1390000,370000
2019.10.31 10:18:09.661,1.1169,1.11692,100000,370000
2019.10.31 10:18:09.964,1.1169,1.11691,100000,370000
2019.10.31 10:18:10.455,1.11689,1.11691,470000,3940000
2019.10.31 10:18:10.556,1.1169,1.11691,820000,370000
2019.10.31 10:18:10.658,1.11689,1.11691,100000,940000
2019.10.31 10:18:10.759,1.11689,1.11691,470000,1690000
2019.10.31 10:18:11.206,1.11689,1.11691,450000,2440000
2019.10.31 10:18:11.308,1.11689,1.11692,450000,4010000
2019.10.31 10:18:11.413,1.11689,1.11693,1910000,6190000
2019.10.31 10:18:11.850,1.11689,1.11692,600000,5440000
2019.10.31 10:18:12.256,1.1169,1.11691,150000,1870000
2019.10.31 10:18:12.357,1.11689,1.11692,150000,6940000
2019.10.31 10:18:12.711,1.1169,1.11692,150000,750000
2019.10.31 10:18:15.224,1.11689,1.11692,150000,5060000
2019.10.31 10:18:15.492,1.1169,1.11692,150000,750000
2019.10.31 10:18:16.175,1.11689,1.11692,150000,5060000
2019.10.31 10:18:16.377,1.1169,1.11692,150000,750000
2019.10.31 10:18:19.149,1.1169,1.11691,900000,750000
2019.10.31 10:18:19.250,1.11688,1.11691,900000,6940000
2019.10.31 10:18:19.352,1.1169,1.11691,750000,750000
2019.10.31 10:18:21.325,1.11688,1.11691,1500000,3190000
2019.10.31 10:18:21.427,1.11688,1.1169,1500000,3940000
2019.10.31 10:18:21.579,1.11689,1.11691,150000,1690000
2019.10.31 10:18:21.680,1.1169,1.11691,150000,560000
2019.10.31 10:18:21.782,1.1169,1.11692,150000,560000
2019.10.31 10:18:22.941,1.11691,1.11692,150000,750000
2019.10.31 10:18:23.172,1.1169,1.11692,150000,1690000
2019.10.31 10:18:23.531,1.11691,1.11692,150000,750000
2019.10.31 10:18:23.632,1.1169,1.11692,150000,1690000
2019.10.31 10:18:24.400,1.11691,1.11692,150000,750000
2019.10.31 10:18:29.221,1.11691,1.11693,150000,750000
2019.10.31 10:18:29.323,1.11691,1.11694,2590000,1500000
2019.10.31 10:18:29.424,1.11691,1.11693,150000,1500000
2019.10.31 10:18:30.329,1.11691,1.11694,2590000,2250000
2019.10.31 10:18:30.481,1.11695,1.11696,600000,1500000
2019.10.31 10:18:30.583,1.11695,1.11697,1500000,750000
2019.10.31 10:18:31.845,1.11694,1.11697,150000,4870000
2019.10.31 10:18:32.751,1.11695,1.11697,150000,370000
2019.10.31 10:18:32.925,1.11694,1.11697,1650000,3000000
2019.10.31 10:18:33.026,1.11695,1.11697,1650000,370000
2019.10.31 10:18:33.806,1.11695,1.11696,150000,370000
2019.10.31 10:18:34.700,1.11695,1.11698,2660000,1120000
2019.10.31 10:18:35.117,1.11695,1.11697,150000,3750000
2019.10.31 10:18:35.219,1.11695,1.11698,2590000,1200000
2019.10.31 10:18:35.321,1.11695,1.11697,150000,2250000
2019.10.31 10:18:36.329,1.11695,1.11698,900000,2440000
2019.10.31 10:18:36.430,1.11696,1.11697,150000,1500000
2019.10.31 10:18:36.532,1.11696,1.11697,150000,750000
2019.10.31 10:18:36.745,1.11695,1.11697,150000,1690000
2019.10.31 10:18:36.878,1.11696,1.11697,150000,750000
2019.10.31 10:18:37.069,1.11695,1.11697,150000,1690000
2019.10.31 10:18:38.689,1.11696,1.11697,150000,750000
2019.10.31 10:18:38.791,1.11696,1.11698,900000,750000
2019.10.31 10:18:38.943,1.11698,1.11699,1650000,1120000
2019.10.31 10:18:38.994,1.117,1.11701,1500000,940000
2019.10.31 10:18:39.095,1.117,1.11702,750000,370000
2019.10.31 10:18:39.350,1.117,1.11701,190000,1120000
2019.10.31 10:18:39.735,1.11699,1.11701,190000,2060000
2019.10.31 10:18:41.789,1.117,1.11701,190000,750000
2019.10.31 10:18:42.866,1.11699,1.11701,190000,940000
2019.10.31 10:18:42.967,1.117,1.11701,190000,750000
2019.10.31 10:18:43.170,1.117,1.11702,750000,750000
2019.10.31 10:18:44.833,1.11699,1.11701,260000,3000000
2019.10.31 10:18:44.935,1.117,1.11701,100000,460000
2019.10.31 10:18:45.037,1.11698,1.11699,940000,750000
2019.10.31 10:18:45.139,1.11698,1.117,1350000,1500000
2019.10.31 10:18:45.241,1.11699,1.11701,4160000,740000
2019.10.31 10:18:46.248,1.11699,1.117,1500000,750000
2019.10.31 10:18:48.114,1.11699,1.11701,5140000,750000
2019.10.31 10:18:48.216,1.11697,1.11698,1500000,750000
2019.10.31 10:18:48.318,1.11695,1.11698,4460000,750000
2019.10.31 10:18:48.369,1.11694,1.11696,220000,190000
2019.10.31 10:18:48.512,1.11694,1.11696,750000,4120000
2019.10.31 10:18:49.565,1.11694,1.11696,1160000,750000
2019.10.31 10:18:50.005,1.11695,1.11696,100000,750000
2019.10.31 10:18:50.107,1.11695,1.11697,3040000,750000
2019.10.31 10:18:50.259,1.11695,1.11696,750000,750000
2019.10.31 10:18:52.058,1.11695,1.11696,900000,1120000
2019.10.31 10:18:52.506,1.11694,1.11696,750000,3750000
2019.10.31 10:18:52.609,1.11694,1.11695,100000,1120000
2019.10.31 10:18:52.761,1.11692,1.11694,750000,1500000
2019.10.31 10:18:54.527,1.11692,1.11693,2250000,750000
2019.10.31 10:18:54.628,1.11691,1.11693,3000000,1500000
2019.10.31 10:18:54.780,1.11691,1.11692,100000,750000
2019.10.31 10:18:54.882,1.11691,1.11693,2250000,750000
2019.10.31 10:18:55.153,1.11691,1.11694,2290000,750000
2019.10.31 10:18:55.525,1.11694,1.11695,1350000,190000
2019.10.31 10:18:55.576,1.11696,1.11697,1120000,3750000
2019.10.31 10:18:56.034,1.11696,1.11698,3560000,4690000
2019.10.31 10:18:56.365,1.11696,1.11697,150000,3940000
2019.10.31 10:18:58.587,1.11695,1.11697,150000,5210000
2019.10.31 10:19:00.900,1.11696,1.11697,150000,190000
2019.10.31 10:19:01.151,1.11696,1.11698,1690000,560000
2019.10.31 10:19:01.338,1.11698,1.11699,900000,1500000
2019.10.31 10:19:01.443,1.11699,1.11701,3150000,750000
2019.10.31 10:19:01.544,1.11698,1.11702,1310000,6190000
2019.10.31 10:19:01.595,1.117,1.11702,940000,190000
2019.10.31 10:19:02.531,1.11699,1.11702,2960000,1500000
2019.10.31 10:19:02.799,1.117,1.11702,2960000,190000
2019.10.31 10:19:03.669,1.117,1.11701,150000,190000
2019.10.31 10:19:03.880,1.117,1.11702,2590000,190000
2019.10.31 10:19:04.108,1.11699,1.11702,2400000,940000
2019.10.31 10:19:04.355,1.11699,1.11701,150000,1690000
2019.10.31 10:19:04.457,1.11699,1.11702,3900000,940000
2019.10.31 10:19:04.853,1.11699,1.11701,750000,3000000
2019.10.31 10:19:05.200,1.117,1.11701,750000,750000
2019.10.31 10:19:06.618,1.117,1.11702,150000,2440000
2019.10.31 10:19:06.668,1.11702,1.11703,150000,750000
2019.10.31 10:19:06.769,1.11702,1.11703,750000,1500000
2019.10.31 10:19:08.268,1.11702,1.11704,2620000,750000
2019.10.31 10:19:08.398,1.11701,1.11704,4120000,190000
2019.10.31 10:19:08.755,1.117,1.11704,4690000,3940000
2019.10.31 10:19:08.857,1.117,1.11702,150000,3940000
2019.10.31 10:19:09.493,1.11701,1.11702,150000,1500000
2019.10.31 10:19:09.991,1.117,1.11702,150000,4310000
2019.10.31 10:19:10.194,1.11704,1.11705,6900000,4690000
2019.10.31 10:19:10.340,1.11704,1.11707,450000,2060000
2019.10.31 10:19:10.444,1.11704,1.11708,4010000,2810000
2019.10.31 10:19:10.748,1.11705,1.11707,150000,750000
2019.10.31 10:19:11.373,1.11704,1.11707,220000,2810000
2019.10.31 10:19:11.475,1.11705,1.11707,150000,750000
2019.10.31 10:19:11.830,1.11705,1.11706,150000,750000
2019.10.31 10:19:16.422,1.11706,1.11708,2660000,190000
2019.10.31 10:19:16.898,1.11706,1.11707,370000,190000
2019.10.31 10:19:17.428,1.11707,1.11708,1650000,750000
2019.10.31 10:19:17.529,1.11706,1.11708,940000,1390000
2019.10.31 10:19:17.632,1.11705,1.11708,3070000,2060000
2019.10.31 10:19:18.113,1.11705,1.11707,100000,2890000
2019.10.31 10:19:18.370,1.11705,1.11708,3370000,1760000
2019.10.31 10:19:18.619,1.11705,1.11707,100000,2140000
2019.10.31 10:19:19.506,1.11705,1.11708,3370000,2140000
2019.10.31 10:19:21.668,1.11705,1.11707,150000,1870000
2019.10.31 10:19:22.758,1.11704,1.11707,520000,4390000
2019.10.31 10:19:25.236,1.11704,1.11708,2510000,2510000
2019.10.31 10:19:25.338,1.11705,1.11707,900000,750000
2019.10.31 10:19:25.593,1.11704,1.11707,150000,4760000
2019.10.31 10:19:27.865,1.11705,1.11707,150000,1870000
2019.10.31 10:19:29.687,1.11704,1.11707,150000,8510000
2019.10.31 10:19:31.504,1.11705,1.11707,520000,370000
2019.10.31 10:19:32.455,1.11704,1.11707,150000,5890000
2019.10.31 10:19:33.244,1.11704,1.11706,100000,2510000
2019.10.31 10:19:33.359,1.11704,1.11708,5700000,2140000
2019.10.31 10:19:33.664,1.11704,1.11707,150000,10010000
2019.10.31 10:19:36.000,1.11705,1.11707,150000,750000
2019.10.31 10:19:37.018,1.11705,1.11706,100000,750000
2019.10.31 10:19:37.120,1.11704,1.11706,750000,1120000
2019.10.31 10:19:37.222,1.11703,1.11705,150000,2250000
2019.10.31 10:19:37.325,1.11704,1.11706,220000,2250000
2019.10.31 10:19:37.465,1.11706,1.11707,150000,750000
2019.10.31 10:19:37.924,1.11705,1.11707,600000,3070000
2019.10.31 10:19:39.211,1.11705,1.11706,150000,2250000
2019.10.31 10:19:39.312,1.11705,1.11707,150000,2250000
2019.10.31 10:19:39.526,1.11704,1.11707,150000,7010000
2019.10.31 10:19:39.644,1.11705,1.11707,150000,2250000
2019.10.31 10:19:40.374,1.11704,1.11707,150000,7010000
2019.10.31 10:19:40.857,1.11705,1.11707,520000,370000
2019.10.31 10:19:41.176,1.11705,1.11706,150000,2320000
2019.10.31 10:19:44.730,1.11705,1.11707,600000,100000
2019.10.31 10:19:44.847,1.11704,1.11707,150000,5510000
2019.10.31 10:19:45.762,1.11705,1.11706,150000,1500000
2019.10.31 10:19:49.510,1.11704,1.11707,970000,3940000
2019.10.31 10:19:49.862,1.11705,1.11707,1350000,100000
2019.10.31 10:19:54.180,1.11704,1.11707,900000,5140000
2019.10.31 10:19:55.151,1.11707,1.11708,900000,750000
2019.10.31 10:19:55.202,1.1171,1.11712,970000,2810000
2019.10.31 10:19:55.253,1.11712,1.11713,900000,370000
2019.10.31 10:19:55.355,1.11711,1.11712,150000,750000
2019.10.31 10:19:55.406,1.1171,1.11714,1570000,1760000
2019.10.31 10:19:55.508,1.1171,1.11713,900000,4010000
2019.10.31 10:19:55.964,1.11711,1.11713,600000,100000
2019.10.31 10:19:56.336,1.1171,1.11713,220000,3940000
2019.10.31 10:19:57.523,1.11711,1.11713,600000,100000
2019.10.31 10:19:58.022,1.1171,1.11713,220000,3560000
2019.10.31 10:19:58.725,1.11711,1.11713,600000,100000
2019.10.31 10:19:59.025,1.1171,1.11713,220000,3560000
2019.10.31 10:19:59.785,1.11711,1.11713,520000,370000
2019.10.31 10:20:01.069,1.1171,1.11713,150000,2890000
2019.10.31 10:20:01.206,1.1171,1.11712,150000,2890000
2019.10.31 10:20:02.104,1.11713,1.11714,1500000,1760000
2019.10.31 10:20:02.155,1.11713,1.11715,1120000,820000
2019.10.31 10:20:02.256,1.11714,1.11715,750000,940000
2019.10.31 10:20:02.358,1.11715,1.11716,1870000,100000
2019.10.31 10:20:02.459,1.11713,1.11715,750000,370000
2019.10.31 10:20:02.621,1.11711,1.11714,2320000,750000
2019.10.31 10:20:03.715,1.1171,1.11714,2700000,5140000
2019.10.31 10:20:03.930,1.11711,1.11714,1500000,100000
2019.10.31 10:20:04.082,1.1171,1.11714,1570000,6260000
2019.10.31 10:20:04.183,1.11711,1.11714,1120000,100000
2019.10.31 10:20:04.422,1.11714,1.11715,1200000,750000
2019.10.31 10:20:04.524,1.11713,1.11717,2320000,7310000
2019.10.31 10:20:04.625,1.11714,1.11717,750000,2510000
2019.10.31 10:20:04.726,1.11715,1.11717,750000,370000
2019.10.31 10:20:05.908,1.11714,1.11717,2250000,2140000
2019.10.31 10:20:06.162,1.11715,1.11717,750000,370000
2019.10.31 10:20:06.265,1.11716,1.11717,750000,750000
2019.10.31 10:20:10.645,1.11716,1.11718,750000,370000
2019.10.31 10:20:13.295,1.11715,1.11718,750000,4390000
2019.10.31 10:20:14.072,1.11718,1.1172,5140000,1690000
2019.10.31 10:20:14.123,1.11717,1.11719,100000,820000
2019.10.31 10:20:14.565,1.11716,1.11718,370000,640000
2019.10.31 10:20:14.921,1.11716,1.11719,4760000,370000
2019.10.31 10:20:15.224,1.11715,1.11719,7010000,2890000
2019.10.31 10:20:15.622,1.11716,1.11718,750000,750000
2019.10.31 10:20:17.865,1.11716,1.11719,2510000,370000
2019.10.31 10:20:17.967,1.11718,1.11719,2700000,370000
2019.10.31 10:20:18.197,1.11717,1.11719,1570000,450000
2019.10.31 10:20:18.298,1.11716,1.11719,1500000,2510000
2019.10.31 10:20:19.197,1.11714,1.11716,940000,7570000
2019.10.31 10:20:19.299,1.11714,1.11715,1500000,4120000
2019.10.31 10:20:19.400,1.11714,1.11716,2250000,1310000
2019.10.31 10:20:19.502,1.11714,1.11715,150000,1310000
2019.10.31 10:20:20.067,1.11713,1.11715,150000,2250000
2019.10.31 10:20:20.169,1.11712,1.11714,900000,1760000
2019.10.31 10:20:20.408,1.11713,1.11714,150000,750000
2019.10.31 10:20:20.509,1.11712,1.11714,150000,2510000
2019.10.31 10:20:21.198,1.11711,1.11714,2290000,2620000
2019.10.31 10:20:21.350,1.11711,1.11713,150000,370000
2019.10.31 10:20:22.334,1.1171,1.11713,520000,4760000
2019.10.31 10:20:22.478,1.11711,1.11713,520000,100000
2019.10.31 10:20:22.580,1.11712,1.11714,1870000,1870000
2019.10.31 10:20:25.016,1.11713,1.11715,1570000,2620000
2019.10.31 10:20:25.118,1.11715,1.11716,450000,190000
2019.10.31 10:20:25.991,1.11715,1.11717,1690000,190000
2019.10.31 10:20:26.136,1.11713,1.11715,750000,3260000
2019.10.31 10:20:26.625,1.11714,1.11715,750000,750000
2019.10.31 10:20:26.727,1.11713,1.11715,3940000,370000
2019.10.31 10:20:26.778,1.11711,1.11714,2320000,1460000
2019.10.31 10:20:26.981,1.11711,1.11713,100000,190000
2019.10.31 10:20:27.133,1.11711,1.11714,2700000,2440000
2019.10.31 10:20:31.127,1.11711,1.11715,7390000,1840000
2019.10.31 10:20:31.289,1.11711,1.11714,750000,1840000
2019.10.31 10:20:31.441,1.11713,1.11714,750000,750000
2019.10.31 10:20:31.543,1.11712,1.11715,4500000,260000
2019.10.31 10:20:31.923,1.11712,1.11714,750000,1390000
2019.10.31 10:20:32.025,1.11714,1.11716,820000,190000
2019.10.31 10:20:32.378,1.11715,1.11716,750000,100000
2019.10.31 10:20:32.479,1.11714,1.11716,820000,2140000
2019.10.31 10:20:32.632,1.11713,1.11716,1120000,3260000
2019.10.31 10:20:33.024,1.11714,1.11716,1120000,370000
2019.10.31 10:20:33.306,1.11713,1.11715,2700000,100000
2019.10.31 10:20:34.044,1.11713,1.11715,1570000,100000
2019.10.31 10:20:34.351,1.11712,1.11715,1200000,1310000
2019.10.31 10:20:34.453,1.11712,1.11715,4760000,750000
2019.10.31 10:20:34.554,1.11711,1.11715,6630000,2140000
2019.10.31 10:20:35.472,1.11711,1.11714,5700000,190000
2019.10.31 10:20:36.462,1.11711,1.11714,4200000,190000
2019.10.31 10:20:38.225,1.11711,1.11713,750000,190000
2019.10.31 10:20:38.377,1.1171,1.11713,940000,1270000
2019.10.31 10:20:38.519,1.11709,1.11711,370000,5210000
2019.10.31 10:20:38.620,1.1171,1.11713,2700000,3940000
2019.10.31 10:20:38.823,1.11711,1.11713,1570000,1200000
2019.10.31 10:20:38.924,1.11713,1.11715,3370000,1500000
2019.10.31 10:20:39.903,1.11714,1.11715,750000,190000
2019.10.31 10:20:40.636,1.11712,1.11715,1120000,2890000
2019.10.31 10:20:40.738,1.11711,1.11714,750000,8360000
2019.10.31 10:20:41.712,1.11713,1.11715,820000,1500000
2019.10.31 10:20:41.814,1.11714,1.11716,560000,190000
2019.10.31 10:20:43.337,1.11712,1.11714,1120000,820000
2019.10.31 10:20:43.439,1.11711,1.11714,750000,1760000
2019.10.31 10:20:44.022,1.11711,1.11713,750000,940000
2019.10.31 10:20:46.515,1.11711,1.11712,370000,1500000
2019.10.31 10:20:47.190,1.11709,1.11712,2810000,4270000
2019.10.31 10:20:47.241,1.11709,1.1171,750000,820000
2019.10.31 10:20:47.342,1.11708,1.1171,100000,640000
2019.10.31 10:20:47.444,1.11707,1.11711,2510000,2890000
2019.10.31 10:20:47.885,1.11707,1.1171,100000,2060000
2019.10.31 10:20:48.081,1.11707,1.11711,3260000,1760000
2019.10.31 10:20:48.443,1.11707,1.11709,370000,3260000
2019.10.31 10:20:49.013,1.11708,1.11709,370000,750000
2019.10.31 10:20:49.115,1.11707,1.11709,370000,2890000
2019.10.31 10:20:49.443,1.11707,1.1171,370000,1010000
2019.10.31 10:20:50.387,1.11708,1.1171,820000,100000
2019.10.31 10:20:50.489,1.11707,1.11709,370000,750000
2019.10.31 10:20:50.929,1.1171,1.11711,1200000,190000
2019.10.31 10:20:51.031,1.1171,1.11712,750000,190000
2019.10.31 10:20:54.171,1.11711,1.11712,750000,100000
2019.10.31 10:20:54.272,1.11711,1.11714,5440000,1950000
2019.10.31 10:20:54.374,1.11712,1.11714,2440000,750000
2019.10.31 10:20:54.627,1.11713,1.11715,1120000,940000
2019.10.31 10:20:54.782,1.11712,1.11715,6070000,3190000
2019.10.31 10:20:54.884,1.11712,1.11714,1500000,820000
2019.10.31 10:20:55.036,1.11711,1.11714,3370000,1390000
2019.10.31 10:20:55.188,1.11711,1.11713,750000,190000
2019.10.31 10:20:55.289,1.11711,1.11714,4950000,190000
2019.10.31 10:20:55.905,1.11711,1.11713,100000,640000
2019.10.31 10:20:56.168,1.11711,1.11714,4120000,260000
2019.10.31 10:20:56.371,1.11711,1.11712,750000,190000
2019.10.31 10:20:56.959,1.11711,1.11713,750000,190000
2019.10.31 10:20:58.214,1.11711,1.11712,750000,190000
2019.10.31 10:21:00.571,1.11712,1.11713,750000,100000
2019.10.31 10:21:01.620,1.11711,1.11712,750000,560000
2019.10.31 10:21:02.028,1.11713,1.11715,2140000,4120000
2019.10.31 10:21:02.130,1.11714,1.11717,3260000,1500000
2019.10.31 10:21:02.384,1.11714,1.11716,3560000,450000
2019.10.31 10:21:02.486,1.11713,1.11715,2890000,450000
2019.10.31 10:21:02.588,1.11712,1.11713,1500000,750000
2019.10.31 10:21:02.791,1.11711,1.11714,5620000,260000
2019.10.31 10:21:03.207,1.1171,1.11714,4760000,4390000
2019.10.31 10:21:03.308,1.11711,1.11713,450000,100000
2019.10.31 10:21:03.410,1.11711,1.11714,5440000,820000
2019.10.31 10:21:03.715,1.1171,1.11714,1760000,2960000
2019.10.31 10:21:04.077,1.11711,1.11713,450000,100000
2019.10.31 10:21:04.179,1.1171,1.11713,750000,3340000
2019.10.31 10:21:04.433,1.11711,1.11713,1120000,100000
2019.10.31 10:21:05.024,1.1171,1.11713,750000,2210000
2019.10.31 10:21:05.125,1.11711,1.11713,1200000,100000
2019.10.31 10:21:06.535,1.11712,1.11713,750000,640000
2019.10.31 10:21:06.747,1.11711,1.11713,750000,820000
2019.10.31 10:21:07.102,1.11713,1.11715,820000,3190000
2019.10.31 10:21:07.214,1.11715,1.11716,1950000,190000
2019.10.31 10:21:08.111,1.11714,1.11715,750000,750000
2019.10.31 10:21:11.008,1.11715,1.11716,1500000,940000
2019.10.31 10:21:11.109,1.11718,1.11719,1870000,820000
2019.10.31 10:21:11.211,1.11717,1.11718,750000,750000
2019.10.31 10:21:11.262,1.11716,1.11718,750000,3640000
2019.10.31 10:21:12.450,1.11716,1.11717,750000,750000
2019.10.31 10:21:13.067,1.11715,1.11717,750000,2620000
2019.10.31 10:21:13.265,1.11715,1.11718,2810000,2250000
2019.10.31 10:21:13.484,1.11716,1.11718,2250000,750000
2019.10.31 10:21:13.586,1.11718,1.1172,750000,3190000
2019.10.31 10:21:13.637,1.11719,1.11722,2890000,370000
2019.10.31 10:21:13.775,1.11718,1.1172,190000,3560000
2019.10.31 10:21:13.877,1.11719,1.11721,1870000,750000
2019.10.31 10:21:15.384,1.11718,1.11721,750000,3000000
2019.10.31 10:21:15.486,1.11719,1.11721,1500000,1500000
2019.10.31 10:21:15.811,1.11718,1.11721,750000,3070000
2019.10.31 10:21:16.189,1.11717,1.11719,370000,100000
2019.10.31 10:21:16.291,1.11716,1.11719,1500000,1690000
2019.10.31 10:21:17.106,1.11716,1.11718,190000,940000
2019.10.31 10:21:17.565,1.11718,1.11719,190000,750000
2019.10.31 10:21:17.773,1.1172,1.11721,750000,190000
2019.10.31 10:21:17.874,1.11719,1.11721,750000,4010000
2019.10.31 10:21:17.975,1.1172,1.11721,750000,750000
2019.10.31 10:21:18.812,1.1172,1.11722,750000,1500000
2019.10.31 10:21:19.795,1.11719,1.11722,2250000,2060000
2019.10.31 10:21:19.897,1.11718,1.1172,2060000,750000
2019.10.31 10:21:19.999,1.11717,1.11719,2810000,750000
2019.10.31 10:21:20.127,1.11718,1.11719,940000,750000
2019.10.31 10:21:20.230,1.11717,1.11719,1690000,3260000
2019.10.31 10:21:20.535,1.11717,1.11718,1500000,190000
2019.10.31 10:21:26.955,1.11718,1.1172,5620000,1500000
2019.10.31 10:21:27.057,1.11718,1.1172,2620000,1120000
2019.10.31 10:21:27.720,1.11716,1.11718,750000,640000
2019.10.31 10:21:28.010,1.11716,1.11719,3370000,190000
2019.10.31 10:21:28.162,1.11716,1.11718,750000,190000
2019.10.31 10:21:31.066,1.11715,1.11717,4120000,3370000
2019.10.31 10:21:31.167,1.11715,1.11716,940000,750000
2019.10.31 10:21:31.269,1.11713,1.11715,2440000,1870000
2019.10.31 10:21:31.471,1.11714,1.11715,3190000,750000
2019.10.31 10:21:31.573,1.11713,1.11715,2440000,1870000
2019.10.31 10:21:31.674,1.11714,1.11715,3190000,750000
2019.10.31 10:21:31.972,1.11713,1.11715,2440000,1870000
2019.10.31 10:21:32.227,1.11712,1.11714,190000,750000
2019.10.31 10:21:32.328,1.11711,1.11714,940000,750000
2019.10.31 10:21:33.301,1.11713,1.11715,3750000,750000
2019.10.31 10:21:33.453,1.11713,1.11715,2250000,1500000
2019.10.31 10:21:34.078,1.11713,1.11714,190000,750000
2019.10.31 10:21:35.023,1.11713,1.11715,5440000,2250000
2019.10.31 10:21:35.074,1.11712,1.11713,190000,100000
2019.10.31 10:21:35.192,1.11711,1.11713,190000,190000
2019.10.31 10:21:35.445,1.11712,1.11714,1690000,370000
2019.10.31 10:21:35.547,1.11712,1.11713,750000,370000
2019.10.31 10:21:35.648,1.11712,1.11714,2060000,100000
2019.10.31 10:21:35.750,1.11711,1.11714,2810000,450000
2019.10.31 10:21:40.074,1.11711,1.11713,370000,370000
2019.10.31 10:21:40.175,1.1171,1.11713,370000,1310000
2019.10.31 10:21:40.276,1.11711,1.11713,370000,2700000
2019.10.31 10:21:40.377,1.11711,1.11715,6190000,750000
2019.10.31 10:21:40.479,1.11711,1.11714,1690000,750000
2019.10.31 10:21:41.120,1.11711,1.11713,190000,940000
2019.10.31 10:21:41.322,1.11711,1.11714,2440000,370000
2019.10.31 10:21:43.298,1.11711,1.11713,190000,370000
2019.10.31 10:21:43.399,1.1171,1.11712,750000,370000
2019.10.31 10:21:43.502,1.11709,1.11711,190000,3070000
2019.10.31 10:21:43.643,1.1171,1.11712,4870000,1500000
2019.10.31 10:21:43.745,1.1171,1.11713,4310000,750000
2019.10.31 10:21:43.846,1.11709,1.11713,4310000,1310000
2019.10.31 10:21:43.947,1.1171,1.11713,4310000,750000
2019.10.31 10:21:44.149,1.11709,1.11713,2810000,5140000
2019.10.31 10:21:45.771,1.11709,1.11711,750000,4390000
2019.10.31 10:21:46.435,1.11709,1.11713,5890000,3260000
2019.10.31 10:21:46.706,1.11709,1.11712,3750000,2890000
2019.10.31 10:21:47.667,1.1171,1.11712,4120000,370000
2019.10.31 10:21:47.870,1.11711,1.11712,4120000,750000
2019.10.31 10:21:48.609,1.1171,1.11713,4690000,1120000
2019.10.31 10:21:49.124,1.1171,1.11712,6000000,750000
2019.10.31 10:21:49.175,1.11709,1.1171,190000,750000
2019.10.31 10:21:49.226,1.11707,1.11709,5060000,450000
2019.10.31 10:21:49.327,1.11706,1.11709,5440000,1120000
2019.10.31 10:21:49.531,1.11706,1.11708,3750000,1120000
2019.10.31 10:21:50.493,1.11705,1.11708,4500000,2810000
2019.10.31 10:21:50.594,1.11706,1.11708,4500000,370000
2019.10.31 10:21:52.333,1.11707,1.11708,4870000,750000
2019.10.31 10:21:53.739,1.11708,1.11709,5250000,1500000
2019.10.31 10:21:53.841,1.11709,1.1171,750000,750000
2019.10.31 10:21:53.892,1.11709,1.11711,7500000,750000
2019.10.31 10:21:53.943,1.11711,1.11712,4500000,190000
2019.10.31 10:21:56.493,1.1171,1.11712,750000,750000
2019.10.31 10:21:56.546,1.11708,1.1171,4500000,4010000
2019.10.31 10:21:56.647,1.11708,1.11709,4500000,750000
2019.10.31 10:21:56.800,1.11706,1.11709,4500000,1310000
2019.10.31 10:21:56.952,1.11706,1.11708,750000,370000
2019.10.31 10:21:58.063,1.11705,1.11708,4500000,1390000
2019.10.31 10:21:58.354,1.11709,1.1171,1500000,1310000
2019.10.31 10:21:58.404,1.11709,1.11711,750000,3560000
2019.10.31 10:21:58.708,1.11708,1.11711,1120000,4310000
2019.10.31 10:21:58.809,1.11709,1.11711,750000,2250000
2019.10.31 10:21:59.013,1.11709,1.11712,5250000,1500000
2019.10.31 10:21:59.575,1.1171,1.11712,1120000,370000
2019.10.31 10:22:00.280,1.1171,1.11713,5250000,3560000
2019.10.31 10:22:04.065,1.1171,1.11712,750000,1310000
2019.10.31 10:22:08.002,1.11714,1.11715,750000,190000
2019.10.31 10:22:08.053,1.11714,1.11716,450000,1310000
2019.10.31 10:22:08.194,1.11714,1.11717,3000000,560000
2019.10.31 10:22:08.855,1.11714,1.11716,1500000,1120000
2019.10.31 10:22:08.956,1.11714,1.11717,2440000,370000
2019.10.31 10:22:09.181,1.11713,1.11717,2440000,2060000
2019.10.31 10:22:09.408,1.11713,1.11716,1500000,2060000
2019.10.31 10:22:09.994,1.11713,1.11715,1690000,190000
2019.10.31 10:22:10.096,1.11711,1.11715,4310000,560000
2019.10.31 10:22:10.268,1.11711,1.11714,750000,2060000
2019.10.31 10:22:10.370,1.11711,1.11715,4310000,560000
2019.10.31 10:22:10.479,1.11712,1.11715,2440000,1120000
2019.10.31 10:22:10.580,1.11713,1.11714,750000,750000
2019.10.31 10:22:10.983,1.11712,1.11715,2440000,1120000
2019.10.31 10:22:11.085,1.11711,1.11714,370000,560000
2019.10.31 10:22:11.373,1.11711,1.11713,750000,2060000
2019.10.31 10:22:12.175,1.1171,1.11713,2250000,750000
2019.10.31 10:22:12.277,1.1171,1.11712,370000,370000
2019.10.31 10:22:13.105,1.11711,1.11712,750000,940000
2019.10.31 10:22:13.206,1.11711,1.11713,2440000,190000
2019.10.31 10:22:17.862,1.11711,1.11712,1500000,190000
2019.10.31 10:22:18.106,1.11711,1.11713,2060000,190000
2019.10.31 10:22:19.079,1.11711,1.11712,1500000,190000
2019.10.31 10:22:19.187,1.11711,1.11713,2060000,190000
2019.10.31 10:22:20.319,1.11711,1.11712,750000,190000
2019.10.31 10:22:22.122,1.1171,1.11711,1500000,560000
2019.10.31 10:22:22.332,1.11711,1.11712,750000,190000
2019.10.31 10:22:22.433,1.1171,1.11713,1010000,370000
2019.10.31 10:22:23.992,1.11709,1.11713,1390000,4310000
2019.10.31 10:22:24.214,1.1171,1.11713,1760000,100000
2019.10.31 10:22:25.128,1.11709,1.11713,1310000,4760000
2019.10.31 10:22:25.578,1.1171,1.11713,940000,3000000
2019.10.31 10:22:25.771,1.11709,1.11713,940000,5890000
2019.10.31 10:22:27.894,1.1171,1.11713,1010000,450000
2019.10.31 10:22:29.128,1.11711,1.11713,820000,750000
2019.10.31 10:22:33.110,1.11711,1.11712,190000,750000
2019.10.31 10:22:33.260,1.11711,1.11713,940000,940000
2019.10.31 10:22:35.555,1.11711,1.11714,3820000,820000
2019.10.31 10:22:36.715,1.11712,1.11714,1500000,750000
2019.10.31 10:22:37.276,1.11714,1.11716,1950000,3000000
2019.10.31 10:22:37.378,1.11715,1.11718,1500000,3940000
2019.10.31 10:22:37.479,1.11716,1.11719,940000,4310000
2019.10.31 10:22:37.739,1.11717,1.11719,750000,750000
2019.10.31 10:22:37.840,1.11718,1.11719,1310000,750000
2019.10.31 10:22:38.658,1.11717,1.11719,940000,750000
2019.10.31 10:22:38.760,1.11717,1.11718,750000,750000
2019.10.31 10:22:38.861,1.11717,1.11719,1390000,750000
2019.10.31 10:22:41.135,1.1172,1.11721,2320000,1870000
2019.10.31 10:22:42.227,1.1172,1.11723,2620000,1690000
2019.10.31 10:22:42.379,1.11721,1.11723,2620000,750000
2019.10.31 10:22:42.577,1.1172,1.11723,2620000,1500000
2019.10.31 10:22:43.006,1.11721,1.11723,3070000,750000
2019.10.31 10:22:43.275,1.1172,1.11723,2700000,1500000
2019.10.31 10:22:45.349,1.11721,1.11723,3000000,750000
2019.10.31 10:22:45.602,1.1172,1.11723,3000000,2060000
2019.10.31 10:22:46.088,1.11721,1.11723,450000,750000
2019.10.31 10:22:46.249,1.11722,1.11724,1950000,750000
2019.10.31 10:22:48.056,1.11722,1.11724,3450000,750000
2019.10.31 10:22:51.767,1.11722,1.11723,750000,750000
2019.10.31 10:22:54.409,1.11721,1.11723,1500000,1690000
2019.10.31 10:22:58.585,1.11722,1.11723,750000,750000
2019.10.31 10:22:58.686,1.11721,1.11724,750000,3190000
2019.10.31 10:22:58.788,1.11724,1.11725,450000,940000
2019.10.31 10:22:58.839,1.11726,1.11728,4010000,940000
2019.10.31 10:22:59.211,1.11724,1.11727,750000,3940000
2019.10.31 10:22:59.312,1.11725,1.11727,750000,750000
2019.10.31 10:22:59.414,1.11724,1.11727,750000,2250000
2019.10.31 10:22:59.636,1.11723,1.11726,3190000,750000
2019.10.31 10:23:00.996,1.11723,1.11725,1310000,750000
2019.10.31 10:23:01.099,1.11722,1.11724,750000,1870000
2019.10.31 10:23:01.644,1.11721,1.11722,940000,2250000
2019.10.31 10:23:01.695,1.1172,1.11721,940000,6000000
2019.10.31 10:23:02.208,1.11719,1.11721,560000,4870000
2019.10.31 10:23:02.360,1.11719,1.11722,1500000,6560000
2019.10.31 10:23:02.461,1.1172,1.11722,1500000,750000
2019.10.31 10:23:02.613,1.11721,1.11724,6640000,100000
2019.10.31 10:23:02.714,1.1172,1.11724,2700000,2060000
2019.10.31 10:23:03.255,1.11721,1.11724,4200000,750000
2019.10.31 10:23:03.831,1.1172,1.11724,1570000,3560000
2019.10.31 10:23:04.245,1.11721,1.11724,3820000,750000
2019.10.31 10:23:06.244,1.11721,1.11723,1200000,750000
2019.10.31 10:23:06.635,1.1172,1.11724,1200000,3560000
2019.10.31 10:23:07.596,1.11721,1.11723,1120000,370000
2019.10.31 10:23:07.698,1.1172,1.11723,1570000,1690000
2019.10.31 10:23:07.800,1.11721,1.11724,7010000,750000
2019.10.31 10:23:07.902,1.1172,1.11724,2510000,1690000
2019.10.31 10:23:08.967,1.1172,1.11723,370000,2810000
2019.10.31 10:23:10.254,1.11721,1.11723,2620000,750000
2019.10.31 10:23:11.864,1.1172,1.11723,4200000,1310000
2019.10.31 10:23:18.107,1.11721,1.11723,1500000,370000
2019.10.31 10:23:19.653,1.1172,1.11723,1500000,3260000
2019.10.31 10:23:19.780,1.11721,1.11723,750000,450000
2019.10.31 10:23:19.931,1.1172,1.11723,750000,4390000
2019.10.31 10:23:20.296,1.1172,1.11724,2320000,8160000
2019.10.31 10:23:20.398,1.11721,1.11724,3070000,1570000
2019.10.31 10:23:23.971,1.11722,1.11724,3450000,370000
2019.10.31 10:23:24.413,1.11721,1.11723,370000,190000
2019.10.31 10:23:26.710,1.1172,1.11723,750000,940000
2019.10.31 10:23:26.863,1.11721,1.11723,750000,820000
2019.10.31 10:23:26.965,1.11722,1.11724,1500000,750000
2019.10.31 10:23:27.117,1.11723,1.11725,1950000,1690000
2019.10.31 10:23:27.168,1.11726,1.11727,3750000,190000
2019.10.31 10:23:27.270,1.11725,1.11728,1500000,3940000
2019.10.31 10:23:27.956,1.11726,1.11728,1500000,750000
2019.10.31 10:23:28.456,1.11725,1.11728,2250000,4310000
2019.10.31 10:23:31.099,1.11725,1.11729,2620000,1760000
2019.10.31 10:23:32.035,1.11726,1.11728,370000,370000
2019.10.31 10:23:33.077,1.11725,1.11729,2250000,5140000
2019.10.31 10:23:34.289,1.11725,1.11728,750000,5890000
2019.10.31 10:23:35.823,1.11726,1.11728,750000,100000
2019.10.31 10:23:35.925,1.11725,1.11728,750000,7390000
2019.10.31 10:23:37.289,1.11725,1.11729,2250000,2890000
2019.10.31 10:23:37.754,1.11727,1.11729,2250000,100000
2019.10.31 10:23:37.856,1.11728,1.1173,1500000,1760000
2019.10.31 10:23:37.957,1.11729,1.1173,1500000,100000
2019.10.31 10:23:38.058,1.11728,1.1173,1500000,2250000
2019.10.31 10:23:38.208,1.11727,1.11729,1120000,450000
2019.10.31 10:23:38.901,1.11725,1.11729,1500000,5890000
2019.10.31 10:23:40.220,1.11726,1.11729,1500000,1500000
2019.10.31 10:23:44.332,1.11726,1.11727,750000,820000
2019.10.31 10:23:48.082,1.11725,1.11727,750000,5510000
2019.10.31 10:23:48.333,1.11726,1.11727,750000,750000
2019.10.31 10:23:48.502,1.11725,1.11727,750000,4390000
2019.10.31 10:23:49.213,1.11726,1.11727,750000,450000
2019.10.31 10:23:49.415,1.11725,1.11727,750000,3560000
2019.10.31 10:23:51.886,1.11726,1.11727,750000,750000
2019.10.31 10:23:52.985,1.11725,1.11727,750000,5140000
2019.10.31 10:23:55.367,1.11724,1.11727,1500000,3820000
2019.10.31 10:23:55.469,1.11724,1.11725,190000,370000
2019.10.31 10:23:55.599,1.11724,1.11727,2810000,1500000
2019.10.31 10:23:55.802,1.11726,1.11727,750000,750000
2019.10.31 10:23:55.904,1.11725,1.11729,4390000,2060000
2019.10.31 10:23:56.006,1.11726,1.11728,750000,750000
2019.10.31 10:23:56.108,1.11725,1.11728,1500000,4310000
2019.10.31 10:23:57.341,1.11726,1.11729,5510000,1500000
2019.10.31 10:23:57.443,1.11725,1.11729,2440000,5140000
2019.10.31 10:23:57.544,1.11726,1.11729,1690000,1500000
2019.10.31 10:23:58.761,1.11725,1.11729,5140000,7460000
2019.10.31 10:23:58.914,1.11725,1.11728,1500000,3560000
2019.10.31 10:23:59.370,1.11724,1.11727,820000,6070000
2019.10.31 10:23:59.639,1.11725,1.11727,750000,100000
2019.10.31 10:24:00.308,1.11726,1.11728,1690000,2440000
2019.10.31 10:24:02.218,1.11727,1.11728,750000,750000
2019.10.31 10:24:02.320,1.11726,1.11728,1500000,940000
2019.10.31 10:24:02.481,1.11725,1.11728,1570000,10160000
2019.10.31 10:24:02.992,1.11726,1.11728,2250000,100000
2019.10.31 10:24:03.139,1.11725,1.11729,3260000,6560000
2019.10.31 10:24:03.291,1.11726,1.11729,4010000,2250000
2019.10.31 10:24:03.445,1.11728,1.11729,1500000,750000
2019.10.31 10:24:03.546,1.1173,1.11731,3450000,1500000
2019.10.31 10:24:03.647,1.11729,1.11731,3000000,3370000
2019.10.31 10:24:03.799,1.1173,1.11731,370000,750000
2019.10.31 10:24:04.355,1.11729,1.11731,370000,4870000
2019.10.31 10:24:04.456,1.11728,1.11732,2810000,9260000
2019.10.31 10:24:04.557,1.11729,1.11731,190000,1120000
2019.10.31 10:24:04.759,1.11729,1.11732,2810000,1120000
2019.10.31 10:24:04.930,1.11729,1.11731,940000,3370000
2019.10.31 10:24:05.147,1.11729,1.11732,2810000,1120000
2019.10.31 10:24:05.724,1.11729,1.11731,190000,1120000
2019.10.31 10:24:05.932,1.11729,1.11732,4310000,1500000
2019.10.31 10:24:06.114,1.11729,1.11731,1690000,2250000
2019.10.31 10:24:06.248,1.1173,1.11731,940000,750000
2019.10.31 10:24:06.349,1.11729,1.11732,4390000,1500000
2019.10.31 10:24:06.450,1.1173,1.11731,750000,1120000
2019.10.31 10:24:06.552,1.1173,1.11732,1310000,370000
2019.10.31 10:24:06.956,1.1173,1.11733,1690000,2620000
2019.10.31 10:24:07.229,1.1173,1.11732,750000,4120000
2019.10.31 10:24:08.224,1.1173,1.11733,3190000,750000
2019.10.31 10:24:09.082,1.11731,1.11733,260000,750000
2019.10.31 10:24:09.184,1.1173,1.11733,190000,3450000
2019.10.31 10:24:09.625,1.11731,1.11733,190000,750000
2019.10.31 10:24:09.777,1.1173,1.11733,190000,2620000
2019.10.31 10:24:16.359,1.11731,1.11733,750000,750000
2019.10.31 10:24:18.924,1.1173,1.11733,750000,940000
2019.10.31 10:24:19.510,1.1173,1.11732,750000,190000
2019.10.31 10:24:21.293,1.11729,1.1173,560000,3070000
2019.10.31 10:24:21.395,1.11729,1.1173,560000,3000000
2019.10.31 10:24:21.649,1.11729,1.11731,370000,2060000
2019.10.31 10:24:21.753,1.11729,1.11732,1010000,4010000
2019.10.31 10:24:22.272,1.1173,1.11732,750000,1010000
2019.10.31 10:24:24.310,1.11731,1.11732,1500000,750000
2019.10.31 10:24:24.411,1.1173,1.11732,750000,1310000
2019.10.31 10:24:24.513,1.1173,1.11733,1690000,1310000
2019.10.31 10:24:25.411,1.11731,1.11733,1500000,750000
2019.10.31 10:24:25.798,1.1173,1.11733,750000,1310000
2019.10.31 10:24:26.126,1.11731,1.11733,1120000,370000
2019.10.31 10:24:29.857,1.11731,1.11732,370000,1310000
2019.10.31 10:24:29.958,1.11731,1.11733,3260000,1310000
2019.10.31 10:24:31.541,1.11731,1.11733,2440000,750000
2019.10.31 10:24:31.736,1.11731,1.11733,2440000,750000
2019.10.31 10:24:32.063,1.11731,1.11733,3190000,750000
2019.10.31 10:24:32.450,1.11731,1.11733,750000,750000
2019.10.31 10:24:38.661,1.11734,1.11737,3260000,4870000
2019.10.31 10:24:38.763,1.11734,1.11737,190000,2250000
2019.10.31 10:24:39.077,1.11735,1.11738,1760000,1120000
2019.10.31 10:24:39.498,1.11736,1.11738,940000,750000
2019.10.31 10:24:39.726,1.11735,1.11738,190000,4200000
2019.10.31 10:24:39.840,1.11735,1.11739,5060000,4390000
2019.10.31 10:24:40.935,1.11735,1.11738,100000,5890000
2019.10.31 10:24:41.048,1.11736,1.11739,2320000,1010000
2019.10.31 10:24:42.314,1.11736,1.11738,1500000,750000
2019.10.31 10:24:43.850,1.11736,1.11739,4390000,750000
2019.10.31 10:24:44.047,1.11736,1.11738,100000,750000
2019.10.31 10:24:44.246,1.11736,1.11739,4760000,750000
2019.10.31 10:24:45.102,1.11735,1.11739,4390000,2810000
2019.10.31 10:24:45.204,1.11735,1.11738,1390000,450000
2019.10.31 10:24:47.665,1.11735,1.11736,750000,370000
2019.10.31 10:24:49.183,1.11734,1.11736,750000,6940000
2019.10.31 10:24:52.175,1.11734,1.11736,750000,5060000
2019.10.31 10:24:53.352,1.11733,1.11735,1500000,7950000
2019.10.31 10:24:53.403,1.11735,1.11736,4120000,750000
2019.10.31 10:24:53.504,1.11734,1.11736,100000,5620000
2019.10.31 10:24:53.605,1.11734,1.11737,2060000,7120000
2019.10.31 10:24:53.707,1.11734,1.11736,750000,7120000
2019.10.31 10:24:54.865,1.11737,1.11739,1570000,2250000
2019.10.31 10:24:54.967,1.11738,1.11741,4760000,3750000
2019.10.31 10:24:55.128,1.11738,1.1174,940000,5440000
2019.10.31 10:24:55.332,1.11739,1.11741,2250000,1500000
2019.10.31 10:24:57.437,1.11739,1.1174,1690000,1500000
2019.10.31 10:24:57.539,1.11738,1.1174,940000,6370000
2019.10.31 10:24:58.398,1.11739,1.1174,1500000,4500000
2019.10.31 10:25:00.150,1.11739,1.11741,750000,750000
2019.10.31 10:25:05.682,1.11739,1.11741,750000,750000
2019.10.31 10:25:05.784,1.11739,1.11741,750000,750000
2019.10.31 10:25:05.986,1.11739,1.11741,750000,750000
2019.10.31 10:25:06.378,1.11739,1.11741,3260000,750000
2019.10.31 10:25:06.479,1.11739,1.11741,1500000,750000
2019.10.31 10:25:06.580,1.11739,1.11741,1500000,1500000
2019.10.31 10:25:09.718,1.11739,1.1174,750000,750000
2019.10.31 10:25:10.037,1.11738,1.1174,750000,8140000
2019.10.31 10:25:10.642,1.11739,1.1174,750000,750000
2019.10.31 10:25:10.743,1.11739,1.11741,1570000,2250000
2019.10.31 10:25:10.857,1.11739,1.1174,750000,3000000
2019.10.31 10:25:11.855,1.11738,1.11741,1690000,7870000
2019.10.31 10:25:11.905,1.1174,1.11742,2510000,750000
2019.10.31 10:25:12.007,1.11739,1.11742,1010000,3000000
2019.10.31 10:25:12.159,1.1174,1.11742,1500000,750000
2019.10.31 10:25:12.266,1.11739,1.11742,820000,3640000
2019.10.31 10:25:12.417,1.1174,1.11742,100000,750000
2019.10.31 10:25:12.519,1.11739,1.11742,100000,3640000
2019.10.31 10:25:12.638,1.11739,1.11743,1760000,3560000
2019.10.31 10:25:12.740,1.1174,1.11743,2140000,750000
2019.10.31 10:25:13.018,1.1174,1.11742,190000,940000
2019.10.31 10:25:13.508,1.1174,1.11741,100000,940000
2019.10.31 10:25:13.661,1.1174,1.11742,260000,940000
2019.10.31 10:25:19.415,1.1174,1.11743,2060000,370000
2019.10.31 10:25:20.039,1.1174,1.11742,100000,370000
2019.10.31 10:25:20.561,1.1174,1.11743,1570000,750000
2019.10.31 10:25:21.286,1.11743,1.11744,450000,1500000
2019.10.31 10:25:21.370,1.11744,1.11746,190000,750000
2019.10.31 10:25:21.471,1.11744,1.11747,2440000,1500000
2019.10.31 10:25:21.638,1.11745,1.11747,1690000,750000
2019.10.31 10:25:21.772,1.11744,1.11747,1690000,1500000
2019.10.31 10:25:22.345,1.11745,1.11747,3560000,750000
2019.10.31 10:25:22.547,1.11744,1.11747,2810000,1500000
2019.10.31 10:25:23.091,1.11745,1.11747,940000,750000
2019.10.31 10:25:23.193,1.11744,1.11747,940000,1500000
2019.10.31 10:25:23.896,1.11745,1.11747,2060000,750000
2019.10.31 10:25:24.044,1.11744,1.11747,940000,1500000
2019.10.31 10:25:25.434,1.11745,1.11747,1310000,370000
2019.10.31 10:25:26.615,1.11744,1.11747,940000,1500000
2019.10.31 10:25:27.170,1.11745,1.11747,1500000,750000
2019.10.31 10:25:29.378,1.11744,1.11747,940000,1870000
2019.10.31 10:25:30.909,1.11745,1.11747,190000,370000
2019.10.31 10:25:31.471,1.11745,1.11746,750000,370000
2019.10.31 10:25:31.573,1.11743,1.11745,940000,2320000
2019.10.31 10:25:31.624,1.11744,1.11746,4690000,1240000
2019.10.31 10:25:31.726,1.11744,1.11745,750000,1500000
2019.10.31 10:25:31.827,1.11744,1.11746,1500000,1500000
2019.10.31 10:25:33.962,1.11745,1.11746,750000,100000
2019.10.31 10:25:34.115,1.11745,1.11748,4390000,100000
2019.10.31 10:25:34.238,1.11744,1.11748,4010000,1690000
2019.10.31 10:25:34.418,1.11745,1.11748,2440000,750000
2019.10.31 10:25:34.690,1.11745,1.11747,750000,1500000
2019.10.31 10:25:34.742,1.11744,1.11746,1690000,2440000
2019.10.31 10:25:34.881,1.11742,1.11743,750000,750000
2019.10.31 10:25:34.934,1.1174,1.11743,1120000,3640000
2019.10.31 10:25:35.086,1.11742,1.11743,750000,370000
2019.10.31 10:25:35.663,1.11742,1.11744,2510000,370000
2019.10.31 10:25:35.822,1.11742,1.11743,750000,370000
2019.10.31 10:25:36.126,1.11741,1.11743,750000,370000
2019.10.31 10:25:37.544,1.1174,1.11743,750000,5890000
2019.10.31 10:25:38.640,1.1174,1.11742,750000,4310000
2019.10.31 10:25:38.742,1.1174,1.11743,750000,5060000
2019.10.31 10:25:38.843,1.11741,1.11743,750000,750000
2019.10.31 10:25:38.944,1.11741,1.11744,4540000,750000
2019.10.31 10:25:39.249,1.1174,1.11744,2060000,6640000
2019.10.31 10:25:41.558,1.11744,1.11745,970000,1500000
2019.10.31 10:25:41.609,1.11745,1.11747,1460000,750000
2019.10.31 10:25:41.710,1.11746,1.11747,1120000,750000
2019.10.31 10:25:41.812,1.11746,1.11748,820000,2250000
2019.10.31 10:25:41.965,1.11745,1.11747,370000,2320000
2019.10.31 10:25:42.937,1.11745,1.11748,1760000,1500000
2019.10.31 10:25:43.919,1.11745,1.11747,370000,3000000
2019.10.31 10:25:46.347,1.11745,1.11748,1690000,1500000
2019.10.31 10:25:46.563,1.11745,1.11747,750000,1500000
2019.10.31 10:25:46.902,1.11746,1.11748,1690000,190000
2019.10.31 10:25:46.954,1.11748,1.11749,2290000,2250000
2019.10.31 10:25:47.152,1.11747,1.11748,190000,1120000
2019.10.31 10:25:49.293,1.11746,1.11747,1870000,750000
2019.10.31 10:25:49.345,1.11744,1.11745,1690000,1500000
2019.10.31 10:25:49.396,1.11743,1.11744,370000,1950000
2019.10.31 10:25:49.447,1.11741,1.11745,8060000,2890000
2019.10.31 10:25:49.549,1.11742,1.11744,100000,750000
2019.10.31 10:25:49.650,1.11741,1.11744,100000,2890000
2019.10.31 10:25:50.314,1.11741,1.11745,8510000,1690000
2019.10.31 10:25:50.415,1.11741,1.11744,100000,2140000
2019.10.31 10:25:50.516,1.11742,1.11744,100000,750000
2019.10.31 10:25:50.617,1.11741,1.11744,100000,2140000
2019.10.31 10:25:51.165,1.11741,1.11745,9640000,940000
2019.10.31 10:25:51.468,1.11741,1.11744,370000,940000
2019.10.31 10:25:55.874,1.11741,1.11742,190000,750000
2019.10.31 10:25:57.252,1.1174,1.11741,3190000,750000
2019.10.31 10:25:57.303,1.11738,1.1174,2810000,3450000
2019.10.31 10:25:57.353,1.11736,1.11739,1310000,750000
2019.10.31 10:25:57.455,1.11736,1.11738,370000,750000
2019.10.31 10:25:58.356,1.11736,1.11737,370000,750000
2019.10.31 10:25:59.266,1.11734,1.11735,940000,1500000
2019.10.31 10:25:59.368,1.11733,1.11736,1690000,750000
2019.10.31 10:25:59.469,1.11733,1.11735,750000,1500000
2019.10.31 10:25:59.742,1.11733,1.11735,750000,1120000
2019.10.31 10:25:59.844,1.11733,1.11736,1120000,2510000
2019.10.31 10:25:59.996,1.11734,1.11736,750000,4010000
2019.10.31 10:26:00.047,1.11736,1.11738,820000,3560000
2019.10.31 10:26:00.099,1.11736,1.11739,1500000,4680000
2019.10.31 10:26:00.202,1.11738,1.1174,1500000,4500000
2019.10.31 10:26:00.304,1.11739,1.11742,750000,3640000
2019.10.31 10:26:00.355,1.11739,1.11743,750000,6640000
2019.10.31 10:26:00.457,1.1174,1.11744,1010000,5060000
2019.10.31 10:26:00.660,1.11741,1.11744,260000,1870000
2019.10.31 10:26:00.761,1.11741,1.11743,5250000,750000
2019.10.31 10:26:00.863,1.11741,1.11742,370000,750000
2019.10.31 10:26:01.061,1.11741,1.11743,370000,750000
2019.10.31 10:26:01.366,1.11741,1.11742,100000,750000
2019.10.31 10:26:01.468,1.11741,1.11743,4690000,750000
2019.10.31 10:26:01.571,1.1174,1.11743,190000,1870000
2019.10.31 10:26:01.860,1.11739,1.11741,370000,1120000
2019.10.31 10:26:01.962,1.11738,1.11741,370000,6260000
2019.10.31 10:26:02.215,1.11738,1.11742,370000,5510000
2019.10.31 10:26:02.316,1.11738,1.11742,450000,6640000
2019.10.31 10:26:02.518,1.11738,1.11742,450000,6260000
2019.10.31 10:26:02.871,1.11738,1.11741,1690000,4200000
2019.10.31 10:26:03.476,1.11737,1.11741,2540000,1120000
2019.10.31 10:26:03.694,1.11738,1.11741,2140000,100000
2019.10.31 10:26:05.832,1.11737,1.11739,190000,750000
2019.10.31 10:26:07.246,1.11736,1.11739,190000,3640000
2019.10.31 10:26:09.392,1.11735,1.11739,5140000,3640000
2019.10.31 10:26:11.578,1.11735,1.11737,750000,2890000
2019.10.31 10:26:12.193,1.11736,1.11737,750000,100000
2019.10.31 10:26:13.986,1.11735,1.11737,750000,2890000
2019.10.31 10:26:14.731,1.11736,1.11737,750000,100000
2019.10.31 10:26:14.834,1.11736,1.11738,1500000,1500000
2019.10.31 10:26:14.935,1.11737,1.1174,2440000,1950000
2019.10.31 10:26:15.036,1.11738,1.11739,750000,100000
2019.10.31 10:26:15.138,1.11737,1.11739,750000,450000
2019.10.31 10:26:17.093,1.11736,1.11739,750000,2890000
2019.10.31 10:26:17.906,1.11737,1.11739,750000,370000
2019.10.31 10:26:18.518,1.11737,1.11738,750000,370000
2019.10.31 10:26:18.640,1.11736,1.11738,750000,190000
2019.10.31 10:26:23.687,1.11735,1.11738,940000,450000
2019.10.31 10:26:24.804,1.11735,1.11737,750000,640000
2019.10.31 10:26:25.672,1.11736,1.11737,750000,190000
2019.10.31 10:26:25.857,1.11735,1.11736,750000,370000
2019.10.31 10:26:25.962,1.11736,1.11737,750000,190000
2019.10.31 10:26:29.258,1.11734,1.11735,750000,1950000
2019.10.31 10:26:29.360,1.11732,1.11733,750000,1200000
2019.10.31 10:26:29.511,1.11731,1.11733,750000,940000
2019.10.31 10:26:35.306,1.1173,1.11732,370000,2620000
2019.10.31 10:26:35.409,1.11729,1.11731,190000,2140000
2019.10.31 10:26:35.511,1.1173,1.11732,940000,190000
2019.10.31 10:26:35.878,1.11729,1.11732,1500000,3640000
2019.10.31 10:26:36.182,1.11729,1.11731,190000,750000
2019.10.31 10:26:36.284,1.11728,1.1173,1760000,750000
2019.10.31 10:26:36.385,1.11728,1.1173,190000,3820000
2019.10.31 10:26:37.103,1.11728,1.11729,750000,2250000
2019.10.31 10:26:37.412,1.11728,1.11731,2320000,2060000
2019.10.31 10:26:37.816,1.11729,1.11731,1500000,190000
2019.10.31 10:26:38.019,1.11729,1.1173,750000,190000
2019.10.31 10:26:39.189,1.11727,1.1173,1500000,1390000
2019.10.31 10:26:39.241,1.11727,1.11729,750000,1390000
2019.10.31 10:26:43.128,1.11726,1.11728,750000,4010000
2019.10.31 10:26:43.280,1.11725,1.11728,750000,2510000
2019.10.31 10:26:43.381,1.11725,1.11728,1570000,2060000
2019.10.31 10:26:43.489,1.11725,1.11728,820000,2060000
2019.10.31 10:26:44.438,1.11725,1.11727,190000,1310000
2019.10.31 10:26:44.864,1.11724,1.11725,750000,2320000
2019.10.31 10:26:44.965,1.11723,1.11725,750000,560000
2019.10.31 10:26:51.884,1.11722,1.11725,750000,3820000
2019.10.31 10:26:52.167,1.11723,1.11725,820000,450000
2019.10.31 10:26:53.068,1.11722,1.11725,750000,3820000
2019.10.31 10:26:53.921,1.11723,1.11725,1950000,100000
2019.10.31 10:26:54.730,1.11722,1.11725,1690000,3260000
2019.10.31 10:26:54.831,1.11722,1.11723,750000,1690000
2019.10.31 10:26:54.933,1.11721,1.11723,750000,750000
2019.10.31 10:26:56.468,1.1172,1.11723,2320000,3560000
2019.10.31 10:26:56.876,1.11721,1.11723,1500000,190000
2019.10.31 10:26:57.180,1.11722,1.11723,750000,370000
2019.10.31 10:26:57.446,1.11723,1.11724,1500000,370000
2019.10.31 10:26:57.548,1.11724,1.11725,1500000,190000
2019.10.31 10:27:00.081,1.11724,1.11725,1500000,190000
2019.10.31 10:27:00.762,1.11723,1.11725,750000,370000
2019.10.31 10:27:03.858,1.11722,1.11725,750000,2140000
2019.10.31 10:27:04.255,1.11723,1.11725,1500000,750000
2019.10.31 10:27:04.357,1.11722,1.11725,1870000,2890000
2019.10.31 10:27:05.261,1.11721,1.11724,1690000,4570000
2019.10.31 10:27:05.362,1.11722,1.11723,1500000,370000
2019.10.31 10:27:05.464,1.11721,1.11723,2250000,370000
2019.10.31 10:27:06.132,1.1172,1.11723,2320000,4310000
2019.10.31 10:27:09.144,1.1172,1.11722,750000,2620000
2019.10.31 10:27:09.245,1.1172,1.11723,3640000,370000
2019.10.31 10:27:09.745,1.1172,1.11721,1690000,2250000
2019.10.31 10:27:09.847,1.11718,1.11719,750000,100000
2019.10.31 10:27:09.948,1.11717,1.11719,940000,370000
2019.10.31 10:27:10.883,1.11716,1.11719,2440000,1950000
2019.10.31 10:27:11.086,1.11717,1.11719,2890000,100000
2019.10.31 10:27:11.252,1.11716,1.11719,2510000,2620000
2019.10.31 10:27:12.448,1.11715,1.11719,5140000,1760000
2019.10.31 10:27:12.549,1.11715,1.11718,1010000,750000
2019.10.31 10:27:12.803,1.11715,1.11719,6640000,1760000
2019.10.31 10:27:12.905,1.11715,1.11717,100000,1390000
2019.10.31 10:27:12.990,1.11715,1.11719,5140000,1010000
2019.10.31 10:27:13.101,1.11716,1.11719,4390000,370000
2019.10.31 10:27:13.456,1.11717,1.11719,2890000,100000
2019.10.31 10:27:14.142,1.11716,1.11719,2440000,1570000
2019.10.31 10:27:14.678,1.11718,1.11719,1690000,750000
2019.10.31 10:27:14.779,1.11719,1.11721,750000,940000
2019.10.31 10:27:14.971,1.11719,1.11722,4010000,750000
2019.10.31 10:27:15.767,1.11719,1.11721,820000,450000
2019.10.31 10:27:16.070,1.1172,1.11722,750000,940000
2019.10.31 10:27:16.172,1.11721,1.11723,750000,4010000
2019.10.31 10:27:16.273,1.11722,1.11724,750000,100000
2019.10.31 10:27:16.374,1.11721,1.11724,750000,2890000
2019.10.31 10:27:16.425,1.11723,1.11724,750000,750000
2019.10.31 10:27:16.603,1.11721,1.11724,750000,1390000
2019.10.31 10:27:16.952,1.11721,1.11723,750000,640000
2019.10.31 10:27:17.300,1.11721,1.11724,1120000,640000
2019.10.31 10:27:17.805,1.1172,1.11724,4010000,2700000
2019.10.31 10:27:17.906,1.11721,1.11723,820000,100000
2019.10.31 10:27:18.708,1.1172,1.11722,100000,1950000
2019.10.31 10:27:18.809,1.1172,1.11723,370000,1760000
2019.10.31 10:27:19.913,1.1172,1.11724,3070000,1390000
2019.10.31 10:27:20.014,1.11719,1.11723,1570000,5890000
2019.10.31 10:27:20.519,1.1172,1.11723,5140000,190000
2019.10.31 10:27:20.621,1.1172,1.11722,100000,450000
2019.10.31 10:27:20.744,1.11719,1.11722,450000,4950000
2019.10.31 10:27:21.178,1.1172,1.11722,450000,190000
2019.10.31 10:27:21.455,1.11721,1.11722,450000,750000
2019.10.31 10:27:21.557,1.11719,1.11722,450000,1950000
2019.10.31 10:27:22.248,1.11719,1.11723,4950000,2620000
2019.10.31 10:27:22.394,1.11719,1.11722,450000,2700000
2019.10.31 10:27:22.529,1.11719,1.11723,4950000,2620000
2019.10.31 10:27:23.208,1.1172,1.11723,3820000,750000
2019.10.31 10:27:23.310,1.11719,1.11722,820000,2060000
2019.10.31 10:27:24.411,1.11719,1.11721,450000,190000
2019.10.31 10:27:24.513,1.11718,1.11721,3450000,100000
2019.10.31 10:27:24.614,1.11718,1.1172,100000,100000
2019.10.31 10:27:24.715,1.11718,1.11721,3070000,100000
2019.10.31 10:27:25.291,1.11718,1.1172,100000,100000
2019.10.31 10:27:25.493,1.11719,1.11721,820000,3560000
2019.10.31 10:27:25.628,1.11719,1.11722,820000,3560000
2019.10.31 10:27:25.781,1.11719,1.11723,1950000,5060000
2019.10.31 10:27:25.882,1.1172,1.11723,1570000,750000
2019.10.31 10:27:26.194,1.11719,1.11723,1200000,3940000
2019.10.31 10:27:26.699,1.11719,1.11721,100000,190000
2019.10.31 10:27:26.866,1.11718,1.11721,450000,2400000
2019.10.31 10:27:26.994,1.11719,1.11721,450000,100000
2019.10.31 10:27:27.235,1.11719,1.11722,2320000,100000
2019.10.31 10:27:27.535,1.11719,1.1172,100000,1500000
2019.10.31 10:27:27.636,1.11719,1.11721,1120000,1570000
2019.10.31 10:27:27.831,1.11718,1.11721,1200000,1460000
2019.10.31 10:27:27.933,1.11719,1.11721,1200000,100000
2019.10.31 10:27:28.237,1.11718,1.11721,1200000,710000
2019.10.31 10:27:29.736,1.11718,1.1172,190000,940000
2019.10.31 10:27:30.461,1.11719,1.11721,1200000,1500000
2019.10.31 10:27:30.670,1.1172,1.11721,450000,2250000
2019.10.31 10:27:30.721,1.1172,1.11723,2700000,750000
2019.10.31 10:27:30.822,1.1172,1.11722,100000,750000
2019.10.31 10:27:30.924,1.1172,1.11723,1570000,750000
2019.10.31 10:27:31.756,1.1172,1.11722,750000,1500000
2019.10.31 10:27:31.858,1.11719,1.11722,1500000,1120000
2019.10.31 10:27:31.960,1.1172,1.11722,2510000,190000
2019.10.31 10:27:32.144,1.11719,1.11722,1570000,1120000
2019.10.31 10:27:32.499,1.1172,1.11722,2510000,190000
2019.10.31 10:27:32.701,1.11719,1.11722,1570000,1120000
2019.10.31 10:27:32.803,1.1172,1.11722,2510000,190000
2019.10.31 10:27:32.962,1.11719,1.11722,1570000,2620000
2019.10.31 10:27:33.063,1.1172,1.11722,2510000,190000
2019.10.31 10:27:33.316,1.11719,1.11722,1570000,1120000
2019.10.31 10:27:33.770,1.11719,1.11721,750000,1120000
2019.10.31 10:27:33.871,1.11717,1.1172,5440000,100000
2019.10.31 10:27:33.972,1.11716,1.11719,750000,3190000
2019.10.31 10:27:43.096,1.11716,1.11718,100000,1120000
2019.10.31 10:27:43.350,1.11716,1.11719,820000,1870000
2019.10.31 10:27:44.109,1.11716,1.11718,100000,1870000
2019.10.31 10:27:44.377,1.11716,1.11719,820000,1870000
2019.10.31 10:27:47.396,1.11716,1.11718,100000,1870000
2019.10.31 10:27:47.548,1.11716,1.11719,1570000,2620000
2019.10.31 10:27:47.651,1.11716,1.11718,100000,1870000
2019.10.31 10:27:47.790,1.11716,1.11719,820000,1870000
2019.10.31 10:27:47.841,1.11716,1.11718,470000,1870000
2019.10.31 10:27:48.075,1.11716,1.11719,820000,1870000
2019.10.31 10:27:48.176,1.11716,1.11718,100000,1870000
2019.10.31 10:27:48.278,1.11716,1.11719,820000,1870000
2019.10.31 10:27:48.379,1.11716,1.11718,100000,1870000
2019.10.31 10:27:48.531,1.11716,1.11719,820000,1870000
2019.10.31 10:27:48.718,1.11716,1.11718,100000,1870000
2019.10.31 10:27:48.920,1.11717,1.11718,450000,370000
2019.10.31 10:27:49.028,1.11717,1.11719,820000,370000
2019.10.31 10:27:49.196,1.11716,1.11718,470000,2250000
2019.10.31 10:27:52.337,1.11715,1.11717,260000,940000
2019.10.31 10:27:52.540,1.11715,1.11718,450000,1310000
2019.10.31 10:27:53.155,1.11716,1.11718,640000,190000
2019.10.31 10:27:55.789,1.11716,1.11717,450000,190000
2019.10.31 10:27:58.486,1.11716,1.11718,2510000,190000
2019.10.31 10:27:59.172,1.11715,1.11718,820000,1310000
2019.10.31 10:27:59.892,1.11715,1.11717,450000,750000
2019.10.31 10:27:59.993,1.11714,1.11717,100000,3370000
2019.10.31 10:28:00.352,1.11714,1.11718,2140000,3450000
2019.10.31 10:28:00.503,1.11715,1.11718,1950000,190000
2019.10.31 10:28:00.605,1.11714,1.11718,1010000,3450000
2019.10.31 10:28:00.706,1.11714,1.11717,100000,3370000
2019.10.31 10:28:00.816,1.11714,1.11718,1010000,3450000
2019.10.31 10:28:01.877,1.11715,1.11718,1010000,190000
2019.10.31 10:28:01.978,1.11715,1.11717,1500000,190000
2019.10.31 10:28:02.080,1.11714,1.11717,1500000,3070000
2019.10.31 10:28:02.245,1.11715,1.11717,1500000,750000
2019.10.31 10:28:04.327,1.11715,1.11716,750000,750000
2019.10.31 10:28:04.428,1.11713,1.11716,4570000,370000
2019.10.31 10:28:04.536,1.11713,1.11715,1690000,750000
2019.10.31 10:28:04.639,1.11712,1.11715,6260000,100000
2019.10.31 10:28:04.741,1.11711,1.11714,100000,940000
2019.10.31 10:28:05.252,1.11712,1.11714,1200000,100000
2019.10.31 10:28:05.354,1.11711,1.11714,820000,3190000
2019.10.31 10:28:05.638,1.11711,1.11713,100000,3640000
2019.10.31 10:28:07.717,1.11711,1.11714,1950000,190000
2019.10.31 10:28:07.869,1.11711,1.11713,1500000,190000
2019.10.31 10:28:08.096,1.11711,1.11714,820000,940000
2019.10.31 10:28:08.824,1.11711,1.11713,100000,940000
2019.10.31 10:28:09.175,1.11711,1.11714,1570000,940000
2019.10.31 10:28:10.319,1.11711,1.11712,1310000,750000
2019.10.31 10:28:10.421,1.1171,1.11711,940000,1120000
2019.10.31 10:28:10.574,1.11709,1.11711,1690000,1120000
2019.10.31 10:28:10.707,1.11708,1.11711,1310000,1570000
2019.10.31 10:28:11.807,1.11708,1.1171,750000,1500000
2019.10.31 10:28:13.158,1.11709,1.1171,750000,370000
2019.10.31 10:28:13.500,1.11708,1.1171,750000,3820000
2019.10.31 10:28:15.244,1.1171,1.11711,750000,370000
2019.10.31 10:28:15.346,1.1171,1.11712,750000,1690000
2019.10.31 10:28:15.495,1.1171,1.11713,820000,1690000
2019.10.31 10:28:19.708,1.1171,1.11712,100000,1390000
2019.10.31 10:28:19.810,1.1171,1.11713,2250000,3260000
2019.10.31 10:28:21.660,1.11711,1.11713,1870000,100000
2019.10.31 10:28:21.762,1.1171,1.11713,1870000,4010000
2019.10.31 10:28:22.038,1.11711,1.11713,2810000,190000
2019.10.31 10:28:22.291,1.11711,1.11714,1200000,1500000
2019.10.31 10:28:22.475,1.11711,1.11713,100000,3450000
2019.10.31 10:28:22.579,1.11711,1.11714,370000,1570000
2019.10.31 10:28:23.670,1.11713,1.11715,100000,5250000
2019.10.31 10:28:23.722,1.11714,1.11717,1200000,3750000
2019.10.31 10:28:24.638,1.11714,1.11716,1200000,820000
2019.10.31 10:28:25.609,1.11713,1.11716,3750000,2700000
2019.10.31 10:28:25.711,1.11713,1.11715,450000,2320000
2019.10.31 10:28:25.812,1.11713,1.11716,1950000,1500000
2019.10.31 10:28:26.297,1.11713,1.11714,100000,1120000
2019.10.31 10:28:26.481,1.11711,1.11713,100000,2510000
2019.10.31 10:28:26.633,1.11711,1.11715,1760000,2140000
2019.10.31 10:28:26.734,1.11711,1.11713,100000,2510000
2019.10.31 10:28:26.836,1.11711,1.11715,3260000,2140000
2019.10.31 10:28:26.887,1.11711,1.11713,100000,2510000
2019.10.31 10:28:27.348,1.11711,1.11713,100000,4010000
2019.10.31 10:28:28.128,1.11711,1.11714,820000,3560000
2019.10.31 10:28:28.180,1.1171,1.11713,750000,6640000
2019.10.31 10:28:28.409,1.1171,1.11712,450000,820000
2019.10.31 10:28:28.510,1.1171,1.11713,1870000,3070000
2019.10.31 10:28:31.441,1.1171,1.11712,4310000,1120000
2019.10.31 10:28:31.592,1.11708,1.11711,820000,1120000
2019.10.31 10:28:31.744,1.1171,1.11711,750000,1500000
2019.10.31 10:28:31.845,1.1171,1.11712,1120000,1950000
2019.10.31 10:28:32.196,1.11711,1.11712,1870000,1120000
2019.10.31 10:28:34.151,1.1171,1.11712,750000,5510000
2019.10.31 10:28:34.927,1.1171,1.11713,4870000,1760000
2019.10.31 10:28:35.085,1.11709,1.11713,7010000,1570000
2019.10.31 10:28:35.186,1.11709,1.11712,100000,1500000
2019.10.31 10:28:35.287,1.1171,1.11712,820000,750000
2019.10.31 10:28:35.388,1.11709,1.11712,100000,1500000
2019.10.31 10:28:35.498,1.1171,1.11711,750000,750000
2019.10.31 10:28:35.600,1.11709,1.11711,750000,1500000
2019.10.31 10:28:36.211,1.11708,1.11711,1500000,1570000
2019.10.31 10:28:36.312,1.11709,1.1171,750000,940000
2019.10.31 10:28:36.923,1.11707,1.1171,940000,3260000
2019.10.31 10:28:37.025,1.11707,1.11709,1200000,2140000
2019.10.31 10:28:37.227,1.11708,1.11709,1200000,750000
2019.10.31 10:28:37.328,1.11707,1.11709,820000,1500000
2019.10.31 10:28:38.179,1.11707,1.11708,450000,1500000
2019.10.31 10:28:38.281,1.11706,1.11708,100000,750000
2019.10.31 10:28:39.085,1.11706,1.11709,2510000,750000
2019.10.31 10:28:42.165,1.11706,1.11708,100000,1120000
2019.10.31 10:28:42.415,1.11706,1.11709,4760000,1120000
2019.10.31 10:28:43.157,1.11706,1.11708,100000,750000
2019.10.31 10:28:43.936,1.11706,1.11709,5140000,750000
2019.10.31 10:28:44.208,1.11706,1.11708,750000,750000
2019.10.31 10:28:45.485,1.11706,1.11709,3260000,750000
2019.10.31 10:28:46.436,1.11705,1.11707,7500000,1500000
2019.10.31 10:28:46.537,1.11702,1.11704,190000,2440000
2019.10.31 10:28:56.676,1.11703,1.11704,1500000,750000
2019.10.31 10:28:56.727,1.11705,1.11707,750000,4690000
2019.10.31 10:28:56.841,1.11705,1.11708,750000,7010000
2019.10.31 10:28:56.942,1.11705,1.11709,1310000,7760000
2019.10.31 10:28:57.044,1.11706,1.11709,750000,4310000
2019.10.31 10:28:57.398,1.11706,1.1171,3190000,2060000
2019.10.31 10:28:57.619,1.11707,1.1171,3190000,750000
2019.10.31 10:28:59.055,1.11708,1.11711,2810000,750000
2019.10.31 10:28:59.157,1.11707,1.1171,750000,5510000
2019.10.31 10:29:00.472,1.11708,1.1171,3370000,750000
2019.10.31 10:29:01.679,1.11708,1.11711,4870000,940000
2019.10.31 10:29:01.781,1.11708,1.1171,750000,940000
2019.10.31 10:29:03.398,1.11708,1.11711,4870000,940000
2019.10.31 10:29:04.727,1.11707,1.1171,2810000,190000
2019.10.31 10:29:04.930,1.11706,1.1171,1310000,2620000
2019.10.31 10:29:05.182,1.11707,1.1171,1310000,190000
2019.10.31 10:29:05.406,1.11706,1.11708,750000,2060000
2019.10.31 10:29:05.507,1.11706,1.11709,1120000,940000
2019.10.31 10:29:09.484,1.11707,1.11709,750000,750000
2019.10.31 10:29:13.191,1.11706,1.11709,750000,2060000
2019.10.31 10:29:13.596,1.11706,1.1171,1120000,5140000
2019.10.31 10:29:13.708,1.11707,1.1171,1120000,370000
2019.10.31 10:29:14.949,1.11707,1.11709,1500000,370000
2019.10.31 10:29:15.051,1.11707,1.11708,750000,370000
2019.10.31 10:29:15.153,1.11706,1.11707,750000,940000
2019.10.31 10:29:15.383,1.11704,1.11706,740000,1120000
2019.10.31 10:29:15.435,1.11703,1.11706,3000000,1010000
2019.10.31 10:29:15.536,1.11703,1.11705,370000,1500000
2019.10.31 10:29:15.789,1.11702,1.11705,1120000,2140000
2019.10.31 10:29:16.353,1.11704,1.11705,370000,190000
2019.10.31 10:29:17.464,1.11703,1.11705,370000,1310000
2019.10.31 10:29:18.198,1.11702,1.11705,370000,940000
2019.10.31 10:29:20.413,1.11702,1.11704,370000,190000
2019.10.31 10:29:20.515,1.11702,1.11703,750000,190000
2019.10.31 10:29:28.612,1.11702,1.11704,750000,1310000
2019.10.31 10:29:28.714,1.11705,1.11706,1120000,190000
2019.10.31 10:29:28.866,1.11704,1.11706,750000,560000
2019.10.31 10:29:29.118,1.11704,1.11705,750000,560000
2019.10.31 10:29:29.320,1.11703,1.11706,1870000,940000
2019.10.31 10:29:31.340,1.11703,1.11705,100000,190000
2019.10.31 10:29:31.635,1.11703,1.11706,5700000,190000
2019.10.31 10:29:32.325,1.11703,1.11705,370000,190000
2019.10.31 10:29:32.468,1.11705,1.11707,1570000,940000
2019.10.31 10:29:35.823,1.11706,1.11707,370000,190000
2019.10.31 10:29:36.134,1.11705,1.11707,2620000,370000
2019.10.31 10:29:36.236,1.11703,1.11706,750000,2890000
2019.10.31 10:29:39.505,1.11704,1.11707,4120000,2250000
2019.10.31 10:29:39.607,1.11706,1.11708,2810000,1790000
2019.10.31 10:29:40.093,1.11707,1.11708,2250000,190000
2019.10.31 10:29:40.375,1.11706,1.11708,3000000,940000
2019.10.31 10:29:42.211,1.11707,1.11708,1500000,190000
2019.10.31 10:29:45.581,1.11707,1.11709,1870000,190000
2019.10.31 10:29:46.920,1.11705,1.11707,750000,100000
2019.10.31 10:29:47.071,1.11706,1.11707,1500000,190000
2019.10.31 10:29:51.769,1.11705,1.11707,5250000,190000
2019.10.31 10:29:52.123,1.11706,1.11707,1500000,190000
2019.10.31 10:29:52.360,1.11706,1.11708,1120000,190000
2019.10.31 10:29:52.461,1.11706,1.11707,750000,190000
2019.10.31 10:29:53.349,1.11706,1.11708,1120000,190000
2019.10.31 10:29:53.450,1.11706,1.11707,750000,190000
2019.10.31 10:29:55.597,1.11704,1.11707,370000,2810000
2019.10.31 10:29:55.699,1.11704,1.11706,2060000,190000
2019.10.31 10:29:56.719,1.11703,1.11705,750000,940000
2019.10.31 10:29:57.022,1.11705,1.11706,750000,2060000
2019.10.31 10:29:57.104,1.11705,1.11708,4120000,1310000
2019.10.31 10:29:57.155,1.11706,1.11708,4120000,190000
2019.10.31 10:29:57.257,1.11705,1.11707,1490000,4310000
2019.10.31 10:29:57.409,1.11704,1.11706,370000,560000
2019.10.31 10:29:57.510,1.11704,1.11707,4500000,940000
2019.10.31 10:29:57.662,1.11704,1.11706,750000,190000
2019.10.31 10:29:57.895,1.11704,1.11707,3000000,190000
2019.10.31 10:29:58.467,1.11704,1.11705,370000,190000
2019.10.31 10:29:59.192,1.11703,1.11705,370000,2440000
2019.10.31 10:29:59.459,1.11703,1.11706,370000,1760000
2019.10.31 10:29:59.561,1.11704,1.11706,1120000,750000
2019.10.31 10:29:59.712,1.11703,1.11706,1120000,260000
2019.10.31 10:30:00.315,1.11703,1.11705,750000,190000
2019.10.31 10:30:01.855,1.11702,1.11705,2060000,3750000
2019.10.31 10:30:01.956,1.11703,1.11705,750000,750000
2019.10.31 10:30:02.182,1.11703,1.11706,2810000,750000
2019.10.31 10:30:02.334,1.11704,1.11706,370000,1870000
2019.10.31 10:30:02.436,1.11705,1.11707,2510000,750000
2019.10.31 10:30:05.512,1.11704,1.11706,2250000,940000
2019.10.31 10:30:05.665,1.11704,1.11705,750000,190000
2019.10.31 10:30:06.505,1.11703,1.11705,940000,750000
2019.10.31 10:30:06.764,1.11701,1.11704,750000,2810000
2019.10.31 10:30:07.068,1.11702,1.11704,750000,940000
2019.10.31 10:30:07.333,1.11701,1.11704,750000,2810000
2019.10.31 10:30:09.890,1.11701,1.11703,750000,1500000
2019.10.31 10:30:10.457,1.11701,1.11704,4120000,750000
2019.10.31 10:30:15.405,1.11702,1.11704,940000,370000
2019.10.31 10:30:16.200,1.11701,1.11704,940000,1500000
2019.10.31 10:30:19.114,1.11701,1.11703,750000,3750000
2019.10.31 10:30:20.819,1.11701,1.11704,3560000,1500000
2019.10.31 10:30:20.921,1.117,1.11704,4010000,2140000
2019.10.31 10:30:21.516,1.117,1.11703,1500000,2510000
2019.10.31 10:30:22.167,1.11701,1.11704,6640000,750000
2019.10.31 10:30:22.483,1.11701,1.11703,750000,4120000
2019.10.31 10:30:22.659,1.11701,1.11704,1500000,1120000
2019.10.31 10:30:25.242,1.11702,1.11704,750000,750000
2019.10.31 10:30:25.394,1.11702,1.11705,2320000,3000000
2019.10.31 10:30:25.445,1.11703,1.11705,1570000,750000
2019.10.31 10:30:25.546,1.11704,1.11706,940000,750000
2019.10.31 10:30:26.099,1.11703,1.11705,2620000,750000
2019.10.31 10:30:26.200,1.11702,1.11705,2620000,190000
2019.10.31 10:30:26.343,1.11701,1.11704,750000,2060000
2019.10.31 10:30:27.696,1.11702,1.11704,190000,750000
2019.10.31 10:30:27.899,1.11702,1.11705,3190000,1120000
2019.10.31 10:30:29.068,1.11702,1.11704,750000,1870000
2019.10.31 10:30:29.169,1.11702,1.11705,2810000,1500000
2019.10.31 10:30:29.367,1.11702,1.11704,750000,750000
2019.10.31 10:30:29.518,1.11702,1.11705,2810000,1120000
2019.10.31 10:30:30.066,1.11702,1.11704,750000,1870000
2019.10.31 10:30:31.173,1.11703,1.11705,2060000,190000
2019.10.31 10:30:31.326,1.11704,1.11706,2250000,750000
2019.10.31 10:30:31.427,1.11703,1.11706,2250000,1160000
2019.10.31 10:30:39.545,1.11703,1.11705,370000,1690000
2019.10.31 10:30:39.911,1.11704,1.11706,1500000,750000
2019.10.31 10:30:40.013,1.11705,1.11706,750000,1090000
2019.10.31 10:30:40.143,1.11706,1.11707,2440000,150000
2019.10.31 10:30:40.820,1.11706,1.11708,750000,150000
2019.10.31 10:30:44.283,1.11707,1.11708,750000,150000
2019.10.31 10:30:44.486,1.11706,1.11708,750000,1840000
2019.10.31 10:30:45.212,1.11706,1.11709,2620000,1840000
2019.10.31 10:30:46.454,1.11706,1.11708,750000,1090000
2019.10.31 10:30:49.102,1.11707,1.11708,190000,370000
2019.10.31 10:30:49.203,1.11707,1.11709,940000,100000
2019.10.31 10:30:50.950,1.11709,1.1171,100000,2550000
2019.10.31 10:30:51.098,1.11708,1.1171,190000,1690000
2019.10.31 10:30:54.167,1.11707,1.11709,940000,1390000
2019.10.31 10:30:57.965,1.11706,1.11709,1570000,3340000
2019.10.31 10:31:01.644,1.11707,1.11709,750000,750000
2019.10.31 10:31:01.746,1.11709,1.11711,1010000,1500000
2019.10.31 10:31:01.847,1.11711,1.11712,450000,150000
2019.10.31 10:31:01.948,1.11711,1.11712,100000,150000
2019.10.31 10:31:02.049,1.11711,1.11713,820000,150000
2019.10.31 10:31:02.626,1.11712,1.11713,750000,190000
2019.10.31 10:31:09.153,1.11711,1.11713,750000,940000
2019.10.31 10:31:17.468,1.11711,1.11712,750000,190000
2019.10.31 10:31:26.036,1.11711,1.11713,750000,2810000
2019.10.31 10:31:26.188,1.1171,1.11713,750000,11140000
2019.10.31 10:31:26.391,1.11711,1.11713,1500000,750000
2019.10.31 10:31:26.492,1.1171,1.11713,750000,5140000
2019.10.31 10:31:29.346,1.1171,1.11712,750000,2060000
2019.10.31 10:31:29.447,1.1171,1.11713,1950000,1310000
2019.10.31 10:31:29.846,1.1171,1.11712,750000,2060000
2019.10.31 10:31:31.150,1.1171,1.11713,2700000,1310000
2019.10.31 10:31:31.598,1.1171,1.11711,2440000,370000
2019.10.31 10:31:31.738,1.11709,1.11711,1690000,1090000
2019.10.31 10:31:31.840,1.1171,1.11712,1570000,900000
2019.10.31 10:31:32.594,1.11711,1.11712,100000,150000
2019.10.31 10:31:38.602,1.11709,1.11712,2810000,820000
2019.10.31 10:31:39.139,1.11709,1.11711,1200000,750000
2019.10.31 10:31:39.241,1.11708,1.11711,820000,900000
2019.10.31 10:31:39.561,1.11708,1.1171,450000,100000
2019.10.31 10:31:39.663,1.11707,1.11711,1200000,1910000
2019.10.31 10:31:39.764,1.11708,1.1171,450000,100000
2019.10.31 10:31:43.853,1.11709,1.11711,2250000,1500000
2019.10.31 10:31:43.955,1.1171,1.11711,1500000,1500000
2019.10.31 10:31:44.006,1.11711,1.11713,4950000,150000
2019.10.31 10:31:44.539,1.11711,1.11714,2060000,410000
2019.10.31 10:31:44.946,1.11712,1.11714,2510000,100000
2019.10.31 10:31:45.847,1.11711,1.11714,2140000,340000
2019.10.31 10:31:47.641,1.11711,1.11713,370000,790000
2019.10.31 10:31:50.096,1.11712,1.11713,370000,100000
2019.10.31 10:31:50.298,1.11713,1.11714,750000,450000
2019.10.31 10:31:50.400,1.11714,1.11716,3750000,150000
2019.10.31 10:31:50.576,1.11716,1.11717,2890000,150000
2019.10.31 10:31:51.585,1.11717,1.11718,820000,150000
2019.10.31 10:31:51.687,1.11716,1.11718,100000,1350000
2019.10.31 10:31:52.325,1.11717,1.11718,370000,150000
2019.10.31 10:31:52.426,1.11716,1.11718,370000,600000
2019.10.31 10:31:52.885,1.11716,1.11719,2810000,220000
2019.10.31 10:31:53.148,1.11717,1.11719,2810000,150000
2019.10.31 10:31:53.323,1.11716,1.11718,100000,600000
2019.10.31 10:31:54.802,1.11716,1.11719,4010000,900000
2019.10.31 10:31:54.923,1.11716,1.11717,450000,150000
2019.10.31 10:31:55.024,1.11716,1.11718,2810000,190000
2019.10.31 10:31:55.431,1.11716,1.11717,100000,190000
2019.10.31 10:31:55.533,1.11716,1.11718,1390000,190000
2019.10.31 10:32:00.381,1.11717,1.11719,370000,370000
2019.10.31 10:32:00.482,1.11717,1.1172,1760000,520000
2019.10.31 10:32:00.583,1.11718,1.1172,2510000,150000
2019.10.31 10:32:00.685,1.11717,1.11719,820000,600000
2019.10.31 10:32:01.631,1.11716,1.11719,750000,410000
2019.10.31 10:32:06.568,1.11717,1.11719,4950000,150000
2019.10.31 10:32:06.774,1.11716,1.11719,4950000,710000
2019.10.31 10:32:08.905,1.11717,1.11719,750000,150000
2019.10.31 10:32:09.426,1.11717,1.1172,2890000,150000
2019.10.31 10:32:09.816,1.11716,1.1172,4760000,3410000
2019.10.31 10:32:10.448,1.11717,1.1172,2510000,750000
2019.10.31 10:32:12.335,1.11716,1.11719,820000,1840000
2019.10.31 10:32:12.436,1.11716,1.11718,100000,1650000
2019.10.31 10:32:12.538,1.11716,1.11719,3640000,1650000
2019.10.31 10:32:12.690,1.11716,1.11718,750000,900000
2019.10.31 10:32:13.548,1.11716,1.11719,2510000,900000
2019.10.31 10:32:13.674,1.11717,1.11718,450000,150000
2019.10.31 10:32:14.563,1.11716,1.11718,450000,970000
2019.10.31 10:32:16.768,1.11716,1.11719,1390000,520000
2019.10.31 10:32:16.902,1.11717,1.11719,1390000,150000
2019.10.31 10:32:17.234,1.11716,1.11719,1760000,520000
2019.10.31 10:32:17.488,1.11716,1.11718,750000,1270000
2019.10.31 10:32:17.860,1.11716,1.11719,1690000,600000
2019.10.31 10:32:17.967,1.11717,1.11719,1690000,370000
2019.10.31 10:32:18.178,1.11717,1.11718,100000,370000
2019.10.31 10:32:18.521,1.11719,1.1172,1500000,1500000
2019.10.31 10:32:18.688,1.11718,1.11719,750000,150000
2019.10.31 10:32:18.739,1.11717,1.11719,750000,1270000
2019.10.31 10:32:19.209,1.11717,1.1172,1010000,710000
2019.10.31 10:32:19.476,1.11718,1.1172,1010000,150000
2019.10.31 10:32:19.577,1.11717,1.1172,1760000,710000
2019.10.31 10:32:20.891,1.11717,1.11719,750000,150000
2019.10.31 10:32:21.043,1.11717,1.11718,100000,150000
2019.10.31 10:32:21.144,1.11717,1.11719,3450000,150000
2019.10.31 10:32:21.245,1.11716,1.11719,3820000,150000
2019.10.31 10:32:21.347,1.11716,1.11718,450000,220000
2019.10.31 10:32:21.487,1.11716,1.11719,2320000,150000
2019.10.31 10:32:21.589,1.11716,1.11718,750000,150000
2019.10.31 10:32:21.887,1.11717,1.11718,750000,150000
2019.10.31 10:32:21.989,1.11717,1.1172,2510000,4840000
2019.10.31 10:32:22.106,1.11719,1.1172,940000,150000
2019.10.31 10:32:22.157,1.11717,1.11719,820000,450000
2019.10.31 10:32:22.309,1.11716,1.11719,1500000,3040000
2019.10.31 10:32:22.768,1.11717,1.11719,1760000,150000
2019.10.31 10:32:22.869,1.11716,1.11718,750000,900000
2019.10.31 10:32:24.288,1.11717,1.11718,750000,150000
2019.10.31 10:32:24.464,1.11716,1.11718,750000,150000
2019.10.31 10:32:25.836,1.11716,1.11717,100000,150000
2019.10.31 10:32:25.937,1.11713,1.11714,750000,1350000
2019.10.31 10:32:26.039,1.11712,1.11714,3820000,520000
2019.10.31 10:32:26.140,1.11712,1.11713,750000,520000
2019.10.31 10:32:26.242,1.11711,1.11713,2250000,750000
2019.10.31 10:32:27.010,1.11711,1.11712,100000,750000
2019.10.31 10:32:27.111,1.11711,1.11713,3820000,1120000
2019.10.31 10:32:27.213,1.1171,1.11713,3450000,2440000
2019.10.31 10:32:27.845,1.11711,1.11713,4570000,370000
2019.10.31 10:32:27.975,1.1171,1.11711,2250000,750000
2019.10.31 10:32:28.027,1.11708,1.1171,190000,1500000
2019.10.31 10:32:29.015,1.11707,1.11709,1690000,100000
2019.10.31 10:32:29.320,1.11706,1.11709,2250000,1200000
2019.10.31 10:32:29.816,1.11708,1.1171,3260000,190000
2019.10.31 10:32:30.043,1.11709,1.11711,750000,750000
2019.10.31 10:32:30.769,1.11708,1.11711,750000,5140000
2019.10.31 10:32:30.930,1.11709,1.11711,1390000,100000
2019.10.31 10:32:31.031,1.11708,1.11711,1010000,1870000
2019.10.31 10:32:31.133,1.11711,1.11713,4570000,750000
2019.10.31 10:32:31.510,1.11712,1.11713,1120000,150000
2019.10.31 10:32:31.832,1.11711,1.11713,2620000,150000
2019.10.31 10:32:34.288,1.11711,1.11714,5140000,150000
2019.10.31 10:32:36.186,1.11712,1.11714,5890000,150000
2019.10.31 10:32:36.849,1.11711,1.11713,100000,600000
2019.10.31 10:32:37.152,1.11711,1.11714,4010000,150000
2019.10.31 10:32:38.039,1.11711,1.11713,820000,150000
2019.10.31 10:32:38.140,1.11711,1.11714,2510000,150000
2019.10.31 10:32:38.241,1.11712,1.11713,100000,150000
2019.10.31 10:32:38.342,1.11711,1.11714,2510000,150000
2019.10.31 10:32:38.887,1.11711,1.11712,370000,150000
2019.10.31 10:32:39.224,1.11709,1.11711,740000,600000
2019.10.31 10:32:39.326,1.11707,1.11709,3450000,1160000
2019.10.31 10:32:40.305,1.11707,1.11708,1010000,190000
2019.10.31 10:32:41.867,1.11707,1.11709,5060000,190000
2019.10.31 10:32:43.868,1.11707,1.11708,1390000,340000
2019.10.31 10:32:44.247,1.11707,1.11709,4200000,340000
2019.10.31 10:32:44.371,1.11707,1.11708,750000,190000
2019.10.31 10:32:44.710,1.11707,1.11709,6070000,340000
2019.10.31 10:32:45.021,1.11707,1.11708,1760000,340000
2019.10.31 10:32:48.375,1.11706,1.11708,940000,150000
2019.10.31 10:32:48.426,1.11703,1.11705,640000,900000
2019.10.31 10:32:48.528,1.11701,1.11703,450000,260000
2019.10.31 10:32:48.630,1.11701,1.11704,1200000,190000
2019.10.31 10:32:50.520,1.11701,1.11703,750000,560000
2019.10.31 10:32:51.749,1.11701,1.11702,750000,190000
2019.10.31 10:32:56.563,1.117,1.11702,750000,4310000
2019.10.31 10:32:56.766,1.11701,1.11702,750000,190000
2019.10.31 10:32:56.867,1.117,1.11702,750000,2320000
2019.10.31 10:32:57.626,1.11701,1.11702,750000,190000
2019.10.31 10:32:57.728,1.117,1.11702,750000,2250000
2019.10.31 10:32:58.824,1.11701,1.11702,750000,190000
2019.10.31 10:32:59.359,1.117,1.11702,750000,1690000
2019.10.31 10:33:00.337,1.11701,1.11702,750000,190000
2019.10.31 10:33:00.456,1.117,1.11702,750000,1200000
2019.10.31 10:33:01.798,1.11701,1.11702,750000,370000
2019.10.31 10:33:02.074,1.117,1.11702,750000,2320000
2019.10.31 10:33:03.516,1.117,1.11704,1760000,4200000
2019.10.31 10:33:03.886,1.11701,1.11704,2510000,750000
2019.10.31 10:33:03.989,1.117,1.11704,1760000,2890000
2019.10.31 10:33:05.512,1.117,1.11701,750000,190000
2019.10.31 10:33:05.613,1.11699,1.11701,1870000,1500000
2019.10.31 10:33:05.714,1.11698,1.117,190000,1870000
2019.10.31 10:33:05.866,1.11697,1.117,190000,2700000
2019.10.31 10:33:05.969,1.11698,1.117,190000,750000
2019.10.31 10:33:08.900,1.11697,1.117,1390000,1120000
2019.10.31 10:33:09.001,1.11698,1.117,1760000,100000
2019.10.31 10:33:09.111,1.11697,1.117,1390000,1120000
2019.10.31 10:33:09.241,1.11697,1.11699,750000,1200000
2019.10.31 10:33:09.343,1.11698,1.11699,750000,750000
2019.10.31 10:33:13.568,1.11696,1.11698,940000,470000
2019.10.31 10:33:13.619,1.11695,1.11697,750000,5510000
2019.10.31 10:33:13.670,1.11696,1.11698,940000,370000
2019.10.31 10:33:13.772,1.11696,1.11697,750000,450000
2019.10.31 10:33:13.924,1.11695,1.11697,750000,10460000
2019.10.31 10:33:14.324,1.11695,1.11698,940000,4390000
2019.10.31 10:33:14.425,1.11695,1.11697,750000,4200000
2019.10.31 10:33:15.376,1.11696,1.11697,750000,1570000
2019.10.31 10:33:15.477,1.11695,1.11698,940000,7350000
2019.10.31 10:33:17.799,1.11695,1.11697,100000,1950000
2019.10.31 10:33:18.144,1.11695,1.11698,940000,1570000
2019.10.31 10:33:19.113,1.11694,1.11697,6190000,4950000
2019.10.31 10:33:19.214,1.11694,1.11696,750000,600000
2019.10.31 10:33:19.316,1.11695,1.11697,820000,150000
2019.10.31 10:33:19.417,1.11696,1.11698,4410000,150000
2019.10.31 10:33:19.519,1.11694,1.11697,6940000,100000
2019.10.31 10:33:19.621,1.11694,1.11696,1120000,150000
2019.10.31 10:33:19.722,1.11695,1.11696,1120000,150000
2019.10.31 10:33:20.103,1.11694,1.11695,1310000,150000
2019.10.31 10:33:20.154,1.11693,1.11695,2060000,900000
2019.10.31 10:33:20.676,1.11693,1.11694,190000,150000
2019.10.31 10:33:20.779,1.11692,1.11694,190000,900000
2019.10.31 10:33:22.550,1.11693,1.11694,260000,150000
2019.10.31 10:33:22.843,1.11693,1.11695,2440000,150000
2019.10.31 10:33:25.161,1.11693,1.11694,190000,150000
2019.10.31 10:33:25.263,1.11694,1.11695,190000,1870000
2019.10.31 10:33:25.365,1.11696,1.11697,750000,1500000
2019.10.31 10:33:25.488,1.11697,1.117,9600000,150000
2019.10.31 10:33:25.589,1.11698,1.11699,940000,150000
2019.10.31 10:33:25.792,1.11698,1.117,3820000,150000
2019.10.31 10:33:25.894,1.11698,1.11699,450000,150000
2019.10.31 10:33:26.337,1.11698,1.117,2620000,900000
2019.10.31 10:33:26.501,1.11699,1.117,260000,520000
2019.10.31 10:33:26.552,1.11701,1.11702,750000,750000
2019.10.31 10:33:26.804,1.11701,1.11703,3640000,150000
2019.10.31 10:33:28.315,1.11701,1.11702,1950000,150000
2019.10.31 10:33:29.129,1.117,1.11702,2250000,150000
2019.10.31 10:33:29.251,1.117,1.11701,190000,220000
2019.10.31 10:33:33.991,1.117,1.11702,3260000,150000
2019.10.31 10:33:34.092,1.117,1.11703,2140000,1840000
2019.10.31 10:33:34.194,1.11701,1.11702,5810000,150000
2019.10.31 10:33:34.296,1.117,1.11701,190000,820000
2019.10.31 10:33:34.411,1.117,1.11701,190000,150000
2019.10.31 10:33:34.564,1.117,1.11702,2140000,100000
2019.10.31 10:33:34.817,1.11699,1.11701,100000,1570000
2019.10.31 10:33:34.968,1.117,1.11702,450000,820000
2019.10.31 10:33:35.070,1.11701,1.11703,750000,1500000
2019.10.31 10:33:35.171,1.11701,1.11704,3190000,1570000
2019.10.31 10:33:35.316,1.11701,1.11703,820000,1200000
2019.10.31 10:33:35.975,1.11701,1.11702,750000,1200000
2019.10.31 10:33:36.077,1.117,1.11701,1500000,750000
2019.10.31 10:33:36.179,1.11699,1.11701,3000000,750000
2019.10.31 10:33:36.281,1.11699,1.117,100000,370000
2019.10.31 10:33:36.416,1.11698,1.117,4760000,450000
2019.10.31 10:33:36.619,1.11696,1.117,2510000,3640000
2019.10.31 10:33:37.646,1.11697,1.11699,450000,100000
2019.10.31 10:33:37.747,1.11696,1.11699,190000,3450000
2019.10.31 10:33:37.848,1.11696,1.11698,1500000,2320000
2019.10.31 10:33:38.001,1.11697,1.11698,2250000,750000
2019.10.31 10:33:38.102,1.11696,1.11698,2250000,750000
2019.10.31 10:33:38.203,1.11696,1.11698,2320000,750000
2019.10.31 10:33:38.304,1.11696,1.11698,3640000,1200000
2019.10.31 10:33:38.406,1.11696,1.11697,100000,930000
2019.10.31 10:33:38.508,1.11696,1.11698,5890000,450000
2019.10.31 10:33:38.900,1.11696,1.11697,190000,1120000
2019.10.31 10:33:41.742,1.11696,1.11698,940000,3070000
2019.10.31 10:33:41.995,1.11696,1.11697,750000,1500000
2019.10.31 10:33:42.147,1.11696,1.11698,820000,1120000
2019.10.31 10:33:42.260,1.11697,1.11698,260000,1120000
2019.10.31 10:33:43.125,1.11696,1.11698,190000,1500000
2019.10.31 10:33:44.926,1.11697,1.11698,190000,100000
2019.10.31 10:33:47.736,1.11697,1.11699,2440000,190000
2019.10.31 10:33:47.895,1.11696,1.11699,1500000,4950000
2019.10.31 10:33:48.377,1.11697,1.11699,1570000,450000
2019.10.31 10:33:51.638,1.11696,1.11699,2250000,4310000
2019.10.31 10:33:57.080,1.11696,1.11698,4010000,1500000
2019.10.31 10:33:57.218,1.11694,1.11696,750000,1500000
2019.10.31 10:33:57.320,1.11696,1.11698,1200000,900000
2019.10.31 10:33:57.422,1.11697,1.11698,100000,150000
2019.10.31 10:33:57.523,1.11697,1.11699,2700000,150000
2019.10.31 10:33:57.906,1.11697,1.11698,940000,340000
2019.10.31 10:33:58.087,1.11697,1.11699,1950000,150000
2019.10.31 10:33:58.138,1.11696,1.11699,1760000,750000
2019.10.31 10:34:01.215,1.11696,1.11698,450000,370000
2019.10.31 10:34:01.317,1.11696,1.11699,100000,1120000
2019.10.31 10:34:01.468,1.11696,1.117,6820000,1870000
2019.10.31 10:34:01.570,1.11696,1.11699,100000,1870000
2019.10.31 10:34:02.196,1.11697,1.11699,1010000,190000
2019.10.31 10:34:02.654,1.11696,1.11699,100000,370000
2019.10.31 10:34:03.527,1.11697,1.117,5320000,1500000
2019.10.31 10:34:04.104,1.11696,1.117,6820000,370000
2019.10.31 10:34:04.205,1.11697,1.117,6080000,190000
2019.10.31 10:34:04.357,1.11698,1.117,7570000,150000
2019.10.31 10:34:04.458,1.11698,1.117,5770000,150000
2019.10.31 10:34:04.577,1.11698,1.117,6220000,150000
2019.10.31 10:34:05.501,1.11697,1.11699,560000,340000
2019.10.31 10:34:05.915,1.11698,1.11699,640000,150000
2019.10.31 10:34:06.017,1.11697,1.11699,1390000,190000
2019.10.31 10:34:06.890,1.11697,1.11699,660000,190000
2019.10.31 10:34:06.992,1.11698,1.11699,640000,150000
2019.10.31 10:34:07.494,1.11697,1.11698,100000,340000
2019.10.31 10:34:08.427,1.11698,1.11699,190000,150000
2019.10.31 10:34:08.683,1.11698,1.117,6220000,150000
2019.10.31 10:34:08.886,1.11698,1.11699,260000,150000
2019.10.31 10:34:11.212,1.11695,1.11696,100000,150000
2019.10.31 10:34:11.339,1.11695,1.11696,750000,150000
2019.10.31 10:34:11.593,1.11694,1.11696,1570000,150000
2019.10.31 10:34:12.288,1.11694,1.11696,2510000,150000
2019.10.31 10:34:14.829,1.11694,1.11696,2140000,150000
2019.10.31 10:34:15.299,1.11694,1.11695,190000,150000
2019.10.31 10:34:15.400,1.11693,1.11696,2140000,520000
2019.10.31 10:34:15.502,1.11694,1.11696,2810000,520000
2019.10.31 10:34:16.440,1.11694,1.11695,750000,150000
2019.10.31 10:34:17.058,1.11693,1.11695,2440000,150000
2019.10.31 10:34:19.414,1.11693,1.11696,1760000,520000
2019.10.31 10:34:20.752,1.11694,1.11696,2140000,640000
2019.10.31 10:34:20.906,1.11695,1.11696,940000,150000
2019.10.31 10:34:21.752,1.11694,1.11696,1690000,1090000
2019.10.31 10:34:21.853,1.11695,1.11696,750000,710000
2019.10.31 10:34:22.258,1.11693,1.11696,2250000,790000
2019.10.31 10:34:22.411,1.11693,1.11695,190000,520000
2019.10.31 10:34:22.614,1.11693,1.11694,750000,520000
2019.10.31 10:34:22.845,1.1169,1.11694,1760000,3070000
2019.10.31 10:34:22.947,1.11691,1.11694,2140000,1500000
2019.10.31 10:34:23.250,1.1169,1.11694,2140000,2700000
2019.10.31 10:34:23.352,1.11691,1.11694,2700000,190000
2019.10.31 10:34:23.648,1.11691,1.11693,100000,640000
2019.10.31 10:34:25.021,1.11691,1.11694,3820000,940000
2019.10.31 10:34:25.123,1.11691,1.11693,750000,940000
2019.10.31 10:34:26.081,1.11691,1.11692,100000,750000
2019.10.31 10:34:26.436,1.11689,1.11691,3940000,1950000
2019.10.31 10:34:26.537,1.11688,1.1169,750000,1010000
2019.10.31 10:34:26.662,1.11689,1.1169,750000,640000
2019.10.31 10:34:27.081,1.11688,1.1169,3190000,820000
2019.10.31 10:34:27.183,1.11687,1.11689,750000,100000
2019.10.31 10:34:27.286,1.11687,1.1169,3190000,100000
2019.10.31 10:34:27.387,1.11687,1.11689,750000,820000
2019.10.31 10:34:27.543,1.11686,1.1169,3450000,1200000
2019.10.31 10:34:27.695,1.11687,1.11689,100000,450000
2019.10.31 10:34:27.796,1.11687,1.1169,3190000,100000
2019.10.31 10:34:27.987,1.11686,1.1169,3450000,2700000
2019.10.31 10:34:28.089,1.11687,1.1169,3190000,100000
2019.10.31 10:34:28.973,1.11687,1.11689,940000,560000
2019.10.31 10:34:29.075,1.11687,1.1169,3450000,370000
2019.10.31 10:34:29.176,1.11688,1.1169,2620000,370000
2019.10.31 10:34:30.565,1.11687,1.11689,190000,1010000
2019.10.31 10:34:30.767,1.11687,1.11688,750000,190000
2019.10.31 10:34:30.899,1.11686,1.11688,940000,2440000
2019.10.31 10:34:38.227,1.11685,1.11688,1010000,1690000
2019.10.31 10:34:38.429,1.11686,1.11688,1010000,190000
2019.10.31 10:34:39.715,1.11685,1.11688,820000,1500000
2019.10.31 10:34:40.655,1.11685,1.11687,450000,820000
2019.10.31 10:34:40.786,1.11685,1.11686,1870000,600000
2019.10.31 10:34:40.838,1.11683,1.11684,450000,150000
2019.10.31 10:34:40.940,1.11683,1.11684,820000,150000
2019.10.31 10:34:41.537,1.11683,1.11685,6450000,150000
2019.10.31 10:34:41.647,1.11681,1.11684,2510000,1310000
2019.10.31 10:34:42.314,1.11681,1.11685,4200000,1200000
2019.10.31 10:34:42.944,1.11681,1.11683,750000,640000
2019.10.31 10:34:43.635,1.11682,1.11683,1690000,190000
2019.10.31 10:34:44.673,1.11681,1.11683,750000,190000
2019.10.31 10:34:46.995,1.1168,1.11683,750000,4460000
2019.10.31 10:34:47.319,1.11681,1.11683,1690000,2140000
2019.10.31 10:34:47.533,1.1168,1.11683,750000,4840000
2019.10.31 10:34:47.635,1.11681,1.11683,820000,450000
2019.10.31 10:34:47.888,1.11682,1.11683,750000,370000
2019.10.31 10:34:48.020,1.11682,1.11684,2890000,450000
2019.10.31 10:34:48.799,1.11683,1.11684,750000,1500000
2019.10.31 10:34:48.900,1.11684,1.11685,940000,370000
2019.10.31 10:34:49.011,1.11683,1.11684,750000,2250000
2019.10.31 10:34:49.958,1.11685,1.11686,100000,750000
2019.10.31 10:34:50.060,1.11685,1.11687,190000,1120000
2019.10.31 10:34:50.227,1.11685,1.11688,4200000,1120000
2019.10.31 10:34:51.996,1.11686,1.11688,2620000,1500000
2019.10.31 10:34:52.681,1.11686,1.11689,370000,100000
2019.10.31 10:34:52.782,1.11686,1.1169,7010000,100000
2019.10.31 10:34:53.311,1.11686,1.11689,750000,3070000
2019.10.31 10:34:53.413,1.11686,1.1169,4010000,1570000
2019.10.31 10:34:57.816,1.11689,1.1169,820000,750000
2019.10.31 10:34:57.917,1.11691,1.11692,940000,750000
2019.10.31 10:34:58.038,1.11692,1.11693,260000,150000
2019.10.31 10:34:58.140,1.11692,1.11694,1390000,900000
2019.10.31 10:34:58.342,1.11693,1.11694,940000,150000
2019.10.31 10:34:58.494,1.11695,1.11696,820000,750000
2019.10.31 10:34:58.545,1.11696,1.11698,940000,1650000
2019.10.31 10:34:58.656,1.11696,1.11699,1950000,2400000
2019.10.31 10:34:58.707,1.11698,1.11699,820000,150000
2019.10.31 10:34:59.139,1.11697,1.11698,3000000,150000
2019.10.31 10:34:59.241,1.11697,1.11698,1010000,150000
2019.10.31 10:34:59.576,1.11695,1.11698,2440000,1570000
2019.10.31 10:34:59.678,1.11695,1.11697,2890000,150000
2019.10.31 10:34:59.729,1.11694,1.11696,940000,150000
2019.10.31 10:35:00.229,1.11695,1.11697,750000,450000
2019.10.31 10:35:00.280,1.11697,1.11698,3000000,150000
2019.10.31 10:35:00.381,1.11697,1.11699,4390000,150000
2019.10.31 10:35:00.634,1.11697,1.11699,1010000,150000
2019.10.31 10:35:01.479,1.11698,1.11699,1200000,150000
2019.10.31 10:35:01.580,1.11698,1.117,6220000,150000
2019.10.31 10:35:01.884,1.11698,1.11699,100000,150000
2019.10.31 10:35:03.007,1.11698,1.117,2060000,150000
2019.10.31 10:35:03.133,1.11699,1.11701,5890000,150000
2019.10.31 10:35:03.250,1.11699,1.117,1570000,150000
2019.10.31 10:35:04.812,1.11698,1.117,3370000,150000
2019.10.31 10:35:05.214,1.11699,1.11701,1310000,750000
2019.10.31 10:35:05.316,1.11698,1.117,190000,1270000
2019.10.31 10:35:05.418,1.11699,1.117,2440000,150000
2019.10.31 10:35:05.519,1.11698,1.117,4390000,150000
2019.10.31 10:35:07.348,1.11698,1.11699,450000,150000
2019.10.31 10:35:07.672,1.11698,1.117,3640000,150000
2019.10.31 10:35:07.823,1.11698,1.11699,820000,150000
2019.10.31 10:35:09.988,1.11697,1.11699,450000,370000
2019.10.31 10:35:10.089,1.11696,1.11699,1200000,190000
2019.10.31 10:35:10.561,1.11695,1.11699,4390000,6000000
2019.10.31 10:35:11.125,1.11696,1.11699,5140000,1120000
2019.10.31 10:35:11.328,1.11695,1.11696,3000000,1120000
2019.10.31 10:35:11.378,1.11693,1.11695,1690000,100000
2019.10.31 10:35:11.480,1.11692,1.11694,750000,1500000
2019.10.31 10:35:11.632,1.11692,1.11695,2510000,750000
2019.10.31 10:35:11.733,1.11692,1.11694,750000,1500000
2019.10.31 10:35:11.866,1.11692,1.11695,2510000,750000
2019.10.31 10:35:12.119,1.11693,1.11695,1760000,370000
2019.10.31 10:35:12.220,1.11692,1.11695,1690000,2320000
2019.10.31 10:35:12.918,1.11691,1.11695,1760000,2700000
2019.10.31 10:35:13.082,1.11691,1.11694,100000,1120000
2019.10.31 10:35:13.184,1.11691,1.11695,6070000,1200000
2019.10.31 10:35:13.881,1.11692,1.11694,940000,190000
2019.10.31 10:35:13.984,1.11691,1.11695,6820000,1200000
2019.10.31 10:35:15.651,1.11692,1.11695,7570000,940000
2019.10.31 10:35:15.854,1.11692,1.11694,100000,1200000
2019.10.31 10:35:15.955,1.11692,1.11695,5060000,820000
2019.10.31 10:35:16.667,1.11692,1.11694,370000,1200000
2019.10.31 10:35:17.851,1.11692,1.11693,750000,100000
2019.10.31 10:35:19.643,1.11691,1.11693,750000,1120000
2019.10.31 10:35:19.744,1.11692,1.11693,750000,190000
2019.10.31 10:35:19.896,1.11691,1.11693,750000,1120000
2019.10.31 10:35:20.587,1.11692,1.11693,750000,190000
2019.10.31 10:35:20.688,1.11691,1.11693,750000,1200000
2019.10.31 10:35:21.329,1.11691,1.11695,4390000,2890000
2019.10.31 10:35:22.219,1.11692,1.11694,370000,370000
2019.10.31 10:35:26.119,1.11692,1.11695,3560000,1570000
2019.10.31 10:35:26.239,1.11693,1.11695,4010000,100000
2019.10.31 10:35:26.341,1.11691,1.11695,1390000,5140000
2019.10.31 10:35:27.737,1.11691,1.11694,100000,2810000
2019.10.31 10:35:27.838,1.11691,1.11695,2510000,2890000
2019.10.31 10:35:27.940,1.11691,1.11694,820000,2810000
2019.10.31 10:35:28.041,1.1169,1.11694,5140000,4760000
2019.10.31 10:35:28.153,1.11691,1.11694,2060000,100000
2019.10.31 10:35:28.306,1.11692,1.11694,3450000,750000
2019.10.31 10:35:28.459,1.11691,1.11692,940000,1200000
2019.10.31 10:35:28.561,1.1169,1.11694,2890000,4760000
2019.10.31 10:35:28.662,1.11691,1.11694,7760000,750000
2019.10.31 10:35:28.764,1.1169,1.11694,4010000,2890000
2019.10.31 10:35:28.865,1.11691,1.11694,5140000,750000
2019.10.31 10:35:28.997,1.1169,1.11694,1760000,2890000
2019.10.31 10:35:29.578,1.11691,1.11694,4010000,1120000
2019.10.31 10:35:29.896,1.1169,1.11694,3260000,8890000
2019.10.31 10:35:32.266,1.11691,1.11694,2890000,370000
2019.10.31 10:35:33.766,1.1169,1.11693,450000,3190000
2019.10.31 10:35:33.868,1.11691,1.11693,2510000,1390000
2019.10.31 10:35:34.171,1.11691,1.11692,100000,560000
2019.10.31 10:35:34.273,1.1169,1.11693,2140000,1120000
2019.10.31 10:35:34.374,1.1169,1.11694,5140000,1760000
2019.10.31 10:35:34.476,1.11691,1.11694,5060000,100000
2019.10.31 10:35:34.604,1.1169,1.11694,5140000,1760000
2019.10.31 10:35:34.751,1.11691,1.11694,3560000,100000
2019.10.31 10:35:34.853,1.1169,1.11694,3640000,2140000
2019.10.31 10:35:35.915,1.11691,1.11693,450000,100000
2019.10.31 10:35:38.868,1.1169,1.11694,4760000,2890000
2019.10.31 10:35:38.985,1.11691,1.11693,450000,100000
2019.10.31 10:35:39.303,1.1169,1.11694,2890000,2140000
2019.10.31 10:35:39.565,1.1169,1.11693,940000,2320000
2019.10.31 10:35:39.717,1.11692,1.11693,190000,100000
2019.10.31 10:35:39.819,1.1169,1.11694,2890000,4010000
2019.10.31 10:35:40.176,1.1169,1.11693,1500000,1010000
2019.10.31 10:35:41.157,1.11691,1.11693,1200000,370000
2019.10.31 10:35:42.279,1.1169,1.11693,370000,2140000
2019.10.31 10:35:43.104,1.11691,1.11693,370000,100000
2019.10.31 10:35:43.340,1.11691,1.11694,2810000,100000
2019.10.31 10:35:44.040,1.11691,1.11693,100000,450000
2019.10.31 10:35:44.429,1.1169,1.11694,3260000,1390000
2019.10.31 10:35:45.026,1.1169,1.11693,190000,1200000
2019.10.31 10:35:45.406,1.11689,1.11691,1390000,2250000
2019.10.31 10:35:45.510,1.11688,1.1169,2250000,1870000
2019.10.31 10:35:45.611,1.1169,1.11692,750000,100000
2019.10.31 10:35:45.713,1.1169,1.11693,2140000,750000
2019.10.31 10:35:46.136,1.11691,1.11693,2140000,370000
2019.10.31 10:35:46.341,1.1169,1.11693,2140000,1120000
2019.10.31 10:35:46.664,1.1169,1.11691,100000,1500000
2019.10.31 10:35:46.968,1.1169,1.11692,2620000,370000
2019.10.31 10:35:47.639,1.11689,1.11692,2320000,3820000
2019.10.31 10:35:47.985,1.1169,1.11693,1760000,3000000
2019.10.31 10:35:49.104,1.11691,1.11693,100000,1200000
2019.10.31 10:35:49.206,1.11691,1.11694,2810000,100000
2019.10.31 10:35:49.307,1.11691,1.11693,750000,750000
2019.10.31 10:35:49.410,1.1169,1.11692,2250000,1950000
2019.10.31 10:35:49.612,1.11691,1.11692,1760000,370000
2019.10.31 10:35:49.831,1.11689,1.11691,100000,820000
2019.10.31 10:35:49.933,1.11689,1.11692,190000,1570000
2019.10.31 10:35:50.034,1.1169,1.11692,940000,750000
2019.10.31 10:35:50.136,1.11689,1.11693,4010000,5510000
2019.10.31 10:35:51.102,1.11691,1.11693,2140000,750000
2019.10.31 10:35:52.238,1.11691,1.11694,2810000,1570000
2019.10.31 10:35:53.901,1.11691,1.11693,750000,100000
2019.10.31 10:35:54.245,1.11691,1.11692,750000,1950000
2019.10.31 10:35:54.346,1.1169,1.11692,750000,2890000
2019.10.31 10:35:54.882,1.11691,1.11692,750000,450000
2019.10.31 10:35:57.295,1.1169,1.11692,750000,2700000
2019.10.31 10:35:57.498,1.11691,1.11692,750000,370000
2019.10.31 10:35:57.700,1.1169,1.11692,750000,1120000
2019.10.31 10:35:57.802,1.11689,1.1169,750000,450000
2019.10.31 10:35:57.909,1.11687,1.1169,2060000,2320000
2019.10.31 10:35:58.010,1.11686,1.1169,5140000,640000
2019.10.31 10:35:58.901,1.11686,1.11689,750000,1390000
2019.10.31 10:36:00.205,1.11686,1.1169,6260000,2510000
2019.10.31 10:36:00.952,1.11686,1.11689,190000,450000
2019.10.31 10:36:01.846,1.11688,1.1169,1570000,750000
2019.10.31 10:36:01.948,1.11689,1.1169,450000,1120000
2019.10.31 10:36:01.999,1.11689,1.11692,3640000,1870000
2019.10.31 10:36:02.104,1.1169,1.11692,4390000,370000
2019.10.31 10:36:02.207,1.11689,1.11692,2810000,3820000
2019.10.31 10:36:02.308,1.1169,1.11692,2510000,100000
2019.10.31 10:36:02.849,1.11689,1.11692,2060000,1570000
2019.10.31 10:36:03.025,1.11689,1.11691,190000,2510000
2019.10.31 10:36:03.734,1.1169,1.11691,190000,2700000
2019.10.31 10:36:03.922,1.1169,1.11692,370000,3450000
2019.10.31 10:36:04.024,1.11691,1.11693,1390000,450000
2019.10.31 10:36:04.126,1.1169,1.11692,2510000,750000
2019.10.31 10:36:04.227,1.11689,1.11692,1760000,750000
2019.10.31 10:36:04.329,1.11689,1.11691,190000,750000
2019.10.31 10:36:10.275,1.11689,1.11692,1690000,2320000
2019.10.31 10:36:10.377,1.11691,1.11692,940000,370000
2019.10.31 10:36:10.761,1.1169,1.11692,1200000,3070000
2019.10.31 10:36:13.474,1.1169,1.11693,6260000,1120000
2019.10.31 10:36:13.576,1.1169,1.11691,750000,370000
2019.10.31 10:36:13.627,1.11688,1.11691,940000,1570000
2019.10.31 10:36:13.749,1.11689,1.11691,9640000,100000
2019.10.31 10:36:13.854,1.11689,1.1169,1500000,100000
2019.10.31 10:36:13.956,1.11688,1.1169,1500000,1120000
2019.10.31 10:36:15.902,1.11688,1.11689,750000,1870000
2019.10.31 10:36:16.054,1.11687,1.11689,1500000,1570000
2019.10.31 10:36:16.270,1.11687,1.11688,750000,750000
2019.10.31 10:36:16.371,1.11686,1.11688,750000,3820000
2019.10.31 10:36:16.473,1.11686,1.11688,190000,3260000
2019.10.31 10:36:16.832,1.11687,1.11688,190000,450000
2019.10.31 10:36:16.937,1.11686,1.11688,190000,6640000
2019.10.31 10:36:17.322,1.11686,1.11688,750000,5700000
2019.10.31 10:36:17.424,1.11686,1.11688,750000,5320000
2019.10.31 10:36:17.525,1.11686,1.11688,750000,2320000
2019.10.31 10:36:20.396,1.11686,1.11688,1500000,470000
2019.10.31 10:36:20.601,1.11685,1.11686,1500000,370000
2019.10.31 10:36:20.703,1.11684,1.11686,1500000,1200000
2019.10.31 10:36:20.805,1.11685,1.11686,1500000,100000
2019.10.31 10:36:21.855,1.11685,1.11687,820000,1570000
2019.10.31 10:36:22.108,1.11686,1.11687,750000,1500000
2019.10.31 10:36:22.310,1.11685,1.11687,750000,2140000
2019.10.31 10:36:22.973,1.11685,1.11688,2060000,1200000
2019.10.31 10:36:23.569,1.11686,1.11688,5060000,1120000
2019.10.31 10:36:23.721,1.11685,1.11687,940000,1570000
2019.10.31 10:36:23.822,1.11685,1.11686,190000,370000
2019.10.31 10:36:23.924,1.11684,1.11685,3750000,370000
2019.10.31 10:36:24.068,1.11683,1.11684,190000,370000
2019.10.31 10:36:24.284,1.11684,1.11685,3940000,450000
2019.10.31 10:36:24.386,1.11683,1.11685,3940000,100000
2019.10.31 10:36:24.885,1.11684,1.11685,190000,820000
2019.10.31 10:36:24.988,1.11685,1.11686,190000,370000
2019.10.31 10:36:25.588,1.11683,1.11684,4500000,450000
2019.10.31 10:36:25.783,1.11683,1.11685,4690000,370000
2019.10.31 10:36:27.701,1.11684,1.11685,4500000,300000
2019.10.31 10:36:27.802,1.11683,1.11685,3750000,1120000
2019.10.31 10:36:29.078,1.11683,1.11684,940000,1120000
2019.10.31 10:36:29.180,1.11682,1.11683,3750000,370000
2019.10.31 10:36:29.231,1.1168,1.11683,3750000,5320000
2019.10.31 10:36:29.332,1.11681,1.11683,3750000,100000
2019.10.31 10:36:29.476,1.1168,1.11683,3750000,5320000
2019.10.31 10:36:29.594,1.1168,1.11684,3260000,5320000
2019.10.31 10:36:29.763,1.11681,1.11684,2810000,100000
2019.10.31 10:36:30.145,1.11681,1.11683,190000,1500000
2019.10.31 10:36:30.369,1.11681,1.11684,2890000,1500000
2019.10.31 10:36:30.959,1.11681,1.11683,3750000,1500000
2019.10.31 10:36:31.111,1.1168,1.11682,4570000,750000
2019.10.31 10:36:31.213,1.11679,1.1168,3750000,1570000
2019.10.31 10:36:31.366,1.11677,1.11679,3940000,1570000
2019.10.31 10:36:31.697,1.11676,1.11678,3750000,1950000
2019.10.31 10:36:31.799,1.11675,1.11678,3750000,2700000
2019.10.31 10:36:32.152,1.11676,1.11678,5060000,1120000
2019.10.31 10:36:32.263,1.11675,1.11678,5060000,2320000
2019.10.31 10:36:32.893,1.11675,1.11678,100000,3380000
2019.10.31 10:36:32.994,1.11675,1.11679,6260000,4580000
2019.10.31 10:36:33.178,1.11677,1.11679,2060000,750000
2019.10.31 10:36:33.228,1.11676,1.11679,2060000,1200000
2019.10.31 10:36:33.330,1.11677,1.1168,260000,1870000
2019.10.31 10:36:33.431,1.11678,1.1168,260000,2320000
2019.10.31 10:36:33.865,1.11679,1.11681,190000,750000
2019.10.31 10:36:34.068,1.1168,1.11681,190000,370000
2019.10.31 10:36:34.170,1.11678,1.11681,190000,1200000
2019.10.31 10:36:34.271,1.11678,1.11679,190000,450000
2019.10.31 10:36:34.474,1.11679,1.1168,2140000,370000
2019.10.31 10:36:34.679,1.11678,1.11679,190000,820000
2019.10.31 10:36:34.781,1.11679,1.1168,2510000,370000
2019.10.31 10:36:35.473,1.11678,1.11679,190000,370000
2019.10.31 10:36:35.729,1.11678,1.11681,560000,1950000
2019.10.31 10:36:35.861,1.11679,1.11681,560000,370000
2019.10.31 10:36:37.280,1.11678,1.11681,190000,450000
2019.10.31 10:36:38.158,1.11679,1.11682,1010000,2250000
2019.10.31 10:36:38.303,1.1168,1.11683,1870000,1570000
2019.10.31 10:36:38.455,1.11681,1.11683,1950000,450000
2019.10.31 10:36:38.983,1.1168,1.11683,1870000,1200000
2019.10.31 10:36:39.084,1.1168,1.11682,3750000,860000
2019.10.31 10:36:39.186,1.11678,1.11682,2320000,2510000
2019.10.31 10:36:40.173,1.11678,1.11681,100000,1500000
2019.10.31 10:36:40.274,1.11678,1.11682,3260000,1200000
2019.10.31 10:36:40.325,1.1168,1.11682,2140000,370000
2019.10.31 10:36:40.529,1.1168,1.11682,940000,370000
2019.10.31 10:36:40.819,1.11681,1.11683,3260000,370000
2019.10.31 10:36:40.920,1.1168,1.11683,1310000,450000
2019.10.31 10:36:41.021,1.1168,1.11682,100000,1570000
2019.10.31 10:36:41.123,1.1168,1.11683,1310000,820000
2019.10.31 10:36:41.356,1.11681,1.11683,1310000,1120000
2019.10.31 10:36:41.471,1.1168,1.11683,1310000,820000
2019.10.31 10:36:41.645,1.11681,1.11683,1310000,750000
2019.10.31 10:36:41.747,1.1168,1.11683,1310000,820000
2019.10.31 10:36:41.951,1.1168,1.11682,940000,750000
2019.10.31 10:36:42.527,1.11681,1.11683,1950000,450000
2019.10.31 10:36:42.629,1.1168,1.11683,1870000,1950000
2019.10.31 10:36:44.982,1.11681,1.11683,1570000,100000
2019.10.31 10:36:45.084,1.1168,1.11683,1120000,2700000
2019.10.31 10:36:45.329,1.11681,1.11683,1120000,1500000
2019.10.31 10:36:47.065,1.1168,1.11683,2620000,1870000
2019.10.31 10:36:47.420,1.11681,1.11683,2620000,100000
2019.10.31 10:36:47.522,1.1168,1.11683,2620000,1870000
2019.10.31 10:36:48.188,1.11681,1.11683,2620000,100000
2019.10.31 10:36:48.290,1.1168,1.11683,2620000,1500000
2019.10.31 10:36:49.273,1.1168,1.11682,190000,940000
2019.10.31 10:36:49.718,1.11681,1.11682,190000,1120000
2019.10.31 10:36:50.111,1.1168,1.11682,190000,2060000
2019.10.31 10:36:51.216,1.11681,1.11682,190000,1500000
2019.10.31 10:36:51.318,1.1168,1.11683,1690000,1690000
2019.10.31 10:36:52.155,1.11679,1.11681,750000,2140000
2019.10.31 10:36:52.206,1.1168,1.11682,750000,1570000
2019.10.31 10:36:56.166,1.11679,1.11682,370000,1120000
2019.10.31 10:36:58.130,1.11679,1.11683,7010000,1500000
2019.10.31 10:36:58.232,1.1168,1.11683,1120000,5320000
2019.10.31 10:36:59.022,1.11681,1.11683,750000,750000
2019.10.31 10:36:59.078,1.11683,1.11685,940000,370000
2019.10.31 10:36:59.179,1.11682,1.11685,2890000,100000
2019.10.31 10:36:59.281,1.11684,1.11685,190000,370000
2019.10.31 10:36:59.820,1.11681,1.11684,750000,3190000
2019.10.31 10:36:59.921,1.11682,1.11684,190000,1500000
2019.10.31 10:37:04.965,1.11681,1.11684,560000,4570000
2019.10.31 10:37:05.808,1.11682,1.11684,2060000,750000
2019.10.31 10:37:05.910,1.11681,1.11684,2810000,1120000
2019.10.31 10:37:06.218,1.11681,1.11683,370000,1120000
2019.10.31 10:37:09.035,1.11681,1.11682,1120000,750000
2019.10.31 10:37:09.829,1.11679,1.11682,1870000,1690000
2019.10.31 10:37:10.184,1.1168,1.11682,3070000,370000
2019.10.31 10:37:10.386,1.1168,1.11683,2810000,1870000
2019.10.31 10:37:17.723,1.11681,1.11683,450000,1120000
2019.10.31 10:37:18.628,1.11681,1.11682,370000,1120000
2019.10.31 10:37:18.937,1.1168,1.11682,1310000,190000
2019.10.31 10:37:20.638,1.11678,1.11681,2440000,2250000
2019.10.31 10:37:20.741,1.1168,1.11681,100000,370000
2019.10.31 10:37:20.849,1.11681,1.11683,2320000,750000
2019.10.31 10:37:20.950,1.1168,1.11683,3260000,1500000
2019.10.31 10:37:21.051,1.11681,1.11682,450000,370000
2019.10.31 10:37:21.153,1.1168,1.11683,1760000,1870000
2019.10.31 10:37:21.645,1.11681,1.11683,1690000,370000
2019.10.31 10:37:21.746,1.1168,1.11683,1690000,1120000
2019.10.31 10:37:23.532,1.11681,1.11683,2510000,190000
2019.10.31 10:37:25.342,1.1168,1.11682,1500000,370000
2019.10.31 10:37:25.443,1.1168,1.11683,2320000,370000
2019.10.31 10:37:25.712,1.11681,1.11683,1500000,100000
2019.10.31 10:37:26.878,1.1168,1.11683,750000,1120000
2019.10.31 10:37:28.464,1.1168,1.11684,1120000,4010000
2019.10.31 10:37:28.566,1.11681,1.11684,1200000,450000
2019.10.31 10:37:28.688,1.1168,1.11684,1120000,6260000
2019.10.31 10:37:29.456,1.11681,1.11684,750000,370000
2019.10.31 10:37:33.442,1.1168,1.11684,6260000,3260000
2019.10.31 10:37:33.493,1.1168,1.11682,750000,940000
2019.10.31 10:37:33.706,1.11681,1.11682,750000,370000
2019.10.31 10:37:34.226,1.1168,1.11682,370000,4690000
2019.10.31 10:37:34.327,1.11681,1.11682,370000,1120000
2019.10.31 10:37:35.187,1.11681,1.11683,1500000,1120000
2019.10.31 10:37:35.335,1.1168,1.11683,1500000,1690000
2019.10.31 10:37:36.685,1.1168,1.11682,2250000,370000
2019.10.31 10:37:36.786,1.11679,1.11682,2250000,190000
2019.10.31 10:37:38.667,1.1168,1.11682,1500000,370000
2019.10.31 10:37:38.769,1.1168,1.11683,560000,1570000
2019.10.31 10:37:39.022,1.1168,1.11682,190000,560000
2019.10.31 10:37:40.520,1.1168,1.11681,190000,750000
2019.10.31 10:37:40.643,1.1168,1.11682,2440000,1120000
2019.10.31 10:37:40.694,1.1168,1.11683,2700000,1690000
2019.10.31 10:37:41.442,1.1168,1.11682,750000,1690000
2019.10.31 10:37:41.663,1.11679,1.11681,750000,190000
2019.10.31 10:37:41.765,1.11678,1.11682,3190000,1760000
2019.10.31 10:37:41.868,1.11678,1.11681,3940000,370000
2019.10.31 10:37:42.747,1.1168,1.11682,1950000,940000
2019.10.31 10:37:43.848,1.1168,1.11681,750000,940000
2019.10.31 10:37:43.949,1.1168,1.11682,1870000,940000
2019.10.31 10:37:44.888,1.11681,1.11682,1500000,370000
2019.10.31 10:37:45.005,1.1168,1.11682,1950000,190000
2019.10.31 10:37:45.349,1.11678,1.11682,3260000,3070000
2019.10.31 10:37:45.501,1.11678,1.11681,2440000,820000
2019.10.31 10:37:45.603,1.11677,1.11681,7380000,750000
2019.10.31 10:37:45.704,1.11677,1.1168,3190000,2320000
2019.10.31 10:37:45.953,1.11678,1.1168,4690000,370000
2019.10.31 10:37:46.155,1.11678,1.1168,2910000,370000
2019.10.31 10:37:46.256,1.11678,1.1168,2250000,370000
2019.10.31 10:37:46.408,1.11677,1.1168,4390000,1120000
2019.10.31 10:37:47.807,1.11676,1.11679,1570000,2810000
2019.10.31 10:37:48.162,1.11676,1.11678,450000,1010000
2019.10.31 10:37:48.263,1.11676,1.11679,970000,2060000
2019.10.31 10:37:48.898,1.11676,1.11678,750000,190000
2019.10.31 10:37:49.000,1.11676,1.11679,3070000,190000
2019.10.31 10:37:49.102,1.11676,1.11678,100000,640000
2019.10.31 10:37:49.355,1.11676,1.11679,4570000,190000
2019.10.31 10:37:49.474,1.11676,1.11678,100000,190000
2019.10.31 10:37:49.672,1.11676,1.11679,4950000,190000
2019.10.31 10:37:50.243,1.11676,1.11678,100000,2060000
2019.10.31 10:37:53.319,1.11675,1.11679,4200000,1010000
2019.10.31 10:37:53.420,1.11675,1.11678,750000,2510000
2019.10.31 10:37:53.523,1.11676,1.11678,750000,1870000
2019.10.31 10:37:53.674,1.11675,1.11678,750000,2890000
2019.10.31 10:37:53.898,1.11676,1.11678,750000,370000
2019.10.31 10:37:54.728,1.11676,1.11679,3820000,370000
2019.10.31 10:37:54.993,1.11676,1.11678,370000,370000
2019.10.31 10:37:56.031,1.11675,1.11679,3820000,2140000
2019.10.31 10:38:00.135,1.11676,1.11679,1570000,750000
2019.10.31 10:38:00.281,1.11675,1.11678,1500000,3260000
2019.10.31 10:38:00.383,1.11675,1.11679,2320000,1760000
2019.10.31 10:38:01.275,1.11676,1.11679,2320000,370000
2019.10.31 10:38:02.336,1.11676,1.11678,820000,450000
2019.10.31 10:38:02.387,1.11674,1.11676,4690000,1570000
2019.10.31 10:38:02.440,1.11672,1.11675,1500000,2140000
2019.10.31 10:38:02.542,1.11671,1.11675,2510000,820000
2019.10.31 10:38:02.643,1.11672,1.11675,3260000,100000
2019.10.31 10:38:03.356,1.11671,1.11675,4010000,2620000
2019.10.31 10:38:03.550,1.11672,1.11675,2130000,1950000
2019.10.31 10:38:04.905,1.11671,1.11675,4760000,750000
2019.10.31 10:38:06.384,1.11671,1.11672,100000,750000
2019.10.31 10:38:06.851,1.11671,1.11673,190000,750000
2019.10.31 10:38:07.316,1.1167,1.11673,260000,3190000
2019.10.31 10:38:08.029,1.1167,1.11674,4390000,5140000
2019.10.31 10:38:10.414,1.11671,1.11674,1200000,1690000
2019.10.31 10:38:10.523,1.11673,1.11674,100000,1500000
2019.10.31 10:38:10.625,1.11675,1.11676,450000,750000
2019.10.31 10:38:10.726,1.11675,1.11677,450000,2440000
2019.10.31 10:38:10.828,1.11678,1.11679,1390000,750000
2019.10.31 10:38:10.879,1.11679,1.1168,450000,750000
2019.10.31 10:38:10.981,1.11679,1.11681,1390000,1310000
2019.10.31 10:38:12.156,1.1168,1.11681,560000,750000
2019.10.31 10:38:14.189,1.11679,1.1168,1120000,940000
2019.10.31 10:38:14.291,1.11678,1.1168,2060000,370000
2019.10.31 10:38:14.393,1.11679,1.11681,1390000,750000
2019.10.31 10:38:14.735,1.11679,1.1168,940000,1120000
2019.10.31 10:38:15.256,1.11677,1.1168,4390000,1500000
2019.10.31 10:38:15.887,1.11677,1.11679,750000,1500000
2019.10.31 10:38:15.988,1.11676,1.11678,450000,1760000
2019.10.31 10:38:16.731,1.11676,1.11677,1120000,1500000
2019.10.31 10:38:16.833,1.11675,1.11677,2700000,750000
2019.10.31 10:38:16.993,1.11674,1.11677,450000,940000
2019.10.31 10:38:17.974,1.11674,1.11676,750000,940000
2019.10.31 10:38:18.944,1.11675,1.11677,820000,100000
2019.10.31 10:38:19.053,1.11673,1.11675,470000,1500000
2019.10.31 10:38:19.104,1.11672,1.11674,260000,3640000
2019.10.31 10:38:19.206,1.11674,1.11675,190000,750000
2019.10.31 10:38:19.257,1.11674,1.11676,450000,750000
2019.10.31 10:38:19.359,1.11675,1.11677,370000,1690000
2019.10.31 10:38:19.462,1.11675,1.11678,1120000,640000
2019.10.31 10:38:19.606,1.11675,1.11677,1570000,100000
2019.10.31 10:38:20.075,1.11674,1.11677,450000,2620000
2019.10.31 10:38:21.958,1.11674,1.11678,5510000,2320000
2019.10.31 10:38:22.110,1.11674,1.11677,750000,3640000
2019.10.31 10:38:22.211,1.11675,1.11677,750000,370000
2019.10.31 10:38:22.489,1.11675,1.11678,2320000,370000
2019.10.31 10:38:22.632,1.11674,1.11677,100000,2810000
2019.10.31 10:38:23.185,1.11675,1.11678,3070000,370000
2019.10.31 10:38:23.286,1.11676,1.11678,1570000,1120000
2019.10.31 10:38:23.502,1.11675,1.11677,750000,1870000
2019.10.31 10:38:24.281,1.11675,1.11678,820000,1690000
2019.10.31 10:38:24.414,1.11676,1.11678,1200000,450000
2019.10.31 10:38:24.515,1.11675,1.11678,1120000,1760000
2019.10.31 10:38:24.709,1.11676,1.11678,1120000,1870000
2019.10.31 10:38:24.811,1.11677,1.11678,820000,750000
2019.10.31 10:38:24.912,1.11676,1.11678,1120000,1500000
2019.10.31 10:38:25.041,1.11677,1.11679,1500000,750000
2019.10.31 10:38:25.243,1.11677,1.1168,3260000,1500000
2019.10.31 10:38:25.737,1.1168,1.11681,3090000,750000
2019.10.31 10:38:25.839,1.1168,1.11681,370000,370000
2019.10.31 10:38:25.940,1.11679,1.11681,370000,1500000
2019.10.31 10:38:27.579,1.1168,1.11681,370000,100000
2019.10.31 10:38:27.694,1.1168,1.11682,2320000,370000
2019.10.31 10:38:27.850,1.1168,1.11681,370000,370000
2019.10.31 10:38:28.535,1.11679,1.11681,370000,2250000
2019.10.31 10:38:28.864,1.11679,1.11682,2890000,1870000
2019.10.31 10:38:33.463,1.1168,1.11682,100000,1500000
2019.10.31 10:38:33.572,1.1168,1.11683,1570000,2440000
2019.10.31 10:38:34.815,1.1168,1.11682,100000,2320000
2019.10.31 10:38:34.916,1.1168,1.11683,4570000,370000
2019.10.31 10:38:35.191,1.1168,1.11682,100000,820000
2019.10.31 10:38:35.669,1.1168,1.11683,3070000,370000
2019.10.31 10:38:35.839,1.1168,1.11681,2620000,370000
2019.10.31 10:38:35.890,1.11679,1.1168,190000,370000
2019.10.31 10:38:36.687,1.11677,1.11679,1950000,100000
2019.10.31 10:38:36.789,1.11676,1.11678,750000,4310000
2019.10.31 10:38:38.221,1.11677,1.11678,750000,1500000
2019.10.31 10:38:38.424,1.11676,1.11678,750000,1500000
2019.10.31 10:38:41.026,1.11677,1.11679,1390000,100000
2019.10.31 10:38:41.128,1.11676,1.11678,100000,1570000
2019.10.31 10:38:41.374,1.11677,1.11679,1390000,100000
2019.10.31 10:38:41.587,1.11676,1.11679,1010000,1120000
2019.10.31 10:38:42.741,1.11676,1.11678,1500000,1870000
2019.10.31 10:38:43.801,1.11676,1.11679,8510000,370000
2019.10.31 10:38:43.851,1.11676,1.11677,750000,370000
2019.10.31 10:38:43.902,1.11673,1.11675,750000,4390000
2019.10.31 10:38:44.004,1.11673,1.11674,750000,2890000
2019.10.31 10:38:44.105,1.11673,1.11675,750000,2510000
2019.10.31 10:38:44.557,1.11674,1.11675,750000,100000
2019.10.31 10:38:44.714,1.11673,1.11675,1500000,1690000
2019.10.31 10:38:44.876,1.11674,1.11675,1500000,370000
2019.10.31 10:38:45.832,1.11673,1.11674,750000,370000
2019.10.31 10:38:45.962,1.11672,1.11673,750000,750000
2019.10.31 10:38:46.064,1.11671,1.11673,750000,2620000
2019.10.31 10:38:46.166,1.11671,1.11673,1200000,1570000
2019.10.31 10:38:46.332,1.1167,1.11672,3000000,1390000
2019.10.31 10:38:46.433,1.11669,1.1167,1690000,450000
2019.10.31 10:38:46.536,1.11666,1.11669,750000,3260000
2019.10.31 10:38:46.946,1.11668,1.1167,1200000,1690000
2019.10.31 10:38:47.047,1.11669,1.11671,100000,450000
2019.10.31 10:38:47.149,1.11668,1.11672,6640000,640000
2019.10.31 10:38:47.597,1.11668,1.11672,7760000,560000
2019.10.31 10:38:47.698,1.11667,1.11671,2510000,1390000
2019.10.31 10:38:47.850,1.11667,1.11671,2540000,1310000
2019.10.31 10:38:47.951,1.11667,1.11671,4010000,2890000
2019.10.31 10:38:48.891,1.11667,1.11671,3640000,2140000
2019.10.31 10:38:50.238,1.11669,1.11671,750000,750000
2019.10.31 10:38:50.340,1.1167,1.11671,100000,370000
2019.10.31 10:38:50.448,1.1167,1.11672,1950000,450000
2019.10.31 10:38:51.390,1.11669,1.11672,3820000,1310000
2019.10.31 10:38:52.268,1.11671,1.11672,820000,190000
2019.10.31 10:38:54.022,1.11672,1.11673,2440000,1120000
2019.10.31 10:38:54.726,1.11671,1.11672,750000,2060000
2019.10.31 10:38:55.068,1.11671,1.11673,940000,1690000
2019.10.31 10:38:55.386,1.11671,1.11674,2700000,3000000
2019.10.31 10:38:55.837,1.11672,1.11674,1500000,1500000
2019.10.31 10:38:56.227,1.11671,1.11673,750000,1950000
2019.10.31 10:38:56.446,1.11672,1.11673,750000,750000
2019.10.31 10:38:56.547,1.11671,1.11673,820000,2700000
2019.10.31 10:38:57.541,1.11671,1.11672,750000,1500000
2019.10.31 10:38:57.642,1.11669,1.11672,1500000,640000
2019.10.31 10:38:58.689,1.11669,1.11671,1690000,370000
2019.10.31 10:38:58.791,1.11669,1.1167,750000,100000
2019.10.31 10:38:58.892,1.11668,1.1167,1200000,820000
2019.10.31 10:39:00.947,1.11669,1.1167,750000,370000
2019.10.31 10:39:01.797,1.11668,1.1167,750000,2140000
2019.10.31 10:39:02.594,1.11669,1.1167,750000,370000
2019.10.31 10:39:02.696,1.11668,1.1167,750000,1010000
2019.10.31 10:39:02.747,1.11669,1.11672,1390000,1120000
2019.10.31 10:39:02.848,1.1167,1.11672,1390000,370000
2019.10.31 10:39:03.455,1.11671,1.11673,1760000,190000
2019.10.31 10:39:03.900,1.11671,1.11672,750000,560000
2019.10.31 10:39:04.001,1.1167,1.11672,1500000,370000
2019.10.31 10:39:04.628,1.11671,1.11672,820000,370000
2019.10.31 10:39:05.421,1.11669,1.11672,4500000,2140000
2019.10.31 10:39:05.579,1.1167,1.11672,2250000,190000
2019.10.31 10:39:05.680,1.11671,1.11673,820000,1500000
2019.10.31 10:39:05.782,1.11673,1.11674,820000,370000
2019.10.31 10:39:05.883,1.11672,1.11674,750000,450000
2019.10.31 10:39:06.020,1.11673,1.11674,750000,370000
2019.10.31 10:39:06.071,1.11673,1.11676,4010000,370000
2019.10.31 10:39:08.242,1.11673,1.11675,370000,750000
2019.10.31 10:39:08.609,1.11674,1.11676,1870000,370000
2019.10.31 10:39:08.711,1.11675,1.11676,370000,370000
2019.10.31 10:39:08.812,1.11674,1.11676,370000,370000
2019.10.31 10:39:09.701,1.11673,1.11677,3070000,1390000
2019.10.31 10:39:09.853,1.11673,1.11676,100000,1120000
2019.10.31 10:39:10.197,1.11673,1.11674,370000,370000
2019.10.31 10:39:10.349,1.11673,1.11675,100000,370000
2019.10.31 10:39:10.450,1.11673,1.11676,5140000,370000
2019.10.31 10:39:10.566,1.11673,1.11675,100000,370000
2019.10.31 10:39:10.668,1.11672,1.11674,100000,450000
2019.10.31 10:39:10.769,1.11671,1.11675,2510000,3640000
2019.10.31 10:39:10.870,1.11672,1.11675,3260000,750000
2019.10.31 10:39:10.972,1.11671,1.11675,2510000,3640000
2019.10.31 10:39:13.514,1.11671,1.11674,750000,3640000
2019.10.31 10:39:13.615,1.11672,1.11674,1500000,2250000
2019.10.31 10:39:16.689,1.11671,1.11674,1500000,3640000
2019.10.31 10:39:16.995,1.11671,1.11672,2440000,1500000
2019.10.31 10:39:17.197,1.1167,1.11672,750000,190000
2019.10.31 10:39:17.699,1.1167,1.11673,1500000,2140000
2019.10.31 10:39:17.801,1.11671,1.11674,2440000,820000
2019.10.31 10:39:18.073,1.11671,1.11673,750000,1950000
2019.10.31 10:39:18.907,1.11671,1.11674,2440000,1950000
2019.10.31 10:39:19.009,1.11672,1.11674,1690000,370000
2019.10.31 10:39:19.161,1.11673,1.11674,100000,2250000
2019.10.31 10:39:19.296,1.11673,1.11676,2140000,750000
2019.10.31 10:39:19.398,1.11673,1.11675,100000,450000
2019.10.31 10:39:19.643,1.11672,1.11676,6260000,4390000
2019.10.31 10:39:21.487,1.11672,1.11674,750000,1500000
2019.10.31 10:39:21.639,1.11671,1.11674,4570000,560000
2019.10.31 10:39:21.740,1.11672,1.11674,6640000,370000
2019.10.31 10:39:21.843,1.1167,1.11672,3190000,450000
2019.10.31 10:39:21.944,1.11669,1.11672,7760000,1500000
2019.10.31 10:39:22.322,1.11669,1.11671,750000,370000
2019.10.31 10:39:22.556,1.11668,1.11669,940000,820000
2019.10.31 10:39:22.658,1.11668,1.1167,1500000,1870000
2019.10.31 10:39:22.810,1.11668,1.11671,6260000,370000
2019.10.31 10:39:22.913,1.11667,1.11671,4010000,100000
2019.10.31 10:39:23.863,1.11667,1.11669,100000,820000
2019.10.31 10:39:23.973,1.11667,1.1167,820000,370000
2019.10.31 10:39:24.712,1.11666,1.1167,820000,4390000
2019.10.31 10:39:25.163,1.11667,1.1167,1390000,1500000
2019.10.31 10:39:26.350,1.11667,1.11669,260000,370000
2019.10.31 10:39:27.800,1.11668,1.1167,1010000,100000
2019.10.31 10:39:27.901,1.11669,1.1167,100000,370000
2019.10.31 10:39:28.597,1.11668,1.1167,1200000,450000
2019.10.31 10:39:28.699,1.11667,1.1167,1570000,2060000
2019.10.31 10:39:28.800,1.11668,1.11669,3000000,370000
2019.10.31 10:39:28.970,1.11667,1.11668,750000,1120000
2019.10.31 10:39:29.072,1.11666,1.11668,750000,1120000
2019.10.31 10:39:29.283,1.11666,1.11668,3750000,1500000
2019.10.31 10:39:29.385,1.11666,1.11668,2250000,750000
2019.10.31 10:39:30.092,1.11666,1.11668,1500000,750000
2019.10.31 10:39:31.480,1.11666,1.11667,1500000,750000
2019.10.31 10:39:31.581,1.11663,1.11664,750000,1870000
2019.10.31 10:39:31.682,1.11662,1.11664,750000,2510000
2019.10.31 10:39:31.862,1.11662,1.11665,3640000,370000
2019.10.31 10:39:33.136,1.11662,1.11663,750000,1870000
2019.10.31 10:39:33.237,1.1166,1.11662,750000,2140000
2019.10.31 10:39:33.381,1.11661,1.11662,750000,1570000
2019.10.31 10:39:36.679,1.11661,1.11664,1570000,1120000
2019.10.31 10:39:36.817,1.11661,1.11663,750000,1120000
2019.10.31 10:39:36.918,1.11661,1.11662,750000,100000
2019.10.31 10:39:37.038,1.1166,1.11662,1200000,1120000
2019.10.31 10:39:37.140,1.1166,1.11661,2250000,370000
2019.10.31 10:39:37.241,1.11657,1.1166,370000,3820000
2019.10.31 10:39:37.393,1.11657,1.11661,5510000,2320000
2019.10.31 10:39:37.658,1.11658,1.11661,5140000,370000
2019.10.31 10:39:37.762,1.11657,1.11661,5890000,1950000
2019.10.31 10:39:37.865,1.11657,1.1166,100000,1870000
2019.10.31 10:39:38.188,1.11656,1.1166,1760000,5700000
2019.10.31 10:39:39.157,1.11658,1.1166,640000,370000
2019.10.31 10:39:39.560,1.11657,1.11659,450000,100000
2019.10.31 10:39:39.695,1.11656,1.11659,100000,1870000
2019.10.31 10:39:40.982,1.11656,1.11658,370000,1570000
2019.10.31 10:39:41.084,1.11656,1.11658,8510000,370000
2019.10.31 10:39:41.186,1.11656,1.11658,750000,1500000
2019.10.31 10:39:41.389,1.11656,1.11657,750000,1120000
2019.10.31 10:39:41.662,1.11657,1.11659,940000,1500000
2019.10.31 10:39:41.886,1.11656,1.11659,940000,1570000
2019.10.31 10:39:42.477,1.11657,1.11659,940000,1120000
2019.10.31 10:39:42.604,1.11656,1.11659,940000,1950000
2019.10.31 10:39:42.834,1.11656,1.11658,1500000,1500000
2019.10.31 10:39:42.936,1.11656,1.11659,3190000,1200000
2019.10.31 10:39:43.291,1.11656,1.11658,2250000,750000
2019.10.31 10:39:43.462,1.11656,1.11657,750000,370000
2019.10.31 10:39:43.698,1.11657,1.11659,5510000,1120000
2019.10.31 10:39:44.606,1.11657,1.11658,370000,1120000
2019.10.31 10:39:44.897,1.11656,1.11658,1950000,370000
2019.10.31 10:39:46.723,1.11656,1.11659,1120000,2510000
2019.10.31 10:39:46.824,1.11658,1.11659,450000,750000
2019.10.31 10:39:46.925,1.11658,1.1166,190000,750000
2019.10.31 10:39:47.027,1.11658,1.11661,2510000,750000
2019.10.31 10:39:47.229,1.11658,1.1166,100000,820000
2019.10.31 10:39:47.330,1.11658,1.11661,8140000,370000
2019.10.31 10:39:47.431,1.11656,1.1166,260000,4390000
2019.10.31 10:39:48.232,1.11657,1.1166,6790000,1500000
2019.10.31 10:39:48.548,1.11657,1.11658,370000,1500000
2019.10.31 10:39:48.649,1.11656,1.11658,370000,1570000
2019.10.31 10:39:49.555,1.11657,1.11658,100000,1500000
2019.10.31 10:39:50.292,1.11656,1.11658,100000,2700000
2019.10.31 10:39:50.343,1.11656,1.1166,2140000,3070000
2019.10.31 10:39:50.444,1.11657,1.1166,2140000,370000
2019.10.31 10:39:50.697,1.11656,1.1166,2140000,3450000
2019.10.31 10:39:50.850,1.11657,1.1166,2140000,1870000
2019.10.31 10:39:55.335,1.11657,1.11659,750000,1500000
2019.10.31 10:39:56.569,1.11657,1.11658,100000,750000
2019.10.31 10:39:56.725,1.11657,1.11659,3070000,820000
2019.10.31 10:39:59.954,1.11657,1.11658,370000,750000
2019.10.31 10:40:01.319,1.11657,1.11659,370000,1120000
2019.10.31 10:40:01.416,1.11659,1.1166,450000,750000
2019.10.31 10:40:01.468,1.1166,1.11662,2250000,3940000
2019.10.31 10:40:01.542,1.11661,1.11664,3450000,1500000
2019.10.31 10:40:01.644,1.11662,1.11664,1950000,100000
2019.10.31 10:40:03.638,1.11661,1.11663,750000,2250000
2019.10.31 10:40:03.740,1.1166,1.11662,1500000,1310000
2019.10.31 10:40:03.841,1.11661,1.11663,5700000,370000
2019.10.31 10:40:03.943,1.11661,1.11663,6000000,370000
2019.10.31 10:40:04.247,1.11661,1.11662,750000,1500000
2019.10.31 10:40:04.349,1.11661,1.11663,370000,1120000
2019.10.31 10:40:04.724,1.11662,1.11663,370000,100000
2019.10.31 10:40:04.825,1.11661,1.11663,1120000,1120000
2019.10.31 10:40:08.154,1.11661,1.11664,2250000,3640000
2019.10.31 10:40:08.256,1.11662,1.11664,3820000,1500000
2019.10.31 10:40:08.358,1.11661,1.11664,4570000,3750000
2019.10.31 10:40:09.226,1.11661,1.11662,3750000,1870000
2019.10.31 10:40:09.461,1.11661,1.11663,820000,3070000
2019.10.31 10:40:11.349,1.11661,1.11662,750000,1120000
2019.10.31 10:40:11.803,1.11661,1.11663,750000,1120000
2019.10.31 10:40:12.598,1.11662,1.11663,1200000,1120000
2019.10.31 10:40:12.764,1.11661,1.11662,370000,1570000
2019.10.31 10:40:13.644,1.11662,1.11663,1200000,1120000
2019.10.31 10:40:14.396,1.11661,1.11663,1950000,2320000
2019.10.31 10:40:15.660,1.11661,1.11664,2320000,2620000
2019.10.31 10:40:16.228,1.11662,1.11664,1950000,1870000
2019.10.31 10:40:16.466,1.11661,1.11664,1950000,3000000
2019.10.31 10:40:16.847,1.11662,1.11664,2700000,750000
2019.10.31 10:40:17.305,1.11661,1.11664,1950000,3750000
2019.10.31 10:40:17.811,1.11662,1.11664,2700000,750000
2019.10.31 10:40:17.912,1.11661,1.11664,1950000,3750000
2019.10.31 10:40:18.283,1.11661,1.11663,750000,3000000
2019.10.31 10:40:18.385,1.11661,1.11664,1570000,3000000
2019.10.31 10:40:18.486,1.11662,1.11663,2250000,1500000
2019.10.31 10:40:18.653,1.11661,1.11663,3070000,1870000
2019.10.31 10:40:19.656,1.11662,1.11663,1200000,750000
2019.10.31 10:40:19.767,1.11661,1.11663,1200000,2250000
2019.10.31 10:40:19.919,1.11662,1.11663,1120000,750000
2019.10.31 10:40:20.121,1.11661,1.11663,370000,2250000
2019.10.31 10:40:21.379,1.11661,1.11664,1950000,2250000
2019.10.31 10:40:29.793,1.11661,1.11663,370000,3000000
2019.10.31 10:40:30.046,1.11662,1.11663,370000,370000
2019.10.31 10:40:30.147,1.11661,1.11663,370000,4760000
2019.10.31 10:40:30.442,1.11662,1.11663,370000,370000
2019.10.31 10:40:30.546,1.11661,1.11663,370000,5890000
2019.10.31 10:40:30.791,1.11661,1.11665,4570000,4760000
2019.10.31 10:40:32.113,1.11661,1.11664,940000,5510000
2019.10.31 10:40:34.104,1.11664,1.11665,1200000,750000
2019.10.31 10:40:34.155,1.11666,1.11667,750000,4500000
2019.10.31 10:40:34.256,1.11666,1.11668,450000,3070000
2019.10.31 10:40:34.411,1.11666,1.1167,5510000,3820000
2019.10.31 10:40:34.513,1.11666,1.11667,750000,2250000
2019.10.31 10:40:34.564,1.11666,1.11669,4760000,750000
2019.10.31 10:40:34.666,1.11667,1.11669,2320000,450000
2019.10.31 10:40:35.165,1.11667,1.11668,750000,370000
2019.10.31 10:40:35.267,1.11667,1.11669,2700000,370000
2019.10.31 10:40:36.847,1.11668,1.11669,1120000,370000
2019.10.31 10:40:37.301,1.11669,1.11671,1390000,750000
2019.10.31 10:40:38.049,1.1167,1.11672,1200000,2810000
2019.10.31 10:40:38.676,1.1167,1.11673,1120000,1390000
2019.10.31 10:40:38.726,1.11672,1.11673,1120000,750000
2019.10.31 10:40:38.828,1.11672,1.11674,1950000,750000
2019.10.31 10:40:38.929,1.11671,1.11674,1950000,2250000
2019.10.31 10:40:39.140,1.11672,1.11674,1120000,750000
2019.10.31 10:40:40.564,1.11672,1.11673,100000,750000
2019.10.31 10:40:40.919,1.11671,1.11673,100000,3820000
2019.10.31 10:40:42.128,1.11672,1.11673,100000,750000
2019.10.31 10:40:42.394,1.11671,1.11673,100000,3450000
2019.10.31 10:40:42.885,1.11671,1.11674,750000,3070000
2019.10.31 10:40:44.388,1.11671,1.11673,370000,3000000
2019.10.31 10:40:44.728,1.11672,1.11673,370000,100000
2019.10.31 10:40:45.130,1.11671,1.11673,370000,3000000
2019.10.31 10:40:45.346,1.11671,1.11674,2320000,3000000
2019.10.31 10:40:46.042,1.11672,1.11674,2320000,1500000
2019.10.31 10:40:46.333,1.11672,1.11673,2250000,1500000
2019.10.31 10:40:46.434,1.11671,1.11673,2250000,3750000
2019.10.31 10:40:46.850,1.11672,1.11675,7760000,750000
2019.10.31 10:40:47.323,1.11672,1.11673,100000,750000
2019.10.31 10:40:47.424,1.11672,1.11674,2250000,750000
2019.10.31 10:40:47.587,1.11672,1.11673,100000,750000
2019.10.31 10:40:47.724,1.11672,1.11675,7760000,750000
2019.10.31 10:40:48.260,1.11671,1.11675,5510000,2320000
2019.10.31 10:40:48.411,1.11671,1.11673,100000,2700000
2019.10.31 10:40:51.872,1.11672,1.11673,100000,1500000
2019.10.31 10:40:52.162,1.11671,1.11673,100000,3450000
2019.10.31 10:40:52.360,1.11671,1.11674,370000,2320000
2019.10.31 10:40:53.032,1.11673,1.11674,100000,940000
2019.10.31 10:40:53.150,1.11674,1.11676,750000,560000
2019.10.31 10:40:53.303,1.11674,1.11675,190000,100000
2019.10.31 10:40:53.404,1.11673,1.11675,100000,370000
2019.10.31 10:40:53.556,1.11672,1.11674,450000,1950000
2019.10.31 10:40:53.658,1.11673,1.11676,820000,1500000
2019.10.31 10:40:53.859,1.11674,1.11676,1200000,370000
2019.10.31 10:40:54.162,1.11673,1.11676,820000,3000000
2019.10.31 10:40:54.848,1.11674,1.11676,820000,370000
2019.10.31 10:40:56.824,1.11673,1.11676,2510000,1120000
2019.10.31 10:40:57.027,1.11673,1.11675,450000,1200000
2019.10.31 10:40:57.435,1.11674,1.11675,450000,370000
2019.10.31 10:40:58.888,1.11674,1.11676,1500000,370000
2019.10.31 10:40:58.991,1.11673,1.11676,750000,1200000
2019.10.31 10:40:59.092,1.11674,1.11676,100000,450000
2019.10.31 10:40:59.194,1.11674,1.11677,3750000,100000
2019.10.31 10:40:59.295,1.11673,1.11677,4570000,5140000
2019.10.31 10:41:00.400,1.11674,1.11676,450000,100000
2019.10.31 10:41:00.636,1.11673,1.11677,3820000,4760000
2019.10.31 10:41:01.333,1.11673,1.11676,370000,4760000
2019.10.31 10:41:02.117,1.11673,1.11675,370000,3450000
2019.10.31 10:41:02.218,1.11674,1.11675,370000,370000
2019.10.31 10:41:02.319,1.11673,1.11675,370000,1870000
2019.10.31 10:41:02.420,1.11674,1.11675,370000,370000
2019.10.31 10:41:03.102,1.11674,1.11676,750000,370000
2019.10.31 10:41:04.937,1.11673,1.11676,2250000,1120000
2019.10.31 10:41:05.139,1.11673,1.11675,750000,370000
2019.10.31 10:41:05.291,1.11673,1.11676,4310000,370000
2019.10.31 10:41:05.552,1.11673,1.11675,370000,1120000
2019.10.31 10:41:06.532,1.11673,1.11676,940000,1120000
2019.10.31 10:41:10.944,1.11673,1.11675,820000,1120000
2019.10.31 10:41:11.046,1.11673,1.11675,3820000,370000
2019.10.31 10:41:11.097,1.11672,1.11675,3820000,750000
2019.10.31 10:41:12.018,1.11672,1.11674,750000,750000
2019.10.31 10:41:12.464,1.11673,1.11675,1010000,260000
2019.10.31 10:41:12.616,1.11674,1.11675,940000,370000
2019.10.31 10:41:13.283,1.11673,1.11675,560000,3190000
2019.10.31 10:41:14.551,1.11675,1.11677,1200000,370000
2019.10.31 10:41:14.653,1.11674,1.11678,5510000,2140000
2019.10.31 10:41:14.755,1.11674,1.11677,3560000,640000
2019.10.31 10:41:14.857,1.11675,1.11677,1950000,370000
2019.10.31 10:41:14.959,1.11674,1.11677,1870000,3260000
2019.10.31 10:41:15.263,1.11674,1.11675,100000,940000
2019.10.31 10:41:16.690,1.11674,1.11676,450000,1310000
2019.10.31 10:41:16.808,1.11674,1.11677,1950000,1310000
2019.10.31 10:41:17.106,1.11673,1.11676,2810000,1500000
2019.10.31 10:41:17.208,1.11673,1.11675,820000,1120000
2019.10.31 10:41:17.680,1.11672,1.11674,750000,2250000
2019.10.31 10:41:17.781,1.11671,1.11674,450000,2250000
2019.10.31 10:41:18.159,1.11671,1.11673,450000,3750000
2019.10.31 10:41:18.644,1.11671,1.11674,450000,3750000
2019.10.31 10:41:19.974,1.11671,1.11673,370000,3750000
2019.10.31 10:41:21.018,1.11671,1.11674,1200000,3750000
2019.10.31 10:41:21.969,1.11671,1.11673,370000,4870000
2019.10.31 10:41:23.415,1.11671,1.11674,1200000,4120000
2019.10.31 10:41:26.175,1.11671,1.11673,370000,3370000
2019.10.31 10:41:29.552,1.11672,1.11673,370000,1500000
2019.10.31 10:41:29.738,1.11671,1.11673,370000,2250000
2019.10.31 10:41:29.929,1.11671,1.11674,640000,2250000
2019.10.31 10:41:31.582,1.11672,1.11674,640000,1500000
2019.10.31 10:41:31.683,1.11671,1.11674,1570000,3560000
2019.10.31 10:41:35.619,1.11671,1.11673,370000,2620000
2019.10.31 10:41:36.629,1.11671,1.11674,1570000,3560000
2019.10.31 10:41:37.955,1.11671,1.11672,1500000,2250000
2019.10.31 10:41:38.057,1.11669,1.11671,1500000,2810000
2019.10.31 10:41:38.158,1.1167,1.11672,100000,370000
2019.10.31 10:41:38.774,1.11671,1.11674,2140000,1120000
2019.10.31 10:41:41.173,1.11671,1.11673,450000,1500000
2019.10.31 10:41:42.323,1.11671,1.11673,470000,2620000
2019.10.31 10:41:42.475,1.1167,1.11671,1500000,190000
2019.10.31 10:41:42.903,1.11668,1.11672,4200000,2440000
2019.10.31 10:41:43.039,1.11668,1.11671,1950000,750000
2019.10.31 10:41:43.090,1.11668,1.1167,4200000,370000
2019.10.31 10:41:43.295,1.11668,1.11669,450000,370000
2019.10.31 10:41:43.624,1.11668,1.1167,450000,370000
2019.10.31 10:41:43.725,1.11668,1.11669,100000,370000
2019.10.31 10:41:43.826,1.11669,1.11671,1200000,370000
2019.10.31 10:41:43.928,1.11668,1.11671,1200000,370000
2019.10.31 10:41:45.084,1.11668,1.11672,3820000,3560000
2019.10.31 10:41:45.236,1.11669,1.11672,3070000,370000
2019.10.31 10:41:45.372,1.11668,1.11672,3070000,3560000
2019.10.31 10:41:45.557,1.11668,1.11671,100000,3560000
2019.10.31 10:41:47.621,1.11671,1.11672,450000,190000
2019.10.31 10:41:47.791,1.1167,1.11671,100000,750000
2019.10.31 10:41:47.841,1.11668,1.11671,450000,2810000
2019.10.31 10:41:47.943,1.11669,1.11671,370000,370000
2019.10.31 10:41:48.158,1.11669,1.11672,1950000,370000
2019.10.31 10:41:48.260,1.11668,1.11672,1950000,2060000
2019.10.31 10:41:48.699,1.11668,1.11671,2140000,370000
2019.10.31 10:41:48.749,1.11668,1.11669,750000,370000
2019.10.31 10:41:50.104,1.11668,1.1167,820000,370000
2019.10.31 10:41:51.017,1.11667,1.11669,470000,1310000
2019.10.31 10:41:51.118,1.11666,1.11668,820000,190000
2019.10.31 10:41:51.219,1.11666,1.11667,100000,190000
2019.10.31 10:41:51.321,1.11665,1.11667,100000,3940000
2019.10.31 10:41:51.423,1.11665,1.11666,100000,560000
2019.10.31 10:41:52.008,1.11665,1.11667,6640000,190000
2019.10.31 10:41:52.110,1.11664,1.11666,560000,190000
2019.10.31 10:41:55.462,1.11664,1.11665,750000,190000
2019.10.31 10:42:00.833,1.11665,1.11666,100000,750000
2019.10.31 10:42:00.935,1.11665,1.11667,370000,6370000
2019.10.31 10:42:00.986,1.11667,1.1167,1390000,2250000
2019.10.31 10:42:01.101,1.11668,1.1167,370000,370000
2019.10.31 10:42:01.699,1.11668,1.11671,2510000,370000
2019.10.31 10:42:02.985,1.11668,1.1167,1570000,1120000
2019.10.31 10:42:03.333,1.11669,1.1167,1200000,370000
2019.10.31 10:42:03.435,1.11668,1.11669,100000,1120000
2019.10.31 10:42:03.536,1.11669,1.1167,820000,370000
2019.10.31 10:42:06.844,1.11669,1.11671,820000,560000
2019.10.31 10:42:06.946,1.1167,1.11672,3640000,190000
2019.10.31 10:42:07.047,1.1167,1.11671,450000,190000
2019.10.31 10:42:07.708,1.11669,1.11671,450000,370000
2019.10.31 10:42:07.823,1.11668,1.11671,1010000,370000
2019.10.31 10:42:07.925,1.11669,1.1167,100000,370000
2019.10.31 10:42:08.055,1.11668,1.1167,3820000,370000
2019.10.31 10:42:08.376,1.11668,1.11669,100000,370000
2019.10.31 10:42:08.520,1.11668,1.1167,4200000,370000
2019.10.31 10:42:08.622,1.11669,1.1167,3820000,370000
2019.10.31 10:42:09.010,1.11668,1.11669,450000,370000
2019.10.31 10:42:10.285,1.11669,1.1167,100000,370000
2019.10.31 10:42:10.597,1.11668,1.1167,100000,370000
2019.10.31 10:42:10.702,1.11668,1.11671,3260000,370000
2019.10.31 10:42:11.235,1.11668,1.1167,370000,370000
2019.10.31 10:42:12.235,1.11668,1.11671,2510000,370000
2019.10.31 10:42:12.436,1.11668,1.1167,750000,370000
2019.10.31 10:42:13.581,1.11669,1.1167,1950000,370000
2019.10.31 10:42:13.682,1.11668,1.11669,100000,370000
2019.10.31 10:42:13.835,1.11667,1.11668,100000,2060000
2019.10.31 10:42:13.936,1.11668,1.11669,190000,370000
2019.10.31 10:42:14.787,1.11668,1.11669,100000,1120000
2019.10.31 10:42:14.888,1.11668,1.1167,1200000,1870000
2019.10.31 10:42:15.158,1.11669,1.1167,750000,370000
2019.10.31 10:42:23.543,1.11669,1.11671,750000,750000
2019.10.31 10:42:23.645,1.11669,1.11672,2510000,750000
2019.10.31 10:42:23.747,1.11669,1.11671,450000,940000
2019.10.31 10:42:25.997,1.11667,1.1167,750000,5060000
2019.10.31 10:42:26.200,1.11667,1.11669,100000,2440000
2019.10.31 10:42:29.300,1.11667,1.11669,470000,2060000
2019.10.31 10:42:29.401,1.11667,1.11669,450000,2060000
2019.10.31 10:42:29.662,1.11667,1.1167,3070000,560000
2019.10.31 10:42:30.593,1.11667,1.11669,100000,1310000
2019.10.31 10:42:31.719,1.11667,1.1167,1200000,560000
2019.10.31 10:42:32.616,1.11668,1.1167,1950000,370000
2019.10.31 10:42:32.831,1.11667,1.11669,470000,1310000
2019.10.31 10:42:32.932,1.11667,1.11669,100000,1310000
2019.10.31 10:42:33.516,1.11667,1.1167,1950000,1310000
2019.10.31 10:42:33.618,1.11668,1.1167,2700000,370000
2019.10.31 10:42:33.839,1.11668,1.11669,100000,370000
2019.10.31 10:42:35.633,1.11667,1.11669,100000,370000
2019.10.31 10:42:41.316,1.11667,1.11668,450000,370000
2019.10.31 10:42:41.451,1.11666,1.11668,260000,940000
2019.10.31 10:42:41.603,1.11666,1.11667,1200000,940000
2019.10.31 10:42:41.704,1.11664,1.11666,1950000,370000
2019.10.31 10:42:42.731,1.11663,1.11666,1570000,1690000
2019.10.31 10:42:43.839,1.11664,1.11666,2320000,370000
2019.10.31 10:42:44.388,1.11664,1.11665,100000,370000
2019.10.31 10:42:44.489,1.11664,1.11666,3450000,370000
2019.10.31 10:42:44.682,1.11664,1.11665,100000,370000
2019.10.31 10:42:44.783,1.11664,1.11666,2700000,370000
2019.10.31 10:42:44.884,1.11663,1.11665,100000,2440000
2019.10.31 10:42:45.000,1.11663,1.11666,1570000,2440000
2019.10.31 10:42:47.092,1.11664,1.11666,2700000,370000
2019.10.31 10:42:48.417,1.11663,1.11666,1950000,190000
2019.10.31 10:42:48.518,1.11663,1.11665,100000,190000
2019.10.31 10:42:48.619,1.11663,1.11666,1950000,190000
2019.10.31 10:42:50.850,1.11663,1.11665,750000,190000
2019.10.31 10:42:51.769,1.11663,1.11666,2320000,940000
2019.10.31 10:42:53.517,1.11663,1.11665,820000,940000
2019.10.31 10:42:53.618,1.11662,1.11663,100000,2250000
2019.10.31 10:42:53.720,1.1166,1.11661,100000,190000
2019.10.31 10:42:53.858,1.11659,1.11661,100000,2620000
2019.10.31 10:42:56.242,1.11658,1.1166,750000,5810000
2019.10.31 10:42:57.391,1.11659,1.1166,820000,370000
2019.10.31 10:42:58.033,1.11658,1.1166,820000,2810000
2019.10.31 10:42:58.714,1.11659,1.11661,4950000,750000
2019.10.31 10:42:59.945,1.11659,1.1166,100000,750000
2019.10.31 10:43:00.235,1.11659,1.11661,820000,370000
2019.10.31 10:43:08.464,1.11658,1.11661,820000,2810000
2019.10.31 10:43:08.575,1.11659,1.11661,3070000,750000
2019.10.31 10:43:08.952,1.11661,1.11662,450000,750000
2019.10.31 10:43:09.053,1.11661,1.11663,1570000,750000
2019.10.31 10:43:09.166,1.11662,1.11664,820000,370000
2019.10.31 10:43:09.268,1.11661,1.11663,100000,1310000
2019.10.31 10:43:09.370,1.11661,1.11664,820000,1310000
2019.10.31 10:43:09.471,1.11661,1.11663,100000,3190000
2019.10.31 10:43:09.976,1.11661,1.11664,100000,2060000
2019.10.31 10:43:10.701,1.11661,1.11662,100000,1500000
2019.10.31 10:43:10.853,1.1166,1.11662,100000,1310000
2019.10.31 10:43:11.194,1.1166,1.11661,100000,190000
2019.10.31 10:43:11.525,1.11659,1.11661,100000,2060000
2019.10.31 10:43:11.854,1.11659,1.11662,2320000,1690000
2019.10.31 10:43:12.725,1.11659,1.11661,100000,2060000
2019.10.31 10:43:12.827,1.11659,1.11662,1570000,940000
2019.10.31 10:43:12.928,1.11659,1.11661,100000,1690000
2019.10.31 10:43:14.606,1.11659,1.1166,100000,940000
2019.10.31 10:43:16.085,1.11659,1.11661,750000,190000
2019.10.31 10:43:19.486,1.1166,1.11661,1500000,190000
2019.10.31 10:43:26.139,1.1166,1.11662,1500000,190000
2019.10.31 10:43:26.240,1.11661,1.11662,1500000,750000
2019.10.31 10:43:29.776,1.11659,1.11661,750000,1200000
2019.10.31 10:43:29.927,1.11659,1.11662,4310000,370000
2019.10.31 10:43:30.374,1.11659,1.11661,2250000,100000
2019.10.31 10:43:36.894,1.11659,1.11662,6560000,450000
2019.10.31 10:43:37.893,1.11659,1.11661,2250000,1760000
2019.10.31 10:43:37.994,1.11658,1.1166,750000,640000
2019.10.31 10:43:38.095,1.11659,1.11661,1120000,190000
2019.10.31 10:43:38.249,1.1166,1.11661,750000,190000
2019.10.31 10:43:38.361,1.1166,1.11662,1870000,640000
2019.10.31 10:43:39.787,1.11661,1.11662,750000,100000
2019.10.31 10:43:43.035,1.11661,1.11664,2060000,2320000
2019.10.31 10:43:43.136,1.11662,1.11664,1870000,450000
2019.10.31 10:43:43.238,1.11661,1.11664,1870000,1390000
2019.10.31 10:43:43.372,1.11662,1.11664,2060000,100000
2019.10.31 10:43:43.473,1.11661,1.11664,2060000,1200000
2019.10.31 10:43:43.575,1.11662,1.11664,2060000,100000
2019.10.31 10:43:43.810,1.11661,1.11664,2060000,820000
2019.10.31 10:43:43.962,1.11661,1.11663,750000,1570000
2019.10.31 10:43:44.954,1.11661,1.11664,1870000,1200000
2019.10.31 10:43:45.157,1.11661,1.11663,750000,820000
2019.10.31 10:43:45.258,1.11661,1.11664,1870000,1570000
2019.10.31 10:43:45.433,1.11662,1.11664,1870000,100000
2019.10.31 10:43:45.685,1.11661,1.11664,1870000,1200000
2019.10.31 10:43:45.842,1.11662,1.11664,1870000,100000
2019.10.31 10:43:46.250,1.11661,1.11664,1870000,1200000
2019.10.31 10:43:46.788,1.11662,1.11664,1500000,100000
2019.10.31 10:43:47.114,1.11661,1.11664,1500000,1200000
2019.10.31 10:43:47.503,1.11662,1.11664,1500000,100000
2019.10.31 10:43:48.745,1.11662,1.11663,370000,150000
2019.10.31 10:43:49.739,1.11662,1.11664,1500000,100000
2019.10.31 10:43:51.452,1.11661,1.11664,1870000,3070000
2019.10.31 10:43:53.631,1.11662,1.11664,1120000,450000
2019.10.31 10:43:53.935,1.11661,1.11664,1120000,1570000
2019.10.31 10:43:54.036,1.11662,1.11664,1120000,370000
2019.10.31 10:43:54.137,1.11663,1.11664,1120000,100000
2019.10.31 10:43:54.753,1.11661,1.11664,1120000,1950000
2019.10.31 10:43:54.856,1.11662,1.11664,1120000,100000
2019.10.31 10:43:55.605,1.11662,1.11665,3190000,100000
2019.10.31 10:43:55.753,1.11662,1.11664,750000,100000
2019.10.31 10:43:56.538,1.11662,1.11665,3000000,100000
2019.10.31 10:43:56.640,1.11664,1.11665,370000,750000
2019.10.31 10:43:56.692,1.11666,1.11667,1200000,190000
2019.10.31 10:43:56.793,1.11666,1.11668,1500000,1870000
2019.10.31 10:43:56.919,1.11664,1.11665,750000,100000
2019.10.31 10:43:57.071,1.11663,1.11665,1120000,820000
2019.10.31 10:43:57.172,1.11664,1.11665,1870000,190000
2019.10.31 10:43:57.325,1.11663,1.11665,370000,1760000
2019.10.31 10:43:57.885,1.11664,1.11665,370000,370000
2019.10.31 10:43:58.777,1.11664,1.11666,6560000,370000
2019.10.31 10:43:58.995,1.11663,1.11666,6560000,450000
2019.10.31 10:43:59.636,1.11663,1.11665,3560000,1120000
2019.10.31 10:43:59.737,1.11662,1.11664,4310000,370000
2019.10.31 10:43:59.788,1.11661,1.11664,4310000,820000
2019.10.31 10:44:00.779,1.11661,1.11662,1870000,100000
2019.10.31 10:44:00.880,1.1166,1.11661,940000,370000
2019.10.31 10:44:01.832,1.11659,1.11661,1310000,560000
2019.10.31 10:44:02.333,1.11659,1.1166,370000,190000
2019.10.31 10:44:02.434,1.11659,1.11661,9940000,370000
2019.10.31 10:44:02.536,1.11658,1.1166,1500000,370000
2019.10.31 10:44:02.637,1.11657,1.1166,750000,1760000
2019.10.31 10:44:04.747,1.11658,1.11659,7870000,100000
2019.10.31 10:44:04.849,1.11657,1.11659,7870000,750000
2019.10.31 10:44:06.073,1.11657,1.1166,8440000,820000
2019.10.31 10:44:06.224,1.11658,1.1166,7690000,190000
2019.10.31 10:44:11.458,1.11658,1.11661,12130000,100000
2019.10.31 10:44:11.559,1.11658,1.1166,750000,100000
2019.10.31 10:44:11.812,1.11658,1.11661,10070000,100000
2019.10.31 10:44:12.145,1.11658,1.1166,130000,100000
2019.10.31 10:44:12.535,1.11658,1.11661,8190000,100000
2019.10.31 10:44:12.636,1.11658,1.1166,130000,100000
2019.10.31 10:44:12.737,1.11658,1.11661,8190000,100000
2019.10.31 10:44:12.939,1.11658,1.1166,130000,100000
2019.10.31 10:44:13.129,1.11657,1.1166,2380000,1760000
2019.10.31 10:44:13.491,1.11658,1.1166,2250000,100000
2019.10.31 10:44:15.384,1.11657,1.1166,2810000,1500000
2019.10.31 10:44:19.869,1.11658,1.1166,560000,750000
2019.10.31 10:44:23.996,1.11658,1.11659,190000,750000
2019.10.31 10:44:24.098,1.11657,1.11659,190000,1500000
2019.10.31 10:44:24.200,1.11657,1.11658,750000,750000
2019.10.31 10:44:24.627,1.11658,1.1166,3320000,100000
2019.10.31 10:44:24.729,1.11658,1.11659,130000,750000
2019.10.31 10:44:24.830,1.11658,1.1166,1120000,750000
2019.10.31 10:44:25.957,1.11659,1.11661,1500000,750000
2019.10.31 10:44:26.682,1.1166,1.11661,750000,190000
2019.10.31 10:44:27.005,1.1166,1.11662,1690000,190000
2019.10.31 10:44:28.409,1.11659,1.1166,1500000,190000
2019.10.31 10:44:28.613,1.11658,1.1166,1500000,820000
2019.10.31 10:44:30.962,1.11657,1.1166,1120000,3190000
2019.10.31 10:44:36.709,1.11657,1.11659,750000,2250000
2019.10.31 10:44:39.962,1.11657,1.1166,2620000,940000
2019.10.31 10:44:40.164,1.11657,1.11658,750000,750000
2019.10.31 10:44:40.215,1.11657,1.1166,4500000,940000
2019.10.31 10:44:40.367,1.11657,1.11659,750000,750000
2019.10.31 10:44:41.323,1.11656,1.11659,1120000,2060000
2019.10.31 10:44:43.109,1.11657,1.1166,4690000,1500000
2019.10.31 10:44:46.219,1.11659,1.1166,1870000,750000
2019.10.31 10:44:46.320,1.11658,1.1166,370000,1010000
2019.10.31 10:44:46.495,1.11659,1.1166,1120000,190000
2019.10.31 10:44:46.805,1.11659,1.11661,1500000,190000
2019.10.31 10:44:49.534,1.1166,1.11661,750000,750000
2019.10.31 10:44:49.688,1.1166,1.11662,750000,3560000
2019.10.31 10:44:49.795,1.1166,1.11664,2700000,3640000
2019.10.31 10:44:49.998,1.11661,1.11663,750000,750000
2019.10.31 10:44:50.099,1.1166,1.11664,370000,7760000
2019.10.31 10:44:50.909,1.11661,1.11664,2250000,750000
2019.10.31 10:44:51.010,1.11661,1.11663,750000,750000
2019.10.31 10:44:51.681,1.1166,1.11664,2320000,3260000
2019.10.31 10:44:51.732,1.11662,1.11664,1500000,750000
2019.10.31 10:44:51.833,1.11662,1.11663,750000,750000
2019.10.31 10:44:52.286,1.11662,1.11664,1500000,750000
2019.10.31 10:44:52.388,1.11662,1.11663,370000,750000
2019.10.31 10:44:53.230,1.1166,1.11663,370000,5060000
2019.10.31 10:44:54.516,1.11659,1.11662,750000,3640000
2019.10.31 10:44:54.871,1.1166,1.11662,1120000,100000
2019.10.31 10:44:55.075,1.11659,1.11662,1120000,5890000
2019.10.31 10:44:55.351,1.1166,1.11662,1120000,100000
2019.10.31 10:44:55.503,1.11661,1.11662,750000,820000
2019.10.31 10:44:56.023,1.11662,1.11663,750000,100000
2019.10.31 10:44:56.170,1.11661,1.11662,750000,100000
2019.10.31 10:44:57.739,1.11659,1.11662,1870000,820000
2019.10.31 10:44:57.942,1.1166,1.11662,2620000,750000
2019.10.31 10:44:59.129,1.11659,1.11661,750000,100000
2019.10.31 10:44:59.231,1.11659,1.1166,2060000,820000
2019.10.31 10:45:00.237,1.11658,1.1166,1690000,260000
2019.10.31 10:45:02.810,1.11657,1.1166,2810000,2320000
2019.10.31 10:45:03.187,1.11658,1.1166,1500000,3070000
2019.10.31 10:45:03.238,1.11659,1.11661,1310000,100000
2019.10.31 10:45:03.390,1.1166,1.11661,560000,100000
2019.10.31 10:45:03.651,1.1166,1.11662,3370000,100000
2019.10.31 10:45:03.701,1.11659,1.1166,750000,640000
2019.10.31 10:45:05.500,1.11657,1.11659,750000,2810000
2019.10.31 10:45:05.855,1.11658,1.11659,750000,820000
2019.10.31 10:45:07.904,1.11657,1.11659,750000,640000
2019.10.31 10:45:08.012,1.11658,1.11659,750000,820000
2019.10.31 10:45:08.370,1.11659,1.1166,1500000,100000
2019.10.31 10:45:09.026,1.11658,1.11659,750000,1200000
2019.10.31 10:45:10.225,1.11658,1.1166,1500000,750000
2019.10.31 10:45:13.205,1.11657,1.1166,4870000,2140000
2019.10.31 10:45:13.604,1.11658,1.1166,5060000,100000
2019.10.31 10:45:13.705,1.11657,1.1166,5060000,1950000
2019.10.31 10:45:14.012,1.11658,1.1166,2440000,750000
2019.10.31 10:45:14.482,1.11657,1.1166,2440000,820000
2019.10.31 10:45:14.617,1.11657,1.11658,750000,750000
2019.10.31 10:45:14.820,1.11656,1.11658,750000,820000
2019.10.31 10:45:15.302,1.11656,1.11659,2250000,820000
2019.10.31 10:45:17.548,1.11656,1.11658,370000,820000
2019.10.31 10:45:17.997,1.11657,1.11658,1120000,750000
2019.10.31 10:45:18.098,1.11656,1.11657,1500000,450000
2019.10.31 10:45:18.149,1.11655,1.11656,750000,750000
2019.10.31 10:45:18.251,1.11654,1.11656,750000,370000
2019.10.31 10:45:18.353,1.11655,1.11657,1500000,100000
2019.10.31 10:45:18.483,1.11656,1.11657,1500000,1120000
2019.10.31 10:45:18.636,1.11655,1.11657,750000,1950000
2019.10.31 10:45:18.737,1.11656,1.11657,750000,820000
2019.10.31 10:45:19.236,1.11657,1.11658,1500000,1690000
2019.10.31 10:45:19.288,1.11658,1.11659,750000,1950000
2019.10.31 10:45:19.389,1.11658,1.1166,3190000,190000
2019.10.31 10:45:20.288,1.11658,1.11659,750000,190000
2019.10.31 10:45:21.329,1.11658,1.1166,2440000,190000
2019.10.31 10:45:21.847,1.1166,1.11661,1500000,750000
2019.10.31 10:45:22.414,1.11659,1.11661,750000,260000
2019.10.31 10:45:23.561,1.11658,1.11659,1500000,450000
2019.10.31 10:45:23.663,1.11657,1.11659,1500000,1010000
2019.10.31 10:45:23.767,1.11658,1.11659,1500000,100000
2019.10.31 10:45:24.319,1.11658,1.1166,7870000,970000
2019.10.31 10:45:26.076,1.11658,1.1166,6000000,1200000
2019.10.31 10:45:26.178,1.11656,1.11659,370000,1200000
2019.10.31 10:45:26.513,1.11656,1.1166,5810000,1950000
2019.10.31 10:45:26.564,1.11658,1.1166,5810000,100000
2019.10.31 10:45:26.665,1.11657,1.1166,3560000,820000
2019.10.31 10:45:26.918,1.11657,1.11659,370000,100000
2019.10.31 10:45:27.020,1.11658,1.11659,370000,100000
2019.10.31 10:45:27.255,1.11657,1.11659,370000,100000
2019.10.31 10:45:27.486,1.11658,1.1166,3940000,100000
2019.10.31 10:45:27.588,1.11657,1.1166,3940000,100000
2019.10.31 10:45:27.689,1.11658,1.1166,3940000,470000
2019.10.31 10:45:27.942,1.11657,1.1166,3190000,1200000
2019.10.31 10:45:28.043,1.11658,1.1166,3190000,100000
2019.10.31 10:45:28.831,1.11658,1.1166,3190000,470000
2019.10.31 10:45:29.427,1.11658,1.1166,3190000,100000
2019.10.31 10:45:29.528,1.11659,1.1166,190000,750000
2019.10.31 10:45:29.629,1.11658,1.1166,190000,820000
2019.10.31 10:45:30.186,1.11657,1.1166,2810000,100000
2019.10.31 10:45:30.313,1.11658,1.1166,3560000,100000
2019.10.31 10:45:30.717,1.11657,1.1166,1690000,1200000
2019.10.31 10:45:31.451,1.11658,1.1166,2810000,100000
2019.10.31 10:45:32.591,1.11657,1.1166,1690000,1950000
2019.10.31 10:45:32.699,1.11658,1.1166,1310000,100000
2019.10.31 10:45:33.054,1.11657,1.1166,1690000,1570000
2019.10.31 10:45:33.155,1.11658,1.1166,940000,100000
2019.10.31 10:45:33.278,1.11658,1.11661,5440000,100000
2019.10.31 10:45:34.352,1.11657,1.1166,750000,1010000
2019.10.31 10:45:35.836,1.11657,1.11659,370000,1760000
2019.10.31 10:45:36.797,1.11656,1.11659,1500000,2890000
2019.10.31 10:45:36.902,1.11658,1.1166,2060000,750000
2019.10.31 10:45:39.460,1.1166,1.11662,1500000,940000
2019.10.31 10:45:39.561,1.1166,1.11661,750000,750000
2019.10.31 10:45:39.613,1.11658,1.11661,1500000,820000
2019.10.31 10:45:39.772,1.11658,1.11659,370000,100000
2019.10.31 10:45:39.873,1.11659,1.1166,2250000,100000
2019.10.31 10:45:39.975,1.11658,1.11659,370000,100000
2019.10.31 10:45:40.086,1.11657,1.11659,370000,4200000
2019.10.31 10:45:40.188,1.11658,1.11659,370000,100000
2019.10.31 10:45:40.289,1.11658,1.1166,3000000,1220000
2019.10.31 10:45:40.445,1.11658,1.11659,370000,100000
2019.10.31 10:45:40.573,1.11657,1.11659,370000,4570000
2019.10.31 10:45:40.692,1.11658,1.11659,370000,100000
2019.10.31 10:45:40.793,1.11658,1.1166,750000,100000
2019.10.31 10:45:41.222,1.11657,1.1166,750000,3820000
2019.10.31 10:45:43.292,1.11658,1.1166,3000000,750000
2019.10.31 10:45:44.801,1.11659,1.1166,1870000,100000
2019.10.31 10:45:45.375,1.11658,1.1166,1120000,750000
2019.10.31 10:45:46.747,1.11658,1.11659,370000,750000
2019.10.31 10:45:47.737,1.11658,1.11661,5810000,820000
2019.10.31 10:45:48.737,1.11658,1.1166,370000,820000
2019.10.31 10:45:49.297,1.11657,1.1166,1120000,3450000
2019.10.31 10:45:57.196,1.11658,1.1166,370000,190000
2019.10.31 10:45:57.329,1.1166,1.11661,1500000,190000
2019.10.31 10:46:01.321,1.11659,1.11661,750000,820000
2019.10.31 10:46:01.870,1.1166,1.11661,750000,190000
2019.10.31 10:46:03.290,1.11659,1.11661,750000,2060000
2019.10.31 10:46:04.251,1.1166,1.11661,3000000,190000
2019.10.31 10:46:06.150,1.1166,1.11662,1500000,190000
2019.10.31 10:46:08.360,1.11659,1.11662,2250000,940000
2019.10.31 10:46:09.813,1.1166,1.11662,2250000,3000000
2019.10.31 10:46:09.914,1.1166,1.11663,1120000,4690000
2019.10.31 10:46:10.015,1.11661,1.11663,5320000,370000
2019.10.31 10:46:10.117,1.1166,1.11661,370000,750000
2019.10.31 10:46:10.488,1.11661,1.11662,3070000,190000
2019.10.31 10:46:11.106,1.1166,1.11662,1870000,940000
2019.10.31 10:46:15.043,1.1166,1.11662,750000,750000
2019.10.31 10:46:15.360,1.11661,1.11662,1120000,190000
2019.10.31 10:46:16.821,1.11661,1.11663,2060000,190000
2019.10.31 10:46:18.637,1.11661,1.11662,370000,190000
2019.10.31 10:46:19.577,1.11661,1.11663,2060000,190000
2019.10.31 10:46:24.733,1.11661,1.11664,1500000,1500000
2019.10.31 10:46:24.834,1.11662,1.11664,2250000,750000
2019.10.31 10:46:27.246,1.11662,1.11663,370000,750000
2019.10.31 10:46:27.297,1.1166,1.11663,1120000,6560000
2019.10.31 10:46:27.417,1.11661,1.11663,1120000,1570000
2019.10.31 10:46:27.518,1.1166,1.11663,1120000,6260000
2019.10.31 10:46:27.620,1.11661,1.11663,1120000,820000
2019.10.31 10:46:27.829,1.11661,1.11664,4200000,750000
2019.10.31 10:46:28.148,1.11661,1.11663,370000,750000
2019.10.31 10:46:30.807,1.1166,1.11663,370000,7310000
2019.10.31 10:46:30.917,1.11661,1.11663,370000,1500000
2019.10.31 10:46:31.072,1.11661,1.11664,3370000,1500000
2019.10.31 10:46:32.941,1.11661,1.11662,370000,2250000
2019.10.31 10:46:32.992,1.11659,1.11662,11510000,4200000
2019.10.31 10:46:33.093,1.11659,1.11661,370000,1200000
2019.10.31 10:46:33.346,1.11659,1.1166,750000,1120000
2019.10.31 10:46:33.461,1.1166,1.11661,1870000,190000
2019.10.31 10:46:34.077,1.11659,1.1166,750000,750000
2019.10.31 10:46:34.765,1.11659,1.11661,1500000,940000
2019.10.31 10:46:35.344,1.11658,1.11659,1870000,750000
2019.10.31 10:46:35.395,1.11655,1.11657,6940000,750000
2019.10.31 10:46:35.446,1.11654,1.11657,10310000,1200000
2019.10.31 10:46:35.548,1.11655,1.11656,750000,190000
2019.10.31 10:46:35.700,1.11655,1.11657,7870000,190000
2019.10.31 10:46:35.801,1.11653,1.11657,9640000,1500000
2019.10.31 10:46:35.903,1.11653,1.11656,750000,3750000
2019.10.31 10:46:36.047,1.11653,1.11657,12260000,1500000
2019.10.31 10:46:36.256,1.11653,1.11656,750000,3750000
2019.10.31 10:46:36.358,1.11654,1.11657,12260000,370000
2019.10.31 10:46:36.459,1.11654,1.11656,370000,750000
2019.10.31 10:46:37.503,1.11655,1.11657,5250000,190000
2019.10.31 10:46:37.604,1.11655,1.11656,750000,190000
2019.10.31 10:46:37.706,1.11653,1.11655,1120000,4200000
2019.10.31 10:46:37.831,1.11652,1.11654,7870000,2060000
2019.10.31 10:46:38.086,1.11651,1.11653,2240000,3190000
2019.10.31 10:46:38.646,1.11651,1.11653,4570000,1500000
2019.10.31 10:46:38.747,1.11651,1.11652,750000,1500000
2019.10.31 10:46:38.848,1.1165,1.11652,750000,6750000
2019.10.31 10:46:39.123,1.1165,1.11653,370000,2890000
2019.10.31 10:46:39.225,1.1165,1.11654,4200000,4310000
2019.10.31 10:46:39.487,1.11651,1.11654,2620000,2320000
2019.10.31 10:46:39.632,1.11652,1.11654,1120000,750000
2019.10.31 10:46:39.845,1.11651,1.11654,750000,4010000
2019.10.31 10:46:39.946,1.11652,1.11654,750000,750000
2019.10.31 10:46:42.149,1.11654,1.11656,2700000,750000
2019.10.31 10:46:42.301,1.11653,1.11655,1120000,2810000
2019.10.31 10:46:42.554,1.11652,1.11655,3370000,750000
2019.10.31 10:46:42.661,1.11651,1.11654,2620000,190000
2019.10.31 10:46:42.763,1.11651,1.11653,750000,1690000
2019.10.31 10:46:42.864,1.1165,1.11653,3370000,370000
2019.10.31 10:46:42.965,1.11649,1.11652,1500000,4690000
2019.10.31 10:46:44.292,1.11648,1.11652,6190000,3260000
2019.10.31 10:46:44.394,1.11648,1.11651,3260000,100000
2019.10.31 10:46:44.546,1.11647,1.11651,2890000,2440000
2019.10.31 10:46:44.850,1.11647,1.1165,750000,3940000
2019.10.31 10:46:44.970,1.11647,1.11651,2890000,1690000
2019.10.31 10:46:45.071,1.11649,1.11651,1690000,190000
2019.10.31 10:46:46.135,1.1165,1.11653,2620000,1200000
2019.10.31 10:46:46.237,1.11651,1.11653,1870000,370000
2019.10.31 10:46:46.338,1.1165,1.11653,1870000,1200000
2019.10.31 10:46:46.720,1.11651,1.11653,750000,1570000
2019.10.31 10:46:47.209,1.1165,1.11653,1500000,370000
2019.10.31 10:46:47.310,1.11649,1.11653,1500000,2510000
2019.10.31 10:46:47.563,1.1165,1.11653,1500000,750000
2019.10.31 10:46:47.664,1.11651,1.11653,2620000,190000
2019.10.31 10:46:48.322,1.11651,1.11654,2700000,1390000
2019.10.31 10:46:50.013,1.11651,1.11653,370000,190000
2019.10.31 10:46:51.106,1.11651,1.11654,1870000,190000
2019.10.31 10:46:52.225,1.11651,1.11653,750000,940000
2019.10.31 10:46:54.644,1.1165,1.11653,450000,2510000
2019.10.31 10:46:54.746,1.11651,1.11653,450000,750000
2019.10.31 10:46:54.961,1.1165,1.11653,450000,2510000
2019.10.31 10:46:55.114,1.11651,1.11653,750000,4690000
2019.10.31 10:46:55.165,1.11653,1.11655,1200000,1690000
2019.10.31 10:46:55.266,1.11653,1.11655,370000,2810000
2019.10.31 10:46:56.295,1.11653,1.11656,1120000,1760000
2019.10.31 10:46:56.551,1.11654,1.11656,750000,750000
2019.10.31 10:46:57.854,1.11653,1.11656,2700000,450000
2019.10.31 10:46:57.955,1.11652,1.11654,750000,1200000
2019.10.31 10:46:58.057,1.11651,1.11654,2620000,1500000
2019.10.31 10:46:58.210,1.11651,1.11653,1500000,1500000
2019.10.31 10:47:01.684,1.11652,1.11653,1120000,750000
2019.10.31 10:47:02.078,1.11651,1.11653,750000,4760000
2019.10.31 10:47:02.831,1.11651,1.11652,750000,190000
2019.10.31 10:47:02.932,1.1165,1.11653,5440000,190000
2019.10.31 10:47:03.156,1.1165,1.11652,750000,190000
2019.10.31 10:47:03.207,1.11651,1.11654,3560000,2440000
2019.10.31 10:47:03.258,1.11651,1.11652,750000,1690000
2019.10.31 10:47:03.465,1.11652,1.11654,3750000,190000
2019.10.31 10:47:04.355,1.11652,1.11653,370000,190000
2019.10.31 10:47:05.166,1.11652,1.11655,5060000,190000
2019.10.31 10:47:05.267,1.11654,1.11655,750000,750000
2019.10.31 10:47:05.376,1.11654,1.11656,1120000,750000
2019.10.31 10:47:05.527,1.11653,1.11656,1120000,940000
2019.10.31 10:47:06.300,1.11654,1.11656,1500000,1690000
2019.10.31 10:47:07.467,1.11653,1.11655,2250000,940000
2019.10.31 10:47:07.568,1.11652,1.11655,4870000,1690000
2019.10.31 10:47:07.669,1.11651,1.11653,750000,2140000
2019.10.31 10:47:08.033,1.11651,1.11652,750000,640000
2019.10.31 10:47:08.135,1.11651,1.11653,1500000,190000
2019.10.31 10:47:08.707,1.11652,1.11653,1500000,190000
2019.10.31 10:47:09.005,1.11652,1.11654,1500000,190000
2019.10.31 10:47:09.410,1.11653,1.11656,4500000,940000
2019.10.31 10:47:09.706,1.11653,1.11655,750000,940000
2019.10.31 10:47:09.809,1.11652,1.11654,750000,190000
2019.10.31 10:47:10.012,1.11652,1.11655,6370000,190000
2019.10.31 10:47:10.114,1.11652,1.11654,750000,190000
2019.10.31 10:47:10.215,1.11652,1.11655,6450000,190000
2019.10.31 10:47:10.317,1.11652,1.11654,1120000,190000
2019.10.31 10:47:10.491,1.11652,1.11653,750000,190000
2019.10.31 10:47:12.478,1.11651,1.11653,750000,260000
2019.10.31 10:47:12.736,1.1165,1.11653,2700000,1390000
2019.10.31 10:47:13.527,1.11651,1.11653,2700000,370000
2019.10.31 10:47:13.679,1.11651,1.11652,750000,370000
2019.10.31 10:47:13.915,1.1165,1.11652,750000,1310000
2019.10.31 10:47:14.119,1.11651,1.11652,750000,190000
2019.10.31 10:47:14.271,1.11651,1.11653,5250000,190000
2019.10.31 10:47:16.465,1.1165,1.11652,4500000,3000000
2019.10.31 10:47:16.567,1.11649,1.11652,7690000,1120000
2019.10.31 10:47:16.839,1.11649,1.11651,4500000,370000
2019.10.31 10:47:16.942,1.11649,1.1165,750000,370000
2019.10.31 10:47:21.032,1.11649,1.11651,7500000,190000
2019.10.31 10:47:21.835,1.11649,1.1165,750000,190000
2019.10.31 10:47:24.808,1.11648,1.1165,940000,560000
2019.10.31 10:47:24.909,1.11649,1.1165,750000,560000
2019.10.31 10:47:25.650,1.11649,1.11651,6750000,190000
2019.10.31 10:47:25.820,1.11648,1.1165,4500000,2440000
2019.10.31 10:47:25.922,1.11649,1.11651,7950000,260000
2019.10.31 10:47:26.023,1.11648,1.11651,7570000,940000
2019.10.31 10:47:27.005,1.1165,1.11651,370000,750000
2019.10.31 10:47:27.056,1.11651,1.11653,4870000,190000
2019.10.31 10:47:27.258,1.11652,1.11653,750000,260000
2019.10.31 10:47:27.362,1.11652,1.11654,5620000,260000
2019.10.31 10:47:27.514,1.11653,1.11654,1870000,750000
2019.10.31 10:47:27.615,1.11652,1.11653,750000,190000
2019.10.31 10:47:27.738,1.11653,1.11654,1870000,100000
2019.10.31 10:47:27.839,1.11652,1.11654,3940000,1690000
2019.10.31 10:47:28.476,1.11651,1.11654,3750000,260000
2019.10.31 10:47:29.849,1.11652,1.11654,2620000,190000
2019.10.31 10:47:30.284,1.11653,1.11654,2250000,100000
2019.10.31 10:47:30.437,1.11654,1.11655,1500000,750000
2019.10.31 10:47:30.539,1.11654,1.11656,1200000,450000
2019.10.31 10:47:30.691,1.11653,1.11656,1120000,2140000
2019.10.31 10:47:32.045,1.11654,1.11656,750000,750000
2019.10.31 10:47:32.265,1.11653,1.11656,750000,1760000
2019.10.31 10:47:33.721,1.11654,1.11656,1500000,750000
2019.10.31 10:47:33.822,1.11653,1.11656,2250000,2140000
2019.10.31 10:47:34.135,1.11654,1.11656,2250000,750000
2019.10.31 10:47:34.273,1.11653,1.11656,2250000,2140000
2019.10.31 10:47:35.147,1.11653,1.11656,7680000,260000
2019.10.31 10:47:35.248,1.11651,1.11655,5140000,2510000
2019.10.31 10:47:35.357,1.11651,1.11654,2510000,3000000
2019.10.31 10:47:35.458,1.11651,1.11653,2250000,190000
2019.10.31 10:47:39.371,1.11652,1.11654,1690000,190000
2019.10.31 10:47:40.998,1.11652,1.11653,100000,190000
2019.10.31 10:47:41.099,1.11652,1.11654,1390000,260000
2019.10.31 10:47:41.628,1.1165,1.11654,4010000,5890000
2019.10.31 10:47:42.516,1.1165,1.11653,370000,7010000
2019.10.31 10:47:44.119,1.11651,1.11653,370000,1870000
2019.10.31 10:47:44.566,1.11651,1.11654,4390000,1870000
2019.10.31 10:47:44.667,1.1165,1.11654,5890000,8510000
2019.10.31 10:47:45.402,1.11651,1.11654,5810000,100000
2019.10.31 10:47:45.554,1.1165,1.11654,5140000,6260000
2019.10.31 10:47:46.291,1.11651,1.11654,5510000,750000
2019.10.31 10:47:47.434,1.11652,1.11654,1500000,750000
2019.10.31 10:47:47.546,1.11651,1.11654,1500000,2890000
2019.10.31 10:47:51.578,1.11651,1.11652,750000,750000
2019.10.31 10:47:51.731,1.1165,1.11652,2060000,1570000
2019.10.31 10:47:51.883,1.11649,1.11651,190000,2440000
2019.10.31 10:47:51.984,1.1165,1.11651,450000,190000
2019.10.31 10:47:53.647,1.11649,1.11651,3820000,1390000
2019.10.31 10:47:53.950,1.11649,1.11652,4570000,190000
2019.10.31 10:47:54.052,1.1165,1.11652,3070000,100000
2019.10.31 10:47:54.153,1.11649,1.11652,2700000,190000
2019.10.31 10:47:54.672,1.1165,1.11652,1120000,3260000
2019.10.31 10:47:54.773,1.1165,1.11654,1390000,5140000
2019.10.31 10:47:54.875,1.11651,1.11654,1200000,190000
2019.10.31 10:47:55.178,1.11651,1.11653,100000,2890000
2019.10.31 10:47:55.279,1.11651,1.11654,750000,2510000
2019.10.31 10:47:55.728,1.11651,1.11653,370000,260000
2019.10.31 10:47:58.074,1.11652,1.11653,370000,370000
2019.10.31 10:47:58.175,1.11651,1.11653,370000,1390000
2019.10.31 10:47:59.017,1.11653,1.11654,750000,940000
2019.10.31 10:47:59.221,1.11654,1.11655,2250000,750000
2019.10.31 10:47:59.322,1.11654,1.11656,2700000,820000
2019.10.31 10:47:59.424,1.11653,1.11656,2700000,940000
2019.10.31 10:47:59.576,1.11652,1.11655,370000,2510000
2019.10.31 10:47:59.679,1.11652,1.11654,750000,1010000
2019.10.31 10:48:00.298,1.11651,1.11654,750000,1010000
2019.10.31 10:48:00.413,1.11651,1.11653,370000,260000
2019.10.31 10:48:00.565,1.1165,1.11653,1390000,2250000
2019.10.31 10:48:01.041,1.1165,1.11652,5440000,820000
2019.10.31 10:48:01.142,1.11649,1.11651,450000,1570000
2019.10.31 10:48:01.995,1.1165,1.11652,450000,190000
2019.10.31 10:48:02.430,1.1165,1.11651,370000,260000
2019.10.31 10:48:04.322,1.1165,1.11652,100000,190000
2019.10.31 10:48:04.424,1.11649,1.11651,940000,470000
2019.10.31 10:48:04.475,1.11648,1.11649,1690000,3750000
2019.10.31 10:48:04.576,1.11646,1.11648,190000,1390000
2019.10.31 10:48:07.237,1.11647,1.11648,190000,370000
2019.10.31 10:48:07.339,1.11646,1.11648,190000,560000
2019.10.31 10:48:08.066,1.11646,1.11649,1120000,2140000
2019.10.31 10:48:08.167,1.11647,1.11649,2700000,750000
2019.10.31 10:48:08.269,1.11646,1.11649,1200000,560000
2019.10.31 10:48:09.168,1.11646,1.11648,450000,640000
2019.10.31 10:48:10.325,1.11646,1.11649,1500000,1010000
2019.10.31 10:48:11.755,1.11647,1.11649,1950000,100000
2019.10.31 10:48:12.160,1.11646,1.11649,1120000,3260000
2019.10.31 10:48:13.543,1.11646,1.1165,7010000,1010000
2019.10.31 10:48:13.871,1.11646,1.11649,750000,1010000
2019.10.31 10:48:14.867,1.11646,1.1165,6260000,640000
2019.10.31 10:48:15.144,1.11647,1.1165,5510000,750000
2019.10.31 10:48:15.603,1.11646,1.1165,5140000,3260000
2019.10.31 10:48:15.704,1.11646,1.11649,750000,3260000
2019.10.31 10:48:15.806,1.11646,1.1165,6260000,5890000
2019.10.31 10:48:16.049,1.11646,1.11649,100000,5060000
2019.10.31 10:48:16.150,1.11646,1.1165,5510000,2140000
2019.10.31 10:48:16.251,1.11646,1.11649,370000,3640000
2019.10.31 10:48:16.353,1.11647,1.11649,1570000,100000
2019.10.31 10:48:16.454,1.11646,1.11649,1120000,3640000
2019.10.31 10:48:20.707,1.11646,1.11648,100000,640000
2019.10.31 10:48:24.587,1.11646,1.11649,3450000,190000
2019.10.31 10:48:24.931,1.11646,1.11648,100000,640000
2019.10.31 10:48:25.032,1.11646,1.11649,6820000,190000
2019.10.31 10:48:25.721,1.11646,1.11648,100000,190000
2019.10.31 10:48:25.901,1.11646,1.11649,4950000,190000
2019.10.31 10:48:26.882,1.11646,1.11648,370000,190000
2019.10.31 10:48:28.261,1.11646,1.11647,370000,190000
2019.10.31 10:48:29.252,1.11646,1.11648,2250000,190000
2019.10.31 10:48:33.744,1.11647,1.11648,750000,750000
2019.10.31 10:48:33.846,1.11648,1.1165,1650000,370000
2019.10.31 10:48:33.977,1.1165,1.11651,1120000,370000
2019.10.31 10:48:34.078,1.11649,1.11651,450000,2140000
2019.10.31 10:48:34.180,1.11648,1.1165,190000,260000
2019.10.31 10:48:35.508,1.11648,1.11649,100000,190000
2019.10.31 10:48:35.853,1.11648,1.1165,1690000,190000
2019.10.31 10:48:38.785,1.11646,1.1165,1950000,4390000
2019.10.31 10:48:40.166,1.11648,1.1165,1570000,100000
2019.10.31 10:48:40.476,1.11646,1.1165,820000,5510000
2019.10.31 10:48:40.579,1.11648,1.1165,750000,1500000
2019.10.31 10:48:40.681,1.11647,1.1165,2890000,190000
2019.10.31 10:48:41.622,1.11647,1.11649,370000,940000
2019.10.31 10:48:41.754,1.11646,1.11649,370000,1570000
2019.10.31 10:48:42.811,1.11645,1.11649,450000,6640000
2019.10.31 10:48:45.492,1.11646,1.11649,1200000,1870000
2019.10.31 10:48:45.995,1.11645,1.11649,1200000,5890000
2019.10.31 10:48:46.179,1.11646,1.11649,1120000,100000
2019.10.31 10:48:47.671,1.11646,1.11648,100000,450000
2019.10.31 10:48:49.671,1.11646,1.1165,6640000,100000
2019.10.31 10:48:49.772,1.11645,1.11649,100000,5890000
2019.10.31 10:48:49.904,1.11646,1.11649,100000,1870000
2019.10.31 10:48:50.072,1.11645,1.11649,100000,5890000
2019.10.31 10:48:50.664,1.11646,1.11649,100000,1870000
2019.10.31 10:48:50.767,1.11645,1.11649,100000,5890000
2019.10.31 10:48:52.247,1.11646,1.11649,450000,370000
2019.10.31 10:48:52.712,1.11645,1.11649,450000,7010000
2019.10.31 10:48:53.563,1.11646,1.11649,100000,370000
2019.10.31 10:48:54.263,1.11647,1.11649,100000,190000
2019.10.31 10:48:54.365,1.11646,1.11648,100000,1200000
2019.10.31 10:48:54.776,1.11646,1.11649,750000,820000
2019.10.31 10:48:54.978,1.11646,1.1165,2320000,2140000
2019.10.31 10:48:55.029,1.11648,1.1165,1200000,750000
2019.10.31 10:48:55.179,1.11649,1.1165,1200000,750000
2019.10.31 10:48:55.282,1.11648,1.1165,940000,750000
2019.10.31 10:48:55.383,1.11647,1.1165,1010000,1690000
2019.10.31 10:48:56.298,1.11647,1.11651,820000,1760000
2019.10.31 10:48:58.871,1.11647,1.11649,100000,2510000
2019.10.31 10:48:59.023,1.11647,1.1165,2250000,640000
2019.10.31 10:48:59.125,1.11647,1.11649,100000,370000
2019.10.31 10:48:59.328,1.11646,1.11649,100000,2060000
2019.10.31 10:48:59.990,1.11646,1.1165,2890000,2140000
2019.10.31 10:49:00.092,1.11648,1.1165,100000,560000
2019.10.31 10:49:00.193,1.11648,1.11651,4570000,370000
2019.10.31 10:49:00.294,1.11648,1.11649,1500000,1870000
2019.10.31 10:49:01.172,1.11646,1.11649,2250000,1950000
2019.10.31 10:49:02.055,1.11647,1.11649,1950000,370000
2019.10.31 10:49:03.006,1.11647,1.1165,1500000,560000
2019.10.31 10:49:05.793,1.11646,1.1165,2320000,2890000
2019.10.31 10:49:06.676,1.11648,1.11651,1120000,2810000
2019.10.31 10:49:06.850,1.11646,1.1165,940000,4690000
2019.10.31 10:49:08.073,1.11646,1.11649,750000,750000
2019.10.31 10:49:10.455,1.11647,1.11648,750000,750000
2019.10.31 10:49:11.201,1.11646,1.11648,1120000,1870000
2019.10.31 10:49:11.662,1.11646,1.11647,750000,750000
2019.10.31 10:49:11.713,1.11644,1.11646,1500000,1870000
2019.10.31 10:49:11.815,1.11645,1.11646,1500000,750000
2019.10.31 10:49:11.916,1.11644,1.11646,3000000,2250000
2019.10.31 10:49:12.410,1.11644,1.11646,4570000,1870000
2019.10.31 10:49:13.355,1.11644,1.11646,3820000,750000
2019.10.31 10:49:14.586,1.11644,1.11646,3450000,750000
2019.10.31 10:49:16.796,1.11644,1.11646,4120000,1120000
2019.10.31 10:49:17.434,1.11644,1.11646,6940000,750000
2019.10.31 10:49:17.536,1.11643,1.11645,5060000,1120000
2019.10.31 10:49:17.639,1.11643,1.11646,9640000,750000
2019.10.31 10:49:17.690,1.11642,1.11643,750000,1120000
2019.10.31 10:49:18.507,1.11641,1.11643,750000,1870000
2019.10.31 10:49:18.660,1.1164,1.11642,3750000,1870000
2019.10.31 10:49:19.399,1.1164,1.11643,750000,2060000
2019.10.31 10:49:19.680,1.11642,1.11644,3370000,750000
2019.10.31 10:49:22.025,1.11641,1.11644,1500000,2620000
2019.10.31 10:49:22.128,1.11642,1.11644,750000,2250000
2019.10.31 10:49:22.230,1.11641,1.11644,750000,8810000
2019.10.31 10:49:22.331,1.11642,1.11644,750000,2250000
2019.10.31 10:49:23.506,1.11643,1.11644,750000,750000
2019.10.31 10:49:24.651,1.11644,1.11645,190000,750000
2019.10.31 10:49:24.703,1.11646,1.11647,1570000,1500000
2019.10.31 10:49:24.806,1.11646,1.11648,4870000,1500000
2019.10.31 10:49:24.908,1.11645,1.11647,2250000,1500000
2019.10.31 10:49:27.621,1.11644,1.11646,190000,1690000
2019.10.31 10:49:27.722,1.11643,1.11645,940000,940000
2019.10.31 10:49:29.441,1.11643,1.11644,370000,750000
2019.10.31 10:49:29.585,1.11642,1.11644,1570000,750000
2019.10.31 10:49:29.686,1.11641,1.11644,3000000,750000
2019.10.31 10:49:29.889,1.11641,1.11643,4120000,750000
2019.10.31 10:49:30.041,1.11641,1.11642,1120000,750000
2019.10.31 10:49:30.186,1.1164,1.11642,2620000,370000
2019.10.31 10:49:30.237,1.11638,1.11641,3750000,1500000
2019.10.31 10:49:30.339,1.11637,1.11641,3190000,5700000
2019.10.31 10:49:31.722,1.11638,1.11641,750000,100000
2019.10.31 10:49:31.824,1.11637,1.11641,750000,5440000
2019.10.31 10:49:31.926,1.11639,1.11642,2250000,190000
2019.10.31 10:49:32.028,1.1164,1.11642,750000,2250000
2019.10.31 10:49:32.173,1.1164,1.11643,750000,940000
2019.10.31 10:49:32.429,1.1164,1.11642,750000,2440000
2019.10.31 10:49:32.531,1.11635,1.11638,3000000,4390000
2019.10.31 10:49:32.583,1.11636,1.11638,1870000,750000
2019.10.31 10:49:32.684,1.11636,1.11637,750000,1500000
2019.10.31 10:49:32.815,1.11633,1.11635,1120000,4200000
2019.10.31 10:49:32.967,1.11634,1.11635,1870000,100000
2019.10.31 10:49:33.069,1.11635,1.11637,100000,2060000
2019.10.31 10:49:33.170,1.11635,1.11638,750000,940000
2019.10.31 10:49:33.447,1.11635,1.11639,1390000,3190000
2019.10.31 10:49:33.549,1.11635,1.11638,450000,5440000
2019.10.31 10:49:33.869,1.11635,1.11639,1390000,5440000
2019.10.31 10:49:34.140,1.11635,1.11638,450000,7690000
2019.10.31 10:49:34.317,1.11635,1.11639,1010000,3190000
2019.10.31 10:49:34.497,1.11636,1.11639,1010000,750000
2019.10.31 10:49:35.159,1.11637,1.11639,750000,190000
2019.10.31 10:49:35.390,1.11636,1.11639,940000,1310000
2019.10.31 10:49:36.755,1.11636,1.11639,1500000,940000
2019.10.31 10:49:37.145,1.11636,1.11639,750000,940000
2019.10.31 10:49:37.447,1.11637,1.1164,2700000,3190000
2019.10.31 10:49:37.548,1.11637,1.11642,3840000,8440000
2019.10.31 10:49:37.650,1.11638,1.11642,1570000,4120000
2019.10.31 10:49:37.915,1.11638,1.11641,100000,5060000
2019.10.31 10:49:38.525,1.11638,1.11641,100000,4310000
2019.10.31 10:49:38.762,1.11639,1.11641,100000,750000
2019.10.31 10:49:38.987,1.11638,1.11641,100000,3940000
2019.10.31 10:49:39.338,1.11639,1.11641,100000,750000
2019.10.31 10:49:39.540,1.11638,1.11641,100000,3940000
2019.10.31 10:49:40.163,1.11639,1.11641,100000,750000
2019.10.31 10:49:40.302,1.11639,1.11642,1570000,750000
2019.10.31 10:49:40.638,1.1164,1.11642,1500000,750000
2019.10.31 10:49:41.674,1.11639,1.11642,2250000,3190000
2019.10.31 10:49:43.405,1.1164,1.11642,820000,2250000
2019.10.31 10:49:46.107,1.1164,1.11643,1200000,2810000
2019.10.31 10:49:46.271,1.11642,1.11643,750000,190000
2019.10.31 10:49:46.647,1.11642,1.11644,750000,190000
2019.10.31 10:49:46.851,1.11642,1.11645,3640000,190000
2019.10.31 10:49:47.206,1.11642,1.11644,750000,940000
2019.10.31 10:49:47.460,1.11643,1.11645,2060000,750000
2019.10.31 10:49:47.561,1.11645,1.11647,2700000,190000
2019.10.31 10:49:47.663,1.11645,1.11648,750000,940000
2019.10.31 10:49:47.865,1.11645,1.11647,750000,2360000
2019.10.31 10:49:47.967,1.11644,1.11645,1200000,1240000
2019.10.31 10:49:48.068,1.11643,1.11645,2250000,1990000
2019.10.31 10:49:48.170,1.11644,1.11645,750000,750000
2019.10.31 10:49:48.271,1.11643,1.11645,750000,1500000
2019.10.31 10:49:51.179,1.11643,1.11644,750000,750000
2019.10.31 10:49:51.281,1.11642,1.11644,940000,750000
2019.10.31 10:49:51.395,1.11641,1.11644,940000,1690000
2019.10.31 10:49:51.497,1.11641,1.11643,370000,560000
2019.10.31 10:49:52.933,1.11641,1.11643,1120000,3180000
2019.10.31 10:49:53.034,1.11641,1.11644,2510000,1310000
2019.10.31 10:49:53.374,1.11641,1.11644,750000,3190000
2019.10.31 10:49:55.201,1.11641,1.11644,1120000,4310000
2019.10.31 10:49:57.004,1.11641,1.11644,3070000,3000000
2019.10.31 10:49:57.409,1.11642,1.11644,1870000,1500000
2019.10.31 10:49:57.516,1.11641,1.11644,1870000,2250000
2019.10.31 10:50:00.581,1.11641,1.11643,1500000,370000
2019.10.31 10:50:00.683,1.11639,1.11641,750000,940000
2019.10.31 10:50:00.917,1.11638,1.11641,1120000,750000
2019.10.31 10:50:01.019,1.11637,1.11639,750000,370000
2019.10.31 10:50:01.170,1.11636,1.11639,750000,4310000
2019.10.31 10:50:02.499,1.11637,1.11639,750000,100000
2019.10.31 10:50:02.600,1.11636,1.11639,750000,3940000
2019.10.31 10:50:04.328,1.11637,1.1164,2620000,750000
2019.10.31 10:50:05.636,1.11636,1.1164,1870000,4310000
2019.10.31 10:50:05.750,1.11636,1.11639,100000,3560000
2019.10.31 10:50:06.308,1.11636,1.11638,1500000,1500000
2019.10.31 10:50:06.948,1.11637,1.11638,750000,370000
2019.10.31 10:50:07.049,1.11636,1.11638,820000,2250000
2019.10.31 10:50:08.152,1.11635,1.11637,1870000,190000
2019.10.31 10:50:08.253,1.11636,1.11638,3190000,1120000
2019.10.31 10:50:08.811,1.11636,1.11639,3070000,1870000
2019.10.31 10:50:09.063,1.11637,1.11639,3000000,1500000
2019.10.31 10:50:09.467,1.11636,1.11639,3000000,5060000
2019.10.31 10:50:09.568,1.11637,1.11639,2250000,1500000
2019.10.31 10:50:11.797,1.11637,1.11638,100000,1500000
2019.10.31 10:50:11.899,1.11636,1.11639,2890000,1310000
2019.10.31 10:50:12.254,1.11636,1.11638,1500000,560000
2019.10.31 10:50:12.354,1.11634,1.11637,820000,1310000
2019.10.31 10:50:12.607,1.11635,1.11637,750000,940000
2019.10.31 10:50:12.708,1.11634,1.11638,1950000,3560000
2019.10.31 10:50:12.809,1.11635,1.11638,2320000,1500000
2019.10.31 10:50:14.585,1.11636,1.11638,1570000,370000
2019.10.31 10:50:14.687,1.11636,1.11639,2700000,1870000
2019.10.31 10:50:17.365,1.11636,1.11638,100000,2620000
2019.10.31 10:50:17.467,1.11637,1.11639,1500000,750000
2019.10.31 10:50:20.563,1.11638,1.1164,1500000,750000
2019.10.31 10:50:20.665,1.11637,1.1164,1500000,750000
2019.10.31 10:50:20.766,1.11637,1.11639,100000,750000
2019.10.31 10:50:21.824,1.11637,1.1164,3070000,750000
2019.10.31 10:50:22.261,1.11637,1.11639,100000,750000
2019.10.31 10:50:23.254,1.11637,1.1164,3640000,750000
2019.10.31 10:50:23.765,1.11637,1.11639,370000,1120000
2019.10.31 10:50:28.020,1.11636,1.1164,4010000,3450000
2019.10.31 10:50:33.745,1.11637,1.1164,940000,100000
2019.10.31 10:50:33.846,1.11636,1.1164,940000,6370000
2019.10.31 10:50:34.637,1.11637,1.11639,750000,750000
2019.10.31 10:50:35.025,1.11637,1.1164,3560000,750000
2019.10.31 10:50:35.584,1.11636,1.1164,1310000,7120000
2019.10.31 10:50:40.155,1.11637,1.1164,1690000,1500000
2019.10.31 10:50:40.751,1.11636,1.1164,1690000,4570000
2019.10.31 10:50:40.903,1.11637,1.1164,1690000,100000
2019.10.31 10:50:41.040,1.11636,1.1164,1760000,3450000
2019.10.31 10:50:41.588,1.11637,1.1164,1760000,1500000
2019.10.31 10:50:41.780,1.11636,1.1164,1760000,5700000
2019.10.31 10:50:42.167,1.11636,1.11639,370000,4200000
2019.10.31 10:50:42.269,1.11636,1.1164,2440000,3750000
2019.10.31 10:50:42.521,1.11636,1.11638,750000,4500000
2019.10.31 10:50:43.080,1.11637,1.11638,750000,1120000
2019.10.31 10:50:43.131,1.11637,1.1164,4010000,1120000
2019.10.31 10:50:43.232,1.11637,1.11639,370000,1120000
2019.10.31 10:50:43.485,1.11636,1.11639,370000,3070000
2019.10.31 10:50:44.017,1.11637,1.11639,370000,1120000
2019.10.31 10:50:44.726,1.11636,1.11639,370000,2320000
2019.10.31 10:50:45.957,1.11637,1.11639,1500000,750000
2019.10.31 10:50:46.221,1.11636,1.11639,3000000,1500000
2019.10.31 10:50:47.244,1.11637,1.11639,750000,1500000
2019.10.31 10:50:49.134,1.11638,1.11639,750000,750000
2019.10.31 10:50:49.235,1.11639,1.1164,750000,750000
2019.10.31 10:50:49.336,1.11638,1.1164,750000,3000000
2019.10.31 10:50:49.438,1.11639,1.1164,750000,750000
2019.10.31 10:50:49.752,1.11638,1.1164,750000,2250000
2019.10.31 10:50:49.956,1.11641,1.11642,1500000,750000
2019.10.31 10:50:50.059,1.11641,1.11643,1120000,1120000
2019.10.31 10:50:50.161,1.1164,1.11643,1120000,3940000
2019.10.31 10:50:50.262,1.11641,1.11644,1840000,1500000
2019.10.31 10:50:50.950,1.11641,1.11643,190000,560000
2019.10.31 10:50:51.001,1.11639,1.11642,750000,2140000
2019.10.31 10:50:51.102,1.11639,1.11641,370000,560000
2019.10.31 10:50:51.367,1.11639,1.11642,1870000,3260000
2019.10.31 10:50:51.672,1.11639,1.1164,370000,750000
2019.10.31 10:50:51.724,1.11637,1.1164,1690000,1120000
2019.10.31 10:50:51.876,1.11636,1.1164,1690000,5590000
2019.10.31 10:50:52.013,1.11637,1.1164,1690000,1500000
2019.10.31 10:50:53.053,1.11637,1.11639,750000,1500000
2019.10.31 10:50:53.891,1.11636,1.11639,750000,4690000
2019.10.31 10:50:54.588,1.11636,1.1164,1690000,3190000
2019.10.31 10:50:54.740,1.11637,1.11639,370000,3370000
2019.10.31 10:50:55.345,1.11637,1.11638,750000,370000
2019.10.31 10:50:55.753,1.11636,1.11638,750000,3640000
2019.10.31 10:50:56.451,1.11637,1.11638,750000,1500000
2019.10.31 10:50:56.552,1.11636,1.11638,750000,2440000
2019.10.31 10:50:57.359,1.11637,1.11638,750000,1500000
2019.10.31 10:50:57.861,1.11636,1.11638,750000,1690000
2019.10.31 10:50:57.984,1.11637,1.11639,2320000,2250000
2019.10.31 10:50:58.086,1.11638,1.1164,1500000,750000
2019.10.31 10:50:58.193,1.11639,1.11641,3190000,190000
2019.10.31 10:50:58.296,1.11638,1.1164,190000,560000
2019.10.31 10:51:00.022,1.11637,1.1164,190000,750000
2019.10.31 10:51:00.124,1.11636,1.1164,1390000,8440000
2019.10.31 10:51:00.226,1.11637,1.11639,750000,750000
2019.10.31 10:51:01.738,1.11636,1.11639,560000,1500000
2019.10.31 10:51:02.296,1.11637,1.11639,370000,1500000
2019.10.31 10:51:02.499,1.11636,1.11639,450000,3260000
2019.10.31 10:51:05.182,1.11637,1.11639,100000,1500000
2019.10.31 10:51:05.445,1.11636,1.11639,100000,3190000
2019.10.31 10:51:06.006,1.11636,1.11637,750000,1500000
2019.10.31 10:51:06.058,1.11634,1.11637,1950000,190000
2019.10.31 10:51:06.494,1.11633,1.11636,450000,1010000
2019.10.31 10:51:06.787,1.11633,1.11637,5890000,190000
2019.10.31 10:51:06.902,1.11632,1.11636,1010000,940000
2019.10.31 10:51:07.004,1.11632,1.11635,100000,190000
2019.10.31 10:51:07.846,1.11632,1.11636,1390000,560000
2019.10.31 10:51:08.099,1.11635,1.11637,1950000,370000
2019.10.31 10:51:08.201,1.11634,1.11637,1500000,6560000
2019.10.31 10:51:08.303,1.11635,1.11637,1500000,750000
2019.10.31 10:51:08.405,1.11634,1.11637,1500000,4310000
2019.10.31 10:51:08.507,1.11635,1.11638,1570000,1690000
2019.10.31 10:51:08.609,1.11636,1.11638,1500000,560000
2019.10.31 10:51:08.711,1.11637,1.11638,2250000,1500000
2019.10.31 10:51:10.281,1.11638,1.1164,100000,3750000
2019.10.31 10:51:10.382,1.11639,1.11641,370000,370000
2019.10.31 10:51:10.484,1.11638,1.1164,750000,1500000
2019.10.31 10:51:10.585,1.11637,1.1164,2320000,1690000
2019.10.31 10:51:12.015,1.11637,1.11639,750000,190000
2019.10.31 10:51:12.117,1.11636,1.11639,1500000,2440000
2019.10.31 10:51:12.218,1.11637,1.11639,1500000,1500000
2019.10.31 10:51:12.977,1.11636,1.11639,750000,2440000
2019.10.31 10:51:13.952,1.11637,1.11639,750000,190000
2019.10.31 10:51:14.692,1.11636,1.11639,750000,3190000
2019.10.31 10:51:15.473,1.11637,1.11639,750000,2250000
2019.10.31 10:51:16.306,1.11636,1.11639,750000,4690000
2019.10.31 10:51:17.009,1.11637,1.11639,750000,2250000
2019.10.31 10:51:17.195,1.11636,1.11639,750000,5810000
2019.10.31 10:51:18.522,1.11637,1.11639,750000,2250000
2019.10.31 10:51:18.623,1.11636,1.11639,750000,5440000
2019.10.31 10:51:18.888,1.11638,1.1164,2510000,750000
2019.10.31 10:51:19.589,1.11638,1.11639,750000,750000
2019.10.31 10:51:22.076,1.11638,1.1164,2320000,2250000
2019.10.31 10:51:22.228,1.11639,1.1164,3000000,750000
2019.10.31 10:51:22.351,1.11638,1.1164,3640000,750000
2019.10.31 10:51:22.464,1.11638,1.11639,750000,750000
2019.10.31 10:51:26.847,1.11639,1.11641,3260000,1500000
2019.10.31 10:51:26.949,1.11638,1.1164,1500000,2250000
2019.10.31 10:51:27.378,1.11638,1.11639,450000,1500000
2019.10.31 10:51:27.480,1.11638,1.1164,3260000,750000
2019.10.31 10:51:27.885,1.11638,1.11639,100000,750000
2019.10.31 10:51:29.376,1.11638,1.1164,2440000,750000
2019.10.31 10:51:29.952,1.11638,1.11639,100000,1500000
2019.10.31 10:51:30.104,1.11638,1.1164,3260000,750000
2019.10.31 10:51:30.910,1.11639,1.11641,2510000,370000
2019.10.31 10:51:31.011,1.11639,1.11641,940000,370000
2019.10.31 10:51:31.444,1.11641,1.11642,940000,750000
2019.10.31 10:51:31.545,1.11641,1.11643,2320000,1120000
2019.10.31 10:51:31.693,1.11641,1.11642,450000,370000
2019.10.31 10:51:31.794,1.11641,1.11642,450000,370000
2019.10.31 10:51:31.895,1.11641,1.11643,2320000,370000
2019.10.31 10:51:32.098,1.1164,1.11642,2890000,750000
2019.10.31 10:51:32.199,1.11639,1.11642,2510000,3000000
2019.10.31 10:51:32.300,1.1164,1.11642,1010000,1870000
2019.10.31 10:51:32.402,1.11641,1.11643,2890000,370000
2019.10.31 10:51:32.503,1.11641,1.11643,2440000,1690000
2019.10.31 10:51:33.245,1.11641,1.11644,100000,5890000
2019.10.31 10:51:33.347,1.11643,1.11645,940000,190000
2019.10.31 10:51:33.651,1.11642,1.11644,1200000,1500000
2019.10.31 10:51:33.753,1.11642,1.11643,2250000,2250000
2019.10.31 10:51:33.906,1.11641,1.11643,1570000,2250000
2019.10.31 10:51:34.857,1.11641,1.11643,1870000,750000
2019.10.31 10:51:35.346,1.11641,1.11643,1570000,1500000
2019.10.31 10:51:35.548,1.11642,1.11643,750000,1500000
2019.10.31 10:51:37.462,1.11641,1.11643,750000,750000
2019.10.31 10:51:38.938,1.1164,1.11641,940000,980000
2019.10.31 10:51:38.988,1.11639,1.11641,940000,1120000
2019.10.31 10:51:39.191,1.11637,1.1164,100000,5140000
2019.10.31 10:51:39.293,1.11637,1.11641,1760000,2060000
2019.10.31 10:51:39.394,1.11637,1.1164,190000,4870000
2019.10.31 10:51:39.956,1.11638,1.1164,190000,750000
2019.10.31 10:51:40.065,1.11637,1.1164,190000,1500000
2019.10.31 10:51:40.891,1.11639,1.11641,3260000,750000
2019.10.31 10:51:40.992,1.11638,1.11641,2510000,2250000
2019.10.31 10:51:41.898,1.11638,1.1164,750000,750000
2019.10.31 10:51:42.905,1.11637,1.1164,750000,3190000
2019.10.31 10:51:43.010,1.11636,1.11639,1500000,4010000
2019.10.31 10:51:43.111,1.11636,1.11638,750000,1500000
2019.10.31 10:51:43.212,1.11637,1.11638,750000,1500000
2019.10.31 10:51:43.314,1.11636,1.11638,820000,1500000
2019.10.31 10:51:43.567,1.11637,1.11638,1200000,1500000
2019.10.31 10:51:43.821,1.11636,1.11637,750000,1500000
2019.10.31 10:51:43.872,1.11635,1.11637,1120000,370000
2019.10.31 10:51:43.976,1.11634,1.11637,1120000,1690000
2019.10.31 10:51:44.128,1.11634,1.11635,750000,1500000
2019.10.31 10:51:44.584,1.11633,1.11635,750000,1500000
2019.10.31 10:51:45.374,1.11634,1.11635,750000,750000
2019.10.31 10:51:45.476,1.11633,1.11635,750000,1500000
2019.10.31 10:51:47.686,1.11635,1.11637,640000,2250000
2019.10.31 10:51:47.793,1.11636,1.11637,640000,750000
2019.10.31 10:51:47.894,1.11636,1.11638,1500000,750000
2019.10.31 10:51:49.852,1.11636,1.11639,2140000,1950000
2019.10.31 10:51:50.659,1.11637,1.1164,1500000,4500000
2019.10.31 10:51:50.963,1.11636,1.11639,750000,6260000
2019.10.31 10:51:51.064,1.11636,1.11638,370000,2890000
2019.10.31 10:51:51.165,1.11637,1.11638,750000,100000
2019.10.31 10:51:51.281,1.11636,1.11638,750000,1500000
2019.10.31 10:51:52.460,1.11636,1.11637,370000,1120000
2019.10.31 10:51:52.561,1.11635,1.11637,370000,1570000
2019.10.31 10:51:52.866,1.11634,1.11637,370000,2250000
2019.10.31 10:51:53.005,1.11636,1.11638,560000,1500000
2019.10.31 10:51:53.107,1.11637,1.11638,370000,750000
2019.10.31 10:51:53.887,1.11636,1.11638,370000,2250000
2019.10.31 10:51:53.989,1.11636,1.11639,1760000,2250000
2019.10.31 10:51:54.593,1.11636,1.11638,750000,750000
2019.10.31 10:51:54.695,1.11637,1.11638,750000,190000
2019.10.31 10:51:55.072,1.11637,1.11639,1310000,190000
2019.10.31 10:51:55.659,1.11637,1.11638,370000,190000
2019.10.31 10:51:56.403,1.11636,1.11638,1120000,1500000
2019.10.31 10:51:56.505,1.11636,1.11637,100000,310000
2019.10.31 10:51:56.606,1.11636,1.11638,750000,1120000
2019.10.31 10:51:59.643,1.11637,1.11638,750000,1120000
2019.10.31 10:51:59.863,1.11636,1.11638,750000,1570000
2019.10.31 10:52:00.616,1.11636,1.11637,1120000,370000
2019.10.31 10:52:00.717,1.11636,1.11638,2620000,1500000
2019.10.31 10:52:00.819,1.11636,1.11638,2620000,1120000
2019.10.31 10:52:01.219,1.11636,1.11638,2620000,750000
2019.10.31 10:52:01.623,1.11637,1.11638,3000000,1120000
2019.10.31 10:52:02.796,1.11636,1.11638,2250000,3190000
2019.10.31 10:52:03.402,1.11638,1.11639,750000,190000
2019.10.31 10:52:03.453,1.11638,1.1164,2510000,190000
2019.10.31 10:52:04.088,1.11638,1.11639,750000,190000
2019.10.31 10:52:04.836,1.11637,1.11638,370000,100000
2019.10.31 10:52:04.938,1.11636,1.11637,750000,2250000
2019.10.31 10:52:05.039,1.11636,1.11637,750000,750000
2019.10.31 10:52:05.140,1.11636,1.11639,1120000,940000
2019.10.31 10:52:05.292,1.11637,1.11639,1120000,100000
2019.10.31 10:52:06.439,1.11638,1.1164,750000,2810000
2019.10.31 10:52:06.554,1.11639,1.11641,2250000,1690000
2019.10.31 10:52:06.655,1.11638,1.11641,2810000,750000
2019.10.31 10:52:08.552,1.11637,1.11641,4690000,1760000
2019.10.31 10:52:09.764,1.11637,1.1164,750000,940000
2019.10.31 10:52:15.476,1.11636,1.1164,3260000,3750000
2019.10.31 10:52:15.577,1.11637,1.11639,750000,1500000
2019.10.31 10:52:15.703,1.11636,1.11639,750000,2620000
2019.10.31 10:52:15.804,1.11637,1.11639,750000,1120000
2019.10.31 10:52:16.191,1.11636,1.11639,750000,3370000
2019.10.31 10:52:16.742,1.11637,1.1164,3750000,3000000
2019.10.31 10:52:16.995,1.11638,1.1164,1500000,100000
2019.10.31 10:52:17.208,1.11637,1.1164,750000,2320000
2019.10.31 10:52:18.466,1.11638,1.1164,750000,2250000
2019.10.31 10:52:18.719,1.1164,1.11641,450000,940000
2019.10.31 10:52:18.820,1.11639,1.11642,1950000,2510000
2019.10.31 10:52:18.921,1.1164,1.11642,2250000,1120000
2019.10.31 10:52:19.023,1.11639,1.11642,1500000,2810000
2019.10.31 10:52:20.399,1.11638,1.11642,2250000,1760000
2019.10.31 10:52:20.501,1.11637,1.1164,750000,2510000
2019.10.31 10:52:21.986,1.11636,1.1164,3260000,4690000
2019.10.31 10:52:23.378,1.11636,1.11638,750000,2440000
2019.10.31 10:52:23.689,1.11635,1.11638,7760000,940000
2019.10.31 10:52:23.790,1.11635,1.11637,1500000,940000
2019.10.31 10:52:25.391,1.11632,1.11635,750000,4640000
2019.10.31 10:52:26.291,1.11631,1.11632,750000,1120000
2019.10.31 10:52:26.342,1.11629,1.11631,750000,940000
2019.10.31 10:52:26.445,1.11627,1.1163,100000,1760000
2019.10.31 10:52:26.647,1.11627,1.11629,750000,2510000
2019.10.31 10:52:27.008,1.11629,1.11631,2320000,370000
2019.10.31 10:52:27.110,1.1163,1.11632,100000,190000
2019.10.31 10:52:27.261,1.1163,1.11633,2250000,190000
2019.10.31 10:52:27.363,1.1163,1.11631,750000,190000
2019.10.31 10:52:29.725,1.11628,1.1163,2250000,190000
2019.10.31 10:52:29.826,1.11627,1.1163,2320000,820000
2019.10.31 10:52:30.498,1.11626,1.1163,5510000,2810000
2019.10.31 10:52:30.600,1.11626,1.11629,820000,1690000
2019.10.31 10:52:31.037,1.11626,1.11628,100000,2440000
2019.10.31 10:52:31.138,1.11626,1.11629,2250000,3190000
2019.10.31 10:52:33.260,1.11627,1.11629,2320000,750000
2019.10.31 10:52:33.362,1.11626,1.11629,820000,4760000
2019.10.31 10:52:33.932,1.11627,1.11629,750000,1500000
2019.10.31 10:52:34.134,1.11627,1.1163,1500000,940000
2019.10.31 10:52:34.236,1.11626,1.11631,4760000,8510000
2019.10.31 10:52:34.337,1.11627,1.11631,4760000,370000
2019.10.31 10:52:34.454,1.11627,1.1163,100000,370000
2019.10.31 10:52:34.674,1.11626,1.1163,100000,9560000
2019.10.31 10:52:35.409,1.11627,1.1163,1570000,750000
2019.10.31 10:52:35.723,1.11626,1.1163,1200000,5060000
2019.10.31 10:52:35.938,1.11626,1.11629,100000,5890000
2019.10.31 10:52:36.114,1.11627,1.1163,750000,370000
2019.10.31 10:52:36.367,1.11627,1.11629,100000,370000
2019.10.31 10:52:36.470,1.11626,1.1163,820000,7310000
2019.10.31 10:52:36.571,1.11626,1.11631,6640000,8140000
2019.10.31 10:52:36.672,1.11627,1.11631,3260000,1120000
2019.10.31 10:52:36.774,1.11626,1.1163,450000,6560000
2019.10.31 10:52:36.976,1.11627,1.1163,1200000,100000
2019.10.31 10:52:37.208,1.11626,1.1163,100000,7310000
2019.10.31 10:52:37.309,1.11626,1.11631,6260000,7390000
2019.10.31 10:52:37.411,1.11626,1.1163,100000,6560000
2019.10.31 10:52:37.888,1.11627,1.1163,820000,750000
2019.10.31 10:52:38.338,1.11627,1.11631,5140000,3000000
2019.10.31 10:52:38.440,1.11627,1.1163,100000,3000000
2019.10.31 10:52:38.542,1.11627,1.11631,5140000,3000000
2019.10.31 10:52:38.711,1.11627,1.1163,100000,2250000
2019.10.31 10:52:38.863,1.11627,1.11631,5140000,2250000
2019.10.31 10:52:38.965,1.11628,1.1163,190000,750000
2019.10.31 10:52:39.066,1.11627,1.1163,190000,2440000
2019.10.31 10:52:39.299,1.11629,1.1163,190000,750000
2019.10.31 10:52:39.350,1.11627,1.1163,190000,940000
2019.10.31 10:52:43.007,1.11628,1.1163,100000,370000
2019.10.31 10:52:43.148,1.11628,1.11631,750000,2620000
2019.10.31 10:52:43.302,1.11627,1.11631,3000000,5890000
2019.10.31 10:52:43.454,1.11627,1.1163,750000,370000
2019.10.31 10:52:44.044,1.11627,1.11629,750000,370000
2019.10.31 10:52:45.478,1.11628,1.1163,100000,1870000
2019.10.31 10:52:45.580,1.11629,1.11631,750000,750000
2019.10.31 10:52:45.681,1.11629,1.11632,100000,1310000
2019.10.31 10:52:45.785,1.11631,1.11633,2700000,1120000
2019.10.31 10:52:45.887,1.11631,1.11633,100000,1120000
2019.10.31 10:52:45.988,1.11631,1.11634,1570000,1120000
2019.10.31 10:52:46.089,1.11632,1.11633,750000,1500000
2019.10.31 10:52:46.191,1.11632,1.11634,2250000,1500000
2019.10.31 10:52:46.555,1.11632,1.11633,820000,1500000
2019.10.31 10:52:46.707,1.11631,1.11633,100000,1500000
2019.10.31 10:52:47.609,1.11631,1.11635,4950000,5060000
2019.10.31 10:52:47.710,1.11631,1.11634,100000,3640000
2019.10.31 10:52:47.811,1.11632,1.11634,100000,1870000
2019.10.31 10:52:48.216,1.11631,1.11634,940000,1690000
2019.10.31 10:52:52.506,1.11631,1.11632,750000,1500000
2019.10.31 10:52:52.607,1.1163,1.11632,100000,560000
2019.10.31 10:52:53.283,1.1163,1.11631,750000,370000
2019.10.31 10:52:53.334,1.11628,1.11631,750000,560000
2019.10.31 10:52:53.486,1.11627,1.1163,750000,2810000
2019.10.31 10:52:53.690,1.11628,1.1163,1500000,750000
2019.10.31 10:52:54.218,1.11627,1.1163,1500000,4870000
2019.10.31 10:52:54.323,1.11627,1.11629,100000,4870000
2019.10.31 10:52:54.724,1.11627,1.1163,1570000,4120000
2019.10.31 10:52:58.035,1.11627,1.11629,100000,2620000
2019.10.31 10:52:59.750,1.11629,1.1163,750000,190000
2019.10.31 10:53:00.688,1.11628,1.1163,750000,100000
2019.10.31 10:53:00.818,1.11627,1.1163,1220000,370000
2019.10.31 10:53:01.204,1.11627,1.1163,820000,370000
2019.10.31 10:53:03.436,1.11627,1.1163,1220000,1870000
2019.10.31 10:53:03.588,1.11627,1.1163,820000,370000
2019.10.31 10:53:03.689,1.11627,1.1163,1220000,1870000
2019.10.31 10:53:03.802,1.11627,1.1163,4760000,1500000
2019.10.31 10:53:03.904,1.11626,1.11629,370000,4310000
2019.10.31 10:53:04.341,1.11626,1.1163,4390000,2440000
2019.10.31 10:53:05.269,1.11627,1.11629,750000,750000
2019.10.31 10:53:05.995,1.11627,1.1163,2510000,370000
2019.10.31 10:53:06.096,1.11627,1.11629,100000,750000
2019.10.31 10:53:07.952,1.11626,1.11628,2250000,1690000
2019.10.31 10:53:08.053,1.11625,1.11627,750000,190000
2019.10.31 10:53:08.256,1.11625,1.11628,1120000,2810000
2019.10.31 10:53:08.374,1.11626,1.11628,750000,1120000
2019.10.31 10:53:08.476,1.11626,1.11629,1200000,1120000
2019.10.31 10:53:08.679,1.11627,1.11629,1500000,190000
2019.10.31 10:53:10.617,1.11628,1.11629,1500000,750000
2019.10.31 10:53:10.932,1.11627,1.11629,750000,1500000
2019.10.31 10:53:12.133,1.11627,1.11628,100000,190000
2019.10.31 10:53:13.559,1.11627,1.11629,1690000,1690000
2019.10.31 10:53:13.913,1.11628,1.11629,750000,750000
2019.10.31 10:53:14.244,1.11627,1.11629,750000,1310000
2019.10.31 10:53:14.983,1.11628,1.11629,1500000,750000
2019.10.31 10:53:15.104,1.11627,1.11629,750000,560000
2019.10.31 10:53:15.977,1.11626,1.11629,750000,2810000
2019.10.31 10:53:16.629,1.11626,1.11628,1500000,370000
2019.10.31 10:53:16.731,1.11626,1.11627,100000,750000
2019.10.31 10:53:16.833,1.11626,1.11628,1200000,370000
2019.10.31 10:53:16.934,1.11627,1.11628,1500000,1500000
2019.10.31 10:53:17.036,1.11626,1.11628,100000,2060000
2019.10.31 10:53:19.279,1.11626,1.11627,1500000,190000
2019.10.31 10:53:19.380,1.11624,1.11627,3000000,1310000
2019.10.31 10:53:20.747,1.11624,1.11626,100000,940000
2019.10.31 10:53:23.178,1.11624,1.11627,4010000,940000
2019.10.31 10:53:24.332,1.11626,1.11627,100000,750000
2019.10.31 10:53:24.480,1.11626,1.11629,1690000,1500000
2019.10.31 10:53:24.682,1.11627,1.11629,1500000,940000
2019.10.31 10:53:24.804,1.11627,1.11628,750000,940000
2019.10.31 10:53:26.687,1.11626,1.11628,750000,3560000
2019.10.31 10:53:27.048,1.11627,1.11628,750000,1500000
2019.10.31 10:53:29.167,1.11626,1.11628,750000,1690000
2019.10.31 10:53:29.268,1.11627,1.11628,750000,750000
2019.10.31 10:53:29.470,1.11624,1.11627,750000,2060000
2019.10.31 10:53:29.622,1.11624,1.11626,100000,560000
2019.10.31 10:53:29.949,1.11622,1.11625,750000,7500000
2019.10.31 10:53:30.050,1.11622,1.11626,3260000,2810000
2019.10.31 10:53:30.153,1.11622,1.11625,750000,5060000
2019.10.31 10:53:30.364,1.11622,1.11624,750000,4310000
2019.10.31 10:53:30.666,1.11622,1.11625,940000,3560000
2019.10.31 10:53:31.171,1.11622,1.11624,750000,2810000
2019.10.31 10:53:31.387,1.11622,1.11625,1390000,3560000
2019.10.31 10:53:32.547,1.11624,1.11625,100000,750000
2019.10.31 10:53:32.648,1.11623,1.11626,1870000,940000
2019.10.31 10:53:32.952,1.11625,1.11627,2320000,750000
2019.10.31 10:53:33.003,1.11624,1.11627,100000,2060000
2019.10.31 10:53:33.291,1.11624,1.11626,750000,1690000
2019.10.31 10:53:33.393,1.11624,1.11627,820000,1310000
2019.10.31 10:53:34.614,1.11626,1.11628,820000,370000
2019.10.31 10:53:34.817,1.11625,1.11627,750000,560000
2019.10.31 10:53:35.478,1.11625,1.11628,1570000,190000
2019.10.31 10:53:35.579,1.11624,1.11627,750000,3940000
2019.10.31 10:53:35.727,1.11624,1.11628,7200000,940000
2019.10.31 10:53:35.829,1.11624,1.11627,820000,940000
2019.10.31 10:53:36.270,1.11624,1.11628,6450000,190000
2019.10.31 10:53:36.373,1.11622,1.11625,1570000,3560000
2019.10.31 10:53:37.369,1.11623,1.11625,750000,750000
2019.10.31 10:53:37.470,1.11622,1.11625,2510000,750000
2019.10.31 10:53:38.510,1.11623,1.11624,100000,370000
2019.10.31 10:53:38.611,1.11623,1.11625,1760000,370000
2019.10.31 10:53:39.996,1.11623,1.11624,750000,750000
2019.10.31 10:53:40.350,1.11623,1.11625,3000000,750000
2019.10.31 10:53:40.680,1.11623,1.11626,1570000,2440000
2019.10.31 10:53:40.781,1.11624,1.11628,3820000,2620000
2019.10.31 10:53:40.883,1.11624,1.11627,820000,940000
2019.10.31 10:53:44.731,1.11625,1.11626,100000,190000
2019.10.31 10:53:44.788,1.11624,1.11626,820000,190000
2019.10.31 10:53:44.940,1.11624,1.11627,3260000,190000
2019.10.31 10:53:45.900,1.11622,1.11625,750000,3190000
2019.10.31 10:53:46.001,1.11623,1.11625,750000,940000
2019.10.31 10:53:46.103,1.11624,1.11625,940000,750000
2019.10.31 10:53:46.154,1.11622,1.11625,940000,2620000
2019.10.31 10:53:47.557,1.1162,1.11621,940000,4570000
2019.10.31 10:53:47.659,1.11617,1.1162,2810000,190000
2019.10.31 10:53:47.815,1.11616,1.11619,260000,2810000
2019.10.31 10:53:47.916,1.11617,1.11619,260000,1500000
2019.10.31 10:53:48.802,1.11616,1.11619,190000,2440000
2019.10.31 10:53:51.064,1.11618,1.1162,100000,940000
2019.10.31 10:53:51.194,1.11619,1.11622,100000,190000
2019.10.31 10:53:51.296,1.1162,1.11623,820000,750000
2019.10.31 10:53:51.717,1.11619,1.11623,820000,3110000
2019.10.31 10:53:52.299,1.1162,1.11623,750000,2810000
2019.10.31 10:53:52.401,1.11622,1.11623,750000,1120000
2019.10.31 10:53:52.553,1.11621,1.11623,820000,370000
2019.10.31 10:53:52.857,1.1162,1.11621,750000,1500000
2019.10.31 10:53:53.297,1.11617,1.11619,1500000,1570000
2019.10.31 10:53:54.326,1.11616,1.11619,1500000,2620000
2019.10.31 10:53:55.520,1.11617,1.11619,1500000,190000
2019.10.31 10:53:56.213,1.11616,1.11619,1500000,3190000
2019.10.31 10:53:56.432,1.11617,1.11619,1870000,370000
2019.10.31 10:53:58.526,1.11616,1.11619,1500000,2810000
2019.10.31 10:54:00.548,1.11617,1.11619,1500000,370000
2019.10.31 10:54:00.599,1.11621,1.11622,450000,190000
2019.10.31 10:54:00.650,1.11622,1.11624,1540000,1690000
2019.10.31 10:54:00.853,1.11621,1.11624,1500000,2440000
2019.10.31 10:54:05.219,1.11622,1.11624,750000,1060000
2019.10.31 10:54:05.271,1.1162,1.11621,750000,1890000
2019.10.31 10:54:05.373,1.1162,1.11621,1760000,1650000
2019.10.31 10:54:05.474,1.11617,1.1162,1870000,3750000
2019.10.31 10:54:05.576,1.11616,1.1162,2810000,3370000
2019.10.31 10:54:06.207,1.11617,1.1162,3640000,2250000
2019.10.31 10:54:06.360,1.11617,1.11619,2250000,1500000
2019.10.31 10:54:06.493,1.11616,1.11618,750000,1500000
2019.10.31 10:54:07.158,1.11617,1.11618,750000,1500000
2019.10.31 10:54:07.447,1.11616,1.11618,750000,1500000
2019.10.31 10:54:08.748,1.11617,1.11618,750000,370000
2019.10.31 10:54:08.900,1.11617,1.11619,2060000,560000
2019.10.31 10:54:09.204,1.11618,1.11619,750000,190000
2019.10.31 10:54:10.381,1.11619,1.11621,750000,1120000
2019.10.31 10:54:10.432,1.1162,1.11623,4760000,1870000
2019.10.31 10:54:10.482,1.1162,1.11622,3370000,750000
2019.10.31 10:54:10.533,1.11619,1.1162,940000,820000
2019.10.31 10:54:10.651,1.11617,1.1162,1690000,190000
2019.10.31 10:54:10.753,1.11617,1.11619,750000,1390000
2019.10.31 10:54:10.956,1.11617,1.1162,2440000,190000
2019.10.31 10:54:11.058,1.11617,1.11619,750000,750000
2019.10.31 10:54:11.371,1.11617,1.1162,2440000,100000
2019.10.31 10:54:11.976,1.11619,1.1162,1500000,190000
2019.10.31 10:54:13.284,1.11618,1.1162,1870000,370000
2019.10.31 10:54:13.386,1.11618,1.11621,3000000,1310000
2019.10.31 10:54:15.743,1.11618,1.1162,750000,4310000
2019.10.31 10:54:16.644,1.11618,1.11621,3450000,1310000
2019.10.31 10:54:17.992,1.11618,1.1162,750000,2990000
2019.10.31 10:54:18.043,1.11617,1.1162,1500000,1870000
2019.10.31 10:54:18.144,1.11617,1.1162,100000,3930000
2019.10.31 10:54:18.245,1.11617,1.11621,3190000,4680000
2019.10.31 10:54:19.128,1.11617,1.1162,750000,370000
2019.10.31 10:54:22.291,1.11616,1.1162,2250000,6940000
2019.10.31 10:54:22.946,1.11616,1.11619,750000,4310000
2019.10.31 10:54:23.099,1.11617,1.11619,1500000,1500000
2019.10.31 10:54:23.200,1.11616,1.11619,1500000,2510000
2019.10.31 10:54:25.703,1.11617,1.11619,750000,1500000
2019.10.31 10:54:25.804,1.11616,1.11619,750000,3640000
2019.10.31 10:54:27.860,1.11617,1.11619,750000,1500000
2019.10.31 10:54:28.291,1.11617,1.1162,7760000,1500000
2019.10.31 10:54:29.057,1.11618,1.1162,1570000,2920000
2019.10.31 10:54:29.108,1.1162,1.11622,1120000,560000
2019.10.31 10:54:29.209,1.11619,1.11622,750000,940000
2019.10.31 10:54:29.679,1.1162,1.11622,3190000,190000
2019.10.31 10:54:29.780,1.1162,1.11621,750000,940000
2019.10.31 10:54:29.881,1.11619,1.11621,750000,1690000
2019.10.31 10:54:30.020,1.11619,1.11622,3070000,940000
2019.10.31 10:54:30.273,1.11617,1.1162,750000,1570000
2019.10.31 10:54:30.375,1.11616,1.1162,2620000,4390000
2019.10.31 10:54:30.478,1.11616,1.11619,750000,5810000
2019.10.31 10:54:31.017,1.11617,1.1162,2620000,2250000
2019.10.31 10:54:32.471,1.11616,1.1162,1500000,5810000
2019.10.31 10:54:32.919,1.11617,1.1162,1500000,190000
2019.10.31 10:54:33.375,1.11617,1.11619,190000,190000
2019.10.31 10:54:33.476,1.11616,1.11619,750000,3940000
2019.10.31 10:54:33.578,1.11616,1.1162,6940000,1690000
2019.10.31 10:54:33.764,1.11616,1.11619,370000,1690000
2019.10.31 10:54:36.449,1.11616,1.11618,750000,2440000
2019.10.31 10:54:36.550,1.11616,1.11619,1870000,1690000
2019.10.31 10:54:42.541,1.11617,1.11619,1500000,1500000
2019.10.31 10:54:42.642,1.11616,1.11619,1500000,1500000
2019.10.31 10:54:42.744,1.11617,1.11619,1500000,1500000
2019.10.31 10:54:42.845,1.11616,1.11619,1500000,1500000
2019.10.31 10:54:51.660,1.11616,1.11618,750000,1870000
2019.10.31 10:54:51.761,1.11617,1.11618,750000,1120000
2019.10.31 10:54:56.299,1.11617,1.11619,2320000,1120000
2019.10.31 10:54:56.400,1.11616,1.11618,820000,1120000
2019.10.31 10:54:56.667,1.11617,1.11618,1570000,1120000
2019.10.31 10:54:58.088,1.11616,1.11617,370000,1310000
2019.10.31 10:54:58.190,1.11615,1.11618,2620000,2810000
2019.10.31 10:54:58.296,1.11615,1.11617,370000,1120000
2019.10.31 10:54:58.397,1.11615,1.11616,1500000,190000
2019.10.31 10:54:58.448,1.11613,1.11614,1500000,750000
2019.10.31 10:54:58.499,1.11611,1.11613,750000,4460000
2019.10.31 10:54:59.719,1.11611,1.11614,3370000,940000
2019.10.31 10:54:59.821,1.11611,1.11613,750000,1690000
2019.10.31 10:55:00.430,1.11611,1.11614,2700000,940000
2019.10.31 10:55:02.393,1.11611,1.11613,750000,2060000
2019.10.31 10:55:02.496,1.11611,1.11614,2250000,3410000
2019.10.31 10:55:02.723,1.11611,1.11613,750000,6040000
2019.10.31 10:55:03.070,1.11611,1.11614,3370000,3790000
2019.10.31 10:55:03.323,1.11613,1.11615,750000,2810000
2019.10.31 10:55:03.424,1.11612,1.11614,750000,940000
2019.10.31 10:55:04.372,1.11611,1.11614,750000,3560000
2019.10.31 10:55:04.574,1.11612,1.11614,750000,190000
2019.10.31 10:55:04.952,1.1161,1.11614,5250000,5440000
2019.10.31 10:55:05.097,1.11611,1.11614,3750000,3000000
2019.10.31 10:55:05.198,1.1161,1.11614,3750000,5810000
2019.10.31 10:55:07.140,1.11611,1.11614,3750000,750000
2019.10.31 10:55:07.598,1.1161,1.11614,3370000,8440000
2019.10.31 10:55:07.885,1.11611,1.11614,3370000,750000
2019.10.31 10:55:07.987,1.1161,1.11614,3370000,5810000
2019.10.31 10:55:08.700,1.11611,1.11614,3370000,750000
2019.10.31 10:55:08.886,1.11612,1.11613,750000,750000
2019.10.31 10:55:08.988,1.11611,1.11614,1500000,2810000
2019.10.31 10:55:09.849,1.11612,1.11614,1500000,750000
2019.10.31 10:55:10.008,1.11611,1.11615,1500000,8810000
2019.10.31 10:55:11.036,1.11611,1.11614,1870000,940000
2019.10.31 10:55:11.139,1.1161,1.11613,750000,2810000
2019.10.31 10:55:11.241,1.11611,1.11613,750000,750000
2019.10.31 10:55:11.343,1.1161,1.11613,750000,2810000
2019.10.31 10:55:11.518,1.11611,1.11613,750000,750000
2019.10.31 10:55:11.956,1.1161,1.11613,750000,3940000
2019.10.31 10:55:12.115,1.11611,1.11613,750000,750000
2019.10.31 10:55:12.218,1.1161,1.11613,750000,4010000
2019.10.31 10:55:12.759,1.11611,1.11614,1870000,560000
2019.10.31 10:55:15.255,1.11612,1.11614,750000,370000
2019.10.31 10:55:15.385,1.11615,1.11617,750000,750000
2019.10.31 10:55:15.538,1.11615,1.11618,4950000,750000
2019.10.31 10:55:15.966,1.11616,1.11618,1870000,750000
2019.10.31 10:55:16.136,1.11615,1.11618,750000,6190000
2019.10.31 10:55:16.301,1.11616,1.11618,750000,750000
2019.10.31 10:55:16.403,1.11615,1.11618,750000,6190000
2019.10.31 10:55:16.505,1.11616,1.11618,1500000,750000
2019.10.31 10:55:21.768,1.11615,1.11618,1500000,4310000
2019.10.31 10:55:21.870,1.11616,1.11618,2810000,1500000
2019.10.31 10:55:25.542,1.11615,1.11618,1690000,4760000
2019.10.31 10:55:26.185,1.11616,1.11618,750000,190000
2019.10.31 10:55:27.086,1.11615,1.11618,750000,5140000
2019.10.31 10:55:28.146,1.11616,1.11618,750000,750000
2019.10.31 10:55:28.450,1.11616,1.11619,1120000,750000
2019.10.31 10:55:29.534,1.11615,1.11619,750000,8140000
2019.10.31 10:55:29.856,1.11616,1.11619,750000,190000
2019.10.31 10:55:30.460,1.11615,1.11619,750000,6260000
2019.10.31 10:55:30.973,1.11616,1.11619,1500000,750000
2019.10.31 10:55:31.074,1.11616,1.11618,750000,750000
2019.10.31 10:55:31.176,1.11615,1.11618,750000,2510000
2019.10.31 10:55:31.277,1.11615,1.11617,750000,2810000
2019.10.31 10:55:32.015,1.11616,1.11617,1500000,750000
2019.10.31 10:55:32.117,1.11615,1.11617,1500000,3560000
2019.10.31 10:55:32.504,1.11616,1.11617,750000,750000
2019.10.31 10:55:32.652,1.11615,1.11617,750000,2810000
2019.10.31 10:55:33.784,1.11616,1.11617,750000,750000
2019.10.31 10:55:34.157,1.11615,1.11617,750000,2810000
2019.10.31 10:55:34.834,1.11616,1.11617,750000,100000
2019.10.31 10:55:34.988,1.11615,1.11617,750000,2440000
2019.10.31 10:55:35.342,1.11616,1.11617,750000,190000
2019.10.31 10:55:37.099,1.11616,1.11618,1120000,190000
2019.10.31 10:55:40.956,1.11615,1.11618,750000,2510000
2019.10.31 10:55:41.058,1.11615,1.11619,1870000,2510000
2019.10.31 10:55:41.317,1.11615,1.11618,750000,2140000
2019.10.31 10:55:41.420,1.11614,1.11617,1500000,260000
2019.10.31 10:55:41.522,1.11614,1.11616,370000,190000
2019.10.31 10:55:41.675,1.11613,1.11616,3000000,2590000
2019.10.31 10:55:41.829,1.11613,1.11614,940000,450000
2019.10.31 10:55:41.930,1.11611,1.11614,1500000,4760000
2019.10.31 10:55:42.032,1.11612,1.11613,750000,190000
2019.10.31 10:55:49.400,1.11609,1.11611,750000,2250000
2019.10.31 10:55:49.501,1.1161,1.11611,750000,190000
2019.10.31 10:55:49.603,1.11611,1.11612,750000,190000
2019.10.31 10:55:49.708,1.11611,1.11613,750000,190000
2019.10.31 10:55:49.957,1.11612,1.11613,750000,100000
2019.10.31 10:55:52.119,1.1161,1.11612,1310000,1200000
2019.10.31 10:55:52.170,1.11609,1.1161,3000000,750000
2019.10.31 10:55:52.276,1.11608,1.11609,750000,940000
2019.10.31 10:55:52.377,1.11608,1.1161,3750000,190000
2019.10.31 10:55:52.478,1.11608,1.11609,750000,190000
2019.10.31 10:55:52.580,1.11608,1.1161,2250000,190000
2019.10.31 10:55:52.681,1.11608,1.11609,750000,940000
2019.10.31 10:55:52.732,1.11609,1.11611,1570000,190000
2019.10.31 10:55:52.834,1.1161,1.11611,750000,190000
2019.10.31 10:55:54.247,1.11612,1.11613,1120000,190000
2019.10.31 10:55:56.896,1.11611,1.11613,370000,190000
2019.10.31 10:55:57.352,1.11611,1.11614,4200000,190000
2019.10.31 10:55:57.993,1.11611,1.11613,750000,940000
2019.10.31 10:55:58.146,1.1161,1.11611,750000,940000
2019.10.31 10:55:58.247,1.1161,1.11612,1500000,1870000
2019.10.31 10:55:58.421,1.11611,1.11612,2250000,190000
2019.10.31 10:56:00.774,1.11612,1.11613,750000,190000
2019.10.31 10:56:02.320,1.1161,1.11613,3000000,2440000
2019.10.31 10:56:02.406,1.11611,1.11613,2250000,940000
2019.10.31 10:56:04.549,1.11611,1.11613,940000,190000
2019.10.31 10:56:07.087,1.1161,1.11613,4690000,3000000
2019.10.31 10:56:07.189,1.1161,1.11612,750000,2060000
2019.10.31 10:56:07.291,1.11611,1.11612,750000,750000
2019.10.31 10:56:07.393,1.1161,1.11612,750000,3190000
2019.10.31 10:56:08.028,1.1161,1.11613,1500000,3940000
2019.10.31 10:56:08.129,1.11611,1.11613,750000,1500000
2019.10.31 10:56:08.248,1.1161,1.11613,750000,5440000
2019.10.31 10:56:08.400,1.1161,1.11614,1390000,5440000
2019.10.31 10:56:08.515,1.11611,1.11614,1390000,750000
2019.10.31 10:56:08.635,1.1161,1.11614,1390000,6190000
2019.10.31 10:56:09.105,1.11611,1.11614,1390000,750000
2019.10.31 10:56:10.273,1.11615,1.11616,3070000,1690000
2019.10.31 10:56:10.374,1.11616,1.11617,190000,1120000
2019.10.31 10:56:10.551,1.11615,1.11617,190000,6190000
2019.10.31 10:56:10.753,1.11616,1.11617,190000,750000
2019.10.31 10:56:11.086,1.11615,1.11618,1100000,4390000
2019.10.31 10:56:11.188,1.11617,1.11619,1390000,750000
2019.10.31 10:56:12.171,1.11617,1.11618,370000,1500000
2019.10.31 10:56:13.177,1.11617,1.11619,3640000,450000
2019.10.31 10:56:14.686,1.11616,1.11618,450000,3640000
2019.10.31 10:56:16.919,1.11616,1.11619,3370000,2140000
2019.10.31 10:56:18.648,1.11616,1.11618,450000,2060000
2019.10.31 10:56:21.938,1.11616,1.11619,2320000,1690000
2019.10.31 10:56:22.680,1.11616,1.11618,470000,1690000
2019.10.31 10:56:22.803,1.11616,1.11619,3450000,1310000
2019.10.31 10:56:24.630,1.11616,1.11618,370000,2060000
2019.10.31 10:56:26.689,1.11616,1.11617,1120000,750000
2019.10.31 10:56:26.791,1.11614,1.11616,1690000,5320000
2019.10.31 10:56:26.943,1.11613,1.11615,2810000,2320000
2019.10.31 10:56:27.095,1.11613,1.11614,370000,1120000
2019.10.31 10:56:27.247,1.11612,1.11614,450000,1500000
2019.10.31 10:56:29.041,1.11612,1.11615,2510000,750000
2019.10.31 10:56:29.376,1.11612,1.11614,100000,750000
2019.10.31 10:56:29.848,1.11612,1.11613,100000,1870000
2019.10.31 10:56:30.415,1.11613,1.11614,1200000,750000
2019.10.31 10:56:30.972,1.11613,1.11614,750000,750000
2019.10.31 10:56:31.073,1.11613,1.11615,4010000,750000
2019.10.31 10:56:33.071,1.11612,1.11615,3260000,1870000
2019.10.31 10:56:34.341,1.11612,1.11614,100000,1120000
2019.10.31 10:56:34.543,1.11612,1.11613,100000,1120000
2019.10.31 10:56:35.255,1.11612,1.11614,450000,1120000
2019.10.31 10:56:36.321,1.11612,1.11615,2890000,1500000
2019.10.31 10:56:37.545,1.11612,1.11613,100000,1120000
2019.10.31 10:56:38.800,1.11612,1.11614,100000,2250000
2019.10.31 10:56:39.753,1.11612,1.11615,5140000,370000
2019.10.31 10:56:40.483,1.11612,1.11614,100000,1120000
2019.10.31 10:56:40.726,1.11611,1.11614,100000,3940000
2019.10.31 10:56:41.494,1.11612,1.11614,100000,750000
2019.10.31 10:56:41.983,1.11613,1.11614,100000,370000
2019.10.31 10:56:47.123,1.1161,1.11612,370000,3640000
2019.10.31 10:56:47.225,1.11611,1.11613,4650000,1500000
2019.10.31 10:56:47.327,1.11612,1.11613,820000,370000
2019.10.31 10:56:47.583,1.11611,1.11613,1220000,1690000
2019.10.31 10:56:47.694,1.11612,1.11613,750000,370000
2019.10.31 10:56:47.798,1.11612,1.11614,4670000,370000
2019.10.31 10:56:48.991,1.11611,1.11612,190000,750000
2019.10.31 10:56:49.092,1.1161,1.11613,5700000,4690000
2019.10.31 10:56:49.198,1.11611,1.11612,370000,750000
2019.10.31 10:56:49.299,1.1161,1.11612,370000,3190000
2019.10.31 10:56:50.213,1.11611,1.11613,100000,2440000
2019.10.31 10:56:50.314,1.11612,1.11614,2700000,370000
2019.10.31 10:56:51.000,1.11612,1.11613,750000,370000
2019.10.31 10:56:51.355,1.11611,1.11614,820000,940000
2019.10.31 10:56:51.624,1.11611,1.11613,100000,1690000
2019.10.31 10:56:52.223,1.11612,1.11613,100000,190000
2019.10.31 10:56:52.325,1.11611,1.11613,370000,2440000
2019.10.31 10:56:52.427,1.1161,1.11611,370000,1120000
2019.10.31 10:56:52.528,1.11609,1.11612,370000,2440000
2019.10.31 10:56:53.427,1.11609,1.11611,370000,1310000
2019.10.31 10:56:54.674,1.11609,1.1161,370000,190000
2019.10.31 10:56:54.891,1.11609,1.11611,450000,190000
2019.10.31 10:56:54.992,1.11608,1.11611,450000,940000
2019.10.31 10:56:55.297,1.11608,1.1161,370000,940000
2019.10.31 10:56:55.399,1.11609,1.11611,100000,3190000
2019.10.31 10:56:55.500,1.1161,1.11612,100000,2810000
2019.10.31 10:56:55.603,1.11611,1.11612,100000,190000
2019.10.31 10:56:55.705,1.1161,1.11612,370000,1690000
2019.10.31 10:56:55.811,1.11611,1.11612,370000,370000
2019.10.31 10:56:55.912,1.11611,1.11613,3450000,370000
2019.10.31 10:56:57.925,1.1161,1.11613,3450000,2440000
2019.10.31 10:56:58.026,1.1161,1.11612,100000,1310000
2019.10.31 10:56:58.128,1.1161,1.11613,3820000,1310000
2019.10.31 10:56:58.229,1.11612,1.11613,3820000,190000
2019.10.31 10:56:58.432,1.11612,1.11613,750000,190000
2019.10.31 10:56:58.611,1.11612,1.11613,370000,190000
2019.10.31 10:56:59.217,1.11611,1.11613,750000,940000
2019.10.31 10:56:59.318,1.11611,1.11612,370000,940000
2019.10.31 10:57:00.134,1.11611,1.11613,1200000,190000
2019.10.31 10:57:00.672,1.1161,1.11613,370000,3190000
2019.10.31 10:57:01.181,1.1161,1.11612,750000,3190000
2019.10.31 10:57:01.283,1.11611,1.11612,820000,1500000
2019.10.31 10:57:01.543,1.11611,1.11613,450000,2060000
2019.10.31 10:57:01.695,1.11611,1.11614,1950000,560000
2019.10.31 10:57:01.970,1.11611,1.11612,100000,560000
2019.10.31 10:57:02.072,1.11611,1.11614,1570000,560000
2019.10.31 10:57:02.173,1.11611,1.11613,2700000,1690000
2019.10.31 10:57:03.319,1.11612,1.11613,750000,370000
2019.10.31 10:57:04.656,1.11611,1.11613,750000,940000
2019.10.31 10:57:05.822,1.11611,1.11612,100000,940000
2019.10.31 10:57:05.977,1.11611,1.11613,1950000,2440000
2019.10.31 10:57:09.966,1.11611,1.11612,750000,1310000
2019.10.31 10:57:10.118,1.1161,1.11612,2250000,2810000
2019.10.31 10:57:10.323,1.1161,1.11611,100000,1690000
2019.10.31 10:57:10.425,1.1161,1.11611,450000,560000
2019.10.31 10:57:10.476,1.1161,1.11612,1570000,560000
2019.10.31 10:57:10.628,1.11609,1.11611,3000000,560000
2019.10.31 10:57:10.729,1.11609,1.1161,100000,190000
2019.10.31 10:57:11.570,1.11608,1.11609,100000,370000
2019.10.31 10:57:11.671,1.11607,1.11609,260000,1690000
2019.10.31 10:57:14.349,1.11606,1.11608,750000,940000
2019.10.31 10:57:14.504,1.11606,1.11607,100000,940000
2019.10.31 10:57:14.918,1.11606,1.11608,1500000,940000
2019.10.31 10:57:15.417,1.11607,1.11608,750000,750000
2019.10.31 10:57:15.777,1.11606,1.11608,750000,940000
2019.10.31 10:57:17.522,1.11606,1.11607,100000,940000
2019.10.31 10:57:17.623,1.11606,1.11608,750000,2440000
2019.10.31 10:57:21.971,1.11607,1.11608,750000,370000
2019.10.31 10:57:22.132,1.11606,1.11607,2250000,370000
2019.10.31 10:57:22.183,1.11604,1.11606,750000,1010000
2019.10.31 10:57:22.284,1.11603,1.11604,750000,190000
2019.10.31 10:57:22.537,1.11602,1.11603,750000,370000
2019.10.31 10:57:26.007,1.116,1.11602,25200001,1310000
2019.10.31 10:57:26.701,1.11599,1.11601,1650000,560000
2019.10.31 10:57:26.803,1.11599,1.11601,5100000,940000
2019.10.31 10:57:27.183,1.116,1.11601,750000,1690000
2019.10.31 10:57:27.285,1.116,1.11602,450000,1310000
2019.10.31 10:57:27.437,1.11601,1.11602,750000,750000
2019.10.31 10:57:27.987,1.11601,1.11603,1200000,750000
2019.10.31 10:57:28.038,1.116,1.11601,750000,2810000
2019.10.31 10:57:28.140,1.11601,1.11602,750000,190000
2019.10.31 10:57:28.243,1.11601,1.11603,1570000,1690000
2019.10.31 10:57:28.344,1.11601,1.11602,750000,190000
2019.10.31 10:57:29.200,1.11601,1.11603,1500000,190000
2019.10.31 10:57:31.858,1.11602,1.11603,1500000,370000
2019.10.31 10:57:31.910,1.116,1.11602,470000,2060000
2019.10.31 10:57:32.112,1.116,1.11602,820000,1310000
2019.10.31 10:57:32.618,1.116,1.11601,100000,370000
2019.10.31 10:57:32.785,1.11598,1.116,1120000,1120000
2019.10.31 10:57:32.887,1.11596,1.116,6640000,1310000
2019.10.31 10:57:32.988,1.11596,1.11598,750000,2060000
2019.10.31 10:57:37.674,1.11597,1.11598,820000,370000
2019.10.31 10:57:40.058,1.11596,1.11598,820000,560000
2019.10.31 10:57:40.183,1.11593,1.11594,820000,750000
2019.10.31 10:57:40.234,1.11591,1.11593,750000,940000
2019.10.31 10:57:40.385,1.11591,1.11594,2320000,560000
2019.10.31 10:57:41.216,1.11591,1.11593,1500000,1310000
2019.10.31 10:57:41.626,1.11591,1.11592,2250000,940000
2019.10.31 10:57:41.728,1.1159,1.11592,1500000,2440000
2019.10.31 10:57:41.845,1.1159,1.11592,1500000,2810000
2019.10.31 10:57:41.946,1.1159,1.11592,1500000,2060000
2019.10.31 10:57:42.148,1.1159,1.11592,2250000,190000
2019.10.31 10:57:42.300,1.1159,1.11592,100000,2440000
2019.10.31 10:57:42.402,1.11591,1.11592,3560000,980000
2019.10.31 10:57:42.453,1.11587,1.1159,3150000,1310000
2019.10.31 10:57:42.605,1.11587,1.11589,750000,190000
2019.10.31 10:57:42.707,1.11587,1.11588,750000,190000
2019.10.31 10:57:43.851,1.11586,1.11588,750000,1310000
2019.10.31 10:57:49.197,1.11589,1.1159,370000,1690000
2019.10.31 10:57:49.298,1.1159,1.11592,1500000,1310000
2019.10.31 10:57:49.501,1.11589,1.1159,750000,640000
2019.10.31 10:57:49.754,1.11587,1.11589,1120000,640000
2019.10.31 10:57:49.905,1.11586,1.11589,3750000,2140000
2019.10.31 10:57:51.325,1.11585,1.11587,750000,2700000
2019.10.31 10:57:51.414,1.11582,1.11584,190000,6260000
2019.10.31 10:57:51.768,1.11585,1.11586,1070000,940000
2019.10.31 10:57:51.819,1.11586,1.11587,100000,370000
2019.10.31 10:57:51.920,1.11586,1.11588,1720000,450000
2019.10.31 10:57:52.185,1.11587,1.11588,900000,100000
2019.10.31 10:57:52.595,1.11586,1.11587,3000000,450000
2019.10.31 10:57:52.697,1.11585,1.11587,1500000,2230000
2019.10.31 10:57:53.332,1.11586,1.11587,750000,100000
2019.10.31 10:57:55.494,1.11585,1.11586,940000,1570000
2019.10.31 10:57:55.619,1.11583,1.11584,750000,750000
2019.10.31 10:57:55.669,1.11581,1.11584,1500000,1390000
2019.10.31 10:57:55.771,1.11582,1.11584,2250000,370000
2019.10.31 10:57:56.075,1.11581,1.11584,1500000,2890000
2019.10.31 10:57:57.675,1.11581,1.11583,940000,2700000
2019.10.31 10:57:57.737,1.1158,1.11581,750000,3260000
2019.10.31 10:57:57.890,1.1158,1.11582,2250000,2690000
2019.10.31 10:57:57.991,1.1158,1.11581,750000,260000
2019.10.31 10:57:58.093,1.1158,1.11582,750000,260000
2019.10.31 10:57:58.378,1.1158,1.11583,2250000,2140000
2019.10.31 10:57:58.492,1.1158,1.11582,750000,5890000
2019.10.31 10:57:58.593,1.1158,1.11583,2250000,3640000
2019.10.31 10:57:58.694,1.1158,1.11583,2250000,4040000
2019.10.31 10:57:58.876,1.1158,1.11582,750000,7410000
2019.10.31 10:57:58.977,1.1158,1.11583,2250000,5160000
2019.10.31 10:57:59.508,1.1158,1.11583,2250000,3640000
2019.10.31 10:57:59.609,1.11581,1.11583,2250000,190000
2019.10.31 10:57:59.710,1.11581,1.11582,750000,1690000
2019.10.31 10:57:59.812,1.11581,1.11583,2250000,940000
2019.10.31 10:58:00.056,1.11581,1.11582,750000,940000
2019.10.31 10:58:00.184,1.11581,1.11583,1950000,260000
2019.10.31 10:58:01.784,1.11581,1.11582,750000,1010000
2019.10.31 10:58:01.936,1.11584,1.11585,2100000,750000
2019.10.31 10:58:02.037,1.11582,1.11585,1500000,640000
2019.10.31 10:58:02.290,1.11582,1.11584,1500000,1690000
2019.10.31 10:58:02.657,1.11581,1.11582,750000,190000
2019.10.31 10:58:03.063,1.1158,1.11582,100000,640000
2019.10.31 10:58:03.164,1.1158,1.11583,3000000,640000
2019.10.31 10:58:04.042,1.11581,1.11583,1500000,750000
2019.10.31 10:58:04.144,1.1158,1.11583,1500000,1390000
2019.10.31 10:58:04.245,1.11581,1.11583,1650000,370000
2019.10.31 10:58:04.736,1.11581,1.11582,750000,370000
2019.10.31 10:58:04.876,1.11581,1.11583,1650000,370000
2019.10.31 10:58:05.382,1.1158,1.11583,3370000,3640000
2019.10.31 10:58:05.614,1.11581,1.11583,3520000,2620000
2019.10.31 10:58:05.716,1.1158,1.11583,3000000,3640000
2019.10.31 10:58:05.850,1.11581,1.11582,750000,190000
2019.10.31 10:58:05.953,1.1158,1.11582,750000,1690000
2019.10.31 10:58:06.055,1.11581,1.11582,1500000,190000
2019.10.31 10:58:06.157,1.11581,1.11582,1500000,190000
2019.10.31 10:58:06.309,1.11581,1.11582,1500000,190000
2019.10.31 10:58:07.988,1.1158,1.11582,1500000,6260000
2019.10.31 10:58:08.105,1.11581,1.11582,1500000,1390000
2019.10.31 10:58:09.793,1.11582,1.11583,750000,190000
2019.10.31 10:58:09.895,1.11582,1.11583,750000,560000
2019.10.31 10:58:10.250,1.11581,1.11582,750000,190000
2019.10.31 10:58:11.036,1.1158,1.11582,1500000,1760000
2019.10.31 10:58:11.189,1.11581,1.11582,3000000,190000
2019.10.31 10:58:11.291,1.1158,1.11581,750000,940000
2019.10.31 10:58:11.393,1.11579,1.1158,750000,450000
2019.10.31 10:58:11.494,1.11577,1.11579,1500000,450000
2019.10.31 10:58:11.545,1.11578,1.1158,1570000,190000
2019.10.31 10:58:11.848,1.11579,1.11582,450000,2810000
2019.10.31 10:58:11.951,1.11581,1.11583,1500000,190000
2019.10.31 10:58:12.053,1.11581,1.11582,750000,190000
2019.10.31 10:58:12.156,1.11581,1.11583,4120000,190000
2019.10.31 10:58:12.257,1.11581,1.11582,750000,190000
2019.10.31 10:58:12.510,1.11579,1.11581,100000,260000
2019.10.31 10:58:12.714,1.11579,1.1158,750000,190000
2019.10.31 10:58:13.616,1.11581,1.11582,750000,100000
2019.10.31 10:58:13.718,1.1158,1.11582,1500000,1690000
2019.10.31 10:58:13.972,1.1158,1.11583,3070000,940000
2019.10.31 10:58:14.739,1.11582,1.11583,1500000,190000
2019.10.31 10:58:15.344,1.1158,1.11583,2250000,2890000
2019.10.31 10:58:15.486,1.11581,1.11583,2250000,750000
2019.10.31 10:58:15.922,1.1158,1.11582,750000,1690000
2019.10.31 10:58:16.023,1.11581,1.11583,1500000,370000
2019.10.31 10:58:17.103,1.11582,1.11583,1500000,190000
2019.10.31 10:58:18.434,1.11583,1.11584,1500000,2250000
2019.10.31 10:58:18.535,1.11581,1.11584,750000,3640000
2019.10.31 10:58:18.636,1.11583,1.11584,750000,100000
2019.10.31 10:58:18.779,1.11582,1.11584,3000000,750000
2019.10.31 10:58:18.932,1.11581,1.11584,750000,1390000
2019.10.31 10:58:20.201,1.11581,1.11583,750000,640000
2019.10.31 10:58:22.957,1.1158,1.11581,750000,3070000
2019.10.31 10:58:23.058,1.1158,1.11581,750000,2320000
2019.10.31 10:58:23.210,1.11578,1.11579,1500000,1950000
2019.10.31 10:58:23.312,1.11579,1.11581,820000,100000
2019.10.31 10:58:23.413,1.11577,1.11579,2250000,3750000
2019.10.31 10:58:23.543,1.11576,1.11579,2250000,640000
2019.10.31 10:58:23.796,1.11577,1.11579,1870000,370000
2019.10.31 10:58:24.100,1.11577,1.11578,1500000,370000
2019.10.31 10:58:24.403,1.11577,1.11579,3370000,370000
2019.10.31 10:58:24.504,1.11577,1.11578,750000,370000
2019.10.31 10:58:25.261,1.11576,1.11578,1500000,1010000
2019.10.31 10:58:29.532,1.11576,1.11579,3000000,1390000
2019.10.31 10:58:29.893,1.11577,1.11579,2250000,190000
2019.10.31 10:58:31.432,1.11577,1.11578,750000,260000
2019.10.31 10:58:35.805,1.11577,1.11579,4200000,1010000
2019.10.31 10:58:36.615,1.11576,1.11579,2320000,190000
2019.10.31 10:58:37.117,1.11576,1.11578,370000,190000
2019.10.31 10:58:37.218,1.11575,1.11577,100000,1760000
2019.10.31 10:58:37.320,1.11576,1.11578,3000000,190000
2019.10.31 10:58:37.623,1.11576,1.11579,2700000,190000
2019.10.31 10:58:38.041,1.11577,1.11579,2700000,100000
2019.10.31 10:58:39.318,1.11575,1.11576,2250000,3820000
2019.10.31 10:58:39.369,1.11572,1.11573,750000,750000
2019.10.31 10:58:39.420,1.1157,1.11571,5250000,940000
2019.10.31 10:58:39.522,1.11569,1.1157,1690000,1120000
2019.10.31 10:58:39.628,1.11569,1.11571,3450000,1120000
2019.10.31 10:58:39.679,1.11567,1.1157,1310000,100000
2019.10.31 10:58:39.781,1.11568,1.11569,750000,190000
2019.10.31 10:58:40.054,1.11568,1.11571,2620000,1010000
2019.10.31 10:58:40.155,1.11569,1.1157,750000,190000
2019.10.31 10:58:40.256,1.11569,1.11571,1950000,190000
2019.10.31 10:58:40.358,1.11568,1.1157,450000,100000
2019.10.31 10:58:40.459,1.11568,1.11571,2700000,190000
2019.10.31 10:58:40.532,1.11567,1.11569,750000,640000
2019.10.31 10:58:40.634,1.11566,1.11568,750000,3190000
2019.10.31 10:58:40.735,1.11567,1.11569,2700000,100000
2019.10.31 10:58:40.887,1.11566,1.11568,750000,190000
2019.10.31 10:58:40.988,1.11566,1.11569,3370000,260000
2019.10.31 10:58:41.318,1.11566,1.11568,750000,1690000
2019.10.31 10:58:41.420,1.11566,1.11569,3450000,190000
2019.10.31 10:58:42.431,1.11566,1.11568,750000,1760000
2019.10.31 10:58:42.533,1.11566,1.11569,4570000,190000
2019.10.31 10:58:42.634,1.11566,1.11568,750000,940000
2019.10.31 10:58:42.836,1.11565,1.11568,750000,2890000
2019.10.31 10:58:43.089,1.11565,1.11568,1950000,3660000
2019.10.31 10:58:44.117,1.11565,1.11568,750000,3640000
2019.10.31 10:58:44.261,1.11566,1.11568,750000,1120000
2019.10.31 10:58:44.606,1.11565,1.11568,750000,3640000
2019.10.31 10:58:44.808,1.11566,1.11568,750000,1120000
2019.10.31 10:58:44.960,1.1156,1.11561,190000,3450000
2019.10.31 10:58:45.066,1.11557,1.11559,2620000,260000
2019.10.31 10:58:45.168,1.11555,1.11559,4760000,1580000
2019.10.31 10:58:45.270,1.11557,1.11559,3000000,190000
2019.10.31 10:58:45.372,1.11557,1.11559,3370000,940000
2019.10.31 10:58:45.488,1.11558,1.1156,4010000,190000
2019.10.31 10:58:45.593,1.11558,1.11559,750000,190000
2019.10.31 10:58:45.694,1.11557,1.11558,450000,940000
2019.10.31 10:58:45.796,1.11557,1.11559,1200000,940000
2019.10.31 10:58:45.897,1.11558,1.1156,4010000,190000
2019.10.31 10:58:45.998,1.11557,1.1156,2320000,190000
2019.10.31 10:58:46.600,1.11558,1.1156,640000,2060000
2019.10.31 10:58:46.802,1.11558,1.11559,750000,190000
2019.10.31 10:58:46.904,1.11558,1.1156,4840000,190000
2019.10.31 10:58:47.005,1.11558,1.11559,450000,190000
2019.10.31 10:58:47.106,1.11558,1.1156,4760000,190000
2019.10.31 10:58:47.227,1.11558,1.11559,370000,190000
2019.10.31 10:58:47.771,1.11557,1.11558,450000,190000
2019.10.31 10:58:47.923,1.11557,1.11559,370000,190000
2019.10.31 10:58:48.235,1.11557,1.1156,4010000,190000
2019.10.31 10:58:48.422,1.11557,1.11559,1500000,190000
2019.10.31 10:58:48.572,1.11557,1.11558,750000,190000
2019.10.31 10:58:49.296,1.11557,1.11558,750000,190000
2019.10.31 10:58:50.210,1.11557,1.1156,2320000,190000
2019.10.31 10:58:50.521,1.11556,1.11557,750000,1500000
2019.10.31 10:58:50.625,1.11556,1.11558,100000,940000
2019.10.31 10:58:50.727,1.11556,1.11559,1570000,190000
2019.10.31 10:58:50.828,1.11556,1.11559,750000,3450000
2019.10.31 10:58:50.930,1.11556,1.11558,370000,190000
2019.10.31 10:58:51.307,1.11556,1.11559,450000,3190000
2019.10.31 10:58:51.408,1.11556,1.1156,6640000,1760000
2019.10.31 10:58:52.125,1.11556,1.11558,1500000,1310000
2019.10.31 10:58:52.227,1.11555,1.11558,3370000,2510000
2019.10.31 10:58:52.350,1.11555,1.11558,190000,2510000
2019.10.31 10:58:52.656,1.11556,1.11558,750000,750000
2019.10.31 10:58:52.820,1.11556,1.11559,2060000,190000
2019.10.31 10:58:53.201,1.11556,1.11558,370000,190000
2019.10.31 10:58:53.303,1.11556,1.11559,2440000,190000
2019.10.31 10:58:54.125,1.11557,1.11558,750000,190000
2019.10.31 10:58:54.227,1.11554,1.11555,750000,1200000
2019.10.31 10:58:54.278,1.11553,1.11554,750000,1500000
2019.10.31 10:58:54.380,1.11553,1.11555,2700000,750000
2019.10.31 10:58:54.483,1.11552,1.11555,2700000,1690000
2019.10.31 10:58:54.946,1.11552,1.11554,750000,1690000
2019.10.31 10:58:55.794,1.11552,1.11553,750000,190000
2019.10.31 10:58:56.821,1.11553,1.11554,750000,1690000
2019.10.31 10:58:56.937,1.11552,1.11554,1870000,2510000
2019.10.31 10:58:57.392,1.11551,1.11552,2250000,1500000
2019.10.31 10:58:57.494,1.11549,1.11551,4120000,940000
2019.10.31 10:58:57.546,1.11548,1.1155,3000000,260000
2019.10.31 10:58:57.735,1.11547,1.1155,4390000,1120000
2019.10.31 10:58:57.865,1.11547,1.11549,370000,260000
2019.10.31 10:58:58.017,1.11547,1.1155,2250000,260000
2019.10.31 10:58:58.170,1.11547,1.11549,450000,260000
2019.10.31 10:58:58.694,1.11547,1.1155,4570000,190000
2019.10.31 10:58:59.393,1.11547,1.11548,750000,940000
2019.10.31 10:58:59.646,1.11544,1.11545,1120000,4010000
2019.10.31 10:58:59.747,1.11543,1.11544,1120000,3190000
2019.10.31 10:58:59.849,1.11542,1.11544,1120000,190000
2019.10.31 10:59:00.102,1.11544,1.11545,1200000,750000
2019.10.31 10:59:00.153,1.11546,1.11547,2250000,190000
2019.10.31 10:59:00.255,1.11547,1.11549,2250000,1120000
2019.10.31 10:59:00.367,1.11546,1.11548,750000,2140000
2019.10.31 10:59:00.471,1.11547,1.11549,1500000,940000
2019.10.31 10:59:00.523,1.1155,1.11551,640000,750000
2019.10.31 10:59:00.625,1.11549,1.11551,940000,750000
2019.10.31 10:59:00.727,1.11547,1.1155,3820000,1690000
2019.10.31 10:59:00.828,1.11548,1.11549,2250000,190000
2019.10.31 10:59:01.060,1.11547,1.11548,370000,940000
2019.10.31 10:59:01.111,1.11544,1.11546,1120000,7390000
2019.10.31 10:59:01.162,1.11546,1.11547,3000000,190000
2019.10.31 10:59:01.213,1.11544,1.11545,1870000,100000
2019.10.31 10:59:01.315,1.11544,1.11545,1410000,260000
2019.10.31 10:59:01.417,1.11545,1.11546,750000,190000
2019.10.31 10:59:01.621,1.11545,1.11546,750000,750000
2019.10.31 10:59:01.723,1.11545,1.11547,750000,5140000
2019.10.31 10:59:01.824,1.11546,1.11547,750000,5510000
2019.10.31 10:59:01.926,1.11547,1.11548,2250000,6640000
2019.10.31 10:59:02.027,1.11547,1.11548,1500000,190000
2019.10.31 10:59:02.424,1.11547,1.11549,5400000,940000
2019.10.31 10:59:02.525,1.11546,1.11548,2250000,190000
2019.10.31 10:59:05.251,1.11544,1.11547,750000,1390000
2019.10.31 10:59:05.500,1.11545,1.11547,1690000,370000
2019.10.31 10:59:06.491,1.11545,1.11548,3450000,190000
2019.10.31 10:59:06.929,1.11544,1.11547,1950000,2210000
2019.10.31 10:59:07.030,1.1154,1.11541,750000,4910000
2019.10.31 10:59:07.081,1.11538,1.1154,4310000,3370000
2019.10.31 10:59:07.270,1.11537,1.11538,2810000,190000
2019.10.31 10:59:07.374,1.11537,1.11539,2510000,1200000
2019.10.31 10:59:07.476,1.11538,1.11539,750000,8700000
2019.10.31 10:59:07.578,1.11539,1.1154,2810000,260000
2019.10.31 10:59:07.824,1.11537,1.11539,750000,640000
2019.10.31 10:59:07.926,1.11538,1.1154,1500000,450000
2019.10.31 10:59:08.028,1.11539,1.1154,750000,640000
2019.10.31 10:59:08.130,1.11537,1.11539,3190000,560000
2019.10.31 10:59:08.232,1.11537,1.11539,3260000,940000
2019.10.31 10:59:08.334,1.11536,1.11537,370000,260000
2019.10.31 10:59:08.486,1.11537,1.11538,1500000,190000
2019.10.31 10:59:09.093,1.11537,1.11539,1500000,190000
2019.10.31 10:59:09.246,1.11537,1.11538,370000,260000
2019.10.31 10:59:09.394,1.11537,1.11539,750000,190000
2019.10.31 10:59:10.431,1.11536,1.11538,750000,260000
2019.10.31 10:59:10.483,1.11537,1.11539,3000000,190000
2019.10.31 10:59:11.022,1.11536,1.11538,1870000,940000
2019.10.31 10:59:11.124,1.11534,1.11537,750000,2890000
2019.10.31 10:59:11.226,1.11536,1.11537,750000,940000
2019.10.31 10:59:11.631,1.11536,1.11538,1500000,190000
2019.10.31 10:59:11.783,1.11536,1.11537,750000,940000
2019.10.31 10:59:11.835,1.11534,1.11535,3370000,1270000
2019.10.31 10:59:11.984,1.11532,1.11534,190000,1010000
2019.10.31 10:59:12.238,1.11532,1.11533,370000,190000
2019.10.31 10:59:12.339,1.11532,1.11534,3370000,190000
2019.10.31 10:59:12.760,1.11533,1.11534,750000,260000
2019.10.31 10:59:12.811,1.11535,1.11537,1200000,190000
2019.10.31 10:59:12.913,1.11535,1.11537,5700000,940000
2019.10.31 10:59:13.015,1.11535,1.11537,4870000,190000
2019.10.31 10:59:13.066,1.11535,1.11537,3070000,190000
2019.10.31 10:59:13.219,1.11535,1.11537,3750000,260000
2019.10.31 10:59:13.320,1.11534,1.11537,4950000,190000
2019.10.31 10:59:13.416,1.11533,1.11536,6070000,750000
2019.10.31 10:59:13.528,1.11532,1.11536,6630000,1390000
2019.10.31 10:59:13.836,1.11532,1.11535,820000,560000
2019.10.31 10:59:14.519,1.11531,1.11533,2060000,100000
2019.10.31 10:59:14.620,1.11529,1.11532,4200000,190000
2019.10.31 10:59:14.722,1.11527,1.11529,1200000,640000
2019.10.31 10:59:14.824,1.11527,1.11529,4120000,190000
2019.10.31 10:59:15.486,1.11527,1.11529,2250000,190000
2019.10.31 10:59:16.166,1.11525,1.11527,750000,1200000
2019.10.31 10:59:16.269,1.11525,1.11527,3380000,190000
2019.10.31 10:59:16.370,1.11523,1.11526,1500000,2700000
2019.10.31 10:59:16.487,1.11522,1.11525,1120000,1760000
2019.10.31 10:59:16.642,1.11522,1.11524,750000,290000
2019.10.31 10:59:16.896,1.11522,1.11525,2620000,1010000
2019.10.31 10:59:17.908,1.11522,1.11524,100000,260000
2019.10.31 10:59:18.018,1.11522,1.11525,2620000,260000
2019.10.31 10:59:18.119,1.11522,1.11524,1500000,1760000
2019.10.31 10:59:18.170,1.11523,1.11525,1870000,750000
2019.10.31 10:59:18.221,1.11525,1.11527,2320000,940000
2019.10.31 10:59:18.322,1.11526,1.11527,750000,260000
2019.10.31 10:59:18.424,1.11526,1.11528,1950000,190000
2019.10.31 10:59:18.525,1.11527,1.11528,1870000,190000
2019.10.31 10:59:18.833,1.11526,1.11528,2250000,190000
2019.10.31 10:59:19.881,1.11527,1.11528,370000,190000
2019.10.31 10:59:19.983,1.11527,1.11529,3070000,190000
2019.10.31 10:59:21.050,1.11527,1.11529,4970000,190000
2019.10.31 10:59:21.605,1.11527,1.11529,3070000,190000
2019.10.31 10:59:21.881,1.11527,1.1153,4200000,190000
2019.10.31 10:59:21.983,1.1153,1.11531,820000,940000
2019.10.31 10:59:22.034,1.1153,1.11532,1120000,1870000
2019.10.31 10:59:22.136,1.11529,1.11531,1950000,1310000
2019.10.31 10:59:22.238,1.11529,1.1153,560000,750000
2019.10.31 10:59:22.365,1.11528,1.1153,560000,940000
2019.10.31 10:59:22.467,1.11527,1.11528,1120000,260000
2019.10.31 10:59:22.771,1.11529,1.1153,3450000,560000
2019.10.31 10:59:22.873,1.11529,1.11531,1120000,750000
2019.10.31 10:59:22.933,1.11528,1.1153,190000,2510000
2019.10.31 10:59:23.034,1.11527,1.1153,2620000,1010000
2019.10.31 10:59:23.539,1.11527,1.11529,1120000,940000
2019.10.31 10:59:23.641,1.11527,1.11529,750000,940000
2019.10.31 10:59:23.742,1.11527,1.1153,2620000,2510000
2019.10.31 10:59:23.875,1.11527,1.1153,3070000,940000
2019.10.31 10:59:23.977,1.11527,1.1153,3070000,940000
2019.10.31 10:59:24.078,1.11527,1.11529,370000,940000
2019.10.31 10:59:24.976,1.11526,1.11529,5700000,940000
2019.10.31 10:59:25.482,1.11525,1.11526,750000,1010000
2019.10.31 10:59:25.609,1.11523,1.11525,1500000,640000
2019.10.31 10:59:25.712,1.11523,1.11524,750000,100000
2019.10.31 10:59:25.813,1.11522,1.11524,750000,1200000
2019.10.31 10:59:26.016,1.11523,1.11524,750000,190000
2019.10.31 10:59:26.218,1.11524,1.11526,1950000,750000
2019.10.31 10:59:26.315,1.11526,1.11527,1500000,260000
2019.10.31 10:59:26.416,1.11527,1.11528,750000,190000
2019.10.31 10:59:26.619,1.11525,1.11527,2620000,940000
2019.10.31 10:59:26.720,1.11526,1.11528,3750000,940000
2019.10.31 10:59:26.821,1.11527,1.11528,3370000,190000
2019.10.31 10:59:28.703,1.11526,1.11528,3070000,1200000
2019.10.31 10:59:28.805,1.11524,1.11526,2250000,1920000
2019.10.31 10:59:28.906,1.11522,1.11525,3000000,1390000
2019.10.31 10:59:29.264,1.11522,1.11524,370000,560000
2019.10.31 10:59:30.268,1.11521,1.11522,750000,1390000
2019.10.31 10:59:30.319,1.11519,1.11521,3820000,2620000
2019.10.31 10:59:30.420,1.11521,1.11522,2250000,190000
2019.10.31 10:59:30.572,1.11521,1.11523,3370000,1690000
2019.10.31 10:59:30.826,1.11522,1.11523,370000,190000
2019.10.31 10:59:30.927,1.11522,1.11524,1870000,190000
2019.10.31 10:59:31.079,1.11522,1.11523,100000,190000
2019.10.31 10:59:31.181,1.11522,1.11524,1870000,190000
2019.10.31 10:59:31.333,1.11521,1.11522,750000,1310000
2019.10.31 10:59:31.826,1.11521,1.11522,1120000,370000
2019.10.31 10:59:32.932,1.11521,1.11523,2250000,190000
2019.10.31 10:59:33.084,1.11522,1.11523,1120000,190000
2019.10.31 10:59:33.292,1.11522,1.11524,4120000,190000
2019.10.31 10:59:33.748,1.11522,1.11523,370000,190000
2019.10.31 10:59:34.348,1.11522,1.11524,4570000,190000
2019.10.31 10:59:34.595,1.11521,1.11524,3820000,190000
2019.10.31 10:59:34.697,1.11521,1.11522,450000,190000
2019.10.31 10:59:34.798,1.11521,1.11523,750000,190000
2019.10.31 10:59:34.950,1.11522,1.11523,750000,190000
2019.10.31 10:59:36.011,1.1152,1.11521,1120000,1200000
2019.10.31 10:59:36.113,1.11517,1.11519,940000,2600000
2019.10.31 10:59:36.246,1.11518,1.11519,1120000,190000
2019.10.31 10:59:36.398,1.1152,1.11522,3830000,190000
2019.10.31 10:59:36.449,1.11521,1.11523,2320000,190000
2019.10.31 10:59:36.551,1.11521,1.11522,370000,260000
2019.10.31 10:59:37.066,1.11521,1.11523,2320000,1010000
2019.10.31 10:59:37.167,1.11521,1.11524,4950000,190000
2019.10.31 10:59:37.370,1.11522,1.11524,3070000,100000
2019.10.31 10:59:37.472,1.11524,1.11525,750000,190000
2019.10.31 10:59:37.575,1.11524,1.11525,750000,370000
2019.10.31 10:59:37.627,1.11523,1.11525,750000,1010000
2019.10.31 10:59:37.757,1.11522,1.11524,370000,2140000
2019.10.31 10:59:38.011,1.11522,1.11523,100000,190000
2019.10.31 10:59:38.112,1.11522,1.11524,1870000,190000
2019.10.31 10:59:38.214,1.11521,1.11523,1500000,940000
2019.10.31 10:59:38.627,1.11521,1.11524,370000,1010000
2019.10.31 10:59:38.931,1.11522,1.11524,750000,750000
2019.10.31 10:59:39.033,1.11523,1.11526,4310000,100000
2019.10.31 10:59:39.765,1.11525,1.11527,1950000,940000
2019.10.31 10:59:39.871,1.11526,1.11528,1120000,260000
2019.10.31 10:59:39.973,1.11526,1.11529,3750000,260000
2019.10.31 10:59:40.074,1.11525,1.11527,370000,1010000
2019.10.31 10:59:40.476,1.11526,1.11528,1500000,190000
2019.10.31 10:59:40.578,1.11526,1.11529,750000,3260000
2019.10.31 10:59:40.679,1.11527,1.1153,3750000,260000
2019.10.31 10:59:40.881,1.11527,1.11529,370000,190000
2019.10.31 10:59:41.083,1.11527,1.1153,820000,190000
2019.10.31 10:59:41.265,1.11528,1.1153,1120000,750000
2019.10.31 10:59:41.366,1.1153,1.11533,3070000,940000
2019.10.31 10:59:41.569,1.1153,1.11532,100000,260000
2019.10.31 10:59:41.721,1.11531,1.11533,1570000,820000
2019.10.31 10:59:41.822,1.11531,1.11534,450000,3190000
2019.10.31 10:59:41.975,1.11532,1.11534,370000,820000
2019.10.31 10:59:42.076,1.11532,1.11535,750000,820000
2019.10.31 10:59:42.177,1.11532,1.11534,370000,820000
2019.10.31 10:59:42.682,1.11533,1.11536,4010000,750000
2019.10.31 10:59:42.807,1.11535,1.11537,100000,2510000
2019.10.31 10:59:42.909,1.11537,1.11539,1010000,190000
2019.10.31 10:59:43.061,1.11537,1.11538,370000,190000
2019.10.31 10:59:43.248,1.11536,1.11538,370000,190000
2019.10.31 10:59:43.349,1.11536,1.11539,1570000,190000
2019.10.31 10:59:43.692,1.11536,1.1154,3450000,1010000
2019.10.31 10:59:43.793,1.11536,1.11539,370000,260000
2019.10.31 10:59:43.972,1.11537,1.11539,370000,100000
2019.10.31 10:59:44.226,1.11536,1.1154,1570000,1010000
2019.10.31 10:59:44.380,1.11537,1.1154,750000,1010000
2019.10.31 10:59:44.483,1.1154,1.11542,4010000,750000
2019.10.31 10:59:44.534,1.11539,1.11542,2060000,1950000
2019.10.31 10:59:44.687,1.1154,1.11542,2320000,100000
2019.10.31 10:59:44.839,1.11538,1.11541,5890000,940000
2019.10.31 10:59:44.964,1.11538,1.11541,3560000,1010000
2019.10.31 10:59:45.116,1.11538,1.11541,3070000,190000
2019.10.31 10:59:45.683,1.11539,1.11541,2700000,820000
2019.10.31 10:59:45.734,1.11539,1.11543,2890000,1950000
2019.10.31 10:59:45.887,1.1154,1.11543,1010000,3190000
2019.10.31 10:59:45.989,1.11543,1.11544,100000,750000
2019.10.31 10:59:46.092,1.11544,1.11545,450000,1500000
2019.10.31 10:59:46.143,1.11544,1.11547,2890000,750000
2019.10.31 10:59:46.194,1.11544,1.11546,3190000,750000
2019.10.31 10:59:46.301,1.11542,1.11546,7010000,2700000
2019.10.31 10:59:46.403,1.11543,1.11546,5130000,190000
2019.10.31 10:59:46.758,1.11544,1.11547,1760000,1500000
2019.10.31 10:59:46.860,1.11546,1.11548,1200000,750000
2019.10.31 10:59:46.965,1.11547,1.11548,750000,1120000
2019.10.31 10:59:47.016,1.11547,1.1155,1200000,2810000
2019.10.31 10:59:47.117,1.11547,1.11551,2510000,2140000
2019.10.31 10:59:47.269,1.11548,1.11551,2510000,100000
2019.10.31 10:59:47.576,1.11548,1.1155,450000,100000
2019.10.31 10:59:47.847,1.11547,1.1155,190000,2060000
2019.10.31 10:59:48.000,1.11547,1.1155,100000,750000
2019.10.31 10:59:48.152,1.11545,1.11547,1500000,2810000
2019.10.31 10:59:48.254,1.11543,1.11547,4390000,1390000
2019.10.31 10:59:48.355,1.11543,1.11546,4500000,260000
2019.10.31 10:59:48.406,1.11542,1.11544,4120000,1200000
2019.10.31 10:59:48.562,1.11541,1.11544,4570000,1120000
2019.10.31 10:59:48.867,1.11542,1.11545,3750000,100000
2019.10.31 10:59:49.212,1.11542,1.11546,2510000,820000
2019.10.31 10:59:49.313,1.11543,1.11545,450000,820000
2019.10.31 10:59:49.415,1.11543,1.11546,750000,1570000
2019.10.31 10:59:50.120,1.11545,1.11547,1950000,1500000
2019.10.31 10:59:50.222,1.11546,1.11549,4950000,750000
2019.10.31 10:59:50.273,1.11544,1.11548,3070000,1760000
2019.10.31 10:59:50.374,1.11544,1.11546,750000,190000
2019.10.31 10:59:50.475,1.11543,1.11546,750000,4760000
2019.10.31 10:59:51.612,1.11544,1.11546,820000,100000
2019.10.31 10:59:51.716,1.11543,1.11546,1500000,100000
2019.10.31 10:59:52.019,1.11544,1.11546,1200000,100000
2019.10.31 10:59:52.121,1.11543,1.11546,1120000,100000
2019.10.31 10:59:52.324,1.11544,1.11546,1120000,750000
2019.10.31 10:59:52.430,1.11545,1.11547,1760000,260000
2019.10.31 10:59:52.583,1.11543,1.11547,6260000,2140000
2019.10.31 10:59:52.684,1.11544,1.11547,4310000,100000
2019.10.31 10:59:52.836,1.11545,1.11547,820000,100000
2019.10.31 10:59:52.937,1.11546,1.11547,750000,100000
2019.10.31 10:59:53.039,1.11544,1.11547,750000,1570000
2019.10.31 10:59:54.089,1.11545,1.11547,1500000,750000
2019.10.31 10:59:55.381,1.11545,1.11548,1200000,940000
2019.10.31 10:59:55.483,1.11547,1.11549,2140000,100000
2019.10.31 10:59:55.787,1.11546,1.11549,190000,1570000
2019.10.31 10:59:55.946,1.11546,1.1155,5700000,1760000
2019.10.31 10:59:56.047,1.11547,1.1155,2440000,1570000
2019.10.31 10:59:56.351,1.11548,1.1155,750000,750000
2019.10.31 10:59:56.452,1.11549,1.1155,940000,100000
2019.10.31 10:59:56.554,1.11548,1.11549,750000,100000
2019.10.31 10:59:56.672,1.11547,1.11549,750000,820000
2019.10.31 10:59:57.135,1.11548,1.11549,750000,100000
2019.10.31 10:59:57.236,1.11547,1.1155,1690000,2320000
2019.10.31 10:59:57.338,1.11547,1.11551,3820000,260000
2019.10.31 10:59:57.439,1.11547,1.11549,750000,260000
2019.10.31 10:59:58.909,1.11548,1.11549,190000,100000
2019.10.31 10:59:59.010,1.11547,1.11551,1570000,260000
2019.10.31 10:59:59.112,1.11548,1.11551,2620000,100000
2019.10.31 10:59:59.162,1.11548,1.11549,190000,100000
2019.10.31 10:59:59.264,1.11547,1.11549,190000,260000
