2014.10.09 22:00:00.200,1.26894,1.26899,0.75,1.50
2014.10.09 22:00:00.504,1.26892,1.26898,1.12,1.50
2014.10.09 22:00:01.370,1.26894,1.26898,1.87,0.75
2014.10.09 22:00:01.876,1.26895,1.26898,0.75,0.75
2014.10.09 22:00:02.385,1.26894,1.26898,1.50,1.50
2014.10.09 22:00:02.912,1.26895,1.26899,1.12,1.50
2014.10.09 22:00:03.501,1.26894,1.26899,0.75,2.25
2014.10.09 22:00:03.805,1.26892,1.26898,0.75,1.50
2014.10.09 22:00:11.741,1.26895,1.26898,0.75,0.75
2014.10.09 22:00:14.866,1.26896,1.26898,0.75,0.75
2014.10.09 22:00:15.638,1.26896,1.26899,0.75,1.87
2014.10.09 22:00:21.872,1.26895,1.26899,0.75,0.75
2014.10.09 22:00:22.712,1.26895,1.269,0.75,2.06
2014.10.09 22:00:28.855,1.26893,1.269,1.50,0.75
2014.10.09 22:00:29.367,1.26892,1.269,6.00,1.50
2014.10.09 22:00:29.468,1.26895,1.269,0.75,0.75
2014.10.09 22:00:29.990,1.26896,1.269,0.75,0.75
2014.10.09 22:00:30.642,1.26895,1.269,0.75,0.75
2014.10.09 22:00:32.494,1.26893,1.269,1.50,2.25
2014.10.09 22:00:33.006,1.26892,1.269,4.12,3.19
2014.10.09 22:00:34.661,1.26893,1.269,0.75,3.00
2014.10.09 22:00:35.270,1.26892,1.269,3.75,2.25
2014.10.09 22:00:36.590,1.26893,1.269,0.75,3.00
2014.10.09 22:00:37.155,1.26892,1.269,3.75,2.62
2014.10.09 22:00:38.389,1.26893,1.269,0.75,3.00
2014.10.09 22:00:39.037,1.26892,1.269,3.75,2.25
2014.10.09 22:00:39.838,1.26893,1.269,0.75,3.00
2014.10.09 22:00:40.387,1.26892,1.269,3.75,3.00
2014.10.09 22:00:42.516,1.26893,1.269,0.75,4.50
2014.10.09 22:00:43.127,1.26892,1.269,3.75,3.00
2014.10.09 22:00:43.432,1.26894,1.269,0.19,3.00
2014.10.09 22:00:43.735,1.26897,1.26901,0.75,0.37
2014.10.09 22:00:43.836,1.26895,1.26901,2.25,1.50
2014.10.09 22:00:44.341,1.26894,1.269,1.50,1.12
2014.10.09 22:00:44.868,1.26895,1.269,0.75,0.75
2014.10.09 22:00:45.125,1.26893,1.269,2.25,0.75
2014.10.09 22:00:47.108,1.26894,1.269,0.75,2.25
2014.10.09 22:00:47.636,1.26893,1.269,0.75,1.87
2014.10.09 22:00:50.004,1.26895,1.269,0.75,0.37
2014.10.09 22:00:50.518,1.26895,1.26901,1.80,3.37
2014.10.09 22:00:52.061,1.26895,1.269,1.80,0.37
2014.10.09 22:00:52.621,1.26895,1.26901,1.80,3.37
2014.10.09 22:00:53.159,1.26896,1.26901,1.05,3.56
2014.10.09 22:00:53.434,1.26893,1.26901,2.25,4.31
2014.10.09 22:00:54.118,1.26893,1.269,0.75,0.37
2014.10.09 22:00:54.574,1.26895,1.26901,0.75,2.44
2014.10.09 22:00:56.458,1.26895,1.269,0.75,0.60
2014.10.09 22:00:56.965,1.26895,1.26901,0.75,3.04
2014.10.09 22:00:57.649,1.26895,1.269,0.75,0.60
2014.10.09 22:00:58.311,1.26895,1.26901,0.75,3.41
2014.10.09 22:00:58.859,1.26895,1.269,0.75,0.60
2014.10.09 22:00:59.446,1.26895,1.26901,0.75,3.41
2014.10.09 22:01:00.664,1.26895,1.269,0.75,0.60
2014.10.09 22:01:01.282,1.26895,1.26901,0.75,3.22
2014.10.09 22:01:02.676,1.26895,1.269,0.75,0.60
2014.10.09 22:01:03.788,1.26895,1.26901,0.75,3.22
2014.10.09 22:01:04.298,1.26896,1.269,1.05,0.75
2014.10.09 22:01:04.803,1.26895,1.269,0.75,1.50
2014.10.09 22:01:05.309,1.26896,1.269,1.05,2.10
2014.10.09 22:01:08.529,1.26895,1.269,1.05,1.50
2014.10.09 22:01:09.644,1.26896,1.269,1.05,1.50
2014.10.09 22:01:12.544,1.26895,1.269,1.05,1.50
2014.10.09 22:01:14.585,1.26896,1.269,1.05,1.50
2014.10.09 22:01:15.130,1.26895,1.269,1.05,1.50
2014.10.09 22:01:21.109,1.26896,1.269,2.81,1.50
2014.10.09 22:01:21.673,1.26896,1.26901,3.75,1.35
2014.10.09 22:01:22.188,1.26895,1.26901,4.87,0.75
2014.10.09 22:01:39.854,1.26894,1.26901,2.25,0.94
2014.10.09 22:01:40.359,1.26894,1.269,1.12,0.75
2014.10.09 22:01:40.864,1.26895,1.26901,0.37,2.44
2014.10.09 22:01:41.369,1.26894,1.26901,1.12,2.44
2014.10.09 22:01:41.876,1.26895,1.269,0.37,0.19
2014.10.09 22:01:42.400,1.26894,1.269,1.12,0.19
2014.10.09 22:01:42.906,1.26894,1.26901,1.12,3.94
2014.10.09 22:01:44.696,1.26895,1.269,0.37,0.37
2014.10.09 22:01:45.353,1.26896,1.269,1.05,0.37
2014.10.09 22:01:45.857,1.26896,1.26901,1.05,0.94
2014.10.09 22:01:52.534,1.26896,1.269,1.05,0.75
2014.10.09 22:01:56.126,1.26895,1.269,1.80,0.94
2014.10.09 22:01:59.976,1.26894,1.269,3.00,0.75
2014.10.09 22:02:00.077,1.26892,1.269,0.75,2.25
2014.10.09 22:02:00.582,1.26892,1.26899,0.75,0.75
2014.10.09 22:02:01.115,1.26892,1.26898,0.75,0.75
2014.10.09 22:02:01.830,1.2689,1.26897,3.00,1.50
2014.10.09 22:02:01.932,1.2689,1.26892,0.75,0.75
2014.10.09 22:02:02.441,1.26889,1.26892,1.50,0.75
2014.10.09 22:02:03.465,1.2689,1.26892,0.75,0.75
2014.10.09 22:02:03.981,1.26889,1.26892,2.25,0.75
2014.10.09 22:02:06.716,1.26891,1.26892,0.75,0.75
2014.10.09 22:02:06.969,1.26889,1.26892,6.37,0.75
2014.10.09 22:02:07.523,1.26891,1.26892,0.75,0.75
2014.10.09 22:02:07.675,1.26892,1.26897,5.99,0.75
2014.10.09 22:02:07.877,1.26892,1.26897,0.75,0.75
2014.10.09 22:02:07.928,1.2689,1.26897,5.62,0.75
2014.10.09 22:02:08.080,1.2689,1.26895,1.87,0.75
2014.10.09 22:02:09.907,1.26889,1.26895,2.62,0.75
2014.10.09 22:02:16.027,1.26888,1.26895,6.37,0.75
2014.10.09 22:02:22.144,1.26889,1.26895,0.75,1.50
2014.10.09 22:02:28.489,1.26889,1.26893,1.50,0.75
2014.10.09 22:03:02.246,1.26889,1.26891,0.75,0.75
2014.10.09 22:03:03.089,1.26889,1.26892,0.75,0.75
2014.10.09 22:03:03.643,1.26889,1.26893,0.75,0.75
2014.10.09 22:03:10.280,1.26888,1.26893,1.50,0.75
2014.10.09 22:03:10.829,1.26888,1.26892,1.50,0.75
2014.10.09 22:03:30.418,1.26887,1.26891,2.62,0.75
2014.10.09 22:04:17.599,1.26887,1.26889,1.12,1.50
2014.10.09 22:04:17.650,1.26885,1.26889,1.00,2.25
2014.10.09 22:04:17.701,1.26884,1.26887,3.00,1.50
2014.10.09 22:04:17.954,1.26881,1.26887,2.25,2.25
2014.10.09 22:04:18.005,1.26881,1.26884,1.00,1.00
2014.10.09 22:04:18.511,1.2688,1.26884,1.00,1.00
2014.10.09 22:04:18.613,1.26881,1.26887,1.50,4.50
2014.10.09 22:04:19.118,1.26881,1.26886,1.50,1.50
2014.10.09 22:04:19.624,1.26881,1.26887,1.50,5.25
2014.10.09 22:04:20.150,1.26881,1.26886,1.50,1.20
2014.10.09 22:04:22.107,1.26881,1.26887,1.50,3.90
2014.10.09 22:04:38.029,1.26882,1.26885,1.00,1.00
2014.10.09 22:04:38.536,1.26882,1.26884,1.00,1.00
2014.10.09 22:04:39.073,1.26881,1.26884,1.00,1.00
2014.10.09 22:04:41.275,1.2688,1.26884,1.00,1.00
2014.10.09 22:04:48.194,1.26881,1.26885,1.00,1.00
2014.10.09 22:04:48.245,1.26881,1.26887,1.50,2.25
2014.10.09 22:04:49.605,1.26882,1.26887,1.00,1.50
2014.10.09 22:04:50.193,1.26881,1.26887,5.62,1.50
2014.10.09 22:04:50.839,1.26882,1.26887,1.00,1.50
2014.10.09 22:04:51.505,1.26881,1.26887,5.62,1.50
2014.10.09 22:04:53.014,1.26882,1.26887,1.00,1.50
2014.10.09 22:04:53.524,1.26881,1.26887,5.62,1.50
2014.10.09 22:04:54.362,1.26882,1.26887,1.00,1.50
2014.10.09 22:04:54.903,1.26882,1.26886,1.50,1.00
2014.10.09 22:05:54.834,1.26881,1.26889,2.81,1.50
2014.10.09 22:05:55.487,1.26882,1.26889,1.00,2.25
2014.10.09 22:05:56.261,1.26882,1.26888,2.25,1.50
2014.10.09 22:06:05.274,1.26883,1.26887,1.00,1.00
2014.10.09 22:06:16.780,1.26882,1.26886,1.00,1.00
2014.10.09 22:06:17.327,1.26881,1.26886,1.50,1.50
2014.10.09 22:06:31.376,1.2688,1.26886,1.50,3.00
2014.10.09 22:06:35.786,1.2688,1.26884,1.00,1.00
2014.10.09 22:06:36.312,1.26879,1.26884,1.50,1.50
2014.10.09 22:06:39.816,1.2688,1.26884,1.00,1.50
2014.10.09 22:06:40.580,1.26878,1.26884,3.00,1.50
2014.10.09 22:06:40.733,1.26879,1.26882,1.00,1.00
2014.10.09 22:06:41.302,1.26878,1.26882,1.00,1.50
2014.10.09 22:06:42.713,1.26877,1.26882,2.25,1.50
2014.10.09 22:06:44.203,1.26878,1.26882,1.00,1.50
2014.10.09 22:06:47.764,1.26879,1.26884,1.00,1.50
2014.10.09 22:07:12.880,1.26878,1.26884,3.00,1.50
2014.10.09 22:07:18.829,1.26878,1.26884,4.50,1.50
2014.10.09 22:07:21.807,1.26878,1.26884,3.56,1.50
2014.10.09 22:07:22.701,1.26878,1.26884,4.31,1.50
2014.10.09 22:07:28.357,1.2688,1.26884,1.00,1.50
2014.10.09 22:07:44.441,1.2688,1.26882,1.00,1.00
2014.10.09 22:07:44.931,1.26878,1.26882,1.50,1.50
2014.10.09 22:07:45.548,1.26879,1.26882,1.19,1.50
2014.10.09 22:07:45.701,1.2688,1.26884,2.44,1.00
2014.10.09 22:07:46.666,1.26881,1.26884,1.25,1.00
2014.10.09 22:07:48.648,1.2688,1.26884,1.69,1.00
2014.10.09 22:07:49.672,1.2688,1.26884,2.44,1.00
2014.10.09 22:07:50.692,1.2688,1.26884,1.25,1.00
2014.10.09 22:07:57.694,1.2688,1.26884,2.44,1.00
2014.10.09 22:07:59.573,1.2688,1.26884,2.44,1.00
2014.10.09 22:08:02.665,1.26883,1.26888,3.25,1.50
2014.10.09 22:08:02.716,1.26886,1.26889,1.00,6.37
2014.10.09 22:08:02.767,1.26884,1.26886,1.00,1.00
2014.10.09 22:08:02.818,1.26881,1.26885,1.25,1.00
2014.10.09 22:08:02.869,1.26883,1.26885,1.00,1.00
2014.10.09 22:08:02.971,1.26881,1.26885,1.25,1.00
2014.10.09 22:08:04.188,1.26882,1.26885,1.00,1.00
2014.10.09 22:08:04.726,1.26881,1.26885,1.69,1.00
2014.10.09 22:08:07.248,1.26883,1.26886,1.00,1.00
2014.10.09 22:08:07.401,1.26885,1.26889,1.00,1.00
2014.10.09 22:08:17.642,1.26885,1.26888,1.00,1.00
2014.10.09 22:08:17.693,1.26883,1.26888,1.25,1.50
2014.10.09 22:08:23.010,1.26882,1.26888,2.81,1.50
2014.10.09 22:08:23.843,1.26883,1.26888,1.00,1.50
2014.10.09 22:08:24.409,1.26882,1.26888,2.44,1.50
2014.10.09 22:08:25.069,1.26883,1.26888,1.00,1.50
2014.10.09 22:08:25.120,1.26885,1.26888,1.00,1.00
2014.10.09 22:08:25.629,1.26885,1.26889,1.00,1.00
2014.10.09 22:08:31.400,1.26885,1.26889,4.31,1.00
2014.10.09 22:08:31.502,1.26887,1.26891,1.00,1.00
2014.10.09 22:08:33.167,1.26888,1.26891,1.00,1.00
2014.10.09 22:08:33.678,1.26887,1.26891,1.25,1.00
2014.10.09 22:08:42.204,1.26888,1.26891,1.19,1.00
2014.10.09 22:08:42.305,1.26889,1.26893,2.44,2.25
2014.10.09 22:08:43.237,1.26889,1.26893,3.19,1.00
2014.10.09 22:08:43.897,1.26889,1.26893,3.19,1.00
2014.10.09 22:08:50.331,1.26889,1.26893,3.56,1.00
2014.10.09 22:08:52.325,1.26889,1.26893,3.19,1.00
2014.10.09 22:08:52.892,1.26889,1.26893,3.19,1.00
2014.10.09 22:08:53.397,1.26889,1.26893,3.94,1.00
2014.10.09 22:08:54.055,1.26889,1.26893,1.00,4.87
2014.10.09 22:08:54.717,1.26889,1.26893,1.00,3.37
2014.10.09 22:08:56.629,1.26889,1.26892,1.00,1.00
2014.10.09 22:09:01.536,1.26887,1.26892,1.27,2.25
2014.10.09 22:09:02.531,1.26888,1.26892,1.09,2.25
2014.10.09 22:09:03.039,1.26887,1.26892,2.40,1.50
2014.10.09 22:09:03.553,1.26888,1.26892,1.25,1.50
2014.10.09 22:09:04.569,1.26887,1.26892,2.40,1.50
2014.10.09 22:09:05.080,1.26888,1.26892,1.09,2.25
2014.10.09 22:09:10.713,1.26889,1.26892,1.00,1.50
2014.10.09 22:09:11.233,1.26889,1.26893,1.50,1.87
2014.10.09 22:09:11.742,1.26888,1.2689,1.31,1.00
2014.10.09 22:09:12.148,1.26886,1.2689,3.19,2.62
2014.10.09 22:09:13.261,1.26887,1.26889,1.00,1.12
2014.10.09 22:09:13.790,1.26886,1.2689,3.94,2.62
2014.10.09 22:09:14.552,1.26887,1.26889,1.00,1.12
2014.10.09 22:09:15.109,1.26886,1.2689,3.19,1.12
2014.10.09 22:09:16.319,1.26887,1.26889,1.00,1.00
2014.10.09 22:09:16.829,1.26886,1.2689,2.44,3.00
2014.10.09 22:09:22.280,1.26886,1.26891,1.50,1.50
2014.10.09 22:09:22.635,1.26886,1.26889,1.00,1.00
2014.10.09 22:09:23.140,1.26885,1.26889,2.06,1.00
2014.10.09 22:09:24.857,1.26885,1.26889,1.69,1.00
2014.10.09 22:09:25.844,1.26885,1.26889,2.06,1.00
2014.10.09 22:09:28.828,1.26886,1.26889,1.25,1.00
2014.10.09 22:09:29.829,1.26885,1.26889,2.06,1.00
2014.10.09 22:09:43.316,1.26885,1.26891,2.44,1.50
2014.10.09 22:09:43.863,1.26885,1.26891,2.44,1.50
2014.10.09 22:09:46.907,1.26885,1.26891,2.44,1.50
2014.10.09 22:09:54.178,1.26886,1.26891,1.00,1.50
2014.10.09 22:10:01.448,1.26885,1.26891,5.25,1.50
2014.10.09 22:10:02.105,1.26886,1.26891,1.00,1.50
2014.10.09 22:10:02.623,1.26885,1.26891,5.25,1.50
2014.10.09 22:10:03.171,1.26886,1.26891,1.00,1.50
2014.10.09 22:10:03.687,1.26885,1.26891,5.44,1.50
2014.10.09 22:10:11.479,1.26886,1.26891,1.12,1.50
2014.10.09 22:10:12.437,1.26885,1.26891,4.87,1.50
2014.10.09 22:10:18.181,1.26886,1.2689,1.00,1.00
2014.10.09 22:10:18.535,1.26885,1.26888,1.00,1.00
2014.10.09 22:10:18.586,1.26882,1.26888,2.25,1.50
2014.10.09 22:10:40.364,1.26883,1.26888,1.25,1.50
2014.10.09 22:10:44.107,1.26884,1.26888,1.50,1.00
2014.10.09 22:10:44.157,1.26886,1.26888,1.00,1.00
2014.10.09 22:10:44.208,1.26886,1.2689,1.50,1.50
2014.10.09 22:10:44.713,1.26887,1.26891,1.00,1.00
2014.10.09 22:10:47.559,1.26889,1.26891,1.00,1.00
2014.10.09 22:10:47.712,1.2689,1.26894,1.00,1.00
2014.10.09 22:10:48.218,1.26889,1.26894,1.87,1.50
2014.10.09 22:10:49.095,1.26889,1.26894,2.06,1.50
2014.10.09 22:10:49.622,1.26889,1.26894,1.87,1.50
2014.10.09 22:10:49.981,1.26892,1.26894,1.00,1.50
2014.10.09 22:10:55.923,1.26891,1.26893,1.00,1.12
2014.10.09 22:10:56.025,1.26888,1.26891,1.87,1.00
2014.10.09 22:10:56.229,1.26887,1.26891,1.00,1.00
2014.10.09 22:10:59.209,1.26887,1.26891,1.37,1.00
2014.10.09 22:11:17.386,1.26887,1.26891,1.12,1.00
2014.10.09 22:11:21.971,1.26886,1.26889,1.87,1.00
2014.10.09 22:11:24.106,1.26886,1.2689,1.12,1.00
2014.10.09 22:11:24.158,1.26886,1.26892,1.87,2.25
2014.10.09 22:11:24.670,1.26888,1.26892,1.00,1.00
2014.10.09 22:11:24.978,1.26889,1.26894,1.50,1.50
2014.10.09 22:11:46.619,1.26889,1.26894,1.87,1.50
2014.10.09 22:11:48.262,1.26889,1.26894,1.87,1.50
2014.10.09 22:11:48.852,1.26889,1.26894,1.87,1.50
2014.10.09 22:11:49.459,1.26889,1.26894,1.87,1.50
2014.10.09 22:11:50.079,1.26889,1.26894,1.87,1.50
2014.10.09 22:11:51.545,1.26889,1.26894,2.06,1.50
2014.10.09 22:11:52.148,1.26889,1.26894,2.06,1.50
2014.10.09 22:11:52.853,1.26889,1.26894,1.87,1.50
2014.10.09 22:11:53.364,1.26889,1.26894,1.87,1.50
2014.10.09 22:11:54.533,1.26889,1.26894,1.87,1.50
2014.10.09 22:11:54.989,1.26888,1.26894,2.25,2.62
2014.10.09 22:12:08.396,1.26888,1.26894,3.00,2.62
2014.10.09 22:12:10.476,1.26889,1.26894,1.12,3.37
2014.10.09 22:12:10.982,1.26888,1.26894,2.62,4.87
2014.10.09 22:12:11.713,1.26888,1.26894,2.62,3.37
2014.10.09 22:12:14.339,1.26888,1.26891,1.50,1.00
2014.10.09 22:12:14.542,1.26885,1.26889,1.00,3.00
2014.10.09 22:12:14.643,1.26883,1.26889,1.87,3.00
2014.10.09 22:12:14.744,1.26883,1.26886,1.12,1.00
2014.10.09 22:12:15.250,1.26882,1.26886,1.00,1.00
2014.10.09 22:12:15.756,1.26883,1.26889,3.00,2.62
2014.10.09 22:12:16.362,1.26886,1.26889,1.00,1.87
2014.10.09 22:12:17.338,1.26886,1.2689,1.00,1.50
2014.10.09 22:12:25.054,1.26888,1.26891,1.00,1.50
2014.10.09 22:12:25.560,1.26888,1.26892,1.00,1.00
2014.10.09 22:12:30.895,1.2689,1.26894,1.00,2.25
2014.10.09 22:12:31.402,1.26891,1.26897,1.50,3.00
2014.10.09 22:12:42.724,1.26891,1.26896,1.50,1.00
2014.10.09 22:12:52.936,1.26891,1.26897,1.50,1.50
2014.10.09 22:13:07.568,1.26892,1.26897,1.00,1.50
2014.10.09 22:13:08.024,1.26896,1.26899,1.00,1.00
2014.10.09 22:13:08.126,1.26894,1.26898,1.00,1.00
2014.10.09 22:13:09.036,1.26894,1.26898,1.45,1.00
2014.10.09 22:13:09.543,1.26894,1.26898,1.50,1.00
2014.10.09 22:13:11.503,1.26894,1.26898,1.45,1.00
2014.10.09 22:13:12.144,1.26894,1.26898,1.20,1.00
2014.10.09 22:13:12.805,1.26894,1.26898,1.45,1.00
2014.10.09 22:13:13.510,1.26894,1.26898,1.20,1.00
2014.10.09 22:13:14.124,1.26894,1.26898,1.45,1.00
2014.10.09 22:13:15.594,1.26894,1.26898,1.20,1.00
2014.10.09 22:13:16.509,1.26894,1.26898,1.45,1.00
2014.10.09 22:13:17.013,1.26894,1.26898,1.20,1.00
2014.10.09 22:13:17.682,1.26894,1.26898,1.45,1.00
2014.10.09 22:13:18.233,1.26894,1.26898,1.20,1.00
2014.10.09 22:13:19.007,1.26894,1.26898,1.45,1.00
2014.10.09 22:13:19.560,1.26894,1.26898,1.20,1.00
2014.10.09 22:13:21.252,1.26894,1.26898,1.45,1.00
2014.10.09 22:13:21.919,1.26894,1.26898,1.20,1.00
2014.10.09 22:13:22.421,1.26894,1.26898,1.45,1.00
2014.10.09 22:13:22.933,1.26894,1.26898,1.20,1.00
2014.10.09 22:13:23.455,1.26894,1.26898,1.45,1.00
2014.10.09 22:13:24.113,1.26894,1.26898,1.20,1.00
2014.10.09 22:13:26.583,1.26894,1.26898,1.45,1.00
2014.10.09 22:13:27.168,1.26894,1.26898,1.20,1.00
2014.10.09 22:13:27.989,1.26894,1.26898,1.45,1.00
2014.10.09 22:13:29.100,1.26892,1.26898,1.95,1.50
2014.10.09 22:13:30.855,1.26892,1.26898,2.70,1.50
2014.10.09 22:13:31.453,1.26892,1.26898,1.95,1.50
2014.10.09 22:13:32.056,1.26892,1.26898,1.95,1.50
2014.10.09 22:13:32.609,1.26892,1.26898,2.70,1.50
2014.10.09 22:13:34.087,1.26892,1.26898,2.70,1.50
2014.10.09 22:13:34.588,1.26892,1.26898,2.70,1.50
2014.10.09 22:13:35.724,1.26892,1.26898,1.95,1.50
2014.10.09 22:13:36.249,1.26892,1.26898,1.95,1.50
2014.10.09 22:13:36.950,1.26892,1.26898,1.95,1.50
2014.10.09 22:13:37.475,1.26892,1.26898,1.95,1.50
2014.10.09 22:13:38.057,1.26892,1.26898,1.95,1.50
2014.10.09 22:13:39.922,1.26892,1.26898,2.70,1.50
2014.10.09 22:13:43.465,1.26892,1.26898,2.70,1.50
2014.10.09 22:13:43.967,1.26892,1.26898,2.70,1.50
2014.10.09 22:13:44.474,1.26892,1.26898,3.45,1.50
2014.10.09 22:13:44.982,1.26892,1.26898,2.70,1.50
2014.10.09 22:13:46.309,1.26892,1.26898,2.70,1.50
2014.10.09 22:13:46.816,1.26892,1.26898,3.45,1.50
2014.10.09 22:13:47.533,1.26892,1.26898,3.45,1.50
2014.10.09 22:13:48.172,1.26892,1.26898,3.45,1.50
2014.10.09 22:13:48.893,1.26892,1.26898,2.70,1.50
2014.10.09 22:13:49.401,1.26892,1.26898,2.70,1.50
2014.10.09 22:13:51.327,1.26892,1.26898,2.70,1.50
2014.10.09 22:13:52.000,1.26892,1.26898,2.70,1.50
2014.10.09 22:13:53.772,1.26892,1.26898,2.70,1.50
2014.10.09 22:13:54.280,1.26892,1.26898,1.95,1.50
2014.10.09 22:13:55.598,1.26892,1.26898,2.70,1.50
2014.10.09 22:13:56.126,1.26892,1.26898,1.95,1.50
2014.10.09 22:13:58.229,1.26892,1.26898,2.70,1.50
2014.10.09 22:13:58.943,1.26892,1.26898,2.70,1.50
2014.10.09 22:13:59.557,1.26892,1.26898,2.70,1.50
2014.10.09 22:14:00.109,1.26892,1.26898,2.70,1.50
2014.10.09 22:14:01.591,1.26892,1.26898,1.95,1.50
2014.10.09 22:14:02.183,1.26892,1.26898,1.95,1.50
2014.10.09 22:14:02.758,1.26892,1.26898,2.70,2.25
2014.10.09 22:14:03.312,1.26892,1.26898,1.95,2.25
2014.10.09 22:14:04.688,1.26892,1.26898,1.95,2.25
2014.10.09 22:14:05.198,1.26892,1.26898,1.95,2.25
2014.10.09 22:14:06.545,1.26892,1.26898,2.70,2.25
2014.10.09 22:14:07.567,1.26892,1.26898,2.70,2.25
2014.10.09 22:14:08.175,1.26892,1.26898,2.70,2.25
2014.10.09 22:14:08.783,1.26892,1.26898,2.70,2.25
2014.10.09 22:14:09.587,1.26892,1.26898,3.45,2.25
2014.10.09 22:14:10.588,1.26892,1.26898,3.45,2.25
2014.10.09 22:14:11.374,1.26892,1.26898,3.45,1.50
2014.10.09 22:14:11.894,1.26892,1.26898,2.70,1.50
2014.10.09 22:14:12.406,1.26892,1.26898,2.70,1.50
2014.10.09 22:14:13.067,1.26892,1.26898,3.45,1.50
2014.10.09 22:14:13.597,1.26892,1.26898,2.70,1.50
2014.10.09 22:14:14.116,1.26892,1.26898,3.45,1.50
2014.10.09 22:14:16.186,1.26892,1.26898,3.45,1.50
2014.10.09 22:14:16.727,1.26892,1.26898,2.70,1.50
2014.10.09 22:14:17.997,1.26892,1.26898,2.70,1.50
2014.10.09 22:14:18.958,1.26892,1.26898,2.70,1.50
2014.10.09 22:14:19.623,1.26892,1.26898,2.70,1.50
2014.10.09 22:14:20.167,1.26892,1.26898,3.45,1.50
2014.10.09 22:14:21.377,1.26892,1.26898,1.50,1.50
2014.10.09 22:14:28.440,1.26891,1.26899,2.25,1.50
2014.10.09 22:15:03.056,1.26895,1.269,1.87,1.50
2014.10.09 22:15:03.311,1.26898,1.26901,1.50,3.67
2014.10.09 22:15:03.412,1.26894,1.26898,1.75,1.00
2014.10.09 22:15:03.463,1.26894,1.26898,1.00,1.00
2014.10.09 22:15:06.678,1.26895,1.26898,1.00,1.00
2014.10.09 22:15:06.728,1.26897,1.26899,1.50,1.00
2014.10.09 22:15:06.830,1.26898,1.26902,4.12,3.00
2014.10.09 22:15:06.931,1.26895,1.26901,3.00,2.62
2014.10.09 22:15:07.438,1.26895,1.26901,1.50,3.37
2014.10.09 22:15:08.156,1.26895,1.269,1.50,1.00
2014.10.09 22:15:08.207,1.26893,1.26899,4.50,1.50
2014.10.09 22:15:34.491,1.26893,1.26897,1.00,1.00
2014.10.09 22:15:34.998,1.26892,1.26896,1.00,1.00
2014.10.09 22:15:43.280,1.26893,1.26896,1.12,1.00
2014.10.09 22:15:43.382,1.26895,1.26899,1.12,1.50
2014.10.09 22:15:43.685,1.26893,1.26897,1.12,1.00
2014.10.09 22:15:45.120,1.26893,1.26896,1.00,1.00
2014.10.09 22:15:45.170,1.26891,1.26896,1.50,1.50
2014.10.09 22:15:58.686,1.26892,1.26896,1.00,1.00
2014.10.09 22:15:59.214,1.26893,1.26897,1.00,1.00
2014.10.09 22:16:19.272,1.26892,1.26896,1.50,1.00
2014.10.09 22:16:20.874,1.26894,1.26896,1.00,1.00
2014.10.09 22:16:20.925,1.26894,1.26899,1.50,1.00
2014.10.09 22:16:21.026,1.26892,1.26898,1.50,1.50
2014.10.09 22:16:35.037,1.26892,1.26897,1.50,1.00
2014.10.09 22:16:35.139,1.2689,1.26896,1.50,1.50
2014.10.09 22:16:35.240,1.26889,1.26892,1.00,1.50
2014.10.09 22:16:35.695,1.26888,1.26892,1.50,1.80
2014.10.09 22:16:36.201,1.26888,1.26892,1.50,2.10
2014.10.09 22:16:36.252,1.26888,1.26892,1.50,1.80
2014.10.09 22:16:37.225,1.26886,1.26891,1.50,1.80
2014.10.09 22:16:37.529,1.26882,1.26884,1.00,1.50
2014.10.09 22:16:37.631,1.26878,1.26884,1.50,1.50
2014.10.09 22:16:58.361,1.26878,1.26882,2.25,1.00
2014.10.09 22:17:00.126,1.26878,1.26881,1.00,1.12
2014.10.09 22:17:00.177,1.26876,1.2688,2.62,1.50
2014.10.09 22:17:00.329,1.26874,1.2688,2.25,1.50
2014.10.09 22:17:12.833,1.26874,1.26879,1.50,1.00
2014.10.09 22:17:12.884,1.26874,1.26877,1.00,1.00
2014.10.09 22:17:13.433,1.26873,1.26877,1.00,1.00
2014.10.09 22:17:46.132,1.26875,1.26878,1.50,1.00
2014.10.09 22:17:46.689,1.26877,1.2688,1.00,1.00
2014.10.09 22:17:46.792,1.26878,1.26883,2.25,2.25
2014.10.09 22:17:46.844,1.26881,1.26885,1.00,2.25
2014.10.09 22:17:47.148,1.26885,1.26889,1.00,1.75
2014.10.09 22:17:47.351,1.26885,1.26889,1.00,1.00
2014.10.09 22:18:05.341,1.26883,1.26887,1.00,1.00
2014.10.09 22:18:13.469,1.26884,1.2689,1.50,3.94
2014.10.09 22:18:40.611,1.26886,1.26892,1.50,4.09
2014.10.09 22:18:41.161,1.26886,1.26892,1.50,3.34
2014.10.09 22:18:41.673,1.26886,1.26892,1.50,2.62
2014.10.09 22:18:42.032,1.26888,1.26892,1.00,1.50
2014.10.09 22:18:42.336,1.26891,1.26896,1.50,1.12
2014.10.09 22:18:43.111,1.26891,1.26896,1.50,1.52
2014.10.09 22:18:43.615,1.26891,1.26896,1.50,1.27
2014.10.09 22:18:44.427,1.26891,1.26896,1.50,1.52
2014.10.09 22:18:45.224,1.26891,1.26896,1.50,1.27
2014.10.09 22:18:47.047,1.26891,1.26896,1.50,1.52
2014.10.09 22:18:47.549,1.26891,1.26896,1.50,1.27
2014.10.09 22:18:48.059,1.26891,1.26896,1.50,1.52
2014.10.09 22:18:48.599,1.26891,1.26896,1.50,1.27
2014.10.09 22:18:49.127,1.26891,1.26896,1.50,1.52
2014.10.09 22:18:50.017,1.26891,1.26896,1.50,1.27
2014.10.09 22:18:51.718,1.26891,1.26896,1.50,1.52
2014.10.09 22:18:52.728,1.26891,1.26896,1.50,1.27
2014.10.09 22:18:53.436,1.26891,1.26896,1.50,1.52
2014.10.09 22:18:53.945,1.26891,1.26896,1.50,1.27
2014.10.09 22:18:55.665,1.26891,1.26896,1.50,1.52
2014.10.09 22:18:56.173,1.26891,1.26896,1.50,1.27
2014.10.09 22:18:57.086,1.26891,1.26896,1.50,1.52
2014.10.09 22:18:59.817,1.26891,1.26896,1.50,1.27
2014.10.09 22:19:00.351,1.26891,1.26896,1.50,1.52
2014.10.09 22:19:00.858,1.26891,1.26896,1.50,1.27
2014.10.09 22:19:02.057,1.26891,1.26896,1.50,1.52
2014.10.09 22:19:02.688,1.2689,1.26896,1.50,2.77
2014.10.09 22:19:03.276,1.2689,1.26896,1.50,2.77
2014.10.09 22:19:03.827,1.2689,1.26896,1.50,2.77
2014.10.09 22:19:05.199,1.2689,1.26896,1.50,2.77
2014.10.09 22:19:06.340,1.2689,1.26896,1.50,2.77
2014.10.09 22:19:06.850,1.2689,1.26896,1.50,2.77
2014.10.09 22:19:09.033,1.2689,1.26896,1.50,2.77
2014.10.09 22:19:09.639,1.2689,1.26896,1.50,2.77
2014.10.09 22:19:10.450,1.2689,1.26896,1.50,2.77
2014.10.09 22:19:10.972,1.2689,1.26896,1.50,2.77
2014.10.09 22:19:11.753,1.2689,1.26896,1.50,2.77
2014.10.09 22:19:12.644,1.2689,1.26896,1.50,2.77
2014.10.09 22:19:13.179,1.2689,1.26896,1.50,2.77
2014.10.09 22:19:14.340,1.2689,1.26896,1.50,2.77
2014.10.09 22:19:17.060,1.2689,1.26896,1.50,2.77
2014.10.09 22:19:18.342,1.2689,1.26896,1.50,2.77
2014.10.09 22:19:19.013,1.2689,1.26896,1.50,2.77
2014.10.09 22:19:20.093,1.2689,1.26896,1.50,2.02
2014.10.09 22:19:21.094,1.2689,1.26896,1.50,2.02
2014.10.09 22:19:22.136,1.2689,1.26896,1.50,2.02
2014.10.09 22:19:23.025,1.2689,1.26896,1.50,2.02
2014.10.09 22:19:23.293,1.26892,1.26896,1.00,1.52
2014.10.09 22:19:23.799,1.26892,1.26896,1.00,1.27
2014.10.09 22:19:24.358,1.26892,1.26896,1.00,1.52
2014.10.09 22:19:25.385,1.26892,1.26896,1.00,1.27
2014.10.09 22:19:26.405,1.26892,1.26896,1.00,1.52
2014.10.09 22:19:27.375,1.26892,1.26896,1.00,1.27
2014.10.09 22:19:29.727,1.26892,1.26896,1.00,1.52
2014.10.09 22:19:30.250,1.26892,1.26896,1.00,1.27
2014.10.09 22:19:31.327,1.26892,1.26896,1.00,1.52
2014.10.09 22:19:31.842,1.26892,1.26896,1.00,1.27
2014.10.09 22:19:33.268,1.26892,1.26896,1.00,1.52
2014.10.09 22:19:33.780,1.26892,1.26896,1.00,1.27
2014.10.09 22:19:34.296,1.26892,1.26896,1.00,1.52
2014.10.09 22:19:34.859,1.26892,1.26896,1.00,1.27
2014.10.09 22:19:35.403,1.26892,1.26896,1.00,1.52
2014.10.09 22:19:35.908,1.26892,1.26896,1.00,1.27
2014.10.09 22:19:36.415,1.26892,1.26896,1.00,1.52
2014.10.09 22:19:37.123,1.26892,1.26896,1.00,1.27
2014.10.09 22:19:37.649,1.26892,1.26896,1.00,1.52
2014.10.09 22:19:38.755,1.26892,1.26896,1.00,1.27
2014.10.09 22:19:39.278,1.26892,1.26896,1.00,1.52
2014.10.09 22:19:39.809,1.26892,1.26896,1.00,1.27
2014.10.09 22:19:40.388,1.26892,1.26896,1.00,1.52
2014.10.09 22:19:41.081,1.26892,1.26896,1.00,1.27
2014.10.09 22:19:41.884,1.26892,1.26896,1.00,1.52
2014.10.09 22:19:42.392,1.26892,1.26896,1.00,1.27
2014.10.09 22:19:43.206,1.26892,1.26896,1.00,1.52
2014.10.09 22:19:43.767,1.26891,1.26895,1.00,1.00
2014.10.09 22:19:44.730,1.26892,1.26897,1.50,1.52
2014.10.09 22:19:45.244,1.26892,1.26897,1.50,1.52
2014.10.09 22:19:45.747,1.26892,1.26897,1.50,1.52
2014.10.09 22:19:46.467,1.26892,1.26897,1.50,1.52
2014.10.09 22:19:46.975,1.26892,1.26897,1.50,1.52
2014.10.09 22:19:47.729,1.26892,1.26897,1.50,1.52
2014.10.09 22:19:48.241,1.26892,1.26897,1.50,1.52
2014.10.09 22:19:48.953,1.26892,1.26897,1.50,1.52
2014.10.09 22:19:49.522,1.26892,1.26897,1.50,1.52
2014.10.09 22:19:50.039,1.26892,1.26897,1.50,1.52
2014.10.09 22:19:50.582,1.26892,1.26897,1.50,1.52
2014.10.09 22:19:51.242,1.26892,1.26897,1.50,1.52
2014.10.09 22:19:51.755,1.26892,1.26897,1.50,1.52
2014.10.09 22:19:52.825,1.26892,1.26897,2.25,1.52
2014.10.09 22:19:53.339,1.26892,1.26897,2.25,1.52
2014.10.09 22:19:54.952,1.26892,1.26897,1.50,1.52
2014.10.09 22:19:55.628,1.26892,1.26897,1.50,1.52
2014.10.09 22:19:56.269,1.26892,1.26897,1.50,1.52
2014.10.09 22:19:56.874,1.26892,1.26897,1.50,1.52
2014.10.09 22:19:57.878,1.26892,1.26897,1.50,1.52
2014.10.09 22:19:58.388,1.26892,1.26897,1.50,1.52
2014.10.09 22:19:58.928,1.26892,1.26897,1.50,1.52
2014.10.09 22:19:59.532,1.26892,1.26897,1.50,1.52
2014.10.09 22:20:00.365,1.26892,1.26897,1.50,1.52
2014.10.09 22:20:00.881,1.26892,1.26897,1.50,1.52
2014.10.09 22:20:01.490,1.26892,1.26897,1.50,1.00
2014.10.09 22:20:01.895,1.26892,1.26897,1.50,1.52
2014.10.09 22:20:02.426,1.26892,1.26897,1.50,1.52
2014.10.09 22:20:03.502,1.26892,1.26897,1.50,1.52
2014.10.09 22:20:04.046,1.26892,1.26897,1.50,1.52
2014.10.09 22:20:04.756,1.26892,1.26897,1.50,1.52
2014.10.09 22:20:05.296,1.26892,1.26897,1.50,1.52
2014.10.09 22:20:05.822,1.26892,1.26897,1.50,1.52
2014.10.09 22:20:06.889,1.26892,1.26897,1.50,1.52
2014.10.09 22:20:09.626,1.26892,1.26897,1.50,1.52
2014.10.09 22:20:12.154,1.26892,1.26897,1.50,1.52
2014.10.09 22:20:13.372,1.26892,1.26897,1.50,1.52
2014.10.09 22:20:14.138,1.26892,1.26897,1.50,1.52
2014.10.09 22:20:15.452,1.26892,1.26897,1.50,1.52
2014.10.09 22:20:15.975,1.26892,1.26897,1.50,1.52
2014.10.09 22:20:16.564,1.26892,1.26897,1.50,1.52
2014.10.09 22:20:17.110,1.26892,1.26897,1.50,1.52
2014.10.09 22:20:18.343,1.26892,1.26897,1.50,1.52
2014.10.09 22:20:18.873,1.26892,1.26897,1.50,1.52
2014.10.09 22:20:19.423,1.26892,1.26897,2.25,1.52
2014.10.09 22:20:19.963,1.26892,1.26898,2.25,2.02
2014.10.09 22:20:20.465,1.26892,1.26898,1.50,2.02
2014.10.09 22:20:20.991,1.26892,1.26898,1.50,2.02
2014.10.09 22:20:21.504,1.26892,1.26898,1.50,2.02
2014.10.09 22:20:22.061,1.26892,1.26898,2.25,2.02
2014.10.09 22:20:22.469,1.26895,1.26898,1.00,2.02
2014.10.09 22:20:23.033,1.26893,1.269,1.00,1.84
2014.10.09 22:20:23.594,1.26895,1.269,1.50,1.77
2014.10.09 22:20:24.254,1.26893,1.269,1.00,1.52
2014.10.09 22:20:24.756,1.26895,1.26901,1.50,5.77
2014.10.09 22:20:26.075,1.26893,1.269,1.00,1.52
2014.10.09 22:20:27.065,1.26895,1.26901,1.50,5.96
2014.10.09 22:20:27.882,1.26892,1.269,5.44,2.02
2014.10.09 22:20:28.404,1.26895,1.269,1.50,1.52
2014.10.09 22:20:28.996,1.26892,1.269,5.44,2.02
2014.10.09 22:20:30.229,1.26895,1.269,1.50,1.52
2014.10.09 22:20:31.356,1.26892,1.269,7.50,2.02
2014.10.09 22:20:32.094,1.26895,1.269,1.50,2.02
2014.10.09 22:20:32.709,1.26892,1.269,4.50,2.02
2014.10.09 22:20:33.289,1.26895,1.269,1.50,2.77
2014.10.09 22:20:34.587,1.26892,1.269,6.75,2.02
2014.10.09 22:20:35.268,1.26895,1.269,1.50,2.02
2014.10.09 22:20:36.042,1.26892,1.269,4.50,2.02
2014.10.09 22:20:36.590,1.26895,1.269,1.50,2.02
2014.10.09 22:20:37.248,1.26892,1.269,6.94,2.02
2014.10.09 22:20:37.790,1.26895,1.269,1.50,2.02
2014.10.09 22:20:39.002,1.26892,1.269,6.75,2.02
2014.10.09 22:20:39.558,1.26895,1.269,1.50,2.77
2014.10.09 22:20:40.298,1.26892,1.269,4.50,2.02
2014.10.09 22:20:40.878,1.26895,1.269,1.50,2.02
2014.10.09 22:20:41.846,1.26892,1.269,4.50,1.52
2014.10.09 22:20:42.050,1.26895,1.269,1.50,1.00
2014.10.09 22:20:42.557,1.26895,1.26899,1.50,1.00
2014.10.09 22:20:49.186,1.26895,1.26898,1.50,1.00
2014.10.09 22:21:05.190,1.26894,1.26898,1.00,1.87
2014.10.09 22:22:05.115,1.26893,1.26899,1.00,1.69
2014.10.09 22:22:05.216,1.26891,1.26899,1.00,1.25
2014.10.09 22:22:10.091,1.26891,1.26898,1.00,1.00
2014.10.09 22:22:11.929,1.26895,1.26898,1.00,1.00
2014.10.09 22:22:12.132,1.26893,1.26898,1.50,2.25
2014.10.09 22:22:13.291,1.26893,1.26899,1.50,3.56
2014.10.09 22:22:32.272,1.26893,1.26898,1.00,1.00
2014.10.09 22:22:32.790,1.26893,1.26897,1.00,1.00
2014.10.09 22:22:52.352,1.26893,1.26899,1.50,2.81
2014.10.09 22:23:00.009,1.26893,1.26898,1.50,1.00
2014.10.09 22:23:06.931,1.26893,1.26897,1.50,1.00
2014.10.09 22:23:07.135,1.26892,1.26896,1.50,2.25
2014.10.09 22:23:07.946,1.26892,1.26896,1.50,2.36
2014.10.09 22:23:08.554,1.26892,1.26896,1.50,3.11
2014.10.09 22:23:09.078,1.26888,1.26892,2.25,1.00
2014.10.09 22:23:09.280,1.26888,1.26893,1.50,1.00
2014.10.09 22:23:10.965,1.26889,1.26893,1.00,1.12
2014.10.09 22:23:11.501,1.26888,1.26893,2.25,2.62
2014.10.09 22:23:13.757,1.26888,1.26893,2.25,3.00
2014.10.09 22:23:15.668,1.2689,1.26893,1.00,1.50
2014.10.09 22:23:15.770,1.26891,1.26895,1.50,3.11
2014.10.09 22:23:16.728,1.26891,1.26895,1.50,1.50
2014.10.09 22:23:26.944,1.26891,1.26895,1.50,1.87
2014.10.09 22:23:29.925,1.26891,1.26895,1.50,1.87
2014.10.09 22:23:36.401,1.26889,1.26895,1.50,3.11
2014.10.09 22:24:01.445,1.26889,1.26895,1.50,3.11
2014.10.09 22:24:02.875,1.26889,1.26895,1.50,3.11
2014.10.09 22:24:17.326,1.26889,1.26894,1.00,1.00
2014.10.09 22:24:17.899,1.26889,1.26893,1.00,1.00
2014.10.09 22:24:57.664,1.26889,1.26895,1.50,1.50
2014.10.09 22:25:19.326,1.26889,1.26894,1.50,1.00
2014.10.09 22:25:19.853,1.26889,1.26893,1.50,1.00
2014.10.09 22:25:20.407,1.26891,1.26893,1.00,1.00
2014.10.09 22:25:20.508,1.26891,1.26895,2.25,1.50
2014.10.09 22:25:26.788,1.26892,1.26895,1.00,1.50
2014.10.09 22:25:27.308,1.26891,1.26895,1.50,2.44
2014.10.09 22:25:41.360,1.26889,1.26895,1.50,2.44
2014.10.09 22:25:58.341,1.26889,1.26894,1.50,1.00
2014.10.09 22:25:58.594,1.26888,1.26892,1.00,1.00
2014.10.09 22:25:58.898,1.26883,1.26887,2.25,1.50
2014.10.09 22:25:59.203,1.26882,1.26885,1.00,1.00
2014.10.09 22:25:59.962,1.26881,1.26885,1.00,1.00
2014.10.09 22:26:00.953,1.26883,1.26887,1.00,1.49
2014.10.09 22:26:01.004,1.26883,1.26887,1.00,1.00
2014.10.09 22:26:01.055,1.26881,1.26885,1.87,1.50
2014.10.09 22:26:20.011,1.26883,1.26885,1.00,1.50
2014.10.09 22:26:22.209,1.26882,1.26885,1.50,1.99
2014.10.09 22:26:22.717,1.26881,1.26885,1.50,1.99
2014.10.09 22:26:27.662,1.26881,1.26885,1.50,1.87
2014.10.09 22:26:27.764,1.26879,1.26882,1.50,1.50
2014.10.09 22:26:28.017,1.26877,1.26882,2.06,1.50
2014.10.09 22:26:28.068,1.26877,1.26882,1.87,1.99
2014.10.09 22:26:28.169,1.26878,1.26883,1.50,1.12
2014.10.09 22:26:28.220,1.26877,1.26881,1.12,1.00
2014.10.09 22:26:28.422,1.26878,1.26883,1.87,1.50
2014.10.09 22:26:28.473,1.26877,1.26882,2.81,1.37
2014.10.09 22:26:28.575,1.26878,1.26883,1.00,3.00
2014.10.09 22:26:28.726,1.2688,1.26883,1.00,1.00
2014.10.09 22:26:29.232,1.2688,1.26884,1.00,1.00
2014.10.09 22:26:34.189,1.2688,1.26882,1.00,1.00
2014.10.09 22:26:34.240,1.26877,1.26881,2.62,1.50
2014.10.09 22:26:34.544,1.26879,1.26883,1.00,1.99
2014.10.09 22:26:34.595,1.26879,1.26883,1.00,1.50
2014.10.09 22:26:55.361,1.2688,1.26884,1.00,1.00
2014.10.09 22:27:00.158,1.26879,1.26883,1.00,1.00
2014.10.09 22:27:00.667,1.26878,1.26882,1.00,1.50
2014.10.09 22:27:20.340,1.26877,1.26881,1.00,1.00
2014.10.09 22:27:24.691,1.26877,1.26881,1.00,1.49
2014.10.09 22:27:25.335,1.26877,1.26881,1.00,1.24
2014.10.09 22:27:26.210,1.26877,1.26881,1.00,1.49
2014.10.09 22:27:26.730,1.26877,1.26881,1.00,1.24
2014.10.09 22:27:27.314,1.26877,1.26881,1.00,1.49
2014.10.09 22:27:27.931,1.26877,1.26881,1.00,1.24
2014.10.09 22:27:28.492,1.26877,1.26881,1.00,1.49
2014.10.09 22:27:29.005,1.26877,1.26881,1.00,1.24
2014.10.09 22:27:29.556,1.26877,1.26881,1.00,1.49
2014.10.09 22:27:30.310,1.26877,1.26881,1.00,1.24
2014.10.09 22:27:32.089,1.26877,1.26881,1.00,1.49
2014.10.09 22:27:33.992,1.26877,1.26881,1.00,1.24
2014.10.09 22:27:35.277,1.26877,1.26881,1.00,1.49
2014.10.09 22:27:36.301,1.26877,1.26881,1.00,1.24
2014.10.09 22:27:38.214,1.26877,1.26881,1.00,1.49
2014.10.09 22:27:38.771,1.26877,1.26881,1.00,1.24
2014.10.09 22:27:39.431,1.26877,1.26881,1.00,1.49
2014.10.09 22:27:39.981,1.26877,1.26881,1.00,1.24
2014.10.09 22:27:40.540,1.26877,1.26881,1.00,1.49
2014.10.09 22:27:41.252,1.26877,1.26881,1.00,1.24
2014.10.09 22:27:41.823,1.26877,1.26882,1.50,1.99
2014.10.09 22:27:42.512,1.26877,1.26882,1.50,1.99
2014.10.09 22:27:43.002,1.26877,1.26883,3.00,1.50
2014.10.09 22:27:43.104,1.2688,1.26883,1.00,1.00
2014.10.09 22:27:43.205,1.26881,1.26885,1.00,1.00
2014.10.09 22:28:18.956,1.26881,1.26883,1.00,1.00
2014.10.09 22:28:19.008,1.26878,1.26883,3.00,1.00
2014.10.09 22:28:19.160,1.2688,1.26884,1.00,1.00
2014.10.09 22:28:19.615,1.2688,1.26886,1.50,5.25
2014.10.09 22:28:20.138,1.2688,1.26886,1.50,3.11
2014.10.09 22:28:20.783,1.2688,1.26886,1.50,3.11
2014.10.09 22:28:21.577,1.2688,1.26886,1.50,3.11
2014.10.09 22:28:22.236,1.2688,1.26886,1.50,2.36
2014.10.09 22:28:23.917,1.2688,1.26886,1.50,2.36
2014.10.09 22:28:24.708,1.2688,1.26886,1.50,3.11
2014.10.09 22:28:25.320,1.2688,1.26886,1.50,2.36
2014.10.09 22:28:25.924,1.2688,1.26886,1.50,2.36
2014.10.09 22:28:27.673,1.2688,1.26886,1.50,3.11
2014.10.09 22:28:28.310,1.2688,1.26886,1.50,2.36
2014.10.09 22:28:28.894,1.2688,1.26886,1.50,3.11
2014.10.09 22:28:29.424,1.2688,1.26886,1.50,2.55
2014.10.09 22:28:30.137,1.2688,1.26886,2.25,1.99
2014.10.09 22:28:30.709,1.2688,1.26886,2.25,1.99
2014.10.09 22:28:31.522,1.2688,1.26886,2.25,1.99
2014.10.09 22:28:32.088,1.2688,1.26886,2.25,1.99
2014.10.09 22:28:32.842,1.2688,1.26886,2.25,1.99
2014.10.09 22:28:33.751,1.2688,1.26886,2.25,1.99
2014.10.09 22:28:34.359,1.2688,1.26886,2.25,1.99
2014.10.09 22:28:34.957,1.2688,1.26886,2.25,1.99
2014.10.09 22:28:37.350,1.2688,1.26886,3.00,1.99
2014.10.09 22:28:37.799,1.26883,1.26886,1.00,1.24
2014.10.09 22:28:38.880,1.26883,1.26887,1.50,1.99
2014.10.09 22:28:39.478,1.26883,1.26887,1.50,1.99
2014.10.09 22:28:39.984,1.26883,1.26887,1.50,1.99
2014.10.09 22:28:40.493,1.26883,1.26887,1.50,1.99
2014.10.09 22:28:43.798,1.26883,1.26887,1.50,1.99
2014.10.09 22:28:44.409,1.26883,1.26887,1.50,1.99
2014.10.09 22:28:46.940,1.26883,1.26887,1.50,1.99
2014.10.09 22:28:47.441,1.26883,1.26887,1.50,1.99
2014.10.09 22:28:49.184,1.26883,1.26887,1.50,1.99
2014.10.09 22:28:49.610,1.26883,1.26887,1.50,1.50
2014.10.09 22:28:58.375,1.26881,1.26887,2.25,1.50
2014.10.09 22:29:42.330,1.26881,1.26887,2.25,3.52
2014.10.09 22:29:42.866,1.26881,1.26887,2.25,3.52
2014.10.09 22:29:43.422,1.26881,1.26887,2.25,3.52
2014.10.09 22:29:43.939,1.26881,1.26887,2.25,3.52
2014.10.09 22:29:44.778,1.26881,1.26887,2.25,3.52
2014.10.09 22:29:45.317,1.26881,1.26887,2.25,3.52
2014.10.09 22:29:45.973,1.26881,1.26887,2.25,3.52
2014.10.09 22:29:46.881,1.26881,1.26887,2.25,3.52
2014.10.09 22:29:47.423,1.26881,1.26887,2.25,3.52
2014.10.09 22:29:47.952,1.26881,1.26887,2.25,3.52
2014.10.09 22:29:48.510,1.26881,1.26887,2.25,3.52
2014.10.09 22:29:49.735,1.26881,1.26887,2.25,3.52
2014.10.09 22:29:51.623,1.26881,1.26887,2.25,3.52
2014.10.09 22:29:52.160,1.26881,1.26887,1.50,3.52
2014.10.09 22:29:55.984,1.26881,1.26887,1.50,3.52
2014.10.09 22:29:57.137,1.26881,1.26887,1.50,3.52
2014.10.09 22:29:57.707,1.26881,1.26887,1.50,3.52
2014.10.09 22:29:58.414,1.2688,1.26887,4.50,2.02
2014.10.09 22:30:00.137,1.2688,1.26887,3.75,2.02
2014.10.09 22:30:00.683,1.2688,1.26887,3.75,2.02
2014.10.09 22:30:01.207,1.2688,1.26887,3.00,2.02
2014.10.09 22:30:01.723,1.26885,1.26889,1.00,3.19
2014.10.09 22:30:02.234,1.26882,1.26886,1.00,1.00
2014.10.09 22:30:03.205,1.26882,1.26886,1.00,2.02
2014.10.09 22:30:03.725,1.26882,1.26886,1.00,2.02
2014.10.09 22:30:09.134,1.26882,1.26886,1.00,2.02
2014.10.09 22:30:09.706,1.26882,1.26886,1.00,2.02
2014.10.09 22:30:13.149,1.26882,1.26886,1.00,2.02
2014.10.09 22:30:13.652,1.26882,1.26886,1.00,2.02
2014.10.09 22:30:14.459,1.26882,1.26886,1.00,2.02
2014.10.09 22:30:15.069,1.26882,1.26886,1.00,2.02
2014.10.09 22:30:15.778,1.26882,1.26886,1.00,2.02
2014.10.09 22:30:16.286,1.26882,1.26886,1.00,2.02
2014.10.09 22:30:17.708,1.26882,1.26886,1.00,2.02
2014.10.09 22:30:18.214,1.26882,1.26886,1.00,2.02
2014.10.09 22:30:19.254,1.26882,1.26886,1.00,2.02
2014.10.09 22:30:19.786,1.26882,1.26886,1.00,2.02
2014.10.09 22:30:21.154,1.26882,1.26886,1.00,2.02
2014.10.09 22:30:22.160,1.26882,1.26886,1.00,2.02
2014.10.09 22:30:22.917,1.26882,1.26886,1.50,1.52
2014.10.09 22:30:23.607,1.26882,1.26886,1.50,1.27
2014.10.09 22:30:25.133,1.26882,1.26886,1.50,1.52
2014.10.09 22:30:26.852,1.26882,1.26886,1.50,1.27
2014.10.09 22:30:27.816,1.26882,1.26886,1.50,1.52
2014.10.09 22:30:28.831,1.26882,1.26886,1.50,1.27
2014.10.09 22:30:29.840,1.26882,1.26886,1.50,1.52
2014.10.09 22:30:30.757,1.26882,1.26886,1.50,1.27
2014.10.09 22:30:34.311,1.26882,1.26887,1.50,2.02
2014.10.09 22:30:34.821,1.26882,1.26887,1.50,2.02
2014.10.09 22:30:35.529,1.26882,1.26887,1.50,2.02
2014.10.09 22:30:37.054,1.26882,1.26887,1.50,2.02
2014.10.09 22:30:38.376,1.26882,1.26887,1.50,2.02
2014.10.09 22:30:39.092,1.26882,1.26887,1.50,2.02
2014.10.09 22:30:39.649,1.26882,1.26887,1.50,2.02
2014.10.09 22:30:40.500,1.26882,1.26887,1.50,2.02
2014.10.09 22:30:41.069,1.26882,1.26887,1.50,2.02
2014.10.09 22:30:41.659,1.26882,1.26887,1.50,2.02
2014.10.09 22:30:42.320,1.26882,1.26887,1.50,2.02
2014.10.09 22:30:42.851,1.26882,1.26887,1.50,2.02
2014.10.09 22:30:44.732,1.26882,1.26887,1.50,2.02
2014.10.09 22:30:45.292,1.26882,1.26887,1.50,2.02
2014.10.09 22:30:46.332,1.26882,1.26887,1.50,1.52
2014.10.09 22:30:46.434,1.26882,1.26888,1.50,3.19
2014.10.09 22:30:59.723,1.26882,1.26886,1.50,1.00
2014.10.09 22:31:00.229,1.26882,1.26885,1.50,1.00
2014.10.09 22:31:04.362,1.2688,1.26885,1.50,1.50
2014.10.09 22:31:04.414,1.2688,1.26883,1.50,1.00
2014.10.09 22:31:08.475,1.26879,1.26883,1.00,1.69
2014.10.09 22:31:29.343,1.26879,1.26882,1.00,1.00
2014.10.09 22:31:29.938,1.26878,1.26882,1.00,1.00
2014.10.09 22:31:33.472,1.26878,1.26882,1.00,2.62
2014.10.09 22:31:34.296,1.26878,1.26882,1.00,2.62
2014.10.09 22:31:34.803,1.26878,1.26882,1.00,3.37
2014.10.09 22:31:35.403,1.26878,1.26882,1.00,3.37
2014.10.09 22:31:36.321,1.26878,1.26882,1.00,4.12
2014.10.09 22:31:37.323,1.26878,1.26882,1.00,3.37
2014.10.09 22:31:37.866,1.26878,1.26882,1.00,3.37
2014.10.09 22:31:38.857,1.26878,1.26882,1.00,3.56
2014.10.09 22:31:39.391,1.26878,1.26882,1.00,3.56
2014.10.09 22:31:39.952,1.26878,1.26882,1.00,4.31
2014.10.09 22:31:40.205,1.26876,1.2688,1.00,1.50
2014.10.09 22:31:40.712,1.26875,1.26879,1.00,1.50
2014.10.09 22:31:41.886,1.26874,1.26879,1.50,1.50
2014.10.09 22:31:50.346,1.26875,1.26879,1.00,1.00
2014.10.09 22:31:50.950,1.26875,1.2688,1.50,3.00
2014.10.09 22:31:53.983,1.26875,1.26879,1.50,1.00
2014.10.09 22:31:58.124,1.26874,1.26878,1.00,1.00
2014.10.09 22:32:00.554,1.26872,1.26876,3.00,1.00
2014.10.09 22:32:04.244,1.2687,1.26874,3.00,1.00
2014.10.09 22:32:24.267,1.2687,1.26875,1.00,1.00
2014.10.09 22:32:24.795,1.2687,1.26876,1.50,3.75
2014.10.09 22:32:49.531,1.26871,1.26876,1.00,4.15
2014.10.09 22:32:50.831,1.26871,1.26873,1.00,1.00
2014.10.09 22:32:52.694,1.26871,1.26872,1.00,1.00
2014.10.09 22:32:52.745,1.26868,1.26871,1.00,1.50
2014.10.09 22:32:52.897,1.26866,1.26871,2.25,1.50
2014.10.09 22:32:53.402,1.26865,1.26871,6.00,1.50
2014.10.09 22:32:55.870,1.26865,1.2687,1.50,1.00
2014.10.09 22:32:57.545,1.26863,1.26869,5.25,1.50
2014.10.09 22:33:00.761,1.26864,1.26869,1.00,1.50
2014.10.09 22:33:13.344,1.26863,1.26868,3.00,1.00
2014.10.09 22:33:15.884,1.26863,1.26865,1.50,2.25
2014.10.09 22:33:15.986,1.26861,1.26862,1.00,1.00
2014.10.09 22:33:16.140,1.26859,1.26861,1.50,1.50
2014.10.09 22:33:16.342,1.26859,1.26865,3.00,2.44
2014.10.09 22:33:16.595,1.26861,1.26865,1.00,1.25
2014.10.09 22:33:17.103,1.26862,1.26866,1.50,1.00
2014.10.09 22:33:57.397,1.2686,1.26866,4.87,1.50
2014.10.09 22:34:24.271,1.2686,1.26865,3.75,1.00
2014.10.09 22:34:29.499,1.2686,1.26865,3.75,1.10
2014.10.09 22:34:30.018,1.26861,1.26865,1.00,1.10
2014.10.09 22:34:31.590,1.26861,1.26866,1.00,3.20
2014.10.09 22:34:33.961,1.26861,1.26865,1.00,1.23
2014.10.09 22:34:34.672,1.26861,1.26866,1.00,3.20
2014.10.09 22:34:35.838,1.26861,1.26865,1.00,1.10
2014.10.09 22:34:36.845,1.26861,1.26866,1.00,3.20
2014.10.09 22:34:37.550,1.26861,1.26865,1.00,1.10
2014.10.09 22:34:38.602,1.26861,1.26866,1.00,3.20
2014.10.09 22:34:39.111,1.26861,1.26865,1.00,1.23
2014.10.09 22:34:39.617,1.26861,1.26866,1.00,3.20
2014.10.09 22:34:40.201,1.26861,1.26865,1.00,1.10
2014.10.09 22:34:40.862,1.26861,1.26866,1.00,3.20
2014.10.09 22:34:41.598,1.26861,1.26865,1.00,1.23
2014.10.09 22:34:42.333,1.26861,1.26866,1.00,3.20
2014.10.09 22:34:43.102,1.26861,1.26865,1.00,1.10
2014.10.09 22:34:45.320,1.26861,1.26866,1.00,3.20
2014.10.09 22:34:46.962,1.26861,1.26865,1.00,1.10
2014.10.09 22:34:47.464,1.26861,1.26866,1.00,3.20
2014.10.09 22:34:49.061,1.26861,1.26865,1.00,1.10
2014.10.09 22:34:49.776,1.26861,1.26866,1.00,3.20
2014.10.09 22:34:50.683,1.26861,1.26865,1.00,1.23
2014.10.09 22:34:52.607,1.26861,1.26866,1.00,3.20
2014.10.09 22:34:54.348,1.26861,1.26865,1.00,1.23
2014.10.09 22:34:54.859,1.26861,1.26866,1.00,3.20
2014.10.09 22:34:55.364,1.2686,1.26865,2.25,1.60
2014.10.09 22:34:56.028,1.2686,1.26865,2.25,1.70
2014.10.09 22:34:56.760,1.2686,1.26865,2.25,2.35
2014.10.09 22:34:57.271,1.2686,1.26865,2.25,1.60
2014.10.09 22:34:57.780,1.26859,1.26865,1.00,2.35
2014.10.09 22:34:58.311,1.26859,1.26865,1.00,1.70
2014.10.09 22:34:58.728,1.26859,1.26863,1.00,1.00
2014.10.09 22:34:59.033,1.2685,1.26858,6.67,8.50
2014.10.09 22:34:59.085,1.2685,1.26852,1.50,1.55
2014.10.09 22:34:59.238,1.26851,1.26855,1.00,1.50
2014.10.09 22:34:59.744,1.2685,1.26854,1.00,1.30
2014.10.09 22:34:59.897,1.2685,1.26856,1.50,3.75
2014.10.09 22:35:01.096,1.2685,1.26854,1.50,1.00
2014.10.09 22:35:10.324,1.2685,1.26852,1.00,1.00
2014.10.09 22:35:10.426,1.26848,1.26851,1.87,2.62
2014.10.09 22:35:11.544,1.26848,1.26851,1.12,2.62
2014.10.09 22:35:17.282,1.26846,1.2685,1.87,1.37
2014.10.09 22:35:18.265,1.26846,1.2685,6.37,1.25
2014.10.09 22:35:18.653,1.26846,1.26848,1.87,1.00
2014.10.09 22:35:18.805,1.26844,1.26846,1.00,1.00
2014.10.09 22:35:18.856,1.26841,1.26845,1.50,1.00
2014.10.09 22:35:19.261,1.26841,1.26845,1.00,1.22
2014.10.09 22:35:19.363,1.26839,1.26843,2.44,1.00
2014.10.09 22:35:19.464,1.26842,1.26847,1.50,1.50
2014.10.09 22:35:20.274,1.26842,1.26847,1.50,2.56
2014.10.09 22:35:20.970,1.26842,1.26847,1.50,2.56
2014.10.09 22:35:21.627,1.26842,1.26847,1.50,2.56
2014.10.09 22:35:21.990,1.2684,1.26845,1.50,3.00
2014.10.09 22:35:24.175,1.26841,1.26845,1.00,3.00
2014.10.09 22:35:34.199,1.2684,1.26845,1.50,1.50
2014.10.09 22:35:36.087,1.2684,1.26845,1.07,1.50
2014.10.09 22:35:36.649,1.26842,1.26846,1.50,1.50
2014.10.09 22:35:38.769,1.26842,1.26845,1.50,1.00
2014.10.09 22:35:42.287,1.26839,1.26842,2.25,1.00
2014.10.09 22:35:42.339,1.26838,1.26842,1.50,2.25
2014.10.09 22:35:42.440,1.2684,1.26842,1.00,2.25
2014.10.09 22:35:42.541,1.2684,1.26844,1.00,2.25
2014.10.09 22:35:43.926,1.26838,1.26844,3.94,1.50
2014.10.09 22:35:47.023,1.26841,1.26845,1.00,2.37
2014.10.09 22:35:47.767,1.26841,1.26845,1.00,2.37
2014.10.09 22:35:47.819,1.26839,1.26843,1.00,1.00
2014.10.09 22:35:48.247,1.26837,1.26841,2.25,1.00
2014.10.09 22:35:48.624,1.26837,1.26843,1.00,1.50
2014.10.09 22:35:48.778,1.26836,1.26841,1.50,1.00
2014.10.09 22:35:49.082,1.26838,1.26843,1.00,1.00
2014.10.09 22:35:49.869,1.26838,1.2684,1.00,1.00
2014.10.09 22:35:49.920,1.26836,1.26839,1.50,1.00
2014.10.09 22:35:49.971,1.26836,1.26841,2.25,1.00
2014.10.09 22:35:50.123,1.26834,1.26841,1.50,2.25
2014.10.09 22:35:51.970,1.26834,1.26837,2.25,1.00
2014.10.09 22:35:52.122,1.2683,1.26835,2.25,1.00
2014.10.09 22:35:53.101,1.26831,1.26835,1.00,1.00
2014.10.09 22:35:53.203,1.26832,1.26837,1.00,1.25
2014.10.09 22:35:53.254,1.26832,1.26837,1.78,1.81
2014.10.09 22:35:54.177,1.26832,1.26837,1.78,1.25
2014.10.09 22:35:55.123,1.26831,1.26837,2.53,1.50
2014.10.09 22:35:55.224,1.26829,1.26836,3.19,2.25
2014.10.09 22:35:58.799,1.26829,1.26835,2.25,1.00
2014.10.09 22:35:59.317,1.2683,1.26834,1.00,1.00
2014.10.09 22:36:00.625,1.26831,1.26836,1.50,1.50
2014.10.09 22:36:03.968,1.26831,1.26835,1.50,1.00
2014.10.09 22:36:04.655,1.26831,1.26836,2.25,1.00
2014.10.09 22:36:06.883,1.26831,1.26833,1.50,1.00
2014.10.09 22:36:06.984,1.26828,1.26831,1.50,1.12
2014.10.09 22:36:07.238,1.26829,1.26835,3.00,2.25
2014.10.09 22:36:10.112,1.26829,1.26834,2.25,1.00
2014.10.09 22:36:10.163,1.26829,1.26831,1.50,1.00
2014.10.09 22:36:10.265,1.2683,1.26836,1.50,3.75
2014.10.09 22:36:12.374,1.2683,1.26833,1.50,1.00
2014.10.09 22:36:12.943,1.2683,1.26834,1.50,1.00
2014.10.09 22:36:13.457,1.26831,1.26834,1.00,1.00
2014.10.09 22:36:13.963,1.2683,1.26834,1.50,1.00
2014.10.09 22:36:18.946,1.26831,1.26834,1.00,1.00
2014.10.09 22:36:19.575,1.26832,1.26835,1.00,1.00
2014.10.09 22:36:20.858,1.26832,1.26836,1.00,1.50
2014.10.09 22:36:28.136,1.26833,1.26836,1.00,1.00
2014.10.09 22:36:28.389,1.26834,1.26838,1.50,1.50
2014.10.09 22:36:35.415,1.26834,1.26837,1.50,1.00
2014.10.09 22:36:35.466,1.26832,1.26834,1.50,1.00
2014.10.09 22:36:35.517,1.26832,1.26834,2.25,1.00
2014.10.09 22:36:35.670,1.26833,1.26837,1.00,2.62
2014.10.09 22:36:36.176,1.26834,1.26838,1.00,1.62
2014.10.09 22:36:36.809,1.26834,1.26838,1.00,1.00
2014.10.09 22:36:39.867,1.26834,1.26837,1.00,1.00
2014.10.09 22:36:39.918,1.26832,1.26836,1.00,1.00
2014.10.09 22:37:01.626,1.26832,1.26834,1.00,1.00
2014.10.09 22:37:02.139,1.26832,1.26833,1.00,1.00
2014.10.09 22:37:02.546,1.26832,1.26836,1.00,1.00
2014.10.09 22:37:06.222,1.26829,1.26832,2.25,1.00
2014.10.09 22:37:06.273,1.26829,1.26832,1.00,1.50
2014.10.09 22:37:06.475,1.2683,1.26835,1.50,1.12
2014.10.09 22:37:06.981,1.2683,1.26836,1.50,1.87
2014.10.09 22:37:11.232,1.2683,1.26835,2.25,1.00
2014.10.09 22:37:18.523,1.26832,1.26835,1.00,1.00
2014.10.09 22:37:19.435,1.26833,1.26835,1.00,1.00
2014.10.09 22:37:19.538,1.2683,1.26833,1.50,1.00
2014.10.09 22:37:19.591,1.26828,1.26831,2.25,1.50
2014.10.09 22:37:19.694,1.26826,1.26828,1.87,2.50
2014.10.09 22:37:19.795,1.26826,1.26829,1.00,1.50
2014.10.09 22:37:19.897,1.26826,1.26832,2.25,3.00
2014.10.09 22:37:19.948,1.26828,1.26832,1.00,1.00
2014.10.09 22:37:19.999,1.26828,1.26834,1.50,5.06
2014.10.09 22:37:34.627,1.26828,1.26832,1.50,1.00
2014.10.09 22:37:34.779,1.26829,1.26834,1.00,1.87
2014.10.09 22:37:34.881,1.26829,1.26832,1.00,1.00
2014.10.09 22:37:35.083,1.26829,1.26834,1.00,1.00
2014.10.09 22:37:35.690,1.2683,1.26834,1.00,1.00
2014.10.09 22:37:35.741,1.26832,1.26836,1.00,1.00
2014.10.09 22:37:36.247,1.26833,1.26836,1.00,1.00
2014.10.09 22:37:36.752,1.26831,1.26836,1.50,1.00
2014.10.09 22:37:48.773,1.26831,1.26835,1.50,1.00
2014.10.09 22:37:49.278,1.2683,1.26835,2.25,3.00
2014.10.09 22:37:52.587,1.26829,1.26832,1.50,1.00
2014.10.09 22:37:52.791,1.26825,1.26829,3.00,2.25
2014.10.09 22:37:52.893,1.26826,1.26831,1.50,1.50
2014.10.09 22:37:52.995,1.26828,1.26832,1.00,1.00
2014.10.09 22:37:59.598,1.2683,1.26832,1.00,1.00
2014.10.09 22:37:59.902,1.26829,1.26834,1.50,1.50
2014.10.09 22:38:01.226,1.2683,1.26834,1.00,1.00
2014.10.09 22:38:01.753,1.26829,1.26833,1.50,1.50
2014.10.09 22:38:08.321,1.2683,1.26833,1.00,1.00
2014.10.09 22:38:08.827,1.2683,1.26834,1.00,1.50
2014.10.09 22:38:13.828,1.2683,1.26831,1.00,1.00
2014.10.09 22:38:13.930,1.26821,1.26828,1.37,10.37
2014.10.09 22:38:14.032,1.26819,1.26822,1.00,1.12
2014.10.09 22:38:14.133,1.2682,1.26824,1.00,2.25
2014.10.09 22:38:14.235,1.2682,1.26822,1.00,1.12
2014.10.09 22:38:14.741,1.26819,1.26822,1.00,4.50
2014.10.09 22:38:15.042,1.2682,1.26823,1.00,2.25
2014.10.09 22:38:15.346,1.26821,1.26825,1.00,1.00
2014.10.09 22:38:17.358,1.26821,1.26823,1.00,1.00
2014.10.09 22:38:17.460,1.26818,1.26821,4.50,1.00
2014.10.09 22:38:17.511,1.26818,1.26823,3.75,1.00
2014.10.09 22:38:18.340,1.26818,1.26824,3.00,1.50
2014.10.09 22:38:18.443,1.26821,1.26825,1.50,2.25
2014.10.09 22:38:18.948,1.26821,1.26823,1.50,1.00
2014.10.09 22:38:19.151,1.26817,1.26821,1.00,2.62
2014.10.09 22:38:19.303,1.26815,1.26821,2.25,2.62
2014.10.09 22:38:19.809,1.26815,1.26821,1.50,2.62
2014.10.09 22:38:20.315,1.26815,1.26821,2.25,2.62
2014.10.09 22:38:20.993,1.26815,1.26821,2.25,2.62
2014.10.09 22:38:21.525,1.26815,1.26821,2.25,2.62
2014.10.09 22:38:22.076,1.26816,1.26821,1.00,4.12
2014.10.09 22:38:22.607,1.26815,1.26821,3.00,3.37
2014.10.09 22:38:23.053,1.26817,1.26821,1.00,2.62
2014.10.09 22:38:23.750,1.26817,1.26821,1.00,1.87
2014.10.09 22:38:24.283,1.26817,1.26821,1.00,1.87
2014.10.09 22:38:24.801,1.26817,1.26821,1.00,2.62
2014.10.09 22:38:25.452,1.26817,1.26821,1.00,2.62
2014.10.09 22:38:25.959,1.26816,1.26821,4.12,3.37
2014.10.09 22:38:26.875,1.26818,1.26822,1.50,5.62
2014.10.09 22:38:27.338,1.26816,1.2682,1.50,1.00
2014.10.09 22:38:27.850,1.26815,1.26819,1.50,1.50
2014.10.09 22:38:29.543,1.26815,1.26818,1.00,1.00
2014.10.09 22:38:29.696,1.26813,1.26817,1.00,1.00
2014.10.09 22:38:43.920,1.26813,1.26815,1.00,1.50
2014.10.09 22:38:44.123,1.26811,1.26816,1.00,2.25
2014.10.09 22:38:55.691,1.26811,1.26816,1.00,3.37
2014.10.09 22:38:56.196,1.2681,1.26816,2.25,2.25
2014.10.09 22:38:56.495,1.2681,1.26813,1.50,1.00
2014.10.09 22:38:56.547,1.2681,1.26815,2.25,1.25
2014.10.09 22:38:58.297,1.26811,1.26815,1.00,1.00
2014.10.09 22:38:58.819,1.26811,1.26816,1.00,1.50
2014.10.09 22:39:11.338,1.2681,1.26816,1.50,2.89
2014.10.09 22:39:12.388,1.2681,1.26816,1.50,4.69
2014.10.09 22:39:13.335,1.2681,1.26814,1.50,1.00
2014.10.09 22:39:14.389,1.2681,1.26816,1.50,5.51
2014.10.09 22:39:15.480,1.2681,1.26812,1.50,4.50
2014.10.09 22:39:15.784,1.26805,1.2681,2.25,1.50
2014.10.09 22:39:20.431,1.26805,1.26809,1.50,1.00
2014.10.09 22:39:20.947,1.26805,1.26808,1.00,1.00
2014.10.09 22:39:34.333,1.26805,1.26807,1.00,1.19
2014.10.09 22:39:34.485,1.26799,1.26803,3.75,1.87
2014.10.09 22:39:34.536,1.26799,1.26804,2.25,7.12
2014.10.09 22:39:34.638,1.268,1.26803,1.00,1.50
2014.10.09 22:39:34.689,1.268,1.26802,2.25,1.87
2014.10.09 22:39:35.195,1.26799,1.26802,1.00,1.87
2014.10.09 22:39:37.257,1.26797,1.26802,1.00,3.37
2014.10.09 22:39:37.765,1.26796,1.26802,4.87,4.12
2014.10.09 22:39:38.375,1.26798,1.26802,1.00,4.12
2014.10.09 22:39:42.856,1.26797,1.26802,1.87,4.12
2014.10.09 22:39:43.161,1.268,1.26805,2.25,3.37
2014.10.09 22:39:43.718,1.268,1.26806,2.25,1.50
2014.10.09 22:39:44.261,1.268,1.26806,3.19,1.50
2014.10.09 22:39:44.862,1.26804,1.26806,1.00,1.50
2014.10.09 22:39:45.014,1.26807,1.26809,2.25,1.00
2014.10.09 22:39:45.065,1.26807,1.26812,1.50,1.00
2014.10.09 22:39:45.571,1.26806,1.26811,1.00,1.50
2014.10.09 22:39:46.177,1.26809,1.26811,1.00,1.50
2014.10.09 22:39:46.228,1.26809,1.26813,1.00,1.50
2014.10.09 22:39:52.903,1.26808,1.26812,1.69,1.00
2014.10.09 22:39:53.450,1.26808,1.26811,1.00,1.00
2014.10.09 22:39:54.043,1.26808,1.26812,1.00,1.00
2014.10.09 22:39:54.583,1.26808,1.26811,1.00,1.00
2014.10.09 22:39:54.888,1.26811,1.26814,1.00,3.75
2014.10.09 22:39:54.939,1.26811,1.26814,1.00,1.00
2014.10.09 22:39:55.445,1.26811,1.26815,1.00,1.50
2014.10.09 22:39:56.513,1.26809,1.26813,3.56,1.00
2014.10.09 22:39:57.040,1.2681,1.26814,1.00,1.50
2014.10.09 22:39:57.242,1.26811,1.26816,1.00,2.25
2014.10.09 22:40:01.565,1.26811,1.26815,1.00,1.50
2014.10.09 22:40:01.667,1.2681,1.26812,1.12,1.00
2014.10.09 22:40:01.718,1.26808,1.26812,1.50,1.37
2014.10.09 22:40:02.223,1.26808,1.26812,1.50,1.37
2014.10.09 22:40:02.744,1.26808,1.26812,1.50,1.37
2014.10.09 22:40:03.284,1.26809,1.26812,1.00,1.00
2014.10.09 22:40:03.385,1.2681,1.26814,1.50,1.00
2014.10.09 22:40:09.621,1.26812,1.26814,1.00,1.00
2014.10.09 22:40:09.672,1.26812,1.26817,1.00,3.00
2014.10.09 22:40:38.044,1.26812,1.26818,1.50,2.44
2014.10.09 22:41:05.875,1.26815,1.26818,1.50,2.25
2014.10.09 22:41:25.962,1.26814,1.26818,1.50,2.25
2014.10.09 22:42:06.901,1.26815,1.26818,1.00,1.00
2014.10.09 22:42:07.494,1.26815,1.26819,1.00,5.06
2014.10.09 22:42:08.000,1.26815,1.26818,1.00,1.50
2014.10.09 22:42:08.556,1.26815,1.26819,1.00,5.06
2014.10.09 22:42:10.428,1.26815,1.26818,1.00,1.50
2014.10.09 22:42:10.951,1.26815,1.26819,1.00,5.06
2014.10.09 22:42:11.463,1.26815,1.26818,1.00,2.62
2014.10.09 22:42:19.329,1.26811,1.26817,2.25,1.50
2014.10.09 22:42:19.431,1.26813,1.26818,1.50,3.75
2014.10.09 22:42:30.147,1.26816,1.2682,4.00,2.25
2014.10.09 22:42:30.300,1.26819,1.26821,1.00,1.00
2014.10.09 22:42:30.452,1.26819,1.26823,1.00,1.12
2014.10.09 22:42:43.190,1.26821,1.26825,1.00,3.19
2014.10.09 22:42:51.826,1.26822,1.26826,1.50,1.50
2014.10.09 22:42:51.876,1.26822,1.26828,1.50,5.06
2014.10.09 22:43:20.078,1.26822,1.26827,2.25,1.00
2014.10.09 22:43:20.590,1.26822,1.26828,3.00,3.00
2014.10.09 22:43:30.875,1.26823,1.26828,1.00,3.00
2014.10.09 22:43:33.305,1.26824,1.26828,1.00,2.25
2014.10.09 22:43:33.826,1.26824,1.26827,1.00,1.00
2014.10.09 22:43:34.377,1.26824,1.26828,1.00,1.50
2014.10.09 22:43:42.690,1.26824,1.26827,1.00,1.50
2014.10.09 22:43:43.196,1.26824,1.26828,1.00,1.00
2014.10.09 22:43:43.413,1.26826,1.26829,1.00,3.37
2014.10.09 22:43:43.565,1.26827,1.26831,1.50,1.00
2014.10.09 22:43:43.768,1.26829,1.26832,1.00,1.00
2014.10.09 22:43:43.870,1.2683,1.26834,1.25,1.12
2014.10.09 22:43:43.922,1.26832,1.26834,1.00,1.12
2014.10.09 22:43:46.031,1.26832,1.26835,1.00,1.00
2014.10.09 22:43:46.082,1.26832,1.26837,1.00,2.25
2014.10.09 22:43:46.894,1.26835,1.26837,1.00,1.50
2014.10.09 22:43:50.497,1.26836,1.26837,1.00,1.50
2014.10.09 22:43:50.649,1.26836,1.26839,1.00,1.00
2014.10.09 22:43:50.801,1.26838,1.26839,1.00,1.50
2014.10.09 22:43:50.852,1.26838,1.26842,1.00,1.00
2014.10.09 22:43:56.412,1.26839,1.26842,1.00,1.00
2014.10.09 22:43:56.513,1.26839,1.26845,2.62,5.25
2014.10.09 22:43:57.106,1.2684,1.26845,1.15,2.62
2014.10.09 22:43:57.622,1.26841,1.26846,1.50,1.50
2014.10.09 22:43:58.147,1.26841,1.26847,1.50,3.75
2014.10.09 22:43:58.501,1.26841,1.26846,1.50,1.87
2014.10.09 22:43:59.079,1.26841,1.26846,1.50,1.87
2014.10.09 22:44:00.225,1.26841,1.26846,1.50,1.87
2014.10.09 22:44:00.751,1.26841,1.26846,1.50,1.12
2014.10.09 22:44:01.443,1.26841,1.26846,1.50,1.37
2014.10.09 22:44:01.946,1.26841,1.26846,1.50,1.12
2014.10.09 22:44:02.803,1.26841,1.26843,1.00,1.00
2014.10.09 22:44:02.955,1.2684,1.26845,3.00,2.25
2014.10.09 22:44:03.461,1.2684,1.26846,2.25,1.50
2014.10.09 22:44:04.117,1.2684,1.26843,1.00,1.00
2014.10.09 22:44:04.623,1.26839,1.26843,1.24,1.00
2014.10.09 22:44:07.897,1.26839,1.26843,1.99,1.00
2014.10.09 22:44:08.427,1.26838,1.26841,1.49,1.00
2014.10.09 22:44:08.478,1.26836,1.2684,2.25,1.00
2014.10.09 22:44:08.984,1.26835,1.26839,1.50,2.25
2014.10.09 22:44:09.489,1.26836,1.2684,1.50,2.55
2014.10.09 22:44:10.002,1.26835,1.26839,1.00,2.25
2014.10.09 22:44:12.523,1.26835,1.26838,1.00,1.00
2014.10.09 22:44:13.365,1.26835,1.26839,1.00,3.37
2014.10.09 22:44:35.914,1.26835,1.26839,1.00,3.94
2014.10.09 22:44:36.243,1.26833,1.26835,1.00,1.50
2014.10.09 22:44:39.264,1.26832,1.26833,1.00,1.00
2014.10.09 22:44:39.315,1.2683,1.26833,1.50,1.00
2014.10.09 22:44:39.366,1.2683,1.26831,1.00,1.00
2014.10.09 22:44:40.100,1.2683,1.26832,1.00,1.00
2014.10.09 22:44:41.300,1.2683,1.26831,1.00,1.00
2014.10.09 22:44:41.604,1.26828,1.26831,1.50,1.00
2014.10.09 22:44:42.424,1.26826,1.26831,1.00,2.62
2014.10.09 22:44:42.944,1.26825,1.2683,2.74,2.62
2014.10.09 22:44:43.507,1.26825,1.26831,1.50,4.87
2014.10.09 22:44:44.027,1.26825,1.2683,1.50,1.00
2014.10.09 22:44:45.254,1.26825,1.26831,1.50,5.62
2014.10.09 22:44:45.799,1.26825,1.26831,1.99,5.62
2014.10.09 22:44:46.612,1.26825,1.26831,1.50,5.62
2014.10.09 22:44:47.192,1.26825,1.26831,1.50,5.62
2014.10.09 22:44:48.132,1.26825,1.26831,1.50,7.12
2014.10.09 22:44:48.649,1.26825,1.2683,1.50,1.00
2014.10.09 22:44:49.154,1.26825,1.26829,1.50,1.00
2014.10.09 22:44:49.660,1.26825,1.2683,2.25,2.62
2014.10.09 22:44:53.227,1.26828,1.2683,1.00,1.12
2014.10.09 22:44:54.323,1.26828,1.26831,1.00,3.37
2014.10.09 22:44:54.904,1.26828,1.26831,1.00,3.37
2014.10.09 22:44:55.640,1.26828,1.26831,1.00,3.37
2014.10.09 22:44:56.347,1.26828,1.2683,1.00,1.00
2014.10.09 22:44:57.218,1.26828,1.26831,1.00,3.37
2014.10.09 22:44:57.833,1.26828,1.26831,1.00,3.37
2014.10.09 22:44:59.370,1.26828,1.26831,1.00,4.12
2014.10.09 22:45:00.380,1.26828,1.2683,1.00,1.00
2014.10.09 22:45:01.491,1.26828,1.26831,1.00,4.12
2014.10.09 22:45:02.168,1.26828,1.26831,1.00,4.12
2014.10.09 22:45:02.793,1.26828,1.26831,1.00,4.87
2014.10.09 22:45:03.364,1.26828,1.2683,1.00,1.00
2014.10.09 22:45:04.323,1.26828,1.26831,1.00,4.12
2014.10.09 22:45:04.831,1.26828,1.26831,1.00,5.62
2014.10.09 22:45:05.722,1.26828,1.26831,1.00,5.62
2014.10.09 22:45:06.479,1.26828,1.2683,1.00,1.12
2014.10.09 22:45:07.103,1.26828,1.26831,1.00,4.12
2014.10.09 22:45:07.607,1.26828,1.26831,1.00,3.37
2014.10.09 22:45:08.108,1.26828,1.26831,1.00,3.37
2014.10.09 22:45:09.371,1.26828,1.26831,1.00,4.12
2014.10.09 22:45:09.876,1.26828,1.26831,1.00,3.37
2014.10.09 22:45:10.394,1.26828,1.26831,1.00,3.37
2014.10.09 22:45:11.078,1.26828,1.26831,1.00,3.37
2014.10.09 22:45:11.606,1.26828,1.26831,1.00,4.12
2014.10.09 22:45:12.268,1.26825,1.26829,1.50,1.00
2014.10.09 22:45:33.130,1.26826,1.26829,1.00,1.00
2014.10.09 22:45:35.445,1.26828,1.26829,1.00,1.00
2014.10.09 22:45:37.749,1.26826,1.26829,1.50,1.00
2014.10.09 22:45:49.332,1.26827,1.2683,1.00,1.00
2014.10.09 22:45:58.502,1.26827,1.26831,1.00,2.25
2014.10.09 22:45:59.038,1.26827,1.2683,1.00,1.00
2014.10.09 22:46:09.427,1.26825,1.2683,1.50,2.25
2014.10.09 22:46:13.590,1.26825,1.26828,1.00,1.00
2014.10.09 22:46:14.140,1.26824,1.26828,1.50,1.50
2014.10.09 22:46:33.951,1.26823,1.26827,1.50,1.00
2014.10.09 22:46:41.097,1.26823,1.26825,1.00,1.00
2014.10.09 22:46:41.401,1.26817,1.26821,1.00,6.99
2014.10.09 22:46:41.452,1.26815,1.26818,2.25,1.00
2014.10.09 22:46:41.958,1.26814,1.26818,2.62,1.00
2014.10.09 22:46:42.507,1.26815,1.26818,1.00,1.00
2014.10.09 22:46:43.914,1.26814,1.26818,3.37,1.00
2014.10.09 22:46:44.524,1.26815,1.26818,1.00,1.00
2014.10.09 22:46:45.030,1.26814,1.26818,3.37,1.00
2014.10.09 22:46:47.257,1.26815,1.26818,1.00,1.00
2014.10.09 22:46:47.779,1.26814,1.26818,2.62,1.00
2014.10.09 22:46:49.449,1.26815,1.26818,1.00,1.00
2014.10.09 22:46:50.200,1.26815,1.26819,2.25,1.12
2014.10.09 22:47:00.624,1.26816,1.26819,1.00,1.12
2014.10.09 22:47:01.546,1.26815,1.26819,2.25,1.87
2014.10.09 22:47:07.904,1.26814,1.26819,2.25,2.25
2014.10.09 22:47:09.557,1.26815,1.26819,1.00,2.25
2014.10.09 22:47:10.079,1.26814,1.26819,2.25,2.25
2014.10.09 22:47:10.750,1.26815,1.26819,1.00,2.25
2014.10.09 22:47:11.377,1.26814,1.26819,2.25,2.25
2014.10.09 22:47:13.526,1.26815,1.26819,1.12,2.25
2014.10.09 22:47:14.606,1.26814,1.26819,2.62,2.25
2014.10.09 22:47:15.410,1.26814,1.26819,1.37,2.25
2014.10.09 22:47:15.930,1.26814,1.26819,1.00,2.25
2014.10.09 22:47:22.328,1.26815,1.26819,1.50,2.25
2014.10.09 22:47:34.937,1.26814,1.26818,3.56,1.50
2014.10.09 22:47:36.726,1.26815,1.26818,1.12,1.50
2014.10.09 22:47:37.310,1.26814,1.26818,3.56,1.50
2014.10.09 22:47:39.757,1.26815,1.26818,1.12,1.50
2014.10.09 22:47:40.278,1.26814,1.26818,3.56,1.50
2014.10.09 22:47:40.968,1.26815,1.26818,1.25,1.50
2014.10.09 22:47:46.779,1.26815,1.26818,1.19,1.50
2014.10.09 22:47:57.826,1.26814,1.26818,4.31,1.00
2014.10.09 22:47:58.520,1.26815,1.26818,1.12,1.00
2014.10.09 22:47:59.039,1.26814,1.26818,5.06,1.00
2014.10.09 22:48:01.666,1.26815,1.26818,1.12,1.00
2014.10.09 22:48:03.745,1.26816,1.26818,1.00,1.00
2014.10.09 22:48:05.009,1.26815,1.26818,2.62,1.00
2014.10.09 22:48:05.617,1.26816,1.26818,1.00,1.00
2014.10.09 22:48:05.718,1.26816,1.2682,1.50,5.62
2014.10.09 22:48:10.207,1.26815,1.26818,2.62,1.00
2014.10.09 22:48:10.722,1.26816,1.26818,1.00,1.00
2014.10.09 22:48:11.245,1.26815,1.26818,2.81,1.00
2014.10.09 22:48:11.761,1.26816,1.26818,1.00,1.00
2014.10.09 22:48:12.317,1.26815,1.26818,2.62,1.00
2014.10.09 22:48:16.506,1.26816,1.26818,1.00,1.00
2014.10.09 22:48:17.065,1.26815,1.26818,3.75,1.00
2014.10.09 22:48:17.737,1.26816,1.26818,1.00,1.00
2014.10.09 22:48:18.279,1.26815,1.26818,2.62,1.00
2014.10.09 22:48:18.886,1.26816,1.26818,1.00,1.00
2014.10.09 22:48:19.388,1.26815,1.26818,2.62,1.00
2014.10.09 22:48:20.098,1.26816,1.2682,1.00,3.37
2014.10.09 22:48:20.402,1.26819,1.26823,1.50,1.50
2014.10.09 22:48:20.655,1.2682,1.26825,1.00,2.25
2014.10.09 22:48:27.441,1.2682,1.26824,1.00,1.00
2014.10.09 22:48:29.806,1.2682,1.26824,3.56,1.50
2014.10.09 22:48:32.781,1.2682,1.26824,3.94,1.50
2014.10.09 22:48:33.853,1.26822,1.26825,1.50,1.00
2014.10.09 22:48:44.308,1.26822,1.26826,1.50,2.25
2014.10.09 22:48:44.815,1.26822,1.26825,1.50,1.00
2014.10.09 22:48:53.386,1.26822,1.26826,1.50,2.25
2014.10.09 22:48:54.358,1.26821,1.26825,1.50,1.00
2014.10.09 22:49:05.466,1.26822,1.26825,1.00,1.00
2014.10.09 22:49:07.068,1.26821,1.26825,1.00,1.00
2014.10.09 22:49:14.469,1.26823,1.26827,1.00,1.50
2014.10.09 22:49:14.722,1.26828,1.26829,2.25,1.50
2014.10.09 22:49:14.773,1.26828,1.26832,2.25,3.00
2014.10.09 22:49:16.105,1.26828,1.26831,2.25,1.00
2014.10.09 22:49:16.623,1.26828,1.26832,2.25,2.25
2014.10.09 22:49:17.174,1.26828,1.26831,2.25,1.00
2014.10.09 22:49:17.834,1.26828,1.26832,2.25,2.25
2014.10.09 22:49:18.658,1.26828,1.26831,2.25,1.00
2014.10.09 22:49:20.437,1.26828,1.26832,2.25,2.25
2014.10.09 22:49:21.322,1.2683,1.26832,1.00,2.25
2014.10.09 22:49:21.424,1.26831,1.26834,2.81,1.12
2014.10.09 22:49:21.525,1.26829,1.26834,3.75,2.62
2014.10.09 22:49:21.677,1.26831,1.26834,1.00,3.00
2014.10.09 22:49:21.981,1.26832,1.26836,2.06,1.50
2014.10.09 22:49:29.739,1.2683,1.26836,4.31,1.50
2014.10.09 22:49:34.295,1.26832,1.26836,1.00,1.50
2014.10.09 22:49:34.865,1.26831,1.26836,3.56,1.50
2014.10.09 22:49:35.416,1.26832,1.26836,1.00,1.50
2014.10.09 22:49:36.052,1.26831,1.26836,3.56,1.50
2014.10.09 22:49:36.586,1.26832,1.26836,1.00,1.50
2014.10.09 22:49:37.123,1.26831,1.26836,3.56,1.50
2014.10.09 22:49:37.275,1.26832,1.26836,1.87,1.50
2014.10.09 22:49:37.528,1.26834,1.26838,1.00,3.00
2014.10.09 22:49:37.579,1.26832,1.26838,1.50,2.25
2014.10.09 22:49:39.556,1.26833,1.26838,1.87,1.50
2014.10.09 22:49:40.236,1.26833,1.26838,1.00,1.50
2014.10.09 22:49:40.744,1.26832,1.26838,3.00,1.50
2014.10.09 22:49:42.754,1.26833,1.26838,1.87,1.50
2014.10.09 22:49:43.435,1.26832,1.26838,2.25,1.50
2014.10.09 22:49:46.374,1.26833,1.26838,1.87,1.50
2014.10.09 22:49:47.505,1.26832,1.26838,2.25,2.25
2014.10.09 22:49:54.072,1.26833,1.26838,1.87,1.50
2014.10.09 22:49:55.522,1.26832,1.26838,3.19,2.25
2014.10.09 22:49:56.268,1.26833,1.26838,1.00,1.50
2014.10.09 22:49:56.788,1.26832,1.26838,5.81,1.50
2014.10.09 22:49:58.391,1.26832,1.26837,4.31,1.50
2014.10.09 22:49:58.921,1.26833,1.26837,1.00,1.50
2014.10.09 22:49:59.232,1.26835,1.26837,1.87,1.50
2014.10.09 22:49:59.384,1.26835,1.26839,6.00,1.50
2014.10.09 22:50:00.346,1.26836,1.26839,1.00,1.50
2014.10.09 22:50:00.855,1.26835,1.26839,5.06,1.50
2014.10.09 22:50:02.807,1.26836,1.26839,1.00,1.50
2014.10.09 22:50:03.368,1.26835,1.26839,5.06,1.50
2014.10.09 22:50:04.406,1.26836,1.26839,1.00,1.50
2014.10.09 22:50:05.084,1.26835,1.26839,6.19,1.50
2014.10.09 22:50:05.758,1.26836,1.26839,1.00,1.50
2014.10.09 22:50:07.450,1.26835,1.26839,3.00,1.50
2014.10.09 22:50:08.427,1.26836,1.26839,1.25,1.50
2014.10.09 22:50:13.454,1.26835,1.26839,6.00,1.50
2014.10.09 22:50:14.618,1.26836,1.26839,1.00,1.50
2014.10.09 22:50:15.331,1.26835,1.26839,4.87,1.50
2014.10.09 22:50:16.537,1.26836,1.26839,1.00,1.50
2014.10.09 22:50:17.047,1.26837,1.26839,1.12,1.50
2014.10.09 22:50:27.834,1.26839,1.26842,4.87,2.25
2014.10.09 22:50:27.936,1.26841,1.26844,1.87,1.00
2014.10.09 22:50:27.987,1.26843,1.26845,1.87,2.25
2014.10.09 22:50:28.442,1.26844,1.26846,1.87,1.00
2014.10.09 22:50:28.846,1.26841,1.26847,2.44,2.25
2014.10.09 22:50:29.516,1.26841,1.26845,1.50,1.00
2014.10.09 22:50:30.027,1.2684,1.26844,3.19,1.50
2014.10.09 22:50:47.336,1.26841,1.26844,1.00,1.50
2014.10.09 22:50:47.590,1.26843,1.26847,1.00,1.00
2014.10.09 22:51:07.509,1.26841,1.26847,4.00,1.50
2014.10.09 22:51:08.230,1.26841,1.26847,2.50,1.50
2014.10.09 22:51:09.190,1.26841,1.26847,4.00,1.50
2014.10.09 22:51:09.744,1.26841,1.26847,2.50,1.50
2014.10.09 22:51:13.106,1.26843,1.26847,1.00,1.50
2014.10.09 22:51:31.702,1.26842,1.26847,1.50,3.00
2014.10.09 22:51:35.036,1.26841,1.26846,1.75,1.12
2014.10.09 22:51:35.554,1.2684,1.26845,1.26,2.25
2014.10.09 22:51:36.171,1.26839,1.26845,6.27,2.25
2014.10.09 22:51:37.885,1.2684,1.26845,3.25,3.37
2014.10.09 22:51:38.721,1.2684,1.26845,1.25,2.25
2014.10.09 22:51:40.095,1.26842,1.26846,1.00,1.50
2014.10.09 22:52:40.101,1.26842,1.26847,1.00,1.00
2014.10.09 22:52:51.013,1.26842,1.26848,1.00,1.00
2014.10.09 22:52:53.215,1.26842,1.26849,1.00,2.44
2014.10.09 22:52:53.532,1.2684,1.26845,1.25,1.00
2014.10.09 22:52:54.040,1.2684,1.26845,1.75,1.00
2014.10.09 22:52:54.549,1.2684,1.26844,1.75,1.00
2014.10.09 22:52:55.055,1.2684,1.26844,1.57,1.00
2014.10.09 22:52:55.468,1.2684,1.26844,1.50,1.00
2014.10.09 22:52:56.015,1.2684,1.26844,1.65,1.00
2014.10.09 22:52:56.573,1.2684,1.26844,1.57,1.00
2014.10.09 22:52:57.121,1.2684,1.26844,1.57,1.00
2014.10.09 22:52:57.664,1.2684,1.26844,1.07,1.00
2014.10.09 22:52:59.304,1.2684,1.26844,1.07,1.00
2014.10.09 22:52:59.875,1.2684,1.26844,1.07,1.00
2014.10.09 22:53:00.656,1.2684,1.26844,1.17,1.00
2014.10.09 22:53:01.167,1.2684,1.26844,1.17,1.00
2014.10.09 22:53:02.331,1.2684,1.26844,1.07,1.00
2014.10.09 22:53:04.267,1.2684,1.26844,1.17,1.00
2014.10.09 22:53:05.358,1.2684,1.26844,1.17,1.00
2014.10.09 22:53:06.171,1.2684,1.26844,1.07,1.00
2014.10.09 22:53:06.969,1.2684,1.26844,1.07,1.00
2014.10.09 22:53:07.518,1.26841,1.26844,1.07,1.00
2014.10.09 22:53:08.057,1.26841,1.26844,1.10,1.00
2014.10.09 22:53:08.683,1.26841,1.26844,1.07,1.00
2014.10.09 22:53:09.402,1.26841,1.26844,1.10,1.00
2014.10.09 22:53:11.197,1.26841,1.26844,1.07,1.00
2014.10.09 22:53:11.756,1.26841,1.26844,1.10,1.00
2014.10.09 22:53:12.438,1.26841,1.26844,1.07,1.00
2014.10.09 22:53:13.078,1.26841,1.26844,1.10,1.00
2014.10.09 22:53:13.693,1.26841,1.26844,1.07,1.00
2014.10.09 22:53:14.267,1.26841,1.26845,1.10,2.25
2014.10.09 22:53:17.095,1.26841,1.26845,1.07,1.50
2014.10.09 22:53:17.700,1.26841,1.26845,1.10,1.00
2014.10.09 22:53:19.072,1.26841,1.26845,1.07,1.00
2014.10.09 22:53:19.655,1.26841,1.26845,1.10,1.00
2014.10.09 22:53:20.591,1.26841,1.26845,1.07,1.00
2014.10.09 22:53:21.290,1.26841,1.26845,1.10,1.00
2014.10.09 22:53:21.819,1.26841,1.26845,1.57,1.00
2014.10.09 22:53:22.326,1.2684,1.26846,3.07,2.25
2014.10.09 22:53:23.055,1.26842,1.26846,1.10,1.50
2014.10.09 22:53:36.285,1.26843,1.26846,1.00,1.00
2014.10.09 22:53:36.791,1.26842,1.26846,1.50,1.00
2014.10.09 22:53:42.329,1.26843,1.26846,1.00,1.00
2014.10.09 22:53:42.430,1.26843,1.26849,1.50,3.75
2014.10.09 22:53:54.604,1.26843,1.26848,3.00,1.00
2014.10.09 22:54:00.587,1.26843,1.26849,2.25,2.25
2014.10.09 22:54:03.284,1.26843,1.26847,2.25,1.00
2014.10.09 22:54:34.935,1.26845,1.26847,1.00,1.50
2014.10.09 22:54:35.036,1.26846,1.26849,2.25,1.00
2014.10.09 22:54:35.339,1.26844,1.26849,1.50,2.25
2014.10.09 22:54:35.944,1.26843,1.26849,2.25,3.00
2014.10.09 22:54:44.139,1.26844,1.26849,1.00,2.25
2014.10.09 22:54:44.644,1.26843,1.26849,3.00,1.50
2014.10.09 22:54:55.308,1.26843,1.26848,1.50,1.00
2014.10.09 22:55:41.140,1.26844,1.26848,1.00,1.50
2014.10.09 22:55:53.818,1.26842,1.26848,2.25,1.50
2014.10.09 22:55:55.341,1.26842,1.26849,1.57,1.87
2014.10.09 22:55:56.437,1.26842,1.26846,2.32,1.00
2014.10.09 22:56:21.795,1.26843,1.26846,1.00,1.00
2014.10.09 22:56:21.846,1.26843,1.26849,3.75,1.50
2014.10.09 22:56:22.099,1.26845,1.26849,1.00,2.25
2014.10.09 22:56:22.201,1.26843,1.26849,4.50,1.50
2014.10.09 22:56:22.706,1.26843,1.26848,3.00,1.00
2014.10.09 22:56:28.153,1.26843,1.26849,2.25,1.50
2014.10.09 22:56:28.667,1.26843,1.26848,2.25,1.00
2014.10.09 22:56:35.398,1.26843,1.26849,2.25,1.50
2014.10.09 22:56:37.445,1.26844,1.26849,1.00,1.50
2014.10.09 22:56:38.769,1.26845,1.26849,1.00,1.50
2014.10.09 22:56:39.300,1.26844,1.26849,1.50,1.50
2014.10.09 22:56:39.838,1.26845,1.26849,1.00,1.50
2014.10.09 22:56:40.432,1.26844,1.26849,1.50,1.50
2014.10.09 22:56:42.318,1.26843,1.26847,2.25,1.00
2014.10.09 22:56:52.739,1.26844,1.26847,1.00,1.00
2014.10.09 22:56:53.397,1.26843,1.26847,3.00,1.00
2014.10.09 22:56:55.079,1.26844,1.26847,1.00,1.00
2014.10.09 22:56:56.191,1.26843,1.26847,3.00,1.00
2014.10.09 22:56:56.700,1.26844,1.26847,1.00,1.00
2014.10.09 22:56:57.230,1.26843,1.26847,2.25,1.00
2014.10.09 22:57:02.293,1.26843,1.26848,2.25,1.00
2014.10.09 22:57:02.841,1.26844,1.26848,1.00,1.00
2014.10.09 22:57:09.610,1.26845,1.26848,1.00,1.00
2014.10.09 22:57:09.915,1.26848,1.2685,1.00,1.00
2014.10.09 22:57:10.016,1.26848,1.26853,2.25,1.50
2014.10.09 22:57:10.118,1.26851,1.26854,1.00,1.87
2014.10.09 22:57:10.623,1.26852,1.26854,1.00,1.87
2014.10.09 22:57:10.826,1.26852,1.26856,1.00,3.75
2014.10.09 22:57:16.138,1.26854,1.26856,1.00,1.50
2014.10.09 22:57:17.219,1.26854,1.26858,1.00,1.50
2014.10.09 22:57:24.483,1.26853,1.26858,1.00,1.50
2014.10.09 22:57:25.028,1.26852,1.26858,1.50,2.25
2014.10.09 22:57:30.580,1.26852,1.26857,1.50,1.00
2014.10.09 22:57:34.754,1.26852,1.26855,1.50,1.00
2014.10.09 22:57:34.907,1.2685,1.26854,1.00,1.00
2014.10.09 22:57:35.362,1.2685,1.26856,1.50,4.50
2014.10.09 22:57:39.198,1.2685,1.26853,1.50,1.00
2014.10.09 22:57:39.401,1.26848,1.26851,1.00,1.50
2014.10.09 22:57:40.210,1.26849,1.26851,1.00,1.00
2014.10.09 22:57:40.311,1.26849,1.26853,1.50,1.00
2014.10.09 22:57:40.614,1.26852,1.26855,1.00,2.25
2014.10.09 22:57:41.736,1.26852,1.26856,1.00,1.00
2014.10.09 22:57:43.218,1.26851,1.26853,1.00,1.00
2014.10.09 22:57:43.320,1.26849,1.2685,3.00,1.87
2014.10.09 22:58:00.125,1.26848,1.2685,1.00,2.62
2014.10.09 22:58:00.707,1.26847,1.2685,1.00,2.62
2014.10.09 22:58:01.178,1.26848,1.26853,1.50,5.25
2014.10.09 22:58:01.280,1.26848,1.26855,1.69,1.50
2014.10.09 22:58:02.243,1.26848,1.26851,1.19,1.87
2014.10.09 22:58:02.345,1.26847,1.2685,1.12,1.87
2014.10.09 22:58:04.589,1.26847,1.26849,1.00,1.00
2014.10.09 22:58:05.418,1.26847,1.2685,1.00,2.62
2014.10.09 22:58:08.018,1.26847,1.26849,1.00,1.00
2014.10.09 22:58:08.790,1.26847,1.2685,1.00,3.37
2014.10.09 22:58:11.458,1.26847,1.26849,1.00,1.00
2014.10.09 22:58:11.963,1.26847,1.2685,1.00,3.37
2014.10.09 22:58:13.168,1.26847,1.26849,1.00,1.00
2014.10.09 22:58:13.716,1.26847,1.2685,1.00,3.37
2014.10.09 22:58:14.501,1.26847,1.26849,1.00,1.00
2014.10.09 22:58:15.011,1.26847,1.2685,1.00,1.87
2014.10.09 22:58:17.682,1.26847,1.26849,1.00,1.00
2014.10.09 22:58:17.783,1.26845,1.26849,3.00,1.00
2014.10.09 22:58:17.986,1.26843,1.26848,1.50,1.00
2014.10.09 22:58:18.906,1.26844,1.26848,1.00,1.00
2014.10.09 22:58:23.597,1.26843,1.26848,1.00,1.00
2014.10.09 22:58:24.208,1.26845,1.26849,1.00,1.69
2014.10.09 22:58:24.310,1.26842,1.26849,1.00,1.69
2014.10.09 22:58:24.411,1.26844,1.26849,1.50,1.50
2014.10.09 22:58:24.916,1.26843,1.26848,1.50,1.00
2014.10.09 22:58:37.733,1.26843,1.2685,1.00,4.50
2014.10.09 22:58:58.839,1.26843,1.26849,2.25,1.00
2014.10.09 22:59:01.613,1.26843,1.2685,1.00,1.50
2014.10.09 22:59:02.965,1.26843,1.2685,1.00,2.25
2014.10.09 22:59:03.471,1.26845,1.2685,2.25,1.00
2014.10.09 22:59:07.475,1.26847,1.26851,1.00,1.87
2014.10.09 22:59:07.628,1.26848,1.26853,1.12,1.00
2014.10.09 22:59:07.729,1.26849,1.26856,1.50,3.00
2014.10.09 22:59:08.236,1.2685,1.26857,1.50,1.50
2014.10.09 22:59:09.493,1.26851,1.26857,1.00,1.00
2014.10.09 22:59:20.316,1.2685,1.26856,1.00,1.00
2014.10.09 22:59:20.822,1.2685,1.26855,1.00,1.00
2014.10.09 22:59:23.178,1.26852,1.26855,1.00,1.00
2014.10.09 22:59:23.532,1.26849,1.26854,1.25,1.00
2014.10.09 22:59:23.583,1.26848,1.26851,1.19,1.00
2014.10.09 22:59:23.684,1.26846,1.26851,2.06,1.00
2014.10.09 22:59:23.786,1.26846,1.26849,1.00,1.00
2014.10.09 22:59:23.836,1.26844,1.26849,1.00,1.00
2014.10.09 22:59:24.039,1.26842,1.26849,2.25,1.50
2014.10.09 22:59:24.090,1.26842,1.26847,2.25,1.00
2014.10.09 22:59:30.100,1.26841,1.26846,1.57,1.00
2014.10.09 22:59:30.706,1.26841,1.26846,1.57,1.00
2014.10.09 22:59:31.598,1.26841,1.26846,1.57,1.00
2014.10.09 22:59:35.026,1.26841,1.26846,1.10,1.87
2014.10.09 22:59:35.731,1.26841,1.26845,1.07,1.00
2014.10.09 22:59:36.270,1.26841,1.26845,1.10,1.00
2014.10.09 22:59:36.812,1.26841,1.26845,1.07,1.00
2014.10.09 22:59:37.354,1.26841,1.26845,1.10,1.12
2014.10.09 22:59:37.923,1.26841,1.26845,1.07,2.25
2014.10.09 22:59:38.569,1.26841,1.26845,1.10,1.50
2014.10.09 22:59:40.085,1.26841,1.26845,1.07,2.25
2014.10.09 22:59:41.205,1.26841,1.26845,1.10,1.00
2014.10.09 22:59:43.132,1.2684,1.26845,1.07,5.62
2014.10.09 22:59:43.736,1.2684,1.26845,1.07,4.50
2014.10.09 22:59:44.854,1.2684,1.26845,1.07,5.62
2014.10.09 22:59:45.361,1.26839,1.26845,1.17,4.50
2014.10.09 22:59:45.863,1.26839,1.26845,1.15,6.00
2014.10.09 22:59:46.373,1.26839,1.26845,1.15,5.25
2014.10.09 22:59:47.233,1.26839,1.26845,1.17,5.25
2014.10.09 22:59:48.299,1.26839,1.26845,1.17,4.87
2014.10.09 22:59:50.026,1.26839,1.26845,1.17,5.25
2014.10.09 22:59:50.862,1.26839,1.26845,1.15,5.25
2014.10.09 22:59:51.804,1.26839,1.26845,1.15,6.00
2014.10.09 22:59:52.825,1.26839,1.26845,1.17,4.50
2014.10.09 22:59:54.026,1.26839,1.26845,1.17,2.25
2014.10.09 22:59:54.561,1.26839,1.26845,1.17,1.50
2014.10.09 22:59:55.215,1.26839,1.26845,1.17,4.87
2014.10.09 22:59:55.855,1.26839,1.26845,1.17,4.50
2014.10.09 22:59:57.582,1.26839,1.26845,1.17,3.75
2014.10.09 22:59:58.200,1.26839,1.26845,1.17,4.12
2014.10.09 22:59:58.913,1.26839,1.26845,1.17,3.75
2014.10.09 22:59:59.427,1.26839,1.26845,1.17,4.12
