2018.09.21 05:00:00.286,1.17786,1.17789,1.12,1.50
2018.09.21 05:00:00.790,1.17787,1.17789,1.25,1.00
2018.09.21 05:00:01.292,1.17788,1.1779,1.00,3.37
2018.09.21 05:00:01.810,1.17788,1.1779,1.00,3.00
2018.09.21 05:00:02.326,1.17788,1.17789,1.00,1.00
2018.09.21 05:00:02.873,1.17788,1.1779,1.00,5.25
2018.09.21 05:00:03.182,1.1779,1.17791,1.50,5.70
2018.09.21 05:00:03.481,1.17792,1.17795,1.50,1.87
2018.09.21 05:00:03.536,1.17792,1.17795,7.69,1.25
2018.09.21 05:00:04.119,1.17792,1.17795,1.50,5.25
2018.09.21 05:00:04.661,1.17792,1.17794,1.00,3.75
2018.09.21 05:00:05.477,1.17792,1.17793,1.00,1.25
2018.09.21 05:00:06.853,1.17791,1.17794,1.10,3.19
2018.09.21 05:00:07.406,1.1779,1.17794,1.01,4.39
2018.09.21 05:00:07.928,1.1779,1.17793,1.25,2.06
2018.09.21 05:00:08.462,1.1779,1.17793,1.00,1.87
2018.09.21 05:00:08.845,1.17788,1.17792,6.45,5.81
2018.09.21 05:00:09.195,1.17787,1.1779,3.64,1.12
2018.09.21 05:00:09.403,1.17788,1.17792,2.81,3.37
2018.09.21 05:00:09.562,1.17789,1.17793,5.51,3.00
2018.09.21 05:00:11.141,1.17791,1.17793,1.00,1.50
2018.09.21 05:00:22.803,1.17789,1.17791,1.57,1.50
2018.09.21 05:00:23.308,1.17788,1.17791,5.14,3.75
2018.09.21 05:00:23.996,1.17788,1.17792,3.64,6.97
2018.09.21 05:00:26.689,1.17789,1.17792,2.06,9.22
2018.09.21 05:00:27.107,1.17787,1.17789,1.12,1.50
2018.09.21 05:00:28.053,1.17786,1.17789,1.01,1.87
2018.09.21 05:00:28.418,1.17786,1.17787,1.00,1.87
2018.09.21 05:00:29.021,1.17785,1.17787,1.50,1.50
2018.09.21 05:00:33.155,1.17785,1.17788,1.00,1.00
2018.09.21 05:00:33.799,1.17786,1.17789,2.62,2.25
2018.09.21 05:00:34.354,1.17787,1.17788,1.50,1.00
2018.09.21 05:00:34.853,1.17788,1.17791,4.87,3.64
2018.09.21 05:00:34.955,1.17789,1.17793,2.62,10.12
2018.09.21 05:00:36.619,1.17788,1.17792,6.82,3.94
2018.09.21 05:00:36.950,1.17786,1.17788,1.20,1.00
2018.09.21 05:00:58.608,1.17787,1.17788,1.00,1.12
2018.09.21 05:00:59.154,1.17786,1.17788,1.50,1.12
2018.09.21 05:01:00.428,1.17786,1.17788,1.57,1.00
2018.09.21 05:01:00.481,1.17787,1.1779,1.39,6.37
2018.09.21 05:01:01.023,1.17788,1.17791,1.10,1.12
2018.09.21 05:01:02.294,1.17789,1.17792,1.00,5.81
2018.09.21 05:01:02.910,1.17788,1.17792,2.70,3.56
2018.09.21 05:01:03.916,1.17788,1.17792,1.87,6.00
2018.09.21 05:01:07.087,1.17788,1.17792,2.25,5.06
2018.09.21 05:01:09.565,1.17788,1.17791,3.94,1.25
2018.09.21 05:01:10.221,1.17788,1.17792,2.25,3.56
2018.09.21 05:01:12.224,1.17787,1.17788,1.57,1.50
2018.09.21 05:01:12.744,1.17787,1.17789,1.00,3.75
2018.09.21 05:01:13.256,1.17787,1.17788,1.00,1.12
2018.09.21 05:01:14.088,1.17786,1.17788,1.20,1.00
2018.09.21 05:01:14.425,1.17787,1.17789,1.00,2.62
2018.09.21 05:01:17.553,1.17786,1.17788,1.95,1.87
2018.09.21 05:01:18.079,1.17786,1.17788,3.37,1.50
2018.09.21 05:01:23.062,1.17787,1.17789,2.14,1.50
2018.09.21 05:01:23.319,1.1779,1.17792,2.81,1.12
2018.09.21 05:01:23.423,1.17791,1.17795,1.12,3.56
2018.09.21 05:01:23.922,1.17793,1.17794,1.00,1.12
2018.09.21 05:01:24.919,1.17793,1.17795,1.00,1.87
2018.09.21 05:01:25.434,1.17792,1.17795,2.25,2.62
2018.09.21 05:01:27.390,1.17792,1.17794,3.75,1.00
2018.09.21 05:01:28.612,1.17791,1.17795,9.49,1.12
2018.09.21 05:01:29.482,1.17791,1.17795,7.99,2.25
2018.09.21 05:01:31.140,1.17792,1.17795,2.25,3.37
2018.09.21 05:01:32.811,1.17792,1.17795,2.44,3.56
2018.09.21 05:01:33.876,1.17792,1.17795,3.00,4.50
2018.09.21 05:01:34.377,1.17792,1.17795,1.57,4.50
2018.09.21 05:01:39.518,1.17793,1.17795,2.62,3.00
2018.09.21 05:01:39.571,1.17795,1.17798,1.00,3.15
2018.09.21 05:01:39.624,1.17795,1.17799,5.06,1.57
2018.09.21 05:01:40.040,1.17798,1.17801,4.87,2.25
2018.09.21 05:01:40.626,1.17798,1.178,1.87,1.25
2018.09.21 05:01:41.159,1.17797,1.17801,1.50,5.44
2018.09.21 05:01:43.257,1.17797,1.178,4.01,1.12
2018.09.21 05:01:43.471,1.17799,1.17802,1.57,1.00
2018.09.21 05:01:43.525,1.17798,1.17801,2.51,4.31
2018.09.21 05:01:44.034,1.17797,1.178,5.32,1.00
2018.09.21 05:01:44.579,1.17797,1.17799,4.76,1.00
2018.09.21 05:01:45.092,1.17797,1.178,4.95,1.31
2018.09.21 05:01:47.718,1.17797,1.17799,6.45,1.00
2018.09.21 05:01:48.225,1.17796,1.178,4.20,4.87
2018.09.21 05:01:48.775,1.17796,1.17799,7.20,3.00
2018.09.21 05:01:49.476,1.17798,1.178,1.50,1.87
2018.09.21 05:01:50.152,1.17796,1.178,3.82,1.87
2018.09.21 05:01:50.720,1.17797,1.178,1.12,2.25
2018.09.21 05:01:51.788,1.17796,1.178,2.89,1.87
2018.09.21 05:01:52.467,1.17796,1.17799,3.64,1.00
2018.09.21 05:01:53.100,1.17796,1.178,2.89,2.70
2018.09.21 05:01:54.933,1.17797,1.17799,1.20,1.50
2018.09.21 05:01:58.297,1.17796,1.17799,3.64,2.44
2018.09.21 05:01:58.677,1.17795,1.17798,2.25,1.00
2018.09.21 05:01:58.785,1.17793,1.17796,1.57,4.12
2018.09.21 05:01:59.047,1.17792,1.17795,1.12,2.62
2018.09.21 05:02:00.287,1.17792,1.17795,1.76,4.50
2018.09.21 05:02:00.392,1.17796,1.17797,1.00,1.87
2018.09.21 05:02:00.445,1.17796,1.17798,1.00,1.00
2018.09.21 05:02:07.037,1.17795,1.17799,6.26,3.37
2018.09.21 05:02:09.145,1.17796,1.17799,1.00,2.62
2018.09.21 05:02:10.529,1.17795,1.17799,4.95,1.87
2018.09.21 05:02:10.581,1.17798,1.17799,1.25,1.00
2018.09.21 05:02:10.633,1.17799,1.17802,3.00,4.95
2018.09.21 05:02:11.141,1.17798,1.17801,1.87,2.81
2018.09.21 05:02:11.756,1.17799,1.17801,1.25,1.69
2018.09.21 05:02:12.187,1.17799,1.17802,1.00,1.87
2018.09.21 05:02:13.655,1.178,1.17802,1.00,1.87
2018.09.21 05:02:14.213,1.17799,1.17802,1.76,1.50
2018.09.21 05:02:17.541,1.178,1.17802,1.00,2.81
2018.09.21 05:02:18.191,1.178,1.17802,1.00,1.12
2018.09.21 05:02:41.348,1.17797,1.178,4.01,1.00
2018.09.21 05:02:42.454,1.17797,1.17801,2.14,3.56
2018.09.21 05:02:42.975,1.17797,1.178,2.32,1.25
2018.09.21 05:02:43.643,1.17797,1.17801,2.14,3.56
2018.09.21 05:02:44.387,1.17796,1.178,7.39,1.00
2018.09.21 05:02:52.171,1.17796,1.178,5.51,4.69
2018.09.21 05:02:52.874,1.17796,1.178,4.57,2.44
2018.09.21 05:02:57.838,1.17796,1.178,8.51,3.94
2018.09.21 05:02:58.347,1.17796,1.178,3.07,3.19
2018.09.21 05:02:58.852,1.17796,1.178,4.01,3.19
2018.09.21 05:02:59.438,1.17796,1.178,3.82,2.44
2018.09.21 05:02:59.956,1.17796,1.178,4.01,3.94
2018.09.21 05:03:00.458,1.17796,1.178,5.32,3.94
2018.09.21 05:03:07.539,1.17796,1.178,3.00,2.62
2018.09.21 05:03:15.780,1.17797,1.178,1.00,3.75
2018.09.21 05:03:16.472,1.17797,1.17799,1.50,1.00
2018.09.21 05:03:27.427,1.17797,1.17801,1.12,9.45
2018.09.21 05:03:28.139,1.17797,1.178,2.62,1.50
2018.09.21 05:03:29.042,1.17797,1.17801,1.00,6.45
2018.09.21 05:03:29.790,1.17797,1.178,1.50,1.50
2018.09.21 05:03:31.436,1.17801,1.17802,1.87,7.95
2018.09.21 05:03:31.699,1.17801,1.17805,6.79,3.37
2018.09.21 05:03:32.432,1.17802,1.17805,2.44,1.87
2018.09.21 05:03:36.355,1.17802,1.17805,2.62,3.19
2018.09.21 05:03:41.994,1.17803,1.17804,1.00,1.00
2018.09.21 05:03:42.499,1.17801,1.17804,5.89,1.50
2018.09.21 05:03:43.308,1.17801,1.17805,6.26,3.75
2018.09.21 05:03:44.095,1.17802,1.17804,1.69,1.00
2018.09.21 05:03:44.812,1.17803,1.17805,1.25,3.00
2018.09.21 05:03:45.846,1.17803,1.17804,1.25,1.00
2018.09.21 05:03:49.569,1.17803,1.17805,1.25,3.00
2018.09.21 05:03:50.755,1.17803,1.17804,1.25,1.00
2018.09.21 05:03:55.449,1.17803,1.17805,1.25,2.25
2018.09.21 05:03:55.607,1.17802,1.17803,1.69,1.00
2018.09.21 05:03:56.291,1.17805,1.17806,4.35,1.10
2018.09.21 05:03:56.345,1.17805,1.17808,5.93,1.12
2018.09.21 05:03:56.957,1.17806,1.17809,1.31,1.00
2018.09.21 05:03:57.583,1.17807,1.17808,1.00,1.00
2018.09.21 05:03:59.101,1.17806,1.17809,4.69,1.00
2018.09.21 05:03:59.764,1.17806,1.1781,3.19,4.31
2018.09.21 05:04:00.422,1.17806,1.17809,5.44,1.50
2018.09.21 05:04:00.990,1.17806,1.1781,2.81,4.31
2018.09.21 05:04:01.513,1.17807,1.17809,1.20,1.50
2018.09.21 05:04:06.086,1.17806,1.1781,4.50,4.12
2018.09.21 05:04:06.761,1.17806,1.17809,6.00,1.00
2018.09.21 05:04:12.354,1.17806,1.1781,4.50,3.56
2018.09.21 05:04:13.131,1.17807,1.1781,1.00,2.81
2018.09.21 05:04:16.155,1.17806,1.1781,4.87,3.19
2018.09.21 05:04:16.842,1.17806,1.17809,6.37,1.00
2018.09.21 05:04:17.452,1.17806,1.1781,4.12,4.31
2018.09.21 05:04:18.796,1.17806,1.17809,3.37,1.00
2018.09.21 05:04:20.387,1.17806,1.1781,3.37,5.06
2018.09.21 05:04:21.114,1.17806,1.17809,5.62,1.00
2018.09.21 05:04:21.775,1.17807,1.17809,1.00,1.00
2018.09.21 05:04:22.648,1.17807,1.1781,1.00,3.75
2018.09.21 05:04:23.770,1.17807,1.17809,1.00,1.00
2018.09.21 05:04:24.576,1.17807,1.1781,1.00,3.75
2018.09.21 05:04:25.194,1.17807,1.17809,1.00,1.00
2018.09.21 05:04:25.744,1.17806,1.1781,3.64,4.69
2018.09.21 05:04:29.761,1.17806,1.17809,5.14,1.00
2018.09.21 05:04:33.116,1.17806,1.1781,4.01,2.81
2018.09.21 05:04:35.990,1.17807,1.1781,1.00,6.19
2018.09.21 05:04:51.838,1.17807,1.1781,3.26,6.56
2018.09.21 05:04:53.038,1.17807,1.1781,4.20,7.31
2018.09.21 05:04:55.378,1.17807,1.1781,3.26,6.19
2018.09.21 05:04:56.085,1.17807,1.1781,4.20,9.19
2018.09.21 05:04:56.878,1.17807,1.1781,3.26,7.31
2018.09.21 05:04:57.387,1.17807,1.1781,4.20,9.19
2018.09.21 05:04:58.443,1.17807,1.1781,1.10,3.37
2018.09.21 05:04:58.992,1.17808,1.1781,3.26,1.00
2018.09.21 05:05:13.954,1.17808,1.1781,2.51,1.25
2018.09.21 05:05:14.499,1.17808,1.1781,1.50,1.31
2018.09.21 05:05:14.920,1.17806,1.17807,4.57,1.50
2018.09.21 05:05:14.973,1.17805,1.17806,1.12,3.37
2018.09.21 05:05:15.590,1.17803,1.17805,2.89,1.25
2018.09.21 05:05:17.784,1.17807,1.17808,2.06,4.57
2018.09.21 05:05:17.888,1.17806,1.1781,5.74,1.50
2018.09.21 05:05:19.156,1.17806,1.1781,6.07,5.81
2018.09.21 05:05:20.753,1.17806,1.1781,5.14,3.94
2018.09.21 05:05:21.255,1.17808,1.1781,1.00,3.37
2018.09.21 05:05:25.087,1.17808,1.1781,1.00,1.87
2018.09.21 05:05:31.155,1.17808,1.1781,1.00,3.19
2018.09.21 05:05:33.409,1.17808,1.1781,1.00,2.81
2018.09.21 05:05:34.705,1.17807,1.17808,1.87,1.00
2018.09.21 05:05:35.425,1.17808,1.17809,1.00,1.12
2018.09.21 05:05:46.484,1.17808,1.1781,1.00,1.87
2018.09.21 05:05:48.536,1.17808,1.1781,1.00,1.69
2018.09.21 05:05:49.103,1.17808,1.1781,1.00,3.94
2018.09.21 05:05:49.613,1.17808,1.1781,1.00,3.19
2018.09.21 05:05:50.145,1.17806,1.17807,2.62,1.00
2018.09.21 05:05:50.252,1.17804,1.17807,1.10,3.94
2018.09.21 05:05:50.358,1.17806,1.17808,1.87,2.25
2018.09.21 05:05:50.906,1.17807,1.17809,1.50,1.87
2018.09.21 05:06:00.049,1.17807,1.1781,2.25,2.06
2018.09.21 05:06:01.016,1.17807,1.1781,1.00,1.50
2018.09.21 05:06:07.368,1.17808,1.1781,1.00,1.50
2018.09.21 05:06:10.117,1.17808,1.17809,1.00,1.00
2018.09.21 05:06:11.028,1.17808,1.1781,1.00,2.25
2018.09.21 05:06:18.179,1.17808,1.1781,1.00,1.69
2018.09.21 05:06:19.970,1.17809,1.17811,4.72,5.25
2018.09.21 05:06:20.133,1.1781,1.17813,1.50,1.12
2018.09.21 05:06:23.330,1.1781,1.17814,1.50,6.19
2018.09.21 05:06:26.871,1.1781,1.17813,2.32,1.50
2018.09.21 05:06:28.947,1.1781,1.17814,1.57,3.75
2018.09.21 05:06:29.298,1.17812,1.17814,1.00,1.00
2018.09.21 05:06:31.430,1.17812,1.17814,3.94,1.00
2018.09.21 05:06:31.767,1.17817,1.17818,1.20,1.00
2018.09.21 05:06:34.880,1.17817,1.1782,1.20,3.75
2018.09.21 05:06:41.333,1.17817,1.17818,1.12,1.25
2018.09.21 05:06:42.383,1.17817,1.17819,1.12,2.06
2018.09.21 05:06:43.029,1.17817,1.17818,1.12,1.25
2018.09.21 05:06:43.287,1.17812,1.17815,2.70,1.50
2018.09.21 05:06:43.996,1.17812,1.17814,1.20,1.00
2018.09.21 05:06:44.533,1.17812,1.17815,1.12,2.62
2018.09.21 05:06:45.983,1.17811,1.17814,6.82,1.00
2018.09.21 05:06:46.487,1.17811,1.17815,6.07,3.00
2018.09.21 05:06:48.286,1.17811,1.17814,3.82,1.00
2018.09.21 05:06:51.046,1.17811,1.17815,3.07,4.12
2018.09.21 05:06:52.374,1.17813,1.17815,1.00,4.31
2018.09.21 05:06:52.896,1.17811,1.17815,3.45,6.94
2018.09.21 05:06:55.174,1.17811,1.17815,2.89,8.63
2018.09.21 05:06:57.081,1.17811,1.17815,2.70,2.25
2018.09.21 05:06:57.646,1.17811,1.17814,4.20,1.00
2018.09.21 05:06:58.396,1.17811,1.17815,2.70,4.31
2018.09.21 05:06:59.536,1.17811,1.17814,4.20,1.00
2018.09.21 05:07:00.054,1.17812,1.17815,1.57,2.62
2018.09.21 05:07:00.582,1.17815,1.17816,2.10,2.44
2018.09.21 05:07:00.959,1.17817,1.17819,1.00,2.62
2018.09.21 05:07:10.933,1.17815,1.17819,2.32,8.25
2018.09.21 05:07:11.040,1.17814,1.17815,1.00,1.50
2018.09.21 05:07:11.549,1.17813,1.17815,1.50,2.44
2018.09.21 05:07:12.065,1.17812,1.17815,2.89,1.69
2018.09.21 05:07:12.608,1.17812,1.17815,1.95,1.25
2018.09.21 05:07:14.588,1.17814,1.17815,1.00,1.25
2018.09.21 05:07:17.304,1.17812,1.17814,1.87,1.00
2018.09.21 05:07:17.815,1.17813,1.17814,1.00,1.00
2018.09.21 05:07:19.339,1.17813,1.17815,1.00,1.12
2018.09.21 05:07:38.438,1.17813,1.17815,1.00,1.19
2018.09.21 05:07:38.973,1.17813,1.17816,1.00,2.25
2018.09.21 05:07:40.924,1.17813,1.17816,1.00,5.62
2018.09.21 05:07:41.606,1.17813,1.17816,1.10,11.25
2018.09.21 05:07:42.403,1.17813,1.17816,1.10,7.31
2018.09.21 05:07:44.141,1.17813,1.17816,1.10,2.62
2018.09.21 05:07:46.370,1.17813,1.17816,1.10,6.75
2018.09.21 05:07:46.777,1.17811,1.17815,3.45,3.56
2018.09.21 05:07:47.366,1.17811,1.17815,4.76,12.00
2018.09.21 05:07:47.916,1.17811,1.17815,3.82,5.63
2018.09.21 05:07:48.712,1.17811,1.17815,4.76,7.88
2018.09.21 05:07:49.259,1.1781,1.17811,1.57,2.10
2018.09.21 05:07:49.469,1.17807,1.17809,1.50,1.00
2018.09.21 05:07:50.473,1.17807,1.1781,1.50,3.04
2018.09.21 05:07:52.592,1.17809,1.17811,2.85,3.75
2018.09.21 05:07:52.647,1.1781,1.17812,1.72,6.45
2018.09.21 05:07:52.754,1.17812,1.17815,1.00,3.07
2018.09.21 05:07:52.861,1.17814,1.17817,1.00,2.06
2018.09.21 05:07:53.530,1.17814,1.17816,2.32,1.00
2018.09.21 05:07:54.189,1.17814,1.17817,2.51,1.50
2018.09.21 05:07:54.754,1.17815,1.17817,1.50,1.31
2018.09.21 05:07:57.638,1.17815,1.17818,2.44,1.00
2018.09.21 05:07:57.690,1.17817,1.17819,1.00,1.00
2018.09.21 05:07:57.949,1.17822,1.17825,1.12,1.57
2018.09.21 05:07:58.529,1.17823,1.17825,1.00,2.81
2018.09.21 05:07:59.053,1.17823,1.17825,1.00,2.06
2018.09.21 05:07:59.752,1.17823,1.17825,1.00,1.31
2018.09.21 05:08:00.502,1.17823,1.17825,1.00,2.06
2018.09.21 05:08:01.500,1.17823,1.17825,1.00,1.25
2018.09.21 05:08:02.030,1.17821,1.17823,1.20,2.63
2018.09.21 05:08:02.338,1.17818,1.17821,2.32,3.56
2018.09.21 05:08:02.877,1.17818,1.17821,1.00,4.69
2018.09.21 05:08:04.062,1.17818,1.1782,1.00,1.50
2018.09.21 05:08:04.844,1.17818,1.17821,1.00,7.31
2018.09.21 05:08:06.354,1.17818,1.17821,1.00,8.81
2018.09.21 05:08:06.915,1.17817,1.1782,1.00,7.20
2018.09.21 05:08:07.494,1.17817,1.17819,1.00,1.50
2018.09.21 05:08:09.655,1.17819,1.1782,1.69,1.69
2018.09.21 05:08:09.820,1.17821,1.17823,1.00,1.50
2018.09.21 05:08:10.936,1.17821,1.17823,1.00,2.81
2018.09.21 05:08:11.477,1.17822,1.17824,1.00,5.81
2018.09.21 05:08:11.988,1.17822,1.17823,1.00,1.87
2018.09.21 05:08:13.056,1.17822,1.17824,1.00,6.19
2018.09.21 05:08:13.286,1.17827,1.17828,1.00,1.12
2018.09.21 05:08:13.347,1.17827,1.1783,1.00,3.00
2018.09.21 05:08:13.892,1.17827,1.1783,3.00,4.87
2018.09.21 05:08:14.924,1.17826,1.17829,1.00,2.70
2018.09.21 05:08:15.896,1.17827,1.17829,1.00,1.25
2018.09.21 05:08:18.072,1.17824,1.17825,1.00,1.25
2018.09.21 05:08:18.621,1.17823,1.17825,1.50,2.25
2018.09.21 05:08:20.890,1.17823,1.17826,1.10,10.69
2018.09.21 05:08:21.596,1.17823,1.17825,1.10,1.00
2018.09.21 05:08:22.697,1.17823,1.17825,2.92,1.00
2018.09.21 05:08:22.903,1.17831,1.17835,1.50,5.25
2018.09.21 05:08:23.531,1.17832,1.17835,1.50,1.87
2018.09.21 05:08:24.388,1.17832,1.17834,2.25,1.00
2018.09.21 05:08:24.905,1.17832,1.17835,1.50,3.00
2018.09.21 05:08:26.693,1.17832,1.17834,2.25,1.00
2018.09.21 05:08:27.307,1.17831,1.17835,5.06,2.62
2018.09.21 05:08:28.380,1.17832,1.17834,1.12,1.25
2018.09.21 05:08:28.912,1.17832,1.17835,1.69,4.12
2018.09.21 05:08:29.468,1.17832,1.17834,2.44,1.00
2018.09.21 05:08:30.336,1.17832,1.17835,1.25,1.20
2018.09.21 05:08:32.222,1.17832,1.17834,1.76,1.00
2018.09.21 05:08:33.946,1.17833,1.17835,1.00,1.87
2018.09.21 05:08:34.768,1.17833,1.17835,1.00,1.12
2018.09.21 05:08:39.064,1.17835,1.17837,1.69,2.44
2018.09.21 05:08:39.252,1.17837,1.17839,1.00,1.00
2018.09.21 05:08:39.795,1.17837,1.1784,1.01,3.68
2018.09.21 05:08:40.764,1.17837,1.17839,1.31,2.06
2018.09.21 05:08:41.329,1.17837,1.1784,1.31,4.69
2018.09.21 05:08:44.523,1.17837,1.17839,1.31,1.31
2018.09.21 05:08:45.406,1.17837,1.1784,1.25,2.06
2018.09.21 05:08:45.886,1.17837,1.17838,1.00,1.00
2018.09.21 05:08:46.139,1.17836,1.1784,3.56,2.62
2018.09.21 05:08:47.677,1.17837,1.17839,1.00,1.00
2018.09.21 05:08:48.206,1.17837,1.1784,1.00,2.32
2018.09.21 05:08:48.762,1.17837,1.17839,1.50,1.00
2018.09.21 05:08:49.417,1.17837,1.1784,1.00,4.20
2018.09.21 05:08:50.293,1.17837,1.17841,3.75,5.36
2018.09.21 05:08:51.097,1.17837,1.17839,2.62,1.00
2018.09.21 05:08:51.743,1.17837,1.1784,2.62,1.00
2018.09.21 05:08:53.143,1.17837,1.17841,1.87,4.50
2018.09.21 05:08:54.694,1.17837,1.1784,1.69,4.12
2018.09.21 05:08:55.558,1.17837,1.17839,1.76,1.00
2018.09.21 05:08:56.078,1.17837,1.1784,1.76,3.37
2018.09.21 05:08:57.142,1.17837,1.17839,1.76,1.00
2018.09.21 05:09:01.328,1.17837,1.17839,1.69,1.00
2018.09.21 05:09:01.978,1.17837,1.17839,1.00,1.00
2018.09.21 05:09:02.397,1.17835,1.17836,2.32,1.00
2018.09.21 05:09:02.501,1.17833,1.17836,2.70,5.25
2018.09.21 05:09:02.658,1.17834,1.17837,6.45,1.12
2018.09.21 05:09:02.975,1.17837,1.17839,1.00,2.25
2018.09.21 05:09:03.557,1.17837,1.17839,1.00,3.75
2018.09.21 05:09:04.528,1.17835,1.17837,2.32,1.87
2018.09.21 05:09:04.631,1.17833,1.17836,1.57,3.75
2018.09.21 05:09:05.180,1.17832,1.17836,3.00,3.00
2018.09.21 05:09:05.686,1.17832,1.17836,1.00,8.25
2018.09.21 05:09:06.801,1.17832,1.17835,1.00,5.62
2018.09.21 05:09:07.287,1.17833,1.17836,5.89,4.50
2018.09.21 05:09:07.442,1.17836,1.17839,2.25,1.50
2018.09.21 05:09:08.369,1.17837,1.17839,1.00,1.50
2018.09.21 05:09:08.916,1.17836,1.17839,1.87,3.37
2018.09.21 05:09:12.708,1.17834,1.17835,4.50,1.69
2018.09.21 05:09:12.778,1.17832,1.17834,1.50,1.12
2018.09.21 05:09:13.256,1.17834,1.17836,1.00,6.37
2018.09.21 05:09:13.546,1.17835,1.17838,1.87,1.95
2018.09.21 05:09:14.253,1.17836,1.17838,1.00,3.56
2018.09.21 05:09:14.904,1.17836,1.17839,3.19,5.06
2018.09.21 05:09:15.322,1.17836,1.1784,3.56,4.31
2018.09.21 05:09:15.942,1.17836,1.17839,5.81,1.00
2018.09.21 05:09:16.598,1.17837,1.17839,1.00,1.00
2018.09.21 05:09:17.109,1.17837,1.1784,1.00,4.01
2018.09.21 05:09:17.317,1.17839,1.17841,1.57,1.37
2018.09.21 05:09:17.425,1.1784,1.17842,1.50,1.50
2018.09.21 05:09:18.008,1.17841,1.17844,2.51,1.12
2018.09.21 05:09:23.143,1.17842,1.17843,1.00,1.00
2018.09.21 05:09:23.403,1.1784,1.17843,2.70,1.12
2018.09.21 05:09:24.194,1.17839,1.17843,3.26,1.50
2018.09.21 05:09:25.273,1.1784,1.17843,1.25,1.69
2018.09.21 05:09:25.925,1.17839,1.17843,4.39,1.50
2018.09.21 05:09:27.018,1.1784,1.17843,1.00,3.00
2018.09.21 05:09:27.564,1.17839,1.17843,3.64,1.50
2018.09.21 05:09:28.114,1.1784,1.17843,1.10,3.75
2018.09.21 05:09:30.657,1.17839,1.17843,4.95,1.31
2018.09.21 05:09:31.451,1.17839,1.17843,3.64,1.12
2018.09.21 05:09:31.981,1.17839,1.17841,2.32,1.00
2018.09.21 05:09:32.187,1.17837,1.17841,1.20,7.50
2018.09.21 05:09:32.827,1.17837,1.17841,1.00,4.50
2018.09.21 05:09:34.075,1.17837,1.1784,1.10,1.00
2018.09.21 05:09:34.657,1.17837,1.17841,1.10,9.45
2018.09.21 05:09:34.800,1.17837,1.17839,1.10,1.00
2018.09.21 05:09:35.159,1.17838,1.17841,1.10,3.56
2018.09.21 05:09:35.704,1.17837,1.17841,1.50,7.50
2018.09.21 05:09:36.220,1.17837,1.1784,1.12,1.00
2018.09.21 05:09:36.765,1.17837,1.17841,1.12,6.75
2018.09.21 05:09:37.300,1.17836,1.1784,4.20,2.25
2018.09.21 05:09:38.586,1.17836,1.1784,2.89,1.50
2018.09.21 05:09:43.079,1.17836,1.1784,5.14,3.19
2018.09.21 05:09:43.387,1.17836,1.17838,2.51,1.00
2018.09.21 05:09:43.443,1.17836,1.1784,1.20,8.44
2018.09.21 05:09:43.985,1.17837,1.1784,1.00,3.19
2018.09.21 05:09:45.040,1.17836,1.1784,2.89,2.25
2018.09.21 05:09:51.485,1.17836,1.1784,3.07,4.69
2018.09.21 05:09:52.250,1.17836,1.1784,1.39,2.25
2018.09.21 05:09:54.087,1.17837,1.1784,1.00,1.00
2018.09.21 05:10:06.033,1.17837,1.17839,2.62,1.00
2018.09.21 05:10:09.879,1.17837,1.1784,1.87,1.50
2018.09.21 05:10:09.932,1.17836,1.17838,3.75,1.00
2018.09.21 05:10:16.274,1.17837,1.1784,1.12,4.76
2018.09.21 05:10:17.171,1.17837,1.1784,3.75,4.20
2018.09.21 05:10:24.129,1.17836,1.1784,6.64,3.07
2018.09.21 05:10:27.321,1.17837,1.17839,1.12,1.00
2018.09.21 05:10:27.874,1.17836,1.1784,6.45,3.82
2018.09.21 05:10:29.662,1.17836,1.17839,7.39,1.25
2018.09.21 05:10:30.188,1.17836,1.1784,7.57,3.82
2018.09.21 05:10:31.275,1.17837,1.17839,4.50,1.00
2018.09.21 05:10:35.125,1.17837,1.17839,1.12,1.00
2018.09.21 05:10:38.375,1.17836,1.1784,6.64,3.45
2018.09.21 05:10:48.389,1.17837,1.17839,1.95,1.25
2018.09.21 05:10:48.958,1.17837,1.1784,1.12,2.25
2018.09.21 05:10:49.630,1.17837,1.17839,1.87,1.00
2018.09.21 05:10:50.175,1.17837,1.17839,2.44,1.25
2018.09.21 05:10:50.695,1.17837,1.1784,1.20,2.25
2018.09.21 05:10:52.454,1.17836,1.1784,3.26,3.94
2018.09.21 05:10:53.157,1.17837,1.17839,1.25,1.25
2018.09.21 05:10:54.335,1.17836,1.1784,4.01,3.19
2018.09.21 05:10:55.134,1.17836,1.17839,4.01,1.25
2018.09.21 05:10:55.686,1.17836,1.1784,1.95,2.62
2018.09.21 05:10:56.272,1.17836,1.17839,1.95,1.00
2018.09.21 05:10:56.820,1.17837,1.1784,1.00,4.12
2018.09.21 05:10:57.354,1.17836,1.1784,1.95,1.50
2018.09.21 05:11:01.600,1.17836,1.1784,1.95,6.00
2018.09.21 05:11:04.296,1.17836,1.17838,2.25,4.69
2018.09.21 05:11:04.822,1.17836,1.17838,3.19,2.81
2018.09.21 05:11:19.772,1.17837,1.17839,1.12,3.19
2018.09.21 05:11:20.487,1.17837,1.17838,1.12,1.00
2018.09.21 05:11:21.147,1.17837,1.17839,1.12,3.00
2018.09.21 05:11:21.738,1.17837,1.17838,1.12,1.00
2018.09.21 05:11:24.365,1.17837,1.17839,1.12,3.75
2018.09.21 05:11:25.004,1.17837,1.17838,1.12,1.00
2018.09.21 05:11:26.064,1.17837,1.17839,1.12,3.94
2018.09.21 05:11:27.418,1.17837,1.17838,1.12,1.00
2018.09.21 05:11:27.922,1.17837,1.17839,1.12,2.25
2018.09.21 05:11:29.601,1.17838,1.1784,1.00,1.37
2018.09.21 05:11:34.323,1.17838,1.1784,1.00,1.00
2018.09.21 05:11:46.492,1.17837,1.1784,1.50,1.00
2018.09.21 05:11:48.230,1.17837,1.17839,1.00,1.12
2018.09.21 05:11:49.221,1.17836,1.17839,2.70,2.25
2018.09.21 05:11:50.799,1.17836,1.17839,3.07,1.00
2018.09.21 05:11:51.555,1.17836,1.17839,2.32,1.00
2018.09.21 05:11:53.417,1.17836,1.1784,3.82,3.37
2018.09.21 05:11:53.941,1.17836,1.17839,3.82,1.00
2018.09.21 05:11:54.525,1.17836,1.1784,4.95,4.12
2018.09.21 05:11:55.218,1.17837,1.17839,1.00,1.00
2018.09.21 05:11:57.088,1.17837,1.1784,1.00,2.25
2018.09.21 05:11:57.612,1.17836,1.1784,3.07,1.50
2018.09.21 05:11:58.215,1.17837,1.17839,1.00,1.00
2018.09.21 05:12:00.021,1.17836,1.17839,2.70,1.00
2018.09.21 05:12:00.558,1.17837,1.1784,1.00,2.25
2018.09.21 05:12:01.229,1.17836,1.17839,2.70,1.00
2018.09.21 05:12:01.741,1.17836,1.1784,5.32,3.37
2018.09.21 05:12:02.313,1.17836,1.1784,5.70,1.87
2018.09.21 05:12:02.940,1.1784,1.17841,1.00,4.20
2018.09.21 05:12:03.046,1.17844,1.17845,1.00,1.00
2018.09.21 05:12:03.312,1.17844,1.17847,7.01,2.25
2018.09.21 05:12:03.899,1.17843,1.17846,1.50,6.00
2018.09.21 05:12:04.527,1.17843,1.17845,1.00,1.00
2018.09.21 05:12:05.104,1.17842,1.17845,1.00,7.69
2018.09.21 05:12:05.631,1.17842,1.17844,1.50,1.00
2018.09.21 05:12:06.196,1.17841,1.17845,5.32,1.50
2018.09.21 05:12:06.786,1.17842,1.17845,1.00,1.50
2018.09.21 05:12:07.563,1.17842,1.17846,1.00,7.69
2018.09.21 05:12:08.096,1.17842,1.17845,1.00,1.50
2018.09.21 05:12:08.986,1.17842,1.17846,1.00,8.06
2018.09.21 05:12:09.543,1.17842,1.17845,1.00,1.00
2018.09.21 05:12:15.307,1.17842,1.17844,1.00,2.25
2018.09.21 05:12:15.809,1.17842,1.17845,1.00,7.50
2018.09.21 05:12:16.371,1.17842,1.17844,1.00,1.25
2018.09.21 05:12:17.917,1.17842,1.17845,1.00,9.37
2018.09.21 05:12:18.435,1.17842,1.17844,1.00,1.00
2018.09.21 05:12:19.231,1.17842,1.17845,1.00,7.12
2018.09.21 05:12:19.830,1.17842,1.17844,1.00,1.25
2018.09.21 05:12:20.260,1.17839,1.1784,1.95,1.25
2018.09.21 05:12:20.406,1.17838,1.17839,1.00,1.00
2018.09.21 05:12:25.223,1.17837,1.17839,1.50,1.50
2018.09.21 05:12:28.281,1.17838,1.17839,1.00,1.00
2018.09.21 05:12:34.186,1.17839,1.1784,1.00,1.50
2018.09.21 05:12:34.712,1.17838,1.17839,1.00,1.00
2018.09.21 05:12:37.571,1.17837,1.17841,1.39,9.07
2018.09.21 05:12:38.310,1.17838,1.17841,3.19,5.25
2018.09.21 05:12:38.414,1.1784,1.17843,1.87,1.12
2018.09.21 05:12:39.024,1.1784,1.17843,2.25,1.12
2018.09.21 05:12:39.711,1.17841,1.17843,2.25,1.87
2018.09.21 05:12:42.074,1.17841,1.17843,1.31,1.12
2018.09.21 05:12:43.106,1.17841,1.17843,1.62,1.12
2018.09.21 05:12:44.068,1.17841,1.17843,1.00,2.62
2018.09.21 05:12:49.612,1.17844,1.17846,1.69,1.12
2018.09.21 05:12:49.725,1.17844,1.17848,2.06,7.01
2018.09.21 05:12:50.064,1.17844,1.17845,1.00,1.50
2018.09.21 05:12:50.251,1.17842,1.17844,1.00,2.25
2018.09.21 05:12:51.148,1.17839,1.17843,3.00,3.19
2018.09.21 05:12:51.201,1.17839,1.17841,2.25,3.00
2018.09.21 05:12:51.304,1.17836,1.17839,3.00,1.25
2018.09.21 05:12:59.755,1.17836,1.17838,1.00,1.87
2018.09.21 05:12:59.807,1.17835,1.17838,1.12,4.87
2018.09.21 05:13:00.308,1.17834,1.17838,1.87,3.07
2018.09.21 05:13:02.744,1.17833,1.17837,1.87,4.39
2018.09.21 05:13:03.283,1.17833,1.17836,1.12,1.37
2018.09.21 05:13:05.807,1.17833,1.17837,4.31,4.95
2018.09.21 05:13:05.911,1.17835,1.17839,1.12,5.70
2018.09.21 05:13:06.412,1.17836,1.17838,1.00,2.70
2018.09.21 05:13:06.952,1.17835,1.17839,2.25,4.57
2018.09.21 05:13:07.161,1.17833,1.17837,4.69,2.06
2018.09.21 05:13:08.875,1.17833,1.17836,3.56,1.10
2018.09.21 05:13:09.423,1.17833,1.17837,2.06,4.95
2018.09.21 05:13:09.936,1.17833,1.17837,1.87,4.01
2018.09.21 05:13:23.932,1.17832,1.17836,4.20,1.76
2018.09.21 05:13:24.500,1.17832,1.17835,1.00,5.89
2018.09.21 05:13:25.050,1.17831,1.17835,2.62,4.95
2018.09.21 05:13:25.625,1.17832,1.17834,1.12,1.00
2018.09.21 05:13:26.213,1.17832,1.17835,1.12,2.32
2018.09.21 05:13:27.007,1.17833,1.17835,1.00,4.39
2018.09.21 05:13:28.254,1.17832,1.17835,1.12,2.14
2018.09.21 05:13:29.121,1.17831,1.17835,5.62,6.64
2018.09.21 05:13:30.171,1.17832,1.17834,1.00,2.32
2018.09.21 05:13:31.295,1.17832,1.17833,1.00,1.00
2018.09.21 05:13:31.623,1.17829,1.17831,1.50,7.01
2018.09.21 05:13:31.726,1.17827,1.1783,2.25,5.44
2018.09.21 05:13:32.248,1.17826,1.17829,1.00,2.62
2018.09.21 05:13:32.760,1.17825,1.17828,1.12,1.31
2018.09.21 05:13:33.808,1.17825,1.17827,1.31,1.00
2018.09.21 05:13:34.435,1.17825,1.17828,1.87,3.56
2018.09.21 05:13:35.140,1.17825,1.17828,1.87,2.89
2018.09.21 05:13:35.698,1.17825,1.17827,2.06,1.25
2018.09.21 05:13:36.410,1.17825,1.17828,1.50,2.89
2018.09.21 05:13:37.171,1.17825,1.17827,2.44,1.25
2018.09.21 05:13:38.211,1.17825,1.17828,2.25,3.56
2018.09.21 05:13:38.727,1.17825,1.17827,3.00,1.00
2018.09.21 05:13:40.249,1.17825,1.17827,2.62,1.00
2018.09.21 05:13:40.755,1.17825,1.17829,1.12,7.95
2018.09.21 05:13:41.593,1.17826,1.17828,1.00,1.12
2018.09.21 05:13:42.180,1.17825,1.17829,4.31,5.06
2018.09.21 05:13:42.758,1.17825,1.17829,5.06,5.62
2018.09.21 05:13:43.373,1.17825,1.17829,2.06,4.69
2018.09.21 05:13:43.898,1.17825,1.17829,1.12,5.14
2018.09.21 05:13:44.411,1.17826,1.17828,1.00,1.57
2018.09.21 05:13:46.339,1.17825,1.17829,1.87,6.26
2018.09.21 05:13:46.989,1.17825,1.17829,3.37,6.56
2018.09.21 05:13:48.144,1.17825,1.17828,4.87,1.00
2018.09.21 05:13:48.672,1.17825,1.17829,2.62,4.69
2018.09.21 05:13:49.439,1.17825,1.17828,3.37,1.00
2018.09.21 05:13:50.075,1.17825,1.17829,2.89,3.64
2018.09.21 05:13:52.375,1.17825,1.17828,5.89,1.00
2018.09.21 05:13:52.973,1.17825,1.17829,5.51,5.32
2018.09.21 05:13:53.488,1.17825,1.17829,1.12,4.76
2018.09.21 05:13:54.204,1.17826,1.17829,1.00,4.39
2018.09.21 05:13:54.721,1.17826,1.17828,1.00,1.50
2018.09.21 05:13:58.781,1.17825,1.17829,2.62,5.14
2018.09.21 05:14:01.444,1.17825,1.17829,3.19,4.57
2018.09.21 05:14:03.027,1.17825,1.17829,3.19,3.64
2018.09.21 05:14:03.586,1.17826,1.17829,2.25,1.20
2018.09.21 05:14:03.640,1.17828,1.1783,3.19,1.10
2018.09.21 05:14:03.745,1.17829,1.17832,1.50,2.62
2018.09.21 05:14:04.007,1.17827,1.1783,3.82,3.56
2018.09.21 05:14:10.618,1.17826,1.17828,1.69,1.00
2018.09.21 05:14:17.144,1.17826,1.17828,1.00,2.51
2018.09.21 05:14:17.765,1.17823,1.17826,10.12,3.94
2018.09.21 05:14:17.869,1.17823,1.17824,1.00,1.25
2018.09.21 05:14:18.127,1.17821,1.17824,2.62,1.25
2018.09.21 05:14:18.181,1.1782,1.17821,4.95,1.69
2018.09.21 05:14:18.730,1.1782,1.17822,1.00,2.62
2018.09.21 05:14:20.395,1.17818,1.1782,1.12,6.37
2018.09.21 05:14:20.606,1.17816,1.17819,1.57,3.56
2018.09.21 05:14:20.717,1.17815,1.17816,1.00,1.00
2018.09.21 05:14:27.384,1.17816,1.17817,1.00,1.00
2018.09.21 05:14:27.436,1.17816,1.17818,1.87,1.57
2018.09.21 05:14:27.943,1.17815,1.17818,1.00,1.25
2018.09.21 05:14:28.509,1.17816,1.17819,1.31,3.19
2018.09.21 05:14:30.086,1.17816,1.17819,1.12,1.00
2018.09.21 05:14:30.616,1.17816,1.1782,1.12,2.51
2018.09.21 05:14:32.653,1.17818,1.17821,1.00,9.00
2018.09.21 05:14:32.838,1.1782,1.17823,1.00,1.50
2018.09.21 05:14:33.678,1.17821,1.17824,1.12,2.81
2018.09.21 05:14:34.281,1.17821,1.17824,1.50,2.62
2018.09.21 05:14:37.382,1.17821,1.17824,1.25,1.69
2018.09.21 05:14:37.965,1.1782,1.17824,6.64,2.25
2018.09.21 05:14:38.613,1.17821,1.17824,1.25,2.44
2018.09.21 05:14:39.152,1.1782,1.17823,2.44,1.25
2018.09.21 05:14:40.235,1.1782,1.17824,1.50,4.50
2018.09.21 05:14:40.434,1.1782,1.17823,2.25,1.69
2018.09.21 05:14:43.223,1.17819,1.17821,1.00,1.69
2018.09.21 05:14:43.541,1.17817,1.1782,3.00,1.31
2018.09.21 05:14:45.933,1.17817,1.1782,3.75,1.12
2018.09.21 05:14:46.093,1.17819,1.17822,3.37,4.12
2018.09.21 05:14:46.199,1.1782,1.17824,7.76,1.12
2018.09.21 05:14:46.546,1.17824,1.17826,1.69,2.25
2018.09.21 05:14:47.586,1.17824,1.17827,3.07,1.12
2018.09.21 05:14:47.691,1.17826,1.17828,1.00,1.12
2018.09.21 05:14:51.023,1.17827,1.17828,1.00,1.00
2018.09.21 05:14:51.605,1.17827,1.17829,1.25,1.00
2018.09.21 05:15:02.649,1.17828,1.1783,5.25,1.00
2018.09.21 05:15:02.861,1.1783,1.17834,2.32,2.81
2018.09.21 05:15:03.403,1.17831,1.17833,1.10,1.00
2018.09.21 05:15:04.205,1.17832,1.17833,1.00,1.00
2018.09.21 05:15:04.756,1.17832,1.17834,1.00,1.69
2018.09.21 05:15:05.268,1.17831,1.17833,1.00,1.12
2018.09.21 05:15:06.108,1.1783,1.17832,1.69,1.00
2018.09.21 05:15:08.935,1.1783,1.17834,5.06,1.50
2018.09.21 05:15:09.050,1.17832,1.17835,1.00,4.57
2018.09.21 05:15:09.761,1.17831,1.17834,2.32,1.50
2018.09.21 05:15:10.107,1.1783,1.17833,2.25,1.37
2018.09.21 05:15:17.466,1.1783,1.17834,4.01,1.12
2018.09.21 05:15:18.003,1.17832,1.17834,1.00,1.12
2018.09.21 05:15:19.371,1.17832,1.17833,1.00,1.00
2018.09.21 05:15:19.885,1.17831,1.17833,1.00,1.37
2018.09.21 05:15:20.042,1.17832,1.17834,1.00,4.12
2018.09.21 05:15:23.304,1.17832,1.17836,3.45,5.25
2018.09.21 05:15:23.805,1.17832,1.17836,3.26,2.25
2018.09.21 05:15:26.424,1.17832,1.17836,3.26,2.62
2018.09.21 05:15:27.106,1.17832,1.17836,3.26,3.00
2018.09.21 05:15:27.633,1.17833,1.17836,1.12,4.12
2018.09.21 05:15:28.158,1.17833,1.17837,4.76,2.62
2018.09.21 05:15:31.737,1.17835,1.17837,1.00,1.87
2018.09.21 05:15:32.070,1.17837,1.17839,1.12,2.70
2018.09.21 05:15:32.581,1.17837,1.17839,6.07,1.12
2018.09.21 05:15:33.203,1.17837,1.17841,2.89,5.62
2018.09.21 05:15:33.311,1.17835,1.17839,6.07,2.25
2018.09.21 05:15:33.363,1.17835,1.17838,4.01,1.69
2018.09.21 05:15:34.063,1.17835,1.17838,1.50,1.00
2018.09.21 05:15:34.942,1.17835,1.17839,1.10,2.25
2018.09.21 05:15:35.861,1.17835,1.17838,2.25,2.25
2018.09.21 05:15:36.173,1.17834,1.17837,2.44,1.47
2018.09.21 05:15:36.584,1.17834,1.17838,4.01,3.00
2018.09.21 05:15:37.136,1.17834,1.17838,4.95,3.56
2018.09.21 05:15:37.650,1.17834,1.17838,4.01,2.62
2018.09.21 05:15:38.166,1.17835,1.17838,1.10,3.37
2018.09.21 05:15:38.797,1.17835,1.17838,2.32,3.75
2018.09.21 05:15:40.446,1.17834,1.17838,4.39,2.62
2018.09.21 05:15:42.161,1.17836,1.17839,4.57,1.12
2018.09.21 05:15:42.696,1.17836,1.1784,4.76,3.37
2018.09.21 05:15:44.749,1.17836,1.17839,3.07,1.25
2018.09.21 05:15:48.115,1.17836,1.1784,4.39,3.37
2018.09.21 05:15:48.767,1.17836,1.1784,5.14,3.37
2018.09.21 05:15:49.314,1.17836,1.1784,4.39,3.37
2018.09.21 05:15:49.833,1.17837,1.1784,1.01,1.50
2018.09.21 05:15:54.471,1.17836,1.1784,5.89,1.12
2018.09.21 05:15:55.027,1.17837,1.1784,1.00,1.12
2018.09.21 05:15:55.590,1.17836,1.1784,5.14,1.12
2018.09.21 05:15:56.404,1.17836,1.1784,5.14,1.50
2018.09.21 05:16:00.357,1.17837,1.1784,1.31,1.50
2018.09.21 05:16:00.984,1.17837,1.1784,1.12,3.00
2018.09.21 05:16:04.933,1.17836,1.1784,5.70,2.06
2018.09.21 05:16:05.327,1.17838,1.1784,1.19,2.44
2018.09.21 05:16:05.379,1.17837,1.1784,1.25,2.44
2018.09.21 05:16:06.191,1.17837,1.17839,2.62,1.25
2018.09.21 05:16:06.944,1.17837,1.1784,1.25,2.44
2018.09.21 05:16:07.771,1.17837,1.1784,3.26,1.50
2018.09.21 05:16:08.035,1.1784,1.17841,1.00,1.10
2018.09.21 05:16:08.312,1.17841,1.17844,2.44,7.01
2018.09.21 05:16:09.524,1.17841,1.17843,3.19,1.00
2018.09.21 05:16:10.013,1.1784,1.17843,4.20,3.37
2018.09.21 05:16:10.674,1.1784,1.17841,1.50,1.12
2018.09.21 05:16:11.145,1.17838,1.17841,3.19,2.62
2018.09.21 05:16:11.683,1.17838,1.17842,3.00,8.62
2018.09.21 05:16:13.037,1.17839,1.17841,1.00,3.00
2018.09.21 05:16:13.672,1.17838,1.17841,4.50,1.50
2018.09.21 05:16:14.292,1.17838,1.17842,3.00,9.75
2018.09.21 05:16:15.241,1.17838,1.17841,1.50,1.25
2018.09.21 05:16:15.346,1.17837,1.1784,2.14,1.50
2018.09.21 05:16:15.984,1.17837,1.1784,3.19,3.37
2018.09.21 05:16:41.878,1.17836,1.17839,1.00,1.00
2018.09.21 05:16:49.933,1.17836,1.17839,2.70,1.00
2018.09.21 05:16:55.497,1.17836,1.1784,1.57,3.00
2018.09.21 05:16:57.752,1.17839,1.17841,1.69,1.50
2018.09.21 05:16:57.858,1.1784,1.17843,1.50,2.06
2018.09.21 05:16:58.414,1.17841,1.17844,1.95,4.50
2018.09.21 05:16:59.941,1.17842,1.17844,1.00,3.00
2018.09.21 05:17:03.396,1.17841,1.17843,2.25,1.00
2018.09.21 05:17:03.702,1.1784,1.17843,1.76,1.00
2018.09.21 05:17:05.630,1.17839,1.17842,5.51,1.00
2018.09.21 05:17:05.683,1.17839,1.1784,1.10,1.69
2018.09.21 05:17:05.788,1.17836,1.1784,3.07,2.25
2018.09.21 05:17:06.317,1.17837,1.1784,1.20,2.81
2018.09.21 05:17:06.369,1.17839,1.17841,1.00,3.45
2018.09.21 05:17:07.412,1.17837,1.17839,1.50,1.00
2018.09.21 05:17:14.157,1.17834,1.17836,3.45,1.00
2018.09.21 05:17:14.269,1.17832,1.17835,1.57,1.00
2018.09.21 05:17:16.126,1.17832,1.17835,2.14,1.00
2018.09.21 05:17:16.939,1.17832,1.17835,4.01,1.00
2018.09.21 05:17:18.534,1.17833,1.17835,1.00,1.00
2018.09.21 05:17:19.952,1.17832,1.17835,3.64,1.00
2018.09.21 05:17:20.453,1.17832,1.17835,4.01,1.12
2018.09.21 05:17:22.551,1.17832,1.17835,1.00,6.26
2018.09.21 05:17:23.068,1.17831,1.17835,3.26,3.26
2018.09.21 05:17:26.990,1.17831,1.17833,4.20,1.00
2018.09.21 05:17:27.513,1.17832,1.17833,1.00,1.00
2018.09.21 05:17:28.471,1.17832,1.17834,1.00,3.94
2018.09.21 05:17:29.070,1.17831,1.17833,1.69,1.25
2018.09.21 05:17:31.671,1.17831,1.17834,1.43,2.44
2018.09.21 05:17:32.190,1.17831,1.17834,2.37,1.00
2018.09.21 05:17:40.692,1.17831,1.17835,3.00,5.25
2018.09.21 05:17:41.187,1.17832,1.17833,1.00,1.00
2018.09.21 05:17:41.809,1.17832,1.17834,1.00,1.50
2018.09.21 05:17:48.350,1.17832,1.17833,1.00,1.25
2018.09.21 05:17:48.895,1.17832,1.17834,1.00,1.87
2018.09.21 05:17:50.106,1.17832,1.17833,1.00,1.00
2018.09.21 05:17:50.896,1.17832,1.17834,1.00,1.87
2018.09.21 05:17:52.421,1.17832,1.17836,4.31,2.62
2018.09.21 05:17:53.035,1.17832,1.17835,2.89,1.00
2018.09.21 05:17:53.543,1.17832,1.17836,1.50,12.49
2018.09.21 05:17:55.631,1.17831,1.17833,1.57,1.25
2018.09.21 05:17:56.566,1.17831,1.17834,1.01,2.06
2018.09.21 05:17:57.099,1.17831,1.17833,1.20,1.25
2018.09.21 05:17:58.085,1.17831,1.17834,1.01,2.06
2018.09.21 05:17:58.629,1.17831,1.17833,1.12,1.25
2018.09.21 05:17:59.249,1.17831,1.17834,1.25,2.51
2018.09.21 05:18:00.037,1.17831,1.17834,1.69,4.01
2018.09.21 05:18:00.247,1.1783,1.17833,1.50,1.50
2018.09.21 05:18:00.954,1.17829,1.17833,3.94,2.81
2018.09.21 05:18:01.575,1.17829,1.17833,2.06,5.06
2018.09.21 05:18:02.147,1.17829,1.17832,1.31,1.69
2018.09.21 05:18:04.598,1.17829,1.17832,1.25,2.81
2018.09.21 05:18:05.206,1.17829,1.17832,1.62,3.19
2018.09.21 05:18:07.237,1.17829,1.17832,1.31,1.69
2018.09.21 05:18:07.791,1.17829,1.17832,2.25,1.87
2018.09.21 05:18:08.112,1.1783,1.17833,3.37,2.06
2018.09.21 05:18:08.777,1.1783,1.17834,6.19,1.00
2018.09.21 05:18:10.482,1.17831,1.17834,1.31,4.87
2018.09.21 05:18:11.020,1.17831,1.17834,1.37,6.00
2018.09.21 05:18:11.522,1.17831,1.17834,1.62,6.00
2018.09.21 05:18:12.110,1.17831,1.17834,1.37,5.25
2018.09.21 05:18:12.832,1.17831,1.17834,1.62,4.87
2018.09.21 05:18:13.446,1.1783,1.17834,4.12,2.62
2018.09.21 05:18:16.036,1.1783,1.17834,3.56,2.06
2018.09.21 05:18:18.320,1.17831,1.17834,2.06,6.37
2018.09.21 05:18:25.669,1.17831,1.17834,1.12,3.56
2018.09.21 05:18:34.865,1.17829,1.17833,7.61,4.31
2018.09.21 05:18:35.077,1.17827,1.1783,1.50,1.25
2018.09.21 05:18:35.647,1.17826,1.1783,1.87,4.50
2018.09.21 05:18:36.197,1.17826,1.17829,2.25,1.00
2018.09.21 05:18:37.301,1.17826,1.1783,1.87,5.25
2018.09.21 05:18:38.190,1.17826,1.17829,2.62,1.00
2018.09.21 05:18:39.846,1.17826,1.1783,1.50,4.50
2018.09.21 05:18:43.289,1.17826,1.1783,1.87,6.75
2018.09.21 05:18:49.590,1.17826,1.17829,1.87,1.12
2018.09.21 05:19:00.876,1.17826,1.1783,2.06,2.62
2018.09.21 05:19:01.605,1.17826,1.17829,7.31,1.50
2018.09.21 05:19:02.125,1.17826,1.1783,2.81,3.37
2018.09.21 05:19:02.427,1.17826,1.17828,4.31,1.00
2018.09.21 05:19:02.585,1.17826,1.1783,2.06,5.25
2018.09.21 05:19:03.265,1.17826,1.17829,4.31,1.00
2018.09.21 05:19:03.923,1.17827,1.1783,1.00,3.56
2018.09.21 05:19:04.446,1.17828,1.1783,1.31,1.00
2018.09.21 05:19:09.760,1.17828,1.17829,1.00,1.00
2018.09.21 05:19:10.280,1.17826,1.17829,3.00,2.25
2018.09.21 05:19:11.051,1.17826,1.17829,3.00,1.00
2018.09.21 05:19:15.064,1.17827,1.17829,1.00,1.50
2018.09.21 05:19:15.328,1.17827,1.1783,3.94,1.50
2018.09.21 05:19:16.029,1.17827,1.1783,2.51,1.50
2018.09.21 05:19:16.588,1.17828,1.1783,1.50,1.87
2018.09.21 05:19:17.209,1.17827,1.1783,2.25,1.00
2018.09.21 05:19:17.974,1.17827,1.17831,4.20,5.70
2018.09.21 05:19:19.187,1.17827,1.17831,4.20,3.82
2018.09.21 05:19:19.885,1.17827,1.17831,4.20,3.82
2018.09.21 05:19:25.573,1.1783,1.17832,1.31,1.87
2018.09.21 05:19:25.876,1.17831,1.17833,1.50,1.00
2018.09.21 05:19:33.015,1.1783,1.17834,4.01,1.50
2018.09.21 05:19:34.040,1.17831,1.17834,1.25,5.44
2018.09.21 05:19:34.508,1.1783,1.17832,1.76,1.31
2018.09.21 05:19:35.011,1.1783,1.17832,1.00,1.00
2018.09.21 05:19:36.619,1.17829,1.17831,2.51,1.25
2018.09.21 05:19:36.869,1.17828,1.17832,4.01,4.76
2018.09.21 05:19:37.464,1.17828,1.17831,4.76,1.69
2018.09.21 05:19:38.065,1.17828,1.17832,3.26,4.76
2018.09.21 05:19:38.586,1.17828,1.17831,4.76,1.00
2018.09.21 05:19:40.696,1.17829,1.17831,1.00,1.00
2018.09.21 05:19:41.950,1.17828,1.17832,4.01,3.64
2018.09.21 05:19:42.555,1.17828,1.17832,4.01,4.95
2018.09.21 05:19:43.120,1.17828,1.17831,1.00,2.06
2018.09.21 05:19:43.660,1.17828,1.1783,1.00,1.00
2018.09.21 05:19:44.178,1.17828,1.17831,1.00,3.19
2018.09.21 05:19:44.776,1.17828,1.1783,1.31,1.69
2018.09.21 05:19:45.294,1.17827,1.17831,10.20,1.12
2018.09.21 05:19:46.017,1.17828,1.17831,5.06,1.31
2018.09.21 05:19:46.903,1.17828,1.17831,2.25,3.19
2018.09.21 05:19:47.584,1.17827,1.1783,4.69,1.12
2018.09.21 05:19:48.155,1.17828,1.1783,1.50,2.06
2018.09.21 05:19:49.532,1.17828,1.1783,1.69,2.06
2018.09.21 05:19:50.083,1.17827,1.17831,1.50,7.50
2018.09.21 05:19:52.143,1.17827,1.17831,2.25,6.94
2018.09.21 05:19:53.788,1.17827,1.1783,3.37,1.00
2018.09.21 05:19:54.383,1.17827,1.17831,1.87,5.44
2018.09.21 05:19:54.831,1.17828,1.17831,1.69,3.19
2018.09.21 05:19:55.949,1.17828,1.17831,1.50,3.19
2018.09.21 05:19:57.266,1.17827,1.1783,5.06,1.25
2018.09.21 05:19:57.882,1.17827,1.17831,1.87,4.31
2018.09.21 05:19:58.826,1.17827,1.17831,2.81,4.31
2018.09.21 05:19:59.356,1.17827,1.17831,4.87,3.00
2018.09.21 05:19:59.675,1.17832,1.17835,1.50,4.01
2018.09.21 05:20:00.348,1.17831,1.17834,1.35,2.62
2018.09.21 05:20:03.559,1.17832,1.17834,1.00,2.81
2018.09.21 05:20:04.372,1.17832,1.17833,1.00,1.00
2018.09.21 05:20:05.117,1.17831,1.17833,2.25,1.25
2018.09.21 05:20:05.751,1.17831,1.17834,2.06,2.06
2018.09.21 05:20:07.727,1.17832,1.17834,1.00,1.87
2018.09.21 05:20:08.278,1.17831,1.17835,3.94,5.81
2018.09.21 05:20:08.780,1.17832,1.17834,1.00,1.87
2018.09.21 05:20:10.321,1.17831,1.17835,3.94,6.56
2018.09.21 05:20:18.197,1.17832,1.17834,1.00,1.12
2018.09.21 05:20:18.774,1.17831,1.17835,3.19,3.56
2018.09.21 05:20:21.035,1.17832,1.17834,1.00,1.12
2018.09.21 05:20:21.576,1.17831,1.17834,4.31,2.25
2018.09.21 05:20:35.993,1.17831,1.17833,2.25,1.69
2018.09.21 05:20:36.155,1.17829,1.17833,4.20,3.56
2018.09.21 05:20:37.272,1.1783,1.17833,1.00,8.44
2018.09.21 05:20:38.040,1.17829,1.17833,3.94,3.19
2018.09.21 05:20:41.529,1.17831,1.17833,1.00,3.19
2018.09.21 05:20:43.034,1.17829,1.17831,3.00,1.50
2018.09.21 05:20:43.564,1.17829,1.17831,1.25,1.25
2018.09.21 05:20:44.276,1.17829,1.17832,1.00,4.01
2018.09.21 05:20:45.704,1.17831,1.17833,1.12,2.81
2018.09.21 05:20:55.955,1.17832,1.17834,1.00,3.75
2018.09.21 05:20:56.475,1.17831,1.17834,4.01,1.50
2018.09.21 05:20:57.279,1.17832,1.17833,1.00,1.12
2018.09.21 05:21:02.086,1.17831,1.17834,1.57,2.25
2018.09.21 05:21:03.592,1.17832,1.17834,1.00,2.62
2018.09.21 05:21:05.132,1.17831,1.17833,1.12,1.87
2018.09.21 05:21:05.235,1.17829,1.17832,3.07,1.50
2018.09.21 05:21:05.743,1.17832,1.17834,1.12,3.00
2018.09.21 05:21:08.770,1.17832,1.17833,1.50,1.00
2018.09.21 05:21:11.907,1.17831,1.17834,1.12,1.50
2018.09.21 05:21:13.196,1.17832,1.17834,1.00,1.00
2018.09.21 05:21:18.392,1.17831,1.17834,3.37,3.37
2018.09.21 05:21:19.755,1.17831,1.17835,2.25,7.13
2018.09.21 05:21:21.383,1.17831,1.17835,3.19,6.56
2018.09.21 05:21:21.915,1.17832,1.17834,1.00,2.44
2018.09.21 05:21:23.943,1.17831,1.17835,3.19,6.56
2018.09.21 05:21:24.953,1.17832,1.17834,1.00,2.44
2018.09.21 05:21:25.623,1.17831,1.17835,3.19,6.56
2018.09.21 05:21:48.529,1.17832,1.17834,1.00,3.00
2018.09.21 05:21:49.069,1.17831,1.17834,3.37,1.00
2018.09.21 05:22:00.735,1.17831,1.17835,3.37,6.94
2018.09.21 05:22:02.525,1.17832,1.17834,1.00,1.50
2018.09.21 05:22:03.332,1.17832,1.17835,1.00,3.75
2018.09.21 05:22:06.191,1.17832,1.17834,1.12,2.62
2018.09.21 05:22:10.875,1.17831,1.17835,3.37,4.50
2018.09.21 05:22:11.984,1.17832,1.17834,1.12,1.50
2018.09.21 05:22:12.575,1.17831,1.17835,3.00,4.50
2018.09.21 05:22:15.163,1.17832,1.17834,1.12,1.00
2018.09.21 05:22:40.903,1.17833,1.17834,1.50,1.12
2018.09.21 05:22:41.242,1.17837,1.1784,3.79,1.87
2018.09.21 05:22:41.500,1.17839,1.17841,3.19,1.31
2018.09.21 05:22:42.009,1.17839,1.17842,1.87,4.50
2018.09.21 05:22:46.926,1.17839,1.17841,1.00,2.44
2018.09.21 05:22:47.520,1.17839,1.17841,1.00,1.25
2018.09.21 05:22:48.344,1.17839,1.17841,1.00,2.44
2018.09.21 05:23:05.463,1.17837,1.1784,3.07,1.31
2018.09.21 05:23:06.270,1.17838,1.17841,3.37,3.75
2018.09.21 05:23:08.403,1.17838,1.17841,1.87,2.44
2018.09.21 05:23:13.258,1.17838,1.1784,3.94,1.31
2018.09.21 05:23:13.767,1.17838,1.17841,1.50,2.44
2018.09.21 05:23:17.848,1.17838,1.17841,1.00,2.81
2018.09.21 05:23:23.176,1.17838,1.17841,1.00,2.81
2018.09.21 05:23:23.850,1.17839,1.17841,1.25,4.31
2018.09.21 05:23:24.385,1.17838,1.17841,1.69,2.06
2018.09.21 05:23:26.278,1.17839,1.1784,1.25,1.25
2018.09.21 05:23:26.485,1.17838,1.17841,1.69,2.06
2018.09.21 05:23:27.890,1.17838,1.17841,1.69,2.25
2018.09.21 05:23:28.541,1.17838,1.17841,1.31,2.81
2018.09.21 05:23:28.847,1.1784,1.17841,1.12,1.69
2018.09.21 05:23:29.006,1.17838,1.17841,1.12,1.12
2018.09.21 05:23:29.678,1.17838,1.1784,1.12,1.12
2018.09.21 05:23:30.548,1.17837,1.1784,4.12,2.06
2018.09.21 05:23:31.326,1.17838,1.1784,1.69,1.87
2018.09.21 05:23:31.378,1.17838,1.17841,1.00,1.50
2018.09.21 05:23:31.457,1.1784,1.17842,1.00,5.51
2018.09.21 05:23:31.513,1.17841,1.17844,1.50,3.37
2018.09.21 05:23:32.043,1.17841,1.17844,1.50,2.62
2018.09.21 05:23:33.205,1.17841,1.17843,1.50,1.00
2018.09.21 05:23:33.842,1.17841,1.17844,3.19,2.06
2018.09.21 05:23:33.971,1.17844,1.17845,1.50,3.00
2018.09.21 05:23:34.516,1.17842,1.17846,4.95,6.00
2018.09.21 05:23:35.128,1.17842,1.17845,2.89,3.00
2018.09.21 05:23:36.011,1.17842,1.17844,1.20,1.00
2018.09.21 05:23:37.139,1.17842,1.17845,1.20,2.81
2018.09.21 05:23:37.641,1.17842,1.17844,1.95,1.50
2018.09.21 05:23:38.216,1.17842,1.17845,1.20,3.56
2018.09.21 05:23:40.355,1.17843,1.17845,1.25,1.87
2018.09.21 05:23:40.900,1.17842,1.17844,4.31,1.00
2018.09.21 05:23:41.058,1.17843,1.17846,1.25,2.62
2018.09.21 05:23:41.579,1.17844,1.17846,1.12,2.62
2018.09.21 05:24:01.450,1.17843,1.17845,1.12,1.25
2018.09.21 05:24:01.953,1.17842,1.17844,3.56,1.00
2018.09.21 05:24:03.002,1.17843,1.17844,1.25,1.25
2018.09.21 05:24:03.527,1.17842,1.17845,1.12,5.25
2018.09.21 05:24:05.373,1.17842,1.17845,1.91,1.00
2018.09.21 05:24:06.165,1.17843,1.17845,1.00,1.50
2018.09.21 05:24:11.402,1.17842,1.17845,2.10,1.00
2018.09.21 05:24:16.309,1.17843,1.17845,1.00,1.50
2018.09.21 05:24:17.061,1.17842,1.17846,1.31,6.00
2018.09.21 05:24:18.664,1.17842,1.17844,2.81,1.00
2018.09.21 05:24:19.753,1.17842,1.17845,1.12,3.00
2018.09.21 05:24:33.290,1.17841,1.17843,1.00,5.62
2018.09.21 05:24:33.610,1.17838,1.1784,1.12,4.12
2018.09.21 05:24:34.129,1.17837,1.1784,2.25,1.12
2018.09.21 05:24:35.626,1.17838,1.17841,1.30,3.00
2018.09.21 05:24:36.128,1.17838,1.17841,2.06,3.19
2018.09.21 05:24:37.076,1.17838,1.17842,2.62,6.07
2018.09.21 05:24:37.608,1.17838,1.17841,4.12,4.12
2018.09.21 05:24:38.576,1.17838,1.17841,2.44,2.06
2018.09.21 05:24:39.215,1.17838,1.17842,2.25,10.57
2018.09.21 05:24:39.770,1.17838,1.17841,2.44,2.06
2018.09.21 05:24:42.605,1.17838,1.17842,4.95,6.64
2018.09.21 05:24:43.079,1.17839,1.17841,2.06,1.25
2018.09.21 05:24:43.607,1.17839,1.17842,1.87,2.89
2018.09.21 05:24:44.167,1.17839,1.17842,1.12,3.45
2018.09.21 05:24:44.705,1.17839,1.17842,1.12,3.45
2018.09.21 05:24:45.294,1.17839,1.17842,1.12,3.45
2018.09.21 05:24:50.077,1.1784,1.17841,1.00,1.00
2018.09.21 05:24:51.536,1.1784,1.17842,1.00,3.07
2018.09.21 05:24:52.116,1.1784,1.17841,1.00,1.00
2018.09.21 05:24:53.581,1.1784,1.17842,1.00,4.12
2018.09.21 05:24:54.269,1.1784,1.17841,1.50,1.00
2018.09.21 05:24:54.812,1.1784,1.17842,1.00,2.25
2018.09.21 05:24:55.959,1.17841,1.17844,3.19,1.39
2018.09.21 05:24:56.013,1.17842,1.17844,1.00,2.14
2018.09.21 05:25:02.552,1.17841,1.17845,4.76,2.06
2018.09.21 05:25:03.196,1.17841,1.17844,6.45,1.00
2018.09.21 05:25:04.857,1.17841,1.17845,5.70,3.00
2018.09.21 05:25:07.322,1.17843,1.17844,1.00,1.00
2018.09.21 05:25:07.939,1.17843,1.17845,1.00,1.31
2018.09.21 05:25:09.336,1.17843,1.17844,1.00,1.00
2018.09.21 05:25:09.859,1.17842,1.17845,1.10,2.62
2018.09.21 05:25:10.362,1.17842,1.17844,1.10,1.00
2018.09.21 05:25:10.901,1.17842,1.17845,1.10,1.87
2018.09.21 05:25:11.680,1.17842,1.17845,2.51,4.87
2018.09.21 05:25:13.011,1.17841,1.17842,1.01,1.25
2018.09.21 05:25:13.251,1.17841,1.17844,1.69,1.25
2018.09.21 05:25:13.356,1.17843,1.17845,1.50,1.87
2018.09.21 05:25:13.834,1.17846,1.17849,2.25,5.70
2018.09.21 05:25:14.346,1.17848,1.17849,1.00,1.00
2018.09.21 05:25:15.112,1.17849,1.1785,1.00,1.12
2018.09.21 05:25:15.541,1.17849,1.17851,1.00,8.63
2018.09.21 05:25:16.680,1.17848,1.17851,1.00,8.25
2018.09.21 05:25:17.965,1.17848,1.1785,1.00,1.12
2018.09.21 05:25:21.982,1.17847,1.1785,1.10,2.81
2018.09.21 05:25:24.060,1.17847,1.1785,3.07,1.37
2018.09.21 05:25:27.183,1.17847,1.17851,3.26,7.39
2018.09.21 05:25:37.422,1.17847,1.17851,1.76,6.07
2018.09.21 05:25:38.144,1.17848,1.1785,1.00,1.50
2018.09.21 05:25:42.264,1.17848,1.1785,1.00,1.87
2018.09.21 05:25:42.371,1.17846,1.17847,1.00,4.12
2018.09.21 05:25:42.479,1.17844,1.17846,1.57,1.00
2018.09.21 05:25:42.999,1.17844,1.17846,1.00,2.81
2018.09.21 05:25:43.105,1.17845,1.17847,1.00,2.06
2018.09.21 05:25:44.222,1.17845,1.17848,7.87,1.00
2018.09.21 05:25:44.767,1.17847,1.17848,1.10,1.00
2018.09.21 05:25:45.348,1.17846,1.17849,3.45,1.50
2018.09.21 05:25:45.868,1.17847,1.1785,1.10,4.50
2018.09.21 05:25:47.296,1.17847,1.1785,1.76,6.00
2018.09.21 05:25:49.349,1.17847,1.1785,1.10,1.69
2018.09.21 05:25:49.971,1.17847,1.1785,3.00,2.06
2018.09.21 05:25:51.538,1.17847,1.1785,1.50,1.31
2018.09.21 05:25:52.188,1.17848,1.1785,1.25,2.25
2018.09.21 05:25:52.800,1.17847,1.1785,3.19,2.06
2018.09.21 05:25:53.304,1.17847,1.1785,4.69,2.06
2018.09.21 05:25:55.090,1.17848,1.1785,1.00,4.50
2018.09.21 05:25:56.923,1.17847,1.17849,1.76,1.88
2018.09.21 05:25:57.162,1.17844,1.17846,8.70,2.62
2018.09.21 05:25:57.815,1.17844,1.17846,1.50,2.44
2018.09.21 05:25:58.523,1.17844,1.17846,1.00,2.25
2018.09.21 05:25:58.846,1.17848,1.1785,1.00,1.57
2018.09.21 05:26:00.375,1.17847,1.17848,1.50,1.50
2018.09.21 05:26:00.427,1.17846,1.17847,1.10,1.00
2018.09.21 05:26:00.531,1.17847,1.17849,1.00,1.00
2018.09.21 05:26:01.042,1.17847,1.1785,1.00,1.50
2018.09.21 05:26:04.954,1.17846,1.1785,3.26,1.50
2018.09.21 05:26:05.074,1.17845,1.17847,2.25,1.12
2018.09.21 05:26:05.396,1.17847,1.17848,1.00,1.00
2018.09.21 05:26:05.929,1.17847,1.1785,1.50,3.37
2018.09.21 05:26:06.851,1.17848,1.1785,1.00,2.81
2018.09.21 05:26:08.829,1.17848,1.1785,1.00,5.44
2018.09.21 05:26:09.543,1.17847,1.17849,1.00,1.69
2018.09.21 05:26:10.116,1.17848,1.17849,1.00,1.25
2018.09.21 05:26:10.876,1.17848,1.1785,1.00,2.61
2018.09.21 05:26:13.631,1.17851,1.17853,2.25,5.14
2018.09.21 05:26:13.935,1.17849,1.17851,1.57,1.00
2018.09.21 05:26:14.487,1.17848,1.17851,6.26,3.94
2018.09.21 05:26:15.055,1.17848,1.17851,2.51,1.00
2018.09.21 05:26:15.582,1.17848,1.17851,3.07,1.12
2018.09.21 05:26:15.902,1.17847,1.1785,1.50,2.25
2018.09.21 05:26:17.512,1.17848,1.1785,1.10,1.12
2018.09.21 05:26:22.354,1.17849,1.17851,1.00,1.12
2018.09.21 05:26:25.080,1.17848,1.17852,1.50,9.37
2018.09.21 05:26:28.088,1.1785,1.17851,1.00,1.00
2018.09.21 05:26:28.804,1.17848,1.17851,4.87,1.50
2018.09.21 05:26:29.929,1.17848,1.17849,1.00,1.00
2018.09.21 05:26:30.141,1.17849,1.17851,1.50,1.10
2018.09.21 05:26:32.441,1.1785,1.17851,1.00,2.06
2018.09.21 05:26:33.141,1.17849,1.17851,1.10,4.31
2018.09.21 05:26:33.857,1.1785,1.17851,1.00,2.06
2018.09.21 05:26:35.172,1.17848,1.1785,1.00,3.19
2018.09.21 05:26:35.381,1.17847,1.17849,1.57,2.25
2018.09.21 05:26:41.142,1.17847,1.17848,1.00,2.44
2018.09.21 05:26:41.449,1.17844,1.17847,1.57,5.06
2018.09.21 05:26:42.644,1.17843,1.17845,3.07,1.25
2018.09.21 05:26:43.667,1.17845,1.17848,2.62,6.75
2018.09.21 05:26:43.823,1.17847,1.17849,1.00,3.00
2018.09.21 05:26:44.483,1.17848,1.17849,1.00,1.12
2018.09.21 05:26:44.933,1.17846,1.17847,3.37,1.00
2018.09.21 05:26:45.220,1.17844,1.17846,2.70,3.94
2018.09.21 05:26:45.758,1.17843,1.17846,4.95,1.50
2018.09.21 05:26:46.325,1.17843,1.17845,2.25,1.00
2018.09.21 05:26:47.086,1.17843,1.17845,1.00,1.87
2018.09.21 05:26:47.628,1.17842,1.17845,1.12,2.81
2018.09.21 05:26:52.905,1.17842,1.17845,1.25,4.87
2018.09.21 05:26:53.465,1.17842,1.17844,1.50,1.50
2018.09.21 05:26:54.685,1.17842,1.17845,1.25,5.25
2018.09.21 05:26:55.600,1.17842,1.17844,1.50,1.50
2018.09.21 05:26:56.106,1.17842,1.17845,2.25,3.37
2018.09.21 05:26:57.646,1.17842,1.17844,2.25,1.00
2018.09.21 05:26:58.235,1.17842,1.17845,2.44,1.25
2018.09.21 05:26:58.936,1.17842,1.17844,3.19,1.00
2018.09.21 05:26:59.446,1.17842,1.17845,1.57,3.00
2018.09.21 05:26:59.984,1.17842,1.17844,2.32,1.12
2018.09.21 05:27:01.552,1.17843,1.17845,1.00,3.56
2018.09.21 05:27:03.186,1.17843,1.17844,1.00,1.00
2018.09.21 05:27:03.719,1.17842,1.17844,1.50,1.50
2018.09.21 05:27:06.151,1.17843,1.17845,1.00,4.69
2018.09.21 05:27:11.667,1.17842,1.17844,1.69,2.44
2018.09.21 05:27:16.971,1.17843,1.17845,1.00,3.37
2018.09.21 05:27:17.844,1.17842,1.17843,1.00,1.50
2018.09.21 05:27:18.001,1.1784,1.17841,1.00,1.12
2018.09.21 05:27:18.504,1.17839,1.17841,1.50,2.44
2018.09.21 05:27:19.257,1.1784,1.17841,1.00,1.00
2018.09.21 05:27:20.421,1.1784,1.17842,4.50,2.32
2018.09.21 05:27:20.526,1.17842,1.17844,1.00,2.44
2018.09.21 05:27:21.287,1.17842,1.17844,1.00,3.64
2018.09.21 05:27:22.776,1.1784,1.17841,5.25,1.50
2018.09.21 05:27:22.989,1.17839,1.1784,1.69,1.25
2018.09.21 05:27:23.511,1.17839,1.17841,1.50,4.01
2018.09.21 05:27:24.424,1.17839,1.1784,1.00,1.25
2018.09.21 05:27:25.257,1.17839,1.17841,1.00,5.89
2018.09.21 05:27:25.869,1.17839,1.17841,1.00,5.51
2018.09.21 05:27:35.658,1.1784,1.17842,1.50,5.81
2018.09.21 05:27:43.776,1.17841,1.17842,1.12,1.00
2018.09.21 05:27:43.830,1.17842,1.17844,2.62,1.10
2018.09.21 05:27:44.360,1.17843,1.17845,1.00,1.01
2018.09.21 05:27:54.932,1.17842,1.17843,5.62,1.87
2018.09.21 05:27:54.986,1.17841,1.17842,2.32,1.00
2018.09.21 05:27:55.489,1.1784,1.17841,4.50,1.00
2018.09.21 05:27:56.013,1.1784,1.17842,3.75,3.00
2018.09.21 05:28:06.678,1.1784,1.17842,1.69,2.89
2018.09.21 05:28:07.192,1.1784,1.17842,1.25,1.95
2018.09.21 05:28:07.741,1.1784,1.17843,5.44,3.19
2018.09.21 05:28:08.384,1.17841,1.17842,1.25,1.00
2018.09.21 05:28:10.539,1.1784,1.17843,4.69,2.25
2018.09.21 05:28:11.477,1.1784,1.17843,4.69,2.25
2018.09.21 05:28:12.088,1.1784,1.17844,6.19,2.89
2018.09.21 05:28:13.796,1.1784,1.17844,6.94,4.76
2018.09.21 05:28:14.167,1.17839,1.17841,1.50,1.00
2018.09.21 05:28:15.667,1.17839,1.17841,1.69,1.31
2018.09.21 05:28:17.952,1.17839,1.17841,1.50,1.87
2018.09.21 05:28:20.583,1.17839,1.1784,1.50,1.12
2018.09.21 05:28:21.242,1.17838,1.1784,2.25,1.12
2018.09.21 05:28:21.772,1.17837,1.1784,1.69,2.06
2018.09.21 05:28:26.017,1.17836,1.1784,4.69,1.69
2018.09.21 05:28:26.442,1.17835,1.17837,1.00,2.06
2018.09.21 05:28:26.614,1.17833,1.17837,2.25,14.32
2018.09.21 05:28:27.326,1.17836,1.17837,2.44,7.20
2018.09.21 05:28:27.632,1.1784,1.17841,3.00,1.00
2018.09.21 05:28:28.621,1.1784,1.17842,1.50,2.70
2018.09.21 05:28:28.675,1.17838,1.17842,5.25,4.39
2018.09.21 05:28:28.727,1.17838,1.1784,3.00,1.12
2018.09.21 05:28:29.316,1.17839,1.17841,1.69,1.00
2018.09.21 05:28:29.908,1.17839,1.17842,1.25,8.32
2018.09.21 05:28:30.458,1.17839,1.17841,1.69,1.00
2018.09.21 05:28:31.217,1.17838,1.17841,2.25,1.00
2018.09.21 05:28:31.771,1.17839,1.17841,1.00,2.32
2018.09.21 05:28:32.293,1.17839,1.17841,1.31,2.51
2018.09.21 05:28:35.668,1.17838,1.1784,4.12,1.00
2018.09.21 05:28:36.035,1.17836,1.17837,2.32,3.19
2018.09.21 05:28:36.088,1.17834,1.17836,1.00,1.00
2018.09.21 05:28:36.653,1.17833,1.17835,1.87,1.00
2018.09.21 05:28:39.715,1.17834,1.17835,1.00,1.00
2018.09.21 05:28:41.635,1.1783,1.17832,6.64,1.00
2018.09.21 05:28:41.688,1.17831,1.17832,1.12,1.50
2018.09.21 05:28:42.191,1.17832,1.17833,1.00,1.00
2018.09.21 05:28:42.668,1.17829,1.17832,2.81,1.39
2018.09.21 05:28:42.933,1.17831,1.17834,2.62,2.70
2018.09.21 05:28:43.456,1.17832,1.17834,1.00,1.00
2018.09.21 05:28:44.047,1.17831,1.17834,2.06,1.00
2018.09.21 05:28:45.058,1.17831,1.17834,2.44,1.37
2018.09.21 05:28:47.196,1.1783,1.17832,3.75,1.00
2018.09.21 05:28:48.160,1.17829,1.17831,4.12,1.00
2018.09.21 05:28:50.594,1.17829,1.17831,2.44,1.25
2018.09.21 05:29:05.451,1.17829,1.17831,1.76,1.00
2018.09.21 05:29:05.555,1.17831,1.17834,6.00,1.69
2018.09.21 05:29:05.660,1.17834,1.17835,1.12,1.00
2018.09.21 05:29:06.191,1.17834,1.17836,1.00,6.75
2018.09.21 05:29:06.875,1.17833,1.17835,1.00,1.00
2018.09.21 05:29:07.535,1.17833,1.17836,1.00,3.00
2018.09.21 05:29:13.572,1.17833,1.17834,1.00,1.25
2018.09.21 05:29:15.307,1.17832,1.17834,2.25,1.00
2018.09.21 05:29:22.829,1.17832,1.17834,1.20,4.12
2018.09.21 05:29:23.141,1.1783,1.17832,4.76,6.94
2018.09.21 05:29:23.350,1.17831,1.17834,1.00,1.50
2018.09.21 05:29:23.866,1.17831,1.17835,9.30,1.50
2018.09.21 05:29:24.645,1.17832,1.17835,4.20,3.37
2018.09.21 05:29:25.164,1.17832,1.17835,1.95,1.50
2018.09.21 05:29:25.680,1.17832,1.17835,1.95,1.50
2018.09.21 05:29:26.432,1.17832,1.17835,3.82,1.00
2018.09.21 05:29:26.534,1.17832,1.17835,1.10,1.00
2018.09.21 05:29:28.107,1.17833,1.17835,1.00,1.00
2018.09.21 05:29:28.842,1.17832,1.17835,2.32,1.00
2018.09.21 05:29:29.506,1.17833,1.17835,1.00,1.00
2018.09.21 05:29:30.940,1.17832,1.17835,1.57,1.00
2018.09.21 05:29:34.958,1.17833,1.17835,1.00,1.00
2018.09.21 05:29:35.774,1.17832,1.17835,1.50,1.50
2018.09.21 05:29:36.707,1.17832,1.17835,4.69,5.44
2018.09.21 05:29:37.228,1.17832,1.17835,1.10,2.25
2018.09.21 05:29:37.882,1.17831,1.17834,8.74,1.00
2018.09.21 05:29:41.507,1.17831,1.17834,4.05,1.00
2018.09.21 05:29:41.753,1.17831,1.17832,1.00,1.00
2018.09.21 05:29:42.957,1.1783,1.17832,3.37,1.00
2018.09.21 05:29:43.501,1.17829,1.17832,8.14,1.00
2018.09.21 05:29:44.557,1.1783,1.17832,2.62,1.50
2018.09.21 05:29:45.152,1.17831,1.17833,2.81,1.87
2018.09.21 05:29:46.591,1.17831,1.17832,3.37,1.00
2018.09.21 05:29:47.129,1.17829,1.17832,8.70,1.31
2018.09.21 05:29:47.543,1.17829,1.17833,4.57,4.57
2018.09.21 05:29:48.201,1.1783,1.17832,1.12,1.00
2018.09.21 05:29:49.008,1.17829,1.17833,5.14,4.50
2018.09.21 05:29:49.560,1.1783,1.17832,1.31,1.25
2018.09.21 05:29:50.794,1.17829,1.17832,7.95,1.69
2018.09.21 05:29:51.108,1.17831,1.17833,1.72,1.12
2018.09.21 05:29:51.265,1.17831,1.17835,6.86,1.87
2018.09.21 05:29:52.024,1.17832,1.17834,1.20,1.00
2018.09.21 05:29:52.541,1.17831,1.17835,10.80,1.12
2018.09.21 05:29:53.618,1.17832,1.17835,1.01,2.06
2018.09.21 05:29:53.673,1.17831,1.17832,1.57,1.87
2018.09.21 05:29:54.181,1.1783,1.17832,1.87,3.56
2018.09.21 05:29:55.264,1.17831,1.17833,1.00,1.50
2018.09.21 05:29:55.778,1.17832,1.17834,1.12,1.87
2018.09.21 05:29:56.137,1.17831,1.17832,1.00,1.69
2018.09.21 05:29:56.241,1.17829,1.17832,5.89,1.00
2018.09.21 05:29:57.087,1.1783,1.17832,1.76,1.00
2018.09.21 05:29:57.244,1.1783,1.17834,6.64,7.50
2018.09.21 05:29:58.172,1.17832,1.17834,1.00,3.00
2018.09.21 05:29:58.239,1.17833,1.17836,4.35,5.25
2018.09.21 05:29:58.814,1.17833,1.17836,2.70,3.75
2018.09.21 05:30:01.897,1.17831,1.17834,5.17,5.25
2018.09.21 05:30:02.725,1.17831,1.17834,4.95,2.62
2018.09.21 05:30:03.035,1.1783,1.17832,5.70,1.00
2018.09.21 05:30:03.982,1.1783,1.17832,1.00,1.69
2018.09.21 05:30:06.653,1.1783,1.17832,1.00,3.56
2018.09.21 05:30:11.168,1.1783,1.17832,1.00,2.06
2018.09.21 05:30:11.763,1.1783,1.17832,1.00,4.31
2018.09.21 05:30:12.474,1.1783,1.17832,1.00,2.06
2018.09.21 05:30:13.091,1.1783,1.17832,1.00,5.89
2018.09.21 05:30:13.830,1.1783,1.17832,1.87,5.14
2018.09.21 05:30:19.167,1.17831,1.17833,1.00,2.32
2018.09.21 05:30:19.588,1.17833,1.17834,1.25,1.00
2018.09.21 05:30:23.561,1.17832,1.17835,4.69,1.12
2018.09.21 05:30:24.452,1.17832,1.17835,2.06,1.50
2018.09.21 05:30:25.034,1.17833,1.17835,1.25,1.00
2018.09.21 05:30:25.656,1.17834,1.17836,2.47,1.50
2018.09.21 05:30:25.973,1.17836,1.17839,1.76,2.25
2018.09.21 05:30:26.495,1.17837,1.17839,1.00,3.00
2018.09.21 05:30:28.776,1.17838,1.1784,1.25,5.51
2018.09.21 05:30:28.828,1.17837,1.17839,1.69,1.87
2018.09.21 05:30:29.641,1.17838,1.17839,1.25,1.31
2018.09.21 05:30:30.211,1.17837,1.17839,1.69,1.87
2018.09.21 05:30:30.989,1.17838,1.17839,1.25,1.31
2018.09.21 05:30:31.973,1.17837,1.17839,1.69,1.62
2018.09.21 05:30:33.501,1.17836,1.17837,1.10,1.00
2018.09.21 05:30:49.960,1.17835,1.17837,4.16,1.00
2018.09.21 05:30:50.530,1.17834,1.17837,1.50,5.62
2018.09.21 05:30:52.800,1.17834,1.17837,2.74,2.62
2018.09.21 05:30:53.142,1.17838,1.17839,2.17,1.50
2018.09.21 05:30:53.880,1.17838,1.1784,2.17,1.12
2018.09.21 05:31:04.543,1.17837,1.1784,6.67,1.31
2018.09.21 05:31:05.072,1.17837,1.17839,2.14,1.00
2018.09.21 05:31:05.593,1.17838,1.1784,1.00,2.25
2018.09.21 05:31:10.051,1.17838,1.17839,1.00,1.00
2018.09.21 05:31:10.159,1.17836,1.17838,1.95,1.12
2018.09.21 05:31:18.837,1.17836,1.17839,1.39,1.87
2018.09.21 05:31:19.338,1.17837,1.17839,1.00,1.25
2018.09.21 05:31:25.982,1.17837,1.17838,1.00,1.00
2018.09.21 05:31:26.507,1.17836,1.17838,1.50,1.50
2018.09.21 05:31:27.185,1.17835,1.17839,4.01,5.66
2018.09.21 05:31:27.967,1.17835,1.17838,6.07,1.00
2018.09.21 05:31:28.502,1.17836,1.17838,1.50,1.50
2018.09.21 05:31:29.027,1.17837,1.17839,1.00,2.62
2018.09.21 05:31:30.003,1.17837,1.17838,1.00,1.50
2018.09.21 05:31:31.720,1.17837,1.17839,1.00,3.00
2018.09.21 05:31:34.076,1.17837,1.17838,1.00,1.50
2018.09.21 05:31:34.612,1.17836,1.17837,1.00,1.00
2018.09.21 05:31:36.322,1.17835,1.17837,2.51,2.10
2018.09.21 05:31:36.427,1.17834,1.17836,1.20,1.50
2018.09.21 05:31:36.943,1.17833,1.17836,1.57,3.94
2018.09.21 05:31:49.551,1.17835,1.17836,1.50,2.25
2018.09.21 05:31:50.064,1.17833,1.17836,6.19,2.44
2018.09.21 05:31:50.918,1.17833,1.17836,1.00,1.50
2018.09.21 05:31:52.607,1.17834,1.17837,1.25,7.76
2018.09.21 05:31:52.660,1.17835,1.17838,1.54,4.12
2018.09.21 05:31:52.765,1.17837,1.17839,1.00,1.12
2018.09.21 05:31:53.299,1.17836,1.17839,1.87,1.12
2018.09.21 05:31:53.981,1.17837,1.17839,1.00,1.87
2018.09.21 05:31:54.616,1.17836,1.17839,3.45,1.12
2018.09.21 05:31:55.156,1.17836,1.17839,4.57,1.12
2018.09.21 05:31:59.296,1.17836,1.17838,3.56,1.69
2018.09.21 05:31:59.402,1.17833,1.17837,2.51,2.66
2018.09.21 05:31:59.457,1.17835,1.17837,1.69,2.44
2018.09.21 05:31:59.512,1.17834,1.17836,1.20,1.00
2018.09.21 05:32:00.646,1.17833,1.17836,2.25,1.87
2018.09.21 05:32:05.687,1.17834,1.17836,1.69,1.87
2018.09.21 05:32:05.793,1.17836,1.17838,1.00,6.37
2018.09.21 05:32:06.113,1.17838,1.1784,1.00,3.00
2018.09.21 05:32:07.926,1.17837,1.17839,1.69,1.72
2018.09.21 05:32:08.235,1.17835,1.17837,3.82,1.00
2018.09.21 05:32:09.012,1.17835,1.17837,3.64,1.00
2018.09.21 05:32:09.548,1.17836,1.17838,1.39,1.00
2018.09.21 05:32:12.014,1.17835,1.17839,4.39,3.37
2018.09.21 05:32:12.348,1.17834,1.17836,1.00,3.37
2018.09.21 05:32:13.781,1.17832,1.17836,2.70,1.50
2018.09.21 05:32:15.757,1.17832,1.17836,2.14,1.69
2018.09.21 05:32:17.157,1.17832,1.17836,4.20,4.69
2018.09.21 05:32:18.086,1.17832,1.17836,3.45,2.25
2018.09.21 05:32:18.241,1.17835,1.17836,1.25,1.87
2018.09.21 05:32:18.345,1.17836,1.17838,1.12,1.50
2018.09.21 05:32:20.663,1.17836,1.17839,1.50,2.62
2018.09.21 05:32:21.294,1.17836,1.17837,1.00,3.00
2018.09.21 05:32:21.477,1.17834,1.17835,1.25,1.00
2018.09.21 05:32:22.009,1.17833,1.17835,1.00,1.00
2018.09.21 05:32:22.773,1.17833,1.17835,2.25,1.00
2018.09.21 05:32:31.836,1.17833,1.17835,2.25,1.00
2018.09.21 05:32:33.875,1.17833,1.17835,4.12,1.00
2018.09.21 05:32:34.036,1.17835,1.17837,2.81,1.00
2018.09.21 05:32:34.539,1.17836,1.17838,1.00,1.12
2018.09.21 05:32:36.030,1.17835,1.17838,2.32,1.12
2018.09.21 05:32:36.442,1.17834,1.17836,1.57,1.00
2018.09.21 05:32:36.984,1.17833,1.17836,1.20,1.50
2018.09.21 05:32:37.544,1.17833,1.17835,2.70,1.00
2018.09.21 05:32:38.377,1.17833,1.17836,1.12,1.00
2018.09.21 05:32:39.185,1.17833,1.17835,2.62,1.00
2018.09.21 05:32:42.736,1.17832,1.17835,6.45,1.00
2018.09.21 05:32:44.851,1.17832,1.17836,3.07,4.12
2018.09.21 05:32:46.035,1.17832,1.17835,5.32,1.00
2018.09.21 05:32:46.601,1.17833,1.17835,1.00,1.00
2018.09.21 05:32:47.230,1.17832,1.17836,3.07,4.12
2018.09.21 05:32:47.562,1.17835,1.17839,3.82,4.57
2018.09.21 05:32:47.881,1.17834,1.17836,1.00,2.62
2018.09.21 05:32:48.480,1.17833,1.17835,2.25,1.00
2018.09.21 05:32:49.329,1.17833,1.17835,3.75,1.00
2018.09.21 05:32:51.467,1.17834,1.17835,1.00,1.00
2018.09.21 05:32:52.155,1.17833,1.17835,1.31,1.00
2018.09.21 05:32:54.935,1.17834,1.17835,1.00,1.00
2018.09.21 05:32:55.439,1.17833,1.17835,3.37,1.00
2018.09.21 05:32:56.054,1.17833,1.17835,3.37,1.00
2018.09.21 05:32:57.050,1.17833,1.17835,1.31,1.00
2018.09.21 05:33:03.729,1.17834,1.17835,1.00,1.00
2018.09.21 05:33:04.341,1.17833,1.17835,5.44,1.00
2018.09.21 05:33:05.857,1.17834,1.17835,1.00,1.00
2018.09.21 05:33:07.138,1.17833,1.17835,3.37,1.00
2018.09.21 05:33:17.087,1.17833,1.17835,5.44,1.00
2018.09.21 05:33:17.997,1.17833,1.17836,5.44,1.12
2018.09.21 05:33:27.195,1.17834,1.17836,8.44,1.50
2018.09.21 05:33:27.249,1.17836,1.17838,1.00,4.31
2018.09.21 05:33:27.639,1.17835,1.17836,1.00,1.12
2018.09.21 05:33:28.192,1.17834,1.17836,2.32,1.00
2018.09.21 05:33:28.743,1.17834,1.17837,2.44,1.50
2018.09.21 05:33:29.420,1.17834,1.17837,3.19,3.94
2018.09.21 05:33:29.524,1.17833,1.17837,4.57,5.14
2018.09.21 05:33:30.035,1.17833,1.17836,5.14,2.06
2018.09.21 05:33:32.078,1.17833,1.17836,1.31,1.31
2018.09.21 05:33:32.620,1.17833,1.17836,1.12,1.12
2018.09.21 05:33:33.193,1.17833,1.17835,1.31,1.69
2018.09.21 05:33:35.611,1.17834,1.17836,1.87,1.87
2018.09.21 05:33:36.145,1.17834,1.17837,1.87,5.89
2018.09.21 05:33:36.695,1.17835,1.17837,1.50,3.94
2018.09.21 05:33:37.657,1.17835,1.17837,1.69,4.69
2018.09.21 05:33:38.285,1.17835,1.17837,1.50,3.19
2018.09.21 05:33:39.269,1.17835,1.17837,1.69,3.94
2018.09.21 05:33:40.740,1.17833,1.17837,7.12,3.37
2018.09.21 05:33:41.371,1.17834,1.17837,1.31,4.31
2018.09.21 05:33:45.723,1.17833,1.17837,1.87,4.31
2018.09.21 05:33:46.282,1.17833,1.17837,2.81,6.56
2018.09.21 05:33:46.938,1.17834,1.17836,1.00,1.69
2018.09.21 05:33:47.635,1.17833,1.17837,2.81,6.56
2018.09.21 05:33:48.259,1.17834,1.17836,1.00,1.50
2018.09.21 05:33:50.026,1.17833,1.17836,3.75,1.00
2018.09.21 05:33:50.191,1.17835,1.17836,1.12,1.50
2018.09.21 05:33:50.710,1.17834,1.17836,1.69,1.50
2018.09.21 05:33:51.220,1.17833,1.17835,1.12,1.00
2018.09.21 05:33:54.410,1.17834,1.17835,1.00,1.00
2018.09.21 05:33:54.517,1.17835,1.17837,1.31,1.12
2018.09.21 05:33:54.785,1.17834,1.17835,2.51,1.00
2018.09.21 05:33:58.554,1.17832,1.17835,3.19,1.69
2018.09.21 05:33:59.320,1.17832,1.17834,2.51,1.69
2018.09.21 05:34:03.371,1.17831,1.17833,5.44,1.00
2018.09.21 05:34:03.603,1.17831,1.17832,1.87,1.50
2018.09.21 05:34:04.334,1.17831,1.17832,1.12,1.50
2018.09.21 05:34:07.358,1.1783,1.17833,3.94,3.75
2018.09.21 05:34:07.606,1.17832,1.17835,1.12,4.50
2018.09.21 05:34:09.269,1.17831,1.17835,3.37,2.25
2018.09.21 05:34:10.842,1.17832,1.17835,1.12,3.75
2018.09.21 05:34:11.370,1.17831,1.17835,3.00,2.25
2018.09.21 05:34:12.273,1.17831,1.17835,2.62,2.81
2018.09.21 05:34:15.826,1.17831,1.17835,3.94,2.81
2018.09.21 05:34:16.630,1.17831,1.17835,7.31,2.81
2018.09.21 05:34:17.236,1.17832,1.17835,1.50,2.25
2018.09.21 05:34:19.568,1.17832,1.17835,2.62,4.69
2018.09.21 05:34:20.928,1.17832,1.17835,2.62,3.75
2018.09.21 05:34:21.482,1.17833,1.17834,1.12,1.00
2018.09.21 05:34:23.549,1.17832,1.17835,2.25,3.19
2018.09.21 05:34:25.784,1.17832,1.17834,1.87,1.00
2018.09.21 05:34:26.286,1.17831,1.17835,4.12,3.19
2018.09.21 05:34:27.922,1.17832,1.17834,3.37,1.00
2018.09.21 05:34:28.449,1.17832,1.17835,1.87,2.62
2018.09.21 05:34:31.213,1.17832,1.17834,2.25,1.00
2018.09.21 05:34:32.319,1.17832,1.17835,1.12,1.69
2018.09.21 05:34:32.885,1.17831,1.17835,5.62,1.69
2018.09.21 05:34:33.417,1.17831,1.17835,4.87,1.69
2018.09.21 05:34:35.480,1.17832,1.17834,1.87,1.00
2018.09.21 05:34:36.225,1.17831,1.17835,4.87,1.69
2018.09.21 05:34:38.192,1.17832,1.17834,1.95,1.00
2018.09.21 05:34:38.744,1.17831,1.17835,6.82,2.44
2018.09.21 05:34:40.987,1.17832,1.17834,1.95,1.00
2018.09.21 05:34:42.517,1.17831,1.17835,6.07,1.69
2018.09.21 05:34:45.164,1.17832,1.17834,1.95,1.00
2018.09.21 05:34:45.893,1.17831,1.17835,7.57,2.25
2018.09.21 05:34:46.455,1.17833,1.17834,1.12,1.00
2018.09.21 05:34:47.202,1.17832,1.17835,2.32,2.25
2018.09.21 05:34:47.838,1.17833,1.17834,2.62,1.00
2018.09.21 05:34:48.525,1.17833,1.17835,1.12,3.00
2018.09.21 05:34:52.964,1.17833,1.17834,2.62,1.00
2018.09.21 05:34:53.575,1.17833,1.17835,1.12,2.25
2018.09.21 05:34:57.200,1.17833,1.17835,1.12,1.69
2018.09.21 05:34:57.899,1.17833,1.17835,1.12,1.69
2018.09.21 05:35:00.408,1.17833,1.17834,1.50,1.00
2018.09.21 05:35:00.916,1.17832,1.17835,4.31,1.50
2018.09.21 05:35:06.805,1.17833,1.17834,1.12,1.00
2018.09.21 05:35:07.518,1.17833,1.17835,2.06,2.44
2018.09.21 05:35:08.063,1.17833,1.17834,3.37,1.00
2018.09.21 05:35:09.158,1.17832,1.17835,3.64,1.50
2018.09.21 05:35:09.822,1.17833,1.17834,1.87,1.00
2018.09.21 05:35:10.462,1.17832,1.17835,4.39,2.44
2018.09.21 05:35:11.006,1.17833,1.17834,1.87,1.00
2018.09.21 05:35:11.565,1.17832,1.17835,4.20,3.00
2018.09.21 05:35:12.082,1.17832,1.17834,4.12,2.25
2018.09.21 05:35:12.732,1.17832,1.17835,2.62,2.25
2018.09.21 05:35:13.280,1.17832,1.17833,4.12,1.50
2018.09.21 05:35:14.208,1.17831,1.17833,7.50,1.00
2018.09.21 05:35:14.624,1.17833,1.17835,2.10,1.12
2018.09.21 05:35:14.835,1.17833,1.17837,12.15,1.87
2018.09.21 05:35:14.941,1.17836,1.17838,1.00,5.32
2018.09.21 05:35:15.539,1.17836,1.17837,1.00,1.00
2018.09.21 05:35:16.134,1.17836,1.17838,1.00,2.47
2018.09.21 05:35:16.656,1.17837,1.17839,1.00,1.00
2018.09.21 05:35:19.025,1.17835,1.17837,1.95,3.41
2018.09.21 05:35:19.132,1.17833,1.17836,1.50,1.69
2018.09.21 05:35:19.765,1.17834,1.17836,1.50,4.01
2018.09.21 05:35:20.684,1.17833,1.17836,2.62,2.51
2018.09.21 05:35:22.811,1.17834,1.17836,1.00,4.54
2018.09.21 05:35:23.464,1.17833,1.17836,3.37,3.79
2018.09.21 05:35:23.993,1.17834,1.17836,1.00,3.11
2018.09.21 05:35:24.646,1.17833,1.17836,1.12,2.55
2018.09.21 05:35:25.328,1.17833,1.17836,1.31,3.30
2018.09.21 05:35:25.598,1.17835,1.17837,1.50,4.87
2018.09.21 05:35:25.651,1.17834,1.17836,3.19,2.25
2018.09.21 05:35:26.162,1.17834,1.17837,2.44,3.41
2018.09.21 05:35:27.043,1.17833,1.17837,7.69,5.36
2018.09.21 05:35:27.323,1.17836,1.17838,1.50,2.89
2018.09.21 05:35:28.504,1.17836,1.17837,1.00,1.50
2018.09.21 05:35:31.791,1.17835,1.17837,4.31,1.00
2018.09.21 05:35:32.338,1.17836,1.17837,2.06,1.69
2018.09.21 05:35:34.206,1.17835,1.17837,6.00,1.00
2018.09.21 05:35:34.734,1.17835,1.17837,3.94,1.00
2018.09.21 05:35:35.392,1.17835,1.17837,2.06,1.00
2018.09.21 05:35:44.666,1.17833,1.17837,8.25,7.87
2018.09.21 05:35:44.985,1.17832,1.17834,1.50,1.69
2018.09.21 05:35:53.993,1.1783,1.17834,7.61,1.10
2018.09.21 05:35:55.617,1.1783,1.17834,4.72,1.25
2018.09.21 05:35:58.181,1.1783,1.17833,1.12,1.20
2018.09.21 05:35:58.453,1.17827,1.17831,2.32,5.14
2018.09.21 05:35:59.001,1.17827,1.1783,1.00,2.32
2018.09.21 05:35:59.106,1.17827,1.17828,1.00,1.00
2018.09.21 05:35:59.681,1.17827,1.17829,1.00,1.50
2018.09.21 05:36:00.620,1.17826,1.17829,1.76,1.00
2018.09.21 05:36:03.697,1.17826,1.17828,2.06,1.00
2018.09.21 05:36:03.856,1.17824,1.17827,1.00,5.44
2018.09.21 05:36:04.467,1.17824,1.17826,1.50,1.00
2018.09.21 05:36:04.990,1.17825,1.17827,1.00,3.00
2018.09.21 05:36:05.527,1.17825,1.17826,1.00,1.00
2018.09.21 05:36:06.065,1.17825,1.17827,1.00,2.25
2018.09.21 05:36:13.765,1.17823,1.17827,3.75,6.97
2018.09.21 05:36:13.922,1.17823,1.17825,1.00,3.37
2018.09.21 05:36:14.434,1.17822,1.17825,2.47,2.62
2018.09.21 05:36:14.987,1.17823,1.17825,1.00,1.50
2018.09.21 05:36:15.502,1.17823,1.17824,1.00,1.00
2018.09.21 05:36:16.365,1.17823,1.17825,1.00,3.00
2018.09.21 05:36:17.034,1.17823,1.17824,1.00,1.00
2018.09.21 05:36:17.584,1.17823,1.17825,1.00,1.87
2018.09.21 05:36:18.255,1.17822,1.17824,1.00,1.00
2018.09.21 05:36:19.885,1.17821,1.17822,2.44,1.00
2018.09.21 05:36:20.310,1.1782,1.17824,7.39,3.07
2018.09.21 05:36:20.900,1.1782,1.17823,3.26,1.00
2018.09.21 05:36:21.688,1.1782,1.17824,2.14,2.32
2018.09.21 05:36:22.222,1.17821,1.17824,1.00,1.00
2018.09.21 05:36:30.419,1.1782,1.17821,1.00,1.00
2018.09.21 05:36:30.525,1.17819,1.17821,3.82,1.00
2018.09.21 05:36:31.479,1.17818,1.17821,3.00,1.50
2018.09.21 05:36:31.742,1.17819,1.17821,1.69,1.00
2018.09.21 05:36:32.247,1.17821,1.17823,1.00,2.62
2018.09.21 05:36:33.245,1.17821,1.17823,1.00,2.06
2018.09.21 05:36:36.254,1.17819,1.17823,5.10,3.97
2018.09.21 05:36:42.101,1.17821,1.17823,1.00,3.75
2018.09.21 05:36:42.850,1.1782,1.17823,1.95,2.44
2018.09.21 05:36:43.380,1.17821,1.17823,1.00,3.75
2018.09.21 05:36:44.015,1.1782,1.17822,1.95,1.00
2018.09.21 05:36:45.615,1.17821,1.17823,1.00,3.75
2018.09.21 05:36:46.140,1.1782,1.17822,4.01,1.00
2018.09.21 05:36:46.684,1.17821,1.17822,1.00,1.00
2018.09.21 05:36:48.681,1.1782,1.17822,2.51,1.00
2018.09.21 05:36:48.839,1.17818,1.17821,1.95,3.00
2018.09.21 05:36:49.389,1.17818,1.17821,1.31,6.94
2018.09.21 05:36:49.930,1.17817,1.17821,2.44,3.56
2018.09.21 05:36:50.442,1.17818,1.1782,1.25,1.19
2018.09.21 05:36:50.602,1.17816,1.17819,3.45,2.25
2018.09.21 05:36:51.108,1.17817,1.17819,1.00,2.62
2018.09.21 05:36:51.697,1.17816,1.17819,2.51,1.25
2018.09.21 05:36:53.055,1.17816,1.17819,4.24,1.00
2018.09.21 05:36:53.573,1.17817,1.1782,4.05,4.50
2018.09.21 05:36:54.592,1.1782,1.17821,1.00,1.00
2018.09.21 05:36:54.846,1.17821,1.17823,1.25,1.87
2018.09.21 05:36:55.762,1.17821,1.17824,1.76,2.62
2018.09.21 05:36:56.766,1.17821,1.17824,5.36,3.00
2018.09.21 05:36:58.898,1.17823,1.17824,1.35,1.00
2018.09.21 05:36:59.046,1.17826,1.17827,2.85,3.82
2018.09.21 05:36:59.103,1.17828,1.1783,2.85,1.12
2018.09.21 05:36:59.211,1.17831,1.17832,1.00,1.87
2018.09.21 05:36:59.368,1.17833,1.17836,3.30,1.50
2018.09.21 05:37:00.219,1.17833,1.17835,1.42,1.37
2018.09.21 05:37:00.447,1.1783,1.17834,1.95,7.50
2018.09.21 05:37:00.602,1.17829,1.17832,1.00,1.12
2018.09.21 05:37:02.239,1.17829,1.17832,1.00,2.06
2018.09.21 05:37:03.322,1.17829,1.17832,1.00,4.50
2018.09.21 05:37:03.914,1.17828,1.17831,2.47,1.00
2018.09.21 05:37:04.463,1.17828,1.17832,2.17,3.75
2018.09.21 05:37:05.013,1.17828,1.17831,1.12,1.25
2018.09.21 05:37:06.221,1.17828,1.17831,1.12,1.69
2018.09.21 05:37:21.504,1.17827,1.17828,1.50,1.50
2018.09.21 05:37:21.617,1.17824,1.17827,5.62,1.12
2018.09.21 05:37:21.878,1.17823,1.17825,1.12,1.00
2018.09.21 05:37:23.333,1.17822,1.17825,1.57,1.00
2018.09.21 05:37:23.926,1.17824,1.17825,1.50,1.50
2018.09.21 05:37:24.032,1.17825,1.17829,1.42,10.61
2018.09.21 05:37:24.645,1.17825,1.17828,3.00,1.00
2018.09.21 05:37:25.265,1.17825,1.17829,2.25,6.56
2018.09.21 05:37:25.782,1.17826,1.17829,1.57,1.25
2018.09.21 05:37:26.505,1.17826,1.1783,2.92,1.31
2018.09.21 05:37:28.466,1.17827,1.1783,3.04,1.12
2018.09.21 05:37:29.854,1.17826,1.17828,2.70,2.62
2018.09.21 05:37:29.959,1.17824,1.17827,1.00,3.00
2018.09.21 05:37:30.512,1.17823,1.17826,1.01,4.12
2018.09.21 05:37:31.538,1.17823,1.17826,2.44,1.87
2018.09.21 05:37:31.590,1.17825,1.17828,1.00,4.50
2018.09.21 05:37:32.112,1.17826,1.17828,1.05,1.00
2018.09.21 05:37:32.786,1.17826,1.17829,1.01,1.00
2018.09.21 05:37:33.733,1.17826,1.17831,2.14,5.63
2018.09.21 05:37:34.384,1.17826,1.1783,2.70,1.25
2018.09.21 05:37:34.757,1.17828,1.17831,2.25,3.07
2018.09.21 05:37:36.391,1.17828,1.1783,1.00,1.00
2018.09.21 05:37:37.054,1.17827,1.17831,2.44,5.06
2018.09.21 05:37:37.849,1.17827,1.17831,1.50,2.81
2018.09.21 05:37:39.803,1.17827,1.1783,1.50,1.00
2018.09.21 05:37:40.493,1.17827,1.17831,1.50,5.25
2018.09.21 05:37:41.033,1.17827,1.17831,1.50,10.31
2018.09.21 05:37:42.262,1.17826,1.17828,2.25,1.00
2018.09.21 05:37:42.315,1.17826,1.1783,9.86,1.50
2018.09.21 05:37:43.867,1.17827,1.17831,3.41,4.16
2018.09.21 05:37:44.371,1.17829,1.17832,1.00,3.75
2018.09.21 05:37:44.909,1.17829,1.17832,1.87,7.12
2018.09.21 05:37:45.022,1.17829,1.17832,1.00,5.25
2018.09.21 05:37:45.538,1.17828,1.17831,3.00,1.37
2018.09.21 05:37:46.117,1.17828,1.17831,2.25,1.00
2018.09.21 05:37:47.360,1.17828,1.17831,2.25,3.20
2018.09.21 05:37:47.883,1.17828,1.17831,1.50,1.10
2018.09.21 05:37:49.854,1.17828,1.17831,1.10,2.23
2018.09.21 05:37:50.374,1.17827,1.17831,4.61,5.15
2018.09.21 05:37:50.926,1.17827,1.17831,5.55,2.79
2018.09.21 05:37:51.441,1.17829,1.17831,1.00,1.87
2018.09.21 05:37:53.171,1.1783,1.17832,5.17,1.00
2018.09.21 05:37:53.487,1.17833,1.17836,3.67,1.35
2018.09.21 05:37:57.677,1.17833,1.17836,3.67,1.25
2018.09.21 05:37:59.285,1.17833,1.17836,1.57,1.25
2018.09.21 05:38:00.101,1.17833,1.17835,2.32,1.00
2018.09.21 05:38:01.090,1.17833,1.17835,1.00,1.69
2018.09.21 05:38:02.626,1.17833,1.17835,1.00,1.69
2018.09.21 05:38:02.730,1.17831,1.17835,3.07,2.44
2018.09.21 05:38:04.110,1.17831,1.17835,5.14,3.19
2018.09.21 05:38:04.621,1.17831,1.17835,4.20,2.25
2018.09.21 05:38:05.150,1.17831,1.17835,3.94,5.44
2018.09.21 05:38:05.737,1.17832,1.17835,1.10,2.25
2018.09.21 05:38:06.311,1.17833,1.17834,1.00,1.12
2018.09.21 05:38:06.863,1.17833,1.17835,1.00,1.50
2018.09.21 05:38:08.770,1.17833,1.17835,1.00,3.19
2018.09.21 05:38:11.161,1.17831,1.17833,1.95,1.50
2018.09.21 05:38:12.287,1.17828,1.17831,2.70,6.41
2018.09.21 05:38:12.751,1.17827,1.1783,2.32,3.00
2018.09.21 05:38:13.432,1.17827,1.17829,1.00,1.00
2018.09.21 05:38:15.212,1.17827,1.17829,1.00,1.69
2018.09.21 05:38:15.894,1.17827,1.17829,1.00,3.94
2018.09.21 05:38:16.300,1.17827,1.17831,2.44,7.42
2018.09.21 05:38:16.835,1.17827,1.1783,1.76,1.00
2018.09.21 05:38:16.991,1.17829,1.1783,1.00,1.00
2018.09.21 05:38:20.675,1.17828,1.17831,1.10,2.62
2018.09.21 05:38:20.994,1.1783,1.17834,4.16,1.12
2018.09.21 05:38:21.619,1.17831,1.17833,3.22,1.00
2018.09.21 05:38:25.897,1.17832,1.17835,7.91,1.00
2018.09.21 05:38:26.421,1.17833,1.17836,1.35,3.00
2018.09.21 05:38:26.982,1.17833,1.17836,2.10,3.75
2018.09.21 05:38:28.962,1.17832,1.17836,4.99,3.94
2018.09.21 05:38:29.643,1.17832,1.17836,6.11,4.31
2018.09.21 05:38:30.478,1.17833,1.17836,1.00,4.31
2018.09.21 05:38:31.021,1.17832,1.17836,5.66,4.50
2018.09.21 05:38:31.548,1.17832,1.17836,5.47,6.37
2018.09.21 05:38:32.079,1.17832,1.17836,6.79,7.87
2018.09.21 05:38:32.602,1.17833,1.17836,1.00,6.19
2018.09.21 05:38:33.140,1.17833,1.17837,2.47,4.35
2018.09.21 05:38:33.908,1.17834,1.17837,1.00,7.01
2018.09.21 05:38:34.857,1.17833,1.17837,4.69,5.44
2018.09.21 05:38:35.313,1.17833,1.17836,2.62,1.19
2018.09.21 05:38:35.838,1.17833,1.17836,1.25,1.25
2018.09.21 05:38:36.717,1.17835,1.17838,4.54,6.00
2018.09.21 05:38:37.239,1.17836,1.17839,2.29,2.70
2018.09.21 05:38:37.903,1.17837,1.17839,1.35,1.95
2018.09.21 05:38:42.133,1.17836,1.17837,1.00,1.50
2018.09.21 05:38:42.239,1.17834,1.17837,1.10,1.25
2018.09.21 05:38:42.452,1.17832,1.17834,2.89,1.00
2018.09.21 05:38:42.994,1.17832,1.17834,1.50,2.25
2018.09.21 05:38:44.920,1.17832,1.17835,2.10,1.12
2018.09.21 05:38:45.251,1.17833,1.17837,3.67,3.45
2018.09.21 05:38:45.773,1.17833,1.17837,5.17,8.02
2018.09.21 05:38:46.503,1.17833,1.17835,5.92,1.00
2018.09.21 05:38:50.663,1.17833,1.17835,5.92,1.00
2018.09.21 05:38:51.261,1.17834,1.17836,1.00,1.00
2018.09.21 05:38:51.784,1.17833,1.17837,3.60,2.25
2018.09.21 05:38:52.972,1.17835,1.17837,3.60,1.87
2018.09.21 05:38:53.075,1.17833,1.17837,1.80,1.69
2018.09.21 05:38:53.126,1.17833,1.17835,2.55,1.00
2018.09.21 05:38:54.012,1.17834,1.17835,1.00,1.50
2018.09.21 05:38:54.329,1.17835,1.17837,1.00,3.07
2018.09.21 05:38:54.561,1.17835,1.17839,9.60,3.37
2018.09.21 05:38:57.690,1.17836,1.17839,2.25,3.37
2018.09.21 05:38:57.742,1.17838,1.1784,6.41,4.87
2018.09.21 05:38:57.795,1.1784,1.17841,1.00,3.75
2018.09.21 05:38:57.850,1.17841,1.17843,1.35,1.87
2018.09.21 05:38:58.166,1.1784,1.17841,5.44,1.31
2018.09.21 05:38:58.336,1.17837,1.1784,1.00,6.56
2018.09.21 05:38:58.646,1.17834,1.17837,2.25,1.12
2018.09.21 05:38:59.640,1.17835,1.17838,4.20,4.50
2018.09.21 05:39:00.187,1.17835,1.17839,6.26,3.45
2018.09.21 05:39:00.705,1.17835,1.17838,3.26,1.50
2018.09.21 05:39:02.142,1.17835,1.17838,4.01,2.25
2018.09.21 05:39:03.051,1.17835,1.17837,2.89,1.00
2018.09.21 05:39:03.430,1.17834,1.17835,1.50,1.00
2018.09.21 05:39:05.984,1.17834,1.17836,1.00,3.94
2018.09.21 05:39:06.336,1.17832,1.17836,3.38,5.44
2018.09.21 05:39:06.544,1.17832,1.17834,1.00,1.00
2018.09.21 05:39:07.137,1.17831,1.17833,1.25,1.25
2018.09.21 05:39:07.948,1.1783,1.17833,3.82,3.37
2018.09.21 05:39:09.302,1.17829,1.17831,1.00,5.44
2018.09.21 05:39:09.846,1.17829,1.1783,1.00,1.25
2018.09.21 05:39:10.837,1.17829,1.17831,1.00,3.94
2018.09.21 05:39:13.644,1.17829,1.1783,1.00,1.25
2018.09.21 05:39:15.485,1.17829,1.17831,1.00,3.19
2018.09.21 05:39:16.264,1.17829,1.17831,1.00,3.19
2018.09.21 05:39:16.507,1.17827,1.1783,4.12,1.25
2018.09.21 05:39:16.611,1.17827,1.17828,1.50,1.50
2018.09.21 05:39:16.928,1.17825,1.17827,2.25,2.50
2018.09.21 05:39:18.096,1.17826,1.17827,1.00,1.87
2018.09.21 05:39:20.915,1.17825,1.17827,2.25,1.00
2018.09.21 05:39:21.179,1.17826,1.17829,4.12,3.45
2018.09.21 05:39:21.710,1.17827,1.1783,1.00,3.56
2018.09.21 05:39:22.244,1.17826,1.1783,6.60,5.62
2018.09.21 05:39:22.965,1.17827,1.17829,1.00,1.00
2018.09.21 05:39:23.478,1.17826,1.17829,3.11,1.00
2018.09.21 05:39:24.057,1.17827,1.17829,1.00,1.87
2018.09.21 05:39:25.243,1.17826,1.17829,3.11,2.62
2018.09.21 05:39:25.772,1.17828,1.1783,1.00,2.25
2018.09.21 05:39:26.383,1.17829,1.17832,1.12,4.87
2018.09.21 05:39:28.105,1.17829,1.17832,1.12,1.87
2018.09.21 05:39:30.583,1.17829,1.17831,1.12,1.00
2018.09.21 05:39:34.684,1.17829,1.17831,1.12,1.50
2018.09.21 05:39:35.902,1.17829,1.17831,1.00,1.12
2018.09.21 05:39:41.661,1.17829,1.1783,1.00,1.31
2018.09.21 05:39:41.817,1.17827,1.17829,1.00,1.00
2018.09.21 05:39:42.429,1.17826,1.17828,2.70,1.00
2018.09.21 05:39:43.468,1.17826,1.17829,1.12,4.87
2018.09.21 05:39:44.740,1.17826,1.17829,1.12,4.12
2018.09.21 05:39:46.942,1.17826,1.17828,2.62,2.25
2018.09.21 05:39:53.538,1.17825,1.17828,4.12,2.44
2018.09.21 05:39:53.698,1.17824,1.17826,1.72,1.00
2018.09.21 05:39:54.411,1.17826,1.17828,1.00,3.37
2018.09.21 05:39:54.565,1.17826,1.17829,3.37,4.50
2018.09.21 05:39:55.003,1.17828,1.1783,4.54,1.00
2018.09.21 05:39:55.266,1.17827,1.17831,4.91,5.25
2018.09.21 05:39:55.997,1.17828,1.17831,1.00,5.62
2018.09.21 05:39:56.102,1.17827,1.17829,4.72,1.00
2018.09.21 05:40:00.203,1.17827,1.1783,5.29,2.06
2018.09.21 05:40:00.810,1.17827,1.17829,2.47,1.00
2018.09.21 05:40:03.741,1.17827,1.1783,3.04,4.12
2018.09.21 05:40:09.121,1.17828,1.1783,1.00,2.25
2018.09.21 05:40:09.635,1.17827,1.1783,6.22,3.00
2018.09.21 05:40:10.194,1.17827,1.1783,3.22,1.50
2018.09.21 05:40:11.157,1.17827,1.1783,5.66,1.50
2018.09.21 05:40:12.492,1.17828,1.1783,1.00,2.62
2018.09.21 05:40:13.000,1.17829,1.17831,9.79,1.00
2018.09.21 05:40:15.217,1.1783,1.17833,2.10,4.31
2018.09.21 05:40:15.271,1.17832,1.17834,1.00,6.00
2018.09.21 05:40:15.484,1.17833,1.17835,1.35,2.62
2018.09.21 05:40:15.998,1.17833,1.17834,1.00,1.00
2018.09.21 05:40:16.510,1.17832,1.17834,2.47,1.00
2018.09.21 05:40:18.295,1.17831,1.17833,1.57,1.50
2018.09.21 05:40:18.402,1.1783,1.17832,1.00,2.44
2018.09.21 05:40:18.807,1.17828,1.17831,4.61,2.81
2018.09.21 05:40:19.329,1.17827,1.17831,6.11,2.62
2018.09.21 05:40:20.372,1.17829,1.17831,1.00,3.75
2018.09.21 05:40:20.961,1.17829,1.1783,1.00,1.00
2018.09.21 05:40:21.589,1.17828,1.1783,1.00,1.87
2018.09.21 05:40:22.829,1.17828,1.1783,1.00,3.37
2018.09.21 05:40:23.366,1.17826,1.17829,1.80,3.00
2018.09.21 05:40:23.911,1.17826,1.17828,1.95,1.50
2018.09.21 05:40:24.990,1.17826,1.17828,1.76,1.00
2018.09.21 05:40:25.686,1.17827,1.17828,1.25,1.87
2018.09.21 05:40:26.213,1.17827,1.1783,2.25,3.19
2018.09.21 05:40:28.405,1.17828,1.1783,1.00,3.56
2018.09.21 05:40:28.978,1.17827,1.1783,2.44,6.19
2018.09.21 05:40:29.686,1.17828,1.1783,1.25,6.37
2018.09.21 05:40:30.508,1.17827,1.17829,2.44,1.00
2018.09.21 05:40:31.481,1.17828,1.17829,1.25,1.12
2018.09.21 05:40:32.245,1.17827,1.17829,2.44,2.12
2018.09.21 05:40:33.481,1.17827,1.17828,2.44,1.00
2018.09.21 05:40:35.058,1.17826,1.17828,3.41,2.44
2018.09.21 05:40:35.563,1.17827,1.17828,1.25,2.44
2018.09.21 05:40:36.096,1.17828,1.1783,2.10,1.00
2018.09.21 05:40:36.666,1.17828,1.17831,5.47,3.37
2018.09.21 05:40:37.363,1.17828,1.17831,5.66,3.37
2018.09.21 05:40:38.045,1.17828,1.17831,1.12,2.62
2018.09.21 05:40:39.165,1.17828,1.17831,1.12,1.87
2018.09.21 05:40:43.214,1.17829,1.17831,1.00,1.87
2018.09.21 05:40:43.981,1.17828,1.17831,2.85,1.87
2018.09.21 05:40:46.040,1.17829,1.17831,1.00,1.87
2018.09.21 05:40:47.059,1.17828,1.17831,2.10,1.87
2018.09.21 05:40:47.583,1.17828,1.17831,1.35,2.62
2018.09.21 05:40:48.147,1.17829,1.17831,1.00,4.12
2018.09.21 05:40:48.667,1.17828,1.17831,2.10,3.37
2018.09.21 05:40:50.059,1.17828,1.17831,2.10,2.62
2018.09.21 05:40:52.959,1.17827,1.1783,7.54,2.25
2018.09.21 05:40:53.470,1.17828,1.17829,1.35,1.00
2018.09.21 05:40:54.014,1.17828,1.1783,1.00,4.50
2018.09.21 05:40:54.770,1.17828,1.1783,1.00,2.25
2018.09.21 05:40:55.280,1.17827,1.1783,6.22,2.25
2018.09.21 05:40:57.350,1.17827,1.1783,4.72,2.25
2018.09.21 05:40:58.760,1.17827,1.1783,3.22,1.12
2018.09.21 05:41:00.130,1.17828,1.1783,1.00,3.00
2018.09.21 05:41:00.459,1.17829,1.17832,3.75,3.00
2018.09.21 05:41:01.465,1.1783,1.17832,2.25,1.00
2018.09.21 05:41:01.999,1.17829,1.17833,7.91,5.44
2018.09.21 05:41:02.814,1.1783,1.17833,2.62,3.00
2018.09.21 05:41:03.315,1.17829,1.17832,1.87,1.31
2018.09.21 05:41:05.119,1.17828,1.17832,7.54,1.69
2018.09.21 05:41:08.402,1.1783,1.17833,1.87,2.10
2018.09.21 05:41:08.904,1.17829,1.17832,2.25,1.50
2018.09.21 05:41:09.770,1.1783,1.17832,1.00,1.50
2018.09.21 05:41:10.273,1.17829,1.17832,4.12,1.00
2018.09.21 05:41:11.581,1.1783,1.17832,1.00,1.50
2018.09.21 05:41:12.299,1.17829,1.17832,1.87,1.25
2018.09.21 05:41:12.850,1.1783,1.17832,1.50,2.62
2018.09.21 05:41:18.010,1.17829,1.17832,3.37,1.12
2018.09.21 05:41:18.636,1.17829,1.17831,1.50,3.94
2018.09.21 05:41:19.713,1.1783,1.17832,1.00,2.62
2018.09.21 05:41:20.217,1.17829,1.17833,5.25,3.37
2018.09.21 05:41:20.859,1.1783,1.17833,1.00,2.25
2018.09.21 05:41:21.629,1.1783,1.17832,3.00,1.00
2018.09.21 05:41:21.732,1.17831,1.17834,1.12,5.10
2018.09.21 05:41:22.342,1.17831,1.17833,1.87,1.00
2018.09.21 05:41:22.872,1.17831,1.17834,1.87,3.75
2018.09.21 05:41:23.998,1.17833,1.17834,1.12,1.00
2018.09.21 05:41:24.053,1.17833,1.17836,1.50,2.62
2018.09.21 05:41:25.757,1.17834,1.17836,1.12,2.25
2018.09.21 05:41:28.193,1.17833,1.17837,10.05,1.12
2018.09.21 05:41:29.761,1.17836,1.17838,1.00,3.00
2018.09.21 05:41:30.272,1.17837,1.1784,2.10,4.01
2018.09.21 05:41:32.294,1.17836,1.17839,1.50,1.01
2018.09.21 05:41:35.521,1.17835,1.17839,7.39,2.14
2018.09.21 05:41:36.952,1.17835,1.17838,1.00,1.00
2018.09.21 05:41:37.457,1.17835,1.17839,1.00,6.79
2018.09.21 05:41:38.044,1.17834,1.17838,4.05,1.50
2018.09.21 05:41:38.828,1.17834,1.17837,3.67,1.87
2018.09.21 05:41:39.353,1.17833,1.17836,2.25,1.25
2018.09.21 05:41:40.416,1.17833,1.17835,3.00,1.00
2018.09.21 05:41:41.364,1.17834,1.17836,1.12,2.06
2018.09.21 05:41:41.884,1.17834,1.17835,1.12,1.00
2018.09.21 05:41:42.779,1.17834,1.17836,1.12,2.06
2018.09.21 05:41:43.710,1.17834,1.17835,1.12,1.00
2018.09.21 05:41:44.246,1.17833,1.17836,2.25,1.31
2018.09.21 05:41:44.770,1.17833,1.17836,2.25,2.44
2018.09.21 05:41:44.875,1.17832,1.17836,3.26,7.57
2018.09.21 05:41:45.391,1.17833,1.17836,1.00,7.31
2018.09.21 05:41:45.996,1.17832,1.17835,1.00,1.87
2018.09.21 05:41:47.332,1.17832,1.17835,1.00,1.00
2018.09.21 05:41:48.704,1.17831,1.17835,2.25,3.00
2018.09.21 05:41:49.253,1.17831,1.17835,1.50,2.62
2018.09.21 05:41:50.065,1.17831,1.17834,1.50,1.00
2018.09.21 05:41:50.643,1.17831,1.17835,2.25,1.12
2018.09.21 05:41:52.997,1.17831,1.17835,4.87,1.00
2018.09.21 05:41:53.048,1.17833,1.17835,1.00,1.00
2018.09.21 05:41:53.581,1.17832,1.17835,3.37,1.50
2018.09.21 05:41:54.146,1.17833,1.17835,1.00,1.50
2018.09.21 05:41:55.292,1.17831,1.17835,2.81,1.69
2018.09.21 05:41:55.344,1.17832,1.17835,2.25,1.00
2018.09.21 05:41:56.241,1.17832,1.17836,3.00,3.45
2018.09.21 05:41:58.960,1.17832,1.17835,4.12,1.00
2018.09.21 05:41:59.567,1.17832,1.17836,3.37,1.50
2018.09.21 05:42:00.088,1.17832,1.17835,3.37,1.00
2018.09.21 05:42:03.140,1.17832,1.17834,1.50,1.00
2018.09.21 05:42:04.577,1.17833,1.17836,1.00,2.55
2018.09.21 05:42:05.348,1.17834,1.17837,1.00,3.07
2018.09.21 05:42:07.329,1.17833,1.17837,3.26,3.19
2018.09.21 05:42:07.958,1.17833,1.17836,1.00,2.44
2018.09.21 05:42:08.062,1.17833,1.17835,1.00,3.19
2018.09.21 05:42:08.114,1.17831,1.17833,1.00,1.00
2018.09.21 05:42:08.640,1.1783,1.17833,3.30,1.00
2018.09.21 05:42:10.360,1.17831,1.17835,2.25,3.82
2018.09.21 05:42:10.905,1.17832,1.17835,1.00,1.87
2018.09.21 05:42:12.916,1.17831,1.17835,2.25,1.87
2018.09.21 05:42:13.983,1.17831,1.17835,1.57,5.51
2018.09.21 05:42:14.518,1.17831,1.17833,1.00,3.56
2018.09.21 05:42:19.766,1.17831,1.17834,1.12,1.87
2018.09.21 05:42:22.708,1.17831,1.17834,1.72,3.00
2018.09.21 05:42:23.234,1.1783,1.17833,1.50,2.44
2018.09.21 05:42:23.794,1.1783,1.17833,1.12,1.00
2018.09.21 05:42:24.296,1.1783,1.17834,1.50,3.19
2018.09.21 05:42:29.160,1.1783,1.17834,4.76,4.76
2018.09.21 05:42:31.010,1.1783,1.17834,2.06,2.44
2018.09.21 05:42:33.598,1.17831,1.17834,1.50,1.50
2018.09.21 05:42:34.761,1.17831,1.17835,1.00,7.99
2018.09.21 05:42:35.301,1.17831,1.17834,1.00,1.25
2018.09.21 05:42:42.174,1.1783,1.17834,5.14,5.51
2018.09.21 05:42:42.707,1.1783,1.17832,1.69,1.00
2018.09.21 05:42:43.265,1.1783,1.17833,1.69,3.00
2018.09.21 05:42:44.463,1.1783,1.17833,1.12,1.69
2018.09.21 05:42:44.515,1.17831,1.17834,1.87,2.62
2018.09.21 05:42:54.883,1.17831,1.17833,1.87,1.00
2018.09.21 05:43:05.309,1.17831,1.17835,1.50,6.19
2018.09.21 05:43:12.965,1.1783,1.17834,9.56,4.50
2018.09.21 05:43:13.483,1.17831,1.17834,1.12,2.81
2018.09.21 05:43:17.388,1.17831,1.17832,1.00,1.00
2018.09.21 05:43:18.040,1.17829,1.17833,5.47,2.62
2018.09.21 05:43:20.760,1.17829,1.17832,4.35,1.00
2018.09.21 05:43:23.228,1.17832,1.17834,1.12,1.50
2018.09.21 05:43:33.701,1.17832,1.17836,3.60,7.87
2018.09.21 05:43:38.041,1.17832,1.17836,1.50,6.00
2018.09.21 05:43:39.007,1.17832,1.17836,1.69,5.06
2018.09.21 05:43:40.638,1.17831,1.17835,3.19,2.06
2018.09.21 05:43:41.145,1.17831,1.17835,6.64,2.06
2018.09.21 05:43:43.173,1.17832,1.17834,1.00,1.00
2018.09.21 05:43:51.224,1.17831,1.17832,1.00,1.00
2018.09.21 05:43:51.750,1.1783,1.17833,3.19,1.87
2018.09.21 05:43:53.072,1.17831,1.17833,1.00,2.62
2018.09.21 05:43:53.820,1.17831,1.17832,1.50,1.00
2018.09.21 05:43:54.793,1.17831,1.17833,1.00,5.62
2018.09.21 05:43:55.469,1.17831,1.17832,1.50,1.50
2018.09.21 05:43:55.997,1.1783,1.17832,1.50,1.50
2018.09.21 05:43:57.239,1.17831,1.17832,1.00,2.25
2018.09.21 05:43:57.782,1.1783,1.17832,2.25,1.00
2018.09.21 05:44:00.642,1.17829,1.17831,4.50,1.50
2018.09.21 05:44:01.239,1.1783,1.17831,1.69,2.25
2018.09.21 05:44:01.768,1.1783,1.17831,1.25,2.25
2018.09.21 05:44:02.328,1.17829,1.17831,1.95,2.25
2018.09.21 05:44:02.667,1.17825,1.17826,1.57,1.25
2018.09.21 05:44:02.720,1.17824,1.17825,1.50,2.10
2018.09.21 05:44:02.879,1.17822,1.17824,1.12,1.00
2018.09.21 05:44:03.586,1.17822,1.17823,1.69,1.00
2018.09.21 05:44:04.872,1.17822,1.17824,1.00,4.20
2018.09.21 05:44:05.400,1.17822,1.17823,1.00,1.00
2018.09.21 05:44:06.088,1.17822,1.17824,1.00,4.20
2018.09.21 05:44:09.300,1.17822,1.17823,1.00,1.00
2018.09.21 05:44:09.637,1.17823,1.17826,1.00,6.26
2018.09.21 05:44:09.690,1.17826,1.17827,1.00,1.00
2018.09.21 05:44:10.211,1.17826,1.17828,4.91,1.00
2018.09.21 05:44:12.378,1.17826,1.17828,1.00,2.25
2018.09.21 05:44:12.952,1.17824,1.17826,1.95,1.12
2018.09.21 05:44:13.056,1.17823,1.17826,1.50,4.16
2018.09.21 05:44:13.610,1.17823,1.17826,1.00,2.81
2018.09.21 05:44:14.282,1.17822,1.17826,3.00,2.44
2018.09.21 05:44:14.982,1.17822,1.17826,3.94,6.94
2018.09.21 05:44:15.089,1.17821,1.17822,1.50,1.30
2018.09.21 05:44:15.174,1.1782,1.17821,1.10,1.00
2018.09.21 05:44:15.285,1.17818,1.17821,1.12,1.00
2018.09.21 05:44:15.986,1.17818,1.1782,1.00,1.00
2018.09.21 05:44:16.489,1.17817,1.17821,1.00,9.37
2018.09.21 05:44:16.863,1.17815,1.17818,2.25,1.00
2018.09.21 05:44:16.967,1.17815,1.17817,1.00,5.81
2018.09.21 05:44:17.227,1.17814,1.17816,1.00,1.00
2018.09.21 05:44:17.760,1.17813,1.17816,1.54,3.94
2018.09.21 05:44:18.282,1.17812,1.17815,1.50,1.00
2018.09.21 05:44:18.816,1.17811,1.17814,1.25,1.00
2018.09.21 05:44:19.368,1.17812,1.17814,1.00,1.50
2018.09.21 05:44:19.569,1.1781,1.17813,1.87,1.00
2018.09.21 05:44:20.539,1.1781,1.17813,3.00,1.50
2018.09.21 05:44:21.478,1.1781,1.17813,5.81,2.44
2018.09.21 05:44:22.568,1.17811,1.17813,2.12,2.25
2018.09.21 05:44:23.069,1.17811,1.17813,2.06,1.00
2018.09.21 05:44:26.784,1.17812,1.17813,1.00,2.25
2018.09.21 05:44:27.367,1.17811,1.17813,2.62,1.50
2018.09.21 05:44:27.898,1.17812,1.17813,1.00,1.50
2018.09.21 05:44:28.470,1.17811,1.17813,2.25,1.00
2018.09.21 05:44:29.418,1.17812,1.17813,1.50,1.50
2018.09.21 05:44:32.344,1.17812,1.17814,1.69,1.69
2018.09.21 05:44:32.870,1.17812,1.17815,2.25,4.12
2018.09.21 05:44:33.076,1.17813,1.17815,1.00,2.62
2018.09.21 05:44:33.232,1.17816,1.17818,1.00,1.10
2018.09.21 05:44:36.200,1.17815,1.17818,3.00,4.72
2018.09.21 05:44:36.360,1.17815,1.17816,1.50,1.00
2018.09.21 05:44:36.868,1.17813,1.17815,1.50,1.12
2018.09.21 05:44:37.659,1.17813,1.17815,1.25,1.31
2018.09.21 05:44:38.417,1.17812,1.17815,3.07,1.12
2018.09.21 05:44:44.270,1.17812,1.17815,3.19,1.39
2018.09.21 05:44:44.831,1.17812,1.17815,4.12,5.14
2018.09.21 05:44:45.008,1.17811,1.17814,6.07,1.12
2018.09.21 05:44:45.114,1.17812,1.17814,3.04,2.62
2018.09.21 05:44:45.688,1.17811,1.17815,8.85,1.31
2018.09.21 05:44:47.410,1.17815,1.17817,1.00,1.10
2018.09.21 05:44:47.948,1.17816,1.17818,1.12,1.00
2018.09.21 05:44:55.228,1.17816,1.17817,1.00,1.00
2018.09.21 05:44:58.475,1.17817,1.17819,2.85,2.81
2018.09.21 05:45:00.841,1.17817,1.17821,4.35,13.99
2018.09.21 05:45:01.347,1.17819,1.1782,1.00,1.50
2018.09.21 05:45:01.501,1.17823,1.17825,1.00,1.10
2018.09.21 05:45:02.031,1.17822,1.17826,2.62,5.51
2018.09.21 05:45:02.512,1.17821,1.17823,1.00,5.44
2018.09.21 05:45:02.667,1.17819,1.17822,1.50,3.79
2018.09.21 05:45:02.922,1.17819,1.17821,1.00,4.69
2018.09.21 05:45:03.889,1.17819,1.17821,1.00,5.44
2018.09.21 05:45:04.423,1.17819,1.1782,1.00,1.00
2018.09.21 05:45:07.823,1.17818,1.17821,1.50,2.44
2018.09.21 05:45:08.623,1.17819,1.17821,1.00,1.00
2018.09.21 05:45:08.734,1.17821,1.17824,5.10,3.37
2018.09.21 05:45:08.788,1.17823,1.17824,1.00,1.12
2018.09.21 05:45:09.330,1.17823,1.17825,1.00,1.12
2018.09.21 05:45:17.271,1.17824,1.17827,6.60,1.12
2018.09.21 05:45:17.375,1.17828,1.1783,1.00,1.00
2018.09.21 05:45:17.883,1.17828,1.17831,6.86,1.31
2018.09.21 05:45:18.389,1.17828,1.17832,6.49,1.69
2018.09.21 05:45:19.016,1.17828,1.17831,1.87,2.44
2018.09.21 05:45:19.338,1.17828,1.1783,1.12,1.88
2018.09.21 05:45:20.088,1.17828,1.1783,1.00,2.25
2018.09.21 05:45:20.195,1.17829,1.17832,1.00,5.55
2018.09.21 05:45:20.992,1.17828,1.17831,4.39,5.25
2018.09.21 05:45:21.325,1.17827,1.17828,1.00,1.50
2018.09.21 05:45:21.480,1.17825,1.17827,1.10,1.50
2018.09.21 05:45:25.131,1.17824,1.17828,8.17,2.62
2018.09.21 05:45:25.676,1.17825,1.17827,1.10,1.00
2018.09.21 05:45:25.730,1.17824,1.17826,2.50,6.26
2018.09.21 05:45:25.978,1.17819,1.17822,1.00,4.91
2018.09.21 05:45:26.498,1.17817,1.17821,3.86,2.81
2018.09.21 05:45:27.284,1.17817,1.17821,3.67,4.31
2018.09.21 05:45:28.041,1.17817,1.17821,1.95,5.06
2018.09.21 05:45:28.605,1.17817,1.1782,1.00,6.37
2018.09.21 05:45:29.697,1.17817,1.17819,1.00,1.00
2018.09.21 05:45:30.212,1.17817,1.1782,1.00,3.37
2018.09.21 05:45:32.295,1.17817,1.17819,2.92,1.00
2018.09.21 05:45:33.169,1.17814,1.17816,4.95,2.44
2018.09.21 05:45:33.221,1.17813,1.17814,1.57,1.50
2018.09.21 05:45:33.335,1.17809,1.1781,2.70,1.00
2018.09.21 05:45:33.491,1.17807,1.17809,1.07,1.12
2018.09.21 05:45:33.699,1.17809,1.17811,3.41,2.62
2018.09.21 05:45:33.806,1.17811,1.17814,1.25,3.75
2018.09.21 05:45:34.038,1.17812,1.17815,1.87,3.37
2018.09.21 05:45:34.607,1.17812,1.17815,1.57,1.00
2018.09.21 05:45:36.036,1.17813,1.17816,1.50,3.56
2018.09.21 05:45:38.557,1.17812,1.17816,5.17,6.22
2018.09.21 05:45:40.157,1.17816,1.17817,2.06,2.62
2018.09.21 05:45:40.264,1.17817,1.17819,1.50,1.12
2018.09.21 05:45:40.877,1.17818,1.1782,1.50,1.12
2018.09.21 05:45:41.397,1.17818,1.17821,1.00,8.06
2018.09.21 05:45:42.107,1.17817,1.17821,1.12,8.62
2018.09.21 05:45:42.929,1.17817,1.17821,1.50,6.19
2018.09.21 05:45:46.813,1.17817,1.17821,2.10,7.91
2018.09.21 05:45:47.782,1.17817,1.1782,2.10,1.00
2018.09.21 05:45:49.831,1.17817,1.1782,2.10,2.25
2018.09.21 05:45:50.373,1.17817,1.1782,1.72,1.50
2018.09.21 05:45:55.369,1.17817,1.1782,2.10,1.12
2018.09.21 05:45:57.644,1.17816,1.17818,3.00,1.00
2018.09.21 05:45:58.160,1.17816,1.17818,3.75,1.87
2018.09.21 05:45:58.848,1.17816,1.17818,1.87,1.50
2018.09.21 05:46:00.496,1.17816,1.17817,1.00,1.00
2018.09.21 05:46:01.142,1.17815,1.17817,1.00,1.25
2018.09.21 05:46:01.728,1.17815,1.17816,1.00,1.00
2018.09.21 05:46:04.707,1.17816,1.17819,1.12,1.95
2018.09.21 05:46:05.365,1.17816,1.17819,1.12,1.00
2018.09.21 05:46:07.137,1.17816,1.17819,2.92,1.50
2018.09.21 05:46:09.673,1.17818,1.1782,1.87,2.25
2018.09.21 05:46:09.828,1.1782,1.17821,1.30,1.00
2018.09.21 05:46:10.468,1.17819,1.17821,1.50,1.00
2018.09.21 05:46:10.974,1.17819,1.17821,1.12,3.56
2018.09.21 05:46:11.633,1.17818,1.17821,1.87,5.81
2018.09.21 05:46:12.534,1.17817,1.1782,6.22,1.25
2018.09.21 05:46:18.599,1.17817,1.17821,3.22,4.31
2018.09.21 05:46:20.381,1.17817,1.17821,4.16,5.06
2018.09.21 05:46:21.038,1.17817,1.17821,3.22,4.31
2018.09.21 05:46:22.702,1.17818,1.17821,1.20,5.81
2018.09.21 05:46:23.373,1.17817,1.17821,4.42,3.56
2018.09.21 05:46:29.067,1.17818,1.1782,1.20,1.00
2018.09.21 05:46:30.108,1.17818,1.17821,1.05,3.56
2018.09.21 05:46:31.023,1.17818,1.17821,2.55,4.31
2018.09.21 05:46:35.755,1.17818,1.17821,1.30,2.81
2018.09.21 05:46:36.331,1.17818,1.17821,1.30,3.56
2018.09.21 05:46:37.834,1.17818,1.17821,1.72,3.19
2018.09.21 05:46:39.801,1.17817,1.17819,1.35,1.00
2018.09.21 05:46:40.120,1.17813,1.17815,1.00,1.00
2018.09.21 05:46:45.580,1.17812,1.17814,1.12,1.87
2018.09.21 05:46:45.737,1.1781,1.17813,1.10,5.44
2018.09.21 05:46:48.010,1.17809,1.17812,2.29,5.10
2018.09.21 05:46:48.062,1.17808,1.17811,7.20,1.00
2018.09.21 05:46:48.570,1.17807,1.17811,1.87,3.56
2018.09.21 05:46:49.105,1.17807,1.1781,1.87,2.29
2018.09.21 05:46:49.159,1.17807,1.17809,1.00,2.62
2018.09.21 05:46:49.877,1.17806,1.17809,3.37,2.62
2018.09.21 05:46:54.493,1.17806,1.17809,2.25,2.25
2018.09.21 05:46:55.432,1.17806,1.17808,1.00,1.00
2018.09.21 05:46:56.051,1.17806,1.17809,1.00,1.50
2018.09.21 05:46:56.572,1.17806,1.17808,1.35,2.81
2018.09.21 05:46:56.894,1.17803,1.17805,1.00,1.12
2018.09.21 05:46:57.947,1.17803,1.17804,1.00,1.00
2018.09.21 05:47:00.246,1.17804,1.17806,1.35,2.25
2018.09.21 05:47:00.353,1.17806,1.17807,4.42,1.00
2018.09.21 05:47:00.460,1.17807,1.17809,1.35,1.12
2018.09.21 05:47:01.949,1.17807,1.17809,1.35,1.50
2018.09.21 05:47:02.115,1.17805,1.17806,1.10,2.10
2018.09.21 05:47:02.716,1.17804,1.17806,1.00,4.31
2018.09.21 05:47:03.464,1.17802,1.17806,1.57,6.37
2018.09.21 05:47:03.986,1.17802,1.17806,1.57,3.37
2018.09.21 05:47:04.304,1.17801,1.17803,2.32,1.00
2018.09.21 05:47:04.815,1.17801,1.17804,1.20,3.37
2018.09.21 05:47:05.229,1.178,1.17802,5.14,1.00
2018.09.21 05:47:05.524,1.178,1.17804,6.26,7.20
2018.09.21 05:47:05.974,1.17801,1.17803,1.20,3.60
2018.09.21 05:47:06.026,1.17799,1.17801,1.20,1.50
2018.09.21 05:47:06.630,1.17798,1.178,1.00,2.25
2018.09.21 05:47:07.198,1.17798,1.17799,1.00,1.00
2018.09.21 05:47:08.476,1.17799,1.178,1.00,1.50
2018.09.21 05:47:09.261,1.17794,1.17796,8.66,1.00
2018.09.21 05:47:09.807,1.17794,1.17795,1.12,1.00
2018.09.21 05:47:12.921,1.17793,1.17796,3.07,2.62
2018.09.21 05:47:16.016,1.17791,1.17793,4.20,2.91
2018.09.21 05:47:16.119,1.17789,1.17791,3.37,1.00
2018.09.21 05:47:16.391,1.1779,1.17792,1.00,2.25
2018.09.21 05:47:17.098,1.17791,1.17793,1.00,2.25
2018.09.21 05:47:18.047,1.17791,1.17793,2.25,1.00
2018.09.21 05:47:18.148,1.17792,1.17795,2.62,1.87
2018.09.21 05:47:18.833,1.17792,1.17796,4.95,2.25
2018.09.21 05:47:19.366,1.17794,1.17796,1.00,1.12
2018.09.21 05:47:22.128,1.17792,1.17796,2.62,4.12
2018.09.21 05:47:24.148,1.17792,1.17795,2.62,1.00
2018.09.21 05:47:25.735,1.17792,1.17794,1.00,1.00
2018.09.21 05:47:26.464,1.17792,1.17795,1.00,1.12
2018.09.21 05:47:27.007,1.17792,1.17796,2.25,4.12
2018.09.21 05:47:27.876,1.17792,1.17796,1.69,2.62
2018.09.21 05:47:30.010,1.17792,1.17796,2.25,2.25
2018.09.21 05:47:31.009,1.17796,1.17797,1.00,1.00
2018.09.21 05:47:31.537,1.17796,1.17798,3.04,1.00
2018.09.21 05:47:32.513,1.17796,1.17799,2.66,4.12
2018.09.21 05:47:32.834,1.17797,1.178,1.37,4.50
2018.09.21 05:47:33.468,1.17798,1.17801,5.62,1.00
2018.09.21 05:47:34.140,1.17798,1.17802,3.00,3.37
2018.09.21 05:47:34.681,1.17798,1.17802,3.79,6.79
2018.09.21 05:47:37.275,1.17798,1.17802,2.85,4.91
2018.09.21 05:47:37.808,1.17798,1.17801,4.54,1.69
2018.09.21 05:47:38.492,1.17798,1.17802,2.85,5.66
2018.09.21 05:47:39.043,1.17798,1.17802,4.35,7.72
2018.09.21 05:47:40.569,1.17798,1.17801,3.60,1.00
2018.09.21 05:47:42.921,1.17798,1.17802,3.60,4.35
2018.09.21 05:47:44.207,1.178,1.17802,1.50,1.50
2018.09.21 05:47:45.746,1.178,1.17803,2.25,1.10
2018.09.21 05:47:47.959,1.17799,1.17802,4.12,3.94
2018.09.21 05:47:48.535,1.17797,1.17801,3.37,4.31
2018.09.21 05:47:49.294,1.17799,1.17801,1.37,2.85
2018.09.21 05:47:49.404,1.178,1.17803,2.62,7.39
2018.09.21 05:47:50.083,1.178,1.17803,2.25,3.75
2018.09.21 05:47:52.433,1.178,1.17802,1.87,1.00
2018.09.21 05:47:55.412,1.17799,1.17801,3.00,1.00
2018.09.21 05:47:55.949,1.17799,1.17801,1.00,3.37
2018.09.21 05:47:56.001,1.17797,1.17801,3.75,5.47
2018.09.21 05:47:56.106,1.17796,1.17797,1.57,2.25
2018.09.21 05:47:57.984,1.17796,1.17799,1.87,4.12
2018.09.21 05:47:58.091,1.17797,1.178,1.50,1.12
2018.09.21 05:48:00.175,1.17799,1.17801,1.00,1.20
2018.09.21 05:48:00.714,1.17798,1.178,1.31,1.25
2018.09.21 05:48:02.608,1.17797,1.17801,6.79,3.19
2018.09.21 05:48:03.604,1.17797,1.178,7.16,1.00
2018.09.21 05:48:04.336,1.17797,1.17801,6.04,4.31
2018.09.21 05:48:04.930,1.17798,1.17801,1.31,3.94
2018.09.21 05:48:05.668,1.17797,1.17801,6.41,3.19
2018.09.21 05:48:06.007,1.17797,1.17801,6.41,3.19
2018.09.21 05:48:06.562,1.17797,1.178,1.00,3.79
2018.09.21 05:48:07.054,1.17795,1.17797,1.10,4.54
2018.09.21 05:48:07.645,1.17794,1.17796,1.12,1.50
2018.09.21 05:48:09.184,1.17794,1.17797,2.85,1.87
2018.09.21 05:48:09.343,1.17795,1.17799,1.87,4.31
2018.09.21 05:48:09.920,1.17795,1.17798,7.20,1.00
2018.09.21 05:48:10.193,1.178,1.17801,1.50,1.95
2018.09.21 05:48:10.444,1.178,1.17802,1.00,1.12
2018.09.21 05:48:11.651,1.17799,1.17802,1.25,1.87
2018.09.21 05:48:14.692,1.17799,1.17801,2.44,1.00
2018.09.21 05:48:14.951,1.17797,1.17799,3.07,1.00
2018.09.21 05:48:16.324,1.17797,1.17799,1.50,2.44
2018.09.21 05:48:16.943,1.17797,1.17799,1.00,1.69
2018.09.21 05:48:17.448,1.17796,1.17798,1.50,1.00
2018.09.21 05:48:19.285,1.17795,1.17796,1.87,1.00
2018.09.21 05:48:19.721,1.17795,1.17798,2.25,3.45
2018.09.21 05:48:20.259,1.17795,1.17799,1.50,2.81
2018.09.21 05:48:21.323,1.17795,1.17799,1.50,3.75
2018.09.21 05:48:23.916,1.17795,1.17799,1.50,3.00
2018.09.21 05:48:24.380,1.17797,1.17799,1.00,1.50
2018.09.21 05:48:25.085,1.17797,1.17799,1.00,2.81
2018.09.21 05:48:25.289,1.17795,1.17799,5.06,2.62
2018.09.21 05:48:25.728,1.17797,1.17799,1.00,1.87
2018.09.21 05:48:29.557,1.17797,1.17799,1.00,4.16
2018.09.21 05:48:30.097,1.17797,1.17799,1.00,3.22
2018.09.21 05:48:30.684,1.17797,1.17798,1.00,1.00
2018.09.21 05:48:31.187,1.17797,1.17799,1.00,2.10
2018.09.21 05:48:34.228,1.17795,1.17797,5.44,2.85
2018.09.21 05:48:34.387,1.17793,1.17797,1.50,6.19
2018.09.21 05:48:39.322,1.17794,1.17795,1.00,1.00
2018.09.21 05:48:39.669,1.17795,1.17797,6.04,1.57
2018.09.21 05:48:39.721,1.17796,1.17798,2.85,1.00
2018.09.21 05:48:39.773,1.17797,1.178,2.85,3.75
2018.09.21 05:48:46.253,1.17797,1.178,1.35,2.44
2018.09.21 05:48:54.207,1.17797,1.178,1.20,4.69
2018.09.21 05:48:56.676,1.17797,1.178,1.20,2.62
2018.09.21 05:48:58.167,1.17799,1.178,2.10,3.00
2018.09.21 05:48:58.276,1.178,1.17802,4.69,1.57
2018.09.21 05:48:58.814,1.178,1.17803,1.87,1.69
2018.09.21 05:48:59.861,1.178,1.17803,2.44,1.69
2018.09.21 05:49:00.375,1.178,1.17801,1.00,1.00
2018.09.21 05:49:00.897,1.17799,1.17801,1.12,2.06
2018.09.21 05:49:01.412,1.17798,1.17801,3.00,1.25
2018.09.21 05:49:02.334,1.17798,1.17801,1.50,3.79
2018.09.21 05:49:03.092,1.17798,1.17801,2.25,5.29
2018.09.21 05:49:05.089,1.17798,1.17801,1.50,2.29
2018.09.21 05:49:06.661,1.17798,1.17801,1.50,3.04
2018.09.21 05:49:07.484,1.17797,1.17801,6.67,3.60
2018.09.21 05:49:08.360,1.17797,1.178,5.92,1.00
2018.09.21 05:49:09.121,1.17798,1.178,1.00,1.25
2018.09.21 05:49:09.847,1.17798,1.17801,1.00,3.94
2018.09.21 05:49:10.438,1.17798,1.17801,1.00,3.94
2018.09.21 05:49:11.109,1.17798,1.17801,1.00,3.94
2018.09.21 05:49:11.677,1.17797,1.17801,8.74,3.19
2018.09.21 05:49:11.902,1.17798,1.17801,3.97,2.25
2018.09.21 05:49:11.956,1.178,1.17802,1.00,2.25
2018.09.21 05:49:18.011,1.178,1.17803,1.00,4.87
2018.09.21 05:49:24.141,1.17798,1.17801,3.82,1.00
2018.09.21 05:49:24.245,1.17798,1.17799,1.00,1.00
2018.09.21 05:49:24.350,1.17798,1.17801,1.00,9.11
2018.09.21 05:49:24.554,1.17797,1.17799,1.10,1.00
2018.09.21 05:49:25.086,1.17797,1.178,1.10,3.37
2018.09.21 05:49:25.693,1.17797,1.17799,1.10,1.00
2018.09.21 05:49:30.235,1.17797,1.178,1.10,5.62
2018.09.21 05:49:33.067,1.17797,1.17799,1.10,1.00
2018.09.21 05:49:34.087,1.17797,1.178,1.10,1.00
2018.09.21 05:49:41.192,1.17797,1.17799,1.10,1.00
2018.09.21 05:49:41.866,1.17797,1.178,1.10,2.25
2018.09.21 05:49:42.982,1.17797,1.178,1.47,1.12
2018.09.21 05:49:43.534,1.17798,1.17801,3.30,1.69
2018.09.21 05:49:44.112,1.17798,1.17801,3.30,3.19
2018.09.21 05:49:45.095,1.17798,1.17801,3.30,3.56
2018.09.21 05:49:46.092,1.17798,1.17801,2.55,1.69
2018.09.21 05:49:46.814,1.17798,1.17802,2.47,4.50
2018.09.21 05:49:47.533,1.17798,1.17802,2.47,4.50
2018.09.21 05:49:48.194,1.17799,1.17801,1.00,1.12
2018.09.21 05:49:49.081,1.17799,1.17801,1.00,2.25
2018.09.21 05:49:50.302,1.17798,1.17801,2.47,2.44
2018.09.21 05:49:51.063,1.17798,1.17801,1.95,1.25
2018.09.21 05:49:51.373,1.17795,1.17797,1.12,1.50
2018.09.21 05:49:55.985,1.17795,1.17796,1.12,1.25
2018.09.21 05:49:57.250,1.17795,1.17797,1.00,5.10
2018.09.21 05:49:57.923,1.17794,1.17797,1.72,4.35
2018.09.21 05:49:58.446,1.17793,1.17796,5.17,1.00
2018.09.21 05:49:58.971,1.17794,1.17797,1.72,8.10
2018.09.21 05:49:59.636,1.17794,1.17796,1.30,1.00
2018.09.21 05:50:00.141,1.17794,1.17797,1.72,8.10
2018.09.21 05:50:01.020,1.17794,1.17796,1.30,1.00
2018.09.21 05:50:01.677,1.17794,1.17797,1.30,5.10
2018.09.21 05:50:02.078,1.17796,1.17798,3.60,2.62
2018.09.21 05:50:02.626,1.17796,1.17798,2.14,1.00
2018.09.21 05:50:05.140,1.17796,1.17799,2.14,1.00
2018.09.21 05:50:08.011,1.17796,1.17799,3.26,3.56
2018.09.21 05:50:09.017,1.17796,1.17799,2.32,1.87
2018.09.21 05:50:10.285,1.17796,1.17798,3.07,1.00
2018.09.21 05:50:12.672,1.17796,1.17798,2.32,1.50
2018.09.21 05:50:15.095,1.17796,1.17798,1.00,1.69
2018.09.21 05:50:18.072,1.17795,1.17796,1.20,1.87
2018.09.21 05:50:18.129,1.17793,1.17796,3.07,3.37
2018.09.21 05:50:18.646,1.17792,1.17795,7.01,1.00
2018.09.21 05:50:37.901,1.17793,1.17795,1.00,1.50
2018.09.21 05:50:42.802,1.17795,1.17798,4.42,3.56
2018.09.21 05:50:42.858,1.17797,1.17799,2.25,2.32
2018.09.21 05:50:48.343,1.17796,1.17799,1.25,1.31
2018.09.21 05:50:48.396,1.17795,1.17797,2.32,1.50
2018.09.21 05:50:48.728,1.17794,1.17795,1.00,1.00
2018.09.21 05:50:49.964,1.17792,1.17795,6.30,1.00
2018.09.21 05:50:51.536,1.17792,1.17795,7.42,1.00
2018.09.21 05:50:51.745,1.17795,1.17796,1.00,1.12
2018.09.21 05:50:53.276,1.17795,1.17797,1.12,1.50
2018.09.21 05:50:53.795,1.17795,1.17798,1.00,4.95
2018.09.21 05:50:54.676,1.17796,1.17799,1.57,2.25
2018.09.21 05:50:55.235,1.17796,1.178,2.32,3.07
2018.09.21 05:50:56.655,1.17796,1.178,2.70,4.20
2018.09.21 05:50:58.598,1.17796,1.17799,4.95,1.00
2018.09.21 05:50:59.596,1.17796,1.178,7.80,7.42
2018.09.21 05:51:01.036,1.17796,1.178,7.42,7.05
2018.09.21 05:51:05.902,1.17795,1.17798,7.20,1.00
2018.09.21 05:51:06.539,1.17795,1.17797,6.37,1.00
2018.09.21 05:51:07.764,1.17795,1.17798,4.12,1.00
2018.09.21 05:51:08.665,1.17795,1.17799,1.87,4.35
2018.09.21 05:51:09.177,1.17795,1.17798,4.12,1.00
2018.09.21 05:51:11.274,1.17795,1.17799,1.87,11.85
2018.09.21 05:51:11.897,1.17795,1.17798,1.87,1.00
2018.09.21 05:51:12.489,1.17795,1.17799,2.62,5.55
2018.09.21 05:51:22.157,1.17796,1.17798,5.10,1.00
2018.09.21 05:51:22.672,1.17796,1.17799,10.42,3.37
2018.09.21 05:51:23.289,1.17796,1.178,6.67,7.20
2018.09.21 05:51:25.009,1.17796,1.17799,8.55,1.00
2018.09.21 05:51:25.837,1.17796,1.178,6.30,4.95
2018.09.21 05:51:26.473,1.17799,1.178,1.00,2.25
2018.09.21 05:51:27.083,1.17799,1.17801,3.19,1.25
2018.09.21 05:51:33.576,1.17802,1.17803,1.50,4.87
2018.09.21 05:51:33.808,1.17808,1.17811,6.97,4.20
2018.09.21 05:51:34.019,1.17809,1.17812,1.12,6.56
2018.09.21 05:51:35.175,1.17809,1.17811,2.62,1.00
2018.09.21 05:51:35.739,1.17809,1.17812,1.12,5.81
2018.09.21 05:51:36.254,1.17809,1.17811,2.62,1.00
2018.09.21 05:51:37.073,1.17809,1.17812,1.12,6.56
2018.09.21 05:51:38.233,1.17809,1.17811,1.50,1.00
2018.09.21 05:51:40.048,1.17809,1.17811,1.00,2.06
2018.09.21 05:51:40.556,1.17809,1.17811,1.50,1.00
2018.09.21 05:51:42.922,1.17808,1.17811,3.60,5.47
2018.09.21 05:51:43.431,1.17807,1.1781,2.44,3.00
2018.09.21 05:51:44.149,1.17807,1.17811,2.44,4.69
2018.09.21 05:51:44.751,1.17808,1.1781,1.00,1.00
2018.09.21 05:51:45.460,1.17808,1.17811,1.00,6.19
2018.09.21 05:51:45.987,1.17807,1.17811,2.44,4.69
2018.09.21 05:51:46.455,1.17807,1.1781,3.19,1.19
2018.09.21 05:51:48.468,1.17807,1.17811,2.25,4.50
2018.09.21 05:51:48.782,1.17807,1.1781,3.94,1.19
2018.09.21 05:51:48.937,1.17807,1.17811,5.10,5.10
2018.09.21 05:51:49.487,1.17807,1.1781,6.79,1.00
2018.09.21 05:51:50.038,1.17808,1.1781,1.00,1.12
2018.09.21 05:51:51.696,1.17809,1.17812,1.30,3.30
2018.09.21 05:51:51.854,1.17811,1.17813,1.00,2.62
2018.09.21 05:51:51.908,1.17812,1.17814,1.00,1.00
2018.09.21 05:51:53.477,1.17812,1.17815,3.60,1.00
2018.09.21 05:51:56.858,1.17813,1.17816,1.25,4.54
2018.09.21 05:51:57.401,1.17812,1.17815,2.44,1.25
2018.09.21 05:52:00.089,1.17813,1.17815,1.25,2.06
2018.09.21 05:52:00.695,1.17812,1.17815,1.69,2.06
2018.09.21 05:52:02.549,1.17813,1.17815,1.25,3.19
2018.09.21 05:52:03.056,1.17812,1.17815,1.69,2.44
2018.09.21 05:52:04.173,1.17813,1.17815,1.25,2.06
2018.09.21 05:52:06.019,1.17812,1.17815,1.00,2.06
2018.09.21 05:52:06.070,1.17814,1.17815,1.00,1.25
2018.09.21 05:52:06.225,1.17816,1.17818,1.12,1.00
2018.09.21 05:52:06.769,1.17817,1.1782,1.00,4.01
2018.09.21 05:52:07.275,1.17817,1.1782,1.00,2.51
2018.09.21 05:52:08.140,1.17817,1.1782,1.00,3.26
2018.09.21 05:52:09.797,1.17817,1.1782,1.00,3.64
2018.09.21 05:52:15.142,1.17815,1.17818,1.00,7.12
2018.09.21 05:52:15.661,1.17814,1.17816,2.81,1.25
2018.09.21 05:52:16.235,1.17814,1.17817,2.81,4.31
2018.09.21 05:52:16.753,1.17814,1.17817,1.50,5.44
2018.09.21 05:52:31.237,1.17814,1.17817,1.50,6.26
2018.09.21 05:52:35.693,1.17814,1.17816,1.50,1.87
2018.09.21 05:52:36.571,1.17815,1.17817,1.00,5.06
2018.09.21 05:52:37.098,1.17815,1.17817,1.00,2.81
2018.09.21 05:52:40.092,1.17815,1.17817,1.50,1.69
2018.09.21 05:52:45.247,1.17815,1.17817,1.00,3.56
2018.09.21 05:52:46.056,1.17816,1.17817,1.00,1.31
2018.09.21 05:52:48.107,1.17815,1.17817,1.50,3.56
2018.09.21 05:52:48.624,1.17814,1.17815,1.69,1.00
2018.09.21 05:52:48.783,1.17809,1.17811,2.25,1.91
2018.09.21 05:52:49.294,1.17808,1.17811,1.00,1.31
2018.09.21 05:52:49.797,1.17808,1.17811,1.69,1.31
2018.09.21 05:52:50.333,1.17808,1.17811,1.00,1.31
2018.09.21 05:52:50.857,1.17808,1.17811,2.44,6.41
2018.09.21 05:52:51.786,1.17808,1.17811,1.10,2.62
2018.09.21 05:52:54.028,1.17809,1.17811,1.00,1.91
2018.09.21 05:52:54.541,1.17809,1.17811,1.00,1.31
2018.09.21 05:52:55.106,1.17809,1.17811,1.00,2.81
2018.09.21 05:52:56.361,1.17809,1.17811,1.00,1.31
2018.09.21 05:52:56.918,1.17809,1.17811,1.00,1.31
2018.09.21 05:53:03.922,1.17809,1.17811,1.00,2.06
2018.09.21 05:53:05.605,1.17809,1.17811,1.35,1.25
2018.09.21 05:53:07.587,1.17809,1.17811,1.35,1.19
2018.09.21 05:53:08.101,1.17809,1.17811,1.35,1.25
2018.09.21 05:53:19.664,1.17808,1.17811,1.72,1.91
2018.09.21 05:53:20.199,1.17808,1.17811,2.55,5.10
2018.09.21 05:53:24.908,1.17811,1.17813,2.10,9.37
2018.09.21 05:53:24.963,1.17811,1.17814,5.55,2.25
2018.09.21 05:53:25.069,1.17812,1.17815,2.70,3.37
2018.09.21 05:53:25.487,1.17814,1.17816,1.00,2.25
2018.09.21 05:53:26.015,1.17815,1.17816,1.00,1.50
2018.09.21 05:53:31.353,1.17815,1.17817,1.00,2.62
2018.09.21 05:53:32.041,1.17815,1.17816,1.00,1.00
2018.09.21 05:53:33.333,1.17815,1.17817,1.00,3.75
2018.09.21 05:53:35.201,1.17815,1.17816,1.00,1.50
2018.09.21 05:53:35.642,1.17813,1.17815,1.20,2.44
2018.09.21 05:53:36.205,1.17812,1.17814,1.50,1.30
2018.09.21 05:53:38.245,1.17812,1.17813,1.57,1.00
2018.09.21 05:53:42.020,1.17812,1.17814,1.25,2.85
2018.09.21 05:53:44.063,1.17812,1.17815,2.62,2.06
2018.09.21 05:53:44.552,1.17816,1.17817,1.87,1.00
2018.09.21 05:53:44.605,1.17816,1.17818,1.87,1.12
2018.09.21 05:53:45.601,1.17816,1.17819,4.95,2.62
2018.09.21 05:53:46.114,1.17816,1.17819,7.42,2.25
2018.09.21 05:53:47.596,1.17816,1.17819,4.87,3.19
2018.09.21 05:53:48.117,1.17817,1.17818,1.10,1.00
2018.09.21 05:53:48.844,1.17817,1.17821,1.50,4.50
2018.09.21 05:53:49.362,1.17818,1.17821,1.12,6.56
2018.09.21 05:53:50.131,1.17818,1.17821,1.12,2.44
2018.09.21 05:53:50.292,1.1782,1.17821,1.50,1.50
2018.09.21 05:53:50.347,1.17821,1.17824,4.80,1.00
2018.09.21 05:53:51.007,1.17821,1.17822,1.20,1.25
2018.09.21 05:53:51.063,1.1782,1.17821,1.20,1.00
2018.09.21 05:53:51.833,1.17819,1.17821,1.00,4.12
2018.09.21 05:54:06.945,1.17818,1.17821,1.50,7.01
2018.09.21 05:54:07.100,1.17817,1.17818,1.00,4.35
2018.09.21 05:54:07.637,1.17815,1.17817,1.00,2.81
2018.09.21 05:54:08.708,1.17814,1.17817,2.62,5.89
2018.09.21 05:54:09.231,1.17814,1.17816,1.50,1.12
2018.09.21 05:54:18.330,1.17814,1.17816,1.00,2.62
2018.09.21 05:54:18.669,1.17816,1.17817,3.97,1.00
2018.09.21 05:54:18.776,1.17817,1.1782,1.00,10.35
2018.09.21 05:54:19.339,1.17817,1.1782,1.00,1.87
2018.09.21 05:54:20.331,1.17817,1.1782,1.00,3.00
2018.09.21 05:54:21.773,1.17819,1.1782,1.12,1.00
2018.09.21 05:54:21.928,1.17818,1.17822,5.70,3.26
2018.09.21 05:54:22.328,1.1782,1.17822,1.00,2.25
2018.09.21 05:54:22.904,1.1782,1.17822,1.00,4.69
2018.09.21 05:54:37.124,1.1782,1.17822,1.00,2.62
2018.09.21 05:54:39.158,1.1782,1.17821,1.00,1.00
2018.09.21 05:54:39.712,1.1782,1.17822,1.25,1.12
2018.09.21 05:54:40.234,1.17821,1.17823,1.50,1.00
2018.09.21 05:54:47.647,1.1782,1.17822,2.32,1.00
2018.09.21 05:54:47.854,1.17819,1.17821,1.10,2.47
2018.09.21 05:54:48.378,1.17819,1.17821,1.39,1.00
2018.09.21 05:54:48.992,1.17818,1.17821,3.07,1.00
2018.09.21 05:54:51.045,1.1782,1.17822,1.50,4.12
2018.09.21 05:54:51.547,1.1782,1.17821,1.50,1.00
2018.09.21 05:54:52.104,1.1782,1.17822,1.50,6.37
2018.09.21 05:54:52.609,1.1782,1.17821,1.50,1.00
2018.09.21 05:54:53.114,1.1782,1.17822,1.00,7.50
2018.09.21 05:54:54.373,1.17819,1.17821,1.10,4.31
2018.09.21 05:54:54.909,1.17819,1.17821,1.10,6.60
2018.09.21 05:54:55.966,1.17819,1.17821,1.10,2.10
2018.09.21 05:55:00.131,1.17819,1.17821,1.10,2.47
2018.09.21 05:55:00.858,1.17819,1.17821,1.10,2.10
2018.09.21 05:55:01.420,1.17819,1.17821,1.10,2.10
2018.09.21 05:55:01.941,1.17819,1.17821,1.10,1.54
2018.09.21 05:55:02.472,1.17819,1.17821,1.10,1.72
2018.09.21 05:55:02.974,1.17819,1.17821,1.10,1.72
2018.09.21 05:55:03.774,1.17819,1.17821,1.00,1.72
2018.09.21 05:55:04.355,1.17819,1.17821,1.00,1.72
2018.09.21 05:55:04.991,1.17819,1.17821,1.00,1.72
2018.09.21 05:55:05.565,1.17819,1.17821,1.00,1.72
2018.09.21 05:55:07.360,1.17819,1.17821,1.69,3.97
2018.09.21 05:55:08.921,1.17819,1.17821,1.00,1.72
2018.09.21 05:55:10.089,1.17819,1.17821,1.69,3.97
2018.09.21 05:55:11.369,1.17819,1.17821,1.00,1.91
2018.09.21 05:55:11.900,1.17819,1.17821,1.69,3.60
2018.09.21 05:55:23.068,1.17819,1.17821,1.00,3.97
2018.09.21 05:55:25.754,1.17819,1.17821,1.69,6.04
2018.09.21 05:55:26.505,1.17819,1.17821,1.00,5.29
2018.09.21 05:55:27.695,1.17819,1.17821,1.69,3.04
2018.09.21 05:55:28.784,1.17819,1.17821,1.00,3.04
2018.09.21 05:55:30.486,1.17819,1.17821,1.69,3.04
2018.09.21 05:55:30.987,1.17819,1.17821,2.10,1.54
2018.09.21 05:55:32.235,1.17819,1.17821,2.10,1.54
2018.09.21 05:55:32.811,1.17819,1.17821,2.10,1.54
2018.09.21 05:55:34.337,1.17819,1.17821,2.10,1.54
2018.09.21 05:55:35.118,1.17819,1.17821,2.10,1.54
2018.09.21 05:55:36.543,1.17819,1.17821,1.50,1.19
2018.09.21 05:55:37.056,1.17819,1.17822,1.00,6.04
2018.09.21 05:55:44.318,1.17819,1.17822,1.76,7.72
2018.09.21 05:55:44.863,1.17819,1.17822,1.10,5.47
2018.09.21 05:55:45.724,1.17818,1.17822,2.89,7.72
2018.09.21 05:55:46.302,1.17818,1.17822,1.95,5.29
2018.09.21 05:55:52.063,1.17817,1.17819,3.37,2.62
2018.09.21 05:55:52.601,1.17817,1.1782,1.87,4.72
2018.09.21 05:55:52.999,1.17814,1.17816,2.51,1.44
2018.09.21 05:55:53.511,1.17814,1.17816,1.10,1.12
2018.09.21 05:55:54.050,1.17816,1.17818,1.35,4.50
2018.09.21 05:55:54.560,1.17817,1.1782,1.00,5.06
2018.09.21 05:55:55.437,1.17815,1.17818,4.20,2.25
2018.09.21 05:55:55.613,1.17815,1.17817,1.69,1.69
2018.09.21 05:55:56.637,1.17814,1.17817,2.81,1.69
2018.09.21 05:55:57.385,1.17814,1.17817,1.87,1.87
2018.09.21 05:55:58.014,1.17814,1.17817,3.56,3.00
2018.09.21 05:55:58.570,1.17814,1.17817,3.94,1.31
2018.09.21 05:55:59.124,1.17815,1.17817,4.91,1.50
2018.09.21 05:55:59.336,1.17817,1.1782,2.44,1.31
2018.09.21 05:56:00.076,1.17818,1.1782,1.25,3.19
2018.09.21 05:56:00.993,1.17817,1.1782,2.81,3.19
2018.09.21 05:56:03.807,1.17818,1.1782,1.25,1.69
2018.09.21 05:56:04.508,1.17817,1.1782,1.76,2.44
2018.09.21 05:56:06.522,1.17817,1.1782,2.32,4.69
2018.09.21 05:56:11.966,1.17817,1.1782,2.70,6.56
2018.09.21 05:56:13.654,1.17817,1.1782,2.32,3.56
2018.09.21 05:56:14.243,1.17817,1.1782,2.32,3.56
2018.09.21 05:56:15.570,1.17818,1.17819,1.00,1.00
2018.09.21 05:56:21.136,1.17816,1.17819,5.51,1.50
2018.09.21 05:56:21.241,1.17815,1.17818,1.10,1.50
2018.09.21 05:56:21.796,1.17815,1.17817,3.07,1.00
2018.09.21 05:56:22.351,1.17815,1.17818,1.57,3.86
2018.09.21 05:56:29.914,1.17814,1.17817,5.92,6.60
2018.09.21 05:56:30.564,1.17814,1.17816,1.50,1.69
2018.09.21 05:56:31.072,1.17814,1.17817,1.00,3.60
2018.09.21 05:56:31.588,1.17814,1.17816,1.00,1.19
2018.09.21 05:56:32.840,1.17814,1.17817,1.00,6.04
2018.09.21 05:56:40.523,1.17814,1.17816,1.00,1.69
2018.09.21 05:56:41.091,1.17814,1.17816,1.00,1.31
2018.09.21 05:56:41.605,1.17814,1.17816,1.00,1.69
2018.09.21 05:56:46.017,1.17814,1.17816,1.20,1.31
2018.09.21 05:56:47.123,1.17813,1.17816,4.95,1.31
2018.09.21 05:56:47.998,1.17813,1.17816,3.82,1.00
2018.09.21 05:56:50.779,1.17814,1.17817,3.64,1.50
2018.09.21 05:56:51.109,1.17817,1.1782,2.32,3.37
2018.09.21 05:56:51.695,1.17817,1.1782,1.31,2.62
2018.09.21 05:56:53.797,1.17817,1.1782,6.19,4.87
2018.09.21 05:56:54.320,1.17817,1.17819,1.25,1.31
2018.09.21 05:56:54.858,1.17817,1.17819,2.06,1.87
2018.09.21 05:56:55.367,1.17817,1.17818,1.12,1.00
2018.09.21 05:57:01.966,1.17816,1.17818,1.20,1.00
2018.09.21 05:57:02.020,1.17814,1.17817,8.92,3.60
2018.09.21 05:57:02.580,1.17814,1.17816,1.42,1.00
2018.09.21 05:57:09.215,1.17814,1.17816,1.01,3.22
2018.09.21 05:57:09.898,1.17813,1.17816,7.24,3.04
2018.09.21 05:57:20.202,1.17815,1.17817,3.04,1.50
2018.09.21 05:57:20.320,1.17816,1.17818,3.67,1.00
2018.09.21 05:57:20.864,1.17817,1.17819,1.00,1.12
2018.09.21 05:57:21.541,1.17818,1.1782,1.00,4.87
2018.09.21 05:57:23.070,1.17818,1.1782,1.00,5.06
2018.09.21 05:57:23.797,1.17818,1.1782,1.00,5.81
2018.09.21 05:57:24.495,1.17818,1.1782,1.00,6.56
2018.09.21 05:57:26.001,1.17817,1.1782,2.14,2.06
2018.09.21 05:57:28.851,1.17817,1.17819,1.39,1.00
2018.09.21 05:57:29.619,1.17817,1.17819,1.32,1.00
2018.09.21 05:57:30.139,1.17816,1.17819,9.49,1.00
2018.09.21 05:57:30.674,1.17818,1.17819,1.10,1.00
2018.09.21 05:57:31.348,1.17818,1.1782,1.00,1.69
2018.09.21 05:57:36.206,1.17817,1.1782,1.25,1.50
2018.09.21 05:57:43.082,1.17821,1.17823,1.00,7.12
2018.09.21 05:57:43.450,1.17822,1.17824,3.79,1.50
2018.09.21 05:57:54.545,1.17822,1.17824,1.69,1.00
2018.09.21 05:57:55.086,1.17822,1.17824,1.00,1.50
2018.09.21 05:58:00.243,1.1782,1.17821,2.70,1.00
2018.09.21 05:58:00.299,1.17818,1.17819,1.87,1.00
2018.09.21 05:58:00.818,1.17817,1.17819,1.10,1.69
2018.09.21 05:58:14.288,1.17818,1.1782,2.10,3.00
2018.09.21 05:58:14.341,1.17818,1.17821,3.79,3.19
2018.09.21 05:58:15.869,1.17819,1.17822,7.16,1.35
2018.09.21 05:58:16.435,1.1782,1.17823,1.69,1.50
2018.09.21 05:58:17.026,1.17821,1.17823,3.41,1.00
2018.09.21 05:58:17.734,1.17821,1.17824,4.16,7.12
2018.09.21 05:58:18.263,1.17822,1.17824,2.10,3.37
2018.09.21 05:58:18.916,1.17821,1.17824,5.29,5.10
2018.09.21 05:58:19.075,1.17821,1.17822,1.00,1.00
2018.09.21 05:58:19.622,1.17821,1.17823,1.10,2.10
2018.09.21 05:58:20.077,1.17819,1.17822,3.45,1.12
2018.09.21 05:58:20.666,1.1782,1.17821,4.69,1.00
2018.09.21 05:58:21.566,1.17819,1.17821,1.69,1.00
2018.09.21 05:58:22.836,1.17821,1.17823,1.00,1.87
2018.09.21 05:58:23.360,1.17821,1.17824,2.25,3.00
2018.09.21 05:58:23.895,1.17822,1.17824,1.25,3.94
2018.09.21 05:58:35.757,1.17823,1.17824,1.00,1.00
2018.09.21 05:58:36.471,1.17823,1.17825,1.00,3.60
2018.09.21 05:58:38.143,1.17822,1.17825,5.29,3.04
2018.09.21 05:58:40.663,1.17823,1.17825,1.25,3.79
2018.09.21 05:58:41.195,1.17822,1.17824,3.19,1.00
2018.09.21 05:58:41.932,1.17823,1.17824,1.25,1.50
2018.09.21 05:58:42.617,1.17822,1.17824,3.19,1.50
2018.09.21 05:58:45.988,1.17823,1.17824,1.25,2.25
2018.09.21 05:58:47.117,1.17822,1.17824,2.70,1.50
2018.09.21 05:58:53.248,1.17822,1.17825,1.00,3.41
2018.09.21 05:58:54.450,1.17824,1.17826,3.60,1.00
2018.09.21 05:58:54.956,1.17824,1.17827,3.37,2.62
2018.09.21 05:58:57.170,1.17825,1.17826,1.12,1.35
2018.09.21 05:58:58.538,1.17825,1.17827,1.31,1.12
2018.09.21 05:59:02.245,1.17826,1.17828,1.00,4.72
2018.09.21 05:59:03.900,1.17825,1.17828,2.32,4.72
2018.09.21 05:59:04.956,1.17826,1.17828,1.00,6.22
2018.09.21 05:59:10.370,1.17827,1.17828,1.00,4.35
2018.09.21 05:59:10.972,1.17826,1.17828,3.37,2.85
2018.09.21 05:59:12.023,1.17826,1.17828,5.47,1.00
2018.09.21 05:59:12.566,1.17827,1.17828,1.00,1.00
2018.09.21 05:59:13.818,1.17827,1.17829,1.50,1.87
2018.09.21 05:59:14.586,1.17827,1.17828,2.25,1.00
2018.09.21 05:59:15.597,1.17827,1.17829,1.50,1.12
2018.09.21 05:59:19.830,1.17827,1.17828,1.50,1.00
2018.09.21 05:59:19.933,1.17828,1.1783,4.87,1.12
2018.09.21 05:59:19.987,1.17829,1.1783,3.94,1.50
2018.09.21 05:59:20.094,1.17832,1.17834,3.60,1.20
2018.09.21 05:59:20.358,1.17835,1.17837,1.72,1.50
2018.09.21 05:59:20.412,1.17837,1.17838,1.25,3.45
2018.09.21 05:59:20.730,1.17839,1.17841,1.20,1.00
2018.09.21 05:59:22.051,1.17842,1.17843,1.00,1.12
2018.09.21 05:59:22.155,1.17842,1.17845,2.25,1.00
2018.09.21 05:59:22.259,1.17843,1.17845,4.54,1.25
2018.09.21 05:59:22.363,1.17842,1.17845,2.89,1.12
2018.09.21 05:59:22.890,1.17843,1.17845,1.25,6.37
2018.09.21 05:59:23.398,1.17842,1.17845,1.25,3.22
2018.09.21 05:59:25.499,1.17843,1.17845,1.25,4.91
2018.09.21 05:59:26.039,1.17842,1.17845,3.67,1.69
2018.09.21 05:59:27.159,1.17842,1.17845,3.79,2.06
2018.09.21 05:59:27.694,1.17842,1.17845,7.80,2.44
2018.09.21 05:59:28.456,1.17842,1.17845,4.61,2.81
2018.09.21 05:59:29.838,1.17842,1.17845,4.05,2.06
2018.09.21 05:59:31.391,1.17842,1.17845,3.64,2.06
2018.09.21 05:59:31.934,1.17842,1.17845,2.70,1.31
2018.09.21 05:59:32.453,1.17842,1.17845,2.89,1.69
2018.09.21 05:59:33.272,1.17842,1.17845,1.95,1.25
2018.09.21 05:59:37.051,1.17843,1.17845,1.76,1.00
2018.09.21 05:59:37.799,1.17843,1.17845,1.00,1.50
2018.09.21 05:59:38.337,1.17844,1.17846,1.95,1.00
2018.09.21 05:59:38.874,1.17844,1.17845,2.14,1.00
2018.09.21 05:59:40.012,1.17844,1.17846,1.76,1.12
2018.09.21 05:59:40.268,1.17846,1.17848,1.12,4.69
2018.09.21 05:59:40.813,1.17846,1.17848,5.89,1.87
2018.09.21 05:59:41.550,1.17846,1.17849,3.64,1.87
2018.09.21 05:59:42.097,1.17846,1.17848,4.39,1.00
2018.09.21 05:59:43.170,1.17846,1.17849,2.89,2.62
2018.09.21 05:59:43.902,1.17846,1.17848,6.64,1.00
2018.09.21 05:59:47.049,1.17845,1.17848,3.45,1.19
2018.09.21 05:59:48.423,1.17846,1.17848,1.20,2.25
2018.09.21 05:59:48.933,1.17847,1.17848,1.10,1.00
2018.09.21 05:59:49.467,1.17847,1.17849,1.10,3.19
2018.09.21 05:59:50.926,1.17847,1.17848,1.57,1.00
2018.09.21 05:59:54.002,1.17845,1.17848,6.64,3.19
2018.09.21 05:59:54.111,1.17844,1.17845,1.20,1.00
2018.09.21 05:59:54.615,1.17844,1.17846,3.64,1.00
2018.09.21 05:59:55.732,1.17846,1.17848,2.06,2.22
2018.09.21 05:59:59.221,1.17846,1.17849,2.89,3.00
