2017.11.09 23:00:00.276,1.16427,1.16446,1.50,1.75
2017.11.09 23:00:00.479,1.16431,1.16439,1.19,1.12
2017.11.09 23:00:00.531,1.16432,1.16444,1.31,1.75
2017.11.09 23:00:00.584,1.16431,1.16445,3.94,1.75
2017.11.09 23:00:00.738,1.16425,1.16444,3.94,1.19
2017.11.09 23:00:00.790,1.16425,1.16445,2.50,1.40
2017.11.09 23:00:00.842,1.16425,1.16446,0.25,3.26
2017.11.09 23:00:00.945,1.16425,1.16443,0.25,1.00
2017.11.09 23:00:01.048,1.16425,1.16445,0.25,3.00
2017.11.09 23:00:01.253,1.16425,1.16444,0.25,1.69
2017.11.09 23:00:01.400,1.16425,1.16444,0.25,1.50
2017.11.09 23:00:01.600,1.16425,1.16436,0.25,1.87
2017.11.09 23:00:01.754,1.16425,1.16437,0.25,2.25
2017.11.09 23:00:01.806,1.16429,1.16445,1.00,1.87
2017.11.09 23:00:01.858,1.16434,1.16447,1.80,1.00
2017.11.09 23:00:01.909,1.16434,1.16451,1.20,1.94
2017.11.09 23:00:01.961,1.16429,1.16452,1.72,2.44
2017.11.09 23:00:02.066,1.16425,1.16451,0.25,1.95
2017.11.09 23:00:02.221,1.16427,1.16451,1.00,2.13
2017.11.09 23:00:02.272,1.16425,1.16451,2.25,2.13
2017.11.09 23:00:02.324,1.16434,1.16448,1.25,1.00
2017.11.09 23:00:02.376,1.1643,1.16448,1.15,2.44
2017.11.09 23:00:02.538,1.16425,1.1645,0.62,4.01
2017.11.09 23:00:02.589,1.16425,1.1645,0.25,3.26
2017.11.09 23:00:02.641,1.16425,1.16449,0.25,1.70
2017.11.09 23:00:02.743,1.16425,1.16448,0.25,1.87
2017.11.09 23:00:02.897,1.16425,1.16444,0.25,1.00
2017.11.09 23:00:03.616,1.16425,1.16438,0.25,1.12
2017.11.09 23:00:04.187,1.16425,1.16441,0.25,1.00
2017.11.09 23:00:04.392,1.16425,1.16439,0.25,1.00
2017.11.09 23:00:04.700,1.16425,1.1644,0.25,1.87
2017.11.09 23:00:05.006,1.16425,1.1643,0.25,2.62
2017.11.09 23:00:05.346,1.16425,1.1643,0.25,1.31
2017.11.09 23:00:06.891,1.16425,1.1643,0.25,1.12
2017.11.09 23:00:07.427,1.16425,1.16433,0.25,8.44
2017.11.09 23:00:09.928,1.16425,1.16434,0.87,1.69
2017.11.09 23:00:10.082,1.16426,1.16434,1.69,1.00
2017.11.09 23:00:10.428,1.16427,1.16436,1.87,3.19
2017.11.09 23:00:10.734,1.16426,1.16435,1.91,2.44
2017.11.09 23:00:11.234,1.16429,1.16435,3.94,1.00
2017.11.09 23:00:11.439,1.16428,1.16435,2.06,1.00
2017.11.09 23:00:13.567,1.16428,1.16434,1.50,1.00
2017.11.09 23:00:15.131,1.16427,1.16432,1.91,1.00
2017.11.09 23:00:15.654,1.16426,1.16434,1.87,1.69
2017.11.09 23:00:17.471,1.1643,1.16434,0.25,2.62
2017.11.09 23:00:20.097,1.1643,1.16434,0.25,1.31
2017.11.09 23:00:20.782,1.1643,1.16434,0.25,1.31
2017.11.09 23:00:21.572,1.16431,1.16434,1.25,1.87
2017.11.09 23:00:22.083,1.1643,1.16435,0.25,3.94
2017.11.09 23:00:22.955,1.1643,1.16435,0.25,2.06
2017.11.09 23:00:23.573,1.1643,1.16435,0.25,2.06
2017.11.09 23:00:24.570,1.1643,1.16434,0.25,1.00
2017.11.09 23:00:25.352,1.1643,1.16435,0.25,2.06
2017.11.09 23:00:26.184,1.1643,1.16434,0.25,1.12
2017.11.09 23:00:26.823,1.1643,1.16435,0.25,2.81
2017.11.09 23:00:27.442,1.1643,1.16434,0.25,3.94
2017.11.09 23:00:28.906,1.16428,1.1643,1.00,4.87
2017.11.09 23:00:28.958,1.16426,1.16428,1.50,1.00
2017.11.09 23:00:29.060,1.16425,1.1643,2.81,1.12
2017.11.09 23:00:29.112,1.16427,1.16433,1.44,2.06
2017.11.09 23:00:29.657,1.16427,1.16433,1.44,2.06
2017.11.09 23:00:36.023,1.16427,1.16433,1.50,1.00
2017.11.09 23:00:38.671,1.16427,1.16433,2.40,1.50
2017.11.09 23:00:39.797,1.16427,1.16433,1.50,1.00
2017.11.09 23:00:40.303,1.16423,1.16429,3.56,4.56
2017.11.09 23:00:40.356,1.16425,1.16429,1.25,2.81
2017.11.09 23:00:40.874,1.16425,1.16429,0.25,1.25
2017.11.09 23:00:41.597,1.16425,1.16428,0.25,1.00
2017.11.09 23:00:51.816,1.16425,1.16428,0.25,1.74
2017.11.09 23:00:54.757,1.16425,1.16429,0.25,3.36
2017.11.09 23:00:57.785,1.16423,1.16429,1.31,3.36
2017.11.09 23:00:59.914,1.16423,1.16429,2.25,1.00
2017.11.09 23:01:00.415,1.16423,1.16428,2.25,1.00
2017.11.09 23:01:00.957,1.16423,1.16429,2.06,1.00
2017.11.09 23:01:01.382,1.16423,1.16427,4.31,1.00
2017.11.09 23:01:01.560,1.16426,1.1643,1.87,1.87
2017.11.09 23:01:01.612,1.16426,1.16431,3.74,1.00
2017.11.09 23:01:02.426,1.16426,1.16433,2.06,2.06
2017.11.09 23:01:03.774,1.16426,1.16432,2.06,1.00
2017.11.09 23:01:18.124,1.16426,1.16433,1.69,4.12
2017.11.09 23:01:18.806,1.16426,1.16433,2.25,1.25
2017.11.09 23:01:19.315,1.16427,1.16433,1.19,1.19
2017.11.09 23:01:31.101,1.16426,1.16432,1.31,1.25
2017.11.09 23:01:31.152,1.16424,1.1643,1.75,1.50
2017.11.09 23:01:31.458,1.16422,1.1643,4.12,2.44
2017.11.09 23:01:31.560,1.16422,1.1643,4.87,2.25
2017.11.09 23:01:32.254,1.16422,1.16429,4.50,1.12
2017.11.09 23:01:34.134,1.16423,1.16429,1.75,1.12
2017.11.09 23:01:35.226,1.16422,1.1643,4.50,2.81
2017.11.09 23:01:36.768,1.16425,1.16429,1.81,1.00
2017.11.09 23:01:37.120,1.16423,1.16431,6.19,1.00
2017.11.09 23:01:37.734,1.16423,1.16432,3.37,1.31
2017.11.09 23:01:42.474,1.16423,1.16429,4.87,1.00
2017.11.09 23:01:42.627,1.16424,1.1643,1.56,1.00
2017.11.09 23:01:46.701,1.16424,1.16429,1.81,1.00
2017.11.09 23:01:53.780,1.16425,1.16431,1.00,3.94
2017.11.09 23:01:54.318,1.16424,1.1643,1.56,1.00
2017.11.09 23:01:54.648,1.16425,1.16429,1.50,1.00
2017.11.09 23:01:55.177,1.16425,1.1643,2.00,1.50
2017.11.09 23:01:59.075,1.16427,1.16431,1.00,4.30
2017.11.09 23:02:00.146,1.16426,1.1643,1.12,1.00
2017.11.09 23:02:00.701,1.16425,1.1643,4.31,1.00
2017.11.09 23:02:02.025,1.16427,1.16429,1.00,1.00
2017.11.09 23:02:02.077,1.16427,1.16432,1.00,9.94
2017.11.09 23:02:02.231,1.16427,1.16432,2.00,2.44
2017.11.09 23:02:02.759,1.16428,1.16432,1.25,1.00
2017.11.09 23:02:03.913,1.16427,1.16433,3.00,1.00
2017.11.09 23:02:07.126,1.16427,1.16433,2.62,1.50
2017.11.09 23:02:08.911,1.16428,1.16433,2.06,1.00
2017.11.09 23:02:09.421,1.16429,1.16433,1.50,1.00
2017.11.09 23:02:21.634,1.16428,1.16433,2.62,1.00
2017.11.09 23:02:24.013,1.16429,1.16433,1.00,1.00
2017.11.09 23:02:29.736,1.16428,1.16432,3.37,1.00
2017.11.09 23:02:30.345,1.16428,1.16433,2.62,3.75
2017.11.09 23:02:30.937,1.16428,1.16433,1.87,1.00
2017.11.09 23:02:31.493,1.16428,1.16433,1.50,1.00
2017.11.09 23:02:34.026,1.16428,1.16433,1.31,1.00
2017.11.09 23:02:34.625,1.16427,1.16433,2.25,1.00
2017.11.09 23:02:35.209,1.16427,1.16433,1.87,1.00
2017.11.09 23:02:36.219,1.16427,1.16434,1.44,2.81
2017.11.09 23:02:41.941,1.16427,1.16433,3.37,1.50
2017.11.09 23:02:42.096,1.16427,1.16433,1.50,1.69
2017.11.09 23:02:44.746,1.16428,1.16433,1.00,2.06
2017.11.09 23:02:46.756,1.16427,1.16433,1.87,2.44
2017.11.09 23:02:47.276,1.16427,1.16432,1.50,1.50
2017.11.09 23:02:49.187,1.16427,1.16433,1.50,1.69
2017.11.09 23:02:51.071,1.16427,1.16433,1.50,1.69
2017.11.09 23:02:51.892,1.16427,1.16433,1.87,2.44
2017.11.09 23:02:52.591,1.16427,1.16433,1.87,2.06
2017.11.09 23:02:55.135,1.16427,1.16434,2.25,7.87
2017.11.09 23:03:00.723,1.16427,1.16434,1.50,1.25
2017.11.09 23:03:04.387,1.16427,1.1643,1.69,1.12
2017.11.09 23:03:04.491,1.16424,1.16431,2.25,4.69
2017.11.09 23:03:04.593,1.16424,1.16429,1.81,1.00
2017.11.09 23:03:05.219,1.16425,1.1643,1.50,1.00
2017.11.09 23:03:06.077,1.16425,1.16429,1.00,1.00
2017.11.09 23:03:06.594,1.16425,1.1643,1.00,1.50
2017.11.09 23:03:07.125,1.16424,1.16429,1.81,1.00
2017.11.09 23:03:09.521,1.16424,1.1643,1.00,1.62
2017.11.09 23:03:10.033,1.16423,1.1643,2.25,1.56
2017.11.09 23:03:28.728,1.16424,1.1643,1.81,1.87
2017.11.09 23:03:29.416,1.16425,1.16429,1.00,1.00
2017.11.09 23:03:29.936,1.16423,1.1643,4.87,1.87
2017.11.09 23:03:30.462,1.16424,1.16429,2.25,1.00
2017.11.09 23:03:32.134,1.16424,1.1643,2.25,3.37
2017.11.09 23:03:32.773,1.16424,1.16429,2.25,1.00
2017.11.09 23:03:33.433,1.16424,1.16429,2.25,1.00
2017.11.09 23:03:36.386,1.16424,1.16429,1.00,1.69
2017.11.09 23:03:37.336,1.16423,1.16428,1.12,1.25
2017.11.09 23:03:42.114,1.16422,1.16429,1.69,3.94
2017.11.09 23:03:45.857,1.16422,1.16429,2.06,5.62
2017.11.09 23:03:48.956,1.16422,1.16429,2.25,4.69
2017.11.09 23:03:49.524,1.16422,1.16429,2.25,6.19
2017.11.09 23:03:49.936,1.16422,1.16429,3.00,5.81
2017.11.09 23:03:50.668,1.16422,1.16429,3.00,5.81
2017.11.09 23:03:51.217,1.16423,1.16429,1.00,5.44
2017.11.09 23:03:56.214,1.16422,1.16429,2.25,3.94
2017.11.09 23:03:59.284,1.16422,1.16428,2.25,1.00
2017.11.09 23:04:00.211,1.16422,1.16429,3.00,4.69
2017.11.09 23:04:00.705,1.16422,1.16427,1.00,1.00
2017.11.09 23:04:01.916,1.16421,1.16427,2.81,1.69
2017.11.09 23:04:02.422,1.16421,1.16427,2.06,1.25
2017.11.09 23:04:03.120,1.16421,1.16427,3.19,1.25
2017.11.09 23:04:03.641,1.16421,1.16427,1.50,1.00
2017.11.09 23:04:03.744,1.16421,1.16427,2.25,1.00
2017.11.09 23:04:06.245,1.16421,1.16427,3.19,1.25
2017.11.09 23:04:07.136,1.16421,1.16427,2.44,1.25
2017.11.09 23:04:08.370,1.16422,1.16427,1.81,1.25
2017.11.09 23:04:13.181,1.16422,1.16427,1.56,1.00
2017.11.09 23:04:18.297,1.16421,1.16426,2.06,1.00
2017.11.09 23:04:23.215,1.1642,1.16424,1.69,1.00
2017.11.09 23:04:23.726,1.16419,1.16424,1.12,1.12
2017.11.09 23:04:26.921,1.16419,1.16424,1.00,1.87
2017.11.09 23:04:31.080,1.16419,1.16423,1.00,1.00
2017.11.09 23:04:35.762,1.16419,1.16422,1.25,1.50
2017.11.09 23:04:36.282,1.16419,1.16421,1.00,1.00
2017.11.09 23:04:37.036,1.16418,1.16422,1.37,2.25
2017.11.09 23:04:52.847,1.1642,1.16423,1.00,1.00
2017.11.09 23:05:08.008,1.1642,1.16421,1.00,1.00
2017.11.09 23:05:08.313,1.1642,1.16423,1.00,1.25
2017.11.09 23:05:20.682,1.1642,1.16422,1.00,1.00
2017.11.09 23:05:21.349,1.1642,1.16421,1.00,1.00
2017.11.09 23:05:21.938,1.1642,1.16422,1.00,1.50
2017.11.09 23:05:22.467,1.16419,1.16422,1.87,1.00
2017.11.09 23:05:23.721,1.16419,1.16422,2.06,1.00
2017.11.09 23:05:25.088,1.16419,1.16422,2.06,1.00
2017.11.09 23:05:29.365,1.16419,1.16421,1.12,1.00
2017.11.09 23:05:30.127,1.16419,1.16422,1.12,2.25
2017.11.09 23:05:30.777,1.16419,1.16421,1.00,1.00
2017.11.09 23:05:31.302,1.16419,1.16422,1.25,1.00
2017.11.09 23:05:40.398,1.16419,1.16422,2.44,1.00
2017.11.09 23:05:42.053,1.16419,1.16422,1.00,1.00
2017.11.09 23:05:46.088,1.16419,1.16421,1.00,1.00
2017.11.09 23:05:48.130,1.16419,1.16422,1.00,1.50
2017.11.09 23:05:48.977,1.16419,1.1642,1.00,1.50
2017.11.09 23:05:54.991,1.1642,1.16423,1.00,2.25
2017.11.09 23:05:55.702,1.1642,1.16421,1.00,1.00
2017.11.09 23:05:57.302,1.1642,1.16422,1.00,1.00
2017.11.09 23:05:57.862,1.16419,1.16421,1.00,1.00
2017.11.09 23:05:58.777,1.16419,1.16421,1.00,3.00
2017.11.09 23:05:59.033,1.1642,1.16423,1.00,1.69
2017.11.09 23:06:00.131,1.1642,1.16422,1.00,1.00
2017.11.09 23:06:06.674,1.16418,1.1642,2.62,1.00
2017.11.09 23:06:07.236,1.16418,1.16421,1.87,1.00
2017.11.09 23:06:10.406,1.16418,1.16422,1.69,1.00
2017.11.09 23:06:15.853,1.16418,1.16422,1.87,1.00
2017.11.09 23:06:16.670,1.16418,1.16423,1.87,1.00
2017.11.09 23:06:17.159,1.16418,1.1642,2.25,1.00
2017.11.09 23:06:17.665,1.16418,1.1642,1.50,1.00
2017.11.09 23:06:18.957,1.16418,1.16422,1.50,6.75
2017.11.09 23:06:19.110,1.16418,1.1642,1.50,1.00
2017.11.09 23:06:30.418,1.16419,1.16421,1.00,1.50
2017.11.09 23:06:30.954,1.1642,1.16422,1.00,1.00
2017.11.09 23:06:32.027,1.1642,1.16421,1.00,1.00
2017.11.09 23:06:34.868,1.16418,1.16421,1.69,1.00
2017.11.09 23:06:35.406,1.16419,1.1642,1.00,1.00
2017.11.09 23:06:35.930,1.16416,1.16419,5.25,1.00
2017.11.09 23:06:36.527,1.16416,1.1642,1.69,1.00
2017.11.09 23:06:36.629,1.16416,1.16422,1.87,1.12
2017.11.09 23:06:37.204,1.16416,1.16421,3.19,1.00
2017.11.09 23:06:38.363,1.16416,1.16422,2.25,1.00
2017.11.09 23:06:39.188,1.16416,1.16421,3.94,1.00
2017.11.09 23:06:39.650,1.16416,1.16422,4.50,1.00
2017.11.09 23:06:40.335,1.16416,1.16421,4.69,1.00
2017.11.09 23:06:41.166,1.16416,1.16422,3.75,1.00
2017.11.09 23:06:41.975,1.16416,1.16422,3.75,1.00
2017.11.09 23:06:49.967,1.16417,1.1642,1.69,1.00
2017.11.09 23:06:50.477,1.16416,1.16421,4.69,3.19
2017.11.09 23:06:51.738,1.16417,1.16421,1.12,1.25
2017.11.09 23:06:52.465,1.16417,1.16422,1.44,1.25
2017.11.09 23:06:54.758,1.16417,1.16423,1.87,1.00
2017.11.09 23:06:56.087,1.16417,1.16423,1.87,1.25
2017.11.09 23:06:56.825,1.16417,1.16422,2.06,1.00
2017.11.09 23:06:57.361,1.16418,1.16423,1.87,1.00
2017.11.09 23:06:57.944,1.16418,1.16423,2.62,1.00
2017.11.09 23:06:58.475,1.16418,1.16422,2.62,1.00
2017.11.09 23:06:58.898,1.16418,1.16424,3.37,2.62
2017.11.09 23:06:59.465,1.16418,1.16423,6.19,1.00
2017.11.09 23:07:00.124,1.16418,1.16424,6.00,7.97
2017.11.09 23:07:00.626,1.16418,1.16423,5.44,1.50
2017.11.09 23:07:01.205,1.16418,1.16423,7.12,1.00
2017.11.09 23:07:02.829,1.16419,1.16423,1.12,1.00
2017.11.09 23:07:11.198,1.16418,1.16423,3.00,1.50
2017.11.09 23:07:12.415,1.16419,1.16423,1.25,2.44
2017.11.09 23:07:12.467,1.16418,1.16419,1.00,1.50
2017.11.09 23:07:12.519,1.16415,1.16419,4.12,1.00
2017.11.09 23:07:17.181,1.16415,1.1642,2.62,3.00
2017.11.09 23:07:24.481,1.16415,1.1642,2.44,3.75
2017.11.09 23:07:29.138,1.16415,1.1642,2.44,3.75
2017.11.09 23:07:31.149,1.16415,1.1642,2.44,3.00
2017.11.09 23:07:35.543,1.16415,1.16419,1.25,1.12
2017.11.09 23:07:41.644,1.16415,1.16419,1.00,3.52
2017.11.09 23:07:41.696,1.16413,1.16416,2.44,1.87
2017.11.09 23:07:41.800,1.16413,1.16417,1.25,1.69
2017.11.09 23:07:42.349,1.16412,1.16417,2.25,1.00
2017.11.09 23:07:44.065,1.16413,1.16417,1.87,1.00
2017.11.09 23:07:52.399,1.16413,1.16417,1.44,1.00
2017.11.09 23:08:04.181,1.16413,1.16417,1.12,1.25
2017.11.09 23:08:05.881,1.16413,1.16417,1.19,1.50
2017.11.09 23:08:06.600,1.16413,1.16417,1.25,1.00
2017.11.09 23:08:07.312,1.16413,1.16417,1.19,1.00
2017.11.09 23:08:07.907,1.16413,1.16417,1.00,1.50
2017.11.09 23:08:12.391,1.16413,1.16417,1.19,1.00
2017.11.09 23:08:16.227,1.16413,1.16417,2.44,1.00
2017.11.09 23:08:16.735,1.16413,1.16417,1.69,1.00
2017.11.09 23:08:19.669,1.16413,1.16417,2.44,1.00
2017.11.09 23:08:21.759,1.16413,1.16417,1.69,1.00
2017.11.09 23:08:36.179,1.16413,1.16417,1.50,1.00
2017.11.09 23:08:39.185,1.16413,1.16417,2.25,1.00
2017.11.09 23:08:40.473,1.16414,1.16418,1.69,1.00
2017.11.09 23:08:41.063,1.16414,1.16418,1.69,1.00
2017.11.09 23:08:45.400,1.16414,1.16418,1.69,1.00
2017.11.09 23:08:46.035,1.16414,1.16418,1.69,1.00
2017.11.09 23:08:46.851,1.16414,1.16418,2.06,1.00
2017.11.09 23:08:47.961,1.16416,1.16421,1.00,3.75
2017.11.09 23:08:48.269,1.16419,1.16423,1.25,1.69
2017.11.09 23:08:49.847,1.16419,1.16423,1.00,1.00
2017.11.09 23:08:50.365,1.16419,1.16424,1.25,3.00
2017.11.09 23:08:58.071,1.16419,1.16424,1.19,1.50
2017.11.09 23:09:01.421,1.16421,1.16425,1.00,1.12
2017.11.09 23:09:01.523,1.16422,1.16428,1.69,3.94
2017.11.09 23:09:01.574,1.16422,1.16428,2.25,3.19
2017.11.09 23:09:01.728,1.16424,1.16429,1.25,2.62
2017.11.09 23:09:02.397,1.16424,1.16429,1.12,1.31
2017.11.09 23:09:03.057,1.16426,1.16431,1.00,5.25
2017.11.09 23:09:03.262,1.16427,1.16433,1.44,1.25
2017.11.09 23:09:03.980,1.16427,1.16433,1.87,1.25
2017.11.09 23:09:05.098,1.16427,1.16433,2.06,1.25
2017.11.09 23:09:07.118,1.16429,1.16435,1.44,8.25
2017.11.09 23:09:09.763,1.16429,1.16435,1.87,4.12
2017.11.09 23:09:09.865,1.16431,1.16437,1.72,1.87
2017.11.09 23:09:10.499,1.16432,1.16437,1.57,1.50
2017.11.09 23:09:11.959,1.16432,1.16437,1.79,1.00
2017.11.09 23:09:13.119,1.16431,1.16438,2.17,2.25
2017.11.09 23:09:14.462,1.16431,1.16438,2.17,2.06
2017.11.09 23:09:14.513,1.16432,1.16436,1.10,1.00
2017.11.09 23:09:16.190,1.16431,1.16437,3.67,1.25
2017.11.09 23:09:16.920,1.16431,1.16437,2.03,1.19
2017.11.09 23:09:19.129,1.16432,1.16437,1.04,1.19
2017.11.09 23:09:20.099,1.16432,1.16438,3.78,1.44
2017.11.09 23:09:20.612,1.16432,1.16438,2.28,1.87
2017.11.09 23:09:22.136,1.16432,1.16438,7.42,1.69
2017.11.09 23:09:22.861,1.16432,1.16439,2.65,1.87
2017.11.09 23:09:27.596,1.16432,1.16439,1.72,2.62
2017.11.09 23:09:28.003,1.16432,1.16439,2.28,3.37
2017.11.09 23:09:33.250,1.16432,1.16439,1.85,2.44
2017.11.09 23:09:34.344,1.16433,1.16438,1.15,1.25
2017.11.09 23:09:35.248,1.16432,1.16438,1.85,1.25
2017.11.09 23:09:35.462,1.16432,1.16438,4.79,3.19
2017.11.09 23:09:35.565,1.16432,1.16438,5.54,3.19
2017.11.09 23:09:37.015,1.16432,1.16438,2.28,1.25
2017.11.09 23:09:38.462,1.16432,1.16439,1.60,3.00
2017.11.09 23:09:38.990,1.16434,1.16437,1.04,1.00
2017.11.09 23:09:47.151,1.16433,1.16438,1.34,1.50
2017.11.09 23:09:48.057,1.16433,1.16438,1.34,1.87
2017.11.09 23:09:48.159,1.16433,1.16439,1.53,3.75
2017.11.09 23:09:48.739,1.16433,1.16439,1.53,3.75
2017.11.09 23:09:51.889,1.16433,1.16439,1.53,4.50
2017.11.09 23:09:52.406,1.16433,1.16439,1.15,5.62
2017.11.09 23:09:54.035,1.16432,1.16439,1.60,3.37
2017.11.09 23:09:54.617,1.16432,1.16439,2.28,5.44
2017.11.09 23:09:55.201,1.16432,1.16438,2.92,1.87
2017.11.09 23:09:57.819,1.16431,1.16438,3.85,1.25
2017.11.09 23:09:58.325,1.16432,1.16438,2.17,1.69
2017.11.09 23:10:00.165,1.16432,1.16438,2.14,1.69
2017.11.09 23:10:03.717,1.16432,1.16438,2.14,2.06
2017.11.09 23:10:06.824,1.16432,1.16438,2.32,4.69
2017.11.09 23:10:09.299,1.16431,1.16438,2.89,3.56
2017.11.09 23:10:11.341,1.16431,1.16438,3.48,3.74
2017.11.09 23:10:12.951,1.16431,1.16438,3.29,3.56
2017.11.09 23:10:13.589,1.16432,1.16438,1.85,3.56
2017.11.09 23:10:14.513,1.16431,1.16437,4.50,2.44
2017.11.09 23:10:15.114,1.16431,1.16437,3.59,1.25
2017.11.09 23:10:17.096,1.16431,1.16437,4.90,1.25
2017.11.09 23:10:21.995,1.16431,1.16437,7.53,1.50
2017.11.09 23:10:23.015,1.16432,1.16437,1.00,1.50
2017.11.09 23:10:23.529,1.16432,1.16437,1.50,1.00
2017.11.09 23:10:25.526,1.16432,1.16436,1.00,1.69
2017.11.09 23:10:25.629,1.16429,1.16435,1.69,2.44
2017.11.09 23:10:25.682,1.16428,1.16434,2.44,3.56
2017.11.09 23:10:25.834,1.16428,1.16434,3.59,1.25
2017.11.09 23:10:26.491,1.16428,1.16435,5.47,1.69
2017.11.09 23:10:27.069,1.16428,1.16435,4.72,1.69
2017.11.09 23:10:27.654,1.16428,1.16434,3.00,2.25
2017.11.09 23:10:29.122,1.16428,1.16434,3.00,2.25
2017.11.09 23:10:29.632,1.16428,1.16435,2.62,6.37
2017.11.09 23:10:30.138,1.16428,1.16434,3.37,1.12
2017.11.09 23:10:30.646,1.1643,1.16434,1.00,1.12
2017.11.09 23:10:32.809,1.1643,1.16435,1.25,2.44
2017.11.09 23:10:42.128,1.1643,1.16435,1.25,4.27
2017.11.09 23:10:44.208,1.1643,1.16435,1.44,3.56
2017.11.09 23:10:46.193,1.1643,1.16435,1.44,6.19
2017.11.09 23:10:49.883,1.1643,1.16436,1.25,3.56
2017.11.09 23:10:50.562,1.16431,1.16436,1.69,1.31
2017.11.09 23:10:51.268,1.16431,1.16437,1.90,2.81
2017.11.09 23:10:52.008,1.16431,1.16437,1.87,3.75
2017.11.09 23:10:53.776,1.16432,1.16437,1.00,3.00
2017.11.09 23:10:58.097,1.16431,1.16437,2.65,1.87
2017.11.09 23:10:59.124,1.16431,1.16437,3.37,1.12
2017.11.09 23:10:59.931,1.16431,1.16435,1.25,1.87
2017.11.09 23:11:00.034,1.16429,1.16434,1.31,2.25
2017.11.09 23:11:01.205,1.16429,1.16435,1.44,1.25
2017.11.09 23:11:01.713,1.16429,1.16435,1.87,1.25
2017.11.09 23:11:02.984,1.16431,1.16436,1.44,5.62
2017.11.09 23:11:04.931,1.16431,1.16435,1.25,1.00
2017.11.09 23:11:07.134,1.16431,1.16436,1.25,1.00
2017.11.09 23:11:09.134,1.16431,1.16436,1.19,1.12
2017.11.09 23:11:09.882,1.16431,1.16437,1.50,4.50
2017.11.09 23:11:10.501,1.1643,1.16436,1.87,1.69
2017.11.09 23:11:11.212,1.1643,1.16435,1.25,1.20
2017.11.09 23:11:11.922,1.16429,1.16436,2.25,3.60
2017.11.09 23:11:16.520,1.16429,1.16435,1.50,2.25
2017.11.09 23:11:17.180,1.16429,1.16435,1.15,1.69
2017.11.09 23:11:17.862,1.16428,1.16435,2.25,1.69
2017.11.09 23:11:18.178,1.16431,1.16437,1.19,2.25
2017.11.09 23:11:18.853,1.16431,1.16437,1.37,2.25
2017.11.09 23:11:19.388,1.16432,1.16438,1.12,4.50
2017.11.09 23:11:21.165,1.16432,1.16438,1.44,3.37
2017.11.09 23:11:21.671,1.16432,1.16438,1.44,5.62
2017.11.09 23:11:23.192,1.16432,1.16437,1.44,1.19
2017.11.09 23:11:23.856,1.16432,1.16437,1.12,1.19
2017.11.09 23:11:24.463,1.16432,1.16438,1.44,3.94
2017.11.09 23:11:30.587,1.16432,1.16438,1.25,2.81
2017.11.09 23:11:30.787,1.16428,1.16435,2.47,1.87
2017.11.09 23:11:31.400,1.16429,1.16434,1.12,1.25
2017.11.09 23:11:32.163,1.1643,1.16436,2.51,1.50
2017.11.09 23:11:32.266,1.1643,1.16436,2.70,2.06
2017.11.09 23:11:33.435,1.1643,1.16437,5.77,2.62
2017.11.09 23:11:33.996,1.1643,1.16437,4.68,2.62
2017.11.09 23:11:34.591,1.16431,1.16437,3.75,3.94
2017.11.09 23:11:35.362,1.16432,1.16438,1.00,6.00
2017.11.09 23:11:36.053,1.16432,1.16438,1.00,5.62
2017.11.09 23:11:36.257,1.16432,1.16438,1.44,6.00
2017.11.09 23:11:37.098,1.16432,1.16438,2.25,5.25
2017.11.09 23:11:44.087,1.16432,1.16438,2.25,3.00
2017.11.09 23:11:44.647,1.16432,1.16438,2.25,5.25
2017.11.09 23:11:50.124,1.16432,1.16438,2.25,2.81
2017.11.09 23:11:52.124,1.16433,1.16438,1.00,3.19
2017.11.09 23:11:52.898,1.16432,1.16438,2.25,3.19
2017.11.09 23:11:54.808,1.16432,1.16438,2.06,4.12
2017.11.09 23:11:58.748,1.16432,1.16438,1.69,3.75
2017.11.09 23:12:00.225,1.16429,1.16435,1.34,1.00
2017.11.09 23:12:00.729,1.16428,1.16435,6.22,1.69
2017.11.09 23:12:01.232,1.16428,1.16435,10.53,1.69
2017.11.09 23:12:01.874,1.16428,1.16435,9.78,1.87
2017.11.09 23:12:02.307,1.16428,1.16435,8.28,1.69
2017.11.09 23:12:02.359,1.16428,1.16436,5.28,4.12
2017.11.09 23:12:02.921,1.16428,1.16436,8.28,1.87
2017.11.09 23:12:07.922,1.16428,1.16436,4.53,1.50
2017.11.09 23:12:08.535,1.16428,1.16436,4.53,2.25
2017.11.09 23:12:10.103,1.16428,1.16436,8.84,5.81
2017.11.09 23:12:10.430,1.16428,1.16436,8.09,7.31
2017.11.09 23:12:11.274,1.16428,1.16436,4.53,1.87
2017.11.09 23:12:11.781,1.1643,1.16436,1.37,2.44
2017.11.09 23:12:12.366,1.1643,1.16436,1.37,2.44
2017.11.09 23:12:14.214,1.1643,1.16436,1.12,3.19
2017.11.09 23:12:14.760,1.16431,1.16436,1.00,1.50
2017.11.09 23:12:15.275,1.16431,1.16437,1.37,1.00
2017.11.09 23:12:22.353,1.16431,1.16438,3.00,3.00
2017.11.09 23:12:25.957,1.16432,1.16438,1.44,2.06
2017.11.09 23:12:27.434,1.16433,1.16439,2.06,2.62
2017.11.09 23:12:28.010,1.16433,1.16439,1.50,1.69
2017.11.09 23:12:31.303,1.16434,1.16439,1.31,1.25
2017.11.09 23:12:31.813,1.16434,1.1644,1.31,1.31
2017.11.09 23:12:32.329,1.16434,1.16441,1.31,5.25
2017.11.09 23:12:32.861,1.16434,1.16441,1.31,5.81
2017.11.09 23:12:41.133,1.16434,1.16441,1.31,5.44
2017.11.09 23:12:47.851,1.16434,1.1644,1.12,1.31
2017.11.09 23:12:48.532,1.16434,1.1644,1.31,1.31
2017.11.09 23:12:49.175,1.16434,1.1644,1.31,1.19
2017.11.09 23:12:55.174,1.16434,1.16441,1.31,6.56
2017.11.09 23:12:57.680,1.16434,1.16441,1.50,6.56
2017.11.09 23:13:00.325,1.16433,1.16439,1.87,1.69
2017.11.09 23:13:00.835,1.16432,1.16438,2.25,3.37
2017.11.09 23:13:01.426,1.16432,1.16438,3.00,2.44
2017.11.09 23:13:12.278,1.16432,1.16438,1.39,3.56
2017.11.09 23:13:12.822,1.16432,1.16438,1.44,1.31
2017.11.09 23:13:16.661,1.16433,1.16438,1.44,1.25
2017.11.09 23:13:19.144,1.16433,1.16438,1.87,1.25
2017.11.09 23:13:19.415,1.16432,1.16438,7.69,1.00
2017.11.09 23:13:19.937,1.16432,1.16439,7.12,2.06
2017.11.09 23:13:22.753,1.16432,1.16439,4.34,1.50
2017.11.09 23:13:23.516,1.16433,1.16439,1.00,1.50
2017.11.09 23:13:37.007,1.16431,1.16434,3.64,3.00
2017.11.09 23:13:37.535,1.16429,1.16433,1.87,1.12
2017.11.09 23:13:42.016,1.16429,1.16433,1.69,1.25
2017.11.09 23:13:47.276,1.16429,1.16433,3.00,1.00
2017.11.09 23:13:47.789,1.16429,1.16433,2.81,1.00
2017.11.09 23:13:48.372,1.16429,1.16433,3.00,1.00
2017.11.09 23:13:50.524,1.16429,1.16433,1.50,1.00
2017.11.09 23:13:51.091,1.16428,1.16434,5.09,1.31
2017.11.09 23:13:54.541,1.16428,1.16434,2.06,5.81
2017.11.09 23:13:55.088,1.16429,1.16434,1.00,5.06
2017.11.09 23:13:56.968,1.16429,1.16434,1.00,6.94
2017.11.09 23:13:57.785,1.16428,1.16434,1.12,4.31
2017.11.09 23:14:00.125,1.16428,1.16434,1.87,3.56
2017.11.09 23:14:02.303,1.1643,1.16435,1.19,1.69
2017.11.09 23:14:03.140,1.1643,1.16435,1.25,1.69
2017.11.09 23:14:03.718,1.16429,1.16434,3.37,8.62
2017.11.09 23:14:18.263,1.16429,1.16435,3.75,3.56
2017.11.09 23:14:18.963,1.16431,1.16435,1.12,2.06
2017.11.09 23:14:22.290,1.16433,1.16437,2.62,1.50
2017.11.09 23:14:22.547,1.16432,1.16438,3.00,3.19
2017.11.09 23:14:24.400,1.16434,1.16438,1.00,1.31
2017.11.09 23:14:29.445,1.16434,1.16438,2.62,1.25
2017.11.09 23:14:32.072,1.16434,1.16439,2.62,1.00
2017.11.09 23:14:32.829,1.16434,1.16439,1.87,1.00
2017.11.09 23:14:35.161,1.16434,1.16437,2.62,1.00
2017.11.09 23:14:37.501,1.16434,1.16437,1.87,1.00
2017.11.09 23:14:38.052,1.16434,1.16437,1.12,1.00
2017.11.09 23:14:40.897,1.16435,1.16437,3.37,1.00
2017.11.09 23:14:41.414,1.16436,1.16438,1.25,1.00
2017.11.09 23:14:43.909,1.16435,1.16441,1.44,2.06
2017.11.09 23:14:44.114,1.16437,1.1644,2.62,1.00
2017.11.09 23:14:44.422,1.16439,1.16444,1.69,1.69
2017.11.09 23:14:44.803,1.16438,1.16443,1.12,2.25
2017.11.09 23:14:44.905,1.16438,1.16441,3.00,1.00
2017.11.09 23:14:45.844,1.16437,1.16443,1.87,4.12
2017.11.09 23:14:46.404,1.16437,1.16443,2.44,1.69
2017.11.09 23:14:49.387,1.16437,1.16443,6.37,1.69
2017.11.09 23:14:50.023,1.16438,1.16443,2.81,1.69
2017.11.09 23:14:50.074,1.16442,1.16446,1.25,1.69
2017.11.09 23:14:50.230,1.16444,1.16449,1.25,3.00
2017.11.09 23:14:50.385,1.16444,1.16449,3.00,1.87
2017.11.09 23:14:50.957,1.16446,1.1645,1.00,3.19
2017.11.09 23:14:54.410,1.16445,1.1645,1.25,1.25
2017.11.09 23:14:54.716,1.16445,1.16452,1.69,4.50
2017.11.09 23:14:55.412,1.16445,1.16452,1.44,4.50
2017.11.09 23:14:57.494,1.16445,1.16451,1.46,1.25
2017.11.09 23:14:58.002,1.16448,1.16452,1.12,1.87
2017.11.09 23:14:58.663,1.16447,1.16453,1.87,3.37
2017.11.09 23:15:00.804,1.16448,1.16453,1.25,2.44
2017.11.09 23:15:01.316,1.16449,1.16452,1.25,1.00
2017.11.09 23:15:02.503,1.16448,1.16452,8.06,1.00
2017.11.09 23:15:03.029,1.16449,1.16452,2.00,1.00
2017.11.09 23:15:04.634,1.16449,1.16452,1.25,1.00
2017.11.09 23:15:05.547,1.16449,1.16454,1.12,2.44
2017.11.09 23:15:05.701,1.1645,1.16455,1.69,3.94
2017.11.09 23:15:05.888,1.16451,1.16456,1.50,3.19
2017.11.09 23:15:05.940,1.16448,1.16453,1.87,1.00
2017.11.09 23:15:06.464,1.16448,1.16453,3.37,2.44
2017.11.09 23:15:06.979,1.16448,1.16452,5.25,1.00
2017.11.09 23:15:07.499,1.16447,1.16451,1.50,1.69
2017.11.09 23:15:08.027,1.16447,1.16451,1.50,1.69
2017.11.09 23:15:09.199,1.16447,1.16451,1.27,1.25
2017.11.09 23:15:13.855,1.16447,1.16451,1.12,4.69
2017.11.09 23:15:15.207,1.16447,1.16451,1.12,1.69
2017.11.09 23:15:15.776,1.16447,1.16451,1.12,1.25
2017.11.09 23:15:22.189,1.16445,1.16449,2.21,1.25
2017.11.09 23:15:22.509,1.16444,1.16446,1.00,1.00
2017.11.09 23:15:23.395,1.16443,1.16445,1.00,1.00
2017.11.09 23:15:40.414,1.16441,1.16445,1.87,1.00
2017.11.09 23:15:40.519,1.16441,1.16443,1.12,1.00
2017.11.09 23:15:41.148,1.16443,1.16444,1.12,1.00
2017.11.09 23:15:41.251,1.16442,1.16446,5.06,1.00
2017.11.09 23:15:41.766,1.16442,1.16445,6.37,1.00
2017.11.09 23:15:44.221,1.16442,1.16445,2.44,1.00
2017.11.09 23:15:52.421,1.16442,1.16445,1.87,1.00
2017.11.09 23:15:53.026,1.16442,1.16445,2.62,1.00
2017.11.09 23:15:55.440,1.16442,1.16445,4.87,1.00
2017.11.09 23:15:55.593,1.16442,1.16447,6.00,1.12
2017.11.09 23:15:55.849,1.16446,1.16448,2.44,1.00
2017.11.09 23:15:55.951,1.16447,1.16451,3.56,1.87
2017.11.09 23:15:56.326,1.1645,1.16455,1.25,1.69
2017.11.09 23:15:56.429,1.16452,1.16455,1.25,1.50
2017.11.09 23:15:57.234,1.16451,1.16454,1.25,3.00
2017.11.09 23:15:57.337,1.16449,1.16453,1.87,1.12
2017.11.09 23:15:57.441,1.16449,1.16452,1.00,1.69
2017.11.09 23:15:58.253,1.16447,1.16452,2.62,1.19
2017.11.09 23:15:58.777,1.16447,1.16452,1.87,1.19
2017.11.09 23:16:00.063,1.16447,1.16452,1.87,1.25
2017.11.09 23:16:05.019,1.16447,1.16452,1.19,2.44
2017.11.09 23:16:07.788,1.16447,1.16452,1.25,1.69
2017.11.09 23:16:09.709,1.16446,1.16451,1.69,1.00
2017.11.09 23:16:10.333,1.16448,1.16452,1.25,2.06
2017.11.09 23:16:15.453,1.16447,1.16452,1.12,2.81
2017.11.09 23:16:20.007,1.16446,1.1645,1.69,1.00
2017.11.09 23:16:26.749,1.16446,1.1645,1.69,1.25
2017.11.09 23:16:28.317,1.16446,1.1645,3.56,1.00
2017.11.09 23:16:29.370,1.16446,1.16448,1.50,1.00
2017.11.09 23:16:29.542,1.16444,1.16448,1.69,1.00
2017.11.09 23:16:29.597,1.16446,1.1645,1.25,4.69
2017.11.09 23:16:29.955,1.16447,1.1645,1.87,1.00
2017.11.09 23:16:30.006,1.16448,1.16452,1.12,1.25
2017.11.09 23:16:30.161,1.16447,1.1645,1.19,1.00
2017.11.09 23:16:30.264,1.16446,1.1645,1.50,1.00
2017.11.09 23:16:31.066,1.16446,1.16449,2.21,1.00
2017.11.09 23:16:31.595,1.16446,1.1645,2.21,1.00
2017.11.09 23:16:32.476,1.16445,1.16448,1.19,1.87
2017.11.09 23:16:32.783,1.16442,1.16445,4.50,1.00
2017.11.09 23:16:33.337,1.16442,1.16445,1.87,1.00
2017.11.09 23:16:44.148,1.16441,1.16445,2.25,1.00
2017.11.09 23:16:46.138,1.16441,1.16445,2.25,1.00
2017.11.09 23:16:46.809,1.16442,1.16445,1.69,1.00
2017.11.09 23:16:46.861,1.16443,1.16448,2.81,3.19
2017.11.09 23:16:47.572,1.16443,1.16448,5.25,2.25
2017.11.09 23:16:52.128,1.16443,1.16448,5.25,1.50
2017.11.09 23:16:52.789,1.16443,1.16448,6.00,1.50
2017.11.09 23:16:53.793,1.16444,1.16448,1.50,1.87
2017.11.09 23:16:55.970,1.16444,1.16449,3.75,1.50
2017.11.09 23:16:56.476,1.16444,1.16449,3.00,1.00
2017.11.09 23:16:58.615,1.16445,1.1645,1.00,1.87
2017.11.09 23:17:02.461,1.16444,1.1645,4.50,1.12
2017.11.09 23:17:14.501,1.16444,1.1645,3.56,1.00
2017.11.09 23:17:20.586,1.16444,1.1645,3.75,1.00
2017.11.09 23:17:33.654,1.16444,1.1645,6.19,1.00
2017.11.09 23:17:34.529,1.16444,1.1645,3.00,1.00
2017.11.09 23:17:35.580,1.16444,1.16449,3.75,1.00
2017.11.09 23:17:38.820,1.16444,1.16449,3.00,1.00
2017.11.09 23:17:40.941,1.16444,1.16449,3.00,1.00
2017.11.09 23:17:41.446,1.16444,1.16449,1.81,1.12
2017.11.09 23:17:44.059,1.16444,1.16448,1.44,1.00
2017.11.09 23:17:44.911,1.16443,1.16448,1.75,2.62
2017.11.09 23:17:44.962,1.16442,1.16447,2.89,3.75
2017.11.09 23:17:45.065,1.16441,1.16447,2.81,2.44
2017.11.09 23:17:45.167,1.16438,1.16444,7.87,2.25
2017.11.09 23:17:46.222,1.16439,1.16443,1.44,1.00
2017.11.09 23:17:49.280,1.16437,1.16443,4.12,1.00
2017.11.09 23:17:50.700,1.16437,1.16443,6.56,1.00
2017.11.09 23:17:52.140,1.16438,1.16443,2.25,1.00
2017.11.09 23:17:53.996,1.16438,1.16441,1.31,1.00
2017.11.09 23:17:56.358,1.16438,1.16441,1.25,1.50
2017.11.09 23:17:56.868,1.16437,1.16441,2.06,1.00
2017.11.09 23:18:04.138,1.16437,1.16441,1.31,1.00
2017.11.09 23:18:06.191,1.16438,1.1644,1.00,1.50
2017.11.09 23:18:06.666,1.16435,1.1644,6.37,1.12
2017.11.09 23:18:30.587,1.16437,1.1644,1.19,1.00
2017.11.09 23:18:30.944,1.16438,1.16442,1.44,1.50
2017.11.09 23:18:31.653,1.16438,1.16442,1.44,1.50
2017.11.09 23:18:32.367,1.16438,1.16442,1.44,1.50
2017.11.09 23:18:34.148,1.16439,1.16442,1.19,1.00
2017.11.09 23:18:42.950,1.16439,1.16442,1.00,1.00
2017.11.09 23:18:43.691,1.16438,1.16442,1.00,1.31
2017.11.09 23:18:44.196,1.16438,1.16441,1.50,1.00
2017.11.09 23:18:44.839,1.16438,1.16442,1.50,1.31
2017.11.09 23:18:46.001,1.16438,1.16442,1.25,1.25
2017.11.09 23:18:46.103,1.16437,1.1644,1.25,1.00
2017.11.09 23:18:46.657,1.16436,1.1644,1.31,1.50
2017.11.09 23:18:47.506,1.16437,1.1644,2.44,1.00
2017.11.09 23:18:48.045,1.16438,1.16441,1.12,1.12
2017.11.09 23:18:49.509,1.16438,1.16441,1.31,1.00
2017.11.09 23:18:50.186,1.16439,1.16442,1.19,1.00
2017.11.09 23:18:54.522,1.16439,1.16442,1.25,1.00
2017.11.09 23:18:58.411,1.16441,1.16443,5.25,1.00
2017.11.09 23:18:58.872,1.16439,1.16444,2.25,3.00
2017.11.09 23:18:59.916,1.16439,1.16444,2.25,3.75
2017.11.09 23:19:04.524,1.16441,1.16444,2.62,1.12
2017.11.09 23:19:04.576,1.1644,1.16444,1.50,2.06
2017.11.09 23:19:05.159,1.16439,1.16444,1.12,1.00
2017.11.09 23:19:06.205,1.16439,1.16443,1.87,1.00
2017.11.09 23:19:16.559,1.16438,1.16443,3.75,1.25
2017.11.09 23:19:17.682,1.16438,1.16443,9.37,1.25
2017.11.09 23:19:19.939,1.16439,1.16444,1.87,1.25
2017.11.09 23:19:20.690,1.16441,1.16445,1.25,1.25
2017.11.09 23:19:21.531,1.16442,1.16446,4.12,1.00
2017.11.09 23:19:22.041,1.16443,1.16447,1.00,5.06
2017.11.09 23:19:22.545,1.16444,1.16447,1.00,3.19
2017.11.09 23:19:36.565,1.16444,1.16447,1.00,2.81
2017.11.09 23:19:37.110,1.16443,1.16447,1.00,3.56
2017.11.09 23:19:37.641,1.16443,1.16448,1.25,5.25
2017.11.09 23:19:38.280,1.16443,1.16448,1.25,3.94
2017.11.09 23:19:38.804,1.16441,1.16446,1.44,2.06
2017.11.09 23:19:39.336,1.16441,1.16446,1.12,2.25
2017.11.09 23:19:40.288,1.16441,1.16446,1.44,1.69
2017.11.09 23:19:41.738,1.16441,1.16446,1.12,1.69
2017.11.09 23:19:45.086,1.16441,1.16446,1.44,2.06
2017.11.09 23:19:45.612,1.16441,1.16446,1.44,1.87
2017.11.09 23:19:46.656,1.16441,1.16446,1.12,2.62
2017.11.09 23:19:47.186,1.16441,1.16444,1.00,2.62
2017.11.09 23:19:47.706,1.1644,1.16444,1.00,3.37
2017.11.09 23:19:49.140,1.1644,1.16444,1.25,1.50
2017.11.09 23:19:49.683,1.16441,1.16444,1.00,2.96
2017.11.09 23:19:51.100,1.16441,1.16444,1.19,1.50
2017.11.09 23:19:51.712,1.16441,1.16444,1.25,1.00
2017.11.09 23:19:52.217,1.1644,1.16444,1.12,3.56
2017.11.09 23:19:52.877,1.1644,1.16444,1.00,1.31
2017.11.09 23:19:53.538,1.1644,1.16444,1.25,3.19
2017.11.09 23:19:54.578,1.1644,1.16444,1.31,3.94
2017.11.09 23:19:56.679,1.16441,1.16444,2.44,1.12
2017.11.09 23:19:56.884,1.16444,1.16448,1.00,3.37
2017.11.09 23:19:57.395,1.16445,1.16449,1.00,6.75
2017.11.09 23:20:05.577,1.16445,1.16449,1.00,1.50
2017.11.09 23:20:07.573,1.16445,1.16449,1.19,2.81
2017.11.09 23:20:08.077,1.16445,1.16449,1.25,2.81
2017.11.09 23:20:08.598,1.16445,1.16448,1.00,1.00
2017.11.09 23:20:09.997,1.16446,1.16448,2.44,1.00
2017.11.09 23:20:10.152,1.16445,1.1645,1.12,1.25
2017.11.09 23:20:10.704,1.16446,1.1645,1.00,1.19
2017.11.09 23:20:11.490,1.16446,1.1645,1.25,1.25
2017.11.09 23:20:12.022,1.16446,1.16449,1.25,1.00
2017.11.09 23:20:12.645,1.16446,1.1645,1.25,1.25
2017.11.09 23:20:30.611,1.16447,1.16451,1.25,1.25
2017.11.09 23:20:31.182,1.16448,1.16452,1.31,1.31
2017.11.09 23:20:31.767,1.16448,1.16452,1.00,5.62
2017.11.09 23:20:35.148,1.16447,1.16451,1.00,1.25
2017.11.09 23:20:38.031,1.16447,1.1645,1.00,1.50
2017.11.09 23:20:38.532,1.16445,1.1645,1.31,4.31
2017.11.09 23:20:43.708,1.16445,1.16449,1.00,1.19
2017.11.09 23:20:44.015,1.16444,1.16447,1.00,2.62
2017.11.09 23:20:45.586,1.16444,1.16447,1.00,1.50
2017.11.09 23:20:46.115,1.16444,1.16448,1.25,1.00
2017.11.09 23:20:46.617,1.16444,1.16447,1.00,1.25
2017.11.09 23:20:58.884,1.16445,1.16448,1.25,1.50
2017.11.09 23:21:00.218,1.16445,1.16448,1.00,1.00
2017.11.09 23:21:02.526,1.16445,1.16448,1.44,1.00
2017.11.09 23:21:03.032,1.16445,1.16448,1.12,1.00
2017.11.09 23:21:19.637,1.16447,1.16449,1.25,1.00
2017.11.09 23:21:19.740,1.16448,1.16451,1.00,1.25
2017.11.09 23:21:19.792,1.16449,1.16453,1.50,1.87
2017.11.09 23:21:20.515,1.1645,1.16454,1.25,2.25
2017.11.09 23:21:21.724,1.1645,1.16454,1.25,2.25
2017.11.09 23:21:26.849,1.1645,1.16454,1.25,2.25
2017.11.09 23:21:30.147,1.16452,1.16454,1.00,2.25
2017.11.09 23:21:30.893,1.16452,1.16455,1.00,1.87
2017.11.09 23:21:31.533,1.16452,1.16455,1.00,1.01
2017.11.09 23:21:32.230,1.16452,1.16454,1.00,1.69
2017.11.09 23:21:32.384,1.1645,1.16453,1.00,1.31
2017.11.09 23:21:33.727,1.16452,1.16455,1.00,1.57
2017.11.09 23:21:34.229,1.16452,1.16455,1.00,1.57
2017.11.09 23:21:34.742,1.16452,1.16456,1.00,4.46
2017.11.09 23:21:36.544,1.16451,1.16454,1.00,2.62
2017.11.09 23:21:37.200,1.16451,1.16454,1.00,2.62
2017.11.09 23:21:37.628,1.16449,1.16453,1.00,1.31
2017.11.09 23:21:40.293,1.16448,1.1645,1.00,7.69
2017.11.09 23:21:40.396,1.16445,1.16448,3.19,1.12
2017.11.09 23:21:41.050,1.16444,1.16447,1.00,1.25
2017.11.09 23:21:43.248,1.16444,1.16446,1.00,1.25
2017.11.09 23:21:44.509,1.16443,1.16444,1.00,1.00
2017.11.09 23:21:44.611,1.1644,1.16443,2.25,1.31
2017.11.09 23:21:45.229,1.1644,1.16444,1.00,6.37
2017.11.09 23:21:47.798,1.16439,1.16441,1.00,1.00
2017.11.09 23:21:48.054,1.1644,1.16442,1.00,1.50
2017.11.09 23:21:54.929,1.1644,1.16443,1.00,6.37
2017.11.09 23:21:57.026,1.1644,1.16442,1.00,1.00
2017.11.09 23:22:03.103,1.1644,1.16443,1.00,6.94
2017.11.09 23:22:03.656,1.1644,1.16442,1.00,1.00
2017.11.09 23:22:04.275,1.1644,1.16443,1.00,6.94
2017.11.09 23:22:04.542,1.16441,1.16445,2.62,1.87
2017.11.09 23:22:04.593,1.16443,1.16445,1.50,1.00
2017.11.09 23:22:04.645,1.16445,1.16448,1.00,1.50
2017.11.09 23:22:06.608,1.16445,1.16447,1.25,1.00
2017.11.09 23:22:21.204,1.16448,1.16451,1.50,3.75
2017.11.09 23:22:21.512,1.16451,1.16452,1.00,1.00
2017.11.09 23:22:36.978,1.16451,1.16454,1.00,1.50
2017.11.09 23:22:37.787,1.1645,1.16454,1.00,1.12
2017.11.09 23:22:39.474,1.1645,1.16452,1.00,1.00
2017.11.09 23:22:40.017,1.16449,1.16452,1.00,1.00
2017.11.09 23:23:14.543,1.16449,1.16452,1.00,1.19
2017.11.09 23:23:15.074,1.16449,1.16452,1.00,1.25
2017.11.09 23:23:32.331,1.16448,1.16452,2.81,1.00
2017.11.09 23:23:39.521,1.16448,1.16454,2.06,2.62
2017.11.09 23:23:52.854,1.16448,1.16454,2.06,2.62
2017.11.09 23:23:53.413,1.16448,1.16454,2.06,2.62
2017.11.09 23:23:55.654,1.16448,1.16454,1.69,6.00
2017.11.09 23:23:55.961,1.16446,1.16451,1.50,3.75
2017.11.09 23:23:57.049,1.16447,1.16451,1.25,3.75
2017.11.09 23:23:57.588,1.16447,1.16451,1.69,1.25
2017.11.09 23:24:00.785,1.16448,1.16451,1.00,1.00
2017.11.09 23:24:04.393,1.16447,1.16451,1.25,4.50
2017.11.09 23:24:10.230,1.16445,1.1645,2.81,4.12
2017.11.09 23:24:11.881,1.16446,1.16448,1.00,1.19
2017.11.09 23:24:12.454,1.16446,1.16448,1.00,1.31
2017.11.09 23:24:18.311,1.16446,1.16448,1.00,1.44
2017.11.09 23:24:19.379,1.16445,1.16448,1.00,2.62
2017.11.09 23:24:19.686,1.16443,1.16448,1.00,9.75
2017.11.09 23:24:21.037,1.16443,1.16447,1.00,1.19
2017.11.09 23:24:21.644,1.16443,1.16447,1.00,1.25
2017.11.09 23:24:23.436,1.16443,1.16447,1.00,3.94
2017.11.09 23:24:23.955,1.16443,1.16447,1.00,2.44
2017.11.09 23:24:25.057,1.16443,1.16447,1.00,3.56
2017.11.09 23:24:28.183,1.16442,1.16444,1.12,3.00
2017.11.09 23:24:28.687,1.16442,1.16444,1.00,5.44
2017.11.09 23:24:29.406,1.16442,1.16444,1.00,2.25
2017.11.09 23:24:29.510,1.1644,1.16444,3.56,6.00
2017.11.09 23:24:30.040,1.1644,1.16444,1.00,3.56
2017.11.09 23:24:30.551,1.1644,1.16443,1.00,1.00
2017.11.09 23:24:31.357,1.16438,1.16444,4.00,6.19
2017.11.09 23:24:32.018,1.1644,1.16444,1.00,6.19
2017.11.09 23:24:32.512,1.16438,1.16442,2.44,3.37
2017.11.09 23:24:52.665,1.16438,1.16442,1.00,1.25
2017.11.09 23:25:00.564,1.16438,1.16442,1.62,1.00
2017.11.09 23:25:04.971,1.16438,1.16443,4.50,2.44
2017.11.09 23:25:05.277,1.16443,1.16448,1.12,6.75
2017.11.09 23:25:09.026,1.16444,1.16448,1.00,2.44
2017.11.09 23:25:09.798,1.16443,1.16448,5.44,1.50
2017.11.09 23:25:10.281,1.16443,1.16448,6.75,1.50
2017.11.09 23:25:25.843,1.16443,1.16448,3.56,3.56
2017.11.09 23:25:48.490,1.16443,1.16448,2.44,1.50
2017.11.09 23:25:59.276,1.16444,1.16447,1.37,1.00
2017.11.09 23:26:05.285,1.16444,1.16447,1.12,1.00
2017.11.09 23:26:09.129,1.16444,1.16448,1.12,2.25
2017.11.09 23:26:20.910,1.16444,1.16448,1.12,2.44
2017.11.09 23:26:21.456,1.16444,1.16448,1.12,2.44
2017.11.09 23:26:29.139,1.16444,1.16448,1.12,2.44
2017.11.09 23:26:41.188,1.16444,1.16448,1.87,2.25
2017.11.09 23:26:41.494,1.16447,1.16452,1.31,5.06
2017.11.09 23:26:45.129,1.16449,1.16452,1.00,3.37
2017.11.09 23:26:46.285,1.16449,1.16453,1.00,5.44
2017.11.09 23:26:46.960,1.16449,1.16453,1.00,5.62
2017.11.09 23:27:09.895,1.16448,1.16452,2.62,2.06
2017.11.09 23:27:10.202,1.16444,1.16448,2.06,1.12
2017.11.09 23:27:10.411,1.16446,1.16451,1.25,1.87
2017.11.09 23:27:17.841,1.16446,1.1645,1.25,1.37
2017.11.09 23:27:20.736,1.16446,1.1645,1.00,4.16
2017.11.09 23:27:21.289,1.16444,1.16448,1.69,1.50
2017.11.09 23:27:21.836,1.16444,1.16448,1.69,1.50
2017.11.09 23:27:24.942,1.16444,1.16448,1.69,1.31
2017.11.09 23:27:29.103,1.16445,1.16449,1.12,1.25
2017.11.09 23:27:30.044,1.16445,1.1645,1.12,6.00
2017.11.09 23:27:50.122,1.16445,1.16449,1.31,1.25
2017.11.09 23:27:58.109,1.16445,1.16449,1.31,1.44
2017.11.09 23:28:00.130,1.16445,1.16449,1.00,8.06
2017.11.09 23:28:00.670,1.16444,1.16447,1.00,2.25
2017.11.09 23:28:33.784,1.16444,1.16448,1.00,6.94
2017.11.09 23:28:40.634,1.16444,1.16447,1.00,2.25
2017.11.09 23:28:44.219,1.16442,1.16447,2.44,6.37
2017.11.09 23:28:44.740,1.16442,1.16447,1.50,10.50
2017.11.09 23:28:48.864,1.16442,1.16446,2.25,2.81
2017.11.09 23:29:06.643,1.16443,1.16447,1.00,3.19
2017.11.09 23:29:09.497,1.16442,1.16447,1.12,3.19
2017.11.09 23:29:13.010,1.16442,1.16447,1.12,3.00
2017.11.09 23:29:29.936,1.16442,1.16448,2.19,6.75
2017.11.09 23:29:33.139,1.16442,1.16448,2.06,4.12
2017.11.09 23:29:33.650,1.16442,1.16448,2.06,4.12
2017.11.09 23:29:35.001,1.16442,1.16448,2.44,4.50
2017.11.09 23:29:36.679,1.16442,1.16448,2.44,7.87
2017.11.09 23:29:39.088,1.16442,1.16448,2.44,5.44
2017.11.09 23:29:42.337,1.16442,1.16448,2.44,5.81
2017.11.09 23:29:45.128,1.16442,1.16448,2.44,3.75
2017.11.09 23:29:45.230,1.16442,1.16448,2.44,5.62
2017.11.09 23:29:50.280,1.16442,1.16448,1.69,2.62
2017.11.09 23:29:54.341,1.16442,1.16448,1.31,3.75
2017.11.09 23:29:56.140,1.16442,1.16448,2.06,4.12
2017.11.09 23:29:59.935,1.16443,1.16448,1.25,2.06
2017.11.09 23:30:00.461,1.16443,1.16448,1.19,2.25
2017.11.09 23:30:00.931,1.16442,1.16448,1.69,4.12
2017.11.09 23:30:01.474,1.16442,1.16446,1.31,1.19
2017.11.09 23:30:04.143,1.1644,1.16445,3.75,9.04
2017.11.09 23:30:04.451,1.16438,1.16443,1.87,4.87
2017.11.09 23:30:04.990,1.16438,1.16442,1.87,1.25
2017.11.09 23:30:05.821,1.16438,1.16442,1.31,1.00
2017.11.09 23:30:06.512,1.16437,1.16442,6.19,1.00
2017.11.09 23:30:09.746,1.16438,1.16442,2.62,1.31
2017.11.09 23:30:10.274,1.16438,1.16442,2.62,1.12
2017.11.09 23:30:18.351,1.16438,1.16442,1.31,1.19
2017.11.09 23:30:18.872,1.16438,1.16442,1.31,1.25
2017.11.09 23:30:32.155,1.16438,1.16442,2.81,1.12
2017.11.09 23:30:36.401,1.16438,1.1644,1.00,3.00
2017.11.09 23:30:36.735,1.16435,1.16439,1.31,1.00
2017.11.09 23:30:37.254,1.16436,1.1644,1.50,1.12
2017.11.09 23:30:55.145,1.16436,1.1644,1.69,1.25
2017.11.09 23:31:02.936,1.16436,1.1644,1.69,1.19
2017.11.09 23:31:03.534,1.16436,1.1644,3.94,1.00
2017.11.09 23:31:13.156,1.16436,1.1644,3.94,1.00
2017.11.09 23:31:15.620,1.16436,1.16441,1.69,2.81
2017.11.09 23:31:16.446,1.16436,1.16441,1.69,2.81
2017.11.09 23:31:17.029,1.16436,1.16441,1.69,2.81
2017.11.09 23:31:19.151,1.16436,1.16441,1.50,3.00
2017.11.09 23:31:36.138,1.16436,1.16441,1.50,1.50
2017.11.09 23:31:39.343,1.16435,1.1644,5.06,5.81
2017.11.09 23:31:39.497,1.16435,1.16441,2.44,6.00
2017.11.09 23:31:40.035,1.16435,1.16441,2.44,6.00
2017.11.09 23:31:40.725,1.16435,1.16441,1.69,4.50
2017.11.09 23:31:41.254,1.16436,1.16441,3.75,2.44
2017.11.09 23:31:44.098,1.16436,1.16441,3.75,1.87
2017.11.09 23:31:44.624,1.16436,1.16441,1.50,1.31
2017.11.09 23:31:46.112,1.16436,1.16441,1.50,1.50
2017.11.09 23:31:51.720,1.16436,1.16439,1.00,1.25
2017.11.09 23:31:52.284,1.16435,1.16439,1.12,1.31
2017.11.09 23:32:06.826,1.16434,1.16439,3.00,1.31
2017.11.09 23:32:08.315,1.16433,1.16437,1.87,1.19
2017.11.09 23:32:08.825,1.16432,1.16436,2.25,1.19
2017.11.09 23:32:09.457,1.16433,1.16436,1.00,1.00
2017.11.09 23:32:12.276,1.16432,1.16436,2.62,1.50
2017.11.09 23:32:13.051,1.16432,1.16436,2.25,5.44
2017.11.09 23:32:13.609,1.16431,1.16435,1.00,2.25
2017.11.09 23:32:14.965,1.16431,1.16435,1.00,1.50
2017.11.09 23:32:20.936,1.16433,1.16435,1.12,1.25
2017.11.09 23:32:21.467,1.16434,1.16436,1.00,1.31
2017.11.09 23:32:22.000,1.16433,1.16436,1.00,1.50
2017.11.09 23:32:41.771,1.16433,1.16437,1.00,1.50
2017.11.09 23:32:43.734,1.16433,1.16437,1.00,3.37
2017.11.09 23:32:50.281,1.16434,1.16437,1.00,1.25
2017.11.09 23:32:55.189,1.16434,1.16437,1.00,1.87
2017.11.09 23:32:55.718,1.16434,1.16437,1.00,1.69
2017.11.09 23:33:01.497,1.16434,1.16437,1.00,2.06
2017.11.09 23:33:02.003,1.16434,1.16437,1.00,1.87
2017.11.09 23:33:03.667,1.16434,1.16437,1.00,2.81
2017.11.09 23:33:04.967,1.16434,1.16437,1.00,2.06
2017.11.09 23:33:10.311,1.16432,1.16437,2.06,2.81
2017.11.09 23:33:11.131,1.16431,1.16437,6.37,1.69
2017.11.09 23:33:11.682,1.16432,1.16437,1.00,3.75
2017.11.09 23:33:12.213,1.16432,1.16437,1.00,3.75
2017.11.09 23:33:12.844,1.16431,1.16437,10.31,3.00
2017.11.09 23:33:14.162,1.16431,1.16437,4.12,3.37
2017.11.09 23:33:14.368,1.16431,1.16436,2.62,3.00
2017.11.09 23:33:15.056,1.16431,1.16435,1.87,1.69
2017.11.09 23:33:16.017,1.16431,1.16435,2.25,1.87
2017.11.09 23:33:16.585,1.16431,1.16436,3.75,3.19
2017.11.09 23:33:29.273,1.16431,1.16436,6.19,2.44
2017.11.09 23:34:00.534,1.16433,1.16437,1.00,1.25
2017.11.09 23:34:06.957,1.16431,1.16437,8.25,1.25
2017.11.09 23:34:09.133,1.16431,1.16437,12.19,1.25
2017.11.09 23:34:11.898,1.16432,1.16437,1.25,1.25
2017.11.09 23:34:14.942,1.16431,1.16437,7.12,1.25
2017.11.09 23:34:15.468,1.16431,1.16437,5.25,3.00
2017.11.09 23:34:15.980,1.16432,1.16437,1.50,1.69
2017.11.09 23:34:16.486,1.16432,1.16437,1.50,1.87
2017.11.09 23:34:17.029,1.16432,1.16437,1.87,1.87
2017.11.09 23:34:17.655,1.16431,1.16437,5.44,1.44
2017.11.09 23:34:18.188,1.16431,1.16437,4.50,1.44
2017.11.09 23:34:19.504,1.16431,1.16437,3.56,1.12
2017.11.09 23:34:20.676,1.16432,1.16437,1.00,1.25
2017.11.09 23:34:21.213,1.16431,1.16437,7.12,1.12
2017.11.09 23:34:24.581,1.16432,1.16437,1.25,1.12
2017.11.09 23:34:25.096,1.16431,1.16437,10.31,1.25
2017.11.09 23:34:25.641,1.16432,1.16437,1.69,1.25
2017.11.09 23:34:28.130,1.16433,1.16437,1.00,1.69
2017.11.09 23:34:32.567,1.16433,1.16437,1.00,3.37
2017.11.09 23:34:33.091,1.16433,1.16437,1.00,3.19
2017.11.09 23:34:34.531,1.16433,1.16437,1.00,3.37
2017.11.09 23:34:35.140,1.16433,1.16437,1.00,3.19
2017.11.09 23:34:35.750,1.16433,1.16437,1.00,3.37
2017.11.09 23:34:36.334,1.16433,1.16437,1.00,3.37
2017.11.09 23:34:36.963,1.16433,1.16437,1.00,3.37
2017.11.09 23:34:37.487,1.16433,1.16437,1.00,4.12
2017.11.09 23:34:38.871,1.16433,1.16437,1.00,4.12
2017.11.09 23:34:39.460,1.16433,1.16437,1.00,4.12
2017.11.09 23:34:40.144,1.16433,1.16437,1.00,4.12
2017.11.09 23:34:40.766,1.16433,1.16437,1.00,3.37
2017.11.09 23:34:42.034,1.16433,1.16437,1.00,3.37
2017.11.09 23:34:42.818,1.16433,1.16437,1.00,3.19
2017.11.09 23:34:43.668,1.16433,1.16437,1.00,3.37
2017.11.09 23:34:44.254,1.16433,1.16437,1.00,3.19
2017.11.09 23:34:46.889,1.16433,1.16437,1.00,3.37
2017.11.09 23:34:47.433,1.16433,1.16437,1.00,3.37
2017.11.09 23:34:48.846,1.16433,1.16437,1.00,3.37
2017.11.09 23:34:49.373,1.16433,1.16437,1.00,3.37
2017.11.09 23:34:51.065,1.16433,1.16437,1.00,3.37
2017.11.09 23:34:51.650,1.16433,1.16437,1.00,3.37
2017.11.09 23:34:52.746,1.16433,1.16437,1.00,3.37
2017.11.09 23:34:53.276,1.16433,1.16437,1.00,3.37
2017.11.09 23:34:54.494,1.16433,1.16437,1.00,1.87
2017.11.09 23:34:55.028,1.16433,1.16437,1.00,1.87
2017.11.09 23:34:55.680,1.16433,1.16437,1.00,1.87
2017.11.09 23:35:10.179,1.16433,1.16437,1.00,1.69
2017.11.09 23:35:11.682,1.16433,1.16437,1.00,1.87
2017.11.09 23:35:12.264,1.16433,1.16437,1.00,1.69
2017.11.09 23:35:31.426,1.16432,1.16437,1.12,2.81
2017.11.09 23:35:32.977,1.16432,1.16437,1.12,3.00
2017.11.09 23:35:33.486,1.16432,1.16437,1.12,2.81
2017.11.09 23:35:34.460,1.16432,1.16437,1.12,3.00
2017.11.09 23:35:35.003,1.16432,1.16437,1.12,2.81
2017.11.09 23:35:36.726,1.16432,1.16436,1.87,1.00
2017.11.09 23:35:44.684,1.16433,1.16436,1.00,1.00
2017.11.09 23:35:47.745,1.16432,1.16436,1.50,1.00
2017.11.09 23:35:48.962,1.16432,1.16435,1.12,1.00
2017.11.09 23:35:56.659,1.16432,1.16436,1.25,1.69
2017.11.09 23:36:16.653,1.16432,1.16435,1.00,1.00
2017.11.09 23:36:41.447,1.16431,1.16436,4.69,1.25
2017.11.09 23:36:45.518,1.16431,1.16436,5.25,1.44
2017.11.09 23:36:46.648,1.16431,1.16436,10.12,1.44
2017.11.09 23:36:51.700,1.16433,1.16436,1.00,1.87
2017.11.09 23:37:03.169,1.16433,1.16436,1.00,1.12
2017.11.09 23:37:17.941,1.16433,1.16436,1.00,2.81
2017.11.09 23:37:18.702,1.16433,1.16437,1.00,1.69
2017.11.09 23:37:20.155,1.16433,1.16437,1.00,1.87
2017.11.09 23:37:20.877,1.16433,1.16437,1.00,2.62
2017.11.09 23:37:22.818,1.16433,1.16437,1.00,3.00
2017.11.09 23:37:23.357,1.16433,1.16437,1.00,3.00
2017.11.09 23:37:23.944,1.16433,1.16437,1.00,3.00
2017.11.09 23:37:51.757,1.16431,1.16436,7.87,1.00
2017.11.09 23:37:54.187,1.16431,1.16436,9.00,1.00
2017.11.09 23:37:55.101,1.16431,1.16436,7.87,1.00
2017.11.09 23:37:55.611,1.16431,1.16437,4.50,1.25
2017.11.09 23:37:56.583,1.16431,1.16437,8.44,1.12
2017.11.09 23:37:59.599,1.16432,1.16437,2.25,2.62
2017.11.09 23:37:59.753,1.16434,1.16437,2.25,1.00
2017.11.09 23:38:00.295,1.16433,1.16438,2.25,2.81
2017.11.09 23:38:00.876,1.16434,1.16438,1.00,2.81
2017.11.09 23:38:01.398,1.16433,1.16438,2.25,3.75
2017.11.09 23:38:01.924,1.16432,1.16438,3.00,3.75
2017.11.09 23:38:06.479,1.16433,1.16438,1.00,4.87
2017.11.09 23:38:09.488,1.16432,1.16438,4.31,3.75
2017.11.09 23:38:12.178,1.16433,1.16438,1.00,4.12
2017.11.09 23:38:12.685,1.16432,1.16438,4.69,4.12
2017.11.09 23:38:13.245,1.16433,1.16438,1.00,4.12
2017.11.09 23:38:13.784,1.16432,1.16438,4.69,4.12
2017.11.09 23:38:14.301,1.16433,1.16438,1.00,4.12
2017.11.09 23:38:14.897,1.16432,1.16438,4.69,4.12
2017.11.09 23:38:15.451,1.16433,1.16438,1.00,3.75
2017.11.09 23:38:16.121,1.16432,1.16438,4.31,2.81
2017.11.09 23:38:16.628,1.16434,1.16438,1.00,2.81
2017.11.09 23:38:37.487,1.16434,1.16438,1.12,4.69
2017.11.09 23:38:50.042,1.16434,1.16438,1.00,2.62
2017.11.09 23:38:59.345,1.16434,1.16438,1.00,1.50
2017.11.09 23:38:59.894,1.16434,1.16438,1.00,1.50
2017.11.09 23:39:00.978,1.16434,1.16438,1.00,1.50
2017.11.09 23:39:02.371,1.16434,1.16437,1.00,1.19
2017.11.09 23:39:02.889,1.16434,1.16437,1.00,1.25
2017.11.09 23:39:03.677,1.16434,1.16437,1.00,1.31
2017.11.09 23:39:04.200,1.16434,1.16437,1.00,1.12
2017.11.09 23:39:04.744,1.16434,1.16437,1.00,1.31
2017.11.09 23:39:05.298,1.16434,1.16438,1.00,4.12
2017.11.09 23:39:12.184,1.16434,1.16438,1.00,2.62
2017.11.09 23:39:12.727,1.16434,1.16438,1.00,2.62
2017.11.09 23:39:16.636,1.16433,1.16438,2.44,2.62
2017.11.09 23:39:28.587,1.16433,1.16437,1.69,1.50
2017.11.09 23:39:29.116,1.16433,1.16437,2.44,1.31
2017.11.09 23:39:31.355,1.16432,1.16436,1.50,1.00
2017.11.09 23:39:31.662,1.16427,1.1643,1.00,1.44
2017.11.09 23:39:41.703,1.16426,1.1643,3.75,2.62
2017.11.09 23:39:44.294,1.16426,1.1643,2.25,1.69
2017.11.09 23:39:46.076,1.16426,1.1643,3.00,1.69
2017.11.09 23:39:48.138,1.16426,1.1643,2.25,1.69
2017.11.09 23:39:51.696,1.16426,1.1643,3.00,1.69
2017.11.09 23:39:52.536,1.16426,1.1643,1.87,2.62
2017.11.09 23:39:53.133,1.16425,1.16429,2.25,1.00
2017.11.09 23:39:55.139,1.16425,1.16429,3.00,1.44
2017.11.09 23:39:55.673,1.16424,1.16428,3.19,1.25
2017.11.09 23:40:02.637,1.16424,1.16428,2.25,1.00
2017.11.09 23:40:04.734,1.16424,1.16428,2.25,1.12
2017.11.09 23:40:05.176,1.16426,1.16428,1.00,1.00
2017.11.09 23:40:07.079,1.16425,1.16428,6.94,1.00
2017.11.09 23:40:08.171,1.16426,1.16428,1.12,1.00
2017.11.09 23:40:08.742,1.16425,1.16428,5.44,1.00
2017.11.09 23:40:09.248,1.16426,1.16428,1.12,1.00
2017.11.09 23:40:10.492,1.16425,1.16428,5.44,1.00
2017.11.09 23:40:13.022,1.16426,1.16428,1.12,1.00
2017.11.09 23:40:15.114,1.16426,1.16429,1.12,1.00
2017.11.09 23:40:15.896,1.16425,1.16429,6.19,1.00
2017.11.09 23:40:16.604,1.16426,1.16429,1.50,1.00
2017.11.09 23:40:18.557,1.16427,1.16429,1.00,1.12
2017.11.09 23:40:19.244,1.16426,1.16429,5.62,1.12
2017.11.09 23:40:23.328,1.16428,1.16429,1.00,1.12
2017.11.09 23:40:23.888,1.16427,1.16429,1.50,1.00
2017.11.09 23:40:24.597,1.16429,1.16431,1.00,1.25
2017.11.09 23:40:25.073,1.16429,1.1643,1.50,1.00
2017.11.09 23:40:25.175,1.16427,1.16429,1.50,1.00
2017.11.09 23:40:26.683,1.16426,1.16429,3.00,1.00
2017.11.09 23:40:29.263,1.16427,1.16429,1.00,1.00
2017.11.09 23:40:29.830,1.16426,1.16429,4.69,1.00
2017.11.09 23:40:30.486,1.16427,1.16429,1.00,1.00
2017.11.09 23:40:31.110,1.16426,1.16429,3.75,1.00
2017.11.09 23:40:31.602,1.16431,1.16432,1.00,4.12
2017.11.09 23:40:31.858,1.16432,1.16435,1.12,1.31
2017.11.09 23:40:31.910,1.16433,1.16436,1.12,1.25
2017.11.09 23:40:38.410,1.16433,1.16438,2.32,5.62
2017.11.09 23:40:57.763,1.16433,1.16438,2.32,4.87
2017.11.09 23:40:58.437,1.16433,1.16438,2.32,4.87
2017.11.09 23:41:00.733,1.16433,1.16438,1.57,2.62
2017.11.09 23:41:01.538,1.16433,1.16438,1.57,3.75
2017.11.09 23:41:02.322,1.16433,1.16438,1.57,3.75
2017.11.09 23:41:03.236,1.16433,1.16438,1.95,6.00
2017.11.09 23:41:06.334,1.16433,1.16438,2.32,5.44
2017.11.09 23:41:06.853,1.16433,1.16438,1.95,4.69
2017.11.09 23:41:08.526,1.16433,1.16438,3.00,5.44
2017.11.09 23:41:10.270,1.16433,1.16438,1.87,4.69
2017.11.09 23:41:10.820,1.16433,1.16438,2.62,3.56
2017.11.09 23:41:11.668,1.16433,1.16438,1.69,3.75
2017.11.09 23:41:18.299,1.16433,1.16438,3.94,5.25
2017.11.09 23:41:23.527,1.16433,1.16437,4.50,1.00
2017.11.09 23:41:24.038,1.16434,1.16438,1.12,3.75
2017.11.09 23:41:24.607,1.16434,1.16437,1.12,1.00
2017.11.09 23:41:28.800,1.16434,1.16438,1.00,3.37
2017.11.09 23:41:29.408,1.16437,1.16438,1.00,1.12
2017.11.09 23:41:29.605,1.16439,1.16441,1.00,1.25
2017.11.09 23:41:30.122,1.16439,1.16442,1.50,3.75
2017.11.09 23:41:43.003,1.16439,1.16442,1.87,1.12
2017.11.09 23:42:04.426,1.16439,1.16442,1.00,1.44
2017.11.09 23:42:04.927,1.16439,1.16442,1.00,1.12
2017.11.09 23:42:35.369,1.16438,1.16443,1.25,3.00
2017.11.09 23:42:39.594,1.16437,1.16442,4.50,2.44
2017.11.09 23:42:48.184,1.16438,1.16443,2.44,4.87
2017.11.09 23:42:49.238,1.16438,1.16443,2.25,2.81
2017.11.09 23:42:55.004,1.16438,1.16442,2.44,1.00
2017.11.09 23:42:55.563,1.16438,1.16443,2.44,2.44
2017.11.09 23:42:57.776,1.16438,1.16442,2.62,1.00
2017.11.09 23:42:58.304,1.16438,1.16443,2.62,2.62
2017.11.09 23:42:59.397,1.16438,1.16443,2.44,4.87
2017.11.09 23:42:59.933,1.16438,1.16443,2.44,4.69
2017.11.09 23:43:06.959,1.16437,1.16443,6.75,3.75
2017.11.09 23:43:10.444,1.16437,1.16443,7.12,3.00
2017.11.09 23:43:10.972,1.16437,1.16443,6.94,2.06
2017.11.09 23:43:11.614,1.16437,1.16443,7.12,2.81
2017.11.09 23:43:12.025,1.16439,1.16442,1.00,1.87
2017.11.09 23:43:13.476,1.1644,1.16442,1.00,1.31
2017.11.09 23:43:16.680,1.1644,1.16443,1.00,5.14
2017.11.09 23:43:35.398,1.16439,1.16443,1.00,1.69
2017.11.09 23:43:36.635,1.16439,1.16443,1.00,3.19
2017.11.09 23:43:40.133,1.16439,1.16443,1.00,1.69
2017.11.09 23:43:48.669,1.16439,1.16443,1.00,2.44
2017.11.09 23:44:06.525,1.16439,1.16443,1.69,1.69
2017.11.09 23:44:07.219,1.16439,1.16442,1.69,1.00
2017.11.09 23:44:17.565,1.16439,1.16443,1.00,2.81
2017.11.09 23:44:21.643,1.16439,1.16443,1.00,5.06
2017.11.09 23:44:26.090,1.16439,1.16443,1.12,5.81
2017.11.09 23:44:31.096,1.1644,1.16442,1.00,2.62
2017.11.09 23:44:50.086,1.1644,1.16442,1.00,1.50
2017.11.09 23:45:05.566,1.1644,1.16442,1.00,1.00
2017.11.09 23:45:18.755,1.16439,1.16442,1.00,2.06
2017.11.09 23:45:24.753,1.1644,1.16441,1.00,1.00
2017.11.09 23:45:25.378,1.16442,1.16444,1.00,5.44
2017.11.09 23:45:25.481,1.1644,1.16443,1.12,2.62
2017.11.09 23:45:26.105,1.1644,1.16443,1.12,1.00
2017.11.09 23:45:31.239,1.16441,1.16444,3.00,6.22
2017.11.09 23:45:31.444,1.16444,1.16446,1.00,3.19
2017.11.09 23:45:43.751,1.16444,1.16446,1.00,2.25
2017.11.09 23:45:47.163,1.16444,1.16446,1.00,1.72
2017.11.09 23:45:48.281,1.16444,1.16446,1.00,1.72
2017.11.09 23:45:51.227,1.16444,1.16446,1.00,3.60
2017.11.09 23:46:00.589,1.16445,1.16446,1.00,1.00
2017.11.09 23:46:00.640,1.16446,1.16448,1.00,1.69
2017.11.09 23:46:01.011,1.16448,1.1645,1.00,1.69
2017.11.09 23:46:01.321,1.1645,1.16452,1.50,1.00
2017.11.09 23:46:01.833,1.16451,1.16453,1.00,2.10
2017.11.09 23:46:03.335,1.16451,1.16453,1.00,2.47
2017.11.09 23:46:03.792,1.16452,1.16454,1.00,1.30
2017.11.09 23:46:03.897,1.16454,1.16455,1.00,1.12
2017.11.09 23:46:03.950,1.16456,1.16458,1.00,6.00
2017.11.09 23:46:04.498,1.16456,1.16458,1.00,1.00
2017.11.09 23:46:17.150,1.16455,1.16458,1.50,1.50
2017.11.09 23:46:17.728,1.16455,1.16458,1.25,3.22
2017.11.09 23:46:29.417,1.16454,1.16455,1.00,1.00
2017.11.09 23:46:29.522,1.16451,1.16454,1.00,1.87
2017.11.09 23:46:30.040,1.16451,1.16454,1.00,3.19
2017.11.09 23:46:30.600,1.16451,1.16455,1.12,5.81
2017.11.09 23:46:41.040,1.16452,1.16455,1.00,3.19
2017.11.09 23:46:41.683,1.16452,1.16453,1.00,1.00
2017.11.09 23:46:42.193,1.16451,1.16453,1.00,1.67
2017.11.09 23:46:51.350,1.1645,1.16453,1.00,3.04
2017.11.09 23:46:51.927,1.1645,1.16451,1.00,1.00
2017.11.09 23:46:52.633,1.16447,1.16449,2.44,2.29
2017.11.09 23:46:59.772,1.16447,1.16448,1.50,1.00
2017.11.09 23:47:00.483,1.16447,1.16449,1.50,3.94
2017.11.09 23:47:00.735,1.16446,1.16448,1.87,2.87
2017.11.09 23:47:03.841,1.16447,1.16448,1.50,1.12
2017.11.09 23:47:18.843,1.16448,1.16449,1.00,1.50
2017.11.09 23:47:19.099,1.1645,1.16452,1.00,1.25
2017.11.09 23:47:19.967,1.1645,1.16453,1.00,1.31
2017.11.09 23:47:34.895,1.16452,1.16453,1.00,1.00
2017.11.09 23:47:46.142,1.16452,1.16454,1.00,1.72
2017.11.09 23:47:50.768,1.16452,1.16453,1.00,1.30
2017.11.09 23:47:55.596,1.16451,1.16453,1.50,1.72
2017.11.09 23:48:02.131,1.16452,1.16453,1.00,1.35
2017.11.09 23:48:11.576,1.16452,1.16454,1.00,2.10
2017.11.09 23:48:12.946,1.16451,1.16452,1.00,1.00
2017.11.09 23:48:13.451,1.16452,1.16453,1.00,1.72
2017.11.09 23:48:14.002,1.16452,1.16454,1.00,4.54
2017.11.09 23:48:24.409,1.16452,1.16454,1.00,1.50
2017.11.09 23:48:25.003,1.16452,1.16454,1.00,2.10
2017.11.09 23:48:26.199,1.16451,1.16455,2.44,2.85
2017.11.09 23:48:26.251,1.16452,1.16456,1.25,3.75
2017.11.09 23:48:26.456,1.16454,1.16456,1.00,6.19
2017.11.09 23:48:29.785,1.16454,1.16456,1.00,4.69
2017.11.09 23:48:29.888,1.16454,1.16457,1.69,1.00
2017.11.09 23:48:30.419,1.16455,1.16458,1.00,3.94
2017.11.09 23:48:43.058,1.16455,1.16458,2.44,1.30
2017.11.09 23:48:48.221,1.16455,1.16458,3.19,1.30
2017.11.09 23:49:03.407,1.16457,1.16458,2.44,1.12
2017.11.09 23:49:03.561,1.16459,1.16461,1.00,1.12
2017.11.09 23:49:03.769,1.1646,1.16463,1.50,6.60
2017.11.09 23:49:04.427,1.1646,1.16463,1.00,7.50
2017.11.09 23:49:05.529,1.1646,1.16463,1.00,4.50
2017.11.09 23:49:19.409,1.1646,1.16463,1.00,6.37
2017.11.09 23:49:22.144,1.16461,1.16463,1.00,4.12
2017.11.09 23:49:22.655,1.16461,1.16463,1.00,4.72
2017.11.09 23:49:36.022,1.16462,1.16464,1.00,1.72
2017.11.09 23:49:36.125,1.16463,1.16465,1.00,3.00
2017.11.09 23:49:37.126,1.16464,1.16466,1.00,4.69
2017.11.09 23:49:37.609,1.16462,1.16464,2.44,1.50
2017.11.09 23:49:38.157,1.16462,1.16464,1.25,1.15
2017.11.09 23:49:38.690,1.16463,1.16465,1.00,1.25
2017.11.09 23:49:39.172,1.16462,1.16463,1.25,1.00
2017.11.09 23:49:39.677,1.16462,1.16464,1.00,3.90
2017.11.09 23:49:43.039,1.16462,1.16464,1.00,4.46
2017.11.09 23:49:48.033,1.16463,1.16465,1.00,4.65
2017.11.09 23:49:48.135,1.16464,1.16467,1.00,8.44
2017.11.09 23:49:50.871,1.16464,1.16465,1.00,1.00
2017.11.09 23:49:52.485,1.16464,1.16466,1.00,2.44
2017.11.09 23:49:56.210,1.16464,1.16466,1.00,2.62
2017.11.09 23:49:56.836,1.16464,1.16466,1.00,2.62
2017.11.09 23:49:58.402,1.16462,1.16464,2.06,2.06
2017.11.09 23:49:58.944,1.16461,1.16463,1.50,1.00
2017.11.09 23:50:15.163,1.16461,1.16462,1.00,1.00
2017.11.09 23:50:15.686,1.16461,1.16463,1.00,1.50
2017.11.09 23:50:16.342,1.16461,1.16462,1.00,1.00
2017.11.09 23:50:16.855,1.16461,1.16463,1.00,1.00
2017.11.09 23:50:40.194,1.16461,1.16462,1.25,1.00
2017.11.09 23:50:40.823,1.16461,1.16463,1.25,2.06
2017.11.09 23:50:46.053,1.16462,1.16464,1.00,4.50
2017.11.09 23:50:52.511,1.16462,1.16464,1.00,3.37
2017.11.09 23:50:53.153,1.16462,1.16464,1.00,3.75
2017.11.09 23:50:54.033,1.16462,1.16464,1.00,2.62
2017.11.09 23:50:54.839,1.16462,1.16464,1.00,2.81
2017.11.09 23:50:54.890,1.16463,1.16466,1.25,2.25
2017.11.09 23:50:54.942,1.16464,1.16466,1.00,1.50
2017.11.09 23:50:55.044,1.16464,1.16468,3.56,1.50
2017.11.09 23:50:55.299,1.16467,1.16469,3.37,1.50
2017.11.09 23:50:55.526,1.1647,1.16471,1.25,2.25
2017.11.09 23:50:55.783,1.16471,1.16473,1.00,6.75
2017.11.09 23:50:56.294,1.1647,1.16472,1.00,3.75
2017.11.09 23:50:56.499,1.16468,1.1647,1.69,2.19
2017.11.09 23:50:57.000,1.16468,1.1647,1.50,6.00
2017.11.09 23:50:57.551,1.16468,1.16469,1.00,1.10
2017.11.09 23:50:58.543,1.16467,1.1647,2.25,4.01
2017.11.09 23:50:59.091,1.16467,1.1647,1.69,4.35
2017.11.09 23:50:59.602,1.16467,1.16468,1.00,1.00
2017.11.09 23:51:00.241,1.16464,1.16466,3.00,3.00
2017.11.09 23:51:00.397,1.16462,1.16464,1.00,4.12
2017.11.09 23:51:00.907,1.16463,1.16464,1.50,3.97
2017.11.09 23:51:01.505,1.16462,1.16464,1.50,3.79
2017.11.09 23:51:02.136,1.16463,1.16464,1.00,3.04
2017.11.09 23:51:03.732,1.16462,1.16464,1.00,3.04
2017.11.09 23:51:04.297,1.16462,1.16464,1.50,1.87
2017.11.09 23:51:05.073,1.16462,1.16464,1.50,4.91
2017.11.09 23:51:05.799,1.16462,1.16464,1.50,4.91
2017.11.09 23:51:06.289,1.16464,1.16465,1.87,1.50
2017.11.09 23:51:06.494,1.16465,1.16468,1.69,6.94
2017.11.09 23:51:08.178,1.16466,1.16468,1.00,5.25
2017.11.09 23:51:08.484,1.16469,1.1647,1.00,6.37
2017.11.09 23:51:09.003,1.1647,1.16471,1.50,1.50
2017.11.09 23:51:09.313,1.16466,1.16468,2.44,1.00
2017.11.09 23:51:10.955,1.16465,1.16467,1.69,2.69
2017.11.09 23:51:11.006,1.16463,1.16466,4.31,4.69
2017.11.09 23:51:11.058,1.16463,1.16465,2.25,3.37
2017.11.09 23:51:13.081,1.16464,1.16465,1.00,1.16
2017.11.09 23:51:13.234,1.16465,1.16467,1.00,1.50
2017.11.09 23:51:37.348,1.16465,1.16466,1.00,1.00
2017.11.09 23:51:38.593,1.16465,1.16467,1.00,2.25
2017.11.09 23:51:48.420,1.16463,1.16464,1.50,1.87
2017.11.09 23:51:49.080,1.16463,1.16464,1.00,1.87
2017.11.09 23:51:49.883,1.16463,1.16464,1.00,1.50
2017.11.09 23:51:51.267,1.16464,1.16466,1.00,2.66
2017.11.09 23:51:51.319,1.16466,1.16468,1.00,3.00
2017.11.09 23:51:57.356,1.1647,1.16472,1.12,4.12
2017.11.09 23:51:57.510,1.16471,1.16474,1.00,5.44
2017.11.09 23:51:58.029,1.16471,1.16473,1.00,1.00
2017.11.09 23:51:58.561,1.16471,1.16474,1.00,8.53
2017.11.09 23:52:00.596,1.16471,1.16473,1.00,1.00
2017.11.09 23:52:00.970,1.16473,1.16475,1.00,1.50
2017.11.09 23:52:01.124,1.16475,1.16477,1.25,1.00
2017.11.09 23:52:01.487,1.16475,1.16478,1.25,1.50
2017.11.09 23:52:13.316,1.16479,1.1648,1.00,5.62
2017.11.09 23:52:13.470,1.16479,1.16481,2.44,1.50
2017.11.09 23:52:13.789,1.16482,1.16483,1.00,1.50
2017.11.09 23:52:13.841,1.1648,1.16483,3.37,3.00
2017.11.09 23:52:14.344,1.16481,1.16484,1.00,4.97
2017.11.09 23:52:16.231,1.1648,1.16484,4.31,4.97
2017.11.09 23:52:16.771,1.1648,1.16484,4.31,5.72
2017.11.09 23:52:17.316,1.1648,1.16483,3.94,1.50
2017.11.09 23:52:18.045,1.1648,1.16484,3.19,2.25
2017.11.09 23:52:18.623,1.1648,1.16484,3.19,2.25
2017.11.09 23:52:19.232,1.1648,1.16484,2.44,1.87
2017.11.09 23:52:19.792,1.1648,1.16481,1.12,1.50
2017.11.09 23:52:20.048,1.1648,1.16483,1.12,1.12
2017.11.09 23:52:20.730,1.1648,1.16482,1.87,1.50
2017.11.09 23:52:22.725,1.1648,1.16482,2.62,1.50
2017.11.09 23:52:27.136,1.1648,1.16481,1.87,1.00
2017.11.09 23:52:28.527,1.1648,1.16482,1.87,1.00
2017.11.09 23:52:40.385,1.1648,1.16483,1.25,1.00
2017.11.09 23:52:43.112,1.1648,1.16484,1.31,7.22
2017.11.09 23:52:43.694,1.1648,1.16483,3.56,1.12
2017.11.09 23:52:45.116,1.1648,1.16484,1.31,6.47
2017.11.09 23:52:46.109,1.1648,1.16484,1.31,7.22
2017.11.09 23:52:46.664,1.1648,1.16484,1.31,6.47
2017.11.09 23:52:48.039,1.1648,1.16484,2.06,7.22
2017.11.09 23:52:48.897,1.1648,1.16484,1.31,6.47
2017.11.09 23:52:49.622,1.1648,1.16484,1.31,7.22
2017.11.09 23:52:50.193,1.1648,1.16484,3.56,3.56
2017.11.09 23:52:50.795,1.1648,1.16483,4.31,1.00
2017.11.09 23:52:54.337,1.1648,1.16484,3.56,3.56
2017.11.09 23:52:56.135,1.1648,1.16484,4.31,3.56
2017.11.09 23:52:57.554,1.1648,1.16484,3.56,1.12
2017.11.09 23:52:58.863,1.1648,1.16484,4.31,1.87
2017.11.09 23:52:59.543,1.1648,1.16484,4.31,1.87
2017.11.09 23:53:00.134,1.1648,1.16483,3.56,1.00
2017.11.09 23:53:00.693,1.1648,1.16484,3.56,1.87
2017.11.09 23:53:02.326,1.1648,1.16484,3.94,3.37
2017.11.09 23:53:02.847,1.1648,1.16484,3.19,2.62
2017.11.09 23:53:06.034,1.1648,1.16484,5.06,3.75
2017.11.09 23:53:06.792,1.1648,1.16484,5.06,6.94
2017.11.09 23:53:07.847,1.16478,1.16479,7.12,2.66
2017.11.09 23:53:08.103,1.1648,1.16483,1.50,2.62
2017.11.09 23:53:08.794,1.1648,1.16482,1.00,1.50
2017.11.09 23:53:15.160,1.16479,1.16482,1.69,1.00
2017.11.09 23:53:16.486,1.16477,1.16478,2.25,1.12
2017.11.09 23:53:16.997,1.16476,1.16479,1.69,2.62
2017.11.09 23:53:17.534,1.16476,1.16479,2.62,3.41
2017.11.09 23:53:18.053,1.16476,1.16479,1.69,3.79
2017.11.09 23:53:18.887,1.16476,1.16479,1.69,5.25
2017.11.09 23:53:19.403,1.16476,1.16479,1.87,5.25
2017.11.09 23:53:20.629,1.16476,1.16479,2.25,5.62
2017.11.09 23:53:26.726,1.16476,1.16477,1.25,1.00
2017.11.09 23:53:27.032,1.16474,1.16476,1.25,1.00
2017.11.09 23:53:27.555,1.16473,1.16477,3.19,4.12
2017.11.09 23:53:28.133,1.16473,1.16477,2.06,5.62
2017.11.09 23:53:28.647,1.16472,1.16475,1.25,5.66
2017.11.09 23:53:29.149,1.16472,1.16474,1.25,1.12
2017.11.09 23:53:29.691,1.16472,1.16473,1.25,1.00
2017.11.09 23:53:30.252,1.16472,1.16474,1.00,3.00
2017.11.09 23:53:30.929,1.16469,1.1647,3.19,3.28
2017.11.09 23:53:31.031,1.16467,1.16468,1.69,1.50
2017.11.09 23:53:31.134,1.1647,1.16471,1.25,2.25
2017.11.09 23:53:31.288,1.1647,1.16473,2.44,3.00
2017.11.09 23:53:31.798,1.16471,1.16472,1.00,1.00
2017.11.09 23:53:33.804,1.16471,1.16473,1.00,1.50
2017.11.09 23:53:36.207,1.16471,1.16474,1.31,2.25
2017.11.09 23:53:40.067,1.16471,1.16474,1.12,1.50
2017.11.09 23:53:40.675,1.16471,1.16474,1.12,1.12
2017.11.09 23:53:44.085,1.16471,1.16474,1.12,1.87
2017.11.09 23:53:44.753,1.16471,1.16474,1.12,1.87
2017.11.09 23:53:46.312,1.16471,1.16474,1.12,4.12
2017.11.09 23:53:46.814,1.16471,1.16474,1.12,3.37
2017.11.09 23:53:50.046,1.16471,1.16474,1.12,1.37
2017.11.09 23:53:51.344,1.16471,1.16474,1.12,1.12
2017.11.09 23:53:51.447,1.16472,1.16475,1.19,1.87
2017.11.09 23:53:52.053,1.16473,1.16477,4.31,1.50
2017.11.09 23:53:55.441,1.16474,1.16478,1.00,9.37
2017.11.09 23:54:02.739,1.16474,1.16478,1.00,3.37
2017.11.09 23:54:03.727,1.16474,1.16477,1.00,1.00
2017.11.09 23:54:06.662,1.16474,1.16478,1.00,5.25
2017.11.09 23:54:09.382,1.16474,1.16477,1.00,1.00
2017.11.09 23:54:10.846,1.16474,1.16477,1.00,1.37
2017.11.09 23:54:13.530,1.16474,1.16478,1.00,7.50
2017.11.09 23:54:14.296,1.16474,1.16478,1.00,5.81
2017.11.09 23:54:15.048,1.16474,1.16477,1.00,1.00
2017.11.09 23:54:17.389,1.16473,1.16477,2.25,2.81
2017.11.09 23:54:17.969,1.16473,1.16477,1.69,1.12
2017.11.09 23:54:19.139,1.16473,1.16477,1.31,1.12
2017.11.09 23:54:22.826,1.16473,1.16478,1.87,1.87
2017.11.09 23:54:26.145,1.16473,1.16478,3.37,1.69
2017.11.09 23:54:29.949,1.16473,1.16478,3.19,2.62
2017.11.09 23:54:32.014,1.16473,1.16478,2.44,6.00
2017.11.09 23:54:32.556,1.16473,1.16476,2.44,1.00
2017.11.09 23:54:47.568,1.16473,1.16478,1.69,1.31
2017.11.09 23:54:52.042,1.16473,1.16479,2.44,7.12
2017.11.09 23:54:52.564,1.16473,1.16478,2.62,1.50
2017.11.09 23:54:54.108,1.16473,1.16479,2.62,9.19
2017.11.09 23:54:55.535,1.16473,1.16479,2.62,12.00
2017.11.09 23:54:58.135,1.16473,1.16479,2.44,8.81
2017.11.09 23:55:00.148,1.16473,1.16478,1.87,1.00
2017.11.09 23:55:00.962,1.16473,1.16477,1.69,1.00
2017.11.09 23:55:03.180,1.16473,1.16477,1.50,2.29
2017.11.09 23:55:03.703,1.16473,1.16477,1.50,1.25
2017.11.09 23:55:06.190,1.16473,1.16477,2.81,2.17
2017.11.09 23:55:26.116,1.16474,1.16478,1.25,2.44
2017.11.09 23:55:31.753,1.16475,1.16479,1.12,6.56
2017.11.09 23:55:34.004,1.16475,1.16478,1.00,1.87
2017.11.09 23:55:34.564,1.16476,1.16478,1.00,1.87
2017.11.09 23:55:34.618,1.16477,1.16479,1.69,1.00
2017.11.09 23:55:35.034,1.16474,1.16477,2.06,1.00
2017.11.09 23:55:37.017,1.16474,1.16477,2.25,1.00
2017.11.09 23:55:39.449,1.16474,1.16477,2.06,1.00
2017.11.09 23:55:52.483,1.16474,1.16476,1.00,1.12
2017.11.09 23:55:52.535,1.16472,1.16473,1.00,1.12
2017.11.09 23:55:52.639,1.1647,1.16474,6.00,5.66
2017.11.09 23:55:55.879,1.1647,1.16474,2.25,2.62
2017.11.09 23:56:14.094,1.16468,1.16472,4.31,1.00
2017.11.09 23:56:42.458,1.16468,1.16472,3.00,1.69
2017.11.09 23:57:10.449,1.16468,1.1647,3.00,1.00
2017.11.09 23:57:11.030,1.16468,1.16472,3.00,2.81
2017.11.09 23:57:36.349,1.16468,1.16472,1.19,1.25
2017.11.09 23:57:36.942,1.16468,1.16472,1.25,1.12
2017.11.09 23:57:38.340,1.16468,1.16472,1.69,1.25
2017.11.09 23:57:38.879,1.16468,1.16472,1.50,1.25
2017.11.09 23:57:42.068,1.16468,1.16472,2.62,1.25
2017.11.09 23:57:42.120,1.16468,1.1647,2.25,1.00
2017.11.09 23:57:42.222,1.16466,1.1647,3.56,3.00
2017.11.09 23:57:42.488,1.16467,1.16471,1.25,2.06
2017.11.09 23:57:44.448,1.16465,1.16469,3.37,1.37
2017.11.09 23:57:45.115,1.16465,1.16469,1.50,4.20
2017.11.09 23:57:49.643,1.16465,1.16469,1.12,5.32
2017.11.09 23:57:58.136,1.16465,1.16468,1.12,2.25
2017.11.09 23:58:01.719,1.16465,1.16469,1.00,9.64
2017.11.09 23:58:17.101,1.16463,1.16468,1.00,4.69
2017.11.09 23:58:17.786,1.16462,1.16468,4.69,3.26
2017.11.09 23:58:20.419,1.16463,1.16468,1.00,3.26
2017.11.09 23:58:21.317,1.16462,1.16467,6.94,1.10
2017.11.09 23:58:25.491,1.16462,1.16467,5.81,1.57
2017.11.09 23:58:41.331,1.16463,1.16468,1.50,6.07
2017.11.09 23:58:45.452,1.16462,1.16467,3.00,1.00
2017.11.09 23:58:48.218,1.16462,1.16467,4.12,1.50
2017.11.09 23:58:51.178,1.16462,1.16467,3.75,1.50
2017.11.09 23:58:51.330,1.16464,1.16467,1.00,1.50
2017.11.09 23:58:54.748,1.16462,1.16467,6.56,1.50
2017.11.09 23:58:55.572,1.16462,1.16467,5.62,1.87
2017.11.09 23:59:01.541,1.16462,1.16467,5.25,1.87
2017.11.09 23:59:02.218,1.16462,1.16467,8.62,1.87
2017.11.09 23:59:05.648,1.16462,1.16467,4.12,1.87
2017.11.09 23:59:06.180,1.16462,1.16467,4.12,1.87
2017.11.09 23:59:12.101,1.16463,1.16467,1.00,1.87
2017.11.09 23:59:14.751,1.16462,1.16467,4.69,1.87
2017.11.09 23:59:15.305,1.16463,1.16467,1.00,1.87
2017.11.09 23:59:21.647,1.16462,1.16467,9.19,2.62
2017.11.09 23:59:22.020,1.16462,1.16467,9.19,2.62
2017.11.09 23:59:22.662,1.16462,1.16467,9.00,1.87
2017.11.09 23:59:23.654,1.16463,1.16466,1.00,1.00
2017.11.09 23:59:26.987,1.16463,1.16466,1.69,1.00
2017.11.09 23:59:29.907,1.16463,1.16466,3.00,1.00
2017.11.09 23:59:31.260,1.16464,1.16466,1.00,1.00
2017.11.09 23:59:31.810,1.16463,1.16466,2.44,1.00
2017.11.09 23:59:32.443,1.16463,1.16466,1.69,1.50
2017.11.09 23:59:36.608,1.16463,1.16466,1.00,1.00
2017.11.09 23:59:37.150,1.16462,1.16466,1.69,1.00
2017.11.09 23:59:38.096,1.16462,1.16466,1.87,1.00
2017.11.09 23:59:42.854,1.16462,1.16466,3.37,1.00
